,CRASH DATETIME,LATITUDE,LONGITUDE,NUMBER OF PERSONS INJURED,NUMBER OF PERSONS KILLED,CONTRIBUTING FACTOR VEHICLE 1,COLLISION_ID,temperature_2m_max,temperature_2m_min,precipitation_sum,rain_sum,snowfall_sum,precipitation_hours,weather_code,wind_speed_10m_max,wind_gusts_10m_max,wind_direction_10m_dominant,Weather Description,Severity_Score,Total_Affected_Persons,Weather_Category
289,2021-06-26 10:30:00,40.600792,-73.76711,0,0,Unspecified,4456660,26.5,18.6,1.3,1.3,0.0,8.0,51,23.7,52.9,181,Drizzle: Light,0,0,
290,2021-07-01 21:00:00,40.84434,-73.91475,0,0,Unsafe Lane Changing,4456715,27.8,22.2,25.2,25.2,0.0,12.0,65,10.6,33.1,280,Rain: Heavy,0,0,
291,2021-04-16 17:55:00,40.67922,-73.90405,0,0,Unspecified,4408080,11.8,3.7,2.9,2.9,0.0,12.0,53,23.5,49.0,307,Drizzle: Moderate,0,0,
292,2021-09-11 13:10:00,40.802982,-73.93815,0,0,Driver Inattention/Distraction,4456543,24.7,12.9,0.0,0.0,0.0,0.0,3,16.6,34.2,246,Overcast,0,0,
293,2021-07-04 00:58:00,40.731544,-73.955315,1,0,Driver Inattention/Distraction,4456592,24.6,15.8,1.4,1.4,0.0,12.0,51,11.8,27.0,299,Drizzle: Light,1,1,
294,2021-09-11 02:38:00,40.683323,-73.80648,1,0,Unsafe Speed,4456140,24.7,12.9,0.0,0.0,0.0,0.0,3,16.6,34.2,246,Overcast,1,1,
295,2021-07-04 21:00:00,40.732006,-73.95795,1,0,Alcohol Involvement,4456577,24.6,15.8,1.4,1.4,0.0,12.0,51,11.8,27.0,299,Drizzle: Light,1,1,
296,2021-09-11 18:00:00,40.6544,-73.92044,1,0,Failure to Yield Right-of-Way,4456200,24.7,12.9,0.0,0.0,0.0,0.0,3,16.6,34.2,246,Overcast,1,1,
297,2021-07-02 16:45:00,40.589592,-73.786385,0,0,Unsafe Speed,4456687,24.3,19.2,29.6,29.6,0.0,23.0,63,14.1,27.7,284,Rain: Moderate,0,0,
298,2021-09-11 15:10:00,40.736164,-73.97891,0,0,Traffic Control Disregarded,4456076,24.7,12.9,0.0,0.0,0.0,0.0,3,16.6,34.2,246,Overcast,0,0,
299,2021-07-03 10:18:00,40.59723,-73.76237,1,0,Failure to Yield Right-of-Way,4456692,19.3,16.6,16.1,16.1,0.0,20.0,63,24.0,47.2,43,Rain: Moderate,1,1,
300,2021-09-11 14:40:00,40.67393,-73.999954,2,0,Driver Inattention/Distraction,4456921,24.7,12.9,0.0,0.0,0.0,0.0,3,16.6,34.2,246,Overcast,2,2,
301,2021-09-11 02:00:00,40.840153,-73.88572,0,0,Unsafe Speed,4456350,24.7,12.9,0.0,0.0,0.0,0.0,3,16.6,34.2,246,Overcast,0,0,
302,2021-09-11 23:00:00,40.599503,-74.067116,0,0,Unspecified,4456751,24.7,12.9,0.0,0.0,0.0,0.0,3,16.6,34.2,246,Overcast,0,0,
303,2021-07-04 08:00:00,40.822456,-73.868065,0,0,Unspecified,4456619,24.6,15.8,1.4,1.4,0.0,12.0,51,11.8,27.0,299,Drizzle: Light,0,0,
304,2021-09-11 15:30:00,40.59841,-73.97592,0,0,Driver Inattention/Distraction,4456001,24.7,12.9,0.0,0.0,0.0,0.0,3,16.6,34.2,246,Overcast,0,0,
305,2021-09-11 14:30:00,40.697083,-73.85476,0,0,Passing Too Closely,4456560,24.7,12.9,0.0,0.0,0.0,0.0,3,16.6,34.2,246,Overcast,0,0,
306,2021-07-08 06:00:00,40.896385,-73.87246,0,0,Turning Improperly,4456632,28.3,21.3,15.2,15.2,0.0,12.0,63,16.9,48.2,125,Rain: Moderate,0,0,
307,2021-08-11 00:01:00,40.695637,-73.80372,0,0,Unsafe Speed,4456853,31.2,23.2,2.8,2.8,0.0,7.0,55,23.7,44.6,206,Drizzle: Dense,0,0,
308,2021-09-11 09:30:00,40.69982,-73.996254,0,0,Passing Too Closely,4456250,24.7,12.9,0.0,0.0,0.0,0.0,3,16.6,34.2,246,Overcast,0,0,
309,2021-09-11 16:40:00,40.590313,-74.09794,0,0,Passing or Lane Usage Improper,4456750,24.7,12.9,0.0,0.0,0.0,0.0,3,16.6,34.2,246,Overcast,0,0,
310,2021-09-11 18:05:00,40.787544,-73.82394,0,0,Failure to Yield Right-of-Way,4456089,24.7,12.9,0.0,0.0,0.0,0.0,3,16.6,34.2,246,Overcast,0,0,
311,2021-09-11 02:00:00,40.67539,-73.88113,0,0,Driver Inattention/Distraction,4456279,24.7,12.9,0.0,0.0,0.0,0.0,3,16.6,34.2,246,Overcast,0,0,
312,2021-09-07 08:03:00,40.634007,-74.07516,1,0,Driver Inattention/Distraction,4456768,25.9,15.2,0.0,0.0,0.0,0.0,1,12.5,25.6,259,Mainly clear,1,1,Sunny/Clear Conditions
313,2021-09-11 13:53:00,40.73844,-73.88628,0,0,Backing Unsafely,4456183,24.7,12.9,0.0,0.0,0.0,0.0,3,16.6,34.2,246,Overcast,0,0,
314,2021-07-08 11:50:00,40.60855,-74.13216,2,0,Driver Inattention/Distraction,4456582,28.3,21.3,15.2,15.2,0.0,12.0,63,16.9,48.2,125,Rain: Moderate,2,2,
315,2021-09-11 14:00:00,40.58573,-74.16865,0,0,Driver Inattention/Distraction,4456789,24.7,12.9,0.0,0.0,0.0,0.0,3,16.6,34.2,246,Overcast,0,0,
316,2021-09-11 07:09:00,40.599907,-73.94664,1,0,Unspecified,4455757,24.7,12.9,0.0,0.0,0.0,0.0,3,16.6,34.2,246,Overcast,1,1,
317,2021-07-08 15:40:00,40.806713,-73.93782,0,0,Driver Inexperience,4456604,28.3,21.3,15.2,15.2,0.0,12.0,63,16.9,48.2,125,Rain: Moderate,0,0,
318,2021-09-07 03:00:00,40.748318,-73.87742,1,0,Driver Inattention/Distraction,4457032,25.9,15.2,0.0,0.0,0.0,0.0,1,12.5,25.6,259,Mainly clear,1,1,Sunny/Clear Conditions
319,2021-07-05 06:00:00,40.68651,-73.76815,0,0,Other Vehicular,4456651,26.4,17.3,0.7,0.7,0.0,2.0,53,18.8,34.6,142,Drizzle: Moderate,0,0,
320,2021-09-10 19:15:00,40.624203,-74.177124,0,0,Passing or Lane Usage Improper,4456537,22.9,16.0,0.0,0.0,0.0,0.0,3,24.2,47.2,314,Overcast,0,0,
321,2021-07-06 09:37:00,40.744526,-73.77161,2,0,Driver Inattention/Distraction,4456646,33.6,21.9,2.1,2.1,0.0,4.0,61,21.8,49.7,231,Rain: Light,2,2,
322,2021-07-01 15:30:00,40.576965,-74.16974,0,0,Driver Inattention/Distraction,4456631,27.8,22.2,25.2,25.2,0.0,12.0,65,10.6,33.1,280,Rain: Heavy,0,0,
323,2021-07-07 18:04:00,40.8502,-73.8302,1,0,Following Too Closely,4456572,31.4,22.2,1.4,1.4,0.0,6.0,53,17.4,37.8,213,Drizzle: Moderate,1,1,
324,2021-09-08 17:40:00,40.715477,-73.998085,0,0,Driver Inattention/Distraction,4456851,26.4,19.6,0.7,0.7,0.0,6.0,51,26.7,55.8,187,Drizzle: Light,0,0,
325,2021-09-11 07:33:00,40.611477,-73.94883,1,0,Unspecified,4455822,24.7,12.9,0.0,0.0,0.0,0.0,3,16.6,34.2,246,Overcast,1,1,
326,2021-07-08 11:50:00,40.681515,-73.90412,1,0,Passing or Lane Usage Improper,4456587,28.3,21.3,15.2,15.2,0.0,12.0,63,16.9,48.2,125,Rain: Moderate,1,1,
327,2021-09-11 08:00:00,40.61578,-73.99995,0,0,Driver Inattention/Distraction,4455993,24.7,12.9,0.0,0.0,0.0,0.0,3,16.6,34.2,246,Overcast,0,0,
328,2021-09-08 08:43:00,40.82207,-73.94993,1,0,Driver Inattention/Distraction,4456721,26.4,19.6,0.7,0.7,0.0,6.0,51,26.7,55.8,187,Drizzle: Light,1,1,
329,2021-09-11 23:00:00,40.74606,-73.85583,0,0,Unspecified,4456186,24.7,12.9,0.0,0.0,0.0,0.0,3,16.6,34.2,246,Overcast,0,0,
330,2021-09-09 12:00:00,40.72013,-73.79038,1,0,Unspecified,4456819,22.4,19.8,18.4,18.4,0.0,15.0,63,17.5,39.2,271,Rain: Moderate,1,1,
331,2021-07-07 17:13:00,40.688435,-73.78765,1,0,Driver Inattention/Distraction,4456609,31.4,22.2,1.4,1.4,0.0,6.0,53,17.4,37.8,213,Drizzle: Moderate,1,1,
332,2021-09-11 18:03:00,40.84964,-73.89661,2,0,Failure to Yield Right-of-Way,4456078,24.7,12.9,0.0,0.0,0.0,0.0,3,16.6,34.2,246,Overcast,2,2,
333,2021-09-09 17:00:00,40.68329,-73.85491,0,0,Driver Inexperience,4456529,22.4,19.8,18.4,18.4,0.0,15.0,63,17.5,39.2,271,Rain: Moderate,0,0,
334,2021-09-08 18:13:00,40.812912,-73.95364,0,0,Driver Inexperience,4456726,26.4,19.6,0.7,0.7,0.0,6.0,51,26.7,55.8,187,Drizzle: Light,0,0,
335,2021-09-11 20:50:00,40.6639,-73.7804,0,0,Passing or Lane Usage Improper,4456558,24.7,12.9,0.0,0.0,0.0,0.0,3,16.6,34.2,246,Overcast,0,0,
336,2021-07-05 00:16:00,40.59312,-73.772705,0,0,Driver Inexperience,4456705,26.4,17.3,0.7,0.7,0.0,2.0,53,18.8,34.6,142,Drizzle: Moderate,0,0,
337,2021-06-29 16:26:00,40.596687,-73.74422,0,0,Following Too Closely,4456673,33.4,24.0,0.7,0.7,0.0,4.0,51,19.5,40.0,231,Drizzle: Light,0,0,
338,2021-07-08 08:50:00,40.673107,-73.99959,0,0,Unsafe Lane Changing,4456599,28.3,21.3,15.2,15.2,0.0,12.0,63,16.9,48.2,125,Rain: Moderate,0,0,
339,2021-07-09 10:38:00,40.63874,-73.8952,1,0,Tinted Windows,4456688,29.8,22.0,35.0,35.0,0.0,14.0,63,31.0,55.8,341,Rain: Moderate,1,1,
340,2021-09-11 17:45:00,40.675255,-73.73207,0,0,Driver Inattention/Distraction,4455904,24.7,12.9,0.0,0.0,0.0,0.0,3,16.6,34.2,246,Overcast,0,0,
341,2021-09-11 01:30:00,40.846313,-73.92385,0,0,Passing Too Closely,4455927,24.7,12.9,0.0,0.0,0.0,0.0,3,16.6,34.2,246,Overcast,0,0,
342,2021-09-11 02:00:00,40.608364,-73.95727,1,0,Driver Inattention/Distraction,4456395,24.7,12.9,0.0,0.0,0.0,0.0,3,16.6,34.2,246,Overcast,1,1,
343,2021-07-08 23:25:00,40.682724,-73.88539,0,0,Driver Inattention/Distraction,4456636,28.3,21.3,15.2,15.2,0.0,12.0,63,16.9,48.2,125,Rain: Moderate,0,0,
344,2021-09-11 01:20:00,40.80789,-73.852844,0,0,Aggressive Driving/Road Rage,4456036,24.7,12.9,0.0,0.0,0.0,0.0,3,16.6,34.2,246,Overcast,0,0,
345,2021-09-10 00:00:00,40.607754,-74.13205,1,0,Failure to Yield Right-of-Way,4456785,22.9,16.0,0.0,0.0,0.0,0.0,3,24.2,47.2,314,Overcast,1,1,
346,2021-09-10 11:17:00,40.708324,-73.84314,1,0,Following Too Closely,4456764,22.9,16.0,0.0,0.0,0.0,0.0,3,24.2,47.2,314,Overcast,1,1,
347,2021-09-10 17:08:00,40.79194,-73.95281,1,0,Unspecified,4456791,22.9,16.0,0.0,0.0,0.0,0.0,3,24.2,47.2,314,Overcast,1,1,
348,2021-07-08 17:55:00,40.718792,-73.98902,1,0,Driver Inattention/Distraction,4456614,28.3,21.3,15.2,15.2,0.0,12.0,63,16.9,48.2,125,Rain: Moderate,1,1,
349,2021-09-11 13:35:00,40.86463,-73.892136,0,0,Driver Inattention/Distraction,4455863,24.7,12.9,0.0,0.0,0.0,0.0,3,16.6,34.2,246,Overcast,0,0,
350,2021-09-11 00:50:00,40.67856,-73.889015,0,0,Fell Asleep,4456313,24.7,12.9,0.0,0.0,0.0,0.0,3,16.6,34.2,246,Overcast,0,0,
351,2021-09-11 03:00:00,40.721474,-73.98383,0,0,Passing Too Closely,4456409,24.7,12.9,0.0,0.0,0.0,0.0,3,16.6,34.2,246,Overcast,0,0,
352,2021-09-11 04:41:00,40.79184,-73.93556,0,0,Unspecified,4455916,24.7,12.9,0.0,0.0,0.0,0.0,3,16.6,34.2,246,Overcast,0,0,
353,2021-09-11 21:05:00,40.78076,-73.825424,0,0,Passing or Lane Usage Improper,4456096,24.7,12.9,0.0,0.0,0.0,0.0,3,16.6,34.2,246,Overcast,0,0,
354,2021-09-11 20:59:00,40.7359,-73.91338,0,0,Driver Inattention/Distraction,4456878,24.7,12.9,0.0,0.0,0.0,0.0,3,16.6,34.2,246,Overcast,0,0,
355,2021-09-10 21:03:00,40.710697,-73.984634,1,0,Unspecified,4456953,22.9,16.0,0.0,0.0,0.0,0.0,3,24.2,47.2,314,Overcast,1,1,
356,2021-09-10 14:35:00,40.760777,-73.95702,1,0,Following Too Closely,4456522,22.9,16.0,0.0,0.0,0.0,0.0,3,24.2,47.2,314,Overcast,1,1,
357,2021-06-26 17:23:00,40.81358,-73.89385,0,0,Unspecified,4456700,26.5,18.6,1.3,1.3,0.0,8.0,51,23.7,52.9,181,Drizzle: Light,0,0,
358,2021-09-11 23:18:00,40.575302,-73.98453,1,0,Passing or Lane Usage Improper,4456023,24.7,12.9,0.0,0.0,0.0,0.0,3,16.6,34.2,246,Overcast,1,1,
359,2021-09-10 13:10:00,40.66843,-73.91919,0,0,Driver Inattention/Distraction,4456810,22.9,16.0,0.0,0.0,0.0,0.0,3,24.2,47.2,314,Overcast,0,0,
360,2021-09-11 15:45:00,40.81701,-73.9595,0,0,Unspecified,4456105,24.7,12.9,0.0,0.0,0.0,0.0,3,16.6,34.2,246,Overcast,0,0,
361,2021-07-08 16:00:00,40.85755,-73.882835,0,0,Backing Unsafely,4456668,28.3,21.3,15.2,15.2,0.0,12.0,63,16.9,48.2,125,Rain: Moderate,0,0,
362,2021-09-02 19:56:00,40.89711,-73.88008,0,0,Unspecified,4456867,24.5,15.0,24.6,24.6,0.0,5.0,65,43.0,83.5,344,Rain: Heavy,0,0,
363,2021-09-11 15:45:00,40.685795,-73.911644,0,0,Following Too Closely,4456988,24.7,12.9,0.0,0.0,0.0,0.0,3,16.6,34.2,246,Overcast,0,0,
364,2021-09-07 22:30:00,40.69305,-73.799446,0,0,Driver Inattention/Distraction,4456859,25.9,15.2,0.0,0.0,0.0,0.0,1,12.5,25.6,259,Mainly clear,0,0,Sunny/Clear Conditions
365,2021-06-25 14:35:00,40.609535,-73.75372,0,0,Unspecified,4456663,24.7,15.6,0.0,0.0,0.0,0.0,3,20.9,41.0,144,Overcast,0,0,
366,2021-07-08 18:40:00,40.720627,-74.00522,0,0,Unsafe Lane Changing,4456624,28.3,21.3,15.2,15.2,0.0,12.0,63,16.9,48.2,125,Rain: Moderate,0,0,
367,2021-07-04 04:00:00,40.763496,-73.87814,1,0,Unspecified,4456563,24.6,15.8,1.4,1.4,0.0,12.0,51,11.8,27.0,299,Drizzle: Light,1,1,
368,2021-07-08 21:19:00,40.686646,-73.849075,1,0,Unsafe Speed,4456656,28.3,21.3,15.2,15.2,0.0,12.0,63,16.9,48.2,125,Rain: Moderate,1,1,
369,2021-09-11 15:01:00,40.579445,-73.9544,0,0,Driver Inattention/Distraction,4456388,24.7,12.9,0.0,0.0,0.0,0.0,3,16.6,34.2,246,Overcast,0,0,
370,2021-09-10 19:00:00,40.762966,-73.973976,0,0,Driver Inattention/Distraction,4456757,22.9,16.0,0.0,0.0,0.0,0.0,3,24.2,47.2,314,Overcast,0,0,
371,2021-09-11 00:20:00,40.76555,-73.83911,3,0,Driver Inexperience,4455827,24.7,12.9,0.0,0.0,0.0,0.0,3,16.6,34.2,246,Overcast,3,3,
372,2021-09-10 10:55:00,40.779602,-73.95553,0,0,Backing Unsafely,4456511,22.9,16.0,0.0,0.0,0.0,0.0,3,24.2,47.2,314,Overcast,0,0,
373,2021-09-11 01:39:00,40.553192,-74.164345,0,0,Unsafe Speed,4456741,24.7,12.9,0.0,0.0,0.0,0.0,3,16.6,34.2,246,Overcast,0,0,
374,2021-09-11 18:16:00,40.836094,-73.883995,0,0,Failure to Yield Right-of-Way,4455973,24.7,12.9,0.0,0.0,0.0,0.0,3,16.6,34.2,246,Overcast,0,0,
375,2021-07-08 12:58:00,40.59692,-73.94122,0,0,Unspecified,4456695,28.3,21.3,15.2,15.2,0.0,12.0,63,16.9,48.2,125,Rain: Moderate,0,0,
376,2021-09-11 22:30:00,40.62318,-73.98611,0,0,Unspecified,4456420,24.7,12.9,0.0,0.0,0.0,0.0,3,16.6,34.2,246,Overcast,0,0,
377,2021-09-11 18:55:00,40.67562,-73.88826,0,0,Unspecified,4456317,24.7,12.9,0.0,0.0,0.0,0.0,3,16.6,34.2,246,Overcast,0,0,
378,2021-09-07 12:42:00,40.80609,-73.95414,0,0,Unsafe Speed,4456781,25.9,15.2,0.0,0.0,0.0,0.0,1,12.5,25.6,259,Mainly clear,0,0,Sunny/Clear Conditions
379,2021-09-10 17:39:00,40.87739,-73.8665,1,0,Unsafe Lane Changing,4457006,22.9,16.0,0.0,0.0,0.0,0.0,3,24.2,47.2,314,Overcast,1,1,
380,2021-09-11 19:20:00,40.689133,-73.951324,0,0,Driver Inattention/Distraction,4456149,24.7,12.9,0.0,0.0,0.0,0.0,3,16.6,34.2,246,Overcast,0,0,
381,2021-06-30 19:20:00,40.83604,-73.92222,0,0,Passing or Lane Usage Improper,4456667,35.2,24.9,0.1,0.1,0.0,1.0,51,20.6,37.1,246,Drizzle: Light,0,0,
382,2021-09-10 20:19:00,40.76649,-73.95696,0,0,Driver Inattention/Distraction,4456885,22.9,16.0,0.0,0.0,0.0,0.0,3,24.2,47.2,314,Overcast,0,0,
383,2021-07-08 13:26:00,40.731613,-73.9545,1,0,Pedestrian/Bicyclist/Other Pedestrian Error/Confusion,4456595,28.3,21.3,15.2,15.2,0.0,12.0,63,16.9,48.2,125,Rain: Moderate,1,1,
384,2021-09-11 08:45:00,40.708324,-74.00311,0,0,Driver Inattention/Distraction,4456980,24.7,12.9,0.0,0.0,0.0,0.0,3,16.6,34.2,246,Overcast,0,0,
385,2021-09-11 19:00:00,40.65375,-73.931274,0,0,Unsafe Speed,4456203,24.7,12.9,0.0,0.0,0.0,0.0,3,16.6,34.2,246,Overcast,0,0,
386,2021-07-01 08:10:00,40.60675,-73.756645,0,0,Passing Too Closely,4456678,27.8,22.2,25.2,25.2,0.0,12.0,65,10.6,33.1,280,Rain: Heavy,0,0,
387,2022-03-25 09:55:00,40.743534,-73.93951,0,0,Driver Inattention/Distraction,4514217,15.6,5.3,5.7,5.7,0.0,4.0,63,27.6,52.2,274,Rain: Moderate,0,0,
388,2021-09-01 19:30:00,40.678364,-73.77949,1,0,Failure to Yield Right-of-Way,4456903,23.2,18.4,121.7,121.7,0.0,18.0,65,43.2,78.5,42,Rain: Heavy,1,1,
389,2021-09-10 15:20:00,40.724274,-74.01136,1,0,Driver Inattention/Distraction,4456982,22.9,16.0,0.0,0.0,0.0,0.0,3,24.2,47.2,314,Overcast,1,1,
390,2021-09-11 14:34:00,40.8188,-73.956024,0,0,Driver Inexperience,4456104,24.7,12.9,0.0,0.0,0.0,0.0,3,16.6,34.2,246,Overcast,0,0,
391,2021-09-10 09:00:00,40.69558,-73.788704,0,0,Driver Inattention/Distraction,4456860,22.9,16.0,0.0,0.0,0.0,0.0,3,24.2,47.2,314,Overcast,0,0,
392,2021-09-11 03:25:00,40.80484,-73.912796,0,0,Unspecified,4456454,24.7,12.9,0.0,0.0,0.0,0.0,3,16.6,34.2,246,Overcast,0,0,
393,2021-09-11 01:00:00,40.658466,-73.96049,0,0,Driver Inattention/Distraction,4455840,24.7,12.9,0.0,0.0,0.0,0.0,3,16.6,34.2,246,Overcast,0,0,
394,2021-09-11 11:25:00,40.868164,-73.90054,1,0,Driver Inattention/Distraction,4456235,24.7,12.9,0.0,0.0,0.0,0.0,3,16.6,34.2,246,Overcast,1,1,
395,2021-09-11 21:30:00,40.66169,-73.96143,2,0,Driver Inexperience,4455935,24.7,12.9,0.0,0.0,0.0,0.0,3,16.6,34.2,246,Overcast,2,2,
396,2021-07-09 12:30:00,40.87037,-73.87052,1,0,Driver Inattention/Distraction,4456710,29.8,22.0,35.0,35.0,0.0,14.0,63,31.0,55.8,341,Rain: Moderate,1,1,
397,2021-09-05 21:18:00,40.69674,-73.76292,5,0,Unspecified,4457021,24.5,16.9,1.0,1.0,0.0,6.0,51,15.5,42.5,204,Drizzle: Light,5,5,
398,2021-09-11 03:00:00,40.65958,-73.89247,0,0,Driver Inattention/Distraction,4456296,24.7,12.9,0.0,0.0,0.0,0.0,3,16.6,34.2,246,Overcast,0,0,
399,2021-09-11 11:30:00,40.83232,-73.87395,3,0,Unsafe Speed,4456043,24.7,12.9,0.0,0.0,0.0,0.0,3,16.6,34.2,246,Overcast,3,3,
400,2021-09-11 21:35:00,40.708534,-73.914925,0,0,Unspecified,4456227,24.7,12.9,0.0,0.0,0.0,0.0,3,16.6,34.2,246,Overcast,0,0,
401,2021-07-08 16:04:00,40.777496,-73.90784,0,0,Unspecified,4456682,28.3,21.3,15.2,15.2,0.0,12.0,63,16.9,48.2,125,Rain: Moderate,0,0,
402,2021-07-02 14:00:00,40.83406,-73.944885,1,0,Driver Inattention/Distraction,4456576,24.3,19.2,29.6,29.6,0.0,23.0,63,14.1,27.7,284,Rain: Moderate,1,1,
403,2021-09-11 23:20:00,40.66615,-73.80575,1,0,Following Too Closely,4456134,24.7,12.9,0.0,0.0,0.0,0.0,3,16.6,34.2,246,Overcast,1,1,
404,2021-07-08 15:15:00,40.82324,-73.938835,0,0,Passing Too Closely,4456605,28.3,21.3,15.2,15.2,0.0,12.0,63,16.9,48.2,125,Rain: Moderate,0,0,
405,2021-07-09 12:22:00,40.6974,-73.80952,0,0,Failure to Yield Right-of-Way,4456699,29.8,22.0,35.0,35.0,0.0,14.0,63,31.0,55.8,341,Rain: Moderate,0,0,
406,2021-07-09 03:25:00,40.67897,-73.75985,0,0,Traffic Control Disregarded,4456650,29.8,22.0,35.0,35.0,0.0,14.0,63,31.0,55.8,341,Rain: Moderate,0,0,
407,2021-09-11 02:05:00,40.590313,-74.09794,0,0,Animals Action,4456752,24.7,12.9,0.0,0.0,0.0,0.0,3,16.6,34.2,246,Overcast,0,0,
408,2021-07-09 00:00:00,40.654343,-73.864204,0,0,Passing Too Closely,4456637,29.8,22.0,35.0,35.0,0.0,14.0,63,31.0,55.8,341,Rain: Moderate,0,0,
409,2021-09-11 15:30:00,40.62782,-74.12126,0,0,Driver Inattention/Distraction,4456769,24.7,12.9,0.0,0.0,0.0,0.0,3,16.6,34.2,246,Overcast,0,0,
410,2021-09-10 21:27:00,40.592037,-74.15436,2,0,Driver Inattention/Distraction,4456786,22.9,16.0,0.0,0.0,0.0,0.0,3,24.2,47.2,314,Overcast,2,2,
411,2021-09-08 10:10:00,40.79293,-73.950005,1,0,Pedestrian/Bicyclist/Other Pedestrian Error/Confusion,4456798,26.4,19.6,0.7,0.7,0.0,6.0,51,26.7,55.8,187,Drizzle: Light,1,1,
412,2021-09-11 10:00:00,40.8452,-73.916885,1,0,Reaction to Uninvolved Vehicle,4456410,24.7,12.9,0.0,0.0,0.0,0.0,3,16.6,34.2,246,Overcast,1,1,
413,2021-09-11 07:58:00,40.72609,-73.830154,0,0,Driver Inattention/Distraction,4455912,24.7,12.9,0.0,0.0,0.0,0.0,3,16.6,34.2,246,Overcast,0,0,
414,2021-09-11 16:25:00,40.76092,-73.96704,0,0,Driver Inattention/Distraction,4455917,24.7,12.9,0.0,0.0,0.0,0.0,3,16.6,34.2,246,Overcast,0,0,
415,2019-05-21 22:50:00,40.69754,-73.98312,0,0,Passing or Lane Usage Improper,4136992,19.7,12.2,0.0,0.0,0.0,0.0,3,26.5,50.4,317,Overcast,0,0,
416,2021-02-26 14:50:00,40.843464,-73.836,0,0,Unspecified,4395664,6.5,-3.4,0.0,0.0,0.0,0.0,3,14.9,27.0,199,Overcast,0,0,
417,2021-03-09 11:00:00,40.692547,-73.990974,1,0,Following Too Closely,4397513,15.7,0.1,0.0,0.0,0.0,0.0,3,21.4,41.8,273,Overcast,1,1,
418,2021-03-31 22:20:00,40.626457,-73.918,1,0,Driver Inexperience,4403773,16.4,7.2,12.0,12.0,0.0,10.0,61,27.4,51.1,173,Rain: Light,1,1,
419,2021-04-06 22:58:00,40.526894,-74.16728,7,0,Failure to Yield Right-of-Way,4405244,18.3,4.8,0.0,0.0,0.0,0.0,1,21.9,38.9,319,Mainly clear,7,7,Sunny/Clear Conditions
420,2021-04-09 14:45:00,40.840775,-73.87246,1,0,Driver Inattention/Distraction,4405914,13.4,5.7,0.0,0.0,0.0,0.0,3,15.7,33.8,146,Overcast,1,1,
421,2021-04-14 11:00:00,40.694035,-73.72679,1,0,Brakes Defective,4407366,19.7,5.4,0.0,0.0,0.0,0.0,3,20.8,39.6,227,Overcast,1,1,
422,2021-04-15 13:30:00,40.857365,-73.84657,0,0,Following Too Closely,4407778,12.9,7.7,15.9,15.9,0.0,15.0,63,17.3,32.0,166,Rain: Moderate,0,0,
423,2021-04-14 14:40:00,40.698807,-73.91837,0,0,Passing Too Closely,4407461,19.7,5.4,0.0,0.0,0.0,0.0,3,20.8,39.6,227,Overcast,0,0,
424,2021-04-14 21:43:00,40.71402,-73.74827,0,0,Turning Improperly,4407407,19.7,5.4,0.0,0.0,0.0,0.0,3,20.8,39.6,227,Overcast,0,0,
425,2021-04-16 17:40:00,40.815,-73.89402,0,0,Unspecified,4407900,11.8,3.7,2.9,2.9,0.0,12.0,53,23.5,49.0,307,Drizzle: Moderate,0,0,
426,2021-04-16 00:50:00,40.55079,-74.20098,0,0,Driver Inexperience,4407760,11.8,3.7,2.9,2.9,0.0,12.0,53,23.5,49.0,307,Drizzle: Moderate,0,0,
427,2021-04-15 10:30:00,40.655903,-73.89817,0,0,Unspecified,4407746,12.9,7.7,15.9,15.9,0.0,15.0,63,17.3,32.0,166,Rain: Moderate,0,0,
428,2021-04-16 16:35:00,40.890076,-73.819855,2,0,Unsafe Speed,4408143,11.8,3.7,2.9,2.9,0.0,12.0,53,23.5,49.0,307,Drizzle: Moderate,2,2,
429,2021-04-15 17:20:00,40.650402,-73.89422,1,0,Following Too Closely,4407638,12.9,7.7,15.9,15.9,0.0,15.0,63,17.3,32.0,166,Rain: Moderate,1,1,
430,2021-04-16 21:20:00,40.79335,-73.97275,0,0,Backing Unsafely,4407958,11.8,3.7,2.9,2.9,0.0,12.0,53,23.5,49.0,307,Drizzle: Moderate,0,0,
431,2021-04-16 17:20:00,40.72538,-74.00011,0,0,Driver Inattention/Distraction,4407885,11.8,3.7,2.9,2.9,0.0,12.0,53,23.5,49.0,307,Drizzle: Moderate,0,0,
432,2021-04-15 14:30:00,40.75184,-73.90358,0,0,Driver Inattention/Distraction,4407616,12.9,7.7,15.9,15.9,0.0,15.0,63,17.3,32.0,166,Rain: Moderate,0,0,
433,2021-09-11 22:57:00,40.755516,-73.961105,2,0,Unsafe Speed,4456355,24.7,12.9,0.0,0.0,0.0,0.0,3,16.6,34.2,246,Overcast,2,2,
434,2021-04-16 23:20:00,40.649788,-73.9622,3,0,Unspecified,4408038,11.8,3.7,2.9,2.9,0.0,12.0,53,23.5,49.0,307,Drizzle: Moderate,3,3,
435,2021-04-16 18:15:00,40.686928,-73.920815,0,0,Driver Inattention/Distraction,4408224,11.8,3.7,2.9,2.9,0.0,12.0,53,23.5,49.0,307,Drizzle: Moderate,0,0,