,CRASH DATETIME,LATITUDE,LONGITUDE,NUMBER OF PERSONS INJURED,NUMBER OF PERSONS KILLED,CONTRIBUTING FACTOR VEHICLE 1,COLLISION_ID,temperature_2m_max,temperature_2m_min,precipitation_sum,rain_sum,snowfall_sum,precipitation_hours,weather_code,wind_speed_10m_max,wind_gusts_10m_max,wind_direction_10m_dominant,Weather Description,Severity_Score,Total_Affected_Persons,Weather_Category
436,2021-04-14 13:00:00,40.712963,-73.93647,0,0,Passing or Lane Usage Improper,4407392,19.7,5.4,0.0,0.0,0.0,0.0,3,20.8,39.6,227,Overcast,0,0,
437,2021-06-30 11:47:00,40.694294,-73.74868,0,0,Passing Too Closely,4456603,35.2,24.9,0.1,0.1,0.0,1.0,51,20.6,37.1,246,Drizzle: Light,0,0,
438,2021-04-14 20:14:00,40.801285,-73.95394,0,0,Driver Inattention/Distraction,4407765,19.7,5.4,0.0,0.0,0.0,0.0,3,20.8,39.6,227,Overcast,0,0,
439,2021-04-14 15:16:00,40.633976,-74.02211,1,0,Passing Too Closely,4407821,19.7,5.4,0.0,0.0,0.0,0.0,3,20.8,39.6,227,Overcast,1,1,
440,2021-04-15 19:30:00,40.670296,-73.997604,0,0,Unspecified,4407971,12.9,7.7,15.9,15.9,0.0,15.0,63,17.3,32.0,166,Rain: Moderate,0,0,
441,2021-04-16 13:15:00,40.66423,-73.919106,0,0,View Obstructed/Limited,4408071,11.8,3.7,2.9,2.9,0.0,12.0,53,23.5,49.0,307,Drizzle: Moderate,0,0,
442,2021-04-14 21:08:00,40.817696,-73.922615,0,0,Steering Failure,4407430,19.7,5.4,0.0,0.0,0.0,0.0,3,20.8,39.6,227,Overcast,0,0,
443,2021-04-13 20:34:00,40.668495,-73.925606,1,0,Failure to Yield Right-of-Way,4408259,18.3,5.8,4.5,4.5,0.0,5.0,61,14.5,28.1,17,Rain: Light,1,1,
444,2021-04-13 14:10:00,40.662476,-73.768326,0,0,Unspecified,4407049,18.3,5.8,4.5,4.5,0.0,5.0,61,14.5,28.1,17,Rain: Light,0,0,
445,2021-04-15 12:16:00,40.841087,-73.86447,0,0,Traffic Control Disregarded,4407592,12.9,7.7,15.9,15.9,0.0,15.0,63,17.3,32.0,166,Rain: Moderate,0,0,
446,2021-04-15 18:15:00,40.70955,-73.95887,0,0,Unspecified,4407674,12.9,7.7,15.9,15.9,0.0,15.0,63,17.3,32.0,166,Rain: Moderate,0,0,
447,2021-04-15 19:30:00,40.733376,-73.86665,1,0,Passing or Lane Usage Improper,4407708,12.9,7.7,15.9,15.9,0.0,15.0,63,17.3,32.0,166,Rain: Moderate,1,1,
448,2021-04-14 21:04:00,40.700356,-73.95732,1,0,Drugs (illegal),4408396,19.7,5.4,0.0,0.0,0.0,0.0,3,20.8,39.6,227,Overcast,1,1,
449,2021-04-14 01:40:00,40.83801,-73.87329,0,0,Other Vehicular,4407152,19.7,5.4,0.0,0.0,0.0,0.0,3,20.8,39.6,227,Overcast,0,0,
450,2021-04-16 18:00:00,40.66584,-73.75551,0,0,Reaction to Uninvolved Vehicle,4407862,11.8,3.7,2.9,2.9,0.0,12.0,53,23.5,49.0,307,Drizzle: Moderate,0,0,
451,2021-04-15 12:05:00,40.761436,-73.76995,1,0,Driver Inattention/Distraction,4407636,12.9,7.7,15.9,15.9,0.0,15.0,63,17.3,32.0,166,Rain: Moderate,1,1,
452,2021-04-16 11:00:00,40.74958,-73.86541,1,0,Turning Improperly,4407792,11.8,3.7,2.9,2.9,0.0,12.0,53,23.5,49.0,307,Drizzle: Moderate,1,1,
453,2021-04-16 17:00:00,40.73197,-73.78651,5,0,Traffic Control Disregarded,4407853,11.8,3.7,2.9,2.9,0.0,12.0,53,23.5,49.0,307,Drizzle: Moderate,5,5,
454,2021-04-16 12:00:00,40.76249,-73.839584,0,0,Unspecified,4408205,11.8,3.7,2.9,2.9,0.0,12.0,53,23.5,49.0,307,Drizzle: Moderate,0,0,
455,2021-04-16 20:27:00,40.668507,-73.779625,0,0,Unspecified,4407945,11.8,3.7,2.9,2.9,0.0,12.0,53,23.5,49.0,307,Drizzle: Moderate,0,0,
456,2021-04-15 18:25:00,40.638268,-73.93187,0,0,Unspecified,4408118,12.9,7.7,15.9,15.9,0.0,15.0,63,17.3,32.0,166,Rain: Moderate,0,0,
457,2021-04-12 16:08:00,40.696735,-73.93481,1,0,Unspecified,4408242,8.7,6.7,13.6,13.6,0.0,21.0,61,23.4,42.1,51,Rain: Light,1,1,
458,2021-04-14 11:55:00,40.870823,-73.8721,0,0,Aggressive Driving/Road Rage,4407563,19.7,5.4,0.0,0.0,0.0,0.0,3,20.8,39.6,227,Overcast,0,0,
459,2021-04-14 01:30:00,40.574867,-74.00069,0,0,Driver Inattention/Distraction,4408098,19.7,5.4,0.0,0.0,0.0,0.0,3,20.8,39.6,227,Overcast,0,0,
460,2021-04-14 03:25:00,40.866577,-73.8722,3,0,Unsafe Speed,4407169,19.7,5.4,0.0,0.0,0.0,0.0,3,20.8,39.6,227,Overcast,3,3,
461,2021-04-16 08:05:00,40.775414,-73.91984,1,0,Following Too Closely,4407798,11.8,3.7,2.9,2.9,0.0,12.0,53,23.5,49.0,307,Drizzle: Moderate,1,1,
462,2021-04-15 20:13:00,40.84744,-73.89968,1,0,Driver Inattention/Distraction,4407797,12.9,7.7,15.9,15.9,0.0,15.0,63,17.3,32.0,166,Rain: Moderate,1,1,
463,2021-04-14 16:30:00,40.542908,-74.15579,2,0,Failure to Yield Right-of-Way,4407349,19.7,5.4,0.0,0.0,0.0,0.0,3,20.8,39.6,227,Overcast,2,2,
464,2021-04-14 20:15:00,40.78468,-73.80911,0,0,Passing Too Closely,4407994,19.7,5.4,0.0,0.0,0.0,0.0,3,20.8,39.6,227,Overcast,0,0,
465,2021-04-15 16:37:00,40.632416,-73.94724,1,0,Driver Inattention/Distraction,4408032,12.9,7.7,15.9,15.9,0.0,15.0,63,17.3,32.0,166,Rain: Moderate,1,1,
466,2021-04-15 06:05:00,40.714207,-73.92817,1,0,Driver Inattention/Distraction,4407478,12.9,7.7,15.9,15.9,0.0,15.0,63,17.3,32.0,166,Rain: Moderate,1,1,
467,2021-04-16 08:40:00,40.727913,-73.873245,1,0,Failure to Yield Right-of-Way,4407924,11.8,3.7,2.9,2.9,0.0,12.0,53,23.5,49.0,307,Drizzle: Moderate,1,1,
468,2021-04-15 20:15:00,40.854485,-73.854645,0,0,Turning Improperly,4408315,12.9,7.7,15.9,15.9,0.0,15.0,63,17.3,32.0,166,Rain: Moderate,0,0,
469,2021-04-13 23:00:00,40.698986,-73.91671,0,0,Driver Inattention/Distraction,4407892,18.3,5.8,4.5,4.5,0.0,5.0,61,14.5,28.1,17,Rain: Light,0,0,
470,2021-04-16 20:55:00,40.841717,-73.94435,0,0,Driver Inattention/Distraction,4408280,11.8,3.7,2.9,2.9,0.0,12.0,53,23.5,49.0,307,Drizzle: Moderate,0,0,
471,2021-04-15 17:25:00,40.861687,-73.82435,0,0,Unspecified,4408403,12.9,7.7,15.9,15.9,0.0,15.0,63,17.3,32.0,166,Rain: Moderate,0,0,
472,2021-04-16 06:45:00,40.691822,-73.92223,0,0,Reaction to Uninvolved Vehicle,4407753,11.8,3.7,2.9,2.9,0.0,12.0,53,23.5,49.0,307,Drizzle: Moderate,0,0,
473,2021-04-10 12:00:00,40.856014,-73.91213,0,0,Unspecified,4408003,17.0,7.7,1.2,1.2,0.0,3.0,53,14.4,31.7,166,Drizzle: Moderate,0,0,
474,2021-04-14 15:53:00,40.83383,-73.921234,0,0,Reaction to Uninvolved Vehicle,4407497,19.7,5.4,0.0,0.0,0.0,0.0,3,20.8,39.6,227,Overcast,0,0,
475,2021-04-09 17:00:00,40.68781,-73.9237,0,0,Backing Unsafely,4408229,13.4,5.7,0.0,0.0,0.0,0.0,3,15.7,33.8,146,Overcast,0,0,
476,2021-04-14 19:10:00,40.642044,-73.98124,0,0,Unspecified,4407525,19.7,5.4,0.0,0.0,0.0,0.0,3,20.8,39.6,227,Overcast,0,0,
477,2021-04-16 13:55:00,40.69814,-73.89111,0,0,Unsafe Speed,4407817,11.8,3.7,2.9,2.9,0.0,12.0,53,23.5,49.0,307,Drizzle: Moderate,0,0,
478,2021-04-14 00:00:00,40.64664,-73.9246,2,0,Driver Inattention/Distraction,4407539,19.7,5.4,0.0,0.0,0.0,0.0,3,20.8,39.6,227,Overcast,2,2,
479,2021-09-11 20:00:00,40.703217,-73.73427,0,0,Unspecified,4455944,24.7,12.9,0.0,0.0,0.0,0.0,3,16.6,34.2,246,Overcast,0,0,
480,2021-04-16 16:00:00,40.680897,-73.95118,0,0,Driver Inattention/Distraction,4408306,11.8,3.7,2.9,2.9,0.0,12.0,53,23.5,49.0,307,Drizzle: Moderate,0,0,
481,2021-04-15 22:25:00,40.760822,-73.99832,1,0,Failure to Yield Right-of-Way,4407830,12.9,7.7,15.9,15.9,0.0,15.0,63,17.3,32.0,166,Rain: Moderate,1,1,
482,2021-04-14 10:09:00,40.74608,-73.974945,0,0,Unspecified,4407282,19.7,5.4,0.0,0.0,0.0,0.0,3,20.8,39.6,227,Overcast,0,0,
483,2021-04-16 00:01:00,40.626293,-74.01572,0,0,Driver Inexperience,4407688,11.8,3.7,2.9,2.9,0.0,12.0,53,23.5,49.0,307,Drizzle: Moderate,0,0,
484,2021-04-15 20:45:00,40.767967,-73.96822,0,0,Driver Inattention/Distraction,4407701,12.9,7.7,15.9,15.9,0.0,15.0,63,17.3,32.0,166,Rain: Moderate,0,0,
485,2021-04-15 07:00:00,40.673634,-73.89294,0,0,Driver Inattention/Distraction,4407728,12.9,7.7,15.9,15.9,0.0,15.0,63,17.3,32.0,166,Rain: Moderate,0,0,
486,2021-04-15 10:45:00,40.579212,-73.976265,0,0,Following Too Closely,4408052,12.9,7.7,15.9,15.9,0.0,15.0,63,17.3,32.0,166,Rain: Moderate,0,0,
487,2021-04-16 12:00:00,40.57365,-74.11252,0,0,Failure to Yield Right-of-Way,4407849,11.8,3.7,2.9,2.9,0.0,12.0,53,23.5,49.0,307,Drizzle: Moderate,0,0,
488,2021-04-14 06:50:00,40.73632,-73.85631,0,0,Following Too Closely,4407320,19.7,5.4,0.0,0.0,0.0,0.0,3,20.8,39.6,227,Overcast,0,0,
489,2021-04-14 03:39:00,40.619396,-73.969574,0,0,Unspecified,4407291,19.7,5.4,0.0,0.0,0.0,0.0,3,20.8,39.6,227,Overcast,0,0,
490,2021-04-16 22:00:00,40.820263,-73.92976,0,0,Unspecified,4408200,11.8,3.7,2.9,2.9,0.0,12.0,53,23.5,49.0,307,Drizzle: Moderate,0,0,
491,2021-04-14 00:00:00,40.601864,-74.00232,1,0,Failure to Yield Right-of-Way,4407649,19.7,5.4,0.0,0.0,0.0,0.0,3,20.8,39.6,227,Overcast,1,1,
492,2021-04-15 19:10:00,40.810318,-73.943634,0,0,Driver Inattention/Distraction,4407802,12.9,7.7,15.9,15.9,0.0,15.0,63,17.3,32.0,166,Rain: Moderate,0,0,
493,2021-04-14 13:35:00,40.666306,-73.79171,1,0,Driver Inattention/Distraction,4407345,19.7,5.4,0.0,0.0,0.0,0.0,3,20.8,39.6,227,Overcast,1,1,
494,2021-04-16 15:05:00,40.708805,-73.92577,0,0,Failure to Yield Right-of-Way,4408356,11.8,3.7,2.9,2.9,0.0,12.0,53,23.5,49.0,307,Drizzle: Moderate,0,0,
495,2021-04-14 09:33:00,40.826424,-73.85868,0,0,Failure to Yield Right-of-Way,4407245,19.7,5.4,0.0,0.0,0.0,0.0,3,20.8,39.6,227,Overcast,0,0,
496,2021-04-13 16:05:00,40.63174,-73.96793,0,0,Unspecified,4408057,18.3,5.8,4.5,4.5,0.0,5.0,61,14.5,28.1,17,Rain: Light,0,0,
497,2021-04-15 09:27:00,0.0,0.0,0,0,Backing Unsafely,4407538,12.9,7.7,15.9,15.9,0.0,15.0,63,17.3,32.0,166,Rain: Moderate,0,0,
498,2021-04-16 11:45:00,40.727146,-73.954735,0,0,Passing Too Closely,4408332,11.8,3.7,2.9,2.9,0.0,12.0,53,23.5,49.0,307,Drizzle: Moderate,0,0,
499,2021-04-11 08:56:00,40.67253,-73.798386,0,0,Driver Inattention/Distraction,4407785,14.2,8.5,25.3,25.3,0.0,15.0,63,25.7,48.2,77,Rain: Moderate,0,0,
500,2021-04-16 13:02:00,40.702335,-73.89073,0,0,Driver Inattention/Distraction,4407929,11.8,3.7,2.9,2.9,0.0,12.0,53,23.5,49.0,307,Drizzle: Moderate,0,0,
501,2021-04-14 00:00:00,40.587894,-73.95504,0,0,Driver Inattention/Distraction,4407425,19.7,5.4,0.0,0.0,0.0,0.0,3,20.8,39.6,227,Overcast,0,0,
502,2021-04-16 05:30:00,40.65047,-73.917366,0,0,Driver Inattention/Distraction,4408123,11.8,3.7,2.9,2.9,0.0,12.0,53,23.5,49.0,307,Drizzle: Moderate,0,0,
503,2021-04-16 20:26:00,40.836555,-73.94306,1,0,Failure to Yield Right-of-Way,4408290,11.8,3.7,2.9,2.9,0.0,12.0,53,23.5,49.0,307,Drizzle: Moderate,1,1,
504,2021-04-13 09:00:00,40.870056,-73.83222,0,0,Unspecified,4408412,18.3,5.8,4.5,4.5,0.0,5.0,61,14.5,28.1,17,Rain: Light,0,0,
505,2021-04-15 11:45:00,40.579372,-74.16948,0,0,Passing or Lane Usage Improper,4407757,12.9,7.7,15.9,15.9,0.0,15.0,63,17.3,32.0,166,Rain: Moderate,0,0,
506,2021-04-01 00:10:00,40.805138,-73.945244,0,0,Reaction to Uninvolved Vehicle,4407770,11.1,2.9,6.5,6.5,0.0,11.0,63,28.5,53.6,323,Rain: Moderate,0,0,
507,2021-04-15 11:41:00,40.85968,-73.90427,0,0,Passing Too Closely,4407554,12.9,7.7,15.9,15.9,0.0,15.0,63,17.3,32.0,166,Rain: Moderate,0,0,
508,2021-04-15 02:00:00,40.605595,-73.98404,0,0,Driver Inattention/Distraction,4407873,12.9,7.7,15.9,15.9,0.0,15.0,63,17.3,32.0,166,Rain: Moderate,0,0,
509,2021-04-15 00:05:00,40.819214,-73.84662,0,0,Steering Failure,4407502,12.9,7.7,15.9,15.9,0.0,15.0,63,17.3,32.0,166,Rain: Moderate,0,0,
510,2021-04-16 11:30:00,40.827972,-73.88707,0,0,Unspecified,4408044,11.8,3.7,2.9,2.9,0.0,12.0,53,23.5,49.0,307,Drizzle: Moderate,0,0,
511,2021-04-16 15:30:00,40.66496,-73.82226,0,0,Fell Asleep,4408165,11.8,3.7,2.9,2.9,0.0,12.0,53,23.5,49.0,307,Drizzle: Moderate,0,0,
512,2021-04-14 15:00:00,40.719177,-73.79223,0,0,Driver Inattention/Distraction,4407544,19.7,5.4,0.0,0.0,0.0,0.0,3,20.8,39.6,227,Overcast,0,0,
513,2021-04-14 08:03:00,40.748825,-73.96984,1,0,Driver Inattention/Distraction,4407277,19.7,5.4,0.0,0.0,0.0,0.0,3,20.8,39.6,227,Overcast,1,1,
514,2021-04-16 07:45:00,40.733597,-73.91062,0,0,Driver Inattention/Distraction,4407834,11.8,3.7,2.9,2.9,0.0,12.0,53,23.5,49.0,307,Drizzle: Moderate,0,0,
515,2021-04-14 06:45:00,40.54048,-74.153404,0,0,View Obstructed/Limited,4407338,19.7,5.4,0.0,0.0,0.0,0.0,3,20.8,39.6,227,Overcast,0,0,
516,2021-04-14 22:43:00,40.738403,-73.93864,0,0,Driver Inattention/Distraction,4407397,19.7,5.4,0.0,0.0,0.0,0.0,3,20.8,39.6,227,Overcast,0,0,
517,2021-04-15 16:55:00,40.68039,-73.94956,1,0,Driver Inattention/Distraction,4408109,12.9,7.7,15.9,15.9,0.0,15.0,63,17.3,32.0,166,Rain: Moderate,1,1,
518,2021-04-14 18:00:00,40.817627,-73.92366,0,0,Backing Unsafely,4407683,19.7,5.4,0.0,0.0,0.0,0.0,3,20.8,39.6,227,Overcast,0,0,
519,2021-04-15 12:26:00,40.751446,-74.001434,2,0,Failure to Yield Right-of-Way,4407829,12.9,7.7,15.9,15.9,0.0,15.0,63,17.3,32.0,166,Rain: Moderate,2,2,
520,2021-09-11 22:15:00,40.86418,-73.90119,1,0,Unspecified,4456397,24.7,12.9,0.0,0.0,0.0,0.0,3,16.6,34.2,246,Overcast,1,1,
521,2021-04-15 08:10:00,40.76161,-73.97076,0,0,Driver Inexperience,4407496,12.9,7.7,15.9,15.9,0.0,15.0,63,17.3,32.0,166,Rain: Moderate,0,0,
522,2021-04-15 16:00:00,40.689648,-73.9184,0,0,Unspecified,4407609,12.9,7.7,15.9,15.9,0.0,15.0,63,17.3,32.0,166,Rain: Moderate,0,0,
523,2021-04-14 16:00:00,40.741634,-73.88266,1,0,Driver Inattention/Distraction,4407441,19.7,5.4,0.0,0.0,0.0,0.0,3,20.8,39.6,227,Overcast,1,1,
524,2021-04-15 18:30:00,40.596977,-73.97324,0,0,Unspecified,4407689,12.9,7.7,15.9,15.9,0.0,15.0,63,17.3,32.0,166,Rain: Moderate,0,0,
525,2021-04-16 14:56:00,40.63864,-74.02245,0,0,Unspecified,4407861,11.8,3.7,2.9,2.9,0.0,12.0,53,23.5,49.0,307,Drizzle: Moderate,0,0,
526,2021-04-14 17:30:00,40.565254,-74.1301,0,0,Unspecified,4407350,19.7,5.4,0.0,0.0,0.0,0.0,3,20.8,39.6,227,Overcast,0,0,
527,2021-04-14 07:15:00,40.655895,-73.898224,0,0,Unspecified,4407721,19.7,5.4,0.0,0.0,0.0,0.0,3,20.8,39.6,227,Overcast,0,0,
528,2021-04-14 20:10:00,40.68821,-73.96583,0,0,Pedestrian/Bicyclist/Other Pedestrian Error/Confusion,4407381,19.7,5.4,0.0,0.0,0.0,0.0,3,20.8,39.6,227,Overcast,0,0,
529,2021-04-15 09:28:00,40.71649,-73.98484,0,0,Unspecified,4407653,12.9,7.7,15.9,15.9,0.0,15.0,63,17.3,32.0,166,Rain: Moderate,0,0,
530,2021-04-16 14:30:00,40.876785,-73.87446,0,0,Passing Too Closely,4407896,11.8,3.7,2.9,2.9,0.0,12.0,53,23.5,49.0,307,Drizzle: Moderate,0,0,
531,2021-04-16 18:05:00,40.86367,-73.86741,0,0,Alcohol Involvement,4407914,11.8,3.7,2.9,2.9,0.0,12.0,53,23.5,49.0,307,Drizzle: Moderate,0,0,
532,2021-04-14 00:00:00,40.835827,-73.89068,0,0,Driver Inexperience,4407512,19.7,5.4,0.0,0.0,0.0,0.0,3,20.8,39.6,227,Overcast,0,0,
533,2021-04-15 15:37:00,40.793396,-73.94043,0,0,Unspecified,4408427,12.9,7.7,15.9,15.9,0.0,15.0,63,17.3,32.0,166,Rain: Moderate,0,0,
534,2021-04-14 17:20:00,40.84827,-73.88312,0,0,Failure to Yield Right-of-Way,4407532,19.7,5.4,0.0,0.0,0.0,0.0,3,20.8,39.6,227,Overcast,0,0,
535,2021-04-14 23:17:00,40.656273,-73.90731,1,0,Driver Inexperience,4408086,19.7,5.4,0.0,0.0,0.0,0.0,3,20.8,39.6,227,Overcast,1,1,
536,2021-04-16 09:25:00,40.693462,-73.965485,1,0,Driver Inattention/Distraction,4407856,11.8,3.7,2.9,2.9,0.0,12.0,53,23.5,49.0,307,Drizzle: Moderate,1,1,
537,2021-04-15 16:00:00,40.66725,-73.88799,1,0,Unspecified,4407729,12.9,7.7,15.9,15.9,0.0,15.0,63,17.3,32.0,166,Rain: Moderate,1,1,
538,2021-04-13 17:55:00,40.844105,-73.923065,1,0,Pedestrian/Bicyclist/Other Pedestrian Error/Confusion,4407789,18.3,5.8,4.5,4.5,0.0,5.0,61,14.5,28.1,17,Rain: Light,1,1,
539,2021-04-16 21:00:00,40.651707,-73.93121,0,0,Backing Unsafely,4408129,11.8,3.7,2.9,2.9,0.0,12.0,53,23.5,49.0,307,Drizzle: Moderate,0,0,
540,2021-04-15 10:30:00,40.680496,-73.821365,1,0,Failure to Yield Right-of-Way,4407576,12.9,7.7,15.9,15.9,0.0,15.0,63,17.3,32.0,166,Rain: Moderate,1,1,
541,2021-04-15 23:36:00,40.834415,-73.92854,0,0,View Obstructed/Limited,4408193,12.9,7.7,15.9,15.9,0.0,15.0,63,17.3,32.0,166,Rain: Moderate,0,0,
542,2021-04-15 00:00:00,40.7357,-73.90377,0,0,Driver Inattention/Distraction,4407643,12.9,7.7,15.9,15.9,0.0,15.0,63,17.3,32.0,166,Rain: Moderate,0,0,
543,2021-04-15 21:33:00,40.771038,-73.83413,0,0,Passing or Lane Usage Improper,4407906,12.9,7.7,15.9,15.9,0.0,15.0,63,17.3,32.0,166,Rain: Moderate,0,0,
544,2021-04-14 19:45:00,40.69484,-73.98391,1,0,Driver Inattention/Distraction,4407414,19.7,5.4,0.0,0.0,0.0,0.0,3,20.8,39.6,227,Overcast,1,1,
545,2021-04-14 07:45:00,40.785774,-73.97052,2,0,Passing or Lane Usage Improper,4407623,19.7,5.4,0.0,0.0,0.0,0.0,3,20.8,39.6,227,Overcast,2,2,
546,2021-04-14 12:30:00,40.733017,-73.8852,0,0,Driver Inattention/Distraction,4407436,19.7,5.4,0.0,0.0,0.0,0.0,3,20.8,39.6,227,Overcast,0,0,
547,2021-04-16 08:30:00,40.709023,-73.757835,0,0,Traffic Control Disregarded,4407952,11.8,3.7,2.9,2.9,0.0,12.0,53,23.5,49.0,307,Drizzle: Moderate,0,0,
548,2021-04-14 11:15:00,40.692886,-73.832184,2,0,Failure to Yield Right-of-Way,4407761,19.7,5.4,0.0,0.0,0.0,0.0,3,20.8,39.6,227,Overcast,2,2,
549,2021-04-15 15:18:00,40.620487,-74.029305,0,1,Driver Inattention/Distraction,4408063,12.9,7.7,15.9,15.9,0.0,15.0,63,17.3,32.0,166,Rain: Moderate,20,1,
550,2021-04-14 17:50:00,40.618595,-73.99847,0,0,Driver Inattention/Distraction,4407388,19.7,5.4,0.0,0.0,0.0,0.0,3,20.8,39.6,227,Overcast,0,0,
551,2021-04-14 10:29:00,40.803787,-73.953896,1,0,Unspecified,4407766,19.7,5.4,0.0,0.0,0.0,0.0,3,20.8,39.6,227,Overcast,1,1,
552,2021-04-15 20:02:00,40.82319,-73.889496,0,0,Passing or Lane Usage Improper,4407901,12.9,7.7,15.9,15.9,0.0,15.0,63,17.3,32.0,166,Rain: Moderate,0,0,
553,2021-04-14 19:20:00,40.680088,-73.94398,1,0,Driver Inattention/Distraction,4408104,19.7,5.4,0.0,0.0,0.0,0.0,3,20.8,39.6,227,Overcast,1,1,
554,2021-04-14 19:00:00,40.827927,-73.90094,0,0,Unspecified,4407486,19.7,5.4,0.0,0.0,0.0,0.0,3,20.8,39.6,227,Overcast,0,0,
555,2021-07-08 19:55:00,40.65342,-73.88898,0,0,Other Vehicular,4456618,28.3,21.3,15.2,15.2,0.0,12.0,63,16.9,48.2,125,Rain: Moderate,0,0,
556,2021-04-14 22:21:00,40.66895,-73.9339,0,0,Driver Inattention/Distraction,4408264,19.7,5.4,0.0,0.0,0.0,0.0,3,20.8,39.6,227,Overcast,0,0,
557,2021-04-15 15:25:00,40.879055,-73.87439,0,0,Turning Improperly,4407678,12.9,7.7,15.9,15.9,0.0,15.0,63,17.3,32.0,166,Rain: Moderate,0,0,
558,2021-04-14 11:30:00,40.67043,-73.928185,1,0,Unsafe Speed,4407355,19.7,5.4,0.0,0.0,0.0,0.0,3,20.8,39.6,227,Overcast,1,1,
559,2021-04-16 23:14:00,40.875874,-73.84989,3,0,Unspecified,4408155,11.8,3.7,2.9,2.9,0.0,12.0,53,23.5,49.0,307,Drizzle: Moderate,3,3,
560,2021-04-13 09:30:00,40.675037,-73.930534,0,0,Following Too Closely,4408271,18.3,5.8,4.5,4.5,0.0,5.0,61,14.5,28.1,17,Rain: Light,0,0,
561,2021-04-16 13:59:00,40.767582,-73.9109,1,0,Failure to Yield Right-of-Way,4408380,11.8,3.7,2.9,2.9,0.0,12.0,53,23.5,49.0,307,Drizzle: Moderate,1,1,
562,2021-04-14 06:35:00,40.734352,-74.00849,0,0,Backing Unsafely,4407598,19.7,5.4,0.0,0.0,0.0,0.0,3,20.8,39.6,227,Overcast,0,0,
563,2021-04-16 14:50:00,40.63083,-73.90736,2,0,Driver Inexperience,4407866,11.8,3.7,2.9,2.9,0.0,12.0,53,23.5,49.0,307,Drizzle: Moderate,2,2,
564,2021-04-14 18:35:00,40.63532,-73.95033,0,0,Driver Inattention/Distraction,4407452,19.7,5.4,0.0,0.0,0.0,0.0,3,20.8,39.6,227,Overcast,0,0,
565,2021-04-13 10:30:00,40.714073,-73.95087,0,0,Driver Inattention/Distraction,4407809,18.3,5.8,4.5,4.5,0.0,5.0,61,14.5,28.1,17,Rain: Light,0,0,
566,2021-04-14 06:55:00,40.702194,-73.93587,0,0,Passing or Lane Usage Improper,4407393,19.7,5.4,0.0,0.0,0.0,0.0,3,20.8,39.6,227,Overcast,0,0,
567,2021-04-14 16:58:00,40.764362,-73.96162,1,0,Driver Inattention/Distraction,4407453,19.7,5.4,0.0,0.0,0.0,0.0,3,20.8,39.6,227,Overcast,1,1,
568,2021-04-12 18:30:00,40.69496,-73.946236,0,0,Passing or Lane Usage Improper,4408214,8.7,6.7,13.6,13.6,0.0,21.0,61,23.4,42.1,51,Rain: Light,0,0,
569,2021-04-16 12:10:00,40.79656,-73.97226,0,0,Unspecified,4407824,11.8,3.7,2.9,2.9,0.0,12.0,53,23.5,49.0,307,Drizzle: Moderate,0,0,
570,2021-04-14 09:00:00,40.805016,-73.92109,0,0,Unspecified,4407431,19.7,5.4,0.0,0.0,0.0,0.0,3,20.8,39.6,227,Overcast,0,0,
571,2021-04-14 17:00:00,40.66406,-73.73846,2,0,Unspecified,4407632,19.7,5.4,0.0,0.0,0.0,0.0,3,20.8,39.6,227,Overcast,2,2,
572,2021-04-13 13:14:00,40.7963,-73.93829,0,0,Turning Improperly,4407841,18.3,5.8,4.5,4.5,0.0,5.0,61,14.5,28.1,17,Rain: Light,0,0,
573,2021-04-14 02:25:00,40.66563,-73.73921,1,0,Traffic Control Disregarded,4407096,19.7,5.4,0.0,0.0,0.0,0.0,3,20.8,39.6,227,Overcast,1,1,
574,2021-04-15 16:00:00,40.680477,-73.7921,0,0,Driver Inattention/Distraction,4407658,12.9,7.7,15.9,15.9,0.0,15.0,63,17.3,32.0,166,Rain: Moderate,0,0,
575,2021-04-16 11:35:00,40.737785,-73.93496,1,0,Following Too Closely,4407933,11.8,3.7,2.9,2.9,0.0,12.0,53,23.5,49.0,307,Drizzle: Moderate,1,1,
576,2021-04-16 12:26:00,40.778606,-73.98163,1,0,Backing Unsafely,4407976,11.8,3.7,2.9,2.9,0.0,12.0,53,23.5,49.0,307,Drizzle: Moderate,1,1,
577,2021-04-16 00:30:00,40.75868,-73.87552,1,0,Unsafe Speed,4407714,11.8,3.7,2.9,2.9,0.0,12.0,53,23.5,49.0,307,Drizzle: Moderate,1,1,
578,2021-04-14 17:55:00,40.856045,-73.90079,0,0,Following Too Closely,4407373,19.7,5.4,0.0,0.0,0.0,0.0,3,20.8,39.6,227,Overcast,0,0,
579,2021-04-14 23:36:00,40.880257,-73.843864,0,0,Passing Too Closely,4407568,19.7,5.4,0.0,0.0,0.0,0.0,3,20.8,39.6,227,Overcast,0,0,
580,2021-04-15 20:00:00,40.60677,-73.759575,0,0,Passing or Lane Usage Improper,4407707,12.9,7.7,15.9,15.9,0.0,15.0,63,17.3,32.0,166,Rain: Moderate,0,0,
581,2021-04-16 06:00:00,40.695683,-73.741875,0,0,Unspecified,4407692,11.8,3.7,2.9,2.9,0.0,12.0,53,23.5,49.0,307,Drizzle: Moderate,0,0,
582,2021-04-16 20:00:00,40.667236,-73.770004,0,0,Passing or Lane Usage Improper,4407865,11.8,3.7,2.9,2.9,0.0,12.0,53,23.5,49.0,307,Drizzle: Moderate,0,0,