,CRASH DATETIME,LATITUDE,LONGITUDE,NUMBER OF PERSONS INJURED,NUMBER OF PERSONS KILLED,CONTRIBUTING FACTOR VEHICLE 1,COLLISION_ID,temperature_2m_max,temperature_2m_min,precipitation_sum,rain_sum,snowfall_sum,precipitation_hours,weather_code,wind_speed_10m_max,wind_gusts_10m_max,wind_direction_10m_dominant,Weather Description,Severity_Score,Total_Affected_Persons,Weather_Category
583,2021-04-14 06:13:00,40.8351,-73.8825,0,0,Unspecified,4407154,19.7,5.4,0.0,0.0,0.0,0.0,3,20.8,39.6,227,Overcast,0,0,
584,2021-04-15 14:41:00,40.633682,-73.89868,1,0,Unspecified,4407637,12.9,7.7,15.9,15.9,0.0,15.0,63,17.3,32.0,166,Rain: Moderate,1,1,
585,2021-04-14 11:54:00,40.698116,-73.977325,1,0,Failure to Yield Right-of-Way,4407354,19.7,5.4,0.0,0.0,0.0,0.0,3,20.8,39.6,227,Overcast,1,1,
586,2021-04-16 11:50:00,40.84747,-73.89134,0,0,Reaction to Uninvolved Vehicle,4407793,11.8,3.7,2.9,2.9,0.0,12.0,53,23.5,49.0,307,Drizzle: Moderate,0,0,
587,2021-04-14 14:00:00,40.8047,-73.91243,0,0,Unspecified,4407432,19.7,5.4,0.0,0.0,0.0,0.0,3,20.8,39.6,227,Overcast,0,0,
588,2021-04-16 23:55:00,40.762676,-73.954346,0,0,Unsafe Lane Changing,4407946,11.8,3.7,2.9,2.9,0.0,12.0,53,23.5,49.0,307,Drizzle: Moderate,0,0,
589,2021-04-16 14:30:00,40.7158,-73.824486,0,0,Driver Inattention/Distraction,4407852,11.8,3.7,2.9,2.9,0.0,12.0,53,23.5,49.0,307,Drizzle: Moderate,0,0,
590,2021-04-15 23:00:00,40.75584,-73.99238,0,0,Unspecified,4408249,12.9,7.7,15.9,15.9,0.0,15.0,63,17.3,32.0,166,Rain: Moderate,0,0,
591,2021-09-11 11:30:00,40.875942,-73.83304,0,0,Unspecified,4456019,24.7,12.9,0.0,0.0,0.0,0.0,3,16.6,34.2,246,Overcast,0,0,
592,2021-04-15 18:00:00,40.772102,-73.763954,0,0,Following Too Closely,4407987,12.9,7.7,15.9,15.9,0.0,15.0,63,17.3,32.0,166,Rain: Moderate,0,0,
593,2021-04-14 20:19:00,40.681602,-73.95855,0,0,Driver Inexperience,4408215,19.7,5.4,0.0,0.0,0.0,0.0,3,20.8,39.6,227,Overcast,0,0,
594,2021-04-15 14:36:00,40.62677,-73.946884,1,0,Driver Inattention/Distraction,4408027,12.9,7.7,15.9,15.9,0.0,15.0,63,17.3,32.0,166,Rain: Moderate,1,1,
595,2021-04-14 11:16:00,40.707493,-73.94153,1,0,Other Vehicular,4407389,19.7,5.4,0.0,0.0,0.0,0.0,3,20.8,39.6,227,Overcast,1,1,
596,2021-04-15 10:00:00,40.8252,-73.867714,0,0,Passing or Lane Usage Improper,4407562,12.9,7.7,15.9,15.9,0.0,15.0,63,17.3,32.0,166,Rain: Moderate,0,0,
597,2021-04-12 21:30:00,40.854115,-73.89091,0,0,Driver Inattention/Distraction,4407794,8.7,6.7,13.6,13.6,0.0,21.0,61,23.4,42.1,51,Rain: Light,0,0,
598,2021-04-16 07:00:00,40.768875,-73.94898,1,0,Following Too Closely,4407779,11.8,3.7,2.9,2.9,0.0,12.0,53,23.5,49.0,307,Drizzle: Moderate,1,1,
599,2021-04-16 15:21:00,40.629707,-73.90486,0,0,Unspecified,4407997,11.8,3.7,2.9,2.9,0.0,12.0,53,23.5,49.0,307,Drizzle: Moderate,0,0,
600,2021-04-15 00:40:00,40.72654,-73.71589,1,0,Driver Inattention/Distraction,4407408,12.9,7.7,15.9,15.9,0.0,15.0,63,17.3,32.0,166,Rain: Moderate,1,1,
601,2021-04-15 18:00:00,40.634415,-74.08535,0,0,Unspecified,4408313,12.9,7.7,15.9,15.9,0.0,15.0,63,17.3,32.0,166,Rain: Moderate,0,0,
602,2021-09-11 16:30:00,40.889362,-73.83446,0,0,Failure to Yield Right-of-Way,4456486,24.7,12.9,0.0,0.0,0.0,0.0,3,16.6,34.2,246,Overcast,0,0,
603,2021-04-15 08:40:00,40.66937,-73.89523,0,0,Passing or Lane Usage Improper,4407747,12.9,7.7,15.9,15.9,0.0,15.0,63,17.3,32.0,166,Rain: Moderate,0,0,
604,2021-04-16 17:25:00,40.89466,-73.86137,0,0,Driver Inattention/Distraction,4408402,11.8,3.7,2.9,2.9,0.0,12.0,53,23.5,49.0,307,Drizzle: Moderate,0,0,
605,2021-04-16 06:40:00,40.669067,-73.9878,0,0,Unspecified,4407702,11.8,3.7,2.9,2.9,0.0,12.0,53,23.5,49.0,307,Drizzle: Moderate,0,0,
606,2021-04-15 11:00:00,40.681484,-73.85049,1,0,Failure to Yield Right-of-Way,4407762,12.9,7.7,15.9,15.9,0.0,15.0,63,17.3,32.0,166,Rain: Moderate,1,1,
607,2021-04-14 09:31:00,40.82433,-73.874374,0,0,Passing Too Closely,4407297,19.7,5.4,0.0,0.0,0.0,0.0,3,20.8,39.6,227,Overcast,0,0,
608,2021-04-14 12:40:00,40.856606,-73.92841,0,0,Driver Inattention/Distraction,4407321,19.7,5.4,0.0,0.0,0.0,0.0,3,20.8,39.6,227,Overcast,0,0,
609,2021-04-08 21:52:00,40.65785,-73.91648,0,0,Unspecified,4408100,18.2,5.5,0.0,0.0,0.0,0.0,3,18.0,35.3,173,Overcast,0,0,
610,2021-04-14 08:58:00,40.62764,-73.89022,0,0,Passing or Lane Usage Improper,4407505,19.7,5.4,0.0,0.0,0.0,0.0,3,20.8,39.6,227,Overcast,0,0,
611,2021-04-09 01:15:00,40.58401,-73.98587,0,0,Following Too Closely,4408047,13.4,5.7,0.0,0.0,0.0,0.0,3,15.7,33.8,146,Overcast,0,0,
612,2021-04-14 17:30:00,40.71791,-73.95341,1,0,Turning Improperly,4407805,19.7,5.4,0.0,0.0,0.0,0.0,3,20.8,39.6,227,Overcast,1,1,
613,2021-04-15 00:00:00,40.780437,-73.94989,0,0,Driver Inattention/Distraction,4407697,12.9,7.7,15.9,15.9,0.0,15.0,63,17.3,32.0,166,Rain: Moderate,0,0,
614,2021-04-14 08:30:00,40.73973,-73.70625,0,0,Unspecified,4407367,19.7,5.4,0.0,0.0,0.0,0.0,3,20.8,39.6,227,Overcast,0,0,
615,2021-04-05 16:21:00,40.7952,-73.94623,3,0,Passing Too Closely,4407837,18.0,5.6,0.0,0.0,0.0,0.0,2,25.7,49.0,313,Partly cloudy,3,3,
616,2021-04-14 10:40:00,40.694794,-73.98246,1,0,Failure to Yield Right-of-Way,4407548,19.7,5.4,0.0,0.0,0.0,0.0,3,20.8,39.6,227,Overcast,1,1,
617,2021-04-16 08:30:00,40.614063,-74.01393,0,0,Unspecified,4407820,11.8,3.7,2.9,2.9,0.0,12.0,53,23.5,49.0,307,Drizzle: Moderate,0,0,
618,2021-07-08 16:45:00,40.715702,-73.95579,1,0,View Obstructed/Limited,4456635,28.3,21.3,15.2,15.2,0.0,12.0,63,16.9,48.2,125,Rain: Moderate,1,1,
619,2021-04-16 18:50:00,40.633152,-73.97762,0,0,Unspecified,4408150,11.8,3.7,2.9,2.9,0.0,12.0,53,23.5,49.0,307,Drizzle: Moderate,0,0,
620,2021-04-16 15:23:00,40.612736,-74.01172,1,0,Following Too Closely,4407842,11.8,3.7,2.9,2.9,0.0,12.0,53,23.5,49.0,307,Drizzle: Moderate,1,1,
621,2021-04-15 17:55:00,40.70166,-73.961464,2,0,Pavement Slippery,4407673,12.9,7.7,15.9,15.9,0.0,15.0,63,17.3,32.0,166,Rain: Moderate,2,2,
622,2021-04-14 00:42:00,40.80641,-73.94227,0,0,Unspecified,4407278,19.7,5.4,0.0,0.0,0.0,0.0,3,20.8,39.6,227,Overcast,0,0,
623,2021-04-14 12:30:00,40.762234,-73.98987,1,0,Driver Inattention/Distraction,4407459,19.7,5.4,0.0,0.0,0.0,0.0,3,20.8,39.6,227,Overcast,1,1,
624,2021-04-15 08:30:00,40.863647,-73.8918,0,0,Unspecified,4407514,12.9,7.7,15.9,15.9,0.0,15.0,63,17.3,32.0,166,Rain: Moderate,0,0,
625,2021-04-15 18:36:00,40.576626,-73.98478,2,0,Driver Inattention/Distraction,4408367,12.9,7.7,15.9,15.9,0.0,15.0,63,17.3,32.0,166,Rain: Moderate,2,2,
626,2021-04-14 13:45:00,40.60118,-73.99098,0,0,Driver Inattention/Distraction,4407313,19.7,5.4,0.0,0.0,0.0,0.0,3,20.8,39.6,227,Overcast,0,0,
627,2021-04-14 19:46:00,40.64721,-74.01531,0,0,Unspecified,4407396,19.7,5.4,0.0,0.0,0.0,0.0,3,20.8,39.6,227,Overcast,0,0,
628,2021-04-15 16:18:00,40.681145,-73.7923,0,0,Unsafe Speed,4407611,12.9,7.7,15.9,15.9,0.0,15.0,63,17.3,32.0,166,Rain: Moderate,0,0,
629,2021-04-15 12:40:00,40.57529,-73.97655,0,0,Backing Unsafely,4408053,12.9,7.7,15.9,15.9,0.0,15.0,63,17.3,32.0,166,Rain: Moderate,0,0,
630,2021-04-16 17:45:00,40.786,-73.84574,0,0,Failure to Yield Right-of-Way,4407905,11.8,3.7,2.9,2.9,0.0,12.0,53,23.5,49.0,307,Drizzle: Moderate,0,0,
631,2021-04-15 20:00:00,40.601128,-73.997086,1,0,Pedestrian/Bicyclist/Other Pedestrian Error/Confusion,4407642,12.9,7.7,15.9,15.9,0.0,15.0,63,17.3,32.0,166,Rain: Moderate,1,1,
632,2021-04-15 11:45:00,40.827923,-73.93483,0,0,Unsafe Lane Changing,4407556,12.9,7.7,15.9,15.9,0.0,15.0,63,17.3,32.0,166,Rain: Moderate,0,0,
633,2021-04-05 16:27:00,40.805824,-73.954636,0,0,Unspecified,4407774,18.0,5.6,0.0,0.0,0.0,0.0,2,25.7,49.0,313,Partly cloudy,0,0,
634,2021-04-14 13:30:00,40.642776,-74.02003,0,0,Passing or Lane Usage Improper,4407360,19.7,5.4,0.0,0.0,0.0,0.0,3,20.8,39.6,227,Overcast,0,0,
635,2021-04-14 18:56:00,40.86674,-73.92873,1,0,Pavement Defective,4408139,19.7,5.4,0.0,0.0,0.0,0.0,3,20.8,39.6,227,Overcast,1,1,
636,2021-12-10 12:15:00,40.571625,-74.11192,0,0,Backing Unsafely,4485464,8.5,1.6,0.0,0.0,0.0,0.0,3,9.8,20.5,183,Overcast,0,0,
637,2021-04-12 06:00:00,40.678375,-73.9265,0,0,Other Lighting Defects,4408223,8.7,6.7,13.6,13.6,0.0,21.0,61,23.4,42.1,51,Rain: Light,0,0,
638,2021-04-14 19:50:00,40.74209,-73.984985,1,0,Unspecified,4408075,19.7,5.4,0.0,0.0,0.0,0.0,3,20.8,39.6,227,Overcast,1,1,
639,2021-04-16 11:30:00,40.81228,-73.90941,0,0,Unspecified,4407967,11.8,3.7,2.9,2.9,0.0,12.0,53,23.5,49.0,307,Drizzle: Moderate,0,0,
640,2021-04-16 23:45:00,40.604195,-73.97218,0,0,Reaction to Uninvolved Vehicle,4407875,11.8,3.7,2.9,2.9,0.0,12.0,53,23.5,49.0,307,Drizzle: Moderate,0,0,
641,2021-04-11 18:45:00,40.84383,-73.886375,0,0,Driver Inattention/Distraction,4407915,14.2,8.5,25.3,25.3,0.0,15.0,63,25.7,48.2,77,Rain: Moderate,0,0,
642,2021-04-16 08:30:00,40.759163,-73.988396,1,0,Failure to Yield Right-of-Way,4408258,11.8,3.7,2.9,2.9,0.0,12.0,53,23.5,49.0,307,Drizzle: Moderate,1,1,
643,2021-04-15 19:39:00,40.652927,-73.959335,1,0,Unspecified,4408033,12.9,7.7,15.9,15.9,0.0,15.0,63,17.3,32.0,166,Rain: Moderate,1,1,
644,2021-04-14 21:00:00,40.69097,-73.94833,2,0,Following Too Closely,4408308,19.7,5.4,0.0,0.0,0.0,0.0,3,20.8,39.6,227,Overcast,2,2,
645,2021-04-16 19:00:00,40.718864,-73.97483,0,0,Unspecified,4407869,11.8,3.7,2.9,2.9,0.0,12.0,53,23.5,49.0,307,Drizzle: Moderate,0,0,
646,2021-04-15 23:30:00,40.683174,-73.87389,0,0,Driver Inattention/Distraction,4407732,12.9,7.7,15.9,15.9,0.0,15.0,63,17.3,32.0,166,Rain: Moderate,0,0,
647,2021-04-15 02:00:00,40.749744,-73.884315,0,0,Passing or Lane Usage Improper,4407602,12.9,7.7,15.9,15.9,0.0,15.0,63,17.3,32.0,166,Rain: Moderate,0,0,
648,2021-04-16 19:54:00,40.738316,-73.98773,0,0,Unspecified,4407959,11.8,3.7,2.9,2.9,0.0,12.0,53,23.5,49.0,307,Drizzle: Moderate,0,0,
649,2021-04-08 09:21:00,40.839382,-73.84531,0,0,Unspecified,4408397,18.2,5.5,0.0,0.0,0.0,0.0,3,18.0,35.3,173,Overcast,0,0,
650,2021-04-16 09:50:00,40.66806,-73.90394,0,0,Unspecified,4408067,11.8,3.7,2.9,2.9,0.0,12.0,53,23.5,49.0,307,Drizzle: Moderate,0,0,
651,2021-04-16 12:10:00,40.74715,-73.985504,0,0,Driver Inattention/Distraction,4408279,11.8,3.7,2.9,2.9,0.0,12.0,53,23.5,49.0,307,Drizzle: Moderate,0,0,
652,2021-04-14 08:40:00,40.663776,-73.889915,0,0,Driver Inattention/Distraction,4407723,19.7,5.4,0.0,0.0,0.0,0.0,3,20.8,39.6,227,Overcast,0,0,
653,2021-04-16 23:25:00,40.843903,-73.927284,0,0,Unsafe Lane Changing,4408198,11.8,3.7,2.9,2.9,0.0,12.0,53,23.5,49.0,307,Drizzle: Moderate,0,0,
654,2021-04-14 20:25:00,40.836296,-73.87369,2,0,Unspecified,4407501,19.7,5.4,0.0,0.0,0.0,0.0,3,20.8,39.6,227,Overcast,2,2,
655,2021-04-15 21:04:00,40.655285,-73.93658,2,0,Failure to Yield Right-of-Way,4408119,12.9,7.7,15.9,15.9,0.0,15.0,63,17.3,32.0,166,Rain: Moderate,2,2,
656,2021-04-09 12:00:00,40.70166,-73.961464,0,0,Driver Inattention/Distraction,4408359,13.4,5.7,0.0,0.0,0.0,0.0,3,15.7,33.8,146,Overcast,0,0,
657,2021-04-16 10:05:00,40.64606,-74.01648,1,0,Brakes Defective,4407816,11.8,3.7,2.9,2.9,0.0,12.0,53,23.5,49.0,307,Drizzle: Moderate,1,1,
658,2021-04-15 08:23:00,40.72119,-73.761185,1,0,Driver Inattention/Distraction,4407543,12.9,7.7,15.9,15.9,0.0,15.0,63,17.3,32.0,166,Rain: Moderate,1,1,
659,2021-04-15 12:00:00,40.708363,-73.87203,0,0,Driver Inattention/Distraction,4407801,12.9,7.7,15.9,15.9,0.0,15.0,63,17.3,32.0,166,Rain: Moderate,0,0,
660,2021-04-14 14:10:00,40.674004,-73.81881,0,0,Traffic Control Disregarded,4407346,19.7,5.4,0.0,0.0,0.0,0.0,3,20.8,39.6,227,Overcast,0,0,
661,2021-04-14 23:10:00,40.729176,-73.87898,2,0,Unspecified,4407769,19.7,5.4,0.0,0.0,0.0,0.0,3,20.8,39.6,227,Overcast,2,2,
662,2021-09-11 10:59:00,40.745766,-73.86421,0,0,Obstruction/Debris,4455856,24.7,12.9,0.0,0.0,0.0,0.0,3,16.6,34.2,246,Overcast,0,0,
663,2021-04-15 12:30:00,40.86832,-73.83317,0,0,Oversized Vehicle,4408093,12.9,7.7,15.9,15.9,0.0,15.0,63,17.3,32.0,166,Rain: Moderate,0,0,
664,2021-04-14 18:45:00,40.598515,-73.766464,0,0,Animals Action,4407475,19.7,5.4,0.0,0.0,0.0,0.0,3,20.8,39.6,227,Overcast,0,0,
665,2021-03-20 15:58:00,40.695004,-73.9525,0,0,Passing Too Closely,4408113,13.3,-3.2,0.0,0.0,0.0,0.0,0,13.3,23.4,287,Clear sky,0,0,Sunny/Clear Conditions
666,2021-04-14 11:50:00,40.72773,-73.90674,0,0,Unspecified,4407833,19.7,5.4,0.0,0.0,0.0,0.0,3,20.8,39.6,227,Overcast,0,0,
667,2021-04-16 08:41:00,40.704563,-73.91066,1,0,Driver Inattention/Distraction,4407923,11.8,3.7,2.9,2.9,0.0,12.0,53,23.5,49.0,307,Drizzle: Moderate,1,1,
668,2021-04-14 13:30:00,40.66807,-73.80789,0,0,Failure to Yield Right-of-Way,4407424,19.7,5.4,0.0,0.0,0.0,0.0,3,20.8,39.6,227,Overcast,0,0,
669,2021-04-14 00:00:00,40.66944,-73.883995,1,0,Traffic Control Disregarded,4407741,19.7,5.4,0.0,0.0,0.0,0.0,3,20.8,39.6,227,Overcast,1,1,
670,2021-04-09 10:15:00,40.684082,-73.90864,0,0,Passing Too Closely,4407891,13.4,5.7,0.0,0.0,0.0,0.0,3,15.7,33.8,146,Overcast,0,0,
671,2021-04-14 15:05:00,40.69349,-73.97917,1,0,Unspecified,4407647,19.7,5.4,0.0,0.0,0.0,0.0,3,20.8,39.6,227,Overcast,1,1,
672,2021-04-16 00:00:00,40.765266,-73.81517,0,0,Passing Too Closely,4407909,11.8,3.7,2.9,2.9,0.0,12.0,53,23.5,49.0,307,Drizzle: Moderate,0,0,
673,2021-04-14 18:00:00,40.74613,-73.83605,0,0,Driver Inattention/Distraction,4407439,19.7,5.4,0.0,0.0,0.0,0.0,3,20.8,39.6,227,Overcast,0,0,
674,2021-04-15 12:17:00,40.74708,-73.98135,1,0,Driver Inattention/Distraction,4407604,12.9,7.7,15.9,15.9,0.0,15.0,63,17.3,32.0,166,Rain: Moderate,1,1,
675,2021-04-15 10:37:00,40.87482,-73.877,1,0,Driver Inattention/Distraction,4407752,12.9,7.7,15.9,15.9,0.0,15.0,63,17.3,32.0,166,Rain: Moderate,1,1,
676,2021-04-14 19:15:00,40.70399,-73.85589,0,0,Failure to Yield Right-of-Way,4407380,19.7,5.4,0.0,0.0,0.0,0.0,3,20.8,39.6,227,Overcast,0,0,
677,2021-04-16 21:30:00,40.649788,-73.9622,0,0,Unspecified,4408037,11.8,3.7,2.9,2.9,0.0,12.0,53,23.5,49.0,307,Drizzle: Moderate,0,0,
678,2021-04-11 11:50:00,40.69507,-73.80114,0,0,Passing or Lane Usage Improper,4408416,14.2,8.5,25.3,25.3,0.0,15.0,63,25.7,48.2,77,Rain: Moderate,0,0,
679,2021-04-15 09:57:00,40.788673,-73.97136,0,0,Passing Too Closely,4407549,12.9,7.7,15.9,15.9,0.0,15.0,63,17.3,32.0,166,Rain: Moderate,0,0,
680,2021-04-15 13:07:00,40.847897,-73.92499,0,0,Unspecified,4408002,12.9,7.7,15.9,15.9,0.0,15.0,63,17.3,32.0,166,Rain: Moderate,0,0,
681,2021-04-14 11:30:00,40.68896,-73.93326,1,0,Driver Inattention/Distraction,4408227,19.7,5.4,0.0,0.0,0.0,0.0,3,20.8,39.6,227,Overcast,1,1,
682,2021-04-13 07:25:00,40.695377,-73.94921,0,0,Passing or Lane Usage Improper,4408262,18.3,5.8,4.5,4.5,0.0,5.0,61,14.5,28.1,17,Rain: Light,0,0,
683,2021-04-16 18:03:00,40.880657,-73.877625,0,0,Passing or Lane Usage Improper,4407897,11.8,3.7,2.9,2.9,0.0,12.0,53,23.5,49.0,307,Drizzle: Moderate,0,0,
684,2021-04-16 21:00:00,40.828114,-73.93107,0,0,Unsafe Lane Changing,4408187,11.8,3.7,2.9,2.9,0.0,12.0,53,23.5,49.0,307,Drizzle: Moderate,0,0,
685,2021-04-16 10:40:00,40.781265,-73.97599,1,0,Driver Inattention/Distraction,4407975,11.8,3.7,2.9,2.9,0.0,12.0,53,23.5,49.0,307,Drizzle: Moderate,1,1,
686,2021-04-16 20:07:00,40.848736,-73.93234,0,0,Failure to Yield Right-of-Way,4408164,11.8,3.7,2.9,2.9,0.0,12.0,53,23.5,49.0,307,Drizzle: Moderate,0,0,
687,2021-04-15 22:22:00,40.65989,-73.90536,0,0,Unspecified,4408085,12.9,7.7,15.9,15.9,0.0,15.0,63,17.3,32.0,166,Rain: Moderate,0,0,
688,2021-04-16 18:40:00,40.748436,-73.984566,1,0,Unsafe Lane Changing,4408250,11.8,3.7,2.9,2.9,0.0,12.0,53,23.5,49.0,307,Drizzle: Moderate,1,1,
689,2021-04-15 12:38:00,40.61033,-73.95932,1,0,Unsafe Lane Changing,4408028,12.9,7.7,15.9,15.9,0.0,15.0,63,17.3,32.0,166,Rain: Moderate,1,1,
690,2021-04-14 12:20:00,40.752556,-73.92972,0,0,Unspecified,4407580,19.7,5.4,0.0,0.0,0.0,0.0,3,20.8,39.6,227,Overcast,0,0,
691,2021-04-14 20:50:00,40.829697,-73.91313,1,0,Failure to Yield Right-of-Way,4408302,19.7,5.4,0.0,0.0,0.0,0.0,3,20.8,39.6,227,Overcast,1,1,
692,2021-04-14 02:30:00,40.718826,-73.98424,0,0,Turning Improperly,4407400,19.7,5.4,0.0,0.0,0.0,0.0,3,20.8,39.6,227,Overcast,0,0,
693,2021-04-16 12:38:00,40.65241,-73.9264,0,0,Unspecified,4408128,11.8,3.7,2.9,2.9,0.0,12.0,53,23.5,49.0,307,Drizzle: Moderate,0,0,
694,2021-04-15 15:20:00,40.852673,-73.919106,1,0,Following Too Closely,4408194,12.9,7.7,15.9,15.9,0.0,15.0,63,17.3,32.0,166,Rain: Moderate,1,1,
695,2021-04-16 15:00:00,40.851555,-73.952446,0,0,Passing Too Closely,4408289,11.8,3.7,2.9,2.9,0.0,12.0,53,23.5,49.0,307,Drizzle: Moderate,0,0,
696,2021-04-16 12:50:00,40.707928,-73.784294,0,0,Traffic Control Disregarded,4407953,11.8,3.7,2.9,2.9,0.0,12.0,53,23.5,49.0,307,Drizzle: Moderate,0,0,
697,2021-04-06 08:50:00,40.891876,-73.8616,0,0,Outside Car Distraction,4408391,18.3,4.8,0.0,0.0,0.0,0.0,1,21.9,38.9,319,Mainly clear,0,0,Sunny/Clear Conditions
698,2021-04-15 00:00:00,40.58947,-73.80105,0,0,Unspecified,4408204,12.9,7.7,15.9,15.9,0.0,15.0,63,17.3,32.0,166,Rain: Moderate,0,0,
699,2021-04-01 04:46:00,40.74668,-73.9745,0,0,Turning Improperly,4407870,11.1,2.9,6.5,6.5,0.0,11.0,63,28.5,53.6,323,Rain: Moderate,0,0,
700,2021-04-14 22:17:00,40.85814,-73.895744,0,0,Unspecified,4407524,19.7,5.4,0.0,0.0,0.0,0.0,3,20.8,39.6,227,Overcast,0,0,
701,2021-04-16 14:35:00,40.708626,-73.94513,0,0,Driver Inattention/Distraction,4408353,11.8,3.7,2.9,2.9,0.0,12.0,53,23.5,49.0,307,Drizzle: Moderate,0,0,
702,2021-04-14 15:25:00,40.73464,-73.87421,1,0,Reaction to Uninvolved Vehicle,4407445,19.7,5.4,0.0,0.0,0.0,0.0,3,20.8,39.6,227,Overcast,1,1,
703,2021-04-16 10:00:00,40.62855,-73.952835,0,0,Unspecified,4408056,11.8,3.7,2.9,2.9,0.0,12.0,53,23.5,49.0,307,Drizzle: Moderate,0,0,
704,2021-04-14 13:40:00,40.65563,-73.92596,2,0,Unspecified,4407327,19.7,5.4,0.0,0.0,0.0,0.0,3,20.8,39.6,227,Overcast,2,2,
705,2021-04-16 10:10:00,40.687046,-73.792114,0,0,Driver Inattention/Distraction,4407784,11.8,3.7,2.9,2.9,0.0,12.0,53,23.5,49.0,307,Drizzle: Moderate,0,0,
706,2021-04-14 11:46:00,40.70326,-73.86474,1,0,Driver Inattention/Distraction,4407928,19.7,5.4,0.0,0.0,0.0,0.0,3,20.8,39.6,227,Overcast,1,1,
707,2021-04-06 16:00:00,0.0,0.0,1,0,Driver Inattention/Distraction,4408107,18.3,4.8,0.0,0.0,0.0,0.0,1,21.9,38.9,319,Mainly clear,1,1,Sunny/Clear Conditions
708,2021-04-14 13:00:00,40.633114,-73.94928,0,0,Driver Inattention/Distraction,4407454,19.7,5.4,0.0,0.0,0.0,0.0,3,20.8,39.6,227,Overcast,0,0,
709,2021-04-14 13:30:00,40.62046,-74.07641,0,0,Unspecified,4407372,19.7,5.4,0.0,0.0,0.0,0.0,3,20.8,39.6,227,Overcast,0,0,
710,2021-04-14 21:24:00,40.75964,-73.95817,0,0,Reaction to Uninvolved Vehicle,4407444,19.7,5.4,0.0,0.0,0.0,0.0,3,20.8,39.6,227,Overcast,0,0,
711,2021-04-13 20:15:00,40.64254,-73.87652,2,0,Following Too Closely,4407756,18.3,5.8,4.5,4.5,0.0,5.0,61,14.5,28.1,17,Rain: Light,2,2,
712,2021-04-15 10:30:00,40.783146,-73.97833,1,0,Passing Too Closely,4407620,12.9,7.7,15.9,15.9,0.0,15.0,63,17.3,32.0,166,Rain: Moderate,1,1,
713,2021-04-14 23:30:00,40.705452,-73.78149,6,0,Reaction to Uninvolved Vehicle,4407412,19.7,5.4,0.0,0.0,0.0,0.0,3,20.8,39.6,227,Overcast,6,6,
714,2021-04-15 19:00:00,40.74425,-73.7334,0,0,Unspecified,4407633,12.9,7.7,15.9,15.9,0.0,15.0,63,17.3,32.0,166,Rain: Moderate,0,0,
715,2021-04-14 04:35:00,40.75348,-73.980896,0,0,Unsafe Lane Changing,4407119,19.7,5.4,0.0,0.0,0.0,0.0,3,20.8,39.6,227,Overcast,0,0,
716,2021-04-14 23:46:00,40.84307,-73.848076,2,0,Unspecified,4407660,19.7,5.4,0.0,0.0,0.0,0.0,3,20.8,39.6,227,Overcast,2,2,
717,2021-04-15 12:30:00,40.620914,-73.9753,1,0,Illnes,4408154,12.9,7.7,15.9,15.9,0.0,15.0,63,17.3,32.0,166,Rain: Moderate,1,1,
718,2021-04-04 21:43:00,40.80889,-73.95581,0,0,Unsafe Speed,4407773,16.2,3.4,0.0,0.0,0.0,0.0,3,18.5,33.1,302,Overcast,0,0,
719,2021-04-15 13:18:00,40.78847,-73.968895,0,0,Driver Inattention/Distraction,4407567,12.9,7.7,15.9,15.9,0.0,15.0,63,17.3,32.0,166,Rain: Moderate,0,0,
720,2021-04-14 13:36:00,40.712776,-73.90601,1,0,Following Too Closely,4407938,19.7,5.4,0.0,0.0,0.0,0.0,3,20.8,39.6,227,Overcast,1,1,
721,2021-04-16 00:30:00,40.75868,-73.87552,0,0,Unsafe Speed,4407713,11.8,3.7,2.9,2.9,0.0,12.0,53,23.5,49.0,307,Drizzle: Moderate,0,0,
722,2021-04-16 17:50:00,40.74661,-73.86473,0,0,Alcohol Involvement,4408208,11.8,3.7,2.9,2.9,0.0,12.0,53,23.5,49.0,307,Drizzle: Moderate,0,0,
723,2021-04-16 16:01:00,40.835705,-73.88875,0,0,Unsafe Speed,4408043,11.8,3.7,2.9,2.9,0.0,12.0,53,23.5,49.0,307,Drizzle: Moderate,0,0,
724,2021-03-28 18:30:00,40.688404,-73.93803,1,0,Unspecified,4408233,18.8,7.6,18.6,18.6,0.0,15.0,63,30.0,70.9,180,Rain: Moderate,1,1,
725,2021-04-12 20:00:00,40.781715,-73.823845,1,0,Failure to Yield Right-of-Way,4407990,8.7,6.7,13.6,13.6,0.0,21.0,61,23.4,42.1,51,Rain: Light,1,1,
726,2021-04-02 21:15:00,40.730644,-73.97329,0,0,Unsafe Speed,4408079,3.5,-3.6,0.0,0.0,0.0,0.0,3,25.9,51.1,324,Overcast,0,0,
727,2021-04-16 15:05:00,40.75218,-73.85201,0,0,Following Too Closely,4408217,11.8,3.7,2.9,2.9,0.0,12.0,53,23.5,49.0,307,Drizzle: Moderate,0,0,
728,2021-04-16 15:45:00,40.731422,-73.94641,1,0,Failure to Yield Right-of-Way,4408331,11.8,3.7,2.9,2.9,0.0,12.0,53,23.5,49.0,307,Drizzle: Moderate,1,1,
729,2021-04-15 08:20:00,40.761234,-73.96389,0,0,Driver Inattention/Distraction,4407698,12.9,7.7,15.9,15.9,0.0,15.0,63,17.3,32.0,166,Rain: Moderate,0,0,
730,2021-04-10 19:09:00,40.668976,-73.90668,0,0,Unspecified,4407825,17.0,7.7,1.2,1.2,0.0,3.0,53,14.4,31.7,166,Drizzle: Moderate,0,0,