,CRASH DATETIME,LATITUDE,LONGITUDE,NUMBER OF PERSONS INJURED,NUMBER OF PERSONS KILLED,CONTRIBUTING FACTOR VEHICLE 1,COLLISION_ID,temperature_2m_max,temperature_2m_min,precipitation_sum,rain_sum,snowfall_sum,precipitation_hours,weather_code,wind_speed_10m_max,wind_gusts_10m_max,wind_direction_10m_dominant,Weather Description,Severity_Score,Total_Affected_Persons,Weather_Category
731,2021-04-15 18:20:00,40.637276,-73.93177,0,0,Unspecified,4408122,12.9,7.7,15.9,15.9,0.0,15.0,63,17.3,32.0,166,Rain: Moderate,0,0,
732,2021-04-11 01:36:00,40.788685,-73.94386,0,0,Driver Inattention/Distraction,4407838,14.2,8.5,25.3,25.3,0.0,15.0,63,25.7,48.2,77,Rain: Moderate,0,0,
733,2021-04-16 22:42:00,40.87356,-73.81853,0,0,Passing or Lane Usage Improper,4407948,11.8,3.7,2.9,2.9,0.0,12.0,53,23.5,49.0,307,Drizzle: Moderate,0,0,
734,2021-04-14 23:32:00,40.795006,-73.9485,1,0,Driver Inattention/Distraction,4407843,19.7,5.4,0.0,0.0,0.0,0.0,3,20.8,39.6,227,Overcast,1,1,
735,2021-04-15 08:30:00,40.820095,-73.955086,1,0,Unspecified,4407515,12.9,7.7,15.9,15.9,0.0,15.0,63,17.3,32.0,166,Rain: Moderate,1,1,
736,2021-04-14 11:26:00,40.594334,-73.990944,1,0,Driver Inattention/Distraction,4407312,19.7,5.4,0.0,0.0,0.0,0.0,3,20.8,39.6,227,Overcast,1,1,
737,2021-04-14 11:00:00,40.666306,-73.79171,0,0,Unsafe Speed,4407314,19.7,5.4,0.0,0.0,0.0,0.0,3,20.8,39.6,227,Overcast,0,0,
738,2021-04-14 12:37:00,40.673008,-73.97851,0,0,Passing or Lane Usage Improper,4407489,19.7,5.4,0.0,0.0,0.0,0.0,3,20.8,39.6,227,Overcast,0,0,
739,2021-04-14 00:25:00,40.583626,-73.98407,0,0,Unsafe Speed,4407656,19.7,5.4,0.0,0.0,0.0,0.0,3,20.8,39.6,227,Overcast,0,0,
740,2021-04-14 12:45:00,40.874474,-73.90031,0,0,Unspecified,4407332,19.7,5.4,0.0,0.0,0.0,0.0,3,20.8,39.6,227,Overcast,0,0,
741,2021-04-14 14:25:00,40.633995,-73.98138,1,0,Unspecified,4407506,19.7,5.4,0.0,0.0,0.0,0.0,3,20.8,39.6,227,Overcast,1,1,
742,2021-04-14 23:20:00,40.772327,-73.94531,1,0,Unspecified,4408401,19.7,5.4,0.0,0.0,0.0,0.0,3,20.8,39.6,227,Overcast,1,1,
743,2021-04-15 18:45:00,40.704937,-73.94932,0,0,Other Vehicular,4407677,12.9,7.7,15.9,15.9,0.0,15.0,63,17.3,32.0,166,Rain: Moderate,0,0,
744,2021-04-14 15:34:00,40.653873,-74.008156,1,0,Reaction to Uninvolved Vehicle,4407359,19.7,5.4,0.0,0.0,0.0,0.0,3,20.8,39.6,227,Overcast,1,1,
745,2021-04-08 00:00:00,40.677917,-73.93861,1,0,Following Too Closely,4408266,18.2,5.5,0.0,0.0,0.0,0.0,3,18.0,35.3,173,Overcast,1,1,
746,2021-04-14 13:20:00,40.59857,-73.9689,0,0,Unspecified,4407696,19.7,5.4,0.0,0.0,0.0,0.0,3,20.8,39.6,227,Overcast,0,0,
747,2021-04-14 06:15:00,40.809563,-73.92923,0,0,Unspecified,4407261,19.7,5.4,0.0,0.0,0.0,0.0,3,20.8,39.6,227,Overcast,0,0,
748,2021-04-16 15:12:00,40.68836,-73.96444,1,0,Unspecified,4407857,11.8,3.7,2.9,2.9,0.0,12.0,53,23.5,49.0,307,Drizzle: Moderate,1,1,
749,2021-04-14 19:30:00,40.666737,-73.90224,0,0,Failure to Yield Right-of-Way,4407490,19.7,5.4,0.0,0.0,0.0,0.0,3,20.8,39.6,227,Overcast,0,0,
750,2021-04-14 10:30:00,40.713173,-73.90076,1,0,Unspecified,4407788,19.7,5.4,0.0,0.0,0.0,0.0,3,20.8,39.6,227,Overcast,1,1,
751,2021-04-15 06:00:00,40.73006,-73.710754,0,0,Unspecified,4408379,12.9,7.7,15.9,15.9,0.0,15.0,63,17.3,32.0,166,Rain: Moderate,0,0,
752,2021-04-13 16:20:00,40.652317,-73.92752,0,0,Driver Inattention/Distraction,4408103,18.3,5.8,4.5,4.5,0.0,5.0,61,14.5,28.1,17,Rain: Light,0,0,
753,2021-04-15 01:20:00,40.76122,-73.93056,1,0,Unspecified,4408076,12.9,7.7,15.9,15.9,0.0,15.0,63,17.3,32.0,166,Rain: Moderate,1,1,
754,2021-04-12 18:00:00,40.588722,-73.960464,0,0,Failure to Yield Right-of-Way,4408049,8.7,6.7,13.6,13.6,0.0,21.0,61,23.4,42.1,51,Rain: Light,0,0,
755,2021-04-14 17:25:00,40.643456,-73.972725,0,0,Unspecified,4407527,19.7,5.4,0.0,0.0,0.0,0.0,3,20.8,39.6,227,Overcast,0,0,
756,2021-04-12 19:45:00,40.865532,-73.86238,0,0,Other Vehicular,4407836,8.7,6.7,13.6,13.6,0.0,21.0,61,23.4,42.1,51,Rain: Light,0,0,
757,2021-04-16 16:46:00,40.67612,-73.936005,1,0,Unspecified,4408274,11.8,3.7,2.9,2.9,0.0,12.0,53,23.5,49.0,307,Drizzle: Moderate,1,1,
758,2021-04-15 09:20:00,40.620663,-74.1524,1,0,Unsafe Lane Changing,4407547,12.9,7.7,15.9,15.9,0.0,15.0,63,17.3,32.0,166,Rain: Moderate,1,1,
759,2021-04-15 13:30:00,40.72166,-73.888664,0,0,Failure to Yield Right-of-Way,4407815,12.9,7.7,15.9,15.9,0.0,15.0,63,17.3,32.0,166,Rain: Moderate,0,0,
760,2021-04-14 17:45:00,40.733723,-73.72516,0,0,Unspecified,4408375,19.7,5.4,0.0,0.0,0.0,0.0,3,20.8,39.6,227,Overcast,0,0,
761,2021-04-14 09:30:00,40.745686,-73.97213,0,0,Driver Inattention/Distraction,4407279,19.7,5.4,0.0,0.0,0.0,0.0,3,20.8,39.6,227,Overcast,0,0,
762,2021-04-14 00:00:00,40.875294,-73.9088,0,0,Unspecified,4407331,19.7,5.4,0.0,0.0,0.0,0.0,3,20.8,39.6,227,Overcast,0,0,
763,2021-04-15 16:54:00,40.803555,-73.91184,1,0,Unspecified,4407686,12.9,7.7,15.9,15.9,0.0,15.0,63,17.3,32.0,166,Rain: Moderate,1,1,
764,2021-04-15 19:20:00,40.7605,-73.95699,0,0,Pavement Slippery,4408398,12.9,7.7,15.9,15.9,0.0,15.0,63,17.3,32.0,166,Rain: Moderate,0,0,
765,2021-04-16 00:17:00,40.661995,-73.91959,0,0,Unspecified,4408066,11.8,3.7,2.9,2.9,0.0,12.0,53,23.5,49.0,307,Drizzle: Moderate,0,0,
766,2021-04-16 13:02:00,40.69045,-73.959435,0,0,Passing Too Closely,4408309,11.8,3.7,2.9,2.9,0.0,12.0,53,23.5,49.0,307,Drizzle: Moderate,0,0,
767,2021-04-16 11:38:00,40.658672,-73.90019,1,0,Unspecified,4408068,11.8,3.7,2.9,2.9,0.0,12.0,53,23.5,49.0,307,Drizzle: Moderate,1,1,
768,2021-04-15 22:50:00,40.711227,-73.72826,0,0,Unspecified,4407691,12.9,7.7,15.9,15.9,0.0,15.0,63,17.3,32.0,166,Rain: Moderate,0,0,
769,2021-04-14 13:07:00,40.700485,-73.93637,1,0,Following Too Closely,4407353,19.7,5.4,0.0,0.0,0.0,0.0,3,20.8,39.6,227,Overcast,1,1,
770,2021-04-14 18:49:00,40.816555,-73.91755,0,0,Turning Improperly,4407433,19.7,5.4,0.0,0.0,0.0,0.0,3,20.8,39.6,227,Overcast,0,0,
771,2021-04-15 22:35:00,40.861862,-73.91282,0,0,Traffic Control Disregarded,4407679,12.9,7.7,15.9,15.9,0.0,15.0,63,17.3,32.0,166,Rain: Moderate,0,0,
772,2021-04-14 22:20:00,40.875793,-73.85465,0,0,Other Vehicular,4407566,19.7,5.4,0.0,0.0,0.0,0.0,3,20.8,39.6,227,Overcast,0,0,
773,2021-04-16 06:30:00,40.68657,-73.776146,0,0,Unspecified,4408026,11.8,3.7,2.9,2.9,0.0,12.0,53,23.5,49.0,307,Drizzle: Moderate,0,0,
774,2021-04-14 17:30:00,40.654705,-74.00731,0,0,Unspecified,4407651,19.7,5.4,0.0,0.0,0.0,0.0,3,20.8,39.6,227,Overcast,0,0,
775,2021-04-14 09:50:00,40.637054,-73.98643,1,0,Unspecified,4407296,19.7,5.4,0.0,0.0,0.0,0.0,3,20.8,39.6,227,Overcast,1,1,
776,2021-04-16 12:00:00,40.6191,-74.159615,0,0,Driver Inattention/Distraction,4407826,11.8,3.7,2.9,2.9,0.0,12.0,53,23.5,49.0,307,Drizzle: Moderate,0,0,
777,2021-04-14 08:00:00,40.734566,-73.72269,0,0,Driver Inattention/Distraction,4407368,19.7,5.4,0.0,0.0,0.0,0.0,3,20.8,39.6,227,Overcast,0,0,
778,2021-04-13 09:35:00,40.714912,-73.94784,1,0,Following Too Closely,4407804,18.3,5.8,4.5,4.5,0.0,5.0,61,14.5,28.1,17,Rain: Light,1,1,
779,2021-04-14 06:10:00,40.74734,-73.88673,0,0,Pedestrian/Bicyclist/Other Pedestrian Error/Confusion,4407242,19.7,5.4,0.0,0.0,0.0,0.0,3,20.8,39.6,227,Overcast,0,0,
780,2021-04-16 18:18:00,40.6963,-73.97545,0,0,Driver Inattention/Distraction,4407858,11.8,3.7,2.9,2.9,0.0,12.0,53,23.5,49.0,307,Drizzle: Moderate,0,0,
781,2021-04-16 09:40:00,40.63598,-73.915146,1,0,Unspecified,4407795,11.8,3.7,2.9,2.9,0.0,12.0,53,23.5,49.0,307,Drizzle: Moderate,1,1,
782,2021-04-14 12:00:00,40.724358,-73.742516,1,0,Traffic Control Disregarded,4407347,19.7,5.4,0.0,0.0,0.0,0.0,3,20.8,39.6,227,Overcast,1,1,
783,2016-04-16 14:20:00,40.586277,-73.9862,0,0,Driver Inattention/Distraction,4408059,16.8,2.4,0.0,0.0,0.0,0.0,3,13.0,29.2,58,Overcast,0,0,
784,2021-04-16 01:30:00,40.671932,-73.85165,0,0,Unsafe Lane Changing,4407715,11.8,3.7,2.9,2.9,0.0,12.0,53,23.5,49.0,307,Drizzle: Moderate,0,0,
785,2021-04-10 23:05:00,40.650703,-73.920586,0,0,Driver Inattention/Distraction,4408114,17.0,7.7,1.2,1.2,0.0,3.0,53,14.4,31.7,166,Drizzle: Moderate,0,0,
786,2021-04-16 06:49:00,40.61378,-74.07225,0,0,Passing Too Closely,4408312,11.8,3.7,2.9,2.9,0.0,12.0,53,23.5,49.0,307,Drizzle: Moderate,0,0,
787,2021-04-15 22:15:00,40.727375,-73.90313,0,0,Unsafe Speed,4407922,12.9,7.7,15.9,15.9,0.0,15.0,63,17.3,32.0,166,Rain: Moderate,0,0,
788,2021-04-14 15:10:00,40.573204,-74.09711,0,0,Traffic Control Disregarded,4407342,19.7,5.4,0.0,0.0,0.0,0.0,3,20.8,39.6,227,Overcast,0,0,
789,2021-04-15 13:30:00,40.671604,-73.86907,0,0,Unspecified,4407748,12.9,7.7,15.9,15.9,0.0,15.0,63,17.3,32.0,166,Rain: Moderate,0,0,
790,2021-04-15 16:50:00,40.740276,-73.92782,0,0,Driver Inattention/Distraction,4407619,12.9,7.7,15.9,15.9,0.0,15.0,63,17.3,32.0,166,Rain: Moderate,0,0,
791,2021-04-06 15:02:00,40.684,-73.95031,0,0,Passing Too Closely,4408297,18.3,4.8,0.0,0.0,0.0,0.0,1,21.9,38.9,319,Mainly clear,0,0,Sunny/Clear Conditions
792,2021-04-15 15:00:00,40.704494,-73.81743,1,0,Following Too Closely,4407763,12.9,7.7,15.9,15.9,0.0,15.0,63,17.3,32.0,166,Rain: Moderate,1,1,
793,2021-04-16 06:50:00,40.845642,-73.90211,0,0,Unsafe Lane Changing,4408005,11.8,3.7,2.9,2.9,0.0,12.0,53,23.5,49.0,307,Drizzle: Moderate,0,0,
794,2021-04-15 05:36:00,40.82681,-73.85361,0,0,Following Too Closely,4407504,12.9,7.7,15.9,15.9,0.0,15.0,63,17.3,32.0,166,Rain: Moderate,0,0,
795,2021-04-06 21:30:00,40.681168,-73.92941,0,0,Passing Too Closely,4408231,18.3,4.8,0.0,0.0,0.0,0.0,1,21.9,38.9,319,Mainly clear,0,0,Sunny/Clear Conditions
796,2021-04-09 20:00:00,40.64739,-73.92314,0,0,Unspecified,4408106,13.4,5.7,0.0,0.0,0.0,0.0,3,15.7,33.8,146,Overcast,0,0,
797,2021-04-15 08:30:00,40.687138,-73.75136,1,0,Failure to Yield Right-of-Way,4407542,12.9,7.7,15.9,15.9,0.0,15.0,63,17.3,32.0,166,Rain: Moderate,1,1,
798,2021-04-15 09:09:00,40.865143,-73.87204,0,0,Unspecified,4407523,12.9,7.7,15.9,15.9,0.0,15.0,63,17.3,32.0,166,Rain: Moderate,0,0,
799,2021-04-14 22:50:00,40.866673,-73.90896,2,0,Driver Inattention/Distraction,4407428,19.7,5.4,0.0,0.0,0.0,0.0,3,20.8,39.6,227,Overcast,2,2,
800,2021-04-10 18:50:00,40.72313,-73.90614,0,0,Unspecified,4408257,17.0,7.7,1.2,1.2,0.0,3.0,53,14.4,31.7,166,Drizzle: Moderate,0,0,
801,2021-04-15 14:46:00,40.674934,-73.80186,0,0,Unspecified,4407595,12.9,7.7,15.9,15.9,0.0,15.0,63,17.3,32.0,166,Rain: Moderate,0,0,
802,2021-04-15 11:10:00,40.708363,-73.92401,0,0,Driver Inattention/Distraction,4407672,12.9,7.7,15.9,15.9,0.0,15.0,63,17.3,32.0,166,Rain: Moderate,0,0,
803,2021-04-16 11:20:00,40.739525,-73.92512,0,0,Driver Inattention/Distraction,4407832,11.8,3.7,2.9,2.9,0.0,12.0,53,23.5,49.0,307,Drizzle: Moderate,0,0,
804,2021-04-14 18:04:00,40.637997,-74.02136,2,0,Unspecified,4407384,19.7,5.4,0.0,0.0,0.0,0.0,3,20.8,39.6,227,Overcast,2,2,
805,2021-04-14 21:40:00,40.750965,-73.94027,1,0,Driver Inattention/Distraction,4408387,19.7,5.4,0.0,0.0,0.0,0.0,3,20.8,39.6,227,Overcast,1,1,
806,2020-04-15 15:20:00,40.671585,-73.99843,0,0,Driver Inattention/Distraction,4407790,10.6,4.2,1.4,1.4,0.0,6.0,51,24.5,48.2,299,Drizzle: Light,0,0,
807,2021-04-15 16:10:00,40.694294,-73.74868,3,0,Unspecified,4407612,12.9,7.7,15.9,15.9,0.0,15.0,63,17.3,32.0,166,Rain: Moderate,3,3,
808,2021-04-08 17:25:00,40.810173,-73.95117,1,0,Pedestrian/Bicyclist/Other Pedestrian Error/Confusion,4407775,18.2,5.5,0.0,0.0,0.0,0.0,3,18.0,35.3,173,Overcast,1,1,
809,2021-04-16 09:29:00,40.694748,-73.73427,1,0,Driver Inattention/Distraction,4407864,11.8,3.7,2.9,2.9,0.0,12.0,53,23.5,49.0,307,Drizzle: Moderate,1,1,
810,2021-04-14 19:30:00,40.687103,-73.89251,0,0,Driverless/Runaway Vehicle,4407379,19.7,5.4,0.0,0.0,0.0,0.0,3,20.8,39.6,227,Overcast,0,0,
811,2021-04-14 15:00:00,0.0,0.0,0,0,Driver Inattention/Distraction,4408054,19.7,5.4,0.0,0.0,0.0,0.0,3,20.8,39.6,227,Overcast,0,0,
812,2021-04-14 03:04:00,40.861744,-73.911804,0,0,Unsafe Speed,4407156,19.7,5.4,0.0,0.0,0.0,0.0,3,20.8,39.6,227,Overcast,0,0,
813,2021-04-15 19:45:00,40.741074,-73.7258,0,0,Unspecified,4407634,12.9,7.7,15.9,15.9,0.0,15.0,63,17.3,32.0,166,Rain: Moderate,0,0,
814,2021-04-13 08:24:00,40.67875,-73.794,1,0,Traffic Control Disregarded,4408389,18.3,5.8,4.5,4.5,0.0,5.0,61,14.5,28.1,17,Rain: Light,1,1,
815,2021-04-14 13:16:00,40.666943,-73.890144,0,0,Driver Inattention/Distraction,4407724,19.7,5.4,0.0,0.0,0.0,0.0,3,20.8,39.6,227,Overcast,0,0,
816,2021-04-16 08:30:00,40.6635,-73.94276,0,0,Unspecified,4407942,11.8,3.7,2.9,2.9,0.0,12.0,53,23.5,49.0,307,Drizzle: Moderate,0,0,
817,2021-07-09 14:19:00,40.850304,-73.85137,1,0,Failure to Yield Right-of-Way,4456714,29.8,22.0,35.0,35.0,0.0,14.0,63,31.0,55.8,341,Rain: Moderate,1,1,
818,2021-04-16 20:17:00,40.827824,-73.91934,1,0,Failure to Yield Right-of-Way,4408197,11.8,3.7,2.9,2.9,0.0,12.0,53,23.5,49.0,307,Drizzle: Moderate,1,1,
819,2021-04-15 16:08:00,40.575832,-74.12409,1,0,Driver Inexperience,4407847,12.9,7.7,15.9,15.9,0.0,15.0,63,17.3,32.0,166,Rain: Moderate,1,1,
820,2021-04-14 10:00:00,40.730366,-73.91388,0,0,Unspecified,4407403,19.7,5.4,0.0,0.0,0.0,0.0,3,20.8,39.6,227,Overcast,0,0,
821,2021-04-15 17:47:00,40.640945,-73.94852,0,0,Unspecified,4408120,12.9,7.7,15.9,15.9,0.0,15.0,63,17.3,32.0,166,Rain: Moderate,0,0,
822,2021-04-15 12:00:00,40.784237,-73.947075,0,0,Driver Inattention/Distraction,4407703,12.9,7.7,15.9,15.9,0.0,15.0,63,17.3,32.0,166,Rain: Moderate,0,0,
823,2021-04-15 20:29:00,40.76803,-73.87722,1,0,Failure to Yield Right-of-Way,4407668,12.9,7.7,15.9,15.9,0.0,15.0,63,17.3,32.0,166,Rain: Moderate,1,1,
824,2021-04-14 13:06:00,40.669823,-73.90981,0,0,Unspecified,4407570,19.7,5.4,0.0,0.0,0.0,0.0,3,20.8,39.6,227,Overcast,0,0,
825,2021-04-10 16:28:00,40.659336,-73.92726,0,0,Driver Inattention/Distraction,4408101,17.0,7.7,1.2,1.2,0.0,3.0,53,14.4,31.7,166,Drizzle: Moderate,0,0,
826,2021-04-16 04:00:00,40.616093,-74.14523,1,0,Driver Inattention/Distraction,4407800,11.8,3.7,2.9,2.9,0.0,12.0,53,23.5,49.0,307,Drizzle: Moderate,1,1,
827,2021-04-16 20:59:00,40.763546,-73.88209,0,0,Turning Improperly,4407917,11.8,3.7,2.9,2.9,0.0,12.0,53,23.5,49.0,307,Drizzle: Moderate,0,0,
828,2021-04-15 22:27:00,40.637234,-73.97266,0,0,Unspecified,4408151,12.9,7.7,15.9,15.9,0.0,15.0,63,17.3,32.0,166,Rain: Moderate,0,0,
829,2021-04-15 19:00:00,40.62614,-74.14276,0,0,Driver Inattention/Distraction,4407758,12.9,7.7,15.9,15.9,0.0,15.0,63,17.3,32.0,166,Rain: Moderate,0,0,
830,2021-04-16 07:30:00,40.638313,-73.95751,0,0,Unspecified,4408034,11.8,3.7,2.9,2.9,0.0,12.0,53,23.5,49.0,307,Drizzle: Moderate,0,0,
831,2021-04-16 09:35:00,40.651352,-73.89275,2,0,Unsafe Speed,4407998,11.8,3.7,2.9,2.9,0.0,12.0,53,23.5,49.0,307,Drizzle: Moderate,2,2,
832,2021-04-15 00:08:00,40.696564,-73.79125,1,0,Aggressive Driving/Road Rage,4407410,12.9,7.7,15.9,15.9,0.0,15.0,63,17.3,32.0,166,Rain: Moderate,1,1,
833,2021-04-15 17:30:00,40.72728,-73.97906,0,0,Unspecified,4408112,12.9,7.7,15.9,15.9,0.0,15.0,63,17.3,32.0,166,Rain: Moderate,0,0,
834,2021-04-16 02:12:00,40.67816,-73.897484,0,0,Passing or Lane Usage Improper,4407731,11.8,3.7,2.9,2.9,0.0,12.0,53,23.5,49.0,307,Drizzle: Moderate,0,0,
835,2021-04-13 16:49:00,40.905174,-73.85417,2,0,Failure to Yield Right-of-Way,4408095,18.3,5.8,4.5,4.5,0.0,5.0,61,14.5,28.1,17,Rain: Light,2,2,
836,2021-09-11 21:00:00,40.810387,-73.91521,1,0,Failure to Yield Right-of-Way,4456465,24.7,12.9,0.0,0.0,0.0,0.0,3,16.6,34.2,246,Overcast,1,1,
837,2021-04-14 15:00:00,40.754044,-73.990074,0,0,Driver Inattention/Distraction,4407470,19.7,5.4,0.0,0.0,0.0,0.0,3,20.8,39.6,227,Overcast,0,0,
838,2021-04-14 20:25:00,40.755234,-73.941246,1,0,Passing or Lane Usage Improper,4407582,19.7,5.4,0.0,0.0,0.0,0.0,3,20.8,39.6,227,Overcast,1,1,
839,2021-04-10 13:45:00,40.708675,-73.93699,0,0,Driver Inattention/Distraction,4408360,17.0,7.7,1.2,1.2,0.0,3.0,53,14.4,31.7,166,Drizzle: Moderate,0,0,
840,2021-04-16 18:45:00,40.65103,-73.93032,0,0,Traffic Control Disregarded,4408126,11.8,3.7,2.9,2.9,0.0,12.0,53,23.5,49.0,307,Drizzle: Moderate,0,0,
841,2021-04-14 00:00:00,40.645985,-74.00723,0,0,Passing Too Closely,4407395,19.7,5.4,0.0,0.0,0.0,0.0,3,20.8,39.6,227,Overcast,0,0,
842,2021-04-15 15:05:00,40.794773,-73.816185,2,0,Failure to Yield Right-of-Way,4407904,12.9,7.7,15.9,15.9,0.0,15.0,63,17.3,32.0,166,Rain: Moderate,2,2,
843,2021-04-16 21:04:00,40.845467,-73.940475,0,0,Driver Inattention/Distraction,4408288,11.8,3.7,2.9,2.9,0.0,12.0,53,23.5,49.0,307,Drizzle: Moderate,0,0,
844,2021-04-16 00:00:00,40.643875,-74.01887,0,0,Unspecified,4407961,11.8,3.7,2.9,2.9,0.0,12.0,53,23.5,49.0,307,Drizzle: Moderate,0,0,
845,2021-04-14 08:20:00,40.658947,-73.73472,0,0,Following Too Closely,4407363,19.7,5.4,0.0,0.0,0.0,0.0,3,20.8,39.6,227,Overcast,0,0,
846,2021-04-15 15:45:00,40.69168,-73.999344,0,0,Following Too Closely,4407629,12.9,7.7,15.9,15.9,0.0,15.0,63,17.3,32.0,166,Rain: Moderate,0,0,
847,2021-04-15 18:23:00,40.59727,-73.99868,0,0,Driver Inattention/Distraction,4407641,12.9,7.7,15.9,15.9,0.0,15.0,63,17.3,32.0,166,Rain: Moderate,0,0,
848,2021-04-14 21:20:00,40.878155,-73.84005,0,0,Traffic Control Disregarded,4408140,19.7,5.4,0.0,0.0,0.0,0.0,3,20.8,39.6,227,Overcast,0,0,
849,2021-04-02 22:20:00,40.696983,-73.935234,1,0,Unspecified,4408226,3.5,-3.6,0.0,0.0,0.0,0.0,3,25.9,51.1,324,Overcast,1,1,
850,2021-04-14 16:00:00,40.821075,-73.882126,0,0,Unspecified,4407500,19.7,5.4,0.0,0.0,0.0,0.0,3,20.8,39.6,227,Overcast,0,0,
851,2021-04-14 11:00:00,40.88765,-73.84167,0,0,Unspecified,4407558,19.7,5.4,0.0,0.0,0.0,0.0,3,20.8,39.6,227,Overcast,0,0,
852,2021-04-14 08:45:00,40.687843,-73.82005,0,0,Passing or Lane Usage Improper,4407421,19.7,5.4,0.0,0.0,0.0,0.0,3,20.8,39.6,227,Overcast,0,0,
853,2021-04-14 22:32:00,40.673252,-73.87773,2,0,Driver Inattention/Distraction,4407743,19.7,5.4,0.0,0.0,0.0,0.0,3,20.8,39.6,227,Overcast,2,2,
854,2021-04-14 11:00:00,40.6699,-73.95116,0,0,Unspecified,4408261,19.7,5.4,0.0,0.0,0.0,0.0,3,20.8,39.6,227,Overcast,0,0,
855,2021-04-16 15:04:00,40.667683,-73.99608,2,0,Following Too Closely,4407965,11.8,3.7,2.9,2.9,0.0,12.0,53,23.5,49.0,307,Drizzle: Moderate,2,2,
856,2021-04-14 18:10:00,40.63529,-73.958206,0,0,Unspecified,4407450,19.7,5.4,0.0,0.0,0.0,0.0,3,20.8,39.6,227,Overcast,0,0,
857,2021-04-13 13:00:00,40.71772,-73.96202,0,0,Unspecified,4407812,18.3,5.8,4.5,4.5,0.0,5.0,61,14.5,28.1,17,Rain: Light,0,0,
858,2021-04-16 15:20:00,40.857605,-73.93778,4,0,Other Vehicular,4408163,11.8,3.7,2.9,2.9,0.0,12.0,53,23.5,49.0,307,Drizzle: Moderate,4,4,
859,2021-04-16 18:25:00,40.7491,-73.984085,0,0,Traffic Control Disregarded,4408276,11.8,3.7,2.9,2.9,0.0,12.0,53,23.5,49.0,307,Drizzle: Moderate,0,0,
860,2021-04-15 17:03:00,40.71493,-73.79316,1,0,Driver Inattention/Distraction,4407676,12.9,7.7,15.9,15.9,0.0,15.0,63,17.3,32.0,166,Rain: Moderate,1,1,
861,2021-04-16 08:40:00,40.721985,-73.98552,0,0,Passing Too Closely,4407868,11.8,3.7,2.9,2.9,0.0,12.0,53,23.5,49.0,307,Drizzle: Moderate,0,0,
862,2021-09-08 18:00:00,40.5843,-74.16492,0,0,Failure to Yield Right-of-Way,4456784,26.4,19.6,0.7,0.7,0.0,6.0,51,26.7,55.8,187,Drizzle: Light,0,0,
863,2021-04-16 15:00:00,40.67983,-73.9583,0,0,Backing Unsafely,4408111,11.8,3.7,2.9,2.9,0.0,12.0,53,23.5,49.0,307,Drizzle: Moderate,0,0,
864,2021-04-15 14:54:00,40.730198,-73.954254,0,0,Driver Inattention/Distraction,4407807,12.9,7.7,15.9,15.9,0.0,15.0,63,17.3,32.0,166,Rain: Moderate,0,0,
865,2021-04-15 09:30:00,40.821117,-73.957466,0,0,Unspecified,4407706,12.9,7.7,15.9,15.9,0.0,15.0,63,17.3,32.0,166,Rain: Moderate,0,0,
866,2021-04-14 23:26:00,40.849167,-73.92393,0,0,Unsafe Speed,4407456,19.7,5.4,0.0,0.0,0.0,0.0,3,20.8,39.6,227,Overcast,0,0,
867,2021-04-13 17:20:00,40.579826,-73.97622,0,0,Driver Inattention/Distraction,4408050,18.3,5.8,4.5,4.5,0.0,5.0,61,14.5,28.1,17,Rain: Light,0,0,
868,2021-04-15 16:20:00,40.681335,-73.97667,1,0,Other Vehicular,4407699,12.9,7.7,15.9,15.9,0.0,15.0,63,17.3,32.0,166,Rain: Moderate,1,1,
869,2021-04-15 07:34:00,40.756725,-73.96,0,0,Reaction to Uninvolved Vehicle,4407605,12.9,7.7,15.9,15.9,0.0,15.0,63,17.3,32.0,166,Rain: Moderate,0,0,
870,2021-04-14 02:10:00,40.756557,-73.87594,0,0,Alcohol Involvement,4407135,19.7,5.4,0.0,0.0,0.0,0.0,3,20.8,39.6,227,Overcast,0,0,
871,2021-04-15 15:30:00,40.67792,-73.9182,0,0,Driver Inattention/Distraction,4407661,12.9,7.7,15.9,15.9,0.0,15.0,63,17.3,32.0,166,Rain: Moderate,0,0,
872,2021-04-14 07:44:00,40.607876,-73.92554,0,0,Turning Improperly,4407930,19.7,5.4,0.0,0.0,0.0,0.0,3,20.8,39.6,227,Overcast,0,0,
873,2021-04-16 15:16:00,40.607643,-74.03375,0,0,Following Too Closely,4407851,11.8,3.7,2.9,2.9,0.0,12.0,53,23.5,49.0,307,Drizzle: Moderate,0,0,
874,2021-04-15 13:45:00,40.540188,-74.149,0,0,Passing or Lane Usage Improper,4407844,12.9,7.7,15.9,15.9,0.0,15.0,63,17.3,32.0,166,Rain: Moderate,0,0,
875,2021-04-15 00:00:00,40.616306,-74.03348,0,0,Driver Inattention/Distraction,4407630,12.9,7.7,15.9,15.9,0.0,15.0,63,17.3,32.0,166,Rain: Moderate,0,0,
876,2021-04-13 14:44:00,40.583874,-73.823044,1,0,Turning Improperly,4408202,18.3,5.8,4.5,4.5,0.0,5.0,61,14.5,28.1,17,Rain: Light,1,1,
877,2021-04-14 09:30:00,40.877827,-73.879585,0,0,Unsafe Lane Changing,4407516,19.7,5.4,0.0,0.0,0.0,0.0,3,20.8,39.6,227,Overcast,0,0,
878,2021-04-14 13:20:00,40.714554,-73.83147,1,0,Following Too Closely,4407317,19.7,5.4,0.0,0.0,0.0,0.0,3,20.8,39.6,227,Overcast,1,1,