,CRASH DATETIME,LATITUDE,LONGITUDE,NUMBER OF PERSONS INJURED,NUMBER OF PERSONS KILLED,CONTRIBUTING FACTOR VEHICLE 1,COLLISION_ID,temperature_2m_max,temperature_2m_min,precipitation_sum,rain_sum,snowfall_sum,precipitation_hours,weather_code,wind_speed_10m_max,wind_gusts_10m_max,wind_direction_10m_dominant,Weather Description,Severity_Score,Total_Affected_Persons,Weather_Category
879,2021-04-15 16:00:00,40.763668,-73.82303,0,0,Passing or Lane Usage Improper,4408210,12.9,7.7,15.9,15.9,0.0,15.0,63,17.3,32.0,166,Rain: Moderate,0,0,
880,2021-04-16 16:25:00,40.705246,-73.95908,0,0,Driver Inattention/Distraction,4408354,11.8,3.7,2.9,2.9,0.0,12.0,53,23.5,49.0,307,Drizzle: Moderate,0,0,
881,2021-04-15 15:45:00,40.77451,-73.838036,0,0,Following Too Closely,4407911,12.9,7.7,15.9,15.9,0.0,15.0,63,17.3,32.0,166,Rain: Moderate,0,0,
882,2021-09-09 16:45:00,40.768482,-73.95255,1,0,Driver Inattention/Distraction,4456516,22.4,19.8,18.4,18.4,0.0,15.0,63,17.5,39.2,271,Rain: Moderate,1,1,
883,2021-04-08 13:25:00,40.797405,-73.942535,0,0,Driver Inattention/Distraction,4407839,18.2,5.5,0.0,0.0,0.0,0.0,3,18.0,35.3,173,Overcast,0,0,
884,2021-04-01 15:10:00,40.74058,-73.978935,0,0,Driver Inattention/Distraction,4408084,11.1,2.9,6.5,6.5,0.0,11.0,63,28.5,53.6,323,Rain: Moderate,0,0,
885,2021-04-14 12:12:00,40.829723,-73.8981,1,0,Unspecified,4407510,19.7,5.4,0.0,0.0,0.0,0.0,3,20.8,39.6,227,Overcast,1,1,
886,2021-04-05 09:15:00,40.7406,-73.81025,1,0,Backing Unsafely,4407992,18.0,5.6,0.0,0.0,0.0,0.0,2,25.7,49.0,313,Partly cloudy,1,1,
887,2021-04-16 16:20:00,40.71363,-73.917885,0,0,Backing Unsafely,4408252,11.8,3.7,2.9,2.9,0.0,12.0,53,23.5,49.0,307,Drizzle: Moderate,0,0,
888,2021-04-15 09:00:00,40.647594,-73.97351,1,0,Unspecified,4408221,12.9,7.7,15.9,15.9,0.0,15.0,63,17.3,32.0,166,Rain: Moderate,1,1,
889,2021-08-28 18:00:00,40.760403,-73.98748,0,0,Unspecified,4456756,26.2,20.2,3.9,3.9,0.0,18.0,53,23.5,45.0,65,Drizzle: Moderate,0,0,
890,2021-04-10 11:15:00,40.71975,-73.992165,1,0,Driver Inattention/Distraction,4408030,17.0,7.7,1.2,1.2,0.0,3.0,53,14.4,31.7,166,Drizzle: Moderate,1,1,
891,2021-04-13 13:40:00,40.834503,-73.93037,0,0,Unspecified,4407787,18.3,5.8,4.5,4.5,0.0,5.0,61,14.5,28.1,17,Rain: Light,0,0,
892,2021-04-15 15:34:00,40.63115,-74.076454,1,0,Failure to Yield Right-of-Way,4407646,12.9,7.7,15.9,15.9,0.0,15.0,63,17.3,32.0,166,Rain: Moderate,1,1,
893,2021-04-10 08:50:00,40.835724,-73.92129,0,0,Following Too Closely,4408195,17.0,7.7,1.2,1.2,0.0,3.0,53,14.4,31.7,166,Drizzle: Moderate,0,0,
894,2021-04-15 12:15:00,40.6354,-74.106674,0,0,Unspecified,4407571,12.9,7.7,15.9,15.9,0.0,15.0,63,17.3,32.0,166,Rain: Moderate,0,0,
895,2021-04-07 14:30:00,40.781647,-73.833664,0,0,Driver Inattention/Distraction,4407908,19.7,6.7,0.5,0.5,0.0,2.0,51,15.5,34.6,14,Drizzle: Light,0,0,
896,2021-04-14 05:39:00,40.68837,-73.98056,3,0,Driver Inattention/Distraction,4407427,19.7,5.4,0.0,0.0,0.0,0.0,3,20.8,39.6,227,Overcast,3,3,
897,2021-04-16 22:00:00,40.790417,-73.95184,0,0,Other Vehicular,4408409,11.8,3.7,2.9,2.9,0.0,12.0,53,23.5,49.0,307,Drizzle: Moderate,0,0,
898,2021-04-15 20:00:00,40.6481,-73.91474,0,0,Driver Inattention/Distraction,4408121,12.9,7.7,15.9,15.9,0.0,15.0,63,17.3,32.0,166,Rain: Moderate,0,0,
899,2021-04-16 14:00:00,40.71275,-73.7673,0,0,Driver Inattention/Distraction,4407954,11.8,3.7,2.9,2.9,0.0,12.0,53,23.5,49.0,307,Drizzle: Moderate,0,0,
900,2021-04-14 08:45:00,40.60069,-74.010056,0,0,Traffic Control Disregarded,4407755,19.7,5.4,0.0,0.0,0.0,0.0,3,20.8,39.6,227,Overcast,0,0,
901,2021-04-14 17:00:00,40.738068,-73.861046,0,0,Driver Inattention/Distraction,4407438,19.7,5.4,0.0,0.0,0.0,0.0,3,20.8,39.6,227,Overcast,0,0,
902,2021-04-15 23:09:00,40.680496,-73.821365,0,0,Passing Too Closely,4408419,12.9,7.7,15.9,15.9,0.0,15.0,63,17.3,32.0,166,Rain: Moderate,0,0,
903,2021-04-16 15:32:00,40.61924,-73.954124,0,0,Failure to Yield Right-of-Way,4408036,11.8,3.7,2.9,2.9,0.0,12.0,53,23.5,49.0,307,Drizzle: Moderate,0,0,
904,2021-04-16 22:45:00,40.629105,-74.034645,0,0,Unspecified,4407871,11.8,3.7,2.9,2.9,0.0,12.0,53,23.5,49.0,307,Drizzle: Moderate,0,0,
905,2021-04-14 11:40:00,40.699818,-73.920135,0,0,Passing Too Closely,4407551,19.7,5.4,0.0,0.0,0.0,0.0,3,20.8,39.6,227,Overcast,0,0,
906,2021-04-14 10:10:00,40.69802,-73.7623,1,0,Driver Inattention/Distraction,4407341,19.7,5.4,0.0,0.0,0.0,0.0,3,20.8,39.6,227,Overcast,1,1,
907,2021-04-16 12:30:00,40.62893,-73.971375,0,0,Unspecified,4408040,11.8,3.7,2.9,2.9,0.0,12.0,53,23.5,49.0,307,Drizzle: Moderate,0,0,
908,2021-04-16 16:15:00,40.831177,-73.942085,0,0,Driver Inattention/Distraction,4408069,11.8,3.7,2.9,2.9,0.0,12.0,53,23.5,49.0,307,Drizzle: Moderate,0,0,
909,2021-04-02 18:00:00,40.675037,-73.930534,0,0,Passing or Lane Usage Improper,4408267,3.5,-3.6,0.0,0.0,0.0,0.0,3,25.9,51.1,324,Overcast,0,0,
910,2021-04-14 19:01:00,40.64884,-73.95102,0,0,Driver Inattention/Distraction,4407358,19.7,5.4,0.0,0.0,0.0,0.0,3,20.8,39.6,227,Overcast,0,0,
911,2021-09-11 13:30:00,40.757725,-73.779274,0,0,Driver Inattention/Distraction,4455876,24.7,12.9,0.0,0.0,0.0,0.0,3,16.6,34.2,246,Overcast,0,0,
912,2021-04-15 10:13:00,40.766586,-73.9531,0,0,Passing Too Closely,4407695,12.9,7.7,15.9,15.9,0.0,15.0,63,17.3,32.0,166,Rain: Moderate,0,0,
913,2021-04-14 09:40:00,40.833126,-73.828285,0,0,Unspecified,4407265,19.7,5.4,0.0,0.0,0.0,0.0,3,20.8,39.6,227,Overcast,0,0,
914,2021-04-10 22:06:00,40.834675,-73.930275,4,0,Following Too Closely,4408300,17.0,7.7,1.2,1.2,0.0,3.0,53,14.4,31.7,166,Drizzle: Moderate,4,4,
915,2021-04-13 08:04:00,40.600883,-73.958694,1,0,Driver Inattention/Distraction,4407768,18.3,5.8,4.5,4.5,0.0,5.0,61,14.5,28.1,17,Rain: Light,1,1,
916,2021-04-15 23:06:00,40.863647,-73.8918,1,0,Traffic Control Disregarded,4407680,12.9,7.7,15.9,15.9,0.0,15.0,63,17.3,32.0,166,Rain: Moderate,1,1,
917,2021-04-14 12:00:00,40.593002,-74.159,0,0,Passing Too Closely,4407494,19.7,5.4,0.0,0.0,0.0,0.0,3,20.8,39.6,227,Overcast,0,0,
918,2021-04-10 04:45:00,40.689426,-73.94223,0,0,Traffic Control Disregarded,4408304,17.0,7.7,1.2,1.2,0.0,3.0,53,14.4,31.7,166,Drizzle: Moderate,0,0,
919,2021-04-14 17:30:00,40.75458,-73.99915,0,0,Passing or Lane Usage Improper,4407827,19.7,5.4,0.0,0.0,0.0,0.0,3,20.8,39.6,227,Overcast,0,0,
920,2021-04-14 22:40:00,40.741394,-73.82303,2,0,Unspecified,4407399,19.7,5.4,0.0,0.0,0.0,0.0,3,20.8,39.6,227,Overcast,2,2,
921,2021-04-14 12:47:00,40.676594,-73.89038,2,0,Turning Improperly,4407740,19.7,5.4,0.0,0.0,0.0,0.0,3,20.8,39.6,227,Overcast,2,2,
922,2021-04-16 14:30:00,40.76468,-73.9643,0,0,Backing Unsafely,4408392,11.8,3.7,2.9,2.9,0.0,12.0,53,23.5,49.0,307,Drizzle: Moderate,0,0,
923,2021-04-15 00:00:00,40.832764,-73.94583,3,0,Driver Inattention/Distraction,4407822,12.9,7.7,15.9,15.9,0.0,15.0,63,17.3,32.0,166,Rain: Moderate,3,3,
924,2021-04-14 06:55:00,40.698544,-73.96236,0,0,Following Too Closely,4407655,19.7,5.4,0.0,0.0,0.0,0.0,3,20.8,39.6,227,Overcast,0,0,
925,2021-04-14 19:00:00,40.747536,-73.89344,0,0,Unspecified,4407712,19.7,5.4,0.0,0.0,0.0,0.0,3,20.8,39.6,227,Overcast,0,0,
926,2021-04-14 17:00:00,40.540833,-74.159386,0,0,Failure to Yield Right-of-Way,4407343,19.7,5.4,0.0,0.0,0.0,0.0,3,20.8,39.6,227,Overcast,0,0,
927,2021-04-14 06:15:00,40.670017,-73.746185,0,0,Unspecified,4407364,19.7,5.4,0.0,0.0,0.0,0.0,3,20.8,39.6,227,Overcast,0,0,
928,2021-04-15 08:15:00,40.694996,-73.97022,1,0,Passing or Lane Usage Improper,4407560,12.9,7.7,15.9,15.9,0.0,15.0,63,17.3,32.0,166,Rain: Moderate,1,1,
929,2021-04-16 13:45:00,40.676758,-73.917404,0,0,Following Too Closely,4408232,11.8,3.7,2.9,2.9,0.0,12.0,53,23.5,49.0,307,Drizzle: Moderate,0,0,
930,2021-04-14 16:25:00,40.80124,-73.94183,1,0,Driver Inattention/Distraction,4407529,19.7,5.4,0.0,0.0,0.0,0.0,3,20.8,39.6,227,Overcast,1,1,
931,2021-04-15 03:00:00,40.667377,-73.880394,0,0,Unsafe Speed,4407744,12.9,7.7,15.9,15.9,0.0,15.0,63,17.3,32.0,166,Rain: Moderate,0,0,
932,2021-04-15 09:00:00,40.734135,-73.9992,1,0,Driver Inattention/Distraction,4407854,12.9,7.7,15.9,15.9,0.0,15.0,63,17.3,32.0,166,Rain: Moderate,1,1,
933,2021-04-14 07:40:00,40.679935,-73.91389,0,0,Other Vehicular,4407250,19.7,5.4,0.0,0.0,0.0,0.0,3,20.8,39.6,227,Overcast,0,0,
934,2021-09-11 20:15:00,40.715252,-73.74891,0,0,Unspecified,4455943,24.7,12.9,0.0,0.0,0.0,0.0,3,16.6,34.2,246,Overcast,0,0,
935,2021-04-16 08:00:00,40.684475,-73.97408,0,0,Driver Inattention/Distraction,4407783,11.8,3.7,2.9,2.9,0.0,12.0,53,23.5,49.0,307,Drizzle: Moderate,0,0,
936,2021-04-15 05:27:00,40.67816,-74.01416,1,0,Driver Inexperience,4408325,12.9,7.7,15.9,15.9,0.0,15.0,63,17.3,32.0,166,Rain: Moderate,1,1,
937,2021-04-16 17:15:00,40.79099,-73.96518,0,0,Passing Too Closely,4407877,11.8,3.7,2.9,2.9,0.0,12.0,53,23.5,49.0,307,Drizzle: Moderate,0,0,
938,2021-04-14 16:42:00,40.780125,-73.95304,0,0,Driver Inattention/Distraction,4407443,19.7,5.4,0.0,0.0,0.0,0.0,3,20.8,39.6,227,Overcast,0,0,
939,2021-04-15 14:56:00,40.800262,-73.94554,0,0,Unspecified,4407751,12.9,7.7,15.9,15.9,0.0,15.0,63,17.3,32.0,166,Rain: Moderate,0,0,
940,2021-04-15 20:50:00,40.682842,-73.9766,1,0,Pedestrian/Bicyclist/Other Pedestrian Error/Confusion,4407890,12.9,7.7,15.9,15.9,0.0,15.0,63,17.3,32.0,166,Rain: Moderate,1,1,
941,2021-04-15 18:16:00,40.660316,-73.913216,3,0,Driver Inattention/Distraction,4408065,12.9,7.7,15.9,15.9,0.0,15.0,63,17.3,32.0,166,Rain: Moderate,3,3,
942,2021-04-04 04:00:00,40.8053,-73.94728,0,0,Unspecified,4407772,16.2,3.4,0.0,0.0,0.0,0.0,3,18.5,33.1,302,Overcast,0,0,
943,2021-04-15 16:10:00,40.834507,-73.91772,1,0,Traffic Control Disregarded,4408189,12.9,7.7,15.9,15.9,0.0,15.0,63,17.3,32.0,166,Rain: Moderate,1,1,
944,2021-04-16 21:20:00,40.758224,-73.91741,1,0,Backing Unsafely,4408021,11.8,3.7,2.9,2.9,0.0,12.0,53,23.5,49.0,307,Drizzle: Moderate,1,1,
945,2021-04-14 12:00:00,40.824734,-73.94854,0,0,Driver Inattention/Distraction,4407310,19.7,5.4,0.0,0.0,0.0,0.0,3,20.8,39.6,227,Overcast,0,0,
946,2021-04-14 18:14:00,40.855873,-73.79149,1,0,Unspecified,4408400,19.7,5.4,0.0,0.0,0.0,0.0,3,20.8,39.6,227,Overcast,1,1,
947,2021-04-15 21:42:00,40.686115,-73.86992,0,0,Unspecified,4407749,12.9,7.7,15.9,15.9,0.0,15.0,63,17.3,32.0,166,Rain: Moderate,0,0,
948,2021-04-16 12:00:00,40.693176,-73.95214,0,0,Passing Too Closely,4408294,11.8,3.7,2.9,2.9,0.0,12.0,53,23.5,49.0,307,Drizzle: Moderate,0,0,
949,2021-04-16 12:07:00,40.755337,-73.843254,1,0,Driver Inattention/Distraction,4408206,11.8,3.7,2.9,2.9,0.0,12.0,53,23.5,49.0,307,Drizzle: Moderate,1,1,
950,2021-04-14 18:55:00,40.641895,-73.93324,0,0,Failure to Yield Right-of-Way,4408117,19.7,5.4,0.0,0.0,0.0,0.0,3,20.8,39.6,227,Overcast,0,0,
951,2021-04-14 18:38:00,40.83878,-73.918106,0,0,Passing Too Closely,4407498,19.7,5.4,0.0,0.0,0.0,0.0,3,20.8,39.6,227,Overcast,0,0,
952,2021-04-11 09:20:00,40.663227,-73.93159,1,0,Unspecified,4408102,14.2,8.5,25.3,25.3,0.0,15.0,63,25.7,48.2,77,Rain: Moderate,1,1,
953,2021-04-14 01:00:00,40.76151,-73.88361,1,0,Driver Inattention/Distraction,4407241,19.7,5.4,0.0,0.0,0.0,0.0,3,20.8,39.6,227,Overcast,1,1,
954,2021-04-16 14:00:00,40.70042,-73.956566,0,0,Oversized Vehicle,4408362,11.8,3.7,2.9,2.9,0.0,12.0,53,23.5,49.0,307,Drizzle: Moderate,0,0,
955,2021-04-14 02:10:00,40.609436,-74.0694,0,0,Driver Inattention/Distraction,4407371,19.7,5.4,0.0,0.0,0.0,0.0,3,20.8,39.6,227,Overcast,0,0,
956,2021-04-14 12:30:00,40.64393,-73.99933,0,0,Unspecified,4407526,19.7,5.4,0.0,0.0,0.0,0.0,3,20.8,39.6,227,Overcast,0,0,
957,2021-04-16 10:50:00,40.61636,-74.15677,0,0,Driver Inattention/Distraction,4407799,11.8,3.7,2.9,2.9,0.0,12.0,53,23.5,49.0,307,Drizzle: Moderate,0,0,
958,2021-04-15 17:30:00,40.761303,-73.86043,0,0,Driver Inattention/Distraction,4407716,12.9,7.7,15.9,15.9,0.0,15.0,63,17.3,32.0,166,Rain: Moderate,0,0,
959,2021-04-16 16:28:00,40.694836,-73.96915,0,0,Alcohol Involvement,4407859,11.8,3.7,2.9,2.9,0.0,12.0,53,23.5,49.0,307,Drizzle: Moderate,0,0,
960,2021-04-16 11:30:00,40.580658,-73.985664,0,0,Backing Unsafely,4408058,11.8,3.7,2.9,2.9,0.0,12.0,53,23.5,49.0,307,Drizzle: Moderate,0,0,
961,2021-04-15 17:45:00,40.872303,-73.84665,1,0,Unspecified,4408096,12.9,7.7,15.9,15.9,0.0,15.0,63,17.3,32.0,166,Rain: Moderate,1,1,
962,2021-04-10 22:55:00,40.639805,-73.95132,0,0,Unspecified,4408115,17.0,7.7,1.2,1.2,0.0,3.0,53,14.4,31.7,166,Drizzle: Moderate,0,0,
963,2021-04-14 07:00:00,40.60871,-73.74768,0,0,Other Vehicular,4407479,19.7,5.4,0.0,0.0,0.0,0.0,3,20.8,39.6,227,Overcast,0,0,
964,2021-04-16 16:55:00,40.758156,-73.89627,1,0,Failure to Yield Right-of-Way,4407920,11.8,3.7,2.9,2.9,0.0,12.0,53,23.5,49.0,307,Drizzle: Moderate,1,1,
965,2021-04-14 15:30:00,40.824932,-73.82431,0,0,Passing Too Closely,4407330,19.7,5.4,0.0,0.0,0.0,0.0,3,20.8,39.6,227,Overcast,0,0,
966,2021-04-15 18:05:00,40.61242,-73.991234,0,0,Driver Inattention/Distraction,4407640,12.9,7.7,15.9,15.9,0.0,15.0,63,17.3,32.0,166,Rain: Moderate,0,0,
967,2021-04-16 21:08:00,40.696213,-73.97528,3,0,Driver Inattention/Distraction,4407881,11.8,3.7,2.9,2.9,0.0,12.0,53,23.5,49.0,307,Drizzle: Moderate,3,3,
968,2021-04-14 18:47:00,40.783146,-73.97833,0,0,Passenger Distraction,4407613,19.7,5.4,0.0,0.0,0.0,0.0,3,20.8,39.6,227,Overcast,0,0,
969,2021-04-16 13:25:00,40.897415,-73.85018,3,0,Fell Asleep,4408141,11.8,3.7,2.9,2.9,0.0,12.0,53,23.5,49.0,307,Drizzle: Moderate,3,3,
970,2021-04-15 08:00:00,40.73444,-73.72179,1,0,Traffic Control Disregarded,4407863,12.9,7.7,15.9,15.9,0.0,15.0,63,17.3,32.0,166,Rain: Moderate,1,1,
971,2021-04-14 18:55:00,40.642002,-73.898834,1,0,Failure to Yield Right-of-Way,4407405,19.7,5.4,0.0,0.0,0.0,0.0,3,20.8,39.6,227,Overcast,1,1,
972,2021-04-06 00:30:00,40.800663,-73.946465,0,0,Failure to Yield Right-of-Way,4407776,18.3,4.8,0.0,0.0,0.0,0.0,1,21.9,38.9,319,Mainly clear,0,0,Sunny/Clear Conditions
973,2021-04-16 22:55:00,40.643517,-73.96098,1,0,Unspecified,4408039,11.8,3.7,2.9,2.9,0.0,12.0,53,23.5,49.0,307,Drizzle: Moderate,1,1,
974,2021-04-16 10:00:00,40.84621,-73.91227,0,0,Backing Unsafely,4408004,11.8,3.7,2.9,2.9,0.0,12.0,53,23.5,49.0,307,Drizzle: Moderate,0,0,
975,2021-04-14 18:35:00,40.707493,-73.94153,0,0,Unspecified,4407391,19.7,5.4,0.0,0.0,0.0,0.0,3,20.8,39.6,227,Overcast,0,0,
976,2021-04-14 19:05:00,40.786854,-73.82236,0,0,Following Too Closely,4407903,19.7,5.4,0.0,0.0,0.0,0.0,3,20.8,39.6,227,Overcast,0,0,
977,2021-04-14 15:45:00,40.88887,-73.864365,0,0,Driver Inattention/Distraction,4407565,19.7,5.4,0.0,0.0,0.0,0.0,3,20.8,39.6,227,Overcast,0,0,
978,2021-04-16 20:00:00,40.682156,-73.920616,0,0,Unspecified,4408230,11.8,3.7,2.9,2.9,0.0,12.0,53,23.5,49.0,307,Drizzle: Moderate,0,0,
979,2021-04-16 11:20:00,40.677025,-73.95268,0,0,Other Vehicular,4408265,11.8,3.7,2.9,2.9,0.0,12.0,53,23.5,49.0,307,Drizzle: Moderate,0,0,
980,2021-04-10 19:45:00,40.84797,-73.924774,0,0,Unspecified,4407972,17.0,7.7,1.2,1.2,0.0,3.0,53,14.4,31.7,166,Drizzle: Moderate,0,0,
981,2021-04-16 17:16:00,40.66827,-73.90263,0,0,Following Too Closely,4408070,11.8,3.7,2.9,2.9,0.0,12.0,53,23.5,49.0,307,Drizzle: Moderate,0,0,
982,2021-02-26 08:00:00,40.752045,-73.879036,0,0,Unspecified,4407918,6.5,-3.4,0.0,0.0,0.0,0.0,3,14.9,27.0,199,Overcast,0,0,
983,2021-04-15 13:36:00,40.671448,-73.78943,0,0,Passing Too Closely,4407593,12.9,7.7,15.9,15.9,0.0,15.0,63,17.3,32.0,166,Rain: Moderate,0,0,
984,2021-04-15 00:30:00,40.666393,-73.764465,0,0,Unspecified,4407411,12.9,7.7,15.9,15.9,0.0,15.0,63,17.3,32.0,166,Rain: Moderate,0,0,
985,2021-04-15 14:11:00,40.826153,-73.920265,0,0,Driver Inattention/Distraction,4407781,12.9,7.7,15.9,15.9,0.0,15.0,63,17.3,32.0,166,Rain: Moderate,0,0,
986,2021-04-13 17:15:00,40.74652,-73.99388,1,0,Driver Inattention/Distraction,4408083,18.3,5.8,4.5,4.5,0.0,5.0,61,14.5,28.1,17,Rain: Light,1,1,
987,2021-04-12 05:00:00,40.694637,-73.949066,0,0,Driver Inattention/Distraction,4408282,8.7,6.7,13.6,13.6,0.0,21.0,61,23.4,42.1,51,Rain: Light,0,0,
988,2021-04-16 21:35:00,40.68561,-73.80654,0,0,Alcohol Involvement,4407956,11.8,3.7,2.9,2.9,0.0,12.0,53,23.5,49.0,307,Drizzle: Moderate,0,0,
989,2021-04-14 09:08:00,40.678852,-73.88152,0,0,Driver Inattention/Distraction,4407726,19.7,5.4,0.0,0.0,0.0,0.0,3,20.8,39.6,227,Overcast,0,0,
990,2021-04-09 09:45:00,40.79157,-73.94469,0,0,Failure to Yield Right-of-Way,4408408,13.4,5.7,0.0,0.0,0.0,0.0,3,15.7,33.8,146,Overcast,0,0,
991,2021-04-14 14:30:00,40.66305,-73.74874,0,0,Unspecified,4407323,19.7,5.4,0.0,0.0,0.0,0.0,3,20.8,39.6,227,Overcast,0,0,
992,2021-04-15 12:30:00,40.758537,-73.97721,0,0,Driver Inattention/Distraction,4407704,12.9,7.7,15.9,15.9,0.0,15.0,63,17.3,32.0,166,Rain: Moderate,0,0,
993,2021-04-14 11:00:00,40.716824,-73.82019,0,0,Driver Inattention/Distraction,4407293,19.7,5.4,0.0,0.0,0.0,0.0,3,20.8,39.6,227,Overcast,0,0,
994,2021-04-15 22:30:00,40.605072,-73.997795,0,0,Driver Inattention/Distraction,4407650,12.9,7.7,15.9,15.9,0.0,15.0,63,17.3,32.0,166,Rain: Moderate,0,0,
995,2021-04-15 01:45:00,40.827595,-73.85004,0,0,Driver Inattention/Distraction,4407503,12.9,7.7,15.9,15.9,0.0,15.0,63,17.3,32.0,166,Rain: Moderate,0,0,
996,2021-04-13 14:35:00,40.835598,-73.9138,0,0,Backing Unsafely,4408201,18.3,5.8,4.5,4.5,0.0,5.0,61,14.5,28.1,17,Rain: Light,0,0,
997,2021-04-16 06:45:00,40.74832,-73.87729,0,0,Driver Inattention/Distraction,4407764,11.8,3.7,2.9,2.9,0.0,12.0,53,23.5,49.0,307,Drizzle: Moderate,0,0,
998,2021-04-16 10:32:00,40.81094,-73.94318,0,0,Passing Too Closely,4407803,11.8,3.7,2.9,2.9,0.0,12.0,53,23.5,49.0,307,Drizzle: Moderate,0,0,
999,2021-04-15 06:15:00,40.64884,-73.95102,0,0,Driver Inattention/Distraction,4407541,12.9,7.7,15.9,15.9,0.0,15.0,63,17.3,32.0,166,Rain: Moderate,0,0,
1000,2021-04-14 18:05:00,40.64124,-73.943726,0,0,Unspecified,4407348,19.7,5.4,0.0,0.0,0.0,0.0,3,20.8,39.6,227,Overcast,0,0,
1001,2021-04-14 11:42:00,40.810486,-73.905075,0,0,Unspecified,4407429,19.7,5.4,0.0,0.0,0.0,0.0,3,20.8,39.6,227,Overcast,0,0,
1002,2021-04-13 18:53:00,40.636612,-73.97708,0,0,Driver Inattention/Distraction,4408152,18.3,5.8,4.5,4.5,0.0,5.0,61,14.5,28.1,17,Rain: Light,0,0,
1003,2021-04-16 09:40:00,40.72956,-73.87145,0,0,Traffic Control Disregarded,4407814,11.8,3.7,2.9,2.9,0.0,12.0,53,23.5,49.0,307,Drizzle: Moderate,0,0,
1004,2021-04-14 13:55:00,40.67474,-73.99777,0,0,Following Too Closely,4407522,19.7,5.4,0.0,0.0,0.0,0.0,3,20.8,39.6,227,Overcast,0,0,
1005,2021-04-15 05:56:00,40.765152,-73.995155,1,0,Unspecified,4407462,12.9,7.7,15.9,15.9,0.0,15.0,63,17.3,32.0,166,Rain: Moderate,1,1,
1006,2021-04-15 15:40:00,40.704483,-73.9488,1,0,Failure to Yield Right-of-Way,4408370,12.9,7.7,15.9,15.9,0.0,15.0,63,17.3,32.0,166,Rain: Moderate,1,1,
1007,2021-04-16 00:01:00,40.742523,-73.94924,0,0,Unspecified,4407831,11.8,3.7,2.9,2.9,0.0,12.0,53,23.5,49.0,307,Drizzle: Moderate,0,0,
1008,2021-04-14 10:39:00,40.74217,-73.804436,1,0,Other Vehicular,4407281,19.7,5.4,0.0,0.0,0.0,0.0,3,20.8,39.6,227,Overcast,1,1,
1009,2021-04-14 00:27:00,40.852673,-73.919106,1,0,Failure to Yield Right-of-Way,4407161,19.7,5.4,0.0,0.0,0.0,0.0,3,20.8,39.6,227,Overcast,1,1,
1010,2021-07-08 20:38:00,40.88048,-73.83832,0,0,Failure to Yield Right-of-Way,4456625,28.3,21.3,15.2,15.2,0.0,12.0,63,16.9,48.2,125,Rain: Moderate,0,0,
1011,2021-04-15 18:35:00,40.57699,-73.98153,0,0,Passing or Lane Usage Improper,4408055,12.9,7.7,15.9,15.9,0.0,15.0,63,17.3,32.0,166,Rain: Moderate,0,0,
1012,2021-04-15 18:46:00,40.711033,-73.7281,0,0,Pavement Slippery,4407690,12.9,7.7,15.9,15.9,0.0,15.0,63,17.3,32.0,166,Rain: Moderate,0,0,
1013,2021-04-15 04:13:00,40.818607,-73.904785,0,0,Unspecified,4407434,12.9,7.7,15.9,15.9,0.0,15.0,63,17.3,32.0,166,Rain: Moderate,0,0,
1014,2021-04-14 19:00:00,40.696445,-73.8131,2,0,Driver Inattention/Distraction,4407351,19.7,5.4,0.0,0.0,0.0,0.0,3,20.8,39.6,227,Overcast,2,2,
1015,2021-04-16 10:45:00,40.733376,-73.86665,1,0,Following Too Closely,4407791,11.8,3.7,2.9,2.9,0.0,12.0,53,23.5,49.0,307,Drizzle: Moderate,1,1,
1016,2021-07-08 17:10:00,40.677155,-73.88773,0,0,Driver Inattention/Distraction,4456630,28.3,21.3,15.2,15.2,0.0,12.0,63,16.9,48.2,125,Rain: Moderate,0,0,
1017,2021-04-15 21:48:00,40.679073,-73.92527,0,0,Backing Unsafely,4407635,12.9,7.7,15.9,15.9,0.0,15.0,63,17.3,32.0,166,Rain: Moderate,0,0,
1018,2021-04-16 17:58:00,40.7722,-73.74176,1,0,Unsafe Speed,4407846,11.8,3.7,2.9,2.9,0.0,12.0,53,23.5,49.0,307,Drizzle: Moderate,1,1,
1019,2021-04-15 07:00:00,40.66597,-73.928604,0,0,Driver Inattention/Distraction,4407943,12.9,7.7,15.9,15.9,0.0,15.0,63,17.3,32.0,166,Rain: Moderate,0,0,
1020,2021-04-14 16:50:00,40.683342,-74.001976,1,0,Unspecified,4407569,19.7,5.4,0.0,0.0,0.0,0.0,3,20.8,39.6,227,Overcast,1,1,
1021,2021-04-16 14:58:00,40.59675,-73.97329,0,0,Unspecified,4407899,11.8,3.7,2.9,2.9,0.0,12.0,53,23.5,49.0,307,Drizzle: Moderate,0,0,
1022,2021-04-15 16:00:00,40.703,-73.94425,0,0,Unspecified,4407669,12.9,7.7,15.9,15.9,0.0,15.0,63,17.3,32.0,166,Rain: Moderate,0,0,
1023,2021-04-15 18:47:00,40.825424,-73.923485,0,0,Unsafe Speed,4407796,12.9,7.7,15.9,15.9,0.0,15.0,63,17.3,32.0,166,Rain: Moderate,0,0,
1024,2021-04-14 09:15:00,40.676132,-73.921906,1,0,Other Vehicular,4408260,19.7,5.4,0.0,0.0,0.0,0.0,3,20.8,39.6,227,Overcast,1,1,