,CRASH DATETIME,LATITUDE,LONGITUDE,NUMBER OF PERSONS INJURED,NUMBER OF PERSONS KILLED,CONTRIBUTING FACTOR VEHICLE 1,COLLISION_ID,temperature_2m_max,temperature_2m_min,precipitation_sum,rain_sum,snowfall_sum,precipitation_hours,weather_code,wind_speed_10m_max,wind_gusts_10m_max,wind_direction_10m_dominant,Weather Description,Severity_Score,Total_Affected_Persons,Weather_Category
1025,2021-04-11 23:57:00,40.588078,-74.16127,0,0,Driver Inattention/Distraction,4407759,14.2,8.5,25.3,25.3,0.0,15.0,63,25.7,48.2,77,Rain: Moderate,0,0,
1026,2021-04-14 20:00:00,40.65319,-73.96622,1,0,Unspecified,4408031,19.7,5.4,0.0,0.0,0.0,0.0,3,20.8,39.6,227,Overcast,1,1,
1027,2021-04-16 17:20:00,40.658295,-73.93109,0,0,Driver Inattention/Distraction,4408000,11.8,3.7,2.9,2.9,0.0,12.0,53,23.5,49.0,307,Drizzle: Moderate,0,0,
1028,2021-04-14 21:38:00,40.8541,-73.919106,0,0,Unspecified,4407386,19.7,5.4,0.0,0.0,0.0,0.0,3,20.8,39.6,227,Overcast,0,0,
1029,2021-09-11 17:50:00,40.667156,-73.9101,0,0,Driver Inattention/Distraction,4455992,24.7,12.9,0.0,0.0,0.0,0.0,3,16.6,34.2,246,Overcast,0,0,
1030,2021-04-15 10:19:00,40.769794,-73.90045,0,0,Unspecified,4407583,12.9,7.7,15.9,15.9,0.0,15.0,63,17.3,32.0,166,Rain: Moderate,0,0,
1031,2021-04-15 19:15:00,40.633514,-74.026955,1,0,Traffic Control Disregarded,4407687,12.9,7.7,15.9,15.9,0.0,15.0,63,17.3,32.0,166,Rain: Moderate,1,1,
1032,2021-04-14 18:00:00,40.608433,-74.15544,0,0,Driver Inattention/Distraction,4407495,19.7,5.4,0.0,0.0,0.0,0.0,3,20.8,39.6,227,Overcast,0,0,
1033,2021-04-15 17:00:00,40.672638,-73.97678,0,0,Unspecified,4407700,12.9,7.7,15.9,15.9,0.0,15.0,63,17.3,32.0,166,Rain: Moderate,0,0,
1034,2021-04-16 23:20:00,40.64588,-73.95195,0,0,Tire Failure/Inadequate,4408124,11.8,3.7,2.9,2.9,0.0,12.0,53,23.5,49.0,307,Drizzle: Moderate,0,0,
1035,2021-04-07 19:30:00,40.711353,-73.77518,0,0,Backing Unsafely,4408414,19.7,6.7,0.5,0.5,0.0,2.0,51,15.5,34.6,14,Drizzle: Light,0,0,
1036,2021-04-16 20:45:00,40.74456,-73.95598,1,0,Driver Inattention/Distraction,4407860,11.8,3.7,2.9,2.9,0.0,12.0,53,23.5,49.0,307,Drizzle: Moderate,1,1,
1037,2021-04-14 10:00:00,40.657894,-73.88153,0,0,Unspecified,4407720,19.7,5.4,0.0,0.0,0.0,0.0,3,20.8,39.6,227,Overcast,0,0,
1038,2021-04-14 16:00:00,40.778625,-73.77587,0,0,Driver Inattention/Distraction,4407845,19.7,5.4,0.0,0.0,0.0,0.0,3,20.8,39.6,227,Overcast,0,0,
1039,2021-04-16 13:40:00,40.60783,-74.1465,2,0,Driver Inattention/Distraction,4407823,11.8,3.7,2.9,2.9,0.0,12.0,53,23.5,49.0,307,Drizzle: Moderate,2,2,
1040,2021-04-14 11:10:00,0.0,0.0,0,0,Failure to Yield Right-of-Way,4407319,19.7,5.4,0.0,0.0,0.0,0.0,3,20.8,39.6,227,Overcast,0,0,
1041,2021-04-14 14:50:00,40.777504,-73.954956,0,0,Unspecified,4407517,19.7,5.4,0.0,0.0,0.0,0.0,3,20.8,39.6,227,Overcast,0,0,
1042,2021-04-15 16:03:00,40.841084,-73.937935,2,0,Driver Inattention/Distraction,4407654,12.9,7.7,15.9,15.9,0.0,15.0,63,17.3,32.0,166,Rain: Moderate,2,2,
1043,2021-04-15 07:20:00,40.7075,-73.800674,0,0,Unspecified,4407482,12.9,7.7,15.9,15.9,0.0,15.0,63,17.3,32.0,166,Rain: Moderate,0,0,
1044,2021-04-14 09:58:00,40.621357,-74.02198,1,0,Driver Inattention/Distraction,4407300,19.7,5.4,0.0,0.0,0.0,0.0,3,20.8,39.6,227,Overcast,1,1,
1045,2021-04-14 14:20:00,40.666748,-73.764534,1,0,Driver Inattention/Distraction,4407344,19.7,5.4,0.0,0.0,0.0,0.0,3,20.8,39.6,227,Overcast,1,1,
1046,2021-04-16 14:35:00,40.71178,-73.91737,0,0,Unspecified,4407818,11.8,3.7,2.9,2.9,0.0,12.0,53,23.5,49.0,307,Drizzle: Moderate,0,0,
1047,2021-04-15 09:00:00,40.677876,-73.85064,0,0,Passing Too Closely,4407545,12.9,7.7,15.9,15.9,0.0,15.0,63,17.3,32.0,166,Rain: Moderate,0,0,
1048,2021-04-14 09:49:00,40.667114,-73.834656,0,0,Following Too Closely,4407267,19.7,5.4,0.0,0.0,0.0,0.0,3,20.8,39.6,227,Overcast,0,0,
1049,2022-03-26 14:30:00,40.7514,-73.983765,1,0,Traffic Control Disregarded,4513714,10.1,4.9,6.1,5.8,0.21,8.0,71,21.6,41.0,251,Snow fall: Light,1,1,Snowy Conditions
1050,2021-04-14 13:18:00,40.703915,-73.94817,0,0,Other Vehicular,4407670,19.7,5.4,0.0,0.0,0.0,0.0,3,20.8,39.6,227,Overcast,0,0,
1051,2021-04-15 15:50:00,40.844563,-73.901276,0,0,Driver Inattention/Distraction,4407786,12.9,7.7,15.9,15.9,0.0,15.0,63,17.3,32.0,166,Rain: Moderate,0,0,
1052,2021-04-13 17:15:00,40.65505,-73.95631,0,0,Passing or Lane Usage Improper,4408105,18.3,5.8,4.5,4.5,0.0,5.0,61,14.5,28.1,17,Rain: Light,0,0,
1053,2021-04-07 18:20:00,40.710476,-73.963844,1,0,Driver Inattention/Distraction,4408385,19.7,6.7,0.5,0.5,0.0,2.0,51,15.5,34.6,14,Drizzle: Light,1,1,
1054,2021-04-15 00:39:00,40.584343,-73.962,0,0,Unsafe Speed,4408051,12.9,7.7,15.9,15.9,0.0,15.0,63,17.3,32.0,166,Rain: Moderate,0,0,
1055,2021-04-16 04:16:00,40.759205,-73.98464,0,0,Driver Inattention/Distraction,4407705,11.8,3.7,2.9,2.9,0.0,12.0,53,23.5,49.0,307,Drizzle: Moderate,0,0,
1056,2021-04-14 07:50:00,40.8188,-73.95603,0,0,Backing Unsafely,4407574,19.7,5.4,0.0,0.0,0.0,0.0,3,20.8,39.6,227,Overcast,0,0,
1057,2021-04-15 04:25:00,40.693882,-73.72966,0,0,Pavement Defective,4407418,12.9,7.7,15.9,15.9,0.0,15.0,63,17.3,32.0,166,Rain: Moderate,0,0,
1058,2021-04-15 15:20:00,40.622272,-74.00306,0,0,Unspecified,4407628,12.9,7.7,15.9,15.9,0.0,15.0,63,17.3,32.0,166,Rain: Moderate,0,0,
1059,2021-04-15 14:30:00,40.66377,-73.76881,0,0,Unspecified,4407631,12.9,7.7,15.9,15.9,0.0,15.0,63,17.3,32.0,166,Rain: Moderate,0,0,
1060,2021-04-14 02:02:00,40.675106,-73.97714,0,0,Driver Inattention/Distraction,4407151,19.7,5.4,0.0,0.0,0.0,0.0,3,20.8,39.6,227,Overcast,0,0,
1061,2021-04-15 12:12:00,40.706142,-74.00603,1,0,Failure to Yield Right-of-Way,4407694,12.9,7.7,15.9,15.9,0.0,15.0,63,17.3,32.0,166,Rain: Moderate,1,1,
1062,2021-04-15 01:17:00,40.821156,-73.88635,0,0,Unspecified,4407442,12.9,7.7,15.9,15.9,0.0,15.0,63,17.3,32.0,166,Rain: Moderate,0,0,
1063,2021-04-16 03:15:00,40.685585,-73.78584,0,0,Driver Inattention/Distraction,4407754,11.8,3.7,2.9,2.9,0.0,12.0,53,23.5,49.0,307,Drizzle: Moderate,0,0,
1064,2021-04-07 13:25:00,40.631573,-73.99547,1,0,Unspecified,4407932,19.7,6.7,0.5,0.5,0.0,2.0,51,15.5,34.6,14,Drizzle: Light,1,1,
1065,2021-04-05 19:42:00,40.800972,-73.947174,2,0,Turning Improperly,4407771,18.0,5.6,0.0,0.0,0.0,0.0,2,25.7,49.0,313,Partly cloudy,2,2,
1066,2021-04-14 15:00:00,40.72304,-73.8563,1,0,Driver Inattention/Distraction,4407382,19.7,5.4,0.0,0.0,0.0,0.0,3,20.8,39.6,227,Overcast,1,1,
1067,2021-04-15 10:20:00,40.75734,-73.98602,0,0,Driver Inattention/Distraction,4407553,12.9,7.7,15.9,15.9,0.0,15.0,63,17.3,32.0,166,Rain: Moderate,0,0,
1068,2021-04-16 18:25:00,40.60109,-74.09284,0,0,Driver Inattention/Distraction,4407850,11.8,3.7,2.9,2.9,0.0,12.0,53,23.5,49.0,307,Drizzle: Moderate,0,0,
1069,2021-04-16 00:00:00,40.867554,-73.84065,0,0,Driver Inexperience,4407895,11.8,3.7,2.9,2.9,0.0,12.0,53,23.5,49.0,307,Drizzle: Moderate,0,0,
1070,2021-04-14 15:35:00,40.8651,-73.92189,0,0,Passing or Lane Usage Improper,4408222,19.7,5.4,0.0,0.0,0.0,0.0,3,20.8,39.6,227,Overcast,0,0,
1071,2021-04-13 20:00:00,40.69942,-73.86878,0,0,Following Too Closely,4407813,18.3,5.8,4.5,4.5,0.0,5.0,61,14.5,28.1,17,Rain: Light,0,0,
1072,2021-04-14 22:09:00,40.85687,-73.93477,0,0,Driver Inattention/Distraction,4408158,19.7,5.4,0.0,0.0,0.0,0.0,3,20.8,39.6,227,Overcast,0,0,
1073,2021-04-14 15:37:00,40.76051,-73.82914,0,0,Backing Unsafely,4407993,19.7,5.4,0.0,0.0,0.0,0.0,3,20.8,39.6,227,Overcast,0,0,
1074,2021-04-16 21:00:00,40.846153,-73.932335,1,0,Unspecified,4408278,11.8,3.7,2.9,2.9,0.0,12.0,53,23.5,49.0,307,Drizzle: Moderate,1,1,
1075,2021-04-16 10:46:00,40.707523,-73.96115,0,0,Other Vehicular,4408351,11.8,3.7,2.9,2.9,0.0,12.0,53,23.5,49.0,307,Drizzle: Moderate,0,0,
1076,2021-04-14 21:08:00,40.72773,-73.90674,0,0,Traffic Control Disregarded,4407398,19.7,5.4,0.0,0.0,0.0,0.0,3,20.8,39.6,227,Overcast,0,0,
1077,2021-04-15 23:30:00,40.884014,-73.8791,0,0,Driver Inattention/Distraction,4407681,12.9,7.7,15.9,15.9,0.0,15.0,63,17.3,32.0,166,Rain: Moderate,0,0,
1078,2021-04-15 12:35:00,40.63651,-74.133,1,0,Driver Inattention/Distraction,4407828,12.9,7.7,15.9,15.9,0.0,15.0,63,17.3,32.0,166,Rain: Moderate,1,1,
1079,2021-04-15 18:45:00,40.723347,-73.939316,0,0,Traffic Control Disregarded,4407808,12.9,7.7,15.9,15.9,0.0,15.0,63,17.3,32.0,166,Rain: Moderate,0,0,
1080,2021-04-14 16:25:00,40.865067,-73.9281,0,0,Following Too Closely,4408138,19.7,5.4,0.0,0.0,0.0,0.0,3,20.8,39.6,227,Overcast,0,0,
1081,2021-04-09 13:40:00,40.81945,-73.902054,2,0,Unspecified,4408365,13.4,5.7,0.0,0.0,0.0,0.0,3,15.7,33.8,146,Overcast,2,2,
1082,2021-04-14 09:30:00,40.876095,-73.868126,0,0,Unsafe Speed,4408393,19.7,5.4,0.0,0.0,0.0,0.0,3,20.8,39.6,227,Overcast,0,0,
1083,2021-04-16 23:00:00,40.79672,-73.97618,0,0,Turning Improperly,4407880,11.8,3.7,2.9,2.9,0.0,12.0,53,23.5,49.0,307,Drizzle: Moderate,0,0,
1084,2021-04-15 06:00:00,40.673016,-73.89718,0,0,Following Too Closely,4407745,12.9,7.7,15.9,15.9,0.0,15.0,63,17.3,32.0,166,Rain: Moderate,0,0,
1085,2021-04-16 09:10:00,40.667908,-73.76281,0,0,Driver Inattention/Distraction,4408064,11.8,3.7,2.9,2.9,0.0,12.0,53,23.5,49.0,307,Drizzle: Moderate,0,0,
1086,2021-04-15 12:10:00,40.697327,-73.82961,1,0,Failure to Yield Right-of-Way,4407840,12.9,7.7,15.9,15.9,0.0,15.0,63,17.3,32.0,166,Rain: Moderate,1,1,
1087,2021-04-15 21:55:00,40.898373,-73.87283,0,0,View Obstructed/Limited,4408097,12.9,7.7,15.9,15.9,0.0,15.0,63,17.3,32.0,166,Rain: Moderate,0,0,
1088,2021-04-14 22:30:00,40.741917,-73.823425,2,0,Driver Inattention/Distraction,4407980,19.7,5.4,0.0,0.0,0.0,0.0,3,20.8,39.6,227,Overcast,2,2,
1089,2021-04-15 23:00:00,40.825115,-73.92541,0,0,Driver Inattention/Distraction,4408190,12.9,7.7,15.9,15.9,0.0,15.0,63,17.3,32.0,166,Rain: Moderate,0,0,
1090,2021-04-16 16:11:00,40.700813,-73.95447,0,0,Driver Inattention/Distraction,4408355,11.8,3.7,2.9,2.9,0.0,12.0,53,23.5,49.0,307,Drizzle: Moderate,0,0,
1091,2021-04-14 18:00:00,40.744923,-73.83709,0,0,Unspecified,4407451,19.7,5.4,0.0,0.0,0.0,0.0,3,20.8,39.6,227,Overcast,0,0,
1092,2021-04-14 15:13:00,40.597706,-74.092575,0,0,Unsafe Lane Changing,4407340,19.7,5.4,0.0,0.0,0.0,0.0,3,20.8,39.6,227,Overcast,0,0,
1093,2021-04-14 06:06:00,40.7375,-73.93385,1,0,Passing or Lane Usage Improper,4407249,19.7,5.4,0.0,0.0,0.0,0.0,3,20.8,39.6,227,Overcast,1,1,
1094,2021-04-14 15:48:00,40.842678,-73.899376,3,0,Driver Inattention/Distraction,4407511,19.7,5.4,0.0,0.0,0.0,0.0,3,20.8,39.6,227,Overcast,3,3,
1095,2021-04-15 11:15:00,40.70675,-73.76271,0,0,Driver Inattention/Distraction,4407561,12.9,7.7,15.9,15.9,0.0,15.0,63,17.3,32.0,166,Rain: Moderate,0,0,
1096,2021-04-14 18:10:00,40.68018,-73.95994,0,0,Backing Unsafely,4407357,19.7,5.4,0.0,0.0,0.0,0.0,3,20.8,39.6,227,Overcast,0,0,
1097,2021-04-15 03:30:00,40.805058,-73.93904,0,0,Turning Improperly,4407530,12.9,7.7,15.9,15.9,0.0,15.0,63,17.3,32.0,166,Rain: Moderate,0,0,
1098,2021-04-15 13:15:00,40.732857,-73.79857,1,0,Driver Inexperience,4407675,12.9,7.7,15.9,15.9,0.0,15.0,63,17.3,32.0,166,Rain: Moderate,1,1,
1099,2021-04-11 16:30:00,40.671032,-73.93927,0,0,Passenger Distraction,4408269,14.2,8.5,25.3,25.3,0.0,15.0,63,25.7,48.2,77,Rain: Moderate,0,0,
1100,2021-04-16 00:46:00,40.737568,-74.00149,0,0,Unspecified,4407855,11.8,3.7,2.9,2.9,0.0,12.0,53,23.5,49.0,307,Drizzle: Moderate,0,0,
1101,2021-04-15 19:45:00,40.594105,-73.79242,0,0,Failure to Yield Right-of-Way,4407925,12.9,7.7,15.9,15.9,0.0,15.0,63,17.3,32.0,166,Rain: Moderate,0,0,
1102,2021-04-16 11:35:00,40.628258,-73.94135,0,0,Passing Too Closely,4407782,11.8,3.7,2.9,2.9,0.0,12.0,53,23.5,49.0,307,Drizzle: Moderate,0,0,
1103,2021-04-07 14:24:00,40.71058,-73.87064,1,0,Following Too Closely,4408110,19.7,6.7,0.5,0.5,0.0,2.0,51,15.5,34.6,14,Drizzle: Light,1,1,
1104,2021-04-14 00:00:00,40.64994,-74.00172,0,0,Backing Unsafely,4407394,19.7,5.4,0.0,0.0,0.0,0.0,3,20.8,39.6,227,Overcast,0,0,
1105,2021-04-14 21:00:00,40.581745,-73.95384,1,0,Pedestrian/Bicyclist/Other Pedestrian Error/Confusion,4407426,19.7,5.4,0.0,0.0,0.0,0.0,3,20.8,39.6,227,Overcast,1,1,
1106,2021-04-14 19:50:00,40.62146,-74.071754,2,0,Driver Inattention/Distraction,4407644,19.7,5.4,0.0,0.0,0.0,0.0,3,20.8,39.6,227,Overcast,2,2,
1107,2021-04-15 12:25:00,40.69627,-73.90956,0,0,Driver Inattention/Distraction,4407606,12.9,7.7,15.9,15.9,0.0,15.0,63,17.3,32.0,166,Rain: Moderate,0,0,
1108,2021-04-15 18:10:00,40.670624,-73.895546,0,0,Unspecified,4407730,12.9,7.7,15.9,15.9,0.0,15.0,63,17.3,32.0,166,Rain: Moderate,0,0,
1109,2021-04-14 17:30:00,40.766922,-73.83548,0,0,Following Too Closely,4407907,19.7,5.4,0.0,0.0,0.0,0.0,3,20.8,39.6,227,Overcast,0,0,
1110,2021-04-16 06:10:00,40.641205,-73.877205,1,0,Unspecified,4407750,11.8,3.7,2.9,2.9,0.0,12.0,53,23.5,49.0,307,Drizzle: Moderate,1,1,
1111,2021-04-14 17:00:00,40.74156,-73.88065,0,0,Failure to Yield Right-of-Way,4407437,19.7,5.4,0.0,0.0,0.0,0.0,3,20.8,39.6,227,Overcast,0,0,
1112,2021-04-15 13:45:00,40.68405,-73.97746,0,0,Driver Inattention/Distraction,4407889,12.9,7.7,15.9,15.9,0.0,15.0,63,17.3,32.0,166,Rain: Moderate,0,0,
1113,2021-04-08 12:03:00,40.70277,-73.990685,0,0,Following Too Closely,4407767,18.2,5.5,0.0,0.0,0.0,0.0,3,18.0,35.3,173,Overcast,0,0,
1114,2021-04-14 00:00:00,40.60365,-73.99204,0,0,Driver Inattention/Distraction,4407387,19.7,5.4,0.0,0.0,0.0,0.0,3,20.8,39.6,227,Overcast,0,0,
1115,2021-04-14 07:55:00,40.811512,-73.89053,0,0,Unspecified,4407710,19.7,5.4,0.0,0.0,0.0,0.0,3,20.8,39.6,227,Overcast,0,0,
1116,2021-04-16 13:00:00,40.74947,-73.85056,0,0,Passing or Lane Usage Improper,4408211,11.8,3.7,2.9,2.9,0.0,12.0,53,23.5,49.0,307,Drizzle: Moderate,0,0,
1117,2021-04-16 09:35:00,40.75597,-73.91262,1,0,Brakes Defective,4408020,11.8,3.7,2.9,2.9,0.0,12.0,53,23.5,49.0,307,Drizzle: Moderate,1,1,
1118,2021-04-14 12:35:00,40.607838,-74.0872,0,0,Unsafe Lane Changing,4407588,19.7,5.4,0.0,0.0,0.0,0.0,3,20.8,39.6,227,Overcast,0,0,
1119,2021-04-16 17:25:00,40.825455,-73.91317,3,0,Driver Inattention/Distraction,4408045,11.8,3.7,2.9,2.9,0.0,12.0,53,23.5,49.0,307,Drizzle: Moderate,3,3,
1120,2021-04-16 16:12:00,40.66615,-73.80575,0,0,Steering Failure,4408166,11.8,3.7,2.9,2.9,0.0,12.0,53,23.5,49.0,307,Drizzle: Moderate,0,0,
1121,2021-04-16 15:40:00,40.859444,-73.915985,0,0,Driver Inattention/Distraction,4408424,11.8,3.7,2.9,2.9,0.0,12.0,53,23.5,49.0,307,Drizzle: Moderate,0,0,
1122,2021-04-15 17:55:00,40.679276,-73.92906,0,0,Following Too Closely,4408235,12.9,7.7,15.9,15.9,0.0,15.0,63,17.3,32.0,166,Rain: Moderate,0,0,
1123,2021-04-16 16:39:00,40.86536,-73.87043,0,0,Traffic Control Disregarded,4407913,11.8,3.7,2.9,2.9,0.0,12.0,53,23.5,49.0,307,Drizzle: Moderate,0,0,
1124,2021-04-14 15:50:00,40.748024,-73.88021,2,0,Failure to Yield Right-of-Way,4407599,19.7,5.4,0.0,0.0,0.0,0.0,3,20.8,39.6,227,Overcast,2,2,
1125,2021-04-15 19:49:00,40.741028,-73.99417,1,0,Failure to Yield Right-of-Way,4408089,12.9,7.7,15.9,15.9,0.0,15.0,63,17.3,32.0,166,Rain: Moderate,1,1,
1126,2021-04-16 14:54:00,40.757977,-73.88297,0,0,Failure to Yield Right-of-Way,4407919,11.8,3.7,2.9,2.9,0.0,12.0,53,23.5,49.0,307,Drizzle: Moderate,0,0,
1127,2021-04-16 22:15:00,40.752445,-73.96461,0,0,Driver Inattention/Distraction,4407867,11.8,3.7,2.9,2.9,0.0,12.0,53,23.5,49.0,307,Drizzle: Moderate,0,0,
1128,2021-04-11 21:30:00,40.802696,-73.949196,0,0,Turning Improperly,4407777,14.2,8.5,25.3,25.3,0.0,15.0,63,25.7,48.2,77,Rain: Moderate,0,0,
1129,2021-04-14 13:15:00,40.690174,-73.95527,0,0,Driver Inattention/Distraction,4408305,19.7,5.4,0.0,0.0,0.0,0.0,3,20.8,39.6,227,Overcast,0,0,
1130,2021-04-14 11:48:00,40.738354,-73.89591,0,0,Driver Inattention/Distraction,4407614,19.7,5.4,0.0,0.0,0.0,0.0,3,20.8,39.6,227,Overcast,0,0,
1131,2021-04-14 20:00:00,40.673588,-73.73351,0,0,Unspecified,4407406,19.7,5.4,0.0,0.0,0.0,0.0,3,20.8,39.6,227,Overcast,0,0,
1132,2021-09-11 18:30:00,40.734863,-73.862656,1,0,Driver Inattention/Distraction,4456187,24.7,12.9,0.0,0.0,0.0,0.0,3,16.6,34.2,246,Overcast,1,1,
1133,2021-07-08 20:25:00,40.84939,-73.85622,0,0,Other Vehicular,4456620,28.3,21.3,15.2,15.2,0.0,12.0,63,16.9,48.2,125,Rain: Moderate,0,0,
1134,2021-09-06 10:30:00,40.62103,-74.16894,0,0,Following Too Closely,4456535,26.9,18.4,0.0,0.0,0.0,0.0,3,19.6,37.8,273,Overcast,0,0,
1135,2021-07-08 14:27:00,40.730198,-73.954254,0,0,Backing Unsafely,4456598,28.3,21.3,15.2,15.2,0.0,12.0,63,16.9,48.2,125,Rain: Moderate,0,0,
1136,2021-09-11 05:00:00,40.666454,-73.78413,0,0,Unspecified,4455902,24.7,12.9,0.0,0.0,0.0,0.0,3,16.6,34.2,246,Overcast,0,0,
1137,2021-09-09 11:00:00,40.635998,-74.11747,0,0,Driver Inattention/Distraction,4456770,22.4,19.8,18.4,18.4,0.0,15.0,63,17.5,39.2,271,Rain: Moderate,0,0,
1138,2021-09-11 06:34:00,40.838573,-73.86077,0,0,Unspecified,4456038,24.7,12.9,0.0,0.0,0.0,0.0,3,16.6,34.2,246,Overcast,0,0,
1139,2021-09-08 20:20:00,40.59702,-74.09339,1,0,Lost Consciousness,4456744,26.4,19.6,0.7,0.7,0.0,6.0,51,26.7,55.8,187,Drizzle: Light,1,1,
1140,2021-09-11 09:55:00,40.652313,-73.95602,1,0,Unspecified,4455839,24.7,12.9,0.0,0.0,0.0,0.0,3,16.6,34.2,246,Overcast,1,1,
1141,2021-09-11 13:53:00,40.732533,-73.76565,1,0,Failure to Yield Right-of-Way,4456831,24.7,12.9,0.0,0.0,0.0,0.0,3,16.6,34.2,246,Overcast,1,1,
1142,2021-09-10 15:00:00,40.68866,-73.86588,0,0,Failure to Yield Right-of-Way,4456731,22.9,16.0,0.0,0.0,0.0,0.0,3,24.2,47.2,314,Overcast,0,0,
1143,2021-09-11 23:50:00,40.734886,-73.98995,0,0,Unspecified,4455976,24.7,12.9,0.0,0.0,0.0,0.0,3,16.6,34.2,246,Overcast,0,0,
1144,2021-07-08 13:30:00,40.67506,-73.98139,1,0,Passing or Lane Usage Improper,4456652,28.3,21.3,15.2,15.2,0.0,12.0,63,16.9,48.2,125,Rain: Moderate,1,1,
1145,2021-09-11 16:30:00,40.58489,-73.818954,0,0,Passing Too Closely,4456331,24.7,12.9,0.0,0.0,0.0,0.0,3,16.6,34.2,246,Overcast,0,0,
1146,2021-09-09 03:10:00,40.743614,-73.875275,0,0,Unspecified,4456998,22.4,19.8,18.4,18.4,0.0,15.0,63,17.5,39.2,271,Rain: Moderate,0,0,
1147,2021-09-11 14:00:00,40.69613,-73.987114,1,0,Other Vehicular,4455957,24.7,12.9,0.0,0.0,0.0,0.0,3,16.6,34.2,246,Overcast,1,1,
1148,2021-06-19 05:30:00,40.846138,-73.86172,1,0,Alcohol Involvement,4456674,31.5,19.5,1.2,1.2,0.0,3.0,53,21.1,38.2,243,Drizzle: Moderate,1,1,
1149,2021-07-06 22:00:00,40.720074,-73.96282,0,0,Unspecified,4456575,33.6,21.9,2.1,2.1,0.0,4.0,61,21.8,49.7,231,Rain: Light,0,0,
1150,2021-09-11 00:45:00,40.827904,-73.9247,0,0,Driver Inexperience,4456494,24.7,12.9,0.0,0.0,0.0,0.0,3,16.6,34.2,246,Overcast,0,0,
1151,2021-07-09 10:20:00,40.798584,-73.93353,0,0,Unsafe Lane Changing,4456689,29.8,22.0,35.0,35.0,0.0,14.0,63,31.0,55.8,341,Rain: Moderate,0,0,
1152,2021-09-11 12:00:00,40.847027,-73.89807,0,0,Alcohol Involvement,4456079,24.7,12.9,0.0,0.0,0.0,0.0,3,16.6,34.2,246,Overcast,0,0,
1153,2021-09-11 20:30:00,40.86135,-73.89774,2,0,Driver Inattention/Distraction,4456391,24.7,12.9,0.0,0.0,0.0,0.0,3,16.6,34.2,246,Overcast,2,2,
1154,2022-04-25 16:00:00,40.54802,-74.1558,0,0,Fell Asleep,4522035,15.1,6.1,0.0,0.0,0.0,0.0,3,20.9,41.4,119,Overcast,0,0,
1155,2021-09-10 13:48:00,40.764896,-73.97256,0,0,Unspecified,4456510,22.9,16.0,0.0,0.0,0.0,0.0,3,24.2,47.2,314,Overcast,0,0,
1156,2021-09-11 20:00:00,40.80964,-73.947845,1,0,Turning Improperly,4456761,24.7,12.9,0.0,0.0,0.0,0.0,3,16.6,34.2,246,Overcast,1,1,
1157,2021-09-11 08:57:00,40.808243,-73.92785,1,0,Unspecified,4456451,24.7,12.9,0.0,0.0,0.0,0.0,3,16.6,34.2,246,Overcast,1,1,
1158,2021-09-11 08:00:00,40.73994,-73.850266,0,0,Following Too Closely,4456170,24.7,12.9,0.0,0.0,0.0,0.0,3,16.6,34.2,246,Overcast,0,0,
1159,2021-09-11 11:40:00,40.709435,-73.73208,0,0,Unspecified,4456557,24.7,12.9,0.0,0.0,0.0,0.0,3,16.6,34.2,246,Overcast,0,0,
1160,2021-07-08 17:42:00,40.83398,-73.82635,3,0,Unspecified,4456613,28.3,21.3,15.2,15.2,0.0,12.0,63,16.9,48.2,125,Rain: Moderate,3,3,
1161,2021-08-27 21:15:00,40.631577,-74.185005,1,0,Unspecified,4456780,32.2,23.4,1.4,1.4,0.0,2.0,55,9.4,22.3,299,Drizzle: Dense,1,1,
1162,2021-09-11 13:37:00,40.750988,-73.99063,0,0,Unspecified,4456073,24.7,12.9,0.0,0.0,0.0,0.0,3,16.6,34.2,246,Overcast,0,0,
1163,2021-06-22 18:45:00,40.83611,-73.92238,0,0,Unspecified,4456716,24.2,15.1,8.5,8.5,0.0,9.0,63,22.2,43.2,305,Rain: Moderate,0,0,
1164,2021-07-06 23:00:00,40.733376,-73.95865,0,0,Passing Too Closely,4456569,33.6,21.9,2.1,2.1,0.0,4.0,61,21.8,49.7,231,Rain: Light,0,0,
1165,2021-07-06 15:15:00,40.59714,-73.933495,0,0,Unspecified,4456701,33.6,21.9,2.1,2.1,0.0,4.0,61,21.8,49.7,231,Rain: Light,0,0,
1166,2021-09-11 10:14:00,40.697556,-73.80498,1,0,Failure to Yield Right-of-Way,4456849,24.7,12.9,0.0,0.0,0.0,0.0,3,16.6,34.2,246,Overcast,1,1,
1167,2021-09-11 18:42:00,40.82842,-73.86068,0,0,Unspecified,4456047,24.7,12.9,0.0,0.0,0.0,0.0,3,16.6,34.2,246,Overcast,0,0,
1168,2021-09-11 02:15:00,40.732613,-73.925156,3,0,Other Vehicular,4455823,24.7,12.9,0.0,0.0,0.0,0.0,3,16.6,34.2,246,Overcast,3,3,
1169,2021-07-08 09:00:00,40.86094,-73.822586,1,0,Following Too Closely,4456584,28.3,21.3,15.2,15.2,0.0,12.0,63,16.9,48.2,125,Rain: Moderate,1,1,
1170,2021-07-08 02:56:00,40.68274,-73.97822,1,0,Driver Inattention/Distraction,4456657,28.3,21.3,15.2,15.2,0.0,12.0,63,16.9,48.2,125,Rain: Moderate,1,1,
1171,2021-09-11 16:00:00,40.718555,-73.988205,0,0,Unspecified,4455928,24.7,12.9,0.0,0.0,0.0,0.0,3,16.6,34.2,246,Overcast,0,0,