,CRASH DATETIME,LATITUDE,LONGITUDE,NUMBER OF PERSONS INJURED,NUMBER OF PERSONS KILLED,CONTRIBUTING FACTOR VEHICLE 1,COLLISION_ID,temperature_2m_max,temperature_2m_min,precipitation_sum,rain_sum,snowfall_sum,precipitation_hours,weather_code,wind_speed_10m_max,wind_gusts_10m_max,wind_direction_10m_dominant,Weather Description,Severity_Score,Total_Affected_Persons,Weather_Category
1172,2021-09-10 22:18:00,40.60981,-73.92251,1,0,Unspecified,4456807,22.9,16.0,0.0,0.0,0.0,0.0,3,24.2,47.2,314,Overcast,1,1,
1173,2021-09-11 17:23:00,40.79611,-73.96145,3,0,Driver Inattention/Distraction,4456114,24.7,12.9,0.0,0.0,0.0,0.0,3,16.6,34.2,246,Overcast,3,3,
1174,2021-07-09 01:45:00,40.686928,-73.85314,1,0,Unspecified,4456642,29.8,22.0,35.0,35.0,0.0,14.0,63,31.0,55.8,341,Rain: Moderate,1,1,
1175,2021-07-08 17:30:00,40.667385,-73.88709,0,0,Unspecified,4456610,28.3,21.3,15.2,15.2,0.0,12.0,63,16.9,48.2,125,Rain: Moderate,0,0,
1176,2021-09-08 07:20:00,40.61427,-74.156654,0,0,Following Too Closely,4456540,26.4,19.6,0.7,0.7,0.0,6.0,51,26.7,55.8,187,Drizzle: Light,0,0,
1177,2021-09-11 17:00:00,40.743214,-73.95135,1,0,Driver Inattention/Distraction,4456915,24.7,12.9,0.0,0.0,0.0,0.0,3,16.6,34.2,246,Overcast,1,1,
1178,2021-09-10 21:50:00,40.569706,-74.144394,1,0,Failure to Yield Right-of-Way,4456740,22.9,16.0,0.0,0.0,0.0,0.0,3,24.2,47.2,314,Overcast,1,1,
1179,2021-09-11 20:00:00,40.601112,-73.76122,0,0,Alcohol Involvement,4456991,24.7,12.9,0.0,0.0,0.0,0.0,3,16.6,34.2,246,Overcast,0,0,
1180,2021-07-09 09:39:00,40.86404,-73.89245,0,0,Backing Unsafely,4456684,29.8,22.0,35.0,35.0,0.0,14.0,63,31.0,55.8,341,Rain: Moderate,0,0,
1181,2021-07-05 05:06:00,40.597824,-73.782524,0,0,Unspecified,4456706,26.4,17.3,0.7,0.7,0.0,2.0,53,18.8,34.6,142,Drizzle: Moderate,0,0,
1182,2021-09-11 00:00:00,40.67106,-73.90336,0,0,Other Vehicular,4456128,24.7,12.9,0.0,0.0,0.0,0.0,3,16.6,34.2,246,Overcast,0,0,
1183,2021-07-05 12:58:00,40.626328,-74.13132,0,0,Driver Inattention/Distraction,4456662,26.4,17.3,0.7,0.7,0.0,2.0,53,18.8,34.6,142,Drizzle: Moderate,0,0,
1184,2021-09-11 19:35:00,40.651863,-73.86536,0,0,Following Too Closely,4456316,24.7,12.9,0.0,0.0,0.0,0.0,3,16.6,34.2,246,Overcast,0,0,
1185,2021-09-05 13:05:00,40.768166,-73.83749,2,0,Driver Inattention/Distraction,4456546,24.5,16.9,1.0,1.0,0.0,6.0,51,15.5,42.5,204,Drizzle: Light,2,2,
1186,2021-09-11 13:40:00,40.76536,-73.82787,1,0,View Obstructed/Limited,4456095,24.7,12.9,0.0,0.0,0.0,0.0,3,16.6,34.2,246,Overcast,1,1,
1187,2021-09-11 22:23:00,40.811367,-73.95402,2,0,Unspecified,4456950,24.7,12.9,0.0,0.0,0.0,0.0,3,16.6,34.2,246,Overcast,2,2,
1188,2021-09-11 11:32:00,40.605675,-73.98935,0,0,Passing Too Closely,4456031,24.7,12.9,0.0,0.0,0.0,0.0,3,16.6,34.2,246,Overcast,0,0,
1189,2021-07-07 23:30:00,40.71418,-73.95336,0,0,Driver Inattention/Distraction,4456579,31.4,22.2,1.4,1.4,0.0,6.0,53,17.4,37.8,213,Drizzle: Moderate,0,0,
1190,2021-07-08 12:45:00,40.886806,-73.85216,1,0,Traffic Control Disregarded,4456590,28.3,21.3,15.2,15.2,0.0,12.0,63,16.9,48.2,125,Rain: Moderate,1,1,
1191,2021-09-11 15:20:00,40.71594,-73.92488,1,0,Unsafe Speed,4456377,24.7,12.9,0.0,0.0,0.0,0.0,3,16.6,34.2,246,Overcast,1,1,
1192,2021-09-05 15:35:00,40.58524,-74.093414,0,0,Driver Inattention/Distraction,4456523,24.5,16.9,1.0,1.0,0.0,6.0,51,15.5,42.5,204,Drizzle: Light,0,0,
1193,2021-09-11 22:20:00,40.605022,-74.00264,0,0,Driver Inattention/Distraction,4456144,24.7,12.9,0.0,0.0,0.0,0.0,3,16.6,34.2,246,Overcast,0,0,
1194,2021-07-04 20:22:00,40.843994,-73.89752,0,0,Passing or Lane Usage Improper,4456669,24.6,15.8,1.4,1.4,0.0,12.0,51,11.8,27.0,299,Drizzle: Light,0,0,
1195,2021-09-11 18:35:00,40.696987,-73.85283,0,0,Alcohol Involvement,4456869,24.7,12.9,0.0,0.0,0.0,0.0,3,16.6,34.2,246,Overcast,0,0,
1196,2021-09-11 22:06:00,40.876743,-73.90664,0,0,Unspecified,4456236,24.7,12.9,0.0,0.0,0.0,0.0,3,16.6,34.2,246,Overcast,0,0,
1197,2021-09-11 08:55:00,40.543495,-74.14747,1,0,Driver Inattention/Distraction,4456753,24.7,12.9,0.0,0.0,0.0,0.0,3,16.6,34.2,246,Overcast,1,1,
1198,2021-07-04 19:15:00,40.64511,-73.874886,0,0,Failure to Yield Right-of-Way,4456617,24.6,15.8,1.4,1.4,0.0,12.0,51,11.8,27.0,299,Drizzle: Light,0,0,
1199,2021-09-10 10:45:00,40.698055,-73.7877,0,0,Driver Inattention/Distraction,4456857,22.9,16.0,0.0,0.0,0.0,0.0,3,24.2,47.2,314,Overcast,0,0,
1200,2021-07-03 15:25:00,40.60303,-73.75316,0,0,Reaction to Uninvolved Vehicle,4456562,19.3,16.6,16.1,16.1,0.0,20.0,63,24.0,47.2,43,Rain: Moderate,0,0,
1201,2021-09-10 17:00:00,40.56029,-74.165924,0,0,Passing or Lane Usage Improper,4456748,22.9,16.0,0.0,0.0,0.0,0.0,3,24.2,47.2,314,Overcast,0,0,
1202,2021-07-09 05:35:00,40.735283,-73.85984,0,0,Unsafe Speed,4456645,29.8,22.0,35.0,35.0,0.0,14.0,63,31.0,55.8,341,Rain: Moderate,0,0,
1203,2021-09-11 14:55:00,40.66361,-73.89858,0,0,Driver Inattention/Distraction,4456297,24.7,12.9,0.0,0.0,0.0,0.0,3,16.6,34.2,246,Overcast,0,0,
1204,2021-07-09 02:20:00,40.805737,-73.94065,1,0,Traffic Control Disregarded,4456638,29.8,22.0,35.0,35.0,0.0,14.0,63,31.0,55.8,341,Rain: Moderate,1,1,
1205,2021-07-06 14:00:00,40.59702,-73.749084,0,0,Unspecified,4456565,33.6,21.9,2.1,2.1,0.0,4.0,61,21.8,49.7,231,Rain: Light,0,0,
1206,2021-09-11 00:20:00,40.63782,-73.952965,0,0,Unspecified,4455781,24.7,12.9,0.0,0.0,0.0,0.0,3,16.6,34.2,246,Overcast,0,0,
1207,2021-07-08 17:43:00,40.80153,-73.93669,0,0,Unspecified,4456606,28.3,21.3,15.2,15.2,0.0,12.0,63,16.9,48.2,125,Rain: Moderate,0,0,
1208,2021-09-11 11:19:00,40.684513,-73.909386,0,0,Following Too Closely,4457026,24.7,12.9,0.0,0.0,0.0,0.0,3,16.6,34.2,246,Overcast,0,0,
1209,2021-09-02 23:01:00,40.887424,-73.90721,1,0,Unspecified,4456816,24.5,15.0,24.6,24.6,0.0,5.0,65,43.0,83.5,344,Rain: Heavy,1,1,
1210,2021-09-09 13:10:00,40.63512,-73.929634,1,0,Unspecified,4456800,22.4,19.8,18.4,18.4,0.0,15.0,63,17.5,39.2,271,Rain: Moderate,1,1,
1211,2021-07-06 00:00:00,40.693703,-73.90505,0,0,Passing or Lane Usage Improper,4456580,33.6,21.9,2.1,2.1,0.0,4.0,61,21.8,49.7,231,Rain: Light,0,0,
1212,2021-09-11 12:50:00,40.719067,-73.99336,1,0,Driver Inattention/Distraction,4456071,24.7,12.9,0.0,0.0,0.0,0.0,3,16.6,34.2,246,Overcast,1,1,
1213,2021-09-11 21:15:00,40.87306,-73.87864,0,0,Driver Inattention/Distraction,4456411,24.7,12.9,0.0,0.0,0.0,0.0,3,16.6,34.2,246,Overcast,0,0,
1214,2021-09-11 22:05:00,40.76161,-73.97076,0,0,Alcohol Involvement,4455920,24.7,12.9,0.0,0.0,0.0,0.0,3,16.6,34.2,246,Overcast,0,0,
1215,2021-09-04 09:50:00,40.757847,-73.89922,1,0,Driver Inattention/Distraction,4456890,25.2,14.5,0.0,0.0,0.0,0.0,3,15.4,27.0,289,Overcast,1,1,
1216,2021-09-09 16:49:00,40.845352,-73.92821,0,0,Unsafe Lane Changing,4456983,22.4,19.8,18.4,18.4,0.0,15.0,63,17.5,39.2,271,Rain: Moderate,0,0,
1217,2021-09-11 13:55:00,40.582233,-74.16907,0,0,Driver Inattention/Distraction,4456787,24.7,12.9,0.0,0.0,0.0,0.0,3,16.6,34.2,246,Overcast,0,0,
1218,2021-09-11 15:00:00,40.843822,-73.892494,1,0,Passing or Lane Usage Improper,4456401,24.7,12.9,0.0,0.0,0.0,0.0,3,16.6,34.2,246,Overcast,1,1,
1219,2021-07-09 13:05:00,40.82733,-73.8498,0,0,Unspecified,4456713,29.8,22.0,35.0,35.0,0.0,14.0,63,31.0,55.8,341,Rain: Moderate,0,0,
1220,2021-07-01 16:59:00,40.70455,-73.91662,1,0,Driver Inattention/Distraction,4456594,27.8,22.2,25.2,25.2,0.0,12.0,65,10.6,33.1,280,Rain: Heavy,1,1,
1221,2021-09-10 04:45:00,40.688755,-73.86094,0,0,Driver Inattention/Distraction,4456541,22.9,16.0,0.0,0.0,0.0,0.0,3,24.2,47.2,314,Overcast,0,0,
1222,2021-09-11 05:00:00,40.68812,-73.9117,0,0,Driver Inattention/Distraction,4456979,24.7,12.9,0.0,0.0,0.0,0.0,3,16.6,34.2,246,Overcast,0,0,
1223,2021-09-11 04:30:00,40.696033,-73.984535,0,0,Passing or Lane Usage Improper,4456164,24.7,12.9,0.0,0.0,0.0,0.0,3,16.6,34.2,246,Overcast,0,0,
1224,2021-07-08 12:17:00,40.59742,-74.06836,0,0,Unspecified,4456681,28.3,21.3,15.2,15.2,0.0,12.0,63,16.9,48.2,125,Rain: Moderate,0,0,
1225,2021-09-11 04:40:00,40.64615,-73.93242,0,0,Unspecified,4456202,24.7,12.9,0.0,0.0,0.0,0.0,3,16.6,34.2,246,Overcast,0,0,
1226,2021-07-01 12:25:00,40.609913,-73.75364,0,0,Driver Inattention/Distraction,4456694,27.8,22.2,25.2,25.2,0.0,12.0,65,10.6,33.1,280,Rain: Heavy,0,0,
1227,2021-09-11 21:37:00,40.701385,-73.804115,1,0,Unspecified,4456861,24.7,12.9,0.0,0.0,0.0,0.0,3,16.6,34.2,246,Overcast,1,1,
1228,2021-09-01 07:30:00,40.596004,-74.06788,0,0,Unspecified,4456519,23.2,18.4,121.7,121.7,0.0,18.0,65,43.2,78.5,42,Rain: Heavy,0,0,
1229,2021-09-11 18:40:00,40.756256,-73.85773,0,0,Unspecified,4456335,24.7,12.9,0.0,0.0,0.0,0.0,3,16.6,34.2,246,Overcast,0,0,
1230,2021-09-11 20:00:00,40.7118,-73.94224,0,0,Following Too Closely,4455956,24.7,12.9,0.0,0.0,0.0,0.0,3,16.6,34.2,246,Overcast,0,0,
1231,2021-07-08 23:45:00,40.892624,-73.859924,0,0,Passing Too Closely,4456634,28.3,21.3,15.2,15.2,0.0,12.0,63,16.9,48.2,125,Rain: Moderate,0,0,
1232,2021-09-11 07:00:00,40.709164,-73.93708,0,0,Driver Inattention/Distraction,4455858,24.7,12.9,0.0,0.0,0.0,0.0,3,16.6,34.2,246,Overcast,0,0,
1233,2021-07-08 20:15:00,40.59634,-73.94308,0,0,Driver Inattention/Distraction,4456621,28.3,21.3,15.2,15.2,0.0,12.0,63,16.9,48.2,125,Rain: Moderate,0,0,
1234,2021-09-11 15:43:00,40.60442,-74.00084,0,0,Alcohol Involvement,4456365,24.7,12.9,0.0,0.0,0.0,0.0,3,16.6,34.2,246,Overcast,0,0,
1235,2021-04-17 13:31:00,40.782463,-73.97883,0,1,Unsafe Speed,4408062,11.8,4.9,0.3,0.3,0.0,2.0,51,17.1,32.4,313,Drizzle: Light,20,1,
1236,2021-09-11 15:40:00,40.63157,-74.0775,0,0,Driver Inattention/Distraction,4456771,24.7,12.9,0.0,0.0,0.0,0.0,3,16.6,34.2,246,Overcast,0,0,
1237,2021-09-11 10:10:00,40.85424,-73.887146,0,0,Alcohol Involvement,4456100,24.7,12.9,0.0,0.0,0.0,0.0,3,16.6,34.2,246,Overcast,0,0,
1238,2021-06-27 00:14:00,40.592678,-73.78349,1,0,Unspecified,4456666,29.2,22.2,0.5,0.5,0.0,4.0,51,19.6,45.4,196,Drizzle: Light,1,1,
1239,2021-09-08 16:40:00,40.80777,-73.94549,1,0,Failure to Yield Right-of-Way,4456766,26.4,19.6,0.7,0.7,0.0,6.0,51,26.7,55.8,187,Drizzle: Light,1,1,
1240,2021-07-08 15:03:00,40.661835,-73.893105,0,0,Driver Inattention/Distraction,4456602,28.3,21.3,15.2,15.2,0.0,12.0,63,16.9,48.2,125,Rain: Moderate,0,0,
1241,2021-07-08 12:20:00,40.676117,-73.74046,0,0,Unspecified,4456649,28.3,21.3,15.2,15.2,0.0,12.0,63,16.9,48.2,125,Rain: Moderate,0,0,
1242,2021-09-11 17:33:00,40.768917,-73.888756,0,0,Steering Failure,4455964,24.7,12.9,0.0,0.0,0.0,0.0,3,16.6,34.2,246,Overcast,0,0,
1243,2021-09-11 13:05:00,40.82733,-73.8498,0,0,Unspecified,4456033,24.7,12.9,0.0,0.0,0.0,0.0,3,16.6,34.2,246,Overcast,0,0,
1244,2021-09-10 19:05:00,40.764614,-73.95833,0,0,Following Too Closely,4456526,22.9,16.0,0.0,0.0,0.0,0.0,3,24.2,47.2,314,Overcast,0,0,
1245,2021-09-11 14:00:00,40.841087,-73.86449,3,0,Unsafe Speed,4456476,24.7,12.9,0.0,0.0,0.0,0.0,3,16.6,34.2,246,Overcast,3,3,
1246,2021-09-11 00:30:00,40.747276,-73.989624,2,0,Unspecified,4456495,24.7,12.9,0.0,0.0,0.0,0.0,3,16.6,34.2,246,Overcast,2,2,
1247,2021-06-28 16:00:00,40.596325,-73.76673,2,0,Failure to Yield Right-of-Way,4456670,32.3,22.9,0.0,0.0,0.0,0.0,3,20.0,37.8,212,Overcast,2,2,
1248,2021-09-10 18:30:00,40.73873,-73.81428,0,0,Unspecified,4456824,22.9,16.0,0.0,0.0,0.0,0.0,3,24.2,47.2,314,Overcast,0,0,
1249,2021-09-11 13:54:00,40.713924,-73.96714,0,0,Driver Inattention/Distraction,4455850,24.7,12.9,0.0,0.0,0.0,0.0,3,16.6,34.2,246,Overcast,0,0,
1250,2021-07-05 12:14:00,40.609592,-73.75854,0,0,Unspecified,4456709,26.4,17.3,0.7,0.7,0.0,2.0,53,18.8,34.6,142,Drizzle: Moderate,0,0,
1251,2021-09-10 15:00:00,40.8733,-73.853645,1,0,Failure to Yield Right-of-Way,4457018,22.9,16.0,0.0,0.0,0.0,0.0,3,24.2,47.2,314,Overcast,1,1,
1252,2021-09-10 12:10:00,40.707474,-73.95704,0,0,View Obstructed/Limited,4456871,22.9,16.0,0.0,0.0,0.0,0.0,3,24.2,47.2,314,Overcast,0,0,
1253,2021-09-11 13:20:00,40.703205,-73.865456,0,0,Unspecified,4456226,24.7,12.9,0.0,0.0,0.0,0.0,3,16.6,34.2,246,Overcast,0,0,
1254,2021-06-30 10:45:00,40.595158,-73.7543,0,0,Backing Unsafely,4456677,35.2,24.9,0.1,0.1,0.0,1.0,51,20.6,37.1,246,Drizzle: Light,0,0,
1255,2021-09-08 10:50:00,40.763477,-73.96144,0,0,Driver Inattention/Distraction,4456884,26.4,19.6,0.7,0.7,0.0,6.0,51,26.7,55.8,187,Drizzle: Light,0,0,
1256,2021-07-03 09:43:00,40.60531,-73.759056,0,0,Unspecified,4456698,19.3,16.6,16.1,16.1,0.0,20.0,63,24.0,47.2,43,Rain: Moderate,0,0,
1257,2021-09-11 18:30:00,40.669403,-73.912605,0,0,Passing or Lane Usage Improper,4455909,24.7,12.9,0.0,0.0,0.0,0.0,3,16.6,34.2,246,Overcast,0,0,
1258,2021-07-05 19:10:00,40.852425,-73.86873,0,0,Passing Too Closely,4456675,26.4,17.3,0.7,0.7,0.0,2.0,53,18.8,34.6,142,Drizzle: Moderate,0,0,
1259,2021-09-11 19:50:00,40.792126,-73.97178,0,0,Illnes,4456374,24.7,12.9,0.0,0.0,0.0,0.0,3,16.6,34.2,246,Overcast,0,0,
1260,2021-09-11 10:50:00,40.634846,-74.15177,0,0,Driver Inexperience,4455834,24.7,12.9,0.0,0.0,0.0,0.0,3,16.6,34.2,246,Overcast,0,0,
1261,2021-09-11 11:43:00,40.8252,-73.867714,2,0,Unspecified,4456042,24.7,12.9,0.0,0.0,0.0,0.0,3,16.6,34.2,246,Overcast,2,2,
1262,2021-09-11 16:00:00,40.813663,-73.931244,0,0,Other Vehicular,4456464,24.7,12.9,0.0,0.0,0.0,0.0,3,16.6,34.2,246,Overcast,0,0,
1263,2021-09-02 18:33:00,40.62284,-74.00121,0,0,Unspecified,4456739,24.5,15.0,24.6,24.6,0.0,5.0,65,43.0,83.5,344,Rain: Heavy,0,0,
1264,2021-07-08 22:03:00,40.721474,-73.98383,0,1,Traffic Control Disregarded,4456653,28.3,21.3,15.2,15.2,0.0,12.0,63,16.9,48.2,125,Rain: Moderate,20,1,
1265,2022-03-26 08:50:00,40.80765,-73.939255,2,0,Traffic Control Disregarded,4514157,10.1,4.9,6.1,5.8,0.21,8.0,71,21.6,41.0,251,Snow fall: Light,2,2,Snowy Conditions
1266,2021-09-11 15:20:00,40.659832,-73.897606,1,0,Driver Inattention/Distraction,4456324,24.7,12.9,0.0,0.0,0.0,0.0,3,16.6,34.2,246,Overcast,1,1,
1267,2021-08-24 15:20:00,40.808437,-73.904724,0,0,Unspecified,4456996,30.6,21.9,0.0,0.0,0.0,0.0,1,13.9,28.1,291,Mainly clear,0,0,Sunny/Clear Conditions
1268,2021-09-11 23:50:00,40.672714,-73.75393,0,0,Unspecified,4455942,24.7,12.9,0.0,0.0,0.0,0.0,3,16.6,34.2,246,Overcast,0,0,
1269,2021-09-09 13:00:00,40.662415,-73.94996,0,0,Unspecified,4456875,22.4,19.8,18.4,18.4,0.0,15.0,63,17.5,39.2,271,Rain: Moderate,0,0,
1270,2021-07-07 13:34:00,40.83978,-73.94322,1,0,Driver Inattention/Distraction,4456570,31.4,22.2,1.4,1.4,0.0,6.0,53,17.4,37.8,213,Drizzle: Moderate,1,1,
1271,2021-09-11 22:50:00,40.672886,-73.99922,1,0,Driver Inattention/Distraction,4456117,24.7,12.9,0.0,0.0,0.0,0.0,3,16.6,34.2,246,Overcast,1,1,
1272,2021-07-04 13:14:00,40.595802,-73.764656,1,0,Driver Inattention/Distraction,4456702,24.6,15.8,1.4,1.4,0.0,12.0,51,11.8,27.0,299,Drizzle: Light,1,1,
1273,2021-09-11 01:15:00,40.752464,-73.98955,1,0,Failure to Yield Right-of-Way,4456080,24.7,12.9,0.0,0.0,0.0,0.0,3,16.6,34.2,246,Overcast,1,1,
1274,2021-09-11 20:33:00,40.71082,-73.96853,1,0,Tire Failure/Inadequate,4456942,24.7,12.9,0.0,0.0,0.0,0.0,3,16.6,34.2,246,Overcast,1,1,
1275,2021-09-04 12:00:00,40.556618,-74.203995,0,0,Driver Inattention/Distraction,4456534,25.2,14.5,0.0,0.0,0.0,0.0,3,15.4,27.0,289,Overcast,0,0,
1276,2021-07-25 00:00:00,40.807552,-73.91922,0,0,Alcohol Involvement,4456992,28.0,20.3,7.3,7.3,0.0,10.0,63,20.9,43.2,198,Rain: Moderate,0,0,
1277,2021-09-11 16:21:00,40.80165,-73.93434,0,0,Unsafe Lane Changing,4456551,24.7,12.9,0.0,0.0,0.0,0.0,3,16.6,34.2,246,Overcast,0,0,
1278,2021-09-11 12:45:00,40.665634,-73.75817,2,0,Turning Improperly,4456131,24.7,12.9,0.0,0.0,0.0,0.0,3,16.6,34.2,246,Overcast,2,2,
1279,2021-07-05 11:45:00,40.595203,-73.75603,0,0,Brakes Defective,4456707,26.4,17.3,0.7,0.7,0.0,2.0,53,18.8,34.6,142,Drizzle: Moderate,0,0,
1280,2021-07-08 13:13:00,40.86177,-73.89868,0,0,Unspecified,4456658,28.3,21.3,15.2,15.2,0.0,12.0,63,16.9,48.2,125,Rain: Moderate,0,0,
1281,2021-09-11 00:12:00,40.664055,-73.9427,1,0,Unspecified,4455930,24.7,12.9,0.0,0.0,0.0,0.0,3,16.6,34.2,246,Overcast,1,1,
1282,2021-07-09 05:25:00,40.828346,-73.94906,1,0,Following Too Closely,4456643,29.8,22.0,35.0,35.0,0.0,14.0,63,31.0,55.8,341,Rain: Moderate,1,1,
1283,2021-09-11 18:20:00,40.64789,-73.91072,1,0,Unspecified,4455897,24.7,12.9,0.0,0.0,0.0,0.0,3,16.6,34.2,246,Overcast,1,1,
1284,2021-07-02 07:08:00,40.81934,-73.93012,2,0,Failure to Yield Right-of-Way,4456597,24.3,19.2,29.6,29.6,0.0,23.0,63,14.1,27.7,284,Rain: Moderate,2,2,
1285,2021-09-11 20:17:00,40.58776,-73.9562,2,0,Unspecified,4456390,24.7,12.9,0.0,0.0,0.0,0.0,3,16.6,34.2,246,Overcast,2,2,
1286,2021-07-02 12:00:00,40.590885,-73.786125,0,0,Passing Too Closely,4456690,24.3,19.2,29.6,29.6,0.0,23.0,63,14.1,27.7,284,Rain: Moderate,0,0,
1287,2021-04-17 12:35:00,40.880466,-73.88384,1,0,Failure to Yield Right-of-Way,4408374,11.8,4.9,0.3,0.3,0.0,2.0,51,17.1,32.4,313,Drizzle: Light,1,1,
1288,2021-09-07 17:00:00,40.551266,-74.14962,0,0,Passing Too Closely,4456743,25.9,15.2,0.0,0.0,0.0,0.0,1,12.5,25.6,259,Mainly clear,0,0,Sunny/Clear Conditions
1289,2021-09-11 23:35:00,40.861828,-73.89286,0,0,Following Too Closely,4456507,24.7,12.9,0.0,0.0,0.0,0.0,3,16.6,34.2,246,Overcast,0,0,
1290,2021-09-11 15:40:00,40.68249,-73.97962,2,0,Driver Inattention/Distraction,4455982,24.7,12.9,0.0,0.0,0.0,0.0,3,16.6,34.2,246,Overcast,2,2,
1291,2021-09-11 12:00:00,40.736538,-73.865776,1,0,Unspecified,4456179,24.7,12.9,0.0,0.0,0.0,0.0,3,16.6,34.2,246,Overcast,1,1,
1292,2021-09-10 07:30:00,40.595104,-74.07541,0,0,Driver Inattention/Distraction,4456755,22.9,16.0,0.0,0.0,0.0,0.0,3,24.2,47.2,314,Overcast,0,0,
1293,2021-09-11 11:40:00,40.771343,-73.905235,0,0,Other Vehicular,4456441,24.7,12.9,0.0,0.0,0.0,0.0,3,16.6,34.2,246,Overcast,0,0,
1294,2021-09-11 15:10:00,40.67816,-73.897484,0,0,Unspecified,4456315,24.7,12.9,0.0,0.0,0.0,0.0,3,16.6,34.2,246,Overcast,0,0,
1295,2021-08-29 14:00:00,40.81084,-73.95068,0,0,Other Vehicular,4456779,24.5,19.7,2.5,2.5,0.0,9.0,53,13.6,25.6,98,Drizzle: Moderate,0,0,
1296,2021-09-11 19:00:00,40.74273,-73.95412,0,0,Unspecified,4455878,24.7,12.9,0.0,0.0,0.0,0.0,3,16.6,34.2,246,Overcast,0,0,
1297,2021-09-11 10:30:00,40.67897,-73.75985,0,0,Turning Improperly,4455824,24.7,12.9,0.0,0.0,0.0,0.0,3,16.6,34.2,246,Overcast,0,0,
1298,2021-09-11 17:19:00,40.834473,-73.87226,1,0,Driver Inattention/Distraction,4456046,24.7,12.9,0.0,0.0,0.0,0.0,3,16.6,34.2,246,Overcast,1,1,
1299,2021-07-08 21:37:00,40.892624,-73.859924,1,0,Fatigued/Drowsy,4456629,28.3,21.3,15.2,15.2,0.0,12.0,63,16.9,48.2,125,Rain: Moderate,1,1,
1300,2021-09-11 01:43:00,40.860664,-73.92171,1,0,Driver Inattention/Distraction,4456190,24.7,12.9,0.0,0.0,0.0,0.0,3,16.6,34.2,246,Overcast,1,1,
1301,2021-09-11 18:15:00,40.704456,-73.98752,0,0,Driver Inattention/Distraction,4455991,24.7,12.9,0.0,0.0,0.0,0.0,3,16.6,34.2,246,Overcast,0,0,
1302,2021-07-07 19:20:00,40.71982,-73.94863,0,0,Unspecified,4456574,31.4,22.2,1.4,1.4,0.0,6.0,53,17.4,37.8,213,Drizzle: Moderate,0,0,
1303,2021-07-08 11:55:00,40.670856,-73.8852,0,0,Turning Improperly,4456585,28.3,21.3,15.2,15.2,0.0,12.0,63,16.9,48.2,125,Rain: Moderate,0,0,
1304,2022-03-25 14:30:00,40.82583,-73.85777,1,0,Unspecified,4514195,15.6,5.3,5.7,5.7,0.0,4.0,63,27.6,52.2,274,Rain: Moderate,1,1,
1305,2021-07-08 15:30:00,40.888454,-73.84197,0,0,Driver Inattention/Distraction,4456611,28.3,21.3,15.2,15.2,0.0,12.0,63,16.9,48.2,125,Rain: Moderate,0,0,
1306,2021-09-10 22:00:00,40.709747,-73.82057,1,0,Failure to Yield Right-of-Way,4456732,22.9,16.0,0.0,0.0,0.0,0.0,3,24.2,47.2,314,Overcast,1,1,
1307,2021-07-09 10:02:00,40.896656,-73.855576,0,0,Driver Inattention/Distraction,4456685,29.8,22.0,35.0,35.0,0.0,14.0,63,31.0,55.8,341,Rain: Moderate,0,0,
1308,2021-09-11 18:00:00,40.74668,-73.98586,0,0,Driver Inattention/Distraction,4456074,24.7,12.9,0.0,0.0,0.0,0.0,3,16.6,34.2,246,Overcast,0,0,
1309,2021-07-08 18:47:00,40.67897,-73.895706,1,0,Driver Inattention/Distraction,4456626,28.3,21.3,15.2,15.2,0.0,12.0,63,16.9,48.2,125,Rain: Moderate,1,1,
1310,2021-09-11 02:13:00,40.830845,-73.947235,0,0,Unsafe Speed,4456368,24.7,12.9,0.0,0.0,0.0,0.0,3,16.6,34.2,246,Overcast,0,0,
1311,2021-07-08 09:35:00,40.732388,-73.943726,2,0,Driver Inattention/Distraction,4456639,28.3,21.3,15.2,15.2,0.0,12.0,63,16.9,48.2,125,Rain: Moderate,2,2,
1312,2021-09-11 12:10:00,40.66826,-73.95428,0,0,Driver Inattention/Distraction,4456839,24.7,12.9,0.0,0.0,0.0,0.0,3,16.6,34.2,246,Overcast,0,0,
1313,2021-09-10 17:25:00,40.61855,-73.9395,1,0,Backing Unsafely,4456803,22.9,16.0,0.0,0.0,0.0,0.0,3,24.2,47.2,314,Overcast,1,1,
1314,2021-09-11 15:10:00,40.820187,-73.890686,0,0,Unspecified,4455921,24.7,12.9,0.0,0.0,0.0,0.0,3,16.6,34.2,246,Overcast,0,0,
1315,2021-09-11 17:37:00,40.86173,-73.91182,1,0,Passing or Lane Usage Improper,4456412,24.7,12.9,0.0,0.0,0.0,0.0,3,16.6,34.2,246,Overcast,1,1,
1316,2021-07-08 15:01:00,40.666737,-73.78628,0,0,Reaction to Uninvolved Vehicle,4456601,28.3,21.3,15.2,15.2,0.0,12.0,63,16.9,48.2,125,Rain: Moderate,0,0,
1317,2021-09-11 17:29:00,40.759357,-73.9582,2,0,Driver Inattention/Distraction,4456347,24.7,12.9,0.0,0.0,0.0,0.0,3,16.6,34.2,246,Overcast,2,2,
1318,2021-09-11 20:14:00,40.619274,-74.03203,0,0,Unspecified,4455908,24.7,12.9,0.0,0.0,0.0,0.0,3,16.6,34.2,246,Overcast,0,0,
1319,2021-09-11 12:14:00,40.835884,-73.88341,0,0,Driver Inattention/Distraction,4455968,24.7,12.9,0.0,0.0,0.0,0.0,3,16.6,34.2,246,Overcast,0,0,