,CRASH DATETIME,LATITUDE,LONGITUDE,NUMBER OF PERSONS INJURED,NUMBER OF PERSONS KILLED,CONTRIBUTING FACTOR VEHICLE 1,COLLISION_ID,temperature_2m_max,temperature_2m_min,precipitation_sum,rain_sum,snowfall_sum,precipitation_hours,weather_code,wind_speed_10m_max,wind_gusts_10m_max,wind_direction_10m_dominant,Weather Description,Severity_Score,Total_Affected_Persons,Weather_Category
1320,2021-09-10 08:05:00,40.716476,-73.99283,1,0,Failure to Yield Right-of-Way,4456759,22.9,16.0,0.0,0.0,0.0,0.0,3,24.2,47.2,314,Overcast,1,1,
1321,2021-09-07 12:20:00,40.761993,-73.961784,0,0,Following Too Closely,4456514,25.9,15.2,0.0,0.0,0.0,0.0,1,12.5,25.6,259,Mainly clear,0,0,Sunny/Clear Conditions
1322,2021-09-11 13:55:00,40.834187,-73.909584,0,0,Other Vehicular,4456496,24.7,12.9,0.0,0.0,0.0,0.0,3,16.6,34.2,246,Overcast,0,0,
1323,2021-09-11 08:30:00,40.7982,-73.961815,0,0,Passing Too Closely,4455859,24.7,12.9,0.0,0.0,0.0,0.0,3,16.6,34.2,246,Overcast,0,0,
1324,2021-09-10 13:45:00,40.578556,-74.1696,0,0,Driver Inattention/Distraction,4456783,22.9,16.0,0.0,0.0,0.0,0.0,3,24.2,47.2,314,Overcast,0,0,
1325,2021-07-08 18:06:00,40.585037,-73.95645,2,0,Reaction to Uninvolved Vehicle,4456612,28.3,21.3,15.2,15.2,0.0,12.0,63,16.9,48.2,125,Rain: Moderate,2,2,
1326,2021-07-05 12:45:00,40.602356,-73.75953,0,0,Turning Improperly,4456712,26.4,17.3,0.7,0.7,0.0,2.0,53,18.8,34.6,142,Drizzle: Moderate,0,0,
1327,2021-07-07 17:00:00,40.667236,-73.770004,0,0,Driver Inattention/Distraction,4456644,31.4,22.2,1.4,1.4,0.0,6.0,53,17.4,37.8,213,Drizzle: Moderate,0,0,
1328,2021-09-11 00:35:00,40.800262,-73.94554,1,0,Driver Inattention/Distraction,4456542,24.7,12.9,0.0,0.0,0.0,0.0,3,16.6,34.2,246,Overcast,1,1,
1329,2021-07-08 16:15:00,40.85853,-73.89084,0,0,Turning Improperly,4456665,28.3,21.3,15.2,15.2,0.0,12.0,63,16.9,48.2,125,Rain: Moderate,0,0,
1330,2021-09-11 21:00:00,40.675766,-73.81685,0,0,Driver Inattention/Distraction,4456143,24.7,12.9,0.0,0.0,0.0,0.0,3,16.6,34.2,246,Overcast,0,0,
1331,2021-07-07 21:30:00,40.716667,-73.95206,1,0,Failure to Yield Right-of-Way,4456578,31.4,22.2,1.4,1.4,0.0,6.0,53,17.4,37.8,213,Drizzle: Moderate,1,1,
1332,2021-07-08 05:20:00,40.606335,-74.18019,0,0,Driver Inattention/Distraction,4456581,28.3,21.3,15.2,15.2,0.0,12.0,63,16.9,48.2,125,Rain: Moderate,0,0,
1333,2021-09-11 10:45:00,40.753304,-73.912575,2,0,Driver Inattention/Distraction,4455813,24.7,12.9,0.0,0.0,0.0,0.0,3,16.6,34.2,246,Overcast,2,2,
1334,2021-07-08 22:57:00,40.680088,-73.80177,1,0,Driver Inattention/Distraction,4456633,28.3,21.3,15.2,15.2,0.0,12.0,63,16.9,48.2,125,Rain: Moderate,1,1,
1335,2021-09-11 23:45:00,40.64531,-73.94608,1,0,Driver Inattention/Distraction,4456205,24.7,12.9,0.0,0.0,0.0,0.0,3,16.6,34.2,246,Overcast,1,1,
1336,2021-09-11 19:59:00,40.67086,-73.87424,1,0,Failure to Yield Right-of-Way,4456298,24.7,12.9,0.0,0.0,0.0,0.0,3,16.6,34.2,246,Overcast,1,1,
1337,2021-07-09 08:30:00,40.814438,-73.89308,1,0,Unspecified,4456680,29.8,22.0,35.0,35.0,0.0,14.0,63,31.0,55.8,341,Rain: Moderate,1,1,
1338,2021-09-09 09:40:00,40.703857,-73.91851,1,0,Failure to Yield Right-of-Way,4457030,22.4,19.8,18.4,18.4,0.0,15.0,63,17.5,39.2,271,Rain: Moderate,1,1,
1339,2021-07-07 16:18:00,40.60172,-74.09143,1,0,Traffic Control Disregarded,4456607,31.4,22.2,1.4,1.4,0.0,6.0,53,17.4,37.8,213,Drizzle: Moderate,1,1,
1340,2021-07-09 11:00:00,40.770065,-73.949394,0,0,Backing Unsafely,4456697,29.8,22.0,35.0,35.0,0.0,14.0,63,31.0,55.8,341,Rain: Moderate,0,0,
1341,2021-09-11 10:30:00,40.669758,-73.91019,1,0,Unspecified,4456815,24.7,12.9,0.0,0.0,0.0,0.0,3,16.6,34.2,246,Overcast,1,1,
1342,2021-09-10 14:14:00,40.727238,-73.810875,0,0,Unspecified,4456895,22.9,16.0,0.0,0.0,0.0,0.0,3,24.2,47.2,314,Overcast,0,0,
1343,2021-07-08 21:06:00,40.73273,-73.99382,2,0,Traffic Control Disregarded,4456622,28.3,21.3,15.2,15.2,0.0,12.0,63,16.9,48.2,125,Rain: Moderate,2,2,
1344,2021-09-07 16:25:00,40.810375,-73.95168,1,0,Turning Improperly,4456773,25.9,15.2,0.0,0.0,0.0,0.0,1,12.5,25.6,259,Mainly clear,1,1,Sunny/Clear Conditions
1345,2021-09-11 08:09:00,40.774807,-73.98442,0,1,Pedestrian/Bicyclist/Other Pedestrian Error/Confusion,4456872,24.7,12.9,0.0,0.0,0.0,0.0,3,16.6,34.2,246,Overcast,20,1,
1346,2021-07-08 01:15:00,40.847168,-73.93394,0,0,Passing Too Closely,4456671,28.3,21.3,15.2,15.2,0.0,12.0,63,16.9,48.2,125,Rain: Moderate,0,0,
1347,2021-09-11 15:38:00,40.627037,-74.16483,0,0,Driver Inattention/Distraction,4456788,24.7,12.9,0.0,0.0,0.0,0.0,3,16.6,34.2,246,Overcast,0,0,
1348,2021-09-11 15:40:00,40.700245,-73.92089,0,0,Driver Inattention/Distraction,4456249,24.7,12.9,0.0,0.0,0.0,0.0,3,16.6,34.2,246,Overcast,0,0,
1349,2021-09-11 20:21:00,40.61475,-73.90055,0,0,Driver Inattention/Distraction,4455951,24.7,12.9,0.0,0.0,0.0,0.0,3,16.6,34.2,246,Overcast,0,0,
1350,2021-09-11 21:49:00,40.861862,-73.91275,0,0,Failure to Yield Right-of-Way,4456404,24.7,12.9,0.0,0.0,0.0,0.0,3,16.6,34.2,246,Overcast,0,0,
1351,2021-09-11 10:20:00,40.77632,-73.96002,0,0,Backing Unsafely,4456527,24.7,12.9,0.0,0.0,0.0,0.0,3,16.6,34.2,246,Overcast,0,0,
1352,2021-09-11 13:29:00,40.575573,-73.99432,0,0,Driver Inattention/Distraction,4456014,24.7,12.9,0.0,0.0,0.0,0.0,3,16.6,34.2,246,Overcast,0,0,
1353,2021-09-11 16:30:00,40.85159,-73.867805,0,0,Driver Inattention/Distraction,4456477,24.7,12.9,0.0,0.0,0.0,0.0,3,16.6,34.2,246,Overcast,0,0,
1354,2021-07-08 17:56:00,40.853683,-73.790276,0,0,Unspecified,4456616,28.3,21.3,15.2,15.2,0.0,12.0,63,16.9,48.2,125,Rain: Moderate,0,0,
1355,2021-09-05 10:30:00,40.728558,-73.82853,3,0,Driver Inattention/Distraction,4456827,24.5,16.9,1.0,1.0,0.0,6.0,51,15.5,42.5,204,Drizzle: Light,3,3,
1356,2021-09-10 07:04:00,40.867687,-73.83509,2,0,Failure to Yield Right-of-Way,4457015,22.9,16.0,0.0,0.0,0.0,0.0,3,24.2,47.2,314,Overcast,2,2,
1357,2021-07-09 10:06:00,40.602886,-73.952095,1,0,Unsafe Lane Changing,4456708,29.8,22.0,35.0,35.0,0.0,14.0,63,31.0,55.8,341,Rain: Moderate,1,1,
1358,2021-09-11 11:15:00,40.771572,-73.81323,0,0,Failure to Yield Right-of-Way,4456094,24.7,12.9,0.0,0.0,0.0,0.0,3,16.6,34.2,246,Overcast,0,0,
1359,2021-06-29 18:15:00,40.700245,-73.92089,0,0,Passing or Lane Usage Improper,4456593,33.4,24.0,0.7,0.7,0.0,4.0,51,19.5,40.0,231,Drizzle: Light,0,0,
1360,2021-07-07 06:30:00,40.768887,-73.90691,0,0,Pavement Slippery,4456566,31.4,22.2,1.4,1.4,0.0,6.0,53,17.4,37.8,213,Drizzle: Moderate,0,0,
1361,2021-07-07 18:45:00,40.841152,-73.942696,1,0,Aggressive Driving/Road Rage,4456661,31.4,22.2,1.4,1.4,0.0,6.0,53,17.4,37.8,213,Drizzle: Moderate,1,1,
1362,2021-09-05 05:11:00,40.678566,-73.98778,0,0,Passing Too Closely,4456971,24.5,16.9,1.0,1.0,0.0,6.0,51,15.5,42.5,204,Drizzle: Light,0,0,
1363,2021-07-09 09:26:00,40.75545,-73.962105,0,0,Driver Inattention/Distraction,4456676,29.8,22.0,35.0,35.0,0.0,14.0,63,31.0,55.8,341,Rain: Moderate,0,0,
1364,2021-09-11 15:06:00,40.639675,-73.931046,2,0,Unspecified,4456201,24.7,12.9,0.0,0.0,0.0,0.0,3,16.6,34.2,246,Overcast,2,2,
1365,2021-09-07 13:00:00,40.73555,-73.979355,0,0,Pedestrian/Bicyclist/Other Pedestrian Error/Confusion,4456880,25.9,15.2,0.0,0.0,0.0,0.0,1,12.5,25.6,259,Mainly clear,0,0,Sunny/Clear Conditions
1366,2021-07-09 11:45:00,40.703487,-73.799736,0,0,Unsafe Lane Changing,4456693,29.8,22.0,35.0,35.0,0.0,14.0,63,31.0,55.8,341,Rain: Moderate,0,0,
1367,2021-09-11 02:00:00,40.716644,-73.99582,0,0,Failure to Yield Right-of-Way,4456075,24.7,12.9,0.0,0.0,0.0,0.0,3,16.6,34.2,246,Overcast,0,0,
1368,2021-07-09 01:04:00,40.602684,-73.94232,0,0,Unspecified,4456648,29.8,22.0,35.0,35.0,0.0,14.0,63,31.0,55.8,341,Rain: Moderate,0,0,
1369,2021-09-11 12:41:00,40.81329,-73.93517,0,0,Unspecified,4456548,24.7,12.9,0.0,0.0,0.0,0.0,3,16.6,34.2,246,Overcast,0,0,
1370,2021-09-11 09:00:00,40.832314,-73.93161,0,0,Unsafe Speed,4456984,24.7,12.9,0.0,0.0,0.0,0.0,3,16.6,34.2,246,Overcast,0,0,
1371,2021-06-28 09:20:00,40.597435,-73.74713,0,0,Passing or Lane Usage Improper,4456561,32.3,22.9,0.0,0.0,0.0,0.0,3,20.0,37.8,212,Overcast,0,0,
1372,2021-09-04 20:48:00,40.81655,-73.91955,0,0,Unspecified,4456995,25.2,14.5,0.0,0.0,0.0,0.0,3,15.4,27.0,289,Overcast,0,0,
1373,2021-09-07 11:00:00,40.69962,-73.82122,1,0,Failure to Yield Right-of-Way,4456856,25.9,15.2,0.0,0.0,0.0,0.0,1,12.5,25.6,259,Mainly clear,1,1,Sunny/Clear Conditions
1374,2021-07-04 18:15:00,40.601437,-73.768196,0,0,Following Too Closely,4456703,24.6,15.8,1.4,1.4,0.0,12.0,51,11.8,27.0,299,Drizzle: Light,0,0,
1375,2021-07-07 00:00:00,40.869358,-73.825325,0,0,Unspecified,4456571,31.4,22.2,1.4,1.4,0.0,6.0,53,17.4,37.8,213,Drizzle: Moderate,0,0,
1376,2021-12-09 15:17:00,40.880135,-73.873085,0,0,Unspecified,4485146,3.6,-2.0,0.1,0.0,0.07,1.0,71,19.2,33.8,295,Snow fall: Light,0,0,Snowy Conditions
1377,2021-12-09 11:45:00,40.709305,-73.84369,0,0,Turning Improperly,4485058,3.6,-2.0,0.1,0.0,0.07,1.0,71,19.2,33.8,295,Snow fall: Light,0,0,Snowy Conditions
1378,2021-12-08 06:45:00,40.766827,-73.909294,0,0,Driver Inattention/Distraction,4484577,4.7,0.9,0.7,0.7,0.0,2.0,51,14.5,24.8,355,Drizzle: Light,0,0,
1379,2021-12-09 17:00:00,40.719055,-74.01245,0,0,Unspecified,4485111,3.6,-2.0,0.1,0.0,0.07,1.0,71,19.2,33.8,295,Snow fall: Light,0,0,Snowy Conditions
1380,2021-12-09 05:35:00,40.766743,-73.92597,1,0,Unspecified,4485366,3.6,-2.0,0.1,0.0,0.07,1.0,71,19.2,33.8,295,Snow fall: Light,1,1,Snowy Conditions
1381,2021-12-10 10:00:00,40.66279,-73.99887,0,0,Unspecified,4485285,8.5,1.6,0.0,0.0,0.0,0.0,3,9.8,20.5,183,Overcast,0,0,
1382,2021-12-10 00:00:00,40.644306,-74.01804,1,0,Failure to Yield Right-of-Way,4485278,8.5,1.6,0.0,0.0,0.0,0.0,3,9.8,20.5,183,Overcast,1,1,
1383,2021-12-08 09:25:00,40.700233,-73.95988,1,0,Failure to Yield Right-of-Way,4484818,4.7,0.9,0.7,0.7,0.0,2.0,51,14.5,24.8,355,Drizzle: Light,1,1,
1384,2021-12-09 22:15:00,40.752808,-73.99098,0,0,Steering Failure,4485613,3.6,-2.0,0.1,0.0,0.07,1.0,71,19.2,33.8,295,Snow fall: Light,0,0,Snowy Conditions
1385,2022-03-26 02:01:00,40.85019,-73.939644,0,0,Driver Inattention/Distraction,4513779,10.1,4.9,6.1,5.8,0.21,8.0,71,21.6,41.0,251,Snow fall: Light,0,0,Snowy Conditions
1386,2022-03-26 03:40:00,40.702938,-73.95026,0,0,Unspecified,4514083,10.1,4.9,6.1,5.8,0.21,8.0,71,21.6,41.0,251,Snow fall: Light,0,0,Snowy Conditions
1387,2022-03-26 10:00:00,40.75868,-73.87552,0,0,Unspecified,4513519,10.1,4.9,6.1,5.8,0.21,8.0,71,21.6,41.0,251,Snow fall: Light,0,0,Snowy Conditions
1388,2022-03-26 23:23:00,40.793472,-73.93726,1,0,Unspecified,4513898,10.1,4.9,6.1,5.8,0.21,8.0,71,21.6,41.0,251,Snow fall: Light,1,1,Snowy Conditions
1389,2022-03-26 20:10:00,40.762974,-73.825325,1,0,Headlights Defective,4513603,10.1,4.9,6.1,5.8,0.21,8.0,71,21.6,41.0,251,Snow fall: Light,1,1,Snowy Conditions
1390,2022-03-26 23:32:00,40.739384,-73.82268,0,0,Passing or Lane Usage Improper,4513928,10.1,4.9,6.1,5.8,0.21,8.0,71,21.6,41.0,251,Snow fall: Light,0,0,Snowy Conditions
1391,2022-03-26 14:05:00,40.608727,-74.08839,3,0,Unspecified,4513707,10.1,4.9,6.1,5.8,0.21,8.0,71,21.6,41.0,251,Snow fall: Light,3,3,Snowy Conditions
1392,2021-04-04 17:00:00,40.5837,-73.94259,1,0,Driver Inattention/Distraction,4404427,16.2,3.4,0.0,0.0,0.0,0.0,3,18.5,33.1,302,Overcast,1,1,
1393,2021-04-17 04:07:00,40.702255,-73.92008,0,0,Alcohol Involvement,4408680,11.8,4.9,0.3,0.3,0.0,2.0,51,17.1,32.4,313,Drizzle: Light,0,0,
1394,2021-04-17 07:10:00,40.8047,-73.91243,1,0,Following Too Closely,4408765,11.8,4.9,0.3,0.3,0.0,2.0,51,17.1,32.4,313,Drizzle: Light,1,1,
1395,2021-03-25 20:00:00,0.0,0.0,0,0,Unsafe Speed,4408756,19.5,9.1,1.8,1.8,0.0,3.0,55,17.6,36.0,124,Drizzle: Dense,0,0,
1396,2021-04-12 17:20:00,40.821667,-73.915184,1,0,Driver Inattention/Distraction,4408774,8.7,6.7,13.6,13.6,0.0,21.0,61,23.4,42.1,51,Rain: Light,1,1,
1397,2022-03-26 15:58:00,40.7179,-73.83202,1,0,Following Too Closely,4513891,10.1,4.9,6.1,5.8,0.21,8.0,71,21.6,41.0,251,Snow fall: Light,1,1,Snowy Conditions
1398,2021-04-16 20:30:00,40.704716,-73.92875,0,0,Following Too Closely,4408677,11.8,3.7,2.9,2.9,0.0,12.0,53,23.5,49.0,307,Drizzle: Moderate,0,0,
1399,2021-03-30 18:20:00,40.763374,-73.99647,2,0,Failure to Yield Right-of-Way,4408761,12.8,0.5,0.0,0.0,0.0,0.0,3,27.4,51.8,164,Overcast,2,2,
1400,2021-04-12 09:00:00,40.706062,-73.91626,0,0,Passing or Lane Usage Improper,4408685,8.7,6.7,13.6,13.6,0.0,21.0,61,23.4,42.1,51,Rain: Light,0,0,
1401,2021-04-01 09:00:00,40.58096,-73.96466,0,0,Passing Too Closely,4408738,11.1,2.9,6.5,6.5,0.0,11.0,63,28.5,53.6,323,Rain: Moderate,0,0,
1402,2021-03-30 11:42:00,40.610443,-73.93462,1,0,Driver Inattention/Distraction,4403283,12.8,0.5,0.0,0.0,0.0,0.0,3,27.4,51.8,164,Overcast,1,1,
1403,2021-04-15 08:40:00,40.77291,-73.962524,1,0,Driver Inattention/Distraction,4408736,12.9,7.7,15.9,15.9,0.0,15.0,63,17.3,32.0,166,Rain: Moderate,1,1,
1404,2021-04-06 15:59:00,40.762234,-73.98987,1,0,Unspecified,4408762,18.3,4.8,0.0,0.0,0.0,0.0,1,21.9,38.9,319,Mainly clear,1,1,Sunny/Clear Conditions
1405,2022-03-26 23:00:00,40.64993,-73.93312,1,0,Failure to Yield Right-of-Way,4513802,10.1,4.9,6.1,5.8,0.21,8.0,71,21.6,41.0,251,Snow fall: Light,1,1,Snowy Conditions
1406,2022-03-26 21:22:00,40.84932,-73.945145,0,0,Passing Too Closely,4514253,10.1,4.9,6.1,5.8,0.21,8.0,71,21.6,41.0,251,Snow fall: Light,0,0,Snowy Conditions
1407,2022-03-26 03:37:00,40.863194,-73.86642,0,0,Driver Inattention/Distraction,4513483,10.1,4.9,6.1,5.8,0.21,8.0,71,21.6,41.0,251,Snow fall: Light,0,0,Snowy Conditions
1408,2022-03-24 09:36:00,40.7802,-73.98755,0,0,Brakes Defective,4514303,9.9,3.5,21.4,21.4,0.0,16.0,63,27.2,50.8,57,Rain: Moderate,0,0,
1409,2022-03-25 02:02:00,40.824562,-73.87259,1,0,Alcohol Involvement,4514188,15.6,5.3,5.7,5.7,0.0,4.0,63,27.6,52.2,274,Rain: Moderate,1,1,
1410,2021-12-17 21:00:00,40.73376,-73.93743,0,0,Unspecified,4487311,13.9,6.1,0.0,0.0,0.0,0.0,3,21.5,37.1,265,Overcast,0,0,
1411,2021-04-17 23:40:00,40.648075,-73.95959,1,0,Alcohol Involvement,4408048,11.8,4.9,0.3,0.3,0.0,2.0,51,17.1,32.4,313,Drizzle: Light,1,1,
1412,2021-04-17 17:45:00,40.67901,-73.81259,3,0,Unsafe Speed,4408169,11.8,4.9,0.3,0.3,0.0,2.0,51,17.1,32.4,313,Drizzle: Light,3,3,
1413,2021-04-16 20:55:00,40.671597,-73.88018,2,0,Unspecified,4408579,11.8,3.7,2.9,2.9,0.0,12.0,53,23.5,49.0,307,Drizzle: Moderate,2,2,
1414,2021-04-09 10:36:00,40.648823,-73.951775,0,0,Driver Inattention/Distraction,4408548,13.4,5.7,0.0,0.0,0.0,0.0,3,15.7,33.8,146,Overcast,0,0,
1415,2021-04-17 00:00:00,40.638515,-73.94993,0,0,Outside Car Distraction,4408134,11.8,4.9,0.3,0.3,0.0,2.0,51,17.1,32.4,313,Drizzle: Light,0,0,
1416,2021-04-15 15:15:00,40.828293,-73.861725,1,0,Unspecified,4408451,12.9,7.7,15.9,15.9,0.0,15.0,63,17.3,32.0,166,Rain: Moderate,1,1,
1417,2021-04-17 13:30:00,40.62556,-73.94664,2,0,Turning Improperly,4408519,11.8,4.9,0.3,0.3,0.0,2.0,51,17.1,32.4,313,Drizzle: Light,2,2,
1418,2021-04-17 04:15:00,40.666397,-73.755516,0,0,Driver Inattention/Distraction,4407887,11.8,4.9,0.3,0.3,0.0,2.0,51,17.1,32.4,313,Drizzle: Light,0,0,
1419,2021-04-16 00:00:00,40.617588,-73.96382,1,0,Unspecified,4408570,11.8,3.7,2.9,2.9,0.0,12.0,53,23.5,49.0,307,Drizzle: Moderate,1,1,
1420,2021-04-16 18:39:00,40.870796,-73.9039,1,0,Unspecified,4408664,11.8,3.7,2.9,2.9,0.0,12.0,53,23.5,49.0,307,Drizzle: Moderate,1,1,
1421,2021-04-17 11:09:00,40.62156,-74.16849,0,0,Driver Inattention/Distraction,4408498,11.8,4.9,0.3,0.3,0.0,2.0,51,17.1,32.4,313,Drizzle: Light,0,0,
1422,2021-04-17 01:50:00,40.748985,-73.89162,1,0,Driver Inexperience,4407921,11.8,4.9,0.3,0.3,0.0,2.0,51,17.1,32.4,313,Drizzle: Light,1,1,
1423,2021-04-17 17:00:00,40.74898,-73.93969,0,0,Driver Inattention/Distraction,4408010,11.8,4.9,0.3,0.3,0.0,2.0,51,17.1,32.4,313,Drizzle: Light,0,0,
1424,2021-04-17 11:50:00,40.702408,-73.93502,0,0,Passing or Lane Usage Improper,4408357,11.8,4.9,0.3,0.3,0.0,2.0,51,17.1,32.4,313,Drizzle: Light,0,0,
1425,2021-04-17 23:55:00,40.68838,-73.80559,1,0,Driver Inattention/Distraction,4408415,11.8,4.9,0.3,0.3,0.0,2.0,51,17.1,32.4,313,Drizzle: Light,1,1,
1426,2021-04-16 14:35:00,40.831856,-73.86826,0,0,Unspecified,4408455,11.8,3.7,2.9,2.9,0.0,12.0,53,23.5,49.0,307,Drizzle: Moderate,0,0,
1427,2021-04-17 18:40:00,40.827423,-73.86823,0,0,Failure to Yield Right-of-Way,4408469,11.8,4.9,0.3,0.3,0.0,2.0,51,17.1,32.4,313,Drizzle: Light,0,0,
1428,2021-04-17 15:00:00,40.712727,-73.72899,1,0,Following Too Closely,4407984,11.8,4.9,0.3,0.3,0.0,2.0,51,17.1,32.4,313,Drizzle: Light,1,1,
1429,2021-04-17 15:30:00,40.665257,-73.739555,0,0,Unspecified,4407978,11.8,4.9,0.3,0.3,0.0,2.0,51,17.1,32.4,313,Drizzle: Light,0,0,
1430,2021-04-17 00:00:00,40.70052,-73.811066,0,0,Unspecified,4407955,11.8,4.9,0.3,0.3,0.0,2.0,51,17.1,32.4,313,Drizzle: Light,0,0,
1431,2021-04-17 05:00:00,40.757668,-73.99483,0,0,Passing Too Closely,4408598,11.8,4.9,0.3,0.3,0.0,2.0,51,17.1,32.4,313,Drizzle: Light,0,0,
1432,2021-04-17 21:00:00,40.787846,-73.840096,1,0,Traffic Control Disregarded,4408006,11.8,4.9,0.3,0.3,0.0,2.0,51,17.1,32.4,313,Drizzle: Light,1,1,
1433,2021-04-17 12:15:00,40.74125,-73.81912,0,0,Failure to Yield Right-of-Way,4407935,11.8,4.9,0.3,0.3,0.0,2.0,51,17.1,32.4,313,Drizzle: Light,0,0,
1434,2021-04-17 00:00:00,40.833813,-73.86275,1,0,Driver Inattention/Distraction,4408468,11.8,4.9,0.3,0.3,0.0,2.0,51,17.1,32.4,313,Drizzle: Light,1,1,
1435,2021-04-17 14:40:00,40.810093,-73.95309,0,0,Driver Inattention/Distraction,4408182,11.8,4.9,0.3,0.3,0.0,2.0,51,17.1,32.4,313,Drizzle: Light,0,0,
1436,2021-04-17 11:00:00,40.837803,-73.94215,0,0,Unsafe Lane Changing,4408277,11.8,4.9,0.3,0.3,0.0,2.0,51,17.1,32.4,313,Drizzle: Light,0,0,
1437,2021-04-16 11:20:00,40.813385,-73.94511,0,0,Other Vehicular,4408489,11.8,3.7,2.9,2.9,0.0,12.0,53,23.5,49.0,307,Drizzle: Moderate,0,0,
1438,2021-04-17 11:38:00,40.87341,-73.87589,0,0,Driver Inexperience,4408430,11.8,4.9,0.3,0.3,0.0,2.0,51,17.1,32.4,313,Drizzle: Light,0,0,
1439,2021-04-14 20:55:00,40.652985,-73.95271,2,0,Following Too Closely,4408475,19.7,5.4,0.0,0.0,0.0,0.0,3,20.8,39.6,227,Overcast,2,2,
1440,2021-04-17 12:50:00,40.715355,-73.99773,0,0,Driver Inattention/Distraction,4407944,11.8,4.9,0.3,0.3,0.0,2.0,51,17.1,32.4,313,Drizzle: Light,0,0,
1441,2021-04-17 14:22:00,40.84715,-73.90125,1,0,Backing Unsafely,4408148,11.8,4.9,0.3,0.3,0.0,2.0,51,17.1,32.4,313,Drizzle: Light,1,1,
1442,2021-04-17 17:55:00,40.70537,-73.775826,4,0,Driver Inattention/Distraction,4408413,11.8,4.9,0.3,0.3,0.0,2.0,51,17.1,32.4,313,Drizzle: Light,4,4,
1443,2021-04-17 10:20:00,40.619484,-73.918274,1,0,Unspecified,4408533,11.8,4.9,0.3,0.3,0.0,2.0,51,17.1,32.4,313,Drizzle: Light,1,1,
1444,2021-04-17 22:40:00,40.742065,-73.90036,0,0,Driver Inattention/Distraction,4408011,11.8,4.9,0.3,0.3,0.0,2.0,51,17.1,32.4,313,Drizzle: Light,0,0,
1445,2021-04-17 22:14:00,40.679012,-73.758675,0,0,Alcohol Involvement,4408088,11.8,4.9,0.3,0.3,0.0,2.0,51,17.1,32.4,313,Drizzle: Light,0,0,
1446,2021-04-09 02:15:00,40.700726,-73.94194,2,0,Unsafe Speed,4408615,13.4,5.7,0.0,0.0,0.0,0.0,3,15.7,33.8,146,Overcast,2,2,
1447,2021-04-17 09:30:00,40.637012,-74.01515,1,0,Driver Inattention/Distraction,4407963,11.8,4.9,0.3,0.3,0.0,2.0,51,17.1,32.4,313,Drizzle: Light,1,1,
1448,2021-04-15 21:25:00,40.822388,-73.934296,0,0,Pavement Slippery,4408518,12.9,7.7,15.9,15.9,0.0,15.0,63,17.3,32.0,166,Rain: Moderate,0,0,
1449,2021-04-17 22:45:00,40.76286,-73.98941,0,0,Backing Unsafely,4408442,11.8,4.9,0.3,0.3,0.0,2.0,51,17.1,32.4,313,Drizzle: Light,0,0,
1450,2021-04-17 15:00:00,40.58524,-74.093414,0,0,Following Too Closely,4408460,11.8,4.9,0.3,0.3,0.0,2.0,51,17.1,32.4,313,Drizzle: Light,0,0,
1451,2021-04-15 19:34:00,40.85814,-73.895744,1,0,Driver Inexperience,4408589,12.9,7.7,15.9,15.9,0.0,15.0,63,17.3,32.0,166,Rain: Moderate,1,1,
1452,2021-04-17 19:42:00,40.885433,-73.82924,0,0,Unspecified,4408174,11.8,4.9,0.3,0.3,0.0,2.0,51,17.1,32.4,313,Drizzle: Light,0,0,
1453,2021-04-07 03:26:00,40.65719,-73.927055,0,0,Unspecified,4408554,19.7,6.7,0.5,0.5,0.0,2.0,51,15.5,34.6,14,Drizzle: Light,0,0,
1454,2021-04-17 23:38:00,40.725994,-73.89843,1,0,Unspecified,4408251,11.8,4.9,0.3,0.3,0.0,2.0,51,17.1,32.4,313,Drizzle: Light,1,1,
1455,2021-04-17 00:05:00,40.653202,-73.93056,0,0,Driver Inattention/Distraction,4408127,11.8,4.9,0.3,0.3,0.0,2.0,51,17.1,32.4,313,Drizzle: Light,0,0,
1456,2021-04-17 14:30:00,40.762012,-73.911,1,0,Driver Inattention/Distraction,4408022,11.8,4.9,0.3,0.3,0.0,2.0,51,17.1,32.4,313,Drizzle: Light,1,1,
1457,2021-04-15 08:00:00,40.608204,-73.920715,1,0,Unspecified,4408524,12.9,7.7,15.9,15.9,0.0,15.0,63,17.3,32.0,166,Rain: Moderate,1,1,
1458,2021-04-17 21:00:00,40.82099,-73.89181,2,0,Backing Unsafely,4408319,11.8,4.9,0.3,0.3,0.0,2.0,51,17.1,32.4,313,Drizzle: Light,2,2,
1459,2021-04-17 17:25:00,40.654312,-73.91759,1,0,Driver Inattention/Distraction,4408135,11.8,4.9,0.3,0.3,0.0,2.0,51,17.1,32.4,313,Drizzle: Light,1,1,
1460,2022-03-26 02:55:00,40.886936,-73.8499,1,0,Animals Action,4514049,10.1,4.9,6.1,5.8,0.21,8.0,71,21.6,41.0,251,Snow fall: Light,1,1,Snowy Conditions
1461,2021-04-16 15:57:00,40.75455,-73.96252,0,0,Driver Inattention/Distraction,4408564,11.8,3.7,2.9,2.9,0.0,12.0,53,23.5,49.0,307,Drizzle: Moderate,0,0,
1462,2021-04-17 03:05:00,40.739094,-73.91762,0,0,Driver Inattention/Distraction,4407878,11.8,4.9,0.3,0.3,0.0,2.0,51,17.1,32.4,313,Drizzle: Light,0,0,