,CRASH DATETIME,LATITUDE,LONGITUDE,NUMBER OF PERSONS INJURED,NUMBER OF PERSONS KILLED,CONTRIBUTING FACTOR VEHICLE 1,COLLISION_ID,temperature_2m_max,temperature_2m_min,precipitation_sum,rain_sum,snowfall_sum,precipitation_hours,weather_code,wind_speed_10m_max,wind_gusts_10m_max,wind_direction_10m_dominant,Weather Description,Severity_Score,Total_Affected_Persons,Weather_Category
1463,2021-04-15 12:00:00,40.743275,-73.77572,1,0,Following Too Closely,4408641,12.9,7.7,15.9,15.9,0.0,15.0,63,17.3,32.0,166,Rain: Moderate,1,1,
1464,2021-04-17 22:22:00,40.6553,-73.90318,2,0,Driver Inattention/Distraction,4408074,11.8,4.9,0.3,0.3,0.0,2.0,51,17.1,32.4,313,Drizzle: Light,2,2,
1465,2021-04-16 21:30:00,40.60307,-74.14047,0,0,Driver Inattention/Distraction,4408505,11.8,3.7,2.9,2.9,0.0,12.0,53,23.5,49.0,307,Drizzle: Moderate,0,0,
1466,2021-04-12 11:40:00,40.669704,-73.94774,0,0,Driver Inattention/Distraction,4408546,8.7,6.7,13.6,13.6,0.0,21.0,61,23.4,42.1,51,Rain: Light,0,0,
1467,2021-04-17 04:54:00,40.62126,-74.03143,0,0,Unspecified,4407888,11.8,4.9,0.3,0.3,0.0,2.0,51,17.1,32.4,313,Drizzle: Light,0,0,
1468,2019-04-17 00:49:00,40.651974,-73.86542,3,0,Following Too Closely,4408571,14.7,7.6,0.7,0.7,0.0,2.0,51,20.8,38.2,113,Drizzle: Light,3,3,
1469,2021-04-17 21:25:00,40.74525,-73.95575,1,0,Driver Inattention/Distraction,4408018,11.8,4.9,0.3,0.3,0.0,2.0,51,17.1,32.4,313,Drizzle: Light,1,1,
1470,2021-04-17 15:01:00,40.880493,-73.903694,0,0,Unspecified,4408665,11.8,4.9,0.3,0.3,0.0,2.0,51,17.1,32.4,313,Drizzle: Light,0,0,
1471,2021-04-17 03:00:00,40.655754,-73.92403,1,0,Alcohol Involvement,4408130,11.8,4.9,0.3,0.3,0.0,2.0,51,17.1,32.4,313,Drizzle: Light,1,1,
1472,2021-04-16 16:48:00,40.805737,-73.94065,1,0,Following Too Closely,4408497,11.8,3.7,2.9,2.9,0.0,12.0,53,23.5,49.0,307,Drizzle: Moderate,1,1,
1473,2021-04-15 02:18:00,40.6238,-73.92351,0,0,Unspecified,4408523,12.9,7.7,15.9,15.9,0.0,15.0,63,17.3,32.0,166,Rain: Moderate,0,0,
1474,2021-04-16 18:30:00,40.686825,-73.93881,0,0,Passing Too Closely,4408614,11.8,3.7,2.9,2.9,0.0,12.0,53,23.5,49.0,307,Drizzle: Moderate,0,0,
1475,2021-04-17 01:45:00,40.653862,-74.008286,0,0,Passing or Lane Usage Improper,4407962,11.8,4.9,0.3,0.3,0.0,2.0,51,17.1,32.4,313,Drizzle: Light,0,0,
1476,2021-04-17 19:37:00,40.665497,-73.75573,0,0,Following Too Closely,4407979,11.8,4.9,0.3,0.3,0.0,2.0,51,17.1,32.4,313,Drizzle: Light,0,0,
1477,2021-04-17 21:25:00,40.75781,-73.97353,0,0,Unsafe Speed,4408436,11.8,4.9,0.3,0.3,0.0,2.0,51,17.1,32.4,313,Drizzle: Light,0,0,
1478,2021-04-17 18:20:00,40.574123,-74.00408,0,0,Driver Inattention/Distraction,4408061,11.8,4.9,0.3,0.3,0.0,2.0,51,17.1,32.4,313,Drizzle: Light,0,0,
1479,2021-04-17 00:30:00,40.69069,-73.85816,0,0,Unspecified,4408480,11.8,4.9,0.3,0.3,0.0,2.0,51,17.1,32.4,313,Drizzle: Light,0,0,
1480,2021-04-17 20:20:00,40.72272,-73.95397,0,0,Unsafe Speed,4408333,11.8,4.9,0.3,0.3,0.0,2.0,51,17.1,32.4,313,Drizzle: Light,0,0,
1481,2021-04-16 21:30:00,40.744747,-73.99717,0,0,Driver Inattention/Distraction,4408443,11.8,3.7,2.9,2.9,0.0,12.0,53,23.5,49.0,307,Drizzle: Moderate,0,0,
1482,2021-04-17 00:52:00,40.818012,-73.92519,0,0,Unspecified,4407969,11.8,4.9,0.3,0.3,0.0,2.0,51,17.1,32.4,313,Drizzle: Light,0,0,
1483,2021-04-02 12:09:00,40.66064,-73.96068,0,0,Passing or Lane Usage Improper,4408536,3.5,-3.6,0.0,0.0,0.0,0.0,3,25.9,51.1,324,Overcast,0,0,
1484,2021-04-15 20:18:00,40.831978,-73.93515,3,0,Other Vehicular,4408490,12.9,7.7,15.9,15.9,0.0,15.0,63,17.3,32.0,166,Rain: Moderate,3,3,
1485,2021-04-17 14:59:00,40.836697,-73.907104,0,0,Driver Inattention/Distraction,4408035,11.8,4.9,0.3,0.3,0.0,2.0,51,17.1,32.4,313,Drizzle: Light,0,0,
1486,2021-04-17 07:50:00,40.875965,-73.83581,0,0,Driver Inattention/Distraction,4408159,11.8,4.9,0.3,0.3,0.0,2.0,51,17.1,32.4,313,Drizzle: Light,0,0,
1487,2022-03-26 21:10:00,40.662247,-73.93152,0,0,Driver Inexperience,4513580,10.1,4.9,6.1,5.8,0.21,8.0,71,21.6,41.0,251,Snow fall: Light,0,0,Snowy Conditions
1488,2021-04-16 12:37:00,40.787857,-73.951614,0,0,Following Too Closely,4408429,11.8,3.7,2.9,2.9,0.0,12.0,53,23.5,49.0,307,Drizzle: Moderate,0,0,
1489,2022-03-26 21:04:00,40.68804,-73.83275,2,0,Failure to Yield Right-of-Way,4513582,10.1,4.9,6.1,5.8,0.21,8.0,71,21.6,41.0,251,Snow fall: Light,2,2,Snowy Conditions
1490,2021-03-24 22:48:00,40.661243,-73.923164,0,0,Unspecified,4408474,13.3,4.0,28.6,28.6,0.0,10.0,65,16.3,28.8,87,Rain: Heavy,0,0,
1491,2021-04-17 23:05:00,40.75896,-73.82985,0,0,Failure to Yield Right-of-Way,4408007,11.8,4.9,0.3,0.3,0.0,2.0,51,17.1,32.4,313,Drizzle: Light,0,0,
1492,2021-04-17 15:20:00,40.75217,-73.97778,0,0,Driver Inattention/Distraction,4408449,11.8,4.9,0.3,0.3,0.0,2.0,51,17.1,32.4,313,Drizzle: Light,0,0,
1493,2021-04-17 19:37:00,40.724968,-74.00158,1,0,Unspecified,4408181,11.8,4.9,0.3,0.3,0.0,2.0,51,17.1,32.4,313,Drizzle: Light,1,1,
1494,2021-04-10 09:19:00,40.757084,-73.91614,0,0,Unspecified,4408597,17.0,7.7,1.2,1.2,0.0,3.0,53,14.4,31.7,166,Drizzle: Moderate,0,0,
1495,2021-04-17 04:45:00,40.838425,-73.941696,0,0,Aggressive Driving/Road Rage,4408275,11.8,4.9,0.3,0.3,0.0,2.0,51,17.1,32.4,313,Drizzle: Light,0,0,
1496,2021-04-15 08:45:00,40.624893,-73.934326,0,0,Driver Inattention/Distraction,4408528,12.9,7.7,15.9,15.9,0.0,15.0,63,17.3,32.0,166,Rain: Moderate,0,0,
1497,2021-04-17 09:30:00,40.672432,-73.911316,0,0,Driver Inattention/Distraction,4408087,11.8,4.9,0.3,0.3,0.0,2.0,51,17.1,32.4,313,Drizzle: Light,0,0,
1498,2021-04-13 14:50:00,40.652107,-73.93913,0,0,Unspecified,4408483,18.3,5.8,4.5,4.5,0.0,5.0,61,14.5,28.1,17,Rain: Light,0,0,
1499,2021-04-17 19:30:00,40.804054,-73.93664,0,0,Driver Inattention/Distraction,4408511,11.8,4.9,0.3,0.3,0.0,2.0,51,17.1,32.4,313,Drizzle: Light,0,0,
1500,2021-04-17 13:30:00,40.57944,-73.979614,0,0,Following Too Closely,4408157,11.8,4.9,0.3,0.3,0.0,2.0,51,17.1,32.4,313,Drizzle: Light,0,0,
1501,2021-04-16 08:45:00,40.826275,-73.85971,0,0,Unspecified,4408454,11.8,3.7,2.9,2.9,0.0,12.0,53,23.5,49.0,307,Drizzle: Moderate,0,0,
1502,2021-04-17 11:28:00,40.74254,-73.82631,0,0,Following Too Closely,4407934,11.8,4.9,0.3,0.3,0.0,2.0,51,17.1,32.4,313,Drizzle: Light,0,0,
1503,2021-04-17 11:50:00,40.7591,-73.99215,0,0,Passing or Lane Usage Improper,4408307,11.8,4.9,0.3,0.3,0.0,2.0,51,17.1,32.4,313,Drizzle: Light,0,0,
1504,2022-04-21 11:18:00,40.75169,-73.88562,0,0,Unspecified,4522587,13.0,3.8,0.5,0.5,0.0,2.0,51,32.7,60.1,164,Drizzle: Light,0,0,
1505,2021-04-17 16:50:00,40.80988,-73.90308,0,0,Unsafe Lane Changing,4408321,11.8,4.9,0.3,0.3,0.0,2.0,51,17.1,32.4,313,Drizzle: Light,0,0,
1506,2021-04-17 15:42:00,40.667156,-73.9101,0,0,Unspecified,4408073,11.8,4.9,0.3,0.3,0.0,2.0,51,17.1,32.4,313,Drizzle: Light,0,0,
1507,2021-04-17 01:30:00,40.693497,-73.94594,0,0,Passing Too Closely,4408296,11.8,4.9,0.3,0.3,0.0,2.0,51,17.1,32.4,313,Drizzle: Light,0,0,
1508,2021-04-16 11:25:00,40.66357,-73.92502,0,0,Following Too Closely,4408551,11.8,3.7,2.9,2.9,0.0,12.0,53,23.5,49.0,307,Drizzle: Moderate,0,0,
1509,2021-04-17 12:33:00,40.67604,-73.84352,0,0,Passing Too Closely,4408173,11.8,4.9,0.3,0.3,0.0,2.0,51,17.1,32.4,313,Drizzle: Light,0,0,
1510,2021-02-03 08:50:00,40.835835,-73.877365,0,0,Unspecified,4408565,1.5,-2.2,0.1,0.0,0.07,1.0,71,20.9,37.8,322,Snow fall: Light,0,0,Snowy Conditions
1511,2021-04-17 02:29:00,40.72696,-73.846535,0,0,Illnes,4407879,11.8,4.9,0.3,0.3,0.0,2.0,51,17.1,32.4,313,Drizzle: Light,0,0,
1512,2021-04-05 23:28:00,40.71512,-73.77358,0,0,Unsafe Speed,4408652,18.0,5.6,0.0,0.0,0.0,0.0,2,25.7,49.0,313,Partly cloudy,0,0,
1513,2022-03-26 05:04:00,40.686234,-73.82418,0,0,Passing or Lane Usage Improper,4513960,10.1,4.9,6.1,5.8,0.21,8.0,71,21.6,41.0,251,Snow fall: Light,0,0,Snowy Conditions
1514,2021-03-31 00:01:00,40.82989,-73.855194,0,0,Unspecified,4408445,16.4,7.2,12.0,12.0,0.0,10.0,61,27.4,51.1,173,Rain: Light,0,0,
1515,2021-04-17 12:35:00,40.817387,-73.92277,0,0,Driver Inattention/Distraction,4407968,11.8,4.9,0.3,0.3,0.0,2.0,51,17.1,32.4,313,Drizzle: Light,0,0,
1516,2021-04-17 18:20:00,40.794052,-73.970375,0,0,Traffic Control Disregarded,4407970,11.8,4.9,0.3,0.3,0.0,2.0,51,17.1,32.4,313,Drizzle: Light,0,0,
1517,2021-04-17 13:50:00,40.665676,-73.7483,1,0,Unspecified,4408376,11.8,4.9,0.3,0.3,0.0,2.0,51,17.1,32.4,313,Drizzle: Light,1,1,
1518,2021-04-11 22:50:00,40.509865,-74.24415,0,0,Alcohol Involvement,4408640,14.2,8.5,25.3,25.3,0.0,15.0,63,25.7,48.2,77,Rain: Moderate,0,0,
1519,2021-04-16 10:00:00,40.764626,-73.99555,1,0,Driver Inattention/Distraction,4408438,11.8,3.7,2.9,2.9,0.0,12.0,53,23.5,49.0,307,Drizzle: Moderate,1,1,
1520,2021-04-17 16:22:00,40.753857,-73.91764,1,0,Unspecified,4408025,11.8,4.9,0.3,0.3,0.0,2.0,51,17.1,32.4,313,Drizzle: Light,1,1,
1521,2021-04-16 14:05:00,40.82949,-73.87326,3,0,Unspecified,4408461,11.8,3.7,2.9,2.9,0.0,12.0,53,23.5,49.0,307,Drizzle: Moderate,3,3,
1522,2022-03-22 17:44:00,40.783146,-73.97833,1,0,Pedestrian/Bicyclist/Other Pedestrian Error/Confusion,4514301,12.8,3.9,0.0,0.0,0.0,0.0,3,23.1,44.3,311,Overcast,1,1,
1523,2021-04-17 22:15:00,40.699665,-73.95924,1,0,Backing Unsafely,4408388,11.8,4.9,0.3,0.3,0.0,2.0,51,17.1,32.4,313,Drizzle: Light,1,1,
1524,2021-04-16 17:50:00,40.823082,-73.86722,0,0,Unspecified,4408457,11.8,3.7,2.9,2.9,0.0,12.0,53,23.5,49.0,307,Drizzle: Moderate,0,0,
1525,2021-04-16 21:20:00,40.685993,-73.83993,1,0,Failure to Yield Right-of-Way,4408479,11.8,3.7,2.9,2.9,0.0,12.0,53,23.5,49.0,307,Drizzle: Moderate,1,1,
1526,2021-04-17 01:50:00,40.845024,-73.92632,0,0,Following Too Closely,4407949,11.8,4.9,0.3,0.3,0.0,2.0,51,17.1,32.4,313,Drizzle: Light,0,0,
1527,2021-04-17 20:15:00,40.69019,-73.7771,0,0,Traffic Control Disregarded,4407986,11.8,4.9,0.3,0.3,0.0,2.0,51,17.1,32.4,313,Drizzle: Light,0,0,
1528,2021-04-17 16:30:00,40.736214,-73.713486,0,0,Unspecified,4408013,11.8,4.9,0.3,0.3,0.0,2.0,51,17.1,32.4,313,Drizzle: Light,0,0,
1529,2021-04-17 18:40:00,40.73594,-73.85887,0,0,Unspecified,4408213,11.8,4.9,0.3,0.3,0.0,2.0,51,17.1,32.4,313,Drizzle: Light,0,0,
1530,2021-04-16 10:00:00,40.800507,-73.938156,0,0,Unspecified,4408502,11.8,3.7,2.9,2.9,0.0,12.0,53,23.5,49.0,307,Drizzle: Moderate,0,0,
1531,2021-04-16 09:00:00,40.74624,-73.89723,0,0,Driver Inattention/Distraction,4408613,11.8,3.7,2.9,2.9,0.0,12.0,53,23.5,49.0,307,Drizzle: Moderate,0,0,
1532,2021-04-17 11:01:00,40.70739,-73.90895,0,0,Alcohol Involvement,4407960,11.8,4.9,0.3,0.3,0.0,2.0,51,17.1,32.4,313,Drizzle: Light,0,0,
1533,2021-04-17 00:48:00,40.632435,-73.88818,0,0,Unspecified,4407931,11.8,4.9,0.3,0.3,0.0,2.0,51,17.1,32.4,313,Drizzle: Light,0,0,
1534,2021-04-17 23:50:00,40.7597,-73.80031,0,0,Unspecified,4408008,11.8,4.9,0.3,0.3,0.0,2.0,51,17.1,32.4,313,Drizzle: Light,0,0,
1535,2021-04-17 21:37:00,40.812664,-73.906334,1,0,Unspecified,4408363,11.8,4.9,0.3,0.3,0.0,2.0,51,17.1,32.4,313,Drizzle: Light,1,1,
1536,2021-04-17 21:20:00,40.72657,-73.85265,0,0,Passing Too Closely,4407996,11.8,4.9,0.3,0.3,0.0,2.0,51,17.1,32.4,313,Drizzle: Light,0,0,
1537,2021-04-14 16:40:00,40.65471,-73.93072,0,0,Driver Inattention/Distraction,4408550,19.7,5.4,0.0,0.0,0.0,0.0,3,20.8,39.6,227,Overcast,0,0,
1538,2021-04-17 04:00:00,40.831146,-73.85384,0,0,Failure to Yield Right-of-Way,4408462,11.8,4.9,0.3,0.3,0.0,2.0,51,17.1,32.4,313,Drizzle: Light,0,0,
1539,2021-04-17 04:10:00,40.657867,-73.920815,0,0,Passing Too Closely,4408131,11.8,4.9,0.3,0.3,0.0,2.0,51,17.1,32.4,313,Drizzle: Light,0,0,
1540,2021-04-16 12:25:00,40.749638,-73.99905,1,0,Steering Failure,4408435,11.8,3.7,2.9,2.9,0.0,12.0,53,23.5,49.0,307,Drizzle: Moderate,1,1,
1541,2021-04-16 23:00:00,40.69407,-73.82802,0,0,Alcohol Involvement,4408473,11.8,3.7,2.9,2.9,0.0,12.0,53,23.5,49.0,307,Drizzle: Moderate,0,0,
1542,2021-04-16 00:22:00,40.833755,-73.86175,0,0,Driver Inattention/Distraction,4408453,11.8,3.7,2.9,2.9,0.0,12.0,53,23.5,49.0,307,Drizzle: Moderate,0,0,
1543,2021-04-17 03:31:00,40.838017,-73.914314,0,0,Driver Inattention/Distraction,4408188,11.8,4.9,0.3,0.3,0.0,2.0,51,17.1,32.4,313,Drizzle: Light,0,0,
1544,2021-04-14 08:00:00,40.60741,-73.926254,0,0,Unspecified,4408522,19.7,5.4,0.0,0.0,0.0,0.0,3,20.8,39.6,227,Overcast,0,0,
1545,2021-04-17 15:40:00,40.697296,-73.92378,1,0,Backing Unsafely,4408672,11.8,4.9,0.3,0.3,0.0,2.0,51,17.1,32.4,313,Drizzle: Light,1,1,
1546,2021-04-17 13:40:00,40.57563,-73.96395,1,0,Driver Inattention/Distraction,4408099,11.8,4.9,0.3,0.3,0.0,2.0,51,17.1,32.4,313,Drizzle: Light,1,1,
1547,2021-04-17 09:00:00,40.82831,-73.94315,0,0,Unsafe Speed,4408082,11.8,4.9,0.3,0.3,0.0,2.0,51,17.1,32.4,313,Drizzle: Light,0,0,
1548,2021-04-10 22:07:00,40.759575,-73.96803,0,0,Unsafe Speed,4408566,17.0,7.7,1.2,1.2,0.0,3.0,53,14.4,31.7,166,Drizzle: Moderate,0,0,
1549,2021-04-17 06:00:00,40.72711,-73.80509,0,0,Driver Inattention/Distraction,4407981,11.8,4.9,0.3,0.3,0.0,2.0,51,17.1,32.4,313,Drizzle: Light,0,0,
1550,2021-04-16 22:03:00,40.90021,-73.8865,0,0,Unspecified,4408666,11.8,3.7,2.9,2.9,0.0,12.0,53,23.5,49.0,307,Drizzle: Moderate,0,0,
1551,2022-03-26 22:00:00,40.59397,-73.97428,0,0,Unspecified,4514012,10.1,4.9,6.1,5.8,0.21,8.0,71,21.6,41.0,251,Snow fall: Light,0,0,Snowy Conditions
1552,2021-04-17 18:00:00,40.86446,-73.91895,2,0,Pavement Defective,4408171,11.8,4.9,0.3,0.3,0.0,2.0,51,17.1,32.4,313,Drizzle: Light,2,2,
1553,2021-04-17 12:10:00,40.87831,-73.870155,2,0,Unspecified,4408347,11.8,4.9,0.3,0.3,0.0,2.0,51,17.1,32.4,313,Drizzle: Light,2,2,
1554,2021-04-17 11:00:00,40.63363,-74.138985,0,0,Driver Inattention/Distraction,4408513,11.8,4.9,0.3,0.3,0.0,2.0,51,17.1,32.4,313,Drizzle: Light,0,0,
1555,2021-04-17 15:40:00,40.86038,-73.88889,0,0,Unsafe Speed,4408144,11.8,4.9,0.3,0.3,0.0,2.0,51,17.1,32.4,313,Drizzle: Light,0,0,
1556,2021-04-17 18:00:00,40.65361,-73.9651,0,0,Unspecified,4408041,11.8,4.9,0.3,0.3,0.0,2.0,51,17.1,32.4,313,Drizzle: Light,0,0,
1557,2021-04-12 18:30:00,40.821583,-73.94849,0,0,Unspecified,4408558,8.7,6.7,13.6,13.6,0.0,21.0,61,23.4,42.1,51,Rain: Light,0,0,
1558,2021-04-17 23:10:00,40.85876,-73.89736,0,0,Unspecified,4408582,11.8,4.9,0.3,0.3,0.0,2.0,51,17.1,32.4,313,Drizzle: Light,0,0,
1559,2021-04-17 10:30:00,40.793633,-73.94165,0,0,Backing Unsafely,4408428,11.8,4.9,0.3,0.3,0.0,2.0,51,17.1,32.4,313,Drizzle: Light,0,0,
1560,2021-04-17 02:48:00,40.802753,-73.93358,0,0,Brakes Defective,4408493,11.8,4.9,0.3,0.3,0.0,2.0,51,17.1,32.4,313,Drizzle: Light,0,0,
1561,2021-04-17 23:15:00,40.639698,-74.11429,0,0,Driver Inattention/Distraction,4408314,11.8,4.9,0.3,0.3,0.0,2.0,51,17.1,32.4,313,Drizzle: Light,0,0,
1562,2021-04-17 17:35:00,40.6877,-73.91095,0,0,Backing Unsafely,4408682,11.8,4.9,0.3,0.3,0.0,2.0,51,17.1,32.4,313,Drizzle: Light,0,0,
1563,2021-04-16 10:00:00,40.61919,-73.92302,0,0,,4408526,11.8,3.7,2.9,2.9,0.0,12.0,53,23.5,49.0,307,Drizzle: Moderate,0,0,
1564,2021-04-17 23:25:00,40.820988,-73.89491,0,0,Unspecified,4408322,11.8,4.9,0.3,0.3,0.0,2.0,51,17.1,32.4,313,Drizzle: Light,0,0,
1565,2021-04-15 18:00:00,40.635185,-73.92862,0,0,Unspecified,4408531,12.9,7.7,15.9,15.9,0.0,15.0,63,17.3,32.0,166,Rain: Moderate,0,0,
1566,2021-04-17 02:00:00,40.74005,-73.99915,0,0,Driver Inattention/Distraction,4407884,11.8,4.9,0.3,0.3,0.0,2.0,51,17.1,32.4,313,Drizzle: Light,0,0,
1567,2021-04-13 00:00:00,40.7171,-73.9986,0,0,Driver Inattention/Distraction,4408659,18.3,5.8,4.5,4.5,0.0,5.0,61,14.5,28.1,17,Rain: Light,0,0,
1568,2021-04-12 11:38:00,40.65723,-73.96025,1,0,Pedestrian/Bicyclist/Other Pedestrian Error/Confusion,4408559,8.7,6.7,13.6,13.6,0.0,21.0,61,23.4,42.1,51,Rain: Light,1,1,
1569,2021-04-17 11:15:00,40.57594,-74.010155,0,0,Unspecified,4408094,11.8,4.9,0.3,0.3,0.0,2.0,51,17.1,32.4,313,Drizzle: Light,0,0,
1570,2021-04-17 13:45:00,40.747044,-73.98713,0,0,Driver Inattention/Distraction,4408446,11.8,4.9,0.3,0.3,0.0,2.0,51,17.1,32.4,313,Drizzle: Light,0,0,
1571,2021-04-17 17:00:00,40.849438,-73.91842,0,0,Unspecified,4407973,11.8,4.9,0.3,0.3,0.0,2.0,51,17.1,32.4,313,Drizzle: Light,0,0,
1572,2021-04-16 13:55:00,40.75927,-73.980896,0,0,Turning Improperly,4408439,11.8,3.7,2.9,2.9,0.0,12.0,53,23.5,49.0,307,Drizzle: Moderate,0,0,
1573,2021-04-14 20:00:00,40.585426,-74.10152,0,0,Passing Too Closely,4408594,19.7,5.4,0.0,0.0,0.0,0.0,3,20.8,39.6,227,Overcast,0,0,
1574,2021-04-08 14:47:00,40.72597,-73.775566,1,0,Driver Inattention/Distraction,4408508,18.2,5.5,0.0,0.0,0.0,0.0,3,18.0,35.3,173,Overcast,1,1,
1575,2021-04-17 10:29:00,40.68079,-73.99174,0,0,Passing or Lane Usage Improper,4408185,11.8,4.9,0.3,0.3,0.0,2.0,51,17.1,32.4,313,Drizzle: Light,0,0,
1576,2021-04-17 21:06:00,40.6705,-73.94488,0,0,Driver Inattention/Distraction,4408263,11.8,4.9,0.3,0.3,0.0,2.0,51,17.1,32.4,313,Drizzle: Light,0,0,
1577,2021-04-17 18:40:00,40.661663,-73.923615,0,0,Unspecified,4408484,11.8,4.9,0.3,0.3,0.0,2.0,51,17.1,32.4,313,Drizzle: Light,0,0,
1578,2021-04-17 12:43:00,40.712624,-73.95817,0,0,Driver Inattention/Distraction,4408364,11.8,4.9,0.3,0.3,0.0,2.0,51,17.1,32.4,313,Drizzle: Light,0,0,
1579,2021-04-17 19:00:00,40.721985,-73.84523,0,0,Driver Inattention/Distraction,4407995,11.8,4.9,0.3,0.3,0.0,2.0,51,17.1,32.4,313,Drizzle: Light,0,0,
1580,2021-04-17 10:10:00,40.76824,-73.92428,0,0,View Obstructed/Limited,4408024,11.8,4.9,0.3,0.3,0.0,2.0,51,17.1,32.4,313,Drizzle: Light,0,0,
1581,2021-04-17 11:40:00,40.696373,-73.74525,0,0,Following Too Closely,4407940,11.8,4.9,0.3,0.3,0.0,2.0,51,17.1,32.4,313,Drizzle: Light,0,0,
1582,2021-04-17 04:28:00,40.760536,-73.95836,2,0,Driver Inexperience,4408404,11.8,4.9,0.3,0.3,0.0,2.0,51,17.1,32.4,313,Drizzle: Light,2,2,
1583,2021-04-17 05:09:00,40.874714,-73.84512,0,0,Alcohol Involvement,4408156,11.8,4.9,0.3,0.3,0.0,2.0,51,17.1,32.4,313,Drizzle: Light,0,0,
1584,2021-04-17 13:00:00,40.656708,-74.00537,0,0,Following Too Closely,4408633,11.8,4.9,0.3,0.3,0.0,2.0,51,17.1,32.4,313,Drizzle: Light,0,0,
1585,2021-03-27 14:03:00,40.76229,-73.986115,1,0,Unspecified,4408752,17.8,6.8,0.0,0.0,0.0,0.0,3,21.8,43.2,253,Overcast,1,1,
1586,2021-04-17 14:30:00,40.632065,-74.038086,0,0,Driver Inexperience,4407999,11.8,4.9,0.3,0.3,0.0,2.0,51,17.1,32.4,313,Drizzle: Light,0,0,
1587,2021-04-17 22:21:00,40.623,-73.95905,2,0,Traffic Control Disregarded,4408042,11.8,4.9,0.3,0.3,0.0,2.0,51,17.1,32.4,313,Drizzle: Light,2,2,
1588,2021-04-17 17:29:00,40.6568,-73.928,0,0,Unspecified,4408495,11.8,4.9,0.3,0.3,0.0,2.0,51,17.1,32.4,313,Drizzle: Light,0,0,
1589,2021-04-16 20:55:00,40.589417,-74.09458,0,0,Driver Inattention/Distraction,4408458,11.8,3.7,2.9,2.9,0.0,12.0,53,23.5,49.0,307,Drizzle: Moderate,0,0,
1590,2021-04-16 22:06:00,40.831684,-73.85562,0,0,Unspecified,4408465,11.8,3.7,2.9,2.9,0.0,12.0,53,23.5,49.0,307,Drizzle: Moderate,0,0,
1591,2021-04-17 07:25:00,40.709152,-73.87173,0,0,Backing Unsafely,4407937,11.8,4.9,0.3,0.3,0.0,2.0,51,17.1,32.4,313,Drizzle: Light,0,0,
1592,2021-04-17 07:00:00,40.69309,-73.94296,0,0,Unsafe Speed,4408287,11.8,4.9,0.3,0.3,0.0,2.0,51,17.1,32.4,313,Drizzle: Light,0,0,
1593,2021-04-17 16:04:00,40.686653,-73.80303,0,0,Driver Inattention/Distraction,4407966,11.8,4.9,0.3,0.3,0.0,2.0,51,17.1,32.4,313,Drizzle: Light,0,0,
1594,2021-04-17 20:23:00,40.817574,-73.89624,0,0,Alcohol Involvement,4408426,11.8,4.9,0.3,0.3,0.0,2.0,51,17.1,32.4,313,Drizzle: Light,0,0,
1595,2021-04-17 03:20:00,40.72586,-73.90017,1,0,Passing or Lane Usage Improper,4407927,11.8,4.9,0.3,0.3,0.0,2.0,51,17.1,32.4,313,Drizzle: Light,1,1,
1596,2021-04-17 14:11:00,40.82403,-73.94476,0,0,Unspecified,4408072,11.8,4.9,0.3,0.3,0.0,2.0,51,17.1,32.4,313,Drizzle: Light,0,0,
1597,2021-04-16 11:40:00,40.829685,-73.8804,0,0,Unspecified,4408456,11.8,3.7,2.9,2.9,0.0,12.0,53,23.5,49.0,307,Drizzle: Moderate,0,0,
1598,2021-04-17 05:13:00,40.703033,-73.9599,0,0,Alcohol Involvement,4408361,11.8,4.9,0.3,0.3,0.0,2.0,51,17.1,32.4,313,Drizzle: Light,0,0,
1599,2021-04-17 20:30:00,40.685432,-73.75514,0,0,Unsafe Speed,4407985,11.8,4.9,0.3,0.3,0.0,2.0,51,17.1,32.4,313,Drizzle: Light,0,0,
1600,2021-04-17 18:00:00,40.75613,-73.96761,0,0,Passing or Lane Usage Improper,4408132,11.8,4.9,0.3,0.3,0.0,2.0,51,17.1,32.4,313,Drizzle: Light,0,0,
1601,2021-04-15 14:00:00,40.627365,-74.166565,1,0,Failure to Yield Right-of-Way,4408499,12.9,7.7,15.9,15.9,0.0,15.0,63,17.3,32.0,166,Rain: Moderate,1,1,
1602,2021-04-17 19:54:00,40.824757,-73.94052,0,0,Other Vehicular,4408520,11.8,4.9,0.3,0.3,0.0,2.0,51,17.1,32.4,313,Drizzle: Light,0,0,
1603,2021-04-17 18:59:00,40.880623,-73.84047,0,0,Failure to Yield Right-of-Way,4408172,11.8,4.9,0.3,0.3,0.0,2.0,51,17.1,32.4,313,Drizzle: Light,0,0,
1604,2021-04-17 14:10:00,40.71579,-73.79749,0,0,Passing Too Closely,4407982,11.8,4.9,0.3,0.3,0.0,2.0,51,17.1,32.4,313,Drizzle: Light,0,0,
1605,2021-04-17 00:55:00,40.708084,-73.92341,0,0,Alcohol Involvement,4407957,11.8,4.9,0.3,0.3,0.0,2.0,51,17.1,32.4,313,Drizzle: Light,0,0,
1606,2021-04-13 19:00:00,40.628723,-74.08304,1,0,Driver Inattention/Distraction,4408603,18.3,5.8,4.5,4.5,0.0,5.0,61,14.5,28.1,17,Rain: Light,1,1,
1607,2021-04-16 18:44:00,40.788055,-73.94433,0,0,Following Too Closely,4408434,11.8,3.7,2.9,2.9,0.0,12.0,53,23.5,49.0,307,Drizzle: Moderate,0,0,
1608,2021-04-16 15:13:00,40.798836,-73.93936,0,0,Outside Car Distraction,4408472,11.8,3.7,2.9,2.9,0.0,12.0,53,23.5,49.0,307,Drizzle: Moderate,0,0,