,CRASH DATETIME,LATITUDE,LONGITUDE,NUMBER OF PERSONS INJURED,NUMBER OF PERSONS KILLED,CONTRIBUTING FACTOR VEHICLE 1,COLLISION_ID,temperature_2m_max,temperature_2m_min,precipitation_sum,rain_sum,snowfall_sum,precipitation_hours,weather_code,wind_speed_10m_max,wind_gusts_10m_max,wind_direction_10m_dominant,Weather Description,Severity_Score,Total_Affected_Persons,Weather_Category
1609,2021-04-17 07:57:00,40.742123,-73.92745,0,0,Traffic Control Disregarded,4408009,11.8,4.9,0.3,0.3,0.0,2.0,51,17.1,32.4,313,Drizzle: Light,0,0,
1610,2021-04-17 03:20:00,40.844753,-73.90539,1,0,Unsafe Speed,4408199,11.8,4.9,0.3,0.3,0.0,2.0,51,17.1,32.4,313,Drizzle: Light,1,1,
1611,2021-04-15 18:30:00,40.816456,-73.86683,0,0,Unspecified,4408452,12.9,7.7,15.9,15.9,0.0,15.0,63,17.3,32.0,166,Rain: Moderate,0,0,
1612,2021-04-17 08:15:00,40.86166,-73.910965,0,0,Passing Too Closely,4408346,11.8,4.9,0.3,0.3,0.0,2.0,51,17.1,32.4,313,Drizzle: Light,0,0,
1613,2021-04-17 10:00:00,40.833233,-73.8282,0,0,Unsafe Lane Changing,4407950,11.8,4.9,0.3,0.3,0.0,2.0,51,17.1,32.4,313,Drizzle: Light,0,0,
1614,2021-04-17 01:05:00,40.78935,-73.842804,0,0,Unsafe Speed,4407912,11.8,4.9,0.3,0.3,0.0,2.0,51,17.1,32.4,313,Drizzle: Light,0,0,
1615,2021-04-17 21:45:00,40.699547,-73.764366,1,0,Unspecified,4408077,11.8,4.9,0.3,0.3,0.0,2.0,51,17.1,32.4,313,Drizzle: Light,1,1,
1616,2021-03-21 10:52:00,40.766552,-73.89476,0,0,Unsafe Lane Changing,4400556,15.0,-0.4,0.0,0.0,0.0,0.0,1,14.3,29.2,47,Mainly clear,0,0,Sunny/Clear Conditions
1617,2021-04-17 21:26:00,40.74143,-73.94794,0,0,Driver Inattention/Distraction,4408012,11.8,4.9,0.3,0.3,0.0,2.0,51,17.1,32.4,313,Drizzle: Light,0,0,
1618,2021-04-16 09:55:00,40.648182,-73.94739,0,0,Unspecified,4408549,11.8,3.7,2.9,2.9,0.0,12.0,53,23.5,49.0,307,Drizzle: Moderate,0,0,
1619,2021-04-15 16:26:00,40.847576,-73.90633,0,0,Other Vehicular,4408568,12.9,7.7,15.9,15.9,0.0,15.0,63,17.3,32.0,166,Rain: Moderate,0,0,
1620,2021-04-16 16:40:00,40.570877,-74.16984,0,0,Driver Inattention/Distraction,4408506,11.8,3.7,2.9,2.9,0.0,12.0,53,23.5,49.0,307,Drizzle: Moderate,0,0,
1621,2021-04-17 10:55:00,40.87484,-73.910835,0,0,Unspecified,4408667,11.8,4.9,0.3,0.3,0.0,2.0,51,17.1,32.4,313,Drizzle: Light,0,0,
1622,2021-04-17 08:05:00,40.650375,-73.92607,0,0,Aggressive Driving/Road Rage,4408116,11.8,4.9,0.3,0.3,0.0,2.0,51,17.1,32.4,313,Drizzle: Light,0,0,
1623,2021-04-15 16:00:00,40.62956,-73.94342,0,0,Unspecified,4408516,12.9,7.7,15.9,15.9,0.0,15.0,63,17.3,32.0,166,Rain: Moderate,0,0,
1624,2021-04-17 13:00:00,40.601112,-73.75187,0,0,Driver Inattention/Distraction,4408764,11.8,4.9,0.3,0.3,0.0,2.0,51,17.1,32.4,313,Drizzle: Light,0,0,
1625,2021-04-17 20:13:00,40.84969,-73.78744,0,0,Unspecified,4408405,11.8,4.9,0.3,0.3,0.0,2.0,51,17.1,32.4,313,Drizzle: Light,0,0,
1626,2021-04-17 17:57:00,40.652554,-73.74656,0,0,Driver Inattention/Distraction,4407977,11.8,4.9,0.3,0.3,0.0,2.0,51,17.1,32.4,313,Drizzle: Light,0,0,
1627,2021-04-10 14:00:00,40.81689,-73.86383,1,0,Failure to Yield Right-of-Way,4408448,17.0,7.7,1.2,1.2,0.0,3.0,53,14.4,31.7,166,Drizzle: Moderate,1,1,
1628,2021-04-12 16:00:00,40.67854,-73.88094,0,0,Driver Inattention/Distraction,4408623,8.7,6.7,13.6,13.6,0.0,21.0,61,23.4,42.1,51,Rain: Light,0,0,
1629,2021-04-17 18:28:00,40.80582,-73.90926,4,0,Unspecified,4408368,11.8,4.9,0.3,0.3,0.0,2.0,51,17.1,32.4,313,Drizzle: Light,4,4,
1630,2021-04-17 14:05:00,40.63948,-74.016174,1,0,Driver Inattention/Distraction,4407964,11.8,4.9,0.3,0.3,0.0,2.0,51,17.1,32.4,313,Drizzle: Light,1,1,
1631,2021-04-17 06:30:00,40.726135,-73.82638,0,0,Driver Inattention/Distraction,4408001,11.8,4.9,0.3,0.3,0.0,2.0,51,17.1,32.4,313,Drizzle: Light,0,0,
1632,2021-04-16 21:30:00,40.712738,-73.83173,0,0,Unspecified,4408478,11.8,3.7,2.9,2.9,0.0,12.0,53,23.5,49.0,307,Drizzle: Moderate,0,0,
1633,2021-04-17 09:28:00,40.826275,-73.85971,0,0,Driver Inattention/Distraction,4408466,11.8,4.9,0.3,0.3,0.0,2.0,51,17.1,32.4,313,Drizzle: Light,0,0,
1634,2021-04-17 12:30:00,40.69764,-73.92932,1,0,Following Too Closely,4407941,11.8,4.9,0.3,0.3,0.0,2.0,51,17.1,32.4,313,Drizzle: Light,1,1,
1635,2021-04-13 22:20:00,40.66336,-73.95975,4,0,Driver Inattention/Distraction,4408668,18.3,5.8,4.5,4.5,0.0,5.0,61,14.5,28.1,17,Rain: Light,4,4,
1636,2021-04-17 16:30:00,40.627052,-74.16485,1,0,Driver Inattention/Distraction,4408509,11.8,4.9,0.3,0.3,0.0,2.0,51,17.1,32.4,313,Drizzle: Light,1,1,
1637,2021-04-17 22:40:00,40.89455,-73.850044,0,0,Unspecified,4408176,11.8,4.9,0.3,0.3,0.0,2.0,51,17.1,32.4,313,Drizzle: Light,0,0,
1638,2021-03-29 21:21:00,40.64334,-73.92849,2,0,Driver Inattention/Distraction,4408557,11.4,4.3,0.1,0.1,0.0,1.0,51,35.4,67.7,292,Drizzle: Light,2,2,
1639,2021-04-14 19:50:00,40.66268,-73.95815,0,0,Driver Inexperience,4408563,19.7,5.4,0.0,0.0,0.0,0.0,3,20.8,39.6,227,Overcast,0,0,
1640,2021-04-17 00:25:00,40.67739,-73.7398,0,0,Unspecified,4407886,11.8,4.9,0.3,0.3,0.0,2.0,51,17.1,32.4,313,Drizzle: Light,0,0,
1641,2021-04-17 19:13:00,40.846764,-73.933784,0,0,Passing or Lane Usage Improper,4408286,11.8,4.9,0.3,0.3,0.0,2.0,51,17.1,32.4,313,Drizzle: Light,0,0,
1642,2021-04-17 23:50:00,40.756725,-73.96,1,0,Unsafe Speed,4408328,11.8,4.9,0.3,0.3,0.0,2.0,51,17.1,32.4,313,Drizzle: Light,1,1,
1643,2021-04-13 15:00:00,40.887222,-73.90474,0,0,Unspecified,4408662,18.3,5.8,4.5,4.5,0.0,5.0,61,14.5,28.1,17,Rain: Light,0,0,
1644,2021-04-17 06:50:00,40.754612,-73.87667,0,0,Turning Improperly,4408090,11.8,4.9,0.3,0.3,0.0,2.0,51,17.1,32.4,313,Drizzle: Light,0,0,
1645,2021-04-15 00:19:00,40.707954,-73.83715,1,0,Unspecified,4408486,12.9,7.7,15.9,15.9,0.0,15.0,63,17.3,32.0,166,Rain: Moderate,1,1,
1646,2021-04-17 21:00:00,40.84736,-73.8822,0,0,Driver Inattention/Distraction,4408153,11.8,4.9,0.3,0.3,0.0,2.0,51,17.1,32.4,313,Drizzle: Light,0,0,
1647,2021-04-16 17:45:00,40.76874,-73.90881,0,0,Following Too Closely,4408755,11.8,3.7,2.9,2.9,0.0,12.0,53,23.5,49.0,307,Drizzle: Moderate,0,0,
1648,2021-04-17 14:45:00,40.808853,-73.88405,0,0,Unspecified,4408318,11.8,4.9,0.3,0.3,0.0,2.0,51,17.1,32.4,313,Drizzle: Light,0,0,
1649,2021-04-17 15:22:00,40.665348,-73.72986,2,0,Following Too Closely,4407991,11.8,4.9,0.3,0.3,0.0,2.0,51,17.1,32.4,313,Drizzle: Light,2,2,
1650,2021-04-17 11:40:00,40.707268,-73.90267,0,0,Passing Too Closely,4407936,11.8,4.9,0.3,0.3,0.0,2.0,51,17.1,32.4,313,Drizzle: Light,0,0,
1651,2021-04-12 11:30:00,40.71338,-73.82874,0,0,Backing Unsafely,4408496,8.7,6.7,13.6,13.6,0.0,21.0,61,23.4,42.1,51,Rain: Light,0,0,
1652,2021-04-17 10:57:00,40.83315,-73.8871,1,0,Traffic Control Disregarded,4408046,11.8,4.9,0.3,0.3,0.0,2.0,51,17.1,32.4,313,Drizzle: Light,1,1,
1653,2021-04-17 14:38:00,40.768887,-73.90691,4,0,Unspecified,4408023,11.8,4.9,0.3,0.3,0.0,2.0,51,17.1,32.4,313,Drizzle: Light,4,4,
1654,2021-04-17 16:30:00,40.562828,-74.102615,0,0,Unspecified,4408459,11.8,4.9,0.3,0.3,0.0,2.0,51,17.1,32.4,313,Drizzle: Light,0,0,
1655,2021-04-14 15:27:00,40.70377,-73.93116,0,0,Driver Inattention/Distraction,4408681,19.7,5.4,0.0,0.0,0.0,0.0,3,20.8,39.6,227,Overcast,0,0,
1656,2021-04-17 23:35:00,40.649395,-73.9417,1,0,Unspecified,4408136,11.8,4.9,0.3,0.3,0.0,2.0,51,17.1,32.4,313,Drizzle: Light,1,1,
1657,2021-04-17 21:32:00,40.81801,-73.96149,0,0,Driver Inexperience,4408184,11.8,4.9,0.3,0.3,0.0,2.0,51,17.1,32.4,313,Drizzle: Light,0,0,
1658,2021-04-17 10:00:00,40.827198,-73.93668,0,0,Unspecified,4408593,11.8,4.9,0.3,0.3,0.0,2.0,51,17.1,32.4,313,Drizzle: Light,0,0,
1659,2021-04-16 10:40:00,40.635185,-73.92862,0,0,Turning Improperly,4408532,11.8,3.7,2.9,2.9,0.0,12.0,53,23.5,49.0,307,Drizzle: Moderate,0,0,
1660,2021-04-17 11:57:00,40.727192,-73.89328,0,0,Oversized Vehicle,4408255,11.8,4.9,0.3,0.3,0.0,2.0,51,17.1,32.4,313,Drizzle: Light,0,0,
1661,2021-04-17 14:00:00,40.648243,-73.929,2,0,Unspecified,4408125,11.8,4.9,0.3,0.3,0.0,2.0,51,17.1,32.4,313,Drizzle: Light,2,2,
1662,2021-04-15 20:54:00,40.60981,-73.92251,1,0,Following Too Closely,4408517,12.9,7.7,15.9,15.9,0.0,15.0,63,17.3,32.0,166,Rain: Moderate,1,1,
1663,2021-04-15 17:40:00,40.62194,-73.91753,1,0,Following Too Closely,4408525,12.9,7.7,15.9,15.9,0.0,15.0,63,17.3,32.0,166,Rain: Moderate,1,1,
1664,2021-04-16 13:48:00,40.686085,-73.982666,0,0,Passing or Lane Usage Improper,4408543,11.8,3.7,2.9,2.9,0.0,12.0,53,23.5,49.0,307,Drizzle: Moderate,0,0,
1665,2021-04-17 12:00:00,40.678425,-73.851875,0,0,Passing Too Closely,4408167,11.8,4.9,0.3,0.3,0.0,2.0,51,17.1,32.4,313,Drizzle: Light,0,0,
1666,2022-03-25 19:46:00,40.737614,-73.79646,0,0,Driver Inattention/Distraction,4514356,15.6,5.3,5.7,5.7,0.0,4.0,63,27.6,52.2,274,Rain: Moderate,0,0,
1667,2022-03-26 14:20:00,40.675907,-73.969505,1,0,Failure to Yield Right-of-Way,4513690,10.1,4.9,6.1,5.8,0.21,8.0,71,21.6,41.0,251,Snow fall: Light,1,1,Snowy Conditions
1668,2022-03-26 03:37:00,40.70239,-73.924644,0,0,Following Too Closely,4514131,10.1,4.9,6.1,5.8,0.21,8.0,71,21.6,41.0,251,Snow fall: Light,0,0,Snowy Conditions
1669,2022-07-12 00:00:00,40.639996,-74.02442,2,0,Driver Inattention/Distraction,4545645,33.7,19.4,0.3,0.3,0.0,3.0,51,31.2,58.0,219,Drizzle: Light,2,2,
1670,2022-03-26 06:40:00,40.74105,-73.72587,1,0,Other Vehicular,4513540,10.1,4.9,6.1,5.8,0.21,8.0,71,21.6,41.0,251,Snow fall: Light,1,1,Snowy Conditions
1671,2022-03-26 20:40:00,40.66484,-73.82229,0,0,Unsafe Lane Changing,4513961,10.1,4.9,6.1,5.8,0.21,8.0,71,21.6,41.0,251,Snow fall: Light,0,0,Snowy Conditions
1672,2022-03-26 15:03:00,40.73207,-73.94462,1,0,Pedestrian/Bicyclist/Other Pedestrian Error/Confusion,4514110,10.1,4.9,6.1,5.8,0.21,8.0,71,21.6,41.0,251,Snow fall: Light,1,1,Snowy Conditions
1673,2022-03-25 16:49:00,40.8037,-73.93582,1,0,Other Vehicular,4514154,15.6,5.3,5.7,5.7,0.0,4.0,63,27.6,52.2,274,Rain: Moderate,1,1,
1674,2022-03-26 01:15:00,40.74456,-73.93076,1,0,Traffic Control Disregarded,4513550,10.1,4.9,6.1,5.8,0.21,8.0,71,21.6,41.0,251,Snow fall: Light,1,1,Snowy Conditions
1675,2022-03-26 17:45:00,40.69222,-73.847496,0,0,Passing or Lane Usage Improper,4513624,10.1,4.9,6.1,5.8,0.21,8.0,71,21.6,41.0,251,Snow fall: Light,0,0,Snowy Conditions
1676,2022-03-20 23:47:00,40.818474,-73.95332,0,0,Other Vehicular,4514398,14.8,6.9,0.1,0.1,0.0,1.0,51,27.0,49.0,284,Drizzle: Light,0,0,
1677,2022-03-25 10:00:00,40.60729,-74.14086,0,0,Driver Inattention/Distraction,4514415,15.6,5.3,5.7,5.7,0.0,4.0,63,27.6,52.2,274,Rain: Moderate,0,0,
1678,2022-03-26 14:00:00,40.65206,-73.94973,0,0,Following Too Closely,4513862,10.1,4.9,6.1,5.8,0.21,8.0,71,21.6,41.0,251,Snow fall: Light,0,0,Snowy Conditions
1679,2022-03-25 18:13:00,40.645596,-73.999054,0,0,Unspecified,4514368,15.6,5.3,5.7,5.7,0.0,4.0,63,27.6,52.2,274,Rain: Moderate,0,0,
1680,2022-03-09 01:00:00,40.759163,-73.97675,1,0,Unspecified,4514187,3.2,0.8,16.8,7.3,6.65,15.0,75,17.6,32.4,69,Snow fall: Heavy,1,1,Snowy Conditions
1681,2022-03-25 19:00:00,40.88611,-73.86292,0,0,Passing or Lane Usage Improper,4514290,15.6,5.3,5.7,5.7,0.0,4.0,63,27.6,52.2,274,Rain: Moderate,0,0,
1682,2022-03-26 18:15:00,40.659275,-73.889,3,0,Driver Inexperience,4513570,10.1,4.9,6.1,5.8,0.21,8.0,71,21.6,41.0,251,Snow fall: Light,3,3,Snowy Conditions
1683,2022-03-26 07:30:00,40.64005,-74.089355,0,0,Driver Inattention/Distraction,4513703,10.1,4.9,6.1,5.8,0.21,8.0,71,21.6,41.0,251,Snow fall: Light,0,0,Snowy Conditions
1684,2022-03-26 03:30:00,40.752068,-73.862854,0,0,Driver Inattention/Distraction,4513518,10.1,4.9,6.1,5.8,0.21,8.0,71,21.6,41.0,251,Snow fall: Light,0,0,Snowy Conditions
1685,2022-03-26 20:37:00,40.704773,-74.00975,1,0,Driver Inattention/Distraction,4513659,10.1,4.9,6.1,5.8,0.21,8.0,71,21.6,41.0,251,Snow fall: Light,1,1,Snowy Conditions
1686,2022-03-26 21:45:00,40.67477,-73.860306,0,0,Backing Unsafely,4513955,10.1,4.9,6.1,5.8,0.21,8.0,71,21.6,41.0,251,Snow fall: Light,0,0,Snowy Conditions
1687,2022-03-26 22:57:00,40.764187,-73.86258,1,0,Driver Inattention/Distraction,4513630,10.1,4.9,6.1,5.8,0.21,8.0,71,21.6,41.0,251,Snow fall: Light,1,1,Snowy Conditions
1688,2022-03-25 12:35:00,40.7441,-73.99565,1,0,Reaction to Uninvolved Vehicle,4514239,15.6,5.3,5.7,5.7,0.0,4.0,63,27.6,52.2,274,Rain: Moderate,1,1,
1689,2022-03-26 10:22:00,40.700546,-73.917076,2,0,Failure to Yield Right-of-Way,4514132,10.1,4.9,6.1,5.8,0.21,8.0,71,21.6,41.0,251,Snow fall: Light,2,2,Snowy Conditions
1690,2022-03-26 16:45:00,40.711685,-73.74672,0,0,Driver Inattention/Distraction,4513741,10.1,4.9,6.1,5.8,0.21,8.0,71,21.6,41.0,251,Snow fall: Light,0,0,Snowy Conditions
1691,2022-02-19 16:32:00,40.62135,-74.15131,1,0,Driver Inattention/Distraction,4503983,3.3,-5.5,0.4,0.0,0.28,4.0,71,35.3,64.4,260,Snow fall: Light,1,1,Snowy Conditions
1692,2021-09-12 07:15:00,40.700836,-73.99495,0,0,Unspecified,4456266,28.8,18.3,0.0,0.0,0.0,0.0,3,24.3,46.8,233,Overcast,0,0,
1693,2021-12-09 09:50:00,40.815754,-73.883934,0,0,Unspecified,4484945,3.6,-2.0,0.1,0.0,0.07,1.0,71,19.2,33.8,295,Snow fall: Light,0,0,Snowy Conditions
1694,2021-12-08 15:40:00,40.826275,-73.85971,1,0,Failure to Yield Right-of-Way,4484741,4.7,0.9,0.7,0.7,0.0,2.0,51,14.5,24.8,355,Drizzle: Light,1,1,
1695,2021-12-03 10:54:00,40.689194,-73.75365,0,0,Failure to Yield Right-of-Way,4485621,9.3,0.9,0.0,0.0,0.0,0.0,3,27.6,53.3,301,Overcast,0,0,
1696,2021-12-10 21:33:00,40.76979,-73.988075,1,0,Failure to Yield Right-of-Way,4485329,8.5,1.6,0.0,0.0,0.0,0.0,3,9.8,20.5,183,Overcast,1,1,
1697,2021-12-08 08:30:00,40.84812,-73.92971,0,0,Driver Inattention/Distraction,4485755,4.7,0.9,0.7,0.7,0.0,2.0,51,14.5,24.8,355,Drizzle: Light,0,0,
1698,2021-12-09 12:47:00,40.827774,-73.945755,1,0,Failure to Yield Right-of-Way,4485349,3.6,-2.0,0.1,0.0,0.07,1.0,71,19.2,33.8,295,Snow fall: Light,1,1,Snowy Conditions
1699,2021-11-18 22:10:00,40.639984,-74.08663,0,0,Driver Inattention/Distraction,4485646,18.7,9.2,1.7,1.7,0.0,2.0,55,26.9,46.8,222,Drizzle: Dense,0,0,
1700,2021-12-10 20:15:00,40.74121,-73.84277,1,0,Driver Inattention/Distraction,4485273,8.5,1.6,0.0,0.0,0.0,0.0,3,9.8,20.5,183,Overcast,1,1,
1701,2021-12-08 22:52:00,40.735424,-73.974754,1,0,Unspecified,4484939,4.7,0.9,0.7,0.7,0.0,2.0,51,14.5,24.8,355,Drizzle: Light,1,1,
1702,2021-11-18 17:56:00,40.668606,-73.78168,2,0,Passing or Lane Usage Improper,4485400,18.7,9.2,1.7,1.7,0.0,2.0,55,26.9,46.8,222,Drizzle: Dense,2,2,
1703,2021-12-10 12:21:00,40.84835,-73.85573,1,0,Driver Inattention/Distraction,4485951,8.5,1.6,0.0,0.0,0.0,0.0,3,9.8,20.5,183,Overcast,1,1,
1704,2021-12-02 09:00:00,40.693905,-73.94892,0,0,Passing or Lane Usage Improper,4485653,13.2,5.4,3.4,3.4,0.0,10.0,55,28.0,46.8,215,Drizzle: Dense,0,0,
1705,2021-12-06 02:00:00,40.68837,-73.944916,0,0,Driver Inattention/Distraction,4485631,16.3,7.7,6.3,6.3,0.0,10.0,61,35.1,65.5,201,Rain: Light,0,0,
1706,2021-12-10 16:47:00,40.7495,-73.94667,0,0,Driver Inattention/Distraction,4485430,8.5,1.6,0.0,0.0,0.0,0.0,3,9.8,20.5,183,Overcast,0,0,
1707,2021-12-09 18:12:00,40.57089,-74.14791,0,0,Driver Inattention/Distraction,4485221,3.6,-2.0,0.1,0.0,0.07,1.0,71,19.2,33.8,295,Snow fall: Light,0,0,Snowy Conditions
1708,2021-12-08 09:39:00,40.635494,-74.00957,1,0,Unspecified,4485094,4.7,0.9,0.7,0.7,0.0,2.0,51,14.5,24.8,355,Drizzle: Light,1,1,
1709,2021-12-10 19:30:00,40.726135,-73.76318,0,0,Unspecified,4485603,8.5,1.6,0.0,0.0,0.0,0.0,3,9.8,20.5,183,Overcast,0,0,
1710,2021-12-08 12:27:00,40.774227,-73.98112,1,0,Driver Inattention/Distraction,4485027,4.7,0.9,0.7,0.7,0.0,2.0,51,14.5,24.8,355,Drizzle: Light,1,1,
1711,2021-12-09 17:00:00,40.65571,-73.95891,0,0,Driver Inattention/Distraction,4485344,3.6,-2.0,0.1,0.0,0.07,1.0,71,19.2,33.8,295,Snow fall: Light,0,0,Snowy Conditions
1712,2021-12-08 13:38:00,40.622086,-73.984276,1,0,Unspecified,4484867,4.7,0.9,0.7,0.7,0.0,2.0,51,14.5,24.8,355,Drizzle: Light,1,1,
1713,2021-12-10 14:34:00,40.680008,-73.82305,2,0,Failure to Yield Right-of-Way,4485842,8.5,1.6,0.0,0.0,0.0,0.0,3,9.8,20.5,183,Overcast,2,2,
1714,2021-12-06 21:54:00,40.83112,-73.9419,2,0,Other Vehicular,4485557,16.3,7.7,6.3,6.3,0.0,10.0,61,35.1,65.5,201,Rain: Light,2,2,
1715,2021-12-10 14:40:00,40.673313,-73.97309,0,0,Turning Improperly,4485380,8.5,1.6,0.0,0.0,0.0,0.0,3,9.8,20.5,183,Overcast,0,0,
1716,2021-12-09 11:25:00,40.64861,-73.99952,0,0,Driver Inattention/Distraction,4485189,3.6,-2.0,0.1,0.0,0.07,1.0,71,19.2,33.8,295,Snow fall: Light,0,0,Snowy Conditions
1717,2022-03-26 01:20:00,40.822815,-73.895485,0,0,Following Too Closely,4514006,10.1,4.9,6.1,5.8,0.21,8.0,71,21.6,41.0,251,Snow fall: Light,0,0,Snowy Conditions
1718,2022-03-25 13:00:00,40.812237,-73.909424,0,0,Unspecified,4514148,15.6,5.3,5.7,5.7,0.0,4.0,63,27.6,52.2,274,Rain: Moderate,0,0,
1719,2022-03-26 02:34:00,40.82803,-73.934845,0,0,Driver Inattention/Distraction,4514079,10.1,4.9,6.1,5.8,0.21,8.0,71,21.6,41.0,251,Snow fall: Light,0,0,Snowy Conditions
1720,2022-03-26 12:25:00,40.65906,-73.88459,0,0,Unspecified,4513849,10.1,4.9,6.1,5.8,0.21,8.0,71,21.6,41.0,251,Snow fall: Light,0,0,Snowy Conditions
1721,2022-03-12 16:00:00,40.67834,-73.95521,0,0,Unspecified,4514331,6.5,-4.4,15.3,7.6,5.39,11.0,75,35.8,64.1,315,Snow fall: Heavy,0,0,Snowy Conditions
1722,2022-03-26 16:38:00,40.75265,-73.99056,0,0,Passing Too Closely,4513711,10.1,4.9,6.1,5.8,0.21,8.0,71,21.6,41.0,251,Snow fall: Light,0,0,Snowy Conditions
1723,2022-03-26 04:44:00,40.596478,-73.96523,0,0,View Obstructed/Limited,4513499,10.1,4.9,6.1,5.8,0.21,8.0,71,21.6,41.0,251,Snow fall: Light,0,0,Snowy Conditions
1724,2022-03-26 07:48:00,40.772495,-73.8303,0,0,Following Too Closely,4513597,10.1,4.9,6.1,5.8,0.21,8.0,71,21.6,41.0,251,Snow fall: Light,0,0,Snowy Conditions
1725,2022-03-26 20:15:00,40.67102,-73.74893,1,0,Unspecified,4513783,10.1,4.9,6.1,5.8,0.21,8.0,71,21.6,41.0,251,Snow fall: Light,1,1,Snowy Conditions
1726,2022-03-20 18:43:00,40.678932,-73.96197,1,0,Failure to Yield Right-of-Way,4514327,14.8,6.9,0.1,0.1,0.0,1.0,51,27.0,49.0,284,Drizzle: Light,1,1,
1727,2022-03-26 08:50:00,40.63926,-73.93777,3,0,Traffic Control Disregarded,4513800,10.1,4.9,6.1,5.8,0.21,8.0,71,21.6,41.0,251,Snow fall: Light,3,3,Snowy Conditions
1728,2022-03-26 17:30:00,40.655403,-73.85259,0,0,Failure to Yield Right-of-Way,4513947,10.1,4.9,6.1,5.8,0.21,8.0,71,21.6,41.0,251,Snow fall: Light,0,0,Snowy Conditions
1729,2022-03-24 12:15:00,40.61578,-73.99995,1,0,Failure to Yield Right-of-Way,4514196,9.9,3.5,21.4,21.4,0.0,16.0,63,27.2,50.8,57,Rain: Moderate,1,1,
1730,2022-03-26 02:15:00,40.536892,-74.15944,0,0,Unspecified,4513768,10.1,4.9,6.1,5.8,0.21,8.0,71,21.6,41.0,251,Snow fall: Light,0,0,Snowy Conditions
1731,2022-03-26 13:50:00,40.634117,-73.94588,0,0,Failure to Yield Right-of-Way,4513692,10.1,4.9,6.1,5.8,0.21,8.0,71,21.6,41.0,251,Snow fall: Light,0,0,Snowy Conditions
1732,2022-03-21 11:30:00,40.695377,-73.94921,0,0,Driver Inattention/Distraction,4514243,15.6,5.0,0.0,0.0,0.0,0.0,3,30.0,53.6,299,Overcast,0,0,
1733,2022-03-14 14:05:00,40.756035,-73.98695,1,0,Pedestrian/Bicyclist/Other Pedestrian Error/Confusion,4514276,13.1,-2.4,0.0,0.0,0.0,0.0,3,21.0,36.4,226,Overcast,1,1,
1734,2022-03-26 11:20:00,40.771946,-73.952995,1,0,Unspecified,4513993,10.1,4.9,6.1,5.8,0.21,8.0,71,21.6,41.0,251,Snow fall: Light,1,1,Snowy Conditions
1735,2022-03-25 08:29:00,40.83997,-73.87792,0,0,Driver Inattention/Distraction,4514168,15.6,5.3,5.7,5.7,0.0,4.0,63,27.6,52.2,274,Rain: Moderate,0,0,
1736,2022-03-26 19:26:00,40.749866,-73.86273,0,0,Driver Inattention/Distraction,4513809,10.1,4.9,6.1,5.8,0.21,8.0,71,21.6,41.0,251,Snow fall: Light,0,0,Snowy Conditions
1737,2022-03-26 17:45:00,40.687176,-73.9814,0,0,Driver Inattention/Distraction,4513905,10.1,4.9,6.1,5.8,0.21,8.0,71,21.6,41.0,251,Snow fall: Light,0,0,Snowy Conditions
1738,2022-03-25 15:00:00,40.666378,-73.847694,0,0,Failure to Yield Right-of-Way,4514355,15.6,5.3,5.7,5.7,0.0,4.0,63,27.6,52.2,274,Rain: Moderate,0,0,
1739,2022-03-26 14:00:00,40.73769,-73.76846,0,0,Unspecified,4513931,10.1,4.9,6.1,5.8,0.21,8.0,71,21.6,41.0,251,Snow fall: Light,0,0,Snowy Conditions
1740,2022-03-25 13:11:00,40.74152,-73.904594,0,0,Unspecified,4514218,15.6,5.3,5.7,5.7,0.0,4.0,63,27.6,52.2,274,Rain: Moderate,0,0,
1741,2022-03-26 01:31:00,40.764626,-73.99555,0,0,Unspecified,4513487,10.1,4.9,6.1,5.8,0.21,8.0,71,21.6,41.0,251,Snow fall: Light,0,0,Snowy Conditions
1742,2022-03-24 12:00:00,40.89306,-73.858734,0,0,Passing or Lane Usage Improper,4514304,9.9,3.5,21.4,21.4,0.0,16.0,63,27.2,50.8,57,Rain: Moderate,0,0,
1743,2022-03-26 12:20:00,40.66743,-73.76676,0,0,Passing or Lane Usage Improper,4514245,10.1,4.9,6.1,5.8,0.21,8.0,71,21.6,41.0,251,Snow fall: Light,0,0,Snowy Conditions
1744,2022-03-26 08:15:00,40.843678,-73.871956,0,0,Following Too Closely,4513729,10.1,4.9,6.1,5.8,0.21,8.0,71,21.6,41.0,251,Snow fall: Light,0,0,Snowy Conditions
1745,2022-03-26 14:08:00,40.87829,-73.87006,0,0,Passing Too Closely,4514050,10.1,4.9,6.1,5.8,0.21,8.0,71,21.6,41.0,251,Snow fall: Light,0,0,Snowy Conditions
1746,2022-03-26 17:46:00,40.746353,-73.91617,1,0,Driver Inattention/Distraction,4513584,10.1,4.9,6.1,5.8,0.21,8.0,71,21.6,41.0,251,Snow fall: Light,1,1,Snowy Conditions
1747,2022-03-26 22:03:00,40.84869,-73.90329,0,0,Failure to Yield Right-of-Way,4514022,10.1,4.9,6.1,5.8,0.21,8.0,71,21.6,41.0,251,Snow fall: Light,0,0,Snowy Conditions