,CRASH DATETIME,LATITUDE,LONGITUDE,NUMBER OF PERSONS INJURED,NUMBER OF PERSONS KILLED,CONTRIBUTING FACTOR VEHICLE 1,COLLISION_ID,temperature_2m_max,temperature_2m_min,precipitation_sum,rain_sum,snowfall_sum,precipitation_hours,weather_code,wind_speed_10m_max,wind_gusts_10m_max,wind_direction_10m_dominant,Weather Description,Severity_Score,Total_Affected_Persons,Weather_Category
1748,2022-03-23 08:10:00,40.88971,-73.85603,1,0,Driver Inattention/Distraction,4514284,8.4,1.3,2.2,2.2,0.0,3.0,55,19.6,34.6,73,Drizzle: Dense,1,1,
1749,2022-03-25 17:06:00,40.762287,-73.97027,0,0,Unspecified,4514192,15.6,5.3,5.7,5.7,0.0,4.0,63,27.6,52.2,274,Rain: Moderate,0,0,
1750,2022-03-26 11:20:00,40.65937,-73.8826,1,0,Driver Inattention/Distraction,4513841,10.1,4.9,6.1,5.8,0.21,8.0,71,21.6,41.0,251,Snow fall: Light,1,1,Snowy Conditions
1751,2022-03-26 09:00:00,40.579052,-73.98415,0,0,Unspecified,4513884,10.1,4.9,6.1,5.8,0.21,8.0,71,21.6,41.0,251,Snow fall: Light,0,0,Snowy Conditions
1752,2022-03-26 10:17:00,40.80114,-73.93769,0,0,Alcohol Involvement,4514158,10.1,4.9,6.1,5.8,0.21,8.0,71,21.6,41.0,251,Snow fall: Light,0,0,Snowy Conditions
1753,2022-03-26 05:28:00,40.700726,-73.94194,0,0,Unsafe Speed,4513956,10.1,4.9,6.1,5.8,0.21,8.0,71,21.6,41.0,251,Snow fall: Light,0,0,Snowy Conditions
1754,2022-03-26 21:58:00,40.759285,-73.85809,0,0,Driver Inattention/Distraction,4513629,10.1,4.9,6.1,5.8,0.21,8.0,71,21.6,41.0,251,Snow fall: Light,0,0,Snowy Conditions
1755,2022-03-26 11:15:00,40.60345,-74.009,0,0,Driver Inattention/Distraction,4513684,10.1,4.9,6.1,5.8,0.21,8.0,71,21.6,41.0,251,Snow fall: Light,0,0,Snowy Conditions
1756,2022-03-25 15:06:00,40.62026,-74.16774,1,0,Unspecified,4514422,15.6,5.3,5.7,5.7,0.0,4.0,63,27.6,52.2,274,Rain: Moderate,1,1,
1757,2022-03-26 00:09:00,40.703434,-73.74051,0,0,Traffic Control Disregarded,4513542,10.1,4.9,6.1,5.8,0.21,8.0,71,21.6,41.0,251,Snow fall: Light,0,0,Snowy Conditions
1758,2022-03-25 17:44:00,40.64235,-73.97937,1,0,Unspecified,4514370,15.6,5.3,5.7,5.7,0.0,4.0,63,27.6,52.2,274,Rain: Moderate,1,1,
1759,2022-03-26 14:45:00,40.707928,-73.78383,0,0,Passing Too Closely,4513970,10.1,4.9,6.1,5.8,0.21,8.0,71,21.6,41.0,251,Snow fall: Light,0,0,Snowy Conditions
1760,2022-03-26 22:00:00,40.718174,-73.98704,0,0,Alcohol Involvement,4513778,10.1,4.9,6.1,5.8,0.21,8.0,71,21.6,41.0,251,Snow fall: Light,0,0,Snowy Conditions
1761,2022-03-17 14:50:00,40.76974,-73.982124,0,0,Driver Inattention/Distraction,4514300,12.3,3.9,6.5,6.5,0.0,13.0,61,16.8,31.7,41,Rain: Light,0,0,
1762,2022-03-26 23:15:00,40.752663,-73.87633,1,0,Driver Inattention/Distraction,4513633,10.1,4.9,6.1,5.8,0.21,8.0,71,21.6,41.0,251,Snow fall: Light,1,1,Snowy Conditions
1763,2022-03-26 22:30:00,40.65331,-73.95942,0,0,Unspecified,4513695,10.1,4.9,6.1,5.8,0.21,8.0,71,21.6,41.0,251,Snow fall: Light,0,0,Snowy Conditions
1764,2022-03-26 00:55:00,40.84353,-73.89401,0,0,Other Vehicular,4514178,10.1,4.9,6.1,5.8,0.21,8.0,71,21.6,41.0,251,Snow fall: Light,0,0,Snowy Conditions
1765,2022-03-26 03:26:00,40.731125,-74.004234,0,0,Following Too Closely,4514117,10.1,4.9,6.1,5.8,0.21,8.0,71,21.6,41.0,251,Snow fall: Light,0,0,Snowy Conditions
1766,2022-03-26 07:30:00,40.7014,-73.91858,1,0,Driver Inattention/Distraction,4514133,10.1,4.9,6.1,5.8,0.21,8.0,71,21.6,41.0,251,Snow fall: Light,1,1,Snowy Conditions
1767,2022-03-26 13:00:00,40.757725,-73.86372,0,0,Unsafe Lane Changing,4513535,10.1,4.9,6.1,5.8,0.21,8.0,71,21.6,41.0,251,Snow fall: Light,0,0,Snowy Conditions
1768,2022-03-26 20:00:00,40.703938,-73.87605,0,0,Unspecified,4513890,10.1,4.9,6.1,5.8,0.21,8.0,71,21.6,41.0,251,Snow fall: Light,0,0,Snowy Conditions
1769,2022-03-26 19:08:00,40.663124,-73.8902,1,0,Unspecified,4513575,10.1,4.9,6.1,5.8,0.21,8.0,71,21.6,41.0,251,Snow fall: Light,1,1,Snowy Conditions
1770,2022-03-26 18:32:00,40.835648,-73.88862,0,0,Unspecified,4513989,10.1,4.9,6.1,5.8,0.21,8.0,71,21.6,41.0,251,Snow fall: Light,0,0,Snowy Conditions
1771,2022-03-26 00:05:00,40.76419,-73.861664,0,0,Unsafe Speed,4513517,10.1,4.9,6.1,5.8,0.21,8.0,71,21.6,41.0,251,Snow fall: Light,0,0,Snowy Conditions
1772,2022-03-26 17:59:00,40.647243,-73.96048,1,0,Unspecified,4513704,10.1,4.9,6.1,5.8,0.21,8.0,71,21.6,41.0,251,Snow fall: Light,1,1,Snowy Conditions
1773,2022-03-26 17:45:00,40.815205,-73.947495,0,0,Unspecified,4514089,10.1,4.9,6.1,5.8,0.21,8.0,71,21.6,41.0,251,Snow fall: Light,0,0,Snowy Conditions
1774,2022-03-26 20:30:00,40.681145,-73.84013,0,0,Following Too Closely,4513954,10.1,4.9,6.1,5.8,0.21,8.0,71,21.6,41.0,251,Snow fall: Light,0,0,Snowy Conditions
1775,2022-03-26 21:15:00,40.696384,-73.86017,0,0,Passing or Lane Usage Improper,4513622,10.1,4.9,6.1,5.8,0.21,8.0,71,21.6,41.0,251,Snow fall: Light,0,0,Snowy Conditions
1776,2022-03-25 08:30:00,40.709206,-73.99607,0,0,Unspecified,4514272,15.6,5.3,5.7,5.7,0.0,4.0,63,27.6,52.2,274,Rain: Moderate,0,0,
1777,2024-10-05 12:40:00,40.64254,-73.87652,2,0,Unspecified,4761266,23.5,14.1,0.3,0.3,0.0,1.0,51,16.8,34.6,2,Drizzle: Light,2,2,
1778,2022-03-26 05:00:00,40.53171,-74.202896,0,0,Unsafe Speed,4514232,10.1,4.9,6.1,5.8,0.21,8.0,71,21.6,41.0,251,Snow fall: Light,0,0,Snowy Conditions
1779,2022-03-26 18:30:00,40.667576,-73.72951,1,0,Unspecified,4513787,10.1,4.9,6.1,5.8,0.21,8.0,71,21.6,41.0,251,Snow fall: Light,1,1,Snowy Conditions
1780,2022-03-26 16:35:00,40.608807,-73.924126,0,0,Driver Inattention/Distraction,4513747,10.1,4.9,6.1,5.8,0.21,8.0,71,21.6,41.0,251,Snow fall: Light,0,0,Snowy Conditions
1781,2022-03-11 23:22:00,40.831635,-73.91894,0,0,Backing Unsafely,4514186,10.7,-1.0,0.0,0.0,0.0,0.0,3,20.5,39.2,178,Overcast,0,0,
1782,2022-03-26 19:11:00,40.832787,-73.850235,0,0,Driver Inattention/Distraction,4514203,10.1,4.9,6.1,5.8,0.21,8.0,71,21.6,41.0,251,Snow fall: Light,0,0,Snowy Conditions
1783,2022-03-26 20:09:00,40.649654,-73.92047,1,0,Unspecified,4513801,10.1,4.9,6.1,5.8,0.21,8.0,71,21.6,41.0,251,Snow fall: Light,1,1,Snowy Conditions
1784,2022-03-26 16:17:00,40.672405,-73.730515,2,0,Traffic Control Disregarded,4513569,10.1,4.9,6.1,5.8,0.21,8.0,71,21.6,41.0,251,Snow fall: Light,2,2,Snowy Conditions
1785,2022-03-21 12:02:00,40.879623,-73.86834,0,0,Passing or Lane Usage Improper,4514289,15.6,5.0,0.0,0.0,0.0,0.0,3,30.0,53.6,299,Overcast,0,0,
1786,2022-03-26 05:01:00,40.814438,-73.89308,1,0,Unspecified,4514004,10.1,4.9,6.1,5.8,0.21,8.0,71,21.6,41.0,251,Snow fall: Light,1,1,Snowy Conditions
1787,2022-03-23 12:30:00,40.742104,-73.702194,0,0,Unspecified,4514147,8.4,1.3,2.2,2.2,0.0,3.0,55,19.6,34.6,73,Drizzle: Dense,0,0,
1788,2022-03-26 00:10:00,40.723507,-73.98541,1,0,Driver Inattention/Distraction,4513660,10.1,4.9,6.1,5.8,0.21,8.0,71,21.6,41.0,251,Snow fall: Light,1,1,Snowy Conditions
1789,2022-03-26 11:00:00,40.66602,-73.896324,0,0,Unspecified,4513850,10.1,4.9,6.1,5.8,0.21,8.0,71,21.6,41.0,251,Snow fall: Light,0,0,Snowy Conditions
1790,2022-03-26 23:20:00,40.691536,-73.99912,0,0,Following Too Closely,4514077,10.1,4.9,6.1,5.8,0.21,8.0,71,21.6,41.0,251,Snow fall: Light,0,0,Snowy Conditions
1791,2022-03-26 00:12:00,40.663948,-73.98073,0,0,Fell Asleep,4513945,10.1,4.9,6.1,5.8,0.21,8.0,71,21.6,41.0,251,Snow fall: Light,0,0,Snowy Conditions
1792,2022-03-26 14:00:00,40.696865,-73.81535,3,0,Following Too Closely,4513551,10.1,4.9,6.1,5.8,0.21,8.0,71,21.6,41.0,251,Snow fall: Light,3,3,Snowy Conditions
1793,2022-03-26 01:20:00,40.855972,-73.869896,0,0,Backing Unsafely,4513500,10.1,4.9,6.1,5.8,0.21,8.0,71,21.6,41.0,251,Snow fall: Light,0,0,Snowy Conditions
1794,2022-03-26 12:30:00,40.642563,-74.08653,0,0,Driver Inattention/Distraction,4513709,10.1,4.9,6.1,5.8,0.21,8.0,71,21.6,41.0,251,Snow fall: Light,0,0,Snowy Conditions
1795,2022-03-21 17:18:00,40.616364,-74.15676,0,0,Failure to Yield Right-of-Way,4514414,15.6,5.0,0.0,0.0,0.0,0.0,3,30.0,53.6,299,Overcast,0,0,
1796,2022-03-26 18:36:00,40.64467,-73.9256,0,0,Driver Inexperience,4513873,10.1,4.9,6.1,5.8,0.21,8.0,71,21.6,41.0,251,Snow fall: Light,0,0,Snowy Conditions
1797,2022-03-26 00:00:00,40.843517,-73.83295,2,0,Unspecified,4513674,10.1,4.9,6.1,5.8,0.21,8.0,71,21.6,41.0,251,Snow fall: Light,2,2,Snowy Conditions
1798,2022-03-23 14:30:00,40.57256,-74.1189,0,0,View Obstructed/Limited,4514238,8.4,1.3,2.2,2.2,0.0,3.0,55,19.6,34.6,73,Drizzle: Dense,0,0,
1799,2022-03-25 09:15:00,40.829502,-73.87462,2,0,Passing or Lane Usage Improper,4514190,15.6,5.3,5.7,5.7,0.0,4.0,63,27.6,52.2,274,Rain: Moderate,2,2,
1800,2022-03-15 17:00:00,40.676598,-73.93039,1,0,Driver Inattention/Distraction,4514328,15.8,3.2,0.0,0.0,0.0,0.0,3,21.5,36.4,211,Overcast,1,1,
1801,2022-03-26 01:04:00,40.608826,-74.00983,1,0,Driver Inattention/Distraction,4513731,10.1,4.9,6.1,5.8,0.21,8.0,71,21.6,41.0,251,Snow fall: Light,1,1,Snowy Conditions
1802,2022-03-25 10:57:00,40.779495,-73.9535,0,0,Driver Inattention/Distraction,4514197,15.6,5.3,5.7,5.7,0.0,4.0,63,27.6,52.2,274,Rain: Moderate,0,0,
1803,2022-03-26 01:05:00,40.686066,-73.971436,0,0,Driver Inattention/Distraction,4514404,10.1,4.9,6.1,5.8,0.21,8.0,71,21.6,41.0,251,Snow fall: Light,0,0,Snowy Conditions
1804,2022-03-26 01:15:00,40.693295,-73.80802,0,0,Unsafe Lane Changing,4513975,10.1,4.9,6.1,5.8,0.21,8.0,71,21.6,41.0,251,Snow fall: Light,0,0,Snowy Conditions
1805,2022-03-26 20:59:00,40.743156,-73.91871,0,0,Driver Inattention/Distraction,4513585,10.1,4.9,6.1,5.8,0.21,8.0,71,21.6,41.0,251,Snow fall: Light,0,0,Snowy Conditions
1806,2022-03-19 01:01:00,40.781666,-73.986694,0,0,Driver Inattention/Distraction,4514299,18.3,6.6,9.3,9.3,0.0,3.0,65,16.3,32.8,146,Rain: Heavy,0,0,
1807,2022-03-26 14:57:00,40.711323,-73.95464,0,0,Other Vehicular,4513957,10.1,4.9,6.1,5.8,0.21,8.0,71,21.6,41.0,251,Snow fall: Light,0,0,Snowy Conditions
1808,2022-03-26 07:05:00,40.620525,-74.03228,0,0,Alcohol Involvement,4513574,10.1,4.9,6.1,5.8,0.21,8.0,71,21.6,41.0,251,Snow fall: Light,0,0,Snowy Conditions
1809,2022-03-26 23:45:00,40.830906,-73.8736,0,0,Unsafe Speed,4513635,10.1,4.9,6.1,5.8,0.21,8.0,71,21.6,41.0,251,Snow fall: Light,0,0,Snowy Conditions
1810,2022-03-25 08:21:00,40.80142,-73.93446,0,0,Unspecified,4514153,15.6,5.3,5.7,5.7,0.0,4.0,63,27.6,52.2,274,Rain: Moderate,0,0,
1811,2022-03-26 14:28:00,40.701195,-73.91409,0,0,Passing Too Closely,4514134,10.1,4.9,6.1,5.8,0.21,8.0,71,21.6,41.0,251,Snow fall: Light,0,0,Snowy Conditions
1812,2022-03-26 14:05:00,40.75829,-73.83431,3,0,Failure to Yield Right-of-Way,4513546,10.1,4.9,6.1,5.8,0.21,8.0,71,21.6,41.0,251,Snow fall: Light,3,3,Snowy Conditions
1813,2022-03-22 21:19:00,40.669735,-73.93104,1,0,Unspecified,4514329,12.8,3.9,0.0,0.0,0.0,0.0,3,23.1,44.3,311,Overcast,1,1,
1814,2022-03-25 08:20:00,40.82628,-73.87673,0,0,Passing Too Closely,4514193,15.6,5.3,5.7,5.7,0.0,4.0,63,27.6,52.2,274,Rain: Moderate,0,0,
1815,2022-03-26 17:30:00,40.74648,-73.8723,0,0,Unspecified,4513805,10.1,4.9,6.1,5.8,0.21,8.0,71,21.6,41.0,251,Snow fall: Light,0,0,Snowy Conditions
1816,2022-03-10 20:27:00,40.710907,-73.842575,0,0,Driver Inattention/Distraction,4514242,9.0,-1.5,0.0,0.0,0.0,0.0,3,12.3,23.8,243,Overcast,0,0,
1817,2022-03-18 00:30:00,40.696686,-73.9378,1,0,Driver Inattention/Distraction,4514248,20.8,7.4,0.0,0.0,0.0,0.0,3,16.0,31.7,181,Overcast,1,1,
1818,2022-03-26 01:39:00,40.766144,-73.99724,1,0,Driver Inattention/Distraction,4513489,10.1,4.9,6.1,5.8,0.21,8.0,71,21.6,41.0,251,Snow fall: Light,1,1,Snowy Conditions
1819,2021-12-17 00:30:00,40.745384,-73.99471,1,0,Unspecified,4487564,13.9,6.1,0.0,0.0,0.0,0.0,3,21.5,37.1,265,Overcast,1,1,
1820,2022-02-19 15:40:00,40.66053,-73.93234,0,0,Driver Inattention/Distraction,4504204,3.3,-5.5,0.4,0.0,0.28,4.0,71,35.3,64.4,260,Snow fall: Light,0,0,Snowy Conditions
1821,2022-02-19 19:00:00,40.669754,-73.904,0,0,Unspecified,4504657,3.3,-5.5,0.4,0.0,0.28,4.0,71,35.3,64.4,260,Snow fall: Light,0,0,Snowy Conditions
1822,2022-02-14 17:23:00,0.0,0.0,0,0,Other Vehicular,4504560,-3.4,-10.4,0.0,0.0,0.0,0.0,3,26.4,49.3,316,Overcast,0,0,
1823,2022-02-19 10:09:00,40.616684,-74.08688,0,0,Driver Inattention/Distraction,4504102,3.3,-5.5,0.4,0.0,0.28,4.0,71,35.3,64.4,260,Snow fall: Light,0,0,Snowy Conditions
1824,2022-02-19 19:45:00,40.789017,-73.81865,0,0,Passing or Lane Usage Improper,4504242,3.3,-5.5,0.4,0.0,0.28,4.0,71,35.3,64.4,260,Snow fall: Light,0,0,Snowy Conditions
1825,2022-02-17 00:30:00,40.816765,-73.86475,0,0,Driver Inattention/Distraction,4504459,16.7,5.1,2.2,2.2,0.0,2.0,61,31.8,56.5,201,Rain: Light,0,0,
1826,2022-02-19 02:16:00,40.601017,-73.95066,1,0,Illnes,4503888,3.3,-5.5,0.4,0.0,0.28,4.0,71,35.3,64.4,260,Snow fall: Light,1,1,Snowy Conditions
1827,2022-02-16 18:33:00,40.76363,-73.9533,0,0,Driver Inattention/Distraction,4504529,6.2,-5.1,0.0,0.0,0.0,0.0,3,21.1,41.0,187,Overcast,0,0,
1828,2022-02-19 07:03:00,40.687622,-73.77881,1,0,Fell Asleep,4504048,3.3,-5.5,0.4,0.0,0.28,4.0,71,35.3,64.4,260,Snow fall: Light,1,1,Snowy Conditions
1829,2022-02-18 17:30:00,40.68501,-73.842026,0,0,Passing Too Closely,4504486,15.6,-2.8,11.9,11.9,0.0,6.0,63,44.1,79.2,261,Rain: Moderate,0,0,
1830,2022-02-19 08:52:00,40.832954,-73.85444,0,0,Driver Inattention/Distraction,4504438,3.3,-5.5,0.4,0.0,0.28,4.0,71,35.3,64.4,260,Snow fall: Light,0,0,Snowy Conditions
1831,2022-02-19 21:10:00,40.820137,-73.89029,0,0,Driver Inattention/Distraction,4504300,3.3,-5.5,0.4,0.0,0.28,4.0,71,35.3,64.4,260,Snow fall: Light,0,0,Snowy Conditions
1832,2022-02-14 16:00:00,40.77178,-73.9792,1,0,Driver Inexperience,4504653,-3.4,-10.4,0.0,0.0,0.0,0.0,3,26.4,49.3,316,Overcast,1,1,
1833,2022-02-19 17:30:00,40.7639,-73.88064,0,0,Unspecified,4504153,3.3,-5.5,0.4,0.0,0.28,4.0,71,35.3,64.4,260,Snow fall: Light,0,0,Snowy Conditions
1834,2022-02-17 16:10:00,40.670723,-73.87519,0,0,Unspecified,4504555,16.7,5.1,2.2,2.2,0.0,2.0,61,31.8,56.5,201,Rain: Light,0,0,
1835,2022-02-16 00:00:00,40.679768,-73.894005,1,0,Unspecified,4504585,6.2,-5.1,0.0,0.0,0.0,0.0,3,21.1,41.0,187,Overcast,1,1,
1836,2022-02-19 21:35:00,40.747078,-73.981346,0,0,Turning Improperly,4504230,3.3,-5.5,0.4,0.0,0.28,4.0,71,35.3,64.4,260,Snow fall: Light,0,0,Snowy Conditions
1837,2022-02-15 17:55:00,40.826275,-73.85971,0,0,Unspecified,4504493,-0.2,-9.2,0.0,0.0,0.0,0.0,3,12.9,28.4,276,Overcast,0,0,
1838,2022-02-19 04:00:00,40.842007,-73.85755,1,0,Alcohol Involvement,4503914,3.3,-5.5,0.4,0.0,0.28,4.0,71,35.3,64.4,260,Snow fall: Light,1,1,Snowy Conditions
1839,2022-02-19 04:44:00,40.59957,-73.76422,0,0,Unspecified,4504415,3.3,-5.5,0.4,0.0,0.28,4.0,71,35.3,64.4,260,Snow fall: Light,0,0,Snowy Conditions
1840,2022-02-19 22:30:00,40.623444,-74.14917,0,0,Unspecified,4504001,3.3,-5.5,0.4,0.0,0.28,4.0,71,35.3,64.4,260,Snow fall: Light,0,0,Snowy Conditions
1841,2022-02-19 06:15:00,40.85139,-73.941216,0,0,Aggressive Driving/Road Rage,4504426,3.3,-5.5,0.4,0.0,0.28,4.0,71,35.3,64.4,260,Snow fall: Light,0,0,Snowy Conditions
1842,2022-02-19 14:00:00,40.668278,-73.92005,0,0,Unspecified,4504135,3.3,-5.5,0.4,0.0,0.28,4.0,71,35.3,64.4,260,Snow fall: Light,0,0,Snowy Conditions
1843,2022-02-03 16:15:00,40.776665,-73.78281,0,0,,4500092,9.2,2.3,13.1,13.1,0.0,17.0,61,14.9,23.8,194,Rain: Light,0,0,
1844,2022-02-19 14:15:00,40.70212,-73.81066,0,0,Unspecified,4504273,3.3,-5.5,0.4,0.0,0.28,4.0,71,35.3,64.4,260,Snow fall: Light,0,0,Snowy Conditions
1845,2022-03-25 10:43:00,40.60855,-74.13216,0,0,Passing or Lane Usage Improper,4514421,15.6,5.3,5.7,5.7,0.0,4.0,63,27.6,52.2,274,Rain: Moderate,0,0,
1846,2022-03-26 10:30:00,40.849285,-73.93894,0,0,Unspecified,4513888,10.1,4.9,6.1,5.8,0.21,8.0,71,21.6,41.0,251,Snow fall: Light,0,0,Snowy Conditions
1847,2022-03-26 00:09:00,40.73274,-73.86836,3,0,Other Vehicular,4513932,10.1,4.9,6.1,5.8,0.21,8.0,71,21.6,41.0,251,Snow fall: Light,3,3,Snowy Conditions
1848,2022-03-26 20:36:00,40.87446,-73.91002,2,0,Passing or Lane Usage Improper,4513727,10.1,4.9,6.1,5.8,0.21,8.0,71,21.6,41.0,251,Snow fall: Light,2,2,Snowy Conditions
1849,2022-03-26 17:34:00,40.666924,-73.78447,0,0,Following Too Closely,4513776,10.1,4.9,6.1,5.8,0.21,8.0,71,21.6,41.0,251,Snow fall: Light,0,0,Snowy Conditions
1850,2022-03-25 19:41:00,40.62685,-73.97643,0,0,Unspecified,4514373,15.6,5.3,5.7,5.7,0.0,4.0,63,27.6,52.2,274,Rain: Moderate,0,0,
1851,2022-03-26 03:00:00,40.86357,-73.92602,2,0,Alcohol Involvement,4513914,10.1,4.9,6.1,5.8,0.21,8.0,71,21.6,41.0,251,Snow fall: Light,2,2,Snowy Conditions
1852,2022-03-26 19:31:00,40.751575,-73.85584,0,0,Driver Inattention/Distraction,4513628,10.1,4.9,6.1,5.8,0.21,8.0,71,21.6,41.0,251,Snow fall: Light,0,0,Snowy Conditions
1853,2022-03-26 06:30:00,40.659473,-74.00244,1,0,Other Vehicular,4513529,10.1,4.9,6.1,5.8,0.21,8.0,71,21.6,41.0,251,Snow fall: Light,1,1,Snowy Conditions
1854,2022-03-26 05:20:00,40.81813,-73.89101,0,0,Turning Improperly,4514027,10.1,4.9,6.1,5.8,0.21,8.0,71,21.6,41.0,251,Snow fall: Light,0,0,Snowy Conditions
1855,2022-03-24 17:41:00,40.836555,-73.87135,0,0,Passing Too Closely,4514179,9.9,3.5,21.4,21.4,0.0,16.0,63,27.2,50.8,57,Rain: Moderate,0,0,
1856,2022-03-26 12:50:00,40.63054,-74.11365,1,0,Driver Inattention/Distraction,4513696,10.1,4.9,6.1,5.8,0.21,8.0,71,21.6,41.0,251,Snow fall: Light,1,1,Snowy Conditions
1857,2022-03-26 17:29:00,40.69925,-73.973206,1,0,Pedestrian/Bicyclist/Other Pedestrian Error/Confusion,4513683,10.1,4.9,6.1,5.8,0.21,8.0,71,21.6,41.0,251,Snow fall: Light,1,1,Snowy Conditions
1858,2022-03-26 21:00:00,40.647766,-73.95816,0,0,Unspecified,4514121,10.1,4.9,6.1,5.8,0.21,8.0,71,21.6,41.0,251,Snow fall: Light,0,0,Snowy Conditions
1859,2022-03-26 16:00:00,40.710747,-73.9532,1,0,Failure to Yield Right-of-Way,4514352,10.1,4.9,6.1,5.8,0.21,8.0,71,21.6,41.0,251,Snow fall: Light,1,1,Snowy Conditions
1860,2022-03-26 23:40:00,40.753113,-73.93371,0,0,Unspecified,4513755,10.1,4.9,6.1,5.8,0.21,8.0,71,21.6,41.0,251,Snow fall: Light,0,0,Snowy Conditions
1861,2022-03-26 11:00:00,40.674786,-73.8762,0,0,Driver Inattention/Distraction,4513840,10.1,4.9,6.1,5.8,0.21,8.0,71,21.6,41.0,251,Snow fall: Light,0,0,Snowy Conditions
1862,2022-03-11 21:30:00,40.881466,-73.838234,1,0,Unspecified,4514283,10.7,-1.0,0.0,0.0,0.0,0.0,3,20.5,39.2,178,Overcast,1,1,
1863,2022-03-26 22:35:00,40.74128,-73.90257,1,0,Driver Inattention/Distraction,4514219,10.1,4.9,6.1,5.8,0.21,8.0,71,21.6,41.0,251,Snow fall: Light,1,1,Snowy Conditions
1864,2022-03-26 07:30:00,40.580814,-74.00179,0,0,Unspecified,4513881,10.1,4.9,6.1,5.8,0.21,8.0,71,21.6,41.0,251,Snow fall: Light,0,0,Snowy Conditions
1865,2022-03-26 01:42:00,40.73736,-73.99685,0,0,Unspecified,4513734,10.1,4.9,6.1,5.8,0.21,8.0,71,21.6,41.0,251,Snow fall: Light,0,0,Snowy Conditions
1866,2022-03-25 19:46:00,40.8337,-73.879845,1,0,Turning Improperly,4514199,15.6,5.3,5.7,5.7,0.0,4.0,63,27.6,52.2,274,Rain: Moderate,1,1,
1867,2022-03-16 18:30:00,40.721592,-73.7576,0,0,Driver Inexperience,4514233,16.1,3.2,0.3,0.3,0.0,1.0,51,18.8,36.4,183,Drizzle: Light,0,0,
1868,2022-03-26 12:00:00,40.74677,-73.88952,0,0,Unspecified,4513793,10.1,4.9,6.1,5.8,0.21,8.0,71,21.6,41.0,251,Snow fall: Light,0,0,Snowy Conditions
1869,2022-04-12 19:15:00,40.88604,-73.90985,0,0,Unspecified,4522256,20.4,7.7,1.6,1.6,0.0,3.0,53,17.8,36.0,271,Drizzle: Moderate,0,0,
1870,2023-01-11 08:44:00,40.748367,-73.87693,1,0,Turning Improperly,4597404,3.3,-1.5,0.0,0.0,0.0,0.0,3,13.2,23.4,50,Overcast,1,1,
1871,2022-12-19 10:23:00,40.62987,-73.977005,1,0,Failure to Yield Right-of-Way,4598977,3.4,-2.3,0.0,0.0,0.0,0.0,2,22.6,42.8,287,Partly cloudy,1,1,
1872,2023-01-17 08:23:00,40.592407,-73.96681,0,0,Unspecified,4598445,7.1,-2.3,0.9,0.9,0.0,2.0,53,13.2,24.5,254,Drizzle: Moderate,0,0,
1873,2023-01-17 15:21:00,40.65133,-73.90607,1,0,Driver Inattention/Distraction,4598521,7.1,-2.3,0.9,0.9,0.0,2.0,53,13.2,24.5,254,Drizzle: Moderate,1,1,
1874,2023-01-17 21:05:00,40.84698,-73.91065,1,0,Backing Unsafely,4598669,7.1,-2.3,0.9,0.9,0.0,2.0,53,13.2,24.5,254,Drizzle: Moderate,1,1,
1875,2023-01-17 09:18:00,40.57275,-73.997055,0,0,Driver Inattention/Distraction,4598912,7.1,-2.3,0.9,0.9,0.0,2.0,53,13.2,24.5,254,Drizzle: Moderate,0,0,
1876,2023-01-16 03:20:00,40.677715,-73.93587,4,0,Driver Inattention/Distraction,4599046,8.0,-2.7,0.0,0.0,0.0,0.0,2,23.4,41.4,339,Partly cloudy,4,4,
1877,2023-01-17 20:00:00,40.746334,-73.89633,0,0,Driver Inattention/Distraction,4598579,7.1,-2.3,0.9,0.9,0.0,2.0,53,13.2,24.5,254,Drizzle: Moderate,0,0,
1878,2023-01-17 12:30:00,40.7295,-73.84571,0,0,Unspecified,4598613,7.1,-2.3,0.9,0.9,0.0,2.0,53,13.2,24.5,254,Drizzle: Moderate,0,0,
1879,2023-01-17 10:30:00,40.681484,-73.940636,0,0,Reaction to Uninvolved Vehicle,4598487,7.1,-2.3,0.9,0.9,0.0,2.0,53,13.2,24.5,254,Drizzle: Moderate,0,0,
1880,2022-12-30 04:00:00,40.819748,-73.91427,0,0,Unspecified,4599028,13.1,2.1,0.0,0.0,0.0,0.0,3,13.7,25.9,211,Overcast,0,0,
1881,2023-01-17 12:10:00,40.68021,-73.975845,0,0,Passing Too Closely,4598966,7.1,-2.3,0.9,0.9,0.0,2.0,53,13.2,24.5,254,Drizzle: Moderate,0,0,
1882,2023-01-01 05:30:00,40.710514,-73.95614,0,0,Following Too Closely,4599014,11.4,4.6,2.1,2.1,0.0,3.0,55,17.2,32.8,281,Drizzle: Dense,0,0,
1883,2023-01-16 15:20:00,40.694496,-73.91482,0,0,Passing or Lane Usage Improper,4599155,8.0,-2.7,0.0,0.0,0.0,0.0,2,23.4,41.4,339,Partly cloudy,0,0,