,CRASH DATETIME,LATITUDE,LONGITUDE,NUMBER OF PERSONS INJURED,NUMBER OF PERSONS KILLED,CONTRIBUTING FACTOR VEHICLE 1,COLLISION_ID,temperature_2m_max,temperature_2m_min,precipitation_sum,rain_sum,snowfall_sum,precipitation_hours,weather_code,wind_speed_10m_max,wind_gusts_10m_max,wind_direction_10m_dominant,Weather Description,Severity_Score,Total_Affected_Persons,Weather_Category
1884,2023-01-17 21:22:00,40.73181,-73.866646,0,0,Driver Inattention/Distraction,4598770,7.1,-2.3,0.9,0.9,0.0,2.0,53,13.2,24.5,254,Drizzle: Moderate,0,0,
1885,2022-12-24 10:45:00,40.75043,-73.87781,0,0,Unspecified,4599064,-6.9,-13.7,0.0,0.0,0.0,0.0,3,33.2,65.9,260,Overcast,0,0,
1886,2023-01-17 11:16:00,40.755154,-73.98086,0,0,Backing Unsafely,4598813,7.1,-2.3,0.9,0.9,0.0,2.0,53,13.2,24.5,254,Drizzle: Moderate,0,0,
1887,2023-01-17 14:35:00,40.650467,-73.92443,3,0,Following Too Closely,4598638,7.1,-2.3,0.9,0.9,0.0,2.0,53,13.2,24.5,254,Drizzle: Moderate,3,3,
1888,2023-01-17 19:15:00,40.849407,-73.900894,1,0,,4598905,7.1,-2.3,0.9,0.9,0.0,2.0,53,13.2,24.5,254,Drizzle: Moderate,1,1,
1889,2023-01-17 06:42:00,40.66929,-73.842445,1,0,Turning Improperly,4598587,7.1,-2.3,0.9,0.9,0.0,2.0,53,13.2,24.5,254,Drizzle: Moderate,1,1,
1890,2023-01-12 16:59:00,40.587433,-73.812325,0,0,Following Too Closely,4599036,10.1,-0.6,10.8,10.8,0.0,13.0,63,20.1,36.7,117,Rain: Moderate,0,0,
1891,2023-01-17 20:20:00,40.63165,-74.08762,0,0,Turning Improperly,4598862,7.1,-2.3,0.9,0.9,0.0,2.0,53,13.2,24.5,254,Drizzle: Moderate,0,0,
1892,2023-01-17 15:30:00,40.76165,-73.82715,1,0,Unspecified,4598657,7.1,-2.3,0.9,0.9,0.0,2.0,53,13.2,24.5,254,Drizzle: Moderate,1,1,
1893,2021-08-24 21:24:00,40.828976,-73.87641,0,0,Unspecified,4457196,30.6,21.9,0.0,0.0,0.0,0.0,1,13.9,28.1,291,Mainly clear,0,0,Sunny/Clear Conditions
1894,2021-09-03 23:15:00,40.81194,-73.92556,1,0,Following Too Closely,4455515,21.9,14.0,0.0,0.0,0.0,0.0,3,14.5,30.2,321,Overcast,1,1,
1895,2021-08-29 04:14:00,40.835384,-73.93096,1,0,Unspecified,4457294,24.5,19.7,2.5,2.5,0.0,9.0,53,13.6,25.6,98,Drizzle: Moderate,1,1,
1896,2021-07-23 05:00:00,40.696663,-73.98085,0,0,Reaction to Uninvolved Vehicle,4457258,26.2,17.3,0.0,0.0,0.0,0.0,1,11.3,27.0,340,Mainly clear,0,0,Sunny/Clear Conditions
1897,2021-09-11 22:30:00,40.840603,-73.91152,1,0,Passing Too Closely,4457293,24.7,12.9,0.0,0.0,0.0,0.0,3,16.6,34.2,246,Overcast,1,1,
1898,2021-09-11 09:00:00,40.700768,-73.990944,0,0,Other Vehicular,4457259,24.7,12.9,0.0,0.0,0.0,0.0,3,16.6,34.2,246,Overcast,0,0,
1899,2021-09-12 09:45:00,40.675835,-74.01073,0,0,Unspecified,4457262,28.8,18.3,0.0,0.0,0.0,0.0,3,24.3,46.8,233,Overcast,0,0,
1900,2021-09-10 10:53:00,40.75337,-73.974655,0,0,Unspecified,4457282,22.9,16.0,0.0,0.0,0.0,0.0,3,24.2,47.2,314,Overcast,0,0,
1901,2021-08-11 22:35:00,40.82,-73.95887,0,0,Turning Improperly,4457272,31.2,23.2,2.8,2.8,0.0,7.0,55,23.7,44.6,206,Drizzle: Dense,0,0,
1902,2021-09-11 12:43:00,40.818733,-73.96109,0,0,Unspecified,4457256,24.7,12.9,0.0,0.0,0.0,0.0,3,16.6,34.2,246,Overcast,0,0,
1903,2021-09-12 07:50:00,40.68265,-73.96211,0,0,Unspecified,4457277,28.8,18.3,0.0,0.0,0.0,0.0,3,24.3,46.8,233,Overcast,0,0,
1904,2021-12-08 15:45:00,40.847816,-73.89663,0,0,Passing Too Closely,4484879,4.7,0.9,0.7,0.7,0.0,2.0,51,14.5,24.8,355,Drizzle: Light,0,0,
1905,2021-12-09 07:00:00,40.709316,-73.94354,0,0,Other Vehicular,4485202,3.6,-2.0,0.1,0.0,0.07,1.0,71,19.2,33.8,295,Snow fall: Light,0,0,Snowy Conditions
1906,2021-12-10 13:20:00,40.683804,-73.833534,1,0,Driver Inattention/Distraction,4485854,8.5,1.6,0.0,0.0,0.0,0.0,3,9.8,20.5,183,Overcast,1,1,
1907,2021-12-04 13:44:00,40.74701,-73.977196,0,0,Driver Inattention/Distraction,4485438,8.3,-0.7,0.0,0.0,0.0,0.0,3,13.5,25.9,231,Overcast,0,0,
1908,2021-12-06 18:43:00,40.68366,-73.90788,1,0,Driver Inattention/Distraction,4485310,16.3,7.7,6.3,6.3,0.0,10.0,61,35.1,65.5,201,Rain: Light,1,1,
1909,2021-12-08 06:15:00,40.810997,-73.905846,0,0,Unspecified,4484992,4.7,0.9,0.7,0.7,0.0,2.0,51,14.5,24.8,355,Drizzle: Light,0,0,
1910,2021-12-09 08:37:00,40.81152,-73.89448,0,0,Unspecified,4484914,3.6,-2.0,0.1,0.0,0.07,1.0,71,19.2,33.8,295,Snow fall: Light,0,0,Snowy Conditions
1911,2021-04-17 14:57:00,40.62256,-74.163445,0,0,Unspecified,4409000,11.8,4.9,0.3,0.3,0.0,2.0,51,17.1,32.4,313,Drizzle: Light,0,0,
1912,2021-12-10 23:20:00,40.89687,-73.87645,0,0,Unsafe Speed,4485907,8.5,1.6,0.0,0.0,0.0,0.0,3,9.8,20.5,183,Overcast,0,0,
1913,2023-01-14 01:35:00,40.785038,-73.94104,0,0,Unspecified,4597890,2.8,-0.9,0.0,0.0,0.0,0.0,3,25.6,45.7,351,Overcast,0,0,
1914,2023-01-14 01:00:00,40.70145,-73.83132,0,0,Unspecified,4598117,2.8,-0.9,0.0,0.0,0.0,0.0,3,25.6,45.7,351,Overcast,0,0,
1915,2023-01-14 01:26:00,40.667522,-73.78063,0,0,Unsafe Speed,4598036,2.8,-0.9,0.0,0.0,0.0,0.0,3,25.6,45.7,351,Overcast,0,0,
1916,2022-09-20 19:53:00,40.72949,-73.99333,1,0,Failure to Yield Right-of-Way,4598318,25.7,17.7,0.0,0.0,0.0,0.0,3,19.0,35.3,296,Overcast,1,1,
1917,2023-01-02 00:13:00,40.902397,-73.84668,0,0,Traffic Control Disregarded,4598277,12.4,4.7,0.8,0.8,0.0,4.0,51,9.7,16.2,254,Drizzle: Light,0,0,
1918,2023-01-14 01:30:00,40.66855,-73.90079,2,0,Passenger Distraction,4597583,2.8,-0.9,0.0,0.0,0.0,0.0,3,25.6,45.7,351,Overcast,2,2,
1919,2023-01-14 03:02:00,40.67461,-73.80428,0,0,Failure to Yield Right-of-Way,4597995,2.8,-0.9,0.0,0.0,0.0,0.0,3,25.6,45.7,351,Overcast,0,0,
1920,2023-01-14 04:36:00,40.885563,-73.85162,0,0,Unsafe Speed,4598175,2.8,-0.9,0.0,0.0,0.0,0.0,3,25.6,45.7,351,Overcast,0,0,
1921,2021-04-14 04:03:00,40.665993,-73.8858,0,0,Failure to Yield Right-of-Way,4407738,19.7,5.4,0.0,0.0,0.0,0.0,3,20.8,39.6,227,Overcast,0,0,
1922,2021-04-14 00:15:00,40.74233,-73.83764,1,0,Unsafe Speed,4407088,19.7,5.4,0.0,0.0,0.0,0.0,3,20.8,39.6,227,Overcast,1,1,
1923,2021-09-12 22:20:00,40.637215,-73.96555,0,0,Unspecified,4456457,28.8,18.3,0.0,0.0,0.0,0.0,3,24.3,46.8,233,Overcast,0,0,
1924,2021-09-12 16:08:00,40.83794,-73.94052,0,0,Passing Too Closely,4456362,28.8,18.3,0.0,0.0,0.0,0.0,3,24.3,46.8,233,Overcast,0,0,
1925,2021-09-08 01:19:00,40.868103,-73.89351,0,0,Backing Unsafely,4457107,26.4,19.6,0.7,0.7,0.0,6.0,51,26.7,55.8,187,Drizzle: Light,0,0,
1926,2021-09-07 14:16:00,40.83517,-73.8668,1,0,Driver Inattention/Distraction,4457072,25.9,15.2,0.0,0.0,0.0,0.0,1,12.5,25.6,259,Mainly clear,1,1,Sunny/Clear Conditions
1927,2021-09-12 01:50:00,40.746353,-73.91617,1,0,Driver Inattention/Distraction,4455936,28.8,18.3,0.0,0.0,0.0,0.0,3,24.3,46.8,233,Overcast,1,1,
1928,2021-09-12 18:30:00,40.64401,-73.944954,0,0,Unspecified,4456338,28.8,18.3,0.0,0.0,0.0,0.0,3,24.3,46.8,233,Overcast,0,0,
1929,2021-09-12 18:48:00,40.814575,-73.95539,1,0,Driver Inattention/Distraction,4456722,28.8,18.3,0.0,0.0,0.0,0.0,3,24.3,46.8,233,Overcast,1,1,
1930,2021-09-12 17:00:00,40.683857,-73.806755,0,0,Unspecified,4456393,28.8,18.3,0.0,0.0,0.0,0.0,3,24.3,46.8,233,Overcast,0,0,
1931,2021-09-12 22:52:00,40.580193,-73.944916,0,0,Driver Inattention/Distraction,4456961,28.8,18.3,0.0,0.0,0.0,0.0,3,24.3,46.8,233,Overcast,0,0,
1932,2021-09-11 02:21:00,40.654133,-73.91234,1,0,Driver Inattention/Distraction,4457184,24.7,12.9,0.0,0.0,0.0,0.0,3,16.6,34.2,246,Overcast,1,1,
1933,2021-09-12 00:45:00,40.63413,-73.928505,0,0,Unsafe Speed,4455953,28.8,18.3,0.0,0.0,0.0,0.0,3,24.3,46.8,233,Overcast,0,0,
1934,2021-09-10 07:30:00,40.72066,-73.983284,0,0,Backing Unsafely,4457104,22.9,16.0,0.0,0.0,0.0,0.0,3,24.2,47.2,314,Overcast,0,0,
1935,2021-09-11 22:00:00,40.7242,-73.93765,0,0,Driver Inattention/Distraction,4457166,24.7,12.9,0.0,0.0,0.0,0.0,3,16.6,34.2,246,Overcast,0,0,
1936,2021-09-12 00:10:00,40.867107,-73.92283,1,0,Backing Unsafely,4456846,28.8,18.3,0.0,0.0,0.0,0.0,3,24.3,46.8,233,Overcast,1,1,
1937,2021-09-12 05:18:00,40.669975,-73.91988,1,0,Driver Inattention/Distraction,4455970,28.8,18.3,0.0,0.0,0.0,0.0,3,24.3,46.8,233,Overcast,1,1,
1938,2021-09-12 11:00:00,40.716793,-73.88876,0,0,Unspecified,4456234,28.8,18.3,0.0,0.0,0.0,0.0,3,24.3,46.8,233,Overcast,0,0,
1939,2021-09-12 18:35:00,40.629353,-73.884766,2,0,Unsafe Speed,4456503,28.8,18.3,0.0,0.0,0.0,0.0,3,24.3,46.8,233,Overcast,2,2,
1940,2021-09-12 15:20:00,40.726814,-73.83846,0,0,Passing or Lane Usage Improper,4456728,28.8,18.3,0.0,0.0,0.0,0.0,3,24.3,46.8,233,Overcast,0,0,
1941,2021-09-12 11:26:00,40.63204,-74.154755,0,0,Driver Inattention/Distraction,4456795,28.8,18.3,0.0,0.0,0.0,0.0,3,24.3,46.8,233,Overcast,0,0,
1942,2021-09-12 00:00:00,40.76675,-73.7826,0,0,Unspecified,4456184,28.8,18.3,0.0,0.0,0.0,0.0,3,24.3,46.8,233,Overcast,0,0,
1943,2021-09-12 03:41:00,40.749176,-73.8897,1,0,Driver Inattention/Distraction,4456091,28.8,18.3,0.0,0.0,0.0,0.0,3,24.3,46.8,233,Overcast,1,1,
1944,2021-09-12 19:47:00,40.69756,-73.85275,1,0,Failure to Yield Right-of-Way,4457214,28.8,18.3,0.0,0.0,0.0,0.0,3,24.3,46.8,233,Overcast,1,1,
1945,2021-09-12 07:50:00,40.669876,-73.84741,0,0,Reaction to Uninvolved Vehicle,4456136,28.8,18.3,0.0,0.0,0.0,0.0,3,24.3,46.8,233,Overcast,0,0,
1946,2021-09-12 02:15:00,40.75763,-73.865685,1,0,,4456092,28.8,18.3,0.0,0.0,0.0,0.0,3,24.3,46.8,233,Overcast,1,1,
1947,2021-04-18 14:40:00,40.838333,-73.89678,0,0,Other Vehicular,4408345,15.1,5.3,0.2,0.2,0.0,2.0,51,13.2,28.4,282,Drizzle: Light,0,0,
1948,2021-04-18 00:43:00,40.828407,-73.84392,0,0,Driver Inattention/Distraction,4408470,15.1,5.3,0.2,0.2,0.0,2.0,51,13.2,28.4,282,Drizzle: Light,0,0,
1949,2021-04-15 17:00:00,40.659206,-73.93702,0,0,Unspecified,4409002,12.9,7.7,15.9,15.9,0.0,15.0,63,17.3,32.0,166,Rain: Moderate,0,0,
1950,2021-04-18 21:45:00,40.78055,-73.96169,0,0,Pavement Defective,4408943,15.1,5.3,0.2,0.2,0.0,2.0,51,13.2,28.4,282,Drizzle: Light,0,0,
1951,2021-09-12 01:49:00,40.822308,-73.93859,0,0,Unsafe Speed,4457137,28.8,18.3,0.0,0.0,0.0,0.0,3,24.3,46.8,233,Overcast,0,0,
1952,2021-04-18 00:30:00,40.60657,-73.75575,0,0,Other Vehicular,4408778,15.1,5.3,0.2,0.2,0.0,2.0,51,13.2,28.4,282,Drizzle: Light,0,0,
1953,2021-04-18 09:50:00,40.628,-74.15178,3,0,Driver Inattention/Distraction,4408515,15.1,5.3,0.2,0.2,0.0,2.0,51,13.2,28.4,282,Drizzle: Light,3,3,
1954,2021-04-16 05:20:00,40.85358,-73.932236,0,0,Unspecified,4408889,11.8,3.7,2.9,2.9,0.0,12.0,53,23.5,49.0,307,Drizzle: Moderate,0,0,
1955,2021-04-18 02:20:00,40.827774,-73.945755,0,0,Driver Inattention/Distraction,4408091,15.1,5.3,0.2,0.2,0.0,2.0,51,13.2,28.4,282,Drizzle: Light,0,0,
1956,2021-04-18 00:16:00,40.802753,-73.93358,2,0,Driver Inattention/Distraction,4408540,15.1,5.3,0.2,0.2,0.0,2.0,51,13.2,28.4,282,Drizzle: Light,2,2,
1957,2021-04-18 19:00:00,40.67931,-73.9785,1,0,View Obstructed/Limited,4409065,15.1,5.3,0.2,0.2,0.0,2.0,51,13.2,28.4,282,Drizzle: Light,1,1,
1958,2021-04-15 00:00:00,40.675632,-73.89878,1,0,Unspecified,4408834,12.9,7.7,15.9,15.9,0.0,15.0,63,17.3,32.0,166,Rain: Moderate,1,1,
1959,2021-04-18 01:30:00,40.85885,-73.885956,0,0,Driver Inattention/Distraction,4408142,15.1,5.3,0.2,0.2,0.0,2.0,51,13.2,28.4,282,Drizzle: Light,0,0,
1960,2021-04-18 21:09:00,40.74891,-73.814095,1,0,Passing or Lane Usage Improper,4408316,15.1,5.3,0.2,0.2,0.0,2.0,51,13.2,28.4,282,Drizzle: Light,1,1,
1961,2021-04-18 18:30:00,40.84931,-73.93002,0,0,Driver Inattention/Distraction,4408626,15.1,5.3,0.2,0.2,0.0,2.0,51,13.2,28.4,282,Drizzle: Light,0,0,
1962,2021-04-18 23:00:00,40.692783,-73.91181,0,0,Traffic Control Disregarded,4408683,15.1,5.3,0.2,0.2,0.0,2.0,51,13.2,28.4,282,Drizzle: Light,0,0,
1963,2021-03-30 09:00:00,40.62505,-74.01913,0,0,Unsafe Lane Changing,4408785,12.8,0.5,0.0,0.0,0.0,0.0,3,27.4,51.8,164,Overcast,0,0,
1964,2021-04-18 06:30:00,40.678596,-73.882416,0,0,Driver Inattention/Distraction,4408806,15.1,5.3,0.2,0.2,0.0,2.0,51,13.2,28.4,282,Drizzle: Light,0,0,
1965,2021-04-18 00:10:00,40.612488,-73.89707,0,0,Unsafe Speed,4408272,15.1,5.3,0.2,0.2,0.0,2.0,51,13.2,28.4,282,Drizzle: Light,0,0,
1966,2021-04-18 05:08:00,40.694687,-73.95521,0,0,Driver Inattention/Distraction,4408220,15.1,5.3,0.2,0.2,0.0,2.0,51,13.2,28.4,282,Drizzle: Light,0,0,
1967,2021-04-18 00:56:00,40.705738,-73.912636,1,0,Alcohol Involvement,4408253,15.1,5.3,0.2,0.2,0.0,2.0,51,13.2,28.4,282,Drizzle: Light,1,1,
1968,2021-04-18 12:00:00,40.62702,-73.98795,0,0,Unspecified,4408236,15.1,5.3,0.2,0.2,0.0,2.0,51,13.2,28.4,282,Drizzle: Light,0,0,
1969,2021-04-18 14:45:00,40.876503,-73.904564,1,0,Driver Inexperience,4409021,15.1,5.3,0.2,0.2,0.0,2.0,51,13.2,28.4,282,Drizzle: Light,1,1,
1970,2021-04-18 18:46:00,40.831974,-73.9235,2,0,Traffic Control Disregarded,4408299,15.1,5.3,0.2,0.2,0.0,2.0,51,13.2,28.4,282,Drizzle: Light,2,2,
1971,2021-04-18 00:00:00,40.66496,-73.82226,2,0,Reaction to Uninvolved Vehicle,4408168,15.1,5.3,0.2,0.2,0.0,2.0,51,13.2,28.4,282,Drizzle: Light,2,2,
1972,2021-04-18 04:25:00,40.65317,-73.866875,0,0,Driver Inattention/Distraction,4408805,15.1,5.3,0.2,0.2,0.0,2.0,51,13.2,28.4,282,Drizzle: Light,0,0,
1973,2021-04-18 22:06:00,40.82201,-73.85827,2,0,Driver Inattention/Distraction,4408491,15.1,5.3,0.2,0.2,0.0,2.0,51,13.2,28.4,282,Drizzle: Light,2,2,
1974,2021-04-18 16:17:00,40.806973,-73.937645,0,0,Driver Inattention/Distraction,4408555,15.1,5.3,0.2,0.2,0.0,2.0,51,13.2,28.4,282,Drizzle: Light,0,0,
1975,2021-04-18 18:50:00,40.67492,-73.87528,0,0,Other Vehicular,4408821,15.1,5.3,0.2,0.2,0.0,2.0,51,13.2,28.4,282,Drizzle: Light,0,0,
1976,2021-04-18 19:30:00,40.820095,-73.955086,6,0,Failure to Yield Right-of-Way,4408696,15.1,5.3,0.2,0.2,0.0,2.0,51,13.2,28.4,282,Drizzle: Light,6,6,
1977,2021-04-12 19:05:00,40.67567,-73.89785,0,0,Driver Inattention/Distraction,4408814,8.7,6.7,13.6,13.6,0.0,21.0,61,23.4,42.1,51,Rain: Light,0,0,
1978,2021-04-18 07:22:00,40.844833,-73.909386,0,0,Driver Inattention/Distraction,4408196,15.1,5.3,0.2,0.2,0.0,2.0,51,13.2,28.4,282,Drizzle: Light,0,0,
1979,2021-04-18 12:25:00,40.746178,-73.77095,1,0,Lost Consciousness,4408285,15.1,5.3,0.2,0.2,0.0,2.0,51,13.2,28.4,282,Drizzle: Light,1,1,
1980,2021-04-18 20:27:00,40.707306,-73.75122,0,0,Turning Improperly,4408422,15.1,5.3,0.2,0.2,0.0,2.0,51,13.2,28.4,282,Drizzle: Light,0,0,
1981,2021-04-18 21:34:00,40.69119,-73.9978,4,0,Failure to Yield Right-of-Way,4408676,15.1,5.3,0.2,0.2,0.0,2.0,51,13.2,28.4,282,Drizzle: Light,4,4,
1982,2021-04-13 14:08:00,40.84506,-73.916855,1,0,Unsafe Lane Changing,4408927,18.3,5.8,4.5,4.5,0.0,5.0,61,14.5,28.1,17,Rain: Light,1,1,
1983,2021-04-18 13:52:00,40.81986,-73.891304,0,0,Unspecified,4408323,15.1,5.3,0.2,0.2,0.0,2.0,51,13.2,28.4,282,Drizzle: Light,0,0,
1984,2021-04-18 01:30:00,40.820198,-73.921486,0,0,Driver Inexperience,4409043,15.1,5.3,0.2,0.2,0.0,2.0,51,13.2,28.4,282,Drizzle: Light,0,0,
1985,2021-04-18 15:10:00,40.667313,-73.73926,2,0,Unspecified,4408240,15.1,5.3,0.2,0.2,0.0,2.0,51,13.2,28.4,282,Drizzle: Light,2,2,
1986,2021-04-15 09:15:00,40.750626,-73.87595,0,0,Other Vehicular,4408888,12.9,7.7,15.9,15.9,0.0,15.0,63,17.3,32.0,166,Rain: Moderate,0,0,
1987,2021-04-17 16:09:00,40.651676,-73.869225,0,0,Passing or Lane Usage Improper,4408798,11.8,4.9,0.3,0.3,0.0,2.0,51,17.1,32.4,313,Drizzle: Light,0,0,
1988,2021-04-18 12:40:00,40.8239,-73.876526,1,0,Fell Asleep,4408482,15.1,5.3,0.2,0.2,0.0,2.0,51,13.2,28.4,282,Drizzle: Light,1,1,
1989,2021-04-18 15:52:00,40.8651,-73.92189,0,0,Unsafe Speed,4408541,15.1,5.3,0.2,0.2,0.0,2.0,51,13.2,28.4,282,Drizzle: Light,0,0,
1990,2021-04-18 00:05:00,40.700687,-73.766815,0,0,Driver Inattention/Distraction,4408390,15.1,5.3,0.2,0.2,0.0,2.0,51,13.2,28.4,282,Drizzle: Light,0,0,
1991,2021-04-18 18:45:00,40.715958,-73.81275,0,0,Driver Inattention/Distraction,4408642,15.1,5.3,0.2,0.2,0.0,2.0,51,13.2,28.4,282,Drizzle: Light,0,0,
1992,2021-04-18 12:30:00,40.616753,-74.011116,0,0,Unspecified,4408334,15.1,5.3,0.2,0.2,0.0,2.0,51,13.2,28.4,282,Drizzle: Light,0,0,
1993,2021-04-07 09:30:00,40.675655,-73.96313,0,0,Unspecified,4408899,19.7,6.7,0.5,0.5,0.0,2.0,51,15.5,34.6,14,Drizzle: Light,0,0,
1994,2021-04-18 21:00:00,40.67752,-73.972725,2,0,Passing or Lane Usage Improper,4408407,15.1,5.3,0.2,0.2,0.0,2.0,51,13.2,28.4,282,Drizzle: Light,2,2,
1995,2021-04-17 14:30:00,40.66336,-73.95975,1,0,Driver Inattention/Distraction,4409007,11.8,4.9,0.3,0.3,0.0,2.0,51,17.1,32.4,313,Drizzle: Light,1,1,
1996,2021-09-12 05:12:00,40.6481,-73.91474,0,0,Unspecified,4456209,28.8,18.3,0.0,0.0,0.0,0.0,3,24.3,46.8,233,Overcast,0,0,
1997,2021-04-18 01:12:00,40.85429,-73.90027,1,0,Oversized Vehicle,4408585,15.1,5.3,0.2,0.2,0.0,2.0,51,13.2,28.4,282,Drizzle: Light,1,1,
1998,2021-04-18 11:00:00,40.8166,-73.942764,0,0,Unspecified,4408521,15.1,5.3,0.2,0.2,0.0,2.0,51,13.2,28.4,282,Drizzle: Light,0,0,
1999,2021-04-18 01:07:00,40.63932,-74.02356,2,0,Unspecified,4408015,15.1,5.3,0.2,0.2,0.0,2.0,51,13.2,28.4,282,Drizzle: Light,2,2,
2000,2021-04-17 17:00:00,40.734688,-73.99998,0,0,Aggressive Driving/Road Rage,4409059,11.8,4.9,0.3,0.3,0.0,2.0,51,17.1,32.4,313,Drizzle: Light,0,0,
2001,2021-04-18 12:30:00,40.819195,-73.912506,0,0,Driver Inattention/Distraction,4408371,15.1,5.3,0.2,0.2,0.0,2.0,51,13.2,28.4,282,Drizzle: Light,0,0,
2002,2021-04-18 08:59:00,40.857014,-73.84307,2,0,Alcohol Involvement,4408852,15.1,5.3,0.2,0.2,0.0,2.0,51,13.2,28.4,282,Drizzle: Light,2,2,
2003,2021-04-16 15:55:00,40.867928,-73.869255,1,0,Driver Inattention/Distraction,4408937,11.8,3.7,2.9,2.9,0.0,12.0,53,23.5,49.0,307,Drizzle: Moderate,1,1,
2004,2021-04-18 01:00:00,40.827206,-73.94246,0,0,Unspecified,4408092,15.1,5.3,0.2,0.2,0.0,2.0,51,13.2,28.4,282,Drizzle: Light,0,0,
2005,2021-09-12 01:20:00,40.632145,-73.952736,2,0,Following Too Closely,4455987,28.8,18.3,0.0,0.0,0.0,0.0,3,24.3,46.8,233,Overcast,2,2,
2006,2021-04-18 20:40:00,40.783245,-73.94473,0,0,Driver Inattention/Distraction,4408530,15.1,5.3,0.2,0.2,0.0,2.0,51,13.2,28.4,282,Drizzle: Light,0,0,
2007,2021-04-18 16:32:00,40.669823,-73.78883,0,0,Unspecified,4408394,15.1,5.3,0.2,0.2,0.0,2.0,51,13.2,28.4,282,Drizzle: Light,0,0,
2008,2021-04-17 06:16:00,40.67148,-73.898674,0,0,Unspecified,4408833,11.8,4.9,0.3,0.3,0.0,2.0,51,17.1,32.4,313,Drizzle: Light,0,0,
2009,2021-03-11 14:13:00,40.723347,-73.939316,0,0,Backing Unsafely,4408896,19.6,2.5,0.0,0.0,0.0,0.0,3,18.0,36.7,200,Overcast,0,0,
2010,2021-04-18 22:00:00,40.693817,-73.82212,0,0,Traffic Control Disregarded,4408471,15.1,5.3,0.2,0.2,0.0,2.0,51,13.2,28.4,282,Drizzle: Light,0,0,
2011,2021-04-17 03:10:00,40.80616,-73.927986,0,0,Unspecified,4409042,11.8,4.9,0.3,0.3,0.0,2.0,51,17.1,32.4,313,Drizzle: Light,0,0,
2012,2021-04-18 15:15:00,40.666573,-73.78632,0,0,Driver Inattention/Distraction,4408239,15.1,5.3,0.2,0.2,0.0,2.0,51,13.2,28.4,282,Drizzle: Light,0,0,
2013,2021-04-18 00:40:00,40.706497,-73.89695,0,0,Driver Inattention/Distraction,4408254,15.1,5.3,0.2,0.2,0.0,2.0,51,13.2,28.4,282,Drizzle: Light,0,0,
2014,2021-04-18 04:33:00,40.861862,-73.91282,1,0,Driver Inattention/Distraction,4408348,15.1,5.3,0.2,0.2,0.0,2.0,51,13.2,28.4,282,Drizzle: Light,1,1,
2015,2021-04-16 15:19:00,40.67534,-73.89675,0,0,Unspecified,4408817,11.8,3.7,2.9,2.9,0.0,12.0,53,23.5,49.0,307,Drizzle: Moderate,0,0,
2016,2021-09-12 02:58:00,40.632664,-74.15353,0,0,Driver Inattention/Distraction,4456794,28.8,18.3,0.0,0.0,0.0,0.0,3,24.3,46.8,233,Overcast,0,0,
2017,2021-04-18 21:00:00,40.57279,-73.99597,0,0,Driver Inattention/Distraction,4408726,15.1,5.3,0.2,0.2,0.0,2.0,51,13.2,28.4,282,Drizzle: Light,0,0,
2018,2021-04-18 15:25:00,40.66561,-73.73568,1,0,Driver Inattention/Distraction,4408245,15.1,5.3,0.2,0.2,0.0,2.0,51,13.2,28.4,282,Drizzle: Light,1,1,
2019,2021-04-18 00:55:00,40.7243,-73.84517,1,0,Driver Inattention/Distraction,4408330,15.1,5.3,0.2,0.2,0.0,2.0,51,13.2,28.4,282,Drizzle: Light,1,1,
2020,2021-09-12 18:35:00,40.673107,-73.99959,1,0,Unspecified,4456383,28.8,18.3,0.0,0.0,0.0,0.0,3,24.3,46.8,233,Overcast,1,1,
2021,2021-03-28 14:21:00,40.8382,-73.92371,2,0,Other Vehicular,4408928,18.8,7.6,18.6,18.6,0.0,15.0,63,30.0,70.9,180,Rain: Moderate,2,2,
2022,2021-04-18 13:47:00,40.663902,-73.93993,0,0,Following Too Closely,4409006,15.1,5.3,0.2,0.2,0.0,2.0,51,13.2,28.4,282,Drizzle: Light,0,0,
2023,2021-04-18 23:14:00,40.662807,-73.89646,0,0,Unsafe Speed,4408822,15.1,5.3,0.2,0.2,0.0,2.0,51,13.2,28.4,282,Drizzle: Light,0,0,
2024,2021-04-18 18:20:00,40.60988,-73.95461,0,0,Unspecified,4408341,15.1,5.3,0.2,0.2,0.0,2.0,51,13.2,28.4,282,Drizzle: Light,0,0,
2025,2021-04-18 14:06:00,40.761093,-73.98327,0,0,Passing Too Closely,4408437,15.1,5.3,0.2,0.2,0.0,2.0,51,13.2,28.4,282,Drizzle: Light,0,0,
2026,2021-04-18 04:15:00,40.643856,-73.95175,0,0,Unspecified,4408911,15.1,5.3,0.2,0.2,0.0,2.0,51,13.2,28.4,282,Drizzle: Light,0,0,
2027,2021-04-18 23:56:00,40.770527,-73.98012,0,1,Unspecified,4408695,15.1,5.3,0.2,0.2,0.0,2.0,51,13.2,28.4,282,Drizzle: Light,20,1,
2028,2021-04-18 02:40:00,40.643005,-73.95263,3,0,Unspecified,4408137,15.1,5.3,0.2,0.2,0.0,2.0,51,13.2,28.4,282,Drizzle: Light,3,3,
2029,2021-04-18 23:30:00,40.674118,-73.89839,0,0,Unsafe Speed,4408809,15.1,5.3,0.2,0.2,0.0,2.0,51,13.2,28.4,282,Drizzle: Light,0,0,
2030,2021-04-18 03:05:00,40.61501,-73.99102,0,0,Driver Inattention/Distraction,4408301,15.1,5.3,0.2,0.2,0.0,2.0,51,13.2,28.4,282,Drizzle: Light,0,0,
2031,2021-04-18 20:00:00,40.839268,-73.903824,0,0,Unspecified,4408766,15.1,5.3,0.2,0.2,0.0,2.0,51,13.2,28.4,282,Drizzle: Light,0,0,
2032,2021-04-18 12:45:00,40.758427,-73.75626,0,0,Driver Inattention/Distraction,4408622,15.1,5.3,0.2,0.2,0.0,2.0,51,13.2,28.4,282,Drizzle: Light,0,0,