,CRASH DATETIME,LATITUDE,LONGITUDE,NUMBER OF PERSONS INJURED,NUMBER OF PERSONS KILLED,CONTRIBUTING FACTOR VEHICLE 1,COLLISION_ID,temperature_2m_max,temperature_2m_min,precipitation_sum,rain_sum,snowfall_sum,precipitation_hours,weather_code,wind_speed_10m_max,wind_gusts_10m_max,wind_direction_10m_dominant,Weather Description,Severity_Score,Total_Affected_Persons,Weather_Category
2033,2021-04-15 20:43:00,40.675095,-73.97504,0,0,Following Too Closely,4408922,12.9,7.7,15.9,15.9,0.0,15.0,63,17.3,32.0,166,Rain: Moderate,0,0,
2034,2021-04-18 11:40:00,40.653313,-73.74646,1,0,Driver Inattention/Distraction,4408377,15.1,5.3,0.2,0.2,0.0,2.0,51,13.2,28.4,282,Drizzle: Light,1,1,
2035,2021-04-17 00:01:00,40.675297,-73.87268,0,0,Passing Too Closely,4408818,11.8,4.9,0.3,0.3,0.0,2.0,51,17.1,32.4,313,Drizzle: Light,0,0,
2036,2021-04-18 12:10:00,40.744778,-73.97589,1,0,Driver Inattention/Distraction,4408875,15.1,5.3,0.2,0.2,0.0,2.0,51,13.2,28.4,282,Drizzle: Light,1,1,
2037,2021-04-18 23:24:00,40.69454,-73.74047,1,0,Outside Car Distraction,4408431,15.1,5.3,0.2,0.2,0.0,2.0,51,13.2,28.4,282,Drizzle: Light,1,1,
2038,2021-04-18 09:00:00,40.713444,-73.99854,0,0,Failure to Yield Right-of-Way,4408784,15.1,5.3,0.2,0.2,0.0,2.0,51,13.2,28.4,282,Drizzle: Light,0,0,
2039,2021-04-18 09:20:00,40.668766,-73.908134,0,0,Unspecified,4408161,15.1,5.3,0.2,0.2,0.0,2.0,51,13.2,28.4,282,Drizzle: Light,0,0,
2040,2021-04-18 16:30:00,40.64098,-73.9731,0,0,Unspecified,4408574,15.1,5.3,0.2,0.2,0.0,2.0,51,13.2,28.4,282,Drizzle: Light,0,0,
2041,2021-04-18 18:35:00,40.62752,-74.04113,5,0,Driver Inexperience,4408270,15.1,5.3,0.2,0.2,0.0,2.0,51,13.2,28.4,282,Drizzle: Light,5,5,
2042,2021-04-18 04:20:00,40.855785,-73.90558,1,0,Unsafe Lane Changing,4408586,15.1,5.3,0.2,0.2,0.0,2.0,51,13.2,28.4,282,Drizzle: Light,1,1,
2043,2021-04-18 14:20:00,40.8086,-73.909775,0,0,Driver Inattention/Distraction,4408366,15.1,5.3,0.2,0.2,0.0,2.0,51,13.2,28.4,282,Drizzle: Light,0,0,
2044,2021-04-18 21:55:00,40.647617,-73.971214,0,0,Unspecified,4408573,15.1,5.3,0.2,0.2,0.0,2.0,51,13.2,28.4,282,Drizzle: Light,0,0,
2045,2021-03-22 12:53:00,40.880478,-73.88594,0,0,Driver Inattention/Distraction,4408964,13.5,-1.5,0.0,0.0,0.0,0.0,0,14.1,29.9,126,Clear sky,0,0,Sunny/Clear Conditions
2046,2021-04-18 12:40:00,40.82677,-73.856155,0,0,Driver Inattention/Distraction,4408481,15.1,5.3,0.2,0.2,0.0,2.0,51,13.2,28.4,282,Drizzle: Light,0,0,
2047,2021-04-18 15:35:00,40.661743,-73.94784,1,0,Following Too Closely,4408994,15.1,5.3,0.2,0.2,0.0,2.0,51,13.2,28.4,282,Drizzle: Light,1,1,
2048,2021-04-15 11:45:00,40.820305,-73.89083,2,0,Traffic Control Disregarded,4409061,12.9,7.7,15.9,15.9,0.0,15.0,63,17.3,32.0,166,Rain: Moderate,2,2,
2049,2021-04-18 23:55:00,40.603832,-74.06895,0,0,Unspecified,4408848,15.1,5.3,0.2,0.2,0.0,2.0,51,13.2,28.4,282,Drizzle: Light,0,0,
2050,2021-04-18 20:52:00,40.69612,-73.74619,1,0,Driver Inattention/Distraction,4408746,15.1,5.3,0.2,0.2,0.0,2.0,51,13.2,28.4,282,Drizzle: Light,1,1,
2051,2021-04-18 17:38:00,40.674206,-73.72755,0,0,Turning Improperly,4408244,15.1,5.3,0.2,0.2,0.0,2.0,51,13.2,28.4,282,Drizzle: Light,0,0,
2052,2021-04-18 14:30:00,40.681118,-73.90868,0,0,Driver Inattention/Distraction,4408246,15.1,5.3,0.2,0.2,0.0,2.0,51,13.2,28.4,282,Drizzle: Light,0,0,
2053,2021-04-18 14:00:00,40.87023,-73.90061,0,0,Unspecified,4408660,15.1,5.3,0.2,0.2,0.0,2.0,51,13.2,28.4,282,Drizzle: Light,0,0,
2054,2021-04-17 11:35:00,40.732254,-73.99636,1,0,Passing or Lane Usage Improper,4409058,11.8,4.9,0.3,0.3,0.0,2.0,51,17.1,32.4,313,Drizzle: Light,1,1,
2055,2021-04-18 18:03:00,40.721485,-73.86658,1,0,Driver Inattention/Distraction,4408284,15.1,5.3,0.2,0.2,0.0,2.0,51,13.2,28.4,282,Drizzle: Light,1,1,
2056,2021-04-18 13:30:00,40.643986,-73.887085,1,0,Failure to Yield Right-of-Way,4408711,15.1,5.3,0.2,0.2,0.0,2.0,51,13.2,28.4,282,Drizzle: Light,1,1,
2057,2021-04-18 22:34:00,40.83101,-73.88672,1,0,Turning Improperly,4408338,15.1,5.3,0.2,0.2,0.0,2.0,51,13.2,28.4,282,Drizzle: Light,1,1,
2058,2021-04-16 08:00:00,40.67986,-73.86926,0,0,Unspecified,4408801,11.8,3.7,2.9,2.9,0.0,12.0,53,23.5,49.0,307,Drizzle: Moderate,0,0,
2059,2021-04-18 01:15:00,40.848118,-73.93089,0,0,Driver Inattention/Distraction,4408180,15.1,5.3,0.2,0.2,0.0,2.0,51,13.2,28.4,282,Drizzle: Light,0,0,
2060,2021-04-18 12:10:00,40.88699,-73.90146,1,0,Turning Improperly,4408663,15.1,5.3,0.2,0.2,0.0,2.0,51,13.2,28.4,282,Drizzle: Light,1,1,
2061,2021-04-18 19:38:00,40.6934,-73.75602,0,0,Backing Unsafely,4408792,15.1,5.3,0.2,0.2,0.0,2.0,51,13.2,28.4,282,Drizzle: Light,0,0,
2062,2021-04-16 10:53:00,40.664894,-73.881325,0,0,Driver Inattention/Distraction,4408816,11.8,3.7,2.9,2.9,0.0,12.0,53,23.5,49.0,307,Drizzle: Moderate,0,0,
2063,2021-04-18 06:51:00,40.74656,-73.89413,0,0,Driver Inattention/Distraction,4408218,15.1,5.3,0.2,0.2,0.0,2.0,51,13.2,28.4,282,Drizzle: Light,0,0,
2064,2021-09-12 20:55:00,40.737682,-73.85206,0,0,Driver Inattention/Distraction,4456417,28.8,18.3,0.0,0.0,0.0,0.0,3,24.3,46.8,233,Overcast,0,0,
2065,2021-04-18 20:15:00,40.74668,-73.90072,0,0,Driver Inattention/Distraction,4408327,15.1,5.3,0.2,0.2,0.0,2.0,51,13.2,28.4,282,Drizzle: Light,0,0,
2066,2021-04-18 14:40:00,40.61897,-73.92668,0,0,Unspecified,4408534,15.1,5.3,0.2,0.2,0.0,2.0,51,13.2,28.4,282,Drizzle: Light,0,0,
2067,2021-04-18 11:50:00,40.609505,-74.181885,0,0,Driver Inattention/Distraction,4408847,15.1,5.3,0.2,0.2,0.0,2.0,51,13.2,28.4,282,Drizzle: Light,0,0,
2068,2021-04-07 08:59:00,40.791084,-73.953445,0,0,Unsafe Lane Changing,4409033,19.7,6.7,0.5,0.5,0.0,2.0,51,15.5,34.6,14,Drizzle: Light,0,0,
2069,2021-04-18 14:55:00,40.59487,-73.95056,4,0,Failure to Yield Right-of-Way,4408238,15.1,5.3,0.2,0.2,0.0,2.0,51,13.2,28.4,282,Drizzle: Light,4,4,
2070,2021-04-18 22:38:00,40.864334,-73.89322,2,0,Driver Inattention/Distraction,4408349,15.1,5.3,0.2,0.2,0.0,2.0,51,13.2,28.4,282,Drizzle: Light,2,2,
2071,2021-04-18 05:00:00,40.858986,-73.89382,0,0,Driver Inattention/Distraction,4408146,15.1,5.3,0.2,0.2,0.0,2.0,51,13.2,28.4,282,Drizzle: Light,0,0,
2072,2021-04-18 11:12:00,40.75591,-73.99448,0,0,Passing or Lane Usage Improper,4408303,15.1,5.3,0.2,0.2,0.0,2.0,51,13.2,28.4,282,Drizzle: Light,0,0,
2073,2021-04-18 21:15:00,40.75184,-73.94806,0,0,Turning Improperly,4408629,15.1,5.3,0.2,0.2,0.0,2.0,51,13.2,28.4,282,Drizzle: Light,0,0,
2074,2021-04-12 08:35:00,40.600426,-73.984955,0,0,Reaction to Uninvolved Vehicle,4408957,8.7,6.7,13.6,13.6,0.0,21.0,61,23.4,42.1,51,Rain: Light,0,0,
2075,2021-04-17 12:06:00,40.675457,-73.889465,1,0,Other Vehicular,4408802,11.8,4.9,0.3,0.3,0.0,2.0,51,17.1,32.4,313,Drizzle: Light,1,1,
2076,2021-04-18 18:40:00,40.696186,-73.751976,0,0,Driver Inexperience,4408395,15.1,5.3,0.2,0.2,0.0,2.0,51,13.2,28.4,282,Drizzle: Light,0,0,
2077,2021-09-12 20:08:00,40.74046,-73.93727,2,0,Driver Inattention/Distraction,4456834,28.8,18.3,0.0,0.0,0.0,0.0,3,24.3,46.8,233,Overcast,2,2,
2078,2021-04-18 14:30:00,40.62341,-74.16354,0,0,Driver Inattention/Distraction,4408512,15.1,5.3,0.2,0.2,0.0,2.0,51,13.2,28.4,282,Drizzle: Light,0,0,
2079,2021-04-15 20:45:00,40.668667,-73.868324,1,0,Unspecified,4408893,12.9,7.7,15.9,15.9,0.0,15.0,63,17.3,32.0,166,Rain: Moderate,1,1,
2080,2021-04-18 13:15:00,40.77077,-73.91727,1,0,Unspecified,4408383,15.1,5.3,0.2,0.2,0.0,2.0,51,13.2,28.4,282,Drizzle: Light,1,1,
2081,2021-04-06 06:05:00,40.843204,-73.91196,0,0,Driver Inexperience,4408929,18.3,4.8,0.0,0.0,0.0,0.0,1,21.9,38.9,319,Mainly clear,0,0,Sunny/Clear Conditions
2082,2021-04-18 02:15:00,40.878834,-73.87324,0,0,Unspecified,4408373,15.1,5.3,0.2,0.2,0.0,2.0,51,13.2,28.4,282,Drizzle: Light,0,0,
2083,2021-04-18 08:16:00,40.72948,-73.9721,0,0,Unsafe Speed,4408108,15.1,5.3,0.2,0.2,0.0,2.0,51,13.2,28.4,282,Drizzle: Light,0,0,
2084,2021-04-15 20:40:00,40.660072,-73.93974,1,0,Driver Inattention/Distraction,4408998,12.9,7.7,15.9,15.9,0.0,15.0,63,17.3,32.0,166,Rain: Moderate,1,1,
2085,2021-04-18 09:30:00,40.720154,-73.87531,2,0,Failure to Yield Right-of-Way,4408256,15.1,5.3,0.2,0.2,0.0,2.0,51,13.2,28.4,282,Drizzle: Light,2,2,
2086,2021-04-18 15:30:00,40.76948,-73.98831,0,0,Unspecified,4408440,15.1,5.3,0.2,0.2,0.0,2.0,51,13.2,28.4,282,Drizzle: Light,0,0,
2087,2021-04-15 21:35:00,40.831333,-73.92167,0,0,Backing Unsafely,4409070,12.9,7.7,15.9,15.9,0.0,15.0,63,17.3,32.0,166,Rain: Moderate,0,0,
2088,2021-04-18 01:47:00,40.880768,-73.84954,0,0,Unspecified,4408858,15.1,5.3,0.2,0.2,0.0,2.0,51,13.2,28.4,282,Drizzle: Light,0,0,
2089,2021-04-18 00:08:00,40.82628,-73.843414,3,0,Unsafe Speed,4408476,15.1,5.3,0.2,0.2,0.0,2.0,51,13.2,28.4,282,Drizzle: Light,3,3,
2090,2021-04-18 00:00:00,40.60275,-73.96392,1,0,Unspecified,4408617,15.1,5.3,0.2,0.2,0.0,2.0,51,13.2,28.4,282,Drizzle: Light,1,1,
2091,2021-04-18 17:10:00,40.67079,-73.903275,5,0,Driver Inattention/Distraction,4408877,15.1,5.3,0.2,0.2,0.0,2.0,51,13.2,28.4,282,Drizzle: Light,5,5,
2092,2021-04-18 13:50:00,40.700325,-73.78904,0,0,Unspecified,4408417,15.1,5.3,0.2,0.2,0.0,2.0,51,13.2,28.4,282,Drizzle: Light,0,0,
2093,2021-04-16 12:30:00,40.679615,-73.9737,0,0,Unspecified,4408986,11.8,3.7,2.9,2.9,0.0,12.0,53,23.5,49.0,307,Drizzle: Moderate,0,0,
2094,2021-04-17 03:10:00,40.66339,-73.95092,0,0,Driver Inattention/Distraction,4409005,11.8,4.9,0.3,0.3,0.0,2.0,51,17.1,32.4,313,Drizzle: Light,0,0,
2095,2021-04-18 18:49:00,40.71126,-73.899864,0,1,Driver Inattention/Distraction,4408694,15.1,5.3,0.2,0.2,0.0,2.0,51,13.2,28.4,282,Drizzle: Light,20,1,
2096,2021-04-18 17:55:00,40.590195,-73.97435,1,0,Unspecified,4408342,15.1,5.3,0.2,0.2,0.0,2.0,51,13.2,28.4,282,Drizzle: Light,1,1,
2097,2021-09-12 06:00:00,40.640236,-73.90598,0,0,Unspecified,4456048,28.8,18.3,0.0,0.0,0.0,0.0,3,24.3,46.8,233,Overcast,0,0,
2098,2021-04-18 23:35:00,40.677395,-73.89897,0,0,Driver Inattention/Distraction,4408823,15.1,5.3,0.2,0.2,0.0,2.0,51,13.2,28.4,282,Drizzle: Light,0,0,
2099,2021-04-18 14:04:00,40.8252,-73.867714,0,0,Driver Inattention/Distraction,4408487,15.1,5.3,0.2,0.2,0.0,2.0,51,13.2,28.4,282,Drizzle: Light,0,0,
2100,2021-04-18 14:10:00,40.618443,-73.969406,1,0,,4408576,15.1,5.3,0.2,0.2,0.0,2.0,51,13.2,28.4,282,Drizzle: Light,1,1,
2101,2021-04-14 12:40:00,40.790623,-73.942444,1,0,Aggressive Driving/Road Rage,4408905,19.7,5.4,0.0,0.0,0.0,0.0,3,20.8,39.6,227,Overcast,1,1,
2102,2021-04-18 00:20:00,40.849167,-73.92393,2,0,Other Vehicular,4408587,15.1,5.3,0.2,0.2,0.0,2.0,51,13.2,28.4,282,Drizzle: Light,2,2,
2103,2021-04-18 19:30:00,40.68008,-73.971405,0,0,Driver Inattention/Distraction,4408923,15.1,5.3,0.2,0.2,0.0,2.0,51,13.2,28.4,282,Drizzle: Light,0,0,
2104,2021-04-18 00:48:00,40.644863,-73.91113,1,0,Unspecified,4408029,15.1,5.3,0.2,0.2,0.0,2.0,51,13.2,28.4,282,Drizzle: Light,1,1,
2105,2021-04-18 16:30:00,40.734577,-74.010025,0,0,Backing Unsafely,4409063,15.1,5.3,0.2,0.2,0.0,2.0,51,13.2,28.4,282,Drizzle: Light,0,0,
2106,2021-04-17 22:20:00,40.64433,-73.919914,0,0,Driver Inattention/Distraction,4408987,11.8,4.9,0.3,0.3,0.0,2.0,51,17.1,32.4,313,Drizzle: Light,0,0,
2107,2021-04-18 14:00:00,40.779488,-73.920135,0,0,Reaction to Uninvolved Vehicle,4408382,15.1,5.3,0.2,0.2,0.0,2.0,51,13.2,28.4,282,Drizzle: Light,0,0,
2108,2021-04-18 17:19:00,40.584454,-73.812965,0,0,Driver Inattention/Distraction,4408247,15.1,5.3,0.2,0.2,0.0,2.0,51,13.2,28.4,282,Drizzle: Light,0,0,
2109,2021-04-18 18:02:00,40.65777,-73.93962,2,0,Driver Inattention/Distraction,4409009,15.1,5.3,0.2,0.2,0.0,2.0,51,13.2,28.4,282,Drizzle: Light,2,2,
2110,2021-04-18 22:00:00,40.780552,-73.94427,0,0,Passing or Lane Usage Improper,4408863,15.1,5.3,0.2,0.2,0.0,2.0,51,13.2,28.4,282,Drizzle: Light,0,0,
2111,2021-04-18 16:26:00,40.65768,-73.925415,1,0,Unspecified,4408500,15.1,5.3,0.2,0.2,0.0,2.0,51,13.2,28.4,282,Drizzle: Light,1,1,
2112,2021-09-12 06:30:00,40.69168,-73.999344,0,0,Following Too Closely,4456193,28.8,18.3,0.0,0.0,0.0,0.0,3,24.3,46.8,233,Overcast,0,0,
2113,2021-04-17 12:20:00,40.66386,-73.885956,0,0,Oversized Vehicle,4408819,11.8,4.9,0.3,0.3,0.0,2.0,51,17.1,32.4,313,Drizzle: Light,0,0,
2114,2021-04-18 21:07:00,40.85154,-73.918335,0,0,Unspecified,4408631,15.1,5.3,0.2,0.2,0.0,2.0,51,13.2,28.4,282,Drizzle: Light,0,0,
2115,2021-04-18 02:15:00,40.766617,-73.8389,1,0,Unsafe Lane Changing,4408292,15.1,5.3,0.2,0.2,0.0,2.0,51,13.2,28.4,282,Drizzle: Light,1,1,
2116,2021-04-18 23:37:00,40.643204,-73.90929,0,0,Traffic Control Disregarded,4408336,15.1,5.3,0.2,0.2,0.0,2.0,51,13.2,28.4,282,Drizzle: Light,0,0,
2117,2021-04-18 10:50:00,40.59188,-73.99111,0,0,Driver Inattention/Distraction,4408183,15.1,5.3,0.2,0.2,0.0,2.0,51,13.2,28.4,282,Drizzle: Light,0,0,
2118,2021-04-18 14:52:00,40.68979,-73.90655,0,0,Driver Inattention/Distraction,4408671,15.1,5.3,0.2,0.2,0.0,2.0,51,13.2,28.4,282,Drizzle: Light,0,0,
2119,2021-04-17 20:58:00,40.82099,-73.89589,0,0,Following Too Closely,4409055,11.8,4.9,0.3,0.3,0.0,2.0,51,17.1,32.4,313,Drizzle: Light,0,0,
2120,2021-04-18 07:40:00,40.778603,-73.846115,0,0,Passing or Lane Usage Improper,4408295,15.1,5.3,0.2,0.2,0.0,2.0,51,13.2,28.4,282,Drizzle: Light,0,0,
2121,2021-04-18 18:06:00,40.577908,-73.94354,1,0,Driver Inattention/Distraction,4408343,15.1,5.3,0.2,0.2,0.0,2.0,51,13.2,28.4,282,Drizzle: Light,1,1,
2122,2021-04-18 17:45:00,40.687214,-73.86715,1,0,Driver Inattention/Distraction,4408824,15.1,5.3,0.2,0.2,0.0,2.0,51,13.2,28.4,282,Drizzle: Light,1,1,
2123,2021-04-17 23:35:00,40.668118,-73.89292,1,0,Traffic Control Disregarded,4408794,11.8,4.9,0.3,0.3,0.0,2.0,51,17.1,32.4,313,Drizzle: Light,1,1,
2124,2021-04-17 16:16:00,40.67098,-73.884384,1,0,Unspecified,4408803,11.8,4.9,0.3,0.3,0.0,2.0,51,17.1,32.4,313,Drizzle: Light,1,1,
2125,2021-04-18 00:57:00,40.626583,-74.0009,0,0,Driver Inattention/Distraction,4408177,15.1,5.3,0.2,0.2,0.0,2.0,51,13.2,28.4,282,Drizzle: Light,0,0,
2126,2021-04-18 17:25:00,40.630283,-73.9771,1,0,Unspecified,4408572,15.1,5.3,0.2,0.2,0.0,2.0,51,13.2,28.4,282,Drizzle: Light,1,1,
2127,2021-04-18 00:00:00,40.763344,-73.75791,0,0,Unspecified,4408692,15.1,5.3,0.2,0.2,0.0,2.0,51,13.2,28.4,282,Drizzle: Light,0,0,
2128,2021-04-18 21:30:00,40.700233,-73.95988,0,0,Driver Inattention/Distraction,4408358,15.1,5.3,0.2,0.2,0.0,2.0,51,13.2,28.4,282,Drizzle: Light,0,0,
2129,2021-04-18 22:05:00,40.83349,-73.94158,3,0,Unsafe Speed,4408787,15.1,5.3,0.2,0.2,0.0,2.0,51,13.2,28.4,282,Drizzle: Light,3,3,
2130,2021-04-18 23:00:00,40.63574,-74.02605,0,0,Unspecified,4408627,15.1,5.3,0.2,0.2,0.0,2.0,51,13.2,28.4,282,Drizzle: Light,0,0,
2131,2021-04-18 15:50:00,40.74357,-73.992325,1,0,Driver Inattention/Distraction,4408281,15.1,5.3,0.2,0.2,0.0,2.0,51,13.2,28.4,282,Drizzle: Light,1,1,
2132,2021-04-18 09:13:00,40.65717,-73.94921,0,0,Tire Failure/Inadequate,4409003,15.1,5.3,0.2,0.2,0.0,2.0,51,13.2,28.4,282,Drizzle: Light,0,0,
2133,2021-04-18 08:00:00,40.712864,-73.94013,0,0,Passing Too Closely,4408444,15.1,5.3,0.2,0.2,0.0,2.0,51,13.2,28.4,282,Drizzle: Light,0,0,
2134,2021-04-18 23:00:00,40.68049,-73.774704,0,0,Traffic Control Disregarded,4408399,15.1,5.3,0.2,0.2,0.0,2.0,51,13.2,28.4,282,Drizzle: Light,0,0,
2135,2021-04-18 04:00:00,40.678715,-73.89281,0,0,Unspecified,4408835,15.1,5.3,0.2,0.2,0.0,2.0,51,13.2,28.4,282,Drizzle: Light,0,0,
2136,2021-04-15 09:05:00,40.76578,-73.96495,0,0,Reaction to Uninvolved Vehicle,4408890,12.9,7.7,15.9,15.9,0.0,15.0,63,17.3,32.0,166,Rain: Moderate,0,0,
2137,2021-04-18 19:15:00,40.73448,-73.92243,0,0,Passing or Lane Usage Improper,4408268,15.1,5.3,0.2,0.2,0.0,2.0,51,13.2,28.4,282,Drizzle: Light,0,0,
2138,2021-04-18 16:14:00,40.76273,-73.97835,0,0,Backing Unsafely,4408237,15.1,5.3,0.2,0.2,0.0,2.0,51,13.2,28.4,282,Drizzle: Light,0,0,
2139,2021-03-28 23:00:00,40.65144,-73.89539,0,0,Alcohol Involvement,4409023,18.8,7.6,18.6,18.6,0.0,15.0,63,30.0,70.9,180,Rain: Moderate,0,0,
2140,2021-04-18 08:55:00,40.675713,-73.897354,2,0,Accelerator Defective,4408807,15.1,5.3,0.2,0.2,0.0,2.0,51,13.2,28.4,282,Drizzle: Light,2,2,
2141,2021-04-18 07:00:00,40.60266,-74.18408,1,0,Fell Asleep,4408514,15.1,5.3,0.2,0.2,0.0,2.0,51,13.2,28.4,282,Drizzle: Light,1,1,
2142,2021-09-12 18:14:00,40.84434,-73.90359,0,0,Turning Improperly,4456502,28.8,18.3,0.0,0.0,0.0,0.0,3,24.3,46.8,233,Overcast,0,0,
2143,2021-04-18 09:30:00,40.647976,-73.959564,0,0,Unspecified,4408219,15.1,5.3,0.2,0.2,0.0,2.0,51,13.2,28.4,282,Drizzle: Light,0,0,
2144,2021-04-18 00:15:00,40.76874,-73.90881,0,0,Passing or Lane Usage Improper,4408133,15.1,5.3,0.2,0.2,0.0,2.0,51,13.2,28.4,282,Drizzle: Light,0,0,
2145,2021-04-18 16:30:00,40.578625,-73.966675,3,0,Steering Failure,4408372,15.1,5.3,0.2,0.2,0.0,2.0,51,13.2,28.4,282,Drizzle: Light,3,3,
2146,2021-04-18 22:21:00,40.604095,-74.020355,0,0,Obstruction/Debris,4408535,15.1,5.3,0.2,0.2,0.0,2.0,51,13.2,28.4,282,Drizzle: Light,0,0,
2147,2021-04-18 18:30:00,40.736046,-73.92673,0,0,Driver Inattention/Distraction,4408326,15.1,5.3,0.2,0.2,0.0,2.0,51,13.2,28.4,282,Drizzle: Light,0,0,
2148,2021-04-18 15:30:00,40.687332,-73.927795,0,0,Unspecified,4408946,15.1,5.3,0.2,0.2,0.0,2.0,51,13.2,28.4,282,Drizzle: Light,0,0,
2149,2021-04-17 08:50:00,40.663605,-73.934395,0,0,Driver Inattention/Distraction,4408999,11.8,4.9,0.3,0.3,0.0,2.0,51,17.1,32.4,313,Drizzle: Light,0,0,
2150,2021-04-16 07:10:00,40.844883,-73.91028,1,0,Failure to Yield Right-of-Way,4409071,11.8,3.7,2.9,2.9,0.0,12.0,53,23.5,49.0,307,Drizzle: Moderate,1,1,
2151,2021-04-18 16:38:00,40.76197,-73.92539,3,0,Driver Inexperience,4408384,15.1,5.3,0.2,0.2,0.0,2.0,51,13.2,28.4,282,Drizzle: Light,3,3,
2152,2021-04-17 21:55:00,40.757793,-73.861916,0,0,Driver Inattention/Distraction,4408884,11.8,4.9,0.3,0.3,0.0,2.0,51,17.1,32.4,313,Drizzle: Light,0,0,
2153,2021-04-18 00:53:00,40.700726,-73.94194,2,0,Driver Inattention/Distraction,4408674,15.1,5.3,0.2,0.2,0.0,2.0,51,13.2,28.4,282,Drizzle: Light,2,2,
2154,2021-04-18 12:38:00,40.652954,-74.00215,1,0,Driver Inattention/Distraction,4408248,15.1,5.3,0.2,0.2,0.0,2.0,51,13.2,28.4,282,Drizzle: Light,1,1,
2155,2021-04-18 15:08:00,40.67431,-73.800644,0,0,Unsafe Lane Changing,4408757,15.1,5.3,0.2,0.2,0.0,2.0,51,13.2,28.4,282,Drizzle: Light,0,0,
2156,2021-04-18 04:45:00,40.747135,-73.85978,0,0,Unspecified,4409049,15.1,5.3,0.2,0.2,0.0,2.0,51,13.2,28.4,282,Drizzle: Light,0,0,
2157,2021-04-18 13:00:00,40.659863,-73.97752,1,0,Turning Improperly,4408634,15.1,5.3,0.2,0.2,0.0,2.0,51,13.2,28.4,282,Drizzle: Light,1,1,
2158,2021-04-18 16:24:00,40.665257,-73.739555,0,0,Driver Inattention/Distraction,4408241,15.1,5.3,0.2,0.2,0.0,2.0,51,13.2,28.4,282,Drizzle: Light,0,0,
2159,2021-09-12 18:19:00,40.784157,-73.98487,1,0,Reaction to Uninvolved Vehicle,4457046,28.8,18.3,0.0,0.0,0.0,0.0,3,24.3,46.8,233,Overcast,1,1,
2160,2021-04-18 00:15:00,40.658577,-73.89063,1,0,Unspecified,4408804,15.1,5.3,0.2,0.2,0.0,2.0,51,13.2,28.4,282,Drizzle: Light,1,1,
2161,2021-04-18 07:24:00,40.857166,-73.92824,1,0,Unsafe Speed,4408192,15.1,5.3,0.2,0.2,0.0,2.0,51,13.2,28.4,282,Drizzle: Light,1,1,
2162,2020-09-06 18:05:00,40.771038,-73.83413,0,1,Unsafe Lane Changing,4345591,26.4,16.9,0.0,0.0,0.0,0.0,3,18.8,37.1,205,Overcast,20,1,
2163,2021-04-18 08:45:00,40.71514,-73.94787,0,0,Steering Failure,4408869,15.1,5.3,0.2,0.2,0.0,2.0,51,13.2,28.4,282,Drizzle: Light,0,0,
2164,2021-04-18 21:20:00,40.654163,-73.91163,1,0,,4408485,15.1,5.3,0.2,0.2,0.0,2.0,51,13.2,28.4,282,Drizzle: Light,1,1,
2165,2021-04-11 15:00:00,40.830738,-73.9105,1,0,Lost Consciousness,4408989,14.2,8.5,25.3,25.3,0.0,15.0,63,25.7,48.2,77,Rain: Moderate,1,1,
2166,2021-04-18 00:00:00,40.7087,-73.74765,2,0,Fell Asleep,4408081,15.1,5.3,0.2,0.2,0.0,2.0,51,13.2,28.4,282,Drizzle: Light,2,2,
2167,2021-04-18 15:40:00,40.8518,-73.909225,1,0,Driver Inattention/Distraction,4408567,15.1,5.3,0.2,0.2,0.0,2.0,51,13.2,28.4,282,Drizzle: Light,1,1,
2168,2021-04-18 21:00:00,40.74094,-74.007484,0,0,Passing or Lane Usage Improper,4409064,15.1,5.3,0.2,0.2,0.0,2.0,51,13.2,28.4,282,Drizzle: Light,0,0,
2169,2021-04-18 03:40:00,40.77386,-73.90749,1,0,Alcohol Involvement,4408381,15.1,5.3,0.2,0.2,0.0,2.0,51,13.2,28.4,282,Drizzle: Light,1,1,
2170,2021-04-18 04:15:00,40.65993,-73.891655,0,0,Driver Inattention/Distraction,4408820,15.1,5.3,0.2,0.2,0.0,2.0,51,13.2,28.4,282,Drizzle: Light,0,0,
2171,2021-04-18 16:30:00,40.69238,-73.762436,0,0,Passing or Lane Usage Improper,4408423,15.1,5.3,0.2,0.2,0.0,2.0,51,13.2,28.4,282,Drizzle: Light,0,0,
2172,2021-04-18 10:08:00,40.83907,-73.94353,0,0,Passing Too Closely,4408291,15.1,5.3,0.2,0.2,0.0,2.0,51,13.2,28.4,282,Drizzle: Light,0,0,
2173,2021-04-18 00:30:00,40.879196,-73.86159,2,0,Reaction to Uninvolved Vehicle,4408175,15.1,5.3,0.2,0.2,0.0,2.0,51,13.2,28.4,282,Drizzle: Light,2,2,
2174,2021-04-18 20:30:00,40.720623,-73.80433,1,0,Passing or Lane Usage Improper,4408716,15.1,5.3,0.2,0.2,0.0,2.0,51,13.2,28.4,282,Drizzle: Light,1,1,
2175,2021-04-17 03:05:00,40.64254,-73.87652,2,0,Reaction to Uninvolved Vehicle,4408832,11.8,4.9,0.3,0.3,0.0,2.0,51,17.1,32.4,313,Drizzle: Light,2,2,
2176,2021-04-18 14:00:00,40.842678,-73.899376,0,0,Unspecified,4408344,15.1,5.3,0.2,0.2,0.0,2.0,51,13.2,28.4,282,Drizzle: Light,0,0,
2177,2021-04-18 18:59:00,40.62677,-74.01501,1,0,Traffic Control Disregarded,4408335,15.1,5.3,0.2,0.2,0.0,2.0,51,13.2,28.4,282,Drizzle: Light,1,1,