,CRASH DATETIME,LATITUDE,LONGITUDE,NUMBER OF PERSONS INJURED,NUMBER OF PERSONS KILLED,CONTRIBUTING FACTOR VEHICLE 1,COLLISION_ID,temperature_2m_max,temperature_2m_min,precipitation_sum,rain_sum,snowfall_sum,precipitation_hours,weather_code,wind_speed_10m_max,wind_gusts_10m_max,wind_direction_10m_dominant,Weather Description,Severity_Score,Total_Affected_Persons,Weather_Category
2178,2021-04-16 00:00:00,40.68518,-73.873665,0,0,Unspecified,4408797,11.8,3.7,2.9,2.9,0.0,12.0,53,23.5,49.0,307,Drizzle: Moderate,0,0,
2179,2021-04-18 14:45:00,40.695312,-73.79911,0,0,Reaction to Uninvolved Vehicle,4408410,15.1,5.3,0.2,0.2,0.0,2.0,51,13.2,28.4,282,Drizzle: Light,0,0,
2180,2021-04-18 18:25:00,40.641895,-73.93324,1,0,Driver Inattention/Distraction,4408494,15.1,5.3,0.2,0.2,0.0,2.0,51,13.2,28.4,282,Drizzle: Light,1,1,
2181,2021-04-17 21:40:00,40.661915,-73.944916,0,0,Driver Inattention/Distraction,4409008,11.8,4.9,0.3,0.3,0.0,2.0,51,17.1,32.4,313,Drizzle: Light,0,0,
2182,2021-04-18 22:44:00,40.68405,-73.97746,0,0,Driver Inattention/Distraction,4408924,15.1,5.3,0.2,0.2,0.0,2.0,51,13.2,28.4,282,Drizzle: Light,0,0,
2183,2021-04-18 00:33:00,40.696033,-73.98453,0,0,Other Vehicular,4408542,15.1,5.3,0.2,0.2,0.0,2.0,51,13.2,28.4,282,Drizzle: Light,0,0,
2184,2021-04-18 22:34:00,40.676174,-73.91931,0,0,Unspecified,4408386,15.1,5.3,0.2,0.2,0.0,2.0,51,13.2,28.4,282,Drizzle: Light,0,0,
2185,2021-04-15 17:35:00,40.76981,-73.86773,1,0,Driver Inattention/Distraction,4408886,12.9,7.7,15.9,15.9,0.0,15.0,63,17.3,32.0,166,Rain: Moderate,1,1,
2186,2021-04-18 14:30:00,40.64315,-73.97548,2,0,Driver Inattention/Distraction,4408902,15.1,5.3,0.2,0.2,0.0,2.0,51,13.2,28.4,282,Drizzle: Light,2,2,
2187,2021-04-18 16:10:00,40.698963,-73.91864,0,0,Driver Inattention/Distraction,4408932,15.1,5.3,0.2,0.2,0.0,2.0,51,13.2,28.4,282,Drizzle: Light,0,0,
2188,2021-04-18 16:05:00,40.747276,-73.989624,0,0,Passing or Lane Usage Improper,4408447,15.1,5.3,0.2,0.2,0.0,2.0,51,13.2,28.4,282,Drizzle: Light,0,0,
2189,2021-09-05 14:50:00,40.78316,-73.98048,1,0,Failure to Yield Right-of-Way,4457215,24.5,16.9,1.0,1.0,0.0,6.0,51,15.5,42.5,204,Drizzle: Light,1,1,
2190,2021-09-12 11:28:00,40.88377,-73.89828,2,0,Turning Improperly,4456246,28.8,18.3,0.0,0.0,0.0,0.0,3,24.3,46.8,233,Overcast,2,2,
2191,2021-09-12 03:40:00,40.65355,-73.86232,1,0,Driver Inattention/Distraction,4456318,28.8,18.3,0.0,0.0,0.0,0.0,3,24.3,46.8,233,Overcast,1,1,
2192,2021-08-27 09:15:00,40.80574,-73.942764,1,1,Unspecified,4457151,32.2,23.4,1.4,1.4,0.0,2.0,55,9.4,22.3,299,Drizzle: Dense,21,2,
2193,2021-09-12 09:25:00,40.856403,-73.89213,0,0,Passing or Lane Usage Improper,4456103,28.8,18.3,0.0,0.0,0.0,0.0,3,24.3,46.8,233,Overcast,0,0,
2194,2021-09-12 16:45:00,40.777596,-73.779724,0,0,Turning Improperly,4456954,28.8,18.3,0.0,0.0,0.0,0.0,3,24.3,46.8,233,Overcast,0,0,
2195,2021-09-12 00:40:00,40.801918,-73.94344,0,0,Unsafe Speed,4456552,28.8,18.3,0.0,0.0,0.0,0.0,3,24.3,46.8,233,Overcast,0,0,
2196,2021-09-12 22:20:00,40.56935,-74.11089,0,0,Passing or Lane Usage Improper,4456747,28.8,18.3,0.0,0.0,0.0,0.0,3,24.3,46.8,233,Overcast,0,0,
2197,2021-09-12 15:50:00,40.708645,-73.789406,0,0,Driver Inattention/Distraction,4456896,28.8,18.3,0.0,0.0,0.0,0.0,3,24.3,46.8,233,Overcast,0,0,
2198,2021-09-01 13:47:00,40.609364,-74.12128,1,0,Following Too Closely,4457118,23.2,18.4,121.7,121.7,0.0,18.0,65,43.2,78.5,42,Rain: Heavy,1,1,
2199,2021-09-12 03:58:00,0.0,0.0,1,0,Driver Inattention/Distraction,4456379,28.8,18.3,0.0,0.0,0.0,0.0,3,24.3,46.8,233,Overcast,1,1,
2200,2021-09-06 18:25:00,40.642242,-74.0752,0,0,Unspecified,4457079,26.9,18.4,0.0,0.0,0.0,0.0,3,19.6,37.8,273,Overcast,0,0,
2201,2021-09-12 14:50:00,40.586002,-73.97221,0,0,Unspecified,4456413,28.8,18.3,0.0,0.0,0.0,0.0,3,24.3,46.8,233,Overcast,0,0,
2202,2021-09-12 10:25:00,0.0,0.0,0,0,View Obstructed/Limited,4456327,28.8,18.3,0.0,0.0,0.0,0.0,3,24.3,46.8,233,Overcast,0,0,
2203,2021-09-12 10:34:00,40.805088,-73.91561,1,0,Unspecified,4456479,28.8,18.3,0.0,0.0,0.0,0.0,3,24.3,46.8,233,Overcast,1,1,
2204,2021-09-12 05:20:00,40.790718,-73.84991,0,0,Steering Failure,4456256,28.8,18.3,0.0,0.0,0.0,0.0,3,24.3,46.8,233,Overcast,0,0,
2205,2021-09-12 22:25:00,40.70219,-73.928345,0,0,Fell Asleep,4457023,28.8,18.3,0.0,0.0,0.0,0.0,3,24.3,46.8,233,Overcast,0,0,
2206,2021-08-30 20:49:00,40.724136,-73.992615,0,0,Reaction to Uninvolved Vehicle,4457219,28.7,21.7,3.9,3.9,0.0,7.0,63,14.7,33.8,231,Rain: Moderate,0,0,
2207,2021-09-12 13:19:00,40.758602,-73.91379,1,0,Failure to Yield Right-of-Way,4456444,28.8,18.3,0.0,0.0,0.0,0.0,3,24.3,46.8,233,Overcast,1,1,
2208,2021-09-12 14:00:00,40.641304,-73.94276,1,0,Unspecified,4456339,28.8,18.3,0.0,0.0,0.0,0.0,3,24.3,46.8,233,Overcast,1,1,
2209,2021-09-12 14:11:00,40.75982,-73.91456,0,0,Unspecified,4456445,28.8,18.3,0.0,0.0,0.0,0.0,3,24.3,46.8,233,Overcast,0,0,
2210,2021-08-31 05:25:00,40.603493,-74.067345,0,0,Unsafe Lane Changing,4457092,28.5,21.2,0.0,0.0,0.0,0.0,3,15.5,29.9,301,Overcast,0,0,
2211,2021-09-12 01:39:00,40.711876,-73.73029,0,0,Driver Inattention/Distraction,4455939,28.8,18.3,0.0,0.0,0.0,0.0,3,24.3,46.8,233,Overcast,0,0,
2212,2021-09-10 17:09:00,40.71548,-73.94285,0,0,Unsafe Lane Changing,4457159,22.9,16.0,0.0,0.0,0.0,0.0,3,24.2,47.2,314,Overcast,0,0,
2213,2021-09-12 00:00:00,40.670856,-73.8852,3,0,Driver Inattention/Distraction,4456299,28.8,18.3,0.0,0.0,0.0,0.0,3,24.3,46.8,233,Overcast,3,3,
2214,2021-09-12 22:05:00,40.736496,-73.909225,0,0,Driver Inattention/Distraction,4456877,28.8,18.3,0.0,0.0,0.0,0.0,3,24.3,46.8,233,Overcast,0,0,
2215,2021-09-08 01:30:00,40.77077,-73.980675,0,0,Driver Inattention/Distraction,4457218,26.4,19.6,0.7,0.7,0.0,6.0,51,26.7,55.8,187,Drizzle: Light,0,0,
2216,2021-09-10 20:45:00,40.749825,-73.818275,0,0,Passing or Lane Usage Improper,4457070,22.9,16.0,0.0,0.0,0.0,0.0,3,24.2,47.2,314,Overcast,0,0,
2217,2021-09-12 03:20:00,40.703434,-73.96035,1,0,Turning Improperly,4455955,28.8,18.3,0.0,0.0,0.0,0.0,3,24.3,46.8,233,Overcast,1,1,
2218,2021-08-11 04:56:00,40.859444,-73.915985,0,0,Reaction to Uninvolved Vehicle,4457106,31.2,23.2,2.8,2.8,0.0,7.0,55,23.7,44.6,206,Drizzle: Dense,0,0,
2219,2021-09-12 10:15:00,40.765358,-73.80237,2,0,Obstruction/Debris,4456255,28.8,18.3,0.0,0.0,0.0,0.0,3,24.3,46.8,233,Overcast,2,2,
2220,2021-09-12 07:55:00,40.856403,-73.89213,3,0,View Obstructed/Limited,4456398,28.8,18.3,0.0,0.0,0.0,0.0,3,24.3,46.8,233,Overcast,3,3,
2221,2021-09-11 04:00:00,40.735226,-73.958466,0,0,Passing Too Closely,4457170,24.7,12.9,0.0,0.0,0.0,0.0,3,16.6,34.2,246,Overcast,0,0,
2222,2021-09-12 09:50:00,40.666306,-73.79171,2,0,Following Too Closely,4456330,28.8,18.3,0.0,0.0,0.0,0.0,3,24.3,46.8,233,Overcast,2,2,
2223,2021-09-12 16:32:00,40.626183,-73.994156,0,0,Driver Inexperience,4456842,28.8,18.3,0.0,0.0,0.0,0.0,3,24.3,46.8,233,Overcast,0,0,
2224,2021-09-12 17:00:00,40.882393,-73.83623,1,0,Passing Too Closely,4457008,28.8,18.3,0.0,0.0,0.0,0.0,3,24.3,46.8,233,Overcast,1,1,
2225,2021-09-12 02:52:00,40.825138,-73.9514,0,0,Passing Too Closely,4456366,28.8,18.3,0.0,0.0,0.0,0.0,3,24.3,46.8,233,Overcast,0,0,
2226,2021-09-12 23:40:00,40.637756,-74.00721,1,0,Unspecified,4457149,28.8,18.3,0.0,0.0,0.0,0.0,3,24.3,46.8,233,Overcast,1,1,
2227,2021-09-12 09:13:00,40.84023,-73.880104,0,0,Following Too Closely,4456101,28.8,18.3,0.0,0.0,0.0,0.0,3,24.3,46.8,233,Overcast,0,0,
2228,2021-09-12 00:34:00,40.7605,-73.95699,1,0,Driver Inexperience,4456524,28.8,18.3,0.0,0.0,0.0,0.0,3,24.3,46.8,233,Overcast,1,1,
2229,2021-09-12 03:41:00,40.728146,-73.9003,0,0,Unspecified,4457240,28.8,18.3,0.0,0.0,0.0,0.0,3,24.3,46.8,233,Overcast,0,0,
2230,2021-09-12 16:05:00,40.62707,-74.01865,1,0,Turning Improperly,4456270,28.8,18.3,0.0,0.0,0.0,0.0,3,24.3,46.8,233,Overcast,1,1,
2231,2021-09-12 14:30:00,40.5778,-73.96057,0,0,Other Vehicular,4456823,28.8,18.3,0.0,0.0,0.0,0.0,3,24.3,46.8,233,Overcast,0,0,
2232,2021-09-11 21:49:00,40.638523,-73.97319,2,0,Unspecified,4457183,24.7,12.9,0.0,0.0,0.0,0.0,3,16.6,34.2,246,Overcast,2,2,
2233,2021-09-12 01:54:00,40.750988,-73.99063,0,0,Driver Inattention/Distraction,4456082,28.8,18.3,0.0,0.0,0.0,0.0,3,24.3,46.8,233,Overcast,0,0,
2234,2021-09-12 18:21:00,40.630512,-73.957306,2,0,Unspecified,4456452,28.8,18.3,0.0,0.0,0.0,0.0,3,24.3,46.8,233,Overcast,2,2,
2235,2021-09-12 01:41:00,40.8037,-73.93582,1,0,Unspecified,4456553,28.8,18.3,0.0,0.0,0.0,0.0,3,24.3,46.8,233,Overcast,1,1,
2236,2021-09-12 07:44:00,40.61185,-73.95981,0,0,Driver Inattention/Distraction,4456126,28.8,18.3,0.0,0.0,0.0,0.0,3,24.3,46.8,233,Overcast,0,0,
2237,2021-09-12 18:00:00,40.7549,-73.74548,0,0,Following Too Closely,4456344,28.8,18.3,0.0,0.0,0.0,0.0,3,24.3,46.8,233,Overcast,0,0,
2238,2021-09-09 21:00:00,40.757385,-73.98226,1,0,Unspecified,4457047,22.4,19.8,18.4,18.4,0.0,15.0,63,17.5,39.2,271,Rain: Moderate,1,1,
2239,2021-09-10 10:46:00,40.617004,-73.96912,0,0,Unspecified,4457113,22.9,16.0,0.0,0.0,0.0,0.0,3,24.2,47.2,314,Overcast,0,0,
2240,2021-09-12 17:13:00,40.66925,-73.91371,1,0,,4456837,28.8,18.3,0.0,0.0,0.0,0.0,3,24.3,46.8,233,Overcast,1,1,
2241,2021-09-12 17:00:00,40.744194,-73.97133,0,0,Driver Inattention/Distraction,4456357,28.8,18.3,0.0,0.0,0.0,0.0,3,24.3,46.8,233,Overcast,0,0,
2242,2021-09-11 03:05:00,40.68651,-73.954544,3,0,Driver Inattention/Distraction,4457197,24.7,12.9,0.0,0.0,0.0,0.0,3,16.6,34.2,246,Overcast,3,3,
2243,2021-08-28 14:20:00,40.699024,-73.91623,1,0,Following Too Closely,4457038,26.2,20.2,3.9,3.9,0.0,18.0,53,23.5,45.0,65,Drizzle: Moderate,1,1,
2244,2021-09-12 00:53:00,40.627857,-73.90075,1,0,Other Vehicular,4456506,28.8,18.3,0.0,0.0,0.0,0.0,3,24.3,46.8,233,Overcast,1,1,
2245,2021-09-12 02:12:00,40.734272,-73.8626,0,0,Unspecified,4455961,28.8,18.3,0.0,0.0,0.0,0.0,3,24.3,46.8,233,Overcast,0,0,
2246,2021-09-12 22:00:00,40.722088,-73.75798,1,0,Driver Inattention/Distraction,4456814,28.8,18.3,0.0,0.0,0.0,0.0,3,24.3,46.8,233,Overcast,1,1,
2247,2021-09-12 12:20:00,40.655277,-73.95239,0,0,Unspecified,4456210,28.8,18.3,0.0,0.0,0.0,0.0,3,24.3,46.8,233,Overcast,0,0,
2248,2021-09-12 15:50:00,40.819374,-73.95933,0,0,Failure to Yield Right-of-Way,4456720,28.8,18.3,0.0,0.0,0.0,0.0,3,24.3,46.8,233,Overcast,0,0,
2249,2021-09-12 01:44:00,40.809044,-73.92856,0,0,Unspecified,4456467,28.8,18.3,0.0,0.0,0.0,0.0,3,24.3,46.8,233,Overcast,0,0,
2250,2021-09-12 04:40:00,40.684887,-74.00111,3,0,Following Too Closely,4456382,28.8,18.3,0.0,0.0,0.0,0.0,3,24.3,46.8,233,Overcast,3,3,
2251,2021-09-10 12:00:00,40.661087,-73.92296,0,0,Unspecified,4457131,22.9,16.0,0.0,0.0,0.0,0.0,3,24.2,47.2,314,Overcast,0,0,
2252,2021-09-12 17:24:00,40.73226,-73.83522,0,0,Unspecified,4456416,28.8,18.3,0.0,0.0,0.0,0.0,3,24.3,46.8,233,Overcast,0,0,
2253,2021-08-25 02:54:00,40.69663,-73.91857,0,0,Alcohol Involvement,4457039,31.2,20.1,0.0,0.0,0.0,0.0,3,10.2,18.7,277,Overcast,0,0,
2254,2021-09-12 14:28:00,40.67189,-73.895874,0,0,Unspecified,4456302,28.8,18.3,0.0,0.0,0.0,0.0,3,24.3,46.8,233,Overcast,0,0,
2255,2021-09-12 14:00:00,40.717274,-73.825325,1,0,Unsafe Speed,4456825,28.8,18.3,0.0,0.0,0.0,0.0,3,24.3,46.8,233,Overcast,1,1,
2256,2021-09-12 12:42:00,40.681767,-73.96754,0,0,Failure to Yield Right-of-Way,4456901,28.8,18.3,0.0,0.0,0.0,0.0,3,24.3,46.8,233,Overcast,0,0,
2257,2021-09-12 15:27:00,40.84519,-73.9112,0,0,Driver Inattention/Distraction,4456353,28.8,18.3,0.0,0.0,0.0,0.0,3,24.3,46.8,233,Overcast,0,0,
2258,2021-09-12 23:30:00,40.709835,-74.014885,0,0,Following Too Closely,4456725,28.8,18.3,0.0,0.0,0.0,0.0,3,24.3,46.8,233,Overcast,0,0,
2259,2021-09-12 00:30:00,40.633278,-73.94943,0,0,Unspecified,4455986,28.8,18.3,0.0,0.0,0.0,0.0,3,24.3,46.8,233,Overcast,0,0,
2260,2021-09-12 19:21:00,40.83228,-73.90963,3,0,Traffic Control Disregarded,4456431,28.8,18.3,0.0,0.0,0.0,0.0,3,24.3,46.8,233,Overcast,3,3,
2261,2021-09-12 10:25:00,40.683723,-73.96797,0,0,Driver Inattention/Distraction,4456175,28.8,18.3,0.0,0.0,0.0,0.0,3,24.3,46.8,233,Overcast,0,0,
2262,2021-09-12 14:29:00,40.763287,-73.92544,0,0,Unspecified,4456446,28.8,18.3,0.0,0.0,0.0,0.0,3,24.3,46.8,233,Overcast,0,0,
2263,2021-09-12 20:58:00,40.593002,-73.98874,0,0,Alcohol Involvement,4456422,28.8,18.3,0.0,0.0,0.0,0.0,3,24.3,46.8,233,Overcast,0,0,
2264,2021-09-11 12:50:00,40.836296,-73.87369,2,0,Unspecified,4457077,24.7,12.9,0.0,0.0,0.0,0.0,3,16.6,34.2,246,Overcast,2,2,
2265,2021-07-25 11:25:00,40.67079,-73.903275,1,0,,4457093,28.0,20.3,7.3,7.3,0.0,10.0,63,20.9,43.2,198,Rain: Moderate,1,1,
2266,2021-09-12 00:35:00,40.662773,-73.74116,0,0,Unspecified,4455940,28.8,18.3,0.0,0.0,0.0,0.0,3,24.3,46.8,233,Overcast,0,0,
2267,2021-09-11 02:30:00,40.71727,-73.96286,0,0,Traffic Control Disregarded,4457162,24.7,12.9,0.0,0.0,0.0,0.0,3,16.6,34.2,246,Overcast,0,0,
2268,2021-09-12 05:45:00,40.8827,-73.892845,4,0,Traffic Control Disregarded,4456866,28.8,18.3,0.0,0.0,0.0,0.0,3,24.3,46.8,233,Overcast,4,4,
2269,2021-09-12 03:40:00,40.72312,-73.90607,0,0,Unspecified,4457241,28.8,18.3,0.0,0.0,0.0,0.0,3,24.3,46.8,233,Overcast,0,0,
2270,2021-09-12 03:20:00,40.800507,-73.938156,0,0,Unspecified,4456554,28.8,18.3,0.0,0.0,0.0,0.0,3,24.3,46.8,233,Overcast,0,0,
2271,2021-09-12 07:47:00,40.62622,-74.02336,0,0,Passing Too Closely,4456120,28.8,18.3,0.0,0.0,0.0,0.0,3,24.3,46.8,233,Overcast,0,0,
2272,2021-09-12 07:25:00,40.89024,-73.860306,1,0,Unsafe Speed,4456487,28.8,18.3,0.0,0.0,0.0,0.0,3,24.3,46.8,233,Overcast,1,1,
2273,2021-09-10 17:07:00,40.720524,-73.96206,0,0,Turning Improperly,4457157,22.9,16.0,0.0,0.0,0.0,0.0,3,24.2,47.2,314,Overcast,0,0,
2274,2021-09-12 14:25:00,40.74622,-73.87755,0,0,Driver Inexperience,4456189,28.8,18.3,0.0,0.0,0.0,0.0,3,24.3,46.8,233,Overcast,0,0,
2275,2021-09-12 13:02:00,40.781933,-73.94428,1,0,Following Too Closely,4456525,28.8,18.3,0.0,0.0,0.0,0.0,3,24.3,46.8,233,Overcast,1,1,
2276,2021-09-11 18:18:00,40.684204,-73.96806,3,1,Unsafe Speed,4457191,24.7,12.9,0.0,0.0,0.0,0.0,3,16.6,34.2,246,Overcast,23,4,
2277,2021-09-12 10:00:00,40.757164,-73.82212,0,0,Unspecified,4456260,28.8,18.3,0.0,0.0,0.0,0.0,3,24.3,46.8,233,Overcast,0,0,
2278,2021-09-12 13:00:00,40.764652,-73.97798,0,0,Driver Inattention/Distraction,4456760,28.8,18.3,0.0,0.0,0.0,0.0,3,24.3,46.8,233,Overcast,0,0,
2279,2021-09-12 02:03:00,40.71474,-73.88698,0,0,Driver Inattention/Distraction,4457239,28.8,18.3,0.0,0.0,0.0,0.0,3,24.3,46.8,233,Overcast,0,0,
2280,2021-09-12 01:14:00,40.62051,-73.99248,3,0,Unsafe Speed,4456002,28.8,18.3,0.0,0.0,0.0,0.0,3,24.3,46.8,233,Overcast,3,3,
2281,2021-09-12 21:45:00,40.892433,-73.84584,0,0,Driver Inexperience,4456492,28.8,18.3,0.0,0.0,0.0,0.0,3,24.3,46.8,233,Overcast,0,0,
2282,2021-09-12 08:35:00,40.686447,-73.85485,0,0,Passing or Lane Usage Improper,4456733,28.8,18.3,0.0,0.0,0.0,0.0,3,24.3,46.8,233,Overcast,0,0,
2283,2021-09-12 17:00:00,40.589043,-73.98381,0,0,Failure to Yield Right-of-Way,4456822,28.8,18.3,0.0,0.0,0.0,0.0,3,24.3,46.8,233,Overcast,0,0,
2284,2021-09-12 01:50:00,40.657383,-73.911514,0,0,Other Vehicular,4456083,28.8,18.3,0.0,0.0,0.0,0.0,3,24.3,46.8,233,Overcast,0,0,
2285,2021-09-12 06:25:00,40.745792,-73.876564,0,0,Fatigued/Drowsy,4456188,28.8,18.3,0.0,0.0,0.0,0.0,3,24.3,46.8,233,Overcast,0,0,
2286,2021-08-27 16:30:00,40.651352,-73.89275,2,0,Unspecified,4457207,32.2,23.4,1.4,1.4,0.0,2.0,55,9.4,22.3,299,Drizzle: Dense,2,2,
2287,2021-09-10 19:15:00,40.702747,-73.86242,0,0,Turning Improperly,4457217,22.9,16.0,0.0,0.0,0.0,0.0,3,24.2,47.2,314,Overcast,0,0,
2288,2021-09-12 01:00:00,40.84353,-73.89401,1,0,Turning Improperly,4456400,28.8,18.3,0.0,0.0,0.0,0.0,3,24.3,46.8,233,Overcast,1,1,
2289,2021-09-09 16:55:00,40.694576,-73.95615,0,0,Driver Inattention/Distraction,4457193,22.4,19.8,18.4,18.4,0.0,15.0,63,17.5,39.2,271,Rain: Moderate,0,0,
2290,2021-09-12 02:00:00,40.704582,-73.78486,0,0,Driver Inattention/Distraction,4456855,28.8,18.3,0.0,0.0,0.0,0.0,3,24.3,46.8,233,Overcast,0,0,
2291,2021-09-09 10:40:00,40.701187,-73.74148,3,0,Unspecified,4457146,22.4,19.8,18.4,18.4,0.0,15.0,63,17.5,39.2,271,Rain: Moderate,3,3,
2292,2021-09-12 09:17:00,40.78452,-73.84397,0,0,Passing or Lane Usage Improper,4456099,28.8,18.3,0.0,0.0,0.0,0.0,3,24.3,46.8,233,Overcast,0,0,
2293,2021-09-12 02:20:00,40.67956,-73.8989,0,0,Following Too Closely,4456281,28.8,18.3,0.0,0.0,0.0,0.0,3,24.3,46.8,233,Overcast,0,0,
2294,2021-09-12 00:40:00,40.61894,-74.02201,1,0,Driver Inattention/Distraction,4455975,28.8,18.3,0.0,0.0,0.0,0.0,3,24.3,46.8,233,Overcast,1,1,
2295,2021-09-12 15:00:00,40.64664,-73.9246,0,0,Turning Improperly,4456211,28.8,18.3,0.0,0.0,0.0,0.0,3,24.3,46.8,233,Overcast,0,0,
2296,2021-09-12 11:29:00,40.6411,-73.90463,1,0,Driver Inattention/Distraction,4456199,28.8,18.3,0.0,0.0,0.0,0.0,3,24.3,46.8,233,Overcast,1,1,
2297,2021-09-12 18:17:00,40.76161,-73.97076,2,0,Failure to Yield Right-of-Way,4456762,28.8,18.3,0.0,0.0,0.0,0.0,3,24.3,46.8,233,Overcast,2,2,
2298,2021-09-12 13:30:00,40.74662,-73.89359,1,0,Turning Improperly,4456334,28.8,18.3,0.0,0.0,0.0,0.0,3,24.3,46.8,233,Overcast,1,1,
2299,2021-09-12 12:20:00,40.70444,-73.89374,0,0,Passing Too Closely,4456515,28.8,18.3,0.0,0.0,0.0,0.0,3,24.3,46.8,233,Overcast,0,0,
2300,2021-09-12 14:00:00,40.733433,-73.86418,1,0,Driver Inattention/Distraction,4456802,28.8,18.3,0.0,0.0,0.0,0.0,3,24.3,46.8,233,Overcast,1,1,
2301,2021-09-12 15:30:00,40.72535,-73.99905,0,0,Passing Too Closely,4456724,28.8,18.3,0.0,0.0,0.0,0.0,3,24.3,46.8,233,Overcast,0,0,
2302,2021-09-12 21:53:00,40.591557,-73.97041,0,0,Aggressive Driving/Road Rage,4456387,28.8,18.3,0.0,0.0,0.0,0.0,3,24.3,46.8,233,Overcast,0,0,
2303,2021-09-12 18:40:00,40.876354,-73.8632,0,0,Turning Improperly,4457007,28.8,18.3,0.0,0.0,0.0,0.0,3,24.3,46.8,233,Overcast,0,0,
2304,2021-09-12 13:00:00,40.61655,-73.9165,0,0,Unspecified,4457182,28.8,18.3,0.0,0.0,0.0,0.0,3,24.3,46.8,233,Overcast,0,0,
2305,2021-09-12 20:16:00,40.63011,-74.01001,1,0,Backing Unsafely,4456321,28.8,18.3,0.0,0.0,0.0,0.0,3,24.3,46.8,233,Overcast,1,1,
2306,2021-09-06 23:53:00,40.777905,-73.98209,1,0,Driver Inexperience,4457048,26.9,18.4,0.0,0.0,0.0,0.0,3,19.6,37.8,273,Overcast,1,1,
2307,2021-09-12 11:00:00,40.65545,-73.863335,0,0,Unspecified,4456301,28.8,18.3,0.0,0.0,0.0,0.0,3,24.3,46.8,233,Overcast,0,0,
2308,2021-09-12 04:45:00,40.757668,-73.95915,0,0,Driver Inattention/Distraction,4455959,28.8,18.3,0.0,0.0,0.0,0.0,3,24.3,46.8,233,Overcast,0,0,
2309,2021-09-12 17:00:00,40.877674,-73.87488,0,0,Other Vehicular,4457098,28.8,18.3,0.0,0.0,0.0,0.0,3,24.3,46.8,233,Overcast,0,0,
2310,2021-09-12 03:33:00,40.6802,-73.953285,1,0,Unsafe Speed,4456161,28.8,18.3,0.0,0.0,0.0,0.0,3,24.3,46.8,233,Overcast,1,1,
2311,2021-08-30 09:35:00,40.716175,-73.949715,0,0,Driver Inattention/Distraction,4457171,28.7,21.7,3.9,3.9,0.0,7.0,63,14.7,33.8,231,Rain: Moderate,0,0,
2312,2021-09-12 16:00:00,40.626175,-73.94064,0,0,Driver Inattention/Distraction,4456887,28.8,18.3,0.0,0.0,0.0,0.0,3,24.3,46.8,233,Overcast,0,0,
2313,2021-09-12 22:08:00,40.621162,-73.939995,1,0,Physical Disability,4456931,28.8,18.3,0.0,0.0,0.0,0.0,3,24.3,46.8,233,Overcast,1,1,
2314,2021-09-12 18:43:00,40.738365,-73.71261,1,0,Driver Inattention/Distraction,4456342,28.8,18.3,0.0,0.0,0.0,0.0,3,24.3,46.8,233,Overcast,1,1,
2315,2021-09-12 09:00:00,40.647625,-73.97727,0,0,Unspecified,4456263,28.8,18.3,0.0,0.0,0.0,0.0,3,24.3,46.8,233,Overcast,0,0,
2316,2021-09-07 16:00:00,40.86804,-73.879105,0,0,Failure to Yield Right-of-Way,4457083,25.9,15.2,0.0,0.0,0.0,0.0,1,12.5,25.6,259,Mainly clear,0,0,Sunny/Clear Conditions
2317,2021-09-12 09:23:00,40.624313,-73.977745,0,0,Unspecified,4457111,28.8,18.3,0.0,0.0,0.0,0.0,3,24.3,46.8,233,Overcast,0,0,
2318,2021-09-12 18:40:00,40.85809,-73.901924,0,0,Following Too Closely,4456505,28.8,18.3,0.0,0.0,0.0,0.0,3,24.3,46.8,233,Overcast,0,0,
2319,2021-09-12 18:10:00,40.661427,-73.90575,0,0,Driver Inattention/Distraction,4456838,28.8,18.3,0.0,0.0,0.0,0.0,3,24.3,46.8,233,Overcast,0,0,
2320,2021-09-12 14:54:00,40.699863,-73.9559,0,0,Passing or Lane Usage Improper,4456381,28.8,18.3,0.0,0.0,0.0,0.0,3,24.3,46.8,233,Overcast,0,0,
2321,2021-09-12 22:47:00,40.83354,-73.89631,3,0,Failure to Yield Right-of-Way,4456432,28.8,18.3,0.0,0.0,0.0,0.0,3,24.3,46.8,233,Overcast,3,3,
2322,2023-01-14 02:21:00,40.72545,-73.837776,1,0,Passing or Lane Usage Improper,4598078,2.8,-0.9,0.0,0.0,0.0,0.0,3,25.6,45.7,351,Overcast,1,1,
2323,2021-08-21 02:49:00,40.698265,-73.93399,0,0,Other Vehicular,4457036,27.2,23.0,0.8,0.8,0.0,6.0,51,14.3,29.5,109,Drizzle: Light,0,0,
2324,2021-09-12 00:00:00,40.814632,-73.9442,1,0,Driver Inattention/Distraction,4456448,28.8,18.3,0.0,0.0,0.0,0.0,3,24.3,46.8,233,Overcast,1,1,
2325,2021-09-12 04:25:00,40.6928,-73.895065,0,0,Alcohol Involvement,4457245,28.8,18.3,0.0,0.0,0.0,0.0,3,24.3,46.8,233,Overcast,0,0,
2326,2021-08-31 15:15:00,40.6952,-73.92844,1,0,Driver Inattention/Distraction,4457041,28.5,21.2,0.0,0.0,0.0,0.0,3,15.5,29.9,301,Overcast,1,1,
2327,2021-09-12 00:32:00,40.646255,-73.908905,0,0,Passing or Lane Usage Improper,4455946,28.8,18.3,0.0,0.0,0.0,0.0,3,24.3,46.8,233,Overcast,0,0,
2328,2021-09-10 20:00:00,40.72731,-73.95719,0,0,Unspecified,4457163,22.9,16.0,0.0,0.0,0.0,0.0,3,24.2,47.2,314,Overcast,0,0,