,CRASH DATETIME,LATITUDE,LONGITUDE,NUMBER OF PERSONS INJURED,NUMBER OF PERSONS KILLED,CONTRIBUTING FACTOR VEHICLE 1,COLLISION_ID,temperature_2m_max,temperature_2m_min,precipitation_sum,rain_sum,snowfall_sum,precipitation_hours,weather_code,wind_speed_10m_max,wind_gusts_10m_max,wind_direction_10m_dominant,Weather Description,Severity_Score,Total_Affected_Persons,Weather_Category
2329,2021-09-08 10:45:00,40.603645,-74.077324,0,0,Passing or Lane Usage Improper,4457087,26.4,19.6,0.7,0.7,0.0,6.0,51,26.7,55.8,187,Drizzle: Light,0,0,
2330,2021-09-12 00:00:00,40.668484,-73.86936,0,0,Unspecified,4456320,28.8,18.3,0.0,0.0,0.0,0.0,3,24.3,46.8,233,Overcast,0,0,
2331,2021-09-12 08:25:00,40.864452,-73.83482,0,0,Driver Inexperience,4456129,28.8,18.3,0.0,0.0,0.0,0.0,3,24.3,46.8,233,Overcast,0,0,
2332,2021-09-12 23:34:00,40.829407,-73.88546,1,0,Following Too Closely,4456532,28.8,18.3,0.0,0.0,0.0,0.0,3,24.3,46.8,233,Overcast,1,1,
2333,2021-09-11 14:06:00,40.64664,-73.9246,0,0,Unspecified,4457129,24.7,12.9,0.0,0.0,0.0,0.0,3,16.6,34.2,246,Overcast,0,0,
2334,2021-09-12 04:25:00,40.75585,-73.88259,0,0,Driver Inattention/Distraction,4456893,28.8,18.3,0.0,0.0,0.0,0.0,3,24.3,46.8,233,Overcast,0,0,
2335,2021-09-12 19:24:00,40.591927,-73.95768,1,0,Failure to Yield Right-of-Way,4456386,28.8,18.3,0.0,0.0,0.0,0.0,3,24.3,46.8,233,Overcast,1,1,
2336,2021-09-12 17:30:00,40.880688,-73.885704,0,0,Unsafe Speed,4456415,28.8,18.3,0.0,0.0,0.0,0.0,3,24.3,46.8,233,Overcast,0,0,
2337,2021-09-12 19:51:00,40.728283,-73.82941,1,0,Unspecified,4456826,28.8,18.3,0.0,0.0,0.0,0.0,3,24.3,46.8,233,Overcast,1,1,
2338,2021-09-12 07:20:00,40.89204,-73.85814,0,0,Traffic Control Disregarded,4456475,28.8,18.3,0.0,0.0,0.0,0.0,3,24.3,46.8,233,Overcast,0,0,
2339,2021-09-10 17:15:00,40.700497,-73.90021,1,0,Failure to Yield Right-of-Way,4457238,22.9,16.0,0.0,0.0,0.0,0.0,3,24.2,47.2,314,Overcast,1,1,
2340,2021-08-30 18:30:00,40.666393,-73.75177,0,0,Driver Inattention/Distraction,4457194,28.7,21.7,3.9,3.9,0.0,7.0,63,14.7,33.8,231,Rain: Moderate,0,0,
2341,2021-09-12 01:45:00,40.84506,-73.916855,0,0,Unsafe Speed,4456499,28.8,18.3,0.0,0.0,0.0,0.0,3,24.3,46.8,233,Overcast,0,0,
2342,2023-01-10 17:53:00,40.658577,-73.89063,0,0,Unspecified,4598241,6.2,0.3,0.0,0.0,0.0,0.0,3,15.6,29.9,285,Overcast,0,0,
2343,2021-08-30 17:30:00,40.817364,-73.895134,0,0,Unspecified,4457155,28.7,21.7,3.9,3.9,0.0,7.0,63,14.7,33.8,231,Rain: Moderate,0,0,
2344,2021-09-12 04:00:00,40.64601,-73.95408,0,0,Driver Inattention/Distraction,4456207,28.8,18.3,0.0,0.0,0.0,0.0,3,24.3,46.8,233,Overcast,0,0,
2345,2021-09-12 08:20:00,40.656296,-73.94945,0,0,Driver Inattention/Distraction,4456840,28.8,18.3,0.0,0.0,0.0,0.0,3,24.3,46.8,233,Overcast,0,0,
2346,2021-09-12 03:12:00,40.688244,-73.82399,1,0,Driver Inexperience,4456736,28.8,18.3,0.0,0.0,0.0,0.0,3,24.3,46.8,233,Overcast,1,1,
2347,2021-09-12 13:25:00,40.706043,-73.82943,0,0,Passing or Lane Usage Improper,4456776,28.8,18.3,0.0,0.0,0.0,0.0,3,24.3,46.8,233,Overcast,0,0,
2348,2021-09-12 00:22:00,40.656292,-73.94949,0,0,Driver Inattention/Distraction,4455989,28.8,18.3,0.0,0.0,0.0,0.0,3,24.3,46.8,233,Overcast,0,0,
2349,2021-09-12 10:37:00,40.61958,-73.96801,0,0,Unspecified,4456421,28.8,18.3,0.0,0.0,0.0,0.0,3,24.3,46.8,233,Overcast,0,0,
2350,2021-09-12 05:44:00,40.61019,-74.03534,0,0,Passenger Distraction,4456119,28.8,18.3,0.0,0.0,0.0,0.0,3,24.3,46.8,233,Overcast,0,0,
2351,2021-09-12 14:30:00,40.629353,-73.884766,1,0,Failure to Yield Right-of-Way,4456504,28.8,18.3,0.0,0.0,0.0,0.0,3,24.3,46.8,233,Overcast,1,1,
2352,2021-09-12 04:45:00,40.830906,-73.8736,1,0,Driver Inattention/Distraction,4455971,28.8,18.3,0.0,0.0,0.0,0.0,3,24.3,46.8,233,Overcast,1,1,
2353,2021-09-12 13:20:00,40.6646,-73.89502,0,0,View Obstructed/Limited,4456282,28.8,18.3,0.0,0.0,0.0,0.0,3,24.3,46.8,233,Overcast,0,0,
2354,2021-09-12 15:53:00,40.66495,-73.993355,1,0,Unspecified,4456729,28.8,18.3,0.0,0.0,0.0,0.0,3,24.3,46.8,233,Overcast,1,1,
2355,2021-09-12 19:15:00,40.81693,-73.921036,0,0,Unspecified,4456469,28.8,18.3,0.0,0.0,0.0,0.0,3,24.3,46.8,233,Overcast,0,0,
2356,2021-09-12 16:25:00,40.76423,-73.74242,0,0,Unspecified,4456185,28.8,18.3,0.0,0.0,0.0,0.0,3,24.3,46.8,233,Overcast,0,0,
2357,2021-09-08 05:20:00,40.86667,-73.90924,0,0,Driver Inattention/Distraction,4457108,26.4,19.6,0.7,0.7,0.0,6.0,51,26.7,55.8,187,Drizzle: Light,0,0,
2358,2021-09-12 21:37:00,40.76788,-73.9815,1,0,Unspecified,4457049,28.8,18.3,0.0,0.0,0.0,0.0,3,24.3,46.8,233,Overcast,1,1,
2359,2021-09-12 16:13:00,40.592403,-73.9954,1,0,Driver Inattention/Distraction,4456360,28.8,18.3,0.0,0.0,0.0,0.0,3,24.3,46.8,233,Overcast,1,1,
2360,2021-09-12 17:30:00,40.639793,-73.929115,1,0,Traffic Control Disregarded,4456337,28.8,18.3,0.0,0.0,0.0,0.0,3,24.3,46.8,233,Overcast,1,1,
2361,2021-09-12 21:28:00,40.85868,-73.89922,1,0,Driver Inattention/Distraction,4456850,28.8,18.3,0.0,0.0,0.0,0.0,3,24.3,46.8,233,Overcast,1,1,
2362,2021-09-12 21:31:00,40.809364,-73.906555,0,0,Unspecified,4456989,28.8,18.3,0.0,0.0,0.0,0.0,3,24.3,46.8,233,Overcast,0,0,
2363,2021-09-12 20:34:00,40.79166,-73.96469,0,0,Failure to Yield Right-of-Way,4456375,28.8,18.3,0.0,0.0,0.0,0.0,3,24.3,46.8,233,Overcast,0,0,
2364,2021-09-12 06:07:00,40.61659,-74.068,0,0,Alcohol Involvement,4456166,28.8,18.3,0.0,0.0,0.0,0.0,3,24.3,46.8,233,Overcast,0,0,
2365,2021-09-12 03:50:00,40.762657,-73.87326,3,0,Driver Inattention/Distraction,4456093,28.8,18.3,0.0,0.0,0.0,0.0,3,24.3,46.8,233,Overcast,3,3,
2366,2021-08-24 22:50:00,40.73518,-73.83629,1,0,Unsafe Speed,4457141,30.6,21.9,0.0,0.0,0.0,0.0,1,13.9,28.1,291,Mainly clear,1,1,Sunny/Clear Conditions
2367,2021-09-12 15:30:00,40.62307,-74.149315,0,0,Unspecified,4456796,28.8,18.3,0.0,0.0,0.0,0.0,3,24.3,46.8,233,Overcast,0,0,
2368,2021-09-12 13:13:00,40.71769,-73.73737,0,0,Driver Inattention/Distraction,4456219,28.8,18.3,0.0,0.0,0.0,0.0,3,24.3,46.8,233,Overcast,0,0,
2369,2021-09-12 18:45:00,40.814186,-73.95087,0,0,Driver Inattention/Distraction,4456723,28.8,18.3,0.0,0.0,0.0,0.0,3,24.3,46.8,233,Overcast,0,0,
2370,2021-09-12 15:38:00,40.81632,-73.903015,0,0,Unspecified,4456461,28.8,18.3,0.0,0.0,0.0,0.0,3,24.3,46.8,233,Overcast,0,0,
2371,2021-09-12 03:05:00,40.67066,-73.904205,0,0,Other Vehicular,4456084,28.8,18.3,0.0,0.0,0.0,0.0,3,24.3,46.8,233,Overcast,0,0,
2372,2021-09-12 08:50:00,40.683838,-73.8715,0,0,Unspecified,4456300,28.8,18.3,0.0,0.0,0.0,0.0,3,24.3,46.8,233,Overcast,0,0,
2373,2023-01-14 09:00:00,40.827774,-73.945755,1,0,Alcohol Involvement,4597614,2.8,-0.9,0.0,0.0,0.0,0.0,3,25.6,45.7,351,Overcast,1,1,
2374,2021-09-12 04:00:00,40.855553,-73.88757,0,0,Unsafe Speed,4456405,28.8,18.3,0.0,0.0,0.0,0.0,3,24.3,46.8,233,Overcast,0,0,
2375,2021-09-12 15:15:00,40.876476,-73.904495,0,0,Unspecified,4456247,28.8,18.3,0.0,0.0,0.0,0.0,3,24.3,46.8,233,Overcast,0,0,
2376,2021-09-04 04:10:00,40.719337,-73.985916,0,0,Unspecified,4457103,25.2,14.5,0.0,0.0,0.0,0.0,3,15.4,27.0,289,Overcast,0,0,
2377,2021-09-12 12:27:00,40.73329,-73.98719,0,0,Passing or Lane Usage Improper,4456881,28.8,18.3,0.0,0.0,0.0,0.0,3,24.3,46.8,233,Overcast,0,0,
2378,2021-09-11 21:45:00,40.719128,-74.00517,1,0,Driver Inattention/Distraction,4457175,24.7,12.9,0.0,0.0,0.0,0.0,3,16.6,34.2,246,Overcast,1,1,
2379,2021-09-12 06:00:00,40.655758,-73.873505,0,0,Unspecified,4456325,28.8,18.3,0.0,0.0,0.0,0.0,3,24.3,46.8,233,Overcast,0,0,
2380,2021-09-12 15:00:00,40.70739,-73.96523,0,0,Backing Unsafely,4456937,28.8,18.3,0.0,0.0,0.0,0.0,3,24.3,46.8,233,Overcast,0,0,
2381,2021-09-11 16:15:00,40.66955,-73.94497,0,0,Driver Inattention/Distraction,4457212,24.7,12.9,0.0,0.0,0.0,0.0,3,16.6,34.2,246,Overcast,0,0,
2382,2021-09-12 12:43:00,40.834515,-73.91771,1,0,View Obstructed/Limited,4456500,28.8,18.3,0.0,0.0,0.0,0.0,3,24.3,46.8,233,Overcast,1,1,
2383,2021-09-12 00:40:00,40.684383,-73.823265,0,0,Driver Inattention/Distraction,4456135,28.8,18.3,0.0,0.0,0.0,0.0,3,24.3,46.8,233,Overcast,0,0,
2384,2021-09-12 15:00:00,40.72123,-74.00655,0,0,Passing Too Closely,4456719,28.8,18.3,0.0,0.0,0.0,0.0,3,24.3,46.8,233,Overcast,0,0,
2385,2021-09-12 17:13:00,40.813095,-73.89827,4,0,View Obstructed/Limited,4457154,28.8,18.3,0.0,0.0,0.0,0.0,3,24.3,46.8,233,Overcast,4,4,
2386,2021-09-12 12:08:00,40.675446,-73.81354,0,0,Following Too Closely,4456478,28.8,18.3,0.0,0.0,0.0,0.0,3,24.3,46.8,233,Overcast,0,0,
2387,2021-09-12 11:00:00,40.739964,-73.89424,1,0,Failure to Yield Right-of-Way,4456111,28.8,18.3,0.0,0.0,0.0,0.0,3,24.3,46.8,233,Overcast,1,1,
2388,2021-09-12 05:50:00,40.6568,-73.928,2,0,Unspecified,4456208,28.8,18.3,0.0,0.0,0.0,0.0,3,24.3,46.8,233,Overcast,2,2,
2389,2021-09-12 00:00:00,40.66985,-73.74325,0,0,Driver Inattention/Distraction,4456818,28.8,18.3,0.0,0.0,0.0,0.0,3,24.3,46.8,233,Overcast,0,0,
2390,2021-09-12 00:16:00,40.587147,-74.15391,0,0,Driver Inattention/Distraction,4456790,28.8,18.3,0.0,0.0,0.0,0.0,3,24.3,46.8,233,Overcast,0,0,
2391,2021-09-12 03:45:00,40.688946,-73.947014,0,0,Unspecified,4456037,28.8,18.3,0.0,0.0,0.0,0.0,3,24.3,46.8,233,Overcast,0,0,
2392,2021-09-12 21:43:00,40.756985,-73.86738,0,0,Unspecified,4456894,28.8,18.3,0.0,0.0,0.0,0.0,3,24.3,46.8,233,Overcast,0,0,
2393,2021-09-12 12:25:00,40.708046,-73.94366,0,0,Following Too Closely,4456380,28.8,18.3,0.0,0.0,0.0,0.0,3,24.3,46.8,233,Overcast,0,0,
2394,2021-09-12 10:30:00,40.61751,-74.07305,2,0,Driver Inattention/Distraction,4457080,28.8,18.3,0.0,0.0,0.0,0.0,3,24.3,46.8,233,Overcast,2,2,
2395,2021-09-07 19:03:00,40.865406,-73.86838,1,0,,4457090,25.9,15.2,0.0,0.0,0.0,0.0,1,12.5,25.6,259,Mainly clear,1,1,Sunny/Clear Conditions
2396,2021-09-12 03:41:00,40.66871,-73.91731,1,0,Unspecified,4455948,28.8,18.3,0.0,0.0,0.0,0.0,3,24.3,46.8,233,Overcast,1,1,
2397,2021-09-12 22:30:00,40.748913,-73.9374,1,0,Driver Inattention/Distraction,4457225,28.8,18.3,0.0,0.0,0.0,0.0,3,24.3,46.8,233,Overcast,1,1,
2398,2021-09-12 19:07:00,40.588886,-73.965645,4,0,Unsafe Speed,4456419,28.8,18.3,0.0,0.0,0.0,0.0,3,24.3,46.8,233,Overcast,4,4,
2399,2021-09-12 15:21:00,40.810276,-73.94738,2,0,Failure to Yield Right-of-Way,4456450,28.8,18.3,0.0,0.0,0.0,0.0,3,24.3,46.8,233,Overcast,2,2,
2400,2021-09-11 18:50:00,40.718155,-73.94839,0,0,Unspecified,4457164,24.7,12.9,0.0,0.0,0.0,0.0,3,16.6,34.2,246,Overcast,0,0,
2401,2021-09-12 04:00:00,40.666397,-73.886826,0,0,Driver Inattention/Distraction,4456319,28.8,18.3,0.0,0.0,0.0,0.0,3,24.3,46.8,233,Overcast,0,0,
2402,2021-09-12 01:00:00,40.70835,-73.81325,0,0,Unspecified,4456832,28.8,18.3,0.0,0.0,0.0,0.0,3,24.3,46.8,233,Overcast,0,0,
2403,2021-09-12 04:33:00,40.830906,-73.8736,3,0,Unsafe Speed,4456351,28.8,18.3,0.0,0.0,0.0,0.0,3,24.3,46.8,233,Overcast,3,3,
2404,2021-09-09 00:05:00,40.685463,-73.9506,0,0,Passing or Lane Usage Improper,4457195,22.4,19.8,18.4,18.4,0.0,15.0,63,17.5,39.2,271,Rain: Moderate,0,0,
2405,2021-09-12 10:35:00,40.769436,-73.91711,0,0,Unspecified,4456438,28.8,18.3,0.0,0.0,0.0,0.0,3,24.3,46.8,233,Overcast,0,0,
2406,2021-09-12 05:25:00,40.66664,-73.93133,0,0,Driver Inattention/Distraction,4455988,28.8,18.3,0.0,0.0,0.0,0.0,3,24.3,46.8,233,Overcast,0,0,
2407,2021-09-12 21:20:00,40.611095,-74.11467,3,0,Unsafe Speed,4456539,28.8,18.3,0.0,0.0,0.0,0.0,3,24.3,46.8,233,Overcast,3,3,
2408,2021-09-12 21:45:00,40.682446,-73.911674,1,0,,4456841,28.8,18.3,0.0,0.0,0.0,0.0,3,24.3,46.8,233,Overcast,1,1,
2409,2021-09-12 15:00:00,40.640373,-73.89702,0,0,Driver Inattention/Distraction,4456265,28.8,18.3,0.0,0.0,0.0,0.0,3,24.3,46.8,233,Overcast,0,0,
2410,2021-09-12 16:00:00,40.783226,-73.84313,0,0,Failure to Yield Right-of-Way,4456257,28.8,18.3,0.0,0.0,0.0,0.0,3,24.3,46.8,233,Overcast,0,0,
2411,2021-09-06 00:35:00,40.739166,-73.97997,0,0,Unspecified,4457186,26.9,18.4,0.0,0.0,0.0,0.0,3,19.6,37.8,273,Overcast,0,0,
2412,2021-09-12 01:15:00,40.666775,-73.97836,0,0,Unspecified,4456341,28.8,18.3,0.0,0.0,0.0,0.0,3,24.3,46.8,233,Overcast,0,0,
2413,2021-09-12 07:45:00,40.640553,-74.0043,0,0,Reaction to Uninvolved Vehicle,4457127,28.8,18.3,0.0,0.0,0.0,0.0,3,24.3,46.8,233,Overcast,0,0,
2414,2021-09-01 16:26:00,40.59631,-73.93732,0,0,Unspecified,4457042,23.2,18.4,121.7,121.7,0.0,18.0,65,43.2,78.5,42,Rain: Heavy,0,0,
2415,2021-09-12 14:41:00,40.74197,-73.84116,0,0,Driver Inattention/Distraction,4456414,28.8,18.3,0.0,0.0,0.0,0.0,3,24.3,46.8,233,Overcast,0,0,
2416,2021-09-12 09:10:00,40.67398,-73.899315,0,0,Unspecified,4456326,28.8,18.3,0.0,0.0,0.0,0.0,3,24.3,46.8,233,Overcast,0,0,
2417,2021-09-12 16:50:00,40.711296,-73.9613,0,0,Passing or Lane Usage Improper,4456940,28.8,18.3,0.0,0.0,0.0,0.0,3,24.3,46.8,233,Overcast,0,0,
2418,2021-09-05 10:06:00,40.618214,-73.95815,0,0,Aggressive Driving/Road Rage,4457064,24.5,16.9,1.0,1.0,0.0,6.0,51,15.5,42.5,204,Drizzle: Light,0,0,
2419,2021-09-12 19:11:00,40.849712,-73.94301,0,0,Alcohol Involvement,4456361,28.8,18.3,0.0,0.0,0.0,0.0,3,24.3,46.8,233,Overcast,0,0,
2420,2021-12-08 15:00:00,40.76224,-73.80657,0,0,Passing or Lane Usage Improper,4484770,4.7,0.9,0.7,0.7,0.0,2.0,51,14.5,24.8,355,Drizzle: Light,0,0,
2421,2023-01-14 06:55:00,40.75175,-74.007935,0,0,Other Vehicular,4598094,2.8,-0.9,0.0,0.0,0.0,0.0,3,25.6,45.7,351,Overcast,0,0,
2422,2023-01-14 02:21:00,40.738575,-73.845345,0,0,Following Too Closely,4598316,2.8,-0.9,0.0,0.0,0.0,0.0,3,25.6,45.7,351,Overcast,0,0,
2423,2023-01-13 09:00:00,40.645344,-73.87897,0,0,Unspecified,4598222,12.6,3.1,2.2,2.2,0.0,12.0,53,26.2,47.2,243,Drizzle: Moderate,0,0,
2424,2023-01-14 12:00:00,40.707016,-73.948235,0,0,Unspecified,4597663,2.8,-0.9,0.0,0.0,0.0,0.0,3,25.6,45.7,351,Overcast,0,0,
2425,2023-01-14 23:31:00,40.576405,-74.127075,0,0,Driver Inattention/Distraction,4597845,2.8,-0.9,0.0,0.0,0.0,0.0,3,25.6,45.7,351,Overcast,0,0,
2426,2023-01-13 23:15:00,40.702354,-73.818756,0,0,Following Too Closely,4598125,12.6,3.1,2.2,2.2,0.0,12.0,53,26.2,47.2,243,Drizzle: Moderate,0,0,
2427,2022-12-30 15:40:00,40.669403,-73.94221,1,0,Unsafe Speed,4598139,13.1,2.1,0.0,0.0,0.0,0.0,3,13.7,25.9,211,Overcast,1,1,
2428,2023-01-12 17:20:00,40.883263,-73.865585,0,0,Steering Failure,4598182,10.1,-0.6,10.8,10.8,0.0,13.0,63,20.1,36.7,117,Rain: Moderate,0,0,
2429,2023-01-13 20:45:00,40.83278,-73.87728,0,0,Unspecified,4598200,12.6,3.1,2.2,2.2,0.0,12.0,53,26.2,47.2,243,Drizzle: Moderate,0,0,
2430,2023-01-14 17:40:00,40.625824,-73.92762,0,0,Alcohol Involvement,4597793,2.8,-0.9,0.0,0.0,0.0,0.0,3,25.6,45.7,351,Overcast,0,0,
2431,2023-01-14 14:06:00,40.649944,-73.97961,0,0,Unspecified,4597710,2.8,-0.9,0.0,0.0,0.0,0.0,3,25.6,45.7,351,Overcast,0,0,
2432,2023-01-14 11:30:00,40.711006,-73.729675,0,0,Failure to Yield Right-of-Way,4597771,2.8,-0.9,0.0,0.0,0.0,0.0,3,25.6,45.7,351,Overcast,0,0,
2433,2023-01-12 12:00:00,40.72167,-73.94484,0,0,Driver Inattention/Distraction,4598334,10.1,-0.6,10.8,10.8,0.0,13.0,63,20.1,36.7,117,Rain: Moderate,0,0,
2434,2023-01-14 00:01:00,40.768234,-73.90709,1,0,Traffic Control Disregarded,4597833,2.8,-0.9,0.0,0.0,0.0,0.0,3,25.6,45.7,351,Overcast,1,1,
2435,2023-01-14 13:30:00,40.746826,-73.891716,0,0,Driver Inattention/Distraction,4597676,2.8,-0.9,0.0,0.0,0.0,0.0,3,25.6,45.7,351,Overcast,0,0,
2436,2023-01-12 17:00:00,0.0,0.0,0,0,Unspecified,4598199,10.1,-0.6,10.8,10.8,0.0,13.0,63,20.1,36.7,117,Rain: Moderate,0,0,
2437,2023-01-14 12:27:00,40.7226,-73.93711,0,0,Following Too Closely,4598059,2.8,-0.9,0.0,0.0,0.0,0.0,3,25.6,45.7,351,Overcast,0,0,
2438,2023-01-14 16:00:00,40.71154,-73.83624,0,0,Reaction to Uninvolved Vehicle,4598099,2.8,-0.9,0.0,0.0,0.0,0.0,3,25.6,45.7,351,Overcast,0,0,
2439,2023-01-08 13:20:00,40.673943,-73.86393,0,0,Unspecified,4598215,4.2,-2.3,0.0,0.0,0.0,0.0,3,14.0,24.5,289,Overcast,0,0,
2440,2023-01-13 10:50:00,40.816696,-73.923096,1,0,Failure to Yield Right-of-Way,4598151,12.6,3.1,2.2,2.2,0.0,12.0,53,26.2,47.2,243,Drizzle: Moderate,1,1,
2441,2023-01-14 00:15:00,40.66813,-73.93675,0,0,Driver Inattention/Distraction,4598206,2.8,-0.9,0.0,0.0,0.0,0.0,3,25.6,45.7,351,Overcast,0,0,
2442,2023-01-14 16:50:00,40.640625,-74.014984,0,0,Unspecified,4597704,2.8,-0.9,0.0,0.0,0.0,0.0,3,25.6,45.7,351,Overcast,0,0,
2443,2023-01-14 21:35:00,40.74314,-73.981705,0,0,Driver Inattention/Distraction,4597817,2.8,-0.9,0.0,0.0,0.0,0.0,3,25.6,45.7,351,Overcast,0,0,
2444,2021-04-19 17:30:00,40.655853,-73.910126,1,0,,4409250,16.9,5.0,0.0,0.0,0.0,0.0,3,14.7,31.0,214,Overcast,1,1,
2445,2023-01-14 20:24:00,40.605434,-73.95255,2,0,Unspecified,4598007,2.8,-0.9,0.0,0.0,0.0,0.0,3,25.6,45.7,351,Overcast,2,2,
2446,2022-12-23 08:50:00,40.857426,-73.89111,0,0,Passing or Lane Usage Improper,4598138,12.9,-12.9,20.4,19.8,0.42,14.0,73,44.5,83.2,206,Snow fall: Moderate,0,0,Snowy Conditions
2447,2023-01-12 15:26:00,40.77674,-73.82433,1,0,Failure to Yield Right-of-Way,4598263,10.1,-0.6,10.8,10.8,0.0,13.0,63,20.1,36.7,117,Rain: Moderate,1,1,
2448,2023-01-14 17:00:00,40.7179,-73.83202,0,0,Following Too Closely,4597846,2.8,-0.9,0.0,0.0,0.0,0.0,3,25.6,45.7,351,Overcast,0,0,
2449,2023-01-14 22:30:00,40.59662,-74.00231,1,0,Driver Inattention/Distraction,4597940,2.8,-0.9,0.0,0.0,0.0,0.0,3,25.6,45.7,351,Overcast,1,1,
2450,2023-01-12 18:15:00,40.64076,-73.97502,1,0,Unspecified,4598344,10.1,-0.6,10.8,10.8,0.0,13.0,63,20.1,36.7,117,Rain: Moderate,1,1,
2451,2023-01-14 15:00:00,40.66839,-73.88032,0,0,Unspecified,4598240,2.8,-0.9,0.0,0.0,0.0,0.0,3,25.6,45.7,351,Overcast,0,0,
2452,2023-01-14 13:00:00,40.77007,-73.73598,0,0,Other Vehicular,4598168,2.8,-0.9,0.0,0.0,0.0,0.0,3,25.6,45.7,351,Overcast,0,0,
2453,2022-12-18 06:36:00,40.823536,-73.93108,0,0,Obstruction/Debris,4598194,3.9,-2.6,0.0,0.0,0.0,0.0,3,21.7,40.3,283,Overcast,0,0,
2454,2023-01-14 15:57:00,40.727005,-73.99308,0,0,Unspecified,4598323,2.8,-0.9,0.0,0.0,0.0,0.0,3,25.6,45.7,351,Overcast,0,0,
2455,2023-01-14 10:46:00,40.72389,-73.93495,0,0,Unspecified,4598054,2.8,-0.9,0.0,0.0,0.0,0.0,3,25.6,45.7,351,Overcast,0,0,
2456,2023-01-05 07:50:00,40.666534,-73.80995,0,0,,4598282,12.9,7.2,0.0,0.0,0.0,0.0,3,12.8,23.8,75,Overcast,0,0,
2457,2023-01-14 03:00:00,40.692516,-73.85911,0,0,View Obstructed/Limited,4598095,2.8,-0.9,0.0,0.0,0.0,0.0,3,25.6,45.7,351,Overcast,0,0,
2458,2023-01-14 17:32:00,40.768875,-73.94898,1,0,Following Too Closely,4597980,2.8,-0.9,0.0,0.0,0.0,0.0,3,25.6,45.7,351,Overcast,1,1,
2459,2022-12-20 13:40:00,40.856243,-73.895584,0,0,Other Vehicular,4598132,3.7,-2.4,0.0,0.0,0.0,0.0,2,18.3,34.6,314,Partly cloudy,0,0,
2460,2023-01-14 15:40:00,40.74508,-73.86438,1,0,Pedestrian/Bicyclist/Other Pedestrian Error/Confusion,4597852,2.8,-0.9,0.0,0.0,0.0,0.0,3,25.6,45.7,351,Overcast,1,1,
2461,2023-01-13 23:00:00,40.686615,-73.8796,0,0,Passing Too Closely,4598247,12.6,3.1,2.2,2.2,0.0,12.0,53,26.2,47.2,243,Drizzle: Moderate,0,0,
2462,2023-01-11 15:30:00,40.714195,-73.99496,0,0,Unspecified,4598110,3.3,-1.5,0.0,0.0,0.0,0.0,3,13.2,23.4,50,Overcast,0,0,
2463,2023-01-14 12:00:00,40.7122,-73.88591,0,0,Following Too Closely,4597996,2.8,-0.9,0.0,0.0,0.0,0.0,3,25.6,45.7,351,Overcast,0,0,
2464,2023-01-09 16:45:00,40.710453,-73.93734,0,0,Passing Too Closely,4598111,6.9,0.6,1.7,0.9,0.56,5.0,73,17.2,32.0,282,Snow fall: Moderate,0,0,Snowy Conditions
2465,2023-01-14 21:00:00,40.726814,-73.83846,1,0,Unsafe Speed,4598081,2.8,-0.9,0.0,0.0,0.0,0.0,3,25.6,45.7,351,Overcast,1,1,
2466,2022-12-24 15:42:00,40.81554,-73.88582,0,0,Unspecified,4598311,-6.9,-13.7,0.0,0.0,0.0,0.0,3,33.2,65.9,260,Overcast,0,0,
2467,2023-01-14 01:05:00,40.661312,-73.77522,1,0,Unsafe Speed,4597591,2.8,-0.9,0.0,0.0,0.0,0.0,3,25.6,45.7,351,Overcast,1,1,
2468,2022-01-17 05:55:00,40.861862,-73.91275,0,0,Following Too Closely,4598358,9.7,0.4,33.6,32.8,0.56,12.0,73,54.1,99.7,183,Snow fall: Moderate,0,0,Snowy Conditions
2469,2021-04-13 10:00:00,40.737804,-73.98276,0,0,Alcohol Involvement,4408078,18.3,5.8,4.5,4.5,0.0,5.0,61,14.5,28.1,17,Rain: Light,0,0,
2470,2021-04-12 19:30:00,40.67642,-73.94154,6,0,Steering Failure,4408273,8.7,6.7,13.6,13.6,0.0,21.0,61,23.4,42.1,51,Rain: Light,6,6,
2471,2021-04-08 19:55:00,40.830307,-73.89873,0,1,Driver Inexperience,4407509,18.2,5.5,0.0,0.0,0.0,0.0,3,18.0,35.3,173,Overcast,20,1,
2472,2023-01-14 22:30:00,40.81148,-73.9264,0,0,Unspecified,4597920,2.8,-0.9,0.0,0.0,0.0,0.0,3,25.6,45.7,351,Overcast,0,0,
2473,2023-01-12 07:30:00,40.670517,-73.863106,0,0,Passing Too Closely,4598229,10.1,-0.6,10.8,10.8,0.0,13.0,63,20.1,36.7,117,Rain: Moderate,0,0,
2474,2023-01-14 15:45:00,40.611286,-73.920204,0,0,Other Vehicular,4598273,2.8,-0.9,0.0,0.0,0.0,0.0,3,25.6,45.7,351,Overcast,0,0,
2475,2023-01-14 04:10:00,40.743164,-73.77733,1,0,Driver Inattention/Distraction,4597652,2.8,-0.9,0.0,0.0,0.0,0.0,3,25.6,45.7,351,Overcast,1,1,
2476,2023-01-12 19:00:00,40.727093,-73.99156,1,0,Unsafe Speed,4598317,10.1,-0.6,10.8,10.8,0.0,13.0,63,20.1,36.7,117,Rain: Moderate,1,1,
2477,2023-01-14 14:30:00,40.73862,-73.8508,0,0,Driver Inattention/Distraction,4597851,2.8,-0.9,0.0,0.0,0.0,0.0,3,25.6,45.7,351,Overcast,0,0,
2478,2023-01-14 09:12:00,40.825848,-73.90993,0,0,Following Too Closely,4598083,2.8,-0.9,0.0,0.0,0.0,0.0,3,25.6,45.7,351,Overcast,0,0,
2479,2023-01-14 06:00:00,40.847908,-73.87121,1,0,Unsafe Speed,4597981,2.8,-0.9,0.0,0.0,0.0,0.0,3,25.6,45.7,351,Overcast,1,1,
2480,2023-01-13 01:44:00,40.68067,-73.885826,0,0,Alcohol Involvement,4598221,12.6,3.1,2.2,2.2,0.0,12.0,53,26.2,47.2,243,Drizzle: Moderate,0,0,