,CRASH DATETIME,LATITUDE,LONGITUDE,NUMBER OF PERSONS INJURED,NUMBER OF PERSONS KILLED,CONTRIBUTING FACTOR VEHICLE 1,COLLISION_ID,temperature_2m_max,temperature_2m_min,precipitation_sum,rain_sum,snowfall_sum,precipitation_hours,weather_code,wind_speed_10m_max,wind_gusts_10m_max,wind_direction_10m_dominant,Weather Description,Severity_Score,Total_Affected_Persons,Weather_Category
2481,2023-01-13 08:20:00,40.668167,-73.89784,1,0,Unspecified,4598246,12.6,3.1,2.2,2.2,0.0,12.0,53,26.2,47.2,243,Drizzle: Moderate,1,1,
2482,2023-01-14 02:30:00,40.711742,-73.78115,0,0,Unsafe Speed,4598042,2.8,-0.9,0.0,0.0,0.0,0.0,3,25.6,45.7,351,Overcast,0,0,
2483,2023-01-14 20:25:00,40.732735,-73.86079,1,0,Driver Inattention/Distraction,4598342,2.8,-0.9,0.0,0.0,0.0,0.0,3,25.6,45.7,351,Overcast,1,1,
2484,2023-01-14 18:35:00,40.63485,-73.93414,4,0,Other Vehicular,4597718,2.8,-0.9,0.0,0.0,0.0,0.0,3,25.6,45.7,351,Overcast,4,4,
2485,2023-01-14 22:26:00,40.611614,-73.97459,0,0,Unsafe Speed,4597893,2.8,-0.9,0.0,0.0,0.0,0.0,3,25.6,45.7,351,Overcast,0,0,
2486,2023-01-12 15:15:00,40.658577,-73.89063,3,0,Unspecified,4598209,10.1,-0.6,10.8,10.8,0.0,13.0,63,20.1,36.7,117,Rain: Moderate,3,3,
2487,2023-01-14 17:10:00,40.635483,-74.01113,0,0,Driver Inattention/Distraction,4597705,2.8,-0.9,0.0,0.0,0.0,0.0,3,25.6,45.7,351,Overcast,0,0,
2488,2023-01-09 07:15:00,40.634506,-73.89961,0,0,Unspecified,4598116,6.9,0.6,1.7,0.9,0.56,5.0,73,17.2,32.0,282,Snow fall: Moderate,0,0,Snowy Conditions
2489,2023-01-11 19:20:00,40.796234,-73.93811,1,0,Fell Asleep,4598169,3.3,-1.5,0.0,0.0,0.0,0.0,3,13.2,23.4,50,Overcast,1,1,
2490,2023-01-14 00:20:00,40.748806,-73.99221,0,0,Failure to Yield Right-of-Way,4597759,2.8,-0.9,0.0,0.0,0.0,0.0,3,25.6,45.7,351,Overcast,0,0,
2491,2023-01-11 22:27:00,40.64117,-73.90625,0,0,Passing or Lane Usage Improper,4598264,3.3,-1.5,0.0,0.0,0.0,0.0,3,13.2,23.4,50,Overcast,0,0,
2492,2023-01-14 14:30:00,40.72335,-73.97525,0,0,Unspecified,4598322,2.8,-0.9,0.0,0.0,0.0,0.0,3,25.6,45.7,351,Overcast,0,0,
2493,2021-04-19 13:20:00,40.741234,-73.7068,2,0,Driver Inattention/Distraction,4408654,16.9,5.0,0.0,0.0,0.0,0.0,3,14.7,31.0,214,Overcast,2,2,
2494,2021-04-19 15:30:00,40.822304,-73.91485,0,0,Traffic Control Disregarded,4408771,16.9,5.0,0.0,0.0,0.0,0.0,3,14.7,31.0,214,Overcast,0,0,
2495,2021-04-19 21:59:00,40.729607,-73.82489,3,0,Unspecified,4408717,16.9,5.0,0.0,0.0,0.0,0.0,3,14.7,31.0,214,Overcast,3,3,
2496,2021-04-19 16:30:00,40.703762,-73.94262,0,0,Passing Too Closely,4409401,16.9,5.0,0.0,0.0,0.0,0.0,3,14.7,31.0,214,Overcast,0,0,
2497,2021-04-16 07:30:00,40.806778,-73.943115,0,0,Unspecified,4409170,11.8,3.7,2.9,2.9,0.0,12.0,53,23.5,49.0,307,Drizzle: Moderate,0,0,
2498,2021-04-14 07:55:00,40.819283,-73.937096,0,0,Unspecified,4409122,19.7,5.4,0.0,0.0,0.0,0.0,3,20.8,39.6,227,Overcast,0,0,
2499,2021-04-19 00:04:00,40.77456,-73.76602,0,0,Tire Failure/Inadequate,4408324,16.9,5.0,0.0,0.0,0.0,0.0,3,14.7,31.0,214,Overcast,0,0,
2500,2021-04-19 03:25:00,40.768887,-73.90691,0,0,Driver Inattention/Distraction,4408693,16.9,5.0,0.0,0.0,0.0,0.0,3,14.7,31.0,214,Overcast,0,0,
2501,2021-04-19 10:45:00,40.637806,-74.128876,0,0,Driver Inattention/Distraction,4408845,16.9,5.0,0.0,0.0,0.0,0.0,3,14.7,31.0,214,Overcast,0,0,
2502,2021-04-19 08:45:00,40.644405,-73.964096,0,0,Unspecified,4408735,16.9,5.0,0.0,0.0,0.0,0.0,3,14.7,31.0,214,Overcast,0,0,
2503,2021-04-19 22:40:00,40.82124,-73.90992,1,0,Unspecified,4409044,16.9,5.0,0.0,0.0,0.0,0.0,3,14.7,31.0,214,Overcast,1,1,
2504,2021-04-19 11:15:00,40.743332,-73.99991,0,0,Driver Inattention/Distraction,4409216,16.9,5.0,0.0,0.0,0.0,0.0,3,14.7,31.0,214,Overcast,0,0,
2505,2021-04-17 16:22:00,40.724236,-73.997795,0,0,Unspecified,4409308,11.8,4.9,0.3,0.3,0.0,2.0,51,17.1,32.4,313,Drizzle: Light,0,0,
2506,2021-04-19 02:15:00,40.67306,-73.82593,0,0,Passing Too Closely,4408420,16.9,5.0,0.0,0.0,0.0,0.0,3,14.7,31.0,214,Overcast,0,0,
2507,2021-04-19 15:39:00,40.64333,-73.95973,0,0,Failure to Yield Right-of-Way,4408742,16.9,5.0,0.0,0.0,0.0,0.0,3,14.7,31.0,214,Overcast,0,0,
2508,2021-04-19 19:08:00,40.777153,-73.92087,0,0,Unspecified,4409162,16.9,5.0,0.0,0.0,0.0,0.0,3,14.7,31.0,214,Overcast,0,0,
2509,2021-04-19 09:00:00,40.853172,-73.88964,1,0,Driver Inattention/Distraction,4409203,16.9,5.0,0.0,0.0,0.0,0.0,3,14.7,31.0,214,Overcast,1,1,
2510,2021-04-19 09:30:00,40.824158,-73.87462,0,0,Failure to Yield Right-of-Way,4408914,16.9,5.0,0.0,0.0,0.0,0.0,3,14.7,31.0,214,Overcast,0,0,
2511,2021-04-19 06:40:00,40.758633,-73.96579,1,0,Driver Inattention/Distraction,4408463,16.9,5.0,0.0,0.0,0.0,0.0,3,14.7,31.0,214,Overcast,1,1,
2512,2021-04-19 08:00:00,40.739494,-73.97663,0,0,Driver Inattention/Distraction,4408637,16.9,5.0,0.0,0.0,0.0,0.0,3,14.7,31.0,214,Overcast,0,0,
2513,2021-04-19 17:48:00,40.823658,-73.91206,1,0,Unspecified,4408776,16.9,5.0,0.0,0.0,0.0,0.0,3,14.7,31.0,214,Overcast,1,1,
2514,2021-04-19 11:21:00,40.679707,-73.87979,0,0,Unspecified,4408800,16.9,5.0,0.0,0.0,0.0,0.0,3,14.7,31.0,214,Overcast,0,0,
2515,2021-04-19 00:00:00,40.817898,-73.938095,1,0,Unspecified,4408851,16.9,5.0,0.0,0.0,0.0,0.0,3,14.7,31.0,214,Overcast,1,1,
2516,2021-04-19 09:40:00,40.84134,-73.83169,0,0,Unspecified,4408871,16.9,5.0,0.0,0.0,0.0,0.0,3,14.7,31.0,214,Overcast,0,0,
2517,2021-04-19 11:10:00,40.74074,-73.90779,0,0,Driver Inattention/Distraction,4408611,16.9,5.0,0.0,0.0,0.0,0.0,3,14.7,31.0,214,Overcast,0,0,
2518,2021-04-19 10:18:00,40.76311,-73.962524,0,0,Turning Improperly,4408562,16.9,5.0,0.0,0.0,0.0,0.0,3,14.7,31.0,214,Overcast,0,0,
2519,2021-04-16 19:20:00,40.693844,-73.89692,0,0,Driver Inattention/Distraction,4409259,11.8,3.7,2.9,2.9,0.0,12.0,53,23.5,49.0,307,Drizzle: Moderate,0,0,
2520,2021-04-18 18:48:00,40.717335,-73.88741,0,0,Passing or Lane Usage Improper,4409297,15.1,5.3,0.2,0.2,0.0,2.0,51,13.2,28.4,282,Drizzle: Light,0,0,
2521,2021-04-18 20:30:00,40.64465,-74.085075,1,0,Driver Inattention/Distraction,4409337,15.1,5.3,0.2,0.2,0.0,2.0,51,13.2,28.4,282,Drizzle: Light,1,1,
2522,2021-04-19 13:30:00,40.80578,-73.877304,0,0,Unspecified,4408605,16.9,5.0,0.0,0.0,0.0,0.0,3,14.7,31.0,214,Overcast,0,0,
2523,2021-04-19 01:55:00,40.858444,-73.89851,1,0,Driver Inattention/Distraction,4408569,16.9,5.0,0.0,0.0,0.0,0.0,3,14.7,31.0,214,Overcast,1,1,
2524,2021-04-19 09:30:00,40.60069,-74.010056,0,0,Traffic Control Disregarded,4409181,16.9,5.0,0.0,0.0,0.0,0.0,3,14.7,31.0,214,Overcast,0,0,
2525,2021-04-19 10:22:00,40.85573,-73.910416,1,0,Following Too Closely,4408630,16.9,5.0,0.0,0.0,0.0,0.0,3,14.7,31.0,214,Overcast,1,1,
2526,2021-04-19 06:00:00,40.64453,-73.94599,0,0,Unspecified,4408501,16.9,5.0,0.0,0.0,0.0,0.0,3,14.7,31.0,214,Overcast,0,0,
2527,2021-04-19 10:00:00,40.77972,-73.94434,1,0,Following Too Closely,4408867,16.9,5.0,0.0,0.0,0.0,0.0,3,14.7,31.0,214,Overcast,1,1,
2528,2021-04-19 06:55:00,40.5743,-73.98867,0,0,Fell Asleep,4408729,16.9,5.0,0.0,0.0,0.0,0.0,3,14.7,31.0,214,Overcast,0,0,
2529,2021-04-19 16:10:00,40.74459,-73.884674,0,0,Driver Inattention/Distraction,4408748,16.9,5.0,0.0,0.0,0.0,0.0,3,14.7,31.0,214,Overcast,0,0,
2530,2021-04-19 11:30:00,40.63897,-73.99447,1,0,Unspecified,4408903,16.9,5.0,0.0,0.0,0.0,0.0,3,14.7,31.0,214,Overcast,1,1,
2531,2021-04-19 01:30:00,40.672333,-73.901764,0,0,Traffic Control Disregarded,4408825,16.9,5.0,0.0,0.0,0.0,0.0,3,14.7,31.0,214,Overcast,0,0,
2532,2021-04-19 15:14:00,40.67447,-73.90583,0,0,Failure to Yield Right-of-Way,4408882,16.9,5.0,0.0,0.0,0.0,0.0,3,14.7,31.0,214,Overcast,0,0,
2533,2021-04-19 09:22:00,40.74768,-73.97498,0,0,Driver Inattention/Distraction,4408553,16.9,5.0,0.0,0.0,0.0,0.0,3,14.7,31.0,214,Overcast,0,0,
2534,2021-04-19 09:40:00,40.75826,-73.76829,0,0,Driver Inattention/Distraction,4408619,16.9,5.0,0.0,0.0,0.0,0.0,3,14.7,31.0,214,Overcast,0,0,
2535,2021-04-19 18:19:00,40.65477,-74.00708,1,0,Unspecified,4408705,16.9,5.0,0.0,0.0,0.0,0.0,3,14.7,31.0,214,Overcast,1,1,
2536,2021-04-18 19:00:00,40.88974,-73.84591,0,0,Driver Inattention/Distraction,4409248,15.1,5.3,0.2,0.2,0.0,2.0,51,13.2,28.4,282,Drizzle: Light,0,0,
2537,2021-04-19 10:04:00,40.72098,-73.98696,0,0,Oversized Vehicle,4409360,16.9,5.0,0.0,0.0,0.0,0.0,3,14.7,31.0,214,Overcast,0,0,
2538,2021-04-19 10:41:00,40.687702,-73.97572,0,0,Driver Inattention/Distraction,4408795,16.9,5.0,0.0,0.0,0.0,0.0,3,14.7,31.0,214,Overcast,0,0,
2539,2021-04-18 19:38:00,40.677624,-73.93308,0,0,Driver Inattention/Distraction,4409111,15.1,5.3,0.2,0.2,0.0,2.0,51,13.2,28.4,282,Drizzle: Light,0,0,
2540,2021-04-11 18:09:00,40.787838,-73.97752,1,0,Passing Too Closely,4409272,14.2,8.5,25.3,25.3,0.0,15.0,63,25.7,48.2,77,Rain: Moderate,1,1,
2541,2021-04-19 12:30:00,40.735435,-73.97956,0,0,Backing Unsafely,4408638,16.9,5.0,0.0,0.0,0.0,0.0,3,14.7,31.0,214,Overcast,0,0,
2542,2021-04-14 14:52:00,40.63443,-74.01606,1,0,Driver Inattention/Distraction,4409324,19.7,5.4,0.0,0.0,0.0,0.0,3,20.8,39.6,227,Overcast,1,1,
2543,2021-04-19 17:32:00,40.69666,-73.93109,1,0,Turning Improperly,4408675,16.9,5.0,0.0,0.0,0.0,0.0,3,14.7,31.0,214,Overcast,1,1,
2544,2021-04-17 21:57:00,40.714058,-73.95183,1,0,Failure to Yield Right-of-Way,4409192,11.8,4.9,0.3,0.3,0.0,2.0,51,17.1,32.4,313,Drizzle: Light,1,1,
2545,2021-04-19 10:00:00,40.8307,-73.88519,1,0,Aggressive Driving/Road Rage,4408590,16.9,5.0,0.0,0.0,0.0,0.0,3,14.7,31.0,214,Overcast,1,1,
2546,2021-04-19 10:32:00,40.726856,-73.9409,0,0,Driver Inattention/Distraction,4409034,16.9,5.0,0.0,0.0,0.0,0.0,3,14.7,31.0,214,Overcast,0,0,
2547,2021-04-19 19:42:00,40.673878,-73.88596,0,0,Unspecified,4408837,16.9,5.0,0.0,0.0,0.0,0.0,3,14.7,31.0,214,Overcast,0,0,
2548,2021-04-19 13:00:00,40.75979,-73.98793,0,0,Turning Improperly,4408859,16.9,5.0,0.0,0.0,0.0,0.0,3,14.7,31.0,214,Overcast,0,0,
2549,2021-04-19 21:56:00,40.605473,-74.064644,0,0,Driver Inattention/Distraction,4409338,16.9,5.0,0.0,0.0,0.0,0.0,3,14.7,31.0,214,Overcast,0,0,
2550,2021-04-19 09:40:00,40.642887,-73.95454,2,0,Unspecified,4408973,16.9,5.0,0.0,0.0,0.0,0.0,3,14.7,31.0,214,Overcast,2,2,
2551,2021-04-07 15:00:00,40.77391,-73.91343,0,0,Unspecified,4409174,19.7,6.7,0.5,0.5,0.0,2.0,51,15.5,34.6,14,Drizzle: Light,0,0,
2552,2021-04-19 21:10:00,0.0,0.0,0,0,Passing Too Closely,4408723,16.9,5.0,0.0,0.0,0.0,0.0,3,14.7,31.0,214,Overcast,0,0,
2553,2021-04-11 14:00:00,40.76515,-73.985115,0,0,Unspecified,4409134,14.2,8.5,25.3,25.3,0.0,15.0,63,25.7,48.2,77,Rain: Moderate,0,0,
2554,2021-04-19 18:37:00,40.771954,-73.958984,1,0,Other Vehicular,4408743,16.9,5.0,0.0,0.0,0.0,0.0,3,14.7,31.0,214,Overcast,1,1,
2555,2021-04-19 17:10:00,40.753006,-73.8326,1,0,Failure to Yield Right-of-Way,4408688,16.9,5.0,0.0,0.0,0.0,0.0,3,14.7,31.0,214,Overcast,1,1,
2556,2021-04-19 14:00:00,40.690334,-73.81217,0,0,Passing Too Closely,4408788,16.9,5.0,0.0,0.0,0.0,0.0,3,14.7,31.0,214,Overcast,0,0,
2557,2021-04-18 00:00:00,40.674603,-73.98178,1,0,Failure to Yield Right-of-Way,4409227,15.1,5.3,0.2,0.2,0.0,2.0,51,13.2,28.4,282,Drizzle: Light,1,1,
2558,2021-04-19 01:51:00,40.84506,-73.916855,6,0,Following Too Closely,4409074,16.9,5.0,0.0,0.0,0.0,0.0,3,14.7,31.0,214,Overcast,6,6,
2559,2021-04-17 21:56:00,40.681843,-73.783585,0,0,Passenger Distraction,4409283,11.8,4.9,0.3,0.3,0.0,2.0,51,17.1,32.4,313,Drizzle: Light,0,0,
2560,2021-04-19 22:30:00,40.804695,-73.92239,0,0,Alcohol Involvement,4408760,16.9,5.0,0.0,0.0,0.0,0.0,3,14.7,31.0,214,Overcast,0,0,
2561,2023-01-12 22:00:00,40.659634,-73.87878,0,0,Unspecified,4598216,10.1,-0.6,10.8,10.8,0.0,13.0,63,20.1,36.7,117,Rain: Moderate,0,0,
2562,2021-04-19 07:30:00,40.76542,-73.98383,0,0,Driver Inattention/Distraction,4408763,16.9,5.0,0.0,0.0,0.0,0.0,3,14.7,31.0,214,Overcast,0,0,
2563,2021-04-19 23:06:00,40.772327,-73.94531,0,0,Unspecified,4408737,16.9,5.0,0.0,0.0,0.0,0.0,3,14.7,31.0,214,Overcast,0,0,
2564,2021-04-05 14:35:00,40.778576,-73.901726,0,0,Unspecified,4409156,18.0,5.6,0.0,0.0,0.0,0.0,2,25.7,49.0,313,Partly cloudy,0,0,
2565,2021-04-19 00:16:00,40.745235,-73.937706,0,0,Driver Inattention/Distraction,4408329,16.9,5.0,0.0,0.0,0.0,0.0,3,14.7,31.0,214,Overcast,0,0,
2566,2021-04-17 15:20:00,40.647427,-73.979126,0,0,Unspecified,4409318,11.8,4.9,0.3,0.3,0.0,2.0,51,17.1,32.4,313,Drizzle: Light,0,0,
2567,2021-04-19 17:10:00,40.654434,-73.86084,1,0,Following Too Closely,4408661,16.9,5.0,0.0,0.0,0.0,0.0,3,14.7,31.0,214,Overcast,1,1,
2568,2021-04-19 12:17:00,40.67887,-73.92165,0,0,Failure to Yield Right-of-Way,4408945,16.9,5.0,0.0,0.0,0.0,0.0,3,14.7,31.0,214,Overcast,0,0,
2569,2021-04-16 19:22:00,40.738247,-73.98066,0,0,Alcohol Involvement,4409307,11.8,3.7,2.9,2.9,0.0,12.0,53,23.5,49.0,307,Drizzle: Moderate,0,0,
2570,2021-04-19 18:52:00,40.78461,-73.96984,0,0,Other Vehicular,4409279,16.9,5.0,0.0,0.0,0.0,0.0,3,14.7,31.0,214,Overcast,0,0,
2571,2021-04-16 18:00:00,40.815975,-73.94322,0,0,Failure to Yield Right-of-Way,4409121,11.8,3.7,2.9,2.9,0.0,12.0,53,23.5,49.0,307,Drizzle: Moderate,0,0,
2572,2021-04-19 00:17:00,40.890972,-73.849686,1,0,Turning Improperly,4408421,16.9,5.0,0.0,0.0,0.0,0.0,3,14.7,31.0,214,Overcast,1,1,
2573,2021-04-19 06:00:00,40.71911,-73.76679,0,0,Passing Too Closely,4408644,16.9,5.0,0.0,0.0,0.0,0.0,3,14.7,31.0,214,Overcast,0,0,
2574,2021-04-19 09:40:00,40.636326,-73.958405,1,0,Unspecified,4408739,16.9,5.0,0.0,0.0,0.0,0.0,3,14.7,31.0,214,Overcast,1,1,
2575,2021-04-06 20:00:00,40.891735,-73.84895,0,0,Unsafe Speed,4409206,18.3,4.8,0.0,0.0,0.0,0.0,1,21.9,38.9,319,Mainly clear,0,0,Sunny/Clear Conditions
2576,2021-04-19 02:15:00,40.75372,-73.83283,0,0,Turning Improperly,4408689,16.9,5.0,0.0,0.0,0.0,0.0,3,14.7,31.0,214,Overcast,0,0,
2577,2023-01-14 13:00:00,40.59183,-74.10098,0,0,View Obstructed/Limited,4597878,2.8,-0.9,0.0,0.0,0.0,0.0,3,25.6,45.7,351,Overcast,0,0,
2578,2021-04-19 19:10:00,40.843822,-73.916565,0,0,Driver Inexperience,4409073,16.9,5.0,0.0,0.0,0.0,0.0,3,14.7,31.0,214,Overcast,0,0,
2579,2021-04-14 19:50:00,40.760536,-73.95836,0,0,Following Too Closely,4409421,19.7,5.4,0.0,0.0,0.0,0.0,3,20.8,39.6,227,Overcast,0,0,
2580,2021-04-16 23:28:00,40.707275,-73.896484,0,0,Driver Inattention/Distraction,4409298,11.8,3.7,2.9,2.9,0.0,12.0,53,23.5,49.0,307,Drizzle: Moderate,0,0,
2581,2021-04-19 11:00:00,40.666573,-73.811775,1,0,Following Too Closely,4408578,16.9,5.0,0.0,0.0,0.0,0.0,3,14.7,31.0,214,Overcast,1,1,
2582,2021-04-19 12:20:00,40.623966,-73.9905,0,0,Unspecified,4408607,16.9,5.0,0.0,0.0,0.0,0.0,3,14.7,31.0,214,Overcast,0,0,
2583,2021-04-19 19:50:00,40.67691,-73.87945,0,0,Passing or Lane Usage Improper,4408828,16.9,5.0,0.0,0.0,0.0,0.0,3,14.7,31.0,214,Overcast,0,0,
2584,2021-04-15 06:40:00,40.730846,-73.89146,0,0,Driver Inexperience,4409291,12.9,7.7,15.9,15.9,0.0,15.0,63,17.3,32.0,166,Rain: Moderate,0,0,
2585,2021-04-19 15:54:00,40.692383,-73.73145,1,0,Unspecified,4408655,16.9,5.0,0.0,0.0,0.0,0.0,3,14.7,31.0,214,Overcast,1,1,
2586,2021-04-19 20:30:00,40.68293,-73.910515,0,0,Unsafe Speed,4408887,16.9,5.0,0.0,0.0,0.0,0.0,3,14.7,31.0,214,Overcast,0,0,
2587,2021-04-19 00:53:00,40.799984,-73.944855,1,0,Other Vehicular,4408556,16.9,5.0,0.0,0.0,0.0,0.0,3,14.7,31.0,214,Overcast,1,1,
2588,2021-04-19 08:55:00,40.81766,-73.93076,0,0,Driver Inattention/Distraction,4408770,16.9,5.0,0.0,0.0,0.0,0.0,3,14.7,31.0,214,Overcast,0,0,
2589,2021-04-19 22:40:00,40.675735,-73.89686,0,0,Failure to Yield Right-of-Way,4408838,16.9,5.0,0.0,0.0,0.0,0.0,3,14.7,31.0,214,Overcast,0,0,
2590,2021-04-19 13:30:00,40.67997,-73.77624,0,0,Unspecified,4408600,16.9,5.0,0.0,0.0,0.0,0.0,3,14.7,31.0,214,Overcast,0,0,
2591,2021-04-17 12:30:00,40.668373,-73.92264,0,0,Unspecified,4409116,11.8,4.9,0.3,0.3,0.0,2.0,51,17.1,32.4,313,Drizzle: Light,0,0,
2592,2021-04-17 12:50:00,40.654896,-73.9185,0,0,Unspecified,4409173,11.8,4.9,0.3,0.3,0.0,2.0,51,17.1,32.4,313,Drizzle: Light,0,0,
2593,2021-04-19 00:49:00,40.78614,-73.93929,0,0,Unsafe Lane Changing,4408904,16.9,5.0,0.0,0.0,0.0,0.0,3,14.7,31.0,214,Overcast,0,0,
2594,2021-04-19 16:30:00,40.70118,-73.98778,0,0,Unspecified,4408649,16.9,5.0,0.0,0.0,0.0,0.0,3,14.7,31.0,214,Overcast,0,0,
2595,2021-04-19 18:57:00,40.75855,-73.82964,0,0,Driver Inattention/Distraction,4408709,16.9,5.0,0.0,0.0,0.0,0.0,3,14.7,31.0,214,Overcast,0,0,
2596,2021-04-12 16:54:00,40.784943,-73.946594,1,0,Failure to Yield Right-of-Way,4409391,8.7,6.7,13.6,13.6,0.0,21.0,61,23.4,42.1,51,Rain: Light,1,1,
2597,2021-04-15 10:42:00,40.592846,-73.79616,0,0,Driver Inexperience,4409354,12.9,7.7,15.9,15.9,0.0,15.0,63,17.3,32.0,166,Rain: Moderate,0,0,
2598,2021-04-19 08:12:00,40.757065,-74.00106,1,0,Failure to Yield Right-of-Way,4409215,16.9,5.0,0.0,0.0,0.0,0.0,3,14.7,31.0,214,Overcast,1,1,
2599,2021-04-15 12:53:00,40.849712,-73.83038,1,0,View Obstructed/Limited,4409089,12.9,7.7,15.9,15.9,0.0,15.0,63,17.3,32.0,166,Rain: Moderate,1,1,
2600,2021-04-12 16:20:00,40.722973,-73.83933,0,0,Unspecified,4409332,8.7,6.7,13.6,13.6,0.0,21.0,61,23.4,42.1,51,Rain: Light,0,0,
2601,2021-04-19 13:07:00,40.667637,-73.8996,0,0,Turning Improperly,4408812,16.9,5.0,0.0,0.0,0.0,0.0,3,14.7,31.0,214,Overcast,0,0,
2602,2021-04-19 02:10:00,40.75398,-73.99373,0,0,Driver Inattention/Distraction,4408450,16.9,5.0,0.0,0.0,0.0,0.0,3,14.7,31.0,214,Overcast,0,0,
2603,2021-04-19 08:33:00,40.66659,-73.9032,0,0,Driver Inattention/Distraction,4408881,16.9,5.0,0.0,0.0,0.0,0.0,3,14.7,31.0,214,Overcast,0,0,
2604,2021-04-19 08:00:00,40.650597,-73.97209,0,0,Failure to Yield Right-of-Way,4408632,16.9,5.0,0.0,0.0,0.0,0.0,3,14.7,31.0,214,Overcast,0,0,
2605,2021-04-19 22:15:00,40.576504,-74.1037,0,0,Failure to Yield Right-of-Way,4408844,16.9,5.0,0.0,0.0,0.0,0.0,3,14.7,31.0,214,Overcast,0,0,
2606,2021-04-19 17:27:00,40.824806,-73.91352,0,0,Unspecified,4408775,16.9,5.0,0.0,0.0,0.0,0.0,3,14.7,31.0,214,Overcast,0,0,
2607,2021-04-19 10:45:00,40.70166,-73.961464,0,0,Failure to Yield Right-of-Way,4408728,16.9,5.0,0.0,0.0,0.0,0.0,3,14.7,31.0,214,Overcast,0,0,
2608,2021-04-16 18:00:00,40.764267,-73.722946,0,0,Unsafe Lane Changing,4409375,11.8,3.7,2.9,2.9,0.0,12.0,53,23.5,49.0,307,Drizzle: Moderate,0,0,
2609,2021-04-16 16:30:00,40.777958,-73.90847,0,0,Unspecified,4409178,11.8,3.7,2.9,2.9,0.0,12.0,53,23.5,49.0,307,Drizzle: Moderate,0,0,
2610,2021-04-19 13:45:00,40.733536,-73.87035,1,0,Driver Inattention/Distraction,4408747,16.9,5.0,0.0,0.0,0.0,0.0,3,14.7,31.0,214,Overcast,1,1,
2611,2021-04-19 20:25:00,40.83468,-73.944435,0,0,Driver Inattention/Distraction,4409091,16.9,5.0,0.0,0.0,0.0,0.0,3,14.7,31.0,214,Overcast,0,0,
2612,2021-03-26 16:20:00,40.737797,-73.8507,1,0,Driver Inattention/Distraction,4402282,25.3,9.8,2.7,2.7,0.0,7.0,53,40.0,71.3,233,Drizzle: Moderate,1,1,
2613,2021-04-19 17:55:00,40.742485,-73.912834,0,0,Following Too Closely,4408673,16.9,5.0,0.0,0.0,0.0,0.0,3,14.7,31.0,214,Overcast,0,0,
2614,2021-04-19 15:10:00,40.753693,-73.89831,2,0,Following Too Closely,4408891,16.9,5.0,0.0,0.0,0.0,0.0,3,14.7,31.0,214,Overcast,2,2,
2615,2021-04-19 23:17:00,40.843163,-73.82812,0,0,Unspecified,4408978,16.9,5.0,0.0,0.0,0.0,0.0,3,14.7,31.0,214,Overcast,0,0,
2616,2021-04-19 22:00:00,40.651676,-74.010635,0,0,Unspecified,4408708,16.9,5.0,0.0,0.0,0.0,0.0,3,14.7,31.0,214,Overcast,0,0,
2617,2021-04-19 15:30:00,40.842197,-73.87215,2,0,Reaction to Uninvolved Vehicle,4408850,16.9,5.0,0.0,0.0,0.0,0.0,3,14.7,31.0,214,Overcast,2,2,
2618,2021-04-19 08:06:00,40.82989,-73.873276,0,0,Driver Inattention/Distraction,4408492,16.9,5.0,0.0,0.0,0.0,0.0,3,14.7,31.0,214,Overcast,0,0,
2619,2021-04-19 17:44:00,40.776287,-73.908516,0,0,Passing Too Closely,4408754,16.9,5.0,0.0,0.0,0.0,0.0,3,14.7,31.0,214,Overcast,0,0,
2620,2023-01-14 01:00:00,40.67698,-73.90803,0,0,Unspecified,4598027,2.8,-0.9,0.0,0.0,0.0,0.0,3,25.6,45.7,351,Overcast,0,0,
2621,2021-04-19 16:06:00,40.805367,-73.9219,0,0,Unspecified,4408767,16.9,5.0,0.0,0.0,0.0,0.0,3,14.7,31.0,214,Overcast,0,0,
2622,2021-04-19 13:50:00,40.739395,-73.87792,1,0,Driver Inattention/Distraction,4408753,16.9,5.0,0.0,0.0,0.0,0.0,3,14.7,31.0,214,Overcast,1,1,
2623,2021-04-19 08:25:00,40.827206,-73.94246,1,0,Glare,4409128,16.9,5.0,0.0,0.0,0.0,0.0,3,14.7,31.0,214,Overcast,1,1,
2624,2021-04-19 20:20:00,40.876163,-73.881516,1,0,Driver Inattention/Distraction,4408722,16.9,5.0,0.0,0.0,0.0,0.0,3,14.7,31.0,214,Overcast,1,1,
2625,2021-04-14 16:00:00,40.78228,-73.914604,1,0,Driver Inexperience,4409158,19.7,5.4,0.0,0.0,0.0,0.0,3,20.8,39.6,227,Overcast,1,1,
2626,2021-04-19 01:15:00,40.798576,-73.97316,1,0,Fell Asleep,4408337,16.9,5.0,0.0,0.0,0.0,0.0,3,14.7,31.0,214,Overcast,1,1,
2627,2021-04-16 19:45:00,40.791046,-73.95138,1,0,Traffic Control Disregarded,4409197,11.8,3.7,2.9,2.9,0.0,12.0,53,23.5,49.0,307,Drizzle: Moderate,1,1,
2628,2021-04-18 22:30:00,40.77178,-73.9792,0,0,Driver Inattention/Distraction,4409313,15.1,5.3,0.2,0.2,0.0,2.0,51,13.2,28.4,282,Drizzle: Light,0,0,
2629,2021-04-19 19:00:00,40.692345,-73.88179,0,0,Passing or Lane Usage Improper,4409292,16.9,5.0,0.0,0.0,0.0,0.0,3,14.7,31.0,214,Overcast,0,0,
2630,2021-04-19 23:40:00,40.675735,-73.89686,0,0,Aggressive Driving/Road Rage,4408839,16.9,5.0,0.0,0.0,0.0,0.0,3,14.7,31.0,214,Overcast,0,0,
2631,2021-04-19 10:00:00,40.744576,-73.82581,1,0,Failure to Yield Right-of-Way,4408596,16.9,5.0,0.0,0.0,0.0,0.0,3,14.7,31.0,214,Overcast,1,1,