,CRASH DATETIME,LATITUDE,LONGITUDE,NUMBER OF PERSONS INJURED,NUMBER OF PERSONS KILLED,CONTRIBUTING FACTOR VEHICLE 1,COLLISION_ID,temperature_2m_max,temperature_2m_min,precipitation_sum,rain_sum,snowfall_sum,precipitation_hours,weather_code,wind_speed_10m_max,wind_gusts_10m_max,wind_direction_10m_dominant,Weather Description,Severity_Score,Total_Affected_Persons,Weather_Category
2632,2021-04-19 14:30:00,40.69963,-73.93276,0,0,Unspecified,4408601,16.9,5.0,0.0,0.0,0.0,0.0,3,14.7,31.0,214,Overcast,0,0,
2633,2021-04-19 14:15:00,40.66484,-73.82229,0,0,Unsafe Speed,4408789,16.9,5.0,0.0,0.0,0.0,0.0,3,14.7,31.0,214,Overcast,0,0,
2634,2021-04-19 14:30:00,40.703953,-73.89052,0,0,Passing Too Closely,4409195,16.9,5.0,0.0,0.0,0.0,0.0,3,14.7,31.0,214,Overcast,0,0,
2635,2021-04-19 15:50:00,40.600426,-73.941895,1,0,Unspecified,4408618,16.9,5.0,0.0,0.0,0.0,0.0,3,14.7,31.0,214,Overcast,1,1,
2636,2021-04-19 21:15:00,40.66349,-73.87921,0,0,Driver Inattention/Distraction,4408829,16.9,5.0,0.0,0.0,0.0,0.0,3,14.7,31.0,214,Overcast,0,0,
2637,2021-04-17 14:40:00,40.845985,-73.884476,1,0,Driver Inattention/Distraction,4409226,11.8,4.9,0.3,0.3,0.0,2.0,51,17.1,32.4,313,Drizzle: Light,1,1,
2638,2021-04-19 15:30:00,40.692055,-73.982544,3,0,Driver Inattention/Distraction,4408648,16.9,5.0,0.0,0.0,0.0,0.0,3,14.7,31.0,214,Overcast,3,3,
2639,2021-04-19 14:29:00,40.8753,-73.86813,0,0,Unspecified,4408860,16.9,5.0,0.0,0.0,0.0,0.0,3,14.7,31.0,214,Overcast,0,0,
2640,2021-04-19 14:10:00,40.718544,-73.91784,0,0,Other Vehicular,4409289,16.9,5.0,0.0,0.0,0.0,0.0,3,14.7,31.0,214,Overcast,0,0,
2641,2021-04-19 09:00:00,40.60589,-73.98972,0,0,Driver Inattention/Distraction,4408538,16.9,5.0,0.0,0.0,0.0,0.0,3,14.7,31.0,214,Overcast,0,0,
2642,2021-04-19 17:00:00,40.65686,-73.8393,0,0,Backing Unsafely,4408790,16.9,5.0,0.0,0.0,0.0,0.0,3,14.7,31.0,214,Overcast,0,0,
2643,2021-04-19 09:50:00,40.887486,-73.86211,0,0,Passing or Lane Usage Improper,4408855,16.9,5.0,0.0,0.0,0.0,0.0,3,14.7,31.0,214,Overcast,0,0,
2644,2021-04-19 14:00:00,40.762302,-73.87122,0,0,Driver Inattention/Distraction,4408885,16.9,5.0,0.0,0.0,0.0,0.0,3,14.7,31.0,214,Overcast,0,0,
2645,2021-04-19 10:35:00,40.865562,-73.88965,0,0,Backing Unsafely,4408560,16.9,5.0,0.0,0.0,0.0,0.0,3,14.7,31.0,214,Overcast,0,0,
2646,2021-04-19 08:00:00,40.692356,-73.94282,0,0,Reaction to Uninvolved Vehicle,4408616,16.9,5.0,0.0,0.0,0.0,0.0,3,14.7,31.0,214,Overcast,0,0,
2647,2021-04-15 16:00:00,40.69447,-73.78147,0,0,Pavement Slippery,4409251,12.9,7.7,15.9,15.9,0.0,15.0,63,17.3,32.0,166,Rain: Moderate,0,0,
2648,2021-04-19 14:30:00,40.850166,-73.93576,1,0,Traffic Control Disregarded,4409278,16.9,5.0,0.0,0.0,0.0,0.0,3,14.7,31.0,214,Overcast,1,1,
2649,2021-04-19 08:44:00,40.689804,-73.97794,0,0,Passing or Lane Usage Improper,4408643,16.9,5.0,0.0,0.0,0.0,0.0,3,14.7,31.0,214,Overcast,0,0,
2650,2021-04-19 13:29:00,40.780693,-73.9466,0,0,Unspecified,4408740,16.9,5.0,0.0,0.0,0.0,0.0,3,14.7,31.0,214,Overcast,0,0,
2651,2021-04-10 02:00:00,40.844593,-73.88167,0,0,Driver Inattention/Distraction,4409229,17.0,7.7,1.2,1.2,0.0,3.0,53,14.4,31.7,166,Drizzle: Moderate,0,0,
2652,2021-04-19 18:00:00,40.599907,-73.94664,0,0,Driver Inattention/Distraction,4408941,16.9,5.0,0.0,0.0,0.0,0.0,3,14.7,31.0,214,Overcast,0,0,
2653,2021-04-16 21:28:00,40.514412,-74.20625,6,0,Failure to Yield Right-of-Way,4409183,11.8,3.7,2.9,2.9,0.0,12.0,53,23.5,49.0,307,Drizzle: Moderate,6,6,
2654,2021-04-19 18:08:00,40.75024,-73.94208,1,0,Driver Inattention/Distraction,4408656,16.9,5.0,0.0,0.0,0.0,0.0,3,14.7,31.0,214,Overcast,1,1,
2655,2021-04-19 07:17:00,40.702793,-73.83214,2,0,Traffic Control Disregarded,4408467,16.9,5.0,0.0,0.0,0.0,0.0,3,14.7,31.0,214,Overcast,2,2,
2656,2021-04-19 13:00:00,40.66495,-73.993355,0,0,Unspecified,4408635,16.9,5.0,0.0,0.0,0.0,0.0,3,14.7,31.0,214,Overcast,0,0,
2657,2021-04-14 11:10:00,40.68662,-73.934166,0,0,Driver Inattention/Distraction,4409319,19.7,5.4,0.0,0.0,0.0,0.0,3,20.8,39.6,227,Overcast,0,0,
2658,2021-04-19 13:00:00,40.824997,-73.89296,0,0,Unsafe Speed,4408779,16.9,5.0,0.0,0.0,0.0,0.0,3,14.7,31.0,214,Overcast,0,0,
2659,2021-04-19 16:05:00,40.61499,-73.994354,1,0,Driver Inattention/Distraction,4408624,16.9,5.0,0.0,0.0,0.0,0.0,3,14.7,31.0,214,Overcast,1,1,
2660,2021-04-14 10:45:00,40.676765,-73.999695,1,0,Failure to Yield Right-of-Way,4409423,19.7,5.4,0.0,0.0,0.0,0.0,3,20.8,39.6,227,Overcast,1,1,
2661,2021-04-19 14:10:00,40.827343,-73.94279,0,0,Other Vehicular,4409126,16.9,5.0,0.0,0.0,0.0,0.0,3,14.7,31.0,214,Overcast,0,0,
2662,2021-04-19 17:11:00,40.77761,-73.74365,0,0,Driver Inattention/Distraction,4408690,16.9,5.0,0.0,0.0,0.0,0.0,3,14.7,31.0,214,Overcast,0,0,
2663,2021-04-19 10:40:00,40.660217,-73.89675,0,0,Following Too Closely,4408827,16.9,5.0,0.0,0.0,0.0,0.0,3,14.7,31.0,214,Overcast,0,0,
2664,2021-04-19 15:40:00,40.671898,-73.92231,0,0,Traffic Control Disregarded,4408880,16.9,5.0,0.0,0.0,0.0,0.0,3,14.7,31.0,214,Overcast,0,0,
2665,2021-04-19 00:00:00,40.712063,-74.01016,1,0,Passing or Lane Usage Improper,4408733,16.9,5.0,0.0,0.0,0.0,0.0,3,14.7,31.0,214,Overcast,1,1,
2666,2021-04-19 15:55:00,40.83611,-73.92238,0,0,Failure to Yield Right-of-Way,4409072,16.9,5.0,0.0,0.0,0.0,0.0,3,14.7,31.0,214,Overcast,0,0,
2667,2021-04-19 07:30:00,40.893665,-73.86063,0,0,Unspecified,4409213,16.9,5.0,0.0,0.0,0.0,0.0,3,14.7,31.0,214,Overcast,0,0,
2668,2021-04-19 19:25:00,40.696983,-73.935234,1,0,Passing Too Closely,4408684,16.9,5.0,0.0,0.0,0.0,0.0,3,14.7,31.0,214,Overcast,1,1,
2669,2021-04-14 19:56:00,40.668648,-73.92835,1,0,Driver Inattention/Distraction,4409117,19.7,5.4,0.0,0.0,0.0,0.0,3,20.8,39.6,227,Overcast,1,1,
2670,2021-04-19 20:30:00,40.756287,-73.860725,0,0,Unspecified,4408670,16.9,5.0,0.0,0.0,0.0,0.0,3,14.7,31.0,214,Overcast,0,0,
2671,2021-04-19 02:30:00,40.67546,-73.73385,0,0,Unsafe Speed,4408432,16.9,5.0,0.0,0.0,0.0,0.0,3,14.7,31.0,214,Overcast,0,0,
2672,2021-04-17 18:14:00,40.766815,-73.9386,2,0,Unspecified,4409160,11.8,4.9,0.3,0.3,0.0,2.0,51,17.1,32.4,313,Drizzle: Light,2,2,
2673,2021-04-17 04:25:00,40.61242,-74.09936,0,0,Unspecified,4409333,11.8,4.9,0.3,0.3,0.0,2.0,51,17.1,32.4,313,Drizzle: Light,0,0,
2674,2021-04-19 15:15:00,40.56843,-74.14132,2,0,Failure to Yield Right-of-Way,4408608,16.9,5.0,0.0,0.0,0.0,0.0,3,14.7,31.0,214,Overcast,2,2,
2675,2021-04-19 20:25:00,40.749607,-73.89687,1,0,Driver Inattention/Distraction,4408712,16.9,5.0,0.0,0.0,0.0,0.0,3,14.7,31.0,214,Overcast,1,1,
2676,2021-04-05 17:49:00,40.702785,-73.85705,1,0,Unsafe Speed,4409299,18.0,5.6,0.0,0.0,0.0,0.0,2,25.7,49.0,313,Partly cloudy,1,1,
2677,2021-04-19 00:00:00,40.657894,-73.92082,0,0,Unspecified,4409207,16.9,5.0,0.0,0.0,0.0,0.0,3,14.7,31.0,214,Overcast,0,0,
2678,2021-04-19 22:10:00,40.621838,-73.985374,0,0,Unspecified,4408949,16.9,5.0,0.0,0.0,0.0,0.0,3,14.7,31.0,214,Overcast,0,0,
2679,2023-01-09 13:07:00,40.78503,-73.94058,0,0,Aggressive Driving/Road Rage,4598255,6.9,0.6,1.7,0.9,0.56,5.0,73,17.2,32.0,282,Snow fall: Moderate,0,0,Snowy Conditions
2680,2021-04-19 10:09:00,40.709118,-73.79784,1,0,Driver Inattention/Distraction,4409350,16.9,5.0,0.0,0.0,0.0,0.0,3,14.7,31.0,214,Overcast,1,1,
2681,2021-04-19 23:12:00,40.81738,-73.9257,0,0,Unspecified,4408773,16.9,5.0,0.0,0.0,0.0,0.0,3,14.7,31.0,214,Overcast,0,0,
2682,2021-04-19 19:24:00,40.63226,-73.90088,1,0,Unspecified,4408981,16.9,5.0,0.0,0.0,0.0,0.0,3,14.7,31.0,214,Overcast,1,1,
2683,2021-04-19 18:20:00,40.614666,-74.0133,0,0,Failure to Yield Right-of-Way,4408700,16.9,5.0,0.0,0.0,0.0,0.0,3,14.7,31.0,214,Overcast,0,0,
2684,2021-04-19 00:00:00,40.697575,-73.984055,0,0,Unspecified,4408650,16.9,5.0,0.0,0.0,0.0,0.0,3,14.7,31.0,214,Overcast,0,0,
2685,2021-04-17 10:45:00,40.80739,-73.9467,0,0,Unspecified,4409172,11.8,4.9,0.3,0.3,0.0,2.0,51,17.1,32.4,313,Drizzle: Light,0,0,
2686,2021-04-19 11:00:00,40.65333,-73.89001,0,0,Unspecified,4408811,16.9,5.0,0.0,0.0,0.0,0.0,3,14.7,31.0,214,Overcast,0,0,
2687,2021-04-19 10:32:00,40.78775,-73.947464,1,0,Failure to Yield Right-of-Way,4408906,16.9,5.0,0.0,0.0,0.0,0.0,3,14.7,31.0,214,Overcast,1,1,
2688,2021-04-19 09:44:00,40.709053,-73.96711,0,0,Driver Inattention/Distraction,4408727,16.9,5.0,0.0,0.0,0.0,0.0,3,14.7,31.0,214,Overcast,0,0,
2689,2021-04-17 21:52:00,40.788578,-73.939705,0,0,Backing Unsafely,4409392,11.8,4.9,0.3,0.3,0.0,2.0,51,17.1,32.4,313,Drizzle: Light,0,0,
2690,2021-04-19 08:05:00,40.816433,-73.919106,1,0,Driver Inattention/Distraction,4408758,16.9,5.0,0.0,0.0,0.0,0.0,3,14.7,31.0,214,Overcast,1,1,
2691,2021-04-19 22:40:00,40.676094,-73.904366,0,0,Unspecified,4409220,16.9,5.0,0.0,0.0,0.0,0.0,3,14.7,31.0,214,Overcast,0,0,
2692,2021-04-19 17:00:00,40.8385,-73.90509,0,0,Passing Too Closely,4409087,16.9,5.0,0.0,0.0,0.0,0.0,3,14.7,31.0,214,Overcast,0,0,
2693,2021-04-14 18:14:00,40.73715,-73.98859,1,0,Pavement Defective,4409306,19.7,5.4,0.0,0.0,0.0,0.0,3,20.8,39.6,227,Overcast,1,1,
2694,2021-04-19 15:20:00,40.8047,-73.91243,0,0,Driver Inattention/Distraction,4408768,16.9,5.0,0.0,0.0,0.0,0.0,3,14.7,31.0,214,Overcast,0,0,
2695,2021-04-13 06:45:00,40.681656,-73.76238,0,0,Backing Unsafely,4409294,18.3,5.8,4.5,4.5,0.0,5.0,61,14.5,28.1,17,Rain: Light,0,0,
2696,2021-04-19 01:51:00,40.84487,-73.92068,0,0,Unsafe Speed,4408339,16.9,5.0,0.0,0.0,0.0,0.0,3,14.7,31.0,214,Overcast,0,0,
2697,2021-04-12 15:00:00,40.787506,-73.9383,1,0,Following Too Closely,4409199,8.7,6.7,13.6,13.6,0.0,21.0,61,23.4,42.1,51,Rain: Light,1,1,
2698,2021-04-19 11:06:00,40.674225,-73.79986,1,0,Driver Inattention/Distraction,4409151,16.9,5.0,0.0,0.0,0.0,0.0,3,14.7,31.0,214,Overcast,1,1,
2699,2021-04-19 20:50:00,40.6865,-73.98787,1,0,Unsafe Speed,4408679,16.9,5.0,0.0,0.0,0.0,0.0,3,14.7,31.0,214,Overcast,1,1,
2700,2021-04-19 16:23:00,40.83483,-73.85946,0,0,Passing Too Closely,4408842,16.9,5.0,0.0,0.0,0.0,0.0,3,14.7,31.0,214,Overcast,0,0,
2701,2021-04-19 10:30:00,40.610912,-74.16142,1,0,Driver Inattention/Distraction,4408602,16.9,5.0,0.0,0.0,0.0,0.0,3,14.7,31.0,214,Overcast,1,1,
2702,2021-04-19 14:57:00,40.679485,-73.897026,0,0,Unspecified,4408830,16.9,5.0,0.0,0.0,0.0,0.0,3,14.7,31.0,214,Overcast,0,0,
2703,2021-04-15 18:00:00,40.773365,-73.9068,0,0,Driver Inattention/Distraction,4409177,12.9,7.7,15.9,15.9,0.0,15.0,63,17.3,32.0,166,Rain: Moderate,0,0,
2704,2021-04-19 15:46:00,40.624947,-73.97712,0,0,Unspecified,4408950,16.9,5.0,0.0,0.0,0.0,0.0,3,14.7,31.0,214,Overcast,0,0,
2705,2021-04-19 17:00:00,40.575336,-73.996445,0,0,Driver Inattention/Distraction,4408731,16.9,5.0,0.0,0.0,0.0,0.0,3,14.7,31.0,214,Overcast,0,0,
2706,2021-04-19 09:55:00,40.679737,-73.76162,1,0,Unspecified,4408745,16.9,5.0,0.0,0.0,0.0,0.0,3,14.7,31.0,214,Overcast,1,1,
2707,2021-04-19 00:01:00,40.689102,-73.94507,1,0,Driver Inexperience,4408892,16.9,5.0,0.0,0.0,0.0,0.0,3,14.7,31.0,214,Overcast,1,1,
2708,2021-04-19 13:49:00,40.81843,-73.887535,0,0,Unspecified,4408780,16.9,5.0,0.0,0.0,0.0,0.0,3,14.7,31.0,214,Overcast,0,0,
2709,2021-04-19 05:57:00,40.72773,-73.90674,0,0,Driver Inattention/Distraction,4408621,16.9,5.0,0.0,0.0,0.0,0.0,3,14.7,31.0,214,Overcast,0,0,
2710,2021-04-19 09:00:00,40.743275,-73.77572,0,0,Unsafe Lane Changing,4408647,16.9,5.0,0.0,0.0,0.0,0.0,3,14.7,31.0,214,Overcast,0,0,
2711,2021-04-19 10:53:00,40.723835,-73.90634,0,0,Other Vehicular,4409288,16.9,5.0,0.0,0.0,0.0,0.0,3,14.7,31.0,214,Overcast,0,0,
2712,2021-04-19 09:30:00,40.5643,-74.103485,0,0,Passing Too Closely,4408545,16.9,5.0,0.0,0.0,0.0,0.0,3,14.7,31.0,214,Overcast,0,0,
2713,2021-04-19 08:00:00,40.845226,-73.88079,0,0,Passing Too Closely,4409230,16.9,5.0,0.0,0.0,0.0,0.0,3,14.7,31.0,214,Overcast,0,0,
2714,2021-04-19 16:48:00,40.669,-73.8048,0,0,Passing Too Closely,4408791,16.9,5.0,0.0,0.0,0.0,0.0,3,14.7,31.0,214,Overcast,0,0,
2715,2021-04-19 01:35:00,40.655834,-73.98123,1,0,Passing Too Closely,4408707,16.9,5.0,0.0,0.0,0.0,0.0,3,14.7,31.0,214,Overcast,1,1,
2716,2021-04-18 14:30:00,40.736145,-73.92651,1,0,Other Vehicular,4409369,15.1,5.3,0.2,0.2,0.0,2.0,51,13.2,28.4,282,Drizzle: Light,1,1,
2717,2021-04-12 15:32:00,40.700855,-73.86837,0,0,Driver Inattention/Distraction,4409194,8.7,6.7,13.6,13.6,0.0,21.0,61,23.4,42.1,51,Rain: Light,0,0,
2718,2021-04-14 18:15:00,40.772865,-73.98955,0,0,Driver Inattention/Distraction,4409312,19.7,5.4,0.0,0.0,0.0,0.0,3,20.8,39.6,227,Overcast,0,0,
2719,2021-04-19 13:49:00,40.59287,-73.99607,0,0,Unspecified,4408625,16.9,5.0,0.0,0.0,0.0,0.0,3,14.7,31.0,214,Overcast,0,0,
2720,2021-04-19 17:34:00,40.676117,-73.74046,0,0,Following Too Closely,4408651,16.9,5.0,0.0,0.0,0.0,0.0,3,14.7,31.0,214,Overcast,0,0,
2721,2021-04-19 02:16:00,40.710777,-73.86502,0,0,Unspecified,4408908,16.9,5.0,0.0,0.0,0.0,0.0,3,14.7,31.0,214,Overcast,0,0,
2722,2021-04-19 15:50:00,40.8464,-73.84341,0,0,Turning Improperly,4408856,16.9,5.0,0.0,0.0,0.0,0.0,3,14.7,31.0,214,Overcast,0,0,
2723,2021-04-19 16:51:00,40.8733,-73.853645,0,0,Driver Inattention/Distraction,4408864,16.9,5.0,0.0,0.0,0.0,0.0,3,14.7,31.0,214,Overcast,0,0,
2724,2021-04-17 00:39:00,40.79486,-73.94649,0,0,Traffic Control Disregarded,4409393,11.8,4.9,0.3,0.3,0.0,2.0,51,17.1,32.4,313,Drizzle: Light,0,0,
2725,2021-04-19 08:40:00,40.58096,-73.96466,0,0,Tire Failure/Inadequate,4408529,16.9,5.0,0.0,0.0,0.0,0.0,3,14.7,31.0,214,Overcast,0,0,
2726,2021-04-19 23:14:00,40.739582,-73.87372,0,0,Passing or Lane Usage Improper,4408750,16.9,5.0,0.0,0.0,0.0,0.0,3,14.7,31.0,214,Overcast,0,0,
2727,2021-04-19 03:49:00,40.762802,-73.965675,0,0,Traffic Control Disregarded,4409434,16.9,5.0,0.0,0.0,0.0,0.0,3,14.7,31.0,214,Overcast,0,0,
2728,2021-04-19 00:00:00,40.81637,-73.9403,0,0,Unspecified,4408592,16.9,5.0,0.0,0.0,0.0,0.0,3,14.7,31.0,214,Overcast,0,0,
2729,2021-04-19 23:30:00,40.71976,-73.94476,2,0,Tire Failure/Inadequate,4409429,16.9,5.0,0.0,0.0,0.0,0.0,3,14.7,31.0,214,Overcast,2,2,
2730,2021-04-19 00:25:00,40.678677,-73.8928,0,0,Passing Too Closely,4408810,16.9,5.0,0.0,0.0,0.0,0.0,3,14.7,31.0,214,Overcast,0,0,
2731,2021-04-19 08:40:00,40.828236,-73.88602,1,0,Failure to Yield Right-of-Way,4408464,16.9,5.0,0.0,0.0,0.0,0.0,3,14.7,31.0,214,Overcast,1,1,
2732,2021-04-19 19:30:00,40.865448,-73.86635,1,0,Failure to Yield Right-of-Way,4408854,16.9,5.0,0.0,0.0,0.0,0.0,3,14.7,31.0,214,Overcast,1,1,
2733,2021-04-17 15:00:00,40.696983,-73.935234,1,0,Driver Inattention/Distraction,4409321,11.8,4.9,0.3,0.3,0.0,2.0,51,17.1,32.4,313,Drizzle: Light,1,1,
2734,2021-04-19 07:45:00,40.80684,-73.9275,0,0,Unspecified,4408777,16.9,5.0,0.0,0.0,0.0,0.0,3,14.7,31.0,214,Overcast,0,0,
2735,2021-04-19 13:30:00,40.73687,-73.928505,0,0,Driver Inattention/Distraction,4408612,16.9,5.0,0.0,0.0,0.0,0.0,3,14.7,31.0,214,Overcast,0,0,
2736,2021-04-17 01:00:00,40.809605,-73.94981,0,0,Driver Inattention/Distraction,4409171,11.8,4.9,0.3,0.3,0.0,2.0,51,17.1,32.4,313,Drizzle: Light,0,0,
2737,2021-04-16 13:55:00,40.840637,-73.86624,3,0,Other Vehicular,4409118,11.8,3.7,2.9,2.9,0.0,12.0,53,23.5,49.0,307,Drizzle: Moderate,3,3,
2738,2021-04-19 21:05:00,40.697193,-73.72752,2,0,Failure to Yield Right-of-Way,4408713,16.9,5.0,0.0,0.0,0.0,0.0,3,14.7,31.0,214,Overcast,2,2,
2739,2021-04-19 07:50:00,40.730457,-73.99366,0,0,Driver Inattention/Distraction,4409066,16.9,5.0,0.0,0.0,0.0,0.0,3,14.7,31.0,214,Overcast,0,0,
2740,2021-04-19 20:12:00,40.65295,-73.84703,1,0,Traffic Control Disregarded,4408720,16.9,5.0,0.0,0.0,0.0,0.0,3,14.7,31.0,214,Overcast,1,1,
2741,2021-04-17 19:31:00,40.618332,-74.093956,0,0,Unspecified,4409334,11.8,4.9,0.3,0.3,0.0,2.0,51,17.1,32.4,313,Drizzle: Light,0,0,
2742,2021-04-19 00:00:00,40.704845,-73.892136,0,0,Unspecified,4409300,16.9,5.0,0.0,0.0,0.0,0.0,3,14.7,31.0,214,Overcast,0,0,
2743,2021-04-19 10:00:00,40.638733,-73.98468,0,0,Unspecified,4408575,16.9,5.0,0.0,0.0,0.0,0.0,3,14.7,31.0,214,Overcast,0,0,
2744,2021-04-15 17:19:00,40.637054,-73.98643,1,0,Unspecified,4409182,12.9,7.7,15.9,15.9,0.0,15.0,63,17.3,32.0,166,Rain: Moderate,1,1,
2745,2021-04-19 14:00:00,40.653324,-73.8867,0,0,Unspecified,4408826,16.9,5.0,0.0,0.0,0.0,0.0,3,14.7,31.0,214,Overcast,0,0,
2746,2021-04-19 18:56:00,40.6557,-73.911095,1,0,Unspecified,4408878,16.9,5.0,0.0,0.0,0.0,0.0,3,14.7,31.0,214,Overcast,1,1,
2747,2021-04-19 00:00:00,40.65477,-74.00708,1,0,Unspecified,4408636,16.9,5.0,0.0,0.0,0.0,0.0,3,14.7,31.0,214,Overcast,1,1,
2748,2021-04-19 18:30:00,40.72766,-74.00316,1,0,Failure to Yield Right-of-Way,4408734,16.9,5.0,0.0,0.0,0.0,0.0,3,14.7,31.0,214,Overcast,1,1,
2749,2021-04-19 00:00:00,40.823112,-73.8679,1,0,Driver Inattention/Distraction,4408846,16.9,5.0,0.0,0.0,0.0,0.0,3,14.7,31.0,214,Overcast,1,1,
2750,2021-04-19 07:30:00,40.706722,-74.00679,0,0,Passing Too Closely,4408561,16.9,5.0,0.0,0.0,0.0,0.0,3,14.7,31.0,214,Overcast,0,0,
2751,2021-04-19 00:00:00,40.71307,-73.75362,1,0,Pavement Defective,4408433,16.9,5.0,0.0,0.0,0.0,0.0,3,14.7,31.0,214,Overcast,1,1,
2752,2021-04-19 19:00:00,40.729748,-73.74162,0,0,Driver Inattention/Distraction,4408669,16.9,5.0,0.0,0.0,0.0,0.0,3,14.7,31.0,214,Overcast,0,0,
2753,2021-04-16 11:50:00,40.784355,-73.98117,0,0,Backing Unsafely,4409274,11.8,3.7,2.9,2.9,0.0,12.0,53,23.5,49.0,307,Drizzle: Moderate,0,0,
2754,2021-04-19 14:40:00,40.6306,-73.97031,0,0,Unspecified,4408741,16.9,5.0,0.0,0.0,0.0,0.0,3,14.7,31.0,214,Overcast,0,0,
2755,2021-04-19 15:10:00,40.741673,-73.895744,0,0,Following Too Closely,4408639,16.9,5.0,0.0,0.0,0.0,0.0,3,14.7,31.0,214,Overcast,0,0,
2756,2021-04-16 13:25:00,40.61965,-74.09969,1,0,Driver Inattention/Distraction,4409124,11.8,3.7,2.9,2.9,0.0,12.0,53,23.5,49.0,307,Drizzle: Moderate,1,1,
2757,2021-04-17 17:20:00,40.769184,-73.89639,0,0,Unspecified,4409161,11.8,4.9,0.3,0.3,0.0,2.0,51,17.1,32.4,313,Drizzle: Light,0,0,
2758,2021-04-19 18:35:00,40.685158,-73.9273,1,0,Passenger Distraction,4408947,16.9,5.0,0.0,0.0,0.0,0.0,3,14.7,31.0,214,Overcast,1,1,
2759,2021-04-19 18:10:00,40.87029,-73.84318,0,0,Unspecified,4409210,16.9,5.0,0.0,0.0,0.0,0.0,3,14.7,31.0,214,Overcast,0,0,
2760,2021-04-19 18:30:00,40.78058,-73.81431,0,0,Passing or Lane Usage Improper,4408686,16.9,5.0,0.0,0.0,0.0,0.0,3,14.7,31.0,214,Overcast,0,0,
2761,2021-04-19 15:16:00,40.79166,-73.96469,0,0,Driver Inattention/Distraction,4408985,16.9,5.0,0.0,0.0,0.0,0.0,3,14.7,31.0,214,Overcast,0,0,
2762,2021-04-10 19:20:00,40.709057,-73.86324,0,0,,4409256,17.0,7.7,1.2,1.2,0.0,3.0,53,14.4,31.7,166,Drizzle: Moderate,0,0,
2763,2021-04-19 09:10:00,40.599754,-73.750084,0,0,Other Vehicular,4408793,16.9,5.0,0.0,0.0,0.0,0.0,3,14.7,31.0,214,Overcast,0,0,
2764,2021-04-19 14:50:00,40.725365,-73.89454,0,0,Failure to Yield Right-of-Way,4409295,16.9,5.0,0.0,0.0,0.0,0.0,3,14.7,31.0,214,Overcast,0,0,
2765,2021-04-19 18:35:00,40.688904,-73.980934,1,0,Passing or Lane Usage Improper,4409323,16.9,5.0,0.0,0.0,0.0,0.0,3,14.7,31.0,214,Overcast,1,1,
2766,2021-04-19 06:00:00,40.825504,-73.886086,1,0,Unspecified,4408604,16.9,5.0,0.0,0.0,0.0,0.0,3,14.7,31.0,214,Overcast,1,1,
2767,2021-04-19 21:25:00,40.7415,-73.97781,0,0,Unspecified,4408843,16.9,5.0,0.0,0.0,0.0,0.0,3,14.7,31.0,214,Overcast,0,0,
2768,2021-04-04 01:30:00,40.791405,-73.93569,5,0,Other Vehicular,4409193,16.2,3.4,0.0,0.0,0.0,0.0,3,18.5,33.1,302,Overcast,5,5,
2769,2021-04-19 08:00:00,40.593647,-73.78346,0,0,Other Vehicular,4408783,16.9,5.0,0.0,0.0,0.0,0.0,3,14.7,31.0,214,Overcast,0,0,
2770,2021-04-19 12:00:00,40.81847,-73.9414,0,0,Driver Inattention/Distraction,4408591,16.9,5.0,0.0,0.0,0.0,0.0,3,14.7,31.0,214,Overcast,0,0,
2771,2021-04-19 14:47:00,40.662277,-73.91078,5,0,Other Vehicular,4408883,16.9,5.0,0.0,0.0,0.0,0.0,3,14.7,31.0,214,Overcast,5,5,
2772,2021-04-19 14:22:00,40.887413,-73.8607,0,0,Driver Inattention/Distraction,4408865,16.9,5.0,0.0,0.0,0.0,0.0,3,14.7,31.0,214,Overcast,0,0,
2773,2022-02-19 02:28:00,40.711735,-73.73662,0,0,Unspecified,4503863,3.3,-5.5,0.4,0.0,0.28,4.0,71,35.3,64.4,260,Snow fall: Light,0,0,Snowy Conditions
2774,2021-04-14 00:00:00,40.88895,-73.82884,0,0,Alcohol Involvement,4409212,19.7,5.4,0.0,0.0,0.0,0.0,3,20.8,39.6,227,Overcast,0,0,
2775,2021-04-16 14:10:00,40.68949,-73.92207,2,0,Oversized Vehicle,4409301,11.8,3.7,2.9,2.9,0.0,12.0,53,23.5,49.0,307,Drizzle: Moderate,2,2,
2776,2021-04-19 19:13:00,40.82289,-73.94208,0,1,Driver Inattention/Distraction,4408961,16.9,5.0,0.0,0.0,0.0,0.0,3,14.7,31.0,214,Overcast,20,1,
2777,2021-04-19 14:30:00,40.721344,-73.986755,0,0,Failure to Yield Right-of-Way,4409361,16.9,5.0,0.0,0.0,0.0,0.0,3,14.7,31.0,214,Overcast,0,0,
2778,2021-04-19 21:53:00,40.884182,-73.87899,0,0,Unspecified,4408724,16.9,5.0,0.0,0.0,0.0,0.0,3,14.7,31.0,214,Overcast,0,0,
2779,2021-04-19 02:03:00,40.65477,-74.00708,0,0,Following Too Closely,4408350,16.9,5.0,0.0,0.0,0.0,0.0,3,14.7,31.0,214,Overcast,0,0,
2780,2021-04-18 23:30:00,40.761425,-73.86053,0,0,Backing Unsafely,4409285,15.1,5.3,0.2,0.2,0.0,2.0,51,13.2,28.4,282,Drizzle: Light,0,0,
2781,2021-04-19 15:29:00,40.676598,-73.795944,1,0,Unsafe Speed,4408749,16.9,5.0,0.0,0.0,0.0,0.0,3,14.7,31.0,214,Overcast,1,1,
2782,2021-04-19 20:48:00,40.83394,-73.9087,1,0,Unspecified,4408769,16.9,5.0,0.0,0.0,0.0,0.0,3,14.7,31.0,214,Overcast,1,1,
2783,2021-04-17 20:30:00,40.752052,-74.000984,1,0,Failure to Yield Right-of-Way,4409200,11.8,4.9,0.3,0.3,0.0,2.0,51,17.1,32.4,313,Drizzle: Light,1,1,
2784,2021-04-19 00:00:00,40.694557,-73.906555,1,0,Unsafe Speed,4408678,16.9,5.0,0.0,0.0,0.0,0.0,3,14.7,31.0,214,Overcast,1,1,