,CRASH DATETIME,LATITUDE,LONGITUDE,NUMBER OF PERSONS INJURED,NUMBER OF PERSONS KILLED,CONTRIBUTING FACTOR VEHICLE 1,COLLISION_ID,temperature_2m_max,temperature_2m_min,precipitation_sum,rain_sum,snowfall_sum,precipitation_hours,weather_code,wind_speed_10m_max,wind_gusts_10m_max,wind_direction_10m_dominant,Weather Description,Severity_Score,Total_Affected_Persons,Weather_Category
2785,2021-04-19 10:30:00,40.862392,-73.91802,1,0,Turning Improperly,4408898,16.9,5.0,0.0,0.0,0.0,0.0,3,14.7,31.0,214,Overcast,1,1,
2786,2021-04-19 17:25:00,40.64466,-74.00507,0,0,Backing Unsafely,4408706,16.9,5.0,0.0,0.0,0.0,0.0,3,14.7,31.0,214,Overcast,0,0,
2787,2021-04-18 17:45:00,40.84597,-73.896545,0,0,Driver Inattention/Distraction,4409235,15.1,5.3,0.2,0.2,0.0,2.0,51,13.2,28.4,282,Drizzle: Light,0,0,
2788,2021-04-19 17:03:00,40.807556,-73.919235,0,0,Other Vehicular,4408759,16.9,5.0,0.0,0.0,0.0,0.0,3,14.7,31.0,214,Overcast,0,0,
2789,2021-04-19 11:26:00,40.754986,-73.74535,0,0,Following Too Closely,4408620,16.9,5.0,0.0,0.0,0.0,0.0,3,14.7,31.0,214,Overcast,0,0,
2790,2021-04-19 03:35:00,40.64495,-73.95186,1,0,Traffic Control Disregarded,4408504,16.9,5.0,0.0,0.0,0.0,0.0,3,14.7,31.0,214,Overcast,1,1,
2791,2021-04-19 00:17:00,40.66453,-73.89545,0,0,Following Too Closely,4408836,16.9,5.0,0.0,0.0,0.0,0.0,3,14.7,31.0,214,Overcast,0,0,
2792,2021-04-19 17:30:00,40.652317,-73.92752,0,0,Driver Inattention/Distraction,4408910,16.9,5.0,0.0,0.0,0.0,0.0,3,14.7,31.0,214,Overcast,0,0,
2793,2021-04-19 14:35:00,40.66696,-73.77078,0,0,Unsafe Lane Changing,4408653,16.9,5.0,0.0,0.0,0.0,0.0,3,14.7,31.0,214,Overcast,0,0,
2794,2021-04-19 14:30:00,40.752228,-73.98385,0,0,Backing Unsafely,4408646,16.9,5.0,0.0,0.0,0.0,0.0,3,14.7,31.0,214,Overcast,0,0,
2795,2021-04-19 22:15:00,40.8685,-73.832596,1,0,Unspecified,4409217,16.9,5.0,0.0,0.0,0.0,0.0,3,14.7,31.0,214,Overcast,1,1,
2796,2021-04-19 16:00:00,40.63812,-74.02476,1,0,Unspecified,4408699,16.9,5.0,0.0,0.0,0.0,0.0,3,14.7,31.0,214,Overcast,1,1,
2797,2021-04-19 16:45:00,40.579803,-73.97184,0,0,Passing Too Closely,4408730,16.9,5.0,0.0,0.0,0.0,0.0,3,14.7,31.0,214,Overcast,0,0,
2798,2021-04-19 15:00:00,40.633457,-73.94773,0,0,Unspecified,4408744,16.9,5.0,0.0,0.0,0.0,0.0,3,14.7,31.0,214,Overcast,0,0,
2799,2021-04-19 14:00:00,40.74807,-73.83075,1,0,Turning Improperly,4408687,16.9,5.0,0.0,0.0,0.0,0.0,3,14.7,31.0,214,Overcast,1,1,
2800,2021-04-11 01:35:00,40.71307,-73.75362,0,0,Driver Inattention/Distraction,4409310,14.2,8.5,25.3,25.3,0.0,15.0,63,25.7,48.2,77,Rain: Moderate,0,0,
2801,2021-04-19 21:10:00,40.730946,-73.84859,3,0,Driver Inattention/Distraction,4408996,16.9,5.0,0.0,0.0,0.0,0.0,3,14.7,31.0,214,Overcast,3,3,
2802,2021-04-16 13:23:00,40.854763,-73.90765,0,0,Unspecified,4409081,11.8,3.7,2.9,2.9,0.0,12.0,53,23.5,49.0,307,Drizzle: Moderate,0,0,
2803,2021-04-16 18:00:00,40.832027,-73.93528,3,0,Other Vehicular,4409119,11.8,3.7,2.9,2.9,0.0,12.0,53,23.5,49.0,307,Drizzle: Moderate,3,3,
2804,2021-04-19 23:45:00,40.74724,-73.73696,0,0,Unsafe Lane Changing,4408714,16.9,5.0,0.0,0.0,0.0,0.0,3,14.7,31.0,214,Overcast,0,0,
2805,2023-01-08 01:55:00,40.845325,-73.883156,0,0,Other Vehicular,4598144,4.2,-2.3,0.0,0.0,0.0,0.0,3,14.0,24.5,289,Overcast,0,0,
2806,2023-01-14 07:10:00,40.700497,-73.962555,0,0,Passing Too Closely,4597660,2.8,-0.9,0.0,0.0,0.0,0.0,3,25.6,45.7,351,Overcast,0,0,
2807,2023-01-14 18:00:00,40.66714,-73.95925,0,0,Driver Inattention/Distraction,4598204,2.8,-0.9,0.0,0.0,0.0,0.0,3,25.6,45.7,351,Overcast,0,0,
2808,2023-01-14 21:45:00,40.743057,-73.87769,0,0,Driver Inattention/Distraction,4597839,2.8,-0.9,0.0,0.0,0.0,0.0,3,25.6,45.7,351,Overcast,0,0,
2809,2023-01-06 17:55:00,40.870567,-73.83907,1,0,Driver Inattention/Distraction,4598174,8.2,3.2,7.9,7.9,0.0,13.0,61,16.6,28.8,311,Rain: Light,1,1,
2810,2023-01-08 11:40:00,40.745266,-73.85596,0,0,Backing Unsafely,4598123,4.2,-2.3,0.0,0.0,0.0,0.0,3,14.0,24.5,289,Overcast,0,0,
2811,2023-01-14 14:52:00,40.710815,-73.77067,0,0,Unspecified,4598058,2.8,-0.9,0.0,0.0,0.0,0.0,3,25.6,45.7,351,Overcast,0,0,
2812,2023-01-14 00:00:00,40.835236,-73.88481,0,0,Unspecified,4598098,2.8,-0.9,0.0,0.0,0.0,0.0,3,25.6,45.7,351,Overcast,0,0,
2813,2023-01-12 11:42:00,40.667076,-73.78266,0,0,Unspecified,4598256,10.1,-0.6,10.8,10.8,0.0,13.0,63,20.1,36.7,117,Rain: Moderate,0,0,
2814,2023-01-14 05:10:00,40.644634,-73.92647,0,0,Unspecified,4597936,2.8,-0.9,0.0,0.0,0.0,0.0,3,25.6,45.7,351,Overcast,0,0,
2815,2023-01-08 17:00:00,40.89087,-73.8597,0,0,Unspecified,4598212,4.2,-2.3,0.0,0.0,0.0,0.0,3,14.0,24.5,289,Overcast,0,0,
2816,2023-01-14 11:50:00,40.67509,-73.89187,0,0,Unspecified,4598235,2.8,-0.9,0.0,0.0,0.0,0.0,3,25.6,45.7,351,Overcast,0,0,
2817,2023-01-14 11:20:00,40.66569,-73.98259,1,0,Driver Inattention/Distraction,4598016,2.8,-0.9,0.0,0.0,0.0,0.0,3,25.6,45.7,351,Overcast,1,1,
2818,2023-01-14 22:00:00,40.887375,-73.85055,0,0,Unspecified,4598178,2.8,-0.9,0.0,0.0,0.0,0.0,3,25.6,45.7,351,Overcast,0,0,
2819,2023-01-14 00:00:00,40.87921,-73.862625,0,0,Passing or Lane Usage Improper,4597675,2.8,-0.9,0.0,0.0,0.0,0.0,3,25.6,45.7,351,Overcast,0,0,
2820,2023-01-14 23:30:00,40.687325,-73.83525,0,0,Alcohol Involvement,4598105,2.8,-0.9,0.0,0.0,0.0,0.0,3,25.6,45.7,351,Overcast,0,0,
2821,2023-01-14 17:00:00,40.615345,-74.10419,0,0,Unspecified,4597782,2.8,-0.9,0.0,0.0,0.0,0.0,3,25.6,45.7,351,Overcast,0,0,
2822,2023-01-06 17:28:00,40.717278,-73.99544,0,0,Unspecified,4598112,8.2,3.2,7.9,7.9,0.0,13.0,61,16.6,28.8,311,Rain: Light,0,0,
2823,2023-01-14 22:40:00,40.750763,-73.97445,1,0,Pedestrian/Bicyclist/Other Pedestrian Error/Confusion,4597914,2.8,-0.9,0.0,0.0,0.0,0.0,3,25.6,45.7,351,Overcast,1,1,
2824,2023-01-14 11:00:00,40.689476,-73.82769,0,0,Unsafe Speed,4598104,2.8,-0.9,0.0,0.0,0.0,0.0,3,25.6,45.7,351,Overcast,0,0,
2825,2022-12-26 00:00:00,40.901714,-73.84601,0,0,Backing Unsafely,4598280,-0.9,-8.1,0.0,0.0,0.0,0.0,3,19.1,33.8,266,Overcast,0,0,
2826,2023-01-14 02:40:00,40.689808,-73.80931,1,0,Passing Too Closely,4598052,2.8,-0.9,0.0,0.0,0.0,0.0,3,25.6,45.7,351,Overcast,1,1,
2827,2023-01-12 13:04:00,40.779434,-73.94752,1,0,Driver Inattention/Distraction,4598312,10.1,-0.6,10.8,10.8,0.0,13.0,63,20.1,36.7,117,Rain: Moderate,1,1,
2828,2023-01-14 03:30:00,40.59351,-73.949234,0,0,Driver Inattention/Distraction,4597603,2.8,-0.9,0.0,0.0,0.0,0.0,3,25.6,45.7,351,Overcast,0,0,
2829,2023-01-11 21:20:00,40.844578,-73.902695,0,0,Unspecified,4598360,3.3,-1.5,0.0,0.0,0.0,0.0,3,13.2,23.4,50,Overcast,0,0,
2830,2023-01-12 20:00:00,40.6603,-73.89407,0,0,Driver Inattention/Distraction,4598228,10.1,-0.6,10.8,10.8,0.0,13.0,63,20.1,36.7,117,Rain: Moderate,0,0,
2831,2021-11-05 15:00:00,40.808956,-73.94041,4,0,Driver Inattention/Distraction,4475081,10.7,3.2,0.0,0.0,0.0,0.0,0,14.8,30.2,1,Clear sky,4,4,Sunny/Clear Conditions
2832,2021-12-15 18:20:00,40.623825,-73.9737,1,0,Unspecified,4486856,10.3,1.8,1.0,1.0,0.0,6.0,51,20.6,38.2,104,Drizzle: Light,1,1,
2833,2021-12-16 13:09:00,40.72261,-73.99242,0,0,Driver Inexperience,4488018,14.6,9.9,0.0,0.0,0.0,0.0,3,22.4,38.5,222,Overcast,0,0,
2834,2021-12-16 19:30:00,40.60457,-73.75355,0,0,Passing or Lane Usage Improper,4488020,14.6,9.9,0.0,0.0,0.0,0.0,3,22.4,38.5,222,Overcast,0,0,
2835,2021-12-12 00:00:00,40.748913,-73.9374,0,0,Driver Inattention/Distraction,4485745,13.0,3.4,0.5,0.5,0.0,1.0,53,32.4,62.6,284,Drizzle: Moderate,0,0,
2836,2021-12-16 14:45:00,40.72903,-73.881775,0,0,Passing or Lane Usage Improper,4488022,14.6,9.9,0.0,0.0,0.0,0.0,3,22.4,38.5,222,Overcast,0,0,
2837,2021-12-17 08:01:00,40.59458,-73.7584,0,0,Unsafe Speed,4488023,13.9,6.1,0.0,0.0,0.0,0.0,3,21.5,37.1,265,Overcast,0,0,
2838,2022-02-06 22:20:00,40.661385,-73.8841,0,0,Driver Inattention/Distraction,4504569,-1.4,-8.8,0.0,0.0,0.0,0.0,3,16.2,31.7,83,Overcast,0,0,
2839,2022-02-16 16:45:00,40.751648,-73.95042,0,0,Backing Unsafely,4504479,6.2,-5.1,0.0,0.0,0.0,0.0,3,21.1,41.0,187,Overcast,0,0,
2840,2022-02-19 14:30:00,40.7473,-73.828995,1,0,Traffic Control Disregarded,4503979,3.3,-5.5,0.4,0.0,0.28,4.0,71,35.3,64.4,260,Snow fall: Light,1,1,Snowy Conditions
2841,2022-02-19 17:40:00,40.75855,-73.82964,0,0,Passing Too Closely,4503986,3.3,-5.5,0.4,0.0,0.28,4.0,71,35.3,64.4,260,Snow fall: Light,0,0,Snowy Conditions
2842,2022-02-19 08:45:00,40.824066,-73.908714,1,0,Unspecified,4504016,3.3,-5.5,0.4,0.0,0.28,4.0,71,35.3,64.4,260,Snow fall: Light,1,1,Snowy Conditions
2843,2022-02-19 14:30:00,40.71154,-73.83624,0,0,Following Too Closely,4504467,3.3,-5.5,0.4,0.0,0.28,4.0,71,35.3,64.4,260,Snow fall: Light,0,0,Snowy Conditions
2844,2022-02-19 04:52:00,40.831184,-73.913284,0,0,Unsafe Speed,4504098,3.3,-5.5,0.4,0.0,0.28,4.0,71,35.3,64.4,260,Snow fall: Light,0,0,Snowy Conditions
2845,2022-02-19 18:30:00,40.704494,-73.81743,0,0,Following Too Closely,4504510,3.3,-5.5,0.4,0.0,0.28,4.0,71,35.3,64.4,260,Snow fall: Light,0,0,Snowy Conditions
2846,2022-02-19 04:20:00,40.86173,-73.91182,1,0,Driver Inattention/Distraction,4503930,3.3,-5.5,0.4,0.0,0.28,4.0,71,35.3,64.4,260,Snow fall: Light,1,1,Snowy Conditions
2847,2022-02-17 14:03:00,40.623524,-74.083015,1,0,Driver Inattention/Distraction,4504501,16.7,5.1,2.2,2.2,0.0,2.0,61,31.8,56.5,201,Rain: Light,1,1,
2848,2022-02-19 01:28:00,40.720375,-74.003265,2,0,Illnes,4503942,3.3,-5.5,0.4,0.0,0.28,4.0,71,35.3,64.4,260,Snow fall: Light,2,2,Snowy Conditions
2849,2022-02-19 18:02:00,40.63465,-73.9146,1,0,Driver Inattention/Distraction,4504008,3.3,-5.5,0.4,0.0,0.28,4.0,71,35.3,64.4,260,Snow fall: Light,1,1,Snowy Conditions
2850,2023-01-14 13:57:00,40.801006,-73.939354,0,0,Unspecified,4598170,2.8,-0.9,0.0,0.0,0.0,0.0,3,25.6,45.7,351,Overcast,0,0,
2851,2023-01-14 12:14:00,40.69169,-73.90585,0,0,Passing Too Closely,4597755,2.8,-0.9,0.0,0.0,0.0,0.0,3,25.6,45.7,351,Overcast,0,0,
2852,2023-01-14 15:40:00,40.620914,-73.9753,0,0,Unspecified,4597763,2.8,-0.9,0.0,0.0,0.0,0.0,3,25.6,45.7,351,Overcast,0,0,
2853,2022-12-27 09:15:00,40.838844,-73.87817,0,0,Driver Inattention/Distraction,4598133,3.8,-4.9,0.0,0.0,0.0,0.0,3,16.7,31.0,253,Overcast,0,0,
2854,2023-01-14 10:39:00,40.63361,-74.02362,0,0,Unspecified,4598357,2.8,-0.9,0.0,0.0,0.0,0.0,3,25.6,45.7,351,Overcast,0,0,
2855,2021-12-08 03:00:00,40.84274,-73.854485,0,0,Unspecified,4487625,4.7,0.9,0.7,0.7,0.0,2.0,51,14.5,24.8,355,Drizzle: Light,0,0,
2856,2021-12-15 22:20:00,40.696663,-73.98085,0,0,Unsafe Speed,4486817,10.3,1.8,1.0,1.0,0.0,6.0,51,20.6,38.2,104,Drizzle: Light,0,0,
2857,2021-12-17 23:55:00,40.644073,-73.935394,0,0,Driver Inattention/Distraction,4487596,13.9,6.1,0.0,0.0,0.0,0.0,3,21.5,37.1,265,Overcast,0,0,
2858,2021-12-17 09:30:00,40.69756,-73.85275,0,0,Passing or Lane Usage Improper,4487242,13.9,6.1,0.0,0.0,0.0,0.0,3,21.5,37.1,265,Overcast,0,0,
2859,2021-12-15 21:25:00,40.69706,-73.91933,1,0,Reaction to Uninvolved Vehicle,4486921,10.3,1.8,1.0,1.0,0.0,6.0,51,20.6,38.2,104,Drizzle: Light,1,1,
2860,2021-11-12 11:44:00,40.69268,-73.93998,0,0,,4487831,18.5,8.9,15.0,15.0,0.0,7.0,63,39.8,74.5,174,Rain: Moderate,0,0,
2861,2021-12-15 02:39:00,40.788357,-73.97453,1,0,Traffic Control Disregarded,4486858,10.3,1.8,1.0,1.0,0.0,6.0,51,20.6,38.2,104,Drizzle: Light,1,1,
2862,2021-12-16 17:15:00,40.75524,-73.97328,0,0,Other Vehicular,4487367,14.6,9.9,0.0,0.0,0.0,0.0,3,22.4,38.5,222,Overcast,0,0,
2863,2021-12-16 21:05:00,40.760365,-73.97377,1,0,Turning Improperly,4487224,14.6,9.9,0.0,0.0,0.0,0.0,3,22.4,38.5,222,Overcast,1,1,
2864,2021-12-17 01:25:00,40.643894,-73.93826,0,0,Unspecified,4487595,13.9,6.1,0.0,0.0,0.0,0.0,3,21.5,37.1,265,Overcast,0,0,
2865,2021-12-16 13:00:00,40.66336,-73.95975,0,0,Driver Inattention/Distraction,4487112,14.6,9.9,0.0,0.0,0.0,0.0,3,22.4,38.5,222,Overcast,0,0,
2866,2021-12-14 07:20:00,40.78517,-73.973145,0,0,Following Too Closely,4487420,10.4,3.1,0.0,0.0,0.0,0.0,3,18.5,31.3,322,Overcast,0,0,
2867,2021-12-16 16:20:00,40.74424,-73.77618,0,0,Driver Inattention/Distraction,4487093,14.6,9.9,0.0,0.0,0.0,0.0,3,22.4,38.5,222,Overcast,0,0,
2868,2021-12-15 01:22:00,40.711777,-73.85928,0,0,Aggressive Driving/Road Rage,4486545,10.3,1.8,1.0,1.0,0.0,6.0,51,20.6,38.2,104,Drizzle: Light,0,0,
2869,2021-12-12 22:00:00,40.560104,-74.124405,0,0,Unspecified,4487477,13.0,3.4,0.5,0.5,0.0,1.0,53,32.4,62.6,284,Drizzle: Moderate,0,0,
2870,2021-12-16 09:10:00,40.85711,-73.93561,3,0,Backing Unsafely,4487661,14.6,9.9,0.0,0.0,0.0,0.0,3,22.4,38.5,222,Overcast,3,3,
2871,2021-12-15 16:55:00,40.602303,-73.93566,0,0,Failure to Yield Right-of-Way,4486842,10.3,1.8,1.0,1.0,0.0,6.0,51,20.6,38.2,104,Drizzle: Light,0,0,
2872,2021-12-16 20:15:00,40.753468,-73.91355,1,0,Driver Inattention/Distraction,4487369,14.6,9.9,0.0,0.0,0.0,0.0,3,22.4,38.5,222,Overcast,1,1,
2873,2021-12-17 09:00:00,40.76465,-73.823494,0,0,Oversized Vehicle,4487229,13.9,6.1,0.0,0.0,0.0,0.0,3,21.5,37.1,265,Overcast,0,0,
2874,2021-12-17 10:45:00,40.71373,-74.01385,4,0,Following Too Closely,4487285,13.9,6.1,0.0,0.0,0.0,0.0,3,21.5,37.1,265,Overcast,4,4,
2875,2021-12-16 00:40:00,40.71824,-74.000725,0,0,Following Too Closely,4486977,14.6,9.9,0.0,0.0,0.0,0.0,3,22.4,38.5,222,Overcast,0,0,
2876,2021-12-17 16:50:00,40.753986,-73.80769,1,0,Failure to Yield Right-of-Way,4487431,13.9,6.1,0.0,0.0,0.0,0.0,3,21.5,37.1,265,Overcast,1,1,
2877,2021-12-04 18:04:00,40.67495,-73.91475,0,0,Unspecified,4487532,8.3,-0.7,0.0,0.0,0.0,0.0,3,13.5,25.9,231,Overcast,0,0,
2878,2021-04-20 17:48:00,40.673943,-73.86393,1,0,Glare,4408969,21.4,6.5,0.0,0.0,0.0,0.0,3,26.0,56.2,223,Overcast,1,1,
2879,2021-12-12 03:50:00,40.68917,-73.93628,1,0,Driver Inattention/Distraction,4487834,13.0,3.4,0.5,0.5,0.0,1.0,53,32.4,62.6,284,Drizzle: Moderate,1,1,
2880,2021-12-15 12:30:00,40.74613,-73.83605,2,0,Driver Inattention/Distraction,4486884,10.3,1.8,1.0,1.0,0.0,6.0,51,20.6,38.2,104,Drizzle: Light,2,2,
2881,2021-12-13 00:00:00,40.84706,-73.93818,0,0,Driver Inattention/Distraction,4487695,10.2,1.9,0.0,0.0,0.0,0.0,3,19.6,35.3,242,Overcast,0,0,
2882,2021-12-12 17:12:00,40.67781,-73.93027,0,0,Driver Inattention/Distraction,4487775,13.0,3.4,0.5,0.5,0.0,1.0,53,32.4,62.6,284,Drizzle: Moderate,0,0,
2883,2021-12-15 17:50:00,40.621735,-73.92719,1,0,Reaction to Uninvolved Vehicle,4487061,10.3,1.8,1.0,1.0,0.0,6.0,51,20.6,38.2,104,Drizzle: Light,1,1,
2884,2021-12-16 16:10:00,40.722122,-74.00977,1,0,Unspecified,4487142,14.6,9.9,0.0,0.0,0.0,0.0,3,22.4,38.5,222,Overcast,1,1,
2885,2021-12-16 18:15:00,40.86832,-73.83317,0,0,Unspecified,4487795,14.6,9.9,0.0,0.0,0.0,0.0,3,22.4,38.5,222,Overcast,0,0,
2886,2021-12-15 03:30:00,40.71122,-73.72827,1,0,Unspecified,4486583,10.3,1.8,1.0,1.0,0.0,6.0,51,20.6,38.2,104,Drizzle: Light,1,1,
2887,2021-12-16 19:45:00,40.73939,-73.85478,0,0,Driver Inattention/Distraction,4487327,14.6,9.9,0.0,0.0,0.0,0.0,3,22.4,38.5,222,Overcast,0,0,
2888,2021-12-16 03:30:00,40.743793,-73.88472,2,0,Unspecified,4486891,14.6,9.9,0.0,0.0,0.0,0.0,3,22.4,38.5,222,Overcast,2,2,
2889,2021-12-16 09:00:00,40.800617,-73.9465,0,0,Unspecified,4487110,14.6,9.9,0.0,0.0,0.0,0.0,3,22.4,38.5,222,Overcast,0,0,
2890,2021-12-16 11:45:00,40.583057,-73.973114,0,0,Driver Inattention/Distraction,4487317,14.6,9.9,0.0,0.0,0.0,0.0,3,22.4,38.5,222,Overcast,0,0,
2891,2021-12-08 12:30:00,40.84619,-73.93846,1,0,Other Vehicular,4487407,4.7,0.9,0.7,0.7,0.0,2.0,51,14.5,24.8,355,Drizzle: Light,1,1,
2892,2021-12-16 23:11:00,40.591045,-73.99207,1,0,Traffic Control Disregarded,4487576,14.6,9.9,0.0,0.0,0.0,0.0,3,22.4,38.5,222,Overcast,1,1,
2893,2021-12-16 11:38:00,40.78257,-73.94522,0,0,Driver Inattention/Distraction,4487134,14.6,9.9,0.0,0.0,0.0,0.0,3,22.4,38.5,222,Overcast,0,0,
2894,2021-12-17 08:24:00,40.734795,-73.80115,1,0,Failure to Yield Right-of-Way,4487678,13.9,6.1,0.0,0.0,0.0,0.0,3,21.5,37.1,265,Overcast,1,1,
2895,2021-12-16 10:35:00,40.828686,-73.87799,1,0,Unsafe Lane Changing,4487037,14.6,9.9,0.0,0.0,0.0,0.0,3,22.4,38.5,222,Overcast,1,1,
2896,2021-12-16 01:42:00,40.793816,-73.94012,1,0,Unsafe Speed,4487552,14.6,9.9,0.0,0.0,0.0,0.0,3,22.4,38.5,222,Overcast,1,1,
2897,2021-12-15 04:00:00,40.689735,-73.74729,1,0,Following Too Closely,4486639,10.3,1.8,1.0,1.0,0.0,6.0,51,20.6,38.2,104,Drizzle: Light,1,1,
2898,2021-12-16 15:30:00,40.76705,-73.887184,2,0,Unspecified,4487262,14.6,9.9,0.0,0.0,0.0,0.0,3,22.4,38.5,222,Overcast,2,2,
2899,2021-12-16 17:55:00,40.75866,-73.876465,1,0,Driver Inattention/Distraction,4487261,14.6,9.9,0.0,0.0,0.0,0.0,3,22.4,38.5,222,Overcast,1,1,
2900,2021-12-15 04:00:00,40.73007,-73.80718,0,0,Unspecified,4486787,10.3,1.8,1.0,1.0,0.0,6.0,51,20.6,38.2,104,Drizzle: Light,0,0,
2901,2021-12-16 13:50:00,40.786446,-73.81924,0,0,Unspecified,4487445,14.6,9.9,0.0,0.0,0.0,0.0,3,22.4,38.5,222,Overcast,0,0,
2902,2021-12-17 10:30:00,40.593987,-74.07684,0,0,Unspecified,4487469,13.9,6.1,0.0,0.0,0.0,0.0,3,21.5,37.1,265,Overcast,0,0,
2903,2021-12-15 11:03:00,40.62444,-73.92748,2,0,Driver Inattention/Distraction,4486935,10.3,1.8,1.0,1.0,0.0,6.0,51,20.6,38.2,104,Drizzle: Light,2,2,
2904,2021-12-16 00:00:00,40.758533,-73.98885,0,0,Driver Inattention/Distraction,4487393,14.6,9.9,0.0,0.0,0.0,0.0,3,22.4,38.5,222,Overcast,0,0,
2905,2021-12-01 03:35:00,40.838757,-73.882904,0,0,Driver Inattention/Distraction,4487951,8.6,1.0,0.1,0.1,0.0,1.0,51,16.6,29.5,254,Drizzle: Light,0,0,
2906,2021-12-17 08:50:00,40.58516,-73.9874,1,0,Pedestrian/Bicyclist/Other Pedestrian Error/Confusion,4487741,13.9,6.1,0.0,0.0,0.0,0.0,3,21.5,37.1,265,Overcast,1,1,
2907,2021-12-02 17:15:00,40.76275,-73.99692,0,0,Passing or Lane Usage Improper,4487356,13.2,5.4,3.4,3.4,0.0,10.0,55,28.0,46.8,215,Drizzle: Dense,0,0,
2908,2021-11-12 12:30:00,40.821342,-73.94045,0,0,Unspecified,4487996,18.5,8.9,15.0,15.0,0.0,7.0,63,39.8,74.5,174,Rain: Moderate,0,0,
2909,2021-12-17 07:50:00,40.702084,-73.88966,0,0,Unspecified,4487719,13.9,6.1,0.0,0.0,0.0,0.0,3,21.5,37.1,265,Overcast,0,0,
2910,2021-12-17 17:19:00,40.895374,-73.86356,0,0,Driver Inexperience,4487802,13.9,6.1,0.0,0.0,0.0,0.0,3,21.5,37.1,265,Overcast,0,0,
2911,2021-12-11 03:51:00,40.88955,-73.84524,1,0,Pedestrian/Bicyclist/Other Pedestrian Error/Confusion,4487217,17.3,5.0,8.1,8.1,0.0,5.0,63,35.0,67.0,206,Rain: Moderate,1,1,
2912,2021-12-16 08:20:00,40.823334,-73.90574,0,0,Unsafe Speed,4487452,14.6,9.9,0.0,0.0,0.0,0.0,3,22.4,38.5,222,Overcast,0,0,
2913,2021-12-15 08:44:00,40.650917,-73.947464,1,0,Unspecified,4486956,10.3,1.8,1.0,1.0,0.0,6.0,51,20.6,38.2,104,Drizzle: Light,1,1,
2914,2021-12-07 13:52:00,40.749733,-73.936104,0,0,Driver Inattention/Distraction,4487668,8.6,0.8,0.1,0.1,0.0,1.0,51,27.2,49.3,283,Drizzle: Light,0,0,
2915,2021-12-15 03:00:00,40.565235,-74.181404,0,0,Animals Action,4486986,10.3,1.8,1.0,1.0,0.0,6.0,51,20.6,38.2,104,Drizzle: Light,0,0,
2916,2021-12-15 22:15:00,40.755203,-73.871,0,0,Unspecified,4487281,10.3,1.8,1.0,1.0,0.0,6.0,51,20.6,38.2,104,Drizzle: Light,0,0,
2917,2021-12-16 05:00:00,40.73243,-73.83512,0,0,Unsafe Lane Changing,4487005,14.6,9.9,0.0,0.0,0.0,0.0,3,22.4,38.5,222,Overcast,0,0,
2918,2021-12-15 05:44:00,40.71987,-73.98371,0,0,Fell Asleep,4486763,10.3,1.8,1.0,1.0,0.0,6.0,51,20.6,38.2,104,Drizzle: Light,0,0,
2919,2021-12-09 18:42:00,40.783054,-73.944885,0,0,Driver Inattention/Distraction,4487906,3.6,-2.0,0.1,0.0,0.07,1.0,71,19.2,33.8,295,Snow fall: Light,0,0,Snowy Conditions
2920,2021-12-16 20:00:00,40.678722,-73.952995,1,0,Unspecified,4487734,14.6,9.9,0.0,0.0,0.0,0.0,3,22.4,38.5,222,Overcast,1,1,
2921,2021-12-17 03:26:00,40.663906,-73.95098,0,0,Other Vehicular,4487294,13.9,6.1,0.0,0.0,0.0,0.0,3,21.5,37.1,265,Overcast,0,0,
2922,2021-12-15 10:35:00,40.74639,-73.977646,0,0,Passing Too Closely,4486715,10.3,1.8,1.0,1.0,0.0,6.0,51,20.6,38.2,104,Drizzle: Light,0,0,
2923,2021-12-16 20:25:00,40.753304,-73.912575,1,0,Failure to Yield Right-of-Way,4487163,14.6,9.9,0.0,0.0,0.0,0.0,3,22.4,38.5,222,Overcast,1,1,
2924,2021-12-17 05:30:00,40.656643,-74.00527,0,0,Traffic Control Disregarded,4487178,13.9,6.1,0.0,0.0,0.0,0.0,3,21.5,37.1,265,Overcast,0,0,
2925,2021-12-16 21:17:00,40.85005,-73.91606,1,0,Driver Inattention/Distraction,4487197,14.6,9.9,0.0,0.0,0.0,0.0,3,22.4,38.5,222,Overcast,1,1,
2926,2021-12-17 23:50:00,40.547924,-74.166954,1,1,Unsafe Speed,4487497,13.9,6.1,0.0,0.0,0.0,0.0,3,21.5,37.1,265,Overcast,21,2,
2927,2021-12-15 10:10:00,40.592815,-73.90808,0,0,Driver Inattention/Distraction,4487313,10.3,1.8,1.0,1.0,0.0,6.0,51,20.6,38.2,104,Drizzle: Light,0,0,
2928,2021-12-15 11:06:00,40.59449,-73.95728,0,0,Driver Inattention/Distraction,4486749,10.3,1.8,1.0,1.0,0.0,6.0,51,20.6,38.2,104,Drizzle: Light,0,0,
2929,2021-12-15 11:36:00,40.75691,-73.76768,5,0,Unspecified,4486716,10.3,1.8,1.0,1.0,0.0,6.0,51,20.6,38.2,104,Drizzle: Light,5,5,
2930,2021-12-13 12:19:00,40.64519,-73.948,0,0,Unspecified,4487636,10.2,1.9,0.0,0.0,0.0,0.0,3,19.6,35.3,242,Overcast,0,0,
2931,2021-12-16 14:39:00,40.74456,-73.971375,0,0,Following Too Closely,4487120,14.6,9.9,0.0,0.0,0.0,0.0,3,22.4,38.5,222,Overcast,0,0,
2932,2021-12-05 20:00:00,40.70793,-74.015564,0,0,Unspecified,4487266,7.6,0.0,0.0,0.0,0.0,0.0,3,15.1,27.0,303,Overcast,0,0,
2933,2021-12-15 09:15:00,40.856625,-73.8319,0,0,Driver Inexperience,4486776,10.3,1.8,1.0,1.0,0.0,6.0,51,20.6,38.2,104,Drizzle: Light,0,0,
2934,2021-12-17 01:30:00,40.79715,-73.94902,0,0,Unspecified,4487753,13.9,6.1,0.0,0.0,0.0,0.0,3,21.5,37.1,265,Overcast,0,0,