,CRASH DATETIME,LATITUDE,LONGITUDE,NUMBER OF PERSONS INJURED,NUMBER OF PERSONS KILLED,CONTRIBUTING FACTOR VEHICLE 1,COLLISION_ID,temperature_2m_max,temperature_2m_min,precipitation_sum,rain_sum,snowfall_sum,precipitation_hours,weather_code,wind_speed_10m_max,wind_gusts_10m_max,wind_direction_10m_dominant,Weather Description,Severity_Score,Total_Affected_Persons,Weather_Category
2935,2021-12-15 10:52:00,40.59455,-73.997574,0,0,Tire Failure/Inadequate,4486670,10.3,1.8,1.0,1.0,0.0,6.0,51,20.6,38.2,104,Drizzle: Light,0,0,
2936,2021-12-17 14:30:00,40.743683,-73.886955,1,0,Driver Inattention/Distraction,4487514,13.9,6.1,0.0,0.0,0.0,0.0,3,21.5,37.1,265,Overcast,1,1,
2937,2021-12-16 09:08:00,40.852955,-73.84316,1,0,Failure to Yield Right-of-Way,4487004,14.6,9.9,0.0,0.0,0.0,0.0,3,22.4,38.5,222,Overcast,1,1,
2938,2021-12-17 16:57:00,40.574986,-73.99962,1,0,Driver Inattention/Distraction,4487746,13.9,6.1,0.0,0.0,0.0,0.0,3,21.5,37.1,265,Overcast,1,1,
2939,2021-12-08 15:00:00,40.71081,-73.9684,0,0,Following Too Closely,4487920,4.7,0.9,0.7,0.7,0.0,2.0,51,14.5,24.8,355,Drizzle: Light,0,0,
2940,2021-12-17 00:00:00,40.7805,-73.95196,0,0,Driver Inattention/Distraction,4487249,13.9,6.1,0.0,0.0,0.0,0.0,3,21.5,37.1,265,Overcast,0,0,
2941,2021-12-17 07:50:00,40.749596,-73.9873,0,0,Turning Improperly,4487398,13.9,6.1,0.0,0.0,0.0,0.0,3,21.5,37.1,265,Overcast,0,0,
2942,2021-12-15 16:44:00,40.75979,-73.98793,1,0,Failure to Yield Right-of-Way,4486878,10.3,1.8,1.0,1.0,0.0,6.0,51,20.6,38.2,104,Drizzle: Light,1,1,
2943,2021-12-06 09:10:00,40.61384,-73.981445,2,0,Driver Inexperience,4487540,16.3,7.7,6.3,6.3,0.0,10.0,61,35.1,65.5,201,Rain: Light,2,2,
2944,2021-12-09 22:30:00,40.61281,-73.92229,1,0,Following Too Closely,4487582,3.6,-2.0,0.1,0.0,0.07,1.0,71,19.2,33.8,295,Snow fall: Light,1,1,Snowy Conditions
2945,2021-12-17 08:58:00,40.712296,-73.88953,0,0,Unspecified,4487726,13.9,6.1,0.0,0.0,0.0,0.0,3,21.5,37.1,265,Overcast,0,0,
2946,2021-12-09 10:00:00,40.883457,-73.84532,0,0,Other Vehicular,4487809,3.6,-2.0,0.1,0.0,0.07,1.0,71,19.2,33.8,295,Snow fall: Light,0,0,Snowy Conditions
2947,2021-12-16 07:00:00,40.84506,-73.916855,0,0,Passing or Lane Usage Improper,4487964,14.6,9.9,0.0,0.0,0.0,0.0,3,22.4,38.5,222,Overcast,0,0,
2948,2021-12-15 13:50:00,40.74508,-73.86438,0,0,Turning Improperly,4486899,10.3,1.8,1.0,1.0,0.0,6.0,51,20.6,38.2,104,Drizzle: Light,0,0,
2949,2021-12-16 22:30:00,40.88955,-73.84524,1,0,Driver Inattention/Distraction,4487221,14.6,9.9,0.0,0.0,0.0,0.0,3,22.4,38.5,222,Overcast,1,1,
2950,2021-12-16 00:04:00,40.85533,-73.93332,0,0,Other Lighting Defects,4487234,14.6,9.9,0.0,0.0,0.0,0.0,3,22.4,38.5,222,Overcast,0,0,
2951,2021-12-15 18:53:00,40.70703,-73.831665,1,0,Failure to Yield Right-of-Way,4487030,10.3,1.8,1.0,1.0,0.0,6.0,51,20.6,38.2,104,Drizzle: Light,1,1,
2952,2021-12-15 16:10:00,40.829456,-73.91121,0,0,Unspecified,4487460,10.3,1.8,1.0,1.0,0.0,6.0,51,20.6,38.2,104,Drizzle: Light,0,0,
2953,2021-12-15 09:45:00,40.678722,-73.952995,0,0,View Obstructed/Limited,4487343,10.3,1.8,1.0,1.0,0.0,6.0,51,20.6,38.2,104,Drizzle: Light,0,0,
2954,2021-12-17 18:10:00,40.843903,-73.927284,0,0,Driver Inattention/Distraction,4488002,13.9,6.1,0.0,0.0,0.0,0.0,3,21.5,37.1,265,Overcast,0,0,
2955,2021-12-17 15:28:00,40.615704,-73.944756,0,0,Failure to Yield Right-of-Way,4487485,13.9,6.1,0.0,0.0,0.0,0.0,3,21.5,37.1,265,Overcast,0,0,
2956,2021-12-14 09:10:00,40.73699,-73.89896,0,0,Driver Inattention/Distraction,4487616,10.4,3.1,0.0,0.0,0.0,0.0,3,18.5,31.3,322,Overcast,0,0,
2957,2021-12-15 02:25:00,40.817596,-73.95319,0,0,Tire Failure/Inadequate,4487012,10.3,1.8,1.0,1.0,0.0,6.0,51,20.6,38.2,104,Drizzle: Light,0,0,
2958,2021-12-15 02:26:00,40.821804,-73.87664,0,0,Unspecified,4486704,10.3,1.8,1.0,1.0,0.0,6.0,51,20.6,38.2,104,Drizzle: Light,0,0,
2959,2021-12-15 05:45:00,40.652927,-73.959335,0,0,Unspecified,4486770,10.3,1.8,1.0,1.0,0.0,6.0,51,20.6,38.2,104,Drizzle: Light,0,0,
2960,2021-12-15 20:03:00,40.71694,-74.016304,0,0,Backing Unsafely,4486847,10.3,1.8,1.0,1.0,0.0,6.0,51,20.6,38.2,104,Drizzle: Light,0,0,
2961,2021-12-16 11:00:00,40.60247,-73.94425,3,0,Traffic Control Disregarded,4487153,14.6,9.9,0.0,0.0,0.0,0.0,3,22.4,38.5,222,Overcast,3,3,
2962,2021-12-16 05:30:00,40.67431,-73.91739,0,0,Unsafe Speed,4487857,14.6,9.9,0.0,0.0,0.0,0.0,3,22.4,38.5,222,Overcast,0,0,
2963,2021-12-16 09:08:00,40.664013,-73.931564,0,0,Driver Inattention/Distraction,4487293,14.6,9.9,0.0,0.0,0.0,0.0,3,22.4,38.5,222,Overcast,0,0,
2964,2021-12-16 17:22:00,40.876476,-73.904495,0,0,Turning Improperly,4487202,14.6,9.9,0.0,0.0,0.0,0.0,3,22.4,38.5,222,Overcast,0,0,
2965,2021-12-16 08:15:00,40.660828,-73.9227,0,0,Unspecified,4486954,14.6,9.9,0.0,0.0,0.0,0.0,3,22.4,38.5,222,Overcast,0,0,
2966,2021-12-16 23:40:00,40.81637,-73.83897,1,0,Other Vehicular,4487164,14.6,9.9,0.0,0.0,0.0,0.0,3,22.4,38.5,222,Overcast,1,1,
2967,2021-12-17 22:30:00,40.75595,-73.88165,0,0,Driver Inattention/Distraction,4487326,13.9,6.1,0.0,0.0,0.0,0.0,3,21.5,37.1,265,Overcast,0,0,
2968,2021-12-16 20:15:00,40.65993,-73.891655,1,0,Unspecified,4487193,14.6,9.9,0.0,0.0,0.0,0.0,3,22.4,38.5,222,Overcast,1,1,
2969,2021-12-15 21:00:00,40.6767,-73.795,1,0,Failure to Yield Right-of-Way,4486831,10.3,1.8,1.0,1.0,0.0,6.0,51,20.6,38.2,104,Drizzle: Light,1,1,
2970,2021-12-16 17:50:00,40.74233,-73.83764,0,0,Driver Inattention/Distraction,4487125,14.6,9.9,0.0,0.0,0.0,0.0,3,22.4,38.5,222,Overcast,0,0,
2971,2021-12-15 12:00:00,40.704937,-74.00707,0,0,Unspecified,4486733,10.3,1.8,1.0,1.0,0.0,6.0,51,20.6,38.2,104,Drizzle: Light,0,0,
2972,2021-12-15 17:30:00,40.639053,-73.9213,1,0,Driver Inattention/Distraction,4487060,10.3,1.8,1.0,1.0,0.0,6.0,51,20.6,38.2,104,Drizzle: Light,1,1,
2973,2021-12-17 12:15:00,40.733734,-73.74068,0,0,Driverless/Runaway Vehicle,4487359,13.9,6.1,0.0,0.0,0.0,0.0,3,21.5,37.1,265,Overcast,0,0,
2974,2021-12-17 19:06:00,40.78722,-73.96793,1,0,Failure to Yield Right-of-Way,4487384,13.9,6.1,0.0,0.0,0.0,0.0,3,21.5,37.1,265,Overcast,1,1,
2975,2021-12-15 14:20:00,40.7553,-73.87009,0,0,Driver Inattention/Distraction,4486970,10.3,1.8,1.0,1.0,0.0,6.0,51,20.6,38.2,104,Drizzle: Light,0,0,
2976,2021-12-14 23:13:00,40.87615,-73.8681,0,0,Driver Inattention/Distraction,4487818,10.4,3.1,0.0,0.0,0.0,0.0,3,18.5,31.3,322,Overcast,0,0,
2977,2021-12-14 20:00:00,40.619396,-73.969574,1,0,Driver Inattention/Distraction,4487935,10.4,3.1,0.0,0.0,0.0,0.0,3,18.5,31.3,322,Overcast,1,1,
2978,2021-12-16 17:00:00,40.648403,-73.96288,1,0,Backing Unsafely,4487545,14.6,9.9,0.0,0.0,0.0,0.0,3,22.4,38.5,222,Overcast,1,1,
2979,2021-11-19 23:34:00,40.68917,-73.9095,3,0,Driver Inattention/Distraction,4487321,9.6,3.6,3.3,3.3,0.0,3.0,61,28.3,52.2,296,Rain: Light,3,3,
2980,2021-12-15 22:35:00,40.675735,-73.89686,2,0,Unsafe Speed,4487198,10.3,1.8,1.0,1.0,0.0,6.0,51,20.6,38.2,104,Drizzle: Light,2,2,
2981,2021-12-14 22:05:00,40.729553,-73.72607,0,0,Following Too Closely,4487253,10.4,3.1,0.0,0.0,0.0,0.0,3,18.5,31.3,322,Overcast,0,0,
2982,2021-12-15 17:00:00,40.66309,-73.962395,0,0,Unsafe Lane Changing,4487589,10.3,1.8,1.0,1.0,0.0,6.0,51,20.6,38.2,104,Drizzle: Light,0,0,
2983,2021-12-16 08:25:00,40.795326,-73.9713,1,0,Following Too Closely,4487053,14.6,9.9,0.0,0.0,0.0,0.0,3,22.4,38.5,222,Overcast,1,1,
2984,2021-12-16 17:39:00,40.65329,-73.91919,2,0,Unspecified,4487626,14.6,9.9,0.0,0.0,0.0,0.0,3,22.4,38.5,222,Overcast,2,2,
2985,2021-12-16 22:43:00,40.699177,-73.955376,1,0,Pedestrian/Bicyclist/Other Pedestrian Error/Confusion,4487116,14.6,9.9,0.0,0.0,0.0,0.0,3,22.4,38.5,222,Overcast,1,1,
2986,2021-12-15 08:00:00,40.734978,-73.8614,0,0,Driver Inattention/Distraction,4486867,10.3,1.8,1.0,1.0,0.0,6.0,51,20.6,38.2,104,Drizzle: Light,0,0,
2987,2021-12-16 15:25:00,40.690163,-73.98711,0,0,Driver Inattention/Distraction,4487100,14.6,9.9,0.0,0.0,0.0,0.0,3,22.4,38.5,222,Overcast,0,0,
2988,2021-12-14 10:00:00,40.7389,-73.73378,0,0,Unspecified,4487413,10.4,3.1,0.0,0.0,0.0,0.0,3,18.5,31.3,322,Overcast,0,0,
2989,2021-12-15 12:14:00,40.812572,-73.950935,0,0,Passing or Lane Usage Improper,4487225,10.3,1.8,1.0,1.0,0.0,6.0,51,20.6,38.2,104,Drizzle: Light,0,0,
2990,2021-12-17 12:55:00,40.64485,-73.911125,1,0,Driver Inattention/Distraction,4487520,13.9,6.1,0.0,0.0,0.0,0.0,3,21.5,37.1,265,Overcast,1,1,
2991,2021-12-01 18:20:00,40.84193,-73.88582,1,0,Driver Inattention/Distraction,4487971,8.6,1.0,0.1,0.1,0.0,1.0,51,16.6,29.5,254,Drizzle: Light,1,1,
2992,2021-12-15 09:18:00,40.706734,-73.963356,0,0,Driver Inattention/Distraction,4486838,10.3,1.8,1.0,1.0,0.0,6.0,51,20.6,38.2,104,Drizzle: Light,0,0,
2993,2021-12-17 05:26:00,40.743427,-73.775475,0,0,Passing or Lane Usage Improper,4487230,13.9,6.1,0.0,0.0,0.0,0.0,3,21.5,37.1,265,Overcast,0,0,
2994,2021-12-16 09:20:00,40.601322,-73.75788,0,0,Passing Too Closely,4488014,14.6,9.9,0.0,0.0,0.0,0.0,3,22.4,38.5,222,Overcast,0,0,
2995,2021-12-14 09:37:00,40.74854,-73.97315,1,0,Driver Inattention/Distraction,4487368,10.4,3.1,0.0,0.0,0.0,0.0,3,18.5,31.3,322,Overcast,1,1,
2996,2021-12-17 22:30:00,40.59124,-73.99402,0,0,Reaction to Uninvolved Vehicle,4487558,13.9,6.1,0.0,0.0,0.0,0.0,3,21.5,37.1,265,Overcast,0,0,
2997,2021-12-09 16:03:00,40.676937,-73.92183,1,0,Driver Inattention/Distraction,4487842,3.6,-2.0,0.1,0.0,0.07,1.0,71,19.2,33.8,295,Snow fall: Light,1,1,Snowy Conditions
2998,2021-12-17 13:40:00,40.701378,-73.790085,1,0,Following Too Closely,4487274,13.9,6.1,0.0,0.0,0.0,0.0,3,21.5,37.1,265,Overcast,1,1,
2999,2021-12-01 23:07:00,40.69529,-73.94339,1,0,Unsafe Speed,4487702,8.6,1.0,0.1,0.1,0.0,1.0,51,16.6,29.5,254,Drizzle: Light,1,1,
3000,2021-12-16 11:59:00,40.76814,-73.98622,1,0,Driver Inattention/Distraction,4487148,14.6,9.9,0.0,0.0,0.0,0.0,3,22.4,38.5,222,Overcast,1,1,
3001,2021-12-15 09:20:00,40.75814,-73.816536,1,0,Unspecified,4486796,10.3,1.8,1.0,1.0,0.0,6.0,51,20.6,38.2,104,Drizzle: Light,1,1,
3002,2021-12-17 14:40:00,40.653564,-73.934494,1,0,Following Too Closely,4487605,13.9,6.1,0.0,0.0,0.0,0.0,3,21.5,37.1,265,Overcast,1,1,
3003,2021-12-12 03:00:00,40.63186,-73.9444,0,0,Driver Inattention/Distraction,4487710,13.0,3.4,0.5,0.5,0.0,1.0,53,32.4,62.6,284,Drizzle: Moderate,0,0,
3004,2021-12-14 22:28:00,40.679646,-73.93606,1,0,Turning Improperly,4487780,10.4,3.1,0.0,0.0,0.0,0.0,3,18.5,31.3,322,Overcast,1,1,
3005,2021-12-16 02:25:00,40.641727,-73.90536,0,0,Traffic Control Disregarded,4487067,14.6,9.9,0.0,0.0,0.0,0.0,3,22.4,38.5,222,Overcast,0,0,
3006,2021-12-17 00:00:00,40.845467,-73.92813,0,0,Other Vehicular,4487169,13.9,6.1,0.0,0.0,0.0,0.0,3,21.5,37.1,265,Overcast,0,0,
3007,2021-12-17 09:15:00,40.795956,-73.94522,0,0,Passing Too Closely,4487335,13.9,6.1,0.0,0.0,0.0,0.0,3,21.5,37.1,265,Overcast,0,0,
3008,2021-12-15 22:49:00,40.68804,-73.83275,1,0,Failure to Yield Right-of-Way,4486914,10.3,1.8,1.0,1.0,0.0,6.0,51,20.6,38.2,104,Drizzle: Light,1,1,
3009,2021-12-15 17:30:00,40.816845,-73.88666,1,0,Unspecified,4486843,10.3,1.8,1.0,1.0,0.0,6.0,51,20.6,38.2,104,Drizzle: Light,1,1,
3010,2021-12-15 20:30:00,40.685898,-73.83069,0,0,Driver Inattention/Distraction,4486915,10.3,1.8,1.0,1.0,0.0,6.0,51,20.6,38.2,104,Drizzle: Light,0,0,
3011,2021-11-27 11:30:00,40.62994,-73.95841,0,0,Unspecified,4487654,4.4,0.0,0.0,0.0,0.0,0.0,3,28.5,56.5,295,Overcast,0,0,
3012,2021-12-17 10:45:00,40.846466,-73.87123,1,0,Driver Inattention/Distraction,4487288,13.9,6.1,0.0,0.0,0.0,0.0,3,21.5,37.1,265,Overcast,1,1,
3013,2021-12-15 10:05:00,40.781162,-73.96178,0,0,Following Too Closely,4486885,10.3,1.8,1.0,1.0,0.0,6.0,51,20.6,38.2,104,Drizzle: Light,0,0,
3014,2021-12-16 19:11:00,40.71471,-73.75471,1,0,Driver Inattention/Distraction,4487105,14.6,9.9,0.0,0.0,0.0,0.0,3,22.4,38.5,222,Overcast,1,1,
3015,2021-12-17 12:38:00,40.757034,-73.87133,1,0,Driver Inattention/Distraction,4487305,13.9,6.1,0.0,0.0,0.0,0.0,3,21.5,37.1,265,Overcast,1,1,
3016,2023-01-14 07:24:00,40.836555,-73.87135,0,0,Backing Unsafely,4597807,2.8,-0.9,0.0,0.0,0.0,0.0,3,25.6,45.7,351,Overcast,0,0,
3017,2021-12-17 18:40:00,40.75478,-73.97994,0,0,Driver Inattention/Distraction,4487402,13.9,6.1,0.0,0.0,0.0,0.0,3,21.5,37.1,265,Overcast,0,0,
3018,2021-12-17 02:30:00,40.72772,-73.84914,0,0,Driver Inattention/Distraction,4487438,13.9,6.1,0.0,0.0,0.0,0.0,3,21.5,37.1,265,Overcast,0,0,
3019,2021-12-16 12:30:00,40.652767,-73.8863,3,0,Driver Inattention/Distraction,4487189,14.6,9.9,0.0,0.0,0.0,0.0,3,22.4,38.5,222,Overcast,3,3,
3020,2021-12-15 21:30:00,40.66645,-73.75764,0,0,Unsafe Speed,4486822,10.3,1.8,1.0,1.0,0.0,6.0,51,20.6,38.2,104,Drizzle: Light,0,0,
3021,2021-12-16 09:07:00,40.73128,-73.92347,2,0,Driver Inattention/Distraction,4487045,14.6,9.9,0.0,0.0,0.0,0.0,3,22.4,38.5,222,Overcast,2,2,
3022,2021-12-16 06:30:00,40.673706,-73.90118,1,0,Unspecified,4487184,14.6,9.9,0.0,0.0,0.0,0.0,3,22.4,38.5,222,Overcast,1,1,
3023,2021-12-15 14:46:00,40.744453,-73.92983,0,0,Driver Inattention/Distraction,4487168,10.3,1.8,1.0,1.0,0.0,6.0,51,20.6,38.2,104,Drizzle: Light,0,0,
3024,2021-12-16 14:30:00,40.66778,-73.996185,0,0,Unspecified,4487090,14.6,9.9,0.0,0.0,0.0,0.0,3,22.4,38.5,222,Overcast,0,0,
3025,2021-12-17 06:09:00,40.79097,-73.953156,0,0,View Obstructed/Limited,4487334,13.9,6.1,0.0,0.0,0.0,0.0,3,21.5,37.1,265,Overcast,0,0,
3026,2021-12-15 02:20:00,40.70983,-73.94768,0,0,Other Vehicular,4486592,10.3,1.8,1.0,1.0,0.0,6.0,51,20.6,38.2,104,Drizzle: Light,0,0,
3027,2021-12-15 14:38:00,40.684814,-73.98353,1,0,Following Too Closely,4487111,10.3,1.8,1.0,1.0,0.0,6.0,51,20.6,38.2,104,Drizzle: Light,1,1,
3028,2021-12-15 15:00:00,40.763668,-73.82303,0,0,Passing or Lane Usage Improper,4486795,10.3,1.8,1.0,1.0,0.0,6.0,51,20.6,38.2,104,Drizzle: Light,0,0,
3029,2021-12-16 17:04:00,40.839996,-73.86832,1,0,Failure to Yield Right-of-Way,4487257,14.6,9.9,0.0,0.0,0.0,0.0,3,22.4,38.5,222,Overcast,1,1,
3030,2021-09-13 15:36:00,40.63082,-73.88636,0,0,Following Too Closely,4456925,28.8,21.8,1.1,1.1,0.0,2.0,53,20.1,36.7,277,Drizzle: Moderate,0,0,
3031,2021-09-13 10:30:00,40.853344,-73.881676,1,0,Failure to Yield Right-of-Way,4457037,28.8,21.8,1.1,1.1,0.0,2.0,53,20.1,36.7,277,Drizzle: Moderate,1,1,
3032,2021-09-13 09:30:00,40.583057,-73.973114,0,0,Driver Inattention/Distraction,4457665,28.8,21.8,1.1,1.1,0.0,2.0,53,20.1,36.7,277,Drizzle: Moderate,0,0,
3033,2021-09-13 22:35:00,40.65945,-73.89847,1,0,Failure to Yield Right-of-Way,4457391,28.8,21.8,1.1,1.1,0.0,2.0,53,20.1,36.7,277,Drizzle: Moderate,1,1,
3034,2021-09-02 17:10:00,40.73883,-73.983154,1,0,Driver Inattention/Distraction,4457360,24.5,15.0,24.6,24.6,0.0,5.0,65,43.0,83.5,344,Rain: Heavy,1,1,
3035,2021-08-29 12:05:00,40.76389,-73.93824,1,0,Driver Inattention/Distraction,4451884,24.5,19.7,2.5,2.5,0.0,9.0,53,13.6,25.6,98,Drizzle: Moderate,1,1,
3036,2021-09-13 00:27:00,40.710815,-73.98326,0,0,Alcohol Involvement,4456952,28.8,21.8,1.1,1.1,0.0,2.0,53,20.1,36.7,277,Drizzle: Moderate,0,0,
3037,2021-09-05 22:30:00,40.693523,-73.9522,0,0,Driver Inattention/Distraction,4457680,24.5,16.9,1.0,1.0,0.0,6.0,51,15.5,42.5,204,Drizzle: Light,0,0,
3038,2021-09-13 17:15:00,40.597023,-73.98815,0,0,Backing Unsafely,4457100,28.8,21.8,1.1,1.1,0.0,2.0,53,20.1,36.7,277,Drizzle: Moderate,0,0,
3039,2021-09-13 07:06:00,40.606018,-73.75124,0,0,Backing Unsafely,4456997,28.8,21.8,1.1,1.1,0.0,2.0,53,20.1,36.7,277,Drizzle: Moderate,0,0,
3040,2021-09-13 00:00:00,40.75448,-73.96756,0,0,Passing or Lane Usage Improper,4457283,28.8,21.8,1.1,1.1,0.0,2.0,53,20.1,36.7,277,Drizzle: Moderate,0,0,
3041,2021-09-12 19:30:00,40.748436,-73.9962,1,0,Following Too Closely,4457439,28.8,18.3,0.0,0.0,0.0,0.0,3,24.3,46.8,233,Overcast,1,1,
3042,2021-09-11 03:50:00,40.69657,-73.95844,0,0,Following Too Closely,4457526,24.7,12.9,0.0,0.0,0.0,0.0,3,16.6,34.2,246,Overcast,0,0,
3043,2021-09-13 06:43:00,40.863705,-73.87207,0,0,Following Too Closely,4456530,28.8,21.8,1.1,1.1,0.0,2.0,53,20.1,36.7,277,Drizzle: Moderate,0,0,
3044,2021-09-13 21:53:00,40.68576,-73.915504,1,0,Driver Inattention/Distraction,4457005,28.8,21.8,1.1,1.1,0.0,2.0,53,20.1,36.7,277,Drizzle: Moderate,1,1,
3045,2021-09-11 06:46:00,40.691097,-73.92296,0,0,Oversized Vehicle,4457386,24.7,12.9,0.0,0.0,0.0,0.0,3,16.6,34.2,246,Overcast,0,0,
3046,2021-09-13 13:38:00,40.661972,-73.979065,0,0,Passing or Lane Usage Improper,4457226,28.8,21.8,1.1,1.1,0.0,2.0,53,20.1,36.7,277,Drizzle: Moderate,0,0,
3047,2021-09-13 07:25:00,40.71552,-74.00925,1,0,Traffic Control Disregarded,4456727,28.8,21.8,1.1,1.1,0.0,2.0,53,20.1,36.7,277,Drizzle: Moderate,1,1,
3048,2021-09-13 21:00:00,40.76846,-73.737465,1,0,Unspecified,4456907,28.8,21.8,1.1,1.1,0.0,2.0,53,20.1,36.7,277,Drizzle: Moderate,1,1,
3049,2021-12-15 08:35:00,40.780434,-73.9616,1,0,Following Too Closely,4486886,10.3,1.8,1.0,1.0,0.0,6.0,51,20.6,38.2,104,Drizzle: Light,1,1,
3050,2021-09-13 22:00:00,40.717396,-73.79637,0,0,Driver Inexperience,4457637,28.8,21.8,1.1,1.1,0.0,2.0,53,20.1,36.7,277,Drizzle: Moderate,0,0,
3051,2021-09-13 08:44:00,40.613594,-73.9532,0,0,Driver Inattention/Distraction,4457063,28.8,21.8,1.1,1.1,0.0,2.0,53,20.1,36.7,277,Drizzle: Moderate,0,0,
3052,2021-09-13 05:11:00,40.696297,-73.97716,0,0,Unspecified,4457117,28.8,21.8,1.1,1.1,0.0,2.0,53,20.1,36.7,277,Drizzle: Moderate,0,0,
3053,2021-09-13 21:09:00,40.818798,-73.89213,1,0,Passing or Lane Usage Improper,4457156,28.8,21.8,1.1,1.1,0.0,2.0,53,20.1,36.7,277,Drizzle: Moderate,1,1,
3054,2021-09-13 16:05:00,40.663258,-73.94416,0,0,Driver Inexperience,4456874,28.8,21.8,1.1,1.1,0.0,2.0,53,20.1,36.7,277,Drizzle: Moderate,0,0,
3055,2021-09-13 10:12:00,40.874615,-73.90472,1,0,Unspecified,4456808,28.8,21.8,1.1,1.1,0.0,2.0,53,20.1,36.7,277,Drizzle: Moderate,1,1,
3056,2021-09-13 11:13:00,40.767647,-73.92078,1,0,Unsafe Speed,4457457,28.8,21.8,1.1,1.1,0.0,2.0,53,20.1,36.7,277,Drizzle: Moderate,1,1,
3057,2021-09-10 12:20:00,40.67495,-73.97515,0,0,Steering Failure,4457504,22.9,16.0,0.0,0.0,0.0,0.0,3,24.2,47.2,314,Overcast,0,0,
3058,2021-09-13 17:20:00,40.702564,-73.790565,0,0,Passing or Lane Usage Improper,4457556,28.8,21.8,1.1,1.1,0.0,2.0,53,20.1,36.7,277,Drizzle: Moderate,0,0,
3059,2021-09-13 14:17:00,40.68237,-73.864105,1,0,Failure to Yield Right-of-Way,4456862,28.8,21.8,1.1,1.1,0.0,2.0,53,20.1,36.7,277,Drizzle: Moderate,1,1,
3060,2021-09-13 11:05:00,40.638386,-73.887054,0,0,Traffic Control Disregarded,4456809,28.8,21.8,1.1,1.1,0.0,2.0,53,20.1,36.7,277,Drizzle: Moderate,0,0,
3061,2021-09-11 15:55:00,40.74321,-74.00862,0,0,Following Too Closely,4457405,24.7,12.9,0.0,0.0,0.0,0.0,3,16.6,34.2,246,Overcast,0,0,
3062,2021-09-13 10:15:00,40.689495,-73.75283,0,0,Passing Too Closely,4456902,28.8,21.8,1.1,1.1,0.0,2.0,53,20.1,36.7,277,Drizzle: Moderate,0,0,
3063,2021-09-13 08:50:00,40.740562,-73.79728,0,0,Reaction to Uninvolved Vehicle,4457152,28.8,21.8,1.1,1.1,0.0,2.0,53,20.1,36.7,277,Drizzle: Moderate,0,0,
3064,2021-09-13 14:57:00,40.8389,-73.912384,0,0,Passing or Lane Usage Improper,4456985,28.8,21.8,1.1,1.1,0.0,2.0,53,20.1,36.7,277,Drizzle: Moderate,0,0,
3065,2021-09-13 08:00:00,40.895374,-73.86356,0,0,Driver Inattention/Distraction,4457014,28.8,21.8,1.1,1.1,0.0,2.0,53,20.1,36.7,277,Drizzle: Moderate,0,0,
3066,2021-09-13 18:20:00,40.666294,-73.80267,1,0,Reaction to Uninvolved Vehicle,4457652,28.8,21.8,1.1,1.1,0.0,2.0,53,20.1,36.7,277,Drizzle: Moderate,1,1,
3067,2021-09-13 22:02:00,40.577244,-74.00004,0,0,Driver Inattention/Distraction,4457707,28.8,21.8,1.1,1.1,0.0,2.0,53,20.1,36.7,277,Drizzle: Moderate,0,0,
3068,2021-09-13 22:57:00,40.62374,-73.92448,0,0,Driver Inattention/Distraction,4457178,28.8,21.8,1.1,1.1,0.0,2.0,53,20.1,36.7,277,Drizzle: Moderate,0,0,
3069,2021-09-13 05:50:00,40.73093,-73.864586,0,0,Unspecified,4457068,28.8,21.8,1.1,1.1,0.0,2.0,53,20.1,36.7,277,Drizzle: Moderate,0,0,
3070,2021-09-13 10:55:00,40.72516,-73.9466,0,0,Turning Improperly,4457165,28.8,21.8,1.1,1.1,0.0,2.0,53,20.1,36.7,277,Drizzle: Moderate,0,0,
3071,2021-09-13 04:12:00,40.60972,-74.1651,0,0,Driver Inexperience,4456799,28.8,21.8,1.1,1.1,0.0,2.0,53,20.1,36.7,277,Drizzle: Moderate,0,0,
3072,2021-09-13 06:40:00,40.76485,-73.88612,1,0,Driver Inattention/Distraction,4456888,28.8,21.8,1.1,1.1,0.0,2.0,53,20.1,36.7,277,Drizzle: Moderate,1,1,
3073,2021-09-13 19:45:00,40.667114,-73.834656,0,0,Unsafe Lane Changing,4456959,28.8,21.8,1.1,1.1,0.0,2.0,53,20.1,36.7,277,Drizzle: Moderate,0,0,
3074,2021-09-13 15:05:00,40.66647,-73.882515,0,0,Passing or Lane Usage Improper,4457450,28.8,21.8,1.1,1.1,0.0,2.0,53,20.1,36.7,277,Drizzle: Moderate,0,0,
3075,2021-09-11 16:35:00,40.60981,-73.92251,1,0,Failure to Yield Right-of-Way,4457576,24.7,12.9,0.0,0.0,0.0,0.0,3,16.6,34.2,246,Overcast,1,1,
3076,2021-09-13 10:19:00,40.761486,-73.96061,0,0,Other Vehicular,4457062,28.8,21.8,1.1,1.1,0.0,2.0,53,20.1,36.7,277,Drizzle: Moderate,0,0,
3077,2021-09-13 09:30:00,40.7614,-73.91149,0,0,Failure to Yield Right-of-Way,4457460,28.8,21.8,1.1,1.1,0.0,2.0,53,20.1,36.7,277,Drizzle: Moderate,0,0,
3078,2021-09-13 15:00:00,40.76289,-73.73384,0,0,Passing Too Closely,4456908,28.8,21.8,1.1,1.1,0.0,2.0,53,20.1,36.7,277,Drizzle: Moderate,0,0,
3079,2021-09-12 17:15:00,40.665916,-73.92547,1,0,Unspecified,4457546,28.8,18.3,0.0,0.0,0.0,0.0,3,24.3,46.8,233,Overcast,1,1,