,CRASH DATETIME,LATITUDE,LONGITUDE,NUMBER OF PERSONS INJURED,NUMBER OF PERSONS KILLED,CONTRIBUTING FACTOR VEHICLE 1,COLLISION_ID,temperature_2m_max,temperature_2m_min,precipitation_sum,rain_sum,snowfall_sum,precipitation_hours,weather_code,wind_speed_10m_max,wind_gusts_10m_max,wind_direction_10m_dominant,Weather Description,Severity_Score,Total_Affected_Persons,Weather_Category
3080,2021-12-17 22:17:00,40.845566,-73.92849,0,0,Unsafe Lane Changing,4487408,13.9,6.1,0.0,0.0,0.0,0.0,3,21.5,37.1,265,Overcast,0,0,
3081,2021-04-17 20:27:00,40.820972,-73.892845,2,0,Driver Inattention/Distraction,4408317,11.8,4.9,0.3,0.3,0.0,2.0,51,17.1,32.4,313,Drizzle: Light,2,2,
3082,2021-09-13 13:00:00,40.700912,-73.94116,1,0,Driver Inattention/Distraction,4456938,28.8,21.8,1.1,1.1,0.0,2.0,53,20.1,36.7,277,Drizzle: Moderate,1,1,
3083,2021-04-19 16:30:00,40.73752,-73.95276,0,0,Following Too Closely,4409682,16.9,5.0,0.0,0.0,0.0,0.0,3,14.7,31.0,214,Overcast,0,0,
3084,2021-04-16 16:00:00,40.72568,-73.85728,0,0,Unspecified,4409669,11.8,3.7,2.9,2.9,0.0,12.0,53,23.5,49.0,307,Drizzle: Moderate,0,0,
3085,2021-04-20 21:57:00,40.72084,-73.8104,1,0,Driver Inattention/Distraction,4409689,21.4,6.5,0.0,0.0,0.0,0.0,3,26.0,56.2,223,Overcast,1,1,
3086,2021-09-10 21:55:00,40.75702,-74.00494,1,0,Following Too Closely,4457411,22.9,16.0,0.0,0.0,0.0,0.0,3,24.2,47.2,314,Overcast,1,1,
3087,2021-09-13 09:30:00,40.578938,-73.98522,0,0,Driver Inattention/Distraction,4456828,28.8,21.8,1.1,1.1,0.0,2.0,53,20.1,36.7,277,Drizzle: Moderate,0,0,
3088,2021-09-13 13:00:00,40.73768,-73.897736,0,0,Driver Inattention/Distraction,4457279,28.8,21.8,1.1,1.1,0.0,2.0,53,20.1,36.7,277,Drizzle: Moderate,0,0,
3089,2021-09-13 12:24:00,40.640568,-74.118,1,0,Unspecified,4457091,28.8,21.8,1.1,1.1,0.0,2.0,53,20.1,36.7,277,Drizzle: Moderate,1,1,
3090,2021-09-13 09:10:00,40.66937,-73.89523,1,0,Following Too Closely,4457134,28.8,21.8,1.1,1.1,0.0,2.0,53,20.1,36.7,277,Drizzle: Moderate,1,1,
3091,2021-09-09 12:29:00,40.58124,-74.09845,1,0,Failure to Yield Right-of-Way,4457558,22.4,19.8,18.4,18.4,0.0,15.0,63,17.5,39.2,271,Rain: Moderate,1,1,
3092,2021-09-13 19:20:00,40.730194,-73.887566,1,0,Failure to Yield Right-of-Way,4457250,28.8,21.8,1.1,1.1,0.0,2.0,53,20.1,36.7,277,Drizzle: Moderate,1,1,
3093,2021-09-13 21:10:00,40.66706,-73.7392,0,0,Passing or Lane Usage Improper,4456975,28.8,21.8,1.1,1.1,0.0,2.0,53,20.1,36.7,277,Drizzle: Moderate,0,0,
3094,2021-09-09 15:15:00,40.72995,-73.98841,0,0,Unspecified,4457364,22.4,19.8,18.4,18.4,0.0,15.0,63,17.5,39.2,271,Rain: Moderate,0,0,
3095,2021-09-13 17:05:00,40.697117,-73.93401,0,0,Backing Unsafely,4457009,28.8,21.8,1.1,1.1,0.0,2.0,53,20.1,36.7,277,Drizzle: Moderate,0,0,
3096,2021-09-08 17:50:00,40.678318,-73.94693,1,0,Failure to Yield Right-of-Way,4457667,26.4,19.6,0.7,0.7,0.0,6.0,51,26.7,55.8,187,Drizzle: Light,1,1,
3097,2021-09-13 15:00:00,40.646923,-73.92019,1,0,Following Too Closely,4456947,28.8,21.8,1.1,1.1,0.0,2.0,53,20.1,36.7,277,Drizzle: Moderate,1,1,
3098,2021-09-12 02:10:00,40.743484,-73.89908,0,0,Driver Inattention/Distraction,4457681,28.8,18.3,0.0,0.0,0.0,0.0,3,24.3,46.8,233,Overcast,0,0,
3099,2021-09-13 21:20:00,40.695282,-73.84114,0,0,Passing or Lane Usage Improper,4457054,28.8,21.8,1.1,1.1,0.0,2.0,53,20.1,36.7,277,Drizzle: Moderate,0,0,
3100,2021-09-13 19:30:00,40.677578,-73.88602,0,0,Passing or Lane Usage Improper,4457443,28.8,21.8,1.1,1.1,0.0,2.0,53,20.1,36.7,277,Drizzle: Moderate,0,0,
3101,2021-09-13 15:30:00,40.740467,-73.97295,0,0,Passing or Lane Usage Improper,4456912,28.8,21.8,1.1,1.1,0.0,2.0,53,20.1,36.7,277,Drizzle: Moderate,0,0,
3102,2021-09-13 00:00:00,40.77712,-73.96395,0,0,Unspecified,4457323,28.8,21.8,1.1,1.1,0.0,2.0,53,20.1,36.7,277,Drizzle: Moderate,0,0,
3103,2021-09-13 13:27:00,40.671597,-73.88018,2,0,Driver Inattention/Distraction,4457472,28.8,21.8,1.1,1.1,0.0,2.0,53,20.1,36.7,277,Drizzle: Moderate,2,2,
3104,2021-04-20 17:00:00,40.74223,-73.928375,0,0,Driver Inattention/Distraction,4408983,21.4,6.5,0.0,0.0,0.0,0.0,3,26.0,56.2,223,Overcast,0,0,
3105,2021-04-20 19:45:00,40.683098,-73.78432,0,0,Traffic Control Disregarded,4409105,21.4,6.5,0.0,0.0,0.0,0.0,3,26.0,56.2,223,Overcast,0,0,
3106,2021-04-20 18:50:00,40.819683,-73.90436,0,0,Driver Inattention/Distraction,4409041,21.4,6.5,0.0,0.0,0.0,0.0,3,26.0,56.2,223,Overcast,0,0,
3107,2021-04-15 17:05:00,40.655834,-73.98123,1,0,Driver Inattention/Distraction,4409652,12.9,7.7,15.9,15.9,0.0,15.0,63,17.3,32.0,166,Rain: Moderate,1,1,
3108,2021-04-20 11:00:00,40.631546,-73.995766,0,0,Unspecified,4409482,21.4,6.5,0.0,0.0,0.0,0.0,3,26.0,56.2,223,Overcast,0,0,
3109,2021-03-25 10:30:00,40.823383,-73.91834,0,0,Oversized Vehicle,4409457,19.5,9.1,1.8,1.8,0.0,3.0,55,17.6,36.0,124,Drizzle: Dense,0,0,
3110,2021-04-20 00:24:00,40.688503,-73.96337,0,0,Unspecified,4408698,21.4,6.5,0.0,0.0,0.0,0.0,3,26.0,56.2,223,Overcast,0,0,
3111,2021-04-20 23:25:00,40.760254,-73.83493,1,0,Unspecified,4409022,21.4,6.5,0.0,0.0,0.0,0.0,3,26.0,56.2,223,Overcast,1,1,
3112,2021-04-20 18:25:00,40.748436,-73.984566,1,0,Unspecified,4409075,21.4,6.5,0.0,0.0,0.0,0.0,3,26.0,56.2,223,Overcast,1,1,
3113,2021-04-20 18:25:00,40.80321,-73.91892,1,0,Driver Inattention/Distraction,4409390,21.4,6.5,0.0,0.0,0.0,0.0,3,26.0,56.2,223,Overcast,1,1,
3114,2021-04-19 15:51:00,40.70313,-73.816795,0,0,Passing or Lane Usage Improper,4409547,16.9,5.0,0.0,0.0,0.0,0.0,3,14.7,31.0,214,Overcast,0,0,
3115,2021-04-13 15:20:00,40.541298,-74.20424,4,0,Outside Car Distraction,4409599,18.3,5.8,4.5,4.5,0.0,5.0,61,14.5,28.1,17,Rain: Light,4,4,
3116,2021-04-20 07:15:00,40.595444,-73.779045,3,0,Driver Inattention/Distraction,4408796,21.4,6.5,0.0,0.0,0.0,0.0,3,26.0,56.2,223,Overcast,3,3,
3117,2021-04-20 11:25:00,40.832966,-73.90294,0,0,Unspecified,4409080,21.4,6.5,0.0,0.0,0.0,0.0,3,26.0,56.2,223,Overcast,0,0,
3118,2021-04-16 18:00:00,40.620964,-73.97767,0,0,Unspecified,4409480,11.8,3.7,2.9,2.9,0.0,12.0,53,23.5,49.0,307,Drizzle: Moderate,0,0,
3119,2021-04-20 19:20:00,40.69504,-73.90109,0,0,Passing Too Closely,4409522,21.4,6.5,0.0,0.0,0.0,0.0,3,26.0,56.2,223,Overcast,0,0,
3120,2021-04-20 22:20:00,40.762524,-73.865555,2,0,Driver Inattention/Distraction,4409282,21.4,6.5,0.0,0.0,0.0,0.0,3,26.0,56.2,223,Overcast,2,2,
3121,2021-04-20 08:45:00,40.575024,-74.1183,1,0,Failure to Yield Right-of-Way,4408841,21.4,6.5,0.0,0.0,0.0,0.0,3,26.0,56.2,223,Overcast,1,1,
3122,2021-04-20 13:15:00,40.78322,-73.84586,0,0,Backing Unsafely,4408965,21.4,6.5,0.0,0.0,0.0,0.0,3,26.0,56.2,223,Overcast,0,0,
3123,2021-04-20 17:47:00,40.824085,-73.874344,2,0,Following Too Closely,4409114,21.4,6.5,0.0,0.0,0.0,0.0,3,26.0,56.2,223,Overcast,2,2,
3124,2021-04-20 16:24:00,40.89507,-73.85445,0,0,Turning Improperly,4409221,21.4,6.5,0.0,0.0,0.0,0.0,3,26.0,56.2,223,Overcast,0,0,
3125,2021-04-20 14:00:00,40.67612,-73.91651,0,0,Other Vehicular,4409243,21.4,6.5,0.0,0.0,0.0,0.0,3,26.0,56.2,223,Overcast,0,0,
3126,2021-04-20 08:29:00,40.592678,-74.07598,2,0,Failure to Yield Right-of-Way,4408907,21.4,6.5,0.0,0.0,0.0,0.0,3,26.0,56.2,223,Overcast,2,2,
3127,2021-04-14 21:31:00,40.80134,-73.94805,0,0,Driver Inattention/Distraction,4409568,19.7,5.4,0.0,0.0,0.0,0.0,3,20.8,39.6,227,Overcast,0,0,
3128,2021-04-12 14:52:00,40.679737,-73.76162,0,0,Following Too Closely,4409581,8.7,6.7,13.6,13.6,0.0,21.0,61,23.4,42.1,51,Rain: Light,0,0,
3129,2021-03-27 18:46:00,40.753937,-73.8603,0,0,Driver Inattention/Distraction,4409621,17.8,6.8,0.0,0.0,0.0,0.0,3,21.8,43.2,253,Overcast,0,0,
3130,2021-04-20 10:26:00,40.6915,-73.90956,0,0,Passing Too Closely,4408934,21.4,6.5,0.0,0.0,0.0,0.0,3,26.0,56.2,223,Overcast,0,0,
3131,2021-04-20 12:30:00,40.557266,-74.1258,0,0,Driver Inattention/Distraction,4408909,21.4,6.5,0.0,0.0,0.0,0.0,3,26.0,56.2,223,Overcast,0,0,
3132,2021-04-19 16:30:00,40.625984,-74.14859,0,0,Unspecified,4409498,16.9,5.0,0.0,0.0,0.0,0.0,3,14.7,31.0,214,Overcast,0,0,
3133,2021-04-20 07:20:00,40.725147,-73.86971,2,0,Unspecified,4408959,21.4,6.5,0.0,0.0,0.0,0.0,3,26.0,56.2,223,Overcast,2,2,
3134,2021-04-20 02:55:00,40.81014,-73.93503,0,0,Aggressive Driving/Road Rage,4408870,21.4,6.5,0.0,0.0,0.0,0.0,3,26.0,56.2,223,Overcast,0,0,
3135,2021-04-20 15:30:00,40.65473,-73.90692,0,0,Other Vehicular,4409241,21.4,6.5,0.0,0.0,0.0,0.0,3,26.0,56.2,223,Overcast,0,0,
3136,2021-04-20 17:41:00,40.763596,-73.95788,0,0,Driver Inattention/Distraction,4409054,21.4,6.5,0.0,0.0,0.0,0.0,3,26.0,56.2,223,Overcast,0,0,
3137,2021-04-20 16:00:00,40.74529,-73.97713,1,0,Following Too Closely,4409086,21.4,6.5,0.0,0.0,0.0,0.0,3,26.0,56.2,223,Overcast,1,1,
3138,2021-04-20 18:44:00,40.630295,-73.94745,0,0,Unspecified,4409143,21.4,6.5,0.0,0.0,0.0,0.0,3,26.0,56.2,223,Overcast,0,0,
3139,2021-04-20 13:20:00,40.66423,-73.919106,2,0,Other Vehicular,4409249,21.4,6.5,0.0,0.0,0.0,0.0,3,26.0,56.2,223,Overcast,2,2,
3140,2021-04-20 09:15:00,40.678032,-73.82302,2,0,Traffic Control Disregarded,4408895,21.4,6.5,0.0,0.0,0.0,0.0,3,26.0,56.2,223,Overcast,2,2,
3141,2021-04-20 12:06:00,40.603832,-74.06895,1,0,Unsafe Speed,4408952,21.4,6.5,0.0,0.0,0.0,0.0,3,26.0,56.2,223,Overcast,1,1,
3142,2021-04-20 17:30:00,40.647587,-74.006905,1,0,Driver Inattention/Distraction,4409030,21.4,6.5,0.0,0.0,0.0,0.0,3,26.0,56.2,223,Overcast,1,1,
3143,2021-04-14 12:00:00,40.805836,-73.94691,0,0,Unspecified,4409564,19.7,5.4,0.0,0.0,0.0,0.0,3,20.8,39.6,227,Overcast,0,0,
3144,2021-04-20 10:26:00,40.779922,-73.98068,0,0,Backing Unsafely,4409629,21.4,6.5,0.0,0.0,0.0,0.0,3,26.0,56.2,223,Overcast,0,0,
3145,2021-04-20 09:15:00,40.865963,-73.92986,0,0,Following Too Closely,4409138,21.4,6.5,0.0,0.0,0.0,0.0,3,26.0,56.2,223,Overcast,0,0,
3146,2021-04-16 13:38:00,40.834324,-73.919914,0,0,Following Too Closely,4409448,11.8,3.7,2.9,2.9,0.0,12.0,53,23.5,49.0,307,Drizzle: Moderate,0,0,
3147,2021-04-20 15:23:00,40.806335,-73.95588,2,0,Unspecified,4409569,21.4,6.5,0.0,0.0,0.0,0.0,3,26.0,56.2,223,Overcast,2,2,
3148,2021-04-20 13:41:00,40.78918,-73.83817,0,0,Following Too Closely,4408966,21.4,6.5,0.0,0.0,0.0,0.0,3,26.0,56.2,223,Overcast,0,0,
3149,2021-04-20 21:50:00,40.61483,-73.99838,0,0,Unspecified,4409614,21.4,6.5,0.0,0.0,0.0,0.0,3,26.0,56.2,223,Overcast,0,0,
3150,2021-04-20 08:00:00,40.701576,-74.01215,0,0,Unspecified,4409010,21.4,6.5,0.0,0.0,0.0,0.0,3,26.0,56.2,223,Overcast,0,0,
3151,2021-04-19 19:01:00,40.847614,-73.887794,0,0,Failure to Yield Right-of-Way,4409505,16.9,5.0,0.0,0.0,0.0,0.0,3,14.7,31.0,214,Overcast,0,0,
3152,2021-04-20 10:20:00,40.844246,-73.93372,0,0,Glare,4408917,21.4,6.5,0.0,0.0,0.0,0.0,3,26.0,56.2,223,Overcast,0,0,
3153,2021-04-20 10:28:00,40.716442,-73.98837,0,0,Driver Inattention/Distraction,4409362,21.4,6.5,0.0,0.0,0.0,0.0,3,26.0,56.2,223,Overcast,0,0,
3154,2021-04-20 19:00:00,40.6101,-74.11668,0,0,Driver Inattention/Distraction,4409184,21.4,6.5,0.0,0.0,0.0,0.0,3,26.0,56.2,223,Overcast,0,0,
3155,2021-04-20 18:25:00,40.855324,-73.89617,1,0,Passing or Lane Usage Improper,4409231,21.4,6.5,0.0,0.0,0.0,0.0,3,26.0,56.2,223,Overcast,1,1,
3156,2021-04-11 14:50:00,40.778606,-73.98163,1,0,Driver Inattention/Distraction,4409624,14.2,8.5,25.3,25.3,0.0,15.0,63,25.7,48.2,77,Rain: Moderate,1,1,
3157,2021-04-20 00:45:00,40.646362,-74.08644,0,0,Other Vehicular,4409339,21.4,6.5,0.0,0.0,0.0,0.0,3,26.0,56.2,223,Overcast,0,0,
3158,2021-04-19 11:36:00,40.62521,-73.9804,0,0,Failure to Yield Right-of-Way,4409493,16.9,5.0,0.0,0.0,0.0,0.0,3,14.7,31.0,214,Overcast,0,0,
3159,2021-04-20 00:00:00,40.74571,-73.878204,0,0,Unspecified,4409050,21.4,6.5,0.0,0.0,0.0,0.0,3,26.0,56.2,223,Overcast,0,0,
3160,2021-04-20 14:30:00,40.603783,-73.74558,2,0,Other Vehicular,4409082,21.4,6.5,0.0,0.0,0.0,0.0,3,26.0,56.2,223,Overcast,2,2,
3161,2021-04-20 16:45:00,40.68993,-73.98148,0,0,Driver Inattention/Distraction,4409016,21.4,6.5,0.0,0.0,0.0,0.0,3,26.0,56.2,223,Overcast,0,0,
3162,2021-04-19 11:21:00,40.752598,-73.96702,1,0,Driver Inattention/Distraction,4409558,16.9,5.0,0.0,0.0,0.0,0.0,3,14.7,31.0,214,Overcast,1,1,
3163,2021-04-20 17:20:00,40.67198,-73.88641,0,0,Driver Inattention/Distraction,4408970,21.4,6.5,0.0,0.0,0.0,0.0,3,26.0,56.2,223,Overcast,0,0,
3164,2021-04-20 07:20:00,40.68481,-73.99177,1,0,Failure to Yield Right-of-Way,4409428,21.4,6.5,0.0,0.0,0.0,0.0,3,26.0,56.2,223,Overcast,1,1,
3165,2021-03-23 08:20:00,40.807842,-73.955574,0,0,Driver Inattention/Distraction,4409573,16.6,1.3,0.0,0.0,0.0,0.0,3,12.8,26.6,83,Overcast,0,0,
3166,2021-04-20 03:45:00,40.828316,-73.93118,5,0,Traffic Control Disregarded,4409096,21.4,6.5,0.0,0.0,0.0,0.0,3,26.0,56.2,223,Overcast,5,5,
3167,2021-04-20 22:00:00,40.641407,-73.91229,1,0,Unspecified,4409024,21.4,6.5,0.0,0.0,0.0,0.0,3,26.0,56.2,223,Overcast,1,1,
3168,2021-04-20 00:27:00,40.835384,-73.93096,1,0,Unsafe Speed,4409099,21.4,6.5,0.0,0.0,0.0,0.0,3,26.0,56.2,223,Overcast,1,1,
3169,2021-04-20 00:40:00,40.85288,-73.92025,0,0,Other Vehicular,4409076,21.4,6.5,0.0,0.0,0.0,0.0,3,26.0,56.2,223,Overcast,0,0,
3170,2021-04-19 21:35:00,40.858788,-73.92291,0,0,Outside Car Distraction,4409474,16.9,5.0,0.0,0.0,0.0,0.0,3,14.7,31.0,214,Overcast,0,0,
3171,2021-04-20 00:45:00,40.74206,-73.82453,2,0,Following Too Closely,4408701,21.4,6.5,0.0,0.0,0.0,0.0,3,26.0,56.2,223,Overcast,2,2,
3172,2021-04-20 11:00:00,40.869335,-73.8255,0,0,Unspecified,4409517,21.4,6.5,0.0,0.0,0.0,0.0,3,26.0,56.2,223,Overcast,0,0,
3173,2021-04-16 11:30:00,40.532604,-74.19051,0,0,Backing Unsafely,4409606,11.8,3.7,2.9,2.9,0.0,12.0,53,23.5,49.0,307,Drizzle: Moderate,0,0,
3174,2021-04-20 15:30:00,40.848625,-73.92753,0,0,Unsafe Lane Changing,4408993,21.4,6.5,0.0,0.0,0.0,0.0,3,26.0,56.2,223,Overcast,0,0,
3175,2021-04-20 15:00:00,40.692207,-73.75439,0,0,Driver Inattention/Distraction,4409293,21.4,6.5,0.0,0.0,0.0,0.0,3,26.0,56.2,223,Overcast,0,0,
3176,2021-04-20 15:33:00,40.69158,-73.79319,0,0,Passing or Lane Usage Improper,4409597,21.4,6.5,0.0,0.0,0.0,0.0,3,26.0,56.2,223,Overcast,0,0,
3177,2021-03-27 16:29:00,40.799713,-73.95595,0,0,Eating or Drinking,4409572,17.8,6.8,0.0,0.0,0.0,0.0,3,21.8,43.2,253,Overcast,0,0,
3178,2021-04-10 14:55:00,40.83639,-73.91588,0,0,Unsafe Speed,4409456,17.0,7.7,1.2,1.2,0.0,3.0,53,14.4,31.7,166,Drizzle: Moderate,0,0,
3179,2021-04-20 01:50:00,40.681175,-73.87363,0,0,Passing or Lane Usage Improper,4408799,21.4,6.5,0.0,0.0,0.0,0.0,3,26.0,56.2,223,Overcast,0,0,
3180,2021-03-31 00:23:00,40.770054,-73.914406,0,0,Traffic Control Disregarded,4409481,16.4,7.2,12.0,12.0,0.0,10.0,61,27.4,51.1,173,Rain: Light,0,0,
3181,2021-04-20 18:47:00,40.826275,-73.907814,0,0,Unsafe Speed,4409077,21.4,6.5,0.0,0.0,0.0,0.0,3,26.0,56.2,223,Overcast,0,0,
3182,2021-04-16 08:42:00,40.700123,-73.90622,1,0,Driver Inattention/Distraction,4409523,11.8,3.7,2.9,2.9,0.0,12.0,53,23.5,49.0,307,Drizzle: Moderate,1,1,
3183,2021-04-20 01:30:00,40.774807,-73.98442,0,0,Driver Inattention/Distraction,4409281,21.4,6.5,0.0,0.0,0.0,0.0,3,26.0,56.2,223,Overcast,0,0,
3184,2021-04-20 10:00:00,40.804905,-73.91883,0,0,Other Vehicular,4409045,21.4,6.5,0.0,0.0,0.0,0.0,3,26.0,56.2,223,Overcast,0,0,
3185,2021-04-09 10:30:00,40.614227,-73.99901,0,0,Unspecified,4409662,13.4,5.7,0.0,0.0,0.0,0.0,3,15.7,33.8,146,Overcast,0,0,
3186,2021-04-20 14:10:00,40.703342,-73.80021,0,0,Driver Inexperience,4409582,21.4,6.5,0.0,0.0,0.0,0.0,3,26.0,56.2,223,Overcast,0,0,
3187,2021-04-19 18:00:00,40.84428,-73.88886,1,0,View Obstructed/Limited,4409504,16.9,5.0,0.0,0.0,0.0,0.0,3,14.7,31.0,214,Overcast,1,1,
3188,2021-04-20 00:00:00,40.86923,-73.89604,1,0,Aggressive Driving/Road Rage,4408916,21.4,6.5,0.0,0.0,0.0,0.0,3,26.0,56.2,223,Overcast,1,1,
3189,2021-04-20 11:00:00,40.847065,-73.8916,0,0,Driver Inattention/Distraction,4408935,21.4,6.5,0.0,0.0,0.0,0.0,3,26.0,56.2,223,Overcast,0,0,
3190,2021-04-20 23:48:00,40.809525,-73.93789,0,0,Other Vehicular,4409150,21.4,6.5,0.0,0.0,0.0,0.0,3,26.0,56.2,223,Overcast,0,0,
3191,2021-03-24 01:15:00,0.0,0.0,1,0,Alcohol Involvement,4409577,13.3,4.0,28.6,28.6,0.0,10.0,65,16.3,28.8,87,Rain: Heavy,1,1,
3192,2021-04-20 19:35:00,40.665154,-73.82774,0,0,Failure to Yield Right-of-Way,4409260,21.4,6.5,0.0,0.0,0.0,0.0,3,26.0,56.2,223,Overcast,0,0,
3193,2021-04-19 14:40:00,40.683567,-73.864204,0,0,Passing Too Closely,4409546,16.9,5.0,0.0,0.0,0.0,0.0,3,14.7,31.0,214,Overcast,0,0,
3194,2021-04-20 09:39:00,40.819244,-73.891365,0,0,Driver Inattention/Distraction,4408897,21.4,6.5,0.0,0.0,0.0,0.0,3,26.0,56.2,223,Overcast,0,0,
3195,2021-04-20 23:30:00,40.728043,-73.8301,0,0,Driver Inattention/Distraction,4409185,21.4,6.5,0.0,0.0,0.0,0.0,3,26.0,56.2,223,Overcast,0,0,
3196,2021-04-20 08:47:00,40.747974,-73.75999,0,0,Failure to Yield Right-of-Way,4408921,21.4,6.5,0.0,0.0,0.0,0.0,3,26.0,56.2,223,Overcast,0,0,
3197,2021-04-20 11:15:00,40.644337,-74.00754,2,0,Driver Inattention/Distraction,4409029,21.4,6.5,0.0,0.0,0.0,0.0,3,26.0,56.2,223,Overcast,2,2,
3198,2021-04-16 08:40:00,40.833916,-73.92702,1,0,Failure to Yield Right-of-Way,4409450,11.8,3.7,2.9,2.9,0.0,12.0,53,23.5,49.0,307,Drizzle: Moderate,1,1,
3199,2021-04-20 16:00:00,40.86676,-73.920616,1,0,View Obstructed/Limited,4409268,21.4,6.5,0.0,0.0,0.0,0.0,3,26.0,56.2,223,Overcast,1,1,
3200,2021-04-20 15:00:00,40.859444,-73.915985,0,0,Passing or Lane Usage Improper,4408975,21.4,6.5,0.0,0.0,0.0,0.0,3,26.0,56.2,223,Overcast,0,0,
3201,2021-04-20 17:36:00,40.660374,-73.83152,1,0,Driver Inattention/Distraction,4409037,21.4,6.5,0.0,0.0,0.0,0.0,3,26.0,56.2,223,Overcast,1,1,
3202,2021-04-19 08:03:00,40.712994,-73.98853,0,0,Driver Inattention/Distraction,4409641,16.9,5.0,0.0,0.0,0.0,0.0,3,14.7,31.0,214,Overcast,0,0,
3203,2021-04-20 10:20:00,40.680237,-73.75084,0,0,Passing or Lane Usage Improper,4409628,21.4,6.5,0.0,0.0,0.0,0.0,3,26.0,56.2,223,Overcast,0,0,
3204,2021-04-20 13:04:00,40.808407,-73.95248,0,0,Driver Inattention/Distraction,4409565,21.4,6.5,0.0,0.0,0.0,0.0,3,26.0,56.2,223,Overcast,0,0,
3205,2021-04-19 08:50:00,40.84726,-73.935234,0,0,Driver Inattention/Distraction,4409444,16.9,5.0,0.0,0.0,0.0,0.0,3,14.7,31.0,214,Overcast,0,0,
3206,2021-04-14 16:00:00,40.614326,-73.98987,0,0,Driver Inattention/Distraction,4409615,19.7,5.4,0.0,0.0,0.0,0.0,3,20.8,39.6,227,Overcast,0,0,
3207,2021-04-20 16:19:00,40.640823,-73.96531,1,0,Unspecified,4409142,21.4,6.5,0.0,0.0,0.0,0.0,3,26.0,56.2,223,Overcast,1,1,
3208,2021-04-20 08:30:00,40.563164,-74.115105,0,0,Unsafe Speed,4408840,21.4,6.5,0.0,0.0,0.0,0.0,3,26.0,56.2,223,Overcast,0,0,
3209,2021-04-20 15:50:00,40.73639,-73.90972,0,0,Driver Inattention/Distraction,4409247,21.4,6.5,0.0,0.0,0.0,0.0,3,26.0,56.2,223,Overcast,0,0,
3210,2021-09-13 16:54:00,40.838196,-73.901184,0,0,Unspecified,4457029,28.8,21.8,1.1,1.1,0.0,2.0,53,20.1,36.7,277,Drizzle: Moderate,0,0,
3211,2021-04-20 11:58:00,40.706673,-73.95443,1,0,Driver Inattention/Distraction,4409191,21.4,6.5,0.0,0.0,0.0,0.0,3,26.0,56.2,223,Overcast,1,1,
3212,2021-04-20 16:30:00,40.616783,-73.89716,4,0,Unsafe Lane Changing,4409112,21.4,6.5,0.0,0.0,0.0,0.0,3,26.0,56.2,223,Overcast,4,4,
3213,2021-04-20 13:52:00,40.77592,-73.95317,0,0,Unspecified,4409053,21.4,6.5,0.0,0.0,0.0,0.0,3,26.0,56.2,223,Overcast,0,0,
3214,2021-04-20 11:49:00,40.69246,-73.726875,1,0,Unspecified,4409637,21.4,6.5,0.0,0.0,0.0,0.0,3,26.0,56.2,223,Overcast,1,1,
3215,2021-04-02 19:17:00,40.89316,-73.852425,1,0,Driver Inattention/Distraction,4409497,3.5,-3.6,0.0,0.0,0.0,0.0,3,25.9,51.1,324,Overcast,1,1,
3216,2021-04-20 12:40:00,40.74445,-73.97304,1,0,View Obstructed/Limited,4409085,21.4,6.5,0.0,0.0,0.0,0.0,3,26.0,56.2,223,Overcast,1,1,
3217,2021-04-20 20:20:00,40.83516,-73.94561,0,0,Passing Too Closely,4409445,21.4,6.5,0.0,0.0,0.0,0.0,3,26.0,56.2,223,Overcast,0,0,
3218,2021-04-20 16:39:00,40.669857,-73.95051,1,0,Following Too Closely,4409004,21.4,6.5,0.0,0.0,0.0,0.0,3,26.0,56.2,223,Overcast,1,1,
3219,2021-04-20 13:00:00,40.635933,-74.07585,0,0,Driver Inattention/Distraction,4409344,21.4,6.5,0.0,0.0,0.0,0.0,3,26.0,56.2,223,Overcast,0,0,
3220,2021-04-20 15:15:00,40.691,-73.989334,0,0,Aggressive Driving/Road Rage,4409036,21.4,6.5,0.0,0.0,0.0,0.0,3,26.0,56.2,223,Overcast,0,0,
3221,2021-04-20 14:20:00,40.577168,-74.11804,0,0,Driver Inattention/Distraction,4409214,21.4,6.5,0.0,0.0,0.0,0.0,3,26.0,56.2,223,Overcast,0,0,
3222,2021-04-20 09:22:00,40.768486,-73.96362,1,0,Backing Unsafely,4408868,21.4,6.5,0.0,0.0,0.0,0.0,3,26.0,56.2,223,Overcast,1,1,
3223,2021-04-20 19:25:00,40.603783,-73.74558,0,0,Other Vehicular,4409093,21.4,6.5,0.0,0.0,0.0,0.0,3,26.0,56.2,223,Overcast,0,0,
3224,2021-04-20 11:00:00,40.604107,-73.942604,0,0,Backing Unsafely,4408939,21.4,6.5,0.0,0.0,0.0,0.0,3,26.0,56.2,223,Overcast,0,0,
3225,2021-04-20 08:30:00,40.777023,-73.77554,1,0,Driver Inattention/Distraction,4408992,21.4,6.5,0.0,0.0,0.0,0.0,3,26.0,56.2,223,Overcast,1,1,
3226,2021-04-20 04:30:00,40.8396,-73.929474,0,0,Following Too Closely,4409092,21.4,6.5,0.0,0.0,0.0,0.0,3,26.0,56.2,223,Overcast,0,0,
3227,2021-04-15 21:29:00,40.84065,-73.91902,0,0,Passing Too Closely,4409462,12.9,7.7,15.9,15.9,0.0,15.0,63,17.3,32.0,166,Rain: Moderate,0,0,
3228,2021-04-20 07:35:00,40.738415,-73.84899,0,0,Unspecified,4409048,21.4,6.5,0.0,0.0,0.0,0.0,3,26.0,56.2,223,Overcast,0,0,
3229,2021-04-15 19:51:00,40.63867,-73.97182,1,0,Unspecified,4409477,12.9,7.7,15.9,15.9,0.0,15.0,63,17.3,32.0,166,Rain: Moderate,1,1,