,CRASH DATETIME,LATITUDE,LONGITUDE,NUMBER OF PERSONS INJURED,NUMBER OF PERSONS KILLED,CONTRIBUTING FACTOR VEHICLE 1,COLLISION_ID,temperature_2m_max,temperature_2m_min,precipitation_sum,rain_sum,snowfall_sum,precipitation_hours,weather_code,wind_speed_10m_max,wind_gusts_10m_max,wind_direction_10m_dominant,Weather Description,Severity_Score,Total_Affected_Persons,Weather_Category
3230,2021-04-20 00:10:00,40.682194,-74.00239,1,0,Unspecified,4408725,21.4,6.5,0.0,0.0,0.0,0.0,3,26.0,56.2,223,Overcast,1,1,
3231,2021-04-18 10:00:00,40.850193,-73.88624,0,0,Unspecified,4409518,15.1,5.3,0.2,0.2,0.0,2.0,51,13.2,28.4,282,Drizzle: Light,0,0,
3232,2021-04-20 20:10:00,40.70456,-73.856735,0,0,Following Too Closely,4409290,21.4,6.5,0.0,0.0,0.0,0.0,3,26.0,56.2,223,Overcast,0,0,
3233,2021-04-14 12:45:00,40.56186,-74.1766,0,0,Unspecified,4409605,19.7,5.4,0.0,0.0,0.0,0.0,3,20.8,39.6,227,Overcast,0,0,
3234,2021-03-21 03:45:00,40.808407,-73.95248,3,0,Alcohol Involvement,4409578,15.0,-0.4,0.0,0.0,0.0,0.0,1,14.3,29.2,47,Mainly clear,3,3,Sunny/Clear Conditions
3235,2021-04-20 16:10:00,40.579174,-74.11483,2,0,Driver Inattention/Distraction,4409186,21.4,6.5,0.0,0.0,0.0,0.0,3,26.0,56.2,223,Overcast,2,2,
3236,2021-04-20 10:13:00,40.82843,-73.88105,0,0,Unsafe Speed,4408920,21.4,6.5,0.0,0.0,0.0,0.0,3,26.0,56.2,223,Overcast,0,0,
3237,2021-04-20 13:50:00,40.64208,-73.91967,4,0,Unsafe Lane Changing,4409131,21.4,6.5,0.0,0.0,0.0,0.0,3,26.0,56.2,223,Overcast,4,4,
3238,2021-04-20 15:36:00,40.80777,-73.94549,2,0,Following Too Closely,4409515,21.4,6.5,0.0,0.0,0.0,0.0,3,26.0,56.2,223,Overcast,2,2,
3239,2021-04-20 08:38:00,40.62965,-73.990555,0,0,Unspecified,4408951,21.4,6.5,0.0,0.0,0.0,0.0,3,26.0,56.2,223,Overcast,0,0,
3240,2021-09-13 19:15:00,40.67826,-73.897934,0,0,Unspecified,4457379,28.8,21.8,1.1,1.1,0.0,2.0,53,20.1,36.7,277,Drizzle: Moderate,0,0,
3241,2021-04-20 23:10:00,40.67567,-73.89785,1,0,Following Too Closely,4409550,21.4,6.5,0.0,0.0,0.0,0.0,3,26.0,56.2,223,Overcast,1,1,
3242,2021-04-20 13:55:00,40.65277,-73.93051,1,0,Driver Inattention/Distraction,4408974,21.4,6.5,0.0,0.0,0.0,0.0,3,26.0,56.2,223,Overcast,1,1,
3243,2021-03-23 17:15:00,0.0,0.0,1,0,Driver Inattention/Distraction,4409576,16.6,1.3,0.0,0.0,0.0,0.0,3,12.8,26.6,83,Overcast,1,1,
3244,2021-04-20 07:20:00,40.755222,-73.96135,0,0,Driver Inattention/Distraction,4408876,21.4,6.5,0.0,0.0,0.0,0.0,3,26.0,56.2,223,Overcast,0,0,
3245,2021-04-20 13:30:00,40.715473,-73.95185,0,0,Unspecified,4409133,21.4,6.5,0.0,0.0,0.0,0.0,3,26.0,56.2,223,Overcast,0,0,
3246,2021-04-20 13:00:00,40.871605,-73.84246,0,0,Driver Inattention/Distraction,4409223,21.4,6.5,0.0,0.0,0.0,0.0,3,26.0,56.2,223,Overcast,0,0,
3247,2021-04-20 14:25:00,40.70379,-73.8846,1,0,Failure to Yield Right-of-Way,4409258,21.4,6.5,0.0,0.0,0.0,0.0,3,26.0,56.2,223,Overcast,1,1,
3248,2021-04-20 09:15:00,40.76706,-73.91906,0,0,Unspecified,4408900,21.4,6.5,0.0,0.0,0.0,0.0,3,26.0,56.2,223,Overcast,0,0,
3249,2021-04-20 12:40:00,40.71652,-73.774254,1,0,Unspecified,4408948,21.4,6.5,0.0,0.0,0.0,0.0,3,26.0,56.2,223,Overcast,1,1,
3250,2021-04-20 16:04:00,40.80119,-73.95569,0,0,View Obstructed/Limited,4409566,21.4,6.5,0.0,0.0,0.0,0.0,3,26.0,56.2,223,Overcast,0,0,
3251,2021-03-22 09:00:00,40.806705,-73.952866,1,0,Traffic Control Disregarded,4409571,13.5,-1.5,0.0,0.0,0.0,0.0,0,14.1,29.9,126,Clear sky,1,1,Sunny/Clear Conditions
3252,2021-04-20 14:32:00,40.663544,-73.86949,0,0,Unspecified,4408968,21.4,6.5,0.0,0.0,0.0,0.0,3,26.0,56.2,223,Overcast,0,0,
3253,2021-04-20 10:30:00,40.69467,-73.93115,0,0,Driver Inattention/Distraction,4409078,21.4,6.5,0.0,0.0,0.0,0.0,3,26.0,56.2,223,Overcast,0,0,
3254,2021-04-20 18:40:00,40.804523,-73.95158,0,0,Driver Inattention/Distraction,4409559,21.4,6.5,0.0,0.0,0.0,0.0,3,26.0,56.2,223,Overcast,0,0,
3255,2021-04-20 13:01:00,40.782463,-73.97883,1,0,Driver Inattention/Distraction,4409287,21.4,6.5,0.0,0.0,0.0,0.0,3,26.0,56.2,223,Overcast,1,1,
3256,2021-04-14 21:51:00,40.84653,-73.8913,0,0,Passing Too Closely,4409502,19.7,5.4,0.0,0.0,0.0,0.0,3,20.8,39.6,227,Overcast,0,0,
3257,2021-04-20 11:00:00,40.795963,-73.97084,0,0,Passenger Distraction,4408915,21.4,6.5,0.0,0.0,0.0,0.0,3,26.0,56.2,223,Overcast,0,0,
3258,2021-04-20 20:20:00,40.622635,-74.16081,0,0,Driver Inattention/Distraction,4408988,21.4,6.5,0.0,0.0,0.0,0.0,3,26.0,56.2,223,Overcast,0,0,
3259,2021-04-20 15:07:00,40.68348,-73.966896,1,0,Unspecified,4408962,21.4,6.5,0.0,0.0,0.0,0.0,3,26.0,56.2,223,Overcast,1,1,
3260,2021-04-20 17:00:00,40.8556,-73.88515,0,0,Passing or Lane Usage Improper,4409125,21.4,6.5,0.0,0.0,0.0,0.0,3,26.0,56.2,223,Overcast,0,0,
3261,2021-04-20 16:45:00,40.625828,-73.99095,0,0,Unspecified,4408955,21.4,6.5,0.0,0.0,0.0,0.0,3,26.0,56.2,223,Overcast,0,0,
3262,2021-04-20 18:35:00,40.60548,-73.999725,1,0,Driver Inexperience,4409665,21.4,6.5,0.0,0.0,0.0,0.0,3,26.0,56.2,223,Overcast,1,1,
3263,2021-04-16 00:00:00,40.843002,-73.90359,0,0,Driver Inattention/Distraction,4409461,11.8,3.7,2.9,2.9,0.0,12.0,53,23.5,49.0,307,Drizzle: Moderate,0,0,
3264,2021-04-20 22:55:00,40.85588,-73.88428,1,0,Driver Inattention/Distraction,4409236,21.4,6.5,0.0,0.0,0.0,0.0,3,26.0,56.2,223,Overcast,1,1,
3265,2021-04-20 17:50:00,40.746143,-73.82718,0,0,Failure to Yield Right-of-Way,4409018,21.4,6.5,0.0,0.0,0.0,0.0,3,26.0,56.2,223,Overcast,0,0,
3266,2021-09-13 01:10:00,40.7811,-73.77,5,0,Unsafe Speed,4456372,28.8,21.8,1.1,1.1,0.0,2.0,53,20.1,36.7,277,Drizzle: Moderate,5,5,
3267,2021-04-20 09:00:00,40.582912,-73.97458,2,0,Unspecified,4409246,21.4,6.5,0.0,0.0,0.0,0.0,3,26.0,56.2,223,Overcast,2,2,
3268,2021-04-20 22:30:00,40.755184,-74.0006,0,0,Oversized Vehicle,4409204,21.4,6.5,0.0,0.0,0.0,0.0,3,26.0,56.2,223,Overcast,0,0,
3269,2021-04-20 08:15:00,40.86033,-73.898285,1,0,Turning Improperly,4409067,21.4,6.5,0.0,0.0,0.0,0.0,3,26.0,56.2,223,Overcast,1,1,
3270,2021-04-20 18:20:00,40.694916,-73.83221,0,0,Failure to Yield Right-of-Way,4409542,21.4,6.5,0.0,0.0,0.0,0.0,3,26.0,56.2,223,Overcast,0,0,
3271,2021-04-20 16:55:00,40.71582,-73.81759,1,0,Unspecified,4409013,21.4,6.5,0.0,0.0,0.0,0.0,3,26.0,56.2,223,Overcast,1,1,
3272,2021-04-15 19:00:00,40.84065,-73.91902,0,0,Passing Too Closely,4409451,12.9,7.7,15.9,15.9,0.0,15.0,63,17.3,32.0,166,Rain: Moderate,0,0,
3273,2021-04-20 09:20:00,40.58624,-73.8132,0,0,Backing Unsafely,4408997,21.4,6.5,0.0,0.0,0.0,0.0,3,26.0,56.2,223,Overcast,0,0,
3274,2021-09-12 16:55:00,40.75834,-73.996414,0,0,Following Too Closely,4457415,28.8,18.3,0.0,0.0,0.0,0.0,3,24.3,46.8,233,Overcast,0,0,
3275,2021-04-20 16:45:00,40.637894,-73.99989,0,0,Driver Inattention/Distraction,4409478,21.4,6.5,0.0,0.0,0.0,0.0,3,26.0,56.2,223,Overcast,0,0,
3276,2021-04-20 12:20:00,40.785095,-73.97691,0,0,Backing Unsafely,4409617,21.4,6.5,0.0,0.0,0.0,0.0,3,26.0,56.2,223,Overcast,0,0,
3277,2021-04-20 09:40:00,40.84744,-73.89968,0,0,Following Too Closely,4408936,21.4,6.5,0.0,0.0,0.0,0.0,3,26.0,56.2,223,Overcast,0,0,
3278,2021-04-20 15:29:00,40.80786,-73.93182,1,0,,4409038,21.4,6.5,0.0,0.0,0.0,0.0,3,26.0,56.2,223,Overcast,1,1,
3279,2021-04-16 09:00:00,40.739834,-73.86715,0,0,Unspecified,4409524,11.8,3.7,2.9,2.9,0.0,12.0,53,23.5,49.0,307,Drizzle: Moderate,0,0,
3280,2021-09-13 20:10:00,40.70003,-73.78873,1,0,Unspecified,4457537,28.8,21.8,1.1,1.1,0.0,2.0,53,20.1,36.7,277,Drizzle: Moderate,1,1,
3281,2021-04-20 16:23:00,40.814266,-73.912964,0,0,Unspecified,4409046,21.4,6.5,0.0,0.0,0.0,0.0,3,26.0,56.2,223,Overcast,0,0,
3282,2021-04-13 06:17:00,40.786484,-73.97218,0,0,Driver Inattention/Distraction,4409627,18.3,5.8,4.5,4.5,0.0,5.0,61,14.5,28.1,17,Rain: Light,0,0,
3283,2021-04-20 23:25:00,40.594616,-73.99743,4,0,Unsafe Lane Changing,4409110,21.4,6.5,0.0,0.0,0.0,0.0,3,26.0,56.2,223,Overcast,4,4,
3284,2021-04-20 21:40:00,40.69168,-73.999344,2,0,Driver Inattention/Distraction,4409355,21.4,6.5,0.0,0.0,0.0,0.0,3,26.0,56.2,223,Overcast,2,2,
3285,2021-04-20 08:48:00,40.642548,-74.016655,1,0,Failure to Yield Right-of-Way,4409028,21.4,6.5,0.0,0.0,0.0,0.0,3,26.0,56.2,223,Overcast,1,1,
3286,2021-04-20 17:10:00,40.86309,-73.88946,0,0,Driver Inattention/Distraction,4408976,21.4,6.5,0.0,0.0,0.0,0.0,3,26.0,56.2,223,Overcast,0,0,
3287,2021-04-20 07:50:00,40.819454,-73.94069,0,0,Other Vehicular,4409469,21.4,6.5,0.0,0.0,0.0,0.0,3,26.0,56.2,223,Overcast,0,0,
3288,2021-04-12 06:30:00,40.623367,-73.989494,0,0,Driver Inattention/Distraction,4409486,8.7,6.7,13.6,13.6,0.0,21.0,61,23.4,42.1,51,Rain: Light,0,0,
3289,2021-04-20 17:02:00,40.63665,-73.96805,0,0,Driver Inattention/Distraction,4409141,21.4,6.5,0.0,0.0,0.0,0.0,3,26.0,56.2,223,Overcast,0,0,
3290,2021-04-20 16:00:00,40.783226,-73.83952,0,0,Unspecified,4409271,21.4,6.5,0.0,0.0,0.0,0.0,3,26.0,56.2,223,Overcast,0,0,
3291,2021-04-20 07:02:00,40.828075,-73.88543,1,0,Unspecified,4409052,21.4,6.5,0.0,0.0,0.0,0.0,3,26.0,56.2,223,Overcast,1,1,
3292,2021-04-17 16:08:00,40.54653,-74.180435,0,0,View Obstructed/Limited,4409646,11.8,4.9,0.3,0.3,0.0,2.0,51,17.1,32.4,313,Drizzle: Light,0,0,
3293,2021-04-20 03:34:00,40.834095,-73.94983,0,0,Fell Asleep,4409094,21.4,6.5,0.0,0.0,0.0,0.0,3,26.0,56.2,223,Overcast,0,0,
3294,2021-04-20 21:25:00,40.665474,-73.86752,0,0,Driver Inattention/Distraction,4409549,21.4,6.5,0.0,0.0,0.0,0.0,3,26.0,56.2,223,Overcast,0,0,
3295,2021-04-20 08:15:00,40.844673,-73.94245,0,0,Other Vehicular,4409443,21.4,6.5,0.0,0.0,0.0,0.0,3,26.0,56.2,223,Overcast,0,0,
3296,2021-04-17 00:42:00,40.694862,-73.81842,0,0,Driver Inattention/Distraction,4409594,11.8,4.9,0.3,0.3,0.0,2.0,51,17.1,32.4,313,Drizzle: Light,0,0,
3297,2021-04-20 16:55:00,40.819202,-73.92597,1,0,Brakes Defective,4409102,21.4,6.5,0.0,0.0,0.0,0.0,3,26.0,56.2,223,Overcast,1,1,
3298,2021-03-14 12:56:00,40.80886,-73.95213,0,0,Drugs (illegal),4409579,10.0,-0.8,0.0,0.0,0.0,0.0,3,38.1,73.8,301,Overcast,0,0,
3299,2021-04-20 22:30:00,40.840496,-73.94599,0,0,Unsafe Lane Changing,4409446,21.4,6.5,0.0,0.0,0.0,0.0,3,26.0,56.2,223,Overcast,0,0,
3300,2021-04-20 00:02:00,40.759727,-73.99169,1,0,Traffic Control Disregarded,4408732,21.4,6.5,0.0,0.0,0.0,0.0,3,26.0,56.2,223,Overcast,1,1,
3301,2021-04-18 16:00:00,40.845715,-73.88085,0,0,Passing Too Closely,4409519,15.1,5.3,0.2,0.2,0.0,2.0,51,13.2,28.4,282,Drizzle: Light,0,0,
3302,2021-04-16 13:55:00,40.81458,-73.94795,1,0,Driver Inattention/Distraction,4409470,11.8,3.7,2.9,2.9,0.0,12.0,53,23.5,49.0,307,Drizzle: Moderate,1,1,
3303,2021-04-20 18:30:00,40.682983,-73.97335,0,0,Driver Inattention/Distraction,4409012,21.4,6.5,0.0,0.0,0.0,0.0,3,26.0,56.2,223,Overcast,0,0,
3304,2021-04-20 18:15:00,40.5609,-74.16901,0,0,Following Too Closely,4409187,21.4,6.5,0.0,0.0,0.0,0.0,3,26.0,56.2,223,Overcast,0,0,
3305,2021-04-20 07:24:00,40.6947,-73.927505,1,0,Driver Inattention/Distraction,4408931,21.4,6.5,0.0,0.0,0.0,0.0,3,26.0,56.2,223,Overcast,1,1,
3306,2021-04-20 19:05:00,40.65177,-73.95597,0,0,Unspecified,4409154,21.4,6.5,0.0,0.0,0.0,0.0,3,26.0,56.2,223,Overcast,0,0,
3307,2021-04-20 11:20:00,40.64197,-73.99157,1,0,Unspecified,4409496,21.4,6.5,0.0,0.0,0.0,0.0,3,26.0,56.2,223,Overcast,1,1,
3308,2021-04-20 17:43:00,40.68561,-73.92326,0,0,Passing or Lane Usage Improper,4409320,21.4,6.5,0.0,0.0,0.0,0.0,3,26.0,56.2,223,Overcast,0,0,
3309,2021-04-20 09:51:00,40.818893,-73.89229,0,0,Unspecified,4409060,21.4,6.5,0.0,0.0,0.0,0.0,3,26.0,56.2,223,Overcast,0,0,
3310,2021-04-16 14:30:00,40.69168,-73.999344,0,0,Unspecified,4407902,11.8,3.7,2.9,2.9,0.0,12.0,53,23.5,49.0,307,Drizzle: Moderate,0,0,
3311,2021-04-20 17:19:00,40.83228,-73.90963,0,0,Unspecified,4409084,21.4,6.5,0.0,0.0,0.0,0.0,3,26.0,56.2,223,Overcast,0,0,
3312,2021-04-20 15:07:00,40.5967,-73.77488,0,0,Unspecified,4409264,21.4,6.5,0.0,0.0,0.0,0.0,3,26.0,56.2,223,Overcast,0,0,
3313,2021-04-20 13:58:00,40.802444,-73.938835,0,0,Driver Inattention/Distraction,4409127,21.4,6.5,0.0,0.0,0.0,0.0,3,26.0,56.2,223,Overcast,0,0,
3314,2021-04-20 07:50:00,40.620438,-74.1672,0,0,Unsafe Lane Changing,4408954,21.4,6.5,0.0,0.0,0.0,0.0,3,26.0,56.2,223,Overcast,0,0,
3315,2021-04-20 12:13:00,0.0,0.0,1,0,Other Vehicular,4408972,21.4,6.5,0.0,0.0,0.0,0.0,3,26.0,56.2,223,Overcast,1,1,
3316,2021-03-24 09:33:00,40.80641,-73.94227,0,0,Following Too Closely,4409575,13.3,4.0,28.6,28.6,0.0,10.0,65,16.3,28.8,87,Rain: Heavy,0,0,
3317,2021-04-20 10:00:00,40.857117,-73.89907,0,0,Unspecified,4408879,21.4,6.5,0.0,0.0,0.0,0.0,3,26.0,56.2,223,Overcast,0,0,
3318,2021-03-27 20:40:00,40.80143,-73.95011,0,0,Unspecified,4409562,17.8,6.8,0.0,0.0,0.0,0.0,3,21.8,43.2,253,Overcast,0,0,
3319,2021-04-20 15:30:00,40.73599,-73.98946,1,0,Driver Inattention/Distraction,4409135,21.4,6.5,0.0,0.0,0.0,0.0,3,26.0,56.2,223,Overcast,1,1,
3320,2021-04-20 22:00:00,40.644455,-74.0183,1,0,Following Too Closely,4409032,21.4,6.5,0.0,0.0,0.0,0.0,3,26.0,56.2,223,Overcast,1,1,
3321,2021-04-05 09:05:00,40.64511,-73.874886,0,0,Pavement Defective,4409636,18.0,5.6,0.0,0.0,0.0,0.0,2,25.7,49.0,313,Partly cloudy,0,0,
3322,2021-09-13 18:30:00,40.714066,-73.94938,0,0,Passing or Lane Usage Improper,4456933,28.8,21.8,1.1,1.1,0.0,2.0,53,20.1,36.7,277,Drizzle: Moderate,0,0,
3323,2021-04-14 13:20:00,40.55231,-74.19095,0,0,Driver Inattention/Distraction,4409601,19.7,5.4,0.0,0.0,0.0,0.0,3,20.8,39.6,227,Overcast,0,0,
3324,2021-04-20 17:16:00,40.61824,-73.98408,0,0,Driver Inattention/Distraction,4408956,21.4,6.5,0.0,0.0,0.0,0.0,3,26.0,56.2,223,Overcast,0,0,
3325,2021-04-20 18:03:00,40.690453,-73.91176,0,0,Unspecified,4408979,21.4,6.5,0.0,0.0,0.0,0.0,3,26.0,56.2,223,Overcast,0,0,
3326,2021-04-20 16:20:00,40.65965,-73.773834,1,0,Driver Inattention/Distraction,4409276,21.4,6.5,0.0,0.0,0.0,0.0,3,26.0,56.2,223,Overcast,1,1,
3327,2021-04-20 22:30:00,40.880993,-73.839455,0,0,Passing Too Closely,4409224,21.4,6.5,0.0,0.0,0.0,0.0,3,26.0,56.2,223,Overcast,0,0,
3328,2021-04-20 13:55:00,40.852306,-73.89811,1,0,Backing Unsafely,4409237,21.4,6.5,0.0,0.0,0.0,0.0,3,26.0,56.2,223,Overcast,1,1,
3329,2021-04-18 15:00:00,40.54833,-74.19398,0,0,Unspecified,4409647,15.1,5.3,0.2,0.2,0.0,2.0,51,13.2,28.4,282,Drizzle: Light,0,0,
3330,2021-04-20 09:58:00,40.79793,-73.934,1,0,Driver Inattention/Distraction,4408874,21.4,6.5,0.0,0.0,0.0,0.0,3,26.0,56.2,223,Overcast,1,1,
3331,2021-04-20 17:47:00,40.605335,-73.75528,0,0,Other Vehicular,4409090,21.4,6.5,0.0,0.0,0.0,0.0,3,26.0,56.2,223,Overcast,0,0,
3332,2021-04-20 09:00:00,40.6862,-73.950745,0,0,Driver Inattention/Distraction,4408919,21.4,6.5,0.0,0.0,0.0,0.0,3,26.0,56.2,223,Overcast,0,0,
3333,2021-04-11 00:00:00,40.604435,-73.99485,1,0,Driver Inexperience,4409666,14.2,8.5,25.3,25.3,0.0,15.0,63,25.7,48.2,77,Rain: Moderate,1,1,
3334,2021-04-20 14:56:00,40.631706,-73.94649,0,0,Unspecified,4409140,21.4,6.5,0.0,0.0,0.0,0.0,3,26.0,56.2,223,Overcast,0,0,
3335,2021-04-20 07:36:00,40.772327,-73.94531,0,0,Following Too Closely,4408862,21.4,6.5,0.0,0.0,0.0,0.0,3,26.0,56.2,223,Overcast,0,0,
3336,2021-04-20 18:30:00,40.68372,-73.78468,0,0,Unspecified,4408990,21.4,6.5,0.0,0.0,0.0,0.0,3,26.0,56.2,223,Overcast,0,0,
3337,2021-04-20 17:00:00,40.894207,-73.848946,0,0,Traffic Control Disregarded,4409222,21.4,6.5,0.0,0.0,0.0,0.0,3,26.0,56.2,223,Overcast,0,0,
3338,2021-04-14 17:30:00,40.67219,-73.92755,0,0,Driver Inattention/Distraction,4409611,19.7,5.4,0.0,0.0,0.0,0.0,3,20.8,39.6,227,Overcast,0,0,
3339,2021-04-20 09:00:00,40.831257,-73.93574,0,0,Unspecified,4409120,21.4,6.5,0.0,0.0,0.0,0.0,3,26.0,56.2,223,Overcast,0,0,
3340,2021-04-20 15:40:00,40.878773,-73.87288,1,0,Lost Consciousness,4408942,21.4,6.5,0.0,0.0,0.0,0.0,3,26.0,56.2,223,Overcast,1,1,
3341,2021-04-20 11:40:00,40.635265,-73.97398,0,0,Unspecified,4409484,21.4,6.5,0.0,0.0,0.0,0.0,3,26.0,56.2,223,Overcast,0,0,
3342,2021-04-13 15:05:00,40.83927,-73.92257,0,0,Following Too Closely,4409452,18.3,5.8,4.5,4.5,0.0,5.0,61,14.5,28.1,17,Rain: Light,0,0,
3343,2021-04-20 17:04:00,40.802914,-73.92029,0,0,Driver Inattention/Distraction,4409039,21.4,6.5,0.0,0.0,0.0,0.0,3,26.0,56.2,223,Overcast,0,0,
3344,2021-04-20 20:23:00,40.880527,-73.901794,1,0,Unspecified,4409020,21.4,6.5,0.0,0.0,0.0,0.0,3,26.0,56.2,223,Overcast,1,1,
3345,2021-04-20 18:15:00,40.613895,-73.99219,3,0,Driver Inattention/Distraction,4409395,21.4,6.5,0.0,0.0,0.0,0.0,3,26.0,56.2,223,Overcast,3,3,
3346,2021-04-20 15:50:00,40.8047,-73.91243,0,0,Unspecified,4409047,21.4,6.5,0.0,0.0,0.0,0.0,3,26.0,56.2,223,Overcast,0,0,
3347,2021-04-20 02:45:00,40.65843,-73.76743,0,0,Backing Unsafely,4409619,21.4,6.5,0.0,0.0,0.0,0.0,3,26.0,56.2,223,Overcast,0,0,
3348,2021-04-19 09:40:00,40.692726,-73.81065,1,0,Oversized Vehicle,4409586,16.9,5.0,0.0,0.0,0.0,0.0,3,14.7,31.0,214,Overcast,1,1,
3349,2021-04-20 07:45:00,40.661224,-73.95637,0,0,Driver Inattention/Distraction,4408912,21.4,6.5,0.0,0.0,0.0,0.0,3,26.0,56.2,223,Overcast,0,0,
3350,2021-04-17 15:43:00,40.75714,-73.8656,0,0,Driver Inattention/Distraction,4409501,11.8,4.9,0.3,0.3,0.0,2.0,51,17.1,32.4,313,Drizzle: Light,0,0,
3351,2021-04-20 22:00:00,40.64704,-73.962425,1,0,Unspecified,4409145,21.4,6.5,0.0,0.0,0.0,0.0,3,26.0,56.2,223,Overcast,1,1,
3352,2021-04-20 13:27:00,40.690468,-73.9879,1,0,Failure to Yield Right-of-Way,4409244,21.4,6.5,0.0,0.0,0.0,0.0,3,26.0,56.2,223,Overcast,1,1,
3353,2021-04-20 15:45:00,40.63849,-73.90403,0,0,Driver Inattention/Distraction,4408963,21.4,6.5,0.0,0.0,0.0,0.0,3,26.0,56.2,223,Overcast,0,0,
3354,2021-04-20 20:10:00,40.86798,-73.84321,0,0,Unspecified,4409068,21.4,6.5,0.0,0.0,0.0,0.0,3,26.0,56.2,223,Overcast,0,0,
3355,2021-04-20 19:25:00,40.747204,-73.99711,0,0,Traffic Control Disregarded,4409202,21.4,6.5,0.0,0.0,0.0,0.0,3,26.0,56.2,223,Overcast,0,0,
3356,2021-04-20 13:40:00,40.617924,-74.155785,0,0,Drugs (illegal),4409109,21.4,6.5,0.0,0.0,0.0,0.0,3,26.0,56.2,223,Overcast,0,0,
3357,2021-04-20 00:32:00,40.630016,-73.9959,1,0,Unspecified,4408901,21.4,6.5,0.0,0.0,0.0,0.0,3,26.0,56.2,223,Overcast,1,1,
3358,2021-04-20 01:30:00,40.67258,-73.89122,2,0,Traffic Control Disregarded,4408831,21.4,6.5,0.0,0.0,0.0,0.0,3,26.0,56.2,223,Overcast,2,2,
3359,2021-04-20 12:15:00,40.73261,-73.8686,1,0,Passing or Lane Usage Improper,4408995,21.4,6.5,0.0,0.0,0.0,0.0,3,26.0,56.2,223,Overcast,1,1,
3360,2021-03-25 09:15:00,40.802532,-73.95303,1,0,Unsafe Lane Changing,4409570,19.5,9.1,1.8,1.8,0.0,3.0,55,17.6,36.0,124,Drizzle: Dense,1,1,
3361,2021-12-08 09:00:00,40.825108,-73.95133,0,0,Unspecified,4485390,4.7,0.9,0.7,0.7,0.0,2.0,51,14.5,24.8,355,Drizzle: Light,0,0,
3362,2021-04-20 12:25:00,40.65945,-73.89847,0,0,Driver Inattention/Distraction,4408967,21.4,6.5,0.0,0.0,0.0,0.0,3,26.0,56.2,223,Overcast,0,0,
3363,2021-04-18 01:03:00,40.83174,-73.92144,0,0,Driver Inattention/Distraction,4409460,15.1,5.3,0.2,0.2,0.0,2.0,51,13.2,28.4,282,Drizzle: Light,0,0,
3364,2021-04-20 20:08:00,40.637894,-73.99838,0,0,Driver Inattention/Distraction,4409479,21.4,6.5,0.0,0.0,0.0,0.0,3,26.0,56.2,223,Overcast,0,0,
3365,2021-04-20 21:00:00,40.709633,-73.90223,1,0,Failure to Yield Right-of-Way,4409303,21.4,6.5,0.0,0.0,0.0,0.0,3,26.0,56.2,223,Overcast,1,1,
3366,2021-04-20 08:55:00,40.625187,-73.96125,1,0,Unspecified,4409526,21.4,6.5,0.0,0.0,0.0,0.0,3,26.0,56.2,223,Overcast,1,1,
3367,2021-04-20 14:50:00,40.74318,-73.8355,0,0,Unspecified,4409014,21.4,6.5,0.0,0.0,0.0,0.0,3,26.0,56.2,223,Overcast,0,0,
3368,2021-04-20 08:45:00,40.718864,-73.97483,0,0,Unspecified,4409358,21.4,6.5,0.0,0.0,0.0,0.0,3,26.0,56.2,223,Overcast,0,0,
3369,2021-04-12 15:50:00,40.806614,-73.94486,0,0,Pedestrian/Bicyclist/Other Pedestrian Error/Confusion,4409567,8.7,6.7,13.6,13.6,0.0,21.0,61,23.4,42.1,51,Rain: Light,0,0,
3370,2021-04-20 06:55:00,40.628117,-73.956856,0,0,Unspecified,4409137,21.4,6.5,0.0,0.0,0.0,0.0,3,26.0,56.2,223,Overcast,0,0,
3371,2021-04-18 15:10:00,40.70566,-73.81847,0,0,Passing or Lane Usage Improper,4409580,15.1,5.3,0.2,0.2,0.0,2.0,51,13.2,28.4,282,Drizzle: Light,0,0,
3372,2021-09-13 12:35:00,40.72728,-73.87246,1,0,Driver Inattention/Distraction,4457243,28.8,21.8,1.1,1.1,0.0,2.0,53,20.1,36.7,277,Drizzle: Moderate,1,1,
3373,2021-04-20 08:45:00,40.692482,-73.9203,0,0,Passing Too Closely,4408933,21.4,6.5,0.0,0.0,0.0,0.0,3,26.0,56.2,223,Overcast,0,0,
3374,2021-04-20 14:30:00,40.71242,-73.92387,0,0,Reaction to Uninvolved Vehicle,4409189,21.4,6.5,0.0,0.0,0.0,0.0,3,26.0,56.2,223,Overcast,0,0,
3375,2021-04-20 17:28:00,40.839165,-73.88333,1,0,Unsafe Lane Changing,4409506,21.4,6.5,0.0,0.0,0.0,0.0,3,26.0,56.2,223,Overcast,1,1,
3376,2021-04-20 15:00:00,40.831566,-73.942986,0,0,Unspecified,4409129,21.4,6.5,0.0,0.0,0.0,0.0,3,26.0,56.2,223,Overcast,0,0,
3377,2021-04-20 12:25:00,40.8283,-73.88296,0,0,Unspecified,4408918,21.4,6.5,0.0,0.0,0.0,0.0,3,26.0,56.2,223,Overcast,0,0,
3378,2021-04-20 09:00:00,40.597282,-73.99626,0,0,Aggressive Driving/Road Rage,4408958,21.4,6.5,0.0,0.0,0.0,0.0,3,26.0,56.2,223,Overcast,0,0,
3379,2021-04-20 22:00:00,40.71022,-73.89931,0,0,Driver Inattention/Distraction,4409255,21.4,6.5,0.0,0.0,0.0,0.0,3,26.0,56.2,223,Overcast,0,0,
3380,2021-04-20 08:55:00,40.67447,-73.8027,0,0,Following Too Closely,4408894,21.4,6.5,0.0,0.0,0.0,0.0,3,26.0,56.2,223,Overcast,0,0,
3381,2021-04-19 10:15:00,40.744354,-73.99624,0,0,Driver Inattention/Distraction,4409528,16.9,5.0,0.0,0.0,0.0,0.0,3,14.7,31.0,214,Overcast,0,0,