,CRASH DATETIME,LATITUDE,LONGITUDE,NUMBER OF PERSONS INJURED,NUMBER OF PERSONS KILLED,CONTRIBUTING FACTOR VEHICLE 1,COLLISION_ID,temperature_2m_max,temperature_2m_min,precipitation_sum,rain_sum,snowfall_sum,precipitation_hours,weather_code,wind_speed_10m_max,wind_gusts_10m_max,wind_direction_10m_dominant,Weather Description,Severity_Score,Total_Affected_Persons,Weather_Category
3382,2021-04-19 02:00:00,40.81133,-73.96403,1,0,Driver Inattention/Distraction,4409590,16.9,5.0,0.0,0.0,0.0,0.0,3,14.7,31.0,214,Overcast,1,1,
3383,2021-04-20 15:32:00,40.635506,-73.913284,1,0,Passing or Lane Usage Improper,4409335,21.4,6.5,0.0,0.0,0.0,0.0,3,26.0,56.2,223,Overcast,1,1,
3384,2021-04-18 20:05:00,40.69169,-73.90585,0,0,Passing or Lane Usage Improper,4409633,15.1,5.3,0.2,0.2,0.0,2.0,51,13.2,28.4,282,Drizzle: Light,0,0,
3385,2021-04-20 17:20:00,40.82866,-73.87824,2,0,Traffic Control Disregarded,4409466,21.4,6.5,0.0,0.0,0.0,0.0,3,26.0,56.2,223,Overcast,2,2,
3386,2021-04-03 15:10:00,40.817844,-73.94185,1,0,Passing or Lane Usage Improper,4409471,10.8,-2.3,0.0,0.0,0.0,0.0,3,15.9,34.2,302,Overcast,1,1,
3387,2021-03-28 03:30:00,40.80844,-73.9471,1,0,Driver Inattention/Distraction,4409574,18.8,7.6,18.6,18.6,0.0,15.0,63,30.0,70.9,180,Rain: Moderate,1,1,
3388,2021-04-20 15:29:00,40.605534,-73.748474,0,0,Other Vehicular,4409088,21.4,6.5,0.0,0.0,0.0,0.0,3,26.0,56.2,223,Overcast,0,0,
3389,2021-04-20 16:49:00,40.841877,-73.91796,1,0,Backing Unsafely,4409103,21.4,6.5,0.0,0.0,0.0,0.0,3,26.0,56.2,223,Overcast,1,1,
3390,2021-04-18 15:27:00,40.505733,-74.24484,2,0,Unspecified,4409521,15.1,5.3,0.2,0.2,0.0,2.0,51,13.2,28.4,282,Drizzle: Light,2,2,
3391,2021-04-20 19:45:00,40.71523,-74.01334,1,0,Driver Inattention/Distraction,4409011,21.4,6.5,0.0,0.0,0.0,0.0,3,26.0,56.2,223,Overcast,1,1,
3392,2021-04-20 18:40:00,40.737865,-73.90441,0,0,Driver Inattention/Distraction,4409266,21.4,6.5,0.0,0.0,0.0,0.0,3,26.0,56.2,223,Overcast,0,0,
3393,2021-04-20 18:11:00,40.657253,-74.00477,0,0,Unspecified,4409031,21.4,6.5,0.0,0.0,0.0,0.0,3,26.0,56.2,223,Overcast,0,0,
3394,2021-03-31 08:36:00,40.8035,-73.949165,0,0,Driver Inattention/Distraction,4409563,16.4,7.2,12.0,12.0,0.0,10.0,61,27.4,51.1,173,Rain: Light,0,0,
3395,2021-04-20 20:27:00,40.561634,-74.178276,1,0,Failure to Yield Right-of-Way,4409650,21.4,6.5,0.0,0.0,0.0,0.0,3,26.0,56.2,223,Overcast,1,1,
3396,2021-04-20 07:40:00,40.620438,-74.1672,1,0,Following Too Closely,4408953,21.4,6.5,0.0,0.0,0.0,0.0,3,26.0,56.2,223,Overcast,1,1,
3397,2021-04-20 05:35:00,40.738266,-73.79706,0,0,Reaction to Uninvolved Vehicle,4408872,21.4,6.5,0.0,0.0,0.0,0.0,3,26.0,56.2,223,Overcast,0,0,
3398,2021-04-20 10:50:00,40.763893,-73.915,1,0,Failure to Yield Right-of-Way,4409164,21.4,6.5,0.0,0.0,0.0,0.0,3,26.0,56.2,223,Overcast,1,1,
3399,2021-04-20 19:45:00,40.755222,-73.87076,1,0,Driver Inattention/Distraction,4409277,21.4,6.5,0.0,0.0,0.0,0.0,3,26.0,56.2,223,Overcast,1,1,
3400,2021-04-20 18:13:00,40.695995,-73.96742,0,0,Following Too Closely,4408982,21.4,6.5,0.0,0.0,0.0,0.0,3,26.0,56.2,223,Overcast,0,0,
3401,2021-04-20 14:20:00,40.824207,-73.87529,0,0,Following Too Closely,4408971,21.4,6.5,0.0,0.0,0.0,0.0,3,26.0,56.2,223,Overcast,0,0,
3402,2021-04-20 17:46:00,40.68096,-73.773575,0,0,Unspecified,4409548,21.4,6.5,0.0,0.0,0.0,0.0,3,26.0,56.2,223,Overcast,0,0,
3403,2021-04-20 00:00:00,40.63834,-74.01736,1,0,Failure to Yield Right-of-Way,4409027,21.4,6.5,0.0,0.0,0.0,0.0,3,26.0,56.2,223,Overcast,1,1,
3404,2021-04-20 23:31:00,40.820984,-73.891624,1,0,Unspecified,4409056,21.4,6.5,0.0,0.0,0.0,0.0,3,26.0,56.2,223,Overcast,1,1,
3405,2021-04-14 16:20:00,40.623367,-73.989494,1,0,Unspecified,4409494,19.7,5.4,0.0,0.0,0.0,0.0,3,20.8,39.6,227,Overcast,1,1,
3406,2021-04-20 17:28:00,40.842335,-73.91619,2,0,Alcohol Involvement,4409447,21.4,6.5,0.0,0.0,0.0,0.0,3,26.0,56.2,223,Overcast,2,2,
3407,2021-04-20 11:49:00,40.69246,-73.726875,2,0,Unsafe Speed,4409626,21.4,6.5,0.0,0.0,0.0,0.0,3,26.0,56.2,223,Overcast,2,2,
3408,2021-04-20 17:06:00,40.850456,-73.899315,1,0,Following Too Closely,4409083,21.4,6.5,0.0,0.0,0.0,0.0,3,26.0,56.2,223,Overcast,1,1,
3409,2021-04-20 18:15:00,40.738796,-73.80846,0,0,Unspecified,4409015,21.4,6.5,0.0,0.0,0.0,0.0,3,26.0,56.2,223,Overcast,0,0,
3410,2021-04-14 19:15:00,40.523315,-74.23922,0,0,Driver Inattention/Distraction,4409600,19.7,5.4,0.0,0.0,0.0,0.0,3,20.8,39.6,227,Overcast,0,0,
3411,2021-04-20 08:20:00,40.70981,-73.99178,0,0,View Obstructed/Limited,4409359,21.4,6.5,0.0,0.0,0.0,0.0,3,26.0,56.2,223,Overcast,0,0,
3412,2021-04-19 11:00:00,40.848682,-73.939224,0,0,Following Too Closely,4409442,16.9,5.0,0.0,0.0,0.0,0.0,3,14.7,31.0,214,Overcast,0,0,
3413,2021-04-16 21:00:00,40.823456,-73.92444,0,0,Unspecified,4409455,11.8,3.7,2.9,2.9,0.0,12.0,53,23.5,49.0,307,Drizzle: Moderate,0,0,
3414,2021-04-20 17:06:00,0.0,0.0,0,0,Driver Inattention/Distraction,4409040,21.4,6.5,0.0,0.0,0.0,0.0,3,26.0,56.2,223,Overcast,0,0,
3415,2021-09-12 03:15:00,40.75633,-73.98767,2,0,Outside Car Distraction,4457523,28.8,18.3,0.0,0.0,0.0,0.0,3,24.3,46.8,233,Overcast,2,2,
3416,2021-09-13 05:59:00,40.681217,-73.88211,0,0,Unspecified,4457471,28.8,21.8,1.1,1.1,0.0,2.0,53,20.1,36.7,277,Drizzle: Moderate,0,0,
3417,2021-09-12 13:46:00,40.605568,-74.00443,0,0,Turning Improperly,4457358,28.8,18.3,0.0,0.0,0.0,0.0,3,24.3,46.8,233,Overcast,0,0,
3418,2021-09-13 05:29:00,40.82605,-73.86162,0,0,Unsafe Lane Changing,4456533,28.8,21.8,1.1,1.1,0.0,2.0,53,20.1,36.7,277,Drizzle: Moderate,0,0,
3419,2021-09-11 16:15:00,40.680283,-73.85471,0,0,Traffic Control Disregarded,4457390,24.7,12.9,0.0,0.0,0.0,0.0,3,16.6,34.2,246,Overcast,0,0,
3420,2021-09-13 17:50:00,40.743225,-73.98414,0,0,View Obstructed/Limited,4456911,28.8,21.8,1.1,1.1,0.0,2.0,53,20.1,36.7,277,Drizzle: Moderate,0,0,
3421,2021-09-13 08:05:00,40.600502,-73.76222,0,0,Unspecified,4457001,28.8,21.8,1.1,1.1,0.0,2.0,53,20.1,36.7,277,Drizzle: Moderate,0,0,
3422,2021-09-13 22:22:00,40.79293,-73.950005,1,0,Passing or Lane Usage Improper,4457424,28.8,21.8,1.1,1.1,0.0,2.0,53,20.1,36.7,277,Drizzle: Moderate,1,1,
3423,2021-09-13 09:10:00,40.718704,-73.98526,0,0,Oversized Vehicle,4456948,28.8,21.8,1.1,1.1,0.0,2.0,53,20.1,36.7,277,Drizzle: Moderate,0,0,
3424,2021-09-13 18:57:00,40.67342,-73.95017,0,0,Unspecified,4457213,28.8,21.8,1.1,1.1,0.0,2.0,53,20.1,36.7,277,Drizzle: Moderate,0,0,
3425,2021-09-13 23:30:00,40.677986,-73.8409,0,0,Alcohol Involvement,4457306,28.8,21.8,1.1,1.1,0.0,2.0,53,20.1,36.7,277,Drizzle: Moderate,0,0,
3426,2021-09-13 22:10:00,40.68176,-73.823906,0,0,Alcohol Involvement,4456969,28.8,21.8,1.1,1.1,0.0,2.0,53,20.1,36.7,277,Drizzle: Moderate,0,0,
3427,2021-09-13 22:00:00,40.74091,-73.83727,0,0,Driver Inattention/Distraction,4457608,28.8,21.8,1.1,1.1,0.0,2.0,53,20.1,36.7,277,Drizzle: Moderate,0,0,
3428,2021-09-13 02:00:00,40.625786,-73.89309,1,0,Passing or Lane Usage Improper,4457510,28.8,21.8,1.1,1.1,0.0,2.0,53,20.1,36.7,277,Drizzle: Moderate,1,1,
3429,2021-09-09 08:20:00,40.744205,-74.005325,0,0,Backing Unsafely,4457410,22.4,19.8,18.4,18.4,0.0,15.0,63,17.5,39.2,271,Rain: Moderate,0,0,
3430,2021-09-09 20:30:00,40.68796,-73.94194,0,0,Passing Too Closely,4457668,22.4,19.8,18.4,18.4,0.0,15.0,63,17.5,39.2,271,Rain: Moderate,0,0,
3431,2021-09-13 11:15:00,40.67102,-73.74893,0,0,Unspecified,4456820,28.8,21.8,1.1,1.1,0.0,2.0,53,20.1,36.7,277,Drizzle: Moderate,0,0,
3432,2021-09-13 12:20:00,40.662544,-73.9351,0,0,Backing Unsafely,4456863,28.8,21.8,1.1,1.1,0.0,2.0,53,20.1,36.7,277,Drizzle: Moderate,0,0,
3433,2021-09-13 08:00:00,40.85234,-73.863556,0,0,Unspecified,4457082,28.8,21.8,1.1,1.1,0.0,2.0,53,20.1,36.7,277,Drizzle: Moderate,0,0,
3434,2021-09-13 22:50:00,40.675735,-73.89686,0,0,Unspecified,4457476,28.8,21.8,1.1,1.1,0.0,2.0,53,20.1,36.7,277,Drizzle: Moderate,0,0,
3435,2021-09-13 00:00:00,40.63917,-73.91604,0,0,Driver Inattention/Distraction,4456926,28.8,21.8,1.1,1.1,0.0,2.0,53,20.1,36.7,277,Drizzle: Moderate,0,0,
3436,2021-09-13 07:50:00,40.68096,-73.773575,0,0,Following Too Closely,4457172,28.8,21.8,1.1,1.1,0.0,2.0,53,20.1,36.7,277,Drizzle: Moderate,0,0,
3437,2021-08-31 19:00:00,40.757706,-73.94127,0,0,Unspecified,4457438,28.5,21.2,0.0,0.0,0.0,0.0,3,15.5,29.9,301,Overcast,0,0,
3438,2021-09-13 09:20:00,40.603645,-74.077324,0,0,Unsafe Speed,4456801,28.8,21.8,1.1,1.1,0.0,2.0,53,20.1,36.7,277,Drizzle: Moderate,0,0,
3439,2021-09-13 15:30:00,40.8667,-73.88775,0,0,Unspecified,4457094,28.8,21.8,1.1,1.1,0.0,2.0,53,20.1,36.7,277,Drizzle: Moderate,0,0,
3440,2021-09-13 07:09:00,40.69215,-73.80247,0,0,Failure to Yield Right-of-Way,4456848,28.8,21.8,1.1,1.1,0.0,2.0,53,20.1,36.7,277,Drizzle: Moderate,0,0,
3441,2021-09-13 07:45:00,40.681263,-73.83954,4,0,Driver Inattention/Distraction,4456958,28.8,21.8,1.1,1.1,0.0,2.0,53,20.1,36.7,277,Drizzle: Moderate,4,4,
3442,2021-09-04 16:00:00,40.72202,-73.98345,1,0,Pedestrian/Bicyclist/Other Pedestrian Error/Confusion,4457352,25.2,14.5,0.0,0.0,0.0,0.0,3,15.4,27.0,289,Overcast,1,1,
3443,2021-09-13 21:32:00,40.748466,-73.99247,0,0,Driver Inattention/Distraction,4457395,28.8,21.8,1.1,1.1,0.0,2.0,53,20.1,36.7,277,Drizzle: Moderate,0,0,
3444,2021-09-13 21:43:00,40.615124,-73.936066,0,0,Unspecified,4457181,28.8,21.8,1.1,1.1,0.0,2.0,53,20.1,36.7,277,Drizzle: Moderate,0,0,
3445,2021-09-13 22:07:00,40.74779,-73.94985,1,0,Reaction to Uninvolved Vehicle,4456918,28.8,21.8,1.1,1.1,0.0,2.0,53,20.1,36.7,277,Drizzle: Moderate,1,1,
3446,2021-09-10 11:10:00,40.613308,-74.08722,0,0,Unspecified,4457591,22.9,16.0,0.0,0.0,0.0,0.0,3,24.2,47.2,314,Overcast,0,0,
3447,2021-09-11 08:40:00,40.586315,-73.80653,0,0,Driver Inattention/Distraction,4457575,24.7,12.9,0.0,0.0,0.0,0.0,3,16.6,34.2,246,Overcast,0,0,
3448,2021-09-12 02:45:00,40.75203,-73.92915,0,0,Brakes Defective,4457452,28.8,18.3,0.0,0.0,0.0,0.0,3,24.3,46.8,233,Overcast,0,0,
3449,2021-09-11 14:00:00,40.700356,-73.912575,0,0,Passing Too Closely,4457339,24.7,12.9,0.0,0.0,0.0,0.0,3,16.6,34.2,246,Overcast,0,0,
3450,2021-09-13 12:00:00,40.711834,-73.78746,0,0,Driver Inattention/Distraction,4457549,28.8,21.8,1.1,1.1,0.0,2.0,53,20.1,36.7,277,Drizzle: Moderate,0,0,
3451,2021-09-13 01:00:00,40.8451,-73.91878,0,0,Other Vehicular,4457067,28.8,21.8,1.1,1.1,0.0,2.0,53,20.1,36.7,277,Drizzle: Moderate,0,0,
3452,2021-09-13 05:35:00,40.68881,-73.96595,0,0,Driver Inattention/Distraction,4456559,28.8,21.8,1.1,1.1,0.0,2.0,53,20.1,36.7,277,Drizzle: Moderate,0,0,
3453,2021-09-13 19:20:00,40.71752,-73.95281,0,0,Unspecified,4457161,28.8,21.8,1.1,1.1,0.0,2.0,53,20.1,36.7,277,Drizzle: Moderate,0,0,
3454,2021-09-13 13:12:00,40.7488,-73.96986,1,0,Driver Inattention/Distraction,4456904,28.8,21.8,1.1,1.1,0.0,2.0,53,20.1,36.7,277,Drizzle: Moderate,1,1,
3455,2021-09-13 07:15:00,40.58406,-73.96901,0,0,Driver Inattention/Distraction,4457705,28.8,21.8,1.1,1.1,0.0,2.0,53,20.1,36.7,277,Drizzle: Moderate,0,0,
3456,2021-09-13 21:45:00,40.846527,-73.87146,3,0,Driver Inattention/Distraction,4457099,28.8,21.8,1.1,1.1,0.0,2.0,53,20.1,36.7,277,Drizzle: Moderate,3,3,
3457,2021-09-13 13:07:00,40.855545,-73.90914,0,0,Driver Inexperience,4457044,28.8,21.8,1.1,1.1,0.0,2.0,53,20.1,36.7,277,Drizzle: Moderate,0,0,
3458,2021-09-13 14:45:00,40.708115,-74.00877,0,0,Passing or Lane Usage Improper,4456981,28.8,21.8,1.1,1.1,0.0,2.0,53,20.1,36.7,277,Drizzle: Moderate,0,0,
3459,2021-09-11 11:00:00,40.757847,-73.89922,0,0,Driver Inattention/Distraction,4457584,24.7,12.9,0.0,0.0,0.0,0.0,3,16.6,34.2,246,Overcast,0,0,
3460,2021-09-11 15:25:00,40.74406,-74.00682,1,0,Traffic Control Disregarded,4457404,24.7,12.9,0.0,0.0,0.0,0.0,3,16.6,34.2,246,Overcast,1,1,
3461,2021-09-13 08:00:00,40.888454,-73.84197,0,0,Passing Too Closely,4457013,28.8,21.8,1.1,1.1,0.0,2.0,53,20.1,36.7,277,Drizzle: Moderate,0,0,
3462,2021-09-13 14:00:00,40.827557,-73.914764,0,0,Driver Inattention/Distraction,4457341,28.8,21.8,1.1,1.1,0.0,2.0,53,20.1,36.7,277,Drizzle: Moderate,0,0,
3463,2021-09-13 15:05:00,40.587566,-73.811264,1,0,Unspecified,4457631,28.8,21.8,1.1,1.1,0.0,2.0,53,20.1,36.7,277,Drizzle: Moderate,1,1,
3464,2021-09-13 16:40:00,40.71144,-73.945946,0,0,Backing Unsafely,4456936,28.8,21.8,1.1,1.1,0.0,2.0,53,20.1,36.7,277,Drizzle: Moderate,0,0,
3465,2021-09-13 19:05:00,40.723564,-73.998375,0,0,Driver Inexperience,4457174,28.8,21.8,1.1,1.1,0.0,2.0,53,20.1,36.7,277,Drizzle: Moderate,0,0,
3466,2021-09-13 19:37:00,40.72257,-73.75729,3,0,Unspecified,4457255,28.8,21.8,1.1,1.1,0.0,2.0,53,20.1,36.7,277,Drizzle: Moderate,3,3,
3467,2021-09-13 12:20:00,40.602467,-73.96638,1,0,Driver Inattention/Distraction,4456963,28.8,21.8,1.1,1.1,0.0,2.0,53,20.1,36.7,277,Drizzle: Moderate,1,1,
3468,2021-09-13 11:00:00,40.84636,-73.84463,1,0,Failure to Yield Right-of-Way,4457115,28.8,21.8,1.1,1.1,0.0,2.0,53,20.1,36.7,277,Drizzle: Moderate,1,1,
3469,2021-09-13 08:00:00,40.77161,-73.99046,0,0,Unspecified,4456763,28.8,21.8,1.1,1.1,0.0,2.0,53,20.1,36.7,277,Drizzle: Moderate,0,0,
3470,2021-09-13 23:26:00,40.89084,-73.862175,1,0,Driver Inattention/Distraction,4457020,28.8,21.8,1.1,1.1,0.0,2.0,53,20.1,36.7,277,Drizzle: Moderate,1,1,
3471,2021-09-13 13:42:00,40.73399,-73.78041,1,0,Driver Inattention/Distraction,4456873,28.8,21.8,1.1,1.1,0.0,2.0,53,20.1,36.7,277,Drizzle: Moderate,1,1,
3472,2021-09-13 11:51:00,40.825314,-73.90822,0,0,Driver Inexperience,4457031,28.8,21.8,1.1,1.1,0.0,2.0,53,20.1,36.7,277,Drizzle: Moderate,0,0,
3473,2021-09-13 15:50:00,40.70839,-73.939964,0,0,View Obstructed/Limited,4456930,28.8,21.8,1.1,1.1,0.0,2.0,53,20.1,36.7,277,Drizzle: Moderate,0,0,
3474,2021-09-13 11:40:00,40.876183,-73.854454,0,0,Failure to Yield Right-of-Way,4457019,28.8,21.8,1.1,1.1,0.0,2.0,53,20.1,36.7,277,Drizzle: Moderate,0,0,
3475,2021-09-09 04:49:00,40.6081,-73.99939,0,0,Unspecified,4457363,22.4,19.8,18.4,18.4,0.0,15.0,63,17.5,39.2,271,Rain: Moderate,0,0,
3476,2021-09-13 16:11:00,40.71122,-73.72827,0,0,Following Too Closely,4456974,28.8,21.8,1.1,1.1,0.0,2.0,53,20.1,36.7,277,Drizzle: Moderate,0,0,
3477,2021-09-13 10:28:00,40.851467,-73.89557,0,0,Backing Unsafely,4457380,28.8,21.8,1.1,1.1,0.0,2.0,53,20.1,36.7,277,Drizzle: Moderate,0,0,
3478,2021-09-13 03:10:00,40.676155,-74.000175,0,0,Driver Inexperience,4456462,28.8,21.8,1.1,1.1,0.0,2.0,53,20.1,36.7,277,Drizzle: Moderate,0,0,
3479,2021-09-13 20:00:00,40.60098,-73.75555,0,0,Passing Too Closely,4457722,28.8,21.8,1.1,1.1,0.0,2.0,53,20.1,36.7,277,Drizzle: Moderate,0,0,
3480,2021-09-13 11:09:00,40.70086,-73.882454,0,0,Unsafe Speed,4457242,28.8,21.8,1.1,1.1,0.0,2.0,53,20.1,36.7,277,Drizzle: Moderate,0,0,
3481,2021-09-13 15:00:00,40.59755,-74.14077,1,0,Unspecified,4457534,28.8,21.8,1.1,1.1,0.0,2.0,53,20.1,36.7,277,Drizzle: Moderate,1,1,
3482,2021-09-12 04:00:00,40.679184,-73.89385,0,0,Driver Inattention/Distraction,4457487,28.8,18.3,0.0,0.0,0.0,0.0,3,24.3,46.8,233,Overcast,0,0,
3483,2021-09-13 18:30:00,40.878643,-73.871605,0,0,Unspecified,4457095,28.8,21.8,1.1,1.1,0.0,2.0,53,20.1,36.7,277,Drizzle: Moderate,0,0,
3484,2021-12-17 13:22:00,40.823936,-73.89488,1,0,Unspecified,4487316,13.9,6.1,0.0,0.0,0.0,0.0,3,21.5,37.1,265,Overcast,1,1,
3485,2021-09-13 06:55:00,40.712494,-73.76869,0,0,Following Too Closely,4456852,28.8,21.8,1.1,1.1,0.0,2.0,53,20.1,36.7,277,Drizzle: Moderate,0,0,
3486,2021-09-13 09:00:00,40.737526,-73.74185,0,0,Driver Inattention/Distraction,4457057,28.8,21.8,1.1,1.1,0.0,2.0,53,20.1,36.7,277,Drizzle: Moderate,0,0,
3487,2021-09-11 16:45:00,40.742615,-73.99792,1,0,Passing or Lane Usage Improper,4457414,24.7,12.9,0.0,0.0,0.0,0.0,3,16.6,34.2,246,Overcast,1,1,
3488,2021-09-13 12:24:00,40.785973,-73.96886,0,0,Passing or Lane Usage Improper,4456886,28.8,21.8,1.1,1.1,0.0,2.0,53,20.1,36.7,277,Drizzle: Moderate,0,0,
3489,2021-09-13 12:00:00,40.64747,-74.08473,0,0,Unsafe Speed,4457085,28.8,21.8,1.1,1.1,0.0,2.0,53,20.1,36.7,277,Drizzle: Moderate,0,0,
3490,2021-09-11 22:05:00,40.7611,-73.93999,1,0,Traffic Control Disregarded,4457442,24.7,12.9,0.0,0.0,0.0,0.0,3,16.6,34.2,246,Overcast,1,1,
3491,2021-09-13 03:20:00,40.7491,-73.99201,2,0,Reaction to Uninvolved Vehicle,4457416,28.8,21.8,1.1,1.1,0.0,2.0,53,20.1,36.7,277,Drizzle: Moderate,2,2,
3492,2021-09-13 18:30:00,40.73963,-73.92226,0,0,Driver Inattention/Distraction,4456917,28.8,21.8,1.1,1.1,0.0,2.0,53,20.1,36.7,277,Drizzle: Moderate,0,0,
3493,2021-09-13 12:47:00,40.815826,-73.947044,1,0,Driver Inattention/Distraction,4457136,28.8,21.8,1.1,1.1,0.0,2.0,53,20.1,36.7,277,Drizzle: Moderate,1,1,
3494,2021-09-13 19:30:00,40.67743,-73.87591,0,0,Driver Inattention/Distraction,4457475,28.8,21.8,1.1,1.1,0.0,2.0,53,20.1,36.7,277,Drizzle: Moderate,0,0,
3495,2021-09-13 07:54:00,40.806168,-73.8497,0,0,Backing Unsafely,4456792,28.8,21.8,1.1,1.1,0.0,2.0,53,20.1,36.7,277,Drizzle: Moderate,0,0,
3496,2021-09-13 13:00:00,40.757874,-73.788506,0,0,Oversized Vehicle,4457058,28.8,21.8,1.1,1.1,0.0,2.0,53,20.1,36.7,277,Drizzle: Moderate,0,0,
3497,2021-09-13 14:45:00,40.622356,-74.16798,0,0,Accelerator Defective,4457121,28.8,21.8,1.1,1.1,0.0,2.0,53,20.1,36.7,277,Drizzle: Moderate,0,0,
3498,2021-09-13 15:30:00,40.722992,-73.9452,0,0,Backing Unsafely,4457168,28.8,21.8,1.1,1.1,0.0,2.0,53,20.1,36.7,277,Drizzle: Moderate,0,0,
3499,2021-09-13 08:38:00,40.84621,-73.89277,1,0,Driver Inattention/Distraction,4456804,28.8,21.8,1.1,1.1,0.0,2.0,53,20.1,36.7,277,Drizzle: Moderate,1,1,
3500,2021-09-13 12:50:00,40.749832,-73.94842,1,0,Driver Inattention/Distraction,4456883,28.8,21.8,1.1,1.1,0.0,2.0,53,20.1,36.7,277,Drizzle: Moderate,1,1,
3501,2021-09-13 08:40:00,40.781254,-73.91797,0,0,Passing or Lane Usage Improper,4457453,28.8,21.8,1.1,1.1,0.0,2.0,53,20.1,36.7,277,Drizzle: Moderate,0,0,
3502,2021-09-09 00:00:00,40.750023,-73.70631,1,0,Following Too Closely,4457465,22.4,19.8,18.4,18.4,0.0,15.0,63,17.5,39.2,271,Rain: Moderate,1,1,
3503,2021-09-13 15:30:00,40.81493,-73.956406,0,0,Unspecified,4456910,28.8,21.8,1.1,1.1,0.0,2.0,53,20.1,36.7,277,Drizzle: Moderate,0,0,
3504,2021-09-13 07:35:00,40.60834,-73.75538,0,0,Unspecified,4457002,28.8,21.8,1.1,1.1,0.0,2.0,53,20.1,36.7,277,Drizzle: Moderate,0,0,
3505,2021-09-12 12:00:00,40.68222,-73.87725,0,0,Driver Inattention/Distraction,4457445,28.8,18.3,0.0,0.0,0.0,0.0,3,24.3,46.8,233,Overcast,0,0,
3506,2021-09-13 10:18:00,40.701134,-73.99306,0,0,Turning Improperly,4457237,28.8,21.8,1.1,1.1,0.0,2.0,53,20.1,36.7,277,Drizzle: Moderate,0,0,
3507,2021-09-07 17:00:00,40.75728,-73.99721,0,0,Backing Unsafely,4457409,25.9,15.2,0.0,0.0,0.0,0.0,1,12.5,25.6,259,Mainly clear,0,0,Sunny/Clear Conditions
3508,2021-09-13 08:35:00,40.65864,-73.91374,0,0,Unspecified,4456813,28.8,21.8,1.1,1.1,0.0,2.0,53,20.1,36.7,277,Drizzle: Moderate,0,0,
3509,2021-09-13 17:35:00,40.63237,-73.88319,0,0,Unspecified,4456927,28.8,21.8,1.1,1.1,0.0,2.0,53,20.1,36.7,277,Drizzle: Moderate,0,0,
3510,2021-09-13 08:20:00,40.58588,-73.912704,0,0,Following Too Closely,4456738,28.8,21.8,1.1,1.1,0.0,2.0,53,20.1,36.7,277,Drizzle: Moderate,0,0,
3511,2021-09-13 11:30:00,40.692066,-73.7654,0,0,Driver Inattention/Distraction,4456905,28.8,21.8,1.1,1.1,0.0,2.0,53,20.1,36.7,277,Drizzle: Moderate,0,0,
3512,2021-09-13 21:20:00,40.698692,-73.8057,1,0,Driver Inattention/Distraction,4457538,28.8,21.8,1.1,1.1,0.0,2.0,53,20.1,36.7,277,Drizzle: Moderate,1,1,
3513,2021-09-13 01:50:00,40.846878,-73.920616,0,0,Alcohol Involvement,4457051,28.8,21.8,1.1,1.1,0.0,2.0,53,20.1,36.7,277,Drizzle: Moderate,0,0,
3514,2021-09-13 15:00:00,40.74045,-73.844376,1,0,Following Too Closely,4456898,28.8,21.8,1.1,1.1,0.0,2.0,53,20.1,36.7,277,Drizzle: Moderate,1,1,
3515,2021-09-13 16:15:00,40.72848,-73.80523,0,0,Failure to Yield Right-of-Way,4457616,28.8,21.8,1.1,1.1,0.0,2.0,53,20.1,36.7,277,Drizzle: Moderate,0,0,
3516,2021-09-06 19:38:00,40.694305,-73.91852,0,0,Driver Inattention/Distraction,4457362,26.9,18.4,0.0,0.0,0.0,0.0,3,19.6,37.8,273,Overcast,0,0,
3517,2021-09-13 16:43:00,40.82538,-73.94006,1,0,Pedestrian/Bicyclist/Other Pedestrian Error/Confusion,4457138,28.8,21.8,1.1,1.1,0.0,2.0,53,20.1,36.7,277,Drizzle: Moderate,1,1,
3518,2021-09-09 02:18:00,40.712116,-73.73118,0,0,Unspecified,4457672,22.4,19.8,18.4,18.4,0.0,15.0,63,17.5,39.2,271,Rain: Moderate,0,0,
3519,2021-09-13 22:56:00,40.635994,-73.93932,3,0,Unspecified,4456949,28.8,21.8,1.1,1.1,0.0,2.0,53,20.1,36.7,277,Drizzle: Moderate,3,3,
3520,2021-09-13 08:05:00,40.60118,-73.98319,0,0,Backing Unsafely,4457081,28.8,21.8,1.1,1.1,0.0,2.0,53,20.1,36.7,277,Drizzle: Moderate,0,0,
3521,2021-09-13 15:05:00,40.735867,-73.9552,0,0,Driver Inattention/Distraction,4457160,28.8,21.8,1.1,1.1,0.0,2.0,53,20.1,36.7,277,Drizzle: Moderate,0,0,
3522,2021-09-13 15:50:00,40.645058,-73.97472,0,0,Unspecified,4457114,28.8,21.8,1.1,1.1,0.0,2.0,53,20.1,36.7,277,Drizzle: Moderate,0,0,
3523,2021-09-13 10:45:00,40.809643,-73.91037,0,0,Passing Too Closely,4456993,28.8,21.8,1.1,1.1,0.0,2.0,53,20.1,36.7,277,Drizzle: Moderate,0,0,
3524,2021-09-13 21:13:00,40.708683,-73.95301,0,0,Backing Unsafely,4457288,28.8,21.8,1.1,1.1,0.0,2.0,53,20.1,36.7,277,Drizzle: Moderate,0,0,
3525,2021-08-31 17:20:00,40.767727,-73.91982,0,0,Driver Inattention/Distraction,4457434,28.5,21.2,0.0,0.0,0.0,0.0,3,15.5,29.9,301,Overcast,0,0,
3526,2021-09-13 16:04:00,40.63201,-74.01318,0,0,Unspecified,4456944,28.8,21.8,1.1,1.1,0.0,2.0,53,20.1,36.7,277,Drizzle: Moderate,0,0,