,CRASH DATETIME,LATITUDE,LONGITUDE,NUMBER OF PERSONS INJURED,NUMBER OF PERSONS KILLED,CONTRIBUTING FACTOR VEHICLE 1,COLLISION_ID,temperature_2m_max,temperature_2m_min,precipitation_sum,rain_sum,snowfall_sum,precipitation_hours,weather_code,wind_speed_10m_max,wind_gusts_10m_max,wind_direction_10m_dominant,Weather Description,Severity_Score,Total_Affected_Persons,Weather_Category
3527,2021-09-13 07:48:00,40.701332,-73.92684,0,0,Passing Too Closely,4457353,28.8,21.8,1.1,1.1,0.0,2.0,53,20.1,36.7,277,Drizzle: Moderate,0,0,
3528,2021-09-13 16:45:00,40.708305,-73.948425,1,0,View Obstructed/Limited,4456935,28.8,21.8,1.1,1.1,0.0,2.0,53,20.1,36.7,277,Drizzle: Moderate,1,1,
3529,2021-09-13 03:00:00,40.666157,-73.79904,1,0,Unsafe Speed,4456545,28.8,21.8,1.1,1.1,0.0,2.0,53,20.1,36.7,277,Drizzle: Moderate,1,1,
3530,2021-09-13 07:30:00,40.65759,-73.8835,1,0,Unspecified,4457382,28.8,21.8,1.1,1.1,0.0,2.0,53,20.1,36.7,277,Drizzle: Moderate,1,1,
3531,2021-09-12 14:00:00,40.648266,-73.90581,0,0,Driver Inattention/Distraction,4457551,28.8,18.3,0.0,0.0,0.0,0.0,3,24.3,46.8,233,Overcast,0,0,
3532,2021-09-13 14:33:00,40.874638,-73.909744,0,0,Turning Improperly,4456868,28.8,21.8,1.1,1.1,0.0,2.0,53,20.1,36.7,277,Drizzle: Moderate,0,0,
3533,2021-09-13 15:30:00,40.59262,-73.951355,1,0,Unspecified,4456965,28.8,21.8,1.1,1.1,0.0,2.0,53,20.1,36.7,277,Drizzle: Moderate,1,1,
3534,2021-09-02 12:21:00,40.820984,-73.891624,1,0,Unspecified,4457512,24.5,15.0,24.6,24.6,0.0,5.0,65,43.0,83.5,344,Rain: Heavy,1,1,
3535,2021-09-13 18:10:00,40.815155,-73.95784,1,0,Following Too Closely,4457428,28.8,21.8,1.1,1.1,0.0,2.0,53,20.1,36.7,277,Drizzle: Moderate,1,1,
3536,2021-09-13 16:44:00,40.61095,-73.9132,0,0,Unspecified,4457247,28.8,21.8,1.1,1.1,0.0,2.0,53,20.1,36.7,277,Drizzle: Moderate,0,0,
3537,2021-09-09 22:20:00,40.720074,-73.988365,0,0,Backing Unsafely,4457659,22.4,19.8,18.4,18.4,0.0,15.0,63,17.5,39.2,271,Rain: Moderate,0,0,
3538,2021-09-13 18:10:00,40.67665,-73.98029,0,0,Passing Too Closely,4456972,28.8,21.8,1.1,1.1,0.0,2.0,53,20.1,36.7,277,Drizzle: Moderate,0,0,
3539,2021-09-11 12:45:00,40.741028,-73.99417,0,0,Unspecified,4457572,24.7,12.9,0.0,0.0,0.0,0.0,3,16.6,34.2,246,Overcast,0,0,
3540,2021-09-13 22:42:00,40.8477,-73.90097,0,0,Passing or Lane Usage Improper,4457043,28.8,21.8,1.1,1.1,0.0,2.0,53,20.1,36.7,277,Drizzle: Moderate,0,0,
3541,2021-09-13 11:51:00,40.67885,-74.00158,0,0,Passing Too Closely,4457260,28.8,21.8,1.1,1.1,0.0,2.0,53,20.1,36.7,277,Drizzle: Moderate,0,0,
3542,2021-09-13 15:10:00,40.766815,-73.83038,1,0,Failure to Yield Right-of-Way,4456957,28.8,21.8,1.1,1.1,0.0,2.0,53,20.1,36.7,277,Drizzle: Moderate,1,1,
3543,2021-09-13 13:30:00,40.673965,-73.99998,0,0,Steering Failure,4456920,28.8,21.8,1.1,1.1,0.0,2.0,53,20.1,36.7,277,Drizzle: Moderate,0,0,
3544,2021-08-16 07:15:00,40.74714,-73.99342,0,0,,4457371,26.6,19.9,0.0,0.0,0.0,0.0,3,17.7,33.8,121,Overcast,0,0,
3545,2021-09-13 13:10:00,40.833065,-73.85974,0,0,Following Too Closely,4457190,28.8,21.8,1.1,1.1,0.0,2.0,53,20.1,36.7,277,Drizzle: Moderate,0,0,
3546,2021-09-13 22:00:00,40.665558,-73.72985,0,0,Passing or Lane Usage Improper,4456977,28.8,21.8,1.1,1.1,0.0,2.0,53,20.1,36.7,277,Drizzle: Moderate,0,0,
3547,2021-09-13 20:20:00,40.631927,-73.99175,0,0,Alcohol Involvement,4457024,28.8,21.8,1.1,1.1,0.0,2.0,53,20.1,36.7,277,Drizzle: Moderate,0,0,
3548,2021-09-08 13:25:00,40.68787,-73.978355,1,0,View Obstructed/Limited,4457441,26.4,19.6,0.7,0.7,0.0,6.0,51,26.7,55.8,187,Drizzle: Light,1,1,
3549,2021-09-11 15:20:00,40.690044,-73.81481,1,0,Driver Inattention/Distraction,4457337,24.7,12.9,0.0,0.0,0.0,0.0,3,16.6,34.2,246,Overcast,1,1,
3550,2021-09-07 17:20:00,40.825905,-73.94712,0,0,Other Vehicular,4457522,25.9,15.2,0.0,0.0,0.0,0.0,1,12.5,25.6,259,Mainly clear,0,0,Sunny/Clear Conditions
3551,2021-09-13 17:30:00,40.828278,-73.907036,0,0,Unspecified,4457033,28.8,21.8,1.1,1.1,0.0,2.0,53,20.1,36.7,277,Drizzle: Moderate,0,0,
3552,2021-09-01 13:55:00,40.701656,-73.9913,0,0,Driver Inattention/Distraction,4457491,23.2,18.4,121.7,121.7,0.0,18.0,65,43.2,78.5,42,Rain: Heavy,0,0,
3553,2021-09-13 00:19:00,40.83283,-73.91129,0,0,Unspecified,4457342,28.8,21.8,1.1,1.1,0.0,2.0,53,20.1,36.7,277,Drizzle: Moderate,0,0,
3554,2021-09-13 07:10:00,40.64953,-73.96283,0,0,Passing Too Closely,4456509,28.8,21.8,1.1,1.1,0.0,2.0,53,20.1,36.7,277,Drizzle: Moderate,0,0,
3555,2021-09-13 22:05:00,40.75355,-73.98505,0,0,Pedestrian/Bicyclist/Other Pedestrian Error/Confusion,4457417,28.8,21.8,1.1,1.1,0.0,2.0,53,20.1,36.7,277,Drizzle: Moderate,0,0,
3556,2021-09-13 15:30:00,40.85315,-73.90561,0,0,Passing Too Closely,4457374,28.8,21.8,1.1,1.1,0.0,2.0,53,20.1,36.7,277,Drizzle: Moderate,0,0,
3557,2021-09-13 22:15:00,40.7024,-73.9605,0,0,Oversized Vehicle,4456943,28.8,21.8,1.1,1.1,0.0,2.0,53,20.1,36.7,277,Drizzle: Moderate,0,0,
3558,2021-09-13 23:50:00,40.564705,-74.12721,0,0,Unspecified,4457096,28.8,21.8,1.1,1.1,0.0,2.0,53,20.1,36.7,277,Drizzle: Moderate,0,0,
3559,2021-09-13 10:42:00,40.71358,-73.99601,0,0,Driver Inattention/Distraction,4456854,28.8,21.8,1.1,1.1,0.0,2.0,53,20.1,36.7,277,Drizzle: Moderate,0,0,
3560,2021-09-13 15:55:00,40.553314,-74.1634,2,0,Traffic Control Disregarded,4457088,28.8,21.8,1.1,1.1,0.0,2.0,53,20.1,36.7,277,Drizzle: Moderate,2,2,
3561,2021-09-12 01:00:00,40.75945,-73.87269,0,0,Driver Inattention/Distraction,4457400,28.8,18.3,0.0,0.0,0.0,0.0,3,24.3,46.8,233,Overcast,0,0,
3562,2021-09-13 13:30:00,40.71943,-73.87917,1,0,Driver Inattention/Distraction,4457248,28.8,21.8,1.1,1.1,0.0,2.0,53,20.1,36.7,277,Drizzle: Moderate,1,1,
3563,2021-09-13 18:00:00,40.80878,-73.92314,1,0,Driver Inattention/Distraction,4456990,28.8,21.8,1.1,1.1,0.0,2.0,53,20.1,36.7,277,Drizzle: Moderate,1,1,
3564,2021-09-13 18:04:00,40.720535,-73.88885,0,0,Failure to Yield Right-of-Way,4457648,28.8,21.8,1.1,1.1,0.0,2.0,53,20.1,36.7,277,Drizzle: Moderate,0,0,
3565,2021-09-13 14:29:00,40.751453,-73.97816,0,0,Driver Inattention/Distraction,4457011,28.8,21.8,1.1,1.1,0.0,2.0,53,20.1,36.7,277,Drizzle: Moderate,0,0,
3566,2021-09-08 13:00:00,40.76283,-73.92901,0,0,Driver Inattention/Distraction,4457704,26.4,19.6,0.7,0.7,0.0,6.0,51,26.7,55.8,187,Drizzle: Light,0,0,
3567,2021-09-13 16:12:00,40.849453,-73.906006,0,0,Following Too Closely,4457052,28.8,21.8,1.1,1.1,0.0,2.0,53,20.1,36.7,277,Drizzle: Moderate,0,0,
3568,2021-09-13 01:43:00,40.757442,-73.86747,1,0,Driver Inattention/Distraction,4456892,28.8,21.8,1.1,1.1,0.0,2.0,53,20.1,36.7,277,Drizzle: Moderate,1,1,
3569,2021-09-13 16:00:00,40.710644,-73.810295,0,0,Driver Inattention/Distraction,4456914,28.8,21.8,1.1,1.1,0.0,2.0,53,20.1,36.7,277,Drizzle: Moderate,0,0,
3570,2021-09-13 18:40:00,40.682186,-73.86982,1,0,Driver Inattention/Distraction,4457474,28.8,21.8,1.1,1.1,0.0,2.0,53,20.1,36.7,277,Drizzle: Moderate,1,1,
3571,2021-09-13 08:45:00,40.681217,-73.88211,0,0,Unspecified,4457447,28.8,21.8,1.1,1.1,0.0,2.0,53,20.1,36.7,277,Drizzle: Moderate,0,0,
3572,2021-09-13 10:20:00,40.768875,-73.94898,0,0,Driver Inattention/Distraction,4457060,28.8,21.8,1.1,1.1,0.0,2.0,53,20.1,36.7,277,Drizzle: Moderate,0,0,
3573,2021-09-13 10:50:00,40.67042,-73.98365,0,0,Following Too Closely,4456962,28.8,21.8,1.1,1.1,0.0,2.0,53,20.1,36.7,277,Drizzle: Moderate,0,0,
3574,2021-09-09 08:25:00,40.76294,-73.86067,0,0,Driver Inattention/Distraction,4457583,22.4,19.8,18.4,18.4,0.0,15.0,63,17.5,39.2,271,Rain: Moderate,0,0,
3575,2021-09-11 19:00:00,40.746174,-73.9947,0,0,Passing or Lane Usage Improper,4457413,24.7,12.9,0.0,0.0,0.0,0.0,3,16.6,34.2,246,Overcast,0,0,
3576,2021-09-06 17:47:00,40.73951,-73.98475,1,0,Driver Inattention/Distraction,4457533,26.9,18.4,0.0,0.0,0.0,0.0,3,19.6,37.8,273,Overcast,1,1,
3577,2021-09-13 16:04:00,40.765823,-73.82373,1,0,Passing or Lane Usage Improper,4456899,28.8,21.8,1.1,1.1,0.0,2.0,53,20.1,36.7,277,Drizzle: Moderate,1,1,
3578,2021-09-13 18:30:00,40.679604,-73.91026,1,0,,4456922,28.8,21.8,1.1,1.1,0.0,2.0,53,20.1,36.7,277,Drizzle: Moderate,1,1,
3579,2021-09-13 19:39:00,40.840057,-73.870964,0,0,Turning Improperly,4457201,28.8,21.8,1.1,1.1,0.0,2.0,53,20.1,36.7,277,Drizzle: Moderate,0,0,
3580,2021-09-13 08:00:00,40.58205,-74.1578,0,0,Unspecified,4457122,28.8,21.8,1.1,1.1,0.0,2.0,53,20.1,36.7,277,Drizzle: Moderate,0,0,
3581,2021-09-13 14:41:00,40.74614,-73.91431,0,0,Unspecified,4457145,28.8,21.8,1.1,1.1,0.0,2.0,53,20.1,36.7,277,Drizzle: Moderate,0,0,
3582,2021-09-12 12:00:00,40.866325,-73.88837,0,0,Driver Inattention/Distraction,4457593,28.8,18.3,0.0,0.0,0.0,0.0,3,24.3,46.8,233,Overcast,0,0,
3583,2021-09-13 08:50:00,40.67474,-73.99777,0,0,Driver Inattention/Distraction,4456777,28.8,21.8,1.1,1.1,0.0,2.0,53,20.1,36.7,277,Drizzle: Moderate,0,0,
3584,2021-09-13 08:10:00,40.70091,-73.926094,0,0,Other Vehicular,4457017,28.8,21.8,1.1,1.1,0.0,2.0,53,20.1,36.7,277,Drizzle: Moderate,0,0,
3585,2021-09-13 15:01:00,40.724556,-73.99152,1,0,Driver Inattention/Distraction,4457717,28.8,21.8,1.1,1.1,0.0,2.0,53,20.1,36.7,277,Drizzle: Moderate,1,1,
3586,2021-09-13 12:40:00,40.858418,-73.88514,1,0,Driver Inattention/Distraction,4456836,28.8,21.8,1.1,1.1,0.0,2.0,53,20.1,36.7,277,Drizzle: Moderate,1,1,
3587,2021-09-12 13:41:00,40.63367,-74.12848,2,0,Driver Inattention/Distraction,4457619,28.8,18.3,0.0,0.0,0.0,0.0,3,24.3,46.8,233,Overcast,2,2,
3588,2021-09-13 17:19:00,40.648376,-73.96579,0,0,Unspecified,4457065,28.8,21.8,1.1,1.1,0.0,2.0,53,20.1,36.7,277,Drizzle: Moderate,0,0,
3589,2021-09-13 04:06:00,40.69405,-73.82802,1,0,Traffic Control Disregarded,4456730,28.8,21.8,1.1,1.1,0.0,2.0,53,20.1,36.7,277,Drizzle: Moderate,1,1,
3590,2021-09-13 21:09:00,40.634434,-73.88871,0,0,Driver Inattention/Distraction,4456928,28.8,21.8,1.1,1.1,0.0,2.0,53,20.1,36.7,277,Drizzle: Moderate,0,0,
3591,2021-09-13 22:00:00,40.625103,-74.14877,0,0,Driver Inattention/Distraction,4457120,28.8,21.8,1.1,1.1,0.0,2.0,53,20.1,36.7,277,Drizzle: Moderate,0,0,
3592,2021-09-10 06:30:00,40.708076,-73.79257,0,0,Failure to Keep Right,4457540,22.9,16.0,0.0,0.0,0.0,0.0,3,24.2,47.2,314,Overcast,0,0,
3593,2021-09-13 13:29:00,40.852146,-73.91741,0,0,Passing Too Closely,4457050,28.8,21.8,1.1,1.1,0.0,2.0,53,20.1,36.7,277,Drizzle: Moderate,0,0,
3594,2021-09-13 13:47:00,40.73567,-73.98869,0,0,Following Too Closely,4456882,28.8,21.8,1.1,1.1,0.0,2.0,53,20.1,36.7,277,Drizzle: Moderate,0,0,
3595,2021-09-11 19:10:00,40.806625,-73.94275,1,0,Driver Inattention/Distraction,4457356,24.7,12.9,0.0,0.0,0.0,0.0,3,16.6,34.2,246,Overcast,1,1,
3596,2021-09-13 23:20:00,40.593384,-73.94442,2,0,Driver Inattention/Distraction,4456966,28.8,21.8,1.1,1.1,0.0,2.0,53,20.1,36.7,277,Drizzle: Moderate,2,2,
3597,2021-09-13 22:45:00,40.720192,-73.98737,0,0,Driver Inattention/Distraction,4456951,28.8,21.8,1.1,1.1,0.0,2.0,53,20.1,36.7,277,Drizzle: Moderate,0,0,
3598,2021-09-13 17:10:00,40.674145,-73.93062,0,0,Other Vehicular,4457234,28.8,21.8,1.1,1.1,0.0,2.0,53,20.1,36.7,277,Drizzle: Moderate,0,0,
3599,2021-09-13 18:20:00,40.665905,-73.91854,1,0,Traffic Control Disregarded,4457287,28.8,21.8,1.1,1.1,0.0,2.0,53,20.1,36.7,277,Drizzle: Moderate,1,1,
3600,2021-09-13 16:50:00,40.740894,-73.70084,0,0,Unspecified,4456973,28.8,21.8,1.1,1.1,0.0,2.0,53,20.1,36.7,277,Drizzle: Moderate,0,0,
3601,2021-09-07 18:40:00,40.64993,-73.93312,0,0,Unspecified,4457555,25.9,15.2,0.0,0.0,0.0,0.0,1,12.5,25.6,259,Mainly clear,0,0,Sunny/Clear Conditions
3602,2021-09-13 09:52:00,0.0,0.0,2,0,Failure to Yield Right-of-Way,4456870,28.8,21.8,1.1,1.1,0.0,2.0,53,20.1,36.7,277,Drizzle: Moderate,2,2,
3603,2021-09-01 22:30:00,40.736847,-73.86507,0,0,Unspecified,4457513,23.2,18.4,121.7,121.7,0.0,18.0,65,43.2,78.5,42,Rain: Heavy,0,0,
3604,2021-09-13 08:40:00,40.67781,-73.9079,1,0,Following Too Closely,4456811,28.8,21.8,1.1,1.1,0.0,2.0,53,20.1,36.7,277,Drizzle: Moderate,1,1,
3605,2021-09-12 03:23:00,40.750305,-74.00837,2,0,Fatigued/Drowsy,4457408,28.8,18.3,0.0,0.0,0.0,0.0,3,24.3,46.8,233,Overcast,2,2,
3606,2021-09-12 22:34:00,40.76155,-73.96659,0,0,Passing Too Closely,4457678,28.8,18.3,0.0,0.0,0.0,0.0,3,24.3,46.8,233,Overcast,0,0,
3607,2021-09-13 18:50:00,0.0,0.0,0,0,Unspecified,4457158,28.8,21.8,1.1,1.1,0.0,2.0,53,20.1,36.7,277,Drizzle: Moderate,0,0,
3608,2021-09-13 17:50:00,40.73081,-73.823456,1,0,Driver Inattention/Distraction,4456906,28.8,21.8,1.1,1.1,0.0,2.0,53,20.1,36.7,277,Drizzle: Moderate,1,1,
3609,2021-09-13 13:00:00,40.81626,-73.91421,0,0,Other Vehicular,4456994,28.8,21.8,1.1,1.1,0.0,2.0,53,20.1,36.7,277,Drizzle: Moderate,0,0,
3610,2021-09-13 23:21:00,40.66634,-73.80081,1,0,Unsafe Speed,4457109,28.8,21.8,1.1,1.1,0.0,2.0,53,20.1,36.7,277,Drizzle: Moderate,1,1,
3611,2021-09-13 07:40:00,40.576042,-73.99008,0,0,Unspecified,4457040,28.8,21.8,1.1,1.1,0.0,2.0,53,20.1,36.7,277,Drizzle: Moderate,0,0,
3612,2021-09-13 11:00:00,40.756104,-73.800804,0,0,Failure to Yield Right-of-Way,4456806,28.8,21.8,1.1,1.1,0.0,2.0,53,20.1,36.7,277,Drizzle: Moderate,0,0,
3613,2021-09-13 09:00:00,40.804028,-73.93873,0,0,Unspecified,4456556,28.8,21.8,1.1,1.1,0.0,2.0,53,20.1,36.7,277,Drizzle: Moderate,0,0,
3614,2021-09-13 14:22:00,40.70166,-73.961464,0,0,Driver Inattention/Distraction,4456934,28.8,21.8,1.1,1.1,0.0,2.0,53,20.1,36.7,277,Drizzle: Moderate,0,0,
3615,2021-09-13 22:00:00,40.6633,-73.94415,0,0,Unspecified,4457003,28.8,21.8,1.1,1.1,0.0,2.0,53,20.1,36.7,277,Drizzle: Moderate,0,0,
3616,2021-09-13 08:00:00,40.76038,-73.75801,0,0,Unspecified,4456909,28.8,21.8,1.1,1.1,0.0,2.0,53,20.1,36.7,277,Drizzle: Moderate,0,0,
3617,2021-09-11 18:05:00,40.604206,-73.99146,0,0,Other Vehicular,4457361,24.7,12.9,0.0,0.0,0.0,0.0,3,16.6,34.2,246,Overcast,0,0,
3618,2021-09-12 17:45:00,40.665714,-73.8876,5,0,Traffic Control Disregarded,4457383,28.8,18.3,0.0,0.0,0.0,0.0,3,24.3,46.8,233,Overcast,5,5,
3619,2021-09-13 08:50:00,40.714703,-73.88658,0,0,Failure to Yield Right-of-Way,4457244,28.8,21.8,1.1,1.1,0.0,2.0,53,20.1,36.7,277,Drizzle: Moderate,0,0,
3620,2021-09-12 18:40:00,40.74649,-74.001335,1,0,Failure to Yield Right-of-Way,4457432,28.8,18.3,0.0,0.0,0.0,0.0,3,24.3,46.8,233,Overcast,1,1,
3621,2021-09-10 17:35:00,40.713253,-73.97759,0,0,Unspecified,4457660,22.9,16.0,0.0,0.0,0.0,0.0,3,24.2,47.2,314,Overcast,0,0,
3622,2021-09-13 12:10:00,40.63698,-73.936554,0,0,Failure to Yield Right-of-Way,4456945,28.8,21.8,1.1,1.1,0.0,2.0,53,20.1,36.7,277,Drizzle: Moderate,0,0,
3623,2021-09-13 08:00:00,40.719833,-73.82624,1,0,Unspecified,4457269,28.8,21.8,1.1,1.1,0.0,2.0,53,20.1,36.7,277,Drizzle: Moderate,1,1,
3624,2021-09-01 19:53:00,40.652767,-73.8863,0,0,Other Vehicular,4457455,23.2,18.4,121.7,121.7,0.0,18.0,65,43.2,78.5,42,Rain: Heavy,0,0,
3625,2021-09-13 02:30:00,40.76118,-73.95791,0,0,Other Vehicular,4457061,28.8,21.8,1.1,1.1,0.0,2.0,53,20.1,36.7,277,Drizzle: Moderate,0,0,
3626,2021-09-13 08:00:00,40.676357,-73.891754,0,0,Driver Inattention/Distraction,4457493,28.8,21.8,1.1,1.1,0.0,2.0,53,20.1,36.7,277,Drizzle: Moderate,0,0,
3627,2021-09-06 09:47:00,40.637096,-73.93465,1,0,Unspecified,4457544,26.9,18.4,0.0,0.0,0.0,0.0,3,19.6,37.8,273,Overcast,1,1,
3628,2021-09-13 12:25:00,40.867153,-73.89354,0,0,Unspecified,4457097,28.8,21.8,1.1,1.1,0.0,2.0,53,20.1,36.7,277,Drizzle: Moderate,0,0,
3629,2021-09-11 21:55:00,40.747593,-73.994194,1,0,Pavement Defective,4457412,24.7,12.9,0.0,0.0,0.0,0.0,3,16.6,34.2,246,Overcast,1,1,
3630,2021-09-13 17:00:00,40.831642,-73.876076,2,0,Traffic Control Disregarded,4457053,28.8,21.8,1.1,1.1,0.0,2.0,53,20.1,36.7,277,Drizzle: Moderate,2,2,
3631,2021-09-13 13:52:00,40.63667,-74.02567,1,0,Failure to Yield Right-of-Way,4456835,28.8,21.8,1.1,1.1,0.0,2.0,53,20.1,36.7,277,Drizzle: Moderate,1,1,
3632,2021-09-13 08:54:00,40.67318,-73.78103,2,0,Failure to Yield Right-of-Way,4456900,28.8,21.8,1.1,1.1,0.0,2.0,53,20.1,36.7,277,Drizzle: Moderate,2,2,
3633,2021-09-13 13:35:00,40.7149,-73.95748,0,0,Driver Inattention/Distraction,4457167,28.8,21.8,1.1,1.1,0.0,2.0,53,20.1,36.7,277,Drizzle: Moderate,0,0,
3634,2021-09-13 07:40:00,40.741364,-73.92096,0,0,Traffic Control Disregarded,4457147,28.8,21.8,1.1,1.1,0.0,2.0,53,20.1,36.7,277,Drizzle: Moderate,0,0,
3635,2021-09-13 00:35:00,40.784943,-73.946594,1,0,Traffic Control Disregarded,4456797,28.8,21.8,1.1,1.1,0.0,2.0,53,20.1,36.7,277,Drizzle: Moderate,1,1,
3636,2021-09-13 12:17:00,40.769604,-73.91139,1,0,Following Too Closely,4457433,28.8,21.8,1.1,1.1,0.0,2.0,53,20.1,36.7,277,Drizzle: Moderate,1,1,
3637,2021-09-12 20:33:00,40.825783,-73.943474,1,0,Unspecified,4457521,28.8,18.3,0.0,0.0,0.0,0.0,3,24.3,46.8,233,Overcast,1,1,
3638,2021-09-13 13:30:00,40.72616,-73.90012,0,0,Passing or Lane Usage Improper,4457249,28.8,21.8,1.1,1.1,0.0,2.0,53,20.1,36.7,277,Drizzle: Moderate,0,0,
3639,2021-09-11 14:30:00,40.58864,-73.90874,1,0,Following Too Closely,4457577,24.7,12.9,0.0,0.0,0.0,0.0,3,16.6,34.2,246,Overcast,1,1,
3640,2021-09-13 19:00:00,40.711033,-73.7281,0,0,Unspecified,4456976,28.8,21.8,1.1,1.1,0.0,2.0,53,20.1,36.7,277,Drizzle: Moderate,0,0,
3641,2021-09-12 11:15:00,40.83489,-73.8663,0,0,Unspecified,4457367,28.8,18.3,0.0,0.0,0.0,0.0,3,24.3,46.8,233,Overcast,0,0,
3642,2021-09-10 16:38:00,40.684204,-73.85858,1,0,Following Too Closely,4457377,22.9,16.0,0.0,0.0,0.0,0.0,3,24.2,47.2,314,Overcast,1,1,
3643,2021-09-13 00:21:00,40.7606,-73.964325,0,0,Driver Inexperience,4456528,28.8,21.8,1.1,1.1,0.0,2.0,53,20.1,36.7,277,Drizzle: Moderate,0,0,
3644,2021-09-13 16:20:00,40.657814,-73.89613,0,0,Driver Inattention/Distraction,4457473,28.8,21.8,1.1,1.1,0.0,2.0,53,20.1,36.7,277,Drizzle: Moderate,0,0,
3645,2021-09-13 08:00:00,40.695354,-73.93237,0,0,Passing Too Closely,4457016,28.8,21.8,1.1,1.1,0.0,2.0,53,20.1,36.7,277,Drizzle: Moderate,0,0,
3646,2021-09-13 17:24:00,40.78994,-73.98036,0,0,Failure to Yield Right-of-Way,4457034,28.8,21.8,1.1,1.1,0.0,2.0,53,20.1,36.7,277,Drizzle: Moderate,0,0,
3647,2021-08-26 18:30:00,40.679733,-73.97432,0,0,Brakes Defective,4457645,31.8,22.8,0.1,0.1,0.0,1.0,51,14.8,29.2,228,Drizzle: Light,0,0,
3648,2021-09-08 13:05:00,40.7963,-73.93829,1,0,Pedestrian/Bicyclist/Other Pedestrian Error/Confusion,4457419,26.4,19.6,0.7,0.7,0.0,6.0,51,26.7,55.8,187,Drizzle: Light,1,1,
3649,2021-09-13 21:45:00,40.858376,-73.89637,0,0,Unspecified,4457715,28.8,21.8,1.1,1.1,0.0,2.0,53,20.1,36.7,277,Drizzle: Moderate,0,0,
3650,2021-09-13 19:35:00,40.711693,-73.935814,0,0,Unspecified,4456939,28.8,21.8,1.1,1.1,0.0,2.0,53,20.1,36.7,277,Drizzle: Moderate,0,0,
3651,2021-09-13 07:34:00,40.768436,-73.91996,1,0,Driver Inexperience,4457449,28.8,21.8,1.1,1.1,0.0,2.0,53,20.1,36.7,277,Drizzle: Moderate,1,1,
3652,2021-08-25 18:51:00,40.58514,-73.96651,1,0,Failure to Yield Right-of-Way,4457597,31.2,20.1,0.0,0.0,0.0,0.0,3,10.2,18.7,277,Overcast,1,1,
3653,2021-09-13 10:41:00,40.82424,-73.90862,0,0,Driver Inattention/Distraction,4457027,28.8,21.8,1.1,1.1,0.0,2.0,53,20.1,36.7,277,Drizzle: Moderate,0,0,
3654,2021-09-13 13:50:00,40.760307,-73.87582,2,0,Unspecified,4456891,28.8,21.8,1.1,1.1,0.0,2.0,53,20.1,36.7,277,Drizzle: Moderate,2,2,
3655,2021-09-13 09:47:00,40.628204,-74.01286,0,0,Passing or Lane Usage Improper,4456774,28.8,21.8,1.1,1.1,0.0,2.0,53,20.1,36.7,277,Drizzle: Moderate,0,0,
3656,2021-09-13 08:45:00,40.616035,-74.073944,0,0,Unspecified,4457089,28.8,21.8,1.1,1.1,0.0,2.0,53,20.1,36.7,277,Drizzle: Moderate,0,0,
3657,2023-01-14 21:30:00,40.74549,-73.95318,0,0,Unspecified,4597876,2.8,-0.9,0.0,0.0,0.0,0.0,3,25.6,45.7,351,Overcast,0,0,
3658,2021-09-13 20:25:00,40.742233,-73.9933,0,0,Backing Unsafely,4456913,28.8,21.8,1.1,1.1,0.0,2.0,53,20.1,36.7,277,Drizzle: Moderate,0,0,
3659,2021-09-13 13:15:00,40.63759,-73.927864,1,0,Passing or Lane Usage Improper,4457133,28.8,21.8,1.1,1.1,0.0,2.0,53,20.1,36.7,277,Drizzle: Moderate,1,1,
3660,2021-09-10 15:00:00,40.766373,-73.93358,0,0,Backing Unsafely,4457440,22.9,16.0,0.0,0.0,0.0,0.0,3,24.2,47.2,314,Overcast,0,0,
3661,2021-09-13 21:26:00,40.756397,-73.804535,1,0,Passing Too Closely,4456956,28.8,21.8,1.1,1.1,0.0,2.0,53,20.1,36.7,277,Drizzle: Moderate,1,1,
3662,2021-09-13 12:00:00,40.82942,-73.91226,1,0,Unsafe Speed,4456986,28.8,21.8,1.1,1.1,0.0,2.0,53,20.1,36.7,277,Drizzle: Moderate,1,1,
3663,2021-09-13 16:08:00,40.760044,-73.89756,1,0,Traffic Control Disregarded,4457398,28.8,21.8,1.1,1.1,0.0,2.0,53,20.1,36.7,277,Drizzle: Moderate,1,1,
3664,2021-09-12 07:46:00,40.76367,-73.98881,1,0,Driver Inattention/Distraction,4457348,28.8,18.3,0.0,0.0,0.0,0.0,3,24.3,46.8,233,Overcast,1,1,
3665,2021-09-13 09:30:00,40.704018,-73.89795,0,0,Turning Improperly,4457562,28.8,21.8,1.1,1.1,0.0,2.0,53,20.1,36.7,277,Drizzle: Moderate,0,0,
3666,2021-09-12 22:35:00,40.820137,-73.89029,6,0,Unsafe Speed,4457626,28.8,18.3,0.0,0.0,0.0,0.0,3,24.3,46.8,233,Overcast,6,6,
3667,2021-09-13 16:15:00,40.89466,-73.86137,2,0,Following Too Closely,4457010,28.8,21.8,1.1,1.1,0.0,2.0,53,20.1,36.7,277,Drizzle: Moderate,2,2,
3668,2021-09-11 23:00:00,40.594025,-73.93872,0,0,Driver Inattention/Distraction,4457692,24.7,12.9,0.0,0.0,0.0,0.0,3,16.6,34.2,246,Overcast,0,0,
3669,2021-09-13 15:11:00,40.66077,-73.91975,2,0,Unspecified,4456946,28.8,21.8,1.1,1.1,0.0,2.0,53,20.1,36.7,277,Drizzle: Moderate,2,2,
3670,2021-09-03 04:20:00,40.750763,-73.97445,0,0,Other Vehicular,4457529,21.9,14.0,0.0,0.0,0.0,0.0,3,14.5,30.2,321,Overcast,0,0,