,CRASH DATETIME,LATITUDE,LONGITUDE,NUMBER OF PERSONS INJURED,NUMBER OF PERSONS KILLED,CONTRIBUTING FACTOR VEHICLE 1,COLLISION_ID,temperature_2m_max,temperature_2m_min,precipitation_sum,rain_sum,snowfall_sum,precipitation_hours,weather_code,wind_speed_10m_max,wind_gusts_10m_max,wind_direction_10m_dominant,Weather Description,Severity_Score,Total_Affected_Persons,Weather_Category
3671,2021-09-13 22:14:00,40.71123,-73.85575,1,0,View Obstructed/Limited,4457271,28.8,21.8,1.1,1.1,0.0,2.0,53,20.1,36.7,277,Drizzle: Moderate,1,1,
3672,2021-09-13 09:00:00,40.85659,-73.88365,0,0,Reaction to Uninvolved Vehicle,4457336,28.8,21.8,1.1,1.1,0.0,2.0,53,20.1,36.7,277,Drizzle: Moderate,0,0,
3673,2021-08-18 21:00:00,40.80576,-73.94868,0,0,Driver Inattention/Distraction,4457357,27.0,21.1,1.5,1.5,0.0,5.0,53,24.7,46.8,150,Drizzle: Moderate,0,0,
3674,2021-09-13 08:30:00,40.679962,-73.83953,0,0,Passing or Lane Usage Improper,4456967,28.8,21.8,1.1,1.1,0.0,2.0,53,20.1,36.7,277,Drizzle: Moderate,0,0,
3675,2021-12-10 21:00:00,40.76048,-73.95825,0,0,Passing Too Closely,4485731,8.5,1.6,0.0,0.0,0.0,0.0,3,9.8,20.5,183,Overcast,0,0,
3676,2021-12-06 21:15:00,40.54161,-74.154526,0,0,Unspecified,4485457,16.3,7.7,6.3,6.3,0.0,10.0,61,35.1,65.5,201,Rain: Light,0,0,
3677,2021-12-11 02:20:00,40.671898,-73.92231,0,0,Driver Inattention/Distraction,4487681,17.3,5.0,8.1,8.1,0.0,5.0,63,35.0,67.0,206,Rain: Moderate,0,0,
3678,2021-12-16 17:55:00,40.779778,-73.94725,1,0,Failure to Yield Right-of-Way,4487135,14.6,9.9,0.0,0.0,0.0,0.0,3,22.4,38.5,222,Overcast,1,1,
3679,2021-12-17 20:40:00,40.787582,-73.849655,0,0,Following Too Closely,4487441,13.9,6.1,0.0,0.0,0.0,0.0,3,21.5,37.1,265,Overcast,0,0,
3680,2021-12-11 00:45:00,40.771305,-73.87664,0,0,Aggressive Driving/Road Rage,4487656,17.3,5.0,8.1,8.1,0.0,5.0,63,35.0,67.0,206,Rain: Moderate,0,0,
3681,2021-12-16 12:16:00,40.579174,-74.11483,2,0,Failure to Yield Right-of-Way,4487465,14.6,9.9,0.0,0.0,0.0,0.0,3,22.4,38.5,222,Overcast,2,2,
3682,2021-12-17 21:25:00,40.712875,-73.9986,0,0,Passing Too Closely,4487943,13.9,6.1,0.0,0.0,0.0,0.0,3,21.5,37.1,265,Overcast,0,0,
3683,2021-12-15 23:50:00,40.681473,-73.72776,1,0,Reaction to Uninvolved Vehicle,4486839,10.3,1.8,1.0,1.0,0.0,6.0,51,20.6,38.2,104,Drizzle: Light,1,1,
3684,2021-12-16 09:10:00,40.83029,-73.850655,0,0,Unspecified,4487036,14.6,9.9,0.0,0.0,0.0,0.0,3,22.4,38.5,222,Overcast,0,0,
3685,2021-12-10 11:40:00,40.68963,-73.92741,1,0,Driver Inexperience,4487832,8.5,1.6,0.0,0.0,0.0,0.0,3,9.8,20.5,183,Overcast,1,1,
3686,2021-12-17 19:01:00,40.81666,-73.938995,0,0,Other Vehicular,4487985,13.9,6.1,0.0,0.0,0.0,0.0,3,21.5,37.1,265,Overcast,0,0,
3687,2021-12-17 10:45:00,40.666134,-73.99224,1,0,Failure to Yield Right-of-Way,4487258,13.9,6.1,0.0,0.0,0.0,0.0,3,21.5,37.1,265,Overcast,1,1,
3688,2021-12-16 09:00:00,40.64815,-74.010826,0,0,Unspecified,4487065,14.6,9.9,0.0,0.0,0.0,0.0,3,22.4,38.5,222,Overcast,0,0,
3689,2021-12-17 09:00:00,40.595318,-74.16151,0,0,Following Too Closely,4487243,13.9,6.1,0.0,0.0,0.0,0.0,3,21.5,37.1,265,Overcast,0,0,
3690,2021-12-16 02:00:00,40.78643,-73.793274,0,0,Fell Asleep,4487447,14.6,9.9,0.0,0.0,0.0,0.0,3,22.4,38.5,222,Overcast,0,0,
3691,2021-12-15 07:26:00,40.59389,-73.77368,0,0,Failure to Yield Right-of-Way,4486860,10.3,1.8,1.0,1.0,0.0,6.0,51,20.6,38.2,104,Drizzle: Light,0,0,
3692,2021-12-16 07:15:00,40.57968,-73.971176,0,0,Driver Inattention/Distraction,4487740,14.6,9.9,0.0,0.0,0.0,0.0,3,22.4,38.5,222,Overcast,0,0,
3693,2021-11-03 11:30:00,40.85391,-73.88364,1,0,Driver Inattention/Distraction,4487952,10.7,3.8,0.1,0.1,0.0,1.0,51,15.6,30.6,302,Drizzle: Light,1,1,
3694,2023-01-14 06:00:00,40.831184,-73.913284,0,0,Driver Inattention/Distraction,4598195,2.8,-0.9,0.0,0.0,0.0,0.0,3,25.6,45.7,351,Overcast,0,0,
3695,2021-12-17 14:20:00,40.872326,-73.83512,0,0,Driver Inattention/Distraction,4487801,13.9,6.1,0.0,0.0,0.0,0.0,3,21.5,37.1,265,Overcast,0,0,
3696,2021-12-17 18:13:00,40.68432,-73.769684,1,0,Traffic Control Disregarded,4487897,13.9,6.1,0.0,0.0,0.0,0.0,3,21.5,37.1,265,Overcast,1,1,
3697,2021-12-12 17:37:00,40.88661,-73.90704,0,0,Unspecified,4487179,13.0,3.4,0.5,0.5,0.0,1.0,53,32.4,62.6,284,Drizzle: Moderate,0,0,
3698,2021-12-16 19:30:00,40.718224,-73.79504,0,0,Following Too Closely,4487124,14.6,9.9,0.0,0.0,0.0,0.0,3,22.4,38.5,222,Overcast,0,0,
3699,2021-12-15 11:58:00,40.82803,-73.934845,3,0,Driver Inattention/Distraction,4487226,10.3,1.8,1.0,1.0,0.0,6.0,51,20.6,38.2,104,Drizzle: Light,3,3,
3700,2021-12-15 13:24:00,40.76531,-73.96385,0,0,Failure to Yield Right-of-Way,4486727,10.3,1.8,1.0,1.0,0.0,6.0,51,20.6,38.2,104,Drizzle: Light,0,0,
3701,2021-12-15 06:27:00,40.72224,-73.9863,0,0,Unspecified,4486751,10.3,1.8,1.0,1.0,0.0,6.0,51,20.6,38.2,104,Drizzle: Light,0,0,
3702,2021-12-17 20:02:00,40.62147,-73.95072,2,0,Failure to Yield Right-of-Way,4487553,13.9,6.1,0.0,0.0,0.0,0.0,3,21.5,37.1,265,Overcast,2,2,
3703,2023-01-17 18:45:00,40.630787,-73.99568,1,0,Unspecified,4598801,7.1,-2.3,0.9,0.9,0.0,2.0,53,13.2,24.5,254,Drizzle: Moderate,1,1,
3704,2021-12-15 08:30:00,40.65953,-73.73261,1,0,View Obstructed/Limited,4486963,10.3,1.8,1.0,1.0,0.0,6.0,51,20.6,38.2,104,Drizzle: Light,1,1,
3705,2021-12-16 07:09:00,40.59539,-73.769615,0,0,Passing or Lane Usage Improper,4488007,14.6,9.9,0.0,0.0,0.0,0.0,3,22.4,38.5,222,Overcast,0,0,
3706,2021-12-17 15:30:00,40.704327,-73.797714,0,0,Following Too Closely,4487487,13.9,6.1,0.0,0.0,0.0,0.0,3,21.5,37.1,265,Overcast,0,0,
3707,2021-12-16 15:40:00,40.71747,-74.0107,0,0,Driver Inattention/Distraction,4487269,14.6,9.9,0.0,0.0,0.0,0.0,3,22.4,38.5,222,Overcast,0,0,
3708,2021-12-15 17:18:00,40.641987,-74.01724,0,0,Unsafe Speed,4486818,10.3,1.8,1.0,1.0,0.0,6.0,51,20.6,38.2,104,Drizzle: Light,0,0,
3709,2021-12-17 08:38:00,40.680923,-73.75065,0,0,Unspecified,4487301,13.9,6.1,0.0,0.0,0.0,0.0,3,21.5,37.1,265,Overcast,0,0,
3710,2021-12-17 15:50:00,40.868015,-73.89129,0,0,Passing or Lane Usage Improper,4487284,13.9,6.1,0.0,0.0,0.0,0.0,3,21.5,37.1,265,Overcast,0,0,
3711,2021-12-17 04:10:00,40.742645,-73.98246,0,0,Driver Inattention/Distraction,4487711,13.9,6.1,0.0,0.0,0.0,0.0,3,21.5,37.1,265,Overcast,0,0,
3712,2021-12-10 17:35:00,40.6771,-73.92479,0,0,Aggressive Driving/Road Rage,4487597,8.5,1.6,0.0,0.0,0.0,0.0,3,9.8,20.5,183,Overcast,0,0,
3713,2021-12-17 20:27:00,40.761375,-73.98781,0,0,Driver Inattention/Distraction,4487306,13.9,6.1,0.0,0.0,0.0,0.0,3,21.5,37.1,265,Overcast,0,0,
3714,2021-12-16 22:40:00,40.65276,-74.00235,0,0,Alcohol Involvement,4487141,14.6,9.9,0.0,0.0,0.0,0.0,3,22.4,38.5,222,Overcast,0,0,
3715,2021-12-17 23:16:00,40.699177,-73.9605,0,0,Following Too Closely,4487925,13.9,6.1,0.0,0.0,0.0,0.0,3,21.5,37.1,265,Overcast,0,0,
3716,2021-12-15 08:10:00,40.84023,-73.880104,1,0,Driver Inattention/Distraction,4486706,10.3,1.8,1.0,1.0,0.0,6.0,51,20.6,38.2,104,Drizzle: Light,1,1,
3717,2021-12-15 16:30:00,40.691265,-73.9051,1,0,Failure to Yield Right-of-Way,4486920,10.3,1.8,1.0,1.0,0.0,6.0,51,20.6,38.2,104,Drizzle: Light,1,1,
3718,2021-12-15 17:09:00,40.75062,-73.870285,1,0,Driver Inattention/Distraction,4486971,10.3,1.8,1.0,1.0,0.0,6.0,51,20.6,38.2,104,Drizzle: Light,1,1,
3719,2021-12-17 10:15:00,40.72921,-73.781166,0,0,Driver Inattention/Distraction,4487999,13.9,6.1,0.0,0.0,0.0,0.0,3,21.5,37.1,265,Overcast,0,0,
3720,2021-12-15 19:21:00,40.69939,-73.91938,0,0,Following Too Closely,4487772,10.3,1.8,1.0,1.0,0.0,6.0,51,20.6,38.2,104,Drizzle: Light,0,0,
3721,2021-12-15 08:39:00,40.60307,-74.01667,3,0,Unspecified,4486741,10.3,1.8,1.0,1.0,0.0,6.0,51,20.6,38.2,104,Drizzle: Light,3,3,
3722,2021-12-15 19:00:00,40.619507,-74.15036,1,0,Following Too Closely,4486846,10.3,1.8,1.0,1.0,0.0,6.0,51,20.6,38.2,104,Drizzle: Light,1,1,
3723,2021-12-17 15:50:00,40.725636,-73.843254,0,0,Driver Inattention/Distraction,4487351,13.9,6.1,0.0,0.0,0.0,0.0,3,21.5,37.1,265,Overcast,0,0,
3724,2021-12-15 22:00:00,40.8606,-73.91102,0,0,Unspecified,4487084,10.3,1.8,1.0,1.0,0.0,6.0,51,20.6,38.2,104,Drizzle: Light,0,0,
3725,2021-12-04 22:18:00,40.563145,-74.10787,1,1,Passing or Lane Usage Improper,4487498,8.3,-0.7,0.0,0.0,0.0,0.0,3,13.5,25.9,231,Overcast,21,2,
3726,2021-12-17 12:40:00,40.758224,-73.91741,1,0,Following Too Closely,4487373,13.9,6.1,0.0,0.0,0.0,0.0,3,21.5,37.1,265,Overcast,1,1,
3727,2021-12-15 09:00:00,40.7068,-73.96325,0,0,Driver Inattention/Distraction,4487115,10.3,1.8,1.0,1.0,0.0,6.0,51,20.6,38.2,104,Drizzle: Light,0,0,
3728,2021-12-15 11:00:00,40.774612,-73.92399,1,0,Failure to Yield Right-of-Way,4487031,10.3,1.8,1.0,1.0,0.0,6.0,51,20.6,38.2,104,Drizzle: Light,1,1,
3729,2021-12-13 08:50:00,40.655422,-73.95007,0,0,Turning Improperly,4487238,10.2,1.9,0.0,0.0,0.0,0.0,3,19.6,35.3,242,Overcast,0,0,
3730,2021-12-15 22:25:00,40.696556,-73.98091,1,0,Following Too Closely,4486801,10.3,1.8,1.0,1.0,0.0,6.0,51,20.6,38.2,104,Drizzle: Light,1,1,
3731,2021-12-15 08:00:00,40.652267,-73.92075,1,0,Turning Improperly,4487591,10.3,1.8,1.0,1.0,0.0,6.0,51,20.6,38.2,104,Drizzle: Light,1,1,
3732,2021-12-17 16:46:00,0.0,0.0,0,0,Unspecified,4487312,13.9,6.1,0.0,0.0,0.0,0.0,3,21.5,37.1,265,Overcast,0,0,
3733,2021-12-15 12:40:00,40.622963,-73.965866,1,0,Unspecified,4486853,10.3,1.8,1.0,1.0,0.0,6.0,51,20.6,38.2,104,Drizzle: Light,1,1,
3734,2021-12-16 12:59:00,40.810184,-73.95118,1,0,Passing or Lane Usage Improper,4487206,14.6,9.9,0.0,0.0,0.0,0.0,3,22.4,38.5,222,Overcast,1,1,
3735,2021-12-15 14:40:00,40.87188,-73.9111,0,0,Unspecified,4487660,10.3,1.8,1.0,1.0,0.0,6.0,51,20.6,38.2,104,Drizzle: Light,0,0,
3736,2021-12-16 22:45:00,40.755066,-73.84419,0,0,Alcohol Involvement,4487533,14.6,9.9,0.0,0.0,0.0,0.0,3,22.4,38.5,222,Overcast,0,0,
3737,2021-12-17 16:50:00,40.684372,-73.90913,0,0,Unsafe Lane Changing,4487426,13.9,6.1,0.0,0.0,0.0,0.0,3,21.5,37.1,265,Overcast,0,0,
3738,2021-12-13 01:12:00,40.682537,-73.95002,0,0,Alcohol Involvement,4487344,10.2,1.9,0.0,0.0,0.0,0.0,3,19.6,35.3,242,Overcast,0,0,
3739,2021-12-16 16:40:00,40.593967,-73.97899,0,0,Unspecified,4487385,14.6,9.9,0.0,0.0,0.0,0.0,3,22.4,38.5,222,Overcast,0,0,
3740,2021-12-16 08:50:00,40.88905,-73.84221,0,0,Failure to Yield Right-of-Way,4487819,14.6,9.9,0.0,0.0,0.0,0.0,3,22.4,38.5,222,Overcast,0,0,
3741,2021-12-16 12:30:00,40.7103,-74.00106,0,0,Driver Inattention/Distraction,4487692,14.6,9.9,0.0,0.0,0.0,0.0,3,22.4,38.5,222,Overcast,0,0,
3742,2021-12-17 22:46:00,40.55349,-74.13178,1,0,Driver Inattention/Distraction,4487471,13.9,6.1,0.0,0.0,0.0,0.0,3,21.5,37.1,265,Overcast,1,1,
3743,2021-11-24 11:30:00,40.669273,-73.922554,1,0,Unspecified,4487735,7.0,-1.6,0.0,0.0,0.0,0.0,3,18.4,33.1,305,Overcast,1,1,
3744,2021-12-17 16:40:00,40.861164,-73.857574,1,0,Failure to Yield Right-of-Way,4487338,13.9,6.1,0.0,0.0,0.0,0.0,3,21.5,37.1,265,Overcast,1,1,
3745,2021-12-14 18:47:00,40.681675,-73.879135,1,0,Other Vehicular,4487201,10.4,3.1,0.0,0.0,0.0,0.0,3,18.5,31.3,322,Overcast,1,1,
3746,2021-12-15 07:11:00,40.71495,-74.0097,1,0,Driver Inattention/Distraction,4487154,10.3,1.8,1.0,1.0,0.0,6.0,51,20.6,38.2,104,Drizzle: Light,1,1,
3747,2021-12-15 20:13:00,40.64509,-73.90637,2,0,Failure to Yield Right-of-Way,4487077,10.3,1.8,1.0,1.0,0.0,6.0,51,20.6,38.2,104,Drizzle: Light,2,2,
3748,2021-12-16 23:23:00,40.771088,-73.98343,0,0,Driver Inattention/Distraction,4487421,14.6,9.9,0.0,0.0,0.0,0.0,3,22.4,38.5,222,Overcast,0,0,
3749,2021-12-17 17:23:00,40.88899,-73.84361,0,0,Driver Inattention/Distraction,4487796,13.9,6.1,0.0,0.0,0.0,0.0,3,21.5,37.1,265,Overcast,0,0,
3750,2021-12-16 14:04:00,40.682446,-73.911674,3,0,Unspecified,4487528,14.6,9.9,0.0,0.0,0.0,0.0,3,22.4,38.5,222,Overcast,3,3,
3751,2021-12-17 07:22:00,40.70089,-73.89336,0,0,Backing Unsafely,4487718,13.9,6.1,0.0,0.0,0.0,0.0,3,21.5,37.1,265,Overcast,0,0,
3752,2021-12-16 23:10:00,40.6901,-73.87214,0,0,Unspecified,4487194,14.6,9.9,0.0,0.0,0.0,0.0,3,22.4,38.5,222,Overcast,0,0,
3753,2021-12-09 07:15:00,40.643497,-74.07418,0,0,Unspecified,4487634,3.6,-2.0,0.1,0.0,0.07,1.0,71,19.2,33.8,295,Snow fall: Light,0,0,Snowy Conditions
3754,2021-12-07 16:00:00,40.788937,-73.94254,0,0,Unspecified,4487577,8.6,0.8,0.1,0.1,0.0,1.0,51,27.2,49.3,283,Drizzle: Light,0,0,
3755,2021-12-12 00:32:00,40.67888,-73.93561,0,0,Unspecified,4487757,13.0,3.4,0.5,0.5,0.0,1.0,53,32.4,62.6,284,Drizzle: Moderate,0,0,
3756,2021-12-08 21:21:00,40.695377,-73.94921,0,0,Passing Too Closely,4487280,4.7,0.9,0.7,0.7,0.0,2.0,51,14.5,24.8,355,Drizzle: Light,0,0,
3757,2021-12-15 01:00:00,40.69098,-73.74878,1,0,Unsafe Speed,4486638,10.3,1.8,1.0,1.0,0.0,6.0,51,20.6,38.2,104,Drizzle: Light,1,1,
3758,2021-12-16 01:00:00,40.745876,-73.77225,0,0,Unsafe Speed,4487009,14.6,9.9,0.0,0.0,0.0,0.0,3,22.4,38.5,222,Overcast,0,0,
3759,2021-12-16 19:28:00,40.746788,-73.827156,2,0,Unsafe Speed,4487265,14.6,9.9,0.0,0.0,0.0,0.0,3,22.4,38.5,222,Overcast,2,2,
3760,2021-12-15 14:55:00,40.62125,-74.00899,0,0,Unspecified,4486780,10.3,1.8,1.0,1.0,0.0,6.0,51,20.6,38.2,104,Drizzle: Light,0,0,
3761,2021-12-16 13:10:00,40.868557,-73.870514,0,0,Aggressive Driving/Road Rage,4487233,14.6,9.9,0.0,0.0,0.0,0.0,3,22.4,38.5,222,Overcast,0,0,
3762,2021-12-16 09:14:00,40.680485,-73.774704,0,0,Unspecified,4486975,14.6,9.9,0.0,0.0,0.0,0.0,3,22.4,38.5,222,Overcast,0,0,
3763,2021-12-17 19:20:00,40.603874,-73.99544,0,0,Failure to Yield Right-of-Way,4487547,13.9,6.1,0.0,0.0,0.0,0.0,3,21.5,37.1,265,Overcast,0,0,
3764,2021-12-15 17:34:00,40.631157,-74.14692,0,0,Failure to Yield Right-of-Way,4486930,10.3,1.8,1.0,1.0,0.0,6.0,51,20.6,38.2,104,Drizzle: Light,0,0,
3765,2021-12-17 08:23:00,40.615772,-73.98308,0,0,Passing Too Closely,4487572,13.9,6.1,0.0,0.0,0.0,0.0,3,21.5,37.1,265,Overcast,0,0,
3766,2021-12-13 02:56:00,40.812073,-73.93604,2,0,Unspecified,4487913,10.2,1.9,0.0,0.0,0.0,0.0,3,19.6,35.3,242,Overcast,2,2,
3767,2021-12-17 16:30:00,40.706757,-73.94141,0,0,Oversized Vehicle,4487297,13.9,6.1,0.0,0.0,0.0,0.0,3,21.5,37.1,265,Overcast,0,0,
3768,2021-12-16 12:40:00,40.747772,-73.985054,0,0,Failure to Yield Right-of-Way,4487392,14.6,9.9,0.0,0.0,0.0,0.0,3,22.4,38.5,222,Overcast,0,0,
3769,2021-12-16 00:35:00,40.75355,-73.98505,0,0,Unspecified,4486877,14.6,9.9,0.0,0.0,0.0,0.0,3,22.4,38.5,222,Overcast,0,0,
3770,2021-12-16 09:58:00,40.810307,-73.951515,0,0,Turning Improperly,4487205,14.6,9.9,0.0,0.0,0.0,0.0,3,22.4,38.5,222,Overcast,0,0,
3771,2021-12-17 18:55:00,40.712635,-73.83462,0,0,Driver Inattention/Distraction,4487355,13.9,6.1,0.0,0.0,0.0,0.0,3,21.5,37.1,265,Overcast,0,0,
3772,2021-12-17 00:45:00,40.716362,-73.743904,0,0,Following Too Closely,4487119,13.9,6.1,0.0,0.0,0.0,0.0,3,21.5,37.1,265,Overcast,0,0,
3773,2021-12-16 04:00:00,40.74344,-73.87675,0,0,Driver Inattention/Distraction,4486898,14.6,9.9,0.0,0.0,0.0,0.0,3,22.4,38.5,222,Overcast,0,0,
3774,2021-12-15 07:00:00,40.67677,-73.88949,1,0,Failure to Yield Right-of-Way,4487079,10.3,1.8,1.0,1.0,0.0,6.0,51,20.6,38.2,104,Drizzle: Light,1,1,
3775,2021-11-19 08:18:00,40.875492,-73.86052,0,0,Driver Inattention/Distraction,4487216,9.6,3.6,3.3,3.3,0.0,3.0,61,28.3,52.2,296,Rain: Light,0,0,
3776,2021-12-15 16:01:00,40.6922,-73.79173,0,0,Unsafe Lane Changing,4486827,10.3,1.8,1.0,1.0,0.0,6.0,51,20.6,38.2,104,Drizzle: Light,0,0,
3777,2021-12-16 15:51:00,40.608833,-74.12118,1,0,Driver Inattention/Distraction,4487476,14.6,9.9,0.0,0.0,0.0,0.0,3,22.4,38.5,222,Overcast,1,1,
3778,2021-12-17 18:28:00,40.88288,-73.8632,0,0,Failure to Yield Right-of-Way,4487812,13.9,6.1,0.0,0.0,0.0,0.0,3,21.5,37.1,265,Overcast,0,0,
3779,2021-12-16 00:32:00,40.798023,-73.9342,0,0,Driver Inexperience,4487020,14.6,9.9,0.0,0.0,0.0,0.0,3,22.4,38.5,222,Overcast,0,0,
3780,2021-12-17 20:15:00,40.82821,-73.83556,0,0,Unsafe Lane Changing,4487451,13.9,6.1,0.0,0.0,0.0,0.0,3,21.5,37.1,265,Overcast,0,0,
3781,2021-12-17 09:50:00,40.634827,-73.98426,0,0,Unspecified,4487667,13.9,6.1,0.0,0.0,0.0,0.0,3,21.5,37.1,265,Overcast,0,0,
3782,2021-12-17 19:35:00,40.69603,-73.943535,1,0,Driver Inattention/Distraction,4487701,13.9,6.1,0.0,0.0,0.0,0.0,3,21.5,37.1,265,Overcast,1,1,
3783,2021-12-17 10:30:00,40.888954,-73.898544,0,0,Driver Inattention/Distraction,4487360,13.9,6.1,0.0,0.0,0.0,0.0,3,21.5,37.1,265,Overcast,0,0,
3784,2021-12-15 16:50:00,40.67765,-73.949776,0,0,Following Too Closely,4487620,10.3,1.8,1.0,1.0,0.0,6.0,51,20.6,38.2,104,Drizzle: Light,0,0,
3785,2021-12-15 20:15:00,40.641212,-73.96444,1,0,Failure to Yield Right-of-Way,4487614,10.3,1.8,1.0,1.0,0.0,6.0,51,20.6,38.2,104,Drizzle: Light,1,1,
3786,2021-12-17 10:55:00,40.591927,-74.13646,0,0,Driver Inattention/Distraction,4487380,13.9,6.1,0.0,0.0,0.0,0.0,3,21.5,37.1,265,Overcast,0,0,
3787,2021-12-14 22:24:00,40.639305,-73.95898,1,0,Driver Inattention/Distraction,4487543,10.4,3.1,0.0,0.0,0.0,0.0,3,18.5,31.3,322,Overcast,1,1,
3788,2021-12-16 17:00:00,40.67187,-73.95464,1,0,Outside Car Distraction,4487683,14.6,9.9,0.0,0.0,0.0,0.0,3,22.4,38.5,222,Overcast,1,1,
3789,2021-12-15 17:00:00,40.84882,-73.85467,1,0,Other Vehicular,4487055,10.3,1.8,1.0,1.0,0.0,6.0,51,20.6,38.2,104,Drizzle: Light,1,1,
3790,2021-12-12 07:30:00,40.67357,-73.95294,0,0,Driver Inattention/Distraction,4487731,13.0,3.4,0.5,0.5,0.0,1.0,53,32.4,62.6,284,Drizzle: Moderate,0,0,
3791,2021-12-15 08:50:00,40.7242,-73.93765,1,0,Driver Inattention/Distraction,4486851,10.3,1.8,1.0,1.0,0.0,6.0,51,20.6,38.2,104,Drizzle: Light,1,1,
3792,2021-12-16 11:50:00,40.675434,-73.97797,1,0,Failure to Yield Right-of-Way,4487588,14.6,9.9,0.0,0.0,0.0,0.0,3,22.4,38.5,222,Overcast,1,1,
3793,2021-12-13 14:33:00,40.820984,-73.93959,0,0,Passing Too Closely,4487270,10.2,1.9,0.0,0.0,0.0,0.0,3,19.6,35.3,242,Overcast,0,0,
3794,2021-12-14 11:45:00,40.72071,-73.99582,1,0,Driver Inexperience,4487630,10.4,3.1,0.0,0.0,0.0,0.0,3,18.5,31.3,322,Overcast,1,1,
3795,2021-12-16 20:50:00,40.708427,-73.905525,2,0,Failure to Yield Right-of-Way,4487723,14.6,9.9,0.0,0.0,0.0,0.0,3,22.4,38.5,222,Overcast,2,2,
3796,2021-12-11 14:25:00,40.86369,-73.91707,1,0,Driver Inattention/Distraction,4487641,17.3,5.0,8.1,8.1,0.0,5.0,63,35.0,67.0,206,Rain: Moderate,1,1,
3797,2021-12-15 16:30:00,40.84271,-73.851166,0,0,Unspecified,4486981,10.3,1.8,1.0,1.0,0.0,6.0,51,20.6,38.2,104,Drizzle: Light,0,0,
3798,2021-12-14 02:15:00,40.58516,-73.9874,0,0,Driver Inattention/Distraction,4487748,10.4,3.1,0.0,0.0,0.0,0.0,3,18.5,31.3,322,Overcast,0,0,
3799,2021-12-15 03:00:00,40.73374,-74.0063,0,0,Driver Inattention/Distraction,4486669,10.3,1.8,1.0,1.0,0.0,6.0,51,20.6,38.2,104,Drizzle: Light,0,0,
3800,2021-12-15 18:07:00,40.855244,-73.868675,0,0,Passing Too Closely,4486909,10.3,1.8,1.0,1.0,0.0,6.0,51,20.6,38.2,104,Drizzle: Light,0,0,
3801,2021-12-17 19:43:00,40.634354,-73.910675,0,0,Unspecified,4487511,13.9,6.1,0.0,0.0,0.0,0.0,3,21.5,37.1,265,Overcast,0,0,
3802,2021-12-15 16:05:00,40.798817,-73.96394,0,0,Backing Unsafely,4486759,10.3,1.8,1.0,1.0,0.0,6.0,51,20.6,38.2,104,Drizzle: Light,0,0,
3803,2021-12-17 00:00:00,40.69819,-73.96191,0,0,Driver Inattention/Distraction,4487900,13.9,6.1,0.0,0.0,0.0,0.0,3,21.5,37.1,265,Overcast,0,0,
3804,2021-12-17 06:40:00,40.77656,-73.95271,1,0,Unspecified,4487248,13.9,6.1,0.0,0.0,0.0,0.0,3,21.5,37.1,265,Overcast,1,1,
3805,2021-12-17 12:12:00,40.754745,-73.99365,0,0,Passing or Lane Usage Improper,4487397,13.9,6.1,0.0,0.0,0.0,0.0,3,21.5,37.1,265,Overcast,0,0,
3806,2021-12-16 21:50:00,40.744576,-73.996765,1,0,Traffic Control Disregarded,4487563,14.6,9.9,0.0,0.0,0.0,0.0,3,22.4,38.5,222,Overcast,1,1,
3807,2021-12-15 23:25:00,40.707684,-73.72798,0,0,Unspecified,4486821,10.3,1.8,1.0,1.0,0.0,6.0,51,20.6,38.2,104,Drizzle: Light,0,0,
3808,2021-12-15 16:40:00,40.758533,-73.98885,1,0,Driver Inattention/Distraction,4486906,10.3,1.8,1.0,1.0,0.0,6.0,51,20.6,38.2,104,Drizzle: Light,1,1,
3809,2021-12-15 17:30:00,40.877174,-73.86457,0,0,Driver Inattention/Distraction,4487220,10.3,1.8,1.0,1.0,0.0,6.0,51,20.6,38.2,104,Drizzle: Light,0,0,
3810,2021-12-16 16:57:00,40.692345,-73.88179,2,0,Unsafe Lane Changing,4487099,14.6,9.9,0.0,0.0,0.0,0.0,3,22.4,38.5,222,Overcast,2,2,
3811,2021-12-15 06:00:00,40.73274,-73.86836,0,0,Driver Inattention/Distraction,4486865,10.3,1.8,1.0,1.0,0.0,6.0,51,20.6,38.2,104,Drizzle: Light,0,0,
3812,2022-07-09 13:27:00,40.671604,-73.72807,1,0,Failure to Yield Right-of-Way,4546058,30.0,20.5,0.0,0.0,0.0,0.0,3,20.7,43.9,63,Overcast,1,1,
3813,2021-12-13 20:18:00,40.639908,-73.994354,1,0,Unspecified,4487941,10.2,1.9,0.0,0.0,0.0,0.0,3,19.6,35.3,242,Overcast,1,1,
3814,2021-12-15 02:25:00,40.674557,-73.859604,1,0,Unsafe Speed,4486559,10.3,1.8,1.0,1.0,0.0,6.0,51,20.6,38.2,104,Drizzle: Light,1,1,
3815,2021-12-16 18:00:00,40.67484,-73.82344,2,0,Unsafe Speed,4487131,14.6,9.9,0.0,0.0,0.0,0.0,3,22.4,38.5,222,Overcast,2,2,
3816,2021-12-17 01:50:00,40.653564,-73.934494,0,0,Aggressive Driving/Road Rage,4487601,13.9,6.1,0.0,0.0,0.0,0.0,3,21.5,37.1,265,Overcast,0,0,
3817,2021-12-14 08:05:00,40.628414,-73.94139,0,0,Passing Too Closely,4487237,10.4,3.1,0.0,0.0,0.0,0.0,3,18.5,31.3,322,Overcast,0,0,
3818,2021-12-16 18:11:00,40.85713,-73.8808,1,0,Other Vehicular,4487967,14.6,9.9,0.0,0.0,0.0,0.0,3,22.4,38.5,222,Overcast,1,1,
3819,2021-12-15 07:59:00,40.822235,-73.88746,0,0,Unspecified,4487043,10.3,1.8,1.0,1.0,0.0,6.0,51,20.6,38.2,104,Drizzle: Light,0,0,