,CRASH DATETIME,LATITUDE,LONGITUDE,NUMBER OF PERSONS INJURED,NUMBER OF PERSONS KILLED,CONTRIBUTING FACTOR VEHICLE 1,COLLISION_ID,temperature_2m_max,temperature_2m_min,precipitation_sum,rain_sum,snowfall_sum,precipitation_hours,weather_code,wind_speed_10m_max,wind_gusts_10m_max,wind_direction_10m_dominant,Weather Description,Severity_Score,Total_Affected_Persons,Weather_Category
3820,2021-12-16 08:00:00,40.84095,-73.939476,2,0,Unspecified,4487403,14.6,9.9,0.0,0.0,0.0,0.0,3,22.4,38.5,222,Overcast,2,2,
3821,2021-12-14 17:49:00,40.675682,-73.86607,0,0,Passing or Lane Usage Improper,4487188,10.4,3.1,0.0,0.0,0.0,0.0,3,18.5,31.3,322,Overcast,0,0,
3822,2021-12-12 15:10:00,40.710976,-73.97962,0,0,Driver Inattention/Distraction,4487459,13.0,3.4,0.5,0.5,0.0,1.0,53,32.4,62.6,284,Drizzle: Moderate,0,0,
3823,2021-12-12 00:04:00,40.768833,-73.89063,0,0,Driver Inattention/Distraction,4487647,13.0,3.4,0.5,0.5,0.0,1.0,53,32.4,62.6,284,Drizzle: Moderate,0,0,
3824,2021-11-26 14:00:00,40.902428,-73.85125,0,0,Backing Unsafely,4487837,7.6,1.6,8.4,8.4,0.0,11.0,61,28.7,53.6,279,Rain: Light,0,0,
3825,2021-12-17 08:23:00,40.703075,-73.79064,0,0,Following Too Closely,4487275,13.9,6.1,0.0,0.0,0.0,0.0,3,21.5,37.1,265,Overcast,0,0,
3826,2021-12-17 15:30:00,40.62423,-73.93858,0,0,Failure to Yield Right-of-Way,4487483,13.9,6.1,0.0,0.0,0.0,0.0,3,21.5,37.1,265,Overcast,0,0,
3827,2021-12-14 14:35:00,40.709614,-73.805115,2,0,Unspecified,4487674,10.4,3.1,0.0,0.0,0.0,0.0,3,18.5,31.3,322,Overcast,2,2,
3828,2021-12-16 17:15:00,40.738586,-73.80839,0,0,Other Vehicular,4487442,14.6,9.9,0.0,0.0,0.0,0.0,3,22.4,38.5,222,Overcast,0,0,
3829,2021-12-11 16:20:00,40.67969,-73.77709,1,0,Unspecified,4487878,17.3,5.0,8.1,8.1,0.0,5.0,63,35.0,67.0,206,Rain: Moderate,1,1,
3830,2021-12-16 13:22:00,40.79793,-73.934,1,0,Pedestrian/Bicyclist/Other Pedestrian Error/Confusion,4487944,14.6,9.9,0.0,0.0,0.0,0.0,3,22.4,38.5,222,Overcast,1,1,
3831,2021-12-17 09:28:00,40.634964,-73.932076,1,0,Pedestrian/Bicyclist/Other Pedestrian Error/Confusion,4487539,13.9,6.1,0.0,0.0,0.0,0.0,3,21.5,37.1,265,Overcast,1,1,
3832,2021-12-16 21:50:00,40.75719,-73.89041,2,0,Driver Inattention/Distraction,4487657,14.6,9.9,0.0,0.0,0.0,0.0,3,22.4,38.5,222,Overcast,2,2,
3833,2021-12-14 14:51:00,40.581516,-73.96734,1,0,Driver Inattention/Distraction,4487745,10.4,3.1,0.0,0.0,0.0,0.0,3,18.5,31.3,322,Overcast,1,1,
3834,2021-11-26 15:18:00,40.73664,-73.86584,1,0,Driver Inexperience,4487175,7.6,1.6,8.4,8.4,0.0,11.0,61,28.7,53.6,279,Rain: Light,1,1,
3835,2021-12-17 12:44:00,40.872112,-73.88786,2,0,Failure to Yield Right-of-Way,4487289,13.9,6.1,0.0,0.0,0.0,0.0,3,21.5,37.1,265,Overcast,2,2,
3836,2021-12-14 14:09:00,40.871315,-73.860374,1,0,Unspecified,4487808,10.4,3.1,0.0,0.0,0.0,0.0,3,18.5,31.3,322,Overcast,1,1,
3837,2021-12-16 00:50:00,40.600136,-74.00271,0,0,Backing Unsafely,4487580,14.6,9.9,0.0,0.0,0.0,0.0,3,22.4,38.5,222,Overcast,0,0,
3838,2021-12-16 09:52:00,40.67762,-73.75055,0,0,Driver Inattention/Distraction,4487302,14.6,9.9,0.0,0.0,0.0,0.0,3,22.4,38.5,222,Overcast,0,0,
3839,2021-12-17 15:16:00,40.742874,-73.933945,1,0,Driver Inattention/Distraction,4487410,13.9,6.1,0.0,0.0,0.0,0.0,3,21.5,37.1,265,Overcast,1,1,
3840,2021-12-13 14:15:00,40.814934,-73.89765,2,0,Unspecified,4487307,10.2,1.9,0.0,0.0,0.0,0.0,3,19.6,35.3,242,Overcast,2,2,
3841,2021-12-15 13:50:00,40.8122,-73.94226,1,0,Other Vehicular,4488017,10.3,1.8,1.0,1.0,0.0,6.0,51,20.6,38.2,104,Drizzle: Light,1,1,
3842,2021-12-15 18:33:00,40.750732,-73.87035,0,0,Driver Inattention/Distraction,4486972,10.3,1.8,1.0,1.0,0.0,6.0,51,20.6,38.2,104,Drizzle: Light,0,0,
3843,2021-12-15 00:10:00,40.804375,-73.93742,1,0,Traffic Control Disregarded,4486740,10.3,1.8,1.0,1.0,0.0,6.0,51,20.6,38.2,104,Drizzle: Light,1,1,
3844,2021-12-15 12:00:00,40.697998,-73.84043,0,0,Passing Too Closely,4486744,10.3,1.8,1.0,1.0,0.0,6.0,51,20.6,38.2,104,Drizzle: Light,0,0,
3845,2021-12-15 13:40:00,40.729065,-73.984215,0,0,Unspecified,4486947,10.3,1.8,1.0,1.0,0.0,6.0,51,20.6,38.2,104,Drizzle: Light,0,0,
3846,2021-12-16 13:47:00,40.66708,-73.81033,1,0,Unsafe Speed,4487129,14.6,9.9,0.0,0.0,0.0,0.0,3,22.4,38.5,222,Overcast,1,1,
3847,2021-12-15 15:23:00,40.74504,-73.936195,0,0,Driver Inattention/Distraction,4486768,10.3,1.8,1.0,1.0,0.0,6.0,51,20.6,38.2,104,Drizzle: Light,0,0,
3848,2021-12-15 08:05:00,40.759407,-73.85713,0,0,Driver Inattention/Distraction,4486964,10.3,1.8,1.0,1.0,0.0,6.0,51,20.6,38.2,104,Drizzle: Light,0,0,
3849,2021-12-13 18:00:00,40.88093,-73.83335,0,0,Driver Inattention/Distraction,4487800,10.2,1.9,0.0,0.0,0.0,0.0,3,19.6,35.3,242,Overcast,0,0,
3850,2021-12-16 11:37:00,40.776997,-73.8148,2,0,Traffic Control Disregarded,4487147,14.6,9.9,0.0,0.0,0.0,0.0,3,22.4,38.5,222,Overcast,2,2,
3851,2021-12-15 14:10:00,40.688835,-73.97694,0,0,Unspecified,4486800,10.3,1.8,1.0,1.0,0.0,6.0,51,20.6,38.2,104,Drizzle: Light,0,0,
3852,2021-12-14 22:30:00,40.63201,-73.90561,2,0,Following Too Closely,4487519,10.4,3.1,0.0,0.0,0.0,0.0,3,18.5,31.3,322,Overcast,2,2,
3853,2021-12-16 02:20:00,40.642826,-73.955505,2,0,Traffic Control Disregarded,4486996,14.6,9.9,0.0,0.0,0.0,0.0,3,22.4,38.5,222,Overcast,2,2,
3854,2021-12-17 14:17:00,40.74152,-73.98174,0,0,Driver Inattention/Distraction,4487704,13.9,6.1,0.0,0.0,0.0,0.0,3,21.5,37.1,265,Overcast,0,0,
3855,2021-12-16 06:36:00,40.74499,-73.871544,0,0,Driver Inattention/Distraction,4487173,14.6,9.9,0.0,0.0,0.0,0.0,3,22.4,38.5,222,Overcast,0,0,
3856,2021-12-15 08:30:00,40.875225,-73.873535,0,0,Unspecified,4486686,10.3,1.8,1.0,1.0,0.0,6.0,51,20.6,38.2,104,Drizzle: Light,0,0,
3857,2021-11-21 01:50:00,40.6965,-73.9285,0,0,Alcohol Involvement,4487322,11.8,5.0,0.8,0.8,0.0,3.0,53,19.7,33.8,203,Drizzle: Moderate,0,0,
3858,2021-12-15 06:25:00,40.64472,-73.94121,1,0,Unspecified,4486949,10.3,1.8,1.0,1.0,0.0,6.0,51,20.6,38.2,104,Drizzle: Light,1,1,
3859,2023-01-13 15:15:00,40.600555,-73.94064,0,0,Backing Unsafely,4599086,12.6,3.1,2.2,2.2,0.0,12.0,53,26.2,47.2,243,Drizzle: Moderate,0,0,
3860,2021-12-06 20:40:00,40.687782,-73.91907,1,0,Pedestrian/Bicyclist/Other Pedestrian Error/Confusion,4487778,16.3,7.7,6.3,6.3,0.0,10.0,61,35.1,65.5,201,Rain: Light,1,1,
3861,2021-12-17 09:30:00,40.793888,-73.94301,0,0,Failure to Yield Right-of-Way,4487556,13.9,6.1,0.0,0.0,0.0,0.0,3,21.5,37.1,265,Overcast,0,0,
3862,2021-12-16 11:38:00,40.60874,-73.74764,0,0,Backing Unsafely,4488004,14.6,9.9,0.0,0.0,0.0,0.0,3,22.4,38.5,222,Overcast,0,0,
3863,2021-12-14 20:20:00,40.70636,-73.792534,0,0,Traffic Control Disregarded,4487492,10.4,3.1,0.0,0.0,0.0,0.0,3,18.5,31.3,322,Overcast,0,0,
3864,2021-12-15 16:45:00,40.546955,-74.18129,0,0,Unspecified,4486988,10.3,1.8,1.0,1.0,0.0,6.0,51,20.6,38.2,104,Drizzle: Light,0,0,
3865,2021-12-17 13:15:00,40.729446,-74.00518,1,0,Passing or Lane Usage Improper,4487300,13.9,6.1,0.0,0.0,0.0,0.0,3,21.5,37.1,265,Overcast,1,1,
3866,2021-12-17 08:59:00,40.73555,-73.979355,1,0,Driver Inattention/Distraction,4487714,13.9,6.1,0.0,0.0,0.0,0.0,3,21.5,37.1,265,Overcast,1,1,
3867,2021-12-16 12:00:00,40.763687,-73.81444,1,0,Failure to Yield Right-of-Way,4487279,14.6,9.9,0.0,0.0,0.0,0.0,3,22.4,38.5,222,Overcast,1,1,
3868,2021-12-13 12:00:00,40.67873,-73.932976,0,0,Driver Inattention/Distraction,4487777,10.2,1.9,0.0,0.0,0.0,0.0,3,19.6,35.3,242,Overcast,0,0,
3869,2021-12-15 10:10:00,40.826275,-73.85971,0,0,Passing or Lane Usage Improper,4486707,10.3,1.8,1.0,1.0,0.0,6.0,51,20.6,38.2,104,Drizzle: Light,0,0,
3870,2021-12-15 12:08:00,40.653854,-74.00817,2,0,Other Vehicular,4486767,10.3,1.8,1.0,1.0,0.0,6.0,51,20.6,38.2,104,Drizzle: Light,2,2,
3871,2021-12-17 17:01:00,40.685856,-73.79548,1,0,Failure to Yield Right-of-Way,4487865,13.9,6.1,0.0,0.0,0.0,0.0,3,21.5,37.1,265,Overcast,1,1,
3872,2021-12-16 17:00:00,40.882046,-73.83677,0,0,Unspecified,4487797,14.6,9.9,0.0,0.0,0.0,0.0,3,22.4,38.5,222,Overcast,0,0,
3873,2021-12-14 14:00:00,40.661015,-73.90853,0,0,Driver Inattention/Distraction,4487527,10.4,3.1,0.0,0.0,0.0,0.0,3,18.5,31.3,322,Overcast,0,0,
3874,2021-12-11 20:00:00,40.6709,-73.95319,0,0,Backing Unsafely,4487737,17.3,5.0,8.1,8.1,0.0,5.0,63,35.0,67.0,206,Rain: Moderate,0,0,
3875,2021-12-17 12:45:00,40.673027,-73.90576,0,0,Driver Inattention/Distraction,4487529,13.9,6.1,0.0,0.0,0.0,0.0,3,21.5,37.1,265,Overcast,0,0,
3876,2021-12-15 09:44:00,40.742523,-73.94924,0,0,Turning Improperly,4487167,10.3,1.8,1.0,1.0,0.0,6.0,51,20.6,38.2,104,Drizzle: Light,0,0,
3877,2021-12-15 17:37:00,40.75855,-73.82964,1,0,Unspecified,4486793,10.3,1.8,1.0,1.0,0.0,6.0,51,20.6,38.2,104,Drizzle: Light,1,1,
3878,2021-12-15 07:00:00,40.747334,-73.73681,0,0,Driver Inattention/Distraction,4486887,10.3,1.8,1.0,1.0,0.0,6.0,51,20.6,38.2,104,Drizzle: Light,0,0,
3879,2021-12-16 10:24:00,40.84685,-73.91295,0,0,Backing Unsafely,4487150,14.6,9.9,0.0,0.0,0.0,0.0,3,22.4,38.5,222,Overcast,0,0,
3880,2021-12-16 12:10:00,40.709682,-73.89891,2,0,Turning Improperly,4487041,14.6,9.9,0.0,0.0,0.0,0.0,3,22.4,38.5,222,Overcast,2,2,
3881,2021-12-13 10:21:00,40.668682,-73.75973,0,0,Passing Too Closely,4487464,10.2,1.9,0.0,0.0,0.0,0.0,3,19.6,35.3,242,Overcast,0,0,
3882,2021-12-15 13:08:00,40.6686,-73.73676,1,0,Failure to Yield Right-of-Way,4486724,10.3,1.8,1.0,1.0,0.0,6.0,51,20.6,38.2,104,Drizzle: Light,1,1,
3883,2021-12-14 18:20:00,40.681118,-73.96443,0,0,Driver Inattention/Distraction,4487619,10.4,3.1,0.0,0.0,0.0,0.0,3,18.5,31.3,322,Overcast,0,0,
3884,2021-12-15 08:30:00,40.663036,-73.78103,0,0,Backing Unsafely,4486819,10.3,1.8,1.0,1.0,0.0,6.0,51,20.6,38.2,104,Drizzle: Light,0,0,
3885,2021-12-17 13:25:00,40.715996,-74.0071,1,0,Following Too Closely,4487268,13.9,6.1,0.0,0.0,0.0,0.0,3,21.5,37.1,265,Overcast,1,1,
3886,2021-12-11 23:15:00,40.706062,-73.91626,0,0,Alcohol Involvement,4487323,17.3,5.0,8.1,8.1,0.0,5.0,63,35.0,67.0,206,Rain: Moderate,0,0,
3887,2021-12-17 05:20:00,40.824417,-73.87357,0,0,Driver Inattention/Distraction,4487259,13.9,6.1,0.0,0.0,0.0,0.0,3,21.5,37.1,265,Overcast,0,0,
3888,2021-12-15 15:37:00,40.65616,-73.76736,0,0,Unspecified,4486781,10.3,1.8,1.0,1.0,0.0,6.0,51,20.6,38.2,104,Drizzle: Light,0,0,
3889,2021-12-16 00:19:00,40.641727,-73.907646,1,0,Driver Inattention/Distraction,4487518,14.6,9.9,0.0,0.0,0.0,0.0,3,22.4,38.5,222,Overcast,1,1,
3890,2021-12-14 10:10:00,40.67223,-73.88928,0,0,Passing or Lane Usage Improper,4487190,10.4,3.1,0.0,0.0,0.0,0.0,3,18.5,31.3,322,Overcast,0,0,
3891,2021-12-16 17:10:00,40.726185,-73.98943,1,0,Driver Inattention/Distraction,4487573,14.6,9.9,0.0,0.0,0.0,0.0,3,22.4,38.5,222,Overcast,1,1,
3892,2021-12-16 22:30:00,40.77334,-73.94902,1,0,,4487923,14.6,9.9,0.0,0.0,0.0,0.0,3,22.4,38.5,222,Overcast,1,1,
3893,2021-12-16 08:04:00,40.621563,-73.939125,3,0,Driver Inexperience,4486938,14.6,9.9,0.0,0.0,0.0,0.0,3,22.4,38.5,222,Overcast,3,3,
3894,2021-12-17 18:21:00,40.764435,-73.72269,0,0,Driver Inattention/Distraction,4487391,13.9,6.1,0.0,0.0,0.0,0.0,3,21.5,37.1,265,Overcast,0,0,
3895,2021-12-15 15:00:00,40.63057,-73.92712,2,0,Unsafe Speed,4486773,10.3,1.8,1.0,1.0,0.0,6.0,51,20.6,38.2,104,Drizzle: Light,2,2,
3896,2021-12-14 11:55:00,40.890648,-73.84875,0,0,Failure to Yield Right-of-Way,4487212,10.4,3.1,0.0,0.0,0.0,0.0,3,18.5,31.3,322,Overcast,0,0,
3897,2021-12-16 19:17:00,40.799633,-73.9617,0,0,Passing Too Closely,4487096,14.6,9.9,0.0,0.0,0.0,0.0,3,22.4,38.5,222,Overcast,0,0,
3898,2021-12-05 18:30:00,40.827824,-73.91934,0,0,Driver Inattention/Distraction,4487966,7.6,0.0,0.0,0.0,0.0,0.0,3,15.1,27.0,303,Overcast,0,0,
3899,2021-12-16 09:34:00,40.650387,-73.95872,2,0,Unspecified,4487000,14.6,9.9,0.0,0.0,0.0,0.0,3,22.4,38.5,222,Overcast,2,2,
3900,2021-12-17 10:58:00,40.713924,-73.92256,1,0,Turning Improperly,4487729,13.9,6.1,0.0,0.0,0.0,0.0,3,21.5,37.1,265,Overcast,1,1,
3901,2021-12-14 18:00:00,40.82422,-73.9409,0,0,Passing Too Closely,4487227,10.4,3.1,0.0,0.0,0.0,0.0,3,18.5,31.3,322,Overcast,0,0,
3902,2021-12-16 08:31:00,40.715153,-73.94535,0,0,Passing Too Closely,4486962,14.6,9.9,0.0,0.0,0.0,0.0,3,22.4,38.5,222,Overcast,0,0,
3903,2021-12-12 10:00:00,40.71635,-73.80795,0,0,Turning Improperly,4487672,13.0,3.4,0.5,0.5,0.0,1.0,53,32.4,62.6,284,Drizzle: Moderate,0,0,
3904,2021-12-15 06:22:00,40.83027,-73.94393,1,0,Pedestrian/Bicyclist/Other Pedestrian Error/Confusion,4487836,10.3,1.8,1.0,1.0,0.0,6.0,51,20.6,38.2,104,Drizzle: Light,1,1,
3905,2021-12-16 20:48:00,40.74551,-74.00204,1,0,Failure to Yield Right-of-Way,4487562,14.6,9.9,0.0,0.0,0.0,0.0,3,22.4,38.5,222,Overcast,1,1,
3906,2021-12-16 08:40:00,40.73239,-73.81098,0,0,Driver Inattention/Distraction,4487008,14.6,9.9,0.0,0.0,0.0,0.0,3,22.4,38.5,222,Overcast,0,0,
3907,2021-12-16 18:07:00,40.86315,-73.90907,0,0,Following Too Closely,4487283,14.6,9.9,0.0,0.0,0.0,0.0,3,22.4,38.5,222,Overcast,0,0,
3908,2021-12-15 20:21:00,40.72132,-73.99799,0,0,Passing Too Closely,4486980,10.3,1.8,1.0,1.0,0.0,6.0,51,20.6,38.2,104,Drizzle: Light,0,0,
3909,2021-12-15 19:00:00,40.75133,-73.99142,0,0,Driver Inattention/Distraction,4486882,10.3,1.8,1.0,1.0,0.0,6.0,51,20.6,38.2,104,Drizzle: Light,0,0,
3910,2021-12-17 17:00:00,40.744812,-73.74929,0,0,Unspecified,4487690,13.9,6.1,0.0,0.0,0.0,0.0,3,21.5,37.1,265,Overcast,0,0,
3911,2021-12-16 07:32:00,40.613052,-73.94913,1,0,Fatigued/Drowsy,4487063,14.6,9.9,0.0,0.0,0.0,0.0,3,22.4,38.5,222,Overcast,1,1,
3912,2021-12-17 21:20:00,40.70386,-73.93838,0,0,Driver Inexperience,4487915,13.9,6.1,0.0,0.0,0.0,0.0,3,21.5,37.1,265,Overcast,0,0,
3913,2021-12-15 16:11:00,40.78202,-73.97173,0,0,Passenger Distraction,4487296,10.3,1.8,1.0,1.0,0.0,6.0,51,20.6,38.2,104,Drizzle: Light,0,0,
3914,2021-12-15 19:25:00,40.701126,-73.954796,0,0,Failure to Yield Right-of-Way,4486834,10.3,1.8,1.0,1.0,0.0,6.0,51,20.6,38.2,104,Drizzle: Light,0,0,
3915,2021-12-14 17:20:00,40.728294,-73.75037,0,0,Driver Inattention/Distraction,4487254,10.4,3.1,0.0,0.0,0.0,0.0,3,18.5,31.3,322,Overcast,0,0,
3916,2021-12-16 12:30:00,40.86713,-73.883835,1,0,Unspecified,4487085,14.6,9.9,0.0,0.0,0.0,0.0,3,22.4,38.5,222,Overcast,1,1,
3917,2021-11-25 17:45:00,40.657177,-73.94912,0,0,Alcohol Involvement,4487239,11.7,1.2,0.0,0.0,0.0,0.0,3,12.0,22.0,241,Overcast,0,0,
3918,2021-12-17 19:22:00,40.734375,-73.87342,2,0,Driver Inattention/Distraction,4487332,13.9,6.1,0.0,0.0,0.0,0.0,3,21.5,37.1,265,Overcast,2,2,
3919,2021-12-15 23:43:00,40.76213,-73.7295,1,0,Unspecified,4486824,10.3,1.8,1.0,1.0,0.0,6.0,51,20.6,38.2,104,Drizzle: Light,1,1,
3920,2021-12-17 17:10:00,40.635136,-73.91388,0,0,Unspecified,4487505,13.9,6.1,0.0,0.0,0.0,0.0,3,21.5,37.1,265,Overcast,0,0,
3921,2021-12-15 06:00:00,40.826622,-73.930984,1,0,Following Too Closely,4486614,10.3,1.8,1.0,1.0,0.0,6.0,51,20.6,38.2,104,Drizzle: Light,1,1,
3922,2021-12-16 21:00:00,40.680424,-73.73401,0,0,Unspecified,4487107,14.6,9.9,0.0,0.0,0.0,0.0,3,22.4,38.5,222,Overcast,0,0,
3923,2021-12-16 06:40:00,40.58313,-73.9654,0,0,Driver Inattention/Distraction,4487789,14.6,9.9,0.0,0.0,0.0,0.0,3,22.4,38.5,222,Overcast,0,0,
3924,2021-12-16 23:00:00,40.65658,-73.88586,0,0,Driver Inattention/Distraction,4487195,14.6,9.9,0.0,0.0,0.0,0.0,3,22.4,38.5,222,Overcast,0,0,
3925,2021-12-16 18:20:00,40.84105,-73.94469,0,0,Failure to Yield Right-of-Way,4487404,14.6,9.9,0.0,0.0,0.0,0.0,3,22.4,38.5,222,Overcast,0,0,
3926,2021-12-15 08:45:00,40.69985,-73.991035,2,0,Following Too Closely,4486754,10.3,1.8,1.0,1.0,0.0,6.0,51,20.6,38.2,104,Drizzle: Light,2,2,
3927,2021-12-15 16:45:00,40.654133,-73.91234,0,0,Unspecified,4487633,10.3,1.8,1.0,1.0,0.0,6.0,51,20.6,38.2,104,Drizzle: Light,0,0,
3928,2021-12-15 20:50:00,40.6335,-73.99565,0,0,Unspecified,4486854,10.3,1.8,1.0,1.0,0.0,6.0,51,20.6,38.2,104,Drizzle: Light,0,0,
3929,2021-12-16 13:23:00,40.616005,-73.97326,0,0,Unspecified,4487578,14.6,9.9,0.0,0.0,0.0,0.0,3,22.4,38.5,222,Overcast,0,0,
3930,2021-12-14 06:45:00,40.72013,-73.79038,0,0,Driver Inexperience,4487180,10.4,3.1,0.0,0.0,0.0,0.0,3,18.5,31.3,322,Overcast,0,0,
3931,2021-04-23 17:13:00,40.790554,-73.82255,0,0,Unspecified,4410006,15.5,2.0,0.0,0.0,0.0,0.0,3,28.7,57.2,273,Overcast,0,0,
3932,2021-12-16 12:53:00,40.81376,-73.913826,0,0,Backing Unsafely,4487137,14.6,9.9,0.0,0.0,0.0,0.0,3,22.4,38.5,222,Overcast,0,0,
3933,2021-12-16 10:55:00,40.751637,-73.90985,0,0,Unspecified,4487047,14.6,9.9,0.0,0.0,0.0,0.0,3,22.4,38.5,222,Overcast,0,0,
3934,2021-12-17 01:00:00,40.647243,-73.96048,1,0,,4487554,13.9,6.1,0.0,0.0,0.0,0.0,3,21.5,37.1,265,Overcast,1,1,
3935,2021-12-17 11:30:00,40.691048,-73.986336,1,0,Pedestrian/Bicyclist/Other Pedestrian Error/Confusion,4487363,13.9,6.1,0.0,0.0,0.0,0.0,3,21.5,37.1,265,Overcast,1,1,
3936,2021-12-14 07:14:00,40.812813,-73.94181,0,0,Failure to Yield Right-of-Way,4487987,10.4,3.1,0.0,0.0,0.0,0.0,3,18.5,31.3,322,Overcast,0,0,
3937,2023-01-14 16:05:00,40.748444,-73.938736,0,0,Other Vehicular,4597691,2.8,-0.9,0.0,0.0,0.0,0.0,3,25.6,45.7,351,Overcast,0,0,
3938,2021-12-17 18:40:00,40.600243,-73.96454,0,0,Turning Improperly,4487386,13.9,6.1,0.0,0.0,0.0,0.0,3,21.5,37.1,265,Overcast,0,0,
3939,2021-12-10 20:05:00,40.681767,-73.96754,1,0,Failure to Yield Right-of-Way,4487599,8.5,1.6,0.0,0.0,0.0,0.0,3,9.8,20.5,183,Overcast,1,1,
3940,2021-12-13 03:30:00,40.588966,-73.81145,1,0,Fell Asleep,4487821,10.2,1.9,0.0,0.0,0.0,0.0,3,19.6,35.3,242,Overcast,1,1,
3941,2021-12-16 00:15:00,40.84955,-73.85305,0,2,Unsafe Speed,4487222,14.6,9.9,0.0,0.0,0.0,0.0,3,22.4,38.5,222,Overcast,40,2,
3942,2021-12-14 12:08:00,40.63075,-73.90419,0,0,Unspecified,4487244,10.4,3.1,0.0,0.0,0.0,0.0,3,18.5,31.3,322,Overcast,0,0,
3943,2021-12-11 21:15:00,40.59702,-74.09339,1,0,Failure to Yield Right-of-Way,4487472,17.3,5.0,8.1,8.1,0.0,5.0,63,35.0,67.0,206,Rain: Moderate,1,1,
3944,2021-12-16 18:30:00,40.750507,-73.80302,1,0,Passing or Lane Usage Improper,4487448,14.6,9.9,0.0,0.0,0.0,0.0,3,22.4,38.5,222,Overcast,1,1,
3945,2021-12-17 17:58:00,40.84036,-73.91807,0,0,Passing or Lane Usage Improper,4488001,13.9,6.1,0.0,0.0,0.0,0.0,3,21.5,37.1,265,Overcast,0,0,
3946,2021-12-15 16:25:00,40.843853,-73.889465,1,0,Unspecified,4486861,10.3,1.8,1.0,1.0,0.0,6.0,51,20.6,38.2,104,Drizzle: Light,1,1,
3947,2021-12-17 22:50:00,40.604736,-74.01023,0,0,Obstruction/Debris,4487569,13.9,6.1,0.0,0.0,0.0,0.0,3,21.5,37.1,265,Overcast,0,0,
3948,2021-12-16 16:00:00,40.66937,-73.89523,1,0,Failure to Yield Right-of-Way,4487200,14.6,9.9,0.0,0.0,0.0,0.0,3,22.4,38.5,222,Overcast,1,1,
3949,2021-12-13 21:52:00,40.758976,-73.99394,1,0,Other Vehicular,4487549,10.2,1.9,0.0,0.0,0.0,0.0,3,19.6,35.3,242,Overcast,1,1,
3950,2021-12-16 04:03:00,40.765087,-73.83704,0,0,Passing Too Closely,4486924,14.6,9.9,0.0,0.0,0.0,0.0,3,22.4,38.5,222,Overcast,0,0,
3951,2021-12-15 17:16:00,40.82458,-73.89885,0,0,Unspecified,4487955,10.3,1.8,1.0,1.0,0.0,6.0,51,20.6,38.2,104,Drizzle: Light,0,0,
3952,2021-12-16 10:17:00,40.64439,-73.97158,0,0,Unspecified,4487057,14.6,9.9,0.0,0.0,0.0,0.0,3,22.4,38.5,222,Overcast,0,0,
3953,2021-12-05 03:02:00,40.694088,-73.93427,4,0,Driver Inattention/Distraction,4487758,7.6,0.0,0.0,0.0,0.0,0.0,3,15.1,27.0,303,Overcast,4,4,
3954,2021-12-02 08:10:00,40.68185,-73.98004,1,0,View Obstructed/Limited,4487586,13.2,5.4,3.4,3.4,0.0,10.0,55,28.0,46.8,215,Drizzle: Dense,1,1,
3955,2021-12-15 17:39:00,40.656544,-73.90546,1,0,Unspecified,4486845,10.3,1.8,1.0,1.0,0.0,6.0,51,20.6,38.2,104,Drizzle: Light,1,1,
3956,2021-12-13 13:10:00,40.702858,-73.85783,0,0,Driver Inexperience,4487722,10.2,1.9,0.0,0.0,0.0,0.0,3,19.6,35.3,242,Overcast,0,0,
3957,2021-12-16 10:00:00,40.70153,-73.92314,0,0,Unspecified,4487424,14.6,9.9,0.0,0.0,0.0,0.0,3,22.4,38.5,222,Overcast,0,0,
3958,2021-12-15 07:50:00,40.83784,-73.88533,1,0,Backing Unsafely,4486814,10.3,1.8,1.0,1.0,0.0,6.0,51,20.6,38.2,104,Drizzle: Light,1,1,
3959,2023-01-05 10:20:00,40.83801,-73.87329,0,0,Driver Inattention/Distraction,4598134,12.9,7.2,0.0,0.0,0.0,0.0,3,12.8,23.8,75,Overcast,0,0,
3960,2021-09-13 04:17:00,40.84869,-73.90329,1,0,Unspecified,4457045,28.8,21.8,1.1,1.1,0.0,2.0,53,20.1,36.7,277,Drizzle: Moderate,1,1,
3961,2021-09-11 12:00:00,40.7743,-73.965385,0,0,Driver Inattention/Distraction,4458006,24.7,12.9,0.0,0.0,0.0,0.0,3,16.6,34.2,246,Overcast,0,0,
3962,2021-09-13 07:00:00,40.830845,-73.947235,0,0,Other Vehicular,4457987,28.8,21.8,1.1,1.1,0.0,2.0,53,20.1,36.7,277,Drizzle: Moderate,0,0,
3963,2021-12-16 13:20:00,40.673107,-73.99959,2,0,Following Too Closely,4487102,14.6,9.9,0.0,0.0,0.0,0.0,3,22.4,38.5,222,Overcast,2,2,
3964,2021-09-09 07:45:00,40.828297,-73.95087,0,0,Unspecified,4457988,22.4,19.8,18.4,18.4,0.0,15.0,63,17.5,39.2,271,Rain: Moderate,0,0,
3965,2021-09-11 13:10:00,40.868748,-73.83172,0,0,Unspecified,4458019,24.7,12.9,0.0,0.0,0.0,0.0,3,16.6,34.2,246,Overcast,0,0,
3966,2021-08-28 18:00:00,40.844013,-73.88832,1,0,Other Vehicular,4457999,26.2,20.2,3.9,3.9,0.0,18.0,53,23.5,45.0,65,Drizzle: Moderate,1,1,
3967,2021-09-13 09:57:00,0.0,0.0,0,0,Following Too Closely,4457989,28.8,21.8,1.1,1.1,0.0,2.0,53,20.1,36.7,277,Drizzle: Moderate,0,0,
3968,2021-09-09 16:00:00,40.86816,-73.83148,0,0,Backing Unsafely,4458015,22.4,19.8,18.4,18.4,0.0,15.0,63,17.5,39.2,271,Rain: Moderate,0,0,
3969,2021-09-11 23:00:00,40.702713,-73.937325,0,0,Passing Too Closely,4457995,24.7,12.9,0.0,0.0,0.0,0.0,3,16.6,34.2,246,Overcast,0,0,