,CRASH DATETIME,LATITUDE,LONGITUDE,NUMBER OF PERSONS INJURED,NUMBER OF PERSONS KILLED,CONTRIBUTING FACTOR VEHICLE 1,COLLISION_ID,temperature_2m_max,temperature_2m_min,precipitation_sum,rain_sum,snowfall_sum,precipitation_hours,weather_code,wind_speed_10m_max,wind_gusts_10m_max,wind_direction_10m_dominant,Weather Description,Severity_Score,Total_Affected_Persons,Weather_Category
3970,2021-12-06 19:45:00,40.80777,-73.94549,1,0,Pedestrian/Bicyclist/Other Pedestrian Error/Confusion,4485504,16.3,7.7,6.3,6.3,0.0,10.0,61,35.1,65.5,201,Rain: Light,1,1,
3971,2021-09-01 13:00:00,40.670116,-73.92248,1,0,Following Too Closely,4485683,23.2,18.4,121.7,121.7,0.0,18.0,65,43.2,78.5,42,Rain: Heavy,1,1,
3972,2021-12-08 19:15:00,40.83517,-73.8668,0,0,Driver Inattention/Distraction,4484794,4.7,0.9,0.7,0.7,0.0,2.0,51,14.5,24.8,355,Drizzle: Light,0,0,
3973,2021-12-09 01:10:00,40.546707,-74.19913,0,0,Driver Inattention/Distraction,4485592,3.6,-2.0,0.1,0.0,0.07,1.0,71,19.2,33.8,295,Snow fall: Light,0,0,Snowy Conditions
3974,2021-12-09 13:00:00,40.761612,-73.98453,0,0,Unspecified,4485142,3.6,-2.0,0.1,0.0,0.07,1.0,71,19.2,33.8,295,Snow fall: Light,0,0,Snowy Conditions
3975,2021-12-08 11:00:00,40.75056,-73.89644,0,0,Driver Inattention/Distraction,4484679,4.7,0.9,0.7,0.7,0.0,2.0,51,14.5,24.8,355,Drizzle: Light,0,0,
3976,2021-12-09 15:00:00,40.69831,-73.90684,0,0,Other Vehicular,4485713,3.6,-2.0,0.1,0.0,0.07,1.0,71,19.2,33.8,295,Snow fall: Light,0,0,Snowy Conditions
3977,2021-12-08 16:31:00,40.834667,-73.88936,0,0,Unspecified,4484922,4.7,0.9,0.7,0.7,0.0,2.0,51,14.5,24.8,355,Drizzle: Light,0,0,
3978,2021-12-16 18:14:00,40.69819,-73.96191,0,0,Failure to Yield Right-of-Way,4487114,14.6,9.9,0.0,0.0,0.0,0.0,3,22.4,38.5,222,Overcast,0,0,
3979,2021-12-11 19:30:00,40.659336,-73.92726,3,0,Unspecified,4487592,17.3,5.0,8.1,8.1,0.0,5.0,63,35.0,67.0,206,Rain: Moderate,3,3,
3980,2021-12-16 06:39:00,40.81339,-73.95627,1,0,Reaction to Uninvolved Vehicle,4487845,14.6,9.9,0.0,0.0,0.0,0.0,3,22.4,38.5,222,Overcast,1,1,
3981,2021-12-17 23:44:00,40.851765,-73.94191,0,0,Oversized Vehicle,4487664,13.9,6.1,0.0,0.0,0.0,0.0,3,21.5,37.1,265,Overcast,0,0,
3982,2021-12-15 16:08:00,40.837933,-73.87167,0,0,Unspecified,4486958,10.3,1.8,1.0,1.0,0.0,6.0,51,20.6,38.2,104,Drizzle: Light,0,0,
3983,2021-12-16 07:20:00,40.8223,-73.873,0,0,Unspecified,4487032,14.6,9.9,0.0,0.0,0.0,0.0,3,22.4,38.5,222,Overcast,0,0,
3984,2021-12-15 10:40:00,40.817574,-73.90359,1,0,Failure to Yield Right-of-Way,4486876,10.3,1.8,1.0,1.0,0.0,6.0,51,20.6,38.2,104,Drizzle: Light,1,1,
3985,2021-09-14 19:22:00,40.609642,-73.89738,0,0,Unspecified,4457246,26.0,19.0,0.2,0.2,0.0,1.0,51,18.0,35.6,138,Drizzle: Light,0,0,
3986,2021-09-14 00:15:00,40.851048,-73.92155,0,0,Turning Improperly,4457365,26.0,19.0,0.2,0.2,0.0,1.0,51,18.0,35.6,138,Drizzle: Light,0,0,
3987,2021-09-14 09:25:00,40.669384,-73.81447,0,0,Passing Too Closely,4457301,26.0,19.0,0.2,0.2,0.0,1.0,51,18.0,35.6,138,Drizzle: Light,0,0,
3988,2021-09-11 20:41:00,40.664165,-73.990555,1,0,Unspecified,4457978,24.7,12.9,0.0,0.0,0.0,0.0,3,16.6,34.2,246,Overcast,1,1,
3989,2021-08-27 16:55:00,40.703598,-74.0144,1,0,Unspecified,4457770,32.2,23.4,1.4,1.4,0.0,2.0,55,9.4,22.3,299,Drizzle: Dense,1,1,
3990,2021-08-11 10:15:00,40.704823,-73.92459,0,0,Turning Improperly,4457737,31.2,23.2,2.8,2.8,0.0,7.0,55,23.7,44.6,206,Drizzle: Dense,0,0,
3991,2021-09-14 00:02:00,40.594616,-73.99743,3,0,Driver Inattention/Distraction,4456924,26.0,19.0,0.2,0.2,0.0,1.0,51,18.0,35.6,138,Drizzle: Light,3,3,
3992,2021-09-14 17:33:00,40.73687,-73.928505,0,0,Driver Inattention/Distraction,4457280,26.0,19.0,0.2,0.2,0.0,1.0,51,18.0,35.6,138,Drizzle: Light,0,0,
3993,2021-09-14 11:39:00,40.7598,-73.936646,0,0,Passing Too Closely,4457463,26.0,19.0,0.2,0.2,0.0,1.0,51,18.0,35.6,138,Drizzle: Light,0,0,
3994,2021-09-14 15:30:00,40.654015,-73.95956,1,0,Driver Inattention/Distraction,4457319,26.0,19.0,0.2,0.2,0.0,1.0,51,18.0,35.6,138,Drizzle: Light,1,1,
3995,2021-09-14 09:25:00,40.671585,-73.99843,0,0,Following Too Closely,4457620,26.0,19.0,0.2,0.2,0.0,1.0,51,18.0,35.6,138,Drizzle: Light,0,0,
3996,2021-09-13 18:14:00,40.710083,-74.00434,0,0,Unspecified,4457820,28.8,21.8,1.1,1.1,0.0,2.0,53,20.1,36.7,277,Drizzle: Moderate,0,0,
3997,2021-09-14 02:10:00,40.670006,-73.95328,1,0,Driver Inattention/Distraction,4457004,26.0,19.0,0.2,0.2,0.0,1.0,51,18.0,35.6,138,Drizzle: Light,1,1,
3998,2021-09-14 13:40:00,40.611374,-73.962654,0,0,Unspecified,4457326,26.0,19.0,0.2,0.2,0.0,1.0,51,18.0,35.6,138,Drizzle: Light,0,0,
3999,2021-09-02 11:40:00,40.752975,-73.91024,0,0,Driver Inattention/Distraction,4457762,24.5,15.0,24.6,24.6,0.0,5.0,65,43.0,83.5,344,Rain: Heavy,0,0,
4000,2021-09-10 09:43:00,40.73817,-73.97761,0,0,Driver Inattention/Distraction,4457804,22.9,16.0,0.0,0.0,0.0,0.0,3,24.2,47.2,314,Overcast,0,0,
4001,2021-09-14 22:00:00,40.642384,-73.92539,1,0,Unspecified,4457550,26.0,19.0,0.2,0.2,0.0,1.0,51,18.0,35.6,138,Drizzle: Light,1,1,
4002,2021-09-14 06:45:00,40.832897,-73.862274,0,0,Driver Inexperience,4457071,26.0,19.0,0.2,0.2,0.0,1.0,51,18.0,35.6,138,Drizzle: Light,0,0,
4003,2021-09-14 09:15:00,40.766552,-73.77255,0,0,Driver Inattention/Distraction,4457221,26.0,19.0,0.2,0.2,0.0,1.0,51,18.0,35.6,138,Drizzle: Light,0,0,
4004,2021-09-14 08:15:00,40.784515,-73.94983,0,0,Following Too Closely,4457375,26.0,19.0,0.2,0.2,0.0,1.0,51,18.0,35.6,138,Drizzle: Light,0,0,
4005,2021-09-14 04:57:00,40.686935,-73.87323,3,0,Failure to Yield Right-of-Way,4457478,26.0,19.0,0.2,0.2,0.0,1.0,51,18.0,35.6,138,Drizzle: Light,3,3,
4006,2021-09-14 00:01:00,40.67386,-73.88259,0,0,Traffic Control Disregarded,4457494,26.0,19.0,0.2,0.2,0.0,1.0,51,18.0,35.6,138,Drizzle: Light,0,0,
4007,2021-09-14 08:00:00,40.795456,-73.96564,0,0,Unsafe Lane Changing,4457188,26.0,19.0,0.2,0.2,0.0,1.0,51,18.0,35.6,138,Drizzle: Light,0,0,
4008,2021-09-14 07:15:00,40.67655,-73.91465,0,0,Unspecified,4457125,26.0,19.0,0.2,0.2,0.0,1.0,51,18.0,35.6,138,Drizzle: Light,0,0,
4009,2021-09-14 13:40:00,40.833767,-73.87738,0,0,Reaction to Uninvolved Vehicle,4457847,26.0,19.0,0.2,0.2,0.0,1.0,51,18.0,35.6,138,Drizzle: Light,0,0,
4010,2021-09-02 17:00:00,40.834515,-73.91771,0,0,Other Vehicular,4457868,24.5,15.0,24.6,24.6,0.0,5.0,65,43.0,83.5,344,Rain: Heavy,0,0,
4011,2021-09-14 15:30:00,40.605568,-74.03118,0,0,Unsafe Speed,4457913,26.0,19.0,0.2,0.2,0.0,1.0,51,18.0,35.6,138,Drizzle: Light,0,0,
4012,2021-09-14 11:20:00,40.756096,-73.74655,0,0,Following Too Closely,4457153,26.0,19.0,0.2,0.2,0.0,1.0,51,18.0,35.6,138,Drizzle: Light,0,0,
4013,2021-09-14 13:30:00,40.798584,-73.93353,1,0,Unspecified,4457782,26.0,19.0,0.2,0.2,0.0,1.0,51,18.0,35.6,138,Drizzle: Light,1,1,
4014,2021-09-14 13:55:00,40.7467,-73.93128,1,0,Unsafe Speed,4457209,26.0,19.0,0.2,0.2,0.0,1.0,51,18.0,35.6,138,Drizzle: Light,1,1,
4015,2021-09-14 05:47:00,40.57278,-74.138145,0,0,Reaction to Uninvolved Vehicle,4457086,26.0,19.0,0.2,0.2,0.0,1.0,51,18.0,35.6,138,Drizzle: Light,0,0,
4016,2021-09-14 17:15:00,40.678303,-73.87289,0,0,Unspecified,4457489,26.0,19.0,0.2,0.2,0.0,1.0,51,18.0,35.6,138,Drizzle: Light,0,0,
4017,2021-09-14 09:22:00,40.81572,-73.925064,1,0,Unspecified,4457314,26.0,19.0,0.2,0.2,0.0,1.0,51,18.0,35.6,138,Drizzle: Light,1,1,
4018,2021-09-14 09:00:00,40.75472,-73.81704,0,0,Unspecified,4457332,26.0,19.0,0.2,0.2,0.0,1.0,51,18.0,35.6,138,Drizzle: Light,0,0,
4019,2021-09-14 07:00:00,40.874756,-73.87387,0,0,Unspecified,4457525,26.0,19.0,0.2,0.2,0.0,1.0,51,18.0,35.6,138,Drizzle: Light,0,0,
4020,2021-09-14 12:40:00,40.743446,-74.00355,0,0,Driver Inattention/Distraction,4457423,26.0,19.0,0.2,0.2,0.0,1.0,51,18.0,35.6,138,Drizzle: Light,0,0,
4021,2021-09-14 17:30:00,40.683132,-73.88259,0,0,Unspecified,4457498,26.0,19.0,0.2,0.2,0.0,1.0,51,18.0,35.6,138,Drizzle: Light,0,0,
4022,2021-09-14 08:38:00,40.780857,-73.960915,0,0,Pedestrian/Bicyclist/Other Pedestrian Error/Confusion,4457116,26.0,19.0,0.2,0.2,0.0,1.0,51,18.0,35.6,138,Drizzle: Light,0,0,
4023,2021-09-14 09:57:00,40.660442,-73.95688,1,0,Pedestrian/Bicyclist/Other Pedestrian Error/Confusion,4457200,26.0,19.0,0.2,0.2,0.0,1.0,51,18.0,35.6,138,Drizzle: Light,1,1,
4024,2021-09-14 15:30:00,40.70547,-73.95024,0,0,Following Too Closely,4457290,26.0,19.0,0.2,0.2,0.0,1.0,51,18.0,35.6,138,Drizzle: Light,0,0,
4025,2021-09-08 04:52:00,40.853664,-73.83381,0,0,Unspecified,4457839,26.4,19.6,0.7,0.7,0.0,6.0,51,26.7,55.8,187,Drizzle: Light,0,0,
4026,2021-09-14 23:45:00,40.681686,-73.87157,0,0,Aggressive Driving/Road Rage,4457949,26.0,19.0,0.2,0.2,0.0,1.0,51,18.0,35.6,138,Drizzle: Light,0,0,
4027,2021-09-14 23:30:00,40.68085,-73.79907,2,0,Alcohol Involvement,4457401,26.0,19.0,0.2,0.2,0.0,1.0,51,18.0,35.6,138,Drizzle: Light,2,2,
4028,2021-09-14 16:59:00,40.78744,-73.94478,1,0,Driver Inattention/Distraction,4457720,26.0,19.0,0.2,0.2,0.0,1.0,51,18.0,35.6,138,Drizzle: Light,1,1,
4029,2021-09-14 13:30:00,40.785786,-73.978546,2,0,Other Vehicular,4457222,26.0,19.0,0.2,0.2,0.0,1.0,51,18.0,35.6,138,Drizzle: Light,2,2,
4030,2021-09-11 01:28:00,40.79599,-73.96896,1,1,Unspecified,4457900,24.7,12.9,0.0,0.0,0.0,0.0,3,16.6,34.2,246,Overcast,21,2,
4031,2021-09-14 17:25:00,40.690918,-73.7623,0,0,Turning Improperly,4457265,26.0,19.0,0.2,0.2,0.0,1.0,51,18.0,35.6,138,Drizzle: Light,0,0,
4032,2021-09-08 21:40:00,40.73529,-73.98782,0,0,Passing or Lane Usage Improper,4457787,26.4,19.6,0.7,0.7,0.0,6.0,51,26.7,55.8,187,Drizzle: Light,0,0,
4033,2021-09-14 00:24:00,40.643005,-74.00533,0,0,Unspecified,4457135,26.0,19.0,0.2,0.2,0.0,1.0,51,18.0,35.6,138,Drizzle: Light,0,0,
4034,2021-09-14 16:50:00,40.73677,-73.80475,2,0,Driver Inattention/Distraction,4457606,26.0,19.0,0.2,0.2,0.0,1.0,51,18.0,35.6,138,Drizzle: Light,2,2,
4035,2021-09-14 16:30:00,40.661835,-73.893105,0,0,Passing or Lane Usage Improper,4457448,26.0,19.0,0.2,0.2,0.0,1.0,51,18.0,35.6,138,Drizzle: Light,0,0,
4036,2021-09-14 16:35:00,40.652767,-73.8863,1,0,Following Too Closely,4457483,26.0,19.0,0.2,0.2,0.0,1.0,51,18.0,35.6,138,Drizzle: Light,1,1,
4037,2021-09-14 17:50:00,40.73635,-73.97502,0,0,Tinted Windows,4457924,26.0,19.0,0.2,0.2,0.0,1.0,51,18.0,35.6,138,Drizzle: Light,0,0,
4038,2021-09-14 17:28:00,40.654457,-73.90878,0,0,Unspecified,4457571,26.0,19.0,0.2,0.2,0.0,1.0,51,18.0,35.6,138,Drizzle: Light,0,0,
4039,2021-09-14 00:05:00,40.7966,-73.929,0,0,Turning Improperly,4457776,26.0,19.0,0.2,0.2,0.0,1.0,51,18.0,35.6,138,Drizzle: Light,0,0,
4040,2021-09-14 13:20:00,40.60799,-73.97173,0,0,Lost Consciousness,4457307,26.0,19.0,0.2,0.2,0.0,1.0,51,18.0,35.6,138,Drizzle: Light,0,0,
4041,2021-09-14 08:10:00,40.70064,-73.93647,2,0,Failure to Yield Right-of-Way,4457744,26.0,19.0,0.2,0.2,0.0,1.0,51,18.0,35.6,138,Drizzle: Light,2,2,
4042,2021-09-14 08:16:00,40.636932,-73.99982,1,0,Unspecified,4457327,26.0,19.0,0.2,0.2,0.0,1.0,51,18.0,35.6,138,Drizzle: Light,1,1,
4043,2021-09-14 09:40:00,40.683723,-73.96797,1,0,Unspecified,4457274,26.0,19.0,0.2,0.2,0.0,1.0,51,18.0,35.6,138,Drizzle: Light,1,1,
4044,2021-09-14 18:00:00,40.85543,-73.855354,0,0,View Obstructed/Limited,4457387,26.0,19.0,0.2,0.2,0.0,1.0,51,18.0,35.6,138,Drizzle: Light,0,0,
4045,2021-09-14 16:40:00,40.75892,-73.999695,1,0,Passing or Lane Usage Improper,4457826,26.0,19.0,0.2,0.2,0.0,1.0,51,18.0,35.6,138,Drizzle: Light,1,1,
4046,2021-09-14 14:30:00,40.668293,-73.97924,0,0,Passing Too Closely,4457228,26.0,19.0,0.2,0.2,0.0,1.0,51,18.0,35.6,138,Drizzle: Light,0,0,
4047,2021-09-14 14:45:00,40.721375,-73.7903,1,0,Unspecified,4457640,26.0,19.0,0.2,0.2,0.0,1.0,51,18.0,35.6,138,Drizzle: Light,1,1,
4048,2021-09-14 15:00:00,40.607002,-73.988556,0,0,Backing Unsafely,4457346,26.0,19.0,0.2,0.2,0.0,1.0,51,18.0,35.6,138,Drizzle: Light,0,0,
4049,2021-09-14 22:53:00,40.749676,-73.94372,0,0,Unspecified,4457281,26.0,19.0,0.2,0.2,0.0,1.0,51,18.0,35.6,138,Drizzle: Light,0,0,
4050,2021-09-14 17:50:00,40.769634,-73.98578,0,0,Unspecified,4457347,26.0,19.0,0.2,0.2,0.0,1.0,51,18.0,35.6,138,Drizzle: Light,0,0,
4051,2021-09-14 16:27:00,40.648567,-73.95765,0,0,Passing Too Closely,4457321,26.0,19.0,0.2,0.2,0.0,1.0,51,18.0,35.6,138,Drizzle: Light,0,0,
4052,2021-09-13 17:30:00,40.658253,-73.98465,0,0,Unspecified,4457752,28.8,21.8,1.1,1.1,0.0,2.0,53,20.1,36.7,277,Drizzle: Moderate,0,0,
4053,2021-09-14 09:06:00,40.833378,-73.94328,0,0,Passing Too Closely,4457795,26.0,19.0,0.2,0.2,0.0,1.0,51,18.0,35.6,138,Drizzle: Light,0,0,
4054,2021-09-04 01:25:00,40.731064,-74.00801,0,0,Driver Inattention/Distraction,4457888,25.2,14.5,0.0,0.0,0.0,0.0,3,15.4,27.0,289,Overcast,0,0,
4055,2021-09-14 16:37:00,40.667313,-73.73926,0,0,Following Too Closely,4457257,26.0,19.0,0.2,0.2,0.0,1.0,51,18.0,35.6,138,Drizzle: Light,0,0,
4056,2021-09-14 05:00:00,40.723022,-73.99882,0,0,Driver Inattention/Distraction,4457564,26.0,19.0,0.2,0.2,0.0,1.0,51,18.0,35.6,138,Drizzle: Light,0,0,
4057,2021-09-14 15:04:00,40.815247,-73.886566,0,0,Passing Too Closely,4457876,26.0,19.0,0.2,0.2,0.0,1.0,51,18.0,35.6,138,Drizzle: Light,0,0,
4058,2021-08-10 17:07:00,40.820187,-73.890686,0,0,Unspecified,4457852,27.3,20.4,3.8,3.8,0.0,11.0,61,18.0,36.0,170,Rain: Light,0,0,
4059,2021-09-09 11:30:00,40.75544,-73.907104,1,0,Driver Inattention/Distraction,4457736,22.4,19.8,18.4,18.4,0.0,15.0,63,17.5,39.2,271,Rain: Moderate,1,1,
4060,2021-09-14 06:15:00,40.826275,-73.85971,0,0,Oversized Vehicle,4457055,26.0,19.0,0.2,0.2,0.0,1.0,51,18.0,35.6,138,Drizzle: Light,0,0,
4061,2021-09-02 11:20:00,40.62715,-74.16544,2,0,Driver Inattention/Distraction,4457769,24.5,15.0,24.6,24.6,0.0,5.0,65,43.0,83.5,344,Rain: Heavy,2,2,
4062,2021-09-14 18:05:00,40.671734,-73.990814,0,0,Unspecified,4457227,26.0,19.0,0.2,0.2,0.0,1.0,51,18.0,35.6,138,Drizzle: Light,0,0,
4063,2021-09-14 18:05:00,40.64664,-73.95553,1,0,Unspecified,4457322,26.0,19.0,0.2,0.2,0.0,1.0,51,18.0,35.6,138,Drizzle: Light,1,1,
4064,2021-08-23 01:15:00,40.57698,-73.981575,1,0,Driver Inattention/Distraction,4457805,28.7,22.0,36.1,36.1,0.0,19.0,65,27.4,49.3,230,Rain: Heavy,1,1,
4065,2021-09-14 10:57:00,40.595375,-74.06971,1,0,Traffic Control Disregarded,4457545,26.0,19.0,0.2,0.2,0.0,1.0,51,18.0,35.6,138,Drizzle: Light,1,1,
4066,2021-09-14 15:00:00,40.720413,-73.76095,0,0,Driver Inattention/Distraction,4457634,26.0,19.0,0.2,0.2,0.0,1.0,51,18.0,35.6,138,Drizzle: Light,0,0,
4067,2021-09-14 22:00:00,40.669556,-73.84634,0,0,Following Too Closely,4457302,26.0,19.0,0.2,0.2,0.0,1.0,51,18.0,35.6,138,Drizzle: Light,0,0,
4068,2021-09-10 00:00:00,40.822144,-73.89491,0,0,Unspecified,4457871,22.9,16.0,0.0,0.0,0.0,0.0,3,24.2,47.2,314,Overcast,0,0,
4069,2021-09-04 02:10:00,40.742107,-73.98075,1,0,Driver Inattention/Distraction,4457786,25.2,14.5,0.0,0.0,0.0,0.0,3,15.4,27.0,289,Overcast,1,1,
4070,2021-09-14 01:35:00,40.64934,-73.94264,1,0,Unspecified,4457132,26.0,19.0,0.2,0.2,0.0,1.0,51,18.0,35.6,138,Drizzle: Light,1,1,
4071,2021-09-14 06:30:00,40.726547,-73.94838,1,0,Traffic Control Disregarded,4457169,26.0,19.0,0.2,0.2,0.0,1.0,51,18.0,35.6,138,Drizzle: Light,1,1,
4072,2021-09-14 17:57:00,40.867676,-73.89855,1,0,Unspecified,4457429,26.0,19.0,0.2,0.2,0.0,1.0,51,18.0,35.6,138,Drizzle: Light,1,1,
4073,2021-09-01 14:45:00,40.735313,-73.994125,1,0,Failure to Yield Right-of-Way,4457861,23.2,18.4,121.7,121.7,0.0,18.0,65,43.2,78.5,42,Rain: Heavy,1,1,
4074,2021-09-14 11:00:00,40.72522,-73.894745,2,0,Passing or Lane Usage Improper,4457251,26.0,19.0,0.2,0.2,0.0,1.0,51,18.0,35.6,138,Drizzle: Light,2,2,
4075,2021-09-08 18:00:00,40.706142,-74.00603,0,0,Driver Inattention/Distraction,4457819,26.4,19.6,0.7,0.7,0.0,6.0,51,26.7,55.8,187,Drizzle: Light,0,0,
4076,2021-09-14 08:15:00,40.631542,-74.14891,1,0,View Obstructed/Limited,4457119,26.0,19.0,0.2,0.2,0.0,1.0,51,18.0,35.6,138,Drizzle: Light,1,1,
4077,2021-09-14 11:10:00,40.858376,-73.89637,0,0,Unspecified,4457359,26.0,19.0,0.2,0.2,0.0,1.0,51,18.0,35.6,138,Drizzle: Light,0,0,
4078,2021-09-14 10:48:00,40.82854,-73.90964,0,0,Unspecified,4457451,26.0,19.0,0.2,0.2,0.0,1.0,51,18.0,35.6,138,Drizzle: Light,0,0,
4079,2021-09-14 11:30:00,40.76605,-73.9973,1,0,Driver Inattention/Distraction,4457143,26.0,19.0,0.2,0.2,0.0,1.0,51,18.0,35.6,138,Drizzle: Light,1,1,
4080,2021-09-14 23:00:00,40.701424,-73.94307,1,0,Passing or Lane Usage Improper,4457289,26.0,19.0,0.2,0.2,0.0,1.0,51,18.0,35.6,138,Drizzle: Light,1,1,
4081,2021-09-14 07:30:00,40.831055,-73.905846,0,0,Unspecified,4457726,26.0,19.0,0.2,0.2,0.0,1.0,51,18.0,35.6,138,Drizzle: Light,0,0,
4082,2021-09-13 16:30:00,40.804085,-73.93672,2,0,Passing or Lane Usage Improper,4457775,28.8,21.8,1.1,1.1,0.0,2.0,53,20.1,36.7,277,Drizzle: Moderate,2,2,
4083,2021-09-14 06:50:00,40.694965,-73.80835,0,0,Backing Unsafely,4457535,26.0,19.0,0.2,0.2,0.0,1.0,51,18.0,35.6,138,Drizzle: Light,0,0,
4084,2021-09-14 15:24:00,40.65319,-73.96622,1,0,Passing or Lane Usage Improper,4457232,26.0,19.0,0.2,0.2,0.0,1.0,51,18.0,35.6,138,Drizzle: Light,1,1,
4085,2021-04-19 19:33:00,40.655754,-73.92403,1,0,Driver Inattention/Distraction,4410355,16.9,5.0,0.0,0.0,0.0,0.0,3,14.7,31.0,214,Overcast,1,1,
4086,2021-09-14 23:10:00,40.614166,-73.92886,1,0,Passing or Lane Usage Improper,4457651,26.0,19.0,0.2,0.2,0.0,1.0,51,18.0,35.6,138,Drizzle: Light,1,1,
4087,2021-09-14 21:30:00,40.588955,-74.167595,3,0,Traffic Control Disregarded,4457421,26.0,19.0,0.2,0.2,0.0,1.0,51,18.0,35.6,138,Drizzle: Light,3,3,
4088,2021-09-14 15:50:00,40.66725,-73.88799,2,0,Traffic Control Disregarded,4457497,26.0,19.0,0.2,0.2,0.0,1.0,51,18.0,35.6,138,Drizzle: Light,2,2,
4089,2021-09-14 10:40:00,40.752155,-73.89995,0,0,Driver Inattention/Distraction,4457210,26.0,19.0,0.2,0.2,0.0,1.0,51,18.0,35.6,138,Drizzle: Light,0,0,
4090,2021-09-14 19:48:00,40.76354,-73.93332,2,0,Turning Improperly,4457462,26.0,19.0,0.2,0.2,0.0,1.0,51,18.0,35.6,138,Drizzle: Light,2,2,
4091,2021-09-14 17:00:00,40.85179,-73.90279,0,0,Passing Too Closely,4457372,26.0,19.0,0.2,0.2,0.0,1.0,51,18.0,35.6,138,Drizzle: Light,0,0,
4092,2021-09-09 10:35:00,40.71843,-74.000534,0,0,Driver Inattention/Distraction,4457967,22.4,19.8,18.4,18.4,0.0,15.0,63,17.5,39.2,271,Rain: Moderate,0,0,
4093,2021-09-14 12:45:00,40.601402,-73.7596,0,0,Unspecified,4457331,26.0,19.0,0.2,0.2,0.0,1.0,51,18.0,35.6,138,Drizzle: Light,0,0,
4094,2021-09-14 07:40:00,40.789623,-73.94007,0,0,Passing or Lane Usage Improper,4457710,26.0,19.0,0.2,0.2,0.0,1.0,51,18.0,35.6,138,Drizzle: Light,0,0,
4095,2021-09-14 00:00:00,40.687046,-73.792114,0,0,Following Too Closely,4457264,26.0,19.0,0.2,0.2,0.0,1.0,51,18.0,35.6,138,Drizzle: Light,0,0,
4096,2021-09-14 17:00:00,40.647102,-74.007614,0,0,Driver Inattention/Distraction,4457511,26.0,19.0,0.2,0.2,0.0,1.0,51,18.0,35.6,138,Drizzle: Light,0,0,
4097,2021-09-14 00:00:00,40.734196,-73.78355,0,0,Driver Inattention/Distraction,4457579,26.0,19.0,0.2,0.2,0.0,1.0,51,18.0,35.6,138,Drizzle: Light,0,0,
4098,2021-09-14 21:20:00,40.707653,-73.93984,0,0,Passing Too Closely,4457296,26.0,19.0,0.2,0.2,0.0,1.0,51,18.0,35.6,138,Drizzle: Light,0,0,
4099,2021-09-14 03:15:00,40.674355,-73.8882,1,0,Unspecified,4457477,26.0,19.0,0.2,0.2,0.0,1.0,51,18.0,35.6,138,Drizzle: Light,1,1,
4100,2021-09-14 00:00:00,40.5873,-74.09369,0,0,Failure to Yield Right-of-Way,4457084,26.0,19.0,0.2,0.2,0.0,1.0,51,18.0,35.6,138,Drizzle: Light,0,0,
4101,2021-09-14 08:30:00,40.621994,-73.99493,1,0,,4457343,26.0,19.0,0.2,0.2,0.0,1.0,51,18.0,35.6,138,Drizzle: Light,1,1,
4102,2021-09-14 14:30:00,40.816193,-73.895996,0,0,Unspecified,4457185,26.0,19.0,0.2,0.2,0.0,1.0,51,18.0,35.6,138,Drizzle: Light,0,0,
4103,2021-09-14 18:02:00,40.76428,-73.99859,0,0,Unspecified,4457349,26.0,19.0,0.2,0.2,0.0,1.0,51,18.0,35.6,138,Drizzle: Light,0,0,
4104,2021-12-17 17:02:00,40.86544,-73.85579,1,0,Unspecified,4487345,13.9,6.1,0.0,0.0,0.0,0.0,3,21.5,37.1,265,Overcast,1,1,
4105,2021-09-14 19:37:00,40.687527,-73.91227,0,0,Passing Too Closely,4457340,26.0,19.0,0.2,0.2,0.0,1.0,51,18.0,35.6,138,Drizzle: Light,0,0,
4106,2021-09-10 21:08:00,40.82403,-73.94476,0,0,Unsafe Speed,4457740,22.9,16.0,0.0,0.0,0.0,0.0,3,24.2,47.2,314,Overcast,0,0,
4107,2021-09-14 13:34:00,40.680634,-73.84297,1,0,Backing Unsafely,4457305,26.0,19.0,0.2,0.2,0.0,1.0,51,18.0,35.6,138,Drizzle: Light,1,1,
4108,2021-08-18 09:00:00,40.74347,-74.00724,0,0,Turning Improperly,4457755,27.0,21.1,1.5,1.5,0.0,5.0,53,24.7,46.8,150,Drizzle: Moderate,0,0,
4109,2021-09-14 00:05:00,40.599163,-73.91084,0,0,Driver Inattention/Distraction,4456932,26.0,19.0,0.2,0.2,0.0,1.0,51,18.0,35.6,138,Drizzle: Light,0,0,
4110,2021-09-14 15:07:00,40.875,-73.87471,0,0,Unspecified,4457796,26.0,19.0,0.2,0.2,0.0,1.0,51,18.0,35.6,138,Drizzle: Light,0,0,
4111,2021-09-14 06:30:00,40.72861,-73.88721,0,0,Unsafe Speed,4457563,26.0,19.0,0.2,0.2,0.0,1.0,51,18.0,35.6,138,Drizzle: Light,0,0,
4112,2021-09-07 17:49:00,40.737545,-74.00484,0,0,Passing or Lane Usage Improper,4457886,25.9,15.2,0.0,0.0,0.0,0.0,1,12.5,25.6,259,Mainly clear,0,0,Sunny/Clear Conditions
4113,2021-09-06 18:29:00,40.73656,-74.0011,1,0,Driver Inattention/Distraction,4457862,26.9,18.4,0.0,0.0,0.0,0.0,3,19.6,37.8,273,Overcast,1,1,
4114,2021-09-14 15:30:00,40.83466,-73.89151,0,0,Traffic Control Disregarded,4457454,26.0,19.0,0.2,0.2,0.0,1.0,51,18.0,35.6,138,Drizzle: Light,0,0,
4115,2021-09-14 10:00:00,40.700905,-73.73049,0,0,Unspecified,4457142,26.0,19.0,0.2,0.2,0.0,1.0,51,18.0,35.6,138,Drizzle: Light,0,0,