,CRASH DATETIME,LATITUDE,LONGITUDE,NUMBER OF PERSONS INJURED,NUMBER OF PERSONS KILLED,CONTRIBUTING FACTOR VEHICLE 1,COLLISION_ID,temperature_2m_max,temperature_2m_min,precipitation_sum,rain_sum,snowfall_sum,precipitation_hours,weather_code,wind_speed_10m_max,wind_gusts_10m_max,wind_direction_10m_dominant,Weather Description,Severity_Score,Total_Affected_Persons,Weather_Category
4116,2021-09-14 12:20:00,40.713135,-74.00407,0,0,Following Too Closely,4457144,26.0,19.0,0.2,0.2,0.0,1.0,51,18.0,35.6,138,Drizzle: Light,0,0,
4117,2021-09-14 22:25:00,40.85278,-73.853294,0,0,Backing Unsafely,4457388,26.0,19.0,0.2,0.2,0.0,1.0,51,18.0,35.6,138,Drizzle: Light,0,0,
4118,2021-09-11 20:00:00,40.68122,-73.96038,0,0,Unspecified,4457793,24.7,12.9,0.0,0.0,0.0,0.0,3,16.6,34.2,246,Overcast,0,0,
4119,2021-09-14 13:15:00,40.63367,-74.12945,1,0,Fell Asleep,4457199,26.0,19.0,0.2,0.2,0.0,1.0,51,18.0,35.6,138,Drizzle: Light,1,1,
4120,2021-09-14 15:38:00,40.865383,-73.89348,1,0,Driver Inattention/Distraction,4457431,26.0,19.0,0.2,0.2,0.0,1.0,51,18.0,35.6,138,Drizzle: Light,1,1,
4121,2021-09-14 00:00:00,40.724884,-73.978264,0,0,Unspecified,4457825,26.0,19.0,0.2,0.2,0.0,1.0,51,18.0,35.6,138,Drizzle: Light,0,0,
4122,2021-09-14 14:45:00,40.67898,-73.9765,0,0,Following Too Closely,4457231,26.0,19.0,0.2,0.2,0.0,1.0,51,18.0,35.6,138,Drizzle: Light,0,0,
4123,2021-09-14 19:40:00,40.682316,-73.88814,2,0,Unspecified,4457484,26.0,19.0,0.2,0.2,0.0,1.0,51,18.0,35.6,138,Drizzle: Light,2,2,
4124,2021-09-12 00:14:00,40.738552,-73.99969,0,0,Unspecified,4457860,28.8,18.3,0.0,0.0,0.0,0.0,3,24.3,46.8,233,Overcast,0,0,
4125,2021-09-14 09:05:00,40.591988,-73.97665,0,0,Brakes Defective,4457105,26.0,19.0,0.2,0.2,0.0,1.0,51,18.0,35.6,138,Drizzle: Light,0,0,
4126,2021-09-14 15:48:00,40.535656,-74.20813,4,0,Failure to Yield Right-of-Way,4457389,26.0,19.0,0.2,0.2,0.0,1.0,51,18.0,35.6,138,Drizzle: Light,4,4,
4127,2021-09-14 07:13:00,40.670624,-73.895546,0,0,Unspecified,4457480,26.0,19.0,0.2,0.2,0.0,1.0,51,18.0,35.6,138,Drizzle: Light,0,0,
4128,2021-09-14 22:45:00,40.682186,-73.86982,1,0,Failure to Yield Right-of-Way,4457500,26.0,19.0,0.2,0.2,0.0,1.0,51,18.0,35.6,138,Drizzle: Light,1,1,
4129,2021-09-14 08:52:00,40.607582,-74.14083,2,0,Following Too Closely,4457123,26.0,19.0,0.2,0.2,0.0,1.0,51,18.0,35.6,138,Drizzle: Light,2,2,
4130,2021-09-14 08:30:00,40.694263,-73.95235,1,0,Failure to Yield Right-of-Way,4457198,26.0,19.0,0.2,0.2,0.0,1.0,51,18.0,35.6,138,Drizzle: Light,1,1,
4131,2021-09-07 11:42:00,40.80304,-73.868904,0,0,Unspecified,4457842,25.9,15.2,0.0,0.0,0.0,0.0,1,12.5,25.6,259,Mainly clear,0,0,Sunny/Clear Conditions
4132,2021-08-22 21:00:00,40.818913,-73.893555,0,0,Unspecified,4457851,23.9,22.5,56.2,56.2,0.0,21.0,63,19.8,36.0,299,Rain: Moderate,0,0,
4133,2021-09-14 14:45:00,40.751747,-73.97081,0,0,Driver Inattention/Distraction,4457224,26.0,19.0,0.2,0.2,0.0,1.0,51,18.0,35.6,138,Drizzle: Light,0,0,
4134,2021-09-14 09:44:00,40.628994,-73.98364,1,0,Driver Inattention/Distraction,4457324,26.0,19.0,0.2,0.2,0.0,1.0,51,18.0,35.6,138,Drizzle: Light,1,1,
4135,2021-09-12 13:39:00,40.615364,-73.94575,3,0,Unspecified,4457829,28.8,18.3,0.0,0.0,0.0,0.0,3,24.3,46.8,233,Overcast,3,3,
4136,2021-09-14 20:47:00,40.707928,-73.78383,0,0,Driver Inexperience,4457557,26.0,19.0,0.2,0.2,0.0,1.0,51,18.0,35.6,138,Drizzle: Light,0,0,
4137,2021-09-14 12:09:00,40.738308,-73.98954,0,0,Pedestrian/Bicyclist/Other Pedestrian Error/Confusion,4457784,26.0,19.0,0.2,0.2,0.0,1.0,51,18.0,35.6,138,Drizzle: Light,0,0,
4138,2021-04-04 23:00:00,40.76635,-73.95103,2,0,Unspecified,4404486,16.2,3.4,0.0,0.0,0.0,0.0,3,18.5,33.1,302,Overcast,2,2,
4139,2021-04-12 07:45:00,40.641586,-73.92548,0,0,Following Too Closely,4407271,8.7,6.7,13.6,13.6,0.0,21.0,61,23.4,42.1,51,Rain: Light,0,0,
4140,2021-04-23 11:30:00,40.586544,-74.10314,0,0,Unspecified,4410555,15.5,2.0,0.0,0.0,0.0,0.0,3,28.7,57.2,273,Overcast,0,0,
4141,2021-04-23 16:00:00,40.555824,-74.16103,0,0,Traffic Control Disregarded,4410564,15.5,2.0,0.0,0.0,0.0,0.0,3,28.7,57.2,273,Overcast,0,0,
4142,2021-04-05 22:30:00,40.669243,-73.80129,1,0,Driver Inattention/Distraction,4410560,18.0,5.6,0.0,0.0,0.0,0.0,2,25.7,49.0,313,Partly cloudy,1,1,
4143,2021-09-14 08:08:00,40.636387,-73.94611,2,0,Traffic Control Disregarded,4457130,26.0,19.0,0.2,0.2,0.0,1.0,51,18.0,35.6,138,Drizzle: Light,2,2,
4144,2021-09-14 14:30:00,40.712116,-73.73118,1,0,Driver Inattention/Distraction,4457252,26.0,19.0,0.2,0.2,0.0,1.0,51,18.0,35.6,138,Drizzle: Light,1,1,
4145,2021-09-14 05:15:00,40.69405,-73.82802,2,0,Other Vehicular,4457078,26.0,19.0,0.2,0.2,0.0,1.0,51,18.0,35.6,138,Drizzle: Light,2,2,
4146,2021-09-14 15:25:00,40.671642,-73.96258,0,0,Aggressive Driving/Road Rage,4457211,26.0,19.0,0.2,0.2,0.0,1.0,51,18.0,35.6,138,Drizzle: Light,0,0,
4147,2021-08-23 17:31:00,40.85206,-73.934784,0,0,Driver Inattention/Distraction,4457894,28.7,22.0,36.1,36.1,0.0,19.0,65,27.4,49.3,230,Rain: Heavy,0,0,
4148,2021-09-14 15:30:00,40.850475,-73.915436,1,0,Pedestrian/Bicyclist/Other Pedestrian Error/Confusion,4457378,26.0,19.0,0.2,0.2,0.0,1.0,51,18.0,35.6,138,Drizzle: Light,1,1,
4149,2021-09-14 15:13:00,40.834774,-73.86944,0,0,Other Vehicular,4457204,26.0,19.0,0.2,0.2,0.0,1.0,51,18.0,35.6,138,Drizzle: Light,0,0,
4150,2021-09-14 17:12:00,40.651707,-73.86579,1,0,Unspecified,4457485,26.0,19.0,0.2,0.2,0.0,1.0,51,18.0,35.6,138,Drizzle: Light,1,1,
4151,2021-09-14 07:15:00,40.69596,-73.964096,0,0,Driver Inattention/Distraction,4457276,26.0,19.0,0.2,0.2,0.0,1.0,51,18.0,35.6,138,Drizzle: Light,0,0,
4152,2021-09-14 21:37:00,40.667095,-73.92276,0,0,Other Vehicular,4457426,26.0,19.0,0.2,0.2,0.0,1.0,51,18.0,35.6,138,Drizzle: Light,0,0,
4153,2021-09-14 13:00:00,40.67637,-73.88323,2,0,Unspecified,4457496,26.0,19.0,0.2,0.2,0.0,1.0,51,18.0,35.6,138,Drizzle: Light,2,2,
4154,2021-09-14 17:00:00,40.72165,-73.84121,0,0,Passing Too Closely,4457317,26.0,19.0,0.2,0.2,0.0,1.0,51,18.0,35.6,138,Drizzle: Light,0,0,
4155,2021-09-14 16:15:00,40.652946,-74.002174,0,0,Driver Inattention/Distraction,4457623,26.0,19.0,0.2,0.2,0.0,1.0,51,18.0,35.6,138,Drizzle: Light,0,0,
4156,2021-09-07 11:30:00,40.69782,-73.927826,1,0,Other Vehicular,4457812,25.9,15.2,0.0,0.0,0.0,0.0,1,12.5,25.6,259,Mainly clear,1,1,Sunny/Clear Conditions
4157,2021-09-14 21:50:00,0.0,0.0,0,0,Unspecified,4457268,26.0,19.0,0.2,0.2,0.0,1.0,51,18.0,35.6,138,Drizzle: Light,0,0,
4158,2021-09-14 23:57:00,40.74788,-73.85731,1,0,Driver Inattention/Distraction,4457727,26.0,19.0,0.2,0.2,0.0,1.0,51,18.0,35.6,138,Drizzle: Light,1,1,
4159,2021-09-14 15:05:00,40.679043,-73.995674,0,0,Unspecified,4457263,26.0,19.0,0.2,0.2,0.0,1.0,51,18.0,35.6,138,Drizzle: Light,0,0,
4160,2021-09-14 22:00:00,40.854465,-73.86656,0,0,Other Vehicular,4457757,26.0,19.0,0.2,0.2,0.0,1.0,51,18.0,35.6,138,Drizzle: Light,0,0,
4161,2021-04-19 13:30:00,40.693203,-73.953995,0,0,Passing Too Closely,4410159,16.9,5.0,0.0,0.0,0.0,0.0,3,14.7,31.0,214,Overcast,0,0,
4162,2021-04-21 17:15:00,40.68342,-73.982,0,0,Driver Inattention/Distraction,4409329,18.2,3.7,3.7,3.7,0.0,3.0,63,29.9,59.0,256,Rain: Moderate,0,0,
4163,2021-04-16 13:00:00,40.712963,-73.92761,0,0,Oversized Vehicle,4410517,11.8,3.7,2.9,2.9,0.0,12.0,53,23.5,49.0,307,Drizzle: Moderate,0,0,
4164,2021-04-18 14:50:00,40.7052,-73.795586,1,0,Failure to Yield Right-of-Way,4409779,15.1,5.3,0.2,0.2,0.0,2.0,51,13.2,28.4,282,Drizzle: Light,1,1,
4165,2021-04-21 11:15:00,40.78318,-73.94362,0,0,Alcohol Involvement,4409430,18.2,3.7,3.7,3.7,0.0,3.0,63,29.9,59.0,256,Rain: Moderate,0,0,
4166,2021-12-17 16:45:00,40.680664,-73.902626,0,0,Driver Inattention/Distraction,4487425,13.9,6.1,0.0,0.0,0.0,0.0,3,21.5,37.1,265,Overcast,0,0,
4167,2021-04-23 19:43:00,40.80297,-73.96387,0,0,Driver Inexperience,4409893,15.5,2.0,0.0,0.0,0.0,0.0,3,28.7,57.2,273,Overcast,0,0,
4168,2021-04-22 14:50:00,40.705418,-73.8607,0,0,Unspecified,4409761,7.9,1.3,0.0,0.0,0.0,0.0,3,34.0,64.4,289,Overcast,0,0,
4169,2021-04-22 17:20:00,40.865467,-73.86541,0,0,Unspecified,4409747,7.9,1.3,0.0,0.0,0.0,0.0,3,34.0,64.4,289,Overcast,0,0,
4170,2021-04-22 10:00:00,40.827198,-73.907036,0,0,Unspecified,4410130,7.9,1.3,0.0,0.0,0.0,0.0,3,34.0,64.4,289,Overcast,0,0,
4171,2021-04-22 13:30:00,40.698143,-73.98555,0,0,Passing or Lane Usage Improper,4409655,7.9,1.3,0.0,0.0,0.0,0.0,3,34.0,64.4,289,Overcast,0,0,
4172,2021-04-23 22:30:00,40.703377,-73.86343,0,0,Unspecified,4409941,15.5,2.0,0.0,0.0,0.0,0.0,3,28.7,57.2,273,Overcast,0,0,
4173,2021-04-23 14:40:00,40.65114,-73.89,0,0,Unspecified,4409882,15.5,2.0,0.0,0.0,0.0,0.0,3,28.7,57.2,273,Overcast,0,0,
4174,2021-04-22 17:19:00,40.749878,-73.88314,1,0,Driver Inattention/Distraction,4409632,7.9,1.3,0.0,0.0,0.0,0.0,3,34.0,64.4,289,Overcast,1,1,
4175,2021-04-21 02:06:00,40.74886,-73.93755,0,0,Driver Inattention/Distraction,4409025,18.2,3.7,3.7,3.7,0.0,3.0,63,29.9,59.0,256,Rain: Moderate,0,0,
4176,2021-04-01 17:35:00,40.828316,-73.93118,0,0,Unsafe Lane Changing,4410420,11.1,2.9,6.5,6.5,0.0,11.0,63,28.5,53.6,323,Rain: Moderate,0,0,
4177,2021-04-21 08:55:00,40.680725,-73.926605,0,0,Driver Inattention/Distraction,4410190,18.2,3.7,3.7,3.7,0.0,3.0,63,29.9,59.0,256,Rain: Moderate,0,0,
4178,2021-04-21 13:50:00,40.70547,-73.95024,1,0,Other Vehicular,4409365,18.2,3.7,3.7,3.7,0.0,3.0,63,29.9,59.0,256,Rain: Moderate,1,1,
4179,2021-04-23 00:26:00,40.76155,-73.96659,0,0,Turning Improperly,4409895,15.5,2.0,0.0,0.0,0.0,0.0,3,28.7,57.2,273,Overcast,0,0,
4180,2021-04-22 13:33:00,40.709904,-73.90757,0,0,Other Vehicular,4409766,7.9,1.3,0.0,0.0,0.0,0.0,3,34.0,64.4,289,Overcast,0,0,
4181,2021-04-17 01:00:00,40.669937,-73.95901,0,0,Unspecified,4409822,11.8,4.9,0.3,0.3,0.0,2.0,51,17.1,32.4,313,Drizzle: Light,0,0,
4182,2021-04-22 06:03:00,40.688786,-73.98358,0,0,Turning Improperly,4409500,7.9,1.3,0.0,0.0,0.0,0.0,3,34.0,64.4,289,Overcast,0,0,
4183,2021-04-23 15:06:00,40.69787,-73.743034,2,0,Traffic Control Disregarded,4409949,15.5,2.0,0.0,0.0,0.0,0.0,3,28.7,57.2,273,Overcast,2,2,
4184,2021-04-23 16:47:00,40.614788,-73.94658,0,0,Passing Too Closely,4410068,15.5,2.0,0.0,0.0,0.0,0.0,3,28.7,57.2,273,Overcast,0,0,
4185,2021-04-22 11:00:00,40.621685,-73.91199,0,0,Unspecified,4410397,7.9,1.3,0.0,0.0,0.0,0.0,3,34.0,64.4,289,Overcast,0,0,
4186,2021-12-16 01:45:00,40.86356,-73.843414,0,0,Driver Inattention/Distraction,4486910,14.6,9.9,0.0,0.0,0.0,0.0,3,22.4,38.5,222,Overcast,0,0,
4187,2021-04-21 22:47:00,40.711716,-73.94305,0,0,Alcohol Involvement,4409400,18.2,3.7,3.7,3.7,0.0,3.0,63,29.9,59.0,256,Rain: Moderate,0,0,
4188,2021-04-19 20:07:00,40.679634,-73.94959,0,0,Failure to Yield Right-of-Way,4410217,16.9,5.0,0.0,0.0,0.0,0.0,3,14.7,31.0,214,Overcast,0,0,
4189,2021-04-16 11:45:00,40.677048,-73.9387,0,0,Driver Inattention/Distraction,4410326,11.8,3.7,2.9,2.9,0.0,12.0,53,23.5,49.0,307,Drizzle: Moderate,0,0,
4190,2021-04-22 10:20:00,40.857365,-73.84657,0,0,Driver Inattention/Distraction,4409596,7.9,1.3,0.0,0.0,0.0,0.0,3,34.0,64.4,289,Overcast,0,0,
4191,2021-04-22 19:07:00,40.704483,-73.81419,0,0,Driver Inattention/Distraction,4409688,7.9,1.3,0.0,0.0,0.0,0.0,3,34.0,64.4,289,Overcast,0,0,
4192,2021-04-22 21:10:00,40.82371,-73.879,3,0,Unspecified,4409722,7.9,1.3,0.0,0.0,0.0,0.0,3,34.0,64.4,289,Overcast,3,3,
4193,2021-04-22 12:37:00,40.725388,-73.90884,0,0,Unspecified,4410345,7.9,1.3,0.0,0.0,0.0,0.0,3,34.0,64.4,289,Overcast,0,0,
4194,2021-12-09 20:05:00,40.755352,-73.98374,0,0,Driver Inattention/Distraction,4485716,3.6,-2.0,0.1,0.0,0.07,1.0,71,19.2,33.8,295,Snow fall: Light,0,0,Snowy Conditions
4195,2021-04-23 19:15:00,40.61651,-74.02666,2,0,Driver Inattention/Distraction,4409863,15.5,2.0,0.0,0.0,0.0,0.0,3,28.7,57.2,273,Overcast,2,2,
4196,2021-04-22 20:00:00,40.66615,-73.80575,1,0,Passing or Lane Usage Improper,4409653,7.9,1.3,0.0,0.0,0.0,0.0,3,34.0,64.4,289,Overcast,1,1,
4197,2021-04-23 06:30:00,40.83998,-73.87715,1,0,Backing Unsafely,4409793,15.5,2.0,0.0,0.0,0.0,0.0,3,28.7,57.2,273,Overcast,1,1,
4198,2021-04-23 17:13:00,40.666405,-73.74661,0,0,Following Too Closely,4409854,15.5,2.0,0.0,0.0,0.0,0.0,3,28.7,57.2,273,Overcast,0,0,
4199,2021-04-19 09:40:00,40.671085,-73.736275,1,0,Unspecified,4410176,16.9,5.0,0.0,0.0,0.0,0.0,3,14.7,31.0,214,Overcast,1,1,
4200,2021-03-29 20:05:00,40.702446,-73.90099,0,0,Driver Inattention/Distraction,4409934,11.4,4.3,0.1,0.1,0.0,1.0,51,35.4,67.7,292,Drizzle: Light,0,0,
4201,2021-04-23 18:10:00,40.753998,-73.94244,1,0,Reaction to Uninvolved Vehicle,4410113,15.5,2.0,0.0,0.0,0.0,0.0,3,28.7,57.2,273,Overcast,1,1,
4202,2021-04-22 23:05:00,40.64254,-73.87652,0,0,Unsafe Speed,4409679,7.9,1.3,0.0,0.0,0.0,0.0,3,34.0,64.4,289,Overcast,0,0,
4203,2021-04-21 09:00:00,40.65136,-73.86971,0,0,Unspecified,4409554,18.2,3.7,3.7,3.7,0.0,3.0,63,29.9,59.0,256,Rain: Moderate,0,0,
4204,2021-04-23 13:16:00,40.83501,-73.90353,0,0,Failure to Yield Right-of-Way,4410092,15.5,2.0,0.0,0.0,0.0,0.0,3,28.7,57.2,273,Overcast,0,0,
4205,2021-04-21 01:57:00,40.84062,-73.85409,0,0,Passing Too Closely,4409115,18.2,3.7,3.7,3.7,0.0,3.0,63,29.9,59.0,256,Rain: Moderate,0,0,
4206,2021-04-18 14:19:00,40.709778,-73.76607,1,0,Unspecified,4409799,15.1,5.3,0.2,0.2,0.0,2.0,51,13.2,28.4,282,Drizzle: Light,1,1,
4207,2021-04-21 17:00:00,40.694107,-73.89737,1,0,Following Too Closely,4409302,18.2,3.7,3.7,3.7,0.0,3.0,63,29.9,59.0,256,Rain: Moderate,1,1,
4208,2021-04-21 07:25:00,40.56015,-74.19968,0,0,Unsafe Lane Changing,4409964,18.2,3.7,3.7,3.7,0.0,3.0,63,29.9,59.0,256,Rain: Moderate,0,0,
4209,2021-04-22 09:07:00,40.651543,-74.017975,0,0,Passing Too Closely,4409996,7.9,1.3,0.0,0.0,0.0,0.0,3,34.0,64.4,289,Overcast,0,0,
4210,2021-04-23 16:40:00,40.876976,-73.88966,1,0,Failure to Yield Right-of-Way,4409920,15.5,2.0,0.0,0.0,0.0,0.0,3,28.7,57.2,273,Overcast,1,1,
4211,2021-04-17 17:20:00,40.811478,-73.91694,0,0,Other Vehicular,4410481,11.8,4.9,0.3,0.3,0.0,2.0,51,17.1,32.4,313,Drizzle: Light,0,0,
4212,2021-04-21 21:55:00,40.656273,-73.90731,1,0,Unspecified,4409436,18.2,3.7,3.7,3.7,0.0,3.0,63,29.9,59.0,256,Rain: Moderate,1,1,
4213,2021-04-23 15:15:00,40.741333,-73.98975,0,0,Following Too Closely,4410286,15.5,2.0,0.0,0.0,0.0,0.0,3,28.7,57.2,273,Overcast,0,0,
4214,2021-04-23 00:45:00,40.702984,-73.94586,0,0,Passing or Lane Usage Improper,4409886,15.5,2.0,0.0,0.0,0.0,0.0,3,28.7,57.2,273,Overcast,0,0,
4215,2021-04-19 00:15:00,40.86832,-73.83317,0,0,Driver Inattention/Distraction,4410532,16.9,5.0,0.0,0.0,0.0,0.0,3,14.7,31.0,214,Overcast,0,0,
4216,2021-04-23 18:15:00,40.662178,-73.85025,0,0,Reaction to Uninvolved Vehicle,4410237,15.5,2.0,0.0,0.0,0.0,0.0,3,28.7,57.2,273,Overcast,0,0,
4217,2021-04-22 10:00:00,40.684982,-73.79062,0,0,Failure to Yield Right-of-Way,4409754,7.9,1.3,0.0,0.0,0.0,0.0,3,34.0,64.4,289,Overcast,0,0,
4218,2021-09-14 12:51:00,40.705917,-73.752365,2,0,Unsafe Lane Changing,4457173,26.0,19.0,0.2,0.2,0.0,1.0,51,18.0,35.6,138,Drizzle: Light,2,2,
4219,2021-04-21 05:50:00,40.682514,-73.75665,1,0,Driver Inattention/Distraction,4409464,18.2,3.7,3.7,3.7,0.0,3.0,63,29.9,59.0,256,Rain: Moderate,1,1,
4220,2021-04-19 08:00:00,40.691895,-73.93384,0,0,Unspecified,4410195,16.9,5.0,0.0,0.0,0.0,0.0,3,14.7,31.0,214,Overcast,0,0,
4221,2021-04-21 06:45:00,40.756474,-73.94727,1,0,Failure to Yield Right-of-Way,4409509,18.2,3.7,3.7,3.7,0.0,3.0,63,29.9,59.0,256,Rain: Moderate,1,1,
4222,2021-04-22 00:05:00,40.815903,-73.94515,0,0,Unspecified,4409531,7.9,1.3,0.0,0.0,0.0,0.0,3,34.0,64.4,289,Overcast,0,0,
4223,2021-04-21 13:40:00,40.833813,-73.86275,0,0,Unspecified,4409252,18.2,3.7,3.7,3.7,0.0,3.0,63,29.9,59.0,256,Rain: Moderate,0,0,
4224,2021-04-22 14:00:00,40.600895,-74.176735,0,0,Backing Unsafely,4410431,7.9,1.3,0.0,0.0,0.0,0.0,3,34.0,64.4,289,Overcast,0,0,
4225,2021-04-23 21:43:00,40.848118,-73.93089,0,0,Following Too Closely,4410272,15.5,2.0,0.0,0.0,0.0,0.0,3,28.7,57.2,273,Overcast,0,0,
4226,2021-04-23 18:00:00,40.70003,-73.81279,1,0,Driver Inattention/Distraction,4409831,15.5,2.0,0.0,0.0,0.0,0.0,3,28.7,57.2,273,Overcast,1,1,
4227,2021-04-21 00:55:00,40.692135,-73.83485,3,1,Alcohol Involvement,4409176,18.2,3.7,3.7,3.7,0.0,3.0,63,29.9,59.0,256,Rain: Moderate,23,4,
4228,2021-04-21 12:00:00,40.83511,-73.91945,1,0,Driver Inattention/Distraction,4409702,18.2,3.7,3.7,3.7,0.0,3.0,63,29.9,59.0,256,Rain: Moderate,1,1,
4229,2021-04-22 19:01:00,40.76781,-73.96202,0,0,Driver Inattention/Distraction,4409715,7.9,1.3,0.0,0.0,0.0,0.0,3,34.0,64.4,289,Overcast,0,0,
4230,2021-04-18 17:27:00,40.695026,-73.75643,0,0,Failure to Yield Right-of-Way,4409734,15.1,5.3,0.2,0.2,0.0,2.0,51,13.2,28.4,282,Drizzle: Light,0,0,
4231,2021-04-22 18:00:00,40.747894,-73.989174,1,0,Passing or Lane Usage Improper,4410046,7.9,1.3,0.0,0.0,0.0,0.0,3,34.0,64.4,289,Overcast,1,1,
4232,2021-04-22 17:40:00,40.651936,-73.9294,0,0,Driver Inattention/Distraction,4409850,7.9,1.3,0.0,0.0,0.0,0.0,3,34.0,64.4,289,Overcast,0,0,
4233,2021-04-21 13:00:00,40.81738,-73.9257,0,0,Unspecified,4409233,18.2,3.7,3.7,3.7,0.0,3.0,63,29.9,59.0,256,Rain: Moderate,0,0,
4234,2021-04-21 11:05:00,40.79283,-73.96954,1,0,Backing Unsafely,4409179,18.2,3.7,3.7,3.7,0.0,3.0,63,29.9,59.0,256,Rain: Moderate,1,1,
4235,2021-04-23 17:36:00,40.843555,-73.90573,0,0,Backing Unsafely,4410171,15.5,2.0,0.0,0.0,0.0,0.0,3,28.7,57.2,273,Overcast,0,0,
4236,2021-04-22 20:30:00,40.596672,-73.989716,0,0,Backing Unsafely,4409664,7.9,1.3,0.0,0.0,0.0,0.0,3,34.0,64.4,289,Overcast,0,0,
4237,2021-04-23 09:30:00,40.68642,-73.75115,1,0,Unspecified,4409803,15.5,2.0,0.0,0.0,0.0,0.0,3,28.7,57.2,273,Overcast,1,1,
4238,2021-04-21 14:35:00,40.685276,-73.77241,0,0,Driver Inattention/Distraction,4409275,18.2,3.7,3.7,3.7,0.0,3.0,63,29.9,59.0,256,Rain: Moderate,0,0,
4239,2021-04-21 05:45:00,40.696087,-73.97533,0,0,Passing or Lane Usage Improper,4409147,18.2,3.7,3.7,3.7,0.0,3.0,63,29.9,59.0,256,Rain: Moderate,0,0,
4240,2021-04-22 16:30:00,40.63405,-73.97776,0,0,Unspecified,4410051,7.9,1.3,0.0,0.0,0.0,0.0,3,34.0,64.4,289,Overcast,0,0,
4241,2021-04-22 09:45:00,40.74468,-73.987305,0,0,Unspecified,4409530,7.9,1.3,0.0,0.0,0.0,0.0,3,34.0,64.4,289,Overcast,0,0,
4242,2021-04-23 18:48:00,40.72624,-73.93795,1,0,Failure to Yield Right-of-Way,4410442,15.5,2.0,0.0,0.0,0.0,0.0,3,28.7,57.2,273,Overcast,1,1,
4243,2021-04-23 10:45:00,40.599495,-73.997604,0,0,Driver Inattention/Distraction,4409786,15.5,2.0,0.0,0.0,0.0,0.0,3,28.7,57.2,273,Overcast,0,0,
4244,2021-04-23 23:55:00,40.65501,-73.72964,0,0,Failure to Yield Right-of-Way,4409924,15.5,2.0,0.0,0.0,0.0,0.0,3,28.7,57.2,273,Overcast,0,0,
4245,2021-04-22 01:10:00,40.805557,-73.91047,0,0,Failure to Yield Right-of-Way,4409389,7.9,1.3,0.0,0.0,0.0,0.0,3,34.0,64.4,289,Overcast,0,0,
4246,2021-04-23 20:48:00,40.708763,-73.998116,0,0,Reaction to Uninvolved Vehicle,4410079,15.5,2.0,0.0,0.0,0.0,0.0,3,28.7,57.2,273,Overcast,0,0,
4247,2021-04-23 17:53:00,40.682285,-73.80805,0,0,Driver Inattention/Distraction,4410242,15.5,2.0,0.0,0.0,0.0,0.0,3,28.7,57.2,273,Overcast,0,0,
4248,2021-04-20 12:10:00,40.689445,-73.95513,0,0,Brakes Defective,4410367,21.4,6.5,0.0,0.0,0.0,0.0,3,26.0,56.2,223,Overcast,0,0,
4249,2021-04-20 14:00:00,40.81608,-73.917694,2,0,Driver Inattention/Distraction,4410495,21.4,6.5,0.0,0.0,0.0,0.0,3,26.0,56.2,223,Overcast,2,2,
4250,2021-04-21 16:50:00,40.849075,-73.88289,0,0,Traffic Control Disregarded,4409412,18.2,3.7,3.7,3.7,0.0,3.0,63,29.9,59.0,256,Rain: Moderate,0,0,
4251,2021-04-23 07:30:00,40.822323,-73.910706,0,0,Unspecified,4409758,15.5,2.0,0.0,0.0,0.0,0.0,3,28.7,57.2,273,Overcast,0,0,
4252,2021-04-23 09:46:00,40.848392,-73.937675,0,0,Passing Too Closely,4409771,15.5,2.0,0.0,0.0,0.0,0.0,3,28.7,57.2,273,Overcast,0,0,
4253,2021-04-22 09:51:00,40.760536,-73.95836,0,0,Unsafe Lane Changing,4409543,7.9,1.3,0.0,0.0,0.0,0.0,3,34.0,64.4,289,Overcast,0,0,
4254,2021-04-21 08:00:00,40.702957,-73.74332,0,0,Backing Unsafely,4409979,18.2,3.7,3.7,3.7,0.0,3.0,63,29.9,59.0,256,Rain: Moderate,0,0,
4255,2021-04-21 05:50:00,40.77077,-73.91727,2,0,Unspecified,4409472,18.2,3.7,3.7,3.7,0.0,3.0,63,29.9,59.0,256,Rain: Moderate,2,2,
4256,2021-09-14 17:00:00,40.709393,-73.9219,0,0,Passing Too Closely,4457298,26.0,19.0,0.2,0.2,0.0,1.0,51,18.0,35.6,138,Drizzle: Light,0,0,
4257,2021-04-23 17:37:00,40.821415,-73.88933,0,0,Alcohol Involvement,4410021,15.5,2.0,0.0,0.0,0.0,0.0,3,28.7,57.2,273,Overcast,0,0,
4258,2021-04-23 21:59:00,40.742218,-73.9912,0,0,Following Too Closely,4410151,15.5,2.0,0.0,0.0,0.0,0.0,3,28.7,57.2,273,Overcast,0,0,
4259,2021-04-21 22:50:00,40.66305,-73.848564,7,0,Unsafe Speed,4409535,18.2,3.7,3.7,3.7,0.0,3.0,63,29.9,59.0,256,Rain: Moderate,7,7,
4260,2021-04-21 07:00:00,40.78114,-73.90901,0,0,Turning Improperly,4409165,18.2,3.7,3.7,3.7,0.0,3.0,63,29.9,59.0,256,Rain: Moderate,0,0,
4261,2021-04-22 23:55:00,40.69695,-73.962776,1,0,Driver Inexperience,4409835,7.9,1.3,0.0,0.0,0.0,0.0,3,34.0,64.4,289,Overcast,1,1,
4262,2021-04-21 17:46:00,40.6175,-74.02163,0,0,Unspecified,4409371,18.2,3.7,3.7,3.7,0.0,3.0,63,29.9,59.0,256,Rain: Moderate,0,0,
4263,2021-04-23 17:45:00,40.67657,-73.915184,0,0,Unspecified,4410104,15.5,2.0,0.0,0.0,0.0,0.0,3,28.7,57.2,273,Overcast,0,0,
4264,2021-04-22 16:10:00,40.628284,-73.91694,0,0,Driver Inattention/Distraction,4410408,7.9,1.3,0.0,0.0,0.0,0.0,3,34.0,64.4,289,Overcast,0,0,