,CRASH DATETIME,LATITUDE,LONGITUDE,NUMBER OF PERSONS INJURED,NUMBER OF PERSONS KILLED,CONTRIBUTING FACTOR VEHICLE 1,COLLISION_ID,temperature_2m_max,temperature_2m_min,precipitation_sum,rain_sum,snowfall_sum,precipitation_hours,weather_code,wind_speed_10m_max,wind_gusts_10m_max,wind_direction_10m_dominant,Weather Description,Severity_Score,Total_Affected_Persons,Weather_Category
4265,2021-04-23 17:14:00,40.65011,-73.930214,0,0,Traffic Control Disregarded,4409830,15.5,2.0,0.0,0.0,0.0,0.0,3,28.7,57.2,273,Overcast,0,0,
4266,2021-04-21 20:05:00,40.814186,-73.94826,0,0,Passing or Lane Usage Improper,4409739,18.2,3.7,3.7,3.7,0.0,3.0,63,29.9,59.0,256,Rain: Moderate,0,0,
4267,2021-04-21 18:55:00,40.84434,-73.91475,0,0,Unspecified,4409459,18.2,3.7,3.7,3.7,0.0,3.0,63,29.9,59.0,256,Rain: Moderate,0,0,
4268,2021-04-22 12:00:00,40.715084,-73.75383,1,0,Unspecified,4409620,7.9,1.3,0.0,0.0,0.0,0.0,3,34.0,64.4,289,Overcast,1,1,
4269,2021-04-22 07:00:00,40.575085,-74.10512,0,0,Unspecified,4409703,7.9,1.3,0.0,0.0,0.0,0.0,3,34.0,64.4,289,Overcast,0,0,
4270,2021-04-23 14:50:00,40.634792,-74.032326,1,0,Driver Inattention/Distraction,4409862,15.5,2.0,0.0,0.0,0.0,0.0,3,28.7,57.2,273,Overcast,1,1,
4271,2021-04-21 17:20:00,40.712646,-73.89936,1,0,Driver Inattention/Distraction,4409304,18.2,3.7,3.7,3.7,0.0,3.0,63,29.9,59.0,256,Rain: Moderate,1,1,
4272,2021-04-18 11:50:00,40.842697,-73.82519,0,0,Passing or Lane Usage Improper,4409730,15.1,5.3,0.2,0.2,0.0,2.0,51,13.2,28.4,282,Drizzle: Light,0,0,
4273,2021-04-21 12:00:00,40.615753,-74.08754,1,0,Traffic Control Disregarded,4409346,18.2,3.7,3.7,3.7,0.0,3.0,63,29.9,59.0,256,Rain: Moderate,1,1,
4274,2021-04-21 19:30:00,40.8047,-73.91243,2,0,Turning Improperly,4409671,18.2,3.7,3.7,3.7,0.0,3.0,63,29.9,59.0,256,Rain: Moderate,2,2,
4275,2021-04-21 10:30:00,40.752224,-74.00141,0,0,Unspecified,4409205,18.2,3.7,3.7,3.7,0.0,3.0,63,29.9,59.0,256,Rain: Moderate,0,0,
4276,2021-04-22 13:40:00,40.86769,-73.92122,2,0,Following Too Closely,4409595,7.9,1.3,0.0,0.0,0.0,0.0,3,34.0,64.4,289,Overcast,2,2,
4277,2021-04-22 00:00:00,40.70269,-73.96509,0,0,Backing Unsafely,4409889,7.9,1.3,0.0,0.0,0.0,0.0,3,34.0,64.4,289,Overcast,0,0,
4278,2021-04-15 14:45:00,40.85394,-73.91468,0,0,Unspecified,4409908,12.9,7.7,15.9,15.9,0.0,15.0,63,17.3,32.0,166,Rain: Moderate,0,0,
4279,2021-04-21 08:30:00,40.645123,-73.986916,0,0,Driver Inattention/Distraction,4409488,18.2,3.7,3.7,3.7,0.0,3.0,63,29.9,59.0,256,Rain: Moderate,0,0,
4280,2021-04-23 11:22:00,40.654278,-73.92292,0,0,Unspecified,4410377,15.5,2.0,0.0,0.0,0.0,0.0,3,28.7,57.2,273,Overcast,0,0,
4281,2021-04-23 14:40:00,40.85934,-73.90448,0,0,Passing or Lane Usage Improper,4410460,15.5,2.0,0.0,0.0,0.0,0.0,3,28.7,57.2,273,Overcast,0,0,
4282,2021-04-22 08:40:00,40.83566,-73.840034,1,0,Other Vehicular,4409516,7.9,1.3,0.0,0.0,0.0,0.0,3,34.0,64.4,289,Overcast,1,1,
4283,2021-04-23 18:45:00,40.83295,-73.89869,0,0,Unspecified,4410084,15.5,2.0,0.0,0.0,0.0,0.0,3,28.7,57.2,273,Overcast,0,0,
4284,2021-04-23 20:45:00,40.63155,-73.90633,0,0,Traffic Control Disregarded,4409857,15.5,2.0,0.0,0.0,0.0,0.0,3,28.7,57.2,273,Overcast,0,0,
4285,2021-04-23 07:20:00,40.688995,-73.78581,0,0,Traffic Control Disregarded,4409735,15.5,2.0,0.0,0.0,0.0,0.0,3,28.7,57.2,273,Overcast,0,0,
4286,2021-04-23 06:30:00,40.855553,-73.88757,0,0,Driver Inattention/Distraction,4409790,15.5,2.0,0.0,0.0,0.0,0.0,3,28.7,57.2,273,Overcast,0,0,
4287,2021-04-23 08:20:00,40.773808,-73.8929,1,0,Backing Unsafely,4410123,15.5,2.0,0.0,0.0,0.0,0.0,3,28.7,57.2,273,Overcast,1,1,
4288,2021-04-22 13:55:00,40.824432,-73.873604,0,0,Unspecified,4409588,7.9,1.3,0.0,0.0,0.0,0.0,3,34.0,64.4,289,Overcast,0,0,
4289,2021-04-20 17:00:00,40.830257,-73.914856,0,0,Driver Inattention/Distraction,4410160,21.4,6.5,0.0,0.0,0.0,0.0,3,26.0,56.2,223,Overcast,0,0,
4290,2021-04-22 22:35:00,40.60073,-73.90163,0,0,Unsafe Lane Changing,4409659,7.9,1.3,0.0,0.0,0.0,0.0,3,34.0,64.4,289,Overcast,0,0,
4291,2021-04-23 19:00:00,40.739902,-73.791275,0,0,Failure to Yield Right-of-Way,4409900,15.5,2.0,0.0,0.0,0.0,0.0,3,28.7,57.2,273,Overcast,0,0,
4292,2021-04-21 19:50:00,40.866047,-73.87207,0,0,Passing or Lane Usage Improper,4409385,18.2,3.7,3.7,3.7,0.0,3.0,63,29.9,59.0,256,Rain: Moderate,0,0,
4293,2021-04-22 13:15:00,40.715954,-73.986725,0,0,Oversized Vehicle,4409639,7.9,1.3,0.0,0.0,0.0,0.0,3,34.0,64.4,289,Overcast,0,0,
4294,2021-09-12 17:54:00,40.823143,-73.891815,0,0,Unspecified,4457872,28.8,18.3,0.0,0.0,0.0,0.0,3,24.3,46.8,233,Overcast,0,0,
4295,2021-04-23 18:30:00,40.71,-73.86549,0,0,Oversized Vehicle,4409937,15.5,2.0,0.0,0.0,0.0,0.0,3,28.7,57.2,273,Overcast,0,0,
4296,2021-04-21 20:50:00,40.70212,-73.90959,0,0,Passing Too Closely,4409762,18.2,3.7,3.7,3.7,0.0,3.0,63,29.9,59.0,256,Rain: Moderate,0,0,
4297,2021-04-23 19:53:00,40.755802,-73.986404,0,0,Failure to Yield Right-of-Way,4410057,15.5,2.0,0.0,0.0,0.0,0.0,3,28.7,57.2,273,Overcast,0,0,
4298,2021-04-23 20:25:00,40.81162,-73.93117,0,0,Other Vehicular,4410500,15.5,2.0,0.0,0.0,0.0,0.0,3,28.7,57.2,273,Overcast,0,0,
4299,2021-04-21 15:30:00,40.651863,-73.86536,0,0,Following Too Closely,4409356,18.2,3.7,3.7,3.7,0.0,3.0,63,29.9,59.0,256,Rain: Moderate,0,0,
4300,2021-04-20 13:25:00,40.714397,-73.89799,1,0,Traffic Control Disregarded,4409767,21.4,6.5,0.0,0.0,0.0,0.0,3,26.0,56.2,223,Overcast,1,1,
4301,2021-04-23 08:45:00,40.736042,-73.75603,0,0,Unspecified,4409894,15.5,2.0,0.0,0.0,0.0,0.0,3,28.7,57.2,273,Overcast,0,0,
4302,2021-04-22 21:35:00,40.676132,-73.921906,1,0,Lost Consciousness,4410098,7.9,1.3,0.0,0.0,0.0,0.0,3,34.0,64.4,289,Overcast,1,1,
4303,2021-04-21 17:37:00,40.846577,-73.913155,0,0,Following Too Closely,4409441,18.2,3.7,3.7,3.7,0.0,3.0,63,29.9,59.0,256,Rain: Moderate,0,0,
4304,2021-04-23 09:55:00,40.749283,-73.86139,0,0,Driver Inattention/Distraction,4409811,15.5,2.0,0.0,0.0,0.0,0.0,3,28.7,57.2,273,Overcast,0,0,
4305,2021-04-23 11:18:00,40.903057,-73.91017,0,0,Backing Unsafely,4410222,15.5,2.0,0.0,0.0,0.0,0.0,3,28.7,57.2,273,Overcast,0,0,
4306,2021-04-21 06:30:00,40.648037,-74.001564,0,0,Unspecified,4409314,18.2,3.7,3.7,3.7,0.0,3.0,63,29.9,59.0,256,Rain: Moderate,0,0,
4307,2021-09-14 11:30:00,40.69911,-73.93402,0,0,Passing Too Closely,4457809,26.0,19.0,0.2,0.2,0.0,1.0,51,18.0,35.6,138,Drizzle: Light,0,0,
4308,2021-04-22 08:05:00,40.878983,-73.90609,0,0,Unspecified,4410228,7.9,1.3,0.0,0.0,0.0,0.0,3,34.0,64.4,289,Overcast,0,0,
4309,2021-04-23 06:40:00,40.670887,-73.93649,0,0,Driver Inattention/Distraction,4410331,15.5,2.0,0.0,0.0,0.0,0.0,3,28.7,57.2,273,Overcast,0,0,
4310,2021-04-22 13:55:00,40.740265,-73.87062,0,0,View Obstructed/Limited,4409707,7.9,1.3,0.0,0.0,0.0,0.0,3,34.0,64.4,289,Overcast,0,0,
4311,2021-04-23 17:35:00,40.679348,-73.750336,0,0,Unsafe Speed,4409867,15.5,2.0,0.0,0.0,0.0,0.0,3,28.7,57.2,273,Overcast,0,0,
4312,2021-04-21 22:07:00,40.628647,-73.95207,0,0,Driver Inattention/Distraction,4409419,18.2,3.7,3.7,3.7,0.0,3.0,63,29.9,59.0,256,Rain: Moderate,0,0,
4313,2021-04-20 18:30:00,40.62451,-73.92747,0,0,Unspecified,4410412,21.4,6.5,0.0,0.0,0.0,0.0,3,26.0,56.2,223,Overcast,0,0,
4314,2021-04-20 15:50:00,40.697247,-73.78965,1,0,Driver Inattention/Distraction,4409810,21.4,6.5,0.0,0.0,0.0,0.0,3,26.0,56.2,223,Overcast,1,1,
4315,2021-04-21 07:08:00,40.713577,-73.94647,0,0,Driver Inattention/Distraction,4409366,18.2,3.7,3.7,3.7,0.0,3.0,63,29.9,59.0,256,Rain: Moderate,0,0,
4316,2021-04-22 00:31:00,40.83846,-73.90175,0,0,Driver Inattention/Distraction,4409420,7.9,1.3,0.0,0.0,0.0,0.0,3,34.0,64.4,289,Overcast,0,0,
4317,2021-04-22 19:31:00,40.89232,-73.85896,0,0,Unspecified,4410183,7.9,1.3,0.0,0.0,0.0,0.0,3,34.0,64.4,289,Overcast,0,0,
4318,2021-04-17 01:50:00,40.780884,-73.98371,1,0,Alcohol Involvement,4409825,11.8,4.9,0.3,0.3,0.0,2.0,51,17.1,32.4,313,Drizzle: Light,1,1,
4319,2021-04-21 09:05:00,40.84519,-73.9112,0,0,Other Vehicular,4409402,18.2,3.7,3.7,3.7,0.0,3.0,63,29.9,59.0,256,Rain: Moderate,0,0,
4320,2021-04-18 13:45:00,40.65333,-73.91285,0,0,Unspecified,4409842,15.1,5.3,0.2,0.2,0.0,2.0,51,13.2,28.4,282,Drizzle: Light,0,0,
4321,2024-09-21 01:32:00,40.747974,-73.75999,0,0,Passing or Lane Usage Improper,4757494,26.3,15.1,0.0,0.0,0.0,0.0,3,16.0,32.4,32,Overcast,0,0,
4322,2021-04-21 00:00:00,40.736572,-73.907715,1,0,Driver Inattention/Distraction,4409026,18.2,3.7,3.7,3.7,0.0,3.0,63,29.9,59.0,256,Rain: Moderate,1,1,
4323,2021-04-22 00:00:00,40.712914,-73.734436,4,0,Driver Inattention/Distraction,4409675,7.9,1.3,0.0,0.0,0.0,0.0,3,34.0,64.4,289,Overcast,4,4,
4324,2021-04-23 10:15:00,40.811512,-73.89053,0,0,Unspecified,4409929,15.5,2.0,0.0,0.0,0.0,0.0,3,28.7,57.2,273,Overcast,0,0,
4325,2021-04-23 19:15:00,40.66786,-73.76656,0,0,Unsafe Speed,4409956,15.5,2.0,0.0,0.0,0.0,0.0,3,28.7,57.2,273,Overcast,0,0,
4326,2021-04-21 03:20:00,40.800552,-73.958206,0,0,Passing Too Closely,4409560,18.2,3.7,3.7,3.7,0.0,3.0,63,29.9,59.0,256,Rain: Moderate,0,0,
4327,2021-04-21 16:55:00,40.790623,-73.942444,1,0,Passing Too Closely,4409721,18.2,3.7,3.7,3.7,0.0,3.0,63,29.9,59.0,256,Rain: Moderate,1,1,
4328,2021-04-22 14:20:00,40.61883,-74.164345,0,0,Driver Inattention/Distraction,4409706,7.9,1.3,0.0,0.0,0.0,0.0,3,34.0,64.4,289,Overcast,0,0,
4329,2021-04-22 07:37:00,40.680164,-73.733154,2,0,Unspecified,4409631,7.9,1.3,0.0,0.0,0.0,0.0,3,34.0,64.4,289,Overcast,2,2,
4330,2021-04-23 18:42:00,40.745872,-73.914375,0,0,Unspecified,4409866,15.5,2.0,0.0,0.0,0.0,0.0,3,28.7,57.2,273,Overcast,0,0,
4331,2021-04-22 18:00:00,40.69476,-73.99139,0,0,Unspecified,4409654,7.9,1.3,0.0,0.0,0.0,0.0,3,34.0,64.4,289,Overcast,0,0,
4332,2021-04-21 10:25:00,40.703835,-73.778496,0,0,Outside Car Distraction,4409311,18.2,3.7,3.7,3.7,0.0,3.0,63,29.9,59.0,256,Rain: Moderate,0,0,
4333,2021-04-05 00:40:00,40.69759,-73.90194,2,0,Unspecified,4409794,18.0,5.6,0.0,0.0,0.0,0.0,2,25.7,49.0,313,Partly cloudy,2,2,
4334,2021-04-21 08:25:00,40.764915,-73.95517,0,0,Driver Inattention/Distraction,4409403,18.2,3.7,3.7,3.7,0.0,3.0,63,29.9,59.0,256,Rain: Moderate,0,0,
4335,2021-04-17 17:20:00,40.706406,-73.89691,1,0,Passing or Lane Usage Improper,4409935,11.8,4.9,0.3,0.3,0.0,2.0,51,17.1,32.4,313,Drizzle: Light,1,1,
4336,2021-04-23 18:00:00,40.665257,-73.739555,1,0,Unspecified,4409853,15.5,2.0,0.0,0.0,0.0,0.0,3,28.7,57.2,273,Overcast,1,1,
4337,2021-04-21 09:00:00,40.728992,-73.95067,0,0,Driver Inattention/Distraction,4409680,18.2,3.7,3.7,3.7,0.0,3.0,63,29.9,59.0,256,Rain: Moderate,0,0,
4338,2021-04-23 18:35:00,40.577946,-74.102325,0,0,Passing or Lane Usage Improper,4409959,15.5,2.0,0.0,0.0,0.0,0.0,3,28.7,57.2,273,Overcast,0,0,
4339,2021-04-22 15:25:00,40.81722,-73.95228,0,0,Unsafe Speed,4410184,7.9,1.3,0.0,0.0,0.0,0.0,3,34.0,64.4,289,Overcast,0,0,
4340,2021-04-23 09:55:00,40.633312,-73.97629,0,0,Driver Inattention/Distraction,4410472,15.5,2.0,0.0,0.0,0.0,0.0,3,28.7,57.2,273,Overcast,0,0,
4341,2021-04-21 02:24:00,40.6332,-74.092865,0,0,Fell Asleep,4409357,18.2,3.7,3.7,3.7,0.0,3.0,63,29.9,59.0,256,Rain: Moderate,0,0,
4342,2021-04-21 17:00:00,40.657555,-73.894196,0,0,Driver Inattention/Distraction,4409553,18.2,3.7,3.7,3.7,0.0,3.0,63,29.9,59.0,256,Rain: Moderate,0,0,
4343,2021-04-23 17:02:00,40.86357,-73.92602,0,1,Driver Inexperience,4410389,15.5,2.0,0.0,0.0,0.0,0.0,3,28.7,57.2,273,Overcast,20,1,
4344,2021-04-23 16:25:00,40.885303,-73.82954,0,0,Passing or Lane Usage Improper,4410523,15.5,2.0,0.0,0.0,0.0,0.0,3,28.7,57.2,273,Overcast,0,0,
4345,2021-04-18 00:30:00,40.756657,-73.9141,0,0,Driver Inattention/Distraction,4409795,15.1,5.3,0.2,0.2,0.0,2.0,51,13.2,28.4,282,Drizzle: Light,0,0,
4346,2021-04-22 16:25:00,40.769737,-73.91244,1,0,Traffic Control Disregarded,4409603,7.9,1.3,0.0,0.0,0.0,0.0,3,34.0,64.4,289,Overcast,1,1,
4347,2021-04-19 07:40:00,40.704224,-73.807274,0,0,Passing Too Closely,4409780,16.9,5.0,0.0,0.0,0.0,0.0,3,14.7,31.0,214,Overcast,0,0,
4348,2021-04-23 09:20:00,40.575375,-74.18999,0,0,Reaction to Uninvolved Vehicle,4409965,15.5,2.0,0.0,0.0,0.0,0.0,3,28.7,57.2,273,Overcast,0,0,
4349,2021-04-21 16:14:00,40.585037,-73.95645,0,0,Unspecified,4409381,18.2,3.7,3.7,3.7,0.0,3.0,63,29.9,59.0,256,Rain: Moderate,0,0,
4350,2021-04-23 16:50:00,40.65636,-73.93479,0,0,Unspecified,4410285,15.5,2.0,0.0,0.0,0.0,0.0,3,28.7,57.2,273,Overcast,0,0,
4351,2021-04-22 23:00:00,40.76671,-73.917114,0,0,Unspecified,4410483,7.9,1.3,0.0,0.0,0.0,0.0,3,34.0,64.4,289,Overcast,0,0,
4352,2021-04-22 15:35:00,40.861164,-73.857574,1,0,Driver Inattention/Distraction,4409748,7.9,1.3,0.0,0.0,0.0,0.0,3,34.0,64.4,289,Overcast,1,1,
4353,2021-04-21 11:30:00,40.63663,-73.94204,0,0,Backing Unsafely,4410354,18.2,3.7,3.7,3.7,0.0,3.0,63,29.9,59.0,256,Rain: Moderate,0,0,
4354,2021-03-30 18:30:00,40.843475,-73.92467,0,0,Passing Too Closely,4410421,12.8,0.5,0.0,0.0,0.0,0.0,3,27.4,51.8,164,Overcast,0,0,
4355,2021-04-22 19:16:00,40.767532,-73.953255,1,0,Driver Inattention/Distraction,4409716,7.9,1.3,0.0,0.0,0.0,0.0,3,34.0,64.4,289,Overcast,1,1,
4356,2021-04-21 18:30:00,40.817513,-73.91712,1,0,Unspecified,4409670,18.2,3.7,3.7,3.7,0.0,3.0,63,29.9,59.0,256,Rain: Moderate,1,1,
4357,2021-04-21 08:48:00,40.724792,-73.9088,0,0,Driver Inattention/Distraction,4409763,18.2,3.7,3.7,3.7,0.0,3.0,63,29.9,59.0,256,Rain: Moderate,0,0,
4358,2021-04-21 09:56:00,40.643784,-73.90218,1,0,Pavement Slippery,4409201,18.2,3.7,3.7,3.7,0.0,3.0,63,29.9,59.0,256,Rain: Moderate,1,1,
4359,2021-04-21 11:53:00,40.634533,-73.89304,0,0,Backing Unsafely,4409238,18.2,3.7,3.7,3.7,0.0,3.0,63,29.9,59.0,256,Rain: Moderate,0,0,
4360,2021-04-23 16:30:00,40.68576,-73.915504,0,0,Unspecified,4410093,15.5,2.0,0.0,0.0,0.0,0.0,3,28.7,57.2,273,Overcast,0,0,
4361,2021-04-22 07:40:00,40.73251,-73.857056,1,0,Driver Inattention/Distraction,4409476,7.9,1.3,0.0,0.0,0.0,0.0,3,34.0,64.4,289,Overcast,1,1,
4362,2021-04-23 15:22:00,40.582756,-74.13041,0,0,Driver Inexperience,4410554,15.5,2.0,0.0,0.0,0.0,0.0,3,28.7,57.2,273,Overcast,0,0,
4363,2021-04-23 22:30:00,40.825096,-73.87263,0,0,Failure to Yield Right-of-Way,4410029,15.5,2.0,0.0,0.0,0.0,0.0,3,28.7,57.2,273,Overcast,0,0,
4364,2021-09-14 07:30:00,40.719055,-74.01245,0,0,Unspecified,4457567,26.0,19.0,0.2,0.2,0.0,1.0,51,18.0,35.6,138,Drizzle: Light,0,0,
4365,2021-04-22 16:45:00,40.79172,-73.95299,0,0,Failure to Yield Right-of-Way,4409711,7.9,1.3,0.0,0.0,0.0,0.0,3,34.0,64.4,289,Overcast,0,0,
4366,2021-04-21 09:45:00,40.649277,-73.94361,1,0,Aggressive Driving/Road Rage,4409330,18.2,3.7,3.7,3.7,0.0,3.0,63,29.9,59.0,256,Rain: Moderate,1,1,
4367,2021-04-23 15:45:00,40.71982,-73.775856,0,0,Driver Inattention/Distraction,4409838,15.5,2.0,0.0,0.0,0.0,0.0,3,28.7,57.2,273,Overcast,0,0,
4368,2021-04-21 16:20:00,40.881264,-73.83875,1,0,Unspecified,4409538,18.2,3.7,3.7,3.7,0.0,3.0,63,29.9,59.0,256,Rain: Moderate,1,1,
4369,2021-04-23 11:15:00,40.685585,-73.78584,0,0,Unspecified,4409821,15.5,2.0,0.0,0.0,0.0,0.0,3,28.7,57.2,273,Overcast,0,0,
4370,2021-04-23 02:10:00,40.610214,-74.1202,0,0,Following Too Closely,4410134,15.5,2.0,0.0,0.0,0.0,0.0,3,28.7,57.2,273,Overcast,0,0,
4371,2021-04-10 22:55:00,40.646923,-73.94818,0,0,Traffic Control Disregarded,4409843,17.0,7.7,1.2,1.2,0.0,3.0,53,14.4,31.7,166,Drizzle: Moderate,0,0,
4372,2021-04-22 18:35:00,40.725777,-73.79175,0,0,Failure to Yield Right-of-Way,4409687,7.9,1.3,0.0,0.0,0.0,0.0,3,34.0,64.4,289,Overcast,0,0,
4373,2021-04-22 13:40:00,40.597733,-73.94139,1,0,Driver Inattention/Distraction,4410456,7.9,1.3,0.0,0.0,0.0,0.0,3,34.0,64.4,289,Overcast,1,1,
4374,2021-04-21 09:50:00,40.668247,-73.84602,2,0,Passing or Lane Usage Improper,4409166,18.2,3.7,3.7,3.7,0.0,3.0,63,29.9,59.0,256,Rain: Moderate,2,2,
4375,2021-04-21 16:10:00,40.675426,-73.98208,0,0,Driver Inattention/Distraction,4409426,18.2,3.7,3.7,3.7,0.0,3.0,63,29.9,59.0,256,Rain: Moderate,0,0,
4376,2021-04-21 16:20:00,40.62717,-73.98214,0,0,Unspecified,4409489,18.2,3.7,3.7,3.7,0.0,3.0,63,29.9,59.0,256,Rain: Moderate,0,0,
4377,2021-04-10 22:00:00,40.736057,-73.87669,0,0,Unspecified,4410538,17.0,7.7,1.2,1.2,0.0,3.0,53,14.4,31.7,166,Drizzle: Moderate,0,0,
4378,2021-04-23 18:46:00,40.676163,-73.922386,1,0,Driver Inattention/Distraction,4410325,15.5,2.0,0.0,0.0,0.0,0.0,3,28.7,57.2,273,Overcast,1,1,
4379,2021-04-21 09:30:00,40.7509,-73.99812,0,0,Passing Too Closely,4409218,18.2,3.7,3.7,3.7,0.0,3.0,63,29.9,59.0,256,Rain: Moderate,0,0,
4380,2021-04-21 15:10:00,40.73496,-73.93857,0,0,Aggressive Driving/Road Rage,4409370,18.2,3.7,3.7,3.7,0.0,3.0,63,29.9,59.0,256,Rain: Moderate,0,0,
4381,2021-04-20 16:00:00,40.708675,-73.956314,1,0,Passing or Lane Usage Improper,4409881,21.4,6.5,0.0,0.0,0.0,0.0,3,26.0,56.2,223,Overcast,1,1,
4382,2021-04-21 19:20:00,40.66675,-73.779945,0,0,Driver Inattention/Distraction,4409622,18.2,3.7,3.7,3.7,0.0,3.0,63,29.9,59.0,256,Rain: Moderate,0,0,
4383,2021-04-23 20:46:00,40.759727,-73.99169,1,0,Unspecified,4410047,15.5,2.0,0.0,0.0,0.0,0.0,3,28.7,57.2,273,Overcast,1,1,
4384,2021-04-19 23:35:00,40.753242,-73.96662,1,0,Driver Inattention/Distraction,4409899,16.9,5.0,0.0,0.0,0.0,0.0,3,14.7,31.0,214,Overcast,1,1,
4385,2021-04-22 15:00:00,40.625786,-73.89309,0,0,Following Too Closely,4409658,7.9,1.3,0.0,0.0,0.0,0.0,3,34.0,64.4,289,Overcast,0,0,
4386,2021-04-22 08:58:00,40.761272,-73.95571,0,0,Passing Too Closely,4409544,7.9,1.3,0.0,0.0,0.0,0.0,3,34.0,64.4,289,Overcast,0,0,
4387,2021-04-17 00:00:00,40.752514,-73.87438,0,0,Unspecified,4409775,11.8,4.9,0.3,0.3,0.0,2.0,51,17.1,32.4,313,Drizzle: Light,0,0,
4388,2021-04-21 18:40:00,40.70066,-73.98775,0,0,Driver Inattention/Distraction,4409325,18.2,3.7,3.7,3.7,0.0,3.0,63,29.9,59.0,256,Rain: Moderate,0,0,
4389,2021-04-22 14:20:00,40.65505,-73.95631,2,0,Unspecified,4409849,7.9,1.3,0.0,0.0,0.0,0.0,3,34.0,64.4,289,Overcast,2,2,
4390,2021-04-21 13:30:00,40.729744,-73.94423,0,0,Turning Improperly,4409376,18.2,3.7,3.7,3.7,0.0,3.0,63,29.9,59.0,256,Rain: Moderate,0,0,
4391,2021-02-05 20:00:00,40.68843,-73.89132,4,0,Following Too Closely,4409743,5.2,-3.1,1.9,1.2,0.49,4.0,73,20.2,35.3,210,Snow fall: Moderate,4,4,Snowy Conditions
4392,2021-04-23 22:54:00,40.813374,-73.956276,0,0,Unspecified,4410189,15.5,2.0,0.0,0.0,0.0,0.0,3,28.7,57.2,273,Overcast,0,0,
4393,2021-04-23 23:30:00,40.640583,-73.95573,1,0,Unspecified,4410069,15.5,2.0,0.0,0.0,0.0,0.0,3,28.7,57.2,273,Overcast,1,1,
4394,2021-04-23 16:08:00,40.843994,-73.89752,0,0,Passing Too Closely,4409947,15.5,2.0,0.0,0.0,0.0,0.0,3,28.7,57.2,273,Overcast,0,0,
4395,2021-04-23 18:58:00,40.768646,-73.90973,2,0,Following Too Closely,4409875,15.5,2.0,0.0,0.0,0.0,0.0,3,28.7,57.2,273,Overcast,2,2,
4396,2021-04-23 23:00:00,40.740017,-73.84565,1,0,Reaction to Uninvolved Vehicle,4409909,15.5,2.0,0.0,0.0,0.0,0.0,3,28.7,57.2,273,Overcast,1,1,
4397,2021-04-22 07:00:00,40.6572,-73.918655,0,0,Unspecified,4410378,7.9,1.3,0.0,0.0,0.0,0.0,3,34.0,64.4,289,Overcast,0,0,
4398,2021-04-19 12:30:00,40.69529,-73.94339,1,0,Unsafe Speed,4410216,16.9,5.0,0.0,0.0,0.0,0.0,3,14.7,31.0,214,Overcast,1,1,
4399,2021-04-23 00:25:00,40.646515,-73.974655,1,0,Fell Asleep,4409998,15.5,2.0,0.0,0.0,0.0,0.0,3,28.7,57.2,273,Overcast,1,1,
4400,2021-04-23 00:00:00,40.843254,-73.892136,0,0,Driver Inattention/Distraction,4410273,15.5,2.0,0.0,0.0,0.0,0.0,3,28.7,57.2,273,Overcast,0,0,
4401,2021-04-23 17:00:00,40.632156,-73.90821,0,0,Driver Inattention/Distraction,4409870,15.5,2.0,0.0,0.0,0.0,0.0,3,28.7,57.2,273,Overcast,0,0,
4402,2021-04-21 18:00:00,40.81653,-73.93488,0,0,Driver Inattention/Distraction,4409738,18.2,3.7,3.7,3.7,0.0,3.0,63,29.9,59.0,256,Rain: Moderate,0,0,
4403,2021-04-21 17:10:00,40.552296,-74.159996,0,0,Driver Inattention/Distraction,4409699,18.2,3.7,3.7,3.7,0.0,3.0,63,29.9,59.0,256,Rain: Moderate,0,0,
4404,2021-04-22 14:23:00,40.82733,-73.8498,0,0,Unspecified,4409610,7.9,1.3,0.0,0.0,0.0,0.0,3,34.0,64.4,289,Overcast,0,0,
4405,2021-04-23 02:17:00,40.72111,-73.90395,0,0,Driver Inexperience,4409942,15.5,2.0,0.0,0.0,0.0,0.0,3,28.7,57.2,273,Overcast,0,0,
4406,2021-04-22 19:45:00,40.650078,-73.94757,0,0,Unspecified,4410347,7.9,1.3,0.0,0.0,0.0,0.0,3,34.0,64.4,289,Overcast,0,0,
4407,2021-04-23 10:08:00,40.632484,-73.94663,1,0,Unspecified,4410064,15.5,2.0,0.0,0.0,0.0,0.0,3,28.7,57.2,273,Overcast,1,1,
4408,2021-04-23 18:00:00,40.66605,-73.81525,0,0,Following Too Closely,4410236,15.5,2.0,0.0,0.0,0.0,0.0,3,28.7,57.2,273,Overcast,0,0,
4409,2021-04-23 14:40:00,40.895195,-73.88012,1,0,Unsafe Lane Changing,4410165,15.5,2.0,0.0,0.0,0.0,0.0,3,28.7,57.2,273,Overcast,1,1,
4410,2021-04-21 18:30:00,40.820435,-73.93624,0,0,Other Vehicular,4409468,18.2,3.7,3.7,3.7,0.0,3.0,63,29.9,59.0,256,Rain: Moderate,0,0,
4411,2021-04-23 23:00:00,40.77039,-73.91771,0,0,Traffic Control Disregarded,4410114,15.5,2.0,0.0,0.0,0.0,0.0,3,28.7,57.2,273,Overcast,0,0,
4412,2021-04-23 07:39:00,40.670277,-73.92542,0,0,Unspecified,4410320,15.5,2.0,0.0,0.0,0.0,0.0,3,28.7,57.2,273,Overcast,0,0,
4413,2021-04-23 10:24:00,40.753,-73.969894,0,0,Driver Inattention/Distraction,4409817,15.5,2.0,0.0,0.0,0.0,0.0,3,28.7,57.2,273,Overcast,0,0,
4414,2021-04-21 01:25:00,40.69832,-73.962265,5,0,Driver Inattention/Distraction,4409113,18.2,3.7,3.7,3.7,0.0,3.0,63,29.9,59.0,256,Rain: Moderate,5,5,