,CRASH DATETIME,LATITUDE,LONGITUDE,NUMBER OF PERSONS INJURED,NUMBER OF PERSONS KILLED,CONTRIBUTING FACTOR VEHICLE 1,COLLISION_ID,temperature_2m_max,temperature_2m_min,precipitation_sum,rain_sum,snowfall_sum,precipitation_hours,weather_code,wind_speed_10m_max,wind_gusts_10m_max,wind_direction_10m_dominant,Weather Description,Severity_Score,Total_Affected_Persons,Weather_Category
4415,2021-04-21 15:25:00,40.884983,-73.86204,0,0,Unspecified,4409534,18.2,3.7,3.7,3.7,0.0,3.0,63,29.9,59.0,256,Rain: Moderate,0,0,
4416,2021-04-23 11:30:00,40.631477,-74.02309,0,0,Unspecified,4409802,15.5,2.0,0.0,0.0,0.0,0.0,3,28.7,57.2,273,Overcast,0,0,
4417,2021-04-21 01:55:00,40.766155,-73.89226,0,0,Driver Inattention/Distraction,4409280,18.2,3.7,3.7,3.7,0.0,3.0,63,29.9,59.0,256,Rain: Moderate,0,0,
4418,2021-04-22 16:10:00,40.82207,-73.94993,0,0,Passing Too Closely,4409770,7.9,1.3,0.0,0.0,0.0,0.0,3,34.0,64.4,289,Overcast,0,0,
4419,2021-04-21 13:30:00,40.848118,-73.93089,1,0,Following Too Closely,4409499,18.2,3.7,3.7,3.7,0.0,3.0,63,29.9,59.0,256,Rain: Moderate,1,1,
4420,2021-04-23 23:15:00,40.676495,-73.913704,0,0,Unsafe Lane Changing,4410086,15.5,2.0,0.0,0.0,0.0,0.0,3,28.7,57.2,273,Overcast,0,0,
4421,2021-04-21 14:25:00,40.66578,-73.91942,2,0,Failure to Yield Right-of-Way,4409435,18.2,3.7,3.7,3.7,0.0,3.0,63,29.9,59.0,256,Rain: Moderate,2,2,
4422,2021-04-21 01:25:00,40.755978,-73.939095,1,0,Unspecified,4410108,18.2,3.7,3.7,3.7,0.0,3.0,63,29.9,59.0,256,Rain: Moderate,1,1,
4423,2021-04-23 12:30:00,40.62163,-74.04022,1,0,Driver Inattention/Distraction,4410432,15.5,2.0,0.0,0.0,0.0,0.0,3,28.7,57.2,273,Overcast,1,1,
4424,2021-04-23 13:40:00,40.737553,-73.85089,0,0,Following Too Closely,4409834,15.5,2.0,0.0,0.0,0.0,0.0,3,28.7,57.2,273,Overcast,0,0,
4425,2021-04-23 13:15:00,40.857418,-73.899956,1,0,Driver Inattention/Distraction,4409917,15.5,2.0,0.0,0.0,0.0,0.0,3,28.7,57.2,273,Overcast,1,1,
4426,2021-04-21 22:00:00,40.814762,-73.91683,0,0,Backing Unsafely,4409388,18.2,3.7,3.7,3.7,0.0,3.0,63,29.9,59.0,256,Rain: Moderate,0,0,
4427,2021-04-22 17:30:00,40.826702,-73.93937,1,0,Driver Inattention/Distraction,4409742,7.9,1.3,0.0,0.0,0.0,0.0,3,34.0,64.4,289,Overcast,1,1,
4428,2021-04-22 18:40:00,40.70744,-73.942024,0,0,Driver Inattention/Distraction,4409885,7.9,1.3,0.0,0.0,0.0,0.0,3,34.0,64.4,289,Overcast,0,0,
4429,2021-04-22 21:15:00,40.615406,-73.97983,0,0,Driver Inattention/Distraction,4409663,7.9,1.3,0.0,0.0,0.0,0.0,3,34.0,64.4,289,Overcast,0,0,
4430,2021-04-23 17:41:00,40.710888,-74.00907,0,0,View Obstructed/Limited,4409903,15.5,2.0,0.0,0.0,0.0,0.0,3,28.7,57.2,273,Overcast,0,0,
4431,2021-04-21 13:34:00,40.607853,-73.74465,0,0,Passing Too Closely,4409411,18.2,3.7,3.7,3.7,0.0,3.0,63,29.9,59.0,256,Rain: Moderate,0,0,
4432,2021-04-21 08:12:00,40.66895,-73.9339,0,0,Driver Inattention/Distraction,4409612,18.2,3.7,3.7,3.7,0.0,3.0,63,29.9,59.0,256,Rain: Moderate,0,0,
4433,2021-04-22 21:40:00,40.846153,-73.932335,1,0,Passenger Distraction,4409753,7.9,1.3,0.0,0.0,0.0,0.0,3,34.0,64.4,289,Overcast,1,1,
4434,2021-04-21 16:15:00,40.837894,-73.88138,0,0,Unsafe Lane Changing,4409345,18.2,3.7,3.7,3.7,0.0,3.0,63,29.9,59.0,256,Rain: Moderate,0,0,
4435,2021-04-23 16:20:00,40.743256,-73.82043,0,0,Passing or Lane Usage Improper,4410005,15.5,2.0,0.0,0.0,0.0,0.0,3,28.7,57.2,273,Overcast,0,0,
4436,2021-04-22 14:15:00,40.6862,-73.950745,0,0,Driver Inattention/Distraction,4410373,7.9,1.3,0.0,0.0,0.0,0.0,3,34.0,64.4,289,Overcast,0,0,
4437,2021-04-22 11:00:00,40.74206,-73.82453,0,0,Obstruction/Debris,4409539,7.9,1.3,0.0,0.0,0.0,0.0,3,34.0,64.4,289,Overcast,0,0,
4438,2021-04-23 18:00:00,40.611355,-74.03294,0,0,Turning Improperly,4409968,15.5,2.0,0.0,0.0,0.0,0.0,3,28.7,57.2,273,Overcast,0,0,
4439,2021-04-23 15:28:00,40.68789,-73.936035,1,0,Cell Phone (hands-free),4410194,15.5,2.0,0.0,0.0,0.0,0.0,3,28.7,57.2,273,Overcast,1,1,
4440,2021-04-21 13:00:00,40.85798,-73.93091,0,0,Backing Unsafely,4410221,18.2,3.7,3.7,3.7,0.0,3.0,63,29.9,59.0,256,Rain: Moderate,0,0,
4441,2021-04-23 16:45:00,40.713924,-73.96714,1,0,Failure to Yield Right-of-Way,4409890,15.5,2.0,0.0,0.0,0.0,0.0,3,28.7,57.2,273,Overcast,1,1,
4442,2021-04-21 15:47:00,40.895702,-73.860504,1,0,Driver Inattention/Distraction,4410155,18.2,3.7,3.7,3.7,0.0,3.0,63,29.9,59.0,256,Rain: Moderate,1,1,
4443,2021-04-23 13:30:00,40.75896,-73.85909,0,0,Unspecified,4409953,15.5,2.0,0.0,0.0,0.0,0.0,3,28.7,57.2,273,Overcast,0,0,
4444,2021-04-21 04:20:00,40.88611,-73.86033,0,0,Unsafe Speed,4410150,18.2,3.7,3.7,3.7,0.0,3.0,63,29.9,59.0,256,Rain: Moderate,0,0,
4445,2021-04-21 19:05:00,40.601795,-73.97257,3,0,Driver Inattention/Distraction,4409904,18.2,3.7,3.7,3.7,0.0,3.0,63,29.9,59.0,256,Rain: Moderate,3,3,
4446,2021-04-22 22:51:00,40.827656,-73.8861,0,0,Passing Too Closely,4410083,7.9,1.3,0.0,0.0,0.0,0.0,3,34.0,64.4,289,Overcast,0,0,
4447,2021-04-23 19:12:00,40.87427,-73.84187,0,0,Unsafe Speed,4410211,15.5,2.0,0.0,0.0,0.0,0.0,3,28.7,57.2,273,Overcast,0,0,
4448,2021-04-23 17:00:00,40.63439,-73.89324,0,0,Unsafe Speed,4409990,15.5,2.0,0.0,0.0,0.0,0.0,3,28.7,57.2,273,Overcast,0,0,
4449,2021-04-21 14:42:00,40.801098,-73.96791,0,0,Failure to Yield Right-of-Way,4409589,18.2,3.7,3.7,3.7,0.0,3.0,63,29.9,59.0,256,Rain: Moderate,0,0,
4450,2021-04-23 08:00:00,40.738228,-73.996765,0,0,Unspecified,4410267,15.5,2.0,0.0,0.0,0.0,0.0,3,28.7,57.2,273,Overcast,0,0,
4451,2021-04-21 20:40:00,40.66645,-73.75764,0,0,Driver Inattention/Distraction,4409374,18.2,3.7,3.7,3.7,0.0,3.0,63,29.9,59.0,256,Rain: Moderate,0,0,
4452,2021-04-07 15:05:00,40.72409,-73.99614,1,0,Driver Inattention/Distraction,4410122,19.7,6.7,0.5,0.5,0.0,2.0,51,15.5,34.6,14,Drizzle: Light,1,1,
4453,2021-04-23 14:55:00,40.850166,-73.844925,1,0,Backing Unsafely,4409807,15.5,2.0,0.0,0.0,0.0,0.0,3,28.7,57.2,273,Overcast,1,1,
4454,2021-04-23 13:40:00,40.576073,-73.98575,0,0,Driver Inattention/Distraction,4410161,15.5,2.0,0.0,0.0,0.0,0.0,3,28.7,57.2,273,Overcast,0,0,
4455,2021-04-23 16:30:00,40.665916,-73.81528,0,0,Fell Asleep,4410241,15.5,2.0,0.0,0.0,0.0,0.0,3,28.7,57.2,273,Overcast,0,0,
4456,2021-04-23 23:25:00,40.72539,-73.896614,0,0,Unsafe Speed,4409938,15.5,2.0,0.0,0.0,0.0,0.0,3,28.7,57.2,273,Overcast,0,0,
4457,2021-04-23 13:40:00,40.576965,-74.16974,1,0,Unsafe Lane Changing,4410337,15.5,2.0,0.0,0.0,0.0,0.0,3,28.7,57.2,273,Overcast,1,1,
4458,2021-04-21 10:30:00,40.83941,-73.91542,0,0,Unspecified,4410174,18.2,3.7,3.7,3.7,0.0,3.0,63,29.9,59.0,256,Rain: Moderate,0,0,
4459,2021-04-23 14:35:00,40.600956,-73.98607,0,0,Driver Inattention/Distraction,4409871,15.5,2.0,0.0,0.0,0.0,0.0,3,28.7,57.2,273,Overcast,0,0,
4460,2021-04-21 23:00:00,40.83761,-73.88106,1,0,Following Too Closely,4409508,18.2,3.7,3.7,3.7,0.0,3.0,63,29.9,59.0,256,Rain: Moderate,1,1,
4461,2021-04-21 08:42:00,40.717678,-74.00578,0,0,Unspecified,4409144,18.2,3.7,3.7,3.7,0.0,3.0,63,29.9,59.0,256,Rain: Moderate,0,0,
4462,2021-04-21 07:30:00,40.677677,-73.97961,1,0,Driver Inattention/Distraction,4409416,18.2,3.7,3.7,3.7,0.0,3.0,63,29.9,59.0,256,Rain: Moderate,1,1,
4463,2021-04-23 16:30:00,40.626568,-73.970924,0,0,Unspecified,4410050,15.5,2.0,0.0,0.0,0.0,0.0,3,28.7,57.2,273,Overcast,0,0,
4464,2021-04-21 10:58:00,40.80083,-73.94422,1,0,Unspecified,4409245,18.2,3.7,3.7,3.7,0.0,3.0,63,29.9,59.0,256,Rain: Moderate,1,1,
4465,2021-03-30 17:44:00,40.83245,-73.93176,0,0,Following Too Closely,4410422,12.8,0.5,0.0,0.0,0.0,0.0,3,27.4,51.8,164,Overcast,0,0,
4466,2021-04-23 02:18:00,40.612736,-74.01172,0,0,Aggressive Driving/Road Rage,4409785,15.5,2.0,0.0,0.0,0.0,0.0,3,28.7,57.2,273,Overcast,0,0,
4467,2021-04-23 17:15:00,40.728775,-73.723785,0,0,Unspecified,4409923,15.5,2.0,0.0,0.0,0.0,0.0,3,28.7,57.2,273,Overcast,0,0,
4468,2021-04-23 00:23:00,40.67608,-73.906136,0,0,Unspecified,4410101,15.5,2.0,0.0,0.0,0.0,0.0,3,28.7,57.2,273,Overcast,0,0,
4469,2021-04-21 14:45:00,40.671604,-73.72807,0,0,Failure to Yield Right-of-Way,4409340,18.2,3.7,3.7,3.7,0.0,3.0,63,29.9,59.0,256,Rain: Moderate,0,0,
4470,2021-04-21 22:17:00,40.832,-73.899025,1,0,Turning Improperly,4409415,18.2,3.7,3.7,3.7,0.0,3.0,63,29.9,59.0,256,Rain: Moderate,1,1,
4471,2021-09-14 14:25:00,40.591263,-73.944016,1,0,Driver Inattention/Distraction,4457303,26.0,19.0,0.2,0.2,0.0,1.0,51,18.0,35.6,138,Drizzle: Light,1,1,
4472,2021-04-22 14:00:00,40.651676,-74.010635,0,0,Unspecified,4409648,7.9,1.3,0.0,0.0,0.0,0.0,3,34.0,64.4,289,Overcast,0,0,
4473,2021-04-22 16:15:00,40.57916,-73.98309,0,0,Driver Inattention/Distraction,4410468,7.9,1.3,0.0,0.0,0.0,0.0,3,34.0,64.4,289,Overcast,0,0,
4474,2021-09-09 22:20:00,40.720074,-73.988365,0,0,Unspecified,4457931,22.4,19.8,18.4,18.4,0.0,15.0,63,17.5,39.2,271,Rain: Moderate,0,0,
4475,2021-04-21 03:00:00,40.877365,-73.88533,0,0,Driver Inattention/Distraction,4409035,18.2,3.7,3.7,3.7,0.0,3.0,63,29.9,59.0,256,Rain: Moderate,0,0,
4476,2021-04-22 20:00:00,40.67073,-73.7491,0,0,Unspecified,4409676,7.9,1.3,0.0,0.0,0.0,0.0,3,34.0,64.4,289,Overcast,0,0,
4477,2021-04-22 08:20:00,40.579052,-73.98415,1,0,Lane Marking Improper/Inadequate,4410140,7.9,1.3,0.0,0.0,0.0,0.0,3,34.0,64.4,289,Overcast,1,1,
4478,2021-04-23 17:50:00,40.773335,-73.94421,0,0,Driver Inattention/Distraction,4410499,15.5,2.0,0.0,0.0,0.0,0.0,3,28.7,57.2,273,Overcast,0,0,
4479,2021-04-20 17:30:00,40.820305,-73.89083,1,0,Unspecified,4409930,21.4,6.5,0.0,0.0,0.0,0.0,3,26.0,56.2,223,Overcast,1,1,
4480,2021-04-03 01:40:00,40.795322,-73.929825,1,0,Driver Inattention/Distraction,4409725,10.8,-2.3,0.0,0.0,0.0,0.0,3,15.9,34.2,302,Overcast,1,1,
4481,2021-04-22 17:20:00,40.60521,-73.985855,0,0,Driver Inattention/Distraction,4409978,7.9,1.3,0.0,0.0,0.0,0.0,3,34.0,64.4,289,Overcast,0,0,
4482,2021-04-22 16:30:00,40.875423,-73.86028,0,0,Unspecified,4410180,7.9,1.3,0.0,0.0,0.0,0.0,3,34.0,64.4,289,Overcast,0,0,
4483,2021-04-21 10:10:00,40.609653,-73.91145,0,0,Unsafe Speed,4410402,18.2,3.7,3.7,3.7,0.0,3.0,63,29.9,59.0,256,Rain: Moderate,0,0,
4484,2021-04-23 19:43:00,40.821667,-73.89771,1,0,Unspecified,4410019,15.5,2.0,0.0,0.0,0.0,0.0,3,28.7,57.2,273,Overcast,1,1,
4485,2021-04-23 19:28:00,40.682163,-73.92712,0,0,Driver Inattention/Distraction,4410199,15.5,2.0,0.0,0.0,0.0,0.0,3,28.7,57.2,273,Overcast,0,0,
4486,2021-04-23 19:30:00,40.658802,-73.77228,0,0,Unsafe Lane Changing,4409960,15.5,2.0,0.0,0.0,0.0,0.0,3,28.7,57.2,273,Overcast,0,0,
4487,2021-04-23 19:58:00,40.613194,-73.92631,0,0,Unspecified,4410411,15.5,2.0,0.0,0.0,0.0,0.0,3,28.7,57.2,273,Overcast,0,0,
4488,2021-04-23 11:40:00,40.67578,-74.0014,0,0,Unsafe Lane Changing,4410075,15.5,2.0,0.0,0.0,0.0,0.0,3,28.7,57.2,273,Overcast,0,0,
4489,2021-04-16 11:00:00,40.69133,-73.95177,0,0,Driver Inattention/Distraction,4410185,11.8,3.7,2.9,2.9,0.0,12.0,53,23.5,49.0,307,Drizzle: Moderate,0,0,
4490,2021-04-23 18:05:00,40.74713,-73.88869,0,0,Driver Inattention/Distraction,4410291,15.5,2.0,0.0,0.0,0.0,0.0,3,28.7,57.2,273,Overcast,0,0,
4491,2021-04-22 13:00:00,40.56709,-74.12167,0,0,Driver Inattention/Distraction,4409712,7.9,1.3,0.0,0.0,0.0,0.0,3,34.0,64.4,289,Overcast,0,0,
4492,2021-04-23 12:45:00,40.721985,-73.98552,1,0,Driver Inattention/Distraction,4409826,15.5,2.0,0.0,0.0,0.0,0.0,3,28.7,57.2,273,Overcast,1,1,
4493,2021-04-19 15:30:00,40.69024,-73.9482,0,0,Passing Too Closely,4410366,16.9,5.0,0.0,0.0,0.0,0.0,3,14.7,31.0,214,Overcast,0,0,
4494,2021-04-23 21:40:00,40.762825,-73.93398,1,0,Unspecified,4410118,15.5,2.0,0.0,0.0,0.0,0.0,3,28.7,57.2,273,Overcast,1,1,
4495,2021-04-23 16:00:00,40.71191,-73.78744,0,0,Driver Inattention/Distraction,4409839,15.5,2.0,0.0,0.0,0.0,0.0,3,28.7,57.2,273,Overcast,0,0,
4496,2021-04-17 18:48:00,40.70091,-73.88787,0,0,Driver Inattention/Distraction,4409936,11.8,4.9,0.3,0.3,0.0,2.0,51,17.1,32.4,313,Drizzle: Light,0,0,
4497,2021-04-19 06:30:00,40.654278,-73.92292,0,0,Unspecified,4409844,16.9,5.0,0.0,0.0,0.0,0.0,3,14.7,31.0,214,Overcast,0,0,
4498,2021-04-21 18:57:00,40.866444,-73.86117,0,0,Driver Inattention/Distraction,4409491,18.2,3.7,3.7,3.7,0.0,3.0,63,29.9,59.0,256,Rain: Moderate,0,0,
4499,2021-04-21 12:45:00,40.606358,-74.120926,0,0,Backing Unsafely,4409211,18.2,3.7,3.7,3.7,0.0,3.0,63,29.9,59.0,256,Rain: Moderate,0,0,
4500,2021-04-21 13:40:00,40.786495,-73.94839,0,0,Traffic Control Disregarded,4409219,18.2,3.7,3.7,3.7,0.0,3.0,63,29.9,59.0,256,Rain: Moderate,0,0,
4501,2021-04-21 15:15:00,40.837864,-73.9114,1,0,Failure to Yield Right-of-Way,4409449,18.2,3.7,3.7,3.7,0.0,3.0,63,29.9,59.0,256,Rain: Moderate,1,1,
4502,2021-09-14 23:37:00,40.82111,-73.848495,0,0,Alcohol Involvement,4457368,26.0,19.0,0.2,0.2,0.0,1.0,51,18.0,35.6,138,Drizzle: Light,0,0,
4503,2021-04-21 09:11:00,40.88945,-73.90448,0,0,Unspecified,4409257,18.2,3.7,3.7,3.7,0.0,3.0,63,29.9,59.0,256,Rain: Moderate,0,0,
4504,2021-04-21 13:50:00,40.640785,-73.98503,1,0,Unspecified,4409483,18.2,3.7,3.7,3.7,0.0,3.0,63,29.9,59.0,256,Rain: Moderate,1,1,
4505,2021-04-23 22:47:00,40.645256,-73.874954,0,0,Following Too Closely,4410352,15.5,2.0,0.0,0.0,0.0,0.0,3,28.7,57.2,273,Overcast,0,0,
4506,2021-04-22 16:47:00,40.859642,-73.90534,0,0,Passing Too Closely,4409693,7.9,1.3,0.0,0.0,0.0,0.0,3,34.0,64.4,289,Overcast,0,0,
4507,2021-04-21 18:11:00,40.750763,-73.97446,1,0,Failure to Yield Right-of-Way,4409322,18.2,3.7,3.7,3.7,0.0,3.0,63,29.9,59.0,256,Rain: Moderate,1,1,
4508,2021-04-23 14:50:00,40.83954,-73.85067,0,0,Unsafe Speed,4410056,15.5,2.0,0.0,0.0,0.0,0.0,3,28.7,57.2,273,Overcast,0,0,
4509,2021-04-22 07:00:00,40.68841,-73.84794,0,0,Driver Inexperience,4409520,7.9,1.3,0.0,0.0,0.0,0.0,3,34.0,64.4,289,Overcast,0,0,
4510,2021-04-21 19:04:00,40.86287,-73.934784,0,0,Unsafe Speed,4410224,18.2,3.7,3.7,3.7,0.0,3.0,63,29.9,59.0,256,Rain: Moderate,0,0,
4511,2021-04-22 17:25:00,40.84338,-73.914276,0,0,Driver Inexperience,4409710,7.9,1.3,0.0,0.0,0.0,0.0,3,34.0,64.4,289,Overcast,0,0,
4512,2021-04-21 09:45:00,40.849957,-73.84885,0,0,Unspecified,4409157,18.2,3.7,3.7,3.7,0.0,3.0,63,29.9,59.0,256,Rain: Moderate,0,0,
4513,2021-04-23 17:00:00,40.633682,-73.89868,2,0,Unspecified,4409858,15.5,2.0,0.0,0.0,0.0,0.0,3,28.7,57.2,273,Overcast,2,2,
4514,2021-04-21 20:50:00,40.82416,-73.922775,0,0,Driver Inattention/Distraction,4409453,18.2,3.7,3.7,3.7,0.0,3.0,63,29.9,59.0,256,Rain: Moderate,0,0,
4515,2021-04-21 11:50:00,40.682365,-73.96668,0,0,Passing Too Closely,4409789,18.2,3.7,3.7,3.7,0.0,3.0,63,29.9,59.0,256,Rain: Moderate,0,0,
4516,2021-04-21 09:45:00,40.670887,-73.93649,0,0,Driver Inattention/Distraction,4410330,18.2,3.7,3.7,3.7,0.0,3.0,63,29.9,59.0,256,Rain: Moderate,0,0,
4517,2021-04-22 22:00:00,40.664486,-73.91525,0,0,Driver Inattention/Distraction,4410097,7.9,1.3,0.0,0.0,0.0,0.0,3,34.0,64.4,289,Overcast,0,0,
4518,2021-04-23 23:15:00,40.718044,-73.99605,0,0,Unspecified,4410070,15.5,2.0,0.0,0.0,0.0,0.0,3,28.7,57.2,273,Overcast,0,0,
4519,2021-04-19 19:27:00,40.58467,-74.09562,0,0,Unspecified,4410553,16.9,5.0,0.0,0.0,0.0,0.0,3,14.7,31.0,214,Overcast,0,0,
4520,2021-04-21 01:10:00,40.662395,-73.93735,0,0,Traffic Control Disregarded,4410035,18.2,3.7,3.7,3.7,0.0,3.0,63,29.9,59.0,256,Rain: Moderate,0,0,
4521,2021-04-21 22:30:00,40.594616,-73.99743,0,0,Passing or Lane Usage Improper,4409511,18.2,3.7,3.7,3.7,0.0,3.0,63,29.9,59.0,256,Rain: Moderate,0,0,
4522,2021-04-23 14:06:00,40.738007,-73.78837,2,0,Driver Inattention/Distraction,4409837,15.5,2.0,0.0,0.0,0.0,0.0,3,28.7,57.2,273,Overcast,2,2,
4523,2021-04-23 23:05:00,40.66632,-73.83481,1,0,View Obstructed/Limited,4410230,15.5,2.0,0.0,0.0,0.0,0.0,3,28.7,57.2,273,Overcast,1,1,
4524,2021-04-22 12:15:00,40.787685,-73.97502,0,0,Backing Unsafely,4409537,7.9,1.3,0.0,0.0,0.0,0.0,3,34.0,64.4,289,Overcast,0,0,
4525,2021-04-19 12:25:00,40.669735,-73.93104,0,0,Driver Inattention/Distraction,4410329,16.9,5.0,0.0,0.0,0.0,0.0,3,14.7,31.0,214,Overcast,0,0,
4526,2021-04-21 09:30:00,40.775124,-73.90444,0,0,Passing Too Closely,4409167,18.2,3.7,3.7,3.7,0.0,3.0,63,29.9,59.0,256,Rain: Moderate,0,0,
4527,2021-04-21 08:30:00,40.819717,-73.94048,0,0,Other Vehicular,4409254,18.2,3.7,3.7,3.7,0.0,3.0,63,29.9,59.0,256,Rain: Moderate,0,0,
4528,2021-04-22 12:30:00,40.62709,-73.94403,1,0,Traffic Control Disregarded,4410410,7.9,1.3,0.0,0.0,0.0,0.0,3,34.0,64.4,289,Overcast,1,1,
4529,2021-04-21 19:05:00,40.559128,-74.16949,0,0,Driver Inattention/Distraction,4409700,18.2,3.7,3.7,3.7,0.0,3.0,63,29.9,59.0,256,Rain: Moderate,0,0,
4530,2021-04-23 16:00:00,40.66159,-73.99536,0,0,Unspecified,4410348,15.5,2.0,0.0,0.0,0.0,0.0,3,28.7,57.2,273,Overcast,0,0,
4531,2021-04-23 08:40:00,40.650387,-73.95872,0,0,Unspecified,4410063,15.5,2.0,0.0,0.0,0.0,0.0,3,28.7,57.2,273,Overcast,0,0,
4532,2021-04-22 07:00:00,40.700836,-73.99495,0,0,Glare,4410279,7.9,1.3,0.0,0.0,0.0,0.0,3,34.0,64.4,289,Overcast,0,0,
4533,2021-04-21 12:50:00,40.71762,-74.00028,0,0,Passing Too Closely,4410065,18.2,3.7,3.7,3.7,0.0,3.0,63,29.9,59.0,256,Rain: Moderate,0,0,
4534,2021-03-31 15:38:00,40.84434,-73.91475,1,0,,4409705,16.4,7.2,12.0,12.0,0.0,10.0,61,27.4,51.1,173,Rain: Light,1,1,
4535,2021-04-21 16:20:00,40.784355,-73.98117,1,0,Driver Inattention/Distraction,4409309,18.2,3.7,3.7,3.7,0.0,3.0,63,29.9,59.0,256,Rain: Moderate,1,1,
4536,2021-04-21 15:45:00,40.81672,-73.89241,0,0,Failure to Yield Right-of-Way,4409404,18.2,3.7,3.7,3.7,0.0,3.0,63,29.9,59.0,256,Rain: Moderate,0,0,
4537,2021-04-22 23:23:00,40.861862,-73.91282,0,0,Unspecified,4409695,7.9,1.3,0.0,0.0,0.0,0.0,3,34.0,64.4,289,Overcast,0,0,
4538,2021-04-21 14:20:00,40.65911,-73.89922,1,0,Unspecified,4409556,18.2,3.7,3.7,3.7,0.0,3.0,63,29.9,59.0,256,Rain: Moderate,1,1,
4539,2021-04-23 11:16:00,40.83335,-73.93524,0,0,Driver Inattention/Distraction,4409983,15.5,2.0,0.0,0.0,0.0,0.0,3,28.7,57.2,273,Overcast,0,0,
4540,2021-04-22 22:50:00,40.64254,-73.87652,1,0,Other Vehicular,4409668,7.9,1.3,0.0,0.0,0.0,0.0,3,34.0,64.4,289,Overcast,1,1,
4541,2021-04-21 08:10:00,40.69819,-73.96191,1,0,Turning Improperly,4409190,18.2,3.7,3.7,3.7,0.0,3.0,63,29.9,59.0,256,Rain: Moderate,1,1,
4542,2021-04-02 21:05:00,40.768562,-73.981575,0,0,View Obstructed/Limited,4409827,3.5,-3.6,0.0,0.0,0.0,0.0,3,25.9,51.1,324,Overcast,0,0,
4543,2021-04-22 10:15:00,40.720936,-73.993805,0,0,Reaction to Uninvolved Vehicle,4410154,7.9,1.3,0.0,0.0,0.0,0.0,3,34.0,64.4,289,Overcast,0,0,
4544,2021-04-21 09:57:00,40.652973,-73.94401,2,0,Passing or Lane Usage Improper,4409331,18.2,3.7,3.7,3.7,0.0,3.0,63,29.9,59.0,256,Rain: Moderate,2,2,
4545,2021-04-21 07:50:00,40.73635,-73.97502,0,0,Driver Inattention/Distraction,4409132,18.2,3.7,3.7,3.7,0.0,3.0,63,29.9,59.0,256,Rain: Moderate,0,0,
4546,2021-04-23 14:00:00,40.65616,-73.76736,0,0,Following Too Closely,4409859,15.5,2.0,0.0,0.0,0.0,0.0,3,28.7,57.2,273,Overcast,0,0,
4547,2021-04-23 12:24:00,40.8451,-73.90931,0,0,Reaction to Uninvolved Vehicle,4409796,15.5,2.0,0.0,0.0,0.0,0.0,3,28.7,57.2,273,Overcast,0,0,
4548,2021-04-21 12:45:00,40.69165,-73.779205,0,0,Passing Too Closely,4409286,18.2,3.7,3.7,3.7,0.0,3.0,63,29.9,59.0,256,Rain: Moderate,0,0,
4549,2021-04-14 17:30:00,40.755802,-73.986404,0,0,Unspecified,4410055,19.7,5.4,0.0,0.0,0.0,0.0,3,20.8,39.6,227,Overcast,0,0,
4550,2021-04-22 08:30:00,40.594955,-73.78627,0,0,Other Vehicular,4409727,7.9,1.3,0.0,0.0,0.0,0.0,3,34.0,64.4,289,Overcast,0,0,
4551,2021-04-22 14:30:00,40.777252,-73.89799,1,0,Unsafe Speed,4410110,7.9,1.3,0.0,0.0,0.0,0.0,3,34.0,64.4,289,Overcast,1,1,
4552,2021-04-23 00:04:00,40.593327,-73.964645,1,0,Fell Asleep,4410445,15.5,2.0,0.0,0.0,0.0,0.0,3,28.7,57.2,273,Overcast,1,1,
4553,2021-04-21 14:00:00,40.777676,-73.963234,0,0,Driver Inattention/Distraction,4409438,18.2,3.7,3.7,3.7,0.0,3.0,63,29.9,59.0,256,Rain: Moderate,0,0,
4554,2021-04-23 19:00:00,40.688408,-73.98657,0,0,Unspecified,4410283,15.5,2.0,0.0,0.0,0.0,0.0,3,28.7,57.2,273,Overcast,0,0,
4555,2021-04-23 15:19:00,40.691074,-73.908806,1,0,Backing Unsafely,4409916,15.5,2.0,0.0,0.0,0.0,0.0,3,28.7,57.2,273,Overcast,1,1,
4556,2021-04-21 09:35:00,40.773037,-73.79566,2,0,Failure to Yield Right-of-Way,4409269,18.2,3.7,3.7,3.7,0.0,3.0,63,29.9,59.0,256,Rain: Moderate,2,2,
4557,2021-04-23 22:58:00,40.691227,-73.98214,1,0,Driver Inattention/Distraction,4409880,15.5,2.0,0.0,0.0,0.0,0.0,3,28.7,57.2,273,Overcast,1,1,
4558,2021-04-22 14:40:00,40.86536,-73.87043,0,0,Turning Improperly,4409749,7.9,1.3,0.0,0.0,0.0,0.0,3,34.0,64.4,289,Overcast,0,0,
4559,2021-04-22 16:00:00,40.699654,-73.74227,0,0,Unspecified,4409635,7.9,1.3,0.0,0.0,0.0,0.0,3,34.0,64.4,289,Overcast,0,0,
4560,2021-04-23 17:10:00,40.822742,-73.913895,1,0,Unspecified,4410498,15.5,2.0,0.0,0.0,0.0,0.0,3,28.7,57.2,273,Overcast,1,1,
4561,2021-04-21 00:50:00,40.644196,-73.95467,1,0,Traffic Control Disregarded,4410253,18.2,3.7,3.7,3.7,0.0,3.0,63,29.9,59.0,256,Rain: Moderate,1,1,
4562,2021-04-22 14:40:00,40.733658,-73.90008,1,0,Following Too Closely,4409764,7.9,1.3,0.0,0.0,0.0,0.0,3,34.0,64.4,289,Overcast,1,1,
4563,2021-04-23 18:49:00,40.74947,-73.886856,0,0,Unspecified,4409975,15.5,2.0,0.0,0.0,0.0,0.0,3,28.7,57.2,273,Overcast,0,0,
4564,2021-04-21 23:10:00,40.85429,-73.90027,0,0,Unspecified,4409363,18.2,3.7,3.7,3.7,0.0,3.0,63,29.9,59.0,256,Rain: Moderate,0,0,
4565,2021-04-21 00:05:00,40.859325,-73.93132,3,0,Unsafe Speed,4409475,18.2,3.7,3.7,3.7,0.0,3.0,63,29.9,59.0,256,Rain: Moderate,3,3,