,CRASH DATETIME,LATITUDE,LONGITUDE,NUMBER OF PERSONS INJURED,NUMBER OF PERSONS KILLED,CONTRIBUTING FACTOR VEHICLE 1,COLLISION_ID,temperature_2m_max,temperature_2m_min,precipitation_sum,rain_sum,snowfall_sum,precipitation_hours,weather_code,wind_speed_10m_max,wind_gusts_10m_max,wind_direction_10m_dominant,Weather Description,Severity_Score,Total_Affected_Persons,Weather_Category
4566,2021-04-21 16:15:00,40.684315,-73.92299,2,0,Driver Inattention/Distraction,4410197,18.2,3.7,3.7,3.7,0.0,3.0,63,29.9,59.0,256,Rain: Moderate,2,2,
4567,2021-04-23 15:00:00,40.67289,-73.906685,0,0,Unspecified,4410100,15.5,2.0,0.0,0.0,0.0,0.0,3,28.7,57.2,273,Overcast,0,0,
4568,2021-04-21 13:05:00,40.88845,-73.841965,0,0,Passing or Lane Usage Improper,4409533,18.2,3.7,3.7,3.7,0.0,3.0,63,29.9,59.0,256,Rain: Moderate,0,0,
4569,2021-04-23 09:02:00,40.69165,-73.779205,0,0,Driver Inattention/Distraction,4409820,15.5,2.0,0.0,0.0,0.0,0.0,3,28.7,57.2,273,Overcast,0,0,
4570,2021-04-21 15:00:00,40.83981,-73.84649,5,0,Unspecified,4409398,18.2,3.7,3.7,3.7,0.0,3.0,63,29.9,59.0,256,Rain: Moderate,5,5,
4571,2021-04-22 15:25:00,40.870644,-73.89951,0,0,Backing Unsafely,4410214,7.9,1.3,0.0,0.0,0.0,0.0,3,34.0,64.4,289,Overcast,0,0,
4572,2021-04-22 14:42:00,40.848835,-73.787094,0,0,Unspecified,4409602,7.9,1.3,0.0,0.0,0.0,0.0,3,34.0,64.4,289,Overcast,0,0,
4573,2021-04-23 16:22:00,40.7266,-73.93066,0,0,Unspecified,4410437,15.5,2.0,0.0,0.0,0.0,0.0,3,28.7,57.2,273,Overcast,0,0,
4574,2021-04-23 13:30:00,40.72229,-73.86732,0,0,Driver Inattention/Distraction,4409833,15.5,2.0,0.0,0.0,0.0,0.0,3,28.7,57.2,273,Overcast,0,0,
4575,2021-04-21 12:00:00,40.690865,-73.80253,0,0,Driver Inattention/Distraction,4409351,18.2,3.7,3.7,3.7,0.0,3.0,63,29.9,59.0,256,Rain: Moderate,0,0,
4576,2021-04-23 18:30:00,40.629807,-74.14096,1,0,Driver Inattention/Distraction,4410333,15.5,2.0,0.0,0.0,0.0,0.0,3,28.7,57.2,273,Overcast,1,1,
4577,2021-04-23 12:32:00,40.704697,-73.79681,1,0,Driver Inattention/Distraction,4409791,15.5,2.0,0.0,0.0,0.0,0.0,3,28.7,57.2,273,Overcast,1,1,
4578,2021-04-21 13:20:00,40.77741,-73.978806,0,0,Passing Too Closely,4409623,18.2,3.7,3.7,3.7,0.0,3.0,63,29.9,59.0,256,Rain: Moderate,0,0,
4579,2021-04-23 07:53:00,40.52358,-74.187225,0,0,Following Too Closely,4409776,15.5,2.0,0.0,0.0,0.0,0.0,3,28.7,57.2,273,Overcast,0,0,
4580,2021-04-23 08:00:00,40.711395,-73.731186,0,0,Unspecified,4409865,15.5,2.0,0.0,0.0,0.0,0.0,3,28.7,57.2,273,Overcast,0,0,
4581,2021-04-21 17:53:00,40.741074,-73.7258,0,0,Unspecified,4409343,18.2,3.7,3.7,3.7,0.0,3.0,63,29.9,59.0,256,Rain: Moderate,0,0,
4582,2021-04-22 13:05:00,40.615093,-73.96436,0,0,Unspecified,4410048,7.9,1.3,0.0,0.0,0.0,0.0,3,34.0,64.4,289,Overcast,0,0,
4583,2021-04-21 00:00:00,40.683777,-73.76975,0,0,Following Too Closely,4409106,18.2,3.7,3.7,3.7,0.0,3.0,63,29.9,59.0,256,Rain: Moderate,0,0,
4584,2021-04-22 16:30:00,40.642445,-74.00592,0,0,Unspecified,4409649,7.9,1.3,0.0,0.0,0.0,0.0,3,34.0,64.4,289,Overcast,0,0,
4585,2021-04-23 18:00:00,40.582287,-74.16907,0,0,Unspecified,4410334,15.5,2.0,0.0,0.0,0.0,0.0,3,28.7,57.2,273,Overcast,0,0,
4586,2021-04-22 22:00:00,40.593975,-73.77024,1,0,Driver Inattention/Distraction,4409732,7.9,1.3,0.0,0.0,0.0,0.0,3,34.0,64.4,289,Overcast,1,1,
4587,2021-04-22 11:43:00,40.816765,-73.90073,1,0,Unspecified,4409931,7.9,1.3,0.0,0.0,0.0,0.0,3,34.0,64.4,289,Overcast,1,1,
4588,2021-04-21 11:28:00,40.63082,-73.88636,0,0,Unspecified,4409239,18.2,3.7,3.7,3.7,0.0,3.0,63,29.9,59.0,256,Rain: Moderate,0,0,
4589,2021-04-23 18:45:00,40.584873,-73.969154,0,0,Unsafe Speed,4410164,15.5,2.0,0.0,0.0,0.0,0.0,3,28.7,57.2,273,Overcast,0,0,
4590,2021-04-22 11:45:00,40.65853,-73.919754,1,0,Unspecified,4409848,7.9,1.3,0.0,0.0,0.0,0.0,3,34.0,64.4,289,Overcast,1,1,
4591,2021-04-21 17:00:00,40.718155,-73.94839,0,0,Unspecified,4409377,18.2,3.7,3.7,3.7,0.0,3.0,63,29.9,59.0,256,Rain: Moderate,0,0,
4592,2021-04-05 23:00:00,40.715557,-73.99826,0,0,Other Vehicular,4410115,18.0,5.6,0.0,0.0,0.0,0.0,2,25.7,49.0,313,Partly cloudy,0,0,
4593,2021-04-22 19:30:00,40.83968,-73.929276,0,0,Following Too Closely,4409717,7.9,1.3,0.0,0.0,0.0,0.0,3,34.0,64.4,289,Overcast,0,0,
4594,2021-04-22 17:50:00,40.721397,-73.95605,0,0,Unspecified,4409681,7.9,1.3,0.0,0.0,0.0,0.0,3,34.0,64.4,289,Overcast,0,0,
4595,2021-04-23 15:49:00,40.66493,-73.9144,0,0,Driver Inattention/Distraction,4410094,15.5,2.0,0.0,0.0,0.0,0.0,3,28.7,57.2,273,Overcast,0,0,
4596,2021-04-23 17:30:00,40.707954,-73.950615,0,0,Unspecified,4409891,15.5,2.0,0.0,0.0,0.0,0.0,3,28.7,57.2,273,Overcast,0,0,
4597,2021-04-23 16:50:00,40.841988,-73.84392,2,0,Unspecified,4410524,15.5,2.0,0.0,0.0,0.0,0.0,3,28.7,57.2,273,Overcast,2,2,
4598,2021-04-23 12:05:00,40.62748,-74.00714,1,0,Failure to Yield Right-of-Way,4409801,15.5,2.0,0.0,0.0,0.0,0.0,3,28.7,57.2,273,Overcast,1,1,
4599,2021-04-23 20:29:00,40.8589,-73.90357,0,0,Unspecified,4409910,15.5,2.0,0.0,0.0,0.0,0.0,3,28.7,57.2,273,Overcast,0,0,
4600,2021-04-23 13:50:00,40.830166,-73.90624,0,0,Passing or Lane Usage Improper,4410136,15.5,2.0,0.0,0.0,0.0,0.0,3,28.7,57.2,273,Overcast,0,0,
4601,2021-09-14 22:19:00,40.794353,-73.97836,1,0,Illnes,4457582,26.0,19.0,0.2,0.2,0.0,1.0,51,18.0,35.6,138,Drizzle: Light,1,1,
4602,2021-04-22 19:13:00,40.71382,-73.85676,1,0,Pedestrian/Bicyclist/Other Pedestrian Error/Confusion,4409759,7.9,1.3,0.0,0.0,0.0,0.0,3,34.0,64.4,289,Overcast,1,1,
4603,2021-04-18 11:40:00,40.704845,-73.80112,0,0,Passing Too Closely,4409781,15.1,5.3,0.2,0.2,0.0,2.0,51,13.2,28.4,282,Drizzle: Light,0,0,
4604,2021-04-22 17:30:00,40.647064,-74.02263,1,0,Unspecified,4410000,7.9,1.3,0.0,0.0,0.0,0.0,3,34.0,64.4,289,Overcast,1,1,
4605,2021-04-16 06:57:00,40.748367,-73.87693,1,0,Driver Inattention/Distraction,4410540,11.8,3.7,2.9,2.9,0.0,12.0,53,23.5,49.0,307,Drizzle: Moderate,1,1,
4606,2021-04-21 14:40:00,40.67172,-73.850975,0,0,Unsafe Speed,4409382,18.2,3.7,3.7,3.7,0.0,3.0,63,29.9,59.0,256,Rain: Moderate,0,0,
4607,2021-04-22 16:23:00,40.82485,-73.911316,0,0,Aggressive Driving/Road Rage,4410107,7.9,1.3,0.0,0.0,0.0,0.0,3,34.0,64.4,289,Overcast,0,0,
4608,2021-04-18 19:45:00,40.690063,-73.76018,1,0,Pedestrian/Bicyclist/Other Pedestrian Error/Confusion,4409737,15.1,5.3,0.2,0.2,0.0,2.0,51,13.2,28.4,282,Drizzle: Light,1,1,
4609,2021-04-23 23:00:00,40.66328,-73.90403,0,0,Unsafe Speed,4410089,15.5,2.0,0.0,0.0,0.0,0.0,3,28.7,57.2,273,Overcast,0,0,
4610,2021-04-21 15:30:00,40.599503,-73.754074,0,0,Backing Unsafely,4409433,18.2,3.7,3.7,3.7,0.0,3.0,63,29.9,59.0,256,Rain: Moderate,0,0,
4611,2021-04-23 10:40:00,40.811665,-73.909035,0,0,Unspecified,4410487,15.5,2.0,0.0,0.0,0.0,0.0,3,28.7,57.2,273,Overcast,0,0,
4612,2021-04-21 00:00:00,40.81632,-73.95783,0,0,Unspecified,4409591,18.2,3.7,3.7,3.7,0.0,3.0,63,29.9,59.0,256,Rain: Moderate,0,0,
4613,2021-04-09 12:05:00,40.671535,-73.957664,0,0,Driver Inattention/Distraction,4410322,13.4,5.7,0.0,0.0,0.0,0.0,3,15.7,33.8,146,Overcast,0,0,
4614,2021-04-22 06:00:00,40.872494,-73.83314,0,0,Unspecified,4410121,7.9,1.3,0.0,0.0,0.0,0.0,3,34.0,64.4,289,Overcast,0,0,
4615,2021-04-21 04:30:00,40.74915,-73.98828,1,0,Passing or Lane Usage Improper,4409368,18.2,3.7,3.7,3.7,0.0,3.0,63,29.9,59.0,256,Rain: Moderate,1,1,
4616,2021-04-15 01:50:00,40.64378,-73.900826,0,0,Unsafe Speed,4409898,12.9,7.7,15.9,15.9,0.0,15.0,63,17.3,32.0,166,Rain: Moderate,0,0,
4617,2021-04-23 15:50:00,40.667572,-73.8257,0,0,Failure to Yield Right-of-Way,4410240,15.5,2.0,0.0,0.0,0.0,0.0,3,28.7,57.2,273,Overcast,0,0,
4618,2021-04-15 10:00:00,40.695976,-73.902374,0,0,Unspecified,4409943,12.9,7.7,15.9,15.9,0.0,15.0,63,17.3,32.0,166,Rain: Moderate,0,0,
4619,2021-04-21 08:10:00,40.637203,-74.0222,0,0,Driver Inattention/Distraction,4409326,18.2,3.7,3.7,3.7,0.0,3.0,63,29.9,59.0,256,Rain: Moderate,0,0,
4620,2021-04-22 11:15:00,40.640236,-73.90598,1,0,Reaction to Uninvolved Vehicle,4409642,7.9,1.3,0.0,0.0,0.0,0.0,3,34.0,64.4,289,Overcast,1,1,
4621,2021-04-22 14:50:00,40.61821,-73.89728,1,0,Following Too Closely,4409657,7.9,1.3,0.0,0.0,0.0,0.0,3,34.0,64.4,289,Overcast,1,1,
4622,2021-04-03 15:17:00,40.82463,-73.91059,1,0,Unspecified,4410127,10.8,-2.3,0.0,0.0,0.0,0.0,3,15.9,34.2,302,Overcast,1,1,
4623,2021-04-21 15:30:00,40.62531,-73.918884,0,0,Unspecified,4410407,18.2,3.7,3.7,3.7,0.0,3.0,63,29.9,59.0,256,Rain: Moderate,0,0,
4624,2021-04-23 13:15:00,40.678116,-73.92172,0,0,Passing or Lane Usage Improper,4410193,15.5,2.0,0.0,0.0,0.0,0.0,3,28.7,57.2,273,Overcast,0,0,
4625,2021-04-21 20:15:00,40.82815,-73.93491,2,0,Driver Inattention/Distraction,4409467,18.2,3.7,3.7,3.7,0.0,3.0,63,29.9,59.0,256,Rain: Moderate,2,2,
4626,2021-04-21 16:48:00,40.839676,-73.871216,4,0,View Obstructed/Limited,4409545,18.2,3.7,3.7,3.7,0.0,3.0,63,29.9,59.0,256,Rain: Moderate,4,4,
4627,2021-04-23 08:21:00,40.604572,-74.091125,1,0,Passing Too Closely,4409744,15.5,2.0,0.0,0.0,0.0,0.0,3,28.7,57.2,273,Overcast,1,1,
4628,2021-04-10 23:25:00,40.652916,-73.94498,0,0,Following Too Closely,4409876,17.0,7.7,1.2,1.2,0.0,3.0,53,14.4,31.7,166,Drizzle: Moderate,0,0,
4629,2021-04-21 20:09:00,40.869076,-73.93062,0,0,Driver Inattention/Distraction,4410220,18.2,3.7,3.7,3.7,0.0,3.0,63,29.9,59.0,256,Rain: Moderate,0,0,
4630,2021-04-23 21:30:00,40.75233,-73.86264,0,0,Driver Inattention/Distraction,4409945,15.5,2.0,0.0,0.0,0.0,0.0,3,28.7,57.2,273,Overcast,0,0,
4631,2021-04-21 16:25:00,40.83558,-73.886665,0,0,Unspecified,4409417,18.2,3.7,3.7,3.7,0.0,3.0,63,29.9,59.0,256,Rain: Moderate,0,0,
4632,2021-04-22 16:30:00,40.73485,-73.989975,0,0,Passing Too Closely,4409813,7.9,1.3,0.0,0.0,0.0,0.0,3,34.0,64.4,289,Overcast,0,0,
4633,2021-04-23 11:09:00,40.635185,-73.92862,1,0,Unspecified,4410405,15.5,2.0,0.0,0.0,0.0,0.0,3,28.7,57.2,273,Overcast,1,1,
4634,2021-04-17 04:30:00,40.895927,-73.855995,0,0,Turning Improperly,4410149,11.8,4.9,0.3,0.3,0.0,2.0,51,17.1,32.4,313,Drizzle: Light,0,0,
4635,2021-04-23 22:00:00,40.67602,-73.81613,0,0,Unspecified,4410231,15.5,2.0,0.0,0.0,0.0,0.0,3,28.7,57.2,273,Overcast,0,0,
4636,2021-04-22 12:23:00,40.861862,-73.91282,0,0,Following Too Closely,4409692,7.9,1.3,0.0,0.0,0.0,0.0,3,34.0,64.4,289,Overcast,0,0,
4637,2021-04-23 17:24:00,40.826397,-73.92116,0,0,Glare,4410423,15.5,2.0,0.0,0.0,0.0,0.0,3,28.7,57.2,273,Overcast,0,0,
4638,2021-04-23 16:00:00,40.72026,-73.75234,1,0,Unspecified,4409869,15.5,2.0,0.0,0.0,0.0,0.0,3,28.7,57.2,273,Overcast,1,1,
4639,2021-04-22 15:52:00,40.68286,-73.97278,1,0,Pedestrian/Bicyclist/Other Pedestrian Error/Confusion,4409608,7.9,1.3,0.0,0.0,0.0,0.0,3,34.0,64.4,289,Overcast,1,1,
4640,2021-04-21 13:00:00,40.766785,-73.893105,0,0,Driver Inattention/Distraction,4410106,18.2,3.7,3.7,3.7,0.0,3.0,63,29.9,59.0,256,Rain: Moderate,0,0,
4641,2021-04-23 14:45:00,40.866047,-73.882744,0,0,Failure to Yield Right-of-Way,4409808,15.5,2.0,0.0,0.0,0.0,0.0,3,28.7,57.2,273,Overcast,0,0,
4642,2021-04-22 21:13:00,40.830563,-73.91883,1,0,Unsafe Speed,4409720,7.9,1.3,0.0,0.0,0.0,0.0,3,34.0,64.4,289,Overcast,1,1,
4643,2021-04-21 16:03:00,40.833153,-73.90913,0,0,Driver Inattention/Distraction,4409424,18.2,3.7,3.7,3.7,0.0,3.0,63,29.9,59.0,256,Rain: Moderate,0,0,
4644,2021-04-23 18:40:00,40.60058,-73.99161,0,0,Driver Inattention/Distraction,4410037,15.5,2.0,0.0,0.0,0.0,0.0,3,28.7,57.2,273,Overcast,0,0,
4645,2021-04-22 15:24:00,40.789772,-73.97397,0,0,Other Vehicular,4409713,7.9,1.3,0.0,0.0,0.0,0.0,3,34.0,64.4,289,Overcast,0,0,
4646,2021-04-22 18:00:00,40.759514,-73.99926,0,0,Passing Too Closely,4409616,7.9,1.3,0.0,0.0,0.0,0.0,3,34.0,64.4,289,Overcast,0,0,
4647,2021-04-21 01:05:00,40.77012,-73.95741,1,0,Driver Inattention/Distraction,4409057,18.2,3.7,3.7,3.7,0.0,3.0,63,29.9,59.0,256,Rain: Moderate,1,1,
4648,2021-04-23 01:45:00,40.665497,-73.75573,0,0,Driver Inattention/Distraction,4409677,15.5,2.0,0.0,0.0,0.0,0.0,3,28.7,57.2,273,Overcast,0,0,
4649,2021-04-22 11:00:00,40.7217,-73.73017,0,0,Unspecified,4409925,7.9,1.3,0.0,0.0,0.0,0.0,3,34.0,64.4,289,Overcast,0,0,
4650,2021-04-23 15:10:00,40.65634,-73.92137,0,0,Unspecified,4409852,15.5,2.0,0.0,0.0,0.0,0.0,3,28.7,57.2,273,Overcast,0,0,
4651,2021-04-20 18:45:00,40.64634,-73.917496,0,0,Passing Too Closely,4409845,21.4,6.5,0.0,0.0,0.0,0.0,3,26.0,56.2,223,Overcast,0,0,
4652,2021-04-21 17:50:00,40.61278,-73.996605,0,0,Other Vehicular,4409348,18.2,3.7,3.7,3.7,0.0,3.0,63,29.9,59.0,256,Rain: Moderate,0,0,
4653,2021-04-23 09:00:00,40.843002,-73.90359,0,0,Following Too Closely,4410173,15.5,2.0,0.0,0.0,0.0,0.0,3,28.7,57.2,273,Overcast,0,0,
4654,2021-04-21 20:06:00,40.85384,-73.8564,0,0,Other Vehicular,4409492,18.2,3.7,3.7,3.7,0.0,3.0,63,29.9,59.0,256,Rain: Moderate,0,0,
4655,2021-04-21 09:33:00,40.67805,-73.98262,0,0,Driver Inattention/Distraction,4409225,18.2,3.7,3.7,3.7,0.0,3.0,63,29.9,59.0,256,Rain: Moderate,0,0,
4656,2021-04-22 14:55:00,40.890076,-73.819855,1,0,Traffic Control Disregarded,4410181,7.9,1.3,0.0,0.0,0.0,0.0,3,34.0,64.4,289,Overcast,1,1,
4657,2021-04-23 18:47:00,40.71206,-73.94737,0,0,Driver Inattention/Distraction,4409887,15.5,2.0,0.0,0.0,0.0,0.0,3,28.7,57.2,273,Overcast,0,0,
4658,2021-04-22 14:30:00,40.776016,-73.98724,0,0,Pedestrian/Bicyclist/Other Pedestrian Error/Confusion,4410308,7.9,1.3,0.0,0.0,0.0,0.0,3,34.0,64.4,289,Overcast,0,0,
4659,2021-04-23 20:45:00,40.723747,-74.00612,0,0,Alcohol Involvement,4409906,15.5,2.0,0.0,0.0,0.0,0.0,3,28.7,57.2,273,Overcast,0,0,
4660,2021-04-23 04:43:00,40.86832,-73.83317,0,0,Unspecified,4410202,15.5,2.0,0.0,0.0,0.0,0.0,3,28.7,57.2,273,Overcast,0,0,
4661,2021-04-23 11:32:00,40.66401,-73.99771,1,0,Unspecified,4409840,15.5,2.0,0.0,0.0,0.0,0.0,3,28.7,57.2,273,Overcast,1,1,
4662,2021-04-16 15:39:00,40.760494,-73.8614,0,0,Driver Inattention/Distraction,4410081,11.8,3.7,2.9,2.9,0.0,12.0,53,23.5,49.0,307,Drizzle: Moderate,0,0,
4663,2021-03-17 15:00:00,40.67045,-73.911896,1,0,Unspecified,4409961,7.8,0.4,0.0,0.0,0.0,0.0,3,11.9,25.6,113,Overcast,1,1,
4664,2021-04-23 18:06:00,40.640415,-73.982925,0,0,Unspecified,4410477,15.5,2.0,0.0,0.0,0.0,0.0,3,28.7,57.2,273,Overcast,0,0,
4665,2021-04-19 11:55:00,40.696686,-73.9378,0,0,Driver Inattention/Distraction,4410213,16.9,5.0,0.0,0.0,0.0,0.0,3,14.7,31.0,214,Overcast,0,0,
4666,2021-04-08 07:40:00,40.813374,-73.956276,0,0,Driver Inattention/Distraction,4410186,18.2,5.5,0.0,0.0,0.0,0.0,3,18.0,35.3,173,Overcast,0,0,
4667,2021-04-21 23:11:00,40.650402,-73.89422,1,0,Pedestrian/Bicyclist/Other Pedestrian Error/Confusion,4409992,18.2,3.7,3.7,3.7,0.0,3.0,63,29.9,59.0,256,Rain: Moderate,1,1,
4668,2021-04-22 16:40:00,40.7025,-73.814964,0,0,Brakes Defective,4409788,7.9,1.3,0.0,0.0,0.0,0.0,3,34.0,64.4,289,Overcast,0,0,
4669,2021-04-23 13:20:00,40.820515,-73.930695,1,0,Failure to Yield Right-of-Way,4410162,15.5,2.0,0.0,0.0,0.0,0.0,3,28.7,57.2,273,Overcast,1,1,
4670,2021-04-22 14:30:00,40.66684,-73.78941,0,0,Following Too Closely,4409585,7.9,1.3,0.0,0.0,0.0,0.0,3,34.0,64.4,289,Overcast,0,0,
4671,2021-04-16 01:42:00,40.611156,-73.97534,0,0,Driver Inattention/Distraction,4409902,11.8,3.7,2.9,2.9,0.0,12.0,53,23.5,49.0,307,Drizzle: Moderate,0,0,
4672,2021-04-16 19:35:00,40.70022,-73.96219,1,0,Pedestrian/Bicyclist/Other Pedestrian Error/Confusion,4410526,11.8,3.7,2.9,2.9,0.0,12.0,53,23.5,49.0,307,Drizzle: Moderate,1,1,
4673,2021-04-21 14:10:00,40.69642,-73.95978,0,0,Passing Too Closely,4410365,18.2,3.7,3.7,3.7,0.0,3.0,63,29.9,59.0,256,Rain: Moderate,0,0,
4674,2021-04-23 08:05:00,40.761475,-73.91364,0,0,Following Too Closely,4410116,15.5,2.0,0.0,0.0,0.0,0.0,3,28.7,57.2,273,Overcast,0,0,
4675,2021-04-23 13:17:00,40.70921,-73.87017,0,0,Passing or Lane Usage Improper,4409939,15.5,2.0,0.0,0.0,0.0,0.0,3,28.7,57.2,273,Overcast,0,0,
4676,2021-04-22 13:30:00,40.682907,-73.9848,1,0,Unspecified,4409756,7.9,1.3,0.0,0.0,0.0,0.0,3,34.0,64.4,289,Overcast,1,1,
4677,2021-04-21 20:12:00,40.712994,-73.98853,1,0,Driver Inattention/Distraction,4409410,18.2,3.7,3.7,3.7,0.0,3.0,63,29.9,59.0,256,Rain: Moderate,1,1,
4678,2021-04-21 10:00:00,40.829647,-73.94439,0,0,Driver Inattention/Distraction,4409769,18.2,3.7,3.7,3.7,0.0,3.0,63,29.9,59.0,256,Rain: Moderate,0,0,
4679,2021-04-16 18:30:00,40.680717,-73.9463,0,0,Driver Inattention/Distraction,4410375,11.8,3.7,2.9,2.9,0.0,12.0,53,23.5,49.0,307,Drizzle: Moderate,0,0,
4680,2021-04-23 10:54:00,40.743137,-73.82973,1,0,Following Too Closely,4410004,15.5,2.0,0.0,0.0,0.0,0.0,3,28.7,57.2,273,Overcast,1,1,
4681,2021-04-23 19:15:00,40.758064,-73.97029,0,0,Oversized Vehicle,4409872,15.5,2.0,0.0,0.0,0.0,0.0,3,28.7,57.2,273,Overcast,0,0,
4682,2021-04-21 18:45:00,40.877033,-73.846375,1,0,Failure to Yield Right-of-Way,4409540,18.2,3.7,3.7,3.7,0.0,3.0,63,29.9,59.0,256,Rain: Moderate,1,1,
4683,2021-04-21 01:30:00,40.854477,-73.90125,0,0,Unspecified,4409439,18.2,3.7,3.7,3.7,0.0,3.0,63,29.9,59.0,256,Rain: Moderate,0,0,
4684,2021-04-08 19:09:00,40.844753,-73.90539,3,0,Unsafe Lane Changing,4410419,18.2,5.5,0.0,0.0,0.0,0.0,3,18.0,35.3,173,Overcast,3,3,
4685,2021-04-21 02:00:00,40.88271,-73.881256,0,0,Other Vehicular,4409265,18.2,3.7,3.7,3.7,0.0,3.0,63,29.9,59.0,256,Rain: Moderate,0,0,
4686,2021-04-23 20:26:00,40.856136,-73.89235,1,0,Unspecified,4409951,15.5,2.0,0.0,0.0,0.0,0.0,3,28.7,57.2,273,Overcast,1,1,
4687,2021-04-16 18:45:00,40.68876,-73.98085,0,0,Driver Inattention/Distraction,4410280,11.8,3.7,2.9,2.9,0.0,12.0,53,23.5,49.0,307,Drizzle: Moderate,0,0,
4688,2021-04-12 13:00:00,40.875122,-73.905174,3,0,Unsafe Speed,4410017,8.7,6.7,13.6,13.6,0.0,21.0,61,23.4,42.1,51,Rain: Light,3,3,
4689,2021-04-23 11:47:00,40.65245,-73.96345,2,0,Driver Inexperience,4410066,15.5,2.0,0.0,0.0,0.0,0.0,3,28.7,57.2,273,Overcast,2,2,
4690,2021-04-21 10:30:00,40.637997,-74.02136,0,0,Passing or Lane Usage Improper,4409317,18.2,3.7,3.7,3.7,0.0,3.0,63,29.9,59.0,256,Rain: Moderate,0,0,
4691,2021-04-23 09:04:00,40.73027,-73.97993,0,0,Other Vehicular,4410153,15.5,2.0,0.0,0.0,0.0,0.0,3,28.7,57.2,273,Overcast,0,0,
4692,2021-04-06 22:30:00,40.842422,-73.928185,4,0,Unspecified,4409709,18.3,4.8,0.0,0.0,0.0,0.0,1,21.9,38.9,319,Mainly clear,4,4,Sunny/Clear Conditions
4693,2021-04-21 08:48:00,40.799957,-73.96053,0,0,Driver Inattention/Distraction,4409159,18.2,3.7,3.7,3.7,0.0,3.0,63,29.9,59.0,256,Rain: Moderate,0,0,
4694,2021-04-23 17:15:00,40.653275,-73.92953,0,0,Driver Inattention/Distraction,4410266,15.5,2.0,0.0,0.0,0.0,0.0,3,28.7,57.2,273,Overcast,0,0,
4695,2021-04-21 23:29:00,40.828316,-73.93118,0,0,Traffic Control Disregarded,4409454,18.2,3.7,3.7,3.7,0.0,3.0,63,29.9,59.0,256,Rain: Moderate,0,0,
4696,2021-04-23 23:13:00,40.652462,-73.92285,0,0,Failure to Yield Right-of-Way,4410268,15.5,2.0,0.0,0.0,0.0,0.0,3,28.7,57.2,273,Overcast,0,0,
4697,2021-04-23 12:03:00,40.784573,-73.971695,0,0,Driver Inattention/Distraction,4409828,15.5,2.0,0.0,0.0,0.0,0.0,3,28.7,57.2,273,Overcast,0,0,
4698,2021-04-21 18:15:00,40.65965,-73.773834,0,0,Driver Inattention/Distraction,4409373,18.2,3.7,3.7,3.7,0.0,3.0,63,29.9,59.0,256,Rain: Moderate,0,0,
4699,2021-03-16 19:18:00,40.815304,-73.94371,2,0,Unspecified,4409741,2.6,-4.1,0.0,0.0,0.07,0.0,71,14.6,31.0,101,Snow fall: Light,2,2,Snowy Conditions
4700,2021-03-25 15:30:00,40.813374,-73.956276,1,0,Pedestrian/Bicyclist/Other Pedestrian Error/Confusion,4410340,19.5,9.1,1.8,1.8,0.0,3.0,55,17.6,36.0,124,Drizzle: Dense,1,1,
4701,2021-04-22 15:30:00,40.801125,-73.92988,0,0,Unspecified,4409823,7.9,1.3,0.0,0.0,0.0,0.0,3,34.0,64.4,289,Overcast,0,0,
4702,2021-04-22 15:00:00,40.73573,-73.89324,1,0,Driver Inattention/Distraction,4409673,7.9,1.3,0.0,0.0,0.0,0.0,3,34.0,64.4,289,Overcast,1,1,
4703,2021-04-16 08:01:00,40.745502,-73.86806,1,0,Failure to Yield Right-of-Way,4409724,11.8,3.7,2.9,2.9,0.0,12.0,53,23.5,49.0,307,Drizzle: Moderate,1,1,
4704,2021-04-21 12:30:00,40.7847,-73.843056,0,0,Turning Improperly,4409270,18.2,3.7,3.7,3.7,0.0,3.0,63,29.9,59.0,256,Rain: Moderate,0,0,
4705,2021-04-21 12:50:00,40.62729,-74.0086,0,0,Driver Inattention/Distraction,4409327,18.2,3.7,3.7,3.7,0.0,3.0,63,29.9,59.0,256,Rain: Moderate,0,0,
4706,2021-04-21 13:00:00,40.66228,-73.90003,0,0,Driver Inattention/Distraction,4409551,18.2,3.7,3.7,3.7,0.0,3.0,63,29.9,59.0,256,Rain: Moderate,0,0,
4707,2021-04-23 18:13:00,40.67948,-73.93291,2,0,Driver Inattention/Distraction,4410198,15.5,2.0,0.0,0.0,0.0,0.0,3,28.7,57.2,273,Overcast,2,2,
4708,2021-04-21 21:00:00,40.73189,-74.0038,1,0,Pedestrian/Bicyclist/Other Pedestrian Error/Confusion,4409512,18.2,3.7,3.7,3.7,0.0,3.0,63,29.9,59.0,256,Rain: Moderate,1,1,
4709,2021-04-18 03:20:00,40.734737,-73.87227,0,0,Unspecified,4410465,15.1,5.3,0.2,0.2,0.0,2.0,51,13.2,28.4,282,Drizzle: Light,0,0,
4710,2021-02-10 06:30:00,40.723236,-73.912575,0,0,Passing Too Closely,4409745,0.1,-9.1,0.0,0.0,0.07,0.0,71,13.1,22.7,312,Snow fall: Light,0,0,Snowy Conditions
4711,2021-04-23 14:30:00,40.711227,-73.72826,0,0,Drugs (illegal),4409855,15.5,2.0,0.0,0.0,0.0,0.0,3,28.7,57.2,273,Overcast,0,0,
4712,2021-04-22 16:00:00,40.664818,-73.92221,0,0,Driver Inexperience,4410074,7.9,1.3,0.0,0.0,0.0,0.0,3,34.0,64.4,289,Overcast,0,0,
4713,2021-04-21 15:30:00,40.666946,-73.79712,0,0,Driver Inattention/Distraction,4409784,18.2,3.7,3.7,3.7,0.0,3.0,63,29.9,59.0,256,Rain: Moderate,0,0,
4714,2021-12-10 15:30:00,40.75904,-73.807945,0,0,Other Vehicular,4485261,8.5,1.6,0.0,0.0,0.0,0.0,3,9.8,20.5,183,Overcast,0,0,