,CRASH DATETIME,LATITUDE,LONGITUDE,NUMBER OF PERSONS INJURED,NUMBER OF PERSONS KILLED,CONTRIBUTING FACTOR VEHICLE 1,COLLISION_ID,temperature_2m_max,temperature_2m_min,precipitation_sum,rain_sum,snowfall_sum,precipitation_hours,weather_code,wind_speed_10m_max,wind_gusts_10m_max,wind_direction_10m_dominant,Weather Description,Severity_Score,Total_Affected_Persons,Weather_Category
4715,2021-04-23 22:08:00,40.714878,-73.75046,1,0,Unspecified,4409922,15.5,2.0,0.0,0.0,0.0,0.0,3,28.7,57.2,273,Overcast,1,1,
4716,2021-04-23 09:10:00,40.744698,-73.95667,0,0,Driver Inattention/Distraction,4409877,15.5,2.0,0.0,0.0,0.0,0.0,3,28.7,57.2,273,Overcast,0,0,
4717,2021-04-21 23:00:00,40.631706,-73.94649,2,0,Failure to Yield Right-of-Way,4409414,18.2,3.7,3.7,3.7,0.0,3.0,63,29.9,59.0,256,Rain: Moderate,2,2,
4718,2021-04-13 23:30:00,40.820137,-73.89029,0,0,Unsafe Lane Changing,4409752,18.3,5.8,4.5,4.5,0.0,5.0,61,14.5,28.1,17,Rain: Light,0,0,
4719,2021-04-23 23:45:00,40.700813,-73.95447,0,0,Unspecified,4409884,15.5,2.0,0.0,0.0,0.0,0.0,3,28.7,57.2,273,Overcast,0,0,
4720,2021-04-22 10:21:00,40.720936,-73.993805,0,0,Passing or Lane Usage Improper,4410062,7.9,1.3,0.0,0.0,0.0,0.0,3,34.0,64.4,289,Overcast,0,0,
4721,2021-04-23 21:10:00,40.766556,-73.96294,0,0,Driver Inexperience,4410511,15.5,2.0,0.0,0.0,0.0,0.0,3,28.7,57.2,273,Overcast,0,0,
4722,2021-04-18 06:55:00,40.704628,-73.87245,0,0,Alcohol Involvement,4409773,15.1,5.3,0.2,0.2,0.0,2.0,51,13.2,28.4,282,Drizzle: Light,0,0,
4723,2021-04-22 09:10:00,40.678238,-73.94415,0,0,Driver Inattention/Distraction,4410157,7.9,1.3,0.0,0.0,0.0,0.0,3,34.0,64.4,289,Overcast,0,0,
4724,2021-04-21 12:08:00,40.601948,-73.99382,1,0,Driver Inattention/Distraction,4409209,18.2,3.7,3.7,3.7,0.0,3.0,63,29.9,59.0,256,Rain: Moderate,1,1,
4725,2021-04-21 21:37:00,40.661606,-73.92066,1,0,Backing Unsafely,4410351,18.2,3.7,3.7,3.7,0.0,3.0,63,29.9,59.0,256,Rain: Moderate,1,1,
4726,2021-04-19 09:17:00,40.822834,-73.941925,0,0,Driver Inattention/Distraction,4409750,16.9,5.0,0.0,0.0,0.0,0.0,3,14.7,31.0,214,Overcast,0,0,
4727,2021-04-22 14:30:00,40.54581,-74.185555,0,0,Driver Inattention/Distraction,4410251,7.9,1.3,0.0,0.0,0.0,0.0,3,34.0,64.4,289,Overcast,0,0,
4728,2021-04-23 18:00:00,40.852673,-73.919106,0,0,Unspecified,4410178,15.5,2.0,0.0,0.0,0.0,0.0,3,28.7,57.2,273,Overcast,0,0,
4729,2021-04-22 16:00:00,40.757565,-73.90191,0,0,Turning Improperly,4410112,7.9,1.3,0.0,0.0,0.0,0.0,3,34.0,64.4,289,Overcast,0,0,
4730,2021-04-23 20:25:00,40.67879,-73.913635,1,0,Unspecified,4410095,15.5,2.0,0.0,0.0,0.0,0.0,3,28.7,57.2,273,Overcast,1,1,
4731,2021-04-21 00:35:00,40.65362,-73.933525,1,0,Failure to Yield Right-of-Way,4409123,18.2,3.7,3.7,3.7,0.0,3.0,63,29.9,59.0,256,Rain: Moderate,1,1,
4732,2021-04-14 02:00:00,40.669098,-73.93666,0,0,Driver Inattention/Distraction,4410323,19.7,5.4,0.0,0.0,0.0,0.0,3,20.8,39.6,227,Overcast,0,0,
4733,2021-04-21 16:55:00,40.635506,-73.913284,1,0,Failure to Yield Right-of-Way,4409336,18.2,3.7,3.7,3.7,0.0,3.0,63,29.9,59.0,256,Rain: Moderate,1,1,
4734,2021-04-22 08:59:00,40.761223,-73.96982,1,0,Driver Inattention/Distraction,4409510,7.9,1.3,0.0,0.0,0.0,0.0,3,34.0,64.4,289,Overcast,1,1,
4735,2021-04-23 13:00:00,40.8617,-73.89139,2,0,Driver Inattention/Distraction,4409800,15.5,2.0,0.0,0.0,0.0,0.0,3,28.7,57.2,273,Overcast,2,2,
4736,2021-04-23 00:09:00,40.85406,-73.91936,1,0,Driver Inattention/Distraction,4409728,15.5,2.0,0.0,0.0,0.0,0.0,3,28.7,57.2,273,Overcast,1,1,
4737,2021-04-23 16:35:00,40.654163,-73.91163,0,0,Unspecified,4409860,15.5,2.0,0.0,0.0,0.0,0.0,3,28.7,57.2,273,Overcast,0,0,
4738,2021-04-23 15:43:00,40.83964,-73.84403,0,0,Unspecified,4410052,15.5,2.0,0.0,0.0,0.0,0.0,3,28.7,57.2,273,Overcast,0,0,
4739,2021-04-01 01:23:00,40.75361,-73.90393,1,0,Driver Inattention/Distraction,4410090,11.1,2.9,6.5,6.5,0.0,11.0,63,28.5,53.6,323,Rain: Moderate,1,1,
4740,2021-04-21 19:05:00,40.760956,-73.93576,1,0,Driver Inattention/Distraction,4410111,18.2,3.7,3.7,3.7,0.0,3.0,63,29.9,59.0,256,Rain: Moderate,1,1,
4741,2021-04-21 16:34:00,40.596325,-73.76673,0,0,Passing Too Closely,4409437,18.2,3.7,3.7,3.7,0.0,3.0,63,29.9,59.0,256,Rain: Moderate,0,0,
4742,2021-04-23 11:40:00,40.68607,-73.91605,0,0,Passing Too Closely,4409915,15.5,2.0,0.0,0.0,0.0,0.0,3,28.7,57.2,273,Overcast,0,0,
4743,2021-04-21 00:00:00,40.676956,-73.83729,1,0,Traffic Control Disregarded,4409253,18.2,3.7,3.7,3.7,0.0,3.0,63,29.9,59.0,256,Rain: Moderate,1,1,
4744,2021-04-22 18:30:00,40.69168,-73.999344,1,0,Following Too Closely,4409656,7.9,1.3,0.0,0.0,0.0,0.0,3,34.0,64.4,289,Overcast,1,1,
4745,2021-04-22 16:22:00,40.678486,-74.006195,0,0,Driver Inattention/Distraction,4409625,7.9,1.3,0.0,0.0,0.0,0.0,3,34.0,64.4,289,Overcast,0,0,
4746,2021-04-23 10:40:00,40.7418,-73.72815,1,0,Following Too Closely,4409864,15.5,2.0,0.0,0.0,0.0,0.0,3,28.7,57.2,273,Overcast,1,1,
4747,2021-04-21 11:20:00,40.722668,-73.93689,0,0,Backing Unsafely,4409378,18.2,3.7,3.7,3.7,0.0,3.0,63,29.9,59.0,256,Rain: Moderate,0,0,
4748,2021-04-22 13:30:00,40.761787,-73.95745,0,0,Outside Car Distraction,4409777,7.9,1.3,0.0,0.0,0.0,0.0,3,34.0,64.4,289,Overcast,0,0,
4749,2021-04-22 07:14:00,40.778614,-73.83887,0,0,Passing or Lane Usage Improper,4410013,7.9,1.3,0.0,0.0,0.0,0.0,3,34.0,64.4,289,Overcast,0,0,
4750,2021-04-20 09:40:00,40.75644,-73.87701,1,0,Failure to Yield Right-of-Way,4409970,21.4,6.5,0.0,0.0,0.0,0.0,3,26.0,56.2,223,Overcast,1,1,
4751,2021-04-21 19:03:00,40.71153,-73.95504,0,0,Passing or Lane Usage Improper,4409364,18.2,3.7,3.7,3.7,0.0,3.0,63,29.9,59.0,256,Rain: Moderate,0,0,
4752,2021-04-22 11:00:00,40.748863,-73.97584,1,0,Following Too Closely,4409555,7.9,1.3,0.0,0.0,0.0,0.0,3,34.0,64.4,289,Overcast,1,1,
4753,2021-04-07 15:45:00,40.696815,-73.936615,0,0,Failure to Yield Right-of-Way,4410196,19.7,6.7,0.5,0.5,0.0,2.0,51,15.5,34.6,14,Drizzle: Light,0,0,
4754,2021-04-21 17:40:00,40.87951,-73.9085,1,0,Unspecified,4410223,18.2,3.7,3.7,3.7,0.0,3.0,63,29.9,59.0,256,Rain: Moderate,1,1,
4755,2021-04-23 19:18:00,40.856445,-73.891045,0,0,Driver Inattention/Distraction,4409950,15.5,2.0,0.0,0.0,0.0,0.0,3,28.7,57.2,273,Overcast,0,0,
4756,2021-04-23 14:27:00,40.62386,-73.965,1,0,Driver Inattention/Distraction,4410067,15.5,2.0,0.0,0.0,0.0,0.0,3,28.7,57.2,273,Overcast,1,1,
4757,2021-04-23 08:52:00,40.69426,-73.91036,0,0,Driver Inattention/Distraction,4409913,15.5,2.0,0.0,0.0,0.0,0.0,3,28.7,57.2,273,Overcast,0,0,
4758,2021-04-23 11:50:00,40.812634,-73.88313,2,0,Unspecified,4410385,15.5,2.0,0.0,0.0,0.0,0.0,3,28.7,57.2,273,Overcast,2,2,
4759,2021-04-22 12:10:00,40.802074,-73.93912,0,0,Passenger Distraction,4409598,7.9,1.3,0.0,0.0,0.0,0.0,3,34.0,64.4,289,Overcast,0,0,
4760,2021-04-22 19:29:00,40.717785,-73.76249,0,0,Unsafe Speed,4409782,7.9,1.3,0.0,0.0,0.0,0.0,3,34.0,64.4,289,Overcast,0,0,
4761,2021-04-22 20:00:00,40.609867,-73.92239,0,0,Driver Inattention/Distraction,4410409,7.9,1.3,0.0,0.0,0.0,0.0,3,34.0,64.4,289,Overcast,0,0,
4762,2021-04-23 16:16:00,40.71827,-73.99072,0,0,Unspecified,4410080,15.5,2.0,0.0,0.0,0.0,0.0,3,28.7,57.2,273,Overcast,0,0,
4763,2021-04-23 12:00:00,40.68343,-73.82661,0,0,Driver Inattention/Distraction,4410239,15.5,2.0,0.0,0.0,0.0,0.0,3,28.7,57.2,273,Overcast,0,0,
4764,2021-04-20 09:40:00,40.653732,-73.91327,0,0,Unspecified,4410530,21.4,6.5,0.0,0.0,0.0,0.0,3,26.0,56.2,223,Overcast,0,0,
4765,2021-04-23 03:10:00,40.705715,-73.91259,0,0,Unspecified,4409940,15.5,2.0,0.0,0.0,0.0,0.0,3,28.7,57.2,273,Overcast,0,0,
4766,2021-04-22 21:15:00,40.714073,-73.95534,1,0,Driver Inattention/Distraction,4409733,7.9,1.3,0.0,0.0,0.0,0.0,3,34.0,64.4,289,Overcast,1,1,
4767,2021-04-22 15:00:00,40.681446,-73.94644,1,0,Traffic Control Disregarded,4410363,7.9,1.3,0.0,0.0,0.0,0.0,3,34.0,64.4,289,Overcast,1,1,
4768,2021-04-21 08:50:00,40.883476,-73.868256,0,0,Unspecified,4409242,18.2,3.7,3.7,3.7,0.0,3.0,63,29.9,59.0,256,Rain: Moderate,0,0,
4769,2021-04-20 15:00:00,40.87877,-73.824036,0,0,Unspecified,4409718,21.4,6.5,0.0,0.0,0.0,0.0,3,26.0,56.2,223,Overcast,0,0,
4770,2021-04-21 09:00:00,40.630333,-74.0405,1,0,Unspecified,4409180,18.2,3.7,3.7,3.7,0.0,3.0,63,29.9,59.0,256,Rain: Moderate,1,1,
4771,2021-04-22 08:26:00,40.820255,-73.94562,0,0,Other Vehicular,4409473,7.9,1.3,0.0,0.0,0.0,0.0,3,34.0,64.4,289,Overcast,0,0,
4772,2021-04-23 17:12:00,40.8347,-73.91827,0,0,Backing Unsafely,4410172,15.5,2.0,0.0,0.0,0.0,0.0,3,28.7,57.2,273,Overcast,0,0,
4773,2021-04-23 07:50:00,40.715595,-73.896904,0,0,Failure to Yield Right-of-Way,4409765,15.5,2.0,0.0,0.0,0.0,0.0,3,28.7,57.2,273,Overcast,0,0,
4774,2021-04-23 11:28:00,40.765137,-73.81944,3,0,Failure to Yield Right-of-Way,4409804,15.5,2.0,0.0,0.0,0.0,0.0,3,28.7,57.2,273,Overcast,3,3,
4775,2021-12-08 14:19:00,40.767803,-73.95601,1,0,Driver Inattention/Distraction,4484840,4.7,0.9,0.7,0.7,0.0,2.0,51,14.5,24.8,355,Drizzle: Light,1,1,
4776,2021-04-21 09:45:00,40.687138,-73.75136,0,0,Unspecified,4409296,18.2,3.7,3.7,3.7,0.0,3.0,63,29.9,59.0,256,Rain: Moderate,0,0,
4777,2021-04-22 02:11:00,40.588562,-74.14584,0,0,Driver Inattention/Distraction,4409399,7.9,1.3,0.0,0.0,0.0,0.0,3,34.0,64.4,289,Overcast,0,0,
4778,2021-04-23 15:00:00,40.834637,-73.89443,0,0,Unspecified,4410138,15.5,2.0,0.0,0.0,0.0,0.0,3,28.7,57.2,273,Overcast,0,0,
4779,2021-04-23 12:33:00,40.83661,-73.92234,2,0,Unsafe Speed,4409815,15.5,2.0,0.0,0.0,0.0,0.0,3,28.7,57.2,273,Overcast,2,2,
4780,2021-04-21 23:00:00,40.83761,-73.88106,1,0,Driver Inattention/Distraction,4409503,18.2,3.7,3.7,3.7,0.0,3.0,63,29.9,59.0,256,Rain: Moderate,1,1,
4781,2021-04-21 22:52:00,40.848114,-73.901474,0,0,Unspecified,4409431,18.2,3.7,3.7,3.7,0.0,3.0,63,29.9,59.0,256,Rain: Moderate,0,0,
4782,2021-04-10 00:01:00,40.669434,-73.9255,0,0,Outside Car Distraction,4410327,17.0,7.7,1.2,1.2,0.0,3.0,53,14.4,31.7,166,Drizzle: Moderate,0,0,
4783,2021-04-23 16:30:00,40.688698,-73.781494,0,0,Failure to Yield Right-of-Way,4409832,15.5,2.0,0.0,0.0,0.0,0.0,3,28.7,57.2,273,Overcast,0,0,
4784,2021-04-15 17:50:00,40.834126,-73.916664,0,0,Reaction to Uninvolved Vehicle,4410424,12.9,7.7,15.9,15.9,0.0,15.0,63,17.3,32.0,166,Rain: Moderate,0,0,
4785,2021-04-21 08:35:00,40.757656,-73.99079,1,0,Backing Unsafely,4409107,18.2,3.7,3.7,3.7,0.0,3.0,63,29.9,59.0,256,Rain: Moderate,1,1,
4786,2021-04-21 19:10:00,40.659576,-73.739494,0,0,Unspecified,4409342,18.2,3.7,3.7,3.7,0.0,3.0,63,29.9,59.0,256,Rain: Moderate,0,0,
4787,2021-04-22 12:50:00,40.83383,-73.921234,0,0,Driver Inattention/Distraction,4409704,7.9,1.3,0.0,0.0,0.0,0.0,3,34.0,64.4,289,Overcast,0,0,
4788,2021-04-21 18:00:00,40.821415,-73.88933,0,0,Following Too Closely,4409405,18.2,3.7,3.7,3.7,0.0,3.0,63,29.9,59.0,256,Rain: Moderate,0,0,
4789,2021-04-21 12:00:00,40.8468,-73.89414,0,0,Passing Too Closely,4409792,18.2,3.7,3.7,3.7,0.0,3.0,63,29.9,59.0,256,Rain: Moderate,0,0,
4790,2021-04-22 12:00:00,40.713303,-73.73586,0,0,Unspecified,4409634,7.9,1.3,0.0,0.0,0.0,0.0,3,34.0,64.4,289,Overcast,0,0,
4791,2021-04-22 07:30:00,40.55247,-74.21878,0,0,Oversized Vehicle,4409651,7.9,1.3,0.0,0.0,0.0,0.0,3,34.0,64.4,289,Overcast,0,0,
4792,2021-04-21 22:10:00,40.639793,-73.929115,0,0,Alcohol Involvement,4409847,18.2,3.7,3.7,3.7,0.0,3.0,63,29.9,59.0,256,Rain: Moderate,0,0,
4793,2021-04-23 18:51:00,40.819126,-73.88579,0,0,Unsafe Speed,4409932,15.5,2.0,0.0,0.0,0.0,0.0,3,28.7,57.2,273,Overcast,0,0,
4794,2021-04-21 19:15:00,40.80255,-73.95092,0,0,Failure to Yield Right-of-Way,4409561,18.2,3.7,3.7,3.7,0.0,3.0,63,29.9,59.0,256,Rain: Moderate,0,0,
4795,2021-04-23 22:43:00,40.677017,-73.92182,0,0,Driver Inattention/Distraction,4410191,15.5,2.0,0.0,0.0,0.0,0.0,3,28.7,57.2,273,Overcast,0,0,
4796,2021-04-23 17:15:00,40.711445,-73.96414,0,0,Following Too Closely,4409892,15.5,2.0,0.0,0.0,0.0,0.0,3,28.7,57.2,273,Overcast,0,0,
4797,2021-04-13 18:59:00,40.63021,-73.93294,0,0,Passing or Lane Usage Improper,4410398,18.3,5.8,4.5,4.5,0.0,5.0,61,14.5,28.1,17,Rain: Light,0,0,
4798,2021-04-21 17:20:00,40.72304,-73.94837,0,0,Unspecified,4409684,18.2,3.7,3.7,3.7,0.0,3.0,63,29.9,59.0,256,Rain: Moderate,0,0,
4799,2021-03-09 12:30:00,40.780857,-73.958824,1,0,Unspecified,4409797,15.7,0.1,0.0,0.0,0.0,0.0,3,21.4,41.8,273,Overcast,1,1,
4800,2021-04-19 20:29:00,40.85432,-73.92826,2,0,Failure to Yield Right-of-Way,4410219,16.9,5.0,0.0,0.0,0.0,0.0,3,14.7,31.0,214,Overcast,2,2,
4801,2021-04-22 11:26:00,40.711796,-73.85952,1,0,Driver Inattention/Distraction,4409760,7.9,1.3,0.0,0.0,0.0,0.0,3,34.0,64.4,289,Overcast,1,1,
4802,2021-04-16 07:40:00,40.74135,-73.89189,0,0,Driver Inattention/Distraction,4409995,11.8,3.7,2.9,2.9,0.0,12.0,53,23.5,49.0,307,Drizzle: Moderate,0,0,
4803,2021-04-23 06:10:00,40.755913,-73.8643,2,0,Following Too Closely,4409967,15.5,2.0,0.0,0.0,0.0,0.0,3,28.7,57.2,273,Overcast,2,2,
4804,2021-04-21 15:20:00,40.693344,-73.80228,0,0,Driver Inattention/Distraction,4409352,18.2,3.7,3.7,3.7,0.0,3.0,63,29.9,59.0,256,Rain: Moderate,0,0,
4805,2021-04-21 20:20:00,40.73817,-73.97761,1,0,Driver Inattention/Distraction,4410287,18.2,3.7,3.7,3.7,0.0,3.0,63,29.9,59.0,256,Rain: Moderate,1,1,
4806,2021-04-21 22:50:00,40.811367,-73.95402,0,0,Following Too Closely,4409592,18.2,3.7,3.7,3.7,0.0,3.0,63,29.9,59.0,256,Rain: Moderate,0,0,
4807,2021-04-21 01:00:00,40.81014,-73.908226,0,0,Other Vehicular,4410489,18.2,3.7,3.7,3.7,0.0,3.0,63,29.9,59.0,256,Rain: Moderate,0,0,
4808,2021-04-21 13:50:00,40.59178,-73.95901,0,0,Unspecified,4409701,18.2,3.7,3.7,3.7,0.0,3.0,63,29.9,59.0,256,Rain: Moderate,0,0,
4809,2021-04-21 14:18:00,40.840927,-73.912704,0,0,Backing Unsafely,4409458,18.2,3.7,3.7,3.7,0.0,3.0,63,29.9,59.0,256,Rain: Moderate,0,0,
4810,2021-04-18 21:10:00,40.70324,-73.92615,1,0,Driver Inexperience,4409714,15.1,5.3,0.2,0.2,0.0,2.0,51,13.2,28.4,282,Drizzle: Light,1,1,
4811,2021-04-21 13:35:00,40.716812,-73.99777,0,0,Passing Too Closely,4410120,18.2,3.7,3.7,3.7,0.0,3.0,63,29.9,59.0,256,Rain: Moderate,0,0,
4812,2021-04-19 21:00:00,40.69496,-73.946236,1,0,Driver Inattention/Distraction,4410372,16.9,5.0,0.0,0.0,0.0,0.0,3,14.7,31.0,214,Overcast,1,1,
4813,2021-04-21 19:00:00,40.65733,-73.917274,1,0,Failure to Yield Right-of-Way,4409861,18.2,3.7,3.7,3.7,0.0,3.0,63,29.9,59.0,256,Rain: Moderate,1,1,
4814,2021-04-22 09:22:00,40.60224,-73.75416,0,0,Other Vehicular,4409729,7.9,1.3,0.0,0.0,0.0,0.0,3,34.0,64.4,289,Overcast,0,0,
4815,2021-04-21 15:15:00,40.64186,-73.93394,1,0,Reaction to Uninvolved Vehicle,4409846,18.2,3.7,3.7,3.7,0.0,3.0,63,29.9,59.0,256,Rain: Moderate,1,1,
4816,2021-04-23 07:41:00,40.763645,-73.790276,0,0,Following Too Closely,4409824,15.5,2.0,0.0,0.0,0.0,0.0,3,28.7,57.2,273,Overcast,0,0,
4817,2021-04-21 11:15:00,40.672855,-73.97993,0,0,Backing Unsafely,4409232,18.2,3.7,3.7,3.7,0.0,3.0,63,29.9,59.0,256,Rain: Moderate,0,0,
4818,2021-04-22 08:30:00,40.732002,-73.824524,1,0,Failure to Yield Right-of-Way,4409495,7.9,1.3,0.0,0.0,0.0,0.0,3,34.0,64.4,289,Overcast,1,1,
4819,2021-04-22 15:31:00,40.80735,-73.90651,0,0,Other Vehicular,4409672,7.9,1.3,0.0,0.0,0.0,0.0,3,34.0,64.4,289,Overcast,0,0,
4820,2021-04-21 18:27:00,40.598206,-73.74815,1,0,Driver Inattention/Distraction,4409440,18.2,3.7,3.7,3.7,0.0,3.0,63,29.9,59.0,256,Rain: Moderate,1,1,
4821,2021-04-21 08:09:00,40.65423,-73.948845,0,0,Unspecified,4409208,18.2,3.7,3.7,3.7,0.0,3.0,63,29.9,59.0,256,Rain: Moderate,0,0,
4822,2021-04-21 14:48:00,40.593327,-73.964645,0,0,Unspecified,4409273,18.2,3.7,3.7,3.7,0.0,3.0,63,29.9,59.0,256,Rain: Moderate,0,0,
4823,2021-04-15 09:00:00,40.750275,-73.86447,0,0,Driver Inattention/Distraction,4410549,12.9,7.7,15.9,15.9,0.0,15.0,63,17.3,32.0,166,Rain: Moderate,0,0,
4824,2021-04-23 10:15:00,40.667976,-73.79814,0,0,Passing Too Closely,4409819,15.5,2.0,0.0,0.0,0.0,0.0,3,28.7,57.2,273,Overcast,0,0,
4825,2021-04-22 01:35:00,40.772102,-73.763954,1,0,Reaction to Uninvolved Vehicle,4409536,7.9,1.3,0.0,0.0,0.0,0.0,3,34.0,64.4,289,Overcast,1,1,
4826,2021-04-21 13:23:00,40.648308,-74.01412,0,0,Other Vehicular,4409529,18.2,3.7,3.7,3.7,0.0,3.0,63,29.9,59.0,256,Rain: Moderate,0,0,
4827,2021-04-21 10:05:00,40.683804,-73.833534,1,0,Other Vehicular,4409163,18.2,3.7,3.7,3.7,0.0,3.0,63,29.9,59.0,256,Rain: Moderate,1,1,
4828,2021-04-19 19:05:00,40.633976,-73.90259,1,0,Driver Inattention/Distraction,4409836,16.9,5.0,0.0,0.0,0.0,0.0,3,14.7,31.0,214,Overcast,1,1,
4829,2021-04-23 17:45:00,40.576393,-73.9869,0,0,Unsafe Speed,4410464,15.5,2.0,0.0,0.0,0.0,0.0,3,28.7,57.2,273,Overcast,0,0,
4830,2021-04-21 11:00:00,40.729618,-73.79606,0,0,Driver Inattention/Distraction,4409685,18.2,3.7,3.7,3.7,0.0,3.0,63,29.9,59.0,256,Rain: Moderate,0,0,
4831,2021-04-23 11:58:00,40.697716,-73.96488,0,0,Unspecified,4409787,15.5,2.0,0.0,0.0,0.0,0.0,3,28.7,57.2,273,Overcast,0,0,
4832,2021-04-21 06:00:00,40.672813,-73.903786,0,0,Other Vehicular,4410099,18.2,3.7,3.7,3.7,0.0,3.0,63,29.9,59.0,256,Rain: Moderate,0,0,
4833,2021-04-21 10:20:00,40.609627,-74.14955,1,0,Traffic Control Disregarded,4410332,18.2,3.7,3.7,3.7,0.0,3.0,63,29.9,59.0,256,Rain: Moderate,1,1,
4834,2021-04-23 17:15:00,40.754745,-73.9879,1,0,Pedestrian/Bicyclist/Other Pedestrian Error/Confusion,4410044,15.5,2.0,0.0,0.0,0.0,0.0,3,28.7,57.2,273,Overcast,1,1,
4835,2021-04-21 17:50:00,40.597607,-74.078,0,0,Backing Unsafely,4409719,18.2,3.7,3.7,3.7,0.0,3.0,63,29.9,59.0,256,Rain: Moderate,0,0,
4836,2021-04-22 14:00:00,40.698418,-73.80106,2,0,Unsafe Lane Changing,4409587,7.9,1.3,0.0,0.0,0.0,0.0,3,34.0,64.4,289,Overcast,2,2,
4837,2021-04-16 14:43:00,40.845352,-73.92821,1,0,Unsafe Speed,4409740,11.8,3.7,2.9,2.9,0.0,12.0,53,23.5,49.0,307,Drizzle: Moderate,1,1,
4838,2021-04-21 09:00:00,40.74766,-73.88257,0,0,Unspecified,4409386,18.2,3.7,3.7,3.7,0.0,3.0,63,29.9,59.0,256,Rain: Moderate,0,0,
4839,2021-04-22 18:20:00,40.714252,-73.746574,0,0,Unspecified,4409640,7.9,1.3,0.0,0.0,0.0,0.0,3,34.0,64.4,289,Overcast,0,0,
4840,2021-04-22 20:25:00,40.71865,-73.83771,0,0,Backing Unsafely,4409644,7.9,1.3,0.0,0.0,0.0,0.0,3,34.0,64.4,289,Overcast,0,0,
4841,2021-04-21 01:37:00,40.84519,-73.9112,0,0,Unspecified,4409062,18.2,3.7,3.7,3.7,0.0,3.0,63,29.9,59.0,256,Rain: Moderate,0,0,
4842,2021-04-22 15:15:00,40.747795,-73.85526,0,0,Unspecified,4409708,7.9,1.3,0.0,0.0,0.0,0.0,3,34.0,64.4,289,Overcast,0,0,
4843,2021-09-14 18:05:00,40.74585,-73.714195,1,0,Turning Improperly,4457285,26.0,19.0,0.2,0.2,0.0,1.0,51,18.0,35.6,138,Drizzle: Light,1,1,
4844,2021-04-23 23:14:00,40.81488,-73.92886,0,0,Unspecified,4410492,15.5,2.0,0.0,0.0,0.0,0.0,3,28.7,57.2,273,Overcast,0,0,
4845,2021-04-21 18:22:00,40.675682,-73.97858,0,0,Unspecified,4409425,18.2,3.7,3.7,3.7,0.0,3.0,63,29.9,59.0,256,Rain: Moderate,0,0,
4846,2021-04-16 19:30:00,40.61859,-73.94242,1,0,Failure to Yield Right-of-Way,4409755,11.8,3.7,2.9,2.9,0.0,12.0,53,23.5,49.0,307,Drizzle: Moderate,1,1,
4847,2021-04-20 17:30:00,40.82101,-73.89722,0,0,Unspecified,4409928,21.4,6.5,0.0,0.0,0.0,0.0,3,26.0,56.2,223,Overcast,0,0,
4848,2021-04-22 07:10:00,40.61847,-74.021225,0,0,Unspecified,4409678,7.9,1.3,0.0,0.0,0.0,0.0,3,34.0,64.4,289,Overcast,0,0,
4849,2021-04-21 22:00:00,40.853813,-73.90734,4,0,Aggressive Driving/Road Rage,4409772,18.2,3.7,3.7,3.7,0.0,3.0,63,29.9,59.0,256,Rain: Moderate,4,4,
4850,2021-04-21 15:30:00,40.610523,-73.981186,0,0,Unspecified,4409347,18.2,3.7,3.7,3.7,0.0,3.0,63,29.9,59.0,256,Rain: Moderate,0,0,
4851,2021-04-23 14:12:00,40.771065,-73.95965,1,0,Passing or Lane Usage Improper,4410501,15.5,2.0,0.0,0.0,0.0,0.0,3,28.7,57.2,273,Overcast,1,1,
4852,2021-04-22 08:00:00,40.86814,-73.83369,0,0,Unspecified,4409541,7.9,1.3,0.0,0.0,0.0,0.0,3,34.0,64.4,289,Overcast,0,0,
4853,2021-04-22 19:50:00,40.66331,-73.92106,1,0,Unspecified,4409851,7.9,1.3,0.0,0.0,0.0,0.0,3,34.0,64.4,289,Overcast,1,1,
4854,2021-04-22 23:39:00,40.714455,-73.935295,1,0,Unspecified,4409888,7.9,1.3,0.0,0.0,0.0,0.0,3,34.0,64.4,289,Overcast,1,1,
4855,2021-04-22 16:52:00,40.59565,-73.908165,0,0,Unspecified,4410404,7.9,1.3,0.0,0.0,0.0,0.0,3,34.0,64.4,289,Overcast,0,0,
4856,2021-04-19 10:00:00,40.678604,-73.94969,0,0,Reaction to Uninvolved Vehicle,4410188,16.9,5.0,0.0,0.0,0.0,0.0,3,14.7,31.0,214,Overcast,0,0,
4857,2021-04-23 08:18:00,40.73883,-73.983154,0,0,Driver Inattention/Distraction,4409814,15.5,2.0,0.0,0.0,0.0,0.0,3,28.7,57.2,273,Overcast,0,0,
4858,2021-04-19 14:30:00,40.678165,-73.746506,2,0,Illnes,4410147,16.9,5.0,0.0,0.0,0.0,0.0,3,14.7,31.0,214,Overcast,2,2,
4859,2021-04-16 07:40:00,40.620438,-74.1672,0,0,Driver Inattention/Distraction,4409963,11.8,3.7,2.9,2.9,0.0,12.0,53,23.5,49.0,307,Drizzle: Moderate,0,0,
4860,2021-04-21 16:15:00,40.86983,-73.90188,0,0,Unspecified,4410235,18.2,3.7,3.7,3.7,0.0,3.0,63,29.9,59.0,256,Rain: Moderate,0,0,
4861,2021-12-17 09:45:00,40.683567,-73.94106,0,0,Driver Inattention/Distraction,4487276,13.9,6.1,0.0,0.0,0.0,0.0,3,21.5,37.1,265,Overcast,0,0,
4862,2021-04-23 17:50:00,40.57257,-74.169876,0,0,Driver Inattention/Distraction,4410301,15.5,2.0,0.0,0.0,0.0,0.0,3,28.7,57.2,273,Overcast,0,0,
4863,2021-09-14 16:10:00,40.8168,-73.89705,3,0,View Obstructed/Limited,4457233,26.0,19.0,0.2,0.2,0.0,1.0,51,18.0,35.6,138,Drizzle: Light,3,3,
4864,2021-04-23 18:00:00,40.71307,-73.77527,0,0,Driver Inattention/Distraction,4409829,15.5,2.0,0.0,0.0,0.0,0.0,3,28.7,57.2,273,Overcast,0,0,
4865,2021-04-22 06:00:00,40.749752,-73.86624,0,0,Unspecified,4409809,7.9,1.3,0.0,0.0,0.0,0.0,3,34.0,64.4,289,Overcast,0,0,