,CRASH DATETIME,LATITUDE,LONGITUDE,NUMBER OF PERSONS INJURED,NUMBER OF PERSONS KILLED,CONTRIBUTING FACTOR VEHICLE 1,COLLISION_ID,temperature_2m_max,temperature_2m_min,precipitation_sum,rain_sum,snowfall_sum,precipitation_hours,weather_code,wind_speed_10m_max,wind_gusts_10m_max,wind_direction_10m_dominant,Weather Description,Severity_Score,Total_Affected_Persons,Weather_Category
4866,2021-04-23 20:49:00,40.82789,-73.89821,1,0,Driver Inattention/Distraction,4410124,15.5,2.0,0.0,0.0,0.0,0.0,3,28.7,57.2,273,Overcast,1,1,
4867,2021-04-23 23:25:00,40.678394,-73.94692,2,0,Following Too Closely,4410324,15.5,2.0,0.0,0.0,0.0,0.0,3,28.7,57.2,273,Overcast,2,2,
4868,2021-04-21 15:00:00,40.739902,-73.972855,0,0,Unsafe Lane Changing,4410343,18.2,3.7,3.7,3.7,0.0,3.0,63,29.9,59.0,256,Rain: Moderate,0,0,
4869,2021-04-23 18:38:00,40.742516,-73.91692,0,0,Unspecified,4409878,15.5,2.0,0.0,0.0,0.0,0.0,3,28.7,57.2,273,Overcast,0,0,
4870,2021-04-23 22:42:00,40.64295,-73.977325,0,0,Alcohol Involvement,4410058,15.5,2.0,0.0,0.0,0.0,0.0,3,28.7,57.2,273,Overcast,0,0,
4871,2021-04-23 17:10:00,40.65108,-73.97163,0,0,Driver Inattention/Distraction,4409841,15.5,2.0,0.0,0.0,0.0,0.0,3,28.7,57.2,273,Overcast,0,0,
4872,2021-04-23 11:05:00,40.6691,-73.911545,1,0,Passing Too Closely,4410091,15.5,2.0,0.0,0.0,0.0,0.0,3,28.7,57.2,273,Overcast,1,1,
4873,2021-04-23 19:54:00,40.688904,-73.754456,1,0,Turning Improperly,4409957,15.5,2.0,0.0,0.0,0.0,0.0,3,28.7,57.2,273,Overcast,1,1,
4874,2021-04-18 08:40:00,40.697735,-73.96093,0,0,Following Too Closely,4410158,15.1,5.3,0.2,0.2,0.0,2.0,51,13.2,28.4,282,Drizzle: Light,0,0,
4875,2021-04-23 19:50:00,40.69474,-73.97805,0,0,Unspecified,4409873,15.5,2.0,0.0,0.0,0.0,0.0,3,28.7,57.2,273,Overcast,0,0,
4876,2021-04-20 16:03:00,40.61661,-73.96073,1,0,Unspecified,4410312,21.4,6.5,0.0,0.0,0.0,0.0,3,26.0,56.2,223,Overcast,1,1,
4877,2021-04-21 18:00:00,40.674664,-73.97025,0,0,Unspecified,4409418,18.2,3.7,3.7,3.7,0.0,3.0,63,29.9,59.0,256,Rain: Moderate,0,0,
4878,2021-04-21 14:20:00,40.664707,-73.90948,0,0,Unspecified,4409263,18.2,3.7,3.7,3.7,0.0,3.0,63,29.9,59.0,256,Rain: Moderate,0,0,
4879,2021-04-21 08:30:00,40.615086,-73.952385,0,0,Driver Inattention/Distraction,4409148,18.2,3.7,3.7,3.7,0.0,3.0,63,29.9,59.0,256,Rain: Moderate,0,0,
4880,2021-04-21 12:15:00,40.868496,-73.92173,0,0,Passing Too Closely,4409487,18.2,3.7,3.7,3.7,0.0,3.0,63,29.9,59.0,256,Rain: Moderate,0,0,
4881,2021-04-21 15:30:00,40.665947,-73.8735,0,0,Driver Inattention/Distraction,4409552,18.2,3.7,3.7,3.7,0.0,3.0,63,29.9,59.0,256,Rain: Moderate,0,0,
4882,2021-04-21 13:08:00,40.623463,-74.025116,0,0,Failure to Yield Right-of-Way,4409328,18.2,3.7,3.7,3.7,0.0,3.0,63,29.9,59.0,256,Rain: Moderate,0,0,
4883,2021-04-21 06:30:00,40.66919,-73.99682,0,0,Following Too Closely,4409315,18.2,3.7,3.7,3.7,0.0,3.0,63,29.9,59.0,256,Rain: Moderate,0,0,
4884,2021-04-22 09:30:00,40.692726,-73.85558,1,0,Unsafe Speed,4409514,7.9,1.3,0.0,0.0,0.0,0.0,3,34.0,64.4,289,Overcast,1,1,
4885,2021-04-22 22:13:00,40.737587,-73.76841,0,0,Unspecified,4409691,7.9,1.3,0.0,0.0,0.0,0.0,3,34.0,64.4,289,Overcast,0,0,
4886,2021-04-23 11:35:00,40.680115,-73.75324,0,0,Unspecified,4409856,15.5,2.0,0.0,0.0,0.0,0.0,3,28.7,57.2,273,Overcast,0,0,
4887,2021-04-23 13:25:00,40.86946,-73.87987,0,0,Driver Inattention/Distraction,4409921,15.5,2.0,0.0,0.0,0.0,0.0,3,28.7,57.2,273,Overcast,0,0,
4888,2021-04-23 09:05:00,40.726482,-73.79824,0,0,Driver Inattention/Distraction,4409783,15.5,2.0,0.0,0.0,0.0,0.0,3,28.7,57.2,273,Overcast,0,0,
4889,2021-04-11 20:00:00,40.760143,-73.907005,0,0,,4410105,14.2,8.5,25.3,25.3,0.0,15.0,63,25.7,48.2,77,Rain: Moderate,0,0,
4890,2021-04-21 14:15:00,40.710472,-73.960945,0,0,Failure to Yield Right-of-Way,4409367,18.2,3.7,3.7,3.7,0.0,3.0,63,29.9,59.0,256,Rain: Moderate,0,0,
4891,2021-04-21 14:00:00,40.78257,-73.94522,1,0,Driver Inattention/Distraction,4409394,18.2,3.7,3.7,3.7,0.0,3.0,63,29.9,59.0,256,Rain: Moderate,1,1,
4892,2021-04-22 16:22:00,40.74198,-73.82475,1,0,Driver Inattention/Distraction,4409660,7.9,1.3,0.0,0.0,0.0,0.0,3,34.0,64.4,289,Overcast,1,1,
4893,2021-04-22 17:15:00,40.76301,-73.87532,0,0,Failure to Yield Right-of-Way,4409618,7.9,1.3,0.0,0.0,0.0,0.0,3,34.0,64.4,289,Overcast,0,0,
4894,2021-04-22 15:05:00,40.666637,-73.76715,0,0,Driver Inattention/Distraction,4409736,7.9,1.3,0.0,0.0,0.0,0.0,3,34.0,64.4,289,Overcast,0,0,
4895,2021-04-23 17:55:00,40.75727,-73.74765,0,0,Driver Inattention/Distraction,4409901,15.5,2.0,0.0,0.0,0.0,0.0,3,28.7,57.2,273,Overcast,0,0,
4896,2021-04-20 10:45:00,40.51583,-74.233536,0,0,Driver Inattention/Distraction,4410497,21.4,6.5,0.0,0.0,0.0,0.0,3,26.0,56.2,223,Overcast,0,0,
4897,2021-04-22 07:45:00,40.84649,-73.932205,0,0,Driver Inattention/Distraction,4409751,7.9,1.3,0.0,0.0,0.0,0.0,3,34.0,64.4,289,Overcast,0,0,
4898,2021-04-22 01:45:00,40.7858,-73.821915,0,0,Traffic Control Disregarded,4409409,7.9,1.3,0.0,0.0,0.0,0.0,3,34.0,64.4,289,Overcast,0,0,
4899,2021-04-22 11:32:00,40.71473,-73.94208,0,0,Driver Inattention/Distraction,4409883,7.9,1.3,0.0,0.0,0.0,0.0,3,34.0,64.4,289,Overcast,0,0,
4900,2021-04-20 04:40:00,40.71388,-73.921646,0,0,Unspecified,4409768,21.4,6.5,0.0,0.0,0.0,0.0,3,26.0,56.2,223,Overcast,0,0,
4901,2021-04-21 19:10:00,40.713,-73.78237,0,0,Unspecified,4409353,18.2,3.7,3.7,3.7,0.0,3.0,63,29.9,59.0,256,Rain: Moderate,0,0,
4902,2021-04-22 14:15:00,40.67897,-74.00831,2,0,Turning Improperly,4409723,7.9,1.3,0.0,0.0,0.0,0.0,3,34.0,64.4,289,Overcast,2,2,
4903,2021-04-22 18:30:00,40.884735,-73.86123,1,0,Driver Inattention/Distraction,4410182,7.9,1.3,0.0,0.0,0.0,0.0,3,34.0,64.4,289,Overcast,1,1,
4904,2021-04-23 00:10:00,40.85535,-73.91836,0,0,Unsafe Lane Changing,4409981,15.5,2.0,0.0,0.0,0.0,0.0,3,28.7,57.2,273,Overcast,0,0,
4905,2021-04-22 11:27:00,40.620262,-73.90915,0,0,Unspecified,4410413,7.9,1.3,0.0,0.0,0.0,0.0,3,34.0,64.4,289,Overcast,0,0,
4906,2021-04-23 15:10:00,40.71521,-73.98427,1,0,Driver Inattention/Distraction,4410025,15.5,2.0,0.0,0.0,0.0,0.0,3,28.7,57.2,273,Overcast,1,1,
4907,2021-04-23 06:00:00,40.737007,-73.98157,0,0,Unspecified,4410152,15.5,2.0,0.0,0.0,0.0,0.0,3,28.7,57.2,273,Overcast,0,0,
4908,2021-04-20 15:12:00,40.65415,-73.949936,0,0,Unsafe Lane Changing,4410376,21.4,6.5,0.0,0.0,0.0,0.0,3,26.0,56.2,223,Overcast,0,0,
4909,2021-04-22 21:15:00,40.882015,-73.8662,0,0,Following Too Closely,4410203,7.9,1.3,0.0,0.0,0.0,0.0,3,34.0,64.4,289,Overcast,0,0,
4910,2021-04-23 13:35:00,40.84519,-73.9112,0,0,Passing or Lane Usage Improper,4409907,15.5,2.0,0.0,0.0,0.0,0.0,3,28.7,57.2,273,Overcast,0,0,
4911,2021-04-23 08:40:00,40.667156,-73.9101,0,0,Other Vehicular,4410085,15.5,2.0,0.0,0.0,0.0,0.0,3,28.7,57.2,273,Overcast,0,0,
4912,2021-04-23 09:00:00,40.700478,-73.92534,0,0,Passing Too Closely,4409914,15.5,2.0,0.0,0.0,0.0,0.0,3,28.7,57.2,273,Overcast,0,0,
4913,2021-04-23 05:08:00,40.739143,-73.90109,1,0,Unspecified,4409868,15.5,2.0,0.0,0.0,0.0,0.0,3,28.7,57.2,273,Overcast,1,1,
4914,2021-04-23 10:15:00,40.692463,-73.81082,0,0,Driver Inattention/Distraction,4409778,15.5,2.0,0.0,0.0,0.0,0.0,3,28.7,57.2,273,Overcast,0,0,
4915,2021-04-22 19:38:00,40.87821,-73.85609,1,0,Unspecified,4410270,7.9,1.3,0.0,0.0,0.0,0.0,3,34.0,64.4,289,Overcast,1,1,
4916,2021-04-22 07:30:00,40.70219,-73.928345,0,0,Driver Inattention/Distraction,4409630,7.9,1.3,0.0,0.0,0.0,0.0,3,34.0,64.4,289,Overcast,0,0,
4917,2021-04-21 16:35:00,40.726105,-73.94615,0,0,Passing or Lane Usage Improper,4409379,18.2,3.7,3.7,3.7,0.0,3.0,63,29.9,59.0,256,Rain: Moderate,0,0,
4918,2021-09-11 19:35:00,40.858418,-73.88514,0,0,Failure to Yield Right-of-Way,4457748,24.7,12.9,0.0,0.0,0.0,0.0,3,16.6,34.2,246,Overcast,0,0,
4919,2021-09-13 17:30:00,40.79699,-73.93563,0,0,Driver Inattention/Distraction,4457773,28.8,21.8,1.1,1.1,0.0,2.0,53,20.1,36.7,277,Drizzle: Moderate,0,0,
4920,2021-09-14 13:21:00,40.7905,-73.94755,0,0,Unspecified,4457420,26.0,19.0,0.2,0.2,0.0,1.0,51,18.0,35.6,138,Drizzle: Light,0,0,
4921,2021-09-14 17:40:00,40.712856,-73.76802,0,0,Failure to Yield Right-of-Way,4457536,26.0,19.0,0.2,0.2,0.0,1.0,51,18.0,35.6,138,Drizzle: Light,0,0,
4922,2021-09-14 13:45:00,40.633198,-74.013466,0,0,Driver Inattention/Distraction,4457309,26.0,19.0,0.2,0.2,0.0,1.0,51,18.0,35.6,138,Drizzle: Light,0,0,
4923,2021-09-09 13:00:00,40.65631,-73.947266,0,0,Driver Inattention/Distraction,4457972,22.4,19.8,18.4,18.4,0.0,15.0,63,17.5,39.2,271,Rain: Moderate,0,0,
4924,2021-09-14 21:00:00,40.7688,-73.99249,0,0,Unspecified,4457344,26.0,19.0,0.2,0.2,0.0,1.0,51,18.0,35.6,138,Drizzle: Light,0,0,
4925,2021-09-14 18:05:00,40.628845,-73.99855,1,0,Unspecified,4457824,26.0,19.0,0.2,0.2,0.0,1.0,51,18.0,35.6,138,Drizzle: Light,1,1,
4926,2021-09-14 12:40:00,40.813213,-73.89098,0,0,Unspecified,4457875,26.0,19.0,0.2,0.2,0.0,1.0,51,18.0,35.6,138,Drizzle: Light,0,0,
4927,2021-09-14 15:25:00,40.72804,-73.98082,0,0,Passing Too Closely,4457354,26.0,19.0,0.2,0.2,0.0,1.0,51,18.0,35.6,138,Drizzle: Light,0,0,
4928,2021-09-10 19:52:00,40.732925,-74.00007,0,0,Following Too Closely,4457863,22.9,16.0,0.0,0.0,0.0,0.0,3,24.2,47.2,314,Overcast,0,0,
4929,2021-09-14 02:42:00,40.749798,-73.70587,0,0,Unspecified,4456978,26.0,19.0,0.2,0.2,0.0,1.0,51,18.0,35.6,138,Drizzle: Light,0,0,
4930,2021-09-14 16:30:00,40.745228,-74.00597,0,0,Passing or Lane Usage Improper,4457797,26.0,19.0,0.2,0.2,0.0,1.0,51,18.0,35.6,138,Drizzle: Light,0,0,
4931,2021-09-12 14:48:00,40.852306,-73.89811,1,0,Turning Improperly,4457749,28.8,18.3,0.0,0.0,0.0,0.0,3,24.3,46.8,233,Overcast,1,1,
4932,2021-09-14 14:00:00,40.83279,-73.88523,0,0,Unspecified,4457458,26.0,19.0,0.2,0.2,0.0,1.0,51,18.0,35.6,138,Drizzle: Light,0,0,
4933,2021-09-14 08:20:00,40.66528,-73.73562,9,0,Driver Inattention/Distraction,4457148,26.0,19.0,0.2,0.2,0.0,1.0,51,18.0,35.6,138,Drizzle: Light,9,9,
4934,2021-09-14 10:22:00,40.795624,-73.93244,0,0,Unspecified,4457780,26.0,19.0,0.2,0.2,0.0,1.0,51,18.0,35.6,138,Drizzle: Light,0,0,
4935,2021-09-14 18:45:00,40.81346,-73.90605,1,0,Unspecified,4457316,26.0,19.0,0.2,0.2,0.0,1.0,51,18.0,35.6,138,Drizzle: Light,1,1,
4936,2021-09-14 12:18:00,40.606396,-73.75176,0,0,Unspecified,4457330,26.0,19.0,0.2,0.2,0.0,1.0,51,18.0,35.6,138,Drizzle: Light,0,0,
4937,2021-09-14 00:00:00,40.737156,-73.87941,0,0,Unspecified,4457514,26.0,19.0,0.2,0.2,0.0,1.0,51,18.0,35.6,138,Drizzle: Light,0,0,
4938,2021-09-14 15:43:00,40.765026,-73.9632,0,0,Unspecified,4457381,26.0,19.0,0.2,0.2,0.0,1.0,51,18.0,35.6,138,Drizzle: Light,0,0,
4939,2021-09-14 16:00:00,0.0,0.0,0,0,Other Vehicular,4457203,26.0,19.0,0.2,0.2,0.0,1.0,51,18.0,35.6,138,Drizzle: Light,0,0,
4940,2021-08-28 22:10:00,40.734974,-74.000145,0,0,Passenger Distraction,4457859,26.2,20.2,3.9,3.9,0.0,18.0,53,23.5,45.0,65,Drizzle: Moderate,0,0,
4941,2021-09-14 06:30:00,40.687016,-73.77487,1,0,Passing or Lane Usage Improper,4457110,26.0,19.0,0.2,0.2,0.0,1.0,51,18.0,35.6,138,Drizzle: Light,1,1,
4942,2021-09-01 15:05:00,40.699627,-73.923836,0,0,View Obstructed/Limited,4457831,23.2,18.4,121.7,121.7,0.0,18.0,65,43.2,78.5,42,Rain: Heavy,0,0,
4943,2021-09-14 21:00:00,40.760044,-73.89756,2,0,Driver Inattention/Distraction,4457396,26.0,19.0,0.2,0.2,0.0,1.0,51,18.0,35.6,138,Drizzle: Light,2,2,
4944,2021-09-14 08:45:00,40.705658,-73.93171,1,0,Failure to Yield Right-of-Way,4457295,26.0,19.0,0.2,0.2,0.0,1.0,51,18.0,35.6,138,Drizzle: Light,1,1,
4945,2021-09-14 17:31:00,40.7293,-73.862854,0,0,Unspecified,4457966,26.0,19.0,0.2,0.2,0.0,1.0,51,18.0,35.6,138,Drizzle: Light,0,0,
4946,2021-09-01 09:50:00,40.74074,-73.97601,0,0,Unspecified,4457790,23.2,18.4,121.7,121.7,0.0,18.0,65,43.2,78.5,42,Rain: Heavy,0,0,
4947,2021-09-14 19:20:00,40.633904,-73.99329,1,0,Unspecified,4457882,26.0,19.0,0.2,0.2,0.0,1.0,51,18.0,35.6,138,Drizzle: Light,1,1,
4948,2021-09-14 15:18:00,40.64366,-73.90067,0,0,Failure to Yield Right-of-Way,4457235,26.0,19.0,0.2,0.2,0.0,1.0,51,18.0,35.6,138,Drizzle: Light,0,0,
4949,2021-09-14 16:24:00,40.66003,-73.92179,0,0,Unspecified,4457541,26.0,19.0,0.2,0.2,0.0,1.0,51,18.0,35.6,138,Drizzle: Light,0,0,
4950,2021-09-14 12:15:00,40.67539,-73.88113,1,0,Traffic Control Disregarded,4457481,26.0,19.0,0.2,0.2,0.0,1.0,51,18.0,35.6,138,Drizzle: Light,1,1,
4951,2021-09-14 19:20:00,40.65866,-73.89046,1,0,Unspecified,4457486,26.0,19.0,0.2,0.2,0.0,1.0,51,18.0,35.6,138,Drizzle: Light,1,1,
4952,2021-08-30 20:11:00,40.66807,-73.950676,1,0,Driver Inattention/Distraction,4457975,28.7,21.7,3.9,3.9,0.0,7.0,63,14.7,33.8,231,Rain: Moderate,1,1,
4953,2021-09-14 08:15:00,40.79072,-73.81009,0,0,Failure to Yield Right-of-Way,4457102,26.0,19.0,0.2,0.2,0.0,1.0,51,18.0,35.6,138,Drizzle: Light,0,0,
4954,2021-09-14 21:30:00,40.787025,-73.793,1,0,Passing or Lane Usage Improper,4457334,26.0,19.0,0.2,0.2,0.0,1.0,51,18.0,35.6,138,Drizzle: Light,1,1,
4955,2021-09-14 05:00:00,40.749744,-73.884315,0,0,Driver Inexperience,4457140,26.0,19.0,0.2,0.2,0.0,1.0,51,18.0,35.6,138,Drizzle: Light,0,0,
4956,2021-09-14 18:35:00,40.752724,-73.996796,1,0,Pedestrian/Bicyclist/Other Pedestrian Error/Confusion,4457407,26.0,19.0,0.2,0.2,0.0,1.0,51,18.0,35.6,138,Drizzle: Light,1,1,
4957,2021-09-14 09:30:00,40.72921,-73.85218,0,0,Backing Unsafely,4457076,26.0,19.0,0.2,0.2,0.0,1.0,51,18.0,35.6,138,Drizzle: Light,0,0,
4958,2021-09-14 15:50:00,0.0,0.0,0,0,Unspecified,4457253,26.0,19.0,0.2,0.2,0.0,1.0,51,18.0,35.6,138,Drizzle: Light,0,0,
4959,2021-12-15 19:35:00,40.7248,-73.89741,1,0,Failure to Yield Right-of-Way,4487844,10.3,1.8,1.0,1.0,0.0,6.0,51,20.6,38.2,104,Drizzle: Light,1,1,
4960,2021-09-09 13:22:00,40.746223,-73.98906,0,0,Passing or Lane Usage Improper,4457895,22.4,19.8,18.4,18.4,0.0,15.0,63,17.5,39.2,271,Rain: Moderate,0,0,
4961,2021-09-14 14:48:00,40.764107,-73.96682,0,0,Failure to Yield Right-of-Way,4457376,26.0,19.0,0.2,0.2,0.0,1.0,51,18.0,35.6,138,Drizzle: Light,0,0,
4962,2021-09-14 12:52:00,40.825912,-73.86249,0,0,Driver Inattention/Distraction,4457189,26.0,19.0,0.2,0.2,0.0,1.0,51,18.0,35.6,138,Drizzle: Light,0,0,
4963,2021-09-13 08:40:00,40.797306,-73.93446,1,0,Following Too Closely,4457772,28.8,21.8,1.1,1.1,0.0,2.0,53,20.1,36.7,277,Drizzle: Moderate,1,1,
4964,2021-09-14 08:45:00,40.738373,-73.86008,0,0,Failure to Yield Right-of-Way,4457730,26.0,19.0,0.2,0.2,0.0,1.0,51,18.0,35.6,138,Drizzle: Light,0,0,
4965,2021-09-14 09:30:00,40.71045,-73.95686,1,0,Driver Inattention/Distraction,4457299,26.0,19.0,0.2,0.2,0.0,1.0,51,18.0,35.6,138,Drizzle: Light,1,1,
4966,2021-09-14 22:29:00,40.66157,-73.91548,1,0,Unsafe Speed,4457278,26.0,19.0,0.2,0.2,0.0,1.0,51,18.0,35.6,138,Drizzle: Light,1,1,
4967,2021-09-14 11:00:00,40.64957,-73.93887,0,0,Unspecified,4457553,26.0,19.0,0.2,0.2,0.0,1.0,51,18.0,35.6,138,Drizzle: Light,0,0,
4968,2021-09-14 10:18:00,40.619907,-74.08591,1,0,Driver Inattention/Distraction,4457622,26.0,19.0,0.2,0.2,0.0,1.0,51,18.0,35.6,138,Drizzle: Light,1,1,
4969,2021-09-14 16:10:00,40.59758,-73.94813,0,0,Driver Inattention/Distraction,4457304,26.0,19.0,0.2,0.2,0.0,1.0,51,18.0,35.6,138,Drizzle: Light,0,0,
4970,2021-09-14 15:20:00,40.620235,-74.16535,1,0,Driver Inattention/Distraction,4457910,26.0,19.0,0.2,0.2,0.0,1.0,51,18.0,35.6,138,Drizzle: Light,1,1,
4971,2021-09-14 14:15:00,40.8169,-73.88631,1,0,Unspecified,4457180,26.0,19.0,0.2,0.2,0.0,1.0,51,18.0,35.6,138,Drizzle: Light,1,1,
4972,2021-09-12 22:20:00,40.822445,-73.885666,1,0,Unspecified,4457873,28.8,18.3,0.0,0.0,0.0,0.0,3,24.3,46.8,233,Overcast,1,1,
4973,2021-09-14 11:30:00,40.624958,-74.145775,0,0,Unspecified,4457128,26.0,19.0,0.2,0.2,0.0,1.0,51,18.0,35.6,138,Drizzle: Light,0,0,
4974,2021-12-16 16:24:00,40.674652,-73.98009,0,0,Other Vehicular,4487611,14.6,9.9,0.0,0.0,0.0,0.0,3,22.4,38.5,222,Overcast,0,0,
4975,2021-09-14 13:45:00,40.65452,-73.882225,0,0,Driver Inattention/Distraction,4457495,26.0,19.0,0.2,0.2,0.0,1.0,51,18.0,35.6,138,Drizzle: Light,0,0,
4976,2021-09-14 12:50:00,40.767696,-73.7329,0,0,Driver Inattention/Distraction,4457220,26.0,19.0,0.2,0.2,0.0,1.0,51,18.0,35.6,138,Drizzle: Light,0,0,
4977,2021-09-14 17:16:00,40.61706,-73.96371,2,0,Driver Inattention/Distraction,4457318,26.0,19.0,0.2,0.2,0.0,1.0,51,18.0,35.6,138,Drizzle: Light,2,2,
4978,2021-09-14 11:43:00,40.75422,-73.940704,1,0,Passing Too Closely,4457468,26.0,19.0,0.2,0.2,0.0,1.0,51,18.0,35.6,138,Drizzle: Light,1,1,
4979,2021-09-14 19:29:00,40.730564,-73.99052,1,0,Driver Inattention/Distraction,4457366,26.0,19.0,0.2,0.2,0.0,1.0,51,18.0,35.6,138,Drizzle: Light,1,1,
4980,2021-09-14 08:20:00,40.632164,-74.166336,1,0,Driver Inattention/Distraction,4457124,26.0,19.0,0.2,0.2,0.0,1.0,51,18.0,35.6,138,Drizzle: Light,1,1,
4981,2021-09-14 02:13:00,40.748325,-73.79231,0,0,Fatigued/Drowsy,4457059,26.0,19.0,0.2,0.2,0.0,1.0,51,18.0,35.6,138,Drizzle: Light,0,0,
4982,2021-09-14 05:00:00,40.676693,-73.99683,0,0,Tire Failure/Inadequate,4457261,26.0,19.0,0.2,0.2,0.0,1.0,51,18.0,35.6,138,Drizzle: Light,0,0,
4983,2021-09-12 19:40:00,40.70237,-73.90696,1,0,Unspecified,4457849,28.8,18.3,0.0,0.0,0.0,0.0,3,24.3,46.8,233,Overcast,1,1,
4984,2021-09-14 08:27:00,40.62826,-73.99915,0,0,Unspecified,4457325,26.0,19.0,0.2,0.2,0.0,1.0,51,18.0,35.6,138,Drizzle: Light,0,0,
4985,2021-09-14 15:03:00,40.751366,-73.96798,1,0,Driver Inattention/Distraction,4457223,26.0,19.0,0.2,0.2,0.0,1.0,51,18.0,35.6,138,Drizzle: Light,1,1,
4986,2021-08-31 08:36:00,40.77925,-73.91389,0,0,Passing or Lane Usage Improper,4457738,28.5,21.2,0.0,0.0,0.0,0.0,3,15.5,29.9,301,Overcast,0,0,
4987,2021-09-06 02:25:00,40.646015,-74.00579,2,0,Unspecified,4457758,26.9,18.4,0.0,0.0,0.0,0.0,3,19.6,37.8,273,Overcast,2,2,
4988,2021-09-14 14:00:00,40.707363,-74.01322,0,0,Unspecified,4457565,26.0,19.0,0.2,0.2,0.0,1.0,51,18.0,35.6,138,Drizzle: Light,0,0,
4989,2021-09-14 13:00:00,40.698414,-73.9338,0,0,Passing Too Closely,4457810,26.0,19.0,0.2,0.2,0.0,1.0,51,18.0,35.6,138,Drizzle: Light,0,0,
4990,2021-09-14 19:15:00,40.726295,-73.84104,0,0,Failure to Yield Right-of-Way,4457270,26.0,19.0,0.2,0.2,0.0,1.0,51,18.0,35.6,138,Drizzle: Light,0,0,
4991,2021-09-14 19:30:00,40.699776,-73.98246,0,0,Unspecified,4457586,26.0,19.0,0.2,0.2,0.0,1.0,51,18.0,35.6,138,Drizzle: Light,0,0,
4992,2021-08-12 13:00:00,40.623444,-74.14917,0,0,Driver Inattention/Distraction,4457845,35.2,23.1,0.0,0.0,0.0,0.0,3,21.0,47.5,220,Overcast,0,0,
4993,2021-09-14 15:22:00,40.68158,-73.76548,1,0,Passing or Lane Usage Improper,4457399,26.0,19.0,0.2,0.2,0.0,1.0,51,18.0,35.6,138,Drizzle: Light,1,1,
4994,2021-09-07 19:05:00,40.737167,-74.001465,0,0,Passing or Lane Usage Improper,4457865,25.9,15.2,0.0,0.0,0.0,0.0,1,12.5,25.6,259,Mainly clear,0,0,Sunny/Clear Conditions
4995,2021-09-10 00:10:00,40.848625,-73.93425,0,0,Unsafe Speed,4457896,22.9,16.0,0.0,0.0,0.0,0.0,3,24.2,47.2,314,Overcast,0,0,
4996,2021-09-14 10:09:00,40.70001,-73.830894,1,0,Unspecified,4457150,26.0,19.0,0.2,0.2,0.0,1.0,51,18.0,35.6,138,Drizzle: Light,1,1,
4997,2021-09-14 19:05:00,40.762722,-73.94201,0,0,Driver Inexperience,4457461,26.0,19.0,0.2,0.2,0.0,1.0,51,18.0,35.6,138,Drizzle: Light,0,0,
4998,2021-09-14 19:46:00,40.80477,-73.94139,1,0,Headlights Defective,4457788,26.0,19.0,0.2,0.2,0.0,1.0,51,18.0,35.6,138,Drizzle: Light,1,1,
4999,2021-09-14 22:38:00,40.769268,-73.96937,0,0,Alcohol Involvement,4457385,26.0,19.0,0.2,0.2,0.0,1.0,51,18.0,35.6,138,Drizzle: Light,0,0,
5000,2021-09-14 08:20:00,40.762268,-73.89134,1,0,Unspecified,4457139,26.0,19.0,0.2,0.2,0.0,1.0,51,18.0,35.6,138,Drizzle: Light,1,1,
5001,2021-09-14 14:30:00,40.691406,-73.8374,0,0,Unspecified,4457208,26.0,19.0,0.2,0.2,0.0,1.0,51,18.0,35.6,138,Drizzle: Light,0,0,
5002,2021-09-14 21:20:00,40.757473,-73.91582,1,0,Traffic Control Disregarded,4457499,26.0,19.0,0.2,0.2,0.0,1.0,51,18.0,35.6,138,Drizzle: Light,1,1,
5003,2021-09-14 18:20:00,40.655495,-73.88833,1,0,Unspecified,4457488,26.0,19.0,0.2,0.2,0.0,1.0,51,18.0,35.6,138,Drizzle: Light,1,1,
5004,2021-09-14 08:17:00,40.850822,-73.90147,1,0,Turning Improperly,4457112,26.0,19.0,0.2,0.2,0.0,1.0,51,18.0,35.6,138,Drizzle: Light,1,1,
5005,2021-09-08 19:45:00,40.684513,-73.909386,0,0,Driver Inattention/Distraction,4457811,26.4,19.6,0.7,0.7,0.0,6.0,51,26.7,55.8,187,Drizzle: Light,0,0,
5006,2021-09-13 14:41:00,40.826767,-73.888855,1,0,Following Too Closely,4457874,28.8,21.8,1.1,1.1,0.0,2.0,53,20.1,36.7,277,Drizzle: Moderate,1,1,
5007,2021-09-14 08:15:00,40.67506,-73.916626,0,0,Other Vehicular,4457570,26.0,19.0,0.2,0.2,0.0,1.0,51,18.0,35.6,138,Drizzle: Light,0,0,
5008,2021-09-11 18:45:00,40.68405,-73.98157,1,0,Failure to Yield Right-of-Way,4457950,24.7,12.9,0.0,0.0,0.0,0.0,3,16.6,34.2,246,Overcast,1,1,
5009,2021-09-14 13:50:00,40.67062,-73.809235,0,0,Unspecified,4457308,26.0,19.0,0.2,0.2,0.0,1.0,51,18.0,35.6,138,Drizzle: Light,0,0,
5010,2021-09-04 11:20:00,40.83801,-73.87329,0,0,Failure to Yield Right-of-Way,4457745,25.2,14.5,0.0,0.0,0.0,0.0,3,15.4,27.0,289,Overcast,0,0,
5011,2021-09-13 21:40:00,40.85586,-73.89462,0,0,Driver Inattention/Distraction,4457750,28.8,21.8,1.1,1.1,0.0,2.0,53,20.1,36.7,277,Drizzle: Moderate,0,0,
5012,2021-09-14 05:25:00,40.745773,-73.890274,0,0,Driver Inattention/Distraction,4457000,26.0,19.0,0.2,0.2,0.0,1.0,51,18.0,35.6,138,Drizzle: Light,0,0,