,CRASH DATETIME,LATITUDE,LONGITUDE,NUMBER OF PERSONS INJURED,NUMBER OF PERSONS KILLED,CONTRIBUTING FACTOR VEHICLE 1,COLLISION_ID,temperature_2m_max,temperature_2m_min,precipitation_sum,rain_sum,snowfall_sum,precipitation_hours,weather_code,wind_speed_10m_max,wind_gusts_10m_max,wind_direction_10m_dominant,Weather Description,Severity_Score,Total_Affected_Persons,Weather_Category
5013,2021-09-13 22:43:00,40.73401,-74.00457,0,0,Driver Inattention/Distraction,4457858,28.8,21.8,1.1,1.1,0.0,2.0,53,20.1,36.7,277,Drizzle: Moderate,0,0,
5014,2021-09-14 10:30:00,40.73656,-73.98902,1,0,Driver Inattention/Distraction,4457333,26.0,19.0,0.2,0.2,0.0,1.0,51,18.0,35.6,138,Drizzle: Light,1,1,
5015,2021-09-14 17:05:00,40.734768,-73.99064,1,0,Unspecified,4457355,26.0,19.0,0.2,0.2,0.0,1.0,51,18.0,35.6,138,Drizzle: Light,1,1,
5016,2021-09-08 10:41:00,40.707104,-73.759,0,0,Failure to Yield Right-of-Way,4457800,26.4,19.6,0.7,0.7,0.0,6.0,51,26.7,55.8,187,Drizzle: Light,0,0,
5017,2021-09-14 17:05:00,40.675117,-74.00962,3,0,Driver Inattention/Distraction,4457266,26.0,19.0,0.2,0.2,0.0,1.0,51,18.0,35.6,138,Drizzle: Light,3,3,
5018,2021-09-14 17:00:00,40.761673,-73.84411,0,0,Driver Inattention/Distraction,4457518,26.0,19.0,0.2,0.2,0.0,1.0,51,18.0,35.6,138,Drizzle: Light,0,0,
5019,2021-09-14 22:15:00,40.666435,-73.95341,1,0,Driver Inattention/Distraction,4457292,26.0,19.0,0.2,0.2,0.0,1.0,51,18.0,35.6,138,Drizzle: Light,1,1,
5020,2021-09-09 15:17:00,40.824398,-73.88306,0,0,Unspecified,4457838,22.4,19.8,18.4,18.4,0.0,15.0,63,17.5,39.2,271,Rain: Moderate,0,0,
5021,2021-09-13 17:45:00,40.66256,-73.99586,1,0,Pedestrian/Bicyclist/Other Pedestrian Error/Confusion,4457977,28.8,21.8,1.1,1.1,0.0,2.0,53,20.1,36.7,277,Drizzle: Moderate,1,1,
5022,2021-09-14 07:57:00,40.62392,-73.996506,0,0,Driver Inattention/Distraction,4457345,26.0,19.0,0.2,0.2,0.0,1.0,51,18.0,35.6,138,Drizzle: Light,0,0,
5023,2021-09-14 11:50:00,40.662132,-73.941444,0,0,Driver Inattention/Distraction,4457202,26.0,19.0,0.2,0.2,0.0,1.0,51,18.0,35.6,138,Drizzle: Light,0,0,
5024,2021-09-14 09:25:00,40.8595,-73.84301,0,0,Unspecified,4457101,26.0,19.0,0.2,0.2,0.0,1.0,51,18.0,35.6,138,Drizzle: Light,0,0,
5025,2021-09-14 13:29:00,40.67224,-73.893555,1,0,Backing Unsafely,4457444,26.0,19.0,0.2,0.2,0.0,1.0,51,18.0,35.6,138,Drizzle: Light,1,1,
5026,2021-09-14 14:05:00,40.65505,-73.95631,0,0,Unspecified,4457542,26.0,19.0,0.2,0.2,0.0,1.0,51,18.0,35.6,138,Drizzle: Light,0,0,
5027,2021-09-14 18:23:00,40.64485,-73.911125,1,0,Driver Inattention/Distraction,4457236,26.0,19.0,0.2,0.2,0.0,1.0,51,18.0,35.6,138,Drizzle: Light,1,1,
5028,2021-09-14 09:30:00,40.677616,-73.975075,0,0,Driver Inattention/Distraction,4457229,26.0,19.0,0.2,0.2,0.0,1.0,51,18.0,35.6,138,Drizzle: Light,0,0,
5029,2021-09-14 16:30:00,40.64844,-73.88242,0,0,Unspecified,4457482,26.0,19.0,0.2,0.2,0.0,1.0,51,18.0,35.6,138,Drizzle: Light,0,0,
5030,2021-09-14 17:45:00,40.621635,-73.96559,1,0,Unspecified,4457823,26.0,19.0,0.2,0.2,0.0,1.0,51,18.0,35.6,138,Drizzle: Light,1,1,
5031,2021-09-14 17:23:00,40.608807,-73.924126,4,0,Traffic Control Disregarded,4457284,26.0,19.0,0.2,0.2,0.0,1.0,51,18.0,35.6,138,Drizzle: Light,4,4,
5032,2021-09-14 07:20:00,40.803593,-73.919785,0,0,Unspecified,4457315,26.0,19.0,0.2,0.2,0.0,1.0,51,18.0,35.6,138,Drizzle: Light,0,0,
5033,2021-09-13 20:15:00,40.762638,-73.982155,1,0,Driver Inattention/Distraction,4457777,28.8,21.8,1.1,1.1,0.0,2.0,53,20.1,36.7,277,Drizzle: Moderate,1,1,
5034,2021-09-14 13:53:00,40.58516,-73.9874,0,0,Unspecified,4457712,26.0,19.0,0.2,0.2,0.0,1.0,51,18.0,35.6,138,Drizzle: Light,0,0,
5035,2021-09-10 13:22:00,40.71416,-73.989075,0,0,Passing Too Closely,4457930,22.9,16.0,0.0,0.0,0.0,0.0,3,24.2,47.2,314,Overcast,0,0,
5036,2021-09-14 16:55:00,40.828835,-73.82162,2,0,Unspecified,4457328,26.0,19.0,0.2,0.2,0.0,1.0,51,18.0,35.6,138,Drizzle: Light,2,2,
5037,2021-09-14 22:30:00,40.687023,-73.97621,0,0,Unspecified,4457273,26.0,19.0,0.2,0.2,0.0,1.0,51,18.0,35.6,138,Drizzle: Light,0,0,
5038,2021-07-04 11:30:00,40.707264,-73.773476,0,0,Driver Inattention/Distraction,4457881,24.6,15.8,1.4,1.4,0.0,12.0,51,11.8,27.0,299,Drizzle: Light,0,0,
5039,2021-09-14 07:40:00,40.85937,-73.9068,0,0,Passing Too Closely,4457594,26.0,19.0,0.2,0.2,0.0,1.0,51,18.0,35.6,138,Drizzle: Light,0,0,
5040,2021-09-14 16:30:00,40.75076,-73.757835,1,0,Traffic Control Disregarded,4457646,26.0,19.0,0.2,0.2,0.0,1.0,51,18.0,35.6,138,Drizzle: Light,1,1,
5041,2021-09-13 14:29:00,40.600765,-73.75405,0,0,Unspecified,4457733,28.8,21.8,1.1,1.1,0.0,2.0,53,20.1,36.7,277,Drizzle: Moderate,0,0,
5042,2021-09-14 14:30:00,40.83611,-73.92238,0,0,Turning Improperly,4457300,26.0,19.0,0.2,0.2,0.0,1.0,51,18.0,35.6,138,Drizzle: Light,0,0,
5043,2021-12-06 08:48:00,40.76943,-73.91025,0,0,Following Too Closely,4485174,16.3,7.7,6.3,6.3,0.0,10.0,61,35.1,65.5,201,Rain: Light,0,0,
5044,2021-12-16 18:15:00,40.664097,-73.90932,1,0,Other Vehicular,4487715,14.6,9.9,0.0,0.0,0.0,0.0,3,22.4,38.5,222,Overcast,1,1,
5045,2021-12-17 01:55:00,40.736183,-73.89687,0,0,Driver Inattention/Distraction,4487146,13.9,6.1,0.0,0.0,0.0,0.0,3,21.5,37.1,265,Overcast,0,0,
5046,2021-12-15 22:14:00,40.67347,-73.98121,0,0,Driver Inattention/Distraction,4487903,10.3,1.8,1.0,1.0,0.0,6.0,51,20.6,38.2,104,Drizzle: Light,0,0,
5047,2021-12-17 18:08:00,40.69221,-73.92293,1,0,Unspecified,4487337,13.9,6.1,0.0,0.0,0.0,0.0,3,21.5,37.1,265,Overcast,1,1,
5048,2021-12-15 01:00:00,40.67793,-73.87189,0,0,Backing Unsafely,4487075,10.3,1.8,1.0,1.0,0.0,6.0,51,20.6,38.2,104,Drizzle: Light,0,0,
5049,2021-12-17 10:40:00,40.759624,-73.99548,0,0,Passing or Lane Usage Improper,4487566,13.9,6.1,0.0,0.0,0.0,0.0,3,21.5,37.1,265,Overcast,0,0,
5050,2021-12-16 00:00:00,40.7177,-73.839424,1,0,Turning Improperly,4487271,14.6,9.9,0.0,0.0,0.0,0.0,3,22.4,38.5,222,Overcast,1,1,
5051,2021-12-15 17:23:00,40.86804,-73.879105,6,0,Unsafe Speed,4486917,10.3,1.8,1.0,1.0,0.0,6.0,51,20.6,38.2,104,Drizzle: Light,6,6,
5052,2021-12-17 23:00:00,40.698418,-73.80106,0,0,Driver Inattention/Distraction,4487493,13.9,6.1,0.0,0.0,0.0,0.0,3,21.5,37.1,265,Overcast,0,0,
5053,2021-12-17 04:00:00,40.709072,-73.78964,0,0,Driver Inattention/Distraction,4487176,13.9,6.1,0.0,0.0,0.0,0.0,3,21.5,37.1,265,Overcast,0,0,
5054,2021-12-15 10:44:00,40.66852,-73.890175,0,0,Driver Inattention/Distraction,4487080,10.3,1.8,1.0,1.0,0.0,6.0,51,20.6,38.2,104,Drizzle: Light,0,0,
5055,2021-12-17 16:40:00,40.751114,-73.98499,1,0,Driver Inattention/Distraction,4487399,13.9,6.1,0.0,0.0,0.0,0.0,3,21.5,37.1,265,Overcast,1,1,
5056,2021-12-16 17:20:00,40.820187,-73.890686,0,0,Following Too Closely,4487315,14.6,9.9,0.0,0.0,0.0,0.0,3,22.4,38.5,222,Overcast,0,0,
5057,2021-12-17 09:00:00,40.823303,-73.887115,0,0,Passing or Lane Usage Improper,4487308,13.9,6.1,0.0,0.0,0.0,0.0,3,21.5,37.1,265,Overcast,0,0,
5058,2021-12-16 14:45:00,40.680573,-74.00644,0,0,Other Vehicular,4487103,14.6,9.9,0.0,0.0,0.0,0.0,3,22.4,38.5,222,Overcast,0,0,
5059,2021-12-16 15:30:00,40.714237,-73.994225,1,0,Failure to Yield Right-of-Way,4487640,14.6,9.9,0.0,0.0,0.0,0.0,3,22.4,38.5,222,Overcast,1,1,
5060,2021-12-15 10:41:00,40.721436,-73.99555,0,0,Oversized Vehicle,4486973,10.3,1.8,1.0,1.0,0.0,6.0,51,20.6,38.2,104,Drizzle: Light,0,0,
5061,2021-12-15 09:30:00,40.580166,-73.95254,0,0,Unspecified,4486747,10.3,1.8,1.0,1.0,0.0,6.0,51,20.6,38.2,104,Drizzle: Light,0,0,
5062,2021-12-17 02:00:00,40.718456,-73.99482,0,0,Unspecified,4487649,13.9,6.1,0.0,0.0,0.0,0.0,3,21.5,37.1,265,Overcast,0,0,
5063,2021-12-17 07:32:00,40.722622,-73.849144,0,0,Unspecified,4487357,13.9,6.1,0.0,0.0,0.0,0.0,3,21.5,37.1,265,Overcast,0,0,
5064,2021-12-15 16:40:00,40.5763,-73.96854,1,0,Driver Inattention/Distraction,4487749,10.3,1.8,1.0,1.0,0.0,6.0,51,20.6,38.2,104,Drizzle: Light,1,1,
5065,2021-12-17 20:30:00,40.619553,-74.13158,1,0,,4487381,13.9,6.1,0.0,0.0,0.0,0.0,3,21.5,37.1,265,Overcast,1,1,
5066,2021-12-17 11:00:00,40.72671,-73.80871,1,0,Failure to Yield Right-of-Way,4487676,13.9,6.1,0.0,0.0,0.0,0.0,3,21.5,37.1,265,Overcast,1,1,
5067,2021-12-17 18:25:00,40.78583,-73.79839,1,0,Following Too Closely,4487303,13.9,6.1,0.0,0.0,0.0,0.0,3,21.5,37.1,265,Overcast,1,1,
5068,2021-12-16 09:00:00,40.618973,-74.00523,0,0,Failure to Yield Right-of-Way,4487542,14.6,9.9,0.0,0.0,0.0,0.0,3,22.4,38.5,222,Overcast,0,0,
5069,2021-12-15 17:30:00,40.65642,-73.933815,1,0,Unspecified,4486965,10.3,1.8,1.0,1.0,0.0,6.0,51,20.6,38.2,104,Drizzle: Light,1,1,
5070,2021-12-17 11:50:00,40.778893,-73.80558,1,0,Failure to Yield Right-of-Way,4487443,13.9,6.1,0.0,0.0,0.0,0.0,3,21.5,37.1,265,Overcast,1,1,
5071,2021-12-10 20:41:00,40.84549,-73.888985,0,0,Alcohol Involvement,4487946,8.5,1.6,0.0,0.0,0.0,0.0,3,9.8,20.5,183,Overcast,0,0,
5072,2021-12-02 11:50:00,0.0,0.0,1,0,Driver Inattention/Distraction,4487684,13.2,5.4,3.4,3.4,0.0,10.0,55,28.0,46.8,215,Drizzle: Dense,1,1,
5073,2021-12-09 17:45:00,40.753704,-73.87199,2,0,Driver Inattention/Distraction,4487658,3.6,-2.0,0.1,0.0,0.07,1.0,71,19.2,33.8,295,Snow fall: Light,2,2,Snowy Conditions
5074,2021-12-17 02:10:00,40.56146,-74.11227,1,0,Fell Asleep,4487467,13.9,6.1,0.0,0.0,0.0,0.0,3,21.5,37.1,265,Overcast,1,1,
5075,2021-12-15 15:00:00,40.883724,-73.90146,0,0,Unspecified,4487251,10.3,1.8,1.0,1.0,0.0,6.0,51,20.6,38.2,104,Drizzle: Light,0,0,
5076,2021-12-16 20:49:00,40.70622,-73.72792,2,0,Unsafe Speed,4487118,14.6,9.9,0.0,0.0,0.0,0.0,3,22.4,38.5,222,Overcast,2,2,
5077,2021-12-11 05:58:00,40.708363,-73.99886,1,0,Following Too Closely,4487631,17.3,5.0,8.1,8.1,0.0,5.0,63,35.0,67.0,206,Rain: Moderate,1,1,
5078,2021-12-16 14:24:00,40.716278,-74.00454,0,0,Traffic Control Disregarded,4487049,14.6,9.9,0.0,0.0,0.0,0.0,3,22.4,38.5,222,Overcast,0,0,
5079,2021-12-16 15:25:00,40.77039,-73.91771,0,0,Following Too Closely,4487377,14.6,9.9,0.0,0.0,0.0,0.0,3,22.4,38.5,222,Overcast,0,0,
5080,2021-12-15 19:25:00,40.751114,-73.98503,0,0,Unspecified,4486881,10.3,1.8,1.0,1.0,0.0,6.0,51,20.6,38.2,104,Drizzle: Light,0,0,
5081,2021-12-07 15:46:00,40.853115,-73.89759,0,0,Oversized Vehicle,4487989,8.6,0.8,0.1,0.1,0.0,1.0,51,27.2,49.3,283,Drizzle: Light,0,0,
5082,2021-12-15 22:00:00,40.891422,-73.8551,3,0,Driver Inattention/Distraction,4487804,10.3,1.8,1.0,1.0,0.0,6.0,51,20.6,38.2,104,Drizzle: Light,3,3,
5083,2021-12-17 14:50:00,40.662846,-73.94284,1,0,Failure to Yield Right-of-Way,4487415,13.9,6.1,0.0,0.0,0.0,0.0,3,21.5,37.1,265,Overcast,1,1,
5084,2021-12-15 18:09:00,40.88263,-73.839516,1,0,Unspecified,4487219,10.3,1.8,1.0,1.0,0.0,6.0,51,20.6,38.2,104,Drizzle: Light,1,1,
5085,2021-12-15 17:30:00,40.836937,-73.927124,1,0,Driver Inattention/Distraction,4486897,10.3,1.8,1.0,1.0,0.0,6.0,51,20.6,38.2,104,Drizzle: Light,1,1,
5086,2021-12-14 00:00:00,40.856136,-73.85146,1,0,Failure to Yield Right-of-Way,4487232,10.4,3.1,0.0,0.0,0.0,0.0,3,18.5,31.3,322,Overcast,1,1,
5087,2021-12-13 19:25:00,40.576553,-73.95667,0,0,Unspecified,4487813,10.2,1.9,0.0,0.0,0.0,0.0,3,19.6,35.3,242,Overcast,0,0,
5088,2021-12-17 16:05:00,40.580208,-74.09975,0,0,Failure to Yield Right-of-Way,4487473,13.9,6.1,0.0,0.0,0.0,0.0,3,21.5,37.1,265,Overcast,0,0,
5089,2021-12-10 19:17:00,40.848606,-73.91397,1,0,Driver Inattention/Distraction,4487340,8.5,1.6,0.0,0.0,0.0,0.0,3,9.8,20.5,183,Overcast,1,1,
5090,2021-12-13 15:10:00,40.844864,-73.91015,0,0,Passing Too Closely,4488016,10.2,1.9,0.0,0.0,0.0,0.0,3,19.6,35.3,242,Overcast,0,0,
5091,2021-12-15 13:59:00,0.0,0.0,0,0,Turning Improperly,4487021,10.3,1.8,1.0,1.0,0.0,6.0,51,20.6,38.2,104,Drizzle: Light,0,0,
5092,2021-12-15 15:28:00,40.73848,-73.98343,0,0,Driver Inattention/Distraction,4486939,10.3,1.8,1.0,1.0,0.0,6.0,51,20.6,38.2,104,Drizzle: Light,0,0,
5093,2021-12-16 18:20:00,40.761684,-73.94162,1,0,Passing or Lane Usage Improper,4487893,14.6,9.9,0.0,0.0,0.0,0.0,3,22.4,38.5,222,Overcast,1,1,
5094,2021-12-15 12:00:00,40.632145,-73.952736,1,0,Driver Inexperience,4486772,10.3,1.8,1.0,1.0,0.0,6.0,51,20.6,38.2,104,Drizzle: Light,1,1,
5095,2021-12-16 18:30:00,40.7712,-73.83345,0,0,Passing or Lane Usage Improper,4487435,14.6,9.9,0.0,0.0,0.0,0.0,3,22.4,38.5,222,Overcast,0,0,
5096,2021-12-14 18:45:00,40.575787,-73.97079,0,0,Unspecified,4487738,10.4,3.1,0.0,0.0,0.0,0.0,3,18.5,31.3,322,Overcast,0,0,
5097,2021-12-17 12:48:00,40.609253,-73.92338,0,0,Turning Improperly,4487482,13.9,6.1,0.0,0.0,0.0,0.0,3,21.5,37.1,265,Overcast,0,0,
5098,2021-12-15 17:42:00,40.657333,-73.899445,1,0,Backing Unsafely,4487530,10.3,1.8,1.0,1.0,0.0,6.0,51,20.6,38.2,104,Drizzle: Light,1,1,
5099,2021-12-10 08:55:00,40.756546,-73.99218,1,0,Driver Inattention/Distraction,4487707,8.5,1.6,0.0,0.0,0.0,0.0,3,9.8,20.5,183,Overcast,1,1,
5100,2021-12-15 11:55:00,40.693207,-73.971596,0,0,Unspecified,4486799,10.3,1.8,1.0,1.0,0.0,6.0,51,20.6,38.2,104,Drizzle: Light,0,0,
5101,2021-12-15 16:40:00,40.675644,-73.94161,1,0,Driver Inattention/Distraction,4487618,10.3,1.8,1.0,1.0,0.0,6.0,51,20.6,38.2,104,Drizzle: Light,1,1,
5102,2021-12-16 11:41:00,40.76236,-73.994064,1,0,Following Too Closely,4487172,14.6,9.9,0.0,0.0,0.0,0.0,3,22.4,38.5,222,Overcast,1,1,
5103,2021-12-15 06:57:00,40.700726,-73.94194,1,0,Failure to Yield Right-of-Way,4486689,10.3,1.8,1.0,1.0,0.0,6.0,51,20.6,38.2,104,Drizzle: Light,1,1,
5104,2021-12-17 01:12:00,40.675186,-73.933304,0,0,Driver Inattention/Distraction,4487730,13.9,6.1,0.0,0.0,0.0,0.0,3,21.5,37.1,265,Overcast,0,0,
5105,2021-12-16 19:56:00,40.591133,-73.94984,0,0,Unspecified,4487151,14.6,9.9,0.0,0.0,0.0,0.0,3,22.4,38.5,222,Overcast,0,0,
5106,2021-12-15 19:45:00,40.790314,-73.94769,0,0,Failure to Yield Right-of-Way,4486951,10.3,1.8,1.0,1.0,0.0,6.0,51,20.6,38.2,104,Drizzle: Light,0,0,
5107,2021-12-07 17:29:00,40.67043,-73.928185,0,0,Backing Unsafely,4487732,8.6,0.8,0.1,0.1,0.0,1.0,51,27.2,49.3,283,Drizzle: Light,0,0,
5108,2021-12-13 14:21:00,40.77954,-73.988,1,0,Passing or Lane Usage Improper,4487291,10.2,1.9,0.0,0.0,0.0,0.0,3,19.6,35.3,242,Overcast,1,1,
5109,2021-12-15 14:00:00,40.725483,-73.94973,0,0,Passing or Lane Usage Improper,4486850,10.3,1.8,1.0,1.0,0.0,6.0,51,20.6,38.2,104,Drizzle: Light,0,0,
5110,2021-12-16 12:30:00,40.86247,-73.90029,0,0,Traffic Control Disregarded,4487204,14.6,9.9,0.0,0.0,0.0,0.0,3,22.4,38.5,222,Overcast,0,0,
5111,2021-12-15 05:45:00,40.894978,-73.846375,0,0,Traffic Control Disregarded,4487793,10.3,1.8,1.0,1.0,0.0,6.0,51,20.6,38.2,104,Drizzle: Light,0,0,
5112,2021-12-15 09:15:00,40.862717,-73.9023,1,0,Unspecified,4487286,10.3,1.8,1.0,1.0,0.0,6.0,51,20.6,38.2,104,Drizzle: Light,1,1,
5113,2021-12-15 15:15:00,40.69537,-73.76326,0,0,Passing or Lane Usage Improper,4487128,10.3,1.8,1.0,1.0,0.0,6.0,51,20.6,38.2,104,Drizzle: Light,0,0,
5114,2021-11-29 12:50:00,40.661835,-73.893105,1,0,,4487187,5.8,-0.8,0.4,0.4,0.0,3.0,51,20.6,38.2,312,Drizzle: Light,1,1,
5115,2021-12-15 14:45:00,40.621315,-74.01071,1,0,Unspecified,4486774,10.3,1.8,1.0,1.0,0.0,6.0,51,20.6,38.2,104,Drizzle: Light,1,1,
5116,2021-12-15 18:00:00,40.839733,-73.89882,0,0,Unspecified,4486815,10.3,1.8,1.0,1.0,0.0,6.0,51,20.6,38.2,104,Drizzle: Light,0,0,
5117,2022-12-23 16:50:00,40.83213,-73.86547,0,0,Unspecified,4598187,12.9,-12.9,20.4,19.8,0.42,14.0,73,44.5,83.2,206,Snow fall: Moderate,0,0,Snowy Conditions
5118,2021-12-15 11:30:00,40.706367,-73.816734,0,0,Driver Inattention/Distraction,4487673,10.3,1.8,1.0,1.0,0.0,6.0,51,20.6,38.2,104,Drizzle: Light,0,0,
5119,2021-12-15 11:30:00,40.63878,-73.98322,1,0,Failure to Yield Right-of-Way,4486992,10.3,1.8,1.0,1.0,0.0,6.0,51,20.6,38.2,104,Drizzle: Light,1,1,
5120,2021-12-17 22:57:00,40.76468,-73.9643,0,0,Driver Inattention/Distraction,4487938,13.9,6.1,0.0,0.0,0.0,0.0,3,21.5,37.1,265,Overcast,0,0,
5121,2021-12-15 15:10:00,40.6287,-74.11615,0,0,Driver Inattention/Distraction,4487002,10.3,1.8,1.0,1.0,0.0,6.0,51,20.6,38.2,104,Drizzle: Light,0,0,
5122,2021-12-16 13:30:00,40.80347,-73.956055,0,0,Driver Inattention/Distraction,4487208,14.6,9.9,0.0,0.0,0.0,0.0,3,22.4,38.5,222,Overcast,0,0,
5123,2021-12-17 20:45:00,40.66235,-73.95082,0,0,Turning Improperly,4487318,13.9,6.1,0.0,0.0,0.0,0.0,3,21.5,37.1,265,Overcast,0,0,
5124,2021-12-15 08:30:00,40.703,-73.813484,0,0,Driver Inattention/Distraction,4486679,10.3,1.8,1.0,1.0,0.0,6.0,51,20.6,38.2,104,Drizzle: Light,0,0,
5125,2021-12-17 16:52:00,40.719296,-74.008705,0,0,Unspecified,4487536,13.9,6.1,0.0,0.0,0.0,0.0,3,21.5,37.1,265,Overcast,0,0,
5126,2021-12-17 03:40:00,40.76734,-73.96868,0,0,Unspecified,4487247,13.9,6.1,0.0,0.0,0.0,0.0,3,21.5,37.1,265,Overcast,0,0,
5127,2021-12-17 14:00:00,40.662582,-73.96291,0,0,Passing or Lane Usage Improper,4487396,13.9,6.1,0.0,0.0,0.0,0.0,3,21.5,37.1,265,Overcast,0,0,
5128,2021-12-17 21:00:00,40.8827,-73.89273,1,0,Driver Inattention/Distraction,4487347,13.9,6.1,0.0,0.0,0.0,0.0,3,21.5,37.1,265,Overcast,1,1,
5129,2021-12-15 20:54:00,40.75604,-73.99066,1,0,Passenger Distraction,4486902,10.3,1.8,1.0,1.0,0.0,6.0,51,20.6,38.2,104,Drizzle: Light,1,1,
5130,2021-11-30 07:30:00,40.896526,-73.855644,0,0,Unspecified,4487215,4.7,-2.4,0.1,0.1,0.0,1.0,51,19.1,34.9,245,Drizzle: Light,0,0,
5131,2021-12-13 15:23:00,40.89505,-73.88489,0,0,Unspecified,4487354,10.2,1.9,0.0,0.0,0.0,0.0,3,19.6,35.3,242,Overcast,0,0,
5132,2021-12-17 15:34:00,40.605675,-73.966965,1,0,Failure to Yield Right-of-Way,4487526,13.9,6.1,0.0,0.0,0.0,0.0,3,21.5,37.1,265,Overcast,1,1,
5133,2021-12-15 20:45:00,40.84193,-73.88582,1,0,Driver Inattention/Distraction,4487981,10.3,1.8,1.0,1.0,0.0,6.0,51,20.6,38.2,104,Drizzle: Light,1,1,
5134,2021-12-11 12:42:00,40.69239,-73.79623,4,0,Brakes Defective,4487236,17.3,5.0,8.1,8.1,0.0,5.0,63,35.0,67.0,206,Rain: Moderate,4,4,
5135,2021-12-15 21:40:00,40.6771,-73.92479,0,0,Reaction to Uninvolved Vehicle,4487621,10.3,1.8,1.0,1.0,0.0,6.0,51,20.6,38.2,104,Drizzle: Light,0,0,
5136,2021-12-17 15:40:00,40.836124,-73.88987,0,0,Unspecified,4487463,13.9,6.1,0.0,0.0,0.0,0.0,3,21.5,37.1,265,Overcast,0,0,
5137,2021-12-17 05:45:00,40.888454,-73.84197,0,0,Unsafe Speed,4487799,13.9,6.1,0.0,0.0,0.0,0.0,3,21.5,37.1,265,Overcast,0,0,
5138,2021-12-16 17:45:00,40.72588,-73.941696,0,0,Traffic Control Disregarded,4487213,14.6,9.9,0.0,0.0,0.0,0.0,3,22.4,38.5,222,Overcast,0,0,
5139,2021-12-16 17:18:00,40.71889,-73.903175,0,0,Driverless/Runaway Vehicle,4487728,14.6,9.9,0.0,0.0,0.0,0.0,3,22.4,38.5,222,Overcast,0,0,
5140,2021-12-04 01:00:00,40.75839,-73.91365,0,0,Unspecified,4487645,8.3,-0.7,0.0,0.0,0.0,0.0,3,13.5,25.9,231,Overcast,0,0,
5141,2021-12-17 13:21:00,40.613995,-73.99538,0,0,Passing Too Closely,4487575,13.9,6.1,0.0,0.0,0.0,0.0,3,21.5,37.1,265,Overcast,0,0,
5142,2021-12-15 16:53:00,40.829502,-73.87462,1,0,Unspecified,4486957,10.3,1.8,1.0,1.0,0.0,6.0,51,20.6,38.2,104,Drizzle: Light,1,1,
5143,2021-12-16 13:00:00,40.62427,-73.99255,0,0,Driver Inattention/Distraction,4487555,14.6,9.9,0.0,0.0,0.0,0.0,3,22.4,38.5,222,Overcast,0,0,
5144,2021-12-15 08:15:00,40.818592,-73.935905,0,0,Unspecified,4486654,10.3,1.8,1.0,1.0,0.0,6.0,51,20.6,38.2,104,Drizzle: Light,0,0,
5145,2021-12-06 18:30:00,40.691948,-73.93983,1,0,Driver Inattention/Distraction,4487759,16.3,7.7,6.3,6.3,0.0,10.0,61,35.1,65.5,201,Rain: Light,1,1,
5146,2021-12-15 17:35:00,40.661587,-73.74033,0,0,Driver Inattention/Distraction,4486820,10.3,1.8,1.0,1.0,0.0,6.0,51,20.6,38.2,104,Drizzle: Light,0,0,
5147,2021-12-15 07:00:00,40.531918,-74.19175,1,0,Failure to Yield Right-of-Way,4486987,10.3,1.8,1.0,1.0,0.0,6.0,51,20.6,38.2,104,Drizzle: Light,1,1,
5148,2021-12-12 00:20:00,40.761444,-73.87602,1,0,Traffic Control Disregarded,4487263,13.0,3.4,0.5,0.5,0.0,1.0,53,32.4,62.6,284,Drizzle: Moderate,1,1,
5149,2021-12-16 15:20:00,40.659042,-73.89099,0,0,Unspecified,4487191,14.6,9.9,0.0,0.0,0.0,0.0,3,22.4,38.5,222,Overcast,0,0,
5150,2021-12-17 15:51:00,40.749866,-73.86273,1,0,Backing Unsafely,4487324,13.9,6.1,0.0,0.0,0.0,0.0,3,21.5,37.1,265,Overcast,1,1,
5151,2021-12-16 23:30:00,40.629707,-73.90486,2,0,Following Too Closely,4487517,14.6,9.9,0.0,0.0,0.0,0.0,3,22.4,38.5,222,Overcast,2,2,
5152,2021-12-15 17:12:00,40.75596,-73.99814,0,0,Backing Unsafely,4487550,10.3,1.8,1.0,1.0,0.0,6.0,51,20.6,38.2,104,Drizzle: Light,0,0,
5153,2021-12-17 13:00:00,40.722977,-73.97992,0,0,Backing Unsafely,4487574,13.9,6.1,0.0,0.0,0.0,0.0,3,21.5,37.1,265,Overcast,0,0,
5154,2021-12-16 07:12:00,40.60981,-73.92251,0,0,Driver Inattention/Distraction,4486936,14.6,9.9,0.0,0.0,0.0,0.0,3,22.4,38.5,222,Overcast,0,0,
5155,2021-12-16 12:00:00,40.749165,-73.98841,1,0,Passing Too Closely,4487390,14.6,9.9,0.0,0.0,0.0,0.0,3,22.4,38.5,222,Overcast,1,1,
5156,2021-12-15 07:05:00,40.71042,-73.85964,1,0,Driver Inattention/Distraction,4486766,10.3,1.8,1.0,1.0,0.0,6.0,51,20.6,38.2,104,Drizzle: Light,1,1,
5157,2021-12-16 15:50:00,40.669228,-73.9556,1,0,Traffic Control Disregarded,4487113,14.6,9.9,0.0,0.0,0.0,0.0,3,22.4,38.5,222,Overcast,1,1,
5158,2021-12-14 06:15:00,40.88742,-73.89449,1,0,Unspecified,4487349,10.4,3.1,0.0,0.0,0.0,0.0,3,18.5,31.3,322,Overcast,1,1,
5159,2021-12-16 13:00:00,40.71181,-73.78785,3,0,Driver Inattention/Distraction,4487087,14.6,9.9,0.0,0.0,0.0,0.0,3,22.4,38.5,222,Overcast,3,3,
5160,2021-12-08 16:45:00,40.66917,-73.98631,1,0,Driver Inattention/Distraction,4487594,4.7,0.9,0.7,0.7,0.0,2.0,51,14.5,24.8,355,Drizzle: Light,1,1,
5161,2021-12-14 00:01:00,40.762276,-73.89132,0,0,Driver Inattention/Distraction,4487331,10.4,3.1,0.0,0.0,0.0,0.0,3,18.5,31.3,322,Overcast,0,0,