,CRASH DATETIME,LATITUDE,LONGITUDE,NUMBER OF PERSONS INJURED,NUMBER OF PERSONS KILLED,CONTRIBUTING FACTOR VEHICLE 1,COLLISION_ID,temperature_2m_max,temperature_2m_min,precipitation_sum,rain_sum,snowfall_sum,precipitation_hours,weather_code,wind_speed_10m_max,wind_gusts_10m_max,wind_direction_10m_dominant,Weather Description,Severity_Score,Total_Affected_Persons,Weather_Category
5162,2021-12-15 23:02:00,40.609417,-73.9677,0,0,Unspecified,4486855,10.3,1.8,1.0,1.0,0.0,6.0,51,20.6,38.2,104,Drizzle: Light,0,0,
5163,2021-12-13 07:11:00,40.628185,-74.14792,0,0,Unspecified,4487240,10.2,1.9,0.0,0.0,0.0,0.0,3,19.6,35.3,242,Overcast,0,0,
5164,2021-12-17 08:06:00,40.576504,-74.1037,1,0,Unspecified,4487479,13.9,6.1,0.0,0.0,0.0,0.0,3,21.5,37.1,265,Overcast,1,1,
5165,2021-12-16 16:30:00,40.830837,-73.8987,0,0,Driver Inattention/Distraction,4487455,14.6,9.9,0.0,0.0,0.0,0.0,3,22.4,38.5,222,Overcast,0,0,
5166,2021-12-15 10:03:00,40.595707,-73.965065,0,0,Traffic Control Disregarded,4486841,10.3,1.8,1.0,1.0,0.0,6.0,51,20.6,38.2,104,Drizzle: Light,0,0,
5167,2021-12-16 15:25:00,40.77039,-73.91771,0,0,Driver Inattention/Distraction,4487370,14.6,9.9,0.0,0.0,0.0,0.0,3,22.4,38.5,222,Overcast,0,0,
5168,2021-12-16 13:10:00,40.82138,-73.852264,0,0,Driver Inattention/Distraction,4487038,14.6,9.9,0.0,0.0,0.0,0.0,3,22.4,38.5,222,Overcast,0,0,
5169,2021-12-16 09:45:00,40.606297,-73.99791,0,0,Unspecified,4487670,14.6,9.9,0.0,0.0,0.0,0.0,3,22.4,38.5,222,Overcast,0,0,
5170,2021-12-17 13:10:00,40.636784,-74.018974,2,0,Unspecified,4487434,13.9,6.1,0.0,0.0,0.0,0.0,3,21.5,37.1,265,Overcast,2,2,
5171,2021-12-17 17:18:00,40.654205,-73.910576,1,0,Unspecified,4487531,13.9,6.1,0.0,0.0,0.0,0.0,3,21.5,37.1,265,Overcast,1,1,
5172,2023-01-12 18:50:00,40.672546,-73.86261,0,0,Driver Inattention/Distraction,4598208,10.1,-0.6,10.8,10.8,0.0,13.0,63,20.1,36.7,117,Rain: Moderate,0,0,
5173,2021-12-16 04:30:00,40.641735,-73.95442,0,0,Driver Inattention/Distraction,4487062,14.6,9.9,0.0,0.0,0.0,0.0,3,22.4,38.5,222,Overcast,0,0,
5174,2023-01-14 08:30:00,40.83687,-73.94895,1,0,Reaction to Uninvolved Vehicle,4597707,2.8,-0.9,0.0,0.0,0.0,0.0,3,25.6,45.7,351,Overcast,1,1,
5175,2021-11-24 22:11:00,40.69475,-73.75118,0,0,Unspecified,4487860,7.0,-1.6,0.0,0.0,0.0,0.0,3,18.4,33.1,305,Overcast,0,0,
5176,2021-12-17 17:30:00,40.60307,-74.01667,0,0,Driver Inattention/Distraction,4487541,13.9,6.1,0.0,0.0,0.0,0.0,3,21.5,37.1,265,Overcast,0,0,
5177,2021-12-08 15:37:00,40.724808,-73.91053,1,0,Driver Inattention/Distraction,4487720,4.7,0.9,0.7,0.7,0.0,2.0,51,14.5,24.8,355,Drizzle: Light,1,1,
5178,2021-12-16 19:28:00,40.78642,-73.978065,1,0,Driver Inattention/Distraction,4487419,14.6,9.9,0.0,0.0,0.0,0.0,3,22.4,38.5,222,Overcast,1,1,
5179,2021-12-16 05:07:00,40.651863,-73.86536,0,0,Other Vehicular,4487196,14.6,9.9,0.0,0.0,0.0,0.0,3,22.4,38.5,222,Overcast,0,0,
5180,2021-12-13 14:21:00,40.88489,-73.86437,0,0,Unspecified,4487803,10.2,1.9,0.0,0.0,0.0,0.0,3,19.6,35.3,242,Overcast,0,0,
5181,2021-12-15 13:26:00,40.795956,-73.97083,1,0,Traffic Control Disregarded,4486758,10.3,1.8,1.0,1.0,0.0,6.0,51,20.6,38.2,104,Drizzle: Light,1,1,
5182,2021-12-16 23:20:00,40.787792,-73.97123,0,0,Passing or Lane Usage Improper,4487181,14.6,9.9,0.0,0.0,0.0,0.0,3,22.4,38.5,222,Overcast,0,0,
5183,2021-12-15 11:49:00,40.78029,-73.94386,2,0,Following Too Closely,4486722,10.3,1.8,1.0,1.0,0.0,6.0,51,20.6,38.2,104,Drizzle: Light,2,2,
5184,2021-12-16 23:19:00,40.69335,-73.934135,0,0,Alcohol Involvement,4487121,14.6,9.9,0.0,0.0,0.0,0.0,3,22.4,38.5,222,Overcast,0,0,
5185,2021-12-16 00:23:00,40.732822,-73.95205,0,0,Cell Phone (hand-Held),4486961,14.6,9.9,0.0,0.0,0.0,0.0,3,22.4,38.5,222,Overcast,0,0,
5186,2021-12-17 11:50:00,40.719116,-73.99146,0,0,Driver Inattention/Distraction,4487638,13.9,6.1,0.0,0.0,0.0,0.0,3,21.5,37.1,265,Overcast,0,0,
5187,2021-12-16 16:10:00,40.817226,-73.94231,2,0,Other Vehicular,4487228,14.6,9.9,0.0,0.0,0.0,0.0,3,22.4,38.5,222,Overcast,2,2,
5188,2021-12-15 08:20:00,40.72634,-73.76508,1,0,Following Too Closely,4487007,10.3,1.8,1.0,1.0,0.0,6.0,51,20.6,38.2,104,Drizzle: Light,1,1,
5189,2021-12-15 15:30:00,40.72165,-73.94196,0,0,Backing Unsafely,4486783,10.3,1.8,1.0,1.0,0.0,6.0,51,20.6,38.2,104,Drizzle: Light,0,0,
5190,2021-12-15 23:01:00,40.803593,-73.919785,0,0,Driver Inattention/Distraction,4486883,10.3,1.8,1.0,1.0,0.0,6.0,51,20.6,38.2,104,Drizzle: Light,0,0,
5191,2021-12-17 04:35:00,40.651733,-73.93039,1,0,Unspecified,4487600,13.9,6.1,0.0,0.0,0.0,0.0,3,21.5,37.1,265,Overcast,1,1,
5192,2021-12-17 09:33:00,40.757523,-73.82914,1,0,Passing or Lane Usage Improper,4487278,13.9,6.1,0.0,0.0,0.0,0.0,3,21.5,37.1,265,Overcast,1,1,
5193,2021-12-16 08:58:00,40.6767,-73.795,1,0,Failure to Yield Right-of-Way,4486978,14.6,9.9,0.0,0.0,0.0,0.0,3,22.4,38.5,222,Overcast,1,1,
5194,2021-12-15 02:30:00,40.736996,-73.998146,0,0,Alcohol Involvement,4486922,10.3,1.8,1.0,1.0,0.0,6.0,51,20.6,38.2,104,Drizzle: Light,0,0,
5195,2021-12-16 20:06:00,40.785732,-73.97645,1,0,Driver Inattention/Distraction,4487776,14.6,9.9,0.0,0.0,0.0,0.0,3,22.4,38.5,222,Overcast,1,1,
5196,2021-12-17 03:50:00,40.670124,-73.95528,0,0,Driver Inattention/Distraction,4487295,13.9,6.1,0.0,0.0,0.0,0.0,3,21.5,37.1,265,Overcast,0,0,
5197,2021-04-18 10:06:00,40.67398,-73.899315,2,0,Traffic Control Disregarded,4408808,15.1,5.3,0.2,0.2,0.0,2.0,51,13.2,28.4,282,Drizzle: Light,2,2,
5198,2021-04-19 14:30:00,40.74938,-73.88789,1,0,Unspecified,4409806,16.9,5.0,0.0,0.0,0.0,0.0,3,14.7,31.0,214,Overcast,1,1,
5199,2021-04-24 14:00:00,40.650642,-73.909805,0,0,Unspecified,4410880,19.7,6.0,0.0,0.0,0.0,0.0,3,26.7,49.3,232,Overcast,0,0,
5200,2021-04-24 02:15:00,40.653805,-73.93061,1,0,Driver Inattention/Distraction,4410879,19.7,6.0,0.0,0.0,0.0,0.0,3,26.7,49.3,232,Overcast,1,1,
5201,2021-12-11 20:25:00,40.601948,-73.99382,1,0,Unspecified,4487904,17.3,5.0,8.1,8.1,0.0,5.0,63,35.0,67.0,206,Rain: Moderate,1,1,
5202,2021-12-15 07:41:00,40.832817,-73.867546,0,0,Passing Too Closely,4486708,10.3,1.8,1.0,1.0,0.0,6.0,51,20.6,38.2,104,Drizzle: Light,0,0,
5203,2021-12-15 08:30:00,40.7007,-73.83805,0,0,Turning Improperly,4486624,10.3,1.8,1.0,1.0,0.0,6.0,51,20.6,38.2,104,Drizzle: Light,0,0,
5204,2021-12-15 23:43:00,40.76213,-73.7295,0,0,Unspecified,4486823,10.3,1.8,1.0,1.0,0.0,6.0,51,20.6,38.2,104,Drizzle: Light,0,0,
5205,2021-12-17 20:00:00,40.631004,-73.88774,0,0,Driver Inattention/Distraction,4487506,13.9,6.1,0.0,0.0,0.0,0.0,3,21.5,37.1,265,Overcast,0,0,
5206,2021-12-16 15:22:00,40.846733,-73.90649,1,0,Traffic Control Disregarded,4487166,14.6,9.9,0.0,0.0,0.0,0.0,3,22.4,38.5,222,Overcast,1,1,
5207,2021-12-15 17:45:00,40.609535,-73.75372,0,0,Driver Inexperience,4486890,10.3,1.8,1.0,1.0,0.0,6.0,51,20.6,38.2,104,Drizzle: Light,0,0,
5208,2021-12-17 09:12:00,40.636818,-73.89715,0,0,Driver Inattention/Distraction,4487255,13.9,6.1,0.0,0.0,0.0,0.0,3,21.5,37.1,265,Overcast,0,0,
5209,2021-12-16 17:50:00,40.671932,-73.85165,0,0,Following Too Closely,4487095,14.6,9.9,0.0,0.0,0.0,0.0,3,22.4,38.5,222,Overcast,0,0,
5210,2021-12-16 20:28:00,40.758995,-73.87459,0,0,Driver Inattention/Distraction,4487108,14.6,9.9,0.0,0.0,0.0,0.0,3,22.4,38.5,222,Overcast,0,0,
5211,2021-12-17 14:45:00,40.69728,-73.84733,0,0,Passing or Lane Usage Improper,4487310,13.9,6.1,0.0,0.0,0.0,0.0,3,21.5,37.1,265,Overcast,0,0,
5212,2021-12-14 10:20:00,40.847855,-73.937904,0,0,Unspecified,4487406,10.4,3.1,0.0,0.0,0.0,0.0,3,18.5,31.3,322,Overcast,0,0,
5213,2021-12-16 10:59:00,40.751637,-73.90985,0,0,Unspecified,4487046,14.6,9.9,0.0,0.0,0.0,0.0,3,22.4,38.5,222,Overcast,0,0,
5214,2021-11-26 02:04:00,40.748158,-73.97033,0,0,Passing or Lane Usage Improper,4487366,7.6,1.6,8.4,8.4,0.0,11.0,61,28.7,53.6,279,Rain: Light,0,0,
5215,2021-12-14 07:40:00,40.691612,-73.93976,0,0,Driver Inattention/Distraction,4487835,10.4,3.1,0.0,0.0,0.0,0.0,3,18.5,31.3,322,Overcast,0,0,
5216,2021-12-17 00:10:00,40.808163,-73.92653,2,0,Unsafe Speed,4487138,13.9,6.1,0.0,0.0,0.0,0.0,3,21.5,37.1,265,Overcast,2,2,
5217,2021-12-16 13:23:00,40.760742,-73.974655,0,0,Passing or Lane Usage Improper,4487260,14.6,9.9,0.0,0.0,0.0,0.0,3,22.4,38.5,222,Overcast,0,0,
5218,2021-12-11 12:00:00,40.64336,-73.954575,0,0,Passing or Lane Usage Improper,4487698,17.3,5.0,8.1,8.1,0.0,5.0,63,35.0,67.0,206,Rain: Moderate,0,0,
5219,2021-12-17 08:25:00,40.765675,-73.97624,2,0,Unspecified,4487223,13.9,6.1,0.0,0.0,0.0,0.0,3,21.5,37.1,265,Overcast,2,2,
5220,2021-04-24 11:09:00,40.82814,-73.8953,1,0,Driver Inattention/Distraction,4410103,19.7,6.0,0.0,0.0,0.0,0.0,3,26.7,49.3,232,Overcast,1,1,
5221,2021-04-24 05:00:00,40.87721,-73.90074,1,0,Unspecified,4410250,19.7,6.0,0.0,0.0,0.0,0.0,3,26.7,49.3,232,Overcast,1,1,
5222,2021-04-24 07:30:00,40.826496,-73.93692,0,0,Other Vehicular,4410694,19.7,6.0,0.0,0.0,0.0,0.0,3,26.7,49.3,232,Overcast,0,0,
5223,2021-04-23 17:40:00,40.663227,-73.93159,0,0,Driver Inattention/Distraction,4410672,15.5,2.0,0.0,0.0,0.0,0.0,3,28.7,57.2,273,Overcast,0,0,
5224,2021-04-24 01:30:00,40.754807,-73.9626,2,0,Reaction to Uninvolved Vehicle,4409897,19.7,6.0,0.0,0.0,0.0,0.0,3,26.7,49.3,232,Overcast,2,2,
5225,2021-04-24 04:27:00,40.895485,-73.863884,0,0,Unspecified,4410208,19.7,6.0,0.0,0.0,0.0,0.0,3,26.7,49.3,232,Overcast,0,0,
5226,2021-04-24 06:30:00,40.575974,-74.12564,1,0,Driver Inattention/Distraction,4410556,19.7,6.0,0.0,0.0,0.0,0.0,3,26.7,49.3,232,Overcast,1,1,
5227,2021-04-24 14:30:00,40.745922,-73.87864,0,0,Driver Inattention/Distraction,4410299,19.7,6.0,0.0,0.0,0.0,0.0,3,26.7,49.3,232,Overcast,0,0,
5228,2021-04-15 16:25:00,40.641186,-73.98572,1,0,Unspecified,4410761,12.9,7.7,15.9,15.9,0.0,15.0,63,17.3,32.0,166,Rain: Moderate,1,1,
5229,2021-04-24 04:02:00,40.86776,-73.89896,1,0,Unspecified,4409919,19.7,6.0,0.0,0.0,0.0,0.0,3,26.7,49.3,232,Overcast,1,1,
5230,2021-04-24 18:30:00,40.815403,-73.93992,0,0,Other Vehicular,4410691,19.7,6.0,0.0,0.0,0.0,0.0,3,26.7,49.3,232,Overcast,0,0,
5231,2021-04-24 14:20:00,40.740875,-73.89962,2,0,Turning Improperly,4410747,19.7,6.0,0.0,0.0,0.0,0.0,3,26.7,49.3,232,Overcast,2,2,
5232,2021-04-23 17:15:00,40.808292,-73.94883,1,0,Driver Inattention/Distraction,4410622,15.5,2.0,0.0,0.0,0.0,0.0,3,28.7,57.2,273,Overcast,1,1,
5233,2021-04-24 00:01:00,40.766705,-73.89024,0,0,Driver Inattention/Distraction,4409946,19.7,6.0,0.0,0.0,0.0,0.0,3,26.7,49.3,232,Overcast,0,0,
5234,2021-04-24 21:37:00,40.747765,-73.98296,0,0,Turning Improperly,4410043,19.7,6.0,0.0,0.0,0.0,0.0,3,26.7,49.3,232,Overcast,0,0,
5235,2021-04-24 12:03:00,40.87341,-73.87589,0,0,Driver Inattention/Distraction,4410479,19.7,6.0,0.0,0.0,0.0,0.0,3,26.7,49.3,232,Overcast,0,0,
5236,2021-04-24 09:20:00,40.84525,-73.91499,1,0,Driver Inattention/Distraction,4410570,19.7,6.0,0.0,0.0,0.0,0.0,3,26.7,49.3,232,Overcast,1,1,
5237,2021-04-23 17:00:00,40.69068,-73.85306,0,0,Backing Unsafely,4410593,15.5,2.0,0.0,0.0,0.0,0.0,3,28.7,57.2,273,Overcast,0,0,
5238,2021-04-24 19:33:00,40.772434,-73.79997,0,0,Failure to Yield Right-of-Way,4410012,19.7,6.0,0.0,0.0,0.0,0.0,3,26.7,49.3,232,Overcast,0,0,
5239,2021-04-24 10:27:00,40.828114,-73.93107,0,0,Following Too Closely,4409984,19.7,6.0,0.0,0.0,0.0,0.0,3,26.7,49.3,232,Overcast,0,0,
5240,2021-04-22 10:45:00,40.69469,-73.99117,0,0,Passing or Lane Usage Improper,4410808,7.9,1.3,0.0,0.0,0.0,0.0,3,34.0,64.4,289,Overcast,0,0,
5241,2021-04-24 12:36:00,40.716812,-73.99777,0,0,Driver Inattention/Distraction,4410867,19.7,6.0,0.0,0.0,0.0,0.0,3,26.7,49.3,232,Overcast,0,0,
5242,2021-04-24 08:00:00,40.791527,-73.84176,1,0,Failure to Yield Right-of-Way,4410007,19.7,6.0,0.0,0.0,0.0,0.0,3,26.7,49.3,232,Overcast,1,1,
5243,2021-04-24 14:50:00,40.73145,-73.89581,0,0,Unspecified,4409985,19.7,6.0,0.0,0.0,0.0,0.0,3,26.7,49.3,232,Overcast,0,0,
5244,2021-04-22 08:13:00,40.634045,-74.013245,0,0,Passing or Lane Usage Improper,4410713,7.9,1.3,0.0,0.0,0.0,0.0,3,34.0,64.4,289,Overcast,0,0,
5245,2021-04-24 22:00:00,40.75184,-73.94806,1,0,Fell Asleep,4410028,19.7,6.0,0.0,0.0,0.0,0.0,3,26.7,49.3,232,Overcast,1,1,
5246,2021-04-24 06:46:00,40.688004,-73.7569,0,0,Driver Inattention/Distraction,4409955,19.7,6.0,0.0,0.0,0.0,0.0,3,26.7,49.3,232,Overcast,0,0,
5247,2021-04-23 13:31:00,40.8324,-73.870384,0,0,Driver Inattention/Distraction,4410592,15.5,2.0,0.0,0.0,0.0,0.0,3,28.7,57.2,273,Overcast,0,0,
5248,2021-04-24 19:10:00,40.847427,-73.931404,0,0,Unsafe Lane Changing,4410284,19.7,6.0,0.0,0.0,0.0,0.0,3,26.7,49.3,232,Overcast,0,0,
5249,2021-04-24 08:00:00,40.672848,-73.9675,0,0,Unsafe Speed,4410321,19.7,6.0,0.0,0.0,0.0,0.0,3,26.7,49.3,232,Overcast,0,0,
5250,2021-04-23 16:30:00,40.790417,-73.95184,0,0,Driver Inexperience,4410610,15.5,2.0,0.0,0.0,0.0,0.0,3,28.7,57.2,273,Overcast,0,0,
5251,2021-04-24 23:39:00,40.806164,-73.909134,0,0,Unspecified,4410490,19.7,6.0,0.0,0.0,0.0,0.0,3,26.7,49.3,232,Overcast,0,0,
5252,2021-04-24 01:23:00,40.824432,-73.873604,1,0,Driver Inattention/Distraction,4410598,19.7,6.0,0.0,0.0,0.0,0.0,3,26.7,49.3,232,Overcast,1,1,
5253,2021-04-24 13:45:00,40.72225,-74.00592,0,0,Failure to Yield Right-of-Way,4409974,19.7,6.0,0.0,0.0,0.0,0.0,3,26.7,49.3,232,Overcast,0,0,
5254,2021-04-24 14:35:00,40.822468,-73.891754,1,0,Unspecified,4410018,19.7,6.0,0.0,0.0,0.0,0.0,3,26.7,49.3,232,Overcast,1,1,
5255,2021-04-24 12:23:00,40.89711,-73.88008,2,0,Unspecified,4410218,19.7,6.0,0.0,0.0,0.0,0.0,3,26.7,49.3,232,Overcast,2,2,
5256,2021-04-22 22:00:00,40.683228,-73.907135,0,0,Unspecified,4410785,7.9,1.3,0.0,0.0,0.0,0.0,3,34.0,64.4,289,Overcast,0,0,
5257,2021-04-24 20:34:00,40.616104,-73.97745,0,0,Driver Inattention/Distraction,4410473,19.7,6.0,0.0,0.0,0.0,0.0,3,26.7,49.3,232,Overcast,0,0,
5258,2021-04-23 14:58:00,40.65136,-73.86971,0,0,Failure to Yield Right-of-Way,4410661,15.5,2.0,0.0,0.0,0.0,0.0,3,28.7,57.2,273,Overcast,0,0,
5259,2021-04-24 14:15:00,40.680042,-74.007065,0,0,Unspecified,4410811,19.7,6.0,0.0,0.0,0.0,0.0,3,26.7,49.3,232,Overcast,0,0,
5260,2021-04-24 09:10:00,40.85162,-73.82653,0,0,Unspecified,4410053,19.7,6.0,0.0,0.0,0.0,0.0,3,26.7,49.3,232,Overcast,0,0,
5261,2021-04-24 16:45:00,40.70323,-74.01243,0,0,Driver Inattention/Distraction,4410143,19.7,6.0,0.0,0.0,0.0,0.0,3,26.7,49.3,232,Overcast,0,0,
5262,2021-04-19 14:53:00,40.5751,-73.998566,1,0,Driver Inattention/Distraction,4410729,16.9,5.0,0.0,0.0,0.0,0.0,3,14.7,31.0,214,Overcast,1,1,
5263,2021-04-24 09:32:00,40.64571,-73.91206,0,0,Unsafe Speed,4409991,19.7,6.0,0.0,0.0,0.0,0.0,3,26.7,49.3,232,Overcast,0,0,
5264,2021-04-24 20:55:00,40.662014,-73.886826,1,0,Failure to Yield Right-of-Way,4410638,19.7,6.0,0.0,0.0,0.0,0.0,3,26.7,49.3,232,Overcast,1,1,
5265,2021-04-24 06:45:00,40.775562,-73.95035,1,0,Driver Inattention/Distraction,4410521,19.7,6.0,0.0,0.0,0.0,0.0,3,26.7,49.3,232,Overcast,1,1,
5266,2021-04-24 03:30:00,40.67059,-73.876114,4,0,Failure to Yield Right-of-Way,4410583,19.7,6.0,0.0,0.0,0.0,0.0,3,26.7,49.3,232,Overcast,4,4,
5267,2021-04-24 18:35:00,40.797943,-73.94003,0,0,Failure to Yield Right-of-Way,4410631,19.7,6.0,0.0,0.0,0.0,0.0,3,26.7,49.3,232,Overcast,0,0,
5268,2021-12-16 17:30:00,40.561584,-74.13397,1,0,Driver Inattention/Distraction,4487468,14.6,9.9,0.0,0.0,0.0,0.0,3,22.4,38.5,222,Overcast,1,1,
5269,2021-04-24 02:45:00,40.86241,-73.9225,0,0,Driver Inattention/Distraction,4410262,19.7,6.0,0.0,0.0,0.0,0.0,3,26.7,49.3,232,Overcast,0,0,
5270,2021-04-21 11:30:00,40.637104,-73.99106,0,0,Driver Inattention/Distraction,4410679,18.2,3.7,3.7,3.7,0.0,3.0,63,29.9,59.0,256,Rain: Moderate,0,0,
5271,2021-04-24 23:30:00,40.846157,-73.86726,0,0,Driver Inattention/Distraction,4410311,19.7,6.0,0.0,0.0,0.0,0.0,3,26.7,49.3,232,Overcast,0,0,
5272,2021-04-24 21:17:00,40.67846,-73.782455,0,0,Unspecified,4410167,19.7,6.0,0.0,0.0,0.0,0.0,3,26.7,49.3,232,Overcast,0,0,
5273,2021-04-24 19:35:00,40.60683,-73.9647,0,0,Unspecified,4410454,19.7,6.0,0.0,0.0,0.0,0.0,3,26.7,49.3,232,Overcast,0,0,
5274,2021-04-21 17:00:00,40.666878,-73.901276,0,0,Failure to Yield Right-of-Way,4410648,18.2,3.7,3.7,3.7,0.0,3.0,63,29.9,59.0,256,Rain: Moderate,0,0,
5275,2021-04-24 14:35:00,0.0,0.0,0,0,Passing Too Closely,4410841,19.7,6.0,0.0,0.0,0.0,0.0,3,26.7,49.3,232,Overcast,0,0,
5276,2021-04-24 21:00:00,40.746235,-73.89895,0,0,Unspecified,4410358,19.7,6.0,0.0,0.0,0.0,0.0,3,26.7,49.3,232,Overcast,0,0,
5277,2021-04-24 04:45:00,40.897625,-73.85625,0,0,Driver Inattention/Distraction,4410209,19.7,6.0,0.0,0.0,0.0,0.0,3,26.7,49.3,232,Overcast,0,0,
5278,2021-04-24 18:20:00,40.645245,-74.003006,1,0,Failure to Yield Right-of-Way,4410374,19.7,6.0,0.0,0.0,0.0,0.0,3,26.7,49.3,232,Overcast,1,1,
5279,2021-04-24 17:00:00,40.76417,-73.83967,0,0,Driver Inattention/Distraction,4410300,19.7,6.0,0.0,0.0,0.0,0.0,3,26.7,49.3,232,Overcast,0,0,
5280,2021-04-24 15:00:00,40.6656,-73.9588,0,0,Driver Inattention/Distraction,4410686,19.7,6.0,0.0,0.0,0.0,0.0,3,26.7,49.3,232,Overcast,0,0,
5281,2021-04-24 00:30:00,40.60594,-73.97929,0,0,Driver Inattention/Distraction,4409905,19.7,6.0,0.0,0.0,0.0,0.0,3,26.7,49.3,232,Overcast,0,0,
5282,2021-04-24 07:40:00,40.862682,-73.83895,0,0,Failure to Yield Right-of-Way,4410737,19.7,6.0,0.0,0.0,0.0,0.0,3,26.7,49.3,232,Overcast,0,0,
5283,2021-04-24 07:23:00,40.831993,-73.90541,0,0,Unspecified,4410131,19.7,6.0,0.0,0.0,0.0,0.0,3,26.7,49.3,232,Overcast,0,0,
5284,2021-04-23 19:25:00,40.806175,-73.935745,0,0,Following Too Closely,4410626,15.5,2.0,0.0,0.0,0.0,0.0,3,28.7,57.2,273,Overcast,0,0,
5285,2021-04-23 09:06:00,40.681503,-73.974236,0,0,Unspecified,4410840,15.5,2.0,0.0,0.0,0.0,0.0,3,28.7,57.2,273,Overcast,0,0,
5286,2021-04-22 21:00:00,40.665947,-73.95089,0,0,Backing Unsafely,4410671,7.9,1.3,0.0,0.0,0.0,0.0,3,34.0,64.4,289,Overcast,0,0,
5287,2021-04-24 03:52:00,40.70557,-73.73908,0,0,Other Vehicular,4409926,19.7,6.0,0.0,0.0,0.0,0.0,3,26.7,49.3,232,Overcast,0,0,
5288,2021-04-05 13:30:00,40.822834,-73.941925,1,0,Unspecified,4410693,18.0,5.6,0.0,0.0,0.0,0.0,2,25.7,49.0,313,Partly cloudy,1,1,
5289,2021-04-24 21:23:00,40.836597,-73.840546,0,0,Unspecified,4410060,19.7,6.0,0.0,0.0,0.0,0.0,3,26.7,49.3,232,Overcast,0,0,
5290,2021-04-24 13:00:00,40.71702,-73.830505,0,0,Unspecified,4410304,19.7,6.0,0.0,0.0,0.0,0.0,3,26.7,49.3,232,Overcast,0,0,
5291,2021-04-06 08:35:00,40.726162,-73.7991,0,0,Unspecified,4410748,18.3,4.8,0.0,0.0,0.0,0.0,1,21.9,38.9,319,Mainly clear,0,0,Sunny/Clear Conditions
5292,2021-04-24 17:45:00,40.843063,-73.90954,0,0,Backing Unsafely,4410179,19.7,6.0,0.0,0.0,0.0,0.0,3,26.7,49.3,232,Overcast,0,0,
5293,2021-04-23 15:45:00,40.810173,-73.937416,1,0,Driver Inexperience,4410621,15.5,2.0,0.0,0.0,0.0,0.0,3,28.7,57.2,273,Overcast,1,1,
5294,2021-04-23 12:10:00,40.67871,-73.86701,0,0,Driver Inattention/Distraction,4410647,15.5,2.0,0.0,0.0,0.0,0.0,3,28.7,57.2,273,Overcast,0,0,
5295,2021-04-24 12:20:00,40.56025,-74.16974,0,0,Failure to Yield Right-of-Way,4410254,19.7,6.0,0.0,0.0,0.0,0.0,3,26.7,49.3,232,Overcast,0,0,
5296,2021-02-18 13:49:00,40.80861,-73.965294,0,0,Unspecified,4410728,-2.6,-4.7,12.6,0.0,8.82,14.0,75,19.3,36.0,31,Snow fall: Heavy,0,0,Snowy Conditions
5297,2021-12-15 18:25:00,40.714207,-73.92817,0,0,Driver Inattention/Distraction,4486835,10.3,1.8,1.0,1.0,0.0,6.0,51,20.6,38.2,104,Drizzle: Light,0,0,
5298,2021-04-24 17:40:00,40.722095,-73.77772,0,0,Driver Inattention/Distraction,4409989,19.7,6.0,0.0,0.0,0.0,0.0,3,26.7,49.3,232,Overcast,0,0,
5299,2021-04-24 05:20:00,40.766434,-73.83767,1,0,Unsafe Speed,4410008,19.7,6.0,0.0,0.0,0.0,0.0,3,26.7,49.3,232,Overcast,1,1,
5300,2021-04-24 20:30:00,40.76325,-73.96675,0,0,Backing Unsafely,4410503,19.7,6.0,0.0,0.0,0.0,0.0,3,26.7,49.3,232,Overcast,0,0,
5301,2021-04-17 11:55:00,40.72443,-73.989136,0,0,Other Vehicular,4410854,11.8,4.9,0.3,0.3,0.0,2.0,51,17.1,32.4,313,Drizzle: Light,0,0,
5302,2021-04-24 17:33:00,40.825226,-73.91028,0,0,Other Vehicular,4410109,19.7,6.0,0.0,0.0,0.0,0.0,3,26.7,49.3,232,Overcast,0,0,
5303,2021-04-20 00:00:00,40.82642,-73.88251,0,0,Unspecified,4410602,21.4,6.5,0.0,0.0,0.0,0.0,3,26.0,56.2,223,Overcast,0,0,
5304,2021-04-23 17:44:00,40.751904,-73.883514,0,0,Backing Unsafely,4410760,15.5,2.0,0.0,0.0,0.0,0.0,3,28.7,57.2,273,Overcast,0,0,
5305,2021-04-24 15:40:00,40.59359,-73.99613,0,0,Following Too Closely,4409976,19.7,6.0,0.0,0.0,0.0,0.0,3,26.7,49.3,232,Overcast,0,0,
5306,2021-04-24 18:23:00,40.753265,-73.985245,0,0,Following Too Closely,4410390,19.7,6.0,0.0,0.0,0.0,0.0,3,26.7,49.3,232,Overcast,0,0,
5307,2021-04-24 11:00:00,40.70742,-73.94221,0,0,Passing Too Closely,4410527,19.7,6.0,0.0,0.0,0.0,0.0,3,26.7,49.3,232,Overcast,0,0,
5308,2021-04-24 00:26:00,40.653793,-74.008095,0,0,Following Too Closely,4409999,19.7,6.0,0.0,0.0,0.0,0.0,3,26.7,49.3,232,Overcast,0,0,
5309,2021-04-24 17:30:00,40.870705,-73.84106,1,0,View Obstructed/Limited,4410215,19.7,6.0,0.0,0.0,0.0,0.0,3,26.7,49.3,232,Overcast,1,1,
5310,2021-04-24 10:20:00,40.659832,-73.897606,1,0,Unsafe Speed,4410662,19.7,6.0,0.0,0.0,0.0,0.0,3,26.7,49.3,232,Overcast,1,1,
5311,2021-04-24 03:00:00,40.821815,-73.94266,1,0,Driver Inattention/Distraction,4410697,19.7,6.0,0.0,0.0,0.0,0.0,3,26.7,49.3,232,Overcast,1,1,
5312,2021-04-23 23:20:00,40.794758,-73.94235,0,0,Following Too Closely,4410614,15.5,2.0,0.0,0.0,0.0,0.0,3,28.7,57.2,273,Overcast,0,0,