,CRASH DATETIME,LATITUDE,LONGITUDE,NUMBER OF PERSONS INJURED,NUMBER OF PERSONS KILLED,CONTRIBUTING FACTOR VEHICLE 1,COLLISION_ID,temperature_2m_max,temperature_2m_min,precipitation_sum,rain_sum,snowfall_sum,precipitation_hours,weather_code,wind_speed_10m_max,wind_gusts_10m_max,wind_direction_10m_dominant,Weather Description,Severity_Score,Total_Affected_Persons,Weather_Category
5313,2021-04-24 09:50:00,40.676495,-73.913704,0,0,Other Vehicular,4410076,19.7,6.0,0.0,0.0,0.0,0.0,3,26.7,49.3,232,Overcast,0,0,
5314,2021-04-24 23:37:00,40.683804,-73.833534,0,0,Driver Inattention/Distraction,4410244,19.7,6.0,0.0,0.0,0.0,0.0,3,26.7,49.3,232,Overcast,0,0,
5315,2021-04-24 15:35:00,40.699436,-73.91229,0,0,Oversized Vehicle,4410790,19.7,6.0,0.0,0.0,0.0,0.0,3,26.7,49.3,232,Overcast,0,0,
5316,2021-04-24 08:57:00,40.71198,-73.86059,1,0,Following Too Closely,4409944,19.7,6.0,0.0,0.0,0.0,0.0,3,26.7,49.3,232,Overcast,1,1,
5317,2021-04-23 15:44:00,40.835915,-73.8731,1,0,Unsafe Lane Changing,4410597,15.5,2.0,0.0,0.0,0.0,0.0,3,28.7,57.2,273,Overcast,1,1,
5318,2021-04-24 22:50:00,40.693314,-73.74009,1,0,Traffic Control Disregarded,4410032,19.7,6.0,0.0,0.0,0.0,0.0,3,26.7,49.3,232,Overcast,1,1,
5319,2021-04-24 16:00:00,40.753113,-73.86,1,0,Driver Inexperience,4410548,19.7,6.0,0.0,0.0,0.0,0.0,3,26.7,49.3,232,Overcast,1,1,
5320,2021-04-24 07:30:00,40.836018,-73.9243,0,0,Unspecified,4410425,19.7,6.0,0.0,0.0,0.0,0.0,3,26.7,49.3,232,Overcast,0,0,
5321,2021-04-24 16:35:00,40.689358,-73.9821,0,0,Driver Inattention/Distraction,4410281,19.7,6.0,0.0,0.0,0.0,0.0,3,26.7,49.3,232,Overcast,0,0,
5322,2021-04-23 13:40:00,40.74906,-73.89083,1,0,Other Vehicular,4410712,15.5,2.0,0.0,0.0,0.0,0.0,3,28.7,57.2,273,Overcast,1,1,
5323,2021-04-24 23:10:00,40.67187,-73.95464,0,0,Passing Too Closely,4410319,19.7,6.0,0.0,0.0,0.0,0.0,3,26.7,49.3,232,Overcast,0,0,
5324,2021-04-24 20:36:00,40.685497,-73.86978,0,0,Passing Too Closely,4410652,19.7,6.0,0.0,0.0,0.0,0.0,3,26.7,49.3,232,Overcast,0,0,
5325,2021-04-24 18:00:00,40.83047,-73.90391,1,0,Unspecified,4410137,19.7,6.0,0.0,0.0,0.0,0.0,3,26.7,49.3,232,Overcast,1,1,
5326,2021-04-24 21:30:00,40.82371,-73.879,0,0,Unspecified,4410603,19.7,6.0,0.0,0.0,0.0,0.0,3,26.7,49.3,232,Overcast,0,0,
5327,2021-04-09 09:40:00,40.659355,-73.951454,0,0,Driver Inattention/Distraction,4410633,13.4,5.7,0.0,0.0,0.0,0.0,3,15.7,33.8,146,Overcast,0,0,
5328,2021-04-24 14:00:00,40.669395,-73.80771,2,0,Failure to Yield Right-of-Way,4410243,19.7,6.0,0.0,0.0,0.0,0.0,3,26.7,49.3,232,Overcast,2,2,
5329,2021-04-24 15:00:00,40.607765,-74.13169,0,0,Driver Inattention/Distraction,4410338,19.7,6.0,0.0,0.0,0.0,0.0,3,26.7,49.3,232,Overcast,0,0,
5330,2021-04-24 17:00:00,40.744846,-73.835686,0,0,Passing or Lane Usage Improper,4410011,19.7,6.0,0.0,0.0,0.0,0.0,3,26.7,49.3,232,Overcast,0,0,
5331,2021-04-24 17:00:00,40.689583,-73.972145,1,0,Driver Inattention/Distraction,4410379,19.7,6.0,0.0,0.0,0.0,0.0,3,26.7,49.3,232,Overcast,1,1,
5332,2021-04-24 20:00:00,40.83613,-73.88987,0,0,Unspecified,4410128,19.7,6.0,0.0,0.0,0.0,0.0,3,26.7,49.3,232,Overcast,0,0,
5333,2021-12-17 20:10:00,40.578938,-73.98522,0,0,Driver Inattention/Distraction,4487742,13.9,6.1,0.0,0.0,0.0,0.0,3,21.5,37.1,265,Overcast,0,0,
5334,2021-04-24 02:52:00,40.748466,-73.99247,0,0,Failure to Yield Right-of-Way,4410261,19.7,6.0,0.0,0.0,0.0,0.0,3,26.7,49.3,232,Overcast,0,0,
5335,2021-04-19 23:00:00,40.813232,-73.90908,0,0,Driver Inattention/Distraction,4410687,16.9,5.0,0.0,0.0,0.0,0.0,3,14.7,31.0,214,Overcast,0,0,
5336,2021-04-24 05:15:00,40.757355,-73.73887,0,0,Following Too Closely,4409911,19.7,6.0,0.0,0.0,0.0,0.0,3,26.7,49.3,232,Overcast,0,0,
5337,2021-04-23 17:53:00,40.74184,-74.001564,0,0,Passing or Lane Usage Improper,4410738,15.5,2.0,0.0,0.0,0.0,0.0,3,28.7,57.2,273,Overcast,0,0,
5338,2021-04-24 11:30:00,40.833942,-73.876205,1,0,Unspecified,4410625,19.7,6.0,0.0,0.0,0.0,0.0,3,26.7,49.3,232,Overcast,1,1,
5339,2021-04-19 10:05:00,40.724136,-73.992615,2,0,Other Vehicular,4410855,16.9,5.0,0.0,0.0,0.0,0.0,3,14.7,31.0,214,Overcast,2,2,
5340,2021-04-24 00:20:00,40.89042,-73.855644,2,0,Driver Inattention/Distraction,4410528,19.7,6.0,0.0,0.0,0.0,0.0,3,26.7,49.3,232,Overcast,2,2,
5341,2021-04-24 17:10:00,40.726406,-73.908485,0,0,Driver Inattention/Distraction,4409997,19.7,6.0,0.0,0.0,0.0,0.0,3,26.7,49.3,232,Overcast,0,0,
5342,2021-04-24 17:04:00,40.693172,-73.97086,0,0,Driver Inattention/Distraction,4410001,19.7,6.0,0.0,0.0,0.0,0.0,3,26.7,49.3,232,Overcast,0,0,
5343,2021-04-24 19:15:00,40.870346,-73.9044,1,0,Unspecified,4410461,19.7,6.0,0.0,0.0,0.0,0.0,3,26.7,49.3,232,Overcast,1,1,
5344,2021-04-22 18:45:00,40.685795,-73.911644,1,0,Unspecified,4410733,7.9,1.3,0.0,0.0,0.0,0.0,3,34.0,64.4,289,Overcast,1,1,
5345,2021-04-24 20:55:00,40.57981,-73.837204,0,0,Unspecified,4410016,19.7,6.0,0.0,0.0,0.0,0.0,3,26.7,49.3,232,Overcast,0,0,
5346,2021-04-24 20:21:00,40.8514,-73.90606,0,0,Failure to Keep Right,4410505,19.7,6.0,0.0,0.0,0.0,0.0,3,26.7,49.3,232,Overcast,0,0,
5347,2021-03-19 07:10:00,0.0,0.0,1,0,Unspecified,4410768,5.4,-2.6,3.2,2.6,0.42,5.0,73,33.8,63.0,7,Snow fall: Moderate,1,1,Snowy Conditions
5348,2021-04-24 19:51:00,40.6742,-73.99984,0,0,Unspecified,4410073,19.7,6.0,0.0,0.0,0.0,0.0,3,26.7,49.3,232,Overcast,0,0,
5349,2021-03-15 14:22:00,40.67657,-73.94431,6,0,Traffic Control Disregarded,4410586,2.7,-6.0,0.0,0.0,0.0,0.0,3,32.5,60.1,327,Overcast,6,6,
5350,2021-12-15 22:30:00,40.700874,-73.794395,0,0,Driver Inexperience,4487058,10.3,1.8,1.0,1.0,0.0,6.0,51,20.6,38.2,104,Drizzle: Light,0,0,
5351,2021-04-24 14:00:00,40.76213,-73.870125,1,0,Driver Inattention/Distraction,4409971,19.7,6.0,0.0,0.0,0.0,0.0,3,26.7,49.3,232,Overcast,1,1,
5352,2021-04-24 10:00:00,40.82943,-73.94196,0,0,Passing Too Closely,4410463,19.7,6.0,0.0,0.0,0.0,0.0,3,26.7,49.3,232,Overcast,0,0,
5353,2021-04-23 00:10:00,40.8452,-73.916885,0,0,Unsafe Lane Changing,4410578,15.5,2.0,0.0,0.0,0.0,0.0,3,28.7,57.2,273,Overcast,0,0,
5354,2021-04-19 20:20:00,40.79554,-73.9481,0,0,Traffic Control Disregarded,4410600,16.9,5.0,0.0,0.0,0.0,0.0,3,14.7,31.0,214,Overcast,0,0,
5355,2021-04-24 12:00:00,40.601654,-74.01087,0,0,Unspecified,4409977,19.7,6.0,0.0,0.0,0.0,0.0,3,26.7,49.3,232,Overcast,0,0,
5356,2021-04-24 18:53:00,40.71352,-73.814865,1,0,Driver Inattention/Distraction,4410015,19.7,6.0,0.0,0.0,0.0,0.0,3,26.7,49.3,232,Overcast,1,1,
5357,2021-04-24 21:24:00,40.700546,-73.917076,0,0,Following Too Closely,4410791,19.7,6.0,0.0,0.0,0.0,0.0,3,26.7,49.3,232,Overcast,0,0,
5358,2021-04-20 02:29:00,40.662174,-73.953705,0,0,Alcohol Involvement,4410820,21.4,6.5,0.0,0.0,0.0,0.0,3,26.0,56.2,223,Overcast,0,0,
5359,2021-04-24 12:24:00,40.882595,-73.826775,0,0,Unspecified,4410059,19.7,6.0,0.0,0.0,0.0,0.0,3,26.7,49.3,232,Overcast,0,0,
5360,2021-04-24 20:00:00,40.853115,-73.927246,1,0,Driver Inattention/Distraction,4410305,19.7,6.0,0.0,0.0,0.0,0.0,3,26.7,49.3,232,Overcast,1,1,
5361,2021-04-24 15:00:00,40.710762,-73.7461,1,0,Driver Inexperience,4410775,19.7,6.0,0.0,0.0,0.0,0.0,3,26.7,49.3,232,Overcast,1,1,
5362,2021-04-24 09:20:00,40.8014,-73.94819,0,0,Unspecified,4410624,19.7,6.0,0.0,0.0,0.0,0.0,3,26.7,49.3,232,Overcast,0,0,
5363,2021-04-20 10:30:00,40.733738,-73.95485,1,0,View Obstructed/Limited,4410719,21.4,6.5,0.0,0.0,0.0,0.0,3,26.0,56.2,223,Overcast,1,1,
5364,2021-04-24 16:30:00,40.71572,-73.825745,0,0,Passing or Lane Usage Improper,4409988,19.7,6.0,0.0,0.0,0.0,0.0,3,26.7,49.3,232,Overcast,0,0,
5365,2021-04-24 01:02:00,40.823128,-73.90925,0,0,Following Too Closely,4410117,19.7,6.0,0.0,0.0,0.0,0.0,3,26.7,49.3,232,Overcast,0,0,
5366,2021-04-24 10:30:00,40.6745,-73.74142,0,0,Failure to Yield Right-of-Way,4409952,19.7,6.0,0.0,0.0,0.0,0.0,3,26.7,49.3,232,Overcast,0,0,
5367,2021-04-24 06:00:00,40.75548,-73.74173,1,0,Driver Inattention/Distraction,4410036,19.7,6.0,0.0,0.0,0.0,0.0,3,26.7,49.3,232,Overcast,1,1,
5368,2021-04-24 12:30:00,40.590252,-73.959564,0,0,Driver Inattention/Distraction,4410446,19.7,6.0,0.0,0.0,0.0,0.0,3,26.7,49.3,232,Overcast,0,0,
5369,2021-04-24 21:00:00,40.720722,-73.98325,0,0,Unspecified,4410023,19.7,6.0,0.0,0.0,0.0,0.0,3,26.7,49.3,232,Overcast,0,0,
5370,2021-04-22 13:25:00,40.659496,-73.96057,0,0,Unspecified,4410676,7.9,1.3,0.0,0.0,0.0,0.0,3,34.0,64.4,289,Overcast,0,0,
5371,2021-04-24 21:50:00,40.81792,-73.949745,0,0,Driver Inexperience,4410187,19.7,6.0,0.0,0.0,0.0,0.0,3,26.7,49.3,232,Overcast,0,0,
5372,2021-04-24 17:40:00,40.77887,-73.943245,1,0,Unsafe Speed,4410502,19.7,6.0,0.0,0.0,0.0,0.0,3,26.7,49.3,232,Overcast,1,1,
5373,2021-04-22 08:20:00,40.78717,-73.94999,0,0,Lost Consciousness,4410596,7.9,1.3,0.0,0.0,0.0,0.0,3,34.0,64.4,289,Overcast,0,0,
5374,2021-04-24 16:42:00,40.8617,-73.89139,0,0,Unsafe Lane Changing,4410563,19.7,6.0,0.0,0.0,0.0,0.0,3,26.7,49.3,232,Overcast,0,0,
5375,2021-11-26 02:37:00,40.820972,-73.88896,0,0,Unspecified,4487957,7.6,1.6,8.4,8.4,0.0,11.0,61,28.7,53.6,279,Rain: Light,0,0,
5376,2021-04-24 14:00:00,40.761143,-73.838905,0,0,Driver Inattention/Distraction,4410297,19.7,6.0,0.0,0.0,0.0,0.0,3,26.7,49.3,232,Overcast,0,0,
5377,2021-12-16 14:05:00,40.83511,-73.82683,1,0,Unspecified,4487162,14.6,9.9,0.0,0.0,0.0,0.0,3,22.4,38.5,222,Overcast,1,1,
5378,2021-04-24 12:58:00,40.64663,-73.95566,1,0,Driver Inattention/Distraction,4410753,19.7,6.0,0.0,0.0,0.0,0.0,3,26.7,49.3,232,Overcast,1,1,
5379,2021-04-24 14:50:00,40.74607,-73.71855,0,0,Unspecified,4410148,19.7,6.0,0.0,0.0,0.0,0.0,3,26.7,49.3,232,Overcast,0,0,
5380,2021-04-23 11:30:00,40.673283,-73.89046,0,0,Following Too Closely,4410666,15.5,2.0,0.0,0.0,0.0,0.0,3,28.7,57.2,273,Overcast,0,0,
5381,2021-04-24 19:31:00,40.610508,-74.09576,0,0,Alcohol Involvement,4410135,19.7,6.0,0.0,0.0,0.0,0.0,3,26.7,49.3,232,Overcast,0,0,
5382,2021-04-24 01:43:00,40.813175,-73.89845,0,0,Unspecified,4409927,19.7,6.0,0.0,0.0,0.0,0.0,3,26.7,49.3,232,Overcast,0,0,
5383,2021-12-15 11:40:00,40.665073,-73.9274,2,0,Driver Inattention/Distraction,4486953,10.3,1.8,1.0,1.0,0.0,6.0,51,20.6,38.2,104,Drizzle: Light,2,2,
5384,2021-04-24 00:10:00,40.764626,-73.810745,1,0,Driver Inattention/Distraction,4410009,19.7,6.0,0.0,0.0,0.0,0.0,3,26.7,49.3,232,Overcast,1,1,
5385,2021-04-24 22:00:00,40.66484,-73.82229,0,0,Unspecified,4410245,19.7,6.0,0.0,0.0,0.0,0.0,3,26.7,49.3,232,Overcast,0,0,
5386,2021-04-06 20:49:00,40.729736,-73.833725,0,0,Reaction to Uninvolved Vehicle,4410749,18.3,4.8,0.0,0.0,0.0,0.0,1,21.9,38.9,319,Mainly clear,0,0,Sunny/Clear Conditions
5387,2021-04-23 07:33:00,40.802696,-73.949196,0,0,Driver Inattention/Distraction,4410628,15.5,2.0,0.0,0.0,0.0,0.0,3,28.7,57.2,273,Overcast,0,0,
5388,2021-04-24 13:20:00,40.54315,-74.17378,1,0,Unspecified,4410255,19.7,6.0,0.0,0.0,0.0,0.0,3,26.7,49.3,232,Overcast,1,1,
5389,2021-04-24 20:30:00,40.63574,-73.90853,0,0,Unspecified,4410417,19.7,6.0,0.0,0.0,0.0,0.0,3,26.7,49.3,232,Overcast,0,0,
5390,2021-04-15 20:22:00,40.666878,-73.94522,1,0,Failure to Yield Right-of-Way,4410635,12.9,7.7,15.9,15.9,0.0,15.0,63,17.3,32.0,166,Rain: Moderate,1,1,
5391,2021-04-24 14:40:00,40.871254,-73.84355,0,0,Passing or Lane Usage Improper,4410212,19.7,6.0,0.0,0.0,0.0,0.0,3,26.7,49.3,232,Overcast,0,0,
5392,2021-04-24 14:00:00,40.644142,-73.957924,0,0,Unspecified,4410078,19.7,6.0,0.0,0.0,0.0,0.0,3,26.7,49.3,232,Overcast,0,0,
5393,2021-04-22 19:30:00,40.65626,-73.950165,1,0,Driver Inattention/Distraction,4410682,7.9,1.3,0.0,0.0,0.0,0.0,3,34.0,64.4,289,Overcast,1,1,
5394,2021-04-24 23:00:00,40.822834,-73.941925,2,0,Aggressive Driving/Road Rage,4410696,19.7,6.0,0.0,0.0,0.0,0.0,3,26.7,49.3,232,Overcast,2,2,
5395,2021-04-24 17:15:00,40.806587,-73.91041,1,0,Driver Inexperience,4410485,19.7,6.0,0.0,0.0,0.0,0.0,3,26.7,49.3,232,Overcast,1,1,
5396,2021-04-23 19:55:00,40.67809,-73.8842,2,0,Failure to Yield Right-of-Way,4410618,15.5,2.0,0.0,0.0,0.0,0.0,3,28.7,57.2,273,Overcast,2,2,
5397,2021-04-24 16:15:00,40.86258,-73.925385,1,0,Driver Inattention/Distraction,4410277,19.7,6.0,0.0,0.0,0.0,0.0,3,26.7,49.3,232,Overcast,1,1,
5398,2021-04-24 03:21:00,40.655334,-73.93077,1,0,Driver Inattention/Distraction,4410346,19.7,6.0,0.0,0.0,0.0,0.0,3,26.7,49.3,232,Overcast,1,1,
5399,2021-04-24 17:40:00,40.743263,-73.91964,0,0,Driver Inattention/Distraction,4410765,19.7,6.0,0.0,0.0,0.0,0.0,3,26.7,49.3,232,Overcast,0,0,
5400,2021-04-24 11:15:00,40.67816,-73.897484,0,0,Unspecified,4410650,19.7,6.0,0.0,0.0,0.0,0.0,3,26.7,49.3,232,Overcast,0,0,
5401,2021-04-24 01:25:00,40.820503,-73.8881,0,0,Failure to Yield Right-of-Way,4410380,19.7,6.0,0.0,0.0,0.0,0.0,3,26.7,49.3,232,Overcast,0,0,
5402,2021-04-24 20:08:00,40.84528,-73.9265,0,0,Following Too Closely,4410859,19.7,6.0,0.0,0.0,0.0,0.0,3,26.7,49.3,232,Overcast,0,0,
5403,2021-04-23 18:30:00,40.663776,-73.889915,0,0,Unspecified,4410657,15.5,2.0,0.0,0.0,0.0,0.0,3,28.7,57.2,273,Overcast,0,0,
5404,2021-04-24 04:50:00,40.757355,-73.73887,0,0,Obstruction/Debris,4409912,19.7,6.0,0.0,0.0,0.0,0.0,3,26.7,49.3,232,Overcast,0,0,
5405,2021-03-04 19:40:00,40.67553,-73.96319,0,0,Unspecified,4410739,5.5,-2.7,0.0,0.0,0.0,0.0,3,32.4,61.6,310,Overcast,0,0,
5406,2021-04-23 17:52:00,40.66065,-73.953545,1,0,Unsafe Speed,4410683,15.5,2.0,0.0,0.0,0.0,0.0,3,28.7,57.2,273,Overcast,1,1,
5407,2021-04-24 11:55:00,40.644245,-73.89103,1,0,Unsafe Speed,4410146,19.7,6.0,0.0,0.0,0.0,0.0,3,26.7,49.3,232,Overcast,1,1,
5408,2021-04-24 17:14:00,40.8541,-73.919106,0,0,Driver Inattention/Distraction,4410535,19.7,6.0,0.0,0.0,0.0,0.0,3,26.7,49.3,232,Overcast,0,0,
5409,2021-04-24 18:30:00,40.760063,-73.77523,0,0,Failure to Yield Right-of-Way,4410002,19.7,6.0,0.0,0.0,0.0,0.0,3,26.7,49.3,232,Overcast,0,0,
5410,2021-04-24 21:19:00,40.671852,-73.76436,0,0,Driver Inexperience,4410514,19.7,6.0,0.0,0.0,0.0,0.0,3,26.7,49.3,232,Overcast,0,0,
5411,2021-04-22 11:40:00,40.753624,-73.96944,1,0,Driver Inattention/Distraction,4410707,7.9,1.3,0.0,0.0,0.0,0.0,3,34.0,64.4,289,Overcast,1,1,
5412,2021-04-23 18:05:00,40.661167,-73.87969,0,0,Other Vehicular,4410629,15.5,2.0,0.0,0.0,0.0,0.0,3,28.7,57.2,273,Overcast,0,0,
5413,2021-04-24 07:00:00,40.745285,-73.86911,0,0,Failure to Yield Right-of-Way,4410295,19.7,6.0,0.0,0.0,0.0,0.0,3,26.7,49.3,232,Overcast,0,0,
5414,2021-04-24 16:56:00,40.675213,-73.7378,1,0,Unspecified,4410318,19.7,6.0,0.0,0.0,0.0,0.0,3,26.7,49.3,232,Overcast,1,1,
5415,2021-04-15 12:40:00,40.788692,-73.93787,0,0,Failure to Yield Right-of-Way,4410604,12.9,7.7,15.9,15.9,0.0,15.0,63,17.3,32.0,166,Rain: Moderate,0,0,
5416,2021-04-24 13:24:00,40.606876,-73.94795,1,0,Traffic Control Disregarded,4410448,19.7,6.0,0.0,0.0,0.0,0.0,3,26.7,49.3,232,Overcast,1,1,
5417,2021-04-24 23:30:00,40.81977,-73.93673,0,0,Driver Inattention/Distraction,4410022,19.7,6.0,0.0,0.0,0.0,0.0,3,26.7,49.3,232,Overcast,0,0,
5418,2021-04-24 15:02:00,40.613052,-73.94913,0,0,Driver Inattention/Distraction,4410072,19.7,6.0,0.0,0.0,0.0,0.0,3,26.7,49.3,232,Overcast,0,0,
5419,2021-04-20 16:25:00,40.781063,-73.949425,1,0,Driver Inattention/Distraction,4410849,21.4,6.5,0.0,0.0,0.0,0.0,3,26.0,56.2,223,Overcast,1,1,
5420,2021-04-24 10:15:00,40.69537,-73.76326,0,0,Failure to Yield Right-of-Way,4409972,19.7,6.0,0.0,0.0,0.0,0.0,3,26.7,49.3,232,Overcast,0,0,
5421,2021-04-24 12:30:00,40.692146,-73.919464,0,0,Backing Unsafely,4410781,19.7,6.0,0.0,0.0,0.0,0.0,3,26.7,49.3,232,Overcast,0,0,
5422,2021-04-24 16:00:00,40.633682,-73.976524,0,0,Passing Too Closely,4410467,19.7,6.0,0.0,0.0,0.0,0.0,3,26.7,49.3,232,Overcast,0,0,
5423,2021-04-24 22:05:00,40.666477,-73.808136,3,0,Following Too Closely,4410234,19.7,6.0,0.0,0.0,0.0,0.0,3,26.7,49.3,232,Overcast,3,3,
5424,2021-04-21 11:46:00,40.699993,-73.85391,0,0,Failure to Yield Right-of-Way,4410732,18.2,3.7,3.7,3.7,0.0,3.0,63,29.9,59.0,256,Rain: Moderate,0,0,
5425,2021-04-24 23:20:00,40.655853,-73.910126,0,0,Unspecified,4410096,19.7,6.0,0.0,0.0,0.0,0.0,3,26.7,49.3,232,Overcast,0,0,
5426,2021-04-16 07:05:00,40.792244,-73.94419,0,0,Unsafe Lane Changing,4410619,11.8,3.7,2.9,2.9,0.0,12.0,53,23.5,49.0,307,Drizzle: Moderate,0,0,
5427,2021-04-24 01:07:00,40.668648,-73.92835,2,0,Following Too Closely,4410580,19.7,6.0,0.0,0.0,0.0,0.0,3,26.7,49.3,232,Overcast,2,2,
5428,2021-04-24 07:05:00,40.60372,-73.97671,0,0,Driver Inattention/Distraction,4409962,19.7,6.0,0.0,0.0,0.0,0.0,3,26.7,49.3,232,Overcast,0,0,
5429,2021-04-24 19:47:00,40.636917,-74.152115,1,0,Driver Inexperience,4410335,19.7,6.0,0.0,0.0,0.0,0.0,3,26.7,49.3,232,Overcast,1,1,
5430,2021-04-24 07:00:00,40.74111,-73.89842,3,0,Unsafe Speed,4409994,19.7,6.0,0.0,0.0,0.0,0.0,3,26.7,49.3,232,Overcast,3,3,
5431,2021-04-24 20:52:00,40.87341,-73.87589,0,0,Unspecified,4410484,19.7,6.0,0.0,0.0,0.0,0.0,3,26.7,49.3,232,Overcast,0,0,
5432,2021-04-24 09:49:00,40.692783,-73.74511,0,0,Driver Inattention/Distraction,4409948,19.7,6.0,0.0,0.0,0.0,0.0,3,26.7,49.3,232,Overcast,0,0,
5433,2021-04-24 17:56:00,40.825455,-73.91317,2,0,Unspecified,4410125,19.7,6.0,0.0,0.0,0.0,0.0,3,26.7,49.3,232,Overcast,2,2,
5434,2021-04-24 14:29:00,40.86507,-73.87185,1,0,Driver Inattention/Distraction,4410575,19.7,6.0,0.0,0.0,0.0,0.0,3,26.7,49.3,232,Overcast,1,1,
5435,2021-04-24 07:00:00,40.723347,-73.939316,2,0,Lost Consciousness,4410439,19.7,6.0,0.0,0.0,0.0,0.0,3,26.7,49.3,232,Overcast,2,2,
5436,2021-04-24 13:10:00,40.75383,-73.81841,0,0,Following Too Closely,4410014,19.7,6.0,0.0,0.0,0.0,0.0,3,26.7,49.3,232,Overcast,0,0,
5437,2021-04-24 12:04:00,40.831978,-73.93515,0,0,Reaction to Uninvolved Vehicle,4410695,19.7,6.0,0.0,0.0,0.0,0.0,3,26.7,49.3,232,Overcast,0,0,
5438,2021-04-17 09:33:00,40.667072,-73.93223,0,0,Unspecified,4410669,11.8,4.9,0.3,0.3,0.0,2.0,51,17.1,32.4,313,Drizzle: Light,0,0,
5439,2021-04-24 12:00:00,40.66496,-73.82226,0,0,Passing Too Closely,4410246,19.7,6.0,0.0,0.0,0.0,0.0,3,26.7,49.3,232,Overcast,0,0,
5440,2021-04-24 16:30:00,40.684727,-73.935394,0,0,Driver Inattention/Distraction,4410192,19.7,6.0,0.0,0.0,0.0,0.0,3,26.7,49.3,232,Overcast,0,0,
5441,2021-04-23 22:10:00,40.803974,-73.94608,2,0,Driver Inattention/Distraction,4410623,15.5,2.0,0.0,0.0,0.0,0.0,3,28.7,57.2,273,Overcast,2,2,
5442,2021-04-24 16:20:00,40.521942,-74.23503,1,0,Driver Inattention/Distraction,4410256,19.7,6.0,0.0,0.0,0.0,0.0,3,26.7,49.3,232,Overcast,1,1,
5443,2021-04-24 12:05:00,40.796215,-73.822975,1,0,Turning Improperly,4410010,19.7,6.0,0.0,0.0,0.0,0.0,3,26.7,49.3,232,Overcast,1,1,
5444,2021-04-23 00:50:00,40.723648,-73.99103,1,0,Traffic Control Disregarded,4410878,15.5,2.0,0.0,0.0,0.0,0.0,3,28.7,57.2,273,Overcast,1,1,
5445,2021-04-24 08:30:00,40.721455,-73.77665,0,0,Driver Inattention/Distraction,4409986,19.7,6.0,0.0,0.0,0.0,0.0,3,26.7,49.3,232,Overcast,0,0,
5446,2021-04-24 22:25:00,40.81115,-73.92891,1,0,Backing Unsafely,4410493,19.7,6.0,0.0,0.0,0.0,0.0,3,26.7,49.3,232,Overcast,1,1,
5447,2021-04-22 22:34:00,40.79902,-73.947655,0,0,Turning Improperly,4410594,7.9,1.3,0.0,0.0,0.0,0.0,3,34.0,64.4,289,Overcast,0,0,
5448,2021-04-24 23:40:00,40.752377,-73.97035,1,0,Unspecified,4410040,19.7,6.0,0.0,0.0,0.0,0.0,3,26.7,49.3,232,Overcast,1,1,
5449,2021-04-24 16:45:00,40.734978,-73.8614,0,0,Driver Inattention/Distraction,4410298,19.7,6.0,0.0,0.0,0.0,0.0,3,26.7,49.3,232,Overcast,0,0,
5450,2021-04-24 18:30:00,40.87028,-73.878395,1,0,Following Too Closely,4410561,19.7,6.0,0.0,0.0,0.0,0.0,3,26.7,49.3,232,Overcast,1,1,
5451,2021-04-24 16:00:00,40.82226,-73.911705,0,0,Alcohol Involvement,4409980,19.7,6.0,0.0,0.0,0.0,0.0,3,26.7,49.3,232,Overcast,0,0,
5452,2021-04-24 04:10:00,40.764492,-73.89063,0,0,Driver Inattention/Distraction,4409933,19.7,6.0,0.0,0.0,0.0,0.0,3,26.7,49.3,232,Overcast,0,0,
5453,2021-04-24 16:00:00,40.832493,-73.88955,0,0,Backing Unsafely,4410132,19.7,6.0,0.0,0.0,0.0,0.0,3,26.7,49.3,232,Overcast,0,0,
5454,2021-04-22 16:20:00,40.648464,-74.00683,1,0,Unspecified,4410812,7.9,1.3,0.0,0.0,0.0,0.0,3,34.0,64.4,289,Overcast,1,1,
5455,2021-04-24 19:50:00,40.780136,-73.988266,2,0,Unspecified,4410307,19.7,6.0,0.0,0.0,0.0,0.0,3,26.7,49.3,232,Overcast,2,2,
5456,2021-04-24 10:00:00,40.88671,-73.81529,0,0,Unspecified,4410054,19.7,6.0,0.0,0.0,0.0,0.0,3,26.7,49.3,232,Overcast,0,0,
5457,2021-04-17 12:45:00,40.66336,-73.95975,0,0,Driver Inattention/Distraction,4410675,11.8,4.9,0.3,0.3,0.0,2.0,51,17.1,32.4,313,Drizzle: Light,0,0,
5458,2021-04-24 11:10:00,40.822163,-73.94242,0,0,Driver Inattention/Distraction,4410690,19.7,6.0,0.0,0.0,0.0,0.0,3,26.7,49.3,232,Overcast,0,0,
5459,2021-04-24 21:00:00,40.755524,-73.833405,1,0,Failure to Yield Right-of-Way,4410750,19.7,6.0,0.0,0.0,0.0,0.0,3,26.7,49.3,232,Overcast,1,1,
5460,2021-04-24 20:33:00,40.738903,-73.98731,1,0,Unspecified,4410156,19.7,6.0,0.0,0.0,0.0,0.0,3,26.7,49.3,232,Overcast,1,1,
5461,2021-04-22 15:05:00,40.682938,-73.86717,0,0,Unsafe Lane Changing,4410636,7.9,1.3,0.0,0.0,0.0,0.0,3,34.0,64.4,289,Overcast,0,0,
5462,2021-04-24 23:20:00,40.63837,-73.997665,1,0,Driver Inattention/Distraction,4410471,19.7,6.0,0.0,0.0,0.0,0.0,3,26.7,49.3,232,Overcast,1,1,
5463,2021-04-23 13:45:00,40.71843,-74.000534,3,0,Driver Inattention/Distraction,4410865,15.5,2.0,0.0,0.0,0.0,0.0,3,28.7,57.2,273,Overcast,3,3,
5464,2021-04-24 19:40:00,40.756424,-73.7403,1,0,Unspecified,4410003,19.7,6.0,0.0,0.0,0.0,0.0,3,26.7,49.3,232,Overcast,1,1,