,CRASH DATETIME,LATITUDE,LONGITUDE,NUMBER OF PERSONS INJURED,NUMBER OF PERSONS KILLED,CONTRIBUTING FACTOR VEHICLE 1,COLLISION_ID,temperature_2m_max,temperature_2m_min,precipitation_sum,rain_sum,snowfall_sum,precipitation_hours,weather_code,wind_speed_10m_max,wind_gusts_10m_max,wind_direction_10m_dominant,Weather Description,Severity_Score,Total_Affected_Persons,Weather_Category
5465,2021-04-24 17:21:00,40.70867,-73.95858,0,0,Other Vehicular,4410542,19.7,6.0,0.0,0.0,0.0,0.0,3,26.7,49.3,232,Overcast,0,0,
5466,2021-04-21 14:30:00,40.753048,-73.87053,0,0,Driver Inattention/Distraction,4410731,18.2,3.7,3.7,3.7,0.0,3.0,63,29.9,59.0,256,Rain: Moderate,0,0,
5467,2021-04-24 15:58:00,40.601753,-73.967636,0,0,Driver Inattention/Distraction,4410449,19.7,6.0,0.0,0.0,0.0,0.0,3,26.7,49.3,232,Overcast,0,0,
5468,2021-04-24 15:00:00,40.642727,-73.91749,0,0,Driver Inexperience,4409993,19.7,6.0,0.0,0.0,0.0,0.0,3,26.7,49.3,232,Overcast,0,0,
5469,2021-04-24 15:00:00,40.74703,-73.89536,0,0,Driver Inattention/Distraction,4410027,19.7,6.0,0.0,0.0,0.0,0.0,3,26.7,49.3,232,Overcast,0,0,
5470,2021-04-24 21:20:00,40.69366,-73.85217,0,0,Following Too Closely,4410599,19.7,6.0,0.0,0.0,0.0,0.0,3,26.7,49.3,232,Overcast,0,0,
5471,2021-04-23 12:03:00,40.70215,-73.82033,0,0,Unsafe Speed,4410591,15.5,2.0,0.0,0.0,0.0,0.0,3,28.7,57.2,273,Overcast,0,0,
5472,2021-04-24 10:50:00,40.75592,-73.97071,0,0,Unspecified,4409973,19.7,6.0,0.0,0.0,0.0,0.0,3,26.7,49.3,232,Overcast,0,0,
5473,2021-04-05 07:28:00,40.62573,-73.9564,1,0,Traffic Control Disregarded,4410752,18.0,5.6,0.0,0.0,0.0,0.0,2,25.7,49.0,313,Partly cloudy,1,1,
5474,2021-04-23 16:55:00,40.811096,-73.95235,0,0,Driver Inattention/Distraction,4410630,15.5,2.0,0.0,0.0,0.0,0.0,3,28.7,57.2,273,Overcast,0,0,
5475,2021-04-24 11:50:00,40.84678,-73.8838,6,0,Turning Improperly,4410274,19.7,6.0,0.0,0.0,0.0,0.0,3,26.7,49.3,232,Overcast,6,6,
5476,2021-04-23 11:25:00,40.660927,-73.94914,0,0,Passing Too Closely,4410680,15.5,2.0,0.0,0.0,0.0,0.0,3,28.7,57.2,273,Overcast,0,0,
5477,2021-04-20 16:13:00,40.81014,-73.908226,0,0,Unspecified,4410685,21.4,6.5,0.0,0.0,0.0,0.0,3,26.0,56.2,223,Overcast,0,0,
5478,2021-04-24 05:15:00,40.85668,-73.90811,0,0,Illnes,4409918,19.7,6.0,0.0,0.0,0.0,0.0,3,26.7,49.3,232,Overcast,0,0,
5479,2021-04-24 16:24:00,40.67597,-73.97519,0,0,Backing Unsafely,4410842,19.7,6.0,0.0,0.0,0.0,0.0,3,26.7,49.3,232,Overcast,0,0,
5480,2021-04-24 21:00:00,40.67164,-73.95034,0,0,Driver Inattention/Distraction,4410328,19.7,6.0,0.0,0.0,0.0,0.0,3,26.7,49.3,232,Overcast,0,0,
5481,2021-04-23 23:52:00,40.744034,-74.00313,0,0,Traffic Control Disregarded,4410741,15.5,2.0,0.0,0.0,0.0,0.0,3,28.7,57.2,273,Overcast,0,0,
5482,2021-04-24 10:10:00,40.709404,-74.01483,0,0,Reaction to Uninvolved Vehicle,4410145,19.7,6.0,0.0,0.0,0.0,0.0,3,26.7,49.3,232,Overcast,0,0,
5483,2021-04-24 15:30:00,40.79428,-73.94902,0,0,Turning Improperly,4410607,19.7,6.0,0.0,0.0,0.0,0.0,3,26.7,49.3,232,Overcast,0,0,
5484,2021-04-20 21:30:00,40.693573,-73.92275,0,0,Passing Too Closely,4410784,21.4,6.5,0.0,0.0,0.0,0.0,3,26.0,56.2,223,Overcast,0,0,
5485,2021-04-24 02:18:00,40.586124,-73.990715,0,0,Using On Board Navigation Device,4410356,19.7,6.0,0.0,0.0,0.0,0.0,3,26.7,49.3,232,Overcast,0,0,
5486,2021-04-24 22:20:00,40.826057,-73.89722,1,0,Traffic Control Disregarded,4410020,19.7,6.0,0.0,0.0,0.0,0.0,3,26.7,49.3,232,Overcast,1,1,
5487,2021-04-24 11:28:00,40.728416,-73.87975,0,0,Failure to Yield Right-of-Way,4409958,19.7,6.0,0.0,0.0,0.0,0.0,3,26.7,49.3,232,Overcast,0,0,
5488,2021-04-24 20:00:00,40.714523,-73.93683,0,0,Driver Inattention/Distraction,4410518,19.7,6.0,0.0,0.0,0.0,0.0,3,26.7,49.3,232,Overcast,0,0,
5489,2021-04-23 15:00:00,40.800423,-73.945915,1,0,Unsafe Lane Changing,4410620,15.5,2.0,0.0,0.0,0.0,0.0,3,28.7,57.2,273,Overcast,1,1,
5490,2021-04-24 06:00:00,40.834667,-73.88936,0,0,Unspecified,4410102,19.7,6.0,0.0,0.0,0.0,0.0,3,26.7,49.3,232,Overcast,0,0,
5491,2021-04-16 07:18:00,40.67357,-73.95294,1,0,Failure to Yield Right-of-Way,4410582,11.8,3.7,2.9,2.9,0.0,12.0,53,23.5,49.0,307,Drizzle: Moderate,1,1,
5492,2021-04-22 00:00:00,40.752068,-73.85423,0,0,Backing Unsafely,4410762,7.9,1.3,0.0,0.0,0.0,0.0,3,34.0,64.4,289,Overcast,0,0,
5493,2021-04-24 12:20:00,40.898815,-73.86223,1,0,Driver Inattention/Distraction,4410210,19.7,6.0,0.0,0.0,0.0,0.0,3,26.7,49.3,232,Overcast,1,1,
5494,2021-04-24 12:00:00,40.741493,-73.87503,0,0,Unspecified,4410294,19.7,6.0,0.0,0.0,0.0,0.0,3,26.7,49.3,232,Overcast,0,0,
5495,2021-04-24 14:40:00,40.778904,-73.96024,0,0,Unspecified,4410705,19.7,6.0,0.0,0.0,0.0,0.0,3,26.7,49.3,232,Overcast,0,0,
5496,2021-04-24 23:10:00,40.729355,-73.747665,4,0,Unspecified,4410317,19.7,6.0,0.0,0.0,0.0,0.0,3,26.7,49.3,232,Overcast,4,4,
5497,2021-04-24 03:18:00,40.68054,-73.88674,0,0,Driver Inattention/Distraction,4410637,19.7,6.0,0.0,0.0,0.0,0.0,3,26.7,49.3,232,Overcast,0,0,
5498,2021-04-24 04:50:00,40.641205,-73.877205,0,0,Reaction to Uninvolved Vehicle,4410649,19.7,6.0,0.0,0.0,0.0,0.0,3,26.7,49.3,232,Overcast,0,0,
5499,2021-04-22 10:00:00,40.666985,-73.930885,0,0,Driver Inattention/Distraction,4410670,7.9,1.3,0.0,0.0,0.0,0.0,3,34.0,64.4,289,Overcast,0,0,
5500,2021-04-24 13:50:00,40.90831,-73.90892,0,0,Brakes Defective,4410248,19.7,6.0,0.0,0.0,0.0,0.0,3,26.7,49.3,232,Overcast,0,0,
5501,2021-04-24 03:43:00,40.643063,-73.95166,0,1,Unspecified,4410388,19.7,6.0,0.0,0.0,0.0,0.0,3,26.7,49.3,232,Overcast,20,1,
5502,2021-12-16 16:21:00,40.88814,-73.86155,0,0,Unspecified,4487811,14.6,9.9,0.0,0.0,0.0,0.0,3,22.4,38.5,222,Overcast,0,0,
5503,2021-12-17 12:06:00,40.742493,-73.8887,0,0,Unspecified,4487325,13.9,6.1,0.0,0.0,0.0,0.0,3,21.5,37.1,265,Overcast,0,0,
5504,2021-12-16 19:35:00,40.65591,-73.89191,3,0,Unspecified,4487192,14.6,9.9,0.0,0.0,0.0,0.0,3,22.4,38.5,222,Overcast,3,3,
5505,2021-12-04 12:30:00,40.862442,-73.89715,0,0,Passing or Lane Usage Improper,4487287,8.3,-0.7,0.0,0.0,0.0,0.0,3,13.5,25.9,231,Overcast,0,0,
5506,2021-12-15 08:40:00,40.593613,-73.95732,0,0,Backing Unsafely,4486748,10.3,1.8,1.0,1.0,0.0,6.0,51,20.6,38.2,104,Drizzle: Light,0,0,
5507,2021-12-15 18:00:00,40.82526,-73.91026,0,0,Other Vehicular,4486941,10.3,1.8,1.0,1.0,0.0,6.0,51,20.6,38.2,104,Drizzle: Light,0,0,
5508,2021-12-15 08:05:00,40.7352,-73.9858,0,0,Driver Inattention/Distraction,4486738,10.3,1.8,1.0,1.0,0.0,6.0,51,20.6,38.2,104,Drizzle: Light,0,0,
5509,2021-12-15 06:00:00,40.781933,-73.94428,0,0,Driver Inattention/Distraction,4486775,10.3,1.8,1.0,1.0,0.0,6.0,51,20.6,38.2,104,Drizzle: Light,0,0,
5510,2021-12-16 00:00:00,40.629986,-73.97157,2,0,Reaction to Uninvolved Vehicle,4488003,14.6,9.9,0.0,0.0,0.0,0.0,3,22.4,38.5,222,Overcast,2,2,
5511,2021-12-17 14:00:00,40.86132,-73.912346,0,0,Other Vehicular,4487282,13.9,6.1,0.0,0.0,0.0,0.0,3,21.5,37.1,265,Overcast,0,0,
5512,2021-12-15 12:00:00,40.810684,-73.95452,0,0,Passing Too Closely,4487014,10.3,1.8,1.0,1.0,0.0,6.0,51,20.6,38.2,104,Drizzle: Light,0,0,
5513,2021-12-15 16:15:00,40.646664,-74.088936,1,0,Following Too Closely,4487003,10.3,1.8,1.0,1.0,0.0,6.0,51,20.6,38.2,104,Drizzle: Light,1,1,
5514,2021-12-15 05:32:00,40.85947,-73.915726,0,0,Driver Inattention/Distraction,4486700,10.3,1.8,1.0,1.0,0.0,6.0,51,20.6,38.2,104,Drizzle: Light,0,0,
5515,2021-12-17 15:30:00,40.70654,-73.95041,1,0,Passing or Lane Usage Improper,4487299,13.9,6.1,0.0,0.0,0.0,0.0,3,21.5,37.1,265,Overcast,1,1,
5516,2021-12-16 21:51:00,40.804695,-73.92239,2,0,Brakes Defective,4487139,14.6,9.9,0.0,0.0,0.0,0.0,3,22.4,38.5,222,Overcast,2,2,
5517,2021-12-17 08:10:00,40.726536,-73.9544,0,0,Passing Too Closely,4487250,13.9,6.1,0.0,0.0,0.0,0.0,3,21.5,37.1,265,Overcast,0,0,
5518,2021-12-16 16:03:00,40.753906,-73.99962,0,0,View Obstructed/Limited,4487561,14.6,9.9,0.0,0.0,0.0,0.0,3,22.4,38.5,222,Overcast,0,0,
5519,2021-12-17 21:45:00,40.582638,-73.978676,1,0,Driver Inattention/Distraction,4487784,13.9,6.1,0.0,0.0,0.0,0.0,3,21.5,37.1,265,Overcast,1,1,
5520,2021-12-06 14:26:00,40.90034,-73.90591,0,0,Unsafe Speed,4487182,16.3,7.7,6.3,6.3,0.0,10.0,61,35.1,65.5,201,Rain: Light,0,0,
5521,2021-12-16 13:58:00,40.702354,-73.818756,1,0,Driver Inexperience,4487051,14.6,9.9,0.0,0.0,0.0,0.0,3,22.4,38.5,222,Overcast,1,1,
5522,2021-12-09 08:10:00,40.88532,-73.90055,1,0,Turning Improperly,4487203,3.6,-2.0,0.1,0.0,0.07,1.0,71,19.2,33.8,295,Snow fall: Light,1,1,Snowy Conditions
5523,2021-12-15 13:02:00,40.77161,-73.99046,1,0,Driver Inattention/Distraction,4486873,10.3,1.8,1.0,1.0,0.0,6.0,51,20.6,38.2,104,Drizzle: Light,1,1,
5524,2021-12-16 20:25:00,40.68405,-73.98157,1,0,Traffic Control Disregarded,4487101,14.6,9.9,0.0,0.0,0.0,0.0,3,22.4,38.5,222,Overcast,1,1,
5525,2021-12-15 22:00:00,40.663223,-73.73351,2,0,Driver Inattention/Distraction,4487104,10.3,1.8,1.0,1.0,0.0,6.0,51,20.6,38.2,104,Drizzle: Light,2,2,
5526,2021-12-15 01:06:00,40.771076,-73.94676,0,0,Driver Inattention/Distraction,4486582,10.3,1.8,1.0,1.0,0.0,6.0,51,20.6,38.2,104,Drizzle: Light,0,0,
5527,2021-12-16 09:10:00,40.84525,-73.91499,0,0,Reaction to Uninvolved Vehicle,4487171,14.6,9.9,0.0,0.0,0.0,0.0,3,22.4,38.5,222,Overcast,0,0,
5528,2021-12-15 00:00:00,40.798306,-73.93683,0,0,Traffic Control Disregarded,4486900,10.3,1.8,1.0,1.0,0.0,6.0,51,20.6,38.2,104,Drizzle: Light,0,0,
5529,2021-10-14 18:30:00,40.795437,-73.943954,1,0,Driver Inattention/Distraction,4487960,25.0,15.4,0.0,0.0,0.0,0.0,3,15.4,29.9,328,Overcast,1,1,
5530,2021-12-15 19:11:00,40.86226,-73.89589,1,0,Driver Inattention/Distraction,4486918,10.3,1.8,1.0,1.0,0.0,6.0,51,20.6,38.2,104,Drizzle: Light,1,1,
5531,2021-12-15 16:45:00,40.877632,-73.867386,0,0,Driver Inexperience,4487218,10.3,1.8,1.0,1.0,0.0,6.0,51,20.6,38.2,104,Drizzle: Light,0,0,
5532,2021-12-17 23:07:00,40.751263,-73.9825,0,0,Turning Improperly,4487401,13.9,6.1,0.0,0.0,0.0,0.0,3,21.5,37.1,265,Overcast,0,0,
5533,2021-12-16 21:30:00,40.67987,-73.844505,0,0,Passing or Lane Usage Improper,4487133,14.6,9.9,0.0,0.0,0.0,0.0,3,22.4,38.5,222,Overcast,0,0,
5534,2021-12-15 13:23:00,40.66303,-73.991684,0,0,Other Vehicular,4487235,10.3,1.8,1.0,1.0,0.0,6.0,51,20.6,38.2,104,Drizzle: Light,0,0,
5535,2021-12-15 23:50:00,40.67973,-73.76162,0,0,Unsafe Lane Changing,4486832,10.3,1.8,1.0,1.0,0.0,6.0,51,20.6,38.2,104,Drizzle: Light,0,0,
5536,2021-12-17 12:00:00,40.82386,-73.91941,1,0,Unspecified,4487977,13.9,6.1,0.0,0.0,0.0,0.0,3,21.5,37.1,265,Overcast,1,1,
5537,2021-12-16 11:53:00,40.797943,-73.94003,0,0,Driver Inattention/Distraction,4487029,14.6,9.9,0.0,0.0,0.0,0.0,3,22.4,38.5,222,Overcast,0,0,
5538,2021-12-16 16:05:00,40.815754,-73.89529,0,0,Unspecified,4487314,14.6,9.9,0.0,0.0,0.0,0.0,3,22.4,38.5,222,Overcast,0,0,
5539,2021-12-13 03:30:00,40.6664,-73.74011,1,0,Unspecified,4487358,10.2,1.9,0.0,0.0,0.0,0.0,3,19.6,35.3,242,Overcast,1,1,
5540,2021-12-15 00:00:00,40.832695,-73.94972,0,0,Driver Inattention/Distraction,4487843,10.3,1.8,1.0,1.0,0.0,6.0,51,20.6,38.2,104,Drizzle: Light,0,0,
5541,2021-12-08 21:00:00,40.75984,-73.862656,0,0,Unspecified,4487659,4.7,0.9,0.7,0.7,0.0,2.0,51,14.5,24.8,355,Drizzle: Light,0,0,
5542,2021-12-17 08:30:00,40.681805,-73.94987,0,0,Driver Inattention/Distraction,4487277,13.9,6.1,0.0,0.0,0.0,0.0,3,21.5,37.1,265,Overcast,0,0,
5543,2021-12-17 23:50:00,40.638523,-73.92607,2,0,Failure to Yield Right-of-Way,4487608,13.9,6.1,0.0,0.0,0.0,0.0,3,21.5,37.1,265,Overcast,2,2,
5544,2021-12-16 17:15:00,40.750134,-73.80751,0,0,Failure to Yield Right-of-Way,4487444,14.6,9.9,0.0,0.0,0.0,0.0,3,22.4,38.5,222,Overcast,0,0,
5545,2021-12-12 19:07:00,40.72545,-73.892654,1,0,Unspecified,4487716,13.0,3.4,0.5,0.5,0.0,1.0,53,32.4,62.6,284,Drizzle: Moderate,1,1,
5546,2021-12-16 05:16:00,40.63851,-74.021225,0,0,Driver Inattention/Distraction,4486849,14.6,9.9,0.0,0.0,0.0,0.0,3,22.4,38.5,222,Overcast,0,0,
5547,2021-12-17 17:41:00,40.835297,-73.91291,0,0,Turning Improperly,4487949,13.9,6.1,0.0,0.0,0.0,0.0,3,21.5,37.1,265,Overcast,0,0,
5548,2021-12-16 20:46:00,40.588886,-73.965645,0,0,Driver Inattention/Distraction,4487152,14.6,9.9,0.0,0.0,0.0,0.0,3,22.4,38.5,222,Overcast,0,0,
5549,2021-12-13 17:42:00,40.787685,-73.97502,1,0,Turning Improperly,4487292,10.2,1.9,0.0,0.0,0.0,0.0,3,19.6,35.3,242,Overcast,1,1,
5550,2021-12-17 08:00:00,40.694546,-73.80212,0,0,Passing or Lane Usage Improper,4487272,13.9,6.1,0.0,0.0,0.0,0.0,3,21.5,37.1,265,Overcast,0,0,
5551,2021-12-16 19:17:00,40.643005,-73.95263,2,0,Unspecified,4487590,14.6,9.9,0.0,0.0,0.0,0.0,3,22.4,38.5,222,Overcast,2,2,
5552,2021-12-12 12:51:00,40.68209,-73.92118,0,0,Backing Unsafely,4487760,13.0,3.4,0.5,0.5,0.0,1.0,53,32.4,62.6,284,Drizzle: Moderate,0,0,
5553,2021-12-16 11:30:00,40.877167,-73.83755,0,0,Unspecified,4487794,14.6,9.9,0.0,0.0,0.0,0.0,3,22.4,38.5,222,Overcast,0,0,
5554,2021-12-13 04:11:00,40.895447,-73.88002,1,0,Unspecified,4487348,10.2,1.9,0.0,0.0,0.0,0.0,3,19.6,35.3,242,Overcast,1,1,
5555,2021-12-16 13:25:00,40.80349,-73.95607,0,0,Passing or Lane Usage Improper,4487209,14.6,9.9,0.0,0.0,0.0,0.0,3,22.4,38.5,222,Overcast,0,0,
5556,2021-12-17 20:45:00,40.647182,-73.90748,0,0,Unspecified,4487521,13.9,6.1,0.0,0.0,0.0,0.0,3,21.5,37.1,265,Overcast,0,0,
5557,2023-01-14 07:15:00,40.82304,-73.88193,1,0,Unsafe Speed,4597802,2.8,-0.9,0.0,0.0,0.0,0.0,3,25.6,45.7,351,Overcast,1,1,
5558,2021-12-08 21:00:00,40.74959,-74.00279,1,0,Passing Too Closely,4487551,4.7,0.9,0.7,0.7,0.0,2.0,51,14.5,24.8,355,Drizzle: Light,1,1,
5559,2021-12-16 14:29:00,40.649895,-73.90762,0,0,Turning Improperly,4487440,14.6,9.9,0.0,0.0,0.0,0.0,3,22.4,38.5,222,Overcast,0,0,
5560,2021-12-17 20:09:00,40.651726,-73.949234,1,0,Pedestrian/Bicyclist/Other Pedestrian Error/Confusion,4487622,13.9,6.1,0.0,0.0,0.0,0.0,3,21.5,37.1,265,Overcast,1,1,
5561,2021-12-17 18:20:00,40.694923,-73.915565,1,0,Unspecified,4487342,13.9,6.1,0.0,0.0,0.0,0.0,3,21.5,37.1,265,Overcast,1,1,
5562,2021-12-13 13:25:00,40.578938,-73.98522,0,0,Passing or Lane Usage Improper,4487750,10.2,1.9,0.0,0.0,0.0,0.0,3,19.6,35.3,242,Overcast,0,0,
5563,2021-12-15 13:25:00,40.844975,-73.91877,0,0,Unsafe Lane Changing,4488015,10.3,1.8,1.0,1.0,0.0,6.0,51,20.6,38.2,104,Drizzle: Light,0,0,
5564,2021-12-15 08:25:00,40.691208,-73.813545,1,0,Unspecified,4486913,10.3,1.8,1.0,1.0,0.0,6.0,51,20.6,38.2,104,Drizzle: Light,1,1,
5565,2021-12-15 09:32:00,40.633583,-73.94774,1,0,Unspecified,4486771,10.3,1.8,1.0,1.0,0.0,6.0,51,20.6,38.2,104,Drizzle: Light,1,1,
5566,2021-12-15 04:40:00,40.74712,-73.94239,0,0,Driver Inattention/Distraction,4486672,10.3,1.8,1.0,1.0,0.0,6.0,51,20.6,38.2,104,Drizzle: Light,0,0,
5567,2021-12-15 04:20:00,40.759132,-73.88697,0,0,Driver Inattention/Distraction,4486968,10.3,1.8,1.0,1.0,0.0,6.0,51,20.6,38.2,104,Drizzle: Light,0,0,
5568,2021-12-15 09:00:00,40.76464,-73.916595,0,0,Backing Unsafely,4487035,10.3,1.8,1.0,1.0,0.0,6.0,51,20.6,38.2,104,Drizzle: Light,0,0,
5569,2021-12-15 22:53:00,40.826763,-73.88842,0,0,Unspecified,4486816,10.3,1.8,1.0,1.0,0.0,6.0,51,20.6,38.2,104,Drizzle: Light,0,0,
5570,2021-12-15 17:24:00,40.542915,-74.1558,0,0,Driver Inexperience,4486797,10.3,1.8,1.0,1.0,0.0,6.0,51,20.6,38.2,104,Drizzle: Light,0,0,
5571,2021-12-15 09:51:00,40.61308,-73.96839,0,0,Passing Too Closely,4486993,10.3,1.8,1.0,1.0,0.0,6.0,51,20.6,38.2,104,Drizzle: Light,0,0,
5572,2021-12-17 05:45:00,40.639088,-74.03351,1,0,Passing or Lane Usage Improper,4487144,13.9,6.1,0.0,0.0,0.0,0.0,3,21.5,37.1,265,Overcast,1,1,
5573,2021-12-13 11:17:00,40.63495,-73.94496,0,0,Driver Inattention/Distraction,4487709,10.2,1.9,0.0,0.0,0.0,0.0,3,19.6,35.3,242,Overcast,0,0,
5574,2021-12-17 19:25:00,40.88271,-73.881256,0,0,Driver Inattention/Distraction,4487319,13.9,6.1,0.0,0.0,0.0,0.0,3,21.5,37.1,265,Overcast,0,0,
5575,2021-11-26 17:00:00,40.674953,-74.007545,2,0,Unspecified,4487395,7.6,1.6,8.4,8.4,0.0,11.0,61,28.7,53.6,279,Rain: Light,2,2,
5576,2021-12-17 06:00:00,40.71146,-73.79647,0,0,Reaction to Uninvolved Vehicle,4487246,13.9,6.1,0.0,0.0,0.0,0.0,3,21.5,37.1,265,Overcast,0,0,
5577,2021-12-17 02:30:00,40.759144,-73.99584,7,0,Turning Improperly,4487565,13.9,6.1,0.0,0.0,0.0,0.0,3,21.5,37.1,265,Overcast,7,7,
5578,2021-12-15 16:47:00,40.68576,-73.915504,0,0,Following Too Closely,4486844,10.3,1.8,1.0,1.0,0.0,6.0,51,20.6,38.2,104,Drizzle: Light,0,0,
5579,2021-12-15 13:50:00,40.59391,-73.77802,0,0,Steering Failure,4486879,10.3,1.8,1.0,1.0,0.0,6.0,51,20.6,38.2,104,Drizzle: Light,0,0,
5580,2021-12-16 09:40:00,40.714207,-73.92817,0,0,Unspecified,4487117,14.6,9.9,0.0,0.0,0.0,0.0,3,22.4,38.5,222,Overcast,0,0,
5581,2021-12-15 17:30:00,40.646065,-73.87979,1,0,Following Too Closely,4487082,10.3,1.8,1.0,1.0,0.0,6.0,51,20.6,38.2,104,Drizzle: Light,1,1,
5582,2021-12-16 10:30:00,40.680737,-73.87889,0,0,Other Vehicular,4487199,14.6,9.9,0.0,0.0,0.0,0.0,3,22.4,38.5,222,Overcast,0,0,
5583,2021-12-17 22:52:00,40.7699,-73.91608,0,0,Unspecified,4487376,13.9,6.1,0.0,0.0,0.0,0.0,3,21.5,37.1,265,Overcast,0,0,
5584,2021-12-16 07:20:00,40.840603,-73.91152,0,0,Oversized Vehicle,4487965,14.6,9.9,0.0,0.0,0.0,0.0,3,22.4,38.5,222,Overcast,0,0,
5585,2021-12-13 09:00:00,40.7203,-73.95508,0,0,Driver Inattention/Distraction,4487214,10.2,1.9,0.0,0.0,0.0,0.0,3,19.6,35.3,242,Overcast,0,0,
5586,2021-12-15 15:55:00,40.844715,-73.91228,0,0,Unspecified,4486895,10.3,1.8,1.0,1.0,0.0,6.0,51,20.6,38.2,104,Drizzle: Light,0,0,
5587,2021-12-17 15:41:00,40.752003,-73.9695,0,0,Driver Inattention/Distraction,4487353,13.9,6.1,0.0,0.0,0.0,0.0,3,21.5,37.1,265,Overcast,0,0,
5588,2021-12-16 16:18:00,40.84899,-73.85035,0,0,Other Vehicular,4487231,14.6,9.9,0.0,0.0,0.0,0.0,3,22.4,38.5,222,Overcast,0,0,
5589,2021-12-15 16:25:00,40.71106,-73.94994,1,0,Passenger Distraction,4486837,10.3,1.8,1.0,1.0,0.0,6.0,51,20.6,38.2,104,Drizzle: Light,1,1,
5590,2021-12-16 09:45:00,40.675537,-73.871,0,0,Failure to Yield Right-of-Way,4487186,14.6,9.9,0.0,0.0,0.0,0.0,3,22.4,38.5,222,Overcast,0,0,
5591,2021-12-17 09:50:00,40.773808,-73.8929,0,0,Driver Inattention/Distraction,4487650,13.9,6.1,0.0,0.0,0.0,0.0,3,21.5,37.1,265,Overcast,0,0,
5592,2021-12-16 09:10:00,40.828297,-73.888985,0,0,Oversized Vehicle,4487461,14.6,9.9,0.0,0.0,0.0,0.0,3,22.4,38.5,222,Overcast,0,0,
5593,2021-12-16 00:25:00,40.70519,-73.800064,0,0,Turning Improperly,4487059,14.6,9.9,0.0,0.0,0.0,0.0,3,22.4,38.5,222,Overcast,0,0,
5594,2021-12-13 19:25:00,40.76219,-73.90195,0,0,Unspecified,4487891,10.2,1.9,0.0,0.0,0.0,0.0,3,19.6,35.3,242,Overcast,0,0,
5595,2021-12-17 18:00:00,40.694042,-73.80131,1,0,Failure to Yield Right-of-Way,4487486,13.9,6.1,0.0,0.0,0.0,0.0,3,21.5,37.1,265,Overcast,1,1,
5596,2021-12-12 12:38:00,40.679375,-73.96408,0,0,Driver Inattention/Distraction,4487617,13.0,3.4,0.5,0.5,0.0,1.0,53,32.4,62.6,284,Drizzle: Moderate,0,0,
5597,2021-12-16 16:41:00,40.87746,-73.853745,1,0,Driver Inattention/Distraction,4487814,14.6,9.9,0.0,0.0,0.0,0.0,3,22.4,38.5,222,Overcast,1,1,
5598,2021-12-17 21:48:00,40.722008,-73.8018,0,0,Unsafe Speed,4487677,13.9,6.1,0.0,0.0,0.0,0.0,3,21.5,37.1,265,Overcast,0,0,
5599,2021-12-16 17:45:00,40.8882,-73.90761,0,0,Unspecified,4487383,14.6,9.9,0.0,0.0,0.0,0.0,3,22.4,38.5,222,Overcast,0,0,
5600,2021-12-15 10:20:00,40.651043,-73.89266,1,0,Unspecified,4487068,10.3,1.8,1.0,1.0,0.0,6.0,51,20.6,38.2,104,Drizzle: Light,1,1,
5601,2021-12-16 21:00:00,40.61617,-73.9546,2,0,Unspecified,4487546,14.6,9.9,0.0,0.0,0.0,0.0,3,22.4,38.5,222,Overcast,2,2,
5602,2023-01-14 03:30:00,40.739635,-73.86074,0,0,Driver Inattention/Distraction,4597850,2.8,-0.9,0.0,0.0,0.0,0.0,3,25.6,45.7,351,Overcast,0,0,
5603,2021-12-15 05:35:00,40.79373,-73.945786,0,0,Alcohol Involvement,4487336,10.3,1.8,1.0,1.0,0.0,6.0,51,20.6,38.2,104,Drizzle: Light,0,0,
5604,2021-12-17 08:00:00,40.69439,-73.86174,0,0,Passing or Lane Usage Improper,4487241,13.9,6.1,0.0,0.0,0.0,0.0,3,21.5,37.1,265,Overcast,0,0,
5605,2021-12-16 17:55:00,40.670116,-73.92248,1,0,Unspecified,4487733,14.6,9.9,0.0,0.0,0.0,0.0,3,22.4,38.5,222,Overcast,1,1,
5606,2021-12-16 16:12:00,40.696625,-73.7849,0,0,Failure to Yield Right-of-Way,4487088,14.6,9.9,0.0,0.0,0.0,0.0,3,22.4,38.5,222,Overcast,0,0,
5607,2021-12-15 16:43:00,40.627453,-73.97807,0,0,Unspecified,4486857,10.3,1.8,1.0,1.0,0.0,6.0,51,20.6,38.2,104,Drizzle: Light,0,0,
5608,2022-02-19 16:04:00,40.745438,-73.923,1,0,Driver Inattention/Distraction,4504062,3.3,-5.5,0.4,0.0,0.28,4.0,71,35.3,64.4,260,Snow fall: Light,1,1,Snowy Conditions
5609,2023-01-14 22:40:00,40.82839,-73.89385,0,0,Traffic Control Disregarded,4598091,2.8,-0.9,0.0,0.0,0.0,0.0,3,25.6,45.7,351,Overcast,0,0,
5610,2023-01-12 17:19:00,40.683407,-73.88073,1,0,Traffic Control Disregarded,4598224,10.1,-0.6,10.8,10.8,0.0,13.0,63,20.1,36.7,117,Rain: Moderate,1,1,
5611,2023-01-13 12:38:00,40.72042,-73.939705,0,0,Passing Too Closely,4598339,12.6,3.1,2.2,2.2,0.0,12.0,53,26.2,47.2,243,Drizzle: Moderate,0,0,
5612,2023-01-14 03:20:00,40.702614,-73.96058,0,0,Unsafe Speed,4597717,2.8,-0.9,0.0,0.0,0.0,0.0,3,25.6,45.7,351,Overcast,0,0,
5613,2023-01-14 22:14:00,40.696217,-73.7436,2,0,Alcohol Involvement,4597907,2.8,-0.9,0.0,0.0,0.0,0.0,3,25.6,45.7,351,Overcast,2,2,
5614,2023-01-14 10:00:00,40.684513,-73.99803,0,0,Driver Inattention/Distraction,4597665,2.8,-0.9,0.0,0.0,0.0,0.0,3,25.6,45.7,351,Overcast,0,0,
5615,2023-01-14 03:30:00,40.748516,-73.867035,1,0,Alcohol Involvement,4597841,2.8,-0.9,0.0,0.0,0.0,0.0,3,25.6,45.7,351,Overcast,1,1,