,CRASH DATETIME,LATITUDE,LONGITUDE,NUMBER OF PERSONS INJURED,NUMBER OF PERSONS KILLED,CONTRIBUTING FACTOR VEHICLE 1,COLLISION_ID,temperature_2m_max,temperature_2m_min,precipitation_sum,rain_sum,snowfall_sum,precipitation_hours,weather_code,wind_speed_10m_max,wind_gusts_10m_max,wind_direction_10m_dominant,Weather Description,Severity_Score,Total_Affected_Persons,Weather_Category
5616,2022-12-31 23:05:00,40.73771,-73.974266,1,0,Other Vehicular,4598127,11.1,5.8,5.5,5.5,0.0,10.0,61,13.8,28.4,208,Rain: Light,1,1,
5617,2023-01-14 03:54:00,40.678154,-73.94416,0,0,Driver Inattention/Distraction,4597822,2.8,-0.9,0.0,0.0,0.0,0.0,3,25.6,45.7,351,Overcast,0,0,
5618,2023-01-13 06:10:00,40.85223,-73.87141,1,0,Unsafe Speed,4598279,12.6,3.1,2.2,2.2,0.0,12.0,53,26.2,47.2,243,Drizzle: Moderate,1,1,
5619,2023-01-06 17:51:00,40.838745,-73.864716,0,0,Unspecified,4598196,8.2,3.2,7.9,7.9,0.0,13.0,61,16.6,28.8,311,Rain: Light,0,0,
5620,2023-01-14 14:26:00,40.714622,-73.90117,1,0,Failure to Yield Right-of-Way,4597987,2.8,-0.9,0.0,0.0,0.0,0.0,3,25.6,45.7,351,Overcast,1,1,
5621,2023-01-11 19:20:00,40.698154,-73.86969,1,0,Reaction to Uninvolved Vehicle,4598153,3.3,-1.5,0.0,0.0,0.0,0.0,3,13.2,23.4,50,Overcast,1,1,
5622,2023-01-13 14:59:00,40.82201,-73.85827,1,0,Pedestrian/Bicyclist/Other Pedestrian Error/Confusion,4598202,12.6,3.1,2.2,2.2,0.0,12.0,53,26.2,47.2,243,Drizzle: Moderate,1,1,
5623,2023-01-14 08:40:00,40.87544,-73.836685,1,0,Unsafe Speed,4598177,2.8,-0.9,0.0,0.0,0.0,0.0,3,25.6,45.7,351,Overcast,1,1,
5624,2023-01-14 15:18:00,40.86885,-73.86342,0,0,Driver Inattention/Distraction,4598072,2.8,-0.9,0.0,0.0,0.0,0.0,3,25.6,45.7,351,Overcast,0,0,
5625,2023-01-13 04:37:00,40.672855,-73.87131,1,0,Unspecified,4598245,12.6,3.1,2.2,2.2,0.0,12.0,53,26.2,47.2,243,Drizzle: Moderate,1,1,
5626,2023-01-14 23:00:00,40.641884,-74.0065,0,0,Unspecified,4597956,2.8,-0.9,0.0,0.0,0.0,0.0,3,25.6,45.7,351,Overcast,0,0,
5627,2023-01-14 21:45:00,40.665688,-73.939766,1,0,Failure to Yield Right-of-Way,4598268,2.8,-0.9,0.0,0.0,0.0,0.0,3,25.6,45.7,351,Overcast,1,1,
5628,2023-01-14 13:38:00,40.65605,-73.92361,1,0,Passing or Lane Usage Improper,4597934,2.8,-0.9,0.0,0.0,0.0,0.0,3,25.6,45.7,351,Overcast,1,1,
5629,2023-01-14 02:35:00,40.761436,-73.76995,1,0,Driver Inattention/Distraction,4597654,2.8,-0.9,0.0,0.0,0.0,0.0,3,25.6,45.7,351,Overcast,1,1,
5630,2022-01-11 06:35:00,40.78263,-73.9512,1,0,Driver Inattention/Distraction,4598314,-4.2,-8.8,0.0,0.0,0.0,0.0,1,26.7,50.8,316,Mainly clear,1,1,Sunny/Clear Conditions
5631,2023-01-14 17:30:00,40.701828,-73.74769,0,0,Unspecified,4597774,2.8,-0.9,0.0,0.0,0.0,0.0,3,25.6,45.7,351,Overcast,0,0,
5632,2023-01-14 12:25:00,40.77944,-73.95984,1,0,Passing or Lane Usage Improper,4598028,2.8,-0.9,0.0,0.0,0.0,0.0,3,25.6,45.7,351,Overcast,1,1,
5633,2022-01-14 05:35:00,40.651688,-73.88877,0,0,Reaction to Uninvolved Vehicle,4598231,5.0,-5.0,0.0,0.0,0.0,0.0,3,34.6,62.6,358,Overcast,0,0,
5634,2023-01-14 10:20:00,40.714836,-73.952934,0,0,Turning Improperly,4598043,2.8,-0.9,0.0,0.0,0.0,0.0,3,25.6,45.7,351,Overcast,0,0,
5635,2023-01-12 14:45:00,40.7196,-73.94391,1,0,Following Too Closely,4598122,10.1,-0.6,10.8,10.8,0.0,13.0,63,20.1,36.7,117,Rain: Moderate,1,1,
5636,2023-01-14 23:18:00,40.663296,-73.88979,0,0,Failure to Yield Right-of-Way,4598236,2.8,-0.9,0.0,0.0,0.0,0.0,3,25.6,45.7,351,Overcast,0,0,
5637,2023-01-14 18:00:00,40.7226,-73.86762,0,0,Driver Inattention/Distraction,4598003,2.8,-0.9,0.0,0.0,0.0,0.0,3,25.6,45.7,351,Overcast,0,0,
5638,2023-01-14 16:10:00,40.72885,-73.99933,0,0,Oversized Vehicle,4597880,2.8,-0.9,0.0,0.0,0.0,0.0,3,25.6,45.7,351,Overcast,0,0,
5639,2023-01-13 11:30:00,40.7229,-73.98349,0,0,Unspecified,4598321,12.6,3.1,2.2,2.2,0.0,12.0,53,26.2,47.2,243,Drizzle: Moderate,0,0,
5640,2023-01-05 06:15:00,40.716652,-73.8259,1,0,Reaction to Uninvolved Vehicle,4598143,12.9,7.2,0.0,0.0,0.0,0.0,3,12.8,23.8,75,Overcast,1,1,
5641,2023-01-14 13:25:00,40.715443,-73.95185,1,0,Driver Inattention/Distraction,4598056,2.8,-0.9,0.0,0.0,0.0,0.0,3,25.6,45.7,351,Overcast,1,1,
5642,2023-01-14 17:25:00,40.71154,-73.83624,0,0,Aggressive Driving/Road Rage,4598106,2.8,-0.9,0.0,0.0,0.0,0.0,3,25.6,45.7,351,Overcast,0,0,
5643,2023-01-14 05:35:00,40.786358,-73.794685,0,0,View Obstructed/Limited,4598254,2.8,-0.9,0.0,0.0,0.0,0.0,3,25.6,45.7,351,Overcast,0,0,
5644,2023-01-13 13:52:00,40.71399,-74.00441,0,0,Backing Unsafely,4598114,12.6,3.1,2.2,2.2,0.0,12.0,53,26.2,47.2,243,Drizzle: Moderate,0,0,
5645,2022-12-12 00:51:00,40.877636,-73.867424,1,0,Unsafe Speed,4598258,4.0,-2.6,1.2,0.0,0.84,5.0,73,21.8,39.6,2,Snow fall: Moderate,1,1,Snowy Conditions
5646,2023-01-14 04:40:00,40.758812,-73.97589,0,0,Driver Inattention/Distraction,4597610,2.8,-0.9,0.0,0.0,0.0,0.0,3,25.6,45.7,351,Overcast,0,0,
5647,2023-01-06 17:58:00,40.66491,-73.75368,1,0,Driver Inattention/Distraction,4598290,8.2,3.2,7.9,7.9,0.0,13.0,61,16.6,28.8,311,Rain: Light,1,1,
5648,2023-01-14 00:30:00,40.693867,-73.93629,0,0,Unsafe Speed,4597953,2.8,-0.9,0.0,0.0,0.0,0.0,3,25.6,45.7,351,Overcast,0,0,
5649,2023-01-14 01:31:00,40.618816,-73.969475,1,0,Driver Inattention/Distraction,4597767,2.8,-0.9,0.0,0.0,0.0,0.0,3,25.6,45.7,351,Overcast,1,1,
5650,2023-01-14 22:53:00,40.757435,-73.98964,0,0,Unspecified,4598163,2.8,-0.9,0.0,0.0,0.0,0.0,3,25.6,45.7,351,Overcast,0,0,
5651,2022-12-16 20:13:00,40.805016,-73.92109,1,0,Unspecified,4598331,6.4,3.1,17.9,16.4,1.05,22.0,75,33.6,59.8,36,Snow fall: Heavy,1,1,Snowy Conditions
5652,2023-01-14 21:29:00,40.659832,-73.897606,0,0,Driver Inattention/Distraction,4598232,2.8,-0.9,0.0,0.0,0.0,0.0,3,25.6,45.7,351,Overcast,0,0,
5653,2023-01-14 00:00:00,40.861275,-73.86366,0,0,Driver Inattention/Distraction,4598068,2.8,-0.9,0.0,0.0,0.0,0.0,3,25.6,45.7,351,Overcast,0,0,
5654,2023-01-14 17:45:00,40.70003,-73.78873,1,0,Driver Inattention/Distraction,4598097,2.8,-0.9,0.0,0.0,0.0,0.0,3,25.6,45.7,351,Overcast,1,1,
5655,2022-11-18 07:44:00,40.848736,-73.93234,0,0,Unspecified,4598128,6.0,0.2,0.5,0.1,0.28,2.0,73,29.7,55.1,254,Snow fall: Moderate,0,0,Snowy Conditions
5656,2023-01-14 03:00:00,40.71886,-73.97492,0,0,Unsafe Speed,4597820,2.8,-0.9,0.0,0.0,0.0,0.0,3,25.6,45.7,351,Overcast,0,0,
5657,2023-01-14 11:00:00,40.589066,-74.138626,0,0,Driver Inattention/Distraction,4597866,2.8,-0.9,0.0,0.0,0.0,0.0,3,25.6,45.7,351,Overcast,0,0,
5658,2023-01-14 18:10:00,40.761047,-73.82709,0,0,Unspecified,4597698,2.8,-0.9,0.0,0.0,0.0,0.0,3,25.6,45.7,351,Overcast,0,0,
5659,2022-07-01 16:05:00,40.650387,-73.75712,0,0,Reaction to Uninvolved Vehicle,4542608,33.7,20.2,0.1,0.1,0.0,1.0,51,32.3,58.0,215,Drizzle: Light,0,0,
5660,2022-12-30 18:00:00,40.845985,-73.884476,2,0,Traffic Control Disregarded,4598135,13.1,2.1,0.0,0.0,0.0,0.0,3,13.7,25.9,211,Overcast,2,2,
5661,2023-01-14 14:17:00,40.67021,-73.98546,0,0,Driver Inexperience,4598012,2.8,-0.9,0.0,0.0,0.0,0.0,3,25.6,45.7,351,Overcast,0,0,
5662,2023-01-08 01:32:00,40.820255,-73.95949,0,0,Following Too Closely,4598353,4.2,-2.3,0.0,0.0,0.0,0.0,3,14.0,24.5,289,Overcast,0,0,
5663,2023-01-14 07:52:00,40.676872,-73.94985,0,0,Unspecified,4597826,2.8,-0.9,0.0,0.0,0.0,0.0,3,25.6,45.7,351,Overcast,0,0,
5664,2023-01-14 17:40:00,40.608826,-74.00983,0,0,Unspecified,4597887,2.8,-0.9,0.0,0.0,0.0,0.0,3,25.6,45.7,351,Overcast,0,0,
5665,2023-01-13 17:00:00,40.674297,-73.89353,0,0,Unspecified,4598218,12.6,3.1,2.2,2.2,0.0,12.0,53,26.2,47.2,243,Drizzle: Moderate,0,0,
5666,2023-01-13 17:47:00,40.843903,-73.927284,1,0,Following Too Closely,4598191,12.6,3.1,2.2,2.2,0.0,12.0,53,26.2,47.2,243,Drizzle: Moderate,1,1,
5667,2023-01-09 00:00:00,40.834423,-73.879265,1,0,Unspecified,4598197,6.9,0.6,1.7,0.9,0.56,5.0,73,17.2,32.0,282,Snow fall: Moderate,1,1,Snowy Conditions
5668,2023-01-14 12:00:00,40.574394,-74.10581,0,0,Passing or Lane Usage Improper,4597686,2.8,-0.9,0.0,0.0,0.0,0.0,3,25.6,45.7,351,Overcast,0,0,
5669,2023-01-13 05:00:00,40.70221,-73.82695,0,0,Failure to Keep Right,4598101,12.6,3.1,2.2,2.2,0.0,12.0,53,26.2,47.2,243,Drizzle: Moderate,0,0,
5670,2023-01-14 20:30:00,40.74501,-73.98235,0,0,Driver Inattention/Distraction,4597752,2.8,-0.9,0.0,0.0,0.0,0.0,3,25.6,45.7,351,Overcast,0,0,
5671,2023-01-14 12:10:00,40.71717,-73.834946,1,0,Failure to Yield Right-of-Way,4598142,2.8,-0.9,0.0,0.0,0.0,0.0,3,25.6,45.7,351,Overcast,1,1,
5672,2023-01-14 12:35:00,40.636024,-73.89506,0,0,Unsafe Speed,4597664,2.8,-0.9,0.0,0.0,0.0,0.0,3,25.6,45.7,351,Overcast,0,0,
5673,2023-01-14 17:20:00,40.80543,-73.92087,0,0,Driver Inattention/Distraction,4597912,2.8,-0.9,0.0,0.0,0.0,0.0,3,25.6,45.7,351,Overcast,0,0,
5674,2023-01-11 03:28:00,40.8655,-73.86339,1,0,Unsafe Speed,4598185,3.3,-1.5,0.0,0.0,0.0,0.0,3,13.2,23.4,50,Overcast,1,1,
5675,2022-12-31 05:05:00,40.85206,-73.934784,0,0,Driver Inattention/Distraction,4598126,11.1,5.8,5.5,5.5,0.0,10.0,61,13.8,28.4,208,Rain: Light,0,0,
5676,2023-01-14 05:05:00,40.840496,-73.94599,0,0,Unspecified,4597794,2.8,-0.9,0.0,0.0,0.0,0.0,3,25.6,45.7,351,Overcast,0,0,
5677,2023-01-13 09:10:00,40.720673,-73.97824,0,0,Pavement Slippery,4598320,12.6,3.1,2.2,2.2,0.0,12.0,53,26.2,47.2,243,Drizzle: Moderate,0,0,
5678,2023-01-10 19:09:00,40.661003,-73.94776,1,0,Failure to Yield Right-of-Way,4598269,6.2,0.3,0.0,0.0,0.0,0.0,3,15.6,29.9,285,Overcast,1,1,
5679,2023-01-14 09:22:00,40.76975,-73.96061,1,0,Driver Inattention/Distraction,4598029,2.8,-0.9,0.0,0.0,0.0,0.0,3,25.6,45.7,351,Overcast,1,1,
5680,2023-01-14 12:45:00,40.66764,-73.80331,1,0,Traffic Control Disregarded,4597988,2.8,-0.9,0.0,0.0,0.0,0.0,3,25.6,45.7,351,Overcast,1,1,
5681,2023-01-13 20:55:00,40.66879,-73.88839,0,0,Unspecified,4598223,12.6,3.1,2.2,2.2,0.0,12.0,53,26.2,47.2,243,Drizzle: Moderate,0,0,
5682,2023-01-09 13:45:00,40.676952,-73.888596,0,0,Unspecified,4598243,6.9,0.6,1.7,0.9,0.56,5.0,73,17.2,32.0,282,Snow fall: Moderate,0,0,Snowy Conditions
5683,2023-01-14 03:19:00,40.730537,-73.95065,1,0,Alcohol Involvement,4598051,2.8,-0.9,0.0,0.0,0.0,0.0,3,25.6,45.7,351,Overcast,1,1,
5684,2023-01-14 21:50:00,40.744225,-73.97459,0,0,Driver Inattention/Distraction,4597714,2.8,-0.9,0.0,0.0,0.0,0.0,3,25.6,45.7,351,Overcast,0,0,
5685,2022-06-27 03:10:00,40.72792,-73.87322,0,0,Unspecified,4542639,26.2,19.8,11.7,11.7,0.0,9.0,63,20.5,43.2,224,Rain: Moderate,0,0,
5686,2021-09-16 23:43:00,40.838947,-73.916435,0,0,Unspecified,4458099,23.9,19.1,4.0,4.0,0.0,10.0,55,18.8,37.8,38,Drizzle: Dense,0,0,
5687,2023-01-13 17:44:00,40.727566,-73.929276,1,0,Following Too Closely,4598336,12.6,3.1,2.2,2.2,0.0,12.0,53,26.2,47.2,243,Drizzle: Moderate,1,1,
5688,2023-01-12 06:35:00,40.711452,-73.91987,0,0,Following Too Closely,4598152,10.1,-0.6,10.8,10.8,0.0,13.0,63,20.1,36.7,117,Rain: Moderate,0,0,
5689,2023-01-14 12:06:00,40.737453,-73.87623,1,0,View Obstructed/Limited,4597842,2.8,-0.9,0.0,0.0,0.0,0.0,3,25.6,45.7,351,Overcast,1,1,
5690,2023-12-15 09:30:00,40.619247,-74.00733,0,1,Driver Inattention/Distraction,4687579,12.6,-0.2,0.0,0.0,0.0,0.0,3,14.8,28.4,252,Overcast,20,1,
5691,2023-01-14 20:23:00,40.76338,-73.97498,1,0,Driver Inattention/Distraction,4598076,2.8,-0.9,0.0,0.0,0.0,0.0,3,25.6,45.7,351,Overcast,1,1,
5692,2023-01-14 23:45:00,40.89111,-73.863045,1,0,Failure to Yield Right-of-Way,4598176,2.8,-0.9,0.0,0.0,0.0,0.0,3,25.6,45.7,351,Overcast,1,1,
5693,2023-01-13 18:00:00,40.73862,-73.8508,1,0,Unspecified,4598121,12.6,3.1,2.2,2.2,0.0,12.0,53,26.2,47.2,243,Drizzle: Moderate,1,1,
5694,2023-01-14 04:42:00,40.66397,-73.99777,0,0,Unspecified,4597709,2.8,-0.9,0.0,0.0,0.0,0.0,3,25.6,45.7,351,Overcast,0,0,
5695,2023-01-14 11:10:00,40.75548,-73.74173,0,0,Following Too Closely,4597655,2.8,-0.9,0.0,0.0,0.0,0.0,3,25.6,45.7,351,Overcast,0,0,
5696,2023-01-14 01:55:00,40.654316,-73.922165,0,0,Failure to Yield Right-of-Way,4597929,2.8,-0.9,0.0,0.0,0.0,0.0,3,25.6,45.7,351,Overcast,0,0,
5697,2023-01-14 01:05:00,40.70139,-73.83153,1,0,Alcohol Involvement,4598093,2.8,-0.9,0.0,0.0,0.0,0.0,3,25.6,45.7,351,Overcast,1,1,
5698,2023-01-14 10:50:00,40.848,-73.831276,1,0,Unspecified,4597849,2.8,-0.9,0.0,0.0,0.0,0.0,3,25.6,45.7,351,Overcast,1,1,
5699,2023-01-12 10:30:00,40.60981,-73.92251,0,0,Driver Inattention/Distraction,4598278,10.1,-0.6,10.8,10.8,0.0,13.0,63,20.1,36.7,117,Rain: Moderate,0,0,
5700,2023-01-10 10:00:00,40.72416,-73.973495,0,0,Unspecified,4598315,6.2,0.3,0.0,0.0,0.0,0.0,3,15.6,29.9,285,Overcast,0,0,
5701,2023-01-14 05:10:00,40.677925,-73.866806,1,0,Other Vehicular,4598230,2.8,-0.9,0.0,0.0,0.0,0.0,3,25.6,45.7,351,Overcast,1,1,
5702,2023-01-14 21:03:00,40.63885,-73.99695,0,0,Reaction to Uninvolved Vehicle,4597968,2.8,-0.9,0.0,0.0,0.0,0.0,3,25.6,45.7,351,Overcast,0,0,
5703,2023-01-14 16:18:00,40.661396,-73.87919,0,0,Driver Inattention/Distraction,4598237,2.8,-0.9,0.0,0.0,0.0,0.0,3,25.6,45.7,351,Overcast,0,0,
5704,2023-01-01 08:45:00,40.84587,-73.89073,0,0,Fell Asleep,4598137,11.4,4.6,2.1,2.1,0.0,3.0,55,17.2,32.8,281,Drizzle: Dense,0,0,
5705,2023-01-14 23:20:00,40.75219,-73.99347,0,0,Driver Inattention/Distraction,4597768,2.8,-0.9,0.0,0.0,0.0,0.0,3,25.6,45.7,351,Overcast,0,0,
5706,2023-01-14 20:11:00,40.87565,-73.845634,0,0,Driver Inattention/Distraction,4598173,2.8,-0.9,0.0,0.0,0.0,0.0,3,25.6,45.7,351,Overcast,0,0,
5707,2023-01-14 19:49:00,40.858387,-73.90279,1,0,Failure to Yield Right-of-Way,4598352,2.8,-0.9,0.0,0.0,0.0,0.0,3,25.6,45.7,351,Overcast,1,1,
5708,2022-03-26 15:25:00,40.692127,-73.83484,1,0,Passing or Lane Usage Improper,4513934,10.1,4.9,6.1,5.8,0.21,8.0,71,21.6,41.0,251,Snow fall: Light,1,1,Snowy Conditions
5709,2022-03-27 22:03:00,40.709373,-73.81014,0,0,Unspecified,4513925,7.5,-1.1,0.3,0.3,0.07,3.0,71,26.4,47.5,288,Snow fall: Light,0,0,Snowy Conditions
5710,2022-03-27 22:33:00,40.894314,-73.86027,0,0,Driver Inattention/Distraction,4514017,7.5,-1.1,0.3,0.3,0.07,3.0,71,26.4,47.5,288,Snow fall: Light,0,0,Snowy Conditions
5711,2022-03-27 08:05:00,40.62307,-74.149315,0,0,Backing Unsafely,4514578,7.5,-1.1,0.3,0.3,0.07,3.0,71,26.4,47.5,288,Snow fall: Light,0,0,Snowy Conditions
5712,2022-03-25 07:00:00,0.0,0.0,0,0,Unspecified,4514640,15.6,5.3,5.7,5.7,0.0,4.0,63,27.6,52.2,274,Rain: Moderate,0,0,
5713,2022-03-27 15:00:00,40.689075,-73.774536,0,0,Backing Unsafely,4514552,7.5,-1.1,0.3,0.3,0.07,3.0,71,26.4,47.5,288,Snow fall: Light,0,0,Snowy Conditions
5714,2022-03-27 00:00:00,40.746403,-73.97973,1,0,Driver Inattention/Distraction,4513631,7.5,-1.1,0.3,0.3,0.07,3.0,71,26.4,47.5,288,Snow fall: Light,1,1,Snowy Conditions
5715,2022-03-27 14:42:00,40.768795,-73.958374,1,0,Failure to Yield Right-of-Way,4513979,7.5,-1.1,0.3,0.3,0.07,3.0,71,26.4,47.5,288,Snow fall: Light,1,1,Snowy Conditions
5716,2022-03-27 20:30:00,40.662384,-73.93745,0,0,Driver Inattention/Distraction,4514343,7.5,-1.1,0.3,0.3,0.07,3.0,71,26.4,47.5,288,Snow fall: Light,0,0,Snowy Conditions
5717,2022-03-27 01:50:00,40.713085,-73.94415,2,0,Unsafe Speed,4514085,7.5,-1.1,0.3,0.3,0.07,3.0,71,26.4,47.5,288,Snow fall: Light,2,2,Snowy Conditions
5718,2022-03-27 05:11:00,40.655018,-73.92588,0,0,Unspecified,4514503,7.5,-1.1,0.3,0.3,0.07,3.0,71,26.4,47.5,288,Snow fall: Light,0,0,Snowy Conditions
5719,2022-03-27 00:15:00,40.67821,-73.97323,0,0,Backing Unsafely,4513676,7.5,-1.1,0.3,0.3,0.07,3.0,71,26.4,47.5,288,Snow fall: Light,0,0,Snowy Conditions
5720,2022-03-27 22:58:00,40.845215,-73.82645,1,0,Unspecified,4514099,7.5,-1.1,0.3,0.3,0.07,3.0,71,26.4,47.5,288,Snow fall: Light,1,1,Snowy Conditions
5721,2022-03-26 08:19:00,40.52143,-74.198235,0,0,Other Vehicular,4514575,10.1,4.9,6.1,5.8,0.21,8.0,71,21.6,41.0,251,Snow fall: Light,0,0,Snowy Conditions
5722,2022-03-18 05:30:00,40.66255,-73.90893,1,0,Unspecified,4514633,20.8,7.4,0.0,0.0,0.0,0.0,3,16.0,31.7,181,Overcast,1,1,
5723,2022-03-25 20:07:00,40.834114,-73.86327,0,0,Following Too Closely,4514474,15.6,5.3,5.7,5.7,0.0,4.0,63,27.6,52.2,274,Rain: Moderate,0,0,
5724,2022-03-27 04:15:00,40.69439,-73.86174,0,0,Failure to Yield Right-of-Way,4513748,7.5,-1.1,0.3,0.3,0.07,3.0,71,26.4,47.5,288,Snow fall: Light,0,0,Snowy Conditions
5725,2022-03-27 00:30:00,40.609505,-74.181885,0,0,Unspecified,4513902,7.5,-1.1,0.3,0.3,0.07,3.0,71,26.4,47.5,288,Snow fall: Light,0,0,Snowy Conditions
5726,2022-03-27 05:00:00,40.80549,-73.937965,0,0,Alcohol Involvement,4514169,7.5,-1.1,0.3,0.3,0.07,3.0,71,26.4,47.5,288,Snow fall: Light,0,0,Snowy Conditions
5727,2022-03-27 00:12:00,40.862442,-73.89715,1,0,Following Too Closely,4514207,7.5,-1.1,0.3,0.3,0.07,3.0,71,26.4,47.5,288,Snow fall: Light,1,1,Snowy Conditions
5728,2022-03-27 12:00:00,40.824253,-73.91581,0,0,Pedestrian/Bicyclist/Other Pedestrian Error/Confusion,4514380,7.5,-1.1,0.3,0.3,0.07,3.0,71,26.4,47.5,288,Snow fall: Light,0,0,Snowy Conditions
5729,2022-03-20 00:40:00,40.68553,-73.95656,1,0,Driver Inattention/Distraction,4514436,14.8,6.9,0.1,0.1,0.0,1.0,51,27.0,49.0,284,Drizzle: Light,1,1,
5730,2022-03-27 16:00:00,40.69364,-73.83256,0,0,Driver Inexperience,4513859,7.5,-1.1,0.3,0.3,0.07,3.0,71,26.4,47.5,288,Snow fall: Light,0,0,Snowy Conditions
5731,2022-03-27 12:30:00,40.599068,-73.996826,2,0,Driver Inattention/Distraction,4513815,7.5,-1.1,0.3,0.3,0.07,3.0,71,26.4,47.5,288,Snow fall: Light,2,2,Snowy Conditions
5732,2022-03-23 19:55:00,40.70166,-73.961464,0,0,Turning Improperly,4514678,8.4,1.3,2.2,2.2,0.0,3.0,55,19.6,34.6,73,Drizzle: Dense,0,0,
5733,2022-03-27 13:20:00,40.677155,-73.88773,0,0,Unspecified,4513851,7.5,-1.1,0.3,0.3,0.07,3.0,71,26.4,47.5,288,Snow fall: Light,0,0,Snowy Conditions
5734,2022-03-27 11:20:00,40.603874,-73.99544,0,0,Other Vehicular,4513817,7.5,-1.1,0.3,0.3,0.07,3.0,71,26.4,47.5,288,Snow fall: Light,0,0,Snowy Conditions
5735,2022-03-27 22:36:00,40.632954,-73.90416,0,0,Failure to Yield Right-of-Way,4514605,7.5,-1.1,0.3,0.3,0.07,3.0,71,26.4,47.5,288,Snow fall: Light,0,0,Snowy Conditions
5736,2022-03-27 04:35:00,40.75383,-73.81841,1,0,Driver Inattention/Distraction,4513895,7.5,-1.1,0.3,0.3,0.07,3.0,71,26.4,47.5,288,Snow fall: Light,1,1,Snowy Conditions
5737,2022-03-27 13:15:00,40.69893,-73.77037,0,0,Passing or Lane Usage Improper,4513777,7.5,-1.1,0.3,0.3,0.07,3.0,71,26.4,47.5,288,Snow fall: Light,0,0,Snowy Conditions
5738,2022-03-24 12:20:00,40.72101,-73.994,1,0,Unspecified,4514434,9.9,3.5,21.4,21.4,0.0,16.0,63,27.2,50.8,57,Rain: Moderate,1,1,
5739,2022-03-27 12:40:00,40.75979,-73.98793,1,0,Following Too Closely,4514069,7.5,-1.1,0.3,0.3,0.07,3.0,71,26.4,47.5,288,Snow fall: Light,1,1,Snowy Conditions
5740,2022-03-27 19:46:00,40.66928,-73.78021,1,0,Turning Improperly,4514105,7.5,-1.1,0.3,0.3,0.07,3.0,71,26.4,47.5,288,Snow fall: Light,1,1,Snowy Conditions
5741,2022-03-26 17:50:00,40.840637,-73.86624,0,0,Driver Inattention/Distraction,4514458,10.1,4.9,6.1,5.8,0.21,8.0,71,21.6,41.0,251,Snow fall: Light,0,0,Snowy Conditions
5742,2022-03-27 22:25:00,40.718792,-73.98902,1,0,Failure to Yield Right-of-Way,4514225,7.5,-1.1,0.3,0.3,0.07,3.0,71,26.4,47.5,288,Snow fall: Light,1,1,Snowy Conditions
5743,2022-03-13 04:00:00,40.665726,-73.96425,0,0,Driver Inattention/Distraction,4514441,2.8,-6.1,0.2,0.0,0.14,2.0,71,33.5,62.6,267,Snow fall: Light,0,0,Snowy Conditions
5744,2022-03-27 06:30:00,40.658703,-73.93013,0,0,Unspecified,4513804,7.5,-1.1,0.3,0.3,0.07,3.0,71,26.4,47.5,288,Snow fall: Light,0,0,Snowy Conditions
5745,2022-03-27 16:40:00,40.643356,-73.929504,0,0,Unspecified,4513875,7.5,-1.1,0.3,0.3,0.07,3.0,71,26.4,47.5,288,Snow fall: Light,0,0,Snowy Conditions
5746,2022-03-27 13:20:00,40.86429,-73.89323,0,0,Passenger Distraction,4513996,7.5,-1.1,0.3,0.3,0.07,3.0,71,26.4,47.5,288,Snow fall: Light,0,0,Snowy Conditions
5747,2022-03-27 17:30:00,40.66968,-73.91075,0,0,Unspecified,4514655,7.5,-1.1,0.3,0.3,0.07,3.0,71,26.4,47.5,288,Snow fall: Light,0,0,Snowy Conditions
5748,2022-03-27 19:40:00,40.823772,-73.87245,0,0,Following Too Closely,4514205,7.5,-1.1,0.3,0.3,0.07,3.0,71,26.4,47.5,288,Snow fall: Light,0,0,Snowy Conditions
5749,2022-03-22 07:05:00,40.738415,-73.84899,0,0,Failure to Yield Right-of-Way,4514679,12.8,3.9,0.0,0.0,0.0,0.0,3,23.1,44.3,311,Overcast,0,0,
5750,2022-03-27 21:00:00,40.7061,-73.73385,1,0,Unspecified,4513903,7.5,-1.1,0.3,0.3,0.07,3.0,71,26.4,47.5,288,Snow fall: Light,1,1,Snowy Conditions
5751,2022-03-24 07:30:00,40.63293,-74.11462,1,0,Traffic Control Disregarded,4514615,9.9,3.5,21.4,21.4,0.0,16.0,63,27.2,50.8,57,Rain: Moderate,1,1,
5752,2022-03-27 15:12:00,40.711845,-73.859764,1,0,Unspecified,4513821,7.5,-1.1,0.3,0.3,0.07,3.0,71,26.4,47.5,288,Snow fall: Light,1,1,Snowy Conditions
5753,2022-03-15 07:10:00,40.795456,-73.96564,0,0,Unspecified,4514502,15.8,3.2,0.0,0.0,0.0,0.0,3,21.5,36.4,211,Overcast,0,0,
5754,2022-03-27 09:30:00,40.68888,-73.960014,0,0,Driver Inattention/Distraction,4514255,7.5,-1.1,0.3,0.3,0.07,3.0,71,26.4,47.5,288,Snow fall: Light,0,0,Snowy Conditions
5755,2022-03-27 17:13:00,40.68936,-73.7848,1,0,Pedestrian/Bicyclist/Other Pedestrian Error/Confusion,4514400,7.5,-1.1,0.3,0.3,0.07,3.0,71,26.4,47.5,288,Snow fall: Light,1,1,Snowy Conditions
5756,2022-03-26 04:42:00,40.896393,-73.896805,0,0,Driver Inattention/Distraction,4514493,10.1,4.9,6.1,5.8,0.21,8.0,71,21.6,41.0,251,Snow fall: Light,0,0,Snowy Conditions
5757,2022-03-21 08:10:00,40.88754,-73.86501,0,0,Unsafe Speed,4514587,15.6,5.0,0.0,0.0,0.0,0.0,3,30.0,53.6,299,Overcast,0,0,