,CRASH DATETIME,LATITUDE,LONGITUDE,NUMBER OF PERSONS INJURED,NUMBER OF PERSONS KILLED,CONTRIBUTING FACTOR VEHICLE 1,COLLISION_ID,temperature_2m_max,temperature_2m_min,precipitation_sum,rain_sum,snowfall_sum,precipitation_hours,weather_code,wind_speed_10m_max,wind_gusts_10m_max,wind_direction_10m_dominant,Weather Description,Severity_Score,Total_Affected_Persons,Weather_Category
5758,2022-02-28 14:30:00,40.658703,-73.87673,0,0,Passing or Lane Usage Improper,4514562,1.5,-4.8,0.0,0.0,0.0,0.0,3,22.9,42.8,329,Overcast,0,0,
5759,2022-03-27 08:00:00,40.82552,-73.82619,0,0,Unspecified,4514101,7.5,-1.1,0.3,0.3,0.07,3.0,71,26.4,47.5,288,Snow fall: Light,0,0,Snowy Conditions
5760,2022-03-27 07:15:00,40.70807,-73.94333,1,0,Driver Inattention/Distraction,4513965,7.5,-1.1,0.3,0.3,0.07,3.0,71,26.4,47.5,288,Snow fall: Light,1,1,Snowy Conditions
5761,2022-03-27 19:50:00,40.858562,-73.88544,0,0,Other Vehicular,4514177,7.5,-1.1,0.3,0.3,0.07,3.0,71,26.4,47.5,288,Snow fall: Light,0,0,Snowy Conditions
5762,2022-03-26 04:27:00,40.66968,-73.91075,1,0,Driver Inattention/Distraction,4514644,10.1,4.9,6.1,5.8,0.21,8.0,71,21.6,41.0,251,Snow fall: Light,1,1,Snowy Conditions
5763,2022-03-27 21:25:00,40.76147,-73.818085,2,0,Aggressive Driving/Road Rage,4513910,7.5,-1.1,0.3,0.3,0.07,3.0,71,26.4,47.5,288,Snow fall: Light,2,2,Snowy Conditions
5764,2022-03-21 13:30:00,40.749638,-73.99905,1,0,Unspecified,4514509,15.6,5.0,0.0,0.0,0.0,0.0,3,30.0,53.6,299,Overcast,1,1,
5765,2022-03-27 23:44:00,40.637135,-74.11636,0,0,Unspecified,4514703,7.5,-1.1,0.3,0.3,0.07,3.0,71,26.4,47.5,288,Snow fall: Light,0,0,Snowy Conditions
5766,2022-03-27 01:50:00,40.69108,-73.98439,0,0,Backing Unsafely,4514136,7.5,-1.1,0.3,0.3,0.07,3.0,71,26.4,47.5,288,Snow fall: Light,0,0,Snowy Conditions
5767,2022-03-27 19:20:00,40.762486,-73.96298,0,0,Driver Inattention/Distraction,4513980,7.5,-1.1,0.3,0.3,0.07,3.0,71,26.4,47.5,288,Snow fall: Light,0,0,Snowy Conditions
5768,2022-03-27 10:25:00,40.687748,-73.96979,0,0,Driver Inattention/Distraction,4514138,7.5,-1.1,0.3,0.3,0.07,3.0,71,26.4,47.5,288,Snow fall: Light,0,0,Snowy Conditions
5769,2022-03-27 13:50:00,40.694492,-73.80361,0,0,Unspecified,4514091,7.5,-1.1,0.3,0.3,0.07,3.0,71,26.4,47.5,288,Snow fall: Light,0,0,Snowy Conditions
5770,2022-03-27 01:15:00,40.757248,-73.864555,0,0,Alcohol Involvement,4513632,7.5,-1.1,0.3,0.3,0.07,3.0,71,26.4,47.5,288,Snow fall: Light,0,0,Snowy Conditions
5771,2022-03-23 03:07:00,40.683502,-73.91152,1,0,Following Too Closely,4514628,8.4,1.3,2.2,2.2,0.0,3.0,55,19.6,34.6,73,Drizzle: Dense,1,1,
5772,2022-03-27 15:15:00,40.6678,-73.801414,0,0,Following Too Closely,4513940,7.5,-1.1,0.3,0.3,0.07,3.0,71,26.4,47.5,288,Snow fall: Light,0,0,Snowy Conditions
5773,2022-03-24 16:45:00,40.86446,-73.91895,0,0,Unspecified,4514487,9.9,3.5,21.4,21.4,0.0,16.0,63,27.2,50.8,57,Rain: Moderate,0,0,
5774,2022-03-27 00:10:00,40.606613,-73.990906,1,0,Fell Asleep,4513693,7.5,-1.1,0.3,0.3,0.07,3.0,71,26.4,47.5,288,Snow fall: Light,1,1,Snowy Conditions
5775,2022-03-27 21:01:00,40.779865,-73.78053,0,0,Unsafe Speed,4513909,7.5,-1.1,0.3,0.3,0.07,3.0,71,26.4,47.5,288,Snow fall: Light,0,0,Snowy Conditions
5776,2022-03-27 04:54:00,40.59502,-73.76852,0,0,Passing Too Closely,4514092,7.5,-1.1,0.3,0.3,0.07,3.0,71,26.4,47.5,288,Snow fall: Light,0,0,Snowy Conditions
5777,2022-03-27 19:50:00,40.706852,-73.948204,0,0,Backing Unsafely,4513966,7.5,-1.1,0.3,0.3,0.07,3.0,71,26.4,47.5,288,Snow fall: Light,0,0,Snowy Conditions
5778,2022-03-24 09:00:00,40.84519,-73.91339,0,0,Passing Too Closely,4514473,9.9,3.5,21.4,21.4,0.0,16.0,63,27.2,50.8,57,Rain: Moderate,0,0,
5779,2022-03-27 17:45:00,40.884758,-73.89954,2,0,Other Vehicular,4514507,7.5,-1.1,0.3,0.3,0.07,3.0,71,26.4,47.5,288,Snow fall: Light,2,2,Snowy Conditions
5780,2021-02-27 21:00:00,40.844753,-73.90539,1,0,Following Too Closely,4396726,11.4,1.4,12.0,12.0,0.0,11.0,61,18.9,37.1,197,Rain: Light,1,1,
5781,2022-03-27 04:50:00,40.74197,-73.84116,0,0,Unspecified,4514023,7.5,-1.1,0.3,0.3,0.07,3.0,71,26.4,47.5,288,Snow fall: Light,0,0,Snowy Conditions
5782,2022-03-27 04:10:00,40.6148,-74.12066,0,0,Unspecified,4514613,7.5,-1.1,0.3,0.3,0.07,3.0,71,26.4,47.5,288,Snow fall: Light,0,0,Snowy Conditions
5783,2021-04-23 18:56:00,40.86187,-73.89178,0,0,Unsafe Lane Changing,4410480,15.5,2.0,0.0,0.0,0.0,0.0,3,28.7,57.2,273,Overcast,0,0,
5784,2021-04-20 19:05:00,40.696342,-73.97644,1,0,,4411155,21.4,6.5,0.0,0.0,0.0,0.0,3,26.0,56.2,223,Overcast,1,1,
5785,2021-04-20 14:44:00,40.769615,-73.98978,0,0,Driver Inattention/Distraction,4411216,21.4,6.5,0.0,0.0,0.0,0.0,3,26.0,56.2,223,Overcast,0,0,
5786,2021-04-04 16:27:00,40.71883,-73.840256,1,0,Passing Too Closely,4405495,16.2,3.4,0.0,0.0,0.0,0.0,3,18.5,33.1,302,Overcast,1,1,
5787,2022-03-27 02:03:00,40.81339,-73.95627,0,0,Following Too Closely,4513820,7.5,-1.1,0.3,0.3,0.07,3.0,71,26.4,47.5,288,Snow fall: Light,0,0,Snowy Conditions
5788,2021-04-25 14:50:00,40.759903,-73.76033,1,0,Driver Inattention/Distraction,4410368,16.6,8.7,12.7,12.7,0.0,11.0,61,19.2,37.4,341,Rain: Light,1,1,
5789,2021-04-25 03:00:00,40.714592,-73.93877,0,0,Passing or Lane Usage Improper,4410547,16.6,8.7,12.7,12.7,0.0,11.0,61,19.2,37.4,341,Rain: Light,0,0,
5790,2021-04-25 15:58:00,40.823666,-73.914116,1,0,Following Too Closely,4410452,16.6,8.7,12.7,12.7,0.0,11.0,61,19.2,37.4,341,Rain: Light,1,1,
5791,2021-04-22 07:00:00,40.736885,-73.80765,0,0,Unspecified,4410988,7.9,1.3,0.0,0.0,0.0,0.0,3,34.0,64.4,289,Overcast,0,0,
5792,2021-04-24 00:00:00,40.846527,-73.88098,0,0,Passing Too Closely,4410946,19.7,6.0,0.0,0.0,0.0,0.0,3,26.7,49.3,232,Overcast,0,0,
5793,2021-04-25 00:01:00,40.715954,-73.986725,0,0,Unspecified,4410024,16.6,8.7,12.7,12.7,0.0,11.0,61,19.2,37.4,341,Rain: Light,0,0,
5794,2021-04-25 17:45:00,40.661484,-73.741974,0,0,Unspecified,4410426,16.6,8.7,12.7,12.7,0.0,11.0,61,19.2,37.4,341,Rain: Light,0,0,
5795,2021-04-25 10:00:00,40.805637,-73.9344,1,0,Backing Unsafely,4410641,16.6,8.7,12.7,12.7,0.0,11.0,61,19.2,37.4,341,Rain: Light,1,1,
5796,2021-04-25 17:58:00,40.802914,-73.92029,5,0,Unspecified,4410494,16.6,8.7,12.7,12.7,0.0,11.0,61,19.2,37.4,341,Rain: Light,5,5,
5797,2021-04-25 06:03:00,40.763573,-73.92189,1,0,Traffic Control Disregarded,4410907,16.6,8.7,12.7,12.7,0.0,11.0,61,19.2,37.4,341,Rain: Light,1,1,
5798,2021-04-20 10:30:00,40.64609,-73.89691,0,0,Unspecified,4411056,21.4,6.5,0.0,0.0,0.0,0.0,3,26.0,56.2,223,Overcast,0,0,
5799,2021-04-25 01:15:00,40.74901,-73.83465,2,0,Passing or Lane Usage Improper,4410038,16.6,8.7,12.7,12.7,0.0,11.0,61,19.2,37.4,341,Rain: Light,2,2,
5800,2021-04-25 16:32:00,40.62994,-73.94646,0,0,Unspecified,4410508,16.6,8.7,12.7,12.7,0.0,11.0,61,19.2,37.4,341,Rain: Light,0,0,
5801,2021-03-03 06:30:00,40.735596,-73.79224,0,0,Other Vehicular,4411034,10.5,-3.1,0.0,0.0,0.0,0.0,2,20.6,39.6,263,Partly cloudy,0,0,
5802,2022-03-27 08:30:00,40.786556,-73.946594,0,0,Backing Unsafely,4513852,7.5,-1.1,0.3,0.3,0.07,3.0,71,26.4,47.5,288,Snow fall: Light,0,0,Snowy Conditions
5803,2021-04-25 03:10:00,40.629986,-73.97157,1,0,Unspecified,4410077,16.6,8.7,12.7,12.7,0.0,11.0,61,19.2,37.4,341,Rain: Light,1,1,
5804,2021-04-25 16:55:00,40.667236,-73.770004,0,0,Following Too Closely,4410339,16.6,8.7,12.7,12.7,0.0,11.0,61,19.2,37.4,341,Rain: Light,0,0,
5805,2021-04-25 17:48:00,40.85482,-73.9112,0,0,Unspecified,4410585,16.6,8.7,12.7,12.7,0.0,11.0,61,19.2,37.4,341,Rain: Light,0,0,
5806,2021-04-25 13:00:00,40.65478,-73.889984,0,0,Driver Inattention/Distraction,4410656,16.6,8.7,12.7,12.7,0.0,11.0,61,19.2,37.4,341,Rain: Light,0,0,
5807,2021-04-25 10:00:00,40.607685,-74.13892,0,0,Unspecified,4410698,16.6,8.7,12.7,12.7,0.0,11.0,61,19.2,37.4,341,Rain: Light,0,0,
5808,2021-04-25 13:52:00,40.680252,-73.73716,0,0,Driver Inattention/Distraction,4410275,16.6,8.7,12.7,12.7,0.0,11.0,61,19.2,37.4,341,Rain: Light,0,0,
5809,2021-04-25 05:20:00,40.633152,-74.01639,0,0,Alcohol Involvement,4410201,16.6,8.7,12.7,12.7,0.0,11.0,61,19.2,37.4,341,Rain: Light,0,0,
5810,2021-04-17 22:00:00,40.694546,-73.80212,0,0,Traffic Control Disregarded,4411075,11.8,4.9,0.3,0.3,0.0,2.0,51,17.1,32.4,313,Drizzle: Light,0,0,
5811,2021-04-23 16:50:00,0.0,0.0,0,0,Following Too Closely,4411114,15.5,2.0,0.0,0.0,0.0,0.0,3,28.7,57.2,273,Overcast,0,0,
5812,2021-04-25 00:38:00,40.60115,-73.97839,0,0,Unsafe Lane Changing,4410263,16.6,8.7,12.7,12.7,0.0,11.0,61,19.2,37.4,341,Rain: Light,0,0,
5813,2021-04-25 07:00:00,40.716114,-73.824905,0,0,Unsafe Lane Changing,4410204,16.6,8.7,12.7,12.7,0.0,11.0,61,19.2,37.4,341,Rain: Light,0,0,
5814,2021-04-25 03:30:00,40.634,-74.097275,0,0,Tire Failure/Inadequate,4411003,16.6,8.7,12.7,12.7,0.0,11.0,61,19.2,37.4,341,Rain: Light,0,0,
5815,2021-04-25 15:30:00,40.76831,-73.927246,0,0,Backing Unsafely,4410309,16.6,8.7,12.7,12.7,0.0,11.0,61,19.2,37.4,341,Rain: Light,0,0,
5816,2021-04-25 19:55:00,40.618633,-73.98009,1,0,Unspecified,4410684,16.6,8.7,12.7,12.7,0.0,11.0,61,19.2,37.4,341,Rain: Light,1,1,
5817,2021-04-25 16:15:00,40.578938,-73.98522,1,0,Driver Inattention/Distraction,4410474,16.6,8.7,12.7,12.7,0.0,11.0,61,19.2,37.4,341,Rain: Light,1,1,
5818,2021-04-25 10:24:00,40.712692,-73.925735,0,0,Driver Inattention/Distraction,4410519,16.6,8.7,12.7,12.7,0.0,11.0,61,19.2,37.4,341,Rain: Light,0,0,
5819,2021-04-25 08:00:00,40.715504,-73.740974,0,0,Unspecified,4410779,16.6,8.7,12.7,12.7,0.0,11.0,61,19.2,37.4,341,Rain: Light,0,0,
5820,2021-04-25 00:57:00,40.8354,-73.85525,1,0,Turning Improperly,4410601,16.6,8.7,12.7,12.7,0.0,11.0,61,19.2,37.4,341,Rain: Light,1,1,
5821,2021-04-25 19:30:00,40.748035,-74.00502,0,0,Passing or Lane Usage Improper,4410736,16.6,8.7,12.7,12.7,0.0,11.0,61,19.2,37.4,341,Rain: Light,0,0,
5822,2021-04-25 10:15:00,40.579803,-73.97184,0,0,Turning Improperly,4410170,16.6,8.7,12.7,12.7,0.0,11.0,61,19.2,37.4,341,Rain: Light,0,0,
5823,2021-04-25 11:51:00,40.622093,-74.01808,0,0,Alcohol Involvement,4410288,16.6,8.7,12.7,12.7,0.0,11.0,61,19.2,37.4,341,Rain: Light,0,0,
5824,2021-04-25 14:30:00,40.67403,-73.84063,0,0,Unsafe Speed,4410433,16.6,8.7,12.7,12.7,0.0,11.0,61,19.2,37.4,341,Rain: Light,0,0,
5825,2021-04-22 19:47:00,40.763428,-73.99271,1,0,Driver Inattention/Distraction,4411224,7.9,1.3,0.0,0.0,0.0,0.0,3,34.0,64.4,289,Overcast,1,1,
5826,2021-04-25 20:30:00,40.858044,-73.90527,0,0,Passing Too Closely,4410584,16.6,8.7,12.7,12.7,0.0,11.0,61,19.2,37.4,341,Rain: Light,0,0,
5827,2022-03-27 09:15:00,40.596443,-73.76474,0,0,Unspecified,4514247,7.5,-1.1,0.3,0.3,0.07,3.0,71,26.4,47.5,288,Snow fall: Light,0,0,Snowy Conditions
5828,2021-04-16 16:00:00,40.71263,-73.782486,0,0,Driver Inattention/Distraction,4411076,11.8,3.7,2.9,2.9,0.0,12.0,53,23.5,49.0,307,Drizzle: Moderate,0,0,
5829,2021-04-25 10:45:00,40.60148,-73.99306,0,0,Driver Inattention/Distraction,4410341,16.6,8.7,12.7,12.7,0.0,11.0,61,19.2,37.4,341,Rain: Light,0,0,
5830,2021-04-24 16:10:00,40.76129,-73.99053,1,0,Unspecified,4411203,19.7,6.0,0.0,0.0,0.0,0.0,3,26.7,49.3,232,Overcast,1,1,
5831,2021-04-25 15:35:00,40.85734,-73.85139,0,0,Reaction to Uninvolved Vehicle,4410393,16.6,8.7,12.7,12.7,0.0,11.0,61,19.2,37.4,341,Rain: Light,0,0,
5832,2021-04-22 17:47:00,40.826427,-73.950455,1,0,Unspecified,4411014,7.9,1.3,0.0,0.0,0.0,0.0,3,34.0,64.4,289,Overcast,1,1,
5833,2021-04-25 01:25:00,40.888596,-73.89068,0,0,Obstruction/Debris,4410238,16.6,8.7,12.7,12.7,0.0,11.0,61,19.2,37.4,341,Rain: Light,0,0,
5834,2021-04-24 16:45:00,40.76086,-73.9241,0,0,Unspecified,4410906,19.7,6.0,0.0,0.0,0.0,0.0,3,26.7,49.3,232,Overcast,0,0,
5835,2021-04-25 23:50:00,40.818184,-73.86125,0,0,Unspecified,4410615,16.6,8.7,12.7,12.7,0.0,11.0,61,19.2,37.4,341,Rain: Light,0,0,
5836,2021-04-25 16:50:00,40.679478,-73.893936,0,0,Unspecified,4410667,16.6,8.7,12.7,12.7,0.0,11.0,61,19.2,37.4,341,Rain: Light,0,0,
5837,2021-04-24 01:30:00,40.76229,-73.986115,0,0,Turning Improperly,4411217,19.7,6.0,0.0,0.0,0.0,0.0,3,26.7,49.3,232,Overcast,0,0,
5838,2021-04-20 09:20:00,40.646664,-74.088936,0,0,Backing Unsafely,4410995,21.4,6.5,0.0,0.0,0.0,0.0,3,26.0,56.2,223,Overcast,0,0,
5839,2021-04-25 11:45:00,40.8755,-73.876495,0,0,Brakes Defective,4410462,16.6,8.7,12.7,12.7,0.0,11.0,61,19.2,37.4,341,Rain: Light,0,0,
5840,2021-04-22 20:54:00,40.634163,-74.00736,1,0,Unspecified,4410963,7.9,1.3,0.0,0.0,0.0,0.0,3,34.0,64.4,289,Overcast,1,1,
5841,2021-04-25 00:00:00,40.647243,-73.96048,0,0,Other Vehicular,4410509,16.6,8.7,12.7,12.7,0.0,11.0,61,19.2,37.4,341,Rain: Light,0,0,
5842,2021-04-25 01:41:00,40.635185,-73.92862,0,0,Failure to Yield Right-of-Way,4410414,16.6,8.7,12.7,12.7,0.0,11.0,61,19.2,37.4,341,Rain: Light,0,0,
5843,2021-04-25 15:05:00,40.672745,-73.92119,2,0,Unsafe Speed,4410571,16.6,8.7,12.7,12.7,0.0,11.0,61,19.2,37.4,341,Rain: Light,2,2,
5844,2021-04-21 14:58:00,40.576275,-73.98796,1,0,Reaction to Uninvolved Vehicle,4411060,18.2,3.7,3.7,3.7,0.0,3.0,63,29.9,59.0,256,Rain: Moderate,1,1,
5845,2021-04-21 08:20:00,40.765224,-73.9317,0,0,Driver Inattention/Distraction,4410920,18.2,3.7,3.7,3.7,0.0,3.0,63,29.9,59.0,256,Rain: Moderate,0,0,
5846,2021-04-24 22:45:00,40.69773,-73.81409,2,0,Following Too Closely,4411081,19.7,6.0,0.0,0.0,0.0,0.0,3,26.7,49.3,232,Overcast,2,2,
5847,2022-03-27 08:00:00,40.694523,-73.85873,0,0,Passing Too Closely,4513933,7.5,-1.1,0.3,0.3,0.07,3.0,71,26.4,47.5,288,Snow fall: Light,0,0,Snowy Conditions
5848,2021-04-25 21:52:00,40.665794,-73.7464,0,0,Reaction to Uninvolved Vehicle,4410427,16.6,8.7,12.7,12.7,0.0,11.0,61,19.2,37.4,341,Rain: Light,0,0,
5849,2021-04-25 03:01:00,40.857758,-73.90095,0,0,Alcohol Involvement,4410539,16.6,8.7,12.7,12.7,0.0,11.0,61,19.2,37.4,341,Rain: Light,0,0,
5850,2021-04-25 17:00:00,40.817017,-73.916214,0,0,Other Vehicular,4410496,16.6,8.7,12.7,12.7,0.0,11.0,61,19.2,37.4,341,Rain: Light,0,0,
5851,2021-04-23 19:07:00,40.846657,-73.89619,1,0,Traffic Control Disregarded,4410974,15.5,2.0,0.0,0.0,0.0,0.0,3,28.7,57.2,273,Overcast,1,1,
5852,2021-04-25 01:02:00,40.72696,-73.841385,0,0,Driver Inattention/Distraction,4410030,16.6,8.7,12.7,12.7,0.0,11.0,61,19.2,37.4,341,Rain: Light,0,0,
5853,2021-04-22 14:00:00,40.732082,-73.92033,0,0,Unspecified,4411020,7.9,1.3,0.0,0.0,0.0,0.0,3,34.0,64.4,289,Overcast,0,0,
5854,2021-04-21 13:30:00,40.77592,-73.956116,0,0,Driver Inattention/Distraction,4411190,18.2,3.7,3.7,3.7,0.0,3.0,63,29.9,59.0,256,Rain: Moderate,0,0,
5855,2021-04-25 01:39:00,40.677746,-73.73096,0,1,,4410383,16.6,8.7,12.7,12.7,0.0,11.0,61,19.2,37.4,341,Rain: Light,20,1,
5856,2021-04-20 18:20:00,40.692142,-73.97067,0,0,Unspecified,4411154,21.4,6.5,0.0,0.0,0.0,0.0,3,26.0,56.2,223,Overcast,0,0,
5857,2021-04-06 14:50:00,40.81969,-73.90161,1,0,Driver Inattention/Distraction,4410943,18.3,4.8,0.0,0.0,0.0,0.0,1,21.9,38.9,319,Mainly clear,1,1,Sunny/Clear Conditions
5858,2021-04-25 00:30:00,40.71699,-73.82402,0,0,Unsafe Speed,4410039,16.6,8.7,12.7,12.7,0.0,11.0,61,19.2,37.4,341,Rain: Light,0,0,
5859,2021-04-21 18:30:00,40.649635,-73.9379,1,0,Alcohol Involvement,4410987,18.2,3.7,3.7,3.7,0.0,3.0,63,29.9,59.0,256,Rain: Moderate,1,1,
5860,2021-04-25 02:15:00,40.86159,-73.91295,0,0,Following Too Closely,4410349,16.6,8.7,12.7,12.7,0.0,11.0,61,19.2,37.4,341,Rain: Light,0,0,
5861,2021-04-25 17:30:00,40.69955,-73.747734,4,0,Glare,4410504,16.6,8.7,12.7,12.7,0.0,11.0,61,19.2,37.4,341,Rain: Light,4,4,
5862,2021-04-12 22:56:00,40.690563,-73.94536,1,0,Alcohol Involvement,4411036,8.7,6.7,13.6,13.6,0.0,21.0,61,23.4,42.1,51,Rain: Light,1,1,
5863,2021-04-25 00:15:00,40.62958,-74.01212,1,0,Traffic Control Disregarded,4410415,16.6,8.7,12.7,12.7,0.0,11.0,61,19.2,37.4,341,Rain: Light,1,1,
5864,2021-04-25 20:46:00,40.662674,-73.94562,2,0,Failure to Yield Right-of-Way,4410819,16.6,8.7,12.7,12.7,0.0,11.0,61,19.2,37.4,341,Rain: Light,2,2,
5865,2021-04-17 15:49:00,40.750294,-73.99485,0,0,Passing or Lane Usage Improper,4410918,11.8,4.9,0.3,0.3,0.0,2.0,51,17.1,32.4,313,Drizzle: Light,0,0,
5866,2021-04-25 16:40:00,40.602684,-73.94232,2,0,Unspecified,4410453,16.6,8.7,12.7,12.7,0.0,11.0,61,19.2,37.4,341,Rain: Light,2,2,
5867,2021-04-24 15:47:00,40.635258,-73.92745,1,0,Driver Inattention/Distraction,4411125,19.7,6.0,0.0,0.0,0.0,0.0,3,26.7,49.3,232,Overcast,1,1,
5868,2021-04-24 06:45:00,40.728516,-73.88428,1,0,Following Too Closely,4411009,19.7,6.0,0.0,0.0,0.0,0.0,3,26.7,49.3,232,Overcast,1,1,
5869,2021-04-25 06:52:00,40.68029,-73.80807,0,0,Following Too Closely,4410233,16.6,8.7,12.7,12.7,0.0,11.0,61,19.2,37.4,341,Rain: Light,0,0,
5870,2021-04-25 00:15:00,40.61312,-73.9894,0,0,Alcohol Involvement,4410264,16.6,8.7,12.7,12.7,0.0,11.0,61,19.2,37.4,341,Rain: Light,0,0,
5871,2021-04-25 12:05:00,40.75757,-73.77668,0,0,Driver Inattention/Distraction,4410609,16.6,8.7,12.7,12.7,0.0,11.0,61,19.2,37.4,341,Rain: Light,0,0,
5872,2021-04-25 06:30:00,40.69985,-73.80974,0,0,Passing or Lane Usage Improper,4411086,16.6,8.7,12.7,12.7,0.0,11.0,61,19.2,37.4,341,Rain: Light,0,0,
5873,2021-04-25 16:40:00,40.6338,-73.8897,5,0,Unspecified,4410369,16.6,8.7,12.7,12.7,0.0,11.0,61,19.2,37.4,341,Rain: Light,5,5,
5874,2021-04-25 18:00:00,40.82472,-73.87147,0,0,Unspecified,4410766,16.6,8.7,12.7,12.7,0.0,11.0,61,19.2,37.4,341,Rain: Light,0,0,
5875,2021-04-22 11:00:00,40.651325,-73.93906,1,0,Driver Inattention/Distraction,4411055,7.9,1.3,0.0,0.0,0.0,0.0,3,34.0,64.4,289,Overcast,1,1,
5876,2021-04-25 06:30:00,40.83472,-73.91121,0,0,Driver Inattention/Distraction,4410175,16.6,8.7,12.7,12.7,0.0,11.0,61,19.2,37.4,341,Rain: Light,0,0,
5877,2021-04-25 16:35:00,40.847897,-73.92499,0,0,Driver Inattention/Distraction,4410546,16.6,8.7,12.7,12.7,0.0,11.0,61,19.2,37.4,341,Rain: Light,0,0,
5878,2021-04-25 23:18:00,40.8307,-73.88519,2,0,Unspecified,4410617,16.6,8.7,12.7,12.7,0.0,11.0,61,19.2,37.4,341,Rain: Light,2,2,
5879,2021-04-25 10:46:00,40.662125,-73.90106,0,0,Unspecified,4410257,16.6,8.7,12.7,12.7,0.0,11.0,61,19.2,37.4,341,Rain: Light,0,0,
5880,2021-04-25 03:23:00,40.83772,-73.92763,0,0,Failure to Yield Right-of-Way,4410430,16.6,8.7,12.7,12.7,0.0,11.0,61,19.2,37.4,341,Rain: Light,0,0,
5881,2022-03-25 12:30:00,40.66479,-73.91532,0,0,Unsafe Speed,4514639,15.6,5.3,5.7,5.7,0.0,4.0,63,27.6,52.2,274,Rain: Moderate,0,0,
5882,2021-04-25 10:36:00,40.698254,-73.90878,0,0,Driver Inattention/Distraction,4410782,16.6,8.7,12.7,12.7,0.0,11.0,61,19.2,37.4,341,Rain: Light,0,0,
5883,2021-04-25 20:25:00,40.654133,-74.01169,0,0,Passing Too Closely,4410360,16.6,8.7,12.7,12.7,0.0,11.0,61,19.2,37.4,341,Rain: Light,0,0,
5884,2021-04-25 03:15:00,40.716778,-73.95602,0,0,Pavement Slippery,4410440,16.6,8.7,12.7,12.7,0.0,11.0,61,19.2,37.4,341,Rain: Light,0,0,
5885,2022-03-27 04:10:00,40.746788,-73.871925,0,0,Passing or Lane Usage Improper,4513807,7.5,-1.1,0.3,0.3,0.07,3.0,71,26.4,47.5,288,Snow fall: Light,0,0,Snowy Conditions
5886,2021-04-15 10:10:00,40.694637,-73.949066,0,0,Driver Inattention/Distraction,4411065,12.9,7.7,15.9,15.9,0.0,15.0,63,17.3,32.0,166,Rain: Moderate,0,0,
5887,2021-04-22 20:25:00,40.758553,-73.919334,1,0,Pedestrian/Bicyclist/Other Pedestrian Error/Confusion,4410924,7.9,1.3,0.0,0.0,0.0,0.0,3,34.0,64.4,289,Overcast,1,1,
5888,2021-04-25 03:35:00,40.622234,-73.990685,2,0,Alcohol Involvement,4411207,16.6,8.7,12.7,12.7,0.0,11.0,61,19.2,37.4,341,Rain: Light,2,2,
5889,2021-04-25 00:05:00,40.68417,-73.86565,0,0,Passing or Lane Usage Improper,4410595,16.6,8.7,12.7,12.7,0.0,11.0,61,19.2,37.4,341,Rain: Light,0,0,
5890,2021-04-25 02:10:00,40.74764,-73.986626,0,0,Unspecified,4410045,16.6,8.7,12.7,12.7,0.0,11.0,61,19.2,37.4,341,Rain: Light,0,0,
5891,2021-04-25 21:30:00,40.79147,-73.97411,0,0,Backing Unsafely,4410734,16.6,8.7,12.7,12.7,0.0,11.0,61,19.2,37.4,341,Rain: Light,0,0,
5892,2021-04-25 15:12:00,40.62534,-73.955284,0,0,Unspecified,4410313,16.6,8.7,12.7,12.7,0.0,11.0,61,19.2,37.4,341,Rain: Light,0,0,
5893,2021-04-25 08:55:00,40.660442,-73.95688,0,0,Driver Inattention/Distraction,4410640,16.6,8.7,12.7,12.7,0.0,11.0,61,19.2,37.4,341,Rain: Light,0,0,
5894,2021-04-25 11:30:00,40.75254,-73.85261,0,0,Driver Inattention/Distraction,4410557,16.6,8.7,12.7,12.7,0.0,11.0,61,19.2,37.4,341,Rain: Light,0,0,
5895,2021-04-25 20:36:00,40.74385,-73.85522,0,0,Unspecified,4410470,16.6,8.7,12.7,12.7,0.0,11.0,61,19.2,37.4,341,Rain: Light,0,0,
5896,2021-04-14 19:18:00,40.72919,-73.98724,0,0,Driver Inattention/Distraction,4411231,19.7,5.4,0.0,0.0,0.0,0.0,3,20.8,39.6,227,Overcast,0,0,
5897,2021-04-24 19:37:00,40.6394,-74.08578,1,0,Driver Inattention/Distraction,4411002,19.7,6.0,0.0,0.0,0.0,0.0,3,26.7,49.3,232,Overcast,1,1,
5898,2021-04-25 18:37:00,40.66735,-73.76994,0,0,Following Too Closely,4410515,16.6,8.7,12.7,12.7,0.0,11.0,61,19.2,37.4,341,Rain: Light,0,0,
5899,2021-04-22 23:50:00,40.761826,-73.90676,0,0,Driver Inattention/Distraction,4410925,7.9,1.3,0.0,0.0,0.0,0.0,3,34.0,64.4,289,Overcast,0,0,
5900,2021-04-25 15:30:00,40.758144,-73.989845,0,0,Backing Unsafely,4410391,16.6,8.7,12.7,12.7,0.0,11.0,61,19.2,37.4,341,Rain: Light,0,0,
5901,2021-04-25 01:54:00,40.737865,-74.00019,1,0,Driver Inattention/Distraction,4410767,16.6,8.7,12.7,12.7,0.0,11.0,61,19.2,37.4,341,Rain: Light,1,1,
5902,2021-04-21 14:20:00,40.720318,-73.96173,1,0,Unspecified,4410902,18.2,3.7,3.7,3.7,0.0,3.0,63,29.9,59.0,256,Rain: Moderate,1,1,