,CRASH DATETIME,LATITUDE,LONGITUDE,NUMBER OF PERSONS INJURED,NUMBER OF PERSONS KILLED,CONTRIBUTING FACTOR VEHICLE 1,COLLISION_ID,temperature_2m_max,temperature_2m_min,precipitation_sum,rain_sum,snowfall_sum,precipitation_hours,weather_code,wind_speed_10m_max,wind_gusts_10m_max,wind_direction_10m_dominant,Weather Description,Severity_Score,Total_Affected_Persons,Weather_Category
5903,2021-04-25 23:40:00,40.583626,-73.98407,0,0,Unsafe Speed,4410436,16.6,8.7,12.7,12.7,0.0,11.0,61,19.2,37.4,341,Rain: Light,0,0,
5904,2021-04-25 11:00:00,40.673107,-73.87291,0,0,Unspecified,4410655,16.6,8.7,12.7,12.7,0.0,11.0,61,19.2,37.4,341,Rain: Light,0,0,
5905,2021-04-25 05:25:00,40.665257,-73.739555,0,0,Pavement Slippery,4410088,16.6,8.7,12.7,12.7,0.0,11.0,61,19.2,37.4,341,Rain: Light,0,0,
5906,2021-04-25 22:35:00,40.70871,-73.936516,2,0,Unsafe Speed,4410533,16.6,8.7,12.7,12.7,0.0,11.0,61,19.2,37.4,341,Rain: Light,2,2,
5907,2021-04-25 14:00:00,40.64124,-73.943726,1,0,View Obstructed/Limited,4410271,16.6,8.7,12.7,12.7,0.0,11.0,61,19.2,37.4,341,Rain: Light,1,1,
5908,2021-04-25 19:28:00,40.87716,-73.865776,0,0,Driver Inattention/Distraction,4410541,16.6,8.7,12.7,12.7,0.0,11.0,61,19.2,37.4,341,Rain: Light,0,0,
5909,2021-04-25 17:38:00,40.826466,-73.83013,3,0,Unspecified,4410525,16.6,8.7,12.7,12.7,0.0,11.0,61,19.2,37.4,341,Rain: Light,3,3,
5910,2021-04-23 17:40:00,40.636047,-74.00742,0,0,Unspecified,4410961,15.5,2.0,0.0,0.0,0.0,0.0,3,28.7,57.2,273,Overcast,0,0,
5911,2021-04-25 19:10:00,40.82773,-73.94952,3,0,Glare,4410458,16.6,8.7,12.7,12.7,0.0,11.0,61,19.2,37.4,341,Rain: Light,3,3,
5912,2021-04-22 16:49:00,40.675236,-73.97106,1,0,Unspecified,4410979,7.9,1.3,0.0,0.0,0.0,0.0,3,34.0,64.4,289,Overcast,1,1,
5913,2021-04-25 02:30:00,40.71718,-73.98311,0,0,Driver Inattention/Distraction,4410031,16.6,8.7,12.7,12.7,0.0,11.0,61,19.2,37.4,341,Rain: Light,0,0,
5914,2021-03-04 16:15:00,40.699436,-73.91229,0,0,Passing Too Closely,4411022,5.5,-2.7,0.0,0.0,0.0,0.0,3,32.4,61.6,310,Overcast,0,0,
5915,2021-04-25 16:00:00,40.72121,-74.00037,0,0,Unspecified,4410863,16.6,8.7,12.7,12.7,0.0,11.0,61,19.2,37.4,341,Rain: Light,0,0,
5916,2021-04-21 04:58:00,40.786808,-73.94524,2,0,Fell Asleep,4411187,18.2,3.7,3.7,3.7,0.0,3.0,63,29.9,59.0,256,Rain: Moderate,2,2,
5917,2021-04-25 05:30:00,40.713497,-73.75714,0,0,Unspecified,4411087,16.6,8.7,12.7,12.7,0.0,11.0,61,19.2,37.4,341,Rain: Light,0,0,
5918,2021-04-25 06:04:00,40.80208,-73.937,0,0,Backing Unsafely,4410632,16.6,8.7,12.7,12.7,0.0,11.0,61,19.2,37.4,341,Rain: Light,0,0,
5919,2021-04-25 08:55:00,40.752117,-73.97556,2,0,Driver Inattention/Distraction,4410252,16.6,8.7,12.7,12.7,0.0,11.0,61,19.2,37.4,341,Rain: Light,2,2,
5920,2021-04-25 09:30:00,40.7528,-73.979294,1,0,Driver Inattention/Distraction,4410258,16.6,8.7,12.7,12.7,0.0,11.0,61,19.2,37.4,341,Rain: Light,1,1,
5921,2021-04-25 16:39:00,40.66018,-73.91414,4,0,Unspecified,4410572,16.6,8.7,12.7,12.7,0.0,11.0,61,19.2,37.4,341,Rain: Light,4,4,
5922,2021-04-12 08:08:00,40.69813,-73.89014,0,0,Passing Too Closely,4411018,8.7,6.7,13.6,13.6,0.0,21.0,61,23.4,42.1,51,Rain: Light,0,0,
5923,2021-04-25 06:00:00,40.696033,-73.98453,0,0,Failure to Yield Right-of-Way,4410282,16.6,8.7,12.7,12.7,0.0,11.0,61,19.2,37.4,341,Rain: Light,0,0,
5924,2021-04-25 03:30:00,40.688652,-73.84709,0,0,Alcohol Involvement,4410611,16.6,8.7,12.7,12.7,0.0,11.0,61,19.2,37.4,341,Rain: Light,0,0,
5925,2021-04-16 18:00:00,40.68218,-73.94659,1,0,Turning Improperly,4411059,11.8,3.7,2.9,2.9,0.0,12.0,53,23.5,49.0,307,Drizzle: Moderate,1,1,
5926,2021-04-25 17:08:00,40.762054,-73.74458,0,0,Backing Unsafely,4410359,16.6,8.7,12.7,12.7,0.0,11.0,61,19.2,37.4,341,Rain: Light,0,0,
5927,2021-04-25 21:55:00,40.66041,-73.93424,2,0,Traffic Control Disregarded,4410668,16.6,8.7,12.7,12.7,0.0,11.0,61,19.2,37.4,341,Rain: Light,2,2,
5928,2021-04-25 06:10:00,40.679996,-73.787445,0,0,Failure to Yield Right-of-Way,4410166,16.6,8.7,12.7,12.7,0.0,11.0,61,19.2,37.4,341,Rain: Light,0,0,
5929,2021-04-25 07:07:00,40.66996,-73.90889,0,0,Unspecified,4410573,16.6,8.7,12.7,12.7,0.0,11.0,61,19.2,37.4,341,Rain: Light,0,0,
5930,2021-04-25 00:40:00,40.662807,-73.89646,0,0,Following Too Closely,4410663,16.6,8.7,12.7,12.7,0.0,11.0,61,19.2,37.4,341,Rain: Light,0,0,
5931,2021-04-25 19:18:00,40.822678,-73.842575,0,0,Unspecified,4410743,16.6,8.7,12.7,12.7,0.0,11.0,61,19.2,37.4,341,Rain: Light,0,0,
5932,2021-04-25 07:49:00,40.83829,-73.930016,1,0,Following Too Closely,4410177,16.6,8.7,12.7,12.7,0.0,11.0,61,19.2,37.4,341,Rain: Light,1,1,
5933,2021-04-25 00:00:00,40.84857,-73.892075,0,0,Driver Inattention/Distraction,4410278,16.6,8.7,12.7,12.7,0.0,11.0,61,19.2,37.4,341,Rain: Light,0,0,
5934,2021-04-17 02:00:00,40.684,-73.95031,1,0,Driver Inattention/Distraction,4411066,11.8,4.9,0.3,0.3,0.0,2.0,51,17.1,32.4,313,Drizzle: Light,1,1,
5935,2021-04-25 16:10:00,40.776016,-73.98724,0,0,Driver Inattention/Distraction,4410344,16.6,8.7,12.7,12.7,0.0,11.0,61,19.2,37.4,341,Rain: Light,0,0,
5936,2021-04-25 12:30:00,40.7642,-73.9557,0,0,Driver Inattention/Distraction,4410506,16.6,8.7,12.7,12.7,0.0,11.0,61,19.2,37.4,341,Rain: Light,0,0,
5937,2021-04-25 22:10:00,40.6843,-73.94121,0,0,Unsafe Lane Changing,4411061,16.6,8.7,12.7,12.7,0.0,11.0,61,19.2,37.4,341,Rain: Light,0,0,
5938,2021-04-25 00:00:00,40.83829,-73.930016,1,0,Pavement Slippery,4410862,16.6,8.7,12.7,12.7,0.0,11.0,61,19.2,37.4,341,Rain: Light,1,1,
5939,2021-04-25 14:50:00,40.63729,-74.115005,1,0,Failure to Yield Right-of-Way,4411006,16.6,8.7,12.7,12.7,0.0,11.0,61,19.2,37.4,341,Rain: Light,1,1,
5940,2021-04-25 03:18:00,40.895195,-73.88012,1,0,Pavement Slippery,4410225,16.6,8.7,12.7,12.7,0.0,11.0,61,19.2,37.4,341,Rain: Light,1,1,
5941,2021-04-25 08:30:00,40.761143,-73.75549,0,0,Pavement Slippery,4410370,16.6,8.7,12.7,12.7,0.0,11.0,61,19.2,37.4,341,Rain: Light,0,0,
5942,2021-04-25 04:19:00,40.843994,-73.89752,3,0,Other Vehicular,4410087,16.6,8.7,12.7,12.7,0.0,11.0,61,19.2,37.4,341,Rain: Light,3,3,
5943,2021-04-25 16:00:00,40.638542,-73.92604,3,0,Traffic Control Disregarded,4410314,16.6,8.7,12.7,12.7,0.0,11.0,61,19.2,37.4,341,Rain: Light,3,3,
5944,2021-04-22 15:15:00,40.790466,-73.942566,0,0,Unspecified,4411191,7.9,1.3,0.0,0.0,0.0,0.0,3,34.0,64.4,289,Overcast,0,0,
5945,2021-04-25 23:39:00,40.86268,-73.90905,1,0,Driver Inattention/Distraction,4410562,16.6,8.7,12.7,12.7,0.0,11.0,61,19.2,37.4,341,Rain: Light,1,1,
5946,2021-04-25 12:53:00,40.64439,-73.94987,5,0,Unspecified,4410296,16.6,8.7,12.7,12.7,0.0,11.0,61,19.2,37.4,341,Rain: Light,5,5,
5947,2021-04-25 10:57:00,40.694572,-73.8225,0,0,Aggressive Driving/Road Rage,4410955,16.6,8.7,12.7,12.7,0.0,11.0,61,19.2,37.4,341,Rain: Light,0,0,
5948,2021-04-25 14:50:00,40.690296,-73.813156,0,0,Passing Too Closely,4410674,16.6,8.7,12.7,12.7,0.0,11.0,61,19.2,37.4,341,Rain: Light,0,0,
5949,2021-04-25 19:17:00,40.63932,-74.02356,1,0,Unspecified,4410416,16.6,8.7,12.7,12.7,0.0,11.0,61,19.2,37.4,341,Rain: Light,1,1,
5950,2022-03-27 12:04:00,40.602535,-73.99321,0,0,Driver Inattention/Distraction,4514150,7.5,-1.1,0.3,0.3,0.07,3.0,71,26.4,47.5,288,Snow fall: Light,0,0,Snowy Conditions
5951,2021-04-25 03:00:00,40.676975,-73.871346,0,0,Unspecified,4410654,16.6,8.7,12.7,12.7,0.0,11.0,61,19.2,37.4,341,Rain: Light,0,0,
5952,2021-04-25 18:20:00,40.767544,-73.91202,0,0,Passing Too Closely,4410482,16.6,8.7,12.7,12.7,0.0,11.0,61,19.2,37.4,341,Rain: Light,0,0,
5953,2022-03-27 19:30:00,40.60426,-73.75286,1,0,Failure to Yield Right-of-Way,4514259,7.5,-1.1,0.3,0.3,0.07,3.0,71,26.4,47.5,288,Snow fall: Light,1,1,Snowy Conditions
5954,2021-04-18 18:00:00,40.69657,-73.95844,0,0,Following Too Closely,4411053,15.1,5.3,0.2,0.2,0.0,2.0,51,13.2,28.4,282,Drizzle: Light,0,0,
5955,2021-04-25 06:35:00,40.592636,-73.90362,0,0,Driver Inattention/Distraction,4410399,16.6,8.7,12.7,12.7,0.0,11.0,61,19.2,37.4,341,Rain: Light,0,0,
5956,2021-04-24 22:20:00,40.68605,-73.831726,1,0,Traffic Control Disregarded,4410932,19.7,6.0,0.0,0.0,0.0,0.0,3,26.7,49.3,232,Overcast,1,1,
5957,2021-04-25 03:30:00,40.679337,-73.94405,0,0,Following Too Closely,4410041,16.6,8.7,12.7,12.7,0.0,11.0,61,19.2,37.4,341,Rain: Light,0,0,
5958,2021-04-17 16:36:00,40.736652,-73.813354,0,0,Unspecified,4410981,11.8,4.9,0.3,0.3,0.0,2.0,51,17.1,32.4,313,Drizzle: Light,0,0,
5959,2021-04-25 09:15:00,40.664448,-73.91524,0,0,Passing Too Closely,4410265,16.6,8.7,12.7,12.7,0.0,11.0,61,19.2,37.4,341,Rain: Light,0,0,
5960,2021-04-25 16:28:00,40.616043,-73.94484,1,0,Driver Inexperience,4410447,16.6,8.7,12.7,12.7,0.0,11.0,61,19.2,37.4,341,Rain: Light,1,1,
5961,2021-04-21 11:00:00,40.761204,-73.78807,0,0,Driver Inexperience,4411130,18.2,3.7,3.7,3.7,0.0,3.0,63,29.9,59.0,256,Rain: Moderate,0,0,
5962,2021-04-15 13:30:00,40.68024,-73.946754,1,0,Failure to Yield Right-of-Way,4411042,12.9,7.7,15.9,15.9,0.0,15.0,63,17.3,32.0,166,Rain: Moderate,1,1,
5963,2021-04-25 18:09:00,40.8651,-73.92189,2,0,Unsafe Speed,4410884,16.6,8.7,12.7,12.7,0.0,11.0,61,19.2,37.4,341,Rain: Light,2,2,
5964,2021-04-25 20:13:00,40.831623,-73.95072,1,0,Alcohol Involvement,4410455,16.6,8.7,12.7,12.7,0.0,11.0,61,19.2,37.4,341,Rain: Light,1,1,
5965,2021-04-23 19:30:00,40.66978,-73.98921,0,0,Following Too Closely,4411219,15.5,2.0,0.0,0.0,0.0,0.0,3,28.7,57.2,273,Overcast,0,0,
5966,2021-04-25 00:30:00,40.747242,-73.88766,0,0,Driver Inexperience,4410551,16.6,8.7,12.7,12.7,0.0,11.0,61,19.2,37.4,341,Rain: Light,0,0,
5967,2021-04-25 20:20:00,40.816833,-73.886734,1,0,Unspecified,4410386,16.6,8.7,12.7,12.7,0.0,11.0,61,19.2,37.4,341,Rain: Light,1,1,
5968,2021-04-25 07:10:00,40.7607,-73.97564,1,0,Obstruction/Debris,4411209,16.6,8.7,12.7,12.7,0.0,11.0,61,19.2,37.4,341,Rain: Light,1,1,
5969,2021-04-24 02:30:00,40.758705,-73.93793,0,0,Unspecified,4410903,19.7,6.0,0.0,0.0,0.0,0.0,3,26.7,49.3,232,Overcast,0,0,
5970,2021-04-25 01:03:00,40.8281,-73.92021,1,0,Driver Inattention/Distraction,4410429,16.6,8.7,12.7,12.7,0.0,11.0,61,19.2,37.4,341,Rain: Light,1,1,
5971,2021-04-25 11:40:00,40.839302,-73.936165,0,0,Unspecified,4410361,16.6,8.7,12.7,12.7,0.0,11.0,61,19.2,37.4,341,Rain: Light,0,0,
5972,2021-04-19 09:52:00,40.61462,-73.928055,1,0,Alcohol Involvement,4410967,16.9,5.0,0.0,0.0,0.0,0.0,3,14.7,31.0,214,Overcast,1,1,
5973,2021-04-25 01:40:00,40.70313,-73.816795,0,0,Other Vehicular,4410590,16.6,8.7,12.7,12.7,0.0,11.0,61,19.2,37.4,341,Rain: Light,0,0,
5974,2021-04-25 08:00:00,40.691456,-73.9178,0,0,Passing Too Closely,4410786,16.6,8.7,12.7,12.7,0.0,11.0,61,19.2,37.4,341,Rain: Light,0,0,
5975,2021-04-25 18:25:00,40.7456,-73.868095,1,0,Driver Inattention/Distraction,4410469,16.6,8.7,12.7,12.7,0.0,11.0,61,19.2,37.4,341,Rain: Light,1,1,
5976,2021-04-25 11:40:00,40.70752,-73.95193,0,0,Passing Too Closely,4410534,16.6,8.7,12.7,12.7,0.0,11.0,61,19.2,37.4,341,Rain: Light,0,0,
5977,2021-04-22 11:00:00,40.68668,-73.95958,0,0,Driver Inattention/Distraction,4411058,7.9,1.3,0.0,0.0,0.0,0.0,3,34.0,64.4,289,Overcast,0,0,
5978,2021-04-19 15:30:00,40.758865,-73.938324,1,0,Unspecified,4410923,16.9,5.0,0.0,0.0,0.0,0.0,3,14.7,31.0,214,Overcast,1,1,
5979,2021-04-24 19:10:00,40.695995,-73.96964,2,0,Driver Inattention/Distraction,4411152,19.7,6.0,0.0,0.0,0.0,0.0,3,26.7,49.3,232,Overcast,2,2,
5980,2021-04-25 19:41:00,40.87539,-73.86022,1,0,Driver Inattention/Distraction,4410543,16.6,8.7,12.7,12.7,0.0,11.0,61,19.2,37.4,341,Rain: Light,1,1,
5981,2021-04-11 15:30:00,40.742706,-73.77754,0,0,Unspecified,4411030,14.2,8.5,25.3,25.3,0.0,15.0,63,25.7,48.2,77,Rain: Moderate,0,0,
5982,2021-04-21 16:51:00,40.62154,-73.92424,2,0,Failure to Yield Right-of-Way,4410970,18.2,3.7,3.7,3.7,0.0,3.0,63,29.9,59.0,256,Rain: Moderate,2,2,
5983,2021-04-25 20:02:00,40.846252,-73.86552,1,0,Pedestrian/Bicyclist/Other Pedestrian Error/Confusion,4410396,16.6,8.7,12.7,12.7,0.0,11.0,61,19.2,37.4,341,Rain: Light,1,1,
5984,2021-04-25 09:20:00,40.8076,-73.93719,1,0,Driver Inattention/Distraction,4410634,16.6,8.7,12.7,12.7,0.0,11.0,61,19.2,37.4,341,Rain: Light,1,1,
5985,2021-04-25 06:29:00,40.75348,-73.980896,0,0,Traffic Control Disregarded,4410259,16.6,8.7,12.7,12.7,0.0,11.0,61,19.2,37.4,341,Rain: Light,0,0,
5986,2021-04-25 23:25:00,40.79554,-73.9481,0,0,Traffic Control Disregarded,4410612,16.6,8.7,12.7,12.7,0.0,11.0,61,19.2,37.4,341,Rain: Light,0,0,
5987,2021-04-24 14:00:00,40.606693,-74.07593,0,0,Brakes Defective,4410997,19.7,6.0,0.0,0.0,0.0,0.0,3,26.7,49.3,232,Overcast,0,0,
5988,2021-04-25 01:30:00,40.702362,-73.91291,1,0,Traffic Control Disregarded,4410890,16.6,8.7,12.7,12.7,0.0,11.0,61,19.2,37.4,341,Rain: Light,1,1,
5989,2021-04-25 03:30:00,40.736004,-73.99362,0,0,Driver Inattention/Distraction,4410769,16.6,8.7,12.7,12.7,0.0,11.0,61,19.2,37.4,341,Rain: Light,0,0,
5990,2021-04-25 00:44:00,40.581566,-74.07532,1,0,Turning Improperly,4410565,16.6,8.7,12.7,12.7,0.0,11.0,61,19.2,37.4,341,Rain: Light,1,1,
5991,2021-04-25 06:00:00,40.658546,-73.99634,0,0,Unspecified,4410292,16.6,8.7,12.7,12.7,0.0,11.0,61,19.2,37.4,341,Rain: Light,0,0,
5992,2021-04-25 11:00:00,40.743454,-73.91484,0,0,Driver Inattention/Distraction,4410357,16.6,8.7,12.7,12.7,0.0,11.0,61,19.2,37.4,341,Rain: Light,0,0,
5993,2021-04-23 06:00:00,40.69578,-73.79314,0,0,Unspecified,4411084,15.5,2.0,0.0,0.0,0.0,0.0,3,28.7,57.2,273,Overcast,0,0,
5994,2021-04-25 07:00:00,40.57699,-73.98153,1,0,Driver Inattention/Distraction,4410168,16.6,8.7,12.7,12.7,0.0,11.0,61,19.2,37.4,341,Rain: Light,1,1,
5995,2021-04-25 19:00:00,40.6884,-73.95118,0,0,Driver Inattention/Distraction,4411062,16.6,8.7,12.7,12.7,0.0,11.0,61,19.2,37.4,341,Rain: Light,0,0,
5996,2021-04-25 10:00:00,40.709827,-73.83983,0,0,Passing or Lane Usage Improper,4410579,16.6,8.7,12.7,12.7,0.0,11.0,61,19.2,37.4,341,Rain: Light,0,0,
5997,2021-04-25 20:15:00,40.66484,-73.82229,2,0,Unsafe Speed,4410435,16.6,8.7,12.7,12.7,0.0,11.0,61,19.2,37.4,341,Rain: Light,2,2,
5998,2021-04-24 14:43:00,40.680035,-73.9055,2,0,Driver Inattention/Distraction,4411230,19.7,6.0,0.0,0.0,0.0,0.0,3,26.7,49.3,232,Overcast,2,2,
5999,2021-04-19 20:30:00,40.70453,-73.817245,3,0,Following Too Closely,4411016,16.9,5.0,0.0,0.0,0.0,0.0,3,14.7,31.0,214,Overcast,3,3,
6000,2021-04-24 02:00:00,40.643257,-74.0015,0,0,Unspecified,4411163,19.7,6.0,0.0,0.0,0.0,0.0,3,26.7,49.3,232,Overcast,0,0,
6001,2021-04-25 02:58:00,40.848118,-73.93089,1,0,Failure to Yield Right-of-Way,4410302,16.6,8.7,12.7,12.7,0.0,11.0,61,19.2,37.4,341,Rain: Light,1,1,
6002,2021-04-25 13:20:00,40.84241,-73.93536,0,0,Other Vehicular,4410362,16.6,8.7,12.7,12.7,0.0,11.0,61,19.2,37.4,341,Rain: Light,0,0,
6003,2021-04-25 18:00:00,40.6952,-73.92844,0,0,Driver Inattention/Distraction,4410787,16.6,8.7,12.7,12.7,0.0,11.0,61,19.2,37.4,341,Rain: Light,0,0,
6004,2021-04-25 01:00:00,40.67381,-73.86491,0,0,Failure to Yield Right-of-Way,4410664,16.6,8.7,12.7,12.7,0.0,11.0,61,19.2,37.4,341,Rain: Light,0,0,
6005,2021-04-25 07:12:00,40.626568,-73.970924,0,0,Unspecified,4410678,16.6,8.7,12.7,12.7,0.0,11.0,61,19.2,37.4,341,Rain: Light,0,0,
6006,2021-04-19 08:00:00,40.667236,-73.770004,1,0,Unspecified,4408552,16.9,5.0,0.0,0.0,0.0,0.0,3,14.7,31.0,214,Overcast,1,1,
6007,2021-04-25 02:12:00,40.723625,-74.00479,1,0,Failure to Yield Right-of-Way,4410144,16.6,8.7,12.7,12.7,0.0,11.0,61,19.2,37.4,341,Rain: Light,1,1,
6008,2021-04-25 09:55:00,40.61839,-73.95668,0,0,Passing or Lane Usage Improper,4410249,16.6,8.7,12.7,12.7,0.0,11.0,61,19.2,37.4,341,Rain: Light,0,0,
6009,2021-04-25 14:03:00,40.640762,-74.00767,1,0,Driver Inattention/Distraction,4410587,16.6,8.7,12.7,12.7,0.0,11.0,61,19.2,37.4,341,Rain: Light,1,1,
6010,2021-04-25 05:59:00,40.76077,-73.87209,0,0,Pavement Slippery,4410082,16.6,8.7,12.7,12.7,0.0,11.0,61,19.2,37.4,341,Rain: Light,0,0,
6011,2021-04-25 09:20:00,40.763344,-73.75791,1,0,Pavement Slippery,4410371,16.6,8.7,12.7,12.7,0.0,11.0,61,19.2,37.4,341,Rain: Light,1,1,
6012,2021-04-25 22:10:00,40.66658,-73.89253,0,0,Unspecified,4410658,16.6,8.7,12.7,12.7,0.0,11.0,61,19.2,37.4,341,Rain: Light,0,0,
6013,2021-04-25 16:20:00,40.71497,-73.99451,0,0,Aggressive Driving/Road Rage,4411199,16.6,8.7,12.7,12.7,0.0,11.0,61,19.2,37.4,341,Rain: Light,0,0,
6014,2021-04-25 04:50:00,40.749157,-73.86943,0,0,Driver Inattention/Distraction,4410559,16.6,8.7,12.7,12.7,0.0,11.0,61,19.2,37.4,341,Rain: Light,0,0,
6015,2021-04-25 11:25:00,40.661472,-73.735245,0,0,Unspecified,4410276,16.6,8.7,12.7,12.7,0.0,11.0,61,19.2,37.4,341,Rain: Light,0,0,
6016,2021-04-21 21:40:00,40.630283,-73.97816,0,0,Unspecified,4410941,18.2,3.7,3.7,3.7,0.0,3.0,63,29.9,59.0,256,Rain: Moderate,0,0,
6017,2021-04-25 01:10:00,40.602478,-73.96636,2,0,Traffic Control Disregarded,4410450,16.6,8.7,12.7,12.7,0.0,11.0,61,19.2,37.4,341,Rain: Light,2,2,
6018,2021-04-25 18:25:00,40.643204,-73.90929,2,0,Following Too Closely,4410418,16.6,8.7,12.7,12.7,0.0,11.0,61,19.2,37.4,341,Rain: Light,2,2,
6019,2021-04-25 07:05:00,40.843903,-73.927284,0,0,Unspecified,4410860,16.6,8.7,12.7,12.7,0.0,11.0,61,19.2,37.4,341,Rain: Light,0,0,
6020,2021-04-25 18:40:00,40.756718,-73.91422,2,0,Glare,4410908,16.6,8.7,12.7,12.7,0.0,11.0,61,19.2,37.4,341,Rain: Light,2,2,
6021,2021-04-25 13:24:00,40.86463,-73.892136,0,0,Unsafe Speed,4410457,16.6,8.7,12.7,12.7,0.0,11.0,61,19.2,37.4,341,Rain: Light,0,0,
6022,2021-04-24 18:15:00,40.760925,-73.99454,0,0,Passing or Lane Usage Improper,4411212,19.7,6.0,0.0,0.0,0.0,0.0,3,26.7,49.3,232,Overcast,0,0,
6023,2021-04-25 00:35:00,40.6481,-73.91474,1,0,Failure to Yield Right-of-Way,4410269,16.6,8.7,12.7,12.7,0.0,11.0,61,19.2,37.4,341,Rain: Light,1,1,
6024,2021-04-21 02:30:00,40.755756,-73.96479,0,0,Driver Inattention/Distraction,4411132,18.2,3.7,3.7,3.7,0.0,3.0,63,29.9,59.0,256,Rain: Moderate,0,0,
6025,2021-04-25 08:00:00,40.73949,-73.8369,0,0,Pavement Slippery,4410206,16.6,8.7,12.7,12.7,0.0,11.0,61,19.2,37.4,341,Rain: Light,0,0,
6026,2021-04-25 01:22:00,40.622463,-74.07254,1,0,Driver Inattention/Distraction,4411004,16.6,8.7,12.7,12.7,0.0,11.0,61,19.2,37.4,341,Rain: Light,1,1,
6027,2021-04-25 16:40:00,40.686283,-73.838936,3,0,Following Too Closely,4410605,16.6,8.7,12.7,12.7,0.0,11.0,61,19.2,37.4,341,Rain: Light,3,3,
6028,2021-04-25 04:00:00,40.672062,-73.925255,0,0,Driver Inattention/Distraction,4410702,16.6,8.7,12.7,12.7,0.0,11.0,61,19.2,37.4,341,Rain: Light,0,0,
6029,2021-04-25 17:25:00,40.7322,-73.721306,0,0,Driver Inattention/Distraction,4410315,16.6,8.7,12.7,12.7,0.0,11.0,61,19.2,37.4,341,Rain: Light,0,0,
6030,2021-04-25 22:27:00,40.770256,-73.91586,0,0,Turning Improperly,4410486,16.6,8.7,12.7,12.7,0.0,11.0,61,19.2,37.4,341,Rain: Light,0,0,
6031,2021-04-25 01:00:00,40.680016,-73.87743,3,0,Driver Inattention/Distraction,4410653,16.6,8.7,12.7,12.7,0.0,11.0,61,19.2,37.4,341,Rain: Light,3,3,
6032,2021-04-25 19:10:00,40.771347,-73.87097,0,0,Unsafe Lane Changing,4410550,16.6,8.7,12.7,12.7,0.0,11.0,61,19.2,37.4,341,Rain: Light,0,0,
6033,2021-04-25 00:58:00,40.68834,-73.93015,1,0,Driver Inattention/Distraction,4410200,16.6,8.7,12.7,12.7,0.0,11.0,61,19.2,37.4,341,Rain: Light,1,1,
6034,2021-04-25 04:45:00,40.745617,-74.00322,0,0,Pavement Slippery,4410042,16.6,8.7,12.7,12.7,0.0,11.0,61,19.2,37.4,341,Rain: Light,0,0,
6035,2021-04-25 06:16:00,40.812126,-73.90419,1,0,Unspecified,4410384,16.6,8.7,12.7,12.7,0.0,11.0,61,19.2,37.4,341,Rain: Light,1,1,
6036,2021-04-18 02:50:00,40.70291,-73.780876,0,0,Driver Inattention/Distraction,4411077,15.1,5.3,0.2,0.2,0.0,2.0,51,13.2,28.4,282,Drizzle: Light,0,0,
6037,2021-04-25 17:20:00,40.649788,-73.9622,1,0,Unspecified,4410507,16.6,8.7,12.7,12.7,0.0,11.0,61,19.2,37.4,341,Rain: Light,1,1,
6038,2021-04-25 07:00:00,40.608006,-73.99473,0,0,Unspecified,4410342,16.6,8.7,12.7,12.7,0.0,11.0,61,19.2,37.4,341,Rain: Light,0,0,
6039,2021-04-24 10:32:00,40.810234,-73.94153,0,0,Unspecified,4410949,19.7,6.0,0.0,0.0,0.0,0.0,3,26.7,49.3,232,Overcast,0,0,
6040,2021-04-23 15:30:00,40.86758,-73.91842,0,0,Passing or Lane Usage Improper,4410881,15.5,2.0,0.0,0.0,0.0,0.0,3,28.7,57.2,273,Overcast,0,0,
6041,2021-04-25 19:10:00,40.760464,-73.826546,0,0,Following Too Closely,4410400,16.6,8.7,12.7,12.7,0.0,11.0,61,19.2,37.4,341,Rain: Light,0,0,
6042,2021-04-22 19:00:00,40.77643,-73.90703,0,0,Unspecified,4410904,7.9,1.3,0.0,0.0,0.0,0.0,3,34.0,64.4,289,Overcast,0,0,
6043,2021-04-25 10:00:00,40.841465,-73.831436,0,0,Unspecified,4411071,16.6,8.7,12.7,12.7,0.0,11.0,61,19.2,37.4,341,Rain: Light,0,0,
6044,2021-04-25 22:58:00,40.668797,-73.93113,0,0,Driver Inattention/Distraction,4410581,16.6,8.7,12.7,12.7,0.0,11.0,61,19.2,37.4,341,Rain: Light,0,0,
6045,2021-04-23 16:45:00,40.670326,-73.79244,1,0,Unspecified,4411103,15.5,2.0,0.0,0.0,0.0,0.0,3,28.7,57.2,273,Overcast,1,1,
6046,2021-04-25 10:50:00,40.894474,-73.85678,0,0,Driver Inattention/Distraction,4410260,16.6,8.7,12.7,12.7,0.0,11.0,61,19.2,37.4,341,Rain: Light,0,0,
6047,2021-04-25 04:15:00,40.663685,-73.88893,0,0,Following Too Closely,4410639,16.6,8.7,12.7,12.7,0.0,11.0,61,19.2,37.4,341,Rain: Light,0,0,
6048,2021-04-24 03:05:00,40.82682,-73.94154,0,0,Driver Inattention/Distraction,4411015,19.7,6.0,0.0,0.0,0.0,0.0,3,26.7,49.3,232,Overcast,0,0,
6049,2021-04-25 11:00:00,40.55359,-74.16127,2,0,Traffic Control Disregarded,4410566,16.6,8.7,12.7,12.7,0.0,11.0,61,19.2,37.4,341,Rain: Light,2,2,