,CRASH DATETIME,LATITUDE,LONGITUDE,NUMBER OF PERSONS INJURED,NUMBER OF PERSONS KILLED,CONTRIBUTING FACTOR VEHICLE 1,COLLISION_ID,temperature_2m_max,temperature_2m_min,precipitation_sum,rain_sum,snowfall_sum,precipitation_hours,weather_code,wind_speed_10m_max,wind_gusts_10m_max,wind_direction_10m_dominant,Weather Description,Severity_Score,Total_Affected_Persons,Weather_Category
6050,2021-04-25 07:47:00,40.64043,-73.95624,1,0,Driver Inattention/Distraction,4410247,16.6,8.7,12.7,12.7,0.0,11.0,61,19.2,37.4,341,Rain: Light,1,1,
6051,2021-04-25 16:45:00,40.731617,-73.85149,0,0,Driver Inattention/Distraction,4410306,16.6,8.7,12.7,12.7,0.0,11.0,61,19.2,37.4,341,Rain: Light,0,0,
6052,2021-04-25 12:15:00,40.675037,-73.930534,1,0,Passing or Lane Usage Improper,4410742,16.6,8.7,12.7,12.7,0.0,11.0,61,19.2,37.4,341,Rain: Light,1,1,
6053,2021-04-25 21:16:00,40.60905,-73.9709,2,0,Unspecified,4410681,16.6,8.7,12.7,12.7,0.0,11.0,61,19.2,37.4,341,Rain: Light,2,2,
6054,2021-04-25 04:45:00,40.68211,-73.79464,0,0,Unspecified,4410169,16.6,8.7,12.7,12.7,0.0,11.0,61,19.2,37.4,341,Rain: Light,0,0,
6055,2021-04-20 11:55:00,40.687668,-73.951035,0,0,Driver Inattention/Distraction,4411052,21.4,6.5,0.0,0.0,0.0,0.0,3,26.0,56.2,223,Overcast,0,0,
6056,2021-04-22 16:18:00,40.710827,-73.77066,1,0,Driver Inattention/Distraction,4411140,7.9,1.3,0.0,0.0,0.0,0.0,3,34.0,64.4,289,Overcast,1,1,
6057,2021-04-25 07:05:00,40.68366,-73.90788,0,0,Driver Inattention/Distraction,4410893,16.6,8.7,12.7,12.7,0.0,11.0,61,19.2,37.4,341,Rain: Light,0,0,
6058,2021-04-24 04:10:00,40.76155,-73.99408,1,0,Unspecified,4411225,19.7,6.0,0.0,0.0,0.0,0.0,3,26.7,49.3,232,Overcast,1,1,
6059,2021-04-25 04:00:00,40.64404,-73.97453,0,0,Passing Too Closely,4410466,16.6,8.7,12.7,12.7,0.0,11.0,61,19.2,37.4,341,Rain: Light,0,0,
6060,2021-04-16 11:00:00,40.718525,-73.79954,0,0,Failure to Yield Right-of-Way,4410965,11.8,3.7,2.9,2.9,0.0,12.0,53,23.5,49.0,307,Drizzle: Moderate,0,0,
6061,2021-04-24 09:50:00,40.7079,-73.851105,1,0,Driver Inattention/Distraction,4410973,19.7,6.0,0.0,0.0,0.0,0.0,3,26.7,49.3,232,Overcast,1,1,
6062,2021-04-25 01:05:00,40.665443,-73.935555,0,0,Backing Unsafely,4410034,16.6,8.7,12.7,12.7,0.0,11.0,61,19.2,37.4,341,Rain: Light,0,0,
6063,2021-04-20 14:58:00,40.699757,-73.79359,5,0,Driver Inattention/Distraction,4411083,21.4,6.5,0.0,0.0,0.0,0.0,3,26.0,56.2,223,Overcast,5,5,
6064,2021-04-25 23:20:00,40.875393,-73.83862,0,0,Unsafe Speed,4410520,16.6,8.7,12.7,12.7,0.0,11.0,61,19.2,37.4,341,Rain: Light,0,0,
6065,2021-04-25 18:02:00,40.847897,-73.92499,2,0,Other Vehicular,4410544,16.6,8.7,12.7,12.7,0.0,11.0,61,19.2,37.4,341,Rain: Light,2,2,
6066,2021-04-19 23:30:00,40.7056,-73.85822,0,0,Failure to Yield Right-of-Way,4411032,16.9,5.0,0.0,0.0,0.0,0.0,3,14.7,31.0,214,Overcast,0,0,
6067,2021-04-25 23:07:00,40.59657,-73.90794,0,0,Driver Inattention/Distraction,4410394,16.6,8.7,12.7,12.7,0.0,11.0,61,19.2,37.4,341,Rain: Light,0,0,
6068,2021-04-25 20:20:00,40.731464,-74.00314,0,0,Unspecified,4410770,16.6,8.7,12.7,12.7,0.0,11.0,61,19.2,37.4,341,Rain: Light,0,0,
6069,2021-04-12 10:25:00,40.692062,-73.95191,1,0,Passing Too Closely,4411063,8.7,6.7,13.6,13.6,0.0,21.0,61,23.4,42.1,51,Rain: Light,1,1,
6070,2021-04-21 08:05:00,40.87182,-73.861374,2,0,Unspecified,4409532,18.2,3.7,3.7,3.7,0.0,3.0,63,29.9,59.0,256,Rain: Moderate,2,2,
6071,2021-04-25 13:30:00,40.872143,-73.818695,2,0,Reaction to Uninvolved Vehicle,4410536,16.6,8.7,12.7,12.7,0.0,11.0,61,19.2,37.4,341,Rain: Light,2,2,
6072,2021-04-25 14:00:00,40.63532,-74.02324,1,0,Driver Inattention/Distraction,4410289,16.6,8.7,12.7,12.7,0.0,11.0,61,19.2,37.4,341,Rain: Light,1,1,
6073,2021-04-25 07:15:00,40.72823,-73.83313,0,0,Unsafe Speed,4410141,16.6,8.7,12.7,12.7,0.0,11.0,61,19.2,37.4,341,Rain: Light,0,0,
6074,2021-04-25 20:01:00,40.825428,-73.86615,0,0,Unspecified,4410613,16.6,8.7,12.7,12.7,0.0,11.0,61,19.2,37.4,341,Rain: Light,0,0,
6075,2021-04-25 03:15:00,40.69553,-73.94343,0,0,Driver Inattention/Distraction,4410364,16.6,8.7,12.7,12.7,0.0,11.0,61,19.2,37.4,341,Rain: Light,0,0,
6076,2021-04-25 06:45:00,40.651863,-73.86536,0,0,Unsafe Speed,4410353,16.6,8.7,12.7,12.7,0.0,11.0,61,19.2,37.4,341,Rain: Light,0,0,
6077,2021-04-25 01:40:00,40.675873,-73.87784,1,0,Driver Inattention/Distraction,4410665,16.6,8.7,12.7,12.7,0.0,11.0,61,19.2,37.4,341,Rain: Light,1,1,
6078,2021-04-17 00:00:00,40.69897,-73.95702,2,0,Following Too Closely,4411057,11.8,4.9,0.3,0.3,0.0,2.0,51,17.1,32.4,313,Drizzle: Light,2,2,
6079,2021-04-25 23:25:00,40.6656,-73.74648,0,0,Unspecified,4410428,16.6,8.7,12.7,12.7,0.0,11.0,61,19.2,37.4,341,Rain: Light,0,0,
6080,2021-04-25 17:00:00,40.7466,-73.879715,0,0,Driver Inattention/Distraction,4410475,16.6,8.7,12.7,12.7,0.0,11.0,61,19.2,37.4,341,Rain: Light,0,0,
6081,2021-04-23 17:26:00,40.645298,-74.10466,0,0,Driver Inattention/Distraction,4410996,15.5,2.0,0.0,0.0,0.0,0.0,3,28.7,57.2,273,Overcast,0,0,
6082,2021-04-20 15:22:00,40.692135,-73.83485,1,0,Driver Inexperience,4410927,21.4,6.5,0.0,0.0,0.0,0.0,3,26.0,56.2,223,Overcast,1,1,
6083,2021-04-24 21:45:00,40.759205,-73.98464,0,0,Following Too Closely,4411218,19.7,6.0,0.0,0.0,0.0,0.0,3,26.7,49.3,232,Overcast,0,0,
6084,2021-04-25 14:44:00,40.670586,-73.76509,0,0,Following Too Closely,4410512,16.6,8.7,12.7,12.7,0.0,11.0,61,19.2,37.4,341,Rain: Light,0,0,
6085,2021-04-25 10:37:00,40.608063,-73.92057,0,0,Unspecified,4410406,16.6,8.7,12.7,12.7,0.0,11.0,61,19.2,37.4,341,Rain: Light,0,0,
6086,2021-04-21 17:05:00,40.69614,-73.9734,0,0,Fell Asleep,4411156,18.2,3.7,3.7,3.7,0.0,3.0,63,29.9,59.0,256,Rain: Moderate,0,0,
6087,2021-04-24 20:29:00,40.75232,-73.92882,0,0,Driver Inattention/Distraction,4410905,19.7,6.0,0.0,0.0,0.0,0.0,3,26.7,49.3,232,Overcast,0,0,
6088,2021-04-17 09:55:00,40.77652,-73.915924,1,0,Driver Inattention/Distraction,4410921,11.8,4.9,0.3,0.3,0.0,2.0,51,17.1,32.4,313,Drizzle: Light,1,1,
6089,2021-04-02 13:36:00,40.811977,-73.92373,1,0,Pedestrian/Bicyclist/Other Pedestrian Error/Confusion,4410942,3.5,-3.6,0.0,0.0,0.0,0.0,3,25.9,51.1,324,Overcast,1,1,
6090,2021-04-25 12:30:00,40.833508,-73.89118,0,0,Driver Inattention/Distraction,4410451,16.6,8.7,12.7,12.7,0.0,11.0,61,19.2,37.4,341,Rain: Light,0,0,
6091,2022-03-27 04:36:00,40.662014,-73.886826,0,0,Unspecified,4513836,7.5,-1.1,0.3,0.3,0.07,3.0,71,26.4,47.5,288,Snow fall: Light,0,0,Snowy Conditions
6092,2022-03-27 04:00:00,40.84825,-73.90975,0,0,Passing or Lane Usage Improper,4513995,7.5,-1.1,0.3,0.3,0.07,3.0,71,26.4,47.5,288,Snow fall: Light,0,0,Snowy Conditions
6093,2022-03-23 11:10:00,40.80907,-73.94455,0,0,Passing Too Closely,4514537,8.4,1.3,2.2,2.2,0.0,3.0,55,19.6,34.6,73,Drizzle: Dense,0,0,
6094,2022-03-16 08:53:00,40.881508,-73.85111,2,0,Unsafe Speed,4514584,16.1,3.2,0.3,0.3,0.0,1.0,51,18.8,36.4,183,Drizzle: Light,2,2,
6095,2022-03-26 00:40:00,40.706924,-73.79064,0,0,Alcohol Involvement,4514462,10.1,4.9,6.1,5.8,0.21,8.0,71,21.6,41.0,251,Snow fall: Light,0,0,Snowy Conditions
6096,2022-03-27 14:00:00,40.69349,-73.97917,0,0,Following Too Closely,4513918,7.5,-1.1,0.3,0.3,0.07,3.0,71,26.4,47.5,288,Snow fall: Light,0,0,Snowy Conditions
6097,2022-03-27 00:04:00,40.585693,-73.95173,0,0,Backing Unsafely,4514009,7.5,-1.1,0.3,0.3,0.07,3.0,71,26.4,47.5,288,Snow fall: Light,0,0,Snowy Conditions
6098,2022-03-27 05:33:00,40.784615,-73.953964,1,0,Traffic Control Disregarded,4514665,7.5,-1.1,0.3,0.3,0.07,3.0,71,26.4,47.5,288,Snow fall: Light,1,1,Snowy Conditions
6099,2022-03-27 03:45:00,40.524097,-74.2141,0,0,Fatigued/Drowsy,4514524,7.5,-1.1,0.3,0.3,0.07,3.0,71,26.4,47.5,288,Snow fall: Light,0,0,Snowy Conditions
6100,2022-03-27 14:00:00,40.717968,-73.979774,0,0,Oversized Vehicle,4514224,7.5,-1.1,0.3,0.3,0.07,3.0,71,26.4,47.5,288,Snow fall: Light,0,0,Snowy Conditions
6101,2022-03-27 06:53:00,40.841393,-73.936844,0,0,Driver Inattention/Distraction,4513715,7.5,-1.1,0.3,0.3,0.07,3.0,71,26.4,47.5,288,Snow fall: Light,0,0,Snowy Conditions
6102,2022-03-27 16:03:00,40.678326,-73.97203,1,0,Failure to Yield Right-of-Way,4514440,7.5,-1.1,0.3,0.3,0.07,3.0,71,26.4,47.5,288,Snow fall: Light,1,1,Snowy Conditions
6103,2022-03-27 07:00:00,40.77558,-73.84267,0,0,Unspecified,4513896,7.5,-1.1,0.3,0.3,0.07,3.0,71,26.4,47.5,288,Snow fall: Light,0,0,Snowy Conditions
6104,2022-03-27 13:10:00,40.738197,-73.93774,2,0,Driver Inattention/Distraction,4514314,7.5,-1.1,0.3,0.3,0.07,3.0,71,26.4,47.5,288,Snow fall: Light,2,2,Snowy Conditions
6105,2022-03-27 20:45:00,40.62945,-73.979866,1,0,Failure to Yield Right-of-Way,4514164,7.5,-1.1,0.3,0.3,0.07,3.0,71,26.4,47.5,288,Snow fall: Light,1,1,Snowy Conditions
6106,2022-03-27 04:45:00,40.660004,-73.91887,0,0,Unspecified,4514065,7.5,-1.1,0.3,0.3,0.07,3.0,71,26.4,47.5,288,Snow fall: Light,0,0,Snowy Conditions
6107,2022-03-10 08:50:00,40.895466,-73.87713,0,0,Traffic Control Disregarded,4514604,9.0,-1.5,0.0,0.0,0.0,0.0,3,12.3,23.8,243,Overcast,0,0,
6108,2022-03-27 21:19:00,40.82442,-73.83613,1,0,Unspecified,4514104,7.5,-1.1,0.3,0.3,0.07,3.0,71,26.4,47.5,288,Snow fall: Light,1,1,Snowy Conditions
6109,2022-03-26 13:00:00,40.671463,-73.8773,0,0,Unspecified,4514527,10.1,4.9,6.1,5.8,0.21,8.0,71,21.6,41.0,251,Snow fall: Light,0,0,Snowy Conditions
6110,2022-03-27 11:37:00,40.670986,-73.984795,1,0,Failure to Yield Right-of-Way,4513948,7.5,-1.1,0.3,0.3,0.07,3.0,71,26.4,47.5,288,Snow fall: Light,1,1,Snowy Conditions
6111,2022-02-28 20:25:00,40.673485,-73.97296,1,0,Turning Improperly,4514447,1.5,-4.8,0.0,0.0,0.0,0.0,3,22.9,42.8,329,Overcast,1,1,
6112,2022-03-26 12:17:00,40.883823,-73.89471,0,0,Unspecified,4514497,10.1,4.9,6.1,5.8,0.21,8.0,71,21.6,41.0,251,Snow fall: Light,0,0,Snowy Conditions
6113,2022-03-27 00:17:00,40.85166,-73.904236,1,0,Unspecified,4514003,7.5,-1.1,0.3,0.3,0.07,3.0,71,26.4,47.5,288,Snow fall: Light,1,1,Snowy Conditions
6114,2022-03-27 06:00:00,40.63844,-74.000786,0,0,Unspecified,4514375,7.5,-1.1,0.3,0.3,0.07,3.0,71,26.4,47.5,288,Snow fall: Light,0,0,Snowy Conditions
6115,2022-03-27 01:13:00,40.663258,-73.94418,0,0,Unspecified,4513773,7.5,-1.1,0.3,0.3,0.07,3.0,71,26.4,47.5,288,Snow fall: Light,0,0,Snowy Conditions
6116,2022-03-27 20:30:00,40.69889,-73.91753,0,0,Driver Inattention/Distraction,4514128,7.5,-1.1,0.3,0.3,0.07,3.0,71,26.4,47.5,288,Snow fall: Light,0,0,Snowy Conditions
6117,2022-03-27 13:00:00,40.69293,-73.84235,3,0,Failure to Yield Right-of-Way,4513858,7.5,-1.1,0.3,0.3,0.07,3.0,71,26.4,47.5,288,Snow fall: Light,3,3,Snowy Conditions
6118,2022-03-27 20:21:00,40.63082,-73.88636,3,0,Unspecified,4514141,7.5,-1.1,0.3,0.3,0.07,3.0,71,26.4,47.5,288,Snow fall: Light,3,3,Snowy Conditions
6119,2022-03-27 20:20:00,40.696377,-73.757034,1,0,Following Too Closely,4513938,7.5,-1.1,0.3,0.3,0.07,3.0,71,26.4,47.5,288,Snow fall: Light,1,1,Snowy Conditions
6120,2022-03-27 15:27:00,40.7014,-73.91858,0,0,Unspecified,4514127,7.5,-1.1,0.3,0.3,0.07,3.0,71,26.4,47.5,288,Snow fall: Light,0,0,Snowy Conditions
6121,2022-03-27 22:10:00,40.671474,-73.93088,3,0,Passing Too Closely,4514561,7.5,-1.1,0.3,0.3,0.07,3.0,71,26.4,47.5,288,Snow fall: Light,3,3,Snowy Conditions
6122,2022-03-27 14:15:00,40.612183,-74.18033,0,0,Following Too Closely,4514042,7.5,-1.1,0.3,0.3,0.07,3.0,71,26.4,47.5,288,Snow fall: Light,0,0,Snowy Conditions
6123,2022-03-23 08:25:00,40.66326,-73.99512,0,0,Failure to Yield Right-of-Way,4514571,8.4,1.3,2.2,2.2,0.0,3.0,55,19.6,34.6,73,Drizzle: Dense,0,0,
6124,2022-03-27 00:20:00,40.676243,-73.95269,0,0,Other Vehicular,4513647,7.5,-1.1,0.3,0.3,0.07,3.0,71,26.4,47.5,288,Snow fall: Light,0,0,Snowy Conditions
6125,2022-03-23 01:00:00,40.664116,-73.9093,0,0,Driver Inattention/Distraction,4514629,8.4,1.3,2.2,2.2,0.0,3.0,55,19.6,34.6,73,Drizzle: Dense,0,0,
6126,2022-03-21 07:25:00,40.865795,-73.920006,1,0,Driver Inattention/Distraction,4514484,15.6,5.0,0.0,0.0,0.0,0.0,3,30.0,53.6,299,Overcast,1,1,
6127,2022-03-27 15:00:00,40.754093,-73.99209,1,0,Pedestrian/Bicyclist/Other Pedestrian Error/Confusion,4514268,7.5,-1.1,0.3,0.3,0.07,3.0,71,26.4,47.5,288,Snow fall: Light,1,1,Snowy Conditions
6128,2022-03-27 04:50:00,40.67637,-73.88323,0,0,Passing or Lane Usage Improper,4513829,7.5,-1.1,0.3,0.3,0.07,3.0,71,26.4,47.5,288,Snow fall: Light,0,0,Snowy Conditions
6129,2022-03-27 09:55:00,40.669456,-73.86284,0,0,Driver Inattention/Distraction,4513842,7.5,-1.1,0.3,0.3,0.07,3.0,71,26.4,47.5,288,Snow fall: Light,0,0,Snowy Conditions
6130,2022-03-27 17:10:00,40.852528,-73.884346,0,0,Driver Inattention/Distraction,4514181,7.5,-1.1,0.3,0.3,0.07,3.0,71,26.4,47.5,288,Snow fall: Light,0,0,Snowy Conditions
6131,2022-03-25 19:30:00,40.521248,-74.204765,0,0,Animals Action,4514623,15.6,5.3,5.7,5.7,0.0,4.0,63,27.6,52.2,274,Rain: Moderate,0,0,
6132,2022-03-27 07:15:00,40.885426,-73.897446,0,0,Unsafe Speed,4513871,7.5,-1.1,0.3,0.3,0.07,3.0,71,26.4,47.5,288,Snow fall: Light,0,0,Snowy Conditions
6133,2022-03-27 09:25:00,40.596313,-73.745316,0,0,Unspecified,4514250,7.5,-1.1,0.3,0.3,0.07,3.0,71,26.4,47.5,288,Snow fall: Light,0,0,Snowy Conditions
6134,2022-03-26 02:10:00,40.67619,-73.9081,1,0,Unspecified,4514643,10.1,4.9,6.1,5.8,0.21,8.0,71,21.6,41.0,251,Snow fall: Light,1,1,Snowy Conditions
6135,2022-03-27 02:55:00,40.867012,-73.92312,0,0,Unsafe Speed,4513917,7.5,-1.1,0.3,0.3,0.07,3.0,71,26.4,47.5,288,Snow fall: Light,0,0,Snowy Conditions
6136,2022-03-27 17:40:00,40.76593,-73.99088,1,0,Other Vehicular,4514409,7.5,-1.1,0.3,0.3,0.07,3.0,71,26.4,47.5,288,Snow fall: Light,1,1,Snowy Conditions
6137,2022-03-27 00:15:00,40.70768,-73.74512,5,0,Other Vehicular,4513786,7.5,-1.1,0.3,0.3,0.07,3.0,71,26.4,47.5,288,Snow fall: Light,5,5,Snowy Conditions
6138,2022-03-27 22:40:00,40.616238,-73.96357,1,0,Failure to Yield Right-of-Way,4514183,7.5,-1.1,0.3,0.3,0.07,3.0,71,26.4,47.5,288,Snow fall: Light,1,1,Snowy Conditions
6139,2022-03-27 04:24:00,40.779747,-73.915825,2,0,Traffic Control Disregarded,4514387,7.5,-1.1,0.3,0.3,0.07,3.0,71,26.4,47.5,288,Snow fall: Light,2,2,Snowy Conditions
6140,2022-03-23 08:00:00,40.75507,-73.89002,0,0,Unspecified,4514443,8.4,1.3,2.2,2.2,0.0,3.0,55,19.6,34.6,73,Drizzle: Dense,0,0,
6141,2022-03-27 06:15:00,40.74655,-73.88331,0,0,Oversized Vehicle,4513808,7.5,-1.1,0.3,0.3,0.07,3.0,71,26.4,47.5,288,Snow fall: Light,0,0,Snowy Conditions
6142,2022-03-27 15:29:00,40.71521,-73.98427,0,0,Unspecified,4513868,7.5,-1.1,0.3,0.3,0.07,3.0,71,26.4,47.5,288,Snow fall: Light,0,0,Snowy Conditions
6143,2022-03-23 15:05:00,40.74005,-73.86622,0,0,Passing Too Closely,4514672,8.4,1.3,2.2,2.2,0.0,3.0,55,19.6,34.6,73,Drizzle: Dense,0,0,
6144,2022-03-25 15:10:00,40.850475,-73.915436,1,0,Lost Consciousness,4514693,15.6,5.3,5.7,5.7,0.0,4.0,63,27.6,52.2,274,Rain: Moderate,1,1,
6145,2022-03-27 12:00:00,40.757755,-73.79304,0,0,Failure to Yield Right-of-Way,4513908,7.5,-1.1,0.3,0.3,0.07,3.0,71,26.4,47.5,288,Snow fall: Light,0,0,Snowy Conditions
6146,2022-03-27 12:34:00,40.81779,-73.93597,0,0,Unspecified,4514095,7.5,-1.1,0.3,0.3,0.07,3.0,71,26.4,47.5,288,Snow fall: Light,0,0,Snowy Conditions
6147,2022-03-26 23:20:00,40.658916,-73.9119,2,0,Other Vehicular,4514645,10.1,4.9,6.1,5.8,0.21,8.0,71,21.6,41.0,251,Snow fall: Light,2,2,Snowy Conditions
6148,2022-03-24 11:14:00,40.84852,-73.935936,0,0,Unspecified,4514483,9.9,3.5,21.4,21.4,0.0,16.0,63,27.2,50.8,57,Rain: Moderate,0,0,
6149,2022-03-27 11:35:00,40.61978,-74.10793,2,0,Steering Failure,4514610,7.5,-1.1,0.3,0.3,0.07,3.0,71,26.4,47.5,288,Snow fall: Light,2,2,Snowy Conditions
6150,2022-03-27 04:46:00,40.763885,-73.84002,0,0,Reaction to Uninvolved Vehicle,4513819,7.5,-1.1,0.3,0.3,0.07,3.0,71,26.4,47.5,288,Snow fall: Light,0,0,Snowy Conditions
6151,2022-03-27 09:30:00,40.682507,-73.94375,1,0,Failure to Yield Right-of-Way,4513762,7.5,-1.1,0.3,0.3,0.07,3.0,71,26.4,47.5,288,Snow fall: Light,1,1,Snowy Conditions
6152,2021-09-10 07:00:00,40.708225,-74.00077,0,0,Unspecified,4458322,22.9,16.0,0.0,0.0,0.0,0.0,3,24.2,47.2,314,Overcast,0,0,
6153,2022-03-27 12:34:00,40.74152,-73.83,0,0,Traffic Control Disregarded,4513897,7.5,-1.1,0.3,0.3,0.07,3.0,71,26.4,47.5,288,Snow fall: Light,0,0,Snowy Conditions
6154,2022-03-27 22:00:00,40.79856,-73.93547,0,0,Other Vehicular,4514174,7.5,-1.1,0.3,0.3,0.07,3.0,71,26.4,47.5,288,Snow fall: Light,0,0,Snowy Conditions
6155,2022-03-27 15:30:00,40.679916,-73.867424,0,0,Driver Inattention/Distraction,4513886,7.5,-1.1,0.3,0.3,0.07,3.0,71,26.4,47.5,288,Snow fall: Light,0,0,Snowy Conditions
6156,2022-03-23 18:30:00,40.677353,-73.94424,0,0,Driver Inattention/Distraction,4514557,8.4,1.3,2.2,2.2,0.0,3.0,55,19.6,34.6,73,Drizzle: Dense,0,0,
6157,2022-03-27 15:00:00,40.62435,-74.13927,0,0,Backing Unsafely,4514424,7.5,-1.1,0.3,0.3,0.07,3.0,71,26.4,47.5,288,Snow fall: Light,0,0,Snowy Conditions
6158,2022-03-27 15:00:00,40.69775,-73.81393,0,0,Following Too Closely,4513968,7.5,-1.1,0.3,0.3,0.07,3.0,71,26.4,47.5,288,Snow fall: Light,0,0,Snowy Conditions
6159,2022-03-20 13:28:00,40.823315,-73.94901,0,0,Passing Too Closely,4514438,14.8,6.9,0.1,0.1,0.0,1.0,51,27.0,49.0,284,Drizzle: Light,0,0,
6160,2022-03-27 04:50:00,40.59582,-73.77233,0,0,Animals Action,4514073,7.5,-1.1,0.3,0.3,0.07,3.0,71,26.4,47.5,288,Snow fall: Light,0,0,Snowy Conditions
6161,2022-03-27 09:20:00,40.876812,-73.90118,0,0,Backing Unsafely,4514506,7.5,-1.1,0.3,0.3,0.07,3.0,71,26.4,47.5,288,Snow fall: Light,0,0,Snowy Conditions
6162,2022-03-25 15:30:00,40.666306,-73.905106,0,0,Driver Inattention/Distraction,4514638,15.6,5.3,5.7,5.7,0.0,4.0,63,27.6,52.2,274,Rain: Moderate,0,0,
6163,2022-03-27 23:43:00,40.682613,-73.80693,0,0,Unspecified,4513959,7.5,-1.1,0.3,0.3,0.07,3.0,71,26.4,47.5,288,Snow fall: Light,0,0,Snowy Conditions
6164,2022-03-22 05:07:00,40.67798,-73.872116,0,0,Following Too Closely,4514544,12.8,3.9,0.0,0.0,0.0,0.0,3,23.1,44.3,311,Overcast,0,0,
6165,2022-03-27 16:40:00,40.677254,-73.81173,0,0,Passing or Lane Usage Improper,4513944,7.5,-1.1,0.3,0.3,0.07,3.0,71,26.4,47.5,288,Snow fall: Light,0,0,Snowy Conditions
6166,2022-03-27 01:25:00,40.75671,-73.986465,0,0,Driver Inattention/Distraction,4513706,7.5,-1.1,0.3,0.3,0.07,3.0,71,26.4,47.5,288,Snow fall: Light,0,0,Snowy Conditions
6167,2022-03-26 22:02:00,40.586002,-73.97221,0,0,Unspecified,4514573,10.1,4.9,6.1,5.8,0.21,8.0,71,21.6,41.0,251,Snow fall: Light,0,0,Snowy Conditions
6168,2022-03-27 15:35:00,40.745544,-73.92393,1,0,Driver Inattention/Distraction,4513854,7.5,-1.1,0.3,0.3,0.07,3.0,71,26.4,47.5,288,Snow fall: Light,1,1,Snowy Conditions
6169,2022-03-27 16:30:00,40.58407,-73.92344,1,0,Unsafe Lane Changing,4514014,7.5,-1.1,0.3,0.3,0.07,3.0,71,26.4,47.5,288,Snow fall: Light,1,1,Snowy Conditions
6170,2022-03-25 00:00:00,40.67619,-73.9081,0,0,Failure to Yield Right-of-Way,4514635,15.6,5.3,5.7,5.7,0.0,4.0,63,27.6,52.2,274,Rain: Moderate,0,0,
6171,2022-03-27 16:47:00,40.737907,-73.877174,0,0,Turning Improperly,4514024,7.5,-1.1,0.3,0.3,0.07,3.0,71,26.4,47.5,288,Snow fall: Light,0,0,Snowy Conditions
6172,2022-03-27 05:10:00,40.638844,-74.00144,0,0,Unspecified,4514163,7.5,-1.1,0.3,0.3,0.07,3.0,71,26.4,47.5,288,Snow fall: Light,0,0,Snowy Conditions
6173,2022-03-13 07:00:00,40.82325,-73.88277,1,0,Unspecified,4514498,2.8,-6.1,0.2,0.0,0.14,2.0,71,33.5,62.6,267,Snow fall: Light,1,1,Snowy Conditions
6174,2022-03-27 03:39:00,40.832558,-73.88538,0,0,Unspecified,4513986,7.5,-1.1,0.3,0.3,0.07,3.0,71,26.4,47.5,288,Snow fall: Light,0,0,Snowy Conditions
6175,2022-03-27 09:20:00,40.847412,-73.93331,0,0,Traffic Control Disregarded,4513919,7.5,-1.1,0.3,0.3,0.07,3.0,71,26.4,47.5,288,Snow fall: Light,0,0,Snowy Conditions
6176,2022-03-24 14:00:00,40.6752,-73.950005,0,0,Following Too Closely,4514564,9.9,3.5,21.4,21.4,0.0,16.0,63,27.2,50.8,57,Rain: Moderate,0,0,
6177,2022-03-26 11:45:00,40.65008,-73.96101,0,0,Unspecified,4514583,10.1,4.9,6.1,5.8,0.21,8.0,71,21.6,41.0,251,Snow fall: Light,0,0,Snowy Conditions
6178,2022-03-27 18:19:00,40.857418,-73.89996,0,0,Passing or Lane Usage Improper,4514222,7.5,-1.1,0.3,0.3,0.07,3.0,71,26.4,47.5,288,Snow fall: Light,0,0,Snowy Conditions
6179,2022-03-01 09:00:00,40.808243,-73.92785,0,0,Unspecified,4514466,5.8,-3.7,0.2,0.2,0.0,2.0,51,22.4,41.4,172,Drizzle: Light,0,0,
6180,2022-03-27 23:34:00,40.632,-73.97453,1,0,Unspecified,4514063,7.5,-1.1,0.3,0.3,0.07,3.0,71,26.4,47.5,288,Snow fall: Light,1,1,Snowy Conditions
6181,2022-03-27 23:00:00,40.70219,-73.928345,0,0,Driver Inattention/Distraction,4514130,7.5,-1.1,0.3,0.3,0.07,3.0,71,26.4,47.5,288,Snow fall: Light,0,0,Snowy Conditions
6182,2022-03-26 01:03:00,40.67308,-73.91124,2,0,Failure to Yield Right-of-Way,4514642,10.1,4.9,6.1,5.8,0.21,8.0,71,21.6,41.0,251,Snow fall: Light,2,2,Snowy Conditions
6183,2021-12-16 18:00:00,40.711365,-73.97897,1,0,Following Too Closely,4487092,14.6,9.9,0.0,0.0,0.0,0.0,3,22.4,38.5,222,Overcast,1,1,
6184,2021-12-16 15:00:00,40.670044,-73.818115,2,0,Unsafe Speed,4487130,14.6,9.9,0.0,0.0,0.0,0.0,3,22.4,38.5,222,Overcast,2,2,
6185,2021-12-18 19:00:00,40.60548,-73.999725,1,0,Driver Inattention/Distraction,4487544,6.3,4.5,3.8,3.8,0.0,9.0,61,12.3,24.5,35,Rain: Light,1,1,
6186,2021-12-18 14:50:00,40.69365,-73.98333,0,0,Other Vehicular,4487849,6.3,4.5,3.8,3.8,0.0,9.0,61,12.3,24.5,35,Rain: Light,0,0,
6187,2021-12-18 14:30:00,40.73498,-73.81062,0,0,Unspecified,4487685,6.3,4.5,3.8,3.8,0.0,9.0,61,12.3,24.5,35,Rain: Light,0,0,