,CRASH DATETIME,LATITUDE,LONGITUDE,NUMBER OF PERSONS INJURED,NUMBER OF PERSONS KILLED,CONTRIBUTING FACTOR VEHICLE 1,COLLISION_ID,temperature_2m_max,temperature_2m_min,precipitation_sum,rain_sum,snowfall_sum,precipitation_hours,weather_code,wind_speed_10m_max,wind_gusts_10m_max,wind_direction_10m_dominant,Weather Description,Severity_Score,Total_Affected_Persons,Weather_Category
6188,2021-12-13 14:30:00,40.845787,-73.829834,0,0,Unspecified,4488120,10.2,1.9,0.0,0.0,0.0,0.0,3,19.6,35.3,242,Overcast,0,0,
6189,2021-12-18 02:20:00,40.66475,-73.89405,0,0,Driver Inattention/Distraction,4488094,6.3,4.5,3.8,3.8,0.0,9.0,61,12.3,24.5,35,Rain: Light,0,0,
6190,2021-12-18 05:48:00,40.81543,-73.88679,0,0,Pedestrian/Bicyclist/Other Pedestrian Error/Confusion,4487320,6.3,4.5,3.8,3.8,0.0,9.0,61,12.3,24.5,35,Rain: Light,0,0,
6191,2021-12-18 20:50:00,40.66496,-73.82226,0,0,Driver Inattention/Distraction,4487961,6.3,4.5,3.8,3.8,0.0,9.0,61,12.3,24.5,35,Rain: Light,0,0,
6192,2021-12-18 14:42:00,40.74668,-73.9745,0,0,Backing Unsafely,4487724,6.3,4.5,3.8,3.8,0.0,9.0,61,12.3,24.5,35,Rain: Light,0,0,
6193,2021-12-10 13:59:00,40.677334,-73.86763,2,0,Failure to Yield Right-of-Way,4488071,8.5,1.6,0.0,0.0,0.0,0.0,3,9.8,20.5,183,Overcast,2,2,
6194,2021-12-16 17:00:00,40.65474,-73.90693,1,0,Other Vehicular,4488265,14.6,9.9,0.0,0.0,0.0,0.0,3,22.4,38.5,222,Overcast,1,1,
6195,2021-12-18 00:05:00,40.84797,-73.924774,0,0,Unspecified,4487341,6.3,4.5,3.8,3.8,0.0,9.0,61,12.3,24.5,35,Rain: Light,0,0,
6196,2021-12-18 15:40:00,40.69488,-73.94042,1,0,Pedestrian/Bicyclist/Other Pedestrian Error/Confusion,4487761,6.3,4.5,3.8,3.8,0.0,9.0,61,12.3,24.5,35,Rain: Light,1,1,
6197,2021-12-13 07:07:00,40.62236,-74.174355,0,0,Reaction to Uninvolved Vehicle,4488153,10.2,1.9,0.0,0.0,0.0,0.0,3,19.6,35.3,242,Overcast,0,0,
6198,2021-12-17 15:00:00,40.619225,-74.0897,0,0,Driver Inattention/Distraction,4488045,13.9,6.1,0.0,0.0,0.0,0.0,3,21.5,37.1,265,Overcast,0,0,
6199,2022-12-15 05:00:00,40.678288,-73.74688,0,0,Driver Inattention/Distraction,4598129,4.6,-1.7,16.6,16.1,0.35,10.0,73,31.8,56.5,59,Snow fall: Moderate,0,0,Snowy Conditions
6200,2021-12-18 23:30:00,40.660404,-73.730965,2,0,Failure to Keep Right,4487503,6.3,4.5,3.8,3.8,0.0,9.0,61,12.3,24.5,35,Rain: Light,2,2,
6201,2021-12-18 11:56:00,40.714787,-73.96202,0,0,Driver Inattention/Distraction,4487882,6.3,4.5,3.8,3.8,0.0,9.0,61,12.3,24.5,35,Rain: Light,0,0,
6202,2021-12-18 18:15:00,40.666573,-73.811775,0,0,Pavement Slippery,4487970,6.3,4.5,3.8,3.8,0.0,9.0,61,12.3,24.5,35,Rain: Light,0,0,
6203,2021-12-18 10:50:00,40.827244,-73.92406,1,0,Turning Improperly,4488008,6.3,4.5,3.8,3.8,0.0,9.0,61,12.3,24.5,35,Rain: Light,1,1,
6204,2021-12-18 00:09:00,40.545395,-74.16575,0,0,Failure to Yield Right-of-Way,4487474,6.3,4.5,3.8,3.8,0.0,9.0,61,12.3,24.5,35,Rain: Light,0,0,
6205,2021-12-18 16:55:00,40.7599,-73.98043,1,0,Traffic Control Disregarded,4487418,6.3,4.5,3.8,3.8,0.0,9.0,61,12.3,24.5,35,Rain: Light,1,1,
6206,2021-12-18 17:30:00,40.592407,-73.93361,1,0,Unspecified,4488199,6.3,4.5,3.8,3.8,0.0,9.0,61,12.3,24.5,35,Rain: Light,1,1,
6207,2021-12-16 12:17:00,40.762913,-73.96981,2,0,Outside Car Distraction,4488237,14.6,9.9,0.0,0.0,0.0,0.0,3,22.4,38.5,222,Overcast,2,2,
6208,2021-12-16 22:50:00,40.690926,-73.92066,1,0,Driver Inattention/Distraction,4488315,14.6,9.9,0.0,0.0,0.0,0.0,3,22.4,38.5,222,Overcast,1,1,
6209,2021-12-18 17:30:00,40.898506,-73.87938,0,0,Unsafe Speed,4487453,6.3,4.5,3.8,3.8,0.0,9.0,61,12.3,24.5,35,Rain: Light,0,0,
6210,2021-12-18 15:55:00,40.76479,-73.98429,0,0,Unspecified,4487422,6.3,4.5,3.8,3.8,0.0,9.0,61,12.3,24.5,35,Rain: Light,0,0,
6211,2021-12-12 22:11:00,40.6727,-73.93635,0,0,Unspecified,4488132,13.0,3.4,0.5,0.5,0.0,1.0,53,32.4,62.6,284,Drizzle: Moderate,0,0,
6212,2021-12-18 20:57:00,40.697258,-73.80575,0,0,Driver Inattention/Distraction,4487494,6.3,4.5,3.8,3.8,0.0,9.0,61,12.3,24.5,35,Rain: Light,0,0,
6213,2021-12-18 11:57:00,40.60248,-74.12247,1,0,Driver Inexperience,4487382,6.3,4.5,3.8,3.8,0.0,9.0,61,12.3,24.5,35,Rain: Light,1,1,
6214,2021-12-18 06:00:00,40.828064,-73.91609,0,0,Unspecified,4488006,6.3,4.5,3.8,3.8,0.0,9.0,61,12.3,24.5,35,Rain: Light,0,0,
6215,2021-12-14 00:10:00,40.750305,-74.00837,0,0,Passing Too Closely,4488036,10.4,3.1,0.0,0.0,0.0,0.0,3,18.5,31.3,322,Overcast,0,0,
6216,2021-12-18 17:05:00,40.708492,-73.93887,0,0,Passing Too Closely,4487919,6.3,4.5,3.8,3.8,0.0,9.0,61,12.3,24.5,35,Rain: Light,0,0,
6217,2021-12-18 01:25:00,40.71467,-73.98234,0,0,Outside Car Distraction,4487411,6.3,4.5,3.8,3.8,0.0,9.0,61,12.3,24.5,35,Rain: Light,0,0,
6218,2021-12-18 07:14:00,40.589066,-74.138626,1,0,Fell Asleep,4487481,6.3,4.5,3.8,3.8,0.0,9.0,61,12.3,24.5,35,Rain: Light,1,1,
6219,2021-12-18 03:50:00,40.71843,-74.000534,0,0,Unspecified,4487643,6.3,4.5,3.8,3.8,0.0,9.0,61,12.3,24.5,35,Rain: Light,0,0,
6220,2021-12-17 08:50:00,0.0,0.0,0,0,Driver Inattention/Distraction,4488194,13.9,6.1,0.0,0.0,0.0,0.0,3,21.5,37.1,265,Overcast,0,0,
6221,2021-12-18 21:35:00,40.769844,-73.96686,0,0,Unspecified,4487907,6.3,4.5,3.8,3.8,0.0,9.0,61,12.3,24.5,35,Rain: Light,0,0,
6222,2021-12-18 14:13:00,40.65766,-73.89705,0,0,Turning Improperly,4488082,6.3,4.5,3.8,3.8,0.0,9.0,61,12.3,24.5,35,Rain: Light,0,0,
6223,2021-12-17 10:30:00,40.703438,-73.901436,0,0,Unspecified,4488201,13.9,6.1,0.0,0.0,0.0,0.0,3,21.5,37.1,265,Overcast,0,0,
6224,2021-12-18 13:55:00,40.785294,-73.969345,0,0,Steering Failure,4487504,6.3,4.5,3.8,3.8,0.0,9.0,61,12.3,24.5,35,Rain: Light,0,0,
6225,2021-04-26 04:28:00,40.772114,-73.93068,0,0,Unspecified,4410911,13.7,3.7,0.0,0.0,0.0,0.0,2,27.3,52.6,311,Partly cloudy,0,0,
6226,2021-12-15 09:30:00,40.811714,-73.92671,0,0,Turning Improperly,4488303,10.3,1.8,1.0,1.0,0.0,6.0,51,20.6,38.2,104,Drizzle: Light,0,0,
6227,2021-12-18 15:53:00,40.649673,-73.91232,0,0,Reaction to Uninvolved Vehicle,4487593,6.3,4.5,3.8,3.8,0.0,9.0,61,12.3,24.5,35,Rain: Light,0,0,
6228,2021-12-18 04:00:00,40.879948,-73.82339,0,0,Unsafe Speed,4488137,6.3,4.5,3.8,3.8,0.0,9.0,61,12.3,24.5,35,Rain: Light,0,0,
6229,2021-12-18 11:50:00,40.690647,-73.90805,0,0,Passing Too Closely,4487429,6.3,4.5,3.8,3.8,0.0,9.0,61,12.3,24.5,35,Rain: Light,0,0,
6230,2021-12-18 23:58:00,40.680016,-73.87743,0,0,Traffic Control Disregarded,4488070,6.3,4.5,3.8,3.8,0.0,9.0,61,12.3,24.5,35,Rain: Light,0,0,
6231,2021-12-18 22:55:00,40.804066,-73.93117,0,0,Driver Inattention/Distraction,4487945,6.3,4.5,3.8,3.8,0.0,9.0,61,12.3,24.5,35,Rain: Light,0,0,
6232,2021-12-18 19:00:00,40.687267,-73.81312,0,0,Failure to Yield Right-of-Way,4487990,6.3,4.5,3.8,3.8,0.0,9.0,61,12.3,24.5,35,Rain: Light,0,0,
6233,2021-12-17 07:37:00,40.692482,-73.9203,0,0,Traffic Control Disregarded,4488321,13.9,6.1,0.0,0.0,0.0,0.0,3,21.5,37.1,265,Overcast,0,0,
6234,2021-12-17 12:30:00,40.670193,-73.878876,1,0,Unspecified,4488062,13.9,6.1,0.0,0.0,0.0,0.0,3,21.5,37.1,265,Overcast,1,1,
6235,2021-12-18 06:05:00,40.80777,-73.94549,1,0,Driver Inattention/Distraction,4488127,6.3,4.5,3.8,3.8,0.0,9.0,61,12.3,24.5,35,Rain: Light,1,1,
6236,2021-12-18 17:55:00,40.841087,-73.937935,0,0,Driver Inattention/Distraction,4487694,6.3,4.5,3.8,3.8,0.0,9.0,61,12.3,24.5,35,Rain: Light,0,0,
6237,2021-12-17 18:45:00,40.740623,-73.78024,1,0,Driver Inattention/Distraction,4488106,13.9,6.1,0.0,0.0,0.0,0.0,3,21.5,37.1,265,Overcast,1,1,
6238,2021-12-18 18:30:00,40.76188,-73.72319,0,0,Driver Inattention/Distraction,4487763,6.3,4.5,3.8,3.8,0.0,9.0,61,12.3,24.5,35,Rain: Light,0,0,
6239,2021-12-18 08:30:00,40.683636,-73.97717,0,0,Driver Inattention/Distraction,4487609,6.3,4.5,3.8,3.8,0.0,9.0,61,12.3,24.5,35,Rain: Light,0,0,
6240,2021-12-18 16:57:00,40.688236,-73.76196,1,0,Following Too Closely,4487892,6.3,4.5,3.8,3.8,0.0,9.0,61,12.3,24.5,35,Rain: Light,1,1,
6241,2021-12-17 23:12:00,40.843163,-73.82812,0,0,Unspecified,4488183,13.9,6.1,0.0,0.0,0.0,0.0,3,21.5,37.1,265,Overcast,0,0,
6242,2021-12-18 23:00:00,40.763885,-73.84002,0,0,Passing or Lane Usage Improper,4487512,6.3,4.5,3.8,3.8,0.0,9.0,61,12.3,24.5,35,Rain: Light,0,0,
6243,2021-12-17 17:20:00,40.666706,-73.871826,1,0,Failure to Yield Right-of-Way,4488075,13.9,6.1,0.0,0.0,0.0,0.0,3,21.5,37.1,265,Overcast,1,1,
6244,2021-12-17 18:31:00,40.703644,-73.80041,1,0,Unspecified,4488213,13.9,6.1,0.0,0.0,0.0,0.0,3,21.5,37.1,265,Overcast,1,1,
6245,2021-12-18 00:30:00,40.67681,-73.91924,0,0,Driver Inattention/Distraction,4487829,6.3,4.5,3.8,3.8,0.0,9.0,61,12.3,24.5,35,Rain: Light,0,0,
6246,2021-12-18 02:30:00,40.72284,-73.99144,0,0,Driver Inattention/Distraction,4487632,6.3,4.5,3.8,3.8,0.0,9.0,61,12.3,24.5,35,Rain: Light,0,0,
6247,2021-12-18 16:15:00,40.892365,-73.859116,0,0,Passing Too Closely,4487838,6.3,4.5,3.8,3.8,0.0,9.0,61,12.3,24.5,35,Rain: Light,0,0,
6248,2021-12-18 02:24:00,40.714993,-73.90038,0,0,Unsafe Speed,4487727,6.3,4.5,3.8,3.8,0.0,9.0,61,12.3,24.5,35,Rain: Light,0,0,
6249,2021-12-18 19:35:00,40.840034,-73.81581,0,0,Unspecified,4488113,6.3,4.5,3.8,3.8,0.0,9.0,61,12.3,24.5,35,Rain: Light,0,0,
6250,2021-12-18 04:30:00,40.737156,-73.87941,0,0,Driver Inattention/Distraction,4487328,6.3,4.5,3.8,3.8,0.0,9.0,61,12.3,24.5,35,Rain: Light,0,0,
6251,2021-12-14 12:25:00,40.856625,-73.8319,0,0,Unspecified,4488149,10.4,3.1,0.0,0.0,0.0,0.0,3,18.5,31.3,322,Overcast,0,0,
6252,2021-12-18 04:00:00,40.840286,-73.92147,1,0,Aggressive Driving/Road Rage,4488285,6.3,4.5,3.8,3.8,0.0,9.0,61,12.3,24.5,35,Rain: Light,1,1,
6253,2021-12-18 04:00:00,40.741085,-73.99978,0,0,Driver Inattention/Distraction,4487567,6.3,4.5,3.8,3.8,0.0,9.0,61,12.3,24.5,35,Rain: Light,0,0,
6254,2021-12-08 23:40:00,40.634342,-74.07522,0,0,Driver Inattention/Distraction,4488049,4.7,0.9,0.7,0.7,0.0,2.0,51,14.5,24.8,355,Drizzle: Light,0,0,
6255,2021-12-18 20:20:00,40.663776,-73.990944,1,0,Alcohol Involvement,4488263,6.3,4.5,3.8,3.8,0.0,9.0,61,12.3,24.5,35,Rain: Light,1,1,
6256,2021-12-17 15:00:00,40.691933,-73.79829,0,0,Other Electronic Device,4488212,13.9,6.1,0.0,0.0,0.0,0.0,3,21.5,37.1,265,Overcast,0,0,
6257,2021-12-17 18:15:00,40.657555,-73.894196,1,0,Driver Inattention/Distraction,4488093,13.9,6.1,0.0,0.0,0.0,0.0,3,21.5,37.1,265,Overcast,1,1,
6258,2021-12-18 04:10:00,40.86713,-73.883835,0,0,Unspecified,4487346,6.3,4.5,3.8,3.8,0.0,9.0,61,12.3,24.5,35,Rain: Light,0,0,
6259,2021-12-18 22:25:00,40.574593,-73.98764,0,0,Unspecified,4487743,6.3,4.5,3.8,3.8,0.0,9.0,61,12.3,24.5,35,Rain: Light,0,0,
6260,2021-12-18 00:44:00,40.72803,-74.00216,1,0,Unspecified,4487615,6.3,4.5,3.8,3.8,0.0,9.0,61,12.3,24.5,35,Rain: Light,1,1,
6261,2021-12-17 17:30:00,40.665474,-73.86752,4,0,Unspecified,4488074,13.9,6.1,0.0,0.0,0.0,0.0,3,21.5,37.1,265,Overcast,4,4,
6262,2021-12-18 10:30:00,40.74091,-73.83727,0,0,Unspecified,4487686,6.3,4.5,3.8,3.8,0.0,9.0,61,12.3,24.5,35,Rain: Light,0,0,
6263,2021-12-18 03:00:00,40.69231,-73.88147,2,0,Unspecified,4488240,6.3,4.5,3.8,3.8,0.0,9.0,61,12.3,24.5,35,Rain: Light,2,2,
6264,2021-12-17 17:58:00,40.84281,-73.84469,0,0,Unspecified,4488136,13.9,6.1,0.0,0.0,0.0,0.0,3,21.5,37.1,265,Overcast,0,0,
6265,2021-12-18 14:13:00,40.698097,-73.9298,0,0,Passing or Lane Usage Improper,4487428,6.3,4.5,3.8,3.8,0.0,9.0,61,12.3,24.5,35,Rain: Light,0,0,
6266,2021-12-18 23:04:00,40.835808,-73.949455,1,0,Driver Inattention/Distraction,4487454,6.3,4.5,3.8,3.8,0.0,9.0,61,12.3,24.5,35,Rain: Light,1,1,
6267,2021-12-18 17:00:00,40.63782,-73.98921,0,0,Unspecified,4487933,6.3,4.5,3.8,3.8,0.0,9.0,61,12.3,24.5,35,Rain: Light,0,0,
6268,2021-12-18 17:25:00,40.884346,-73.88706,0,0,Unspecified,4488221,6.3,4.5,3.8,3.8,0.0,9.0,61,12.3,24.5,35,Rain: Light,0,0,
6269,2021-12-15 18:00:00,40.552784,-74.2119,0,0,Driver Inattention/Distraction,4488027,10.3,1.8,1.0,1.0,0.0,6.0,51,20.6,38.2,104,Drizzle: Light,0,0,
6270,2021-11-20 14:00:00,40.68024,-73.946754,0,0,Unsafe Lane Changing,4488169,6.8,0.2,0.0,0.0,0.0,0.0,3,13.8,25.6,219,Overcast,0,0,
6271,2021-12-18 15:18:00,40.75793,-73.979675,0,0,Unspecified,4487412,6.3,4.5,3.8,3.8,0.0,9.0,61,12.3,24.5,35,Rain: Light,0,0,
6272,2021-12-18 22:46:00,40.756317,-73.83369,1,0,Alcohol Involvement,4487847,6.3,4.5,3.8,3.8,0.0,9.0,61,12.3,24.5,35,Rain: Light,1,1,
6273,2021-12-18 11:20:00,40.72106,-73.99821,0,0,Driver Inexperience,4487639,6.3,4.5,3.8,3.8,0.0,9.0,61,12.3,24.5,35,Rain: Light,0,0,
6274,2021-12-18 18:30:00,40.64385,-73.87576,0,0,Following Too Closely,4488083,6.3,4.5,3.8,3.8,0.0,9.0,61,12.3,24.5,35,Rain: Light,0,0,
6275,2021-12-17 23:30:00,40.80897,-73.94833,1,0,Driver Inattention/Distraction,4488126,13.9,6.1,0.0,0.0,0.0,0.0,3,21.5,37.1,265,Overcast,1,1,
6276,2021-12-08 10:00:00,40.750153,-74.00415,0,0,Driver Inattention/Distraction,4488037,4.7,0.9,0.7,0.7,0.0,2.0,51,14.5,24.8,355,Drizzle: Light,0,0,
6277,2021-12-18 22:30:00,40.58396,-73.9253,0,0,Unspecified,4487524,6.3,4.5,3.8,3.8,0.0,9.0,61,12.3,24.5,35,Rain: Light,0,0,
6278,2021-12-18 16:25:00,40.70786,-73.84846,0,0,Unsafe Speed,4487652,6.3,4.5,3.8,3.8,0.0,9.0,61,12.3,24.5,35,Rain: Light,0,0,
6279,2021-12-18 17:25:00,40.827423,-73.86823,1,0,Failure to Yield Right-of-Way,4488195,6.3,4.5,3.8,3.8,0.0,9.0,61,12.3,24.5,35,Rain: Light,1,1,
6280,2021-12-18 01:15:00,40.67816,-73.897484,0,0,Traffic Control Disregarded,4488078,6.3,4.5,3.8,3.8,0.0,9.0,61,12.3,24.5,35,Rain: Light,0,0,
6281,2021-12-14 10:45:00,40.67236,-74.01124,0,0,Unspecified,4488307,10.4,3.1,0.0,0.0,0.0,0.0,3,18.5,31.3,322,Overcast,0,0,
6282,2021-12-18 04:00:00,40.74311,-73.86751,0,0,Unspecified,4487364,6.3,4.5,3.8,3.8,0.0,9.0,61,12.3,24.5,35,Rain: Light,0,0,
6283,2021-12-18 15:19:00,40.710316,-73.75247,0,0,Passing Too Closely,4487495,6.3,4.5,3.8,3.8,0.0,9.0,61,12.3,24.5,35,Rain: Light,0,0,
6284,2021-12-18 15:40:00,40.678364,-73.77949,0,0,Driver Inattention/Distraction,4487864,6.3,4.5,3.8,3.8,0.0,9.0,61,12.3,24.5,35,Rain: Light,0,0,
6285,2021-12-18 09:45:00,40.734295,-73.97455,0,0,Driver Inattention/Distraction,4487705,6.3,4.5,3.8,3.8,0.0,9.0,61,12.3,24.5,35,Rain: Light,0,0,
6286,2021-12-18 13:40:00,40.830425,-73.82947,1,0,Unspecified,4488130,6.3,4.5,3.8,3.8,0.0,9.0,61,12.3,24.5,35,Rain: Light,1,1,
6287,2021-12-18 22:00:00,40.681515,-73.90412,0,0,Unspecified,4487771,6.3,4.5,3.8,3.8,0.0,9.0,61,12.3,24.5,35,Rain: Light,0,0,
6288,2021-12-18 03:30:00,40.68462,-73.8687,0,0,Unspecified,4488079,6.3,4.5,3.8,3.8,0.0,9.0,61,12.3,24.5,35,Rain: Light,0,0,
6289,2021-12-18 13:20:00,40.678097,-73.98559,0,0,Failure to Yield Right-of-Way,4487587,6.3,4.5,3.8,3.8,0.0,9.0,61,12.3,24.5,35,Rain: Light,0,0,
6290,2021-12-14 17:00:00,40.688087,-73.96683,0,0,Following Too Closely,4488031,10.4,3.1,0.0,0.0,0.0,0.0,3,18.5,31.3,322,Overcast,0,0,
6291,2021-12-17 20:34:00,40.66047,-73.89205,1,0,Driver Inattention/Distraction,4488063,13.9,6.1,0.0,0.0,0.0,0.0,3,21.5,37.1,265,Overcast,1,1,
6292,2021-12-18 03:50:00,40.68428,-73.86647,0,0,Unspecified,4487651,6.3,4.5,3.8,3.8,0.0,9.0,61,12.3,24.5,35,Rain: Light,0,0,
6293,2021-12-18 09:21:00,40.85482,-73.9112,1,0,Driver Inattention/Distraction,4487969,6.3,4.5,3.8,3.8,0.0,9.0,61,12.3,24.5,35,Rain: Light,1,1,
6294,2021-12-18 03:10:00,40.608433,-74.15544,0,0,Driver Inattention/Distraction,4487379,6.3,4.5,3.8,3.8,0.0,9.0,61,12.3,24.5,35,Rain: Light,0,0,
6295,2021-12-18 17:50:00,40.87673,-73.86444,0,0,Unsafe Speed,4487810,6.3,4.5,3.8,3.8,0.0,9.0,61,12.3,24.5,35,Rain: Light,0,0,
6296,2021-12-18 04:30:00,40.82358,-73.90675,0,0,Driver Inexperience,4487462,6.3,4.5,3.8,3.8,0.0,9.0,61,12.3,24.5,35,Rain: Light,0,0,
6297,2021-12-18 16:14:00,40.831177,-73.942085,0,0,Driver Inattention/Distraction,4487839,6.3,4.5,3.8,3.8,0.0,9.0,61,12.3,24.5,35,Rain: Light,0,0,
6298,2021-12-18 21:17:00,40.662174,-73.953705,2,0,Driver Inattention/Distraction,4487560,6.3,4.5,3.8,3.8,0.0,9.0,61,12.3,24.5,35,Rain: Light,2,2,
6299,2021-12-18 19:54:00,40.88504,-73.8271,1,0,Unspecified,4487798,6.3,4.5,3.8,3.8,0.0,9.0,61,12.3,24.5,35,Rain: Light,1,1,
6300,2021-12-16 14:50:00,40.806065,-73.90905,0,0,Unspecified,4488102,14.6,9.9,0.0,0.0,0.0,0.0,3,22.4,38.5,222,Overcast,0,0,
6301,2021-12-18 16:20:00,40.833786,-73.94037,1,0,Traffic Control Disregarded,4487693,6.3,4.5,3.8,3.8,0.0,9.0,61,12.3,24.5,35,Rain: Light,1,1,
6302,2021-12-18 01:30:00,40.737156,-73.87941,0,0,Driver Inattention/Distraction,4487329,6.3,4.5,3.8,3.8,0.0,9.0,61,12.3,24.5,35,Rain: Light,0,0,
6303,2021-12-18 00:40:00,40.534813,-74.194115,0,0,Driver Inexperience,4488150,6.3,4.5,3.8,3.8,0.0,9.0,61,12.3,24.5,35,Rain: Light,0,0,
6304,2021-12-11 03:45:00,40.63777,-74.07602,1,0,Driver Inattention/Distraction,4488048,17.3,5.0,8.1,8.1,0.0,5.0,63,35.0,67.0,206,Rain: Moderate,1,1,
6305,2021-12-18 02:00:00,40.768642,-73.949036,4,0,Alcohol Involvement,4488282,6.3,4.5,3.8,3.8,0.0,9.0,61,12.3,24.5,35,Rain: Light,4,4,
6306,2021-12-16 18:17:00,40.87306,-73.87864,1,0,Driver Inattention/Distraction,4488222,14.6,9.9,0.0,0.0,0.0,0.0,3,22.4,38.5,222,Overcast,1,1,
6307,2021-12-18 04:00:00,40.842846,-73.881424,1,0,Driver Inattention/Distraction,4487950,6.3,4.5,3.8,3.8,0.0,9.0,61,12.3,24.5,35,Rain: Light,1,1,
6308,2021-12-18 12:00:00,40.62094,-74.01037,2,0,Traffic Control Disregarded,4487433,6.3,4.5,3.8,3.8,0.0,9.0,61,12.3,24.5,35,Rain: Light,2,2,
6309,2021-12-18 16:04:00,40.711845,-73.859764,1,0,Unspecified,4487439,6.3,4.5,3.8,3.8,0.0,9.0,61,12.3,24.5,35,Rain: Light,1,1,
6310,2021-12-18 13:57:00,40.700005,-73.7547,0,0,Failure to Keep Right,4487895,6.3,4.5,3.8,3.8,0.0,9.0,61,12.3,24.5,35,Rain: Light,0,0,
6311,2021-12-16 16:35:00,40.824352,-73.82022,1,0,Unspecified,4488148,14.6,9.9,0.0,0.0,0.0,0.0,3,22.4,38.5,222,Overcast,1,1,
6312,2021-12-18 06:30:00,40.596848,-74.06206,0,0,Passing or Lane Usage Improper,4487480,6.3,4.5,3.8,3.8,0.0,9.0,61,12.3,24.5,35,Rain: Light,0,0,
6313,2021-12-18 15:24:00,40.764362,-73.96162,1,0,Driver Inattention/Distraction,4487939,6.3,4.5,3.8,3.8,0.0,9.0,61,12.3,24.5,35,Rain: Light,1,1,
6314,2021-12-17 00:20:00,40.60882,-73.9903,0,0,Unspecified,4488181,13.9,6.1,0.0,0.0,0.0,0.0,3,21.5,37.1,265,Overcast,0,0,
6315,2021-12-18 22:49:00,40.82317,-73.93872,0,0,Passing Too Closely,4487991,6.3,4.5,3.8,3.8,0.0,9.0,61,12.3,24.5,35,Rain: Light,0,0,
6316,2021-12-15 09:39:00,40.643776,-74.008125,1,0,Failure to Yield Right-of-Way,4488219,10.3,1.8,1.0,1.0,0.0,6.0,51,20.6,38.2,104,Drizzle: Light,1,1,
6317,2021-12-18 13:25:00,40.655685,-73.899414,0,0,Unspecified,4487400,6.3,4.5,3.8,3.8,0.0,9.0,61,12.3,24.5,35,Rain: Light,0,0,
6318,2021-12-18 07:00:00,40.714104,-73.95322,0,0,Unsafe Speed,4487898,6.3,4.5,3.8,3.8,0.0,9.0,61,12.3,24.5,35,Rain: Light,0,0,
6319,2021-12-18 23:05:00,40.849308,-73.88481,1,0,Driver Inattention/Distraction,4487973,6.3,4.5,3.8,3.8,0.0,9.0,61,12.3,24.5,35,Rain: Light,1,1,
6320,2021-12-17 13:23:00,40.605522,-73.76088,1,0,Traffic Control Disregarded,4488025,13.9,6.1,0.0,0.0,0.0,0.0,3,21.5,37.1,265,Overcast,1,1,
6321,2021-12-18 11:00:00,40.659966,-73.94151,0,0,Other Vehicular,4487416,6.3,4.5,3.8,3.8,0.0,9.0,61,12.3,24.5,35,Rain: Light,0,0,
6322,2021-12-18 17:41:00,40.603912,-74.11792,0,0,Traffic Control Disregarded,4487478,6.3,4.5,3.8,3.8,0.0,9.0,61,12.3,24.5,35,Rain: Light,0,0,
6323,2021-12-14 12:15:00,40.700497,-73.90021,1,0,Failure to Yield Right-of-Way,4488196,10.4,3.1,0.0,0.0,0.0,0.0,3,18.5,31.3,322,Overcast,1,1,
6324,2021-12-13 22:00:00,40.709885,-73.75426,1,0,Traffic Control Disregarded,4488210,10.2,1.9,0.0,0.0,0.0,0.0,3,19.6,35.3,242,Overcast,1,1,
6325,2021-12-18 16:58:00,40.737705,-73.88231,0,0,Failure to Yield Right-of-Way,4487509,6.3,4.5,3.8,3.8,0.0,9.0,61,12.3,24.5,35,Rain: Light,0,0,
6326,2021-12-18 13:20:00,40.794285,-73.95112,0,0,Turning Improperly,4487752,6.3,4.5,3.8,3.8,0.0,9.0,61,12.3,24.5,35,Rain: Light,0,0,
6327,2021-12-13 19:56:00,40.737682,-73.85206,0,0,Following Too Closely,4488186,10.2,1.9,0.0,0.0,0.0,0.0,3,19.6,35.3,242,Overcast,0,0,
6328,2021-12-15 17:04:00,40.62403,-74.09433,0,0,Traffic Control Disregarded,4488047,10.3,1.8,1.0,1.0,0.0,6.0,51,20.6,38.2,104,Drizzle: Light,0,0,
6329,2021-12-06 17:33:00,40.672752,-73.95432,1,0,Failure to Yield Right-of-Way,4488135,16.3,7.7,6.3,6.3,0.0,10.0,61,35.1,65.5,201,Rain: Light,1,1,
6330,2021-12-18 12:00:00,40.700054,-73.92459,0,0,Passing Too Closely,4487427,6.3,4.5,3.8,3.8,0.0,9.0,61,12.3,24.5,35,Rain: Light,0,0,
6331,2021-12-18 23:20:00,40.660233,-73.93712,0,0,Unsafe Speed,4487557,6.3,4.5,3.8,3.8,0.0,9.0,61,12.3,24.5,35,Rain: Light,0,0,
6332,2021-12-18 04:01:00,40.770756,-73.91727,0,0,Outside Car Distraction,4487374,6.3,4.5,3.8,3.8,0.0,9.0,61,12.3,24.5,35,Rain: Light,0,0,
6333,2021-12-18 21:42:00,40.67734,-73.75067,1,0,Unsafe Speed,4487501,6.3,4.5,3.8,3.8,0.0,9.0,61,12.3,24.5,35,Rain: Light,1,1,
6334,2021-12-18 08:50:00,40.70276,-73.94546,1,0,Fell Asleep,4487884,6.3,4.5,3.8,3.8,0.0,9.0,61,12.3,24.5,35,Rain: Light,1,1,
6335,2021-12-18 12:33:00,40.695324,-73.789276,1,0,Failure to Yield Right-of-Way,4487489,6.3,4.5,3.8,3.8,0.0,9.0,61,12.3,24.5,35,Rain: Light,1,1,
6336,2021-12-18 23:41:00,40.686428,-73.8687,1,0,Unspecified,4488096,6.3,4.5,3.8,3.8,0.0,9.0,61,12.3,24.5,35,Rain: Light,1,1,
6337,2021-12-18 20:30:00,40.626564,-73.94881,2,0,Traffic Control Disregarded,4487997,6.3,4.5,3.8,3.8,0.0,9.0,61,12.3,24.5,35,Rain: Light,2,2,
6338,2021-12-18 10:09:00,40.662743,-73.921936,0,0,Unspecified,4487623,6.3,4.5,3.8,3.8,0.0,9.0,61,12.3,24.5,35,Rain: Light,0,0,