,CRASH DATETIME,LATITUDE,LONGITUDE,NUMBER OF PERSONS INJURED,NUMBER OF PERSONS KILLED,CONTRIBUTING FACTOR VEHICLE 1,COLLISION_ID,temperature_2m_max,temperature_2m_min,precipitation_sum,rain_sum,snowfall_sum,precipitation_hours,weather_code,wind_speed_10m_max,wind_gusts_10m_max,wind_direction_10m_dominant,Weather Description,Severity_Score,Total_Affected_Persons,Weather_Category
6339,2021-12-18 02:58:00,40.810173,-73.937416,1,0,Unsafe Speed,4487928,6.3,4.5,3.8,3.8,0.0,9.0,61,12.3,24.5,35,Rain: Light,1,1,
6340,2021-12-18 11:59:00,40.82998,-73.913994,0,0,Passing Too Closely,4488010,6.3,4.5,3.8,3.8,0.0,9.0,61,12.3,24.5,35,Rain: Light,0,0,
6341,2021-12-18 23:25:00,40.766434,-73.83767,0,0,Unspecified,4487717,6.3,4.5,3.8,3.8,0.0,9.0,61,12.3,24.5,35,Rain: Light,0,0,
6342,2021-12-17 10:00:00,40.672447,-73.892136,0,0,Unspecified,4488073,13.9,6.1,0.0,0.0,0.0,0.0,3,21.5,37.1,265,Overcast,0,0,
6343,2021-12-11 13:54:00,40.717014,-73.7994,1,0,Unspecified,4488166,17.3,5.0,8.1,8.1,0.0,5.0,63,35.0,67.0,206,Rain: Moderate,1,1,
6344,2021-12-18 13:19:00,40.668644,-73.9852,1,0,Backing Unsafely,4487603,6.3,4.5,3.8,3.8,0.0,9.0,61,12.3,24.5,35,Rain: Light,1,1,
6345,2021-12-18 20:40:00,40.641205,-73.877205,0,0,Unsafe Lane Changing,4488084,6.3,4.5,3.8,3.8,0.0,9.0,61,12.3,24.5,35,Rain: Light,0,0,
6346,2021-12-18 23:30:00,40.760155,-73.9988,1,0,Unsafe Lane Changing,4487570,6.3,4.5,3.8,3.8,0.0,9.0,61,12.3,24.5,35,Rain: Light,1,1,
6347,2021-12-18 11:24:00,40.884857,-73.91587,1,0,Driver Inattention/Distraction,4487361,6.3,4.5,3.8,3.8,0.0,9.0,61,12.3,24.5,35,Rain: Light,1,1,
6348,2021-12-18 01:03:00,40.84528,-73.9265,0,0,Alcohol Involvement,4487456,6.3,4.5,3.8,3.8,0.0,9.0,61,12.3,24.5,35,Rain: Light,0,0,
6349,2021-12-18 22:20:00,40.719204,-73.99037,0,0,Driver Inattention/Distraction,4487675,6.3,4.5,3.8,3.8,0.0,9.0,61,12.3,24.5,35,Rain: Light,0,0,
6350,2021-09-17 13:30:00,40.748177,-73.98474,0,0,Unspecified,4458811,23.6,20.1,1.0,1.0,0.0,7.0,51,20.3,38.9,59,Drizzle: Light,0,0,
6351,2021-12-07 15:50:00,40.72106,-73.99821,0,0,Failure to Yield Right-of-Way,4485804,8.6,0.8,0.1,0.1,0.0,1.0,51,27.2,49.3,283,Drizzle: Light,0,0,
6352,2021-12-10 15:40:00,40.755997,-73.8634,1,0,Driver Inattention/Distraction,4485256,8.5,1.6,0.0,0.0,0.0,0.0,3,9.8,20.5,183,Overcast,1,1,
6353,2021-12-10 05:10:00,40.59907,-73.90498,0,0,Passing or Lane Usage Improper,4485105,8.5,1.6,0.0,0.0,0.0,0.0,3,9.8,20.5,183,Overcast,0,0,
6354,2021-11-26 15:20:00,40.843822,-73.9275,0,0,Passing Too Closely,4485157,7.6,1.6,8.4,8.4,0.0,11.0,61,28.7,53.6,279,Rain: Light,0,0,
6355,2021-12-08 15:45:00,40.68093,-74.004944,0,0,Unspecified,4484773,4.7,0.9,0.7,0.7,0.0,2.0,51,14.5,24.8,355,Drizzle: Light,0,0,
6356,2021-12-08 13:45:00,40.712357,-73.8263,0,0,Outside Car Distraction,4484800,4.7,0.9,0.7,0.7,0.0,2.0,51,14.5,24.8,355,Drizzle: Light,0,0,
6357,2021-12-09 08:30:00,40.651695,-73.9311,1,0,Backing Unsafely,4485003,3.6,-2.0,0.1,0.0,0.07,1.0,71,19.2,33.8,295,Snow fall: Light,1,1,Snowy Conditions
6358,2021-12-08 14:55:00,40.6379,-74.14504,0,0,Unsafe Speed,4484965,4.7,0.9,0.7,0.7,0.0,2.0,51,14.5,24.8,355,Drizzle: Light,0,0,
6359,2021-12-06 12:00:00,40.856014,-73.8945,0,0,Driver Inexperience,4485939,16.3,7.7,6.3,6.3,0.0,10.0,61,35.1,65.5,201,Rain: Light,0,0,
6360,2021-12-09 06:14:00,40.743427,-73.775475,1,0,Tire Failure/Inadequate,4484971,3.6,-2.0,0.1,0.0,0.07,1.0,71,19.2,33.8,295,Snow fall: Light,1,1,Snowy Conditions
6361,2021-12-10 04:34:00,40.73539,-73.97511,0,0,Following Too Closely,4485178,8.5,1.6,0.0,0.0,0.0,0.0,3,9.8,20.5,183,Overcast,0,0,
6362,2021-12-10 17:40:00,40.61881,-74.021774,1,0,Unspecified,4485288,8.5,1.6,0.0,0.0,0.0,0.0,3,9.8,20.5,183,Overcast,1,1,
6363,2021-12-08 08:30:00,40.738552,-73.98043,1,0,Driver Inattention/Distraction,4484672,4.7,0.9,0.7,0.7,0.0,2.0,51,14.5,24.8,355,Drizzle: Light,1,1,
6364,2021-12-10 07:11:00,40.84398,-73.92296,0,0,Unspecified,4485510,8.5,1.6,0.0,0.0,0.0,0.0,3,9.8,20.5,183,Overcast,0,0,
6365,2021-12-09 16:23:00,40.865223,-73.83619,1,0,Driver Inattention/Distraction,4485217,3.6,-2.0,0.1,0.0,0.07,1.0,71,19.2,33.8,295,Snow fall: Light,1,1,Snowy Conditions
6366,2021-12-06 14:00:00,40.68163,-73.97488,0,0,Unspecified,4485744,16.3,7.7,6.3,6.3,0.0,10.0,61,35.1,65.5,201,Rain: Light,0,0,
6367,2021-12-05 03:15:00,40.768982,-73.91064,2,0,Passing or Lane Usage Improper,4485363,7.6,0.0,0.0,0.0,0.0,0.0,3,15.1,27.0,303,Overcast,2,2,
6368,2021-12-10 01:16:00,40.822533,-73.88509,1,0,Unsafe Speed,4485317,8.5,1.6,0.0,0.0,0.0,0.0,3,9.8,20.5,183,Overcast,1,1,
6369,2021-12-08 17:00:00,40.609554,-73.96631,0,0,Unspecified,4484887,4.7,0.9,0.7,0.7,0.0,2.0,51,14.5,24.8,355,Drizzle: Light,0,0,
6370,2021-12-10 05:40:00,40.809246,-73.93598,0,0,Driverless/Runaway Vehicle,4485185,8.5,1.6,0.0,0.0,0.0,0.0,3,9.8,20.5,183,Overcast,0,0,
6371,2021-12-10 04:36:00,40.76161,-73.99418,0,0,Alcohol Involvement,4485325,8.5,1.6,0.0,0.0,0.0,0.0,3,9.8,20.5,183,Overcast,0,0,
6372,2021-12-03 13:30:00,40.783245,-73.94473,0,0,Unspecified,4485498,9.3,0.9,0.0,0.0,0.0,0.0,3,27.6,53.3,301,Overcast,0,0,
6373,2021-12-10 08:14:00,40.76135,-73.796326,0,0,Passing Too Closely,4485206,8.5,1.6,0.0,0.0,0.0,0.0,3,9.8,20.5,183,Overcast,0,0,
6374,2021-12-09 16:50:00,40.547325,-74.18201,0,0,Failure to Yield Right-of-Way,4485597,3.6,-2.0,0.1,0.0,0.07,1.0,71,19.2,33.8,295,Snow fall: Light,0,0,Snowy Conditions
6375,2021-12-08 17:00:00,40.728745,-73.86131,0,0,Driver Inattention/Distraction,4485422,4.7,0.9,0.7,0.7,0.0,2.0,51,14.5,24.8,355,Drizzle: Light,0,0,
6376,2021-12-08 12:30:00,40.607258,-74.00265,0,0,Unspecified,4484729,4.7,0.9,0.7,0.7,0.0,2.0,51,14.5,24.8,355,Drizzle: Light,0,0,
6377,2021-12-17 13:20:00,40.743324,-73.984085,1,0,Driver Inattention/Distraction,4488242,13.9,6.1,0.0,0.0,0.0,0.0,3,21.5,37.1,265,Overcast,1,1,
6378,2021-12-15 15:24:00,40.678722,-73.952995,0,0,Driver Inattention/Distraction,4488157,10.3,1.8,1.0,1.0,0.0,6.0,51,20.6,38.2,104,Drizzle: Light,0,0,
6379,2021-12-17 21:12:00,40.63056,-74.1057,0,0,Passing or Lane Usage Improper,4488053,13.9,6.1,0.0,0.0,0.0,0.0,3,21.5,37.1,265,Overcast,0,0,
6380,2021-12-18 20:03:00,40.743122,-73.835075,0,0,Following Too Closely,4487687,6.3,4.5,3.8,3.8,0.0,9.0,61,12.3,24.5,35,Rain: Light,0,0,
6381,2021-12-18 18:20:00,40.685436,-73.79326,0,0,Fatigued/Drowsy,4487863,6.3,4.5,3.8,3.8,0.0,9.0,61,12.3,24.5,35,Rain: Light,0,0,
6382,2021-12-18 16:00:00,40.67175,-73.89685,0,0,Driver Inattention/Distraction,4488064,6.3,4.5,3.8,3.8,0.0,9.0,61,12.3,24.5,35,Rain: Light,0,0,
6383,2021-12-18 10:05:00,40.631363,-74.12629,2,0,Backing Unsafely,4487637,6.3,4.5,3.8,3.8,0.0,9.0,61,12.3,24.5,35,Rain: Light,2,2,
6384,2021-04-21 02:30:00,40.839832,-73.92392,0,0,Unsafe Speed,4409097,18.2,3.7,3.7,3.7,0.0,3.0,63,29.9,59.0,256,Rain: Moderate,0,0,
6385,2021-04-22 10:56:00,40.738567,-73.90554,0,0,Driver Inattention/Distraction,4409638,7.9,1.3,0.0,0.0,0.0,0.0,3,34.0,64.4,289,Overcast,0,0,
6386,2021-04-25 15:16:00,40.682808,-73.851135,1,0,Traffic Control Disregarded,4410608,16.6,8.7,12.7,12.7,0.0,11.0,61,19.2,37.4,341,Rain: Light,1,1,
6387,2021-04-26 18:10:00,40.57725,-74.10298,1,0,Failure to Yield Right-of-Way,4410910,13.7,3.7,0.0,0.0,0.0,0.0,2,27.3,52.6,311,Partly cloudy,1,1,
6388,2021-04-26 17:00:00,40.764267,-73.722946,0,0,Following Too Closely,4410798,13.7,3.7,0.0,0.0,0.0,0.0,2,27.3,52.6,311,Partly cloudy,0,0,
6389,2021-04-24 19:11:00,40.57558,-73.969925,1,0,Driver Inattention/Distraction,4411609,19.7,6.0,0.0,0.0,0.0,0.0,3,26.7,49.3,232,Overcast,1,1,
6390,2021-04-22 20:00:00,40.633545,-73.92907,0,0,,4411301,7.9,1.3,0.0,0.0,0.0,0.0,3,34.0,64.4,289,Overcast,0,0,
6391,2021-04-19 14:00:00,40.78707,-73.94388,0,0,Unspecified,4411258,16.9,5.0,0.0,0.0,0.0,0.0,3,14.7,31.0,214,Overcast,0,0,
6392,2021-04-26 03:11:00,40.838886,-73.921646,1,0,Unsafe Speed,4410441,13.7,3.7,0.0,0.0,0.0,0.0,2,27.3,52.6,311,Partly cloudy,1,1,
6393,2021-04-26 22:45:00,40.713303,-73.73586,0,0,Turning Improperly,4410823,13.7,3.7,0.0,0.0,0.0,0.0,2,27.3,52.6,311,Partly cloudy,0,0,
6394,2021-04-26 08:15:00,40.80256,-73.943,0,0,Unspecified,4410977,13.7,3.7,0.0,0.0,0.0,0.0,2,27.3,52.6,311,Partly cloudy,0,0,
6395,2021-04-26 09:30:00,40.715553,-74.00615,0,0,Passing Too Closely,4410866,13.7,3.7,0.0,0.0,0.0,0.0,2,27.3,52.6,311,Partly cloudy,0,0,
6396,2021-04-18 00:14:00,40.72842,-73.983574,0,0,Driver Inexperience,4411238,15.1,5.3,0.2,0.2,0.0,2.0,51,13.2,28.4,282,Drizzle: Light,0,0,
6397,2021-04-25 10:50:00,40.867676,-73.85571,2,0,Driver Inattention/Distraction,4411342,16.6,8.7,12.7,12.7,0.0,11.0,61,19.2,37.4,341,Rain: Light,2,2,
6398,2021-04-26 14:03:00,40.74342,-73.99245,1,0,Driver Inattention/Distraction,4411423,13.7,3.7,0.0,0.0,0.0,0.0,2,27.3,52.6,311,Partly cloudy,1,1,
6399,2021-04-26 00:14:00,40.763897,-73.95323,3,0,Following Too Closely,4410516,13.7,3.7,0.0,0.0,0.0,0.0,2,27.3,52.6,311,Partly cloudy,3,3,
6400,2021-04-26 07:20:00,40.859444,-73.915985,0,0,Following Too Closely,4410874,13.7,3.7,0.0,0.0,0.0,0.0,2,27.3,52.6,311,Partly cloudy,0,0,
6401,2021-12-18 16:00:00,40.676937,-73.92183,0,0,Driver Inattention/Distraction,4487525,6.3,4.5,3.8,3.8,0.0,9.0,61,12.3,24.5,35,Rain: Light,0,0,
6402,2021-04-26 17:45:00,40.63712,-73.98996,0,0,Driver Inexperience,4411299,13.7,3.7,0.0,0.0,0.0,0.0,2,27.3,52.6,311,Partly cloudy,0,0,
6403,2021-04-24 20:45:00,40.88845,-73.841965,0,0,Other Vehicular,4411329,19.7,6.0,0.0,0.0,0.0,0.0,3,26.7,49.3,232,Overcast,0,0,
6404,2021-04-26 08:29:00,40.66847,-73.75052,0,0,Unspecified,4410773,13.7,3.7,0.0,0.0,0.0,0.0,2,27.3,52.6,311,Partly cloudy,0,0,
6405,2021-04-26 21:37:00,40.767776,-73.903595,1,0,Passing or Lane Usage Improper,4410915,13.7,3.7,0.0,0.0,0.0,0.0,2,27.3,52.6,311,Partly cloudy,1,1,
6406,2021-04-26 13:00:00,40.612175,-74.07098,0,0,Driver Inattention/Distraction,4411596,13.7,3.7,0.0,0.0,0.0,0.0,2,27.3,52.6,311,Partly cloudy,0,0,
6407,2021-04-26 16:21:00,40.862755,-73.901085,1,0,Unsafe Speed,4410947,13.7,3.7,0.0,0.0,0.0,0.0,2,27.3,52.6,311,Partly cloudy,1,1,
6408,2021-04-26 09:30:00,40.703426,-73.838326,0,0,Unspecified,4410999,13.7,3.7,0.0,0.0,0.0,0.0,2,27.3,52.6,311,Partly cloudy,0,0,
6409,2021-04-26 12:24:00,40.71266,-73.92193,0,0,Driver Inattention/Distraction,4411033,13.7,3.7,0.0,0.0,0.0,0.0,2,27.3,52.6,311,Partly cloudy,0,0,
6410,2021-04-26 09:47:00,40.668495,-73.925606,4,0,Driver Inattention/Distraction,4410740,13.7,3.7,0.0,0.0,0.0,0.0,2,27.3,52.6,311,Partly cloudy,4,4,
6411,2021-04-26 02:53:00,40.589367,-73.98093,0,0,Unsafe Speed,4410706,13.7,3.7,0.0,0.0,0.0,0.0,2,27.3,52.6,311,Partly cloudy,0,0,
6412,2021-04-22 20:50:00,40.6763,-73.91927,0,0,Unspecified,4411357,7.9,1.3,0.0,0.0,0.0,0.0,3,34.0,64.4,289,Overcast,0,0,
6413,2021-04-24 14:30:00,40.739777,-73.868965,0,0,Unspecified,4411397,19.7,6.0,0.0,0.0,0.0,0.0,3,26.7,49.3,232,Overcast,0,0,
6414,2021-04-02 21:28:00,40.759388,-73.96756,1,0,Unspecified,4411506,3.5,-3.6,0.0,0.0,0.0,0.0,3,25.9,51.1,324,Overcast,1,1,
6415,2021-04-26 13:40:00,40.701077,-73.957085,0,0,Driver Inattention/Distraction,4410725,13.7,3.7,0.0,0.0,0.0,0.0,2,27.3,52.6,311,Partly cloudy,0,0,
6416,2021-04-26 07:55:00,40.786697,-73.82506,0,0,Failure to Yield Right-of-Way,4410708,13.7,3.7,0.0,0.0,0.0,0.0,2,27.3,52.6,311,Partly cloudy,0,0,
6417,2021-04-23 00:15:00,40.594585,-73.90858,0,0,Unspecified,4411311,15.5,2.0,0.0,0.0,0.0,0.0,3,28.7,57.2,273,Overcast,0,0,
6418,2021-04-26 14:15:00,40.82864,-73.85344,2,0,Failure to Yield Right-of-Way,4410759,13.7,3.7,0.0,0.0,0.0,0.0,2,27.3,52.6,311,Partly cloudy,2,2,
6419,2021-04-26 01:45:00,40.66728,-73.86797,0,0,Driver Inattention/Distraction,4410642,13.7,3.7,0.0,0.0,0.0,0.0,2,27.3,52.6,311,Partly cloudy,0,0,
6420,2021-04-26 12:00:00,40.70571,-73.81289,0,0,Unspecified,4411031,13.7,3.7,0.0,0.0,0.0,0.0,2,27.3,52.6,311,Partly cloudy,0,0,
6421,2021-04-26 16:00:00,40.82873,-73.914734,0,0,Traffic Control Disregarded,4410852,13.7,3.7,0.0,0.0,0.0,0.0,2,27.3,52.6,311,Partly cloudy,0,0,
6422,2021-04-26 17:12:00,40.886536,-73.89985,0,0,Alcohol Involvement,4410883,13.7,3.7,0.0,0.0,0.0,0.0,2,27.3,52.6,311,Partly cloudy,0,0,
6423,2021-04-22 13:25:00,40.720764,-73.99063,0,0,Passing Too Closely,4411604,7.9,1.3,0.0,0.0,0.0,0.0,3,34.0,64.4,289,Overcast,0,0,
6424,2021-04-26 15:12:00,40.832153,-73.82752,1,0,Unspecified,4411093,13.7,3.7,0.0,0.0,0.0,0.0,2,27.3,52.6,311,Partly cloudy,1,1,
6425,2021-04-26 14:28:00,40.6094,-73.967674,0,0,Unspecified,4411040,13.7,3.7,0.0,0.0,0.0,0.0,2,27.3,52.6,311,Partly cloudy,0,0,
6426,2021-04-26 09:25:00,40.848328,-73.91842,0,0,Backing Unsafely,4410700,13.7,3.7,0.0,0.0,0.0,0.0,2,27.3,52.6,311,Partly cloudy,0,0,
6427,2021-04-26 14:30:00,40.625114,-73.96208,1,0,,4410751,13.7,3.7,0.0,0.0,0.0,0.0,2,27.3,52.6,311,Partly cloudy,1,1,
6428,2021-04-26 20:00:00,40.66496,-73.82226,2,0,Following Too Closely,4410829,13.7,3.7,0.0,0.0,0.0,0.0,2,27.3,52.6,311,Partly cloudy,2,2,
6429,2021-04-12 12:40:00,40.684624,-73.93838,0,0,Backing Unsafely,4411352,8.7,6.7,13.6,13.6,0.0,21.0,61,23.4,42.1,51,Rain: Light,0,0,
6430,2021-04-21 12:30:00,40.68109,-73.978096,0,0,Driver Inattention/Distraction,4411559,18.2,3.7,3.7,3.7,0.0,3.0,63,29.9,59.0,256,Rain: Moderate,0,0,
6431,2021-04-26 17:05:00,40.842655,-73.89052,0,0,Other Vehicular,4410945,13.7,3.7,0.0,0.0,0.0,0.0,2,27.3,52.6,311,Partly cloudy,0,0,
6432,2021-12-17 12:55:00,40.81969,-73.90161,1,0,Pedestrian/Bicyclist/Other Pedestrian Error/Confusion,4488110,13.9,6.1,0.0,0.0,0.0,0.0,3,21.5,37.1,265,Overcast,1,1,
6433,2021-04-26 08:55:00,40.68174,-73.95859,0,0,Unspecified,4410774,13.7,3.7,0.0,0.0,0.0,0.0,2,27.3,52.6,311,Partly cloudy,0,0,
6434,2021-04-15 15:24:00,40.68792,-73.98025,1,0,Other Vehicular,4411480,12.9,7.7,15.9,15.9,0.0,15.0,63,17.3,32.0,166,Rain: Moderate,1,1,
6435,2021-04-26 18:10:00,40.621853,-74.00083,1,0,Driver Inattention/Distraction,4410807,13.7,3.7,0.0,0.0,0.0,0.0,2,27.3,52.6,311,Partly cloudy,1,1,
6436,2021-04-18 21:30:00,40.87352,-73.86579,0,0,Driver Inattention/Distraction,4411316,15.1,5.3,0.2,0.2,0.0,2.0,51,13.2,28.4,282,Drizzle: Light,0,0,
6437,2021-04-26 07:39:00,40.63517,-74.0151,1,0,Unspecified,4410714,13.7,3.7,0.0,0.0,0.0,0.0,2,27.3,52.6,311,Partly cloudy,1,1,
6438,2021-04-26 12:26:00,40.71997,-73.992905,1,0,Unspecified,4411200,13.7,3.7,0.0,0.0,0.0,0.0,2,27.3,52.6,311,Partly cloudy,1,1,
6439,2021-04-26 11:28:00,40.646378,-73.997345,0,0,Unspecified,4410960,13.7,3.7,0.0,0.0,0.0,0.0,2,27.3,52.6,311,Partly cloudy,0,0,
6440,2021-04-26 10:30:00,40.71347,-73.91567,0,0,Following Too Closely,4411023,13.7,3.7,0.0,0.0,0.0,0.0,2,27.3,52.6,311,Partly cloudy,0,0,
6441,2021-04-26 00:00:00,40.649467,-73.97176,0,0,Passing Too Closely,4411164,13.7,3.7,0.0,0.0,0.0,0.0,2,27.3,52.6,311,Partly cloudy,0,0,
6442,2021-04-24 01:32:00,40.60731,-73.9197,1,0,Alcohol Involvement,4411307,19.7,6.0,0.0,0.0,0.0,0.0,3,26.7,49.3,232,Overcast,1,1,
6443,2021-04-26 00:30:00,40.78363,-73.94353,0,0,Unspecified,4410845,13.7,3.7,0.0,0.0,0.0,0.0,2,27.3,52.6,311,Partly cloudy,0,0,
6444,2021-04-26 21:05:00,40.832493,-73.94115,0,0,Passing Too Closely,4411267,13.7,3.7,0.0,0.0,0.0,0.0,2,27.3,52.6,311,Partly cloudy,0,0,
6445,2021-04-26 08:09:00,40.644634,-73.943115,0,0,Unspecified,4410875,13.7,3.7,0.0,0.0,0.0,0.0,2,27.3,52.6,311,Partly cloudy,0,0,
6446,2021-04-25 20:56:00,40.700356,-73.912575,2,0,Pavement Defective,4411613,16.6,8.7,12.7,12.7,0.0,11.0,61,19.2,37.4,341,Rain: Light,2,2,
6447,2021-04-26 17:30:00,40.73818,-73.93887,0,0,Driver Inattention/Distraction,4410817,13.7,3.7,0.0,0.0,0.0,0.0,2,27.3,52.6,311,Partly cloudy,0,0,
6448,2021-04-26 07:22:00,40.821297,-73.88542,0,0,Driver Inattention/Distraction,4410934,13.7,3.7,0.0,0.0,0.0,0.0,2,27.3,52.6,311,Partly cloudy,0,0,
6449,2021-04-26 19:13:00,40.878475,-73.851395,1,0,Driver Inattention/Distraction,4411347,13.7,3.7,0.0,0.0,0.0,0.0,2,27.3,52.6,311,Partly cloudy,1,1,
6450,2021-04-26 17:19:00,40.734837,-73.99076,1,0,Failure to Yield Right-of-Way,4411242,13.7,3.7,0.0,0.0,0.0,0.0,2,27.3,52.6,311,Partly cloudy,1,1,
6451,2021-04-26 11:25:00,40.703373,-73.759186,1,0,Failure to Yield Right-of-Way,4410895,13.7,3.7,0.0,0.0,0.0,0.0,2,27.3,52.6,311,Partly cloudy,1,1,
6452,2021-04-26 01:55:00,40.824562,-73.948105,1,0,Driver Inattention/Distraction,4410824,13.7,3.7,0.0,0.0,0.0,0.0,2,27.3,52.6,311,Partly cloudy,1,1,
6453,2021-04-26 19:45:00,40.66725,-73.88799,1,0,Unspecified,4410896,13.7,3.7,0.0,0.0,0.0,0.0,2,27.3,52.6,311,Partly cloudy,1,1,
6454,2021-04-26 16:00:00,40.61562,-73.95959,0,0,Unspecified,4410868,13.7,3.7,0.0,0.0,0.0,0.0,2,27.3,52.6,311,Partly cloudy,0,0,
6455,2021-04-25 10:15:00,40.646786,-74.008575,0,0,Turning Improperly,4411278,16.6,8.7,12.7,12.7,0.0,11.0,61,19.2,37.4,341,Rain: Light,0,0,
6456,2021-04-26 00:20:00,40.720844,-73.956635,1,0,Turning Improperly,4410444,13.7,3.7,0.0,0.0,0.0,0.0,2,27.3,52.6,311,Partly cloudy,1,1,
6457,2020-04-21 16:40:00,40.877796,-73.86806,0,0,Unspecified,4411325,15.3,4.7,9.3,9.3,0.0,11.0,63,26.2,74.9,236,Rain: Moderate,0,0,
6458,2021-04-24 19:45:00,40.756527,-73.994026,1,0,Passing or Lane Usage Improper,4411437,19.7,6.0,0.0,0.0,0.0,0.0,3,26.7,49.3,232,Overcast,1,1,
6459,2021-04-26 17:10:00,40.705936,-73.85734,1,0,Passing Too Closely,4410803,13.7,3.7,0.0,0.0,0.0,0.0,2,27.3,52.6,311,Partly cloudy,1,1,
6460,2021-04-26 22:15:00,40.701237,-73.79465,0,0,Driver Inattention/Distraction,4411139,13.7,3.7,0.0,0.0,0.0,0.0,2,27.3,52.6,311,Partly cloudy,0,0,
6461,2021-04-25 10:00:00,40.703342,-73.80021,1,0,Failure to Yield Right-of-Way,4411421,16.6,8.7,12.7,12.7,0.0,11.0,61,19.2,37.4,341,Rain: Light,1,1,
6462,2021-04-24 21:12:00,40.82902,-73.94485,1,0,Driver Inattention/Distraction,4411370,19.7,6.0,0.0,0.0,0.0,0.0,3,26.7,49.3,232,Overcast,1,1,
6463,2021-04-24 11:52:00,40.72732,-73.97912,0,0,Passing Too Closely,4411257,19.7,6.0,0.0,0.0,0.0,0.0,3,26.7,49.3,232,Overcast,0,0,
6464,2021-04-26 00:00:00,40.659714,-73.739815,1,0,Traffic Control Disregarded,4410529,13.7,3.7,0.0,0.0,0.0,0.0,2,27.3,52.6,311,Partly cloudy,1,1,
6465,2021-04-20 20:03:00,40.63413,-73.928505,3,0,Unspecified,4411300,21.4,6.5,0.0,0.0,0.0,0.0,3,26.0,56.2,223,Overcast,3,3,
6466,2021-04-26 08:30:00,40.698093,-73.73049,0,0,Unspecified,4410778,13.7,3.7,0.0,0.0,0.0,0.0,2,27.3,52.6,311,Partly cloudy,0,0,
6467,2021-04-26 20:04:00,40.61669,-73.949814,2,0,Unspecified,4410869,13.7,3.7,0.0,0.0,0.0,0.0,2,27.3,52.6,311,Partly cloudy,2,2,
6468,2021-04-19 09:45:00,40.88403,-73.86426,2,0,Driver Inattention/Distraction,4411330,16.9,5.0,0.0,0.0,0.0,0.0,3,14.7,31.0,214,Overcast,2,2,
6469,2021-04-26 20:25:00,40.658222,-73.95036,0,0,Unspecified,4410818,13.7,3.7,0.0,0.0,0.0,0.0,2,27.3,52.6,311,Partly cloudy,0,0,
6470,2021-04-26 15:50:00,40.672638,-73.758575,0,0,Unspecified,4411106,13.7,3.7,0.0,0.0,0.0,0.0,2,27.3,52.6,311,Partly cloudy,0,0,
6471,2021-12-18 18:20:00,40.708904,-73.95926,1,0,Driver Inattention/Distraction,4487917,6.3,4.5,3.8,3.8,0.0,9.0,61,12.3,24.5,35,Rain: Light,1,1,
6472,2021-04-26 16:33:00,40.73877,-73.80564,1,0,Unspecified,4410838,13.7,3.7,0.0,0.0,0.0,0.0,2,27.3,52.6,311,Partly cloudy,1,1,
6473,2021-04-24 17:40:00,40.81256,-73.88597,0,0,Unspecified,4411584,19.7,6.0,0.0,0.0,0.0,0.0,3,26.7,49.3,232,Overcast,0,0,
6474,2021-04-23 20:40:00,40.758976,-73.99394,0,0,Passing or Lane Usage Improper,4411407,15.5,2.0,0.0,0.0,0.0,0.0,3,28.7,57.2,273,Overcast,0,0,
6475,2021-04-26 16:05:00,40.630688,-73.92521,0,0,Following Too Closely,4411314,13.7,3.7,0.0,0.0,0.0,0.0,2,27.3,52.6,311,Partly cloudy,0,0,
6476,2021-04-26 09:10:00,40.684887,-74.00111,9,0,Unspecified,4410711,13.7,3.7,0.0,0.0,0.0,0.0,2,27.3,52.6,311,Partly cloudy,9,9,
6477,2021-04-26 12:30:00,40.73952,-73.986855,0,0,Driver Inattention/Distraction,4410726,13.7,3.7,0.0,0.0,0.0,0.0,2,27.3,52.6,311,Partly cloudy,0,0,
6478,2021-04-26 13:30:00,40.817394,-73.893845,0,0,Unspecified,4410956,13.7,3.7,0.0,0.0,0.0,0.0,2,27.3,52.6,311,Partly cloudy,0,0,
6479,2021-04-24 12:07:00,40.70151,-73.90428,0,0,Unspecified,4411379,19.7,6.0,0.0,0.0,0.0,0.0,3,26.7,49.3,232,Overcast,0,0,
6480,2021-04-26 15:00:00,40.761143,-73.75549,0,0,Unspecified,4410799,13.7,3.7,0.0,0.0,0.0,0.0,2,27.3,52.6,311,Partly cloudy,0,0,
6481,2021-04-26 16:46:00,40.722717,-73.89373,0,0,Driver Inattention/Distraction,4411070,13.7,3.7,0.0,0.0,0.0,0.0,2,27.3,52.6,311,Partly cloudy,0,0,
6482,2021-04-26 17:30:00,40.602768,-73.75012,0,0,Unspecified,4411341,13.7,3.7,0.0,0.0,0.0,0.0,2,27.3,52.6,311,Partly cloudy,0,0,
6483,2021-04-26 07:40:00,40.715927,-73.80889,2,0,Following Too Closely,4410701,13.7,3.7,0.0,0.0,0.0,0.0,2,27.3,52.6,311,Partly cloudy,2,2,
6484,2021-04-26 12:15:00,40.76705,-73.88841,1,0,Passing or Lane Usage Improper,4410909,13.7,3.7,0.0,0.0,0.0,0.0,2,27.3,52.6,311,Partly cloudy,1,1,
6485,2021-04-26 17:40:00,40.839935,-73.86604,0,0,Unspecified,4410962,13.7,3.7,0.0,0.0,0.0,0.0,2,27.3,52.6,311,Partly cloudy,0,0,
6486,2021-04-26 12:55:00,40.719864,-73.94486,0,0,Unspecified,4410827,13.7,3.7,0.0,0.0,0.0,0.0,2,27.3,52.6,311,Partly cloudy,0,0,
6487,2021-04-23 15:00:00,40.856487,-73.872406,0,0,Driver Inattention/Distraction,4411250,15.5,2.0,0.0,0.0,0.0,0.0,3,28.7,57.2,273,Overcast,0,0,
6488,2021-04-21 00:00:00,40.6319,-73.92929,0,0,Driver Inattention/Distraction,4411306,18.2,3.7,3.7,3.7,0.0,3.0,63,29.9,59.0,256,Rain: Moderate,0,0,