,CRASH DATETIME,LATITUDE,LONGITUDE,NUMBER OF PERSONS INJURED,NUMBER OF PERSONS KILLED,CONTRIBUTING FACTOR VEHICLE 1,COLLISION_ID,temperature_2m_max,temperature_2m_min,precipitation_sum,rain_sum,snowfall_sum,precipitation_hours,weather_code,wind_speed_10m_max,wind_gusts_10m_max,wind_direction_10m_dominant,Weather Description,Severity_Score,Total_Affected_Persons,Weather_Category
6489,2021-04-26 18:00:00,40.835873,-73.8699,0,0,Unspecified,4411094,13.7,3.7,0.0,0.0,0.0,0.0,2,27.3,52.6,311,Partly cloudy,0,0,
6490,2021-04-26 14:30:00,40.8606,-73.91102,0,0,Passing or Lane Usage Improper,4410833,13.7,3.7,0.0,0.0,0.0,0.0,2,27.3,52.6,311,Partly cloudy,0,0,
6491,2021-04-16 10:07:00,40.69297,-73.78024,0,0,Unspecified,4411570,11.8,3.7,2.9,2.9,0.0,12.0,53,23.5,49.0,307,Drizzle: Moderate,0,0,
6492,2021-04-25 23:02:00,40.8047,-73.91243,4,0,Unspecified,4411557,16.6,8.7,12.7,12.7,0.0,11.0,61,19.2,37.4,341,Rain: Light,4,4,
6493,2021-04-12 11:45:00,40.68064,-73.95338,0,0,Following Too Closely,4411353,8.7,6.7,13.6,13.6,0.0,21.0,61,23.4,42.1,51,Rain: Light,0,0,
6494,2021-04-24 01:50:00,40.758022,-73.981804,0,0,Oversized Vehicle,4411245,19.7,6.0,0.0,0.0,0.0,0.0,3,26.7,49.3,232,Overcast,0,0,
6495,2021-04-26 10:00:00,40.810764,-73.9526,0,0,Driver Inattention/Distraction,4411495,13.7,3.7,0.0,0.0,0.0,0.0,2,27.3,52.6,311,Partly cloudy,0,0,
6496,2021-04-26 05:45:00,40.841984,-73.89201,0,0,Other Vehicular,4410951,13.7,3.7,0.0,0.0,0.0,0.0,2,27.3,52.6,311,Partly cloudy,0,0,
6497,2021-04-26 06:00:00,40.66255,-73.84045,0,0,Passing Too Closely,4410574,13.7,3.7,0.0,0.0,0.0,0.0,2,27.3,52.6,311,Partly cloudy,0,0,
6498,2021-04-26 23:20:00,40.76663,-73.88903,2,0,Driver Inattention/Distraction,4411039,13.7,3.7,0.0,0.0,0.0,0.0,2,27.3,52.6,311,Partly cloudy,2,2,
6499,2021-04-26 15:20:00,40.792854,-73.96753,0,0,Turning Improperly,4410763,13.7,3.7,0.0,0.0,0.0,0.0,2,27.3,52.6,311,Partly cloudy,0,0,
6500,2021-04-26 16:45:00,40.758274,-73.93336,1,0,Failure to Yield Right-of-Way,4410914,13.7,3.7,0.0,0.0,0.0,0.0,2,27.3,52.6,311,Partly cloudy,1,1,
6501,2021-04-26 16:30:00,40.611946,-74.1323,0,0,Driver Inattention/Distraction,4410850,13.7,3.7,0.0,0.0,0.0,0.0,2,27.3,52.6,311,Partly cloudy,0,0,
6502,2021-04-04 00:10:00,40.844604,-73.90348,0,0,Following Too Closely,4411567,16.2,3.4,0.0,0.0,0.0,0.0,3,18.5,33.1,302,Overcast,0,0,
6503,2021-04-26 02:25:00,40.630905,-73.920425,1,0,Unspecified,4411310,13.7,3.7,0.0,0.0,0.0,0.0,2,27.3,52.6,311,Partly cloudy,1,1,
6504,2021-04-26 14:07:00,40.83657,-73.888245,1,0,Unspecified,4410882,13.7,3.7,0.0,0.0,0.0,0.0,2,27.3,52.6,311,Partly cloudy,1,1,
6505,2021-04-24 15:15:00,40.758587,-73.98509,1,0,Unspecified,4411246,19.7,6.0,0.0,0.0,0.0,0.0,3,26.7,49.3,232,Overcast,1,1,
6506,2021-04-24 08:20:00,40.72163,-73.99353,0,0,Driver Inattention/Distraction,4411593,19.7,6.0,0.0,0.0,0.0,0.0,3,26.7,49.3,232,Overcast,0,0,
6507,2021-04-26 21:05:00,40.615185,-73.98367,0,0,Following Too Closely,4410806,13.7,3.7,0.0,0.0,0.0,0.0,2,27.3,52.6,311,Partly cloudy,0,0,
6508,2021-04-26 08:15:00,40.583534,-73.984184,0,0,Following Too Closely,4411171,13.7,3.7,0.0,0.0,0.0,0.0,2,27.3,52.6,311,Partly cloudy,0,0,
6509,2021-04-26 17:30:00,40.594887,-73.93306,0,0,Driver Inattention/Distraction,4410832,13.7,3.7,0.0,0.0,0.0,0.0,2,27.3,52.6,311,Partly cloudy,0,0,
6510,2021-04-26 16:17:00,40.63838,-73.89481,0,0,Driver Inattention/Distraction,4410998,13.7,3.7,0.0,0.0,0.0,0.0,2,27.3,52.6,311,Partly cloudy,0,0,
6511,2021-04-26 01:00:00,40.832096,-73.860725,0,0,Unspecified,4410616,13.7,3.7,0.0,0.0,0.0,0.0,2,27.3,52.6,311,Partly cloudy,0,0,
6512,2021-04-26 18:30:00,40.846466,-73.87123,1,0,Unspecified,4410888,13.7,3.7,0.0,0.0,0.0,0.0,2,27.3,52.6,311,Partly cloudy,1,1,
6513,2021-04-26 09:30:00,40.691597,-73.98438,0,0,Backing Unsafely,4410735,13.7,3.7,0.0,0.0,0.0,0.0,2,27.3,52.6,311,Partly cloudy,0,0,
6514,2021-04-26 23:40:00,40.6845,-73.88194,1,0,Driver Inattention/Distraction,4410898,13.7,3.7,0.0,0.0,0.0,0.0,2,27.3,52.6,311,Partly cloudy,1,1,
6515,2021-04-26 06:30:00,40.727627,-73.844284,1,0,Traffic Control Disregarded,4410802,13.7,3.7,0.0,0.0,0.0,0.0,2,27.3,52.6,311,Partly cloudy,1,1,
6516,2021-04-26 16:48:00,40.835716,-73.89205,1,0,Passing Too Closely,4410887,13.7,3.7,0.0,0.0,0.0,0.0,2,27.3,52.6,311,Partly cloudy,1,1,
6517,2021-04-26 14:50:00,40.636623,-74.08179,1,0,Illnes,4411601,13.7,3.7,0.0,0.0,0.0,0.0,2,27.3,52.6,311,Partly cloudy,1,1,
6518,2021-04-26 09:12:00,40.83918,-73.94115,0,0,Traffic Control Disregarded,4411263,13.7,3.7,0.0,0.0,0.0,0.0,2,27.3,52.6,311,Partly cloudy,0,0,
6519,2021-04-26 22:30:00,40.707592,-73.95555,0,0,Alcohol Involvement,4410844,13.7,3.7,0.0,0.0,0.0,0.0,2,27.3,52.6,311,Partly cloudy,0,0,
6520,2021-04-21 15:40:00,40.742153,-73.998634,0,0,Reaction to Uninvolved Vehicle,4411281,18.2,3.7,3.7,3.7,0.0,3.0,63,29.9,59.0,256,Rain: Moderate,0,0,
6521,2021-04-26 01:20:00,40.87891,-73.87377,1,0,Driver Inattention/Distraction,4410459,13.7,3.7,0.0,0.0,0.0,0.0,2,27.3,52.6,311,Partly cloudy,1,1,
6522,2021-04-26 19:35:00,40.76046,-73.91339,0,0,Backing Unsafely,4411326,13.7,3.7,0.0,0.0,0.0,0.0,2,27.3,52.6,311,Partly cloudy,0,0,
6523,2021-04-26 23:10:00,40.70024,-73.792854,0,0,Driver Inattention/Distraction,4411138,13.7,3.7,0.0,0.0,0.0,0.0,2,27.3,52.6,311,Partly cloudy,0,0,
6524,2021-04-26 12:11:00,40.90128,-73.887764,2,0,Outside Car Distraction,4411436,13.7,3.7,0.0,0.0,0.0,0.0,2,27.3,52.6,311,Partly cloudy,2,2,
6525,2021-04-25 10:30:00,40.7775,-73.95085,0,0,Driver Inattention/Distraction,4411393,16.6,8.7,12.7,12.7,0.0,11.0,61,19.2,37.4,341,Rain: Light,0,0,
6526,2021-04-26 13:40:00,40.64034,-73.97215,0,0,Unspecified,4410964,13.7,3.7,0.0,0.0,0.0,0.0,2,27.3,52.6,311,Partly cloudy,0,0,
6527,2021-04-26 07:42:00,40.615433,-73.99775,0,0,Driver Inattention/Distraction,4410718,13.7,3.7,0.0,0.0,0.0,0.0,2,27.3,52.6,311,Partly cloudy,0,0,
6528,2021-04-26 08:55:00,40.66549,-73.91063,1,0,Driver Inattention/Distraction,4410722,13.7,3.7,0.0,0.0,0.0,0.0,2,27.3,52.6,311,Partly cloudy,1,1,
6529,2021-04-26 11:04:00,40.815845,-73.89544,0,0,Unspecified,4410935,13.7,3.7,0.0,0.0,0.0,0.0,2,27.3,52.6,311,Partly cloudy,0,0,
6530,2021-04-25 12:00:00,40.76518,-73.92928,0,0,Unspecified,4411321,16.6,8.7,12.7,12.7,0.0,11.0,61,19.2,37.4,341,Rain: Light,0,0,
6531,2021-04-26 14:40:00,40.758915,-73.9997,0,0,Unsafe Lane Changing,4410746,13.7,3.7,0.0,0.0,0.0,0.0,2,27.3,52.6,311,Partly cloudy,0,0,
6532,2021-12-17 10:55:00,40.740532,-73.94451,0,0,Passing or Lane Usage Improper,4488041,13.9,6.1,0.0,0.0,0.0,0.0,3,21.5,37.1,265,Overcast,0,0,
6533,2021-04-26 07:45:00,40.615463,-74.069466,0,0,Traffic Control Disregarded,4410957,13.7,3.7,0.0,0.0,0.0,0.0,2,27.3,52.6,311,Partly cloudy,0,0,
6534,2021-04-26 21:39:00,40.873505,-73.8659,0,0,Driver Inattention/Distraction,4411346,13.7,3.7,0.0,0.0,0.0,0.0,2,27.3,52.6,311,Partly cloudy,0,0,
6535,2021-04-26 15:35:00,40.698696,-73.93477,0,0,Driver Inattention/Distraction,4410789,13.7,3.7,0.0,0.0,0.0,0.0,2,27.3,52.6,311,Partly cloudy,0,0,
6536,2021-04-26 13:36:00,40.62349,-74.000534,1,0,Failure to Yield Right-of-Way,4411025,13.7,3.7,0.0,0.0,0.0,0.0,2,27.3,52.6,311,Partly cloudy,1,1,
6537,2021-04-26 20:30:00,40.705402,-73.911,0,0,Passing Too Closely,4411376,13.7,3.7,0.0,0.0,0.0,0.0,2,27.3,52.6,311,Partly cloudy,0,0,
6538,2021-04-26 09:15:00,40.760944,-73.9163,0,0,Passenger Distraction,4410673,13.7,3.7,0.0,0.0,0.0,0.0,2,27.3,52.6,311,Partly cloudy,0,0,
6539,2021-04-26 16:10:00,40.818146,-73.89929,1,0,Driver Inattention/Distraction,4410936,13.7,3.7,0.0,0.0,0.0,0.0,2,27.3,52.6,311,Partly cloudy,1,1,
6540,2021-04-26 09:29:00,40.712635,-73.92188,0,0,Driver Inattention/Distraction,4411010,13.7,3.7,0.0,0.0,0.0,0.0,2,27.3,52.6,311,Partly cloudy,0,0,
6541,2021-04-26 15:50:00,40.646275,-73.90771,0,0,Backing Unsafely,4411051,13.7,3.7,0.0,0.0,0.0,0.0,2,27.3,52.6,311,Partly cloudy,0,0,
6542,2021-04-26 07:33:00,40.745033,-73.87001,0,0,Alcohol Involvement,4410703,13.7,3.7,0.0,0.0,0.0,0.0,2,27.3,52.6,311,Partly cloudy,0,0,
6543,2021-04-26 10:58:00,40.698544,-73.96236,1,0,Driver Inexperience,4410745,13.7,3.7,0.0,0.0,0.0,0.0,2,27.3,52.6,311,Partly cloudy,1,1,
6544,2021-04-26 23:10:00,40.69089,-73.94253,0,0,Passing or Lane Usage Improper,4411354,13.7,3.7,0.0,0.0,0.0,0.0,2,27.3,52.6,311,Partly cloudy,0,0,
6545,2021-04-26 20:25:00,40.706245,-73.91014,0,0,Passing Too Closely,4411368,13.7,3.7,0.0,0.0,0.0,0.0,2,27.3,52.6,311,Partly cloudy,0,0,
6546,2021-04-26 11:20:00,40.71469,-73.7511,1,0,Unspecified,4410777,13.7,3.7,0.0,0.0,0.0,0.0,2,27.3,52.6,311,Partly cloudy,1,1,
6547,2021-04-26 18:32:00,40.618244,-73.94528,0,0,Unspecified,4410870,13.7,3.7,0.0,0.0,0.0,0.0,2,27.3,52.6,311,Partly cloudy,0,0,
6548,2021-04-26 20:40:00,40.88893,-73.86579,0,0,Following Too Closely,4411348,13.7,3.7,0.0,0.0,0.0,0.0,2,27.3,52.6,311,Partly cloudy,0,0,
6549,2021-04-26 14:50:00,40.69635,-73.79667,0,0,Passing Too Closely,4411134,13.7,3.7,0.0,0.0,0.0,0.0,2,27.3,52.6,311,Partly cloudy,0,0,
6550,2021-04-15 12:15:00,40.623676,-73.937996,0,0,Unspecified,4411313,12.9,7.7,15.9,15.9,0.0,15.0,63,17.3,32.0,166,Rain: Moderate,0,0,
6551,2021-04-26 11:39:00,40.759567,-73.83015,1,0,Passing Too Closely,4410710,13.7,3.7,0.0,0.0,0.0,0.0,2,27.3,52.6,311,Partly cloudy,1,1,
6552,2021-04-26 15:00:00,40.74879,-73.75658,0,0,Driver Inattention/Distraction,4410800,13.7,3.7,0.0,0.0,0.0,0.0,2,27.3,52.6,311,Partly cloudy,0,0,
6553,2021-04-26 07:17:00,40.822613,-73.88706,0,0,Following Too Closely,4410606,13.7,3.7,0.0,0.0,0.0,0.0,2,27.3,52.6,311,Partly cloudy,0,0,
6554,2021-04-26 16:00:00,40.743336,-73.90804,1,0,Failure to Yield Right-of-Way,4410764,13.7,3.7,0.0,0.0,0.0,0.0,2,27.3,52.6,311,Partly cloudy,1,1,
6555,2021-04-18 17:30:00,40.76167,-73.79241,0,0,Turning Improperly,4411442,15.1,5.3,0.2,0.2,0.0,2.0,51,13.2,28.4,282,Drizzle: Light,0,0,
6556,2021-04-26 20:00:00,40.804012,-73.93097,0,0,Unspecified,4410922,13.7,3.7,0.0,0.0,0.0,0.0,2,27.3,52.6,311,Partly cloudy,0,0,
6557,2021-04-26 06:00:00,40.877068,-73.906105,0,0,Unspecified,4410756,13.7,3.7,0.0,0.0,0.0,0.0,2,27.3,52.6,311,Partly cloudy,0,0,
6558,2021-04-05 13:40:00,40.764374,-73.97518,0,0,Driver Inattention/Distraction,4411585,18.0,5.6,0.0,0.0,0.0,0.0,2,25.7,49.0,313,Partly cloudy,0,0,
6559,2021-04-24 01:17:00,40.844604,-73.90348,0,0,Passing or Lane Usage Improper,4411260,19.7,6.0,0.0,0.0,0.0,0.0,3,26.7,49.3,232,Overcast,0,0,
6560,2021-04-26 18:24:00,40.61173,-74.03369,0,0,Unspecified,4411026,13.7,3.7,0.0,0.0,0.0,0.0,2,27.3,52.6,311,Partly cloudy,0,0,
6561,2021-04-26 14:10:00,40.830906,-73.8736,4,0,Driver Inexperience,4410954,13.7,3.7,0.0,0.0,0.0,0.0,2,27.3,52.6,311,Partly cloudy,4,4,
6562,2021-12-18 16:46:00,40.587685,-73.95523,0,0,Unspecified,4488174,6.3,4.5,3.8,3.8,0.0,9.0,61,12.3,24.5,35,Rain: Light,0,0,
6563,2021-04-26 18:40:00,40.83394,-73.9087,1,0,Traffic Control Disregarded,4410858,13.7,3.7,0.0,0.0,0.0,0.0,2,27.3,52.6,311,Partly cloudy,1,1,
6564,2021-04-24 00:00:00,40.59423,-73.76,0,0,Oversized Vehicle,4411340,19.7,6.0,0.0,0.0,0.0,0.0,3,26.7,49.3,232,Overcast,0,0,
6565,2021-04-26 14:30:00,40.65318,-74.00561,0,0,Unspecified,4410813,13.7,3.7,0.0,0.0,0.0,0.0,2,27.3,52.6,311,Partly cloudy,0,0,
6566,2021-04-14 16:36:00,40.72978,-73.98682,0,0,Driver Inattention/Distraction,4411252,19.7,5.4,0.0,0.0,0.0,0.0,3,20.8,39.6,227,Overcast,0,0,
6567,2021-04-26 00:00:00,40.611797,-73.98236,0,0,Unsafe Speed,4410805,13.7,3.7,0.0,0.0,0.0,0.0,2,27.3,52.6,311,Partly cloudy,0,0,
6568,2021-04-26 05:30:00,40.65616,-73.76736,0,0,Driver Inattention/Distraction,4410531,13.7,3.7,0.0,0.0,0.0,0.0,2,27.3,52.6,311,Partly cloudy,0,0,
6569,2021-04-19 22:15:00,40.558304,-74.164536,0,0,Unspecified,4411285,16.9,5.0,0.0,0.0,0.0,0.0,3,14.7,31.0,214,Overcast,0,0,
6570,2021-04-26 12:32:00,40.822525,-73.86729,0,0,Driver Inattention/Distraction,4410727,13.7,3.7,0.0,0.0,0.0,0.0,2,27.3,52.6,311,Partly cloudy,0,0,
6571,2021-04-26 15:36:00,40.879578,-73.875374,1,0,Failure to Yield Right-of-Way,4410834,13.7,3.7,0.0,0.0,0.0,0.0,2,27.3,52.6,311,Partly cloudy,1,1,
6572,2021-04-24 00:43:00,40.742653,-73.998055,0,0,Other Vehicular,4411331,19.7,6.0,0.0,0.0,0.0,0.0,3,26.7,49.3,232,Overcast,0,0,
6573,2021-04-26 13:45:00,40.70884,-73.79564,0,0,Unspecified,4411142,13.7,3.7,0.0,0.0,0.0,0.0,2,27.3,52.6,311,Partly cloudy,0,0,
6574,2021-04-22 14:16:00,40.720497,-73.9959,1,0,View Obstructed/Limited,4411606,7.9,1.3,0.0,0.0,0.0,0.0,3,34.0,64.4,289,Overcast,1,1,
6575,2021-04-26 21:43:00,40.86946,-73.87987,1,0,Backing Unsafely,4410839,13.7,3.7,0.0,0.0,0.0,0.0,2,27.3,52.6,311,Partly cloudy,1,1,
6576,2021-04-20 14:14:00,40.81738,-73.9257,0,0,Unspecified,4411544,21.4,6.5,0.0,0.0,0.0,0.0,3,26.0,56.2,223,Overcast,0,0,
6577,2021-04-26 09:30:00,40.562576,-74.157196,0,0,Driver Inattention/Distraction,4410913,13.7,3.7,0.0,0.0,0.0,0.0,2,27.3,52.6,311,Partly cloudy,0,0,
6578,2021-04-26 08:25:00,40.634377,-74.03866,0,0,Following Too Closely,4411172,13.7,3.7,0.0,0.0,0.0,0.0,2,27.3,52.6,311,Partly cloudy,0,0,
6579,2021-04-26 12:20:00,40.719864,-73.94486,0,0,Driver Inattention/Distraction,4410826,13.7,3.7,0.0,0.0,0.0,0.0,2,27.3,52.6,311,Partly cloudy,0,0,
6580,2021-04-26 13:00:00,40.672928,-74.01069,1,0,Lost Consciousness,4410794,13.7,3.7,0.0,0.0,0.0,0.0,2,27.3,52.6,311,Partly cloudy,1,1,
6581,2021-04-26 23:01:00,40.83443,-73.91035,1,0,Traffic Control Disregarded,4411269,13.7,3.7,0.0,0.0,0.0,0.0,2,27.3,52.6,311,Partly cloudy,1,1,
6582,2021-04-19 14:20:00,40.634274,-73.92838,1,0,Passing or Lane Usage Improper,4411305,16.9,5.0,0.0,0.0,0.0,0.0,3,14.7,31.0,214,Overcast,1,1,
6583,2021-04-26 21:10:00,40.82267,-73.92007,0,0,Aggressive Driving/Road Rage,4410950,13.7,3.7,0.0,0.0,0.0,0.0,2,27.3,52.6,311,Partly cloudy,0,0,
6584,2021-04-26 17:40:00,40.68049,-73.774704,0,0,Unspecified,4411099,13.7,3.7,0.0,0.0,0.0,0.0,2,27.3,52.6,311,Partly cloudy,0,0,
6585,2021-04-26 19:36:00,40.71523,-74.01334,0,0,Passing or Lane Usage Improper,4410848,13.7,3.7,0.0,0.0,0.0,0.0,2,27.3,52.6,311,Partly cloudy,0,0,
6586,2021-04-26 07:27:00,40.68384,-73.802574,2,0,Following Too Closely,4411571,13.7,3.7,0.0,0.0,0.0,0.0,2,27.3,52.6,311,Partly cloudy,2,2,
6587,2021-04-26 09:02:00,40.83354,-73.89631,0,0,Passing or Lane Usage Improper,4410889,13.7,3.7,0.0,0.0,0.0,0.0,2,27.3,52.6,311,Partly cloudy,0,0,
6588,2021-04-22 17:30:00,40.691624,-73.942665,0,0,Driver Inattention/Distraction,4411344,7.9,1.3,0.0,0.0,0.0,0.0,3,34.0,64.4,289,Overcast,0,0,
6589,2021-04-26 15:40:00,40.83596,-73.94468,1,0,Failure to Yield Right-of-Way,4411244,13.7,3.7,0.0,0.0,0.0,0.0,2,27.3,52.6,311,Partly cloudy,1,1,
6590,2021-04-24 05:46:00,40.69248,-73.800995,0,0,Passing Too Closely,4411418,19.7,6.0,0.0,0.0,0.0,0.0,3,26.7,49.3,232,Overcast,0,0,
6591,2021-04-26 08:30:00,40.850044,-73.88448,0,0,Driver Inattention/Distraction,4410900,13.7,3.7,0.0,0.0,0.0,0.0,2,27.3,52.6,311,Partly cloudy,0,0,
6592,2021-04-24 18:30:00,40.760056,-73.97884,0,0,Driver Inattention/Distraction,4411247,19.7,6.0,0.0,0.0,0.0,0.0,3,26.7,49.3,232,Overcast,0,0,
6593,2021-04-26 00:50:00,40.809265,-73.90854,0,0,Driver Inattention/Distraction,4410491,13.7,3.7,0.0,0.0,0.0,0.0,2,27.3,52.6,311,Partly cloudy,0,0,
6594,2021-04-21 21:02:00,40.888588,-73.849884,2,0,Other Vehicular,4411327,18.2,3.7,3.7,3.7,0.0,3.0,63,29.9,59.0,256,Rain: Moderate,2,2,
6595,2021-04-20 18:18:00,40.836617,-73.87377,0,0,Following Too Closely,4411273,21.4,6.5,0.0,0.0,0.0,0.0,3,26.0,56.2,223,Overcast,0,0,
6596,2021-04-26 14:21:00,40.74035,-73.788345,1,0,Unspecified,4410810,13.7,3.7,0.0,0.0,0.0,0.0,2,27.3,52.6,311,Partly cloudy,1,1,
6597,2021-04-26 05:40:00,40.63544,-73.97912,0,0,Unspecified,4410966,13.7,3.7,0.0,0.0,0.0,0.0,2,27.3,52.6,311,Partly cloudy,0,0,
6598,2021-04-26 09:40:00,40.699387,-73.9536,0,0,Driver Inattention/Distraction,4410723,13.7,3.7,0.0,0.0,0.0,0.0,2,27.3,52.6,311,Partly cloudy,0,0,
6599,2021-04-26 10:28:00,40.63575,-73.990326,0,0,Driver Inattention/Distraction,4410958,13.7,3.7,0.0,0.0,0.0,0.0,2,27.3,52.6,311,Partly cloudy,0,0,
6600,2021-04-25 10:40:00,40.626102,-73.917946,0,0,Unspecified,4411309,16.6,8.7,12.7,12.7,0.0,11.0,61,19.2,37.4,341,Rain: Light,0,0,
6601,2021-04-26 15:30:00,40.711845,-73.859764,0,0,Unspecified,4411146,13.7,3.7,0.0,0.0,0.0,0.0,2,27.3,52.6,311,Partly cloudy,0,0,
6602,2021-04-26 16:08:00,40.823456,-73.92444,0,0,Unsafe Lane Changing,4410857,13.7,3.7,0.0,0.0,0.0,0.0,2,27.3,52.6,311,Partly cloudy,0,0,
6603,2021-04-26 17:20:00,40.61118,-74.105606,1,0,Following Too Closely,4411598,13.7,3.7,0.0,0.0,0.0,0.0,2,27.3,52.6,311,Partly cloudy,1,1,
6604,2021-04-26 05:35:00,40.67619,-73.9081,0,0,Turning Improperly,4410877,13.7,3.7,0.0,0.0,0.0,0.0,2,27.3,52.6,311,Partly cloudy,0,0,
6605,2021-04-26 00:00:00,40.709396,-73.79439,0,0,Driver Inattention/Distraction,4411088,13.7,3.7,0.0,0.0,0.0,0.0,2,27.3,52.6,311,Partly cloudy,0,0,
6606,2021-04-26 22:30:00,40.714622,-73.829704,1,0,Following Too Closely,4410931,13.7,3.7,0.0,0.0,0.0,0.0,2,27.3,52.6,311,Partly cloudy,1,1,
6607,2021-04-26 10:04:00,40.628784,-73.9509,0,0,Unspecified,4410755,13.7,3.7,0.0,0.0,0.0,0.0,2,27.3,52.6,311,Partly cloudy,0,0,
6608,2021-04-26 15:20:00,40.698772,-73.92233,1,0,Driver Inattention/Distraction,4410788,13.7,3.7,0.0,0.0,0.0,0.0,2,27.3,52.6,311,Partly cloudy,1,1,
6609,2021-04-26 20:00:00,40.704742,-73.902504,1,0,Following Too Closely,4411375,13.7,3.7,0.0,0.0,0.0,0.0,2,27.3,52.6,311,Partly cloudy,1,1,
6610,2021-04-26 08:50:00,40.765976,-73.86284,0,0,Unspecified,4410689,13.7,3.7,0.0,0.0,0.0,0.0,2,27.3,52.6,311,Partly cloudy,0,0,
6611,2021-04-23 20:00:00,40.60959,-73.75585,0,0,Other Vehicular,4411349,15.5,2.0,0.0,0.0,0.0,0.0,3,28.7,57.2,273,Overcast,0,0,
6612,2021-04-26 16:06:00,40.820984,-73.891624,1,0,Turning Improperly,4410937,13.7,3.7,0.0,0.0,0.0,0.0,2,27.3,52.6,311,Partly cloudy,1,1,
6613,2021-04-26 15:45:00,40.59938,-73.95141,0,0,Driver Inattention/Distraction,4410831,13.7,3.7,0.0,0.0,0.0,0.0,2,27.3,52.6,311,Partly cloudy,0,0,
6614,2021-03-31 13:35:00,40.83228,-73.90963,1,0,Failure to Yield Right-of-Way,4411566,16.4,7.2,12.0,12.0,0.0,10.0,61,27.4,51.1,173,Rain: Light,1,1,
6615,2021-04-24 08:00:00,40.63945,-73.95129,0,0,Backing Unsafely,4411318,19.7,6.0,0.0,0.0,0.0,0.0,3,26.7,49.3,232,Overcast,0,0,
6616,2021-04-25 11:25:00,40.65806,-73.93497,2,0,Fatigued/Drowsy,4411433,16.6,8.7,12.7,12.7,0.0,11.0,61,19.2,37.4,341,Rain: Light,2,2,
6617,2021-04-26 15:21:00,40.82012,-73.868484,0,0,Reaction to Uninvolved Vehicle,4410757,13.7,3.7,0.0,0.0,0.0,0.0,2,27.3,52.6,311,Partly cloudy,0,0,
6618,2021-04-26 06:52:00,40.674625,-74.00772,0,0,Unspecified,4410796,13.7,3.7,0.0,0.0,0.0,0.0,2,27.3,52.6,311,Partly cloudy,0,0,
6619,2021-04-26 15:54:00,40.670586,-73.76509,0,0,Unspecified,4411102,13.7,3.7,0.0,0.0,0.0,0.0,2,27.3,52.6,311,Partly cloudy,0,0,
6620,2021-04-26 01:26:00,40.855755,-73.88544,2,0,Unsafe Speed,4411013,13.7,3.7,0.0,0.0,0.0,0.0,2,27.3,52.6,311,Partly cloudy,2,2,
6621,2021-04-26 12:15:00,40.72211,-73.9084,0,0,Unspecified,4411028,13.7,3.7,0.0,0.0,0.0,0.0,2,27.3,52.6,311,Partly cloudy,0,0,
6622,2021-04-25 22:35:00,40.818558,-73.92732,0,0,Passing Too Closely,4411572,16.6,8.7,12.7,12.7,0.0,11.0,61,19.2,37.4,341,Rain: Light,0,0,
6623,2021-04-26 07:53:00,40.80119,-73.93003,1,0,Unspecified,4410659,13.7,3.7,0.0,0.0,0.0,0.0,2,27.3,52.6,311,Partly cloudy,1,1,
6624,2021-04-26 17:40:00,40.83265,-73.90616,0,0,Driver Inattention/Distraction,4410886,13.7,3.7,0.0,0.0,0.0,0.0,2,27.3,52.6,311,Partly cloudy,0,0,
6625,2021-04-26 10:00:00,40.60862,-73.9897,0,0,Unspecified,4410717,13.7,3.7,0.0,0.0,0.0,0.0,2,27.3,52.6,311,Partly cloudy,0,0,
6626,2021-04-26 22:32:00,40.845985,-73.884476,0,0,Failure to Yield Right-of-Way,4410948,13.7,3.7,0.0,0.0,0.0,0.0,2,27.3,52.6,311,Partly cloudy,0,0,
6627,2021-04-26 08:10:00,40.745033,-73.87001,0,0,Driver Inattention/Distraction,4410577,13.7,3.7,0.0,0.0,0.0,0.0,2,27.3,52.6,311,Partly cloudy,0,0,
6628,2021-04-26 17:45:00,40.749283,-73.756645,1,0,Following Too Closely,4410801,13.7,3.7,0.0,0.0,0.0,0.0,2,27.3,52.6,311,Partly cloudy,1,1,
6629,2021-04-26 00:10:00,40.625526,-74.0925,1,0,Unspecified,4411007,13.7,3.7,0.0,0.0,0.0,0.0,2,27.3,52.6,311,Partly cloudy,1,1,
6630,2021-04-25 15:00:00,40.659225,-73.95339,0,0,Driver Inattention/Distraction,4411450,16.6,8.7,12.7,12.7,0.0,11.0,61,19.2,37.4,341,Rain: Light,0,0,
6631,2021-04-26 13:45:00,40.559677,-74.14443,1,0,Unsafe Speed,4410919,13.7,3.7,0.0,0.0,0.0,0.0,2,27.3,52.6,311,Partly cloudy,1,1,
6632,2021-04-26 04:04:00,40.73567,-73.924736,1,0,Driver Inattention/Distraction,4410744,13.7,3.7,0.0,0.0,0.0,0.0,2,27.3,52.6,311,Partly cloudy,1,1,
6633,2021-04-24 11:40:00,40.63336,-73.92928,0,0,Unspecified,4411302,19.7,6.0,0.0,0.0,0.0,0.0,3,26.7,49.3,232,Overcast,0,0,
6634,2021-04-22 15:00:00,40.859573,-73.86734,0,0,Unspecified,4411254,7.9,1.3,0.0,0.0,0.0,0.0,3,34.0,64.4,289,Overcast,0,0,
6635,2021-04-26 20:30:00,40.740616,-73.868996,4,0,Driver Inattention/Distraction,4410835,13.7,3.7,0.0,0.0,0.0,0.0,2,27.3,52.6,311,Partly cloudy,4,4,
6636,2021-04-26 22:30:00,40.66016,-73.75579,0,0,Unspecified,4410822,13.7,3.7,0.0,0.0,0.0,0.0,2,27.3,52.6,311,Partly cloudy,0,0,
6637,2021-04-26 19:00:00,40.57655,-73.966385,1,0,Driver Inattention/Distraction,4410843,13.7,3.7,0.0,0.0,0.0,0.0,2,27.3,52.6,311,Partly cloudy,1,1,