,CRASH DATETIME,LATITUDE,LONGITUDE,NUMBER OF PERSONS INJURED,NUMBER OF PERSONS KILLED,CONTRIBUTING FACTOR VEHICLE 1,COLLISION_ID,temperature_2m_max,temperature_2m_min,precipitation_sum,rain_sum,snowfall_sum,precipitation_hours,weather_code,wind_speed_10m_max,wind_gusts_10m_max,wind_direction_10m_dominant,Weather Description,Severity_Score,Total_Affected_Persons,Weather_Category
6638,2021-04-25 01:20:00,40.721756,-73.98752,1,0,Driver Inattention/Distraction,4411501,16.6,8.7,12.7,12.7,0.0,11.0,61,19.2,37.4,341,Rain: Light,1,1,
6639,2021-04-26 13:13:00,40.810173,-73.95117,0,0,Unsafe Lane Changing,4410730,13.7,3.7,0.0,0.0,0.0,0.0,2,27.3,52.6,311,Partly cloudy,0,0,
6640,2021-04-25 20:34:00,40.81928,-73.80832,1,0,Traffic Control Disregarded,4411414,16.6,8.7,12.7,12.7,0.0,11.0,61,19.2,37.4,341,Rain: Light,1,1,
6641,2021-04-23 19:55:00,40.797306,-73.93446,1,0,Failure to Yield Right-of-Way,4411312,15.5,2.0,0.0,0.0,0.0,0.0,3,28.7,57.2,273,Overcast,1,1,
6642,2021-04-26 14:00:00,40.90021,-73.8865,2,0,Unsafe Speed,4410953,13.7,3.7,0.0,0.0,0.0,0.0,2,27.3,52.6,311,Partly cloudy,2,2,
6643,2021-04-26 20:21:00,40.755463,-73.88155,0,0,Unspecified,4411037,13.7,3.7,0.0,0.0,0.0,0.0,2,27.3,52.6,311,Partly cloudy,0,0,
6644,2021-04-26 06:45:00,40.711227,-73.72826,3,0,Illnes,4410772,13.7,3.7,0.0,0.0,0.0,0.0,2,27.3,52.6,311,Partly cloudy,3,3,
6645,2021-04-26 20:45:00,40.833652,-73.93083,0,0,Passing or Lane Usage Improper,4410861,13.7,3.7,0.0,0.0,0.0,0.0,2,27.3,52.6,311,Partly cloudy,0,0,
6646,2021-04-26 14:13:00,40.78547,-73.952126,0,0,Outside Car Distraction,4410983,13.7,3.7,0.0,0.0,0.0,0.0,2,27.3,52.6,311,Partly cloudy,0,0,
6647,2021-04-26 16:07:00,40.755234,-73.941246,2,0,Backing Unsafely,4410912,13.7,3.7,0.0,0.0,0.0,0.0,2,27.3,52.6,311,Partly cloudy,2,2,
6648,2021-04-26 05:48:00,40.762676,-73.954346,1,0,Following Too Closely,4410704,13.7,3.7,0.0,0.0,0.0,0.0,2,27.3,52.6,311,Partly cloudy,1,1,
6649,2021-04-26 05:10:00,40.738117,-73.7973,0,0,Unsafe Speed,4410552,13.7,3.7,0.0,0.0,0.0,0.0,2,27.3,52.6,311,Partly cloudy,0,0,
6650,2021-04-22 12:30:00,40.604324,-73.89885,0,0,Unsafe Lane Changing,4411367,7.9,1.3,0.0,0.0,0.0,0.0,3,34.0,64.4,289,Overcast,0,0,
6651,2021-04-26 11:34:00,40.719597,-73.99164,0,0,Driver Inattention/Distraction,4410871,13.7,3.7,0.0,0.0,0.0,0.0,2,27.3,52.6,311,Partly cloudy,0,0,
6652,2021-04-26 09:20:00,40.683037,-73.96478,1,0,Driver Inattention/Distraction,4410776,13.7,3.7,0.0,0.0,0.0,0.0,2,27.3,52.6,311,Partly cloudy,1,1,
6653,2021-04-23 17:30:00,40.82499,-73.91662,2,0,Following Too Closely,4411259,15.5,2.0,0.0,0.0,0.0,0.0,3,28.7,57.2,273,Overcast,2,2,
6654,2021-04-26 17:00:00,40.64802,-73.952194,0,0,Driver Inattention/Distraction,4411287,13.7,3.7,0.0,0.0,0.0,0.0,2,27.3,52.6,311,Partly cloudy,0,0,
6655,2021-04-26 07:00:00,40.707882,-73.7687,0,0,Driver Inattention/Distraction,4411141,13.7,3.7,0.0,0.0,0.0,0.0,2,27.3,52.6,311,Partly cloudy,0,0,
6656,2021-04-26 15:30:00,40.87647,-73.87058,1,0,Driver Inattention/Distraction,4411332,13.7,3.7,0.0,0.0,0.0,0.0,2,27.3,52.6,311,Partly cloudy,1,1,
6657,2021-04-26 01:08:00,40.63854,-74.107346,1,0,Turning Improperly,4411607,13.7,3.7,0.0,0.0,0.0,0.0,2,27.3,52.6,311,Partly cloudy,1,1,
6658,2021-04-26 16:40:00,40.643005,-74.00533,1,0,Failure to Yield Right-of-Way,4410814,13.7,3.7,0.0,0.0,0.0,0.0,2,27.3,52.6,311,Partly cloudy,1,1,
6659,2021-04-26 23:40:00,40.60069,-74.010056,0,0,Driver Inexperience,4411173,13.7,3.7,0.0,0.0,0.0,0.0,2,27.3,52.6,311,Partly cloudy,0,0,
6660,2021-04-26 00:20:00,40.695858,-73.81891,0,0,Unspecified,4410939,13.7,3.7,0.0,0.0,0.0,0.0,2,27.3,52.6,311,Partly cloudy,0,0,
6661,2022-02-02 09:25:00,40.67002,-73.78312,0,0,Turning Improperly,4505283,3.8,-7.2,0.0,0.0,0.0,0.0,3,10.6,16.2,93,Overcast,0,0,
6662,2021-04-24 22:40:00,40.66552,-73.74467,0,0,Unsafe Speed,4411472,19.7,6.0,0.0,0.0,0.0,0.0,3,26.7,49.3,232,Overcast,0,0,
6663,2021-04-26 09:20:00,40.709183,-73.956825,0,0,Following Too Closely,4410724,13.7,3.7,0.0,0.0,0.0,0.0,2,27.3,52.6,311,Partly cloudy,0,0,
6664,2021-04-26 20:33:00,40.6109,-73.925224,0,0,Traffic Control Disregarded,4410968,13.7,3.7,0.0,0.0,0.0,0.0,2,27.3,52.6,311,Partly cloudy,0,0,
6665,2021-04-23 16:15:00,40.656483,-73.92408,1,0,Unspecified,4411317,15.5,2.0,0.0,0.0,0.0,0.0,3,28.7,57.2,273,Overcast,1,1,
6666,2021-04-26 20:30:00,40.84543,-73.91399,0,0,Driver Inattention/Distraction,4410933,13.7,3.7,0.0,0.0,0.0,0.0,2,27.3,52.6,311,Partly cloudy,0,0,
6667,2021-04-26 10:09:00,40.617252,-74.01918,0,0,Unspecified,4410715,13.7,3.7,0.0,0.0,0.0,0.0,2,27.3,52.6,311,Partly cloudy,0,0,
6668,2021-04-26 07:21:00,40.73093,-73.864586,0,0,Unspecified,4410758,13.7,3.7,0.0,0.0,0.0,0.0,2,27.3,52.6,311,Partly cloudy,0,0,
6669,2021-04-26 21:59:00,40.678722,-73.952995,0,0,Traffic Control Disregarded,4411043,13.7,3.7,0.0,0.0,0.0,0.0,2,27.3,52.6,311,Partly cloudy,0,0,
6670,2021-04-26 17:00:00,40.702785,-73.85705,0,0,Passing Too Closely,4411029,13.7,3.7,0.0,0.0,0.0,0.0,2,27.3,52.6,311,Partly cloudy,0,0,
6671,2021-04-26 06:30:00,40.749493,-73.88333,0,0,Driver Inattention/Distraction,4410692,13.7,3.7,0.0,0.0,0.0,0.0,2,27.3,52.6,311,Partly cloudy,0,0,
6672,2021-04-26 00:08:00,40.717426,-73.79225,1,0,Driver Inattention/Distraction,4411339,13.7,3.7,0.0,0.0,0.0,0.0,2,27.3,52.6,311,Partly cloudy,1,1,
6673,2021-04-24 09:40:00,40.657063,-73.95093,0,0,Backing Unsafely,4411417,19.7,6.0,0.0,0.0,0.0,0.0,3,26.7,49.3,232,Overcast,0,0,
6674,2021-04-26 16:29:00,40.76471,-73.830696,0,0,Failure to Yield Right-of-Way,4411148,13.7,3.7,0.0,0.0,0.0,0.0,2,27.3,52.6,311,Partly cloudy,0,0,
6675,2021-04-13 21:00:00,40.7591,-73.99215,1,0,Pedestrian/Bicyclist/Other Pedestrian Error/Confusion,4411563,18.3,5.8,4.5,4.5,0.0,5.0,61,14.5,28.1,17,Rain: Light,1,1,
6676,2021-04-26 00:30:00,40.78363,-73.94353,1,0,Unspecified,4410846,13.7,3.7,0.0,0.0,0.0,0.0,2,27.3,52.6,311,Partly cloudy,1,1,
6677,2021-04-26 15:30:00,40.83226,-73.91369,1,0,Turning Improperly,4411268,13.7,3.7,0.0,0.0,0.0,0.0,2,27.3,52.6,311,Partly cloudy,1,1,
6678,2021-04-26 10:21:00,40.846657,-73.89619,1,0,Pedestrian/Bicyclist/Other Pedestrian Error/Confusion,4411274,13.7,3.7,0.0,0.0,0.0,0.0,2,27.3,52.6,311,Partly cloudy,1,1,
6679,2021-04-26 05:51:00,40.652225,-73.95779,0,0,Unspecified,4410510,13.7,3.7,0.0,0.0,0.0,0.0,2,27.3,52.6,311,Partly cloudy,0,0,
6680,2021-04-24 16:47:00,40.702,-73.88009,1,0,Following Too Closely,4411373,19.7,6.0,0.0,0.0,0.0,0.0,3,26.7,49.3,232,Overcast,1,1,
6681,2021-04-26 08:15:00,40.86155,-73.92472,0,0,Unspecified,4410885,13.7,3.7,0.0,0.0,0.0,0.0,2,27.3,52.6,311,Partly cloudy,0,0,
6682,2021-04-26 21:45:00,40.851498,-73.942535,6,0,Unsafe Speed,4410901,13.7,3.7,0.0,0.0,0.0,0.0,2,27.3,52.6,311,Partly cloudy,6,6,
6683,2021-04-23 10:00:00,40.856743,-73.89527,0,0,Unspecified,4411597,15.5,2.0,0.0,0.0,0.0,0.0,3,28.7,57.2,273,Overcast,0,0,
6684,2021-04-23 12:02:00,40.64295,-73.977325,1,0,Failure to Yield Right-of-Way,4411328,15.5,2.0,0.0,0.0,0.0,0.0,3,28.7,57.2,273,Overcast,1,1,
6685,2021-04-26 17:30:00,40.736366,-73.794106,0,0,Driver Inattention/Distraction,4410809,13.7,3.7,0.0,0.0,0.0,0.0,2,27.3,52.6,311,Partly cloudy,0,0,
6686,2021-04-26 16:20:00,40.6847,-73.77297,0,0,Driver Inattention/Distraction,4411089,13.7,3.7,0.0,0.0,0.0,0.0,2,27.3,52.6,311,Partly cloudy,0,0,
6687,2021-04-26 13:30:00,40.676685,-73.84371,0,0,Following Too Closely,4410830,13.7,3.7,0.0,0.0,0.0,0.0,2,27.3,52.6,311,Partly cloudy,0,0,
6688,2021-04-24 21:50:00,40.605045,-73.75013,0,0,Unspecified,4411350,19.7,6.0,0.0,0.0,0.0,0.0,3,26.7,49.3,232,Overcast,0,0,
6689,2021-04-23 12:55:00,40.778904,-73.96024,0,0,Passing Too Closely,4411573,15.5,2.0,0.0,0.0,0.0,0.0,3,28.7,57.2,273,Overcast,0,0,
6690,2021-04-26 12:43:00,40.69663,-73.91857,0,0,Passing Too Closely,4410892,13.7,3.7,0.0,0.0,0.0,0.0,2,27.3,52.6,311,Partly cloudy,0,0,
6691,2021-04-26 01:26:00,40.648956,-73.88301,0,0,Reaction to Uninvolved Vehicle,4410643,13.7,3.7,0.0,0.0,0.0,0.0,2,27.3,52.6,311,Partly cloudy,0,0,
6692,2021-04-26 08:05:00,40.62605,-73.99547,0,0,Driver Inattention/Distraction,4410959,13.7,3.7,0.0,0.0,0.0,0.0,2,27.3,52.6,311,Partly cloudy,0,0,
6693,2021-04-26 18:44:00,40.69893,-73.77037,2,0,Driver Inattention/Distraction,4411105,13.7,3.7,0.0,0.0,0.0,0.0,2,27.3,52.6,311,Partly cloudy,2,2,
6694,2021-04-26 19:50:00,40.66178,-73.77243,0,0,Passing Too Closely,4410797,13.7,3.7,0.0,0.0,0.0,0.0,2,27.3,52.6,311,Partly cloudy,0,0,
6695,2021-04-26 01:22:00,40.696205,-73.91782,0,0,Unspecified,4410783,13.7,3.7,0.0,0.0,0.0,0.0,2,27.3,52.6,311,Partly cloudy,0,0,
6696,2021-04-26 04:43:00,40.70485,-73.90562,1,0,Failure to Yield Right-of-Way,4411017,13.7,3.7,0.0,0.0,0.0,0.0,2,27.3,52.6,311,Partly cloudy,1,1,
6697,2021-04-15 20:00:00,40.695004,-73.9525,0,0,Unspecified,4411343,12.9,7.7,15.9,15.9,0.0,15.0,63,17.3,32.0,166,Rain: Moderate,0,0,
6698,2021-04-26 15:45:00,40.73395,-73.95272,0,0,Unspecified,4410825,13.7,3.7,0.0,0.0,0.0,0.0,2,27.3,52.6,311,Partly cloudy,0,0,
6699,2021-04-26 15:37:00,40.827812,-73.925934,1,0,Unspecified,4410856,13.7,3.7,0.0,0.0,0.0,0.0,2,27.3,52.6,311,Partly cloudy,1,1,
6700,2021-04-24 16:30:00,40.6094,-73.91177,1,0,Unspecified,4411308,19.7,6.0,0.0,0.0,0.0,0.0,3,26.7,49.3,232,Overcast,1,1,
6701,2021-04-26 18:38:00,40.856358,-73.826515,0,1,Unspecified,4411521,13.7,3.7,0.0,0.0,0.0,0.0,2,27.3,52.6,311,Partly cloudy,20,1,
6702,2021-04-26 16:07:00,40.655853,-73.910126,1,0,,4410876,13.7,3.7,0.0,0.0,0.0,0.0,2,27.3,52.6,311,Partly cloudy,1,1,
6703,2021-04-26 17:00:00,40.737164,-73.905624,0,0,Following Too Closely,4410815,13.7,3.7,0.0,0.0,0.0,0.0,2,27.3,52.6,311,Partly cloudy,0,0,
6704,2021-04-22 16:00:00,40.66812,-73.92842,0,0,Driver Inattention/Distraction,4411428,7.9,1.3,0.0,0.0,0.0,0.0,3,34.0,64.4,289,Overcast,0,0,
6705,2021-04-26 00:55:00,40.68794,-73.789635,0,0,Unspecified,4411192,13.7,3.7,0.0,0.0,0.0,0.0,2,27.3,52.6,311,Partly cloudy,0,0,
6706,2021-04-23 09:00:00,40.760765,-73.97664,0,0,Driver Inattention/Distraction,4411243,15.5,2.0,0.0,0.0,0.0,0.0,3,28.7,57.2,273,Overcast,0,0,
6707,2021-04-24 08:29:00,40.865685,-73.86737,0,0,Other Vehicular,4411255,19.7,6.0,0.0,0.0,0.0,0.0,3,26.7,49.3,232,Overcast,0,0,
6708,2021-04-26 14:30:00,40.871956,-73.90445,0,0,Passing or Lane Usage Improper,4410836,13.7,3.7,0.0,0.0,0.0,0.0,2,27.3,52.6,311,Partly cloudy,0,0,
6709,2021-12-18 06:15:00,40.666203,-73.88959,1,0,Fell Asleep,4488077,6.3,4.5,3.8,3.8,0.0,9.0,61,12.3,24.5,35,Rain: Light,1,1,
6710,2021-12-16 21:40:00,40.749157,-73.9727,0,0,Unspecified,4488253,14.6,9.9,0.0,0.0,0.0,0.0,3,22.4,38.5,222,Overcast,0,0,
6711,2021-12-18 16:00:00,40.882145,-73.83223,0,0,Other Vehicular,4487840,6.3,4.5,3.8,3.8,0.0,9.0,61,12.3,24.5,35,Rain: Light,0,0,
6712,2021-12-18 21:00:00,40.87686,-73.87974,2,0,Failure to Yield Right-of-Way,4488223,6.3,4.5,3.8,3.8,0.0,9.0,61,12.3,24.5,35,Rain: Light,2,2,
6713,2021-12-18 10:40:00,40.677208,-73.89723,1,0,Unspecified,4488080,6.3,4.5,3.8,3.8,0.0,9.0,61,12.3,24.5,35,Rain: Light,1,1,
6714,2021-12-18 06:27:00,40.751396,-73.888405,1,0,Driver Inattention/Distraction,4487330,6.3,4.5,3.8,3.8,0.0,9.0,61,12.3,24.5,35,Rain: Light,1,1,
6715,2021-12-17 21:00:00,40.847187,-73.92135,0,0,Passing Too Closely,4488111,13.9,6.1,0.0,0.0,0.0,0.0,3,21.5,37.1,265,Overcast,0,0,
6716,2021-12-18 00:00:00,40.65661,-73.93091,0,0,Driver Inattention/Distraction,4487602,6.3,4.5,3.8,3.8,0.0,9.0,61,12.3,24.5,35,Rain: Light,0,0,
6717,2021-12-18 17:30:00,40.84497,-73.90247,1,0,Unsafe Speed,4487953,6.3,4.5,3.8,3.8,0.0,9.0,61,12.3,24.5,35,Rain: Light,1,1,
6718,2021-12-18 22:48:00,40.7485,-73.93853,0,0,Unspecified,4487446,6.3,4.5,3.8,3.8,0.0,9.0,61,12.3,24.5,35,Rain: Light,0,0,
6719,2021-12-18 16:37:00,40.63867,-73.97182,0,0,Unspecified,4487940,6.3,4.5,3.8,3.8,0.0,9.0,61,12.3,24.5,35,Rain: Light,0,0,
6720,2021-12-18 11:55:00,40.870777,-73.81923,2,0,Pavement Slippery,4488129,6.3,4.5,3.8,3.8,0.0,9.0,61,12.3,24.5,35,Rain: Light,2,2,
6721,2021-12-18 04:20:00,40.635857,-74.166756,0,0,Driver Inattention/Distraction,4488056,6.3,4.5,3.8,3.8,0.0,9.0,61,12.3,24.5,35,Rain: Light,0,0,
6722,2021-12-18 19:05:00,40.74147,-73.985435,0,0,Driver Inattention/Distraction,4487713,6.3,4.5,3.8,3.8,0.0,9.0,61,12.3,24.5,35,Rain: Light,0,0,
6723,2021-12-18 20:09:00,40.683228,-73.907135,0,0,Driver Inattention/Distraction,4487767,6.3,4.5,3.8,3.8,0.0,9.0,61,12.3,24.5,35,Rain: Light,0,0,
6724,2021-12-14 12:45:00,40.68977,-73.977104,0,0,Passing or Lane Usage Improper,4488032,10.4,3.1,0.0,0.0,0.0,0.0,3,18.5,31.3,322,Overcast,0,0,
6725,2021-12-18 12:20:00,40.71086,-73.95801,0,0,Other Vehicular,4487885,6.3,4.5,3.8,3.8,0.0,9.0,61,12.3,24.5,35,Rain: Light,0,0,
6726,2021-12-18 03:50:00,40.69068,-73.804214,0,0,Driver Inattention/Distraction,4487488,6.3,4.5,3.8,3.8,0.0,9.0,61,12.3,24.5,35,Rain: Light,0,0,
6727,2021-12-18 19:30:00,40.631496,-73.884476,5,0,Unspecified,4487516,6.3,4.5,3.8,3.8,0.0,9.0,61,12.3,24.5,35,Rain: Light,5,5,
6728,2021-12-17 06:05:00,40.645103,-74.01033,1,0,Failure to Yield Right-of-Way,4488218,13.9,6.1,0.0,0.0,0.0,0.0,3,21.5,37.1,265,Overcast,1,1,
6729,2021-12-18 10:00:00,40.83728,-73.94093,0,0,Unspecified,4487405,6.3,4.5,3.8,3.8,0.0,9.0,61,12.3,24.5,35,Rain: Light,0,0,
6730,2021-12-12 19:56:00,40.834198,-73.85169,1,0,Unspecified,4488188,13.0,3.4,0.5,0.5,0.0,1.0,53,32.4,62.6,284,Drizzle: Moderate,1,1,
6731,2021-12-18 11:00:00,40.713215,-73.93828,0,0,Passing Too Closely,4487899,6.3,4.5,3.8,3.8,0.0,9.0,61,12.3,24.5,35,Rain: Light,0,0,
6732,2021-12-18 18:54:00,40.76815,-73.89714,0,0,Driver Inattention/Distraction,4487646,6.3,4.5,3.8,3.8,0.0,9.0,61,12.3,24.5,35,Rain: Light,0,0,
6733,2021-12-16 07:50:00,40.668507,-73.92561,1,0,View Obstructed/Limited,4488143,14.6,9.9,0.0,0.0,0.0,0.0,3,22.4,38.5,222,Overcast,1,1,
6734,2021-12-15 13:20:00,40.772705,-73.949486,0,0,Driver Inattention/Distraction,4488280,10.3,1.8,1.0,1.0,0.0,6.0,51,20.6,38.2,104,Drizzle: Light,0,0,
6735,2021-12-18 05:00:00,40.699512,-73.81461,0,0,Driver Inattention/Distraction,4487490,6.3,4.5,3.8,3.8,0.0,9.0,61,12.3,24.5,35,Rain: Light,0,0,
6736,2021-12-18 07:10:00,40.715984,-74.010254,0,0,Following Too Closely,4487537,6.3,4.5,3.8,3.8,0.0,9.0,61,12.3,24.5,35,Rain: Light,0,0,
6737,2021-06-06 20:00:00,40.761036,-73.98702,0,0,Drugs (illegal),4424505,31.0,20.0,0.0,0.0,0.0,0.0,1,16.6,32.4,222,Mainly clear,0,0,Sunny/Clear Conditions
6738,2021-08-21 08:07:00,40.758125,-73.928505,1,1,Traffic Control Disregarded,4451296,27.2,23.0,0.8,0.8,0.0,6.0,51,14.3,29.5,109,Drizzle: Light,21,2,
6739,2021-09-05 03:37:00,40.842346,-73.93119,0,1,Unspecified,4454052,24.5,16.9,1.0,1.0,0.0,6.0,51,15.5,42.5,204,Drizzle: Light,20,1,
6740,2021-08-24 21:23:00,40.675716,-73.9142,0,1,Driver Inexperience,4456041,30.6,21.9,0.0,0.0,0.0,0.0,1,13.9,28.1,291,Mainly clear,20,1,Sunny/Clear Conditions
6741,2021-09-13 07:51:00,40.855137,-73.90836,1,0,Other Vehicular,4456843,28.8,21.8,1.1,1.1,0.0,2.0,53,20.1,36.7,277,Drizzle: Moderate,1,1,
6742,2021-12-10 07:35:00,40.68934,-73.917854,1,0,Driver Inattention/Distraction,4485817,8.5,1.6,0.0,0.0,0.0,0.0,3,9.8,20.5,183,Overcast,1,1,
6743,2021-11-28 22:29:00,40.80256,-73.943,3,0,Unspecified,4485183,4.4,0.2,1.4,0.0,0.98,10.0,73,11.0,20.9,193,Snow fall: Moderate,3,3,Snowy Conditions
6744,2021-12-08 09:20:00,40.73978,-73.97951,1,0,Driver Inattention/Distraction,4485709,4.7,0.9,0.7,0.7,0.0,2.0,51,14.5,24.8,355,Drizzle: Light,1,1,
6745,2021-12-10 09:59:00,40.61214,-73.96657,0,0,Unspecified,4485617,8.5,1.6,0.0,0.0,0.0,0.0,3,9.8,20.5,183,Overcast,0,0,
6746,2021-12-07 00:32:00,40.839924,-73.93286,0,0,Other Vehicular,4485552,8.6,0.8,0.1,0.1,0.0,1.0,51,27.2,49.3,283,Drizzle: Light,0,0,
6747,2021-12-08 00:00:00,40.841152,-73.942696,1,0,Backing Unsafely,4484928,4.7,0.9,0.7,0.7,0.0,2.0,51,14.5,24.8,355,Drizzle: Light,1,1,
6748,2021-12-09 19:00:00,40.619892,-73.98372,0,0,Backing Unsafely,4485529,3.6,-2.0,0.1,0.0,0.07,1.0,71,19.2,33.8,295,Snow fall: Light,0,0,Snowy Conditions
6749,2021-12-08 07:25:00,40.683647,-73.856384,1,0,Traffic Control Disregarded,4484642,4.7,0.9,0.7,0.7,0.0,2.0,51,14.5,24.8,355,Drizzle: Light,1,1,
6750,2021-12-05 21:32:00,40.8614,-73.92527,0,0,Backing Unsafely,4485773,7.6,0.0,0.0,0.0,0.0,0.0,3,15.1,27.0,303,Overcast,0,0,
6751,2021-12-08 21:49:00,40.752388,-73.974304,1,0,Driver Inattention/Distraction,4484806,4.7,0.9,0.7,0.7,0.0,2.0,51,14.5,24.8,355,Drizzle: Light,1,1,
6752,2021-12-09 09:30:00,40.751442,-73.97606,0,0,Failure to Keep Right,4484963,3.6,-2.0,0.1,0.0,0.07,1.0,71,19.2,33.8,295,Snow fall: Light,0,0,Snowy Conditions
6753,2021-12-10 13:17:00,40.778095,-73.9783,0,0,Passing Too Closely,4485233,8.5,1.6,0.0,0.0,0.0,0.0,3,9.8,20.5,183,Overcast,0,0,
6754,2021-12-10 07:30:00,40.68726,-73.98777,0,0,Unspecified,4485294,8.5,1.6,0.0,0.0,0.0,0.0,3,9.8,20.5,183,Overcast,0,0,
6755,2021-12-05 00:03:00,40.837425,-73.92037,1,0,Failure to Yield Right-of-Way,4485480,7.6,0.0,0.0,0.0,0.0,0.0,3,15.1,27.0,303,Overcast,1,1,
6756,2021-12-06 10:37:00,40.61831,-73.95499,1,0,,4485524,16.3,7.7,6.3,6.3,0.0,10.0,61,35.1,65.5,201,Rain: Light,1,1,
6757,2021-12-10 07:23:00,40.65474,-73.90693,0,0,Driver Inattention/Distraction,4485550,8.5,1.6,0.0,0.0,0.0,0.0,3,9.8,20.5,183,Overcast,0,0,
6758,2021-12-09 00:40:00,40.724888,-73.89899,0,0,Unspecified,4484911,3.6,-2.0,0.1,0.0,0.07,1.0,71,19.2,33.8,295,Snow fall: Light,0,0,Snowy Conditions
6759,2021-12-05 21:10:00,40.782284,-73.9127,0,0,Driver Inattention/Distraction,4485358,7.6,0.0,0.0,0.0,0.0,0.0,3,15.1,27.0,303,Overcast,0,0,
6760,2021-12-08 17:10:00,40.68999,-73.78327,0,0,Passing Too Closely,4484754,4.7,0.9,0.7,0.7,0.0,2.0,51,14.5,24.8,355,Drizzle: Light,0,0,
6761,2021-12-08 22:45:00,40.76453,-73.74086,0,0,Accelerator Defective,4485088,4.7,0.9,0.7,0.7,0.0,2.0,51,14.5,24.8,355,Drizzle: Light,0,0,
6762,2021-12-10 10:00:00,40.82101,-73.897385,0,0,Driver Inattention/Distraction,4485319,8.5,1.6,0.0,0.0,0.0,0.0,3,9.8,20.5,183,Overcast,0,0,
6763,2021-12-09 21:09:00,40.642548,-74.016655,0,0,Unspecified,4485068,3.6,-2.0,0.1,0.0,0.07,1.0,71,19.2,33.8,295,Snow fall: Light,0,0,Snowy Conditions
6764,2021-12-18 12:53:00,40.658875,-73.94753,2,0,Unsafe Lane Changing,4487394,6.3,4.5,3.8,3.8,0.0,9.0,61,12.3,24.5,35,Rain: Light,2,2,
6765,2021-09-14 12:38:00,40.707027,-73.9236,0,0,Passing Too Closely,4458345,26.0,19.0,0.2,0.2,0.0,1.0,51,18.0,35.6,138,Drizzle: Light,0,0,
6766,2021-09-15 12:45:00,40.714066,-73.94938,0,0,Unspecified,4457596,29.6,20.7,0.3,0.3,0.0,3.0,51,21.6,40.7,192,Drizzle: Light,0,0,
6767,2021-09-12 03:21:00,40.689842,-73.850075,1,0,Turning Improperly,4458637,28.8,18.3,0.0,0.0,0.0,0.0,3,24.3,46.8,233,Overcast,1,1,
6768,2021-09-09 00:34:00,40.755398,-73.93182,0,0,Driver Inattention/Distraction,4458325,22.4,19.8,18.4,18.4,0.0,15.0,63,17.5,39.2,271,Rain: Moderate,0,0,
6769,2021-09-09 18:05:00,40.76979,-73.988075,0,0,Failure to Yield Right-of-Way,4458048,22.4,19.8,18.4,18.4,0.0,15.0,63,17.5,39.2,271,Rain: Moderate,0,0,
6770,2021-09-15 18:32:00,40.811245,-73.92753,0,0,Unspecified,4457697,29.6,20.7,0.3,0.3,0.0,3.0,51,21.6,40.7,192,Drizzle: Light,0,0,
6771,2021-09-15 23:55:00,40.61427,-74.156654,0,0,Following Too Closely,4458559,29.6,20.7,0.3,0.3,0.0,3.0,51,21.6,40.7,192,Drizzle: Light,0,0,
6772,2021-09-15 11:35:00,40.683514,-73.97596,0,0,Following Too Closely,4457643,29.6,20.7,0.3,0.3,0.0,3.0,51,21.6,40.7,192,Drizzle: Light,0,0,
6773,2021-09-17 16:15:00,40.727295,-73.81281,1,0,Driver Inattention/Distraction,4458162,23.6,20.1,1.0,1.0,0.0,7.0,51,20.3,38.9,59,Drizzle: Light,1,1,
6774,2021-09-14 11:17:00,40.706573,-73.922874,1,0,Failure to Yield Right-of-Way,4458030,26.0,19.0,0.2,0.2,0.0,1.0,51,18.0,35.6,138,Drizzle: Light,1,1,
6775,2021-05-22 16:30:00,40.73543,-73.98271,1,0,,4458716,30.5,16.5,0.0,0.0,0.0,0.0,3,19.1,36.4,299,Overcast,1,1,
6776,2021-09-17 17:45:00,40.639305,-73.95898,0,0,Alcohol Involvement,4458857,23.6,20.1,1.0,1.0,0.0,7.0,51,20.3,38.9,59,Drizzle: Light,0,0,
6777,2021-09-16 14:53:00,40.84482,-73.837,4,0,Unspecified,4458014,23.9,19.1,4.0,4.0,0.0,10.0,55,18.8,37.8,38,Drizzle: Dense,4,4,
6778,2021-09-16 14:45:00,40.71436,-73.98652,0,0,Driver Inattention/Distraction,4457908,23.9,19.1,4.0,4.0,0.0,10.0,55,18.8,37.8,38,Drizzle: Dense,0,0,
6779,2021-09-08 20:05:00,40.68948,-73.93515,1,0,Driver Inattention/Distraction,4458812,26.4,19.6,0.7,0.7,0.0,6.0,51,26.7,55.8,187,Drizzle: Light,1,1,
6780,2021-09-17 08:00:00,40.710094,-73.93722,1,0,Passing Too Closely,4458201,23.6,20.1,1.0,1.0,0.0,7.0,51,20.3,38.9,59,Drizzle: Light,1,1,
6781,2021-09-16 14:51:00,40.701187,-73.80789,1,0,Unspecified,4457885,23.9,19.1,4.0,4.0,0.0,10.0,55,18.8,37.8,38,Drizzle: Dense,1,1,
6782,2021-09-17 20:40:00,40.852413,-73.88438,1,0,Driver Inexperience,4458956,23.6,20.1,1.0,1.0,0.0,7.0,51,20.3,38.9,59,Drizzle: Light,1,1,
6783,2021-09-15 01:55:00,40.64644,-73.91289,0,0,Turning Improperly,4457286,29.6,20.7,0.3,0.3,0.0,3.0,51,21.6,40.7,192,Drizzle: Light,0,0,
6784,2021-09-17 20:30:00,40.71697,-73.998245,0,0,Driver Inattention/Distraction,4458586,23.6,20.1,1.0,1.0,0.0,7.0,51,20.3,38.9,59,Drizzle: Light,0,0,
6785,2021-09-17 19:28:00,40.734543,-73.80296,0,0,Unspecified,4458238,23.6,20.1,1.0,1.0,0.0,7.0,51,20.3,38.9,59,Drizzle: Light,0,0,