,CRASH DATETIME,LATITUDE,LONGITUDE,NUMBER OF PERSONS INJURED,NUMBER OF PERSONS KILLED,CONTRIBUTING FACTOR VEHICLE 1,COLLISION_ID,temperature_2m_max,temperature_2m_min,precipitation_sum,rain_sum,snowfall_sum,precipitation_hours,weather_code,wind_speed_10m_max,wind_gusts_10m_max,wind_direction_10m_dominant,Weather Description,Severity_Score,Total_Affected_Persons,Weather_Category
6786,2021-09-15 10:40:00,40.66079,-73.99401,1,0,Following Too Closely,4457624,29.6,20.7,0.3,0.3,0.0,3.0,51,21.6,40.7,192,Drizzle: Light,1,1,
6787,2021-09-17 02:00:00,40.726593,-73.809685,0,0,Unspecified,4458164,23.6,20.1,1.0,1.0,0.0,7.0,51,20.3,38.9,59,Drizzle: Light,0,0,
6788,2021-09-16 14:45:00,40.734375,-73.87342,0,0,Driver Inattention/Distraction,4458035,23.9,19.1,4.0,4.0,0.0,10.0,55,18.8,37.8,38,Drizzle: Dense,0,0,
6789,2021-09-13 00:00:00,40.65488,-73.96189,1,0,Pedestrian/Bicyclist/Other Pedestrian Error/Confusion,4458091,28.8,21.8,1.1,1.1,0.0,2.0,53,20.1,36.7,277,Drizzle: Moderate,1,1,
6790,2021-12-10 09:15:00,40.670094,-73.907974,0,0,Driver Inattention/Distraction,4485575,8.5,1.6,0.0,0.0,0.0,0.0,3,9.8,20.5,183,Overcast,0,0,
6791,2021-09-15 14:00:00,40.65638,-73.98066,0,0,Unsafe Speed,4457754,29.6,20.7,0.3,0.3,0.0,3.0,51,21.6,40.7,192,Drizzle: Light,0,0,
6792,2021-09-17 23:45:00,40.730553,-73.84142,0,0,Passing or Lane Usage Improper,4458265,23.6,20.1,1.0,1.0,0.0,7.0,51,20.3,38.9,59,Drizzle: Light,0,0,
6793,2021-09-17 14:00:00,40.635303,-74.00617,1,0,Unspecified,4458561,23.6,20.1,1.0,1.0,0.0,7.0,51,20.3,38.9,59,Drizzle: Light,1,1,
6794,2021-09-15 15:00:00,40.622654,-74.02543,0,0,Passing or Lane Usage Improper,4457669,29.6,20.7,0.3,0.3,0.0,3.0,51,21.6,40.7,192,Drizzle: Light,0,0,
6795,2021-09-17 21:35:00,40.703556,-73.78805,1,0,Failure to Yield Right-of-Way,4458400,23.6,20.1,1.0,1.0,0.0,7.0,51,20.3,38.9,59,Drizzle: Light,1,1,
6796,2021-09-16 12:30:00,40.67691,-73.87945,0,0,Unspecified,4458499,23.9,19.1,4.0,4.0,0.0,10.0,55,18.8,37.8,38,Drizzle: Dense,0,0,
6797,2021-09-16 07:56:00,40.82835,-73.86116,0,0,Traffic Control Disregarded,4457844,23.9,19.1,4.0,4.0,0.0,10.0,55,18.8,37.8,38,Drizzle: Dense,0,0,
6798,2021-09-16 12:00:00,40.720722,-73.98325,0,0,Unspecified,4457940,23.9,19.1,4.0,4.0,0.0,10.0,55,18.8,37.8,38,Drizzle: Dense,0,0,
6799,2021-09-16 03:00:00,40.63858,-74.02078,1,0,Unspecified,4457982,23.9,19.1,4.0,4.0,0.0,10.0,55,18.8,37.8,38,Drizzle: Dense,1,1,
6800,2021-09-12 17:25:00,40.835777,-73.91648,2,0,Driver Inexperience,4458529,28.8,18.3,0.0,0.0,0.0,0.0,3,24.3,46.8,233,Overcast,2,2,
6801,2021-09-15 03:30:00,40.76295,-73.83196,1,0,Unsafe Lane Changing,4457329,29.6,20.7,0.3,0.3,0.0,3.0,51,21.6,40.7,192,Drizzle: Light,1,1,
6802,2021-09-17 12:55:00,40.683094,-73.80576,0,0,Failure to Yield Right-of-Way,4458132,23.6,20.1,1.0,1.0,0.0,7.0,51,20.3,38.9,59,Drizzle: Light,0,0,
6803,2021-09-15 23:30:00,40.628586,-73.92113,0,0,Traffic Control Disregarded,4457675,29.6,20.7,0.3,0.3,0.0,3.0,51,21.6,40.7,192,Drizzle: Light,0,0,
6804,2021-09-16 07:40:00,40.69325,-73.97287,0,0,Passing Too Closely,4457906,23.9,19.1,4.0,4.0,0.0,10.0,55,18.8,37.8,38,Drizzle: Dense,0,0,
6805,2021-08-18 15:50:00,40.83774,-73.86489,0,0,Unsafe Speed,4458062,27.0,21.1,1.5,1.5,0.0,5.0,53,24.7,46.8,150,Drizzle: Moderate,0,0,
6806,2021-09-13 18:00:00,40.875874,-73.84989,2,0,Driver Inattention/Distraction,4458772,28.8,21.8,1.1,1.1,0.0,2.0,53,20.1,36.7,277,Drizzle: Moderate,2,2,
6807,2021-09-17 06:15:00,40.757355,-73.73887,1,0,Following Too Closely,4458123,23.6,20.1,1.0,1.0,0.0,7.0,51,20.3,38.9,59,Drizzle: Light,1,1,
6808,2021-09-17 08:30:00,40.70683,-73.9684,0,0,Backing Unsafely,4458194,23.6,20.1,1.0,1.0,0.0,7.0,51,20.3,38.9,59,Drizzle: Light,0,0,
6809,2021-09-07 13:45:00,40.753456,-73.941414,1,0,Failure to Yield Right-of-Way,4458306,25.9,15.2,0.0,0.0,0.0,0.0,1,12.5,25.6,259,Mainly clear,1,1,Sunny/Clear Conditions
6810,2021-09-16 09:57:00,40.753345,-73.7068,1,0,Unspecified,4457933,23.9,19.1,4.0,4.0,0.0,10.0,55,18.8,37.8,38,Drizzle: Dense,1,1,
6811,2021-09-16 20:10:00,40.756405,-73.9222,0,0,Backing Unsafely,4458393,23.9,19.1,4.0,4.0,0.0,10.0,55,18.8,37.8,38,Drizzle: Dense,0,0,
6812,2021-09-16 06:55:00,40.76294,-73.86067,0,0,Unspecified,4457817,23.9,19.1,4.0,4.0,0.0,10.0,55,18.8,37.8,38,Drizzle: Dense,0,0,
6813,2021-09-17 08:49:00,40.58376,-73.82554,1,0,Failure to Keep Right,4458283,23.6,20.1,1.0,1.0,0.0,7.0,51,20.3,38.9,59,Drizzle: Light,1,1,
6814,2021-09-15 20:16:00,40.702595,-73.8553,2,0,Turning Improperly,4458741,29.6,20.7,0.3,0.3,0.0,3.0,51,21.6,40.7,192,Drizzle: Light,2,2,
6815,2021-09-15 07:05:00,40.75781,-73.97353,1,0,Turning Improperly,4457370,29.6,20.7,0.3,0.3,0.0,3.0,51,21.6,40.7,192,Drizzle: Light,1,1,
6816,2021-09-15 05:33:00,40.900604,-73.85259,0,0,Obstruction/Debris,4458068,29.6,20.7,0.3,0.3,0.0,3.0,51,21.6,40.7,192,Drizzle: Light,0,0,
6817,2021-09-14 14:30:00,40.901325,-73.86466,0,0,Turning Improperly,4458067,26.0,19.0,0.2,0.2,0.0,1.0,51,18.0,35.6,138,Drizzle: Light,0,0,
6818,2021-09-15 13:35:00,40.862747,-73.90494,0,0,Driver Inattention/Distraction,4457566,29.6,20.7,0.3,0.3,0.0,3.0,51,21.6,40.7,192,Drizzle: Light,0,0,
6819,2021-09-10 02:44:00,40.724636,-73.945305,0,0,Alcohol Involvement,4458216,22.9,16.0,0.0,0.0,0.0,0.0,3,24.2,47.2,314,Overcast,0,0,
6820,2021-09-16 22:10:00,40.64091,-74.034996,0,0,Following Too Closely,4458233,23.9,19.1,4.0,4.0,0.0,10.0,55,18.8,37.8,38,Drizzle: Dense,0,0,
6821,2021-09-15 19:45:00,40.651802,-73.962364,0,0,Driver Inexperience,4457701,29.6,20.7,0.3,0.3,0.0,3.0,51,21.6,40.7,192,Drizzle: Light,0,0,
6822,2021-08-13 16:35:00,40.643185,-73.94974,1,0,Failure to Yield Right-of-Way,4458183,33.2,24.8,0.0,0.0,0.0,0.0,3,18.2,34.9,215,Overcast,1,1,
6823,2021-09-13 15:50:00,40.7879,-73.953674,0,0,Following Too Closely,4458617,28.8,21.8,1.1,1.1,0.0,2.0,53,20.1,36.7,277,Drizzle: Moderate,0,0,
6824,2021-09-13 19:30:00,40.654068,-74.001,1,0,Outside Car Distraction,4458472,28.8,21.8,1.1,1.1,0.0,2.0,53,20.1,36.7,277,Drizzle: Moderate,1,1,
6825,2021-09-17 14:36:00,40.749157,-73.9727,0,0,Driver Inattention/Distraction,4458155,23.6,20.1,1.0,1.0,0.0,7.0,51,20.3,38.9,59,Drizzle: Light,0,0,
6826,2021-09-17 13:05:00,40.609764,-73.99914,0,0,Driver Inattention/Distraction,4458657,23.6,20.1,1.0,1.0,0.0,7.0,51,20.3,38.9,59,Drizzle: Light,0,0,
6827,2021-09-13 19:20:00,40.764347,-73.82595,0,0,Following Too Closely,4458431,28.8,21.8,1.1,1.1,0.0,2.0,53,20.1,36.7,277,Drizzle: Moderate,0,0,
6828,2021-09-15 15:44:00,40.58227,-73.98612,1,0,Unspecified,4458537,29.6,20.7,0.3,0.3,0.0,3.0,51,21.6,40.7,192,Drizzle: Light,1,1,
6829,2021-08-28 16:00:00,40.729324,-73.99191,0,0,Unspecified,4458870,26.2,20.2,3.9,3.9,0.0,18.0,53,23.5,45.0,65,Drizzle: Moderate,0,0,
6830,2021-09-14 17:00:00,40.5438,-74.164795,3,0,Unsafe Lane Changing,4458023,26.0,19.0,0.2,0.2,0.0,1.0,51,18.0,35.6,138,Drizzle: Light,3,3,
6831,2021-09-14 16:30:00,40.72377,-73.9508,1,0,Failure to Yield Right-of-Way,4458221,26.0,19.0,0.2,0.2,0.0,1.0,51,18.0,35.6,138,Drizzle: Light,1,1,
6832,2021-09-15 06:42:00,40.755363,-73.92718,0,0,Alcohol Involvement,4457721,29.6,20.7,0.3,0.3,0.0,3.0,51,21.6,40.7,192,Drizzle: Light,0,0,
6833,2021-07-25 16:23:00,40.671627,-73.93364,1,0,Driver Inattention/Distraction,4458687,28.0,20.3,7.3,7.3,0.0,10.0,63,20.9,43.2,198,Rain: Moderate,1,1,
6834,2021-09-15 17:12:00,40.695023,-73.84645,1,0,Passing Too Closely,4457761,29.6,20.7,0.3,0.3,0.0,3.0,51,21.6,40.7,192,Drizzle: Light,1,1,
6835,2021-09-15 07:48:00,40.75884,-73.889755,0,0,Unspecified,4458087,29.6,20.7,0.3,0.3,0.0,3.0,51,21.6,40.7,192,Drizzle: Light,0,0,
6836,2021-09-03 16:45:00,40.69165,-73.925865,0,0,Passing Too Closely,4458823,21.9,14.0,0.0,0.0,0.0,0.0,3,14.5,30.2,321,Overcast,0,0,
6837,2021-09-15 15:12:00,40.66086,-73.89883,0,0,Passing or Lane Usage Improper,4457785,29.6,20.7,0.3,0.3,0.0,3.0,51,21.6,40.7,192,Drizzle: Light,0,0,
6838,2021-09-15 14:45:00,40.754894,-73.96543,0,0,Passing Too Closely,4457527,29.6,20.7,0.3,0.3,0.0,3.0,51,21.6,40.7,192,Drizzle: Light,0,0,
6839,2021-09-17 07:50:00,40.58489,-73.92885,0,0,Driver Inattention/Distraction,4458594,23.6,20.1,1.0,1.0,0.0,7.0,51,20.3,38.9,59,Drizzle: Light,0,0,
6840,2021-09-17 02:07:00,40.75421,-73.810486,0,0,Fell Asleep,4458453,23.6,20.1,1.0,1.0,0.0,7.0,51,20.3,38.9,59,Drizzle: Light,0,0,
6841,2021-09-07 01:00:00,40.67786,-73.93863,0,0,Driver Inattention/Distraction,4458709,25.9,15.2,0.0,0.0,0.0,0.0,1,12.5,25.6,259,Mainly clear,0,0,Sunny/Clear Conditions
6842,2021-09-15 01:00:00,40.872414,-73.839966,0,0,Unspecified,4458100,29.6,20.7,0.3,0.3,0.0,3.0,51,21.6,40.7,192,Drizzle: Light,0,0,
6843,2021-09-15 07:45:00,40.712116,-73.73118,0,0,Unspecified,4457466,29.6,20.7,0.3,0.3,0.0,3.0,51,21.6,40.7,192,Drizzle: Light,0,0,
6844,2021-08-29 19:32:00,40.67066,-73.957985,1,0,Unspecified,4458793,24.5,19.7,2.5,2.5,0.0,9.0,53,13.6,25.6,98,Drizzle: Moderate,1,1,
6845,2021-09-15 21:20:00,40.598553,-73.997345,1,0,Unspecified,4457955,29.6,20.7,0.3,0.3,0.0,3.0,51,21.6,40.7,192,Drizzle: Light,1,1,
6846,2021-09-16 15:55:00,40.676193,-74.001335,0,0,Driver Inattention/Distraction,4457971,23.9,19.1,4.0,4.0,0.0,10.0,55,18.8,37.8,38,Drizzle: Dense,0,0,
6847,2021-09-16 18:15:00,40.65573,-73.84672,4,0,Passing Too Closely,4457998,23.9,19.1,4.0,4.0,0.0,10.0,55,18.8,37.8,38,Drizzle: Dense,4,4,
6848,2021-09-16 16:15:00,40.68893,-73.785576,0,0,Driver Inattention/Distraction,4458248,23.9,19.1,4.0,4.0,0.0,10.0,55,18.8,37.8,38,Drizzle: Dense,0,0,
6849,2021-09-17 08:10:00,40.634174,-74.14596,1,0,Unspecified,4458119,23.6,20.1,1.0,1.0,0.0,7.0,51,20.3,38.9,59,Drizzle: Light,1,1,
6850,2021-09-15 10:20:00,40.656475,-73.744934,1,0,Failure to Yield Right-of-Way,4457467,29.6,20.7,0.3,0.3,0.0,3.0,51,21.6,40.7,192,Drizzle: Light,1,1,
6851,2021-09-17 20:52:00,40.70281,-73.9254,0,0,Passing Too Closely,4458352,23.6,20.1,1.0,1.0,0.0,7.0,51,20.3,38.9,59,Drizzle: Light,0,0,
6852,2021-09-16 17:00:00,40.79087,-73.807434,0,0,Following Too Closely,4457918,23.9,19.1,4.0,4.0,0.0,10.0,55,18.8,37.8,38,Drizzle: Dense,0,0,
6853,2021-09-17 00:10:00,40.899246,-73.84609,1,0,Failure to Yield Right-of-Way,4458072,23.6,20.1,1.0,1.0,0.0,7.0,51,20.3,38.9,59,Drizzle: Light,1,1,
6854,2021-09-15 02:00:00,40.646782,-73.90376,0,0,Backing Unsafely,4457554,29.6,20.7,0.3,0.3,0.0,3.0,51,21.6,40.7,192,Drizzle: Light,0,0,
6855,2021-09-11 21:32:00,40.67955,-73.879105,0,0,Unspecified,4458485,24.7,12.9,0.0,0.0,0.0,0.0,3,16.6,34.2,246,Overcast,0,0,
6856,2021-09-15 02:29:00,40.66796,-73.77155,2,0,Failure to Yield Right-of-Way,4457403,29.6,20.7,0.3,0.3,0.0,3.0,51,21.6,40.7,192,Drizzle: Light,2,2,
6857,2021-09-15 14:00:00,40.665474,-73.95231,0,0,Passing Too Closely,4458253,29.6,20.7,0.3,0.3,0.0,3.0,51,21.6,40.7,192,Drizzle: Light,0,0,
6858,2021-09-16 06:50:00,40.738552,-73.98043,1,0,Unspecified,4457779,23.9,19.1,4.0,4.0,0.0,10.0,55,18.8,37.8,38,Drizzle: Dense,1,1,
6859,2021-09-17 08:45:00,40.688446,-73.87593,0,0,Unspecified,4458480,23.6,20.1,1.0,1.0,0.0,7.0,51,20.3,38.9,59,Drizzle: Light,0,0,
6860,2021-09-17 11:58:00,40.66675,-73.779945,2,0,Unspecified,4458598,23.6,20.1,1.0,1.0,0.0,7.0,51,20.3,38.9,59,Drizzle: Light,2,2,
6861,2021-09-16 14:10:00,40.829052,-73.85038,0,0,Unspecified,4458055,23.9,19.1,4.0,4.0,0.0,10.0,55,18.8,37.8,38,Drizzle: Dense,0,0,
6862,2021-09-17 14:45:00,40.68795,-73.82502,0,0,Passing or Lane Usage Improper,4458187,23.6,20.1,1.0,1.0,0.0,7.0,51,20.3,38.9,59,Drizzle: Light,0,0,
6863,2021-09-15 16:35:00,40.675735,-73.89686,0,0,Unspecified,4457661,29.6,20.7,0.3,0.3,0.0,3.0,51,21.6,40.7,192,Drizzle: Light,0,0,
6864,2021-09-10 12:30:00,40.75982,-73.9139,0,0,Passing Too Closely,4458311,22.9,16.0,0.0,0.0,0.0,0.0,3,24.2,47.2,314,Overcast,0,0,
6865,2021-09-12 22:30:00,40.674747,-73.9417,0,0,Backing Unsafely,4458706,28.8,18.3,0.0,0.0,0.0,0.0,3,24.3,46.8,233,Overcast,0,0,
6866,2021-09-17 20:54:00,40.712406,-73.97803,0,0,Driver Inexperience,4458904,23.6,20.1,1.0,1.0,0.0,7.0,51,20.3,38.9,59,Drizzle: Light,0,0,
6867,2021-09-15 15:00:00,40.80506,-73.94117,1,0,,4458440,29.6,20.7,0.3,0.3,0.0,3.0,51,21.6,40.7,192,Drizzle: Light,1,1,
6868,2021-09-07 16:49:00,40.761265,-73.9094,1,0,Driver Inattention/Distraction,4458544,25.9,15.2,0.0,0.0,0.0,0.0,1,12.5,25.6,259,Mainly clear,1,1,Sunny/Clear Conditions
6869,2021-09-17 13:00:00,40.7881,-73.94249,0,0,Other Vehicular,4458623,23.6,20.1,1.0,1.0,0.0,7.0,51,20.3,38.9,59,Drizzle: Light,0,0,
6870,2021-09-16 00:57:00,40.667313,-73.73926,0,0,Driver Inattention/Distraction,4457683,23.9,19.1,4.0,4.0,0.0,10.0,55,18.8,37.8,38,Drizzle: Dense,0,0,
6871,2021-09-17 02:46:00,40.81218,-73.9011,3,0,Other Vehicular,4458027,23.6,20.1,1.0,1.0,0.0,7.0,51,20.3,38.9,59,Drizzle: Light,3,3,
6872,2021-09-17 15:50:00,40.848606,-73.8898,0,0,Traffic Control Disregarded,4458942,23.6,20.1,1.0,1.0,0.0,7.0,51,20.3,38.9,59,Drizzle: Light,0,0,
6873,2021-09-15 16:40:00,40.52182,-74.23502,0,0,Following Too Closely,4458040,29.6,20.7,0.3,0.3,0.0,3.0,51,21.6,40.7,192,Drizzle: Light,0,0,
6874,2021-09-17 17:18:00,40.853344,-73.881676,0,0,Driver Inattention/Distraction,4458979,23.6,20.1,1.0,1.0,0.0,7.0,51,20.3,38.9,59,Drizzle: Light,0,0,
6875,2021-09-17 14:58:00,40.72114,-73.942825,0,0,Following Too Closely,4458225,23.6,20.1,1.0,1.0,0.0,7.0,51,20.3,38.9,59,Drizzle: Light,0,0,
6876,2021-09-17 07:17:00,40.65474,-73.90693,1,0,Brakes Defective,4458143,23.6,20.1,1.0,1.0,0.0,7.0,51,20.3,38.9,59,Drizzle: Light,1,1,
6877,2021-09-15 16:12:00,40.74308,-73.86607,0,0,Driver Inattention/Distraction,4457728,29.6,20.7,0.3,0.3,0.0,3.0,51,21.6,40.7,192,Drizzle: Light,0,0,
6878,2021-09-14 09:05:00,40.75524,-73.97328,1,0,Driver Inattention/Distraction,4458661,26.0,19.0,0.2,0.2,0.0,1.0,51,18.0,35.6,138,Drizzle: Light,1,1,
6879,2021-09-13 21:00:00,40.68096,-73.93765,1,0,Driver Inattention/Distraction,4458832,28.8,21.8,1.1,1.1,0.0,2.0,53,20.1,36.7,277,Drizzle: Moderate,1,1,
6880,2021-09-16 18:00:00,40.730602,-73.734566,0,0,Turning Improperly,4458242,23.9,19.1,4.0,4.0,0.0,10.0,55,18.8,37.8,38,Drizzle: Dense,0,0,
6881,2021-09-11 22:15:00,40.765713,-73.90692,0,0,Driver Inattention/Distraction,4458335,24.7,12.9,0.0,0.0,0.0,0.0,3,16.6,34.2,246,Overcast,0,0,
6882,2021-09-15 08:15:00,40.726166,-73.88818,0,0,Illnes,4458732,29.6,20.7,0.3,0.3,0.0,3.0,51,21.6,40.7,192,Drizzle: Light,0,0,
6883,2021-09-15 10:10:00,40.831684,-73.85562,0,0,Following Too Closely,4457437,29.6,20.7,0.3,0.3,0.0,3.0,51,21.6,40.7,192,Drizzle: Light,0,0,
6884,2021-09-06 00:00:00,40.87321,-73.8671,1,0,Other Vehicular,4458104,26.9,18.4,0.0,0.0,0.0,0.0,3,19.6,37.8,273,Overcast,1,1,
6885,2021-09-14 02:49:00,40.85738,-73.92973,0,0,Driver Inattention/Distraction,4458762,26.0,19.0,0.2,0.2,0.0,1.0,51,18.0,35.6,138,Drizzle: Light,0,0,
6886,2021-09-15 06:15:00,40.75898,-73.96244,1,0,Unsafe Lane Changing,4457532,29.6,20.7,0.3,0.3,0.0,3.0,51,21.6,40.7,192,Drizzle: Light,1,1,
6887,2021-09-15 19:03:00,40.618584,-74.009224,1,0,Unspecified,4457632,29.6,20.7,0.3,0.3,0.0,3.0,51,21.6,40.7,192,Drizzle: Light,1,1,
6888,2021-09-16 07:40:00,40.7588,-73.83536,0,0,Unspecified,4458298,23.9,19.1,4.0,4.0,0.0,10.0,55,18.8,37.8,38,Drizzle: Dense,0,0,
6889,2021-09-02 20:15:00,40.726833,-73.71358,0,0,Traffic Control Disregarded,4458570,24.5,15.0,24.6,24.6,0.0,5.0,65,43.0,83.5,344,Rain: Heavy,0,0,
6890,2021-09-16 13:30:00,40.815845,-73.95287,0,0,Other Vehicular,4458777,23.9,19.1,4.0,4.0,0.0,10.0,55,18.8,37.8,38,Drizzle: Dense,0,0,
6891,2021-09-15 15:29:00,40.78517,-73.94332,2,0,Pedestrian/Bicyclist/Other Pedestrian Error/Confusion,4457719,29.6,20.7,0.3,0.3,0.0,3.0,51,21.6,40.7,192,Drizzle: Light,2,2,
6892,2021-09-16 07:35:00,40.6216,-73.92327,0,0,Driver Inattention/Distraction,4457870,23.9,19.1,4.0,4.0,0.0,10.0,55,18.8,37.8,38,Drizzle: Dense,0,0,
6893,2021-09-16 15:13:00,40.75455,-73.74317,1,0,Driver Inattention/Distraction,4457956,23.9,19.1,4.0,4.0,0.0,10.0,55,18.8,37.8,38,Drizzle: Dense,1,1,
6894,2021-09-11 09:21:00,40.720383,-73.780815,0,1,Unspecified,4458131,24.7,12.9,0.0,0.0,0.0,0.0,3,16.6,34.2,246,Overcast,20,1,
6895,2021-09-15 12:29:00,40.666187,-73.916664,2,0,Backing Unsafely,4457568,29.6,20.7,0.3,0.3,0.0,3.0,51,21.6,40.7,192,Drizzle: Light,2,2,
6896,2021-09-15 13:43:00,40.788418,-73.97077,0,0,Passing Too Closely,4457609,29.6,20.7,0.3,0.3,0.0,3.0,51,21.6,40.7,192,Drizzle: Light,0,0,
6897,2021-09-15 17:00:00,40.749756,-73.88411,0,0,View Obstructed/Limited,4457922,29.6,20.7,0.3,0.3,0.0,3.0,51,21.6,40.7,192,Drizzle: Light,0,0,
6898,2021-09-15 08:37:00,40.675495,-73.88916,1,0,View Obstructed/Limited,4457501,29.6,20.7,0.3,0.3,0.0,3.0,51,21.6,40.7,192,Drizzle: Light,1,1,
6899,2021-09-16 06:00:00,40.830112,-73.850266,0,0,Following Too Closely,4457843,23.9,19.1,4.0,4.0,0.0,10.0,55,18.8,37.8,38,Drizzle: Dense,0,0,
6900,2021-09-17 09:59:00,40.759586,-73.968056,0,0,Unspecified,4458158,23.6,20.1,1.0,1.0,0.0,7.0,51,20.3,38.9,59,Drizzle: Light,0,0,
6901,2021-09-15 21:40:00,40.77402,-73.95457,0,0,Driver Inattention/Distraction,4458923,29.6,20.7,0.3,0.3,0.0,3.0,51,21.6,40.7,192,Drizzle: Light,0,0,
6902,2021-09-16 15:30:00,40.649387,-73.9253,1,0,Unspecified,4458175,23.9,19.1,4.0,4.0,0.0,10.0,55,18.8,37.8,38,Drizzle: Dense,1,1,
6903,2021-09-15 16:27:00,40.853115,-73.89759,0,0,Turning Improperly,4457742,29.6,20.7,0.3,0.3,0.0,3.0,51,21.6,40.7,192,Drizzle: Light,0,0,
6904,2021-09-08 13:15:00,40.758274,-73.93336,1,0,Driver Inattention/Distraction,4458553,26.4,19.6,0.7,0.7,0.0,6.0,51,26.7,55.8,187,Drizzle: Light,1,1,
6905,2021-09-06 03:00:00,40.821144,-73.95753,0,0,Unspecified,4458605,26.9,18.4,0.0,0.0,0.0,0.0,3,19.6,37.8,273,Overcast,0,0,
6906,2021-09-15 20:00:00,40.60579,-74.12092,0,0,Unspecified,4457767,29.6,20.7,0.3,0.3,0.0,3.0,51,21.6,40.7,192,Drizzle: Light,0,0,
6907,2021-09-15 15:47:00,40.745827,-73.90111,0,0,Unspecified,4458276,29.6,20.7,0.3,0.3,0.0,3.0,51,21.6,40.7,192,Drizzle: Light,0,0,
6908,2021-09-13 16:30:00,40.842335,-73.93109,0,0,Unspecified,4458126,28.8,21.8,1.1,1.1,0.0,2.0,53,20.1,36.7,277,Drizzle: Moderate,0,0,
6909,2021-09-16 19:56:00,40.853462,-73.88939,1,0,Driver Inattention/Distraction,4458000,23.9,19.1,4.0,4.0,0.0,10.0,55,18.8,37.8,38,Drizzle: Dense,1,1,
6910,2021-09-15 16:15:00,40.66351,-73.89175,1,0,Traffic Control Disregarded,4457834,29.6,20.7,0.3,0.3,0.0,3.0,51,21.6,40.7,192,Drizzle: Light,1,1,
6911,2021-09-17 09:20:00,40.701077,-73.94043,0,0,Failure to Yield Right-of-Way,4458346,23.6,20.1,1.0,1.0,0.0,7.0,51,20.3,38.9,59,Drizzle: Light,0,0,
6912,2021-09-16 13:58:00,40.62079,-74.04048,1,0,Passing or Lane Usage Improper,4457914,23.9,19.1,4.0,4.0,0.0,10.0,55,18.8,37.8,38,Drizzle: Dense,1,1,
6913,2021-09-17 03:16:00,40.67725,-73.92754,1,0,Driver Inattention/Distraction,4458699,23.6,20.1,1.0,1.0,0.0,7.0,51,20.3,38.9,59,Drizzle: Light,1,1,
6914,2021-09-15 00:00:00,40.681778,-73.78156,1,0,Unspecified,4457655,29.6,20.7,0.3,0.3,0.0,3.0,51,21.6,40.7,192,Drizzle: Light,1,1,
6915,2021-09-16 15:00:00,40.70001,-73.830894,1,0,Unsafe Lane Changing,4457891,23.9,19.1,4.0,4.0,0.0,10.0,55,18.8,37.8,38,Drizzle: Dense,1,1,
6916,2021-09-16 01:28:00,40.63039,-73.93006,2,0,Unspecified,4457676,23.9,19.1,4.0,4.0,0.0,10.0,55,18.8,37.8,38,Drizzle: Dense,2,2,
6917,2021-09-17 06:55:00,40.713974,-73.953094,1,0,Reaction to Uninvolved Vehicle,4458197,23.6,20.1,1.0,1.0,0.0,7.0,51,20.3,38.9,59,Drizzle: Light,1,1,
6918,2021-09-16 06:00:00,40.689648,-73.9184,0,0,Turning Improperly,4458031,23.9,19.1,4.0,4.0,0.0,10.0,55,18.8,37.8,38,Drizzle: Dense,0,0,
6919,2021-09-13 09:30:00,40.828346,-73.94906,0,0,Unspecified,4458257,28.8,21.8,1.1,1.1,0.0,2.0,53,20.1,36.7,277,Drizzle: Moderate,0,0,
6920,2021-09-15 16:34:00,40.790997,-73.94931,0,0,Driver Inexperience,4458630,29.6,20.7,0.3,0.3,0.0,3.0,51,21.6,40.7,192,Drizzle: Light,0,0,
6921,2021-09-15 15:55:00,40.576504,-74.1037,0,0,Failure to Yield Right-of-Way,4457615,29.6,20.7,0.3,0.3,0.0,3.0,51,21.6,40.7,192,Drizzle: Light,0,0,
6922,2021-09-15 00:00:00,40.73447,-73.86316,0,0,Driver Inattention/Distraction,4458036,29.6,20.7,0.3,0.3,0.0,3.0,51,21.6,40.7,192,Drizzle: Light,0,0,
6923,2021-09-17 22:23:00,40.66217,-73.908844,0,0,Alcohol Involvement,4458670,23.6,20.1,1.0,1.0,0.0,7.0,51,20.3,38.9,59,Drizzle: Light,0,0,
6924,2021-08-18 01:15:00,40.897015,-73.872574,0,0,Unsafe Speed,4458845,27.0,21.1,1.5,1.5,0.0,5.0,53,24.7,46.8,150,Drizzle: Moderate,0,0,
6925,2021-12-18 18:00:00,40.7272,-73.74922,1,0,,4487792,6.3,4.5,3.8,3.8,0.0,9.0,61,12.3,24.5,35,Rain: Light,1,1,
6926,2021-09-17 21:00:00,40.828022,-73.84604,0,0,Unspecified,4458291,23.6,20.1,1.0,1.0,0.0,7.0,51,20.3,38.9,59,Drizzle: Light,0,0,
6927,2021-09-17 15:00:00,40.879948,-73.88086,0,0,Unspecified,4458565,23.6,20.1,1.0,1.0,0.0,7.0,51,20.3,38.9,59,Drizzle: Light,0,0,
6928,2021-02-02 21:30:00,40.64703,-74.012,1,0,Unspecified,4388940,1.5,-2.0,4.1,0.1,2.8,17.0,73,38.4,68.0,358,Snow fall: Moderate,1,1,Snowy Conditions
6929,2021-04-24 10:55:00,40.607838,-74.0872,0,0,Driver Inattention/Distraction,4410699,19.7,6.0,0.0,0.0,0.0,0.0,3,26.7,49.3,232,Overcast,0,0,
6930,2021-04-25 09:37:00,40.737907,-73.877174,0,0,Unspecified,4411396,16.6,8.7,12.7,12.7,0.0,11.0,61,19.2,37.4,341,Rain: Light,0,0,
6931,2021-03-03 18:30:00,40.622726,-73.93934,0,0,Unspecified,4411809,10.5,-3.1,0.0,0.0,0.0,0.0,2,20.6,39.6,263,Partly cloudy,0,0,