,CRASH DATETIME,LATITUDE,LONGITUDE,NUMBER OF PERSONS INJURED,NUMBER OF PERSONS KILLED,CONTRIBUTING FACTOR VEHICLE 1,COLLISION_ID,temperature_2m_max,temperature_2m_min,precipitation_sum,rain_sum,snowfall_sum,precipitation_hours,weather_code,wind_speed_10m_max,wind_gusts_10m_max,wind_direction_10m_dominant,Weather Description,Severity_Score,Total_Affected_Persons,Weather_Category
6932,2021-04-07 19:59:00,40.6338,-73.8897,1,0,Unspecified,4411803,19.7,6.7,0.5,0.5,0.0,2.0,51,15.5,34.6,14,Drizzle: Light,1,1,
6933,2021-04-27 02:50:00,40.75898,-73.96244,1,0,Driver Inattention/Distraction,4411853,14.8,4.2,0.0,0.0,0.0,0.0,3,15.3,34.2,164,Overcast,1,1,
6934,2021-03-23 15:25:00,40.77006,-73.99078,0,0,Passing Too Closely,4411869,16.6,1.3,0.0,0.0,0.0,0.0,3,12.8,26.6,83,Overcast,0,0,
6935,2021-04-23 13:00:00,40.5846,-73.91603,1,0,Passing or Lane Usage Improper,4411827,15.5,2.0,0.0,0.0,0.0,0.0,3,28.7,57.2,273,Overcast,1,1,
6936,2021-04-18 20:30:00,40.776897,-73.97547,0,0,Following Too Closely,4411804,15.1,5.3,0.2,0.2,0.0,2.0,51,13.2,28.4,282,Drizzle: Light,0,0,
6937,2021-04-20 13:30:00,40.763897,-73.95323,0,0,Driver Inattention/Distraction,4411866,21.4,6.5,0.0,0.0,0.0,0.0,3,26.0,56.2,223,Overcast,0,0,
6938,2021-09-15 14:00:00,40.587303,-73.96036,1,0,Unspecified,4457709,29.6,20.7,0.3,0.3,0.0,3.0,51,21.6,40.7,192,Drizzle: Light,1,1,
6939,2021-09-17 08:05:00,40.703564,-73.76593,0,0,Backing Unsafely,4458080,23.6,20.1,1.0,1.0,0.0,7.0,51,20.3,38.9,59,Drizzle: Light,0,0,
6940,2021-04-25 02:40:00,40.643204,-73.90929,4,0,Failure to Yield Right-of-Way,4411821,16.6,8.7,12.7,12.7,0.0,11.0,61,19.2,37.4,341,Rain: Light,4,4,
6941,2021-09-14 20:24:00,40.813095,-73.90718,1,0,Failure to Yield Right-of-Way,4458409,26.0,19.0,0.2,0.2,0.0,1.0,51,18.0,35.6,138,Drizzle: Light,1,1,
6942,2021-09-18 20:15:00,40.8359271,-73.9029039,1,0,Unspecified,4458949,27.1,19.2,0.2,0.2,0.0,2.0,51,14.6,25.9,349,Drizzle: Light,1,1,
6943,2021-04-27 12:43:00,40.77139,-73.73489,1,0,Following Too Closely,4411122,14.8,4.2,0.0,0.0,0.0,0.0,3,15.3,34.2,164,Overcast,1,1,
6944,2021-04-27 10:45:00,40.84115,-73.942696,0,0,Passing Too Closely,4411264,14.8,4.2,0.0,0.0,0.0,0.0,3,15.3,34.2,164,Overcast,0,0,
6945,2021-04-27 06:50:00,40.583767,-73.95751,0,0,Unspecified,4411175,14.8,4.2,0.0,0.0,0.0,0.0,3,15.3,34.2,164,Overcast,0,0,
6946,2021-04-22 19:40:00,40.743664,-73.856064,1,0,Unspecified,4411737,7.9,1.3,0.0,0.0,0.0,0.0,3,34.0,64.4,289,Overcast,1,1,
6947,2021-04-27 00:30:00,40.744656,-73.94853,0,0,Backing Unsafely,4410816,14.8,4.2,0.0,0.0,0.0,0.0,3,15.3,34.2,164,Overcast,0,0,
6948,2021-04-27 22:16:00,40.754837,-73.88336,2,0,Driver Inattention/Distraction,4411153,14.8,4.2,0.0,0.0,0.0,0.0,3,15.3,34.2,164,Overcast,2,2,
6949,2021-04-27 02:00:00,40.88859,-73.86448,0,0,Driver Inattention/Distraction,4411360,14.8,4.2,0.0,0.0,0.0,0.0,3,15.3,34.2,164,Overcast,0,0,
6950,2021-04-27 15:00:00,40.661377,-73.91056,0,0,Other Vehicular,4411196,14.8,4.2,0.0,0.0,0.0,0.0,3,15.3,34.2,164,Overcast,0,0,
6951,2021-04-23 18:45:00,40.65461,-73.922,0,0,Unspecified,4411673,15.5,2.0,0.0,0.0,0.0,0.0,3,28.7,57.2,273,Overcast,0,0,
6952,2021-04-27 04:40:00,40.671154,-73.87815,0,0,Unspecified,4410899,14.8,4.2,0.0,0.0,0.0,0.0,3,15.3,34.2,164,Overcast,0,0,
6953,2021-04-27 22:10:00,40.84518,-73.91417,1,0,Unspecified,4411205,14.8,4.2,0.0,0.0,0.0,0.0,3,15.3,34.2,164,Overcast,1,1,
6954,2021-04-21 01:45:00,40.66552,-73.74467,0,0,Unspecified,4411616,18.2,3.7,3.7,3.7,0.0,3.0,63,29.9,59.0,256,Rain: Moderate,0,0,
6955,2021-09-17 02:20:00,40.876457,-73.86351,2,0,Unsafe Speed,4458771,23.6,20.1,1.0,1.0,0.0,7.0,51,20.3,38.9,59,Drizzle: Light,2,2,
6956,2021-04-27 16:07:00,40.59844,-73.95994,0,0,Driver Inattention/Distraction,4411104,14.8,4.2,0.0,0.0,0.0,0.0,3,15.3,34.2,164,Overcast,0,0,
6957,2021-04-27 22:46:00,40.83968,-73.929276,2,0,Following Too Closely,4411271,14.8,4.2,0.0,0.0,0.0,0.0,3,15.3,34.2,164,Overcast,2,2,
6958,2021-04-27 12:52:00,40.86341,-73.93001,0,0,Unsafe Lane Changing,4411292,14.8,4.2,0.0,0.0,0.0,0.0,3,15.3,34.2,164,Overcast,0,0,
6959,2021-04-27 20:52:00,40.66725,-73.88799,1,0,Unspecified,4411381,14.8,4.2,0.0,0.0,0.0,0.0,3,15.3,34.2,164,Overcast,1,1,
6960,2021-04-27 13:00:00,40.631706,-73.94649,0,0,Driver Inattention/Distraction,4411068,14.8,4.2,0.0,0.0,0.0,0.0,3,15.3,34.2,164,Overcast,0,0,
6961,2021-04-27 09:19:00,40.625103,-74.14877,0,0,Driver Inattention/Distraction,4411005,14.8,4.2,0.0,0.0,0.0,0.0,3,15.3,34.2,164,Overcast,0,0,
6962,2021-04-27 08:50:00,40.658443,-73.884125,0,0,Passing or Lane Usage Improper,4411047,14.8,4.2,0.0,0.0,0.0,0.0,3,15.3,34.2,164,Overcast,0,0,
6963,2021-04-27 06:45:00,40.712196,-73.88584,0,0,Failure to Yield Right-of-Way,4411008,14.8,4.2,0.0,0.0,0.0,0.0,3,15.3,34.2,164,Overcast,0,0,
6964,2021-04-27 00:00:00,40.8313,-73.84458,0,0,Driver Inexperience,4411097,14.8,4.2,0.0,0.0,0.0,0.0,3,15.3,34.2,164,Overcast,0,0,
6965,2021-04-27 02:10:00,40.74922,-73.75609,0,0,Alcohol Involvement,4410975,14.8,4.2,0.0,0.0,0.0,0.0,3,15.3,34.2,164,Overcast,0,0,
6966,2021-04-27 21:40:00,40.871273,-73.90249,1,0,Pedestrian/Bicyclist/Other Pedestrian Error/Confusion,4411435,14.8,4.2,0.0,0.0,0.0,0.0,3,15.3,34.2,164,Overcast,1,1,
6967,2021-04-27 15:47:00,40.777863,-73.95775,1,0,Passenger Distraction,4411188,14.8,4.2,0.0,0.0,0.0,0.0,3,15.3,34.2,164,Overcast,1,1,
6968,2021-04-27 19:31:00,40.766346,-73.98795,0,0,Unspecified,4411215,14.8,4.2,0.0,0.0,0.0,0.0,3,15.3,34.2,164,Overcast,0,0,
6969,2021-04-27 15:40:00,40.626842,-74.075745,0,0,Driver Inattention/Distraction,4411576,14.8,4.2,0.0,0.0,0.0,0.0,3,15.3,34.2,164,Overcast,0,0,
6970,2021-04-27 14:30:00,40.836296,-73.87369,0,0,Unspecified,4411298,14.8,4.2,0.0,0.0,0.0,0.0,3,15.3,34.2,164,Overcast,0,0,
6971,2021-04-27 13:30:00,40.716305,-73.98012,0,0,Unspecified,4411504,14.8,4.2,0.0,0.0,0.0,0.0,3,15.3,34.2,164,Overcast,0,0,
6972,2021-04-27 11:25:00,40.61392,-74.00049,1,0,Driver Inattention/Distraction,4410989,14.8,4.2,0.0,0.0,0.0,0.0,3,15.3,34.2,164,Overcast,1,1,
6973,2021-04-27 11:10:00,40.73772,-73.93352,0,0,Driver Inexperience,4411080,14.8,4.2,0.0,0.0,0.0,0.0,3,15.3,34.2,164,Overcast,0,0,
6974,2021-04-27 07:30:00,40.665565,-73.98932,1,0,Unspecified,4411161,14.8,4.2,0.0,0.0,0.0,0.0,3,15.3,34.2,164,Overcast,1,1,
6975,2021-04-27 23:55:00,40.65785,-73.91648,1,0,Alcohol Involvement,4411291,14.8,4.2,0.0,0.0,0.0,0.0,3,15.3,34.2,164,Overcast,1,1,
6976,2021-04-26 19:25:00,40.63814,-73.94532,0,0,Unspecified,4411717,13.7,3.7,0.0,0.0,0.0,0.0,2,27.3,52.6,311,Partly cloudy,0,0,
6977,2021-04-27 10:00:00,40.69732,-73.74102,0,0,Unspecified,4411107,14.8,4.2,0.0,0.0,0.0,0.0,3,15.3,34.2,164,Overcast,0,0,
6978,2021-04-27 19:20:00,40.72527,-73.816154,0,0,Unspecified,4411135,14.8,4.2,0.0,0.0,0.0,0.0,3,15.3,34.2,164,Overcast,0,0,
6979,2021-04-27 09:29:00,40.605556,-73.99369,0,0,Backing Unsafely,4411021,14.8,4.2,0.0,0.0,0.0,0.0,3,15.3,34.2,164,Overcast,0,0,
6980,2021-04-23 15:30:00,40.642735,-73.92247,0,0,Unspecified,4411672,15.5,2.0,0.0,0.0,0.0,0.0,3,28.7,57.2,273,Overcast,0,0,
6981,2021-04-27 06:50:00,40.741077,-73.98362,0,0,Driver Inattention/Distraction,4411334,14.8,4.2,0.0,0.0,0.0,0.0,3,15.3,34.2,164,Overcast,0,0,
6982,2021-04-27 17:00:00,40.676918,-73.85274,0,0,Other Vehicular,4411410,14.8,4.2,0.0,0.0,0.0,0.0,3,15.3,34.2,164,Overcast,0,0,
6983,2021-04-27 03:18:00,40.655144,-73.90415,1,0,Unspecified,4411644,14.8,4.2,0.0,0.0,0.0,0.0,3,15.3,34.2,164,Overcast,1,1,
6984,2021-04-27 14:30:00,40.733967,-73.87177,0,0,Unspecified,4411181,14.8,4.2,0.0,0.0,0.0,0.0,3,15.3,34.2,164,Overcast,0,0,
6985,2021-04-26 20:00:00,40.81052,-73.85447,0,0,Passing or Lane Usage Improper,4411753,13.7,3.7,0.0,0.0,0.0,0.0,2,27.3,52.6,311,Partly cloudy,0,0,
6986,2021-04-27 10:53:00,40.715523,-74.001236,0,0,Driver Inattention/Distraction,4411208,14.8,4.2,0.0,0.0,0.0,0.0,3,15.3,34.2,164,Overcast,0,0,
6987,2021-04-27 21:00:00,40.68629,-73.98527,0,0,Unspecified,4411147,14.8,4.2,0.0,0.0,0.0,0.0,3,15.3,34.2,164,Overcast,0,0,
6988,2021-04-27 14:34:00,40.57725,-74.10298,0,0,Turning Improperly,4411282,14.8,4.2,0.0,0.0,0.0,0.0,3,15.3,34.2,164,Overcast,0,0,
6989,2021-04-27 15:35:00,40.75503,-73.96698,0,0,Driver Inattention/Distraction,4411111,14.8,4.2,0.0,0.0,0.0,0.0,3,15.3,34.2,164,Overcast,0,0,
6990,2021-04-27 14:00:00,40.70519,-73.91478,0,0,Oversized Vehicle,4411232,14.8,4.2,0.0,0.0,0.0,0.0,3,15.3,34.2,164,Overcast,0,0,
6991,2021-04-27 19:40:00,40.633038,-73.90554,0,0,Driver Inattention/Distraction,4411157,14.8,4.2,0.0,0.0,0.0,0.0,3,15.3,34.2,164,Overcast,0,0,
6992,2021-04-27 16:34:00,40.816196,-73.896,1,0,Unspecified,4411233,14.8,4.2,0.0,0.0,0.0,0.0,3,15.3,34.2,164,Overcast,1,1,
6993,2021-04-27 14:25:00,40.70986,-73.96696,1,0,Driver Inexperience,4411197,14.8,4.2,0.0,0.0,0.0,0.0,3,15.3,34.2,164,Overcast,1,1,
6994,2021-04-24 14:23:00,40.63393,-73.948784,0,0,Alcohol Involvement,4411781,19.7,6.0,0.0,0.0,0.0,0.0,3,26.7,49.3,232,Overcast,0,0,
6995,2021-04-27 00:08:00,40.65085,-73.9733,1,0,Unsafe Lane Changing,4410828,14.8,4.2,0.0,0.0,0.0,0.0,3,15.3,34.2,164,Overcast,1,1,
6996,2021-04-27 10:15:00,40.752663,-73.746025,0,0,Driver Inattention/Distraction,4411128,14.8,4.2,0.0,0.0,0.0,0.0,3,15.3,34.2,164,Overcast,0,0,
6997,2021-03-12 18:50:00,40.64063,-73.98176,0,0,Unspecified,4411626,18.2,11.2,0.3,0.3,0.0,1.0,51,26.1,48.6,273,Drizzle: Light,0,0,
6998,2021-04-20 14:06:00,40.73597,-73.86747,0,0,Driver Inattention/Distraction,4411736,21.4,6.5,0.0,0.0,0.0,0.0,3,26.0,56.2,223,Overcast,0,0,
6999,2021-04-27 05:30:00,40.77603,-73.915245,0,0,Traffic Control Disregarded,4410916,14.8,4.2,0.0,0.0,0.0,0.0,3,15.3,34.2,164,Overcast,0,0,
7000,2021-04-27 14:15:00,40.707504,-73.92543,0,0,Passing Too Closely,4411198,14.8,4.2,0.0,0.0,0.0,0.0,3,15.3,34.2,164,Overcast,0,0,
7001,2021-04-27 11:45:00,40.787544,-73.82394,1,0,Failure to Yield Right-of-Way,4411149,14.8,4.2,0.0,0.0,0.0,0.0,3,15.3,34.2,164,Overcast,1,1,
7002,2021-09-17 15:00:00,40.804523,-73.91199,0,0,Unspecified,4458416,23.6,20.1,1.0,1.0,0.0,7.0,51,20.3,38.9,59,Drizzle: Light,0,0,
7003,2021-04-27 23:50:00,40.862152,-73.92993,0,0,Reaction to Uninvolved Vehicle,4411683,14.8,4.2,0.0,0.0,0.0,0.0,3,15.3,34.2,164,Overcast,0,0,
7004,2021-04-27 09:30:00,40.60223,-73.95609,0,0,Unspecified,4411176,14.8,4.2,0.0,0.0,0.0,0.0,3,15.3,34.2,164,Overcast,0,0,
7005,2021-04-27 06:19:00,40.711056,-73.90997,0,0,Turning Improperly,4411019,14.8,4.2,0.0,0.0,0.0,0.0,3,15.3,34.2,164,Overcast,0,0,
7006,2021-04-27 10:40:00,40.6931,-73.95489,1,0,Failure to Yield Right-of-Way,4411048,14.8,4.2,0.0,0.0,0.0,0.0,3,15.3,34.2,164,Overcast,1,1,
7007,2021-04-27 18:16:00,40.605072,-73.92988,6,0,Accelerator Defective,4411315,14.8,4.2,0.0,0.0,0.0,0.0,3,15.3,34.2,164,Overcast,6,6,
7008,2021-04-27 14:00:00,40.76319,-73.80644,0,0,Reaction to Uninvolved Vehicle,4411123,14.8,4.2,0.0,0.0,0.0,0.0,3,15.3,34.2,164,Overcast,0,0,
7009,2021-04-27 14:50:00,40.716133,-73.8185,1,0,Driver Inattention/Distraction,4411520,14.8,4.2,0.0,0.0,0.0,0.0,3,15.3,34.2,164,Overcast,1,1,
7010,2021-04-27 09:55:00,40.74091,-73.726654,0,0,Passing or Lane Usage Improper,4410990,14.8,4.2,0.0,0.0,0.0,0.0,3,15.3,34.2,164,Overcast,0,0,
7011,2021-04-27 01:07:00,40.83608,-73.93996,1,0,Failure to Yield Right-of-Way,4411262,14.8,4.2,0.0,0.0,0.0,0.0,3,15.3,34.2,164,Overcast,1,1,
7012,2021-04-27 10:30:00,40.601086,-73.76816,0,0,Driver Inattention/Distraction,4411336,14.8,4.2,0.0,0.0,0.0,0.0,3,15.3,34.2,164,Overcast,0,0,
7013,2021-04-27 08:33:00,40.642044,-73.98124,0,0,Unspecified,4411041,14.8,4.2,0.0,0.0,0.0,0.0,3,15.3,34.2,164,Overcast,0,0,
7014,2021-04-25 14:50:00,40.88002,-73.84179,0,0,Following Too Closely,4411720,16.6,8.7,12.7,12.7,0.0,11.0,61,19.2,37.4,341,Rain: Light,0,0,
7015,2021-04-27 22:53:00,40.87356,-73.81853,0,0,Unspecified,4411588,14.8,4.2,0.0,0.0,0.0,0.0,3,15.3,34.2,164,Overcast,0,0,
7016,2021-04-27 15:35:00,40.68239,-73.84008,0,0,Driver Inattention/Distraction,4411168,14.8,4.2,0.0,0.0,0.0,0.0,3,15.3,34.2,164,Overcast,0,0,
7017,2021-04-27 08:00:00,40.681404,-73.85334,0,0,Failure to Yield Right-of-Way,4410938,14.8,4.2,0.0,0.0,0.0,0.0,3,15.3,34.2,164,Overcast,0,0,
7018,2021-04-27 15:20:00,40.814297,-73.95308,0,0,Unspecified,4411497,14.8,4.2,0.0,0.0,0.0,0.0,3,15.3,34.2,164,Overcast,0,0,
7019,2021-04-27 10:10:00,40.68378,-73.789734,0,0,Unspecified,4411098,14.8,4.2,0.0,0.0,0.0,0.0,3,15.3,34.2,164,Overcast,0,0,
7020,2021-04-27 09:20:00,40.86941,-73.84264,0,0,Driver Inexperience,4411359,14.8,4.2,0.0,0.0,0.0,0.0,3,15.3,34.2,164,Overcast,0,0,
7021,2021-04-27 11:24:00,40.84434,-73.91475,0,0,Unspecified,4411270,14.8,4.2,0.0,0.0,0.0,0.0,3,15.3,34.2,164,Overcast,0,0,
7022,2021-04-27 23:50:00,40.782547,-73.80285,0,0,Failure to Yield Right-of-Way,4411186,14.8,4.2,0.0,0.0,0.0,0.0,3,15.3,34.2,164,Overcast,0,0,
7023,2021-04-27 10:30:00,40.587307,-73.93938,0,0,Turning Improperly,4411850,14.8,4.2,0.0,0.0,0.0,0.0,3,15.3,34.2,164,Overcast,0,0,
7024,2021-04-27 14:40:00,40.634045,-74.123405,0,0,Unspecified,4411705,14.8,4.2,0.0,0.0,0.0,0.0,3,15.3,34.2,164,Overcast,0,0,
7025,2021-04-27 14:15:00,40.67602,-73.81613,0,0,Other Vehicular,4411133,14.8,4.2,0.0,0.0,0.0,0.0,3,15.3,34.2,164,Overcast,0,0,
7026,2021-04-27 02:50:00,40.655273,-74.0105,1,0,Failure to Yield Right-of-Way,4411522,14.8,4.2,0.0,0.0,0.0,0.0,3,15.3,34.2,164,Overcast,1,1,
7027,2021-04-25 18:01:00,40.6636,-73.91264,0,0,Unspecified,4411647,16.6,8.7,12.7,12.7,0.0,11.0,61,19.2,37.4,341,Rain: Light,0,0,
7028,2021-04-27 18:00:00,40.728092,-73.80883,0,0,Other Vehicular,4411166,14.8,4.2,0.0,0.0,0.0,0.0,3,15.3,34.2,164,Overcast,0,0,
7029,2021-04-27 18:00:00,40.703537,-73.895546,0,0,Unspecified,4411378,14.8,4.2,0.0,0.0,0.0,0.0,3,15.3,34.2,164,Overcast,0,0,
7030,2021-04-27 06:49:00,40.72293,-73.847336,0,0,Following Too Closely,4410972,14.8,4.2,0.0,0.0,0.0,0.0,3,15.3,34.2,164,Overcast,0,0,
7031,2021-04-27 12:45:00,40.856987,-73.90897,1,0,Driver Inattention/Distraction,4411227,14.8,4.2,0.0,0.0,0.0,0.0,3,15.3,34.2,164,Overcast,1,1,
7032,2021-04-27 10:20:00,40.829,-73.83642,0,0,Unspecified,4411067,14.8,4.2,0.0,0.0,0.0,0.0,3,15.3,34.2,164,Overcast,0,0,
7033,2021-04-27 20:20:00,40.6952,-73.92844,0,0,Fell Asleep,4411234,14.8,4.2,0.0,0.0,0.0,0.0,3,15.3,34.2,164,Overcast,0,0,
7034,2021-04-27 13:00:00,40.76217,-73.7568,1,0,Driver Inattention/Distraction,4411127,14.8,4.2,0.0,0.0,0.0,0.0,3,15.3,34.2,164,Overcast,1,1,
7035,2021-04-27 22:18:00,40.67599,-73.97941,0,0,Driver Inattention/Distraction,4411223,14.8,4.2,0.0,0.0,0.0,0.0,3,15.3,34.2,164,Overcast,0,0,
7036,2021-04-27 08:00:00,40.707962,-73.82815,0,0,Passing Too Closely,4411751,14.8,4.2,0.0,0.0,0.0,0.0,3,15.3,34.2,164,Overcast,0,0,
7037,2021-04-27 09:00:00,40.744556,-73.870834,0,0,Driver Inattention/Distraction,4411180,14.8,4.2,0.0,0.0,0.0,0.0,3,15.3,34.2,164,Overcast,0,0,
7038,2021-04-27 03:02:00,40.63844,-74.036766,1,0,Unsafe Speed,4410847,14.8,4.2,0.0,0.0,0.0,0.0,3,15.3,34.2,164,Overcast,1,1,
7039,2021-09-17 01:45:00,40.754185,-73.99422,0,0,Driver Inattention/Distraction,4458511,23.6,20.1,1.0,1.0,0.0,7.0,51,20.3,38.9,59,Drizzle: Light,0,0,
7040,2021-04-27 20:40:00,40.60638,-73.754715,1,0,Turning Improperly,4411337,14.8,4.2,0.0,0.0,0.0,0.0,3,15.3,34.2,164,Overcast,1,1,
7041,2021-04-27 13:10:00,40.71572,-73.825745,0,0,Driver Inattention/Distraction,4411035,14.8,4.2,0.0,0.0,0.0,0.0,3,15.3,34.2,164,Overcast,0,0,
7042,2021-04-27 08:25:00,40.684013,-73.87433,0,0,Unspecified,4411044,14.8,4.2,0.0,0.0,0.0,0.0,3,15.3,34.2,164,Overcast,0,0,
7043,2021-04-27 14:06:00,40.59415,-74.086586,1,0,Unspecified,4411283,14.8,4.2,0.0,0.0,0.0,0.0,3,15.3,34.2,164,Overcast,1,1,
7044,2021-04-27 15:00:00,40.72089,-73.99576,0,0,Driver Inattention/Distraction,4411074,14.8,4.2,0.0,0.0,0.0,0.0,3,15.3,34.2,164,Overcast,0,0,
7045,2021-04-27 14:56:00,40.86241,-73.9225,0,0,Passing or Lane Usage Improper,4411319,14.8,4.2,0.0,0.0,0.0,0.0,3,15.3,34.2,164,Overcast,0,0,
7046,2021-04-13 22:00:00,40.74487,-73.87629,1,0,Failure to Yield Right-of-Way,4411786,18.3,5.8,4.5,4.5,0.0,5.0,61,14.5,28.1,17,Rain: Light,1,1,
7047,2021-04-27 07:13:00,40.6434,-73.91546,0,0,Unspecified,4411115,14.8,4.2,0.0,0.0,0.0,0.0,3,15.3,34.2,164,Overcast,0,0,
7048,2021-04-27 23:00:00,40.6935,-73.791695,2,0,Traffic Control Disregarded,4411420,14.8,4.2,0.0,0.0,0.0,0.0,3,15.3,34.2,164,Overcast,2,2,
7049,2021-04-27 01:52:00,40.844105,-73.898,0,0,Driver Inattention/Distraction,4410980,14.8,4.2,0.0,0.0,0.0,0.0,3,15.3,34.2,164,Overcast,0,0,
7050,2021-04-27 14:30:00,40.57862,-74.10168,0,0,Unspecified,4411284,14.8,4.2,0.0,0.0,0.0,0.0,3,15.3,34.2,164,Overcast,0,0,
7051,2021-04-27 16:22:00,40.651974,-73.86542,0,0,Unspecified,4411384,14.8,4.2,0.0,0.0,0.0,0.0,3,15.3,34.2,164,Overcast,0,0,
7052,2021-04-27 16:26:00,40.804886,-73.96248,2,0,Unsafe Speed,4411519,14.8,4.2,0.0,0.0,0.0,0.0,3,15.3,34.2,164,Overcast,2,2,
7053,2021-04-27 00:38:00,40.648354,-73.91001,0,0,Unspecified,4411000,14.8,4.2,0.0,0.0,0.0,0.0,3,15.3,34.2,164,Overcast,0,0,
7054,2021-04-27 13:00:00,40.583725,-73.89372,0,0,Unspecified,4411073,14.8,4.2,0.0,0.0,0.0,0.0,3,15.3,34.2,164,Overcast,0,0,
7055,2021-04-27 12:55:00,40.65965,-73.773834,0,0,Unspecified,4411109,14.8,4.2,0.0,0.0,0.0,0.0,3,15.3,34.2,164,Overcast,0,0,
7056,2021-04-27 09:55:00,40.678925,-74.01106,0,0,Passing or Lane Usage Improper,4411202,14.8,4.2,0.0,0.0,0.0,0.0,3,15.3,34.2,164,Overcast,0,0,
7057,2021-04-24 10:00:00,40.60358,-73.744675,0,0,Unspecified,4411619,19.7,6.0,0.0,0.0,0.0,0.0,3,26.7,49.3,232,Overcast,0,0,
7058,2021-04-21 05:10:00,40.708965,-73.95673,0,0,Pavement Defective,4411862,18.2,3.7,3.7,3.7,0.0,3.0,63,29.9,59.0,256,Rain: Moderate,0,0,
7059,2021-04-27 11:30:00,40.716133,-73.8185,0,0,Unsafe Speed,4411012,14.8,4.2,0.0,0.0,0.0,0.0,3,15.3,34.2,164,Overcast,0,0,
7060,2021-04-27 14:07:00,40.74922,-73.75609,0,0,Backing Unsafely,4411124,14.8,4.2,0.0,0.0,0.0,0.0,3,15.3,34.2,164,Overcast,0,0,
7061,2021-04-27 09:55:00,40.853935,-73.892456,0,0,Backing Unsafely,4410971,14.8,4.2,0.0,0.0,0.0,0.0,3,15.3,34.2,164,Overcast,0,0,
7062,2021-04-27 14:50:00,40.70247,-73.7568,1,0,Failure to Yield Right-of-Way,4411100,14.8,4.2,0.0,0.0,0.0,0.0,3,15.3,34.2,164,Overcast,1,1,
7063,2021-04-27 17:35:00,40.854115,-73.89091,1,0,Backing Unsafely,4411276,14.8,4.2,0.0,0.0,0.0,0.0,3,15.3,34.2,164,Overcast,1,1,
7064,2021-04-26 07:30:00,40.66408,-73.94817,0,0,Driver Inexperience,4411742,13.7,3.7,0.0,0.0,0.0,0.0,2,27.3,52.6,311,Partly cloudy,0,0,
7065,2021-04-27 16:46:00,40.693348,-73.79976,0,0,Alcohol Involvement,4411424,14.8,4.2,0.0,0.0,0.0,0.0,3,15.3,34.2,164,Overcast,0,0,
7066,2021-09-15 15:40:00,40.612293,-74.03412,0,0,Unspecified,4457854,29.6,20.7,0.3,0.3,0.0,3.0,51,21.6,40.7,192,Drizzle: Light,0,0,
7067,2021-04-27 20:21:00,40.616894,-73.93933,0,0,Passing or Lane Usage Improper,4411304,14.8,4.2,0.0,0.0,0.0,0.0,3,15.3,34.2,164,Overcast,0,0,
7068,2021-04-27 21:39:00,40.633396,-74.01383,0,0,Driver Inattention/Distraction,4411496,14.8,4.2,0.0,0.0,0.0,0.0,3,15.3,34.2,164,Overcast,0,0,
7069,2021-04-27 17:13:00,40.72143,-73.892746,1,0,Failure to Yield Right-of-Way,4411377,14.8,4.2,0.0,0.0,0.0,0.0,3,15.3,34.2,164,Overcast,1,1,
7070,2021-04-27 14:10:00,40.676647,-73.91647,0,0,Other Vehicular,4411194,14.8,4.2,0.0,0.0,0.0,0.0,3,15.3,34.2,164,Overcast,0,0,
7071,2021-04-24 11:25:00,40.689426,-73.94223,1,0,Unsafe Speed,4411682,19.7,6.0,0.0,0.0,0.0,0.0,3,26.7,49.3,232,Overcast,1,1,
7072,2021-04-27 09:49:00,40.70537,-73.775826,1,0,Driver Inattention/Distraction,4411143,14.8,4.2,0.0,0.0,0.0,0.0,3,15.3,34.2,164,Overcast,1,1,
7073,2021-04-26 09:30:00,40.88919,-73.83131,0,0,Unspecified,4411723,13.7,3.7,0.0,0.0,0.0,0.0,2,27.3,52.6,311,Partly cloudy,0,0,
7074,2021-04-27 14:59:00,40.770382,-73.792244,1,0,Failure to Yield Right-of-Way,4411131,14.8,4.2,0.0,0.0,0.0,0.0,3,15.3,34.2,164,Overcast,1,1,
7075,2021-04-27 08:40:00,40.58166,-74.10186,0,0,Backing Unsafely,4410917,14.8,4.2,0.0,0.0,0.0,0.0,3,15.3,34.2,164,Overcast,0,0,
7076,2021-04-24 23:40:00,40.776104,-73.97975,0,0,Alcohol Involvement,4411788,19.7,6.0,0.0,0.0,0.0,0.0,3,26.7,49.3,232,Overcast,0,0,
7077,2021-04-27 12:44:00,40.6646,-73.89502,0,0,Unspecified,4411049,14.8,4.2,0.0,0.0,0.0,0.0,3,15.3,34.2,164,Overcast,0,0,
7078,2021-04-27 22:40:00,40.66669,-73.81173,1,0,Following Too Closely,4411169,14.8,4.2,0.0,0.0,0.0,0.0,3,15.3,34.2,164,Overcast,1,1,
7079,2021-04-24 02:24:00,40.678375,-73.80509,0,0,Alcohol Involvement,4411631,19.7,6.0,0.0,0.0,0.0,0.0,3,26.7,49.3,232,Overcast,0,0,
7080,2021-04-27 14:55:00,40.60784,-73.961975,1,0,Unspecified,4411177,14.8,4.2,0.0,0.0,0.0,0.0,3,15.3,34.2,164,Overcast,1,1,
7081,2021-04-27 16:07:00,40.84103,-73.94463,0,0,Other Vehicular,4411266,14.8,4.2,0.0,0.0,0.0,0.0,3,15.3,34.2,164,Overcast,0,0,
7082,2021-04-27 20:17:00,40.83911,-73.90334,0,0,Passing or Lane Usage Improper,4411650,14.8,4.2,0.0,0.0,0.0,0.0,3,15.3,34.2,164,Overcast,0,0,
7083,2021-04-27 02:20:00,40.593765,-73.79624,0,0,Driver Inattention/Distraction,4411159,14.8,4.2,0.0,0.0,0.0,0.0,3,15.3,34.2,164,Overcast,0,0,
7084,2021-04-27 09:15:00,40.696033,-73.98453,0,0,Following Too Closely,4411118,14.8,4.2,0.0,0.0,0.0,0.0,3,15.3,34.2,164,Overcast,0,0,
7085,2021-04-27 16:25:00,40.710163,-73.90255,0,0,Passing Too Closely,4411772,14.8,4.2,0.0,0.0,0.0,0.0,3,15.3,34.2,164,Overcast,0,0,