,CRASH DATETIME,LATITUDE,LONGITUDE,NUMBER OF PERSONS INJURED,NUMBER OF PERSONS KILLED,CONTRIBUTING FACTOR VEHICLE 1,COLLISION_ID,temperature_2m_max,temperature_2m_min,precipitation_sum,rain_sum,snowfall_sum,precipitation_hours,weather_code,wind_speed_10m_max,wind_gusts_10m_max,wind_direction_10m_dominant,Weather Description,Severity_Score,Total_Affected_Persons,Weather_Category
7086,2021-04-25 02:21:00,40.720047,-73.95536,2,0,Traffic Control Disregarded,4411819,16.6,8.7,12.7,12.7,0.0,11.0,61,19.2,37.4,341,Rain: Light,2,2,
7087,2021-04-27 17:28:00,40.826088,-73.86121,0,0,Following Too Closely,4411295,14.8,4.2,0.0,0.0,0.0,0.0,3,15.3,34.2,164,Overcast,0,0,
7088,2021-04-27 08:14:00,40.67578,-74.0014,0,0,Unspecified,4411599,14.8,4.2,0.0,0.0,0.0,0.0,3,15.3,34.2,164,Overcast,0,0,
7089,2021-04-27 16:25:00,40.610523,-74.00806,2,0,Failure to Yield Right-of-Way,4411185,14.8,4.2,0.0,0.0,0.0,0.0,3,15.3,34.2,164,Overcast,2,2,
7090,2021-04-27 14:25:00,40.81899,-73.8867,0,0,Unspecified,4411228,14.8,4.2,0.0,0.0,0.0,0.0,3,15.3,34.2,164,Overcast,0,0,
7091,2021-04-26 16:30:00,40.610428,-74.11097,4,0,Passing or Lane Usage Improper,4411697,13.7,3.7,0.0,0.0,0.0,0.0,2,27.3,52.6,311,Partly cloudy,4,4,
7092,2021-04-27 14:45:00,40.667366,-73.92274,1,0,Driver Inattention/Distraction,4411235,14.8,4.2,0.0,0.0,0.0,0.0,3,15.3,34.2,164,Overcast,1,1,
7093,2021-04-15 21:20:00,40.754955,-73.85384,0,0,Unspecified,4411711,12.9,7.7,15.9,15.9,0.0,15.0,63,17.3,32.0,166,Rain: Moderate,0,0,
7094,2021-04-27 00:35:00,40.79548,-73.96191,0,0,Unsafe Lane Changing,4410891,14.8,4.2,0.0,0.0,0.0,0.0,3,15.3,34.2,164,Overcast,0,0,
7095,2021-04-27 17:00:00,40.712257,-73.90462,0,0,Passing or Lane Usage Improper,4411773,14.8,4.2,0.0,0.0,0.0,0.0,3,15.3,34.2,164,Overcast,0,0,
7096,2021-04-27 17:30:00,40.72828,-73.7604,2,0,Following Too Closely,4411137,14.8,4.2,0.0,0.0,0.0,0.0,3,15.3,34.2,164,Overcast,2,2,
7097,2021-04-27 12:07:00,40.700737,-73.99499,2,0,Following Too Closely,4411045,14.8,4.2,0.0,0.0,0.0,0.0,3,15.3,34.2,164,Overcast,2,2,
7098,2021-04-27 13:40:00,40.75325,-73.9123,0,0,Backing Unsafely,4411320,14.8,4.2,0.0,0.0,0.0,0.0,3,15.3,34.2,164,Overcast,0,0,
7099,2021-04-22 16:55:00,40.754505,-73.965706,1,0,,4411842,7.9,1.3,0.0,0.0,0.0,0.0,3,34.0,64.4,289,Overcast,1,1,
7100,2021-04-14 16:55:00,40.830025,-73.872765,1,0,Unspecified,4411641,19.7,5.4,0.0,0.0,0.0,0.0,3,20.8,39.6,227,Overcast,1,1,
7101,2021-04-27 10:40:00,40.70079,-73.9605,0,0,Driver Inattention/Distraction,4411193,14.8,4.2,0.0,0.0,0.0,0.0,3,15.3,34.2,164,Overcast,0,0,
7102,2021-04-27 20:34:00,40.75365,-73.88573,1,0,Unspecified,4411213,14.8,4.2,0.0,0.0,0.0,0.0,3,15.3,34.2,164,Overcast,1,1,
7103,2021-04-27 19:10:00,40.856155,-73.88357,0,0,Unsafe Speed,4411279,14.8,4.2,0.0,0.0,0.0,0.0,3,15.3,34.2,164,Overcast,0,0,
7104,2021-04-27 13:50:00,40.69314,-73.96969,0,0,Driver Inattention/Distraction,4411113,14.8,4.2,0.0,0.0,0.0,0.0,3,15.3,34.2,164,Overcast,0,0,
7105,2021-04-27 02:15:00,40.667313,-73.73926,0,0,Unspecified,4410982,14.8,4.2,0.0,0.0,0.0,0.0,3,15.3,34.2,164,Overcast,0,0,
7106,2021-04-27 15:09:00,40.8329,-73.93545,0,0,Accelerator Defective,4411286,14.8,4.2,0.0,0.0,0.0,0.0,3,15.3,34.2,164,Overcast,0,0,
7107,2021-04-27 20:45:00,40.744026,-73.92616,0,0,Driver Inattention/Distraction,4411165,14.8,4.2,0.0,0.0,0.0,0.0,3,15.3,34.2,164,Overcast,0,0,
7108,2021-04-27 07:30:00,40.833065,-73.85974,0,0,Oversized Vehicle,4411095,14.8,4.2,0.0,0.0,0.0,0.0,3,15.3,34.2,164,Overcast,0,0,
7109,2021-04-27 08:55:00,40.689857,-73.99842,0,0,Passing Too Closely,4411600,14.8,4.2,0.0,0.0,0.0,0.0,3,15.3,34.2,164,Overcast,0,0,
7110,2021-04-27 14:25:00,40.606846,-74.16443,0,0,Driver Inattention/Distraction,4411388,14.8,4.2,0.0,0.0,0.0,0.0,3,15.3,34.2,164,Overcast,0,0,
7111,2021-04-27 21:35:00,40.849308,-73.93192,1,0,Unspecified,4411427,14.8,4.2,0.0,0.0,0.0,0.0,3,15.3,34.2,164,Overcast,1,1,
7112,2021-04-27 08:43:00,40.845642,-73.89771,0,0,Driver Inattention/Distraction,4410978,14.8,4.2,0.0,0.0,0.0,0.0,3,15.3,34.2,164,Overcast,0,0,
7113,2021-04-27 19:00:00,40.672638,-73.97076,0,0,Unspecified,4411222,14.8,4.2,0.0,0.0,0.0,0.0,3,15.3,34.2,164,Overcast,0,0,
7114,2021-04-27 00:00:00,40.699024,-73.91623,0,0,Unspecified,4411027,14.8,4.2,0.0,0.0,0.0,0.0,3,15.3,34.2,164,Overcast,0,0,
7115,2021-04-27 19:50:00,40.752815,-73.930595,0,0,Driver Inattention/Distraction,4411294,14.8,4.2,0.0,0.0,0.0,0.0,3,15.3,34.2,164,Overcast,0,0,
7116,2021-04-27 02:32:00,40.845642,-73.90211,0,0,Driver Inexperience,4410944,14.8,4.2,0.0,0.0,0.0,0.0,3,15.3,34.2,164,Overcast,0,0,
7117,2021-04-27 10:00:00,40.763668,-73.82303,0,0,Unspecified,4411126,14.8,4.2,0.0,0.0,0.0,0.0,3,15.3,34.2,164,Overcast,0,0,
7118,2021-04-27 16:05:00,40.662205,-73.892265,0,0,Driver Inattention/Distraction,4411383,14.8,4.2,0.0,0.0,0.0,0.0,3,15.3,34.2,164,Overcast,0,0,
7119,2021-04-27 13:40:00,40.788532,-73.95322,0,0,Driver Inattention/Distraction,4411275,14.8,4.2,0.0,0.0,0.0,0.0,3,15.3,34.2,164,Overcast,0,0,
7120,2021-04-27 10:00:00,40.70605,-74.00746,0,0,Unspecified,4411069,14.8,4.2,0.0,0.0,0.0,0.0,3,15.3,34.2,164,Overcast,0,0,
7121,2021-04-12 21:35:00,40.786804,-73.98338,0,0,Unsafe Lane Changing,4411815,8.7,6.7,13.6,13.6,0.0,21.0,61,23.4,42.1,51,Rain: Light,0,0,
7122,2021-04-27 18:35:00,40.903763,-73.84325,0,0,Failure to Yield Right-of-Way,4411725,14.8,4.2,0.0,0.0,0.0,0.0,3,15.3,34.2,164,Overcast,0,0,
7123,2021-04-27 17:00:00,40.640774,-74.02917,0,0,Driver Inattention/Distraction,4411170,14.8,4.2,0.0,0.0,0.0,0.0,3,15.3,34.2,164,Overcast,0,0,
7124,2021-04-27 18:32:00,40.665707,-73.760956,0,0,Driver Inattention/Distraction,4411151,14.8,4.2,0.0,0.0,0.0,0.0,3,15.3,34.2,164,Overcast,0,0,
7125,2021-04-27 20:46:00,40.82403,-73.94476,1,0,Driver Inattention/Distraction,4411617,14.8,4.2,0.0,0.0,0.0,0.0,3,15.3,34.2,164,Overcast,1,1,
7126,2021-04-24 20:20:00,40.64213,-73.92936,0,0,Passenger Distraction,4411674,19.7,6.0,0.0,0.0,0.0,0.0,3,26.7,49.3,232,Overcast,0,0,
7127,2021-04-27 17:00:00,40.868282,-73.90107,0,0,Passing or Lane Usage Improper,4411179,14.8,4.2,0.0,0.0,0.0,0.0,3,15.3,34.2,164,Overcast,0,0,
7128,2021-04-27 09:17:00,40.697582,-73.94965,0,0,Driver Inattention/Distraction,4411054,14.8,4.2,0.0,0.0,0.0,0.0,3,15.3,34.2,164,Overcast,0,0,
7129,2021-04-27 01:57:00,40.7423,-73.781235,0,1,Alcohol Involvement,4411011,14.8,4.2,0.0,0.0,0.0,0.0,3,15.3,34.2,164,Overcast,20,1,
7130,2021-04-27 15:25:00,40.8407,-73.84544,1,0,Unspecified,4411855,14.8,4.2,0.0,0.0,0.0,0.0,3,15.3,34.2,164,Overcast,1,1,
7131,2021-04-27 10:58:00,40.635788,-73.9949,0,0,Unspecified,4411303,14.8,4.2,0.0,0.0,0.0,0.0,3,15.3,34.2,164,Overcast,0,0,
7132,2021-04-27 22:00:00,40.68714,-73.80801,0,0,Passing or Lane Usage Improper,4411487,14.8,4.2,0.0,0.0,0.0,0.0,3,15.3,34.2,164,Overcast,0,0,
7133,2021-04-27 21:06:00,40.677673,-73.76277,0,0,Reaction to Uninvolved Vehicle,4411195,14.8,4.2,0.0,0.0,0.0,0.0,3,15.3,34.2,164,Overcast,0,0,
7134,2021-04-27 17:59:00,40.823715,-73.81788,0,0,Unspecified,4411369,14.8,4.2,0.0,0.0,0.0,0.0,3,15.3,34.2,164,Overcast,0,0,
7135,2021-04-27 12:00:00,40.840755,-73.93629,0,0,Driver Inattention/Distraction,4411265,14.8,4.2,0.0,0.0,0.0,0.0,3,15.3,34.2,164,Overcast,0,0,
7136,2021-04-27 08:40:00,40.70347,-73.82947,0,0,Unspecified,4410930,14.8,4.2,0.0,0.0,0.0,0.0,3,15.3,34.2,164,Overcast,0,0,
7137,2021-04-27 16:17:00,40.77067,-73.7355,0,0,Driver Inattention/Distraction,4411129,14.8,4.2,0.0,0.0,0.0,0.0,3,15.3,34.2,164,Overcast,0,0,
7138,2021-04-27 12:45:00,40.855785,-73.90558,1,0,Other Vehicular,4411204,14.8,4.2,0.0,0.0,0.0,0.0,3,15.3,34.2,164,Overcast,1,1,
7139,2021-04-27 12:36:00,40.664333,-73.79119,1,0,Unspecified,4411108,14.8,4.2,0.0,0.0,0.0,0.0,3,15.3,34.2,164,Overcast,1,1,
7140,2021-09-16 21:00:00,40.670326,-73.79244,1,0,Driver Inattention/Distraction,4457960,23.9,19.1,4.0,4.0,0.0,10.0,55,18.8,37.8,38,Drizzle: Dense,1,1,
7141,2021-04-27 16:00:00,40.742943,-73.91685,0,0,Driver Inattention/Distraction,4411789,14.8,4.2,0.0,0.0,0.0,0.0,3,15.3,34.2,164,Overcast,0,0,
7142,2021-04-27 21:05:00,40.648067,-73.89784,1,0,Driver Inattention/Distraction,4411630,14.8,4.2,0.0,0.0,0.0,0.0,3,15.3,34.2,164,Overcast,1,1,
7143,2021-04-27 14:13:00,40.703163,-73.81662,2,0,Reaction to Uninvolved Vehicle,4411144,14.8,4.2,0.0,0.0,0.0,0.0,3,15.3,34.2,164,Overcast,2,2,
7144,2021-04-27 22:30:00,40.826813,-73.88982,0,0,Driver Inattention/Distraction,4411653,14.8,4.2,0.0,0.0,0.0,0.0,3,15.3,34.2,164,Overcast,0,0,
7145,2021-04-27 17:00:00,40.804382,-73.93954,1,0,Failure to Yield Right-of-Way,4411288,14.8,4.2,0.0,0.0,0.0,0.0,3,15.3,34.2,164,Overcast,1,1,
7146,2021-04-27 07:10:00,40.677208,-73.89723,1,0,Driver Inattention/Distraction,4411046,14.8,4.2,0.0,0.0,0.0,0.0,3,15.3,34.2,164,Overcast,1,1,
7147,2021-04-27 18:09:00,40.681805,-73.94987,0,0,Driver Inattention/Distraction,4411351,14.8,4.2,0.0,0.0,0.0,0.0,3,15.3,34.2,164,Overcast,0,0,
7148,2021-04-21 00:10:00,40.790623,-73.942444,1,0,Unsafe Speed,4411876,18.2,3.7,3.7,3.7,0.0,3.0,63,29.9,59.0,256,Rain: Moderate,1,1,
7149,2021-04-27 19:00:00,40.708324,-73.832375,0,0,Passing Too Closely,4411280,14.8,4.2,0.0,0.0,0.0,0.0,3,15.3,34.2,164,Overcast,0,0,
7150,2021-04-27 03:45:00,40.633564,-74.01595,0,0,Tire Failure/Inadequate,4411024,14.8,4.2,0.0,0.0,0.0,0.0,3,15.3,34.2,164,Overcast,0,0,
7151,2021-04-27 09:00:00,40.824158,-73.87462,0,0,Unspecified,4411096,14.8,4.2,0.0,0.0,0.0,0.0,3,15.3,34.2,164,Overcast,0,0,
7152,2021-04-27 00:27:00,40.744644,-73.77041,2,1,Unsafe Speed,4411518,14.8,4.2,0.0,0.0,0.0,0.0,3,15.3,34.2,164,Overcast,22,3,
7153,2021-04-27 21:50:00,40.738575,-73.845345,1,0,Following Too Closely,4411432,14.8,4.2,0.0,0.0,0.0,0.0,3,15.3,34.2,164,Overcast,1,1,
7154,2021-04-27 11:20:00,40.572502,-74.11358,0,0,Reaction to Uninvolved Vehicle,4410986,14.8,4.2,0.0,0.0,0.0,0.0,3,15.3,34.2,164,Overcast,0,0,
7155,2021-04-27 18:27:00,40.740814,-73.85532,1,0,Driver Inattention/Distraction,4411184,14.8,4.2,0.0,0.0,0.0,0.0,3,15.3,34.2,164,Overcast,1,1,
7156,2021-04-23 19:00:00,40.71901,-73.95019,1,0,Driver Inattention/Distraction,4411756,15.5,2.0,0.0,0.0,0.0,0.0,3,28.7,57.2,273,Overcast,1,1,
7157,2021-04-24 22:44:00,40.77178,-73.9792,1,0,Pedestrian/Bicyclist/Other Pedestrian Error/Confusion,4411774,19.7,6.0,0.0,0.0,0.0,0.0,3,26.7,49.3,232,Overcast,1,1,
7158,2021-04-27 00:00:00,40.652752,-73.88629,0,0,Unspecified,4410897,14.8,4.2,0.0,0.0,0.0,0.0,3,15.3,34.2,164,Overcast,0,0,
7159,2021-04-27 11:52:00,40.676636,-73.98514,0,0,Driver Inattention/Distraction,4411221,14.8,4.2,0.0,0.0,0.0,0.0,3,15.3,34.2,164,Overcast,0,0,
7160,2021-04-27 08:19:00,40.865093,-73.837,0,0,Unspecified,4411253,14.8,4.2,0.0,0.0,0.0,0.0,3,15.3,34.2,164,Overcast,0,0,
7161,2021-04-27 07:01:00,40.70978,-73.82043,1,0,Following Too Closely,4411136,14.8,4.2,0.0,0.0,0.0,0.0,3,15.3,34.2,164,Overcast,1,1,
7162,2021-04-27 22:05:00,40.822826,-73.91658,1,0,Unspecified,4411558,14.8,4.2,0.0,0.0,0.0,0.0,3,15.3,34.2,164,Overcast,1,1,
7163,2021-04-27 11:30:00,40.642445,-74.00592,0,0,Driver Inattention/Distraction,4411162,14.8,4.2,0.0,0.0,0.0,0.0,3,15.3,34.2,164,Overcast,0,0,
7164,2021-04-27 15:00:00,40.69614,-73.92726,0,0,Passing Too Closely,4411229,14.8,4.2,0.0,0.0,0.0,0.0,3,15.3,34.2,164,Overcast,0,0,
7165,2021-04-27 15:00:00,40.702442,-73.81687,0,0,Passing or Lane Usage Improper,4411082,14.8,4.2,0.0,0.0,0.0,0.0,3,15.3,34.2,164,Overcast,0,0,
7166,2021-04-27 08:44:00,40.850166,-73.93576,0,0,Passing Too Closely,4410976,14.8,4.2,0.0,0.0,0.0,0.0,3,15.3,34.2,164,Overcast,0,0,
7167,2021-04-27 16:34:00,40.756996,-73.90784,0,0,Outside Car Distraction,4411322,14.8,4.2,0.0,0.0,0.0,0.0,3,15.3,34.2,164,Overcast,0,0,
7168,2021-04-27 14:15:00,40.61294,-74.12478,1,0,Unspecified,4411603,14.8,4.2,0.0,0.0,0.0,0.0,3,15.3,34.2,164,Overcast,1,1,
7169,2021-04-27 10:35:00,40.756657,-73.8338,0,0,Backing Unsafely,4411121,14.8,4.2,0.0,0.0,0.0,0.0,3,15.3,34.2,164,Overcast,0,0,
7170,2021-04-27 00:00:00,40.68668,-73.97937,0,0,Unspecified,4411112,14.8,4.2,0.0,0.0,0.0,0.0,3,15.3,34.2,164,Overcast,0,0,
7171,2021-04-27 08:58:00,40.623257,-74.03114,0,0,Passing Too Closely,4411401,14.8,4.2,0.0,0.0,0.0,0.0,3,15.3,34.2,164,Overcast,0,0,
7172,2021-04-27 20:21:00,40.732277,-73.84927,0,0,Passenger Distraction,4411158,14.8,4.2,0.0,0.0,0.0,0.0,3,15.3,34.2,164,Overcast,0,0,
7173,2021-04-27 14:45:00,40.722324,-74.01178,1,0,,4411189,14.8,4.2,0.0,0.0,0.0,0.0,3,15.3,34.2,164,Overcast,1,1,
7174,2021-04-24 18:54:00,40.732845,-73.995926,1,0,Unspecified,4411830,19.7,6.0,0.0,0.0,0.0,0.0,3,26.7,49.3,232,Overcast,1,1,
7175,2021-04-27 14:14:00,40.625973,-73.97624,0,0,Unspecified,4411712,14.8,4.2,0.0,0.0,0.0,0.0,3,15.3,34.2,164,Overcast,0,0,
7176,2021-04-27 22:59:00,40.76942,-73.880295,0,0,Driver Inattention/Distraction,4411210,14.8,4.2,0.0,0.0,0.0,0.0,3,15.3,34.2,164,Overcast,0,0,
7177,2021-04-27 15:00:00,40.737682,-73.85206,0,0,Following Too Closely,4411145,14.8,4.2,0.0,0.0,0.0,0.0,3,15.3,34.2,164,Overcast,0,0,
7178,2021-04-25 22:30:00,40.8285,-73.93779,0,0,Other Vehicular,4411656,16.6,8.7,12.7,12.7,0.0,11.0,61,19.2,37.4,341,Rain: Light,0,0,
7179,2021-04-26 19:10:00,40.753113,-73.93371,0,0,Driver Inattention/Distraction,4411691,13.7,3.7,0.0,0.0,0.0,0.0,2,27.3,52.6,311,Partly cloudy,0,0,
7180,2021-04-19 18:00:00,40.888016,-73.86374,1,0,Failure to Yield Right-of-Way,4411728,16.9,5.0,0.0,0.0,0.0,0.0,3,14.7,31.0,214,Overcast,1,1,
7181,2021-04-27 11:45:00,40.72334,-73.952126,0,0,Unspecified,4411174,14.8,4.2,0.0,0.0,0.0,0.0,3,15.3,34.2,164,Overcast,0,0,
7182,2021-09-05 18:00:00,40.76161,-73.87983,0,0,Driver Inattention/Distraction,4459014,24.5,16.9,1.0,1.0,0.0,6.0,51,15.5,42.5,204,Drizzle: Light,0,0,
7183,2021-12-18 14:10:00,40.61834,-74.03018,0,0,Turning Improperly,4487432,6.3,4.5,3.8,3.8,0.0,9.0,61,12.3,24.5,35,Rain: Light,0,0,
7184,2021-09-15 22:45:00,40.681274,-73.81162,0,0,Reaction to Uninvolved Vehicle,4457690,29.6,20.7,0.3,0.3,0.0,3.0,51,21.6,40.7,192,Drizzle: Light,0,0,
7185,2021-09-12 07:00:00,40.74504,-73.7345,3,0,Driver Inattention/Distraction,4458582,28.8,18.3,0.0,0.0,0.0,0.0,3,24.3,46.8,233,Overcast,3,3,
7186,2021-09-14 10:45:00,40.77574,-73.77986,1,0,Failure to Yield Right-of-Way,4458079,26.0,19.0,0.2,0.2,0.0,1.0,51,18.0,35.6,138,Drizzle: Light,1,1,
7187,2021-09-15 08:41:00,40.58613,-73.95011,0,0,Unspecified,4457691,29.6,20.7,0.3,0.3,0.0,3.0,51,21.6,40.7,192,Drizzle: Light,0,0,
7188,2021-09-17 19:27:00,40.59403,-73.93779,2,0,Pavement Slippery,4458366,23.6,20.1,1.0,1.0,0.0,7.0,51,20.3,38.9,59,Drizzle: Light,2,2,
7189,2021-09-17 07:53:00,40.84962,-73.91938,0,0,Turning Improperly,4458094,23.6,20.1,1.0,1.0,0.0,7.0,51,20.3,38.9,59,Drizzle: Light,0,0,
7190,2021-09-16 00:15:00,40.62143,-74.02299,0,0,Turning Improperly,4457670,23.9,19.1,4.0,4.0,0.0,10.0,55,18.8,37.8,38,Drizzle: Dense,0,0,
7191,2021-09-15 08:34:00,40.864807,-73.91937,0,0,Driver Inattention/Distraction,4457899,29.6,20.7,0.3,0.3,0.0,3.0,51,21.6,40.7,192,Drizzle: Light,0,0,
7192,2021-09-17 10:18:00,40.7017,-73.94353,0,0,Unspecified,4458111,23.6,20.1,1.0,1.0,0.0,7.0,51,20.3,38.9,59,Drizzle: Light,0,0,
7193,2021-09-15 00:15:00,40.69593,-73.96548,3,0,Other Vehicular,4457291,29.6,20.7,0.3,0.3,0.0,3.0,51,21.6,40.7,192,Drizzle: Light,3,3,
7194,2021-09-16 16:15:00,40.678154,-73.94416,0,0,Unspecified,4457927,23.9,19.1,4.0,4.0,0.0,10.0,55,18.8,37.8,38,Drizzle: Dense,0,0,
7195,2021-09-14 15:50:00,40.726574,-73.87365,0,0,Backing Unsafely,4458727,26.0,19.0,0.2,0.2,0.0,1.0,51,18.0,35.6,138,Drizzle: Light,0,0,
7196,2021-09-15 15:25:00,40.640823,-73.96531,1,0,Unspecified,4458190,29.6,20.7,0.3,0.3,0.0,3.0,51,21.6,40.7,192,Drizzle: Light,1,1,
7197,2021-09-17 09:52:00,40.703163,-73.81662,1,0,Fell Asleep,4458210,23.6,20.1,1.0,1.0,0.0,7.0,51,20.3,38.9,59,Drizzle: Light,1,1,
7198,2021-09-16 14:00:00,40.734314,-73.93803,0,0,Driver Inattention/Distraction,4457986,23.9,19.1,4.0,4.0,0.0,10.0,55,18.8,37.8,38,Drizzle: Dense,0,0,
7199,2021-09-15 17:48:00,0.0,0.0,1,0,Following Too Closely,4457603,29.6,20.7,0.3,0.3,0.0,3.0,51,21.6,40.7,192,Drizzle: Light,1,1,
7200,2021-09-15 07:50:00,40.741127,-73.97503,1,0,Backing Unsafely,4457827,29.6,20.7,0.3,0.3,0.0,3.0,51,21.6,40.7,192,Drizzle: Light,1,1,
7201,2021-09-16 21:30:00,40.657665,-74.00093,1,0,Pedestrian/Bicyclist/Other Pedestrian Error/Confusion,4457981,23.9,19.1,4.0,4.0,0.0,10.0,55,18.8,37.8,38,Drizzle: Dense,1,1,
7202,2021-09-16 18:31:00,40.68704,-73.780525,0,0,Following Too Closely,4457959,23.9,19.1,4.0,4.0,0.0,10.0,55,18.8,37.8,38,Drizzle: Dense,0,0,
7203,2021-09-17 03:42:00,40.678226,-73.75236,0,0,Unspecified,4458135,23.6,20.1,1.0,1.0,0.0,7.0,51,20.3,38.9,59,Drizzle: Light,0,0,
7204,2021-09-15 05:00:00,40.76565,-73.837425,0,0,Backing Unsafely,4457335,29.6,20.7,0.3,0.3,0.0,3.0,51,21.6,40.7,192,Drizzle: Light,0,0,
7205,2021-09-17 06:50:00,40.596928,-73.97363,0,0,Outside Car Distraction,4458918,23.6,20.1,1.0,1.0,0.0,7.0,51,20.3,38.9,59,Drizzle: Light,0,0,
7206,2021-09-16 03:30:00,40.699738,-73.98212,0,0,Driver Inexperience,4457907,23.9,19.1,4.0,4.0,0.0,10.0,55,18.8,37.8,38,Drizzle: Dense,0,0,
7207,2021-09-15 14:52:00,40.832645,-73.85122,0,0,Unspecified,4457578,29.6,20.7,0.3,0.3,0.0,3.0,51,21.6,40.7,192,Drizzle: Light,0,0,
7208,2021-08-18 20:10:00,40.830902,-73.84765,1,0,Unspecified,4458063,27.0,21.1,1.5,1.5,0.0,5.0,53,24.7,46.8,150,Drizzle: Moderate,1,1,
7209,2021-09-15 23:40:00,40.686775,-73.73135,0,0,Unspecified,4457671,29.6,20.7,0.3,0.3,0.0,3.0,51,21.6,40.7,192,Drizzle: Light,0,0,
7210,2021-09-12 14:00:00,40.70678,-73.85472,0,0,Unspecified,4458195,28.8,18.3,0.0,0.0,0.0,0.0,3,24.3,46.8,233,Overcast,0,0,
7211,2021-09-17 10:30:00,40.69552,-73.86456,0,0,Unsafe Speed,4458122,23.6,20.1,1.0,1.0,0.0,7.0,51,20.3,38.9,59,Drizzle: Light,0,0,
7212,2021-09-16 13:47:00,40.707535,-73.80268,0,0,Driver Inattention/Distraction,4458394,23.9,19.1,4.0,4.0,0.0,10.0,55,18.8,37.8,38,Drizzle: Dense,0,0,
7213,2021-09-16 12:14:00,40.668186,-73.74111,0,0,Unspecified,4457934,23.9,19.1,4.0,4.0,0.0,10.0,55,18.8,37.8,38,Drizzle: Dense,0,0,
7214,2021-09-16 15:57:00,40.510815,-74.24199,0,0,Driver Inattention/Distraction,4458368,23.9,19.1,4.0,4.0,0.0,10.0,55,18.8,37.8,38,Drizzle: Dense,0,0,
7215,2021-09-16 04:10:00,40.81175,-73.93144,1,0,Unsafe Speed,4458229,23.9,19.1,4.0,4.0,0.0,10.0,55,18.8,37.8,38,Drizzle: Dense,1,1,
7216,2021-09-15 17:35:00,40.617294,-74.08048,0,0,Unspecified,4458611,29.6,20.7,0.3,0.3,0.0,3.0,51,21.6,40.7,192,Drizzle: Light,0,0,
7217,2021-09-15 22:00:00,40.86066,-73.88945,0,0,Driver Inattention/Distraction,4458924,29.6,20.7,0.3,0.3,0.0,3.0,51,21.6,40.7,192,Drizzle: Light,0,0,
7218,2021-09-15 14:00:00,40.646145,-73.90344,1,0,Unspecified,4457617,29.6,20.7,0.3,0.3,0.0,3.0,51,21.6,40.7,192,Drizzle: Light,1,1,
7219,2021-09-15 13:24:00,40.71604,-74.010414,0,0,Unspecified,4457816,29.6,20.7,0.3,0.3,0.0,3.0,51,21.6,40.7,192,Drizzle: Light,0,0,
7220,2021-09-16 22:16:00,40.718018,-73.99996,1,0,Driver Inattention/Distraction,4458560,23.9,19.1,4.0,4.0,0.0,10.0,55,18.8,37.8,38,Drizzle: Dense,1,1,
7221,2021-09-17 16:50:00,40.61156,-73.98382,0,0,Driver Inattention/Distraction,4458650,23.6,20.1,1.0,1.0,0.0,7.0,51,20.3,38.9,59,Drizzle: Light,0,0,
7222,2021-08-20 17:54:00,40.827232,-73.84365,1,0,Failure to Yield Right-of-Way,4458064,26.9,22.0,1.1,1.1,0.0,5.0,53,12.4,22.0,310,Drizzle: Moderate,1,1,
7223,2021-09-17 05:40:00,40.592815,-73.90808,0,0,Passing or Lane Usage Improper,4458049,23.6,20.1,1.0,1.0,0.0,7.0,51,20.3,38.9,59,Drizzle: Light,0,0,
7224,2021-09-16 05:41:00,40.715176,-73.951965,0,0,Passing or Lane Usage Improper,4458217,23.9,19.1,4.0,4.0,0.0,10.0,55,18.8,37.8,38,Drizzle: Dense,0,0,
7225,2021-09-15 16:27:00,40.666718,-73.97769,0,0,Passing Too Closely,4457644,29.6,20.7,0.3,0.3,0.0,3.0,51,21.6,40.7,192,Drizzle: Light,0,0,
7226,2021-09-12 18:05:00,40.661137,-73.99006,0,0,Unspecified,4458470,28.8,18.3,0.0,0.0,0.0,0.0,3,24.3,46.8,233,Overcast,0,0,
7227,2021-09-17 07:35:00,40.612022,-74.070885,0,0,Unspecified,4458618,23.6,20.1,1.0,1.0,0.0,7.0,51,20.3,38.9,59,Drizzle: Light,0,0,
7228,2021-09-17 22:35:00,40.741547,-73.98958,1,0,Unspecified,4458864,23.6,20.1,1.0,1.0,0.0,7.0,51,20.3,38.9,59,Drizzle: Light,1,1,
7229,2021-05-10 04:30:00,40.845253,-73.90935,0,0,Driver Inattention/Distraction,4415022,14.9,8.3,3.3,3.3,0.0,7.0,55,18.8,58.3,339,Drizzle: Dense,0,0,
7230,2021-09-17 16:02:00,40.839867,-73.93692,2,0,Driver Inattention/Distraction,4458813,23.6,20.1,1.0,1.0,0.0,7.0,51,20.3,38.9,59,Drizzle: Light,2,2,
7231,2021-09-13 10:00:00,40.57515,-73.98558,0,0,Unspecified,4458535,28.8,21.8,1.1,1.1,0.0,2.0,53,20.1,36.7,277,Drizzle: Moderate,0,0,
7232,2021-09-14 17:33:00,40.683773,-73.91323,0,0,Failure to Yield Right-of-Way,4458681,26.0,19.0,0.2,0.2,0.0,1.0,51,18.0,35.6,138,Drizzle: Light,0,0,
7233,2021-09-14 10:20:00,40.71574,-74.00169,0,0,Passing Too Closely,4458587,26.0,19.0,0.2,0.2,0.0,1.0,51,18.0,35.6,138,Drizzle: Light,0,0,
7234,2021-09-10 17:48:00,40.81637,-73.83897,0,0,Following Too Closely,4459000,22.9,16.0,0.0,0.0,0.0,0.0,3,24.2,47.2,314,Overcast,0,0,
7235,2021-09-15 20:01:00,40.660156,-73.917534,1,0,Driver Inattention/Distraction,4457973,29.6,20.7,0.3,0.3,0.0,3.0,51,21.6,40.7,192,Drizzle: Light,1,1,
7236,2021-09-16 13:02:00,40.81676,-73.917465,1,0,Unspecified,4457921,23.9,19.1,4.0,4.0,0.0,10.0,55,18.8,37.8,38,Drizzle: Dense,1,1,