,CRASH DATETIME,LATITUDE,LONGITUDE,NUMBER OF PERSONS INJURED,NUMBER OF PERSONS KILLED,CONTRIBUTING FACTOR VEHICLE 1,COLLISION_ID,temperature_2m_max,temperature_2m_min,precipitation_sum,rain_sum,snowfall_sum,precipitation_hours,weather_code,wind_speed_10m_max,wind_gusts_10m_max,wind_direction_10m_dominant,Weather Description,Severity_Score,Total_Affected_Persons,Weather_Category
7237,2021-09-16 16:57:00,40.692314,-73.88268,1,0,Driver Inattention/Distraction,4458742,23.9,19.1,4.0,4.0,0.0,10.0,55,18.8,37.8,38,Drizzle: Dense,1,1,
7238,2021-09-16 22:10:00,40.707813,-73.91923,1,0,Traffic Control Disregarded,4458032,23.9,19.1,4.0,4.0,0.0,10.0,55,18.8,37.8,38,Drizzle: Dense,1,1,
7239,2021-09-15 11:30:00,40.680576,-73.87885,0,0,Unspecified,4457492,29.6,20.7,0.3,0.3,0.0,3.0,51,21.6,40.7,192,Drizzle: Light,0,0,
7240,2021-09-15 11:15:00,40.885178,-73.85746,0,0,Unspecified,4457517,29.6,20.7,0.3,0.3,0.0,3.0,51,21.6,40.7,192,Drizzle: Light,0,0,
7241,2021-08-27 09:04:00,40.60069,-74.010056,0,0,Traffic Control Disregarded,4458284,32.2,23.4,1.4,1.4,0.0,2.0,55,9.4,22.3,299,Drizzle: Dense,0,0,
7242,2021-09-15 13:17:00,40.844578,-73.902695,1,0,Failure to Yield Right-of-Way,4457732,29.6,20.7,0.3,0.3,0.0,3.0,51,21.6,40.7,192,Drizzle: Light,1,1,
7243,2021-09-17 18:40:00,40.618847,-73.92869,0,0,Driver Inattention/Distraction,4458244,23.6,20.1,1.0,1.0,0.0,7.0,51,20.3,38.9,59,Drizzle: Light,0,0,
7244,2021-09-16 00:45:00,40.884777,-73.85877,2,0,Unsafe Speed,4458075,23.9,19.1,4.0,4.0,0.0,10.0,55,18.8,37.8,38,Drizzle: Dense,2,2,
7245,2021-09-16 15:40:00,40.68553,-73.95656,1,0,Traffic Control Disregarded,4457964,23.9,19.1,4.0,4.0,0.0,10.0,55,18.8,37.8,38,Drizzle: Dense,1,1,
7246,2021-09-15 08:25:00,40.617104,-73.946075,1,0,Unspecified,4457598,29.6,20.7,0.3,0.3,0.0,3.0,51,21.6,40.7,192,Drizzle: Light,1,1,
7247,2021-09-15 09:30:00,40.895466,-73.87713,1,0,Unsafe Lane Changing,4458107,29.6,20.7,0.3,0.3,0.0,3.0,51,21.6,40.7,192,Drizzle: Light,1,1,
7248,2021-09-15 15:51:00,40.87829,-73.87006,0,0,Passing or Lane Usage Improper,4457801,29.6,20.7,0.3,0.3,0.0,3.0,51,21.6,40.7,192,Drizzle: Light,0,0,
7249,2021-09-14 22:05:00,40.655872,-73.9564,0,0,Passing Too Closely,4458090,26.0,19.0,0.2,0.2,0.0,1.0,51,18.0,35.6,138,Drizzle: Light,0,0,
7250,2021-09-17 11:45:00,40.862064,-73.89484,0,0,Turning Improperly,4458326,23.6,20.1,1.0,1.0,0.0,7.0,51,20.3,38.9,59,Drizzle: Light,0,0,
7251,2021-09-15 05:25:00,40.876072,-73.85414,0,0,Unsafe Speed,4458112,29.6,20.7,0.3,0.3,0.0,3.0,51,21.6,40.7,192,Drizzle: Light,0,0,
7252,2021-09-16 08:00:00,40.714745,-73.98261,1,0,Failure to Yield Right-of-Way,4457939,23.9,19.1,4.0,4.0,0.0,10.0,55,18.8,37.8,38,Drizzle: Dense,1,1,
7253,2021-09-07 14:11:00,40.610996,-74.176605,1,0,Driver Inattention/Distraction,4458603,25.9,15.2,0.0,0.0,0.0,0.0,1,12.5,25.6,259,Mainly clear,1,1,Sunny/Clear Conditions
7254,2021-09-15 07:00:00,40.623768,-74.01996,0,0,Following Too Closely,4457446,29.6,20.7,0.3,0.3,0.0,3.0,51,21.6,40.7,192,Drizzle: Light,0,0,
7255,2021-09-15 13:05:00,40.80565,-73.92062,0,0,Turning Improperly,4457696,29.6,20.7,0.3,0.3,0.0,3.0,51,21.6,40.7,192,Drizzle: Light,0,0,
7256,2021-09-15 17:46:00,40.79968,-73.95586,1,0,Driver Inattention/Distraction,4457743,29.6,20.7,0.3,0.3,0.0,3.0,51,21.6,40.7,192,Drizzle: Light,1,1,
7257,2021-09-10 14:30:00,40.635582,-73.99155,1,0,Following Too Closely,4458659,22.9,16.0,0.0,0.0,0.0,0.0,3,24.2,47.2,314,Overcast,1,1,
7258,2021-09-17 19:00:00,40.654793,-73.88999,0,0,Unspecified,4458497,23.6,20.1,1.0,1.0,0.0,7.0,51,20.3,38.9,59,Drizzle: Light,0,0,
7259,2021-09-15 12:06:00,40.767963,-73.91169,1,0,Passing or Lane Usage Improper,4457507,29.6,20.7,0.3,0.3,0.0,3.0,51,21.6,40.7,192,Drizzle: Light,1,1,
7260,2021-09-15 17:30:00,40.73749,-73.73861,1,0,Unspecified,4457630,29.6,20.7,0.3,0.3,0.0,3.0,51,21.6,40.7,192,Drizzle: Light,1,1,
7261,2021-09-15 18:01:00,40.688934,-73.73225,2,0,Unspecified,4458883,29.6,20.7,0.3,0.3,0.0,3.0,51,21.6,40.7,192,Drizzle: Light,2,2,
7262,2021-09-15 16:15:00,40.816574,-73.88908,0,0,Unspecified,4457877,29.6,20.7,0.3,0.3,0.0,3.0,51,21.6,40.7,192,Drizzle: Light,0,0,
7263,2021-09-09 14:49:00,40.70237,-73.89055,0,0,Passing or Lane Usage Improper,4458725,22.4,19.8,18.4,18.4,0.0,15.0,63,17.5,39.2,271,Rain: Moderate,0,0,
7264,2021-09-17 15:45:00,40.692844,-73.770805,1,0,Failure to Yield Right-of-Way,4458249,23.6,20.1,1.0,1.0,0.0,7.0,51,20.3,38.9,59,Drizzle: Light,1,1,
7265,2021-09-16 12:20:00,40.70163,-73.989685,0,0,Driver Inattention/Distraction,4458167,23.9,19.1,4.0,4.0,0.0,10.0,55,18.8,37.8,38,Drizzle: Dense,0,0,
7266,2021-09-16 08:01:00,40.753624,-73.96944,0,0,Driver Inattention/Distraction,4457912,23.9,19.1,4.0,4.0,0.0,10.0,55,18.8,37.8,38,Drizzle: Dense,0,0,
7267,2021-09-15 14:20:00,40.661312,-73.849106,1,0,Failure to Yield Right-of-Way,4457808,29.6,20.7,0.3,0.3,0.0,3.0,51,21.6,40.7,192,Drizzle: Light,1,1,
7268,2021-09-16 23:45:00,40.67677,-73.88949,1,0,Driver Inattention/Distraction,4458044,23.9,19.1,4.0,4.0,0.0,10.0,55,18.8,37.8,38,Drizzle: Dense,1,1,
7269,2021-09-15 12:30:00,40.698357,-73.99631,0,0,Backing Unsafely,4457588,29.6,20.7,0.3,0.3,0.0,3.0,51,21.6,40.7,192,Drizzle: Light,0,0,
7270,2021-09-14 15:10:00,40.58502,-74.14763,0,0,Driver Inattention/Distraction,4458318,26.0,19.0,0.2,0.2,0.0,1.0,51,18.0,35.6,138,Drizzle: Light,0,0,
7271,2021-09-16 13:10:00,40.877533,-73.86693,1,0,Unspecified,4458773,23.9,19.1,4.0,4.0,0.0,10.0,55,18.8,37.8,38,Drizzle: Dense,1,1,
7272,2021-09-10 11:38:00,40.70276,-73.856865,1,0,Unspecified,4458730,22.9,16.0,0.0,0.0,0.0,0.0,3,24.2,47.2,314,Overcast,1,1,
7273,2021-09-15 07:00:00,40.631203,-74.15809,0,0,Driver Inattention/Distraction,4458118,29.6,20.7,0.3,0.3,0.0,3.0,51,21.6,40.7,192,Drizzle: Light,0,0,
7274,2021-09-15 13:45:00,40.74498,-73.89325,0,0,Unspecified,4457638,29.6,20.7,0.3,0.3,0.0,3.0,51,21.6,40.7,192,Drizzle: Light,0,0,
7275,2021-09-15 08:03:00,40.77437,-73.963554,0,0,Driver Inattention/Distraction,4458010,29.6,20.7,0.3,0.3,0.0,3.0,51,21.6,40.7,192,Drizzle: Light,0,0,
7276,2021-09-14 15:40:00,40.74209,-73.984985,1,0,Driver Inattention/Distraction,4458373,26.0,19.0,0.2,0.2,0.0,1.0,51,18.0,35.6,138,Drizzle: Light,1,1,
7277,2021-09-16 12:30:00,40.708965,-73.95673,0,0,Unspecified,4458205,23.9,19.1,4.0,4.0,0.0,10.0,55,18.8,37.8,38,Drizzle: Dense,0,0,
7278,2021-12-08 21:15:00,40.717308,-73.73985,0,0,Unspecified,4487026,4.7,0.9,0.7,0.7,0.0,2.0,51,14.5,24.8,355,Drizzle: Light,0,0,
7279,2021-08-30 19:10:00,40.673996,-73.92785,1,0,Traffic Control Disregarded,4458689,28.7,21.7,3.9,3.9,0.0,7.0,63,14.7,33.8,231,Rain: Moderate,1,1,
7280,2021-09-16 11:41:00,40.675346,-73.92198,0,0,Unspecified,4458144,23.9,19.1,4.0,4.0,0.0,10.0,55,18.8,37.8,38,Drizzle: Dense,0,0,
7281,2021-09-17 16:00:00,40.738716,-73.78204,0,0,Passing Too Closely,4458176,23.6,20.1,1.0,1.0,0.0,7.0,51,20.3,38.9,59,Drizzle: Light,0,0,
7282,2021-09-17 08:50:00,40.622,-74.03461,0,0,Passing or Lane Usage Improper,4458234,23.6,20.1,1.0,1.0,0.0,7.0,51,20.3,38.9,59,Drizzle: Light,0,0,
7283,2021-09-17 15:56:00,40.64031,-73.90984,0,0,Traffic Control Disregarded,4458455,23.6,20.1,1.0,1.0,0.0,7.0,51,20.3,38.9,59,Drizzle: Light,0,0,
7284,2021-09-07 00:25:00,40.677353,-73.94424,0,0,Unspecified,4458711,25.9,15.2,0.0,0.0,0.0,0.0,1,12.5,25.6,259,Mainly clear,0,0,Sunny/Clear Conditions
7285,2021-09-16 00:03:00,40.6366,-74.0068,0,0,Unspecified,4458003,23.9,19.1,4.0,4.0,0.0,10.0,55,18.8,37.8,38,Drizzle: Dense,0,0,
7286,2021-09-16 12:45:00,40.677864,-73.99808,0,0,Following Too Closely,4457952,23.9,19.1,4.0,4.0,0.0,10.0,55,18.8,37.8,38,Drizzle: Dense,0,0,
7287,2021-09-16 12:34:00,40.67679,-73.91904,1,0,Driver Inattention/Distraction,4457864,23.9,19.1,4.0,4.0,0.0,10.0,55,18.8,37.8,38,Drizzle: Dense,1,1,
7288,2021-08-21 22:25:00,40.625175,-73.9614,1,0,,4458202,27.2,23.0,0.8,0.8,0.0,6.0,51,14.3,29.5,109,Drizzle: Light,1,1,
7289,2021-09-16 15:00:00,40.828114,-73.93107,0,0,Following Too Closely,4458530,23.9,19.1,4.0,4.0,0.0,10.0,55,18.8,37.8,38,Drizzle: Dense,0,0,
7290,2021-09-16 15:30:00,40.828297,-73.95087,1,0,Unspecified,4458261,23.9,19.1,4.0,4.0,0.0,10.0,55,18.8,37.8,38,Drizzle: Dense,1,1,
7291,2021-09-11 15:08:00,40.77132,-73.98589,1,0,Backing Unsafely,4458429,24.7,12.9,0.0,0.0,0.0,0.0,3,16.6,34.2,246,Overcast,1,1,
7292,2021-09-13 13:00:00,40.69599,-73.98322,0,0,Turning Improperly,4458768,28.8,21.8,1.1,1.1,0.0,2.0,53,20.1,36.7,277,Drizzle: Moderate,0,0,
7293,2021-09-16 20:10:00,40.707752,-73.94666,0,0,Passing Too Closely,4457994,23.9,19.1,4.0,4.0,0.0,10.0,55,18.8,37.8,38,Drizzle: Dense,0,0,
7294,2021-09-17 20:13:00,40.590065,-73.958664,0,0,Driver Inattention/Distraction,4458351,23.6,20.1,1.0,1.0,0.0,7.0,51,20.3,38.9,59,Drizzle: Light,0,0,
7295,2021-09-13 18:32:00,40.81361,-73.913345,0,0,Passing or Lane Usage Improper,4458977,28.8,21.8,1.1,1.1,0.0,2.0,53,20.1,36.7,277,Drizzle: Moderate,0,0,
7296,2021-09-16 00:00:00,40.833664,-73.902504,0,0,Pavement Defective,4457725,23.9,19.1,4.0,4.0,0.0,10.0,55,18.8,37.8,38,Drizzle: Dense,0,0,
7297,2021-09-16 17:55:00,40.757378,-73.92691,1,0,Traffic Control Disregarded,4458307,23.9,19.1,4.0,4.0,0.0,10.0,55,18.8,37.8,38,Drizzle: Dense,1,1,
7298,2021-09-17 14:30:00,40.67657,-73.9008,2,0,Driver Inattention/Distraction,4458488,23.6,20.1,1.0,1.0,0.0,7.0,51,20.3,38.9,59,Drizzle: Light,2,2,
7299,2021-09-15 13:55:00,40.768127,-73.87625,0,0,Driver Inattention/Distraction,4458086,29.6,20.7,0.3,0.3,0.0,3.0,51,21.6,40.7,192,Drizzle: Light,0,0,
7300,2021-09-15 08:45:00,40.702236,-73.92715,0,0,Passing Too Closely,4457369,29.6,20.7,0.3,0.3,0.0,3.0,51,21.6,40.7,192,Drizzle: Light,0,0,
7301,2021-09-15 08:25:00,40.79989,-73.93859,1,0,Unspecified,4457792,29.6,20.7,0.3,0.3,0.0,3.0,51,21.6,40.7,192,Drizzle: Light,1,1,
7302,2021-09-05 05:20:00,40.784878,-73.955894,0,0,Unspecified,4458071,24.5,16.9,1.0,1.0,0.0,6.0,51,15.5,42.5,204,Drizzle: Light,0,0,
7303,2021-09-15 10:14:00,40.698406,-73.80647,0,0,Following Too Closely,4457559,29.6,20.7,0.3,0.3,0.0,3.0,51,21.6,40.7,192,Drizzle: Light,0,0,
7304,2021-09-16 09:50:00,40.747303,-73.864975,0,0,Following Too Closely,4458039,23.9,19.1,4.0,4.0,0.0,10.0,55,18.8,37.8,38,Drizzle: Dense,0,0,
7305,2021-09-16 00:04:00,40.642605,-74.01981,1,0,Unspecified,4457753,23.9,19.1,4.0,4.0,0.0,10.0,55,18.8,37.8,38,Drizzle: Dense,1,1,
7306,2021-09-17 17:00:00,40.73807,-73.93756,2,0,Driver Inattention/Distraction,4458278,23.6,20.1,1.0,1.0,0.0,7.0,51,20.3,38.9,59,Drizzle: Light,2,2,
7307,2021-09-16 06:00:00,40.73518,-73.71835,1,0,Unspecified,4457700,23.9,19.1,4.0,4.0,0.0,10.0,55,18.8,37.8,38,Drizzle: Dense,1,1,
7308,2021-09-15 15:39:00,40.77209,-73.90965,1,0,Failure to Yield Right-of-Way,4458302,29.6,20.7,0.3,0.3,0.0,3.0,51,21.6,40.7,192,Drizzle: Light,1,1,
7309,2021-09-17 00:00:00,40.69278,-73.98895,0,0,Passing or Lane Usage Improper,4458595,23.6,20.1,1.0,1.0,0.0,7.0,51,20.3,38.9,59,Drizzle: Light,0,0,
7310,2021-09-14 15:00:00,40.8932,-73.85919,0,0,Driver Inattention/Distraction,4458103,26.0,19.0,0.2,0.2,0.0,1.0,51,18.0,35.6,138,Drizzle: Light,0,0,
7311,2021-09-14 18:46:00,40.6535,-73.91452,1,0,,4458182,26.0,19.0,0.2,0.2,0.0,1.0,51,18.0,35.6,138,Drizzle: Light,1,1,
7312,2021-09-13 07:00:00,40.691433,-73.89063,3,0,Driver Inexperience,4458736,28.8,21.8,1.1,1.1,0.0,2.0,53,20.1,36.7,277,Drizzle: Moderate,3,3,
7313,2021-09-15 17:00:00,40.700844,-73.76442,0,0,Backing Unsafely,4457658,29.6,20.7,0.3,0.3,0.0,3.0,51,21.6,40.7,192,Drizzle: Light,0,0,
7314,2021-09-15 01:24:00,40.7605,-73.95699,2,0,Other Vehicular,4458009,29.6,20.7,0.3,0.3,0.0,3.0,51,21.6,40.7,192,Drizzle: Light,2,2,
7315,2021-09-16 12:30:00,40.77194,-73.8465,0,0,Oversized Vehicle,4457917,23.9,19.1,4.0,4.0,0.0,10.0,55,18.8,37.8,38,Drizzle: Dense,0,0,
7316,2021-09-11 12:52:00,40.676292,-73.92484,1,0,Driver Inattention/Distraction,4458792,24.7,12.9,0.0,0.0,0.0,0.0,3,16.6,34.2,246,Overcast,1,1,
7317,2021-09-15 17:14:00,40.656162,-73.93087,0,0,Driver Inattention/Distraction,4458171,29.6,20.7,0.3,0.3,0.0,3.0,51,21.6,40.7,192,Drizzle: Light,0,0,
7318,2021-09-15 23:37:00,40.743214,-73.95135,1,0,Driver Inattention/Distraction,4457682,29.6,20.7,0.3,0.3,0.0,3.0,51,21.6,40.7,192,Drizzle: Light,1,1,
7319,2021-09-15 16:00:00,40.635563,-74.07725,0,0,Unspecified,4457866,29.6,20.7,0.3,0.3,0.0,3.0,51,21.6,40.7,192,Drizzle: Light,0,0,
7320,2021-09-16 23:29:00,40.845036,-73.935036,0,0,Driver Inattention/Distraction,4458022,23.9,19.1,4.0,4.0,0.0,10.0,55,18.8,37.8,38,Drizzle: Dense,0,0,
7321,2021-09-12 14:34:00,40.82474,-73.899536,1,0,Backing Unsafely,4458941,28.8,18.3,0.0,0.0,0.0,0.0,3,24.3,46.8,233,Overcast,1,1,
7322,2021-12-18 12:08:00,40.780506,-73.94425,1,0,Failure to Yield Right-of-Way,4487909,6.3,4.5,3.8,3.8,0.0,9.0,61,12.3,24.5,35,Rain: Light,1,1,
7323,2021-09-16 22:00:00,40.612392,-74.03274,0,0,Passing or Lane Usage Improper,4458237,23.9,19.1,4.0,4.0,0.0,10.0,55,18.8,37.8,38,Drizzle: Dense,0,0,
7324,2021-09-13 14:00:00,40.71997,-73.992905,2,0,Driver Inattention/Distraction,4458549,28.8,21.8,1.1,1.1,0.0,2.0,53,20.1,36.7,277,Drizzle: Moderate,2,2,
7325,2021-09-15 05:50:00,40.753998,-73.99775,0,0,Driver Inattention/Distraction,4457802,29.6,20.7,0.3,0.3,0.0,3.0,51,21.6,40.7,192,Drizzle: Light,0,0,
7326,2021-09-14 17:25:00,40.730316,-73.95288,0,0,Driver Inattention/Distraction,4458220,26.0,19.0,0.2,0.2,0.0,1.0,51,18.0,35.6,138,Drizzle: Light,0,0,
7327,2021-09-16 14:25:00,40.68866,-73.922905,0,0,Unspecified,4458828,23.9,19.1,4.0,4.0,0.0,10.0,55,18.8,37.8,38,Drizzle: Dense,0,0,
7328,2021-09-17 04:00:00,40.811584,-73.90868,0,0,Unspecified,4458408,23.6,20.1,1.0,1.0,0.0,7.0,51,20.3,38.9,59,Drizzle: Light,0,0,
7329,2021-09-17 14:17:00,40.750763,-73.97445,0,0,Following Too Closely,4458159,23.6,20.1,1.0,1.0,0.0,7.0,51,20.3,38.9,59,Drizzle: Light,0,0,
7330,2021-09-17 19:10:00,40.859306,-73.89885,0,0,Unsafe Speed,4458341,23.6,20.1,1.0,1.0,0.0,7.0,51,20.3,38.9,59,Drizzle: Light,0,0,
7331,2021-09-17 10:26:00,40.689445,-73.808716,1,0,Following Too Closely,4458209,23.6,20.1,1.0,1.0,0.0,7.0,51,20.3,38.9,59,Drizzle: Light,1,1,
7332,2021-09-17 22:27:00,40.86381,-73.864716,1,0,Driver Inattention/Distraction,4458334,23.6,20.1,1.0,1.0,0.0,7.0,51,20.3,38.9,59,Drizzle: Light,1,1,
7333,2021-09-15 22:10:00,40.639927,-73.94939,1,0,Unspecified,4458172,29.6,20.7,0.3,0.3,0.0,3.0,51,21.6,40.7,192,Drizzle: Light,1,1,
7334,2021-09-17 12:00:00,40.707962,-73.78323,0,0,Driver Inattention/Distraction,4458395,23.6,20.1,1.0,1.0,0.0,7.0,51,20.3,38.9,59,Drizzle: Light,0,0,
7335,2021-09-17 15:30:00,40.665726,-73.96425,2,0,Unspecified,4458230,23.6,20.1,1.0,1.0,0.0,7.0,51,20.3,38.9,59,Drizzle: Light,2,2,
7336,2021-09-15 18:30:00,40.65289,-73.866745,0,0,Failure to Yield Right-of-Way,4457835,29.6,20.7,0.3,0.3,0.0,3.0,51,21.6,40.7,192,Drizzle: Light,0,0,
7337,2021-09-15 15:27:00,40.7495,-73.94667,1,0,Driver Inattention/Distraction,4457636,29.6,20.7,0.3,0.3,0.0,3.0,51,21.6,40.7,192,Drizzle: Light,1,1,
7338,2021-09-05 00:01:00,40.75739,-73.91697,0,0,Passing or Lane Usage Improper,4458315,24.5,16.9,1.0,1.0,0.0,6.0,51,15.5,42.5,204,Drizzle: Light,0,0,
7339,2021-09-13 12:32:00,40.674313,-73.95009,0,0,Passing or Lane Usage Improper,4458705,28.8,21.8,1.1,1.1,0.0,2.0,53,20.1,36.7,277,Drizzle: Moderate,0,0,
7340,2021-09-16 11:00:00,40.879307,-73.859825,0,0,Unspecified,4458076,23.9,19.1,4.0,4.0,0.0,10.0,55,18.8,37.8,38,Drizzle: Dense,0,0,
7341,2021-09-17 11:52:00,40.692772,-73.92782,0,0,Failure to Yield Right-of-Way,4458347,23.6,20.1,1.0,1.0,0.0,7.0,51,20.3,38.9,59,Drizzle: Light,0,0,
7342,2021-09-07 15:00:00,40.701233,-73.99346,0,0,Driver Inattention/Distraction,4458439,25.9,15.2,0.0,0.0,0.0,0.0,1,12.5,25.6,259,Mainly clear,0,0,Sunny/Clear Conditions
7343,2021-09-15 11:00:00,40.708424,-73.95791,2,0,Following Too Closely,4458198,29.6,20.7,0.3,0.3,0.0,3.0,51,21.6,40.7,192,Drizzle: Light,2,2,
7344,2021-12-18 12:09:00,40.76635,-73.89093,1,0,Following Too Closely,4487371,6.3,4.5,3.8,3.8,0.0,9.0,61,12.3,24.5,35,Rain: Light,1,1,
7345,2021-09-17 17:50:00,40.60718,-73.94514,1,0,Failure to Yield Right-of-Way,4458357,23.6,20.1,1.0,1.0,0.0,7.0,51,20.3,38.9,59,Drizzle: Light,1,1,
7346,2021-09-16 20:34:00,40.80174,-73.96477,2,0,Following Too Closely,4458140,23.9,19.1,4.0,4.0,0.0,10.0,55,18.8,37.8,38,Drizzle: Dense,2,2,
7347,2021-09-16 06:55:00,40.752026,-73.86909,0,0,Driver Inattention/Distraction,4457760,23.9,19.1,4.0,4.0,0.0,10.0,55,18.8,37.8,38,Drizzle: Dense,0,0,
7348,2021-09-13 16:00:00,40.72369,-73.97604,1,0,Unspecified,4458868,28.8,21.8,1.1,1.1,0.0,2.0,53,20.1,36.7,277,Drizzle: Moderate,1,1,
7349,2021-09-17 15:42:00,40.645344,-73.87897,0,0,Unsafe Speed,4458482,23.6,20.1,1.0,1.0,0.0,7.0,51,20.3,38.9,59,Drizzle: Light,0,0,
7350,2021-09-15 06:10:00,40.698536,-73.91788,1,0,Unsafe Speed,4457393,29.6,20.7,0.3,0.3,0.0,3.0,51,21.6,40.7,192,Drizzle: Light,1,1,
7351,2021-09-15 13:48:00,40.6861,-73.96539,0,0,Unspecified,4457687,29.6,20.7,0.3,0.3,0.0,3.0,51,21.6,40.7,192,Drizzle: Light,0,0,
7352,2021-09-17 21:34:00,40.706863,-73.94021,0,0,Driver Inattention/Distraction,4458252,23.6,20.1,1.0,1.0,0.0,7.0,51,20.3,38.9,59,Drizzle: Light,0,0,
7353,2021-09-15 10:00:00,40.67267,-73.77738,0,0,Passing Too Closely,4457524,29.6,20.7,0.3,0.3,0.0,3.0,51,21.6,40.7,192,Drizzle: Light,0,0,
7354,2021-04-28 14:56:00,40.866047,-73.87207,0,0,Driver Inattention/Distraction,4411546,26.1,7.9,0.0,0.0,0.0,0.0,3,15.3,34.6,133,Overcast,0,0,
7355,2021-09-15 14:30:00,40.818085,-73.96048,2,0,Passing Too Closely,4458590,29.6,20.7,0.3,0.3,0.0,3.0,51,21.6,40.7,192,Drizzle: Light,2,2,
7356,2021-09-17 00:30:00,40.826275,-73.85971,2,0,Unspecified,4458054,23.6,20.1,1.0,1.0,0.0,7.0,51,20.3,38.9,59,Drizzle: Light,2,2,
7357,2021-09-15 18:34:00,40.7609,-73.81314,0,0,Unspecified,4458297,29.6,20.7,0.3,0.3,0.0,3.0,51,21.6,40.7,192,Drizzle: Light,0,0,
7358,2021-09-15 16:39:00,40.605675,-73.966965,1,0,Fell Asleep,4457693,29.6,20.7,0.3,0.3,0.0,3.0,51,21.6,40.7,192,Drizzle: Light,1,1,
7359,2021-09-15 17:20:00,40.749973,-73.80541,1,0,Failure to Yield Right-of-Way,4457602,29.6,20.7,0.3,0.3,0.0,3.0,51,21.6,40.7,192,Drizzle: Light,1,1,
7360,2021-09-15 18:20:00,40.712955,-73.9365,1,0,Passing or Lane Usage Improper,4457686,29.6,20.7,0.3,0.3,0.0,3.0,51,21.6,40.7,192,Drizzle: Light,1,1,
7361,2021-09-16 21:38:00,40.71328,-73.83311,0,0,Driver Inattention/Distraction,4458026,23.9,19.1,4.0,4.0,0.0,10.0,55,18.8,37.8,38,Drizzle: Dense,0,0,
7362,2021-09-15 20:54:00,40.733887,-74.0054,0,0,Unspecified,4457890,29.6,20.7,0.3,0.3,0.0,3.0,51,21.6,40.7,192,Drizzle: Light,0,0,
7363,2021-09-15 16:16:00,40.68114,-73.7812,1,0,Driver Inattention/Distraction,4457654,29.6,20.7,0.3,0.3,0.0,3.0,51,21.6,40.7,192,Drizzle: Light,1,1,
7364,2021-09-16 12:48:00,40.631092,-73.89835,1,0,Unspecified,4457902,23.9,19.1,4.0,4.0,0.0,10.0,55,18.8,37.8,38,Drizzle: Dense,1,1,
7365,2021-09-14 16:55:00,40.61653,-74.08699,0,0,Driver Inattention/Distraction,4458609,26.0,19.0,0.2,0.2,0.0,1.0,51,18.0,35.6,138,Drizzle: Light,0,0,
7366,2021-09-15 01:10:00,40.62938,-74.025665,0,0,Driver Inattention/Distraction,4457312,29.6,20.7,0.3,0.3,0.0,3.0,51,21.6,40.7,192,Drizzle: Light,0,0,
7367,2021-09-17 21:15:00,40.84636,-73.84463,1,0,Other Vehicular,4458330,23.6,20.1,1.0,1.0,0.0,7.0,51,20.3,38.9,59,Drizzle: Light,1,1,
7368,2021-09-16 23:45:00,40.752052,-73.85423,1,0,Driver Inattention/Distraction,4458043,23.9,19.1,4.0,4.0,0.0,10.0,55,18.8,37.8,38,Drizzle: Dense,1,1,
7369,2021-09-17 17:00:00,40.72339,-73.95628,0,0,Passing Too Closely,4458629,23.6,20.1,1.0,1.0,0.0,7.0,51,20.3,38.9,59,Drizzle: Light,0,0,
7370,2021-09-16 00:40:00,40.75511,-73.871895,1,0,Traffic Control Disregarded,4457822,23.9,19.1,4.0,4.0,0.0,10.0,55,18.8,37.8,38,Drizzle: Dense,1,1,
7371,2021-09-17 16:10:00,40.702675,-73.93396,2,0,Oversized Vehicle,4458191,23.6,20.1,1.0,1.0,0.0,7.0,51,20.3,38.9,59,Drizzle: Light,2,2,
7372,2021-09-16 23:50:00,40.62123,-73.93987,1,0,Passing or Lane Usage Improper,4457985,23.9,19.1,4.0,4.0,0.0,10.0,55,18.8,37.8,38,Drizzle: Dense,1,1,
7373,2021-09-17 14:00:00,40.767532,-73.953255,0,0,Failure to Yield Right-of-Way,4458919,23.6,20.1,1.0,1.0,0.0,7.0,51,20.3,38.9,59,Drizzle: Light,0,0,
7374,2021-09-17 11:35:00,40.715614,-73.94796,0,0,Driver Inattention/Distraction,4458224,23.6,20.1,1.0,1.0,0.0,7.0,51,20.3,38.9,59,Drizzle: Light,0,0,
7375,2021-09-16 16:30:00,40.86304,-73.89856,0,0,Backing Unsafely,4458564,23.9,19.1,4.0,4.0,0.0,10.0,55,18.8,37.8,38,Drizzle: Dense,0,0,
7376,2021-09-16 14:50:00,40.655956,-73.95996,0,0,Driver Inattention/Distraction,4458081,23.9,19.1,4.0,4.0,0.0,10.0,55,18.8,37.8,38,Drizzle: Dense,0,0,
7377,2023-01-14 13:33:00,40.679718,-74.01504,1,0,Driver Inattention/Distraction,4597751,2.8,-0.9,0.0,0.0,0.0,0.0,3,25.6,45.7,351,Overcast,1,1,
7378,2021-09-17 10:30:00,40.71465,-74.00994,0,0,Driver Inattention/Distraction,4458389,23.6,20.1,1.0,1.0,0.0,7.0,51,20.3,38.9,59,Drizzle: Light,0,0,
7379,2021-09-11 13:00:00,40.6982,-73.7688,0,0,Passing or Lane Usage Improper,4459004,24.7,12.9,0.0,0.0,0.0,0.0,3,16.6,34.2,246,Overcast,0,0,
7380,2021-09-13 15:05:00,40.71755,-73.99932,0,0,Failure to Yield Right-of-Way,4458573,28.8,21.8,1.1,1.1,0.0,2.0,53,20.1,36.7,277,Drizzle: Moderate,0,0,