,CRASH DATETIME,LATITUDE,LONGITUDE,NUMBER OF PERSONS INJURED,NUMBER OF PERSONS KILLED,CONTRIBUTING FACTOR VEHICLE 1,COLLISION_ID,temperature_2m_max,temperature_2m_min,precipitation_sum,rain_sum,snowfall_sum,precipitation_hours,weather_code,wind_speed_10m_max,wind_gusts_10m_max,wind_direction_10m_dominant,Weather Description,Severity_Score,Total_Affected_Persons,Weather_Category
7381,2021-09-16 21:00:00,40.633953,-74.085754,0,0,Unspecified,4458612,23.9,19.1,4.0,4.0,0.0,10.0,55,18.8,37.8,38,Drizzle: Dense,0,0,
7382,2021-09-17 20:36:00,40.68147,-73.99797,0,0,Unspecified,4458269,23.6,20.1,1.0,1.0,0.0,7.0,51,20.3,38.9,59,Drizzle: Light,0,0,
7383,2021-09-17 15:10:00,40.816914,-73.88631,0,0,Unspecified,4458370,23.6,20.1,1.0,1.0,0.0,7.0,51,20.3,38.9,59,Drizzle: Light,0,0,
7384,2021-09-15 00:00:00,40.6818,-73.88978,0,0,Passing or Lane Usage Improper,4458479,29.6,20.7,0.3,0.3,0.0,3.0,51,21.6,40.7,192,Drizzle: Light,0,0,
7385,2021-09-14 20:33:00,40.865353,-73.89494,0,0,Driver Inattention/Distraction,4458797,26.0,19.0,0.2,0.2,0.0,1.0,51,18.0,35.6,138,Drizzle: Light,0,0,
7386,2021-09-17 14:55:00,40.844116,-73.89857,1,0,Driver Inattention/Distraction,4458926,23.6,20.1,1.0,1.0,0.0,7.0,51,20.3,38.9,59,Drizzle: Light,1,1,
7387,2021-09-17 20:55:00,40.709743,-73.907745,0,0,Alcohol Involvement,4458851,23.6,20.1,1.0,1.0,0.0,7.0,51,20.3,38.9,59,Drizzle: Light,0,0,
7388,2021-09-16 20:14:00,40.697903,-73.9468,1,0,Traffic Control Disregarded,4457965,23.9,19.1,4.0,4.0,0.0,10.0,55,18.8,37.8,38,Drizzle: Dense,1,1,
7389,2021-09-13 03:30:00,40.84706,-73.84908,0,0,Passing Too Closely,4458095,28.8,21.8,1.1,1.1,0.0,2.0,53,20.1,36.7,277,Drizzle: Moderate,0,0,
7390,2021-09-15 19:30:00,40.58412,-73.98187,0,0,Turning Improperly,4458543,29.6,20.7,0.3,0.3,0.0,3.0,51,21.6,40.7,192,Drizzle: Light,0,0,
7391,2021-09-14 13:00:00,40.5794,-74.16949,1,0,Backing Unsafely,4458310,26.0,19.0,0.2,0.2,0.0,1.0,51,18.0,35.6,138,Drizzle: Light,1,1,
7392,2021-09-15 22:20:00,40.874584,-73.8502,0,0,Passing or Lane Usage Improper,4458108,29.6,20.7,0.3,0.3,0.0,3.0,51,21.6,40.7,192,Drizzle: Light,0,0,
7393,2021-09-17 12:15:00,40.70321,-73.94626,1,0,Illnes,4458196,23.6,20.1,1.0,1.0,0.0,7.0,51,20.3,38.9,59,Drizzle: Light,1,1,
7394,2021-09-17 07:00:00,40.67253,-73.798386,2,0,Failure to Yield Right-of-Way,4458113,23.6,20.1,1.0,1.0,0.0,7.0,51,20.3,38.9,59,Drizzle: Light,2,2,
7395,2021-09-15 15:26:00,40.693447,-73.917015,1,0,Driver Inattention/Distraction,4457746,29.6,20.7,0.3,0.3,0.0,3.0,51,21.6,40.7,192,Drizzle: Light,1,1,
7396,2021-09-15 12:00:00,40.74629,-73.93327,0,0,Failure to Yield Right-of-Way,4457508,29.6,20.7,0.3,0.3,0.0,3.0,51,21.6,40.7,192,Drizzle: Light,0,0,
7397,2021-09-16 15:00:00,40.76025,-73.96753,1,0,Turning Improperly,4457926,23.9,19.1,4.0,4.0,0.0,10.0,55,18.8,37.8,38,Drizzle: Dense,1,1,
7398,2021-09-17 01:40:00,40.693123,-73.8941,0,0,Passing Too Closely,4458735,23.6,20.1,1.0,1.0,0.0,7.0,51,20.3,38.9,59,Drizzle: Light,0,0,
7399,2021-09-15 18:30:00,40.770054,-73.914406,0,0,Driver Inattention/Distraction,4457734,29.6,20.7,0.3,0.3,0.0,3.0,51,21.6,40.7,192,Drizzle: Light,0,0,
7400,2021-09-15 07:00:00,40.59011,-73.97422,0,0,Driver Inattention/Distraction,4458534,29.6,20.7,0.3,0.3,0.0,3.0,51,21.6,40.7,192,Drizzle: Light,0,0,
7401,2021-09-15 14:42:00,40.692844,-73.99311,0,0,Passing or Lane Usage Improper,4457587,29.6,20.7,0.3,0.3,0.0,3.0,51,21.6,40.7,192,Drizzle: Light,0,0,
7402,2021-09-10 09:00:00,40.82682,-73.94154,0,0,Unspecified,4458256,22.9,16.0,0.0,0.0,0.0,0.0,3,24.2,47.2,314,Overcast,0,0,
7403,2021-09-15 21:00:00,40.58743,-74.16019,0,0,Unspecified,4457768,29.6,20.7,0.3,0.3,0.0,3.0,51,21.6,40.7,192,Drizzle: Light,0,0,
7404,2021-09-16 06:42:00,40.809563,-73.92923,0,0,Driver Inattention/Distraction,4458412,23.9,19.1,4.0,4.0,0.0,10.0,55,18.8,37.8,38,Drizzle: Dense,0,0,
7405,2021-09-16 16:35:00,40.698452,-73.92176,0,0,Driver Inattention/Distraction,4457963,23.9,19.1,4.0,4.0,0.0,10.0,55,18.8,37.8,38,Drizzle: Dense,0,0,
7406,2021-09-15 04:37:00,40.678116,-73.90787,0,0,Traffic Control Disregarded,4457427,29.6,20.7,0.3,0.3,0.0,3.0,51,21.6,40.7,192,Drizzle: Light,0,0,
7407,2021-09-15 15:13:00,40.669754,-73.98923,1,0,View Obstructed/Limited,4457714,29.6,20.7,0.3,0.3,0.0,3.0,51,21.6,40.7,192,Drizzle: Light,1,1,
7408,2021-09-17 09:00:00,40.700592,-73.85457,0,0,Unspecified,4458058,23.6,20.1,1.0,1.0,0.0,7.0,51,20.3,38.9,59,Drizzle: Light,0,0,
7409,2021-09-17 21:07:00,40.63747,-73.91918,1,0,Failure to Yield Right-of-Way,4458508,23.6,20.1,1.0,1.0,0.0,7.0,51,20.3,38.9,59,Drizzle: Light,1,1,
7410,2021-09-14 10:45:00,40.694813,-73.98328,0,0,Unspecified,4458289,26.0,19.0,0.2,0.2,0.0,1.0,51,18.0,35.6,138,Drizzle: Light,0,0,
7411,2021-09-17 17:50:00,40.672886,-73.99922,0,0,Unspecified,4458267,23.6,20.1,1.0,1.0,0.0,7.0,51,20.3,38.9,59,Drizzle: Light,0,0,
7412,2021-09-16 13:08:00,40.668373,-73.92264,0,0,Unspecified,4458668,23.9,19.1,4.0,4.0,0.0,10.0,55,18.8,37.8,38,Drizzle: Dense,0,0,
7413,2021-09-17 08:48:00,40.77005,-73.76129,0,0,Unspecified,4458245,23.6,20.1,1.0,1.0,0.0,7.0,51,20.3,38.9,59,Drizzle: Light,0,0,
7414,2021-09-17 23:00:00,40.68372,-73.92016,0,0,Driver Inattention/Distraction,4458838,23.6,20.1,1.0,1.0,0.0,7.0,51,20.3,38.9,59,Drizzle: Light,0,0,
7415,2021-09-16 00:08:00,40.626392,-74.13334,0,0,Passing or Lane Usage Improper,4457764,23.9,19.1,4.0,4.0,0.0,10.0,55,18.8,37.8,38,Drizzle: Dense,0,0,
7416,2021-09-15 08:40:00,40.869724,-73.838684,0,0,Unspecified,4458106,29.6,20.7,0.3,0.3,0.0,3.0,51,21.6,40.7,192,Drizzle: Light,0,0,
7417,2021-12-18 20:30:00,40.669945,-73.95219,1,0,Passing Too Closely,4487559,6.3,4.5,3.8,3.8,0.0,9.0,61,12.3,24.5,35,Rain: Light,1,1,
7418,2021-09-15 22:43:00,40.835808,-73.949455,0,0,Pavement Slippery,4457799,29.6,20.7,0.3,0.3,0.0,3.0,51,21.6,40.7,192,Drizzle: Light,0,0,
7419,2021-09-11 07:00:00,40.743195,-73.93673,0,0,Driverless/Runaway Vehicle,4458085,24.7,12.9,0.0,0.0,0.0,0.0,3,16.6,34.2,246,Overcast,0,0,
7420,2021-09-11 00:00:00,40.664574,-73.89527,1,0,Unspecified,4458505,24.7,12.9,0.0,0.0,0.0,0.0,3,16.6,34.2,246,Overcast,1,1,
7421,2021-09-15 08:30:00,40.833447,-73.887955,0,0,Driver Inattention/Distraction,4457456,29.6,20.7,0.3,0.3,0.0,3.0,51,21.6,40.7,192,Drizzle: Light,0,0,
7422,2021-09-15 00:00:00,40.765137,-73.81944,0,0,Passing or Lane Usage Improper,4457530,29.6,20.7,0.3,0.3,0.0,3.0,51,21.6,40.7,192,Drizzle: Light,0,0,
7423,2021-09-07 00:25:00,40.677048,-73.9387,0,0,Unsafe Speed,4458712,25.9,15.2,0.0,0.0,0.0,0.0,1,12.5,25.6,259,Mainly clear,0,0,Sunny/Clear Conditions
7424,2021-09-10 21:30:00,40.724827,-73.99459,0,0,Backing Unsafely,4458572,22.9,16.0,0.0,0.0,0.0,0.0,3,24.2,47.2,314,Overcast,0,0,
7425,2021-09-15 08:39:00,40.615562,-73.979645,2,0,Unsafe Lane Changing,4457953,29.6,20.7,0.3,0.3,0.0,3.0,51,21.6,40.7,192,Drizzle: Light,2,2,
7426,2021-09-16 18:10:00,40.827244,-73.92406,0,0,Passing or Lane Usage Improper,4458531,23.9,19.1,4.0,4.0,0.0,10.0,55,18.8,37.8,38,Drizzle: Dense,0,0,
7427,2021-09-13 17:18:00,40.877296,-73.85212,3,0,Driver Inattention/Distraction,4458769,28.8,21.8,1.1,1.1,0.0,2.0,53,20.1,36.7,277,Drizzle: Moderate,3,3,
7428,2021-09-13 20:25:00,40.675545,-73.91101,0,0,Following Too Closely,4458682,28.8,21.8,1.1,1.1,0.0,2.0,53,20.1,36.7,277,Drizzle: Moderate,0,0,
7429,2021-09-08 15:10:00,40.82309,-73.956345,0,0,Driver Inattention/Distraction,4458260,26.4,19.6,0.7,0.7,0.0,6.0,51,26.7,55.8,187,Drizzle: Light,0,0,
7430,2021-09-11 06:39:00,40.686863,-73.96448,0,0,Driver Inattention/Distraction,4458462,24.7,12.9,0.0,0.0,0.0,0.0,3,16.6,34.2,246,Overcast,0,0,
7431,2021-09-17 13:00:00,40.82398,-73.946724,0,0,Unspecified,4458262,23.6,20.1,1.0,1.0,0.0,7.0,51,20.3,38.9,59,Drizzle: Light,0,0,
7432,2021-09-15 22:52:00,40.67151,-73.76455,0,0,Unspecified,4457958,29.6,20.7,0.3,0.3,0.0,3.0,51,21.6,40.7,192,Drizzle: Light,0,0,
7433,2021-05-14 09:23:00,40.862755,-73.901085,1,0,Unspecified,4416456,21.6,7.5,0.0,0.0,0.0,0.0,2,14.3,25.2,276,Partly cloudy,1,1,
7434,2021-09-15 05:05:00,40.590164,-73.79787,1,0,Traffic Control Disregarded,4457574,29.6,20.7,0.3,0.3,0.0,3.0,51,21.6,40.7,192,Drizzle: Light,1,1,
7435,2021-09-16 18:20:00,40.677834,-73.88509,0,0,Backing Unsafely,4457945,23.9,19.1,4.0,4.0,0.0,10.0,55,18.8,37.8,38,Drizzle: Dense,0,0,
7436,2021-09-15 10:00:00,40.711697,-74.00582,0,0,Turning Improperly,4457821,29.6,20.7,0.3,0.3,0.0,3.0,51,21.6,40.7,192,Drizzle: Light,0,0,
7437,2021-09-16 16:36:00,40.769684,-73.82165,0,0,Failure to Yield Right-of-Way,4457920,23.9,19.1,4.0,4.0,0.0,10.0,55,18.8,37.8,38,Drizzle: Dense,0,0,
7438,2021-09-15 12:56:00,40.663353,-73.87464,0,0,Failure to Yield Right-of-Way,4457490,29.6,20.7,0.3,0.3,0.0,3.0,51,21.6,40.7,192,Drizzle: Light,0,0,
7439,2021-09-15 12:30:00,40.82857,-73.9246,0,0,Unspecified,4458096,29.6,20.7,0.3,0.3,0.0,3.0,51,21.6,40.7,192,Drizzle: Light,0,0,
7440,2021-09-14 09:00:00,40.85315,-73.90561,0,0,Passing Too Closely,4458340,26.0,19.0,0.2,0.2,0.0,1.0,51,18.0,35.6,138,Drizzle: Light,0,0,
7441,2021-09-15 08:08:00,40.650414,-73.95798,1,0,Following Too Closely,4457599,29.6,20.7,0.3,0.3,0.0,3.0,51,21.6,40.7,192,Drizzle: Light,1,1,
7442,2021-09-16 19:44:00,40.76968,-73.9162,0,0,Pavement Defective,4458074,23.9,19.1,4.0,4.0,0.0,10.0,55,18.8,37.8,38,Drizzle: Dense,0,0,
7443,2021-09-15 08:25:00,40.662563,-73.89146,0,0,Unspecified,4457384,29.6,20.7,0.3,0.3,0.0,3.0,51,21.6,40.7,192,Drizzle: Light,0,0,
7444,2021-09-14 21:00:00,40.844246,-73.93372,0,0,Driver Inattention/Distraction,4458128,26.0,19.0,0.2,0.2,0.0,1.0,51,18.0,35.6,138,Drizzle: Light,0,0,
7445,2021-08-21 12:00:00,40.840042,-73.863945,1,0,Driver Inattention/Distraction,4458065,27.2,23.0,0.8,0.8,0.0,6.0,51,14.3,29.5,109,Drizzle: Light,1,1,
7446,2021-09-16 00:50:00,40.820568,-73.959305,3,0,Driver Inattention/Distraction,4457990,23.9,19.1,4.0,4.0,0.0,10.0,55,18.8,37.8,38,Drizzle: Dense,3,3,
7447,2021-09-17 11:00:00,40.788246,-73.81901,0,0,Passing Too Closely,4458303,23.6,20.1,1.0,1.0,0.0,7.0,51,20.3,38.9,59,Drizzle: Light,0,0,
7448,2021-09-15 20:10:00,40.792187,-73.9382,0,0,Aggressive Driving/Road Rage,4457703,29.6,20.7,0.3,0.3,0.0,3.0,51,21.6,40.7,192,Drizzle: Light,0,0,
7449,2021-09-14 17:35:00,40.83037,-73.94015,1,0,Driver Inattention/Distraction,4458467,26.0,19.0,0.2,0.2,0.0,1.0,51,18.0,35.6,138,Drizzle: Light,1,1,
7450,2021-09-01 15:10:00,40.655117,-73.95501,0,0,Reaction to Uninvolved Vehicle,4458181,23.2,18.4,121.7,121.7,0.0,18.0,65,43.2,78.5,42,Rain: Heavy,0,0,
7451,2021-11-26 08:59:00,40.652714,-73.93048,1,0,Other Vehicular,4485299,7.6,1.6,8.4,8.4,0.0,11.0,61,28.7,53.6,279,Rain: Light,1,1,
7452,2021-09-15 09:39:00,40.65818,-73.92465,1,0,Driver Inattention/Distraction,4457547,29.6,20.7,0.3,0.3,0.0,3.0,51,21.6,40.7,192,Drizzle: Light,1,1,
7453,2021-09-17 13:20:00,40.861862,-73.91275,0,0,View Obstructed/Limited,4458149,23.6,20.1,1.0,1.0,0.0,7.0,51,20.3,38.9,59,Drizzle: Light,0,0,
7454,2021-09-16 17:30:00,40.755997,-73.8634,2,0,Unspecified,4458017,23.9,19.1,4.0,4.0,0.0,10.0,55,18.8,37.8,38,Drizzle: Dense,2,2,
7455,2021-09-15 15:00:00,40.695827,-73.855385,1,0,Traffic Control Disregarded,4457889,29.6,20.7,0.3,0.3,0.0,3.0,51,21.6,40.7,192,Drizzle: Light,1,1,
7456,2021-09-10 12:30:00,40.673073,-73.97645,0,0,Backing Unsafely,4458909,22.9,16.0,0.0,0.0,0.0,0.0,3,24.2,47.2,314,Overcast,0,0,
7457,2021-09-12 00:00:00,40.603607,-74.01763,0,0,Driver Inattention/Distraction,4458627,28.8,18.3,0.0,0.0,0.0,0.0,3,24.3,46.8,233,Overcast,0,0,
7458,2021-09-16 08:51:00,40.666862,-73.8045,1,0,Following Too Closely,4457771,23.9,19.1,4.0,4.0,0.0,10.0,55,18.8,37.8,38,Drizzle: Dense,1,1,
7459,2021-09-17 12:05:00,40.80352,-73.93302,1,0,Unsafe Lane Changing,4458442,23.6,20.1,1.0,1.0,0.0,7.0,51,20.3,38.9,59,Drizzle: Light,1,1,
7460,2021-12-18 01:50:00,40.857525,-73.892654,1,0,,4487972,6.3,4.5,3.8,3.8,0.0,9.0,61,12.3,24.5,35,Rain: Light,1,1,
7461,2021-09-14 12:50:00,40.6904,-73.92365,1,0,Failure to Yield Right-of-Way,4458033,26.0,19.0,0.2,0.2,0.0,1.0,51,18.0,35.6,138,Drizzle: Light,1,1,
7462,2021-09-17 11:00:00,40.722576,-73.94049,2,0,Driver Inattention/Distraction,4458223,23.6,20.1,1.0,1.0,0.0,7.0,51,20.3,38.9,59,Drizzle: Light,2,2,
7463,2021-09-15 00:15:00,40.633858,-73.911446,4,0,Driver Inattention/Distraction,4457618,29.6,20.7,0.3,0.3,0.0,3.0,51,21.6,40.7,192,Drizzle: Light,4,4,
7464,2021-09-15 12:00:00,40.8553,-73.901306,0,0,Other Vehicular,4457731,29.6,20.7,0.3,0.3,0.0,3.0,51,21.6,40.7,192,Drizzle: Light,0,0,
7465,2021-09-13 20:30:00,40.717922,-73.9931,0,0,Driver Inattention/Distraction,4458563,28.8,21.8,1.1,1.1,0.0,2.0,53,20.1,36.7,277,Drizzle: Moderate,0,0,
7466,2021-09-16 16:00:00,40.759686,-73.821175,0,0,Passing Too Closely,4458296,23.9,19.1,4.0,4.0,0.0,10.0,55,18.8,37.8,38,Drizzle: Dense,0,0,
7467,2021-09-15 13:25:00,40.7968,-73.929375,0,0,Unsafe Lane Changing,4457791,29.6,20.7,0.3,0.3,0.0,3.0,51,21.6,40.7,192,Drizzle: Light,0,0,
7468,2021-09-14 19:40:00,40.687485,-73.91993,0,0,Driver Inattention/Distraction,4458827,26.0,19.0,0.2,0.2,0.0,1.0,51,18.0,35.6,138,Drizzle: Light,0,0,
7469,2021-09-15 07:50:00,40.663692,-73.93595,0,0,Driver Inattention/Distraction,4458089,29.6,20.7,0.3,0.3,0.0,3.0,51,21.6,40.7,192,Drizzle: Light,0,0,
7470,2021-09-15 19:53:00,40.67069,-73.91703,1,0,Cell Phone (hand-Held),4457664,29.6,20.7,0.3,0.3,0.0,3.0,51,21.6,40.7,192,Drizzle: Light,1,1,
7471,2021-09-13 10:17:00,40.701694,-73.78984,0,0,Following Too Closely,4458398,28.8,21.8,1.1,1.1,0.0,2.0,53,20.1,36.7,277,Drizzle: Moderate,0,0,
7472,2021-09-16 04:05:00,40.822285,-73.89174,0,0,Unspecified,4457850,23.9,19.1,4.0,4.0,0.0,10.0,55,18.8,37.8,38,Drizzle: Dense,0,0,
7473,2021-09-15 17:56:00,40.688408,-73.98657,1,0,Failure to Yield Right-of-Way,4457938,29.6,20.7,0.3,0.3,0.0,3.0,51,21.6,40.7,192,Drizzle: Light,1,1,
7474,2021-09-09 11:30:00,40.753788,-73.744286,1,0,Pavement Slippery,4458597,22.4,19.8,18.4,18.4,0.0,15.0,63,17.5,39.2,271,Rain: Moderate,1,1,
7475,2021-09-15 16:40:00,40.794735,-73.96988,0,0,Driver Inexperience,4457612,29.6,20.7,0.3,0.3,0.0,3.0,51,21.6,40.7,192,Drizzle: Light,0,0,
7476,2021-09-16 10:10:00,40.753716,-73.996056,0,0,Driver Inattention/Distraction,4458514,23.9,19.1,4.0,4.0,0.0,10.0,55,18.8,37.8,38,Drizzle: Dense,0,0,
7477,2021-09-17 09:00:00,40.781517,-73.94598,0,0,Backing Unsafely,4458060,23.6,20.1,1.0,1.0,0.0,7.0,51,20.3,38.9,59,Drizzle: Light,0,0,
7478,2021-09-15 04:50:00,40.817116,-73.88307,0,0,Unspecified,4457878,29.6,20.7,0.3,0.3,0.0,3.0,51,21.6,40.7,192,Drizzle: Light,0,0,
7479,2021-09-16 22:50:00,40.682186,-73.86982,1,0,Unspecified,4458045,23.9,19.1,4.0,4.0,0.0,10.0,55,18.8,37.8,38,Drizzle: Dense,1,1,
7480,2021-09-17 06:50:00,40.642662,-73.9022,0,0,Alcohol Involvement,4458134,23.6,20.1,1.0,1.0,0.0,7.0,51,20.3,38.9,59,Drizzle: Light,0,0,
7481,2021-09-15 00:37:00,40.648533,-73.95827,0,0,Aggressive Driving/Road Rage,4457605,29.6,20.7,0.3,0.3,0.0,3.0,51,21.6,40.7,192,Drizzle: Light,0,0,
7482,2021-09-17 18:47:00,40.701008,-73.9424,0,0,Driver Inattention/Distraction,4458250,23.6,20.1,1.0,1.0,0.0,7.0,51,20.3,38.9,59,Drizzle: Light,0,0,
7483,2021-09-10 16:39:00,40.877033,-73.846375,3,0,Unsafe Speed,4458776,22.9,16.0,0.0,0.0,0.0,0.0,3,24.2,47.2,314,Overcast,3,3,
7484,2021-09-15 10:30:00,40.704308,-73.91924,0,0,Outside Car Distraction,4457519,29.6,20.7,0.3,0.3,0.0,3.0,51,21.6,40.7,192,Drizzle: Light,0,0,
7485,2021-09-17 17:30:00,40.707653,-73.921776,0,0,Passing Too Closely,4458349,23.6,20.1,1.0,1.0,0.0,7.0,51,20.3,38.9,59,Drizzle: Light,0,0,
7486,2021-09-17 07:47:00,40.641727,-73.907646,0,0,Unsafe Lane Changing,4458117,23.6,20.1,1.0,1.0,0.0,7.0,51,20.3,38.9,59,Drizzle: Light,0,0,
7487,2021-09-15 19:57:00,40.739964,-73.89424,0,0,Driver Inattention/Distraction,4457639,29.6,20.7,0.3,0.3,0.0,3.0,51,21.6,40.7,192,Drizzle: Light,0,0,
7488,2021-09-04 00:22:00,40.756256,-73.924515,0,0,Following Too Closely,4458308,25.2,14.5,0.0,0.0,0.0,0.0,3,15.4,27.0,289,Overcast,0,0,
7489,2021-09-16 20:10:00,40.659405,-73.9505,1,0,Driver Inattention/Distraction,4457974,23.9,19.1,4.0,4.0,0.0,10.0,55,18.8,37.8,38,Drizzle: Dense,1,1,
7490,2021-09-16 13:00:00,40.74165,-73.716576,0,0,Driver Inattention/Distraction,4457935,23.9,19.1,4.0,4.0,0.0,10.0,55,18.8,37.8,38,Drizzle: Dense,0,0,
7491,2021-09-16 10:30:00,40.667076,-73.99508,0,0,Driver Inattention/Distraction,4457830,23.9,19.1,4.0,4.0,0.0,10.0,55,18.8,37.8,38,Drizzle: Dense,0,0,
7492,2021-09-17 06:25:00,40.697216,-73.872955,0,0,Following Too Closely,4458743,23.6,20.1,1.0,1.0,0.0,7.0,51,20.3,38.9,59,Drizzle: Light,0,0,
7493,2021-09-09 10:45:00,40.694984,-73.9977,0,0,Oversized Vehicle,4458809,22.4,19.8,18.4,18.4,0.0,15.0,63,17.5,39.2,271,Rain: Moderate,0,0,
7494,2021-09-17 12:57:00,40.68916,-73.99263,0,0,Passing or Lane Usage Improper,4458160,23.6,20.1,1.0,1.0,0.0,7.0,51,20.3,38.9,59,Drizzle: Light,0,0,
7495,2021-09-17 14:53:00,40.60316,-73.98169,2,0,Driver Inattention/Distraction,4458651,23.6,20.1,1.0,1.0,0.0,7.0,51,20.3,38.9,59,Drizzle: Light,2,2,
7496,2021-09-03 08:00:00,40.878365,-73.85893,0,0,Backing Unsafely,4458070,21.9,14.0,0.0,0.0,0.0,0.0,3,14.5,30.2,321,Overcast,0,0,
7497,2021-09-16 02:22:00,40.661007,-73.92911,0,0,Driver Inattention/Distraction,4458177,23.9,19.1,4.0,4.0,0.0,10.0,55,18.8,37.8,38,Drizzle: Dense,0,0,
7498,2021-09-10 15:30:00,40.752403,-73.92442,1,0,Driver Inattention/Distraction,4458327,22.9,16.0,0.0,0.0,0.0,0.0,3,24.2,47.2,314,Overcast,1,1,
7499,2021-09-16 10:35:00,40.671585,-73.99843,0,0,Traffic Control Disregarded,4458555,23.9,19.1,4.0,4.0,0.0,10.0,55,18.8,37.8,38,Drizzle: Dense,0,0,
7500,2021-09-16 22:01:00,40.823494,-73.89421,0,0,Backing Unsafely,4458028,23.9,19.1,4.0,4.0,0.0,10.0,55,18.8,37.8,38,Drizzle: Dense,0,0,
7501,2021-09-01 20:20:00,40.76258,-74.0004,0,0,Pavement Defective,4458050,23.2,18.4,121.7,121.7,0.0,18.0,65,43.2,78.5,42,Rain: Heavy,0,0,
7502,2021-09-16 18:02:00,40.687553,-73.980385,1,0,Unspecified,4458235,23.9,19.1,4.0,4.0,0.0,10.0,55,18.8,37.8,38,Drizzle: Dense,1,1,
7503,2021-09-13 18:30:00,40.719864,-73.94486,0,0,Failure to Yield Right-of-Way,4458218,28.8,21.8,1.1,1.1,0.0,2.0,53,20.1,36.7,277,Drizzle: Moderate,0,0,
7504,2021-09-16 14:30:00,40.58922,-73.98672,2,0,Failure to Yield Right-of-Way,4458660,23.9,19.1,4.0,4.0,0.0,10.0,55,18.8,37.8,38,Drizzle: Dense,2,2,
7505,2021-09-15 20:35:00,40.75548,-73.74173,0,0,Driver Inattention/Distraction,4457647,29.6,20.7,0.3,0.3,0.0,3.0,51,21.6,40.7,192,Drizzle: Light,0,0,
7506,2021-09-17 20:35:00,40.744076,-73.900925,1,0,Driver Inattention/Distraction,4458279,23.6,20.1,1.0,1.0,0.0,7.0,51,20.3,38.9,59,Drizzle: Light,1,1,
7507,2021-09-15 19:20:00,40.62508,-73.962326,0,0,Following Too Closely,4457699,29.6,20.7,0.3,0.3,0.0,3.0,51,21.6,40.7,192,Drizzle: Light,0,0,
7508,2021-09-15 20:20:00,40.62973,-73.922226,0,0,Backing Unsafely,4457836,29.6,20.7,0.3,0.3,0.0,3.0,51,21.6,40.7,192,Drizzle: Light,0,0,
7509,2021-09-17 13:20:00,40.681076,-73.88111,0,0,Unspecified,4458493,23.6,20.1,1.0,1.0,0.0,7.0,51,20.3,38.9,59,Drizzle: Light,0,0,
7510,2021-09-17 11:45:00,40.68605,-73.831726,0,0,Turning Improperly,4458314,23.6,20.1,1.0,1.0,0.0,7.0,51,20.3,38.9,59,Drizzle: Light,0,0,
7511,2021-09-15 16:59:00,40.65616,-73.76736,0,0,Driver Inattention/Distraction,4457629,29.6,20.7,0.3,0.3,0.0,3.0,51,21.6,40.7,192,Drizzle: Light,0,0,
7512,2021-09-17 00:34:00,40.69985,-73.991035,0,0,Following Too Closely,4458166,23.6,20.1,1.0,1.0,0.0,7.0,51,20.3,38.9,59,Drizzle: Light,0,0,
7513,2021-09-15 05:30:00,40.713436,-73.91467,1,0,Failure to Yield Right-of-Way,4458726,29.6,20.7,0.3,0.3,0.0,3.0,51,21.6,40.7,192,Drizzle: Light,1,1,
7514,2021-09-17 13:10:00,40.798622,-73.94163,1,0,Driver Inattention/Distraction,4458437,23.6,20.1,1.0,1.0,0.0,7.0,51,20.3,38.9,59,Drizzle: Light,1,1,
7515,2021-09-10 00:30:00,40.697258,-73.80575,0,0,Passing or Lane Usage Improper,4458203,22.9,16.0,0.0,0.0,0.0,0.0,3,24.2,47.2,314,Overcast,0,0,
7516,2021-09-15 15:00:00,40.655785,-73.86289,0,0,Unspecified,4457589,29.6,20.7,0.3,0.3,0.0,3.0,51,21.6,40.7,192,Drizzle: Light,0,0,
7517,2021-09-17 08:55:00,0.0,0.0,2,0,Traffic Control Disregarded,4458816,23.6,20.1,1.0,1.0,0.0,7.0,51,20.3,38.9,59,Drizzle: Light,2,2,
7518,2021-09-16 14:25:00,40.760216,-73.985344,0,0,Unspecified,4458319,23.9,19.1,4.0,4.0,0.0,10.0,55,18.8,37.8,38,Drizzle: Dense,0,0,
7519,2021-09-17 14:00:00,40.798622,-73.94163,0,0,Unspecified,4458879,23.6,20.1,1.0,1.0,0.0,7.0,51,20.3,38.9,59,Drizzle: Light,0,0,
7520,2021-09-17 06:50:00,40.87829,-73.87006,0,0,Driver Inattention/Distraction,4458568,23.6,20.1,1.0,1.0,0.0,7.0,51,20.3,38.9,59,Drizzle: Light,0,0,
7521,2021-09-17 00:00:00,40.837166,-73.88718,0,0,Driver Inattention/Distraction,4458965,23.6,20.1,1.0,1.0,0.0,7.0,51,20.3,38.9,59,Drizzle: Light,0,0,
7522,2021-09-17 22:15:00,40.775604,-73.81279,0,0,Passing Too Closely,4458379,23.6,20.1,1.0,1.0,0.0,7.0,51,20.3,38.9,59,Drizzle: Light,0,0,
7523,2021-09-15 20:40:00,40.83354,-73.89631,0,0,Unspecified,4457724,29.6,20.7,0.3,0.3,0.0,3.0,51,21.6,40.7,192,Drizzle: Light,0,0,
7524,2021-09-15 19:08:00,40.608074,-74.11827,2,0,Passing or Lane Usage Improper,4457813,29.6,20.7,0.3,0.3,0.0,3.0,51,21.6,40.7,192,Drizzle: Light,2,2,
7525,2021-09-15 00:00:00,40.699802,-73.773964,0,0,Unsafe Speed,4457657,29.6,20.7,0.3,0.3,0.0,3.0,51,21.6,40.7,192,Drizzle: Light,0,0,