,CRASH DATETIME,LATITUDE,LONGITUDE,NUMBER OF PERSONS INJURED,NUMBER OF PERSONS KILLED,CONTRIBUTING FACTOR VEHICLE 1,COLLISION_ID,temperature_2m_max,temperature_2m_min,precipitation_sum,rain_sum,snowfall_sum,precipitation_hours,weather_code,wind_speed_10m_max,wind_gusts_10m_max,wind_direction_10m_dominant,Weather Description,Severity_Score,Total_Affected_Persons,Weather_Category
7526,2021-09-15 14:50:00,40.761486,-73.96061,1,0,Driver Inexperience,4458011,29.6,20.7,0.3,0.3,0.0,3.0,51,21.6,40.7,192,Drizzle: Light,1,1,
7527,2021-09-15 07:40:00,40.671787,-73.90544,0,0,Traffic Control Disregarded,4458145,29.6,20.7,0.3,0.3,0.0,3.0,51,21.6,40.7,192,Drizzle: Light,0,0,
7528,2021-09-17 19:33:00,40.857426,-73.89111,0,0,Oversized Vehicle,4458937,23.6,20.1,1.0,1.0,0.0,7.0,51,20.3,38.9,59,Drizzle: Light,0,0,
7529,2021-08-28 17:10:00,40.72526,-73.99475,0,0,Backing Unsafely,4458869,26.2,20.2,3.9,3.9,0.0,18.0,53,23.5,45.0,65,Drizzle: Moderate,0,0,
7530,2021-09-17 22:50:00,40.732822,-73.8684,1,0,Unsafe Lane Changing,4458404,23.6,20.1,1.0,1.0,0.0,7.0,51,20.3,38.9,59,Drizzle: Light,1,1,
7531,2021-09-17 11:30:00,40.648182,-74.02147,0,0,Unspecified,4458204,23.6,20.1,1.0,1.0,0.0,7.0,51,20.3,38.9,59,Drizzle: Light,0,0,
7532,2021-09-15 19:36:00,40.687637,-73.97077,1,0,Failure to Yield Right-of-Way,4457688,29.6,20.7,0.3,0.3,0.0,3.0,51,21.6,40.7,192,Drizzle: Light,1,1,
7533,2021-09-10 23:00:00,40.73783,-73.9357,1,0,Following Too Closely,4458082,22.9,16.0,0.0,0.0,0.0,0.0,3,24.2,47.2,314,Overcast,1,1,
7534,2021-09-17 19:35:00,40.86605,-73.90277,0,0,Unsafe Speed,4458567,23.6,20.1,1.0,1.0,0.0,7.0,51,20.3,38.9,59,Drizzle: Light,0,0,
7535,2021-12-17 19:20:00,40.677998,-73.97306,0,0,Driver Inattention/Distraction,4488292,13.9,6.1,0.0,0.0,0.0,0.0,3,21.5,37.1,265,Overcast,0,0,
7536,2021-09-11 09:15:00,40.771477,-73.91824,0,0,Unsafe Lane Changing,4458333,24.7,12.9,0.0,0.0,0.0,0.0,3,16.6,34.2,246,Overcast,0,0,
7537,2021-09-09 23:53:00,40.782475,-73.98082,0,0,Driver Inattention/Distraction,4458420,22.4,19.8,18.4,18.4,0.0,15.0,63,17.5,39.2,271,Rain: Moderate,0,0,
7538,2021-09-16 18:55:00,40.801464,-73.96218,0,0,Passing Too Closely,4457942,23.9,19.1,4.0,4.0,0.0,10.0,55,18.8,37.8,38,Drizzle: Dense,0,0,
7539,2021-09-17 17:05:00,40.726143,-73.88714,1,0,Driver Inattention/Distraction,4458751,23.6,20.1,1.0,1.0,0.0,7.0,51,20.3,38.9,59,Drizzle: Light,1,1,
7540,2021-09-12 08:00:00,40.81848,-73.9553,0,0,Alcohol Involvement,4458591,28.8,18.3,0.0,0.0,0.0,0.0,3,24.3,46.8,233,Overcast,0,0,
7541,2021-09-09 10:20:00,40.696217,-73.7436,1,0,Driver Inattention/Distraction,4458138,22.4,19.8,18.4,18.4,0.0,15.0,63,17.5,39.2,271,Rain: Moderate,1,1,
7542,2021-09-13 20:50:00,40.879547,-73.885796,1,0,Reaction to Uninvolved Vehicle,4458783,28.8,21.8,1.1,1.1,0.0,2.0,53,20.1,36.7,277,Drizzle: Moderate,1,1,
7543,2021-09-16 14:10:00,40.685017,-73.84336,0,0,Unsafe Speed,4457856,23.9,19.1,4.0,4.0,0.0,10.0,55,18.8,37.8,38,Drizzle: Dense,0,0,
7544,2021-09-17 11:30:00,40.741753,-73.82528,1,0,Following Too Closely,4458300,23.6,20.1,1.0,1.0,0.0,7.0,51,20.3,38.9,59,Drizzle: Light,1,1,
7545,2021-09-14 11:17:00,40.753994,-73.94244,1,0,Passing Too Closely,4458077,26.0,19.0,0.2,0.2,0.0,1.0,51,18.0,35.6,138,Drizzle: Light,1,1,
7546,2021-09-15 19:11:00,40.646526,-74.00662,0,0,Unspecified,4457980,29.6,20.7,0.3,0.3,0.0,3.0,51,21.6,40.7,192,Drizzle: Light,0,0,
7547,2021-09-15 22:00:00,40.757828,-73.99308,1,0,Other Vehicular,4457694,29.6,20.7,0.3,0.3,0.0,3.0,51,21.6,40.7,192,Drizzle: Light,1,1,
7548,2022-03-11 10:01:00,40.809864,-73.951416,1,0,Driver Inexperience,4514521,10.7,-1.0,0.0,0.0,0.0,0.0,3,20.5,39.2,178,Overcast,1,1,
7549,2021-09-17 20:26:00,40.768536,-73.786705,1,0,Driver Inattention/Distraction,4458246,23.6,20.1,1.0,1.0,0.0,7.0,51,20.3,38.9,59,Drizzle: Light,1,1,
7550,2021-09-17 00:57:00,40.716057,-73.745255,0,0,Steering Failure,4457969,23.6,20.1,1.0,1.0,0.0,7.0,51,20.3,38.9,59,Drizzle: Light,0,0,
7551,2021-09-15 22:45:00,40.62146,-74.07175,0,0,Unspecified,4457867,29.6,20.7,0.3,0.3,0.0,3.0,51,21.6,40.7,192,Drizzle: Light,0,0,
7552,2021-09-15 05:25:00,40.63013,-74.01756,0,0,Unspecified,4457313,29.6,20.7,0.3,0.3,0.0,3.0,51,21.6,40.7,192,Drizzle: Light,0,0,
7553,2021-09-15 11:00:00,40.71913,-73.976364,0,0,Backing Unsafely,4457929,29.6,20.7,0.3,0.3,0.0,3.0,51,21.6,40.7,192,Drizzle: Light,0,0,
7554,2021-09-13 14:00:00,40.705402,-73.87469,0,0,Driver Inattention/Distraction,4458729,28.8,21.8,1.1,1.1,0.0,2.0,53,20.1,36.7,277,Drizzle: Moderate,0,0,
7555,2021-09-17 16:35:00,40.79944,-73.975006,0,0,Passing or Lane Usage Improper,4458188,23.6,20.1,1.0,1.0,0.0,7.0,51,20.3,38.9,59,Drizzle: Light,0,0,
7556,2021-09-16 08:00:00,40.839275,-73.88436,0,0,Driver Inattention/Distraction,4458121,23.9,19.1,4.0,4.0,0.0,10.0,55,18.8,37.8,38,Drizzle: Dense,0,0,
7557,2021-09-17 09:15:00,40.710716,-73.95359,1,0,Other Vehicular,4458114,23.6,20.1,1.0,1.0,0.0,7.0,51,20.3,38.9,59,Drizzle: Light,1,1,
7558,2021-09-15 17:00:00,40.884357,-73.9094,0,0,Driver Inattention/Distraction,4457897,29.6,20.7,0.3,0.3,0.0,3.0,51,21.6,40.7,192,Drizzle: Light,0,0,
7559,2021-09-15 16:38:00,40.60433,-74.09347,0,0,Unspecified,4457611,29.6,20.7,0.3,0.3,0.0,3.0,51,21.6,40.7,192,Drizzle: Light,0,0,
7560,2021-09-17 23:30:00,40.645134,-73.90232,1,0,Pedestrian/Bicyclist/Other Pedestrian Error/Confusion,4458355,23.6,20.1,1.0,1.0,0.0,7.0,51,20.3,38.9,59,Drizzle: Light,1,1,
7561,2021-09-15 17:45:00,40.761272,-73.95571,1,0,Following Too Closely,4458921,29.6,20.7,0.3,0.3,0.0,3.0,51,21.6,40.7,192,Drizzle: Light,1,1,
7562,2021-09-15 15:50:00,40.851574,-73.882195,0,0,Driver Inattention/Distraction,4457747,29.6,20.7,0.3,0.3,0.0,3.0,51,21.6,40.7,192,Drizzle: Light,0,0,
7563,2021-09-15 11:55:00,40.74106,-73.946106,2,0,Accelerator Defective,4457509,29.6,20.7,0.3,0.3,0.0,3.0,51,21.6,40.7,192,Drizzle: Light,2,2,
7564,2021-09-17 19:45:00,40.58466,-73.95086,1,0,Unspecified,4458363,23.6,20.1,1.0,1.0,0.0,7.0,51,20.3,38.9,59,Drizzle: Light,1,1,
7565,2021-09-17 07:14:00,40.759926,-73.96679,0,0,Driver Inattention/Distraction,4458156,23.6,20.1,1.0,1.0,0.0,7.0,51,20.3,38.9,59,Drizzle: Light,0,0,
7566,2021-09-17 16:15:00,40.64137,-73.87729,1,0,Following Too Closely,4458483,23.6,20.1,1.0,1.0,0.0,7.0,51,20.3,38.9,59,Drizzle: Light,1,1,
7567,2021-09-15 09:13:00,40.64934,-73.94264,0,0,Unspecified,4458173,29.6,20.7,0.3,0.3,0.0,3.0,51,21.6,40.7,192,Drizzle: Light,0,0,
7568,2021-09-16 22:49:00,40.843365,-73.91545,0,0,Unspecified,4458109,23.9,19.1,4.0,4.0,0.0,10.0,55,18.8,37.8,38,Drizzle: Dense,0,0,
7569,2021-09-11 04:40:00,40.665848,-73.75187,0,0,Unspecified,4458273,24.7,12.9,0.0,0.0,0.0,0.0,3,16.6,34.2,246,Overcast,0,0,
7570,2021-09-15 08:25:00,40.59955,-73.76129,1,0,Passing or Lane Usage Improper,4457735,29.6,20.7,0.3,0.3,0.0,3.0,51,21.6,40.7,192,Drizzle: Light,1,1,
7571,2021-09-13 17:54:00,40.810352,-73.91761,3,0,Failure to Yield Right-of-Way,4458969,28.8,21.8,1.1,1.1,0.0,2.0,53,20.1,36.7,277,Drizzle: Moderate,3,3,
7572,2021-09-13 10:57:00,40.582745,-73.835075,0,0,Driver Inexperience,4458614,28.8,21.8,1.1,1.1,0.0,2.0,53,20.1,36.7,277,Drizzle: Moderate,0,0,
7573,2021-09-09 23:21:00,40.744186,-73.991875,0,0,Passenger Distraction,4458371,22.4,19.8,18.4,18.4,0.0,15.0,63,17.5,39.2,271,Rain: Moderate,0,0,
7574,2021-09-17 19:53:00,40.796562,-73.974205,0,0,Passing or Lane Usage Improper,4458231,23.6,20.1,1.0,1.0,0.0,7.0,51,20.3,38.9,59,Drizzle: Light,0,0,
7575,2021-09-17 19:15:00,40.77246,-73.96705,0,0,Driver Inattention/Distraction,4458927,23.6,20.1,1.0,1.0,0.0,7.0,51,20.3,38.9,59,Drizzle: Light,0,0,
7576,2021-09-17 07:54:00,40.833755,-73.87407,1,0,Unspecified,4458057,23.6,20.1,1.0,1.0,0.0,7.0,51,20.3,38.9,59,Drizzle: Light,1,1,
7577,2021-09-15 00:10:00,40.747833,-73.83301,2,0,Failure to Yield Right-of-Way,4457916,29.6,20.7,0.3,0.3,0.0,3.0,51,21.6,40.7,192,Drizzle: Light,2,2,
7578,2021-09-17 16:12:00,40.68708,-73.913895,1,0,Traffic Control Disregarded,4458348,23.6,20.1,1.0,1.0,0.0,7.0,51,20.3,38.9,59,Drizzle: Light,1,1,
7579,2021-09-15 19:14:00,40.680016,-73.87743,1,0,Failure to Yield Right-of-Way,4457832,29.6,20.7,0.3,0.3,0.0,3.0,51,21.6,40.7,192,Drizzle: Light,1,1,
7580,2021-09-15 17:50:00,40.715168,-73.97741,1,0,Other Vehicular,4457663,29.6,20.7,0.3,0.3,0.0,3.0,51,21.6,40.7,192,Drizzle: Light,1,1,
7581,2021-09-17 09:25:00,40.596222,-73.98897,1,0,Unspecified,4458654,23.6,20.1,1.0,1.0,0.0,7.0,51,20.3,38.9,59,Drizzle: Light,1,1,
7582,2021-09-17 23:11:00,40.837708,-73.927635,0,0,Passing or Lane Usage Improper,4458542,23.6,20.1,1.0,1.0,0.0,7.0,51,20.3,38.9,59,Drizzle: Light,0,0,
7583,2021-09-13 21:16:00,40.76769,-73.93619,0,0,Passing or Lane Usage Improper,4458309,28.8,21.8,1.1,1.1,0.0,2.0,53,20.1,36.7,277,Drizzle: Moderate,0,0,
7584,2021-09-17 09:05:00,40.668617,-73.98515,1,0,Driver Inattention/Distraction,4458199,23.6,20.1,1.0,1.0,0.0,7.0,51,20.3,38.9,59,Drizzle: Light,1,1,
7585,2021-09-17 11:10:00,40.631245,-73.988884,0,0,Following Too Closely,4458954,23.6,20.1,1.0,1.0,0.0,7.0,51,20.3,38.9,59,Drizzle: Light,0,0,
7586,2021-09-16 22:30:00,40.599064,-73.74481,0,0,Unsafe Speed,4458025,23.9,19.1,4.0,4.0,0.0,10.0,55,18.8,37.8,38,Drizzle: Dense,0,0,
7587,2021-09-15 18:15:00,40.66124,-73.94412,0,0,Driver Inattention/Distraction,4457679,29.6,20.7,0.3,0.3,0.0,3.0,51,21.6,40.7,192,Drizzle: Light,0,0,
7588,2021-09-16 04:00:00,40.749294,-73.86086,0,0,Unspecified,4458038,23.9,19.1,4.0,4.0,0.0,10.0,55,18.8,37.8,38,Drizzle: Dense,0,0,
7589,2021-09-11 01:15:00,40.72089,-73.99576,0,0,Driver Inattention/Distraction,4458550,24.7,12.9,0.0,0.0,0.0,0.0,3,16.6,34.2,246,Overcast,0,0,
7590,2021-09-17 15:00:00,40.62806,-74.02029,1,0,Failure to Yield Right-of-Way,4458236,23.6,20.1,1.0,1.0,0.0,7.0,51,20.3,38.9,59,Drizzle: Light,1,1,
7591,2021-09-17 09:15:00,40.720375,-73.855515,0,0,Driver Inattention/Distraction,4458141,23.6,20.1,1.0,1.0,0.0,7.0,51,20.3,38.9,59,Drizzle: Light,0,0,
7592,2021-09-17 12:20:00,40.674095,-73.911156,0,0,Oversized Vehicle,4458676,23.6,20.1,1.0,1.0,0.0,7.0,51,20.3,38.9,59,Drizzle: Light,0,0,
7593,2021-09-13 19:05:00,40.676598,-73.93039,0,0,Following Too Closely,4458703,28.8,21.8,1.1,1.1,0.0,2.0,53,20.1,36.7,277,Drizzle: Moderate,0,0,
7594,2021-09-15 12:36:00,40.752056,-74.00099,0,0,Passing Too Closely,4457803,29.6,20.7,0.3,0.3,0.0,3.0,51,21.6,40.7,192,Drizzle: Light,0,0,
7595,2021-09-15 11:48:00,40.852306,-73.89811,1,0,Failure to Yield Right-of-Way,4457706,29.6,20.7,0.3,0.3,0.0,3.0,51,21.6,40.7,192,Drizzle: Light,1,1,
7596,2021-09-13 14:35:00,40.694115,-73.79214,0,0,Following Too Closely,4458208,28.8,21.8,1.1,1.1,0.0,2.0,53,20.1,36.7,277,Drizzle: Moderate,0,0,
7597,2021-09-15 22:30:00,40.821144,-73.95753,1,0,Other Vehicular,4458464,29.6,20.7,0.3,0.3,0.0,3.0,51,21.6,40.7,192,Drizzle: Light,1,1,
7598,2021-09-17 17:35:00,40.665257,-73.739555,0,0,Unspecified,4458240,23.6,20.1,1.0,1.0,0.0,7.0,51,20.3,38.9,59,Drizzle: Light,0,0,
7599,2021-09-17 14:01:00,40.686863,-73.96448,0,0,Unspecified,4458263,23.6,20.1,1.0,1.0,0.0,7.0,51,20.3,38.9,59,Drizzle: Light,0,0,
7600,2021-09-15 17:30:00,40.709415,-73.87022,0,0,Following Too Closely,4458734,29.6,20.7,0.3,0.3,0.0,3.0,51,21.6,40.7,192,Drizzle: Light,0,0,
7601,2021-08-23 17:30:00,40.759872,-73.784485,1,0,Driver Inattention/Distraction,4458414,28.7,22.0,36.1,36.1,0.0,19.0,65,27.4,49.3,230,Rain: Heavy,1,1,
7602,2021-09-15 14:30:00,40.700836,-73.99495,0,0,Passing or Lane Usage Improper,4457585,29.6,20.7,0.3,0.3,0.0,3.0,51,21.6,40.7,192,Drizzle: Light,0,0,
7603,2021-09-13 03:40:00,40.772903,-73.92129,0,0,Alcohol Involvement,4458339,28.8,21.8,1.1,1.1,0.0,2.0,53,20.1,36.7,277,Drizzle: Moderate,0,0,
7604,2021-09-16 14:00:00,40.595608,-74.00006,0,0,Unspecified,4457962,23.9,19.1,4.0,4.0,0.0,10.0,55,18.8,37.8,38,Drizzle: Dense,0,0,
7605,2021-09-15 08:55:00,40.882175,-73.88692,1,0,Passing Too Closely,4457430,29.6,20.7,0.3,0.3,0.0,3.0,51,21.6,40.7,192,Drizzle: Light,1,1,
7606,2021-09-17 11:54:00,40.874928,-73.86498,0,0,Unsafe Speed,4458766,23.6,20.1,1.0,1.0,0.0,7.0,51,20.3,38.9,59,Drizzle: Light,0,0,
7607,2021-09-16 08:15:00,40.79647,-73.93649,0,0,Unspecified,4457946,23.9,19.1,4.0,4.0,0.0,10.0,55,18.8,37.8,38,Drizzle: Dense,0,0,
7608,2021-09-16 00:33:00,40.794785,-73.96431,0,0,Turning Improperly,4457716,23.9,19.1,4.0,4.0,0.0,10.0,55,18.8,37.8,38,Drizzle: Dense,0,0,
7609,2021-09-17 16:00:00,40.6772,-73.94147,0,0,Driver Inattention/Distraction,4458796,23.6,20.1,1.0,1.0,0.0,7.0,51,20.3,38.9,59,Drizzle: Light,0,0,
7610,2021-09-08 05:10:00,40.844917,-73.926384,0,0,Unsafe Lane Changing,4458097,26.4,19.6,0.7,0.7,0.0,6.0,51,26.7,55.8,187,Drizzle: Light,0,0,
7611,2021-09-15 02:30:00,40.68935,-73.83957,0,0,Unsafe Speed,4457635,29.6,20.7,0.3,0.3,0.0,3.0,51,21.6,40.7,192,Drizzle: Light,0,0,
7612,2021-09-15 22:16:00,40.773655,-73.95173,0,0,Unspecified,4458008,29.6,20.7,0.3,0.3,0.0,3.0,51,21.6,40.7,192,Drizzle: Light,0,0,
7613,2021-09-17 08:45:00,40.67819,-73.80144,0,0,Following Too Closely,4459005,23.6,20.1,1.0,1.0,0.0,7.0,51,20.3,38.9,59,Drizzle: Light,0,0,
7614,2021-09-16 22:40:00,40.639256,-73.968796,0,0,Unspecified,4458522,23.9,19.1,4.0,4.0,0.0,10.0,55,18.8,37.8,38,Drizzle: Dense,0,0,
7615,2021-09-06 02:30:00,40.66408,-73.94817,0,0,Backing Unsafely,4458092,26.9,18.4,0.0,0.0,0.0,0.0,3,19.6,37.8,273,Overcast,0,0,
7616,2021-09-16 21:00:00,40.634262,-73.92749,0,0,Unspecified,4457984,23.9,19.1,4.0,4.0,0.0,10.0,55,18.8,37.8,38,Drizzle: Dense,0,0,
7617,2021-09-15 13:00:00,40.63692,-73.93752,0,0,Unsafe Lane Changing,4457548,29.6,20.7,0.3,0.3,0.0,3.0,51,21.6,40.7,192,Drizzle: Light,0,0,
7618,2021-09-15 14:50:00,40.67239,-73.87463,0,0,Unspecified,4457590,29.6,20.7,0.3,0.3,0.0,3.0,51,21.6,40.7,192,Drizzle: Light,0,0,
7619,2021-09-15 22:10:00,40.59791,-74.08361,0,0,Reaction to Uninvolved Vehicle,4457814,29.6,20.7,0.3,0.3,0.0,3.0,51,21.6,40.7,192,Drizzle: Light,0,0,
7620,2021-09-15 16:50:00,40.593193,-74.15637,1,0,Passing or Lane Usage Improper,4457765,29.6,20.7,0.3,0.3,0.0,3.0,51,21.6,40.7,192,Drizzle: Light,1,1,
7621,2021-09-15 07:46:00,40.626156,-73.983475,1,0,Driver Inattention/Distraction,4458608,29.6,20.7,0.3,0.3,0.0,3.0,51,21.6,40.7,192,Drizzle: Light,1,1,
7622,2021-09-15 09:00:00,40.76932,-73.98908,0,0,Following Too Closely,4457774,29.6,20.7,0.3,0.3,0.0,3.0,51,21.6,40.7,192,Drizzle: Light,0,0,
7623,2021-09-16 03:00:00,40.771736,-73.96125,0,0,Unspecified,4458012,23.9,19.1,4.0,4.0,0.0,10.0,55,18.8,37.8,38,Drizzle: Dense,0,0,
7624,2021-09-17 08:00:00,40.742405,-73.75348,0,0,Other Vehicular,4458124,23.6,20.1,1.0,1.0,0.0,7.0,51,20.3,38.9,59,Drizzle: Light,0,0,
7625,2021-09-15 09:44:00,40.67626,-73.81525,0,0,Failure to Yield Right-of-Way,4457418,29.6,20.7,0.3,0.3,0.0,3.0,51,21.6,40.7,192,Drizzle: Light,0,0,
7626,2021-09-13 11:00:00,40.764732,-73.96637,0,0,Unspecified,4458053,28.8,21.8,1.1,1.1,0.0,2.0,53,20.1,36.7,277,Drizzle: Moderate,0,0,
7627,2021-09-17 23:45:00,40.657555,-73.894196,1,0,Unspecified,4458475,23.6,20.1,1.0,1.0,0.0,7.0,51,20.3,38.9,59,Drizzle: Light,1,1,
7628,2021-09-17 12:26:00,40.64504,-73.89318,1,0,Unspecified,4458185,23.6,20.1,1.0,1.0,0.0,7.0,51,20.3,38.9,59,Drizzle: Light,1,1,
7629,2021-09-16 20:45:00,40.870224,-73.88717,0,0,Driver Inattention/Distraction,4458146,23.9,19.1,4.0,4.0,0.0,10.0,55,18.8,37.8,38,Drizzle: Dense,0,0,
7630,2021-09-15 14:58:00,40.70159,-73.94875,1,0,Failure to Yield Right-of-Way,4457685,29.6,20.7,0.3,0.3,0.0,3.0,51,21.6,40.7,192,Drizzle: Light,1,1,
7631,2021-09-17 00:00:00,40.59011,-73.97422,0,0,Failure to Yield Right-of-Way,4458021,23.6,20.1,1.0,1.0,0.0,7.0,51,20.3,38.9,59,Drizzle: Light,0,0,
7632,2021-09-16 23:05:00,40.842636,-73.84561,0,0,Backing Unsafely,4458153,23.9,19.1,4.0,4.0,0.0,10.0,55,18.8,37.8,38,Drizzle: Dense,0,0,
7633,2021-09-17 23:11:00,40.82138,-73.95414,1,0,Driver Inattention/Distraction,4458259,23.6,20.1,1.0,1.0,0.0,7.0,51,20.3,38.9,59,Drizzle: Light,1,1,
7634,2021-09-17 05:47:00,40.68683,-73.79996,1,0,Failure to Yield Right-of-Way,4458987,23.6,20.1,1.0,1.0,0.0,7.0,51,20.3,38.9,59,Drizzle: Light,1,1,
7635,2021-09-16 18:50:00,40.749462,-73.86656,0,0,Following Too Closely,4458042,23.9,19.1,4.0,4.0,0.0,10.0,55,18.8,37.8,38,Drizzle: Dense,0,0,
7636,2021-09-13 06:00:00,40.852818,-73.90476,0,0,Passing Too Closely,4458343,28.8,21.8,1.1,1.1,0.0,2.0,53,20.1,36.7,277,Drizzle: Moderate,0,0,
7637,2021-09-15 22:08:00,40.814632,-73.9442,1,0,Pedestrian/Bicyclist/Other Pedestrian Error/Confusion,4458227,29.6,20.7,0.3,0.3,0.0,3.0,51,21.6,40.7,192,Drizzle: Light,1,1,
7638,2021-09-14 21:04:00,40.895374,-73.86356,2,0,Driver Inattention/Distraction,4458852,26.0,19.0,0.2,0.2,0.0,1.0,51,18.0,35.6,138,Drizzle: Light,2,2,
7639,2021-09-15 08:40:00,40.762764,-73.912605,0,0,View Obstructed/Limited,4457505,29.6,20.7,0.3,0.3,0.0,3.0,51,21.6,40.7,192,Drizzle: Light,0,0,
7640,2021-09-15 22:00:00,40.865284,-73.82252,0,0,Unspecified,4458532,29.6,20.7,0.3,0.3,0.0,3.0,51,21.6,40.7,192,Drizzle: Light,0,0,
7641,2021-09-17 05:44:00,40.75916,-73.859116,0,0,Unspecified,4458018,23.6,20.1,1.0,1.0,0.0,7.0,51,20.3,38.9,59,Drizzle: Light,0,0,
7642,2021-09-12 14:00:00,40.809147,-73.93605,0,0,Passing Too Closely,4458441,28.8,18.3,0.0,0.0,0.0,0.0,3,24.3,46.8,233,Overcast,0,0,
7643,2021-09-17 16:30:00,40.640583,-73.91894,0,0,Unsafe Speed,4458360,23.6,20.1,1.0,1.0,0.0,7.0,51,20.3,38.9,59,Drizzle: Light,0,0,
7644,2021-09-17 17:18:00,40.741493,-73.81477,0,0,Failure to Yield Right-of-Way,4458305,23.6,20.1,1.0,1.0,0.0,7.0,51,20.3,38.9,59,Drizzle: Light,0,0,
7645,2021-09-15 16:00:00,40.83228,-73.90963,1,0,Unspecified,4457723,29.6,20.7,0.3,0.3,0.0,3.0,51,21.6,40.7,192,Drizzle: Light,1,1,
7646,2021-09-17 23:25:00,40.634964,-73.932076,2,0,Driver Inattention/Distraction,4458287,23.6,20.1,1.0,1.0,0.0,7.0,51,20.3,38.9,59,Drizzle: Light,2,2,
7647,2021-09-16 17:30:00,40.712788,-73.90294,0,0,Passing or Lane Usage Improper,4458744,23.9,19.1,4.0,4.0,0.0,10.0,55,18.8,37.8,38,Drizzle: Dense,0,0,
7648,2021-09-17 15:45:00,40.660667,-73.88089,2,0,Unspecified,4458495,23.6,20.1,1.0,1.0,0.0,7.0,51,20.3,38.9,59,Drizzle: Light,2,2,
7649,2021-09-15 08:28:00,40.62059,-73.95542,0,0,Unspecified,4457600,29.6,20.7,0.3,0.3,0.0,3.0,51,21.6,40.7,192,Drizzle: Light,0,0,
7650,2021-09-16 06:15:00,40.719933,-73.97879,0,0,Unspecified,4457763,23.9,19.1,4.0,4.0,0.0,10.0,55,18.8,37.8,38,Drizzle: Dense,0,0,
7651,2021-09-15 00:00:00,40.895794,-73.85945,0,0,Passing Too Closely,4458069,29.6,20.7,0.3,0.3,0.0,3.0,51,21.6,40.7,192,Drizzle: Light,0,0,
7652,2021-09-17 00:53:00,40.682377,-73.767166,1,0,View Obstructed/Limited,4457991,23.6,20.1,1.0,1.0,0.0,7.0,51,20.3,38.9,59,Drizzle: Light,1,1,
7653,2021-09-15 11:00:00,40.847458,-73.944244,0,0,Passing or Lane Usage Improper,4458129,29.6,20.7,0.3,0.3,0.0,3.0,51,21.6,40.7,192,Drizzle: Light,0,0,
7654,2021-09-13 11:30:00,40.710625,-73.96678,0,0,Driver Inattention/Distraction,4458254,28.8,21.8,1.1,1.1,0.0,2.0,53,20.1,36.7,277,Drizzle: Moderate,0,0,
7655,2021-09-17 22:00:00,40.753395,-73.79243,2,0,Failure to Yield Right-of-Way,4458281,23.6,20.1,1.0,1.0,0.0,7.0,51,20.3,38.9,59,Drizzle: Light,2,2,
7656,2021-09-17 13:00:00,40.76502,-73.82049,0,0,Passing Too Closely,4458304,23.6,20.1,1.0,1.0,0.0,7.0,51,20.3,38.9,59,Drizzle: Light,0,0,
7657,2021-09-15 18:20:00,40.64474,-73.92449,0,0,Passing or Lane Usage Improper,4458180,29.6,20.7,0.3,0.3,0.0,3.0,51,21.6,40.7,192,Drizzle: Light,0,0,
7658,2021-09-15 14:40:00,40.78356,-73.82449,0,0,Failure to Yield Right-of-Way,4457528,29.6,20.7,0.3,0.3,0.0,3.0,51,21.6,40.7,192,Drizzle: Light,0,0,
7659,2021-09-17 11:45:00,40.875923,-73.8619,0,0,Passing or Lane Usage Improper,4458770,23.6,20.1,1.0,1.0,0.0,7.0,51,20.3,38.9,59,Drizzle: Light,0,0,
7660,2021-09-15 20:48:00,40.64253,-73.95159,3,0,Unspecified,4458738,29.6,20.7,0.3,0.3,0.0,3.0,51,21.6,40.7,192,Drizzle: Light,3,3,
7661,2021-09-05 07:20:00,40.67043,-73.928185,0,0,Unspecified,4458715,24.5,16.9,1.0,1.0,0.0,6.0,51,15.5,42.5,204,Drizzle: Light,0,0,
7662,2021-09-16 14:10:00,40.7014,-73.91858,1,0,Traffic Control Disregarded,4457909,23.9,19.1,4.0,4.0,0.0,10.0,55,18.8,37.8,38,Drizzle: Dense,1,1,
7663,2021-09-15 22:55:00,40.845776,-73.863464,0,0,Turning Improperly,4458148,29.6,20.7,0.3,0.3,0.0,3.0,51,21.6,40.7,192,Drizzle: Light,0,0,
7664,2021-09-15 09:10:00,40.821682,-73.89288,1,0,Unspecified,4457880,29.6,20.7,0.3,0.3,0.0,3.0,51,21.6,40.7,192,Drizzle: Light,1,1,
7665,2021-09-17 19:40:00,40.707825,-74.00433,0,0,Unspecified,4458320,23.6,20.1,1.0,1.0,0.0,7.0,51,20.3,38.9,59,Drizzle: Light,0,0,
7666,2021-09-16 08:01:00,40.839676,-73.871216,0,0,Unspecified,4458133,23.9,19.1,4.0,4.0,0.0,10.0,55,18.8,37.8,38,Drizzle: Dense,0,0,
7667,2021-09-15 14:35:00,40.64024,-73.91947,1,0,Driver Inattention/Distraction,4457641,29.6,20.7,0.3,0.3,0.0,3.0,51,21.6,40.7,192,Drizzle: Light,1,1,
7668,2021-09-17 07:20:00,40.6715,-73.91505,3,0,Brakes Defective,4458046,23.6,20.1,1.0,1.0,0.0,7.0,51,20.3,38.9,59,Drizzle: Light,3,3,
7669,2021-09-17 17:00:00,40.659687,-73.759926,0,0,Passing or Lane Usage Improper,4458239,23.6,20.1,1.0,1.0,0.0,7.0,51,20.3,38.9,59,Drizzle: Light,0,0,
7670,2021-09-17 05:12:00,40.76484,-73.970505,0,0,Traffic Control Disregarded,4458936,23.6,20.1,1.0,1.0,0.0,7.0,51,20.3,38.9,59,Drizzle: Light,0,0,