,CRASH DATETIME,LATITUDE,LONGITUDE,NUMBER OF PERSONS INJURED,NUMBER OF PERSONS KILLED,CONTRIBUTING FACTOR VEHICLE 1,COLLISION_ID,temperature_2m_max,temperature_2m_min,precipitation_sum,rain_sum,snowfall_sum,precipitation_hours,weather_code,wind_speed_10m_max,wind_gusts_10m_max,wind_direction_10m_dominant,Weather Description,Severity_Score,Total_Affected_Persons,Weather_Category
7671,2021-09-17 12:30:00,40.71772,-73.96202,0,0,Driver Inattention/Distraction,4458222,23.6,20.1,1.0,1.0,0.0,7.0,51,20.3,38.9,59,Drizzle: Light,0,0,
7672,2021-09-15 18:02:00,40.612488,-73.89707,3,0,Driver Inattention/Distraction,4457621,29.6,20.7,0.3,0.3,0.0,3.0,51,21.6,40.7,192,Drizzle: Light,3,3,
7673,2021-04-29 18:20:00,40.66088,-73.76977,0,0,Unspecified,4412044,22.5,12.9,3.8,3.8,0.0,9.0,53,25.6,50.8,199,Drizzle: Moderate,0,0,
7674,2021-09-16 13:30:00,40.71146,-73.79647,0,0,Unspecified,4458165,23.9,19.1,4.0,4.0,0.0,10.0,55,18.8,37.8,38,Drizzle: Dense,0,0,
7675,2021-09-16 09:05:00,40.692974,-73.90811,0,0,Passing Too Closely,4457818,23.9,19.1,4.0,4.0,0.0,10.0,55,18.8,37.8,38,Drizzle: Dense,0,0,
7676,2021-09-10 18:40:00,40.81903,-73.91262,0,0,Driver Inattention/Distraction,4458410,22.9,16.0,0.0,0.0,0.0,0.0,3,24.2,47.2,314,Overcast,0,0,
7677,2021-09-17 15:02:00,40.68603,-73.93268,1,0,Driver Inattention/Distraction,4458837,23.6,20.1,1.0,1.0,0.0,7.0,51,20.3,38.9,59,Drizzle: Light,1,1,
7678,2021-09-17 08:40:00,40.662468,-73.99226,0,0,Passing Too Closely,4458207,23.6,20.1,1.0,1.0,0.0,7.0,51,20.3,38.9,59,Drizzle: Light,0,0,
7679,2021-09-17 17:10:00,40.684544,-73.96509,0,0,Unspecified,4458264,23.6,20.1,1.0,1.0,0.0,7.0,51,20.3,38.9,59,Drizzle: Light,0,0,
7680,2021-09-15 20:00:00,40.655827,-73.9376,0,0,Unspecified,4458178,29.6,20.7,0.3,0.3,0.0,3.0,51,21.6,40.7,192,Drizzle: Light,0,0,
7681,2021-09-17 21:00:00,40.75633,-73.98767,0,0,Turning Improperly,4458810,23.6,20.1,1.0,1.0,0.0,7.0,51,20.3,38.9,59,Drizzle: Light,0,0,
7682,2021-09-16 04:00:00,40.90478,-73.9003,0,0,Unspecified,4457846,23.9,19.1,4.0,4.0,0.0,10.0,55,18.8,37.8,38,Drizzle: Dense,0,0,
7683,2021-09-15 18:00:00,40.742874,-73.933945,0,0,Driver Inattention/Distraction,4457653,29.6,20.7,0.3,0.3,0.0,3.0,51,21.6,40.7,192,Drizzle: Light,0,0,
7684,2021-09-16 10:55:00,40.666756,-73.83653,0,0,Passing or Lane Usage Improper,4458051,23.9,19.1,4.0,4.0,0.0,10.0,55,18.8,37.8,38,Drizzle: Dense,0,0,
7685,2021-09-04 14:00:00,40.677715,-73.93587,0,0,Driver Inattention/Distraction,4458714,25.2,14.5,0.0,0.0,0.0,0.0,3,15.4,27.0,289,Overcast,0,0,
7686,2021-09-02 23:30:00,40.736145,-73.72067,0,0,Driver Inattention/Distraction,4458571,24.5,15.0,24.6,24.6,0.0,5.0,65,43.0,83.5,344,Rain: Heavy,0,0,
7687,2021-09-17 22:42:00,40.635242,-74.02028,1,0,Driver Inexperience,4458271,23.6,20.1,1.0,1.0,0.0,7.0,51,20.3,38.9,59,Drizzle: Light,1,1,
7688,2021-09-14 18:19:00,40.7923,-73.807236,0,0,Unspecified,4458435,26.0,19.0,0.2,0.2,0.0,1.0,51,18.0,35.6,138,Drizzle: Light,0,0,
7689,2021-09-15 07:00:00,40.643932,-74.08595,0,0,Unspecified,4458655,29.6,20.7,0.3,0.3,0.0,3.0,51,21.6,40.7,192,Drizzle: Light,0,0,
7690,2021-08-05 16:00:00,40.853813,-73.90734,1,0,Driver Inattention/Distraction,4444210,27.1,17.4,0.1,0.1,0.0,1.0,51,13.2,27.0,5,Drizzle: Light,1,1,
7691,2021-09-17 11:40:00,40.71249,-73.93848,0,0,Driver Inattention/Distraction,4458200,23.6,20.1,1.0,1.0,0.0,7.0,51,20.3,38.9,59,Drizzle: Light,0,0,
7692,2021-09-15 20:23:00,40.71258,-73.958115,0,0,Passing or Lane Usage Improper,4457997,29.6,20.7,0.3,0.3,0.0,3.0,51,21.6,40.7,192,Drizzle: Light,0,0,
7693,2021-09-13 10:25:00,40.6871,-73.92989,1,0,Outside Car Distraction,4458821,28.8,21.8,1.1,1.1,0.0,2.0,53,20.1,36.7,277,Drizzle: Moderate,1,1,
7694,2021-09-17 16:30:00,40.844917,-73.926384,0,0,Passing or Lane Usage Improper,4458540,23.6,20.1,1.0,1.0,0.0,7.0,51,20.3,38.9,59,Drizzle: Light,0,0,
7695,2021-09-15 11:37:00,40.84816,-73.86338,1,0,Failure to Yield Right-of-Way,4457520,29.6,20.7,0.3,0.3,0.0,3.0,51,21.6,40.7,192,Drizzle: Light,1,1,
7696,2021-09-15 04:23:00,40.65786,-73.93829,0,0,Driver Inattention/Distraction,4457976,29.6,20.7,0.3,0.3,0.0,3.0,51,21.6,40.7,192,Drizzle: Light,0,0,
7697,2021-09-15 11:37:00,40.669933,-73.88773,0,0,Unspecified,4457470,29.6,20.7,0.3,0.3,0.0,3.0,51,21.6,40.7,192,Drizzle: Light,0,0,
7698,2021-09-17 11:02:00,40.827274,-73.904915,0,0,Driver Inattention/Distraction,4458974,23.6,20.1,1.0,1.0,0.0,7.0,51,20.3,38.9,59,Drizzle: Light,0,0,
7699,2021-09-15 04:00:00,40.749866,-73.86273,1,0,Unspecified,4457729,29.6,20.7,0.3,0.3,0.0,3.0,51,21.6,40.7,192,Drizzle: Light,1,1,
7700,2021-09-17 13:43:00,40.588207,-73.95221,0,0,Reaction to Uninvolved Vehicle,4458354,23.6,20.1,1.0,1.0,0.0,7.0,51,20.3,38.9,59,Drizzle: Light,0,0,
7701,2021-09-16 19:30:00,40.8721,-73.849884,1,0,Driver Inattention/Distraction,4458034,23.9,19.1,4.0,4.0,0.0,10.0,55,18.8,37.8,38,Drizzle: Dense,1,1,
7702,2021-09-15 11:15:00,40.802578,-73.939156,0,0,Passing or Lane Usage Improper,4457789,29.6,20.7,0.3,0.3,0.0,3.0,51,21.6,40.7,192,Drizzle: Light,0,0,
7703,2021-09-15 13:50:00,40.707226,-73.80048,0,0,Driver Inattention/Distraction,4457561,29.6,20.7,0.3,0.3,0.0,3.0,51,21.6,40.7,192,Drizzle: Light,0,0,
7704,2021-09-15 19:45:00,40.703934,-73.959854,0,0,Following Too Closely,4457666,29.6,20.7,0.3,0.3,0.0,3.0,51,21.6,40.7,192,Drizzle: Light,0,0,
7705,2021-09-14 16:50:00,40.84249,-73.868004,0,0,Backing Unsafely,4458328,26.0,19.0,0.2,0.2,0.0,1.0,51,18.0,35.6,138,Drizzle: Light,0,0,
7706,2021-09-17 00:00:00,40.732887,-73.920586,0,0,Unspecified,4458084,23.6,20.1,1.0,1.0,0.0,7.0,51,20.3,38.9,59,Drizzle: Light,0,0,
7707,2021-09-15 14:45:00,40.642796,-74.00197,1,0,Unspecified,4457756,29.6,20.7,0.3,0.3,0.0,3.0,51,21.6,40.7,192,Drizzle: Light,1,1,
7708,2021-09-15 17:07:00,40.62397,-73.95021,7,0,Driver Inattention/Distraction,4457698,29.6,20.7,0.3,0.3,0.0,3.0,51,21.6,40.7,192,Drizzle: Light,7,7,
7709,2021-09-17 09:36:00,40.665516,-73.88286,0,0,Unspecified,4458504,23.6,20.1,1.0,1.0,0.0,7.0,51,20.3,38.9,59,Drizzle: Light,0,0,
7710,2021-09-15 23:55:00,40.89725,-73.855255,3,0,Failure to Yield Right-of-Way,4458101,29.6,20.7,0.3,0.3,0.0,3.0,51,21.6,40.7,192,Drizzle: Light,3,3,
7711,2021-12-18 22:50:00,40.671097,-73.731255,1,0,Driver Inattention/Distraction,4487883,6.3,4.5,3.8,3.8,0.0,9.0,61,12.3,24.5,35,Rain: Light,1,1,
7712,2021-09-17 17:00:00,40.812347,-73.95702,0,0,Passing Too Closely,4458593,23.6,20.1,1.0,1.0,0.0,7.0,51,20.3,38.9,59,Drizzle: Light,0,0,
7713,2021-09-15 06:28:00,40.768356,-73.904884,0,0,Driver Inattention/Distraction,4457459,29.6,20.7,0.3,0.3,0.0,3.0,51,21.6,40.7,192,Drizzle: Light,0,0,
7714,2021-09-15 00:44:00,40.766083,-73.993164,0,0,Unspecified,4457351,29.6,20.7,0.3,0.3,0.0,3.0,51,21.6,40.7,192,Drizzle: Light,0,0,
7715,2021-09-15 14:08:00,40.643745,-73.97009,1,0,Other Vehicular,4457604,29.6,20.7,0.3,0.3,0.0,3.0,51,21.6,40.7,192,Drizzle: Light,1,1,
7716,2021-09-17 04:00:00,40.70767,-73.94325,0,0,Passing or Lane Usage Improper,4458251,23.6,20.1,1.0,1.0,0.0,7.0,51,20.3,38.9,59,Drizzle: Light,0,0,
7717,2021-09-16 11:00:00,40.61633,-74.00441,0,0,Unspecified,4457957,23.9,19.1,4.0,4.0,0.0,10.0,55,18.8,37.8,38,Drizzle: Dense,0,0,
7718,2021-09-16 02:05:00,40.61796,-73.91812,0,0,Driver Inexperience,4457674,23.9,19.1,4.0,4.0,0.0,10.0,55,18.8,37.8,38,Drizzle: Dense,0,0,
7719,2021-09-15 10:15:00,40.596077,-73.797516,0,0,Driver Inexperience,4457573,29.6,20.7,0.3,0.3,0.0,3.0,51,21.6,40.7,192,Drizzle: Light,0,0,
7720,2021-09-17 16:39:00,40.736317,-73.97484,0,0,Backing Unsafely,4458872,23.6,20.1,1.0,1.0,0.0,7.0,51,20.3,38.9,59,Drizzle: Light,0,0,
7721,2021-09-15 19:00:00,40.749054,-73.95222,3,0,Driver Inattention/Distraction,4457887,29.6,20.7,0.3,0.3,0.0,3.0,51,21.6,40.7,192,Drizzle: Light,3,3,
7722,2021-09-16 13:50:00,40.85809,-73.901924,0,0,Driver Inattention/Distraction,4457905,23.9,19.1,4.0,4.0,0.0,10.0,55,18.8,37.8,38,Drizzle: Dense,0,0,
7723,2021-09-15 21:09:00,40.877907,-73.85753,0,0,Unspecified,4458116,29.6,20.7,0.3,0.3,0.0,3.0,51,21.6,40.7,192,Drizzle: Light,0,0,
7724,2021-04-29 18:55:00,40.82432,-73.89261,1,0,Unspecified,4412120,22.5,12.9,3.8,3.8,0.0,9.0,53,25.6,50.8,199,Drizzle: Moderate,1,1,
7725,2021-09-16 17:23:00,40.753624,-73.96944,0,0,Driver Inattention/Distraction,4458193,23.9,19.1,4.0,4.0,0.0,10.0,55,18.8,37.8,38,Drizzle: Dense,0,0,
7726,2021-09-16 08:15:00,40.732807,-73.986015,0,0,Unspecified,4457828,23.9,19.1,4.0,4.0,0.0,10.0,55,18.8,37.8,38,Drizzle: Dense,0,0,
7727,2021-09-17 23:45:00,40.765266,-73.81517,1,0,Alcohol Involvement,4458378,23.6,20.1,1.0,1.0,0.0,7.0,51,20.3,38.9,59,Drizzle: Light,1,1,
7728,2021-09-15 10:05:00,40.769314,-73.95961,0,0,Passing Too Closely,4458931,29.6,20.7,0.3,0.3,0.0,3.0,51,21.6,40.7,192,Drizzle: Light,0,0,
7729,2021-09-16 15:00:00,40.73885,-73.810356,1,0,Traffic Control Disregarded,4458161,23.9,19.1,4.0,4.0,0.0,10.0,55,18.8,37.8,38,Drizzle: Dense,1,1,
7730,2021-09-16 17:25:00,40.707466,-73.7887,3,0,Turning Improperly,4457936,23.9,19.1,4.0,4.0,0.0,10.0,55,18.8,37.8,38,Drizzle: Dense,3,3,
7731,2021-09-13 13:30:00,40.877476,-73.83661,1,0,Driver Inattention/Distraction,4458066,28.8,21.8,1.1,1.1,0.0,2.0,53,20.1,36.7,277,Drizzle: Moderate,1,1,
7732,2021-09-17 18:16:00,40.768974,-73.773766,1,0,,4458694,23.6,20.1,1.0,1.0,0.0,7.0,51,20.3,38.9,59,Drizzle: Light,1,1,
7733,2021-09-17 19:05:00,40.61917,-74.025566,0,0,Unspecified,4458232,23.6,20.1,1.0,1.0,0.0,7.0,51,20.3,38.9,59,Drizzle: Light,0,0,
7734,2021-09-14 11:30:00,40.729153,-73.94224,0,0,Failure to Yield Right-of-Way,4458219,26.0,19.0,0.2,0.2,0.0,1.0,51,18.0,35.6,138,Drizzle: Light,0,0,
7735,2021-09-15 14:30:00,40.572674,-74.10755,1,0,Unsafe Lane Changing,4457613,29.6,20.7,0.3,0.3,0.0,3.0,51,21.6,40.7,192,Drizzle: Light,1,1,
7736,2021-09-17 15:30:00,40.66337,-73.89267,2,0,Unspecified,4458474,23.6,20.1,1.0,1.0,0.0,7.0,51,20.3,38.9,59,Drizzle: Light,2,2,
7737,2021-09-16 08:35:00,40.67816,-73.897484,0,0,Failure to Keep Right,4457837,23.9,19.1,4.0,4.0,0.0,10.0,55,18.8,37.8,38,Drizzle: Dense,0,0,
7738,2021-09-16 10:00:00,40.61901,-73.98686,1,0,Passenger Distraction,4457954,23.9,19.1,4.0,4.0,0.0,10.0,55,18.8,37.8,38,Drizzle: Dense,1,1,
7739,2021-09-15 23:30:00,40.766777,-73.89404,0,0,Other Vehicular,4457718,29.6,20.7,0.3,0.3,0.0,3.0,51,21.6,40.7,192,Drizzle: Light,0,0,
7740,2021-09-16 20:20:00,40.639366,-73.9113,4,0,Traffic Control Disregarded,4457970,23.9,19.1,4.0,4.0,0.0,10.0,55,18.8,37.8,38,Drizzle: Dense,4,4,
7741,2021-09-10 18:03:00,40.76945,-73.9171,0,0,Driver Inattention/Distraction,4458312,22.9,16.0,0.0,0.0,0.0,0.0,3,24.2,47.2,314,Overcast,0,0,
7742,2021-09-17 23:22:00,40.585026,-73.958275,0,0,Unspecified,4458545,23.6,20.1,1.0,1.0,0.0,7.0,51,20.3,38.9,59,Drizzle: Light,0,0,
7743,2021-09-15 00:30:00,40.831203,-73.88724,0,0,Unspecified,4458130,29.6,20.7,0.3,0.3,0.0,3.0,51,21.6,40.7,192,Drizzle: Light,0,0,
7744,2021-09-17 02:33:00,40.700726,-73.94194,2,0,Driver Inattention/Distraction,4457992,23.6,20.1,1.0,1.0,0.0,7.0,51,20.3,38.9,59,Drizzle: Light,2,2,
7745,2021-09-15 01:20:00,40.88014,-73.852036,0,0,Failure to Yield Right-of-Way,4458115,29.6,20.7,0.3,0.3,0.0,3.0,51,21.6,40.7,192,Drizzle: Light,0,0,
7746,2021-09-16 10:38:00,40.67058,-73.93096,0,0,Other Vehicular,4458698,23.9,19.1,4.0,4.0,0.0,10.0,55,18.8,37.8,38,Drizzle: Dense,0,0,
7747,2021-04-23 00:00:00,40.824738,-73.95435,1,0,Unspecified,4412141,15.5,2.0,0.0,0.0,0.0,0.0,3,28.7,57.2,273,Overcast,1,1,
7748,2021-08-27 17:58:00,40.66813,-73.93675,1,0,Driver Inattention/Distraction,4458093,32.2,23.4,1.4,1.4,0.0,2.0,55,9.4,22.3,299,Drizzle: Dense,1,1,
7749,2021-09-08 20:19:00,40.843956,-73.8978,1,0,Driver Inattention/Distraction,4458981,26.4,19.6,0.7,0.7,0.0,6.0,51,26.7,55.8,187,Drizzle: Light,1,1,
7750,2021-09-16 07:31:00,40.699455,-73.9397,1,0,Following Too Closely,4457751,23.9,19.1,4.0,4.0,0.0,10.0,55,18.8,37.8,38,Drizzle: Dense,1,1,
7751,2021-09-16 16:20:00,40.854965,-73.93625,0,0,Unspecified,4458701,23.9,19.1,4.0,4.0,0.0,10.0,55,18.8,37.8,38,Drizzle: Dense,0,0,
7752,2021-09-16 12:10:00,40.84205,-73.83791,0,0,Passing or Lane Usage Improper,4457923,23.9,19.1,4.0,4.0,0.0,10.0,55,18.8,37.8,38,Drizzle: Dense,0,0,
7753,2021-09-15 00:30:00,40.85706,-73.90469,1,0,Passing or Lane Usage Improper,4457708,29.6,20.7,0.3,0.3,0.0,3.0,51,21.6,40.7,192,Drizzle: Light,1,1,
7754,2021-09-15 11:30:00,40.67643,-73.89128,1,0,Following Too Closely,4457503,29.6,20.7,0.3,0.3,0.0,3.0,51,21.6,40.7,192,Drizzle: Light,1,1,
7755,2021-09-15 08:09:00,40.636353,-73.885765,1,0,Unsafe Speed,4457552,29.6,20.7,0.3,0.3,0.0,3.0,51,21.6,40.7,192,Drizzle: Light,1,1,
7756,2021-09-16 21:36:00,40.836136,-73.86616,0,0,Fell Asleep,4458088,23.9,19.1,4.0,4.0,0.0,10.0,55,18.8,37.8,38,Drizzle: Dense,0,0,
7757,2021-09-17 10:15:00,40.72579,-73.904724,1,0,Driver Inattention/Distraction,4458733,23.6,20.1,1.0,1.0,0.0,7.0,51,20.3,38.9,59,Drizzle: Light,1,1,
7758,2021-09-15 16:53:00,40.7591,-73.99214,0,0,Unspecified,4457778,29.6,20.7,0.3,0.3,0.0,3.0,51,21.6,40.7,192,Drizzle: Light,0,0,
7759,2021-09-15 05:32:00,40.900604,-73.85259,0,0,Obstruction/Debris,4458105,29.6,20.7,0.3,0.3,0.0,3.0,51,21.6,40.7,192,Drizzle: Light,0,0,
7760,2021-07-28 14:10:00,40.8232,-73.94515,0,0,Unspecified,4458606,26.7,20.2,0.7,0.7,0.0,3.0,53,16.7,34.2,1,Drizzle: Moderate,0,0,
7761,2021-09-17 10:07:00,40.726624,-73.906456,0,0,Unspecified,4458749,23.6,20.1,1.0,1.0,0.0,7.0,51,20.3,38.9,59,Drizzle: Light,0,0,
7762,2021-09-16 17:40:00,40.693047,-73.99074,0,0,Passing or Lane Usage Improper,4457937,23.9,19.1,4.0,4.0,0.0,10.0,55,18.8,37.8,38,Drizzle: Dense,0,0,
7763,2021-09-15 18:30:00,40.655903,-73.93475,0,0,Unspecified,4458745,29.6,20.7,0.3,0.3,0.0,3.0,51,21.6,40.7,192,Drizzle: Light,0,0,
7764,2021-09-13 08:17:00,40.773148,-73.950554,0,0,Cell Phone (hand-Held),4458056,28.8,21.8,1.1,1.1,0.0,2.0,53,20.1,36.7,277,Drizzle: Moderate,0,0,
7765,2021-09-17 02:51:00,40.780087,-73.817154,0,0,Unsafe Speed,4458295,23.6,20.1,1.0,1.0,0.0,7.0,51,20.3,38.9,59,Drizzle: Light,0,0,
7766,2021-09-16 15:23:00,40.645348,-74.01375,1,0,Driver Inattention/Distraction,4457979,23.9,19.1,4.0,4.0,0.0,10.0,55,18.8,37.8,38,Drizzle: Dense,1,1,
7767,2021-09-15 18:30:00,40.76393,-73.96908,0,0,Unspecified,4458007,29.6,20.7,0.3,0.3,0.0,3.0,51,21.6,40.7,192,Drizzle: Light,0,0,
7768,2021-09-15 12:10:00,40.675842,-73.78305,0,0,Unspecified,4457656,29.6,20.7,0.3,0.3,0.0,3.0,51,21.6,40.7,192,Drizzle: Light,0,0,
7769,2021-09-15 14:40:00,40.85188,-73.8683,0,0,Driver Inattention/Distraction,4457892,29.6,20.7,0.3,0.3,0.0,3.0,51,21.6,40.7,192,Drizzle: Light,0,0,
7770,2021-09-13 07:20:00,40.677822,-73.91636,2,0,Failure to Yield Right-of-Way,4458667,28.8,21.8,1.1,1.1,0.0,2.0,53,20.1,36.7,277,Drizzle: Moderate,2,2,
7771,2021-12-08 17:50:00,40.772327,-73.94531,0,0,Other Vehicular,4484846,4.7,0.9,0.7,0.7,0.0,2.0,51,14.5,24.8,355,Drizzle: Light,0,0,
7772,2021-09-16 15:30:00,40.66647,-73.882515,2,0,Unspecified,4457898,23.9,19.1,4.0,4.0,0.0,10.0,55,18.8,37.8,38,Drizzle: Dense,2,2,
7773,2021-09-15 05:06:00,40.829647,-73.94439,0,0,Unspecified,4457320,29.6,20.7,0.3,0.3,0.0,3.0,51,21.6,40.7,192,Drizzle: Light,0,0,
7774,2021-09-15 20:30:00,40.71241,-73.95764,0,0,Passing or Lane Usage Improper,4457684,29.6,20.7,0.3,0.3,0.0,3.0,51,21.6,40.7,192,Drizzle: Light,0,0,
7775,2021-09-16 06:05:00,40.69756,-73.85275,0,0,Turning Improperly,4458907,23.9,19.1,4.0,4.0,0.0,10.0,55,18.8,37.8,38,Drizzle: Dense,0,0,
7776,2021-09-15 17:22:00,40.81377,-73.919464,1,0,Unspecified,4457695,29.6,20.7,0.3,0.3,0.0,3.0,51,21.6,40.7,192,Drizzle: Light,1,1,
7777,2021-09-14 19:23:00,40.825413,-73.923485,1,0,Unsafe Speed,4458024,26.0,19.0,0.2,0.2,0.0,1.0,51,18.0,35.6,138,Drizzle: Light,1,1,
7778,2021-12-18 08:15:00,40.56467,-74.1156,1,0,Pedestrian/Bicyclist/Other Pedestrian Error/Confusion,4487475,6.3,4.5,3.8,3.8,0.0,9.0,61,12.3,24.5,35,Rain: Light,1,1,
7779,2021-09-15 15:14:00,40.8018,-73.96108,0,0,Following Too Closely,4457610,29.6,20.7,0.3,0.3,0.0,3.0,51,21.6,40.7,192,Drizzle: Light,0,0,
7780,2021-09-17 13:20:00,40.68766,-73.85057,0,0,Passing or Lane Usage Improper,4458634,23.6,20.1,1.0,1.0,0.0,7.0,51,20.3,38.9,59,Drizzle: Light,0,0,
7781,2021-09-16 07:30:00,40.58382,-73.970856,1,0,Traffic Control Disregarded,4457806,23.9,19.1,4.0,4.0,0.0,10.0,55,18.8,37.8,38,Drizzle: Dense,1,1,
7782,2021-09-17 11:22:00,40.683647,-73.856384,0,0,Following Too Closely,4458120,23.6,20.1,1.0,1.0,0.0,7.0,51,20.3,38.9,59,Drizzle: Light,0,0,
7783,2021-09-17 14:00:00,40.84107,-73.93605,0,0,Driver Inattention/Distraction,4458822,23.6,20.1,1.0,1.0,0.0,7.0,51,20.3,38.9,59,Drizzle: Light,0,0,
7784,2021-09-17 01:15:00,40.75457,-73.97169,1,0,Driver Inattention/Distraction,4458157,23.6,20.1,1.0,1.0,0.0,7.0,51,20.3,38.9,59,Drizzle: Light,1,1,
7785,2021-09-15 18:07:00,40.864872,-73.90253,0,0,Unspecified,4458566,29.6,20.7,0.3,0.3,0.0,3.0,51,21.6,40.7,192,Drizzle: Light,0,0,
7786,2021-09-17 14:29:00,40.737156,-73.97834,0,0,Unspecified,4458372,23.6,20.1,1.0,1.0,0.0,7.0,51,20.3,38.9,59,Drizzle: Light,0,0,
7787,2021-09-16 08:12:00,40.761753,-74.00051,0,0,Driver Inattention/Distraction,4458083,23.9,19.1,4.0,4.0,0.0,10.0,55,18.8,37.8,38,Drizzle: Dense,0,0,
7788,2021-09-17 18:10:00,40.656044,-73.90724,0,0,Unspecified,4458684,23.6,20.1,1.0,1.0,0.0,7.0,51,20.3,38.9,59,Drizzle: Light,0,0,
7789,2021-06-09 20:56:00,40.853813,-73.90734,1,0,Failure to Yield Right-of-Way,4425766,30.2,21.4,1.1,1.1,0.0,5.0,51,11.7,28.1,286,Drizzle: Light,1,1,
7790,2021-09-17 17:40:00,40.860355,-73.86716,0,0,Passing or Lane Usage Improper,4458332,23.6,20.1,1.0,1.0,0.0,7.0,51,20.3,38.9,59,Drizzle: Light,0,0,
7791,2021-09-17 12:00:00,40.72406,-73.94426,0,0,Unspecified,4458215,23.6,20.1,1.0,1.0,0.0,7.0,51,20.3,38.9,59,Drizzle: Light,0,0,
7792,2021-09-14 14:30:00,40.773655,-73.97783,0,0,Driver Inattention/Distraction,4458428,26.0,19.0,0.2,0.2,0.0,1.0,51,18.0,35.6,138,Drizzle: Light,0,0,
7793,2021-09-17 15:04:00,40.666294,-73.89445,1,0,Unspecified,4458481,23.6,20.1,1.0,1.0,0.0,7.0,51,20.3,38.9,59,Drizzle: Light,1,1,
7794,2021-09-13 13:10:00,40.70281,-73.9254,1,0,Driver Inexperience,4459011,28.8,21.8,1.1,1.1,0.0,2.0,53,20.1,36.7,277,Drizzle: Moderate,1,1,
7795,2021-09-15 19:46:00,40.637325,-74.03115,0,0,Unspecified,4457633,29.6,20.7,0.3,0.3,0.0,3.0,51,21.6,40.7,192,Drizzle: Light,0,0,
7796,2021-09-11 15:00:00,40.641582,-73.89313,0,0,Unspecified,4458616,24.7,12.9,0.0,0.0,0.0,0.0,3,16.6,34.2,246,Overcast,0,0,
7797,2021-09-16 20:30:00,40.747684,-73.97879,0,0,Driver Inattention/Distraction,4457948,23.9,19.1,4.0,4.0,0.0,10.0,55,18.8,37.8,38,Drizzle: Dense,0,0,
7798,2021-09-17 06:25:00,40.669403,-73.94221,1,0,Aggressive Driving/Road Rage,4458795,23.6,20.1,1.0,1.0,0.0,7.0,51,20.3,38.9,59,Drizzle: Light,1,1,
7799,2021-09-17 17:21:00,40.785866,-73.950935,0,0,Failure to Yield Right-of-Way,4458929,23.6,20.1,1.0,1.0,0.0,7.0,51,20.3,38.9,59,Drizzle: Light,0,0,
7800,2021-09-16 23:50:00,40.831127,-73.91745,1,0,Following Too Closely,4458098,23.9,19.1,4.0,4.0,0.0,10.0,55,18.8,37.8,38,Drizzle: Dense,1,1,
7801,2021-09-15 16:49:00,40.868317,-73.88189,0,0,Other Vehicular,4458078,29.6,20.7,0.3,0.3,0.0,3.0,51,21.6,40.7,192,Drizzle: Light,0,0,
7802,2021-09-16 11:32:00,40.765568,-73.98745,1,0,Turning Improperly,4458317,23.9,19.1,4.0,4.0,0.0,10.0,55,18.8,37.8,38,Drizzle: Dense,1,1,
7803,2021-09-10 21:00:00,40.676132,-73.921906,0,0,Unspecified,4458707,22.9,16.0,0.0,0.0,0.0,0.0,3,24.2,47.2,314,Overcast,0,0,
7804,2021-09-16 22:40:00,40.643303,-73.974106,0,0,Unspecified,4458523,23.9,19.1,4.0,4.0,0.0,10.0,55,18.8,37.8,38,Drizzle: Dense,0,0,
7805,2021-09-16 20:42:00,40.853706,-73.871864,0,0,Driver Inattention/Distraction,4458147,23.9,19.1,4.0,4.0,0.0,10.0,55,18.8,37.8,38,Drizzle: Dense,0,0,
7806,2021-09-16 15:06:00,40.758972,-73.845085,0,0,Driver Inattention/Distraction,4458013,23.9,19.1,4.0,4.0,0.0,10.0,55,18.8,37.8,38,Drizzle: Dense,0,0,
7807,2021-09-17 17:00:00,40.83027,-73.94393,0,0,Driver Inexperience,4458258,23.6,20.1,1.0,1.0,0.0,7.0,51,20.3,38.9,59,Drizzle: Light,0,0,
7808,2021-09-17 09:50:00,40.708904,-73.95926,1,0,Passing or Lane Usage Improper,4458110,23.6,20.1,1.0,1.0,0.0,7.0,51,20.3,38.9,59,Drizzle: Light,1,1,
7809,2021-09-17 17:30:00,40.665398,-73.92663,1,0,Failure to Yield Right-of-Way,4458739,23.6,20.1,1.0,1.0,0.0,7.0,51,20.3,38.9,59,Drizzle: Light,1,1,
7810,2021-09-17 15:06:00,40.759037,-73.78409,0,0,Unspecified,4458282,23.6,20.1,1.0,1.0,0.0,7.0,51,20.3,38.9,59,Drizzle: Light,0,0,
7811,2021-09-17 12:45:00,40.704304,-73.80315,1,0,Backing Unsafely,4458211,23.6,20.1,1.0,1.0,0.0,7.0,51,20.3,38.9,59,Drizzle: Light,1,1,
7812,2021-09-07 07:04:00,40.693314,-73.92496,2,0,Passing Too Closely,4458344,25.9,15.2,0.0,0.0,0.0,0.0,1,12.5,25.6,259,Mainly clear,2,2,Sunny/Clear Conditions
7813,2021-09-17 00:00:00,40.819267,-73.884865,1,0,View Obstructed/Limited,4458142,23.6,20.1,1.0,1.0,0.0,7.0,51,20.3,38.9,59,Drizzle: Light,1,1,
7814,2021-09-08 07:05:00,40.694946,-73.9921,0,0,Driver Inattention/Distraction,4458853,26.4,19.6,0.7,0.7,0.0,6.0,51,26.7,55.8,187,Drizzle: Light,0,0,
7815,2021-09-17 15:12:00,40.658306,-73.881836,0,0,Unspecified,4458484,23.6,20.1,1.0,1.0,0.0,7.0,51,20.3,38.9,59,Drizzle: Light,0,0,
7816,2021-09-16 08:44:00,40.676594,-73.91556,0,0,Unspecified,4458671,23.9,19.1,4.0,4.0,0.0,10.0,55,18.8,37.8,38,Drizzle: Dense,0,0,