,CRASH DATETIME,LATITUDE,LONGITUDE,NUMBER OF PERSONS INJURED,NUMBER OF PERSONS KILLED,CONTRIBUTING FACTOR VEHICLE 1,COLLISION_ID,temperature_2m_max,temperature_2m_min,precipitation_sum,rain_sum,snowfall_sum,precipitation_hours,weather_code,wind_speed_10m_max,wind_gusts_10m_max,wind_direction_10m_dominant,Weather Description,Severity_Score,Total_Affected_Persons,Weather_Category
7817,2021-09-15 16:00:00,40.583107,-73.95415,1,0,Failure to Yield Right-of-Way,4457689,29.6,20.7,0.3,0.3,0.0,3.0,51,21.6,40.7,192,Drizzle: Light,1,1,
7818,2021-09-15 12:35:00,40.608562,-74.1472,1,0,Driver Inattention/Distraction,4457539,29.6,20.7,0.3,0.3,0.0,3.0,51,21.6,40.7,192,Drizzle: Light,1,1,
7819,2021-09-15 07:57:00,40.712196,-74.00857,0,0,Passing Too Closely,4457406,29.6,20.7,0.3,0.3,0.0,3.0,51,21.6,40.7,192,Drizzle: Light,0,0,
7820,2022-03-27 15:00:00,40.748783,-73.81279,0,0,Unsafe Speed,4514142,7.5,-1.1,0.3,0.3,0.07,3.0,71,26.4,47.5,288,Snow fall: Light,0,0,Snowy Conditions
7821,2021-09-15 14:16:00,40.70359,-74.01236,0,0,Passing Too Closely,4457815,29.6,20.7,0.3,0.3,0.0,3.0,51,21.6,40.7,192,Drizzle: Light,0,0,
7822,2021-09-14 08:30:00,40.705296,-73.8578,0,0,Following Too Closely,4458728,26.0,19.0,0.2,0.2,0.0,1.0,51,18.0,35.6,138,Drizzle: Light,0,0,
7823,2021-09-15 14:45:00,40.65723,-73.96025,0,0,Driver Inattention/Distraction,4457595,29.6,20.7,0.3,0.3,0.0,3.0,51,21.6,40.7,192,Drizzle: Light,0,0,
7824,2021-09-15 15:40:00,40.72981,-73.74469,1,0,Pedestrian/Bicyclist/Other Pedestrian Error/Confusion,4457581,29.6,20.7,0.3,0.3,0.0,3.0,51,21.6,40.7,192,Drizzle: Light,1,1,
7825,2021-09-15 17:15:00,40.584682,-74.16871,1,0,Illnes,4457766,29.6,20.7,0.3,0.3,0.0,3.0,51,21.6,40.7,192,Drizzle: Light,1,1,
7826,2021-09-17 15:55:00,40.818336,-73.907005,0,0,Unspecified,4458415,23.6,20.1,1.0,1.0,0.0,7.0,51,20.3,38.9,59,Drizzle: Light,0,0,
7827,2021-09-15 20:00:00,40.807037,-73.949745,2,0,Traffic Control Disregarded,4458125,29.6,20.7,0.3,0.3,0.0,3.0,51,21.6,40.7,192,Drizzle: Light,2,2,
7828,2021-09-16 16:44:00,40.679684,-73.93668,0,0,Driverless/Runaway Vehicle,4458763,23.9,19.1,4.0,4.0,0.0,10.0,55,18.8,37.8,38,Drizzle: Dense,0,0,
7829,2021-09-16 13:53:00,40.652157,-73.90413,1,0,Turning Improperly,4458184,23.9,19.1,4.0,4.0,0.0,10.0,55,18.8,37.8,38,Drizzle: Dense,1,1,
7830,2021-09-17 20:10:00,40.71535,-73.95068,0,0,Unspecified,4458299,23.6,20.1,1.0,1.0,0.0,7.0,51,20.3,38.9,59,Drizzle: Light,0,0,
7831,2021-09-15 15:33:00,40.62629,-74.023964,0,0,Driver Inattention/Distraction,4457628,29.6,20.7,0.3,0.3,0.0,3.0,51,21.6,40.7,192,Drizzle: Light,0,0,
7832,2021-09-15 05:25:00,40.720234,-73.98448,1,0,Passing or Lane Usage Improper,4457662,29.6,20.7,0.3,0.3,0.0,3.0,51,21.6,40.7,192,Drizzle: Light,1,1,
7833,2021-09-15 07:45:00,40.78776,-73.79137,0,0,Failure to Yield Right-of-Way,4457915,29.6,20.7,0.3,0.3,0.0,3.0,51,21.6,40.7,192,Drizzle: Light,0,0,
7834,2021-09-14 11:34:00,40.654163,-73.91154,0,0,Unspecified,4458169,26.0,19.0,0.2,0.2,0.0,1.0,51,18.0,35.6,138,Drizzle: Light,0,0,
7835,2021-09-17 19:00:00,40.61515,-74.00204,0,0,Unspecified,4458625,23.6,20.1,1.0,1.0,0.0,7.0,51,20.3,38.9,59,Drizzle: Light,0,0,
7836,2021-09-16 23:27:00,40.683804,-73.833534,1,0,Driver Inattention/Distraction,4458020,23.9,19.1,4.0,4.0,0.0,10.0,55,18.8,37.8,38,Drizzle: Dense,1,1,
7837,2021-09-16 00:05:00,40.74545,-73.871216,0,0,Passing Too Closely,4457677,23.9,19.1,4.0,4.0,0.0,10.0,55,18.8,37.8,38,Drizzle: Dense,0,0,
7838,2021-09-17 09:42:00,40.583534,-73.984184,0,0,Unsafe Speed,4458152,23.6,20.1,1.0,1.0,0.0,7.0,51,20.3,38.9,59,Drizzle: Light,0,0,
7839,2021-09-15 20:30:00,40.851227,-73.88789,0,0,Backing Unsafely,4458955,29.6,20.7,0.3,0.3,0.0,3.0,51,21.6,40.7,192,Drizzle: Light,0,0,
7840,2021-09-15 15:18:00,40.527912,-74.23442,1,0,Driver Inattention/Distraction,4458037,29.6,20.7,0.3,0.3,0.0,3.0,51,21.6,40.7,192,Drizzle: Light,1,1,
7841,2021-09-15 16:30:00,40.583298,-74.099915,0,0,Passing Too Closely,4457614,29.6,20.7,0.3,0.3,0.0,3.0,51,21.6,40.7,192,Drizzle: Light,0,0,
7842,2021-09-17 14:10:00,40.86038,-73.88889,1,0,Driver Inattention/Distraction,4458947,23.6,20.1,1.0,1.0,0.0,7.0,51,20.3,38.9,59,Drizzle: Light,1,1,
7843,2021-09-17 14:35:00,40.770752,-73.95695,0,0,Unsafe Lane Changing,4458922,23.6,20.1,1.0,1.0,0.0,7.0,51,20.3,38.9,59,Drizzle: Light,0,0,
7844,2021-09-15 23:00:00,40.65743,-73.9451,2,0,Unsafe Speed,4457983,29.6,20.7,0.3,0.3,0.0,3.0,51,21.6,40.7,192,Drizzle: Light,2,2,
7845,2021-09-15 20:40:00,40.64485,-73.911125,2,0,Following Too Closely,4458364,29.6,20.7,0.3,0.3,0.0,3.0,51,21.6,40.7,192,Drizzle: Light,2,2,
7846,2021-09-09 18:10:00,40.818905,-73.93859,0,0,Driver Inattention/Distraction,4458226,22.4,19.8,18.4,18.4,0.0,15.0,63,17.5,39.2,271,Rain: Moderate,0,0,
7847,2021-09-16 01:25:00,40.830112,-73.850266,0,0,Unspecified,4457840,23.9,19.1,4.0,4.0,0.0,10.0,55,18.8,37.8,38,Drizzle: Dense,0,0,
7848,2021-09-12 20:45:00,40.71997,-73.992905,0,0,Driver Inattention/Distraction,4458584,28.8,18.3,0.0,0.0,0.0,0.0,3,24.3,46.8,233,Overcast,0,0,
7849,2021-09-17 22:00:00,40.698486,-73.986664,0,0,Driver Inattention/Distraction,4458243,23.6,20.1,1.0,1.0,0.0,7.0,51,20.3,38.9,59,Drizzle: Light,0,0,
7850,2021-09-17 16:53:00,40.867794,-73.8617,2,0,Driver Inattention/Distraction,4458337,23.6,20.1,1.0,1.0,0.0,7.0,51,20.3,38.9,59,Drizzle: Light,2,2,
7851,2021-09-17 01:10:00,40.72032,-73.99405,1,0,Traffic Control Disregarded,4458551,23.6,20.1,1.0,1.0,0.0,7.0,51,20.3,38.9,59,Drizzle: Light,1,1,
7852,2021-09-16 14:30:00,40.70975,-73.79562,0,0,Following Too Closely,4458174,23.9,19.1,4.0,4.0,0.0,10.0,55,18.8,37.8,38,Drizzle: Dense,0,0,
7853,2021-09-16 22:55:00,40.638786,-73.94538,0,0,Driver Inattention/Distraction,4458179,23.9,19.1,4.0,4.0,0.0,10.0,55,18.8,37.8,38,Drizzle: Dense,0,0,
7854,2021-09-17 12:25:00,40.675663,-73.75248,0,0,Failure to Yield Right-of-Way,4458137,23.6,20.1,1.0,1.0,0.0,7.0,51,20.3,38.9,59,Drizzle: Light,0,0,
7855,2021-09-11 03:30:00,40.547085,-74.19784,0,0,Unspecified,4458047,24.7,12.9,0.0,0.0,0.0,0.0,3,16.6,34.2,246,Overcast,0,0,
7856,2021-09-17 09:15:00,40.631706,-73.94649,0,0,Unspecified,4458449,23.6,20.1,1.0,1.0,0.0,7.0,51,20.3,38.9,59,Drizzle: Light,0,0,
7857,2021-09-15 17:54:00,40.701977,-73.80982,1,0,Driver Inattention/Distraction,4457883,29.6,20.7,0.3,0.3,0.0,3.0,51,21.6,40.7,192,Drizzle: Light,1,1,
7858,2021-09-15 00:00:00,40.808228,-73.96654,0,0,Backing Unsafely,4458782,29.6,20.7,0.3,0.3,0.0,3.0,51,21.6,40.7,192,Drizzle: Light,0,0,
7859,2021-09-15 16:10:00,40.6628,-73.978355,0,0,Unsafe Lane Changing,4457642,29.6,20.7,0.3,0.3,0.0,3.0,51,21.6,40.7,192,Drizzle: Light,0,0,
7860,2021-12-09 20:30:00,40.60827,-73.94232,0,0,Unsafe Speed,4485210,3.6,-2.0,0.1,0.0,0.07,1.0,71,19.2,33.8,295,Snow fall: Light,0,0,Snowy Conditions
7861,2021-12-09 07:33:00,40.5911,-74.10205,0,0,Obstruction/Debris,4485456,3.6,-2.0,0.1,0.0,0.07,1.0,71,19.2,33.8,295,Snow fall: Light,0,0,Snowy Conditions
7862,2021-12-09 18:30:00,40.880756,-73.8821,0,0,Unspecified,4485415,3.6,-2.0,0.1,0.0,0.07,1.0,71,19.2,33.8,295,Snow fall: Light,0,0,Snowy Conditions
7863,2021-12-08 11:06:00,40.602226,-73.968666,1,0,Unspecified,4484831,4.7,0.9,0.7,0.7,0.0,2.0,51,14.5,24.8,355,Drizzle: Light,1,1,
7864,2020-12-11 01:45:00,40.846657,-73.85944,0,0,Failure to Yield Right-of-Way,4485338,10.6,-1.1,0.0,0.0,0.0,0.0,3,14.4,29.9,219,Overcast,0,0,
7865,2021-12-09 10:30:00,40.62506,-74.13582,0,0,Driver Inattention/Distraction,4485014,3.6,-2.0,0.1,0.0,0.07,1.0,71,19.2,33.8,295,Snow fall: Light,0,0,Snowy Conditions
7866,2021-12-10 11:31:00,40.728996,-73.88225,0,0,Unspecified,4485640,8.5,1.6,0.0,0.0,0.0,0.0,3,9.8,20.5,183,Overcast,0,0,
7867,2021-12-09 11:15:00,40.833134,-73.90089,0,0,Unspecified,4485676,3.6,-2.0,0.1,0.0,0.07,1.0,71,19.2,33.8,295,Snow fall: Light,0,0,Snowy Conditions
7868,2021-12-10 13:30:00,40.824738,-73.95435,0,0,Driver Inattention/Distraction,4485389,8.5,1.6,0.0,0.0,0.0,0.0,3,9.8,20.5,183,Overcast,0,0,
7869,2021-12-10 10:50:00,40.632145,-73.952736,0,0,Unspecified,4485505,8.5,1.6,0.0,0.0,0.0,0.0,3,9.8,20.5,183,Overcast,0,0,
7870,2021-12-09 16:45:00,40.63293,-74.00578,0,0,Backing Unsafely,4485356,3.6,-2.0,0.1,0.0,0.07,1.0,71,19.2,33.8,295,Snow fall: Light,0,0,Snowy Conditions
7871,2021-12-08 11:05:00,40.708782,-73.94344,1,0,Failure to Keep Right,4485876,4.7,0.9,0.7,0.7,0.0,2.0,51,14.5,24.8,355,Drizzle: Light,1,1,
7872,2021-12-09 17:20:00,40.68733,-73.98183,0,0,Passing or Lane Usage Improper,4485047,3.6,-2.0,0.1,0.0,0.07,1.0,71,19.2,33.8,295,Snow fall: Light,0,0,Snowy Conditions
7873,2021-12-13 15:12:00,40.857784,-73.83081,0,0,Unspecified,4488122,10.2,1.9,0.0,0.0,0.0,0.0,3,19.6,35.3,242,Overcast,0,0,
7874,2021-12-13 09:00:00,40.66475,-73.89405,0,0,Unspecified,4488088,10.2,1.9,0.0,0.0,0.0,0.0,3,19.6,35.3,242,Overcast,0,0,
7875,2021-12-18 14:50:00,40.721275,-73.81671,0,0,Traffic Control Disregarded,4487679,6.3,4.5,3.8,3.8,0.0,9.0,61,12.3,24.5,35,Rain: Light,0,0,
7876,2021-12-16 18:17:00,40.63017,-74.113556,0,0,Driver Inattention/Distraction,4488046,14.6,9.9,0.0,0.0,0.0,0.0,3,22.4,38.5,222,Overcast,0,0,
7877,2021-12-15 10:21:00,40.658005,-73.87408,0,0,Unspecified,4488072,10.3,1.8,1.0,1.0,0.0,6.0,51,20.6,38.2,104,Drizzle: Light,0,0,
7878,2021-12-18 20:30:00,40.722095,-73.77772,0,0,Unspecified,4487688,6.3,4.5,3.8,3.8,0.0,9.0,61,12.3,24.5,35,Rain: Light,0,0,
7879,2021-12-18 00:22:00,40.80549,-73.91031,0,0,Following Too Closely,4488314,6.3,4.5,3.8,3.8,0.0,9.0,61,12.3,24.5,35,Rain: Light,0,0,
7880,2021-12-17 19:23:00,40.6755,-73.73864,1,0,Unspecified,4488248,13.9,6.1,0.0,0.0,0.0,0.0,3,21.5,37.1,265,Overcast,1,1,
7881,2021-12-18 17:45:00,40.74315,-73.831924,0,0,Following Too Closely,4487423,6.3,4.5,3.8,3.8,0.0,9.0,61,12.3,24.5,35,Rain: Light,0,0,
7882,2021-12-09 15:00:00,40.67549,-73.93885,1,0,Failure to Yield Right-of-Way,4488134,3.6,-2.0,0.1,0.0,0.07,1.0,71,19.2,33.8,295,Snow fall: Light,1,1,Snowy Conditions
7883,2021-12-18 17:25:00,40.699635,-73.95141,1,0,Following Too Closely,4487921,6.3,4.5,3.8,3.8,0.0,9.0,61,12.3,24.5,35,Rain: Light,1,1,
7884,2021-12-18 09:55:00,40.83381,-73.918396,0,0,Unspecified,4488009,6.3,4.5,3.8,3.8,0.0,9.0,61,12.3,24.5,35,Rain: Light,0,0,
7885,2021-12-18 23:15:00,40.67753,-73.73085,0,0,Unspecified,4487502,6.3,4.5,3.8,3.8,0.0,9.0,61,12.3,24.5,35,Rain: Light,0,0,
7886,2021-12-18 04:00:00,40.72246,-73.90456,0,0,Unspecified,4487721,6.3,4.5,3.8,3.8,0.0,9.0,61,12.3,24.5,35,Rain: Light,0,0,
7887,2021-12-18 20:23:00,40.67484,-73.82344,1,0,Traffic Control Disregarded,4487962,6.3,4.5,3.8,3.8,0.0,9.0,61,12.3,24.5,35,Rain: Light,1,1,
7888,2021-12-18 04:12:00,40.680485,-73.774704,1,0,Brakes Defective,4487861,6.3,4.5,3.8,3.8,0.0,9.0,61,12.3,24.5,35,Rain: Light,1,1,
7889,2021-12-18 17:00:00,40.759678,-73.97216,0,0,Unspecified,4487417,6.3,4.5,3.8,3.8,0.0,9.0,61,12.3,24.5,35,Rain: Light,0,0,
7890,2021-12-18 07:40:00,40.659107,-73.99576,0,0,Unspecified,4487362,6.3,4.5,3.8,3.8,0.0,9.0,61,12.3,24.5,35,Rain: Light,0,0,
7891,2021-12-18 00:00:00,40.709312,-73.90939,0,0,Unspecified,4488203,6.3,4.5,3.8,3.8,0.0,9.0,61,12.3,24.5,35,Rain: Light,0,0,
7892,2021-12-18 16:45:00,40.63082,-73.88636,0,0,Unspecified,4487755,6.3,4.5,3.8,3.8,0.0,9.0,61,12.3,24.5,35,Rain: Light,0,0,
7893,2021-12-18 19:30:00,40.68418,-73.983955,1,0,Driver Inattention/Distraction,4487507,6.3,4.5,3.8,3.8,0.0,9.0,61,12.3,24.5,35,Rain: Light,1,1,
7894,2021-12-18 10:25:00,40.66906,-73.88658,1,0,Unspecified,4488095,6.3,4.5,3.8,3.8,0.0,9.0,61,12.3,24.5,35,Rain: Light,1,1,
7895,2021-12-13 05:58:00,40.842762,-73.843124,0,0,Unspecified,4488117,10.2,1.9,0.0,0.0,0.0,0.0,3,19.6,35.3,242,Overcast,0,0,
7896,2021-12-18 15:25:00,40.588955,-74.167595,0,0,Driver Inattention/Distraction,4488052,6.3,4.5,3.8,3.8,0.0,9.0,61,12.3,24.5,35,Rain: Light,0,0,
7897,2021-12-17 05:37:00,40.694035,-73.72679,0,0,Unsafe Lane Changing,4488161,13.9,6.1,0.0,0.0,0.0,0.0,3,21.5,37.1,265,Overcast,0,0,
7898,2021-12-18 14:30:00,40.64903,-73.928154,0,0,Unspecified,4487604,6.3,4.5,3.8,3.8,0.0,9.0,61,12.3,24.5,35,Rain: Light,0,0,
7899,2021-12-18 21:50:00,40.657555,-73.894196,4,0,Following Too Closely,4488065,6.3,4.5,3.8,3.8,0.0,9.0,61,12.3,24.5,35,Rain: Light,4,4,
7900,2021-12-13 16:15:00,40.711246,-73.87095,1,0,Turning Improperly,4488197,10.2,1.9,0.0,0.0,0.0,0.0,3,19.6,35.3,242,Overcast,1,1,
7901,2021-12-18 13:00:00,40.869114,-73.89464,0,0,Unspecified,4488224,6.3,4.5,3.8,3.8,0.0,9.0,61,12.3,24.5,35,Rain: Light,0,0,
7902,2021-12-16 17:45:00,40.820187,-73.92149,1,0,Driver Inattention/Distraction,4488299,14.6,9.9,0.0,0.0,0.0,0.0,3,22.4,38.5,222,Overcast,1,1,
7903,2021-12-18 04:35:00,40.824066,-73.908714,1,0,Unsafe Speed,4487450,6.3,4.5,3.8,3.8,0.0,9.0,61,12.3,24.5,35,Rain: Light,1,1,
7904,2021-12-18 16:10:00,40.820187,-73.890686,0,0,Driver Inattention/Distraction,4487956,6.3,4.5,3.8,3.8,0.0,9.0,61,12.3,24.5,35,Rain: Light,0,0,
7905,2021-12-18 19:20:00,40.71337,-73.934814,0,0,Driver Inexperience,4487890,6.3,4.5,3.8,3.8,0.0,9.0,61,12.3,24.5,35,Rain: Light,0,0,
7906,2021-12-18 20:35:00,40.7441,-73.97637,1,0,Driver Inattention/Distraction,4487430,6.3,4.5,3.8,3.8,0.0,9.0,61,12.3,24.5,35,Rain: Light,1,1,
7907,2021-12-18 06:30:00,40.707325,-73.756134,0,0,Driver Inattention/Distraction,4487491,6.3,4.5,3.8,3.8,0.0,9.0,61,12.3,24.5,35,Rain: Light,0,0,
7908,2021-12-18 09:40:00,40.799305,-73.94324,0,0,Driver Inattention/Distraction,4488019,6.3,4.5,3.8,3.8,0.0,9.0,61,12.3,24.5,35,Rain: Light,0,0,
7909,2021-12-18 08:46:00,40.840633,-73.915184,0,0,Driver Inattention/Distraction,4488005,6.3,4.5,3.8,3.8,0.0,9.0,61,12.3,24.5,35,Rain: Light,0,0,
7910,2021-12-18 09:20:00,40.743267,-73.92436,0,0,Driver Inattention/Distraction,4487409,6.3,4.5,3.8,3.8,0.0,9.0,61,12.3,24.5,35,Rain: Light,0,0,
7911,2021-12-18 00:01:00,40.75279,-73.70219,0,0,Unsafe Speed,4488162,6.3,4.5,3.8,3.8,0.0,9.0,61,12.3,24.5,35,Rain: Light,0,0,
7912,2021-11-28 21:54:00,40.686996,-73.95685,0,0,Passing Too Closely,4488249,4.4,0.2,1.4,0.0,0.98,10.0,73,11.0,20.9,193,Snow fall: Moderate,0,0,Snowy Conditions
7913,2021-12-17 07:34:00,40.67637,-73.88323,0,0,Driver Inattention/Distraction,4488061,13.9,6.1,0.0,0.0,0.0,0.0,3,21.5,37.1,265,Overcast,0,0,
7914,2021-12-18 20:20:00,40.83441,-73.94986,1,0,Pavement Slippery,4487696,6.3,4.5,3.8,3.8,0.0,9.0,61,12.3,24.5,35,Rain: Light,1,1,
7915,2021-12-17 07:45:00,40.68011,-73.971596,0,0,Following Too Closely,4488109,13.9,6.1,0.0,0.0,0.0,0.0,3,21.5,37.1,265,Overcast,0,0,
7916,2021-12-18 00:05:00,40.82071,-73.818214,1,0,Unspecified,4488112,6.3,4.5,3.8,3.8,0.0,9.0,61,12.3,24.5,35,Rain: Light,1,1,
7917,2021-12-18 01:45:00,40.7456,-73.868095,0,0,Turning Improperly,4487333,6.3,4.5,3.8,3.8,0.0,9.0,61,12.3,24.5,35,Rain: Light,0,0,
7918,2021-12-12 12:00:00,40.694508,-73.79531,0,0,Driver Inattention/Distraction,4488214,13.0,3.4,0.5,0.5,0.0,1.0,53,32.4,62.6,284,Drizzle: Moderate,0,0,
7919,2021-12-18 20:54:00,40.814503,-73.88649,1,0,Unspecified,4487782,6.3,4.5,3.8,3.8,0.0,9.0,61,12.3,24.5,35,Rain: Light,1,1,
7920,2021-12-18 02:20:00,40.828297,-73.95087,0,0,Passing Too Closely,4487841,6.3,4.5,3.8,3.8,0.0,9.0,61,12.3,24.5,35,Rain: Light,0,0,
7921,2021-12-13 10:20:00,40.620438,-74.1672,0,0,Unsafe Lane Changing,4488152,10.2,1.9,0.0,0.0,0.0,0.0,3,19.6,35.3,242,Overcast,0,0,
7922,2021-12-18 09:25:00,40.649868,-73.93409,0,0,Following Too Closely,4487598,6.3,4.5,3.8,3.8,0.0,9.0,61,12.3,24.5,35,Rain: Light,0,0,
7923,2021-12-18 05:40:00,40.586338,-73.93421,0,0,Driver Inexperience,4488033,6.3,4.5,3.8,3.8,0.0,9.0,61,12.3,24.5,35,Rain: Light,0,0,
7924,2021-12-18 11:15:00,40.76635,-73.873024,3,0,Driver Inattention/Distraction,4487644,6.3,4.5,3.8,3.8,0.0,9.0,61,12.3,24.5,35,Rain: Light,3,3,
7925,2021-11-28 00:00:00,40.834114,-73.86327,0,0,Unspecified,4488189,4.4,0.2,1.4,0.0,0.98,10.0,73,11.0,20.9,193,Snow fall: Moderate,0,0,Snowy Conditions
7926,2021-12-18 18:00:00,40.5867,-73.81704,0,0,Traffic Control Disregarded,4487822,6.3,4.5,3.8,3.8,0.0,9.0,61,12.3,24.5,35,Rain: Light,0,0,
7927,2021-12-18 18:00:00,40.625866,-73.93469,1,0,Unspecified,4487484,6.3,4.5,3.8,3.8,0.0,9.0,61,12.3,24.5,35,Rain: Light,1,1,
7928,2021-12-18 10:24:00,40.587418,-73.95936,0,0,Driver Inattention/Distraction,4487388,6.3,4.5,3.8,3.8,0.0,9.0,61,12.3,24.5,35,Rain: Light,0,0,
7929,2021-12-18 19:15:00,40.609985,-73.96239,1,0,Unspecified,4487942,6.3,4.5,3.8,3.8,0.0,9.0,61,12.3,24.5,35,Rain: Light,1,1,
7930,2021-12-04 19:00:00,40.75898,-73.99595,0,0,Turning Improperly,4488043,8.3,-0.7,0.0,0.0,0.0,0.0,3,13.5,25.9,231,Overcast,0,0,
7931,2021-12-18 09:15:00,40.72455,-74.00194,0,0,Unspecified,4487538,6.3,4.5,3.8,3.8,0.0,9.0,61,12.3,24.5,35,Rain: Light,0,0,
7932,2021-12-18 21:34:00,40.81914,-73.93719,0,0,Driver Inexperience,4487986,6.3,4.5,3.8,3.8,0.0,9.0,61,12.3,24.5,35,Rain: Light,0,0,
7933,2021-12-17 13:15:00,40.83022,-73.94769,2,0,Illnes,4488173,13.9,6.1,0.0,0.0,0.0,0.0,3,21.5,37.1,265,Overcast,2,2,
7934,2021-12-18 00:40:00,40.652462,-73.92285,1,0,Driver Inattention/Distraction,4487635,6.3,4.5,3.8,3.8,0.0,9.0,61,12.3,24.5,35,Rain: Light,1,1,
7935,2021-12-18 03:00:00,40.735424,-73.974754,0,0,Backing Unsafely,4487712,6.3,4.5,3.8,3.8,0.0,9.0,61,12.3,24.5,35,Rain: Light,0,0,
7936,2021-12-18 11:10:00,40.80759,-73.954956,1,0,Unspecified,4488128,6.3,4.5,3.8,3.8,0.0,9.0,61,12.3,24.5,35,Rain: Light,1,1,
7937,2021-12-18 11:30:00,40.677155,-73.86887,0,0,Unspecified,4488081,6.3,4.5,3.8,3.8,0.0,9.0,61,12.3,24.5,35,Rain: Light,0,0,
7938,2021-12-18 22:56:00,40.697525,-73.746826,1,0,Backing Unsafely,4487764,6.3,4.5,3.8,3.8,0.0,9.0,61,12.3,24.5,35,Rain: Light,1,1,
7939,2021-12-18 01:47:00,40.654232,-73.94851,0,0,Unspecified,4487607,6.3,4.5,3.8,3.8,0.0,9.0,61,12.3,24.5,35,Rain: Light,0,0,
7940,2021-12-13 00:53:00,40.68728,-73.97979,0,0,Driver Inattention/Distraction,4488276,10.2,1.9,0.0,0.0,0.0,0.0,3,19.6,35.3,242,Overcast,0,0,
7941,2021-12-16 22:55:00,40.67904,-73.89381,0,0,Other Vehicular,4488067,14.6,9.9,0.0,0.0,0.0,0.0,3,22.4,38.5,222,Overcast,0,0,
7942,2021-12-17 23:56:00,40.664413,-73.89624,0,0,Driver Inattention/Distraction,4488076,13.9,6.1,0.0,0.0,0.0,0.0,3,21.5,37.1,265,Overcast,0,0,
7943,2021-12-18 06:45:00,40.78739,-73.938225,0,0,Unspecified,4488092,6.3,4.5,3.8,3.8,0.0,9.0,61,12.3,24.5,35,Rain: Light,0,0,
7944,2021-12-18 11:15:00,40.65608,-73.91737,0,0,Driver Inattention/Distraction,4487680,6.3,4.5,3.8,3.8,0.0,9.0,61,12.3,24.5,35,Rain: Light,0,0,
7945,2022-02-19 12:43:00,40.767967,-73.96822,0,0,Unsafe Lane Changing,4504363,3.3,-5.5,0.4,0.0,0.28,4.0,71,35.3,64.4,260,Snow fall: Light,0,0,Snowy Conditions
7946,2022-02-19 22:30:00,40.66256,-73.88824,2,0,Unsafe Speed,4504567,3.3,-5.5,0.4,0.0,0.28,4.0,71,35.3,64.4,260,Snow fall: Light,2,2,Snowy Conditions
7947,2022-02-19 12:25:00,40.87312,-73.8531,1,0,Driver Inattention/Distraction,4503967,3.3,-5.5,0.4,0.0,0.28,4.0,71,35.3,64.4,260,Snow fall: Light,1,1,Snowy Conditions
7948,2022-02-19 05:35:00,40.672073,-73.91135,0,0,Unspecified,4504132,3.3,-5.5,0.4,0.0,0.28,4.0,71,35.3,64.4,260,Snow fall: Light,0,0,Snowy Conditions
7949,2022-02-19 17:04:00,40.67708,-73.79318,0,0,Failure to Yield Right-of-Way,4504049,3.3,-5.5,0.4,0.0,0.28,4.0,71,35.3,64.4,260,Snow fall: Light,0,0,Snowy Conditions
7950,2022-02-19 08:34:00,40.832897,-73.86287,0,0,Unspecified,4504443,3.3,-5.5,0.4,0.0,0.28,4.0,71,35.3,64.4,260,Snow fall: Light,0,0,Snowy Conditions
7951,2022-03-23 08:30:00,40.82755,-73.87117,0,0,Backing Unsafely,4514529,8.4,1.3,2.2,2.2,0.0,3.0,55,19.6,34.6,73,Drizzle: Dense,0,0,
7952,2022-03-27 02:19:00,40.677025,-73.95268,0,0,Oversized Vehicle,4513649,7.5,-1.1,0.3,0.3,0.07,3.0,71,26.4,47.5,288,Snow fall: Light,0,0,Snowy Conditions
7953,2022-03-10 22:00:00,40.673542,-73.91955,1,0,Unspecified,4514630,9.0,-1.5,0.0,0.0,0.0,0.0,3,12.3,23.8,243,Overcast,1,1,
7954,2022-03-11 10:45:00,40.676598,-73.93039,0,0,Driver Inattention/Distraction,4514565,10.7,-1.0,0.0,0.0,0.0,0.0,3,20.5,39.2,178,Overcast,0,0,
7955,2022-03-27 00:09:00,40.68031,-73.96793,1,0,Following Too Closely,4513951,7.5,-1.1,0.3,0.3,0.07,3.0,71,26.4,47.5,288,Snow fall: Light,1,1,Snowy Conditions
7956,2022-03-27 21:46:00,40.736313,-73.85392,1,0,Driver Inattention/Distraction,4514308,7.5,-1.1,0.3,0.3,0.07,3.0,71,26.4,47.5,288,Snow fall: Light,1,1,Snowy Conditions
7957,2022-03-27 12:35:00,40.660423,-73.89311,0,0,Unspecified,4513843,7.5,-1.1,0.3,0.3,0.07,3.0,71,26.4,47.5,288,Snow fall: Light,0,0,Snowy Conditions
7958,2022-03-27 14:00:00,40.690693,-73.95728,0,0,Following Too Closely,4514252,7.5,-1.1,0.3,0.3,0.07,3.0,71,26.4,47.5,288,Snow fall: Light,0,0,Snowy Conditions
7959,2022-03-23 18:02:00,40.682823,-73.976585,3,0,View Obstructed/Limited,4514594,8.4,1.3,2.2,2.2,0.0,3.0,55,19.6,34.6,73,Drizzle: Dense,3,3,
7960,2022-03-26 23:15:00,40.82672,-73.85112,0,0,Driver Inattention/Distraction,4514491,10.1,4.9,6.1,5.8,0.21,8.0,71,21.6,41.0,251,Snow fall: Light,0,0,Snowy Conditions
7961,2022-03-27 20:30:00,40.64477,-73.954735,1,0,Driver Inattention/Distraction,4514072,7.5,-1.1,0.3,0.3,0.07,3.0,71,26.4,47.5,288,Snow fall: Light,1,1,Snowy Conditions
7962,2022-03-27 16:55:00,40.59232,-73.9931,1,0,Failure to Yield Right-of-Way,4514103,7.5,-1.1,0.3,0.3,0.07,3.0,71,26.4,47.5,288,Snow fall: Light,1,1,Snowy Conditions