,CRASH DATETIME,LATITUDE,LONGITUDE,NUMBER OF PERSONS INJURED,NUMBER OF PERSONS KILLED,CONTRIBUTING FACTOR VEHICLE 1,COLLISION_ID,temperature_2m_max,temperature_2m_min,precipitation_sum,rain_sum,snowfall_sum,precipitation_hours,weather_code,wind_speed_10m_max,wind_gusts_10m_max,wind_direction_10m_dominant,Weather Description,Severity_Score,Total_Affected_Persons,Weather_Category
7963,2022-03-22 16:00:00,40.803387,-73.93604,0,0,Unspecified,4514452,12.8,3.9,0.0,0.0,0.0,0.0,3,23.1,44.3,311,Overcast,0,0,
7964,2022-03-27 20:32:00,40.843994,-73.89752,0,0,Failure to Yield Right-of-Way,4514175,7.5,-1.1,0.3,0.3,0.07,3.0,71,26.4,47.5,288,Snow fall: Light,0,0,Snowy Conditions
7965,2022-03-27 00:50:00,40.652794,-73.946884,1,0,Unspecified,4513882,7.5,-1.1,0.3,0.3,0.07,3.0,71,26.4,47.5,288,Snow fall: Light,1,1,Snowy Conditions
7966,2022-03-27 20:50:00,40.75584,-73.83448,1,0,Failure to Yield Right-of-Way,4513912,7.5,-1.1,0.3,0.3,0.07,3.0,71,26.4,47.5,288,Snow fall: Light,1,1,Snowy Conditions
7967,2022-03-27 18:15:00,40.85592,-73.9172,0,0,Unspecified,4514713,7.5,-1.1,0.3,0.3,0.07,3.0,71,26.4,47.5,288,Snow fall: Light,0,0,Snowy Conditions
7968,2022-03-27 12:15:00,40.767918,-73.985725,1,0,Unspecified,4513796,7.5,-1.1,0.3,0.3,0.07,3.0,71,26.4,47.5,288,Snow fall: Light,1,1,Snowy Conditions
7969,2022-03-27 05:00:00,40.657333,-73.899445,3,0,Driver Inattention/Distraction,4514648,7.5,-1.1,0.3,0.3,0.07,3.0,71,26.4,47.5,288,Snow fall: Light,3,3,Snowy Conditions
7970,2022-03-27 13:20:00,40.757477,-73.982185,0,0,Unspecified,4514184,7.5,-1.1,0.3,0.3,0.07,3.0,71,26.4,47.5,288,Snow fall: Light,0,0,Snowy Conditions
7971,2022-03-27 14:12:00,40.833836,-73.91586,0,0,Failure to Keep Right,4514001,7.5,-1.1,0.3,0.3,0.07,3.0,71,26.4,47.5,288,Snow fall: Light,0,0,Snowy Conditions
7972,2022-03-13 16:00:00,40.66895,-73.9339,2,0,Unsafe Speed,4514618,2.8,-6.1,0.2,0.0,0.14,2.0,71,33.5,62.6,267,Snow fall: Light,2,2,Snowy Conditions
7973,2022-03-27 16:00:00,40.71398,-73.90006,0,0,Driver Inattention/Distraction,4513889,7.5,-1.1,0.3,0.3,0.07,3.0,71,26.4,47.5,288,Snow fall: Light,0,0,Snowy Conditions
7974,2022-03-27 09:00:00,40.86177,-73.91848,0,0,Unspecified,4513920,7.5,-1.1,0.3,0.3,0.07,3.0,71,26.4,47.5,288,Snow fall: Light,0,0,Snowy Conditions
7975,2022-03-10 08:15:00,40.815872,-73.9257,0,0,Unspecified,4514467,9.0,-1.5,0.0,0.0,0.0,0.0,3,12.3,23.8,243,Overcast,0,0,
7976,2022-03-27 09:39:00,40.60047,-73.747,2,0,Turning Improperly,4514394,7.5,-1.1,0.3,0.3,0.07,3.0,71,26.4,47.5,288,Snow fall: Light,2,2,Snowy Conditions
7977,2022-03-27 14:30:00,40.691994,-73.76111,0,0,Passing or Lane Usage Improper,4514428,7.5,-1.1,0.3,0.3,0.07,3.0,71,26.4,47.5,288,Snow fall: Light,0,0,Snowy Conditions
7978,2022-03-27 08:30:00,40.69038,-73.73957,0,0,Unsafe Speed,4513785,7.5,-1.1,0.3,0.3,0.07,3.0,71,26.4,47.5,288,Snow fall: Light,0,0,Snowy Conditions
7979,2022-03-27 01:30:00,40.67677,-73.88949,0,0,Unspecified,4513828,7.5,-1.1,0.3,0.3,0.07,3.0,71,26.4,47.5,288,Snow fall: Light,0,0,Snowy Conditions
7980,2022-03-27 09:15:00,40.754,-73.98211,1,0,Following Too Closely,4513750,7.5,-1.1,0.3,0.3,0.07,3.0,71,26.4,47.5,288,Snow fall: Light,1,1,Snowy Conditions
7981,2022-03-27 17:30:00,40.786484,-73.97218,0,0,Unsafe Lane Changing,4513937,7.5,-1.1,0.3,0.3,0.07,3.0,71,26.4,47.5,288,Snow fall: Light,0,0,Snowy Conditions
7982,2022-03-27 20:13:00,40.8617,-73.89139,1,0,Unspecified,4514386,7.5,-1.1,0.3,0.3,0.07,3.0,71,26.4,47.5,288,Snow fall: Light,1,1,Snowy Conditions
7983,2022-03-27 15:19:00,40.799503,-73.93771,0,0,Unspecified,4514173,7.5,-1.1,0.3,0.3,0.07,3.0,71,26.4,47.5,288,Snow fall: Light,0,0,Snowy Conditions
7984,2022-03-27 16:35:00,40.733604,-73.84995,0,0,Backing Unsafely,4513864,7.5,-1.1,0.3,0.3,0.07,3.0,71,26.4,47.5,288,Snow fall: Light,0,0,Snowy Conditions
7985,2022-03-26 19:45:00,40.557182,-74.19948,0,0,Failure to Yield Right-of-Way,4514580,10.1,4.9,6.1,5.8,0.21,8.0,71,21.6,41.0,251,Snow fall: Light,0,0,Snowy Conditions
7986,2022-03-20 09:50:00,40.714146,-73.99744,0,0,Failure to Yield Right-of-Way,4514545,14.8,6.9,0.1,0.1,0.0,1.0,51,27.0,49.0,284,Drizzle: Light,0,0,
7987,2022-03-27 18:31:00,40.589245,-73.94269,0,0,Driver Inattention/Distraction,4514015,7.5,-1.1,0.3,0.3,0.07,3.0,71,26.4,47.5,288,Snow fall: Light,0,0,Snowy Conditions
7988,2022-03-27 17:30:00,40.766827,-73.909294,0,0,Tire Failure/Inadequate,4513971,7.5,-1.1,0.3,0.3,0.07,3.0,71,26.4,47.5,288,Snow fall: Light,0,0,Snowy Conditions
7989,2022-03-21 07:05:00,40.865047,-73.9242,0,0,Unspecified,4514482,15.6,5.0,0.0,0.0,0.0,0.0,3,30.0,53.6,299,Overcast,0,0,
7990,2022-03-26 13:25:00,40.594227,-74.06296,0,0,Following Too Closely,4514504,10.1,4.9,6.1,5.8,0.21,8.0,71,21.6,41.0,251,Snow fall: Light,0,0,Snowy Conditions
7991,2022-03-27 04:29:00,40.851936,-73.91078,0,0,Driver Inexperience,4514026,7.5,-1.1,0.3,0.3,0.07,3.0,71,26.4,47.5,288,Snow fall: Light,0,0,Snowy Conditions
7992,2022-03-27 13:47:00,40.74447,-73.91464,0,0,Driver Inattention/Distraction,4513855,7.5,-1.1,0.3,0.3,0.07,3.0,71,26.4,47.5,288,Snow fall: Light,0,0,Snowy Conditions
7993,2022-03-27 04:50:00,40.74197,-73.84116,0,0,Following Too Closely,4513818,7.5,-1.1,0.3,0.3,0.07,3.0,71,26.4,47.5,288,Snow fall: Light,0,0,Snowy Conditions
7994,2022-03-24 16:00:00,40.64289,-74.11386,0,0,Unspecified,4514609,9.9,3.5,21.4,21.4,0.0,16.0,63,27.2,50.8,57,Rain: Moderate,0,0,
7995,2022-03-27 17:13:00,40.66584,-73.75551,1,0,Unspecified,4514230,7.5,-1.1,0.3,0.3,0.07,3.0,71,26.4,47.5,288,Snow fall: Light,1,1,Snowy Conditions
7996,2022-03-14 12:30:00,40.8272,-73.94245,0,0,View Obstructed/Limited,4514437,13.1,-2.4,0.0,0.0,0.0,0.0,3,21.0,36.4,226,Overcast,0,0,
7997,2022-03-27 18:30:00,40.761204,-73.75539,2,0,Driver Inattention/Distraction,4513901,7.5,-1.1,0.3,0.3,0.07,3.0,71,26.4,47.5,288,Snow fall: Light,2,2,Snowy Conditions
7998,2022-03-27 21:17:00,40.88471,-73.83131,0,0,Failure to Yield Right-of-Way,4514076,7.5,-1.1,0.3,0.3,0.07,3.0,71,26.4,47.5,288,Snow fall: Light,0,0,Snowy Conditions
7999,2022-03-27 23:05:00,40.714455,-73.935295,0,0,View Obstructed/Limited,4514348,7.5,-1.1,0.3,0.3,0.07,3.0,71,26.4,47.5,288,Snow fall: Light,0,0,Snowy Conditions
8000,2022-03-27 14:10:00,40.61825,-74.03456,0,0,Backing Unsafely,4513810,7.5,-1.1,0.3,0.3,0.07,3.0,71,26.4,47.5,288,Snow fall: Light,0,0,Snowy Conditions
8001,2022-03-27 04:15:00,40.763084,-73.99298,0,0,Unspecified,4513713,7.5,-1.1,0.3,0.3,0.07,3.0,71,26.4,47.5,288,Snow fall: Light,0,0,Snowy Conditions
8002,2022-03-27 17:25:00,40.680496,-73.821365,0,0,Failure to Yield Right-of-Way,4513941,7.5,-1.1,0.3,0.3,0.07,3.0,71,26.4,47.5,288,Snow fall: Light,0,0,Snowy Conditions
8003,2021-04-29 16:26:00,40.88455,-73.832344,1,0,Unsafe Speed,4412779,22.5,12.9,3.8,3.8,0.0,9.0,53,25.6,50.8,199,Drizzle: Moderate,1,1,
8004,2021-04-17 02:00:00,40.67582,-73.930466,1,0,Driver Inattention/Distraction,4409613,11.8,4.9,0.3,0.3,0.0,2.0,51,17.1,32.4,313,Drizzle: Light,1,1,
8005,2021-04-20 17:35:00,40.740257,-73.86532,1,0,Traffic Control Disregarded,4410290,21.4,6.5,0.0,0.0,0.0,0.0,3,26.0,56.2,223,Overcast,1,1,
8006,2021-04-19 08:39:00,40.61424,-73.98824,0,1,Failure to Yield Right-of-Way,4410382,16.9,5.0,0.0,0.0,0.0,0.0,3,14.7,31.0,214,Overcast,20,1,
8007,2021-04-30 21:50:00,40.714066,-73.95163,1,0,Traffic Control Disregarded,4412807,19.9,7.6,0.4,0.4,0.0,4.0,51,36.9,82.1,289,Drizzle: Light,1,1,
8008,2021-04-30 20:38:00,40.699413,-73.95902,0,0,Alcohol Involvement,4412809,19.9,7.6,0.4,0.4,0.0,4.0,51,36.9,82.1,289,Drizzle: Light,0,0,
8009,2021-04-30 13:10:00,40.89696,-73.854355,2,0,Failure to Yield Right-of-Way,4412796,19.9,7.6,0.4,0.4,0.0,4.0,51,36.9,82.1,289,Drizzle: Light,2,2,
8010,2021-04-30 17:55:00,40.71362,-73.9339,0,0,Other Vehicular,4412805,19.9,7.6,0.4,0.4,0.0,4.0,51,36.9,82.1,289,Drizzle: Light,0,0,
8011,2021-04-30 21:25:00,40.704956,-73.93152,1,0,Turning Improperly,4412806,19.9,7.6,0.4,0.4,0.0,4.0,51,36.9,82.1,289,Drizzle: Light,1,1,
8012,2021-03-26 15:46:00,40.816868,-73.92072,1,0,Turning Improperly,4402038,25.3,9.8,2.7,2.7,0.0,7.0,53,40.0,71.3,233,Drizzle: Moderate,1,1,
8013,2022-03-25 17:25:00,40.81958,-73.90184,1,0,Unspecified,4514688,15.6,5.3,5.7,5.7,0.0,4.0,63,27.6,52.2,274,Rain: Moderate,1,1,
8014,2022-03-27 09:20:00,40.81343,-73.91003,2,0,Following Too Closely,4514097,7.5,-1.1,0.3,0.3,0.07,3.0,71,26.4,47.5,288,Snow fall: Light,2,2,Snowy Conditions
8015,2022-02-15 15:05:00,40.67187,-73.95464,1,0,Unspecified,4514555,-0.2,-9.2,0.0,0.0,0.0,0.0,3,12.9,28.4,276,Overcast,1,1,
8016,2022-03-25 19:30:00,40.5523,-74.21307,0,0,Driver Inattention/Distraction,4514574,15.6,5.3,5.7,5.7,0.0,4.0,63,27.6,52.2,274,Rain: Moderate,0,0,
8017,2022-03-25 09:35:00,40.568855,-74.10674,0,0,Following Too Closely,4514488,15.6,5.3,5.7,5.7,0.0,4.0,63,27.6,52.2,274,Rain: Moderate,0,0,
8018,2022-03-20 16:00:00,40.67572,-73.913765,2,0,Unspecified,4514636,14.8,6.9,0.1,0.1,0.0,1.0,51,27.0,49.0,284,Drizzle: Light,2,2,
8019,2022-03-27 02:30:00,40.70481,-73.93932,0,0,Following Too Closely,4513963,7.5,-1.1,0.3,0.3,0.07,3.0,71,26.4,47.5,288,Snow fall: Light,0,0,Snowy Conditions
8020,2022-03-27 01:58:00,40.862923,-73.92777,0,0,Aggressive Driving/Road Rage,4514499,7.5,-1.1,0.3,0.3,0.07,3.0,71,26.4,47.5,288,Snow fall: Light,0,0,Snowy Conditions
8021,2022-03-16 15:22:00,40.7338,-73.81481,1,0,Failure to Yield Right-of-Way,4514673,16.1,3.2,0.3,0.3,0.0,1.0,51,18.8,36.4,183,Drizzle: Light,1,1,
8022,2022-03-27 22:28:00,40.857418,-73.89996,0,0,Traffic Control Disregarded,4514198,7.5,-1.1,0.3,0.3,0.07,3.0,71,26.4,47.5,288,Snow fall: Light,0,0,Snowy Conditions
8023,2022-03-27 14:39:00,40.676857,-73.87101,0,0,Driver Inexperience,4513844,7.5,-1.1,0.3,0.3,0.07,3.0,71,26.4,47.5,288,Snow fall: Light,0,0,Snowy Conditions
8024,2022-03-27 22:45:00,40.698174,-73.98496,1,0,Unspecified,4514309,7.5,-1.1,0.3,0.3,0.07,3.0,71,26.4,47.5,288,Snow fall: Light,1,1,Snowy Conditions
8025,2022-03-25 07:30:00,40.675793,-73.94438,0,0,Reaction to Uninvolved Vehicle,4514617,15.6,5.3,5.7,5.7,0.0,4.0,63,27.6,52.2,274,Rain: Moderate,0,0,
8026,2022-03-27 21:10:00,40.847027,-73.89807,0,0,Driver Inattention/Distraction,4514176,7.5,-1.1,0.3,0.3,0.07,3.0,71,26.4,47.5,288,Snow fall: Light,0,0,Snowy Conditions
8027,2022-03-27 11:30:00,40.69286,-73.87801,1,0,Passing or Lane Usage Improper,4513822,7.5,-1.1,0.3,0.3,0.07,3.0,71,26.4,47.5,288,Snow fall: Light,1,1,Snowy Conditions
8028,2022-03-27 18:59:00,40.750557,-73.87669,0,0,Unspecified,4513893,7.5,-1.1,0.3,0.3,0.07,3.0,71,26.4,47.5,288,Snow fall: Light,0,0,Snowy Conditions
8029,2022-03-27 18:00:00,40.681767,-73.96754,3,0,Passing or Lane Usage Improper,4514442,7.5,-1.1,0.3,0.3,0.07,3.0,71,26.4,47.5,288,Snow fall: Light,3,3,Snowy Conditions
8030,2022-03-17 06:00:00,40.6931,-73.95489,0,0,Driver Inattention/Distraction,4514431,12.3,3.9,6.5,6.5,0.0,13.0,61,16.8,31.7,41,Rain: Light,0,0,
8031,2021-04-27 14:00:00,40.64203,-73.93116,0,0,Unspecified,4412585,14.8,4.2,0.0,0.0,0.0,0.0,3,15.3,34.2,164,Overcast,0,0,
8032,2021-04-28 17:30:00,40.643322,-74.01217,1,0,Unspecified,4411444,26.1,7.9,0.0,0.0,0.0,0.0,3,15.3,34.6,133,Overcast,1,1,
8033,2021-04-18 21:20:00,40.750294,-73.99485,0,0,Traffic Control Disregarded,4412429,15.1,5.3,0.2,0.2,0.0,2.0,51,13.2,28.4,282,Drizzle: Light,0,0,
8034,2021-04-30 00:00:00,40.704544,-73.727234,0,0,Following Too Closely,4411847,19.9,7.6,0.4,0.4,0.0,4.0,51,36.9,82.1,289,Drizzle: Light,0,0,
8035,2021-04-28 22:25:00,40.690914,-73.72819,2,0,Unsafe Lane Changing,4411531,26.1,7.9,0.0,0.0,0.0,0.0,3,15.3,34.6,133,Overcast,2,2,
8036,2021-04-28 06:16:00,40.846405,-73.842896,0,0,Driver Inattention/Distraction,4412347,26.1,7.9,0.0,0.0,0.0,0.0,3,15.3,34.6,133,Overcast,0,0,
8037,2021-04-28 00:00:00,40.66566,-73.767624,0,0,Traffic Control Disregarded,4411479,26.1,7.9,0.0,0.0,0.0,0.0,3,15.3,34.6,133,Overcast,0,0,
8038,2021-04-22 16:00:00,40.621853,-74.023674,0,0,Driver Inattention/Distraction,4411968,7.9,1.3,0.0,0.0,0.0,0.0,3,34.0,64.4,289,Overcast,0,0,
8039,2021-04-28 19:00:00,40.622414,-73.896484,0,0,Following Too Closely,4411826,26.1,7.9,0.0,0.0,0.0,0.0,3,15.3,34.6,133,Overcast,0,0,
8040,2021-04-28 16:50:00,40.669434,-73.9255,1,0,Driver Inattention/Distraction,4412506,26.1,7.9,0.0,0.0,0.0,0.0,3,15.3,34.6,133,Overcast,1,1,
8041,2022-03-27 10:05:00,40.703247,-73.90844,1,0,Failure to Yield Right-of-Way,4513797,7.5,-1.1,0.3,0.3,0.07,3.0,71,26.4,47.5,288,Snow fall: Light,1,1,Snowy Conditions
8042,2021-04-28 22:40:00,40.759712,-73.76126,0,0,Following Too Closely,4411808,26.1,7.9,0.0,0.0,0.0,0.0,3,15.3,34.6,133,Overcast,0,0,
8043,2021-04-25 16:30:00,40.820065,-73.900826,0,0,Driver Inexperience,4412119,16.6,8.7,12.7,12.7,0.0,11.0,61,19.2,37.4,341,Rain: Light,0,0,
8044,2021-04-29 08:45:00,40.602528,-74.015114,1,0,Driver Inattention/Distraction,4411700,22.5,12.9,3.8,3.8,0.0,9.0,53,25.6,50.8,199,Drizzle: Moderate,1,1,
8045,2021-04-30 23:35:00,40.669083,-73.95267,1,0,Driver Inattention/Distraction,4412588,19.9,7.6,0.4,0.4,0.0,4.0,51,36.9,82.1,289,Drizzle: Light,1,1,
8046,2021-04-13 14:45:00,40.76155,-73.96659,0,0,Driver Inattention/Distraction,4412007,18.3,5.8,4.5,4.5,0.0,5.0,61,14.5,28.1,17,Rain: Light,0,0,
8047,2021-04-30 09:35:00,40.856106,-73.90646,0,0,Driver Inexperience,4411957,19.9,7.6,0.4,0.4,0.0,4.0,51,36.9,82.1,289,Drizzle: Light,0,0,
8048,2021-04-28 15:08:00,40.637215,-73.93274,0,0,Unspecified,4411678,26.1,7.9,0.0,0.0,0.0,0.0,3,15.3,34.6,133,Overcast,0,0,
8049,2021-04-11 21:00:00,40.681725,-73.996216,1,0,Unspecified,4412741,14.2,8.5,25.3,25.3,0.0,15.0,63,25.7,48.2,77,Rain: Moderate,1,1,
8050,2021-04-28 09:00:00,40.62194,-73.96865,0,0,Driver Inattention/Distraction,4412374,26.1,7.9,0.0,0.0,0.0,0.0,3,15.3,34.6,133,Overcast,0,0,
8051,2021-04-30 15:15:00,40.75314,-73.87262,1,0,View Obstructed/Limited,4412168,19.9,7.6,0.4,0.4,0.0,4.0,51,36.9,82.1,289,Drizzle: Light,1,1,
8052,2021-04-28 15:50:00,40.65883,-73.74414,0,0,Driver Inattention/Distraction,4411465,26.1,7.9,0.0,0.0,0.0,0.0,3,15.3,34.6,133,Overcast,0,0,
8053,2021-04-30 08:36:00,40.61758,-74.03049,1,0,Failure to Yield Right-of-Way,4411970,19.9,7.6,0.4,0.4,0.0,4.0,51,36.9,82.1,289,Drizzle: Light,1,1,
8054,2021-04-28 21:47:00,40.847965,-73.87145,0,0,Pavement Slippery,4411833,26.1,7.9,0.0,0.0,0.0,0.0,3,15.3,34.6,133,Overcast,0,0,
8055,2021-04-25 23:30:00,40.848114,-73.942085,0,0,Passing Too Closely,4411897,16.6,8.7,12.7,12.7,0.0,11.0,61,19.2,37.4,341,Rain: Light,0,0,
8056,2021-04-28 07:19:00,40.83955,-73.91595,0,0,Turning Improperly,4411575,26.1,7.9,0.0,0.0,0.0,0.0,3,15.3,34.6,133,Overcast,0,0,
8057,2021-04-30 12:32:00,40.75548,-73.74173,0,0,Following Too Closely,4412012,19.9,7.6,0.4,0.4,0.0,4.0,51,36.9,82.1,289,Drizzle: Light,0,0,
8058,2021-04-30 17:15:00,40.633564,-74.01595,1,0,Unspecified,4412071,19.9,7.6,0.4,0.4,0.0,4.0,51,36.9,82.1,289,Drizzle: Light,1,1,
8059,2021-04-30 21:15:00,40.75663,-73.875145,0,0,Driver Inattention/Distraction,4412350,19.9,7.6,0.4,0.4,0.0,4.0,51,36.9,82.1,289,Drizzle: Light,0,0,
8060,2021-04-28 08:36:00,40.81821,-73.96144,0,0,Tow Hitch Defective,4411498,26.1,7.9,0.0,0.0,0.0,0.0,3,15.3,34.6,133,Overcast,0,0,
8061,2021-04-30 08:42:00,40.745686,-73.97213,0,0,Driver Inattention/Distraction,4412199,19.9,7.6,0.4,0.4,0.0,4.0,51,36.9,82.1,289,Drizzle: Light,0,0,
8062,2021-04-28 17:57:00,40.830914,-73.92047,2,0,Following Too Closely,4412290,26.1,7.9,0.0,0.0,0.0,0.0,3,15.3,34.6,133,Overcast,2,2,
8063,2021-04-28 17:16:00,40.81728,-73.938545,1,0,Aggressive Driving/Road Rage,4411658,26.1,7.9,0.0,0.0,0.0,0.0,3,15.3,34.6,133,Overcast,1,1,
8064,2021-04-28 14:45:00,40.75911,-73.842384,0,0,Unspecified,4411735,26.1,7.9,0.0,0.0,0.0,0.0,3,15.3,34.6,133,Overcast,0,0,
8065,2021-04-29 14:40:00,40.67285,-73.97339,0,0,Passing Too Closely,4411777,22.5,12.9,3.8,3.8,0.0,9.0,53,25.6,50.8,199,Drizzle: Moderate,0,0,
8066,2021-04-26 02:10:00,40.62016,-74.076965,0,0,Brakes Defective,4412312,13.7,3.7,0.0,0.0,0.0,0.0,2,27.3,52.6,311,Partly cloudy,0,0,
8067,2021-04-28 06:30:00,40.768276,-73.86524,0,0,Failure to Yield Right-of-Way,4411211,26.1,7.9,0.0,0.0,0.0,0.0,3,15.3,34.6,133,Overcast,0,0,
8068,2021-04-30 19:12:00,40.74071,-73.83744,1,0,Following Too Closely,4412542,19.9,7.6,0.4,0.4,0.0,4.0,51,36.9,82.1,289,Drizzle: Light,1,1,
8069,2021-04-28 23:20:00,40.6465,-73.926895,0,0,Backing Unsafely,4411507,26.1,7.9,0.0,0.0,0.0,0.0,3,15.3,34.6,133,Overcast,0,0,
8070,2021-04-29 10:03:00,40.60704,-73.95285,0,0,Steering Failure,4411696,22.5,12.9,3.8,3.8,0.0,9.0,53,25.6,50.8,199,Drizzle: Moderate,0,0,
8071,2021-04-29 13:17:00,40.775,-73.9631,0,0,Unspecified,4411865,22.5,12.9,3.8,3.8,0.0,9.0,53,25.6,50.8,199,Drizzle: Moderate,0,0,
8072,2021-04-21 18:19:00,40.678658,-73.92741,1,0,Unsafe Speed,4412551,18.2,3.7,3.7,3.7,0.0,3.0,63,29.9,59.0,256,Rain: Moderate,1,1,
8073,2021-04-29 21:30:00,40.71572,-73.825745,1,0,Backing Unsafely,4411929,22.5,12.9,3.8,3.8,0.0,9.0,53,25.6,50.8,199,Drizzle: Moderate,1,1,
8074,2021-04-25 01:13:00,40.7276,-73.98531,1,0,Driver Inattention/Distraction,4412154,16.6,8.7,12.7,12.7,0.0,11.0,61,19.2,37.4,341,Rain: Light,1,1,
8075,2021-04-28 16:47:00,40.688957,-73.76205,0,0,Unspecified,4412000,26.1,7.9,0.0,0.0,0.0,0.0,3,15.3,34.6,133,Overcast,0,0,
8076,2021-04-30 21:14:00,40.614063,-74.01393,0,0,Unspecified,4412103,19.9,7.6,0.4,0.4,0.0,4.0,51,36.9,82.1,289,Drizzle: Light,0,0,
8077,2021-04-28 14:25:00,40.764435,-73.72269,0,0,Driver Inattention/Distraction,4411727,26.1,7.9,0.0,0.0,0.0,0.0,3,15.3,34.6,133,Overcast,0,0,
8078,2021-04-30 18:40:00,40.78169,-73.842316,0,0,Passing or Lane Usage Improper,4412186,19.9,7.6,0.4,0.4,0.0,4.0,51,36.9,82.1,289,Drizzle: Light,0,0,
8079,2021-04-28 23:20:00,40.838085,-73.88867,0,0,Unspecified,4411636,26.1,7.9,0.0,0.0,0.0,0.0,3,15.3,34.6,133,Overcast,0,0,
8080,2021-04-30 19:50:00,40.72294,-73.8002,0,0,Following Too Closely,4412086,19.9,7.6,0.4,0.4,0.0,4.0,51,36.9,82.1,289,Drizzle: Light,0,0,
8081,2021-04-28 16:50:00,40.678543,-73.949684,0,0,Turning Improperly,4412526,26.1,7.9,0.0,0.0,0.0,0.0,3,15.3,34.6,133,Overcast,0,0,
8082,2021-04-28 03:33:00,40.850258,-73.859055,0,0,Backing Unsafely,4411256,26.1,7.9,0.0,0.0,0.0,0.0,3,15.3,34.6,133,Overcast,0,0,
8083,2021-04-28 14:00:00,40.76294,-73.86067,0,0,Unspecified,4411419,26.1,7.9,0.0,0.0,0.0,0.0,3,15.3,34.6,133,Overcast,0,0,
8084,2021-04-26 12:00:00,40.666695,-73.767136,0,0,Unspecified,4412022,13.7,3.7,0.0,0.0,0.0,0.0,2,27.3,52.6,311,Partly cloudy,0,0,
8085,2021-04-30 16:45:00,40.68344,-73.7347,0,0,Unspecified,4412039,19.9,7.6,0.4,0.4,0.0,4.0,51,36.9,82.1,289,Drizzle: Light,0,0,
8086,2021-04-28 11:47:00,40.70022,-73.96219,0,0,Following Too Closely,4411535,26.1,7.9,0.0,0.0,0.0,0.0,3,15.3,34.6,133,Overcast,0,0,
8087,2021-04-25 21:40:00,40.622578,-73.920494,1,0,Driver Inattention/Distraction,4411989,16.6,8.7,12.7,12.7,0.0,11.0,61,19.2,37.4,341,Rain: Light,1,1,
8088,2021-04-29 18:29:00,40.69642,-73.95978,1,0,Driver Inattention/Distraction,4412413,22.5,12.9,3.8,3.8,0.0,9.0,53,25.6,50.8,199,Drizzle: Moderate,1,1,
8089,2021-04-30 23:05:00,40.673824,-73.90839,0,0,Unspecified,4412269,19.9,7.6,0.4,0.4,0.0,4.0,51,36.9,82.1,289,Drizzle: Light,0,0,
8090,2021-04-29 15:55:00,40.682182,-73.99356,0,0,Unspecified,4411961,22.5,12.9,3.8,3.8,0.0,9.0,53,25.6,50.8,199,Drizzle: Moderate,0,0,
8091,2021-04-20 17:00:00,40.757767,-73.98563,0,0,Unspecified,4412436,21.4,6.5,0.0,0.0,0.0,0.0,3,26.0,56.2,223,Overcast,0,0,
8092,2021-04-29 14:30:00,40.661995,-73.91959,0,0,Following Too Closely,4412234,22.5,12.9,3.8,3.8,0.0,9.0,53,25.6,50.8,199,Drizzle: Moderate,0,0,
8093,2021-04-30 16:29:00,40.579826,-73.97622,0,0,Passing or Lane Usage Improper,4412323,19.9,7.6,0.4,0.4,0.0,4.0,51,36.9,82.1,289,Drizzle: Light,0,0,
8094,2021-04-30 20:00:00,40.7263,-73.94913,0,0,Passing Too Closely,4412651,19.9,7.6,0.4,0.4,0.0,4.0,51,36.9,82.1,289,Drizzle: Light,0,0,
8095,2021-04-30 01:35:00,40.812347,-73.90476,0,0,Other Vehicular,4412751,19.9,7.6,0.4,0.4,0.0,4.0,51,36.9,82.1,289,Drizzle: Light,0,0,
8096,2021-04-29 20:00:00,40.73303,-73.8542,1,0,Driver Inattention/Distraction,4411817,22.5,12.9,3.8,3.8,0.0,9.0,53,25.6,50.8,199,Drizzle: Moderate,1,1,
8097,2021-04-29 11:00:00,40.728474,-73.882614,0,0,Failure to Yield Right-of-Way,4412027,22.5,12.9,3.8,3.8,0.0,9.0,53,25.6,50.8,199,Drizzle: Moderate,0,0,
8098,2021-04-28 14:20:00,40.82048,-73.91285,0,0,Driver Inattention/Distraction,4411547,26.1,7.9,0.0,0.0,0.0,0.0,3,15.3,34.6,133,Overcast,0,0,
8099,2021-04-28 16:40:00,40.762486,-73.96298,0,0,Driver Inattention/Distraction,4412714,26.1,7.9,0.0,0.0,0.0,0.0,3,15.3,34.6,133,Overcast,0,0,
8100,2021-04-30 17:45:00,40.752842,-73.8629,2,0,Backing Unsafely,4412173,19.9,7.6,0.4,0.4,0.0,4.0,51,36.9,82.1,289,Drizzle: Light,2,2,
8101,2021-04-30 06:00:00,40.61051,-73.923294,1,0,Driver Inattention/Distraction,4412465,19.9,7.6,0.4,0.4,0.0,4.0,51,36.9,82.1,289,Drizzle: Light,1,1,
8102,2021-04-28 17:40:00,40.766666,-73.96707,1,0,Following Too Closely,4411581,26.1,7.9,0.0,0.0,0.0,0.0,3,15.3,34.6,133,Overcast,1,1,
8103,2021-04-28 09:55:00,40.585976,-73.93791,0,0,Driver Inexperience,4411893,26.1,7.9,0.0,0.0,0.0,0.0,3,15.3,34.6,133,Overcast,0,0,
8104,2021-04-30 10:20:00,40.845783,-73.93449,0,0,Unspecified,4412597,19.9,7.6,0.4,0.4,0.0,4.0,51,36.9,82.1,289,Drizzle: Light,0,0,