,CRASH DATETIME,LATITUDE,LONGITUDE,NUMBER OF PERSONS INJURED,NUMBER OF PERSONS KILLED,CONTRIBUTING FACTOR VEHICLE 1,COLLISION_ID,temperature_2m_max,temperature_2m_min,precipitation_sum,rain_sum,snowfall_sum,precipitation_hours,weather_code,wind_speed_10m_max,wind_gusts_10m_max,wind_direction_10m_dominant,Weather Description,Severity_Score,Total_Affected_Persons,Weather_Category
8105,2021-04-28 18:00:00,40.57803,-73.95692,0,0,Driver Inattention/Distraction,4411611,26.1,7.9,0.0,0.0,0.0,0.0,3,15.3,34.6,133,Overcast,0,0,
8106,2021-04-28 06:00:00,40.600136,-73.99087,0,0,Unspecified,4411398,26.1,7.9,0.0,0.0,0.0,0.0,3,15.3,34.6,133,Overcast,0,0,
8107,2021-04-30 15:10:00,40.768116,-73.89241,0,0,Unspecified,4412381,19.9,7.6,0.4,0.4,0.0,4.0,51,36.9,82.1,289,Drizzle: Light,0,0,
8108,2021-04-29 20:20:00,40.65418,-73.91068,5,0,Driver Inattention/Distraction,4412263,22.5,12.9,3.8,3.8,0.0,9.0,53,25.6,50.8,199,Drizzle: Moderate,5,5,
8109,2021-04-16 16:50:00,40.696297,-73.97716,0,0,Following Too Closely,4412492,11.8,3.7,2.9,2.9,0.0,12.0,53,23.5,49.0,307,Drizzle: Moderate,0,0,
8110,2021-04-29 13:00:00,40.83716,-73.94646,0,0,Passing Too Closely,4411906,22.5,12.9,3.8,3.8,0.0,9.0,53,25.6,50.8,199,Drizzle: Moderate,0,0,
8111,2021-04-28 09:00:00,40.66955,-73.94497,0,0,Unspecified,4411358,26.1,7.9,0.0,0.0,0.0,0.0,3,15.3,34.6,133,Overcast,0,0,
8112,2021-04-06 09:00:00,40.686108,-73.92971,0,0,Unspecified,4412562,18.3,4.8,0.0,0.0,0.0,0.0,1,21.9,38.9,319,Mainly clear,0,0,Sunny/Clear Conditions
8113,2021-04-28 11:00:00,40.608143,-74.00412,1,0,Driver Inattention/Distraction,4411752,26.1,7.9,0.0,0.0,0.0,0.0,3,15.3,34.6,133,Overcast,1,1,
8114,2021-04-28 04:17:00,40.691,-73.989334,0,0,Unspecified,4411767,26.1,7.9,0.0,0.0,0.0,0.0,3,15.3,34.6,133,Overcast,0,0,
8115,2021-04-29 17:30:00,40.69073,-73.96635,1,0,Pedestrian/Bicyclist/Other Pedestrian Error/Confusion,4411793,22.5,12.9,3.8,3.8,0.0,9.0,53,25.6,50.8,199,Drizzle: Moderate,1,1,
8116,2021-04-23 16:55:00,40.636024,-73.89506,0,0,Driverless/Runaway Vehicle,4412054,15.5,2.0,0.0,0.0,0.0,0.0,3,28.7,57.2,273,Overcast,0,0,
8117,2021-04-28 01:10:00,40.67134,-73.87631,0,0,Other Vehicular,4411389,26.1,7.9,0.0,0.0,0.0,0.0,3,15.3,34.6,133,Overcast,0,0,
8118,2021-04-28 09:45:00,40.82034,-73.940025,0,0,Other Vehicular,4411361,26.1,7.9,0.0,0.0,0.0,0.0,3,15.3,34.6,133,Overcast,0,0,
8119,2021-04-26 09:22:00,40.65965,-73.773834,0,0,Traffic Control Disregarded,4412148,13.7,3.7,0.0,0.0,0.0,0.0,2,27.3,52.6,311,Partly cloudy,0,0,
8120,2021-04-29 10:45:00,40.72118,-73.95866,0,0,Traffic Control Disregarded,4411709,22.5,12.9,3.8,3.8,0.0,9.0,53,25.6,50.8,199,Drizzle: Moderate,0,0,
8121,2021-04-28 20:16:00,40.82113,-73.92565,0,0,Reaction to Uninvolved Vehicle,4411878,26.1,7.9,0.0,0.0,0.0,0.0,3,15.3,34.6,133,Overcast,0,0,
8122,2021-04-28 13:30:00,40.626183,-73.994156,2,0,Turning Improperly,4411411,26.1,7.9,0.0,0.0,0.0,0.0,3,15.3,34.6,133,Overcast,2,2,
8123,2021-04-29 13:00:00,40.83543,-73.92341,0,0,Turning Improperly,4412282,22.5,12.9,3.8,3.8,0.0,9.0,53,25.6,50.8,199,Drizzle: Moderate,0,0,
8124,2021-04-28 00:10:00,40.640343,-73.94266,0,0,Failure to Yield Right-of-Way,4411289,26.1,7.9,0.0,0.0,0.0,0.0,3,15.3,34.6,133,Overcast,0,0,
8125,2021-04-28 16:00:00,40.57655,-73.966385,1,0,Driver Inattention/Distraction,4411610,26.1,7.9,0.0,0.0,0.0,0.0,3,15.3,34.6,133,Overcast,1,1,
8126,2021-04-28 17:30:00,40.832916,-73.92939,0,0,Following Too Closely,4412277,26.1,7.9,0.0,0.0,0.0,0.0,3,15.3,34.6,133,Overcast,0,0,
8127,2021-04-30 21:00:00,40.760788,-73.91088,1,0,Unspecified,4412385,19.9,7.6,0.4,0.4,0.0,4.0,51,36.9,82.1,289,Drizzle: Light,1,1,
8128,2021-04-30 04:30:00,40.825855,-73.828156,0,0,Unspecified,4411857,19.9,7.6,0.4,0.4,0.0,4.0,51,36.9,82.1,289,Drizzle: Light,0,0,
8129,2021-04-28 19:00:00,40.573196,-73.99278,0,0,Other Vehicular,4411993,26.1,7.9,0.0,0.0,0.0,0.0,3,15.3,34.6,133,Overcast,0,0,
8130,2021-04-30 00:00:00,40.60824,-74.014046,0,0,Unspecified,4412076,19.9,7.6,0.4,0.4,0.0,4.0,51,36.9,82.1,289,Drizzle: Light,0,0,
8131,2021-04-30 20:32:00,40.68175,-73.96748,0,0,Following Too Closely,4412108,19.9,7.6,0.4,0.4,0.0,4.0,51,36.9,82.1,289,Drizzle: Light,0,0,
8132,2021-04-25 01:00:00,40.72667,-73.90726,0,0,Unspecified,4412484,16.6,8.7,12.7,12.7,0.0,11.0,61,19.2,37.4,341,Rain: Light,0,0,
8133,2021-04-22 17:58:00,40.75645,-73.97032,1,0,Unspecified,4412059,7.9,1.3,0.0,0.0,0.0,0.0,3,34.0,64.4,289,Overcast,1,1,
8134,2022-03-18 17:00:00,40.675987,-73.91932,0,0,Following Too Closely,4514637,20.8,7.4,0.0,0.0,0.0,0.0,3,16.0,31.7,181,Overcast,0,0,
8135,2021-04-30 07:30:00,40.66771,-73.80912,0,0,Unsafe Speed,4412671,19.9,7.6,0.4,0.4,0.0,4.0,51,36.9,82.1,289,Drizzle: Light,0,0,
8136,2021-04-29 16:05:00,40.847965,-73.87145,0,0,Unsafe Speed,4412244,22.5,12.9,3.8,3.8,0.0,9.0,53,25.6,50.8,199,Drizzle: Moderate,0,0,
8137,2021-04-24 17:00:00,40.6377,-74.08805,0,0,Unspecified,4412330,19.7,6.0,0.0,0.0,0.0,0.0,3,26.7,49.3,232,Overcast,0,0,
8138,2021-04-29 19:45:00,40.695004,-73.9525,0,0,Driver Inattention/Distraction,4412422,22.5,12.9,3.8,3.8,0.0,9.0,53,25.6,50.8,199,Drizzle: Moderate,0,0,
8139,2021-04-28 14:35:00,40.681114,-73.87765,2,0,Unspecified,4411513,26.1,7.9,0.0,0.0,0.0,0.0,3,15.3,34.6,133,Overcast,2,2,
8140,2021-04-29 20:18:00,40.644997,-74.01046,0,0,Unspecified,4411823,22.5,12.9,3.8,3.8,0.0,9.0,53,25.6,50.8,199,Drizzle: Moderate,0,0,
8141,2021-04-30 19:16:00,40.81417,-73.92122,1,0,Traffic Control Disregarded,4412724,19.9,7.6,0.4,0.4,0.0,4.0,51,36.9,82.1,289,Drizzle: Light,1,1,
8142,2021-04-29 22:41:00,40.757072,-73.96986,1,0,Following Too Closely,4411838,22.5,12.9,3.8,3.8,0.0,9.0,53,25.6,50.8,199,Drizzle: Moderate,1,1,
8143,2021-04-29 03:00:00,40.841026,-73.887245,0,0,Other Vehicular,4411628,22.5,12.9,3.8,3.8,0.0,9.0,53,25.6,50.8,199,Drizzle: Moderate,0,0,
8144,2021-04-29 23:25:00,40.815937,-73.909134,1,0,Driver Inattention/Distraction,4412759,22.5,12.9,3.8,3.8,0.0,9.0,53,25.6,50.8,199,Drizzle: Moderate,1,1,
8145,2021-04-29 08:00:00,40.725433,-73.872734,0,0,Following Too Closely,4412031,22.5,12.9,3.8,3.8,0.0,9.0,53,25.6,50.8,199,Drizzle: Moderate,0,0,
8146,2021-04-29 10:33:00,40.828236,-73.88602,1,0,Unspecified,4411949,22.5,12.9,3.8,3.8,0.0,9.0,53,25.6,50.8,199,Drizzle: Moderate,1,1,
8147,2021-04-28 00:00:00,40.869274,-73.88381,0,0,Drugs (illegal),4411551,26.1,7.9,0.0,0.0,0.0,0.0,3,15.3,34.6,133,Overcast,0,0,
8148,2021-04-29 01:20:00,40.8119,-73.966255,0,0,Driver Inexperience,4412440,22.5,12.9,3.8,3.8,0.0,9.0,53,25.6,50.8,199,Drizzle: Moderate,0,0,
8149,2021-04-30 23:57:00,40.84394,-73.93903,0,0,Following Too Closely,4412606,19.9,7.6,0.4,0.4,0.0,4.0,51,36.9,82.1,289,Drizzle: Light,0,0,
8150,2021-04-25 21:20:00,40.514057,-74.24178,0,0,Unspecified,4412048,16.6,8.7,12.7,12.7,0.0,11.0,61,19.2,37.4,341,Rain: Light,0,0,
8151,2021-04-30 14:50:00,40.761612,-73.98453,0,0,Passenger Distraction,4412130,19.9,7.6,0.4,0.4,0.0,4.0,51,36.9,82.1,289,Drizzle: Light,0,0,
8152,2021-04-28 17:44:00,40.87821,-73.85609,1,0,Driver Inattention/Distraction,4412514,26.1,7.9,0.0,0.0,0.0,0.0,3,15.3,34.6,133,Overcast,1,1,
8153,2021-04-28 17:25:00,40.832764,-73.94583,1,0,Driver Inattention/Distraction,4411618,26.1,7.9,0.0,0.0,0.0,0.0,3,15.3,34.6,133,Overcast,1,1,
8154,2021-04-28 04:45:00,40.63905,-73.99279,1,0,Fell Asleep,4411333,26.1,7.9,0.0,0.0,0.0,0.0,3,15.3,34.6,133,Overcast,1,1,
8155,2021-04-30 08:55:00,40.66743,-73.76676,0,0,Turning Improperly,4411910,19.9,7.6,0.4,0.4,0.0,4.0,51,36.9,82.1,289,Drizzle: Light,0,0,
8156,2021-04-28 08:05:00,40.629475,-74.004166,0,0,Backing Unsafely,4411403,26.1,7.9,0.0,0.0,0.0,0.0,3,15.3,34.6,133,Overcast,0,0,
8157,2021-04-28 18:30:00,40.762882,-73.809296,1,0,Unspecified,4411470,26.1,7.9,0.0,0.0,0.0,0.0,3,15.3,34.6,133,Overcast,1,1,
8158,2021-04-29 07:00:00,40.735764,-73.97491,1,0,Unspecified,4412095,22.5,12.9,3.8,3.8,0.0,9.0,53,25.6,50.8,199,Drizzle: Moderate,1,1,
8159,2021-04-29 07:50:00,40.794785,-73.96431,0,0,Following Too Closely,4411747,22.5,12.9,3.8,3.8,0.0,9.0,53,25.6,50.8,199,Drizzle: Moderate,0,0,
8160,2021-04-08 19:25:00,40.77022,-73.89562,0,0,Backing Unsafely,4412364,18.2,5.5,0.0,0.0,0.0,0.0,3,18.0,35.3,173,Overcast,0,0,
8161,2021-04-17 17:00:00,40.686344,-73.9234,0,0,Driver Inattention/Distraction,4412556,11.8,4.9,0.3,0.3,0.0,2.0,51,17.1,32.4,313,Drizzle: Light,0,0,
8162,2021-04-28 15:00:00,40.69687,-73.78072,0,0,Passing Too Closely,4411905,26.1,7.9,0.0,0.0,0.0,0.0,3,15.3,34.6,133,Overcast,0,0,
8163,2021-04-28 16:46:00,40.851967,-73.897095,2,0,Following Too Closely,4411669,26.1,7.9,0.0,0.0,0.0,0.0,3,15.3,34.6,133,Overcast,2,2,
8164,2021-04-29 13:22:00,40.654255,-73.94842,0,0,Driver Inattention/Distraction,4411754,22.5,12.9,3.8,3.8,0.0,9.0,53,25.6,50.8,199,Drizzle: Moderate,0,0,
8165,2021-04-30 08:15:00,40.654427,-73.8908,2,0,Failure to Yield Right-of-Way,4411937,19.9,7.6,0.4,0.4,0.0,4.0,51,36.9,82.1,289,Drizzle: Light,2,2,
8166,2021-04-28 05:45:00,40.735573,-73.98127,0,0,Unspecified,4411422,26.1,7.9,0.0,0.0,0.0,0.0,3,15.3,34.6,133,Overcast,0,0,
8167,2021-04-29 17:02:00,40.73844,-73.87824,0,0,Passing Too Closely,4411787,22.5,12.9,3.8,3.8,0.0,9.0,53,25.6,50.8,199,Drizzle: Moderate,0,0,
8168,2021-04-28 18:09:00,40.75271,-73.74144,1,0,Unsafe Speed,4411454,26.1,7.9,0.0,0.0,0.0,0.0,3,15.3,34.6,133,Overcast,1,1,
8169,2021-04-28 15:05:00,40.757233,-73.97605,1,0,,4411715,26.1,7.9,0.0,0.0,0.0,0.0,3,15.3,34.6,133,Overcast,1,1,
8170,2021-04-28 09:07:00,40.647743,-73.962746,0,0,Passing Too Closely,4411366,26.1,7.9,0.0,0.0,0.0,0.0,3,15.3,34.6,133,Overcast,0,0,
8171,2021-04-28 17:00:00,40.7132,-73.97723,0,0,Steering Failure,4411964,26.1,7.9,0.0,0.0,0.0,0.0,3,15.3,34.6,133,Overcast,0,0,
8172,2021-04-30 18:05:00,40.5787,-73.98734,0,0,Traffic Control Disregarded,4412705,19.9,7.6,0.4,0.4,0.0,4.0,51,36.9,82.1,289,Drizzle: Light,0,0,
8173,2021-04-29 00:05:00,40.74608,-73.974945,1,0,Turning Improperly,4411562,22.5,12.9,3.8,3.8,0.0,9.0,53,25.6,50.8,199,Drizzle: Moderate,1,1,
8174,2021-04-30 01:59:00,40.82996,-73.90178,0,0,Unspecified,4412338,19.9,7.6,0.4,0.4,0.0,4.0,51,36.9,82.1,289,Drizzle: Light,0,0,
8175,2021-04-29 18:08:00,40.86155,-73.92472,0,0,Oversized Vehicle,4412399,22.5,12.9,3.8,3.8,0.0,9.0,53,25.6,50.8,199,Drizzle: Moderate,0,0,
8176,2021-04-28 12:00:00,40.840603,-73.91152,0,0,Following Too Closely,4411592,26.1,7.9,0.0,0.0,0.0,0.0,3,15.3,34.6,133,Overcast,0,0,
8177,2021-04-30 17:32:00,40.73556,-73.915054,0,0,Following Too Closely,4412080,19.9,7.6,0.4,0.4,0.0,4.0,51,36.9,82.1,289,Drizzle: Light,0,0,
8178,2021-04-29 07:30:00,40.675186,-73.873436,0,0,Driver Inattention/Distraction,4411932,22.5,12.9,3.8,3.8,0.0,9.0,53,25.6,50.8,199,Drizzle: Moderate,0,0,
8179,2022-03-25 09:30:00,40.851643,-73.88429,0,0,Passing or Lane Usage Improper,4514492,15.6,5.3,5.7,5.7,0.0,4.0,63,27.6,52.2,274,Rain: Moderate,0,0,
8180,2021-04-28 09:50:00,40.82113,-73.92565,0,0,Oversized Vehicle,4411861,26.1,7.9,0.0,0.0,0.0,0.0,3,15.3,34.6,133,Overcast,0,0,
8181,2021-04-30 16:30:00,40.742626,-73.76323,0,0,Unspecified,4412112,19.9,7.6,0.4,0.4,0.0,4.0,51,36.9,82.1,289,Drizzle: Light,0,0,
8182,2021-04-28 22:20:00,40.802753,-73.93358,0,0,Reaction to Uninvolved Vehicle,4411649,26.1,7.9,0.0,0.0,0.0,0.0,3,15.3,34.6,133,Overcast,0,0,
8183,2021-04-29 07:45:00,40.640907,-74.08134,1,0,Driver Inattention/Distraction,4411704,22.5,12.9,3.8,3.8,0.0,9.0,53,25.6,50.8,199,Drizzle: Moderate,1,1,
8184,2021-04-23 10:30:00,40.815693,-73.948685,0,0,Other Vehicular,4411974,15.5,2.0,0.0,0.0,0.0,0.0,3,28.7,57.2,273,Overcast,0,0,
8185,2021-04-30 09:47:00,40.75584,-73.83448,1,0,Reaction to Uninvolved Vehicle,4412473,19.9,7.6,0.4,0.4,0.0,4.0,51,36.9,82.1,289,Drizzle: Light,1,1,
8186,2021-04-28 15:40:00,40.683804,-73.833534,1,0,Driver Inattention/Distraction,4411485,26.1,7.9,0.0,0.0,0.0,0.0,3,15.3,34.6,133,Overcast,1,1,
8187,2021-04-29 02:45:00,40.628975,-74.18495,0,0,Driver Inattention/Distraction,4411684,22.5,12.9,3.8,3.8,0.0,9.0,53,25.6,50.8,199,Drizzle: Moderate,0,0,
8188,2021-04-28 23:39:00,40.785294,-73.969345,3,0,Alcohol Involvement,4411508,26.1,7.9,0.0,0.0,0.0,0.0,3,15.3,34.6,133,Overcast,3,3,
8189,2021-04-29 05:15:00,40.666294,-73.79899,1,0,Steering Failure,4412003,22.5,12.9,3.8,3.8,0.0,9.0,53,25.6,50.8,199,Drizzle: Moderate,1,1,
8190,2021-04-29 16:15:00,40.818535,-73.90783,0,0,Failure to Yield Right-of-Way,4412729,22.5,12.9,3.8,3.8,0.0,9.0,53,25.6,50.8,199,Drizzle: Moderate,0,0,
8191,2021-04-29 17:30:00,40.61752,-74.01963,2,0,Driver Inattention/Distraction,4411828,22.5,12.9,3.8,3.8,0.0,9.0,53,25.6,50.8,199,Drizzle: Moderate,2,2,
8192,2021-04-04 00:00:00,40.746326,-73.983574,0,0,Unspecified,4412426,16.2,3.4,0.0,0.0,0.0,0.0,3,18.5,33.1,302,Overcast,0,0,
8193,2021-04-28 10:00:00,40.665733,-73.755585,0,0,Following Too Closely,4411460,26.1,7.9,0.0,0.0,0.0,0.0,3,15.3,34.6,133,Overcast,0,0,
8194,2021-04-29 21:00:00,40.623672,-73.8956,1,0,Unspecified,4411834,22.5,12.9,3.8,3.8,0.0,9.0,53,25.6,50.8,199,Drizzle: Moderate,1,1,
8195,2021-04-29 18:27:00,40.89294,-73.85599,0,0,Driver Inattention/Distraction,4412783,22.5,12.9,3.8,3.8,0.0,9.0,53,25.6,50.8,199,Drizzle: Moderate,0,0,
8196,2021-04-30 20:30:00,40.581917,-73.82978,0,0,Driver Inattention/Distraction,4412451,19.9,7.6,0.4,0.4,0.0,4.0,51,36.9,82.1,289,Drizzle: Light,0,0,
8197,2021-04-20 15:00:00,40.699703,-73.99627,0,0,Following Too Closely,4412621,21.4,6.5,0.0,0.0,0.0,0.0,3,26.0,56.2,223,Overcast,0,0,
8198,2021-04-30 08:30:00,40.677605,-74.002754,1,0,Following Too Closely,4412091,19.9,7.6,0.4,0.4,0.0,4.0,51,36.9,82.1,289,Drizzle: Light,1,1,
8199,2021-04-29 14:51:00,40.854256,-73.84353,0,0,Passenger Distraction,4412358,22.5,12.9,3.8,3.8,0.0,9.0,53,25.6,50.8,199,Drizzle: Moderate,0,0,
8200,2021-04-28 18:28:00,40.595886,-73.98315,2,0,Unspecified,4411540,26.1,7.9,0.0,0.0,0.0,0.0,3,15.3,34.6,133,Overcast,2,2,
8201,2021-04-29 23:27:00,40.845078,-73.91111,0,0,Unsafe Speed,4411886,22.5,12.9,3.8,3.8,0.0,9.0,53,25.6,50.8,199,Drizzle: Moderate,0,0,
8202,2021-04-30 19:35:00,40.712727,-73.72899,0,0,Passing or Lane Usage Improper,4412216,19.9,7.6,0.4,0.4,0.0,4.0,51,36.9,82.1,289,Drizzle: Light,0,0,
8203,2021-04-28 02:00:00,40.654984,-73.95747,0,0,Other Vehicular,4411743,26.1,7.9,0.0,0.0,0.0,0.0,3,15.3,34.6,133,Overcast,0,0,
8204,2021-04-28 13:12:00,40.745056,-73.978615,0,0,Driver Inattention/Distraction,4411430,26.1,7.9,0.0,0.0,0.0,0.0,3,15.3,34.6,133,Overcast,0,0,
8205,2021-04-30 11:26:00,40.870804,-73.905785,0,0,Passing Too Closely,4412125,19.9,7.6,0.4,0.4,0.0,4.0,51,36.9,82.1,289,Drizzle: Light,0,0,
8206,2021-04-26 05:02:00,40.677483,-73.93033,1,0,Failure to Yield Right-of-Way,4412550,13.7,3.7,0.0,0.0,0.0,0.0,2,27.3,52.6,311,Partly cloudy,1,1,
8207,2021-04-30 03:37:00,40.65715,-73.91572,0,0,Driver Inattention/Distraction,4412226,19.9,7.6,0.4,0.4,0.0,4.0,51,36.9,82.1,289,Drizzle: Light,0,0,
8208,2021-04-29 21:30:00,40.61949,-73.94652,0,0,Unspecified,4412298,22.5,12.9,3.8,3.8,0.0,9.0,53,25.6,50.8,199,Drizzle: Moderate,0,0,
8209,2021-04-28 17:19:00,40.693634,-73.9383,0,0,Other Vehicular,4411662,26.1,7.9,0.0,0.0,0.0,0.0,3,15.3,34.6,133,Overcast,0,0,
8210,2021-12-08 14:23:00,40.71594,-74.01019,1,0,Unspecified,4484853,4.7,0.9,0.7,0.7,0.0,2.0,51,14.5,24.8,355,Drizzle: Light,1,1,
8211,2021-12-10 00:17:00,40.601017,-73.96937,0,0,Unspecified,4485215,8.5,1.6,0.0,0.0,0.0,0.0,3,9.8,20.5,183,Overcast,0,0,
8212,2021-04-29 15:50:00,40.682358,-73.76714,0,0,Driver Inattention/Distraction,4411759,22.5,12.9,3.8,3.8,0.0,9.0,53,25.6,50.8,199,Drizzle: Moderate,0,0,
8213,2021-04-30 18:00:00,40.70878,-73.93583,0,0,Driver Inattention/Distraction,4412771,19.9,7.6,0.4,0.4,0.0,4.0,51,36.9,82.1,289,Drizzle: Light,0,0,
8214,2021-04-29 11:30:00,40.741734,-73.881874,0,0,Passing Too Closely,4412533,22.5,12.9,3.8,3.8,0.0,9.0,53,25.6,50.8,199,Drizzle: Moderate,0,0,
8215,2021-04-29 12:00:00,40.668255,-73.892006,0,0,Driver Inattention/Distraction,4411942,22.5,12.9,3.8,3.8,0.0,9.0,53,25.6,50.8,199,Drizzle: Moderate,0,0,
8216,2021-04-28 06:34:00,40.806133,-73.961555,0,0,Unspecified,4411525,26.1,7.9,0.0,0.0,0.0,0.0,3,15.3,34.6,133,Overcast,0,0,
8217,2021-04-27 12:45:00,40.768124,-73.90383,0,0,Unspecified,4412369,14.8,4.2,0.0,0.0,0.0,0.0,3,15.3,34.2,164,Overcast,0,0,
8218,2021-04-28 07:00:00,40.66675,-73.779945,2,0,Driver Inattention/Distraction,4411466,26.1,7.9,0.0,0.0,0.0,0.0,3,15.3,34.6,133,Overcast,2,2,
8219,2021-04-28 22:25:00,40.699417,-73.73486,2,0,Traffic Control Disregarded,4411526,26.1,7.9,0.0,0.0,0.0,0.0,3,15.3,34.6,133,Overcast,2,2,
8220,2021-04-25 17:20:00,40.72615,-73.978226,1,0,Backing Unsafely,4412160,16.6,8.7,12.7,12.7,0.0,11.0,61,19.2,37.4,341,Rain: Light,1,1,
8221,2021-04-30 06:15:00,40.688915,-73.795006,1,0,Pavement Defective,4411900,19.9,7.6,0.4,0.4,0.0,4.0,51,36.9,82.1,289,Drizzle: Light,1,1,
8222,2021-04-28 21:59:00,40.711227,-73.72826,2,0,Passing or Lane Usage Improper,4411500,26.1,7.9,0.0,0.0,0.0,0.0,3,15.3,34.6,133,Overcast,2,2,
8223,2021-04-28 17:09:00,40.75529,-73.99493,0,0,Failure to Yield Right-of-Way,4411692,26.1,7.9,0.0,0.0,0.0,0.0,3,15.3,34.6,133,Overcast,0,0,
8224,2021-04-29 11:00:00,40.805058,-73.93904,0,0,Unspecified,4411917,22.5,12.9,3.8,3.8,0.0,9.0,53,25.6,50.8,199,Drizzle: Moderate,0,0,
8225,2021-04-28 01:50:00,40.68217,-73.83105,0,0,Unsafe Speed,4411178,26.1,7.9,0.0,0.0,0.0,0.0,3,15.3,34.6,133,Overcast,0,0,
8226,2021-04-29 11:15:00,40.785557,-73.95327,0,0,Driver Inattention/Distraction,4411721,22.5,12.9,3.8,3.8,0.0,9.0,53,25.6,50.8,199,Drizzle: Moderate,0,0,
8227,2021-04-30 20:04:00,40.583725,-73.89372,0,0,Unspecified,4412509,19.9,7.6,0.4,0.4,0.0,4.0,51,36.9,82.1,289,Drizzle: Light,0,0,
8228,2021-04-30 12:40:00,40.65989,-73.9342,0,0,Driver Inattention/Distraction,4411996,19.9,7.6,0.4,0.4,0.0,4.0,51,36.9,82.1,289,Drizzle: Light,0,0,
8229,2021-04-30 13:00:00,40.594486,-74.09874,0,0,Brakes Defective,4412016,19.9,7.6,0.4,0.4,0.0,4.0,51,36.9,82.1,289,Drizzle: Light,0,0,
8230,2021-04-28 17:00:00,40.614193,-74.00194,0,0,Driver Inattention/Distraction,4411782,26.1,7.9,0.0,0.0,0.0,0.0,3,15.3,34.6,133,Overcast,0,0,
8231,2021-04-28 16:00:00,40.761143,-73.75549,1,0,Following Too Closely,4411449,26.1,7.9,0.0,0.0,0.0,0.0,3,15.3,34.6,133,Overcast,1,1,
8232,2021-04-28 19:20:00,40.803425,-73.93309,1,0,Traffic Control Disregarded,4411640,26.1,7.9,0.0,0.0,0.0,0.0,3,15.3,34.6,133,Overcast,1,1,
8233,2021-04-29 14:36:00,40.7684,-73.73755,1,0,Driver Inattention/Distraction,4411776,22.5,12.9,3.8,3.8,0.0,9.0,53,25.6,50.8,199,Drizzle: Moderate,1,1,
8234,2021-04-29 14:00:00,40.718952,-73.74726,0,0,Unsafe Speed,4411758,22.5,12.9,3.8,3.8,0.0,9.0,53,25.6,50.8,199,Drizzle: Moderate,0,0,
8235,2021-04-28 13:05:00,40.6525,-73.924644,0,0,Unspecified,4411677,26.1,7.9,0.0,0.0,0.0,0.0,3,15.3,34.6,133,Overcast,0,0,
8236,2021-04-29 13:00:00,40.672394,-73.89243,0,0,Passing or Lane Usage Improper,4411941,22.5,12.9,3.8,3.8,0.0,9.0,53,25.6,50.8,199,Drizzle: Moderate,0,0,
8237,2022-03-27 21:25:00,40.735332,-73.95259,0,0,Following Too Closely,4514056,7.5,-1.1,0.3,0.3,0.07,3.0,71,26.4,47.5,288,Snow fall: Light,0,0,Snowy Conditions
8238,2021-04-28 07:40:00,40.692722,-73.72673,0,0,Tire Failure/Inadequate,4411699,26.1,7.9,0.0,0.0,0.0,0.0,3,15.3,34.6,133,Overcast,0,0,
8239,2021-04-28 13:59:00,40.690636,-73.96831,0,0,Fatigued/Drowsy,4411429,26.1,7.9,0.0,0.0,0.0,0.0,3,15.3,34.6,133,Overcast,0,0,
8240,2021-04-29 11:20:00,40.708492,-73.93887,0,0,Turning Improperly,4411867,22.5,12.9,3.8,3.8,0.0,9.0,53,25.6,50.8,199,Drizzle: Moderate,0,0,
8241,2021-04-29 11:20:00,40.746174,-73.82473,0,0,Unsafe Lane Changing,4412001,22.5,12.9,3.8,3.8,0.0,9.0,53,25.6,50.8,199,Drizzle: Moderate,0,0,
8242,2021-04-30 17:07:00,40.80723,-73.92055,0,0,Unspecified,4412745,19.9,7.6,0.4,0.4,0.0,4.0,51,36.9,82.1,289,Drizzle: Light,0,0,
8243,2021-04-29 12:22:00,40.706085,-73.8085,0,0,Other Vehicular,4411928,22.5,12.9,3.8,3.8,0.0,9.0,53,25.6,50.8,199,Drizzle: Moderate,0,0,
8244,2021-04-27 08:30:00,40.614456,-74.00993,0,0,Following Too Closely,4412191,14.8,4.2,0.0,0.0,0.0,0.0,3,15.3,34.2,164,Overcast,0,0,
8245,2021-04-29 06:00:00,40.75583,-73.78734,0,0,Unspecified,4411729,22.5,12.9,3.8,3.8,0.0,9.0,53,25.6,50.8,199,Drizzle: Moderate,0,0,
8246,2021-04-30 15:31:00,40.56968,-74.12623,0,0,Passing or Lane Usage Improper,4412018,19.9,7.6,0.4,0.4,0.0,4.0,51,36.9,82.1,289,Drizzle: Light,0,0,
8247,2021-04-30 13:35:00,40.74854,-73.97315,0,0,Driver Inexperience,4412035,19.9,7.6,0.4,0.4,0.0,4.0,51,36.9,82.1,289,Drizzle: Light,0,0,
8248,2021-04-16 09:33:00,40.686188,-73.95742,0,0,Unspecified,4412407,11.8,3.7,2.9,2.9,0.0,12.0,53,23.5,49.0,307,Drizzle: Moderate,0,0,
8249,2021-04-30 19:06:00,40.577545,-73.99789,0,0,Failure to Yield Right-of-Way,4412706,19.9,7.6,0.4,0.4,0.0,4.0,51,36.9,82.1,289,Drizzle: Light,0,0,
8250,2021-04-28 17:30:00,40.665848,-73.75187,0,0,Driver Inattention/Distraction,4411461,26.1,7.9,0.0,0.0,0.0,0.0,3,15.3,34.6,133,Overcast,0,0,
8251,2021-04-28 20:55:00,40.83347,-73.8638,0,0,Following Too Closely,4411635,26.1,7.9,0.0,0.0,0.0,0.0,3,15.3,34.6,133,Overcast,0,0,
8252,2021-04-18 16:00:00,40.720707,-73.981316,0,0,Unspecified,4412349,15.1,5.3,0.2,0.2,0.0,2.0,51,13.2,28.4,282,Drizzle: Light,0,0,