,CRASH DATETIME,LATITUDE,LONGITUDE,NUMBER OF PERSONS INJURED,NUMBER OF PERSONS KILLED,CONTRIBUTING FACTOR VEHICLE 1,COLLISION_ID,temperature_2m_max,temperature_2m_min,precipitation_sum,rain_sum,snowfall_sum,precipitation_hours,weather_code,wind_speed_10m_max,wind_gusts_10m_max,wind_direction_10m_dominant,Weather Description,Severity_Score,Total_Affected_Persons,Weather_Category
8253,2021-04-27 17:41:00,40.84984,-73.934975,0,0,Passing Too Closely,4412430,14.8,4.2,0.0,0.0,0.0,0.0,3,15.3,34.2,164,Overcast,0,0,
8254,2021-04-29 13:30:00,40.776318,-73.962135,0,0,Passing Too Closely,4411868,22.5,12.9,3.8,3.8,0.0,9.0,53,25.6,50.8,199,Drizzle: Moderate,0,0,
8255,2021-04-29 22:47:00,40.75548,-73.74173,0,0,Unspecified,4411848,22.5,12.9,3.8,3.8,0.0,9.0,53,25.6,50.8,199,Drizzle: Moderate,0,0,
8256,2021-04-30 09:43:00,40.675163,-73.73768,0,0,Unspecified,4412023,19.9,7.6,0.4,0.4,0.0,4.0,51,36.9,82.1,289,Drizzle: Light,0,0,
8257,2021-04-28 17:30:00,40.72802,-73.8615,0,0,Backing Unsafely,4411481,26.1,7.9,0.0,0.0,0.0,0.0,3,15.3,34.6,133,Overcast,0,0,
8258,2021-04-30 22:35:00,40.66255,-73.90893,0,0,Passing or Lane Usage Improper,4412268,19.9,7.6,0.4,0.4,0.0,4.0,51,36.9,82.1,289,Drizzle: Light,0,0,
8259,2021-04-30 19:38:00,40.682846,-73.95382,1,0,Turning Improperly,4412414,19.9,7.6,0.4,0.4,0.0,4.0,51,36.9,82.1,289,Drizzle: Light,1,1,
8260,2021-04-29 20:30:00,40.71679,-73.83274,0,0,Driver Inattention/Distraction,4411810,22.5,12.9,3.8,3.8,0.0,9.0,53,25.6,50.8,199,Drizzle: Moderate,0,0,
8261,2021-04-30 12:02:00,40.658722,-73.97517,0,0,Unspecified,4412636,19.9,7.6,0.4,0.4,0.0,4.0,51,36.9,82.1,289,Drizzle: Light,0,0,
8262,2021-04-26 16:05:00,40.872173,-73.86319,3,0,Traffic Control Disregarded,4412772,13.7,3.7,0.0,0.0,0.0,0.0,2,27.3,52.6,311,Partly cloudy,3,3,
8263,2021-04-30 20:20:00,40.695377,-73.94921,1,0,Turning Improperly,4412591,19.9,7.6,0.4,0.4,0.0,4.0,51,36.9,82.1,289,Drizzle: Light,1,1,
8264,2021-04-30 13:17:00,40.58478,-73.962555,0,0,Driver Inattention/Distraction,4412322,19.9,7.6,0.4,0.4,0.0,4.0,51,36.9,82.1,289,Drizzle: Light,0,0,
8265,2022-03-25 10:02:00,40.645973,-74.01631,2,0,Unspecified,4514563,15.6,5.3,5.7,5.7,0.0,4.0,63,27.6,52.2,274,Rain: Moderate,2,2,
8266,2021-04-29 17:10:00,40.768875,-73.90852,1,0,Driver Inattention/Distraction,4412377,22.5,12.9,3.8,3.8,0.0,9.0,53,25.6,50.8,199,Drizzle: Moderate,1,1,
8267,2021-04-30 23:22:00,40.722584,-74.00636,1,0,Unspecified,4412764,19.9,7.6,0.4,0.4,0.0,4.0,51,36.9,82.1,289,Drizzle: Light,1,1,
8268,2021-04-29 15:20:00,40.75232,-73.85959,1,0,Driver Inattention/Distraction,4411768,22.5,12.9,3.8,3.8,0.0,9.0,53,25.6,50.8,199,Drizzle: Moderate,1,1,
8269,2021-04-29 11:45:00,40.571266,-74.09118,0,0,Passenger Distraction,4411714,22.5,12.9,3.8,3.8,0.0,9.0,53,25.6,50.8,199,Drizzle: Moderate,0,0,
8270,2021-04-30 08:00:00,40.739956,-73.89421,1,0,Driver Inattention/Distraction,4412527,19.9,7.6,0.4,0.4,0.0,4.0,51,36.9,82.1,289,Drizzle: Light,1,1,
8271,2021-04-29 21:55:00,40.630814,-74.02508,0,0,Pavement Slippery,4411829,22.5,12.9,3.8,3.8,0.0,9.0,53,25.6,50.8,199,Drizzle: Moderate,0,0,
8272,2021-04-28 09:50:00,40.789684,-73.94815,0,0,Driver Inexperience,4411364,26.1,7.9,0.0,0.0,0.0,0.0,3,15.3,34.6,133,Overcast,0,0,
8273,2021-04-28 06:15:00,40.65556,-73.892715,1,0,Driver Inattention/Distraction,4411390,26.1,7.9,0.0,0.0,0.0,0.0,3,15.3,34.6,133,Overcast,1,1,
8274,2021-04-30 09:01:00,40.721474,-73.98383,1,0,Driver Inattention/Distraction,4412087,19.9,7.6,0.4,0.4,0.0,4.0,51,36.9,82.1,289,Drizzle: Light,1,1,
8275,2021-04-30 11:56:00,40.875088,-73.912415,0,0,Backing Unsafely,4412450,19.9,7.6,0.4,0.4,0.0,4.0,51,36.9,82.1,289,Drizzle: Light,0,0,
8276,2021-04-28 18:05:00,40.545147,-74.18286,0,0,Unsafe Lane Changing,4412050,26.1,7.9,0.0,0.0,0.0,0.0,3,15.3,34.6,133,Overcast,0,0,
8277,2021-04-29 00:30:00,40.844677,-73.9245,0,0,Failure to Yield Right-of-Way,4411881,22.5,12.9,3.8,3.8,0.0,9.0,53,25.6,50.8,199,Drizzle: Moderate,0,0,
8278,2021-04-29 11:20:00,40.709557,-73.79628,0,0,Failure to Yield Right-of-Way,4411763,22.5,12.9,3.8,3.8,0.0,9.0,53,25.6,50.8,199,Drizzle: Moderate,0,0,
8279,2021-04-28 06:05:00,40.761204,-73.75539,0,0,Reaction to Uninvolved Vehicle,4411445,26.1,7.9,0.0,0.0,0.0,0.0,3,15.3,34.6,133,Overcast,0,0,
8280,2021-04-30 04:18:00,40.762226,-73.96819,0,0,Driver Inattention/Distraction,4411913,19.9,7.6,0.4,0.4,0.0,4.0,51,36.9,82.1,289,Drizzle: Light,0,0,
8281,2021-04-29 00:20:00,40.69802,-73.7623,1,0,Driver Inattention/Distraction,4411622,22.5,12.9,3.8,3.8,0.0,9.0,53,25.6,50.8,199,Drizzle: Moderate,1,1,
8282,2021-04-29 18:30:00,40.704308,-73.91924,0,0,Failure to Yield Right-of-Way,4411896,22.5,12.9,3.8,3.8,0.0,9.0,53,25.6,50.8,199,Drizzle: Moderate,0,0,
8283,2021-04-30 01:28:00,40.656685,-73.9299,0,0,Driver Inattention/Distraction,4412228,19.9,7.6,0.4,0.4,0.0,4.0,51,36.9,82.1,289,Drizzle: Light,0,0,
8284,2021-04-28 00:00:00,40.818146,-73.89929,1,0,Unspecified,4412121,26.1,7.9,0.0,0.0,0.0,0.0,3,15.3,34.6,133,Overcast,1,1,
8285,2021-04-29 18:44:00,40.801125,-73.92988,1,0,Following Too Closely,4411918,22.5,12.9,3.8,3.8,0.0,9.0,53,25.6,50.8,199,Drizzle: Moderate,1,1,
8286,2021-04-29 09:30:00,40.760483,-73.840836,0,0,Backing Unsafely,4411734,22.5,12.9,3.8,3.8,0.0,9.0,53,25.6,50.8,199,Drizzle: Moderate,0,0,
8287,2021-04-29 15:00:00,40.864113,-73.92126,2,0,Driver Inexperience,4412395,22.5,12.9,3.8,3.8,0.0,9.0,53,25.6,50.8,199,Drizzle: Moderate,2,2,
8288,2021-04-28 08:20:00,40.73543,-73.982704,0,0,Unspecified,4411335,26.1,7.9,0.0,0.0,0.0,0.0,3,15.3,34.6,133,Overcast,0,0,
8289,2021-04-29 00:05:00,40.69382,-73.72694,0,0,Unspecified,4411530,22.5,12.9,3.8,3.8,0.0,9.0,53,25.6,50.8,199,Drizzle: Moderate,0,0,
8290,2021-04-24 05:00:00,40.746037,-73.9886,0,0,Other Vehicular,4412437,19.7,6.0,0.0,0.0,0.0,0.0,3,26.7,49.3,232,Overcast,0,0,
8291,2021-04-29 11:00:00,40.830143,-73.92858,0,0,Other Vehicular,4412287,22.5,12.9,3.8,3.8,0.0,9.0,53,25.6,50.8,199,Drizzle: Moderate,0,0,
8292,2021-04-28 08:00:00,40.674397,-73.896515,0,0,Driver Inattention/Distraction,4411382,26.1,7.9,0.0,0.0,0.0,0.0,3,15.3,34.6,133,Overcast,0,0,
8293,2021-04-28 14:40:00,40.781662,-73.83445,0,0,Backing Unsafely,4411469,26.1,7.9,0.0,0.0,0.0,0.0,3,15.3,34.6,133,Overcast,0,0,
8294,2021-04-30 09:00:00,40.720314,-73.9443,0,0,Passing or Lane Usage Improper,4412655,19.9,7.6,0.4,0.4,0.0,4.0,51,36.9,82.1,289,Drizzle: Light,0,0,
8295,2021-04-27 17:39:00,40.6191,-74.01009,1,0,Fell Asleep,4411956,14.8,4.2,0.0,0.0,0.0,0.0,3,15.3,34.2,164,Overcast,1,1,
8296,2021-04-28 14:56:00,40.706043,-74.0131,0,0,Backing Unsafely,4411670,26.1,7.9,0.0,0.0,0.0,0.0,3,15.3,34.6,133,Overcast,0,0,
8297,2021-04-23 12:00:00,40.602272,-73.75277,0,0,Passing Too Closely,4412507,15.5,2.0,0.0,0.0,0.0,0.0,3,28.7,57.2,273,Overcast,0,0,
8298,2021-03-31 17:23:00,40.655884,-73.950134,1,0,Lost Consciousness,4412055,16.4,7.2,12.0,12.0,0.0,10.0,61,27.4,51.1,173,Rain: Light,1,1,
8299,2021-04-29 14:53:00,40.69165,-73.779205,0,0,Driver Inattention/Distraction,4411973,22.5,12.9,3.8,3.8,0.0,9.0,53,25.6,50.8,199,Drizzle: Moderate,0,0,
8300,2021-04-28 22:25:00,40.866474,-73.932175,1,0,Driver Inattention/Distraction,4411703,26.1,7.9,0.0,0.0,0.0,0.0,3,15.3,34.6,133,Overcast,1,1,
8301,2021-04-28 09:30:00,40.633606,-73.91623,2,0,Following Too Closely,4411629,26.1,7.9,0.0,0.0,0.0,0.0,3,15.3,34.6,133,Overcast,2,2,
8302,2021-04-30 00:01:00,40.621994,-73.99493,0,0,Passing or Lane Usage Improper,4411843,19.9,7.6,0.4,0.4,0.0,4.0,51,36.9,82.1,289,Drizzle: Light,0,0,
8303,2021-04-28 11:50:00,40.74073,-73.91539,0,0,Driver Inattention/Distraction,4411439,26.1,7.9,0.0,0.0,0.0,0.0,3,15.3,34.6,133,Overcast,0,0,
8304,2021-04-30 15:00:00,40.694305,-73.91852,0,0,Passing Too Closely,4412115,19.9,7.6,0.4,0.4,0.0,4.0,51,36.9,82.1,289,Drizzle: Light,0,0,
8305,2021-04-29 11:54:00,40.68789,-73.936035,0,0,Driver Inattention/Distraction,4412553,22.5,12.9,3.8,3.8,0.0,9.0,53,25.6,50.8,199,Drizzle: Moderate,0,0,
8306,2020-05-02 17:30:00,40.67376,-73.79473,0,0,Unsafe Lane Changing,4412513,21.3,9.0,0.0,0.0,0.0,0.0,3,25.0,45.4,305,Overcast,0,0,
8307,2021-04-29 17:15:00,40.855057,-73.88401,0,0,Driver Inattention/Distraction,4411924,22.5,12.9,3.8,3.8,0.0,9.0,53,25.6,50.8,199,Drizzle: Moderate,0,0,
8308,2021-04-28 17:00:00,40.737274,-73.707344,0,0,Unspecified,4411475,26.1,7.9,0.0,0.0,0.0,0.0,3,15.3,34.6,133,Overcast,0,0,
8309,2021-04-29 12:30:00,40.63758,-73.88829,2,0,Fell Asleep,4411802,22.5,12.9,3.8,3.8,0.0,9.0,53,25.6,50.8,199,Drizzle: Moderate,2,2,
8310,2021-04-25 08:10:00,40.749752,-73.86624,0,0,Driver Inattention/Distraction,4412167,16.6,8.7,12.7,12.7,0.0,11.0,61,19.2,37.4,341,Rain: Light,0,0,
8311,2021-04-30 18:00:00,40.662846,-73.955505,0,0,Unspecified,4412072,19.9,7.6,0.4,0.4,0.0,4.0,51,36.9,82.1,289,Drizzle: Light,0,0,
8312,2021-04-24 19:00:00,40.72956,-73.87145,2,0,Failure to Yield Right-of-Way,4412011,19.7,6.0,0.0,0.0,0.0,0.0,3,26.7,49.3,232,Overcast,2,2,
8313,2021-04-30 09:14:00,40.806705,-73.96486,1,0,Lost Consciousness,4412466,19.9,7.6,0.4,0.4,0.0,4.0,51,36.9,82.1,289,Drizzle: Light,1,1,
8314,2021-04-28 11:15:00,40.74504,-73.77657,0,0,Driver Inattention/Distraction,4412573,26.1,7.9,0.0,0.0,0.0,0.0,3,15.3,34.6,133,Overcast,0,0,
8315,2021-04-29 16:50:00,40.811935,-73.88773,0,0,Driver Inattention/Distraction,4411950,22.5,12.9,3.8,3.8,0.0,9.0,53,25.6,50.8,199,Drizzle: Moderate,0,0,
8316,2021-04-29 17:10:00,40.63413,-73.928505,1,0,Failure to Yield Right-of-Way,4411982,22.5,12.9,3.8,3.8,0.0,9.0,53,25.6,50.8,199,Drizzle: Moderate,1,1,
8317,2021-04-27 12:35:00,40.635933,-74.07585,1,0,Failure to Yield Right-of-Way,4412339,14.8,4.2,0.0,0.0,0.0,0.0,3,15.3,34.2,164,Overcast,1,1,
8318,2021-04-28 13:00:00,40.613396,-74.00063,0,0,Driver Inattention/Distraction,4412198,26.1,7.9,0.0,0.0,0.0,0.0,3,15.3,34.6,133,Overcast,0,0,
8319,2021-04-26 08:00:00,40.594044,-73.78444,0,0,Passing Too Closely,4412040,13.7,3.7,0.0,0.0,0.0,0.0,2,27.3,52.6,311,Partly cloudy,0,0,
8320,2021-04-30 01:33:00,40.65726,-73.90031,2,0,Unspecified,4412264,19.9,7.6,0.4,0.4,0.0,4.0,51,36.9,82.1,289,Drizzle: Light,2,2,
8321,2021-04-30 05:30:00,40.652477,-73.86798,0,0,Other Vehicular,4411945,19.9,7.6,0.4,0.4,0.0,4.0,51,36.9,82.1,289,Drizzle: Light,0,0,
8322,2021-04-29 14:45:00,40.71604,-73.80504,0,0,Driver Inattention/Distraction,4411797,22.5,12.9,3.8,3.8,0.0,9.0,53,25.6,50.8,199,Drizzle: Moderate,0,0,
8323,2021-04-29 00:28:00,40.65682,-73.95482,0,0,Unspecified,4411748,22.5,12.9,3.8,3.8,0.0,9.0,53,25.6,50.8,199,Drizzle: Moderate,0,0,
8324,2021-04-28 22:00:00,40.842537,-73.87784,0,0,Driver Inattention/Distraction,4411665,26.1,7.9,0.0,0.0,0.0,0.0,3,15.3,34.6,133,Overcast,0,0,
8325,2021-04-29 08:11:00,40.70066,-73.98775,0,0,Passing Too Closely,4412008,22.5,12.9,3.8,3.8,0.0,9.0,53,25.6,50.8,199,Drizzle: Moderate,0,0,
8326,2021-04-30 15:00:00,40.6307,-74.103676,0,0,Unspecified,4412313,19.9,7.6,0.4,0.4,0.0,4.0,51,36.9,82.1,289,Drizzle: Light,0,0,
8327,2021-04-30 15:30:00,40.689198,-73.733116,2,0,Unspecified,4412067,19.9,7.6,0.4,0.4,0.0,4.0,51,36.9,82.1,289,Drizzle: Light,2,2,
8328,2021-04-09 08:30:00,40.64967,-73.95237,2,0,Failure to Yield Right-of-Way,4412233,13.4,5.7,0.0,0.0,0.0,0.0,3,15.7,33.8,146,Overcast,2,2,
8329,2021-04-30 22:55:00,40.732708,-73.84322,0,0,Unspecified,4412544,19.9,7.6,0.4,0.4,0.0,4.0,51,36.9,82.1,289,Drizzle: Light,0,0,
8330,2021-04-29 16:10:00,40.72773,-73.90674,0,0,Driver Inattention/Distraction,4411790,22.5,12.9,3.8,3.8,0.0,9.0,53,25.6,50.8,199,Drizzle: Moderate,0,0,
8331,2021-04-27 22:45:00,40.75537,-73.722244,0,0,Unspecified,4412146,14.8,4.2,0.0,0.0,0.0,0.0,3,15.3,34.2,164,Overcast,0,0,
8332,2021-04-29 12:55:00,40.82039,-73.9158,0,0,Driver Inattention/Distraction,4412756,22.5,12.9,3.8,3.8,0.0,9.0,53,25.6,50.8,199,Drizzle: Moderate,0,0,
8333,2021-04-28 00:30:00,40.80719,-73.92431,1,0,Alcohol Involvement,4411550,26.1,7.9,0.0,0.0,0.0,0.0,3,15.3,34.6,133,Overcast,1,1,
8334,2021-04-30 17:10:00,40.827866,-73.823586,1,0,Other Vehicular,4412283,19.9,7.6,0.4,0.4,0.0,4.0,51,36.9,82.1,289,Drizzle: Light,1,1,
8335,2021-04-28 22:00:00,40.695114,-73.93194,0,0,Passing Too Closely,4411892,26.1,7.9,0.0,0.0,0.0,0.0,3,15.3,34.6,133,Overcast,0,0,
8336,2021-04-28 06:30:00,40.728107,-73.984955,1,0,Other Vehicular,4411251,26.1,7.9,0.0,0.0,0.0,0.0,3,15.3,34.6,133,Overcast,1,1,
8337,2021-04-28 13:00:00,40.84869,-73.90329,1,0,Following Too Closely,4411615,26.1,7.9,0.0,0.0,0.0,0.0,3,15.3,34.6,133,Overcast,1,1,
8338,2021-04-29 16:51:00,40.79084,-73.97457,0,0,Following Too Closely,4411877,22.5,12.9,3.8,3.8,0.0,9.0,53,25.6,50.8,199,Drizzle: Moderate,0,0,
8339,2021-04-28 14:00:00,40.66659,-73.9032,0,0,Unspecified,4411412,26.1,7.9,0.0,0.0,0.0,0.0,3,15.3,34.6,133,Overcast,0,0,
8340,2021-04-29 01:00:00,40.673748,-73.84324,1,0,Failure to Yield Right-of-Way,4411837,22.5,12.9,3.8,3.8,0.0,9.0,53,25.6,50.8,199,Drizzle: Moderate,1,1,
8341,2021-04-28 06:30:00,40.69579,-73.759285,0,0,Unspecified,4411574,26.1,7.9,0.0,0.0,0.0,0.0,3,15.3,34.6,133,Overcast,0,0,
8342,2021-04-30 22:40:00,40.740067,-73.935455,0,0,Failure to Yield Right-of-Way,4412082,19.9,7.6,0.4,0.4,0.0,4.0,51,36.9,82.1,289,Drizzle: Light,0,0,
8343,2021-04-28 09:15:00,40.711033,-73.93378,0,0,Driver Inattention/Distraction,4411534,26.1,7.9,0.0,0.0,0.0,0.0,3,15.3,34.6,133,Overcast,0,0,
8344,2021-04-30 16:15:00,40.737682,-73.862305,0,0,Driver Inattention/Distraction,4412537,19.9,7.6,0.4,0.4,0.0,4.0,51,36.9,82.1,289,Drizzle: Light,0,0,
8345,2021-04-29 06:16:00,40.62685,-73.97643,0,0,Unspecified,4412383,22.5,12.9,3.8,3.8,0.0,9.0,53,25.6,50.8,199,Drizzle: Moderate,0,0,
8346,2021-04-30 07:00:00,40.622658,-73.93641,0,0,Unspecified,4411988,19.9,7.6,0.4,0.4,0.0,4.0,51,36.9,82.1,289,Drizzle: Light,0,0,
8347,2021-04-30 06:30:00,40.668648,-73.92835,3,0,Driver Inattention/Distraction,4412520,19.9,7.6,0.4,0.4,0.0,4.0,51,36.9,82.1,289,Drizzle: Light,3,3,
8348,2021-04-28 15:25:00,40.680756,-73.813446,1,0,Traffic Control Disregarded,4411489,26.1,7.9,0.0,0.0,0.0,0.0,3,15.3,34.6,133,Overcast,1,1,
8349,2021-04-29 18:00:00,40.725975,-73.7575,2,0,Following Too Closely,4411801,22.5,12.9,3.8,3.8,0.0,9.0,53,25.6,50.8,199,Drizzle: Moderate,2,2,
8350,2021-04-29 23:30:00,40.682194,-74.00239,0,0,Following Too Closely,4411960,22.5,12.9,3.8,3.8,0.0,9.0,53,25.6,50.8,199,Drizzle: Moderate,0,0,
8351,2021-04-28 14:55:00,40.724194,-73.94523,0,0,View Obstructed/Limited,4411708,26.1,7.9,0.0,0.0,0.0,0.0,3,15.3,34.6,133,Overcast,0,0,
8352,2021-04-26 23:45:00,40.695095,-73.93845,0,0,Driver Inattention/Distraction,4412561,13.7,3.7,0.0,0.0,0.0,0.0,2,27.3,52.6,311,Partly cloudy,0,0,
8353,2021-04-30 10:04:00,40.583107,-73.954155,0,0,Unspecified,4411977,19.9,7.6,0.4,0.4,0.0,4.0,51,36.9,82.1,289,Drizzle: Light,0,0,
8354,2021-04-28 14:23:00,40.676003,-73.865395,1,0,Driver Inattention/Distraction,4411512,26.1,7.9,0.0,0.0,0.0,0.0,3,15.3,34.6,133,Overcast,1,1,
8355,2021-04-29 02:45:00,40.843956,-73.8978,1,0,Unsafe Speed,4411666,22.5,12.9,3.8,3.8,0.0,9.0,53,25.6,50.8,199,Drizzle: Moderate,1,1,
8356,2021-04-29 15:30:00,40.832222,-73.87181,0,0,Unsafe Speed,4411816,22.5,12.9,3.8,3.8,0.0,9.0,53,25.6,50.8,199,Drizzle: Moderate,0,0,
8357,2021-04-30 23:36:00,40.760536,-73.95836,0,0,Driver Inexperience,4412719,19.9,7.6,0.4,0.4,0.0,4.0,51,36.9,82.1,289,Drizzle: Light,0,0,
8358,2021-04-28 19:45:00,40.757725,-73.779274,1,0,Driver Inattention/Distraction,4411453,26.1,7.9,0.0,0.0,0.0,0.0,3,15.3,34.6,133,Overcast,1,1,
8359,2021-04-25 16:57:00,40.558887,-74.1977,0,0,Driver Inattention/Distraction,4412043,16.6,8.7,12.7,12.7,0.0,11.0,61,19.2,37.4,341,Rain: Light,0,0,
8360,2021-04-29 16:10:00,40.626728,-74.127914,0,0,Driver Inattention/Distraction,4412332,22.5,12.9,3.8,3.8,0.0,9.0,53,25.6,50.8,199,Drizzle: Moderate,0,0,
8361,2021-04-29 08:20:00,40.87573,-73.87956,0,0,Backing Unsafely,4411623,22.5,12.9,3.8,3.8,0.0,9.0,53,25.6,50.8,199,Drizzle: Moderate,0,0,
8362,2021-04-07 06:40:00,40.715515,-73.90245,1,0,Pedestrian/Bicyclist/Other Pedestrian Error/Confusion,4412026,19.7,6.7,0.5,0.5,0.0,2.0,51,15.5,34.6,14,Drizzle: Light,1,1,
8363,2021-04-30 16:34:00,40.75014,-73.860756,1,0,Driver Inattention/Distraction,4412172,19.9,7.6,0.4,0.4,0.0,4.0,51,36.9,82.1,289,Drizzle: Light,1,1,
8364,2021-04-28 12:08:00,40.848,-73.93784,0,0,Following Too Closely,4412605,26.1,7.9,0.0,0.0,0.0,0.0,3,15.3,34.6,133,Overcast,0,0,
8365,2021-04-25 00:00:00,40.73132,-73.98862,1,0,View Obstructed/Limited,4412213,16.6,8.7,12.7,12.7,0.0,11.0,61,19.2,37.4,341,Rain: Light,1,1,
8366,2021-04-28 20:00:00,40.742836,-73.97214,0,0,Unsafe Speed,4411965,26.1,7.9,0.0,0.0,0.0,0.0,3,15.3,34.6,133,Overcast,0,0,
8367,2021-04-30 23:15:00,40.71294,-73.82387,1,0,Driver Inexperience,4412136,19.9,7.6,0.4,0.4,0.0,4.0,51,36.9,82.1,289,Drizzle: Light,1,1,
8368,2021-04-29 18:50:00,40.579765,-74.103806,3,0,Driver Inexperience,4412015,22.5,12.9,3.8,3.8,0.0,9.0,53,25.6,50.8,199,Drizzle: Moderate,3,3,
8369,2021-04-30 14:24:00,40.762806,-73.993164,0,0,Driver Inattention/Distraction,4412129,19.9,7.6,0.4,0.4,0.0,4.0,51,36.9,82.1,289,Drizzle: Light,0,0,
8370,2021-04-27 13:00:00,40.800583,-73.960075,0,0,Passing Too Closely,4411978,14.8,4.2,0.0,0.0,0.0,0.0,3,15.3,34.2,164,Overcast,0,0,
8371,2021-04-28 13:50:00,40.739956,-73.89421,0,0,Driver Inattention/Distraction,4412079,26.1,7.9,0.0,0.0,0.0,0.0,3,15.3,34.6,133,Overcast,0,0,
8372,2021-04-29 05:20:00,40.644455,-74.0183,0,0,Turning Improperly,4412194,22.5,12.9,3.8,3.8,0.0,9.0,53,25.6,50.8,199,Drizzle: Moderate,0,0,
8373,2021-04-07 19:30:00,40.75898,-73.96244,1,0,Unspecified,4412036,19.7,6.7,0.5,0.5,0.0,2.0,51,15.5,34.6,14,Drizzle: Light,1,1,
8374,2021-04-28 00:00:00,40.84084,-73.901566,0,0,Unspecified,4411651,26.1,7.9,0.0,0.0,0.0,0.0,3,15.3,34.6,133,Overcast,0,0,
8375,2021-04-30 12:55:00,40.66526,-73.92289,0,0,Other Vehicular,4412258,19.9,7.6,0.4,0.4,0.0,4.0,51,36.9,82.1,289,Drizzle: Light,0,0,
8376,2021-04-28 16:20:00,40.721283,-73.8141,0,0,Driver Inattention/Distraction,4411474,26.1,7.9,0.0,0.0,0.0,0.0,3,15.3,34.6,133,Overcast,0,0,
8377,2021-04-30 14:00:00,40.722584,-74.00636,1,0,Failure to Yield Right-of-Way,4412111,19.9,7.6,0.4,0.4,0.0,4.0,51,36.9,82.1,289,Drizzle: Light,1,1,
8378,2021-04-29 16:52:00,40.72556,-73.87965,2,0,Driver Inattention/Distraction,4412479,22.5,12.9,3.8,3.8,0.0,9.0,53,25.6,50.8,199,Drizzle: Moderate,2,2,
8379,2021-04-29 18:45:00,40.85214,-73.92071,0,0,Reaction to Uninvolved Vehicle,4411882,22.5,12.9,3.8,3.8,0.0,9.0,53,25.6,50.8,199,Drizzle: Moderate,0,0,
8380,2021-04-20 14:46:00,40.72035,-73.97846,0,0,Driver Inattention/Distraction,4412143,21.4,6.5,0.0,0.0,0.0,0.0,3,26.0,56.2,223,Overcast,0,0,
8381,2021-04-30 12:50:00,40.662888,-73.924965,0,0,Unspecified,4412237,19.9,7.6,0.4,0.4,0.0,4.0,51,36.9,82.1,289,Drizzle: Light,0,0,
8382,2021-04-09 11:20:00,40.713764,-73.993805,0,0,Driver Inattention/Distraction,4412304,13.4,5.7,0.0,0.0,0.0,0.0,3,15.7,33.8,146,Overcast,0,0,
8383,2021-04-27 19:17:00,40.722485,-73.974396,0,0,Unspecified,4412153,14.8,4.2,0.0,0.0,0.0,0.0,3,15.3,34.2,164,Overcast,0,0,
8384,2021-04-28 11:58:00,40.661274,-73.89267,0,0,Unspecified,4411946,26.1,7.9,0.0,0.0,0.0,0.0,3,15.3,34.6,133,Overcast,0,0,
8385,2021-04-28 22:30:00,40.77723,-73.946175,0,0,Unspecified,4411580,26.1,7.9,0.0,0.0,0.0,0.0,3,15.3,34.6,133,Overcast,0,0,
8386,2021-04-30 00:00:00,40.741394,-73.82303,1,0,Following Too Closely,4412645,19.9,7.6,0.4,0.4,0.0,4.0,51,36.9,82.1,289,Drizzle: Light,1,1,
8387,2021-04-22 14:00:00,40.83898,-73.9186,0,0,Driver Inattention/Distraction,4412279,7.9,1.3,0.0,0.0,0.0,0.0,3,34.0,64.4,289,Overcast,0,0,
8388,2021-04-28 08:00:00,40.66496,-73.82226,1,0,Driver Inattention/Distraction,4411277,26.1,7.9,0.0,0.0,0.0,0.0,3,15.3,34.6,133,Overcast,1,1,
8389,2021-04-29 02:43:00,40.659527,-73.896576,0,0,Tire Failure/Inadequate,4411517,22.5,12.9,3.8,3.8,0.0,9.0,53,25.6,50.8,199,Drizzle: Moderate,0,0,
8390,2021-04-30 15:30:00,40.717674,-73.81713,0,0,Driver Inattention/Distraction,4412058,19.9,7.6,0.4,0.4,0.0,4.0,51,36.9,82.1,289,Drizzle: Light,0,0,
8391,2021-04-28 11:15:00,40.815327,-73.93576,0,0,Following Too Closely,4411395,26.1,7.9,0.0,0.0,0.0,0.0,3,15.3,34.6,133,Overcast,0,0,
8392,2021-04-28 15:14:00,40.839092,-73.85005,1,0,Unspecified,4411856,26.1,7.9,0.0,0.0,0.0,0.0,3,15.3,34.6,133,Overcast,1,1,
8393,2021-04-28 21:00:00,40.728474,-73.882614,0,0,Passing or Lane Usage Improper,4411992,26.1,7.9,0.0,0.0,0.0,0.0,3,15.3,34.6,133,Overcast,0,0,
8394,2021-04-29 06:30:00,40.730064,-73.97462,0,0,Unspecified,4412094,22.5,12.9,3.8,3.8,0.0,9.0,53,25.6,50.8,199,Drizzle: Moderate,0,0,
8395,2021-04-29 01:14:00,40.69168,-73.999344,2,0,Following Too Closely,4411527,22.5,12.9,3.8,3.8,0.0,9.0,53,25.6,50.8,199,Drizzle: Moderate,2,2,
8396,2021-04-28 16:00:00,40.701237,-73.79465,0,0,Failure to Yield Right-of-Way,4411448,26.1,7.9,0.0,0.0,0.0,0.0,3,15.3,34.6,133,Overcast,0,0,
8397,2021-04-28 06:00:00,40.65478,-73.889984,1,0,Failure to Yield Right-of-Way,4411516,26.1,7.9,0.0,0.0,0.0,0.0,3,15.3,34.6,133,Overcast,1,1,
8398,2021-04-28 16:30:00,40.646454,-74.00352,0,0,Unspecified,4411822,26.1,7.9,0.0,0.0,0.0,0.0,3,15.3,34.6,133,Overcast,0,0,
8399,2021-04-28 19:20:00,40.69203,-73.94565,1,0,Traffic Control Disregarded,4411681,26.1,7.9,0.0,0.0,0.0,0.0,3,15.3,34.6,133,Overcast,1,1,