,CRASH DATETIME,LATITUDE,LONGITUDE,NUMBER OF PERSONS INJURED,NUMBER OF PERSONS KILLED,CONTRIBUTING FACTOR VEHICLE 1,COLLISION_ID,temperature_2m_max,temperature_2m_min,precipitation_sum,rain_sum,snowfall_sum,precipitation_hours,weather_code,wind_speed_10m_max,wind_gusts_10m_max,wind_direction_10m_dominant,Weather Description,Severity_Score,Total_Affected_Persons,Weather_Category
8400,2021-04-28 16:35:00,40.664192,-73.841125,0,0,Driver Inattention/Distraction,4411484,26.1,7.9,0.0,0.0,0.0,0.0,3,15.3,34.6,133,Overcast,0,0,
8401,2021-04-29 00:50:00,40.58571,-73.91276,1,0,Unsafe Speed,4411693,22.5,12.9,3.8,3.8,0.0,9.0,53,25.6,50.8,199,Drizzle: Moderate,1,1,
8402,2021-04-08 07:20:00,40.698643,-73.94697,0,0,Other Vehicular,4412406,18.2,5.5,0.0,0.0,0.0,0.0,3,18.0,35.3,173,Overcast,0,0,
8403,2021-04-30 18:00:00,40.816032,-73.90809,0,0,Other Vehicular,4412730,19.9,7.6,0.4,0.4,0.0,4.0,51,36.9,82.1,289,Drizzle: Light,0,0,
8404,2021-04-29 00:00:00,40.777542,-73.957016,0,0,Driver Inattention/Distraction,4411722,22.5,12.9,3.8,3.8,0.0,9.0,53,25.6,50.8,199,Drizzle: Moderate,0,0,
8405,2021-04-30 20:52:00,40.862732,-73.90333,0,0,Unspecified,4412124,19.9,7.6,0.4,0.4,0.0,4.0,51,36.9,82.1,289,Drizzle: Light,0,0,
8406,2021-04-29 19:11:00,40.68444,-73.83192,1,0,Obstruction/Debris,4411841,22.5,12.9,3.8,3.8,0.0,9.0,53,25.6,50.8,199,Drizzle: Moderate,1,1,
8407,2020-12-08 15:18:00,40.69657,-73.95844,0,0,Backing Unsafely,4412425,3.4,-1.6,0.0,0.0,0.0,0.0,3,21.5,41.8,332,Overcast,0,0,
8408,2021-04-29 01:38:00,40.827904,-73.91218,0,0,Other Vehicular,4411639,22.5,12.9,3.8,3.8,0.0,9.0,53,25.6,50.8,199,Drizzle: Moderate,0,0,
8409,2021-04-29 09:05:00,40.6185,-73.96014,0,0,Driver Inattention/Distraction,4411780,22.5,12.9,3.8,3.8,0.0,9.0,53,25.6,50.8,199,Drizzle: Moderate,0,0,
8410,2021-04-30 14:30:00,40.608807,-73.9532,0,0,View Obstructed/Limited,4412684,19.9,7.6,0.4,0.4,0.0,4.0,51,36.9,82.1,289,Drizzle: Light,0,0,
8411,2021-04-22 15:46:00,40.710964,-73.91601,1,0,Unsafe Speed,4412030,7.9,1.3,0.0,0.0,0.0,0.0,3,34.0,64.4,289,Overcast,1,1,
8412,2021-04-30 17:50:00,40.571163,-73.86313,0,0,Failure to Yield Right-of-Way,4412156,19.9,7.6,0.4,0.4,0.0,4.0,51,36.9,82.1,289,Drizzle: Light,0,0,
8413,2021-04-29 21:00:00,40.861275,-73.86366,2,0,Traffic Control Disregarded,4412357,22.5,12.9,3.8,3.8,0.0,9.0,53,25.6,50.8,199,Drizzle: Moderate,2,2,
8414,2021-09-18 21:30:00,40.823383,-73.91835,1,0,View Obstructed/Limited,4458935,27.1,19.2,0.2,0.2,0.0,2.0,51,14.6,25.9,349,Drizzle: Light,1,1,
8415,2021-12-09 07:30:00,40.81175,-73.93144,1,0,Unspecified,4485897,3.6,-2.0,0.1,0.0,0.07,1.0,71,19.2,33.8,295,Snow fall: Light,1,1,Snowy Conditions
8416,2021-04-30 01:30:00,40.84487,-73.92068,0,0,Unspecified,4411887,19.9,7.6,0.4,0.4,0.0,4.0,51,36.9,82.1,289,Drizzle: Light,0,0,
8417,2021-04-27 14:22:00,40.518726,-74.24025,1,0,Following Too Closely,4412047,14.8,4.2,0.0,0.0,0.0,0.0,3,15.3,34.2,164,Overcast,1,1,
8418,2021-04-30 00:00:00,40.771572,-73.81323,1,0,Driver Inexperience,4412181,19.9,7.6,0.4,0.4,0.0,4.0,51,36.9,82.1,289,Drizzle: Light,1,1,
8419,2021-04-30 15:00:00,40.5377,-74.15002,0,0,Reaction to Uninvolved Vehicle,4412019,19.9,7.6,0.4,0.4,0.0,4.0,51,36.9,82.1,289,Drizzle: Light,0,0,
8420,2021-04-28 01:27:00,40.773663,-73.90239,1,0,Drugs (illegal),4412368,26.1,7.9,0.0,0.0,0.0,0.0,3,15.3,34.6,133,Overcast,1,1,
8421,2021-03-26 05:45:00,40.69603,-73.943535,0,0,Driver Inattention/Distraction,4412408,25.3,9.8,2.7,2.7,0.0,7.0,53,40.0,71.3,233,Drizzle: Moderate,0,0,
8422,2021-04-30 15:40:00,40.59727,-73.99868,0,0,Other Vehicular,4412075,19.9,7.6,0.4,0.4,0.0,4.0,51,36.9,82.1,289,Drizzle: Light,0,0,
8423,2021-04-30 06:53:00,40.68882,-73.98568,0,0,Turning Improperly,4412162,19.9,7.6,0.4,0.4,0.0,4.0,51,36.9,82.1,289,Drizzle: Light,0,0,
8424,2021-04-29 02:45:00,40.69497,-73.931694,0,0,Reaction to Uninvolved Vehicle,4412571,22.5,12.9,3.8,3.8,0.0,9.0,53,25.6,50.8,199,Drizzle: Moderate,0,0,
8425,2021-04-30 17:00:00,40.666183,-73.8513,0,0,Passing or Lane Usage Improper,4412707,19.9,7.6,0.4,0.4,0.0,4.0,51,36.9,82.1,289,Drizzle: Light,0,0,
8426,2021-04-12 00:00:00,40.696167,-73.97721,1,0,Steering Failure,4412622,8.7,6.7,13.6,13.6,0.0,21.0,61,23.4,42.1,51,Rain: Light,1,1,
8427,2021-04-29 09:30:00,40.70448,-73.79267,0,0,Brakes Defective,4411764,22.5,12.9,3.8,3.8,0.0,9.0,53,25.6,50.8,199,Drizzle: Moderate,0,0,
8428,2022-03-27 00:27:00,40.73042,-73.98926,0,0,Following Too Closely,4513662,7.5,-1.1,0.3,0.3,0.07,3.0,71,26.4,47.5,288,Snow fall: Light,0,0,Snowy Conditions
8429,2021-04-30 12:00:00,40.8275,-73.8408,2,0,Unspecified,4412782,19.9,7.6,0.4,0.4,0.0,4.0,51,36.9,82.1,289,Drizzle: Light,2,2,
8430,2021-04-30 19:53:00,40.681503,-73.974236,1,0,View Obstructed/Limited,4412107,19.9,7.6,0.4,0.4,0.0,4.0,51,36.9,82.1,289,Drizzle: Light,1,1,
8431,2021-04-28 15:18:00,40.802753,-73.93358,1,0,Failure to Yield Right-of-Way,4411914,26.1,7.9,0.0,0.0,0.0,0.0,3,15.3,34.6,133,Overcast,1,1,
8432,2021-04-28 13:00:00,40.67151,-73.76455,2,0,Traffic Control Disregarded,4412002,26.1,7.9,0.0,0.0,0.0,0.0,3,15.3,34.6,133,Overcast,2,2,
8433,2021-04-29 18:15:00,40.79726,-73.94053,0,0,Unspecified,4411919,22.5,12.9,3.8,3.8,0.0,9.0,53,25.6,50.8,199,Drizzle: Moderate,0,0,
8434,2021-04-30 14:45:00,40.637054,-74.10938,1,0,Traffic Control Disregarded,4412455,19.9,7.6,0.4,0.4,0.0,4.0,51,36.9,82.1,289,Drizzle: Light,1,1,
8435,2021-04-28 00:00:00,40.72867,-73.95529,0,0,Following Too Closely,4411380,26.1,7.9,0.0,0.0,0.0,0.0,3,15.3,34.6,133,Overcast,0,0,
8436,2021-04-28 06:05:00,40.67657,-73.9008,2,0,Reaction to Uninvolved Vehicle,4411385,26.1,7.9,0.0,0.0,0.0,0.0,3,15.3,34.6,133,Overcast,2,2,
8437,2021-04-28 18:44:00,40.593742,-73.96085,0,0,Driver Inattention/Distraction,4411541,26.1,7.9,0.0,0.0,0.0,0.0,3,15.3,34.6,133,Overcast,0,0,
8438,2021-04-29 07:30:00,40.818283,-73.95481,0,0,Unspecified,4411719,22.5,12.9,3.8,3.8,0.0,9.0,53,25.6,50.8,199,Drizzle: Moderate,0,0,
8439,2021-04-28 11:39:00,40.637997,-74.02136,0,0,Unspecified,4411402,26.1,7.9,0.0,0.0,0.0,0.0,3,15.3,34.6,133,Overcast,0,0,
8440,2021-04-26 14:00:00,40.67164,-73.95034,0,0,Driver Inattention/Distraction,4412519,13.7,3.7,0.0,0.0,0.0,0.0,2,27.3,52.6,311,Partly cloudy,0,0,
8441,2022-03-26 08:45:00,40.607605,-74.06196,0,0,Unspecified,4514704,10.1,4.9,6.1,5.8,0.21,8.0,71,21.6,41.0,251,Snow fall: Light,0,0,Snowy Conditions
8442,2021-04-30 17:30:00,40.757935,-73.98557,0,0,Unspecified,4412321,19.9,7.6,0.4,0.4,0.0,4.0,51,36.9,82.1,289,Drizzle: Light,0,0,
8443,2021-04-28 14:45:00,40.882496,-73.86989,0,0,Reaction to Uninvolved Vehicle,4411741,26.1,7.9,0.0,0.0,0.0,0.0,3,15.3,34.6,133,Overcast,0,0,
8444,2021-04-28 11:00:00,40.615772,-73.98308,1,0,Driver Inattention/Distraction,4411438,26.1,7.9,0.0,0.0,0.0,0.0,3,15.3,34.6,133,Overcast,1,1,
8445,2021-04-30 19:55:00,40.67897,-73.759834,0,0,Backing Unsafely,4412062,19.9,7.6,0.4,0.4,0.0,4.0,51,36.9,82.1,289,Drizzle: Light,0,0,
8446,2021-04-28 17:18:00,40.86028,-73.89405,0,0,Following Too Closely,4411594,26.1,7.9,0.0,0.0,0.0,0.0,3,15.3,34.6,133,Overcast,0,0,
8447,2021-04-30 22:30:00,40.711437,-73.74779,0,0,Unspecified,4412219,19.9,7.6,0.4,0.4,0.0,4.0,51,36.9,82.1,289,Drizzle: Light,0,0,
8448,2021-04-28 15:01:00,40.889626,-73.911476,0,0,Unspecified,4411762,26.1,7.9,0.0,0.0,0.0,0.0,3,15.3,34.6,133,Overcast,0,0,
8449,2021-04-28 06:45:00,40.804993,-73.934875,1,0,Driver Inattention/Distraction,4411297,26.1,7.9,0.0,0.0,0.0,0.0,3,15.3,34.6,133,Overcast,1,1,
8450,2021-04-29 14:11:00,40.658577,-73.89063,0,0,Unspecified,4411933,22.5,12.9,3.8,3.8,0.0,9.0,53,25.6,50.8,199,Drizzle: Moderate,0,0,
8451,2021-04-28 20:17:00,40.586205,-73.93417,0,0,Passing or Lane Usage Improper,4411542,26.1,7.9,0.0,0.0,0.0,0.0,3,15.3,34.6,133,Overcast,0,0,
8452,2021-04-29 11:41:00,40.710533,-73.95514,0,0,Oversized Vehicle,4411860,22.5,12.9,3.8,3.8,0.0,9.0,53,25.6,50.8,199,Drizzle: Moderate,0,0,
8453,2021-04-30 21:25:00,40.836304,-73.92518,0,0,Failure to Yield Right-of-Way,4412293,19.9,7.6,0.4,0.4,0.0,4.0,51,36.9,82.1,289,Drizzle: Light,0,0,
8454,2021-04-30 07:10:00,40.681705,-74.00431,2,0,Following Too Closely,4412090,19.9,7.6,0.4,0.4,0.0,4.0,51,36.9,82.1,289,Drizzle: Light,2,2,
8455,2021-04-30 18:00:00,40.663143,-73.95046,0,0,Unspecified,4412073,19.9,7.6,0.4,0.4,0.0,4.0,51,36.9,82.1,289,Drizzle: Light,0,0,
8456,2021-04-30 08:38:00,40.885098,-73.90066,0,0,Unspecified,4412448,19.9,7.6,0.4,0.4,0.0,4.0,51,36.9,82.1,289,Drizzle: Light,0,0,
8457,2021-04-26 10:30:00,40.516457,-74.196884,0,0,Backing Unsafely,4412051,13.7,3.7,0.0,0.0,0.0,0.0,2,27.3,52.6,311,Partly cloudy,0,0,
8458,2021-04-29 00:09:00,40.84519,-73.9112,1,0,Unsafe Speed,4411583,22.5,12.9,3.8,3.8,0.0,9.0,53,25.6,50.8,199,Drizzle: Moderate,1,1,
8459,2021-04-30 06:53:00,40.72625,-74.00374,1,0,Passing or Lane Usage Improper,4411912,19.9,7.6,0.4,0.4,0.0,4.0,51,36.9,82.1,289,Drizzle: Light,1,1,
8460,2021-04-16 18:30:00,40.66095,-73.9247,0,0,Unspecified,4412229,11.8,3.7,2.9,2.9,0.0,12.0,53,23.5,49.0,307,Drizzle: Moderate,0,0,
8461,2021-04-29 08:24:00,40.71213,-73.95688,0,0,Driver Inattention/Distraction,4411621,22.5,12.9,3.8,3.8,0.0,9.0,53,25.6,50.8,199,Drizzle: Moderate,0,0,
8462,2021-04-28 09:10:00,40.707027,-73.9236,0,0,Backing Unsafely,4411891,26.1,7.9,0.0,0.0,0.0,0.0,3,15.3,34.6,133,Overcast,0,0,
8463,2021-04-30 19:00:00,40.825424,-73.923485,0,0,Following Too Closely,4412292,19.9,7.6,0.4,0.4,0.0,4.0,51,36.9,82.1,289,Drizzle: Light,0,0,
8464,2021-04-28 04:00:00,40.866005,-73.86834,0,0,Unspecified,4411345,26.1,7.9,0.0,0.0,0.0,0.0,3,15.3,34.6,133,Overcast,0,0,
8465,2021-04-28 11:15:00,40.586555,-73.95237,0,0,Driver Inattention/Distraction,4411400,26.1,7.9,0.0,0.0,0.0,0.0,3,15.3,34.6,133,Overcast,0,0,
8466,2021-04-30 19:00:00,40.63006,-73.935524,0,0,Unspecified,4412499,19.9,7.6,0.4,0.4,0.0,4.0,51,36.9,82.1,289,Drizzle: Light,0,0,
8467,2021-04-25 22:20:00,40.76653,-73.90624,0,0,Unspecified,4412366,16.6,8.7,12.7,12.7,0.0,11.0,61,19.2,37.4,341,Rain: Light,0,0,
8468,2021-04-29 13:00:00,40.885143,-73.8339,1,0,Driver Inattention/Distraction,4411749,22.5,12.9,3.8,3.8,0.0,9.0,53,25.6,50.8,199,Drizzle: Moderate,1,1,
8469,2021-04-27 16:55:00,40.622894,-73.96002,1,0,Unspecified,4412319,14.8,4.2,0.0,0.0,0.0,0.0,3,15.3,34.2,164,Overcast,1,1,
8470,2021-04-28 15:25:00,40.68665,-73.920746,1,0,Driver Inattention/Distraction,4412548,26.1,7.9,0.0,0.0,0.0,0.0,3,15.3,34.6,133,Overcast,1,1,
8471,2021-04-30 19:56:00,40.60638,-73.754715,2,0,Driver Inattention/Distraction,4412461,19.9,7.6,0.4,0.4,0.0,4.0,51,36.9,82.1,289,Drizzle: Light,2,2,
8472,2021-04-24 04:00:00,40.664356,-73.734535,0,0,Driver Inattention/Distraction,4412066,19.7,6.0,0.0,0.0,0.0,0.0,3,26.7,49.3,232,Overcast,0,0,
8473,2021-04-29 11:58:00,40.669888,-73.90932,1,0,Unspecified,4412265,22.5,12.9,3.8,3.8,0.0,9.0,53,25.6,50.8,199,Drizzle: Moderate,1,1,
8474,2021-04-30 19:10:00,40.74119,-73.90156,0,0,Driver Inattention/Distraction,4412068,19.9,7.6,0.4,0.4,0.0,4.0,51,36.9,82.1,289,Drizzle: Light,0,0,
8475,2021-04-29 12:15:00,40.72004,-73.76185,0,0,Passing Too Closely,4411757,22.5,12.9,3.8,3.8,0.0,9.0,53,25.6,50.8,199,Drizzle: Moderate,0,0,
8476,2021-04-29 17:00:00,40.70938,-73.9371,0,0,Backing Unsafely,4412774,22.5,12.9,3.8,3.8,0.0,9.0,53,25.6,50.8,199,Drizzle: Moderate,0,0,
8477,2021-04-28 09:00:00,40.708076,-73.79257,0,0,Unspecified,4411426,26.1,7.9,0.0,0.0,0.0,0.0,3,15.3,34.6,133,Overcast,0,0,
8478,2021-04-28 16:40:00,40.71062,-73.98534,1,0,Failure to Yield Right-of-Way,4411503,26.1,7.9,0.0,0.0,0.0,0.0,3,15.3,34.6,133,Overcast,1,1,
8479,2021-04-28 20:34:00,40.88788,-73.85028,1,0,Driver Inattention/Distraction,4411744,26.1,7.9,0.0,0.0,0.0,0.0,3,15.3,34.6,133,Overcast,1,1,
8480,2021-04-28 21:38:00,40.832542,-73.864006,0,0,Unspecified,4411638,26.1,7.9,0.0,0.0,0.0,0.0,3,15.3,34.6,133,Overcast,0,0,
8481,2021-04-30 12:30:00,40.760254,-73.967545,0,0,Driver Inattention/Distraction,4412034,19.9,7.6,0.4,0.4,0.0,4.0,51,36.9,82.1,289,Drizzle: Light,0,0,
8482,2021-04-29 09:55:00,40.758793,-73.87256,0,0,Traffic Control Disregarded,4411713,22.5,12.9,3.8,3.8,0.0,9.0,53,25.6,50.8,199,Drizzle: Moderate,0,0,
8483,2021-04-28 06:03:00,40.900433,-73.840706,0,0,Aggressive Driving/Road Rage,4411363,26.1,7.9,0.0,0.0,0.0,0.0,3,15.3,34.6,133,Overcast,0,0,
8484,2021-04-29 13:07:00,40.855927,-73.89478,1,0,Traffic Control Disregarded,4411902,22.5,12.9,3.8,3.8,0.0,9.0,53,25.6,50.8,199,Drizzle: Moderate,1,1,
8485,2021-04-30 13:30:00,40.858814,-73.890236,0,0,Unsafe Speed,4412133,19.9,7.6,0.4,0.4,0.0,4.0,51,36.9,82.1,289,Drizzle: Light,0,0,
8486,2021-04-28 06:30:00,40.754986,-73.74535,1,0,Following Too Closely,4411446,26.1,7.9,0.0,0.0,0.0,0.0,3,15.3,34.6,133,Overcast,1,1,
8487,2021-04-28 22:02:00,40.83163,-73.92252,1,0,Driver Inattention/Distraction,4411880,26.1,7.9,0.0,0.0,0.0,0.0,3,15.3,34.6,133,Overcast,1,1,
8488,2021-04-29 20:58:00,40.683105,-73.874115,0,0,Driver Inexperience,4411934,22.5,12.9,3.8,3.8,0.0,9.0,53,25.6,50.8,199,Drizzle: Moderate,0,0,
8489,2021-04-28 00:35:00,40.77226,-73.92591,0,0,Driver Inattention/Distraction,4412728,26.1,7.9,0.0,0.0,0.0,0.0,3,15.3,34.6,133,Overcast,0,0,
8490,2021-04-28 19:39:00,40.844746,-73.90363,0,0,Unspecified,4411870,26.1,7.9,0.0,0.0,0.0,0.0,3,15.3,34.6,133,Overcast,0,0,
8491,2021-04-28 12:40:00,40.765224,-73.9317,0,0,Failure to Yield Right-of-Way,4411415,26.1,7.9,0.0,0.0,0.0,0.0,3,15.3,34.6,133,Overcast,0,0,
8492,2021-04-30 15:40:00,40.72375,-73.82852,0,0,Driver Inattention/Distraction,4412061,19.9,7.6,0.4,0.4,0.0,4.0,51,36.9,82.1,289,Drizzle: Light,0,0,
8493,2021-04-29 18:00:00,40.691666,-73.76239,0,0,Driver Inattention/Distraction,4411783,22.5,12.9,3.8,3.8,0.0,9.0,53,25.6,50.8,199,Drizzle: Moderate,0,0,
8494,2021-04-30 15:00:00,40.585026,-73.958275,0,0,Following Too Closely,4412100,19.9,7.6,0.4,0.4,0.0,4.0,51,36.9,82.1,289,Drizzle: Light,0,0,
8495,2021-04-29 17:22:00,40.62643,-73.972305,0,0,Failure to Yield Right-of-Way,4412387,22.5,12.9,3.8,3.8,0.0,9.0,53,25.6,50.8,199,Drizzle: Moderate,0,0,
8496,2021-04-28 11:45:00,40.715046,-73.964806,0,0,Turning Improperly,4411537,26.1,7.9,0.0,0.0,0.0,0.0,3,15.3,34.6,133,Overcast,0,0,
8497,2021-04-30 07:00:00,40.674496,-73.90629,0,0,Driver Inattention/Distraction,4412267,19.9,7.6,0.4,0.4,0.0,4.0,51,36.9,82.1,289,Drizzle: Light,0,0,
8498,2021-04-29 21:30:00,40.63039,-73.93006,2,0,Failure to Yield Right-of-Way,4411987,22.5,12.9,3.8,3.8,0.0,9.0,53,25.6,50.8,199,Drizzle: Moderate,2,2,
8499,2021-04-28 09:30:00,40.797867,-73.96758,0,0,Unspecified,4411406,26.1,7.9,0.0,0.0,0.0,0.0,3,15.3,34.6,133,Overcast,0,0,
8500,2021-04-29 19:37:00,40.83008,-73.90301,0,0,Unspecified,4411955,22.5,12.9,3.8,3.8,0.0,9.0,53,25.6,50.8,199,Drizzle: Moderate,0,0,
8501,2021-04-29 20:30:00,40.72956,-73.87145,0,0,Passing or Lane Usage Improper,4411811,22.5,12.9,3.8,3.8,0.0,9.0,53,25.6,50.8,199,Drizzle: Moderate,0,0,
8502,2021-04-29 08:00:00,40.788033,-73.845665,0,0,Passing or Lane Usage Improper,4411680,22.5,12.9,3.8,3.8,0.0,9.0,53,25.6,50.8,199,Drizzle: Moderate,0,0,
8503,2021-04-29 23:20:00,40.74321,-73.89608,0,0,Driver Inattention/Distraction,4412681,22.5,12.9,3.8,3.8,0.0,9.0,53,25.6,50.8,199,Drizzle: Moderate,0,0,
8504,2021-04-22 15:55:00,40.68107,-73.94972,0,0,Aggressive Driving/Road Rage,4412424,7.9,1.3,0.0,0.0,0.0,0.0,3,34.0,64.4,289,Overcast,0,0,
8505,2021-04-28 16:28:00,40.680374,-74.000465,0,0,Unspecified,4411595,26.1,7.9,0.0,0.0,0.0,0.0,3,15.3,34.6,133,Overcast,0,0,
8506,2021-04-30 00:42:00,40.67538,-73.9082,0,0,Reaction to Uninvolved Vehicle,4412256,19.9,7.6,0.4,0.4,0.0,4.0,51,36.9,82.1,289,Drizzle: Light,0,0,
8507,2021-04-30 02:30:00,40.818954,-73.91404,0,0,Unsafe Speed,4412755,19.9,7.6,0.4,0.4,0.0,4.0,51,36.9,82.1,289,Drizzle: Light,0,0,
8508,2021-04-28 19:55:00,40.72952,-74.00514,0,0,Pedestrian/Bicyclist/Other Pedestrian Error/Confusion,4411831,26.1,7.9,0.0,0.0,0.0,0.0,3,15.3,34.6,133,Overcast,0,0,
8509,2021-04-28 18:17:00,40.708443,-73.908806,0,0,Unspecified,4412029,26.1,7.9,0.0,0.0,0.0,0.0,3,15.3,34.6,133,Overcast,0,0,
8510,2021-04-28 08:09:00,40.724037,-73.72568,1,0,Turning Improperly,4411463,26.1,7.9,0.0,0.0,0.0,0.0,3,15.3,34.6,133,Overcast,1,1,
8511,2021-04-28 02:09:00,40.811108,-73.92734,1,0,Driver Inattention/Distraction,4411553,26.1,7.9,0.0,0.0,0.0,0.0,3,15.3,34.6,133,Overcast,1,1,
8512,2021-04-30 14:25:00,40.760254,-73.967545,0,0,Passing or Lane Usage Improper,4412175,19.9,7.6,0.4,0.4,0.0,4.0,51,36.9,82.1,289,Drizzle: Light,0,0,
8513,2021-04-29 11:00:00,40.73019,-73.97255,0,0,Unspecified,4412093,22.5,12.9,3.8,3.8,0.0,9.0,53,25.6,50.8,199,Drizzle: Moderate,0,0,
8514,2021-04-29 05:55:00,40.66584,-73.75551,0,0,Driver Inattention/Distraction,4411614,22.5,12.9,3.8,3.8,0.0,9.0,53,25.6,50.8,199,Drizzle: Moderate,0,0,
8515,2021-04-30 00:00:00,40.83089,-73.941376,2,0,Driver Inattention/Distraction,4412604,19.9,7.6,0.4,0.4,0.0,4.0,51,36.9,82.1,289,Drizzle: Light,2,2,
8516,2021-04-29 08:07:00,40.700546,-73.917076,0,0,Unspecified,4411895,22.5,12.9,3.8,3.8,0.0,9.0,53,25.6,50.8,199,Drizzle: Moderate,0,0,
8517,2021-04-28 14:47:00,40.66885,-73.91635,1,0,Failure to Yield Right-of-Way,4411579,26.1,7.9,0.0,0.0,0.0,0.0,3,15.3,34.6,133,Overcast,1,1,
8518,2021-04-28 17:02:00,40.677338,-73.927536,3,0,Driver Inattention/Distraction,4412467,26.1,7.9,0.0,0.0,0.0,0.0,3,15.3,34.6,133,Overcast,3,3,
8519,2021-04-28 00:00:00,40.61264,-74.03384,0,0,Driver Inattention/Distraction,4411493,26.1,7.9,0.0,0.0,0.0,0.0,3,15.3,34.6,133,Overcast,0,0,
8520,2021-04-28 06:45:00,40.60041,-73.9882,0,0,Unspecified,4412197,26.1,7.9,0.0,0.0,0.0,0.0,3,15.3,34.6,133,Overcast,0,0,
8521,2021-04-28 16:40:00,40.74357,-73.83772,0,0,Driver Inattention/Distraction,4411733,26.1,7.9,0.0,0.0,0.0,0.0,3,15.3,34.6,133,Overcast,0,0,
8522,2021-04-30 22:15:00,40.753677,-73.914474,1,0,Unspecified,4412384,19.9,7.6,0.4,0.4,0.0,4.0,51,36.9,82.1,289,Drizzle: Light,1,1,
8523,2021-04-30 06:20:00,40.836224,-73.93957,1,0,Driver Inattention/Distraction,4411908,19.9,7.6,0.4,0.4,0.0,4.0,51,36.9,82.1,289,Drizzle: Light,1,1,
8524,2021-04-28 09:30:00,40.70145,-73.989624,2,0,Passing or Lane Usage Improper,4411457,26.1,7.9,0.0,0.0,0.0,0.0,3,15.3,34.6,133,Overcast,2,2,
8525,2021-04-30 08:15:00,40.626476,-73.95655,0,0,Unspecified,4412301,19.9,7.6,0.4,0.4,0.0,4.0,51,36.9,82.1,289,Drizzle: Light,0,0,
8526,2021-04-29 06:43:00,40.723698,-74.00792,1,0,Following Too Closely,4411671,22.5,12.9,3.8,3.8,0.0,9.0,53,25.6,50.8,199,Drizzle: Moderate,1,1,
8527,2021-04-30 01:20:00,40.71982,-73.74978,0,0,Driver Inattention/Distraction,4411844,19.9,7.6,0.4,0.4,0.0,4.0,51,36.9,82.1,289,Drizzle: Light,0,0,
8528,2021-04-28 22:00:00,40.671356,-73.88716,0,0,Unspecified,4411940,26.1,7.9,0.0,0.0,0.0,0.0,3,15.3,34.6,133,Overcast,0,0,
8529,2021-04-04 20:47:00,40.72106,-73.75945,1,0,Physical Disability,4412056,16.2,3.4,0.0,0.0,0.0,0.0,3,18.5,33.1,302,Overcast,1,1,
8530,2021-04-28 00:00:00,40.669476,-73.919975,1,0,Unsafe Speed,4411236,26.1,7.9,0.0,0.0,0.0,0.0,3,15.3,34.6,133,Overcast,1,1,
8531,2021-04-29 09:15:00,40.674995,-73.80854,0,0,Unsafe Lane Changing,4411694,22.5,12.9,3.8,3.8,0.0,9.0,53,25.6,50.8,199,Drizzle: Moderate,0,0,
8532,2021-04-30 10:35:00,40.64169,-73.96341,1,0,Unspecified,4412302,19.9,7.6,0.4,0.4,0.0,4.0,51,36.9,82.1,289,Drizzle: Light,1,1,
8533,2021-04-28 11:30:00,40.692024,-73.9818,1,0,Unspecified,4411791,26.1,7.9,0.0,0.0,0.0,0.0,3,15.3,34.6,133,Overcast,1,1,
8534,2021-04-30 04:55:00,40.74125,-73.81912,1,0,Pedestrian/Bicyclist/Other Pedestrian Error/Confusion,4411998,19.9,7.6,0.4,0.4,0.0,4.0,51,36.9,82.1,289,Drizzle: Light,1,1,
8535,2021-03-28 21:30:00,40.679276,-73.92906,1,0,Driver Inattention/Distraction,4412554,18.8,7.6,18.6,18.6,0.0,15.0,63,30.0,70.9,180,Rain: Moderate,1,1,
8536,2021-04-28 07:40:00,40.714622,-73.829704,2,0,Unsafe Lane Changing,4411391,26.1,7.9,0.0,0.0,0.0,0.0,3,15.3,34.6,133,Overcast,2,2,
8537,2021-04-27 20:15:00,40.724136,-73.992615,1,0,View Obstructed/Limited,4412145,14.8,4.2,0.0,0.0,0.0,0.0,3,15.3,34.2,164,Overcast,1,1,
8538,2021-04-29 12:56:00,40.839863,-73.888145,0,0,Aggressive Driving/Road Rage,4411923,22.5,12.9,3.8,3.8,0.0,9.0,53,25.6,50.8,199,Drizzle: Moderate,0,0,
8539,2021-04-28 21:20:00,40.766552,-73.77255,0,0,Turning Improperly,4411476,26.1,7.9,0.0,0.0,0.0,0.0,3,15.3,34.6,133,Overcast,0,0,
8540,2021-04-30 18:13:00,40.6737,-74.00444,0,0,Driver Inattention/Distraction,4412105,19.9,7.6,0.4,0.4,0.0,4.0,51,36.9,82.1,289,Drizzle: Light,0,0,
8541,2021-04-29 11:40:00,40.58501,-73.82619,0,0,Unspecified,4411769,22.5,12.9,3.8,3.8,0.0,9.0,53,25.6,50.8,199,Drizzle: Moderate,0,0,
8542,2021-04-29 09:00:00,40.847332,-73.831375,1,0,,4411730,22.5,12.9,3.8,3.8,0.0,9.0,53,25.6,50.8,199,Drizzle: Moderate,1,1,
8543,2021-04-28 13:35:00,40.6687,-73.90372,0,0,Driver Inattention/Distraction,4411645,26.1,7.9,0.0,0.0,0.0,0.0,3,15.3,34.6,133,Overcast,0,0,
8544,2022-03-27 15:00:00,40.6148,-73.98766,0,0,Unspecified,4514149,7.5,-1.1,0.3,0.3,0.07,3.0,71,26.4,47.5,288,Snow fall: Light,0,0,Snowy Conditions
8545,2021-04-30 14:00:00,40.717648,-73.98868,0,0,Backing Unsafely,4412088,19.9,7.6,0.4,0.4,0.0,4.0,51,36.9,82.1,289,Drizzle: Light,0,0,
8546,2021-04-30 23:00:00,40.67974,-73.92214,0,0,Driver Inattention/Distraction,4412574,19.9,7.6,0.4,0.4,0.0,4.0,51,36.9,82.1,289,Drizzle: Light,0,0,