,CRASH DATETIME,LATITUDE,LONGITUDE,NUMBER OF PERSONS INJURED,NUMBER OF PERSONS KILLED,CONTRIBUTING FACTOR VEHICLE 1,COLLISION_ID,temperature_2m_max,temperature_2m_min,precipitation_sum,rain_sum,snowfall_sum,precipitation_hours,weather_code,wind_speed_10m_max,wind_gusts_10m_max,wind_direction_10m_dominant,Weather Description,Severity_Score,Total_Affected_Persons,Weather_Category
8547,2021-04-28 09:30:00,40.889927,-73.9084,0,0,Driver Inattention/Distraction,4411966,26.1,7.9,0.0,0.0,0.0,0.0,3,15.3,34.6,133,Overcast,0,0,
8548,2021-04-25 19:45:00,40.853714,-73.92681,0,0,Unspecified,4412431,16.6,8.7,12.7,12.7,0.0,11.0,61,19.2,37.4,341,Rain: Light,0,0,
8549,2021-04-29 20:15:00,40.843063,-73.90954,1,0,Passing or Lane Usage Improper,4411875,22.5,12.9,3.8,3.8,0.0,9.0,53,25.6,50.8,199,Drizzle: Moderate,1,1,
8550,2021-04-28 14:30:00,40.615585,-73.92264,0,0,Unsafe Speed,4411983,26.1,7.9,0.0,0.0,0.0,0.0,3,15.3,34.6,133,Overcast,0,0,
8551,2021-04-30 09:00:00,40.82193,-73.88844,0,0,Following Too Closely,4412122,19.9,7.6,0.4,0.4,0.0,4.0,51,36.9,82.1,289,Drizzle: Light,0,0,
8552,2021-04-28 16:30:00,40.58461,-73.92711,3,0,Following Too Closely,4412341,26.1,7.9,0.0,0.0,0.0,0.0,3,15.3,34.6,133,Overcast,3,3,
8553,2021-04-29 22:30:00,40.70997,-73.962425,0,0,Unspecified,4411824,22.5,12.9,3.8,3.8,0.0,9.0,53,25.6,50.8,199,Drizzle: Moderate,0,0,
8554,2021-04-26 15:00:00,0.0,0.0,0,0,Passing or Lane Usage Improper,4412521,13.7,3.7,0.0,0.0,0.0,0.0,2,27.3,52.6,311,Partly cloudy,0,0,
8555,2021-04-29 00:00:00,40.86309,-73.88946,0,0,Pedestrian/Bicyclist/Other Pedestrian Error/Confusion,4411849,22.5,12.9,3.8,3.8,0.0,9.0,53,25.6,50.8,199,Drizzle: Moderate,0,0,
8556,2021-04-25 13:50:00,40.596325,-73.76673,2,0,Following Too Closely,4412041,16.6,8.7,12.7,12.7,0.0,11.0,61,19.2,37.4,341,Rain: Light,2,2,
8557,2021-04-28 17:45:00,40.7122,-73.86208,1,0,Following Too Closely,4412024,26.1,7.9,0.0,0.0,0.0,0.0,3,15.3,34.6,133,Overcast,1,1,
8558,2021-04-24 21:57:00,40.75428,-73.99255,0,0,Driver Inattention/Distraction,4412438,19.7,6.0,0.0,0.0,0.0,0.0,3,26.7,49.3,232,Overcast,0,0,
8559,2021-04-28 15:50:00,40.68175,-73.96748,0,0,Following Too Closely,4411482,26.1,7.9,0.0,0.0,0.0,0.0,3,15.3,34.6,133,Overcast,0,0,
8560,2021-03-01 16:10:00,40.643787,-74.018845,0,0,Unsafe Lane Changing,4412098,8.7,1.5,7.4,7.4,0.0,14.0,55,38.2,68.4,300,Drizzle: Dense,0,0,
8561,2021-04-29 01:30:00,40.6722,-73.734604,2,0,Unsafe Speed,4411796,22.5,12.9,3.8,3.8,0.0,9.0,53,25.6,50.8,199,Drizzle: Moderate,2,2,
8562,2021-04-29 11:26:00,40.641277,-73.88406,0,0,Unspecified,4412083,22.5,12.9,3.8,3.8,0.0,9.0,53,25.6,50.8,199,Drizzle: Moderate,0,0,
8563,2021-04-28 07:15:00,40.71148,-73.9456,1,0,Driver Inattention/Distraction,4411533,26.1,7.9,0.0,0.0,0.0,0.0,3,15.3,34.6,133,Overcast,1,1,
8564,2021-04-28 17:40:00,40.681137,-73.95567,1,0,Reaction to Uninvolved Vehicle,4412415,26.1,7.9,0.0,0.0,0.0,0.0,3,15.3,34.6,133,Overcast,1,1,
8565,2021-04-28 16:30:00,40.830227,-73.898575,0,0,Unspecified,4411652,26.1,7.9,0.0,0.0,0.0,0.0,3,15.3,34.6,133,Overcast,0,0,
8566,2021-04-28 19:40:00,40.75045,-73.9873,1,0,Following Too Closely,4412284,26.1,7.9,0.0,0.0,0.0,0.0,3,15.3,34.6,133,Overcast,1,1,
8567,2021-04-30 17:00:00,40.710876,-74.01439,0,0,Driver Inattention/Distraction,4412110,19.9,7.6,0.4,0.4,0.0,4.0,51,36.9,82.1,289,Drizzle: Light,0,0,
8568,2021-04-28 14:00:00,40.66461,-73.77319,0,0,Driver Inattention/Distraction,4411468,26.1,7.9,0.0,0.0,0.0,0.0,3,15.3,34.6,133,Overcast,0,0,
8569,2021-04-27 12:25:00,40.852386,-73.90369,2,0,Unspecified,4411972,14.8,4.2,0.0,0.0,0.0,0.0,3,15.3,34.2,164,Overcast,2,2,
8570,2021-04-30 12:30:00,40.620285,-73.93438,0,0,Pedestrian/Bicyclist/Other Pedestrian Error/Confusion,4412508,19.9,7.6,0.4,0.4,0.0,4.0,51,36.9,82.1,289,Drizzle: Light,0,0,
8571,2021-04-29 18:53:00,40.654102,-73.9258,0,0,Unspecified,4412236,22.5,12.9,3.8,3.8,0.0,9.0,53,25.6,50.8,199,Drizzle: Moderate,0,0,
8572,2021-04-30 16:00:00,40.76738,-73.759735,0,0,Following Too Closely,4412009,19.9,7.6,0.4,0.4,0.0,4.0,51,36.9,82.1,289,Drizzle: Light,0,0,
8573,2021-04-28 14:10:00,40.74447,-73.911514,1,0,View Obstructed/Limited,4411440,26.1,7.9,0.0,0.0,0.0,0.0,3,15.3,34.6,133,Overcast,1,1,
8574,2021-04-28 16:30:00,40.774567,-73.90665,1,0,Pedestrian/Bicyclist/Other Pedestrian Error/Confusion,4411688,26.1,7.9,0.0,0.0,0.0,0.0,3,15.3,34.6,133,Overcast,1,1,
8575,2021-04-28 16:30:00,40.63404,-74.09884,0,0,Passing Too Closely,4411702,26.1,7.9,0.0,0.0,0.0,0.0,3,15.3,34.6,133,Overcast,0,0,
8576,2021-04-30 17:00:00,40.698643,-73.94697,1,0,Following Too Closely,4412592,19.9,7.6,0.4,0.4,0.0,4.0,51,36.9,82.1,289,Drizzle: Light,1,1,
8577,2021-04-29 02:55:00,40.86952,-73.84443,0,0,Unsafe Speed,4412781,22.5,12.9,3.8,3.8,0.0,9.0,53,25.6,50.8,199,Drizzle: Moderate,0,0,
8578,2021-04-30 15:42:00,40.69614,-73.92726,1,0,Unspecified,4412116,19.9,7.6,0.4,0.4,0.0,4.0,51,36.9,82.1,289,Drizzle: Light,1,1,
8579,2021-04-30 23:18:00,40.726246,-73.957886,0,0,Oversized Vehicle,4412653,19.9,7.6,0.4,0.4,0.0,4.0,51,36.9,82.1,289,Drizzle: Light,0,0,
8580,2021-04-28 21:34:00,40.84247,-73.85335,1,0,Failure to Yield Right-of-Way,4412361,26.1,7.9,0.0,0.0,0.0,0.0,3,15.3,34.6,133,Overcast,1,1,
8581,2021-04-28 20:33:00,40.878056,-73.892136,0,0,Unspecified,4411549,26.1,7.9,0.0,0.0,0.0,0.0,3,15.3,34.6,133,Overcast,0,0,
8582,2021-04-28 15:25:00,40.827595,-73.85004,1,0,Driver Inattention/Distraction,4411632,26.1,7.9,0.0,0.0,0.0,0.0,3,15.3,34.6,133,Overcast,1,1,
8583,2021-04-28 17:55:00,0.0,0.0,1,0,Traffic Control Disregarded,4411488,26.1,7.9,0.0,0.0,0.0,0.0,3,15.3,34.6,133,Overcast,1,1,
8584,2021-04-29 16:00:00,40.772022,-73.979805,0,0,Passing Too Closely,4411805,22.5,12.9,3.8,3.8,0.0,9.0,53,25.6,50.8,199,Drizzle: Moderate,0,0,
8585,2021-04-29 00:50:00,40.813175,-73.89845,0,0,Driver Inattention/Distraction,4411951,22.5,12.9,3.8,3.8,0.0,9.0,53,25.6,50.8,199,Drizzle: Moderate,0,0,
8586,2021-04-29 23:12:00,40.81346,-73.91022,1,0,Driver Inexperience,4412718,22.5,12.9,3.8,3.8,0.0,9.0,53,25.6,50.8,199,Drizzle: Moderate,1,1,
8587,2021-04-12 07:50:00,40.722137,-73.82436,0,0,Passing Too Closely,4412650,8.7,6.7,13.6,13.6,0.0,21.0,61,23.4,42.1,51,Rain: Light,0,0,
8588,2021-04-29 11:00:00,40.738575,-73.845345,0,0,Driver Inattention/Distraction,4412212,22.5,12.9,3.8,3.8,0.0,9.0,53,25.6,50.8,199,Drizzle: Moderate,0,0,
8589,2021-04-28 08:00:00,40.692936,-73.87777,1,0,Following Too Closely,4412010,26.1,7.9,0.0,0.0,0.0,0.0,3,15.3,34.6,133,Overcast,1,1,
8590,2021-04-29 13:25:00,40.851936,-73.91078,0,0,Unspecified,4411888,22.5,12.9,3.8,3.8,0.0,9.0,53,25.6,50.8,199,Drizzle: Moderate,0,0,
8591,2021-04-28 11:47:00,40.870823,-73.8721,1,0,Driver Inexperience,4412775,26.1,7.9,0.0,0.0,0.0,0.0,3,15.3,34.6,133,Overcast,1,1,
8592,2021-04-30 21:15:00,40.867733,-73.85861,1,0,View Obstructed/Limited,4412360,19.9,7.6,0.4,0.4,0.0,4.0,51,36.9,82.1,289,Drizzle: Light,1,1,
8593,2021-04-29 16:38:00,40.605164,-73.75485,1,0,Unspecified,4412463,22.5,12.9,3.8,3.8,0.0,9.0,53,25.6,50.8,199,Drizzle: Moderate,1,1,
8594,2022-03-18 17:05:00,40.670868,-73.9198,0,0,Unspecified,4514632,20.8,7.4,0.0,0.0,0.0,0.0,3,16.0,31.7,181,Overcast,0,0,
8595,2021-04-28 13:44:00,40.654327,-73.9221,1,0,Unspecified,4412231,26.1,7.9,0.0,0.0,0.0,0.0,3,15.3,34.6,133,Overcast,1,1,
8596,2021-04-29 09:45:00,40.83389,-73.85466,1,0,Driver Inattention/Distraction,4411739,22.5,12.9,3.8,3.8,0.0,9.0,53,25.6,50.8,199,Drizzle: Moderate,1,1,
8597,2021-04-29 16:30:00,40.877476,-73.83661,0,0,Following Too Closely,4412536,22.5,12.9,3.8,3.8,0.0,9.0,53,25.6,50.8,199,Drizzle: Moderate,0,0,
8598,2021-04-29 08:47:00,40.763893,-73.915,1,0,Failure to Yield Right-of-Way,4412379,22.5,12.9,3.8,3.8,0.0,9.0,53,25.6,50.8,199,Drizzle: Moderate,1,1,
8599,2021-04-29 19:04:00,40.678234,-73.89753,0,0,Brakes Defective,4411944,22.5,12.9,3.8,3.8,0.0,9.0,53,25.6,50.8,199,Drizzle: Moderate,0,0,
8600,2021-04-22 15:20:00,40.691555,-73.93677,0,0,Backing Unsafely,4412560,7.9,1.3,0.0,0.0,0.0,0.0,3,34.0,64.4,289,Overcast,0,0,
8601,2021-04-29 08:14:00,40.839615,-73.88974,0,0,Other Vehicular,4411664,22.5,12.9,3.8,3.8,0.0,9.0,53,25.6,50.8,199,Drizzle: Moderate,0,0,
8602,2021-04-30 22:30:00,40.74875,-73.90077,0,0,Cell Phone (hand-Held),4412097,19.9,7.6,0.4,0.4,0.0,4.0,51,36.9,82.1,289,Drizzle: Light,0,0,
8603,2021-04-29 22:13:00,40.764168,-73.98474,0,0,Unspecified,4411883,22.5,12.9,3.8,3.8,0.0,9.0,53,25.6,50.8,199,Drizzle: Moderate,0,0,
8604,2021-04-29 13:34:00,40.671783,-73.9742,0,0,Driver Inattention/Distraction,4411775,22.5,12.9,3.8,3.8,0.0,9.0,53,25.6,50.8,199,Drizzle: Moderate,0,0,
8605,2021-04-28 21:45:00,40.711227,-73.72826,1,0,Unsafe Speed,4411528,26.1,7.9,0.0,0.0,0.0,0.0,3,15.3,34.6,133,Overcast,1,1,
8606,2021-04-30 16:45:00,40.54653,-74.180435,0,0,Driver Inattention/Distraction,4412052,19.9,7.6,0.4,0.4,0.0,4.0,51,36.9,82.1,289,Drizzle: Light,0,0,
8607,2021-04-29 10:18:00,40.707714,-73.802795,1,0,Driver Inattention/Distraction,4411765,22.5,12.9,3.8,3.8,0.0,9.0,53,25.6,50.8,199,Drizzle: Moderate,1,1,
8608,2021-04-28 13:25:00,40.848335,-73.89309,0,0,Passing Too Closely,4411667,26.1,7.9,0.0,0.0,0.0,0.0,3,15.3,34.6,133,Overcast,0,0,
8609,2021-04-28 03:40:00,40.725174,-73.97274,0,0,Unspecified,4411183,26.1,7.9,0.0,0.0,0.0,0.0,3,15.3,34.6,133,Overcast,0,0,
8610,2021-04-29 12:56:00,40.770424,-73.96222,1,0,Traffic Control Disregarded,4411724,22.5,12.9,3.8,3.8,0.0,9.0,53,25.6,50.8,199,Drizzle: Moderate,1,1,
8611,2021-04-22 12:30:00,40.67202,-73.93083,0,0,Driver Inattention/Distraction,4412512,7.9,1.3,0.0,0.0,0.0,0.0,3,34.0,64.4,289,Overcast,0,0,
8612,2021-04-29 22:15:00,40.621216,-73.93539,3,0,Unspecified,4411994,22.5,12.9,3.8,3.8,0.0,9.0,53,25.6,50.8,199,Drizzle: Moderate,3,3,
8613,2021-04-29 18:07:00,40.697083,-73.83048,0,0,Traffic Control Disregarded,4411927,22.5,12.9,3.8,3.8,0.0,9.0,53,25.6,50.8,199,Drizzle: Moderate,0,0,
8614,2021-04-30 07:50:00,40.796,-73.93542,0,0,Driver Inattention/Distraction,4411920,19.9,7.6,0.4,0.4,0.0,4.0,51,36.9,82.1,289,Drizzle: Light,0,0,
8615,2021-04-29 07:15:00,40.63856,-74.13194,0,0,Passing Too Closely,4411689,22.5,12.9,3.8,3.8,0.0,9.0,53,25.6,50.8,199,Drizzle: Moderate,0,0,
8616,2021-04-28 15:30:00,40.68582,-73.979904,0,0,Driver Inattention/Distraction,4411456,26.1,7.9,0.0,0.0,0.0,0.0,3,15.3,34.6,133,Overcast,0,0,
8617,2021-04-28 22:00:00,40.622295,-74.02186,0,0,Unspecified,4412152,26.1,7.9,0.0,0.0,0.0,0.0,3,15.3,34.6,133,Overcast,0,0,
8618,2021-04-24 13:46:00,40.746185,-73.90813,1,0,Driver Inattention/Distraction,4412691,19.7,6.0,0.0,0.0,0.0,0.0,3,26.7,49.3,232,Overcast,1,1,
8619,2021-04-28 17:35:00,40.7083,-74.01125,1,0,Driver Inattention/Distraction,4411568,26.1,7.9,0.0,0.0,0.0,0.0,3,15.3,34.6,133,Overcast,1,1,
8620,2021-04-28 06:22:00,40.656116,-73.89666,1,0,Failure to Yield Right-of-Way,4411386,26.1,7.9,0.0,0.0,0.0,0.0,3,15.3,34.6,133,Overcast,1,1,
8621,2021-04-28 13:55:00,40.728104,-73.979004,0,0,Driver Inattention/Distraction,4412158,26.1,7.9,0.0,0.0,0.0,0.0,3,15.3,34.6,133,Overcast,0,0,
8622,2021-04-29 23:30:00,40.708504,-73.81954,0,0,Driver Inattention/Distraction,4411962,22.5,12.9,3.8,3.8,0.0,9.0,53,25.6,50.8,199,Drizzle: Moderate,0,0,
8623,2021-04-30 12:30:00,40.750786,-74.00564,1,0,Unsafe Speed,4411979,19.9,7.6,0.4,0.4,0.0,4.0,51,36.9,82.1,289,Drizzle: Light,1,1,
8624,2021-04-29 13:11:00,40.803425,-73.93309,0,0,Passing or Lane Usage Improper,4411915,22.5,12.9,3.8,3.8,0.0,9.0,53,25.6,50.8,199,Drizzle: Moderate,0,0,
8625,2021-04-30 22:05:00,40.74565,-73.92485,1,0,Driver Inattention/Distraction,4412078,19.9,7.6,0.4,0.4,0.0,4.0,51,36.9,82.1,289,Drizzle: Light,1,1,
8626,2021-04-28 08:30:00,40.67232,-73.98933,1,0,Driver Inattention/Distraction,4411560,26.1,7.9,0.0,0.0,0.0,0.0,3,15.3,34.6,133,Overcast,1,1,
8627,2021-04-27 20:10:00,40.69757,-73.90758,0,0,Passing Too Closely,4412020,14.8,4.2,0.0,0.0,0.0,0.0,3,15.3,34.2,164,Overcast,0,0,
8628,2022-03-27 16:40:00,40.681393,-73.787964,0,0,Failure to Yield Right-of-Way,4513950,7.5,-1.1,0.3,0.3,0.07,3.0,71,26.4,47.5,288,Snow fall: Light,0,0,Snowy Conditions
8629,2021-04-13 14:00:00,40.697582,-73.94965,0,0,Driver Inattention/Distraction,4412409,18.3,5.8,4.5,4.5,0.0,5.0,61,14.5,28.1,17,Rain: Light,0,0,
8630,2021-04-30 06:40:00,40.64332,-74.01945,0,0,Other Vehicular,4412196,19.9,7.6,0.4,0.4,0.0,4.0,51,36.9,82.1,289,Drizzle: Light,0,0,
8631,2021-04-29 12:40:00,40.73129,-73.9904,0,0,Steering Failure,4412165,22.5,12.9,3.8,3.8,0.0,9.0,53,25.6,50.8,199,Drizzle: Moderate,0,0,
8632,2021-04-30 15:53:00,40.674934,-73.80186,0,0,Following Too Closely,4412037,19.9,7.6,0.4,0.4,0.0,4.0,51,36.9,82.1,289,Drizzle: Light,0,0,
8633,2021-04-28 19:00:00,40.711163,-73.95781,0,0,Following Too Closely,4411859,26.1,7.9,0.0,0.0,0.0,0.0,3,15.3,34.6,133,Overcast,0,0,
8634,2021-04-28 23:10:00,40.862923,-73.92777,0,0,Failure to Yield Right-of-Way,4411707,26.1,7.9,0.0,0.0,0.0,0.0,3,15.3,34.6,133,Overcast,0,0,
8635,2021-04-23 22:25:00,40.73132,-73.98862,1,0,Pedestrian/Bicyclist/Other Pedestrian Error/Confusion,4412144,15.5,2.0,0.0,0.0,0.0,0.0,3,28.7,57.2,273,Overcast,1,1,
8636,2021-04-28 15:20:00,40.835808,-73.89083,0,0,Aggressive Driving/Road Rage,4411646,26.1,7.9,0.0,0.0,0.0,0.0,3,15.3,34.6,133,Overcast,0,0,
8637,2021-04-26 08:51:00,40.80133,-73.950195,1,0,Unsafe Lane Changing,4411976,13.7,3.7,0.0,0.0,0.0,0.0,2,27.3,52.6,311,Partly cloudy,1,1,
8638,2021-04-28 16:47:00,40.628643,-74.005936,1,0,Failure to Yield Right-of-Way,4411492,26.1,7.9,0.0,0.0,0.0,0.0,3,15.3,34.6,133,Overcast,1,1,
8639,2021-04-30 13:10:00,40.84984,-73.934975,1,0,View Obstructed/Limited,4412432,19.9,7.6,0.4,0.4,0.0,4.0,51,36.9,82.1,289,Drizzle: Light,1,1,
8640,2021-04-30 17:35:00,40.579185,-73.96401,0,0,Driver Inattention/Distraction,4412328,19.9,7.6,0.4,0.4,0.0,4.0,51,36.9,82.1,289,Drizzle: Light,0,0,
8641,2021-04-30 17:49:00,40.681484,-73.97703,0,0,Unspecified,4412106,19.9,7.6,0.4,0.4,0.0,4.0,51,36.9,82.1,289,Drizzle: Light,0,0,
8642,2021-04-29 15:23:00,40.787544,-73.82394,0,0,Unsafe Lane Changing,4412005,22.5,12.9,3.8,3.8,0.0,9.0,53,25.6,50.8,199,Drizzle: Moderate,0,0,
8643,2021-04-26 22:25:00,40.684887,-74.00111,0,0,Following Too Closely,4412738,13.7,3.7,0.0,0.0,0.0,0.0,2,27.3,52.6,311,Partly cloudy,0,0,
8644,2021-04-29 21:20:00,40.632446,-74.01272,0,0,Failure to Yield Right-of-Way,4411820,22.5,12.9,3.8,3.8,0.0,9.0,53,25.6,50.8,199,Drizzle: Moderate,0,0,
8645,2021-04-28 17:00:00,40.67264,-73.87281,1,0,Unspecified,4411511,26.1,7.9,0.0,0.0,0.0,0.0,3,15.3,34.6,133,Overcast,1,1,
8646,2021-04-29 23:35:00,40.65293,-73.897026,0,0,Passing or Lane Usage Improper,4411836,22.5,12.9,3.8,3.8,0.0,9.0,53,25.6,50.8,199,Drizzle: Moderate,0,0,
8647,2021-04-30 20:14:00,40.58353,-73.971214,1,0,Driver Inattention/Distraction,4412333,19.9,7.6,0.4,0.4,0.0,4.0,51,36.9,82.1,289,Drizzle: Light,1,1,
8648,2021-04-30 05:45:00,40.677925,-73.75486,0,0,Turning Improperly,4412042,19.9,7.6,0.4,0.4,0.0,4.0,51,36.9,82.1,289,Drizzle: Light,0,0,
8649,2021-04-29 06:45:00,40.718857,-73.946236,1,0,Following Too Closely,4412790,22.5,12.9,3.8,3.8,0.0,9.0,53,25.6,50.8,199,Drizzle: Moderate,1,1,
8650,2021-04-27 16:23:00,40.80821,-73.95056,0,0,Unspecified,4411947,14.8,4.2,0.0,0.0,0.0,0.0,3,15.3,34.2,164,Overcast,0,0,
8651,2021-04-30 08:06:00,40.63346,-74.076546,1,0,Driver Inattention/Distraction,4412454,19.9,7.6,0.4,0.4,0.0,4.0,51,36.9,82.1,289,Drizzle: Light,1,1,
8652,2021-04-30 00:00:00,40.783268,-73.82485,0,0,Following Too Closely,4412476,19.9,7.6,0.4,0.4,0.0,4.0,51,36.9,82.1,289,Drizzle: Light,0,0,
8653,2021-04-28 13:57:00,40.697117,-73.74839,0,0,Driver Inattention/Distraction,4411624,26.1,7.9,0.0,0.0,0.0,0.0,3,15.3,34.6,133,Overcast,0,0,
8654,2021-04-28 16:07:00,40.602478,-73.96636,1,0,Unspecified,4411538,26.1,7.9,0.0,0.0,0.0,0.0,3,15.3,34.6,133,Overcast,1,1,
8655,2021-04-23 17:40:00,40.62318,-73.98611,1,0,Turning Improperly,4412371,15.5,2.0,0.0,0.0,0.0,0.0,3,28.7,57.2,273,Overcast,1,1,
8656,2021-04-29 14:30:00,40.560707,-74.14865,0,0,Backing Unsafely,4412014,22.5,12.9,3.8,3.8,0.0,9.0,53,25.6,50.8,199,Drizzle: Moderate,0,0,
8657,2021-04-30 13:45:00,40.680035,-73.9055,1,0,Failure to Yield Right-of-Way,4412266,19.9,7.6,0.4,0.4,0.0,4.0,51,36.9,82.1,289,Drizzle: Light,1,1,
8658,2021-04-23 16:30:00,40.532116,-74.15603,0,0,Driver Inattention/Distraction,4412046,15.5,2.0,0.0,0.0,0.0,0.0,3,28.7,57.2,273,Overcast,0,0,
8659,2021-04-29 20:59:00,40.66552,-73.74467,1,0,Unspecified,4412069,22.5,12.9,3.8,3.8,0.0,9.0,53,25.6,50.8,199,Drizzle: Moderate,1,1,
8660,2021-04-30 18:00:00,40.739338,-73.7081,0,0,Unspecified,4412221,19.9,7.6,0.4,0.4,0.0,4.0,51,36.9,82.1,289,Drizzle: Light,0,0,
8661,2021-04-28 16:15:00,40.702274,-73.81154,1,0,Failure to Yield Right-of-Way,4411434,26.1,7.9,0.0,0.0,0.0,0.0,3,15.3,34.6,133,Overcast,1,1,
8662,2021-04-28 23:18:00,40.677055,-73.798485,0,0,Driver Inattention/Distraction,4412132,26.1,7.9,0.0,0.0,0.0,0.0,3,15.3,34.6,133,Overcast,0,0,
8663,2021-04-29 16:38:00,40.741734,-73.7283,1,0,Unspecified,4411761,22.5,12.9,3.8,3.8,0.0,9.0,53,25.6,50.8,199,Drizzle: Moderate,1,1,
8664,2021-04-28 08:00:00,40.754505,-73.965706,1,0,Driver Inattention/Distraction,4411323,26.1,7.9,0.0,0.0,0.0,0.0,3,15.3,34.6,133,Overcast,1,1,
8665,2021-04-30 19:20:00,40.76225,-73.84219,0,0,Driver Inattention/Distraction,4412541,19.9,7.6,0.4,0.4,0.0,4.0,51,36.9,82.1,289,Drizzle: Light,0,0,
8666,2021-04-29 19:40:00,40.672966,-73.91681,0,0,Unspecified,4412257,22.5,12.9,3.8,3.8,0.0,9.0,53,25.6,50.8,199,Drizzle: Moderate,0,0,
8667,2021-04-28 20:53:00,40.79296,-73.97378,0,0,Passing Too Closely,4411745,26.1,7.9,0.0,0.0,0.0,0.0,3,15.3,34.6,133,Overcast,0,0,
8668,2021-04-29 01:00:00,40.611683,-73.94694,0,0,Driver Inattention/Distraction,4411543,22.5,12.9,3.8,3.8,0.0,9.0,53,25.6,50.8,199,Drizzle: Moderate,0,0,
8669,2021-04-30 17:30:00,40.66719,-73.919716,0,0,Unspecified,4412259,19.9,7.6,0.4,0.4,0.0,4.0,51,36.9,82.1,289,Drizzle: Light,0,0,
8670,2021-04-29 22:43:00,40.68896,-73.93326,0,0,Traffic Control Disregarded,4412569,22.5,12.9,3.8,3.8,0.0,9.0,53,25.6,50.8,199,Drizzle: Moderate,0,0,
8671,2021-04-29 13:00:00,40.848316,-73.89534,0,0,Driver Inattention/Distraction,4411903,22.5,12.9,3.8,3.8,0.0,9.0,53,25.6,50.8,199,Drizzle: Moderate,0,0,
8672,2021-04-28 11:00:00,40.7152,-73.77847,0,0,Unspecified,4411473,26.1,7.9,0.0,0.0,0.0,0.0,3,15.3,34.6,133,Overcast,0,0,
8673,2021-04-29 14:42:00,40.74318,-73.8355,0,0,Passing or Lane Usage Improper,4411800,22.5,12.9,3.8,3.8,0.0,9.0,53,25.6,50.8,199,Drizzle: Moderate,0,0,
8674,2021-04-02 10:01:00,40.87218,-73.85556,0,0,Driver Inattention/Distraction,4412769,3.5,-3.6,0.0,0.0,0.0,0.0,3,25.9,51.1,324,Overcast,0,0,
8675,2021-04-30 15:40:00,40.615433,-73.91388,1,0,Driver Inattention/Distraction,4412516,19.9,7.6,0.4,0.4,0.0,4.0,51,36.9,82.1,289,Drizzle: Light,1,1,
8676,2022-03-26 03:59:00,40.72697,-73.98575,0,0,Driver Inattention/Distraction,4514455,10.1,4.9,6.1,5.8,0.21,8.0,71,21.6,41.0,251,Snow fall: Light,0,0,Snowy Conditions
8677,2021-04-29 14:30:00,40.7206,-73.99395,1,0,Driver Inattention/Distraction,4412308,22.5,12.9,3.8,3.8,0.0,9.0,53,25.6,50.8,199,Drizzle: Moderate,1,1,
8678,2020-12-31 12:06:00,40.7602,-73.996864,0,0,Driver Inattention/Distraction,4411898,8.4,0.8,8.8,8.8,0.0,11.0,61,28.6,50.8,271,Rain: Light,0,0,
8679,2021-04-29 08:15:00,40.827816,-73.94391,0,0,Unsafe Speed,4411718,22.5,12.9,3.8,3.8,0.0,9.0,53,25.6,50.8,199,Drizzle: Moderate,0,0,
8680,2021-04-29 07:58:00,40.653774,-73.95617,0,0,Unspecified,4411779,22.5,12.9,3.8,3.8,0.0,9.0,53,25.6,50.8,199,Drizzle: Moderate,0,0,
8681,2021-04-28 12:00:00,40.768166,-73.83693,0,0,Driver Inexperience,4411408,26.1,7.9,0.0,0.0,0.0,0.0,3,15.3,34.6,133,Overcast,0,0,
8682,2021-04-28 09:40:00,40.750416,-73.897736,1,0,Pedestrian/Bicyclist/Other Pedestrian Error/Confusion,4411441,26.1,7.9,0.0,0.0,0.0,0.0,3,15.3,34.6,133,Overcast,1,1,
8683,2021-04-09 21:20:00,40.821445,-73.950386,0,0,Passing Too Closely,4412176,13.4,5.7,0.0,0.0,0.0,0.0,3,15.7,33.8,146,Overcast,0,0,
8684,2021-04-28 23:10:00,40.708763,-73.998116,1,0,Driver Inattention/Distraction,4411590,26.1,7.9,0.0,0.0,0.0,0.0,3,15.3,34.6,133,Overcast,1,1,
8685,2021-04-28 15:05:00,40.62418,-73.97048,0,0,Unspecified,4412405,26.1,7.9,0.0,0.0,0.0,0.0,3,15.3,34.6,133,Overcast,0,0,
8686,2021-04-28 08:56:00,40.69193,-73.91031,0,0,Driver Inexperience,4411602,26.1,7.9,0.0,0.0,0.0,0.0,3,15.3,34.6,133,Overcast,0,0,
8687,2021-04-29 00:00:00,40.635506,-73.913284,1,0,Unsafe Lane Changing,4411806,22.5,12.9,3.8,3.8,0.0,9.0,53,25.6,50.8,199,Drizzle: Moderate,1,1,
8688,2021-04-29 20:50:00,40.67325,-73.886734,0,0,Unspecified,4411930,22.5,12.9,3.8,3.8,0.0,9.0,53,25.6,50.8,199,Drizzle: Moderate,0,0,
8689,2021-04-28 09:20:00,40.7057,-74.00826,0,0,Unspecified,4411293,26.1,7.9,0.0,0.0,0.0,0.0,3,15.3,34.6,133,Overcast,0,0,
8690,2021-04-30 16:37:00,40.590305,-73.92232,0,0,Alcohol Involvement,4412074,19.9,7.6,0.4,0.4,0.0,4.0,51,36.9,82.1,289,Drizzle: Light,0,0,
8691,2021-04-29 16:50:00,40.870396,-73.8259,1,0,Unspecified,4411854,22.5,12.9,3.8,3.8,0.0,9.0,53,25.6,50.8,199,Drizzle: Moderate,1,1,
8692,2021-04-20 00:00:00,40.82497,-73.81899,0,0,Unspecified,4412275,21.4,6.5,0.0,0.0,0.0,0.0,3,26.0,56.2,223,Overcast,0,0,