,CRASH DATETIME,LATITUDE,LONGITUDE,NUMBER OF PERSONS INJURED,NUMBER OF PERSONS KILLED,CONTRIBUTING FACTOR VEHICLE 1,COLLISION_ID,temperature_2m_max,temperature_2m_min,precipitation_sum,rain_sum,snowfall_sum,precipitation_hours,weather_code,wind_speed_10m_max,wind_gusts_10m_max,wind_direction_10m_dominant,Weather Description,Severity_Score,Total_Affected_Persons,Weather_Category
8693,2021-04-28 07:19:00,40.6796,-73.80349,0,0,Unspecified,4411991,26.1,7.9,0.0,0.0,0.0,0.0,3,15.3,34.6,133,Overcast,0,0,
8694,2021-04-28 06:00:00,40.851322,-73.94029,0,0,Unspecified,4412488,26.1,7.9,0.0,0.0,0.0,0.0,3,15.3,34.6,133,Overcast,0,0,
8695,2021-04-29 13:50:00,40.81899,-73.8867,0,0,Passing or Lane Usage Improper,4411952,22.5,12.9,3.8,3.8,0.0,9.0,53,25.6,50.8,199,Drizzle: Moderate,0,0,
8696,2021-04-28 20:50:00,40.678955,-73.86516,0,0,Backing Unsafely,4411515,26.1,7.9,0.0,0.0,0.0,0.0,3,15.3,34.6,133,Overcast,0,0,
8697,2021-04-29 17:32:00,40.693012,-73.99077,1,0,Unspecified,4411814,22.5,12.9,3.8,3.8,0.0,9.0,53,25.6,50.8,199,Drizzle: Moderate,1,1,
8698,2021-04-30 06:27:00,40.666355,-73.8045,3,0,Other Vehicular,4411959,19.9,7.6,0.4,0.4,0.0,4.0,51,36.9,82.1,289,Drizzle: Light,3,3,
8699,2021-04-29 22:32:00,40.739914,-73.72469,0,0,Unspecified,4412065,22.5,12.9,3.8,3.8,0.0,9.0,53,25.6,50.8,199,Drizzle: Moderate,0,0,
8700,2021-04-23 17:50:00,40.720627,-74.00522,1,0,Unspecified,4412763,15.5,2.0,0.0,0.0,0.0,0.0,3,28.7,57.2,273,Overcast,1,1,
8701,2021-04-09 11:07:00,40.754055,-73.99583,0,0,Driver Inattention/Distraction,4412428,13.4,5.7,0.0,0.0,0.0,0.0,3,15.7,33.8,146,Overcast,0,0,
8702,2021-04-29 20:50:00,40.755516,-73.961105,0,0,Unspecified,4411840,22.5,12.9,3.8,3.8,0.0,9.0,53,25.6,50.8,199,Drizzle: Moderate,0,0,
8703,2021-04-30 23:21:00,40.7145,-73.824715,1,0,Lost Consciousness,4412138,19.9,7.6,0.4,0.4,0.0,4.0,51,36.9,82.1,289,Drizzle: Light,1,1,
8704,2021-04-24 16:44:00,40.662575,-73.93448,0,0,Driver Inattention/Distraction,4412033,19.7,6.0,0.0,0.0,0.0,0.0,3,26.7,49.3,232,Overcast,0,0,
8705,2021-04-28 00:50:00,40.828445,-73.83951,2,0,Unspecified,4411374,26.1,7.9,0.0,0.0,0.0,0.0,3,15.3,34.6,133,Overcast,2,2,
8706,2021-04-28 13:30:00,40.6217,-74.12403,0,0,Driver Inattention/Distraction,4412320,26.1,7.9,0.0,0.0,0.0,0.0,3,15.3,34.6,133,Overcast,0,0,
8707,2021-04-29 14:00:00,40.748013,-73.85682,0,0,Unspecified,4411812,22.5,12.9,3.8,3.8,0.0,9.0,53,25.6,50.8,199,Drizzle: Moderate,0,0,
8708,2021-04-29 19:46:00,40.77486,-73.90891,2,1,Unsafe Speed,4412249,22.5,12.9,3.8,3.8,0.0,9.0,53,25.6,50.8,199,Drizzle: Moderate,22,3,
8709,2021-04-28 22:30:00,40.726997,-73.98287,0,0,Backing Unsafely,4412155,26.1,7.9,0.0,0.0,0.0,0.0,3,15.3,34.6,133,Overcast,0,0,
8710,2021-04-30 19:15:00,40.665134,-73.99669,0,0,Unsafe Lane Changing,4412102,19.9,7.6,0.4,0.4,0.0,4.0,51,36.9,82.1,289,Drizzle: Light,0,0,
8711,2021-04-28 10:13:00,40.878643,-73.871605,1,0,Other Vehicular,4411548,26.1,7.9,0.0,0.0,0.0,0.0,3,15.3,34.6,133,Overcast,1,1,
8712,2021-04-30 19:00:00,40.62432,-74.02476,3,0,Driver Inattention/Distraction,4412089,19.9,7.6,0.4,0.4,0.0,4.0,51,36.9,82.1,289,Drizzle: Light,3,3,
8713,2021-04-26 13:19:00,40.668495,-73.925606,1,0,Driver Inattention/Distraction,4412529,13.7,3.7,0.0,0.0,0.0,0.0,2,27.3,52.6,311,Partly cloudy,1,1,
8714,2021-04-28 02:32:00,40.64366,-73.90067,1,0,Driver Inattention/Distraction,4411261,26.1,7.9,0.0,0.0,0.0,0.0,3,15.3,34.6,133,Overcast,1,1,
8715,2021-04-28 08:17:00,40.76604,-73.789986,0,0,Failure to Yield Right-of-Way,4411447,26.1,7.9,0.0,0.0,0.0,0.0,3,15.3,34.6,133,Overcast,0,0,
8716,2021-04-28 15:10:00,40.86219,-73.8717,0,0,Driver Inattention/Distraction,4411582,26.1,7.9,0.0,0.0,0.0,0.0,3,15.3,34.6,133,Overcast,0,0,
8717,2021-04-28 22:05:00,40.84036,-73.91807,1,0,Failure to Yield Right-of-Way,4411874,26.1,7.9,0.0,0.0,0.0,0.0,3,15.3,34.6,133,Overcast,1,1,
8718,2021-04-29 18:00:00,40.678364,-73.77949,0,0,Unspecified,4411784,22.5,12.9,3.8,3.8,0.0,9.0,53,25.6,50.8,199,Drizzle: Moderate,0,0,
8719,2021-04-30 05:50:00,40.672607,-73.89992,0,0,Failure to Yield Right-of-Way,4411935,19.9,7.6,0.4,0.4,0.0,4.0,51,36.9,82.1,289,Drizzle: Light,0,0,
8720,2021-04-30 14:20:00,40.720566,-73.8459,0,0,Failure to Yield Right-of-Way,4412060,19.9,7.6,0.4,0.4,0.0,4.0,51,36.9,82.1,289,Drizzle: Light,0,0,
8721,2021-04-30 20:02:00,40.643185,-73.90704,0,0,Unspecified,4412084,19.9,7.6,0.4,0.4,0.0,4.0,51,36.9,82.1,289,Drizzle: Light,0,0,
8722,2021-04-30 18:20:00,40.58428,-73.92529,1,0,Aggressive Driving/Road Rage,4412101,19.9,7.6,0.4,0.4,0.0,4.0,51,36.9,82.1,289,Drizzle: Light,1,1,
8723,2021-04-28 16:19:00,40.706047,-73.94129,1,0,Alcohol Involvement,4411536,26.1,7.9,0.0,0.0,0.0,0.0,3,15.3,34.6,133,Overcast,1,1,
8724,2021-04-29 17:35:00,40.62841,-73.939476,0,0,Driver Inattention/Distraction,4411986,22.5,12.9,3.8,3.8,0.0,9.0,53,25.6,50.8,199,Drizzle: Moderate,0,0,
8725,2021-04-28 10:45:00,40.58428,-73.92529,0,0,Driver Inattention/Distraction,4411399,26.1,7.9,0.0,0.0,0.0,0.0,3,15.3,34.6,133,Overcast,0,0,
8726,2021-04-27 18:00:00,40.67934,-73.9305,0,0,Unspecified,4412549,14.8,4.2,0.0,0.0,0.0,0.0,3,15.3,34.2,164,Overcast,0,0,
8727,2021-04-29 08:28:00,40.689533,-73.991875,0,0,Other Vehicular,4412522,22.5,12.9,3.8,3.8,0.0,9.0,53,25.6,50.8,199,Drizzle: Moderate,0,0,
8728,2021-04-26 20:49:00,40.625034,-74.0061,1,0,Unspecified,4411954,13.7,3.7,0.0,0.0,0.0,0.0,2,27.3,52.6,311,Partly cloudy,1,1,
8729,2021-04-28 10:02:00,40.654034,-73.930626,0,0,Fell Asleep,4411675,26.1,7.9,0.0,0.0,0.0,0.0,3,15.3,34.6,133,Overcast,0,0,
8730,2021-04-28 14:00:00,40.81662,-73.90144,0,0,Unspecified,4412118,26.1,7.9,0.0,0.0,0.0,0.0,3,15.3,34.6,133,Overcast,0,0,
8731,2021-04-29 12:15:00,40.67173,-73.87926,0,0,Driver Inattention/Distraction,4411939,22.5,12.9,3.8,3.8,0.0,9.0,53,25.6,50.8,199,Drizzle: Moderate,0,0,
8732,2021-04-28 00:00:00,40.666187,-73.79176,0,0,Passing Too Closely,4411477,26.1,7.9,0.0,0.0,0.0,0.0,3,15.3,34.6,133,Overcast,0,0,
8733,2021-04-29 18:00:00,40.687992,-73.74847,0,0,Unspecified,4411845,22.5,12.9,3.8,3.8,0.0,9.0,53,25.6,50.8,199,Drizzle: Moderate,0,0,
8734,2021-04-23 08:00:00,40.609913,-73.75362,0,0,Unspecified,4412045,15.5,2.0,0.0,0.0,0.0,0.0,3,28.7,57.2,273,Overcast,0,0,
8735,2021-04-26 12:57:00,40.60567,-74.030945,0,0,Unsafe Lane Changing,4412716,13.7,3.7,0.0,0.0,0.0,0.0,2,27.3,52.6,311,Partly cloudy,0,0,
8736,2021-04-26 17:20:00,40.712856,-73.9049,1,0,Failure to Yield Right-of-Way,4412028,13.7,3.7,0.0,0.0,0.0,0.0,2,27.3,52.6,311,Partly cloudy,1,1,
8737,2021-04-28 18:20:00,40.66143,-73.749794,0,0,Failure to Yield Right-of-Way,4411464,26.1,7.9,0.0,0.0,0.0,0.0,3,15.3,34.6,133,Overcast,0,0,
8738,2021-04-28 12:45:00,40.625233,-74.03133,0,0,Unspecified,4411971,26.1,7.9,0.0,0.0,0.0,0.0,3,15.3,34.6,133,Overcast,0,0,
8739,2021-04-28 12:12:00,40.836155,-73.87179,0,0,Driver Inattention/Distraction,4411637,26.1,7.9,0.0,0.0,0.0,0.0,3,15.3,34.6,133,Overcast,0,0,
8740,2021-04-30 13:20:00,40.72545,-73.892654,1,0,Driver Inexperience,4412174,19.9,7.6,0.4,0.4,0.0,4.0,51,36.9,82.1,289,Drizzle: Light,1,1,
8741,2021-04-30 20:15:00,40.71793,-73.73696,1,0,Driver Inattention/Distraction,4412218,19.9,7.6,0.4,0.4,0.0,4.0,51,36.9,82.1,289,Drizzle: Light,1,1,
8742,2021-04-29 22:00:00,40.69168,-73.999344,0,0,Following Too Closely,4412619,22.5,12.9,3.8,3.8,0.0,9.0,53,25.6,50.8,199,Drizzle: Moderate,0,0,
8743,2021-04-29 13:00:00,40.76532,-73.771904,0,0,Backing Unsafely,4412013,22.5,12.9,3.8,3.8,0.0,9.0,53,25.6,50.8,199,Drizzle: Moderate,0,0,
8744,2021-04-30 12:20:00,40.628647,-74.02596,0,0,Traffic Control Disregarded,4412070,19.9,7.6,0.4,0.4,0.0,4.0,51,36.9,82.1,289,Drizzle: Light,0,0,
8745,2021-04-29 12:40:00,40.631275,-73.91851,0,0,Driver Inattention/Distraction,4411984,22.5,12.9,3.8,3.8,0.0,9.0,53,25.6,50.8,199,Drizzle: Moderate,0,0,
8746,2021-04-30 00:00:00,40.694317,-73.737526,1,0,Unspecified,4412581,19.9,7.6,0.4,0.4,0.0,4.0,51,36.9,82.1,289,Drizzle: Light,1,1,
8747,2021-04-28 19:55:00,40.686916,-73.97737,0,0,Driver Inattention/Distraction,4411483,26.1,7.9,0.0,0.0,0.0,0.0,3,15.3,34.6,133,Overcast,0,0,
8748,2022-03-27 17:52:00,40.85675,-73.90606,1,0,Failure to Yield Right-of-Way,4513997,7.5,-1.1,0.3,0.3,0.07,3.0,71,26.4,47.5,288,Snow fall: Light,1,1,Snowy Conditions
8749,2021-04-30 23:43:00,40.628464,-73.923065,1,0,Driver Inattention/Distraction,4412501,19.9,7.6,0.4,0.4,0.0,4.0,51,36.9,82.1,289,Drizzle: Light,1,1,
8750,2021-04-16 23:35:00,40.759346,-73.91981,1,0,Driver Inattention/Distraction,4412365,11.8,3.7,2.9,2.9,0.0,12.0,53,23.5,49.0,307,Drizzle: Moderate,1,1,
8751,2021-04-30 00:30:00,40.584625,-73.94713,0,0,Unsafe Speed,4412077,19.9,7.6,0.4,0.4,0.0,4.0,51,36.9,82.1,289,Drizzle: Light,0,0,
8752,2021-04-29 13:00:00,40.65151,-73.95345,0,0,Driver Inattention/Distraction,4412235,22.5,12.9,3.8,3.8,0.0,9.0,53,25.6,50.8,199,Drizzle: Moderate,0,0,
8753,2021-04-28 21:06:00,40.84867,-73.867004,1,0,Other Vehicular,4412346,26.1,7.9,0.0,0.0,0.0,0.0,3,15.3,34.6,133,Overcast,1,1,
8754,2022-03-27 03:03:00,40.666725,-73.902176,0,0,Driver Inattention/Distraction,4514653,7.5,-1.1,0.3,0.3,0.07,3.0,71,26.4,47.5,288,Snow fall: Light,0,0,Snowy Conditions
8755,2021-04-28 14:20:00,40.87932,-73.869804,2,0,Unsafe Speed,4412778,26.1,7.9,0.0,0.0,0.0,0.0,3,15.3,34.6,133,Overcast,2,2,
8756,2021-04-30 21:00:00,40.86241,-73.9225,1,0,Driver Inattention/Distraction,4412433,19.9,7.6,0.4,0.4,0.0,4.0,51,36.9,82.1,289,Drizzle: Light,1,1,
8757,2021-04-28 23:35:00,40.89624,-73.86785,1,0,Driver Inattention/Distraction,4412780,26.1,7.9,0.0,0.0,0.0,0.0,3,15.3,34.6,133,Overcast,1,1,
8758,2021-04-30 15:29:00,40.7597,-73.80031,0,0,Failure to Yield Right-of-Way,4412006,19.9,7.6,0.4,0.4,0.0,4.0,51,36.9,82.1,289,Drizzle: Light,0,0,
8759,2021-04-28 14:35:00,40.68286,-73.97278,3,0,Following Too Closely,4411792,26.1,7.9,0.0,0.0,0.0,0.0,3,15.3,34.6,133,Overcast,3,3,
8760,2021-04-30 16:25:00,40.836716,-73.94341,0,0,Unspecified,4412594,19.9,7.6,0.4,0.4,0.0,4.0,51,36.9,82.1,289,Drizzle: Light,0,0,
8761,2021-04-28 15:00:00,40.636753,-74.119026,0,0,Unspecified,4412327,26.1,7.9,0.0,0.0,0.0,0.0,3,15.3,34.6,133,Overcast,0,0,
8762,2021-04-28 11:30:00,40.689274,-73.92399,0,0,Driver Inattention/Distraction,4411392,26.1,7.9,0.0,0.0,0.0,0.0,3,15.3,34.6,133,Overcast,0,0,
8763,2021-04-29 16:30:00,40.8361,-73.85471,0,0,Unspecified,4411770,22.5,12.9,3.8,3.8,0.0,9.0,53,25.6,50.8,199,Drizzle: Moderate,0,0,
8764,2021-04-28 01:49:00,40.876953,-73.83816,1,0,Driver Inattention/Distraction,4411362,26.1,7.9,0.0,0.0,0.0,0.0,3,15.3,34.6,133,Overcast,1,1,
8765,2021-04-29 11:58:00,40.803715,-73.91588,1,0,Unspecified,4412754,22.5,12.9,3.8,3.8,0.0,9.0,53,25.6,50.8,199,Drizzle: Moderate,1,1,
8766,2021-04-28 15:22:00,40.635933,-74.07585,1,0,Driver Inattention/Distraction,4411710,26.1,7.9,0.0,0.0,0.0,0.0,3,15.3,34.6,133,Overcast,1,1,
8767,2021-04-28 16:30:00,40.861706,-73.907135,0,0,Unspecified,4411552,26.1,7.9,0.0,0.0,0.0,0.0,3,15.3,34.6,133,Overcast,0,0,
8768,2021-04-27 14:50:00,40.645134,-73.90232,0,0,Unspecified,4412150,14.8,4.2,0.0,0.0,0.0,0.0,3,15.3,34.2,164,Overcast,0,0,
8769,2021-04-28 18:04:00,40.824913,-73.8689,1,0,Driver Inattention/Distraction,4411832,26.1,7.9,0.0,0.0,0.0,0.0,3,15.3,34.6,133,Overcast,1,1,
8770,2021-04-28 10:00:00,0.0,0.0,0,0,Reaction to Uninvolved Vehicle,4411879,26.1,7.9,0.0,0.0,0.0,0.0,3,15.3,34.6,133,Overcast,0,0,
8771,2021-04-28 17:39:00,40.82773,-73.94952,0,0,Traffic Control Disregarded,4411612,26.1,7.9,0.0,0.0,0.0,0.0,3,15.3,34.6,133,Overcast,0,0,
8772,2021-04-28 10:42:00,40.876495,-73.88321,1,0,Following Too Closely,4411416,26.1,7.9,0.0,0.0,0.0,0.0,3,15.3,34.6,133,Overcast,1,1,
8773,2021-04-28 20:00:00,40.632107,-74.00703,1,0,Following Too Closely,4411494,26.1,7.9,0.0,0.0,0.0,0.0,3,15.3,34.6,133,Overcast,1,1,
8774,2021-04-29 14:14:00,40.820305,-73.89083,0,0,Passing Too Closely,4412123,22.5,12.9,3.8,3.8,0.0,9.0,53,25.6,50.8,199,Drizzle: Moderate,0,0,
8775,2021-04-28 21:41:00,40.86247,-73.90029,1,0,Unsafe Speed,4411890,26.1,7.9,0.0,0.0,0.0,0.0,3,15.3,34.6,133,Overcast,1,1,
8776,2021-04-28 20:20:00,40.77234,-73.95269,1,0,Following Too Closely,4411577,26.1,7.9,0.0,0.0,0.0,0.0,3,15.3,34.6,133,Overcast,1,1,
8777,2021-04-29 00:05:00,40.69382,-73.72694,0,0,Unspecified,4411532,22.5,12.9,3.8,3.8,0.0,9.0,53,25.6,50.8,199,Drizzle: Moderate,0,0,
8778,2021-04-27 10:00:00,40.62818,-73.96002,0,0,Backing Unsafely,4412291,14.8,4.2,0.0,0.0,0.0,0.0,3,15.3,34.2,164,Overcast,0,0,
8779,2021-04-29 00:22:00,40.840485,-73.93837,1,0,Traffic Control Disregarded,4411907,22.5,12.9,3.8,3.8,0.0,9.0,53,25.6,50.8,199,Drizzle: Moderate,1,1,
8780,2021-04-29 16:29:00,40.643166,-73.9905,0,0,Unspecified,4412386,22.5,12.9,3.8,3.8,0.0,9.0,53,25.6,50.8,199,Drizzle: Moderate,0,0,
8781,2021-04-30 01:30:00,40.76066,-73.943306,0,0,Unsafe Speed,4412380,19.9,7.6,0.4,0.4,0.0,4.0,51,36.9,82.1,289,Drizzle: Light,0,0,
8782,2021-04-28 10:00:00,40.663437,-73.91208,0,0,Unspecified,4411356,26.1,7.9,0.0,0.0,0.0,0.0,3,15.3,34.6,133,Overcast,0,0,
8783,2021-04-28 02:12:00,40.668373,-73.92264,0,0,Fell Asleep,4411237,26.1,7.9,0.0,0.0,0.0,0.0,3,15.3,34.6,133,Overcast,0,0,
8784,2021-04-30 18:15:00,40.70978,-73.82043,0,0,Driver Inattention/Distraction,4412057,19.9,7.6,0.4,0.4,0.0,4.0,51,36.9,82.1,289,Drizzle: Light,0,0,
8785,2021-04-29 12:00:00,40.644753,-73.92493,2,0,Following Too Closely,4411755,22.5,12.9,3.8,3.8,0.0,9.0,53,25.6,50.8,199,Drizzle: Moderate,2,2,
8786,2021-04-28 21:28:00,40.76155,-73.96659,2,0,Driver Inattention/Distraction,4411505,26.1,7.9,0.0,0.0,0.0,0.0,3,15.3,34.6,133,Overcast,2,2,
8787,2021-04-28 11:20:00,40.706753,-73.75384,0,0,Driver Inattention/Distraction,4411425,26.1,7.9,0.0,0.0,0.0,0.0,3,15.3,34.6,133,Overcast,0,0,
8788,2021-04-27 08:00:00,40.724262,-73.93745,0,0,Failure to Yield Right-of-Way,4412652,14.8,4.2,0.0,0.0,0.0,0.0,3,15.3,34.2,164,Overcast,0,0,
8789,2021-04-28 18:00:00,40.789307,-73.943405,2,0,Failure to Yield Right-of-Way,4411864,26.1,7.9,0.0,0.0,0.0,0.0,3,15.3,34.6,133,Overcast,2,2,
8790,2021-04-28 19:25:00,40.652992,-73.94355,0,0,Unspecified,4411679,26.1,7.9,0.0,0.0,0.0,0.0,3,15.3,34.6,133,Overcast,0,0,
8791,2021-04-29 09:22:00,40.598476,-73.93141,0,0,Unspecified,4411695,22.5,12.9,3.8,3.8,0.0,9.0,53,25.6,50.8,199,Drizzle: Moderate,0,0,
8792,2022-03-27 02:00:00,40.698696,-73.93477,0,0,Passing Too Closely,4514135,7.5,-1.1,0.3,0.3,0.07,3.0,71,26.4,47.5,288,Snow fall: Light,0,0,Snowy Conditions
8793,2021-04-30 07:30:00,40.784916,-73.84213,0,0,Passing Too Closely,4411999,19.9,7.6,0.4,0.4,0.0,4.0,51,36.9,82.1,289,Drizzle: Light,0,0,
8794,2021-04-29 02:04:00,40.81706,-73.85072,0,0,Unsafe Speed,4411643,22.5,12.9,3.8,3.8,0.0,9.0,53,25.6,50.8,199,Drizzle: Moderate,0,0,
8795,2021-04-29 15:00:00,40.755363,-73.88723,1,0,Pedestrian/Bicyclist/Other Pedestrian Error/Confusion,4412169,22.5,12.9,3.8,3.8,0.0,9.0,53,25.6,50.8,199,Drizzle: Moderate,1,1,
8796,2021-04-30 16:10:00,40.801968,-73.91393,0,0,Other Vehicular,4412713,19.9,7.6,0.4,0.4,0.0,4.0,51,36.9,82.1,289,Drizzle: Light,0,0,
8797,2021-04-30 11:39:00,40.767612,-73.950005,0,0,Following Too Closely,4411967,19.9,7.6,0.4,0.4,0.0,4.0,51,36.9,82.1,289,Drizzle: Light,0,0,
8798,2021-04-29 14:30:00,40.851917,-73.85262,0,0,Unspecified,4412353,22.5,12.9,3.8,3.8,0.0,9.0,53,25.6,50.8,199,Drizzle: Moderate,0,0,
8799,2021-04-28 19:15:00,40.705414,-73.78035,0,0,Driver Inattention/Distraction,4411731,26.1,7.9,0.0,0.0,0.0,0.0,3,15.3,34.6,133,Overcast,0,0,
8800,2021-04-29 09:45:00,40.788055,-73.94433,1,0,Passing or Lane Usage Improper,4411871,22.5,12.9,3.8,3.8,0.0,9.0,53,25.6,50.8,199,Drizzle: Moderate,1,1,
8801,2021-04-26 13:30:00,40.84907,-73.93916,1,0,Driver Inattention/Distraction,4412602,13.7,3.7,0.0,0.0,0.0,0.0,2,27.3,52.6,311,Partly cloudy,1,1,
8802,2021-04-29 04:22:00,40.74634,-73.829185,0,0,Backing Unsafely,4412471,22.5,12.9,3.8,3.8,0.0,9.0,53,25.6,50.8,199,Drizzle: Moderate,0,0,
8803,2021-04-30 14:30:00,40.604206,-73.99146,0,0,Unspecified,4412204,19.9,7.6,0.4,0.4,0.0,4.0,51,36.9,82.1,289,Drizzle: Light,0,0,
8804,2021-04-28 20:15:00,40.701805,-73.74115,0,0,Unspecified,4412038,26.1,7.9,0.0,0.0,0.0,0.0,3,15.3,34.6,133,Overcast,0,0,
8805,2021-04-30 09:20:00,40.665348,-73.72986,2,0,Unspecified,4412025,19.9,7.6,0.4,0.4,0.0,4.0,51,36.9,82.1,289,Drizzle: Light,2,2,
8806,2021-04-28 18:50:00,40.588997,-73.81629,0,0,Driver Inattention/Distraction,4411458,26.1,7.9,0.0,0.0,0.0,0.0,3,15.3,34.6,133,Overcast,0,0,
8807,2021-04-30 08:45:00,40.66004,-73.91509,0,0,Failure to Yield Right-of-Way,4412271,19.9,7.6,0.4,0.4,0.0,4.0,51,36.9,82.1,289,Drizzle: Light,0,0,
8808,2021-04-28 12:05:00,40.822712,-73.903145,4,0,Driver Inattention/Distraction,4411654,26.1,7.9,0.0,0.0,0.0,0.0,3,15.3,34.6,133,Overcast,4,4,
8809,2021-03-21 17:40:00,40.69203,-73.94565,1,0,Passing or Lane Usage Improper,4412416,15.0,-0.4,0.0,0.0,0.0,0.0,1,14.3,29.2,47,Mainly clear,1,1,Sunny/Clear Conditions
8810,2021-04-29 14:18:00,40.726437,-74.00566,0,0,Unspecified,4411750,22.5,12.9,3.8,3.8,0.0,9.0,53,25.6,50.8,199,Drizzle: Moderate,0,0,
8811,2021-04-28 00:00:00,40.8666,-73.895454,2,0,Pavement Defective,4411545,26.1,7.9,0.0,0.0,0.0,0.0,3,15.3,34.6,133,Overcast,2,2,
8812,2021-04-29 05:30:00,40.64161,-73.93779,0,0,Alcohol Involvement,4411766,22.5,12.9,3.8,3.8,0.0,9.0,53,25.6,50.8,199,Drizzle: Moderate,0,0,
8813,2021-04-30 08:59:00,40.719997,-74.00913,0,0,Backing Unsafely,4412109,19.9,7.6,0.4,0.4,0.0,4.0,51,36.9,82.1,289,Drizzle: Light,0,0,
8814,2021-04-29 01:00:00,40.636845,-74.11833,0,0,Backing Unsafely,4412331,22.5,12.9,3.8,3.8,0.0,9.0,53,25.6,50.8,199,Drizzle: Moderate,0,0,
8815,2021-04-29 18:20:00,40.699955,-73.98682,0,0,Traffic Control Disregarded,4411785,22.5,12.9,3.8,3.8,0.0,9.0,53,25.6,50.8,199,Drizzle: Moderate,0,0,
8816,2021-04-29 08:00:00,40.69816,-73.84672,0,0,Passing or Lane Usage Improper,4411921,22.5,12.9,3.8,3.8,0.0,9.0,53,25.6,50.8,199,Drizzle: Moderate,0,0,
8817,2021-04-29 21:30:00,40.75899,-73.83454,0,0,Other Vehicular,4412472,22.5,12.9,3.8,3.8,0.0,9.0,53,25.6,50.8,199,Drizzle: Moderate,0,0,
8818,2021-04-28 07:00:00,40.652714,-73.8906,0,0,Driver Inattention/Distraction,4411387,26.1,7.9,0.0,0.0,0.0,0.0,3,15.3,34.6,133,Overcast,0,0,
8819,2021-04-30 16:35:00,40.712154,-73.99612,0,0,Driver Inexperience,4412760,19.9,7.6,0.4,0.4,0.0,4.0,51,36.9,82.1,289,Drizzle: Light,0,0,
8820,2021-04-29 00:19:00,40.664677,-73.84509,1,0,Unspecified,4411569,22.5,12.9,3.8,3.8,0.0,9.0,53,25.6,50.8,199,Drizzle: Moderate,1,1,
8821,2021-04-29 05:30:00,40.71736,-73.9064,0,0,Driver Inattention/Distraction,4412475,22.5,12.9,3.8,3.8,0.0,9.0,53,25.6,50.8,199,Drizzle: Moderate,0,0,
8822,2021-04-28 20:42:00,40.60612,-73.96565,1,0,Unspecified,4411539,26.1,7.9,0.0,0.0,0.0,0.0,3,15.3,34.6,133,Overcast,1,1,
8823,2021-04-28 08:40:00,40.84444,-73.83559,2,0,View Obstructed/Limited,4411371,26.1,7.9,0.0,0.0,0.0,0.0,3,15.3,34.6,133,Overcast,2,2,
8824,2021-04-28 12:04:00,40.87469,-73.8865,0,0,Alcohol Involvement,4411409,26.1,7.9,0.0,0.0,0.0,0.0,3,15.3,34.6,133,Overcast,0,0,
8825,2022-03-27 16:38:00,40.63826,-73.94243,0,0,Unspecified,4513876,7.5,-1.1,0.3,0.3,0.07,3.0,71,26.4,47.5,288,Snow fall: Light,0,0,Snowy Conditions
8826,2022-03-27 04:00:00,40.666935,-73.782715,4,0,Tire Failure/Inadequate,4513784,7.5,-1.1,0.3,0.3,0.07,3.0,71,26.4,47.5,288,Snow fall: Light,4,4,Snowy Conditions
8827,2021-04-30 15:15:00,40.63032,-73.9213,0,0,Following Too Closely,4412515,19.9,7.6,0.4,0.4,0.0,4.0,51,36.9,82.1,289,Drizzle: Light,0,0,
8828,2021-04-28 13:40:00,40.708424,-73.95791,0,0,Turning Improperly,4411620,26.1,7.9,0.0,0.0,0.0,0.0,3,15.3,34.6,133,Overcast,0,0,
8829,2021-04-28 08:01:00,40.748825,-73.96984,1,0,Driver Inattention/Distraction,4411324,26.1,7.9,0.0,0.0,0.0,0.0,3,15.3,34.6,133,Overcast,1,1,
8830,2021-04-29 17:55:00,40.72135,-74.00465,0,0,Driver Inattention/Distraction,4411911,22.5,12.9,3.8,3.8,0.0,9.0,53,25.6,50.8,199,Drizzle: Moderate,0,0,
8831,2021-04-29 23:20:00,40.867256,-73.92935,0,0,Backing Unsafely,4412400,22.5,12.9,3.8,3.8,0.0,9.0,53,25.6,50.8,199,Drizzle: Moderate,0,0,
8832,2021-04-22 22:26:00,40.665375,-73.934235,0,0,Unspecified,4412534,7.9,1.3,0.0,0.0,0.0,0.0,3,34.0,64.4,289,Overcast,0,0,
8833,2021-04-28 18:01:00,40.74118,-73.88663,2,0,Unspecified,4411732,26.1,7.9,0.0,0.0,0.0,0.0,3,15.3,34.6,133,Overcast,2,2,
8834,2021-04-21 17:42:00,40.677338,-73.927536,1,0,Driver Inattention/Distraction,4412530,18.2,3.7,3.7,3.7,0.0,3.0,63,29.9,59.0,256,Rain: Moderate,1,1,
8835,2021-04-28 17:00:00,40.70021,-73.953896,0,0,Following Too Closely,4411858,26.1,7.9,0.0,0.0,0.0,0.0,3,15.3,34.6,133,Overcast,0,0,
8836,2021-04-29 08:30:00,40.6742,-73.999985,1,0,Unspecified,4412092,22.5,12.9,3.8,3.8,0.0,9.0,53,25.6,50.8,199,Drizzle: Moderate,1,1,
8837,2021-04-30 11:30:00,40.635807,-73.95832,1,0,Unspecified,4412300,19.9,7.6,0.4,0.4,0.0,4.0,51,36.9,82.1,289,Drizzle: Light,1,1,
8838,2021-04-30 11:20:00,40.68693,-73.95089,0,0,Driver Inexperience,4412053,19.9,7.6,0.4,0.4,0.0,4.0,51,36.9,82.1,289,Drizzle: Light,0,0,
8839,2021-04-29 15:59:00,40.824432,-73.873604,0,0,Reaction to Uninvolved Vehicle,4411771,22.5,12.9,3.8,3.8,0.0,9.0,53,25.6,50.8,199,Drizzle: Moderate,0,0,
8840,2021-04-28 21:00:00,40.810173,-73.937416,3,0,Following Too Closely,4411648,26.1,7.9,0.0,0.0,0.0,0.0,3,15.3,34.6,133,Overcast,3,3,