,CRASH DATETIME,LATITUDE,LONGITUDE,NUMBER OF PERSONS INJURED,NUMBER OF PERSONS KILLED,CONTRIBUTING FACTOR VEHICLE 1,COLLISION_ID,temperature_2m_max,temperature_2m_min,precipitation_sum,rain_sum,snowfall_sum,precipitation_hours,weather_code,wind_speed_10m_max,wind_gusts_10m_max,wind_direction_10m_dominant,Weather Description,Severity_Score,Total_Affected_Persons,Weather_Category
8841,2021-04-29 00:21:00,40.715706,-73.81023,0,0,Reaction to Uninvolved Vehicle,4411799,22.5,12.9,3.8,3.8,0.0,9.0,53,25.6,50.8,199,Drizzle: Moderate,0,0,
8842,2021-04-28 17:48:00,40.66643,-73.815384,0,0,Driver Inattention/Distraction,4411486,26.1,7.9,0.0,0.0,0.0,0.0,3,15.3,34.6,133,Overcast,0,0,
8843,2021-04-28 13:50:00,40.61015,-74.14697,1,0,Driver Inattention/Distraction,4411686,26.1,7.9,0.0,0.0,0.0,0.0,3,15.3,34.6,133,Overcast,1,1,
8844,2021-04-28 18:30:00,40.86446,-73.91895,0,0,Unsafe Speed,4411690,26.1,7.9,0.0,0.0,0.0,0.0,3,15.3,34.6,133,Overcast,0,0,
8845,2021-04-28 00:19:00,40.850822,-73.90147,0,0,Unsafe Speed,4411206,26.1,7.9,0.0,0.0,0.0,0.0,3,15.3,34.6,133,Overcast,0,0,
8846,2021-04-29 09:42:00,40.723885,-73.73385,0,0,Unspecified,4411760,22.5,12.9,3.8,3.8,0.0,9.0,53,25.6,50.8,199,Drizzle: Moderate,0,0,
8847,2021-04-28 15:26:00,40.689297,-73.87406,0,0,Unspecified,4411514,26.1,7.9,0.0,0.0,0.0,0.0,3,15.3,34.6,133,Overcast,0,0,
8848,2021-04-30 19:42:00,40.59036,-73.96531,1,0,Unspecified,4412675,19.9,7.6,0.4,0.4,0.0,4.0,51,36.9,82.1,289,Drizzle: Light,1,1,
8849,2021-04-28 17:25:00,40.678543,-73.949684,0,0,Unsafe Lane Changing,4412419,26.1,7.9,0.0,0.0,0.0,0.0,3,15.3,34.6,133,Overcast,0,0,
8850,2021-04-28 23:20:00,40.66462,-73.75292,3,0,Driver Inattention/Distraction,4411529,26.1,7.9,0.0,0.0,0.0,0.0,3,15.3,34.6,133,Overcast,3,3,
8851,2021-04-29 19:05:00,40.826527,-73.874886,1,0,Driver Inattention/Distraction,4411818,22.5,12.9,3.8,3.8,0.0,9.0,53,25.6,50.8,199,Drizzle: Moderate,1,1,
8852,2021-04-29 00:10:00,40.634483,-73.91886,1,0,Passing or Lane Usage Improper,4411995,22.5,12.9,3.8,3.8,0.0,9.0,53,25.6,50.8,199,Drizzle: Moderate,1,1,
8853,2021-04-28 13:08:00,40.77816,-73.7777,0,0,Unspecified,4411726,26.1,7.9,0.0,0.0,0.0,0.0,3,15.3,34.6,133,Overcast,0,0,
8854,2021-04-28 15:20:00,40.759468,-73.96164,0,0,Driver Inattention/Distraction,4411839,26.1,7.9,0.0,0.0,0.0,0.0,3,15.3,34.6,133,Overcast,0,0,
8855,2021-04-28 06:55:00,40.684685,-73.98114,0,0,Driver Inattention/Distraction,4411455,26.1,7.9,0.0,0.0,0.0,0.0,3,15.3,34.6,133,Overcast,0,0,
8856,2021-04-23 11:20:00,40.7591,-73.99215,1,0,Pedestrian/Bicyclist/Other Pedestrian Error/Confusion,4412427,15.5,2.0,0.0,0.0,0.0,0.0,3,28.7,57.2,273,Overcast,1,1,
8857,2021-04-28 15:53:00,40.60589,-74.07427,0,0,Driver Inattention/Distraction,4411627,26.1,7.9,0.0,0.0,0.0,0.0,3,15.3,34.6,133,Overcast,0,0,
8858,2021-04-21 10:00:00,40.74355,-73.958405,0,0,View Obstructed/Limited,4411926,18.2,3.7,3.7,3.7,0.0,3.0,63,29.9,59.0,256,Rain: Moderate,0,0,
8859,2021-04-29 13:20:00,40.846077,-73.93848,0,0,Unspecified,4412596,22.5,12.9,3.8,3.8,0.0,9.0,53,25.6,50.8,199,Drizzle: Moderate,0,0,
8860,2021-04-28 08:25:00,40.845104,-73.91494,0,0,Unspecified,4411963,26.1,7.9,0.0,0.0,0.0,0.0,3,15.3,34.6,133,Overcast,0,0,
8861,2021-04-29 19:51:00,40.841984,-73.8577,0,0,Other Vehicular,4412359,22.5,12.9,3.8,3.8,0.0,9.0,53,25.6,50.8,199,Drizzle: Moderate,0,0,
8862,2021-04-23 14:00:00,40.69365,-73.98333,0,0,Pedestrian/Bicyclist/Other Pedestrian Error/Confusion,4412166,15.5,2.0,0.0,0.0,0.0,0.0,3,28.7,57.2,273,Overcast,0,0,
8863,2021-04-29 15:10:00,40.710606,-73.95108,0,0,Passing Too Closely,4411889,22.5,12.9,3.8,3.8,0.0,9.0,53,25.6,50.8,199,Drizzle: Moderate,0,0,
8864,2021-04-30 13:18:00,40.605164,-73.75485,0,0,Driver Inattention/Distraction,4412464,19.9,7.6,0.4,0.4,0.0,4.0,51,36.9,82.1,289,Drizzle: Light,0,0,
8865,2021-04-30 14:00:00,40.70753,-73.96443,0,0,Driver Inattention/Distraction,4412776,19.9,7.6,0.4,0.4,0.0,4.0,51,36.9,82.1,289,Drizzle: Light,0,0,
8866,2021-04-30 12:49:00,40.66561,-73.73568,0,0,Following Too Closely,4412021,19.9,7.6,0.4,0.4,0.0,4.0,51,36.9,82.1,289,Drizzle: Light,0,0,
8867,2021-04-30 08:07:00,40.6465,-73.926895,0,0,Failure to Yield Right-of-Way,4412232,19.9,7.6,0.4,0.4,0.0,4.0,51,36.9,82.1,289,Drizzle: Light,0,0,
8868,2021-04-30 13:30:00,40.825912,-73.83647,1,0,Driver Inattention/Distraction,4412278,19.9,7.6,0.4,0.4,0.0,4.0,51,36.9,82.1,289,Drizzle: Light,1,1,
8869,2021-04-29 22:15:00,40.707523,-73.96115,2,0,Driver Inattention/Distraction,4412770,22.5,12.9,3.8,3.8,0.0,9.0,53,25.6,50.8,199,Drizzle: Moderate,2,2,
8870,2021-04-28 13:27:00,40.653282,-73.743324,0,0,Unspecified,4411471,26.1,7.9,0.0,0.0,0.0,0.0,3,15.3,34.6,133,Overcast,0,0,
8871,2021-04-15 12:32:00,40.679787,-73.93844,0,0,Failure to Yield Right-of-Way,4412410,12.9,7.7,15.9,15.9,0.0,15.0,63,17.3,32.0,166,Rain: Moderate,0,0,
8872,2021-04-28 19:22:00,40.87831,-73.870155,0,0,Failure to Yield Right-of-Way,4411746,26.1,7.9,0.0,0.0,0.0,0.0,3,15.3,34.6,133,Overcast,0,0,
8873,2021-04-27 16:40:00,40.678726,-73.91906,0,0,Driver Inattention/Distraction,4412567,14.8,4.2,0.0,0.0,0.0,0.0,3,15.3,34.2,164,Overcast,0,0,
8874,2021-04-30 00:44:00,40.81829,-73.90352,2,0,Unspecified,4412712,19.9,7.6,0.4,0.4,0.0,4.0,51,36.9,82.1,289,Drizzle: Light,2,2,
8875,2021-04-29 12:50:00,40.853462,-73.88939,1,0,Failure to Yield Right-of-Way,4411904,22.5,12.9,3.8,3.8,0.0,9.0,53,25.6,50.8,199,Drizzle: Moderate,1,1,
8876,2021-04-28 19:00:00,40.823635,-73.93095,0,0,Unspecified,4411884,26.1,7.9,0.0,0.0,0.0,0.0,3,15.3,34.6,133,Overcast,0,0,
8877,2021-04-29 16:15:00,40.820004,-73.95888,0,0,Fell Asleep,4412114,22.5,12.9,3.8,3.8,0.0,9.0,53,25.6,50.8,199,Drizzle: Moderate,0,0,
8878,2021-04-26 23:30:00,40.69874,-73.89305,0,0,Failure to Yield Right-of-Way,4412485,13.7,3.7,0.0,0.0,0.0,0.0,2,27.3,52.6,311,Partly cloudy,0,0,
8879,2021-04-30 21:05:00,40.75736,-73.98798,0,0,Unspecified,4412286,19.9,7.6,0.4,0.4,0.0,4.0,51,36.9,82.1,289,Drizzle: Light,0,0,
8880,2021-04-30 12:30:00,40.577545,-73.99789,0,0,Driver Inattention/Distraction,4412311,19.9,7.6,0.4,0.4,0.0,4.0,51,36.9,82.1,289,Drizzle: Light,0,0,
8881,2021-03-28 00:00:00,40.84084,-73.901566,0,0,Unspecified,4411953,18.8,7.6,18.6,18.6,0.0,15.0,63,30.0,70.9,180,Rain: Moderate,0,0,
8882,2021-04-29 15:50:00,40.645874,-73.892845,0,0,Failure to Yield Right-of-Way,4411807,22.5,12.9,3.8,3.8,0.0,9.0,53,25.6,50.8,199,Drizzle: Moderate,0,0,
8883,2021-04-30 20:05:00,40.7244,-73.84981,0,0,Passing or Lane Usage Improper,4412064,19.9,7.6,0.4,0.4,0.0,4.0,51,36.9,82.1,289,Drizzle: Light,0,0,
8884,2021-04-16 14:28:00,40.677174,-73.924774,2,0,Driver Inattention/Distraction,4412525,11.8,3.7,2.9,2.9,0.0,12.0,53,23.5,49.0,307,Drizzle: Moderate,2,2,
8885,2021-04-06 17:12:00,40.63497,-73.9189,1,0,Unspecified,4412085,18.3,4.8,0.0,0.0,0.0,0.0,1,21.9,38.9,319,Mainly clear,1,1,Sunny/Clear Conditions
8886,2021-04-30 14:05:00,40.64188,-73.894684,2,0,Unsafe Speed,4412140,19.9,7.6,0.4,0.4,0.0,4.0,51,36.9,82.1,289,Drizzle: Light,2,2,
8887,2021-04-29 21:25:00,40.82982,-73.940575,1,0,Driver Inattention/Distraction,4411948,22.5,12.9,3.8,3.8,0.0,9.0,53,25.6,50.8,199,Drizzle: Moderate,1,1,
8888,2021-04-21 16:02:00,40.675076,-73.98801,0,0,Driver Inexperience,4412631,18.2,3.7,3.7,3.7,0.0,3.0,63,29.9,59.0,256,Rain: Moderate,0,0,
8889,2021-04-29 16:30:00,40.830345,-73.92328,0,0,Failure to Yield Right-of-Way,4412281,22.5,12.9,3.8,3.8,0.0,9.0,53,25.6,50.8,199,Drizzle: Moderate,0,0,
8890,2021-04-30 15:34:00,40.90214,-73.898636,0,0,Unspecified,4412452,19.9,7.6,0.4,0.4,0.0,4.0,51,36.9,82.1,289,Drizzle: Light,0,0,
8891,2021-04-28 11:05:00,40.71729,-73.83208,0,0,Driver Inattention/Distraction,4411404,26.1,7.9,0.0,0.0,0.0,0.0,3,15.3,34.6,133,Overcast,0,0,
8892,2021-04-28 01:15:00,40.65183,-73.91113,0,0,Driver Inattention/Distraction,4411290,26.1,7.9,0.0,0.0,0.0,0.0,3,15.3,34.6,133,Overcast,0,0,
8893,2021-04-28 18:28:00,40.671177,-73.9747,0,0,Driver Inattention/Distraction,4411561,26.1,7.9,0.0,0.0,0.0,0.0,3,15.3,34.6,133,Overcast,0,0,
8894,2021-04-28 20:00:00,40.82304,-73.88193,0,0,Unspecified,4411634,26.1,7.9,0.0,0.0,0.0,0.0,3,15.3,34.6,133,Overcast,0,0,
8895,2021-04-30 15:30:00,40.674282,-73.9618,0,0,Unsafe Speed,4412511,19.9,7.6,0.4,0.4,0.0,4.0,51,36.9,82.1,289,Drizzle: Light,0,0,
8896,2021-04-28 13:55:00,40.643425,-74.01207,1,0,Driver Inattention/Distraction,4411443,26.1,7.9,0.0,0.0,0.0,0.0,3,15.3,34.6,133,Overcast,1,1,
8897,2021-04-28 10:55:00,40.72293,-73.847336,2,0,Unspecified,4411431,26.1,7.9,0.0,0.0,0.0,0.0,3,15.3,34.6,133,Overcast,2,2,
8898,2021-04-28 14:09:00,40.849407,-73.900894,1,0,Traffic Control Disregarded,4411591,26.1,7.9,0.0,0.0,0.0,0.0,3,15.3,34.6,133,Overcast,1,1,
8899,2021-04-29 06:00:00,40.735485,-73.867195,0,0,Unspecified,4411738,22.5,12.9,3.8,3.8,0.0,9.0,53,25.6,50.8,199,Drizzle: Moderate,0,0,
8900,2021-04-29 23:50:00,40.64477,-73.954735,0,0,Turning Improperly,4412225,22.5,12.9,3.8,3.8,0.0,9.0,53,25.6,50.8,199,Drizzle: Moderate,0,0,
8901,2021-04-29 05:15:00,40.667427,-73.89181,0,0,Passing or Lane Usage Improper,4411931,22.5,12.9,3.8,3.8,0.0,9.0,53,25.6,50.8,199,Drizzle: Moderate,0,0,
8902,2021-04-30 15:00:00,40.734314,-73.93803,0,0,Driver Inattention/Distraction,4412540,19.9,7.6,0.4,0.4,0.0,4.0,51,36.9,82.1,289,Drizzle: Light,0,0,
8903,2021-04-30 12:35:00,40.678238,-73.94415,0,0,Outside Car Distraction,4411990,19.9,7.6,0.4,0.4,0.0,4.0,51,36.9,82.1,289,Drizzle: Light,0,0,
8904,2021-04-29 17:27:00,40.580883,-73.93669,0,0,Unsafe Speed,4411852,22.5,12.9,3.8,3.8,0.0,9.0,53,25.6,50.8,199,Drizzle: Moderate,0,0,
8905,2021-04-28 07:50:00,40.741028,-73.99417,1,0,Reaction to Uninvolved Vehicle,4412096,26.1,7.9,0.0,0.0,0.0,0.0,3,15.3,34.6,133,Overcast,1,1,
8906,2021-04-28 13:00:00,40.69141,-73.72668,0,0,Following Too Closely,4411467,26.1,7.9,0.0,0.0,0.0,0.0,3,15.3,34.6,133,Overcast,0,0,
8907,2021-04-28 16:20:00,40.628036,-74.00656,1,0,Following Too Closely,4411491,26.1,7.9,0.0,0.0,0.0,0.0,3,15.3,34.6,133,Overcast,1,1,
8908,2021-04-28 16:20:00,40.717754,-73.95313,0,0,Passing or Lane Usage Improper,4411706,26.1,7.9,0.0,0.0,0.0,0.0,3,15.3,34.6,133,Overcast,0,0,
8909,2021-04-29 08:15:00,40.836754,-73.875084,0,0,Passing or Lane Usage Improper,4411668,22.5,12.9,3.8,3.8,0.0,9.0,53,25.6,50.8,199,Drizzle: Moderate,0,0,
8910,2021-04-29 08:37:00,40.660286,-73.74298,1,0,Unspecified,4411795,22.5,12.9,3.8,3.8,0.0,9.0,53,25.6,50.8,199,Drizzle: Moderate,1,1,
8911,2021-04-29 14:54:00,40.830414,-73.896706,1,0,Alcohol Involvement,4411975,22.5,12.9,3.8,3.8,0.0,9.0,53,25.6,50.8,199,Drizzle: Moderate,1,1,
8912,2021-04-24 20:51:00,40.688698,-73.942085,1,0,Failure to Yield Right-of-Way,4412423,19.7,6.0,0.0,0.0,0.0,0.0,3,26.7,49.3,232,Overcast,1,1,
8913,2021-04-29 20:15:00,40.736046,-73.92673,2,0,Driver Inattention/Distraction,4411813,22.5,12.9,3.8,3.8,0.0,9.0,53,25.6,50.8,199,Drizzle: Moderate,2,2,
8914,2021-04-28 00:00:00,40.657864,-73.89227,0,0,Driver Inattention/Distraction,4411510,26.1,7.9,0.0,0.0,0.0,0.0,3,15.3,34.6,133,Overcast,0,0,
8915,2021-04-30 11:00:00,40.690216,-73.96028,0,0,Driver Inattention/Distraction,4411958,19.9,7.6,0.4,0.4,0.0,4.0,51,36.9,82.1,289,Drizzle: Light,0,0,
8916,2021-04-30 15:00:00,40.812855,-73.90725,0,0,Other Vehicular,4412739,19.9,7.6,0.4,0.4,0.0,4.0,51,36.9,82.1,289,Drizzle: Light,0,0,
8917,2021-04-30 01:05:00,40.6338,-73.8897,1,0,Pedestrian/Bicyclist/Other Pedestrian Error/Confusion,4411835,19.9,7.6,0.4,0.4,0.0,4.0,51,36.9,82.1,289,Drizzle: Light,1,1,
8918,2021-04-28 18:00:00,40.658966,-73.7321,0,0,Passing Too Closely,4411459,26.1,7.9,0.0,0.0,0.0,0.0,3,15.3,34.6,133,Overcast,0,0,
8919,2021-04-19 02:20:00,40.579197,-73.98195,1,0,Alcohol Involvement,4412704,16.9,5.0,0.0,0.0,0.0,0.0,3,14.7,31.0,214,Overcast,1,1,
8920,2021-04-28 19:42:00,40.62095,-73.9555,2,0,Driver Inattention/Distraction,4411778,26.1,7.9,0.0,0.0,0.0,0.0,3,15.3,34.6,133,Overcast,2,2,
8921,2021-04-30 12:18:00,40.726524,-73.99585,1,0,Failure to Yield Right-of-Way,4412159,19.9,7.6,0.4,0.4,0.0,4.0,51,36.9,82.1,289,Drizzle: Light,1,1,
8922,2021-04-11 04:36:00,40.69231,-73.88147,0,0,Unspecified,4412032,14.2,8.5,25.3,25.3,0.0,15.0,63,25.7,48.2,77,Rain: Moderate,0,0,
8923,2021-04-28 01:05:00,40.839767,-73.905396,0,0,Turning Improperly,4411655,26.1,7.9,0.0,0.0,0.0,0.0,3,15.3,34.6,133,Overcast,0,0,
8924,2021-04-26 11:30:00,40.766785,-73.895,0,0,Unspecified,4412370,13.7,3.7,0.0,0.0,0.0,0.0,2,27.3,52.6,311,Partly cloudy,0,0,
8925,2021-04-23 13:30:00,40.541603,-74.177376,0,0,View Obstructed/Limited,4412049,15.5,2.0,0.0,0.0,0.0,0.0,3,28.7,57.2,273,Overcast,0,0,
8926,2021-04-30 22:09:00,40.763428,-73.99271,0,0,Driver Inattention/Distraction,4412131,19.9,7.6,0.4,0.4,0.0,4.0,51,36.9,82.1,289,Drizzle: Light,0,0,
8927,2021-04-29 13:20:00,40.830738,-73.9105,1,0,Unspecified,4412337,22.5,12.9,3.8,3.8,0.0,9.0,53,25.6,50.8,199,Drizzle: Moderate,1,1,
8928,2021-04-30 16:24:00,40.789467,-73.784225,1,0,Following Too Closely,4412185,19.9,7.6,0.4,0.4,0.0,4.0,51,36.9,82.1,289,Drizzle: Light,1,1,
8929,2021-04-28 16:00:00,40.635426,-73.92474,0,0,Reaction to Uninvolved Vehicle,4411980,26.1,7.9,0.0,0.0,0.0,0.0,3,15.3,34.6,133,Overcast,0,0,
8930,2021-04-28 11:30:00,40.65763,-73.85625,1,0,Unsafe Lane Changing,4411663,26.1,7.9,0.0,0.0,0.0,0.0,3,15.3,34.6,133,Overcast,1,1,
8931,2021-04-30 11:40:00,40.831993,-73.90541,0,0,Unspecified,4412081,19.9,7.6,0.4,0.4,0.0,4.0,51,36.9,82.1,289,Drizzle: Light,0,0,
8932,2021-04-29 17:48:00,40.632847,-73.928375,0,0,Driver Inattention/Distraction,4411985,22.5,12.9,3.8,3.8,0.0,9.0,53,25.6,50.8,199,Drizzle: Moderate,0,0,
8933,2021-04-28 16:30:00,40.656338,-73.89331,0,0,Driver Inattention/Distraction,4411943,26.1,7.9,0.0,0.0,0.0,0.0,3,15.3,34.6,133,Overcast,0,0,
8934,2021-04-30 23:00:00,40.670803,-73.918785,0,0,Unspecified,4412260,19.9,7.6,0.4,0.4,0.0,4.0,51,36.9,82.1,289,Drizzle: Light,0,0,
8935,2022-03-27 14:28:00,40.596,-73.77067,1,0,Passing or Lane Usage Improper,4514254,7.5,-1.1,0.3,0.3,0.07,3.0,71,26.4,47.5,288,Snow fall: Light,1,1,Snowy Conditions
8936,2021-04-29 18:10:00,40.87898,-73.86093,0,0,Driver Inattention/Distraction,4412557,22.5,12.9,3.8,3.8,0.0,9.0,53,25.6,50.8,199,Drizzle: Moderate,0,0,
8937,2021-04-28 13:00:00,40.7806,-73.77536,0,0,Unspecified,4411478,26.1,7.9,0.0,0.0,0.0,0.0,3,15.3,34.6,133,Overcast,0,0,
8938,2022-03-21 06:09:00,40.680035,-73.9055,1,0,Failure to Yield Right-of-Way,4514470,15.6,5.0,0.0,0.0,0.0,0.0,3,30.0,53.6,299,Overcast,1,1,
8939,2022-03-27 11:20:00,40.678253,-74.00273,0,0,Driver Inattention/Distraction,4513921,7.5,-1.1,0.3,0.3,0.07,3.0,71,26.4,47.5,288,Snow fall: Light,0,0,Snowy Conditions
8940,2022-03-27 00:02:00,40.75829,-73.83431,1,0,Unspecified,4513911,7.5,-1.1,0.3,0.3,0.07,3.0,71,26.4,47.5,288,Snow fall: Light,1,1,Snowy Conditions
8941,2022-03-27 11:30:00,40.65463,-73.92201,0,0,Aggressive Driving/Road Rage,4514399,7.5,-1.1,0.3,0.3,0.07,3.0,71,26.4,47.5,288,Snow fall: Light,0,0,Snowy Conditions
8942,2022-03-25 20:05:00,40.667366,-73.92274,0,0,Unspecified,4514641,15.6,5.3,5.7,5.7,0.0,4.0,63,27.6,52.2,274,Rain: Moderate,0,0,
8943,2022-03-27 00:25:00,40.822712,-73.903145,0,0,Turning Improperly,4513983,7.5,-1.1,0.3,0.3,0.07,3.0,71,26.4,47.5,288,Snow fall: Light,0,0,Snowy Conditions
8944,2022-03-27 12:30:00,40.75979,-73.98793,0,0,Unspecified,4514071,7.5,-1.1,0.3,0.3,0.07,3.0,71,26.4,47.5,288,Snow fall: Light,0,0,Snowy Conditions
8945,2022-03-22 22:30:00,40.688416,-73.804665,1,0,Unspecified,4514592,12.8,3.9,0.0,0.0,0.0,0.0,3,23.1,44.3,311,Overcast,1,1,
8946,2022-03-26 15:00:00,40.66041,-73.87693,1,0,Unspecified,4514530,10.1,4.9,6.1,5.8,0.21,8.0,71,21.6,41.0,251,Snow fall: Light,1,1,Snowy Conditions
8947,2022-03-27 16:27:00,40.817413,-73.80946,0,0,Unspecified,4514102,7.5,-1.1,0.3,0.3,0.07,3.0,71,26.4,47.5,288,Snow fall: Light,0,0,Snowy Conditions
8948,2022-03-27 18:35:00,40.715046,-73.964806,1,0,Failure to Yield Right-of-Way,4513964,7.5,-1.1,0.3,0.3,0.07,3.0,71,26.4,47.5,288,Snow fall: Light,1,1,Snowy Conditions
8949,2022-03-27 18:50:00,40.86676,-73.920616,0,0,Unspecified,4514500,7.5,-1.1,0.3,0.3,0.07,3.0,71,26.4,47.5,288,Snow fall: Light,0,0,Snowy Conditions
8950,2022-03-26 16:00:00,40.753967,-73.85826,0,0,Unspecified,4514510,10.1,4.9,6.1,5.8,0.21,8.0,71,21.6,41.0,251,Snow fall: Light,0,0,Snowy Conditions
8951,2022-03-26 07:00:00,40.686863,-73.757965,0,0,Passing Too Closely,4514546,10.1,4.9,6.1,5.8,0.21,8.0,71,21.6,41.0,251,Snow fall: Light,0,0,Snowy Conditions
8952,2022-03-27 18:10:00,40.583687,-73.94487,0,0,Driver Inattention/Distraction,4514016,7.5,-1.1,0.3,0.3,0.07,3.0,71,26.4,47.5,288,Snow fall: Light,0,0,Snowy Conditions
8953,2022-04-24 04:14:00,40.67392,-73.91012,0,0,Other Vehicular,4521372,15.8,7.0,0.0,0.0,0.0,0.0,3,21.7,43.2,114,Overcast,0,0,
8954,2022-04-20 15:51:00,40.822018,-73.953674,1,0,Driver Inattention/Distraction,4522306,13.9,3.4,0.0,0.0,0.0,0.0,3,26.6,49.0,282,Overcast,1,1,
8955,2022-04-17 09:00:00,40.711155,-73.7943,0,0,Unspecified,4522183,10.0,3.9,0.5,0.5,0.0,2.0,51,30.1,56.5,313,Drizzle: Light,0,0,
8956,2022-04-21 02:43:00,40.83928,-73.93986,1,0,Following Too Closely,4522117,13.0,3.8,0.5,0.5,0.0,2.0,51,32.7,60.1,164,Drizzle: Light,1,1,
8957,2022-04-24 11:45:00,40.766884,-73.82396,0,0,Backing Unsafely,4521545,15.8,7.0,0.0,0.0,0.0,0.0,3,21.7,43.2,114,Overcast,0,0,
8958,2022-04-24 16:40:00,40.74782,-73.99665,1,0,Pedestrian/Bicyclist/Other Pedestrian Error/Confusion,4521551,15.8,7.0,0.0,0.0,0.0,0.0,3,21.7,43.2,114,Overcast,1,1,
8959,2022-04-24 19:00:00,0.0,0.0,0,0,Unspecified,4521980,15.8,7.0,0.0,0.0,0.0,0.0,3,21.7,43.2,114,Overcast,0,0,
8960,2022-04-24 17:15:00,40.682106,-73.92257,0,0,Following Too Closely,4521618,15.8,7.0,0.0,0.0,0.0,0.0,3,21.7,43.2,114,Overcast,0,0,
8961,2022-04-23 15:00:00,40.760773,-73.92417,0,0,Unspecified,4522347,14.7,6.3,0.0,0.0,0.0,0.0,3,15.0,29.2,119,Overcast,0,0,
8962,2022-04-24 15:36:00,40.747295,-73.97405,0,0,Unspecified,4521657,15.8,7.0,0.0,0.0,0.0,0.0,3,21.7,43.2,114,Overcast,0,0,
8963,2022-04-23 13:53:00,40.665726,-73.96425,0,0,Fatigued/Drowsy,4522144,14.7,6.3,0.0,0.0,0.0,0.0,3,15.0,29.2,119,Overcast,0,0,
8964,2022-04-24 13:10:00,40.671684,-73.75647,0,0,Unspecified,4521502,15.8,7.0,0.0,0.0,0.0,0.0,3,21.7,43.2,114,Overcast,0,0,
8965,2023-01-14 17:23:00,40.607754,-74.13205,4,0,Driver Inattention/Distraction,4597830,2.8,-0.9,0.0,0.0,0.0,0.0,3,25.6,45.7,351,Overcast,4,4,
8966,2023-01-09 17:30:00,40.83202,-73.87323,0,0,Traffic Control Disregarded,4598198,6.9,0.6,1.7,0.9,0.56,5.0,73,17.2,32.0,282,Snow fall: Moderate,0,0,Snowy Conditions
8967,2023-01-14 11:25:00,40.769955,-73.836426,0,0,Failure to Yield Right-of-Way,4597701,2.8,-0.9,0.0,0.0,0.0,0.0,3,25.6,45.7,351,Overcast,0,0,
8968,2023-01-13 17:05:00,40.661484,-73.89175,0,0,Unspecified,4598233,12.6,3.1,2.2,2.2,0.0,12.0,53,26.2,47.2,243,Drizzle: Moderate,0,0,
8969,2023-01-14 17:40:00,40.69248,-73.800995,1,0,Failure to Yield Right-of-Way,4598055,2.8,-0.9,0.0,0.0,0.0,0.0,3,25.6,45.7,351,Overcast,1,1,
8970,2023-01-04 17:00:00,40.74608,-73.974945,1,0,Unsafe Speed,4598283,17.6,10.5,2.1,2.1,0.0,4.0,53,17.3,31.3,215,Drizzle: Moderate,1,1,
8971,2023-01-13 10:25:00,40.769077,-73.95102,0,0,Driver Inattention/Distraction,4598307,12.6,3.1,2.2,2.2,0.0,12.0,53,26.2,47.2,243,Drizzle: Moderate,0,0,
8972,2023-01-14 02:52:00,40.82269,-73.94947,0,0,Driver Inattention/Distraction,4597613,2.8,-0.9,0.0,0.0,0.0,0.0,3,25.6,45.7,351,Overcast,0,0,
8973,2023-01-13 10:10:00,40.695637,-73.80372,1,0,Passing Too Closely,4598100,12.6,3.1,2.2,2.2,0.0,12.0,53,26.2,47.2,243,Drizzle: Moderate,1,1,
8974,2023-01-13 23:19:00,40.709362,-73.9943,0,0,Unspecified,4598115,12.6,3.1,2.2,2.2,0.0,12.0,53,26.2,47.2,243,Drizzle: Moderate,0,0,
8975,2023-01-14 23:00:00,40.745113,-73.92021,0,0,Unspecified,4597947,2.8,-0.9,0.0,0.0,0.0,0.0,3,25.6,45.7,351,Overcast,0,0,
8976,2023-01-12 21:22:00,40.666256,-73.900215,0,0,Unspecified,4598214,10.1,-0.6,10.8,10.8,0.0,13.0,63,20.1,36.7,117,Rain: Moderate,0,0,
8977,2023-01-14 19:49:00,40.59783,-73.96549,2,0,Unspecified,4598008,2.8,-0.9,0.0,0.0,0.0,0.0,3,25.6,45.7,351,Overcast,2,2,
8978,2023-01-13 22:24:00,40.714825,-73.95882,0,0,Failure to Yield Right-of-Way,4598108,12.6,3.1,2.2,2.2,0.0,12.0,53,26.2,47.2,243,Drizzle: Moderate,0,0,
8979,2023-01-14 03:00:00,40.718792,-73.98902,1,0,Failure to Yield Right-of-Way,4597819,2.8,-0.9,0.0,0.0,0.0,0.0,3,25.6,45.7,351,Overcast,1,1,
8980,2023-01-14 12:20:00,40.60181,-74.120605,0,0,Passing or Lane Usage Improper,4597685,2.8,-0.9,0.0,0.0,0.0,0.0,3,25.6,45.7,351,Overcast,0,0,
8981,2023-01-13 11:30:00,40.634724,-74.01642,0,0,Following Too Closely,4598166,12.6,3.1,2.2,2.2,0.0,12.0,53,26.2,47.2,243,Drizzle: Moderate,0,0,
8982,2023-01-06 06:27:00,40.680664,-73.902626,0,0,Unspecified,4598219,8.2,3.2,7.9,7.9,0.0,13.0,61,16.6,28.8,311,Rain: Light,0,0,
8983,2023-01-14 17:55:00,40.59922,-73.97376,2,0,Failure to Yield Right-of-Way,4597889,2.8,-0.9,0.0,0.0,0.0,0.0,3,25.6,45.7,351,Overcast,2,2,
8984,2023-01-14 04:43:00,40.616486,-73.951706,0,0,Unspecified,4597864,2.8,-0.9,0.0,0.0,0.0,0.0,3,25.6,45.7,351,Overcast,0,0,
8985,2023-01-14 23:05:00,40.845177,-73.91417,2,0,Traffic Control Disregarded,4598192,2.8,-0.9,0.0,0.0,0.0,0.0,3,25.6,45.7,351,Overcast,2,2,