,CRASH DATETIME,LATITUDE,LONGITUDE,NUMBER OF PERSONS INJURED,NUMBER OF PERSONS KILLED,CONTRIBUTING FACTOR VEHICLE 1,COLLISION_ID,temperature_2m_max,temperature_2m_min,precipitation_sum,rain_sum,snowfall_sum,precipitation_hours,weather_code,wind_speed_10m_max,wind_gusts_10m_max,wind_direction_10m_dominant,Weather Description,Severity_Score,Total_Affected_Persons,Weather_Category
8986,2023-01-14 12:35:00,40.87314,-73.90572,0,0,Passing Too Closely,4598064,2.8,-0.9,0.0,0.0,0.0,0.0,3,25.6,45.7,351,Overcast,0,0,
8987,2023-01-11 20:32:00,40.729572,-73.83383,1,0,Other Vehicular,4598330,3.3,-1.5,0.0,0.0,0.0,0.0,3,13.2,23.4,50,Overcast,1,1,
8988,2023-01-12 18:16:00,40.782055,-73.781624,1,0,Unspecified,4598262,10.1,-0.6,10.8,10.8,0.0,13.0,63,20.1,36.7,117,Rain: Moderate,1,1,
8989,2023-01-10 17:40:00,40.73064,-73.980804,1,0,Passing or Lane Usage Improper,4598096,6.2,0.3,0.0,0.0,0.0,0.0,3,15.6,29.9,285,Overcast,1,1,
8990,2023-01-14 22:46:00,40.706013,-74.00882,0,0,Unspecified,4597973,2.8,-0.9,0.0,0.0,0.0,0.0,3,25.6,45.7,351,Overcast,0,0,
8991,2023-01-14 00:00:00,40.66906,-73.88658,0,0,Aggressive Driving/Road Rage,4598238,2.8,-0.9,0.0,0.0,0.0,0.0,3,25.6,45.7,351,Overcast,0,0,
8992,2023-01-11 09:00:00,40.674397,-73.896515,0,0,Unspecified,4598251,3.3,-1.5,0.0,0.0,0.0,0.0,3,13.2,23.4,50,Overcast,0,0,
8993,2023-01-14 23:54:00,40.88385,-73.83435,0,0,Failure to Yield Right-of-Way,4598272,2.8,-0.9,0.0,0.0,0.0,0.0,3,25.6,45.7,351,Overcast,0,0,
8994,2023-01-14 06:45:00,40.663647,-73.92001,0,0,Unspecified,4598032,2.8,-0.9,0.0,0.0,0.0,0.0,3,25.6,45.7,351,Overcast,0,0,
8995,2023-01-17 20:40:00,40.722378,-73.873764,3,0,Unsafe Speed,4598606,7.1,-2.3,0.9,0.9,0.0,2.0,53,13.2,24.5,254,Drizzle: Moderate,3,3,
8996,2023-01-17 16:40:00,40.836796,-73.91949,0,0,Driver Inattention/Distraction,4599008,7.1,-2.3,0.9,0.9,0.0,2.0,53,13.2,24.5,254,Drizzle: Moderate,0,0,
8997,2023-01-17 16:43:00,40.820885,-73.85026,0,0,Failure to Yield Right-of-Way,4599052,7.1,-2.3,0.9,0.9,0.0,2.0,53,13.2,24.5,254,Drizzle: Moderate,0,0,
8998,2023-01-17 16:25:00,40.726837,-73.71356,0,0,Unspecified,4599118,7.1,-2.3,0.9,0.9,0.0,2.0,53,13.2,24.5,254,Drizzle: Moderate,0,0,
8999,2023-01-17 08:55:00,40.670403,-73.85629,0,0,Failure to Yield Right-of-Way,4598586,7.1,-2.3,0.9,0.9,0.0,2.0,53,13.2,24.5,254,Drizzle: Moderate,0,0,
9000,2023-01-17 18:00:00,40.84467,-73.9449,0,0,Other Vehicular,4598802,7.1,-2.3,0.9,0.9,0.0,2.0,53,13.2,24.5,254,Drizzle: Moderate,0,0,
9001,2023-01-17 16:00:00,40.655197,-73.91354,1,0,Unspecified,4598641,7.1,-2.3,0.9,0.9,0.0,2.0,53,13.2,24.5,254,Drizzle: Moderate,1,1,
9002,2023-01-14 14:25:00,40.64542,-73.97713,0,0,Unspecified,4598994,2.8,-0.9,0.0,0.0,0.0,0.0,3,25.6,45.7,351,Overcast,0,0,
9003,2023-01-12 17:06:00,40.637783,-74.01945,0,0,Unspecified,4599035,10.1,-0.6,10.8,10.8,0.0,13.0,63,20.1,36.7,117,Rain: Moderate,0,0,
9004,2023-01-17 20:29:00,40.7366,-73.856674,1,0,Unsafe Speed,4598745,7.1,-2.3,0.9,0.9,0.0,2.0,53,13.2,24.5,254,Drizzle: Moderate,1,1,
9005,2023-01-17 08:35:00,40.869686,-73.868805,0,0,Steering Failure,4598484,7.1,-2.3,0.9,0.9,0.0,2.0,53,13.2,24.5,254,Drizzle: Moderate,0,0,
9006,2023-01-07 00:00:00,40.72783,-73.70767,0,0,Unspecified,4598931,8.0,0.2,0.0,0.0,0.0,0.0,3,19.2,37.1,293,Overcast,0,0,
9007,2023-01-17 15:20:00,40.707523,-73.96115,1,0,Other Vehicular,4598602,7.1,-2.3,0.9,0.9,0.0,2.0,53,13.2,24.5,254,Drizzle: Moderate,1,1,
9008,2023-01-15 09:45:00,40.64333,-73.95973,0,0,Driver Inattention/Distraction,4598981,4.7,-2.1,0.0,0.0,0.0,0.0,3,29.5,53.6,354,Overcast,0,0,
9009,2023-01-17 12:00:00,40.700592,-73.85457,0,0,Passing or Lane Usage Improper,4598446,7.1,-2.3,0.9,0.9,0.0,2.0,53,13.2,24.5,254,Drizzle: Moderate,0,0,
9010,2023-01-17 18:24:00,40.83501,-73.91206,1,0,Unspecified,4598884,7.1,-2.3,0.9,0.9,0.0,2.0,53,13.2,24.5,254,Drizzle: Moderate,1,1,
9011,2023-01-17 08:50:00,40.719738,-73.78574,0,0,Unsafe Speed,4598945,7.1,-2.3,0.9,0.9,0.0,2.0,53,13.2,24.5,254,Drizzle: Moderate,0,0,
9012,2021-05-01 15:20:00,40.84434,-73.91475,0,0,Failure to Yield Right-of-Way,4412303,17.3,5.0,0.0,0.0,0.0,0.0,3,31.7,63.4,302,Overcast,0,0,
9013,2021-09-17 21:47:00,40.5322793,-74.2241343,0,0,Unspecified,4459135,23.6,20.1,1.0,1.0,0.0,7.0,51,20.3,38.9,59,Drizzle: Light,0,0,
9014,2023-01-15 19:09:00,40.805508,-73.96201,1,0,,4597944,4.7,-2.1,0.0,0.0,0.0,0.0,3,29.5,53.6,354,Overcast,1,1,
9015,2022-03-28 15:20:00,40.77493,-73.950806,1,0,View Obstructed/Limited,4514392,0.0,-5.2,0.3,0.0,0.21,3.0,71,31.3,59.0,303,Snow fall: Light,1,1,Snowy Conditions
9016,2022-04-24 10:39:00,40.612736,-74.14149,0,0,Backing Unsafely,4521984,15.8,7.0,0.0,0.0,0.0,0.0,3,21.7,43.2,114,Overcast,0,0,
9017,2022-04-15 10:00:00,40.60573,-73.96557,0,0,Unspecified,4522139,19.2,6.3,0.1,0.1,0.0,1.0,51,26.9,46.1,243,Drizzle: Light,0,0,
9018,2022-04-22 09:53:00,0.0,0.0,1,0,Passing or Lane Usage Improper,4522161,18.1,8.5,0.0,0.0,0.0,0.0,3,21.3,43.2,301,Overcast,1,1,
9019,2022-04-24 14:16:00,40.70875,-73.90929,0,0,Unsafe Speed,4521510,15.8,7.0,0.0,0.0,0.0,0.0,3,21.7,43.2,114,Overcast,0,0,
9020,2022-04-24 14:55:00,40.63063,-74.00923,1,0,Passing or Lane Usage Improper,4521608,15.8,7.0,0.0,0.0,0.0,0.0,3,21.7,43.2,114,Overcast,1,1,
9021,2022-04-24 16:05:00,40.689365,-73.9058,2,0,Passing or Lane Usage Improper,4521836,15.8,7.0,0.0,0.0,0.0,0.0,3,21.7,43.2,114,Overcast,2,2,
9022,2022-04-18 19:20:00,0.0,0.0,0,0,Failure to Yield Right-of-Way,4522353,10.6,1.5,6.1,6.1,0.0,5.0,63,30.8,52.9,90,Rain: Moderate,0,0,
9023,2022-04-22 22:00:00,40.71611,-73.73137,0,0,Unspecified,4522291,18.1,8.5,0.0,0.0,0.0,0.0,3,21.3,43.2,301,Overcast,0,0,
9024,2022-04-24 09:00:00,40.670082,-73.79067,0,0,Passing or Lane Usage Improper,4521677,15.8,7.0,0.0,0.0,0.0,0.0,3,21.7,43.2,114,Overcast,0,0,
9025,2022-04-24 10:45:00,40.62479,-74.029465,0,0,Passing Too Closely,4521467,15.8,7.0,0.0,0.0,0.0,0.0,3,21.7,43.2,114,Overcast,0,0,
9026,2022-04-24 20:00:00,40.642708,-73.87845,1,0,Failure to Keep Right,4521634,15.8,7.0,0.0,0.0,0.0,0.0,3,21.7,43.2,114,Overcast,1,1,
9027,2022-04-24 15:17:00,0.0,0.0,0,0,Driver Inattention/Distraction,4521949,15.8,7.0,0.0,0.0,0.0,0.0,3,21.7,43.2,114,Overcast,0,0,
9028,2022-04-15 12:48:00,40.80824,-73.95259,1,0,Failure to Yield Right-of-Way,4522241,19.2,6.3,0.1,0.1,0.0,1.0,51,26.9,46.1,243,Drizzle: Light,1,1,
9029,2022-04-24 08:45:00,0.0,0.0,0,0,Oversized Vehicle,4522145,15.8,7.0,0.0,0.0,0.0,0.0,3,21.7,43.2,114,Overcast,0,0,
9030,2022-04-24 14:50:00,40.70675,-73.80224,1,0,Unsafe Speed,4521732,15.8,7.0,0.0,0.0,0.0,0.0,3,21.7,43.2,114,Overcast,1,1,
9031,2022-04-24 14:30:00,0.0,0.0,0,0,Failure to Yield Right-of-Way,4522042,15.8,7.0,0.0,0.0,0.0,0.0,3,21.7,43.2,114,Overcast,0,0,
9032,2022-04-22 16:00:00,40.76663,-73.88903,0,0,Driver Inattention/Distraction,4522151,18.1,8.5,0.0,0.0,0.0,0.0,3,21.3,43.2,301,Overcast,0,0,
9033,2022-04-19 08:12:00,40.63777,-74.07602,0,0,Unspecified,4522130,11.0,4.5,27.1,27.1,0.0,9.0,63,41.1,85.0,282,Rain: Moderate,0,0,
9034,2022-04-24 11:06:00,40.691307,-73.91326,0,0,Unspecified,4521822,15.8,7.0,0.0,0.0,0.0,0.0,3,21.7,43.2,114,Overcast,0,0,
9035,2022-04-24 21:00:00,0.0,0.0,0,0,Backing Unsafely,4522217,15.8,7.0,0.0,0.0,0.0,0.0,3,21.7,43.2,114,Overcast,0,0,
9036,2022-04-15 19:00:00,40.678547,-73.77917,0,0,Driver Inattention/Distraction,4522324,19.2,6.3,0.1,0.1,0.0,1.0,51,26.9,46.1,243,Drizzle: Light,0,0,
9037,2022-04-24 22:50:00,40.755714,-73.78922,0,0,Unspecified,4521718,15.8,7.0,0.0,0.0,0.0,0.0,3,21.7,43.2,114,Overcast,0,0,
9038,2022-03-12 10:40:00,40.801155,-73.959656,0,0,Other Vehicular,4522235,6.5,-4.4,15.3,7.6,5.39,11.0,75,35.8,64.1,315,Snow fall: Heavy,0,0,Snowy Conditions
9039,2021-09-07 12:30:00,40.686665,-73.86089,1,0,Failure to Yield Right-of-Way,4454868,25.9,15.2,0.0,0.0,0.0,0.0,1,12.5,25.6,259,Mainly clear,1,1,Sunny/Clear Conditions
9040,2021-09-14 08:30:00,40.67122,-73.88276,3,0,Unspecified,4457479,26.0,19.0,0.2,0.2,0.0,1.0,51,18.0,35.6,138,Drizzle: Light,3,3,
9041,2021-09-17 18:11:00,40.843124,-73.89796,1,0,Driver Inattention/Distraction,4458975,23.6,20.1,1.0,1.0,0.0,7.0,51,20.3,38.9,59,Drizzle: Light,1,1,
9042,2021-09-16 22:11:00,40.832024,-73.9159,0,0,Unspecified,4459344,23.9,19.1,4.0,4.0,0.0,10.0,55,18.8,37.8,38,Drizzle: Dense,0,0,
9043,2021-09-01 16:30:00,40.69603,-73.943535,0,0,Driver Inattention/Distraction,4459294,23.2,18.4,121.7,121.7,0.0,18.0,65,43.2,78.5,42,Rain: Heavy,0,0,
9044,2021-07-31 05:00:00,40.89999,-73.85301,0,0,Failure to Yield Right-of-Way,4459373,25.6,14.5,0.0,0.0,0.0,0.0,2,16.8,33.8,304,Partly cloudy,0,0,
9045,2021-12-10 15:40:00,40.585117,-73.91429,0,0,Driver Inattention/Distraction,4485513,8.5,1.6,0.0,0.0,0.0,0.0,3,9.8,20.5,183,Overcast,0,0,
9046,2021-12-10 15:45:00,40.65777,-73.93962,1,0,Driver Inattention/Distraction,4485703,8.5,1.6,0.0,0.0,0.0,0.0,3,9.8,20.5,183,Overcast,1,1,
9047,2021-12-10 11:50:00,40.68305,-73.97377,1,0,Traffic Control Disregarded,4485381,8.5,1.6,0.0,0.0,0.0,0.0,3,9.8,20.5,183,Overcast,1,1,
9048,2021-12-09 18:00:00,40.67573,-73.9746,0,0,Passing or Lane Usage Improper,4485166,3.6,-2.0,0.1,0.0,0.07,1.0,71,19.2,33.8,295,Snow fall: Light,0,0,Snowy Conditions
9049,2021-11-16 23:00:00,40.68704,-73.90575,0,0,Other Vehicular,4485832,9.5,1.9,0.0,0.0,0.0,0.0,3,21.3,38.2,275,Overcast,0,0,
9050,2021-12-08 09:30:00,40.899822,-73.86333,0,0,Unspecified,4484746,4.7,0.9,0.7,0.7,0.0,2.0,51,14.5,24.8,355,Drizzle: Light,0,0,
9051,2021-12-09 21:06:00,40.592323,-73.96074,1,0,Driver Inattention/Distraction,4485151,3.6,-2.0,0.1,0.0,0.07,1.0,71,19.2,33.8,295,Snow fall: Light,1,1,Snowy Conditions
9052,2021-12-08 13:30:00,40.70288,-73.81869,0,0,Unsafe Speed,4484710,4.7,0.9,0.7,0.7,0.0,2.0,51,14.5,24.8,355,Drizzle: Light,0,0,
9053,2021-12-09 21:00:00,40.761272,-73.95571,0,0,Driver Inattention/Distraction,4485100,3.6,-2.0,0.1,0.0,0.07,1.0,71,19.2,33.8,295,Snow fall: Light,0,0,Snowy Conditions
9054,2021-12-09 07:30:00,40.77012,-73.95741,0,0,Oversized Vehicle,4484935,3.6,-2.0,0.1,0.0,0.07,1.0,71,19.2,33.8,295,Snow fall: Light,0,0,Snowy Conditions
9055,2021-12-09 22:00:00,40.760155,-73.9988,1,0,Failure to Yield Right-of-Way,4485608,3.6,-2.0,0.1,0.0,0.07,1.0,71,19.2,33.8,295,Snow fall: Light,1,1,Snowy Conditions
9056,2021-12-10 13:30:00,40.715446,-73.98277,0,0,Unspecified,4485237,8.5,1.6,0.0,0.0,0.0,0.0,3,9.8,20.5,183,Overcast,0,0,
9057,2021-12-08 17:45:00,40.856045,-73.84395,0,0,Following Too Closely,4484975,4.7,0.9,0.7,0.7,0.0,2.0,51,14.5,24.8,355,Drizzle: Light,0,0,
9058,2021-12-08 06:37:00,40.736927,-73.895966,0,0,Unspecified,4484784,4.7,0.9,0.7,0.7,0.0,2.0,51,14.5,24.8,355,Drizzle: Light,0,0,
9059,2021-12-08 19:10:00,40.734562,-74.00543,0,0,Driver Inattention/Distraction,4484869,4.7,0.9,0.7,0.7,0.0,2.0,51,14.5,24.8,355,Drizzle: Light,0,0,
9060,2021-12-09 08:35:00,40.736847,-73.8067,1,0,Driver Inattention/Distraction,4485582,3.6,-2.0,0.1,0.0,0.07,1.0,71,19.2,33.8,295,Snow fall: Light,1,1,Snowy Conditions
9061,2021-12-06 07:50:00,40.870777,-73.81923,0,0,Unspecified,4485248,16.3,7.7,6.3,6.3,0.0,10.0,61,35.1,65.5,201,Rain: Light,0,0,
9062,2021-12-09 01:37:00,40.716312,-73.81938,0,0,Unspecified,4484955,3.6,-2.0,0.1,0.0,0.07,1.0,71,19.2,33.8,295,Snow fall: Light,0,0,Snowy Conditions
9063,2021-12-09 03:50:00,40.83801,-73.87329,1,0,Driver Inattention/Distraction,4484904,3.6,-2.0,0.1,0.0,0.07,1.0,71,19.2,33.8,295,Snow fall: Light,1,1,Snowy Conditions
9064,2021-12-10 07:35:00,40.726448,-73.75632,0,0,Fell Asleep,4485780,8.5,1.6,0.0,0.0,0.0,0.0,3,9.8,20.5,183,Overcast,0,0,
9065,2021-12-10 20:55:00,40.75563,-73.77264,0,0,Driver Inattention/Distraction,4485265,8.5,1.6,0.0,0.0,0.0,0.0,3,9.8,20.5,183,Overcast,0,0,
9066,2021-09-18 08:30:00,40.828186,-73.94056,1,0,Unspecified,4458465,27.1,19.2,0.2,0.2,0.0,2.0,51,14.6,25.9,349,Drizzle: Light,1,1,
9067,2021-09-18 19:25:00,40.66895,-73.9339,0,0,Driver Inattention/Distraction,4458697,27.1,19.2,0.2,0.2,0.0,2.0,51,14.6,25.9,349,Drizzle: Light,0,0,
9068,2021-07-24 15:15:00,40.671352,-73.88182,0,0,Glare,4459283,26.8,18.2,0.0,0.0,0.0,0.0,3,16.3,31.7,152,Overcast,0,0,
9069,2021-09-17 17:00:00,40.884666,-73.89917,0,0,Driver Inattention/Distraction,4459261,23.6,20.1,1.0,1.0,0.0,7.0,51,20.3,38.9,59,Drizzle: Light,0,0,
9070,2021-09-17 07:45:00,40.740532,-73.87635,0,0,Failure to Yield Right-of-Way,4459077,23.6,20.1,1.0,1.0,0.0,7.0,51,20.3,38.9,59,Drizzle: Light,0,0,
9071,2021-09-16 19:50:00,40.719456,-73.99441,1,0,Pedestrian/Bicyclist/Other Pedestrian Error/Confusion,4459053,23.9,19.1,4.0,4.0,0.0,10.0,55,18.8,37.8,38,Drizzle: Dense,1,1,
9072,2021-09-18 03:00:00,40.72293,-73.98865,1,0,Unspecified,4458272,27.1,19.2,0.2,0.2,0.0,2.0,51,14.6,25.9,349,Drizzle: Light,1,1,
9073,2021-09-18 16:11:00,40.68668,-73.97937,0,0,Following Too Closely,4458507,27.1,19.2,0.2,0.2,0.0,2.0,51,14.6,25.9,349,Drizzle: Light,0,0,
9074,2021-09-18 23:30:00,40.735764,-73.97491,0,0,Passing or Lane Usage Improper,4458863,27.1,19.2,0.2,0.2,0.0,2.0,51,14.6,25.9,349,Drizzle: Light,0,0,
9075,2021-09-18 15:00:00,40.638523,-74.01,1,0,Unspecified,4458588,27.1,19.2,0.2,0.2,0.0,2.0,51,14.6,25.9,349,Drizzle: Light,1,1,
9076,2021-09-14 21:00:00,40.74676,-73.86677,0,0,Unsafe Speed,4459027,26.0,19.0,0.2,0.2,0.0,1.0,51,18.0,35.6,138,Drizzle: Light,0,0,
9077,2021-09-18 10:00:00,40.54396,-74.19184,1,0,Cell Phone (hand-Held),4459144,27.1,19.2,0.2,0.2,0.0,2.0,51,14.6,25.9,349,Drizzle: Light,1,1,
9078,2021-09-16 13:30:00,40.578224,-74.10207,0,0,Unspecified,4459210,23.9,19.1,4.0,4.0,0.0,10.0,55,18.8,37.8,38,Drizzle: Dense,0,0,
9079,2021-07-17 21:00:00,40.73753,-73.87284,0,0,Unspecified,4459071,30.8,23.3,5.1,5.1,0.0,5.0,61,17.8,36.4,201,Rain: Light,0,0,
9080,2021-09-14 07:40:00,40.719654,-73.81816,0,0,Other Vehicular,4459137,26.0,19.0,0.2,0.2,0.0,1.0,51,18.0,35.6,138,Drizzle: Light,0,0,
9081,2021-09-18 20:10:00,40.700687,-73.766815,1,0,Failure to Yield Right-of-Way,4458989,27.1,19.2,0.2,0.2,0.0,2.0,51,14.6,25.9,349,Drizzle: Light,1,1,
9082,2021-09-18 07:50:00,40.602985,-74.13148,5,0,Driver Inattention/Distraction,4458321,27.1,19.2,0.2,0.2,0.0,2.0,51,14.6,25.9,349,Drizzle: Light,5,5,
9083,2021-09-18 19:38:00,40.72154,-73.75541,0,0,Reaction to Uninvolved Vehicle,4458447,27.1,19.2,0.2,0.2,0.0,2.0,51,14.6,25.9,349,Drizzle: Light,0,0,
9084,2021-09-18 10:30:00,40.869843,-73.91588,1,0,Driver Inattention/Distraction,4458724,27.1,19.2,0.2,0.2,0.0,2.0,51,14.6,25.9,349,Drizzle: Light,1,1,
9085,2021-09-18 11:00:00,40.708767,-73.94004,0,0,Backing Unsafely,4458786,27.1,19.2,0.2,0.2,0.0,2.0,51,14.6,25.9,349,Drizzle: Light,0,0,
9086,2021-09-18 11:04:00,40.736412,-73.74183,0,0,Driver Inattention/Distraction,4458421,27.1,19.2,0.2,0.2,0.0,2.0,51,14.6,25.9,349,Drizzle: Light,0,0,
9087,2021-09-16 20:50:00,40.732212,-73.99862,1,0,Failure to Yield Right-of-Way,4459168,23.9,19.1,4.0,4.0,0.0,10.0,55,18.8,37.8,38,Drizzle: Dense,1,1,
9088,2021-09-18 14:45:00,40.630577,-73.88591,0,0,Unsafe Speed,4459234,27.1,19.2,0.2,0.2,0.0,2.0,51,14.6,25.9,349,Drizzle: Light,0,0,
9089,2021-09-18 04:15:00,40.711376,-73.92794,1,0,Alcohol Involvement,4458406,27.1,19.2,0.2,0.2,0.0,2.0,51,14.6,25.9,349,Drizzle: Light,1,1,
9090,2021-09-18 08:46:00,40.764267,-73.722946,5,0,Following Too Closely,4458374,27.1,19.2,0.2,0.2,0.0,2.0,51,14.6,25.9,349,Drizzle: Light,5,5,
9091,2021-09-04 00:20:00,40.72804,-73.83171,1,0,Unspecified,4459107,25.2,14.5,0.0,0.0,0.0,0.0,3,15.4,27.0,289,Overcast,1,1,
9092,2021-09-18 17:00:00,40.782642,-73.804146,1,0,Failure to Yield Right-of-Way,4458434,27.1,19.2,0.2,0.2,0.0,2.0,51,14.6,25.9,349,Drizzle: Light,1,1,
9093,2021-09-18 04:24:00,40.85456,-73.869484,0,0,Unspecified,4458336,27.1,19.2,0.2,0.2,0.0,2.0,51,14.6,25.9,349,Drizzle: Light,0,0,
9094,2021-09-18 05:30:00,40.7651,-73.868034,0,0,Fell Asleep,4458576,27.1,19.2,0.2,0.2,0.0,2.0,51,14.6,25.9,349,Drizzle: Light,0,0,
9095,2021-09-18 09:00:00,40.603848,-74.00264,0,0,Driver Inattention/Distraction,4458640,27.1,19.2,0.2,0.2,0.0,2.0,51,14.6,25.9,349,Drizzle: Light,0,0,
9096,2021-09-16 09:40:00,40.68029,-73.94774,1,0,Driver Inattention/Distraction,4459277,23.9,19.1,4.0,4.0,0.0,10.0,55,18.8,37.8,38,Drizzle: Dense,1,1,
9097,2021-09-16 12:00:00,40.663704,-73.75587,0,0,Unspecified,4459308,23.9,19.1,4.0,4.0,0.0,10.0,55,18.8,37.8,38,Drizzle: Dense,0,0,
9098,2021-09-18 22:45:00,40.803272,-73.918884,0,0,Unspecified,4458970,27.1,19.2,0.2,0.2,0.0,2.0,51,14.6,25.9,349,Drizzle: Light,0,0,
9099,2021-09-18 19:10:00,40.692574,-73.858185,0,0,Turning Improperly,4458800,27.1,19.2,0.2,0.2,0.0,2.0,51,14.6,25.9,349,Drizzle: Light,0,0,
9100,2021-09-18 20:02:00,40.768932,-73.96078,1,0,Pedestrian/Bicyclist/Other Pedestrian Error/Confusion,4458945,27.1,19.2,0.2,0.2,0.0,2.0,51,14.6,25.9,349,Drizzle: Light,1,1,
9101,2021-09-18 06:15:00,40.64687,-73.90428,0,0,Unspecified,4458359,27.1,19.2,0.2,0.2,0.0,2.0,51,14.6,25.9,349,Drizzle: Light,0,0,
9102,2021-09-18 19:06:00,40.61186,-73.93243,0,0,Driver Inattention/Distraction,4458425,27.1,19.2,0.2,0.2,0.0,2.0,51,14.6,25.9,349,Drizzle: Light,0,0,
9103,2021-09-18 01:43:00,40.61462,-73.968666,0,0,Following Too Closely,4458521,27.1,19.2,0.2,0.2,0.0,2.0,51,14.6,25.9,349,Drizzle: Light,0,0,
9104,2021-09-18 18:10:00,40.70112,-73.78334,0,0,Driver Inexperience,4459158,27.1,19.2,0.2,0.2,0.0,2.0,51,14.6,25.9,349,Drizzle: Light,0,0,
9105,2021-09-17 14:15:00,40.69977,-73.98294,0,0,Following Too Closely,4459248,23.6,20.1,1.0,1.0,0.0,7.0,51,20.3,38.9,59,Drizzle: Light,0,0,
9106,2021-09-18 13:00:00,40.804256,-73.96293,0,0,Unspecified,4458785,27.1,19.2,0.2,0.2,0.0,2.0,51,14.6,25.9,349,Drizzle: Light,0,0,
9107,2021-09-17 08:25:00,40.741493,-73.87503,1,0,Driver Inattention/Distraction,4459042,23.6,20.1,1.0,1.0,0.0,7.0,51,20.3,38.9,59,Drizzle: Light,1,1,
9108,2021-09-17 13:05:00,40.738132,-74.00084,0,0,Passing or Lane Usage Improper,4459169,23.6,20.1,1.0,1.0,0.0,7.0,51,20.3,38.9,59,Drizzle: Light,0,0,
9109,2021-09-18 09:50:00,40.729515,-73.8715,0,0,Driver Inattention/Distraction,4458448,27.1,19.2,0.2,0.2,0.0,2.0,51,14.6,25.9,349,Drizzle: Light,0,0,
9110,2021-09-17 15:45:00,40.60567,-74.030945,0,0,Following Too Closely,4459225,23.6,20.1,1.0,1.0,0.0,7.0,51,20.3,38.9,59,Drizzle: Light,0,0,
9111,2021-09-18 17:15:00,40.64032,-74.02841,1,0,Unspecified,4458489,27.1,19.2,0.2,0.2,0.0,2.0,51,14.6,25.9,349,Drizzle: Light,1,1,
9112,2021-09-07 07:55:00,40.76788,-73.9815,0,0,Passing or Lane Usage Improper,4459115,25.9,15.2,0.0,0.0,0.0,0.0,1,12.5,25.6,259,Mainly clear,0,0,Sunny/Clear Conditions
9113,2021-09-18 11:23:00,40.784473,-73.786194,0,0,Driver Inattention/Distraction,4458381,27.1,19.2,0.2,0.2,0.0,2.0,51,14.6,25.9,349,Drizzle: Light,0,0,
9114,2021-09-17 17:11:00,40.743767,-73.83748,2,0,Driver Inattention/Distraction,4459026,23.6,20.1,1.0,1.0,0.0,7.0,51,20.3,38.9,59,Drizzle: Light,2,2,
9115,2021-09-18 12:00:00,40.68989,-73.93645,0,0,Unspecified,4458833,27.1,19.2,0.2,0.2,0.0,2.0,51,14.6,25.9,349,Drizzle: Light,0,0,
9116,2021-09-18 22:50:00,40.710094,-73.93722,1,0,Driver Inexperience,4458898,27.1,19.2,0.2,0.2,0.0,2.0,51,14.6,25.9,349,Drizzle: Light,1,1,
9117,2021-09-18 16:00:00,40.60301,-74.016884,0,0,Driver Inattention/Distraction,4459235,27.1,19.2,0.2,0.2,0.0,2.0,51,14.6,25.9,349,Drizzle: Light,0,0,
9118,2021-09-14 21:35:00,40.750248,-73.75428,0,0,Unspecified,4459020,26.0,19.0,0.2,0.2,0.0,1.0,51,18.0,35.6,138,Drizzle: Light,0,0,
9119,2021-09-16 00:09:00,40.680664,-73.902626,1,0,Turning Improperly,4459094,23.9,19.1,4.0,4.0,0.0,10.0,55,18.8,37.8,38,Drizzle: Dense,1,1,
9120,2021-09-18 18:14:00,40.812737,-73.93762,1,0,Driver Inattention/Distraction,4459059,27.1,19.2,0.2,0.2,0.0,2.0,51,14.6,25.9,349,Drizzle: Light,1,1,
9121,2021-09-18 10:20:00,40.715855,-73.95987,0,0,Driver Inattention/Distraction,4458628,27.1,19.2,0.2,0.2,0.0,2.0,51,14.6,25.9,349,Drizzle: Light,0,0,
9122,2021-07-08 15:30:00,40.672226,-73.90241,1,0,Driver Inattention/Distraction,4459284,28.3,21.3,15.2,15.2,0.0,12.0,63,16.9,48.2,125,Rain: Moderate,1,1,
9123,2021-09-18 16:00:00,40.678226,-73.742386,4,0,Unspecified,4458500,27.1,19.2,0.2,0.2,0.0,2.0,51,14.6,25.9,349,Drizzle: Light,4,4,
9124,2021-09-18 10:15:00,40.681633,-73.95133,0,0,Unsafe Speed,4459295,27.1,19.2,0.2,0.2,0.0,2.0,51,14.6,25.9,349,Drizzle: Light,0,0,
9125,2021-09-15 15:00:00,40.745903,-73.76703,4,0,Driver Inattention/Distraction,4459154,29.6,20.7,0.3,0.3,0.0,3.0,51,21.6,40.7,192,Drizzle: Light,4,4,
9126,2021-09-18 19:30:00,40.764454,-73.83178,1,0,Passing or Lane Usage Improper,4458454,27.1,19.2,0.2,0.2,0.0,2.0,51,14.6,25.9,349,Drizzle: Light,1,1,
9127,2021-09-18 09:46:00,40.734375,-73.87342,0,0,Driver Inattention/Distraction,4459031,27.1,19.2,0.2,0.2,0.0,2.0,51,14.6,25.9,349,Drizzle: Light,0,0,
9128,2021-09-18 10:41:00,40.717976,-73.735344,0,0,Unspecified,4458656,27.1,19.2,0.2,0.2,0.0,2.0,51,14.6,25.9,349,Drizzle: Light,0,0,
9129,2021-09-18 22:29:00,40.634033,-73.90534,2,0,Driver Inattention/Distraction,4458509,27.1,19.2,0.2,0.2,0.0,2.0,51,14.6,25.9,349,Drizzle: Light,2,2,
9130,2021-09-18 20:00:00,40.59192,-73.99401,0,0,Unspecified,4458658,27.1,19.2,0.2,0.2,0.0,2.0,51,14.6,25.9,349,Drizzle: Light,0,0,
9131,2021-09-17 03:00:00,40.5778,-73.96057,1,0,Outside Car Distraction,4459065,23.6,20.1,1.0,1.0,0.0,7.0,51,20.3,38.9,59,Drizzle: Light,1,1,
9132,2021-09-18 01:00:00,40.665794,-73.7464,0,0,Passing or Lane Usage Improper,4458274,27.1,19.2,0.2,0.2,0.0,2.0,51,14.6,25.9,349,Drizzle: Light,0,0,