,CRASH DATETIME,LATITUDE,LONGITUDE,NUMBER OF PERSONS INJURED,NUMBER OF PERSONS KILLED,CONTRIBUTING FACTOR VEHICLE 1,COLLISION_ID,temperature_2m_max,temperature_2m_min,precipitation_sum,rain_sum,snowfall_sum,precipitation_hours,weather_code,wind_speed_10m_max,wind_gusts_10m_max,wind_direction_10m_dominant,Weather Description,Severity_Score,Total_Affected_Persons,Weather_Category
9133,2021-09-12 06:10:00,40.54191,-74.18441,0,0,Driver Inattention/Distraction,4459132,28.8,18.3,0.0,0.0,0.0,0.0,3,24.3,46.8,233,Overcast,0,0,
9134,2021-09-18 15:50:00,40.743484,-73.89908,1,0,Driver Inattention/Distraction,4458473,27.1,19.2,0.2,0.2,0.0,2.0,51,14.6,25.9,349,Drizzle: Light,1,1,
9135,2021-09-16 22:16:00,0.0,0.0,0,0,Passing or Lane Usage Improper,4459204,23.9,19.1,4.0,4.0,0.0,10.0,55,18.8,37.8,38,Drizzle: Dense,0,0,
9136,2021-09-14 20:16:00,40.738735,-74.00961,0,0,Unsafe Lane Changing,4459174,26.0,19.0,0.2,0.2,0.0,1.0,51,18.0,35.6,138,Drizzle: Light,0,0,
9137,2021-09-18 15:15:00,40.820984,-73.891624,1,0,Unspecified,4459052,27.1,19.2,0.2,0.2,0.0,2.0,51,14.6,25.9,349,Drizzle: Light,1,1,
9138,2021-09-18 04:30:00,40.764645,-73.7617,1,0,Unsafe Speed,4458292,27.1,19.2,0.2,0.2,0.0,2.0,51,14.6,25.9,349,Drizzle: Light,1,1,
9139,2021-09-16 00:00:00,40.808586,-73.94954,0,0,Backing Unsafely,4459072,23.9,19.1,4.0,4.0,0.0,10.0,55,18.8,37.8,38,Drizzle: Dense,0,0,
9140,2021-09-18 13:42:00,40.752316,-73.8324,0,0,Unspecified,4458452,27.1,19.2,0.2,0.2,0.0,2.0,51,14.6,25.9,349,Drizzle: Light,0,0,
9141,2021-09-15 13:00:00,40.71415,-73.78991,0,0,Driver Inattention/Distraction,4459138,29.6,20.7,0.3,0.3,0.0,3.0,51,21.6,40.7,192,Drizzle: Light,0,0,
9142,2021-09-18 00:00:00,40.68668,-73.97937,0,0,Failure to Yield Right-of-Way,4458501,27.1,19.2,0.2,0.2,0.0,2.0,51,14.6,25.9,349,Drizzle: Light,0,0,
9143,2021-09-18 10:50:00,40.71617,-73.95952,0,0,Driver Inattention/Distraction,4458986,27.1,19.2,0.2,0.2,0.0,2.0,51,14.6,25.9,349,Drizzle: Light,0,0,
9144,2021-09-14 12:32:00,40.844734,-73.90757,0,0,Unspecified,4459346,26.0,19.0,0.2,0.2,0.0,1.0,51,18.0,35.6,138,Drizzle: Light,0,0,
9145,2021-09-18 21:00:00,40.714455,-73.935295,1,0,Passing or Lane Usage Improper,4458546,27.1,19.2,0.2,0.2,0.0,2.0,51,14.6,25.9,349,Drizzle: Light,1,1,
9146,2021-09-14 17:07:00,40.881428,-73.90001,1,0,Unsafe Speed,4459262,26.0,19.0,0.2,0.2,0.0,1.0,51,18.0,35.6,138,Drizzle: Light,1,1,
9147,2021-09-17 18:50:00,40.59335,-74.10042,1,0,Following Too Closely,4459198,23.6,20.1,1.0,1.0,0.0,7.0,51,20.3,38.9,59,Drizzle: Light,1,1,
9148,2021-09-11 23:30:00,40.703636,-73.74652,0,0,Unsafe Speed,4459112,24.7,12.9,0.0,0.0,0.0,0.0,3,16.6,34.2,246,Overcast,0,0,
9149,2022-04-24 09:16:00,40.63504,-74.008835,1,0,Backing Unsafely,4521440,15.8,7.0,0.0,0.0,0.0,0.0,3,21.7,43.2,114,Overcast,1,1,
9150,2021-09-18 11:35:00,40.78569,-73.7872,0,0,Following Too Closely,4458380,27.1,19.2,0.2,0.2,0.0,2.0,51,14.6,25.9,349,Drizzle: Light,0,0,
9151,2021-09-18 07:51:00,40.84042,-73.86269,0,0,Unspecified,4458407,27.1,19.2,0.2,0.2,0.0,2.0,51,14.6,25.9,349,Drizzle: Light,0,0,
9152,2021-09-17 14:00:00,40.65878,-73.960526,0,0,Driver Inattention/Distraction,4459187,23.6,20.1,1.0,1.0,0.0,7.0,51,20.3,38.9,59,Drizzle: Light,0,0,
9153,2021-09-18 01:00:00,40.64315,-73.97548,0,0,Traffic Control Disregarded,4458958,27.1,19.2,0.2,0.2,0.0,2.0,51,14.6,25.9,349,Drizzle: Light,0,0,
9154,2021-09-17 09:10:00,40.713314,-73.78522,0,0,Passing Too Closely,4459143,23.6,20.1,1.0,1.0,0.0,7.0,51,20.3,38.9,59,Drizzle: Light,0,0,
9155,2021-09-18 04:48:00,40.605244,-73.97233,0,0,Driver Inattention/Distraction,4458362,27.1,19.2,0.2,0.2,0.0,2.0,51,14.6,25.9,349,Drizzle: Light,0,0,
9156,2021-09-18 20:00:00,40.677715,-73.93587,0,0,Animals Action,4458693,27.1,19.2,0.2,0.2,0.0,2.0,51,14.6,25.9,349,Drizzle: Light,0,0,
9157,2021-09-18 17:45:00,40.73963,-73.79014,2,0,Driver Inattention/Distraction,4458840,27.1,19.2,0.2,0.2,0.0,2.0,51,14.6,25.9,349,Drizzle: Light,2,2,
9158,2021-09-18 10:10:00,40.712772,-73.77201,0,0,Driver Inattention/Distraction,4458397,27.1,19.2,0.2,0.2,0.0,2.0,51,14.6,25.9,349,Drizzle: Light,0,0,
9159,2021-09-18 14:00:00,40.666134,-73.99224,1,0,Unspecified,4458517,27.1,19.2,0.2,0.2,0.0,2.0,51,14.6,25.9,349,Drizzle: Light,1,1,
9160,2021-09-12 04:50:00,40.857418,-73.89996,0,0,Unsafe Speed,4459048,28.8,18.3,0.0,0.0,0.0,0.0,3,24.3,46.8,233,Overcast,0,0,
9161,2021-09-18 02:34:00,40.79864,-73.9534,1,0,Driver Inattention/Distraction,4459082,27.1,19.2,0.2,0.2,0.0,2.0,51,14.6,25.9,349,Drizzle: Light,1,1,
9162,2021-09-18 00:00:00,40.82581,-73.907036,0,0,Driver Inexperience,4458976,27.1,19.2,0.2,0.2,0.0,2.0,51,14.6,25.9,349,Drizzle: Light,0,0,
9163,2021-09-12 21:45:00,40.688354,-73.913826,0,0,Unsafe Speed,4459330,28.8,18.3,0.0,0.0,0.0,0.0,3,24.3,46.8,233,Overcast,0,0,
9164,2021-09-18 22:35:00,40.697147,-73.9976,0,0,Following Too Closely,4458459,27.1,19.2,0.2,0.2,0.0,2.0,51,14.6,25.9,349,Drizzle: Light,0,0,
9165,2021-09-18 04:20:00,40.770824,-73.9032,1,0,Unsafe Speed,4458527,27.1,19.2,0.2,0.2,0.0,2.0,51,14.6,25.9,349,Drizzle: Light,1,1,
9166,2021-09-02 09:33:00,40.884144,-73.91502,0,0,Unspecified,4459252,24.5,15.0,24.6,24.6,0.0,5.0,65,43.0,83.5,344,Rain: Heavy,0,0,
9167,2021-09-17 20:05:00,40.710186,-73.82113,0,0,Driver Inattention/Distraction,4459160,23.6,20.1,1.0,1.0,0.0,7.0,51,20.3,38.9,59,Drizzle: Light,0,0,
9168,2021-09-17 21:15:00,40.76377,-73.84206,0,0,Unspecified,4459034,23.6,20.1,1.0,1.0,0.0,7.0,51,20.3,38.9,59,Drizzle: Light,0,0,
9169,2021-09-17 18:00:00,40.876923,-73.87327,1,0,Passing Too Closely,4459227,23.6,20.1,1.0,1.0,0.0,7.0,51,20.3,38.9,59,Drizzle: Light,1,1,
9170,2021-09-18 13:50:00,40.621357,-73.92714,0,0,Alcohol Involvement,4458799,27.1,19.2,0.2,0.2,0.0,2.0,51,14.6,25.9,349,Drizzle: Light,0,0,
9171,2021-09-18 01:14:00,40.68106,-73.82637,2,0,Failure to Yield Right-of-Way,4458313,27.1,19.2,0.2,0.2,0.0,2.0,51,14.6,25.9,349,Drizzle: Light,2,2,
9172,2021-09-18 14:57:00,40.766346,-73.956635,0,0,Driver Inattention/Distraction,4458944,27.1,19.2,0.2,0.2,0.0,2.0,51,14.6,25.9,349,Drizzle: Light,0,0,
9173,2021-09-18 13:45:00,40.78613,-73.80215,0,0,Brakes Defective,4458436,27.1,19.2,0.2,0.2,0.0,2.0,51,14.6,25.9,349,Drizzle: Light,0,0,
9174,2021-05-01 02:30:00,40.660316,-73.95899,0,0,Unspecified,4413072,17.3,5.0,0.0,0.0,0.0,0.0,3,31.7,63.4,302,Overcast,0,0,
9175,2021-05-01 23:01:00,40.663277,-73.98283,1,0,Passenger Distraction,4413133,17.3,5.0,0.0,0.0,0.0,0.0,3,31.7,63.4,302,Overcast,1,1,
9176,2021-04-30 06:40:00,40.811653,-73.91685,1,0,Traffic Control Disregarded,4413121,19.9,7.6,0.4,0.4,0.0,4.0,51,36.9,82.1,289,Drizzle: Light,1,1,
9177,2021-05-01 15:55:00,40.57577,-74.16981,0,0,Driver Inattention/Distraction,4413137,17.3,5.0,0.0,0.0,0.0,0.0,3,31.7,63.4,302,Overcast,0,0,
9178,2021-05-01 00:00:00,40.65812,-73.934006,0,0,Driver Inattention/Distraction,4413098,17.3,5.0,0.0,0.0,0.0,0.0,3,31.7,63.4,302,Overcast,0,0,
9179,2021-04-29 22:00:00,40.668655,-73.94585,0,0,Backing Unsafely,4413041,22.5,12.9,3.8,3.8,0.0,9.0,53,25.6,50.8,199,Drizzle: Moderate,0,0,
9180,2021-04-29 00:00:00,40.744644,-73.731186,2,0,Following Too Closely,4411894,22.5,12.9,3.8,3.8,0.0,9.0,53,25.6,50.8,199,Drizzle: Moderate,2,2,
9181,2021-04-21 04:15:00,40.682114,-73.96926,0,0,Fell Asleep,4413126,18.2,3.7,3.7,3.7,0.0,3.0,63,29.9,59.0,256,Rain: Moderate,0,0,
9182,2021-09-15 13:40:00,40.68096,-73.93765,1,0,Passing or Lane Usage Improper,4459299,29.6,20.7,0.3,0.3,0.0,3.0,51,21.6,40.7,192,Drizzle: Light,1,1,
9183,2021-09-18 05:00:00,40.634674,-73.95321,0,0,Unspecified,4458859,27.1,19.2,0.2,0.2,0.0,2.0,51,14.6,25.9,349,Drizzle: Light,0,0,
9184,2021-09-18 15:00:00,40.665714,-73.898445,0,0,Unspecified,4458721,27.1,19.2,0.2,0.2,0.0,2.0,51,14.6,25.9,349,Drizzle: Light,0,0,
9185,2021-07-06 19:25:00,40.87971,-73.90134,1,0,Failure to Yield Right-of-Way,4459251,33.6,21.9,2.1,2.1,0.0,4.0,61,21.8,49.7,231,Rain: Light,1,1,
9186,2021-09-17 17:07:00,40.515903,-74.23344,0,0,Alcohol Involvement,4459106,23.6,20.1,1.0,1.0,0.0,7.0,51,20.3,38.9,59,Drizzle: Light,0,0,
9187,2021-09-18 22:10:00,40.695854,-73.818924,4,0,Traffic Control Disregarded,4458639,27.1,19.2,0.2,0.2,0.0,2.0,51,14.6,25.9,349,Drizzle: Light,4,4,
9188,2021-05-01 15:00:00,40.712914,-73.734436,0,0,Unspecified,4412578,17.3,5.0,0.0,0.0,0.0,0.0,3,31.7,63.4,302,Overcast,0,0,
9189,2021-04-27 13:00:00,40.807224,-73.941666,0,0,Unspecified,4412905,14.8,4.2,0.0,0.0,0.0,0.0,3,15.3,34.2,164,Overcast,0,0,
9190,2021-05-01 09:00:00,40.71275,-73.77659,0,0,Unsafe Speed,4412876,17.3,5.0,0.0,0.0,0.0,0.0,3,31.7,63.4,302,Overcast,0,0,
9191,2021-05-01 02:20:00,40.68623,-74.00046,0,0,Unspecified,4412113,17.3,5.0,0.0,0.0,0.0,0.0,3,31.7,63.4,302,Overcast,0,0,
9192,2021-05-01 14:00:00,40.845722,-73.859886,0,0,Unspecified,4412362,17.3,5.0,0.0,0.0,0.0,0.0,3,31.7,63.4,302,Overcast,0,0,
9193,2021-05-01 23:20:00,40.869545,-73.87972,1,0,Passing or Lane Usage Improper,4412696,17.3,5.0,0.0,0.0,0.0,0.0,3,31.7,63.4,302,Overcast,1,1,
9194,2021-04-27 21:15:00,40.79931,-73.943245,0,0,Pedestrian/Bicyclist/Other Pedestrian Error/Confusion,4412964,14.8,4.2,0.0,0.0,0.0,0.0,3,15.3,34.2,164,Overcast,0,0,
9195,2021-09-12 23:13:00,40.826397,-73.92116,3,0,Failure to Yield Right-of-Way,4459036,28.8,18.3,0.0,0.0,0.0,0.0,3,24.3,46.8,233,Overcast,3,3,
9196,2021-05-01 20:30:00,40.7122,-73.86208,1,0,Failure to Yield Right-of-Way,4412474,17.3,5.0,0.0,0.0,0.0,0.0,3,31.7,63.4,302,Overcast,1,1,
9197,2021-04-30 17:25:00,40.84169,-73.86012,0,0,Unspecified,4412903,19.9,7.6,0.4,0.4,0.0,4.0,51,36.9,82.1,289,Drizzle: Light,0,0,
9198,2021-05-01 15:30:00,40.666756,-73.83653,1,0,Driver Inattention/Distraction,4412947,17.3,5.0,0.0,0.0,0.0,0.0,3,31.7,63.4,302,Overcast,1,1,
9199,2021-04-26 15:00:00,40.75643,-73.870285,0,0,Unspecified,4412824,13.7,3.7,0.0,0.0,0.0,0.0,2,27.3,52.6,311,Partly cloudy,0,0,
9200,2021-09-17 20:29:00,40.884724,-73.89943,0,0,Unspecified,4459270,23.6,20.1,1.0,1.0,0.0,7.0,51,20.3,38.9,59,Drizzle: Light,0,0,
9201,2021-05-01 22:10:00,40.741394,-73.82303,0,0,Unsafe Speed,4412248,17.3,5.0,0.0,0.0,0.0,0.0,3,31.7,63.4,302,Overcast,0,0,
9202,2021-05-01 17:35:00,40.835808,-73.949455,0,0,Reaction to Uninvolved Vehicle,4412598,17.3,5.0,0.0,0.0,0.0,0.0,3,31.7,63.4,302,Overcast,0,0,
9203,2021-05-01 17:30:00,40.642174,-74.02064,1,0,Failure to Yield Right-of-Way,4412633,17.3,5.0,0.0,0.0,0.0,0.0,3,31.7,63.4,302,Overcast,1,1,
9204,2021-05-01 19:22:00,40.57916,-73.98309,1,0,Failure to Yield Right-of-Way,4412715,17.3,5.0,0.0,0.0,0.0,0.0,3,31.7,63.4,302,Overcast,1,1,
9205,2021-05-01 01:12:00,40.878475,-73.837166,0,0,Driver Inattention/Distraction,4412792,17.3,5.0,0.0,0.0,0.0,0.0,3,31.7,63.4,302,Overcast,0,0,
9206,2021-05-01 00:02:00,40.740128,-73.704414,4,0,Unsafe Speed,4412222,17.3,5.0,0.0,0.0,0.0,0.0,3,31.7,63.4,302,Overcast,4,4,
9207,2021-05-01 02:15:00,40.599705,-73.99016,0,0,Other Vehicular,4412192,17.3,5.0,0.0,0.0,0.0,0.0,3,31.7,63.4,302,Overcast,0,0,
9208,2021-04-30 14:50:00,40.742832,-74.00771,0,0,Traffic Control Disregarded,4412994,19.9,7.6,0.4,0.4,0.0,4.0,51,36.9,82.1,289,Drizzle: Light,0,0,
9209,2021-05-01 15:20:00,40.70303,-73.914055,1,0,Driver Inattention/Distraction,4413024,17.3,5.0,0.0,0.0,0.0,0.0,3,31.7,63.4,302,Overcast,1,1,
9210,2021-05-01 18:46:00,40.747066,-73.97925,1,0,Unsafe Speed,4412211,17.3,5.0,0.0,0.0,0.0,0.0,3,31.7,63.4,302,Overcast,1,1,
9211,2021-05-01 02:00:00,40.646927,-74.00126,0,0,Unspecified,4412193,17.3,5.0,0.0,0.0,0.0,0.0,3,31.7,63.4,302,Overcast,0,0,
9212,2021-04-14 17:16:00,40.790756,-73.95264,0,0,Unspecified,4412917,19.7,5.4,0.0,0.0,0.0,0.0,3,20.8,39.6,227,Overcast,0,0,
9213,2021-05-01 23:03:00,40.726864,-73.97991,1,0,Driver Inattention/Distraction,4412243,17.3,5.0,0.0,0.0,0.0,0.0,3,31.7,63.4,302,Overcast,1,1,
9214,2021-05-01 14:15:00,40.640236,-73.90598,1,0,Failure to Yield Right-of-Way,4412177,17.3,5.0,0.0,0.0,0.0,0.0,3,31.7,63.4,302,Overcast,1,1,
9215,2021-05-01 21:00:00,40.640125,-73.96519,0,0,Driver Inexperience,4412434,17.3,5.0,0.0,0.0,0.0,0.0,3,31.7,63.4,302,Overcast,0,0,
9216,2021-05-01 18:40:00,40.680473,-73.9614,0,0,Alcohol Involvement,4412510,17.3,5.0,0.0,0.0,0.0,0.0,3,31.7,63.4,302,Overcast,0,0,
9217,2021-05-01 16:10:00,40.71406,-73.95292,0,0,Following Too Closely,4412813,17.3,5.0,0.0,0.0,0.0,0.0,3,31.7,63.4,302,Overcast,0,0,
9218,2021-05-01 00:40:00,40.585163,-73.95641,0,0,Unspecified,4412659,17.3,5.0,0.0,0.0,0.0,0.0,3,31.7,63.4,302,Overcast,0,0,
9219,2021-05-01 18:35:00,40.869938,-73.86142,2,0,Driver Inexperience,4412798,17.3,5.0,0.0,0.0,0.0,0.0,3,31.7,63.4,302,Overcast,2,2,
9220,2021-05-01 11:05:00,40.752316,-73.8324,0,0,Turning Improperly,4412187,17.3,5.0,0.0,0.0,0.0,0.0,3,31.7,63.4,302,Overcast,0,0,
9221,2021-05-01 05:30:00,40.659447,-73.9312,0,0,Following Too Closely,4412230,17.3,5.0,0.0,0.0,0.0,0.0,3,31.7,63.4,302,Overcast,0,0,
9222,2021-05-01 13:25:00,40.664356,-73.734535,0,0,Unspecified,4412376,17.3,5.0,0.0,0.0,0.0,0.0,3,31.7,63.4,302,Overcast,0,0,
9223,2021-04-29 10:15:00,40.741077,-74.001564,1,0,Driver Inattention/Distraction,4412985,22.5,12.9,3.8,3.8,0.0,9.0,53,25.6,50.8,199,Drizzle: Moderate,1,1,
9224,2021-05-01 17:22:00,40.657818,-74.004196,0,0,Passing Too Closely,4412632,17.3,5.0,0.0,0.0,0.0,0.0,3,31.7,63.4,302,Overcast,0,0,
9225,2021-05-01 17:55:00,40.799984,-73.944855,0,0,Passing Too Closely,4412865,17.3,5.0,0.0,0.0,0.0,0.0,3,31.7,63.4,302,Overcast,0,0,
9226,2021-04-23 11:11:00,40.778553,-73.9555,0,0,Driver Inattention/Distraction,4412996,15.5,2.0,0.0,0.0,0.0,0.0,3,28.7,57.2,273,Overcast,0,0,
9227,2021-05-01 22:50:00,40.863632,-73.87168,3,0,Driver Inexperience,4412250,17.3,5.0,0.0,0.0,0.0,0.0,3,31.7,63.4,302,Overcast,3,3,
9228,2021-05-01 15:15:00,40.639175,-74.121826,0,0,Driver Inattention/Distraction,4412325,17.3,5.0,0.0,0.0,0.0,0.0,3,31.7,63.4,302,Overcast,0,0,
9229,2021-05-01 00:00:00,40.839638,-73.85814,0,0,Unspecified,4412925,17.3,5.0,0.0,0.0,0.0,0.0,3,31.7,63.4,302,Overcast,0,0,
9230,2021-05-01 15:50:00,40.696198,-73.98869,1,0,Unspecified,4412202,17.3,5.0,0.0,0.0,0.0,0.0,3,31.7,63.4,302,Overcast,1,1,
9231,2021-05-01 14:08:00,40.881504,-73.879364,0,0,Unspecified,4412677,17.3,5.0,0.0,0.0,0.0,0.0,3,31.7,63.4,302,Overcast,0,0,
9232,2021-05-01 23:23:00,40.817024,-73.921394,0,0,Other Vehicular,4412732,17.3,5.0,0.0,0.0,0.0,0.0,3,31.7,63.4,302,Overcast,0,0,
9233,2021-04-30 17:50:00,40.604618,-74.162384,1,0,Driver Inexperience,4412842,19.9,7.6,0.4,0.4,0.0,4.0,51,36.9,82.1,289,Drizzle: Light,1,1,
9234,2021-05-01 13:35:00,40.82686,-73.85886,0,0,Unspecified,4412910,17.3,5.0,0.0,0.0,0.0,0.0,3,31.7,63.4,302,Overcast,0,0,
9235,2021-05-01 16:14:00,40.84764,-73.901,0,0,Other Vehicular,4412403,17.3,5.0,0.0,0.0,0.0,0.0,3,31.7,63.4,302,Overcast,0,0,
9236,2021-04-11 22:20:00,40.632435,-73.88818,2,0,Driver Inattention/Distraction,4412880,14.2,8.5,25.3,25.3,0.0,15.0,63,25.7,48.2,77,Rain: Moderate,2,2,
9237,2021-05-01 12:40:00,40.78762,-73.84877,1,0,Failure to Yield Right-of-Way,4412477,17.3,5.0,0.0,0.0,0.0,0.0,3,31.7,63.4,302,Overcast,1,1,
9238,2021-05-01 18:50:00,40.719933,-73.97876,1,0,Unspecified,4412343,17.3,5.0,0.0,0.0,0.0,0.0,3,31.7,63.4,302,Overcast,1,1,
9239,2021-05-01 11:50:00,0.0,0.0,1,0,Passing or Lane Usage Improper,4412610,17.3,5.0,0.0,0.0,0.0,0.0,3,31.7,63.4,302,Overcast,1,1,
9240,2021-04-23 19:00:00,40.73032,-74.00469,0,0,Passing or Lane Usage Improper,4412969,15.5,2.0,0.0,0.0,0.0,0.0,3,28.7,57.2,273,Overcast,0,0,
9241,2021-05-01 18:58:00,40.685497,-73.91771,0,0,Unspecified,4412262,17.3,5.0,0.0,0.0,0.0,0.0,3,31.7,63.4,302,Overcast,0,0,
9242,2021-04-30 17:40:00,40.796516,-73.93503,1,0,Passing or Lane Usage Improper,4412856,19.9,7.6,0.4,0.4,0.0,4.0,51,36.9,82.1,289,Drizzle: Light,1,1,
9243,2021-05-01 13:30:00,40.74144,-74.00503,0,0,Backing Unsafely,4413011,17.3,5.0,0.0,0.0,0.0,0.0,3,31.7,63.4,302,Overcast,0,0,
9244,2021-05-01 17:23:00,40.878075,-73.83694,0,0,Unspecified,4412566,17.3,5.0,0.0,0.0,0.0,0.0,3,31.7,63.4,302,Overcast,0,0,
9245,2021-05-01 14:25:00,40.86574,-73.84625,0,0,Driver Inattention/Distraction,4412363,17.3,5.0,0.0,0.0,0.0,0.0,3,31.7,63.4,302,Overcast,0,0,
9246,2021-05-01 17:50:00,40.90355,-73.854836,0,0,Turning Improperly,4412568,17.3,5.0,0.0,0.0,0.0,0.0,3,31.7,63.4,302,Overcast,0,0,
9247,2021-05-01 14:00:00,40.624584,-74.07838,1,0,Driver Inattention/Distraction,4412456,17.3,5.0,0.0,0.0,0.0,0.0,3,31.7,63.4,302,Overcast,1,1,
9248,2021-05-01 15:00:00,40.815403,-73.93992,0,0,Driver Inattention/Distraction,4412896,17.3,5.0,0.0,0.0,0.0,0.0,3,31.7,63.4,302,Overcast,0,0,
9249,2021-05-01 02:54:00,40.69764,-73.92932,0,0,Traffic Control Disregarded,4412117,17.3,5.0,0.0,0.0,0.0,0.0,3,31.7,63.4,302,Overcast,0,0,
9250,2021-05-01 18:14:00,40.84962,-73.91938,2,0,Driver Inattention/Distraction,4412935,17.3,5.0,0.0,0.0,0.0,0.0,3,31.7,63.4,302,Overcast,2,2,
9251,2021-05-01 16:29:00,40.74073,-73.981766,0,0,Passing or Lane Usage Improper,4412315,17.3,5.0,0.0,0.0,0.0,0.0,3,31.7,63.4,302,Overcast,0,0,
9252,2021-04-30 09:30:00,40.736958,-74.00651,0,0,,4413009,19.9,7.6,0.4,0.4,0.0,4.0,51,36.9,82.1,289,Drizzle: Light,0,0,
9253,2021-05-01 02:30:00,40.69726,-73.80575,0,0,Unsafe Lane Changing,4412875,17.3,5.0,0.0,0.0,0.0,0.0,3,31.7,63.4,302,Overcast,0,0,
9254,2021-05-01 09:45:00,40.7448,-73.953415,1,0,Driver Inattention/Distraction,4412139,17.3,5.0,0.0,0.0,0.0,0.0,3,31.7,63.4,302,Overcast,1,1,
9255,2021-05-01 21:15:00,40.81914,-73.93719,0,0,Other Vehicular,4412904,17.3,5.0,0.0,0.0,0.0,0.0,3,31.7,63.4,302,Overcast,0,0,
9256,2021-05-01 11:00:00,40.66423,-73.919106,1,0,Driver Inattention/Distraction,4412261,17.3,5.0,0.0,0.0,0.0,0.0,3,31.7,63.4,302,Overcast,1,1,
9257,2021-05-01 22:55:00,40.63555,-73.97803,1,0,Driver Inattention/Distraction,4412953,17.3,5.0,0.0,0.0,0.0,0.0,3,31.7,63.4,302,Overcast,1,1,
9258,2021-05-01 00:00:00,40.731163,-73.99193,1,0,Driver Inattention/Distraction,4412352,17.3,5.0,0.0,0.0,0.0,0.0,3,31.7,63.4,302,Overcast,1,1,
9259,2021-05-01 20:40:00,40.69177,-73.824524,2,0,Traffic Control Disregarded,4412823,17.3,5.0,0.0,0.0,0.0,0.0,3,31.7,63.4,302,Overcast,2,2,
9260,2021-05-01 14:30:00,40.606457,-74.16699,0,0,Fell Asleep,4412855,17.3,5.0,0.0,0.0,0.0,0.0,3,31.7,63.4,302,Overcast,0,0,
9261,2021-05-01 16:30:00,40.846527,-73.828735,0,0,Unspecified,4412396,17.3,5.0,0.0,0.0,0.0,0.0,3,31.7,63.4,302,Overcast,0,0,
9262,2021-04-30 23:34:00,40.696983,-73.935234,1,0,Unspecified,4413027,19.9,7.6,0.4,0.4,0.0,4.0,51,36.9,82.1,289,Drizzle: Light,1,1,
9263,2021-05-01 15:20:00,40.606384,-74.00121,0,0,Unspecified,4412201,17.3,5.0,0.0,0.0,0.0,0.0,3,31.7,63.4,302,Overcast,0,0,
9264,2021-04-27 09:00:00,40.658,-73.935905,1,0,Driver Inattention/Distraction,4412924,14.8,4.2,0.0,0.0,0.0,0.0,3,15.3,34.2,164,Overcast,1,1,
9265,2023-04-21 09:50:00,40.841797,-73.85903,0,0,Unspecified,4624509,19.8,7.7,0.0,0.0,0.0,0.0,3,21.0,41.8,106,Overcast,0,0,
9266,2021-05-01 16:18:00,40.70198,-73.74105,0,0,Traffic Control Disregarded,4412214,17.3,5.0,0.0,0.0,0.0,0.0,3,31.7,63.4,302,Overcast,0,0,
9267,2021-05-01 10:00:00,40.677334,-73.82548,0,0,Driver Inattention/Distraction,4412667,17.3,5.0,0.0,0.0,0.0,0.0,3,31.7,63.4,302,Overcast,0,0,
9268,2021-05-01 20:59:00,40.833286,-73.914085,2,0,Traffic Control Disregarded,4412305,17.3,5.0,0.0,0.0,0.0,0.0,3,31.7,63.4,302,Overcast,2,2,
9269,2021-05-01 22:30:00,40.896084,-73.873184,0,0,Unspecified,4412802,17.3,5.0,0.0,0.0,0.0,0.0,3,31.7,63.4,302,Overcast,0,0,
9270,2021-04-30 11:46:00,40.719967,-73.95545,0,0,Driver Inattention/Distraction,4412963,19.9,7.6,0.4,0.4,0.0,4.0,51,36.9,82.1,289,Drizzle: Light,0,0,
9271,2021-05-01 13:14:00,40.759678,-73.83236,0,0,Passing or Lane Usage Improper,4412188,17.3,5.0,0.0,0.0,0.0,0.0,3,31.7,63.4,302,Overcast,0,0,
9272,2021-05-01 09:05:00,40.660435,-73.94542,0,0,Driver Inattention/Distraction,4412577,17.3,5.0,0.0,0.0,0.0,0.0,3,31.7,63.4,302,Overcast,0,0,
9273,2021-05-01 11:39:00,40.588028,-73.94926,0,0,Unspecified,4412678,17.3,5.0,0.0,0.0,0.0,0.0,3,31.7,63.4,302,Overcast,0,0,
9274,2021-05-01 19:18:00,40.683723,-73.96797,1,0,Driver Inattention/Distraction,4412207,17.3,5.0,0.0,0.0,0.0,0.0,3,31.7,63.4,302,Overcast,1,1,
9275,2021-05-01 15:00:00,40.711033,-73.7281,1,0,Following Too Closely,4412373,17.3,5.0,0.0,0.0,0.0,0.0,3,31.7,63.4,302,Overcast,1,1,
9276,2021-05-01 22:20:00,40.538067,-74.1496,0,0,Driver Inattention/Distraction,4412866,17.3,5.0,0.0,0.0,0.0,0.0,3,31.7,63.4,302,Overcast,0,0,
9277,2021-04-30 22:00:00,40.83489,-73.8663,0,0,Unspecified,4412909,19.9,7.6,0.4,0.4,0.0,4.0,51,36.9,82.1,289,Drizzle: Light,0,0,
9278,2021-04-29 16:47:00,40.704082,-73.81641,1,0,Driver Inattention/Distraction,4412815,22.5,12.9,3.8,3.8,0.0,9.0,53,25.6,50.8,199,Drizzle: Moderate,1,1,
9279,2021-05-01 03:00:00,40.75644,-73.94356,0,0,Unspecified,4412390,17.3,5.0,0.0,0.0,0.0,0.0,3,31.7,63.4,302,Overcast,0,0,
9280,2021-04-16 17:30:00,40.85162,-73.82653,0,0,Unspecified,4412989,11.8,3.7,2.9,2.9,0.0,12.0,53,23.5,49.0,307,Drizzle: Moderate,0,0,
9281,2021-05-01 10:12:00,40.797527,-73.933014,0,0,Backing Unsafely,4412860,17.3,5.0,0.0,0.0,0.0,0.0,3,31.7,63.4,302,Overcast,0,0,
9282,2021-05-01 06:05:00,40.674206,-73.85649,0,0,Unsafe Speed,4412657,17.3,5.0,0.0,0.0,0.0,0.0,3,31.7,63.4,302,Overcast,0,0,