,CRASH DATETIME,LATITUDE,LONGITUDE,NUMBER OF PERSONS INJURED,NUMBER OF PERSONS KILLED,CONTRIBUTING FACTOR VEHICLE 1,COLLISION_ID,temperature_2m_max,temperature_2m_min,precipitation_sum,rain_sum,snowfall_sum,precipitation_hours,weather_code,wind_speed_10m_max,wind_gusts_10m_max,wind_direction_10m_dominant,Weather Description,Severity_Score,Total_Affected_Persons,Weather_Category
9283,2021-05-01 11:20:00,40.667847,-73.77612,1,0,Passing or Lane Usage Improper,4412151,17.3,5.0,0.0,0.0,0.0,0.0,3,31.7,63.4,302,Overcast,1,1,
9284,2021-05-01 19:00:00,40.87294,-73.84465,0,0,Unsafe Speed,4412797,17.3,5.0,0.0,0.0,0.0,0.0,3,31.7,63.4,302,Overcast,0,0,
9285,2021-05-01 00:52:00,40.636803,-74.15366,1,0,Unsafe Speed,4412245,17.3,5.0,0.0,0.0,0.0,0.0,3,31.7,63.4,302,Overcast,1,1,
9286,2021-05-01 15:56:00,40.600544,-73.94076,1,0,Alcohol Involvement,4412692,17.3,5.0,0.0,0.0,0.0,0.0,3,31.7,63.4,302,Overcast,1,1,
9287,2021-05-01 22:30:00,40.847248,-73.93687,0,0,Driver Inattention/Distraction,4412593,17.3,5.0,0.0,0.0,0.0,0.0,3,31.7,63.4,302,Overcast,0,0,
9288,2021-05-01 14:13:00,40.7448,-73.953415,0,0,Unspecified,4412421,17.3,5.0,0.0,0.0,0.0,0.0,3,31.7,63.4,302,Overcast,0,0,
9289,2021-05-01 14:50:00,40.814598,-73.86463,1,0,,4412916,17.3,5.0,0.0,0.0,0.0,0.0,3,31.7,63.4,302,Overcast,1,1,
9290,2021-05-01 22:30:00,40.705284,-73.90636,0,0,Driver Inattention/Distraction,4412487,17.3,5.0,0.0,0.0,0.0,0.0,3,31.7,63.4,302,Overcast,0,0,
9291,2021-05-01 13:20:00,40.551857,-74.135284,1,0,Failure to Yield Right-of-Way,4412861,17.3,5.0,0.0,0.0,0.0,0.0,3,31.7,63.4,302,Overcast,1,1,
9292,2021-05-01 13:02:00,40.620686,-74.11002,1,0,Driver Inattention/Distraction,4412324,17.3,5.0,0.0,0.0,0.0,0.0,3,31.7,63.4,302,Overcast,1,1,
9293,2021-05-01 17:40:00,40.860176,-73.891754,0,0,Failure to Yield Right-of-Way,4412810,17.3,5.0,0.0,0.0,0.0,0.0,3,31.7,63.4,302,Overcast,0,0,
9294,2021-04-30 15:30:00,40.70984,-73.78907,1,0,Unsafe Speed,4412843,19.9,7.6,0.4,0.4,0.0,4.0,51,36.9,82.1,289,Drizzle: Light,1,1,
9295,2021-05-01 15:00:00,40.681923,-73.831924,0,0,Passing or Lane Usage Improper,4412710,17.3,5.0,0.0,0.0,0.0,0.0,3,31.7,63.4,302,Overcast,0,0,
9296,2021-05-01 01:50:00,40.758892,-73.86681,0,0,Other Vehicular,4412170,17.3,5.0,0.0,0.0,0.0,0.0,3,31.7,63.4,302,Overcast,0,0,
9297,2021-05-01 04:19:00,40.69129,-73.925934,0,0,Passing Too Closely,4412558,17.3,5.0,0.0,0.0,0.0,0.0,3,31.7,63.4,302,Overcast,0,0,
9298,2021-05-01 00:20:00,40.67452,-73.736084,0,0,Failure to Yield Right-of-Way,4412220,17.3,5.0,0.0,0.0,0.0,0.0,3,31.7,63.4,302,Overcast,0,0,
9299,2021-05-01 18:34:00,40.87144,-73.867165,0,0,Driver Inexperience,4412570,17.3,5.0,0.0,0.0,0.0,0.0,3,31.7,63.4,302,Overcast,0,0,
9300,2021-05-01 17:40:00,40.748154,-73.85403,0,0,Unspecified,4412543,17.3,5.0,0.0,0.0,0.0,0.0,3,31.7,63.4,302,Overcast,0,0,
9301,2021-05-01 18:00:00,40.693863,-73.80069,0,0,Unspecified,4412879,17.3,5.0,0.0,0.0,0.0,0.0,3,31.7,63.4,302,Overcast,0,0,
9302,2021-05-01 17:28:00,40.837894,-73.88138,0,0,Driver Inattention/Distraction,4412402,17.3,5.0,0.0,0.0,0.0,0.0,3,31.7,63.4,302,Overcast,0,0,
9303,2021-04-30 08:58:00,40.827595,-73.85004,0,0,Unsafe Lane Changing,4412900,19.9,7.6,0.4,0.4,0.0,4.0,51,36.9,82.1,289,Drizzle: Light,0,0,
9304,2021-05-01 00:46:00,40.86159,-73.91295,2,0,Unsafe Speed,4412127,17.3,5.0,0.0,0.0,0.0,0.0,3,31.7,63.4,302,Overcast,2,2,
9305,2021-05-01 03:35:00,40.72593,-73.99466,0,0,Traffic Control Disregarded,4412936,17.3,5.0,0.0,0.0,0.0,0.0,3,31.7,63.4,302,Overcast,0,0,
9306,2021-04-30 14:32:00,40.626278,-74.15202,0,0,Reaction to Uninvolved Vehicle,4412835,19.9,7.6,0.4,0.4,0.0,4.0,51,36.9,82.1,289,Drizzle: Light,0,0,
9307,2021-04-29 19:23:00,40.727486,-73.94482,0,0,Driver Inattention/Distraction,4413097,22.5,12.9,3.8,3.8,0.0,9.0,53,25.6,50.8,199,Drizzle: Moderate,0,0,
9308,2021-04-30 15:10:00,40.68877,-73.96088,1,0,Unspecified,4413020,19.9,7.6,0.4,0.4,0.0,4.0,51,36.9,82.1,289,Drizzle: Light,1,1,
9309,2021-05-01 09:50:00,40.60247,-73.94425,0,0,Unspecified,4412685,17.3,5.0,0.0,0.0,0.0,0.0,3,31.7,63.4,302,Overcast,0,0,
9310,2021-05-01 15:00:00,40.67448,-74.00202,0,0,Glare,4412206,17.3,5.0,0.0,0.0,0.0,0.0,3,31.7,63.4,302,Overcast,0,0,
9311,2021-05-01 11:15:00,40.745308,-73.90753,0,0,Unspecified,4412208,17.3,5.0,0.0,0.0,0.0,0.0,3,31.7,63.4,302,Overcast,0,0,
9312,2021-05-01 20:40:00,40.812077,-73.88681,0,0,Unspecified,4412611,17.3,5.0,0.0,0.0,0.0,0.0,3,31.7,63.4,302,Overcast,0,0,
9313,2021-05-01 07:30:00,40.8518,-73.909225,2,0,Unspecified,4412932,17.3,5.0,0.0,0.0,0.0,0.0,3,31.7,63.4,302,Overcast,2,2,
9314,2021-05-01 17:59:00,40.652973,-73.94401,0,0,Unspecified,4412227,17.3,5.0,0.0,0.0,0.0,0.0,3,31.7,63.4,302,Overcast,0,0,
9315,2021-05-01 12:45:00,40.675312,-73.84331,0,0,Turning Improperly,4412668,17.3,5.0,0.0,0.0,0.0,0.0,3,31.7,63.4,302,Overcast,0,0,
9316,2021-04-30 00:00:00,40.853813,-73.90734,1,0,Failure to Yield Right-of-Way,4412968,19.9,7.6,0.4,0.4,0.0,4.0,51,36.9,82.1,289,Drizzle: Light,1,1,
9317,2023-01-17 09:00:00,40.868385,-73.84825,0,0,Following Too Closely,4598493,7.1,-2.3,0.9,0.9,0.0,2.0,53,13.2,24.5,254,Drizzle: Moderate,0,0,
9318,2021-05-01 03:00:00,40.850616,-73.831184,0,0,Unspecified,4412288,17.3,5.0,0.0,0.0,0.0,0.0,3,31.7,63.4,302,Overcast,0,0,
9319,2021-05-01 16:30:00,40.71755,-74.01367,0,0,Driver Inattention/Distraction,4412740,17.3,5.0,0.0,0.0,0.0,0.0,3,31.7,63.4,302,Overcast,0,0,
9320,2021-04-08 18:00:00,40.663017,-73.94003,1,0,Following Too Closely,4413014,18.2,5.5,0.0,0.0,0.0,0.0,3,18.0,35.3,173,Overcast,1,1,
9321,2021-05-01 00:50:00,40.78223,-73.77119,1,0,Unsafe Speed,4412180,17.3,5.0,0.0,0.0,0.0,0.0,3,31.7,63.4,302,Overcast,1,1,
9322,2021-05-01 23:45:00,40.811428,-73.90091,1,0,Unspecified,4412616,17.3,5.0,0.0,0.0,0.0,0.0,3,31.7,63.4,302,Overcast,1,1,
9323,2021-05-01 15:50:00,40.817257,-73.91723,0,0,Unspecified,4412720,17.3,5.0,0.0,0.0,0.0,0.0,3,31.7,63.4,302,Overcast,0,0,
9324,2021-05-01 13:30:00,40.90362,-73.85068,0,0,Turning Improperly,4412801,17.3,5.0,0.0,0.0,0.0,0.0,3,31.7,63.4,302,Overcast,0,0,
9325,2021-05-01 15:15:00,40.771038,-73.83413,1,0,Following Too Closely,4412189,17.3,5.0,0.0,0.0,0.0,0.0,3,31.7,63.4,302,Overcast,1,1,
9326,2021-05-01 06:45:00,40.72558,-73.75262,2,0,Glare,4412224,17.3,5.0,0.0,0.0,0.0,0.0,3,31.7,63.4,302,Overcast,2,2,
9327,2021-04-30 14:00:00,40.758915,-73.9997,0,0,Obstruction/Debris,4412990,19.9,7.6,0.4,0.4,0.0,4.0,51,36.9,82.1,289,Drizzle: Light,0,0,
9328,2021-04-23 00:00:00,40.72118,-73.95866,0,0,Unspecified,4413003,15.5,2.0,0.0,0.0,0.0,0.0,3,28.7,57.2,273,Overcast,0,0,
9329,2021-05-01 16:20:00,40.74777,-73.815994,0,0,Pedestrian/Bicyclist/Other Pedestrian Error/Confusion,4412253,17.3,5.0,0.0,0.0,0.0,0.0,3,31.7,63.4,302,Overcast,0,0,
9330,2021-05-01 15:45:00,40.88518,-73.91398,0,0,Driver Inexperience,4412459,17.3,5.0,0.0,0.0,0.0,0.0,3,31.7,63.4,302,Overcast,0,0,
9331,2021-04-30 14:30:00,40.639854,-74.0122,0,0,Unspecified,4412972,19.9,7.6,0.4,0.4,0.0,4.0,51,36.9,82.1,289,Drizzle: Light,0,0,
9332,2021-04-30 16:20:00,40.7192,-73.759224,0,0,Traffic Control Disregarded,4412833,19.9,7.6,0.4,0.4,0.0,4.0,51,36.9,82.1,289,Drizzle: Light,0,0,
9333,2021-05-01 23:05:00,40.821575,-73.87077,1,0,Alcohol Involvement,4412923,17.3,5.0,0.0,0.0,0.0,0.0,3,31.7,63.4,302,Overcast,1,1,
9334,2021-05-01 15:45:00,40.630814,-74.02508,0,0,Unspecified,4412200,17.3,5.0,0.0,0.0,0.0,0.0,3,31.7,63.4,302,Overcast,0,0,
9335,2021-05-01 01:54:00,40.615517,-73.96052,0,0,Traffic Control Disregarded,4412306,17.3,5.0,0.0,0.0,0.0,0.0,3,31.7,63.4,302,Overcast,0,0,
9336,2021-05-01 11:37:00,40.690357,-73.989746,0,0,Turning Improperly,4412164,17.3,5.0,0.0,0.0,0.0,0.0,3,31.7,63.4,302,Overcast,0,0,
9337,2021-05-01 17:08:00,40.756134,-73.74047,1,0,Driver Inattention/Distraction,4412246,17.3,5.0,0.0,0.0,0.0,0.0,3,31.7,63.4,302,Overcast,1,1,
9338,2021-04-22 14:00:00,40.671803,-73.96336,1,0,Backing Unsafely,4413103,7.9,1.3,0.0,0.0,0.0,0.0,3,34.0,64.4,289,Overcast,1,1,
9339,2021-05-01 13:30:00,40.847897,-73.94523,0,0,Driver Inattention/Distraction,4412600,17.3,5.0,0.0,0.0,0.0,0.0,3,31.7,63.4,302,Overcast,0,0,
9340,2021-05-01 15:49:00,40.661377,-73.92574,0,0,Unspecified,4412240,17.3,5.0,0.0,0.0,0.0,0.0,3,31.7,63.4,302,Overcast,0,0,
9341,2021-04-29 11:46:00,40.824184,-73.937225,0,0,Driver Inattention/Distraction,4412878,22.5,12.9,3.8,3.8,0.0,9.0,53,25.6,50.8,199,Drizzle: Moderate,0,0,
9342,2021-05-01 09:15:00,40.710876,-74.01439,3,0,Unsafe Speed,4412757,17.3,5.0,0.0,0.0,0.0,0.0,3,31.7,63.4,302,Overcast,3,3,
9343,2021-05-01 08:30:00,40.72197,-73.97568,1,0,Unsafe Speed,4412354,17.3,5.0,0.0,0.0,0.0,0.0,3,31.7,63.4,302,Overcast,1,1,
9344,2021-05-01 23:47:00,40.86804,-73.879105,1,0,Driver Inattention/Distraction,4412661,17.3,5.0,0.0,0.0,0.0,0.0,3,31.7,63.4,302,Overcast,1,1,
9345,2021-05-01 06:40:00,40.89466,-73.86137,9,0,Unsafe Speed,4412795,17.3,5.0,0.0,0.0,0.0,0.0,3,31.7,63.4,302,Overcast,9,9,
9346,2021-05-01 17:00:00,40.665775,-73.85415,0,0,Driver Inattention/Distraction,4412698,17.3,5.0,0.0,0.0,0.0,0.0,3,31.7,63.4,302,Overcast,0,0,
9347,2021-05-01 05:27:00,40.875122,-73.905174,4,0,Obstruction/Debris,4412446,17.3,5.0,0.0,0.0,0.0,0.0,3,31.7,63.4,302,Overcast,4,4,
9348,2021-05-01 02:30:00,40.808956,-73.94041,0,0,Alcohol Involvement,4412854,17.3,5.0,0.0,0.0,0.0,0.0,3,31.7,63.4,302,Overcast,0,0,
9349,2021-05-01 19:30:00,40.67711,-73.78129,0,0,Following Too Closely,4412962,17.3,5.0,0.0,0.0,0.0,0.0,3,31.7,63.4,302,Overcast,0,0,
9350,2021-05-01 23:34:00,40.85535,-73.91836,2,0,Unspecified,4412868,17.3,5.0,0.0,0.0,0.0,0.0,3,31.7,63.4,302,Overcast,2,2,
9351,2021-05-01 16:40:00,40.626663,-74.07565,0,0,Driver Inattention/Distraction,4412317,17.3,5.0,0.0,0.0,0.0,0.0,3,31.7,63.4,302,Overcast,0,0,
9352,2021-05-01 09:00:00,40.753788,-73.744286,0,0,Following Too Closely,4412147,17.3,5.0,0.0,0.0,0.0,0.0,3,31.7,63.4,302,Overcast,0,0,
9353,2021-04-30 09:28:00,40.823082,-73.86722,0,0,Other Vehicular,4412901,19.9,7.6,0.4,0.4,0.0,4.0,51,36.9,82.1,289,Drizzle: Light,0,0,
9354,2021-04-28 17:00:00,40.678543,-73.96855,1,0,Unspecified,4413130,26.1,7.9,0.0,0.0,0.0,0.0,3,15.3,34.6,133,Overcast,1,1,
9355,2021-05-01 21:03:00,40.691452,-73.733955,2,0,Unspecified,4412215,17.3,5.0,0.0,0.0,0.0,0.0,3,31.7,63.4,302,Overcast,2,2,
9356,2021-05-01 20:37:00,40.853443,-73.856094,0,0,Other Vehicular,4412391,17.3,5.0,0.0,0.0,0.0,0.0,3,31.7,63.4,302,Overcast,0,0,
9357,2021-05-01 14:28:00,40.681503,-73.904106,1,0,Failure to Yield Right-of-Way,4413029,17.3,5.0,0.0,0.0,0.0,0.0,3,31.7,63.4,302,Overcast,1,1,
9358,2021-04-27 05:00:00,40.729134,-73.931015,0,0,Following Too Closely,4412956,14.8,4.2,0.0,0.0,0.0,0.0,3,15.3,34.2,164,Overcast,0,0,
9359,2021-05-01 18:04:00,40.70412,-73.85405,1,0,Following Too Closely,4412839,17.3,5.0,0.0,0.0,0.0,0.0,3,31.7,63.4,302,Overcast,1,1,
9360,2021-05-01 22:20:00,40.854923,-73.82636,0,0,Driver Inattention/Distraction,4412397,17.3,5.0,0.0,0.0,0.0,0.0,3,31.7,63.4,302,Overcast,0,0,
9361,2021-09-18 19:13:00,40.68419,-73.8703,0,0,Driver Inattention/Distraction,4458486,27.1,19.2,0.2,0.2,0.0,2.0,51,14.6,25.9,349,Drizzle: Light,0,0,
9362,2021-09-18 23:10:00,40.82017,-73.91591,1,0,Driver Inattention/Distraction,4458962,27.1,19.2,0.2,0.2,0.0,2.0,51,14.6,25.9,349,Drizzle: Light,1,1,
9363,2021-04-30 04:00:00,40.583042,-74.096176,0,0,Passing or Lane Usage Improper,4412844,19.9,7.6,0.4,0.4,0.0,4.0,51,36.9,82.1,289,Drizzle: Light,0,0,
9364,2021-05-01 21:55:00,40.838844,-73.83588,1,0,Unspecified,4412294,17.3,5.0,0.0,0.0,0.0,0.0,3,31.7,63.4,302,Overcast,1,1,
9365,2021-05-01 23:00:00,40.708935,-73.77721,1,0,Driver Inattention/Distraction,4412882,17.3,5.0,0.0,0.0,0.0,0.0,3,31.7,63.4,302,Overcast,1,1,
9366,2021-04-30 17:13:00,40.815304,-73.94371,0,0,Other Vehicular,4412908,19.9,7.6,0.4,0.4,0.0,4.0,51,36.9,82.1,289,Drizzle: Light,0,0,
9367,2021-05-01 16:26:00,40.724014,-73.95562,0,0,Passing Too Closely,4412656,17.3,5.0,0.0,0.0,0.0,0.0,3,31.7,63.4,302,Overcast,0,0,
9368,2021-05-01 16:35:00,40.699512,-73.81461,2,0,Reaction to Uninvolved Vehicle,4412817,17.3,5.0,0.0,0.0,0.0,0.0,3,31.7,63.4,302,Overcast,2,2,
9369,2021-05-01 22:55:00,40.747334,-73.955055,0,0,Driver Inattention/Distraction,4412420,17.3,5.0,0.0,0.0,0.0,0.0,3,31.7,63.4,302,Overcast,0,0,
9370,2021-05-01 17:17:00,40.640995,-73.9693,1,0,Unspecified,4412372,17.3,5.0,0.0,0.0,0.0,0.0,3,31.7,63.4,302,Overcast,1,1,
9371,2021-05-01 23:00:00,40.892513,-73.84543,1,0,Unsafe Speed,4412563,17.3,5.0,0.0,0.0,0.0,0.0,3,31.7,63.4,302,Overcast,1,1,
9372,2021-04-29 01:27:00,40.846237,-73.91818,1,0,Unspecified,4412966,22.5,12.9,3.8,3.8,0.0,9.0,53,25.6,50.8,199,Drizzle: Moderate,1,1,
9373,2021-05-01 09:45:00,40.802753,-73.93358,0,0,Following Too Closely,4412859,17.3,5.0,0.0,0.0,0.0,0.0,3,31.7,63.4,302,Overcast,0,0,
9374,2021-04-21 18:00:00,40.69382,-73.72694,0,0,Unspecified,4413039,18.2,3.7,3.7,3.7,0.0,3.0,63,29.9,59.0,256,Rain: Moderate,0,0,
9375,2021-05-01 00:55:00,40.68549,-73.924255,0,0,Unspecified,4412572,17.3,5.0,0.0,0.0,0.0,0.0,3,31.7,63.4,302,Overcast,0,0,
9376,2021-04-29 17:05:00,40.747375,-73.88648,1,0,Backing Unsafely,4413022,22.5,12.9,3.8,3.8,0.0,9.0,53,25.6,50.8,199,Drizzle: Moderate,1,1,
9377,2021-04-30 00:09:00,40.61021,-74.13326,1,0,Driver Inattention/Distraction,4412862,19.9,7.6,0.4,0.4,0.0,4.0,51,36.9,82.1,289,Drizzle: Light,1,1,
9378,2021-05-01 04:00:00,40.838238,-73.876686,0,0,Unspecified,4412134,17.3,5.0,0.0,0.0,0.0,0.0,3,31.7,63.4,302,Overcast,0,0,
9379,2021-05-01 13:30:00,40.7963,-73.93829,0,0,Passing or Lane Usage Improper,4412937,17.3,5.0,0.0,0.0,0.0,0.0,3,31.7,63.4,302,Overcast,0,0,
9380,2021-04-29 08:40:00,40.834423,-73.879265,1,0,Failure to Yield Right-of-Way,4412893,22.5,12.9,3.8,3.8,0.0,9.0,53,25.6,50.8,199,Drizzle: Moderate,1,1,
9381,2021-05-01 16:30:00,40.824707,-73.91552,1,0,Pedestrian/Bicyclist/Other Pedestrian Error/Confusion,4412334,17.3,5.0,0.0,0.0,0.0,0.0,3,31.7,63.4,302,Overcast,1,1,
9382,2021-05-01 16:50:00,40.665997,-73.81648,2,0,Other Vehicular,4412686,17.3,5.0,0.0,0.0,0.0,0.0,3,31.7,63.4,302,Overcast,2,2,
9383,2021-05-01 16:40:00,40.7493,-73.89758,1,0,Driver Inattention/Distraction,4412209,17.3,5.0,0.0,0.0,0.0,0.0,3,31.7,63.4,302,Overcast,1,1,
9384,2021-05-01 18:37:00,40.590187,-73.95383,0,0,Driver Inattention/Distraction,4412669,17.3,5.0,0.0,0.0,0.0,0.0,3,31.7,63.4,302,Overcast,0,0,
9385,2021-04-28 22:30:00,40.79162,-73.94885,0,0,Unspecified,4412913,26.1,7.9,0.0,0.0,0.0,0.0,3,15.3,34.6,133,Overcast,0,0,
9386,2021-05-01 21:25:00,40.575615,-74.16678,1,0,Unsafe Speed,4412840,17.3,5.0,0.0,0.0,0.0,0.0,3,31.7,63.4,302,Overcast,1,1,
9387,2021-05-01 17:50:00,40.720936,-73.993805,1,0,Driver Inattention/Distraction,4412445,17.3,5.0,0.0,0.0,0.0,0.0,3,31.7,63.4,302,Overcast,1,1,
9388,2021-05-01 15:30:00,40.68843,-73.89132,0,0,Failure to Yield Right-of-Way,4412486,17.3,5.0,0.0,0.0,0.0,0.0,3,31.7,63.4,302,Overcast,0,0,
9389,2021-05-01 22:55:00,40.71175,-73.9558,0,0,Driver Inattention/Distraction,4412811,17.3,5.0,0.0,0.0,0.0,0.0,3,31.7,63.4,302,Overcast,0,0,
9390,2021-05-01 15:15:00,40.843903,-73.9427,0,0,Unspecified,4412601,17.3,5.0,0.0,0.0,0.0,0.0,3,31.7,63.4,302,Overcast,0,0,
9391,2021-05-01 04:40:00,40.644753,-73.92493,2,0,Unspecified,4412239,17.3,5.0,0.0,0.0,0.0,0.0,3,31.7,63.4,302,Overcast,2,2,
9392,2021-05-01 22:30:00,40.678257,-74.002235,2,0,Unspecified,4412274,17.3,5.0,0.0,0.0,0.0,0.0,3,31.7,63.4,302,Overcast,2,2,
9393,2021-05-01 13:54:00,40.7613,-73.999435,0,0,Passing Too Closely,4413013,17.3,5.0,0.0,0.0,0.0,0.0,3,31.7,63.4,302,Overcast,0,0,
9394,2021-05-01 10:50:00,40.788895,-73.81869,0,0,Following Too Closely,4412182,17.3,5.0,0.0,0.0,0.0,0.0,3,31.7,63.4,302,Overcast,0,0,
9395,2021-04-24 11:00:00,40.73284,-73.883835,0,0,Unspecified,4412975,19.7,6.0,0.0,0.0,0.0,0.0,3,26.7,49.3,232,Overcast,0,0,
9396,2021-05-01 14:00:00,40.758705,-73.93793,0,0,Driver Inattention/Distraction,4412388,17.3,5.0,0.0,0.0,0.0,0.0,3,31.7,63.4,302,Overcast,0,0,
9397,2021-04-30 18:20:00,40.868805,-73.89055,0,0,Unspecified,4412930,19.9,7.6,0.4,0.4,0.0,4.0,51,36.9,82.1,289,Drizzle: Light,0,0,
9398,2021-05-01 04:30:00,40.666286,-73.95084,1,0,Driver Inattention/Distraction,4413080,17.3,5.0,0.0,0.0,0.0,0.0,3,31.7,63.4,302,Overcast,1,1,
9399,2021-05-01 17:50:00,40.644753,-73.92493,2,0,Driver Inattention/Distraction,4412241,17.3,5.0,0.0,0.0,0.0,0.0,3,31.7,63.4,302,Overcast,2,2,
9400,2021-05-01 22:24:00,40.689827,-73.75728,1,0,Failure to Yield Right-of-Way,4412295,17.3,5.0,0.0,0.0,0.0,0.0,3,31.7,63.4,302,Overcast,1,1,
9401,2021-04-30 03:18:00,40.707466,-73.7887,0,0,Unsafe Speed,4412818,19.9,7.6,0.4,0.4,0.0,4.0,51,36.9,82.1,289,Drizzle: Light,0,0,
9402,2021-05-01 17:53:00,40.60567,-74.030945,2,0,Driver Inattention/Distraction,4412721,17.3,5.0,0.0,0.0,0.0,0.0,3,31.7,63.4,302,Overcast,2,2,
9403,2021-05-01 15:30:00,40.78722,-73.96793,0,0,Following Too Closely,4412179,17.3,5.0,0.0,0.0,0.0,0.0,3,31.7,63.4,302,Overcast,0,0,
9404,2021-05-01 23:45:00,40.74255,-73.93116,0,0,Driver Inattention/Distraction,4412539,17.3,5.0,0.0,0.0,0.0,0.0,3,31.7,63.4,302,Overcast,0,0,
9405,2021-05-01 12:00:00,40.61927,-73.99203,2,0,Driver Inexperience,4412205,17.3,5.0,0.0,0.0,0.0,0.0,3,31.7,63.4,302,Overcast,2,2,
9406,2021-05-01 13:30:00,40.71568,-73.94061,0,0,Passing Too Closely,4412654,17.3,5.0,0.0,0.0,0.0,0.0,3,31.7,63.4,302,Overcast,0,0,
9407,2021-05-01 07:10:00,40.69365,-73.98333,0,0,Following Too Closely,4412163,17.3,5.0,0.0,0.0,0.0,0.0,3,31.7,63.4,302,Overcast,0,0,
9408,2021-05-01 22:38:00,40.610947,-73.953606,1,0,Failure to Yield Right-of-Way,4412307,17.3,5.0,0.0,0.0,0.0,0.0,3,31.7,63.4,302,Overcast,1,1,
9409,2021-05-01 09:00:00,40.66848,-73.81088,0,0,Unsafe Speed,4412717,17.3,5.0,0.0,0.0,0.0,0.0,3,31.7,63.4,302,Overcast,0,0,
9410,2021-09-14 16:00:00,40.736988,-73.8646,0,0,Driver Inattention/Distraction,4459022,26.0,19.0,0.2,0.2,0.0,1.0,51,18.0,35.6,138,Drizzle: Light,0,0,
9411,2021-05-01 08:39:00,40.83923,-73.94555,0,0,Alcohol Involvement,4412599,17.3,5.0,0.0,0.0,0.0,0.0,3,31.7,63.4,302,Overcast,0,0,
9412,2021-05-01 13:20:00,40.7185,-73.73531,1,0,Failure to Yield Right-of-Way,4412223,17.3,5.0,0.0,0.0,0.0,0.0,3,31.7,63.4,302,Overcast,1,1,
9413,2021-04-26 12:17:00,40.809227,-73.94891,0,0,Driver Inattention/Distraction,4412906,13.7,3.7,0.0,0.0,0.0,0.0,2,27.3,52.6,311,Partly cloudy,0,0,
9414,2021-04-30 22:45:00,40.711823,-73.78786,0,0,Driver Inexperience,4412871,19.9,7.6,0.4,0.4,0.0,4.0,51,36.9,82.1,289,Drizzle: Light,0,0,
9415,2021-05-01 17:00:00,40.753056,-73.921455,1,0,Backing Unsafely,4412392,17.3,5.0,0.0,0.0,0.0,0.0,3,31.7,63.4,302,Overcast,1,1,
9416,2021-05-01 00:00:00,40.727493,-73.993484,0,0,Unsafe Speed,4412356,17.3,5.0,0.0,0.0,0.0,0.0,3,31.7,63.4,302,Overcast,0,0,
9417,2021-05-01 01:00:00,40.747375,-73.88648,0,0,Driver Inexperience,4412832,17.3,5.0,0.0,0.0,0.0,0.0,3,31.7,63.4,302,Overcast,0,0,
9418,2021-05-01 13:30:00,40.836617,-73.87377,0,0,Other Vehicular,4412401,17.3,5.0,0.0,0.0,0.0,0.0,3,31.7,63.4,302,Overcast,0,0,
9419,2021-05-01 14:40:00,40.665794,-73.97752,0,0,Passing Too Closely,4413132,17.3,5.0,0.0,0.0,0.0,0.0,3,31.7,63.4,302,Overcast,0,0,
9420,2021-05-01 20:11:00,40.740517,-73.89236,0,0,Driver Inattention/Distraction,4412217,17.3,5.0,0.0,0.0,0.0,0.0,3,31.7,63.4,302,Overcast,0,0,
9421,2021-05-01 08:15:00,40.640064,-74.01557,0,0,Unspecified,4412195,17.3,5.0,0.0,0.0,0.0,0.0,3,31.7,63.4,302,Overcast,0,0,
9422,2021-04-28 21:30:00,40.80777,-73.94549,1,0,Unspecified,4412922,26.1,7.9,0.0,0.0,0.0,0.0,3,15.3,34.6,133,Overcast,1,1,
9423,2021-05-01 17:30:00,40.67922,-73.86141,1,0,Passing or Lane Usage Improper,4412660,17.3,5.0,0.0,0.0,0.0,0.0,3,31.7,63.4,302,Overcast,1,1,
9424,2021-05-01 12:00:00,40.694534,-73.74783,0,0,Traffic Control Disregarded,4412793,17.3,5.0,0.0,0.0,0.0,0.0,3,31.7,63.4,302,Overcast,0,0,
9425,2021-05-01 18:40:00,40.725956,-73.788315,0,0,Passing Too Closely,4412247,17.3,5.0,0.0,0.0,0.0,0.0,3,31.7,63.4,302,Overcast,0,0,
9426,2021-05-01 19:50:00,40.56347,-74.18102,1,0,Failure to Yield Right-of-Way,4412447,17.3,5.0,0.0,0.0,0.0,0.0,3,31.7,63.4,302,Overcast,1,1,
9427,2021-05-01 19:00:00,40.68159,-73.74459,3,0,Driver Inattention/Distraction,4412583,17.3,5.0,0.0,0.0,0.0,0.0,3,31.7,63.4,302,Overcast,3,3,
9428,2021-05-01 17:00:00,40.743137,-73.82973,1,0,Unsafe Lane Changing,4412190,17.3,5.0,0.0,0.0,0.0,0.0,3,31.7,63.4,302,Overcast,1,1,
9429,2021-05-01 11:10:00,40.74457,-73.731575,0,0,Following Too Closely,4412149,17.3,5.0,0.0,0.0,0.0,0.0,3,31.7,63.4,302,Overcast,0,0,
9430,2021-05-01 16:40:00,40.74044,-73.9946,1,0,Driver Inattention/Distraction,4412316,17.3,5.0,0.0,0.0,0.0,0.0,3,31.7,63.4,302,Overcast,1,1,
9431,2021-04-22 10:55:00,40.73715,-73.98859,1,0,Failure to Yield Right-of-Way,4413002,7.9,1.3,0.0,0.0,0.0,0.0,3,34.0,64.4,289,Overcast,1,1,
9432,2021-05-01 04:30:00,40.779182,-73.826675,0,0,Following Too Closely,4412470,17.3,5.0,0.0,0.0,0.0,0.0,3,31.7,63.4,302,Overcast,0,0,
9433,2021-05-01 16:30:00,40.670357,-73.74291,0,0,Backing Unsafely,4412251,17.3,5.0,0.0,0.0,0.0,0.0,3,31.7,63.4,302,Overcast,0,0,
9434,2021-05-01 11:04:00,40.700024,-73.81182,0,0,Unspecified,4412877,17.3,5.0,0.0,0.0,0.0,0.0,3,31.7,63.4,302,Overcast,0,0,
9435,2021-04-29 17:17:00,40.81644,-73.86695,0,0,Unspecified,4412902,22.5,12.9,3.8,3.8,0.0,9.0,53,25.6,50.8,199,Drizzle: Moderate,0,0,