,CRASH DATETIME,LATITUDE,LONGITUDE,NUMBER OF PERSONS INJURED,NUMBER OF PERSONS KILLED,CONTRIBUTING FACTOR VEHICLE 1,COLLISION_ID,temperature_2m_max,temperature_2m_min,precipitation_sum,rain_sum,snowfall_sum,precipitation_hours,weather_code,wind_speed_10m_max,wind_gusts_10m_max,wind_direction_10m_dominant,Weather Description,Severity_Score,Total_Affected_Persons,Weather_Category
9436,2021-04-29 16:00:00,40.58664,-74.19173,0,0,Unspecified,4412837,22.5,12.9,3.8,3.8,0.0,9.0,53,25.6,50.8,199,Drizzle: Moderate,0,0,
9437,2021-04-28 22:20:00,40.82851,-73.88012,2,0,Aggressive Driving/Road Rage,4412957,26.1,7.9,0.0,0.0,0.0,0.0,3,15.3,34.6,133,Overcast,2,2,
9438,2021-05-01 17:35:00,40.764347,-73.82595,0,0,Passing or Lane Usage Improper,4412340,17.3,5.0,0.0,0.0,0.0,0.0,3,31.7,63.4,302,Overcast,0,0,
9439,2021-04-29 13:50:00,40.78393,-73.94423,0,0,Passing or Lane Usage Improper,4412992,22.5,12.9,3.8,3.8,0.0,9.0,53,25.6,50.8,199,Drizzle: Moderate,0,0,
9440,2021-05-01 11:10:00,40.750763,-73.97446,1,0,Driver Inattention/Distraction,4412630,17.3,5.0,0.0,0.0,0.0,0.0,3,31.7,63.4,302,Overcast,1,1,
9441,2021-05-01 07:00:00,40.698963,-73.91864,0,0,Driver Inattention/Distraction,4413023,17.3,5.0,0.0,0.0,0.0,0.0,3,31.7,63.4,302,Overcast,0,0,
9442,2021-04-29 10:20:00,40.810047,-73.92515,0,0,Traffic Control Disregarded,4413119,22.5,12.9,3.8,3.8,0.0,9.0,53,25.6,50.8,199,Drizzle: Moderate,0,0,
9443,2021-05-01 12:45:00,40.6894,-73.72711,0,0,Driver Inattention/Distraction,4412210,17.3,5.0,0.0,0.0,0.0,0.0,3,31.7,63.4,302,Overcast,0,0,
9444,2021-05-01 15:00:00,40.832756,-73.88599,0,0,Unspecified,4412690,17.3,5.0,0.0,0.0,0.0,0.0,3,31.7,63.4,302,Overcast,0,0,
9445,2021-04-29 22:53:00,40.788685,-73.94386,0,0,Passing or Lane Usage Improper,4412928,22.5,12.9,3.8,3.8,0.0,9.0,53,25.6,50.8,199,Drizzle: Moderate,0,0,
9446,2021-05-01 18:20:00,40.826057,-73.89722,1,0,Driver Inexperience,4412609,17.3,5.0,0.0,0.0,0.0,0.0,3,31.7,63.4,302,Overcast,1,1,
9447,2021-05-01 12:05:00,40.610706,-73.99771,1,0,Unspecified,4412203,17.3,5.0,0.0,0.0,0.0,0.0,3,31.7,63.4,302,Overcast,1,1,
9448,2021-05-01 18:30:00,40.7227,-73.98787,0,0,Unspecified,4412242,17.3,5.0,0.0,0.0,0.0,0.0,3,31.7,63.4,302,Overcast,0,0,
9449,2021-05-01 08:00:00,40.89675,-73.85988,1,0,Failure to Yield Right-of-Way,4412800,17.3,5.0,0.0,0.0,0.0,0.0,3,31.7,63.4,302,Overcast,1,1,
9450,2021-05-01 22:46:00,40.705246,-73.95908,3,0,Following Too Closely,4412777,17.3,5.0,0.0,0.0,0.0,0.0,3,31.7,63.4,302,Overcast,3,3,
9451,2021-05-01 11:56:00,40.756264,-73.823524,1,0,Following Too Closely,4412183,17.3,5.0,0.0,0.0,0.0,0.0,3,31.7,63.4,302,Overcast,1,1,
9452,2021-04-25 12:25:00,40.734093,-73.952286,1,0,Driver Inattention/Distraction,4412958,16.6,8.7,12.7,12.7,0.0,11.0,61,19.2,37.4,341,Rain: Light,1,1,
9453,2021-04-24 05:25:00,40.698185,-73.9374,0,0,Unsafe Speed,4413032,19.7,6.0,0.0,0.0,0.0,0.0,3,26.7,49.3,232,Overcast,0,0,
9454,2021-04-30 06:45:00,40.596767,-74.16523,0,0,Backing Unsafely,4412841,19.9,7.6,0.4,0.4,0.0,4.0,51,36.9,82.1,289,Drizzle: Light,0,0,
9455,2021-05-01 20:40:00,40.685844,-73.94732,1,0,Driver Inattention/Distraction,4412412,17.3,5.0,0.0,0.0,0.0,0.0,3,31.7,63.4,302,Overcast,1,1,
9456,2021-04-30 11:21:00,40.812725,-73.94931,0,0,Driver Inattention/Distraction,4412881,19.9,7.6,0.4,0.4,0.0,4.0,51,36.9,82.1,289,Drizzle: Light,0,0,
9457,2021-04-19 05:30:00,40.836945,-73.86342,0,0,Unspecified,4412894,16.9,5.0,0.0,0.0,0.0,0.0,3,14.7,31.0,214,Overcast,0,0,
9458,2021-05-01 03:00:00,40.66737,-73.78266,1,0,Alcohol Involvement,4412135,17.3,5.0,0.0,0.0,0.0,0.0,3,31.7,63.4,302,Overcast,1,1,
9459,2021-04-03 15:12:00,40.87626,-73.90395,2,0,Unspecified,4413012,10.8,-2.3,0.0,0.0,0.0,0.0,3,15.9,34.2,302,Overcast,2,2,
9460,2021-05-01 00:01:00,40.6224,-73.936646,0,0,Following Too Closely,4412517,17.3,5.0,0.0,0.0,0.0,0.0,3,31.7,63.4,302,Overcast,0,0,
9461,2021-05-01 19:30:00,40.656578,-73.96009,0,0,Driver Inattention/Distraction,4412575,17.3,5.0,0.0,0.0,0.0,0.0,3,31.7,63.4,302,Overcast,0,0,
9462,2021-04-19 07:30:00,40.61313,-74.00773,0,0,Unspecified,4412944,16.9,5.0,0.0,0.0,0.0,0.0,3,14.7,31.0,214,Overcast,0,0,
9463,2021-05-01 10:00:00,40.648117,-73.97135,0,0,Driver Inattention/Distraction,4412326,17.3,5.0,0.0,0.0,0.0,0.0,3,31.7,63.4,302,Overcast,0,0,
9464,2021-05-01 02:20:00,40.71142,-73.95313,0,0,Turning Improperly,4412812,17.3,5.0,0.0,0.0,0.0,0.0,3,31.7,63.4,302,Overcast,0,0,
9465,2021-05-01 18:11:00,40.858868,-73.86952,1,0,Traffic Control Disregarded,4412382,17.3,5.0,0.0,0.0,0.0,0.0,3,31.7,63.4,302,Overcast,1,1,
9466,2021-04-27 23:40:00,40.651546,-73.95257,1,0,Alcohol Involvement,4412977,14.8,4.2,0.0,0.0,0.0,0.0,3,15.3,34.2,164,Overcast,1,1,
9467,2021-05-01 14:43:00,40.889786,-73.83487,0,0,Driver Inattention/Distraction,4412564,17.3,5.0,0.0,0.0,0.0,0.0,3,31.7,63.4,302,Overcast,0,0,
9468,2021-05-01 10:45:00,40.651108,-73.94283,2,0,Brakes Defective,4412238,17.3,5.0,0.0,0.0,0.0,0.0,3,31.7,63.4,302,Overcast,2,2,
9469,2021-05-01 13:02:00,40.72538,-74.00011,0,0,Backing Unsafely,4412178,17.3,5.0,0.0,0.0,0.0,0.0,3,31.7,63.4,302,Overcast,0,0,
9470,2021-05-01 10:10:00,40.599525,-73.96128,0,0,Following Too Closely,4412676,17.3,5.0,0.0,0.0,0.0,0.0,3,31.7,63.4,302,Overcast,0,0,
9471,2021-04-30 18:10:00,40.68302,-73.85604,0,0,Unspecified,4412822,19.9,7.6,0.4,0.4,0.0,4.0,51,36.9,82.1,289,Drizzle: Light,0,0,
9472,2021-05-01 01:05:00,40.844917,-73.926384,0,0,Unsafe Lane Changing,4412299,17.3,5.0,0.0,0.0,0.0,0.0,3,31.7,63.4,302,Overcast,0,0,
9473,2021-05-01 23:15:00,40.70644,-73.75973,1,0,Traffic Control Disregarded,4412272,17.3,5.0,0.0,0.0,0.0,0.0,3,31.7,63.4,302,Overcast,1,1,
9474,2021-05-01 20:42:00,40.777874,-73.95175,1,0,Driver Inattention/Distraction,4412731,17.3,5.0,0.0,0.0,0.0,0.0,3,31.7,63.4,302,Overcast,1,1,
9475,2021-05-01 15:12:00,40.85638,-73.83799,0,0,Unspecified,4412367,17.3,5.0,0.0,0.0,0.0,0.0,3,31.7,63.4,302,Overcast,0,0,
9476,2021-05-01 17:03:00,40.748432,-73.982475,0,0,Failure to Keep Right,4412439,17.3,5.0,0.0,0.0,0.0,0.0,3,31.7,63.4,302,Overcast,0,0,
9477,2021-05-01 00:00:00,40.81458,-73.94795,0,0,Other Vehicular,4412912,17.3,5.0,0.0,0.0,0.0,0.0,3,31.7,63.4,302,Overcast,0,0,
9478,2021-05-01 18:20:00,40.576504,-74.1037,1,0,Failure to Yield Right-of-Way,4412864,17.3,5.0,0.0,0.0,0.0,0.0,3,31.7,63.4,302,Overcast,1,1,
9479,2021-04-27 17:45:00,40.672688,-73.73544,1,0,Unspecified,4411150,14.8,4.2,0.0,0.0,0.0,0.0,3,15.3,34.2,164,Overcast,1,1,
9480,2021-05-01 07:00:00,40.697433,-73.898605,0,0,Unspecified,4412481,17.3,5.0,0.0,0.0,0.0,0.0,3,31.7,63.4,302,Overcast,0,0,
9481,2021-05-01 19:45:00,40.71906,-73.812126,1,0,Failure to Yield Right-of-Way,4412342,17.3,5.0,0.0,0.0,0.0,0.0,3,31.7,63.4,302,Overcast,1,1,
9482,2021-05-01 23:01:00,40.63682,-73.90218,1,0,Unspecified,4413076,17.3,5.0,0.0,0.0,0.0,0.0,3,31.7,63.4,302,Overcast,1,1,
9483,2021-05-01 09:31:00,40.586475,-74.0703,0,0,Oversized Vehicle,4412847,17.3,5.0,0.0,0.0,0.0,0.0,3,31.7,63.4,302,Overcast,0,0,
9484,2021-04-30 17:20:00,40.6041,-74.06908,0,0,Passing or Lane Usage Improper,4412858,19.9,7.6,0.4,0.4,0.0,4.0,51,36.9,82.1,289,Drizzle: Light,0,0,
9485,2021-05-01 23:05:00,40.856792,-73.91742,1,0,Unspecified,4412873,17.3,5.0,0.0,0.0,0.0,0.0,3,31.7,63.4,302,Overcast,1,1,
9486,2021-05-01 18:45:00,40.769737,-73.91244,4,0,Unspecified,4412393,17.3,5.0,0.0,0.0,0.0,0.0,3,31.7,63.4,302,Overcast,4,4,
9487,2021-09-18 23:45:00,40.66551,-73.95315,0,0,Driver Inattention/Distraction,4458526,27.1,19.2,0.2,0.2,0.0,2.0,51,14.6,25.9,349,Drizzle: Light,0,0,
9488,2021-09-18 16:12:00,40.72709,-73.97665,1,0,Driver Inattention/Distraction,4458874,27.1,19.2,0.2,0.2,0.0,2.0,51,14.6,25.9,349,Drizzle: Light,1,1,
9489,2021-09-18 06:20:00,40.859642,-73.899826,0,0,Unspecified,4458329,27.1,19.2,0.2,0.2,0.0,2.0,51,14.6,25.9,349,Drizzle: Light,0,0,
9490,2021-09-18 13:30:00,40.82129,-73.86605,0,0,Unspecified,4458647,27.1,19.2,0.2,0.2,0.0,2.0,51,14.6,25.9,349,Drizzle: Light,0,0,
9491,2021-09-18 16:30:00,40.665478,-73.748795,1,0,Unspecified,4458419,27.1,19.2,0.2,0.2,0.0,2.0,51,14.6,25.9,349,Drizzle: Light,1,1,
9492,2021-09-17 06:32:00,40.61334,-74.01109,0,0,Alcohol Involvement,4459371,23.6,20.1,1.0,1.0,0.0,7.0,51,20.3,38.9,59,Drizzle: Light,0,0,
9493,2021-09-18 01:14:00,40.650566,-74.00462,0,0,Driver Inattention/Distraction,4458471,27.1,19.2,0.2,0.2,0.0,2.0,51,14.6,25.9,349,Drizzle: Light,0,0,
9494,2021-09-18 05:00:00,40.60779,-73.99136,0,0,Fatigued/Drowsy,4458644,27.1,19.2,0.2,0.2,0.0,2.0,51,14.6,25.9,349,Drizzle: Light,0,0,
9495,2021-09-16 06:50:00,40.840733,-73.85304,0,0,Unspecified,4459275,23.9,19.1,4.0,4.0,0.0,10.0,55,18.8,37.8,38,Drizzle: Dense,0,0,
9496,2021-09-18 16:50:00,40.817795,-73.89319,1,0,Unsafe Speed,4459058,27.1,19.2,0.2,0.2,0.0,2.0,51,14.6,25.9,349,Drizzle: Light,1,1,
9497,2021-09-18 22:57:00,40.5774,-73.95404,1,0,Traffic Control Disregarded,4458552,27.1,19.2,0.2,0.2,0.0,2.0,51,14.6,25.9,349,Drizzle: Light,1,1,
9498,2021-09-18 01:15:00,40.758743,-73.96863,1,0,Passing or Lane Usage Improper,4458280,27.1,19.2,0.2,0.2,0.0,2.0,51,14.6,25.9,349,Drizzle: Light,1,1,
9499,2021-09-12 19:20:00,40.516838,-74.24085,0,0,Unspecified,4459133,28.8,18.3,0.0,0.0,0.0,0.0,3,24.3,46.8,233,Overcast,0,0,
9500,2021-09-17 17:34:00,40.76838,-73.99281,1,0,Driver Inattention/Distraction,4459329,23.6,20.1,1.0,1.0,0.0,7.0,51,20.3,38.9,59,Drizzle: Light,1,1,
9501,2021-09-18 15:30:00,40.854664,-73.85707,0,0,Unspecified,4458994,27.1,19.2,0.2,0.2,0.0,2.0,51,14.6,25.9,349,Drizzle: Light,0,0,
9502,2021-09-11 13:30:00,40.87296,-73.87495,0,0,Alcohol Involvement,4459216,24.7,12.9,0.0,0.0,0.0,0.0,3,16.6,34.2,246,Overcast,0,0,
9503,2021-09-17 11:40:00,40.616413,-74.103516,0,0,Other Vehicular,4459188,23.6,20.1,1.0,1.0,0.0,7.0,51,20.3,38.9,59,Drizzle: Light,0,0,
9504,2021-09-18 18:23:00,40.708504,-73.81954,1,0,Unsafe Speed,4458841,27.1,19.2,0.2,0.2,0.0,2.0,51,14.6,25.9,349,Drizzle: Light,1,1,
9505,2021-09-18 10:30:00,40.70694,-74.01353,1,0,View Obstructed/Limited,4458390,27.1,19.2,0.2,0.2,0.0,2.0,51,14.6,25.9,349,Drizzle: Light,1,1,
9506,2021-09-18 06:00:00,40.70778,-73.79341,1,0,Following Too Closely,4458401,27.1,19.2,0.2,0.2,0.0,2.0,51,14.6,25.9,349,Drizzle: Light,1,1,
9507,2021-09-18 17:16:00,40.8703,-73.839905,2,0,Unsafe Speed,4458761,27.1,19.2,0.2,0.2,0.0,2.0,51,14.6,25.9,349,Drizzle: Light,2,2,
9508,2021-09-17 09:00:00,40.750126,-73.86999,0,0,Driver Inattention/Distraction,4459131,23.6,20.1,1.0,1.0,0.0,7.0,51,20.3,38.9,59,Drizzle: Light,0,0,
9509,2021-09-18 16:10:00,40.609947,-73.92227,0,0,Backing Unsafely,4458424,27.1,19.2,0.2,0.2,0.0,2.0,51,14.6,25.9,349,Drizzle: Light,0,0,
9510,2021-09-18 01:33:00,40.846165,-73.929146,5,0,Unspecified,4458819,27.1,19.2,0.2,0.2,0.0,2.0,51,14.6,25.9,349,Drizzle: Light,5,5,
9511,2021-09-09 00:40:00,40.54997,-74.21127,0,0,Driver Inattention/Distraction,4459153,22.4,19.8,18.4,18.4,0.0,15.0,63,17.5,39.2,271,Rain: Moderate,0,0,
9512,2021-09-18 10:00:00,40.6266,-74.16119,0,0,Driver Inattention/Distraction,4458458,27.1,19.2,0.2,0.2,0.0,2.0,51,14.6,25.9,349,Drizzle: Light,0,0,
9513,2021-09-18 06:10:00,40.69993,-73.96188,1,0,Other Vehicular,4458899,27.1,19.2,0.2,0.2,0.0,2.0,51,14.6,25.9,349,Drizzle: Light,1,1,
9514,2021-09-11 14:10:00,40.829502,-73.87462,1,0,Unspecified,4459182,24.7,12.9,0.0,0.0,0.0,0.0,3,16.6,34.2,246,Overcast,1,1,
9515,2021-09-18 04:30:00,40.85407,-73.89932,0,0,Failure to Yield Right-of-Way,4458350,27.1,19.2,0.2,0.2,0.0,2.0,51,14.6,25.9,349,Drizzle: Light,0,0,
9516,2021-09-18 03:43:00,40.873383,-73.88938,0,0,Unsafe Lane Changing,4458775,27.1,19.2,0.2,0.2,0.0,2.0,51,14.6,25.9,349,Drizzle: Light,0,0,
9517,2021-09-18 23:15:00,40.66605,-73.81525,0,0,Following Too Closely,4458892,27.1,19.2,0.2,0.2,0.0,2.0,51,14.6,25.9,349,Drizzle: Light,0,0,
9518,2021-09-18 12:30:00,40.850224,-73.88257,3,0,Failure to Yield Right-of-Way,4458951,27.1,19.2,0.2,0.2,0.0,2.0,51,14.6,25.9,349,Drizzle: Light,3,3,
9519,2021-09-15 18:30:00,40.70638,-73.79998,0,0,Driver Inattention/Distraction,4459161,29.6,20.7,0.3,0.3,0.0,3.0,51,21.6,40.7,192,Drizzle: Light,0,0,
9520,2021-09-18 17:12:00,40.848118,-73.93089,0,0,Unspecified,4459173,27.1,19.2,0.2,0.2,0.0,2.0,51,14.6,25.9,349,Drizzle: Light,0,0,
9521,2021-09-18 20:22:00,40.63311,-73.97217,1,0,Unspecified,4458451,27.1,19.2,0.2,0.2,0.0,2.0,51,14.6,25.9,349,Drizzle: Light,1,1,
9522,2021-09-18 12:20:00,40.735023,-73.761444,0,0,Unspecified,4458596,27.1,19.2,0.2,0.2,0.0,2.0,51,14.6,25.9,349,Drizzle: Light,0,0,
9523,2021-09-16 18:40:00,40.715927,-73.80889,2,0,Driver Inattention/Distraction,4459155,23.9,19.1,4.0,4.0,0.0,10.0,55,18.8,37.8,38,Drizzle: Dense,2,2,
9524,2021-09-18 20:20:00,40.714825,-73.95882,1,0,Alcohol Involvement,4458991,27.1,19.2,0.2,0.2,0.0,2.0,51,14.6,25.9,349,Drizzle: Light,1,1,
9525,2021-09-18 08:43:00,40.752888,-73.96374,0,0,Driver Inattention/Distraction,4459111,27.1,19.2,0.2,0.2,0.0,2.0,51,14.6,25.9,349,Drizzle: Light,0,0,
9526,2021-09-18 12:00:00,40.74549,-73.95318,0,0,Unspecified,4458376,27.1,19.2,0.2,0.2,0.0,2.0,51,14.6,25.9,349,Drizzle: Light,0,0,
9527,2021-09-18 04:00:00,40.64485,-73.96002,1,0,Alcohol Involvement,4458468,27.1,19.2,0.2,0.2,0.0,2.0,51,14.6,25.9,349,Drizzle: Light,1,1,
9528,2021-09-18 03:30:00,40.631283,-74.13131,0,0,Unspecified,4458324,27.1,19.2,0.2,0.2,0.0,2.0,51,14.6,25.9,349,Drizzle: Light,0,0,
9529,2021-09-18 18:10:00,40.801865,-73.94136,2,0,Traffic Control Disregarded,4458438,27.1,19.2,0.2,0.2,0.0,2.0,51,14.6,25.9,349,Drizzle: Light,2,2,
9530,2021-09-06 14:00:00,40.68644,-73.97251,0,0,Unspecified,4459219,26.9,18.4,0.0,0.0,0.0,0.0,3,19.6,37.8,273,Overcast,0,0,
9531,2021-09-18 19:25:00,40.65065,-73.952866,1,0,Driver Inattention/Distraction,4458746,27.1,19.2,0.2,0.2,0.0,2.0,51,14.6,25.9,349,Drizzle: Light,1,1,
9532,2021-09-18 01:00:00,40.744587,-73.81966,0,0,Following Too Closely,4458430,27.1,19.2,0.2,0.2,0.0,2.0,51,14.6,25.9,349,Drizzle: Light,0,0,
9533,2021-09-14 22:20:00,40.870132,-73.90161,0,0,Unspecified,4459263,26.0,19.0,0.2,0.2,0.0,1.0,51,18.0,35.6,138,Drizzle: Light,0,0,
9534,2021-09-18 20:55:00,40.594738,-73.95176,0,0,Driver Inattention/Distraction,4458912,27.1,19.2,0.2,0.2,0.0,2.0,51,14.6,25.9,349,Drizzle: Light,0,0,
9535,2021-09-18 00:30:00,40.644493,-73.94698,0,0,Unspecified,4459291,27.1,19.2,0.2,0.2,0.0,2.0,51,14.6,25.9,349,Drizzle: Light,0,0,
9536,2021-09-18 18:15:00,40.66005,-73.89496,1,0,Driver Inattention/Distraction,4458502,27.1,19.2,0.2,0.2,0.0,2.0,51,14.6,25.9,349,Drizzle: Light,1,1,
9537,2021-09-18 01:50:00,40.681473,-73.72776,1,0,Unsafe Lane Changing,4458806,27.1,19.2,0.2,0.2,0.0,2.0,51,14.6,25.9,349,Drizzle: Light,1,1,
9538,2021-09-18 12:15:00,40.77529,-73.953636,1,0,Traffic Control Disregarded,4458943,27.1,19.2,0.2,0.2,0.0,2.0,51,14.6,25.9,349,Drizzle: Light,1,1,
9539,2021-09-18 22:23:00,40.770496,-73.87481,0,0,Driver Inattention/Distraction,4458579,27.1,19.2,0.2,0.2,0.0,2.0,51,14.6,25.9,349,Drizzle: Light,0,0,
9540,2021-09-18 19:08:00,40.74226,-73.89071,0,0,Unspecified,4459029,27.1,19.2,0.2,0.2,0.0,2.0,51,14.6,25.9,349,Drizzle: Light,0,0,
9541,2021-09-17 00:22:00,40.7178,-73.80358,4,0,Driver Inattention/Distraction,4459142,23.6,20.1,1.0,1.0,0.0,7.0,51,20.3,38.9,59,Drizzle: Light,4,4,
9542,2021-09-18 04:33:00,40.61944,-74.018196,0,0,Alcohol Involvement,4458492,27.1,19.2,0.2,0.2,0.0,2.0,51,14.6,25.9,349,Drizzle: Light,0,0,
9543,2021-09-18 17:01:00,40.845642,-73.90211,1,0,Failure to Yield Right-of-Way,4459049,27.1,19.2,0.2,0.2,0.0,2.0,51,14.6,25.9,349,Drizzle: Light,1,1,
9544,2021-09-18 23:56:00,40.765675,-73.97624,0,0,Unspecified,4459331,27.1,19.2,0.2,0.2,0.0,2.0,51,14.6,25.9,349,Drizzle: Light,0,0,
9545,2021-09-18 21:43:00,40.696938,-73.72752,1,0,Following Too Closely,4458477,27.1,19.2,0.2,0.2,0.0,2.0,51,14.6,25.9,349,Drizzle: Light,1,1,
9546,2021-09-18 05:50:00,40.764267,-73.722946,1,0,Driver Inattention/Distraction,4458293,27.1,19.2,0.2,0.2,0.0,2.0,51,14.6,25.9,349,Drizzle: Light,1,1,
9547,2021-09-18 22:13:00,40.854588,-73.90187,1,0,Failure to Yield Right-of-Way,4459067,27.1,19.2,0.2,0.2,0.0,2.0,51,14.6,25.9,349,Drizzle: Light,1,1,
9548,2021-08-21 23:00:00,40.70242,-73.9867,0,0,Driver Inattention/Distraction,4459229,27.2,23.0,0.8,0.8,0.0,6.0,51,14.3,29.5,109,Drizzle: Light,0,0,
9549,2021-09-18 16:00:00,40.815872,-73.9257,0,0,Other Vehicular,4458411,27.1,19.2,0.2,0.2,0.0,2.0,51,14.6,25.9,349,Drizzle: Light,0,0,
9550,2021-09-18 19:24:00,40.8377102,-73.845465,1,0,Pedestrian/Bicyclist/Other Pedestrian Error/Confusion,4458528,27.1,19.2,0.2,0.2,0.0,2.0,51,14.6,25.9,349,Drizzle: Light,1,1,
9551,2021-09-18 16:00:00,40.709026,-73.81333,0,0,Failure to Yield Right-of-Way,4459139,27.1,19.2,0.2,0.2,0.0,2.0,51,14.6,25.9,349,Drizzle: Light,0,0,
9552,2021-08-16 08:02:00,40.70206,-73.99262,0,0,Passing or Lane Usage Improper,4459278,26.6,19.9,0.0,0.0,0.0,0.0,3,17.7,33.8,121,Overcast,0,0,
9553,2021-09-17 13:33:00,40.786175,-73.9457,1,0,Driver Inattention/Distraction,4459352,23.6,20.1,1.0,1.0,0.0,7.0,51,20.3,38.9,59,Drizzle: Light,1,1,
9554,2021-09-08 17:45:00,40.673107,-73.99959,0,0,Driver Inattention/Distraction,4459239,26.4,19.6,0.7,0.7,0.0,6.0,51,26.7,55.8,187,Drizzle: Light,0,0,
9555,2021-09-18 11:09:00,40.73635,-73.97502,2,0,Other Vehicular,4458713,27.1,19.2,0.2,0.2,0.0,2.0,51,14.6,25.9,349,Drizzle: Light,2,2,
9556,2021-09-17 23:30:00,40.740437,-73.87316,0,0,Unspecified,4459023,23.6,20.1,1.0,1.0,0.0,7.0,51,20.3,38.9,59,Drizzle: Light,0,0,
9557,2021-09-18 08:45:00,40.719368,-73.836006,0,0,Unspecified,4458516,27.1,19.2,0.2,0.2,0.0,2.0,51,14.6,25.9,349,Drizzle: Light,0,0,
9558,2021-09-18 22:05:00,40.69365,-73.98333,4,0,Following Too Closely,4458460,27.1,19.2,0.2,0.2,0.0,2.0,51,14.6,25.9,349,Drizzle: Light,4,4,
9559,2021-09-16 22:15:00,40.814358,-73.94067,0,0,Unspecified,4459062,23.9,19.1,4.0,4.0,0.0,10.0,55,18.8,37.8,38,Drizzle: Dense,0,0,
9560,2021-09-18 15:39:00,40.73609,-73.871765,1,0,Driver Inattention/Distraction,4459081,27.1,19.2,0.2,0.2,0.0,2.0,51,14.6,25.9,349,Drizzle: Light,1,1,
9561,2021-09-18 21:10:00,40.835873,-73.8699,0,0,Obstruction/Debris,4458790,27.1,19.2,0.2,0.2,0.0,2.0,51,14.6,25.9,349,Drizzle: Light,0,0,
9562,2021-09-18 20:05:00,40.814266,-73.912964,1,0,Driver Inattention/Distraction,4458978,27.1,19.2,0.2,0.2,0.0,2.0,51,14.6,25.9,349,Drizzle: Light,1,1,
9563,2021-09-18 00:15:00,40.75763,-73.865685,0,0,Driver Inattention/Distraction,4458574,27.1,19.2,0.2,0.2,0.0,2.0,51,14.6,25.9,349,Drizzle: Light,0,0,
9564,2021-09-10 12:31:00,40.87664,-73.90139,1,0,Failure to Yield Right-of-Way,4459254,22.9,16.0,0.0,0.0,0.0,0.0,3,24.2,47.2,314,Overcast,1,1,
9565,2021-09-18 17:05:00,40.605377,-73.98211,1,0,Failure to Yield Right-of-Way,4458648,27.1,19.2,0.2,0.2,0.0,2.0,51,14.6,25.9,349,Drizzle: Light,1,1,
9566,2021-09-01 15:30:00,40.73104,-73.99961,0,0,Unspecified,4459152,23.2,18.4,121.7,121.7,0.0,18.0,65,43.2,78.5,42,Rain: Heavy,0,0,
9567,2021-09-12 20:30:00,40.734657,-73.86482,0,0,Driver Inattention/Distraction,4459033,28.8,18.3,0.0,0.0,0.0,0.0,3,24.3,46.8,233,Overcast,0,0,
9568,2021-09-15 08:00:00,40.563915,-74.11637,1,0,Unsafe Speed,4459203,29.6,20.7,0.3,0.3,0.0,3.0,51,21.6,40.7,192,Drizzle: Light,1,1,
9569,2021-09-18 14:30:00,40.67909,-73.90829,1,0,Driver Inattention/Distraction,4458672,27.1,19.2,0.2,0.2,0.0,2.0,51,14.6,25.9,349,Drizzle: Light,1,1,
9570,2021-09-01 18:55:00,40.671185,-73.94204,1,0,Driver Inattention/Distraction,4459189,23.2,18.4,121.7,121.7,0.0,18.0,65,43.2,78.5,42,Rain: Heavy,1,1,
9571,2021-09-17 09:40:00,40.734768,-73.87459,1,0,Driver Inattention/Distraction,4459040,23.6,20.1,1.0,1.0,0.0,7.0,51,20.3,38.9,59,Drizzle: Light,1,1,
9572,2021-09-18 00:50:00,40.619442,-73.91906,0,0,Driver Inexperience,4458286,27.1,19.2,0.2,0.2,0.0,2.0,51,14.6,25.9,349,Drizzle: Light,0,0,
9573,2021-09-13 08:45:00,40.563755,-74.17759,0,0,Turning Improperly,4459134,28.8,21.8,1.1,1.1,0.0,2.0,53,20.1,36.7,277,Drizzle: Moderate,0,0,
9574,2021-09-18 21:50:00,40.651863,-73.86536,0,0,Following Too Closely,4458491,27.1,19.2,0.2,0.2,0.0,2.0,51,14.6,25.9,349,Drizzle: Light,0,0,
9575,2021-09-18 10:55:00,40.87321,-73.8671,0,0,Traffic Control Disregarded,4458842,27.1,19.2,0.2,0.2,0.0,2.0,51,14.6,25.9,349,Drizzle: Light,0,0,
9576,2021-09-18 16:00:00,40.76316,-73.8164,0,0,Unspecified,4458402,27.1,19.2,0.2,0.2,0.0,2.0,51,14.6,25.9,349,Drizzle: Light,0,0,
9577,2021-09-18 23:35:00,40.780354,-73.80233,0,0,Following Too Closely,4458829,27.1,19.2,0.2,0.2,0.0,2.0,51,14.6,25.9,349,Drizzle: Light,0,0,
9578,2021-09-12 11:00:00,40.537365,-74.21193,0,0,Driver Inattention/Distraction,4459103,28.8,18.3,0.0,0.0,0.0,0.0,3,24.3,46.8,233,Overcast,0,0,
9579,2021-09-18 21:45:00,40.76803,-73.87722,1,0,Failure to Yield Right-of-Way,4458578,27.1,19.2,0.2,0.2,0.0,2.0,51,14.6,25.9,349,Drizzle: Light,1,1,
9580,2021-08-26 06:00:00,40.69203,-73.94565,0,0,Passing Too Closely,4459274,31.8,22.8,0.1,0.1,0.0,1.0,51,14.8,29.2,228,Drizzle: Light,0,0,
9581,2021-09-18 09:30:00,40.883778,-73.89405,1,0,Unspecified,4458635,27.1,19.2,0.2,0.2,0.0,2.0,51,14.6,25.9,349,Drizzle: Light,1,1,
9582,2021-09-10 18:15:00,40.69423,-73.94608,1,0,Turning Improperly,4459298,22.9,16.0,0.0,0.0,0.0,0.0,3,24.2,47.2,314,Overcast,1,1,