,CRASH DATETIME,LATITUDE,LONGITUDE,NUMBER OF PERSONS INJURED,NUMBER OF PERSONS KILLED,CONTRIBUTING FACTOR VEHICLE 1,COLLISION_ID,temperature_2m_max,temperature_2m_min,precipitation_sum,rain_sum,snowfall_sum,precipitation_hours,weather_code,wind_speed_10m_max,wind_gusts_10m_max,wind_direction_10m_dominant,Weather Description,Severity_Score,Total_Affected_Persons,Weather_Category
9583,2021-09-18 00:45:00,40.82463,-73.91059,1,0,Driver Inattention/Distraction,4458966,27.1,19.2,0.2,0.2,0.0,2.0,51,14.6,25.9,349,Drizzle: Light,1,1,
9584,2021-09-18 12:19:00,40.85543,-73.855354,0,0,Driver Inattention/Distraction,4458427,27.1,19.2,0.2,0.2,0.0,2.0,51,14.6,25.9,349,Drizzle: Light,0,0,
9585,2021-09-18 04:15:00,40.704147,-73.807594,1,0,Passing Too Closely,4458457,27.1,19.2,0.2,0.2,0.0,2.0,51,14.6,25.9,349,Drizzle: Light,1,1,
9586,2021-09-08 11:30:00,40.73619,-74.008316,0,0,Unspecified,4459179,26.4,19.6,0.7,0.7,0.0,6.0,51,26.7,55.8,187,Drizzle: Light,0,0,
9587,2021-09-18 04:40:00,40.59904,-73.92951,0,0,,4458353,27.1,19.2,0.2,0.2,0.0,2.0,51,14.6,25.9,349,Drizzle: Light,0,0,
9588,2021-09-16 20:40:00,40.836155,-73.87179,0,0,Unspecified,4459156,23.9,19.1,4.0,4.0,0.0,10.0,55,18.8,37.8,38,Drizzle: Dense,0,0,
9589,2021-09-18 10:45:00,40.8213,-73.88033,0,0,Unspecified,4458779,27.1,19.2,0.2,0.2,0.0,2.0,51,14.6,25.9,349,Drizzle: Light,0,0,
9590,2021-09-18 13:30:00,40.6754,-73.9887,1,0,Failure to Yield Right-of-Way,4458525,27.1,19.2,0.2,0.2,0.0,2.0,51,14.6,25.9,349,Drizzle: Light,1,1,
9591,2021-09-17 14:24:00,40.69691,-73.85745,1,0,Turning Improperly,4459250,23.6,20.1,1.0,1.0,0.0,7.0,51,20.3,38.9,59,Drizzle: Light,1,1,
9592,2021-08-31 19:00:00,40.71589,-73.99631,1,0,Pedestrian/Bicyclist/Other Pedestrian Error/Confusion,4459121,28.5,21.2,0.0,0.0,0.0,0.0,3,15.5,29.9,301,Overcast,1,1,
9593,2021-09-09 20:40:00,40.76167,-73.77597,0,0,Driver Inattention/Distraction,4459213,22.4,19.8,18.4,18.4,0.0,15.0,63,17.5,39.2,271,Rain: Moderate,0,0,
9594,2021-09-18 17:30:00,40.79328,-73.801544,0,0,Failure to Yield Right-of-Way,4458432,27.1,19.2,0.2,0.2,0.0,2.0,51,14.6,25.9,349,Drizzle: Light,0,0,
9595,2021-09-18 19:20:00,40.745667,-73.792496,1,0,Driver Inattention/Distraction,4458461,27.1,19.2,0.2,0.2,0.0,2.0,51,14.6,25.9,349,Drizzle: Light,1,1,
9596,2021-09-18 02:25:00,40.846825,-73.89705,1,0,Unsafe Speed,4458980,27.1,19.2,0.2,0.2,0.0,2.0,51,14.6,25.9,349,Drizzle: Light,1,1,
9597,2021-09-18 13:45:00,40.679787,-73.847694,0,0,Passing Too Closely,4458896,27.1,19.2,0.2,0.2,0.0,2.0,51,14.6,25.9,349,Drizzle: Light,0,0,
9598,2021-09-18 16:02:00,40.585163,-73.95641,0,0,Following Too Closely,4458916,27.1,19.2,0.2,0.2,0.0,2.0,51,14.6,25.9,349,Drizzle: Light,0,0,
9599,2021-09-12 22:39:00,40.879345,-73.91238,0,0,Unspecified,4459258,28.8,18.3,0.0,0.0,0.0,0.0,3,24.3,46.8,233,Overcast,0,0,
9600,2021-09-18 08:30:00,40.770283,-73.82558,0,0,Passing or Lane Usage Improper,4458342,27.1,19.2,0.2,0.2,0.0,2.0,51,14.6,25.9,349,Drizzle: Light,0,0,
9601,2021-05-02 21:35:00,40.66807,-73.80789,1,0,Driver Inattention/Distraction,4412673,26.3,11.3,0.0,0.0,0.0,0.0,3,23.0,43.9,251,Overcast,1,1,
9602,2021-09-18 12:40:00,40.59654,-73.76748,0,0,Reaction to Uninvolved Vehicle,4459365,27.1,19.2,0.2,0.2,0.0,2.0,51,14.6,25.9,349,Drizzle: Light,0,0,
9603,2021-09-18 20:11:00,40.797447,-73.94671,1,0,Failure to Yield Right-of-Way,4458643,27.1,19.2,0.2,0.2,0.0,2.0,51,14.6,25.9,349,Drizzle: Light,1,1,
9604,2021-09-17 15:40:00,40.766087,-73.97724,1,0,Unspecified,4459325,23.6,20.1,1.0,1.0,0.0,7.0,51,20.3,38.9,59,Drizzle: Light,1,1,
9605,2021-09-18 13:00:00,40.624474,-74.00668,0,0,Unspecified,4458388,27.1,19.2,0.2,0.2,0.0,2.0,51,14.6,25.9,349,Drizzle: Light,0,0,
9606,2021-09-16 00:25:00,40.888596,-73.89068,0,0,Unspecified,4459265,23.9,19.1,4.0,4.0,0.0,10.0,55,18.8,37.8,38,Drizzle: Dense,0,0,
9607,2021-09-18 22:20:00,40.780464,-73.94404,0,0,Driver Inexperience,4458789,27.1,19.2,0.2,0.2,0.0,2.0,51,14.6,25.9,349,Drizzle: Light,0,0,
9608,2021-09-18 02:55:00,40.716423,-74.00975,0,0,Aggressive Driving/Road Rage,4458323,27.1,19.2,0.2,0.2,0.0,2.0,51,14.6,25.9,349,Drizzle: Light,0,0,
9609,2021-09-18 23:00:00,40.66653,-73.806274,1,0,View Obstructed/Limited,4458890,27.1,19.2,0.2,0.2,0.0,2.0,51,14.6,25.9,349,Drizzle: Light,1,1,
9610,2021-09-13 12:46:00,40.692013,-73.98149,0,0,Unspecified,4459221,28.8,21.8,1.1,1.1,0.0,2.0,53,20.1,36.7,277,Drizzle: Moderate,0,0,
9611,2021-09-18 18:54:00,40.64495,-73.9249,1,0,Driver Inattention/Distraction,4458740,27.1,19.2,0.2,0.2,0.0,2.0,51,14.6,25.9,349,Drizzle: Light,1,1,
9612,2021-09-18 15:46:00,40.665485,-73.75137,0,0,Following Too Closely,4458422,27.1,19.2,0.2,0.2,0.0,2.0,51,14.6,25.9,349,Drizzle: Light,0,0,
9613,2021-09-17 19:30:00,40.736267,-73.772865,0,0,Failure to Yield Right-of-Way,4459079,23.6,20.1,1.0,1.0,0.0,7.0,51,20.3,38.9,59,Drizzle: Light,0,0,
9614,2021-09-18 08:15:00,40.808445,-73.945,1,0,Pedestrian/Bicyclist/Other Pedestrian Error/Confusion,4459050,27.1,19.2,0.2,0.2,0.0,2.0,51,14.6,25.9,349,Drizzle: Light,1,1,
9615,2021-09-18 15:49:00,40.60827,-73.94232,2,0,Unspecified,4459342,27.1,19.2,0.2,0.2,0.0,2.0,51,14.6,25.9,349,Drizzle: Light,2,2,
9616,2021-09-18 23:37:00,40.712727,-73.72899,0,0,Unsafe Lane Changing,4458503,27.1,19.2,0.2,0.2,0.0,2.0,51,14.6,25.9,349,Drizzle: Light,0,0,
9617,2021-09-18 21:28:00,40.666737,-73.78628,0,0,Reaction to Uninvolved Vehicle,4458990,27.1,19.2,0.2,0.2,0.0,2.0,51,14.6,25.9,349,Drizzle: Light,0,0,
9618,2021-09-18 14:30:00,40.73862,-73.8508,0,0,Following Too Closely,4459028,27.1,19.2,0.2,0.2,0.0,2.0,51,14.6,25.9,349,Drizzle: Light,0,0,
9619,2021-09-18 15:08:00,40.578236,-73.99157,2,0,Driver Inattention/Distraction,4458548,27.1,19.2,0.2,0.2,0.0,2.0,51,14.6,25.9,349,Drizzle: Light,2,2,
9620,2021-09-18 10:04:00,40.605335,-73.75528,0,0,Traffic Control Disregarded,4459355,27.1,19.2,0.2,0.2,0.0,2.0,51,14.6,25.9,349,Drizzle: Light,0,0,
9621,2021-09-17 14:00:00,40.559383,-74.15393,2,0,Driver Inattention/Distraction,4459200,23.6,20.1,1.0,1.0,0.0,7.0,51,20.3,38.9,59,Drizzle: Light,2,2,
9622,2021-09-18 12:00:00,40.74128,-73.90257,3,0,Unspecified,4458375,27.1,19.2,0.2,0.2,0.0,2.0,51,14.6,25.9,349,Drizzle: Light,3,3,
9623,2021-09-13 08:35:00,40.752472,-73.87818,0,0,Unspecified,4459109,28.8,21.8,1.1,1.1,0.0,2.0,53,20.1,36.7,277,Drizzle: Moderate,0,0,
9624,2021-09-18 22:45:00,40.734314,-73.93803,2,0,Unspecified,4458801,27.1,19.2,0.2,0.2,0.0,2.0,51,14.6,25.9,349,Drizzle: Light,2,2,
9625,2021-09-17 19:25:00,40.695004,-73.9525,1,0,Passing Too Closely,4459293,23.6,20.1,1.0,1.0,0.0,7.0,51,20.3,38.9,59,Drizzle: Light,1,1,
9626,2021-09-18 14:57:00,40.860237,-73.892845,1,0,Driver Inattention/Distraction,4458938,27.1,19.2,0.2,0.2,0.0,2.0,51,14.6,25.9,349,Drizzle: Light,1,1,
9627,2021-09-18 00:00:00,40.71997,-73.992905,0,0,Driver Inattention/Distraction,4458583,27.1,19.2,0.2,0.2,0.0,2.0,51,14.6,25.9,349,Drizzle: Light,0,0,
9628,2021-09-18 20:28:00,40.800507,-73.96798,2,0,Traffic Control Disregarded,4458710,27.1,19.2,0.2,0.2,0.0,2.0,51,14.6,25.9,349,Drizzle: Light,2,2,
9629,2021-09-18 01:10:00,40.814594,-73.88588,0,0,Alcohol Involvement,4458367,27.1,19.2,0.2,0.2,0.0,2.0,51,14.6,25.9,349,Drizzle: Light,0,0,
9630,2021-09-18 01:58:00,40.746883,-73.76348,2,0,Alcohol Involvement,4458294,27.1,19.2,0.2,0.2,0.0,2.0,51,14.6,25.9,349,Drizzle: Light,2,2,
9631,2021-09-18 12:50:00,40.658577,-73.89063,0,0,Failure to Yield Right-of-Way,4458476,27.1,19.2,0.2,0.2,0.0,2.0,51,14.6,25.9,349,Drizzle: Light,0,0,
9632,2021-09-18 00:15:00,40.735664,-74.00162,1,0,Unspecified,4459171,27.1,19.2,0.2,0.2,0.0,2.0,51,14.6,25.9,349,Drizzle: Light,1,1,
9633,2021-09-18 07:00:00,40.668186,-73.74111,0,0,Unspecified,4458601,27.1,19.2,0.2,0.2,0.0,2.0,51,14.6,25.9,349,Drizzle: Light,0,0,
9634,2021-09-18 00:00:00,40.6333,-73.94812,1,0,Unspecified,4458450,27.1,19.2,0.2,0.2,0.0,2.0,51,14.6,25.9,349,Drizzle: Light,1,1,
9635,2021-09-13 00:01:00,40.64548,-74.087746,0,0,Driver Inattention/Distraction,4459054,28.8,21.8,1.1,1.1,0.0,2.0,53,20.1,36.7,277,Drizzle: Moderate,0,0,
9636,2021-09-18 14:13:00,40.820187,-73.890686,0,0,Passing or Lane Usage Improper,4459068,27.1,19.2,0.2,0.2,0.0,2.0,51,14.6,25.9,349,Drizzle: Light,0,0,
9637,2021-09-18 12:00:00,40.700054,-73.92459,0,0,Unsafe Lane Changing,4459009,27.1,19.2,0.2,0.2,0.0,2.0,51,14.6,25.9,349,Drizzle: Light,0,0,
9638,2021-09-04 05:45:00,40.559128,-74.16948,1,0,Other Vehicular,4459140,25.2,14.5,0.0,0.0,0.0,0.0,3,15.4,27.0,289,Overcast,1,1,
9639,2021-09-18 10:09:00,40.694576,-73.95615,0,0,Turning Improperly,4459279,27.1,19.2,0.2,0.2,0.0,2.0,51,14.6,25.9,349,Drizzle: Light,0,0,
9640,2021-09-18 15:45:00,40.677467,-73.86671,1,0,Failure to Yield Right-of-Way,4458494,27.1,19.2,0.2,0.2,0.0,2.0,51,14.6,25.9,349,Drizzle: Light,1,1,
9641,2021-09-18 19:50:00,40.73149,-73.84215,0,0,Unsafe Lane Changing,4459024,27.1,19.2,0.2,0.2,0.0,2.0,51,14.6,25.9,349,Drizzle: Light,0,0,
9642,2021-09-01 16:00:00,40.734295,-74.00717,0,0,Turning Improperly,4459167,23.2,18.4,121.7,121.7,0.0,18.0,65,43.2,78.5,42,Rain: Heavy,0,0,
9643,2021-09-18 00:00:00,40.878784,-73.87298,0,0,Unspecified,4458780,27.1,19.2,0.2,0.2,0.0,2.0,51,14.6,25.9,349,Drizzle: Light,0,0,
9644,2021-09-18 16:20:00,40.744465,-73.77179,0,0,Unsafe Lane Changing,4458405,27.1,19.2,0.2,0.2,0.0,2.0,51,14.6,25.9,349,Drizzle: Light,0,0,
9645,2021-09-18 19:45:00,40.874485,-73.843,4,0,Backing Unsafely,4458843,27.1,19.2,0.2,0.2,0.0,2.0,51,14.6,25.9,349,Drizzle: Light,4,4,
9646,2021-09-04 14:45:00,40.62551,-74.07599,18,0,Driver Inexperience,4459119,25.2,14.5,0.0,0.0,0.0,0.0,3,15.4,27.0,289,Overcast,18,18,
9647,2021-09-18 09:00:00,40.726677,-73.90736,0,0,Unspecified,4458755,27.1,19.2,0.2,0.2,0.0,2.0,51,14.6,25.9,349,Drizzle: Light,0,0,
9648,2021-09-18 17:22:00,40.778606,-73.84339,0,0,Passing or Lane Usage Improper,4458433,27.1,19.2,0.2,0.2,0.0,2.0,51,14.6,25.9,349,Drizzle: Light,0,0,
9649,2021-09-18 09:10:00,40.8314,-73.88783,0,0,Driver Inattention/Distraction,4458950,27.1,19.2,0.2,0.2,0.0,2.0,51,14.6,25.9,349,Drizzle: Light,0,0,
9650,2021-09-18 02:36:00,40.84497,-73.90247,1,0,Driver Inattention/Distraction,4458928,27.1,19.2,0.2,0.2,0.0,2.0,51,14.6,25.9,349,Drizzle: Light,1,1,
9651,2021-09-18 04:50:00,40.71299,-73.94921,0,0,Steering Failure,4458356,27.1,19.2,0.2,0.2,0.0,2.0,51,14.6,25.9,349,Drizzle: Light,0,0,
9652,2020-09-20 09:14:00,40.722095,-73.77772,0,0,Driver Inattention/Distraction,4459141,17.0,9.2,0.0,0.0,0.0,0.0,3,18.1,37.1,27,Overcast,0,0,
9653,2021-09-07 06:56:00,40.665154,-73.83366,1,0,Driver Inexperience,4454664,25.9,15.2,0.0,0.0,0.0,0.0,1,12.5,25.6,259,Mainly clear,1,1,Sunny/Clear Conditions
9654,2021-09-14 03:00:00,40.879578,-73.879,0,0,Unsafe Lane Changing,4459202,26.0,19.0,0.2,0.2,0.0,1.0,51,18.0,35.6,138,Drizzle: Light,0,0,
9655,2021-09-10 12:00:00,40.694115,-73.79214,0,0,Unsafe Speed,4459249,22.9,16.0,0.0,0.0,0.0,0.0,3,24.2,47.2,314,Overcast,0,0,
9656,2021-09-18 02:10:00,40.75868,-73.87552,0,0,Alcohol Involvement,4458569,27.1,19.2,0.2,0.2,0.0,2.0,51,14.6,25.9,349,Drizzle: Light,0,0,
9657,2021-09-13 22:55:00,40.821636,-73.93909,1,0,Driver Inattention/Distraction,4459060,28.8,21.8,1.1,1.1,0.0,2.0,53,20.1,36.7,277,Drizzle: Moderate,1,1,
9658,2021-09-15 18:55:00,40.576042,-73.99008,0,0,Traffic Control Disregarded,4459064,29.6,20.7,0.3,0.3,0.0,3.0,51,21.6,40.7,192,Drizzle: Light,0,0,
9659,2021-09-18 04:52:00,40.59423,-73.908325,0,0,Passing or Lane Usage Improper,4458288,27.1,19.2,0.2,0.2,0.0,2.0,51,14.6,25.9,349,Drizzle: Light,0,0,
9660,2021-09-01 19:28:00,40.738132,-74.008385,0,0,Unspecified,4459176,23.2,18.4,121.7,121.7,0.0,18.0,65,43.2,78.5,42,Rain: Heavy,0,0,
9661,2021-09-18 02:43:00,40.685722,-73.85738,0,0,Driver Inexperience,4458641,27.1,19.2,0.2,0.2,0.0,2.0,51,14.6,25.9,349,Drizzle: Light,0,0,
9662,2021-09-18 20:00:00,40.66366,-73.90146,0,0,Unspecified,4458673,27.1,19.2,0.2,0.2,0.0,2.0,51,14.6,25.9,349,Drizzle: Light,0,0,
9663,2021-08-27 13:00:00,40.692356,-73.94282,0,0,Following Too Closely,4459273,32.2,23.4,1.4,1.4,0.0,2.0,55,9.4,22.3,299,Drizzle: Dense,0,0,
9664,2021-09-15 15:57:00,40.6867,-73.9982,0,0,Oversized Vehicle,4459313,29.6,20.7,0.3,0.3,0.0,3.0,51,21.6,40.7,192,Drizzle: Light,0,0,
9665,2021-09-18 17:30:00,40.837246,-73.885704,0,0,Unspecified,4458967,27.1,19.2,0.2,0.2,0.0,2.0,51,14.6,25.9,349,Drizzle: Light,0,0,
9666,2021-09-06 21:30:00,40.73509,-73.9956,1,0,Driver Inattention/Distraction,4459157,26.9,18.4,0.0,0.0,0.0,0.0,3,19.6,37.8,273,Overcast,1,1,
9667,2021-09-18 20:00:00,40.743343,-73.97203,0,0,Other Vehicular,4458652,27.1,19.2,0.2,0.2,0.0,2.0,51,14.6,25.9,349,Drizzle: Light,0,0,
9668,2021-09-18 16:38:00,40.865967,-73.8568,1,0,Driver Inattention/Distraction,4458426,27.1,19.2,0.2,0.2,0.0,2.0,51,14.6,25.9,349,Drizzle: Light,1,1,
9669,2021-09-18 02:30:00,40.842438,-73.85377,0,0,Following Too Closely,4458338,27.1,19.2,0.2,0.2,0.0,2.0,51,14.6,25.9,349,Drizzle: Light,0,0,
9670,2021-09-18 13:40:00,40.68488,-73.92311,0,0,Driver Inattention/Distraction,4458831,27.1,19.2,0.2,0.2,0.0,2.0,51,14.6,25.9,349,Drizzle: Light,0,0,
9671,2021-09-18 19:43:00,40.84353,-73.89401,1,0,Other Vehicular,4458982,27.1,19.2,0.2,0.2,0.0,2.0,51,14.6,25.9,349,Drizzle: Light,1,1,
9672,2021-09-18 18:48:00,40.68962,-73.97313,2,0,View Obstructed/Limited,4458456,27.1,19.2,0.2,0.2,0.0,2.0,51,14.6,25.9,349,Drizzle: Light,2,2,
9673,2021-09-18 20:58:00,40.71475,-73.96105,1,0,Passing or Lane Usage Improper,4458897,27.1,19.2,0.2,0.2,0.0,2.0,51,14.6,25.9,349,Drizzle: Light,1,1,
9674,2021-09-18 18:30:00,40.54977,-74.192116,1,0,View Obstructed/Limited,4459148,27.1,19.2,0.2,0.2,0.0,2.0,51,14.6,25.9,349,Drizzle: Light,1,1,
9675,2021-09-18 16:21:00,40.680088,-73.80177,1,0,Failure to Yield Right-of-Way,4459360,27.1,19.2,0.2,0.2,0.0,2.0,51,14.6,25.9,349,Drizzle: Light,1,1,
9676,2021-09-18 20:51:00,40.750317,-73.99112,0,0,Unspecified,4458513,27.1,19.2,0.2,0.2,0.0,2.0,51,14.6,25.9,349,Drizzle: Light,0,0,
9677,2021-09-18 00:30:00,40.747242,-73.88766,0,0,Driver Inattention/Distraction,4458577,27.1,19.2,0.2,0.2,0.0,2.0,51,14.6,25.9,349,Drizzle: Light,0,0,
9678,2021-09-17 18:00:00,40.644127,-74.00417,0,0,Unspecified,4459102,23.6,20.1,1.0,1.0,0.0,7.0,51,20.3,38.9,59,Drizzle: Light,0,0,
9679,2021-09-17 19:00:00,40.73619,-73.85806,0,0,Driver Inattention/Distraction,4459041,23.6,20.1,1.0,1.0,0.0,7.0,51,20.3,38.9,59,Drizzle: Light,0,0,
9680,2021-09-18 21:00:00,40.60853,-73.89788,0,0,Passing or Lane Usage Improper,4459237,27.1,19.2,0.2,0.2,0.0,2.0,51,14.6,25.9,349,Drizzle: Light,0,0,
9681,2021-09-16 11:00:00,40.882866,-73.90201,0,0,Unspecified,4459267,23.9,19.1,4.0,4.0,0.0,10.0,55,18.8,37.8,38,Drizzle: Dense,0,0,
9682,2021-09-18 10:45:00,40.717064,-73.944824,0,0,Passing Too Closely,4458631,27.1,19.2,0.2,0.2,0.0,2.0,51,14.6,25.9,349,Drizzle: Light,0,0,
9683,2021-09-18 01:00:00,40.556526,-74.13934,0,0,Steering Failure,4459211,27.1,19.2,0.2,0.2,0.0,2.0,51,14.6,25.9,349,Drizzle: Light,0,0,
9684,2021-09-18 00:00:00,40.746956,-73.890305,0,0,Backing Unsafely,4459032,27.1,19.2,0.2,0.2,0.0,2.0,51,14.6,25.9,349,Drizzle: Light,0,0,
9685,2021-09-11 16:24:00,40.778656,-73.94764,0,0,Driver Inattention/Distraction,4459343,24.7,12.9,0.0,0.0,0.0,0.0,3,16.6,34.2,246,Overcast,0,0,
9686,2021-09-18 14:25:00,40.86235,-73.89997,0,0,Unsafe Speed,4459051,27.1,19.2,0.2,0.2,0.0,2.0,51,14.6,25.9,349,Drizzle: Light,0,0,
9687,2021-09-18 14:05:00,40.868458,-73.8214,2,0,Unspecified,4458536,27.1,19.2,0.2,0.2,0.0,2.0,51,14.6,25.9,349,Drizzle: Light,2,2,
9688,2021-12-09 14:45:00,40.817993,-73.93804,0,0,Driver Inattention/Distraction,4485928,3.6,-2.0,0.1,0.0,0.07,1.0,71,19.2,33.8,295,Snow fall: Light,0,0,Snowy Conditions
9689,2021-12-08 16:38:00,40.79897,-73.93432,0,0,Driver Inattention/Distraction,4485920,4.7,0.9,0.7,0.7,0.0,2.0,51,14.5,24.8,355,Drizzle: Light,0,0,
9690,2021-12-08 12:15:00,40.696033,-73.984535,0,0,Passing Too Closely,4484703,4.7,0.9,0.7,0.7,0.0,2.0,51,14.5,24.8,355,Drizzle: Light,0,0,
9691,2021-12-08 07:00:00,40.694336,-73.741585,0,0,Unspecified,4484638,4.7,0.9,0.7,0.7,0.0,2.0,51,14.5,24.8,355,Drizzle: Light,0,0,
9692,2021-12-08 18:10:00,40.664505,-73.90673,1,0,Driver Inattention/Distraction,4484813,4.7,0.9,0.7,0.7,0.0,2.0,51,14.5,24.8,355,Drizzle: Light,1,1,
9693,2021-12-10 16:15:00,40.751446,-74.001434,0,0,Passing Too Closely,4485475,8.5,1.6,0.0,0.0,0.0,0.0,3,9.8,20.5,183,Overcast,0,0,
9694,2021-12-09 16:15:00,40.76616,-73.82091,0,0,Failure to Yield Right-of-Way,4485136,3.6,-2.0,0.1,0.0,0.07,1.0,71,19.2,33.8,295,Snow fall: Light,0,0,Snowy Conditions
9695,2021-12-08 17:00:00,40.7046,-73.81018,0,0,Alcohol Involvement,4484787,4.7,0.9,0.7,0.7,0.0,2.0,51,14.5,24.8,355,Drizzle: Light,0,0,
9696,2021-12-09 13:00:00,40.69687,-73.799194,0,0,Unspecified,4485225,3.6,-2.0,0.1,0.0,0.07,1.0,71,19.2,33.8,295,Snow fall: Light,0,0,Snowy Conditions
9697,2024-02-02 08:40:00,40.651268,-73.97181,0,0,Unspecified,4699637,5.9,2.0,6.1,6.1,0.0,16.0,55,21.3,37.4,352,Drizzle: Dense,0,0,
9698,2023-08-04 01:17:00,40.669403,-73.94221,0,0,Following Too Closely,4651356,27.1,18.2,0.9,0.9,0.0,7.0,51,19.6,40.7,215,Drizzle: Light,0,0,
9699,2024-04-27 21:00:00,40.82476,-73.89388,0,0,Aggressive Driving/Road Rage,4721649,14.4,2.5,0.3,0.3,0.0,1.0,51,26.3,50.8,179,Drizzle: Light,0,0,
9700,2021-05-02 10:15:00,40.718628,-74.00255,1,0,Traffic Control Disregarded,4412773,26.3,11.3,0.0,0.0,0.0,0.0,3,23.0,43.9,251,Overcast,1,1,
9701,2021-04-17 16:20:00,40.62693,-74.0779,1,0,Driver Inattention/Distraction,4413246,11.8,4.9,0.3,0.3,0.0,2.0,51,17.1,32.4,313,Drizzle: Light,1,1,
9702,2021-04-17 22:12:00,40.632675,-74.116844,1,0,Driver Inattention/Distraction,4413192,11.8,4.9,0.3,0.3,0.0,2.0,51,17.1,32.4,313,Drizzle: Light,1,1,
9703,2021-05-02 01:15:00,40.663517,-73.758644,0,0,Failure to Yield Right-of-Way,4412252,26.3,11.3,0.0,0.0,0.0,0.0,3,23.0,43.9,251,Overcast,0,0,
9704,2021-05-02 21:25:00,40.692097,-73.988976,1,0,Traffic Control Disregarded,4412886,26.3,11.3,0.0,0.0,0.0,0.0,3,23.0,43.9,251,Overcast,1,1,
9705,2021-05-02 20:45:00,40.679005,-73.819595,1,0,Turning Improperly,4412708,26.3,11.3,0.0,0.0,0.0,0.0,3,23.0,43.9,251,Overcast,1,1,
9706,2021-05-02 00:30:00,40.70509,-74.016464,0,0,Unspecified,4413135,26.3,11.3,0.0,0.0,0.0,0.0,3,23.0,43.9,251,Overcast,0,0,
9707,2021-05-02 20:25:00,40.764988,-73.96116,1,0,Driver Inexperience,4412727,26.3,11.3,0.0,0.0,0.0,0.0,3,23.0,43.9,251,Overcast,1,1,
9708,2021-05-01 16:20:00,40.633255,-74.11196,0,0,Unspecified,4413243,17.3,5.0,0.0,0.0,0.0,0.0,3,31.7,63.4,302,Overcast,0,0,
9709,2021-04-24 19:19:00,40.756264,-73.921196,0,0,Driver Inattention/Distraction,4413372,19.7,6.0,0.0,0.0,0.0,0.0,3,26.7,49.3,232,Overcast,0,0,
9710,2021-05-02 12:30:00,40.74284,-74.00028,0,0,Driver Inattention/Distraction,4413016,26.3,11.3,0.0,0.0,0.0,0.0,3,23.0,43.9,251,Overcast,0,0,
9711,2021-05-02 11:11:00,40.607857,-74.01442,0,0,Driver Inattention/Distraction,4412559,26.3,11.3,0.0,0.0,0.0,0.0,3,23.0,43.9,251,Overcast,0,0,
9712,2021-05-02 06:00:00,40.84551,-73.83422,2,0,Failure to Yield Right-of-Way,4412789,26.3,11.3,0.0,0.0,0.0,0.0,3,23.0,43.9,251,Overcast,2,2,
9713,2021-05-02 15:30:00,40.771347,-73.87097,2,0,Driver Inattention/Distraction,4412827,26.3,11.3,0.0,0.0,0.0,0.0,3,23.0,43.9,251,Overcast,2,2,
9714,2021-05-02 08:25:00,40.817844,-73.94185,0,0,Passing Too Closely,4412895,26.3,11.3,0.0,0.0,0.0,0.0,3,23.0,43.9,251,Overcast,0,0,
9715,2021-05-02 12:10:00,40.82256,-73.87101,0,0,Following Too Closely,4412934,26.3,11.3,0.0,0.0,0.0,0.0,3,23.0,43.9,251,Overcast,0,0,
9716,2021-05-02 01:30:00,40.623978,-73.92063,3,0,Failure to Yield Right-of-Way,4412502,26.3,11.3,0.0,0.0,0.0,0.0,3,23.0,43.9,251,Overcast,3,3,
9717,2021-05-02 06:39:00,40.691917,-73.75042,0,0,Passing or Lane Usage Improper,4412453,26.3,11.3,0.0,0.0,0.0,0.0,3,23.0,43.9,251,Overcast,0,0,
9718,2021-05-02 03:23:00,40.63987,-73.950325,0,0,Unsafe Speed,4412495,26.3,11.3,0.0,0.0,0.0,0.0,3,23.0,43.9,251,Overcast,0,0,
9719,2021-05-02 14:40:00,40.63173,-74.1249,1,0,Driver Inexperience,4412457,26.3,11.3,0.0,0.0,0.0,0.0,3,23.0,43.9,251,Overcast,1,1,
9720,2021-05-01 21:35:00,40.82403,-73.94476,0,0,Reaction to Uninvolved Vehicle,4413304,17.3,5.0,0.0,0.0,0.0,0.0,3,31.7,63.4,302,Overcast,0,0,
9721,2021-05-02 18:00:00,40.668976,-73.90668,3,0,Other Vehicular,4412608,26.3,11.3,0.0,0.0,0.0,0.0,3,23.0,43.9,251,Overcast,3,3,
9722,2021-05-02 18:15:00,40.73845,-73.8863,0,0,Backing Unsafely,4412546,26.3,11.3,0.0,0.0,0.0,0.0,3,23.0,43.9,251,Overcast,0,0,
9723,2021-05-02 02:40:00,40.758595,-73.87452,0,0,Alcohol Involvement,4412351,26.3,11.3,0.0,0.0,0.0,0.0,3,23.0,43.9,251,Overcast,0,0,
9724,2021-05-02 15:06:00,40.788795,-73.93755,0,0,Reaction to Uninvolved Vehicle,4412933,26.3,11.3,0.0,0.0,0.0,0.0,3,23.0,43.9,251,Overcast,0,0,
9725,2021-05-02 23:05:00,40.636154,-73.9123,0,0,Unspecified,4412695,26.3,11.3,0.0,0.0,0.0,0.0,3,23.0,43.9,251,Overcast,0,0,
9726,2021-05-02 15:25:00,40.773006,-73.96033,0,0,Following Too Closely,4412737,26.3,11.3,0.0,0.0,0.0,0.0,3,23.0,43.9,251,Overcast,0,0,
9727,2021-05-02 23:55:00,40.663204,-73.92247,0,0,Unspecified,4412978,26.3,11.3,0.0,0.0,0.0,0.0,3,23.0,43.9,251,Overcast,0,0,
9728,2021-05-02 16:22:00,40.751102,-73.8912,1,0,Driver Inattention/Distraction,4412831,26.3,11.3,0.0,0.0,0.0,0.0,3,23.0,43.9,251,Overcast,1,1,