,CRASH DATETIME,LATITUDE,LONGITUDE,NUMBER OF PERSONS INJURED,NUMBER OF PERSONS KILLED,CONTRIBUTING FACTOR VEHICLE 1,COLLISION_ID,temperature_2m_max,temperature_2m_min,precipitation_sum,rain_sum,snowfall_sum,precipitation_hours,weather_code,wind_speed_10m_max,wind_gusts_10m_max,wind_direction_10m_dominant,Weather Description,Severity_Score,Total_Affected_Persons,Weather_Category
9729,2021-05-02 23:28:00,40.83351,-73.85809,0,0,Oversized Vehicle,4412942,26.3,11.3,0.0,0.0,0.0,0.0,3,23.0,43.9,251,Overcast,0,0,
9730,2021-05-02 10:25:00,40.6103,-73.959526,1,0,Driver Inattention/Distraction,4412435,26.3,11.3,0.0,0.0,0.0,0.0,3,23.0,43.9,251,Overcast,1,1,
9731,2021-05-02 12:30:00,40.686085,-73.982666,0,0,Other Vehicular,4412523,26.3,11.3,0.0,0.0,0.0,0.0,3,23.0,43.9,251,Overcast,0,0,
9732,2021-05-02 02:10:00,40.69065,-73.81033,0,0,Driver Inattention/Distraction,4412658,26.3,11.3,0.0,0.0,0.0,0.0,3,23.0,43.9,251,Overcast,0,0,
9733,2021-05-02 10:40:00,40.689934,-73.842545,0,0,Aggressive Driving/Road Rage,4412826,26.3,11.3,0.0,0.0,0.0,0.0,3,23.0,43.9,251,Overcast,0,0,
9734,2021-04-25 18:45:00,40.561077,-74.16984,2,0,Driver Inexperience,4413172,16.6,8.7,12.7,12.7,0.0,11.0,61,19.2,37.4,341,Rain: Light,2,2,
9735,2021-05-02 06:18:00,40.677753,-73.93028,1,0,Driver Inattention/Distraction,4412565,26.3,11.3,0.0,0.0,0.0,0.0,3,23.0,43.9,251,Overcast,1,1,
9736,2021-05-02 20:32:00,40.75108,-73.98686,1,0,Traffic Control Disregarded,4412627,26.3,11.3,0.0,0.0,0.0,0.0,3,23.0,43.9,251,Overcast,1,1,
9737,2021-04-29 16:17:00,40.760403,-73.98748,1,0,Driver Inattention/Distraction,4413348,22.5,12.9,3.8,3.8,0.0,9.0,53,25.6,50.8,199,Drizzle: Moderate,1,1,
9738,2021-05-02 15:05:00,40.741993,-73.807304,0,0,Unspecified,4412478,26.3,11.3,0.0,0.0,0.0,0.0,3,23.0,43.9,251,Overcast,0,0,
9739,2021-05-02 15:45:00,40.682148,-73.982864,1,0,Backing Unsafely,4413131,26.3,11.3,0.0,0.0,0.0,0.0,3,23.0,43.9,251,Overcast,1,1,
9740,2021-05-02 12:15:00,40.810024,-73.93754,0,0,Following Too Closely,4412870,26.3,11.3,0.0,0.0,0.0,0.0,3,23.0,43.9,251,Overcast,0,0,
9741,2021-05-02 18:31:00,40.86241,-73.9225,2,0,Unsafe Lane Changing,4412918,26.3,11.3,0.0,0.0,0.0,0.0,3,23.0,43.9,251,Overcast,2,2,
9742,2021-05-02 19:02:00,40.61692,-73.92152,0,0,Unspecified,4413061,26.3,11.3,0.0,0.0,0.0,0.0,3,23.0,43.9,251,Overcast,0,0,
9743,2021-05-01 23:45:00,40.754986,-73.74535,0,0,Driver Inattention/Distraction,4413277,17.3,5.0,0.0,0.0,0.0,0.0,3,31.7,63.4,302,Overcast,0,0,
9744,2021-05-02 19:00:00,40.60095,-73.93716,0,0,Alcohol Involvement,4412688,26.3,11.3,0.0,0.0,0.0,0.0,3,23.0,43.9,251,Overcast,0,0,
9745,2021-04-25 15:28:00,40.886395,-73.86125,0,0,Unspecified,4413213,16.6,8.7,12.7,12.7,0.0,11.0,61,19.2,37.4,341,Rain: Light,0,0,
9746,2021-05-02 10:30:00,40.750244,-73.920135,1,0,Pedestrian/Bicyclist/Other Pedestrian Error/Confusion,4412733,26.3,11.3,0.0,0.0,0.0,0.0,3,23.0,43.9,251,Overcast,1,1,
9747,2021-05-02 02:28:00,40.83096,-73.94947,0,0,Oversized Vehicle,4412640,26.3,11.3,0.0,0.0,0.0,0.0,3,23.0,43.9,251,Overcast,0,0,
9748,2021-05-02 11:56:00,40.63989,-73.74272,0,0,Unspecified,4412582,26.3,11.3,0.0,0.0,0.0,0.0,3,23.0,43.9,251,Overcast,0,0,
9749,2021-04-20 10:30:00,40.643017,-73.88968,0,0,Unspecified,4413156,21.4,6.5,0.0,0.0,0.0,0.0,3,26.0,56.2,223,Overcast,0,0,
9750,2021-05-02 22:45:00,40.748013,-73.856834,0,0,Unspecified,4412753,26.3,11.3,0.0,0.0,0.0,0.0,3,23.0,43.9,251,Overcast,0,0,
9751,2021-05-02 18:48:00,40.727722,-73.83151,3,0,Driver Inattention/Distraction,4412646,26.3,11.3,0.0,0.0,0.0,0.0,3,23.0,43.9,251,Overcast,3,3,
9752,2021-05-02 19:20:00,40.707966,-73.99975,0,0,Unsafe Lane Changing,4412758,26.3,11.3,0.0,0.0,0.0,0.0,3,23.0,43.9,251,Overcast,0,0,
9753,2021-04-24 17:05:00,40.710117,-73.90423,0,0,Unspecified,4413228,19.7,6.0,0.0,0.0,0.0,0.0,3,26.7,49.3,232,Overcast,0,0,
9754,2021-05-02 02:20:00,40.787525,-73.79483,0,0,Passing or Lane Usage Improper,4412254,26.3,11.3,0.0,0.0,0.0,0.0,3,23.0,43.9,251,Overcast,0,0,
9755,2021-04-25 12:50:00,40.762672,-73.97327,1,0,Aggressive Driving/Road Rage,4413356,16.6,8.7,12.7,12.7,0.0,11.0,61,19.2,37.4,341,Rain: Light,1,1,
9756,2021-05-02 14:50:00,40.752415,-73.97838,0,0,Driver Inattention/Distraction,4412617,26.3,11.3,0.0,0.0,0.0,0.0,3,23.0,43.9,251,Overcast,0,0,
9757,2021-05-02 18:57:00,40.667313,-73.73926,2,0,Unspecified,4413040,26.3,11.3,0.0,0.0,0.0,0.0,3,23.0,43.9,251,Overcast,2,2,
9758,2021-04-29 11:53:00,40.645027,-73.91998,1,0,Unspecified,4413186,22.5,12.9,3.8,3.8,0.0,9.0,53,25.6,50.8,199,Drizzle: Moderate,1,1,
9759,2021-05-02 02:50:00,40.828125,-73.84105,0,0,Failure to Yield Right-of-Way,4412297,26.3,11.3,0.0,0.0,0.0,0.0,3,23.0,43.9,251,Overcast,0,0,
9760,2021-04-30 12:12:00,40.611347,-74.08856,0,0,Aggressive Driving/Road Rage,4413244,19.9,7.6,0.4,0.4,0.0,4.0,51,36.9,82.1,289,Drizzle: Light,0,0,
9761,2021-05-02 19:00:00,40.70768,-73.74512,0,0,Unspecified,4412580,26.3,11.3,0.0,0.0,0.0,0.0,3,23.0,43.9,251,Overcast,0,0,
9762,2021-05-02 21:27:00,40.802814,-73.90848,0,0,Unspecified,4412722,26.3,11.3,0.0,0.0,0.0,0.0,3,23.0,43.9,251,Overcast,0,0,
9763,2021-04-24 20:15:00,40.75588,-73.92371,0,0,Unspecified,4413373,19.7,6.0,0.0,0.0,0.0,0.0,3,26.7,49.3,232,Overcast,0,0,
9764,2021-05-02 16:00:00,40.666855,-73.75293,0,0,Unspecified,4412641,26.3,11.3,0.0,0.0,0.0,0.0,3,23.0,43.9,251,Overcast,0,0,
9765,2021-05-02 21:36:00,40.665398,-73.95093,3,0,Passing or Lane Usage Improper,4413015,26.3,11.3,0.0,0.0,0.0,0.0,3,23.0,43.9,251,Overcast,3,3,
9766,2021-04-21 06:43:00,40.69366,-73.85217,2,0,Driver Inexperience,4413155,18.2,3.7,3.7,3.7,0.0,3.0,63,29.9,59.0,256,Rain: Moderate,2,2,
9767,2021-05-02 16:48:00,40.602478,-73.96636,2,0,Unspecified,4412679,26.3,11.3,0.0,0.0,0.0,0.0,3,23.0,43.9,251,Overcast,2,2,
9768,2021-05-01 02:25:00,40.762287,-73.97027,0,0,Unspecified,4413346,17.3,5.0,0.0,0.0,0.0,0.0,3,31.7,63.4,302,Overcast,0,0,
9769,2021-05-02 13:10:00,40.786,-73.84574,1,0,Traffic Control Disregarded,4412469,26.3,11.3,0.0,0.0,0.0,0.0,3,23.0,43.9,251,Overcast,1,1,
9770,2021-05-02 11:30:00,40.634808,-73.94785,1,0,Passing Too Closely,4412496,26.3,11.3,0.0,0.0,0.0,0.0,3,23.0,43.9,251,Overcast,1,1,
9771,2021-05-02 00:04:00,40.820305,-73.89083,0,0,Unspecified,4412612,26.3,11.3,0.0,0.0,0.0,0.0,3,23.0,43.9,251,Overcast,0,0,
9772,2021-05-02 14:55:00,40.852734,-73.888084,0,0,Driver Inattention/Distraction,4412949,26.3,11.3,0.0,0.0,0.0,0.0,3,23.0,43.9,251,Overcast,0,0,
9773,2022-09-17 00:15:00,40.5516,-74.190155,0,0,Unspecified,4567042,22.9,16.8,0.0,0.0,0.0,0.0,3,16.9,32.0,115,Overcast,0,0,
9774,2021-05-02 10:50:00,40.721436,-73.81871,1,0,Driver Inattention/Distraction,4412442,26.3,11.3,0.0,0.0,0.0,0.0,3,23.0,43.9,251,Overcast,1,1,
9775,2021-05-02 16:15:00,40.73697,-73.980835,1,0,Driver Inattention/Distraction,4412872,26.3,11.3,0.0,0.0,0.0,0.0,3,23.0,43.9,251,Overcast,1,1,
9776,2021-05-02 14:50:00,40.62717,-73.96541,1,0,Driver Inattention/Distraction,4412489,26.3,11.3,0.0,0.0,0.0,0.0,3,23.0,43.9,251,Overcast,1,1,
9777,2021-05-02 22:25:00,40.725266,-73.8266,0,0,Fatigued/Drowsy,4412649,26.3,11.3,0.0,0.0,0.0,0.0,3,23.0,43.9,251,Overcast,0,0,
9778,2021-05-02 22:50:00,0.0,0.0,0,0,Driver Inattention/Distraction,4412980,26.3,11.3,0.0,0.0,0.0,0.0,3,23.0,43.9,251,Overcast,0,0,
9779,2021-05-02 19:45:00,40.750416,-73.897736,3,0,Other Vehicular,4412590,26.3,11.3,0.0,0.0,0.0,0.0,3,23.0,43.9,251,Overcast,3,3,
9780,2021-05-02 16:50:00,40.58493,-73.91434,0,0,Driver Inattention/Distraction,4412665,26.3,11.3,0.0,0.0,0.0,0.0,3,23.0,43.9,251,Overcast,0,0,
9781,2021-05-02 00:10:00,40.70313,-73.816795,0,0,Reaction to Uninvolved Vehicle,4412830,26.3,11.3,0.0,0.0,0.0,0.0,3,23.0,43.9,251,Overcast,0,0,
9782,2021-05-02 00:30:00,40.621017,-74.13181,1,0,Brakes Defective,4412318,26.3,11.3,0.0,0.0,0.0,0.0,3,23.0,43.9,251,Overcast,1,1,
9783,2021-05-02 06:30:00,40.694065,-73.934425,0,0,Driver Inattention/Distraction,4412547,26.3,11.3,0.0,0.0,0.0,0.0,3,23.0,43.9,251,Overcast,0,0,
9784,2021-05-02 18:19:00,40.815304,-73.94371,1,0,Driver Inattention/Distraction,4412885,26.3,11.3,0.0,0.0,0.0,0.0,3,23.0,43.9,251,Overcast,1,1,
9785,2021-05-02 02:50:00,40.83425,-73.82908,0,0,Failure to Yield Right-of-Way,4412788,26.3,11.3,0.0,0.0,0.0,0.0,3,23.0,43.9,251,Overcast,0,0,
9786,2021-05-02 22:00:00,40.828545,-73.8919,0,0,Unsafe Speed,4412694,26.3,11.3,0.0,0.0,0.0,0.0,3,23.0,43.9,251,Overcast,0,0,
9787,2021-04-30 14:00:00,40.649406,-73.97175,1,0,Unspecified,4413303,19.9,7.6,0.4,0.4,0.0,4.0,51,36.9,82.1,289,Drizzle: Light,1,1,
9788,2021-05-02 11:30:00,40.78519,-73.94934,0,0,Turning Improperly,4412736,26.3,11.3,0.0,0.0,0.0,0.0,3,23.0,43.9,251,Overcast,0,0,
9789,2021-04-28 11:50:00,40.65136,-73.86971,0,0,Backing Unsafely,4413163,26.1,7.9,0.0,0.0,0.0,0.0,3,15.3,34.6,133,Overcast,0,0,
9790,2021-05-02 20:23:00,40.85894,-73.922935,1,0,Unsafe Speed,4412950,26.3,11.3,0.0,0.0,0.0,0.0,3,23.0,43.9,251,Overcast,1,1,
9791,2021-05-02 05:15:00,40.61847,-73.89746,0,0,Unsafe Speed,4413070,26.3,11.3,0.0,0.0,0.0,0.0,3,23.0,43.9,251,Overcast,0,0,
9792,2021-05-02 19:24:00,40.802498,-73.94092,1,0,Driver Inattention/Distraction,4412892,26.3,11.3,0.0,0.0,0.0,0.0,3,23.0,43.9,251,Overcast,1,1,
9793,2021-05-02 02:50:00,40.766685,-73.892136,3,0,Alcohol Involvement,4412348,26.3,11.3,0.0,0.0,0.0,0.0,3,23.0,43.9,251,Overcast,3,3,
9794,2021-05-02 15:40:00,40.660175,-73.9282,0,0,Driver Inattention/Distraction,4412500,26.3,11.3,0.0,0.0,0.0,0.0,3,23.0,43.9,251,Overcast,0,0,
9795,2021-05-02 20:15:00,40.62519,-73.96119,1,0,Driver Inattention/Distraction,4412768,26.3,11.3,0.0,0.0,0.0,0.0,3,23.0,43.9,251,Overcast,1,1,
9796,2021-05-02 23:14:00,40.62894,-74.116196,9,0,Unsafe Speed,4412761,26.3,11.3,0.0,0.0,0.0,0.0,3,23.0,43.9,251,Overcast,9,9,
9797,2021-05-02 00:50:00,40.80655,-73.88632,0,0,Unspecified,4412615,26.3,11.3,0.0,0.0,0.0,0.0,3,23.0,43.9,251,Overcast,0,0,
9798,2021-05-02 00:43:00,40.803593,-73.919785,0,0,Following Too Closely,4412747,26.3,11.3,0.0,0.0,0.0,0.0,3,23.0,43.9,251,Overcast,0,0,
9799,2021-04-30 21:04:00,40.724308,-73.842575,0,0,Unspecified,4413231,19.9,7.6,0.4,0.4,0.0,4.0,51,36.9,82.1,289,Drizzle: Light,0,0,
9800,2021-05-02 02:55:00,40.766434,-73.83767,1,0,Unspecified,4412255,26.3,11.3,0.0,0.0,0.0,0.0,3,23.0,43.9,251,Overcast,1,1,
9801,2021-05-02 05:56:00,40.820095,-73.955086,0,0,Passenger Distraction,4413358,26.3,11.3,0.0,0.0,0.0,0.0,3,23.0,43.9,251,Overcast,0,0,
9802,2021-05-02 17:55:00,40.701103,-73.92239,0,0,Passing Too Closely,4413031,26.3,11.3,0.0,0.0,0.0,0.0,3,23.0,43.9,251,Overcast,0,0,
9803,2021-05-02 14:20:00,40.63682,-73.90218,1,0,Failure to Yield Right-of-Way,4412874,26.3,11.3,0.0,0.0,0.0,0.0,3,23.0,43.9,251,Overcast,1,1,
9804,2021-05-02 12:05:00,40.78694,-73.77558,1,0,Following Too Closely,4412483,26.3,11.3,0.0,0.0,0.0,0.0,3,23.0,43.9,251,Overcast,1,1,
9805,2021-05-02 02:33:00,40.592636,-73.90362,0,0,Driver Inattention/Distraction,4412490,26.3,11.3,0.0,0.0,0.0,0.0,3,23.0,43.9,251,Overcast,0,0,
9806,2021-05-02 07:00:00,40.857117,-73.89907,0,0,Unspecified,4412816,26.3,11.3,0.0,0.0,0.0,0.0,3,23.0,43.9,251,Overcast,0,0,
9807,2021-05-02 16:55:00,40.586716,-73.911194,0,0,Driver Inattention/Distraction,4412518,26.3,11.3,0.0,0.0,0.0,0.0,3,23.0,43.9,251,Overcast,0,0,
9808,2021-05-02 09:57:00,40.57299,-74.13636,1,0,Driver Inattention/Distraction,4412852,26.3,11.3,0.0,0.0,0.0,0.0,3,23.0,43.9,251,Overcast,1,1,
9809,2021-05-02 15:45:00,40.689568,-73.98966,1,0,View Obstructed/Limited,4412589,26.3,11.3,0.0,0.0,0.0,0.0,3,23.0,43.9,251,Overcast,1,1,
9810,2021-05-02 19:15:00,40.786545,-73.95256,2,0,Failure to Yield Right-of-Way,4412919,26.3,11.3,0.0,0.0,0.0,0.0,3,23.0,43.9,251,Overcast,2,2,
9811,2021-05-02 07:15:00,40.62053,-74.0405,0,0,Driver Inexperience,4412404,26.3,11.3,0.0,0.0,0.0,0.0,3,23.0,43.9,251,Overcast,0,0,
9812,2021-05-02 07:25:00,40.75415,-73.853424,1,0,Driver Inattention/Distraction,4412820,26.3,11.3,0.0,0.0,0.0,0.0,3,23.0,43.9,251,Overcast,1,1,
9813,2021-05-02 23:10:00,40.822834,-73.941925,5,0,Alcohol Involvement,4412911,26.3,11.3,0.0,0.0,0.0,0.0,3,23.0,43.9,251,Overcast,5,5,
9814,2021-05-02 21:39:00,40.563915,-74.11637,0,1,Failure to Yield Right-of-Way,4412948,26.3,11.3,0.0,0.0,0.0,0.0,3,23.0,43.9,251,Overcast,20,1,
9815,2021-05-02 04:46:00,40.756725,-73.96,1,0,Driver Inattention/Distraction,4412443,26.3,11.3,0.0,0.0,0.0,0.0,3,23.0,43.9,251,Overcast,1,1,
9816,2021-05-02 12:15:00,40.63074,-73.973404,1,0,Pedestrian/Bicyclist/Other Pedestrian Error/Confusion,4412505,26.3,11.3,0.0,0.0,0.0,0.0,3,23.0,43.9,251,Overcast,1,1,
9817,2021-05-02 21:12:00,40.763897,-73.95323,6,0,Driver Inattention/Distraction,4412723,26.3,11.3,0.0,0.0,0.0,0.0,3,23.0,43.9,251,Overcast,6,6,
9818,2021-05-02 15:35:00,40.68109,-73.90338,1,0,Other Vehicular,4413025,26.3,11.3,0.0,0.0,0.0,0.0,3,23.0,43.9,251,Overcast,1,1,
9819,2021-05-02 15:46:00,40.607258,-73.96727,1,0,Unspecified,4412687,26.3,11.3,0.0,0.0,0.0,0.0,3,23.0,43.9,251,Overcast,1,1,
9820,2021-04-30 19:45:00,40.62872,-74.16042,0,0,Driver Inattention/Distraction,4413338,19.9,7.6,0.4,0.4,0.0,4.0,51,36.9,82.1,289,Drizzle: Light,0,0,
9821,2021-05-02 12:00:00,40.585686,-73.81724,0,0,Driver Inattention/Distraction,4412468,26.3,11.3,0.0,0.0,0.0,0.0,3,23.0,43.9,251,Overcast,0,0,
9822,2021-05-02 22:40:00,40.822456,-73.88728,0,0,Unspecified,4412613,26.3,11.3,0.0,0.0,0.0,0.0,3,23.0,43.9,251,Overcast,0,0,
9823,2021-05-02 13:30:00,40.676987,-73.91645,0,0,Unsafe Lane Changing,4412552,26.3,11.3,0.0,0.0,0.0,0.0,3,23.0,43.9,251,Overcast,0,0,
9824,2021-05-02 19:20:00,40.878746,-73.84241,1,0,Brakes Defective,4412799,26.3,11.3,0.0,0.0,0.0,0.0,3,23.0,43.9,251,Overcast,1,1,
9825,2021-05-02 16:20:00,40.73181,-73.84351,0,0,Backing Unsafely,4412532,26.3,11.3,0.0,0.0,0.0,0.0,3,23.0,43.9,251,Overcast,0,0,
9826,2021-04-30 17:30:00,40.65152,-73.909454,1,0,Unspecified,4413199,19.9,7.6,0.4,0.4,0.0,4.0,51,36.9,82.1,289,Drizzle: Light,1,1,
9827,2021-05-02 23:35:00,40.832863,-73.94204,1,0,Other Vehicular,4412920,26.3,11.3,0.0,0.0,0.0,0.0,3,23.0,43.9,251,Overcast,1,1,
9828,2021-05-02 17:05:00,40.67625,-73.73627,1,0,Failure to Yield Right-of-Way,4412642,26.3,11.3,0.0,0.0,0.0,0.0,3,23.0,43.9,251,Overcast,1,1,
9829,2021-05-02 21:20:00,40.617924,-74.155785,1,0,Failure to Yield Right-of-Way,4412838,26.3,11.3,0.0,0.0,0.0,0.0,3,23.0,43.9,251,Overcast,1,1,
9830,2021-05-02 14:40:00,40.845882,-73.930435,1,0,Driver Inattention/Distraction,4412890,26.3,11.3,0.0,0.0,0.0,0.0,3,23.0,43.9,251,Overcast,1,1,
9831,2021-05-02 18:55:00,40.85927,-73.90931,1,0,Driver Inattention/Distraction,4412701,26.3,11.3,0.0,0.0,0.0,0.0,3,23.0,43.9,251,Overcast,1,1,
9832,2021-05-02 01:01:00,40.6944,-73.93066,0,0,Alcohol Involvement,4413146,26.3,11.3,0.0,0.0,0.0,0.0,3,23.0,43.9,251,Overcast,0,0,
9833,2021-04-29 19:30:00,40.724136,-73.992615,0,0,Driver Inattention/Distraction,4413392,22.5,12.9,3.8,3.8,0.0,9.0,53,25.6,50.8,199,Drizzle: Moderate,0,0,
9834,2021-05-01 20:20:00,40.76275,-73.99692,1,0,Unspecified,4413182,17.3,5.0,0.0,0.0,0.0,0.0,3,31.7,63.4,302,Overcast,1,1,
9835,2021-05-02 00:45:00,40.63137,-73.95746,0,0,Aggressive Driving/Road Rage,4412309,26.3,11.3,0.0,0.0,0.0,0.0,3,23.0,43.9,251,Overcast,0,0,
9836,2021-05-02 01:15:00,40.752506,-73.85593,0,0,Passenger Distraction,4413236,26.3,11.3,0.0,0.0,0.0,0.0,3,23.0,43.9,251,Overcast,0,0,
9837,2021-05-02 00:05:00,40.665916,-73.92547,1,0,,4412497,26.3,11.3,0.0,0.0,0.0,0.0,3,23.0,43.9,251,Overcast,1,1,
9838,2021-05-02 00:00:00,40.866997,-73.902084,1,0,Driver Inattention/Distraction,4412666,26.3,11.3,0.0,0.0,0.0,0.0,3,23.0,43.9,251,Overcast,1,1,
9839,2021-05-02 20:40:00,40.573013,-73.993835,0,0,Driver Inattention/Distraction,4413375,26.3,11.3,0.0,0.0,0.0,0.0,3,23.0,43.9,251,Overcast,0,0,
9840,2021-05-02 13:55:00,40.666695,-73.961624,0,0,Unsafe Lane Changing,4413044,26.3,11.3,0.0,0.0,0.0,0.0,3,23.0,43.9,251,Overcast,0,0,
9841,2021-05-02 19:25:00,40.682503,-73.82131,2,0,Failure to Yield Right-of-Way,4412680,26.3,11.3,0.0,0.0,0.0,0.0,3,23.0,43.9,251,Overcast,2,2,
9842,2021-05-02 18:00:00,40.68049,-73.774704,0,0,Unspecified,4412787,26.3,11.3,0.0,0.0,0.0,0.0,3,23.0,43.9,251,Overcast,0,0,
9843,2021-05-02 18:33:00,40.714996,-73.81022,0,0,Traffic Control Disregarded,4412648,26.3,11.3,0.0,0.0,0.0,0.0,3,23.0,43.9,251,Overcast,0,0,
9844,2021-05-02 01:40:00,40.836605,-73.93931,0,0,Driver Inattention/Distraction,4412595,26.3,11.3,0.0,0.0,0.0,0.0,3,23.0,43.9,251,Overcast,0,0,
9845,2021-05-02 00:00:00,40.75249,-73.85592,0,0,Driver Inattention/Distraction,4412829,26.3,11.3,0.0,0.0,0.0,0.0,3,23.0,43.9,251,Overcast,0,0,
9846,2021-05-02 02:31:00,40.746338,-73.896194,0,0,Driver Inattention/Distraction,4412693,26.3,11.3,0.0,0.0,0.0,0.0,3,23.0,43.9,251,Overcast,0,0,
9847,2021-05-02 23:50:00,40.74005,-73.86622,2,0,Failure to Yield Right-of-Way,4412749,26.3,11.3,0.0,0.0,0.0,0.0,3,23.0,43.9,251,Overcast,2,2,
9848,2021-04-17 16:06:00,40.85493,-73.82617,0,0,Unspecified,4413158,11.8,4.9,0.3,0.3,0.0,2.0,51,17.1,32.4,313,Drizzle: Light,0,0,
9849,2021-05-02 11:24:00,40.84969,-73.86582,0,0,Other Vehicular,4412766,26.3,11.3,0.0,0.0,0.0,0.0,3,23.0,43.9,251,Overcast,0,0,
9850,2021-04-27 08:32:00,40.808956,-73.94041,1,0,Driver Inattention/Distraction,4413167,14.8,4.2,0.0,0.0,0.0,0.0,3,15.3,34.2,164,Overcast,1,1,
9851,2021-05-02 03:30:00,40.708904,-73.95926,1,0,Driver Inattention/Distraction,4412270,26.3,11.3,0.0,0.0,0.0,0.0,3,23.0,43.9,251,Overcast,1,1,
9852,2021-05-02 13:10:00,40.824703,-73.944275,0,0,Driver Inattention/Distraction,4413364,26.3,11.3,0.0,0.0,0.0,0.0,3,23.0,43.9,251,Overcast,0,0,
9853,2021-05-02 17:00:00,40.780464,-73.94404,0,0,Traffic Control Disregarded,4412629,26.3,11.3,0.0,0.0,0.0,0.0,3,23.0,43.9,251,Overcast,0,0,
9854,2021-05-02 05:00:00,40.70984,-73.786285,0,0,Unsafe Speed,4412883,26.3,11.3,0.0,0.0,0.0,0.0,3,23.0,43.9,251,Overcast,0,0,
9855,2021-05-02 06:20:00,40.81207,-73.93603,0,0,Unspecified,4412867,26.3,11.3,0.0,0.0,0.0,0.0,3,23.0,43.9,251,Overcast,0,0,
9856,2021-05-01 00:45:00,40.73124,-73.95443,0,0,Alcohol Involvement,4413292,17.3,5.0,0.0,0.0,0.0,0.0,3,31.7,63.4,302,Overcast,0,0,
9857,2021-05-02 17:01:00,40.636684,-73.74054,1,0,Unspecified,4413047,26.3,11.3,0.0,0.0,0.0,0.0,3,23.0,43.9,251,Overcast,1,1,
9858,2024-05-01 21:40:00,40.82503,-73.93122,0,0,Unsafe Speed,4721677,24.5,10.1,1.0,1.0,0.0,2.0,53,19.9,39.2,153,Drizzle: Moderate,0,0,
9859,2021-05-02 15:37:00,40.76241,-73.95443,1,0,Driver Inattention/Distraction,4412735,26.3,11.3,0.0,0.0,0.0,0.0,3,23.0,43.9,251,Overcast,1,1,
9860,2021-05-02 19:00:00,40.71142,-73.7598,1,0,Driver Inattention/Distraction,4412960,26.3,11.3,0.0,0.0,0.0,0.0,3,23.0,43.9,251,Overcast,1,1,
9861,2021-05-02 12:10:00,40.905884,-73.85191,1,0,Unspecified,4412803,26.3,11.3,0.0,0.0,0.0,0.0,3,23.0,43.9,251,Overcast,1,1,
9862,2021-05-02 02:29:00,40.74045,-73.844376,1,0,Driver Inexperience,4412531,26.3,11.3,0.0,0.0,0.0,0.0,3,23.0,43.9,251,Overcast,1,1,
9863,2021-05-02 12:30:00,40.665718,-73.95687,0,0,Driver Inattention/Distraction,4412587,26.3,11.3,0.0,0.0,0.0,0.0,3,23.0,43.9,251,Overcast,0,0,
9864,2021-05-02 09:00:00,40.746185,-73.90813,0,0,Driver Inattention/Distraction,4412417,26.3,11.3,0.0,0.0,0.0,0.0,3,23.0,43.9,251,Overcast,0,0,
9865,2021-05-02 16:00:00,40.749092,-73.88703,0,0,Unspecified,4412821,26.3,11.3,0.0,0.0,0.0,0.0,3,23.0,43.9,251,Overcast,0,0,
9866,2021-12-17 02:15:00,40.671238,-73.86326,1,0,Drugs (illegal),4488546,13.9,6.1,0.0,0.0,0.0,0.0,3,21.5,37.1,265,Overcast,1,1,
9867,2021-05-02 09:29:00,40.884342,-73.886765,0,0,Traffic Control Disregarded,4412663,26.3,11.3,0.0,0.0,0.0,0.0,3,23.0,43.9,251,Overcast,0,0,
9868,2021-05-01 15:35:00,40.830383,-73.94018,0,0,Unsafe Lane Changing,4413354,17.3,5.0,0.0,0.0,0.0,0.0,3,31.7,63.4,302,Overcast,0,0,
9869,2021-05-02 16:50:00,40.715633,-73.99754,0,0,Unspecified,4412535,26.3,11.3,0.0,0.0,0.0,0.0,3,23.0,43.9,251,Overcast,0,0,
9870,2021-05-02 17:00:00,40.84932,-73.945145,0,0,Following Too Closely,4412603,26.3,11.3,0.0,0.0,0.0,0.0,3,23.0,43.9,251,Overcast,0,0,
9871,2021-05-02 10:54:00,40.787014,-73.9516,0,0,Outside Car Distraction,4412914,26.3,11.3,0.0,0.0,0.0,0.0,3,23.0,43.9,251,Overcast,0,0,
9872,2021-05-02 16:15:00,0.0,0.0,2,0,Failure to Yield Right-of-Way,4412927,26.3,11.3,0.0,0.0,0.0,0.0,3,23.0,43.9,251,Overcast,2,2,
9873,2021-05-02 00:00:00,40.674232,-73.91566,0,0,Other Vehicular,4412398,26.3,11.3,0.0,0.0,0.0,0.0,3,23.0,43.9,251,Overcast,0,0,
9874,2021-05-02 22:57:00,40.715996,-74.0071,0,0,Passing or Lane Usage Improper,4412743,26.3,11.3,0.0,0.0,0.0,0.0,3,23.0,43.9,251,Overcast,0,0,
9875,2021-05-02 13:55:00,40.72122,-73.884705,1,0,Passenger Distraction,4412482,26.3,11.3,0.0,0.0,0.0,0.0,3,23.0,43.9,251,Overcast,1,1,
9876,2021-05-02 02:48:00,40.753437,-73.88783,1,0,Driver Inattention/Distraction,4412828,26.3,11.3,0.0,0.0,0.0,0.0,3,23.0,43.9,251,Overcast,1,1,
9877,2021-05-02 02:10:00,40.710888,-73.9808,1,0,Alcohol Involvement,4412344,26.3,11.3,0.0,0.0,0.0,0.0,3,23.0,43.9,251,Overcast,1,1,
9878,2021-05-02 01:01:00,40.81969,-73.90161,0,0,Unspecified,4412614,26.3,11.3,0.0,0.0,0.0,0.0,3,23.0,43.9,251,Overcast,0,0,
9879,2021-05-02 23:00:00,40.830658,-73.93517,2,0,Driver Inattention/Distraction,4412897,26.3,11.3,0.0,0.0,0.0,0.0,3,23.0,43.9,251,Overcast,2,2,