,CRASH DATETIME,LATITUDE,LONGITUDE,NUMBER OF PERSONS INJURED,NUMBER OF PERSONS KILLED,CONTRIBUTING FACTOR VEHICLE 1,COLLISION_ID,temperature_2m_max,temperature_2m_min,precipitation_sum,rain_sum,snowfall_sum,precipitation_hours,weather_code,wind_speed_10m_max,wind_gusts_10m_max,wind_direction_10m_dominant,Weather Description,Severity_Score,Total_Affected_Persons,Weather_Category
9880,2021-05-02 10:00:00,40.71772,-73.96202,0,0,Unspecified,4412791,26.3,11.3,0.0,0.0,0.0,0.0,3,23.0,43.9,251,Overcast,0,0,
9881,2021-05-02 03:00:00,40.625294,-73.96029,0,0,Unspecified,4412503,26.3,11.3,0.0,0.0,0.0,0.0,3,23.0,43.9,251,Overcast,0,0,
9882,2021-05-01 02:50:00,40.60442,-73.81984,0,0,View Obstructed/Limited,4413254,17.3,5.0,0.0,0.0,0.0,0.0,3,31.7,63.4,302,Overcast,0,0,
9883,2021-05-01 11:50:00,40.645504,-73.955086,0,0,Driver Inattention/Distraction,4413184,17.3,5.0,0.0,0.0,0.0,0.0,3,31.7,63.4,302,Overcast,0,0,
9884,2021-05-02 00:06:00,40.583485,-73.9601,1,0,Driver Inattention/Distraction,4412670,26.3,11.3,0.0,0.0,0.0,0.0,3,23.0,43.9,251,Overcast,1,1,
9885,2021-05-02 15:30:00,40.736237,-73.810524,0,0,Unspecified,4412643,26.3,11.3,0.0,0.0,0.0,0.0,3,23.0,43.9,251,Overcast,0,0,
9886,2021-05-02 09:00:00,40.691307,-73.91326,0,0,Driver Inattention/Distraction,4413021,26.3,11.3,0.0,0.0,0.0,0.0,3,23.0,43.9,251,Overcast,0,0,
9887,2021-05-02 05:40:00,40.694687,-73.91112,0,0,Failure to Yield Right-of-Way,4413145,26.3,11.3,0.0,0.0,0.0,0.0,3,23.0,43.9,251,Overcast,0,0,
9888,2021-05-02 23:00:00,40.7495,-73.94667,0,0,Driver Inattention/Distraction,4412682,26.3,11.3,0.0,0.0,0.0,0.0,3,23.0,43.9,251,Overcast,0,0,
9889,2021-05-02 14:55:00,40.649216,-73.94458,1,0,Unspecified,4412498,26.3,11.3,0.0,0.0,0.0,0.0,3,23.0,43.9,251,Overcast,1,1,
9890,2021-05-02 12:40:00,40.776608,-73.844406,0,0,Unspecified,4412462,26.3,11.3,0.0,0.0,0.0,0.0,3,23.0,43.9,251,Overcast,0,0,
9891,2021-04-29 00:00:00,40.743294,-73.85829,0,0,Driver Inattention/Distraction,4413314,22.5,12.9,3.8,3.8,0.0,9.0,53,25.6,50.8,199,Drizzle: Moderate,0,0,
9892,2021-05-02 12:26:00,40.849407,-73.900894,3,0,Driver Inattention/Distraction,4412834,26.3,11.3,0.0,0.0,0.0,0.0,3,23.0,43.9,251,Overcast,3,3,
9893,2021-05-02 19:00:00,40.83269,-73.86847,0,0,Unsafe Speed,4412938,26.3,11.3,0.0,0.0,0.0,0.0,3,23.0,43.9,251,Overcast,0,0,
9894,2021-05-02 06:10:00,40.677116,-73.92378,0,0,Aggressive Driving/Road Rage,4412555,26.3,11.3,0.0,0.0,0.0,0.0,3,23.0,43.9,251,Overcast,0,0,
9895,2021-05-02 23:48:00,40.822834,-73.941925,0,0,Failure to Yield Right-of-Way,4412887,26.3,11.3,0.0,0.0,0.0,0.0,3,23.0,43.9,251,Overcast,0,0,
9896,2021-05-02 18:15:00,40.828075,-73.840065,1,0,Following Too Closely,4412786,26.3,11.3,0.0,0.0,0.0,0.0,3,23.0,43.9,251,Overcast,1,1,
9897,2021-05-02 13:45:00,40.769485,-73.91503,0,0,View Obstructed/Limited,4412444,26.3,11.3,0.0,0.0,0.0,0.0,3,23.0,43.9,251,Overcast,0,0,
9898,2021-05-02 00:04:00,40.624172,-73.94836,1,0,Pedestrian/Bicyclist/Other Pedestrian Error/Confusion,4412310,26.3,11.3,0.0,0.0,0.0,0.0,3,23.0,43.9,251,Overcast,1,1,
9899,2024-09-23 23:33:00,40.699577,-73.868645,1,0,Unspecified,4758829,20.3,13.2,0.3,0.3,0.0,2.0,51,17.0,34.6,59,Drizzle: Light,1,1,
9900,2021-05-02 19:45:00,40.84691,-73.93824,1,0,Traffic Control Disregarded,4412618,26.3,11.3,0.0,0.0,0.0,0.0,3,23.0,43.9,251,Overcast,1,1,
9901,2021-05-02 02:30:00,40.803844,-73.91444,2,0,Driver Inattention/Distraction,4412726,26.3,11.3,0.0,0.0,0.0,0.0,3,23.0,43.9,251,Overcast,2,2,
9902,2021-05-02 16:50:00,40.766308,-73.8197,0,0,Passing Too Closely,4412576,26.3,11.3,0.0,0.0,0.0,0.0,3,23.0,43.9,251,Overcast,0,0,
9903,2021-04-28 15:35:00,40.72214,-73.902275,1,0,Driver Inattention/Distraction,4413193,26.1,7.9,0.0,0.0,0.0,0.0,3,15.3,34.6,133,Overcast,1,1,
9904,2021-04-29 20:53:00,40.645473,-74.09287,0,0,Unspecified,4413239,22.5,12.9,3.8,3.8,0.0,9.0,53,25.6,50.8,199,Drizzle: Moderate,0,0,
9905,2021-05-02 14:00:00,40.88391,-73.89443,0,0,Unspecified,4413042,26.3,11.3,0.0,0.0,0.0,0.0,3,23.0,43.9,251,Overcast,0,0,
9906,2021-04-30 17:45:00,40.75582,-73.93259,0,0,Driver Inattention/Distraction,4413376,19.9,7.6,0.4,0.4,0.0,4.0,51,36.9,82.1,289,Drizzle: Light,0,0,
9907,2021-05-02 11:03:00,40.659027,-73.98508,0,0,Unspecified,4412637,26.3,11.3,0.0,0.0,0.0,0.0,3,23.0,43.9,251,Overcast,0,0,
9908,2021-05-02 22:54:00,40.699802,-73.773964,2,0,Traffic Control Disregarded,4413105,26.3,11.3,0.0,0.0,0.0,0.0,3,23.0,43.9,251,Overcast,2,2,
9909,2021-05-02 11:00:00,40.758892,-73.86681,0,0,Unspecified,4412825,26.3,11.3,0.0,0.0,0.0,0.0,3,23.0,43.9,251,Overcast,0,0,
9910,2021-05-02 16:00:00,40.698116,-73.977325,0,0,Backing Unsafely,4412493,26.3,11.3,0.0,0.0,0.0,0.0,3,23.0,43.9,251,Overcast,0,0,
9911,2021-04-30 23:30:00,40.77039,-73.954124,0,0,Passing Too Closely,4413353,19.9,7.6,0.4,0.4,0.0,4.0,51,36.9,82.1,289,Drizzle: Light,0,0,
9912,2021-05-02 01:22:00,40.6983,-73.77088,0,0,Following Too Closely,4412804,26.3,11.3,0.0,0.0,0.0,0.0,3,23.0,43.9,251,Overcast,0,0,
9913,2021-05-02 09:30:00,40.71507,-73.91327,0,0,Following Too Closely,4412480,26.3,11.3,0.0,0.0,0.0,0.0,3,23.0,43.9,251,Overcast,0,0,
9914,2021-05-02 20:10:00,40.832436,-73.86444,1,0,Driver Inattention/Distraction,4412945,26.3,11.3,0.0,0.0,0.0,0.0,3,23.0,43.9,251,Overcast,1,1,
9915,2021-05-02 00:00:00,40.83045,-73.8509,2,0,Unspecified,4412931,26.3,11.3,0.0,0.0,0.0,0.0,3,23.0,43.9,251,Overcast,2,2,
9916,2021-05-02 12:45:00,40.69529,-73.94339,0,0,Following Too Closely,4412418,26.3,11.3,0.0,0.0,0.0,0.0,3,23.0,43.9,251,Overcast,0,0,
9917,2021-05-01 05:30:00,40.75207,-73.926476,0,0,Passing or Lane Usage Improper,4413380,17.3,5.0,0.0,0.0,0.0,0.0,3,31.7,63.4,302,Overcast,0,0,
9918,2021-05-02 20:45:00,40.625553,-73.93224,0,0,Unspecified,4413060,26.3,11.3,0.0,0.0,0.0,0.0,3,23.0,43.9,251,Overcast,0,0,
9919,2021-05-02 16:05:00,40.835926,-73.902916,1,0,Turning Improperly,4412689,26.3,11.3,0.0,0.0,0.0,0.0,3,23.0,43.9,251,Overcast,1,1,
9920,2021-05-02 23:06:00,40.869083,-73.837395,0,0,Failure to Yield Right-of-Way,4413214,26.3,11.3,0.0,0.0,0.0,0.0,3,23.0,43.9,251,Overcast,0,0,
9921,2021-04-30 08:49:00,40.657906,-73.93762,0,0,Driver Inattention/Distraction,4413226,19.9,7.6,0.4,0.4,0.0,4.0,51,36.9,82.1,289,Drizzle: Light,0,0,
9922,2021-05-02 01:17:00,40.69385,-73.76643,0,0,Passing Too Closely,4412273,26.3,11.3,0.0,0.0,0.0,0.0,3,23.0,43.9,251,Overcast,0,0,
9923,2021-05-02 00:51:00,40.723217,-74.00623,0,0,Driver Inexperience,4412742,26.3,11.3,0.0,0.0,0.0,0.0,3,23.0,43.9,251,Overcast,0,0,
9924,2021-05-02 22:34:00,40.858517,-73.85204,0,0,Other Vehicular,4412767,26.3,11.3,0.0,0.0,0.0,0.0,3,23.0,43.9,251,Overcast,0,0,
9925,2021-05-02 10:30:00,40.771374,-73.877144,0,0,Unspecified,4413369,26.3,11.3,0.0,0.0,0.0,0.0,3,23.0,43.9,251,Overcast,0,0,
9926,2021-05-02 20:35:00,40.614216,-73.97742,0,0,Alcohol Involvement,4412628,26.3,11.3,0.0,0.0,0.0,0.0,3,23.0,43.9,251,Overcast,0,0,
9927,2021-05-02 20:10:00,40.85391,-73.88364,0,0,Following Too Closely,4412976,26.3,11.3,0.0,0.0,0.0,0.0,3,23.0,43.9,251,Overcast,0,0,
9928,2021-05-02 06:59:00,40.835705,-73.88875,1,0,Driver Inattention/Distraction,4412662,26.3,11.3,0.0,0.0,0.0,0.0,3,23.0,43.9,251,Overcast,1,1,
9929,2021-05-02 05:04:00,40.728344,-74.00535,1,0,Passing Too Closely,4412752,26.3,11.3,0.0,0.0,0.0,0.0,3,23.0,43.9,251,Overcast,1,1,
9930,2021-05-02 13:07:00,40.746296,-73.93041,1,0,Unsafe Speed,4412524,26.3,11.3,0.0,0.0,0.0,0.0,3,23.0,43.9,251,Overcast,1,1,
9931,2021-05-02 07:00:00,40.667397,-73.73757,0,0,Unspecified,4412375,26.3,11.3,0.0,0.0,0.0,0.0,3,23.0,43.9,251,Overcast,0,0,
9932,2021-05-02 08:00:00,40.80016,-73.93538,1,0,Unsafe Lane Changing,4412869,26.3,11.3,0.0,0.0,0.0,0.0,3,23.0,43.9,251,Overcast,1,1,
9933,2021-05-02 14:55:00,40.679184,-73.941284,0,0,Failure to Yield Right-of-Way,4413005,26.3,11.3,0.0,0.0,0.0,0.0,3,23.0,43.9,251,Overcast,0,0,
9934,2021-05-02 17:42:00,40.654366,-73.90684,0,0,Unspecified,4412607,26.3,11.3,0.0,0.0,0.0,0.0,3,23.0,43.9,251,Overcast,0,0,
9935,2021-05-02 21:10:00,40.788555,-73.78234,0,0,Passing or Lane Usage Improper,4412586,26.3,11.3,0.0,0.0,0.0,0.0,3,23.0,43.9,251,Overcast,0,0,
9936,2021-05-02 18:48:00,40.80907,-73.94455,1,0,Pedestrian/Bicyclist/Other Pedestrian Error/Confusion,4412915,26.3,11.3,0.0,0.0,0.0,0.0,3,23.0,43.9,251,Overcast,1,1,
9937,2021-05-02 22:30:00,40.743275,-73.77572,0,0,Unspecified,4412647,26.3,11.3,0.0,0.0,0.0,0.0,3,23.0,43.9,251,Overcast,0,0,
9938,2021-05-02 04:54:00,40.741985,-73.8576,0,0,Alcohol Involvement,4412699,26.3,11.3,0.0,0.0,0.0,0.0,3,23.0,43.9,251,Overcast,0,0,
9939,2021-05-01 02:05:00,40.689453,-73.924034,0,0,Unspecified,4413278,17.3,5.0,0.0,0.0,0.0,0.0,3,31.7,63.4,302,Overcast,0,0,
9940,2021-04-20 15:30:00,40.831978,-73.93515,0,0,Unspecified,4413169,21.4,6.5,0.0,0.0,0.0,0.0,3,26.0,56.2,223,Overcast,0,0,
9941,2021-05-02 14:23:00,40.753677,-73.914474,1,0,Passenger Distraction,4412734,26.3,11.3,0.0,0.0,0.0,0.0,3,23.0,43.9,251,Overcast,1,1,
9942,2021-05-02 15:00:00,40.699993,-73.85391,0,0,Unspecified,4413125,26.3,11.3,0.0,0.0,0.0,0.0,3,23.0,43.9,251,Overcast,0,0,
9943,2021-05-01 19:21:00,40.827564,-73.83363,3,0,Unspecified,4413157,17.3,5.0,0.0,0.0,0.0,0.0,3,31.7,63.4,302,Overcast,3,3,
9944,2021-05-02 07:20:00,40.651985,-73.929245,0,0,Unspecified,4413185,26.3,11.3,0.0,0.0,0.0,0.0,3,23.0,43.9,251,Overcast,0,0,
9945,2021-05-02 07:40:00,40.602848,-73.963,2,0,Unspecified,4412672,26.3,11.3,0.0,0.0,0.0,0.0,3,23.0,43.9,251,Overcast,2,2,
9946,2023-10-28 00:29:00,40.700104,-73.94726,0,0,Unsafe Speed,4676186,26.6,16.4,0.0,0.0,0.0,0.0,3,17.9,34.6,279,Overcast,0,0,
9947,2023-04-23 20:00:00,40.752865,-73.854675,0,0,Unspecified,4624234,18.3,10.9,20.4,20.4,0.0,14.0,63,18.4,36.7,291,Rain: Moderate,0,0,
9948,2021-12-05 10:10:00,40.546253,-74.158875,1,0,Driver Inattention/Distraction,4488685,7.6,0.0,0.0,0.0,0.0,0.0,3,15.1,27.0,303,Overcast,1,1,
9949,2022-02-19 20:15:00,40.742653,-73.998055,0,0,Passing or Lane Usage Improper,4504023,3.3,-5.5,0.4,0.0,0.28,4.0,71,35.3,64.4,260,Snow fall: Light,0,0,Snowy Conditions
9950,2022-01-16 04:51:00,40.782215,-73.81686,0,0,Driver Inattention/Distraction,4494826,1.3,-13.5,4.4,0.7,2.59,4.0,75,28.1,47.2,36,Snow fall: Heavy,0,0,Snowy Conditions
9951,2022-02-10 22:14:00,40.64213,-73.92936,0,0,Unspecified,4504513,10.8,-0.2,0.0,0.0,0.0,0.0,3,32.6,59.4,244,Overcast,0,0,
9952,2022-02-19 16:50:00,40.742676,-73.839516,1,0,Unsafe Speed,4504172,3.3,-5.5,0.4,0.0,0.28,4.0,71,35.3,64.4,260,Snow fall: Light,1,1,Snowy Conditions
9953,2022-02-19 12:00:00,40.826893,-73.87973,0,0,Alcohol Involvement,4504462,3.3,-5.5,0.4,0.0,0.28,4.0,71,35.3,64.4,260,Snow fall: Light,0,0,Snowy Conditions
9954,2022-02-19 03:38:00,40.77039,-73.954124,0,0,Driver Inattention/Distraction,4504528,3.3,-5.5,0.4,0.0,0.28,4.0,71,35.3,64.4,260,Snow fall: Light,0,0,Snowy Conditions
9955,2022-02-19 08:00:00,40.68265,-73.96211,0,0,Following Too Closely,4504490,3.3,-5.5,0.4,0.0,0.28,4.0,71,35.3,64.4,260,Snow fall: Light,0,0,Snowy Conditions
9956,2022-02-19 06:00:00,40.6826,-73.84018,0,0,Alcohol Involvement,4504335,3.3,-5.5,0.4,0.0,0.28,4.0,71,35.3,64.4,260,Snow fall: Light,0,0,Snowy Conditions
9957,2022-02-16 17:50:00,40.774433,-73.90013,0,0,Unspecified,4504623,6.2,-5.1,0.0,0.0,0.0,0.0,3,21.1,41.0,187,Overcast,0,0,
9958,2022-02-19 16:40:00,40.70012,-73.91161,0,0,Passing or Lane Usage Improper,4504160,3.3,-5.5,0.4,0.0,0.28,4.0,71,35.3,64.4,260,Snow fall: Light,0,0,Snowy Conditions
9959,2022-02-19 00:05:00,40.73392,-73.9928,0,0,Failure to Yield Right-of-Way,4504152,3.3,-5.5,0.4,0.0,0.28,4.0,71,35.3,64.4,260,Snow fall: Light,0,0,Snowy Conditions
9960,2022-02-19 02:10:00,40.633278,-74.030014,1,0,Backing Unsafely,4503876,3.3,-5.5,0.4,0.0,0.28,4.0,71,35.3,64.4,260,Snow fall: Light,1,1,Snowy Conditions
9961,2022-02-19 18:00:00,40.646297,-73.91274,0,0,Unspecified,4503997,3.3,-5.5,0.4,0.0,0.28,4.0,71,35.3,64.4,260,Snow fall: Light,0,0,Snowy Conditions
9962,2022-02-19 14:30:00,40.83942,-73.872925,1,0,Driver Inattention/Distraction,4504243,3.3,-5.5,0.4,0.0,0.28,4.0,71,35.3,64.4,260,Snow fall: Light,1,1,Snowy Conditions
9963,2022-02-18 18:50:00,40.68415,-73.8848,1,0,Following Too Closely,4504574,15.6,-2.8,11.9,11.9,0.0,6.0,63,44.1,79.2,261,Rain: Moderate,1,1,
9964,2022-02-19 17:45:00,40.789375,-73.84376,0,0,Passing or Lane Usage Improper,4504256,3.3,-5.5,0.4,0.0,0.28,4.0,71,35.3,64.4,260,Snow fall: Light,0,0,Snowy Conditions
9965,2022-02-19 07:27:00,40.825066,-73.866745,2,0,Alcohol Involvement,4504437,3.3,-5.5,0.4,0.0,0.28,4.0,71,35.3,64.4,260,Snow fall: Light,2,2,Snowy Conditions
9966,2022-02-15 15:00:00,40.64165,-73.879196,1,0,Unspecified,4504586,-0.2,-9.2,0.0,0.0,0.0,0.0,3,12.9,28.4,276,Overcast,1,1,
9967,2022-02-19 12:41:00,40.660557,-73.94337,0,0,Backing Unsafely,4504203,3.3,-5.5,0.4,0.0,0.28,4.0,71,35.3,64.4,260,Snow fall: Light,0,0,Snowy Conditions
9968,2022-02-19 09:44:00,40.625362,-74.07698,0,0,Driver Inattention/Distraction,4504103,3.3,-5.5,0.4,0.0,0.28,4.0,71,35.3,64.4,260,Snow fall: Light,0,0,Snowy Conditions
9969,2022-02-17 16:00:00,40.781727,-73.78412,0,0,Failure to Yield Right-of-Way,4503655,16.7,5.1,2.2,2.2,0.0,2.0,61,31.8,56.5,201,Rain: Light,0,0,
9970,2022-02-19 23:49:00,40.807503,-73.91702,1,0,Backing Unsafely,4504456,3.3,-5.5,0.4,0.0,0.28,4.0,71,35.3,64.4,260,Snow fall: Light,1,1,Snowy Conditions
9971,2022-02-18 01:07:00,40.658577,-73.89063,1,0,Driver Inattention/Distraction,4504561,15.6,-2.8,11.9,11.9,0.0,6.0,63,44.1,79.2,261,Rain: Moderate,1,1,
9972,2022-02-10 10:00:00,40.657227,-73.900764,0,0,Unspecified,4504659,10.8,-0.2,0.0,0.0,0.0,0.0,3,32.6,59.4,244,Overcast,0,0,
9973,2023-04-28 13:15:00,40.671627,-73.999664,0,0,Unspecified,4624361,13.0,6.4,4.4,4.4,0.0,7.0,55,21.7,39.6,83,Drizzle: Dense,0,0,
9974,2021-12-19 14:22:00,40.64077,-73.90913,0,0,Driver Inattention/Distraction,4487856,7.1,-1.8,0.5,0.5,0.0,4.0,51,26.4,47.5,327,Drizzle: Light,0,0,
9975,2021-12-19 21:02:00,40.67236,-73.88036,0,0,Unspecified,4488069,7.1,-1.8,0.5,0.5,0.0,4.0,51,26.4,47.5,327,Drizzle: Light,0,0,
9976,2021-12-19 22:46:00,40.81241,-73.90316,2,0,Driver Inattention/Distraction,4487931,7.1,-1.8,0.5,0.5,0.0,4.0,51,26.4,47.5,327,Drizzle: Light,2,2,
9977,2021-12-17 16:50:00,40.624786,-74.01798,1,0,Unspecified,4488412,13.9,6.1,0.0,0.0,0.0,0.0,3,21.5,37.1,265,Overcast,1,1,
9978,2021-12-19 01:09:00,40.582756,-74.13041,1,0,Pavement Slippery,4487470,7.1,-1.8,0.5,0.5,0.0,4.0,51,26.4,47.5,327,Drizzle: Light,1,1,
9979,2021-12-19 17:34:00,40.700912,-73.94116,1,0,Driver Inattention/Distraction,4487888,7.1,-1.8,0.5,0.5,0.0,4.0,51,26.4,47.5,327,Drizzle: Light,1,1,
9980,2021-12-19 14:20:00,40.83383,-73.85155,0,0,Driver Inattention/Distraction,4488202,7.1,-1.8,0.5,0.5,0.0,4.0,51,26.4,47.5,327,Drizzle: Light,0,0,
9981,2021-12-19 11:00:00,40.626053,-73.961555,1,0,Pedestrian/Bicyclist/Other Pedestrian Error/Confusion,4487992,7.1,-1.8,0.5,0.5,0.0,4.0,51,26.4,47.5,327,Drizzle: Light,1,1,
9982,2021-12-17 14:00:00,40.526894,-74.16728,1,0,Driver Inattention/Distraction,4488395,13.9,6.1,0.0,0.0,0.0,0.0,3,21.5,37.1,265,Overcast,1,1,
9983,2021-12-13 17:03:00,40.709415,-73.87022,1,0,Unspecified,4488491,10.2,1.9,0.0,0.0,0.0,0.0,3,19.6,35.3,242,Overcast,1,1,
9984,2021-12-17 08:45:00,40.759945,-73.8387,3,0,Unsafe Speed,4488572,13.9,6.1,0.0,0.0,0.0,0.0,3,21.5,37.1,265,Overcast,3,3,
9985,2021-12-19 04:00:00,40.744465,-73.77179,0,0,Pavement Slippery,4487523,7.1,-1.8,0.5,0.5,0.0,4.0,51,26.4,47.5,327,Drizzle: Light,0,0,
9986,2021-12-19 13:00:00,40.79181,-73.9529,0,0,Unspecified,4488026,7.1,-1.8,0.5,0.5,0.0,4.0,51,26.4,47.5,327,Drizzle: Light,0,0,
9987,2021-12-19 06:40:00,40.66851,-73.76626,0,0,Failure to Yield Right-of-Way,4488470,7.1,-1.8,0.5,0.5,0.0,4.0,51,26.4,47.5,327,Drizzle: Light,0,0,
9988,2021-12-19 12:00:00,40.76552,-73.98004,0,0,Other Vehicular,4488360,7.1,-1.8,0.5,0.5,0.0,4.0,51,26.4,47.5,327,Drizzle: Light,0,0,
9989,2021-12-19 03:18:00,40.659485,-73.74305,0,0,Unsafe Speed,4487585,7.1,-1.8,0.5,0.5,0.0,4.0,51,26.4,47.5,327,Drizzle: Light,0,0,
9990,2021-12-19 20:16:00,40.622963,-74.01184,1,0,Driver Inattention/Distraction,4487824,7.1,-1.8,0.5,0.5,0.0,4.0,51,26.4,47.5,327,Drizzle: Light,1,1,
9991,2021-12-19 21:28:00,40.655785,-73.86289,0,0,Backing Unsafely,4488089,7.1,-1.8,0.5,0.5,0.0,4.0,51,26.4,47.5,327,Drizzle: Light,0,0,
9992,2021-12-19 20:00:00,40.821415,-73.82185,0,0,Unspecified,4488125,7.1,-1.8,0.5,0.5,0.0,4.0,51,26.4,47.5,327,Drizzle: Light,0,0,
9993,2021-12-19 23:50:00,40.703163,-73.81662,1,0,Passing or Lane Usage Improper,4488216,7.1,-1.8,0.5,0.5,0.0,4.0,51,26.4,47.5,327,Drizzle: Light,1,1,
9994,2021-12-19 16:00:00,40.60583,-73.75779,0,0,Brakes Defective,4488301,7.1,-1.8,0.5,0.5,0.0,4.0,51,26.4,47.5,327,Drizzle: Light,0,0,
9995,2021-12-19 17:35:00,40.76027,-73.80401,0,0,Turning Improperly,4487774,7.1,-1.8,0.5,0.5,0.0,4.0,51,26.4,47.5,327,Drizzle: Light,0,0,
9996,2021-12-19 10:47:00,40.60115,-73.97839,1,0,Traffic Control Disregarded,4487671,7.1,-1.8,0.5,0.5,0.0,4.0,51,26.4,47.5,327,Drizzle: Light,1,1,
9997,2021-12-05 02:15:00,40.669735,-73.93104,1,0,Driver Inattention/Distraction,4488509,7.6,0.0,0.0,0.0,0.0,0.0,3,15.1,27.0,303,Overcast,1,1,
9998,2021-12-07 10:30:00,40.65452,-73.882225,0,0,Turning Improperly,4488549,8.6,0.8,0.1,0.1,0.0,1.0,51,27.2,49.3,283,Drizzle: Light,0,0,
9999,2021-12-17 19:00:00,40.833637,-73.94581,0,0,Passing or Lane Usage Improper,4488592,13.9,6.1,0.0,0.0,0.0,0.0,3,21.5,37.1,265,Overcast,0,0,
10000,2021-12-19 17:30:00,40.71146,-73.79647,1,0,Driver Inattention/Distraction,4487766,7.1,-1.8,0.5,0.5,0.0,4.0,51,26.4,47.5,327,Drizzle: Light,1,1,
10001,2021-12-19 12:20:00,40.64513,-73.948975,2,0,Traffic Control Disregarded,4487682,7.1,-1.8,0.5,0.5,0.0,4.0,51,26.4,47.5,327,Drizzle: Light,2,2,
10002,2021-10-31 00:40:00,40.82803,-73.934845,0,0,Aggressive Driving/Road Rage,4488441,18.3,12.5,3.7,3.7,0.0,8.0,55,22.9,41.0,268,Drizzle: Dense,0,0,
10003,2021-12-19 04:50:00,40.90348,-73.85035,0,0,Driver Inattention/Distraction,4487816,7.1,-1.8,0.5,0.5,0.0,4.0,51,26.4,47.5,327,Drizzle: Light,0,0,
10004,2021-12-19 07:45:00,40.73931,-73.91947,0,0,Backing Unsafely,4487613,7.1,-1.8,0.5,0.5,0.0,4.0,51,26.4,47.5,327,Drizzle: Light,0,0,
10005,2021-12-19 12:15:00,40.71492,-73.998856,0,0,Passing Too Closely,4488296,7.1,-1.8,0.5,0.5,0.0,4.0,51,26.4,47.5,327,Drizzle: Light,0,0,
10006,2021-12-19 05:47:00,40.68966,-74.00047,0,0,Turning Improperly,4487979,7.1,-1.8,0.5,0.5,0.0,4.0,51,26.4,47.5,327,Drizzle: Light,0,0,
10007,2021-12-19 18:08:00,40.721348,-74.00554,1,0,Pedestrian/Bicyclist/Other Pedestrian Error/Confusion,4488035,7.1,-1.8,0.5,0.5,0.0,4.0,51,26.4,47.5,327,Drizzle: Light,1,1,
10008,2021-12-19 04:50:00,40.653763,-73.92104,1,0,Unspecified,4488347,7.1,-1.8,0.5,0.5,0.0,4.0,51,26.4,47.5,327,Drizzle: Light,1,1,
10009,2021-12-19 14:22:00,40.653976,-73.952835,0,0,Unspecified,4488142,7.1,-1.8,0.5,0.5,0.0,4.0,51,26.4,47.5,327,Drizzle: Light,0,0,
10010,2021-12-19 03:50:00,40.55862,-74.136154,0,0,Reaction to Uninvolved Vehicle,4487662,7.1,-1.8,0.5,0.5,0.0,4.0,51,26.4,47.5,327,Drizzle: Light,0,0,
10011,2021-12-19 09:30:00,40.695995,-73.96742,0,0,Unspecified,4487787,7.1,-1.8,0.5,0.5,0.0,4.0,51,26.4,47.5,327,Drizzle: Light,0,0,
10012,2021-12-19 15:58:00,40.715916,-73.99834,0,0,Unspecified,4487911,7.1,-1.8,0.5,0.5,0.0,4.0,51,26.4,47.5,327,Drizzle: Light,0,0,
10013,2021-12-16 16:50:00,40.626457,-73.918,2,0,Unspecified,4488500,14.6,9.9,0.0,0.0,0.0,0.0,3,22.4,38.5,222,Overcast,2,2,
10014,2021-12-12 14:30:00,40.834354,-73.82623,0,0,Unspecified,4488648,13.0,3.4,0.5,0.5,0.0,1.0,53,32.4,62.6,284,Drizzle: Moderate,0,0,
10015,2021-12-19 13:40:00,40.79824,-73.95247,1,0,Physical Disability,4488124,7.1,-1.8,0.5,0.5,0.0,4.0,51,26.4,47.5,327,Drizzle: Light,1,1,
10016,2021-12-17 14:00:00,40.613102,-74.035736,1,0,Unspecified,4488406,13.9,6.1,0.0,0.0,0.0,0.0,3,21.5,37.1,265,Overcast,1,1,
10017,2021-12-17 08:30:00,40.676292,-73.92484,1,0,Backing Unsafely,4488510,13.9,6.1,0.0,0.0,0.0,0.0,3,21.5,37.1,265,Overcast,1,1,
10018,2021-12-19 17:06:00,40.742905,-73.83932,2,0,Driver Inattention/Distraction,4487825,7.1,-1.8,0.5,0.5,0.0,4.0,51,26.4,47.5,327,Drizzle: Light,2,2,
10019,2021-12-19 22:00:00,40.660633,-73.93979,0,0,Unspecified,4488585,7.1,-1.8,0.5,0.5,0.0,4.0,51,26.4,47.5,327,Drizzle: Light,0,0,
10020,2021-12-19 04:17:00,40.746334,-73.89633,1,0,Traffic Control Disregarded,4487871,7.1,-1.8,0.5,0.5,0.0,4.0,51,26.4,47.5,327,Drizzle: Light,1,1,
10021,2021-11-28 17:41:00,40.868015,-73.89997,1,0,Unspecified,4488448,4.4,0.2,1.4,0.0,0.98,10.0,73,11.0,20.9,193,Snow fall: Moderate,1,1,Snowy Conditions
10022,2021-12-19 14:20:00,40.66331,-73.92106,0,0,Unspecified,4487708,7.1,-1.8,0.5,0.5,0.0,4.0,51,26.4,47.5,327,Drizzle: Light,0,0,
10023,2021-12-16 08:52:00,40.660362,-73.77553,1,0,Following Too Closely,4488391,14.6,9.9,0.0,0.0,0.0,0.0,3,22.4,38.5,222,Overcast,1,1,
10024,2021-12-19 23:24:00,40.716557,-73.82869,0,0,Pavement Slippery,4488175,7.1,-1.8,0.5,0.5,0.0,4.0,51,26.4,47.5,327,Drizzle: Light,0,0,
10025,2021-12-19 16:15:00,40.77766,-73.79502,0,0,Passing or Lane Usage Improper,4488247,7.1,-1.8,0.5,0.5,0.0,4.0,51,26.4,47.5,327,Drizzle: Light,0,0,
10026,2021-12-19 23:55:00,40.588562,-74.14584,1,0,Driver Inattention/Distraction,4488593,7.1,-1.8,0.5,0.5,0.0,4.0,51,26.4,47.5,327,Drizzle: Light,1,1,