,CRASH DATETIME,LATITUDE,LONGITUDE,NUMBER OF PERSONS INJURED,NUMBER OF PERSONS KILLED,CONTRIBUTING FACTOR VEHICLE 1,COLLISION_ID,temperature_2m_max,temperature_2m_min,precipitation_sum,rain_sum,snowfall_sum,precipitation_hours,weather_code,wind_speed_10m_max,wind_gusts_10m_max,wind_direction_10m_dominant,Weather Description,Severity_Score,Total_Affected_Persons,Weather_Category
10027,2021-12-19 15:16:00,40.591927,-73.95768,1,0,Unsafe Speed,4488431,7.1,-1.8,0.5,0.5,0.0,4.0,51,26.4,47.5,327,Drizzle: Light,1,1,
10028,2021-12-19 17:54:00,40.819714,-73.894066,0,0,Unspecified,4487958,7.1,-1.8,0.5,0.5,0.0,4.0,51,26.4,47.5,327,Drizzle: Light,0,0,
10029,2021-12-17 17:00:00,40.646923,-74.01212,0,0,Brakes Defective,4488416,13.9,6.1,0.0,0.0,0.0,0.0,3,21.5,37.1,265,Overcast,0,0,
10030,2021-12-19 00:05:00,40.723698,-74.00792,0,0,Failure to Yield Right-of-Way,4488028,7.1,-1.8,0.5,0.5,0.0,4.0,51,26.4,47.5,327,Drizzle: Light,0,0,
10031,2021-12-19 01:58:00,40.812126,-73.90419,0,0,Drugs (illegal),4488101,7.1,-1.8,0.5,0.5,0.0,4.0,51,26.4,47.5,327,Drizzle: Light,0,0,
10032,2021-12-19 02:26:00,40.788795,-73.93755,0,0,Other Vehicular,4488495,7.1,-1.8,0.5,0.5,0.0,4.0,51,26.4,47.5,327,Drizzle: Light,0,0,
10033,2021-12-19 15:45:00,40.682304,-73.92895,1,0,Passing Too Closely,4487833,7.1,-1.8,0.5,0.5,0.0,4.0,51,26.4,47.5,327,Drizzle: Light,1,1,
10034,2021-12-11 04:20:00,40.77417,-73.82934,0,1,Unspecified,4488399,17.3,5.0,8.1,8.1,0.0,5.0,63,35.0,67.0,206,Rain: Moderate,20,1,
10035,2021-12-19 23:00:00,40.765423,-73.89001,0,0,Driver Inattention/Distraction,4488515,7.1,-1.8,0.5,0.5,0.0,4.0,51,26.4,47.5,327,Drizzle: Light,0,0,
10036,2021-12-19 08:30:00,40.590748,-73.94872,1,0,Failure to Yield Right-of-Way,4488057,7.1,-1.8,0.5,0.5,0.0,4.0,51,26.4,47.5,327,Drizzle: Light,1,1,
10037,2021-12-19 15:15:00,40.77421,-73.93182,0,0,Backing Unsafely,4487894,7.1,-1.8,0.5,0.5,0.0,4.0,51,26.4,47.5,327,Drizzle: Light,0,0,
10038,2021-12-19 22:19:00,40.758392,-73.981544,0,0,Failure to Yield Right-of-Way,4488058,7.1,-1.8,0.5,0.5,0.0,4.0,51,26.4,47.5,327,Drizzle: Light,0,0,
10039,2021-12-19 19:08:00,40.82092,-73.94333,1,0,Other Vehicular,4487994,7.1,-1.8,0.5,0.5,0.0,4.0,51,26.4,47.5,327,Drizzle: Light,1,1,
10040,2021-12-18 03:10:00,40.700768,-73.990944,0,0,Passing or Lane Usage Improper,4488421,6.3,4.5,3.8,3.8,0.0,9.0,61,12.3,24.5,35,Rain: Light,0,0,
10041,2021-12-19 01:30:00,40.736145,-73.92651,0,0,Pavement Slippery,4487499,7.1,-1.8,0.5,0.5,0.0,4.0,51,26.4,47.5,327,Drizzle: Light,0,0,
10042,2021-12-12 02:55:00,40.681736,-73.8051,1,0,Failure to Yield Right-of-Way,4488463,13.0,3.4,0.5,0.5,0.0,1.0,53,32.4,62.6,284,Drizzle: Moderate,1,1,
10043,2021-12-05 22:51:00,40.789116,-73.82259,0,0,Unsafe Speed,4488577,7.6,0.0,0.0,0.0,0.0,0.0,3,15.1,27.0,303,Overcast,0,0,
10044,2021-12-15 09:55:00,40.77476,-73.91035,0,0,Failure to Yield Right-of-Way,4488369,10.3,1.8,1.0,1.0,0.0,6.0,51,20.6,38.2,104,Drizzle: Light,0,0,
10045,2021-12-19 01:30:00,40.805447,-73.963844,0,0,Unspecified,4488571,7.1,-1.8,0.5,0.5,0.0,4.0,51,26.4,47.5,327,Drizzle: Light,0,0,
10046,2021-12-03 00:00:00,40.75373,-73.88505,0,0,Passing Too Closely,4488514,9.3,0.9,0.0,0.0,0.0,0.0,3,27.6,53.3,301,Overcast,0,0,
10047,2021-12-16 00:11:00,40.700836,-73.99495,0,0,Unspecified,4488411,14.6,9.9,0.0,0.0,0.0,0.0,3,22.4,38.5,222,Overcast,0,0,
10048,2021-12-19 00:44:00,40.79672,-73.97618,0,0,Driver Inattention/Distraction,4487534,7.1,-1.8,0.5,0.5,0.0,4.0,51,26.4,47.5,327,Drizzle: Light,0,0,
10049,2021-12-17 21:10:00,40.6089,-74.03465,0,0,Alcohol Involvement,4488426,13.9,6.1,0.0,0.0,0.0,0.0,3,21.5,37.1,265,Overcast,0,0,
10050,2021-12-19 19:30:00,40.684147,-73.922966,2,0,Turning Improperly,4487830,7.1,-1.8,0.5,0.5,0.0,4.0,51,26.4,47.5,327,Drizzle: Light,2,2,
10051,2021-12-19 17:00:00,40.890423,-73.84139,0,0,Other Vehicular,4488013,7.1,-1.8,0.5,0.5,0.0,4.0,51,26.4,47.5,327,Drizzle: Light,0,0,
10052,2021-12-19 07:40:00,40.682583,-73.788864,0,0,Passing or Lane Usage Improper,4488471,7.1,-1.8,0.5,0.5,0.0,4.0,51,26.4,47.5,327,Drizzle: Light,0,0,
10053,2021-12-19 10:38:00,40.75391,-73.9253,0,0,Unspecified,4487881,7.1,-1.8,0.5,0.5,0.0,4.0,51,26.4,47.5,327,Drizzle: Light,0,0,
10054,2021-12-19 00:02:00,40.831398,-73.83097,0,0,Unspecified,4488357,7.1,-1.8,0.5,0.5,0.0,4.0,51,26.4,47.5,327,Drizzle: Light,0,0,
10055,2021-12-18 14:43:00,40.89341,-73.85737,0,0,Other Vehicular,4488398,6.3,4.5,3.8,3.8,0.0,9.0,61,12.3,24.5,35,Rain: Light,0,0,
10056,2021-12-19 12:20:00,40.713085,-73.94415,0,0,Traffic Control Disregarded,4487932,7.1,-1.8,0.5,0.5,0.0,4.0,51,26.4,47.5,327,Drizzle: Light,0,0,
10057,2021-12-19 20:56:00,40.57981,-73.837204,1,0,Failure to Yield Right-of-Way,4488551,7.1,-1.8,0.5,0.5,0.0,4.0,51,26.4,47.5,327,Drizzle: Light,1,1,
10058,2021-12-11 04:51:00,40.86804,-73.879105,0,0,Driver Inattention/Distraction,4488446,17.3,5.0,8.1,8.1,0.0,5.0,63,35.0,67.0,206,Rain: Moderate,0,0,
10059,2021-12-19 13:31:00,40.696198,-73.98877,1,0,Driver Inattention/Distraction,4487700,7.1,-1.8,0.5,0.5,0.0,4.0,51,26.4,47.5,327,Drizzle: Light,1,1,
10060,2021-12-19 01:06:00,40.703434,-73.9248,1,0,Other Vehicular,4487768,7.1,-1.8,0.5,0.5,0.0,4.0,51,26.4,47.5,327,Drizzle: Light,1,1,
10061,2021-12-19 17:30:00,40.836407,-73.94852,0,0,Driver Inattention/Distraction,4488155,7.1,-1.8,0.5,0.5,0.0,4.0,51,26.4,47.5,327,Drizzle: Light,0,0,
10062,2021-12-18 01:42:00,40.715553,-73.82617,0,0,Unspecified,4488525,6.3,4.5,3.8,3.8,0.0,9.0,61,12.3,24.5,35,Rain: Light,0,0,
10063,2021-12-19 17:34:00,40.752056,-74.00099,0,0,Passing or Lane Usage Improper,4487858,7.1,-1.8,0.5,0.5,0.0,4.0,51,26.4,47.5,327,Drizzle: Light,0,0,
10064,2021-12-18 22:06:00,40.851936,-73.91078,1,0,Turning Improperly,4488330,6.3,4.5,3.8,3.8,0.0,9.0,61,12.3,24.5,35,Rain: Light,1,1,
10065,2021-12-19 17:30:00,40.657757,-73.89654,0,0,Driver Inattention/Distraction,4488068,7.1,-1.8,0.5,0.5,0.0,4.0,51,26.4,47.5,327,Drizzle: Light,0,0,
10066,2021-12-19 03:27:00,40.72136,-73.837036,1,0,Driver Inattention/Distraction,4488187,7.1,-1.8,0.5,0.5,0.0,4.0,51,26.4,47.5,327,Drizzle: Light,1,1,
10067,2021-12-19 12:50:00,40.645134,-73.90232,0,0,Fell Asleep,4487754,7.1,-1.8,0.5,0.5,0.0,4.0,51,26.4,47.5,327,Drizzle: Light,0,0,
10068,2021-12-19 02:00:00,40.763546,-73.969345,0,0,Unspecified,4487910,7.1,-1.8,0.5,0.5,0.0,4.0,51,26.4,47.5,327,Drizzle: Light,0,0,
10069,2021-12-17 09:10:00,40.69952,-73.989815,1,0,Unspecified,4488407,13.9,6.1,0.0,0.0,0.0,0.0,3,21.5,37.1,265,Overcast,1,1,
10070,2021-12-18 00:25:00,40.69116,-73.98994,1,0,Alcohol Involvement,4488430,6.3,4.5,3.8,3.8,0.0,9.0,61,12.3,24.5,35,Rain: Light,1,1,
10071,2021-12-15 09:30:00,40.639645,-74.008835,0,0,Unspecified,4488349,10.3,1.8,1.0,1.0,0.0,6.0,51,20.6,38.2,104,Drizzle: Light,0,0,
10072,2021-12-19 03:29:00,40.69365,-73.98333,0,0,Unspecified,4487851,7.1,-1.8,0.5,0.5,0.0,4.0,51,26.4,47.5,327,Drizzle: Light,0,0,
10073,2021-12-19 13:54:00,40.794975,-73.93296,2,0,Failure to Yield Right-of-Way,4487924,7.1,-1.8,0.5,0.5,0.0,4.0,51,26.4,47.5,327,Drizzle: Light,2,2,
10074,2021-12-13 06:00:00,40.77913,-73.95474,0,0,Backing Unsafely,4488659,10.2,1.9,0.0,0.0,0.0,0.0,3,19.6,35.3,242,Overcast,0,0,
10075,2021-12-12 17:50:00,40.676743,-73.93316,0,0,Backing Unsafely,4488504,13.0,3.4,0.5,0.5,0.0,1.0,53,32.4,62.6,284,Drizzle: Moderate,0,0,
10076,2021-12-07 09:32:00,40.828445,-73.94155,1,0,Unspecified,4488402,8.6,0.8,0.1,0.1,0.0,1.0,51,27.2,49.3,283,Drizzle: Light,1,1,
10077,2021-12-16 18:15:00,40.576252,-74.16978,0,0,Driver Inattention/Distraction,4488586,14.6,9.9,0.0,0.0,0.0,0.0,3,22.4,38.5,222,Overcast,0,0,
10078,2021-12-19 21:00:00,40.850475,-73.915436,0,0,Driver Inattention/Distraction,4488141,7.1,-1.8,0.5,0.5,0.0,4.0,51,26.4,47.5,327,Drizzle: Light,0,0,
10079,2021-12-19 02:05:00,40.626976,-73.914024,0,0,Driver Inattention/Distraction,4487584,7.1,-1.8,0.5,0.5,0.0,4.0,51,26.4,47.5,327,Drizzle: Light,0,0,
10080,2021-12-14 16:35:00,40.83852,-73.92619,0,0,Passing or Lane Usage Improper,4488326,10.4,3.1,0.0,0.0,0.0,0.0,3,18.5,31.3,322,Overcast,0,0,
10081,2021-12-19 20:45:00,40.665733,-73.755585,0,0,Unspecified,4487817,7.1,-1.8,0.5,0.5,0.0,4.0,51,26.4,47.5,327,Drizzle: Light,0,0,
10082,2021-12-19 22:40:00,40.602432,-73.961525,0,0,Unspecified,4488200,7.1,-1.8,0.5,0.5,0.0,4.0,51,26.4,47.5,327,Drizzle: Light,0,0,
10083,2021-12-19 15:00:00,40.659412,-73.8708,0,0,Unspecified,4488087,7.1,-1.8,0.5,0.5,0.0,4.0,51,26.4,47.5,327,Drizzle: Light,0,0,
10084,2021-12-19 02:42:00,40.675117,-74.00962,0,0,Backing Unsafely,4487978,7.1,-1.8,0.5,0.5,0.0,4.0,51,26.4,47.5,327,Drizzle: Light,0,0,
10085,2021-12-18 06:50:00,40.78057,-73.95817,1,0,Driver Inattention/Distraction,4488658,6.3,4.5,3.8,3.8,0.0,9.0,61,12.3,24.5,35,Rain: Light,1,1,
10086,2021-12-19 20:05:00,40.87793,-73.8703,0,0,Unspecified,4488440,7.1,-1.8,0.5,0.5,0.0,4.0,51,26.4,47.5,327,Drizzle: Light,0,0,
10087,2021-12-19 11:50:00,40.725594,-73.999916,0,0,Driver Inattention/Distraction,4488034,7.1,-1.8,0.5,0.5,0.0,4.0,51,26.4,47.5,327,Drizzle: Light,0,0,
10088,2021-12-16 14:24:00,40.691456,-73.9178,1,0,Backing Unsafely,4488403,14.6,9.9,0.0,0.0,0.0,0.0,3,22.4,38.5,222,Overcast,1,1,
10089,2021-12-19 14:00:00,40.72621,-73.920525,0,0,Animals Action,4487870,7.1,-1.8,0.5,0.5,0.0,4.0,51,26.4,47.5,327,Drizzle: Light,0,0,
10090,2021-12-13 21:25:00,40.650448,-73.91111,0,0,Unspecified,4488344,10.2,1.9,0.0,0.0,0.0,0.0,3,19.6,35.3,242,Overcast,0,0,
10091,2021-12-18 17:53:00,40.542427,-74.14591,0,0,Unspecified,4488377,6.3,4.5,3.8,3.8,0.0,9.0,61,12.3,24.5,35,Rain: Light,0,0,
10092,2021-12-19 23:45:00,40.801125,-73.92988,0,0,Alcohol Involvement,4487916,7.1,-1.8,0.5,0.5,0.0,4.0,51,26.4,47.5,327,Drizzle: Light,0,0,
10093,2021-12-19 22:00:00,40.703163,-73.81662,1,0,Unsafe Lane Changing,4488215,7.1,-1.8,0.5,0.5,0.0,4.0,51,26.4,47.5,327,Drizzle: Light,1,1,
10094,2021-12-19 04:30:00,40.73556,-73.915054,0,0,Driver Inattention/Distraction,4487612,7.1,-1.8,0.5,0.5,0.0,4.0,51,26.4,47.5,327,Drizzle: Light,0,0,
10095,2021-12-19 22:30:00,40.753956,-73.82772,0,0,Passing or Lane Usage Improper,4488050,7.1,-1.8,0.5,0.5,0.0,4.0,51,26.4,47.5,327,Drizzle: Light,0,0,
10096,2021-12-19 17:05:00,40.770428,-73.79198,0,0,Passing or Lane Usage Improper,4487773,7.1,-1.8,0.5,0.5,0.0,4.0,51,26.4,47.5,327,Drizzle: Light,0,0,
10097,2021-12-19 16:40:00,40.604424,-74.1229,0,0,Driver Inattention/Distraction,4488059,7.1,-1.8,0.5,0.5,0.0,4.0,51,26.4,47.5,327,Drizzle: Light,0,0,
10098,2021-12-19 14:25:00,40.73542,-73.91552,1,0,Unspecified,4487866,7.1,-1.8,0.5,0.5,0.0,4.0,51,26.4,47.5,327,Drizzle: Light,1,1,
10099,2021-12-19 17:00:00,40.63797,-74.00604,0,0,Unspecified,4488040,7.1,-1.8,0.5,0.5,0.0,4.0,51,26.4,47.5,327,Drizzle: Light,0,0,
10100,2021-12-17 22:03:00,40.707306,-73.75122,1,0,Failure to Yield Right-of-Way,4488415,13.9,6.1,0.0,0.0,0.0,0.0,3,21.5,37.1,265,Overcast,1,1,
10101,2021-12-19 22:20:00,40.801125,-73.92988,0,0,Unspecified,4487948,7.1,-1.8,0.5,0.5,0.0,4.0,51,26.4,47.5,327,Drizzle: Light,0,0,
10102,2021-12-19 02:20:00,40.731983,-73.91912,0,0,Pavement Slippery,4487500,7.1,-1.8,0.5,0.5,0.0,4.0,51,26.4,47.5,327,Drizzle: Light,0,0,
10103,2021-12-19 05:30:00,40.682404,-73.75181,1,0,Traffic Control Disregarded,4488465,7.1,-1.8,0.5,0.5,0.0,4.0,51,26.4,47.5,327,Drizzle: Light,1,1,
10104,2021-12-16 01:00:00,40.76771,-73.93247,0,0,Driver Inattention/Distraction,4488367,14.6,9.9,0.0,0.0,0.0,0.0,3,22.4,38.5,222,Overcast,0,0,
10105,2021-12-19 03:58:00,40.664993,-73.80229,2,0,Pavement Slippery,4488576,7.1,-1.8,0.5,0.5,0.0,4.0,51,26.4,47.5,327,Drizzle: Light,2,2,
10106,2021-12-11 00:00:00,40.684277,-73.78302,0,0,Passing Too Closely,4488530,17.3,5.0,8.1,8.1,0.0,5.0,63,35.0,67.0,206,Rain: Moderate,0,0,
10107,2021-12-19 13:45:00,40.76137,-73.72905,0,0,Reaction to Uninvolved Vehicle,4488191,7.1,-1.8,0.5,0.5,0.0,4.0,51,26.4,47.5,327,Drizzle: Light,0,0,
10108,2021-12-19 12:30:00,40.57702,-73.9642,0,0,Other Vehicular,4487751,7.1,-1.8,0.5,0.5,0.0,4.0,51,26.4,47.5,327,Drizzle: Light,0,0,
10109,2021-12-19 17:04:00,40.641266,-73.904366,0,0,Driver Inattention/Distraction,4487756,7.1,-1.8,0.5,0.5,0.0,4.0,51,26.4,47.5,327,Drizzle: Light,0,0,
10110,2021-12-19 03:00:00,40.8221,-73.92063,0,0,Backing Unsafely,4488103,7.1,-1.8,0.5,0.5,0.0,4.0,51,26.4,47.5,327,Drizzle: Light,0,0,
10111,2021-11-22 20:57:00,40.67002,-73.78312,0,0,Unspecified,4488462,11.3,2.4,1.3,1.3,0.0,5.0,51,22.9,42.8,286,Drizzle: Light,0,0,
10112,2021-12-19 16:00:00,40.586872,-73.971436,0,0,Driver Inattention/Distraction,4487786,7.1,-1.8,0.5,0.5,0.0,4.0,51,26.4,47.5,327,Drizzle: Light,0,0,
10113,2021-12-19 20:14:00,40.833096,-73.94066,1,0,Pedestrian/Bicyclist/Other Pedestrian Error/Confusion,4488158,7.1,-1.8,0.5,0.5,0.0,4.0,51,26.4,47.5,327,Drizzle: Light,1,1,
10114,2021-12-18 17:20:00,40.79507,-73.93919,1,0,Pavement Slippery,4488494,6.3,4.5,3.8,3.8,0.0,9.0,61,12.3,24.5,35,Rain: Light,1,1,
10115,2021-12-19 21:53:00,40.69457,-73.99068,0,0,Passing or Lane Usage Improper,4487850,7.1,-1.8,0.5,0.5,0.0,4.0,51,26.4,47.5,327,Drizzle: Light,0,0,
10116,2021-12-19 04:40:00,40.67989,-73.94034,1,0,Turning Improperly,4488250,7.1,-1.8,0.5,0.5,0.0,4.0,51,26.4,47.5,327,Drizzle: Light,1,1,
10117,2021-12-19 04:40:00,40.70041,-73.81553,1,0,Following Too Closely,4488523,7.1,-1.8,0.5,0.5,0.0,4.0,51,26.4,47.5,327,Drizzle: Light,1,1,
10118,2021-12-19 07:00:00,40.757362,-73.8857,0,0,Other Vehicular,4487648,7.1,-1.8,0.5,0.5,0.0,4.0,51,26.4,47.5,327,Drizzle: Light,0,0,
10119,2021-12-19 19:15:00,40.820747,-73.906006,2,0,Failure to Yield Right-of-Way,4488104,7.1,-1.8,0.5,0.5,0.0,4.0,51,26.4,47.5,327,Drizzle: Light,2,2,
10120,2021-12-19 10:32:00,40.73398,-73.98991,1,0,Driver Inattention/Distraction,4488226,7.1,-1.8,0.5,0.5,0.0,4.0,51,26.4,47.5,327,Drizzle: Light,1,1,
10121,2021-12-19 05:03:00,40.845177,-73.91417,0,0,Following Too Closely,4488329,7.1,-1.8,0.5,0.5,0.0,4.0,51,26.4,47.5,327,Drizzle: Light,0,0,
10122,2021-12-19 09:00:00,40.763844,-73.769455,0,0,Driver Inattention/Distraction,4487666,7.1,-1.8,0.5,0.5,0.0,4.0,51,26.4,47.5,327,Drizzle: Light,0,0,
10123,2021-12-19 11:25:00,40.81328,-73.89749,3,0,Unspecified,4487783,7.1,-1.8,0.5,0.5,0.0,4.0,51,26.4,47.5,327,Drizzle: Light,3,3,
10124,2021-12-19 02:24:00,40.671032,-73.93927,2,0,Unspecified,4488505,7.1,-1.8,0.5,0.5,0.0,4.0,51,26.4,47.5,327,Drizzle: Light,2,2,
10125,2021-12-19 19:00:00,40.741524,-73.88061,1,0,Driver Inattention/Distraction,4487828,7.1,-1.8,0.5,0.5,0.0,4.0,51,26.4,47.5,327,Drizzle: Light,1,1,
10126,2021-12-19 19:34:00,40.742657,-73.846214,1,0,Driver Inattention/Distraction,4488021,7.1,-1.8,0.5,0.5,0.0,4.0,51,26.4,47.5,327,Drizzle: Light,1,1,
10127,2021-12-19 02:25:00,40.788795,-73.93755,0,0,Driver Inattention/Distraction,4488496,7.1,-1.8,0.5,0.5,0.0,4.0,51,26.4,47.5,327,Drizzle: Light,0,0,
10128,2021-12-18 03:00:00,40.688473,-73.80857,0,0,Unsafe Speed,4488365,6.3,4.5,3.8,3.8,0.0,9.0,61,12.3,24.5,35,Rain: Light,0,0,
10129,2021-11-22 09:30:00,0.0,0.0,0,0,Unspecified,4488445,11.3,2.4,1.3,1.3,0.0,5.0,51,22.9,42.8,286,Drizzle: Light,0,0,
10130,2021-12-19 13:15:00,40.747574,-73.76147,2,0,Driver Inattention/Distraction,4487691,7.1,-1.8,0.5,0.5,0.0,4.0,51,26.4,47.5,327,Drizzle: Light,2,2,
10131,2021-12-19 22:49:00,40.745293,-73.9985,0,0,Driver Inattention/Distraction,4487859,7.1,-1.8,0.5,0.5,0.0,4.0,51,26.4,47.5,327,Drizzle: Light,0,0,
10132,2021-12-19 00:05:00,40.651604,-73.933304,0,0,Passing or Lane Usage Improper,4487610,7.1,-1.8,0.5,0.5,0.0,4.0,51,26.4,47.5,327,Drizzle: Light,0,0,
10133,2021-12-19 17:57:00,40.747097,-73.98345,0,0,Failure to Yield Right-of-Way,4487820,7.1,-1.8,0.5,0.5,0.0,4.0,51,26.4,47.5,327,Drizzle: Light,0,0,
10134,2021-12-19 02:15:00,40.65945,-73.89847,1,0,Alcohol Involvement,4488097,7.1,-1.8,0.5,0.5,0.0,4.0,51,26.4,47.5,327,Drizzle: Light,1,1,
10135,2021-12-19 12:54:00,40.63552,-74.0167,1,0,Unspecified,4487805,7.1,-1.8,0.5,0.5,0.0,4.0,51,26.4,47.5,327,Drizzle: Light,1,1,
10136,2021-12-17 01:15:00,40.667213,-73.73707,3,0,Driver Inattention/Distraction,4488414,13.9,6.1,0.0,0.0,0.0,0.0,3,21.5,37.1,265,Overcast,3,3,
10137,2021-12-19 08:25:00,40.744465,-73.77179,0,0,Unspecified,4488272,7.1,-1.8,0.5,0.5,0.0,4.0,51,26.4,47.5,327,Drizzle: Light,0,0,
10138,2021-12-19 10:31:00,40.705074,-73.758965,0,0,Passing Too Closely,4487886,7.1,-1.8,0.5,0.5,0.0,4.0,51,26.4,47.5,327,Drizzle: Light,0,0,
10139,2021-12-19 01:00:00,40.668648,-73.92835,1,0,Unspecified,4488147,7.1,-1.8,0.5,0.5,0.0,4.0,51,26.4,47.5,327,Drizzle: Light,1,1,
10140,2021-12-19 00:00:00,40.856434,-73.886826,0,0,Driver Inattention/Distraction,4488320,7.1,-1.8,0.5,0.5,0.0,4.0,51,26.4,47.5,327,Drizzle: Light,0,0,
10141,2021-12-19 12:00:00,40.58845,-73.96326,0,0,Other Vehicular,4488207,7.1,-1.8,0.5,0.5,0.0,4.0,51,26.4,47.5,327,Drizzle: Light,0,0,
10142,2021-12-12 00:52:00,40.88337,-73.85956,1,0,Reaction to Uninvolved Vehicle,4488397,13.0,3.4,0.5,0.5,0.0,1.0,53,32.4,62.6,284,Drizzle: Moderate,1,1,
10143,2021-12-19 05:00:00,40.846012,-73.8305,0,0,Unspecified,4488486,7.1,-1.8,0.5,0.5,0.0,4.0,51,26.4,47.5,327,Drizzle: Light,0,0,
10144,2021-12-19 22:22:00,40.72852,-73.90573,0,0,Driver Inattention/Distraction,4487874,7.1,-1.8,0.5,0.5,0.0,4.0,51,26.4,47.5,327,Drizzle: Light,0,0,
10145,2021-12-17 12:50:00,40.673107,-73.99959,1,0,Passing or Lane Usage Improper,4488408,13.9,6.1,0.0,0.0,0.0,0.0,3,21.5,37.1,265,Overcast,1,1,
10146,2021-12-19 22:20:00,40.739666,-73.898834,2,0,Driver Inattention/Distraction,4487869,7.1,-1.8,0.5,0.5,0.0,4.0,51,26.4,47.5,327,Drizzle: Light,2,2,
10147,2021-12-19 04:55:00,40.739197,-73.99924,1,0,Unsafe Lane Changing,4487571,7.1,-1.8,0.5,0.5,0.0,4.0,51,26.4,47.5,327,Drizzle: Light,1,1,
10148,2021-12-18 19:30:00,40.63006,-74.138756,0,0,Driver Inattention/Distraction,4488588,6.3,4.5,3.8,3.8,0.0,9.0,61,12.3,24.5,35,Rain: Light,0,0,
10149,2021-12-19 04:04:00,40.701958,-73.9239,0,0,Unspecified,4487769,7.1,-1.8,0.5,0.5,0.0,4.0,51,26.4,47.5,327,Drizzle: Light,0,0,
10150,2021-12-19 16:16:00,40.71539,-73.99785,0,0,Reaction to Uninvolved Vehicle,4487927,7.1,-1.8,0.5,0.5,0.0,4.0,51,26.4,47.5,327,Drizzle: Light,0,0,
10151,2021-12-19 17:25:00,40.815105,-73.94897,1,0,Passing Too Closely,4488474,7.1,-1.8,0.5,0.5,0.0,4.0,51,26.4,47.5,327,Drizzle: Light,1,1,
10152,2021-12-16 11:19:00,40.75327,-73.92803,1,0,Driver Inattention/Distraction,4488372,14.6,9.9,0.0,0.0,0.0,0.0,3,22.4,38.5,222,Overcast,1,1,
10153,2021-12-19 02:40:00,40.616707,-73.97846,2,0,Unspecified,4487934,7.1,-1.8,0.5,0.5,0.0,4.0,51,26.4,47.5,327,Drizzle: Light,2,2,
10154,2021-09-01 02:10:00,40.70651,-73.95239,1,0,Pedestrian/Bicyclist/Other Pedestrian Error/Confusion,4488636,23.2,18.4,121.7,121.7,0.0,18.0,65,43.2,78.5,42,Rain: Heavy,1,1,
10155,2021-12-19 13:20:00,40.658577,-73.89063,0,0,Following Too Closely,4488086,7.1,-1.8,0.5,0.5,0.0,4.0,51,26.4,47.5,327,Drizzle: Light,0,0,
10156,2023-04-27 01:25:00,40.818172,-73.95649,0,0,Unspecified,4624033,13.5,7.6,1.4,1.4,0.0,8.0,51,16.0,32.8,146,Drizzle: Light,0,0,
10157,2021-09-17 16:50:00,40.85814,-73.895744,0,0,Driver Inattention/Distraction,4459654,23.6,20.1,1.0,1.0,0.0,7.0,51,20.3,38.9,59,Drizzle: Light,0,0,
10158,2021-08-29 20:56:00,40.728767,-73.984436,1,0,Driver Inattention/Distraction,4459684,24.5,19.7,2.5,2.5,0.0,9.0,53,13.6,25.6,98,Drizzle: Moderate,1,1,
10159,2021-09-18 02:45:00,40.606102,-74.07983,1,0,Following Too Closely,4459656,27.1,19.2,0.2,0.2,0.0,2.0,51,14.6,25.9,349,Drizzle: Light,1,1,
10160,2021-09-19 15:55:00,40.578938,-73.98522,1,0,Turning Improperly,4459676,23.6,16.8,0.0,0.0,0.0,0.0,2,17.6,35.6,0,Partly cloudy,1,1,
10161,2021-09-13 01:45:00,40.856358,-73.826515,0,0,Unspecified,4459673,28.8,21.8,1.1,1.1,0.0,2.0,53,20.1,36.7,277,Drizzle: Moderate,0,0,
10162,2021-09-07 12:59:00,40.667522,-73.78063,7,0,Traffic Control Disregarded,4459687,25.9,15.2,0.0,0.0,0.0,0.0,1,12.5,25.6,259,Mainly clear,7,7,Sunny/Clear Conditions
10163,2021-09-19 15:55:00,40.71909,-73.949234,0,0,Driver Inexperience,4459643,23.6,16.8,0.0,0.0,0.0,0.0,2,17.6,35.6,0,Partly cloudy,0,0,
10164,2021-08-31 16:25:00,40.728092,-73.98494,1,0,Driver Inattention/Distraction,4459685,28.5,21.2,0.0,0.0,0.0,0.0,3,15.5,29.9,301,Overcast,1,1,
10165,2021-09-16 17:50:00,40.586212,-73.990585,0,0,Driver Inattention/Distraction,4459671,23.9,19.1,4.0,4.0,0.0,10.0,55,18.8,37.8,38,Drizzle: Dense,0,0,
10166,2021-12-08 15:40:00,40.69613,-73.987114,1,0,Passing or Lane Usage Improper,4485072,4.7,0.9,0.7,0.7,0.0,2.0,51,14.5,24.8,355,Drizzle: Light,1,1,
10167,2021-12-09 06:50:00,40.685772,-73.81819,0,0,Backing Unsafely,4485083,3.6,-2.0,0.1,0.0,0.07,1.0,71,19.2,33.8,295,Snow fall: Light,0,0,Snowy Conditions
10168,2021-12-06 15:18:00,40.661907,-73.99284,0,0,Driver Inattention/Distraction,4485280,16.3,7.7,6.3,6.3,0.0,10.0,61,35.1,65.5,201,Rain: Light,0,0,
10169,2021-12-08 17:13:00,40.676445,-73.92762,1,0,Driver Inattention/Distraction,4485025,4.7,0.9,0.7,0.7,0.0,2.0,51,14.5,24.8,355,Drizzle: Light,1,1,
10170,2021-12-05 21:36:00,40.63413,-73.928505,0,0,Failure to Yield Right-of-Way,4485636,7.6,0.0,0.0,0.0,0.0,0.0,3,15.1,27.0,303,Overcast,0,0,
10171,2021-12-10 13:39:00,40.764885,-73.8656,1,0,Driver Inattention/Distraction,4485334,8.5,1.6,0.0,0.0,0.0,0.0,3,9.8,20.5,183,Overcast,1,1,