,CRASH DATETIME,LATITUDE,LONGITUDE,NUMBER OF PERSONS INJURED,NUMBER OF PERSONS KILLED,CONTRIBUTING FACTOR VEHICLE 1,COLLISION_ID,temperature_2m_max,temperature_2m_min,precipitation_sum,rain_sum,snowfall_sum,precipitation_hours,weather_code,wind_speed_10m_max,wind_gusts_10m_max,wind_direction_10m_dominant,Weather Description,Severity_Score,Total_Affected_Persons,Weather_Category
10172,2021-12-10 05:30:00,40.805367,-73.9219,2,0,Turning Improperly,4485882,8.5,1.6,0.0,0.0,0.0,0.0,3,9.8,20.5,183,Overcast,2,2,
10173,2021-12-09 22:25:00,40.737537,-73.881516,1,0,Driver Inattention/Distraction,4485117,3.6,-2.0,0.1,0.0,0.07,1.0,71,19.2,33.8,295,Snow fall: Light,1,1,Snowy Conditions
10174,2021-12-09 16:28:00,40.757946,-73.9099,0,0,Driver Inattention/Distraction,4485230,3.6,-2.0,0.1,0.0,0.07,1.0,71,19.2,33.8,295,Snow fall: Light,0,0,Snowy Conditions
10175,2021-12-03 09:00:00,40.772606,-73.91813,0,0,Driver Inattention/Distraction,4488384,9.3,0.9,0.0,0.0,0.0,0.0,3,27.6,53.3,301,Overcast,0,0,
10176,2021-12-19 12:35:00,40.686726,-73.99047,1,0,,4487852,7.1,-1.8,0.5,0.5,0.0,4.0,51,26.4,47.5,327,Drizzle: Light,1,1,
10177,2021-12-18 01:30:00,40.72469,-73.7541,0,0,Driver Inattention/Distraction,4488418,6.3,4.5,3.8,3.8,0.0,9.0,61,12.3,24.5,35,Rain: Light,0,0,
10178,2021-12-17 08:13:00,40.745754,-73.73044,1,0,Unspecified,4488429,13.9,6.1,0.0,0.0,0.0,0.0,3,21.5,37.1,265,Overcast,1,1,
10179,2021-12-19 16:30:00,40.700104,-73.94726,1,0,Failure to Yield Right-of-Way,4488140,7.1,-1.8,0.5,0.5,0.0,4.0,51,26.4,47.5,327,Drizzle: Light,1,1,
10180,2021-12-12 05:23:00,40.717175,-74.01288,0,0,Unspecified,4488350,13.0,3.4,0.5,0.5,0.0,1.0,53,32.4,62.6,284,Drizzle: Moderate,0,0,
10181,2021-12-19 16:30:00,40.68736,-73.99788,0,0,Turning Improperly,4487975,7.1,-1.8,0.5,0.5,0.0,4.0,51,26.4,47.5,327,Drizzle: Light,0,0,
10182,2021-12-17 23:18:00,40.712307,-73.99437,1,0,Driver Inattention/Distraction,4488674,13.9,6.1,0.0,0.0,0.0,0.0,3,21.5,37.1,265,Overcast,1,1,
10183,2021-09-19 00:43:00,40.622612,-73.98667,0,0,Unspecified,4458959,23.6,16.8,0.0,0.0,0.0,0.0,2,17.6,35.6,0,Partly cloudy,0,0,
10184,2021-09-19 17:10:00,40.802074,-73.93407,1,0,Traffic Control Disregarded,4458871,23.6,16.8,0.0,0.0,0.0,0.0,2,17.6,35.6,0,Partly cloudy,1,1,
10185,2021-09-13 18:00:00,40.768234,-73.90709,1,0,Driver Inattention/Distraction,4459398,28.8,21.8,1.1,1.1,0.0,2.0,53,20.1,36.7,277,Drizzle: Moderate,1,1,
10186,2021-09-19 01:03:00,40.665497,-73.75573,0,0,Passing or Lane Usage Improper,4458478,23.6,16.8,0.0,0.0,0.0,0.0,2,17.6,35.6,0,Partly cloudy,0,0,
10187,2021-09-19 20:15:00,40.575634,-73.848816,1,0,Unspecified,4458846,23.6,16.8,0.0,0.0,0.0,0.0,2,17.6,35.6,0,Partly cloudy,1,1,
10188,2021-09-19 22:41:00,40.81314,-73.93861,0,0,Other Vehicular,4459061,23.6,16.8,0.0,0.0,0.0,0.0,2,17.6,35.6,0,Partly cloudy,0,0,
10189,2021-09-19 08:00:00,40.66936,-73.974464,0,0,Passing Too Closely,4459336,23.6,16.8,0.0,0.0,0.0,0.0,2,17.6,35.6,0,Partly cloudy,0,0,
10190,2021-09-05 14:31:00,40.72248,-73.90781,0,0,Unspecified,4459502,24.5,16.9,1.0,1.0,0.0,6.0,51,15.5,42.5,204,Drizzle: Light,0,0,
10191,2021-09-17 00:00:00,40.605766,-73.99705,0,0,Driver Inattention/Distraction,4459608,23.6,20.1,1.0,1.0,0.0,7.0,51,20.3,38.9,59,Drizzle: Light,0,0,
10192,2021-09-19 00:15:00,40.69613,-73.987114,5,0,Driver Inattention/Distraction,4458519,23.6,16.8,0.0,0.0,0.0,0.0,2,17.6,35.6,0,Partly cloudy,5,5,
10193,2021-09-19 22:53:00,40.794353,-73.97836,0,0,Failure to Yield Right-of-Way,4458905,23.6,16.8,0.0,0.0,0.0,0.0,2,17.6,35.6,0,Partly cloudy,0,0,
10194,2021-09-19 22:00:00,40.885307,-73.860466,0,0,Driver Inattention/Distraction,4459425,23.6,16.8,0.0,0.0,0.0,0.0,2,17.6,35.6,0,Partly cloudy,0,0,
10195,2021-09-15 16:02:00,40.764286,-73.95562,0,0,Passing Too Closely,4459476,29.6,20.7,0.3,0.3,0.0,3.0,51,21.6,40.7,192,Drizzle: Light,0,0,
10196,2021-09-19 15:04:00,40.608776,-74.09113,1,0,Unspecified,4459205,23.6,16.8,0.0,0.0,0.0,0.0,2,17.6,35.6,0,Partly cloudy,1,1,
10197,2021-09-19 01:40:00,40.67581,-73.739555,0,0,Unspecified,4458581,23.6,16.8,0.0,0.0,0.0,0.0,2,17.6,35.6,0,Partly cloudy,0,0,
10198,2021-09-19 16:44:00,40.6087,-73.97404,1,0,Driver Inattention/Distraction,4458754,23.6,16.8,0.0,0.0,0.0,0.0,2,17.6,35.6,0,Partly cloudy,1,1,
10199,2021-09-19 15:39:00,40.817673,-73.91704,0,0,Passing or Lane Usage Improper,4458971,23.6,16.8,0.0,0.0,0.0,0.0,2,17.6,35.6,0,Partly cloudy,0,0,
10200,2021-09-19 20:00:00,40.8355,-73.90123,0,0,Unspecified,4459080,23.6,16.8,0.0,0.0,0.0,0.0,2,17.6,35.6,0,Partly cloudy,0,0,
10201,2021-09-19 19:07:00,40.63739,-73.91038,1,0,Failure to Yield Right-of-Way,4459110,23.6,16.8,0.0,0.0,0.0,0.0,2,17.6,35.6,0,Partly cloudy,1,1,
10202,2021-09-19 13:50:00,0.0,0.0,0,0,Following Too Closely,4458696,23.6,16.8,0.0,0.0,0.0,0.0,2,17.6,35.6,0,Partly cloudy,0,0,
10203,2021-09-19 04:15:00,40.82615,-73.87766,0,0,Unspecified,4458646,23.6,16.8,0.0,0.0,0.0,0.0,2,17.6,35.6,0,Partly cloudy,0,0,
10204,2021-09-17 11:00:00,40.75618,-73.7804,0,0,Unspecified,4459525,23.6,20.1,1.0,1.0,0.0,7.0,51,20.3,38.9,59,Drizzle: Light,0,0,
10205,2021-09-03 23:42:00,40.740913,-73.95226,0,0,Driver Inattention/Distraction,4459579,21.9,14.0,0.0,0.0,0.0,0.0,3,14.5,30.2,321,Overcast,0,0,
10206,2021-09-19 00:57:00,40.68909,-73.92566,1,0,Unspecified,4458686,23.6,16.8,0.0,0.0,0.0,0.0,2,17.6,35.6,0,Partly cloudy,1,1,
10207,2021-09-19 07:40:00,40.602905,-74.00003,0,0,Driver Inattention/Distraction,4458649,23.6,16.8,0.0,0.0,0.0,0.0,2,17.6,35.6,0,Partly cloudy,0,0,
10208,2021-09-19 20:48:00,40.872494,-73.88147,0,0,Unspecified,4459449,23.6,16.8,0.0,0.0,0.0,0.0,2,17.6,35.6,0,Partly cloudy,0,0,
10209,2021-09-19 16:25:00,40.88598,-73.90545,0,0,Driver Inattention/Distraction,4458731,23.6,16.8,0.0,0.0,0.0,0.0,2,17.6,35.6,0,Partly cloudy,0,0,
10210,2021-09-19 10:17:00,40.82523,-73.94761,1,0,Other Vehicular,4458610,23.6,16.8,0.0,0.0,0.0,0.0,2,17.6,35.6,0,Partly cloudy,1,1,
10211,2021-09-19 23:30:00,40.64479,-74.01433,0,0,Unspecified,4459100,23.6,16.8,0.0,0.0,0.0,0.0,2,17.6,35.6,0,Partly cloudy,0,0,
10212,2021-09-19 16:00:00,40.655216,-73.96194,1,0,Failure to Yield Right-of-Way,4458886,23.6,16.8,0.0,0.0,0.0,0.0,2,17.6,35.6,0,Partly cloudy,1,1,
10213,2021-09-19 02:00:00,40.598377,-73.94086,0,0,Unspecified,4458913,23.6,16.8,0.0,0.0,0.0,0.0,2,17.6,35.6,0,Partly cloudy,0,0,
10214,2021-09-19 00:00:00,40.668358,-73.95592,2,0,Unspecified,4459170,23.6,16.8,0.0,0.0,0.0,0.0,2,17.6,35.6,0,Partly cloudy,2,2,
10215,2021-09-19 17:45:00,40.702557,-73.76233,0,0,Unsafe Speed,4459006,23.6,16.8,0.0,0.0,0.0,0.0,2,17.6,35.6,0,Partly cloudy,0,0,
10216,2021-09-19 15:00:00,40.67875,-73.794,0,0,Passing Too Closely,4459129,23.6,16.8,0.0,0.0,0.0,0.0,2,17.6,35.6,0,Partly cloudy,0,0,
10217,2021-09-19 03:40:00,40.795322,-73.929825,2,0,Following Too Closely,4458633,23.6,16.8,0.0,0.0,0.0,0.0,2,17.6,35.6,0,Partly cloudy,2,2,
10218,2021-09-19 00:08:00,40.524612,-74.230446,0,0,Unspecified,4458717,23.6,16.8,0.0,0.0,0.0,0.0,2,17.6,35.6,0,Partly cloudy,0,0,
10219,2021-09-15 18:55:00,40.69133,-73.95177,3,0,Unsafe Lane Changing,4459518,29.6,20.7,0.3,0.3,0.0,3.0,51,21.6,40.7,192,Drizzle: Light,3,3,
10220,2021-09-19 19:39:00,40.820095,-73.81086,0,0,Failure to Yield Right-of-Way,4458997,23.6,16.8,0.0,0.0,0.0,0.0,2,17.6,35.6,0,Partly cloudy,0,0,
10221,2021-09-17 22:41:00,40.773205,-73.927,0,0,Turning Improperly,4459390,23.6,20.1,1.0,1.0,0.0,7.0,51,20.3,38.9,59,Drizzle: Light,0,0,
10222,2021-09-19 13:25:00,40.665718,-73.95687,1,0,Unsafe Speed,4459526,23.6,16.8,0.0,0.0,0.0,0.0,2,17.6,35.6,0,Partly cloudy,1,1,
10223,2021-09-19 03:30:00,40.646378,-73.97085,0,0,Unspecified,4458756,23.6,16.8,0.0,0.0,0.0,0.0,2,17.6,35.6,0,Partly cloudy,0,0,
10224,2021-09-19 19:12:00,40.7925,-73.84077,0,0,Passing or Lane Usage Improper,4458818,23.6,16.8,0.0,0.0,0.0,0.0,2,17.6,35.6,0,Partly cloudy,0,0,
10225,2021-09-17 14:25:00,40.76975,-73.96061,0,0,Driver Inattention/Distraction,4459457,23.6,20.1,1.0,1.0,0.0,7.0,51,20.3,38.9,59,Drizzle: Light,0,0,
10226,2021-09-19 11:09:00,40.680447,-73.85872,0,0,Passing Too Closely,4458664,23.6,16.8,0.0,0.0,0.0,0.0,2,17.6,35.6,0,Partly cloudy,0,0,
10227,2021-09-19 22:35:00,40.75927,-73.980896,1,0,Failure to Yield Right-of-Way,4459328,23.6,16.8,0.0,0.0,0.0,0.0,2,17.6,35.6,0,Partly cloudy,1,1,
10228,2021-09-19 15:15:00,40.738415,-73.84899,0,0,Driver Inattention/Distraction,4459038,23.6,16.8,0.0,0.0,0.0,0.0,2,17.6,35.6,0,Partly cloudy,0,0,
10229,2021-09-19 19:00:00,40.66774,-73.892815,0,0,Driver Inexperience,4459089,23.6,16.8,0.0,0.0,0.0,0.0,2,17.6,35.6,0,Partly cloudy,0,0,
10230,2021-09-19 19:21:00,40.59651,-73.90788,0,0,Driver Inattention/Distraction,4459257,23.6,16.8,0.0,0.0,0.0,0.0,2,17.6,35.6,0,Partly cloudy,0,0,
10231,2021-09-14 02:00:00,40.841175,-73.8701,0,0,Unspecified,4459438,26.0,19.0,0.2,0.2,0.0,1.0,51,18.0,35.6,138,Drizzle: Light,0,0,
10232,2021-09-19 19:50:00,40.700817,-73.727684,1,0,Passing or Lane Usage Improper,4458881,23.6,16.8,0.0,0.0,0.0,0.0,2,17.6,35.6,0,Partly cloudy,1,1,
10233,2021-09-19 03:00:00,40.75399,-73.90031,0,0,Passing or Lane Usage Improper,4459403,23.6,16.8,0.0,0.0,0.0,0.0,2,17.6,35.6,0,Partly cloudy,0,0,
10234,2021-09-19 20:20:00,40.706142,-73.83177,1,0,Unsafe Lane Changing,4458906,23.6,16.8,0.0,0.0,0.0,0.0,2,17.6,35.6,0,Partly cloudy,1,1,
10235,2021-09-19 00:00:00,40.90336,-73.845085,1,0,Failure to Yield Right-of-Way,4458835,23.6,16.8,0.0,0.0,0.0,0.0,2,17.6,35.6,0,Partly cloudy,1,1,
10236,2021-09-19 00:40:00,40.728695,-73.95158,0,0,Unspecified,4458988,23.6,16.8,0.0,0.0,0.0,0.0,2,17.6,35.6,0,Partly cloudy,0,0,
10237,2021-09-13 00:30:00,40.86848,-73.918564,0,0,Unspecified,4459514,28.8,21.8,1.1,1.1,0.0,2.0,53,20.1,36.7,277,Drizzle: Moderate,0,0,
10238,2021-09-19 15:15:00,40.68872,-73.92389,1,0,Driver Inattention/Distraction,4458765,23.6,16.8,0.0,0.0,0.0,0.0,2,17.6,35.6,0,Partly cloudy,1,1,
10239,2021-09-19 12:19:00,40.605484,-73.75597,0,0,Backing Unsafely,4459374,23.6,16.8,0.0,0.0,0.0,0.0,2,17.6,35.6,0,Partly cloudy,0,0,
10240,2021-09-12 23:30:00,40.833588,-73.91498,0,0,Driver Inattention/Distraction,4459543,28.8,18.3,0.0,0.0,0.0,0.0,3,24.3,46.8,233,Overcast,0,0,
10241,2021-09-19 19:28:00,40.762226,-73.96819,0,0,Other Vehicular,4458933,23.6,16.8,0.0,0.0,0.0,0.0,2,17.6,35.6,0,Partly cloudy,0,0,
10242,2021-09-19 16:19:00,40.76635,-73.95103,0,0,Other Vehicular,4458939,23.6,16.8,0.0,0.0,0.0,0.0,2,17.6,35.6,0,Partly cloudy,0,0,
10243,2021-09-19 10:30:00,40.68854,-73.82294,1,0,Failure to Yield Right-of-Way,4458895,23.6,16.8,0.0,0.0,0.0,0.0,2,17.6,35.6,0,Partly cloudy,1,1,
10244,2021-09-13 11:51:00,40.673916,-73.893456,0,0,Unspecified,4459413,28.8,21.8,1.1,1.1,0.0,2.0,53,20.1,36.7,277,Drizzle: Moderate,0,0,
10245,2021-09-15 07:45:00,40.82705,-73.87104,0,0,Driver Inattention/Distraction,4459469,29.6,20.7,0.3,0.3,0.0,3.0,51,21.6,40.7,192,Drizzle: Light,0,0,
10246,2021-09-19 05:00:00,40.787506,-73.9383,2,0,Driver Inattention/Distraction,4459621,23.6,16.8,0.0,0.0,0.0,0.0,2,17.6,35.6,0,Partly cloudy,2,2,
10247,2021-09-19 18:30:00,40.665485,-73.75374,0,0,Unspecified,4458807,23.6,16.8,0.0,0.0,0.0,0.0,2,17.6,35.6,0,Partly cloudy,0,0,
10248,2021-09-19 11:56:00,40.68643,-74.00006,0,0,Unspecified,4459604,23.6,16.8,0.0,0.0,0.0,0.0,2,17.6,35.6,0,Partly cloudy,0,0,
10249,2021-09-14 00:00:00,40.754696,-73.97002,0,0,Backing Unsafely,4459541,26.0,19.0,0.2,0.2,0.0,1.0,51,18.0,35.6,138,Drizzle: Light,0,0,
10250,2021-09-12 11:00:00,40.77864,-73.91204,0,0,Unspecified,4459397,28.8,18.3,0.0,0.0,0.0,0.0,3,24.3,46.8,233,Overcast,0,0,
10251,2021-09-19 02:07:00,40.84398,-73.92296,0,0,Driver Inattention/Distraction,4458539,23.6,16.8,0.0,0.0,0.0,0.0,2,17.6,35.6,0,Partly cloudy,0,0,
10252,2021-09-14 09:17:00,40.73656,-74.0011,2,0,Driver Inattention/Distraction,4459426,26.0,19.0,0.2,0.2,0.0,1.0,51,18.0,35.6,138,Drizzle: Light,2,2,
10253,2021-09-19 10:55:00,40.70447,-73.94274,1,0,Failure to Yield Right-of-Way,4458900,23.6,16.8,0.0,0.0,0.0,0.0,2,17.6,35.6,0,Partly cloudy,1,1,
10254,2021-09-13 22:00:00,40.864426,-73.906815,0,0,Driver Inattention/Distraction,4459477,28.8,21.8,1.1,1.1,0.0,2.0,53,20.1,36.7,277,Drizzle: Moderate,0,0,
10255,2021-09-19 14:20:00,40.657867,-73.938156,1,0,Driver Inattention/Distraction,4459192,23.6,16.8,0.0,0.0,0.0,0.0,2,17.6,35.6,0,Partly cloudy,1,1,
10256,2021-09-19 06:13:00,40.605335,-73.75528,0,0,Passing or Lane Usage Improper,4459370,23.6,16.8,0.0,0.0,0.0,0.0,2,17.6,35.6,0,Partly cloudy,0,0,
10257,2021-09-19 11:15:00,40.72301,-73.98576,1,0,Other Vehicular,4458876,23.6,16.8,0.0,0.0,0.0,0.0,2,17.6,35.6,0,Partly cloudy,1,1,
10258,2021-09-13 19:15:00,40.704082,-73.81641,1,0,Unspecified,4459452,28.8,21.8,1.1,1.1,0.0,2.0,53,20.1,36.7,277,Drizzle: Moderate,1,1,
10259,2021-09-19 10:26:00,40.64422,-73.965706,0,0,Passing Too Closely,4458663,23.6,16.8,0.0,0.0,0.0,0.0,2,17.6,35.6,0,Partly cloudy,0,0,
10260,2021-09-19 12:45:00,40.66309,-73.962395,0,0,Driver Inattention/Distraction,4458688,23.6,16.8,0.0,0.0,0.0,0.0,2,17.6,35.6,0,Partly cloudy,0,0,
10261,2021-09-19 22:10:00,40.759617,-73.86478,0,0,Unspecified,4459012,23.6,16.8,0.0,0.0,0.0,0.0,2,17.6,35.6,0,Partly cloudy,0,0,
10262,2021-09-16 16:08:00,40.763897,-73.95323,1,0,Reaction to Uninvolved Vehicle,4459550,23.9,19.1,4.0,4.0,0.0,10.0,55,18.8,37.8,38,Drizzle: Dense,1,1,
10263,2021-09-19 14:42:00,40.60553,-73.92917,0,0,Following Too Closely,4458798,23.6,16.8,0.0,0.0,0.0,0.0,2,17.6,35.6,0,Partly cloudy,0,0,
10264,2021-09-19 06:08:00,40.52348,-74.21603,1,0,Unspecified,4459146,23.6,16.8,0.0,0.0,0.0,0.0,2,17.6,35.6,0,Partly cloudy,1,1,
10265,2021-09-19 19:32:00,40.82406,-73.87034,1,0,Driver Inattention/Distraction,4459500,23.6,16.8,0.0,0.0,0.0,0.0,2,17.6,35.6,0,Partly cloudy,1,1,
10266,2021-09-19 00:29:00,40.79149,-73.93577,1,0,Reaction to Uninvolved Vehicle,4458638,23.6,16.8,0.0,0.0,0.0,0.0,2,17.6,35.6,0,Partly cloudy,1,1,
10267,2021-09-19 04:09:00,40.84541,-73.891136,4,0,Alcohol Involvement,4458957,23.6,16.8,0.0,0.0,0.0,0.0,2,17.6,35.6,0,Partly cloudy,4,4,
10268,2021-09-19 13:00:00,40.741234,-73.84573,0,0,Unsafe Lane Changing,4459039,23.6,16.8,0.0,0.0,0.0,0.0,2,17.6,35.6,0,Partly cloudy,0,0,
10269,2021-09-19 00:57:00,40.674652,-73.909164,1,0,Traffic Control Disregarded,4458677,23.6,16.8,0.0,0.0,0.0,0.0,2,17.6,35.6,0,Partly cloudy,1,1,
10270,2021-12-19 18:20:00,40.61037,-73.75352,0,0,Unsafe Lane Changing,4488051,7.1,-1.8,0.5,0.5,0.0,4.0,51,26.4,47.5,327,Drizzle: Light,0,0,
10271,2021-09-19 06:00:00,40.752563,-73.91044,0,0,Unspecified,4459392,23.6,16.8,0.0,0.0,0.0,0.0,2,17.6,35.6,0,Partly cloudy,0,0,
10272,2021-09-18 11:25:00,40.842175,-73.85601,3,0,Unspecified,4459437,27.1,19.2,0.2,0.2,0.0,2.0,51,14.6,25.9,349,Drizzle: Light,3,3,
10273,2021-09-19 16:30:00,40.73866,-74.00551,0,0,Passing Too Closely,4459172,23.6,16.8,0.0,0.0,0.0,0.0,2,17.6,35.6,0,Partly cloudy,0,0,
10274,2021-09-19 14:00:00,40.712055,-73.96615,0,0,Traffic Control Disregarded,4458784,23.6,16.8,0.0,0.0,0.0,0.0,2,17.6,35.6,0,Partly cloudy,0,0,
10275,2021-09-19 22:58:00,40.7375,-73.93385,2,0,Other Vehicular,4458860,23.6,16.8,0.0,0.0,0.0,0.0,2,17.6,35.6,0,Partly cloudy,2,2,
10276,2021-09-19 15:55:00,40.624245,-74.02008,1,0,Unspecified,4459519,23.6,16.8,0.0,0.0,0.0,0.0,2,17.6,35.6,0,Partly cloudy,1,1,
10277,2021-09-17 18:03:00,40.83609,-73.87039,0,0,Unspecified,4459377,23.6,20.1,1.0,1.0,0.0,7.0,51,20.3,38.9,59,Drizzle: Light,0,0,
10278,2022-02-19 00:00:00,40.8837,-73.79406,1,0,Unspecified,4504417,3.3,-5.5,0.4,0.0,0.28,4.0,71,35.3,64.4,260,Snow fall: Light,1,1,Snowy Conditions
10279,2021-03-30 13:09:00,40.77437,-73.963554,0,1,Failure to Yield Right-of-Way,4404422,12.8,0.5,0.0,0.0,0.0,0.0,3,27.4,51.8,164,Overcast,20,1,
10280,2021-04-03 23:30:00,40.813957,-73.93134,2,0,Unspecified,4406444,10.8,-2.3,0.0,0.0,0.0,0.0,3,15.9,34.2,302,Overcast,2,2,
10281,2021-05-02 06:35:00,40.745834,-73.8618,0,0,Alcohol Involvement,4412545,26.3,11.3,0.0,0.0,0.0,0.0,3,23.0,43.9,251,Overcast,0,0,
10282,2021-05-03 14:16:00,40.622204,-73.91645,0,0,Backing Unsafely,4413052,15.8,11.4,5.7,5.7,0.0,7.0,61,14.5,47.2,53,Rain: Light,0,0,
10283,2021-04-29 18:17:00,40.627415,-74.15788,0,0,Driver Inattention/Distraction,4413764,22.5,12.9,3.8,3.8,0.0,9.0,53,25.6,50.8,199,Drizzle: Moderate,0,0,
10284,2021-05-03 19:00:00,40.743057,-73.93566,0,0,Driver Inattention/Distraction,4413092,15.8,11.4,5.7,5.7,0.0,7.0,61,14.5,47.2,53,Rain: Light,0,0,
10285,2021-05-02 16:00:00,40.81847,-73.9414,0,0,Unspecified,4413690,26.3,11.3,0.0,0.0,0.0,0.0,3,23.0,43.9,251,Overcast,0,0,
10286,2021-05-01 08:00:00,40.841385,-73.88636,0,0,Driver Inattention/Distraction,4413640,17.3,5.0,0.0,0.0,0.0,0.0,3,31.7,63.4,302,Overcast,0,0,
10287,2021-05-02 18:35:00,40.65923,-73.89329,0,0,Failure to Yield Right-of-Way,4413471,26.3,11.3,0.0,0.0,0.0,0.0,3,23.0,43.9,251,Overcast,0,0,
10288,2021-05-02 18:20:00,40.670624,-73.895546,0,0,Unspecified,4413453,26.3,11.3,0.0,0.0,0.0,0.0,3,23.0,43.9,251,Overcast,0,0,
10289,2021-05-03 06:49:00,40.6472,-73.90311,0,0,Unspecified,4413077,15.8,11.4,5.7,5.7,0.0,7.0,61,14.5,47.2,53,Rain: Light,0,0,
10290,2021-09-06 19:06:00,40.718403,-73.949036,0,0,Following Too Closely,4459641,26.9,18.4,0.0,0.0,0.0,0.0,3,19.6,37.8,273,Overcast,0,0,
10291,2021-05-03 23:10:00,40.68775,-73.79039,0,1,Unsafe Speed,4413273,15.8,11.4,5.7,5.7,0.0,7.0,61,14.5,47.2,53,Rain: Light,20,1,
10292,2021-05-03 17:50:00,40.673237,-73.91402,0,0,Driver Inattention/Distraction,4413114,15.8,11.4,5.7,5.7,0.0,7.0,61,14.5,47.2,53,Rain: Light,0,0,
10293,2021-04-30 23:30:00,40.66854,-73.88378,0,0,Unspecified,4413435,19.9,7.6,0.4,0.4,0.0,4.0,51,36.9,82.1,289,Drizzle: Light,0,0,
10294,2021-04-27 10:10:00,40.830555,-73.832664,0,0,Unspecified,4413589,14.8,4.2,0.0,0.0,0.0,0.0,3,15.3,34.2,164,Overcast,0,0,
10295,2021-05-03 06:45:00,40.708183,-74.0078,0,0,Unspecified,4412819,15.8,11.4,5.7,5.7,0.0,7.0,61,14.5,47.2,53,Rain: Light,0,0,
10296,2021-05-03 13:40:00,40.820198,-73.921486,1,0,Driver Inattention/Distraction,4413120,15.8,11.4,5.7,5.7,0.0,7.0,61,14.5,47.2,53,Rain: Light,1,1,
10297,2021-05-02 06:30:00,40.675785,-73.90269,0,0,Unspecified,4413469,26.3,11.3,0.0,0.0,0.0,0.0,3,23.0,43.9,251,Overcast,0,0,
10298,2021-05-03 11:00:00,40.646988,-73.969315,0,0,Failure to Yield Right-of-Way,4413829,15.8,11.4,5.7,5.7,0.0,7.0,61,14.5,47.2,53,Rain: Light,0,0,
10299,2021-04-30 21:15:00,40.82941,-73.861145,1,0,View Obstructed/Limited,4413521,19.9,7.6,0.4,0.4,0.0,4.0,51,36.9,82.1,289,Drizzle: Light,1,1,
10300,2021-04-30 17:37:00,40.755764,-73.93372,0,0,Unspecified,4413409,19.9,7.6,0.4,0.4,0.0,4.0,51,36.9,82.1,289,Drizzle: Light,0,0,
10301,2021-05-03 06:20:00,40.727608,-73.91211,0,0,Driver Inattention/Distraction,4412888,15.8,11.4,5.7,5.7,0.0,7.0,61,14.5,47.2,53,Rain: Light,0,0,
10302,2021-04-22 14:00:00,40.671627,-73.96263,1,0,Backing Unsafely,4413843,7.9,1.3,0.0,0.0,0.0,0.0,3,34.0,64.4,289,Overcast,1,1,
10303,2021-04-23 20:50:00,40.67752,-73.972725,0,0,Driver Inattention/Distraction,4413842,15.5,2.0,0.0,0.0,0.0,0.0,3,28.7,57.2,273,Overcast,0,0,
10304,2021-05-03 00:11:00,40.697433,-73.93123,1,0,Headlights Defective,4413033,15.8,11.4,5.7,5.7,0.0,7.0,61,14.5,47.2,53,Rain: Light,1,1,
10305,2021-05-03 16:12:00,40.81094,-73.94318,1,0,Pedestrian/Bicyclist/Other Pedestrian Error/Confusion,4413168,15.8,11.4,5.7,5.7,0.0,7.0,61,14.5,47.2,53,Rain: Light,1,1,
10306,2021-09-19 16:40:00,40.676598,-73.795944,2,0,Failure to Yield Right-of-Way,4459003,23.6,16.8,0.0,0.0,0.0,0.0,2,17.6,35.6,0,Partly cloudy,2,2,
10307,2021-05-03 20:37:00,40.686085,-73.982666,0,0,Following Too Closely,4413196,15.8,11.4,5.7,5.7,0.0,7.0,61,14.5,47.2,53,Rain: Light,0,0,
10308,2021-05-03 21:00:00,40.74768,-73.88085,0,0,Driver Inattention/Distraction,4413315,15.8,11.4,5.7,5.7,0.0,7.0,61,14.5,47.2,53,Rain: Light,0,0,
10309,2021-05-03 21:40:00,40.76529,-73.86487,2,0,Driver Inattention/Distraction,4413365,15.8,11.4,5.7,5.7,0.0,7.0,61,14.5,47.2,53,Rain: Light,2,2,
10310,2021-05-03 08:15:00,40.87054,-73.9059,0,0,Passing or Lane Usage Improper,4412997,15.8,11.4,5.7,5.7,0.0,7.0,61,14.5,47.2,53,Rain: Light,0,0,
10311,2021-04-24 16:45:00,40.824844,-73.84938,1,0,Unspecified,4413541,19.7,6.0,0.0,0.0,0.0,0.0,3,26.7,49.3,232,Overcast,1,1,
10312,2021-05-03 08:26:00,40.87582,-73.8327,0,0,Unspecified,4412954,15.8,11.4,5.7,5.7,0.0,7.0,61,14.5,47.2,53,Rain: Light,0,0,
10313,2021-04-25 14:15:00,40.69529,-73.94339,0,0,Passing Too Closely,4413558,16.6,8.7,12.7,12.7,0.0,11.0,61,19.2,37.4,341,Rain: Light,0,0,
10314,2021-04-28 23:53:00,40.655895,-74.00591,0,0,Driver Inattention/Distraction,4413581,26.1,7.9,0.0,0.0,0.0,0.0,3,15.3,34.6,133,Overcast,0,0,
10315,2021-05-03 18:10:00,40.80322,-73.95253,1,0,Driver Inattention/Distraction,4413617,15.8,11.4,5.7,5.7,0.0,7.0,61,14.5,47.2,53,Rain: Light,1,1,
10316,2021-05-03 09:00:00,40.743782,-73.97352,1,0,Unspecified,4412984,15.8,11.4,5.7,5.7,0.0,7.0,61,14.5,47.2,53,Rain: Light,1,1,
10317,2021-05-03 08:47:00,40.84334,-73.82515,0,0,Unspecified,4412955,15.8,11.4,5.7,5.7,0.0,7.0,61,14.5,47.2,53,Rain: Light,0,0,
10318,2021-04-28 22:30:00,40.600952,-73.75095,0,0,Other Vehicular,4413496,26.1,7.9,0.0,0.0,0.0,0.0,3,15.3,34.6,133,Overcast,0,0,
10319,2021-04-29 16:30:00,40.82513,-73.931076,0,0,Unsafe Lane Changing,4413850,22.5,12.9,3.8,3.8,0.0,9.0,53,25.6,50.8,199,Drizzle: Moderate,0,0,