,CRASH DATETIME,LATITUDE,LONGITUDE,NUMBER OF PERSONS INJURED,NUMBER OF PERSONS KILLED,CONTRIBUTING FACTOR VEHICLE 1,COLLISION_ID,temperature_2m_max,temperature_2m_min,precipitation_sum,rain_sum,snowfall_sum,precipitation_hours,weather_code,wind_speed_10m_max,wind_gusts_10m_max,wind_direction_10m_dominant,Weather Description,Severity_Score,Total_Affected_Persons,Weather_Category
10320,2021-05-03 11:25:00,40.701256,-73.95495,0,0,Failure to Yield Right-of-Way,4413363,15.8,11.4,5.7,5.7,0.0,7.0,61,14.5,47.2,53,Rain: Light,0,0,
10321,2021-05-03 13:18:00,40.74506,-73.86403,1,0,Driver Inattention/Distraction,4413107,15.8,11.4,5.7,5.7,0.0,7.0,61,14.5,47.2,53,Rain: Light,1,1,
10322,2021-05-03 12:45:00,40.673813,-73.99238,1,0,Failure to Yield Right-of-Way,4413129,15.8,11.4,5.7,5.7,0.0,7.0,61,14.5,47.2,53,Rain: Light,1,1,
10323,2021-05-01 17:35:00,40.861195,-73.821785,0,0,Unspecified,4413682,17.3,5.0,0.0,0.0,0.0,0.0,3,31.7,63.4,302,Overcast,0,0,
10324,2021-09-19 06:00:00,40.636112,-73.7403,2,0,Following Too Closely,4458580,23.6,16.8,0.0,0.0,0.0,0.0,2,17.6,35.6,0,Partly cloudy,2,2,
10325,2021-05-03 20:30:00,40.575256,-74.0053,0,0,Driver Inattention/Distraction,4413387,15.8,11.4,5.7,5.7,0.0,7.0,61,14.5,47.2,53,Rain: Light,0,0,
10326,2021-05-03 14:05:00,40.739258,-73.991264,0,0,Driver Inattention/Distraction,4413203,15.8,11.4,5.7,5.7,0.0,7.0,61,14.5,47.2,53,Rain: Light,0,0,
10327,2021-05-03 11:00:00,40.58525,-73.98728,2,0,Driver Inattention/Distraction,4413379,15.8,11.4,5.7,5.7,0.0,7.0,61,14.5,47.2,53,Rain: Light,2,2,
10328,2021-05-03 12:55:00,40.82325,-73.88277,0,0,Unspecified,4413001,15.8,11.4,5.7,5.7,0.0,7.0,61,14.5,47.2,53,Rain: Light,0,0,
10329,2021-05-03 16:47:00,40.616905,-74.01097,0,0,Unspecified,4413083,15.8,11.4,5.7,5.7,0.0,7.0,61,14.5,47.2,53,Rain: Light,0,0,
10330,2021-04-30 21:40:00,40.74406,-74.00682,1,0,Traffic Control Disregarded,4413553,19.9,7.6,0.4,0.4,0.0,4.0,51,36.9,82.1,289,Drizzle: Light,1,1,
10331,2021-04-08 11:35:00,40.60985,-73.97211,0,0,Backing Unsafely,4413626,18.2,5.5,0.0,0.0,0.0,0.0,3,18.0,35.3,173,Overcast,0,0,
10332,2021-05-03 20:46:00,40.696198,-73.98869,0,0,Unspecified,4413195,15.8,11.4,5.7,5.7,0.0,7.0,61,14.5,47.2,53,Rain: Light,0,0,
10333,2021-05-01 23:54:00,40.675793,-73.88707,0,0,Driver Inattention/Distraction,4413447,17.3,5.0,0.0,0.0,0.0,0.0,3,31.7,63.4,302,Overcast,0,0,
10334,2021-04-25 20:58:00,40.680717,-73.9463,1,0,Passing or Lane Usage Improper,4413559,16.6,8.7,12.7,12.7,0.0,11.0,61,19.2,37.4,341,Rain: Light,1,1,
10335,2021-05-02 10:05:00,40.812008,-73.951515,0,0,Following Too Closely,4413613,26.3,11.3,0.0,0.0,0.0,0.0,3,23.0,43.9,251,Overcast,0,0,
10336,2021-05-03 21:50:00,40.784943,-73.946594,1,0,Traffic Control Disregarded,4413809,15.8,11.4,5.7,5.7,0.0,7.0,61,14.5,47.2,53,Rain: Light,1,1,
10337,2021-05-03 07:15:00,40.746174,-73.82473,0,0,Other Vehicular,4413063,15.8,11.4,5.7,5.7,0.0,7.0,61,14.5,47.2,53,Rain: Light,0,0,
10338,2021-05-03 12:30:00,40.640976,-73.982346,0,0,Driver Inattention/Distraction,4413505,15.8,11.4,5.7,5.7,0.0,7.0,61,14.5,47.2,53,Rain: Light,0,0,
10339,2021-05-03 12:30:00,40.74273,-73.95412,0,0,Passing Too Closely,4412970,15.8,11.4,5.7,5.7,0.0,7.0,61,14.5,47.2,53,Rain: Light,0,0,
10340,2021-04-30 23:49:00,40.666595,-73.87176,3,0,Driver Inattention/Distraction,4413434,19.9,7.6,0.4,0.4,0.0,4.0,51,36.9,82.1,289,Drizzle: Light,3,3,
10341,2021-05-03 16:30:00,40.662052,-73.93149,1,0,Passing or Lane Usage Improper,4413225,15.8,11.4,5.7,5.7,0.0,7.0,61,14.5,47.2,53,Rain: Light,1,1,
10342,2021-05-03 19:49:00,40.628117,-73.956856,1,0,Unspecified,4413331,15.8,11.4,5.7,5.7,0.0,7.0,61,14.5,47.2,53,Rain: Light,1,1,
10343,2021-04-27 19:25:00,40.80918,-73.94819,0,0,Turning Improperly,4413618,14.8,4.2,0.0,0.0,0.0,0.0,3,15.3,34.2,164,Overcast,0,0,
10344,2021-04-28 16:50:00,40.67859,-73.99049,0,0,Backing Unsafely,4413822,26.1,7.9,0.0,0.0,0.0,0.0,3,15.3,34.6,133,Overcast,0,0,
10345,2021-05-02 18:56:00,40.662247,-73.86671,2,0,Unspecified,4413427,26.3,11.3,0.0,0.0,0.0,0.0,3,23.0,43.9,251,Overcast,2,2,
10346,2021-05-03 20:10:00,40.681355,-73.88022,1,0,Driver Inattention/Distraction,4413475,15.8,11.4,5.7,5.7,0.0,7.0,61,14.5,47.2,53,Rain: Light,1,1,
10347,2021-05-03 02:55:00,40.65753,-73.89797,0,0,Unspecified,4413457,15.8,11.4,5.7,5.7,0.0,7.0,61,14.5,47.2,53,Rain: Light,0,0,
10348,2021-05-03 10:45:00,40.817387,-73.92277,1,0,Reaction to Uninvolved Vehicle,4413123,15.8,11.4,5.7,5.7,0.0,7.0,61,14.5,47.2,53,Rain: Light,1,1,
10349,2021-05-03 01:05:00,40.671032,-73.93927,4,0,Failure to Yield Right-of-Way,4413692,15.8,11.4,5.7,5.7,0.0,7.0,61,14.5,47.2,53,Rain: Light,4,4,
10350,2021-05-03 20:50:00,40.685947,-73.95943,0,0,Unspecified,4413069,15.8,11.4,5.7,5.7,0.0,7.0,61,14.5,47.2,53,Rain: Light,0,0,
10351,2021-04-28 21:05:00,40.670486,-73.93652,2,0,Other Vehicular,4413702,26.1,7.9,0.0,0.0,0.0,0.0,3,15.3,34.6,133,Overcast,2,2,
10352,2021-05-03 14:50:00,40.597786,-73.75305,0,0,Failure to Yield Right-of-Way,4413175,15.8,11.4,5.7,5.7,0.0,7.0,61,14.5,47.2,53,Rain: Light,0,0,
10353,2021-05-03 16:40:00,40.59514,-73.754,2,0,Turning Improperly,4413547,15.8,11.4,5.7,5.7,0.0,7.0,61,14.5,47.2,53,Rain: Light,2,2,
10354,2021-05-03 12:21:00,40.75544,-73.72199,2,0,Unsafe Lane Changing,4413038,15.8,11.4,5.7,5.7,0.0,7.0,61,14.5,47.2,53,Rain: Light,2,2,
10355,2021-05-01 14:40:00,40.66156,-73.89375,1,0,Driver Inattention/Distraction,4413439,17.3,5.0,0.0,0.0,0.0,0.0,3,31.7,63.4,302,Overcast,1,1,
10356,2021-05-01 19:50:00,40.73392,-73.9928,0,0,Following Too Closely,4413565,17.3,5.0,0.0,0.0,0.0,0.0,3,31.7,63.4,302,Overcast,0,0,
10357,2021-05-03 21:39:00,40.853683,-73.86917,0,0,Driver Inattention/Distraction,4413143,15.8,11.4,5.7,5.7,0.0,7.0,61,14.5,47.2,53,Rain: Light,0,0,
10358,2021-05-03 12:30:00,40.740547,-73.78812,0,0,Driver Inattention/Distraction,4413078,15.8,11.4,5.7,5.7,0.0,7.0,61,14.5,47.2,53,Rain: Light,0,0,
10359,2021-05-03 17:00:00,40.73988,-73.92431,1,0,Driver Inattention/Distraction,4413148,15.8,11.4,5.7,5.7,0.0,7.0,61,14.5,47.2,53,Rain: Light,1,1,
10360,2021-05-03 17:59:00,40.861862,-73.91282,2,0,Turning Improperly,4413115,15.8,11.4,5.7,5.7,0.0,7.0,61,14.5,47.2,53,Rain: Light,2,2,
10361,2021-04-30 20:30:00,40.67974,-73.87839,0,0,Unspecified,4413465,19.9,7.6,0.4,0.4,0.0,4.0,51,36.9,82.1,289,Drizzle: Light,0,0,
10362,2021-05-03 00:00:00,40.86268,-73.90905,2,0,Unsafe Speed,4412674,15.8,11.4,5.7,5.7,0.0,7.0,61,14.5,47.2,53,Rain: Light,2,2,
10363,2021-04-07 14:25:00,40.62772,-73.986084,1,0,Unspecified,4413511,19.7,6.7,0.5,0.5,0.0,2.0,51,15.5,34.6,14,Drizzle: Light,1,1,
10364,2021-05-03 14:20:00,40.78228,-73.80861,2,0,Failure to Yield Right-of-Way,4413057,15.8,11.4,5.7,5.7,0.0,7.0,61,14.5,47.2,53,Rain: Light,2,2,
10365,2021-05-02 23:45:00,40.78202,-73.91703,0,0,Unspecified,4413414,26.3,11.3,0.0,0.0,0.0,0.0,3,23.0,43.9,251,Overcast,0,0,
10366,2021-05-03 08:07:00,40.829,-73.83642,1,0,Unspecified,4413588,15.8,11.4,5.7,5.7,0.0,7.0,61,14.5,47.2,53,Rain: Light,1,1,
10367,2021-05-02 12:31:00,40.73384,-74.00121,1,0,Passing or Lane Usage Improper,4413564,26.3,11.3,0.0,0.0,0.0,0.0,3,23.0,43.9,251,Overcast,1,1,
10368,2021-05-02 17:16:00,40.669037,-73.86569,0,0,Unspecified,4413452,26.3,11.3,0.0,0.0,0.0,0.0,3,23.0,43.9,251,Overcast,0,0,
10369,2021-05-03 03:15:00,40.851936,-73.91078,0,0,Other Vehicular,4412850,15.8,11.4,5.7,5.7,0.0,7.0,61,14.5,47.2,53,Rain: Light,0,0,
10370,2021-05-02 00:00:00,40.662827,-73.888405,0,0,Unspecified,4413470,26.3,11.3,0.0,0.0,0.0,0.0,3,23.0,43.9,251,Overcast,0,0,
10371,2021-05-03 15:48:00,40.75923,-73.88604,3,0,Driver Inexperience,4413037,15.8,11.4,5.7,5.7,0.0,7.0,61,14.5,47.2,53,Rain: Light,3,3,
10372,2021-05-03 21:15:00,40.82802,-73.93122,0,0,Passing or Lane Usage Improper,4413832,15.8,11.4,5.7,5.7,0.0,7.0,61,14.5,47.2,53,Rain: Light,0,0,
10373,2021-05-03 07:50:00,40.80853,-73.92155,1,0,Turning Improperly,4413116,15.8,11.4,5.7,5.7,0.0,7.0,61,14.5,47.2,53,Rain: Light,1,1,
10374,2021-05-03 07:50:00,40.84937,-73.89858,0,0,Unsafe Speed,4413527,15.8,11.4,5.7,5.7,0.0,7.0,61,14.5,47.2,53,Rain: Light,0,0,
10375,2021-05-03 00:01:00,40.69912,-73.73604,0,0,Unspecified,4413071,15.8,11.4,5.7,5.7,0.0,7.0,61,14.5,47.2,53,Rain: Light,0,0,
10376,2021-05-03 13:35:00,40.757233,-73.9898,0,0,Traffic Control Disregarded,4413407,15.8,11.4,5.7,5.7,0.0,7.0,61,14.5,47.2,53,Rain: Light,0,0,
10377,2021-05-02 12:21:00,40.833633,-73.92615,0,0,Passing Too Closely,4413837,26.3,11.3,0.0,0.0,0.0,0.0,3,23.0,43.9,251,Overcast,0,0,
10378,2021-05-01 08:30:00,40.680653,-73.87309,0,0,Unspecified,4413438,17.3,5.0,0.0,0.0,0.0,0.0,3,31.7,63.4,302,Overcast,0,0,
10379,2021-05-03 15:35:00,40.717022,-73.94913,1,0,Driver Inattention/Distraction,4413766,15.8,11.4,5.7,5.7,0.0,7.0,61,14.5,47.2,53,Rain: Light,1,1,
10380,2021-05-03 17:00:00,40.739674,-73.934586,0,0,Driver Inattention/Distraction,4413093,15.8,11.4,5.7,5.7,0.0,7.0,61,14.5,47.2,53,Rain: Light,0,0,
10381,2021-05-02 14:31:00,40.852802,-73.8883,1,0,Driver Inattention/Distraction,4413641,26.3,11.3,0.0,0.0,0.0,0.0,3,23.0,43.9,251,Overcast,1,1,
10382,2021-05-03 18:15:00,40.86751,-73.83567,0,0,Driver Inattention/Distraction,4413582,15.8,11.4,5.7,5.7,0.0,7.0,61,14.5,47.2,53,Rain: Light,0,0,
10383,2021-05-03 17:20:00,40.633278,-73.983185,0,0,Unspecified,4413501,15.8,11.4,5.7,5.7,0.0,7.0,61,14.5,47.2,53,Rain: Light,0,0,
10384,2021-04-28 11:45:00,40.696934,-73.80358,0,0,Passing Too Closely,4413693,26.1,7.9,0.0,0.0,0.0,0.0,3,15.3,34.6,133,Overcast,0,0,
10385,2021-05-03 11:08:00,40.684383,-73.823265,0,0,Driver Inattention/Distraction,4412967,15.8,11.4,5.7,5.7,0.0,7.0,61,14.5,47.2,53,Rain: Light,0,0,
10386,2021-05-03 05:15:00,40.652588,-73.93049,1,0,Unspecified,4412986,15.8,11.4,5.7,5.7,0.0,7.0,61,14.5,47.2,53,Rain: Light,1,1,
10387,2021-05-03 17:07:00,40.81636,-73.891815,0,0,Unsafe Speed,4413208,15.8,11.4,5.7,5.7,0.0,7.0,61,14.5,47.2,53,Rain: Light,0,0,
10388,2021-05-01 04:20:00,40.86758,-73.91842,1,0,Alcohol Involvement,4413569,17.3,5.0,0.0,0.0,0.0,0.0,3,31.7,63.4,302,Overcast,1,1,
10389,2021-05-03 06:40:00,40.72707,-73.75457,0,0,Following Too Closely,4413053,15.8,11.4,5.7,5.7,0.0,7.0,61,14.5,47.2,53,Rain: Light,0,0,
10390,2021-05-03 15:17:00,40.77054,-73.93205,0,0,Driver Inexperience,4413383,15.8,11.4,5.7,5.7,0.0,7.0,61,14.5,47.2,53,Rain: Light,0,0,
10391,2021-05-03 05:00:00,40.540833,-74.17738,1,0,Failure to Yield Right-of-Way,4413540,15.8,11.4,5.7,5.7,0.0,7.0,61,14.5,47.2,53,Rain: Light,1,1,
10392,2021-05-03 09:00:00,40.824207,-73.87529,0,0,Unspecified,4412946,15.8,11.4,5.7,5.7,0.0,7.0,61,14.5,47.2,53,Rain: Light,0,0,
10393,2021-05-03 10:28:00,40.715157,-74.01018,0,0,Driver Inattention/Distraction,4413153,15.8,11.4,5.7,5.7,0.0,7.0,61,14.5,47.2,53,Rain: Light,0,0,
10394,2021-05-03 14:40:00,40.574463,-74.092606,0,0,Driver Inattention/Distraction,4413230,15.8,11.4,5.7,5.7,0.0,7.0,61,14.5,47.2,53,Rain: Light,0,0,
10395,2021-05-03 00:45:00,40.65801,-73.92078,0,0,Driver Inattention/Distraction,4412979,15.8,11.4,5.7,5.7,0.0,7.0,61,14.5,47.2,53,Rain: Light,0,0,
10396,2021-05-03 18:11:00,40.62284,-74.00121,0,0,Unspecified,4413082,15.8,11.4,5.7,5.7,0.0,7.0,61,14.5,47.2,53,Rain: Light,0,0,
10397,2021-05-02 02:54:00,40.679676,-73.87863,0,0,Driver Inattention/Distraction,4413448,26.3,11.3,0.0,0.0,0.0,0.0,3,23.0,43.9,251,Overcast,0,0,
10398,2021-05-02 13:30:00,40.668587,-73.877556,0,0,Turning Improperly,4413474,26.3,11.3,0.0,0.0,0.0,0.0,3,23.0,43.9,251,Overcast,0,0,
10399,2021-05-03 16:10:00,40.751408,-73.93757,1,0,Driver Inattention/Distraction,4413388,15.8,11.4,5.7,5.7,0.0,7.0,61,14.5,47.2,53,Rain: Light,1,1,
10400,2021-05-02 13:30:00,40.746784,-73.78546,0,0,Driver Inattention/Distraction,4413735,26.3,11.3,0.0,0.0,0.0,0.0,3,23.0,43.9,251,Overcast,0,0,
10401,2021-05-03 13:50:00,40.648823,-73.971565,0,0,Unspecified,4413048,15.8,11.4,5.7,5.7,0.0,7.0,61,14.5,47.2,53,Rain: Light,0,0,
10402,2021-05-03 15:30:00,40.741028,-73.93432,0,0,Driver Inattention/Distraction,4413088,15.8,11.4,5.7,5.7,0.0,7.0,61,14.5,47.2,53,Rain: Light,0,0,
10403,2021-05-03 21:36:00,40.84227,-73.88196,0,0,Driver Inattention/Distraction,4413634,15.8,11.4,5.7,5.7,0.0,7.0,61,14.5,47.2,53,Rain: Light,0,0,
10404,2021-05-01 10:35:00,40.871475,-73.91857,1,0,Failure to Yield Right-of-Way,4413623,17.3,5.0,0.0,0.0,0.0,0.0,3,31.7,63.4,302,Overcast,1,1,
10405,2021-05-01 21:50:00,40.675606,-73.870575,1,0,Unspecified,4413442,17.3,5.0,0.0,0.0,0.0,0.0,3,31.7,63.4,302,Overcast,1,1,
10406,2021-05-01 19:46:00,40.807087,-73.94178,0,0,Passing or Lane Usage Improper,4413614,17.3,5.0,0.0,0.0,0.0,0.0,3,31.7,63.4,302,Overcast,0,0,
10407,2021-05-03 11:00:00,40.81575,-73.88708,0,0,Other Vehicular,4413202,15.8,11.4,5.7,5.7,0.0,7.0,61,14.5,47.2,53,Rain: Light,0,0,
10408,2021-05-03 08:30:00,40.717033,-73.8221,0,0,Following Too Closely,4412863,15.8,11.4,5.7,5.7,0.0,7.0,61,14.5,47.2,53,Rain: Light,0,0,
10409,2021-05-03 10:50:00,40.768547,-73.90464,0,0,Driver Inattention/Distraction,4413378,15.8,11.4,5.7,5.7,0.0,7.0,61,14.5,47.2,53,Rain: Light,0,0,
10410,2021-05-03 23:00:00,40.845108,-73.913025,0,0,Failure to Yield Right-of-Way,4413846,15.8,11.4,5.7,5.7,0.0,7.0,61,14.5,47.2,53,Rain: Light,0,0,
10411,2021-05-03 14:50:00,40.693436,-73.97586,0,0,View Obstructed/Limited,4413019,15.8,11.4,5.7,5.7,0.0,7.0,61,14.5,47.2,53,Rain: Light,0,0,
10412,2021-05-03 17:00:00,40.702934,-73.811615,0,0,Steering Failure,4413707,15.8,11.4,5.7,5.7,0.0,7.0,61,14.5,47.2,53,Rain: Light,0,0,
10413,2021-05-03 19:30:00,40.556496,-74.138306,0,0,Passing Too Closely,4413165,15.8,11.4,5.7,5.7,0.0,7.0,61,14.5,47.2,53,Rain: Light,0,0,
10414,2021-05-01 14:41:00,40.856743,-73.89527,0,0,Failure to Yield Right-of-Way,4413632,17.3,5.0,0.0,0.0,0.0,0.0,3,31.7,63.4,302,Overcast,0,0,
10415,2021-05-03 23:00:00,40.66849,-73.88645,0,0,Unspecified,4413493,15.8,11.4,5.7,5.7,0.0,7.0,61,14.5,47.2,53,Rain: Light,0,0,
10416,2021-05-03 10:10:00,40.67871,-73.98019,0,0,Driver Inattention/Distraction,4413128,15.8,11.4,5.7,5.7,0.0,7.0,61,14.5,47.2,53,Rain: Light,0,0,
10417,2021-05-02 00:00:00,40.674397,-73.896515,0,0,Driver Inattention/Distraction,4413443,26.3,11.3,0.0,0.0,0.0,0.0,3,23.0,43.9,251,Overcast,0,0,
10418,2021-05-03 07:00:00,40.764435,-73.72269,0,0,Driver Inattention/Distraction,4413062,15.8,11.4,5.7,5.7,0.0,7.0,61,14.5,47.2,53,Rain: Light,0,0,
10419,2021-05-02 21:23:00,40.672337,-73.87508,0,0,Driver Inattention/Distraction,4413428,26.3,11.3,0.0,0.0,0.0,0.0,3,23.0,43.9,251,Overcast,0,0,
10420,2021-05-03 00:40:00,40.68348,-73.966896,0,0,Passing or Lane Usage Improper,4413087,15.8,11.4,5.7,5.7,0.0,7.0,61,14.5,47.2,53,Rain: Light,0,0,
10421,2021-09-19 23:05:00,40.665474,-73.74751,2,0,Unsafe Lane Changing,4459125,23.6,16.8,0.0,0.0,0.0,0.0,2,17.6,35.6,0,Partly cloudy,2,2,
10422,2021-05-03 12:22:00,40.86235,-73.89997,0,0,Driver Inattention/Distraction,4412993,15.8,11.4,5.7,5.7,0.0,7.0,61,14.5,47.2,53,Rain: Light,0,0,
10423,2021-05-02 16:30:00,40.591305,-73.994545,0,0,Backing Unsafely,4413806,26.3,11.3,0.0,0.0,0.0,0.0,3,23.0,43.9,251,Overcast,0,0,
10424,2021-05-03 23:01:00,40.738495,-73.90274,1,0,Driver Inattention/Distraction,4413149,15.8,11.4,5.7,5.7,0.0,7.0,61,14.5,47.2,53,Rain: Light,1,1,
10425,2021-05-03 07:00:00,40.76289,-73.805534,0,0,Unsafe Lane Changing,4413056,15.8,11.4,5.7,5.7,0.0,7.0,61,14.5,47.2,53,Rain: Light,0,0,
10426,2021-05-03 10:30:00,40.711037,-73.96059,1,0,Driver Inattention/Distraction,4413139,15.8,11.4,5.7,5.7,0.0,7.0,61,14.5,47.2,53,Rain: Light,1,1,
10427,2021-04-23 15:10:00,40.703033,-73.797134,0,0,Failure to Yield Right-of-Way,4413681,15.5,2.0,0.0,0.0,0.0,0.0,3,28.7,57.2,273,Overcast,0,0,
10428,2021-05-02 23:55:00,40.65414,-73.88732,2,0,Unsafe Speed,4413456,26.3,11.3,0.0,0.0,0.0,0.0,3,23.0,43.9,251,Overcast,2,2,
10429,2021-05-03 15:00:00,40.774612,-73.92399,1,0,Unspecified,4413096,15.8,11.4,5.7,5.7,0.0,7.0,61,14.5,47.2,53,Rain: Light,1,1,
10430,2021-05-01 20:20:00,40.68193,-73.87827,0,0,Unspecified,4413466,17.3,5.0,0.0,0.0,0.0,0.0,3,31.7,63.4,302,Overcast,0,0,
10431,2021-05-03 01:28:00,40.862755,-73.901085,1,0,Passing or Lane Usage Improper,4412703,15.8,11.4,5.7,5.7,0.0,7.0,61,14.5,47.2,53,Rain: Light,1,1,
10432,2021-05-01 15:20:00,40.608105,-73.75414,0,0,Other Vehicular,4413513,17.3,5.0,0.0,0.0,0.0,0.0,3,31.7,63.4,302,Overcast,0,0,
10433,2021-05-03 02:00:00,40.667305,-73.93126,0,0,Passing Too Closely,4413732,15.8,11.4,5.7,5.7,0.0,7.0,61,14.5,47.2,53,Rain: Light,0,0,
10434,2021-05-02 23:20:00,40.77039,-73.91771,2,0,Driver Inattention/Distraction,4413413,26.3,11.3,0.0,0.0,0.0,0.0,3,23.0,43.9,251,Overcast,2,2,
10435,2021-05-03 17:20:00,40.878056,-73.83482,4,0,Driver Inexperience,4413601,15.8,11.4,5.7,5.7,0.0,7.0,61,14.5,47.2,53,Rain: Light,4,4,
10436,2021-05-03 20:40:00,40.79398,-73.97229,0,0,Unspecified,4413238,15.8,11.4,5.7,5.7,0.0,7.0,61,14.5,47.2,53,Rain: Light,0,0,
10437,2021-05-03 07:50:00,40.751434,-73.94725,2,0,Failure to Yield Right-of-Way,4412974,15.8,11.4,5.7,5.7,0.0,7.0,61,14.5,47.2,53,Rain: Light,2,2,
10438,2021-05-03 01:23:00,40.66059,-73.931335,0,0,Driver Inattention/Distraction,4412981,15.8,11.4,5.7,5.7,0.0,7.0,61,14.5,47.2,53,Rain: Light,0,0,
10439,2021-05-03 08:30:00,40.708252,-73.781456,1,0,Driver Inattention/Distraction,4412898,15.8,11.4,5.7,5.7,0.0,7.0,61,14.5,47.2,53,Rain: Light,1,1,
10440,2021-05-03 16:50:00,40.605335,-73.75528,1,0,Driver Inattention/Distraction,4413176,15.8,11.4,5.7,5.7,0.0,7.0,61,14.5,47.2,53,Rain: Light,1,1,
10441,2021-05-02 15:56:00,40.746788,-73.98846,1,0,Driver Inattention/Distraction,4413508,26.3,11.3,0.0,0.0,0.0,0.0,3,23.0,43.9,251,Overcast,1,1,
10442,2021-05-03 11:45:00,40.665916,-73.81528,2,0,Unsafe Speed,4413000,15.8,11.4,5.7,5.7,0.0,7.0,61,14.5,47.2,53,Rain: Light,2,2,
10443,2021-05-03 19:00:00,40.83521,-73.85498,0,0,Unspecified,4413209,15.8,11.4,5.7,5.7,0.0,7.0,61,14.5,47.2,53,Rain: Light,0,0,
10444,2021-05-02 18:20:00,40.844105,-73.898,0,0,Driver Inattention/Distraction,4413546,26.3,11.3,0.0,0.0,0.0,0.0,3,23.0,43.9,251,Overcast,0,0,
10445,2021-05-03 18:30:00,40.673798,-73.73179,0,0,Following Too Closely,4413046,15.8,11.4,5.7,5.7,0.0,7.0,61,14.5,47.2,53,Rain: Light,0,0,
10446,2021-05-03 10:26:00,40.711643,-73.94392,2,0,Following Too Closely,4413336,15.8,11.4,5.7,5.7,0.0,7.0,61,14.5,47.2,53,Rain: Light,2,2,
10447,2021-04-27 16:13:00,40.87823,-73.84438,0,0,Unspecified,4413568,14.8,4.2,0.0,0.0,0.0,0.0,3,15.3,34.2,164,Overcast,0,0,
10448,2021-05-03 09:10:00,40.695282,-73.84114,1,0,Failure to Yield Right-of-Way,4412926,15.8,11.4,5.7,5.7,0.0,7.0,61,14.5,47.2,53,Rain: Light,1,1,
10449,2021-05-03 11:24:00,40.65636,-73.93479,0,0,Driver Inattention/Distraction,4413187,15.8,11.4,5.7,5.7,0.0,7.0,61,14.5,47.2,53,Rain: Light,0,0,
10450,2021-04-28 20:15:00,40.6742,-73.99984,0,0,Passing Too Closely,4413819,26.1,7.9,0.0,0.0,0.0,0.0,3,15.3,34.6,133,Overcast,0,0,
10451,2021-09-19 10:50:00,40.66208,-73.92121,2,0,Unspecified,4458750,23.6,16.8,0.0,0.0,0.0,0.0,2,17.6,35.6,0,Partly cloudy,2,2,
10452,2021-05-03 08:20:00,40.86155,-73.92472,3,0,Failure to Yield Right-of-Way,4412951,15.8,11.4,5.7,5.7,0.0,7.0,61,14.5,47.2,53,Rain: Light,3,3,
10453,2021-05-03 09:42:00,40.700768,-73.990944,1,0,Other Vehicular,4412999,15.8,11.4,5.7,5.7,0.0,7.0,61,14.5,47.2,53,Rain: Light,1,1,
10454,2021-05-03 16:40:00,40.846657,-73.89619,1,0,Unsafe Lane Changing,4413555,15.8,11.4,5.7,5.7,0.0,7.0,61,14.5,47.2,53,Rain: Light,1,1,
10455,2021-04-27 10:50:00,40.675053,-73.87436,1,0,Fell Asleep,4413563,14.8,4.2,0.0,0.0,0.0,0.0,3,15.3,34.2,164,Overcast,1,1,
10456,2021-05-03 13:00:00,40.654957,-74.007034,1,0,Unspecified,4413036,15.8,11.4,5.7,5.7,0.0,7.0,61,14.5,47.2,53,Rain: Light,1,1,
10457,2021-05-03 08:59:00,40.81457,-73.931,1,0,Unspecified,4413117,15.8,11.4,5.7,5.7,0.0,7.0,61,14.5,47.2,53,Rain: Light,1,1,
10458,2021-05-02 01:15:00,40.77421,-73.93182,1,0,Driver Inattention/Distraction,4413411,26.3,11.3,0.0,0.0,0.0,0.0,3,23.0,43.9,251,Overcast,1,1,
10459,2021-05-02 14:30:00,40.68109,-73.90338,1,0,Unspecified,4413498,26.3,11.3,0.0,0.0,0.0,0.0,3,23.0,43.9,251,Overcast,1,1,
10460,2021-05-03 07:58:00,40.707096,-73.834984,0,0,Failure to Yield Right-of-Way,4412961,15.8,11.4,5.7,5.7,0.0,7.0,61,14.5,47.2,53,Rain: Light,0,0,
10461,2021-05-03 14:30:00,40.781685,-73.845024,0,0,Passing or Lane Usage Improper,4413054,15.8,11.4,5.7,5.7,0.0,7.0,61,14.5,47.2,53,Rain: Light,0,0,
10462,2021-05-03 17:54:00,40.85935,-73.90117,1,0,Driver Inattention/Distraction,4413854,15.8,11.4,5.7,5.7,0.0,7.0,61,14.5,47.2,53,Rain: Light,1,1,
10463,2021-05-03 01:26:00,40.8451,-73.91878,0,0,Driver Inattention/Distraction,4412891,15.8,11.4,5.7,5.7,0.0,7.0,61,14.5,47.2,53,Rain: Light,0,0,
10464,2021-04-26 15:10:00,40.83694,-73.927124,0,0,Other Vehicular,4413838,13.7,3.7,0.0,0.0,0.0,0.0,2,27.3,52.6,311,Partly cloudy,0,0,
10465,2021-05-03 14:30:00,40.851967,-73.897095,1,0,Unsafe Speed,4413548,15.8,11.4,5.7,5.7,0.0,7.0,61,14.5,47.2,53,Rain: Light,1,1,
10466,2021-05-03 06:30:00,40.690926,-73.92066,0,0,Passing Too Closely,4413026,15.8,11.4,5.7,5.7,0.0,7.0,61,14.5,47.2,53,Rain: Light,0,0,
10467,2021-05-03 19:01:00,40.80698,-73.95351,0,0,Passing or Lane Usage Improper,4413608,15.8,11.4,5.7,5.7,0.0,7.0,61,14.5,47.2,53,Rain: Light,0,0,