,CRASH DATETIME,LATITUDE,LONGITUDE,NUMBER OF PERSONS INJURED,NUMBER OF PERSONS KILLED,CONTRIBUTING FACTOR VEHICLE 1,COLLISION_ID,temperature_2m_max,temperature_2m_min,precipitation_sum,rain_sum,snowfall_sum,precipitation_hours,weather_code,wind_speed_10m_max,wind_gusts_10m_max,wind_direction_10m_dominant,Weather Description,Severity_Score,Total_Affected_Persons,Weather_Category
10468,2021-05-03 17:30:00,40.624523,-74.11702,4,0,Following Too Closely,4413171,15.8,11.4,5.7,5.7,0.0,7.0,61,14.5,47.2,53,Rain: Light,4,4,
10469,2021-05-03 04:44:00,40.690907,-73.95542,3,0,Traffic Control Disregarded,4413007,15.8,11.4,5.7,5.7,0.0,7.0,61,14.5,47.2,53,Rain: Light,3,3,
10470,2021-05-03 18:33:00,40.841354,-73.88033,0,0,Unsafe Speed,4413642,15.8,11.4,5.7,5.7,0.0,7.0,61,14.5,47.2,53,Rain: Light,0,0,
10471,2021-05-03 00:32:00,40.6468,-73.88496,0,0,Other Vehicular,4413455,15.8,11.4,5.7,5.7,0.0,7.0,61,14.5,47.2,53,Rain: Light,0,0,
10472,2021-05-01 10:35:00,40.69726,-73.80575,1,0,Pedestrian/Bicyclist/Other Pedestrian Error/Confusion,4413695,17.3,5.0,0.0,0.0,0.0,0.0,3,31.7,63.4,302,Overcast,1,1,
10473,2021-05-03 09:30:00,40.660557,-73.94337,0,0,Reaction to Uninvolved Vehicle,4413074,15.8,11.4,5.7,5.7,0.0,7.0,61,14.5,47.2,53,Rain: Light,0,0,
10474,2021-05-03 18:52:00,40.82681,-73.889984,0,0,Following Too Closely,4413206,15.8,11.4,5.7,5.7,0.0,7.0,61,14.5,47.2,53,Rain: Light,0,0,
10475,2021-05-03 11:20:00,40.584564,-73.97194,0,0,Driver Inattention/Distraction,4413377,15.8,11.4,5.7,5.7,0.0,7.0,61,14.5,47.2,53,Rain: Light,0,0,
10476,2021-05-03 09:20:00,40.743275,-73.77572,1,0,Passing or Lane Usage Improper,4413295,15.8,11.4,5.7,5.7,0.0,7.0,61,14.5,47.2,53,Rain: Light,1,1,
10477,2021-05-03 14:53:00,40.866047,-73.882744,1,0,Following Too Closely,4413110,15.8,11.4,5.7,5.7,0.0,7.0,61,14.5,47.2,53,Rain: Light,1,1,
10478,2021-05-01 08:15:00,40.65851,-73.89081,0,0,Unspecified,4413437,17.3,5.0,0.0,0.0,0.0,0.0,3,31.7,63.4,302,Overcast,0,0,
10479,2021-04-28 22:15:00,40.655895,-74.00591,0,0,Driver Inattention/Distraction,4413539,26.1,7.9,0.0,0.0,0.0,0.0,3,15.3,34.6,133,Overcast,0,0,
10480,2021-05-03 16:02:00,40.743538,-73.83374,0,0,Turning Improperly,4413066,15.8,11.4,5.7,5.7,0.0,7.0,61,14.5,47.2,53,Rain: Light,0,0,
10481,2021-05-03 14:50:00,40.68736,-73.99788,0,0,Pedestrian/Bicyclist/Other Pedestrian Error/Confusion,4413823,15.8,11.4,5.7,5.7,0.0,7.0,61,14.5,47.2,53,Rain: Light,0,0,
10482,2021-04-30 18:50:00,40.667507,-73.88007,0,0,Failure to Yield Right-of-Way,4413449,19.9,7.6,0.4,0.4,0.0,4.0,51,36.9,82.1,289,Drizzle: Light,0,0,
10483,2021-05-03 02:00:00,40.588,-73.80729,0,0,Alcohol Involvement,4413746,15.8,11.4,5.7,5.7,0.0,7.0,61,14.5,47.2,53,Rain: Light,0,0,
10484,2021-05-03 13:52:00,40.789116,-73.82259,1,0,Reaction to Uninvolved Vehicle,4413059,15.8,11.4,5.7,5.7,0.0,7.0,61,14.5,47.2,53,Rain: Light,1,1,
10485,2021-05-03 01:10:00,40.652866,-73.7293,1,0,Driver Inattention/Distraction,4412853,15.8,11.4,5.7,5.7,0.0,7.0,61,14.5,47.2,53,Rain: Light,1,1,
10486,2021-05-01 21:00:00,40.687492,-73.87789,0,0,Driver Inattention/Distraction,4413467,17.3,5.0,0.0,0.0,0.0,0.0,3,31.7,63.4,302,Overcast,0,0,
10487,2021-05-02 23:35:00,40.807545,-73.95681,0,0,Other Vehicular,4413615,26.3,11.3,0.0,0.0,0.0,0.0,3,23.0,43.9,251,Overcast,0,0,
10488,2021-05-03 11:30:00,40.658836,-73.92365,0,0,Unspecified,4412987,15.8,11.4,5.7,5.7,0.0,7.0,61,14.5,47.2,53,Rain: Light,0,0,
10489,2021-05-03 18:30:00,40.85493,-73.82617,6,0,Following Too Closely,4413089,15.8,11.4,5.7,5.7,0.0,7.0,61,14.5,47.2,53,Rain: Light,6,6,
10490,2021-04-28 17:45:00,40.650806,-73.94958,1,0,Cell Phone (hand-Held),4413583,26.1,7.9,0.0,0.0,0.0,0.0,3,15.3,34.6,133,Overcast,1,1,
10491,2021-05-02 11:05:00,40.87356,-73.81853,1,0,Driver Inattention/Distraction,4413423,26.3,11.3,0.0,0.0,0.0,0.0,3,23.0,43.9,251,Overcast,1,1,
10492,2021-05-01 23:11:00,40.666885,-73.98159,1,0,Driver Inattention/Distraction,4413845,17.3,5.0,0.0,0.0,0.0,0.0,3,31.7,63.4,302,Overcast,1,1,
10493,2021-04-19 19:02:00,40.673588,-73.96296,0,0,Passing Too Closely,4413685,16.9,5.0,0.0,0.0,0.0,0.0,3,14.7,31.0,214,Overcast,0,0,
10494,2021-05-01 16:00:00,40.69108,-73.98439,0,0,Backing Unsafely,4413783,17.3,5.0,0.0,0.0,0.0,0.0,3,31.7,63.4,302,Overcast,0,0,
10495,2021-05-03 18:20:00,40.72277,-73.83625,1,0,Following Too Closely,4413094,15.8,11.4,5.7,5.7,0.0,7.0,61,14.5,47.2,53,Rain: Light,1,1,
10496,2021-09-19 01:30:00,40.81853,-73.8989,0,0,Unspecified,4459057,23.6,16.8,0.0,0.0,0.0,0.0,2,17.6,35.6,0,Partly cloudy,0,0,
10497,2021-05-03 16:10:00,40.576378,-74.10383,1,0,Pedestrian/Bicyclist/Other Pedestrian Error/Confusion,4413164,15.8,11.4,5.7,5.7,0.0,7.0,61,14.5,47.2,53,Rain: Light,1,1,
10498,2021-05-03 21:00:00,40.666134,-73.88492,1,0,Failure to Yield Right-of-Way,4413429,15.8,11.4,5.7,5.7,0.0,7.0,61,14.5,47.2,53,Rain: Light,1,1,
10499,2021-05-03 01:00:00,40.669403,-73.94221,0,0,Driver Inexperience,4413081,15.8,11.4,5.7,5.7,0.0,7.0,61,14.5,47.2,53,Rain: Light,0,0,
10500,2021-05-03 17:45:00,40.681835,-73.97584,0,0,Driver Inattention/Distraction,4413049,15.8,11.4,5.7,5.7,0.0,7.0,61,14.5,47.2,53,Rain: Light,0,0,
10501,2021-05-03 04:40:00,40.662735,-73.888336,0,0,Unspecified,4413459,15.8,11.4,5.7,5.7,0.0,7.0,61,14.5,47.2,53,Rain: Light,0,0,
10502,2021-05-03 15:08:00,40.669476,-73.870476,0,0,Driver Inattention/Distraction,4413473,15.8,11.4,5.7,5.7,0.0,7.0,61,14.5,47.2,53,Rain: Light,0,0,
10503,2021-05-03 02:59:00,40.82193,-73.88844,0,0,Unspecified,4413201,15.8,11.4,5.7,5.7,0.0,7.0,61,14.5,47.2,53,Rain: Light,0,0,
10504,2021-04-25 17:25:00,40.75705,-73.91283,0,0,Unspecified,4413403,16.6,8.7,12.7,12.7,0.0,11.0,61,19.2,37.4,341,Rain: Light,0,0,
10505,2021-05-03 12:00:00,40.6724,-73.811584,0,0,Passing Too Closely,4413102,15.8,11.4,5.7,5.7,0.0,7.0,61,14.5,47.2,53,Rain: Light,0,0,
10506,2021-05-03 04:58:00,40.855156,-73.8892,0,0,Driver Inattention/Distraction,4413636,15.8,11.4,5.7,5.7,0.0,7.0,61,14.5,47.2,53,Rain: Light,0,0,
10507,2021-05-03 09:00:00,40.862614,-73.835175,0,0,Unspecified,4413141,15.8,11.4,5.7,5.7,0.0,7.0,61,14.5,47.2,53,Rain: Light,0,0,
10508,2021-05-03 15:05:00,40.845108,-73.89051,1,0,Other Vehicular,4413545,15.8,11.4,5.7,5.7,0.0,7.0,61,14.5,47.2,53,Rain: Light,1,1,
10509,2021-04-30 15:23:00,40.657665,-73.89705,1,0,Unspecified,4413441,19.9,7.6,0.4,0.4,0.0,4.0,51,36.9,82.1,289,Drizzle: Light,1,1,
10510,2021-05-03 16:54:00,40.87111,-73.83741,2,0,Driver Inattention/Distraction,4413587,15.8,11.4,5.7,5.7,0.0,7.0,61,14.5,47.2,53,Rain: Light,2,2,
10511,2021-09-19 16:00:00,40.828278,-73.907036,3,0,Unspecified,4458968,23.6,16.8,0.0,0.0,0.0,0.0,2,17.6,35.6,0,Partly cloudy,3,3,
10512,2021-05-03 08:10:00,40.78294,-73.948044,0,0,Driver Inattention/Distraction,4413574,15.8,11.4,5.7,5.7,0.0,7.0,61,14.5,47.2,53,Rain: Light,0,0,
10513,2021-04-30 20:20:00,40.661385,-73.8841,0,0,Unspecified,4413445,19.9,7.6,0.4,0.4,0.0,4.0,51,36.9,82.1,289,Drizzle: Light,0,0,
10514,2021-05-03 03:44:00,40.803555,-73.91184,1,0,Following Too Closely,4412744,15.8,11.4,5.7,5.7,0.0,7.0,61,14.5,47.2,53,Rain: Light,1,1,
10515,2021-05-02 16:00:00,40.83801,-73.87329,1,0,Driver Inattention/Distraction,4413518,26.3,11.3,0.0,0.0,0.0,0.0,3,23.0,43.9,251,Overcast,1,1,
10516,2021-05-03 18:30:00,40.679478,-73.893936,3,0,Driver Inattention/Distraction,4413460,15.8,11.4,5.7,5.7,0.0,7.0,61,14.5,47.2,53,Rain: Light,3,3,
10517,2021-05-03 08:50:00,40.764603,-73.819305,0,0,Passing or Lane Usage Improper,4413065,15.8,11.4,5.7,5.7,0.0,7.0,61,14.5,47.2,53,Rain: Light,0,0,
10518,2021-05-03 04:10:00,40.648308,-73.91363,1,0,Unspecified,4412982,15.8,11.4,5.7,5.7,0.0,7.0,61,14.5,47.2,53,Rain: Light,1,1,
10519,2021-05-03 13:25:00,40.830563,-73.92727,1,0,Following Too Closely,4413818,15.8,11.4,5.7,5.7,0.0,7.0,61,14.5,47.2,53,Rain: Light,1,1,
10520,2021-05-03 12:00:00,40.65911,-73.89922,1,0,Driver Inattention/Distraction,4413490,15.8,11.4,5.7,5.7,0.0,7.0,61,14.5,47.2,53,Rain: Light,1,1,
10521,2021-04-30 22:30:00,40.677155,-73.88773,0,0,Following Too Closely,4413425,19.9,7.6,0.4,0.4,0.0,4.0,51,36.9,82.1,289,Drizzle: Light,0,0,
10522,2021-05-03 14:45:00,40.73995,-73.84553,0,0,Following Too Closely,4413109,15.8,11.4,5.7,5.7,0.0,7.0,61,14.5,47.2,53,Rain: Light,0,0,
10523,2021-05-02 19:45:00,40.747967,-74.00485,0,0,Oversized Vehicle,4413678,26.3,11.3,0.0,0.0,0.0,0.0,3,23.0,43.9,251,Overcast,0,0,
10524,2021-05-03 09:40:00,40.670193,-73.97793,0,0,Passing Too Closely,4413127,15.8,11.4,5.7,5.7,0.0,7.0,61,14.5,47.2,53,Rain: Light,0,0,
10525,2021-05-03 13:15:00,40.577118,-74.001114,0,0,Unspecified,4413385,15.8,11.4,5.7,5.7,0.0,7.0,61,14.5,47.2,53,Rain: Light,0,0,
10526,2021-05-03 15:00:00,0.0,0.0,1,0,Driver Inattention/Distraction,4413173,15.8,11.4,5.7,5.7,0.0,7.0,61,14.5,47.2,53,Rain: Light,1,1,
10527,2021-05-03 01:15:00,40.694363,-73.958,0,0,Driver Inattention/Distraction,4413006,15.8,11.4,5.7,5.7,0.0,7.0,61,14.5,47.2,53,Rain: Light,0,0,
10528,2021-05-03 14:14:00,40.62452,-73.99749,0,0,Unspecified,4413045,15.8,11.4,5.7,5.7,0.0,7.0,61,14.5,47.2,53,Rain: Light,0,0,
10529,2021-05-03 14:50:00,40.732254,-73.99636,0,0,Backing Unsafely,4413567,15.8,11.4,5.7,5.7,0.0,7.0,61,14.5,47.2,53,Rain: Light,0,0,
10530,2021-05-03 07:40:00,40.84519,-73.9112,0,0,Turning Improperly,4412929,15.8,11.4,5.7,5.7,0.0,7.0,61,14.5,47.2,53,Rain: Light,0,0,
10531,2021-05-02 21:00:00,40.72823,-73.83313,1,0,Following Too Closely,4413549,26.3,11.3,0.0,0.0,0.0,0.0,3,23.0,43.9,251,Overcast,1,1,
10532,2021-05-03 20:00:00,40.651966,-73.929245,1,0,Unspecified,4413190,15.8,11.4,5.7,5.7,0.0,7.0,61,14.5,47.2,53,Rain: Light,1,1,
10533,2021-05-03 05:49:00,40.719025,-73.98978,1,0,Passing or Lane Usage Improper,4413086,15.8,11.4,5.7,5.7,0.0,7.0,61,14.5,47.2,53,Rain: Light,1,1,
10534,2021-05-03 09:26:00,40.862392,-73.91802,0,0,Backing Unsafely,4413629,15.8,11.4,5.7,5.7,0.0,7.0,61,14.5,47.2,53,Rain: Light,0,0,
10535,2021-05-02 20:41:00,40.617287,-73.97786,1,0,Unspecified,4413507,26.3,11.3,0.0,0.0,0.0,0.0,3,23.0,43.9,251,Overcast,1,1,
10536,2021-05-02 15:32:00,40.840446,-73.86692,0,0,Unspecified,4413595,26.3,11.3,0.0,0.0,0.0,0.0,3,23.0,43.9,251,Overcast,0,0,
10537,2021-05-03 04:10:00,40.691948,-73.939835,1,0,Unspecified,4413008,15.8,11.4,5.7,5.7,0.0,7.0,61,14.5,47.2,53,Rain: Light,1,1,
10538,2021-05-03 12:15:00,40.615795,-73.93937,2,0,Traffic Control Disregarded,4413050,15.8,11.4,5.7,5.7,0.0,7.0,61,14.5,47.2,53,Rain: Light,2,2,
10539,2021-04-28 10:50:00,0.0,0.0,1,0,Driver Inattention/Distraction,4413404,26.1,7.9,0.0,0.0,0.0,0.0,3,15.3,34.6,133,Overcast,1,1,
10540,2021-05-03 09:00:00,40.629253,-73.957054,0,0,Unspecified,4413329,15.8,11.4,5.7,5.7,0.0,7.0,61,14.5,47.2,53,Rain: Light,0,0,
10541,2021-05-03 11:10:00,40.763466,-73.99477,0,0,Passing Too Closely,4413344,15.8,11.4,5.7,5.7,0.0,7.0,61,14.5,47.2,53,Rain: Light,0,0,
10542,2021-05-03 20:40:00,40.85407,-73.88421,0,0,Driver Inattention/Distraction,4413637,15.8,11.4,5.7,5.7,0.0,7.0,61,14.5,47.2,53,Rain: Light,0,0,
10543,2021-05-03 05:50:00,40.839626,-73.940834,0,0,Passing or Lane Usage Improper,4412921,15.8,11.4,5.7,5.7,0.0,7.0,61,14.5,47.2,53,Rain: Light,0,0,
10544,2021-05-02 20:30:00,40.83511,-73.91945,1,0,,4413803,26.3,11.3,0.0,0.0,0.0,0.0,3,23.0,43.9,251,Overcast,1,1,
10545,2021-05-03 17:15:00,40.710876,-74.01439,0,0,Following Too Closely,4413136,15.8,11.4,5.7,5.7,0.0,7.0,61,14.5,47.2,53,Rain: Light,0,0,
10546,2021-04-30 16:35:00,40.608215,-73.99809,0,0,Driver Inattention/Distraction,4413647,19.9,7.6,0.4,0.4,0.0,4.0,51,36.9,82.1,289,Drizzle: Light,0,0,
10547,2021-05-03 07:53:00,40.810764,-73.9526,1,0,Backing Unsafely,4413728,15.8,11.4,5.7,5.7,0.0,7.0,61,14.5,47.2,53,Rain: Light,1,1,
10548,2021-05-03 08:00:00,40.74447,-73.911514,0,0,Unspecified,4412973,15.8,11.4,5.7,5.7,0.0,7.0,61,14.5,47.2,53,Rain: Light,0,0,
10549,2024-09-28 21:58:00,40.584366,-73.9271,0,0,Unspecified,4759662,19.8,16.1,7.6,7.6,0.0,15.0,61,21.5,41.0,66,Rain: Light,0,0,
10550,2021-05-03 09:00:00,40.853622,-73.88766,0,0,Passing Too Closely,4413643,15.8,11.4,5.7,5.7,0.0,7.0,61,14.5,47.2,53,Rain: Light,0,0,
10551,2021-05-03 12:15:00,40.692715,-73.98873,1,0,Traffic Control Disregarded,4413198,15.8,11.4,5.7,5.7,0.0,7.0,61,14.5,47.2,53,Rain: Light,1,1,
10552,2021-05-03 02:15:00,40.830658,-73.93517,0,0,Driverless/Runaway Vehicle,4412889,15.8,11.4,5.7,5.7,0.0,7.0,61,14.5,47.2,53,Rain: Light,0,0,
10553,2021-05-03 18:20:00,40.62872,-73.938545,0,0,Unspecified,4413055,15.8,11.4,5.7,5.7,0.0,7.0,61,14.5,47.2,53,Rain: Light,0,0,
10554,2021-05-03 21:38:00,40.76555,-73.83911,1,0,Unspecified,4413316,15.8,11.4,5.7,5.7,0.0,7.0,61,14.5,47.2,53,Rain: Light,1,1,
10555,2021-04-28 06:00:00,40.84018,-73.92647,0,0,Unspecified,4413844,26.1,7.9,0.0,0.0,0.0,0.0,3,15.3,34.6,133,Overcast,0,0,
10556,2021-05-01 12:00:00,40.803215,-73.9465,0,0,Unspecified,4413611,17.3,5.0,0.0,0.0,0.0,0.0,3,31.7,63.4,302,Overcast,0,0,
10557,2021-05-03 16:34:00,40.815235,-73.93756,0,0,Unspecified,4413170,15.8,11.4,5.7,5.7,0.0,7.0,61,14.5,47.2,53,Rain: Light,0,0,
10558,2021-05-03 08:00:00,40.690372,-73.99481,0,0,Other Vehicular,4412998,15.8,11.4,5.7,5.7,0.0,7.0,61,14.5,47.2,53,Rain: Light,0,0,
10559,2021-05-02 22:30:00,40.676594,-73.89038,0,0,Driver Inattention/Distraction,4413472,26.3,11.3,0.0,0.0,0.0,0.0,3,23.0,43.9,251,Overcast,0,0,
10560,2021-05-02 11:30:00,40.666996,-73.86789,3,0,Unspecified,4413450,26.3,11.3,0.0,0.0,0.0,0.0,3,23.0,43.9,251,Overcast,3,3,
10561,2021-05-03 22:40:00,40.85208,-73.82685,1,0,Unsafe Speed,4413090,15.8,11.4,5.7,5.7,0.0,7.0,61,14.5,47.2,53,Rain: Light,1,1,
10562,2021-05-01 18:45:00,40.592907,-73.79516,2,0,Unspecified,4413747,17.3,5.0,0.0,0.0,0.0,0.0,3,31.7,63.4,302,Overcast,2,2,
10563,2021-05-03 12:23:00,40.64305,-73.89722,1,0,Unspecified,4413075,15.8,11.4,5.7,5.7,0.0,7.0,61,14.5,47.2,53,Rain: Light,1,1,
10564,2021-04-30 15:00:00,40.63062,-73.99574,1,0,Unspecified,4413410,19.9,7.6,0.4,0.4,0.0,4.0,51,36.9,82.1,289,Drizzle: Light,1,1,
10565,2021-05-01 01:45:00,40.675224,-73.89097,0,0,Unspecified,4413436,17.3,5.0,0.0,0.0,0.0,0.0,3,31.7,63.4,302,Overcast,0,0,
10566,2021-05-03 23:00:00,40.65616,-73.76736,1,0,Failure to Yield Right-of-Way,4413095,15.8,11.4,5.7,5.7,0.0,7.0,61,14.5,47.2,53,Rain: Light,1,1,
10567,2021-04-23 19:15:00,40.827774,-73.945755,0,0,Unspecified,4413795,15.5,2.0,0.0,0.0,0.0,0.0,3,28.7,57.2,273,Overcast,0,0,
10568,2021-05-03 17:55:00,40.80249,-73.95082,1,0,Turning Improperly,4413616,15.8,11.4,5.7,5.7,0.0,7.0,61,14.5,47.2,53,Rain: Light,1,1,
10569,2021-05-03 10:50:00,40.652954,-73.920166,0,0,Unspecified,4412988,15.8,11.4,5.7,5.7,0.0,7.0,61,14.5,47.2,53,Rain: Light,0,0,
10570,2021-05-03 16:20:00,40.876183,-73.854454,2,0,Following Too Closely,4413585,15.8,11.4,5.7,5.7,0.0,7.0,61,14.5,47.2,53,Rain: Light,2,2,
10571,2021-05-03 06:50:00,40.732716,-73.95807,2,0,Driver Inattention/Distraction,4412959,15.8,11.4,5.7,5.7,0.0,7.0,61,14.5,47.2,53,Rain: Light,2,2,
10572,2021-05-03 00:00:00,40.82161,-73.891716,0,0,Aggressive Driving/Road Rage,4413205,15.8,11.4,5.7,5.7,0.0,7.0,61,14.5,47.2,53,Rain: Light,0,0,
10573,2021-05-02 19:00:00,40.677917,-73.93861,2,0,Driver Inattention/Distraction,4413696,26.3,11.3,0.0,0.0,0.0,0.0,3,23.0,43.9,251,Overcast,2,2,
10574,2021-05-02 04:39:00,40.844604,-73.90348,1,0,Failure to Yield Right-of-Way,4413853,26.3,11.3,0.0,0.0,0.0,0.0,3,23.0,43.9,251,Overcast,1,1,
10575,2021-05-03 13:43:00,40.593388,-73.77881,2,0,Driver Inattention/Distraction,4413028,15.8,11.4,5.7,5.7,0.0,7.0,61,14.5,47.2,53,Rain: Light,2,2,
10576,2021-05-03 22:31:00,40.75504,-73.97278,0,0,Backing Unsafely,4413281,15.8,11.4,5.7,5.7,0.0,7.0,61,14.5,47.2,53,Rain: Light,0,0,
10577,2021-05-03 20:00:00,40.62284,-74.00121,2,0,Failure to Yield Right-of-Way,4413162,15.8,11.4,5.7,5.7,0.0,7.0,61,14.5,47.2,53,Rain: Light,2,2,
10578,2021-05-03 05:45:00,40.85078,-73.91222,0,0,Aggressive Driving/Road Rage,4412952,15.8,11.4,5.7,5.7,0.0,7.0,61,14.5,47.2,53,Rain: Light,0,0,
10579,2021-05-03 02:11:00,40.582756,-74.13041,1,0,Animals Action,4412857,15.8,11.4,5.7,5.7,0.0,7.0,61,14.5,47.2,53,Rain: Light,1,1,
10580,2021-05-03 17:00:00,40.629852,-73.93868,0,0,Unspecified,4413058,15.8,11.4,5.7,5.7,0.0,7.0,61,14.5,47.2,53,Rain: Light,0,0,
10581,2021-05-02 00:00:00,40.661232,-73.91051,0,0,Unspecified,4413562,26.3,11.3,0.0,0.0,0.0,0.0,3,23.0,43.9,251,Overcast,0,0,
10582,2021-05-03 09:25:00,40.818157,-73.90625,0,0,Following Too Closely,4413118,15.8,11.4,5.7,5.7,0.0,7.0,61,14.5,47.2,53,Rain: Light,0,0,
10583,2021-05-03 14:30:00,40.666046,-73.929794,0,0,Driver Inattention/Distraction,4413035,15.8,11.4,5.7,5.7,0.0,7.0,61,14.5,47.2,53,Rain: Light,0,0,
10584,2021-05-03 16:50:00,40.691933,-73.7582,1,0,Traffic Control Disregarded,4413826,15.8,11.4,5.7,5.7,0.0,7.0,61,14.5,47.2,53,Rain: Light,1,1,
10585,2021-05-02 14:15:00,40.675735,-73.89686,0,0,Driver Inattention/Distraction,4413454,26.3,11.3,0.0,0.0,0.0,0.0,3,23.0,43.9,251,Overcast,0,0,
10586,2021-05-03 14:48:00,40.824398,-73.909706,1,0,Unspecified,4413421,15.8,11.4,5.7,5.7,0.0,7.0,61,14.5,47.2,53,Rain: Light,1,1,
10587,2021-05-01 13:00:00,40.60098,-73.75555,0,0,Passing or Lane Usage Improper,4413534,17.3,5.0,0.0,0.0,0.0,0.0,3,31.7,63.4,302,Overcast,0,0,
10588,2021-09-19 19:30:00,40.665348,-73.72986,0,0,Unsafe Speed,4458885,23.6,16.8,0.0,0.0,0.0,0.0,2,17.6,35.6,0,Partly cloudy,0,0,
10589,2021-04-29 05:08:00,40.677624,-73.93308,2,0,Failure to Yield Right-of-Way,4413687,22.5,12.9,3.8,3.8,0.0,9.0,53,25.6,50.8,199,Drizzle: Moderate,2,2,
10590,2021-05-03 13:30:00,40.75829,-73.83431,0,0,Failure to Yield Right-of-Way,4413067,15.8,11.4,5.7,5.7,0.0,7.0,61,14.5,47.2,53,Rain: Light,0,0,
10591,2021-04-23 01:20:00,40.703434,-73.91181,0,0,Driver Inattention/Distraction,4413431,15.5,2.0,0.0,0.0,0.0,0.0,3,28.7,57.2,273,Overcast,0,0,
10592,2021-05-01 03:01:00,40.832886,-73.94402,0,0,Passing Too Closely,4413557,17.3,5.0,0.0,0.0,0.0,0.0,3,31.7,63.4,302,Overcast,0,0,
10593,2021-05-03 08:52:00,40.704178,-73.88953,1,0,Failure to Yield Right-of-Way,4413191,15.8,11.4,5.7,5.7,0.0,7.0,61,14.5,47.2,53,Rain: Light,1,1,
10594,2021-05-02 19:08:00,40.641003,-73.94755,0,0,Unspecified,4413580,26.3,11.3,0.0,0.0,0.0,0.0,3,23.0,43.9,251,Overcast,0,0,
10595,2021-05-01 04:50:00,40.80003,-73.954865,1,0,Unspecified,4413612,17.3,5.0,0.0,0.0,0.0,0.0,3,31.7,63.4,302,Overcast,1,1,
10596,2021-05-03 11:40:00,40.79094,-73.947235,0,0,Unsafe Speed,4412983,15.8,11.4,5.7,5.7,0.0,7.0,61,14.5,47.2,53,Rain: Light,0,0,
10597,2021-05-03 06:19:00,40.83718,-73.942604,2,0,Unsafe Speed,4413264,15.8,11.4,5.7,5.7,0.0,7.0,61,14.5,47.2,53,Rain: Light,2,2,
10598,2021-05-03 21:30:00,40.683514,-73.84064,0,0,Aggressive Driving/Road Rage,4413174,15.8,11.4,5.7,5.7,0.0,7.0,61,14.5,47.2,53,Rain: Light,0,0,
10599,2021-05-03 10:30:00,40.64464,-74.01757,1,0,Other Vehicular,4412971,15.8,11.4,5.7,5.7,0.0,7.0,61,14.5,47.2,53,Rain: Light,1,1,
10600,2021-05-03 02:07:00,40.879307,-73.90295,2,0,Unspecified,4413010,15.8,11.4,5.7,5.7,0.0,7.0,61,14.5,47.2,53,Rain: Light,2,2,
10601,2021-05-03 06:15:00,40.758175,-73.91729,0,0,Unspecified,4413381,15.8,11.4,5.7,5.7,0.0,7.0,61,14.5,47.2,53,Rain: Light,0,0,
10602,2021-05-03 21:30:00,40.750717,-73.85877,1,0,Unspecified,4413359,15.8,11.4,5.7,5.7,0.0,7.0,61,14.5,47.2,53,Rain: Light,1,1,
10603,2021-05-03 00:41:00,40.61533,-73.97115,0,0,Unspecified,4412939,15.8,11.4,5.7,5.7,0.0,7.0,61,14.5,47.2,53,Rain: Light,0,0,
10604,2021-05-03 07:45:00,40.534096,-74.1863,0,0,Following Too Closely,4413538,15.8,11.4,5.7,5.7,0.0,7.0,61,14.5,47.2,53,Rain: Light,0,0,
10605,2021-05-03 17:33:00,40.884876,-73.82686,0,0,Driver Inattention/Distraction,4413586,15.8,11.4,5.7,5.7,0.0,7.0,61,14.5,47.2,53,Rain: Light,0,0,
10606,2021-05-01 00:40:00,40.669186,-73.87479,0,0,Unspecified,4413426,17.3,5.0,0.0,0.0,0.0,0.0,3,31.7,63.4,302,Overcast,0,0,
10607,2021-05-03 11:48:00,40.880947,-73.85456,1,0,Driver Inexperience,4413628,15.8,11.4,5.7,5.7,0.0,7.0,61,14.5,47.2,53,Rain: Light,1,1,
10608,2021-05-03 17:00:00,40.675404,-73.80365,0,0,Driver Inattention/Distraction,4413101,15.8,11.4,5.7,5.7,0.0,7.0,61,14.5,47.2,53,Rain: Light,0,0,
10609,2021-05-03 06:17:00,40.664246,-73.88625,0,0,Other Vehicular,4413458,15.8,11.4,5.7,5.7,0.0,7.0,61,14.5,47.2,53,Rain: Light,0,0,
10610,2021-05-03 12:52:00,40.64254,-73.87652,0,0,Unspecified,4413461,15.8,11.4,5.7,5.7,0.0,7.0,61,14.5,47.2,53,Rain: Light,0,0,
10611,2021-05-03 01:02:00,40.70403,-73.966934,0,0,Reaction to Uninvolved Vehicle,4412808,15.8,11.4,5.7,5.7,0.0,7.0,61,14.5,47.2,53,Rain: Light,0,0,
10612,2021-05-02 20:30:00,40.72983,-74.010666,1,0,Driver Inexperience,4413566,26.3,11.3,0.0,0.0,0.0,0.0,3,23.0,43.9,251,Overcast,1,1,
10613,2021-05-03 21:20:00,40.706604,-74.00841,1,0,Following Too Closely,4413134,15.8,11.4,5.7,5.7,0.0,7.0,61,14.5,47.2,53,Rain: Light,1,1,
10614,2021-04-28 13:00:00,40.74955,-73.88618,0,0,Driver Inattention/Distraction,4413674,26.1,7.9,0.0,0.0,0.0,0.0,3,15.3,34.6,133,Overcast,0,0,
10615,2021-04-28 15:14:00,40.819,-73.86432,0,0,Unspecified,4413519,26.1,7.9,0.0,0.0,0.0,0.0,3,15.3,34.6,133,Overcast,0,0,
10616,2021-04-28 16:45:00,40.818386,-73.95632,0,0,Unspecified,4413727,26.1,7.9,0.0,0.0,0.0,0.0,3,15.3,34.6,133,Overcast,0,0,
10617,2021-05-03 08:34:00,40.76848,-73.809494,1,0,Failure to Yield Right-of-Way,4413064,15.8,11.4,5.7,5.7,0.0,7.0,61,14.5,47.2,53,Rain: Light,1,1,