,CRASH DATETIME,LATITUDE,LONGITUDE,NUMBER OF PERSONS INJURED,NUMBER OF PERSONS KILLED,CONTRIBUTING FACTOR VEHICLE 1,COLLISION_ID,temperature_2m_max,temperature_2m_min,precipitation_sum,rain_sum,snowfall_sum,precipitation_hours,weather_code,wind_speed_10m_max,wind_gusts_10m_max,wind_direction_10m_dominant,Weather Description,Severity_Score,Total_Affected_Persons,Weather_Category
10618,2021-05-03 17:25:00,40.772682,-73.92746,0,0,Unspecified,4413386,15.8,11.4,5.7,5.7,0.0,7.0,61,14.5,47.2,53,Rain: Light,0,0,
10619,2021-09-19 15:15:00,40.67297,-73.97162,1,0,Failure to Yield Right-of-Way,4458911,23.6,16.8,0.0,0.0,0.0,0.0,2,17.6,35.6,0,Partly cloudy,1,1,
10620,2021-05-03 17:41:00,40.857548,-73.85638,0,0,Driver Inattention/Distraction,4413142,15.8,11.4,5.7,5.7,0.0,7.0,61,14.5,47.2,53,Rain: Light,0,0,
10621,2021-05-03 11:00:00,40.680477,-73.951164,0,0,Driver Inattention/Distraction,4413004,15.8,11.4,5.7,5.7,0.0,7.0,61,14.5,47.2,53,Rain: Light,0,0,
10622,2021-05-03 01:13:00,40.71016,-73.98854,3,0,Following Too Closely,4413085,15.8,11.4,5.7,5.7,0.0,7.0,61,14.5,47.2,53,Rain: Light,3,3,
10623,2021-05-03 21:00:00,40.72311,-73.98923,1,0,Driver Inattention/Distraction,4413152,15.8,11.4,5.7,5.7,0.0,7.0,61,14.5,47.2,53,Rain: Light,1,1,
10624,2021-05-03 07:40:00,40.69819,-73.96191,0,0,Oversized Vehicle,4412907,15.8,11.4,5.7,5.7,0.0,7.0,61,14.5,47.2,53,Rain: Light,0,0,
10625,2021-05-03 18:10:00,40.705235,-73.883316,0,0,Unspecified,4413224,15.8,11.4,5.7,5.7,0.0,7.0,61,14.5,47.2,53,Rain: Light,0,0,
10626,2021-05-03 12:20:00,40.608204,-73.920715,0,0,Unspecified,4413051,15.8,11.4,5.7,5.7,0.0,7.0,61,14.5,47.2,53,Rain: Light,0,0,
10627,2021-05-03 16:00:00,40.888058,-73.90754,0,0,Unsafe Lane Changing,4413043,15.8,11.4,5.7,5.7,0.0,7.0,61,14.5,47.2,53,Rain: Light,0,0,
10628,2021-05-02 17:50:00,40.68986,-73.95147,1,0,Traffic Control Disregarded,4413543,26.3,11.3,0.0,0.0,0.0,0.0,3,23.0,43.9,251,Overcast,1,1,
10629,2021-05-03 01:10:00,40.736927,-73.8648,0,0,Driver Inattention/Distraction,4413796,15.8,11.4,5.7,5.7,0.0,7.0,61,14.5,47.2,53,Rain: Light,0,0,
10630,2021-05-03 19:40:00,40.59052,-73.805336,0,0,Tire Failure/Inadequate,4413079,15.8,11.4,5.7,5.7,0.0,7.0,61,14.5,47.2,53,Rain: Light,0,0,
10631,2021-05-03 13:40:00,40.7406,-73.879326,1,0,Passing or Lane Usage Improper,4413108,15.8,11.4,5.7,5.7,0.0,7.0,61,14.5,47.2,53,Rain: Light,1,1,
10632,2021-05-03 19:45:00,40.674812,-73.86363,0,0,Unsafe Lane Changing,4413482,15.8,11.4,5.7,5.7,0.0,7.0,61,14.5,47.2,53,Rain: Light,0,0,
10633,2021-04-30 14:30:00,40.671635,-73.868935,0,0,Unspecified,4413446,19.9,7.6,0.4,0.4,0.0,4.0,51,36.9,82.1,289,Drizzle: Light,0,0,
10634,2021-04-28 20:00:00,40.801666,-73.95677,0,0,Other Vehicular,4413619,26.1,7.9,0.0,0.0,0.0,0.0,3,15.3,34.6,133,Overcast,0,0,
10635,2021-05-02 23:01:00,40.70318,-73.86058,0,0,Unspecified,4413644,26.3,11.3,0.0,0.0,0.0,0.0,3,23.0,43.9,251,Overcast,0,0,
10636,2021-05-03 15:25:00,40.761173,-73.95789,0,0,Driver Inattention/Distraction,4413124,15.8,11.4,5.7,5.7,0.0,7.0,61,14.5,47.2,53,Rain: Light,0,0,
10637,2021-05-03 19:00:00,40.70318,-73.81327,0,0,Driver Inattention/Distraction,4413705,15.8,11.4,5.7,5.7,0.0,7.0,61,14.5,47.2,53,Rain: Light,0,0,
10638,2021-05-03 07:30:00,40.768883,-73.841286,0,0,Passing Too Closely,4413068,15.8,11.4,5.7,5.7,0.0,7.0,61,14.5,47.2,53,Rain: Light,0,0,
10639,2021-05-01 14:36:00,40.85959,-73.86521,0,0,Unspecified,4413591,17.3,5.0,0.0,0.0,0.0,0.0,3,31.7,63.4,302,Overcast,0,0,
10640,2021-04-28 19:45:00,40.667168,-73.88087,0,0,View Obstructed/Limited,4413433,26.1,7.9,0.0,0.0,0.0,0.0,3,15.3,34.6,133,Overcast,0,0,
10641,2021-05-01 12:28:00,40.65047,-73.885475,0,0,Unspecified,4413440,17.3,5.0,0.0,0.0,0.0,0.0,3,31.7,63.4,302,Overcast,0,0,
10642,2021-05-02 13:35:00,40.665474,-73.86752,4,0,Unspecified,4413451,26.3,11.3,0.0,0.0,0.0,0.0,3,23.0,43.9,251,Overcast,4,4,
10643,2021-05-03 13:59:00,0.0,0.0,1,0,Failure to Yield Right-of-Way,4413091,15.8,11.4,5.7,5.7,0.0,7.0,61,14.5,47.2,53,Rain: Light,1,1,
10644,2021-05-03 07:05:00,40.65217,-73.96141,1,0,Unspecified,4413330,15.8,11.4,5.7,5.7,0.0,7.0,61,14.5,47.2,53,Rain: Light,1,1,
10645,2021-04-28 18:50:00,40.76502,-73.9174,2,0,Reaction to Uninvolved Vehicle,4413405,26.1,7.9,0.0,0.0,0.0,0.0,3,15.3,34.6,133,Overcast,2,2,
10646,2021-09-19 18:40:00,40.6072,-73.75444,0,0,Reaction to Uninvolved Vehicle,4459378,23.6,16.8,0.0,0.0,0.0,0.0,2,17.6,35.6,0,Partly cloudy,0,0,
10647,2021-09-19 15:28:00,40.83406,-73.944885,1,0,Driver Inattention/Distraction,4458815,23.6,16.8,0.0,0.0,0.0,0.0,2,17.6,35.6,0,Partly cloudy,1,1,
10648,2021-09-19 18:40:00,40.712284,-73.78536,1,0,Turning Improperly,4459149,23.6,16.8,0.0,0.0,0.0,0.0,2,17.6,35.6,0,Partly cloudy,1,1,
10649,2021-09-19 12:54:00,40.680214,-73.94628,3,0,Unsafe Speed,4459300,23.6,16.8,0.0,0.0,0.0,0.0,2,17.6,35.6,0,Partly cloudy,3,3,
10650,2021-09-19 00:00:00,40.63311,-73.97217,2,0,Following Too Closely,4458858,23.6,16.8,0.0,0.0,0.0,0.0,2,17.6,35.6,0,Partly cloudy,2,2,
10651,2021-09-19 13:00:00,40.734028,-73.84408,1,0,Following Too Closely,4459074,23.6,16.8,0.0,0.0,0.0,0.0,2,17.6,35.6,0,Partly cloudy,1,1,
10652,2021-09-19 08:16:00,40.8295,-73.94595,1,0,Unspecified,4458607,23.6,16.8,0.0,0.0,0.0,0.0,2,17.6,35.6,0,Partly cloudy,1,1,
10653,2021-09-19 21:31:00,40.785297,-73.955574,0,0,Driver Inattention/Distraction,4458920,23.6,16.8,0.0,0.0,0.0,0.0,2,17.6,35.6,0,Partly cloudy,0,0,
10654,2021-09-19 14:30:00,40.760807,-73.78371,1,0,Driver Inattention/Distraction,4458695,23.6,16.8,0.0,0.0,0.0,0.0,2,17.6,35.6,0,Partly cloudy,1,1,
10655,2021-09-19 21:00:00,40.839767,-73.905396,0,0,Unspecified,4458940,23.6,16.8,0.0,0.0,0.0,0.0,2,17.6,35.6,0,Partly cloudy,0,0,
10656,2021-09-19 17:50:00,40.6664,-73.74011,1,0,Pedestrian/Bicyclist/Other Pedestrian Error/Confusion,4458805,23.6,16.8,0.0,0.0,0.0,0.0,2,17.6,35.6,0,Partly cloudy,1,1,
10657,2021-09-14 17:12:00,40.758102,-73.94196,0,0,Driver Inattention/Distraction,4459402,26.0,19.0,0.2,0.2,0.0,1.0,51,18.0,35.6,138,Drizzle: Light,0,0,
10658,2021-09-19 05:20:00,40.74137,-73.978355,0,0,Driver Inattention/Distraction,4458880,23.6,16.8,0.0,0.0,0.0,0.0,2,17.6,35.6,0,Partly cloudy,0,0,
10659,2021-12-19 23:50:00,40.703083,-73.85766,0,0,Pavement Slippery,4488493,7.1,-1.8,0.5,0.5,0.0,4.0,51,26.4,47.5,327,Drizzle: Light,0,0,
10660,2021-09-19 02:50:00,40.657642,-73.8749,0,0,Unspecified,4458506,23.6,16.8,0.0,0.0,0.0,0.0,2,17.6,35.6,0,Partly cloudy,0,0,
10661,2021-09-13 18:20:00,40.797993,-73.936066,0,0,Outside Car Distraction,4459471,28.8,21.8,1.1,1.1,0.0,2.0,53,20.1,36.7,277,Drizzle: Moderate,0,0,
10662,2021-09-19 23:18:00,40.55141,-74.15041,0,0,Driver Inattention/Distraction,4459214,23.6,16.8,0.0,0.0,0.0,0.0,2,17.6,35.6,0,Partly cloudy,0,0,
10663,2021-09-15 07:56:00,40.616825,-73.992516,1,0,Driver Inattention/Distraction,4459619,29.6,20.7,0.3,0.3,0.0,3.0,51,21.6,40.7,192,Drizzle: Light,1,1,
10664,2021-09-14 21:00:00,40.665257,-73.735344,0,0,Driver Inattention/Distraction,4459554,26.0,19.0,0.2,0.2,0.0,1.0,51,18.0,35.6,138,Drizzle: Light,0,0,
10665,2021-09-19 21:15:00,40.830906,-73.8736,1,0,Driver Inattention/Distraction,4459044,23.6,16.8,0.0,0.0,0.0,0.0,2,17.6,35.6,0,Partly cloudy,1,1,
10666,2021-09-19 00:00:00,40.69546,-73.85271,0,0,Passing or Lane Usage Improper,4458675,23.6,16.8,0.0,0.0,0.0,0.0,2,17.6,35.6,0,Partly cloudy,0,0,
10667,2021-09-19 04:51:00,40.850807,-73.86781,0,0,Driver Inexperience,4458992,23.6,16.8,0.0,0.0,0.0,0.0,2,17.6,35.6,0,Partly cloudy,0,0,
10668,2021-08-19 09:40:00,40.639706,-74.01961,0,0,Following Too Closely,4459467,30.2,23.4,11.8,11.8,0.0,13.0,61,26.3,53.3,223,Rain: Light,0,0,
10669,2021-09-19 04:10:00,40.76407,-73.80914,1,0,Other Vehicular,4458704,23.6,16.8,0.0,0.0,0.0,0.0,2,17.6,35.6,0,Partly cloudy,1,1,
10670,2021-09-19 22:00:00,40.770496,-73.87481,2,0,Driver Inattention/Distraction,4459013,23.6,16.8,0.0,0.0,0.0,0.0,2,17.6,35.6,0,Partly cloudy,2,2,
10671,2021-09-14 16:46:00,40.693966,-73.96151,0,0,Other Vehicular,4459507,26.0,19.0,0.2,0.2,0.0,1.0,51,18.0,35.6,138,Drizzle: Light,0,0,
10672,2021-09-19 18:59:00,40.648045,-74.00009,1,0,Unspecified,4458781,23.6,16.8,0.0,0.0,0.0,0.0,2,17.6,35.6,0,Partly cloudy,1,1,
10673,2021-09-19 17:55:00,40.653854,-73.877754,2,0,Following Too Closely,4459091,23.6,16.8,0.0,0.0,0.0,0.0,2,17.6,35.6,0,Partly cloudy,2,2,
10674,2021-09-19 11:25:00,40.765648,-73.72392,0,0,Driver Inattention/Distraction,4458624,23.6,16.8,0.0,0.0,0.0,0.0,2,17.6,35.6,0,Partly cloudy,0,0,
10675,2021-09-19 14:11:00,40.868546,-73.85859,2,0,Driver Inattention/Distraction,4458993,23.6,16.8,0.0,0.0,0.0,0.0,2,17.6,35.6,0,Partly cloudy,2,2,
10676,2021-09-19 01:40:00,40.7406,-73.879326,0,0,Unspecified,4459084,23.6,16.8,0.0,0.0,0.0,0.0,2,17.6,35.6,0,Partly cloudy,0,0,
10677,2021-09-19 07:05:00,40.525803,-74.22559,0,0,View Obstructed/Limited,4459145,23.6,16.8,0.0,0.0,0.0,0.0,2,17.6,35.6,0,Partly cloudy,0,0,
10678,2021-09-19 11:00:00,40.815006,-73.84525,0,0,Unspecified,4458642,23.6,16.8,0.0,0.0,0.0,0.0,2,17.6,35.6,0,Partly cloudy,0,0,
10679,2021-09-19 00:20:00,40.769955,-73.836426,0,0,Unsafe Lane Changing,4458702,23.6,16.8,0.0,0.0,0.0,0.0,2,17.6,35.6,0,Partly cloudy,0,0,
10680,2021-09-14 10:15:00,40.70066,-73.98775,0,0,Unspecified,4459522,26.0,19.0,0.2,0.2,0.0,1.0,51,18.0,35.6,138,Drizzle: Light,0,0,
10681,2021-09-19 17:05:00,40.66999,-73.73733,1,0,Unspecified,4458759,23.6,16.8,0.0,0.0,0.0,0.0,2,17.6,35.6,0,Partly cloudy,1,1,
10682,2021-09-19 23:00:00,40.67544,-73.85322,1,0,Turning Improperly,4458902,23.6,16.8,0.0,0.0,0.0,0.0,2,17.6,35.6,0,Partly cloudy,1,1,
10683,2021-09-14 08:00:00,40.87056,-73.918465,0,0,Unspecified,4459515,26.0,19.0,0.2,0.2,0.0,1.0,51,18.0,35.6,138,Drizzle: Light,0,0,
10684,2021-09-19 06:05:00,40.541847,-74.14779,0,0,Tire Failure/Inadequate,4459212,23.6,16.8,0.0,0.0,0.0,0.0,2,17.6,35.6,0,Partly cloudy,0,0,
10685,2021-09-06 20:06:00,40.884014,-73.8791,0,0,Turning Improperly,4459451,26.9,18.4,0.0,0.0,0.0,0.0,3,19.6,37.8,273,Overcast,0,0,
10686,2021-09-19 14:00:00,40.694504,-73.849144,0,0,Unspecified,4458662,23.6,16.8,0.0,0.0,0.0,0.0,2,17.6,35.6,0,Partly cloudy,0,0,
10687,2021-09-19 17:09:00,40.617325,-74.0177,0,0,Traffic Control Disregarded,4458802,23.6,16.8,0.0,0.0,0.0,0.0,2,17.6,35.6,0,Partly cloudy,0,0,
10688,2021-09-19 05:40:00,40.634884,-74.165146,0,0,Backing Unsafely,4458604,23.6,16.8,0.0,0.0,0.0,0.0,2,17.6,35.6,0,Partly cloudy,0,0,
10689,2021-09-19 03:30:00,40.70049,-73.90134,0,0,Unsafe Speed,4458752,23.6,16.8,0.0,0.0,0.0,0.0,2,17.6,35.6,0,Partly cloudy,0,0,
10690,2021-09-12 19:02:00,40.833626,-73.92615,0,0,Passing Too Closely,4459628,28.8,18.3,0.0,0.0,0.0,0.0,3,24.3,46.8,233,Overcast,0,0,
10691,2021-09-19 21:00:00,40.870605,-73.8465,1,0,Passing or Lane Usage Improper,4458983,23.6,16.8,0.0,0.0,0.0,0.0,2,17.6,35.6,0,Partly cloudy,1,1,
10692,2021-09-19 00:00:00,40.671738,-73.86815,0,0,Passing or Lane Usage Improper,4458720,23.6,16.8,0.0,0.0,0.0,0.0,2,17.6,35.6,0,Partly cloudy,0,0,
10693,2021-09-18 01:40:00,40.775604,-73.90515,0,0,Driver Inattention/Distraction,4459401,27.1,19.2,0.2,0.2,0.0,2.0,51,14.6,25.9,349,Drizzle: Light,0,0,
10694,2021-09-19 19:35:00,40.683754,-73.88565,0,0,Unspecified,4459092,23.6,16.8,0.0,0.0,0.0,0.0,2,17.6,35.6,0,Partly cloudy,0,0,
10695,2021-09-19 00:00:00,40.704304,-73.92981,1,0,Driver Inattention/Distraction,4459010,23.6,16.8,0.0,0.0,0.0,0.0,2,17.6,35.6,0,Partly cloudy,1,1,
10696,2021-09-19 00:00:00,40.713284,-73.7358,0,0,Steering Failure,4459122,23.6,16.8,0.0,0.0,0.0,0.0,2,17.6,35.6,0,Partly cloudy,0,0,
10697,2021-09-19 17:40:00,40.679226,-74.01291,0,0,Unspecified,4459073,23.6,16.8,0.0,0.0,0.0,0.0,2,17.6,35.6,0,Partly cloudy,0,0,
10698,2021-09-19 19:00:00,40.68698,-73.81398,0,0,Unspecified,4458889,23.6,16.8,0.0,0.0,0.0,0.0,2,17.6,35.6,0,Partly cloudy,0,0,
10699,2021-09-19 17:07:00,40.630463,-73.98911,0,0,Unspecified,4459364,23.6,16.8,0.0,0.0,0.0,0.0,2,17.6,35.6,0,Partly cloudy,0,0,
10700,2021-09-06 13:45:00,40.818386,-73.824196,0,0,Turning Improperly,4459499,26.9,18.4,0.0,0.0,0.0,0.0,3,19.6,37.8,273,Overcast,0,0,
10701,2021-09-19 21:00:00,40.763126,-73.83125,0,0,Unspecified,4458825,23.6,16.8,0.0,0.0,0.0,0.0,2,17.6,35.6,0,Partly cloudy,0,0,
10702,2021-09-12 02:20:00,40.83609,-73.87039,1,0,Unsafe Speed,4459393,28.8,18.3,0.0,0.0,0.0,0.0,3,24.3,46.8,233,Overcast,1,1,
10703,2021-09-19 06:24:00,40.7179,-73.83202,0,0,Driver Inattention/Distraction,4458814,23.6,16.8,0.0,0.0,0.0,0.0,2,17.6,35.6,0,Partly cloudy,0,0,
10704,2021-09-14 21:37:00,40.71868,-73.96056,1,0,Other Vehicular,4459642,26.0,19.0,0.2,0.2,0.0,1.0,51,18.0,35.6,138,Drizzle: Light,1,1,
10705,2021-09-19 14:45:00,40.677025,-73.95268,0,0,Driver Inexperience,4458690,23.6,16.8,0.0,0.0,0.0,0.0,2,17.6,35.6,0,Partly cloudy,0,0,
10706,2021-09-19 16:25:00,40.821445,-73.950386,0,0,Backing Unsafely,4458861,23.6,16.8,0.0,0.0,0.0,0.0,2,17.6,35.6,0,Partly cloudy,0,0,
10707,2021-09-17 08:59:00,40.697716,-73.967735,1,0,Failure to Yield Right-of-Way,4459585,23.6,20.1,1.0,1.0,0.0,7.0,51,20.3,38.9,59,Drizzle: Light,1,1,
10708,2021-08-07 12:10:00,40.704697,-73.79681,1,0,Failure to Yield Right-of-Way,4459483,29.7,19.9,0.0,0.0,0.0,0.0,3,24.2,45.0,198,Overcast,1,1,
10709,2021-09-19 18:00:00,40.87384,-73.90892,0,0,Backing Unsafely,4459222,23.6,16.8,0.0,0.0,0.0,0.0,2,17.6,35.6,0,Partly cloudy,0,0,
10710,2021-09-19 12:30:00,40.725048,-73.99402,0,0,Other Vehicular,4458877,23.6,16.8,0.0,0.0,0.0,0.0,2,17.6,35.6,0,Partly cloudy,0,0,
10711,2021-09-19 22:30:00,40.808773,-73.92426,0,0,Backing Unsafely,4458964,23.6,16.8,0.0,0.0,0.0,0.0,2,17.6,35.6,0,Partly cloudy,0,0,
10712,2021-09-19 04:15:00,40.761425,-73.99419,0,0,Traffic Control Disregarded,4459322,23.6,16.8,0.0,0.0,0.0,0.0,2,17.6,35.6,0,Partly cloudy,0,0,
10713,2021-11-25 16:07:00,40.828346,-73.94906,1,0,Unsafe Speed,4488401,11.7,1.2,0.0,0.0,0.0,0.0,3,12.0,22.0,241,Overcast,1,1,
10714,2021-09-19 17:15:00,40.700123,-73.947136,1,0,Driver Inattention/Distraction,4458787,23.6,16.8,0.0,0.0,0.0,0.0,2,17.6,35.6,0,Partly cloudy,1,1,
10715,2021-09-19 15:00:00,40.776546,-73.92377,0,0,Backing Unsafely,4459405,23.6,16.8,0.0,0.0,0.0,0.0,2,17.6,35.6,0,Partly cloudy,0,0,
10716,2021-09-14 15:00:00,40.597588,-74.07697,0,0,Driver Inattention/Distraction,4459434,26.0,19.0,0.2,0.2,0.0,1.0,51,18.0,35.6,138,Drizzle: Light,0,0,
10717,2021-09-19 15:30:00,40.70174,-73.76545,0,0,Unsafe Lane Changing,4459002,23.6,16.8,0.0,0.0,0.0,0.0,2,17.6,35.6,0,Partly cloudy,0,0,
10718,2021-09-19 15:45:00,40.7476,-73.97858,2,0,Unspecified,4459183,23.6,16.8,0.0,0.0,0.0,0.0,2,17.6,35.6,0,Partly cloudy,2,2,
10719,2021-09-19 17:45:00,40.696373,-73.74525,0,0,Unspecified,4458884,23.6,16.8,0.0,0.0,0.0,0.0,2,17.6,35.6,0,Partly cloudy,0,0,
10720,2021-09-19 21:44:00,40.844368,-73.88902,0,0,Driver Inexperience,4458925,23.6,16.8,0.0,0.0,0.0,0.0,2,17.6,35.6,0,Partly cloudy,0,0,
10721,2021-09-18 11:30:00,40.721863,-73.893074,0,0,Unspecified,4459505,27.1,19.2,0.2,0.2,0.0,2.0,51,14.6,25.9,349,Drizzle: Light,0,0,
10722,2021-09-07 12:25:00,40.834625,-73.84201,1,0,Unspecified,4459376,25.9,15.2,0.0,0.0,0.0,0.0,1,12.5,25.6,259,Mainly clear,1,1,Sunny/Clear Conditions
10723,2021-09-18 02:15:00,40.693253,-73.97272,1,0,,4459597,27.1,19.2,0.2,0.2,0.0,2.0,51,14.6,25.9,349,Drizzle: Light,1,1,
10724,2021-09-19 15:50:00,40.825577,-73.918465,1,0,Failure to Yield Right-of-Way,4458946,23.6,16.8,0.0,0.0,0.0,0.0,2,17.6,35.6,0,Partly cloudy,1,1,
10725,2021-09-18 14:00:00,40.649982,-73.91183,0,0,Unspecified,4459561,27.1,19.2,0.2,0.2,0.0,2.0,51,14.6,25.9,349,Drizzle: Light,0,0,
10726,2021-09-11 03:00:00,40.76181,-73.8683,1,0,Driver Inattention/Distraction,4459379,24.7,12.9,0.0,0.0,0.0,0.0,3,16.6,34.2,246,Overcast,1,1,
10727,2021-09-19 01:40:00,40.6997,-73.94425,0,0,Pedestrian/Bicyclist/Other Pedestrian Error/Confusion,4458510,23.6,16.8,0.0,0.0,0.0,0.0,2,17.6,35.6,0,Partly cloudy,0,0,
10728,2021-09-14 15:00:00,40.798912,-73.93418,0,0,Passing Too Closely,4459472,26.0,19.0,0.2,0.2,0.0,1.0,51,18.0,35.6,138,Drizzle: Light,0,0,
10729,2021-09-16 18:15:00,40.89004,-73.85584,0,0,Driver Inattention/Distraction,4459420,23.9,19.1,4.0,4.0,0.0,10.0,55,18.8,37.8,38,Drizzle: Dense,0,0,
10730,2021-09-19 15:30:00,40.76893,-73.8897,0,0,Driver Inexperience,4459409,23.6,16.8,0.0,0.0,0.0,0.0,2,17.6,35.6,0,Partly cloudy,0,0,
10731,2021-09-19 03:00:00,40.75819,-73.82318,0,0,Fell Asleep,4458824,23.6,16.8,0.0,0.0,0.0,0.0,2,17.6,35.6,0,Partly cloudy,0,0,
10732,2021-09-19 21:29:00,40.835117,-73.87391,0,0,Unspecified,4459045,23.6,16.8,0.0,0.0,0.0,0.0,2,17.6,35.6,0,Partly cloudy,0,0,
10733,2021-09-19 15:01:00,40.744644,-73.731186,0,0,View Obstructed/Limited,4458680,23.6,16.8,0.0,0.0,0.0,0.0,2,17.6,35.6,0,Partly cloudy,0,0,
10734,2021-09-19 19:15:00,40.697407,-73.93601,0,0,Passing or Lane Usage Improper,4459021,23.6,16.8,0.0,0.0,0.0,0.0,2,17.6,35.6,0,Partly cloudy,0,0,
10735,2021-09-19 00:51:00,40.72028,-73.86548,1,0,Traffic Control Disregarded,4459442,23.6,16.8,0.0,0.0,0.0,0.0,2,17.6,35.6,0,Partly cloudy,1,1,
10736,2021-09-19 00:55:00,40.75348,-73.980896,0,0,Unspecified,4459231,23.6,16.8,0.0,0.0,0.0,0.0,2,17.6,35.6,0,Partly cloudy,0,0,
10737,2021-09-19 16:57:00,40.80417,-73.966705,0,0,Failure to Yield Right-of-Way,4458888,23.6,16.8,0.0,0.0,0.0,0.0,2,17.6,35.6,0,Partly cloudy,0,0,
10738,2021-09-19 12:12:00,40.672768,-73.98672,1,0,Failure to Yield Right-of-Way,4458910,23.6,16.8,0.0,0.0,0.0,0.0,2,17.6,35.6,0,Partly cloudy,1,1,
10739,2021-09-19 12:19:00,40.69357,-73.81053,0,0,Failure to Yield Right-of-Way,4459163,23.6,16.8,0.0,0.0,0.0,0.0,2,17.6,35.6,0,Partly cloudy,0,0,
10740,2021-09-19 21:50:00,40.87123,-73.85604,2,0,Alcohol Involvement,4458984,23.6,16.8,0.0,0.0,0.0,0.0,2,17.6,35.6,0,Partly cloudy,2,2,
10741,2021-09-19 09:50:00,40.66707,-73.88606,0,0,Driver Inattention/Distraction,4458719,23.6,16.8,0.0,0.0,0.0,0.0,2,17.6,35.6,0,Partly cloudy,0,0,
10742,2021-09-19 11:30:00,40.605145,-73.92977,0,0,Driver Inattention/Distraction,4458778,23.6,16.8,0.0,0.0,0.0,0.0,2,17.6,35.6,0,Partly cloudy,0,0,
10743,2021-09-17 10:15:00,40.673695,-73.9672,0,0,Driver Inexperience,4459548,23.6,20.1,1.0,1.0,0.0,7.0,51,20.3,38.9,59,Drizzle: Light,0,0,
10744,2021-09-19 06:15:00,40.668083,-73.95929,1,0,Driver Inattention/Distraction,4458626,23.6,16.8,0.0,0.0,0.0,0.0,2,17.6,35.6,0,Partly cloudy,1,1,
10745,2021-09-17 07:15:00,40.850773,-73.93543,0,0,Driver Inattention/Distraction,4459516,23.6,20.1,1.0,1.0,0.0,7.0,51,20.3,38.9,59,Drizzle: Light,0,0,
10746,2021-09-19 09:00:00,40.85159,-73.867805,0,0,Unspecified,4458995,23.6,16.8,0.0,0.0,0.0,0.0,2,17.6,35.6,0,Partly cloudy,0,0,
10747,2021-09-19 22:31:00,40.66082,-73.98013,0,0,Driver Inattention/Distraction,4458856,23.6,16.8,0.0,0.0,0.0,0.0,2,17.6,35.6,0,Partly cloudy,0,0,
10748,2021-09-08 14:40:00,40.77981,-73.95035,0,0,Driver Inattention/Distraction,4459464,26.4,19.6,0.7,0.7,0.0,6.0,51,26.7,55.8,187,Drizzle: Light,0,0,
10749,2021-12-17 14:50:00,40.810863,-73.967224,2,0,Passing or Lane Usage Improper,4488570,13.9,6.1,0.0,0.0,0.0,0.0,3,21.5,37.1,265,Overcast,2,2,
10750,2021-09-19 12:35:00,40.68966,-74.00047,1,0,Driver Inattention/Distraction,4458722,23.6,16.8,0.0,0.0,0.0,0.0,2,17.6,35.6,0,Partly cloudy,1,1,
10751,2021-09-19 01:20:00,40.820137,-73.89029,1,0,Driver Inattention/Distraction,4458788,23.6,16.8,0.0,0.0,0.0,0.0,2,17.6,35.6,0,Partly cloudy,1,1,
10752,2021-09-19 04:14:00,40.63744,-74.08033,0,0,Passing or Lane Usage Improper,4459190,23.6,16.8,0.0,0.0,0.0,0.0,2,17.6,35.6,0,Partly cloudy,0,0,
10753,2021-09-19 22:00:00,40.74763,-73.88394,1,0,Driver Inattention/Distraction,4459085,23.6,16.8,0.0,0.0,0.0,0.0,2,17.6,35.6,0,Partly cloudy,1,1,
10754,2021-09-19 20:40:00,40.683132,-73.88259,0,0,Following Too Closely,4459093,23.6,16.8,0.0,0.0,0.0,0.0,2,17.6,35.6,0,Partly cloudy,0,0,
10755,2021-09-19 05:30:00,40.63603,-73.892166,0,0,Driver Inattention/Distraction,4458615,23.6,16.8,0.0,0.0,0.0,0.0,2,17.6,35.6,0,Partly cloudy,0,0,
10756,2021-09-19 11:45:00,40.60612,-73.96565,0,0,Passing or Lane Usage Improper,4458915,23.6,16.8,0.0,0.0,0.0,0.0,2,17.6,35.6,0,Partly cloudy,0,0,
10757,2021-09-19 06:27:00,40.680676,-73.91404,0,0,Unspecified,4458674,23.6,16.8,0.0,0.0,0.0,0.0,2,17.6,35.6,0,Partly cloudy,0,0,
10758,2021-09-19 19:30:00,40.699158,-73.927055,0,0,Driver Inattention/Distraction,4459001,23.6,16.8,0.0,0.0,0.0,0.0,2,17.6,35.6,0,Partly cloudy,0,0,
10759,2021-09-19 03:03:00,40.667736,-73.75442,3,0,Traffic Control Disregarded,4458599,23.6,16.8,0.0,0.0,0.0,0.0,2,17.6,35.6,0,Partly cloudy,3,3,
10760,2021-09-19 09:17:00,40.62798,-73.91439,0,0,Driver Inattention/Distraction,4458804,23.6,16.8,0.0,0.0,0.0,0.0,2,17.6,35.6,0,Partly cloudy,0,0,
10761,2021-09-19 17:33:00,40.80959,-73.95193,0,0,Driver Inattention/Distraction,4459083,23.6,16.8,0.0,0.0,0.0,0.0,2,17.6,35.6,0,Partly cloudy,0,0,
10762,2021-09-17 04:49:00,40.84197,-73.90417,2,0,Driver Inattention/Distraction,4459629,23.6,20.1,1.0,1.0,0.0,7.0,51,20.3,38.9,59,Drizzle: Light,2,2,
10763,2021-09-19 16:30:00,40.81698,-73.91625,0,0,Driver Inattention/Distraction,4458972,23.6,16.8,0.0,0.0,0.0,0.0,2,17.6,35.6,0,Partly cloudy,0,0,
10764,2021-09-19 09:45:00,40.746815,-73.826164,0,0,Backing Unsafely,4458700,23.6,16.8,0.0,0.0,0.0,0.0,2,17.6,35.6,0,Partly cloudy,0,0,