,CRASH DATETIME,LATITUDE,LONGITUDE,NUMBER OF PERSONS INJURED,NUMBER OF PERSONS KILLED,CONTRIBUTING FACTOR VEHICLE 1,COLLISION_ID,temperature_2m_max,temperature_2m_min,precipitation_sum,rain_sum,snowfall_sum,precipitation_hours,weather_code,wind_speed_10m_max,wind_gusts_10m_max,wind_direction_10m_dominant,Weather Description,Severity_Score,Total_Affected_Persons,Weather_Category
10765,2021-09-17 02:40:00,40.55154,-74.16011,0,0,Driver Inattention/Distraction,4459433,23.6,20.1,1.0,1.0,0.0,7.0,51,20.3,38.9,59,Drizzle: Light,0,0,
10766,2021-09-19 19:35:00,40.825954,-73.94337,1,0,Passing or Lane Usage Improper,4458862,23.6,16.8,0.0,0.0,0.0,0.0,2,17.6,35.6,0,Partly cloudy,1,1,
10767,2021-09-19 19:56:00,40.865543,-73.8368,0,0,Oversized Vehicle,4458844,23.6,16.8,0.0,0.0,0.0,0.0,2,17.6,35.6,0,Partly cloudy,0,0,
10768,2021-09-19 17:41:00,40.580574,-74.10728,0,0,Traffic Control Disregarded,4459206,23.6,16.8,0.0,0.0,0.0,0.0,2,17.6,35.6,0,Partly cloudy,0,0,
10769,2021-09-19 12:10:00,40.668648,-73.92835,1,0,Driver Inattention/Distraction,4458692,23.6,16.8,0.0,0.0,0.0,0.0,2,17.6,35.6,0,Partly cloudy,1,1,
10770,2021-09-19 08:30:00,40.852486,-73.927704,1,0,Aggressive Driving/Road Rage,4459591,23.6,16.8,0.0,0.0,0.0,0.0,2,17.6,35.6,0,Partly cloudy,1,1,
10771,2021-08-13 06:31:00,40.714813,-73.94273,1,0,Passing or Lane Usage Improper,4459450,33.2,24.8,0.0,0.0,0.0,0.0,3,18.2,34.9,215,Overcast,1,1,
10772,2021-09-19 18:10:00,40.69363,-73.91332,1,0,Failure to Yield Right-of-Way,4459007,23.6,16.8,0.0,0.0,0.0,0.0,2,17.6,35.6,0,Partly cloudy,1,1,
10773,2021-09-19 18:45:00,40.715347,-73.74845,1,0,Unspecified,4459113,23.6,16.8,0.0,0.0,0.0,0.0,2,17.6,35.6,0,Partly cloudy,1,1,
10774,2021-09-19 15:59:00,40.62508,-73.962326,1,0,Turning Improperly,4458753,23.6,16.8,0.0,0.0,0.0,0.0,2,17.6,35.6,0,Partly cloudy,1,1,
10775,2021-09-19 12:40:00,40.681923,-73.831924,0,0,Failure to Yield Right-of-Way,4458891,23.6,16.8,0.0,0.0,0.0,0.0,2,17.6,35.6,0,Partly cloudy,0,0,
10776,2021-09-19 11:00:00,40.747242,-73.87798,0,0,Driver Inattention/Distraction,4459069,23.6,16.8,0.0,0.0,0.0,0.0,2,17.6,35.6,0,Partly cloudy,0,0,
10777,2021-09-19 21:06:00,40.804585,-73.91213,0,0,Unspecified,4458963,23.6,16.8,0.0,0.0,0.0,0.0,2,17.6,35.6,0,Partly cloudy,0,0,
10778,2021-09-19 02:10:00,40.836384,-73.87039,0,0,Unspecified,4458645,23.6,16.8,0.0,0.0,0.0,0.0,2,17.6,35.6,0,Partly cloudy,0,0,
10779,2021-09-19 02:40:00,40.575302,-73.98453,0,0,Alcohol Involvement,4458558,23.6,16.8,0.0,0.0,0.0,0.0,2,17.6,35.6,0,Partly cloudy,0,0,
10780,2021-09-19 11:00:00,40.691563,-73.96953,0,0,Unspecified,4458808,23.6,16.8,0.0,0.0,0.0,0.0,2,17.6,35.6,0,Partly cloudy,0,0,
10781,2021-09-16 19:53:00,40.70722,-73.78957,0,0,Driver Inattention/Distraction,4459530,23.9,19.1,4.0,4.0,0.0,10.0,55,18.8,37.8,38,Drizzle: Dense,0,0,
10782,2021-09-19 13:24:00,40.686058,-73.82488,0,0,Passing or Lane Usage Improper,4458903,23.6,16.8,0.0,0.0,0.0,0.0,2,17.6,35.6,0,Partly cloudy,0,0,
10783,2021-09-19 15:55:00,40.67138,-73.732124,2,0,Unspecified,4458757,23.6,16.8,0.0,0.0,0.0,0.0,2,17.6,35.6,0,Partly cloudy,2,2,
10784,2021-09-12 21:20:00,40.765423,-73.89001,0,0,Unspecified,4459399,28.8,18.3,0.0,0.0,0.0,0.0,3,24.3,46.8,233,Overcast,0,0,
10785,2021-09-17 10:50:00,40.899174,-73.85826,0,0,Backing Unsafely,4459421,23.6,20.1,1.0,1.0,0.0,7.0,51,20.3,38.9,59,Drizzle: Light,0,0,
10786,2021-09-19 04:55:00,40.875,-73.87471,0,0,Driver Inattention/Distraction,4459218,23.6,16.8,0.0,0.0,0.0,0.0,2,17.6,35.6,0,Partly cloudy,0,0,
10787,2021-09-19 07:00:00,40.75451,-73.827156,0,0,Unspecified,4458830,23.6,16.8,0.0,0.0,0.0,0.0,2,17.6,35.6,0,Partly cloudy,0,0,
10788,2021-09-19 02:40:00,40.76233,-73.96846,0,0,Driver Inattention/Distraction,4459323,23.6,16.8,0.0,0.0,0.0,0.0,2,17.6,35.6,0,Partly cloudy,0,0,
10789,2021-09-16 14:10:00,40.692764,-73.94579,0,0,Following Too Closely,4459523,23.9,19.1,4.0,4.0,0.0,10.0,55,18.8,37.8,38,Drizzle: Dense,0,0,
10790,2021-09-19 20:30:00,40.82908,-73.837135,0,0,Unspecified,4458996,23.6,16.8,0.0,0.0,0.0,0.0,2,17.6,35.6,0,Partly cloudy,0,0,
10791,2021-09-17 12:12:00,40.615936,-73.962494,0,0,Passing Too Closely,4459634,23.6,20.1,1.0,1.0,0.0,7.0,51,20.3,38.9,59,Drizzle: Light,0,0,
10792,2021-09-19 02:45:00,40.676647,-73.91647,0,0,Turning Improperly,4458685,23.6,16.8,0.0,0.0,0.0,0.0,2,17.6,35.6,0,Partly cloudy,0,0,
10793,2021-09-19 03:05:00,40.815662,-73.88702,1,0,Unsafe Speed,4459056,23.6,16.8,0.0,0.0,0.0,0.0,2,17.6,35.6,0,Partly cloudy,1,1,
10794,2021-09-09 06:43:00,40.850166,-73.93576,2,0,Driver Inattention/Distraction,4459463,22.4,19.8,18.4,18.4,0.0,15.0,63,17.5,39.2,271,Rain: Moderate,2,2,
10795,2021-09-19 19:40:00,40.724262,-73.93745,0,0,Following Too Closely,4458985,23.6,16.8,0.0,0.0,0.0,0.0,2,17.6,35.6,0,Partly cloudy,0,0,
10796,2021-09-19 04:13:00,40.65864,-73.91374,1,0,Other Vehicular,4458666,23.6,16.8,0.0,0.0,0.0,0.0,2,17.6,35.6,0,Partly cloudy,1,1,
10797,2021-09-19 13:00:00,40.603874,-73.99544,0,0,Passing or Lane Usage Improper,4458723,23.6,16.8,0.0,0.0,0.0,0.0,2,17.6,35.6,0,Partly cloudy,0,0,
10798,2021-09-19 20:00:00,40.748913,-73.9374,0,0,Driver Inattention/Distraction,4459098,23.6,16.8,0.0,0.0,0.0,0.0,2,17.6,35.6,0,Partly cloudy,0,0,
10799,2021-09-19 00:20:00,40.79149,-73.93577,2,0,Unsafe Speed,4458632,23.6,16.8,0.0,0.0,0.0,0.0,2,17.6,35.6,0,Partly cloudy,2,2,
10800,2021-09-16 15:58:00,40.661385,-73.8841,0,0,Unspecified,4459495,23.9,19.1,4.0,4.0,0.0,10.0,55,18.8,37.8,38,Drizzle: Dense,0,0,
10801,2021-09-19 10:10:00,40.855556,-73.92918,0,0,Aggressive Driving/Road Rage,4459592,23.6,16.8,0.0,0.0,0.0,0.0,2,17.6,35.6,0,Partly cloudy,0,0,
10802,2021-09-19 03:40:00,40.585228,-73.94155,2,0,Following Too Closely,4459236,23.6,16.8,0.0,0.0,0.0,0.0,2,17.6,35.6,0,Partly cloudy,2,2,
10803,2021-09-19 20:50:00,40.664356,-73.734535,3,0,Unspecified,4458882,23.6,16.8,0.0,0.0,0.0,0.0,2,17.6,35.6,0,Partly cloudy,3,3,
10804,2021-09-19 13:05:00,40.753643,-73.90767,0,0,Passing Too Closely,4459404,23.6,16.8,0.0,0.0,0.0,0.0,2,17.6,35.6,0,Partly cloudy,0,0,
10805,2021-09-19 19:45:00,40.678146,-73.86688,0,0,Unspecified,4459412,23.6,16.8,0.0,0.0,0.0,0.0,2,17.6,35.6,0,Partly cloudy,0,0,
10806,2021-09-19 05:40:00,40.748993,-73.89687,0,0,Passing or Lane Usage Improper,4458518,23.6,16.8,0.0,0.0,0.0,0.0,2,17.6,35.6,0,Partly cloudy,0,0,
10807,2021-09-19 16:00:00,40.8362,-73.923355,0,0,Unspecified,4459545,23.6,16.8,0.0,0.0,0.0,0.0,2,17.6,35.6,0,Partly cloudy,0,0,
10808,2021-09-19 21:03:00,40.617897,-74.02931,0,0,Driver Inattention/Distraction,4458914,23.6,16.8,0.0,0.0,0.0,0.0,2,17.6,35.6,0,Partly cloudy,0,0,
10809,2021-09-19 23:17:00,40.751892,-73.9676,0,1,Alcohol Involvement,4458952,23.6,16.8,0.0,0.0,0.0,0.0,2,17.6,35.6,0,Partly cloudy,20,1,
10810,2021-09-19 08:00:00,40.68682,-73.91918,1,0,Backing Unsafely,4458820,23.6,16.8,0.0,0.0,0.0,0.0,2,17.6,35.6,0,Partly cloudy,1,1,
10811,2021-09-19 18:35:00,40.731594,-73.9948,0,0,Driver Inattention/Distraction,4459166,23.6,16.8,0.0,0.0,0.0,0.0,2,17.6,35.6,0,Partly cloudy,0,0,
10812,2021-09-19 21:10:00,40.6674,-73.773636,0,0,Unsafe Speed,4458855,23.6,16.8,0.0,0.0,0.0,0.0,2,17.6,35.6,0,Partly cloudy,0,0,
10813,2021-09-17 16:30:00,40.855606,-73.93793,0,0,Unspecified,4459517,23.6,20.1,1.0,1.0,0.0,7.0,51,20.3,38.9,59,Drizzle: Light,0,0,
10814,2021-09-19 15:00:00,40.77402,-73.95457,0,0,Unsafe Speed,4458930,23.6,16.8,0.0,0.0,0.0,0.0,2,17.6,35.6,0,Partly cloudy,0,0,
10815,2021-09-19 10:22:00,40.67398,-73.899315,1,0,Driver Inattention/Distraction,4458718,23.6,16.8,0.0,0.0,0.0,0.0,2,17.6,35.6,0,Partly cloudy,1,1,
10816,2021-09-19 10:22:00,40.61324,-73.93898,1,0,Pedestrian/Bicyclist/Other Pedestrian Error/Confusion,4458613,23.6,16.8,0.0,0.0,0.0,0.0,2,17.6,35.6,0,Partly cloudy,1,1,
10817,2021-09-19 03:00:00,40.640125,-74.08562,0,0,Unspecified,4459191,23.6,16.8,0.0,0.0,0.0,0.0,2,17.6,35.6,0,Partly cloudy,0,0,
10818,2021-09-19 01:55:00,40.862747,-73.90494,0,0,Alcohol Involvement,4458791,23.6,16.8,0.0,0.0,0.0,0.0,2,17.6,35.6,0,Partly cloudy,0,0,
10819,2021-09-19 08:30:00,40.693054,-73.9367,0,0,Backing Unsafely,4458774,23.6,16.8,0.0,0.0,0.0,0.0,2,17.6,35.6,0,Partly cloudy,0,0,
10820,2021-09-19 23:09:00,40.67252,-73.862755,0,0,Backing Unsafely,4459087,23.6,16.8,0.0,0.0,0.0,0.0,2,17.6,35.6,0,Partly cloudy,0,0,
10821,2021-09-19 10:30:00,40.71757,-73.874405,1,0,Failure to Yield Right-of-Way,4459503,23.6,16.8,0.0,0.0,0.0,0.0,2,17.6,35.6,0,Partly cloudy,1,1,
10822,2021-09-19 20:12:00,40.654984,-74.00711,0,0,Following Too Closely,4458848,23.6,16.8,0.0,0.0,0.0,0.0,2,17.6,35.6,0,Partly cloudy,0,0,
10823,2021-09-19 23:45:00,40.721485,-73.86658,1,0,Driver Inattention/Distraction,4458887,23.6,16.8,0.0,0.0,0.0,0.0,2,17.6,35.6,0,Partly cloudy,1,1,
10824,2021-09-18 22:30:00,40.856327,-73.84392,0,0,Other Vehicular,4459441,27.1,19.2,0.2,0.2,0.0,2.0,51,14.6,25.9,349,Drizzle: Light,0,0,
10825,2021-09-19 11:40:00,40.680023,-73.97451,1,0,Other Vehicular,4458908,23.6,16.8,0.0,0.0,0.0,0.0,2,17.6,35.6,0,Partly cloudy,1,1,
10826,2021-09-19 20:40:00,40.68078,-73.93761,0,0,Driver Inattention/Distraction,4458834,23.6,16.8,0.0,0.0,0.0,0.0,2,17.6,35.6,0,Partly cloudy,0,0,
10827,2021-09-19 21:45:00,40.764435,-73.72269,1,0,Driver Inattention/Distraction,4459610,23.6,16.8,0.0,0.0,0.0,0.0,2,17.6,35.6,0,Partly cloudy,1,1,
10828,2021-09-19 10:30:00,40.762123,-73.99157,0,0,Passing or Lane Usage Improper,4459327,23.6,16.8,0.0,0.0,0.0,0.0,2,17.6,35.6,0,Partly cloudy,0,0,
10829,2021-09-19 21:56:00,40.790627,-73.942444,2,0,Turning Improperly,4459375,23.6,16.8,0.0,0.0,0.0,0.0,2,17.6,35.6,0,Partly cloudy,2,2,
10830,2021-09-19 19:30:00,40.8448,-73.92264,1,0,Other Vehicular,4459395,23.6,16.8,0.0,0.0,0.0,0.0,2,17.6,35.6,0,Partly cloudy,1,1,
10831,2022-02-19 15:30:00,40.829376,-73.88562,0,0,Unsafe Speed,4504635,3.3,-5.5,0.4,0.0,0.28,4.0,71,35.3,64.4,260,Snow fall: Light,0,0,Snowy Conditions
10832,2021-09-19 22:34:00,40.73764,-73.93502,2,0,Driver Inattention/Distraction,4458866,23.6,16.8,0.0,0.0,0.0,0.0,2,17.6,35.6,0,Partly cloudy,2,2,
10833,2021-12-08 15:00:00,40.6931,-73.95489,0,0,Passing or Lane Usage Improper,4485667,4.7,0.9,0.7,0.7,0.0,2.0,51,14.5,24.8,355,Drizzle: Light,0,0,
10834,2021-12-03 16:30:00,40.643467,-74.02277,1,0,Unspecified,4485193,9.3,0.9,0.0,0.0,0.0,0.0,3,27.6,53.3,301,Overcast,1,1,
10835,2021-12-10 07:07:00,40.663574,-73.929405,0,0,Unspecified,4485409,8.5,1.6,0.0,0.0,0.0,0.0,3,9.8,20.5,183,Overcast,0,0,
10836,2021-12-09 01:31:00,40.701397,-73.95808,0,0,Driver Inattention/Distraction,4484823,3.6,-2.0,0.1,0.0,0.07,1.0,71,19.2,33.8,295,Snow fall: Light,0,0,Snowy Conditions
10837,2021-12-06 21:00:00,40.71594,-73.94462,1,0,Windshield Inadequate,4485743,16.3,7.7,6.3,6.3,0.0,10.0,61,35.1,65.5,201,Rain: Light,1,1,
10838,2021-12-08 06:07:00,40.825443,-73.91808,0,0,Driver Inattention/Distraction,4485133,4.7,0.9,0.7,0.7,0.0,2.0,51,14.5,24.8,355,Drizzle: Light,0,0,
10839,2021-12-08 19:30:00,40.707462,-74.01713,0,0,Unspecified,4484923,4.7,0.9,0.7,0.7,0.0,2.0,51,14.5,24.8,355,Drizzle: Light,0,0,
10840,2021-12-09 12:21:00,40.84664,-73.90469,0,0,Turning Improperly,4485147,3.6,-2.0,0.1,0.0,0.07,1.0,71,19.2,33.8,295,Snow fall: Light,0,0,Snowy Conditions
10841,2021-12-09 12:10:00,40.656826,-73.90357,1,0,Driver Inattention/Distraction,4485562,3.6,-2.0,0.1,0.0,0.07,1.0,71,19.2,33.8,295,Snow fall: Light,1,1,Snowy Conditions
10842,2021-12-06 22:13:00,40.758816,-73.90128,0,0,Unsafe Lane Changing,4485849,16.3,7.7,6.3,6.3,0.0,10.0,61,35.1,65.5,201,Rain: Light,0,0,
10843,2021-12-10 21:00:00,40.723946,-73.75192,0,0,Driver Inattention/Distraction,4485295,8.5,1.6,0.0,0.0,0.0,0.0,3,9.8,20.5,183,Overcast,0,0,
10844,2021-12-06 00:30:00,40.68892,-73.99915,0,0,Unsafe Lane Changing,4485162,16.3,7.7,6.3,6.3,0.0,10.0,61,35.1,65.5,201,Rain: Light,0,0,
10845,2021-12-10 15:20:00,40.76731,-73.882774,1,0,Driver Inattention/Distraction,4485257,8.5,1.6,0.0,0.0,0.0,0.0,3,9.8,20.5,183,Overcast,1,1,
10846,2021-12-08 17:45:00,40.792362,-73.96418,0,0,Passing or Lane Usage Improper,4484742,4.7,0.9,0.7,0.7,0.0,2.0,51,14.5,24.8,355,Drizzle: Light,0,0,
10847,2021-12-08 15:39:00,40.68405,-73.97746,0,0,View Obstructed/Limited,4484948,4.7,0.9,0.7,0.7,0.0,2.0,51,14.5,24.8,355,Drizzle: Light,0,0,
10848,2021-12-09 03:15:00,40.635185,-73.92862,1,0,Driver Inattention/Distraction,4484915,3.6,-2.0,0.1,0.0,0.07,1.0,71,19.2,33.8,295,Snow fall: Light,1,1,Snowy Conditions
10849,2021-12-08 17:19:00,40.75352,-73.98499,0,0,View Obstructed/Limited,4484774,4.7,0.9,0.7,0.7,0.0,2.0,51,14.5,24.8,355,Drizzle: Light,0,0,
10850,2021-12-07 07:25:00,40.72641,-73.90604,1,0,Unspecified,4485252,8.6,0.8,0.1,0.1,0.0,1.0,51,27.2,49.3,283,Drizzle: Light,1,1,
10851,2021-12-08 11:25:00,40.766167,-73.954254,0,0,Passing Too Closely,4484985,4.7,0.9,0.7,0.7,0.0,2.0,51,14.5,24.8,355,Drizzle: Light,0,0,
10852,2021-12-08 11:29:00,40.852375,-73.86582,0,0,Driver Inattention/Distraction,4484972,4.7,0.9,0.7,0.7,0.0,2.0,51,14.5,24.8,355,Drizzle: Light,0,0,
10853,2021-12-08 12:07:00,40.742912,-73.988594,0,0,Driver Inattention/Distraction,4484680,4.7,0.9,0.7,0.7,0.0,2.0,51,14.5,24.8,355,Drizzle: Light,0,0,
10854,2021-12-19 17:23:00,40.602734,-74.16307,1,0,Driver Inattention/Distraction,4488060,7.1,-1.8,0.5,0.5,0.0,4.0,51,26.4,47.5,327,Drizzle: Light,1,1,
10855,2021-12-13 18:20:00,40.66626,-73.884026,0,0,Traffic Control Disregarded,4488539,10.2,1.9,0.0,0.0,0.0,0.0,3,19.6,35.3,242,Overcast,0,0,
10856,2021-12-16 14:00:00,40.693264,-73.91268,1,0,Unspecified,4488404,14.6,9.9,0.0,0.0,0.0,0.0,3,22.4,38.5,222,Overcast,1,1,
10857,2021-12-19 00:00:00,40.699993,-73.99099,0,0,Driver Inattention/Distraction,4487508,7.1,-1.8,0.5,0.5,0.0,4.0,51,26.4,47.5,327,Drizzle: Light,0,0,
10858,2021-12-19 22:15:00,40.703865,-73.765076,0,0,Following Too Closely,4488467,7.1,-1.8,0.5,0.5,0.0,4.0,51,26.4,47.5,327,Drizzle: Light,0,0,
10859,2021-12-18 00:00:00,40.69314,-73.74486,0,0,Unsafe Speed,4488419,6.3,4.5,3.8,3.8,0.0,9.0,61,12.3,24.5,35,Rain: Light,0,0,
10860,2021-12-19 18:50:00,40.739674,-73.934586,0,0,View Obstructed/Limited,4487873,7.1,-1.8,0.5,0.5,0.0,4.0,51,26.4,47.5,327,Drizzle: Light,0,0,
10861,2021-12-19 16:30:00,40.72229,-73.86732,0,0,Following Too Closely,4488192,7.1,-1.8,0.5,0.5,0.0,4.0,51,26.4,47.5,327,Drizzle: Light,0,0,
10862,2021-12-19 16:57:00,40.753464,-73.79142,0,0,Failure to Yield Right-of-Way,4487762,7.1,-1.8,0.5,0.5,0.0,4.0,51,26.4,47.5,327,Drizzle: Light,0,0,
10863,2021-12-19 11:00:00,40.640553,-74.0043,1,0,Driver Inattention/Distraction,4488171,7.1,-1.8,0.5,0.5,0.0,4.0,51,26.4,47.5,327,Drizzle: Light,1,1,
10864,2021-12-15 16:45:00,40.561092,-74.16984,0,0,Turning Improperly,4488373,10.3,1.8,1.0,1.0,0.0,6.0,51,20.6,38.2,104,Drizzle: Light,0,0,
10865,2021-12-19 05:30:00,40.740894,-73.89961,1,0,Driver Inattention/Distraction,4487982,7.1,-1.8,0.5,0.5,0.0,4.0,51,26.4,47.5,327,Drizzle: Light,1,1,
10866,2021-12-19 04:00:00,40.603313,-73.75714,0,0,Unspecified,4488030,7.1,-1.8,0.5,0.5,0.0,4.0,51,26.4,47.5,327,Drizzle: Light,0,0,
10867,2021-12-19 23:08:00,40.656784,-73.91379,2,0,Unspecified,4488345,7.1,-1.8,0.5,0.5,0.0,4.0,51,26.4,47.5,327,Drizzle: Light,2,2,
10868,2021-12-19 07:48:00,40.655495,-73.88833,0,0,Traffic Control Disregarded,4488098,7.1,-1.8,0.5,0.5,0.0,4.0,51,26.4,47.5,327,Drizzle: Light,0,0,
10869,2021-12-19 19:00:00,40.74105,-73.72587,0,0,Following Too Closely,4487791,7.1,-1.8,0.5,0.5,0.0,4.0,51,26.4,47.5,327,Drizzle: Light,0,0,
10870,2021-12-19 20:37:00,40.73769,-73.76846,2,0,Unsafe Speed,4487848,7.1,-1.8,0.5,0.5,0.0,4.0,51,26.4,47.5,327,Drizzle: Light,2,2,
10871,2021-12-17 17:00:00,40.709896,-73.83941,1,0,Driver Inattention/Distraction,4488522,13.9,6.1,0.0,0.0,0.0,0.0,3,21.5,37.1,265,Overcast,1,1,
10872,2021-12-19 05:30:00,40.754612,-73.87667,0,0,Oversized Vehicle,4487653,7.1,-1.8,0.5,0.5,0.0,4.0,51,26.4,47.5,327,Drizzle: Light,0,0,
10873,2021-12-16 11:40:00,40.676598,-73.93039,0,0,Driver Inattention/Distraction,4488497,14.6,9.9,0.0,0.0,0.0,0.0,3,22.4,38.5,222,Overcast,0,0,
10874,2021-12-19 20:09:00,40.81296,-73.925804,1,0,Driver Inattention/Distraction,4488107,7.1,-1.8,0.5,0.5,0.0,4.0,51,26.4,47.5,327,Drizzle: Light,1,1,
10875,2021-12-19 01:30:00,40.80916,-73.93698,0,0,Backing Unsafely,4487914,7.1,-1.8,0.5,0.5,0.0,4.0,51,26.4,47.5,327,Drizzle: Light,0,0,
10876,2021-12-08 12:30:00,40.693565,-73.91574,0,0,Oversized Vehicle,4488651,4.7,0.9,0.7,0.7,0.0,2.0,51,14.5,24.8,355,Drizzle: Light,0,0,
10877,2021-12-17 12:50:00,40.726444,-73.76579,1,0,Passing or Lane Usage Improper,4488575,13.9,6.1,0.0,0.0,0.0,0.0,3,21.5,37.1,265,Overcast,1,1,
10878,2021-12-19 12:10:00,40.6256,-74.03608,0,0,Unspecified,4487806,7.1,-1.8,0.5,0.5,0.0,4.0,51,26.4,47.5,327,Drizzle: Light,0,0,
10879,2022-02-15 08:45:00,40.62802,-73.94713,0,0,Unspecified,4504430,-0.2,-9.2,0.0,0.0,0.0,0.0,3,12.9,28.4,276,Overcast,0,0,
10880,2021-12-19 18:20:00,40.630928,-73.92818,0,0,Driver Inattention/Distraction,4487853,7.1,-1.8,0.5,0.5,0.0,4.0,51,26.4,47.5,327,Drizzle: Light,0,0,
10881,2021-12-19 21:40:00,40.82472,-73.87147,0,0,Following Too Closely,4488352,7.1,-1.8,0.5,0.5,0.0,4.0,51,26.4,47.5,327,Drizzle: Light,0,0,
10882,2021-12-19 19:00:00,40.62374,-73.92448,0,0,Driver Inattention/Distraction,4488233,7.1,-1.8,0.5,0.5,0.0,4.0,51,26.4,47.5,327,Drizzle: Light,0,0,
10883,2021-12-19 23:50:00,40.716557,-73.82869,0,0,Reaction to Uninvolved Vehicle,4488273,7.1,-1.8,0.5,0.5,0.0,4.0,51,26.4,47.5,327,Drizzle: Light,0,0,
10884,2021-12-19 03:15:00,40.85062,-73.85163,1,0,Driver Inattention/Distraction,4487628,7.1,-1.8,0.5,0.5,0.0,4.0,51,26.4,47.5,327,Drizzle: Light,1,1,
10885,2021-12-19 02:45:00,40.75458,-73.99915,0,0,Passing Too Closely,4488039,7.1,-1.8,0.5,0.5,0.0,4.0,51,26.4,47.5,327,Drizzle: Light,0,0,
10886,2021-12-19 09:45:00,40.668797,-73.93113,0,0,Other Vehicular,4487736,7.1,-1.8,0.5,0.5,0.0,4.0,51,26.4,47.5,327,Drizzle: Light,0,0,
10887,2021-12-19 01:15:00,40.680595,-73.980896,0,0,Passing or Lane Usage Improper,4487606,7.1,-1.8,0.5,0.5,0.0,4.0,51,26.4,47.5,327,Drizzle: Light,0,0,
10888,2021-12-19 21:00:00,40.673573,-73.79258,1,0,Failure to Yield Right-of-Way,4487862,7.1,-1.8,0.5,0.5,0.0,4.0,51,26.4,47.5,327,Drizzle: Light,1,1,
10889,2021-12-19 23:45:00,40.703163,-73.81662,1,0,Reaction to Uninvolved Vehicle,4488217,7.1,-1.8,0.5,0.5,0.0,4.0,51,26.4,47.5,327,Drizzle: Light,1,1,
10890,2021-12-19 10:00:00,40.543118,-74.15149,0,0,Unspecified,4488579,7.1,-1.8,0.5,0.5,0.0,4.0,51,26.4,47.5,327,Drizzle: Light,0,0,
10891,2021-12-19 21:55:00,40.650772,-73.884796,0,0,Driver Inattention/Distraction,4488090,7.1,-1.8,0.5,0.5,0.0,4.0,51,26.4,47.5,327,Drizzle: Light,0,0,
10892,2021-12-19 18:08:00,40.676937,-73.92183,1,0,Failure to Yield Right-of-Way,4487779,7.1,-1.8,0.5,0.5,0.0,4.0,51,26.4,47.5,327,Drizzle: Light,1,1,
10893,2021-12-16 15:00:00,40.69246,-73.83364,1,0,Failure to Yield Right-of-Way,4488428,14.6,9.9,0.0,0.0,0.0,0.0,3,22.4,38.5,222,Overcast,1,1,
10894,2021-12-17 13:30:00,0.0,0.0,0,0,Other Vehicular,4488409,13.9,6.1,0.0,0.0,0.0,0.0,3,21.5,37.1,265,Overcast,0,0,
10895,2021-12-19 16:17:00,40.764362,-73.96162,1,0,Driver Inattention/Distraction,4487929,7.1,-1.8,0.5,0.5,0.0,4.0,51,26.4,47.5,327,Drizzle: Light,1,1,
10896,2021-12-19 17:25:00,40.724335,-73.72464,1,0,Unspecified,4487887,7.1,-1.8,0.5,0.5,0.0,4.0,51,26.4,47.5,327,Drizzle: Light,1,1,
10897,2021-12-16 22:24:00,40.82092,-73.94333,4,0,Unsafe Speed,4488362,14.6,9.9,0.0,0.0,0.0,0.0,3,22.4,38.5,222,Overcast,4,4,
10898,2021-12-07 11:15:00,40.67968,-73.97826,1,0,Aggressive Driving/Road Rage,4488396,8.6,0.8,0.1,0.1,0.0,1.0,51,27.2,49.3,283,Drizzle: Light,1,1,
10899,2021-12-19 16:51:00,40.625435,-73.99135,1,0,Traffic Control Disregarded,4487936,7.1,-1.8,0.5,0.5,0.0,4.0,51,26.4,47.5,327,Drizzle: Light,1,1,
10900,2021-12-19 18:30:00,40.6043,-74.16349,3,0,Driver Inattention/Distraction,4488591,7.1,-1.8,0.5,0.5,0.0,4.0,51,26.4,47.5,327,Drizzle: Light,3,3,
10901,2021-12-19 16:48:00,40.69889,-73.91753,0,0,Failure to Yield Right-of-Way,4487770,7.1,-1.8,0.5,0.5,0.0,4.0,51,26.4,47.5,327,Drizzle: Light,0,0,
10902,2021-12-17 19:35:00,40.806114,-73.95937,1,0,Unspecified,4488568,13.9,6.1,0.0,0.0,0.0,0.0,3,21.5,37.1,265,Overcast,1,1,
10903,2021-12-19 11:00:00,40.742455,-73.86424,0,0,Unsafe Speed,4487689,7.1,-1.8,0.5,0.5,0.0,4.0,51,26.4,47.5,327,Drizzle: Light,0,0,
10904,2021-11-20 15:04:00,0.0,0.0,1,0,Following Too Closely,4488444,6.8,0.2,0.0,0.0,0.0,0.0,3,13.8,25.6,219,Overcast,1,1,
10905,2021-12-19 22:50:00,40.659855,-73.92009,1,0,Brakes Defective,4488144,7.1,-1.8,0.5,0.5,0.0,4.0,51,26.4,47.5,327,Drizzle: Light,1,1,
10906,2021-12-19 11:52:00,40.803272,-73.918884,1,0,Driver Inattention/Distraction,4488304,7.1,-1.8,0.5,0.5,0.0,4.0,51,26.4,47.5,327,Drizzle: Light,1,1,
10907,2021-12-19 18:50:00,40.68961,-73.97264,0,0,Unspecified,4487823,7.1,-1.8,0.5,0.5,0.0,4.0,51,26.4,47.5,327,Drizzle: Light,0,0,
10908,2021-12-19 13:00:00,40.677258,-73.81873,0,0,Failure to Yield Right-of-Way,4487988,7.1,-1.8,0.5,0.5,0.0,4.0,51,26.4,47.5,327,Drizzle: Light,0,0,
10909,2021-12-19 22:53:00,40.702034,-73.87979,0,0,Passing Too Closely,4488204,7.1,-1.8,0.5,0.5,0.0,4.0,51,26.4,47.5,327,Drizzle: Light,0,0,