,CRASH DATETIME,LATITUDE,LONGITUDE,NUMBER OF PERSONS INJURED,NUMBER OF PERSONS KILLED,CONTRIBUTING FACTOR VEHICLE 1,COLLISION_ID,temperature_2m_max,temperature_2m_min,precipitation_sum,rain_sum,snowfall_sum,precipitation_hours,weather_code,wind_speed_10m_max,wind_gusts_10m_max,wind_direction_10m_dominant,Weather Description,Severity_Score,Total_Affected_Persons,Weather_Category
10910,2021-12-19 06:30:00,40.672882,-73.89808,0,0,Driver Inattention/Distraction,4488085,7.1,-1.8,0.5,0.5,0.0,4.0,51,26.4,47.5,327,Drizzle: Light,0,0,
10911,2021-12-19 11:00:00,40.741722,-73.86741,0,0,Following Too Closely,4487669,7.1,-1.8,0.5,0.5,0.0,4.0,51,26.4,47.5,327,Drizzle: Light,0,0,
10912,2021-12-19 00:00:00,40.673992,-73.73508,1,0,Unspecified,4487581,7.1,-1.8,0.5,0.5,0.0,4.0,51,26.4,47.5,327,Drizzle: Light,1,1,
10913,2021-12-19 19:41:00,40.74456,-73.93076,0,0,Driver Inattention/Distraction,4487868,7.1,-1.8,0.5,0.5,0.0,4.0,51,26.4,47.5,327,Drizzle: Light,0,0,
10914,2021-12-15 11:30:00,40.751205,-73.88647,1,0,Driver Inattention/Distraction,4488512,10.3,1.8,1.0,1.0,0.0,6.0,51,20.6,38.2,104,Drizzle: Light,1,1,
10915,2021-12-19 10:30:00,40.739494,-73.97663,0,0,Fell Asleep,4488024,7.1,-1.8,0.5,0.5,0.0,4.0,51,26.4,47.5,327,Drizzle: Light,0,0,
10916,2021-12-19 18:00:00,40.735115,-73.87524,0,0,Driver Inexperience,4487827,7.1,-1.8,0.5,0.5,0.0,4.0,51,26.4,47.5,327,Drizzle: Light,0,0,
10917,2021-12-17 17:38:00,40.654133,-73.91234,0,0,View Obstructed/Limited,4488413,13.9,6.1,0.0,0.0,0.0,0.0,3,21.5,37.1,265,Overcast,0,0,
10918,2021-12-18 01:20:00,40.69024,-73.99437,1,0,Unspecified,4488424,6.3,4.5,3.8,3.8,0.0,9.0,61,12.3,24.5,35,Rain: Light,1,1,
10919,2021-12-09 14:19:00,40.75869,-73.9115,1,0,Unspecified,4488370,3.6,-2.0,0.1,0.0,0.07,1.0,71,19.2,33.8,295,Snow fall: Light,1,1,Snowy Conditions
10920,2021-12-16 17:16:00,40.64721,-73.970436,0,0,Driver Inattention/Distraction,4488477,14.6,9.9,0.0,0.0,0.0,0.0,3,22.4,38.5,222,Overcast,0,0,
10921,2021-12-19 22:00:00,40.7259,-73.736694,0,0,Unsafe Speed,4487875,7.1,-1.8,0.5,0.5,0.0,4.0,51,26.4,47.5,327,Drizzle: Light,0,0,
10922,2021-12-14 10:00:00,40.611427,-74.116844,0,0,Traffic Control Disregarded,4488385,10.4,3.1,0.0,0.0,0.0,0.0,3,18.5,31.3,322,Overcast,0,0,
10923,2021-12-19 10:45:00,40.760494,-73.8614,0,0,Unspecified,4488506,7.1,-1.8,0.5,0.5,0.0,4.0,51,26.4,47.5,327,Drizzle: Light,0,0,
10924,2021-12-19 12:05:00,40.79847,-73.96901,0,0,Backing Unsafely,4488121,7.1,-1.8,0.5,0.5,0.0,4.0,51,26.4,47.5,327,Drizzle: Light,0,0,
10925,2021-12-18 21:00:00,40.771038,-73.83413,2,0,Unspecified,4488580,6.3,4.5,3.8,3.8,0.0,9.0,61,12.3,24.5,35,Rain: Light,2,2,
10926,2021-12-19 13:45:00,40.716297,-73.7559,1,0,Driver Inattention/Distraction,4487765,7.1,-1.8,0.5,0.5,0.0,4.0,51,26.4,47.5,327,Drizzle: Light,1,1,
10927,2021-12-19 06:01:00,40.73195,-73.863434,0,0,Unspecified,4488193,7.1,-1.8,0.5,0.5,0.0,4.0,51,26.4,47.5,327,Drizzle: Light,0,0,
10928,2021-12-14 10:00:00,40.88471,-73.83131,0,0,Unsafe Lane Changing,4488454,10.4,3.1,0.0,0.0,0.0,0.0,3,18.5,31.3,322,Overcast,0,0,
10929,2021-12-19 22:56:00,40.646446,-73.87392,1,0,Driver Inattention/Distraction,4488099,7.1,-1.8,0.5,0.5,0.0,4.0,51,26.4,47.5,327,Drizzle: Light,1,1,
10930,2021-12-19 09:00:00,40.699993,-73.89938,0,0,Unspecified,4487725,7.1,-1.8,0.5,0.5,0.0,4.0,51,26.4,47.5,327,Drizzle: Light,0,0,
10931,2021-12-19 17:45:00,40.617153,-74.033104,0,0,Driver Inattention/Distraction,4487807,7.1,-1.8,0.5,0.5,0.0,4.0,51,26.4,47.5,327,Drizzle: Light,0,0,
10932,2021-12-17 21:00:00,40.84434,-73.91475,0,0,Passing or Lane Usage Improper,4488328,13.9,6.1,0.0,0.0,0.0,0.0,3,21.5,37.1,265,Overcast,0,0,
10933,2021-12-19 17:25:00,40.76524,-73.95788,0,0,Driver Inattention/Distraction,4488281,7.1,-1.8,0.5,0.5,0.0,4.0,51,26.4,47.5,327,Drizzle: Light,0,0,
10934,2021-12-19 04:00:00,40.76276,-73.88953,1,0,View Obstructed/Limited,4487655,7.1,-1.8,0.5,0.5,0.0,4.0,51,26.4,47.5,327,Drizzle: Light,1,1,
10935,2021-12-14 00:00:00,40.760105,-73.77013,0,0,Driver Inattention/Distraction,4488480,10.4,3.1,0.0,0.0,0.0,0.0,3,18.5,31.3,322,Overcast,0,0,
10936,2021-12-18 09:00:00,40.666386,-73.80178,0,0,Passing or Lane Usage Improper,4488569,6.3,4.5,3.8,3.8,0.0,9.0,61,12.3,24.5,35,Rain: Light,0,0,
10937,2021-12-02 13:45:00,0.0,0.0,0,0,Driver Inattention/Distraction,4488649,13.2,5.4,3.4,3.4,0.0,10.0,55,28.0,46.8,215,Drizzle: Dense,0,0,
10938,2021-12-17 03:15:00,40.72735,-73.72408,0,0,Unsafe Lane Changing,4488417,13.9,6.1,0.0,0.0,0.0,0.0,3,21.5,37.1,265,Overcast,0,0,
10939,2021-12-16 13:00:00,40.722927,-73.75346,0,0,Unspecified,4488420,14.6,9.9,0.0,0.0,0.0,0.0,3,22.4,38.5,222,Overcast,0,0,
10940,2021-12-19 20:45:00,40.709827,-73.83983,0,0,Following Too Closely,4488521,7.1,-1.8,0.5,0.5,0.0,4.0,51,26.4,47.5,327,Drizzle: Light,0,0,
10941,2021-12-19 19:00:00,40.74462,-74.0027,0,0,Failure to Yield Right-of-Way,4488038,7.1,-1.8,0.5,0.5,0.0,4.0,51,26.4,47.5,327,Drizzle: Light,0,0,
10942,2021-12-19 12:28:00,40.660652,-73.86577,0,0,Passing Too Closely,4488066,7.1,-1.8,0.5,0.5,0.0,4.0,51,26.4,47.5,327,Drizzle: Light,0,0,
10943,2021-12-19 20:00:00,40.746937,-73.89862,0,0,Driver Inattention/Distraction,4487872,7.1,-1.8,0.5,0.5,0.0,4.0,51,26.4,47.5,327,Drizzle: Light,0,0,
10944,2021-12-19 20:20:00,40.650288,-73.9273,1,0,Unspecified,4488346,7.1,-1.8,0.5,0.5,0.0,4.0,51,26.4,47.5,327,Drizzle: Light,1,1,
10945,2021-12-19 06:50:00,40.754745,-73.9879,0,0,Driver Inattention/Distraction,4487912,7.1,-1.8,0.5,0.5,0.0,4.0,51,26.4,47.5,327,Drizzle: Light,0,0,
10946,2021-12-06 20:15:00,40.681767,-73.96754,0,0,Cell Phone (hands-free),4488499,16.3,7.7,6.3,6.3,0.0,10.0,61,35.1,65.5,201,Rain: Light,0,0,
10947,2021-12-19 01:24:00,40.640568,-74.118,1,0,Unspecified,4488054,7.1,-1.8,0.5,0.5,0.0,4.0,51,26.4,47.5,327,Drizzle: Light,1,1,
10948,2021-12-19 18:00:00,40.66462,-73.75292,1,0,Driver Inattention/Distraction,4487788,7.1,-1.8,0.5,0.5,0.0,4.0,51,26.4,47.5,327,Drizzle: Light,1,1,
10949,2021-12-19 01:20:00,40.845787,-73.8681,0,0,Unspecified,4487627,7.1,-1.8,0.5,0.5,0.0,4.0,51,26.4,47.5,327,Drizzle: Light,0,0,
10950,2021-12-19 17:00:00,40.673996,-73.92785,0,0,Driver Inattention/Distraction,4488172,7.1,-1.8,0.5,0.5,0.0,4.0,51,26.4,47.5,327,Drizzle: Light,0,0,
10951,2021-12-06 07:00:00,40.58833,-73.80431,1,0,View Obstructed/Limited,4488354,16.3,7.7,6.3,6.3,0.0,10.0,61,35.1,65.5,201,Rain: Light,1,1,
10952,2021-04-09 19:45:00,40.59662,-74.00231,1,1,Lost Consciousness,4407073,13.4,5.7,0.0,0.0,0.0,0.0,3,15.7,33.8,146,Overcast,21,2,
10953,2021-05-01 01:49:00,40.64513,-73.948975,2,0,Driver Inattention/Distraction,4412584,17.3,5.0,0.0,0.0,0.0,0.0,3,31.7,63.4,302,Overcast,2,2,
10954,2021-04-30 22:54:00,40.696384,-73.81704,5,0,Backing Unsafely,4413552,19.9,7.6,0.4,0.4,0.0,4.0,51,36.9,82.1,289,Drizzle: Light,5,5,
10955,2021-05-04 20:15:00,40.74425,-73.7334,2,0,Driver Inattention/Distraction,4413284,22.2,11.1,13.2,13.2,0.0,6.0,63,18.9,42.8,74,Rain: Moderate,2,2,
10956,2021-05-04 04:00:00,40.822456,-73.92692,0,0,Passing or Lane Usage Improper,4414164,22.2,11.1,13.2,13.2,0.0,6.0,63,18.9,42.8,74,Rain: Moderate,0,0,
10957,2021-05-04 18:53:00,40.809563,-73.92923,1,0,Driver Inattention/Distraction,4413324,22.2,11.1,13.2,13.2,0.0,6.0,63,18.9,42.8,74,Rain: Moderate,1,1,
10958,2021-04-12 15:40:00,40.674885,-73.927765,0,0,Driver Inattention/Distraction,4414083,8.7,6.7,13.6,13.6,0.0,21.0,61,23.4,42.1,51,Rain: Light,0,0,
10959,2021-05-02 11:55:00,40.69152,-73.74708,1,0,Passing or Lane Usage Improper,4414040,26.3,11.3,0.0,0.0,0.0,0.0,3,23.0,43.9,251,Overcast,1,1,
10960,2021-05-04 15:04:00,40.732323,-73.810776,0,0,Driver Inattention/Distraction,4413760,22.2,11.1,13.2,13.2,0.0,6.0,63,18.9,42.8,74,Rain: Moderate,0,0,
10961,2021-05-04 00:09:00,40.74278,-73.82817,0,0,Obstruction/Debris,4413073,22.2,11.1,13.2,13.2,0.0,6.0,63,18.9,42.8,74,Rain: Moderate,0,0,
10962,2021-05-04 17:54:00,40.58846,-73.960434,0,0,Driver Inattention/Distraction,4413308,22.2,11.1,13.2,13.2,0.0,6.0,63,18.9,42.8,74,Rain: Moderate,0,0,
10963,2021-04-11 19:00:00,40.677483,-73.93033,0,0,Driver Inattention/Distraction,4414089,14.2,8.5,25.3,25.3,0.0,15.0,63,25.7,48.2,77,Rain: Moderate,0,0,
10964,2021-05-04 12:00:00,40.635582,-73.99155,0,0,Unspecified,4413503,22.2,11.1,13.2,13.2,0.0,6.0,63,18.9,42.8,74,Rain: Moderate,0,0,
10965,2021-05-04 14:45:00,40.62549,-74.151955,0,0,Driver Inattention/Distraction,4413350,22.2,11.1,13.2,13.2,0.0,6.0,63,18.9,42.8,74,Rain: Moderate,0,0,
10966,2021-05-04 08:00:00,40.57529,-73.97655,0,0,View Obstructed/Limited,4413656,22.2,11.1,13.2,13.2,0.0,6.0,63,18.9,42.8,74,Rain: Moderate,0,0,
10967,2021-05-04 17:43:00,40.60307,-74.01667,0,0,Passing or Lane Usage Improper,4413877,22.2,11.1,13.2,13.2,0.0,6.0,63,18.9,42.8,74,Rain: Moderate,0,0,
10968,2021-05-01 16:50:00,40.690693,-73.95728,1,0,Failure to Yield Right-of-Way,4413956,17.3,5.0,0.0,0.0,0.0,0.0,3,31.7,63.4,302,Overcast,1,1,
10969,2021-05-04 05:55:00,40.847286,-73.861145,0,0,Driver Inattention/Distraction,4413138,22.2,11.1,13.2,13.2,0.0,6.0,63,18.9,42.8,74,Rain: Moderate,0,0,
10970,2021-05-04 18:47:00,40.764904,-73.97446,1,0,Unspecified,4413361,22.2,11.1,13.2,13.2,0.0,6.0,63,18.9,42.8,74,Rain: Moderate,1,1,
10971,2021-05-04 08:40:00,40.62894,-74.116196,0,0,Driver Inattention/Distraction,4413755,22.2,11.1,13.2,13.2,0.0,6.0,63,18.9,42.8,74,Rain: Moderate,0,0,
10972,2021-05-04 19:00:00,40.86455,-73.85776,0,0,Unspecified,4413598,22.2,11.1,13.2,13.2,0.0,6.0,63,18.9,42.8,74,Rain: Moderate,0,0,
10973,2021-05-04 01:05:00,40.69168,-73.999344,1,0,Pavement Slippery,4413161,22.2,11.1,13.2,13.2,0.0,6.0,63,18.9,42.8,74,Rain: Moderate,1,1,
10974,2021-05-04 10:05:00,40.749336,-73.81035,1,0,Traffic Control Disregarded,4413266,22.2,11.1,13.2,13.2,0.0,6.0,63,18.9,42.8,74,Rain: Moderate,1,1,
10975,2021-05-04 22:00:00,40.77215,-73.929,1,0,Traffic Control Disregarded,4413415,22.2,11.1,13.2,13.2,0.0,6.0,63,18.9,42.8,74,Rain: Moderate,1,1,
10976,2021-05-02 23:10:00,40.786366,-73.97598,1,0,Traffic Control Disregarded,4414064,26.3,11.3,0.0,0.0,0.0,0.0,3,23.0,43.9,251,Overcast,1,1,
10977,2021-05-04 05:00:00,40.599503,-73.754074,0,0,Other Vehicular,4413464,22.2,11.1,13.2,13.2,0.0,6.0,63,18.9,42.8,74,Rain: Moderate,0,0,
10978,2021-05-04 12:57:00,40.637894,-73.99838,0,0,Unspecified,4413514,22.2,11.1,13.2,13.2,0.0,6.0,63,18.9,42.8,74,Rain: Moderate,0,0,
10979,2021-05-04 14:40:00,40.80994,-73.85545,0,0,Unspecified,4413542,22.2,11.1,13.2,13.2,0.0,6.0,63,18.9,42.8,74,Rain: Moderate,0,0,
10980,2021-05-04 19:05:00,40.59703,-74.09337,0,0,Failure to Yield Right-of-Way,4413247,22.2,11.1,13.2,13.2,0.0,6.0,63,18.9,42.8,74,Rain: Moderate,0,0,
10981,2021-05-04 02:25:00,40.822212,-73.85092,0,0,Turning Improperly,4413210,22.2,11.1,13.2,13.2,0.0,6.0,63,18.9,42.8,74,Rain: Moderate,0,0,
10982,2021-05-04 09:20:00,40.692776,-73.95769,0,0,Driver Inattention/Distraction,4413941,22.2,11.1,13.2,13.2,0.0,6.0,63,18.9,42.8,74,Rain: Moderate,0,0,
10983,2021-05-04 18:59:00,40.75353,-73.90478,0,0,Unspecified,4413986,22.2,11.1,13.2,13.2,0.0,6.0,63,18.9,42.8,74,Rain: Moderate,0,0,
10984,2021-05-04 16:00:00,40.60386,-74.00979,0,0,Failure to Yield Right-of-Way,4413235,22.2,11.1,13.2,13.2,0.0,6.0,63,18.9,42.8,74,Rain: Moderate,0,0,
10985,2021-05-04 07:15:00,40.7397,-73.99649,0,0,Passing Too Closely,4413212,22.2,11.1,13.2,13.2,0.0,6.0,63,18.9,42.8,74,Rain: Moderate,0,0,
10986,2021-05-04 16:05:00,40.770313,-73.99141,0,0,Unspecified,4413814,22.2,11.1,13.2,13.2,0.0,6.0,63,18.9,42.8,74,Rain: Moderate,0,0,
10987,2021-05-04 19:35:00,40.620483,-74.00008,1,0,Failure to Yield Right-of-Way,4413258,22.2,11.1,13.2,13.2,0.0,6.0,63,18.9,42.8,74,Rain: Moderate,1,1,
10988,2021-05-04 09:38:00,40.721096,-74.00658,0,0,Unspecified,4413180,22.2,11.1,13.2,13.2,0.0,6.0,63,18.9,42.8,74,Rain: Moderate,0,0,
10989,2021-05-04 00:00:00,40.54988,-74.16743,1,0,Driver Inexperience,4413537,22.2,11.1,13.2,13.2,0.0,6.0,63,18.9,42.8,74,Rain: Moderate,1,1,
10990,2021-05-04 05:00:00,40.610416,-74.16015,0,0,Driver Inattention/Distraction,4413341,22.2,11.1,13.2,13.2,0.0,6.0,63,18.9,42.8,74,Rain: Moderate,0,0,
10991,2021-05-04 07:55:00,40.771076,-73.94676,2,0,Following Too Closely,4413370,22.2,11.1,13.2,13.2,0.0,6.0,63,18.9,42.8,74,Rain: Moderate,2,2,
10992,2021-05-03 11:20:00,40.772243,-73.990005,1,0,Passing Too Closely,4414070,15.8,11.4,5.7,5.7,0.0,7.0,61,14.5,47.2,53,Rain: Light,1,1,
10993,2021-05-02 18:53:00,40.74424,-73.77618,0,0,Unsafe Lane Changing,4414111,26.3,11.3,0.0,0.0,0.0,0.0,3,23.0,43.9,251,Overcast,0,0,
10994,2021-05-04 10:30:00,40.691563,-73.86563,0,0,Driver Inattention/Distraction,4413584,22.2,11.1,13.2,13.2,0.0,6.0,63,18.9,42.8,74,Rain: Moderate,0,0,
10995,2021-05-04 09:30:00,40.649113,-73.88516,0,0,Passing or Lane Usage Improper,4413479,22.2,11.1,13.2,13.2,0.0,6.0,63,18.9,42.8,74,Rain: Moderate,0,0,
10996,2021-05-04 11:32:00,40.746536,-73.985954,1,0,Failure to Yield Right-of-Way,4413560,22.2,11.1,13.2,13.2,0.0,6.0,63,18.9,42.8,74,Rain: Moderate,1,1,
10997,2021-05-04 13:00:00,40.702538,-73.99071,0,0,Traffic Control Disregarded,4413197,22.2,11.1,13.2,13.2,0.0,6.0,63,18.9,42.8,74,Rain: Moderate,0,0,
10998,2021-05-04 12:50:00,40.695908,-73.98322,0,0,Aggressive Driving/Road Rage,4413251,22.2,11.1,13.2,13.2,0.0,6.0,63,18.9,42.8,74,Rain: Moderate,0,0,
10999,2021-05-04 17:58:00,40.865925,-73.88594,0,0,Unspecified,4413313,22.2,11.1,13.2,13.2,0.0,6.0,63,18.9,42.8,74,Rain: Moderate,0,0,
11000,2021-12-19 17:35:00,40.715263,-73.976326,1,0,Drugs (illegal),4487855,7.1,-1.8,0.5,0.5,0.0,4.0,51,26.4,47.5,327,Drizzle: Light,1,1,
11001,2021-04-30 16:30:00,40.768322,-73.9551,0,0,Passing Too Closely,4414011,19.9,7.6,0.4,0.4,0.0,4.0,51,36.9,82.1,289,Drizzle: Light,0,0,
11002,2021-05-04 19:06:00,40.679874,-73.89122,1,0,Traffic Control Disregarded,4413463,22.2,11.1,13.2,13.2,0.0,6.0,63,18.9,42.8,74,Rain: Moderate,1,1,
11003,2021-05-04 18:20:00,40.669704,-73.94774,0,0,Driver Inattention/Distraction,4413689,22.2,11.1,13.2,13.2,0.0,6.0,63,18.9,42.8,74,Rain: Moderate,0,0,
11004,2021-04-30 11:37:00,40.72652,-73.95235,0,0,Following Too Closely,4413895,19.9,7.6,0.4,0.4,0.0,4.0,51,36.9,82.1,289,Drizzle: Light,0,0,
11005,2021-05-04 09:04:00,40.714104,-73.95322,0,0,Driver Inattention/Distraction,4413267,22.2,11.1,13.2,13.2,0.0,6.0,63,18.9,42.8,74,Rain: Moderate,0,0,
11006,2021-05-03 13:50:00,40.616055,-73.96063,0,0,Backing Unsafely,4413976,15.8,11.4,5.7,5.7,0.0,7.0,61,14.5,47.2,53,Rain: Light,0,0,
11007,2021-05-04 19:19:00,40.641468,-73.95938,0,0,Unspecified,4413831,22.2,11.1,13.2,13.2,0.0,6.0,63,18.9,42.8,74,Rain: Moderate,0,0,
11008,2021-05-04 01:11:00,40.79333,-73.97964,1,0,Pavement Slippery,4413219,22.2,11.1,13.2,13.2,0.0,6.0,63,18.9,42.8,74,Rain: Moderate,1,1,
11009,2021-05-04 22:10:00,40.831493,-73.85444,5,0,Unspecified,4413525,22.2,11.1,13.2,13.2,0.0,6.0,63,18.9,42.8,74,Rain: Moderate,5,5,
11010,2021-05-04 14:29:00,40.814255,-73.94716,0,0,Unspecified,4413995,22.2,11.1,13.2,13.2,0.0,6.0,63,18.9,42.8,74,Rain: Moderate,0,0,
11011,2021-05-04 01:20:00,40.841026,-73.887245,0,0,Driver Inattention/Distraction,4413635,22.2,11.1,13.2,13.2,0.0,6.0,63,18.9,42.8,74,Rain: Moderate,0,0,
11012,2021-05-04 23:00:00,40.741394,-73.82303,0,0,Unspecified,4413775,22.2,11.1,13.2,13.2,0.0,6.0,63,18.9,42.8,74,Rain: Moderate,0,0,
11013,2021-05-04 09:00:00,40.65616,-73.76736,1,0,Unspecified,4413721,22.2,11.1,13.2,13.2,0.0,6.0,63,18.9,42.8,74,Rain: Moderate,1,1,
11014,2021-05-04 19:00:00,40.75612,-73.86238,0,0,Unspecified,4413362,22.2,11.1,13.2,13.2,0.0,6.0,63,18.9,42.8,74,Rain: Moderate,0,0,
11015,2021-12-19 20:08:00,40.769188,-73.8009,3,0,Passing or Lane Usage Improper,4487846,7.1,-1.8,0.5,0.5,0.0,4.0,51,26.4,47.5,327,Drizzle: Light,3,3,
11016,2021-05-04 15:01:00,40.637997,-74.02136,0,0,Other Vehicular,4413302,22.2,11.1,13.2,13.2,0.0,6.0,63,18.9,42.8,74,Rain: Moderate,0,0,
11017,2021-04-29 10:00:00,40.673912,-73.95546,0,0,Unspecified,4414090,22.5,12.9,3.8,3.8,0.0,9.0,53,25.6,50.8,199,Drizzle: Moderate,0,0,
11018,2021-05-04 20:20:00,40.84121,-73.84484,3,0,Unspecified,4413424,22.2,11.1,13.2,13.2,0.0,6.0,63,18.9,42.8,74,Rain: Moderate,3,3,
11019,2021-05-04 19:35:00,40.74217,-73.804436,1,0,Following Too Closely,4413271,22.2,11.1,13.2,13.2,0.0,6.0,63,18.9,42.8,74,Rain: Moderate,1,1,
11020,2021-05-04 18:42:00,40.86769,-73.92122,0,0,Oversized Vehicle,4413664,22.2,11.1,13.2,13.2,0.0,6.0,63,18.9,42.8,74,Rain: Moderate,0,0,
11021,2021-05-01 14:35:00,40.714542,-74.00758,0,0,Driver Inattention/Distraction,4413913,17.3,5.0,0.0,0.0,0.0,0.0,3,31.7,63.4,302,Overcast,0,0,
11022,2021-05-04 06:16:00,40.583057,-73.973114,1,0,Following Too Closely,4413395,22.2,11.1,13.2,13.2,0.0,6.0,63,18.9,42.8,74,Rain: Moderate,1,1,
11023,2021-05-04 12:05:00,40.588223,-73.97168,1,0,Failure to Yield Right-of-Way,4413396,22.2,11.1,13.2,13.2,0.0,6.0,63,18.9,42.8,74,Rain: Moderate,1,1,
11024,2021-05-04 16:45:00,40.629055,-74.16575,0,0,Unspecified,4413351,22.2,11.1,13.2,13.2,0.0,6.0,63,18.9,42.8,74,Rain: Moderate,0,0,
11025,2021-05-04 22:45:00,40.74925,-73.739685,0,0,Unspecified,4413740,22.2,11.1,13.2,13.2,0.0,6.0,63,18.9,42.8,74,Rain: Moderate,0,0,
11026,2021-04-30 08:15:00,40.692062,-73.95191,0,0,Driver Inattention/Distraction,4413966,19.9,7.6,0.4,0.4,0.0,4.0,51,36.9,82.1,289,Drizzle: Light,0,0,
11027,2021-05-04 13:10:00,40.659775,-73.85356,0,0,Reaction to Uninvolved Vehicle,4413289,22.2,11.1,13.2,13.2,0.0,6.0,63,18.9,42.8,74,Rain: Moderate,0,0,
11028,2021-05-04 08:30:00,40.71747,-73.908516,0,0,Driver Inattention/Distraction,4413609,22.2,11.1,13.2,13.2,0.0,6.0,63,18.9,42.8,74,Rain: Moderate,0,0,
11029,2021-04-26 11:40:00,40.67994,-73.941216,0,0,Failure to Yield Right-of-Way,4413955,13.7,3.7,0.0,0.0,0.0,0.0,2,27.3,52.6,311,Partly cloudy,0,0,
11030,2021-05-03 03:05:00,40.843296,-73.88685,0,0,Unsafe Lane Changing,4413905,15.8,11.4,5.7,5.7,0.0,7.0,61,14.5,47.2,53,Rain: Light,0,0,
11031,2021-05-04 00:10:00,40.702293,-73.79117,0,0,Driver Inattention/Distraction,4413708,22.2,11.1,13.2,13.2,0.0,6.0,63,18.9,42.8,74,Rain: Moderate,0,0,
11032,2021-05-04 05:10:00,40.74594,-73.90006,1,0,Failure to Yield Right-of-Way,4413144,22.2,11.1,13.2,13.2,0.0,6.0,63,18.9,42.8,74,Rain: Moderate,1,1,
11033,2021-05-04 05:53:00,40.608913,-74.15308,2,0,Driver Inattention/Distraction,4413759,22.2,11.1,13.2,13.2,0.0,6.0,63,18.9,42.8,74,Rain: Moderate,2,2,
11034,2021-05-04 21:30:00,40.60747,-74.16022,0,0,Backing Unsafely,4413352,22.2,11.1,13.2,13.2,0.0,6.0,63,18.9,42.8,74,Rain: Moderate,0,0,
11035,2021-05-04 07:50:00,40.63079,-73.94552,0,0,Turning Improperly,4413870,22.2,11.1,13.2,13.2,0.0,6.0,63,18.9,42.8,74,Rain: Moderate,0,0,
11036,2021-05-04 19:08:00,40.667114,-73.834656,1,0,Following Too Closely,4413305,22.2,11.1,13.2,13.2,0.0,6.0,63,18.9,42.8,74,Rain: Moderate,1,1,
11037,2021-05-04 11:16:00,40.725918,-73.89535,1,0,Failure to Yield Right-of-Way,4413597,22.2,11.1,13.2,13.2,0.0,6.0,63,18.9,42.8,74,Rain: Moderate,1,1,
11038,2021-04-30 17:00:00,40.836437,-73.91842,0,0,Unsafe Speed,4414166,19.9,7.6,0.4,0.4,0.0,4.0,51,36.9,82.1,289,Drizzle: Light,0,0,
11039,2021-05-04 22:00:00,40.828075,-73.88543,1,0,View Obstructed/Limited,4413326,22.2,11.1,13.2,13.2,0.0,6.0,63,18.9,42.8,74,Rain: Moderate,1,1,
11040,2021-04-30 20:50:00,40.69488,-73.94042,0,0,Driver Inattention/Distraction,4414046,19.9,7.6,0.4,0.4,0.0,4.0,51,36.9,82.1,289,Drizzle: Light,0,0,
11041,2021-05-02 16:45:00,40.69822,-73.943954,0,0,Following Too Closely,4413942,26.3,11.3,0.0,0.0,0.0,0.0,3,23.0,43.9,251,Overcast,0,0,
11042,2021-05-04 19:39:00,40.68114,-73.7812,0,0,Aggressive Driving/Road Rage,4413830,22.2,11.1,13.2,13.2,0.0,6.0,63,18.9,42.8,74,Rain: Moderate,0,0,
11043,2021-05-03 22:00:00,40.675354,-73.952774,0,0,Unspecified,4414086,15.8,11.4,5.7,5.7,0.0,7.0,61,14.5,47.2,53,Rain: Light,0,0,
11044,2021-05-04 19:43:00,40.711845,-73.859764,0,0,Following Too Closely,4413237,22.2,11.1,13.2,13.2,0.0,6.0,63,18.9,42.8,74,Rain: Moderate,0,0,
11045,2021-05-04 21:21:00,40.676746,-73.89713,0,0,Unspecified,4413483,22.2,11.1,13.2,13.2,0.0,6.0,63,18.9,42.8,74,Rain: Moderate,0,0,
11046,2021-04-23 11:15:00,40.724693,-73.7541,0,0,Backing Unsafely,4413926,15.5,2.0,0.0,0.0,0.0,0.0,3,28.7,57.2,273,Overcast,0,0,
11047,2021-05-04 13:45:00,40.640583,-73.91515,0,0,Other Vehicular,4413285,22.2,11.1,13.2,13.2,0.0,6.0,63,18.9,42.8,74,Rain: Moderate,0,0,
11048,2021-05-04 17:30:00,40.641182,-73.9712,0,0,Unsafe Lane Changing,4413575,22.2,11.1,13.2,13.2,0.0,6.0,63,18.9,42.8,74,Rain: Moderate,0,0,
11049,2021-05-02 13:15:00,40.618732,-74.17606,0,0,Unsafe Speed,4413876,26.3,11.3,0.0,0.0,0.0,0.0,3,23.0,43.9,251,Overcast,0,0,
11050,2021-05-04 00:00:00,40.651512,-73.93521,0,0,Unspecified,4413200,22.2,11.1,13.2,13.2,0.0,6.0,63,18.9,42.8,74,Rain: Moderate,0,0,
11051,2021-05-04 18:14:00,40.583534,-73.984184,1,0,Brakes Defective,4413401,22.2,11.1,13.2,13.2,0.0,6.0,63,18.9,42.8,74,Rain: Moderate,1,1,
11052,2021-05-04 10:30:00,40.65886,-73.866,0,0,Driver Inattention/Distraction,4413492,22.2,11.1,13.2,13.2,0.0,6.0,63,18.9,42.8,74,Rain: Moderate,0,0,
11053,2021-05-04 16:00:00,40.79465,-73.971794,0,0,Driver Inattention/Distraction,4413229,22.2,11.1,13.2,13.2,0.0,6.0,63,18.9,42.8,74,Rain: Moderate,0,0,
11054,2021-05-04 22:30:00,40.743916,-73.92519,0,0,Driver Inattention/Distraction,4413699,22.2,11.1,13.2,13.2,0.0,6.0,63,18.9,42.8,74,Rain: Moderate,0,0,