,CRASH DATETIME,LATITUDE,LONGITUDE,NUMBER OF PERSONS INJURED,NUMBER OF PERSONS KILLED,CONTRIBUTING FACTOR VEHICLE 1,COLLISION_ID,temperature_2m_max,temperature_2m_min,precipitation_sum,rain_sum,snowfall_sum,precipitation_hours,weather_code,wind_speed_10m_max,wind_gusts_10m_max,wind_direction_10m_dominant,Weather Description,Severity_Score,Total_Affected_Persons,Weather_Category
11055,2021-05-04 09:15:00,40.71042,-73.85964,1,0,Driver Inattention/Distraction,4413772,22.2,11.1,13.2,13.2,0.0,6.0,63,18.9,42.8,74,Rain: Moderate,1,1,
11056,2021-05-04 11:10:00,40.84797,-73.85836,0,0,Unspecified,4413590,22.2,11.1,13.2,13.2,0.0,6.0,63,18.9,42.8,74,Rain: Moderate,0,0,
11057,2021-05-03 20:50:00,40.833286,-73.914085,0,0,Lost Consciousness,4414154,15.8,11.4,5.7,5.7,0.0,7.0,61,14.5,47.2,53,Rain: Light,0,0,
11058,2021-05-04 17:00:00,40.654003,-73.979935,1,0,Unspecified,4413276,22.2,11.1,13.2,13.2,0.0,6.0,63,18.9,42.8,74,Rain: Moderate,1,1,
11059,2021-05-04 22:55:00,40.81084,-73.92764,0,0,Driver Inattention/Distraction,4413320,22.2,11.1,13.2,13.2,0.0,6.0,63,18.9,42.8,74,Rain: Moderate,0,0,
11060,2021-05-03 13:40:00,40.68603,-73.93268,2,0,Traffic Control Disregarded,4414034,15.8,11.4,5.7,5.7,0.0,7.0,61,14.5,47.2,53,Rain: Light,2,2,
11061,2021-05-02 13:40:00,40.825745,-73.94886,1,0,Driver Inattention/Distraction,4414006,26.3,11.3,0.0,0.0,0.0,0.0,3,23.0,43.9,251,Overcast,1,1,
11062,2021-05-04 19:35:00,40.825912,-73.857124,0,0,Unspecified,4413672,22.2,11.1,13.2,13.2,0.0,6.0,63,18.9,42.8,74,Rain: Moderate,0,0,
11063,2021-12-19 18:52:00,40.68039,-73.94956,0,0,Aggressive Driving/Road Rage,4488246,7.1,-1.8,0.5,0.5,0.0,4.0,51,26.4,47.5,327,Drizzle: Light,0,0,
11064,2021-05-04 16:05:00,40.650764,-73.88481,1,0,Unspecified,4413478,22.2,11.1,13.2,13.2,0.0,6.0,63,18.9,42.8,74,Rain: Moderate,1,1,
11065,2021-05-04 07:20:00,40.717678,-74.00578,0,0,Driver Inattention/Distraction,4413154,22.2,11.1,13.2,13.2,0.0,6.0,63,18.9,42.8,74,Rain: Moderate,0,0,
11066,2021-05-04 23:15:00,40.6957,-73.81477,2,0,Alcohol Involvement,4413556,22.2,11.1,13.2,13.2,0.0,6.0,63,18.9,42.8,74,Rain: Moderate,2,2,
11067,2021-05-04 19:16:00,40.593525,-73.99628,0,0,Driver Inattention/Distraction,4413259,22.2,11.1,13.2,13.2,0.0,6.0,63,18.9,42.8,74,Rain: Moderate,0,0,
11068,2021-04-23 15:00:00,40.73573,-73.89324,0,0,Driver Inattention/Distraction,4414102,15.5,2.0,0.0,0.0,0.0,0.0,3,28.7,57.2,273,Overcast,0,0,
11069,2021-05-04 15:59:00,40.739384,-74.00968,0,0,Unspecified,4413502,22.2,11.1,13.2,13.2,0.0,6.0,63,18.9,42.8,74,Rain: Moderate,0,0,
11070,2021-05-04 11:37:00,40.602535,-73.99321,0,0,Passing or Lane Usage Improper,4413412,22.2,11.1,13.2,13.2,0.0,6.0,63,18.9,42.8,74,Rain: Moderate,0,0,
11071,2021-05-04 14:00:00,40.791084,-73.953445,0,0,Passing or Lane Usage Improper,4413812,22.2,11.1,13.2,13.2,0.0,6.0,63,18.9,42.8,74,Rain: Moderate,0,0,
11072,2021-05-04 15:25:00,40.768803,-73.95837,1,0,Failure to Yield Right-of-Way,4413368,22.2,11.1,13.2,13.2,0.0,6.0,63,18.9,42.8,74,Rain: Moderate,1,1,
11073,2021-05-04 14:00:00,40.69132,-73.83142,0,0,Backing Unsafely,4413677,22.2,11.1,13.2,13.2,0.0,6.0,63,18.9,42.8,74,Rain: Moderate,0,0,
11074,2021-05-03 14:32:00,40.58107,-74.00174,0,0,Other Vehicular,4414059,15.8,11.4,5.7,5.7,0.0,7.0,61,14.5,47.2,53,Rain: Light,0,0,
11075,2021-05-04 10:15:00,40.722576,-73.94049,0,0,Passing or Lane Usage Improper,4413293,22.2,11.1,13.2,13.2,0.0,6.0,63,18.9,42.8,74,Rain: Moderate,0,0,
11076,2021-05-04 19:40:00,40.66003,-73.92179,3,0,Driver Inattention/Distraction,4413577,22.2,11.1,13.2,13.2,0.0,6.0,63,18.9,42.8,74,Rain: Moderate,3,3,
11077,2021-05-04 06:40:00,40.8623,-73.92943,0,0,Unspecified,4413638,22.2,11.1,13.2,13.2,0.0,6.0,63,18.9,42.8,74,Rain: Moderate,0,0,
11078,2021-05-04 18:40:00,40.811398,-73.90777,0,0,Unspecified,4413319,22.2,11.1,13.2,13.2,0.0,6.0,63,18.9,42.8,74,Rain: Moderate,0,0,
11079,2021-05-04 16:25:00,40.7968,-73.929375,3,0,Following Too Closely,4413512,22.2,11.1,13.2,13.2,0.0,6.0,63,18.9,42.8,74,Rain: Moderate,3,3,
11080,2021-05-04 08:50:00,40.770306,-73.91901,0,0,Following Too Closely,4413391,22.2,11.1,13.2,13.2,0.0,6.0,63,18.9,42.8,74,Rain: Moderate,0,0,
11081,2021-05-04 19:40:00,40.56786,-74.11241,0,0,Driver Inattention/Distraction,4413242,22.2,11.1,13.2,13.2,0.0,6.0,63,18.9,42.8,74,Rain: Moderate,0,0,
11082,2021-05-04 23:00:00,40.76496,-73.90532,1,0,,4413398,22.2,11.1,13.2,13.2,0.0,6.0,63,18.9,42.8,74,Rain: Moderate,1,1,
11083,2021-05-04 04:30:00,40.58425,-73.9638,1,0,Unspecified,4413288,22.2,11.1,13.2,13.2,0.0,6.0,63,18.9,42.8,74,Rain: Moderate,1,1,
11084,2021-05-01 11:14:00,40.78178,-73.98508,1,0,Driver Inattention/Distraction,4414067,17.3,5.0,0.0,0.0,0.0,0.0,3,31.7,63.4,302,Overcast,1,1,
11085,2021-05-04 12:40:00,40.73005,-73.86208,0,0,Driver Inattention/Distraction,4413719,22.2,11.1,13.2,13.2,0.0,6.0,63,18.9,42.8,74,Rain: Moderate,0,0,
11086,2022-02-03 18:51:00,40.763428,-73.99271,1,0,Pedestrian/Bicyclist/Other Pedestrian Error/Confusion,4504654,9.2,2.3,13.1,13.1,0.0,17.0,61,14.9,23.8,194,Rain: Light,1,1,
11087,2021-05-04 20:55:00,40.73626,-73.74221,1,0,Unspecified,4413742,22.2,11.1,13.2,13.2,0.0,6.0,63,18.9,42.8,74,Rain: Moderate,1,1,
11088,2021-05-04 03:30:00,40.86157,-73.913185,0,0,Unsafe Speed,4413112,22.2,11.1,13.2,13.2,0.0,6.0,63,18.9,42.8,74,Rain: Moderate,0,0,
11089,2021-05-04 17:10:00,40.59337,-73.75318,0,0,Other Vehicular,4413855,22.2,11.1,13.2,13.2,0.0,6.0,63,18.9,42.8,74,Rain: Moderate,0,0,
11090,2021-04-30 19:37:00,40.726788,-73.94768,0,0,Passing Too Closely,4414124,19.9,7.6,0.4,0.4,0.0,4.0,51,36.9,82.1,289,Drizzle: Light,0,0,
11091,2021-05-04 20:00:00,40.696175,-73.942345,0,0,Backing Unsafely,4413963,22.2,11.1,13.2,13.2,0.0,6.0,63,18.9,42.8,74,Rain: Moderate,0,0,
11092,2021-05-03 05:00:00,40.840668,-73.853584,0,0,Unspecified,4413927,15.8,11.4,5.7,5.7,0.0,7.0,61,14.5,47.2,53,Rain: Light,0,0,
11093,2021-05-04 19:45:00,40.695583,-73.92078,0,0,Traffic Control Disregarded,4413494,22.2,11.1,13.2,13.2,0.0,6.0,63,18.9,42.8,74,Rain: Moderate,0,0,
11094,2021-05-04 14:35:00,40.717392,-73.97515,1,0,Following Too Closely,4413227,22.2,11.1,13.2,13.2,0.0,6.0,63,18.9,42.8,74,Rain: Moderate,1,1,
11095,2021-05-04 14:50:00,40.744347,-73.92891,0,0,Unspecified,4413232,22.2,11.1,13.2,13.2,0.0,6.0,63,18.9,42.8,74,Rain: Moderate,0,0,
11096,2021-05-04 11:30:00,40.687504,-73.91465,1,0,Driver Inattention/Distraction,4413430,22.2,11.1,13.2,13.2,0.0,6.0,63,18.9,42.8,74,Rain: Moderate,1,1,
11097,2021-05-04 14:14:00,40.843006,-73.91714,0,0,Driver Inattention/Distraction,4413848,22.2,11.1,13.2,13.2,0.0,6.0,63,18.9,42.8,74,Rain: Moderate,0,0,
11098,2021-05-04 17:30:00,40.674458,-73.98189,0,0,Backing Unsafely,4413250,22.2,11.1,13.2,13.2,0.0,6.0,63,18.9,42.8,74,Rain: Moderate,0,0,
11099,2021-05-04 21:25:00,40.664856,-73.88023,3,0,Failure to Yield Right-of-Way,4413484,22.2,11.1,13.2,13.2,0.0,6.0,63,18.9,42.8,74,Rain: Moderate,3,3,
11100,2021-05-04 08:40:00,40.61327,-73.95623,0,0,Driver Inattention/Distraction,4413880,22.2,11.1,13.2,13.2,0.0,6.0,63,18.9,42.8,74,Rain: Moderate,0,0,
11101,2021-05-04 08:00:00,40.759396,-73.79941,0,0,Backing Unsafely,4413275,22.2,11.1,13.2,13.2,0.0,6.0,63,18.9,42.8,74,Rain: Moderate,0,0,
11102,2021-05-04 23:38:00,40.83045,-73.8509,2,0,Unspecified,4413526,22.2,11.1,13.2,13.2,0.0,6.0,63,18.9,42.8,74,Rain: Moderate,2,2,
11103,2021-05-03 17:25:00,40.83885,-73.860916,1,0,Driver Inattention/Distraction,4413925,15.8,11.4,5.7,5.7,0.0,7.0,61,14.5,47.2,53,Rain: Light,1,1,
11104,2021-05-04 08:09:00,40.64417,-73.92506,2,0,Driver Inexperience,4413188,22.2,11.1,13.2,13.2,0.0,6.0,63,18.9,42.8,74,Rain: Moderate,2,2,
11105,2021-05-04 21:55:00,40.606655,-73.762886,1,0,Following Too Closely,4413432,22.2,11.1,13.2,13.2,0.0,6.0,63,18.9,42.8,74,Rain: Moderate,1,1,
11106,2021-05-04 17:45:00,40.82403,-73.94476,1,0,Driver Inattention/Distraction,4413516,22.2,11.1,13.2,13.2,0.0,6.0,63,18.9,42.8,74,Rain: Moderate,1,1,
11107,2021-05-04 09:29:00,40.78587,-73.95305,1,0,Unsafe Lane Changing,4413573,22.2,11.1,13.2,13.2,0.0,6.0,63,18.9,42.8,74,Rain: Moderate,1,1,
11108,2021-05-04 03:35:00,40.740467,-73.97295,2,0,Outside Car Distraction,4413204,22.2,11.1,13.2,13.2,0.0,6.0,63,18.9,42.8,74,Rain: Moderate,2,2,
11109,2021-05-04 08:32:00,40.67517,-73.98471,1,0,Driver Inattention/Distraction,4413249,22.2,11.1,13.2,13.2,0.0,6.0,63,18.9,42.8,74,Rain: Moderate,1,1,
11110,2021-05-04 15:50:00,40.75819,-73.82318,0,0,Failure to Yield Right-of-Way,4413269,22.2,11.1,13.2,13.2,0.0,6.0,63,18.9,42.8,74,Rain: Moderate,0,0,
11111,2021-05-04 16:08:00,40.75744,-73.978,1,0,Other Vehicular,4413357,22.2,11.1,13.2,13.2,0.0,6.0,63,18.9,42.8,74,Rain: Moderate,1,1,
11112,2021-04-02 13:30:00,40.697678,-73.916374,0,0,Unsafe Speed,4413884,3.5,-3.6,0.0,0.0,0.0,0.0,3,25.9,51.1,324,Overcast,0,0,
11113,2021-05-04 22:00:00,40.697536,-73.87106,2,0,Following Too Closely,4413606,22.2,11.1,13.2,13.2,0.0,6.0,63,18.9,42.8,74,Rain: Moderate,2,2,
11114,2021-05-04 18:27:00,40.67819,-73.80144,0,0,Driver Inexperience,4413828,22.2,11.1,13.2,13.2,0.0,6.0,63,18.9,42.8,74,Rain: Moderate,0,0,
11115,2021-05-04 14:08:00,40.87626,-73.90395,0,0,Unspecified,4413217,22.2,11.1,13.2,13.2,0.0,6.0,63,18.9,42.8,74,Rain: Moderate,0,0,
11116,2021-05-04 22:50:00,40.644917,-73.894325,2,0,Unspecified,4413286,22.2,11.1,13.2,13.2,0.0,6.0,63,18.9,42.8,74,Rain: Moderate,2,2,
11117,2021-05-04 06:19:00,40.633015,-74.01592,0,0,Other Vehicular,4413178,22.2,11.1,13.2,13.2,0.0,6.0,63,18.9,42.8,74,Rain: Moderate,0,0,
11118,2021-05-04 08:21:00,40.74206,-73.82453,1,0,Following Too Closely,4413262,22.2,11.1,13.2,13.2,0.0,6.0,63,18.9,42.8,74,Rain: Moderate,1,1,
11119,2021-05-03 15:55:00,40.65067,-73.952286,0,0,Unspecified,4413968,15.8,11.4,5.7,5.7,0.0,7.0,61,14.5,47.2,53,Rain: Light,0,0,
11120,2021-05-04 14:34:00,40.831383,-73.906845,0,0,Driver Inattention/Distraction,4413419,22.2,11.1,13.2,13.2,0.0,6.0,63,18.9,42.8,74,Rain: Moderate,0,0,
11121,2021-05-04 19:45:00,40.769318,-73.8666,3,0,Following Too Closely,4414048,22.2,11.1,13.2,13.2,0.0,6.0,63,18.9,42.8,74,Rain: Moderate,3,3,
11122,2021-05-04 23:45:00,40.743244,-73.73154,0,0,Unspecified,4413715,22.2,11.1,13.2,13.2,0.0,6.0,63,18.9,42.8,74,Rain: Moderate,0,0,
11123,2021-05-04 15:05:00,40.854424,-73.86435,0,0,Driver Inattention/Distraction,4413529,22.2,11.1,13.2,13.2,0.0,6.0,63,18.9,42.8,74,Rain: Moderate,0,0,
11124,2021-04-09 17:18:00,40.672394,-73.96566,0,0,Driver Inattention/Distraction,4414087,13.4,5.7,0.0,0.0,0.0,0.0,3,15.7,33.8,146,Overcast,0,0,
11125,2021-05-04 07:05:00,40.60547,-73.95258,0,0,Alcohol Involvement,4413306,22.2,11.1,13.2,13.2,0.0,6.0,63,18.9,42.8,74,Rain: Moderate,0,0,
11126,2021-05-04 15:30:00,40.669094,-73.89711,0,0,Aggressive Driving/Road Rage,4413481,22.2,11.1,13.2,13.2,0.0,6.0,63,18.9,42.8,74,Rain: Moderate,0,0,
11127,2021-05-04 16:14:00,40.684204,-73.85858,1,0,Passing or Lane Usage Improper,4413551,22.2,11.1,13.2,13.2,0.0,6.0,63,18.9,42.8,74,Rain: Moderate,1,1,
11128,2021-05-04 12:44:00,40.637444,-73.9727,0,0,Unspecified,4413510,22.2,11.1,13.2,13.2,0.0,6.0,63,18.9,42.8,74,Rain: Moderate,0,0,
11129,2021-05-04 17:40:00,40.794212,-73.97282,0,0,Passing Too Closely,4413347,22.2,11.1,13.2,13.2,0.0,6.0,63,18.9,42.8,74,Rain: Moderate,0,0,
11130,2021-05-04 01:05:00,40.683094,-73.80596,0,0,Reaction to Uninvolved Vehicle,4413875,22.2,11.1,13.2,13.2,0.0,6.0,63,18.9,42.8,74,Rain: Moderate,0,0,
11131,2021-05-04 10:35:00,40.712284,-73.78536,2,0,Following Too Closely,4413299,22.2,11.1,13.2,13.2,0.0,6.0,63,18.9,42.8,74,Rain: Moderate,2,2,
11132,2021-05-04 19:00:00,40.557434,-74.17127,0,0,Turning Improperly,4413701,22.2,11.1,13.2,13.2,0.0,6.0,63,18.9,42.8,74,Rain: Moderate,0,0,
11133,2021-05-02 20:10:00,40.83511,-73.91945,1,0,Pedestrian/Bicyclist/Other Pedestrian Error/Confusion,4414156,26.3,11.3,0.0,0.0,0.0,0.0,3,23.0,43.9,251,Overcast,1,1,
11134,2021-05-04 07:00:00,40.72065,-73.94085,0,0,Driver Inattention/Distraction,4413291,22.2,11.1,13.2,13.2,0.0,6.0,63,18.9,42.8,74,Rain: Moderate,0,0,
11135,2021-05-04 03:35:00,40.689648,-73.9184,1,0,Failure to Yield Right-of-Way,4413147,22.2,11.1,13.2,13.2,0.0,6.0,63,18.9,42.8,74,Rain: Moderate,1,1,
11136,2021-05-04 05:55:00,40.632236,-74.120445,0,0,Fell Asleep,4413751,22.2,11.1,13.2,13.2,0.0,6.0,63,18.9,42.8,74,Rain: Moderate,0,0,
11137,2021-05-04 16:47:00,40.71187,-73.87265,1,0,Backing Unsafely,4413979,22.2,11.1,13.2,13.2,0.0,6.0,63,18.9,42.8,74,Rain: Moderate,1,1,
11138,2021-05-04 16:15:00,40.680115,-73.75324,0,0,Other Vehicular,4413240,22.2,11.1,13.2,13.2,0.0,6.0,63,18.9,42.8,74,Rain: Moderate,0,0,
11139,2021-05-04 17:55:00,40.86235,-73.894066,1,0,Failure to Yield Right-of-Way,4413321,22.2,11.1,13.2,13.2,0.0,6.0,63,18.9,42.8,74,Rain: Moderate,1,1,
11140,2021-05-04 18:12:00,40.69954,-73.95216,0,0,Unsafe Speed,4413943,22.2,11.1,13.2,13.2,0.0,6.0,63,18.9,42.8,74,Rain: Moderate,0,0,
11141,2021-04-26 11:15:00,40.7314,-73.926094,0,0,Driver Inattention/Distraction,4413871,13.7,3.7,0.0,0.0,0.0,0.0,2,27.3,52.6,311,Partly cloudy,0,0,
11142,2021-05-04 19:00:00,40.640083,-73.93304,0,0,Unspecified,4413621,22.2,11.1,13.2,13.2,0.0,6.0,63,18.9,42.8,74,Rain: Moderate,0,0,
11143,2021-05-04 22:20:00,40.610126,-73.97529,1,0,,4413327,22.2,11.1,13.2,13.2,0.0,6.0,63,18.9,42.8,74,Rain: Moderate,1,1,
11144,2021-04-29 12:17:00,40.75871,-73.96386,0,0,Unspecified,4414002,22.5,12.9,3.8,3.8,0.0,9.0,53,25.6,50.8,199,Drizzle: Moderate,0,0,
11145,2021-05-04 23:00:00,40.748463,-73.98673,0,0,Other Vehicular,4413408,22.2,11.1,13.2,13.2,0.0,6.0,63,18.9,42.8,74,Rain: Moderate,0,0,
11146,2021-05-04 13:40:00,40.75461,-73.78159,0,0,Backing Unsafely,4413734,22.2,11.1,13.2,13.2,0.0,6.0,63,18.9,42.8,74,Rain: Moderate,0,0,
11147,2021-05-04 09:56:00,40.67385,-73.90024,0,0,Unspecified,4413477,22.2,11.1,13.2,13.2,0.0,6.0,63,18.9,42.8,74,Rain: Moderate,0,0,
11148,2021-05-04 06:39:00,40.839993,-73.86998,0,0,Driver Inattention/Distraction,4413592,22.2,11.1,13.2,13.2,0.0,6.0,63,18.9,42.8,74,Rain: Moderate,0,0,
11149,2021-05-04 08:15:00,40.703854,-73.95128,0,0,Driver Inattention/Distraction,4413337,22.2,11.1,13.2,13.2,0.0,6.0,63,18.9,42.8,74,Rain: Moderate,0,0,
11150,2021-04-28 16:00:00,40.70871,-73.77905,0,0,Unsafe Lane Changing,4414035,26.1,7.9,0.0,0.0,0.0,0.0,3,15.3,34.6,133,Overcast,0,0,
11151,2021-05-04 06:30:00,40.58153,-73.96195,0,0,Unspecified,4413393,22.2,11.1,13.2,13.2,0.0,6.0,63,18.9,42.8,74,Rain: Moderate,0,0,
11152,2021-04-28 14:50:00,40.61439,-74.15767,0,0,Driver Inattention/Distraction,4413879,26.1,7.9,0.0,0.0,0.0,0.0,3,15.3,34.6,133,Overcast,0,0,
11153,2021-05-04 07:45:00,40.847908,-73.90357,0,0,Passing Too Closely,4413671,22.2,11.1,13.2,13.2,0.0,6.0,63,18.9,42.8,74,Rain: Moderate,0,0,
11154,2021-05-04 12:55:00,40.678722,-73.952995,1,0,Failure to Yield Right-of-Way,4413954,22.2,11.1,13.2,13.2,0.0,6.0,63,18.9,42.8,74,Rain: Moderate,1,1,
11155,2021-05-04 12:25:00,40.587265,-73.983475,2,0,Following Too Closely,4413399,22.2,11.1,13.2,13.2,0.0,6.0,63,18.9,42.8,74,Rain: Moderate,2,2,
11156,2021-04-23 23:15:00,40.726543,-73.89541,0,0,Backing Unsafely,4413929,15.5,2.0,0.0,0.0,0.0,0.0,3,28.7,57.2,273,Overcast,0,0,
11157,2021-05-04 14:30:00,40.757145,-73.99357,0,0,Passing Too Closely,4413679,22.2,11.1,13.2,13.2,0.0,6.0,63,18.9,42.8,74,Rain: Moderate,0,0,
11158,2021-05-04 01:28:00,40.655895,-73.90435,0,0,Unspecified,4413113,22.2,11.1,13.2,13.2,0.0,6.0,63,18.9,42.8,74,Rain: Moderate,0,0,
11159,2021-04-30 12:30:00,40.669216,-73.97964,0,0,Backing Unsafely,4413864,19.9,7.6,0.4,0.4,0.0,4.0,51,36.9,82.1,289,Drizzle: Light,0,0,
11160,2021-05-04 09:17:00,40.756687,-73.785545,0,0,Driver Inattention/Distraction,4413737,22.2,11.1,13.2,13.2,0.0,6.0,63,18.9,42.8,74,Rain: Moderate,0,0,
11161,2021-05-04 08:00:00,40.721935,-73.817055,0,0,Brakes Defective,4413298,22.2,11.1,13.2,13.2,0.0,6.0,63,18.9,42.8,74,Rain: Moderate,0,0,
11162,2021-05-04 13:10:00,40.85406,-73.91936,1,0,Passing or Lane Usage Improper,4413495,22.2,11.1,13.2,13.2,0.0,6.0,63,18.9,42.8,74,Rain: Moderate,1,1,
11163,2021-05-04 18:15:00,40.72229,-73.86732,1,0,Traffic Control Disregarded,4413233,22.2,11.1,13.2,13.2,0.0,6.0,63,18.9,42.8,74,Rain: Moderate,1,1,
11164,2021-05-04 23:50:00,40.67809,-73.8842,0,0,Reaction to Uninvolved Vehicle,4413485,22.2,11.1,13.2,13.2,0.0,6.0,63,18.9,42.8,74,Rain: Moderate,0,0,
11165,2021-05-04 00:00:00,40.712795,-73.98826,0,0,Pedestrian/Bicyclist/Other Pedestrian Error/Confusion,4413811,22.2,11.1,13.2,13.2,0.0,6.0,63,18.9,42.8,74,Rain: Moderate,0,0,
11166,2021-05-04 15:22:00,40.893284,-73.84193,0,0,Unspecified,4413630,22.2,11.1,13.2,13.2,0.0,6.0,63,18.9,42.8,74,Rain: Moderate,0,0,
11167,2021-05-04 01:00:00,40.633957,-74.13328,0,0,Passing Too Closely,4413345,22.2,11.1,13.2,13.2,0.0,6.0,63,18.9,42.8,74,Rain: Moderate,0,0,
11168,2021-12-19 19:42:00,40.686646,-73.849075,0,0,Failure to Yield Right-of-Way,4487901,7.1,-1.8,0.5,0.5,0.0,4.0,51,26.4,47.5,327,Drizzle: Light,0,0,
11169,2021-05-04 16:10:00,40.753326,-73.8718,1,0,Passing or Lane Usage Improper,4413367,22.2,11.1,13.2,13.2,0.0,6.0,63,18.9,42.8,74,Rain: Moderate,1,1,
11170,2021-04-07 17:00:00,40.677574,-73.95548,0,0,Driver Inattention/Distraction,4414101,19.7,6.7,0.5,0.5,0.0,2.0,51,15.5,34.6,14,Drizzle: Light,0,0,
11171,2021-05-04 19:50:00,40.654327,-73.9221,0,0,Unspecified,4413578,22.2,11.1,13.2,13.2,0.0,6.0,63,18.9,42.8,74,Rain: Moderate,0,0,
11172,2021-05-04 17:00:00,40.822525,-73.90046,0,0,Unspecified,4413420,22.2,11.1,13.2,13.2,0.0,6.0,63,18.9,42.8,74,Rain: Moderate,0,0,
11173,2021-05-04 16:10:00,40.68305,-73.98107,0,0,Driver Inattention/Distraction,4413253,22.2,11.1,13.2,13.2,0.0,6.0,63,18.9,42.8,74,Rain: Moderate,0,0,
11174,2021-05-04 12:00:00,40.75539,-73.828285,0,0,Passing Too Closely,4413274,22.2,11.1,13.2,13.2,0.0,6.0,63,18.9,42.8,74,Rain: Moderate,0,0,
11175,2021-05-03 16:30:00,40.666077,-73.995224,0,0,Following Too Closely,4413918,15.8,11.4,5.7,5.7,0.0,7.0,61,14.5,47.2,53,Rain: Light,0,0,
11176,2021-05-04 11:08:00,40.73664,-73.86584,0,0,Driver Inattention/Distraction,4413189,22.2,11.1,13.2,13.2,0.0,6.0,63,18.9,42.8,74,Rain: Moderate,0,0,
11177,2021-05-03 22:30:00,40.821415,-73.88933,4,0,Unsafe Speed,4413885,15.8,11.4,5.7,5.7,0.0,7.0,61,14.5,47.2,53,Rain: Light,4,4,
11178,2021-05-04 20:00:00,40.7491,-73.984085,0,0,Driver Inattention/Distraction,4413444,22.2,11.1,13.2,13.2,0.0,6.0,63,18.9,42.8,74,Rain: Moderate,0,0,
11179,2021-04-27 14:04:00,40.615437,-73.96117,1,0,Unspecified,4414020,14.8,4.2,0.0,0.0,0.0,0.0,3,15.3,34.2,164,Overcast,1,1,
11180,2021-05-04 23:00:00,40.85315,-73.90561,1,0,Pavement Slippery,4413847,22.2,11.1,13.2,13.2,0.0,6.0,63,18.9,42.8,74,Rain: Moderate,1,1,
11181,2021-05-04 14:08:00,40.75847,-73.87818,0,0,Unspecified,4413962,22.2,11.1,13.2,13.2,0.0,6.0,63,18.9,42.8,74,Rain: Moderate,0,0,
11182,2021-05-04 23:16:00,40.72696,-73.841385,0,0,Traffic Control Disregarded,4413280,22.2,11.1,13.2,13.2,0.0,6.0,63,18.9,42.8,74,Rain: Moderate,0,0,
11183,2021-05-04 13:23:00,40.847378,-73.86827,0,0,Driver Inattention/Distraction,4413594,22.2,11.1,13.2,13.2,0.0,6.0,63,18.9,42.8,74,Rain: Moderate,0,0,
11184,2021-05-04 15:12:00,40.833588,-73.8615,0,0,Unspecified,4413522,22.2,11.1,13.2,13.2,0.0,6.0,63,18.9,42.8,74,Rain: Moderate,0,0,
11185,2021-05-04 13:30:00,40.832012,-73.85621,0,0,Driver Inattention/Distraction,4413533,22.2,11.1,13.2,13.2,0.0,6.0,63,18.9,42.8,74,Rain: Moderate,0,0,
11186,2021-04-13 12:00:00,40.70161,-73.79161,0,0,Passing Too Closely,4414037,18.3,5.8,4.5,4.5,0.0,5.0,61,14.5,28.1,17,Rain: Light,0,0,
11187,2021-05-04 10:00:00,40.735657,-73.9096,0,0,Driver Inexperience,4413183,22.2,11.1,13.2,13.2,0.0,6.0,63,18.9,42.8,74,Rain: Moderate,0,0,
11188,2021-05-04 01:03:00,40.749897,-73.93782,1,0,Unspecified,4413389,22.2,11.1,13.2,13.2,0.0,6.0,63,18.9,42.8,74,Rain: Moderate,1,1,
11189,2021-05-04 14:40:00,40.66021,-73.768906,0,0,Driver Inattention/Distraction,4414057,22.2,11.1,13.2,13.2,0.0,6.0,63,18.9,42.8,74,Rain: Moderate,0,0,
11190,2021-05-02 15:40:00,40.72393,-73.95029,0,0,Passing Too Closely,4414123,26.3,11.3,0.0,0.0,0.0,0.0,3,23.0,43.9,251,Overcast,0,0,
11191,2021-05-04 08:28:00,40.62186,-74.00686,0,0,Backing Unsafely,4413223,22.2,11.1,13.2,13.2,0.0,6.0,63,18.9,42.8,74,Rain: Moderate,0,0,
11192,2021-04-29 10:43:00,40.575695,-73.99327,0,0,Outside Car Distraction,4414053,22.5,12.9,3.8,3.8,0.0,9.0,53,25.6,50.8,199,Drizzle: Moderate,0,0,
11193,2021-05-04 10:00:00,40.682484,-73.89029,0,0,Unspecified,4413476,22.2,11.1,13.2,13.2,0.0,6.0,63,18.9,42.8,74,Rain: Moderate,0,0,
11194,2021-05-04 08:10:00,40.555454,-74.1639,0,0,Unspecified,4413166,22.2,11.1,13.2,13.2,0.0,6.0,63,18.9,42.8,74,Rain: Moderate,0,0,
11195,2021-05-04 22:19:00,40.630577,-73.88591,0,0,Unsafe Speed,4413287,22.2,11.1,13.2,13.2,0.0,6.0,63,18.9,42.8,74,Rain: Moderate,0,0,
11196,2021-05-04 14:20:00,40.634163,-74.00736,0,0,Unspecified,4413515,22.2,11.1,13.2,13.2,0.0,6.0,63,18.9,42.8,74,Rain: Moderate,0,0,
11197,2021-04-30 12:15:00,40.645027,-73.91998,0,0,Failure to Yield Right-of-Way,4413971,19.9,7.6,0.4,0.4,0.0,4.0,51,36.9,82.1,289,Drizzle: Light,0,0,
11198,2021-05-04 05:43:00,40.75149,-73.88748,1,0,Driver Inattention/Distraction,4413248,22.2,11.1,13.2,13.2,0.0,6.0,63,18.9,42.8,74,Rain: Moderate,1,1,