,CRASH DATETIME,LATITUDE,LONGITUDE,NUMBER OF PERSONS INJURED,NUMBER OF PERSONS KILLED,CONTRIBUTING FACTOR VEHICLE 1,COLLISION_ID,temperature_2m_max,temperature_2m_min,precipitation_sum,rain_sum,snowfall_sum,precipitation_hours,weather_code,wind_speed_10m_max,wind_gusts_10m_max,wind_direction_10m_dominant,Weather Description,Severity_Score,Total_Affected_Persons,Weather_Category
11199,2021-05-04 19:59:00,40.628445,-73.98421,1,0,Unspecified,4413703,22.2,11.1,13.2,13.2,0.0,6.0,63,18.9,42.8,74,Rain: Moderate,1,1,
11200,2021-05-04 08:45:00,40.7406,-73.879326,1,0,Driver Inattention/Distraction,4413322,22.2,11.1,13.2,13.2,0.0,6.0,63,18.9,42.8,74,Rain: Moderate,1,1,
11201,2021-04-30 09:05:00,40.843372,-73.904945,1,0,Driver Inexperience,4414160,19.9,7.6,0.4,0.4,0.0,4.0,51,36.9,82.1,289,Drizzle: Light,1,1,
11202,2021-05-04 17:30:00,40.700478,-73.902145,0,0,Following Too Closely,4413602,22.2,11.1,13.2,13.2,0.0,6.0,63,18.9,42.8,74,Rain: Moderate,0,0,
11203,2021-05-04 18:15:00,40.86857,-73.93093,1,0,Unsafe Speed,4413659,22.2,11.1,13.2,13.2,0.0,6.0,63,18.9,42.8,74,Rain: Moderate,1,1,
11204,2021-05-04 10:18:00,40.638878,-73.95405,0,0,Unspecified,4413332,22.2,11.1,13.2,13.2,0.0,6.0,63,18.9,42.8,74,Rain: Moderate,0,0,
11205,2021-05-04 15:08:00,40.691353,-73.92142,2,0,Failure to Keep Right,4413985,22.2,11.1,13.2,13.2,0.0,6.0,63,18.9,42.8,74,Rain: Moderate,2,2,
11206,2022-02-19 01:15:00,40.71702,-73.830505,0,0,Alcohol Involvement,4503864,3.3,-5.5,0.4,0.0,0.28,4.0,71,35.3,64.4,260,Snow fall: Light,0,0,Snowy Conditions
11207,2021-05-04 19:04:00,40.680115,-73.75324,0,0,Failure to Yield Right-of-Way,4413241,22.2,11.1,13.2,13.2,0.0,6.0,63,18.9,42.8,74,Rain: Moderate,0,0,
11208,2021-04-21 00:00:00,40.884144,-73.91502,0,0,Driver Inattention/Distraction,4413951,18.2,3.7,3.7,3.7,0.0,3.0,63,29.9,59.0,256,Rain: Moderate,0,0,
11209,2021-05-04 09:00:00,40.751747,-73.97081,0,0,Driver Inattention/Distraction,4413215,22.2,11.1,13.2,13.2,0.0,6.0,63,18.9,42.8,74,Rain: Moderate,0,0,
11210,2021-05-04 14:13:00,40.682274,-73.99349,0,0,Driver Inattention/Distraction,4413824,22.2,11.1,13.2,13.2,0.0,6.0,63,18.9,42.8,74,Rain: Moderate,0,0,
11211,2021-05-04 09:00:00,40.66896,-73.87462,0,0,Unspecified,4413480,22.2,11.1,13.2,13.2,0.0,6.0,63,18.9,42.8,74,Rain: Moderate,0,0,
11212,2021-04-13 09:44:00,40.675186,-73.933304,0,0,Unsafe Speed,4414088,18.3,5.8,4.5,4.5,0.0,5.0,61,14.5,28.1,17,Rain: Light,0,0,
11213,2021-05-04 08:30:00,40.731174,-73.959236,0,0,Turning Improperly,4413550,22.2,11.1,13.2,13.2,0.0,6.0,63,18.9,42.8,74,Rain: Moderate,0,0,
11214,2021-05-04 20:45:00,40.761745,-73.81353,0,0,Failure to Yield Right-of-Way,4413263,22.2,11.1,13.2,13.2,0.0,6.0,63,18.9,42.8,74,Rain: Moderate,0,0,
11215,2021-05-04 11:47:00,40.636124,-74.15919,0,0,Backing Unsafely,4413349,22.2,11.1,13.2,13.2,0.0,6.0,63,18.9,42.8,74,Rain: Moderate,0,0,
11216,2021-05-04 08:50:00,40.636875,-74.005745,0,0,Unspecified,4413509,22.2,11.1,13.2,13.2,0.0,6.0,63,18.9,42.8,74,Rain: Moderate,0,0,
11217,2021-05-04 23:54:00,40.856792,-73.91742,0,0,Other Vehicular,4413406,22.2,11.1,13.2,13.2,0.0,6.0,63,18.9,42.8,74,Rain: Moderate,0,0,
11218,2021-05-04 05:10:00,40.7495,-73.94667,0,0,Driver Inattention/Distraction,4413150,22.2,11.1,13.2,13.2,0.0,6.0,63,18.9,42.8,74,Rain: Moderate,0,0,
11219,2021-05-04 23:35:00,40.630577,-73.88591,2,0,Unsafe Speed,4413290,22.2,11.1,13.2,13.2,0.0,6.0,63,18.9,42.8,74,Rain: Moderate,2,2,
11220,2021-05-04 17:25:00,40.825855,-73.825615,0,0,Unspecified,4413903,22.2,11.1,13.2,13.2,0.0,6.0,63,18.9,42.8,74,Rain: Moderate,0,0,
11221,2021-05-04 17:30:00,40.783245,-73.94473,0,0,View Obstructed/Limited,4413360,22.2,11.1,13.2,13.2,0.0,6.0,63,18.9,42.8,74,Rain: Moderate,0,0,
11222,2021-05-04 15:25:00,40.769955,-73.836426,0,0,Passing or Lane Usage Improper,4413268,22.2,11.1,13.2,13.2,0.0,6.0,63,18.9,42.8,74,Rain: Moderate,0,0,
11223,2021-05-04 12:08:00,40.699802,-73.78272,0,0,Unsafe Speed,4413710,22.2,11.1,13.2,13.2,0.0,6.0,63,18.9,42.8,74,Rain: Moderate,0,0,
11224,2021-05-04 18:24:00,40.63845,-74.08755,0,0,Unspecified,4413754,22.2,11.1,13.2,13.2,0.0,6.0,63,18.9,42.8,74,Rain: Moderate,0,0,
11225,2021-05-04 17:45:00,40.810173,-73.95117,1,0,Driver Inexperience,4413610,22.2,11.1,13.2,13.2,0.0,6.0,63,18.9,42.8,74,Rain: Moderate,1,1,
11226,2021-04-06 08:10:00,40.668373,-73.92264,0,0,View Obstructed/Limited,4414082,18.3,4.8,0.0,0.0,0.0,0.0,1,21.9,38.9,319,Mainly clear,0,0,Sunny/Clear Conditions
11227,2021-05-04 16:00:00,40.71582,-73.80799,0,0,Driver Inattention/Distraction,4413300,22.2,11.1,13.2,13.2,0.0,6.0,63,18.9,42.8,74,Rain: Moderate,0,0,
11228,2021-05-04 10:11:00,40.684395,-73.97835,1,0,View Obstructed/Limited,4413648,22.2,11.1,13.2,13.2,0.0,6.0,63,18.9,42.8,74,Rain: Moderate,1,1,
11229,2021-05-04 19:39:00,40.821613,-73.89688,0,0,Unspecified,4413892,22.2,11.1,13.2,13.2,0.0,6.0,63,18.9,42.8,74,Rain: Moderate,0,0,
11230,2021-05-04 11:03:00,40.661835,-73.89311,0,0,Unspecified,4413462,22.2,11.1,13.2,13.2,0.0,6.0,63,18.9,42.8,74,Rain: Moderate,0,0,
11231,2021-05-04 14:00:00,40.781387,-73.95213,0,0,Unspecified,4413936,22.2,11.1,13.2,13.2,0.0,6.0,63,18.9,42.8,74,Rain: Moderate,0,0,
11232,2021-05-04 14:22:00,40.644306,-73.95179,1,0,Unspecified,4413974,22.2,11.1,13.2,13.2,0.0,6.0,63,18.9,42.8,74,Rain: Moderate,1,1,
11233,2021-05-04 13:53:00,40.816902,-73.88926,1,0,Unspecified,4413207,22.2,11.1,13.2,13.2,0.0,6.0,63,18.9,42.8,74,Rain: Moderate,1,1,
11234,2021-05-04 16:15:00,40.632576,-73.98393,0,0,Traffic Control Disregarded,4413234,22.2,11.1,13.2,13.2,0.0,6.0,63,18.9,42.8,74,Rain: Moderate,0,0,
11235,2021-05-04 14:26:00,40.848877,-73.91615,0,0,Turning Improperly,4413500,22.2,11.1,13.2,13.2,0.0,6.0,63,18.9,42.8,74,Rain: Moderate,0,0,
11236,2021-05-04 18:30:00,40.604782,-73.754005,1,0,Unsafe Speed,4413836,22.2,11.1,13.2,13.2,0.0,6.0,63,18.9,42.8,74,Rain: Moderate,1,1,
11237,2021-05-04 03:15:00,40.841953,-73.898544,0,0,Unspecified,4413422,22.2,11.1,13.2,13.2,0.0,6.0,63,18.9,42.8,74,Rain: Moderate,0,0,
11238,2021-05-04 08:00:00,40.711838,-73.917496,0,0,Unspecified,4413220,22.2,11.1,13.2,13.2,0.0,6.0,63,18.9,42.8,74,Rain: Moderate,0,0,
11239,2021-05-04 07:00:00,40.873196,-73.90427,0,0,Unspecified,4413257,22.2,11.1,13.2,13.2,0.0,6.0,63,18.9,42.8,74,Rain: Moderate,0,0,
11240,2021-05-04 12:50:00,40.660984,-73.90879,0,0,Failure to Yield Right-of-Way,4413561,22.2,11.1,13.2,13.2,0.0,6.0,63,18.9,42.8,74,Rain: Moderate,0,0,
11241,2021-05-04 20:10:00,40.561512,-74.171844,1,0,Driver Inexperience,4413536,22.2,11.1,13.2,13.2,0.0,6.0,63,18.9,42.8,74,Rain: Moderate,1,1,
11242,2021-05-04 01:09:00,40.84518,-73.91417,0,0,View Obstructed/Limited,4413194,22.2,11.1,13.2,13.2,0.0,6.0,63,18.9,42.8,74,Rain: Moderate,0,0,
11243,2021-05-03 18:36:00,40.60595,-74.07601,0,0,Unsafe Speed,4413873,15.8,11.4,5.7,5.7,0.0,7.0,61,14.5,47.2,53,Rain: Light,0,0,
11244,2021-12-19 03:39:00,40.679317,-74.003334,0,0,Pavement Slippery,4487980,7.1,-1.8,0.5,0.5,0.0,4.0,51,26.4,47.5,327,Drizzle: Light,0,0,
11245,2021-05-04 06:00:00,40.84921,-73.90011,0,0,Passing Too Closely,4413633,22.2,11.1,13.2,13.2,0.0,6.0,63,18.9,42.8,74,Rain: Moderate,0,0,
11246,2021-05-02 23:30:00,40.678963,-73.94965,0,0,Driver Inattention/Distraction,4414017,26.3,11.3,0.0,0.0,0.0,0.0,3,23.0,43.9,251,Overcast,0,0,
11247,2021-05-04 15:50:00,40.633995,-73.94778,1,0,Driver Inattention/Distraction,4413335,22.2,11.1,13.2,13.2,0.0,6.0,63,18.9,42.8,74,Rain: Moderate,1,1,
11248,2021-05-04 15:15:00,40.76838,-73.99281,0,0,Alcohol Involvement,4413729,22.2,11.1,13.2,13.2,0.0,6.0,63,18.9,42.8,74,Rain: Moderate,0,0,
11249,2021-05-04 08:40:00,40.74172,-73.75547,1,0,View Obstructed/Limited,4413738,22.2,11.1,13.2,13.2,0.0,6.0,63,18.9,42.8,74,Rain: Moderate,1,1,
11250,2021-05-04 02:55:00,40.81608,-73.917694,0,0,Unspecified,4413122,22.2,11.1,13.2,13.2,0.0,6.0,63,18.9,42.8,74,Rain: Moderate,0,0,
11251,2021-04-23 13:00:00,40.875233,-73.859726,1,0,Driver Inattention/Distraction,4413916,15.5,2.0,0.0,0.0,0.0,0.0,3,28.7,57.2,273,Overcast,1,1,
11252,2021-05-04 09:30:00,40.761234,-73.96389,0,0,Driver Inattention/Distraction,4413371,22.2,11.1,13.2,13.2,0.0,6.0,63,18.9,42.8,74,Rain: Moderate,0,0,
11253,2021-05-04 15:30:00,40.578236,-73.99157,1,0,Driver Inattention/Distraction,4413400,22.2,11.1,13.2,13.2,0.0,6.0,63,18.9,42.8,74,Rain: Moderate,1,1,
11254,2021-05-04 13:05:00,40.784534,-73.9736,0,0,Driver Inattention/Distraction,4414065,22.2,11.1,13.2,13.2,0.0,6.0,63,18.9,42.8,74,Rain: Moderate,0,0,
11255,2021-04-28 10:55:00,40.713184,-73.82393,2,0,Unsafe Speed,4413866,26.1,7.9,0.0,0.0,0.0,0.0,3,15.3,34.6,133,Overcast,2,2,
11256,2021-05-01 12:45:00,40.58493,-73.95269,0,0,Driver Inattention/Distraction,4414113,17.3,5.0,0.0,0.0,0.0,0.0,3,31.7,63.4,302,Overcast,0,0,
11257,2021-05-04 00:10:00,40.725147,-73.81031,0,0,Driver Inattention/Distraction,4413297,22.2,11.1,13.2,13.2,0.0,6.0,63,18.9,42.8,74,Rain: Moderate,0,0,
11258,2021-05-04 22:40:00,40.642384,-73.92539,1,0,Unspecified,4413579,22.2,11.1,13.2,13.2,0.0,6.0,63,18.9,42.8,74,Rain: Moderate,1,1,
11259,2021-05-04 11:15:00,40.81836,-73.93053,0,0,Oversized Vehicle,4413317,22.2,11.1,13.2,13.2,0.0,6.0,63,18.9,42.8,74,Rain: Moderate,0,0,
11260,2021-05-02 13:45:00,40.608208,-74.13322,0,0,Driver Inattention/Distraction,4413887,26.3,11.3,0.0,0.0,0.0,0.0,3,23.0,43.9,251,Overcast,0,0,
11261,2021-05-04 19:30:00,40.675198,-73.789894,0,0,Unspecified,4414039,22.2,11.1,13.2,13.2,0.0,6.0,63,18.9,42.8,74,Rain: Moderate,0,0,
11262,2021-05-04 11:50:00,40.713577,-73.99607,1,0,Driver Inattention/Distraction,4413394,22.2,11.1,13.2,13.2,0.0,6.0,63,18.9,42.8,74,Rain: Moderate,1,1,
11263,2021-05-04 15:10:00,40.70066,-73.98775,0,0,Driver Inattention/Distraction,4413252,22.2,11.1,13.2,13.2,0.0,6.0,63,18.9,42.8,74,Rain: Moderate,0,0,
11264,2021-05-04 12:05:00,40.714832,-74.00621,0,0,Unspecified,4413181,22.2,11.1,13.2,13.2,0.0,6.0,63,18.9,42.8,74,Rain: Moderate,0,0,
11265,2021-05-04 14:19:00,40.658577,-73.89063,0,0,Unspecified,4413487,22.2,11.1,13.2,13.2,0.0,6.0,63,18.9,42.8,74,Rain: Moderate,0,0,
11266,2021-05-04 17:10:00,40.843086,-73.86583,1,0,Pedestrian/Bicyclist/Other Pedestrian Error/Confusion,4413596,22.2,11.1,13.2,13.2,0.0,6.0,63,18.9,42.8,74,Rain: Moderate,1,1,
11267,2021-05-04 17:55:00,40.74351,-73.717415,0,0,Unspecified,4413283,22.2,11.1,13.2,13.2,0.0,6.0,63,18.9,42.8,74,Rain: Moderate,0,0,
11268,2021-05-04 14:45:00,40.767498,-73.83302,0,0,Failure to Yield Right-of-Way,4413272,22.2,11.1,13.2,13.2,0.0,6.0,63,18.9,42.8,74,Rain: Moderate,0,0,
11269,2021-05-04 18:00:00,40.8307,-73.84446,0,0,Unspecified,4413524,22.2,11.1,13.2,13.2,0.0,6.0,63,18.9,42.8,74,Rain: Moderate,0,0,
11270,2021-05-02 14:25:00,40.6361,-74.13796,1,0,Unspecified,4413878,26.3,11.3,0.0,0.0,0.0,0.0,3,23.0,43.9,251,Overcast,1,1,
11271,2021-05-04 10:00:00,40.71777,-73.9838,0,0,Unspecified,4413810,22.2,11.1,13.2,13.2,0.0,6.0,63,18.9,42.8,74,Rain: Moderate,0,0,
11272,2021-05-04 19:45:00,40.855556,-73.92918,0,0,Unspecified,4413680,22.2,11.1,13.2,13.2,0.0,6.0,63,18.9,42.8,74,Rain: Moderate,0,0,
11273,2021-04-24 07:15:00,0.0,0.0,0,0,Unspecified,4413996,19.7,6.0,0.0,0.0,0.0,0.0,3,26.7,49.3,232,Overcast,0,0,
11274,2021-04-30 19:05:00,40.578,-74.00583,0,0,Unspecified,4414054,19.9,7.6,0.4,0.4,0.0,4.0,51,36.9,82.1,289,Drizzle: Light,0,0,
11275,2021-05-04 01:25:00,40.766155,-73.89226,0,0,Pavement Slippery,4413366,22.2,11.1,13.2,13.2,0.0,6.0,63,18.9,42.8,74,Rain: Moderate,0,0,
11276,2021-04-30 09:15:00,40.67657,-73.94431,1,0,Passing Too Closely,4414091,19.9,7.6,0.4,0.4,0.0,4.0,51,36.9,82.1,289,Drizzle: Light,1,1,
11277,2021-05-04 11:17:00,40.76401,-73.881165,0,0,Unspecified,4413958,22.2,11.1,13.2,13.2,0.0,6.0,63,18.9,42.8,74,Rain: Moderate,0,0,
11278,2021-05-04 22:36:00,40.880825,-73.85158,0,0,Traffic Control Disregarded,4413654,22.2,11.1,13.2,13.2,0.0,6.0,63,18.9,42.8,74,Rain: Moderate,0,0,
11279,2021-05-04 11:10:00,40.75326,-73.864456,0,0,Unspecified,4413669,22.2,11.1,13.2,13.2,0.0,6.0,63,18.9,42.8,74,Rain: Moderate,0,0,
11280,2021-05-02 10:30:00,40.83501,-73.91206,0,0,Passing Too Closely,4414161,26.3,11.3,0.0,0.0,0.0,0.0,3,23.0,43.9,251,Overcast,0,0,
11281,2021-05-04 19:09:00,40.646755,-74.010056,2,0,Pavement Defective,4413704,22.2,11.1,13.2,13.2,0.0,6.0,63,18.9,42.8,74,Rain: Moderate,2,2,
11282,2021-05-04 17:15:00,40.733967,-73.87177,0,0,Unspecified,4413323,22.2,11.1,13.2,13.2,0.0,6.0,63,18.9,42.8,74,Rain: Moderate,0,0,
11283,2021-05-04 22:41:00,40.585934,-73.9519,1,0,Driver Inattention/Distraction,4413310,22.2,11.1,13.2,13.2,0.0,6.0,63,18.9,42.8,74,Rain: Moderate,1,1,
11284,2021-12-18 19:36:00,40.65079,-73.903366,1,0,Unspecified,4488434,6.3,4.5,3.8,3.8,0.0,9.0,61,12.3,24.5,35,Rain: Light,1,1,
11285,2021-12-17 02:30:00,40.69835,-73.92275,2,0,Driver Inattention/Distraction,4488405,13.9,6.1,0.0,0.0,0.0,0.0,3,21.5,37.1,265,Overcast,2,2,
11286,2021-12-19 17:12:00,40.83445,-73.940865,1,0,Driver Inattention/Distraction,4488595,7.1,-1.8,0.5,0.5,0.0,4.0,51,26.4,47.5,327,Drizzle: Light,1,1,
11287,2021-12-19 22:01:00,40.723625,-74.00479,1,0,Driver Inattention/Distraction,4488029,7.1,-1.8,0.5,0.5,0.0,4.0,51,26.4,47.5,327,Drizzle: Light,1,1,
11288,2022-02-19 02:02:00,40.630943,-73.889244,0,0,Fell Asleep,4504158,3.3,-5.5,0.4,0.0,0.28,4.0,71,35.3,64.4,260,Snow fall: Light,0,0,Snowy Conditions
11289,2021-12-19 06:00:00,40.682663,-73.77589,1,0,Outside Car Distraction,4487877,7.1,-1.8,0.5,0.5,0.0,4.0,51,26.4,47.5,327,Drizzle: Light,1,1,
11290,2021-12-18 22:35:00,40.725994,-73.75815,0,0,Pavement Slippery,4488573,6.3,4.5,3.8,3.8,0.0,9.0,61,12.3,24.5,35,Rain: Light,0,0,
11291,2021-12-18 01:30:00,40.629353,-73.884766,2,0,Unspecified,4488387,6.3,4.5,3.8,3.8,0.0,9.0,61,12.3,24.5,35,Rain: Light,2,2,
11292,2021-12-14 15:59:00,40.82804,-73.94251,0,0,Traffic Control Disregarded,4488400,10.4,3.1,0.0,0.0,0.0,0.0,3,18.5,31.3,322,Overcast,0,0,
11293,2021-12-17 11:45:00,40.704494,-73.92929,0,0,Unspecified,4488410,13.9,6.1,0.0,0.0,0.0,0.0,3,21.5,37.1,265,Overcast,0,0,
11294,2021-12-19 21:20:00,40.820187,-73.890686,0,0,Unspecified,4487930,7.1,-1.8,0.5,0.5,0.0,4.0,51,26.4,47.5,327,Drizzle: Light,0,0,
11295,2022-02-19 18:00:00,40.76348,-73.870636,0,0,Backing Unsafely,4503988,3.3,-5.5,0.4,0.0,0.28,4.0,71,35.3,64.4,260,Snow fall: Light,0,0,Snowy Conditions
11296,2022-02-19 10:00:00,40.700268,-73.84281,0,0,Passing or Lane Usage Improper,4504468,3.3,-5.5,0.4,0.0,0.28,4.0,71,35.3,64.4,260,Snow fall: Light,0,0,Snowy Conditions
11297,2022-02-19 03:40:00,40.670555,-73.874176,2,0,Following Too Closely,4504575,3.3,-5.5,0.4,0.0,0.28,4.0,71,35.3,64.4,260,Snow fall: Light,2,2,Snowy Conditions
11298,2022-02-19 23:48:00,40.63795,-74.14479,0,0,Unsafe Speed,4504312,3.3,-5.5,0.4,0.0,0.28,4.0,71,35.3,64.4,260,Snow fall: Light,0,0,Snowy Conditions
11299,2022-02-19 12:00:00,40.826046,-73.93777,0,0,Passing Too Closely,4504392,3.3,-5.5,0.4,0.0,0.28,4.0,71,35.3,64.4,260,Snow fall: Light,0,0,Snowy Conditions
11300,2022-02-17 21:30:00,40.664856,-73.88023,3,0,Other Vehicular,4504556,16.7,5.1,2.2,2.2,0.0,2.0,61,31.8,56.5,201,Rain: Light,3,3,
11301,2022-02-12 00:06:00,0.0,0.0,0,0,Backing Unsafely,4504444,13.1,5.9,0.0,0.0,0.0,0.0,3,25.0,44.3,252,Overcast,0,0,
11302,2022-02-19 17:01:00,40.843185,-73.92157,0,0,Unspecified,4504096,3.3,-5.5,0.4,0.0,0.28,4.0,71,35.3,64.4,260,Snow fall: Light,0,0,Snowy Conditions
11303,2022-02-19 07:30:00,40.576916,-73.85178,0,0,Unspecified,4503935,3.3,-5.5,0.4,0.0,0.28,4.0,71,35.3,64.4,260,Snow fall: Light,0,0,Snowy Conditions
11304,2022-02-14 15:29:00,40.80568,-73.91484,0,0,Unspecified,4504449,-3.4,-10.4,0.0,0.0,0.0,0.0,3,26.4,49.3,316,Overcast,0,0,
11305,2022-02-19 19:30:00,40.674976,-73.94599,0,0,Unspecified,4504224,3.3,-5.5,0.4,0.0,0.28,4.0,71,35.3,64.4,260,Snow fall: Light,0,0,Snowy Conditions
11306,2022-02-19 02:02:00,40.65463,-73.92201,0,0,Other Vehicular,4504025,3.3,-5.5,0.4,0.0,0.28,4.0,71,35.3,64.4,260,Snow fall: Light,0,0,Snowy Conditions
11307,2022-02-19 14:48:00,40.614025,-74.08479,0,0,Driver Inattention/Distraction,4504104,3.3,-5.5,0.4,0.0,0.28,4.0,71,35.3,64.4,260,Snow fall: Light,0,0,Snowy Conditions
11308,2022-02-18 06:20:00,40.660797,-73.87183,0,0,Failure to Yield Right-of-Way,4504562,15.6,-2.8,11.9,11.9,0.0,6.0,63,44.1,79.2,261,Rain: Moderate,0,0,
11309,2023-04-26 18:10:00,40.690357,-73.989746,0,0,Passing or Lane Usage Improper,4623757,13.8,5.9,1.5,1.5,0.0,3.0,53,19.5,38.2,142,Drizzle: Moderate,0,0,
11310,2022-02-19 19:00:00,40.63796,-73.93667,0,0,Unspecified,4504514,3.3,-5.5,0.4,0.0,0.28,4.0,71,35.3,64.4,260,Snow fall: Light,0,0,Snowy Conditions
11311,2022-02-19 00:40:00,40.74888,-73.89247,0,0,Alcohol Involvement,4503928,3.3,-5.5,0.4,0.0,0.28,4.0,71,35.3,64.4,260,Snow fall: Light,0,0,Snowy Conditions
11312,2022-02-19 19:50:00,40.812737,-73.93762,0,0,Other Vehicular,4504403,3.3,-5.5,0.4,0.0,0.28,4.0,71,35.3,64.4,260,Snow fall: Light,0,0,Snowy Conditions
11313,2022-02-19 14:00:00,40.80261,-73.94469,0,0,Driver Inattention/Distraction,4504455,3.3,-5.5,0.4,0.0,0.28,4.0,71,35.3,64.4,260,Snow fall: Light,0,0,Snowy Conditions
11314,2021-11-30 15:30:00,40.716644,-73.99582,0,0,Following Too Closely,4504480,4.7,-2.4,0.1,0.1,0.0,1.0,51,19.1,34.9,245,Drizzle: Light,0,0,
11315,2023-07-30 13:50:00,40.67973,-73.9374,0,0,Passing Too Closely,4651419,25.8,17.4,0.0,0.0,0.0,0.0,3,20.3,40.0,335,Overcast,0,0,
11316,2021-12-20 15:20:00,40.79465,-73.97179,1,0,Failure to Yield Right-of-Way,4488184,1.8,-4.4,0.0,0.0,0.0,0.0,2,17.9,32.8,282,Partly cloudy,1,1,
11317,2022-03-24 20:21:00,40.84474,-73.922585,3,0,Driver Inattention/Distraction,4513671,9.9,3.5,21.4,21.4,0.0,16.0,63,27.2,50.8,57,Rain: Moderate,3,3,
11318,2022-03-28 17:40:00,40.82038,-73.926956,0,0,Reaction to Uninvolved Vehicle,4514946,0.0,-5.2,0.3,0.0,0.21,3.0,71,31.3,59.0,303,Snow fall: Light,0,0,Snowy Conditions
11319,2022-03-24 07:52:00,40.669544,-73.917145,1,0,Unspecified,4514912,9.9,3.5,21.4,21.4,0.0,16.0,63,27.2,50.8,57,Rain: Moderate,1,1,
11320,2022-02-13 00:20:00,40.673256,-73.9307,0,0,Passing or Lane Usage Improper,4514948,4.9,-3.3,5.2,0.0,3.85,17.0,73,17.3,30.2,8,Snow fall: Moderate,0,0,Snowy Conditions
11321,2022-03-23 19:34:00,40.61623,-73.96066,0,0,Unspecified,4514929,8.4,1.3,2.2,2.2,0.0,3.0,55,19.6,34.6,73,Drizzle: Dense,0,0,
11322,2022-03-28 20:30:00,40.707474,-73.94494,0,0,Driver Inattention/Distraction,4514887,0.0,-5.2,0.3,0.0,0.21,3.0,71,31.3,59.0,303,Snow fall: Light,0,0,Snowy Conditions
11323,2022-03-19 19:10:00,40.685112,-73.94717,0,0,Following Too Closely,4514944,18.3,6.6,9.3,9.3,0.0,3.0,65,16.3,32.8,146,Rain: Heavy,0,0,
11324,2022-03-18 00:10:00,40.788555,-73.78234,0,0,Passing or Lane Usage Improper,4514939,20.8,7.4,0.0,0.0,0.0,0.0,3,16.0,31.7,181,Overcast,0,0,
11325,2022-04-14 10:27:00,40.87892,-73.90479,0,0,Unspecified,4522257,28.1,13.9,0.2,0.2,0.0,2.0,51,25.9,46.1,249,Drizzle: Light,0,0,
11326,2022-04-24 10:57:00,40.80879,-73.91619,1,0,Unspecified,4521581,15.8,7.0,0.0,0.0,0.0,0.0,3,21.7,43.2,114,Overcast,1,1,
11327,2022-04-24 15:00:00,0.0,0.0,0,0,Unspecified,4521762,15.8,7.0,0.0,0.0,0.0,0.0,3,21.7,43.2,114,Overcast,0,0,
11328,2022-04-20 21:22:00,40.838234,-73.86364,0,0,Passing Too Closely,4522313,13.9,3.4,0.0,0.0,0.0,0.0,3,26.6,49.0,282,Overcast,0,0,
11329,2022-04-14 13:00:00,40.731544,-73.9992,1,0,Driver Inattention/Distraction,4522187,28.1,13.9,0.2,0.2,0.0,2.0,51,25.9,46.1,249,Drizzle: Light,1,1,
11330,2022-04-24 11:24:00,40.833046,-73.89648,0,0,Turning Improperly,4521771,15.8,7.0,0.0,0.0,0.0,0.0,3,21.7,43.2,114,Overcast,0,0,
11331,2022-04-24 03:49:00,0.0,0.0,0,0,Backing Unsafely,4521743,15.8,7.0,0.0,0.0,0.0,0.0,3,21.7,43.2,114,Overcast,0,0,
11332,2022-04-24 15:00:00,40.607864,-74.179184,0,0,Unspecified,4521663,15.8,7.0,0.0,0.0,0.0,0.0,3,21.7,43.2,114,Overcast,0,0,
11333,2022-04-16 23:48:00,40.80333,-73.94873,0,0,Driver Inattention/Distraction,4522247,19.3,7.4,6.8,6.8,0.0,7.0,61,24.5,47.5,217,Rain: Light,0,0,
11334,2021-12-20 17:40:00,40.853477,-73.82622,0,0,Unspecified,4488271,1.8,-4.4,0.0,0.0,0.0,0.0,2,17.9,32.8,282,Partly cloudy,0,0,
11335,2022-03-28 14:08:00,40.626324,-73.960686,0,0,Backing Unsafely,4514319,0.0,-5.2,0.3,0.0,0.21,3.0,71,31.3,59.0,303,Snow fall: Light,0,0,Snowy Conditions
11336,2022-03-28 16:15:00,40.80717,-73.917244,0,0,Driver Inattention/Distraction,4514433,0.0,-5.2,0.3,0.0,0.21,3.0,71,31.3,59.0,303,Snow fall: Light,0,0,Snowy Conditions
11337,2022-03-28 15:50:00,40.61834,-74.03018,1,0,Driver Inattention/Distraction,4514369,0.0,-5.2,0.3,0.0,0.21,3.0,71,31.3,59.0,303,Snow fall: Light,1,1,Snowy Conditions
11338,2022-03-25 21:09:00,40.665447,-73.81571,1,1,Unsafe Speed,4514831,15.6,5.3,5.7,5.7,0.0,4.0,63,27.6,52.2,274,Rain: Moderate,21,2,
11339,2022-03-28 18:00:00,40.88051,-73.9007,0,0,Unspecified,4514790,0.0,-5.2,0.3,0.0,0.21,3.0,71,31.3,59.0,303,Snow fall: Light,0,0,Snowy Conditions
11340,2022-03-28 14:45:00,40.66773,-73.81594,0,0,Failure to Yield Right-of-Way,4514349,0.0,-5.2,0.3,0.0,0.21,3.0,71,31.3,59.0,303,Snow fall: Light,0,0,Snowy Conditions
11341,2022-03-28 18:42:00,40.669094,-73.8864,2,0,Passing or Lane Usage Improper,4514528,0.0,-5.2,0.3,0.0,0.21,3.0,71,31.3,59.0,303,Snow fall: Light,2,2,Snowy Conditions