,CRASH DATETIME,LATITUDE,LONGITUDE,NUMBER OF PERSONS INJURED,NUMBER OF PERSONS KILLED,CONTRIBUTING FACTOR VEHICLE 1,COLLISION_ID,temperature_2m_max,temperature_2m_min,precipitation_sum,rain_sum,snowfall_sum,precipitation_hours,weather_code,wind_speed_10m_max,wind_gusts_10m_max,wind_direction_10m_dominant,Weather Description,Severity_Score,Total_Affected_Persons,Weather_Category
11342,2022-03-28 16:29:00,40.6481,-73.91474,0,0,Driver Inattention/Distraction,4514391,0.0,-5.2,0.3,0.0,0.21,3.0,71,31.3,59.0,303,Snow fall: Light,0,0,Snowy Conditions
11343,2022-03-28 04:55:00,40.67784,-73.780266,0,0,Passing Too Closely,4514043,0.0,-5.2,0.3,0.0,0.21,3.0,71,31.3,59.0,303,Snow fall: Light,0,0,Snowy Conditions
11344,2022-03-28 15:19:00,40.72065,-74.012115,0,0,Unspecified,4514397,0.0,-5.2,0.3,0.0,0.21,3.0,71,31.3,59.0,303,Snow fall: Light,0,0,Snowy Conditions
11345,2022-03-28 14:30:00,0.0,0.0,1,0,Unspecified,4514826,0.0,-5.2,0.3,0.0,0.21,3.0,71,31.3,59.0,303,Snow fall: Light,1,1,Snowy Conditions
11346,2022-03-27 15:30:00,40.61847,-73.89746,0,0,Following Too Closely,4514718,7.5,-1.1,0.3,0.3,0.07,3.0,71,26.4,47.5,288,Snow fall: Light,0,0,Snowy Conditions
11347,2022-03-28 08:10:00,40.76203,-73.812416,0,0,Unspecified,4514140,0.0,-5.2,0.3,0.0,0.21,3.0,71,31.3,59.0,303,Snow fall: Light,0,0,Snowy Conditions
11348,2022-03-28 14:40:00,40.66546,-73.74246,2,0,Driver Inattention/Distraction,4514294,0.0,-5.2,0.3,0.0,0.21,3.0,71,31.3,59.0,303,Snow fall: Light,2,2,Snowy Conditions
11349,2022-03-28 11:07:00,40.863632,-73.87168,0,0,Failure to Yield Right-of-Way,4514448,0.0,-5.2,0.3,0.0,0.21,3.0,71,31.3,59.0,303,Snow fall: Light,0,0,Snowy Conditions
11350,2022-03-28 08:12:00,40.766556,-73.96294,0,0,Following Too Closely,4514468,0.0,-5.2,0.3,0.0,0.21,3.0,71,31.3,59.0,303,Snow fall: Light,0,0,Snowy Conditions
11351,2022-03-28 14:10:00,40.677265,-73.778625,0,0,Passing or Lane Usage Improper,4514551,0.0,-5.2,0.3,0.0,0.21,3.0,71,31.3,59.0,303,Snow fall: Light,0,0,Snowy Conditions
11352,2022-03-28 09:02:00,40.631783,-74.12426,0,0,Passing Too Closely,4514607,0.0,-5.2,0.3,0.0,0.21,3.0,71,31.3,59.0,303,Snow fall: Light,0,0,Snowy Conditions
11353,2022-03-28 07:22:00,40.8086,-73.909775,2,0,Failure to Yield Right-of-Way,4514210,0.0,-5.2,0.3,0.0,0.21,3.0,71,31.3,59.0,303,Snow fall: Light,2,2,Snowy Conditions
11354,2022-03-28 11:49:00,40.75892,-73.999695,1,0,Driver Inattention/Distraction,4514258,0.0,-5.2,0.3,0.0,0.21,3.0,71,31.3,59.0,303,Snow fall: Light,1,1,Snowy Conditions
11355,2022-03-28 01:00:00,40.74111,-73.89842,0,0,Unsafe Speed,4514216,0.0,-5.2,0.3,0.0,0.21,3.0,71,31.3,59.0,303,Snow fall: Light,0,0,Snowy Conditions
11356,2022-03-27 15:43:00,40.651333,-74.00751,1,0,Unspecified,4514863,7.5,-1.1,0.3,0.3,0.07,3.0,71,26.4,47.5,288,Snow fall: Light,1,1,Snowy Conditions
11357,2022-03-28 08:11:00,40.69613,-73.987114,1,0,Traffic Control Disregarded,4514288,0.0,-5.2,0.3,0.0,0.21,3.0,71,31.3,59.0,303,Snow fall: Light,1,1,Snowy Conditions
11358,2022-03-28 03:00:00,40.74833,-73.896095,1,0,Driver Inattention/Distraction,4514162,0.0,-5.2,0.3,0.0,0.21,3.0,71,31.3,59.0,303,Snow fall: Light,1,1,Snowy Conditions
11359,2022-03-28 02:20:00,40.699883,-73.90831,1,0,Driver Inattention/Distraction,4514597,0.0,-5.2,0.3,0.0,0.21,3.0,71,31.3,59.0,303,Snow fall: Light,1,1,Snowy Conditions
11360,2021-09-19 21:45:00,40.768234,-73.90709,0,0,Unspecified,4459783,23.6,16.8,0.0,0.0,0.0,0.0,2,17.6,35.6,0,Partly cloudy,0,0,
11361,2022-03-28 12:30:00,40.82245,-73.90183,1,0,Driver Inattention/Distraction,4514383,0.0,-5.2,0.3,0.0,0.21,3.0,71,31.3,59.0,303,Snow fall: Light,1,1,Snowy Conditions
11362,2022-03-28 02:30:00,40.69612,-73.746185,1,0,Failure to Yield Right-of-Way,4514406,0.0,-5.2,0.3,0.0,0.21,3.0,71,31.3,59.0,303,Snow fall: Light,1,1,Snowy Conditions
11363,2022-03-28 17:00:00,40.81663,-73.89592,0,0,Unspecified,4514690,0.0,-5.2,0.3,0.0,0.21,3.0,71,31.3,59.0,303,Snow fall: Light,0,0,Snowy Conditions
11364,2022-03-28 18:14:00,40.82548,-73.87042,0,0,Turning Improperly,4514476,0.0,-5.2,0.3,0.0,0.21,3.0,71,31.3,59.0,303,Snow fall: Light,0,0,Snowy Conditions
11365,2022-03-28 07:12:00,40.66381,-73.91117,0,0,Driver Inexperience,4514654,0.0,-5.2,0.3,0.0,0.21,3.0,71,31.3,59.0,303,Snow fall: Light,0,0,Snowy Conditions
11366,2022-03-28 11:55:00,40.744778,-73.97589,0,0,Unspecified,4514275,0.0,-5.2,0.3,0.0,0.21,3.0,71,31.3,59.0,303,Snow fall: Light,0,0,Snowy Conditions
11367,2022-03-28 21:50:00,40.68662,-73.82319,1,0,Following Too Closely,4514358,0.0,-5.2,0.3,0.0,0.21,3.0,71,31.3,59.0,303,Snow fall: Light,1,1,Snowy Conditions
11368,2022-03-28 20:10:00,40.716324,-73.77009,0,0,Following Too Closely,4514463,0.0,-5.2,0.3,0.0,0.21,3.0,71,31.3,59.0,303,Snow fall: Light,0,0,Snowy Conditions
11369,2022-03-14 10:00:00,40.673843,-73.92509,1,0,,4514777,13.1,-2.4,0.0,0.0,0.0,0.0,3,21.0,36.4,226,Overcast,1,1,
11370,2022-03-28 16:29:00,40.786934,-73.808334,0,0,Backing Unsafely,4514335,0.0,-5.2,0.3,0.0,0.21,3.0,71,31.3,59.0,303,Snow fall: Light,0,0,Snowy Conditions
11371,2022-03-22 20:58:00,40.7791,-73.95463,0,0,Unspecified,4514879,12.8,3.9,0.0,0.0,0.0,0.0,3,23.1,44.3,311,Overcast,0,0,
11372,2022-03-28 07:16:00,40.881073,-73.878494,0,0,Unspecified,4514229,0.0,-5.2,0.3,0.0,0.21,3.0,71,31.3,59.0,303,Snow fall: Light,0,0,Snowy Conditions
11373,2022-03-26 01:24:00,40.739674,-73.99095,1,0,Unspecified,4514750,10.1,4.9,6.1,5.8,0.21,8.0,71,21.6,41.0,251,Snow fall: Light,1,1,Snowy Conditions
11374,2022-03-28 11:15:00,40.883465,-73.91699,0,0,Driver Inattention/Distraction,4514512,0.0,-5.2,0.3,0.0,0.21,3.0,71,31.3,59.0,303,Snow fall: Light,0,0,Snowy Conditions
11375,2022-03-28 11:00:00,40.584137,-73.96386,0,0,Following Too Closely,4514577,0.0,-5.2,0.3,0.0,0.21,3.0,71,31.3,59.0,303,Snow fall: Light,0,0,Snowy Conditions
11376,2022-03-27 11:00:00,40.722652,-73.99599,0,0,Passing Too Closely,4514738,7.5,-1.1,0.3,0.3,0.07,3.0,71,26.4,47.5,288,Snow fall: Light,0,0,Snowy Conditions
11377,2022-03-28 13:57:00,40.659695,-73.99218,0,0,Driver Inattention/Distraction,4514845,0.0,-5.2,0.3,0.0,0.21,3.0,71,31.3,59.0,303,Snow fall: Light,0,0,Snowy Conditions
11378,2022-03-28 17:19:00,40.611954,-73.96817,3,0,Unspecified,4514378,0.0,-5.2,0.3,0.0,0.21,3.0,71,31.3,59.0,303,Snow fall: Light,3,3,Snowy Conditions
11379,2022-03-17 17:30:00,40.84408,-73.894485,0,0,Driver Inattention/Distraction,4514800,12.3,3.9,6.5,6.5,0.0,13.0,61,16.8,31.7,41,Rain: Light,0,0,
11380,2022-03-28 23:50:00,40.723118,-74.00624,0,0,Turning Improperly,4514401,0.0,-5.2,0.3,0.0,0.21,3.0,71,31.3,59.0,303,Snow fall: Light,0,0,Snowy Conditions
11381,2022-03-28 18:27:00,40.615337,-73.94008,1,0,Unspecified,4514341,0.0,-5.2,0.3,0.0,0.21,3.0,71,31.3,59.0,303,Snow fall: Light,1,1,Snowy Conditions
11382,2022-03-28 09:26:00,40.73003,-73.99109,1,0,Other Vehicular,4514454,0.0,-5.2,0.3,0.0,0.21,3.0,71,31.3,59.0,303,Snow fall: Light,1,1,Snowy Conditions
11383,2022-03-28 08:20:00,40.715706,-73.81023,1,0,Unsafe Speed,4514310,0.0,-5.2,0.3,0.0,0.21,3.0,71,31.3,59.0,303,Snow fall: Light,1,1,Snowy Conditions
11384,2022-03-27 09:00:00,40.683655,-73.78266,0,0,Passing Too Closely,4514760,7.5,-1.1,0.3,0.3,0.07,3.0,71,26.4,47.5,288,Snow fall: Light,0,0,Snowy Conditions
11385,2022-03-28 22:30:00,40.62284,-74.00121,1,0,Failure to Yield Right-of-Way,4514423,0.0,-5.2,0.3,0.0,0.21,3.0,71,31.3,59.0,303,Snow fall: Light,1,1,Snowy Conditions
11386,2022-03-28 22:50:00,40.67335,-73.82582,0,0,Turning Improperly,4514350,0.0,-5.2,0.3,0.0,0.21,3.0,71,31.3,59.0,303,Snow fall: Light,0,0,Snowy Conditions
11387,2022-03-28 00:00:00,40.601486,-74.167305,1,0,Unsafe Speed,4514425,0.0,-5.2,0.3,0.0,0.21,3.0,71,31.3,59.0,303,Snow fall: Light,1,1,Snowy Conditions
11388,2022-03-21 19:55:00,40.72293,-73.98865,0,0,Unspecified,4514816,15.6,5.0,0.0,0.0,0.0,0.0,3,30.0,53.6,299,Overcast,0,0,
11389,2022-03-28 00:30:00,40.831768,-73.90803,0,0,Unspecified,4513988,0.0,-5.2,0.3,0.0,0.21,3.0,71,31.3,59.0,303,Snow fall: Light,0,0,Snowy Conditions
11390,2022-03-26 10:15:00,40.82647,-73.944885,0,0,Driver Inexperience,4514727,10.1,4.9,6.1,5.8,0.21,8.0,71,21.6,41.0,251,Snow fall: Light,0,0,Snowy Conditions
11391,2022-03-24 07:52:00,40.678528,-73.91525,0,0,Turning Improperly,4514789,9.9,3.5,21.4,21.4,0.0,16.0,63,27.2,50.8,57,Rain: Moderate,0,0,
11392,2022-03-28 01:20:00,40.64439,-73.94987,1,0,Traffic Control Disregarded,4514066,0.0,-5.2,0.3,0.0,0.21,3.0,71,31.3,59.0,303,Snow fall: Light,1,1,Snowy Conditions
11393,2022-03-26 13:50:00,40.634136,-74.002716,0,0,Unspecified,4514829,10.1,4.9,6.1,5.8,0.21,8.0,71,21.6,41.0,251,Snow fall: Light,0,0,Snowy Conditions
11394,2022-03-28 10:33:00,40.716824,-73.82019,0,0,Unspecified,4514307,0.0,-5.2,0.3,0.0,0.21,3.0,71,31.3,59.0,303,Snow fall: Light,0,0,Snowy Conditions
11395,2022-03-28 09:00:00,40.716908,-73.95626,0,0,Backing Unsafely,4514393,0.0,-5.2,0.3,0.0,0.21,3.0,71,31.3,59.0,303,Snow fall: Light,0,0,Snowy Conditions
11396,2022-03-24 16:05:00,40.63043,-73.88593,0,0,Driver Inattention/Distraction,4514716,9.9,3.5,21.4,21.4,0.0,16.0,63,27.2,50.8,57,Rain: Moderate,0,0,
11397,2022-03-28 20:15:00,40.68628,-73.77701,1,0,Traffic Control Disregarded,4514758,0.0,-5.2,0.3,0.0,0.21,3.0,71,31.3,59.0,303,Snow fall: Light,1,1,Snowy Conditions
11398,2022-03-28 08:50:00,40.641815,-73.99582,1,0,Unspecified,4514371,0.0,-5.2,0.3,0.0,0.21,3.0,71,31.3,59.0,303,Snow fall: Light,1,1,Snowy Conditions
11399,2022-03-28 13:06:00,40.62564,-73.91302,0,0,Unspecified,4514872,0.0,-5.2,0.3,0.0,0.21,3.0,71,31.3,59.0,303,Snow fall: Light,0,0,Snowy Conditions
11400,2022-03-28 09:15:00,40.817738,-73.924164,0,0,Other Vehicular,4514228,0.0,-5.2,0.3,0.0,0.21,3.0,71,31.3,59.0,303,Snow fall: Light,0,0,Snowy Conditions
11401,2022-03-28 12:55:00,40.62916,-74.01144,0,0,Traffic Control Disregarded,4514260,0.0,-5.2,0.3,0.0,0.21,3.0,71,31.3,59.0,303,Snow fall: Light,0,0,Snowy Conditions
11402,2022-03-28 17:25:00,40.81987,-73.81987,0,0,Turning Improperly,4514320,0.0,-5.2,0.3,0.0,0.21,3.0,71,31.3,59.0,303,Snow fall: Light,0,0,Snowy Conditions
11403,2022-03-28 13:23:00,40.748466,-73.97296,2,0,Driver Inattention/Distraction,4514675,0.0,-5.2,0.3,0.0,0.21,3.0,71,31.3,59.0,303,Snow fall: Light,2,2,Snowy Conditions
11404,2022-03-28 05:30:00,40.84869,-73.90329,0,0,Fell Asleep,4514200,0.0,-5.2,0.3,0.0,0.21,3.0,71,31.3,59.0,303,Snow fall: Light,0,0,Snowy Conditions
11405,2022-03-28 18:12:00,40.695705,-73.94637,1,0,Traffic Control Disregarded,4514432,0.0,-5.2,0.3,0.0,0.21,3.0,71,31.3,59.0,303,Snow fall: Light,1,1,Snowy Conditions
11406,2022-03-28 14:35:00,40.877106,-73.90616,0,0,Passing or Lane Usage Improper,4514513,0.0,-5.2,0.3,0.0,0.21,3.0,71,31.3,59.0,303,Snow fall: Light,0,0,Snowy Conditions
11407,2022-03-28 09:30:00,40.70564,-73.75048,1,0,Traffic Control Disregarded,4514246,0.0,-5.2,0.3,0.0,0.21,3.0,71,31.3,59.0,303,Snow fall: Light,1,1,Snowy Conditions
11408,2022-03-28 12:40:00,40.698677,-73.95886,4,0,Driver Inattention/Distraction,4514354,0.0,-5.2,0.3,0.0,0.21,3.0,71,31.3,59.0,303,Snow fall: Light,4,4,Snowy Conditions
11409,2022-03-28 08:25:00,40.820435,-73.93623,2,1,Unspecified,4514342,0.0,-5.2,0.3,0.0,0.21,3.0,71,31.3,59.0,303,Snow fall: Light,22,3,Snowy Conditions
11410,2023-01-10 14:00:00,40.77496,-73.9589,0,0,Unspecified,4598477,6.2,0.3,0.0,0.0,0.0,0.0,3,15.6,29.9,285,Overcast,0,0,
11411,2023-01-17 16:43:00,40.6577,-73.94058,0,0,Driver Inattention/Distraction,4598665,7.1,-2.3,0.9,0.9,0.0,2.0,53,13.2,24.5,254,Drizzle: Moderate,0,0,
11412,2021-09-20 20:00:00,40.74184,-73.88101,0,0,Passing or Lane Usage Improper,4460040,23.1,14.9,0.0,0.0,0.0,0.0,3,17.0,34.2,116,Overcast,0,0,
11413,2021-12-10 14:01:00,40.750763,-73.97445,1,0,Unspecified,4485269,8.5,1.6,0.0,0.0,0.0,0.0,3,9.8,20.5,183,Overcast,1,1,
11414,2021-12-10 23:00:00,40.816376,-73.948364,0,0,Driver Inattention/Distraction,4485933,8.5,1.6,0.0,0.0,0.0,0.0,3,9.8,20.5,183,Overcast,0,0,
11415,2021-12-10 00:10:00,40.852818,-73.90476,0,0,Driver Inattention/Distraction,4485118,8.5,1.6,0.0,0.0,0.0,0.0,3,9.8,20.5,183,Overcast,0,0,
11416,2021-12-09 20:45:00,40.69654,-73.72828,0,0,Unspecified,4485220,3.6,-2.0,0.1,0.0,0.07,1.0,71,19.2,33.8,295,Snow fall: Light,0,0,Snowy Conditions
11417,2021-12-09 08:30:00,40.582497,-73.95738,1,0,Failure to Yield Right-of-Way,4485534,3.6,-2.0,0.1,0.0,0.07,1.0,71,19.2,33.8,295,Snow fall: Light,1,1,Snowy Conditions
11418,2021-12-07 16:37:00,40.74084,-73.72681,1,0,Driver Inattention/Distraction,4485795,8.6,0.8,0.1,0.1,0.0,1.0,51,27.2,49.3,283,Drizzle: Light,1,1,
11419,2021-12-09 19:30:00,40.688675,-73.84123,0,0,Unsafe Speed,4485470,3.6,-2.0,0.1,0.0,0.07,1.0,71,19.2,33.8,295,Snow fall: Light,0,0,Snowy Conditions
11420,2021-12-09 21:45:00,40.591686,-73.94021,0,0,Pedestrian/Bicyclist/Other Pedestrian Error/Confusion,4485152,3.6,-2.0,0.1,0.0,0.07,1.0,71,19.2,33.8,295,Snow fall: Light,0,0,Snowy Conditions
11421,2021-12-08 22:51:00,40.70197,-73.80977,0,0,Fatigued/Drowsy,4485029,4.7,0.9,0.7,0.7,0.0,2.0,51,14.5,24.8,355,Drizzle: Light,0,0,
11422,2021-12-09 22:49:00,40.798443,-73.97089,1,0,Passing Too Closely,4485173,3.6,-2.0,0.1,0.0,0.07,1.0,71,19.2,33.8,295,Snow fall: Light,1,1,Snowy Conditions
11423,2021-12-08 13:25:00,40.845352,-73.92821,1,0,Oversized Vehicle,4484860,4.7,0.9,0.7,0.7,0.0,2.0,51,14.5,24.8,355,Drizzle: Light,1,1,
11424,2021-12-10 00:05:00,40.705784,-73.80959,1,0,,4485076,8.5,1.6,0.0,0.0,0.0,0.0,3,9.8,20.5,183,Overcast,1,1,
11425,2021-12-08 07:57:00,40.641945,-73.916626,0,0,Failure to Yield Right-of-Way,4485079,4.7,0.9,0.7,0.7,0.0,2.0,51,14.5,24.8,355,Drizzle: Light,0,0,
11426,2021-12-08 07:19:00,40.72015,-73.93783,0,0,Following Too Closely,4484587,4.7,0.9,0.7,0.7,0.0,2.0,51,14.5,24.8,355,Drizzle: Light,0,0,
11427,2021-12-09 09:25:00,40.836937,-73.927124,2,0,Aggressive Driving/Road Rage,4485140,3.6,-2.0,0.1,0.0,0.07,1.0,71,19.2,33.8,295,Snow fall: Light,2,2,Snowy Conditions
11428,2021-12-08 16:49:00,40.635525,-73.99487,1,0,Unspecified,4484886,4.7,0.9,0.7,0.7,0.0,2.0,51,14.5,24.8,355,Drizzle: Light,1,1,
11429,2021-12-08 12:40:00,40.623554,-73.953995,2,0,Failure to Yield Right-of-Way,4484898,4.7,0.9,0.7,0.7,0.0,2.0,51,14.5,24.8,355,Drizzle: Light,2,2,
11430,2021-12-09 20:20:00,40.644337,-74.00754,1,0,Unspecified,4485188,3.6,-2.0,0.1,0.0,0.07,1.0,71,19.2,33.8,295,Snow fall: Light,1,1,Snowy Conditions
11431,2021-12-06 12:10:00,40.762074,-73.91869,0,0,Driver Inattention/Distraction,4485368,16.3,7.7,6.3,6.3,0.0,10.0,61,35.1,65.5,201,Rain: Light,0,0,
11432,2021-12-09 14:24:00,40.872494,-73.88147,1,0,Driver Inattention/Distraction,4485113,3.6,-2.0,0.1,0.0,0.07,1.0,71,19.2,33.8,295,Snow fall: Light,1,1,Snowy Conditions
11433,2021-12-09 17:10:00,40.550434,-74.13608,1,0,Unspecified,4485205,3.6,-2.0,0.1,0.0,0.07,1.0,71,19.2,33.8,295,Snow fall: Light,1,1,Snowy Conditions
11434,2021-12-08 17:55:00,40.676025,-73.80905,1,0,Failure to Yield Right-of-Way,4484817,4.7,0.9,0.7,0.7,0.0,2.0,51,14.5,24.8,355,Drizzle: Light,1,1,
11435,2021-12-09 13:52:00,40.738796,-73.97716,1,0,Driver Inattention/Distraction,4484993,3.6,-2.0,0.1,0.0,0.07,1.0,71,19.2,33.8,295,Snow fall: Light,1,1,Snowy Conditions
11436,2021-12-10 20:31:00,40.7609,-73.87018,1,0,Driver Inattention/Distraction,4485284,8.5,1.6,0.0,0.0,0.0,0.0,3,9.8,20.5,183,Overcast,1,1,
11437,2021-12-10 18:30:00,40.758022,-73.981804,0,0,Driver Inattention/Distraction,4485330,8.5,1.6,0.0,0.0,0.0,0.0,3,9.8,20.5,183,Overcast,0,0,
11438,2021-09-20 09:14:00,40.7712,-73.83345,0,0,Following Too Closely,4459245,23.1,14.9,0.0,0.0,0.0,0.0,3,17.0,34.2,116,Overcast,0,0,
11439,2021-09-20 22:37:00,40.605335,-73.75528,0,0,Unspecified,4459384,23.1,14.9,0.0,0.0,0.0,0.0,3,17.0,34.2,116,Overcast,0,0,
11440,2021-09-20 03:00:00,40.680695,-74.002975,2,0,Tire Failure/Inadequate,4459312,23.1,14.9,0.0,0.0,0.0,0.0,3,17.0,34.2,116,Overcast,2,2,
11441,2021-09-13 21:00:00,40.624813,-73.917816,0,0,Driver Inattention/Distraction,4459956,28.8,21.8,1.1,1.1,0.0,2.0,53,20.1,36.7,277,Drizzle: Moderate,0,0,
11442,2021-09-18 21:32:00,40.6294,-73.99949,0,0,Unspecified,4459771,27.1,19.2,0.2,0.2,0.0,2.0,51,14.6,25.9,349,Drizzle: Light,0,0,
11443,2021-09-20 07:30:00,40.671825,-73.774506,1,0,Failure to Yield Right-of-Way,4459749,23.1,14.9,0.0,0.0,0.0,0.0,3,17.0,34.2,116,Overcast,1,1,
11444,2021-09-20 00:33:00,40.74594,-73.90006,0,0,Following Too Closely,4458867,23.1,14.9,0.0,0.0,0.0,0.0,3,17.0,34.2,116,Overcast,0,0,
11445,2021-09-20 20:44:00,40.6462,-73.93175,1,0,Unspecified,4459290,23.1,14.9,0.0,0.0,0.0,0.0,3,17.0,34.2,116,Overcast,1,1,
11446,2021-08-24 17:00:00,40.693195,-73.92859,1,0,,4459968,30.6,21.9,0.0,0.0,0.0,0.0,1,13.9,28.1,291,Mainly clear,1,1,Sunny/Clear Conditions
11447,2022-03-28 01:40:00,40.828743,-73.843994,0,0,Driver Inattention/Distraction,4514780,0.0,-5.2,0.3,0.0,0.21,3.0,71,31.3,59.0,303,Snow fall: Light,0,0,Snowy Conditions
11448,2021-09-20 21:48:00,40.68261,-73.97642,0,0,Failure to Yield Right-of-Way,4459338,23.1,14.9,0.0,0.0,0.0,0.0,3,17.0,34.2,116,Overcast,0,0,
11449,2021-09-11 06:13:00,40.82325,-73.88277,0,0,Passing or Lane Usage Improper,4459708,24.7,12.9,0.0,0.0,0.0,0.0,3,16.6,34.2,246,Overcast,0,0,
11450,2021-08-14 22:01:00,40.686516,-73.9675,1,0,Turning Improperly,4459819,31.3,24.2,2.5,2.5,0.0,5.0,55,16.9,32.8,286,Drizzle: Dense,1,1,
11451,2021-08-30 13:47:00,40.67887,-73.92165,1,0,Driver Inattention/Distraction,4459879,28.7,21.7,3.9,3.9,0.0,7.0,63,14.7,33.8,231,Rain: Moderate,1,1,
11452,2021-09-20 04:20:00,40.749844,-73.883385,0,0,Fell Asleep,4459015,23.1,14.9,0.0,0.0,0.0,0.0,3,17.0,34.2,116,Overcast,0,0,
11453,2021-09-20 21:32:00,40.81419,-73.92689,0,0,Unspecified,4459349,23.1,14.9,0.0,0.0,0.0,0.0,3,17.0,34.2,116,Overcast,0,0,
11454,2021-09-18 16:12:00,40.638794,-73.97075,0,0,Unspecified,4459768,27.1,19.2,0.2,0.2,0.0,2.0,51,14.6,25.9,349,Drizzle: Light,0,0,
11455,2021-09-20 15:14:00,40.73332,-73.79114,0,0,Failure to Yield Right-of-Way,4459808,23.1,14.9,0.0,0.0,0.0,0.0,3,17.0,34.2,116,Overcast,0,0,
11456,2021-09-20 06:40:00,40.82178,-73.82087,0,0,Other Vehicular,4459675,23.1,14.9,0.0,0.0,0.0,0.0,3,17.0,34.2,116,Overcast,0,0,
11457,2021-09-20 05:00:00,40.8316,-73.87892,0,0,Unspecified,4459047,23.1,14.9,0.0,0.0,0.0,0.0,3,17.0,34.2,116,Overcast,0,0,
11458,2021-09-20 09:09:00,40.871128,-73.90449,0,0,Backing Unsafely,4459208,23.1,14.9,0.0,0.0,0.0,0.0,3,17.0,34.2,116,Overcast,0,0,
11459,2021-09-20 08:07:00,40.680218,-73.775505,1,0,Failure to Yield Right-of-Way,4459389,23.1,14.9,0.0,0.0,0.0,0.0,3,17.0,34.2,116,Overcast,1,1,
11460,2021-09-10 05:01:00,40.686577,-73.947464,0,0,Traffic Control Disregarded,4459938,22.9,16.0,0.0,0.0,0.0,0.0,3,24.2,47.2,314,Overcast,0,0,
11461,2021-09-20 14:45:00,40.71769,-73.831406,1,0,Driver Inattention/Distraction,4459419,23.1,14.9,0.0,0.0,0.0,0.0,3,17.0,34.2,116,Overcast,1,1,
11462,2021-09-20 08:56:00,40.856743,-73.917625,1,0,Driver Inattention/Distraction,4459487,23.1,14.9,0.0,0.0,0.0,0.0,3,17.0,34.2,116,Overcast,1,1,
11463,2021-09-20 08:45:00,40.71801,-73.76514,1,0,Failure to Yield Right-of-Way,4459164,23.1,14.9,0.0,0.0,0.0,0.0,3,17.0,34.2,116,Overcast,1,1,
11464,2021-09-20 10:45:00,40.529453,-74.211006,1,0,Traffic Control Disregarded,4459105,23.1,14.9,0.0,0.0,0.0,0.0,3,17.0,34.2,116,Overcast,1,1,
11465,2021-09-16 14:35:00,40.757385,-73.98226,1,0,Driver Inexperience,4459832,23.9,19.1,4.0,4.0,0.0,10.0,55,18.8,37.8,38,Drizzle: Dense,1,1,
11466,2021-09-20 13:01:00,40.718666,-73.9635,1,0,Driver Inattention/Distraction,4459864,23.1,14.9,0.0,0.0,0.0,0.0,3,17.0,34.2,116,Overcast,1,1,
11467,2021-09-17 06:40:00,40.692314,-73.88268,0,0,Failure to Yield Right-of-Way,4459893,23.6,20.1,1.0,1.0,0.0,7.0,51,20.3,38.9,59,Drizzle: Light,0,0,
11468,2021-09-20 11:05:00,40.824028,-73.873665,0,0,Backing Unsafely,4459147,23.1,14.9,0.0,0.0,0.0,0.0,3,17.0,34.2,116,Overcast,0,0,
11469,2021-09-20 10:03:00,40.772045,-73.87623,3,0,Driver Inattention/Distraction,4459108,23.1,14.9,0.0,0.0,0.0,0.0,3,17.0,34.2,116,Overcast,3,3,
11470,2021-09-20 17:20:00,40.56444,-74.12676,0,0,Unspecified,4459195,23.1,14.9,0.0,0.0,0.0,0.0,3,17.0,34.2,116,Overcast,0,0,
11471,2021-09-20 00:45:00,40.73675,-73.87945,0,0,Driver Inattention/Distraction,4459078,23.1,14.9,0.0,0.0,0.0,0.0,3,17.0,34.2,116,Overcast,0,0,
11472,2021-09-20 23:43:00,40.66645,-73.75764,0,0,Unspecified,4459532,23.1,14.9,0.0,0.0,0.0,0.0,3,17.0,34.2,116,Overcast,0,0,
11473,2021-09-19 01:30:00,40.639256,-73.968796,0,0,Unspecified,4460055,23.6,16.8,0.0,0.0,0.0,0.0,2,17.6,35.6,0,Partly cloudy,0,0,
11474,2021-09-20 17:00:00,40.77099,-73.99092,1,0,Unspecified,4459332,23.1,14.9,0.0,0.0,0.0,0.0,3,17.0,34.2,116,Overcast,1,1,
11475,2021-09-20 20:30:00,40.724655,-73.935585,1,0,Passing or Lane Usage Improper,4459356,23.1,14.9,0.0,0.0,0.0,0.0,3,17.0,34.2,116,Overcast,1,1,
11476,2021-09-14 15:24:00,40.65319,-73.96622,1,0,Passing or Lane Usage Improper,4459949,26.0,19.0,0.2,0.2,0.0,1.0,51,18.0,35.6,138,Drizzle: Light,1,1,
11477,2021-09-20 12:45:00,40.73635,-73.993385,0,0,Unspecified,4459603,23.1,14.9,0.0,0.0,0.0,0.0,3,17.0,34.2,116,Overcast,0,0,
11478,2021-09-20 08:48:00,40.649128,-73.87967,0,0,Driver Inattention/Distraction,4459097,23.1,14.9,0.0,0.0,0.0,0.0,3,17.0,34.2,116,Overcast,0,0,