,CRASH DATETIME,LATITUDE,LONGITUDE,NUMBER OF PERSONS INJURED,NUMBER OF PERSONS KILLED,CONTRIBUTING FACTOR VEHICLE 1,COLLISION_ID,temperature_2m_max,temperature_2m_min,precipitation_sum,rain_sum,snowfall_sum,precipitation_hours,weather_code,wind_speed_10m_max,wind_gusts_10m_max,wind_direction_10m_dominant,Weather Description,Severity_Score,Total_Affected_Persons,Weather_Category
11479,2021-09-20 10:30:00,40.75247,-73.96456,0,1,Lost Consciousness,4459180,23.1,14.9,0.0,0.0,0.0,0.0,3,17.0,34.2,116,Overcast,20,1,
11480,2021-09-20 12:51:00,40.615364,-73.94575,1,0,Unspecified,4459303,23.1,14.9,0.0,0.0,0.0,0.0,3,17.0,34.2,116,Overcast,1,1,
11481,2022-03-28 17:30:00,40.766556,-73.96294,1,0,Passing or Lane Usage Improper,4514839,0.0,-5.2,0.3,0.0,0.21,3.0,71,31.3,59.0,303,Snow fall: Light,1,1,Snowy Conditions
11482,2021-09-20 11:04:00,40.679073,-73.92527,1,0,Unspecified,4459899,23.1,14.9,0.0,0.0,0.0,0.0,3,17.0,34.2,116,Overcast,1,1,
11483,2021-09-20 10:36:00,40.878464,-73.82828,1,0,Turning Improperly,4459417,23.1,14.9,0.0,0.0,0.0,0.0,3,17.0,34.2,116,Overcast,1,1,
11484,2021-09-20 01:10:00,40.834354,-73.94096,1,0,Aggressive Driving/Road Rage,4459736,23.1,14.9,0.0,0.0,0.0,0.0,3,17.0,34.2,116,Overcast,1,1,
11485,2021-09-19 12:31:00,40.868797,-73.90232,0,0,Unspecified,4459833,23.6,16.8,0.0,0.0,0.0,0.0,2,17.6,35.6,0,Partly cloudy,0,0,
11486,2021-09-20 13:10:00,40.746243,-73.75979,0,0,Backing Unsafely,4459209,23.1,14.9,0.0,0.0,0.0,0.0,3,17.0,34.2,116,Overcast,0,0,
11487,2021-08-03 16:49:00,40.718693,-73.87414,1,0,Following Too Closely,4459888,24.2,15.3,0.0,0.0,0.0,0.0,3,10.7,21.2,7,Overcast,1,1,
11488,2021-09-20 19:53:00,40.76095,-73.832756,1,0,Failure to Yield Right-of-Way,4459269,23.1,14.9,0.0,0.0,0.0,0.0,3,17.0,34.2,116,Overcast,1,1,
11489,2021-09-10 09:08:00,40.787003,-73.97552,0,0,Passing Too Closely,4459793,22.9,16.0,0.0,0.0,0.0,0.0,3,24.2,47.2,314,Overcast,0,0,
11490,2021-09-20 12:41:00,40.69035,-73.84108,1,0,Aggressive Driving/Road Rage,4459118,23.1,14.9,0.0,0.0,0.0,0.0,3,17.0,34.2,116,Overcast,1,1,
11491,2021-09-20 16:33:00,40.815205,-73.947495,2,0,Other Vehicular,4459707,23.1,14.9,0.0,0.0,0.0,0.0,3,17.0,34.2,116,Overcast,2,2,
11492,2021-09-20 16:46:00,40.734768,-73.99064,1,0,Unspecified,4459456,23.1,14.9,0.0,0.0,0.0,0.0,3,17.0,34.2,116,Overcast,1,1,
11493,2021-09-20 14:00:00,40.60729,-74.14086,2,0,Driver Inattention/Distraction,4459509,23.1,14.9,0.0,0.0,0.0,0.0,3,17.0,34.2,116,Overcast,2,2,
11494,2021-09-11 14:00:00,40.69469,-73.90252,0,0,Passing Too Closely,4459894,24.7,12.9,0.0,0.0,0.0,0.0,3,16.6,34.2,246,Overcast,0,0,
11495,2021-09-19 09:06:00,40.84271,-73.885666,1,0,Failure to Yield Right-of-Way,4459700,23.6,16.8,0.0,0.0,0.0,0.0,2,17.6,35.6,0,Partly cloudy,1,1,
11496,2021-09-20 17:40:00,40.70717,-73.94491,0,0,Failure to Yield Right-of-Way,4459320,23.1,14.9,0.0,0.0,0.0,0.0,3,17.0,34.2,116,Overcast,0,0,
11497,2021-09-19 13:42:00,40.636425,-74.00501,0,0,Alcohol Involvement,4459754,23.6,16.8,0.0,0.0,0.0,0.0,2,17.6,35.6,0,Partly cloudy,0,0,
11498,2021-09-20 17:54:00,40.818558,-73.92732,0,0,Unspecified,4459350,23.1,14.9,0.0,0.0,0.0,0.0,3,17.0,34.2,116,Overcast,0,0,
11499,2022-03-28 16:10:00,40.820503,-73.8881,1,0,Unspecified,4514692,0.0,-5.2,0.3,0.0,0.21,3.0,71,31.3,59.0,303,Snow fall: Light,1,1,Snowy Conditions
11500,2021-09-20 15:53:00,40.667835,-73.89484,0,0,Following Too Closely,4459286,23.1,14.9,0.0,0.0,0.0,0.0,3,17.0,34.2,116,Overcast,0,0,
11501,2021-09-20 11:10:00,40.774357,-73.908195,0,0,Unspecified,4459408,23.1,14.9,0.0,0.0,0.0,0.0,3,17.0,34.2,116,Overcast,0,0,
11502,2021-09-14 16:58:00,40.888596,-73.89068,2,0,Unspecified,4459824,26.0,19.0,0.2,0.2,0.0,1.0,51,18.0,35.6,138,Drizzle: Light,2,2,
11503,2021-09-20 16:40:00,40.864143,-73.89858,0,0,,4459228,23.1,14.9,0.0,0.0,0.0,0.0,3,17.0,34.2,116,Overcast,0,0,
11504,2021-09-04 07:02:00,40.713806,-73.88424,0,0,Unsafe Speed,4459717,25.2,14.5,0.0,0.0,0.0,0.0,3,15.4,27.0,289,Overcast,0,0,
11505,2021-09-20 14:25:00,40.872494,-73.88147,1,0,Unspecified,4459851,23.1,14.9,0.0,0.0,0.0,0.0,3,17.0,34.2,116,Overcast,1,1,
11506,2021-09-20 22:40:00,40.667915,-73.77523,2,0,Driver Inexperience,4459366,23.1,14.9,0.0,0.0,0.0,0.0,3,17.0,34.2,116,Overcast,2,2,
11507,2021-09-20 00:23:00,40.656765,-73.91815,1,0,Failure to Yield Right-of-Way,4459292,23.1,14.9,0.0,0.0,0.0,0.0,3,17.0,34.2,116,Overcast,1,1,
11508,2021-09-20 16:08:00,40.671825,-73.774506,1,0,Turning Improperly,4459368,23.1,14.9,0.0,0.0,0.0,0.0,3,17.0,34.2,116,Overcast,1,1,
11509,2021-09-20 08:00:00,40.594982,-73.94953,0,0,Unspecified,4459340,23.1,14.9,0.0,0.0,0.0,0.0,3,17.0,34.2,116,Overcast,0,0,
11510,2021-09-18 14:15:00,40.713055,-73.782196,0,0,Unspecified,4459762,27.1,19.2,0.2,0.2,0.0,2.0,51,14.6,25.9,349,Drizzle: Light,0,0,
11511,2021-09-20 01:45:00,40.665054,-73.81581,0,0,Driver Inattention/Distraction,4458893,23.1,14.9,0.0,0.0,0.0,0.0,3,17.0,34.2,116,Overcast,0,0,
11512,2021-09-19 19:00:00,40.62368,-74.10426,0,0,View Obstructed/Limited,4459799,23.6,16.8,0.0,0.0,0.0,0.0,2,17.6,35.6,0,Partly cloudy,0,0,
11513,2021-09-07 01:00:00,40.82928,-73.87538,0,0,Unspecified,4459883,25.9,15.2,0.0,0.0,0.0,0.0,1,12.5,25.6,259,Mainly clear,0,0,Sunny/Clear Conditions
11514,2021-09-20 13:56:00,40.72802,-73.86368,1,0,Passing or Lane Usage Improper,4459256,23.1,14.9,0.0,0.0,0.0,0.0,3,17.0,34.2,116,Overcast,1,1,
11515,2021-09-10 11:44:00,40.704594,-73.90826,1,0,Failure to Yield Right-of-Way,4459878,22.9,16.0,0.0,0.0,0.0,0.0,3,24.2,47.2,314,Overcast,1,1,
11516,2021-09-15 07:50:00,40.903957,-73.90306,0,0,Unspecified,4459842,29.6,20.7,0.3,0.3,0.0,3.0,51,21.6,40.7,192,Drizzle: Light,0,0,
11517,2021-09-20 16:12:00,40.817795,-73.89319,1,0,Unspecified,4459748,23.1,14.9,0.0,0.0,0.0,0.0,3,17.0,34.2,116,Overcast,1,1,
11518,2021-09-20 03:08:00,40.762276,-73.89134,1,0,Driver Inattention/Distraction,4459018,23.1,14.9,0.0,0.0,0.0,0.0,3,17.0,34.2,116,Overcast,1,1,
11519,2021-09-20 14:50:00,40.869545,-73.87972,0,0,Driver Inattention/Distraction,4459226,23.1,14.9,0.0,0.0,0.0,0.0,3,17.0,34.2,116,Overcast,0,0,
11520,2021-09-20 12:50:00,40.8216,-73.91211,0,0,Unspecified,4459345,23.1,14.9,0.0,0.0,0.0,0.0,3,17.0,34.2,116,Overcast,0,0,
11521,2021-09-14 14:00:00,40.718887,-73.8416,0,0,Driver Inattention/Distraction,4459810,26.0,19.0,0.2,0.2,0.0,1.0,51,18.0,35.6,138,Drizzle: Light,0,0,
11522,2021-09-20 17:30:00,40.638966,-73.94251,3,0,Unspecified,4459287,23.1,14.9,0.0,0.0,0.0,0.0,3,17.0,34.2,116,Overcast,3,3,
11523,2021-09-16 05:53:00,40.817196,-73.93637,0,0,Driver Inattention/Distraction,4459713,23.9,19.1,4.0,4.0,0.0,10.0,55,18.8,37.8,38,Drizzle: Dense,0,0,
11524,2021-08-08 03:30:00,40.73929,-73.85288,0,0,Following Too Closely,4460044,22.9,19.4,12.7,12.7,0.0,17.0,63,19.9,36.0,38,Rain: Moderate,0,0,
11525,2021-09-20 15:10:00,40.672886,-73.99922,0,0,Driver Inattention/Distraction,4459314,23.1,14.9,0.0,0.0,0.0,0.0,3,17.0,34.2,116,Overcast,0,0,
11526,2021-09-20 13:31:00,40.685146,-73.96724,2,0,Passing or Lane Usage Improper,4459922,23.1,14.9,0.0,0.0,0.0,0.0,3,17.0,34.2,116,Overcast,2,2,
11527,2021-09-19 16:45:00,40.688564,-73.93019,1,0,Driver Inexperience,4459867,23.6,16.8,0.0,0.0,0.0,0.0,2,17.6,35.6,0,Partly cloudy,1,1,
11528,2021-09-18 19:09:00,40.778606,-73.98163,1,0,Unspecified,4459790,27.1,19.2,0.2,0.2,0.0,2.0,51,14.6,25.9,349,Drizzle: Light,1,1,
11529,2021-09-20 16:28:00,40.692562,-73.92799,0,0,Unspecified,4459964,23.1,14.9,0.0,0.0,0.0,0.0,3,17.0,34.2,116,Overcast,0,0,
11530,2021-09-20 08:50:00,40.68981,-73.85808,0,0,Unspecified,4459117,23.1,14.9,0.0,0.0,0.0,0.0,3,17.0,34.2,116,Overcast,0,0,
11531,2021-09-20 10:25:00,40.565235,-74.181404,0,0,Driver Inattention/Distraction,4459150,23.1,14.9,0.0,0.0,0.0,0.0,3,17.0,34.2,116,Overcast,0,0,
11532,2021-09-18 19:45:00,40.68005,-73.94327,0,0,Passing or Lane Usage Improper,4459858,27.1,19.2,0.2,0.2,0.0,2.0,51,14.6,25.9,349,Drizzle: Light,0,0,
11533,2021-09-20 20:00:00,40.74854,-73.94964,1,0,Driver Inattention/Distraction,4459246,23.1,14.9,0.0,0.0,0.0,0.0,3,17.0,34.2,116,Overcast,1,1,
11534,2021-09-20 01:02:00,40.867012,-73.92312,0,0,Driver Inattention/Distraction,4459593,23.1,14.9,0.0,0.0,0.0,0.0,3,17.0,34.2,116,Overcast,0,0,
11535,2021-07-21 00:00:00,40.69515,-73.96248,0,0,Driver Inattention/Distraction,4459818,27.6,20.9,1.4,1.4,0.0,4.0,53,16.0,31.3,315,Drizzle: Moderate,0,0,
11536,2021-09-20 04:21:00,40.7535,-73.90492,1,0,Unspecified,4459099,23.1,14.9,0.0,0.0,0.0,0.0,3,17.0,34.2,116,Overcast,1,1,
11537,2021-09-20 11:44:00,40.741512,-73.89056,0,0,Unspecified,4459458,23.1,14.9,0.0,0.0,0.0,0.0,3,17.0,34.2,116,Overcast,0,0,
11538,2021-09-20 07:45:00,40.723602,-73.731766,1,0,Unspecified,4459126,23.1,14.9,0.0,0.0,0.0,0.0,3,17.0,34.2,116,Overcast,1,1,
11539,2021-09-20 07:25:00,40.632492,-73.97344,3,0,Driver Inattention/Distraction,4459302,23.1,14.9,0.0,0.0,0.0,0.0,3,17.0,34.2,116,Overcast,3,3,
11540,2021-09-17 10:00:00,40.796524,-73.94848,0,0,Passing Too Closely,4459739,23.6,20.1,1.0,1.0,0.0,7.0,51,20.3,38.9,59,Drizzle: Light,0,0,
11541,2021-09-13 01:26:00,40.78809,-73.98271,2,0,Unsafe Speed,4459782,28.8,21.8,1.1,1.1,0.0,2.0,53,20.1,36.7,277,Drizzle: Moderate,2,2,
11542,2021-09-20 15:55:00,40.77678,-73.95124,0,0,Unspecified,4459618,23.1,14.9,0.0,0.0,0.0,0.0,3,17.0,34.2,116,Overcast,0,0,
11543,2021-09-13 16:47:00,40.723484,-73.95165,0,0,Unspecified,4460031,28.8,21.8,1.1,1.1,0.0,2.0,53,20.1,36.7,277,Drizzle: Moderate,0,0,
11544,2021-09-20 17:00:00,40.63082,-73.88636,0,0,Traffic Control Disregarded,4459240,23.1,14.9,0.0,0.0,0.0,0.0,3,17.0,34.2,116,Overcast,0,0,
11545,2021-09-20 23:25:00,40.775646,-73.78627,1,0,Fell Asleep,4459307,23.1,14.9,0.0,0.0,0.0,0.0,3,17.0,34.2,116,Overcast,1,1,
11546,2021-09-13 17:25:00,40.678116,-73.92172,1,0,Failure to Yield Right-of-Way,4459905,28.8,21.8,1.1,1.1,0.0,2.0,53,20.1,36.7,277,Drizzle: Moderate,1,1,
11547,2021-09-06 13:44:00,40.710117,-73.87514,0,0,Unspecified,4459897,26.9,18.4,0.0,0.0,0.0,0.0,3,19.6,37.8,273,Overcast,0,0,
11548,2021-09-18 04:00:00,40.884045,-73.910446,0,0,Fell Asleep,4459829,27.1,19.2,0.2,0.2,0.0,2.0,51,14.6,25.9,349,Drizzle: Light,0,0,
11549,2021-09-20 22:30:00,40.838127,-73.946526,1,0,Driver Inattention/Distraction,4459728,23.1,14.9,0.0,0.0,0.0,0.0,3,17.0,34.2,116,Overcast,1,1,
11550,2021-08-27 02:50:00,40.710728,-73.91863,0,0,Driver Inattention/Distraction,4459889,32.2,23.4,1.4,1.4,0.0,2.0,55,9.4,22.3,299,Drizzle: Dense,0,0,
11551,2021-09-20 16:10:00,40.83238,-73.89271,0,0,Driver Inattention/Distraction,4459429,23.1,14.9,0.0,0.0,0.0,0.0,3,17.0,34.2,116,Overcast,0,0,
11552,2021-09-20 05:30:00,40.837482,-73.86823,0,0,Unspecified,4459046,23.1,14.9,0.0,0.0,0.0,0.0,3,17.0,34.2,116,Overcast,0,0,
11553,2021-09-20 19:46:00,40.646626,-73.90399,1,0,Failure to Yield Right-of-Way,4459556,23.1,14.9,0.0,0.0,0.0,0.0,3,17.0,34.2,116,Overcast,1,1,
11554,2021-09-20 16:26:00,40.80087,-73.94098,0,0,View Obstructed/Limited,4459196,23.1,14.9,0.0,0.0,0.0,0.0,3,17.0,34.2,116,Overcast,0,0,
11555,2021-09-20 07:15:00,40.64759,-74.01142,0,0,Unspecified,4459468,23.1,14.9,0.0,0.0,0.0,0.0,3,17.0,34.2,116,Overcast,0,0,
11556,2021-09-20 15:20:00,40.68676,-73.78449,0,0,Failure to Yield Right-of-Way,4459388,23.1,14.9,0.0,0.0,0.0,0.0,3,17.0,34.2,116,Overcast,0,0,
11557,2021-09-20 21:13:00,40.76229,-73.986115,1,0,Driver Inattention/Distraction,4459326,23.1,14.9,0.0,0.0,0.0,0.0,3,17.0,34.2,116,Overcast,1,1,
11558,2021-09-20 18:25:00,40.72433,-74.0094,0,0,Backing Unsafely,4459904,23.1,14.9,0.0,0.0,0.0,0.0,3,17.0,34.2,116,Overcast,0,0,
11559,2021-09-09 15:50:00,40.78818,-73.98287,0,0,Driver Inattention/Distraction,4459786,22.4,19.8,18.4,18.4,0.0,15.0,63,17.5,39.2,271,Rain: Moderate,0,0,
11560,2021-09-20 20:15:00,40.727097,-73.95269,1,0,Aggressive Driving/Road Rage,4459354,23.1,14.9,0.0,0.0,0.0,0.0,3,17.0,34.2,116,Overcast,1,1,
11561,2021-09-20 15:20:00,40.83923,-73.94555,1,0,Failure to Yield Right-of-Way,4459731,23.1,14.9,0.0,0.0,0.0,0.0,3,17.0,34.2,116,Overcast,1,1,
11562,2021-09-10 00:43:00,40.685112,-73.94717,0,0,Driver Inattention/Distraction,4459937,22.9,16.0,0.0,0.0,0.0,0.0,3,24.2,47.2,314,Overcast,0,0,
11563,2021-09-20 19:30:00,40.622086,-74.02865,0,0,Driver Inattention/Distraction,4459266,23.1,14.9,0.0,0.0,0.0,0.0,3,17.0,34.2,116,Overcast,0,0,
11564,2021-09-20 16:38:00,40.817047,-73.96078,1,0,Unspecified,4459595,23.1,14.9,0.0,0.0,0.0,0.0,3,17.0,34.2,116,Overcast,1,1,
11565,2021-09-19 17:15:00,40.848396,-73.90605,2,0,Driver Inattention/Distraction,4459702,23.6,16.8,0.0,0.0,0.0,0.0,2,17.6,35.6,0,Partly cloudy,2,2,
11566,2021-09-20 15:50:00,40.726837,-73.71356,0,0,Following Too Closely,4459306,23.1,14.9,0.0,0.0,0.0,0.0,3,17.0,34.2,116,Overcast,0,0,
11567,2021-09-20 07:18:00,40.821926,-73.853065,0,0,Unspecified,4459076,23.1,14.9,0.0,0.0,0.0,0.0,3,17.0,34.2,116,Overcast,0,0,
11568,2021-09-20 14:00:00,40.57563,-73.96395,0,0,Unspecified,4459361,23.1,14.9,0.0,0.0,0.0,0.0,3,17.0,34.2,116,Overcast,0,0,
11569,2021-09-20 10:00:00,40.708405,-73.7679,1,0,Passing Too Closely,4459162,23.1,14.9,0.0,0.0,0.0,0.0,3,17.0,34.2,116,Overcast,1,1,
11570,2021-09-20 12:04:00,40.641815,-73.99582,0,0,Unspecified,4460054,23.1,14.9,0.0,0.0,0.0,0.0,3,17.0,34.2,116,Overcast,0,0,
11571,2021-09-20 07:47:00,40.873695,-73.824394,0,0,Driver Inattention/Distraction,4459369,23.1,14.9,0.0,0.0,0.0,0.0,3,17.0,34.2,116,Overcast,0,0,
11572,2021-09-20 07:27:00,40.72837,-73.87114,1,0,Driver Inattention/Distraction,4459255,23.1,14.9,0.0,0.0,0.0,0.0,3,17.0,34.2,116,Overcast,1,1,
11573,2021-09-20 15:30:00,40.715443,-73.95185,1,0,Failure to Yield Right-of-Way,4459359,23.1,14.9,0.0,0.0,0.0,0.0,3,17.0,34.2,116,Overcast,1,1,
11574,2021-09-20 14:55:00,40.646126,-73.959206,1,0,Unspecified,4459946,23.1,14.9,0.0,0.0,0.0,0.0,3,17.0,34.2,116,Overcast,1,1,
11575,2021-09-20 16:10:00,40.714104,-73.95322,0,0,Passing Too Closely,4459319,23.1,14.9,0.0,0.0,0.0,0.0,3,17.0,34.2,116,Overcast,0,0,
11576,2021-09-17 18:36:00,40.617382,-73.965744,1,0,Unspecified,4459763,23.6,20.1,1.0,1.0,0.0,7.0,51,20.3,38.9,59,Drizzle: Light,1,1,
11577,2021-09-20 00:00:00,40.666573,-73.82016,0,0,Traffic Control Disregarded,4458901,23.1,14.9,0.0,0.0,0.0,0.0,3,17.0,34.2,116,Overcast,0,0,
11578,2021-09-08 05:35:00,40.831924,-73.85104,1,0,Turning Improperly,4459800,26.4,19.6,0.7,0.7,0.0,6.0,51,26.7,55.8,187,Drizzle: Light,1,1,
11579,2021-09-20 15:00:00,40.790543,-73.94437,0,0,Passing Too Closely,4460018,23.1,14.9,0.0,0.0,0.0,0.0,3,17.0,34.2,116,Overcast,0,0,
11580,2021-09-17 13:25:00,40.73226,-74.003586,0,0,Unspecified,4459691,23.6,20.1,1.0,1.0,0.0,7.0,51,20.3,38.9,59,Drizzle: Light,0,0,
11581,2021-09-03 12:43:00,40.83022,-73.86371,1,0,Unspecified,4459882,21.9,14.0,0.0,0.0,0.0,0.0,3,14.5,30.2,321,Overcast,1,1,
11582,2021-09-19 02:25:00,40.684734,-73.950455,0,0,Driver Inattention/Distraction,4459859,23.6,16.8,0.0,0.0,0.0,0.0,2,17.6,35.6,0,Partly cloudy,0,0,
11583,2021-09-20 20:25:00,40.729572,-73.83383,0,0,Pedestrian/Bicyclist/Other Pedestrian Error/Confusion,4459460,23.1,14.9,0.0,0.0,0.0,0.0,3,17.0,34.2,116,Overcast,0,0,
11584,2021-09-20 09:06:00,40.683594,-73.80345,1,0,Brakes Defective,4459124,23.1,14.9,0.0,0.0,0.0,0.0,3,17.0,34.2,116,Overcast,1,1,
11585,2021-09-20 08:04:00,40.66952,-73.94456,0,0,Passing or Lane Usage Improper,4459127,23.1,14.9,0.0,0.0,0.0,0.0,3,17.0,34.2,116,Overcast,0,0,
11586,2021-09-20 21:00:00,40.677296,-73.87682,1,0,Failure to Yield Right-of-Way,4459410,23.1,14.9,0.0,0.0,0.0,0.0,3,17.0,34.2,116,Overcast,1,1,
11587,2021-09-18 18:45:00,40.623055,-74.11327,1,0,Following Too Closely,4459798,27.1,19.2,0.2,0.2,0.0,2.0,51,14.6,25.9,349,Drizzle: Light,1,1,
11588,2021-09-20 10:10:00,40.734795,-73.80115,0,0,Unsafe Speed,4459178,23.1,14.9,0.0,0.0,0.0,0.0,3,17.0,34.2,116,Overcast,0,0,
11589,2021-09-20 12:00:00,40.691433,-73.89063,1,0,Following Too Closely,4459440,23.1,14.9,0.0,0.0,0.0,0.0,3,17.0,34.2,116,Overcast,1,1,
11590,2021-09-20 09:20:00,40.585976,-73.93791,0,0,Driver Inattention/Distraction,4459238,23.1,14.9,0.0,0.0,0.0,0.0,3,17.0,34.2,116,Overcast,0,0,
11591,2021-09-20 17:15:00,40.58839,-74.16793,0,0,Unspecified,4459511,23.1,14.9,0.0,0.0,0.0,0.0,3,17.0,34.2,116,Overcast,0,0,
11592,2021-09-11 21:45:00,40.689022,-73.93925,1,0,Passing Too Closely,4459856,24.7,12.9,0.0,0.0,0.0,0.0,3,16.6,34.2,246,Overcast,1,1,
11593,2021-09-20 07:40:00,40.66478,-73.8939,0,0,Other Vehicular,4459090,23.1,14.9,0.0,0.0,0.0,0.0,3,17.0,34.2,116,Overcast,0,0,
11594,2021-09-20 23:00:00,40.903996,-73.84214,0,0,Unsafe Speed,4459414,23.1,14.9,0.0,0.0,0.0,0.0,3,17.0,34.2,116,Overcast,0,0,
11595,2021-09-20 09:43:00,40.68748,-74.00054,0,0,Unspecified,4459492,23.1,14.9,0.0,0.0,0.0,0.0,3,17.0,34.2,116,Overcast,0,0,
11596,2021-09-20 07:58:00,40.689735,-73.97611,1,0,Unspecified,4459588,23.1,14.9,0.0,0.0,0.0,0.0,3,17.0,34.2,116,Overcast,1,1,
11597,2021-09-20 07:45:00,40.640625,-74.014984,0,0,Unspecified,4459101,23.1,14.9,0.0,0.0,0.0,0.0,3,17.0,34.2,116,Overcast,0,0,
11598,2021-09-20 08:49:00,40.75582,-73.970764,0,0,Driver Inattention/Distraction,4459177,23.1,14.9,0.0,0.0,0.0,0.0,3,17.0,34.2,116,Overcast,0,0,
11599,2021-09-18 16:28:00,40.878,-73.90408,0,0,Unspecified,4459830,27.1,19.2,0.2,0.2,0.0,2.0,51,14.6,25.9,349,Drizzle: Light,0,0,
11600,2021-09-19 17:40:00,40.874638,-73.909744,1,0,Failure to Yield Right-of-Way,4459837,23.6,16.8,0.0,0.0,0.0,0.0,2,17.6,35.6,0,Partly cloudy,1,1,
11601,2021-09-20 04:30:00,40.870316,-73.90269,0,0,Unsafe Speed,4459224,23.1,14.9,0.0,0.0,0.0,0.0,3,17.0,34.2,116,Overcast,0,0,
11602,2021-09-13 17:05:00,40.875122,-73.905174,0,0,Unspecified,4459825,28.8,21.8,1.1,1.1,0.0,2.0,53,20.1,36.7,277,Drizzle: Moderate,0,0,
11603,2021-09-04 22:40:00,40.707394,-73.92418,0,0,Driver Inattention/Distraction,4459689,25.2,14.5,0.0,0.0,0.0,0.0,3,15.4,27.0,289,Overcast,0,0,
11604,2021-09-20 21:30:00,40.69942,-73.86878,0,0,Following Too Closely,4459789,23.1,14.9,0.0,0.0,0.0,0.0,3,17.0,34.2,116,Overcast,0,0,
11605,2021-09-20 01:45:00,40.757755,-73.79304,1,0,Following Too Closely,4459116,23.1,14.9,0.0,0.0,0.0,0.0,3,17.0,34.2,116,Overcast,1,1,
11606,2021-09-20 19:33:00,40.73781,-73.929245,0,0,Driver Inattention/Distraction,4459247,23.1,14.9,0.0,0.0,0.0,0.0,3,17.0,34.2,116,Overcast,0,0,
11607,2021-09-20 09:20:00,40.640392,-74.131516,0,0,Passing or Lane Usage Improper,4459075,23.1,14.9,0.0,0.0,0.0,0.0,3,17.0,34.2,116,Overcast,0,0,
11608,2021-09-20 08:34:00,40.69599,-73.98322,0,0,Passing or Lane Usage Improper,4459201,23.1,14.9,0.0,0.0,0.0,0.0,3,17.0,34.2,116,Overcast,0,0,
11609,2021-09-11 14:00:00,40.834137,-73.8658,0,0,Other Vehicular,4459884,24.7,12.9,0.0,0.0,0.0,0.0,3,16.6,34.2,246,Overcast,0,0,
11610,2021-09-20 15:12:00,40.675873,-73.97498,0,0,Passing or Lane Usage Improper,4459396,23.1,14.9,0.0,0.0,0.0,0.0,3,17.0,34.2,116,Overcast,0,0,
11611,2021-09-20 10:45:00,40.74594,-73.90006,1,0,Passing or Lane Usage Improper,4459185,23.1,14.9,0.0,0.0,0.0,0.0,3,17.0,34.2,116,Overcast,1,1,
11612,2021-09-17 18:13:00,40.751896,-73.79221,0,0,Driver Inattention/Distraction,4459930,23.6,20.1,1.0,1.0,0.0,7.0,51,20.3,38.9,59,Drizzle: Light,0,0,
11613,2021-09-17 12:41:00,40.63837,-73.997665,0,0,Unspecified,4459752,23.6,20.1,1.0,1.0,0.0,7.0,51,20.3,38.9,59,Drizzle: Light,0,0,
11614,2021-09-20 17:00:00,40.561092,-74.16984,0,0,Driver Inattention/Distraction,4459512,23.1,14.9,0.0,0.0,0.0,0.0,3,17.0,34.2,116,Overcast,0,0,
11615,2021-09-19 15:45:00,40.69149,-73.92557,0,0,Unspecified,4459965,23.6,16.8,0.0,0.0,0.0,0.0,2,17.6,35.6,0,Partly cloudy,0,0,
11616,2021-09-20 17:00:00,40.678303,-73.87289,0,0,Driver Inattention/Distraction,4459288,23.1,14.9,0.0,0.0,0.0,0.0,3,17.0,34.2,116,Overcast,0,0,
11617,2021-09-20 02:22:00,40.855595,-73.92733,0,0,Driver Inattention/Distraction,4459436,23.1,14.9,0.0,0.0,0.0,0.0,3,17.0,34.2,116,Overcast,0,0,
11618,2021-09-20 15:00:00,40.661118,-73.770706,0,0,Unspecified,4459553,23.1,14.9,0.0,0.0,0.0,0.0,3,17.0,34.2,116,Overcast,0,0,
11619,2021-09-20 09:30:00,40.79913,-73.94076,0,0,Unspecified,4459478,23.1,14.9,0.0,0.0,0.0,0.0,3,17.0,34.2,116,Overcast,0,0,
11620,2021-09-20 20:11:00,40.69749,-73.92008,0,0,Driver Inattention/Distraction,4459335,23.1,14.9,0.0,0.0,0.0,0.0,3,17.0,34.2,116,Overcast,0,0,
11621,2021-09-20 09:25:00,40.800663,-73.946465,0,0,Other Vehicular,4459711,23.1,14.9,0.0,0.0,0.0,0.0,3,17.0,34.2,116,Overcast,0,0,
11622,2021-09-20 22:24:00,40.643158,-74.11252,1,0,Driver Inattention/Distraction,4459815,23.1,14.9,0.0,0.0,0.0,0.0,3,17.0,34.2,116,Overcast,1,1,
11623,2021-09-20 15:10:00,40.669926,-73.89149,1,0,Unsafe Speed,4459280,23.1,14.9,0.0,0.0,0.0,0.0,3,17.0,34.2,116,Overcast,1,1,
11624,2021-09-02 17:20:00,40.822407,-73.8364,0,0,Other Vehicular,4459743,24.5,15.0,24.6,24.6,0.0,5.0,65,43.0,83.5,344,Rain: Heavy,0,0,
11625,2021-09-18 07:15:00,40.772156,-73.94541,1,0,Following Too Closely,4460035,27.1,19.2,0.2,0.2,0.0,2.0,51,14.6,25.9,349,Drizzle: Light,1,1,
11626,2021-09-20 17:35:00,40.66173,-73.96078,0,0,Driver Inattention/Distraction,4459264,23.1,14.9,0.0,0.0,0.0,0.0,3,17.0,34.2,116,Overcast,0,0,
11627,2021-09-20 09:05:00,40.745785,-73.889336,0,0,Driver Inattention/Distraction,4459035,23.1,14.9,0.0,0.0,0.0,0.0,3,17.0,34.2,116,Overcast,0,0,
11628,2021-09-17 23:30:00,40.641388,-73.989075,1,0,Unspecified,4459766,23.6,20.1,1.0,1.0,0.0,7.0,51,20.3,38.9,59,Drizzle: Light,1,1,