,CRASH DATETIME,LATITUDE,LONGITUDE,NUMBER OF PERSONS INJURED,NUMBER OF PERSONS KILLED,CONTRIBUTING FACTOR VEHICLE 1,COLLISION_ID,temperature_2m_max,temperature_2m_min,precipitation_sum,rain_sum,snowfall_sum,precipitation_hours,weather_code,wind_speed_10m_max,wind_gusts_10m_max,wind_direction_10m_dominant,Weather Description,Severity_Score,Total_Affected_Persons,Weather_Category
11629,2021-08-21 13:00:00,40.705444,-73.867775,0,0,Backing Unsafely,4459891,27.2,23.0,0.8,0.8,0.0,6.0,51,14.3,29.5,109,Drizzle: Light,0,0,
11630,2021-09-20 13:15:00,40.79525,-73.97321,0,0,Failure to Keep Right,4459151,23.1,14.9,0.0,0.0,0.0,0.0,3,17.0,34.2,116,Overcast,0,0,
11631,2021-09-20 14:55:00,40.609116,-74.15714,0,0,Driver Inattention/Distraction,4459811,23.1,14.9,0.0,0.0,0.0,0.0,3,17.0,34.2,116,Overcast,0,0,
11632,2021-09-20 22:49:00,40.723843,-73.99636,2,0,Alcohol Involvement,4459696,23.1,14.9,0.0,0.0,0.0,0.0,3,17.0,34.2,116,Overcast,2,2,
11633,2021-09-20 16:44:00,40.71521,-73.98427,3,0,Passing or Lane Usage Improper,4459951,23.1,14.9,0.0,0.0,0.0,0.0,3,17.0,34.2,116,Overcast,3,3,
11634,2021-09-19 00:43:00,40.666306,-73.79171,0,0,Following Too Closely,4460049,23.6,16.8,0.0,0.0,0.0,0.0,2,17.6,35.6,0,Partly cloudy,0,0,
11635,2021-09-20 17:00:00,40.67932,-73.992714,0,0,Unspecified,4459315,23.1,14.9,0.0,0.0,0.0,0.0,3,17.0,34.2,116,Overcast,0,0,
11636,2021-08-18 19:49:00,40.71009,-73.91453,0,0,Alcohol Involvement,4459896,27.0,21.1,1.5,1.5,0.0,5.0,53,24.7,46.8,150,Drizzle: Moderate,0,0,
11637,2021-09-20 11:43:00,40.61493,-74.00471,0,0,Driver Inattention/Distraction,4459387,23.1,14.9,0.0,0.0,0.0,0.0,3,17.0,34.2,116,Overcast,0,0,
11638,2021-09-19 12:44:00,40.82032,-73.93804,1,0,Brakes Defective,4459703,23.6,16.8,0.0,0.0,0.0,0.0,2,17.6,35.6,0,Partly cloudy,1,1,
11639,2021-09-20 17:51:00,40.624073,-73.94928,1,0,Unspecified,4459301,23.1,14.9,0.0,0.0,0.0,0.0,3,17.0,34.2,116,Overcast,1,1,
11640,2021-09-20 16:25:00,40.755657,-73.884445,1,0,Driver Inattention/Distraction,4459241,23.1,14.9,0.0,0.0,0.0,0.0,3,17.0,34.2,116,Overcast,1,1,
11641,2021-09-20 12:17:00,40.733147,-74.00587,0,0,Passing Too Closely,4459757,23.1,14.9,0.0,0.0,0.0,0.0,3,17.0,34.2,116,Overcast,0,0,
11642,2021-09-11 23:20:00,40.709305,-73.907005,1,0,Unspecified,4459781,24.7,12.9,0.0,0.0,0.0,0.0,3,16.6,34.2,246,Overcast,1,1,
11643,2021-09-20 00:00:00,40.682446,-73.911674,0,0,Alcohol Involvement,4459428,23.1,14.9,0.0,0.0,0.0,0.0,3,17.0,34.2,116,Overcast,0,0,
11644,2021-09-20 17:00:00,40.814144,-73.919205,1,0,Unspecified,4459630,23.1,14.9,0.0,0.0,0.0,0.0,3,17.0,34.2,116,Overcast,1,1,
11645,2021-09-20 21:30:00,40.770412,-73.987625,0,0,Driver Inattention/Distraction,4459324,23.1,14.9,0.0,0.0,0.0,0.0,3,17.0,34.2,116,Overcast,0,0,
11646,2021-09-15 22:00:00,40.69217,-73.93149,0,0,Unspecified,4459906,29.6,20.7,0.3,0.3,0.0,3.0,51,21.6,40.7,192,Drizzle: Light,0,0,
11647,2021-09-20 20:01:00,40.58379,-73.98282,1,0,Lost Consciousness,4459362,23.1,14.9,0.0,0.0,0.0,0.0,3,17.0,34.2,116,Overcast,1,1,
11648,2021-09-01 17:38:00,40.698,-73.97479,1,0,Brakes Defective,4459822,23.2,18.4,121.7,121.7,0.0,18.0,65,43.2,78.5,42,Rain: Heavy,1,1,
11649,2021-09-13 09:57:00,40.674747,-73.9417,0,0,Passing Too Closely,4459722,28.8,21.8,1.1,1.1,0.0,2.0,53,20.1,36.7,277,Drizzle: Moderate,0,0,
11650,2021-09-20 23:20:00,40.697205,-73.81334,1,0,Unspecified,4459872,23.1,14.9,0.0,0.0,0.0,0.0,3,17.0,34.2,116,Overcast,1,1,
11651,2021-09-20 15:50:00,40.79672,-73.94499,0,0,Driver Inattention/Distraction,4459372,23.1,14.9,0.0,0.0,0.0,0.0,3,17.0,34.2,116,Overcast,0,0,
11652,2021-09-13 04:30:00,40.69603,-73.943535,0,0,Traffic Control Disregarded,4459860,28.8,21.8,1.1,1.1,0.0,2.0,53,20.1,36.7,277,Drizzle: Moderate,0,0,
11653,2021-09-14 12:15:00,40.849373,-73.86317,0,0,Following Too Closely,4459734,26.0,19.0,0.2,0.2,0.0,1.0,51,18.0,35.6,138,Drizzle: Light,0,0,
11654,2021-09-20 04:20:00,40.72936,-73.92856,1,0,Driver Inattention/Distraction,4458960,23.1,14.9,0.0,0.0,0.0,0.0,3,17.0,34.2,116,Overcast,1,1,
11655,2021-09-15 15:57:00,40.779804,-73.98448,0,0,Turning Improperly,4459801,29.6,20.7,0.3,0.3,0.0,3.0,51,21.6,40.7,192,Drizzle: Light,0,0,
11656,2021-09-15 10:30:00,40.625973,-73.97624,2,0,Traffic Control Disregarded,4459760,29.6,20.7,0.3,0.3,0.0,3.0,51,21.6,40.7,192,Drizzle: Light,2,2,
11657,2021-09-20 20:15:00,40.749825,-73.972206,0,0,Backing Unsafely,4459276,23.1,14.9,0.0,0.0,0.0,0.0,3,17.0,34.2,116,Overcast,0,0,
11658,2021-09-20 09:40:00,40.71463,-73.751335,1,0,Brakes Defective,4459128,23.1,14.9,0.0,0.0,0.0,0.0,3,17.0,34.2,116,Overcast,1,1,
11659,2021-09-20 07:00:00,40.693703,-73.90505,0,0,Unspecified,4459445,23.1,14.9,0.0,0.0,0.0,0.0,3,17.0,34.2,116,Overcast,0,0,
11660,2021-09-20 13:35:00,40.70688,-73.90831,0,0,Following Too Closely,4459785,23.1,14.9,0.0,0.0,0.0,0.0,3,17.0,34.2,116,Overcast,0,0,
11661,2021-09-20 12:00:00,40.69212,-73.90661,0,0,Driver Inattention/Distraction,4459334,23.1,14.9,0.0,0.0,0.0,0.0,3,17.0,34.2,116,Overcast,0,0,
11662,2021-07-07 22:50:00,40.644615,-73.962166,1,0,Driver Inattention/Distraction,4459945,31.4,22.2,1.4,1.4,0.0,6.0,53,17.4,37.8,213,Drizzle: Moderate,1,1,
11663,2021-09-20 13:49:00,40.794178,-73.95118,1,0,Following Too Closely,4459353,23.1,14.9,0.0,0.0,0.0,0.0,3,17.0,34.2,116,Overcast,1,1,
11664,2021-09-13 16:40:00,40.660576,-73.99065,0,0,Turning Improperly,4459994,28.8,21.8,1.1,1.1,0.0,2.0,53,20.1,36.7,277,Drizzle: Moderate,0,0,
11665,2021-09-20 19:17:00,40.63432,-74.13587,0,0,Alcohol Involvement,4459598,23.1,14.9,0.0,0.0,0.0,0.0,3,17.0,34.2,116,Overcast,0,0,
11666,2022-03-28 14:20:00,40.785927,-73.818405,0,0,Failure to Yield Right-of-Way,4514315,0.0,-5.2,0.3,0.0,0.21,3.0,71,31.3,59.0,303,Snow fall: Light,0,0,Snowy Conditions
11667,2021-09-20 15:30:00,40.710346,-73.76904,0,0,Passing or Lane Usage Improper,4459184,23.1,14.9,0.0,0.0,0.0,0.0,3,17.0,34.2,116,Overcast,0,0,
11668,2021-09-10 19:36:00,40.68005,-73.94327,2,0,Following Too Closely,4459855,22.9,16.0,0.0,0.0,0.0,0.0,3,24.2,47.2,314,Overcast,2,2,
11669,2021-09-20 08:05:00,40.677357,-73.88687,1,0,Driver Inattention/Distraction,4459095,23.1,14.9,0.0,0.0,0.0,0.0,3,17.0,34.2,116,Overcast,1,1,
11670,2022-03-28 16:45:00,40.761246,-73.76294,0,0,Driver Inattention/Distraction,4514362,0.0,-5.2,0.3,0.0,0.21,3.0,71,31.3,59.0,303,Snow fall: Light,0,0,Snowy Conditions
11671,2021-09-20 21:15:00,40.744305,-73.974785,1,0,Following Too Closely,4459415,23.1,14.9,0.0,0.0,0.0,0.0,3,17.0,34.2,116,Overcast,1,1,
11672,2021-09-19 22:30:00,40.68716,-73.93588,0,0,Unspecified,4459903,23.6,16.8,0.0,0.0,0.0,0.0,2,17.6,35.6,0,Partly cloudy,0,0,
11673,2021-09-17 17:30:00,40.613586,-74.08267,0,0,Unspecified,4459797,23.6,20.1,1.0,1.0,0.0,7.0,51,20.3,38.9,59,Drizzle: Light,0,0,
11674,2021-09-20 20:00:00,40.726624,-73.906456,0,0,Passing or Lane Usage Improper,4459881,23.1,14.9,0.0,0.0,0.0,0.0,3,17.0,34.2,116,Overcast,0,0,
11675,2021-09-20 16:30:00,40.71906,-73.812126,0,0,Driver Inattention/Distraction,4459186,23.1,14.9,0.0,0.0,0.0,0.0,3,17.0,34.2,116,Overcast,0,0,
11676,2021-09-20 15:49:00,40.632954,-73.90416,1,0,Driver Inattention/Distraction,4459242,23.1,14.9,0.0,0.0,0.0,0.0,3,17.0,34.2,116,Overcast,1,1,
11677,2021-09-20 17:33:00,40.715145,-73.958466,0,0,Following Too Closely,4459644,23.1,14.9,0.0,0.0,0.0,0.0,3,17.0,34.2,116,Overcast,0,0,
11678,2021-09-20 10:31:00,40.674404,-73.86976,2,0,Unspecified,4459498,23.1,14.9,0.0,0.0,0.0,0.0,3,17.0,34.2,116,Overcast,2,2,
11679,2021-09-20 11:07:00,40.723736,-73.901215,0,0,Turning Improperly,4459521,23.1,14.9,0.0,0.0,0.0,0.0,3,17.0,34.2,116,Overcast,0,0,
11680,2021-07-17 13:55:00,40.676937,-73.92183,1,0,Driver Inattention/Distraction,4459907,30.8,23.3,5.1,5.1,0.0,5.0,61,17.8,36.4,201,Rain: Light,1,1,
11681,2021-09-17 08:45:00,40.64122,-73.9833,6,0,Traffic Control Disregarded,4460053,23.6,20.1,1.0,1.0,0.0,7.0,51,20.3,38.9,59,Drizzle: Light,6,6,
11682,2021-09-20 08:56:00,40.85406,-73.91936,1,0,Passing or Lane Usage Improper,4459358,23.1,14.9,0.0,0.0,0.0,0.0,3,17.0,34.2,116,Overcast,1,1,
11683,2021-09-01 12:54:00,40.69645,-73.946495,0,0,Passing Too Closely,4459936,23.2,18.4,121.7,121.7,0.0,18.0,65,43.2,78.5,42,Rain: Heavy,0,0,
11684,2021-09-19 22:20:00,40.667076,-73.99508,1,0,Unspecified,4460000,23.6,16.8,0.0,0.0,0.0,0.0,2,17.6,35.6,0,Partly cloudy,1,1,
11685,2021-09-20 13:00:00,40.657772,-73.76883,0,0,Unspecified,4459123,23.1,14.9,0.0,0.0,0.0,0.0,3,17.0,34.2,116,Overcast,0,0,
11686,2021-09-16 20:06:00,40.720016,-73.77598,1,0,Alcohol Involvement,4459931,23.9,19.1,4.0,4.0,0.0,10.0,55,18.8,37.8,38,Drizzle: Dense,1,1,
11687,2021-09-20 15:30:00,40.904552,-73.847824,1,0,Traffic Control Disregarded,4459423,23.1,14.9,0.0,0.0,0.0,0.0,3,17.0,34.2,116,Overcast,1,1,
11688,2021-09-20 04:30:00,40.741432,-73.86677,0,0,Driver Inattention/Distraction,4459070,23.1,14.9,0.0,0.0,0.0,0.0,3,17.0,34.2,116,Overcast,0,0,
11689,2021-09-20 11:45:00,40.736732,-73.85451,1,0,Driver Inattention/Distraction,4459253,23.1,14.9,0.0,0.0,0.0,0.0,3,17.0,34.2,116,Overcast,1,1,
11690,2021-09-20 22:52:00,40.730278,-73.74399,0,0,Alcohol Involvement,4459491,23.1,14.9,0.0,0.0,0.0,0.0,3,17.0,34.2,116,Overcast,0,0,
11691,2021-09-03 12:00:00,40.69168,-73.999344,0,0,Passing or Lane Usage Improper,4459885,21.9,14.0,0.0,0.0,0.0,0.0,3,14.5,30.2,321,Overcast,0,0,
11692,2021-09-20 16:00:00,40.849167,-73.92393,2,0,Unspecified,4459391,23.1,14.9,0.0,0.0,0.0,0.0,3,17.0,34.2,116,Overcast,2,2,
11693,2021-09-20 12:00:00,40.758743,-73.89069,1,0,Backing Unsafely,4459165,23.1,14.9,0.0,0.0,0.0,0.0,3,17.0,34.2,116,Overcast,1,1,
11694,2021-09-01 23:42:00,40.652626,-74.00617,1,0,Driver Inexperience,4459772,23.2,18.4,121.7,121.7,0.0,18.0,65,43.2,78.5,42,Rain: Heavy,1,1,
11695,2021-09-20 12:41:00,40.793488,-73.94328,1,0,Failure to Yield Right-of-Way,4459744,23.1,14.9,0.0,0.0,0.0,0.0,3,17.0,34.2,116,Overcast,1,1,
11696,2021-09-20 12:20:00,40.827557,-73.914764,0,0,Passing or Lane Usage Improper,4460038,23.1,14.9,0.0,0.0,0.0,0.0,3,17.0,34.2,116,Overcast,0,0,
11697,2021-05-03 14:00:00,40.667522,-73.78063,0,0,Unspecified,4414352,15.8,11.4,5.7,5.7,0.0,7.0,61,14.5,47.2,53,Rain: Light,0,0,
11698,2021-09-20 19:09:00,40.6635,-73.89569,1,0,Unspecified,4459289,23.1,14.9,0.0,0.0,0.0,0.0,3,17.0,34.2,116,Overcast,1,1,
11699,2021-09-20 12:20:00,40.845875,-73.88619,0,0,Passing Too Closely,4459678,23.1,14.9,0.0,0.0,0.0,0.0,3,17.0,34.2,116,Overcast,0,0,
11700,2021-09-20 17:30:00,40.851185,-73.92152,0,0,Aggressive Driving/Road Rage,4459709,23.1,14.9,0.0,0.0,0.0,0.0,3,17.0,34.2,116,Overcast,0,0,
11701,2021-09-05 02:12:00,40.69193,-73.91031,0,0,Driver Inattention/Distraction,4460051,24.5,16.9,1.0,1.0,0.0,6.0,51,15.5,42.5,204,Drizzle: Light,0,0,
11702,2021-09-12 06:30:00,40.712875,-73.90519,0,0,Unspecified,4459892,28.8,18.3,0.0,0.0,0.0,0.0,3,24.3,46.8,233,Overcast,0,0,
11703,2021-09-20 08:10:00,40.707714,-73.802795,0,0,Driver Inattention/Distraction,4459159,23.1,14.9,0.0,0.0,0.0,0.0,3,17.0,34.2,116,Overcast,0,0,
11704,2021-09-20 15:35:00,40.619606,-73.945526,0,0,Failure to Yield Right-of-Way,4459869,23.1,14.9,0.0,0.0,0.0,0.0,3,17.0,34.2,116,Overcast,0,0,
11705,2021-09-20 12:25:00,40.65771,-73.76757,3,0,Unspecified,4459114,23.1,14.9,0.0,0.0,0.0,0.0,3,17.0,34.2,116,Overcast,3,3,
11706,2021-09-06 01:55:00,40.702732,-73.85535,0,0,Backing Unsafely,4459788,26.9,18.4,0.0,0.0,0.0,0.0,3,19.6,37.8,273,Overcast,0,0,
11707,2021-09-20 13:30:00,40.840042,-73.863945,1,0,Unspecified,4459435,23.1,14.9,0.0,0.0,0.0,0.0,3,17.0,34.2,116,Overcast,1,1,
11708,2021-08-25 12:25:00,40.676857,-73.92013,0,0,Driver Inexperience,4459966,31.2,20.1,0.0,0.0,0.0,0.0,3,10.2,18.7,277,Overcast,0,0,
11709,2021-09-20 15:00:00,40.7606,-73.964325,1,0,Driver Inattention/Distraction,4459542,23.1,14.9,0.0,0.0,0.0,0.0,3,17.0,34.2,116,Overcast,1,1,
11710,2021-09-20 09:25:00,40.574413,-74.115524,1,0,Driver Inattention/Distraction,4459207,23.1,14.9,0.0,0.0,0.0,0.0,3,17.0,34.2,116,Overcast,1,1,
11711,2021-09-20 14:50:00,40.66374,-73.97852,0,0,Other Vehicular,4459337,23.1,14.9,0.0,0.0,0.0,0.0,3,17.0,34.2,116,Overcast,0,0,
11712,2021-09-20 08:20:00,40.800793,-73.93492,0,0,Unsafe Speed,4459475,23.1,14.9,0.0,0.0,0.0,0.0,3,17.0,34.2,116,Overcast,0,0,
11713,2021-09-20 19:45:00,40.726814,-73.83846,1,0,Following Too Closely,4459385,23.1,14.9,0.0,0.0,0.0,0.0,3,17.0,34.2,116,Overcast,1,1,
11714,2021-09-20 08:20:00,40.631084,-74.03812,0,0,Unspecified,4459104,23.1,14.9,0.0,0.0,0.0,0.0,3,17.0,34.2,116,Overcast,0,0,
11715,2021-09-20 08:00:00,40.755066,-73.84419,0,0,Failure to Yield Right-of-Way,4459043,23.1,14.9,0.0,0.0,0.0,0.0,3,17.0,34.2,116,Overcast,0,0,
11716,2021-09-20 19:00:00,40.617752,-73.934074,0,0,Driver Inattention/Distraction,4459259,23.1,14.9,0.0,0.0,0.0,0.0,3,17.0,34.2,116,Overcast,0,0,
11717,2021-09-20 14:42:00,40.74816,-73.9927,0,0,Unspecified,4459835,23.1,14.9,0.0,0.0,0.0,0.0,3,17.0,34.2,116,Overcast,0,0,
11718,2021-09-20 04:30:00,40.820686,-73.91514,0,0,Unspecified,4459348,23.1,14.9,0.0,0.0,0.0,0.0,3,17.0,34.2,116,Overcast,0,0,
11719,2021-09-20 16:30:00,40.57296,-74.1065,0,0,Passing Too Closely,4459220,23.1,14.9,0.0,0.0,0.0,0.0,3,17.0,34.2,116,Overcast,0,0,
11720,2021-08-26 14:07:00,40.72958,-73.99327,1,0,Failure to Yield Right-of-Way,4459750,31.8,22.8,0.1,0.1,0.0,1.0,51,14.8,29.2,228,Drizzle: Light,1,1,
11721,2021-09-19 18:01:00,40.683067,-73.91181,0,0,Unspecified,4459767,23.6,16.8,0.0,0.0,0.0,0.0,2,17.6,35.6,0,Partly cloudy,0,0,
11722,2022-03-17 20:08:00,40.82663,-73.9543,0,0,Unsafe Speed,4514770,12.3,3.9,6.5,6.5,0.0,13.0,61,16.8,31.7,41,Rain: Light,0,0,
11723,2021-09-20 00:46:00,40.619743,-74.085915,0,0,Unspecified,4459812,23.1,14.9,0.0,0.0,0.0,0.0,3,17.0,34.2,116,Overcast,0,0,
11724,2021-09-17 08:45:00,40.721107,-73.98499,0,0,Unspecified,4459952,23.6,20.1,1.0,1.0,0.0,7.0,51,20.3,38.9,59,Drizzle: Light,0,0,
11725,2021-09-20 17:20:00,40.65565,-73.93082,0,0,Unspecified,4459281,23.1,14.9,0.0,0.0,0.0,0.0,3,17.0,34.2,116,Overcast,0,0,
11726,2021-09-12 08:00:00,40.82574,-73.93705,0,0,Passing Too Closely,4459704,28.8,18.3,0.0,0.0,0.0,0.0,3,24.3,46.8,233,Overcast,0,0,
11727,2021-09-18 19:20:00,40.87023,-73.90061,0,0,Driver Inattention/Distraction,4459831,27.1,19.2,0.2,0.2,0.0,2.0,51,14.6,25.9,349,Drizzle: Light,0,0,
11728,2021-09-20 09:40:00,40.876015,-73.85151,1,0,Driver Inattention/Distraction,4459416,23.1,14.9,0.0,0.0,0.0,0.0,3,17.0,34.2,116,Overcast,1,1,
11729,2021-09-17 04:10:00,40.693497,-73.94594,0,0,Following Too Closely,4459862,23.6,20.1,1.0,1.0,0.0,7.0,51,20.3,38.9,59,Drizzle: Light,0,0,
11730,2021-09-17 17:40:00,40.62368,-73.99772,1,0,Driver Inattention/Distraction,4459886,23.6,20.1,1.0,1.0,0.0,7.0,51,20.3,38.9,59,Drizzle: Light,1,1,
11731,2021-09-20 12:30:00,40.68251,-73.976326,0,0,Glare,4459130,23.1,14.9,0.0,0.0,0.0,0.0,3,17.0,34.2,116,Overcast,0,0,
11732,2021-09-20 15:20:00,40.66874,-73.99668,2,0,Turning Improperly,4459465,23.1,14.9,0.0,0.0,0.0,0.0,3,17.0,34.2,116,Overcast,2,2,
11733,2021-09-20 16:50:00,40.75962,-73.92041,1,0,Failure to Yield Right-of-Way,4459407,23.1,14.9,0.0,0.0,0.0,0.0,3,17.0,34.2,116,Overcast,1,1,
11734,2021-09-20 10:30:00,40.7171,-73.9986,1,0,Passing Too Closely,4459120,23.1,14.9,0.0,0.0,0.0,0.0,3,17.0,34.2,116,Overcast,1,1,
11735,2021-09-20 00:35:00,40.619816,-73.943596,0,0,Driver Inattention/Distraction,4459193,23.1,14.9,0.0,0.0,0.0,0.0,3,17.0,34.2,116,Overcast,0,0,
11736,2021-09-20 22:38:00,40.663605,-73.934395,0,0,Driver Inattention/Distraction,4459524,23.1,14.9,0.0,0.0,0.0,0.0,3,17.0,34.2,116,Overcast,0,0,
11737,2021-09-20 09:04:00,40.64844,-73.88242,1,0,Driver Inattention/Distraction,4459096,23.1,14.9,0.0,0.0,0.0,0.0,3,17.0,34.2,116,Overcast,1,1,
11738,2021-07-15 00:00:00,40.81417,-73.93431,1,0,Unspecified,4437386,29.3,21.2,0.1,0.1,0.0,1.0,51,13.7,27.4,212,Drizzle: Light,1,1,
11739,2021-09-12 19:20:00,40.74539,-73.90559,1,0,Driver Inattention/Distraction,4459871,28.8,18.3,0.0,0.0,0.0,0.0,3,24.3,46.8,233,Overcast,1,1,
11740,2021-08-06 23:15:00,40.68234,-73.92261,0,0,Driver Inattention/Distraction,4459901,28.9,17.4,0.0,0.0,0.0,0.0,3,18.1,38.2,188,Overcast,0,0,
11741,2021-09-20 19:50:00,40.66708,-73.81033,0,0,Passing or Lane Usage Improper,4459321,23.1,14.9,0.0,0.0,0.0,0.0,3,17.0,34.2,116,Overcast,0,0,
11742,2021-09-18 21:52:00,40.76037,-73.98542,0,0,Unspecified,4459755,27.1,19.2,0.2,0.2,0.0,2.0,51,14.6,25.9,349,Drizzle: Light,0,0,
11743,2021-09-20 11:32:00,40.664833,-73.92026,0,0,Unspecified,4459761,23.1,14.9,0.0,0.0,0.0,0.0,3,17.0,34.2,116,Overcast,0,0,
11744,2021-09-20 06:21:00,40.688778,-73.786446,1,0,Reaction to Uninvolved Vehicle,4458999,23.1,14.9,0.0,0.0,0.0,0.0,3,17.0,34.2,116,Overcast,1,1,
11745,2021-09-19 04:00:00,40.860775,-73.91072,0,0,Other Vehicular,4459853,23.6,16.8,0.0,0.0,0.0,0.0,2,17.6,35.6,0,Partly cloudy,0,0,
11746,2021-09-20 10:39:00,40.583412,-73.9713,0,0,Driver Inattention/Distraction,4459357,23.1,14.9,0.0,0.0,0.0,0.0,3,17.0,34.2,116,Overcast,0,0,
11747,2021-09-20 00:30:00,40.6031,-73.75076,0,0,Unspecified,4459381,23.1,14.9,0.0,0.0,0.0,0.0,3,17.0,34.2,116,Overcast,0,0,
11748,2021-09-14 14:00:00,40.716393,-73.98454,0,0,Unspecified,4459944,26.0,19.0,0.2,0.2,0.0,1.0,51,18.0,35.6,138,Drizzle: Light,0,0,
11749,2021-09-13 04:18:00,40.665245,-73.80204,1,0,Driver Inattention/Distraction,4459805,28.8,21.8,1.1,1.1,0.0,2.0,53,20.1,36.7,277,Drizzle: Moderate,1,1,
11750,2021-09-20 07:45:00,40.700104,-73.94726,1,0,Failure to Yield Right-of-Way,4459272,23.1,14.9,0.0,0.0,0.0,0.0,3,17.0,34.2,116,Overcast,1,1,
11751,2021-09-20 23:43:00,40.6231,-73.946175,0,0,Following Too Closely,4459602,23.1,14.9,0.0,0.0,0.0,0.0,3,17.0,34.2,116,Overcast,0,0,
11752,2021-09-20 13:55:00,40.623554,-73.953995,0,0,Driver Inexperience,4459304,23.1,14.9,0.0,0.0,0.0,0.0,3,17.0,34.2,116,Overcast,0,0,
11753,2021-09-17 21:38:00,40.68821,-73.96583,1,0,Driver Inattention/Distraction,4459827,23.6,20.1,1.0,1.0,0.0,7.0,51,20.3,38.9,59,Drizzle: Light,1,1,
11754,2021-09-20 04:00:00,40.63324,-74.02898,0,0,Driver Inattention/Distraction,4459910,23.1,14.9,0.0,0.0,0.0,0.0,3,17.0,34.2,116,Overcast,0,0,
11755,2021-09-20 05:13:00,40.68818,-73.78869,3,0,Traffic Control Disregarded,4459363,23.1,14.9,0.0,0.0,0.0,0.0,3,17.0,34.2,116,Overcast,3,3,
11756,2021-09-20 05:50:00,40.746403,-73.97973,1,0,Driver Inattention/Distraction,4459181,23.1,14.9,0.0,0.0,0.0,0.0,3,17.0,34.2,116,Overcast,1,1,
11757,2021-09-20 07:40:00,40.84023,-73.880104,0,0,Driver Inattention/Distraction,4459086,23.1,14.9,0.0,0.0,0.0,0.0,3,17.0,34.2,116,Overcast,0,0,
11758,2021-09-20 14:20:00,40.73803,-73.7949,0,0,Driver Inattention/Distraction,4459453,23.1,14.9,0.0,0.0,0.0,0.0,3,17.0,34.2,116,Overcast,0,0,
11759,2021-09-20 16:33:00,40.722496,-73.940414,2,0,Following Too Closely,4459653,23.1,14.9,0.0,0.0,0.0,0.0,3,17.0,34.2,116,Overcast,2,2,
11760,2021-09-20 10:20:00,40.753006,-73.8326,0,0,Failure to Yield Right-of-Way,4459244,23.1,14.9,0.0,0.0,0.0,0.0,3,17.0,34.2,116,Overcast,0,0,
11761,2021-09-20 12:40:00,40.753906,-73.99357,0,0,Unspecified,4459232,23.1,14.9,0.0,0.0,0.0,0.0,3,17.0,34.2,116,Overcast,0,0,
11762,2021-09-20 13:48:00,40.630486,-74.14595,1,0,Driver Inattention/Distraction,4459508,23.1,14.9,0.0,0.0,0.0,0.0,3,17.0,34.2,116,Overcast,1,1,
11763,2021-08-21 14:05:00,40.683414,-73.966545,1,0,Passing or Lane Usage Improper,4459820,27.2,23.0,0.8,0.8,0.0,6.0,51,14.3,29.5,109,Drizzle: Light,1,1,
11764,2021-09-20 12:30:00,40.75148,-73.97617,0,0,Driver Inattention/Distraction,4460052,23.1,14.9,0.0,0.0,0.0,0.0,3,17.0,34.2,116,Overcast,0,0,
11765,2021-09-20 09:20:00,40.685028,-73.94135,1,0,Following Too Closely,4459296,23.1,14.9,0.0,0.0,0.0,0.0,3,17.0,34.2,116,Overcast,1,1,
11766,2021-09-20 10:10:00,40.694687,-73.91112,0,0,Driver Inattention/Distraction,4459333,23.1,14.9,0.0,0.0,0.0,0.0,3,17.0,34.2,116,Overcast,0,0,
11767,2021-09-15 20:50:00,40.700493,-73.90142,0,0,Unspecified,4459784,29.6,20.7,0.3,0.3,0.0,3.0,51,21.6,40.7,192,Drizzle: Light,0,0,
11768,2021-09-20 16:58:00,40.721714,-73.88633,0,0,Unspecified,4459735,23.1,14.9,0.0,0.0,0.0,0.0,3,17.0,34.2,116,Overcast,0,0,
11769,2021-09-19 18:45:00,40.68603,-73.93268,1,0,Unspecified,4459895,23.6,16.8,0.0,0.0,0.0,0.0,2,17.6,35.6,0,Partly cloudy,1,1,
11770,2021-09-20 16:55:00,40.812893,-73.92013,1,0,Unspecified,4459351,23.1,14.9,0.0,0.0,0.0,0.0,3,17.0,34.2,116,Overcast,1,1,
11771,2021-09-20 19:22:00,40.697884,-73.97182,1,0,Failure to Yield Right-of-Way,4459984,23.1,14.9,0.0,0.0,0.0,0.0,3,17.0,34.2,116,Overcast,1,1,
11772,2021-09-20 22:30:00,40.745266,-73.85596,0,0,Unspecified,4459282,23.1,14.9,0.0,0.0,0.0,0.0,3,17.0,34.2,116,Overcast,0,0,
11773,2021-09-14 15:40:00,40.832912,-73.87638,0,0,Unspecified,4459880,26.0,19.0,0.2,0.2,0.0,1.0,51,18.0,35.6,138,Drizzle: Light,0,0,
11774,2021-09-18 01:00:00,40.824757,-73.94052,0,0,Driver Inattention/Distraction,4459706,27.1,19.2,0.2,0.2,0.0,2.0,51,14.6,25.9,349,Drizzle: Light,0,0,
11775,2021-08-31 23:20:00,40.699436,-73.91229,0,0,Following Too Closely,4459721,28.5,21.2,0.0,0.0,0.0,0.0,3,15.5,29.9,301,Overcast,0,0,
11776,2021-08-15 02:48:00,40.84126,-73.92805,0,0,Unsafe Speed,4460039,27.9,20.0,0.0,0.0,0.0,0.0,3,16.6,33.1,25,Overcast,0,0,
11777,2021-09-20 07:00:00,40.82385,-73.88862,0,0,Unspecified,4459746,23.1,14.9,0.0,0.0,0.0,0.0,3,17.0,34.2,116,Overcast,0,0,