,CRASH DATETIME,LATITUDE,LONGITUDE,NUMBER OF PERSONS INJURED,NUMBER OF PERSONS KILLED,CONTRIBUTING FACTOR VEHICLE 1,COLLISION_ID,temperature_2m_max,temperature_2m_min,precipitation_sum,rain_sum,snowfall_sum,precipitation_hours,weather_code,wind_speed_10m_max,wind_gusts_10m_max,wind_direction_10m_dominant,Weather Description,Severity_Score,Total_Affected_Persons,Weather_Category
11778,2021-09-20 18:00:00,40.678253,-74.00273,0,0,Illnes,4459311,23.1,14.9,0.0,0.0,0.0,0.0,3,17.0,34.2,116,Overcast,0,0,
11779,2021-12-02 10:00:00,40.81872,-73.9035,0,0,Unspecified,4485888,13.2,5.4,3.4,3.4,0.0,10.0,55,28.0,46.8,215,Drizzle: Dense,0,0,
11780,2021-12-07 14:50:00,40.740192,-73.85335,1,0,Unspecified,4485632,8.6,0.8,0.1,0.1,0.0,1.0,51,27.2,49.3,283,Drizzle: Light,1,1,
11781,2021-12-04 08:30:00,40.85099,-73.82743,0,0,Unspecified,4485247,8.3,-0.7,0.0,0.0,0.0,0.0,3,13.5,25.9,231,Overcast,0,0,
11782,2021-12-03 15:14:00,40.59307,-73.79233,1,0,Failure to Yield Right-of-Way,4485585,9.3,0.9,0.0,0.0,0.0,0.0,3,27.6,53.3,301,Overcast,1,1,
11783,2021-12-10 19:55:00,40.687782,-73.91907,0,0,Unspecified,4485403,8.5,1.6,0.0,0.0,0.0,0.0,3,9.8,20.5,183,Overcast,0,0,
11784,2021-12-10 13:06:00,40.81339,-73.95627,1,0,Pedestrian/Bicyclist/Other Pedestrian Error/Confusion,4485697,8.5,1.6,0.0,0.0,0.0,0.0,3,9.8,20.5,183,Overcast,1,1,
11785,2021-12-09 15:10:00,40.863163,-73.91988,1,0,Driver Inattention/Distraction,4485752,3.6,-2.0,0.1,0.0,0.07,1.0,71,19.2,33.8,295,Snow fall: Light,1,1,Snowy Conditions
11786,2021-12-08 16:30:00,40.725243,-73.94631,0,0,Passing or Lane Usage Improper,4484839,4.7,0.9,0.7,0.7,0.0,2.0,51,14.5,24.8,355,Drizzle: Light,0,0,
11787,2021-12-09 11:21:00,40.778282,-73.77728,0,0,View Obstructed/Limited,4485129,3.6,-2.0,0.1,0.0,0.07,1.0,71,19.2,33.8,295,Snow fall: Light,0,0,Snowy Conditions
11788,2021-12-10 19:30:00,40.764988,-73.82067,1,0,Failure to Yield Right-of-Way,4485262,8.5,1.6,0.0,0.0,0.0,0.0,3,9.8,20.5,183,Overcast,1,1,
11789,2021-12-06 02:50:00,40.864525,-73.92663,0,0,Aggressive Driving/Road Rage,4485242,16.3,7.7,6.3,6.3,0.0,10.0,61,35.1,65.5,201,Rain: Light,0,0,
11790,2021-12-10 10:30:00,40.654377,-73.90684,0,0,Backing Unsafely,4485568,8.5,1.6,0.0,0.0,0.0,0.0,3,9.8,20.5,183,Overcast,0,0,
11791,2021-12-04 18:55:00,40.612026,-73.99414,0,0,Driver Inattention/Distraction,4485775,8.3,-0.7,0.0,0.0,0.0,0.0,3,13.5,25.9,231,Overcast,0,0,
11792,2021-12-10 05:46:00,40.813786,-73.89132,1,0,Pedestrian/Bicyclist/Other Pedestrian Error/Confusion,4485318,8.5,1.6,0.0,0.0,0.0,0.0,3,9.8,20.5,183,Overcast,1,1,
11793,2021-12-09 16:30:00,40.743942,-73.983635,1,0,Unspecified,4485179,3.6,-2.0,0.1,0.0,0.07,1.0,71,19.2,33.8,295,Snow fall: Light,1,1,Snowy Conditions
11794,2021-12-10 14:20:00,40.790684,-73.94666,0,0,Passing Too Closely,4485495,8.5,1.6,0.0,0.0,0.0,0.0,3,9.8,20.5,183,Overcast,0,0,
11795,2021-12-10 21:50:00,40.671947,-73.74191,0,0,Aggressive Driving/Road Rage,4485274,8.5,1.6,0.0,0.0,0.0,0.0,3,9.8,20.5,183,Overcast,0,0,
11796,2021-12-09 13:30:00,40.574802,-73.97353,1,0,Driver Inexperience,4485525,3.6,-2.0,0.1,0.0,0.07,1.0,71,19.2,33.8,295,Snow fall: Light,1,1,Snowy Conditions
11797,2021-12-10 02:01:00,40.685642,-73.764404,2,0,Failure to Yield Right-of-Way,4485396,8.5,1.6,0.0,0.0,0.0,0.0,3,9.8,20.5,183,Overcast,2,2,
11798,2021-12-10 12:20:00,40.67544,-73.78086,0,0,Unsafe Speed,4485599,8.5,1.6,0.0,0.0,0.0,0.0,3,9.8,20.5,183,Overcast,0,0,
11799,2021-12-10 03:45:00,40.697712,-73.929405,0,0,Unsafe Lane Changing,4485311,8.5,1.6,0.0,0.0,0.0,0.0,3,9.8,20.5,183,Overcast,0,0,
11800,2021-12-09 18:00:00,40.849144,-73.93548,0,0,Turning Improperly,4485756,3.6,-2.0,0.1,0.0,0.07,1.0,71,19.2,33.8,295,Snow fall: Light,0,0,Snowy Conditions
11801,2022-03-28 13:09:00,40.833443,-73.858864,0,0,Turning Improperly,4514475,0.0,-5.2,0.3,0.0,0.21,3.0,71,31.3,59.0,303,Snow fall: Light,0,0,Snowy Conditions
11802,2022-03-28 02:00:00,40.723118,-74.00624,0,0,Unspecified,4514137,0.0,-5.2,0.3,0.0,0.21,3.0,71,31.3,59.0,303,Snow fall: Light,0,0,Snowy Conditions
11803,2022-03-28 11:34:00,40.63993,-74.08195,0,0,Unspecified,4514612,0.0,-5.2,0.3,0.0,0.21,3.0,71,31.3,59.0,303,Snow fall: Light,0,0,Snowy Conditions
11804,2022-03-28 18:55:00,40.67798,-73.872116,0,0,Brakes Defective,4514526,0.0,-5.2,0.3,0.0,0.21,3.0,71,31.3,59.0,303,Snow fall: Light,0,0,Snowy Conditions
11805,2022-03-28 03:24:00,40.672432,-73.97367,0,0,Outside Car Distraction,4514445,0.0,-5.2,0.3,0.0,0.21,3.0,71,31.3,59.0,303,Snow fall: Light,0,0,Snowy Conditions
11806,2022-03-28 15:31:00,40.77202,-73.956024,0,0,Passing or Lane Usage Improper,4514382,0.0,-5.2,0.3,0.0,0.21,3.0,71,31.3,59.0,303,Snow fall: Light,0,0,Snowy Conditions
11807,2022-03-27 04:30:00,40.757095,-73.915016,0,0,Unspecified,4514860,7.5,-1.1,0.3,0.3,0.07,3.0,71,26.4,47.5,288,Snow fall: Light,0,0,Snowy Conditions
11808,2022-03-28 10:16:00,40.812035,-73.92855,2,0,Following Too Closely,4514405,0.0,-5.2,0.3,0.0,0.21,3.0,71,31.3,59.0,303,Snow fall: Light,2,2,Snowy Conditions
11809,2022-03-27 07:30:00,40.678192,-73.94463,1,0,Backing Unsafely,4514772,7.5,-1.1,0.3,0.3,0.07,3.0,71,26.4,47.5,288,Snow fall: Light,1,1,Snowy Conditions
11810,2022-03-28 18:29:00,40.76738,-73.759735,1,0,Driver Inattention/Distraction,4514333,0.0,-5.2,0.3,0.0,0.21,3.0,71,31.3,59.0,303,Snow fall: Light,1,1,Snowy Conditions
11811,2022-03-28 08:30:00,40.743782,-73.97352,0,0,Passing or Lane Usage Improper,4514677,0.0,-5.2,0.3,0.0,0.21,3.0,71,31.3,59.0,303,Snow fall: Light,0,0,Snowy Conditions
11812,2022-03-06 03:45:00,40.83091,-73.92047,0,0,Obstruction/Debris,4514741,19.5,3.0,1.6,1.6,0.0,7.0,53,30.0,54.7,222,Drizzle: Moderate,0,0,
11813,2022-03-28 22:30:00,40.666893,-73.80546,0,0,Passing or Lane Usage Improper,4514361,0.0,-5.2,0.3,0.0,0.21,3.0,71,31.3,59.0,303,Snow fall: Light,0,0,Snowy Conditions
11814,2022-03-28 08:47:00,40.511734,-74.21044,2,0,Failure to Yield Right-of-Way,4514549,0.0,-5.2,0.3,0.0,0.21,3.0,71,31.3,59.0,303,Snow fall: Light,2,2,Snowy Conditions
11815,2022-03-28 07:20:00,40.699764,-73.78285,0,0,Failure to Keep Right,4514146,0.0,-5.2,0.3,0.0,0.21,3.0,71,31.3,59.0,303,Snow fall: Light,0,0,Snowy Conditions
11816,2022-03-28 13:38:00,40.623894,-74.16741,1,0,Driver Inattention/Distraction,4514416,0.0,-5.2,0.3,0.0,0.21,3.0,71,31.3,59.0,303,Snow fall: Light,1,1,Snowy Conditions
11817,2022-03-28 16:37:00,40.667915,-73.77523,1,0,Failure to Yield Right-of-Way,4514427,0.0,-5.2,0.3,0.0,0.21,3.0,71,31.3,59.0,303,Snow fall: Light,1,1,Snowy Conditions
11818,2022-03-28 22:40:00,40.69216,-73.914764,0,0,Tire Failure/Inadequate,4514411,0.0,-5.2,0.3,0.0,0.21,3.0,71,31.3,59.0,303,Snow fall: Light,0,0,Snowy Conditions
11819,2022-03-22 07:00:00,40.617245,-73.99772,0,0,Driver Inattention/Distraction,4514798,12.8,3.9,0.0,0.0,0.0,0.0,3,23.1,44.3,311,Overcast,0,0,
11820,2022-03-28 17:15:00,40.63406,-74.00411,0,0,Turning Improperly,4514377,0.0,-5.2,0.3,0.0,0.21,3.0,71,31.3,59.0,303,Snow fall: Light,0,0,Snowy Conditions
11821,2022-03-24 13:05:00,40.753624,-73.96944,1,0,Failure to Yield Right-of-Way,4514817,9.9,3.5,21.4,21.4,0.0,16.0,63,27.2,50.8,57,Rain: Moderate,1,1,
11822,2022-03-28 03:30:00,40.727684,-73.98833,0,0,Steering Failure,4514008,0.0,-5.2,0.3,0.0,0.21,3.0,71,31.3,59.0,303,Snow fall: Light,0,0,Snowy Conditions
11823,2022-03-28 15:35:00,40.87626,-73.90395,0,0,Following Too Closely,4514514,0.0,-5.2,0.3,0.0,0.21,3.0,71,31.3,59.0,303,Snow fall: Light,0,0,Snowy Conditions
11824,2022-03-28 08:32:00,40.714863,-74.00628,0,0,Unspecified,4514244,0.0,-5.2,0.3,0.0,0.21,3.0,71,31.3,59.0,303,Snow fall: Light,0,0,Snowy Conditions
11825,2022-03-28 08:00:00,40.692783,-73.74511,1,0,Failure to Yield Right-of-Way,4514249,0.0,-5.2,0.3,0.0,0.21,3.0,71,31.3,59.0,303,Snow fall: Light,1,1,Snowy Conditions
11826,2022-03-28 15:30:00,40.659046,-73.875916,0,0,Driver Inattention/Distraction,4514456,0.0,-5.2,0.3,0.0,0.21,3.0,71,31.3,59.0,303,Snow fall: Light,0,0,Snowy Conditions
11827,2022-03-28 10:03:00,40.759983,-73.964806,1,0,Other Vehicular,4514274,0.0,-5.2,0.3,0.0,0.21,3.0,71,31.3,59.0,303,Snow fall: Light,1,1,Snowy Conditions
11828,2022-03-28 11:50:00,40.841187,-73.88597,1,0,Other Vehicular,4514489,0.0,-5.2,0.3,0.0,0.21,3.0,71,31.3,59.0,303,Snow fall: Light,1,1,Snowy Conditions
11829,2022-03-28 07:09:00,40.593426,-73.93477,0,0,Unspecified,4514313,0.0,-5.2,0.3,0.0,0.21,3.0,71,31.3,59.0,303,Snow fall: Light,0,0,Snowy Conditions
11830,2022-03-28 18:30:00,40.71364,-73.91789,0,0,Oversized Vehicle,4514588,0.0,-5.2,0.3,0.0,0.21,3.0,71,31.3,59.0,303,Snow fall: Light,0,0,Snowy Conditions
11831,2022-03-28 09:10:00,40.69955,-73.747734,0,0,Failure to Yield Right-of-Way,4514170,0.0,-5.2,0.3,0.0,0.21,3.0,71,31.3,59.0,303,Snow fall: Light,0,0,Snowy Conditions
11832,2022-03-28 07:45:00,40.8639,-73.83385,0,0,Other Vehicular,4514457,0.0,-5.2,0.3,0.0,0.21,3.0,71,31.3,59.0,303,Snow fall: Light,0,0,Snowy Conditions
11833,2022-03-28 15:50:00,40.694794,-73.98246,0,0,Turning Improperly,4514559,0.0,-5.2,0.3,0.0,0.21,3.0,71,31.3,59.0,303,Snow fall: Light,0,0,Snowy Conditions
11834,2022-03-28 09:00:00,40.714085,-73.807236,0,0,Reaction to Uninvolved Vehicle,4514660,0.0,-5.2,0.3,0.0,0.21,3.0,71,31.3,59.0,303,Snow fall: Light,0,0,Snowy Conditions
11835,2022-03-28 07:37:00,40.827423,-73.86823,0,0,Passing Too Closely,4514206,0.0,-5.2,0.3,0.0,0.21,3.0,71,31.3,59.0,303,Snow fall: Light,0,0,Snowy Conditions
11836,2022-03-28 09:18:00,40.74036,-73.97318,1,0,Driver Inattention/Distraction,4514273,0.0,-5.2,0.3,0.0,0.21,3.0,71,31.3,59.0,303,Snow fall: Light,1,1,Snowy Conditions
11837,2022-03-28 15:00:00,40.7266,-73.789116,0,0,Unspecified,4514306,0.0,-5.2,0.3,0.0,0.21,3.0,71,31.3,59.0,303,Snow fall: Light,0,0,Snowy Conditions
11838,2022-03-28 16:00:00,40.7067,-74.01605,0,0,Unspecified,4514395,0.0,-5.2,0.3,0.0,0.21,3.0,71,31.3,59.0,303,Snow fall: Light,0,0,Snowy Conditions
11839,2022-03-25 22:15:00,40.651974,-73.86542,0,0,Following Too Closely,4514723,15.6,5.3,5.7,5.7,0.0,4.0,63,27.6,52.2,274,Rain: Moderate,0,0,
11840,2022-03-26 01:45:00,40.635258,-73.92745,0,0,Other Vehicular,4514869,10.1,4.9,6.1,5.8,0.21,8.0,71,21.6,41.0,251,Snow fall: Light,0,0,Snowy Conditions
11841,2022-03-28 00:27:00,40.71598,-73.97579,0,0,Unspecified,4514226,0.0,-5.2,0.3,0.0,0.21,3.0,71,31.3,59.0,303,Snow fall: Light,0,0,Snowy Conditions
11842,2022-03-28 15:56:00,40.631493,-73.971855,0,0,Unspecified,4514321,0.0,-5.2,0.3,0.0,0.21,3.0,71,31.3,59.0,303,Snow fall: Light,0,0,Snowy Conditions
11843,2022-03-28 08:00:00,40.714695,-73.77531,1,0,Unspecified,4514145,0.0,-5.2,0.3,0.0,0.21,3.0,71,31.3,59.0,303,Snow fall: Light,1,1,Snowy Conditions
11844,2022-03-28 22:30:00,40.85396,-73.90944,0,0,Other Vehicular,4514450,0.0,-5.2,0.3,0.0,0.21,3.0,71,31.3,59.0,303,Snow fall: Light,0,0,Snowy Conditions
11845,2022-03-28 00:00:00,40.590084,-73.99363,0,0,Unspecified,4514797,0.0,-5.2,0.3,0.0,0.21,3.0,71,31.3,59.0,303,Snow fall: Light,0,0,Snowy Conditions
11846,2022-03-28 17:50:00,40.58061,-73.98565,0,0,Driver Inattention/Distraction,4514589,0.0,-5.2,0.3,0.0,0.21,3.0,71,31.3,59.0,303,Snow fall: Light,0,0,Snowy Conditions
11847,2022-03-28 23:30:00,40.88756,-73.866394,0,0,Driver Inattention/Distraction,4514344,0.0,-5.2,0.3,0.0,0.21,3.0,71,31.3,59.0,303,Snow fall: Light,0,0,Snowy Conditions
11848,2022-03-28 06:36:00,40.84672,-73.896484,1,0,Driver Inattention/Distraction,4514481,0.0,-5.2,0.3,0.0,0.21,3.0,71,31.3,59.0,303,Snow fall: Light,1,1,Snowy Conditions
11849,2022-03-28 18:00:00,40.623524,-74.083015,0,0,Unspecified,4514611,0.0,-5.2,0.3,0.0,0.21,3.0,71,31.3,59.0,303,Snow fall: Light,0,0,Snowy Conditions
11850,2022-03-28 08:39:00,40.842857,-73.83881,1,0,Driver Inexperience,4514539,0.0,-5.2,0.3,0.0,0.21,3.0,71,31.3,59.0,303,Snow fall: Light,1,1,Snowy Conditions
11851,2022-03-28 16:39:00,40.763344,-73.94163,1,0,Unspecified,4514388,0.0,-5.2,0.3,0.0,0.21,3.0,71,31.3,59.0,303,Snow fall: Light,1,1,Snowy Conditions
11852,2022-03-28 11:50:00,40.845432,-73.93658,0,0,Unspecified,4514756,0.0,-5.2,0.3,0.0,0.21,3.0,71,31.3,59.0,303,Snow fall: Light,0,0,Snowy Conditions
11853,2022-03-28 16:45:00,40.709827,-73.83983,0,0,Following Too Closely,4514338,0.0,-5.2,0.3,0.0,0.21,3.0,71,31.3,59.0,303,Snow fall: Light,0,0,Snowy Conditions
11854,2022-03-27 18:40:00,40.75707,-73.85605,0,0,Driver Inattention/Distraction,4514783,7.5,-1.1,0.3,0.3,0.07,3.0,71,26.4,47.5,288,Snow fall: Light,0,0,Snowy Conditions
11855,2022-03-28 20:38:00,40.72648,-73.89442,0,0,Turning Improperly,4514332,0.0,-5.2,0.3,0.0,0.21,3.0,71,31.3,59.0,303,Snow fall: Light,0,0,Snowy Conditions
11856,2022-03-28 05:55:00,40.762672,-73.9821,1,0,Driver Inattention/Distraction,4514078,0.0,-5.2,0.3,0.0,0.21,3.0,71,31.3,59.0,303,Snow fall: Light,1,1,Snowy Conditions
11857,2022-03-28 14:50:00,40.68046,-73.96136,2,0,Driver Inattention/Distraction,4514819,0.0,-5.2,0.3,0.0,0.21,3.0,71,31.3,59.0,303,Snow fall: Light,2,2,Snowy Conditions
11858,2022-03-28 08:30:00,40.804615,-73.90666,0,0,Unspecified,4514264,0.0,-5.2,0.3,0.0,0.21,3.0,71,31.3,59.0,303,Snow fall: Light,0,0,Snowy Conditions
11859,2022-03-28 14:41:00,40.815754,-73.89529,0,0,Unspecified,4514730,0.0,-5.2,0.3,0.0,0.21,3.0,71,31.3,59.0,303,Snow fall: Light,0,0,Snowy Conditions
11860,2022-03-28 18:15:00,40.640915,-73.97365,2,0,Driver Inattention/Distraction,4514372,0.0,-5.2,0.3,0.0,0.21,3.0,71,31.3,59.0,303,Snow fall: Light,2,2,Snowy Conditions
11861,2022-03-28 16:06:00,40.671906,-73.98668,0,0,Unsafe Speed,4514439,0.0,-5.2,0.3,0.0,0.21,3.0,71,31.3,59.0,303,Snow fall: Light,0,0,Snowy Conditions
11862,2022-03-21 09:00:00,40.828728,-73.914734,0,0,Unspecified,4514743,15.6,5.0,0.0,0.0,0.0,0.0,3,30.0,53.6,299,Overcast,0,0,
11863,2022-03-28 08:00:00,40.707523,-73.96115,1,0,Fatigued/Drowsy,4514353,0.0,-5.2,0.3,0.0,0.21,3.0,71,31.3,59.0,303,Snow fall: Light,1,1,Snowy Conditions
11864,2022-03-28 17:15:00,40.789314,-73.84188,0,0,Driver Inexperience,4514316,0.0,-5.2,0.3,0.0,0.21,3.0,71,31.3,59.0,303,Snow fall: Light,0,0,Snowy Conditions
11865,2022-03-24 08:22:00,40.57741,-73.96237,0,0,Failure to Yield Right-of-Way,4514807,9.9,3.5,21.4,21.4,0.0,16.0,63,27.2,50.8,57,Rain: Moderate,0,0,
11866,2022-03-25 18:56:00,40.823658,-73.836426,0,0,Unspecified,4514835,15.6,5.3,5.7,5.7,0.0,4.0,63,27.6,52.2,274,Rain: Moderate,0,0,
11867,2022-03-28 10:30:00,40.856323,-73.883896,0,0,View Obstructed/Limited,4514472,0.0,-5.2,0.3,0.0,0.21,3.0,71,31.3,59.0,303,Snow fall: Light,0,0,Snowy Conditions
11868,2022-03-28 11:11:00,40.641815,-73.99582,1,0,Unspecified,4514697,0.0,-5.2,0.3,0.0,0.21,3.0,71,31.3,59.0,303,Snow fall: Light,1,1,Snowy Conditions
11869,2022-03-28 09:30:00,40.826492,-73.907745,0,0,Driver Inattention/Distraction,4514381,0.0,-5.2,0.3,0.0,0.21,3.0,71,31.3,59.0,303,Snow fall: Light,0,0,Snowy Conditions
11870,2022-03-28 23:30:00,40.599827,-74.17823,0,0,Pavement Slippery,4514417,0.0,-5.2,0.3,0.0,0.21,3.0,71,31.3,59.0,303,Snow fall: Light,0,0,Snowy Conditions
11871,2021-12-19 22:10:00,40.83406,-73.944885,0,0,Failure to Yield Right-of-Way,4514767,7.1,-1.8,0.5,0.5,0.0,4.0,51,26.4,47.5,327,Drizzle: Light,0,0,
11872,2022-03-28 02:50:00,40.678455,-73.949684,2,0,Traffic Control Disregarded,4514429,0.0,-5.2,0.3,0.0,0.21,3.0,71,31.3,59.0,303,Snow fall: Light,2,2,Snowy Conditions
11873,2022-03-28 07:40:00,40.740467,-73.97295,1,0,Unspecified,4514773,0.0,-5.2,0.3,0.0,0.21,3.0,71,31.3,59.0,303,Snow fall: Light,1,1,Snowy Conditions
11874,2022-03-28 01:03:00,40.74767,-73.8754,0,0,Unspecified,4514025,0.0,-5.2,0.3,0.0,0.21,3.0,71,31.3,59.0,303,Snow fall: Light,0,0,Snowy Conditions
11875,2022-03-28 12:40:00,40.760853,-73.92408,1,0,Following Too Closely,4514809,0.0,-5.2,0.3,0.0,0.21,3.0,71,31.3,59.0,303,Snow fall: Light,1,1,Snowy Conditions
11876,2022-03-28 05:40:00,40.738724,-73.8488,0,0,Unspecified,4514516,0.0,-5.2,0.3,0.0,0.21,3.0,71,31.3,59.0,303,Snow fall: Light,0,0,Snowy Conditions
11877,2022-03-28 11:18:00,40.741055,-73.99786,0,0,Driver Inattention/Distraction,4514256,0.0,-5.2,0.3,0.0,0.21,3.0,71,31.3,59.0,303,Snow fall: Light,0,0,Snowy Conditions
11878,2022-03-28 19:30:00,40.588604,-73.80641,1,0,Driver Inattention/Distraction,4514505,0.0,-5.2,0.3,0.0,0.21,3.0,71,31.3,59.0,303,Snow fall: Light,1,1,Snowy Conditions
11879,2022-03-18 19:33:00,40.754864,-73.85255,1,0,Unspecified,4514857,20.8,7.4,0.0,0.0,0.0,0.0,3,16.0,31.7,181,Overcast,1,1,
11880,2022-03-24 17:00:00,40.640553,-74.0043,0,0,Driver Inattention/Distraction,4514732,9.9,3.5,21.4,21.4,0.0,16.0,63,27.2,50.8,57,Rain: Moderate,0,0,
11881,2022-03-28 12:35:00,40.879818,-73.880226,0,0,Backing Unsafely,4514385,0.0,-5.2,0.3,0.0,0.21,3.0,71,31.3,59.0,303,Snow fall: Light,0,0,Snowy Conditions
11882,2022-03-28 17:55:00,40.678364,-73.77949,0,0,Driver Inattention/Distraction,4514403,0.0,-5.2,0.3,0.0,0.21,3.0,71,31.3,59.0,303,Snow fall: Light,0,0,Snowy Conditions
11883,2022-03-28 06:49:00,40.817207,-73.88432,1,0,Unspecified,4514682,0.0,-5.2,0.3,0.0,0.21,3.0,71,31.3,59.0,303,Snow fall: Light,1,1,Snowy Conditions
11884,2022-03-28 19:59:00,40.84908,-73.90946,0,0,Other Vehicular,4514451,0.0,-5.2,0.3,0.0,0.21,3.0,71,31.3,59.0,303,Snow fall: Light,0,0,Snowy Conditions
11885,2022-03-28 07:28:00,40.657654,-73.87917,1,0,Driver Inattention/Distraction,4514280,0.0,-5.2,0.3,0.0,0.21,3.0,71,31.3,59.0,303,Snow fall: Light,1,1,Snowy Conditions
11886,2022-03-28 08:25:00,40.714283,-73.8102,1,0,Traffic Control Disregarded,4514171,0.0,-5.2,0.3,0.0,0.21,3.0,71,31.3,59.0,303,Snow fall: Light,1,1,Snowy Conditions
11887,2022-03-28 19:28:00,40.843475,-73.85102,0,0,Other Vehicular,4514459,0.0,-5.2,0.3,0.0,0.21,3.0,71,31.3,59.0,303,Snow fall: Light,0,0,Snowy Conditions
11888,2022-03-28 17:00:00,40.666393,-73.849976,0,0,Passing or Lane Usage Improper,4514360,0.0,-5.2,0.3,0.0,0.21,3.0,71,31.3,59.0,303,Snow fall: Light,0,0,Snowy Conditions
11889,2022-03-27 17:30:00,40.71423,-73.81633,1,0,Alcohol Involvement,4514881,7.5,-1.1,0.3,0.3,0.07,3.0,71,26.4,47.5,288,Snow fall: Light,1,1,Snowy Conditions
11890,2022-03-28 07:50:00,40.71302,-73.90831,0,0,Following Too Closely,4514282,0.0,-5.2,0.3,0.0,0.21,3.0,71,31.3,59.0,303,Snow fall: Light,0,0,Snowy Conditions
11891,2022-03-28 16:07:00,40.745327,-73.833435,1,0,Failure to Yield Right-of-Way,4514317,0.0,-5.2,0.3,0.0,0.21,3.0,71,31.3,59.0,303,Snow fall: Light,1,1,Snowy Conditions
11892,2022-03-28 11:00:00,40.70792,-73.9541,0,0,Driver Inattention/Distraction,4514706,0.0,-5.2,0.3,0.0,0.21,3.0,71,31.3,59.0,303,Snow fall: Light,0,0,Snowy Conditions
11893,2022-03-28 15:25:00,40.676292,-73.92484,0,0,Driver Inexperience,4514560,0.0,-5.2,0.3,0.0,0.21,3.0,71,31.3,59.0,303,Snow fall: Light,0,0,Snowy Conditions
11894,2022-03-28 14:15:00,40.5774,-73.95404,0,0,Driver Inattention/Distraction,4514590,0.0,-5.2,0.3,0.0,0.21,3.0,71,31.3,59.0,303,Snow fall: Light,0,0,Snowy Conditions
11895,2022-03-28 08:17:00,40.733303,-73.773186,1,0,Backing Unsafely,4514167,0.0,-5.2,0.3,0.0,0.21,3.0,71,31.3,59.0,303,Snow fall: Light,1,1,Snowy Conditions
11896,2022-03-28 10:00:00,40.702686,-73.92084,0,0,Driver Inattention/Distraction,4514410,0.0,-5.2,0.3,0.0,0.21,3.0,71,31.3,59.0,303,Snow fall: Light,0,0,Snowy Conditions
11897,2022-03-28 06:20:00,40.72416,-73.754974,0,0,Unspecified,4514236,0.0,-5.2,0.3,0.0,0.21,3.0,71,31.3,59.0,303,Snow fall: Light,0,0,Snowy Conditions
11898,2022-03-28 07:45:00,40.754677,-73.975815,0,0,Unspecified,4514469,0.0,-5.2,0.3,0.0,0.21,3.0,71,31.3,59.0,303,Snow fall: Light,0,0,Snowy Conditions
11899,2022-03-28 08:00:00,40.697495,-73.78904,0,0,Glare,4514143,0.0,-5.2,0.3,0.0,0.21,3.0,71,31.3,59.0,303,Snow fall: Light,0,0,Snowy Conditions
11900,2021-12-07 19:00:00,40.604935,-73.96684,0,0,Unspecified,4484513,8.6,0.8,0.1,0.1,0.0,1.0,51,27.2,49.3,283,Drizzle: Light,0,0,
11901,2021-12-15 17:14:00,40.841682,-73.88832,1,0,Other Vehicular,4486862,10.3,1.8,1.0,1.0,0.0,6.0,51,20.6,38.2,104,Drizzle: Light,1,1,
11902,2021-12-17 23:20:00,40.60216,-73.94707,0,0,Unsafe Speed,4487387,13.9,6.1,0.0,0.0,0.0,0.0,3,21.5,37.1,265,Overcast,0,0,
11903,2021-12-18 18:50:00,40.65407,-73.97821,0,0,Failure to Yield Right-of-Way,4488951,6.3,4.5,3.8,3.8,0.0,9.0,61,12.3,24.5,35,Rain: Light,0,0,
11904,2021-12-20 08:30:00,40.6665,-73.9962,0,0,Driver Inattention/Distraction,4488984,1.8,-4.4,0.0,0.0,0.0,0.0,2,17.9,32.8,282,Partly cloudy,0,0,
11905,2021-12-16 19:20:00,40.671585,-73.99843,1,0,Following Too Closely,4488974,14.6,9.9,0.0,0.0,0.0,0.0,3,22.4,38.5,222,Overcast,1,1,
11906,2021-12-10 21:12:00,0.0,0.0,0,0,Other Vehicular,4488986,8.5,1.6,0.0,0.0,0.0,0.0,3,9.8,20.5,183,Overcast,0,0,
11907,2022-02-19 08:40:00,40.865208,-73.84336,1,0,Driver Inattention/Distraction,4503909,3.3,-5.5,0.4,0.0,0.28,4.0,71,35.3,64.4,260,Snow fall: Light,1,1,Snowy Conditions
11908,2022-02-19 09:00:00,40.670048,-73.921364,0,0,Unspecified,4504133,3.3,-5.5,0.4,0.0,0.28,4.0,71,35.3,64.4,260,Snow fall: Light,0,0,Snowy Conditions
11909,2022-02-17 11:12:00,40.612022,-74.070885,0,0,Driver Inattention/Distraction,4504500,16.7,5.1,2.2,2.2,0.0,2.0,61,31.8,56.5,201,Rain: Light,0,0,
11910,2022-02-19 12:00:00,40.67398,-73.911156,3,0,Unspecified,4504442,3.3,-5.5,0.4,0.0,0.28,4.0,71,35.3,64.4,260,Snow fall: Light,3,3,Snowy Conditions