,CRASH DATETIME,LATITUDE,LONGITUDE,NUMBER OF PERSONS INJURED,NUMBER OF PERSONS KILLED,CONTRIBUTING FACTOR VEHICLE 1,COLLISION_ID,temperature_2m_max,temperature_2m_min,precipitation_sum,rain_sum,snowfall_sum,precipitation_hours,weather_code,wind_speed_10m_max,wind_gusts_10m_max,wind_direction_10m_dominant,Weather Description,Severity_Score,Total_Affected_Persons,Weather_Category
11911,2022-02-19 22:00:00,40.605057,-73.999,0,0,Failure to Keep Right,4504004,3.3,-5.5,0.4,0.0,0.28,4.0,71,35.3,64.4,260,Snow fall: Light,0,0,Snowy Conditions
11912,2022-02-19 17:30:00,40.681797,-73.97681,1,0,Passing Too Closely,4504660,3.3,-5.5,0.4,0.0,0.28,4.0,71,35.3,64.4,260,Snow fall: Light,1,1,Snowy Conditions
11913,2022-02-19 22:55:00,40.75607,-73.88059,0,0,Driver Inattention/Distraction,4504246,3.3,-5.5,0.4,0.0,0.28,4.0,71,35.3,64.4,260,Snow fall: Light,0,0,Snowy Conditions
11914,2022-02-19 21:59:00,40.736202,-73.878876,0,0,Unspecified,4504174,3.3,-5.5,0.4,0.0,0.28,4.0,71,35.3,64.4,260,Snow fall: Light,0,0,Snowy Conditions
11915,2022-02-19 20:55:00,40.686504,-73.874954,0,0,Unspecified,4504566,3.3,-5.5,0.4,0.0,0.28,4.0,71,35.3,64.4,260,Snow fall: Light,0,0,Snowy Conditions
11916,2022-02-13 20:30:00,40.754158,-73.898636,1,0,Failure to Yield Right-of-Way,4504618,4.9,-3.3,5.2,0.0,3.85,17.0,73,17.3,30.2,8,Snow fall: Moderate,1,1,Snowy Conditions
11917,2022-02-19 18:22:00,40.63084,-73.903076,5,0,Unspecified,4503998,3.3,-5.5,0.4,0.0,0.28,4.0,71,35.3,64.4,260,Snow fall: Light,5,5,Snowy Conditions
11918,2022-02-19 12:30:00,40.713253,-73.97759,0,0,Turning Improperly,4503959,3.3,-5.5,0.4,0.0,0.28,4.0,71,35.3,64.4,260,Snow fall: Light,0,0,Snowy Conditions
11919,2022-02-17 15:31:00,40.8278,-73.865425,1,0,Failure to Yield Right-of-Way,4504461,16.7,5.1,2.2,2.2,0.0,2.0,61,31.8,56.5,201,Rain: Light,1,1,
11920,2022-02-06 17:40:00,40.726624,-73.906456,0,0,Unsafe Lane Changing,4504527,-1.4,-8.8,0.0,0.0,0.0,0.0,3,16.2,31.7,83,Overcast,0,0,
11921,2022-02-19 15:42:00,40.76434,-73.98834,0,0,Unsafe Lane Changing,4504055,3.3,-5.5,0.4,0.0,0.28,4.0,71,35.3,64.4,260,Snow fall: Light,0,0,Snowy Conditions
11922,2022-02-19 03:05:00,40.650814,-73.837814,0,0,Driver Inattention/Distraction,4504338,3.3,-5.5,0.4,0.0,0.28,4.0,71,35.3,64.4,260,Snow fall: Light,0,0,Snowy Conditions
11923,2022-02-17 17:00:00,40.577003,-74.00217,1,0,Other Vehicular,4504489,16.7,5.1,2.2,2.2,0.0,2.0,61,31.8,56.5,201,Rain: Light,1,1,
11924,2022-02-19 05:00:00,40.8283,-73.88296,1,0,Driver Inattention/Distraction,4504436,3.3,-5.5,0.4,0.0,0.28,4.0,71,35.3,64.4,260,Snow fall: Light,1,1,Snowy Conditions
11925,2022-02-19 00:24:00,40.7606,-73.964325,0,0,Driver Inattention/Distraction,4503945,3.3,-5.5,0.4,0.0,0.28,4.0,71,35.3,64.4,260,Snow fall: Light,0,0,Snowy Conditions
11926,2021-12-20 15:30:00,40.67619,-73.9081,1,0,Driver Inattention/Distraction,4488266,1.8,-4.4,0.0,0.0,0.0,0.0,2,17.9,32.8,282,Partly cloudy,1,1,
11927,2021-12-20 07:00:00,40.729557,-73.98994,1,0,Driver Inattention/Distraction,4488432,1.8,-4.4,0.0,0.0,0.0,0.0,2,17.9,32.8,282,Partly cloudy,1,1,
11928,2021-12-20 12:00:00,40.701958,-73.9239,0,0,Passing Too Closely,4488316,1.8,-4.4,0.0,0.0,0.0,0.0,2,17.9,32.8,282,Partly cloudy,0,0,
11929,2021-12-17 13:15:00,40.638268,-74.0788,0,0,Passing or Lane Usage Improper,4488799,13.9,6.1,0.0,0.0,0.0,0.0,3,21.5,37.1,265,Overcast,0,0,
11930,2021-12-16 17:00:00,40.754974,-73.89095,0,0,Driver Inattention/Distraction,4488776,14.6,9.9,0.0,0.0,0.0,0.0,3,22.4,38.5,222,Overcast,0,0,
11931,2021-12-20 16:30:00,40.66496,-73.82226,1,0,Following Too Closely,4488294,1.8,-4.4,0.0,0.0,0.0,0.0,2,17.9,32.8,282,Partly cloudy,1,1,
11932,2021-12-20 09:56:00,40.676598,-73.89038,0,0,Failure to Yield Right-of-Way,4488542,1.8,-4.4,0.0,0.0,0.0,0.0,2,17.9,32.8,282,Partly cloudy,0,0,
11933,2021-12-20 09:18:00,40.858387,-73.90279,0,0,Backing Unsafely,4488341,1.8,-4.4,0.0,0.0,0.0,0.0,2,17.9,32.8,282,Partly cloudy,0,0,
11934,2021-12-20 21:00:00,40.728294,-73.75037,0,0,Unspecified,4488741,1.8,-4.4,0.0,0.0,0.0,0.0,2,17.9,32.8,282,Partly cloudy,0,0,
11935,2021-12-20 22:14:00,40.669476,-73.919975,1,0,Unsafe Speed,4488851,1.8,-4.4,0.0,0.0,0.0,0.0,2,17.9,32.8,282,Partly cloudy,1,1,
11936,2021-12-20 04:50:00,40.690983,-73.99706,0,0,Passing or Lane Usage Improper,4487976,1.8,-4.4,0.0,0.0,0.0,0.0,2,17.9,32.8,282,Partly cloudy,0,0,
11937,2021-12-20 15:15:00,40.831375,-73.863396,0,0,Backing Unsafely,4488353,1.8,-4.4,0.0,0.0,0.0,0.0,2,17.9,32.8,282,Partly cloudy,0,0,
11938,2021-12-16 15:20:00,40.619717,-74.07949,0,0,Driver Inattention/Distraction,4488797,14.6,9.9,0.0,0.0,0.0,0.0,3,22.4,38.5,222,Overcast,0,0,
11939,2021-12-20 17:00:00,40.748398,-73.889824,0,0,Unspecified,4488839,1.8,-4.4,0.0,0.0,0.0,0.0,2,17.9,32.8,282,Partly cloudy,0,0,
11940,2021-12-14 08:49:00,40.841278,-73.86359,0,0,Unspecified,4488711,10.4,3.1,0.0,0.0,0.0,0.0,3,18.5,31.3,322,Overcast,0,0,
11941,2021-12-20 08:55:00,40.674397,-73.896515,0,0,Following Too Closely,4488100,1.8,-4.4,0.0,0.0,0.0,0.0,2,17.9,32.8,282,Partly cloudy,0,0,
11942,2021-12-20 13:30:00,40.74074,-73.90779,0,0,Vehicle Vandalism,4488244,1.8,-4.4,0.0,0.0,0.0,0.0,2,17.9,32.8,282,Partly cloudy,0,0,
11943,2021-12-20 11:30:00,40.75941,-73.99562,0,0,Driver Inattention/Distraction,4488438,1.8,-4.4,0.0,0.0,0.0,0.0,2,17.9,32.8,282,Partly cloudy,0,0,
11944,2021-12-20 15:30:00,40.692352,-73.762436,0,0,Turning Improperly,4488466,1.8,-4.4,0.0,0.0,0.0,0.0,2,17.9,32.8,282,Partly cloudy,0,0,
11945,2021-12-20 16:45:00,40.5867,-73.81704,2,0,Driver Inattention/Distraction,4488552,1.8,-4.4,0.0,0.0,0.0,0.0,2,17.9,32.8,282,Partly cloudy,2,2,
11946,2021-12-20 17:40:00,40.61743,-74.135765,0,0,Driver Inattention/Distraction,4488601,1.8,-4.4,0.0,0.0,0.0,0.0,2,17.9,32.8,282,Partly cloudy,0,0,
11947,2021-12-20 11:09:00,40.872765,-73.88864,0,0,Following Too Closely,4488225,1.8,-4.4,0.0,0.0,0.0,0.0,2,17.9,32.8,282,Partly cloudy,0,0,
11948,2021-12-20 09:38:00,40.73239,-73.81116,0,0,Backing Unsafely,4488167,1.8,-4.4,0.0,0.0,0.0,0.0,2,17.9,32.8,282,Partly cloudy,0,0,
11949,2021-11-16 13:10:00,40.656063,-73.93957,0,0,Unspecified,4488876,9.5,1.9,0.0,0.0,0.0,0.0,3,21.3,38.2,275,Overcast,0,0,
11950,2021-12-18 04:15:00,40.58227,-73.98612,0,0,Driver Inattention/Distraction,4488928,6.3,4.5,3.8,3.8,0.0,9.0,61,12.3,24.5,35,Rain: Light,0,0,
11951,2021-12-20 05:41:00,40.58359,-73.98721,0,0,Driver Inattention/Distraction,4488206,1.8,-4.4,0.0,0.0,0.0,0.0,2,17.9,32.8,282,Partly cloudy,0,0,
11952,2021-12-20 08:49:00,40.63582,-74.1712,0,0,Backing Unsafely,4488168,1.8,-4.4,0.0,0.0,0.0,0.0,2,17.9,32.8,282,Partly cloudy,0,0,
11953,2021-08-03 14:00:00,40.572548,-74.16997,1,0,Driver Inattention/Distraction,4488811,24.2,15.3,0.0,0.0,0.0,0.0,3,10.7,21.2,7,Overcast,1,1,
11954,2021-12-20 08:00:00,40.71027,-73.765236,0,0,Driver Inattention/Distraction,4488238,1.8,-4.4,0.0,0.0,0.0,0.0,2,17.9,32.8,282,Partly cloudy,0,0,
11955,2021-12-20 04:23:00,40.65418,-73.91072,0,0,Unsafe Speed,4488133,1.8,-4.4,0.0,0.0,0.0,0.0,2,17.9,32.8,282,Partly cloudy,0,0,
11956,2021-12-20 11:30:00,40.60716,-74.13194,1,0,Following Too Closely,4488600,1.8,-4.4,0.0,0.0,0.0,0.0,2,17.9,32.8,282,Partly cloudy,1,1,
11957,2021-12-20 02:00:00,40.842247,-73.91403,0,0,Unsafe Speed,4488335,1.8,-4.4,0.0,0.0,0.0,0.0,2,17.9,32.8,282,Partly cloudy,0,0,
11958,2021-05-02 23:30:00,40.661777,-73.85069,1,0,Unsafe Speed,4412711,26.3,11.3,0.0,0.0,0.0,0.0,3,23.0,43.9,251,Overcast,1,1,
11959,2021-05-07 06:08:00,40.67094,-73.92124,0,0,View Obstructed/Limited,4414522,16.4,7.7,0.0,0.0,0.0,0.0,3,15.8,32.4,73,Overcast,0,0,
11960,2021-05-05 17:00:00,40.75399,-73.90031,1,0,Driver Inattention/Distraction,4413736,15.1,10.8,9.9,9.9,0.0,17.0,61,21.5,42.5,23,Rain: Light,1,1,
11961,2021-05-07 05:10:00,40.663227,-73.93159,0,0,Unspecified,4414827,16.4,7.7,0.0,0.0,0.0,0.0,3,15.8,32.4,73,Overcast,0,0,
11962,2021-05-07 09:00:00,40.65878,-73.960526,1,0,Driver Inattention/Distraction,4414483,16.4,7.7,0.0,0.0,0.0,0.0,3,15.8,32.4,73,Overcast,1,1,
11963,2021-05-05 22:00:00,40.72508,-73.997086,1,0,Driver Inattention/Distraction,4414188,15.1,10.8,9.9,9.9,0.0,17.0,61,21.5,42.5,23,Rain: Light,1,1,
11964,2021-05-05 14:30:00,40.83185,-73.910904,0,0,Failure to Yield Right-of-Way,4413861,15.1,10.8,9.9,9.9,0.0,17.0,61,21.5,42.5,23,Rain: Light,0,0,
11965,2021-05-06 06:30:00,40.592636,-73.90362,1,0,Driver Inattention/Distraction,4414715,17.3,8.7,0.0,0.0,0.0,0.0,3,22.6,43.6,313,Overcast,1,1,
11966,2021-05-05 21:29:00,40.67978,-73.823875,1,0,Other Vehicular,4413787,15.1,10.8,9.9,9.9,0.0,17.0,61,21.5,42.5,23,Rain: Light,1,1,
11967,2021-05-06 16:50:00,40.83801,-73.87329,1,0,Unsafe Lane Changing,4414302,17.3,8.7,0.0,0.0,0.0,0.0,3,22.6,43.6,313,Overcast,1,1,
11968,2021-05-07 11:50:00,40.866383,-73.88515,1,0,Unspecified,4414170,16.4,7.7,0.0,0.0,0.0,0.0,3,15.8,32.4,73,Overcast,1,1,
11969,2021-05-07 12:10:00,40.819847,-73.885994,0,0,Unspecified,4414932,16.4,7.7,0.0,0.0,0.0,0.0,3,15.8,32.4,73,Overcast,0,0,
11970,2021-05-06 20:06:00,40.5896,-73.959236,0,0,Driver Inattention/Distraction,4414150,17.3,8.7,0.0,0.0,0.0,0.0,3,22.6,43.6,313,Overcast,0,0,
11971,2021-05-07 17:30:00,40.741074,-73.7258,0,0,Unspecified,4414480,16.4,7.7,0.0,0.0,0.0,0.0,3,15.8,32.4,73,Overcast,0,0,
11972,2021-05-06 14:05:00,40.757008,-73.96388,0,0,Turning Improperly,4414036,17.3,8.7,0.0,0.0,0.0,0.0,3,22.6,43.6,313,Overcast,0,0,
11973,2021-04-27 21:40:00,40.829628,-73.92118,3,0,Following Too Closely,4414347,14.8,4.2,0.0,0.0,0.0,0.0,3,15.3,34.2,164,Overcast,3,3,
11974,2021-05-07 16:24:00,40.758205,-73.777405,0,0,Following Too Closely,4414291,16.4,7.7,0.0,0.0,0.0,0.0,3,15.8,32.4,73,Overcast,0,0,
11975,2021-05-06 13:37:00,40.759624,-73.99548,0,0,Passing Too Closely,4414016,17.3,8.7,0.0,0.0,0.0,0.0,3,22.6,43.6,313,Overcast,0,0,
11976,2021-05-05 00:00:00,40.75924,-73.967255,0,0,Passing or Lane Usage Improper,4413282,15.1,10.8,9.9,9.9,0.0,17.0,61,21.5,42.5,23,Rain: Light,0,0,
11977,2021-05-07 09:20:00,40.749283,-73.756645,0,0,Following Too Closely,4414738,16.4,7.7,0.0,0.0,0.0,0.0,3,15.8,32.4,73,Overcast,0,0,
11978,2021-05-06 12:50:00,40.856743,-73.89527,0,0,Unsafe Speed,4414384,17.3,8.7,0.0,0.0,0.0,0.0,3,22.6,43.6,313,Overcast,0,0,
11979,2021-05-05 18:39:00,40.60459,-74.02212,0,0,Passing or Lane Usage Improper,4413770,15.1,10.8,9.9,9.9,0.0,17.0,61,21.5,42.5,23,Rain: Light,0,0,
11980,2021-05-07 06:28:00,40.67812,-74.016914,0,0,Driver Inattention/Distraction,4414304,16.4,7.7,0.0,0.0,0.0,0.0,3,15.8,32.4,73,Overcast,0,0,
11981,2021-05-04 23:22:00,40.614227,-73.924446,2,0,Other Vehicular,4414175,22.2,11.1,13.2,13.2,0.0,6.0,63,18.9,42.8,74,Rain: Moderate,2,2,
11982,2021-05-06 12:00:00,40.849613,-73.83491,0,0,Unspecified,4414231,17.3,8.7,0.0,0.0,0.0,0.0,3,22.6,43.6,313,Overcast,0,0,
11983,2021-05-05 13:15:00,40.890507,-73.8611,0,0,Driver Inattention/Distraction,4413922,15.1,10.8,9.9,9.9,0.0,17.0,61,21.5,42.5,23,Rain: Light,0,0,
11984,2021-05-06 10:13:00,40.713707,-73.919,0,0,Driver Inattention/Distraction,4414415,17.3,8.7,0.0,0.0,0.0,0.0,3,22.6,43.6,313,Overcast,0,0,
11985,2021-04-28 18:39:00,40.616814,-73.94396,0,0,Unspecified,4414718,26.1,7.9,0.0,0.0,0.0,0.0,3,15.3,34.6,133,Overcast,0,0,
11986,2021-05-05 21:18:00,40.6131,-73.97858,0,0,Driver Inattention/Distraction,4413804,15.1,10.8,9.9,9.9,0.0,17.0,61,21.5,42.5,23,Rain: Light,0,0,
11987,2021-05-06 10:50:00,40.87059,-73.8362,0,0,Unsafe Speed,4414579,17.3,8.7,0.0,0.0,0.0,0.0,3,22.6,43.6,313,Overcast,0,0,
11988,2021-05-06 12:58:00,40.697582,-73.94965,0,0,View Obstructed/Limited,4414659,17.3,8.7,0.0,0.0,0.0,0.0,3,22.6,43.6,313,Overcast,0,0,
11989,2021-05-06 10:07:00,40.75069,-73.91771,0,0,Passing or Lane Usage Improper,4413994,17.3,8.7,0.0,0.0,0.0,0.0,3,22.6,43.6,313,Overcast,0,0,
11990,2021-05-06 16:04:00,40.663227,-73.93159,0,0,Driver Inattention/Distraction,4414077,17.3,8.7,0.0,0.0,0.0,0.0,3,22.6,43.6,313,Overcast,0,0,
11991,2021-05-06 06:20:00,40.66535,-73.81695,2,0,Driver Inattention/Distraction,4414125,17.3,8.7,0.0,0.0,0.0,0.0,3,22.6,43.6,313,Overcast,2,2,
11992,2021-04-09 12:15:00,40.811264,-73.95782,1,0,Driver Inattention/Distraction,4414681,13.4,5.7,0.0,0.0,0.0,0.0,3,15.7,33.8,146,Overcast,1,1,
11993,2021-05-05 04:15:00,40.657555,-73.894196,0,0,Driver Inexperience,4413486,15.1,10.8,9.9,9.9,0.0,17.0,61,21.5,42.5,23,Rain: Light,0,0,
11994,2021-05-07 10:00:00,40.75193,-73.808914,1,0,Failure to Yield Right-of-Way,4414272,16.4,7.7,0.0,0.0,0.0,0.0,3,15.8,32.4,73,Overcast,1,1,
11995,2021-05-05 19:40:00,40.72247,-73.987144,1,0,Driver Inattention/Distraction,4413815,15.1,10.8,9.9,9.9,0.0,17.0,61,21.5,42.5,23,Rain: Light,1,1,
11996,2021-05-06 12:15:00,40.625652,-73.930534,2,0,Turning Improperly,4414032,17.3,8.7,0.0,0.0,0.0,0.0,3,22.6,43.6,313,Overcast,2,2,
11997,2021-04-30 17:30:00,40.570877,-74.16984,0,0,Reaction to Uninvolved Vehicle,4414202,19.9,7.6,0.4,0.4,0.0,4.0,51,36.9,82.1,289,Drizzle: Light,0,0,
11998,2021-05-07 11:00:00,40.655624,-73.765724,0,0,Unspecified,4414263,16.4,7.7,0.0,0.0,0.0,0.0,3,15.8,32.4,73,Overcast,0,0,
11999,2021-05-07 20:13:00,40.64333,-73.95973,0,0,Driver Inattention/Distraction,4414533,16.4,7.7,0.0,0.0,0.0,0.0,3,15.8,32.4,73,Overcast,0,0,
12000,2021-05-03 11:48:00,40.830536,-73.91571,0,0,Passing Too Closely,4414340,15.8,11.4,5.7,5.7,0.0,7.0,61,14.5,47.2,53,Rain: Light,0,0,
12001,2021-05-06 04:00:00,40.757515,-73.81857,0,0,Driver Inattention/Distraction,4414450,17.3,8.7,0.0,0.0,0.0,0.0,3,22.6,43.6,313,Overcast,0,0,
12002,2021-05-06 14:55:00,40.783897,-73.97407,0,0,Driver Inattention/Distraction,4414069,17.3,8.7,0.0,0.0,0.0,0.0,3,22.6,43.6,313,Overcast,0,0,
12003,2021-04-18 17:30:00,40.76167,-73.79241,0,0,Driver Inattention/Distraction,4414571,15.1,5.3,0.2,0.2,0.0,2.0,51,13.2,28.4,282,Drizzle: Light,0,0,
12004,2021-05-05 17:50:00,40.763683,-73.87927,0,0,Turning Improperly,4413973,15.1,10.8,9.9,9.9,0.0,17.0,61,21.5,42.5,23,Rain: Light,0,0,
12005,2021-05-05 08:40:00,40.802753,-73.93358,0,0,Aggressive Driving/Road Rage,4413520,15.1,10.8,9.9,9.9,0.0,17.0,61,21.5,42.5,23,Rain: Light,0,0,
12006,2021-04-23 15:04:00,40.807087,-73.94178,1,0,Driver Inattention/Distraction,4414208,15.5,2.0,0.0,0.0,0.0,0.0,3,28.7,57.2,273,Overcast,1,1,
12007,2021-05-07 13:40:00,40.711384,-73.8366,0,0,Unsafe Lane Changing,4414207,16.4,7.7,0.0,0.0,0.0,0.0,3,15.8,32.4,73,Overcast,0,0,
12008,2021-05-05 00:00:00,40.660328,-73.72948,1,0,Pavement Slippery,4413713,15.1,10.8,9.9,9.9,0.0,17.0,61,21.5,42.5,23,Rain: Light,1,1,
12009,2021-04-25 08:00:00,40.535404,-74.193565,1,0,Driver Inattention/Distraction,4414362,16.6,8.7,12.7,12.7,0.0,11.0,61,19.2,37.4,341,Rain: Light,1,1,
12010,2021-05-06 22:15:00,40.54585,-74.164604,0,0,Driver Inattention/Distraction,4414379,17.3,8.7,0.0,0.0,0.0,0.0,3,22.6,43.6,313,Overcast,0,0,
12011,2021-05-05 14:02:00,40.737465,-73.919846,1,0,Driver Inattention/Distraction,4413868,15.1,10.8,9.9,9.9,0.0,17.0,61,21.5,42.5,23,Rain: Light,1,1,
12012,2021-05-06 21:10:00,40.59616,-73.74713,3,0,Traffic Control Disregarded,4414329,17.3,8.7,0.0,0.0,0.0,0.0,3,22.6,43.6,313,Overcast,3,3,
12013,2021-05-05 15:00:00,40.83948,-73.93604,0,0,Passing Too Closely,4414788,15.1,10.8,9.9,9.9,0.0,17.0,61,21.5,42.5,23,Rain: Light,0,0,
12014,2021-05-05 16:30:00,40.62826,-73.99915,0,0,Unspecified,4414630,15.1,10.8,9.9,9.9,0.0,17.0,61,21.5,42.5,23,Rain: Light,0,0,
12015,2021-05-07 21:36:00,40.707478,-73.8093,0,0,Driver Inattention/Distraction,4414295,16.4,7.7,0.0,0.0,0.0,0.0,3,15.8,32.4,73,Overcast,0,0,
12016,2021-05-07 11:39:00,40.777355,-73.95462,0,0,Driver Inattention/Distraction,4414845,16.4,7.7,0.0,0.0,0.0,0.0,3,15.8,32.4,73,Overcast,0,0,
12017,2021-05-04 06:40:00,40.895596,-73.85617,0,0,Turning Improperly,4414599,22.2,11.1,13.2,13.2,0.0,6.0,63,18.9,42.8,74,Rain: Moderate,0,0,
12018,2021-05-03 17:00:00,40.671352,-73.92881,0,0,Unspecified,4414689,15.8,11.4,5.7,5.7,0.0,7.0,61,14.5,47.2,53,Rain: Light,0,0,
12019,2021-05-06 12:30:00,40.81934,-73.93012,1,0,Failure to Yield Right-of-Way,4414159,17.3,8.7,0.0,0.0,0.0,0.0,3,22.6,43.6,313,Overcast,1,1,
12020,2021-05-05 16:30:00,40.854233,-73.85563,0,0,Unspecified,4414367,15.1,10.8,9.9,9.9,0.0,17.0,61,21.5,42.5,23,Rain: Light,0,0,
12021,2021-05-06 08:35:00,40.74729,-73.92832,0,0,Driver Inattention/Distraction,4413899,17.3,8.7,0.0,0.0,0.0,0.0,3,22.6,43.6,313,Overcast,0,0,
12022,2021-05-07 23:40:00,40.818794,-73.92213,0,0,Turning Improperly,4414884,16.4,7.7,0.0,0.0,0.0,0.0,3,15.8,32.4,73,Overcast,0,0,
12023,2021-05-05 23:22:00,40.82383,-73.87624,0,0,Unspecified,4413930,15.1,10.8,9.9,9.9,0.0,17.0,61,21.5,42.5,23,Rain: Light,0,0,
12024,2021-05-03 12:54:00,40.822315,-73.81918,1,0,Unspecified,4414227,15.8,11.4,5.7,5.7,0.0,7.0,61,14.5,47.2,53,Rain: Light,1,1,
12025,2021-05-05 19:00:00,40.811108,-73.92734,0,0,Unspecified,4413945,15.1,10.8,9.9,9.9,0.0,17.0,61,21.5,42.5,23,Rain: Light,0,0,
12026,2021-05-05 12:10:00,40.83477,-73.85394,0,0,Driver Inattention/Distraction,4413668,15.1,10.8,9.9,9.9,0.0,17.0,61,21.5,42.5,23,Rain: Light,0,0,
12027,2021-05-05 00:00:00,40.86536,-73.87043,0,0,Other Vehicular,4414750,15.1,10.8,9.9,9.9,0.0,17.0,61,21.5,42.5,23,Rain: Light,0,0,
12028,2021-05-05 11:42:00,40.722023,-73.9934,0,0,Reaction to Uninvolved Vehicle,4414617,15.1,10.8,9.9,9.9,0.0,17.0,61,21.5,42.5,23,Rain: Light,0,0,
12029,2021-05-07 12:50:00,40.702614,-73.96058,0,0,Following Too Closely,4414922,16.4,7.7,0.0,0.0,0.0,0.0,3,15.8,32.4,73,Overcast,0,0,
12030,2021-05-07 16:05:00,40.73701,-73.89993,0,0,Driver Inattention/Distraction,4414240,16.4,7.7,0.0,0.0,0.0,0.0,3,15.8,32.4,73,Overcast,0,0,
12031,2021-05-05 11:35:00,40.86231,-73.909874,1,0,Turning Improperly,4413604,15.1,10.8,9.9,9.9,0.0,17.0,61,21.5,42.5,23,Rain: Light,1,1,
12032,2021-05-06 18:22:00,40.743046,-73.91776,1,0,Driver Inattention/Distraction,4414099,17.3,8.7,0.0,0.0,0.0,0.0,3,22.6,43.6,313,Overcast,1,1,
12033,2021-05-07 00:44:00,40.66096,-73.731476,0,0,Illnes,4414116,16.4,7.7,0.0,0.0,0.0,0.0,3,15.8,32.4,73,Overcast,0,0,
12034,2021-05-05 11:30:00,40.70149,-73.95193,0,0,Pavement Slippery,4414137,15.1,10.8,9.9,9.9,0.0,17.0,61,21.5,42.5,23,Rain: Light,0,0,
12035,2021-05-06 22:52:00,40.79112,-73.97331,2,0,,4414394,17.3,8.7,0.0,0.0,0.0,0.0,3,22.6,43.6,313,Overcast,2,2,
12036,2021-05-07 17:28:00,40.70644,-73.75973,0,0,Unspecified,4414259,16.4,7.7,0.0,0.0,0.0,0.0,3,15.8,32.4,73,Overcast,0,0,
12037,2021-05-05 10:45:00,40.635777,-74.02897,2,0,Unspecified,4413658,15.1,10.8,9.9,9.9,0.0,17.0,61,21.5,42.5,23,Rain: Light,2,2,
12038,2021-05-05 09:50:00,40.646297,-73.97195,0,0,Unspecified,4413622,15.1,10.8,9.9,9.9,0.0,17.0,61,21.5,42.5,23,Rain: Light,0,0,
12039,2021-05-04 18:45:00,40.668674,-73.90876,0,0,Driver Inattention/Distraction,4414529,22.2,11.1,13.2,13.2,0.0,6.0,63,18.9,42.8,74,Rain: Moderate,0,0,
12040,2021-05-06 17:10:00,40.686687,-73.9661,0,0,Unspecified,4414049,17.3,8.7,0.0,0.0,0.0,0.0,3,22.6,43.6,313,Overcast,0,0,
12041,2021-05-07 00:06:00,40.67132,-73.9281,0,0,Driver Inattention/Distraction,4414212,16.4,7.7,0.0,0.0,0.0,0.0,3,15.8,32.4,73,Overcast,0,0,
12042,2021-05-05 15:30:00,40.60589,-73.98972,0,0,Failure to Yield Right-of-Way,4413698,15.1,10.8,9.9,9.9,0.0,17.0,61,21.5,42.5,23,Rain: Light,0,0,
12043,2021-05-05 05:42:00,40.83204,-73.85564,1,0,Unspecified,4413532,15.1,10.8,9.9,9.9,0.0,17.0,61,21.5,42.5,23,Rain: Light,1,1,
12044,2021-04-28 14:15:00,40.67224,-73.96104,0,0,Driver Inattention/Distraction,4414399,26.1,7.9,0.0,0.0,0.0,0.0,3,15.3,34.6,133,Overcast,0,0,
12045,2021-05-05 17:51:00,40.811638,-73.9316,1,0,Driver Inattention/Distraction,4413944,15.1,10.8,9.9,9.9,0.0,17.0,61,21.5,42.5,23,Rain: Light,1,1,
12046,2021-05-05 16:46:00,40.68804,-73.947754,0,0,Passing Too Closely,4414640,15.1,10.8,9.9,9.9,0.0,17.0,61,21.5,42.5,23,Rain: Light,0,0,
12047,2021-05-05 15:40:00,40.658924,-74.00302,0,0,Driver Inattention/Distraction,4414760,15.1,10.8,9.9,9.9,0.0,17.0,61,21.5,42.5,23,Rain: Light,0,0,
12048,2021-05-06 21:30:00,40.691845,-74.0002,0,0,Failure to Yield Right-of-Way,4414195,17.3,8.7,0.0,0.0,0.0,0.0,3,22.6,43.6,313,Overcast,0,0,
12049,2021-05-07 04:33:00,40.81467,-73.93623,0,0,Fell Asleep,4414333,16.4,7.7,0.0,0.0,0.0,0.0,3,15.8,32.4,73,Overcast,0,0,
12050,2021-05-05 12:10:00,40.676243,-73.90891,0,0,Driver Inexperience,4413798,15.1,10.8,9.9,9.9,0.0,17.0,61,21.5,42.5,23,Rain: Light,0,0,
12051,2021-05-07 12:25:00,40.694,-73.92351,0,0,Driver Inattention/Distraction,4414420,16.4,7.7,0.0,0.0,0.0,0.0,3,15.8,32.4,73,Overcast,0,0,
12052,2020-05-08 04:05:00,40.665848,-73.74822,0,0,Passing or Lane Usage Improper,4414460,11.0,5.6,10.3,10.3,0.0,13.0,61,14.1,31.0,309,Rain: Light,0,0,
12053,2021-05-03 07:00:00,40.817173,-73.94606,0,0,Other Vehicular,4414907,15.8,11.4,5.7,5.7,0.0,7.0,61,14.5,47.2,53,Rain: Light,0,0,
12054,2021-05-06 07:00:00,40.659286,-73.92029,0,0,Unspecified,4414694,17.3,8.7,0.0,0.0,0.0,0.0,3,22.6,43.6,313,Overcast,0,0,
12055,2021-05-06 12:40:00,40.60188,-74.16534,0,0,Other Vehicular,4414804,17.3,8.7,0.0,0.0,0.0,0.0,3,22.6,43.6,313,Overcast,0,0,
12056,2021-05-05 18:45:00,40.686466,-73.80156,0,0,Failure to Yield Right-of-Way,4413827,15.1,10.8,9.9,9.9,0.0,17.0,61,21.5,42.5,23,Rain: Light,0,0,
12057,2021-05-05 16:42:00,40.845078,-73.91111,0,0,Following Too Closely,4414167,15.1,10.8,9.9,9.9,0.0,17.0,61,21.5,42.5,23,Rain: Light,0,0,