,CRASH DATETIME,LATITUDE,LONGITUDE,NUMBER OF PERSONS INJURED,NUMBER OF PERSONS KILLED,CONTRIBUTING FACTOR VEHICLE 1,COLLISION_ID,temperature_2m_max,temperature_2m_min,precipitation_sum,rain_sum,snowfall_sum,precipitation_hours,weather_code,wind_speed_10m_max,wind_gusts_10m_max,wind_direction_10m_dominant,Weather Description,Severity_Score,Total_Affected_Persons,Weather_Category
12058,2021-05-05 12:30:00,40.680668,-73.95774,0,0,Passing Too Closely,4413964,15.1,10.8,9.9,9.9,0.0,17.0,61,21.5,42.5,23,Rain: Light,0,0,
12059,2021-05-06 14:55:00,40.85611,-73.88252,2,0,Unsafe Speed,4414371,17.3,8.7,0.0,0.0,0.0,0.0,3,22.6,43.6,313,Overcast,2,2,
12060,2021-05-07 11:30:00,40.76985,-73.8093,0,0,Traffic Control Disregarded,4414283,16.4,7.7,0.0,0.0,0.0,0.0,3,15.8,32.4,73,Overcast,0,0,
12061,2021-05-05 20:15:00,40.84009,-73.88036,0,0,Passing or Lane Usage Improper,4413906,15.1,10.8,9.9,9.9,0.0,17.0,61,21.5,42.5,23,Rain: Light,0,0,
12062,2021-05-02 18:30:00,40.58591,-73.95678,1,0,Unspecified,4414854,26.3,11.3,0.0,0.0,0.0,0.0,3,23.0,43.9,251,Overcast,1,1,
12063,2021-05-06 12:55:00,40.6271,-74.12514,0,0,Unspecified,4414515,17.3,8.7,0.0,0.0,0.0,0.0,3,22.6,43.6,313,Overcast,0,0,
12064,2021-05-03 22:00:00,40.748863,-73.892715,0,0,Driver Inattention/Distraction,4414959,15.8,11.4,5.7,5.7,0.0,7.0,61,14.5,47.2,53,Rain: Light,0,0,
12065,2021-05-06 11:42:00,40.728153,-73.95127,0,0,Following Too Closely,4413949,17.3,8.7,0.0,0.0,0.0,0.0,3,22.6,43.6,313,Overcast,0,0,
12066,2021-05-05 11:30:00,40.845062,-73.91839,0,0,Unspecified,4413593,15.1,10.8,9.9,9.9,0.0,17.0,61,21.5,42.5,23,Rain: Light,0,0,
12067,2021-05-07 14:50:00,40.679947,-73.84973,1,0,Turning Improperly,4414244,16.4,7.7,0.0,0.0,0.0,0.0,3,15.8,32.4,73,Overcast,1,1,
12068,2021-05-05 12:10:00,40.906136,-73.90431,1,0,Driver Inattention/Distraction,4413683,15.1,10.8,9.9,9.9,0.0,17.0,61,21.5,42.5,23,Rain: Light,1,1,
12069,2021-05-05 13:02:00,40.721798,-73.94802,0,0,Passing or Lane Usage Improper,4413778,15.1,10.8,9.9,9.9,0.0,17.0,61,21.5,42.5,23,Rain: Light,0,0,
12070,2021-05-06 00:00:00,40.608253,-73.897835,1,0,Unsafe Speed,4414441,17.3,8.7,0.0,0.0,0.0,0.0,3,22.6,43.6,313,Overcast,1,1,
12071,2021-05-06 21:45:00,40.69612,-73.74619,0,0,Unspecified,4414095,17.3,8.7,0.0,0.0,0.0,0.0,3,22.6,43.6,313,Overcast,0,0,
12072,2021-05-03 01:00:00,40.776897,-73.97547,0,0,Driver Inattention/Distraction,4414731,15.8,11.4,5.7,5.7,0.0,7.0,61,14.5,47.2,53,Rain: Light,0,0,
12073,2021-05-07 16:15:00,40.633286,-73.91674,0,0,Steering Failure,4414239,16.4,7.7,0.0,0.0,0.0,0.0,3,15.8,32.4,73,Overcast,0,0,
12074,2021-05-05 14:24:00,40.712315,-73.96688,1,0,Driver Inattention/Distraction,4414142,15.1,10.8,9.9,9.9,0.0,17.0,61,21.5,42.5,23,Rain: Light,1,1,
12075,2021-05-05 23:40:00,40.71328,-73.76606,0,0,Driver Inattention/Distraction,4414009,15.1,10.8,9.9,9.9,0.0,17.0,61,21.5,42.5,23,Rain: Light,0,0,
12076,2021-05-05 18:10:00,40.676548,-73.96354,1,0,Driver Inattention/Distraction,4414100,15.1,10.8,9.9,9.9,0.0,17.0,61,21.5,42.5,23,Rain: Light,1,1,
12077,2021-04-09 20:15:00,40.60264,-73.98639,2,0,Driver Inattention/Distraction,4414271,13.4,5.7,0.0,0.0,0.0,0.0,3,15.7,33.8,146,Overcast,2,2,
12078,2021-05-05 16:53:00,40.70355,-73.781296,1,0,Driver Inattention/Distraction,4413714,15.1,10.8,9.9,9.9,0.0,17.0,61,21.5,42.5,23,Rain: Light,1,1,
12079,2021-05-06 19:45:00,40.633984,-73.912926,0,0,Unspecified,4414133,17.3,8.7,0.0,0.0,0.0,0.0,3,22.6,43.6,313,Overcast,0,0,
12080,2021-05-05 09:07:00,40.631897,-74.09716,0,0,Driver Inattention/Distraction,4413752,15.1,10.8,9.9,9.9,0.0,17.0,61,21.5,42.5,23,Rain: Light,0,0,
12081,2022-02-19 01:15:00,40.701763,-73.9276,1,0,Driver Inattention/Distraction,4503885,3.3,-5.5,0.4,0.0,0.28,4.0,71,35.3,64.4,260,Snow fall: Light,1,1,Snowy Conditions
12082,2021-05-06 16:33:00,40.62684,-73.9219,1,0,Driver Inattention/Distraction,4414180,17.3,8.7,0.0,0.0,0.0,0.0,3,22.6,43.6,313,Overcast,1,1,
12083,2021-05-05 10:23:00,40.709373,-73.86103,1,0,Failure to Yield Right-of-Way,4413631,15.1,10.8,9.9,9.9,0.0,17.0,61,21.5,42.5,23,Rain: Light,1,1,
12084,2021-05-05 10:10:00,40.775322,-73.935295,0,0,Unspecified,4413993,15.1,10.8,9.9,9.9,0.0,17.0,61,21.5,42.5,23,Rain: Light,0,0,
12085,2021-05-07 16:41:00,40.68112,-73.9905,0,0,Unspecified,4414298,16.4,7.7,0.0,0.0,0.0,0.0,3,15.8,32.4,73,Overcast,0,0,
12086,2021-05-07 21:00:00,40.709,-73.79832,0,0,Driver Inattention/Distraction,4414319,16.4,7.7,0.0,0.0,0.0,0.0,3,15.8,32.4,73,Overcast,0,0,
12087,2021-05-05 13:28:00,40.86131,-73.92124,2,0,Turning Improperly,4413914,15.1,10.8,9.9,9.9,0.0,17.0,61,21.5,42.5,23,Rain: Light,2,2,
12088,2021-05-06 19:30:00,40.664276,-73.92501,0,0,Unspecified,4414700,17.3,8.7,0.0,0.0,0.0,0.0,3,22.6,43.6,313,Overcast,0,0,
12089,2021-04-26 03:03:00,40.68401,-73.917694,0,0,Unspecified,4414771,13.7,3.7,0.0,0.0,0.0,0.0,2,27.3,52.6,311,Partly cloudy,0,0,
12090,2021-05-05 19:45:00,40.803593,-73.919785,0,0,Unspecified,4413935,15.1,10.8,9.9,9.9,0.0,17.0,61,21.5,42.5,23,Rain: Light,0,0,
12091,2021-05-07 17:20:00,40.701706,-73.88375,1,0,Driver Inattention/Distraction,4414424,16.4,7.7,0.0,0.0,0.0,0.0,3,15.8,32.4,73,Overcast,1,1,
12092,2021-05-06 18:30:00,40.65771,-73.76757,0,0,Failure to Yield Right-of-Way,4414266,17.3,8.7,0.0,0.0,0.0,0.0,3,22.6,43.6,313,Overcast,0,0,
12093,2021-05-06 14:06:00,40.817387,-73.92277,1,0,Unspecified,4414138,17.3,8.7,0.0,0.0,0.0,0.0,3,22.6,43.6,313,Overcast,1,1,
12094,2021-05-07 10:10:00,40.631157,-74.14692,0,0,Driver Inattention/Distraction,4414199,16.4,7.7,0.0,0.0,0.0,0.0,3,15.8,32.4,73,Overcast,0,0,
12095,2021-05-06 10:55:00,40.790253,-73.94564,0,0,Driver Inexperience,4414467,17.3,8.7,0.0,0.0,0.0,0.0,3,22.6,43.6,313,Overcast,0,0,
12096,2021-05-07 00:00:00,40.67585,-73.91097,1,0,Driver Inattention/Distraction,4414523,16.4,7.7,0.0,0.0,0.0,0.0,3,15.8,32.4,73,Overcast,1,1,
12097,2021-05-07 20:47:00,40.72662,-73.757324,0,0,Driver Inattention/Distraction,4414311,16.4,7.7,0.0,0.0,0.0,0.0,3,15.8,32.4,73,Overcast,0,0,
12098,2021-05-07 08:35:00,40.749462,-73.86656,4,0,Driver Inattention/Distraction,4414892,16.4,7.7,0.0,0.0,0.0,0.0,3,15.8,32.4,73,Overcast,4,4,
12099,2021-05-05 13:20:00,40.732243,-73.87013,0,0,Driver Inattention/Distraction,4413792,15.1,10.8,9.9,9.9,0.0,17.0,61,21.5,42.5,23,Rain: Light,0,0,
12100,2021-05-06 12:35:00,40.63561,-73.95532,0,0,Unspecified,4414023,17.3,8.7,0.0,0.0,0.0,0.0,3,22.6,43.6,313,Overcast,0,0,
12101,2021-05-05 23:35:00,40.716133,-73.98947,0,0,Unspecified,4413816,15.1,10.8,9.9,9.9,0.0,17.0,61,21.5,42.5,23,Rain: Light,0,0,
12102,2021-05-04 17:00:00,40.625015,-73.94073,1,0,Unspecified,4414171,22.2,11.1,13.2,13.2,0.0,6.0,63,18.9,42.8,74,Rain: Moderate,1,1,
12103,2021-05-07 15:30:00,40.60381,-73.75213,0,0,Other Vehicular,4414403,16.4,7.7,0.0,0.0,0.0,0.0,3,15.8,32.4,73,Overcast,0,0,
12104,2021-05-07 17:00:00,40.620422,-73.98767,0,0,Driver Inattention/Distraction,4414813,16.4,7.7,0.0,0.0,0.0,0.0,3,15.8,32.4,73,Overcast,0,0,
12105,2021-05-05 12:53:00,40.757183,-73.83396,0,0,Passing or Lane Usage Improper,4413762,15.1,10.8,9.9,9.9,0.0,17.0,61,21.5,42.5,23,Rain: Light,0,0,
12106,2021-05-06 16:10:00,40.62813,-73.94713,0,0,Driver Inattention/Distraction,4414176,17.3,8.7,0.0,0.0,0.0,0.0,3,22.6,43.6,313,Overcast,0,0,
12107,2021-05-06 15:35:00,40.822323,-73.910706,0,0,Passenger Distraction,4414867,17.3,8.7,0.0,0.0,0.0,0.0,3,22.6,43.6,313,Overcast,0,0,
12108,2021-05-07 23:43:00,40.767612,-73.950005,2,0,Reaction to Uninvolved Vehicle,4414303,16.4,7.7,0.0,0.0,0.0,0.0,3,15.8,32.4,73,Overcast,2,2,
12109,2021-05-07 17:42:00,40.855595,-73.89601,3,0,Unsafe Speed,4414435,16.4,7.7,0.0,0.0,0.0,0.0,3,15.8,32.4,73,Overcast,3,3,
12110,2021-05-07 17:20:00,40.636234,-73.926506,1,0,Driver Inattention/Distraction,4414723,16.4,7.7,0.0,0.0,0.0,0.0,3,15.8,32.4,73,Overcast,1,1,
12111,2021-05-05 17:23:00,40.827656,-73.8861,2,0,Unspecified,4413886,15.1,10.8,9.9,9.9,0.0,17.0,61,21.5,42.5,23,Rain: Light,2,2,
12112,2021-05-06 17:20:00,40.878746,-73.84241,0,0,Driver Inattention/Distraction,4414583,17.3,8.7,0.0,0.0,0.0,0.0,3,22.6,43.6,313,Overcast,0,0,
12113,2021-05-06 16:40:00,40.67736,-73.938675,0,0,Accelerator Defective,4414084,17.3,8.7,0.0,0.0,0.0,0.0,3,22.6,43.6,313,Overcast,0,0,
12114,2021-05-05 14:45:00,40.722095,-73.77772,0,0,Following Too Closely,4413722,15.1,10.8,9.9,9.9,0.0,17.0,61,21.5,42.5,23,Rain: Light,0,0,
12115,2021-04-12 04:32:00,40.7968,-73.929375,0,0,Driver Inattention/Distraction,4414501,8.7,6.7,13.6,13.6,0.0,21.0,61,23.4,42.1,51,Rain: Light,0,0,
12116,2021-05-07 16:50:00,40.896152,-73.858,0,0,Passing Too Closely,4414591,16.4,7.7,0.0,0.0,0.0,0.0,3,15.8,32.4,73,Overcast,0,0,
12117,2021-05-05 17:00:00,40.708244,-73.9414,0,0,Driver Inattention/Distraction,4414667,15.1,10.8,9.9,9.9,0.0,17.0,61,21.5,42.5,23,Rain: Light,0,0,
12118,2021-05-06 10:00:00,40.748405,-73.97094,0,0,Oversized Vehicle,4414000,17.3,8.7,0.0,0.0,0.0,0.0,3,22.6,43.6,313,Overcast,0,0,
12119,2021-05-06 20:55:00,40.88736,-73.89426,1,0,Unspecified,4414106,17.3,8.7,0.0,0.0,0.0,0.0,3,22.6,43.6,313,Overcast,1,1,
12120,2021-05-07 09:08:00,40.781662,-73.818985,0,0,Driver Inattention/Distraction,4414276,16.4,7.7,0.0,0.0,0.0,0.0,3,15.8,32.4,73,Overcast,0,0,
12121,2021-05-05 14:30:00,40.85482,-73.9112,0,0,Pedestrian/Bicyclist/Other Pedestrian Error/Confusion,4413852,15.1,10.8,9.9,9.9,0.0,17.0,61,21.5,42.5,23,Rain: Light,0,0,
12122,2021-05-07 13:15:00,40.611256,-73.974525,0,0,Driver Inattention/Distraction,4414219,16.4,7.7,0.0,0.0,0.0,0.0,3,15.8,32.4,73,Overcast,0,0,
12123,2021-05-05 18:40:00,40.753944,-73.972145,1,0,Unspecified,4413773,15.1,10.8,9.9,9.9,0.0,17.0,61,21.5,42.5,23,Rain: Light,1,1,
12124,2021-05-05 13:55:00,40.824295,-73.90945,3,0,Unsafe Lane Changing,4413856,15.1,10.8,9.9,9.9,0.0,17.0,61,21.5,42.5,23,Rain: Light,3,3,
12125,2021-05-07 12:30:00,40.61427,-74.08232,0,0,Unsafe Speed,4414544,16.4,7.7,0.0,0.0,0.0,0.0,3,15.8,32.4,73,Overcast,0,0,
12126,2021-05-05 21:25:00,40.657665,-73.90961,0,0,Unspecified,4413805,15.1,10.8,9.9,9.9,0.0,17.0,61,21.5,42.5,23,Rain: Light,0,0,
12127,2021-05-05 20:27:00,40.818016,-73.96043,0,0,Passing Too Closely,4414028,15.1,10.8,9.9,9.9,0.0,17.0,61,21.5,42.5,23,Rain: Light,0,0,
12128,2021-12-20 16:26:00,40.70794,-73.784935,0,0,Driver Inattention/Distraction,4488364,1.8,-4.4,0.0,0.0,0.0,0.0,2,17.9,32.8,282,Partly cloudy,0,0,
12129,2021-05-05 05:27:00,40.59958,-73.98997,0,0,Driver Inattention/Distraction,4413328,15.1,10.8,9.9,9.9,0.0,17.0,61,21.5,42.5,23,Rain: Light,0,0,
12130,2021-05-06 16:50:00,40.57858,-73.9884,0,0,Driver Inattention/Distraction,4414061,17.3,8.7,0.0,0.0,0.0,0.0,3,22.6,43.6,313,Overcast,0,0,
12131,2021-05-01 00:30:00,40.86227,-73.83102,0,0,Unspecified,4414336,17.3,5.0,0.0,0.0,0.0,0.0,3,31.7,63.4,302,Overcast,0,0,
12132,2021-05-06 10:01:00,40.68085,-73.97112,1,0,Failure to Yield Right-of-Way,4414356,17.3,8.7,0.0,0.0,0.0,0.0,3,22.6,43.6,313,Overcast,1,1,
12133,2021-05-05 09:42:00,40.685085,-73.83512,2,0,Reaction to Uninvolved Vehicle,4414129,15.1,10.8,9.9,9.9,0.0,17.0,61,21.5,42.5,23,Rain: Light,2,2,
12134,2021-05-05 16:09:00,40.80297,-73.96387,2,0,Unspecified,4413745,15.1,10.8,9.9,9.9,0.0,17.0,61,21.5,42.5,23,Rain: Light,2,2,
12135,2021-05-06 12:42:00,40.728924,-73.957436,0,0,Driver Inattention/Distraction,4414122,17.3,8.7,0.0,0.0,0.0,0.0,3,22.6,43.6,313,Overcast,0,0,
12136,2021-05-06 13:05:00,40.889927,-73.9084,0,0,Traffic Control Disregarded,4414105,17.3,8.7,0.0,0.0,0.0,0.0,3,22.6,43.6,313,Overcast,0,0,
12137,2021-05-06 11:30:00,40.759914,-73.75207,0,0,Following Too Closely,4414015,17.3,8.7,0.0,0.0,0.0,0.0,3,22.6,43.6,313,Overcast,0,0,
12138,2021-05-05 06:40:00,40.660217,-73.89675,0,0,Unspecified,4413488,15.1,10.8,9.9,9.9,0.0,17.0,61,21.5,42.5,23,Rain: Light,0,0,
12139,2021-05-05 18:00:00,40.744644,-73.988846,1,0,Unspecified,4414033,15.1,10.8,9.9,9.9,0.0,17.0,61,21.5,42.5,23,Rain: Light,1,1,
12140,2021-05-05 13:20:00,40.66675,-73.779945,0,0,Passing Too Closely,4413720,15.1,10.8,9.9,9.9,0.0,17.0,61,21.5,42.5,23,Rain: Light,0,0,
12141,2021-05-06 00:00:00,40.620903,-74.006805,0,0,Driver Inattention/Distraction,4414203,17.3,8.7,0.0,0.0,0.0,0.0,3,22.6,43.6,313,Overcast,0,0,
12142,2021-05-05 22:07:00,40.68614,-73.91619,1,0,Other Vehicular,4413807,15.1,10.8,9.9,9.9,0.0,17.0,61,21.5,42.5,23,Rain: Light,1,1,
12143,2021-05-03 00:31:00,40.84197,-73.90417,0,0,Traffic Control Disregarded,4414341,15.8,11.4,5.7,5.7,0.0,7.0,61,14.5,47.2,53,Rain: Light,0,0,
12144,2021-05-06 18:00:00,40.65492,-73.726395,0,0,Unspecified,4414262,17.3,8.7,0.0,0.0,0.0,0.0,3,22.6,43.6,313,Overcast,0,0,
12145,2021-05-04 17:44:00,40.887497,-73.8621,0,0,Passing or Lane Usage Improper,4414572,22.2,11.1,13.2,13.2,0.0,6.0,63,18.9,42.8,74,Rain: Moderate,0,0,
12146,2021-05-05 21:32:00,40.772987,-73.98208,0,0,Driver Inattention/Distraction,4414071,15.1,10.8,9.9,9.9,0.0,17.0,61,21.5,42.5,23,Rain: Light,0,0,
12147,2021-05-06 16:20:00,40.66115,-73.98018,1,0,Driver Inexperience,4414358,17.3,8.7,0.0,0.0,0.0,0.0,3,22.6,43.6,313,Overcast,1,1,
12148,2021-05-07 17:00:00,40.613075,-74.12257,0,0,Unspecified,4414545,16.4,7.7,0.0,0.0,0.0,0.0,3,15.8,32.4,73,Overcast,0,0,
12149,2021-04-30 18:40:00,40.613243,-74.155304,1,0,Driver Inattention/Distraction,4414375,19.9,7.6,0.4,0.4,0.0,4.0,51,36.9,82.1,289,Drizzle: Light,1,1,
12150,2021-05-07 15:03:00,40.846153,-73.932335,0,0,Passing or Lane Usage Improper,4414778,16.4,7.7,0.0,0.0,0.0,0.0,3,15.8,32.4,73,Overcast,0,0,
12151,2021-05-05 09:40:00,40.64213,-73.92936,1,0,Unspecified,4413972,15.1,10.8,9.9,9.9,0.0,17.0,61,21.5,42.5,23,Rain: Light,1,1,
12152,2021-05-05 18:18:00,40.61782,-73.94309,0,0,Unspecified,4414717,15.1,10.8,9.9,9.9,0.0,17.0,61,21.5,42.5,23,Rain: Light,0,0,
12153,2021-05-07 18:19:00,40.83968,-73.929276,0,0,Driver Inattention/Distraction,4414828,16.4,7.7,0.0,0.0,0.0,0.0,3,15.8,32.4,73,Overcast,0,0,
12154,2021-05-07 09:18:00,40.619633,-74.025856,0,0,Backing Unsafely,4414204,16.4,7.7,0.0,0.0,0.0,0.0,3,15.8,32.4,73,Overcast,0,0,
12155,2021-05-06 07:05:00,40.75457,-73.97169,0,0,Driver Inattention/Distraction,4413999,17.3,8.7,0.0,0.0,0.0,0.0,3,22.6,43.6,313,Overcast,0,0,
12156,2021-05-06 07:27:00,40.72486,-74.00595,2,0,Unspecified,4414189,17.3,8.7,0.0,0.0,0.0,0.0,3,22.6,43.6,313,Overcast,2,2,
12157,2021-04-13 07:50:00,40.511875,-74.24958,0,0,Unspecified,4414363,18.3,5.8,4.5,4.5,0.0,5.0,61,14.5,28.1,17,Rain: Light,0,0,
12158,2021-05-05 19:58:00,40.862537,-73.90945,0,0,Following Too Closely,4413788,15.1,10.8,9.9,9.9,0.0,17.0,61,21.5,42.5,23,Rain: Light,0,0,
12159,2021-05-02 20:35:00,40.639378,-73.985725,1,0,Unspecified,4414627,26.3,11.3,0.0,0.0,0.0,0.0,3,23.0,43.9,251,Overcast,1,1,
12160,2021-05-07 13:34:00,40.843655,-73.93065,0,0,Passing Too Closely,4414789,16.4,7.7,0.0,0.0,0.0,0.0,3,15.8,32.4,73,Overcast,0,0,
12161,2021-05-06 19:30:00,40.58562,-73.95486,0,0,Unspecified,4414151,17.3,8.7,0.0,0.0,0.0,0.0,3,22.6,43.6,313,Overcast,0,0,
12162,2021-04-27 18:30:00,40.736584,-73.99498,1,0,Unspecified,4414688,14.8,4.2,0.0,0.0,0.0,0.0,3,15.3,34.2,164,Overcast,1,1,
12163,2021-05-06 18:07:00,40.824806,-73.91352,0,0,Unspecified,4414871,17.3,8.7,0.0,0.0,0.0,0.0,3,22.6,43.6,313,Overcast,0,0,
12164,2021-05-07 09:30:00,40.701397,-73.90533,0,0,Driver Inattention/Distraction,4414741,16.4,7.7,0.0,0.0,0.0,0.0,3,15.8,32.4,73,Overcast,0,0,
12165,2021-05-07 00:20:00,40.69382,-73.72694,0,0,Unspecified,4414117,16.4,7.7,0.0,0.0,0.0,0.0,3,15.8,32.4,73,Overcast,0,0,
12166,2021-05-06 15:30:00,40.60459,-74.02212,0,0,Driver Inattention/Distraction,4414052,17.3,8.7,0.0,0.0,0.0,0.0,3,22.6,43.6,313,Overcast,0,0,
12167,2021-05-05 22:43:00,40.62194,-73.91753,0,0,Unspecified,4414172,15.1,10.8,9.9,9.9,0.0,17.0,61,21.5,42.5,23,Rain: Light,0,0,
12168,2021-05-05 12:30:00,40.86832,-73.83317,1,0,Driver Inattention/Distraction,4413661,15.1,10.8,9.9,9.9,0.0,17.0,61,21.5,42.5,23,Rain: Light,1,1,
12169,2021-05-06 18:05:00,40.695847,-73.908806,1,0,Driver Inexperience,4414431,17.3,8.7,0.0,0.0,0.0,0.0,3,22.6,43.6,313,Overcast,1,1,
12170,2021-05-05 15:05:00,40.628845,-73.99855,0,0,Driver Inattention/Distraction,4413909,15.1,10.8,9.9,9.9,0.0,17.0,61,21.5,42.5,23,Rain: Light,0,0,
12171,2021-05-07 09:00:00,40.75228,-73.93562,0,0,Unspecified,4414866,16.4,7.7,0.0,0.0,0.0,0.0,3,15.8,32.4,73,Overcast,0,0,
12172,2021-05-01 13:30:00,40.780693,-73.9466,0,0,Driver Inattention/Distraction,4414390,17.3,5.0,0.0,0.0,0.0,0.0,3,31.7,63.4,302,Overcast,0,0,
12173,2021-05-06 21:52:00,40.629036,-74.16538,0,0,Traffic Control Disregarded,4414215,17.3,8.7,0.0,0.0,0.0,0.0,3,22.6,43.6,313,Overcast,0,0,
12174,2021-05-06 17:45:00,40.714012,-73.990776,0,0,Failure to Yield Right-of-Way,4414110,17.3,8.7,0.0,0.0,0.0,0.0,3,22.6,43.6,313,Overcast,0,0,
12175,2021-12-19 19:55:00,40.611427,-74.116844,1,0,Driver Inexperience,4488694,7.1,-1.8,0.5,0.5,0.0,4.0,51,26.4,47.5,327,Drizzle: Light,1,1,
12176,2021-05-06 07:52:00,40.8451,-73.90931,0,0,Following Too Closely,4413957,17.3,8.7,0.0,0.0,0.0,0.0,3,22.6,43.6,313,Overcast,0,0,
12177,2021-05-05 13:32:00,40.828125,-73.84105,2,0,Pavement Slippery,4414230,15.1,10.8,9.9,9.9,0.0,17.0,61,21.5,42.5,23,Rain: Light,2,2,
12178,2021-05-07 08:28:00,40.880947,-73.85456,0,0,Failure to Yield Right-of-Way,4414592,16.4,7.7,0.0,0.0,0.0,0.0,3,15.8,32.4,73,Overcast,0,0,
12179,2021-05-07 20:35:00,40.76316,-73.8164,0,0,Failure to Yield Right-of-Way,4414487,16.4,7.7,0.0,0.0,0.0,0.0,3,15.8,32.4,73,Overcast,0,0,
12180,2021-05-07 18:10:00,40.740784,-73.89893,0,0,Driver Inattention/Distraction,4414252,16.4,7.7,0.0,0.0,0.0,0.0,3,15.8,32.4,73,Overcast,0,0,
12181,2021-05-05 16:35:00,40.663124,-73.9509,0,0,Passing or Lane Usage Improper,4414076,15.1,10.8,9.9,9.9,0.0,17.0,61,21.5,42.5,23,Rain: Light,0,0,
12182,2021-05-07 16:30:00,40.678726,-73.91906,1,0,Driver Inattention/Distraction,4414770,16.4,7.7,0.0,0.0,0.0,0.0,3,15.8,32.4,73,Overcast,1,1,
12183,2021-05-05 05:48:00,40.72839,-73.83302,2,0,Reaction to Uninvolved Vehicle,4413599,15.1,10.8,9.9,9.9,0.0,17.0,61,21.5,42.5,23,Rain: Light,2,2,
12184,2021-05-06 00:36:00,40.651783,-73.962364,1,0,Unspecified,4413860,17.3,8.7,0.0,0.0,0.0,0.0,3,22.6,43.6,313,Overcast,1,1,
12185,2021-05-06 05:38:00,40.664413,-73.81504,0,0,Unsafe Speed,4413915,17.3,8.7,0.0,0.0,0.0,0.0,3,22.6,43.6,313,Overcast,0,0,
12186,2021-04-29 10:00:00,40.782307,-73.95042,0,0,Backing Unsafely,4414848,22.5,12.9,3.8,3.8,0.0,9.0,53,25.6,50.8,199,Drizzle: Moderate,0,0,
12187,2021-05-06 07:51:00,40.689228,-73.957,0,0,Glare,4414658,17.3,8.7,0.0,0.0,0.0,0.0,3,22.6,43.6,313,Overcast,0,0,
12188,2021-05-05 10:15:00,40.677834,-73.98826,1,0,Driver Inattention/Distraction,4413651,15.1,10.8,9.9,9.9,0.0,17.0,61,21.5,42.5,23,Rain: Light,1,1,
12189,2021-05-05 04:50:00,40.678993,-73.7298,0,0,Unspecified,4413777,15.1,10.8,9.9,9.9,0.0,17.0,61,21.5,42.5,23,Rain: Light,0,0,
12190,2021-05-07 21:19:00,40.7216,-73.75868,0,0,Unsafe Lane Changing,4414290,16.4,7.7,0.0,0.0,0.0,0.0,3,15.8,32.4,73,Overcast,0,0,
12191,2021-05-06 10:28:00,40.848022,-73.90859,0,0,Unspecified,4414010,17.3,8.7,0.0,0.0,0.0,0.0,3,22.6,43.6,313,Overcast,0,0,
12192,2021-05-07 19:25:00,40.757572,-73.9866,0,0,Unsafe Lane Changing,4414936,16.4,7.7,0.0,0.0,0.0,0.0,3,15.8,32.4,73,Overcast,0,0,
12193,2021-05-05 15:24:00,40.81194,-73.94244,0,0,Failure to Yield Right-of-Way,4414395,15.1,10.8,9.9,9.9,0.0,17.0,61,21.5,42.5,23,Rain: Light,0,0,
12194,2021-05-06 03:00:00,40.740837,-73.78656,0,0,Tire Failure/Inadequate,4414310,17.3,8.7,0.0,0.0,0.0,0.0,3,22.6,43.6,313,Overcast,0,0,
12195,2021-05-06 12:55:00,40.695995,-73.782776,4,0,Driver Inattention/Distraction,4414042,17.3,8.7,0.0,0.0,0.0,0.0,3,22.6,43.6,313,Overcast,4,4,
12196,2021-05-06 01:48:00,40.75791,-73.85857,1,0,Unspecified,4413965,17.3,8.7,0.0,0.0,0.0,0.0,3,22.6,43.6,313,Overcast,1,1,
12197,2021-05-07 06:40:00,40.597286,-73.96192,0,0,Unspecified,4414184,16.4,7.7,0.0,0.0,0.0,0.0,3,15.8,32.4,73,Overcast,0,0,
12198,2021-05-05 16:45:00,40.90535,-73.89646,0,0,Unspecified,4413726,15.1,10.8,9.9,9.9,0.0,17.0,61,21.5,42.5,23,Rain: Light,0,0,
12199,2021-05-05 17:30:00,40.714584,-73.84831,2,0,Failure to Yield Right-of-Way,4414475,15.1,10.8,9.9,9.9,0.0,17.0,61,21.5,42.5,23,Rain: Light,2,2,
12200,2021-12-20 12:50:00,40.82481,-73.93679,0,0,Driver Inattention/Distraction,4488475,1.8,-4.4,0.0,0.0,0.0,0.0,2,17.9,32.8,282,Partly cloudy,0,0,
12201,2021-05-07 05:19:00,40.69968,-73.79864,0,0,Unspecified,4414258,16.4,7.7,0.0,0.0,0.0,0.0,3,15.8,32.4,73,Overcast,0,0,
12202,2021-05-05 20:00:00,40.879215,-73.885284,1,0,Passing or Lane Usage Improper,4413782,15.1,10.8,9.9,9.9,0.0,17.0,61,21.5,42.5,23,Rain: Light,1,1,
12203,2021-12-20 18:06:00,40.587616,-73.93656,0,0,Unspecified,4488632,1.8,-4.4,0.0,0.0,0.0,0.0,2,17.9,32.8,282,Partly cloudy,0,0,
12204,2021-05-07 22:08:00,40.85493,-73.82617,2,0,Unspecified,4414552,16.4,7.7,0.0,0.0,0.0,0.0,3,15.8,32.4,73,Overcast,2,2,
12205,2021-04-06 11:25:00,40.703484,-73.85915,0,0,Oversized Vehicle,4414416,18.3,4.8,0.0,0.0,0.0,0.0,1,21.9,38.9,319,Mainly clear,0,0,Sunny/Clear Conditions
12206,2021-05-05 14:36:00,40.72293,-73.95333,1,0,Pavement Slippery,4414886,15.1,10.8,9.9,9.9,0.0,17.0,61,21.5,42.5,23,Rain: Light,1,1,
12207,2021-05-07 20:50:00,40.633957,-74.02886,1,0,Unspecified,4414284,16.4,7.7,0.0,0.0,0.0,0.0,3,15.8,32.4,73,Overcast,1,1,