,CRASH DATETIME,LATITUDE,LONGITUDE,NUMBER OF PERSONS INJURED,NUMBER OF PERSONS KILLED,CONTRIBUTING FACTOR VEHICLE 1,COLLISION_ID,temperature_2m_max,temperature_2m_min,precipitation_sum,rain_sum,snowfall_sum,precipitation_hours,weather_code,wind_speed_10m_max,wind_gusts_10m_max,wind_direction_10m_dominant,Weather Description,Severity_Score,Total_Affected_Persons,Weather_Category
12208,2021-05-07 20:20:00,40.647995,-73.952774,2,0,Driver Inattention/Distraction,4414704,16.4,7.7,0.0,0.0,0.0,0.0,3,15.8,32.4,73,Overcast,2,2,
12209,2021-05-06 01:31:00,40.8869,-73.83336,1,0,Driver Inattention/Distraction,4414578,17.3,8.7,0.0,0.0,0.0,0.0,3,22.6,43.6,313,Overcast,1,1,
12210,2021-05-07 16:52:00,40.861862,-73.91282,0,0,Driver Inattention/Distraction,4414619,16.4,7.7,0.0,0.0,0.0,0.0,3,15.8,32.4,73,Overcast,0,0,
12211,2021-05-06 15:20:00,40.72703,-73.85392,1,0,Driver Inattention/Distraction,4414320,17.3,8.7,0.0,0.0,0.0,0.0,3,22.6,43.6,313,Overcast,1,1,
12212,2021-05-06 16:00:00,40.767998,-73.830864,0,0,Passing Too Closely,4414279,17.3,8.7,0.0,0.0,0.0,0.0,3,22.6,43.6,313,Overcast,0,0,
12213,2021-05-06 12:48:00,40.64872,-73.96491,1,0,Unspecified,4414926,17.3,8.7,0.0,0.0,0.0,0.0,3,22.6,43.6,313,Overcast,1,1,
12214,2021-05-06 17:20:00,40.80757,-73.91696,0,0,Other Vehicular,4414141,17.3,8.7,0.0,0.0,0.0,0.0,3,22.6,43.6,313,Overcast,0,0,
12215,2021-05-05 11:20:00,40.671787,-73.95311,0,0,Driver Inattention/Distraction,4414096,15.1,10.8,9.9,9.9,0.0,17.0,61,21.5,42.5,23,Rain: Light,0,0,
12216,2021-05-05 21:04:00,40.638786,-73.94538,3,0,Failure to Yield Right-of-Way,4414004,15.1,10.8,9.9,9.9,0.0,17.0,61,21.5,42.5,23,Rain: Light,3,3,
12217,2021-04-26 14:45:00,40.8297,-73.91932,0,0,Driver Inattention/Distraction,4414348,13.7,3.7,0.0,0.0,0.0,0.0,2,27.3,52.6,311,Partly cloudy,0,0,
12218,2021-05-07 11:45:00,40.811367,-73.95402,1,0,Backing Unsafely,4414682,16.4,7.7,0.0,0.0,0.0,0.0,3,15.8,32.4,73,Overcast,1,1,
12219,2021-05-07 12:00:00,40.84961,-73.89799,0,0,Driver Inattention/Distraction,4414408,16.4,7.7,0.0,0.0,0.0,0.0,3,15.8,32.4,73,Overcast,0,0,
12220,2021-05-04 08:00:00,40.89675,-73.85988,1,0,Driver Inattention/Distraction,4414596,22.2,11.1,13.2,13.2,0.0,6.0,63,18.9,42.8,74,Rain: Moderate,1,1,
12221,2021-05-06 17:40:00,40.87345,-73.88096,0,0,Backing Unsafely,4414134,17.3,8.7,0.0,0.0,0.0,0.0,3,22.6,43.6,313,Overcast,0,0,
12222,2021-05-06 17:20:00,40.67538,-73.9082,1,0,Driver Inattention/Distraction,4414528,17.3,8.7,0.0,0.0,0.0,0.0,3,22.6,43.6,313,Overcast,1,1,
12223,2021-05-05 23:17:00,40.702904,-73.81882,0,0,Unsafe Speed,4413902,15.1,10.8,9.9,9.9,0.0,17.0,61,21.5,42.5,23,Rain: Light,0,0,
12224,2021-12-20 09:25:00,40.8399,-73.87562,0,0,Passenger Distraction,4488160,1.8,-4.4,0.0,0.0,0.0,0.0,2,17.9,32.8,282,Partly cloudy,0,0,
12225,2021-05-07 18:23:00,40.679337,-73.94405,0,0,Reaction to Uninvolved Vehicle,4414652,16.4,7.7,0.0,0.0,0.0,0.0,3,15.8,32.4,73,Overcast,0,0,
12226,2021-05-05 07:47:00,40.800648,-73.938034,1,0,Unspecified,4413517,15.1,10.8,9.9,9.9,0.0,17.0,61,21.5,42.5,23,Rain: Light,1,1,
12227,2021-05-06 10:00:00,40.67472,-73.85839,2,0,Traffic Control Disregarded,4413948,17.3,8.7,0.0,0.0,0.0,0.0,3,22.6,43.6,313,Overcast,2,2,
12228,2021-05-07 09:20:00,40.671875,-73.963585,0,0,Passing Too Closely,4414211,16.4,7.7,0.0,0.0,0.0,0.0,3,15.8,32.4,73,Overcast,0,0,
12229,2021-05-05 12:14:00,40.67172,-73.93524,1,0,Passing or Lane Usage Improper,4413700,15.1,10.8,9.9,9.9,0.0,17.0,61,21.5,42.5,23,Rain: Light,1,1,
12230,2021-05-06 14:55:00,40.592636,-73.90362,0,0,Unspecified,4414179,17.3,8.7,0.0,0.0,0.0,0.0,3,22.6,43.6,313,Overcast,0,0,
12231,2021-05-05 09:30:00,40.656147,-73.97732,0,0,Driver Inattention/Distraction,4413921,15.1,10.8,9.9,9.9,0.0,17.0,61,21.5,42.5,23,Rain: Light,0,0,
12232,2021-04-28 08:55:00,40.69324,-73.92865,1,0,Driver Inattention/Distraction,4414426,26.1,7.9,0.0,0.0,0.0,0.0,3,15.3,34.6,133,Overcast,1,1,
12233,2021-05-05 20:29:00,40.855385,-73.9181,1,0,Pavement Slippery,4413865,15.1,10.8,9.9,9.9,0.0,17.0,61,21.5,42.5,23,Rain: Light,1,1,
12234,2021-05-07 12:00:00,40.726036,-73.80858,0,0,Unspecified,4414446,16.4,7.7,0.0,0.0,0.0,0.0,3,15.8,32.4,73,Overcast,0,0,
12235,2021-04-25 00:30:00,40.76249,-73.839584,4,0,Driver Inattention/Distraction,4414753,16.6,8.7,12.7,12.7,0.0,11.0,61,19.2,37.4,341,Rain: Light,4,4,
12236,2021-05-07 14:53:00,40.681988,-73.83698,0,0,Driver Inattention/Distraction,4414243,16.4,7.7,0.0,0.0,0.0,0.0,3,15.8,32.4,73,Overcast,0,0,
12237,2021-05-07 13:11:00,40.669926,-73.89149,0,0,Driver Inattention/Distraction,4414968,16.4,7.7,0.0,0.0,0.0,0.0,3,15.8,32.4,73,Overcast,0,0,
12238,2021-05-05 19:57:00,40.680035,-73.9055,1,0,Unspecified,4413797,15.1,10.8,9.9,9.9,0.0,17.0,61,21.5,42.5,23,Rain: Light,1,1,
12239,2021-05-06 08:00:00,40.7091,-73.94009,0,0,Driver Inattention/Distraction,4414145,17.3,8.7,0.0,0.0,0.0,0.0,3,22.6,43.6,313,Overcast,0,0,
12240,2021-05-07 08:30:00,40.73319,-73.866875,1,0,Following Too Closely,4414294,16.4,7.7,0.0,0.0,0.0,0.0,3,15.8,32.4,73,Overcast,1,1,
12241,2021-05-06 16:35:00,40.795967,-73.93249,1,0,Turning Improperly,4414047,17.3,8.7,0.0,0.0,0.0,0.0,3,22.6,43.6,313,Overcast,1,1,
12242,2021-05-07 14:00:00,40.709023,-73.798195,0,0,Driver Inattention/Distraction,4414315,16.4,7.7,0.0,0.0,0.0,0.0,3,15.8,32.4,73,Overcast,0,0,
12243,2021-05-05 00:50:00,40.716194,-73.996086,0,0,Driver Inattention/Distraction,4413825,15.1,10.8,9.9,9.9,0.0,17.0,61,21.5,42.5,23,Rain: Light,0,0,
12244,2021-05-06 09:11:00,40.66851,-73.76626,0,0,Unsafe Speed,4414005,17.3,8.7,0.0,0.0,0.0,0.0,3,22.6,43.6,313,Overcast,0,0,
12245,2021-05-06 13:45:00,40.85214,-73.92071,0,0,Other Vehicular,4414383,17.3,8.7,0.0,0.0,0.0,0.0,3,22.6,43.6,313,Overcast,0,0,
12246,2021-05-06 17:30:00,40.646557,-73.92593,2,0,Failure to Yield Right-of-Way,4414696,17.3,8.7,0.0,0.0,0.0,0.0,3,22.6,43.6,313,Overcast,2,2,
12247,2021-05-05 18:00:00,40.761982,-73.87896,0,0,Driver Inattention/Distraction,4413959,15.1,10.8,9.9,9.9,0.0,17.0,61,21.5,42.5,23,Rain: Light,0,0,
12248,2021-05-04 05:50:00,40.53691,-74.22503,0,0,Unsafe Speed,4414366,22.2,11.1,13.2,13.2,0.0,6.0,63,18.9,42.8,74,Rain: Moderate,0,0,
12249,2021-05-07 01:52:00,40.57858,-73.9884,0,0,Driver Inattention/Distraction,4414559,16.4,7.7,0.0,0.0,0.0,0.0,3,15.8,32.4,73,Overcast,0,0,
12250,2021-05-06 17:15:00,40.88527,-73.85511,1,0,Driver Inattention/Distraction,4414582,17.3,8.7,0.0,0.0,0.0,0.0,3,22.6,43.6,313,Overcast,1,1,
12251,2021-05-04 19:00:00,40.687824,-73.74116,1,0,Unspecified,4414299,22.2,11.1,13.2,13.2,0.0,6.0,63,18.9,42.8,74,Rain: Moderate,1,1,
12252,2021-05-06 22:35:00,40.641212,-73.96444,1,0,Driver Inattention/Distraction,4414519,17.3,8.7,0.0,0.0,0.0,0.0,3,22.6,43.6,313,Overcast,1,1,
12253,2021-05-06 09:30:00,40.67855,-73.97314,0,0,Following Too Closely,4414355,17.3,8.7,0.0,0.0,0.0,0.0,3,22.6,43.6,313,Overcast,0,0,
12254,2021-05-02 11:00:00,40.620686,-74.11002,2,0,Driver Inattention/Distraction,4414512,26.3,11.3,0.0,0.0,0.0,0.0,3,23.0,43.9,251,Overcast,2,2,
12255,2021-05-06 09:15:00,40.718426,-73.817505,0,0,Driver Inattention/Distraction,4414316,17.3,8.7,0.0,0.0,0.0,0.0,3,22.6,43.6,313,Overcast,0,0,
12256,2021-05-06 11:00:00,40.698677,-73.90954,0,0,Unspecified,4414423,17.3,8.7,0.0,0.0,0.0,0.0,3,22.6,43.6,313,Overcast,0,0,
12257,2021-05-05 00:38:00,40.88851,-73.86009,0,0,Driver Inattention/Distraction,4414573,15.1,10.8,9.9,9.9,0.0,17.0,61,21.5,42.5,23,Rain: Light,0,0,
12258,2021-05-02 23:44:00,40.793816,-73.94012,2,0,Failure to Yield Right-of-Way,4414376,26.3,11.3,0.0,0.0,0.0,0.0,3,23.0,43.9,251,Overcast,2,2,
12259,2021-05-05 17:20:00,40.600883,-73.958694,0,0,Failure to Yield Right-of-Way,4413989,15.1,10.8,9.9,9.9,0.0,17.0,61,21.5,42.5,23,Rain: Light,0,0,
12260,2021-05-06 20:50:00,40.634094,-73.97206,2,0,Unspecified,4414612,17.3,8.7,0.0,0.0,0.0,0.0,3,22.6,43.6,313,Overcast,2,2,
12261,2021-05-05 15:45:00,0.0,0.0,0,0,Failure to Yield Right-of-Way,4413781,15.1,10.8,9.9,9.9,0.0,17.0,61,21.5,42.5,23,Rain: Light,0,0,
12262,2021-05-03 20:05:00,40.704742,-73.86016,1,0,Failure to Yield Right-of-Way,4414465,15.8,11.4,5.7,5.7,0.0,7.0,61,14.5,47.2,53,Rain: Light,1,1,
12263,2021-04-30 00:00:00,40.822933,-73.93813,0,0,Other Vehicular,4414903,19.9,7.6,0.4,0.4,0.0,4.0,51,36.9,82.1,289,Drizzle: Light,0,0,
12264,2021-05-07 14:45:00,40.686646,-73.9924,0,0,Driver Inattention/Distraction,4414216,16.4,7.7,0.0,0.0,0.0,0.0,3,15.8,32.4,73,Overcast,0,0,
12265,2021-05-07 17:00:00,40.64803,-73.966675,4,0,Driver Inattention/Distraction,4414524,16.4,7.7,0.0,0.0,0.0,0.0,3,15.8,32.4,73,Overcast,4,4,
12266,2021-05-06 18:25:00,40.714466,-73.99948,1,0,Unspecified,4414606,17.3,8.7,0.0,0.0,0.0,0.0,3,22.6,43.6,313,Overcast,1,1,
12267,2021-05-02 14:32:00,40.836437,-73.91842,1,0,Failure to Yield Right-of-Way,4414344,26.3,11.3,0.0,0.0,0.0,0.0,3,23.0,43.9,251,Overcast,1,1,
12268,2021-05-05 08:40:00,40.70854,-73.927414,0,0,Driver Inattention/Distraction,4414675,15.1,10.8,9.9,9.9,0.0,17.0,61,21.5,42.5,23,Rain: Light,0,0,
12269,2021-05-07 18:45:00,40.681236,-73.91142,0,0,Driver Inattention/Distraction,4414532,16.4,7.7,0.0,0.0,0.0,0.0,3,15.8,32.4,73,Overcast,0,0,
12270,2021-05-05 17:04:00,40.82226,-73.84564,0,0,Unspecified,4413928,15.1,10.8,9.9,9.9,0.0,17.0,61,21.5,42.5,23,Rain: Light,0,0,
12271,2021-05-06 05:00:00,40.6884,-73.95118,2,0,Traffic Control Disregarded,4414642,17.3,8.7,0.0,0.0,0.0,0.0,3,22.6,43.6,313,Overcast,2,2,
12272,2021-05-05 04:10:00,40.828407,-73.84392,0,0,Driver Inattention/Distraction,4413531,15.1,10.8,9.9,9.9,0.0,17.0,61,21.5,42.5,23,Rain: Light,0,0,
12273,2021-05-05 17:50:00,40.688778,-73.786446,0,0,Passing or Lane Usage Improper,4413840,15.1,10.8,9.9,9.9,0.0,17.0,61,21.5,42.5,23,Rain: Light,0,0,
12274,2021-04-28 00:15:00,40.67117,-73.92534,0,0,Backing Unsafely,4414398,26.1,7.9,0.0,0.0,0.0,0.0,3,15.3,34.6,133,Overcast,0,0,
12275,2021-05-05 09:20:00,40.82949,-73.87326,2,0,Unspecified,4413666,15.1,10.8,9.9,9.9,0.0,17.0,61,21.5,42.5,23,Rain: Light,2,2,
12276,2021-05-04 15:20:00,40.710094,-73.90029,0,0,Failure to Yield Right-of-Way,4414742,22.2,11.1,13.2,13.2,0.0,6.0,63,18.9,42.8,74,Rain: Moderate,0,0,
12277,2021-05-06 12:49:00,40.594845,-73.761925,0,0,Driver Inattention/Distraction,4414332,17.3,8.7,0.0,0.0,0.0,0.0,3,22.6,43.6,313,Overcast,0,0,
12278,2021-05-05 19:20:00,40.654068,-73.96177,1,0,Turning Improperly,4413857,15.1,10.8,9.9,9.9,0.0,17.0,61,21.5,42.5,23,Rain: Light,1,1,
12279,2021-05-05 19:55:00,40.669113,-73.95336,0,0,Driver Inattention/Distraction,4413744,15.1,10.8,9.9,9.9,0.0,17.0,61,21.5,42.5,23,Rain: Light,0,0,
12280,2021-05-05 18:50:00,40.701824,-73.753494,0,0,Failure to Yield Right-of-Way,4413835,15.1,10.8,9.9,9.9,0.0,17.0,61,21.5,42.5,23,Rain: Light,0,0,
12281,2021-05-06 08:50:00,40.84434,-73.91475,0,0,Turning Improperly,4414165,17.3,8.7,0.0,0.0,0.0,0.0,3,22.6,43.6,313,Overcast,0,0,
12282,2021-05-05 17:00:00,40.52864,-74.21685,0,0,Driver Inattention/Distraction,4414021,15.1,10.8,9.9,9.9,0.0,17.0,61,21.5,42.5,23,Rain: Light,0,0,
12283,2021-05-05 07:40:00,40.736057,-73.87669,0,0,Unspecified,4413791,15.1,10.8,9.9,9.9,0.0,17.0,61,21.5,42.5,23,Rain: Light,0,0,
12284,2021-05-06 16:20:00,40.83538,-73.94219,0,0,Driver Inattention/Distraction,4414777,17.3,8.7,0.0,0.0,0.0,0.0,3,22.6,43.6,313,Overcast,0,0,
12285,2021-05-05 05:22:00,40.678276,-73.910805,0,0,Driver Inattention/Distraction,4413343,15.1,10.8,9.9,9.9,0.0,17.0,61,21.5,42.5,23,Rain: Light,0,0,
12286,2021-12-08 15:00:00,40.775967,-73.79927,0,0,Passing or Lane Usage Improper,4484769,4.7,0.9,0.7,0.7,0.0,2.0,51,14.5,24.8,355,Drizzle: Light,0,0,
12287,2021-05-06 18:50:00,40.75207,-73.86896,0,0,Passing or Lane Usage Improper,4414062,17.3,8.7,0.0,0.0,0.0,0.0,3,22.6,43.6,313,Overcast,0,0,
12288,2021-05-07 02:00:00,40.598885,-73.79914,0,0,Unsafe Lane Changing,4414496,16.4,7.7,0.0,0.0,0.0,0.0,3,15.8,32.4,73,Overcast,0,0,
12289,2021-05-05 12:00:00,40.628387,-73.92431,0,0,Unspecified,4414183,15.1,10.8,9.9,9.9,0.0,17.0,61,21.5,42.5,23,Rain: Light,0,0,
12290,2021-05-06 21:23:00,40.62884,-74.15267,0,0,Driver Inattention/Distraction,4414807,17.3,8.7,0.0,0.0,0.0,0.0,3,22.6,43.6,313,Overcast,0,0,
12291,2021-05-06 10:12:00,40.622696,-73.961716,0,0,Unspecified,4413980,17.3,8.7,0.0,0.0,0.0,0.0,3,22.6,43.6,313,Overcast,0,0,
12292,2021-05-06 18:08:00,40.83611,-73.92238,0,0,Unsafe Lane Changing,4414337,17.3,8.7,0.0,0.0,0.0,0.0,3,22.6,43.6,313,Overcast,0,0,
12293,2021-05-06 17:30:00,40.666416,-73.80631,0,0,Following Too Closely,4414128,17.3,8.7,0.0,0.0,0.0,0.0,3,22.6,43.6,313,Overcast,0,0,
12294,2021-05-07 07:45:00,40.666355,-73.80163,0,0,Driver Inexperience,4414370,16.4,7.7,0.0,0.0,0.0,0.0,3,15.8,32.4,73,Overcast,0,0,
12295,2021-05-07 16:16:00,40.63413,-73.928505,0,0,Driver Inattention/Distraction,4414722,16.4,7.7,0.0,0.0,0.0,0.0,3,15.8,32.4,73,Overcast,0,0,
12296,2021-05-06 07:25:00,40.88254,-73.826965,1,0,Reaction to Uninvolved Vehicle,4414221,17.3,8.7,0.0,0.0,0.0,0.0,3,22.6,43.6,313,Overcast,1,1,
12297,2021-05-06 15:14:00,40.76781,-73.96202,0,0,Driver Inexperience,4414387,17.3,8.7,0.0,0.0,0.0,0.0,3,22.6,43.6,313,Overcast,0,0,
12298,2021-04-30 08:00:00,40.880157,-73.848076,0,0,Unspecified,4414567,19.9,7.6,0.4,0.4,0.0,4.0,51,36.9,82.1,289,Drizzle: Light,0,0,
12299,2021-05-07 06:15:00,40.66708,-73.81033,1,0,Reaction to Uninvolved Vehicle,4414359,16.4,7.7,0.0,0.0,0.0,0.0,3,15.8,32.4,73,Overcast,1,1,
12300,2021-05-07 23:00:00,40.83562,-73.927864,1,0,Driver Inattention/Distraction,4414780,16.4,7.7,0.0,0.0,0.0,0.0,3,15.8,32.4,73,Overcast,1,1,
12301,2021-05-06 19:06:00,40.702595,-73.8553,3,0,Traffic Control Disregarded,4414419,17.3,8.7,0.0,0.0,0.0,0.0,3,22.6,43.6,313,Overcast,3,3,
12302,2021-05-07 19:30:00,40.61148,-74.098595,1,0,Driver Inexperience,4414547,16.4,7.7,0.0,0.0,0.0,0.0,3,15.8,32.4,73,Overcast,1,1,
12303,2021-04-29 20:00:00,40.69024,-73.9482,0,0,Passing or Lane Usage Improper,4414634,22.5,12.9,3.8,3.8,0.0,9.0,53,25.6,50.8,199,Drizzle: Moderate,0,0,
12304,2021-05-06 00:40:00,40.69614,-73.9734,0,0,Driver Inattention/Distraction,4414112,17.3,8.7,0.0,0.0,0.0,0.0,3,22.6,43.6,313,Overcast,0,0,
12305,2021-05-01 20:20:00,40.761265,-73.87501,1,0,Unspecified,4414235,17.3,5.0,0.0,0.0,0.0,0.0,3,31.7,63.4,302,Overcast,1,1,
12306,2021-04-25 09:35:00,40.655575,-73.926895,1,0,Passing or Lane Usage Improper,4414692,16.6,8.7,12.7,12.7,0.0,11.0,61,19.2,37.4,341,Rain: Light,1,1,
12307,2021-05-07 21:30:00,40.700836,-73.99495,0,0,Following Too Closely,4414456,16.4,7.7,0.0,0.0,0.0,0.0,3,15.8,32.4,73,Overcast,0,0,
12308,2021-05-07 11:42:00,40.822456,-73.88728,0,0,Passing or Lane Usage Improper,4414248,16.4,7.7,0.0,0.0,0.0,0.0,3,15.8,32.4,73,Overcast,0,0,
12309,2021-05-02 13:00:00,40.843063,-73.90954,0,0,Passing Too Closely,4414342,26.3,11.3,0.0,0.0,0.0,0.0,3,23.0,43.9,251,Overcast,0,0,
12310,2021-05-07 19:20:00,40.748985,-73.979965,0,0,Driver Inattention/Distraction,4414253,16.4,7.7,0.0,0.0,0.0,0.0,3,15.8,32.4,73,Overcast,0,0,
12311,2021-12-20 12:40:00,40.633827,-74.031456,1,0,Illnes,4488230,1.8,-4.4,0.0,0.0,0.0,0.0,2,17.9,32.8,282,Partly cloudy,1,1,
12312,2021-05-05 07:03:00,40.71754,-73.89931,0,0,Passing Too Closely,4413917,15.1,10.8,9.9,9.9,0.0,17.0,61,21.5,42.5,23,Rain: Light,0,0,
12313,2021-05-05 12:50:00,40.84869,-73.90329,0,0,Following Too Closely,4413652,15.1,10.8,9.9,9.9,0.0,17.0,61,21.5,42.5,23,Rain: Light,0,0,
12314,2021-05-05 14:58:00,40.559124,-74.15494,0,0,Failure to Yield Right-of-Way,4413888,15.1,10.8,9.9,9.9,0.0,17.0,61,21.5,42.5,23,Rain: Light,0,0,
12315,2021-05-06 11:00:00,40.579826,-73.97622,0,0,Unspecified,4414060,17.3,8.7,0.0,0.0,0.0,0.0,3,22.6,43.6,313,Overcast,0,0,
12316,2021-05-05 14:00:00,40.69637,-73.837906,1,0,Unsafe Speed,4413676,15.1,10.8,9.9,9.9,0.0,17.0,61,21.5,42.5,23,Rain: Light,1,1,
12317,2021-05-05 08:30:00,40.71755,-73.99932,0,0,Driver Inexperience,4414963,15.1,10.8,9.9,9.9,0.0,17.0,61,21.5,42.5,23,Rain: Light,0,0,
12318,2021-12-20 19:48:00,40.811314,-73.92759,0,0,Alcohol Involvement,4488302,1.8,-4.4,0.0,0.0,0.0,0.0,2,17.9,32.8,282,Partly cloudy,0,0,
12319,2021-05-04 22:30:00,40.6746,-73.9389,1,0,Failure to Yield Right-of-Way,4414687,22.2,11.1,13.2,13.2,0.0,6.0,63,18.9,42.8,74,Rain: Moderate,1,1,
12320,2021-05-06 16:45:00,40.701237,-73.79465,1,0,Following Too Closely,4414081,17.3,8.7,0.0,0.0,0.0,0.0,3,22.6,43.6,313,Overcast,1,1,
12321,2021-05-05 12:15:00,40.72584,-73.81037,0,0,Unspecified,4413725,15.1,10.8,9.9,9.9,0.0,17.0,61,21.5,42.5,23,Rain: Light,0,0,
12322,2021-05-07 18:55:00,40.598846,-73.74898,0,0,Reaction to Uninvolved Vehicle,4414402,16.4,7.7,0.0,0.0,0.0,0.0,3,15.8,32.4,73,Overcast,0,0,
12323,2021-05-06 08:16:00,40.767803,-73.95601,0,0,Turning Improperly,4413937,17.3,8.7,0.0,0.0,0.0,0.0,3,22.6,43.6,313,Overcast,0,0,
12324,2021-05-07 16:35:00,40.7438,-73.98373,0,0,Passing or Lane Usage Improper,4414585,16.4,7.7,0.0,0.0,0.0,0.0,3,15.8,32.4,73,Overcast,0,0,
12325,2021-05-06 11:00:00,40.716976,-73.98229,0,0,Unspecified,4414109,17.3,8.7,0.0,0.0,0.0,0.0,3,22.6,43.6,313,Overcast,0,0,
12326,2021-05-05 08:30:00,40.774654,-73.9541,1,0,Traffic Control Disregarded,4413571,15.1,10.8,9.9,9.9,0.0,17.0,61,21.5,42.5,23,Rain: Light,1,1,
12327,2021-05-07 13:56:00,40.665257,-73.735344,0,0,Unspecified,4414267,16.4,7.7,0.0,0.0,0.0,0.0,3,15.8,32.4,73,Overcast,0,0,
12328,2021-05-05 17:30:00,40.821865,-73.88936,0,0,Unspecified,4413894,15.1,10.8,9.9,9.9,0.0,17.0,61,21.5,42.5,23,Rain: Light,0,0,
12329,2021-05-07 11:00:00,40.782833,-73.95948,1,0,Driver Inattention/Distraction,4414198,16.4,7.7,0.0,0.0,0.0,0.0,3,15.8,32.4,73,Overcast,1,1,
12330,2021-05-07 19:35:00,40.71469,-73.942696,0,0,Following Too Closely,4414666,16.4,7.7,0.0,0.0,0.0,0.0,3,15.8,32.4,73,Overcast,0,0,
12331,2021-05-06 22:42:00,40.848114,-73.901474,1,0,Unsafe Speed,4414434,17.3,8.7,0.0,0.0,0.0,0.0,3,22.6,43.6,313,Overcast,1,1,
12332,2021-05-07 22:50:00,40.712296,-73.88375,0,0,Failure to Yield Right-of-Way,4414417,16.4,7.7,0.0,0.0,0.0,0.0,3,15.8,32.4,73,Overcast,0,0,
12333,2021-05-05 15:00:00,40.769028,-73.92242,0,0,Unspecified,4414865,15.1,10.8,9.9,9.9,0.0,17.0,61,21.5,42.5,23,Rain: Light,0,0,
12334,2021-05-07 00:20:00,40.70019,-73.90561,0,0,Passing Too Closely,4414391,16.4,7.7,0.0,0.0,0.0,0.0,3,15.8,32.4,73,Overcast,0,0,
12335,2021-05-05 18:00:00,40.815845,-73.89544,0,0,Drugs (illegal),4414246,15.1,10.8,9.9,9.9,0.0,17.0,61,21.5,42.5,23,Rain: Light,0,0,
12336,2021-05-07 20:10:00,40.892956,-73.86382,0,0,Driver Inattention/Distraction,4414593,16.4,7.7,0.0,0.0,0.0,0.0,3,15.8,32.4,73,Overcast,0,0,
12337,2021-05-05 19:20:00,40.640842,-74.01843,0,0,Unspecified,4413953,15.1,10.8,9.9,9.9,0.0,17.0,61,21.5,42.5,23,Rain: Light,0,0,
12338,2021-05-07 06:00:00,40.872143,-73.818695,0,0,Unspecified,4414225,16.4,7.7,0.0,0.0,0.0,0.0,3,15.8,32.4,73,Overcast,0,0,
12339,2021-05-05 13:00:00,40.70539,-73.93333,0,0,Passing Too Closely,4414665,15.1,10.8,9.9,9.9,0.0,17.0,61,21.5,42.5,23,Rain: Light,0,0,
12340,2021-05-05 09:30:00,40.732037,-73.814926,0,0,Unspecified,4413600,15.1,10.8,9.9,9.9,0.0,17.0,61,21.5,42.5,23,Rain: Light,0,0,
12341,2021-05-05 13:20:00,40.796738,-73.92925,0,0,Driver Inattention/Distraction,4413675,15.1,10.8,9.9,9.9,0.0,17.0,61,21.5,42.5,23,Rain: Light,0,0,
12342,2021-05-07 08:00:00,40.864414,-73.82194,0,0,Unspecified,4414927,16.4,7.7,0.0,0.0,0.0,0.0,3,15.8,32.4,73,Overcast,0,0,
12343,2021-05-06 16:00:00,40.77622,-73.97596,0,0,Following Too Closely,4414733,17.3,8.7,0.0,0.0,0.0,0.0,3,22.6,43.6,313,Overcast,0,0,
12344,2021-05-06 15:16:00,40.732613,-73.925156,0,0,Driver Inattention/Distraction,4414097,17.3,8.7,0.0,0.0,0.0,0.0,3,22.6,43.6,313,Overcast,0,0,
12345,2021-05-06 18:53:00,40.7429,-73.99281,1,0,Failure to Yield Right-of-Way,4414683,17.3,8.7,0.0,0.0,0.0,0.0,3,22.6,43.6,313,Overcast,1,1,
12346,2021-05-06 17:09:00,40.842346,-73.89836,1,0,Unspecified,4414872,17.3,8.7,0.0,0.0,0.0,0.0,3,22.6,43.6,313,Overcast,1,1,
12347,2021-05-07 08:26:00,40.8406,-73.87972,0,0,Driver Inattention/Distraction,4414407,16.4,7.7,0.0,0.0,0.0,0.0,3,15.8,32.4,73,Overcast,0,0,
12348,2021-05-07 13:00:00,40.867714,-73.88162,0,0,Passing Too Closely,4414621,16.4,7.7,0.0,0.0,0.0,0.0,3,15.8,32.4,73,Overcast,0,0,
12349,2021-05-07 20:00:00,40.84707,-73.89597,0,0,Driver Inattention/Distraction,4414409,16.4,7.7,0.0,0.0,0.0,0.0,3,15.8,32.4,73,Overcast,0,0,
12350,2021-05-06 15:05:00,40.609707,-74.011284,3,0,Traffic Control Disregarded,4414104,17.3,8.7,0.0,0.0,0.0,0.0,3,22.6,43.6,313,Overcast,3,3,
12351,2021-05-05 09:16:00,40.714443,-73.75999,1,0,Failure to Yield Right-of-Way,4413718,15.1,10.8,9.9,9.9,0.0,17.0,61,21.5,42.5,23,Rain: Light,1,1,
12352,2021-05-06 06:35:00,40.602535,-73.99321,0,0,Backing Unsafely,4413808,17.3,8.7,0.0,0.0,0.0,0.0,3,22.6,43.6,313,Overcast,0,0,
12353,2021-05-06 19:30:00,40.741077,-73.900566,0,0,Driver Inattention/Distraction,4414092,17.3,8.7,0.0,0.0,0.0,0.0,3,22.6,43.6,313,Overcast,0,0,
12354,2021-05-06 19:18:00,40.852306,-73.89811,1,0,Failure to Yield Right-of-Way,4414374,17.3,8.7,0.0,0.0,0.0,0.0,3,22.6,43.6,313,Overcast,1,1,
12355,2021-05-06 15:00:00,40.614098,-74.036316,0,0,Unspecified,4414051,17.3,8.7,0.0,0.0,0.0,0.0,3,22.6,43.6,313,Overcast,0,0,
12356,2021-12-15 17:00:00,40.61578,-73.99995,1,0,Following Too Closely,4488870,10.3,1.8,1.0,1.0,0.0,6.0,51,20.6,38.2,104,Drizzle: Light,1,1,