,CRASH DATETIME,LATITUDE,LONGITUDE,NUMBER OF PERSONS INJURED,NUMBER OF PERSONS KILLED,CONTRIBUTING FACTOR VEHICLE 1,COLLISION_ID,temperature_2m_max,temperature_2m_min,precipitation_sum,rain_sum,snowfall_sum,precipitation_hours,weather_code,wind_speed_10m_max,wind_gusts_10m_max,wind_direction_10m_dominant,Weather Description,Severity_Score,Total_Affected_Persons,Weather_Category
12357,2021-05-06 20:08:00,40.649788,-73.9622,1,0,Driver Inattention/Distraction,4414518,17.3,8.7,0.0,0.0,0.0,0.0,3,22.6,43.6,313,Overcast,1,1,
12358,2021-05-05 11:05:00,40.746296,-73.78725,1,0,Failure to Yield Right-of-Way,4413741,15.1,10.8,9.9,9.9,0.0,17.0,61,21.5,42.5,23,Rain: Light,1,1,
12359,2021-05-03 21:00:00,40.67739,-73.94508,0,0,Unspecified,4414214,15.8,11.4,5.7,5.7,0.0,7.0,61,14.5,47.2,53,Rain: Light,0,0,
12360,2021-05-05 09:24:00,40.80293,-73.96759,0,0,Passing or Lane Usage Improper,4413530,15.1,10.8,9.9,9.9,0.0,17.0,61,21.5,42.5,23,Rain: Light,0,0,
12361,2021-05-07 19:20:00,40.63588,-73.740204,0,0,Passing or Lane Usage Improper,4414268,16.4,7.7,0.0,0.0,0.0,0.0,3,15.8,32.4,73,Overcast,0,0,
12362,2021-05-07 11:00:00,40.61334,-74.01109,1,0,Unspecified,4414205,16.4,7.7,0.0,0.0,0.0,0.0,3,15.8,32.4,73,Overcast,1,1,
12363,2021-05-07 08:34:00,40.794,-73.94499,0,0,Driver Inattention/Distraction,4414401,16.4,7.7,0.0,0.0,0.0,0.0,3,15.8,32.4,73,Overcast,0,0,
12364,2021-05-07 00:55:00,40.66632,-73.83481,1,0,Reaction to Uninvolved Vehicle,4414130,16.4,7.7,0.0,0.0,0.0,0.0,3,15.8,32.4,73,Overcast,1,1,
12365,2021-05-07 21:00:00,40.753838,-73.805824,1,0,Illnes,4414447,16.4,7.7,0.0,0.0,0.0,0.0,3,15.8,32.4,73,Overcast,1,1,
12366,2021-05-03 04:24:00,40.68925,-73.92165,0,0,Alcohol Involvement,4414769,15.8,11.4,5.7,5.7,0.0,7.0,61,14.5,47.2,53,Rain: Light,0,0,
12367,2021-05-06 14:13:00,40.62973,-73.99244,0,0,Unspecified,4414626,17.3,8.7,0.0,0.0,0.0,0.0,3,22.6,43.6,313,Overcast,0,0,
12368,2021-05-05 00:34:00,40.67341,-73.93348,0,0,Driver Inattention/Distraction,4413688,15.1,10.8,9.9,9.9,0.0,17.0,61,21.5,42.5,23,Rain: Light,0,0,
12369,2021-05-07 13:30:00,40.759743,-73.71993,0,0,Driver Inattention/Distraction,4414289,16.4,7.7,0.0,0.0,0.0,0.0,3,15.8,32.4,73,Overcast,0,0,
12370,2021-05-06 00:00:00,40.60536,-73.96174,1,0,Driver Inattention/Distraction,4414152,17.3,8.7,0.0,0.0,0.0,0.0,3,22.6,43.6,313,Overcast,1,1,
12371,2021-05-06 08:42:00,40.57588,-73.85486,0,0,Driver Inattention/Distraction,4414019,17.3,8.7,0.0,0.0,0.0,0.0,3,22.6,43.6,313,Overcast,0,0,
12372,2021-05-07 16:10:00,40.588562,-74.14584,2,0,Driver Inattention/Distraction,4414806,16.4,7.7,0.0,0.0,0.0,0.0,3,15.8,32.4,73,Overcast,2,2,
12373,2021-05-06 08:30:00,40.783993,-73.95442,0,0,Driver Inexperience,4413938,17.3,8.7,0.0,0.0,0.0,0.0,3,22.6,43.6,313,Overcast,0,0,
12374,2021-04-25 11:40:00,40.633137,-73.9905,1,0,Failure to Yield Right-of-Way,4414610,16.6,8.7,12.7,12.7,0.0,11.0,61,19.2,37.4,341,Rain: Light,1,1,
12375,2021-05-07 00:40:00,40.63147,-73.91955,0,0,Backing Unsafely,4414173,16.4,7.7,0.0,0.0,0.0,0.0,3,15.8,32.4,73,Overcast,0,0,
12376,2021-05-05 21:58:00,40.724556,-73.98555,0,0,Unspecified,4413767,15.1,10.8,9.9,9.9,0.0,17.0,61,21.5,42.5,23,Rain: Light,0,0,
12377,2021-05-05 16:09:00,40.620914,-73.9753,0,0,Following Too Closely,4413908,15.1,10.8,9.9,9.9,0.0,17.0,61,21.5,42.5,23,Rain: Light,0,0,
12378,2021-05-07 18:00:00,40.884575,-73.89889,1,0,Failure to Yield Right-of-Way,4414564,16.4,7.7,0.0,0.0,0.0,0.0,3,15.8,32.4,73,Overcast,1,1,
12379,2021-05-04 16:39:00,40.630505,-73.92812,0,0,Turning Improperly,4414721,22.2,11.1,13.2,13.2,0.0,6.0,63,18.9,42.8,74,Rain: Moderate,0,0,
12380,2021-05-05 09:34:00,40.64784,-73.886154,2,0,Failure to Yield Right-of-Way,4414439,15.1,10.8,9.9,9.9,0.0,17.0,61,21.5,42.5,23,Rain: Light,2,2,
12381,2021-05-06 08:13:00,40.66549,-73.819534,2,0,Unsafe Lane Changing,4413947,17.3,8.7,0.0,0.0,0.0,0.0,3,22.6,43.6,313,Overcast,2,2,
12382,2021-05-07 17:15:00,40.829685,-73.81989,0,0,Driver Inattention/Distraction,4414229,16.4,7.7,0.0,0.0,0.0,0.0,3,15.8,32.4,73,Overcast,0,0,
12383,2021-05-05 15:10:00,40.822502,-73.84885,1,0,Unspecified,4413924,15.1,10.8,9.9,9.9,0.0,17.0,61,21.5,42.5,23,Rain: Light,1,1,
12384,2021-03-26 15:05:00,40.804745,-73.91194,1,0,Driver Inattention/Distraction,4414887,25.3,9.8,2.7,2.7,0.0,7.0,53,40.0,71.3,233,Drizzle: Moderate,1,1,
12385,2021-05-05 23:51:00,40.666187,-73.916664,1,0,Unspecified,4413801,15.1,10.8,9.9,9.9,0.0,17.0,61,21.5,42.5,23,Rain: Light,1,1,
12386,2021-05-05 02:05:00,40.90152,-73.84695,0,0,Unsafe Speed,4414577,15.1,10.8,9.9,9.9,0.0,17.0,61,21.5,42.5,23,Rain: Light,0,0,
12387,2021-05-05 07:40:00,40.676273,-73.9095,0,0,Driver Inattention/Distraction,4413998,15.1,10.8,9.9,9.9,0.0,17.0,61,21.5,42.5,23,Rain: Light,0,0,
12388,2021-05-06 11:05:00,40.8746,-73.9097,0,0,Unspecified,4414075,17.3,8.7,0.0,0.0,0.0,0.0,3,22.6,43.6,313,Overcast,0,0,
12389,2021-05-02 12:00:00,40.68138,-73.95352,0,0,Passing or Lane Usage Improper,4414759,26.3,11.3,0.0,0.0,0.0,0.0,3,23.0,43.9,251,Overcast,0,0,
12390,2021-05-07 17:05:00,40.67815,-73.83109,1,0,Failure to Yield Right-of-Way,4414242,16.4,7.7,0.0,0.0,0.0,0.0,3,15.8,32.4,73,Overcast,1,1,
12391,2021-04-27 17:45:00,40.625607,-74.14865,1,0,Driver Inattention/Distraction,4414200,14.8,4.2,0.0,0.0,0.0,0.0,3,15.3,34.2,164,Overcast,1,1,
12392,2021-05-06 08:45:00,40.72033,-73.76115,1,0,Failure to Yield Right-of-Way,4414012,17.3,8.7,0.0,0.0,0.0,0.0,3,22.6,43.6,313,Overcast,1,1,
12393,2021-05-07 08:05:00,40.64409,-73.90525,0,0,Backing Unsafely,4414185,16.4,7.7,0.0,0.0,0.0,0.0,3,15.8,32.4,73,Overcast,0,0,
12394,2021-05-06 21:00:00,40.78322,-73.84586,0,0,Unspecified,4414274,17.3,8.7,0.0,0.0,0.0,0.0,3,22.6,43.6,313,Overcast,0,0,
12395,2021-05-06 20:00:00,40.752686,-74.000534,0,0,Passing or Lane Usage Improper,4414396,17.3,8.7,0.0,0.0,0.0,0.0,3,22.6,43.6,313,Overcast,0,0,
12396,2021-05-05 07:05:00,40.84782,-73.90756,1,0,Unspecified,4413489,15.1,10.8,9.9,9.9,0.0,17.0,61,21.5,42.5,23,Rain: Light,1,1,
12397,2021-05-06 09:00:00,40.686646,-73.849075,0,0,Unspecified,4414030,17.3,8.7,0.0,0.0,0.0,0.0,3,22.6,43.6,313,Overcast,0,0,
12398,2021-05-06 14:00:00,40.699177,-73.9605,0,0,Passing or Lane Usage Improper,4414674,17.3,8.7,0.0,0.0,0.0,0.0,3,22.6,43.6,313,Overcast,0,0,
12399,2021-05-07 00:20:00,40.69382,-73.72694,0,0,Unspecified,4414135,16.4,7.7,0.0,0.0,0.0,0.0,3,15.8,32.4,73,Overcast,0,0,
12400,2021-05-03 16:58:00,40.827713,-73.92223,0,0,Fatigued/Drowsy,4414338,15.8,11.4,5.7,5.7,0.0,7.0,61,14.5,47.2,53,Rain: Light,0,0,
12401,2021-05-05 08:45:00,40.62418,-73.97048,1,0,Unspecified,4413662,15.1,10.8,9.9,9.9,0.0,17.0,61,21.5,42.5,23,Rain: Light,1,1,
12402,2021-05-06 12:38:00,40.826622,-73.930984,1,0,Unsafe Lane Changing,4414527,17.3,8.7,0.0,0.0,0.0,0.0,3,22.6,43.6,313,Overcast,1,1,
12403,2021-05-06 14:00:00,40.706615,-73.78428,0,0,Driver Inattention/Distraction,4414257,17.3,8.7,0.0,0.0,0.0,0.0,3,22.6,43.6,313,Overcast,0,0,
12404,2021-05-05 02:30:00,40.683994,-73.83895,0,0,Driver Inattention/Distraction,4413784,15.1,10.8,9.9,9.9,0.0,17.0,61,21.5,42.5,23,Rain: Light,0,0,
12405,2021-05-07 22:00:00,40.698357,-73.99631,0,0,Unspecified,4414454,16.4,7.7,0.0,0.0,0.0,0.0,3,15.8,32.4,73,Overcast,0,0,
12406,2021-05-07 01:14:00,40.71082,-73.73179,0,0,Unspecified,4414118,16.4,7.7,0.0,0.0,0.0,0.0,3,15.8,32.4,73,Overcast,0,0,
12407,2022-02-19 16:25:00,40.716408,-74.00001,0,0,Obstruction/Debris,4504148,3.3,-5.5,0.4,0.0,0.28,4.0,71,35.3,64.4,260,Snow fall: Light,0,0,Snowy Conditions
12408,2021-05-06 07:00:00,40.74206,-73.82453,0,0,Following Too Closely,4413983,17.3,8.7,0.0,0.0,0.0,0.0,3,22.6,43.6,313,Overcast,0,0,
12409,2021-05-07 12:50:00,40.69749,-73.92008,0,0,Brakes Defective,4414432,16.4,7.7,0.0,0.0,0.0,0.0,3,15.8,32.4,73,Overcast,0,0,
12410,2021-05-06 23:15:00,40.676296,-73.74648,1,0,Driver Inattention/Distraction,4414300,17.3,8.7,0.0,0.0,0.0,0.0,3,22.6,43.6,313,Overcast,1,1,
12411,2021-05-07 19:50:00,40.762177,-73.96613,3,0,Driver Inattention/Distraction,4414829,16.4,7.7,0.0,0.0,0.0,0.0,3,15.8,32.4,73,Overcast,3,3,
12412,2021-04-30 23:30:00,40.755028,-73.872696,1,0,Driver Inattention/Distraction,4414210,19.9,7.6,0.4,0.4,0.0,4.0,51,36.9,82.1,289,Drizzle: Light,1,1,
12413,2021-05-07 20:00:00,40.81909,-73.90087,1,0,Backing Unsafely,4414322,16.4,7.7,0.0,0.0,0.0,0.0,3,15.8,32.4,73,Overcast,1,1,
12414,2021-05-07 12:44:00,40.847908,-73.87121,1,0,Unsafe Speed,4414490,16.4,7.7,0.0,0.0,0.0,0.0,3,15.8,32.4,73,Overcast,1,1,
12415,2021-05-06 05:00:00,40.61306,-73.92618,0,0,Driver Inattention/Distraction,4414711,17.3,8.7,0.0,0.0,0.0,0.0,3,22.6,43.6,313,Overcast,0,0,
12416,2021-05-05 15:55:00,40.843643,-73.91303,0,0,Passing Too Closely,4414168,15.1,10.8,9.9,9.9,0.0,17.0,61,21.5,42.5,23,Rain: Light,0,0,
12417,2021-05-07 08:20:00,40.707676,-73.92386,1,0,Driver Inattention/Distraction,4414970,16.4,7.7,0.0,0.0,0.0,0.0,3,15.8,32.4,73,Overcast,1,1,
12418,2021-05-05 01:15:00,40.7575,-73.9689,0,0,Driver Inattention/Distraction,4414190,15.1,10.8,9.9,9.9,0.0,17.0,61,21.5,42.5,23,Rain: Light,0,0,
12419,2021-05-07 03:55:00,40.63514,-73.92948,0,0,Other Vehicular,4414381,16.4,7.7,0.0,0.0,0.0,0.0,3,15.8,32.4,73,Overcast,0,0,
12420,2021-05-07 15:11:00,40.592407,-73.93361,0,0,Traffic Control Disregarded,4414852,16.4,7.7,0.0,0.0,0.0,0.0,3,15.8,32.4,73,Overcast,0,0,
12421,2021-05-05 08:00:00,40.66518,-73.83175,1,0,Unsafe Speed,4413789,15.1,10.8,9.9,9.9,0.0,17.0,61,21.5,42.5,23,Rain: Light,1,1,
12422,2021-05-06 12:00:00,40.709988,-73.90475,0,0,Unspecified,4414445,17.3,8.7,0.0,0.0,0.0,0.0,3,22.6,43.6,313,Overcast,0,0,
12423,2021-05-06 05:30:00,40.80746,-73.91347,0,0,Backing Unsafely,4414140,17.3,8.7,0.0,0.0,0.0,0.0,3,22.6,43.6,313,Overcast,0,0,
12424,2021-05-07 11:07:00,40.703674,-73.91513,0,0,Driver Inattention/Distraction,4414427,16.4,7.7,0.0,0.0,0.0,0.0,3,15.8,32.4,73,Overcast,0,0,
12425,2021-05-05 09:23:00,40.837654,-73.89997,0,0,,4413863,15.1,10.8,9.9,9.9,0.0,17.0,61,21.5,42.5,23,Rain: Light,0,0,
12426,2021-05-07 09:35:00,40.842556,-73.93924,0,0,Passing Too Closely,4414790,16.4,7.7,0.0,0.0,0.0,0.0,3,15.8,32.4,73,Overcast,0,0,
12427,2021-05-06 11:50:00,40.730972,-73.92204,0,0,Driver Inattention/Distraction,4413990,17.3,8.7,0.0,0.0,0.0,0.0,3,22.6,43.6,313,Overcast,0,0,
12428,2021-05-06 13:00:00,40.676685,-73.84371,0,0,Following Too Closely,4414654,17.3,8.7,0.0,0.0,0.0,0.0,3,22.6,43.6,313,Overcast,0,0,
12429,2021-03-28 20:10:00,40.712906,-73.90598,0,0,Failure to Yield Right-of-Way,4414464,18.8,7.6,18.6,18.6,0.0,15.0,63,30.0,70.9,180,Rain: Moderate,0,0,
12430,2021-05-05 19:11:00,40.788685,-73.9555,1,0,Obstruction/Debris,4413776,15.1,10.8,9.9,9.9,0.0,17.0,61,21.5,42.5,23,Rain: Light,1,1,
12431,2021-05-07 14:06:00,40.757908,-73.9893,0,0,Unspecified,4414939,16.4,7.7,0.0,0.0,0.0,0.0,3,15.8,32.4,73,Overcast,0,0,
12432,2021-04-30 11:10:00,40.658295,-73.93109,0,0,Driver Inattention/Distraction,4414605,19.9,7.6,0.4,0.4,0.0,4.0,51,36.9,82.1,289,Drizzle: Light,0,0,
12433,2021-03-20 15:30:00,0.0,0.0,0,0,Passing Too Closely,4414349,13.3,-3.2,0.0,0.0,0.0,0.0,0,13.3,23.4,287,Clear sky,0,0,Sunny/Clear Conditions
12434,2021-05-05 12:00:00,40.633682,-73.89868,0,0,Pavement Slippery,4413730,15.1,10.8,9.9,9.9,0.0,17.0,61,21.5,42.5,23,Rain: Light,0,0,
12435,2021-05-06 13:49:00,40.598835,-73.95641,0,0,Unspecified,4414025,17.3,8.7,0.0,0.0,0.0,0.0,3,22.6,43.6,313,Overcast,0,0,
12436,2021-05-06 12:40:00,40.675884,-73.75577,1,0,Turning Improperly,4414041,17.3,8.7,0.0,0.0,0.0,0.0,3,22.6,43.6,313,Overcast,1,1,
12437,2021-05-07 12:15:00,40.632282,-73.9283,0,0,Other Vehicular,4414726,16.4,7.7,0.0,0.0,0.0,0.0,3,15.8,32.4,73,Overcast,0,0,
12438,2021-05-07 00:04:00,40.586918,-73.96387,0,0,Brakes Defective,4414558,16.4,7.7,0.0,0.0,0.0,0.0,3,15.8,32.4,73,Overcast,0,0,
12439,2021-05-06 02:30:00,40.705833,-73.81812,0,0,Tire Failure/Inadequate,4413901,17.3,8.7,0.0,0.0,0.0,0.0,3,22.6,43.6,313,Overcast,0,0,
12440,2021-05-05 12:35:00,0.0,0.0,0,0,Passing Too Closely,4413967,15.1,10.8,9.9,9.9,0.0,17.0,61,21.5,42.5,23,Rain: Light,0,0,
12441,2021-05-05 14:40:00,40.733967,-73.87177,0,0,Driver Inattention/Distraction,4413794,15.1,10.8,9.9,9.9,0.0,17.0,61,21.5,42.5,23,Rain: Light,0,0,
12442,2021-05-05 19:55:00,40.70648,-73.96375,1,0,Unspecified,4414147,15.1,10.8,9.9,9.9,0.0,17.0,61,21.5,42.5,23,Rain: Light,1,1,
12443,2021-05-04 12:00:00,40.896633,-73.84796,0,0,Driver Inattention/Distraction,4414581,22.2,11.1,13.2,13.2,0.0,6.0,63,18.9,42.8,74,Rain: Moderate,0,0,
12444,2021-05-07 06:00:00,40.862953,-73.89066,1,0,Unspecified,4414350,16.4,7.7,0.0,0.0,0.0,0.0,3,15.8,32.4,73,Overcast,1,1,
12445,2021-05-05 19:24:00,40.693962,-73.77415,0,0,Following Too Closely,4413841,15.1,10.8,9.9,9.9,0.0,17.0,61,21.5,42.5,23,Rain: Light,0,0,
12446,2021-12-20 12:13:00,40.68221,-73.77257,1,0,Turning Improperly,4488464,1.8,-4.4,0.0,0.0,0.0,0.0,2,17.9,32.8,282,Partly cloudy,1,1,
12447,2021-05-05 12:50:00,40.632095,-73.91861,5,0,Brakes Defective,4414725,15.1,10.8,9.9,9.9,0.0,17.0,61,21.5,42.5,23,Rain: Light,5,5,
12448,2021-05-07 19:44:00,40.803593,-73.919785,0,0,Unspecified,4414876,16.4,7.7,0.0,0.0,0.0,0.0,3,15.8,32.4,73,Overcast,0,0,
12449,2021-05-07 00:00:00,40.901535,-73.85329,0,0,Passing Too Closely,4414594,16.4,7.7,0.0,0.0,0.0,0.0,3,15.8,32.4,73,Overcast,0,0,
12450,2021-05-05 11:00:00,40.90034,-73.90591,0,0,Driver Inattention/Distraction,4414080,15.1,10.8,9.9,9.9,0.0,17.0,61,21.5,42.5,23,Rain: Light,0,0,
12451,2021-05-04 14:30:00,40.87122,-73.85492,0,0,Traffic Control Disregarded,4414748,22.2,11.1,13.2,13.2,0.0,6.0,63,18.9,42.8,74,Rain: Moderate,0,0,
12452,2021-05-06 09:10:00,40.76402,-73.80901,0,0,Passing or Lane Usage Improper,4414278,17.3,8.7,0.0,0.0,0.0,0.0,3,22.6,43.6,313,Overcast,0,0,
12453,2021-05-05 15:00:00,40.655643,-73.920586,0,0,Driver Inattention/Distraction,4414003,15.1,10.8,9.9,9.9,0.0,17.0,61,21.5,42.5,23,Rain: Light,0,0,
12454,2021-05-05 03:30:00,40.84434,-73.91475,1,0,Following Too Closely,4414217,15.1,10.8,9.9,9.9,0.0,17.0,61,21.5,42.5,23,Rain: Light,1,1,
12455,2021-05-06 22:10:00,40.634167,-74.02073,0,0,Failure to Yield Right-of-Way,4414121,17.3,8.7,0.0,0.0,0.0,0.0,3,22.6,43.6,313,Overcast,0,0,
12456,2021-05-05 08:50:00,40.653774,-73.95617,1,0,Unspecified,4413858,15.1,10.8,9.9,9.9,0.0,17.0,61,21.5,42.5,23,Rain: Light,1,1,
12457,2021-05-07 05:46:00,40.682644,-73.97175,0,0,Reaction to Uninvolved Vehicle,4414392,16.4,7.7,0.0,0.0,0.0,0.0,3,15.8,32.4,73,Overcast,0,0,
12458,2021-05-06 19:04:00,40.759308,-73.9653,0,0,Aggressive Driving/Road Rage,4414114,17.3,8.7,0.0,0.0,0.0,0.0,3,22.6,43.6,313,Overcast,0,0,
12459,2021-05-06 11:29:00,40.842003,-73.88375,0,0,Alcohol Involvement,4414007,17.3,8.7,0.0,0.0,0.0,0.0,3,22.6,43.6,313,Overcast,0,0,
12460,2021-05-05 01:14:00,40.831055,-73.905846,0,0,Unspecified,4413416,15.1,10.8,9.9,9.9,0.0,17.0,61,21.5,42.5,23,Rain: Light,0,0,
12461,2021-05-06 18:40:00,40.681435,-73.96143,0,0,Traffic Control Disregarded,4414063,17.3,8.7,0.0,0.0,0.0,0.0,3,22.6,43.6,313,Overcast,0,0,
12462,2021-05-07 11:15:00,0.0,0.0,0,0,Passing or Lane Usage Improper,4414956,16.4,7.7,0.0,0.0,0.0,0.0,3,15.8,32.4,73,Overcast,0,0,
12463,2021-05-06 08:15:00,40.60677,-73.74523,0,0,Other Vehicular,4414334,17.3,8.7,0.0,0.0,0.0,0.0,3,22.6,43.6,313,Overcast,0,0,
12464,2021-05-07 17:41:00,40.68495,-73.748085,0,0,Driver Inattention/Distraction,4414261,16.4,7.7,0.0,0.0,0.0,0.0,3,15.8,32.4,73,Overcast,0,0,
12465,2021-05-01 21:30:00,40.70772,-73.796326,0,0,Driver Inattention/Distraction,4414254,17.3,5.0,0.0,0.0,0.0,0.0,3,31.7,63.4,302,Overcast,0,0,
12466,2021-05-05 21:30:00,40.752224,-74.00141,0,0,Obstruction/Debris,4414026,15.1,10.8,9.9,9.9,0.0,17.0,61,21.5,42.5,23,Rain: Light,0,0,
12467,2021-05-05 17:40:00,40.826622,-73.93785,0,0,Unspecified,4413756,15.1,10.8,9.9,9.9,0.0,17.0,61,21.5,42.5,23,Rain: Light,0,0,
12468,2021-05-06 16:00:00,40.84442,-73.92505,0,0,Backing Unsafely,4414531,17.3,8.7,0.0,0.0,0.0,0.0,3,22.6,43.6,313,Overcast,0,0,
12469,2021-05-06 05:30:00,40.65263,-74.00618,1,0,Unspecified,4413919,17.3,8.7,0.0,0.0,0.0,0.0,3,22.6,43.6,313,Overcast,1,1,
12470,2021-05-05 12:19:00,40.78142,-73.96019,0,0,Driver Inattention/Distraction,4413653,15.1,10.8,9.9,9.9,0.0,17.0,61,21.5,42.5,23,Rain: Light,0,0,
12471,2021-05-06 13:44:00,40.665207,-73.91252,5,0,Traffic Control Disregarded,4414539,17.3,8.7,0.0,0.0,0.0,0.0,3,22.6,43.6,313,Overcast,5,5,
12472,2021-05-07 10:30:00,40.718765,-73.98889,0,0,Unspecified,4414296,16.4,7.7,0.0,0.0,0.0,0.0,3,15.8,32.4,73,Overcast,0,0,
12473,2021-05-07 14:30:00,40.666653,-73.80991,1,0,Following Too Closely,4414645,16.4,7.7,0.0,0.0,0.0,0.0,3,15.8,32.4,73,Overcast,1,1,
12474,2021-05-06 17:25:00,40.726604,-73.789116,0,0,Following Too Closely,4414317,17.3,8.7,0.0,0.0,0.0,0.0,3,22.6,43.6,313,Overcast,0,0,
12475,2021-05-02 13:45:00,40.84569,-73.891685,1,0,Backing Unsafely,4414568,26.3,11.3,0.0,0.0,0.0,0.0,3,23.0,43.9,251,Overcast,1,1,
12476,2021-05-02 00:13:00,40.778645,-73.9892,0,0,Driver Inattention/Distraction,4414249,26.3,11.3,0.0,0.0,0.0,0.0,3,23.0,43.9,251,Overcast,0,0,
12477,2021-04-30 06:47:00,40.717102,-73.879684,0,0,Unsafe Speed,4414422,19.9,7.6,0.4,0.4,0.0,4.0,51,36.9,82.1,289,Drizzle: Light,0,0,
12478,2021-05-05 21:35:00,40.609673,-73.96523,1,0,Unspecified,4413911,15.1,10.8,9.9,9.9,0.0,17.0,61,21.5,42.5,23,Rain: Light,1,1,
12479,2021-05-06 13:03:00,40.829647,-73.94439,1,0,Unspecified,4414360,17.3,8.7,0.0,0.0,0.0,0.0,3,22.6,43.6,313,Overcast,1,1,
12480,2021-05-06 15:25:00,40.83772,-73.92763,0,0,Driver Inattention/Distraction,4414784,17.3,8.7,0.0,0.0,0.0,0.0,3,22.6,43.6,313,Overcast,0,0,
12481,2021-05-04 21:53:00,40.88756,-73.866394,3,0,Other Vehicular,4414574,22.2,11.1,13.2,13.2,0.0,6.0,63,18.9,42.8,74,Rain: Moderate,3,3,
12482,2021-05-07 16:30:00,40.82998,-73.913994,0,0,View Obstructed/Limited,4414549,16.4,7.7,0.0,0.0,0.0,0.0,3,15.8,32.4,73,Overcast,0,0,
12483,2021-05-04 14:30:00,40.579494,-74.07825,1,0,Traffic Control Disregarded,4414377,22.2,11.1,13.2,13.2,0.0,6.0,63,18.9,42.8,74,Rain: Moderate,1,1,
12484,2021-05-05 10:03:00,40.725006,-73.99935,1,0,Failure to Yield Right-of-Way,4414197,15.1,10.8,9.9,9.9,0.0,17.0,61,21.5,42.5,23,Rain: Light,1,1,
12485,2021-05-06 08:28:00,40.63201,-73.90561,0,0,Unspecified,4414045,17.3,8.7,0.0,0.0,0.0,0.0,3,22.6,43.6,313,Overcast,0,0,
12486,2021-05-05 15:28:00,40.67308,-73.91124,1,0,Lost Consciousness,4414525,15.1,10.8,9.9,9.9,0.0,17.0,61,21.5,42.5,23,Rain: Light,1,1,
12487,2021-05-06 08:37:00,40.690075,-73.91916,0,0,Aggressive Driving/Road Rage,4413984,17.3,8.7,0.0,0.0,0.0,0.0,3,22.6,43.6,313,Overcast,0,0,
12488,2021-05-06 18:06:00,40.732323,-73.810776,1,0,Driver Inattention/Distraction,4414314,17.3,8.7,0.0,0.0,0.0,0.0,3,22.6,43.6,313,Overcast,1,1,
12489,2021-05-05 15:42:00,40.657536,-73.902756,0,0,Unspecified,4413800,15.1,10.8,9.9,9.9,0.0,17.0,61,21.5,42.5,23,Rain: Light,0,0,
12490,2021-05-07 22:40:00,40.678543,-73.949684,3,0,Unsafe Speed,4414691,16.4,7.7,0.0,0.0,0.0,0.0,3,15.8,32.4,73,Overcast,3,3,
12491,2021-05-02 10:09:00,40.689697,-73.98296,0,0,Other Vehicular,4414455,26.3,11.3,0.0,0.0,0.0,0.0,3,23.0,43.9,251,Overcast,0,0,
12492,2021-05-02 09:58:00,40.841103,-73.91266,0,0,Driver Inattention/Distraction,4414345,26.3,11.3,0.0,0.0,0.0,0.0,3,23.0,43.9,251,Overcast,0,0,
12493,2021-05-05 11:33:00,40.84126,-73.92805,0,0,Backing Unsafely,4414163,15.1,10.8,9.9,9.9,0.0,17.0,61,21.5,42.5,23,Rain: Light,0,0,
12494,2021-05-05 22:25:00,40.714035,-73.961586,0,0,Driver Inattention/Distraction,4413821,15.1,10.8,9.9,9.9,0.0,17.0,61,21.5,42.5,23,Rain: Light,0,0,
12495,2021-05-05 15:30:00,40.630417,-73.92118,0,0,Unsafe Speed,4414178,15.1,10.8,9.9,9.9,0.0,17.0,61,21.5,42.5,23,Rain: Light,0,0,
12496,2021-05-06 16:55:00,40.664375,-73.92376,0,0,Driver Inattention/Distraction,4414697,17.3,8.7,0.0,0.0,0.0,0.0,3,22.6,43.6,313,Overcast,0,0,
12497,2021-05-06 16:53:00,40.84543,-73.91399,0,0,Unsafe Speed,4414382,17.3,8.7,0.0,0.0,0.0,0.0,3,22.6,43.6,313,Overcast,0,0,
12498,2021-05-06 15:35:00,40.83717,-73.90197,0,0,Unspecified,4414869,17.3,8.7,0.0,0.0,0.0,0.0,3,22.6,43.6,313,Overcast,0,0,
12499,2021-05-07 09:00:00,40.75621,-73.92896,0,0,Failure to Yield Right-of-Way,4414900,16.4,7.7,0.0,0.0,0.0,0.0,3,15.8,32.4,73,Overcast,0,0,
12500,2021-05-05 17:57:00,40.750732,-73.89466,1,0,Driver Inattention/Distraction,4413960,15.1,10.8,9.9,9.9,0.0,17.0,61,21.5,42.5,23,Rain: Light,1,1,
12501,2021-05-05 22:25:00,40.78426,-73.94925,0,0,Driver Inattention/Distraction,4413881,15.1,10.8,9.9,9.9,0.0,17.0,61,21.5,42.5,23,Rain: Light,0,0,
12502,2021-05-07 12:30:00,40.74006,-73.87864,0,0,Turning Improperly,4414737,16.4,7.7,0.0,0.0,0.0,0.0,3,15.8,32.4,73,Overcast,0,0,
12503,2021-05-05 13:57:00,40.760464,-73.826546,0,0,Traffic Control Disregarded,4413686,15.1,10.8,9.9,9.9,0.0,17.0,61,21.5,42.5,23,Rain: Light,0,0,
12504,2021-05-05 23:50:00,40.67236,-73.97375,0,0,Driver Inattention/Distraction,4414354,15.1,10.8,9.9,9.9,0.0,17.0,61,21.5,42.5,23,Rain: Light,0,0,
12505,2021-12-20 12:00:00,40.661274,-73.917564,0,0,Unspecified,4488769,1.8,-4.4,0.0,0.0,0.0,0.0,2,17.9,32.8,282,Partly cloudy,0,0,
12506,2021-05-06 15:00:00,40.780006,-73.95022,0,0,Driver Inattention/Distraction,4414386,17.3,8.7,0.0,0.0,0.0,0.0,3,22.6,43.6,313,Overcast,0,0,