,CRASH DATETIME,LATITUDE,LONGITUDE,NUMBER OF PERSONS INJURED,NUMBER OF PERSONS KILLED,CONTRIBUTING FACTOR VEHICLE 1,COLLISION_ID,temperature_2m_max,temperature_2m_min,precipitation_sum,rain_sum,snowfall_sum,precipitation_hours,weather_code,wind_speed_10m_max,wind_gusts_10m_max,wind_direction_10m_dominant,Weather Description,Severity_Score,Total_Affected_Persons,Weather_Category
12507,2021-05-07 22:30:00,40.84768,-73.89362,0,0,Driver Inattention/Distraction,4414411,16.4,7.7,0.0,0.0,0.0,0.0,3,15.8,32.4,73,Overcast,0,0,
12508,2021-05-07 14:45:00,40.72032,-73.99404,0,0,Driver Inexperience,4414962,16.4,7.7,0.0,0.0,0.0,0.0,3,15.8,32.4,73,Overcast,0,0,
12509,2021-05-07 20:57:00,40.891582,-73.85509,0,0,Unspecified,4414588,16.4,7.7,0.0,0.0,0.0,0.0,3,15.8,32.4,73,Overcast,0,0,
12510,2021-05-05 18:10:00,40.7247,-73.80803,0,0,Passing Too Closely,4413724,15.1,10.8,9.9,9.9,0.0,17.0,61,21.5,42.5,23,Rain: Light,0,0,
12511,2021-05-07 11:44:00,40.628544,-74.07648,0,0,Unspecified,4414517,16.4,7.7,0.0,0.0,0.0,0.0,3,15.8,32.4,73,Overcast,0,0,
12512,2021-05-06 20:45:00,40.727802,-73.80516,1,0,Driver Inattention/Distraction,4414108,17.3,8.7,0.0,0.0,0.0,0.0,3,22.6,43.6,313,Overcast,1,1,
12513,2021-05-05 10:00:00,40.767185,-73.96248,1,0,Pedestrian/Bicyclist/Other Pedestrian Error/Confusion,4413572,15.1,10.8,9.9,9.9,0.0,17.0,61,21.5,42.5,23,Rain: Light,1,1,
12514,2021-05-05 22:00:00,40.641674,-74.00313,1,0,Unspecified,4414611,15.1,10.8,9.9,9.9,0.0,17.0,61,21.5,42.5,23,Rain: Light,1,1,
12515,2021-05-06 18:45:00,40.743694,-73.718285,0,0,Unspecified,4414093,17.3,8.7,0.0,0.0,0.0,0.0,3,22.6,43.6,313,Overcast,0,0,
12516,2021-05-05 23:30:00,40.718372,-73.96463,0,0,Unspecified,4413896,15.1,10.8,9.9,9.9,0.0,17.0,61,21.5,42.5,23,Rain: Light,0,0,
12517,2021-05-06 16:45:00,40.63216,-73.9874,2,0,Unspecified,4414614,17.3,8.7,0.0,0.0,0.0,0.0,3,22.6,43.6,313,Overcast,2,2,
12518,2021-05-07 10:15:00,40.687325,-73.976944,0,0,Driver Inattention/Distraction,4414237,16.4,7.7,0.0,0.0,0.0,0.0,3,15.8,32.4,73,Overcast,0,0,
12519,2021-05-05 21:05:00,40.71337,-73.934814,1,0,Following Too Closely,4414144,15.1,10.8,9.9,9.9,0.0,17.0,61,21.5,42.5,23,Rain: Light,1,1,
12520,2021-05-07 22:00:00,40.755516,-73.961105,2,0,View Obstructed/Limited,4414677,16.4,7.7,0.0,0.0,0.0,0.0,3,15.8,32.4,73,Overcast,2,2,
12521,2021-05-06 12:12:00,40.65655,-73.959114,0,0,Following Too Closely,4414232,17.3,8.7,0.0,0.0,0.0,0.0,3,22.6,43.6,313,Overcast,0,0,
12522,2021-05-06 14:20:00,40.65616,-73.76736,0,0,Following Too Closely,4414058,17.3,8.7,0.0,0.0,0.0,0.0,3,22.6,43.6,313,Overcast,0,0,
12523,2021-05-06 14:46:00,40.866047,-73.882744,0,0,Aggressive Driving/Road Rage,4414127,17.3,8.7,0.0,0.0,0.0,0.0,3,22.6,43.6,313,Overcast,0,0,
12524,2021-05-05 15:10:00,40.803425,-73.93309,0,0,Passing or Lane Usage Improper,4413691,15.1,10.8,9.9,9.9,0.0,17.0,61,21.5,42.5,23,Rain: Light,0,0,
12525,2021-05-05 13:49:00,40.6379,-73.90085,0,0,Aggressive Driving/Road Rage,4413731,15.1,10.8,9.9,9.9,0.0,17.0,61,21.5,42.5,23,Rain: Light,0,0,
12526,2021-05-05 22:10:00,40.66077,-73.91975,0,0,Following Too Closely,4413969,15.1,10.8,9.9,9.9,0.0,17.0,61,21.5,42.5,23,Rain: Light,0,0,
12527,2021-05-02 00:00:00,40.769478,-73.98089,0,0,Driver Inattention/Distraction,4414566,26.3,11.3,0.0,0.0,0.0,0.0,3,23.0,43.9,251,Overcast,0,0,
12528,2021-05-06 08:09:00,40.82733,-73.8498,1,0,Unspecified,4413933,17.3,8.7,0.0,0.0,0.0,0.0,3,22.6,43.6,313,Overcast,1,1,
12529,2021-05-07 07:10:00,40.83854,-73.93658,0,0,Backing Unsafely,4414775,16.4,7.7,0.0,0.0,0.0,0.0,3,15.8,32.4,73,Overcast,0,0,
12530,2021-05-06 00:25:00,40.753513,-73.98879,1,0,Failure to Yield Right-of-Way,4413939,17.3,8.7,0.0,0.0,0.0,0.0,3,22.6,43.6,313,Overcast,1,1,
12531,2021-05-06 23:50:00,40.58407,-73.92344,1,0,Unspecified,4414148,17.3,8.7,0.0,0.0,0.0,0.0,3,22.6,43.6,313,Overcast,1,1,
12532,2021-05-07 16:56:00,40.709316,-73.73441,0,0,Traffic Control Disregarded,4414264,16.4,7.7,0.0,0.0,0.0,0.0,3,15.8,32.4,73,Overcast,0,0,
12533,2021-05-05 09:48:00,40.5878,-74.16564,0,0,Driver Inattention/Distraction,4413544,15.1,10.8,9.9,9.9,0.0,17.0,61,21.5,42.5,23,Rain: Light,0,0,
12534,2021-05-05 15:00:00,40.722977,-73.91017,0,0,Unspecified,4414418,15.1,10.8,9.9,9.9,0.0,17.0,61,21.5,42.5,23,Rain: Light,0,0,
12535,2021-05-06 17:23:00,40.723698,-74.00792,0,0,Unspecified,4414193,17.3,8.7,0.0,0.0,0.0,0.0,3,22.6,43.6,313,Overcast,0,0,
12536,2021-05-04 00:18:00,40.68327,-73.95016,5,0,Driver Inattention/Distraction,4414633,22.2,11.1,13.2,13.2,0.0,6.0,63,18.9,42.8,74,Rain: Moderate,5,5,
12537,2021-05-06 19:30:00,40.823074,-73.8918,0,0,Unspecified,4414331,17.3,8.7,0.0,0.0,0.0,0.0,3,22.6,43.6,313,Overcast,0,0,
12538,2021-05-05 10:55:00,40.82815,-73.93491,0,0,Unspecified,4414915,15.1,10.8,9.9,9.9,0.0,17.0,61,21.5,42.5,23,Rain: Light,0,0,
12539,2021-05-06 10:20:00,40.75455,-73.74317,0,0,Following Too Closely,4414286,17.3,8.7,0.0,0.0,0.0,0.0,3,22.6,43.6,313,Overcast,0,0,
12540,2021-12-18 20:30:00,40.689377,-73.99146,1,0,Unspecified,4488878,6.3,4.5,3.8,3.8,0.0,9.0,61,12.3,24.5,35,Rain: Light,1,1,
12541,2021-05-06 14:35:00,40.73191,-73.87124,0,0,Driver Inattention/Distraction,4414293,17.3,8.7,0.0,0.0,0.0,0.0,3,22.6,43.6,313,Overcast,0,0,
12542,2021-05-07 19:33:00,40.608383,-73.95917,0,0,Unspecified,4414405,16.4,7.7,0.0,0.0,0.0,0.0,3,15.8,32.4,73,Overcast,0,0,
12543,2021-05-07 15:30:00,40.74214,-73.98706,1,0,Failure to Yield Right-of-Way,4414825,16.4,7.7,0.0,0.0,0.0,0.0,3,15.8,32.4,73,Overcast,1,1,
12544,2021-05-03 19:51:00,40.61497,-73.92844,0,0,Unsafe Lane Changing,4414182,15.8,11.4,5.7,5.7,0.0,7.0,61,14.5,47.2,53,Rain: Light,0,0,
12545,2021-05-06 14:45:00,40.648045,-73.960625,0,0,Driver Inattention/Distraction,4414520,17.3,8.7,0.0,0.0,0.0,0.0,3,22.6,43.6,313,Overcast,0,0,
12546,2021-05-06 13:55:00,40.84532,-73.888214,0,0,Traffic Control Disregarded,4414373,17.3,8.7,0.0,0.0,0.0,0.0,3,22.6,43.6,313,Overcast,0,0,
12547,2021-05-05 10:50:00,40.602226,-73.968666,1,0,Driver Inattention/Distraction,4413649,15.1,10.8,9.9,9.9,0.0,17.0,61,21.5,42.5,23,Rain: Light,1,1,
12548,2021-05-05 19:56:00,40.83874,-73.913765,1,0,Failure to Yield Right-of-Way,4414153,15.1,10.8,9.9,9.9,0.0,17.0,61,21.5,42.5,23,Rain: Light,1,1,
12549,2021-05-06 16:00:00,40.71592,-73.99933,0,0,Unspecified,4414609,17.3,8.7,0.0,0.0,0.0,0.0,3,22.6,43.6,313,Overcast,0,0,
12550,2021-05-05 19:00:00,40.68005,-73.91296,0,0,Driver Inattention/Distraction,4414537,15.1,10.8,9.9,9.9,0.0,17.0,61,21.5,42.5,23,Rain: Light,0,0,
12551,2021-05-07 13:08:00,40.79074,-73.84273,0,0,Passing Too Closely,4414449,16.4,7.7,0.0,0.0,0.0,0.0,3,15.8,32.4,73,Overcast,0,0,
12552,2021-05-05 14:15:00,40.855244,-73.89314,0,0,Driver Inattention/Distraction,4413900,15.1,10.8,9.9,9.9,0.0,17.0,61,21.5,42.5,23,Rain: Light,0,0,
12553,2021-05-06 21:50:00,40.698757,-73.91885,0,0,Backing Unsafely,4414433,17.3,8.7,0.0,0.0,0.0,0.0,3,22.6,43.6,313,Overcast,0,0,
12554,2021-05-04 23:26:00,40.6843,-73.94121,2,0,Driver Inattention/Distraction,4414656,22.2,11.1,13.2,13.2,0.0,6.0,63,18.9,42.8,74,Rain: Moderate,2,2,
12555,2021-05-05 18:00:00,40.60589,-73.98972,1,0,Driver Inattention/Distraction,4413743,15.1,10.8,9.9,9.9,0.0,17.0,61,21.5,42.5,23,Rain: Light,1,1,
12556,2021-05-05 11:00:00,40.715107,-73.90563,0,0,Passing or Lane Usage Improper,4413931,15.1,10.8,9.9,9.9,0.0,17.0,61,21.5,42.5,23,Rain: Light,0,0,
12557,2021-05-07 13:45:00,40.76025,-73.860374,0,0,Unspecified,4414209,16.4,7.7,0.0,0.0,0.0,0.0,3,15.8,32.4,73,Overcast,0,0,
12558,2021-05-07 18:30:00,40.61696,-74.02751,1,0,Unspecified,4414269,16.4,7.7,0.0,0.0,0.0,0.0,3,15.8,32.4,73,Overcast,1,1,
12559,2021-05-07 10:00:00,40.793186,-73.94057,0,0,Passing or Lane Usage Improper,4414400,16.4,7.7,0.0,0.0,0.0,0.0,3,15.8,32.4,73,Overcast,0,0,
12560,2021-05-02 09:30:00,40.703045,-73.92985,0,0,Passing or Lane Usage Improper,4414428,26.3,11.3,0.0,0.0,0.0,0.0,3,23.0,43.9,251,Overcast,0,0,
12561,2021-05-06 11:09:00,40.78884,-73.81381,0,0,Turning Improperly,4414448,17.3,8.7,0.0,0.0,0.0,0.0,3,22.6,43.6,313,Overcast,0,0,
12562,2021-05-05 16:15:00,40.8494,-73.90304,0,0,Other Vehicular,4413869,15.1,10.8,9.9,9.9,0.0,17.0,61,21.5,42.5,23,Rain: Light,0,0,
12563,2021-05-06 12:10:00,40.83472,-73.93517,0,0,Driver Inattention/Distraction,4414326,17.3,8.7,0.0,0.0,0.0,0.0,3,22.6,43.6,313,Overcast,0,0,
12564,2021-05-05 14:35:00,40.804256,-73.9193,0,0,Unspecified,4413670,15.1,10.8,9.9,9.9,0.0,17.0,61,21.5,42.5,23,Rain: Light,0,0,
12565,2021-05-06 12:45:00,40.81707,-73.88525,0,0,Unspecified,4414930,17.3,8.7,0.0,0.0,0.0,0.0,3,22.6,43.6,313,Overcast,0,0,
12566,2021-05-05 20:10:00,40.704422,-73.792854,1,0,Unspecified,4414038,15.1,10.8,9.9,9.9,0.0,17.0,61,21.5,42.5,23,Rain: Light,1,1,
12567,2021-05-07 13:56:00,40.765087,-73.782875,2,0,Failure to Yield Right-of-Way,4414288,16.4,7.7,0.0,0.0,0.0,0.0,3,15.8,32.4,73,Overcast,2,2,
12568,2021-05-07 20:00:00,40.744167,-73.91248,0,0,Driver Inattention/Distraction,4414477,16.4,7.7,0.0,0.0,0.0,0.0,3,15.8,32.4,73,Overcast,0,0,
12569,2021-05-06 18:33:00,40.764706,-73.811005,0,0,Passing or Lane Usage Improper,4414273,17.3,8.7,0.0,0.0,0.0,0.0,3,22.6,43.6,313,Overcast,0,0,
12570,2021-05-05 17:10:00,40.667114,-73.834656,1,0,Following Too Closely,4413785,15.1,10.8,9.9,9.9,0.0,17.0,61,21.5,42.5,23,Rain: Light,1,1,
12571,2021-05-07 08:35:00,40.58945,-73.960526,1,0,Driver Inattention/Distraction,4414186,16.4,7.7,0.0,0.0,0.0,0.0,3,15.8,32.4,73,Overcast,1,1,
12572,2021-05-07 07:40:00,40.76155,-73.96659,1,0,Failure to Yield Right-of-Way,4414385,16.4,7.7,0.0,0.0,0.0,0.0,3,15.8,32.4,73,Overcast,1,1,
12573,2021-05-05 18:03:00,40.865456,-73.86566,0,0,Driver Inattention/Distraction,4414368,15.1,10.8,9.9,9.9,0.0,17.0,61,21.5,42.5,23,Rain: Light,0,0,
12574,2021-05-05 17:19:00,40.636547,-74.02866,0,0,Aggressive Driving/Road Rage,4413769,15.1,10.8,9.9,9.9,0.0,17.0,61,21.5,42.5,23,Rain: Light,0,0,
12575,2021-05-07 09:49:00,40.72844,-73.87116,0,0,Following Too Closely,4414305,16.4,7.7,0.0,0.0,0.0,0.0,3,15.8,32.4,73,Overcast,0,0,
12576,2021-05-07 09:30:00,40.581745,-73.960945,0,0,Unspecified,4414561,16.4,7.7,0.0,0.0,0.0,0.0,3,15.8,32.4,73,Overcast,0,0,
12577,2021-05-07 02:00:00,40.731377,-73.973724,0,0,Unsafe Speed,4414584,16.4,7.7,0.0,0.0,0.0,0.0,3,15.8,32.4,73,Overcast,0,0,
12578,2021-05-03 02:00:00,40.681988,-73.76634,2,0,Traffic Control Disregarded,4414353,15.8,11.4,5.7,5.7,0.0,7.0,61,14.5,47.2,53,Rain: Light,2,2,
12579,2021-04-29 03:45:00,40.725433,-73.872734,1,0,Alcohol Involvement,4414414,22.5,12.9,3.8,3.8,0.0,9.0,53,25.6,50.8,199,Drizzle: Moderate,1,1,
12580,2021-05-07 21:00:00,40.809628,-73.890045,1,0,Unsafe Speed,4414324,16.4,7.7,0.0,0.0,0.0,0.0,3,15.8,32.4,73,Overcast,1,1,
12581,2021-05-07 16:04:00,40.643818,-73.97964,1,0,Unspecified,4414714,16.4,7.7,0.0,0.0,0.0,0.0,3,15.8,32.4,73,Overcast,1,1,
12582,2021-05-06 09:30:00,40.82725,-73.9387,0,0,Driver Inattention/Distraction,4413997,17.3,8.7,0.0,0.0,0.0,0.0,3,22.6,43.6,313,Overcast,0,0,
12583,2021-05-05 22:00:00,40.687172,-73.820625,0,0,Turning Improperly,4413790,15.1,10.8,9.9,9.9,0.0,17.0,61,21.5,42.5,23,Rain: Light,0,0,
12584,2021-04-24 14:50:00,40.717186,-74.0129,0,0,Unspecified,4414191,19.7,6.0,0.0,0.0,0.0,0.0,3,26.7,49.3,232,Overcast,0,0,
12585,2021-05-02 14:30:00,40.601208,-74.08057,0,0,Driver Inattention/Distraction,4414928,26.3,11.3,0.0,0.0,0.0,0.0,3,23.0,43.9,251,Overcast,0,0,
12586,2021-05-06 14:40:00,40.77447,-73.9924,1,0,Other Vehicular,4414732,17.3,8.7,0.0,0.0,0.0,0.0,3,22.6,43.6,313,Overcast,1,1,
12587,2021-04-15 10:04:00,40.720264,-73.872826,1,0,Driver Inattention/Distraction,4414421,12.9,7.7,15.9,15.9,0.0,15.0,63,17.3,32.0,166,Rain: Moderate,1,1,
12588,2021-05-06 10:00:00,40.661743,-73.94784,0,0,Failure to Yield Right-of-Way,4414604,17.3,8.7,0.0,0.0,0.0,0.0,3,22.6,43.6,313,Overcast,0,0,
12589,2021-05-06 09:29:00,40.844524,-73.902725,1,0,Turning Improperly,4414844,17.3,8.7,0.0,0.0,0.0,0.0,3,22.6,43.6,313,Overcast,1,1,
12590,2021-05-01 12:20:00,40.83142,-73.92644,2,0,Aggressive Driving/Road Rage,4414346,17.3,5.0,0.0,0.0,0.0,0.0,3,31.7,63.4,302,Overcast,2,2,
12591,2021-05-06 15:13:00,40.882164,-73.88186,0,0,Failure to Yield Right-of-Way,4414136,17.3,8.7,0.0,0.0,0.0,0.0,3,22.6,43.6,313,Overcast,0,0,
12592,2021-05-07 18:30:00,40.665916,-73.92547,0,0,Following Too Closely,4414690,16.4,7.7,0.0,0.0,0.0,0.0,3,15.8,32.4,73,Overcast,0,0,
12593,2021-05-05 10:00:00,40.824924,-73.86985,0,0,Unspecified,4413665,15.1,10.8,9.9,9.9,0.0,17.0,61,21.5,42.5,23,Rain: Light,0,0,
12594,2021-05-06 23:40:00,40.66406,-73.73846,0,0,Driver Inattention/Distraction,4414119,17.3,8.7,0.0,0.0,0.0,0.0,3,22.6,43.6,313,Overcast,0,0,
12595,2021-05-05 12:43:00,40.60327,-73.75106,0,0,Driver Inattention/Distraction,4413624,15.1,10.8,9.9,9.9,0.0,17.0,61,21.5,42.5,23,Rain: Light,0,0,
12596,2021-05-06 17:30:00,40.625774,-74.016495,0,0,Driver Inattention/Distraction,4414050,17.3,8.7,0.0,0.0,0.0,0.0,3,22.6,43.6,313,Overcast,0,0,
12597,2021-05-05 16:36:00,40.84838,-73.82865,0,0,Unspecified,4413907,15.1,10.8,9.9,9.9,0.0,17.0,61,21.5,42.5,23,Rain: Light,0,0,
12598,2021-05-07 05:15:00,40.664948,-73.90355,0,0,Fell Asleep,4414530,16.4,7.7,0.0,0.0,0.0,0.0,3,15.8,32.4,73,Overcast,0,0,
12599,2021-05-04 21:05:00,40.62392,-73.9216,3,0,Unspecified,4414174,22.2,11.1,13.2,13.2,0.0,6.0,63,18.9,42.8,74,Rain: Moderate,3,3,
12600,2021-04-26 01:49:00,40.676598,-73.93039,0,0,Backing Unsafely,4414213,13.7,3.7,0.0,0.0,0.0,0.0,2,27.3,52.6,311,Partly cloudy,0,0,
12601,2021-05-06 10:30:00,40.8047,-73.91243,0,0,Following Too Closely,4413946,17.3,8.7,0.0,0.0,0.0,0.0,3,22.6,43.6,313,Overcast,0,0,
12602,2021-05-05 15:20:00,40.734768,-73.861595,0,0,Failure to Yield Right-of-Way,4413712,15.1,10.8,9.9,9.9,0.0,17.0,61,21.5,42.5,23,Rain: Light,0,0,
12603,2021-05-05 17:56:00,40.738068,-73.861046,0,0,Unspecified,4413802,15.1,10.8,9.9,9.9,0.0,17.0,61,21.5,42.5,23,Rain: Light,0,0,
12604,2021-05-04 08:30:00,40.63267,-73.88846,0,0,Unspecified,4414492,22.2,11.1,13.2,13.2,0.0,6.0,63,18.9,42.8,74,Rain: Moderate,0,0,
12605,2021-05-06 14:34:00,40.855873,-73.79149,1,0,Following Too Closely,4414224,17.3,8.7,0.0,0.0,0.0,0.0,3,22.6,43.6,313,Overcast,1,1,
12606,2021-05-05 00:00:00,40.8913,-73.8507,0,0,Unsafe Lane Changing,4413923,15.1,10.8,9.9,9.9,0.0,17.0,61,21.5,42.5,23,Rain: Light,0,0,
12607,2021-12-20 21:04:00,40.76536,-73.82787,1,0,Failure to Yield Right-of-Way,4488245,1.8,-4.4,0.0,0.0,0.0,0.0,2,17.9,32.8,282,Partly cloudy,1,1,
12608,2021-05-07 18:41:00,40.701565,-73.94333,3,0,Driver Inexperience,4414664,16.4,7.7,0.0,0.0,0.0,0.0,3,15.8,32.4,73,Overcast,3,3,
12609,2021-05-07 14:30:00,40.681385,-73.84748,0,0,Backing Unsafely,4414241,16.4,7.7,0.0,0.0,0.0,0.0,3,15.8,32.4,73,Overcast,0,0,
12610,2021-04-30 06:38:00,40.69253,-73.927414,0,0,Driver Inattention/Distraction,4414768,19.9,7.6,0.4,0.4,0.0,4.0,51,36.9,82.1,289,Drizzle: Light,0,0,
12611,2021-05-03 18:00:00,40.863945,-73.86452,2,0,Pedestrian/Bicyclist/Other Pedestrian Error/Confusion,4414749,15.8,11.4,5.7,5.7,0.0,7.0,61,14.5,47.2,53,Rain: Light,2,2,
12612,2021-05-05 11:25:00,40.676132,-73.81924,1,0,Passing or Lane Usage Improper,4413603,15.1,10.8,9.9,9.9,0.0,17.0,61,21.5,42.5,23,Rain: Light,1,1,
12613,2021-05-05 01:20:00,40.70499,-73.91736,1,0,Driver Inattention/Distraction,4413499,15.1,10.8,9.9,9.9,0.0,17.0,61,21.5,42.5,23,Rain: Light,1,1,
12614,2021-05-05 12:30:00,40.748783,-73.81279,0,0,Traffic Control Disregarded,4413748,15.1,10.8,9.9,9.9,0.0,17.0,61,21.5,42.5,23,Rain: Light,0,0,
12615,2021-05-07 11:27:00,40.6707,-73.77366,0,0,Following Too Closely,4414397,16.4,7.7,0.0,0.0,0.0,0.0,3,15.8,32.4,73,Overcast,0,0,
12616,2021-05-06 16:26:00,40.595097,-74.00092,0,0,Driver Inattention/Distraction,4414103,17.3,8.7,0.0,0.0,0.0,0.0,3,22.6,43.6,313,Overcast,0,0,
12617,2021-05-05 14:00:00,40.72161,-73.98904,1,0,Driver Inattention/Distraction,4413813,15.1,10.8,9.9,9.9,0.0,17.0,61,21.5,42.5,23,Rain: Light,1,1,
12618,2021-05-05 06:35:00,40.687508,-73.80666,0,0,Driver Inattention/Distraction,4413716,15.1,10.8,9.9,9.9,0.0,17.0,61,21.5,42.5,23,Rain: Light,0,0,
12619,2021-04-29 15:33:00,40.62156,-74.16849,0,0,Driver Inattention/Distraction,4414201,22.5,12.9,3.8,3.8,0.0,9.0,53,25.6,50.8,199,Drizzle: Moderate,0,0,
12620,2021-05-06 04:50:00,40.55247,-74.21878,1,0,Unsafe Speed,4414018,17.3,8.7,0.0,0.0,0.0,0.0,3,22.6,43.6,313,Overcast,1,1,
12621,2021-05-05 20:15:00,40.730137,-73.862366,0,0,Turning Improperly,4414031,15.1,10.8,9.9,9.9,0.0,17.0,61,21.5,42.5,23,Rain: Light,0,0,
12622,2021-04-11 08:30:00,40.715687,-73.75545,0,0,Alcohol Involvement,4414256,14.2,8.5,25.3,25.3,0.0,15.0,63,25.7,48.2,77,Rain: Moderate,0,0,
12623,2021-01-29 15:34:00,40.82712,-73.93116,0,0,Unsafe Lane Changing,4414339,-4.4,-9.4,0.0,0.0,0.0,0.0,3,37.0,70.9,318,Overcast,0,0,
12624,2021-05-06 04:50:00,40.72025,-73.834305,0,0,Driver Inattention/Distraction,4413982,17.3,8.7,0.0,0.0,0.0,0.0,3,22.6,43.6,313,Overcast,0,0,
12625,2021-05-01 04:39:00,40.573196,-73.99278,1,0,Driver Inattention/Distraction,4414556,17.3,5.0,0.0,0.0,0.0,0.0,3,31.7,63.4,302,Overcast,1,1,
12626,2021-05-06 22:18:00,40.756763,-73.96716,0,0,Unspecified,4414301,17.3,8.7,0.0,0.0,0.0,0.0,3,22.6,43.6,313,Overcast,0,0,
12627,2021-05-05 22:47:00,40.612858,-73.92862,0,0,Unsafe Speed,4414719,15.1,10.8,9.9,9.9,0.0,17.0,61,21.5,42.5,23,Rain: Light,0,0,
12628,2021-05-06 00:52:00,40.812138,-73.96636,0,0,Other Vehicular,4414073,17.3,8.7,0.0,0.0,0.0,0.0,3,22.6,43.6,313,Overcast,0,0,
12629,2021-05-06 11:08:00,40.634617,-74.02353,1,0,Unspecified,4414206,17.3,8.7,0.0,0.0,0.0,0.0,3,22.6,43.6,313,Overcast,1,1,
12630,2021-05-02 12:00:00,40.799168,-73.91029,0,0,Unspecified,4414889,26.3,11.3,0.0,0.0,0.0,0.0,3,23.0,43.9,251,Overcast,0,0,
12631,2021-05-05 18:00:00,40.902374,-73.84811,0,0,Unspecified,4414580,15.1,10.8,9.9,9.9,0.0,17.0,61,21.5,42.5,23,Rain: Light,0,0,
12632,2021-05-05 16:35:00,40.8037,-73.93582,1,0,Unspecified,4414169,15.1,10.8,9.9,9.9,0.0,17.0,61,21.5,42.5,23,Rain: Light,1,1,
12633,2021-05-06 18:24:00,40.577065,-74.11633,1,0,Driver Inattention/Distraction,4414378,17.3,8.7,0.0,0.0,0.0,0.0,3,22.6,43.6,313,Overcast,1,1,
12634,2021-04-29 20:26:00,40.532482,-74.2031,1,0,Traffic Control Disregarded,4414365,22.5,12.9,3.8,3.8,0.0,9.0,53,25.6,50.8,199,Drizzle: Moderate,1,1,
12635,2021-05-05 18:40:00,40.734848,-73.90002,0,0,Driver Inattention/Distraction,4413758,15.1,10.8,9.9,9.9,0.0,17.0,61,21.5,42.5,23,Rain: Light,0,0,
12636,2021-05-06 00:00:00,40.625324,-73.974945,0,0,Unspecified,4414631,17.3,8.7,0.0,0.0,0.0,0.0,3,22.6,43.6,313,Overcast,0,0,
12637,2021-05-05 15:00:00,40.583374,-73.95126,0,0,Driver Inattention/Distraction,4413991,15.1,10.8,9.9,9.9,0.0,17.0,61,21.5,42.5,23,Rain: Light,0,0,
12638,2021-05-07 11:15:00,40.836555,-73.94306,0,0,Unspecified,4414792,16.4,7.7,0.0,0.0,0.0,0.0,3,15.8,32.4,73,Overcast,0,0,
12639,2021-05-06 18:40:00,40.745068,-73.936356,1,0,Driver Inattention/Distraction,4414098,17.3,8.7,0.0,0.0,0.0,0.0,3,22.6,43.6,313,Overcast,1,1,
12640,2021-05-05 07:52:00,40.813175,-73.89845,0,0,Unspecified,4413897,15.1,10.8,9.9,9.9,0.0,17.0,61,21.5,42.5,23,Rain: Light,0,0,
12641,2021-05-06 19:05:00,40.74701,-73.977196,0,0,Turning Improperly,4414115,17.3,8.7,0.0,0.0,0.0,0.0,3,22.6,43.6,313,Overcast,0,0,
12642,2021-05-07 08:00:00,40.720535,-73.75682,0,0,Driver Inattention/Distraction,4414461,16.4,7.7,0.0,0.0,0.0,0.0,3,15.8,32.4,73,Overcast,0,0,
12643,2021-05-04 20:10:00,40.63219,-73.938934,0,0,Unsafe Speed,4414695,22.2,11.1,13.2,13.2,0.0,6.0,63,18.9,42.8,74,Rain: Moderate,0,0,
12644,2021-05-07 15:30:00,40.69775,-73.81393,2,0,Other Vehicular,4414270,16.4,7.7,0.0,0.0,0.0,0.0,3,15.8,32.4,73,Overcast,2,2,
12645,2021-05-06 15:35:00,40.674557,-73.859604,1,0,Failure to Yield Right-of-Way,4414132,17.3,8.7,0.0,0.0,0.0,0.0,3,22.6,43.6,313,Overcast,1,1,
12646,2021-05-06 23:10:00,40.71426,-73.77713,0,0,Driver Inattention/Distraction,4414255,17.3,8.7,0.0,0.0,0.0,0.0,3,22.6,43.6,313,Overcast,0,0,
12647,2021-05-02 20:33:00,40.81462,-73.908585,1,0,,4414890,26.3,11.3,0.0,0.0,0.0,0.0,3,23.0,43.9,251,Overcast,1,1,
12648,2021-05-06 23:00:00,40.592815,-73.90808,0,0,Reaction to Uninvolved Vehicle,4414233,17.3,8.7,0.0,0.0,0.0,0.0,3,22.6,43.6,313,Overcast,0,0,
12649,2021-05-05 10:10:00,40.885777,-73.8515,0,0,Unspecified,4413657,15.1,10.8,9.9,9.9,0.0,17.0,61,21.5,42.5,23,Rain: Light,0,0,
12650,2021-05-06 08:03:00,40.69125,-73.85087,0,0,Driver Inattention/Distraction,4413920,17.3,8.7,0.0,0.0,0.0,0.0,3,22.6,43.6,313,Overcast,0,0,
12651,2021-05-07 07:00:00,40.715702,-73.95579,0,0,Driver Inattention/Distraction,4414894,16.4,7.7,0.0,0.0,0.0,0.0,3,15.8,32.4,73,Overcast,0,0,
12652,2021-05-06 02:15:00,40.57858,-73.9884,0,0,Driver Inattention/Distraction,4414056,17.3,8.7,0.0,0.0,0.0,0.0,3,22.6,43.6,313,Overcast,0,0,
12653,2021-05-05 16:00:00,40.776867,-73.955414,0,0,Following Too Closely,4413882,15.1,10.8,9.9,9.9,0.0,17.0,61,21.5,42.5,23,Rain: Light,0,0,
12654,2021-05-05 04:05:00,40.699978,-73.98779,0,0,Driver Inattention/Distraction,4413645,15.1,10.8,9.9,9.9,0.0,17.0,61,21.5,42.5,23,Rain: Light,0,0,
12655,2021-05-05 07:30:00,40.673103,-73.92793,0,0,Unspecified,4413694,15.1,10.8,9.9,9.9,0.0,17.0,61,21.5,42.5,23,Rain: Light,0,0,