,CRASH DATETIME,LATITUDE,LONGITUDE,NUMBER OF PERSONS INJURED,NUMBER OF PERSONS KILLED,CONTRIBUTING FACTOR VEHICLE 1,COLLISION_ID,temperature_2m_max,temperature_2m_min,precipitation_sum,rain_sum,snowfall_sum,precipitation_hours,weather_code,wind_speed_10m_max,wind_gusts_10m_max,wind_direction_10m_dominant,Weather Description,Severity_Score,Total_Affected_Persons,Weather_Category
12656,2021-05-01 08:00:00,40.7647,-73.874535,0,0,Unspecified,4414961,17.3,5.0,0.0,0.0,0.0,0.0,3,31.7,63.4,302,Overcast,0,0,
12657,2021-05-06 11:25:00,40.833263,-73.877396,0,0,Unspecified,4413950,17.3,8.7,0.0,0.0,0.0,0.0,3,22.6,43.6,313,Overcast,0,0,
12658,2021-05-05 12:20:00,40.812126,-73.90419,1,0,Reaction to Uninvolved Vehicle,4413940,15.1,10.8,9.9,9.9,0.0,17.0,61,21.5,42.5,23,Rain: Light,1,1,
12659,2021-05-05 08:00:00,40.659336,-73.92726,0,0,Unspecified,4413576,15.1,10.8,9.9,9.9,0.0,17.0,61,21.5,42.5,23,Rain: Light,0,0,
12660,2021-05-06 09:45:00,40.820305,-73.89083,0,0,Unspecified,4414245,17.3,8.7,0.0,0.0,0.0,0.0,3,22.6,43.6,313,Overcast,0,0,
12661,2021-05-04 15:20:00,40.743336,-73.9511,1,0,Driver Inattention/Distraction,4414774,22.2,11.1,13.2,13.2,0.0,6.0,63,18.9,42.8,74,Rain: Moderate,1,1,
12662,2021-05-05 22:35:00,40.882965,-73.893875,0,0,Reaction to Uninvolved Vehicle,4414074,15.1,10.8,9.9,9.9,0.0,17.0,61,21.5,42.5,23,Rain: Light,0,0,
12663,2021-05-04 23:35:00,40.744644,-74.00639,1,0,Traffic Control Disregarded,4414196,22.2,11.1,13.2,13.2,0.0,6.0,63,18.9,42.8,74,Rain: Moderate,1,1,
12664,2021-05-07 09:13:00,40.84908,-73.90946,0,0,Unsafe Speed,4414437,16.4,7.7,0.0,0.0,0.0,0.0,3,15.8,32.4,73,Overcast,0,0,
12665,2021-05-07 06:00:00,40.715767,-73.92556,0,0,Passing or Lane Usage Improper,4414668,16.4,7.7,0.0,0.0,0.0,0.0,3,15.8,32.4,73,Overcast,0,0,
12666,2021-05-06 16:00:00,40.62318,-74.14925,0,0,Turning Improperly,4414393,17.3,8.7,0.0,0.0,0.0,0.0,3,22.6,43.6,313,Overcast,0,0,
12667,2021-05-06 23:05:00,40.85223,-73.87141,1,0,Driver Inattention/Distraction,4414120,17.3,8.7,0.0,0.0,0.0,0.0,3,22.6,43.6,313,Overcast,1,1,
12668,2021-05-05 17:36:00,40.58489,-73.92885,0,0,Driver Inattention/Distraction,4413987,15.1,10.8,9.9,9.9,0.0,17.0,61,21.5,42.5,23,Rain: Light,0,0,
12669,2021-05-05 07:50:00,40.709442,-73.9607,0,0,Following Too Closely,4414143,15.1,10.8,9.9,9.9,0.0,17.0,61,21.5,42.5,23,Rain: Light,0,0,
12670,2021-05-05 12:00:00,40.7433,-73.83768,0,0,Driver Inattention/Distraction,4413793,15.1,10.8,9.9,9.9,0.0,17.0,61,21.5,42.5,23,Rain: Light,0,0,
12671,2021-05-06 11:50:00,40.741405,-73.98337,1,0,Driver Inattention/Distraction,4414024,17.3,8.7,0.0,0.0,0.0,0.0,3,22.6,43.6,313,Overcast,1,1,
12672,2021-05-06 13:50:00,40.585197,-73.95289,0,0,Driver Inattention/Distraction,4414027,17.3,8.7,0.0,0.0,0.0,0.0,3,22.6,43.6,313,Overcast,0,0,
12673,2021-05-05 06:30:00,40.823944,-73.913,0,0,Unspecified,4413417,15.1,10.8,9.9,9.9,0.0,17.0,61,21.5,42.5,23,Rain: Light,0,0,
12674,2021-05-06 21:30:00,40.73191,-73.87124,2,0,Reaction to Uninvolved Vehicle,4414107,17.3,8.7,0.0,0.0,0.0,0.0,3,22.6,43.6,313,Overcast,2,2,
12675,2021-05-05 06:30:00,40.628647,-73.95207,1,0,Other Vehicular,4413833,15.1,10.8,9.9,9.9,0.0,17.0,61,21.5,42.5,23,Rain: Light,1,1,
12676,2021-12-20 18:15:00,40.633385,-73.97552,1,0,Failure to Yield Right-of-Way,4488278,1.8,-4.4,0.0,0.0,0.0,0.0,2,17.9,32.8,282,Partly cloudy,1,1,
12677,2021-05-06 00:00:00,40.666397,-73.75337,1,0,Passing or Lane Usage Improper,4414795,17.3,8.7,0.0,0.0,0.0,0.0,3,22.6,43.6,313,Overcast,1,1,
12678,2021-05-05 10:49:00,40.671112,-73.978065,1,0,Following Too Closely,4413859,15.1,10.8,9.9,9.9,0.0,17.0,61,21.5,42.5,23,Rain: Light,1,1,
12679,2021-05-05 19:51:00,40.82499,-73.91662,1,0,Failure to Yield Right-of-Way,4414162,15.1,10.8,9.9,9.9,0.0,17.0,61,21.5,42.5,23,Rain: Light,1,1,
12680,2021-05-06 16:03:00,40.813175,-73.89845,1,0,Unspecified,4414335,17.3,8.7,0.0,0.0,0.0,0.0,3,22.6,43.6,313,Overcast,1,1,
12681,2021-12-10 11:00:00,40.83264,-73.86876,0,0,Backing Unsafely,4488823,8.5,1.6,0.0,0.0,0.0,0.0,3,9.8,20.5,183,Overcast,0,0,
12682,2021-05-06 22:24:00,40.618877,-73.908936,1,0,Failure to Yield Right-of-Way,4414181,17.3,8.7,0.0,0.0,0.0,0.0,3,22.6,43.6,313,Overcast,1,1,
12683,2021-05-05 09:45:00,40.62782,-74.12126,2,0,Following Too Closely,4413753,15.1,10.8,9.9,9.9,0.0,17.0,61,21.5,42.5,23,Rain: Light,2,2,
12684,2021-05-06 22:40:00,40.718304,-73.8149,0,0,Unspecified,4414823,17.3,8.7,0.0,0.0,0.0,0.0,3,22.6,43.6,313,Overcast,0,0,
12685,2021-05-05 00:00:00,40.75386,-73.892654,0,0,Backing Unsafely,4413961,15.1,10.8,9.9,9.9,0.0,17.0,61,21.5,42.5,23,Rain: Light,0,0,
12686,2021-05-07 00:02:00,40.720657,-73.76031,0,0,Driver Inattention/Distraction,4414260,16.4,7.7,0.0,0.0,0.0,0.0,3,15.8,32.4,73,Overcast,0,0,
12687,2021-05-07 15:15:00,40.690758,-73.99624,0,0,Following Too Closely,4414297,16.4,7.7,0.0,0.0,0.0,0.0,3,15.8,32.4,73,Overcast,0,0,
12688,2021-05-07 02:50:00,40.62788,-73.93251,0,0,Other Vehicular,4414724,16.4,7.7,0.0,0.0,0.0,0.0,3,15.8,32.4,73,Overcast,0,0,
12689,2021-05-07 11:29:00,40.876312,-73.91195,0,0,Unspecified,4414551,16.4,7.7,0.0,0.0,0.0,0.0,3,15.8,32.4,73,Overcast,0,0,
12690,2021-05-06 12:25:00,40.8266,-73.82213,0,0,Unspecified,4414223,17.3,8.7,0.0,0.0,0.0,0.0,3,22.6,43.6,313,Overcast,0,0,
12691,2021-05-07 20:20:00,40.72159,-73.9458,0,0,Other Vehicular,4414877,16.4,7.7,0.0,0.0,0.0,0.0,3,15.8,32.4,73,Overcast,0,0,
12692,2021-05-06 08:26:00,40.825283,-73.88648,2,0,Unspecified,4414361,17.3,8.7,0.0,0.0,0.0,0.0,3,22.6,43.6,313,Overcast,2,2,
12693,2021-05-07 21:00:00,40.87823,-73.84438,0,0,Driver Inattention/Distraction,4414595,16.4,7.7,0.0,0.0,0.0,0.0,3,15.8,32.4,73,Overcast,0,0,
12694,2021-05-07 19:00:00,40.66929,-73.842445,1,0,Following Too Closely,4414641,16.4,7.7,0.0,0.0,0.0,0.0,3,15.8,32.4,73,Overcast,1,1,
12695,2021-05-05 15:19:00,40.72565,-73.93205,1,0,Lost Consciousness,4413779,15.1,10.8,9.9,9.9,0.0,17.0,61,21.5,42.5,23,Rain: Light,1,1,
12696,2021-05-04 21:35:00,40.690483,-73.93954,1,0,Driver Inattention/Distraction,4414786,22.2,11.1,13.2,13.2,0.0,6.0,63,18.9,42.8,74,Rain: Moderate,1,1,
12697,2021-05-05 21:30:00,40.722675,-73.921425,1,0,Driver Inattention/Distraction,4414094,15.1,10.8,9.9,9.9,0.0,17.0,61,21.5,42.5,23,Rain: Light,1,1,
12698,2021-05-07 14:49:00,40.682373,-73.96162,1,0,Turning Improperly,4414238,16.4,7.7,0.0,0.0,0.0,0.0,3,15.8,32.4,73,Overcast,1,1,
12699,2021-05-07 14:24:00,40.851078,-73.84862,0,0,Other Vehicular,4414470,16.4,7.7,0.0,0.0,0.0,0.0,3,15.8,32.4,73,Overcast,0,0,
12700,2021-05-07 23:35:00,40.720642,-73.943275,0,0,Unspecified,4414910,16.4,7.7,0.0,0.0,0.0,0.0,3,15.8,32.4,73,Overcast,0,0,
12701,2021-04-30 17:14:00,40.680855,-73.93855,3,0,Following Too Closely,4414657,19.9,7.6,0.4,0.4,0.0,4.0,51,36.9,82.1,289,Drizzle: Light,3,3,
12702,2021-05-07 13:25:00,40.733242,-73.98113,0,0,Turning Improperly,4414678,16.4,7.7,0.0,0.0,0.0,0.0,3,15.8,32.4,73,Overcast,0,0,
12703,2021-05-07 09:48:00,40.76278,-73.787384,0,0,Failure to Yield Right-of-Way,4414287,16.4,7.7,0.0,0.0,0.0,0.0,3,15.8,32.4,73,Overcast,0,0,
12704,2021-05-06 19:45:00,40.596115,-73.9393,0,0,Passing Too Closely,4414149,17.3,8.7,0.0,0.0,0.0,0.0,3,22.6,43.6,313,Overcast,0,0,
12705,2021-12-20 12:30:00,40.796665,-73.93098,0,0,Unspecified,4488179,1.8,-4.4,0.0,0.0,0.0,0.0,2,17.9,32.8,282,Partly cloudy,0,0,
12706,2021-05-07 17:00:00,40.81616,-73.8944,0,0,Unspecified,4414250,16.4,7.7,0.0,0.0,0.0,0.0,3,15.8,32.4,73,Overcast,0,0,
12707,2021-05-06 18:51:00,40.69941,-73.93622,0,0,Turning Improperly,4414429,17.3,8.7,0.0,0.0,0.0,0.0,3,22.6,43.6,313,Overcast,0,0,
12708,2021-05-06 13:30:00,40.67148,-73.97775,1,0,Passenger Distraction,4414357,17.3,8.7,0.0,0.0,0.0,0.0,3,22.6,43.6,313,Overcast,1,1,
12709,2021-05-05 17:00:00,40.689144,-73.99071,0,0,Passing or Lane Usage Improper,4414521,15.1,10.8,9.9,9.9,0.0,17.0,61,21.5,42.5,23,Rain: Light,0,0,
12710,2021-05-07 07:50:00,40.743763,-73.82463,2,0,Traffic Control Disregarded,4414282,16.4,7.7,0.0,0.0,0.0,0.0,3,15.8,32.4,73,Overcast,2,2,
12711,2021-05-07 21:00:00,40.676456,-73.85688,0,0,Passing Too Closely,4414647,16.4,7.7,0.0,0.0,0.0,0.0,3,15.8,32.4,73,Overcast,0,0,
12712,2021-05-07 16:42:00,40.757595,-73.94603,1,0,Driver Inattention/Distraction,4414868,16.4,7.7,0.0,0.0,0.0,0.0,3,15.8,32.4,73,Overcast,1,1,
12713,2021-05-05 13:45:00,40.649136,-73.95842,0,0,Unsafe Lane Changing,4413851,15.1,10.8,9.9,9.9,0.0,17.0,61,21.5,42.5,23,Rain: Light,0,0,
12714,2021-05-05 14:00:00,40.68594,-73.84686,1,0,Unsafe Speed,4413684,15.1,10.8,9.9,9.9,0.0,17.0,61,21.5,42.5,23,Rain: Light,1,1,
12715,2021-05-05 06:55:00,40.834522,-73.848495,0,0,Unspecified,4413535,15.1,10.8,9.9,9.9,0.0,17.0,61,21.5,42.5,23,Rain: Light,0,0,
12716,2021-05-06 11:30:00,40.693523,-73.980316,1,0,,4413970,17.3,8.7,0.0,0.0,0.0,0.0,3,22.6,43.6,313,Overcast,1,1,
12717,2021-05-03 00:50:00,40.764744,-73.86179,3,0,Other Vehicular,4414952,15.8,11.4,5.7,5.7,0.0,7.0,61,14.5,47.2,53,Rain: Light,3,3,
12718,2021-05-05 18:05:00,40.662395,-73.93735,1,0,Driver Inattention/Distraction,4413733,15.1,10.8,9.9,9.9,0.0,17.0,61,21.5,42.5,23,Rain: Light,1,1,
12719,2021-05-05 15:30:00,40.740276,-73.92782,0,0,Driver Inattention/Distraction,4413723,15.1,10.8,9.9,9.9,0.0,17.0,61,21.5,42.5,23,Rain: Light,0,0,
12720,2021-05-05 23:00:00,40.798622,-73.94163,0,0,Passing or Lane Usage Improper,4413934,15.1,10.8,9.9,9.9,0.0,17.0,61,21.5,42.5,23,Rain: Light,0,0,
12721,2021-12-19 22:58:00,40.618484,-73.913506,0,0,Traffic Control Disregarded,4488739,7.1,-1.8,0.5,0.5,0.0,4.0,51,26.4,47.5,327,Drizzle: Light,0,0,
12722,2021-05-07 13:40:00,40.69251,-73.73744,1,0,Failure to Yield Right-of-Way,4414265,16.4,7.7,0.0,0.0,0.0,0.0,3,15.8,32.4,73,Overcast,1,1,
12723,2021-05-01 14:00:00,40.82674,-73.8879,0,0,Unspecified,4414330,17.3,5.0,0.0,0.0,0.0,0.0,3,31.7,63.4,302,Overcast,0,0,
12724,2021-05-05 22:52:00,40.726173,-74.01099,2,0,Driver Inattention/Distraction,4414192,15.1,10.8,9.9,9.9,0.0,17.0,61,21.5,42.5,23,Rain: Light,2,2,
12725,2021-05-07 07:30:00,40.63043,-73.88593,0,0,Driver Inattention/Distraction,4414442,16.4,7.7,0.0,0.0,0.0,0.0,3,15.8,32.4,73,Overcast,0,0,
12726,2021-05-05 14:35:00,40.718716,-73.79406,0,0,Unspecified,4413774,15.1,10.8,9.9,9.9,0.0,17.0,61,21.5,42.5,23,Rain: Light,0,0,
12727,2021-05-05 16:40:00,40.662277,-73.91078,0,0,Unspecified,4413799,15.1,10.8,9.9,9.9,0.0,17.0,61,21.5,42.5,23,Rain: Light,0,0,
12728,2021-05-05 15:20:00,40.580727,-74.10757,2,0,Traffic Control Disregarded,4414044,15.1,10.8,9.9,9.9,0.0,17.0,61,21.5,42.5,23,Rain: Light,2,2,
12729,2021-05-05 22:45:00,40.69733,-73.78456,0,0,Driver Inattention/Distraction,4414008,15.1,10.8,9.9,9.9,0.0,17.0,61,21.5,42.5,23,Rain: Light,0,0,
12730,2021-05-06 15:25:00,40.816902,-73.91938,0,0,Turning Improperly,4414139,17.3,8.7,0.0,0.0,0.0,0.0,3,22.6,43.6,313,Overcast,0,0,
12731,2021-05-05 22:21:00,40.735798,-73.78212,0,0,Backing Unsafely,4414313,15.1,10.8,9.9,9.9,0.0,17.0,61,21.5,42.5,23,Rain: Light,0,0,
12732,2021-05-06 20:35:00,40.6255,-74.152145,0,0,Failure to Yield Right-of-Way,4414805,17.3,8.7,0.0,0.0,0.0,0.0,3,22.6,43.6,313,Overcast,0,0,
12733,2021-05-05 12:47:00,40.83,-73.91812,0,0,Failure to Yield Right-of-Way,4414155,15.1,10.8,9.9,9.9,0.0,17.0,61,21.5,42.5,23,Rain: Light,0,0,
12734,2021-05-05 17:25:00,40.69976,-73.956665,0,0,Driver Inattention/Distraction,4413820,15.1,10.8,9.9,9.9,0.0,17.0,61,21.5,42.5,23,Rain: Light,0,0,
12735,2021-05-07 17:45:00,40.662415,-73.94996,1,0,Passing Too Closely,4414292,16.4,7.7,0.0,0.0,0.0,0.0,3,15.8,32.4,73,Overcast,1,1,
12736,2021-05-04 14:12:00,40.6323,-73.93702,1,0,Failure to Yield Right-of-Way,4414177,22.2,11.1,13.2,13.2,0.0,6.0,63,18.9,42.8,74,Rain: Moderate,1,1,
12737,2021-05-05 10:30:00,40.854473,-73.86609,0,0,Unspecified,4413761,15.1,10.8,9.9,9.9,0.0,17.0,61,21.5,42.5,23,Rain: Light,0,0,
12738,2021-05-06 16:35:00,40.767418,-73.7906,0,0,Failure to Yield Right-of-Way,4414126,17.3,8.7,0.0,0.0,0.0,0.0,3,22.6,43.6,313,Overcast,0,0,
12739,2021-05-07 20:04:00,40.66607,-73.906654,0,0,Unspecified,4414540,16.4,7.7,0.0,0.0,0.0,0.0,3,15.8,32.4,73,Overcast,0,0,
12740,2021-05-06 17:30:00,40.79941,-73.935555,0,0,Unspecified,4414372,17.3,8.7,0.0,0.0,0.0,0.0,3,22.6,43.6,313,Overcast,0,0,
12741,2021-05-06 18:05:00,40.759716,-73.85022,0,0,Passing or Lane Usage Improper,4414736,17.3,8.7,0.0,0.0,0.0,0.0,3,22.6,43.6,313,Overcast,0,0,
12742,2021-05-07 08:16:00,40.770836,-73.96322,0,0,Passing or Lane Usage Improper,4414389,16.4,7.7,0.0,0.0,0.0,0.0,3,15.8,32.4,73,Overcast,0,0,
12743,2021-05-06 20:15:00,40.639572,-74.08809,0,0,Turning Improperly,4414516,17.3,8.7,0.0,0.0,0.0,0.0,3,22.6,43.6,313,Overcast,0,0,
12744,2021-05-02 17:46:00,40.652706,-73.94873,0,0,Backing Unsafely,4414699,26.3,11.3,0.0,0.0,0.0,0.0,3,23.0,43.9,251,Overcast,0,0,
12745,2021-05-05 07:00:00,40.893623,-73.85525,0,0,Unsafe Speed,4414569,15.1,10.8,9.9,9.9,0.0,17.0,61,21.5,42.5,23,Rain: Light,0,0,
12746,2021-05-07 17:01:00,40.713676,-73.82232,1,0,Driver Inattention/Distraction,4414318,16.4,7.7,0.0,0.0,0.0,0.0,3,15.8,32.4,73,Overcast,1,1,
12747,2021-05-06 13:45:00,40.749825,-73.972206,1,0,Driver Inattention/Distraction,4414001,17.3,8.7,0.0,0.0,0.0,0.0,3,22.6,43.6,313,Overcast,1,1,
12748,2021-05-01 20:00:00,40.693848,-73.901184,0,0,Failure to Yield Right-of-Way,4414425,17.3,5.0,0.0,0.0,0.0,0.0,3,31.7,63.4,302,Overcast,0,0,
12749,2021-05-06 18:39:00,40.8436,-73.94511,0,0,Following Too Closely,4414325,17.3,8.7,0.0,0.0,0.0,0.0,3,22.6,43.6,313,Overcast,0,0,
12750,2021-05-07 15:41:00,40.787018,-73.811584,0,0,Following Too Closely,4414277,16.4,7.7,0.0,0.0,0.0,0.0,3,15.8,32.4,73,Overcast,0,0,
12751,2021-04-30 17:09:00,40.763332,-73.864105,0,0,Driver Inattention/Distraction,4414187,19.9,7.6,0.4,0.4,0.0,4.0,51,36.9,82.1,289,Drizzle: Light,0,0,
12752,2021-05-07 19:25:00,40.618084,-73.969315,0,0,Failure to Yield Right-of-Way,4414616,16.4,7.7,0.0,0.0,0.0,0.0,3,15.8,32.4,73,Overcast,0,0,
12753,2021-05-06 10:50:00,40.760532,-73.753716,0,0,Unspecified,4414014,17.3,8.7,0.0,0.0,0.0,0.0,3,22.6,43.6,313,Overcast,0,0,
12754,2021-05-05 21:45:00,40.671364,-73.81481,0,0,Driver Inattention/Distraction,4413786,15.1,10.8,9.9,9.9,0.0,17.0,61,21.5,42.5,23,Rain: Light,0,0,
12755,2021-05-06 10:55:00,40.750484,-73.93529,1,0,Passing or Lane Usage Improper,4413992,17.3,8.7,0.0,0.0,0.0,0.0,3,22.6,43.6,313,Overcast,1,1,
12756,2021-12-20 17:57:00,40.58781,-73.816444,0,0,Driver Inexperience,4488508,1.8,-4.4,0.0,0.0,0.0,0.0,2,17.9,32.8,282,Partly cloudy,0,0,
12757,2021-12-10 18:37:00,40.823257,-73.94293,0,0,Traffic Control Disregarded,4488732,8.5,1.6,0.0,0.0,0.0,0.0,3,9.8,20.5,183,Overcast,0,0,
12758,2021-12-20 19:30:00,40.60783,-74.07341,0,0,Unsafe Speed,4488803,1.8,-4.4,0.0,0.0,0.0,0.0,2,17.9,32.8,282,Partly cloudy,0,0,
12759,2021-12-20 12:00:00,40.575657,-73.94791,1,0,Unspecified,4488324,1.8,-4.4,0.0,0.0,0.0,0.0,2,17.9,32.8,282,Partly cloudy,1,1,
12760,2021-12-16 20:27:00,40.666435,-73.7628,0,0,Unspecified,4488783,14.6,9.9,0.0,0.0,0.0,0.0,3,22.4,38.5,222,Overcast,0,0,
12761,2021-12-20 21:38:00,40.820694,-73.94351,0,0,Other Vehicular,4488355,1.8,-4.4,0.0,0.0,0.0,0.0,2,17.9,32.8,282,Partly cloudy,0,0,
12762,2021-12-20 11:00:00,40.66855,-73.990234,1,0,Driver Inattention/Distraction,4488289,1.8,-4.4,0.0,0.0,0.0,0.0,2,17.9,32.8,282,Partly cloudy,1,1,
12763,2021-12-18 21:45:00,40.6026,-74.01491,0,0,Passing or Lane Usage Improper,4488864,6.3,4.5,3.8,3.8,0.0,9.0,61,12.3,24.5,35,Rain: Light,0,0,
12764,2021-12-20 15:39:00,40.759983,-73.964806,1,0,Passing or Lane Usage Improper,4488255,1.8,-4.4,0.0,0.0,0.0,0.0,2,17.9,32.8,282,Partly cloudy,1,1,
12765,2021-12-13 15:40:00,40.63793,-74.079506,1,0,Unspecified,4488751,10.2,1.9,0.0,0.0,0.0,0.0,3,19.6,35.3,242,Overcast,1,1,
12766,2021-12-18 17:00:00,40.68377,-73.92625,0,0,Passing or Lane Usage Improper,4488904,6.3,4.5,3.8,3.8,0.0,9.0,61,12.3,24.5,35,Rain: Light,0,0,
12767,2021-12-20 15:19:00,40.8468,-73.931854,0,0,Unspecified,4488386,1.8,-4.4,0.0,0.0,0.0,0.0,2,17.9,32.8,282,Partly cloudy,0,0,
12768,2021-12-20 18:31:00,40.679535,-73.83176,1,0,Driver Inattention/Distraction,4488295,1.8,-4.4,0.0,0.0,0.0,0.0,2,17.9,32.8,282,Partly cloudy,1,1,
12769,2021-12-20 18:10:00,40.853546,-73.92432,0,0,Driver Inattention/Distraction,4488388,1.8,-4.4,0.0,0.0,0.0,0.0,2,17.9,32.8,282,Partly cloudy,0,0,
12770,2021-12-20 07:40:00,40.85651,-73.897316,0,0,Backing Unsafely,4488342,1.8,-4.4,0.0,0.0,0.0,0.0,2,17.9,32.8,282,Partly cloudy,0,0,
12771,2021-08-20 19:55:00,40.696594,-73.93862,1,0,Aggressive Driving/Road Rage,4488793,26.9,22.0,1.1,1.1,0.0,5.0,53,12.4,22.0,310,Drizzle: Moderate,1,1,
12772,2022-03-28 06:45:00,40.855385,-73.9181,0,0,Following Too Closely,4514322,0.0,-5.2,0.3,0.0,0.21,3.0,71,31.3,59.0,303,Snow fall: Light,0,0,Snowy Conditions
12773,2021-12-20 06:30:00,40.803455,-73.96353,0,0,Passing Too Closely,4488827,1.8,-4.4,0.0,0.0,0.0,0.0,2,17.9,32.8,282,Partly cloudy,0,0,
12774,2021-12-20 15:00:00,40.651863,-73.86536,0,0,Driver Inattention/Distraction,4488955,1.8,-4.4,0.0,0.0,0.0,0.0,2,17.9,32.8,282,Partly cloudy,0,0,
12775,2021-12-16 14:15:00,40.59976,-73.903336,0,0,Driver Inattention/Distraction,4488948,14.6,9.9,0.0,0.0,0.0,0.0,3,22.4,38.5,222,Overcast,0,0,
12776,2021-12-19 17:00:00,40.679836,-73.9344,2,0,Passing or Lane Usage Improper,4488903,7.1,-1.8,0.5,0.5,0.0,4.0,51,26.4,47.5,327,Drizzle: Light,2,2,
12777,2021-12-09 01:30:00,40.760704,-73.858246,0,0,Driver Inattention/Distraction,4488774,3.6,-2.0,0.1,0.0,0.07,1.0,71,19.2,33.8,295,Snow fall: Light,0,0,Snowy Conditions
12778,2021-12-20 06:15:00,40.64485,-73.96002,0,0,Unspecified,4487995,1.8,-4.4,0.0,0.0,0.0,0.0,2,17.9,32.8,282,Partly cloudy,0,0,
12779,2021-12-16 15:00:00,40.62434,-74.09396,1,0,Driver Inattention/Distraction,4488798,14.6,9.9,0.0,0.0,0.0,0.0,3,22.4,38.5,222,Overcast,1,1,
12780,2021-12-20 15:58:00,40.750156,-73.97699,0,0,Driver Inattention/Distraction,4488254,1.8,-4.4,0.0,0.0,0.0,0.0,2,17.9,32.8,282,Partly cloudy,0,0,
12781,2021-12-20 06:50:00,40.710228,-74.00668,0,0,Unspecified,4488343,1.8,-4.4,0.0,0.0,0.0,0.0,2,17.9,32.8,282,Partly cloudy,0,0,
12782,2021-12-18 18:20:00,40.751423,-73.88461,0,0,Driver Inattention/Distraction,4488840,6.3,4.5,3.8,3.8,0.0,9.0,61,12.3,24.5,35,Rain: Light,0,0,
12783,2021-12-20 11:30:00,40.804256,-73.9193,0,0,Unspecified,4488290,1.8,-4.4,0.0,0.0,0.0,0.0,2,17.9,32.8,282,Partly cloudy,0,0,
12784,2021-12-17 15:30:00,40.66743,-73.76676,0,0,Following Too Closely,4488750,13.9,6.1,0.0,0.0,0.0,0.0,3,21.5,37.1,265,Overcast,0,0,
12785,2021-12-20 17:12:00,40.86038,-73.88889,1,0,Driver Inattention/Distraction,4488317,1.8,-4.4,0.0,0.0,0.0,0.0,2,17.9,32.8,282,Partly cloudy,1,1,
12786,2021-12-13 10:30:00,40.65763,-73.94179,0,0,Driver Inattention/Distraction,4488931,10.2,1.9,0.0,0.0,0.0,0.0,3,19.6,35.3,242,Overcast,0,0,
12787,2021-12-20 18:45:00,40.87977,-73.86729,0,0,Other Vehicular,4488817,1.8,-4.4,0.0,0.0,0.0,0.0,2,17.9,32.8,282,Partly cloudy,0,0,
12788,2021-12-20 12:00:00,40.765137,-73.81944,0,0,Oversized Vehicle,4488178,1.8,-4.4,0.0,0.0,0.0,0.0,2,17.9,32.8,282,Partly cloudy,0,0,
12789,2021-12-20 14:38:00,40.578938,-73.98522,0,0,Driver Inattention/Distraction,4488208,1.8,-4.4,0.0,0.0,0.0,0.0,2,17.9,32.8,282,Partly cloudy,0,0,
12790,2021-12-20 08:00:00,40.77132,-73.84655,0,0,Oversized Vehicle,4488481,1.8,-4.4,0.0,0.0,0.0,0.0,2,17.9,32.8,282,Partly cloudy,0,0,
12791,2021-12-16 14:15:00,40.685497,-73.91771,1,0,Passing or Lane Usage Improper,4488912,14.6,9.9,0.0,0.0,0.0,0.0,3,22.4,38.5,222,Overcast,1,1,
12792,2021-12-20 18:03:00,40.707783,-73.932076,1,0,Driver Inattention/Distraction,4488267,1.8,-4.4,0.0,0.0,0.0,0.0,2,17.9,32.8,282,Partly cloudy,1,1,
12793,2021-12-20 16:18:00,40.751442,-73.97606,1,0,Driver Inattention/Distraction,4488676,1.8,-4.4,0.0,0.0,0.0,0.0,2,17.9,32.8,282,Partly cloudy,1,1,
12794,2021-12-04 20:00:00,40.6746,-73.9389,0,0,Passing Too Closely,4488850,8.3,-0.7,0.0,0.0,0.0,0.0,3,13.5,25.9,231,Overcast,0,0,
12795,2021-12-20 06:00:00,40.665848,-73.74822,0,0,Unspecified,4488163,1.8,-4.4,0.0,0.0,0.0,0.0,2,17.9,32.8,282,Partly cloudy,0,0,
12796,2021-12-20 09:40:00,40.694214,-73.7531,0,0,Backing Unsafely,4488394,1.8,-4.4,0.0,0.0,0.0,0.0,2,17.9,32.8,282,Partly cloudy,0,0,
12797,2021-12-20 06:20:00,40.75778,-73.884834,0,0,Driver Inattention/Distraction,4488511,1.8,-4.4,0.0,0.0,0.0,0.0,2,17.9,32.8,282,Partly cloudy,0,0,
12798,2021-12-20 10:40:00,40.82803,-73.934845,0,0,Passing Too Closely,4488185,1.8,-4.4,0.0,0.0,0.0,0.0,2,17.9,32.8,282,Partly cloudy,0,0,
12799,2021-12-20 18:20:00,40.813313,-73.92288,2,0,Unspecified,4488300,1.8,-4.4,0.0,0.0,0.0,0.0,2,17.9,32.8,282,Partly cloudy,2,2,
12800,2021-12-15 16:20:00,40.62448,-73.99593,1,0,Failure to Yield Right-of-Way,4488770,10.3,1.8,1.0,1.0,0.0,6.0,51,20.6,38.2,104,Drizzle: Light,1,1,
12801,2021-12-19 22:14:00,40.62659,-74.07646,0,0,Driver Inattention/Distraction,4488802,7.1,-1.8,0.5,0.5,0.0,4.0,51,26.4,47.5,327,Drizzle: Light,0,0,
12802,2021-12-18 06:00:00,40.8451,-73.90931,0,0,Brakes Defective,4488695,6.3,4.5,3.8,3.8,0.0,9.0,61,12.3,24.5,35,Rain: Light,0,0,
12803,2021-12-20 09:45:00,40.696033,-73.984535,0,0,Unspecified,4488259,1.8,-4.4,0.0,0.0,0.0,0.0,2,17.9,32.8,282,Partly cloudy,0,0,
12804,2021-12-20 11:20:00,40.715706,-73.81023,1,0,Unspecified,4488309,1.8,-4.4,0.0,0.0,0.0,0.0,2,17.9,32.8,282,Partly cloudy,1,1,