,CRASH DATETIME,LATITUDE,LONGITUDE,NUMBER OF PERSONS INJURED,NUMBER OF PERSONS KILLED,CONTRIBUTING FACTOR VEHICLE 1,COLLISION_ID,temperature_2m_max,temperature_2m_min,precipitation_sum,rain_sum,snowfall_sum,precipitation_hours,weather_code,wind_speed_10m_max,wind_gusts_10m_max,wind_direction_10m_dominant,Weather Description,Severity_Score,Total_Affected_Persons,Weather_Category
12805,2021-12-17 17:53:00,40.77246,-73.96705,0,0,Driver Inexperience,4488995,13.9,6.1,0.0,0.0,0.0,0.0,3,21.5,37.1,265,Overcast,0,0,
12806,2021-12-20 12:24:00,40.608078,-73.979706,0,0,Traffic Control Disregarded,4488871,1.8,-4.4,0.0,0.0,0.0,0.0,2,17.9,32.8,282,Partly cloudy,0,0,
12807,2021-12-20 16:55:00,40.633858,-74.12596,0,0,Driver Inattention/Distraction,4488755,1.8,-4.4,0.0,0.0,0.0,0.0,2,17.9,32.8,282,Partly cloudy,0,0,
12808,2021-12-20 16:00:00,40.604977,-73.754425,1,0,Pedestrian/Bicyclist/Other Pedestrian Error/Confusion,4488980,1.8,-4.4,0.0,0.0,0.0,0.0,2,17.9,32.8,282,Partly cloudy,1,1,
12809,2021-12-20 21:34:00,40.691887,-73.756256,0,0,Passing or Lane Usage Improper,4488473,1.8,-4.4,0.0,0.0,0.0,0.0,2,17.9,32.8,282,Partly cloudy,0,0,
12810,2021-12-20 06:55:00,40.649616,-73.87132,1,0,Failure to Yield Right-of-Way,4488091,1.8,-4.4,0.0,0.0,0.0,0.0,2,17.9,32.8,282,Partly cloudy,1,1,
12811,2021-12-20 05:00:00,40.70938,-73.9371,0,0,Passing or Lane Usage Improper,4488623,1.8,-4.4,0.0,0.0,0.0,0.0,2,17.9,32.8,282,Partly cloudy,0,0,
12812,2021-12-20 16:50:00,40.767372,-73.738754,2,0,Failure to Yield Right-of-Way,4488239,1.8,-4.4,0.0,0.0,0.0,0.0,2,17.9,32.8,282,Partly cloudy,2,2,
12813,2021-12-20 11:52:00,40.65545,-73.863335,0,0,Driver Inattention/Distraction,4488541,1.8,-4.4,0.0,0.0,0.0,0.0,2,17.9,32.8,282,Partly cloudy,0,0,
12814,2021-12-20 08:00:00,40.742943,-73.91685,1,0,Unspecified,4488437,1.8,-4.4,0.0,0.0,0.0,0.0,2,17.9,32.8,282,Partly cloudy,1,1,
12815,2021-12-20 18:40:00,40.82498,-73.89132,1,0,Unspecified,4488334,1.8,-4.4,0.0,0.0,0.0,0.0,2,17.9,32.8,282,Partly cloudy,1,1,
12816,2021-12-15 10:45:00,40.74629,-73.766945,0,0,Backing Unsafely,4488809,10.3,1.8,1.0,1.0,0.0,6.0,51,20.6,38.2,104,Drizzle: Light,0,0,
12817,2021-12-20 20:49:00,40.750114,-73.98859,0,0,Unspecified,4488363,1.8,-4.4,0.0,0.0,0.0,0.0,2,17.9,32.8,282,Partly cloudy,0,0,
12818,2021-12-18 10:30:00,40.62016,-74.076965,0,0,Other Vehicular,4488756,6.3,4.5,3.8,3.8,0.0,9.0,61,12.3,24.5,35,Rain: Light,0,0,
12819,2021-12-20 16:40:00,40.62986,-73.97904,0,0,Unspecified,4488277,1.8,-4.4,0.0,0.0,0.0,0.0,2,17.9,32.8,282,Partly cloudy,0,0,
12820,2021-12-20 10:00:00,40.563915,-74.11637,0,0,Passing or Lane Usage Improper,4488686,1.8,-4.4,0.0,0.0,0.0,0.0,2,17.9,32.8,282,Partly cloudy,0,0,
12821,2021-12-14 21:35:00,40.771667,-73.9867,0,0,Fatigued/Drowsy,4488734,10.4,3.1,0.0,0.0,0.0,0.0,3,18.5,31.3,322,Overcast,0,0,
12822,2021-12-20 17:00:00,40.676693,-73.99683,1,0,Unspecified,4488308,1.8,-4.4,0.0,0.0,0.0,0.0,2,17.9,32.8,282,Partly cloudy,1,1,
12823,2021-12-20 17:00:00,40.681908,-73.88519,3,0,Accelerator Defective,4488545,1.8,-4.4,0.0,0.0,0.0,0.0,2,17.9,32.8,282,Partly cloudy,3,3,
12824,2021-12-20 03:00:00,40.8382,-73.92371,0,0,Passing or Lane Usage Improper,4488116,1.8,-4.4,0.0,0.0,0.0,0.0,2,17.9,32.8,282,Partly cloudy,0,0,
12825,2021-12-20 14:00:00,40.758236,-73.93702,1,0,Failure to Yield Right-of-Way,4488381,1.8,-4.4,0.0,0.0,0.0,0.0,2,17.9,32.8,282,Partly cloudy,1,1,
12826,2021-12-20 17:40:00,40.742973,-73.814316,1,0,Failure to Yield Right-of-Way,4488220,1.8,-4.4,0.0,0.0,0.0,0.0,2,17.9,32.8,282,Partly cloudy,1,1,
12827,2021-12-20 22:48:00,40.85051,-73.93105,0,0,Unspecified,4488389,1.8,-4.4,0.0,0.0,0.0,0.0,2,17.9,32.8,282,Partly cloudy,0,0,
12828,2021-12-20 17:00:00,40.568943,-74.1113,1,0,Backing Unsafely,4488378,1.8,-4.4,0.0,0.0,0.0,0.0,2,17.9,32.8,282,Partly cloudy,1,1,
12829,2021-12-04 04:49:00,40.61651,-74.02666,1,0,Reaction to Uninvolved Vehicle,4488782,8.3,-0.7,0.0,0.0,0.0,0.0,3,13.5,25.9,231,Overcast,1,1,
12830,2021-12-20 08:41:00,40.66813,-73.93675,0,0,Driver Inattention/Distraction,4488323,1.8,-4.4,0.0,0.0,0.0,0.0,2,17.9,32.8,282,Partly cloudy,0,0,
12831,2021-12-08 18:00:00,40.60902,-74.07422,0,0,Backing Unsafely,4488794,4.7,0.9,0.7,0.7,0.0,2.0,51,14.5,24.8,355,Drizzle: Light,0,0,
12832,2021-12-20 01:30:00,40.673676,-73.79376,0,0,Turning Improperly,4487880,1.8,-4.4,0.0,0.0,0.0,0.0,2,17.9,32.8,282,Partly cloudy,0,0,
12833,2021-05-08 17:15:00,40.665813,-73.833115,0,0,Unsafe Lane Changing,4414651,11.6,7.7,4.3,4.3,0.0,9.0,61,17.5,36.4,140,Rain: Light,0,0,
12834,2021-12-20 10:10:00,40.813828,-73.951935,0,0,Steering Failure,4488828,1.8,-4.4,0.0,0.0,0.0,0.0,2,17.9,32.8,282,Partly cloudy,0,0,
12835,2021-12-20 12:30:00,40.78503,-73.94058,0,0,Unspecified,4488717,1.8,-4.4,0.0,0.0,0.0,0.0,2,17.9,32.8,282,Partly cloudy,0,0,
12836,2021-12-17 15:00:00,40.64464,-74.01757,0,0,Driver Inattention/Distraction,4488954,13.9,6.1,0.0,0.0,0.0,0.0,3,21.5,37.1,265,Overcast,0,0,
12837,2021-11-21 20:00:00,40.68842,-73.92484,0,0,Unspecified,4488913,11.8,5.0,0.8,0.8,0.0,3.0,53,19.7,33.8,203,Drizzle: Moderate,0,0,
12838,2021-12-20 20:48:00,40.68605,-73.831726,4,0,Failure to Yield Right-of-Way,4488518,1.8,-4.4,0.0,0.0,0.0,0.0,2,17.9,32.8,282,Partly cloudy,4,4,
12839,2021-12-20 00:33:00,40.716557,-73.82869,0,0,Driver Inattention/Distraction,4488190,1.8,-4.4,0.0,0.0,0.0,0.0,2,17.9,32.8,282,Partly cloudy,0,0,
12840,2021-12-20 09:00:00,40.892475,-73.8545,0,0,Driver Inattention/Distraction,4488453,1.8,-4.4,0.0,0.0,0.0,0.0,2,17.9,32.8,282,Partly cloudy,0,0,
12841,2021-12-18 20:05:00,40.822063,-73.86699,0,0,Unspecified,4488826,6.3,4.5,3.8,3.8,0.0,9.0,61,12.3,24.5,35,Rain: Light,0,0,
12842,2021-12-20 12:30:00,40.62834,-74.00858,0,0,Driver Inattention/Distraction,4488229,1.8,-4.4,0.0,0.0,0.0,0.0,2,17.9,32.8,282,Partly cloudy,0,0,
12843,2021-12-18 00:00:00,40.64882,-74.00288,0,0,Unspecified,4488860,6.3,4.5,3.8,3.8,0.0,9.0,61,12.3,24.5,35,Rain: Light,0,0,
12844,2021-12-20 09:45:00,40.69613,-73.987114,0,0,Following Too Closely,4488258,1.8,-4.4,0.0,0.0,0.0,0.0,2,17.9,32.8,282,Partly cloudy,0,0,
12845,2021-12-20 16:08:00,40.847355,-73.93518,1,0,Driver Inattention/Distraction,4488594,1.8,-4.4,0.0,0.0,0.0,0.0,2,17.9,32.8,282,Partly cloudy,1,1,
12846,2021-12-20 13:55:00,40.68854,-73.92384,1,0,Failure to Keep Right,4488910,1.8,-4.4,0.0,0.0,0.0,0.0,2,17.9,32.8,282,Partly cloudy,1,1,
12847,2021-12-20 08:15:00,40.736046,-73.92673,0,0,Glare,4488146,1.8,-4.4,0.0,0.0,0.0,0.0,2,17.9,32.8,282,Partly cloudy,0,0,
12848,2021-12-20 19:00:00,40.8956,-73.876015,0,0,Unspecified,4488455,1.8,-4.4,0.0,0.0,0.0,0.0,2,17.9,32.8,282,Partly cloudy,0,0,
12849,2021-12-20 16:55:00,40.701153,-73.93057,1,0,Driver Inattention/Distraction,4488653,1.8,-4.4,0.0,0.0,0.0,0.0,2,17.9,32.8,282,Partly cloudy,1,1,
12850,2021-12-20 08:40:00,40.66547,-73.75452,1,0,Unspecified,4488164,1.8,-4.4,0.0,0.0,0.0,0.0,2,17.9,32.8,282,Partly cloudy,1,1,
12851,2021-12-20 18:30:00,40.616966,-74.03704,0,0,Unspecified,4488228,1.8,-4.4,0.0,0.0,0.0,0.0,2,17.9,32.8,282,Partly cloudy,0,0,
12852,2021-12-17 12:30:00,40.642498,-73.92358,0,0,Driver Inexperience,4488874,13.9,6.1,0.0,0.0,0.0,0.0,3,21.5,37.1,265,Overcast,0,0,
12853,2021-12-14 13:30:00,40.707714,-73.919044,0,0,Following Too Closely,4488894,10.4,3.1,0.0,0.0,0.0,0.0,3,18.5,31.3,322,Overcast,0,0,
12854,2021-12-20 07:20:00,40.765087,-73.83704,1,0,Backing Unsafely,4488252,1.8,-4.4,0.0,0.0,0.0,0.0,2,17.9,32.8,282,Partly cloudy,1,1,
12855,2021-12-20 10:20:00,40.717995,-74.0095,0,0,Unspecified,4488348,1.8,-4.4,0.0,0.0,0.0,0.0,2,17.9,32.8,282,Partly cloudy,0,0,
12856,2021-12-15 08:00:00,40.892475,-73.8545,2,0,,4488866,10.3,1.8,1.0,1.0,0.0,6.0,51,20.6,38.2,104,Drizzle: Light,2,2,
12857,2021-12-06 05:20:00,40.769638,-73.918564,0,0,Unspecified,4488715,16.3,7.7,6.3,6.3,0.0,10.0,61,35.1,65.5,201,Rain: Light,0,0,
12858,2021-12-15 19:10:00,40.69599,-73.73665,2,0,Unspecified,4488813,10.3,1.8,1.0,1.0,0.0,6.0,51,20.6,38.2,104,Drizzle: Light,2,2,
12859,2021-12-20 11:30:00,40.66564,-73.77896,0,0,Unspecified,4488177,1.8,-4.4,0.0,0.0,0.0,0.0,2,17.9,32.8,282,Partly cloudy,0,0,
12860,2021-12-20 05:30:00,40.81322,-73.897835,0,0,Obstruction/Debris,4488268,1.8,-4.4,0.0,0.0,0.0,0.0,2,17.9,32.8,282,Partly cloudy,0,0,
12861,2021-12-20 07:40:00,40.595135,-73.75321,2,0,Following Too Closely,4488108,1.8,-4.4,0.0,0.0,0.0,0.0,2,17.9,32.8,282,Partly cloudy,2,2,
12862,2021-12-20 18:00:00,40.673378,-73.75316,0,0,Driver Inattention/Distraction,4488241,1.8,-4.4,0.0,0.0,0.0,0.0,2,17.9,32.8,282,Partly cloudy,0,0,
12863,2021-12-16 10:20:00,40.58273,-73.97494,0,0,Oversized Vehicle,4488956,14.6,9.9,0.0,0.0,0.0,0.0,3,22.4,38.5,222,Overcast,0,0,
12864,2021-12-20 07:53:00,40.89132,-73.86105,0,0,Unspecified,4488443,1.8,-4.4,0.0,0.0,0.0,0.0,2,17.9,32.8,282,Partly cloudy,0,0,
12865,2021-12-20 17:12:00,40.80111,-73.96522,0,0,Passing or Lane Usage Improper,4488234,1.8,-4.4,0.0,0.0,0.0,0.0,2,17.9,32.8,282,Partly cloudy,0,0,
12866,2021-12-19 11:35:00,40.7462,-73.71354,0,0,Unspecified,4488779,7.1,-1.8,0.5,0.5,0.0,4.0,51,26.4,47.5,327,Drizzle: Light,0,0,
12867,2021-12-20 09:33:00,40.625908,-74.15577,1,0,Turning Improperly,4488597,1.8,-4.4,0.0,0.0,0.0,0.0,2,17.9,32.8,282,Partly cloudy,1,1,
12868,2021-12-20 13:25:00,40.673717,-73.97358,0,0,Unspecified,4488291,1.8,-4.4,0.0,0.0,0.0,0.0,2,17.9,32.8,282,Partly cloudy,0,0,
12869,2021-12-20 06:53:00,40.64572,-73.95808,1,0,Turning Improperly,4488478,1.8,-4.4,0.0,0.0,0.0,0.0,2,17.9,32.8,282,Partly cloudy,1,1,
12870,2021-12-20 18:25:00,40.803696,-73.93792,1,0,Aggressive Driving/Road Rage,4488603,1.8,-4.4,0.0,0.0,0.0,0.0,2,17.9,32.8,282,Partly cloudy,1,1,
12871,2021-12-20 15:30:00,40.673332,-73.8681,1,0,Unspecified,4488544,1.8,-4.4,0.0,0.0,0.0,0.0,2,17.9,32.8,282,Partly cloudy,1,1,
12872,2021-12-20 09:11:00,40.63778,-74.01794,0,0,Unspecified,4488339,1.8,-4.4,0.0,0.0,0.0,0.0,2,17.9,32.8,282,Partly cloudy,0,0,
12873,2021-12-20 18:21:00,40.678703,-73.781746,2,0,Traffic Control Disregarded,4488749,1.8,-4.4,0.0,0.0,0.0,0.0,2,17.9,32.8,282,Partly cloudy,2,2,
12874,2021-12-17 14:00:00,40.6752,-73.86288,0,0,Driver Inattention/Distraction,4488849,13.9,6.1,0.0,0.0,0.0,0.0,3,21.5,37.1,265,Overcast,0,0,
12875,2021-12-20 00:01:00,40.823105,-73.89103,0,0,Unspecified,4488284,1.8,-4.4,0.0,0.0,0.0,0.0,2,17.9,32.8,282,Partly cloudy,0,0,
12876,2021-12-20 21:56:00,40.60301,-74.016884,0,0,Unsafe Speed,4488771,1.8,-4.4,0.0,0.0,0.0,0.0,2,17.9,32.8,282,Partly cloudy,0,0,
12877,2021-12-20 01:00:00,40.739143,-73.90109,2,0,Driver Inattention/Distraction,4488000,1.8,-4.4,0.0,0.0,0.0,0.0,2,17.9,32.8,282,Partly cloudy,2,2,
12878,2021-12-14 23:00:00,40.636665,-74.11976,0,0,Driver Inattention/Distraction,4488795,10.4,3.1,0.0,0.0,0.0,0.0,3,18.5,31.3,322,Overcast,0,0,
12879,2021-12-20 17:15:00,40.584755,-73.94712,2,0,Following Too Closely,4488981,1.8,-4.4,0.0,0.0,0.0,0.0,2,17.9,32.8,282,Partly cloudy,2,2,
12880,2021-12-20 06:05:00,40.68843,-73.89132,1,0,Obstruction/Debris,4488209,1.8,-4.4,0.0,0.0,0.0,0.0,2,17.9,32.8,282,Partly cloudy,1,1,
12881,2021-12-20 20:00:00,40.706684,-73.80936,0,0,Unspecified,4488310,1.8,-4.4,0.0,0.0,0.0,0.0,2,17.9,32.8,282,Partly cloudy,0,0,
12882,2021-12-20 18:58:00,40.663754,-73.937164,0,0,Driver Inattention/Distraction,4488841,1.8,-4.4,0.0,0.0,0.0,0.0,2,17.9,32.8,282,Partly cloudy,0,0,
12883,2022-03-28 15:54:00,40.67357,-73.95294,0,0,Passing or Lane Usage Improper,4514558,0.0,-5.2,0.3,0.0,0.21,3.0,71,31.3,59.0,303,Snow fall: Light,0,0,Snowy Conditions
12884,2021-09-16 16:10:00,40.62751,-73.99635,2,0,Unspecified,4458520,23.9,19.1,4.0,4.0,0.0,10.0,55,18.8,37.8,38,Drizzle: Dense,2,2,
12885,2021-09-16 08:15:00,40.71718,-73.99548,1,0,Failure to Yield Right-of-Way,4459055,23.9,19.1,4.0,4.0,0.0,10.0,55,18.8,37.8,38,Drizzle: Dense,1,1,
12886,2021-09-08 14:44:00,40.81447,-73.88677,0,0,Unspecified,4460403,26.4,19.6,0.7,0.7,0.0,6.0,51,26.7,55.8,187,Drizzle: Light,0,0,
12887,2021-09-15 14:30:00,40.736668,-73.997345,1,0,Failure to Yield Right-of-Way,4460405,29.6,20.7,0.3,0.3,0.0,3.0,51,21.6,40.7,192,Drizzle: Light,1,1,
12888,2021-09-20 10:00:00,40.77417,-73.961136,0,0,Other Vehicular,4460407,23.1,14.9,0.0,0.0,0.0,0.0,3,17.0,34.2,116,Overcast,0,0,
12889,2021-09-20 11:51:00,40.7711,-73.96594,0,0,Turning Improperly,4460401,23.1,14.9,0.0,0.0,0.0,0.0,3,17.0,34.2,116,Overcast,0,0,
12890,2021-09-13 08:13:00,40.815754,-73.89529,0,0,Unspecified,4460402,28.8,21.8,1.1,1.1,0.0,2.0,53,20.1,36.7,277,Drizzle: Moderate,0,0,
12891,2021-12-08 04:00:00,40.635216,-74.16025,0,0,Driver Inattention/Distraction,4484666,4.7,0.9,0.7,0.7,0.0,2.0,51,14.5,24.8,355,Drizzle: Light,0,0,
12892,2021-12-09 10:05:00,40.793472,-73.93726,0,0,Traffic Control Disregarded,4484940,3.6,-2.0,0.1,0.0,0.07,1.0,71,19.2,33.8,295,Snow fall: Light,0,0,Snowy Conditions
12893,2021-12-09 12:32:00,40.711678,-74.00586,0,0,Unspecified,4485004,3.6,-2.0,0.1,0.0,0.07,1.0,71,19.2,33.8,295,Snow fall: Light,0,0,Snowy Conditions
12894,2021-12-08 22:40:00,40.68508,-73.83512,0,0,Traffic Control Disregarded,4484801,4.7,0.9,0.7,0.7,0.0,2.0,51,14.5,24.8,355,Drizzle: Light,0,0,
12895,2021-12-08 14:00:00,40.575333,-74.16179,0,0,Driver Inattention/Distraction,4484966,4.7,0.9,0.7,0.7,0.0,2.0,51,14.5,24.8,355,Drizzle: Light,0,0,
12896,2021-12-10 14:15:00,40.66895,-73.9339,0,0,Driver Inattention/Distraction,4485684,8.5,1.6,0.0,0.0,0.0,0.0,3,9.8,20.5,183,Overcast,0,0,
12897,2021-12-10 08:45:00,40.692154,-73.98529,0,0,Passing or Lane Usage Improper,4485290,8.5,1.6,0.0,0.0,0.0,0.0,3,9.8,20.5,183,Overcast,0,0,
12898,2021-12-10 14:40:00,40.772953,-73.92028,1,0,Driver Inexperience,4485362,8.5,1.6,0.0,0.0,0.0,0.0,3,9.8,20.5,183,Overcast,1,1,
12899,2021-12-03 13:32:00,40.845104,-73.91494,0,0,Fell Asleep,4485216,9.3,0.9,0.0,0.0,0.0,0.0,3,27.6,53.3,301,Overcast,0,0,
12900,2021-12-09 17:00:00,40.58253,-73.95723,1,0,Turning Improperly,4485538,3.6,-2.0,0.1,0.0,0.07,1.0,71,19.2,33.8,295,Snow fall: Light,1,1,Snowy Conditions
12901,2021-12-08 18:01:00,40.607357,-73.943474,1,0,Unspecified,4484835,4.7,0.9,0.7,0.7,0.0,2.0,51,14.5,24.8,355,Drizzle: Light,1,1,
12902,2021-12-08 18:20:00,40.630135,-73.978455,0,0,Unspecified,4484866,4.7,0.9,0.7,0.7,0.0,2.0,51,14.5,24.8,355,Drizzle: Light,0,0,
12903,2021-12-09 06:20:00,40.74525,-73.95575,0,0,Passing Too Closely,4485093,3.6,-2.0,0.1,0.0,0.07,1.0,71,19.2,33.8,295,Snow fall: Light,0,0,Snowy Conditions
12904,2021-12-08 14:54:00,40.703663,-73.90152,1,0,Failure to Yield Right-of-Way,4485059,4.7,0.9,0.7,0.7,0.0,2.0,51,14.5,24.8,355,Drizzle: Light,1,1,
12905,2021-12-10 07:45:00,40.688213,-73.843575,0,0,View Obstructed/Limited,4485169,8.5,1.6,0.0,0.0,0.0,0.0,3,9.8,20.5,183,Overcast,0,0,
12906,2021-12-20 15:00:00,40.70738,-73.91849,0,0,Passing Too Closely,4488318,1.8,-4.4,0.0,0.0,0.0,0.0,2,17.9,32.8,282,Partly cloudy,0,0,
12907,2021-12-20 09:36:00,40.791985,-73.81722,0,0,Traffic Control Disregarded,4488435,1.8,-4.4,0.0,0.0,0.0,0.0,2,17.9,32.8,282,Partly cloudy,0,0,
12908,2021-12-09 16:38:00,40.679787,-73.93844,0,0,Driver Inattention/Distraction,4488735,3.6,-2.0,0.1,0.0,0.07,1.0,71,19.2,33.8,295,Snow fall: Light,0,0,Snowy Conditions
12909,2021-09-21 08:45:00,40.741493,-73.81477,1,0,Failure to Yield Right-of-Way,4459574,23.1,16.4,0.0,0.0,0.0,0.0,3,14.2,29.5,108,Overcast,1,1,
12910,2021-09-21 16:11:00,40.714985,-73.90044,1,0,Brakes Defective,4459714,23.1,16.4,0.0,0.0,0.0,0.0,3,14.2,29.5,108,Overcast,1,1,
12911,2021-09-21 17:09:00,40.804695,-73.92239,0,0,Unsafe Lane Changing,4459635,23.1,16.4,0.0,0.0,0.0,0.0,3,14.2,29.5,108,Overcast,0,0,
12912,2021-09-21 08:45:00,40.72857,-73.85809,1,0,Pedestrian/Bicyclist/Other Pedestrian Error/Confusion,4460360,23.1,16.4,0.0,0.0,0.0,0.0,3,14.2,29.5,108,Overcast,1,1,
12913,2021-09-17 12:54:00,40.76065,-73.89172,0,0,Unspecified,4460312,23.6,20.1,1.0,1.0,0.0,7.0,51,20.3,38.9,59,Drizzle: Light,0,0,
12914,2021-09-08 14:40:00,40.665794,-73.7464,0,0,Unspecified,4460138,26.4,19.6,0.7,0.7,0.0,6.0,51,26.7,55.8,187,Drizzle: Light,0,0,
12915,2021-09-21 17:45:00,40.590706,-74.165794,0,0,Unsafe Lane Changing,4460097,23.1,16.4,0.0,0.0,0.0,0.0,3,14.2,29.5,108,Overcast,0,0,
12916,2021-09-21 02:09:00,40.68379,-73.80978,0,0,Alcohol Involvement,4459317,23.1,16.4,0.0,0.0,0.0,0.0,3,14.2,29.5,108,Overcast,0,0,
12917,2021-09-21 17:16:00,40.7466,-73.76503,0,0,Following Too Closely,4459609,23.1,16.4,0.0,0.0,0.0,0.0,3,14.2,29.5,108,Overcast,0,0,
12918,2021-09-17 18:40:00,40.75997,-73.98408,0,0,Backing Unsafely,4460381,23.6,20.1,1.0,1.0,0.0,7.0,51,20.3,38.9,59,Drizzle: Light,0,0,
12919,2021-09-21 00:00:00,40.871414,-73.89927,0,0,Unsafe Speed,4459838,23.1,16.4,0.0,0.0,0.0,0.0,3,14.2,29.5,108,Overcast,0,0,
12920,2021-09-21 17:30:00,40.54605,-74.16408,0,0,Turning Improperly,4459659,23.1,16.4,0.0,0.0,0.0,0.0,3,14.2,29.5,108,Overcast,0,0,
12921,2021-09-20 08:15:00,40.817795,-73.89319,0,0,Turning Improperly,4460067,23.1,14.9,0.0,0.0,0.0,0.0,3,17.0,34.2,116,Overcast,0,0,
12922,2021-09-19 11:40:00,40.770737,-73.90309,0,0,Driver Inattention/Distraction,4460213,23.6,16.8,0.0,0.0,0.0,0.0,2,17.6,35.6,0,Partly cloudy,0,0,
12923,2021-09-17 22:15:00,40.755203,-73.74191,0,0,Unspecified,4460268,23.6,20.1,1.0,1.0,0.0,7.0,51,20.3,38.9,59,Drizzle: Light,0,0,
12924,2021-09-21 04:00:00,40.752968,-73.83689,2,0,Driver Inattention/Distraction,4459386,23.1,16.4,0.0,0.0,0.0,0.0,3,14.2,29.5,108,Overcast,2,2,
12925,2021-09-21 15:11:00,40.66278,-73.88086,0,0,Unspecified,4459664,23.1,16.4,0.0,0.0,0.0,0.0,3,14.2,29.5,108,Overcast,0,0,
12926,2021-09-11 14:21:00,40.6078,-73.81932,1,0,Driver Inexperience,4460129,24.7,12.9,0.0,0.0,0.0,0.0,3,16.6,34.2,246,Overcast,1,1,
12927,2021-09-20 00:00:00,40.88643,-73.895805,3,0,Following Too Closely,4460190,23.1,14.9,0.0,0.0,0.0,0.0,3,17.0,34.2,116,Overcast,3,3,
12928,2021-09-21 16:00:00,40.74686,-73.90968,0,0,Backing Unsafely,4459987,23.1,16.4,0.0,0.0,0.0,0.0,3,14.2,29.5,108,Overcast,0,0,
12929,2021-09-21 09:00:00,40.51245,-74.25015,0,0,Failure to Yield Right-of-Way,4459427,23.1,16.4,0.0,0.0,0.0,0.0,3,14.2,29.5,108,Overcast,0,0,
12930,2021-09-21 16:48:00,40.755745,-73.76616,1,0,Failure to Yield Right-of-Way,4459557,23.1,16.4,0.0,0.0,0.0,0.0,3,14.2,29.5,108,Overcast,1,1,
12931,2021-09-21 15:36:00,40.850822,-73.90147,1,0,View Obstructed/Limited,4459723,23.1,16.4,0.0,0.0,0.0,0.0,3,14.2,29.5,108,Overcast,1,1,
12932,2021-09-21 15:40:00,40.697903,-73.9468,1,0,Driver Inattention/Distraction,4460332,23.1,16.4,0.0,0.0,0.0,0.0,3,14.2,29.5,108,Overcast,1,1,
12933,2021-09-21 09:30:00,40.809593,-73.895065,0,0,Unspecified,4459747,23.1,16.4,0.0,0.0,0.0,0.0,3,14.2,29.5,108,Overcast,0,0,
12934,2021-09-21 13:27:00,40.881504,-73.879364,0,0,Passing Too Closely,4459846,23.1,16.4,0.0,0.0,0.0,0.0,3,14.2,29.5,108,Overcast,0,0,
12935,2021-09-21 16:55:00,40.877636,-73.8478,0,0,Passing or Lane Usage Improper,4459912,23.1,16.4,0.0,0.0,0.0,0.0,3,14.2,29.5,108,Overcast,0,0,
12936,2021-09-21 08:00:00,40.696453,-73.81211,0,0,Driver Inattention/Distraction,4459529,23.1,16.4,0.0,0.0,0.0,0.0,3,14.2,29.5,108,Overcast,0,0,
12937,2021-09-21 09:05:00,40.799076,-73.93318,0,0,Unsafe Speed,4459482,23.1,16.4,0.0,0.0,0.0,0.0,3,14.2,29.5,108,Overcast,0,0,
12938,2021-09-21 17:10:00,40.73951,-73.98475,1,0,Passing or Lane Usage Improper,4460241,23.1,16.4,0.0,0.0,0.0,0.0,3,14.2,29.5,108,Overcast,1,1,
12939,2021-07-29 22:30:00,40.704594,-73.90826,1,0,View Obstructed/Limited,4460261,25.3,20.4,33.0,33.0,0.0,11.0,65,26.1,50.8,182,Rain: Heavy,1,1,
12940,2021-09-13 14:15:00,40.66895,-73.9339,1,0,Unspecified,4460292,28.8,21.8,1.1,1.1,0.0,2.0,53,20.1,36.7,277,Drizzle: Moderate,1,1,
12941,2021-09-21 13:00:00,40.683804,-73.833534,4,0,Driver Inattention/Distraction,4459510,23.1,16.4,0.0,0.0,0.0,0.0,3,14.2,29.5,108,Overcast,4,4,
12942,2021-09-21 00:00:00,40.701763,-73.80793,0,0,Driver Inattention/Distraction,4459484,23.1,16.4,0.0,0.0,0.0,0.0,3,14.2,29.5,108,Overcast,0,0,
12943,2021-09-18 13:30:00,40.73803,-73.7949,0,0,Driver Inattention/Distraction,4460160,27.1,19.2,0.2,0.2,0.0,2.0,51,14.6,25.9,349,Drizzle: Light,0,0,
12944,2021-09-21 06:09:00,40.844883,-73.907295,0,0,Unsafe Lane Changing,4459547,23.1,16.4,0.0,0.0,0.0,0.0,3,14.2,29.5,108,Overcast,0,0,
12945,2021-09-21 02:00:00,40.749844,-73.883385,2,0,Unspecified,4459446,23.1,16.4,0.0,0.0,0.0,0.0,3,14.2,29.5,108,Overcast,2,2,
12946,2021-09-21 09:00:00,40.871834,-73.86716,0,0,Backing Unsafely,4459909,23.1,16.4,0.0,0.0,0.0,0.0,3,14.2,29.5,108,Overcast,0,0,
12947,2021-09-21 15:57:00,40.714077,-73.953804,0,0,Turning Improperly,4459649,23.1,16.4,0.0,0.0,0.0,0.0,3,14.2,29.5,108,Overcast,0,0,
12948,2021-09-21 16:25:00,40.590633,-73.788765,0,0,Driver Inattention/Distraction,4459670,23.1,16.4,0.0,0.0,0.0,0.0,3,14.2,29.5,108,Overcast,0,0,
12949,2021-09-21 19:29:00,40.724136,-73.992615,0,0,Turning Improperly,4460341,23.1,16.4,0.0,0.0,0.0,0.0,3,14.2,29.5,108,Overcast,0,0,
12950,2021-09-17 00:00:00,40.844578,-73.902695,0,0,Unspecified,4460387,23.6,20.1,1.0,1.0,0.0,7.0,51,20.3,38.9,59,Drizzle: Light,0,0,
12951,2021-09-21 20:00:00,0.0,0.0,0,0,Driver Inattention/Distraction,4459961,23.1,16.4,0.0,0.0,0.0,0.0,3,14.2,29.5,108,Overcast,0,0,
12952,2021-09-21 11:40:00,40.66772,-73.93678,0,0,Unspecified,4459764,23.1,16.4,0.0,0.0,0.0,0.0,3,14.2,29.5,108,Overcast,0,0,