,CRASH DATETIME,LATITUDE,LONGITUDE,NUMBER OF PERSONS INJURED,NUMBER OF PERSONS KILLED,CONTRIBUTING FACTOR VEHICLE 1,COLLISION_ID,temperature_2m_max,temperature_2m_min,precipitation_sum,rain_sum,snowfall_sum,precipitation_hours,weather_code,wind_speed_10m_max,wind_gusts_10m_max,wind_direction_10m_dominant,Weather Description,Severity_Score,Total_Affected_Persons,Weather_Category
12953,2021-09-21 05:25:00,40.645336,-74.02287,0,0,Unspecified,4459466,23.1,16.4,0.0,0.0,0.0,0.0,3,14.2,29.5,108,Overcast,0,0,
12954,2021-09-21 16:30:00,40.71333,-73.73679,0,0,,4459535,23.1,16.4,0.0,0.0,0.0,0.0,3,14.2,29.5,108,Overcast,0,0,
12955,2021-09-21 17:00:00,40.591953,-73.95752,1,0,Driver Inattention/Distraction,4459616,23.1,16.4,0.0,0.0,0.0,0.0,3,14.2,29.5,108,Overcast,1,1,
12956,2021-09-14 19:00:00,40.688465,-73.963524,0,0,Following Too Closely,4460233,26.0,19.0,0.2,0.2,0.0,1.0,51,18.0,35.6,138,Drizzle: Light,0,0,
12957,2021-08-19 19:13:00,40.678455,-73.949684,0,0,Passing or Lane Usage Improper,4460297,30.2,23.4,11.8,11.8,0.0,13.0,61,26.3,53.3,223,Rain: Light,0,0,
12958,2021-09-21 09:30:00,40.809593,-73.895065,0,0,Unspecified,4459745,23.1,16.4,0.0,0.0,0.0,0.0,3,14.2,29.5,108,Overcast,0,0,
12959,2021-09-20 19:45:00,40.841877,-73.8888,2,0,Passing or Lane Usage Improper,4460086,23.1,14.9,0.0,0.0,0.0,0.0,3,17.0,34.2,116,Overcast,2,2,
12960,2021-09-19 01:15:00,40.665745,-73.89816,0,0,Traffic Control Disregarded,4460243,23.6,16.8,0.0,0.0,0.0,0.0,2,17.6,35.6,0,Partly cloudy,0,0,
12961,2021-09-21 19:26:00,40.6313,-74.01034,0,0,Driver Inattention/Distraction,4459558,23.1,16.4,0.0,0.0,0.0,0.0,3,14.2,29.5,108,Overcast,0,0,
12962,2021-09-20 16:00:00,40.68984,-73.97863,1,0,Unspecified,4460282,23.1,14.9,0.0,0.0,0.0,0.0,3,17.0,34.2,116,Overcast,1,1,
12963,2021-09-21 12:59:00,40.692924,-73.9668,0,0,Aggressive Driving/Road Rage,4459586,23.1,16.4,0.0,0.0,0.0,0.0,3,14.2,29.5,108,Overcast,0,0,
12964,2021-09-16 11:59:00,40.771984,-73.91891,0,0,Unspecified,4460169,23.9,19.1,4.0,4.0,0.0,10.0,55,18.8,37.8,38,Drizzle: Dense,0,0,
12965,2021-09-21 09:00:00,40.678253,-74.00273,0,0,Driver Inattention/Distraction,4459490,23.1,16.4,0.0,0.0,0.0,0.0,3,14.2,29.5,108,Overcast,0,0,
12966,2021-09-21 18:35:00,40.815872,-73.89667,0,0,Driver Inattention/Distraction,4460066,23.1,16.4,0.0,0.0,0.0,0.0,3,14.2,29.5,108,Overcast,0,0,
12967,2021-09-21 15:07:00,40.7118,-73.94224,1,0,View Obstructed/Limited,4459795,23.1,16.4,0.0,0.0,0.0,0.0,3,14.2,29.5,108,Overcast,1,1,
12968,2021-09-21 19:50:00,40.61679,-73.92373,0,0,Driver Inattention/Distraction,4459870,23.1,16.4,0.0,0.0,0.0,0.0,3,14.2,29.5,108,Overcast,0,0,
12969,2021-07-19 19:25:00,40.680233,-73.96423,1,0,Driver Inattention/Distraction,4460293,27.5,20.8,0.5,0.5,0.0,2.0,51,12.8,29.9,307,Drizzle: Light,1,1,
12970,2021-09-21 19:43:00,40.74618,-73.85293,0,0,Unsafe Speed,4460036,23.1,16.4,0.0,0.0,0.0,0.0,3,14.2,29.5,108,Overcast,0,0,
12971,2021-09-21 11:54:00,40.680252,-73.9308,0,0,Passing Too Closely,4460154,23.1,16.4,0.0,0.0,0.0,0.0,3,14.2,29.5,108,Overcast,0,0,
12972,2021-09-21 16:40:00,40.76496,-73.90532,1,0,Following Too Closely,4459645,23.1,16.4,0.0,0.0,0.0,0.0,3,14.2,29.5,108,Overcast,1,1,
12973,2021-09-02 16:50:00,40.73986,-73.79012,1,0,Following Too Closely,4460103,24.5,15.0,24.6,24.6,0.0,5.0,65,43.0,83.5,344,Rain: Heavy,1,1,
12974,2021-09-21 07:36:00,40.675053,-73.87436,1,0,Passing or Lane Usage Improper,4459665,23.1,16.4,0.0,0.0,0.0,0.0,3,14.2,29.5,108,Overcast,1,1,
12975,2021-09-21 13:07:00,40.707676,-73.92386,1,0,Unspecified,4460367,23.1,16.4,0.0,0.0,0.0,0.0,3,14.2,29.5,108,Overcast,1,1,
12976,2021-09-21 19:53:00,40.61467,-73.92809,1,0,Driver Inattention/Distraction,4459601,23.1,16.4,0.0,0.0,0.0,0.0,3,14.2,29.5,108,Overcast,1,1,
12977,2021-09-19 23:00:00,40.763542,-73.9852,0,0,Unspecified,4460382,23.6,16.8,0.0,0.0,0.0,0.0,2,17.6,35.6,0,Partly cloudy,0,0,
12978,2021-09-21 20:45:00,40.841152,-73.942696,0,0,Driver Inattention/Distraction,4459732,23.1,16.4,0.0,0.0,0.0,0.0,3,14.2,29.5,108,Overcast,0,0,
12979,2021-08-18 12:55:00,40.688164,-73.93312,0,0,Passing or Lane Usage Improper,4460220,27.0,21.1,1.5,1.5,0.0,5.0,53,24.7,46.8,150,Drizzle: Moderate,0,0,
12980,2021-09-21 11:50:00,40.763588,-73.83603,0,0,Failure to Yield Right-of-Way,4459565,23.1,16.4,0.0,0.0,0.0,0.0,3,14.2,29.5,108,Overcast,0,0,
12981,2021-09-21 16:15:00,40.72284,-73.99144,0,0,Passing Too Closely,4460075,23.1,16.4,0.0,0.0,0.0,0.0,3,14.2,29.5,108,Overcast,0,0,
12982,2021-09-21 10:20:00,40.735584,-73.98486,0,0,Unspecified,4460253,23.1,16.4,0.0,0.0,0.0,0.0,3,14.2,29.5,108,Overcast,0,0,
12983,2021-09-21 09:50:00,40.696396,-73.91412,0,0,Driver Inattention/Distraction,4459690,23.1,16.4,0.0,0.0,0.0,0.0,3,14.2,29.5,108,Overcast,0,0,
12984,2021-09-21 23:50:00,40.74457,-73.731575,0,0,Unsafe Speed,4459611,23.1,16.4,0.0,0.0,0.0,0.0,3,14.2,29.5,108,Overcast,0,0,
12985,2021-09-21 12:11:00,40.73938,-74.00995,1,0,Following Too Closely,4459692,23.1,16.4,0.0,0.0,0.0,0.0,3,14.2,29.5,108,Overcast,1,1,
12986,2021-09-21 10:41:00,40.598713,-74.06907,0,0,Backing Unsafely,4459660,23.1,16.4,0.0,0.0,0.0,0.0,3,14.2,29.5,108,Overcast,0,0,
12987,2021-09-19 03:36:00,40.68085,-73.97112,0,0,Traffic Control Disregarded,4460113,23.6,16.8,0.0,0.0,0.0,0.0,2,17.6,35.6,0,Partly cloudy,0,0,
12988,2021-09-21 01:09:00,40.680054,-73.82886,0,0,Turning Improperly,4459318,23.1,16.4,0.0,0.0,0.0,0.0,3,14.2,29.5,108,Overcast,0,0,
12989,2021-09-21 10:00:00,40.649868,-73.93409,0,0,Unsafe Speed,4460176,23.1,16.4,0.0,0.0,0.0,0.0,3,14.2,29.5,108,Overcast,0,0,
12990,2021-09-21 13:15:00,40.693512,-73.93116,0,0,Unspecified,4460273,23.1,16.4,0.0,0.0,0.0,0.0,3,14.2,29.5,108,Overcast,0,0,
12991,2021-09-21 10:15:00,40.738197,-73.93774,0,0,Driver Inattention/Distraction,4459581,23.1,16.4,0.0,0.0,0.0,0.0,3,14.2,29.5,108,Overcast,0,0,
12992,2021-09-21 07:37:00,40.74917,-73.86925,1,0,Unspecified,4460021,23.1,16.4,0.0,0.0,0.0,0.0,3,14.2,29.5,108,Overcast,1,1,
12993,2021-09-16 15:53:00,40.683548,-73.92619,0,0,Passing Too Closely,4460267,23.9,19.1,4.0,4.0,0.0,10.0,55,18.8,37.8,38,Drizzle: Dense,0,0,
12994,2021-07-23 12:30:00,40.683277,-73.93063,0,0,Unspecified,4460251,26.2,17.3,0.0,0.0,0.0,0.0,1,11.3,27.0,340,Mainly clear,0,0,Sunny/Clear Conditions
12995,2021-09-15 13:20:00,40.73448,-74.001396,0,0,Unspecified,4460096,29.6,20.7,0.3,0.3,0.0,3.0,51,21.6,40.7,192,Drizzle: Light,0,0,
12996,2021-09-21 07:45:00,40.834114,-73.86327,0,0,Unspecified,4459400,23.1,16.4,0.0,0.0,0.0,0.0,3,14.2,29.5,108,Overcast,0,0,
12997,2021-09-19 12:20:00,40.614872,-73.82165,1,0,Following Too Closely,4460133,23.6,16.8,0.0,0.0,0.0,0.0,2,17.6,35.6,0,Partly cloudy,1,1,
12998,2021-09-21 19:00:00,40.75628,-73.7211,0,0,Unspecified,4459563,23.1,16.4,0.0,0.0,0.0,0.0,3,14.2,29.5,108,Overcast,0,0,
12999,2021-09-21 01:30:00,40.849964,-73.91416,1,0,Aggressive Driving/Road Rage,4459661,23.1,16.4,0.0,0.0,0.0,0.0,3,14.2,29.5,108,Overcast,1,1,
13000,2021-09-20 12:30:00,40.71437,-73.946075,0,0,Turning Improperly,4460194,23.1,14.9,0.0,0.0,0.0,0.0,3,17.0,34.2,116,Overcast,0,0,
13001,2021-09-21 13:00:00,40.608215,-73.99809,0,0,Driver Inattention/Distraction,4459605,23.1,16.4,0.0,0.0,0.0,0.0,3,14.2,29.5,108,Overcast,0,0,
13002,2021-09-21 14:05:00,40.68247,-73.968765,0,0,Unspecified,4459983,23.1,16.4,0.0,0.0,0.0,0.0,3,14.2,29.5,108,Overcast,0,0,
13003,2021-09-21 07:00:00,40.653522,-73.918846,0,0,Driver Inattention/Distraction,4460074,23.1,16.4,0.0,0.0,0.0,0.0,3,14.2,29.5,108,Overcast,0,0,
13004,2021-09-21 14:45:00,40.817387,-73.92277,0,0,Driver Inexperience,4459636,23.1,16.4,0.0,0.0,0.0,0.0,3,14.2,29.5,108,Overcast,0,0,
13005,2021-09-20 23:25:00,40.64891,-73.89256,0,0,Driver Inexperience,4460314,23.1,14.9,0.0,0.0,0.0,0.0,3,17.0,34.2,116,Overcast,0,0,
13006,2021-09-11 13:45:00,40.705147,-73.90213,1,0,Reaction to Uninvolved Vehicle,4460262,24.7,12.9,0.0,0.0,0.0,0.0,3,16.6,34.2,246,Overcast,1,1,
13007,2021-09-17 08:49:00,40.622166,-74.141624,1,0,Driver Inattention/Distraction,4460168,23.6,20.1,1.0,1.0,0.0,7.0,51,20.3,38.9,59,Drizzle: Light,1,1,
13008,2021-09-18 11:17:00,40.772964,-73.95827,1,0,Unspecified,4460374,27.1,19.2,0.2,0.2,0.0,2.0,51,14.6,25.9,349,Drizzle: Light,1,1,
13009,2021-09-21 09:10:00,40.697193,-73.72752,1,0,Tire Failure/Inadequate,4459489,23.1,16.4,0.0,0.0,0.0,0.0,3,14.2,29.5,108,Overcast,1,1,
13010,2021-09-21 13:45:00,40.662544,-73.9351,0,0,Other Vehicular,4459513,23.1,16.4,0.0,0.0,0.0,0.0,3,14.2,29.5,108,Overcast,0,0,
13011,2021-09-21 19:45:00,40.71152,-73.7908,1,0,Driver Inattention/Distraction,4459778,23.1,16.4,0.0,0.0,0.0,0.0,3,14.2,29.5,108,Overcast,1,1,
13012,2021-06-17 14:05:00,40.677563,-73.93309,0,0,Driver Inattention/Distraction,4460257,23.9,12.1,0.0,0.0,0.0,0.0,3,13.4,27.4,311,Overcast,0,0,
13013,2021-09-21 14:55:00,40.74584,-73.82342,0,0,Turning Improperly,4459575,23.1,16.4,0.0,0.0,0.0,0.0,3,14.2,29.5,108,Overcast,0,0,
13014,2021-09-21 17:35:00,40.69632,-73.960625,1,0,Driver Inattention/Distraction,4459939,23.1,16.4,0.0,0.0,0.0,0.0,3,14.2,29.5,108,Overcast,1,1,
13015,2021-09-21 05:30:00,40.76771,-73.93247,0,0,Unspecified,4460212,23.1,16.4,0.0,0.0,0.0,0.0,3,14.2,29.5,108,Overcast,0,0,
13016,2021-09-21 14:48:00,40.831825,-73.85665,0,0,Unsafe Speed,4459712,23.1,16.4,0.0,0.0,0.0,0.0,3,14.2,29.5,108,Overcast,0,0,
13017,2021-09-21 13:08:00,0.0,0.0,1,0,Using On Board Navigation Device,4459497,23.1,16.4,0.0,0.0,0.0,0.0,3,14.2,29.5,108,Overcast,1,1,
13018,2021-09-21 13:30:00,40.599697,-73.948524,1,0,Driver Inattention/Distraction,4459614,23.1,16.4,0.0,0.0,0.0,0.0,3,14.2,29.5,108,Overcast,1,1,
13019,2021-09-21 18:00:00,40.901352,-73.89785,0,0,Unspecified,4460087,23.1,16.4,0.0,0.0,0.0,0.0,3,14.2,29.5,108,Overcast,0,0,
13020,2021-09-18 12:38:00,40.70058,-73.80775,0,0,Failure to Yield Right-of-Way,4460152,27.1,19.2,0.2,0.2,0.0,2.0,51,14.6,25.9,349,Drizzle: Light,0,0,
13021,2021-09-21 20:54:00,40.678116,-73.92172,1,0,Driver Inattention/Distraction,4459970,23.1,16.4,0.0,0.0,0.0,0.0,3,14.2,29.5,108,Overcast,1,1,
13022,2021-09-15 20:00:00,40.849392,-73.82972,0,0,Other Vehicular,4460397,29.6,20.7,0.3,0.3,0.0,3.0,51,21.6,40.7,192,Drizzle: Light,0,0,
13023,2021-09-21 17:33:00,40.8561,-73.86763,0,0,Reaction to Uninvolved Vehicle,4459569,23.1,16.4,0.0,0.0,0.0,0.0,3,14.2,29.5,108,Overcast,0,0,
13024,2021-09-21 17:00:00,40.66929,-73.842445,0,0,Unsafe Lane Changing,4459625,23.1,16.4,0.0,0.0,0.0,0.0,3,14.2,29.5,108,Overcast,0,0,
13025,2021-07-14 09:50:00,40.67533,-73.93609,1,0,Passing Too Closely,4460302,30.6,21.5,0.8,0.8,0.0,3.0,53,14.5,36.0,191,Drizzle: Moderate,1,1,
13026,2021-08-12 19:05:00,40.677574,-73.95548,0,0,Driver Inattention/Distraction,4460296,35.2,23.1,0.0,0.0,0.0,0.0,3,21.0,47.5,220,Overcast,0,0,
13027,2021-09-18 13:30:00,40.592815,-73.90808,0,0,Unspecified,4460234,27.1,19.2,0.2,0.2,0.0,2.0,51,14.6,25.9,349,Drizzle: Light,0,0,
13028,2021-09-21 16:00:00,40.5974,-74.083275,0,0,Passing Too Closely,4460079,23.1,16.4,0.0,0.0,0.0,0.0,3,14.2,29.5,108,Overcast,0,0,
13029,2021-09-14 15:00:00,40.66708,-73.73319,0,0,Unspecified,4460284,26.0,19.0,0.2,0.2,0.0,1.0,51,18.0,35.6,138,Drizzle: Light,0,0,
13030,2021-09-21 18:05:00,40.77074,-73.99455,0,0,Turning Improperly,4459759,23.1,16.4,0.0,0.0,0.0,0.0,3,14.2,29.5,108,Overcast,0,0,
13031,2021-09-21 06:16:00,40.89845,-73.85431,1,0,Driver Inattention/Distraction,4459424,23.1,16.4,0.0,0.0,0.0,0.0,3,14.2,29.5,108,Overcast,1,1,
13032,2021-09-21 09:50:00,40.690125,-73.960266,2,0,Unspecified,4459924,23.1,16.4,0.0,0.0,0.0,0.0,3,14.2,29.5,108,Overcast,2,2,
13033,2021-09-21 16:40:00,40.781315,-73.94614,1,0,Failure to Yield Right-of-Way,4459551,23.1,16.4,0.0,0.0,0.0,0.0,3,14.2,29.5,108,Overcast,1,1,
13034,2021-12-20 15:05:00,40.679344,-73.859535,2,0,Failure to Yield Right-of-Way,4488298,1.8,-4.4,0.0,0.0,0.0,0.0,2,17.9,32.8,282,Partly cloudy,2,2,
13035,2021-09-21 16:24:00,40.888313,-73.91312,1,0,Failure to Yield Right-of-Way,4459836,23.1,16.4,0.0,0.0,0.0,0.0,3,14.2,29.5,108,Overcast,1,1,
13036,2021-09-21 09:30:00,40.729813,-73.874664,0,0,Backing Unsafely,4459719,23.1,16.4,0.0,0.0,0.0,0.0,3,14.2,29.5,108,Overcast,0,0,
13037,2021-09-21 06:10:00,40.811714,-73.92671,1,0,Alcohol Involvement,4459648,23.1,16.4,0.0,0.0,0.0,0.0,3,14.2,29.5,108,Overcast,1,1,
13038,2021-05-02 18:30:00,40.66955,-73.94497,0,0,Driver Inattention/Distraction,4460301,26.3,11.3,0.0,0.0,0.0,0.0,3,23.0,43.9,251,Overcast,0,0,
13039,2021-09-21 22:12:00,40.597614,-74.074905,0,0,Alcohol Involvement,4459668,23.1,16.4,0.0,0.0,0.0,0.0,3,14.2,29.5,108,Overcast,0,0,
13040,2021-09-21 16:00:00,40.577744,-73.95607,0,0,Backing Unsafely,4460082,23.1,16.4,0.0,0.0,0.0,0.0,3,14.2,29.5,108,Overcast,0,0,
13041,2021-09-20 15:15:00,40.5591,-74.20101,0,0,Aggressive Driving/Road Rage,4460331,23.1,14.9,0.0,0.0,0.0,0.0,3,17.0,34.2,116,Overcast,0,0,
13042,2021-09-21 22:33:00,40.76241,-73.95443,2,0,Driver Inattention/Distraction,4459584,23.1,16.4,0.0,0.0,0.0,0.0,3,14.2,29.5,108,Overcast,2,2,
13043,2021-09-21 16:38:00,40.710697,-73.984634,0,0,Unspecified,4459940,23.1,16.4,0.0,0.0,0.0,0.0,3,14.2,29.5,108,Overcast,0,0,
13044,2021-09-21 21:00:00,40.600025,-73.75741,2,0,Passing or Lane Usage Improper,4460037,23.1,16.4,0.0,0.0,0.0,0.0,3,14.2,29.5,108,Overcast,2,2,
13045,2021-09-21 06:21:00,40.676003,-73.84351,0,0,Turning Improperly,4459623,23.1,16.4,0.0,0.0,0.0,0.0,3,14.2,29.5,108,Overcast,0,0,
13046,2021-09-21 16:45:00,40.861923,-73.89357,0,0,Unspecified,4459845,23.1,16.4,0.0,0.0,0.0,0.0,3,14.2,29.5,108,Overcast,0,0,
13047,2021-09-21 17:20:00,40.666008,-73.789536,1,0,Passing or Lane Usage Improper,4459681,23.1,16.4,0.0,0.0,0.0,0.0,3,14.2,29.5,108,Overcast,1,1,
13048,2021-09-21 14:00:00,40.697872,-73.802376,0,0,Driver Inattention/Distraction,4459528,23.1,16.4,0.0,0.0,0.0,0.0,3,14.2,29.5,108,Overcast,0,0,
13049,2021-09-21 16:00:00,40.73507,-74.001976,0,0,Driver Inattention/Distraction,4459693,23.1,16.4,0.0,0.0,0.0,0.0,3,14.2,29.5,108,Overcast,0,0,
13050,2021-09-21 20:40:00,40.771633,-73.82468,0,0,Passing or Lane Usage Improper,4459578,23.1,16.4,0.0,0.0,0.0,0.0,3,14.2,29.5,108,Overcast,0,0,
13051,2021-09-21 17:00:00,40.684277,-73.775024,0,0,Unsafe Speed,4459680,23.1,16.4,0.0,0.0,0.0,0.0,3,14.2,29.5,108,Overcast,0,0,
13052,2021-04-02 13:34:00,40.701458,-73.812515,3,0,Failure to Yield Right-of-Way,4405630,3.5,-3.6,0.0,0.0,0.0,0.0,3,25.9,51.1,324,Overcast,3,3,
13053,2021-04-29 10:54:00,40.66551,-73.992775,1,0,Failure to Yield Right-of-Way,4412634,22.5,12.9,3.8,3.8,0.0,9.0,53,25.6,50.8,199,Drizzle: Moderate,1,1,
13054,2021-05-08 19:10:00,40.675735,-73.89686,0,0,Unspecified,4415317,11.6,7.7,4.3,4.3,0.0,9.0,61,17.5,36.4,140,Rain: Light,0,0,
13055,2021-05-08 13:40:00,40.650764,-73.88481,1,0,Driver Inattention/Distraction,4415323,11.6,7.7,4.3,4.3,0.0,9.0,61,17.5,36.4,140,Rain: Light,1,1,
13056,2021-05-08 15:02:00,40.719517,-73.994385,0,0,Driver Inattention/Distraction,4415345,11.6,7.7,4.3,4.3,0.0,9.0,61,17.5,36.4,140,Rain: Light,0,0,
13057,2021-05-07 15:15:00,40.823887,-73.95232,1,0,Driver Inattention/Distraction,4415346,16.4,7.7,0.0,0.0,0.0,0.0,3,15.8,32.4,73,Overcast,1,1,
13058,2021-05-08 16:42:00,40.677155,-73.86887,0,0,Unsafe Lane Changing,4415316,11.6,7.7,4.3,4.3,0.0,9.0,61,17.5,36.4,140,Rain: Light,0,0,
13059,2021-05-08 21:30:00,40.67559,-73.886406,0,0,Unspecified,4415320,11.6,7.7,4.3,4.3,0.0,9.0,61,17.5,36.4,140,Rain: Light,0,0,
13060,2021-05-08 15:15:00,40.67816,-73.897484,0,0,Failure to Yield Right-of-Way,4415307,11.6,7.7,4.3,4.3,0.0,9.0,61,17.5,36.4,140,Rain: Light,0,0,
13061,2021-09-21 09:15:00,40.71739,-73.99573,0,0,Driver Inattention/Distraction,4460340,23.1,16.4,0.0,0.0,0.0,0.0,3,14.2,29.5,108,Overcast,0,0,
13062,2021-09-21 17:13:00,40.849354,-73.863075,0,0,Unspecified,4459640,23.1,16.4,0.0,0.0,0.0,0.0,3,14.2,29.5,108,Overcast,0,0,
13063,2021-09-19 10:12:00,40.794735,-73.93455,0,0,Unspecified,4460118,23.6,16.8,0.0,0.0,0.0,0.0,2,17.6,35.6,0,Partly cloudy,0,0,
13064,2021-09-19 10:54:00,40.66298,-73.92997,0,0,Unspecified,4460178,23.6,16.8,0.0,0.0,0.0,0.0,2,17.6,35.6,0,Partly cloudy,0,0,
13065,2021-09-21 13:45:00,40.616707,-73.97846,0,0,Unspecified,4460392,23.1,16.4,0.0,0.0,0.0,0.0,3,14.2,29.5,108,Overcast,0,0,
13066,2021-09-21 23:00:00,40.78739,-73.938225,1,0,Passing or Lane Usage Improper,4460017,23.1,16.4,0.0,0.0,0.0,0.0,3,14.2,29.5,108,Overcast,1,1,
13067,2021-05-08 09:17:00,40.739727,-73.98924,2,0,Driver Inattention/Distraction,4414589,11.6,7.7,4.3,4.3,0.0,9.0,61,17.5,36.4,140,Rain: Light,2,2,
13068,2021-05-08 22:22:00,40.804585,-73.91906,0,0,Unspecified,4414897,11.6,7.7,4.3,4.3,0.0,9.0,61,17.5,36.4,140,Rain: Light,0,0,
13069,2021-05-08 11:00:00,40.787003,-73.97552,0,0,Passing Too Closely,4414730,11.6,7.7,4.3,4.3,0.0,9.0,61,17.5,36.4,140,Rain: Light,0,0,
13070,2021-05-08 07:00:00,40.676403,-73.87218,0,0,Driver Inattention/Distraction,4415305,11.6,7.7,4.3,4.3,0.0,9.0,61,17.5,36.4,140,Rain: Light,0,0,
13071,2021-05-05 05:18:00,40.676548,-73.96354,0,0,Driver Inattention/Distraction,4415133,15.1,10.8,9.9,9.9,0.0,17.0,61,21.5,42.5,23,Rain: Light,0,0,
13072,2021-05-07 10:40:00,40.84301,-73.83877,0,0,Unspecified,4415089,16.4,7.7,0.0,0.0,0.0,0.0,3,15.8,32.4,73,Overcast,0,0,
13073,2021-05-08 01:00:00,40.836502,-73.825165,0,0,Driver Inattention/Distraction,4414306,11.6,7.7,4.3,4.3,0.0,9.0,61,17.5,36.4,140,Rain: Light,0,0,
13074,2021-05-05 15:19:00,40.831875,-73.86636,0,0,Unspecified,4414991,15.1,10.8,9.9,9.9,0.0,17.0,61,21.5,42.5,23,Rain: Light,0,0,
13075,2021-05-08 16:00:00,40.590393,-74.16611,0,0,Driver Inattention/Distraction,4414809,11.6,7.7,4.3,4.3,0.0,9.0,61,17.5,36.4,140,Rain: Light,0,0,
13076,2021-05-07 17:17:00,40.722927,-74.00218,0,0,Driver Inexperience,4415063,16.4,7.7,0.0,0.0,0.0,0.0,3,15.8,32.4,73,Overcast,0,0,
13077,2021-05-06 05:50:00,40.67802,-73.89744,1,0,Failure to Yield Right-of-Way,4415279,17.3,8.7,0.0,0.0,0.0,0.0,3,22.6,43.6,313,Overcast,1,1,
13078,2021-05-08 00:29:00,40.822105,-73.90062,1,0,Unspecified,4414323,11.6,7.7,4.3,4.3,0.0,9.0,61,17.5,36.4,140,Rain: Light,1,1,
13079,2021-05-08 11:18:00,40.839935,-73.900925,0,0,Failure to Yield Right-of-Way,4414830,11.6,7.7,4.3,4.3,0.0,9.0,61,17.5,36.4,140,Rain: Light,0,0,
13080,2021-05-05 15:50:00,40.8746,-73.9097,1,0,,4415127,15.1,10.8,9.9,9.9,0.0,17.0,61,21.5,42.5,23,Rain: Light,1,1,
13081,2021-09-19 14:50:00,40.68237,-73.931946,2,0,Driver Inattention/Distraction,4460272,23.6,16.8,0.0,0.0,0.0,0.0,2,17.6,35.6,0,Partly cloudy,2,2,
13082,2021-05-08 01:20:00,40.52128,-74.23946,0,0,Driver Inexperience,4415043,11.6,7.7,4.3,4.3,0.0,9.0,61,17.5,36.4,140,Rain: Light,0,0,
13083,2021-05-08 09:28:00,40.848255,-73.90976,0,0,Passing or Lane Usage Improper,4414436,11.6,7.7,4.3,4.3,0.0,9.0,61,17.5,36.4,140,Rain: Light,0,0,
13084,2021-05-08 17:30:00,40.66968,-73.91075,0,0,Unspecified,4414546,11.6,7.7,4.3,4.3,0.0,9.0,61,17.5,36.4,140,Rain: Light,0,0,
13085,2021-05-08 03:42:00,40.72738,-73.94575,0,0,Unspecified,4414911,11.6,7.7,4.3,4.3,0.0,9.0,61,17.5,36.4,140,Rain: Light,0,0,
13086,2021-05-08 12:15:00,40.55959,-74.16958,0,0,Unspecified,4414946,11.6,7.7,4.3,4.3,0.0,9.0,61,17.5,36.4,140,Rain: Light,0,0,
13087,2021-05-07 06:45:00,40.837585,-73.866394,0,0,Unspecified,4414998,16.4,7.7,0.0,0.0,0.0,0.0,3,15.8,32.4,73,Overcast,0,0,
13088,2021-05-03 15:09:00,40.82215,-73.86218,1,0,Lost Consciousness,4415012,15.8,11.4,5.7,5.7,0.0,7.0,61,14.5,47.2,53,Rain: Light,1,1,
13089,2021-05-08 19:45:00,40.62181,-74.02878,1,0,Driver Inattention/Distraction,4414499,11.6,7.7,4.3,4.3,0.0,9.0,61,17.5,36.4,140,Rain: Light,1,1,
13090,2021-05-08 16:00:00,40.743477,-73.73286,1,0,Following Too Closely,4414472,11.6,7.7,4.3,4.3,0.0,9.0,61,17.5,36.4,140,Rain: Light,1,1,
13091,2021-05-08 06:30:00,40.675117,-74.00962,0,0,Fatigued/Drowsy,4415250,11.6,7.7,4.3,4.3,0.0,9.0,61,17.5,36.4,140,Rain: Light,0,0,
13092,2021-05-06 08:50:00,40.665596,-73.87431,0,0,Unspecified,4415272,17.3,8.7,0.0,0.0,0.0,0.0,3,22.6,43.6,313,Overcast,0,0,
13093,2021-04-03 18:40:00,40.818226,-73.916794,1,0,Unspecified,4415200,10.8,-2.3,0.0,0.0,0.0,0.0,3,15.9,34.2,302,Overcast,1,1,
13094,2021-08-14 14:45:00,40.68383,-73.932236,0,0,Unsafe Speed,4460258,31.3,24.2,2.5,2.5,0.0,5.0,55,16.9,32.8,286,Drizzle: Dense,0,0,
13095,2021-05-08 23:40:00,40.679863,-73.878,0,0,Following Too Closely,4415291,11.6,7.7,4.3,4.3,0.0,9.0,61,17.5,36.4,140,Rain: Light,0,0,
13096,2021-05-08 02:00:00,40.641598,-73.902504,0,0,Driver Inattention/Distraction,4414493,11.6,7.7,4.3,4.3,0.0,9.0,61,17.5,36.4,140,Rain: Light,0,0,
13097,2021-05-08 18:20:00,40.689964,-73.796776,0,0,Turning Improperly,4414473,11.6,7.7,4.3,4.3,0.0,9.0,61,17.5,36.4,140,Rain: Light,0,0,
13098,2021-05-08 15:45:00,40.700512,-73.796776,0,0,Alcohol Involvement,4415143,11.6,7.7,4.3,4.3,0.0,9.0,61,17.5,36.4,140,Rain: Light,0,0,
13099,2021-05-08 05:00:00,40.667366,-73.92274,0,0,Driver Inexperience,4414535,11.6,7.7,4.3,4.3,0.0,9.0,61,17.5,36.4,140,Rain: Light,0,0,
13100,2021-05-08 09:40:00,40.739674,-73.934586,1,0,Pedestrian/Bicyclist/Other Pedestrian Error/Confusion,4414453,11.6,7.7,4.3,4.3,0.0,9.0,61,17.5,36.4,140,Rain: Light,1,1,
13101,2021-05-08 07:00:00,40.832817,-73.86559,0,0,Driver Inattention/Distraction,4415011,11.6,7.7,4.3,4.3,0.0,9.0,61,17.5,36.4,140,Rain: Light,0,0,