,CRASH DATETIME,LATITUDE,LONGITUDE,NUMBER OF PERSONS INJURED,NUMBER OF PERSONS KILLED,CONTRIBUTING FACTOR VEHICLE 1,COLLISION_ID,temperature_2m_max,temperature_2m_min,precipitation_sum,rain_sum,snowfall_sum,precipitation_hours,weather_code,wind_speed_10m_max,wind_gusts_10m_max,wind_direction_10m_dominant,Weather Description,Severity_Score,Total_Affected_Persons,Weather_Category
13102,2021-05-08 17:00:00,40.844685,-73.9408,0,0,Passing Too Closely,4414779,11.6,7.7,4.3,4.3,0.0,9.0,61,17.5,36.4,140,Rain: Light,0,0,
13103,2021-05-08 01:12:00,40.76734,-73.96868,0,0,Driver Inattention/Distraction,4414846,11.6,7.7,4.3,4.3,0.0,9.0,61,17.5,36.4,140,Rain: Light,0,0,
13104,2021-05-08 23:00:00,40.76276,-73.88953,0,0,Driver Inattention/Distraction,4414954,11.6,7.7,4.3,4.3,0.0,9.0,61,17.5,36.4,140,Rain: Light,0,0,
13105,2021-05-08 12:14:00,40.828407,-73.84392,0,0,Unspecified,4415017,11.6,7.7,4.3,4.3,0.0,9.0,61,17.5,36.4,140,Rain: Light,0,0,
13106,2021-05-08 05:35:00,40.790154,-73.93675,1,0,Pavement Defective,4414466,11.6,7.7,4.3,4.3,0.0,9.0,61,17.5,36.4,140,Rain: Light,1,1,
13107,2021-05-08 18:30:00,40.717926,-73.98568,0,0,Unsafe Lane Changing,4414506,11.6,7.7,4.3,4.3,0.0,9.0,61,17.5,36.4,140,Rain: Light,0,0,
13108,2021-05-08 18:40:00,40.86174,-73.846375,1,0,Reaction to Uninvolved Vehicle,4414686,11.6,7.7,4.3,4.3,0.0,9.0,61,17.5,36.4,140,Rain: Light,1,1,
13109,2021-04-30 17:20:00,40.658295,-73.93109,0,0,Driver Inattention/Distraction,4415224,19.9,7.6,0.4,0.4,0.0,4.0,51,36.9,82.1,289,Drizzle: Light,0,0,
13110,2021-05-06 23:30:00,40.674255,-73.89749,0,0,Driver Inattention/Distraction,4415297,17.3,8.7,0.0,0.0,0.0,0.0,3,22.6,43.6,313,Overcast,0,0,
13111,2021-05-08 11:37:00,40.576504,-74.1037,0,0,Following Too Closely,4414945,11.6,7.7,4.3,4.3,0.0,9.0,61,17.5,36.4,140,Rain: Light,0,0,
13112,2021-05-06 00:00:00,40.672474,-73.88308,0,0,Other Vehicular,4415082,17.3,8.7,0.0,0.0,0.0,0.0,3,22.6,43.6,313,Overcast,0,0,
13113,2021-05-08 16:41:00,40.683342,-74.001976,0,0,Unspecified,4415251,11.6,7.7,4.3,4.3,0.0,9.0,61,17.5,36.4,140,Rain: Light,0,0,
13114,2021-05-08 20:40:00,40.637245,-74.12752,1,0,Driver Inattention/Distraction,4414548,11.6,7.7,4.3,4.3,0.0,9.0,61,17.5,36.4,140,Rain: Light,1,1,
13115,2021-05-07 17:30:00,40.689583,-73.87158,2,0,Driver Inattention/Distraction,4415287,16.4,7.7,0.0,0.0,0.0,0.0,3,15.8,32.4,73,Overcast,2,2,
13116,2021-05-08 23:14:00,40.63007,-73.982414,1,0,Unspecified,4414624,11.6,7.7,4.3,4.3,0.0,9.0,61,17.5,36.4,140,Rain: Light,1,1,
13117,2021-05-08 15:57:00,40.65836,-73.930084,1,0,Driver Inattention/Distraction,4415158,11.6,7.7,4.3,4.3,0.0,9.0,61,17.5,36.4,140,Rain: Light,1,1,
13118,2021-05-08 16:20:00,40.82733,-73.8498,0,0,Driver Inattention/Distraction,4414481,11.6,7.7,4.3,4.3,0.0,9.0,61,17.5,36.4,140,Rain: Light,0,0,
13119,2021-05-07 17:22:00,40.726173,-74.01099,0,0,Unspecified,4415061,16.4,7.7,0.0,0.0,0.0,0.0,3,15.8,32.4,73,Overcast,0,0,
13120,2021-05-08 11:30:00,40.69615,-73.82668,0,0,Following Too Closely,4414982,11.6,7.7,4.3,4.3,0.0,9.0,61,17.5,36.4,140,Rain: Light,0,0,
13121,2021-05-07 19:30:00,40.825966,-73.862175,2,0,Driver Inattention/Distraction,4415006,16.4,7.7,0.0,0.0,0.0,0.0,3,15.8,32.4,73,Overcast,2,2,
13122,2021-05-05 16:30:00,40.68057,-73.892334,1,0,Driver Inattention/Distraction,4415293,15.1,10.8,9.9,9.9,0.0,17.0,61,21.5,42.5,23,Rain: Light,1,1,
13123,2021-05-08 16:03:00,40.79988,-73.93861,0,0,Unspecified,4415056,11.6,7.7,4.3,4.3,0.0,9.0,61,17.5,36.4,140,Rain: Light,0,0,
13124,2021-04-06 11:55:00,40.68383,-73.932236,1,0,Driver Inattention/Distraction,4415139,18.3,4.8,0.0,0.0,0.0,0.0,1,21.9,38.9,319,Mainly clear,1,1,Sunny/Clear Conditions
13125,2021-05-08 16:12:00,40.726444,-73.76579,0,0,Unspecified,4414754,11.6,7.7,4.3,4.3,0.0,9.0,61,17.5,36.4,140,Rain: Light,0,0,
13126,2021-05-05 13:55:00,40.72886,-73.884094,0,0,Pedestrian/Bicyclist/Other Pedestrian Error/Confusion,4415096,15.1,10.8,9.9,9.9,0.0,17.0,61,21.5,42.5,23,Rain: Light,0,0,
13127,2021-05-08 17:10:00,40.8353,-73.90792,0,0,Driver Inattention/Distraction,4414831,11.6,7.7,4.3,4.3,0.0,9.0,61,17.5,36.4,140,Rain: Light,0,0,
13128,2021-05-08 17:00:00,40.6568,-73.85758,1,0,Following Too Closely,4414643,11.6,7.7,4.3,4.3,0.0,9.0,61,17.5,36.4,140,Rain: Light,1,1,
13129,2021-05-05 10:38:00,40.7709,-73.955315,0,0,Passing Too Closely,4415207,15.1,10.8,9.9,9.9,0.0,17.0,61,21.5,42.5,23,Rain: Light,0,0,
13130,2021-05-08 11:07:00,40.840286,-73.92147,1,0,Pedestrian/Bicyclist/Other Pedestrian Error/Confusion,4414557,11.6,7.7,4.3,4.3,0.0,9.0,61,17.5,36.4,140,Rain: Light,1,1,
13131,2021-05-06 13:32:00,40.757286,-73.97812,2,0,View Obstructed/Limited,4415071,17.3,8.7,0.0,0.0,0.0,0.0,3,22.6,43.6,313,Overcast,2,2,
13132,2021-04-30 00:25:00,40.607414,-74.0626,0,0,Unspecified,4415261,19.9,7.6,0.4,0.4,0.0,4.0,51,36.9,82.1,289,Drizzle: Light,0,0,
13133,2021-05-08 13:15:00,40.81721,-73.916,1,0,Unsafe Lane Changing,4414880,11.6,7.7,4.3,4.3,0.0,9.0,61,17.5,36.4,140,Rain: Light,1,1,
13134,2021-05-08 16:30:00,40.667114,-73.834656,0,0,Passing or Lane Usage Improper,4414653,11.6,7.7,4.3,4.3,0.0,9.0,61,17.5,36.4,140,Rain: Light,0,0,
13135,2021-05-08 17:50:00,40.858814,-73.90365,0,0,Other Vehicular,4414883,11.6,7.7,4.3,4.3,0.0,9.0,61,17.5,36.4,140,Rain: Light,0,0,
13136,2021-05-08 00:01:00,40.79944,-73.975006,1,0,Unsafe Speed,4414810,11.6,7.7,4.3,4.3,0.0,9.0,61,17.5,36.4,140,Rain: Light,1,1,
13137,2021-05-06 00:00:00,40.67766,-73.968864,0,0,Driver Inattention/Distraction,4415117,17.3,8.7,0.0,0.0,0.0,0.0,3,22.6,43.6,313,Overcast,0,0,
13138,2021-05-08 04:00:00,40.666386,-73.785,0,0,Driver Inattention/Distraction,4414307,11.6,7.7,4.3,4.3,0.0,9.0,61,17.5,36.4,140,Rain: Light,0,0,
13139,2021-05-03 11:00:00,40.607323,-73.97271,0,0,Unspecified,4415164,15.8,11.4,5.7,5.7,0.0,7.0,61,14.5,47.2,53,Rain: Light,0,0,
13140,2021-05-06 17:05:00,40.658367,-73.893715,0,0,Unsafe Speed,4415283,17.3,8.7,0.0,0.0,0.0,0.0,3,22.6,43.6,313,Overcast,0,0,
13141,2021-05-08 03:10:00,40.61701,-73.969124,0,0,Unspecified,4414615,11.6,7.7,4.3,4.3,0.0,9.0,61,17.5,36.4,140,Rain: Light,0,0,
13142,2021-05-05 16:00:00,40.840824,-73.94597,0,0,Tire Failure/Inadequate,4415051,15.1,10.8,9.9,9.9,0.0,17.0,61,21.5,42.5,23,Rain: Light,0,0,
13143,2021-05-05 16:30:00,40.679535,-73.87914,1,0,Lost Consciousness,4415278,15.1,10.8,9.9,9.9,0.0,17.0,61,21.5,42.5,23,Rain: Light,1,1,
13144,2021-05-08 17:35:00,40.69797,-73.753784,0,0,Unspecified,4415256,11.6,7.7,4.3,4.3,0.0,9.0,61,17.5,36.4,140,Rain: Light,0,0,
13145,2021-05-04 10:45:00,40.71491,-73.83194,0,0,Turning Improperly,4415088,22.2,11.1,13.2,13.2,0.0,6.0,63,18.9,42.8,74,Rain: Moderate,0,0,
13146,2021-05-08 06:00:00,40.603344,-73.93684,0,0,Unspecified,4414406,11.6,7.7,4.3,4.3,0.0,9.0,61,17.5,36.4,140,Rain: Light,0,0,
13147,2021-05-01 18:30:00,40.71871,-73.763176,0,0,Unspecified,4415132,17.3,5.0,0.0,0.0,0.0,0.0,3,31.7,63.4,302,Overcast,0,0,
13148,2021-05-08 10:30:00,40.8566,-73.82646,0,0,Unspecified,4414555,11.6,7.7,4.3,4.3,0.0,9.0,61,17.5,36.4,140,Rain: Light,0,0,
13149,2021-05-08 18:20:00,40.59113,-74.16521,0,0,Pavement Slippery,4414811,11.6,7.7,4.3,4.3,0.0,9.0,61,17.5,36.4,140,Rain: Light,0,0,
13150,2021-05-08 14:40:00,40.692146,-73.919464,0,0,Failure to Yield Right-of-Way,4415178,11.6,7.7,4.3,4.3,0.0,9.0,61,17.5,36.4,140,Rain: Light,0,0,
13151,2021-05-08 01:15:00,40.691628,-73.811874,0,0,Other Vehicular,4414646,11.6,7.7,4.3,4.3,0.0,9.0,61,17.5,36.4,140,Rain: Light,0,0,
13152,2021-05-07 08:45:00,40.51577,-74.24355,1,0,Unsafe Speed,4415042,16.4,7.7,0.0,0.0,0.0,0.0,3,15.8,32.4,73,Overcast,1,1,
13153,2021-05-08 14:30:00,40.762966,-73.973976,1,0,,4415068,11.6,7.7,4.3,4.3,0.0,9.0,61,17.5,36.4,140,Rain: Light,1,1,
13154,2021-05-08 08:30:00,40.74895,-73.854485,0,0,Traffic Control Disregarded,4414739,11.6,7.7,4.3,4.3,0.0,9.0,61,17.5,36.4,140,Rain: Light,0,0,
13155,2021-05-06 09:42:00,40.64254,-73.87652,0,0,Unspecified,4415273,17.3,8.7,0.0,0.0,0.0,0.0,3,22.6,43.6,313,Overcast,0,0,
13156,2021-05-08 16:30:00,40.67546,-73.73385,1,0,Following Too Closely,4414479,11.6,7.7,4.3,4.3,0.0,9.0,61,17.5,36.4,140,Rain: Light,1,1,
13157,2021-05-08 13:19:00,40.59534,-73.80139,0,0,Driver Inattention/Distraction,4414494,11.6,7.7,4.3,4.3,0.0,9.0,61,17.5,36.4,140,Rain: Light,0,0,
13158,2021-05-08 19:00:00,40.71493,-73.93874,0,0,Passing Too Closely,4414971,11.6,7.7,4.3,4.3,0.0,9.0,61,17.5,36.4,140,Rain: Light,0,0,
13159,2021-05-07 17:39:00,40.666306,-73.79171,0,0,Following Too Closely,4415266,16.4,7.7,0.0,0.0,0.0,0.0,3,15.8,32.4,73,Overcast,0,0,
13160,2021-05-08 04:00:00,40.90348,-73.85035,0,0,Driver Inattention/Distraction,4414597,11.6,7.7,4.3,4.3,0.0,9.0,61,17.5,36.4,140,Rain: Light,0,0,
13161,2021-05-08 14:30:00,40.826275,-73.85971,0,0,Unspecified,4415020,11.6,7.7,4.3,4.3,0.0,9.0,61,17.5,36.4,140,Rain: Light,0,0,
13162,2021-05-08 08:25:00,40.638306,-73.8947,0,0,Driver Inattention/Distraction,4414468,11.6,7.7,4.3,4.3,0.0,9.0,61,17.5,36.4,140,Rain: Light,0,0,
13163,2021-05-08 20:50:00,40.75967,-73.92725,2,0,Reaction to Uninvolved Vehicle,4414896,11.6,7.7,4.3,4.3,0.0,9.0,61,17.5,36.4,140,Rain: Light,2,2,
13164,2021-05-08 12:50:00,40.696205,-73.85155,0,0,Unspecified,4414983,11.6,7.7,4.3,4.3,0.0,9.0,61,17.5,36.4,140,Rain: Light,0,0,
13165,2021-05-08 16:20:00,40.780437,-73.79402,0,0,Turning Improperly,4414486,11.6,7.7,4.3,4.3,0.0,9.0,61,17.5,36.4,140,Rain: Light,0,0,
13166,2021-05-08 09:00:00,40.855034,-73.85625,0,0,Driver Inexperience,4414685,11.6,7.7,4.3,4.3,0.0,9.0,61,17.5,36.4,140,Rain: Light,0,0,
13167,2021-05-07 20:30:00,40.66725,-73.99455,0,0,Unspecified,4415083,16.4,7.7,0.0,0.0,0.0,0.0,3,15.8,32.4,73,Overcast,0,0,
13168,2021-05-07 06:00:00,40.691372,-73.80989,0,0,Unspecified,4415138,16.4,7.7,0.0,0.0,0.0,0.0,3,15.8,32.4,73,Overcast,0,0,
13169,2021-05-08 02:28:00,40.649986,-73.93215,1,0,Unspecified,4414706,11.6,7.7,4.3,4.3,0.0,9.0,61,17.5,36.4,140,Rain: Light,1,1,
13170,2021-05-07 16:03:00,40.65408,-73.89162,0,0,Unspecified,4415301,16.4,7.7,0.0,0.0,0.0,0.0,3,15.8,32.4,73,Overcast,0,0,
13171,2021-05-06 11:00:00,40.68035,-73.88806,0,0,Backing Unsafely,4415296,17.3,8.7,0.0,0.0,0.0,0.0,3,22.6,43.6,313,Overcast,0,0,
13172,2021-05-08 21:40:00,40.66059,-73.931335,0,0,Driver Inexperience,4415225,11.6,7.7,4.3,4.3,0.0,9.0,61,17.5,36.4,140,Rain: Light,0,0,
13173,2021-05-06 09:00:00,40.66725,-73.88799,0,0,Unspecified,4415075,17.3,8.7,0.0,0.0,0.0,0.0,3,22.6,43.6,313,Overcast,0,0,
13174,2021-05-08 19:25:00,40.663544,-73.86949,0,0,Unspecified,4415288,11.6,7.7,4.3,4.3,0.0,9.0,61,17.5,36.4,140,Rain: Light,0,0,
13175,2021-05-08 23:40:00,40.75004,-73.88153,0,0,Alcohol Involvement,4414953,11.6,7.7,4.3,4.3,0.0,9.0,61,17.5,36.4,140,Rain: Light,0,0,
13176,2021-05-08 03:55:00,40.64286,-73.91519,0,0,Other Vehicular,4414413,11.6,7.7,4.3,4.3,0.0,9.0,61,17.5,36.4,140,Rain: Light,0,0,
13177,2021-05-07 16:55:00,40.80143,-73.93646,0,0,Driver Inattention/Distraction,4415016,16.4,7.7,0.0,0.0,0.0,0.0,3,15.8,32.4,73,Overcast,0,0,
13178,2021-05-08 07:00:00,40.619392,-73.94746,2,0,Unspecified,4414536,11.6,7.7,4.3,4.3,0.0,9.0,61,17.5,36.4,140,Rain: Light,2,2,
13179,2021-05-05 09:18:00,40.67993,-73.90126,3,0,Passing or Lane Usage Improper,4414988,15.1,10.8,9.9,9.9,0.0,17.0,61,21.5,42.5,23,Rain: Light,3,3,
13180,2021-05-08 15:15:00,40.820435,-73.93624,1,0,Other Vehicular,4414908,11.6,7.7,4.3,4.3,0.0,9.0,61,17.5,36.4,140,Rain: Light,1,1,
13181,2021-05-08 20:00:00,40.69365,-73.98333,1,0,Turning Improperly,4414776,11.6,7.7,4.3,4.3,0.0,9.0,61,17.5,36.4,140,Rain: Light,1,1,
13182,2021-05-07 07:20:00,40.651974,-73.86542,0,0,Unspecified,4415300,16.4,7.7,0.0,0.0,0.0,0.0,3,15.8,32.4,73,Overcast,0,0,
13183,2021-05-07 20:30:00,40.701237,-73.79465,3,0,Traffic Control Disregarded,4415142,16.4,7.7,0.0,0.0,0.0,0.0,3,15.8,32.4,73,Overcast,3,3,
13184,2021-05-08 14:50:00,40.585037,-73.95645,0,0,Unspecified,4414838,11.6,7.7,4.3,4.3,0.0,9.0,61,17.5,36.4,140,Rain: Light,0,0,
13185,2021-03-22 10:00:00,40.626034,-73.98327,1,0,Unspecified,4415076,13.5,-1.5,0.0,0.0,0.0,0.0,0,14.1,29.9,126,Clear sky,1,1,Sunny/Clear Conditions
13186,2021-05-08 21:20:00,40.86032,-73.90944,0,0,Unspecified,4414622,11.6,7.7,4.3,4.3,0.0,9.0,61,17.5,36.4,140,Rain: Light,0,0,
13187,2021-05-08 18:00:00,40.822903,-73.85754,0,0,Unspecified,4415021,11.6,7.7,4.3,4.3,0.0,9.0,61,17.5,36.4,140,Rain: Light,0,0,
13188,2021-05-08 14:30:00,40.66742,-73.897644,0,0,Driver Inattention/Distraction,4415057,11.6,7.7,4.3,4.3,0.0,9.0,61,17.5,36.4,140,Rain: Light,0,0,
13189,2021-05-08 18:00:00,40.648922,-73.94938,0,0,Passing or Lane Usage Improper,4414702,11.6,7.7,4.3,4.3,0.0,9.0,61,17.5,36.4,140,Rain: Light,0,0,
13190,2021-09-21 11:10:00,40.634407,-74.11883,0,0,Backing Unsafely,4459816,23.1,16.4,0.0,0.0,0.0,0.0,3,14.2,29.5,108,Overcast,0,0,
13191,2021-05-08 13:30:00,40.763958,-73.82814,1,0,Reaction to Uninvolved Vehicle,4414452,11.6,7.7,4.3,4.3,0.0,9.0,61,17.5,36.4,140,Rain: Light,1,1,
13192,2021-05-08 18:15:00,40.741863,-73.90751,0,0,Driver Inattention/Distraction,4414498,11.6,7.7,4.3,4.3,0.0,9.0,61,17.5,36.4,140,Rain: Light,0,0,
13193,2021-05-08 00:27:00,40.807304,-73.92859,0,0,Driver Inexperience,4414885,11.6,7.7,4.3,4.3,0.0,9.0,61,17.5,36.4,140,Rain: Light,0,0,
13194,2021-05-08 20:45:00,40.70812,-73.999435,0,0,Unsafe Lane Changing,4414607,11.6,7.7,4.3,4.3,0.0,9.0,61,17.5,36.4,140,Rain: Light,0,0,
13195,2021-05-08 20:45:00,40.83241,-73.89072,1,0,Unspecified,4414874,11.6,7.7,4.3,4.3,0.0,9.0,61,17.5,36.4,140,Rain: Light,1,1,
13196,2021-05-07 19:32:00,40.642548,-74.016655,1,0,Failure to Yield Right-of-Way,4415095,16.4,7.7,0.0,0.0,0.0,0.0,3,15.8,32.4,73,Overcast,1,1,
13197,2021-05-07 00:40:00,40.676094,-73.94992,0,0,Following Too Closely,4415119,16.4,7.7,0.0,0.0,0.0,0.0,3,15.8,32.4,73,Overcast,0,0,
13198,2021-05-08 05:17:00,40.75291,-73.90608,0,0,Brakes Defective,4414309,11.6,7.7,4.3,4.3,0.0,9.0,61,17.5,36.4,140,Rain: Light,0,0,
13199,2021-05-02 09:50:00,40.671555,-73.94898,0,0,Other Vehicular,4415166,26.3,11.3,0.0,0.0,0.0,0.0,3,23.0,43.9,251,Overcast,0,0,
13200,2021-05-08 16:57:00,40.851936,-73.91078,0,0,Unspecified,4415050,11.6,7.7,4.3,4.3,0.0,9.0,61,17.5,36.4,140,Rain: Light,0,0,
13201,2021-05-06 16:03:00,40.675735,-73.89686,0,0,Unspecified,4415282,17.3,8.7,0.0,0.0,0.0,0.0,3,22.6,43.6,313,Overcast,0,0,
13202,2021-09-21 10:40:00,40.641205,-73.877205,0,0,Driver Inattention/Distraction,4459496,23.1,16.4,0.0,0.0,0.0,0.0,3,14.2,29.5,108,Overcast,0,0,
13203,2021-05-08 22:08:00,40.75858,-73.82562,1,0,Failure to Yield Right-of-Way,4414485,11.6,7.7,4.3,4.3,0.0,9.0,61,17.5,36.4,140,Rain: Light,1,1,
13204,2021-05-08 12:00:00,40.823086,-73.89143,0,0,Backing Unsafely,4414935,11.6,7.7,4.3,4.3,0.0,9.0,61,17.5,36.4,140,Rain: Light,0,0,
13205,2021-05-08 00:01:00,40.697582,-73.94965,0,0,Steering Failure,4415162,11.6,7.7,4.3,4.3,0.0,9.0,61,17.5,36.4,140,Rain: Light,0,0,
13206,2021-05-08 16:30:00,40.71741,-73.984,0,0,Turning Improperly,4414505,11.6,7.7,4.3,4.3,0.0,9.0,61,17.5,36.4,140,Rain: Light,0,0,
13207,2021-04-16 07:45:00,40.733597,-73.91062,0,0,Driver Inattention/Distraction,4414973,11.8,3.7,2.9,2.9,0.0,12.0,53,23.5,49.0,307,Drizzle: Moderate,0,0,
13208,2021-05-04 10:15:00,40.784042,-73.9565,0,0,Driver Inattention/Distraction,4415206,22.2,11.1,13.2,13.2,0.0,6.0,63,18.9,42.8,74,Rain: Moderate,0,0,
13209,2021-05-08 15:30:00,40.58036,-73.96761,0,0,Unspecified,4414565,11.6,7.7,4.3,4.3,0.0,9.0,61,17.5,36.4,140,Rain: Light,0,0,
13210,2021-05-07 19:30:00,40.835873,-73.8699,1,0,Unspecified,4415007,16.4,7.7,0.0,0.0,0.0,0.0,3,15.8,32.4,73,Overcast,1,1,
13211,2021-05-07 14:54:00,40.701588,-73.74865,0,0,Following Too Closely,4415265,16.4,7.7,0.0,0.0,0.0,0.0,3,15.8,32.4,73,Overcast,0,0,
13212,2021-05-08 11:45:00,40.66534,-73.743935,3,0,Turning Improperly,4414459,11.6,7.7,4.3,4.3,0.0,9.0,61,17.5,36.4,140,Rain: Light,3,3,
13213,2021-05-08 23:40:00,40.5842,-74.09472,3,0,Driver Inattention/Distraction,4414940,11.6,7.7,4.3,4.3,0.0,9.0,61,17.5,36.4,140,Rain: Light,3,3,
13214,2021-05-07 09:52:00,40.830902,-73.84765,0,0,Unspecified,4415000,16.4,7.7,0.0,0.0,0.0,0.0,3,15.8,32.4,73,Overcast,0,0,
13215,2021-05-07 17:50:00,40.799984,-73.94275,0,0,Traffic Control Disregarded,4415019,16.4,7.7,0.0,0.0,0.0,0.0,3,15.8,32.4,73,Overcast,0,0,
13216,2021-05-08 11:28:00,40.795403,-73.94188,1,0,Failure to Yield Right-of-Way,4414469,11.6,7.7,4.3,4.3,0.0,9.0,61,17.5,36.4,140,Rain: Light,1,1,
13217,2021-05-08 13:00:00,40.585037,-73.95645,0,0,Driver Inattention/Distraction,4414503,11.6,7.7,4.3,4.3,0.0,9.0,61,17.5,36.4,140,Rain: Light,0,0,
13218,2021-05-08 14:05:00,40.662006,-73.953705,0,0,Unspecified,4415226,11.6,7.7,4.3,4.3,0.0,9.0,61,17.5,36.4,140,Rain: Light,0,0,
13219,2021-05-08 04:40:00,40.686756,-73.9938,0,0,Alcohol Involvement,4415253,11.6,7.7,4.3,4.3,0.0,9.0,61,17.5,36.4,140,Rain: Light,0,0,
13220,2021-05-08 23:30:00,40.61617,-73.9546,1,0,Driver Inattention/Distraction,4414554,11.6,7.7,4.3,4.3,0.0,9.0,61,17.5,36.4,140,Rain: Light,1,1,
13221,2021-05-08 12:30:00,40.613388,-73.995995,0,0,Driver Inattention/Distraction,4414812,11.6,7.7,4.3,4.3,0.0,9.0,61,17.5,36.4,140,Rain: Light,0,0,
13222,2021-05-08 16:30:00,40.74967,-73.99531,1,0,Driver Inattention/Distraction,4415208,11.6,7.7,4.3,4.3,0.0,9.0,61,17.5,36.4,140,Rain: Light,1,1,
13223,2021-05-06 15:07:00,40.677597,-73.874794,0,0,Unsafe Lane Changing,4415049,17.3,8.7,0.0,0.0,0.0,0.0,3,22.6,43.6,313,Overcast,0,0,
13224,2021-05-08 19:20:00,40.69401,-73.9611,0,0,Unspecified,4414478,11.6,7.7,4.3,4.3,0.0,9.0,61,17.5,36.4,140,Rain: Light,0,0,
13225,2021-05-08 07:50:00,40.903347,-73.84918,0,0,Driver Inattention/Distraction,4414598,11.6,7.7,4.3,4.3,0.0,9.0,61,17.5,36.4,140,Rain: Light,0,0,
13226,2021-05-08 08:25:00,40.611008,-73.98439,1,0,Fatigued/Drowsy,4414443,11.6,7.7,4.3,4.3,0.0,9.0,61,17.5,36.4,140,Rain: Light,1,1,
13227,2021-05-08 18:30:00,40.670273,-73.91545,0,0,Alcohol Involvement,4414541,11.6,7.7,4.3,4.3,0.0,9.0,61,17.5,36.4,140,Rain: Light,0,0,
13228,2021-05-05 14:25:00,40.674828,-73.86986,0,0,Unspecified,4415284,15.1,10.8,9.9,9.9,0.0,17.0,61,21.5,42.5,23,Rain: Light,0,0,
13229,2021-05-08 08:50:00,40.820965,-73.939575,0,0,Alcohol Involvement,4414913,11.6,7.7,4.3,4.3,0.0,9.0,61,17.5,36.4,140,Rain: Light,0,0,
13230,2021-05-08 10:00:00,40.62043,-74.08444,0,0,Unsafe Speed,4414514,11.6,7.7,4.3,4.3,0.0,9.0,61,17.5,36.4,140,Rain: Light,0,0,
13231,2021-05-08 23:45:00,40.63932,-74.02356,0,0,Backing Unsafely,4415094,11.6,7.7,4.3,4.3,0.0,9.0,61,17.5,36.4,140,Rain: Light,0,0,
13232,2021-05-07 10:40:00,40.836296,-73.87369,3,0,Unspecified,4415008,16.4,7.7,0.0,0.0,0.0,0.0,3,15.8,32.4,73,Overcast,3,3,
13233,2021-05-06 11:30:00,40.82682,-73.94154,0,0,Unspecified,4415350,17.3,8.7,0.0,0.0,0.0,0.0,3,22.6,43.6,313,Overcast,0,0,
13234,2021-05-08 20:36:00,40.84758,-73.923195,1,0,Traffic Control Disregarded,4414966,11.6,7.7,4.3,4.3,0.0,9.0,61,17.5,36.4,140,Rain: Light,1,1,
13235,2021-05-08 12:11:00,40.809704,-73.8554,0,0,Failure to Yield Right-of-Way,4415015,11.6,7.7,4.3,4.3,0.0,9.0,61,17.5,36.4,140,Rain: Light,0,0,
13236,2021-05-06 13:36:00,40.852726,-73.93443,0,0,Backing Unsafely,4414996,17.3,8.7,0.0,0.0,0.0,0.0,3,22.6,43.6,313,Overcast,0,0,
13237,2021-05-08 22:45:00,40.85512,-73.872215,1,0,Unsafe Speed,4414803,11.6,7.7,4.3,4.3,0.0,9.0,61,17.5,36.4,140,Rain: Light,1,1,
13238,2021-05-08 12:30:00,40.764736,-73.98222,1,0,Driver Inattention/Distraction,4415067,11.6,7.7,4.3,4.3,0.0,9.0,61,17.5,36.4,140,Rain: Light,1,1,
13239,2021-05-08 20:00:00,40.726498,-73.72582,0,0,Unspecified,4415189,11.6,7.7,4.3,4.3,0.0,9.0,61,17.5,36.4,140,Rain: Light,0,0,
13240,2021-05-08 23:00:00,40.75783,-73.82109,0,0,Backing Unsafely,4414637,11.6,7.7,4.3,4.3,0.0,9.0,61,17.5,36.4,140,Rain: Light,0,0,
13241,2021-05-07 08:50:00,40.647297,-73.9803,0,0,Other Vehicular,4415084,16.4,7.7,0.0,0.0,0.0,0.0,3,15.8,32.4,73,Overcast,0,0,
13242,2021-05-08 10:30:00,40.869087,-73.89467,0,0,Passing Too Closely,4414620,11.6,7.7,4.3,4.3,0.0,9.0,61,17.5,36.4,140,Rain: Light,0,0,
13243,2021-05-08 04:54:00,40.844105,-73.898,0,0,Following Too Closely,4414410,11.6,7.7,4.3,4.3,0.0,9.0,61,17.5,36.4,140,Rain: Light,0,0,
13244,2021-05-07 00:40:00,40.675644,-73.94161,1,0,Traffic Control Disregarded,4415120,16.4,7.7,0.0,0.0,0.0,0.0,3,15.8,32.4,73,Overcast,1,1,
13245,2021-05-08 23:50:00,40.683384,-73.86841,0,0,Driver Inattention/Distraction,4415289,11.6,7.7,4.3,4.3,0.0,9.0,61,17.5,36.4,140,Rain: Light,0,0,
13246,2021-05-08 16:00:00,40.7148,-73.79291,0,0,Other Vehicular,4414495,11.6,7.7,4.3,4.3,0.0,9.0,61,17.5,36.4,140,Rain: Light,0,0,
13247,2021-05-08 20:20:00,40.661366,-73.92179,0,0,Driver Inattention/Distraction,4414707,11.6,7.7,4.3,4.3,0.0,9.0,61,17.5,36.4,140,Rain: Light,0,0,
13248,2021-05-05 16:30:00,40.668556,-73.88552,0,0,Unspecified,4415274,15.1,10.8,9.9,9.9,0.0,17.0,61,21.5,42.5,23,Rain: Light,0,0,
13249,2021-05-04 20:29:00,40.70091,-73.926094,0,0,Failure to Yield Right-of-Way,4415179,22.2,11.1,13.2,13.2,0.0,6.0,63,18.9,42.8,74,Rain: Moderate,0,0,
13250,2021-05-06 16:30:00,40.747734,-73.883,0,0,Driver Inattention/Distraction,4415053,17.3,8.7,0.0,0.0,0.0,0.0,3,22.6,43.6,313,Overcast,0,0,
13251,2021-05-08 16:00:00,40.685917,-73.87071,0,0,Unspecified,4415324,11.6,7.7,4.3,4.3,0.0,9.0,61,17.5,36.4,140,Rain: Light,0,0,