,CRASH DATETIME,LATITUDE,LONGITUDE,NUMBER OF PERSONS INJURED,NUMBER OF PERSONS KILLED,CONTRIBUTING FACTOR VEHICLE 1,COLLISION_ID,temperature_2m_max,temperature_2m_min,precipitation_sum,rain_sum,snowfall_sum,precipitation_hours,weather_code,wind_speed_10m_max,wind_gusts_10m_max,wind_direction_10m_dominant,Weather Description,Severity_Score,Total_Affected_Persons,Weather_Category
13252,2022-03-28 15:20:00,40.855667,-73.89968,0,0,Unspecified,4514449,0.0,-5.2,0.3,0.0,0.21,3.0,71,31.3,59.0,303,Snow fall: Light,0,0,Snowy Conditions
13253,2021-05-08 11:30:00,40.740097,-73.871346,0,0,Driver Inattention/Distraction,4414740,11.6,7.7,4.3,4.3,0.0,9.0,61,17.5,36.4,140,Rain: Light,0,0,
13254,2021-05-06 16:25:00,40.665905,-73.87778,0,0,Unspecified,4415295,17.3,8.7,0.0,0.0,0.0,0.0,3,22.6,43.6,313,Overcast,0,0,
13255,2021-05-08 03:30:00,40.71773,-73.9432,0,0,Unspecified,4414906,11.6,7.7,4.3,4.3,0.0,9.0,61,17.5,36.4,140,Rain: Light,0,0,
13256,2021-05-08 21:25:00,40.797943,-73.94003,0,0,Passing or Lane Usage Improper,4415058,11.6,7.7,4.3,4.3,0.0,9.0,61,17.5,36.4,140,Rain: Light,0,0,
13257,2021-05-08 14:40:00,40.665245,-73.73757,0,0,Unspecified,4414662,11.6,7.7,4.3,4.3,0.0,9.0,61,17.5,36.4,140,Rain: Light,0,0,
13258,2021-05-08 23:10:00,40.694256,-73.97799,0,0,Driver Inattention/Distraction,4414576,11.6,7.7,4.3,4.3,0.0,9.0,61,17.5,36.4,140,Rain: Light,0,0,
13259,2021-05-04 09:20:00,40.570877,-74.16984,1,0,Traffic Control Disregarded,4415102,22.2,11.1,13.2,13.2,0.0,6.0,63,18.9,42.8,74,Rain: Moderate,1,1,
13260,2021-05-08 22:50:00,40.708176,-73.79232,0,0,Driver Inattention/Distraction,4415135,11.6,7.7,4.3,4.3,0.0,9.0,61,17.5,36.4,140,Rain: Light,0,0,
13261,2021-05-08 19:15:00,40.754063,-73.99388,0,0,Driver Inattention/Distraction,4414951,11.6,7.7,4.3,4.3,0.0,9.0,61,17.5,36.4,140,Rain: Light,0,0,
13262,2021-05-08 18:11:00,40.83629,-73.85293,1,0,Failure to Yield Right-of-Way,4415029,11.6,7.7,4.3,4.3,0.0,9.0,61,17.5,36.4,140,Rain: Light,1,1,
13263,2021-05-08 20:21:00,40.71042,-73.85964,0,0,Following Too Closely,4414767,11.6,7.7,4.3,4.3,0.0,9.0,61,17.5,36.4,140,Rain: Light,0,0,
13264,2021-05-08 00:35:00,40.657665,-73.89705,0,0,Driver Inattention/Distraction,4415302,11.6,7.7,4.3,4.3,0.0,9.0,61,17.5,36.4,140,Rain: Light,0,0,
13265,2021-05-08 00:17:00,40.766064,-73.93089,2,0,Traffic Control Disregarded,4414878,11.6,7.7,4.3,4.3,0.0,9.0,61,17.5,36.4,140,Rain: Light,2,2,
13266,2021-05-05 15:40:00,40.75179,-73.98472,0,0,Driver Inattention/Distraction,4415205,15.1,10.8,9.9,9.9,0.0,17.0,61,21.5,42.5,23,Rain: Light,0,0,
13267,2021-05-08 14:17:00,40.675632,-73.89878,0,0,Unspecified,4415073,11.6,7.7,4.3,4.3,0.0,9.0,61,17.5,36.4,140,Rain: Light,0,0,
13268,2021-05-05 23:15:00,40.66394,-73.895805,0,0,Driver Inattention/Distraction,4415277,15.1,10.8,9.9,9.9,0.0,17.0,61,21.5,42.5,23,Rain: Light,0,0,
13269,2021-05-08 13:15:00,40.770256,-73.91586,0,0,Driver Inattention/Distraction,4414888,11.6,7.7,4.3,4.3,0.0,9.0,61,17.5,36.4,140,Rain: Light,0,0,
13270,2021-05-05 16:00:00,40.650764,-73.88481,0,0,Unspecified,4415270,15.1,10.8,9.9,9.9,0.0,17.0,61,21.5,42.5,23,Rain: Light,0,0,
13271,2021-05-07 16:50:00,40.665264,-73.86463,0,0,Alcohol Involvement,4415077,16.4,7.7,0.0,0.0,0.0,0.0,3,15.8,32.4,73,Overcast,0,0,
13272,2021-05-08 00:43:00,40.751675,-73.96488,0,0,Driver Inattention/Distraction,4414312,11.6,7.7,4.3,4.3,0.0,9.0,61,17.5,36.4,140,Rain: Light,0,0,
13273,2021-04-25 14:40:00,40.68781,-73.9237,0,0,Driver Inattention/Distraction,4415105,16.6,8.7,12.7,12.7,0.0,11.0,61,19.2,37.4,341,Rain: Light,0,0,
13274,2021-05-08 18:17:00,40.639153,-73.99142,1,0,Unspecified,4414632,11.6,7.7,4.3,4.3,0.0,9.0,61,17.5,36.4,140,Rain: Light,1,1,
13275,2021-05-05 20:03:00,40.867027,-73.917046,0,0,Following Too Closely,4414985,15.1,10.8,9.9,9.9,0.0,17.0,61,21.5,42.5,23,Rain: Light,0,0,
13276,2021-05-08 19:11:00,40.63347,-74.02102,1,0,Alcohol Involvement,4414489,11.6,7.7,4.3,4.3,0.0,9.0,61,17.5,36.4,140,Rain: Light,1,1,
13277,2021-05-06 21:34:00,40.691555,-73.93677,0,0,Unspecified,4414974,17.3,8.7,0.0,0.0,0.0,0.0,3,22.6,43.6,313,Overcast,0,0,
13278,2021-05-08 20:15:00,40.702312,-73.78478,0,0,Driver Inattention/Distraction,4415141,11.6,7.7,4.3,4.3,0.0,9.0,61,17.5,36.4,140,Rain: Light,0,0,
13279,2021-04-18 17:00:00,40.753944,-73.8598,0,0,Driver Inattention/Distraction,4415054,15.1,5.3,0.2,0.2,0.0,2.0,51,13.2,28.4,282,Drizzle: Light,0,0,
13280,2021-05-08 17:40:00,40.655563,-73.87974,0,0,Unspecified,4415319,11.6,7.7,4.3,4.3,0.0,9.0,61,17.5,36.4,140,Rain: Light,0,0,
13281,2021-05-08 11:37:00,40.762486,-73.96298,0,0,Unspecified,4414837,11.6,7.7,4.3,4.3,0.0,9.0,61,17.5,36.4,140,Rain: Light,0,0,
13282,2021-05-08 09:09:00,40.824184,-73.937225,0,0,Passing Too Closely,4414916,11.6,7.7,4.3,4.3,0.0,9.0,61,17.5,36.4,140,Rain: Light,0,0,
13283,2021-05-08 23:35:00,40.716656,-73.76915,1,0,Traffic Control Disregarded,4414513,11.6,7.7,4.3,4.3,0.0,9.0,61,17.5,36.4,140,Rain: Light,1,1,
13284,2021-05-08 13:45:00,40.583275,-73.982254,4,0,Following Too Closely,4414563,11.6,7.7,4.3,4.3,0.0,9.0,61,17.5,36.4,140,Rain: Light,4,4,
13285,2020-05-10 07:06:00,40.712288,-73.92731,1,0,Failure to Yield Right-of-Way,4415264,15.6,2.6,0.0,0.0,0.0,0.0,3,29.5,58.0,249,Overcast,1,1,
13286,2021-05-08 10:30:00,40.65802,-73.73975,0,0,Backing Unsafely,4414462,11.6,7.7,4.3,4.3,0.0,9.0,61,17.5,36.4,140,Rain: Light,0,0,
13287,2021-05-01 00:00:00,40.618057,-74.02053,0,0,Driver Inattention/Distraction,4415213,17.3,5.0,0.0,0.0,0.0,0.0,3,31.7,63.4,302,Overcast,0,0,
13288,2021-05-08 21:50:00,40.570465,-74.10977,0,0,Passing Too Closely,4414943,11.6,7.7,4.3,4.3,0.0,9.0,61,17.5,36.4,140,Rain: Light,0,0,
13289,2021-05-08 16:00:00,40.64166,-73.93705,0,0,Unspecified,4414701,11.6,7.7,4.3,4.3,0.0,9.0,61,17.5,36.4,140,Rain: Light,0,0,
13290,2021-05-07 11:45:00,40.67241,-73.863556,0,0,Unspecified,4415299,16.4,7.7,0.0,0.0,0.0,0.0,3,15.8,32.4,73,Overcast,0,0,
13291,2021-05-08 14:10:00,40.68039,-73.94956,0,0,Unspecified,4415161,11.6,7.7,4.3,4.3,0.0,9.0,61,17.5,36.4,140,Rain: Light,0,0,
13292,2021-05-06 00:00:00,40.680187,-73.86935,0,0,Unspecified,4415281,17.3,8.7,0.0,0.0,0.0,0.0,3,22.6,43.6,313,Overcast,0,0,
13293,2021-05-08 22:45:00,40.684395,-73.97835,0,0,Driver Inattention/Distraction,4414526,11.6,7.7,4.3,4.3,0.0,9.0,61,17.5,36.4,140,Rain: Light,0,0,
13294,2021-05-08 00:00:00,40.704803,-73.73808,3,0,Traffic Control Disregarded,4414586,11.6,7.7,4.3,4.3,0.0,9.0,61,17.5,36.4,140,Rain: Light,3,3,
13295,2021-04-30 18:00:00,40.61592,-74.00482,0,0,Driver Inattention/Distraction,4415032,19.9,7.6,0.4,0.4,0.0,4.0,51,36.9,82.1,289,Drizzle: Light,0,0,
13296,2021-05-08 10:09:00,40.851223,-73.8905,0,0,Unsafe Speed,4415001,11.6,7.7,4.3,4.3,0.0,9.0,61,17.5,36.4,140,Rain: Light,0,0,
13297,2021-05-07 21:35:00,40.823578,-73.878136,0,0,Unspecified,4415009,16.4,7.7,0.0,0.0,0.0,0.0,3,15.8,32.4,73,Overcast,0,0,
13298,2021-09-21 13:40:00,40.705154,-73.85597,2,0,Driver Inattention/Distraction,4459501,23.1,16.4,0.0,0.0,0.0,0.0,3,14.2,29.5,108,Overcast,2,2,
13299,2021-05-08 01:15:00,40.745842,-73.73009,3,0,Alcohol Involvement,4414458,11.6,7.7,4.3,4.3,0.0,9.0,61,17.5,36.4,140,Rain: Light,3,3,
13300,2021-05-08 20:30:00,40.830135,-73.89088,0,0,Unspecified,4414851,11.6,7.7,4.3,4.3,0.0,9.0,61,17.5,36.4,140,Rain: Light,0,0,
13301,2021-04-01 00:00:00,40.646927,-73.88074,1,0,Driver Inattention/Distraction,4415315,11.1,2.9,6.5,6.5,0.0,11.0,63,28.5,53.6,323,Rain: Moderate,1,1,
13302,2021-05-08 18:06:00,40.667236,-73.770004,0,0,Unspecified,4414484,11.6,7.7,4.3,4.3,0.0,9.0,61,17.5,36.4,140,Rain: Light,0,0,
13303,2021-05-08 17:10:00,40.66216,-73.87284,0,0,Unspecified,4415308,11.6,7.7,4.3,4.3,0.0,9.0,61,17.5,36.4,140,Rain: Light,0,0,
13304,2021-05-08 14:15:00,40.643482,-73.94491,1,0,Traffic Control Disregarded,4414785,11.6,7.7,4.3,4.3,0.0,9.0,61,17.5,36.4,140,Rain: Light,1,1,
13305,2021-05-08 17:00:00,40.607304,-74.08761,0,0,Driver Inattention/Distraction,4414947,11.6,7.7,4.3,4.3,0.0,9.0,61,17.5,36.4,140,Rain: Light,0,0,
13306,2021-05-08 02:35:00,40.85592,-73.9172,1,0,Unsafe Speed,4414438,11.6,7.7,4.3,4.3,0.0,9.0,61,17.5,36.4,140,Rain: Light,1,1,
13307,2021-05-08 23:25:00,40.88337,-73.85956,0,0,Failure to Yield Right-of-Way,4414600,11.6,7.7,4.3,4.3,0.0,9.0,61,17.5,36.4,140,Rain: Light,0,0,
13308,2021-05-07 10:45:00,40.830025,-73.872765,0,0,Unspecified,4414999,16.4,7.7,0.0,0.0,0.0,0.0,3,15.8,32.4,73,Overcast,0,0,
13309,2021-05-06 13:38:00,40.65317,-73.866875,0,0,Unspecified,4415285,17.3,8.7,0.0,0.0,0.0,0.0,3,22.6,43.6,313,Overcast,0,0,
13310,2021-05-08 12:58:00,40.814102,-73.940865,0,0,Other Vehicular,4414912,11.6,7.7,4.3,4.3,0.0,9.0,61,17.5,36.4,140,Rain: Light,0,0,
13311,2021-05-08 16:40:00,40.61637,-74.02547,0,0,Driver Inattention/Distraction,4414500,11.6,7.7,4.3,4.3,0.0,9.0,61,17.5,36.4,140,Rain: Light,0,0,
13312,2021-05-03 12:55:00,40.703865,-73.78579,0,0,Driver Inexperience,4415134,15.8,11.4,5.7,5.7,0.0,7.0,61,14.5,47.2,53,Rain: Light,0,0,
13313,2021-05-06 17:45:00,40.608543,-74.08886,1,0,Following Too Closely,4415085,17.3,8.7,0.0,0.0,0.0,0.0,3,22.6,43.6,313,Overcast,1,1,
13314,2021-05-08 17:45:00,40.61232,-73.93172,3,0,Failure to Yield Right-of-Way,4414712,11.6,7.7,4.3,4.3,0.0,9.0,61,17.5,36.4,140,Rain: Light,3,3,
13315,2021-05-08 21:35:00,40.6778,-73.823845,1,0,Driver Inattention/Distraction,4414650,11.6,7.7,4.3,4.3,0.0,9.0,61,17.5,36.4,140,Rain: Light,1,1,
13316,2021-05-08 16:10:00,40.556923,-74.17485,0,0,Driver Inattention/Distraction,4415044,11.6,7.7,4.3,4.3,0.0,9.0,61,17.5,36.4,140,Rain: Light,0,0,
13317,2021-05-06 10:30:00,40.664127,-73.94409,0,0,Driver Inattention/Distraction,4415064,17.3,8.7,0.0,0.0,0.0,0.0,3,22.6,43.6,313,Overcast,0,0,
13318,2021-05-08 22:19:00,40.744923,-73.83709,3,0,Reaction to Uninvolved Vehicle,4414745,11.6,7.7,4.3,4.3,0.0,9.0,61,17.5,36.4,140,Rain: Light,3,3,
13319,2021-05-08 23:50:00,40.658443,-73.884125,0,0,Unsafe Lane Changing,4415290,11.6,7.7,4.3,4.3,0.0,9.0,61,17.5,36.4,140,Rain: Light,0,0,
13320,2021-05-08 21:30:00,40.73566,-73.91521,3,0,Following Too Closely,4414497,11.6,7.7,4.3,4.3,0.0,9.0,61,17.5,36.4,140,Rain: Light,3,3,
13321,2021-05-05 20:42:00,40.644,-73.87584,0,0,Aggressive Driving/Road Rage,4415275,15.1,10.8,9.9,9.9,0.0,17.0,61,21.5,42.5,23,Rain: Light,0,0,
13322,2021-05-08 16:09:00,40.737553,-73.85089,0,0,Driver Inattention/Distraction,4414474,11.6,7.7,4.3,4.3,0.0,9.0,61,17.5,36.4,140,Rain: Light,0,0,
13323,2021-05-05 12:00:00,40.88742,-73.89449,2,0,Unspecified,4415146,15.1,10.8,9.9,9.9,0.0,17.0,61,21.5,42.5,23,Rain: Light,2,2,
13324,2021-05-08 19:01:00,40.75545,-73.89671,0,0,Driver Inattention/Distraction,4414958,11.6,7.7,4.3,4.3,0.0,9.0,61,17.5,36.4,140,Rain: Light,0,0,
13325,2021-05-05 21:59:00,40.66071,-73.90846,2,0,Following Too Closely,4415351,15.1,10.8,9.9,9.9,0.0,17.0,61,21.5,42.5,23,Rain: Light,2,2,
13326,2021-05-06 16:43:00,40.85533,-73.93332,0,0,Driver Inattention/Distraction,4415014,17.3,8.7,0.0,0.0,0.0,0.0,3,22.6,43.6,313,Overcast,0,0,
13327,2021-05-08 14:49:00,40.630127,-73.94482,3,0,Driver Inattention/Distraction,4414543,11.6,7.7,4.3,4.3,0.0,9.0,61,17.5,36.4,140,Rain: Light,3,3,
13328,2021-05-08 14:40:00,40.627186,-74.131065,0,0,Driver Inattention/Distraction,4414808,11.6,7.7,4.3,4.3,0.0,9.0,61,17.5,36.4,140,Rain: Light,0,0,
13329,2021-05-08 22:30:00,40.810963,-73.909904,1,0,Driver Inattention/Distraction,4414899,11.6,7.7,4.3,4.3,0.0,9.0,61,17.5,36.4,140,Rain: Light,1,1,
13330,2021-05-08 13:45:00,40.786785,-73.80971,0,0,Following Too Closely,4414471,11.6,7.7,4.3,4.3,0.0,9.0,61,17.5,36.4,140,Rain: Light,0,0,
13331,2021-05-08 03:58:00,40.85947,-73.915726,1,0,Unsafe Speed,4414412,11.6,7.7,4.3,4.3,0.0,9.0,61,17.5,36.4,140,Rain: Light,1,1,
13332,2021-05-08 13:25:00,40.867695,-73.90729,0,0,Passing Too Closely,4414618,11.6,7.7,4.3,4.3,0.0,9.0,61,17.5,36.4,140,Rain: Light,0,0,
13333,2021-05-08 04:00:00,40.678646,-74.00384,0,0,Passing Too Closely,4415252,11.6,7.7,4.3,4.3,0.0,9.0,61,17.5,36.4,140,Rain: Light,0,0,
13334,2021-05-08 22:46:00,40.62051,-73.99248,1,0,Unsafe Speed,4414820,11.6,7.7,4.3,4.3,0.0,9.0,61,17.5,36.4,140,Rain: Light,1,1,
13335,2021-05-08 03:09:00,40.63194,-74.12307,0,0,Unspecified,4414550,11.6,7.7,4.3,4.3,0.0,9.0,61,17.5,36.4,140,Rain: Light,0,0,
13336,2021-05-08 11:06:00,40.81373,-73.9221,0,0,Driver Inattention/Distraction,4415092,11.6,7.7,4.3,4.3,0.0,9.0,61,17.5,36.4,140,Rain: Light,0,0,
13337,2021-05-07 14:52:00,40.6828,-73.853065,0,0,Traffic Control Disregarded,4415122,16.4,7.7,0.0,0.0,0.0,0.0,3,15.8,32.4,73,Overcast,0,0,
13338,2021-05-07 17:49:00,40.748802,-73.89338,0,0,Passing or Lane Usage Improper,4415052,16.4,7.7,0.0,0.0,0.0,0.0,3,15.8,32.4,73,Overcast,0,0,
13339,2021-05-08 00:50:00,40.688553,-73.91245,0,0,Following Too Closely,4415180,11.6,7.7,4.3,4.3,0.0,9.0,61,17.5,36.4,140,Rain: Light,0,0,
13340,2021-05-04 06:50:00,40.708763,-73.998116,0,0,Driver Inattention/Distraction,4415342,22.2,11.1,13.2,13.2,0.0,6.0,63,18.9,42.8,74,Rain: Moderate,0,0,
13341,2021-05-08 18:00:00,40.607445,-73.99531,0,0,Unspecified,4414638,11.6,7.7,4.3,4.3,0.0,9.0,61,17.5,36.4,140,Rain: Light,0,0,
13342,2021-05-06 23:32:00,40.6783,-73.88988,0,0,Pavement Defective,4415059,17.3,8.7,0.0,0.0,0.0,0.0,3,22.6,43.6,313,Overcast,0,0,
13343,2021-05-07 17:30:00,40.66947,-73.95684,0,0,Passing Too Closely,4415227,16.4,7.7,0.0,0.0,0.0,0.0,3,15.8,32.4,73,Overcast,0,0,
13344,2021-05-08 18:00:00,40.846783,-73.907394,0,0,Unspecified,4414944,11.6,7.7,4.3,4.3,0.0,9.0,61,17.5,36.4,140,Rain: Light,0,0,
13345,2021-05-06 00:51:00,40.65698,-73.88943,1,0,Unspecified,4415271,17.3,8.7,0.0,0.0,0.0,0.0,3,22.6,43.6,313,Overcast,1,1,
13346,2021-05-08 19:34:00,40.740276,-73.92782,3,0,Traffic Control Disregarded,4414491,11.6,7.7,4.3,4.3,0.0,9.0,61,17.5,36.4,140,Rain: Light,3,3,
13347,2021-05-05 17:10:00,40.704853,-73.83733,0,0,Following Too Closely,4414987,15.1,10.8,9.9,9.9,0.0,17.0,61,21.5,42.5,23,Rain: Light,0,0,
13348,2021-05-08 10:10:00,40.693523,-73.9522,0,0,Driver Inattention/Distraction,4415160,11.6,7.7,4.3,4.3,0.0,9.0,61,17.5,36.4,140,Rain: Light,0,0,
13349,2021-05-08 18:10:00,40.85114,-73.788475,0,0,Turning Improperly,4414924,11.6,7.7,4.3,4.3,0.0,9.0,61,17.5,36.4,140,Rain: Light,0,0,
13350,2021-05-08 20:15:00,40.667973,-73.750824,3,0,Unspecified,4414482,11.6,7.7,4.3,4.3,0.0,9.0,61,17.5,36.4,140,Rain: Light,3,3,
13351,2021-05-08 00:38:00,40.660034,-73.904396,1,0,Following Too Closely,4414534,11.6,7.7,4.3,4.3,0.0,9.0,61,17.5,36.4,140,Rain: Light,1,1,
13352,2021-05-08 10:10:00,40.68319,-73.8663,1,0,Following Too Closely,4415018,11.6,7.7,4.3,4.3,0.0,9.0,61,17.5,36.4,140,Rain: Light,1,1,
13353,2021-05-08 02:45:00,40.819878,-73.85777,2,0,Driver Inattention/Distraction,4415010,11.6,7.7,4.3,4.3,0.0,9.0,61,17.5,36.4,140,Rain: Light,2,2,
13354,2021-05-08 14:10:00,40.662186,-73.737946,1,0,Unspecified,4414463,11.6,7.7,4.3,4.3,0.0,9.0,61,17.5,36.4,140,Rain: Light,1,1,
13355,2021-05-08 19:39:00,40.692604,-73.92751,0,0,Driver Inattention/Distraction,4415182,11.6,7.7,4.3,4.3,0.0,9.0,61,17.5,36.4,140,Rain: Light,0,0,
13356,2021-05-05 19:30:00,40.658577,-73.89063,0,0,Unspecified,4415276,15.1,10.8,9.9,9.9,0.0,17.0,61,21.5,42.5,23,Rain: Light,0,0,
13357,2021-05-04 17:30:00,40.615185,-74.10258,2,0,Unsafe Lane Changing,4415055,22.2,11.1,13.2,13.2,0.0,6.0,63,18.9,42.8,74,Rain: Moderate,2,2,
13358,2021-05-06 11:39:00,40.660656,-73.885796,0,0,Unspecified,4415298,17.3,8.7,0.0,0.0,0.0,0.0,3,22.6,43.6,313,Overcast,0,0,
13359,2021-05-08 20:00:00,40.743214,-73.907166,1,0,Driver Inattention/Distraction,4414758,11.6,7.7,4.3,4.3,0.0,9.0,61,17.5,36.4,140,Rain: Light,1,1,
13360,2021-05-07 01:30:00,40.6792,-73.9553,1,0,Pedestrian/Bicyclist/Other Pedestrian Error/Confusion,4415116,16.4,7.7,0.0,0.0,0.0,0.0,3,15.8,32.4,73,Overcast,1,1,
13361,2021-05-08 04:44:00,40.609333,-73.996925,0,0,Obstruction/Debris,4414321,11.6,7.7,4.3,4.3,0.0,9.0,61,17.5,36.4,140,Rain: Light,0,0,
13362,2021-05-04 00:00:00,40.858162,-73.91699,0,0,Unsafe Lane Changing,4415262,22.2,11.1,13.2,13.2,0.0,6.0,63,18.9,42.8,74,Rain: Moderate,0,0,
13363,2021-05-08 16:31:00,40.77602,-73.951454,0,0,Driver Inattention/Distraction,4414847,11.6,7.7,4.3,4.3,0.0,9.0,61,17.5,36.4,140,Rain: Light,0,0,
13364,2021-05-08 20:12:00,40.767647,-73.92078,1,0,Failure to Yield Right-of-Way,4414895,11.6,7.7,4.3,4.3,0.0,9.0,61,17.5,36.4,140,Rain: Light,1,1,
13365,2021-05-08 19:10:00,40.653454,-73.88466,0,0,Unspecified,4415318,11.6,7.7,4.3,4.3,0.0,9.0,61,17.5,36.4,140,Rain: Light,0,0,
13366,2021-05-07 12:00:00,40.692974,-73.90811,1,0,Driver Inattention/Distraction,4415174,16.4,7.7,0.0,0.0,0.0,0.0,3,15.8,32.4,73,Overcast,1,1,
13367,2021-05-08 12:30:00,40.619396,-73.969574,0,0,Unspecified,4414628,11.6,7.7,4.3,4.3,0.0,9.0,61,17.5,36.4,140,Rain: Light,0,0,
13368,2021-09-21 16:00:00,40.798176,-73.93381,0,0,Unspecified,4459733,23.1,16.4,0.0,0.0,0.0,0.0,3,14.2,29.5,108,Overcast,0,0,
13369,2021-05-08 16:50:00,40.66077,-73.91975,3,0,Unspecified,4414698,11.6,7.7,4.3,4.3,0.0,9.0,61,17.5,36.4,140,Rain: Light,3,3,
13370,2021-05-08 07:55:00,40.66931,-73.89568,1,0,Unspecified,4415304,11.6,7.7,4.3,4.3,0.0,9.0,61,17.5,36.4,140,Rain: Light,1,1,
13371,2021-05-08 11:22:00,40.75719,-73.90828,2,0,Failure to Yield Right-of-Way,4414879,11.6,7.7,4.3,4.3,0.0,9.0,61,17.5,36.4,140,Rain: Light,2,2,
13372,2021-05-08 22:30:00,40.711033,-73.7281,0,0,Passing or Lane Usage Improper,4414508,11.6,7.7,4.3,4.3,0.0,9.0,61,17.5,36.4,140,Rain: Light,0,0,
13373,2021-05-08 09:00:00,40.734566,-73.72269,0,0,Reaction to Uninvolved Vehicle,4414457,11.6,7.7,4.3,4.3,0.0,9.0,61,17.5,36.4,140,Rain: Light,0,0,
13374,2021-05-05 21:45:00,40.65904,-73.87593,2,0,Unspecified,4414976,15.1,10.8,9.9,9.9,0.0,17.0,61,21.5,42.5,23,Rain: Light,2,2,
13375,2021-05-08 11:49:00,40.80192,-73.93417,0,0,Driver Inattention/Distraction,4415040,11.6,7.7,4.3,4.3,0.0,9.0,61,17.5,36.4,140,Rain: Light,0,0,
13376,2021-05-08 14:25:00,40.66457,-73.73777,0,0,Unspecified,4414587,11.6,7.7,4.3,4.3,0.0,9.0,61,17.5,36.4,140,Rain: Light,0,0,
13377,2021-05-08 07:30:00,40.575512,-73.98241,0,0,Pavement Slippery,4414562,11.6,7.7,4.3,4.3,0.0,9.0,61,17.5,36.4,140,Rain: Light,0,0,
13378,2021-04-30 00:20:00,40.669273,-73.950554,2,0,Other Vehicular,4415204,19.9,7.6,0.4,0.4,0.0,4.0,51,36.9,82.1,289,Drizzle: Light,2,2,
13379,2021-05-08 20:40:00,40.792015,-73.98051,1,0,Reaction to Uninvolved Vehicle,4414660,11.6,7.7,4.3,4.3,0.0,9.0,61,17.5,36.4,140,Rain: Light,1,1,
13380,2021-05-08 18:25:00,40.65251,-73.921555,2,0,Unspecified,4414782,11.6,7.7,4.3,4.3,0.0,9.0,61,17.5,36.4,140,Rain: Light,2,2,
13381,2021-05-08 20:36:00,40.70241,-73.79253,1,0,Driver Inattention/Distraction,4415140,11.6,7.7,4.3,4.3,0.0,9.0,61,17.5,36.4,140,Rain: Light,1,1,
13382,2021-05-08 23:00:00,40.701836,-73.82211,1,0,Traffic Control Disregarded,4415078,11.6,7.7,4.3,4.3,0.0,9.0,61,17.5,36.4,140,Rain: Light,1,1,
13383,2021-05-06 18:30:00,40.672333,-73.901764,1,0,Failure to Yield Right-of-Way,4415294,17.3,8.7,0.0,0.0,0.0,0.0,3,22.6,43.6,313,Overcast,1,1,
13384,2021-05-08 18:35:00,40.656944,-73.88082,0,0,Unspecified,4415309,11.6,7.7,4.3,4.3,0.0,9.0,61,17.5,36.4,140,Rain: Light,0,0,
13385,2021-05-08 21:46:00,40.59287,-73.95716,0,0,Unspecified,4414832,11.6,7.7,4.3,4.3,0.0,9.0,61,17.5,36.4,140,Rain: Light,0,0,
13386,2021-05-08 12:00:00,40.69217,-73.95194,0,0,Passing or Lane Usage Improper,4414639,11.6,7.7,4.3,4.3,0.0,9.0,61,17.5,36.4,140,Rain: Light,0,0,
13387,2021-05-06 08:20:00,40.660656,-73.885796,0,0,Unspecified,4415280,17.3,8.7,0.0,0.0,0.0,0.0,3,22.6,43.6,313,Overcast,0,0,
13388,2021-05-07 11:50:00,40.76213,-73.97037,0,0,Unspecified,4415072,16.4,7.7,0.0,0.0,0.0,0.0,3,15.8,32.4,73,Overcast,0,0,
13389,2021-05-08 19:52:00,40.598392,-73.90629,0,0,Passing or Lane Usage Improper,4414727,11.6,7.7,4.3,4.3,0.0,9.0,61,17.5,36.4,140,Rain: Light,0,0,
13390,2021-09-20 19:30:00,40.66331,-73.92106,0,0,Driver Inattention/Distraction,4460175,23.1,14.9,0.0,0.0,0.0,0.0,3,17.0,34.2,116,Overcast,0,0,
13391,2021-09-21 09:28:00,40.66617,-73.988815,1,0,Passing or Lane Usage Improper,4459534,23.1,16.4,0.0,0.0,0.0,0.0,3,14.2,29.5,108,Overcast,1,1,
13392,2021-09-21 14:17:00,40.734657,-73.79755,1,0,Pedestrian/Bicyclist/Other Pedestrian Error/Confusion,4459779,23.1,16.4,0.0,0.0,0.0,0.0,3,14.2,29.5,108,Overcast,1,1,
13393,2021-08-25 10:25:00,40.690742,-73.939575,0,0,Driver Inattention/Distraction,4460219,31.2,20.1,0.0,0.0,0.0,0.0,3,10.2,18.7,277,Overcast,0,0,
13394,2021-09-21 20:08:00,40.58566,-73.81729,1,0,Pavement Slippery,4459568,23.1,16.4,0.0,0.0,0.0,0.0,3,14.2,29.5,108,Overcast,1,1,
13395,2021-09-21 20:30:00,40.698925,-73.80273,0,0,Driver Inattention/Distraction,4459874,23.1,16.4,0.0,0.0,0.0,0.0,3,14.2,29.5,108,Overcast,0,0,
13396,2021-08-07 11:00:00,40.687496,-73.93297,0,0,Driver Inattention/Distraction,4460256,29.7,19.9,0.0,0.0,0.0,0.0,3,24.2,45.0,198,Overcast,0,0,
13397,2021-09-21 07:29:00,40.76838,-73.96727,0,0,Driver Inattention/Distraction,4459455,23.1,16.4,0.0,0.0,0.0,0.0,3,14.2,29.5,108,Overcast,0,0,
13398,2021-09-21 10:20:00,40.844685,-73.9408,0,0,Passing Too Closely,4459738,23.1,16.4,0.0,0.0,0.0,0.0,3,14.2,29.5,108,Overcast,0,0,