,CRASH DATETIME,LATITUDE,LONGITUDE,NUMBER OF PERSONS INJURED,NUMBER OF PERSONS KILLED,CONTRIBUTING FACTOR VEHICLE 1,COLLISION_ID,temperature_2m_max,temperature_2m_min,precipitation_sum,rain_sum,snowfall_sum,precipitation_hours,weather_code,wind_speed_10m_max,wind_gusts_10m_max,wind_direction_10m_dominant,Weather Description,Severity_Score,Total_Affected_Persons,Weather_Category
13399,2021-09-21 14:30:00,40.834522,-73.87183,2,0,Driver Inattention/Distraction,4459854,23.1,16.4,0.0,0.0,0.0,0.0,3,14.2,29.5,108,Overcast,2,2,
13400,2021-09-21 21:50:00,40.728977,-73.868484,1,0,Backing Unsafely,4459935,23.1,16.4,0.0,0.0,0.0,0.0,3,14.2,29.5,108,Overcast,1,1,
13401,2021-09-21 11:54:00,40.85948,-73.8872,1,0,Driver Inattention/Distraction,4459479,23.1,16.4,0.0,0.0,0.0,0.0,3,14.2,29.5,108,Overcast,1,1,
13402,2021-09-21 08:47:00,40.746033,-73.9768,1,0,Unsafe Lane Changing,4459533,23.1,16.4,0.0,0.0,0.0,0.0,3,14.2,29.5,108,Overcast,1,1,
13403,2021-09-17 13:15:00,40.60069,-74.010056,0,0,Traffic Control Disregarded,4460235,23.6,20.1,1.0,1.0,0.0,7.0,51,20.3,38.9,59,Drizzle: Light,0,0,
13404,2021-07-17 22:45:00,40.67351,-73.871475,0,0,Unspecified,4460250,30.8,23.3,5.1,5.1,0.0,5.0,61,17.8,36.4,201,Rain: Light,0,0,
13405,2021-09-21 20:50:00,40.63011,-74.01001,1,0,Driver Inattention/Distraction,4459560,23.1,16.4,0.0,0.0,0.0,0.0,3,14.2,29.5,108,Overcast,1,1,
13406,2021-09-21 15:05:00,40.675766,-73.887245,1,0,Failure to Yield Right-of-Way,4459662,23.1,16.4,0.0,0.0,0.0,0.0,3,14.2,29.5,108,Overcast,1,1,
13407,2021-09-21 22:50:00,40.79143,-73.94687,1,0,Unspecified,4460016,23.1,16.4,0.0,0.0,0.0,0.0,3,14.2,29.5,108,Overcast,1,1,
13408,2021-09-11 01:40:00,40.76943,-73.91025,1,0,Following Too Closely,4460166,24.7,12.9,0.0,0.0,0.0,0.0,3,16.6,34.2,246,Overcast,1,1,
13409,2021-09-21 12:47:00,40.753777,-73.78619,1,0,,4459486,23.1,16.4,0.0,0.0,0.0,0.0,3,14.2,29.5,108,Overcast,1,1,
13410,2021-09-21 20:40:00,40.75472,-73.81704,1,0,Following Too Closely,4459576,23.1,16.4,0.0,0.0,0.0,0.0,3,14.2,29.5,108,Overcast,1,1,
13411,2021-09-21 08:00:00,40.673855,-73.864555,0,0,Unspecified,4459443,23.1,16.4,0.0,0.0,0.0,0.0,3,14.2,29.5,108,Overcast,0,0,
13412,2021-09-21 18:45:00,40.712627,-73.965,0,0,Fatigued/Drowsy,4459552,23.1,16.4,0.0,0.0,0.0,0.0,3,14.2,29.5,108,Overcast,0,0,
13413,2021-09-21 16:12:00,40.63494,-74.07882,0,0,Driver Inattention/Distraction,4460277,23.1,16.4,0.0,0.0,0.0,0.0,3,14.2,29.5,108,Overcast,0,0,
13414,2021-09-21 13:05:00,40.63164,-74.16172,1,0,Driver Inattention/Distraction,4459725,23.1,16.4,0.0,0.0,0.0,0.0,3,14.2,29.5,108,Overcast,1,1,
13415,2021-09-21 12:06:00,40.74958,-73.97373,0,0,Driver Inattention/Distraction,4459540,23.1,16.4,0.0,0.0,0.0,0.0,3,14.2,29.5,108,Overcast,0,0,
13416,2021-09-21 08:30:00,40.60855,-74.13216,0,0,Driver Inattention/Distraction,4460099,23.1,16.4,0.0,0.0,0.0,0.0,3,14.2,29.5,108,Overcast,0,0,
13417,2021-09-21 21:58:00,40.862133,-73.8266,1,0,Unspecified,4459887,23.1,16.4,0.0,0.0,0.0,0.0,3,14.2,29.5,108,Overcast,1,1,
13418,2021-09-19 00:00:00,40.816067,-73.91765,1,0,Unspecified,4460376,23.6,16.8,0.0,0.0,0.0,0.0,2,17.6,35.6,0,Partly cloudy,1,1,
13419,2021-09-21 15:30:00,40.622154,-73.99834,0,0,Unspecified,4459606,23.1,16.4,0.0,0.0,0.0,0.0,3,14.2,29.5,108,Overcast,0,0,
13420,2021-09-21 23:20:00,40.71572,-73.825745,0,0,Unspecified,4459775,23.1,16.4,0.0,0.0,0.0,0.0,3,14.2,29.5,108,Overcast,0,0,
13421,2021-09-21 20:54:00,40.90651,-73.84889,1,0,Driver Inattention/Distraction,4459915,23.1,16.4,0.0,0.0,0.0,0.0,3,14.2,29.5,108,Overcast,1,1,
13422,2021-09-21 16:28:00,40.882835,-73.888016,1,0,Following Too Closely,4459841,23.1,16.4,0.0,0.0,0.0,0.0,3,14.2,29.5,108,Overcast,1,1,
13423,2021-09-21 14:15:00,40.595383,-73.779945,2,0,Failure to Yield Right-of-Way,4459655,23.1,16.4,0.0,0.0,0.0,0.0,3,14.2,29.5,108,Overcast,2,2,
13424,2021-09-19 21:00:00,40.657482,-73.92141,0,0,Unspecified,4460070,23.6,16.8,0.0,0.0,0.0,0.0,2,17.6,35.6,0,Partly cloudy,0,0,
13425,2021-09-15 02:00:00,40.67159,-73.77981,0,0,Following Too Closely,4460210,29.6,20.7,0.3,0.3,0.0,3.0,51,21.6,40.7,192,Drizzle: Light,0,0,
13426,2021-09-21 11:13:00,40.785763,-73.85237,0,0,Passing Too Closely,4459590,23.1,16.4,0.0,0.0,0.0,0.0,3,14.2,29.5,108,Overcast,0,0,
13427,2021-09-21 18:10:00,40.845882,-73.930435,0,0,Following Too Closely,4460088,23.1,16.4,0.0,0.0,0.0,0.0,3,14.2,29.5,108,Overcast,0,0,
13428,2021-09-11 11:45:00,40.82674,-73.8879,0,0,Unspecified,4460398,24.7,12.9,0.0,0.0,0.0,0.0,3,16.6,34.2,246,Overcast,0,0,
13429,2021-09-21 00:25:00,40.677208,-73.89723,0,0,Driver Inexperience,4459411,23.1,16.4,0.0,0.0,0.0,0.0,3,14.2,29.5,108,Overcast,0,0,
13430,2021-09-20 17:05:00,40.809166,-73.94449,0,0,Unspecified,4460119,23.1,14.9,0.0,0.0,0.0,0.0,3,17.0,34.2,116,Overcast,0,0,
13431,2021-08-04 16:15:00,40.69832,-73.962265,1,0,Following Too Closely,4460288,24.3,17.5,0.1,0.1,0.0,1.0,51,13.7,27.4,57,Drizzle: Light,1,1,
13432,2021-09-21 16:30:00,40.759823,-73.776115,1,0,Driver Inattention/Distraction,4459520,23.1,16.4,0.0,0.0,0.0,0.0,3,14.2,29.5,108,Overcast,1,1,
13433,2021-09-21 17:45:00,40.668785,-73.80486,0,0,Steering Failure,4459626,23.1,16.4,0.0,0.0,0.0,0.0,3,14.2,29.5,108,Overcast,0,0,
13434,2021-09-16 05:25:00,40.703438,-73.90228,0,0,Unspecified,4460263,23.9,19.1,4.0,4.0,0.0,10.0,55,18.8,37.8,38,Drizzle: Dense,0,0,
13435,2021-09-21 15:10:00,40.741447,-73.84603,0,0,Driver Inattention/Distraction,4460027,23.1,16.4,0.0,0.0,0.0,0.0,3,14.2,29.5,108,Overcast,0,0,
13436,2021-09-21 10:50:00,40.71406,-73.95292,0,0,Following Too Closely,4459637,23.1,16.4,0.0,0.0,0.0,0.0,3,14.2,29.5,108,Overcast,0,0,
13437,2021-08-12 18:10:00,40.671032,-73.93927,1,0,Unspecified,4460295,35.2,23.1,0.0,0.0,0.0,0.0,3,21.0,47.5,220,Overcast,1,1,
13438,2021-09-21 21:39:00,40.705647,-73.87677,0,0,Backing Unsafely,4459718,23.1,16.4,0.0,0.0,0.0,0.0,3,14.2,29.5,108,Overcast,0,0,
13439,2021-09-21 19:43:00,40.74618,-73.85293,1,0,Unsafe Speed,4460043,23.1,16.4,0.0,0.0,0.0,0.0,3,14.2,29.5,108,Overcast,1,1,
13440,2021-09-21 08:00:00,40.595993,-73.94973,0,0,Unspecified,4459613,23.1,16.4,0.0,0.0,0.0,0.0,3,14.2,29.5,108,Overcast,0,0,
13441,2021-09-21 15:55:00,40.63742,-73.92401,3,0,Unspecified,4459570,23.1,16.4,0.0,0.0,0.0,0.0,3,14.2,29.5,108,Overcast,3,3,
13442,2021-09-04 16:06:00,40.825047,-73.88123,0,0,Alcohol Involvement,4460105,25.2,14.5,0.0,0.0,0.0,0.0,3,15.4,27.0,289,Overcast,0,0,
13443,2021-07-06 12:24:00,40.69346,-73.93327,0,0,Unspecified,4460151,33.6,21.9,2.1,2.1,0.0,4.0,61,21.8,49.7,231,Rain: Light,0,0,
13444,2021-09-21 12:30:00,40.768448,-73.98701,1,0,Unspecified,4459756,23.1,16.4,0.0,0.0,0.0,0.0,3,14.2,29.5,108,Overcast,1,1,
13445,2021-09-21 15:00:00,40.76698,-73.835266,0,0,Other Vehicular,4459971,23.1,16.4,0.0,0.0,0.0,0.0,3,14.2,29.5,108,Overcast,0,0,
13446,2021-09-21 22:47:00,40.809227,-73.923164,0,0,Driver Inattention/Distraction,4459647,23.1,16.4,0.0,0.0,0.0,0.0,3,14.2,29.5,108,Overcast,0,0,
13447,2021-09-21 10:39:00,40.901493,-73.87894,1,1,Unsafe Speed,4460303,23.1,16.4,0.0,0.0,0.0,0.0,3,14.2,29.5,108,Overcast,21,2,
13448,2021-09-21 16:10:00,40.85447,-73.91008,0,0,Passing Too Closely,4459682,23.1,16.4,0.0,0.0,0.0,0.0,3,14.2,29.5,108,Overcast,0,0,
13449,2021-07-02 11:45:00,40.681767,-73.93059,0,0,Following Too Closely,4460217,24.3,19.2,29.6,29.6,0.0,23.0,63,14.1,27.7,284,Rain: Moderate,0,0,
13450,2021-09-17 08:30:00,40.57686,-73.98266,0,0,Driver Inattention/Distraction,4460078,23.6,20.1,1.0,1.0,0.0,7.0,51,20.3,38.9,59,Drizzle: Light,0,0,
13451,2021-09-21 17:41:00,40.716812,-73.99777,0,0,Driver Inattention/Distraction,4459701,23.1,16.4,0.0,0.0,0.0,0.0,3,14.2,29.5,108,Overcast,0,0,
13452,2021-08-10 20:20:00,40.6771,-73.92479,0,0,Driver Inattention/Distraction,4460259,27.3,20.4,3.8,3.8,0.0,11.0,61,18.0,36.0,170,Rain: Light,0,0,
13453,2021-09-20 15:26:00,40.71997,-73.992905,1,0,Traffic Control Disregarded,4460083,23.1,14.9,0.0,0.0,0.0,0.0,3,17.0,34.2,116,Overcast,1,1,
13454,2021-09-21 06:16:00,40.68645,-73.761185,2,0,Failure to Yield Right-of-Way,4459367,23.1,16.4,0.0,0.0,0.0,0.0,3,14.2,29.5,108,Overcast,2,2,
13455,2021-09-15 13:00:00,40.736668,-73.997345,0,0,Driver Inattention/Distraction,4460179,29.6,20.7,0.3,0.3,0.0,3.0,51,21.6,40.7,192,Drizzle: Light,0,0,
13456,2021-09-21 18:11:00,40.705807,-73.82735,0,0,Other Vehicular,4460108,23.1,16.4,0.0,0.0,0.0,0.0,3,14.2,29.5,108,Overcast,0,0,
13457,2021-09-21 20:40:00,40.75896,-73.82985,1,0,Unspecified,4459589,23.1,16.4,0.0,0.0,0.0,0.0,3,14.2,29.5,108,Overcast,1,1,
13458,2021-09-21 22:10:00,40.620663,-74.12569,0,0,Driver Inattention/Distraction,4459817,23.1,16.4,0.0,0.0,0.0,0.0,3,14.2,29.5,108,Overcast,0,0,
13459,2021-09-21 13:00:00,40.70051,-73.89421,0,0,Unspecified,4459504,23.1,16.4,0.0,0.0,0.0,0.0,3,14.2,29.5,108,Overcast,0,0,
13460,2021-09-21 21:00:00,40.769115,-73.98856,0,0,Unspecified,4459791,23.1,16.4,0.0,0.0,0.0,0.0,3,14.2,29.5,108,Overcast,0,0,
13461,2021-09-18 02:00:00,40.71582,-73.81759,0,0,Unspecified,4460156,27.1,19.2,0.2,0.2,0.0,2.0,51,14.6,25.9,349,Drizzle: Light,0,0,
13462,2021-09-21 16:43:00,40.74849,-73.86355,0,0,Unsafe Speed,4460028,23.1,16.4,0.0,0.0,0.0,0.0,3,14.2,29.5,108,Overcast,0,0,
13463,2021-09-21 22:42:00,40.761944,-73.76699,0,0,Driver Inattention/Distraction,4459651,23.1,16.4,0.0,0.0,0.0,0.0,3,14.2,29.5,108,Overcast,0,0,
13464,2021-09-19 15:04:00,40.688698,-73.942085,1,0,Pedestrian/Bicyclist/Other Pedestrian Error/Confusion,4460337,23.6,16.8,0.0,0.0,0.0,0.0,2,17.6,35.6,0,Partly cloudy,1,1,
13465,2021-09-21 22:09:00,40.671604,-73.86907,0,0,Driver Inattention/Distraction,4459667,23.1,16.4,0.0,0.0,0.0,0.0,3,14.2,29.5,108,Overcast,0,0,
13466,2021-09-21 15:51:00,40.653584,-73.96518,0,0,Unspecified,4459947,23.1,16.4,0.0,0.0,0.0,0.0,3,14.2,29.5,108,Overcast,0,0,
13467,2021-09-21 12:32:00,40.83155,-73.94115,1,0,Following Too Closely,4459729,23.1,16.4,0.0,0.0,0.0,0.0,3,14.2,29.5,108,Overcast,1,1,
13468,2021-09-21 00:00:00,40.75613,-73.96761,1,0,Driver Inattention/Distraction,4459538,23.1,16.4,0.0,0.0,0.0,0.0,3,14.2,29.5,108,Overcast,1,1,
13469,2021-09-21 14:56:00,40.766357,-73.7811,1,0,Fell Asleep,4459567,23.1,16.4,0.0,0.0,0.0,0.0,3,14.2,29.5,108,Overcast,1,1,
13470,2021-08-24 09:30:00,40.83636,-73.91817,0,0,Driver Inattention/Distraction,4460255,30.6,21.9,0.0,0.0,0.0,0.0,1,13.9,28.1,291,Mainly clear,0,0,Sunny/Clear Conditions
13471,2021-09-21 10:16:00,40.609604,-73.91378,0,0,Driver Inattention/Distraction,4459459,23.1,16.4,0.0,0.0,0.0,0.0,3,14.2,29.5,108,Overcast,0,0,
13472,2021-09-11 08:00:00,40.67774,-73.936,1,0,Driver Inattention/Distraction,4460222,24.7,12.9,0.0,0.0,0.0,0.0,3,16.6,34.2,246,Overcast,1,1,
13473,2021-09-21 11:53:00,40.786175,-73.9457,1,0,Traffic Control Disregarded,4459740,23.1,16.4,0.0,0.0,0.0,0.0,3,14.2,29.5,108,Overcast,1,1,
13474,2021-09-21 08:00:00,40.668224,-73.81868,2,0,Driver Inattention/Distraction,4459622,23.1,16.4,0.0,0.0,0.0,0.0,3,14.2,29.5,108,Overcast,2,2,
13475,2021-08-12 17:35:00,40.671185,-73.94204,1,0,Passing or Lane Usage Improper,4460300,35.2,23.1,0.0,0.0,0.0,0.0,3,21.0,47.5,220,Overcast,1,1,
13476,2021-09-20 15:40:00,40.760185,-73.9147,0,0,Passing Too Closely,4460171,23.1,14.9,0.0,0.0,0.0,0.0,3,17.0,34.2,116,Overcast,0,0,
13477,2021-09-21 11:46:00,40.75613,-73.96761,0,0,Driver Inattention/Distraction,4459544,23.1,16.4,0.0,0.0,0.0,0.0,3,14.2,29.5,108,Overcast,0,0,
13478,2021-09-21 18:00:00,40.718304,-73.987404,1,0,Failure to Yield Right-of-Way,4459976,23.1,16.4,0.0,0.0,0.0,0.0,3,14.2,29.5,108,Overcast,1,1,
13479,2021-09-21 20:15:00,40.692062,-73.95191,0,0,Following Too Closely,4459861,23.1,16.4,0.0,0.0,0.0,0.0,3,14.2,29.5,108,Overcast,0,0,
13480,2021-12-18 20:10:00,40.60567,-74.030945,2,0,Following Too Closely,4488786,6.3,4.5,3.8,3.8,0.0,9.0,61,12.3,24.5,35,Rain: Light,2,2,
13481,2021-08-23 09:50:00,40.676445,-73.92762,0,0,Driver Inattention/Distraction,4460304,28.7,22.0,36.1,36.1,0.0,19.0,65,27.4,49.3,230,Rain: Heavy,0,0,
13482,2021-09-21 09:10:00,40.71154,-73.83624,0,0,Traffic Control Disregarded,4459454,23.1,16.4,0.0,0.0,0.0,0.0,3,14.2,29.5,108,Overcast,0,0,
13483,2021-09-21 11:30:00,40.58227,-73.98612,1,0,Other Vehicular,4459677,23.1,16.4,0.0,0.0,0.0,0.0,3,14.2,29.5,108,Overcast,1,1,
13484,2021-09-15 15:50:00,40.893425,-73.88347,0,0,Unsafe Speed,4460328,29.6,20.7,0.3,0.3,0.0,3.0,51,21.6,40.7,192,Drizzle: Light,0,0,
13485,2021-09-07 23:40:00,40.868458,-73.8214,0,0,Driver Inattention/Distraction,4460391,25.9,15.2,0.0,0.0,0.0,0.0,1,12.5,25.6,259,Mainly clear,0,0,Sunny/Clear Conditions
13486,2021-09-21 10:50:00,40.67338,-73.89472,1,0,Following Too Closely,4459494,23.1,16.4,0.0,0.0,0.0,0.0,3,14.2,29.5,108,Overcast,1,1,
13487,2021-09-21 13:50:00,40.84987,-73.88991,0,0,Reaction to Uninvolved Vehicle,4459751,23.1,16.4,0.0,0.0,0.0,0.0,3,14.2,29.5,108,Overcast,0,0,
13488,2021-09-21 01:27:00,40.572037,-74.144196,0,0,Unsafe Speed,4459431,23.1,16.4,0.0,0.0,0.0,0.0,3,14.2,29.5,108,Overcast,0,0,
13489,2021-09-21 22:00:00,40.759476,-73.81468,1,0,Failure to Yield Right-of-Way,4459577,23.1,16.4,0.0,0.0,0.0,0.0,3,14.2,29.5,108,Overcast,1,1,
13490,2021-09-21 17:35:00,40.878643,-73.871605,0,0,Unspecified,4459850,23.1,16.4,0.0,0.0,0.0,0.0,3,14.2,29.5,108,Overcast,0,0,
13491,2021-09-21 16:00:00,40.641525,-74.0995,0,0,Unspecified,4460278,23.1,16.4,0.0,0.0,0.0,0.0,3,14.2,29.5,108,Overcast,0,0,
13492,2021-09-21 14:10:00,40.800793,-73.93492,1,0,Driver Inattention/Distraction,4459724,23.1,16.4,0.0,0.0,0.0,0.0,3,14.2,29.5,108,Overcast,1,1,
13493,2021-09-21 16:25:00,40.703445,-73.79991,0,0,Driver Inattention/Distraction,4459531,23.1,16.4,0.0,0.0,0.0,0.0,3,14.2,29.5,108,Overcast,0,0,
13494,2021-09-21 23:10:00,40.75769,-73.97911,1,0,Unspecified,4460146,23.1,16.4,0.0,0.0,0.0,0.0,3,14.2,29.5,108,Overcast,1,1,
13495,2021-09-21 08:29:00,40.81793,-73.9053,1,0,Other Vehicular,4459631,23.1,16.4,0.0,0.0,0.0,0.0,3,14.2,29.5,108,Overcast,1,1,
13496,2021-09-21 07:39:00,40.609196,-74.004234,1,0,Driver Inattention/Distraction,4459607,23.1,16.4,0.0,0.0,0.0,0.0,3,14.2,29.5,108,Overcast,1,1,
13497,2021-09-16 19:15:00,40.667286,-73.959915,0,0,Driver Inexperience,4460069,23.9,19.1,4.0,4.0,0.0,10.0,55,18.8,37.8,38,Drizzle: Dense,0,0,
13498,2021-09-21 08:15:00,40.602295,-73.752174,0,0,Unspecified,4459638,23.1,16.4,0.0,0.0,0.0,0.0,3,14.2,29.5,108,Overcast,0,0,
13499,2021-09-02 14:00:00,40.675926,-73.95608,0,0,Backing Unsafely,4460291,24.5,15.0,24.6,24.6,0.0,5.0,65,43.0,83.5,344,Rain: Heavy,0,0,
13500,2021-09-21 12:40:00,40.69603,-73.943535,1,0,Failure to Yield Right-of-Way,4459527,23.1,16.4,0.0,0.0,0.0,0.0,3,14.2,29.5,108,Overcast,1,1,
13501,2021-09-12 07:15:00,40.677288,-73.92824,0,0,Driver Inattention/Distraction,4460264,28.8,18.3,0.0,0.0,0.0,0.0,3,24.3,46.8,233,Overcast,0,0,
13502,2021-09-21 13:07:00,40.712997,-73.936325,0,0,Driver Inattention/Distraction,4459485,23.1,16.4,0.0,0.0,0.0,0.0,3,14.2,29.5,108,Overcast,0,0,
13503,2021-09-15 15:00:00,40.811005,-73.925316,0,0,Turning Improperly,4460378,29.6,20.7,0.3,0.3,0.0,3.0,51,21.6,40.7,192,Drizzle: Light,0,0,
13504,2021-09-21 20:13:00,40.89675,-73.85988,2,0,Traffic Control Disregarded,4459914,23.1,16.4,0.0,0.0,0.0,0.0,3,14.2,29.5,108,Overcast,2,2,
13505,2021-09-21 14:14:00,40.699524,-73.95236,0,0,Passing Too Closely,4459555,23.1,16.4,0.0,0.0,0.0,0.0,3,14.2,29.5,108,Overcast,0,0,
13506,2021-09-21 09:58:00,40.605427,-74.0762,0,0,Following Too Closely,4459657,23.1,16.4,0.0,0.0,0.0,0.0,3,14.2,29.5,108,Overcast,0,0,
13507,2021-09-21 15:45:00,40.87391,-73.909164,0,0,Unspecified,4459839,23.1,16.4,0.0,0.0,0.0,0.0,3,14.2,29.5,108,Overcast,0,0,
13508,2021-09-21 20:35:00,40.70942,-73.86966,1,0,Unspecified,4459716,23.1,16.4,0.0,0.0,0.0,0.0,3,14.2,29.5,108,Overcast,1,1,
13509,2021-09-21 08:18:00,40.80601,-73.94133,0,0,Unspecified,4459480,23.1,16.4,0.0,0.0,0.0,0.0,3,14.2,29.5,108,Overcast,0,0,
13510,2021-09-21 08:05:00,40.877632,-73.867386,0,0,Driver Inattention/Distraction,4459422,23.1,16.4,0.0,0.0,0.0,0.0,3,14.2,29.5,108,Overcast,0,0,
13511,2021-09-21 16:00:00,40.748913,-73.9374,1,0,Driver Inattention/Distraction,4459582,23.1,16.4,0.0,0.0,0.0,0.0,3,14.2,29.5,108,Overcast,1,1,
13512,2021-09-17 22:30:00,40.745422,-73.99291,0,0,Driver Inattention/Distraction,4460244,23.6,20.1,1.0,1.0,0.0,7.0,51,20.3,38.9,59,Drizzle: Light,0,0,
13513,2021-09-21 18:00:00,40.652367,-73.876465,0,0,Unspecified,4459663,23.1,16.4,0.0,0.0,0.0,0.0,3,14.2,29.5,108,Overcast,0,0,
13514,2021-09-21 19:15:00,40.62095,-74.023705,1,0,Failure to Yield Right-of-Way,4459559,23.1,16.4,0.0,0.0,0.0,0.0,3,14.2,29.5,108,Overcast,1,1,
13515,2021-12-19 19:05:00,40.62894,-74.116196,1,0,Failure to Yield Right-of-Way,4488801,7.1,-1.8,0.5,0.5,0.0,4.0,51,26.4,47.5,327,Drizzle: Light,1,1,
13516,2021-09-20 14:52:00,40.814632,-73.9442,0,0,Driver Inattention/Distraction,4460120,23.1,14.9,0.0,0.0,0.0,0.0,3,17.0,34.2,116,Overcast,0,0,
13517,2021-09-21 14:00:00,40.792587,-73.94713,0,0,Driver Inattention/Distraction,4460024,23.1,16.4,0.0,0.0,0.0,0.0,3,14.2,29.5,108,Overcast,0,0,
13518,2021-09-04 09:30:00,40.686478,-73.92216,0,0,Unspecified,4460203,25.2,14.5,0.0,0.0,0.0,0.0,3,15.4,27.0,289,Overcast,0,0,
13519,2021-09-17 16:10:00,40.676735,-73.90432,0,0,Unspecified,4460350,23.6,20.1,1.0,1.0,0.0,7.0,51,20.3,38.9,59,Drizzle: Light,0,0,
13520,2021-09-21 19:00:00,40.68461,-73.79987,0,0,Failure to Yield Right-of-Way,4460048,23.1,16.4,0.0,0.0,0.0,0.0,3,14.2,29.5,108,Overcast,0,0,
13521,2021-09-19 14:58:00,40.693638,-73.80195,0,0,Failure to Yield Right-of-Way,4460238,23.6,16.8,0.0,0.0,0.0,0.0,2,17.6,35.6,0,Partly cloudy,0,0,
13522,2021-12-20 19:02:00,40.680374,-73.80445,0,0,Unsafe Lane Changing,4488472,1.8,-4.4,0.0,0.0,0.0,0.0,2,17.9,32.8,282,Partly cloudy,0,0,
13523,2021-08-31 07:25:00,40.67903,-73.9246,0,0,Backing Unsafely,4460260,28.5,21.2,0.0,0.0,0.0,0.0,3,15.5,29.9,301,Overcast,0,0,
13524,2021-08-30 07:05:00,40.687748,-73.980125,0,0,Driver Inattention/Distraction,4460280,28.7,21.7,3.9,3.9,0.0,7.0,63,14.7,33.8,231,Rain: Moderate,0,0,
13525,2021-09-21 08:25:00,40.724823,-73.90621,0,0,Failure to Yield Right-of-Way,4459506,23.1,16.4,0.0,0.0,0.0,0.0,3,14.2,29.5,108,Overcast,0,0,
13526,2021-09-21 16:50:00,40.643776,-74.078445,0,0,Unspecified,4459821,23.1,16.4,0.0,0.0,0.0,0.0,3,14.2,29.5,108,Overcast,0,0,
13527,2021-09-21 11:32:00,40.739017,-73.76432,0,0,Other Vehicular,4460170,23.1,16.4,0.0,0.0,0.0,0.0,3,14.2,29.5,108,Overcast,0,0,
13528,2021-09-21 14:50:00,40.619026,-74.13252,0,0,Pavement Defective,4459730,23.1,16.4,0.0,0.0,0.0,0.0,3,14.2,29.5,108,Overcast,0,0,
13529,2021-09-21 11:00:00,40.677235,-73.89709,0,0,Unspecified,4459493,23.1,16.4,0.0,0.0,0.0,0.0,3,14.2,29.5,108,Overcast,0,0,
13530,2021-09-21 16:11:00,40.67726,-73.98676,0,0,Failure to Yield Right-of-Way,4459546,23.1,16.4,0.0,0.0,0.0,0.0,3,14.2,29.5,108,Overcast,0,0,
13531,2021-09-21 18:16:00,40.73525,-73.74959,1,0,Following Too Closely,4459928,23.1,16.4,0.0,0.0,0.0,0.0,3,14.2,29.5,108,Overcast,1,1,
13532,2021-09-21 07:22:00,40.698536,-73.9943,1,0,Failure to Yield Right-of-Way,4459900,23.1,16.4,0.0,0.0,0.0,0.0,3,14.2,29.5,108,Overcast,1,1,
13533,2021-09-21 12:22:00,40.69302,-73.837364,0,0,Aggressive Driving/Road Rage,4459462,23.1,16.4,0.0,0.0,0.0,0.0,3,14.2,29.5,108,Overcast,0,0,
13534,2021-12-14 05:08:00,40.84487,-73.92068,0,0,Fatigued/Drowsy,4488699,10.4,3.1,0.0,0.0,0.0,0.0,3,18.5,31.3,322,Overcast,0,0,
13535,2021-05-09 15:10:00,40.663227,-73.93159,0,0,Unspecified,4415065,16.7,5.8,8.6,8.6,0.0,8.0,61,18.9,38.9,250,Rain: Light,0,0,
13536,2021-08-28 16:40:00,40.774204,-73.908,0,0,Other Vehicular,4460209,26.2,20.2,3.9,3.9,0.0,18.0,53,23.5,45.0,65,Drizzle: Moderate,0,0,
13537,2021-09-18 07:20:00,40.69942,-73.86878,0,0,Following Too Closely,4460265,27.1,19.2,0.2,0.2,0.0,2.0,51,14.6,25.9,349,Drizzle: Light,0,0,
13538,2021-09-21 22:40:00,40.719246,-73.95407,0,0,Traffic Control Disregarded,4460029,23.1,16.4,0.0,0.0,0.0,0.0,3,14.2,29.5,108,Overcast,0,0,
13539,2021-08-25 11:00:00,40.673103,-73.92793,0,0,Passing Too Closely,4460298,31.2,20.1,0.0,0.0,0.0,0.0,3,10.2,18.7,277,Overcast,0,0,
13540,2021-09-21 16:55:00,40.81103,-73.92149,1,0,Fell Asleep,4459646,23.1,16.4,0.0,0.0,0.0,0.0,3,14.2,29.5,108,Overcast,1,1,
13541,2021-09-18 23:00:00,40.692524,-73.8589,1,0,Unspecified,4460104,27.1,19.2,0.2,0.2,0.0,2.0,51,14.6,25.9,349,Drizzle: Light,1,1,
13542,2021-09-21 18:30:00,40.69524,-73.84045,0,0,Backing Unsafely,4460110,23.1,16.4,0.0,0.0,0.0,0.0,3,14.2,29.5,108,Overcast,0,0,
13543,2021-09-21 02:50:00,40.82677,-73.856155,0,0,Tire Failure/Inadequate,4459380,23.1,16.4,0.0,0.0,0.0,0.0,3,14.2,29.5,108,Overcast,0,0,
13544,2021-07-23 10:40:00,40.677387,-73.921776,0,0,Failure to Yield Right-of-Way,4460254,26.2,17.3,0.0,0.0,0.0,0.0,1,11.3,27.0,340,Mainly clear,0,0,Sunny/Clear Conditions
13545,2021-09-21 14:05:00,40.64485,-73.96002,1,0,Driver Inattention/Distraction,4459672,23.1,16.4,0.0,0.0,0.0,0.0,3,14.2,29.5,108,Overcast,1,1,
13546,2021-09-21 14:00:00,40.83228,-73.871315,0,0,Unspecified,4459710,23.1,16.4,0.0,0.0,0.0,0.0,3,14.2,29.5,108,Overcast,0,0,
13547,2021-09-15 21:42:00,40.692356,-73.94282,1,0,Alcohol Involvement,4460334,29.6,20.7,0.3,0.3,0.0,3.0,51,21.6,40.7,192,Drizzle: Light,1,1,
13548,2021-09-21 15:55:00,40.869118,-73.83048,0,0,Unspecified,4460390,23.1,16.4,0.0,0.0,0.0,0.0,3,14.2,29.5,108,Overcast,0,0,