,CRASH DATETIME,LATITUDE,LONGITUDE,NUMBER OF PERSONS INJURED,NUMBER OF PERSONS KILLED,CONTRIBUTING FACTOR VEHICLE 1,COLLISION_ID,temperature_2m_max,temperature_2m_min,precipitation_sum,rain_sum,snowfall_sum,precipitation_hours,weather_code,wind_speed_10m_max,wind_gusts_10m_max,wind_direction_10m_dominant,Weather Description,Severity_Score,Total_Affected_Persons,Weather_Category
13549,2021-09-21 11:42:00,40.694206,-73.97312,0,0,Driver Inexperience,4459587,23.1,16.4,0.0,0.0,0.0,0.0,3,14.2,29.5,108,Overcast,0,0,
13550,2021-09-21 10:00:00,0.0,0.0,4,0,Traffic Control Disregarded,4459954,23.1,16.4,0.0,0.0,0.0,0.0,3,14.2,29.5,108,Overcast,4,4,
13551,2021-09-21 17:15:00,40.710327,-74.00955,0,0,Driver Inexperience,4459617,23.1,16.4,0.0,0.0,0.0,0.0,3,14.2,29.5,108,Overcast,0,0,
13552,2021-09-18 00:40:00,40.65674,-73.88128,0,0,Other Vehicular,4460226,27.1,19.2,0.2,0.2,0.0,2.0,51,14.6,25.9,349,Drizzle: Light,0,0,
13553,2021-09-12 21:30:00,40.671474,-73.93088,1,0,Following Too Closely,4460306,28.8,18.3,0.0,0.0,0.0,0.0,3,24.3,46.8,233,Overcast,1,1,
13554,2021-09-21 14:30:00,40.57741,-73.96237,1,0,Driver Inattention/Distraction,4459683,23.1,16.4,0.0,0.0,0.0,0.0,3,14.2,29.5,108,Overcast,1,1,
13555,2021-09-21 15:20:00,40.665726,-73.96425,4,0,Driver Inattention/Distraction,4459537,23.1,16.4,0.0,0.0,0.0,0.0,3,14.2,29.5,108,Overcast,4,4,
13556,2021-09-21 07:30:00,40.756424,-73.7403,0,0,Unsafe Lane Changing,4459447,23.1,16.4,0.0,0.0,0.0,0.0,3,14.2,29.5,108,Overcast,0,0,
13557,2021-09-21 10:00:00,40.76889,-73.9821,1,0,Other Vehicular,4459792,23.1,16.4,0.0,0.0,0.0,0.0,3,14.2,29.5,108,Overcast,1,1,
13558,2021-12-20 16:30:00,40.812214,-73.885895,0,0,Unspecified,4488333,1.8,-4.4,0.0,0.0,0.0,0.0,2,17.9,32.8,282,Partly cloudy,0,0,
13559,2021-09-21 14:14:00,40.75362,-73.898445,1,0,Passenger Distraction,4459566,23.1,16.4,0.0,0.0,0.0,0.0,3,14.2,29.5,108,Overcast,1,1,
13560,2021-09-21 09:00:00,40.727264,-73.94572,0,0,Passing Too Closely,4459863,23.1,16.4,0.0,0.0,0.0,0.0,3,14.2,29.5,108,Overcast,0,0,
13561,2021-09-21 13:27:00,40.681877,-73.93625,0,0,Unsafe Speed,4460216,23.1,16.4,0.0,0.0,0.0,0.0,3,14.2,29.5,108,Overcast,0,0,
13562,2021-09-21 15:00:00,40.69784,-73.970604,0,0,Driver Inattention/Distraction,4459612,23.1,16.4,0.0,0.0,0.0,0.0,3,14.2,29.5,108,Overcast,0,0,
13563,2021-09-21 15:00:00,40.718616,-73.9372,0,0,Backing Unsafely,4459650,23.1,16.4,0.0,0.0,0.0,0.0,3,14.2,29.5,108,Overcast,0,0,
13564,2021-09-20 00:00:00,40.717014,-73.7994,1,0,Unspecified,4460155,23.1,14.9,0.0,0.0,0.0,0.0,3,17.0,34.2,116,Overcast,1,1,
13565,2021-09-18 10:30:00,40.596146,-74.067535,0,0,Unspecified,4460085,27.1,19.2,0.2,0.2,0.0,2.0,51,14.6,25.9,349,Drizzle: Light,0,0,
13566,2021-07-25 04:45:00,40.676598,-73.93039,1,0,Failure to Yield Right-of-Way,4460294,28.0,20.3,7.3,7.3,0.0,10.0,63,20.9,43.2,198,Rain: Moderate,1,1,
13567,2021-09-19 04:35:00,40.705826,-73.79397,1,0,Fell Asleep,4460320,23.6,16.8,0.0,0.0,0.0,0.0,2,17.6,35.6,0,Partly cloudy,1,1,
13568,2021-09-21 18:20:00,40.678234,-73.89753,0,0,Failure to Yield Right-of-Way,4459666,23.1,16.4,0.0,0.0,0.0,0.0,3,14.2,29.5,108,Overcast,0,0,
13569,2021-09-21 20:50:00,0.0,0.0,1,0,Passing or Lane Usage Improper,4460383,23.1,16.4,0.0,0.0,0.0,0.0,3,14.2,29.5,108,Overcast,1,1,
13570,2021-09-21 06:21:00,40.646626,-73.90399,0,0,Other Vehicular,4459600,23.1,16.4,0.0,0.0,0.0,0.0,3,14.2,29.5,108,Overcast,0,0,
13571,2021-09-21 11:17:00,40.738552,-73.983345,0,0,View Obstructed/Limited,4460269,23.1,16.4,0.0,0.0,0.0,0.0,3,14.2,29.5,108,Overcast,0,0,
13572,2021-09-21 18:21:00,40.635086,-73.98015,0,0,Driver Inattention/Distraction,4460057,23.1,16.4,0.0,0.0,0.0,0.0,3,14.2,29.5,108,Overcast,0,0,
13573,2021-09-20 19:10:00,40.593655,-74.0809,0,0,Backing Unsafely,4460077,23.1,14.9,0.0,0.0,0.0,0.0,3,17.0,34.2,116,Overcast,0,0,
13574,2021-09-20 12:30:00,40.613506,-73.954094,0,0,Driver Inattention/Distraction,4460094,23.1,14.9,0.0,0.0,0.0,0.0,3,17.0,34.2,116,Overcast,0,0,
13575,2021-09-21 08:45:00,40.595203,-73.75603,0,0,Reaction to Uninvolved Vehicle,4459633,23.1,16.4,0.0,0.0,0.0,0.0,3,14.2,29.5,108,Overcast,0,0,
13576,2021-12-07 09:42:00,40.66405,-73.94879,1,0,Driver Inattention/Distraction,4485343,8.6,0.8,0.1,0.1,0.0,1.0,51,27.2,49.3,283,Drizzle: Light,1,1,
13577,2021-12-10 08:49:00,40.8037,-73.93582,0,0,Driver Inattention/Distraction,4485184,8.5,1.6,0.0,0.0,0.0,0.0,3,9.8,20.5,183,Overcast,0,0,
13578,2021-12-09 00:04:00,40.69069,-73.91621,1,0,Unspecified,4484878,3.6,-2.0,0.1,0.0,0.07,1.0,71,19.2,33.8,295,Snow fall: Light,1,1,Snowy Conditions
13579,2021-12-03 07:20:00,40.664303,-73.9573,0,0,Driver Inattention/Distraction,4485324,9.3,0.9,0.0,0.0,0.0,0.0,3,27.6,53.3,301,Overcast,0,0,
13580,2021-12-09 14:50:00,40.714043,-73.92634,1,0,Driver Inattention/Distraction,4485201,3.6,-2.0,0.1,0.0,0.07,1.0,71,19.2,33.8,295,Snow fall: Light,1,1,Snowy Conditions
13581,2021-12-08 15:40:00,40.70321,-73.94626,1,0,Backing Unsafely,4484824,4.7,0.9,0.7,0.7,0.0,2.0,51,14.5,24.8,355,Drizzle: Light,1,1,
13582,2021-12-09 18:30:00,40.61489,-74.13597,0,0,Driver Inattention/Distraction,4485624,3.6,-2.0,0.1,0.0,0.07,1.0,71,19.2,33.8,295,Snow fall: Light,0,0,Snowy Conditions
13583,2021-12-10 21:30:00,40.82162,-73.89589,0,0,Unspecified,4485420,8.5,1.6,0.0,0.0,0.0,0.0,3,9.8,20.5,183,Overcast,0,0,
13584,2021-12-08 05:20:00,40.677773,-73.92274,0,0,Passing or Lane Usage Improper,4485044,4.7,0.9,0.7,0.7,0.0,2.0,51,14.5,24.8,355,Drizzle: Light,0,0,
13585,2021-12-09 08:00:00,40.895584,-73.84564,0,0,Unspecified,4485906,3.6,-2.0,0.1,0.0,0.07,1.0,71,19.2,33.8,295,Snow fall: Light,0,0,Snowy Conditions
13586,2021-12-10 19:57:00,40.713284,-73.83281,0,0,Passing Too Closely,4485460,8.5,1.6,0.0,0.0,0.0,0.0,3,9.8,20.5,183,Overcast,0,0,
13587,2021-12-10 16:20:00,40.720764,-73.76715,0,0,Unspecified,4485591,8.5,1.6,0.0,0.0,0.0,0.0,3,9.8,20.5,183,Overcast,0,0,
13588,2021-12-10 20:30:00,40.686802,-73.82734,0,0,Alcohol Involvement,4485856,8.5,1.6,0.0,0.0,0.0,0.0,3,9.8,20.5,183,Overcast,0,0,
13589,2021-12-19 17:20:00,40.68672,-73.98224,0,0,Driver Inattention/Distraction,4487879,7.1,-1.8,0.5,0.5,0.0,4.0,51,26.4,47.5,327,Drizzle: Light,0,0,
13590,2021-12-20 17:20:00,40.585922,-74.10526,1,0,Turning Improperly,4488382,1.8,-4.4,0.0,0.0,0.0,0.0,2,17.9,32.8,282,Partly cloudy,1,1,
13591,2021-12-20 04:37:00,40.60745,-74.00299,0,0,Driver Inattention/Distraction,4488857,1.8,-4.4,0.0,0.0,0.0,0.0,2,17.9,32.8,282,Partly cloudy,0,0,
13592,2021-12-18 17:00:00,40.808292,-73.94883,1,0,Unspecified,4488753,6.3,4.5,3.8,3.8,0.0,9.0,61,12.3,24.5,35,Rain: Light,1,1,
13593,2021-12-12 18:30:00,40.66479,-73.91532,0,0,Unspecified,4488944,13.0,3.4,0.5,0.5,0.0,1.0,53,32.4,62.6,284,Drizzle: Moderate,0,0,
13594,2021-12-20 17:20:00,40.852337,-73.92517,0,0,Following Too Closely,4488390,1.8,-4.4,0.0,0.0,0.0,0.0,2,17.9,32.8,282,Partly cloudy,0,0,
13595,2021-12-08 22:17:00,40.614086,-74.06614,1,0,Driver Inattention/Distraction,4488925,4.7,0.9,0.7,0.7,0.0,2.0,51,14.5,24.8,355,Drizzle: Light,1,1,
13596,2021-12-11 15:15:00,40.69297,-73.78024,4,0,View Obstructed/Limited,4488759,17.3,5.0,8.1,8.1,0.0,5.0,63,35.0,67.0,206,Rain: Moderate,4,4,
13597,2021-12-20 00:18:00,40.701008,-73.9424,0,0,Driver Inattention/Distraction,4487926,1.8,-4.4,0.0,0.0,0.0,0.0,2,17.9,32.8,282,Partly cloudy,0,0,
13598,2021-12-11 19:13:00,40.734783,-73.79323,0,0,Traffic Control Disregarded,4488831,17.3,5.0,8.1,8.1,0.0,5.0,63,35.0,67.0,206,Rain: Moderate,0,0,
13599,2021-12-15 01:30:00,40.75137,-73.86247,0,0,Unspecified,4488787,10.3,1.8,1.0,1.0,0.0,6.0,51,20.6,38.2,104,Drizzle: Light,0,0,
13600,2021-12-20 14:33:00,40.81707,-73.88525,0,0,Unspecified,4488283,1.8,-4.4,0.0,0.0,0.0,0.0,2,17.9,32.8,282,Partly cloudy,0,0,
13601,2021-12-20 15:50:00,40.680485,-73.774704,0,0,Passing Too Closely,4488531,1.8,-4.4,0.0,0.0,0.0,0.0,2,17.9,32.8,282,Partly cloudy,0,0,
13602,2021-12-20 14:30:00,40.601734,-73.935036,0,0,Failure to Yield Right-of-Way,4488198,1.8,-4.4,0.0,0.0,0.0,0.0,2,17.9,32.8,282,Partly cloudy,0,0,
13603,2021-12-20 08:10:00,40.702625,-73.8794,1,0,Failure to Yield Right-of-Way,4488490,1.8,-4.4,0.0,0.0,0.0,0.0,2,17.9,32.8,282,Partly cloudy,1,1,
13604,2021-11-19 08:15:00,40.709873,-73.80089,0,0,Passing or Lane Usage Improper,4488805,9.6,3.6,3.3,3.3,0.0,3.0,61,28.3,52.2,296,Rain: Light,0,0,
13605,2021-12-19 05:25:00,40.690483,-73.93954,1,0,Traffic Control Disregarded,4488730,7.1,-1.8,0.5,0.5,0.0,4.0,51,26.4,47.5,327,Drizzle: Light,1,1,
13606,2021-12-20 13:30:00,40.85132,-73.90842,0,0,Other Vehicular,4488337,1.8,-4.4,0.0,0.0,0.0,0.0,2,17.9,32.8,282,Partly cloudy,0,0,
13607,2021-12-20 05:50:00,40.718002,-73.98659,1,0,Driver Inattention/Distraction,4488359,1.8,-4.4,0.0,0.0,0.0,0.0,2,17.9,32.8,282,Partly cloudy,1,1,
13608,2021-12-10 08:02:00,40.667015,-73.9313,0,0,Driver Inattention/Distraction,4488692,8.5,1.6,0.0,0.0,0.0,0.0,3,9.8,20.5,183,Overcast,0,0,
13609,2021-12-20 16:10:00,40.86173,-73.91182,1,0,Traffic Control Disregarded,4488447,1.8,-4.4,0.0,0.0,0.0,0.0,2,17.9,32.8,282,Partly cloudy,1,1,
13610,2021-12-20 16:00:00,40.620323,-74.02723,1,0,Driver Inattention/Distraction,4488232,1.8,-4.4,0.0,0.0,0.0,0.0,2,17.9,32.8,282,Partly cloudy,1,1,
13611,2021-12-20 08:50:00,40.698444,-73.98497,0,0,Unspecified,4488257,1.8,-4.4,0.0,0.0,0.0,0.0,2,17.9,32.8,282,Partly cloudy,0,0,
13612,2021-12-13 00:00:00,40.688507,-73.937126,0,0,Unspecified,4488909,10.2,1.9,0.0,0.0,0.0,0.0,3,19.6,35.3,242,Overcast,0,0,
13613,2021-12-20 09:38:00,40.836987,-73.93902,1,0,Failure to Yield Right-of-Way,4488156,1.8,-4.4,0.0,0.0,0.0,0.0,2,17.9,32.8,282,Partly cloudy,1,1,
13614,2021-12-20 17:20:00,40.601948,-73.99382,1,0,Failure to Yield Right-of-Way,4488867,1.8,-4.4,0.0,0.0,0.0,0.0,2,17.9,32.8,282,Partly cloudy,1,1,
13615,2021-05-09 21:35:00,40.7441,-73.99565,1,0,Unspecified,4415417,16.7,5.8,8.6,8.6,0.0,8.0,61,18.9,38.9,250,Rain: Light,1,1,
13616,2021-12-20 19:05:00,40.588627,-73.94832,0,0,Unspecified,4488459,1.8,-4.4,0.0,0.0,0.0,0.0,2,17.9,32.8,282,Partly cloudy,0,0,
13617,2021-12-20 17:05:00,40.680977,-74.00498,0,0,Unspecified,4488306,1.8,-4.4,0.0,0.0,0.0,0.0,2,17.9,32.8,282,Partly cloudy,0,0,
13618,2021-12-14 08:48:00,40.749844,-73.7119,1,0,Unspecified,4486427,10.4,3.1,0.0,0.0,0.0,0.0,3,18.5,31.3,322,Overcast,1,1,
13619,2021-11-18 17:56:00,40.754387,-73.920525,1,0,Driver Inattention/Distraction,4488825,18.7,9.2,1.7,1.7,0.0,2.0,55,26.9,46.8,222,Drizzle: Dense,1,1,
13620,2021-12-15 00:40:00,40.602673,-73.89933,1,0,Aggressive Driving/Road Rage,4488953,10.3,1.8,1.0,1.0,0.0,6.0,51,20.6,38.2,104,Drizzle: Light,1,1,
13621,2021-12-20 08:49:00,40.630905,-73.920425,7,0,Fell Asleep,4488235,1.8,-4.4,0.0,0.0,0.0,0.0,2,17.9,32.8,282,Partly cloudy,7,7,
13622,2022-03-28 00:35:00,40.74036,-73.97318,0,0,Driver Inattention/Distraction,4514271,0.0,-5.2,0.3,0.0,0.21,3.0,71,31.3,59.0,303,Snow fall: Light,0,0,Snowy Conditions
13623,2021-12-20 11:25:00,40.849247,-73.88775,0,0,Driver Inattention/Distraction,4488705,1.8,-4.4,0.0,0.0,0.0,0.0,2,17.9,32.8,282,Partly cloudy,0,0,
13624,2021-12-20 17:13:00,40.666737,-73.78628,0,0,Passing or Lane Usage Improper,4488567,1.8,-4.4,0.0,0.0,0.0,0.0,2,17.9,32.8,282,Partly cloudy,0,0,
13625,2021-12-20 10:20:00,40.572548,-74.16997,0,0,Driver Inattention/Distraction,4488598,1.8,-4.4,0.0,0.0,0.0,0.0,2,17.9,32.8,282,Partly cloudy,0,0,
13626,2021-12-20 05:45:00,40.636448,-73.94513,1,0,Unspecified,4488145,1.8,-4.4,0.0,0.0,0.0,0.0,2,17.9,32.8,282,Partly cloudy,1,1,
13627,2021-12-20 04:38:00,40.866806,-73.93101,0,0,Unspecified,4488371,1.8,-4.4,0.0,0.0,0.0,0.0,2,17.9,32.8,282,Partly cloudy,0,0,
13628,2021-12-20 14:45:00,40.85876,-73.89736,0,0,Unspecified,4488182,1.8,-4.4,0.0,0.0,0.0,0.0,2,17.9,32.8,282,Partly cloudy,0,0,
13629,2021-12-20 17:14:00,40.688362,-73.77663,2,0,Following Too Closely,4488468,1.8,-4.4,0.0,0.0,0.0,0.0,2,17.9,32.8,282,Partly cloudy,2,2,
13630,2021-12-20 06:45:00,40.80715,-73.90821,0,0,Unspecified,4488105,1.8,-4.4,0.0,0.0,0.0,0.0,2,17.9,32.8,282,Partly cloudy,0,0,
13631,2021-12-20 14:00:00,40.699413,-73.95902,0,0,Passing Too Closely,4488269,1.8,-4.4,0.0,0.0,0.0,0.0,2,17.9,32.8,282,Partly cloudy,0,0,
13632,2021-12-20 19:50:00,40.58842,-73.96326,2,0,Driver Inattention/Distraction,4488558,1.8,-4.4,0.0,0.0,0.0,0.0,2,17.9,32.8,282,Partly cloudy,2,2,
13633,2021-12-06 20:25:00,40.809105,-73.9229,1,0,Traffic Control Disregarded,4488964,16.3,7.7,6.3,6.3,0.0,10.0,61,35.1,65.5,201,Rain: Light,1,1,
13634,2021-12-20 15:07:00,40.87787,-73.8701,0,0,Driver Inattention/Distraction,4488439,1.8,-4.4,0.0,0.0,0.0,0.0,2,17.9,32.8,282,Partly cloudy,0,0,
13635,2021-12-20 18:20:00,40.724903,-73.99233,0,0,Driver Inattention/Distraction,4488227,1.8,-4.4,0.0,0.0,0.0,0.0,2,17.9,32.8,282,Partly cloudy,0,0,
13636,2021-12-18 12:30:00,40.735878,-73.9874,1,0,Failure to Yield Right-of-Way,4488772,6.3,4.5,3.8,3.8,0.0,9.0,61,12.3,24.5,35,Rain: Light,1,1,
13637,2021-12-20 10:50:00,40.72006,-73.761856,0,0,Unspecified,4488311,1.8,-4.4,0.0,0.0,0.0,0.0,2,17.9,32.8,282,Partly cloudy,0,0,
13638,2021-12-20 15:30:00,40.66858,-73.84223,1,0,Passing or Lane Usage Improper,4488293,1.8,-4.4,0.0,0.0,0.0,0.0,2,17.9,32.8,282,Partly cloudy,1,1,
13639,2021-11-30 17:46:00,40.752403,-73.92442,0,0,Unspecified,4488712,4.7,-2.4,0.1,0.1,0.0,1.0,51,19.1,34.9,245,Drizzle: Light,0,0,
13640,2021-12-20 16:38:00,40.692776,-73.95769,0,0,Passing Too Closely,4488745,1.8,-4.4,0.0,0.0,0.0,0.0,2,17.9,32.8,282,Partly cloudy,0,0,
13641,2021-12-20 15:55:00,40.800198,-73.94133,0,0,Backing Unsafely,4488319,1.8,-4.4,0.0,0.0,0.0,0.0,2,17.9,32.8,282,Partly cloudy,0,0,
13642,2021-12-13 07:00:00,40.66494,-73.99664,0,0,Driver Inattention/Distraction,4488983,10.2,1.9,0.0,0.0,0.0,0.0,3,19.6,35.3,242,Overcast,0,0,
13643,2021-12-20 02:27:00,40.712517,-73.76267,0,0,Obstruction/Debris,4488211,1.8,-4.4,0.0,0.0,0.0,0.0,2,17.9,32.8,282,Partly cloudy,0,0,
13644,2021-12-20 12:20:00,40.831707,-73.901886,1,0,Driver Inattention/Distraction,4488940,1.8,-4.4,0.0,0.0,0.0,0.0,2,17.9,32.8,282,Partly cloudy,1,1,
13645,2021-12-20 10:10:00,40.720272,-73.981544,1,0,Unspecified,4488176,1.8,-4.4,0.0,0.0,0.0,0.0,2,17.9,32.8,282,Partly cloudy,1,1,
13646,2021-12-16 12:58:00,40.737873,-73.802765,0,0,Turning Improperly,4488812,14.6,9.9,0.0,0.0,0.0,0.0,3,22.4,38.5,222,Overcast,0,0,
13647,2021-12-20 07:21:00,40.647007,-73.96262,1,0,Unspecified,4488476,1.8,-4.4,0.0,0.0,0.0,0.0,2,17.9,32.8,282,Partly cloudy,1,1,
13648,2021-12-20 19:53:00,40.628662,-74.13675,1,0,Driver Inattention/Distraction,4488602,1.8,-4.4,0.0,0.0,0.0,0.0,2,17.9,32.8,282,Partly cloudy,1,1,
13649,2021-12-20 12:19:00,40.744167,-73.91248,1,0,Driver Inattention/Distraction,4488243,1.8,-4.4,0.0,0.0,0.0,0.0,2,17.9,32.8,282,Partly cloudy,1,1,
13650,2021-12-20 18:00:00,40.635723,-73.97655,1,0,Unspecified,4488340,1.8,-4.4,0.0,0.0,0.0,0.0,2,17.9,32.8,282,Partly cloudy,1,1,
13651,2021-12-20 08:15:00,40.68081,-73.8849,0,0,Driver Inattention/Distraction,4488543,1.8,-4.4,0.0,0.0,0.0,0.0,2,17.9,32.8,282,Partly cloudy,0,0,
13652,2021-12-20 06:18:00,40.817795,-73.89319,0,0,Unspecified,4488165,1.8,-4.4,0.0,0.0,0.0,0.0,2,17.9,32.8,282,Partly cloudy,0,0,
13653,2021-12-20 02:15:00,40.787544,-73.82394,0,0,Unsafe Lane Changing,4488055,1.8,-4.4,0.0,0.0,0.0,0.0,2,17.9,32.8,282,Partly cloudy,0,0,
13654,2021-12-20 19:00:00,40.726173,-73.86489,0,0,Passing or Lane Usage Improper,4488274,1.8,-4.4,0.0,0.0,0.0,0.0,2,17.9,32.8,282,Partly cloudy,0,0,
13655,2021-12-14 03:00:00,40.697575,-73.984055,0,0,Unspecified,4488881,10.4,3.1,0.0,0.0,0.0,0.0,3,18.5,31.3,322,Overcast,0,0,
13656,2021-03-28 00:46:00,40.809643,-73.947845,1,0,Unspecified,4415585,18.8,7.6,18.6,18.6,0.0,15.0,63,30.0,70.9,180,Rain: Moderate,1,1,
13657,2021-12-07 08:01:00,40.70064,-73.93647,0,0,Unspecified,4485647,8.6,0.8,0.1,0.1,0.0,1.0,51,27.2,49.3,283,Drizzle: Light,0,0,
13658,2021-12-10 21:38:00,40.900005,-73.87919,1,0,Driver Inattention/Distraction,4485351,8.5,1.6,0.0,0.0,0.0,0.0,3,9.8,20.5,183,Overcast,1,1,
13659,2021-12-09 11:27:00,40.639286,-73.89869,2,0,Driver Inattention/Distraction,4485054,3.6,-2.0,0.1,0.0,0.07,1.0,71,19.2,33.8,295,Snow fall: Light,2,2,Snowy Conditions
13660,2021-12-10 08:25:00,40.64059,-73.95429,0,0,Unsafe Speed,4485520,8.5,1.6,0.0,0.0,0.0,0.0,3,9.8,20.5,183,Overcast,0,0,
13661,2021-12-04 23:37:00,40.77694,-73.916504,0,0,Unspecified,4485357,8.3,-0.7,0.0,0.0,0.0,0.0,3,13.5,25.9,231,Overcast,0,0,
13662,2021-12-10 18:20:00,40.600903,-73.95169,0,0,Unspecified,4485303,8.5,1.6,0.0,0.0,0.0,0.0,3,9.8,20.5,183,Overcast,0,0,
13663,2021-12-08 00:01:00,40.60783,-74.1465,1,0,Unsafe Lane Changing,4485211,4.7,0.9,0.7,0.7,0.0,2.0,51,14.5,24.8,355,Drizzle: Light,1,1,
13664,2021-12-09 17:41:00,40.753098,-73.97788,1,0,View Obstructed/Limited,4485725,3.6,-2.0,0.1,0.0,0.07,1.0,71,19.2,33.8,295,Snow fall: Light,1,1,Snowy Conditions
13665,2021-12-09 00:00:00,40.627247,-74.01429,1,0,Failure to Yield Right-of-Way,4485069,3.6,-2.0,0.1,0.0,0.07,1.0,71,19.2,33.8,295,Snow fall: Light,1,1,Snowy Conditions
13666,2021-12-08 19:10:00,40.75906,-73.97262,0,0,Driver Inattention/Distraction,4484847,4.7,0.9,0.7,0.7,0.0,2.0,51,14.5,24.8,355,Drizzle: Light,0,0,
13667,2021-12-20 07:35:00,40.837757,-73.859795,0,0,Passing Too Closely,4488351,1.8,-4.4,0.0,0.0,0.0,0.0,2,17.9,32.8,282,Partly cloudy,0,0,
13668,2021-12-16 19:15:00,40.762856,-73.888596,0,0,Unspecified,4488778,14.6,9.9,0.0,0.0,0.0,0.0,3,22.4,38.5,222,Overcast,0,0,
13669,2021-12-14 14:30:00,40.63165,-74.08762,0,0,Obstruction/Debris,4488796,10.4,3.1,0.0,0.0,0.0,0.0,3,18.5,31.3,322,Overcast,0,0,
13670,2021-12-16 23:00:00,40.7124,-73.95136,1,0,Turning Improperly,4488725,14.6,9.9,0.0,0.0,0.0,0.0,3,22.4,38.5,222,Overcast,1,1,
13671,2021-05-02 18:57:00,40.755222,-73.96135,2,0,Other Vehicular,4412995,26.3,11.3,0.0,0.0,0.0,0.0,3,23.0,43.9,251,Overcast,2,2,
13672,2021-05-06 18:04:00,40.818768,-73.89867,0,0,Backing Unsafely,4414247,17.3,8.7,0.0,0.0,0.0,0.0,3,22.6,43.6,313,Overcast,0,0,
13673,2021-05-09 13:45:00,40.63612,-74.138245,0,0,Traffic Control Disregarded,4414821,16.7,5.8,8.6,8.6,0.0,8.0,61,18.9,38.9,250,Rain: Light,0,0,
13674,2021-05-09 15:00:00,40.5731,-74.00143,0,0,Driver Inattention/Distraction,4414919,16.7,5.8,8.6,8.6,0.0,8.0,61,18.9,38.9,250,Rain: Light,0,0,
13675,2021-05-09 10:30:00,40.869316,-73.91674,0,0,Backing Unsafely,4415463,16.7,5.8,8.6,8.6,0.0,8.0,61,18.9,38.9,250,Rain: Light,0,0,
13676,2021-05-09 22:08:00,40.637794,-74.010765,2,0,Driver Inattention/Distraction,4415442,16.7,5.8,8.6,8.6,0.0,8.0,61,18.9,38.9,250,Rain: Light,2,2,
13677,2021-05-09 02:05:00,40.80213,-73.9073,0,0,Brakes Defective,4414502,16.7,5.8,8.6,8.6,0.0,8.0,61,18.9,38.9,250,Rain: Light,0,0,
13678,2021-05-09 12:10:00,40.806873,-73.91973,1,0,Tinted Windows,4414881,16.7,5.8,8.6,8.6,0.0,8.0,61,18.9,38.9,250,Rain: Light,1,1,
13679,2021-05-09 01:40:00,40.753407,-73.852356,0,0,Unspecified,4415246,16.7,5.8,8.6,8.6,0.0,8.0,61,18.9,38.9,250,Rain: Light,0,0,
13680,2021-05-09 00:10:00,40.724136,-73.992615,1,0,Reaction to Uninvolved Vehicle,4414964,16.7,5.8,8.6,8.6,0.0,8.0,61,18.9,38.9,250,Rain: Light,1,1,
13681,2021-05-07 18:56:00,40.677982,-73.791214,0,0,Other Vehicular,4415415,16.4,7.7,0.0,0.0,0.0,0.0,3,15.8,32.4,73,Overcast,0,0,
13682,2021-05-08 10:40:00,40.695335,-73.80121,1,0,Driver Inattention/Distraction,4415545,11.6,7.7,4.3,4.3,0.0,9.0,61,17.5,36.4,140,Rain: Light,1,1,
13683,2021-05-09 01:20:00,40.69832,-73.962265,0,0,Aggressive Driving/Road Rage,4414575,16.7,5.8,8.6,8.6,0.0,8.0,61,18.9,38.9,250,Rain: Light,0,0,
13684,2021-05-09 15:08:00,40.67638,-73.911736,1,0,Driver Inattention/Distraction,4414977,16.7,5.8,8.6,8.6,0.0,8.0,61,18.9,38.9,250,Rain: Light,1,1,
13685,2021-05-06 11:25:00,40.65319,-73.97494,0,0,Unspecified,4415459,17.3,8.7,0.0,0.0,0.0,0.0,3,22.6,43.6,313,Overcast,0,0,
13686,2021-05-07 21:00:00,40.72766,-74.001396,1,0,Unspecified,4415526,16.4,7.7,0.0,0.0,0.0,0.0,3,15.8,32.4,73,Overcast,1,1,
13687,2021-05-09 10:29:00,40.666393,-73.75177,0,0,Unspecified,4414625,16.7,5.8,8.6,8.6,0.0,8.0,61,18.9,38.9,250,Rain: Light,0,0,
13688,2021-05-09 14:30:00,40.754875,-73.96853,0,0,Driver Inattention/Distraction,4414793,16.7,5.8,8.6,8.6,0.0,8.0,61,18.9,38.9,250,Rain: Light,0,0,
13689,2021-05-09 08:00:00,40.848545,-73.86161,1,0,Passing or Lane Usage Improper,4415090,16.7,5.8,8.6,8.6,0.0,8.0,61,18.9,38.9,250,Rain: Light,1,1,
13690,2021-05-09 20:00:00,40.688465,-73.80387,0,0,Driver Inattention/Distraction,4415148,16.7,5.8,8.6,8.6,0.0,8.0,61,18.9,38.9,250,Rain: Light,0,0,
13691,2021-05-09 11:25:00,40.68759,-73.87056,0,0,Unspecified,4415325,16.7,5.8,8.6,8.6,0.0,8.0,61,18.9,38.9,250,Rain: Light,0,0,
13692,2021-05-07 15:50:00,40.640736,-73.98801,1,0,Unspecified,4414623,16.4,7.7,0.0,0.0,0.0,0.0,3,15.8,32.4,73,Overcast,1,1,
13693,2021-05-08 16:42:00,40.63743,-74.11375,3,0,Driver Inattention/Distraction,4415356,11.6,7.7,4.3,4.3,0.0,9.0,61,17.5,36.4,140,Rain: Light,3,3,
13694,2021-05-09 16:00:00,40.737785,-73.93496,0,0,Driver Inattention/Distraction,4414756,16.7,5.8,8.6,8.6,0.0,8.0,61,18.9,38.9,250,Rain: Light,0,0,
13695,2021-05-09 13:03:00,40.701916,-73.72712,0,0,Unspecified,4414680,16.7,5.8,8.6,8.6,0.0,8.0,61,18.9,38.9,250,Rain: Light,0,0,