,CRASH DATETIME,LATITUDE,LONGITUDE,NUMBER OF PERSONS INJURED,NUMBER OF PERSONS KILLED,CONTRIBUTING FACTOR VEHICLE 1,COLLISION_ID,temperature_2m_max,temperature_2m_min,precipitation_sum,rain_sum,snowfall_sum,precipitation_hours,weather_code,wind_speed_10m_max,wind_gusts_10m_max,wind_direction_10m_dominant,Weather Description,Severity_Score,Total_Affected_Persons,Weather_Category
13696,2021-05-09 12:50:00,40.748863,-73.892715,0,0,Unspecified,4415669,16.7,5.8,8.6,8.6,0.0,8.0,61,18.9,38.9,250,Rain: Light,0,0,
13697,2021-05-09 13:25:00,40.84935,-73.8712,0,0,Reaction to Uninvolved Vehicle,4414744,16.7,5.8,8.6,8.6,0.0,8.0,61,18.9,38.9,250,Rain: Light,0,0,
13698,2021-05-09 00:01:00,40.64235,-73.945755,0,0,Driver Inattention/Distraction,4414693,16.7,5.8,8.6,8.6,0.0,8.0,61,18.9,38.9,250,Rain: Light,0,0,
13699,2021-05-09 15:15:00,40.625664,-74.15373,0,0,Driver Inattention/Distraction,4415480,16.7,5.8,8.6,8.6,0.0,8.0,61,18.9,38.9,250,Rain: Light,0,0,
13700,2021-05-09 15:47:00,40.66028,-73.92576,0,0,Driver Inattention/Distraction,4414781,16.7,5.8,8.6,8.6,0.0,8.0,61,18.9,38.9,250,Rain: Light,0,0,
13701,2021-05-09 04:20:00,40.666893,-73.80546,0,0,Unsafe Lane Changing,4414644,16.7,5.8,8.6,8.6,0.0,8.0,61,18.9,38.9,250,Rain: Light,0,0,
13702,2021-05-09 14:13:00,40.603615,-74.06931,1,0,Following Too Closely,4414938,16.7,5.8,8.6,8.6,0.0,8.0,61,18.9,38.9,250,Rain: Light,1,1,
13703,2021-05-09 15:00:00,40.73842,-73.980095,0,0,Following Too Closely,4414986,16.7,5.8,8.6,8.6,0.0,8.0,61,18.9,38.9,250,Rain: Light,0,0,
13704,2021-04-30 13:46:00,40.71697,-73.998245,0,0,Passing Too Closely,4415372,19.9,7.6,0.4,0.4,0.0,4.0,51,36.9,82.1,289,Drizzle: Light,0,0,
13705,2022-02-19 01:43:00,40.783566,-73.947586,0,0,Unspecified,4504364,3.3,-5.5,0.4,0.0,0.28,4.0,71,35.3,64.4,260,Snow fall: Light,0,0,Snowy Conditions
13706,2021-05-09 12:45:00,40.66584,-73.75551,0,0,Unsafe Lane Changing,4414672,16.7,5.8,8.6,8.6,0.0,8.0,61,18.9,38.9,250,Rain: Light,0,0,
13707,2021-05-09 17:25:00,40.829945,-73.93005,0,0,Failure to Yield Right-of-Way,4414763,16.7,5.8,8.6,8.6,0.0,8.0,61,18.9,38.9,250,Rain: Light,0,0,
13708,2021-05-09 20:45:00,40.770256,-73.91586,0,0,Reaction to Uninvolved Vehicle,4414901,16.7,5.8,8.6,8.6,0.0,8.0,61,18.9,38.9,250,Rain: Light,0,0,
13709,2021-05-09 09:40:00,40.71532,-73.75742,0,0,Unspecified,4415147,16.7,5.8,8.6,8.6,0.0,8.0,61,18.9,38.9,250,Rain: Light,0,0,
13710,2021-04-29 13:38:00,40.80058,-73.914734,1,0,Driver Inexperience,4415436,22.5,12.9,3.8,3.8,0.0,9.0,53,25.6,50.8,199,Drizzle: Moderate,1,1,
13711,2021-05-08 14:30:00,40.665356,-73.72865,0,0,Unspecified,4415599,11.6,7.7,4.3,4.3,0.0,9.0,61,17.5,36.4,140,Rain: Light,0,0,
13712,2021-05-09 00:05:00,40.721935,-73.74118,0,0,Driver Inattention/Distraction,4414794,16.7,5.8,8.6,8.6,0.0,8.0,61,18.9,38.9,250,Rain: Light,0,0,
13713,2021-05-09 14:00:00,40.84229,-73.897385,0,0,Driver Inattention/Distraction,4414849,16.7,5.8,8.6,8.6,0.0,8.0,61,18.9,38.9,250,Rain: Light,0,0,
13714,2021-05-09 04:20:00,40.81801,-73.96149,0,0,View Obstructed/Limited,4414709,16.7,5.8,8.6,8.6,0.0,8.0,61,18.9,38.9,250,Rain: Light,0,0,
13715,2021-05-07 14:42:00,40.787064,-73.94194,1,0,Driver Inattention/Distraction,4415414,16.4,7.7,0.0,0.0,0.0,0.0,3,15.8,32.4,73,Overcast,1,1,
13716,2021-05-09 16:15:00,40.674118,-73.89839,1,0,Driver Inattention/Distraction,4415334,16.7,5.8,8.6,8.6,0.0,8.0,61,18.9,38.9,250,Rain: Light,1,1,
13717,2021-05-09 23:10:00,40.831085,-73.86909,0,0,Driver Inattention/Distraction,4415402,16.7,5.8,8.6,8.6,0.0,8.0,61,18.9,38.9,250,Rain: Light,0,0,
13718,2021-05-09 14:42:00,40.668617,-73.98515,1,0,Driver Inattention/Distraction,4415470,16.7,5.8,8.6,8.6,0.0,8.0,61,18.9,38.9,250,Rain: Light,1,1,
13719,2021-05-09 14:25:00,40.865612,-73.801094,0,0,Lost Consciousness,4414931,16.7,5.8,8.6,8.6,0.0,8.0,61,18.9,38.9,250,Rain: Light,0,0,
13720,2021-05-08 22:05:00,40.72773,-73.90674,0,0,Traffic Control Disregarded,4415446,11.6,7.7,4.3,4.3,0.0,9.0,61,17.5,36.4,140,Rain: Light,0,0,
13721,2021-05-09 23:49:00,40.686497,-73.9168,0,0,Unsafe Speed,4414978,16.7,5.8,8.6,8.6,0.0,8.0,61,18.9,38.9,250,Rain: Light,0,0,
13722,2021-05-09 20:14:00,40.744076,-73.85478,0,0,Unspecified,4414858,16.7,5.8,8.6,8.6,0.0,8.0,61,18.9,38.9,250,Rain: Light,0,0,
13723,2021-05-09 05:36:00,40.670746,-73.950424,0,0,Fell Asleep,4415126,16.7,5.8,8.6,8.6,0.0,8.0,61,18.9,38.9,250,Rain: Light,0,0,
13724,2021-05-09 12:00:00,40.672363,-73.93079,1,0,Driver Inattention/Distraction,4415552,16.7,5.8,8.6,8.6,0.0,8.0,61,18.9,38.9,250,Rain: Light,1,1,
13725,2021-05-09 22:50:00,40.712215,-73.945724,1,0,Traffic Control Disregarded,4414800,16.7,5.8,8.6,8.6,0.0,8.0,61,18.9,38.9,250,Rain: Light,1,1,
13726,2021-05-05 09:21:00,40.756996,-73.90784,1,0,Unspecified,4415419,15.1,10.8,9.9,9.9,0.0,17.0,61,21.5,42.5,23,Rain: Light,1,1,
13727,2021-05-03 05:37:00,40.75548,-73.74173,1,0,Following Too Closely,4415622,15.8,11.4,5.7,5.7,0.0,7.0,61,14.5,47.2,53,Rain: Light,1,1,
13728,2021-05-09 20:55:00,40.640724,-73.883446,0,0,Unsafe Speed,4415030,16.7,5.8,8.6,8.6,0.0,8.0,61,18.9,38.9,250,Rain: Light,0,0,
13729,2021-05-09 15:12:00,40.863785,-73.90028,0,0,Failure to Yield Right-of-Way,4414882,16.7,5.8,8.6,8.6,0.0,8.0,61,18.9,38.9,250,Rain: Light,0,0,
13730,2021-05-09 11:20:00,40.636536,-73.91441,0,0,Unspecified,4415034,16.7,5.8,8.6,8.6,0.0,8.0,61,18.9,38.9,250,Rain: Light,0,0,
13731,2021-05-09 13:48:00,40.87003,-73.840744,1,0,Failure to Yield Right-of-Way,4414967,16.7,5.8,8.6,8.6,0.0,8.0,61,18.9,38.9,250,Rain: Light,1,1,
13732,2021-04-24 22:29:00,40.712696,-73.900604,1,0,Failure to Yield Right-of-Way,4415454,19.7,6.0,0.0,0.0,0.0,0.0,3,26.7,49.3,232,Overcast,1,1,
13733,2021-05-06 13:59:00,40.839485,-73.84382,0,0,Unspecified,4415508,17.3,8.7,0.0,0.0,0.0,0.0,3,22.6,43.6,313,Overcast,0,0,
13734,2021-05-09 00:00:00,40.611683,-73.94694,1,0,Unspecified,4414840,16.7,5.8,8.6,8.6,0.0,8.0,61,18.9,38.9,250,Rain: Light,1,1,
13735,2021-05-08 04:15:00,40.714622,-73.829704,3,0,Passing or Lane Usage Improper,4415389,11.6,7.7,4.3,4.3,0.0,9.0,61,17.5,36.4,140,Rain: Light,3,3,
13736,2021-04-30 00:22:00,40.668964,-73.95059,0,0,Driver Inattention/Distraction,4415621,19.9,7.6,0.4,0.4,0.0,4.0,51,36.9,82.1,289,Drizzle: Light,0,0,
13737,2021-05-09 00:05:00,40.86832,-73.83317,0,0,Unspecified,4414601,16.7,5.8,8.6,8.6,0.0,8.0,61,18.9,38.9,250,Rain: Light,0,0,
13738,2021-05-09 08:15:00,40.84932,-73.93374,1,0,Traffic Control Disregarded,4415462,16.7,5.8,8.6,8.6,0.0,8.0,61,18.9,38.9,250,Rain: Light,1,1,
13739,2021-05-09 15:52:00,40.713615,-73.96094,0,0,Driver Inattention/Distraction,4414799,16.7,5.8,8.6,8.6,0.0,8.0,61,18.9,38.9,250,Rain: Light,0,0,
13740,2021-05-09 12:05:00,40.712532,-73.95798,0,0,Passing or Lane Usage Improper,4414969,16.7,5.8,8.6,8.6,0.0,8.0,61,18.9,38.9,250,Rain: Light,0,0,
13741,2021-05-07 18:44:00,40.649746,-73.950676,2,0,Backing Unsafely,4415539,16.4,7.7,0.0,0.0,0.0,0.0,3,15.8,32.4,73,Overcast,2,2,
13742,2021-05-09 15:00:00,40.753254,-73.831955,0,0,Passing Too Closely,4414861,16.7,5.8,8.6,8.6,0.0,8.0,61,18.9,38.9,250,Rain: Light,0,0,
13743,2021-05-07 07:47:00,40.781593,-73.96286,0,0,Passing or Lane Usage Improper,4415380,16.4,7.7,0.0,0.0,0.0,0.0,3,15.8,32.4,73,Overcast,0,0,
13744,2021-05-09 01:15:00,40.669666,-73.76561,1,0,Failure to Yield Right-of-Way,4415418,16.7,5.8,8.6,8.6,0.0,8.0,61,18.9,38.9,250,Rain: Light,1,1,
13745,2021-05-09 17:13:00,40.575413,-73.98347,0,0,Driver Inattention/Distraction,4414920,16.7,5.8,8.6,8.6,0.0,8.0,61,18.9,38.9,250,Rain: Light,0,0,
13746,2021-05-09 05:30:00,40.750946,-73.87292,0,0,Driver Inattention/Distraction,4415670,16.7,5.8,8.6,8.6,0.0,8.0,61,18.9,38.9,250,Rain: Light,0,0,
13747,2021-05-07 08:56:00,40.61074,-74.09583,0,0,Unsafe Lane Changing,4415487,16.4,7.7,0.0,0.0,0.0,0.0,3,15.8,32.4,73,Overcast,0,0,
13748,2021-05-09 14:14:00,40.647217,-73.9492,0,0,Alcohol Involvement,4414708,16.7,5.8,8.6,8.6,0.0,8.0,61,18.9,38.9,250,Rain: Light,0,0,
13749,2021-05-09 15:35:00,40.738514,-73.86846,2,0,Failure to Yield Right-of-Way,4414746,16.7,5.8,8.6,8.6,0.0,8.0,61,18.9,38.9,250,Rain: Light,2,2,
13750,2022-03-26 19:48:00,40.885212,-73.90104,0,0,Driver Inattention/Distraction,4514834,10.1,4.9,6.1,5.8,0.21,8.0,71,21.6,41.0,251,Snow fall: Light,0,0,Snowy Conditions
13751,2021-04-24 01:00:00,40.739185,-73.85252,0,0,Backing Unsafely,4415645,19.7,6.0,0.0,0.0,0.0,0.0,3,26.7,49.3,232,Overcast,0,0,
13752,2021-05-09 18:02:00,40.72328,-73.778046,0,0,Driver Inexperience,4414824,16.7,5.8,8.6,8.6,0.0,8.0,61,18.9,38.9,250,Rain: Light,0,0,
13753,2021-05-08 12:20:00,40.84543,-73.91399,0,0,Unspecified,4415364,11.6,7.7,4.3,4.3,0.0,9.0,61,17.5,36.4,140,Rain: Light,0,0,
13754,2021-05-03 23:40:00,40.704082,-73.81094,0,0,Driver Inattention/Distraction,4415544,15.8,11.4,5.7,5.7,0.0,7.0,61,14.5,47.2,53,Rain: Light,0,0,
13755,2021-05-09 12:19:00,40.705982,-73.73956,0,0,Backing Unsafely,4414673,16.7,5.8,8.6,8.6,0.0,8.0,61,18.9,38.9,250,Rain: Light,0,0,
13756,2021-05-09 21:15:00,40.722584,-74.00636,0,0,Turning Improperly,4415062,16.7,5.8,8.6,8.6,0.0,8.0,61,18.9,38.9,250,Rain: Light,0,0,
13757,2021-05-09 01:58:00,40.659016,-73.95673,0,0,Driver Inattention/Distraction,4415219,16.7,5.8,8.6,8.6,0.0,8.0,61,18.9,38.9,250,Rain: Light,0,0,
13758,2021-05-09 12:20:00,40.62374,-73.92448,2,0,Driver Inattention/Distraction,4414720,16.7,5.8,8.6,8.6,0.0,8.0,61,18.9,38.9,250,Rain: Light,2,2,
13759,2021-05-09 01:10:00,40.81175,-73.93144,0,0,Brakes Defective,4414898,16.7,5.8,8.6,8.6,0.0,8.0,61,18.9,38.9,250,Rain: Light,0,0,
13760,2021-04-29 07:47:00,40.80684,-73.9275,0,0,Driver Inattention/Distraction,4415437,22.5,12.9,3.8,3.8,0.0,9.0,53,25.6,50.8,199,Drizzle: Moderate,0,0,
13761,2021-05-07 17:30:00,40.669132,-73.97745,0,0,Unspecified,4415468,16.4,7.7,0.0,0.0,0.0,0.0,3,15.8,32.4,73,Overcast,0,0,
13762,2021-05-09 10:00:00,40.6029,-73.76673,0,0,Other Vehicular,4415373,16.7,5.8,8.6,8.6,0.0,8.0,61,18.9,38.9,250,Rain: Light,0,0,
13763,2021-05-09 19:40:00,40.606407,-74.18937,0,0,Following Too Closely,4414815,16.7,5.8,8.6,8.6,0.0,8.0,61,18.9,38.9,250,Rain: Light,0,0,
13764,2021-05-09 12:00:00,40.84492,-73.90552,0,0,Unsafe Lane Changing,4414909,16.7,5.8,8.6,8.6,0.0,8.0,61,18.9,38.9,250,Rain: Light,0,0,
13765,2021-05-07 21:34:00,40.697773,-73.88772,2,0,Alcohol Involvement,4415563,16.4,7.7,0.0,0.0,0.0,0.0,3,15.8,32.4,73,Overcast,2,2,
13766,2021-05-06 20:29:00,40.820305,-73.89083,0,0,Unspecified,4415423,17.3,8.7,0.0,0.0,0.0,0.0,3,22.6,43.6,313,Overcast,0,0,
13767,2021-05-09 16:09:00,40.670277,-73.92542,0,0,Unspecified,4415167,16.7,5.8,8.6,8.6,0.0,8.0,61,18.9,38.9,250,Rain: Light,0,0,
13768,2021-05-08 22:00:00,40.821037,-73.9552,0,0,Unspecified,4415359,11.6,7.7,4.3,4.3,0.0,9.0,61,17.5,36.4,140,Rain: Light,0,0,
13769,2021-05-09 20:43:00,40.845325,-73.93872,0,0,Failure to Yield Right-of-Way,4414783,16.7,5.8,8.6,8.6,0.0,8.0,61,18.9,38.9,250,Rain: Light,0,0,
13770,2021-12-19 02:00:00,40.60968,-73.99298,0,0,Aggressive Driving/Road Rage,4488842,7.1,-1.8,0.5,0.5,0.0,4.0,51,26.4,47.5,327,Drizzle: Light,0,0,
13771,2021-05-09 23:00:00,40.692764,-73.86109,0,0,Alcohol Involvement,4415081,16.7,5.8,8.6,8.6,0.0,8.0,61,18.9,38.9,250,Rain: Light,0,0,
13772,2021-05-09 04:20:00,40.560394,-74.120056,0,0,Driver Inattention/Distraction,4414937,16.7,5.8,8.6,8.6,0.0,8.0,61,18.9,38.9,250,Rain: Light,0,0,
13773,2021-05-08 10:30:00,40.6687,-73.9965,0,0,Unspecified,4415478,11.6,7.7,4.3,4.3,0.0,9.0,61,17.5,36.4,140,Rain: Light,0,0,
13774,2021-05-09 04:36:00,40.691864,-73.862076,0,0,Passing Too Closely,4414981,16.7,5.8,8.6,8.6,0.0,8.0,61,18.9,38.9,250,Rain: Light,0,0,
13775,2021-05-06 10:30:00,40.74428,-73.861786,1,0,Unspecified,4415430,17.3,8.7,0.0,0.0,0.0,0.0,3,22.6,43.6,313,Overcast,1,1,
13776,2021-05-09 19:25:00,40.761234,-73.96389,0,0,Traffic Control Disregarded,4414843,16.7,5.8,8.6,8.6,0.0,8.0,61,18.9,38.9,250,Rain: Light,0,0,
13777,2021-05-09 21:00:00,40.761692,-73.91789,1,0,Driver Inattention/Distraction,4415365,16.7,5.8,8.6,8.6,0.0,8.0,61,18.9,38.9,250,Rain: Light,1,1,
13778,2021-05-08 11:35:00,40.695538,-73.74831,0,0,Reaction to Uninvolved Vehicle,4415406,11.6,7.7,4.3,4.3,0.0,9.0,61,17.5,36.4,140,Rain: Light,0,0,
13779,2021-05-09 00:30:00,40.71786,-73.948326,1,0,Passing or Lane Usage Improper,4414905,16.7,5.8,8.6,8.6,0.0,8.0,61,18.9,38.9,250,Rain: Light,1,1,
13780,2021-05-09 05:00:00,40.685917,-73.87071,0,0,Driver Inattention/Distraction,4415322,16.7,5.8,8.6,8.6,0.0,8.0,61,18.9,38.9,250,Rain: Light,0,0,
13781,2021-05-09 11:40:00,40.765873,-73.8089,0,0,Passing Too Closely,4414636,16.7,5.8,8.6,8.6,0.0,8.0,61,18.9,38.9,250,Rain: Light,0,0,
13782,2021-05-09 20:20:00,40.63407,-74.105385,0,0,Driver Inattention/Distraction,4415013,16.7,5.8,8.6,8.6,0.0,8.0,61,18.9,38.9,250,Rain: Light,0,0,
13783,2021-05-09 21:00:00,40.699844,-73.991035,1,0,Failure to Yield Right-of-Way,4414755,16.7,5.8,8.6,8.6,0.0,8.0,61,18.9,38.9,250,Rain: Light,1,1,
13784,2021-05-09 06:57:00,40.82485,-73.911316,1,0,Driver Inattention/Distraction,4414839,16.7,5.8,8.6,8.6,0.0,8.0,61,18.9,38.9,250,Rain: Light,1,1,
13785,2021-05-09 20:45:00,40.85458,-73.9162,0,0,Backing Unsafely,4415005,16.7,5.8,8.6,8.6,0.0,8.0,61,18.9,38.9,250,Rain: Light,0,0,
13786,2022-03-26 19:03:00,40.878,-73.90408,1,0,Unsafe Speed,4514786,10.1,4.9,6.1,5.8,0.21,8.0,71,21.6,41.0,251,Snow fall: Light,1,1,Snowy Conditions
13787,2021-05-06 19:44:00,40.648308,-74.01412,1,0,Unspecified,4415455,17.3,8.7,0.0,0.0,0.0,0.0,3,22.6,43.6,313,Overcast,1,1,
13788,2021-05-09 02:55:00,40.755222,-73.96135,0,0,Passing or Lane Usage Improper,4414509,16.7,5.8,8.6,8.6,0.0,8.0,61,18.9,38.9,250,Rain: Light,0,0,
13789,2021-05-06 23:00:00,40.757824,-73.86101,2,0,Driver Inattention/Distraction,4415510,17.3,8.7,0.0,0.0,0.0,0.0,3,22.6,43.6,313,Overcast,2,2,
13790,2021-05-08 15:00:00,40.798622,-73.94163,1,0,Pedestrian/Bicyclist/Other Pedestrian Error/Confusion,4415387,11.6,7.7,4.3,4.3,0.0,9.0,61,17.5,36.4,140,Rain: Light,1,1,
13791,2021-04-15 06:50:00,40.7424,-73.85399,0,0,Turning Improperly,4415655,12.9,7.7,15.9,15.9,0.0,15.0,63,17.3,32.0,166,Rain: Moderate,0,0,
13792,2021-05-09 21:45:00,40.781693,-73.82225,0,0,Following Too Closely,4415230,16.7,5.8,8.6,8.6,0.0,8.0,61,18.9,38.9,250,Rain: Light,0,0,
13793,2021-05-09 00:37:00,40.6229,-73.92631,4,0,Unspecified,4414728,16.7,5.8,8.6,8.6,0.0,8.0,61,18.9,38.9,250,Rain: Light,4,4,
13794,2021-05-09 22:40:00,40.89371,-73.88558,0,0,Pavement Slippery,4415128,16.7,5.8,8.6,8.6,0.0,8.0,61,18.9,38.9,250,Rain: Light,0,0,
13795,2021-05-08 20:00:00,40.83016,-73.94167,1,0,Driver Inattention/Distraction,4415507,11.6,7.7,4.3,4.3,0.0,9.0,61,17.5,36.4,140,Rain: Light,1,1,
13796,2021-05-09 21:00:00,40.744347,-73.92891,0,0,Driver Inattention/Distraction,4414762,16.7,5.8,8.6,8.6,0.0,8.0,61,18.9,38.9,250,Rain: Light,0,0,
13797,2021-05-09 12:00:00,40.7114,-73.741,0,0,Unspecified,4415188,16.7,5.8,8.6,8.6,0.0,8.0,61,18.9,38.9,250,Rain: Light,0,0,
13798,2021-05-08 14:25:00,40.668495,-73.925606,0,0,Driver Inattention/Distraction,4415551,11.6,7.7,4.3,4.3,0.0,9.0,61,17.5,36.4,140,Rain: Light,0,0,
13799,2021-05-09 23:47:00,40.661865,-73.88984,0,0,Unspecified,4415340,16.7,5.8,8.6,8.6,0.0,8.0,61,18.9,38.9,250,Rain: Light,0,0,
13800,2021-05-01 01:24:00,40.67119,-73.8387,0,0,Passing or Lane Usage Improper,4415633,17.3,5.0,0.0,0.0,0.0,0.0,3,31.7,63.4,302,Overcast,0,0,
13801,2021-05-09 10:33:00,40.75732,-73.834015,0,0,Driver Inexperience,4414663,16.7,5.8,8.6,8.6,0.0,8.0,61,18.9,38.9,250,Rain: Light,0,0,
13802,2021-05-09 23:30:00,40.879807,-73.906586,1,0,Driver Inattention/Distraction,4415129,16.7,5.8,8.6,8.6,0.0,8.0,61,18.9,38.9,250,Rain: Light,1,1,
13803,2021-05-09 05:00:00,40.685818,-73.87107,0,0,Unspecified,4415327,16.7,5.8,8.6,8.6,0.0,8.0,61,18.9,38.9,250,Rain: Light,0,0,
13804,2021-05-08 21:00:00,40.773922,-73.9297,0,0,Passing Too Closely,4415362,11.6,7.7,4.3,4.3,0.0,9.0,61,17.5,36.4,140,Rain: Light,0,0,
13805,2021-05-09 12:36:00,40.747513,-73.9688,1,0,Driver Inattention/Distraction,4414676,16.7,5.8,8.6,8.6,0.0,8.0,61,18.9,38.9,250,Rain: Light,1,1,
13806,2021-05-09 13:27:00,40.64608,-73.98445,0,0,Passing or Lane Usage Improper,4414761,16.7,5.8,8.6,8.6,0.0,8.0,61,18.9,38.9,250,Rain: Light,0,0,
13807,2021-05-05 16:27:00,40.769188,-73.8009,0,0,Passing or Lane Usage Improper,4415572,15.1,10.8,9.9,9.9,0.0,17.0,61,21.5,42.5,23,Rain: Light,0,0,
13808,2021-05-06 14:00:00,40.669197,-73.96212,1,0,Driver Inattention/Distraction,4415619,17.3,8.7,0.0,0.0,0.0,0.0,3,22.6,43.6,313,Overcast,1,1,
13809,2021-05-09 16:20:00,40.711693,-73.95124,0,0,Other Vehicular,4414798,16.7,5.8,8.6,8.6,0.0,8.0,61,18.9,38.9,250,Rain: Light,0,0,
13810,2021-05-09 16:10:00,40.84962,-73.91938,3,0,Unspecified,4414972,16.7,5.8,8.6,8.6,0.0,8.0,61,18.9,38.9,250,Rain: Light,3,3,
13811,2021-05-04 08:23:00,40.885647,-73.84402,1,0,Steering Failure,4415554,22.2,11.1,13.2,13.2,0.0,6.0,63,18.9,42.8,74,Rain: Moderate,1,1,
13812,2021-12-20 01:09:00,40.80534,-73.92095,1,0,Following Too Closely,4488287,1.8,-4.4,0.0,0.0,0.0,0.0,2,17.9,32.8,282,Partly cloudy,1,1,
13813,2021-05-02 01:20:00,40.71531,-73.826385,0,0,Unspecified,4415486,26.3,11.3,0.0,0.0,0.0,0.0,3,23.0,43.9,251,Overcast,0,0,
13814,2021-05-09 08:30:00,40.64663,-73.95566,0,0,Reaction to Uninvolved Vehicle,4414705,16.7,5.8,8.6,8.6,0.0,8.0,61,18.9,38.9,250,Rain: Light,0,0,
13815,2021-05-09 04:08:00,40.583652,-73.94356,0,0,Driver Inattention/Distraction,4414833,16.7,5.8,8.6,8.6,0.0,8.0,61,18.9,38.9,250,Rain: Light,0,0,
13816,2021-05-09 08:16:00,40.75667,-73.828804,1,0,Failure to Yield Right-of-Way,4414635,16.7,5.8,8.6,8.6,0.0,8.0,61,18.9,38.9,250,Rain: Light,1,1,
13817,2021-05-09 21:00:00,40.674397,-73.896515,0,0,Driver Inattention/Distraction,4414787,16.7,5.8,8.6,8.6,0.0,8.0,61,18.9,38.9,250,Rain: Light,0,0,
13818,2021-05-09 22:30:00,40.750782,-73.90107,3,0,Alcohol Involvement,4415104,16.7,5.8,8.6,8.6,0.0,8.0,61,18.9,38.9,250,Rain: Light,3,3,
13819,2021-05-09 18:35:00,40.609463,-73.97419,1,0,Unspecified,4414814,16.7,5.8,8.6,8.6,0.0,8.0,61,18.9,38.9,250,Rain: Light,1,1,
13820,2021-05-09 19:35:00,40.6603,-73.980446,0,0,Driver Inattention/Distraction,4415444,16.7,5.8,8.6,8.6,0.0,8.0,61,18.9,38.9,250,Rain: Light,0,0,
13821,2021-05-09 15:00:00,40.828625,-73.945854,0,0,Unspecified,4415349,16.7,5.8,8.6,8.6,0.0,8.0,61,18.9,38.9,250,Rain: Light,0,0,
13822,2021-05-09 07:30:00,40.879032,-73.87425,0,0,Unspecified,4414862,16.7,5.8,8.6,8.6,0.0,8.0,61,18.9,38.9,250,Rain: Light,0,0,
13823,2021-05-09 19:29:00,40.69003,-73.911,0,0,Driver Inattention/Distraction,4415181,16.7,5.8,8.6,8.6,0.0,8.0,61,18.9,38.9,250,Rain: Light,0,0,
13824,2021-05-05 13:20:00,40.75203,-73.92915,2,0,Other Vehicular,4415358,15.1,10.8,9.9,9.9,0.0,17.0,61,21.5,42.5,23,Rain: Light,2,2,
13825,2021-05-09 01:10:00,40.667385,-73.88709,1,0,Unspecified,4415321,16.7,5.8,8.6,8.6,0.0,8.0,61,18.9,38.9,250,Rain: Light,1,1,
13826,2021-05-09 01:50:00,40.853474,-73.906456,2,0,Other Vehicular,4414955,16.7,5.8,8.6,8.6,0.0,8.0,61,18.9,38.9,250,Rain: Light,2,2,
13827,2021-05-03 22:50:00,40.704082,-73.81094,0,0,Driver Inattention/Distraction,4415543,15.8,11.4,5.7,5.7,0.0,7.0,61,14.5,47.2,53,Rain: Light,0,0,
13828,2021-05-09 18:00:00,40.68022,-73.82121,0,0,Driver Inattention/Distraction,4414855,16.7,5.8,8.6,8.6,0.0,8.0,61,18.9,38.9,250,Rain: Light,0,0,
13829,2021-05-04 13:10:00,40.790417,-73.95184,0,0,Passing or Lane Usage Improper,4415438,22.2,11.1,13.2,13.2,0.0,6.0,63,18.9,42.8,74,Rain: Moderate,0,0,
13830,2021-05-09 12:05:00,40.596966,-73.931496,3,0,Driver Inattention/Distraction,4414842,16.7,5.8,8.6,8.6,0.0,8.0,61,18.9,38.9,250,Rain: Light,3,3,
13831,2021-05-09 00:45:00,40.88601,-73.85808,0,0,Unspecified,4414602,16.7,5.8,8.6,8.6,0.0,8.0,61,18.9,38.9,250,Rain: Light,0,0,
13832,2021-05-02 09:15:00,40.72593,-73.8969,1,0,Driver Inattention/Distraction,4415457,26.3,11.3,0.0,0.0,0.0,0.0,3,23.0,43.9,251,Overcast,1,1,
13833,2021-05-09 18:59:00,40.747395,-73.853546,1,0,Unspecified,4414747,16.7,5.8,8.6,8.6,0.0,8.0,61,18.9,38.9,250,Rain: Light,1,1,
13834,2021-05-09 17:00:00,40.723072,-73.94028,0,0,Passing or Lane Usage Improper,4414914,16.7,5.8,8.6,8.6,0.0,8.0,61,18.9,38.9,250,Rain: Light,0,0,
13835,2021-04-19 07:40:00,40.757824,-73.86101,1,0,Driver Inattention/Distraction,4415675,16.9,5.0,0.0,0.0,0.0,0.0,3,14.7,31.0,214,Overcast,1,1,
13836,2021-04-09 15:00:00,40.66594,-73.944336,0,0,Other Vehicular,4415540,13.4,5.7,0.0,0.0,0.0,0.0,3,15.7,33.8,146,Overcast,0,0,
13837,2021-05-06 22:17:00,40.683376,-73.76043,0,0,Steering Failure,4415398,17.3,8.7,0.0,0.0,0.0,0.0,3,22.6,43.6,313,Overcast,0,0,
13838,2021-05-09 01:30:00,40.87911,-73.84325,2,0,Unsafe Speed,4414921,16.7,5.8,8.6,8.6,0.0,8.0,61,18.9,38.9,250,Rain: Light,2,2,
13839,2021-05-09 04:39:00,40.803024,-73.93632,0,0,Alcohol Involvement,4415070,16.7,5.8,8.6,8.6,0.0,8.0,61,18.9,38.9,250,Rain: Light,0,0,
13840,2021-05-08 23:28:00,40.797478,-73.9488,0,0,Reaction to Uninvolved Vehicle,4415407,11.6,7.7,4.3,4.3,0.0,9.0,61,17.5,36.4,140,Rain: Light,0,0,
13841,2021-05-09 22:43:00,40.861862,-73.91282,1,0,Failure to Yield Right-of-Way,4414893,16.7,5.8,8.6,8.6,0.0,8.0,61,18.9,38.9,250,Rain: Light,1,1,
13842,2021-05-09 21:39:00,40.616554,-73.99659,0,0,Traffic Control Disregarded,4414816,16.7,5.8,8.6,8.6,0.0,8.0,61,18.9,38.9,250,Rain: Light,0,0,