,CRASH DATETIME,LATITUDE,LONGITUDE,NUMBER OF PERSONS INJURED,NUMBER OF PERSONS KILLED,CONTRIBUTING FACTOR VEHICLE 1,COLLISION_ID,temperature_2m_max,temperature_2m_min,precipitation_sum,rain_sum,snowfall_sum,precipitation_hours,weather_code,wind_speed_10m_max,wind_gusts_10m_max,wind_direction_10m_dominant,Weather Description,Severity_Score,Total_Affected_Persons,Weather_Category
13843,2021-05-08 10:22:00,40.71935,-73.91233,0,0,Driver Inattention/Distraction,4415450,11.6,7.7,4.3,4.3,0.0,9.0,61,17.5,36.4,140,Rain: Light,0,0,
13844,2021-05-08 14:30:00,40.67445,-73.97957,0,0,Oversized Vehicle,4415465,11.6,7.7,4.3,4.3,0.0,9.0,61,17.5,36.4,140,Rain: Light,0,0,
13845,2021-05-09 16:33:00,40.62145,-73.99404,1,0,Driver Inattention/Distraction,4414766,16.7,5.8,8.6,8.6,0.0,8.0,61,18.9,38.9,250,Rain: Light,1,1,
13846,2021-12-20 20:34:00,40.696125,-73.936195,0,0,Driver Inattention/Distraction,4488736,1.8,-4.4,0.0,0.0,0.0,0.0,2,17.9,32.8,282,Partly cloudy,0,0,
13847,2021-05-09 06:59:00,40.6913,-73.9455,0,0,Traffic Control Disregarded,4415159,16.7,5.8,8.6,8.6,0.0,8.0,61,18.9,38.9,250,Rain: Light,0,0,
13848,2021-05-04 17:35:00,40.69133,-73.95177,0,0,Driver Inattention/Distraction,4415376,22.2,11.1,13.2,13.2,0.0,6.0,63,18.9,42.8,74,Rain: Moderate,0,0,
13849,2021-05-09 20:50:00,40.629986,-73.97157,0,0,Unspecified,4414934,16.7,5.8,8.6,8.6,0.0,8.0,61,18.9,38.9,250,Rain: Light,0,0,
13850,2021-05-09 13:15:00,40.604885,-73.9987,0,0,Passenger Distraction,4415024,16.7,5.8,8.6,8.6,0.0,8.0,61,18.9,38.9,250,Rain: Light,0,0,
13851,2021-05-04 14:25:00,40.678276,-73.910805,0,0,Unspecified,4415549,22.2,11.1,13.2,13.2,0.0,6.0,63,18.9,42.8,74,Rain: Moderate,0,0,
13852,2021-05-09 19:10:00,40.69103,-73.78079,0,0,Passing or Lane Usage Improper,4415422,16.7,5.8,8.6,8.6,0.0,8.0,61,18.9,38.9,250,Rain: Light,0,0,
13853,2021-05-09 02:00:00,40.55289,-74.19154,1,0,Driver Inexperience,4415046,16.7,5.8,8.6,8.6,0.0,8.0,61,18.9,38.9,250,Rain: Light,1,1,
13854,2021-05-05 18:10:00,40.707516,-73.94119,1,0,Drugs (illegal),4415664,15.1,10.8,9.9,9.9,0.0,17.0,61,21.5,42.5,23,Rain: Light,1,1,
13855,2021-04-30 20:50:00,40.876835,-73.8585,0,0,Unspecified,4415432,19.9,7.6,0.4,0.4,0.0,4.0,51,36.9,82.1,289,Drizzle: Light,0,0,
13856,2021-05-09 00:02:00,40.62973,-73.922226,2,0,Backing Unsafely,4414511,16.7,5.8,8.6,8.6,0.0,8.0,61,18.9,38.9,250,Rain: Light,2,2,
13857,2021-05-08 07:30:00,40.704018,-73.89795,0,0,Driver Inattention/Distraction,4415451,11.6,7.7,4.3,4.3,0.0,9.0,61,17.5,36.4,140,Rain: Light,0,0,
13858,2021-05-09 13:40:00,40.615364,-73.94575,0,0,Unspecified,4414853,16.7,5.8,8.6,8.6,0.0,8.0,61,18.9,38.9,250,Rain: Light,0,0,
13859,2021-05-09 20:51:00,40.744846,-73.835686,1,0,Following Too Closely,4415232,16.7,5.8,8.6,8.6,0.0,8.0,61,18.9,38.9,250,Rain: Light,1,1,
13860,2021-05-09 07:56:00,40.725777,-73.79175,0,0,View Obstructed/Limited,4414729,16.7,5.8,8.6,8.6,0.0,8.0,61,18.9,38.9,250,Rain: Light,0,0,
13861,2021-05-09 22:00:00,40.820824,-73.91562,0,0,Driver Inattention/Distraction,4415199,16.7,5.8,8.6,8.6,0.0,8.0,61,18.9,38.9,250,Rain: Light,0,0,
13862,2021-05-08 10:25:00,40.676006,-73.98352,0,0,Passing Too Closely,4415477,11.6,7.7,4.3,4.3,0.0,9.0,61,17.5,36.4,140,Rain: Light,0,0,
13863,2021-12-15 07:47:00,40.648243,-73.929,1,0,Failure to Yield Right-of-Way,4488875,10.3,1.8,1.0,1.0,0.0,6.0,51,20.6,38.2,104,Drizzle: Light,1,1,
13864,2021-05-09 14:00:00,40.898243,-73.858864,0,0,Driver Inattention/Distraction,4414942,16.7,5.8,8.6,8.6,0.0,8.0,61,18.9,38.9,250,Rain: Light,0,0,
13865,2021-05-09 13:00:00,40.67978,-73.823875,0,0,Unsafe Speed,4414980,16.7,5.8,8.6,8.6,0.0,8.0,61,18.9,38.9,250,Rain: Light,0,0,
13866,2021-05-09 02:57:00,40.60797,-73.754196,0,0,Other Vehicular,4415369,16.7,5.8,8.6,8.6,0.0,8.0,61,18.9,38.9,250,Rain: Light,0,0,
13867,2021-05-09 14:40:00,40.83932,-73.91503,1,0,Passing Too Closely,4414765,16.7,5.8,8.6,8.6,0.0,8.0,61,18.9,38.9,250,Rain: Light,1,1,
13868,2021-05-09 19:50:00,40.715954,-73.986725,1,0,Failure to Yield Right-of-Way,4414802,16.7,5.8,8.6,8.6,0.0,8.0,61,18.9,38.9,250,Rain: Light,1,1,
13869,2021-05-09 19:11:00,40.65676,-73.960144,0,0,Pavement Slippery,4415625,16.7,5.8,8.6,8.6,0.0,8.0,61,18.9,38.9,250,Rain: Light,0,0,
13870,2021-05-09 12:30:00,40.71236,-73.95896,0,0,Passing Too Closely,4414669,16.7,5.8,8.6,8.6,0.0,8.0,61,18.9,38.9,250,Rain: Light,0,0,
13871,2021-04-30 17:54:00,40.69524,-73.87571,0,0,Unspecified,4415556,19.9,7.6,0.4,0.4,0.0,4.0,51,36.9,82.1,289,Drizzle: Light,0,0,
13872,2021-05-08 17:55:00,40.66962,-73.91112,1,0,Passenger Distraction,4415511,11.6,7.7,4.3,4.3,0.0,9.0,61,17.5,36.4,140,Rain: Light,1,1,
13873,2021-05-09 21:45:00,40.7453,-73.986855,0,0,Failure to Yield Right-of-Way,4415131,16.7,5.8,8.6,8.6,0.0,8.0,61,18.9,38.9,250,Rain: Light,0,0,
13874,2021-05-09 20:48:00,40.854477,-73.90125,3,0,View Obstructed/Limited,4414904,16.7,5.8,8.6,8.6,0.0,8.0,61,18.9,38.9,250,Rain: Light,3,3,
13875,2021-05-03 09:30:00,40.728947,-73.92793,0,0,Following Too Closely,4415493,15.8,11.4,5.7,5.7,0.0,7.0,61,14.5,47.2,53,Rain: Light,0,0,
13876,2021-05-09 16:15:00,40.666233,-73.761,0,0,Driver Inattention/Distraction,4414772,16.7,5.8,8.6,8.6,0.0,8.0,61,18.9,38.9,250,Rain: Light,0,0,
13877,2021-05-09 23:05:00,40.762093,-73.75691,3,0,Reaction to Uninvolved Vehicle,4414817,16.7,5.8,8.6,8.6,0.0,8.0,61,18.9,38.9,250,Rain: Light,3,3,
13878,2021-05-09 17:10:00,40.62824,-74.00838,0,0,Driver Inattention/Distraction,4415378,16.7,5.8,8.6,8.6,0.0,8.0,61,18.9,38.9,250,Rain: Light,0,0,
13879,2021-05-09 16:30:00,40.665188,-73.86939,0,0,Unspecified,4415328,16.7,5.8,8.6,8.6,0.0,8.0,61,18.9,38.9,250,Rain: Light,0,0,
13880,2021-05-05 22:00:00,40.61408,-74.072464,1,0,Unsafe Speed,4415353,15.1,10.8,9.9,9.9,0.0,17.0,61,21.5,42.5,23,Rain: Light,1,1,
13881,2021-05-09 09:00:00,40.786797,-73.812195,0,0,Passing Too Closely,4414661,16.7,5.8,8.6,8.6,0.0,8.0,61,18.9,38.9,250,Rain: Light,0,0,
13882,2021-05-09 14:00:00,40.766617,-73.8389,1,0,Reaction to Uninvolved Vehicle,4414994,16.7,5.8,8.6,8.6,0.0,8.0,61,18.9,38.9,250,Rain: Light,1,1,
13883,2021-05-09 00:00:00,40.635258,-73.92745,1,0,Backing Unsafely,4414713,16.7,5.8,8.6,8.6,0.0,8.0,61,18.9,38.9,250,Rain: Light,1,1,
13884,2021-05-09 14:05:00,40.648567,-73.91781,0,0,Unspecified,4415154,16.7,5.8,8.6,8.6,0.0,8.0,61,18.9,38.9,250,Rain: Light,0,0,
13885,2021-05-09 00:50:00,40.633224,-73.995186,0,0,Unspecified,4414629,16.7,5.8,8.6,8.6,0.0,8.0,61,18.9,38.9,250,Rain: Light,0,0,
13886,2021-05-09 17:16:00,40.586117,-73.93604,1,0,Unspecified,4414834,16.7,5.8,8.6,8.6,0.0,8.0,61,18.9,38.9,250,Rain: Light,1,1,
13887,2021-05-09 13:00:00,40.67772,-73.86486,0,0,Unspecified,4415326,16.7,5.8,8.6,8.6,0.0,8.0,61,18.9,38.9,250,Rain: Light,0,0,
13888,2021-05-09 18:20:00,40.722496,-73.940414,0,0,Driver Inattention/Distraction,4415097,16.7,5.8,8.6,8.6,0.0,8.0,61,18.9,38.9,250,Rain: Light,0,0,
13889,2021-05-09 14:50:00,40.680214,-73.94628,1,0,Driver Inattention/Distraction,4414757,16.7,5.8,8.6,8.6,0.0,8.0,61,18.9,38.9,250,Rain: Light,1,1,
13890,2021-04-26 18:30:00,40.755764,-73.904106,1,0,Driver Inattention/Distraction,4415464,13.7,3.7,0.0,0.0,0.0,0.0,2,27.3,52.6,311,Partly cloudy,1,1,
13891,2021-05-07 06:40:00,40.64554,-74.01708,0,0,Driver Inattention/Distraction,4415439,16.4,7.7,0.0,0.0,0.0,0.0,3,15.8,32.4,73,Overcast,0,0,
13892,2021-05-09 05:38:00,40.71976,-73.94476,1,0,Driver Inattention/Distraction,4414917,16.7,5.8,8.6,8.6,0.0,8.0,61,18.9,38.9,250,Rain: Light,1,1,
13893,2021-05-09 13:40:00,40.590393,-73.788734,0,0,Other Vehicular,4415382,16.7,5.8,8.6,8.6,0.0,8.0,61,18.9,38.9,250,Rain: Light,0,0,
13894,2021-05-09 05:15:00,40.784985,-73.94345,0,0,Vehicle Vandalism,4415416,16.7,5.8,8.6,8.6,0.0,8.0,61,18.9,38.9,250,Rain: Light,0,0,
13895,2021-05-09 20:15:00,40.576374,-74.00788,0,0,Driver Inattention/Distraction,4414923,16.7,5.8,8.6,8.6,0.0,8.0,61,18.9,38.9,250,Rain: Light,0,0,
13896,2021-05-09 18:45:00,40.683655,-74.000404,0,0,Unspecified,4414751,16.7,5.8,8.6,8.6,0.0,8.0,61,18.9,38.9,250,Rain: Light,0,0,
13897,2021-05-02 15:40:00,40.604755,-73.75113,0,0,Other Vehicular,4415687,26.3,11.3,0.0,0.0,0.0,0.0,3,23.0,43.9,251,Overcast,0,0,
13898,2021-05-09 11:16:00,40.64664,-73.9246,2,0,Driver Inexperience,4414703,16.7,5.8,8.6,8.6,0.0,8.0,61,18.9,38.9,250,Rain: Light,2,2,
13899,2021-12-20 00:00:00,40.856613,-73.86747,0,0,Unspecified,4488461,1.8,-4.4,0.0,0.0,0.0,0.0,2,17.9,32.8,282,Partly cloudy,0,0,
13900,2021-04-27 00:54:00,40.705772,-73.89997,0,0,Unspecified,4415484,14.8,4.2,0.0,0.0,0.0,0.0,3,15.3,34.2,164,Overcast,0,0,
13901,2021-05-09 21:56:00,40.69742,-73.93134,0,0,Alcohol Involvement,4415176,16.7,5.8,8.6,8.6,0.0,8.0,61,18.9,38.9,250,Rain: Light,0,0,
13902,2021-05-09 18:39:00,40.63473,-74.109764,1,0,Driver Inattention/Distraction,4415357,16.7,5.8,8.6,8.6,0.0,8.0,61,18.9,38.9,250,Rain: Light,1,1,
13903,2021-05-09 16:16:00,40.85187,-73.853775,0,0,Driver Inattention/Distraction,4414791,16.7,5.8,8.6,8.6,0.0,8.0,61,18.9,38.9,250,Rain: Light,0,0,
13904,2021-05-09 01:20:00,40.752945,-73.89248,0,0,Drugs (illegal),4414960,16.7,5.8,8.6,8.6,0.0,8.0,61,18.9,38.9,250,Rain: Light,0,0,
13905,2021-05-09 18:35:00,40.71453,-73.9444,0,0,Driver Inattention/Distraction,4415257,16.7,5.8,8.6,8.6,0.0,8.0,61,18.9,38.9,250,Rain: Light,0,0,
13906,2021-05-09 19:23:00,40.803238,-73.93475,0,0,Passing or Lane Usage Improper,4415069,16.7,5.8,8.6,8.6,0.0,8.0,61,18.9,38.9,250,Rain: Light,0,0,
13907,2021-12-17 08:33:00,40.623585,-74.08278,0,0,Brakes Defective,4488926,13.9,6.1,0.0,0.0,0.0,0.0,3,21.5,37.1,265,Overcast,0,0,
13908,2021-05-09 07:30:00,40.76311,-73.962524,0,0,Driver Inattention/Distraction,4414841,16.7,5.8,8.6,8.6,0.0,8.0,61,18.9,38.9,250,Rain: Light,0,0,
13909,2021-05-05 14:10:00,40.708504,-73.81954,0,0,Following Too Closely,4415609,15.1,10.8,9.9,9.9,0.0,17.0,61,21.5,42.5,23,Rain: Light,0,0,
13910,2021-05-09 05:58:00,40.676647,-73.91647,1,0,Failure to Yield Right-of-Way,4414975,16.7,5.8,8.6,8.6,0.0,8.0,61,18.9,38.9,250,Rain: Light,1,1,
13911,2021-05-09 23:12:00,40.75639,-73.859726,2,0,Driver Inattention/Distraction,4414797,16.7,5.8,8.6,8.6,0.0,8.0,61,18.9,38.9,250,Rain: Light,2,2,
13912,2021-05-09 11:20:00,40.645103,-74.01033,0,0,Unspecified,4415443,16.7,5.8,8.6,8.6,0.0,8.0,61,18.9,38.9,250,Rain: Light,0,0,
13913,2021-05-06 13:00:00,40.649525,-73.98072,0,0,Unspecified,4415458,17.3,8.7,0.0,0.0,0.0,0.0,3,22.6,43.6,313,Overcast,0,0,
13914,2021-05-04 11:00:00,40.683483,-73.773506,0,0,Passing Too Closely,4415395,22.2,11.1,13.2,13.2,0.0,6.0,63,18.9,42.8,74,Rain: Moderate,0,0,
13915,2021-05-09 19:45:00,40.663517,-73.957214,1,0,Driver Inattention/Distraction,4415541,16.7,5.8,8.6,8.6,0.0,8.0,61,18.9,38.9,250,Rain: Light,1,1,
13916,2021-04-23 18:39:00,40.70519,-73.90526,0,0,Driver Inexperience,4415578,15.5,2.0,0.0,0.0,0.0,0.0,3,28.7,57.2,273,Overcast,0,0,
13917,2021-05-09 03:30:00,40.710938,-73.77382,0,0,Driver Inexperience,4415144,16.7,5.8,8.6,8.6,0.0,8.0,61,18.9,38.9,250,Rain: Light,0,0,
13918,2021-05-07 17:30:00,40.70166,-73.961464,0,0,Alcohol Involvement,4415665,16.4,7.7,0.0,0.0,0.0,0.0,3,15.8,32.4,73,Overcast,0,0,
13919,2021-05-09 14:00:00,40.697327,-73.89322,0,0,Unspecified,4414743,16.7,5.8,8.6,8.6,0.0,8.0,61,18.9,38.9,250,Rain: Light,0,0,
13920,2021-05-09 12:50:00,40.66578,-73.91942,2,0,Traffic Control Disregarded,4415235,16.7,5.8,8.6,8.6,0.0,8.0,61,18.9,38.9,250,Rain: Light,2,2,
13921,2021-05-09 02:30:00,40.70996,-73.989334,1,0,Driver Inattention/Distraction,4415107,16.7,5.8,8.6,8.6,0.0,8.0,61,18.9,38.9,250,Rain: Light,1,1,
13922,2021-05-09 15:23:00,40.80584,-73.96176,0,0,Backing Unsafely,4414710,16.7,5.8,8.6,8.6,0.0,8.0,61,18.9,38.9,250,Rain: Light,0,0,
13923,2021-05-09 18:10:00,40.65965,-73.773834,1,0,Brakes Defective,4414773,16.7,5.8,8.6,8.6,0.0,8.0,61,18.9,38.9,250,Rain: Light,1,1,
13924,2021-05-09 03:42:00,40.891033,-73.8487,1,0,Driver Inattention/Distraction,4414603,16.7,5.8,8.6,8.6,0.0,8.0,61,18.9,38.9,250,Rain: Light,1,1,
13925,2021-05-07 20:00:00,40.74499,-73.89307,0,0,Unspecified,4415361,16.4,7.7,0.0,0.0,0.0,0.0,3,15.8,32.4,73,Overcast,0,0,
13926,2021-04-28 03:56:00,40.74541,-73.85549,0,0,Accelerator Defective,4415354,26.1,7.9,0.0,0.0,0.0,0.0,3,15.3,34.6,133,Overcast,0,0,
13927,2021-05-09 10:20:00,40.65492,-73.726395,1,0,Pedestrian/Bicyclist/Other Pedestrian Error/Confusion,4414670,16.7,5.8,8.6,8.6,0.0,8.0,61,18.9,38.9,250,Rain: Light,1,1,
13928,2021-05-06 19:30:00,40.70103,-73.855,1,0,Pedestrian/Bicyclist/Other Pedestrian Error/Confusion,4415542,17.3,8.7,0.0,0.0,0.0,0.0,3,22.6,43.6,313,Overcast,1,1,
13929,2021-05-08 20:51:00,40.67267,-73.770294,0,0,Steering Failure,4415401,11.6,7.7,4.3,4.3,0.0,9.0,61,17.5,36.4,140,Rain: Light,0,0,
13930,2021-05-09 22:30:00,40.649887,-73.96176,1,0,Unspecified,4414933,16.7,5.8,8.6,8.6,0.0,8.0,61,18.9,38.9,250,Rain: Light,1,1,
13931,2021-04-27 08:20:00,40.703175,-73.88719,1,0,Failure to Yield Right-of-Way,4415447,14.8,4.2,0.0,0.0,0.0,0.0,3,15.3,34.2,164,Overcast,1,1,
13932,2020-05-10 00:51:00,40.84103,-73.94463,2,0,Pavement Slippery,4415453,15.6,2.6,0.0,0.0,0.0,0.0,3,29.5,58.0,249,Overcast,2,2,
13933,2021-05-09 01:23:00,40.681118,-73.90868,0,0,Alcohol Involvement,4414542,16.7,5.8,8.6,8.6,0.0,8.0,61,18.9,38.9,250,Rain: Light,0,0,
13934,2021-05-05 09:00:00,40.663986,-73.9498,0,0,Driver Inattention/Distraction,4415623,15.1,10.8,9.9,9.9,0.0,17.0,61,21.5,42.5,23,Rain: Light,0,0,
13935,2021-05-09 12:00:00,40.600525,-73.94772,0,0,Passing Too Closely,4414990,16.7,5.8,8.6,8.6,0.0,8.0,61,18.9,38.9,250,Rain: Light,0,0,
13936,2021-05-09 00:00:00,40.848263,-73.92049,0,0,Unspecified,4415048,16.7,5.8,8.6,8.6,0.0,8.0,61,18.9,38.9,250,Rain: Light,0,0,
13937,2021-05-07 16:00:00,40.677364,-73.90798,0,0,Unspecified,4415517,16.4,7.7,0.0,0.0,0.0,0.0,3,15.8,32.4,73,Overcast,0,0,
13938,2021-05-09 22:57:00,40.65994,-73.95347,0,0,Pavement Slippery,4414850,16.7,5.8,8.6,8.6,0.0,8.0,61,18.9,38.9,250,Rain: Light,0,0,
13939,2021-05-07 06:00:00,40.75,-73.89924,0,0,Unspecified,4415371,16.4,7.7,0.0,0.0,0.0,0.0,3,15.8,32.4,73,Overcast,0,0,
13940,2021-05-09 18:31:00,40.7672,-73.887825,1,0,Traffic Control Disregarded,4414902,16.7,5.8,8.6,8.6,0.0,8.0,61,18.9,38.9,250,Rain: Light,1,1,
13941,2021-05-09 22:55:00,40.622837,-73.973526,0,0,Unspecified,4415025,16.7,5.8,8.6,8.6,0.0,8.0,61,18.9,38.9,250,Rain: Light,0,0,
13942,2021-05-09 10:45:00,40.675423,-73.842926,0,0,Steering Failure,4414655,16.7,5.8,8.6,8.6,0.0,8.0,61,18.9,38.9,250,Rain: Light,0,0,
13943,2021-05-08 12:54:00,40.59511,-73.75955,0,0,Driver Inexperience,4415379,11.6,7.7,4.3,4.3,0.0,9.0,61,17.5,36.4,140,Rain: Light,0,0,
13944,2021-05-09 08:45:00,40.59691,-74.19134,0,0,Other Vehicular,4414819,16.7,5.8,8.6,8.6,0.0,8.0,61,18.9,38.9,250,Rain: Light,0,0,
13945,2021-05-09 12:45:00,40.713932,-73.99157,1,0,Passenger Distraction,4414801,16.7,5.8,8.6,8.6,0.0,8.0,61,18.9,38.9,250,Rain: Light,1,1,
13946,2021-05-09 22:03:00,40.67509,-73.89187,1,0,Failure to Yield Right-of-Way,4415329,16.7,5.8,8.6,8.6,0.0,8.0,61,18.9,38.9,250,Rain: Light,1,1,
13947,2021-05-09 08:28:00,40.71043,-73.79133,1,0,Driver Inattention/Distraction,4415547,16.7,5.8,8.6,8.6,0.0,8.0,61,18.9,38.9,250,Rain: Light,1,1,
13948,2021-05-09 22:40:00,40.57322,-74.106995,1,0,Pavement Slippery,4414941,16.7,5.8,8.6,8.6,0.0,8.0,61,18.9,38.9,250,Rain: Light,1,1,
13949,2021-05-08 03:50:00,40.677414,-73.98305,3,0,Alcohol Involvement,4415476,11.6,7.7,4.3,4.3,0.0,9.0,61,17.5,36.4,140,Rain: Light,3,3,
13950,2021-05-09 21:10:00,40.670555,-73.85634,2,0,Pavement Slippery,4414857,16.7,5.8,8.6,8.6,0.0,8.0,61,18.9,38.9,250,Rain: Light,2,2,
13951,2021-05-05 22:50:00,40.680573,-73.80003,1,0,Traffic Control Disregarded,4415413,15.1,10.8,9.9,9.9,0.0,17.0,61,21.5,42.5,23,Rain: Light,1,1,
13952,2021-05-09 06:10:00,40.68645,-73.761185,1,0,Glare,4415420,16.7,5.8,8.6,8.6,0.0,8.0,61,18.9,38.9,250,Rain: Light,1,1,
13953,2021-04-22 00:00:00,40.704845,-73.892136,0,0,Brakes Defective,4415440,7.9,1.3,0.0,0.0,0.0,0.0,3,34.0,64.4,289,Overcast,0,0,
13954,2021-05-09 13:30:00,40.684494,-73.83719,1,0,Following Too Closely,4414918,16.7,5.8,8.6,8.6,0.0,8.0,61,18.9,38.9,250,Rain: Light,1,1,
13955,2021-05-04 19:00:00,40.644363,-74.01364,1,0,Pedestrian/Bicyclist/Other Pedestrian Error/Confusion,4415435,22.2,11.1,13.2,13.2,0.0,6.0,63,18.9,42.8,74,Rain: Moderate,1,1,
13956,2021-12-19 22:00:00,40.80701,-73.91064,0,0,Driver Inattention/Distraction,4488970,7.1,-1.8,0.5,0.5,0.0,4.0,51,26.4,47.5,327,Drizzle: Light,0,0,
13957,2021-12-20 01:50:00,40.72201,-73.86907,0,0,Traffic Control Disregarded,4488205,1.8,-4.4,0.0,0.0,0.0,0.0,2,17.9,32.8,282,Partly cloudy,0,0,
13958,2021-12-20 17:24:00,40.749893,-73.76754,0,0,Driver Inattention/Distraction,4488533,1.8,-4.4,0.0,0.0,0.0,0.0,2,17.9,32.8,282,Partly cloudy,0,0,
13959,2021-12-14 00:40:00,40.83162,-73.847824,1,0,Unsafe Speed,4488824,10.4,3.1,0.0,0.0,0.0,0.0,3,18.5,31.3,322,Overcast,1,1,
13960,2021-12-20 14:35:00,40.862,-73.89099,0,0,Driver Inattention/Distraction,4488449,1.8,-4.4,0.0,0.0,0.0,0.0,2,17.9,32.8,282,Partly cloudy,0,0,
13961,2021-12-20 07:30:00,40.678417,-73.729225,0,0,Failure to Yield Right-of-Way,4488180,1.8,-4.4,0.0,0.0,0.0,0.0,2,17.9,32.8,282,Partly cloudy,0,0,
13962,2021-12-20 06:00:00,40.614918,-73.91468,0,0,Driver Inattention/Distraction,4488236,1.8,-4.4,0.0,0.0,0.0,0.0,2,17.9,32.8,282,Partly cloudy,0,0,
13963,2021-12-20 08:31:00,40.79293,-73.94791,0,0,Following Too Closely,4488643,1.8,-4.4,0.0,0.0,0.0,0.0,2,17.9,32.8,282,Partly cloudy,0,0,
13964,2021-12-20 12:40:00,40.59038,-74.19295,0,0,Driver Inattention/Distraction,4488599,1.8,-4.4,0.0,0.0,0.0,0.0,2,17.9,32.8,282,Partly cloudy,0,0,
13965,2021-12-20 02:00:00,40.69611,-73.96406,0,0,Other Vehicular,4488159,1.8,-4.4,0.0,0.0,0.0,0.0,2,17.9,32.8,282,Partly cloudy,0,0,
13966,2021-12-13 12:45:00,40.67456,-73.88682,1,0,Aggressive Driving/Road Rage,4488846,10.2,1.9,0.0,0.0,0.0,0.0,3,19.6,35.3,242,Overcast,1,1,
13967,2021-12-16 22:30:00,40.83846,-73.90175,1,0,Unspecified,4488941,14.6,9.9,0.0,0.0,0.0,0.0,3,22.4,38.5,222,Overcast,1,1,
13968,2021-12-19 18:58:00,40.725933,-74.003876,2,0,Driver Inattention/Distraction,4488731,7.1,-1.8,0.5,0.5,0.0,4.0,51,26.4,47.5,327,Drizzle: Light,2,2,
13969,2021-12-20 07:00:00,40.853523,-73.90273,1,0,Unsafe Lane Changing,4488331,1.8,-4.4,0.0,0.0,0.0,0.0,2,17.9,32.8,282,Partly cloudy,1,1,
13970,2021-12-18 07:30:00,40.835484,-73.9494,1,0,Driver Inattention/Distraction,4488784,6.3,4.5,3.8,3.8,0.0,9.0,61,12.3,24.5,35,Rain: Light,1,1,
13971,2021-12-17 11:55:00,40.744816,-73.97998,1,0,Unspecified,4488792,13.9,6.1,0.0,0.0,0.0,0.0,3,21.5,37.1,265,Overcast,1,1,
13972,2021-12-20 02:51:00,40.85887,-73.835175,0,0,Other Vehicular,4487954,1.8,-4.4,0.0,0.0,0.0,0.0,2,17.9,32.8,282,Partly cloudy,0,0,
13973,2021-12-06 09:00:00,40.677414,-73.93033,0,0,Driver Inattention/Distraction,4488905,16.3,7.7,6.3,6.3,0.0,10.0,61,35.1,65.5,201,Rain: Light,0,0,
13974,2021-12-20 09:30:00,40.768887,-73.90691,0,0,Traffic Control Disregarded,4488368,1.8,-4.4,0.0,0.0,0.0,0.0,2,17.9,32.8,282,Partly cloudy,0,0,
13975,2021-12-20 19:00:00,40.733498,-73.87038,0,0,Unspecified,4488393,1.8,-4.4,0.0,0.0,0.0,0.0,2,17.9,32.8,282,Partly cloudy,0,0,
13976,2021-12-19 22:30:00,40.60301,-74.016884,0,0,Other Vehicular,4488837,7.1,-1.8,0.5,0.5,0.0,4.0,51,26.4,47.5,327,Drizzle: Light,0,0,
13977,2021-12-20 19:09:00,40.600082,-73.96591,0,0,Driver Inattention/Distraction,4488279,1.8,-4.4,0.0,0.0,0.0,0.0,2,17.9,32.8,282,Partly cloudy,0,0,
13978,2021-12-19 15:08:00,40.859642,-73.899826,0,0,Passing Too Closely,4488693,7.1,-1.8,0.5,0.5,0.0,4.0,51,26.4,47.5,327,Drizzle: Light,0,0,
13979,2021-12-20 05:15:00,40.80623,-73.91206,1,0,Unspecified,4488305,1.8,-4.4,0.0,0.0,0.0,0.0,2,17.9,32.8,282,Partly cloudy,1,1,
13980,2021-12-20 12:30:00,40.60309,-73.99262,1,0,Failure to Yield Right-of-Way,4488869,1.8,-4.4,0.0,0.0,0.0,0.0,2,17.9,32.8,282,Partly cloudy,1,1,
13981,2021-12-20 14:45:00,40.63073,-74.01734,0,0,Unspecified,4488231,1.8,-4.4,0.0,0.0,0.0,0.0,2,17.9,32.8,282,Partly cloudy,0,0,
13982,2021-12-20 08:25:00,40.719604,-73.81323,0,0,Unspecified,4488139,1.8,-4.4,0.0,0.0,0.0,0.0,2,17.9,32.8,282,Partly cloudy,0,0,
13983,2021-12-20 09:20:00,40.760612,-73.872894,0,0,Unspecified,4488507,1.8,-4.4,0.0,0.0,0.0,0.0,2,17.9,32.8,282,Partly cloudy,0,0,
13984,2021-12-06 15:18:00,40.82929,-73.88029,1,0,Passing Too Closely,4488707,16.3,7.7,6.3,6.3,0.0,10.0,61,35.1,65.5,201,Rain: Light,1,1,
13985,2021-12-20 17:05:00,40.671684,-73.912224,0,0,Unsafe Speed,4488264,1.8,-4.4,0.0,0.0,0.0,0.0,2,17.9,32.8,282,Partly cloudy,0,0,
13986,2021-12-20 19:35:00,40.68024,-73.946754,0,0,Driver Inattention/Distraction,4488256,1.8,-4.4,0.0,0.0,0.0,0.0,2,17.9,32.8,282,Partly cloudy,0,0,
13987,2021-12-20 08:10:00,40.664265,-73.957375,0,0,Turning Improperly,4488584,1.8,-4.4,0.0,0.0,0.0,0.0,2,17.9,32.8,282,Partly cloudy,0,0,
13988,2021-11-30 11:30:00,40.676937,-73.92183,0,0,Unspecified,4488852,4.7,-2.4,0.1,0.1,0.0,1.0,51,19.1,34.9,245,Drizzle: Light,0,0,
13989,2021-12-20 09:03:00,40.811623,-73.92398,1,0,Fell Asleep,4488297,1.8,-4.4,0.0,0.0,0.0,0.0,2,17.9,32.8,282,Partly cloudy,1,1,
13990,2021-12-20 17:00:00,40.844975,-73.91877,0,0,Unsafe Lane Changing,4488336,1.8,-4.4,0.0,0.0,0.0,0.0,2,17.9,32.8,282,Partly cloudy,0,0,