,CRASH DATETIME,LATITUDE,LONGITUDE,NUMBER OF PERSONS INJURED,NUMBER OF PERSONS KILLED,CONTRIBUTING FACTOR VEHICLE 1,COLLISION_ID,temperature_2m_max,temperature_2m_min,precipitation_sum,rain_sum,snowfall_sum,precipitation_hours,weather_code,wind_speed_10m_max,wind_gusts_10m_max,wind_direction_10m_dominant,Weather Description,Severity_Score,Total_Affected_Persons,Weather_Category
13991,2021-12-18 06:45:00,40.829147,-73.8793,0,0,Unspecified,4488804,6.3,4.5,3.8,3.8,0.0,9.0,61,12.3,24.5,35,Rain: Light,0,0,
13992,2021-12-16 16:25:00,40.740185,-73.986374,0,0,Reaction to Uninvolved Vehicle,4488989,14.6,9.9,0.0,0.0,0.0,0.0,3,22.4,38.5,222,Overcast,0,0,
13993,2021-12-20 09:33:00,40.67911,-73.98128,1,0,Failure to Yield Right-of-Way,4488356,1.8,-4.4,0.0,0.0,0.0,0.0,2,17.9,32.8,282,Partly cloudy,1,1,
13994,2021-12-20 13:55:00,40.684,-73.95031,1,0,Driver Inattention/Distraction,4488737,1.8,-4.4,0.0,0.0,0.0,0.0,2,17.9,32.8,282,Partly cloudy,1,1,
13995,2021-12-16 12:45:00,40.80897,-73.94833,0,0,Driver Inexperience,4488752,14.6,9.9,0.0,0.0,0.0,0.0,3,22.4,38.5,222,Overcast,0,0,
13996,2021-12-20 17:19:00,40.741356,-73.989136,1,0,Unspecified,4488773,1.8,-4.4,0.0,0.0,0.0,0.0,2,17.9,32.8,282,Partly cloudy,1,1,
13997,2021-12-20 11:15:00,40.59332,-73.77272,0,0,Reaction to Uninvolved Vehicle,4488313,1.8,-4.4,0.0,0.0,0.0,0.0,2,17.9,32.8,282,Partly cloudy,0,0,
13998,2022-02-19 06:15:00,40.742874,-73.933945,0,0,Driver Inattention/Distraction,4504061,3.3,-5.5,0.4,0.0,0.28,4.0,71,35.3,64.4,260,Snow fall: Light,0,0,Snowy Conditions
13999,2022-03-28 21:45:00,40.62247,-74.0172,1,0,Passing Too Closely,4514364,0.0,-5.2,0.3,0.0,0.21,3.0,71,31.3,59.0,303,Snow fall: Light,1,1,Snowy Conditions
14000,2022-03-28 16:00:00,40.71196,-73.9407,0,0,Oversized Vehicle,4514346,0.0,-5.2,0.3,0.0,0.21,3.0,71,31.3,59.0,303,Snow fall: Light,0,0,Snowy Conditions
14001,2022-03-20 13:30:00,40.619007,-74.04096,0,0,Unsafe Speed,4514721,14.8,6.9,0.1,0.1,0.0,1.0,51,27.0,49.0,284,Drizzle: Light,0,0,
14002,2022-03-28 15:45:00,40.73378,-73.98065,0,0,Other Vehicular,4514754,0.0,-5.2,0.3,0.0,0.21,3.0,71,31.3,59.0,303,Snow fall: Light,0,0,Snowy Conditions
14003,2022-03-28 19:12:00,40.61462,-73.968666,0,0,Unspecified,4514374,0.0,-5.2,0.3,0.0,0.21,3.0,71,31.3,59.0,303,Snow fall: Light,0,0,Snowy Conditions
14004,2024-09-29 07:24:00,40.61047,-74.11837,0,0,Pavement Slippery,4759966,18.0,16.4,2.5,2.5,0.0,11.0,53,18.1,33.5,64,Drizzle: Moderate,0,0,
14005,2022-03-28 13:40:00,40.618004,-74.02657,0,0,Failure to Yield Right-of-Way,4514265,0.0,-5.2,0.3,0.0,0.21,3.0,71,31.3,59.0,303,Snow fall: Light,0,0,Snowy Conditions
14006,2022-03-26 23:43:00,40.75352,-73.93448,0,0,Unsafe Speed,4514866,10.1,4.9,6.1,5.8,0.21,8.0,71,21.6,41.0,251,Snow fall: Light,0,0,Snowy Conditions
14007,2022-03-28 20:35:00,40.831043,-73.88071,0,0,Failure to Yield Right-of-Way,4514479,0.0,-5.2,0.3,0.0,0.21,3.0,71,31.3,59.0,303,Snow fall: Light,0,0,Snowy Conditions
14008,2022-03-28 10:29:00,40.643925,-74.09839,0,0,Unspecified,4514608,0.0,-5.2,0.3,0.0,0.21,3.0,71,31.3,59.0,303,Snow fall: Light,0,0,Snowy Conditions
14009,2022-03-28 08:00:00,40.68817,-73.98399,1,0,,4514293,0.0,-5.2,0.3,0.0,0.21,3.0,71,31.3,59.0,303,Snow fall: Light,1,1,Snowy Conditions
14010,2022-03-28 19:04:00,40.876877,-73.9034,4,0,Unsafe Speed,4514534,0.0,-5.2,0.3,0.0,0.21,3.0,71,31.3,59.0,303,Snow fall: Light,4,4,Snowy Conditions
14011,2022-03-28 10:05:00,40.694214,-73.95932,0,0,Driver Inattention/Distraction,4514435,0.0,-5.2,0.3,0.0,0.21,3.0,71,31.3,59.0,303,Snow fall: Light,0,0,Snowy Conditions
14012,2022-03-28 06:20:00,40.73738,-73.7235,1,0,Following Too Closely,4514208,0.0,-5.2,0.3,0.0,0.21,3.0,71,31.3,59.0,303,Snow fall: Light,1,1,Snowy Conditions
14013,2022-03-28 04:20:00,40.843002,-73.90359,0,0,Unspecified,4514116,0.0,-5.2,0.3,0.0,0.21,3.0,71,31.3,59.0,303,Snow fall: Light,0,0,Snowy Conditions
14014,2022-03-28 06:40:00,40.678455,-73.949684,0,0,Following Too Closely,4514330,0.0,-5.2,0.3,0.0,0.21,3.0,71,31.3,59.0,303,Snow fall: Light,0,0,Snowy Conditions
14015,2022-03-28 19:30:00,40.61204,-73.97848,0,0,Driver Inattention/Distraction,4514396,0.0,-5.2,0.3,0.0,0.21,3.0,71,31.3,59.0,303,Snow fall: Light,0,0,Snowy Conditions
14016,2022-03-28 17:00:00,40.662724,-73.766594,0,0,Unspecified,4514296,0.0,-5.2,0.3,0.0,0.21,3.0,71,31.3,59.0,303,Snow fall: Light,0,0,Snowy Conditions
14017,2022-03-26 19:00:00,40.68063,-73.976875,0,0,Passing Too Closely,4514794,10.1,4.9,6.1,5.8,0.21,8.0,71,21.6,41.0,251,Snow fall: Light,0,0,Snowy Conditions
14018,2022-03-28 15:28:00,40.823887,-73.95232,0,0,Driver Inattention/Distraction,4514729,0.0,-5.2,0.3,0.0,0.21,3.0,71,31.3,59.0,303,Snow fall: Light,0,0,Snowy Conditions
14019,2022-03-28 15:30:00,40.68357,-73.85522,0,0,Backing Unsafely,4514339,0.0,-5.2,0.3,0.0,0.21,3.0,71,31.3,59.0,303,Snow fall: Light,0,0,Snowy Conditions
14020,2022-03-25 18:35:00,40.830536,-73.91571,1,0,Passing or Lane Usage Improper,4514744,15.6,5.3,5.7,5.7,0.0,4.0,63,27.6,52.2,274,Rain: Moderate,1,1,
14021,2022-03-28 12:53:00,40.68414,-73.969055,0,0,View Obstructed/Limited,4514257,0.0,-5.2,0.3,0.0,0.21,3.0,71,31.3,59.0,303,Snow fall: Light,0,0,Snowy Conditions
14022,2022-03-28 14:25:00,40.753143,-73.75645,0,0,Unspecified,4514518,0.0,-5.2,0.3,0.0,0.21,3.0,71,31.3,59.0,303,Snow fall: Light,0,0,Snowy Conditions
14023,2021-05-10 08:00:00,40.66478,-73.92559,0,0,Unspecified,4415152,14.9,8.3,3.3,3.3,0.0,7.0,55,18.8,58.3,339,Drizzle: Dense,0,0,
14024,2022-03-28 23:15:00,40.811234,-73.934,0,0,Unsafe Speed,4514453,0.0,-5.2,0.3,0.0,0.21,3.0,71,31.3,59.0,303,Snow fall: Light,0,0,Snowy Conditions
14025,2022-03-28 04:35:00,40.650307,-73.75696,1,0,Unspecified,4514235,0.0,-5.2,0.3,0.0,0.21,3.0,71,31.3,59.0,303,Snow fall: Light,1,1,Snowy Conditions
14026,2022-03-28 08:30:00,40.885086,-73.85194,0,0,Driver Inexperience,4514287,0.0,-5.2,0.3,0.0,0.21,3.0,71,31.3,59.0,303,Snow fall: Light,0,0,Snowy Conditions
14027,2022-03-28 13:00:00,40.832558,-73.88538,0,0,Unspecified,4514656,0.0,-5.2,0.3,0.0,0.21,3.0,71,31.3,59.0,303,Snow fall: Light,0,0,Snowy Conditions
14028,2022-03-28 14:00:00,40.715534,-73.76331,0,0,Unspecified,4514593,0.0,-5.2,0.3,0.0,0.21,3.0,71,31.3,59.0,303,Snow fall: Light,0,0,Snowy Conditions
14029,2022-03-20 01:25:00,40.810997,-73.905846,0,0,Unsafe Speed,4514737,14.8,6.9,0.1,0.1,0.0,1.0,51,27.0,49.0,284,Drizzle: Light,0,0,
14030,2022-03-28 23:15:00,40.784245,-73.9471,1,0,Driver Inexperience,4514379,0.0,-5.2,0.3,0.0,0.21,3.0,71,31.3,59.0,303,Snow fall: Light,1,1,Snowy Conditions
14031,2022-03-23 15:30:00,40.85365,-73.882744,0,0,Driver Inattention/Distraction,4514804,8.4,1.3,2.2,2.2,0.0,3.0,55,19.6,34.6,73,Drizzle: Dense,0,0,
14032,2022-03-28 19:37:00,40.65344,-73.97748,1,0,Driver Inattention/Distraction,4514812,0.0,-5.2,0.3,0.0,0.21,3.0,71,31.3,59.0,303,Snow fall: Light,1,1,Snowy Conditions
14033,2022-03-28 03:18:00,40.74221,-73.88159,1,0,Driver Inattention/Distraction,4514036,0.0,-5.2,0.3,0.0,0.21,3.0,71,31.3,59.0,303,Snow fall: Light,1,1,Snowy Conditions
14034,2022-03-28 09:30:00,40.679653,-73.77724,0,0,Passing or Lane Usage Improper,4514408,0.0,-5.2,0.3,0.0,0.21,3.0,71,31.3,59.0,303,Snow fall: Light,0,0,Snowy Conditions
14035,2022-03-28 11:45:00,40.694576,-73.95615,0,0,Following Too Closely,4514430,0.0,-5.2,0.3,0.0,0.21,3.0,71,31.3,59.0,303,Snow fall: Light,0,0,Snowy Conditions
14036,2022-03-28 14:20:00,40.87656,-73.90436,0,0,Driver Inattention/Distraction,4514336,0.0,-5.2,0.3,0.0,0.21,3.0,71,31.3,59.0,303,Snow fall: Light,0,0,Snowy Conditions
14037,2022-03-28 16:57:00,40.820972,-73.892845,0,0,Unspecified,4514687,0.0,-5.2,0.3,0.0,0.21,3.0,71,31.3,59.0,303,Snow fall: Light,0,0,Snowy Conditions
14038,2022-03-28 19:15:00,40.706318,-73.953476,0,0,Passing Too Closely,4514359,0.0,-5.2,0.3,0.0,0.21,3.0,71,31.3,59.0,303,Snow fall: Light,0,0,Snowy Conditions
14039,2022-03-28 17:23:00,40.715168,-74.000534,0,0,Driver Inattention/Distraction,4514418,0.0,-5.2,0.3,0.0,0.21,3.0,71,31.3,59.0,303,Snow fall: Light,0,0,Snowy Conditions
14040,2022-03-28 14:12:00,40.65545,-73.863335,1,0,Unspecified,4514279,0.0,-5.2,0.3,0.0,0.21,3.0,71,31.3,59.0,303,Snow fall: Light,1,1,Snowy Conditions
14041,2022-03-28 09:44:00,40.7263,-73.94913,0,0,View Obstructed/Limited,4514165,0.0,-5.2,0.3,0.0,0.21,3.0,71,31.3,59.0,303,Snow fall: Light,0,0,Snowy Conditions
14042,2022-03-28 23:05:00,40.760494,-73.87204,0,0,Driver Inattention/Distraction,4514508,0.0,-5.2,0.3,0.0,0.21,3.0,71,31.3,59.0,303,Snow fall: Light,0,0,Snowy Conditions
14043,2022-03-28 09:07:00,40.855488,-73.830734,0,0,Unspecified,4514708,0.0,-5.2,0.3,0.0,0.21,3.0,71,31.3,59.0,303,Snow fall: Light,0,0,Snowy Conditions
14044,2022-03-28 07:30:00,40.638145,-73.95874,0,0,Unspecified,4514318,0.0,-5.2,0.3,0.0,0.21,3.0,71,31.3,59.0,303,Snow fall: Light,0,0,Snowy Conditions
14045,2022-03-28 06:47:00,40.59609,-73.98129,0,0,Failure to Yield Right-of-Way,4514311,0.0,-5.2,0.3,0.0,0.21,3.0,71,31.3,59.0,303,Snow fall: Light,0,0,Snowy Conditions
14046,2022-03-28 16:21:00,40.707592,-73.95555,0,0,Driver Inattention/Distraction,4514351,0.0,-5.2,0.3,0.0,0.21,3.0,71,31.3,59.0,303,Snow fall: Light,0,0,Snowy Conditions
14047,2022-03-28 11:05:00,40.72521,-73.99586,0,0,Driver Inattention/Distraction,4514384,0.0,-5.2,0.3,0.0,0.21,3.0,71,31.3,59.0,303,Snow fall: Light,0,0,Snowy Conditions
14048,2022-03-27 01:15:00,40.668797,-73.93113,0,0,Alcohol Involvement,4514846,7.5,-1.1,0.3,0.3,0.07,3.0,71,26.4,47.5,288,Snow fall: Light,0,0,Snowy Conditions
14049,2022-03-26 19:52:00,40.7087,-73.79931,1,0,Unspecified,4514775,10.1,4.9,6.1,5.8,0.21,8.0,71,21.6,41.0,251,Snow fall: Light,1,1,Snowy Conditions
14050,2022-03-28 19:00:00,40.68676,-73.78449,1,0,Following Too Closely,4514402,0.0,-5.2,0.3,0.0,0.21,3.0,71,31.3,59.0,303,Snow fall: Light,1,1,Snowy Conditions
14051,2022-03-28 14:59:00,40.688786,-73.97847,0,0,Driver Inattention/Distraction,4514340,0.0,-5.2,0.3,0.0,0.21,3.0,71,31.3,59.0,303,Snow fall: Light,0,0,Snowy Conditions
14052,2022-03-28 09:10:00,40.825436,-73.91593,0,0,Passing or Lane Usage Improper,4514748,0.0,-5.2,0.3,0.0,0.21,3.0,71,31.3,59.0,303,Snow fall: Light,0,0,Snowy Conditions
14053,2021-12-26 13:49:00,40.843147,-73.93455,1,0,Unspecified,4514764,8.9,3.4,0.0,0.0,0.0,0.0,3,21.9,38.9,316,Overcast,1,1,
14054,2022-03-14 10:03:00,40.833206,-73.82797,0,0,Unspecified,4514788,13.1,-2.4,0.0,0.0,0.0,0.0,3,21.0,36.4,226,Overcast,0,0,
14055,2022-03-28 19:52:00,40.59863,-73.95827,1,0,Unspecified,4514366,0.0,-5.2,0.3,0.0,0.21,3.0,71,31.3,59.0,303,Snow fall: Light,1,1,Snowy Conditions
14056,2022-04-24 21:50:00,40.663548,-73.93319,1,0,Failure to Yield Right-of-Way,4522014,15.8,7.0,0.0,0.0,0.0,0.0,3,21.7,43.2,114,Overcast,1,1,
14057,2022-04-19 13:55:00,40.71039,-73.98662,0,0,Driver Inattention/Distraction,4522173,11.0,4.5,27.1,27.1,0.0,9.0,63,41.1,85.0,282,Rain: Moderate,0,0,
14058,2022-04-24 21:00:00,0.0,0.0,4,0,Unsafe Speed,4521788,15.8,7.0,0.0,0.0,0.0,0.0,3,21.7,43.2,114,Overcast,4,4,
14059,2022-04-24 13:30:00,40.50429,-74.24434,0,0,Driver Inattention/Distraction,4521864,15.8,7.0,0.0,0.0,0.0,0.0,3,21.7,43.2,114,Overcast,0,0,
14060,2022-04-22 15:50:00,40.664062,-73.90958,1,0,Unspecified,4522339,18.1,8.5,0.0,0.0,0.0,0.0,3,21.3,43.2,301,Overcast,1,1,
14061,2022-04-08 22:14:00,40.870422,-73.89958,0,0,Alcohol Involvement,4522224,16.5,7.1,5.2,5.2,0.0,4.0,63,21.3,42.8,253,Rain: Moderate,0,0,
14062,2022-04-24 06:10:00,0.0,0.0,2,0,Driver Inattention/Distraction,4521912,15.8,7.0,0.0,0.0,0.0,0.0,3,21.7,43.2,114,Overcast,2,2,
14063,2022-04-23 02:36:00,40.904434,-73.87828,1,0,Unspecified,4522229,14.7,6.3,0.0,0.0,0.0,0.0,3,15.0,29.2,119,Overcast,1,1,
14064,2022-04-24 02:43:00,0.0,0.0,0,0,Other Vehicular,4521382,15.8,7.0,0.0,0.0,0.0,0.0,3,21.7,43.2,114,Overcast,0,0,
14065,2022-04-22 01:39:00,0.0,0.0,1,0,Driver Inattention/Distraction,4522307,18.1,8.5,0.0,0.0,0.0,0.0,3,21.3,43.2,301,Overcast,1,1,
14066,2022-04-11 02:21:00,40.875122,-73.905174,1,0,Unspecified,4522249,13.1,1.8,0.0,0.0,0.0,0.0,3,18.6,36.4,246,Overcast,1,1,
14067,2022-04-23 00:11:00,40.722656,-74.003555,0,0,View Obstructed/Limited,4522118,14.7,6.3,0.0,0.0,0.0,0.0,3,15.0,29.2,119,Overcast,0,0,
14068,2022-04-24 15:13:00,40.73938,-73.86698,0,0,Driver Inattention/Distraction,4521556,15.8,7.0,0.0,0.0,0.0,0.0,3,21.7,43.2,114,Overcast,0,0,
14069,2022-04-24 14:15:00,40.72651,-73.93055,0,0,Unsafe Speed,4522059,15.8,7.0,0.0,0.0,0.0,0.0,3,21.7,43.2,114,Overcast,0,0,
14070,2022-04-04 15:00:00,40.651974,-73.86542,0,0,Unspecified,4522284,12.2,2.6,0.1,0.1,0.0,1.0,51,23.7,41.4,304,Drizzle: Light,0,0,
14071,2022-04-22 08:00:00,40.69122,-73.93969,0,0,Driver Inattention/Distraction,4522188,18.1,8.5,0.0,0.0,0.0,0.0,3,21.3,43.2,301,Overcast,0,0,
14072,2022-04-24 07:00:00,40.84483,-73.880066,0,0,Driver Inattention/Distraction,4521821,15.8,7.0,0.0,0.0,0.0,0.0,3,21.7,43.2,114,Overcast,0,0,
14073,2022-04-24 20:30:00,40.845573,-73.879585,1,0,Driver Inattention/Distraction,4521852,15.8,7.0,0.0,0.0,0.0,0.0,3,21.7,43.2,114,Overcast,1,1,
14074,2022-04-23 00:45:00,40.69299,-73.95583,0,0,Driver Inattention/Distraction,4522169,14.7,6.3,0.0,0.0,0.0,0.0,3,15.0,29.2,119,Overcast,0,0,
14075,2022-04-24 16:06:00,40.81767,-73.92381,2,0,Unspecified,4521954,15.8,7.0,0.0,0.0,0.0,0.0,3,21.7,43.2,114,Overcast,2,2,
14076,2022-06-06 15:28:00,40.75303,-73.92163,1,0,Driver Inattention/Distraction,4534863,26.3,13.4,0.0,0.0,0.0,0.0,3,23.1,42.1,191,Overcast,1,1,
14077,2022-06-12 18:07:00,40.645245,-74.003006,0,0,Other Vehicular,4537608,22.7,16.0,9.3,9.3,0.0,10.0,61,23.5,44.6,179,Rain: Light,0,0,
14078,2022-06-26 13:45:00,40.681114,-73.79815,0,0,Turning Improperly,4543181,30.8,19.9,0.0,0.0,0.0,0.0,3,30.9,55.8,188,Overcast,0,0,
14079,2022-06-28 09:10:00,40.84597,-73.896545,0,0,Backing Unsafely,4543172,27.5,19.1,0.0,0.0,0.0,0.0,3,14.4,28.4,334,Overcast,0,0,
14080,2022-07-01 17:20:00,40.853233,-73.89175,0,0,Turning Improperly,4543186,33.7,20.2,0.1,0.1,0.0,1.0,51,32.3,58.0,215,Drizzle: Light,0,0,
14081,2022-07-10 19:20:00,40.682724,-73.88539,0,0,Unspecified,4546092,27.7,18.3,0.0,0.0,0.0,0.0,3,23.2,43.6,106,Overcast,0,0,
14082,2022-07-12 18:30:00,40.719147,-73.955376,0,0,Passenger Distraction,4545732,33.7,19.4,0.3,0.3,0.0,3.0,51,31.2,58.0,219,Drizzle: Light,0,0,
14083,2022-07-12 07:50:00,40.652916,-73.94498,1,0,Unspecified,4545929,33.7,19.4,0.3,0.3,0.0,3.0,51,31.2,58.0,219,Drizzle: Light,1,1,
14084,2022-07-10 20:05:00,40.682037,-73.87788,0,0,Driver Inattention/Distraction,4546073,27.7,18.3,0.0,0.0,0.0,0.0,3,23.2,43.6,106,Overcast,0,0,
14085,2022-07-04 06:02:00,40.843365,-73.91545,0,0,Driver Inattention/Distraction,4546023,30.9,17.5,0.0,0.0,0.0,0.0,3,15.4,27.4,302,Overcast,0,0,
14086,2022-07-12 11:10:00,40.668026,-73.77343,0,0,Unsafe Lane Changing,4545630,33.7,19.4,0.3,0.3,0.0,3.0,51,31.2,58.0,219,Drizzle: Light,0,0,
14087,2022-07-12 08:57:00,40.727947,-74.00315,1,0,Failure to Yield Right-of-Way,4545565,33.7,19.4,0.3,0.3,0.0,3.0,51,31.2,58.0,219,Drizzle: Light,1,1,
14088,2022-07-12 16:13:00,40.66495,-73.993355,1,0,Driver Inexperience,4545764,33.7,19.4,0.3,0.3,0.0,3.0,51,31.2,58.0,219,Drizzle: Light,1,1,
14089,2022-07-12 13:30:00,40.67814,-73.84885,0,0,Passing or Lane Usage Improper,4545957,33.7,19.4,0.3,0.3,0.0,3.0,51,31.2,58.0,219,Drizzle: Light,0,0,
14090,2022-07-12 16:00:00,40.675312,-73.840576,0,0,Traffic Control Disregarded,4545736,33.7,19.4,0.3,0.3,0.0,3.0,51,31.2,58.0,219,Drizzle: Light,0,0,
14091,2022-07-11 16:36:00,40.861862,-73.91275,0,0,Driver Inattention/Distraction,4546206,29.0,17.6,0.0,0.0,0.0,0.0,1,32.6,59.4,190,Mainly clear,0,0,Sunny/Clear Conditions
14092,2022-07-10 12:15:00,40.73351,-73.75989,0,0,Unspecified,4546230,27.7,18.3,0.0,0.0,0.0,0.0,3,23.2,43.6,106,Overcast,0,0,
14093,2022-07-10 09:00:00,40.683567,-73.94106,0,0,Driver Inattention/Distraction,4546139,27.7,18.3,0.0,0.0,0.0,0.0,3,23.2,43.6,106,Overcast,0,0,
14094,2022-07-12 13:16:00,40.791138,-73.93898,0,0,Unsafe Lane Changing,4545784,33.7,19.4,0.3,0.3,0.0,3.0,51,31.2,58.0,219,Drizzle: Light,0,0,
14095,2022-06-25 18:00:00,40.59833,-73.776024,0,0,Unspecified,4546151,32.5,18.1,0.0,0.0,0.0,0.0,2,25.0,47.2,224,Partly cloudy,0,0,
14096,2022-07-12 08:30:00,40.72469,-73.89763,0,0,Unspecified,4546043,33.7,19.4,0.3,0.3,0.0,3.0,51,31.2,58.0,219,Drizzle: Light,0,0,
14097,2022-07-12 20:42:00,40.66748,-73.92188,0,0,Unspecified,4545680,33.7,19.4,0.3,0.3,0.0,3.0,51,31.2,58.0,219,Drizzle: Light,0,0,
14098,2021-05-11 08:00:00,40.867554,-73.901634,0,0,Other Vehicular,4415429,16.7,8.2,0.0,0.0,0.0,0.0,3,27.0,51.1,292,Overcast,0,0,
14099,2022-06-27 13:00:00,40.69447,-73.95709,0,0,Driver Inattention/Distraction,4542836,26.2,19.8,11.7,11.7,0.0,9.0,63,20.5,43.2,224,Rain: Moderate,0,0,
14100,2022-06-30 02:28:00,40.79976,-73.96622,1,0,Traffic Control Disregarded,4541988,31.2,17.3,0.0,0.0,0.0,0.0,2,19.1,37.4,274,Partly cloudy,1,1,
14101,2022-06-23 10:00:00,40.77719,-73.95225,0,0,Driver Inattention/Distraction,4543093,22.6,15.7,0.8,0.8,0.0,6.0,51,15.6,31.3,127,Drizzle: Light,0,0,
14102,2022-07-01 05:50:00,40.656708,-73.95313,1,0,Other Vehicular,4542810,33.7,20.2,0.1,0.1,0.0,1.0,51,32.3,58.0,215,Drizzle: Light,1,1,
14103,2022-06-20 01:15:00,40.65443,-74.00912,0,0,Alcohol Involvement,4542484,26.5,12.9,0.0,0.0,0.0,0.0,3,18.4,31.7,308,Overcast,0,0,
14104,2022-06-29 13:26:00,40.83872,-73.91378,0,0,Passing Too Closely,4542130,29.0,17.7,0.0,0.0,0.0,0.0,3,27.2,51.5,195,Overcast,0,0,
14105,2022-06-29 18:08:00,40.758736,-73.97961,1,0,Passing Too Closely,4542053,29.0,17.7,0.0,0.0,0.0,0.0,3,27.2,51.5,195,Overcast,1,1,
14106,2022-06-30 17:03:00,40.83082,-73.87001,1,0,Passing or Lane Usage Improper,4542598,31.2,17.3,0.0,0.0,0.0,0.0,2,19.1,37.4,274,Partly cloudy,1,1,
14107,2022-06-30 13:50:00,40.723248,-74.00497,0,0,Unspecified,4542466,31.2,17.3,0.0,0.0,0.0,0.0,2,19.1,37.4,274,Partly cloudy,0,0,
14108,2022-06-26 15:00:00,40.737633,-73.937996,0,0,Driver Inattention/Distraction,4542452,30.8,19.9,0.0,0.0,0.0,0.0,3,30.9,55.8,188,Overcast,0,0,
14109,2022-06-30 14:40:00,40.655872,-73.9564,1,0,Driver Inattention/Distraction,4542809,31.2,17.3,0.0,0.0,0.0,0.0,2,19.1,37.4,274,Partly cloudy,1,1,
14110,2022-06-29 18:00:00,40.804256,-73.9193,0,0,Unspecified,4542362,29.0,17.7,0.0,0.0,0.0,0.0,3,27.2,51.5,195,Overcast,0,0,
14111,2022-06-25 23:30:00,40.703537,-73.90339,0,0,Driver Inattention/Distraction,4542642,32.5,18.1,0.0,0.0,0.0,0.0,2,25.0,47.2,224,Partly cloudy,0,0,
14112,2022-07-01 00:19:00,40.85162,-73.8265,1,0,Pedestrian/Bicyclist/Other Pedestrian Error/Confusion,4542587,33.7,20.2,0.1,0.1,0.0,1.0,51,32.3,58.0,215,Drizzle: Light,1,1,
14113,2022-06-30 18:39:00,40.76739,-73.97073,1,0,Passing or Lane Usage Improper,4542346,31.2,17.3,0.0,0.0,0.0,0.0,2,19.1,37.4,274,Partly cloudy,1,1,
14114,2022-06-29 00:00:00,40.81404,-73.9367,0,0,Unspecified,4541642,29.0,17.7,0.0,0.0,0.0,0.0,3,27.2,51.5,195,Overcast,0,0,
14115,2022-06-24 06:30:00,40.606102,-74.07983,0,0,Following Too Closely,4543042,26.7,14.6,1.0,1.0,0.0,6.0,51,19.2,37.4,204,Drizzle: Light,0,0,
14116,2022-07-01 23:15:00,40.597183,-73.82094,2,0,Fell Asleep,4542691,33.7,20.2,0.1,0.1,0.0,1.0,51,32.3,58.0,215,Drizzle: Light,2,2,
14117,2022-06-30 01:54:00,40.859352,-73.872345,1,0,Driver Inattention/Distraction,4542020,31.2,17.3,0.0,0.0,0.0,0.0,2,19.1,37.4,274,Partly cloudy,1,1,
14118,2022-07-01 19:23:00,40.82843,-73.88105,0,0,Alcohol Involvement,4542600,33.7,20.2,0.1,0.1,0.0,1.0,51,32.3,58.0,215,Drizzle: Light,0,0,
14119,2022-06-15 21:09:00,40.821476,-73.942894,1,0,Failure to Yield Right-of-Way,4542471,27.7,17.4,0.0,0.0,0.0,0.0,3,27.2,51.5,142,Overcast,1,1,
14120,2022-06-29 18:30:00,40.69614,-73.9734,0,0,Passing or Lane Usage Improper,4542220,29.0,17.7,0.0,0.0,0.0,0.0,3,27.2,51.5,195,Overcast,0,0,
14121,2022-06-27 15:40:00,40.77204,-73.93224,0,0,Passing Too Closely,4542648,26.2,19.8,11.7,11.7,0.0,9.0,63,20.5,43.2,224,Rain: Moderate,0,0,
14122,2022-03-29 18:13:00,40.77428,-73.957306,1,0,Passing or Lane Usage Improper,4514666,3.3,-5.2,0.0,0.0,0.0,0.0,2,29.3,54.4,311,Partly cloudy,1,1,
14123,2022-06-23 14:50:00,40.584324,-73.91604,0,0,Unspecified,4542731,22.6,15.7,0.8,0.8,0.0,6.0,51,15.6,31.3,127,Drizzle: Light,0,0,
14124,2022-07-01 10:18:00,40.734882,-73.95791,0,0,Unspecified,4543023,33.7,20.2,0.1,0.1,0.0,1.0,51,32.3,58.0,215,Drizzle: Light,0,0,
14125,2022-06-29 16:15:00,40.710983,-74.00052,0,0,Passing or Lane Usage Improper,4542073,29.0,17.7,0.0,0.0,0.0,0.0,3,27.2,51.5,195,Overcast,0,0,
14126,2022-06-30 05:24:00,40.667316,-73.93683,0,0,Turning Improperly,4542894,31.2,17.3,0.0,0.0,0.0,0.0,2,19.1,37.4,274,Partly cloudy,0,0,
14127,2022-07-01 19:50:00,40.593918,-74.07091,0,0,Driver Inattention/Distraction,4542964,33.7,20.2,0.1,0.1,0.0,1.0,51,32.3,58.0,215,Drizzle: Light,0,0,
14128,2022-06-30 07:45:00,40.706753,-73.91437,1,0,Failure to Yield Right-of-Way,4542304,31.2,17.3,0.0,0.0,0.0,0.0,2,19.1,37.4,274,Partly cloudy,1,1,
14129,2022-06-26 17:52:00,40.829956,-73.93009,1,0,Following Too Closely,4542395,30.8,19.9,0.0,0.0,0.0,0.0,3,30.9,55.8,188,Overcast,1,1,
14130,2022-06-28 20:30:00,40.771343,-73.905235,0,0,Driver Inattention/Distraction,4542427,27.5,19.1,0.0,0.0,0.0,0.0,3,14.4,28.4,334,Overcast,0,0,