,CRASH DATETIME,LATITUDE,LONGITUDE,NUMBER OF PERSONS INJURED,NUMBER OF PERSONS KILLED,CONTRIBUTING FACTOR VEHICLE 1,COLLISION_ID,temperature_2m_max,temperature_2m_min,precipitation_sum,rain_sum,snowfall_sum,precipitation_hours,weather_code,wind_speed_10m_max,wind_gusts_10m_max,wind_direction_10m_dominant,Weather Description,Severity_Score,Total_Affected_Persons,Weather_Category
14131,2022-06-30 19:30:00,40.68197,-73.92887,0,0,Driver Inattention/Distraction,4542979,31.2,17.3,0.0,0.0,0.0,0.0,2,19.1,37.4,274,Partly cloudy,0,0,
14132,2022-07-01 17:00:00,40.638588,-73.92899,1,0,Unspecified,4542568,33.7,20.2,0.1,0.1,0.0,1.0,51,32.3,58.0,215,Drizzle: Light,1,1,
14133,2022-06-29 07:38:00,40.73974,-73.92319,3,0,Driver Inattention/Distraction,4542093,29.0,17.7,0.0,0.0,0.0,0.0,3,27.2,51.5,195,Overcast,3,3,
14134,2022-06-29 10:00:00,40.637894,-73.99838,1,0,Unspecified,4542360,29.0,17.7,0.0,0.0,0.0,0.0,3,27.2,51.5,195,Overcast,1,1,
14135,2022-07-01 08:45:00,40.617897,-74.02931,1,0,Failure to Yield Right-of-Way,4542498,33.7,20.2,0.1,0.1,0.0,1.0,51,32.3,58.0,215,Drizzle: Light,1,1,
14136,2022-06-21 16:15:00,40.845837,-73.8255,0,0,Unspecified,4542559,26.0,14.6,1.0,1.0,0.0,3.0,53,13.0,24.1,175,Drizzle: Moderate,0,0,
14137,2022-06-29 15:00:00,40.69757,-73.87144,0,0,Unspecified,4542635,29.0,17.7,0.0,0.0,0.0,0.0,3,27.2,51.5,195,Overcast,0,0,
14138,2022-06-25 06:30:00,40.681503,-73.974236,0,0,Alcohol Involvement,4542790,32.5,18.1,0.0,0.0,0.0,0.0,2,25.0,47.2,224,Partly cloudy,0,0,
14139,2022-06-30 22:00:00,40.700462,-73.83593,1,0,Driver Inexperience,4542388,31.2,17.3,0.0,0.0,0.0,0.0,2,19.1,37.4,274,Partly cloudy,1,1,
14140,2022-07-01 23:30:00,40.638744,-74.13535,1,0,Driver Inattention/Distraction,4542886,33.7,20.2,0.1,0.1,0.0,1.0,51,32.3,58.0,215,Drizzle: Light,1,1,
14141,2022-06-30 08:10:00,40.75221,-73.90443,1,0,Failure to Yield Right-of-Way,4542284,31.2,17.3,0.0,0.0,0.0,0.0,2,19.1,37.4,274,Partly cloudy,1,1,
14142,2022-06-27 16:45:00,40.678574,-73.916306,1,0,Following Too Closely,4542765,26.2,19.8,11.7,11.7,0.0,9.0,63,20.5,43.2,224,Rain: Moderate,1,1,
14143,2022-06-29 00:30:00,40.80142,-73.93446,0,0,Driver Inattention/Distraction,4541752,29.0,17.7,0.0,0.0,0.0,0.0,3,27.2,51.5,195,Overcast,0,0,
14144,2022-06-30 09:44:00,40.894054,-73.86248,0,0,Unspecified,4542504,31.2,17.3,0.0,0.0,0.0,0.0,2,19.1,37.4,274,Partly cloudy,0,0,
14145,2022-07-01 10:00:00,40.709064,-73.924194,1,0,Failure to Yield Right-of-Way,4542503,33.7,20.2,0.1,0.1,0.0,1.0,51,32.3,58.0,215,Drizzle: Light,1,1,
14146,2022-06-29 17:15:00,40.666397,-73.785,2,0,Driver Inattention/Distraction,4541970,29.0,17.7,0.0,0.0,0.0,0.0,3,27.2,51.5,195,Overcast,2,2,
14147,2022-07-01 21:30:00,40.64519,-73.948,1,0,Following Too Closely,4542659,33.7,20.2,0.1,0.1,0.0,1.0,51,32.3,58.0,215,Drizzle: Light,1,1,
14148,2022-06-29 16:30:00,40.62336,-74.00336,0,0,Backing Unsafely,4542137,29.0,17.7,0.0,0.0,0.0,0.0,3,27.2,51.5,195,Overcast,0,0,
14149,2022-06-29 04:20:00,40.69255,-73.879875,0,0,Unspecified,4542624,29.0,17.7,0.0,0.0,0.0,0.0,3,27.2,51.5,195,Overcast,0,0,
14150,2022-07-01 12:55:00,40.696114,-73.98652,0,0,Unspecified,4543074,33.7,20.2,0.1,0.1,0.0,1.0,51,32.3,58.0,215,Drizzle: Light,0,0,
14151,2022-07-01 23:16:00,40.836555,-73.94306,3,0,Driver Inattention/Distraction,4542944,33.7,20.2,0.1,0.1,0.0,1.0,51,32.3,58.0,215,Drizzle: Light,3,3,
14152,2022-06-28 15:00:00,40.84474,-73.922585,0,0,Passing or Lane Usage Improper,4542591,27.5,19.1,0.0,0.0,0.0,0.0,3,14.4,28.4,334,Overcast,0,0,
14153,2022-06-27 06:40:00,40.83806,-73.94665,2,0,Turning Improperly,4543105,26.2,19.8,11.7,11.7,0.0,9.0,63,20.5,43.2,224,Rain: Moderate,2,2,
14154,2022-07-01 12:15:00,40.89845,-73.85431,0,0,Aggressive Driving/Road Rage,4542913,33.7,20.2,0.1,0.1,0.0,1.0,51,32.3,58.0,215,Drizzle: Light,0,0,
14155,2022-07-01 19:53:00,40.631493,-73.971855,1,0,Unsafe Speed,4542988,33.7,20.2,0.1,0.1,0.0,1.0,51,32.3,58.0,215,Drizzle: Light,1,1,
14156,2022-06-23 13:16:00,40.726933,-73.99992,0,0,Driver Inattention/Distraction,4542459,22.6,15.7,0.8,0.8,0.0,6.0,51,15.6,31.3,127,Drizzle: Light,0,0,
14157,2022-06-30 08:25:00,40.751602,-73.93384,0,0,Failure to Yield Right-of-Way,4542665,31.2,17.3,0.0,0.0,0.0,0.0,2,19.1,37.4,274,Partly cloudy,0,0,
14158,2022-06-30 08:00:00,40.666573,-73.811775,2,0,Passing or Lane Usage Improper,4542183,31.2,17.3,0.0,0.0,0.0,0.0,2,19.1,37.4,274,Partly cloudy,2,2,
14159,2022-06-29 01:30:00,40.828594,-73.92173,0,0,Fatigued/Drowsy,4542869,29.0,17.7,0.0,0.0,0.0,0.0,3,27.2,51.5,195,Overcast,0,0,
14160,2022-06-30 13:00:00,40.619396,-73.969574,0,0,Failure to Yield Right-of-Way,4543142,31.2,17.3,0.0,0.0,0.0,0.0,2,19.1,37.4,274,Partly cloudy,0,0,
14161,2022-06-30 00:15:00,40.662468,-73.9245,0,0,Other Vehicular,4542228,31.2,17.3,0.0,0.0,0.0,0.0,2,19.1,37.4,274,Partly cloudy,0,0,
14162,2022-06-30 17:05:00,40.58395,-73.93743,0,0,Failure to Yield Right-of-Way,4542523,31.2,17.3,0.0,0.0,0.0,0.0,2,19.1,37.4,274,Partly cloudy,0,0,
14163,2022-06-29 22:15:00,40.702496,-73.81303,1,0,Unspecified,4542257,29.0,17.7,0.0,0.0,0.0,0.0,3,27.2,51.5,195,Overcast,1,1,
14164,2022-06-29 14:03:00,40.72621,-73.717705,0,0,Unspecified,4541928,29.0,17.7,0.0,0.0,0.0,0.0,3,27.2,51.5,195,Overcast,0,0,
14165,2022-06-25 15:39:00,40.66916,-73.93796,2,0,Following Too Closely,4543047,32.5,18.1,0.0,0.0,0.0,0.0,2,25.0,47.2,224,Partly cloudy,2,2,
14166,2022-06-30 21:20:00,40.632435,-73.88818,1,0,Unspecified,4542934,31.2,17.3,0.0,0.0,0.0,0.0,2,19.1,37.4,274,Partly cloudy,1,1,
14167,2022-06-25 20:21:00,40.64916,-73.94552,2,0,Unspecified,4542536,32.5,18.1,0.0,0.0,0.0,0.0,2,25.0,47.2,224,Partly cloudy,2,2,
14168,2022-06-29 00:20:00,40.721027,-74.00489,0,0,Backing Unsafely,4541831,29.0,17.7,0.0,0.0,0.0,0.0,3,27.2,51.5,195,Overcast,0,0,
14169,2022-06-30 15:08:00,40.689217,-73.917656,0,0,Passing Too Closely,4542407,31.2,17.3,0.0,0.0,0.0,0.0,2,19.1,37.4,274,Partly cloudy,0,0,
14170,2022-06-30 08:04:00,40.72496,-73.82756,0,0,Failure to Yield Right-of-Way,4542420,31.2,17.3,0.0,0.0,0.0,0.0,2,19.1,37.4,274,Partly cloudy,0,0,
14171,2022-06-30 19:30:00,40.675735,-73.89686,0,0,Driver Inexperience,4542439,31.2,17.3,0.0,0.0,0.0,0.0,2,19.1,37.4,274,Partly cloudy,0,0,
14172,2022-06-27 01:40:00,40.817116,-73.88307,0,0,Passing Too Closely,4542712,26.2,19.8,11.7,11.7,0.0,9.0,63,20.5,43.2,224,Rain: Moderate,0,0,
14173,2022-07-01 17:11:00,40.765625,-73.7244,2,0,Driver Inattention/Distraction,4542555,33.7,20.2,0.1,0.1,0.0,1.0,51,32.3,58.0,215,Drizzle: Light,2,2,
14174,2022-06-29 17:00:00,40.61226,-73.98152,1,0,Reaction to Uninvolved Vehicle,4541923,29.0,17.7,0.0,0.0,0.0,0.0,3,27.2,51.5,195,Overcast,1,1,
14175,2022-06-29 00:16:00,40.708797,-74.01086,0,0,Unspecified,4541834,29.0,17.7,0.0,0.0,0.0,0.0,3,27.2,51.5,195,Overcast,0,0,
14176,2022-06-27 00:00:00,40.74373,-73.85629,0,0,Unspecified,4542842,26.2,19.8,11.7,11.7,0.0,9.0,63,20.5,43.2,224,Rain: Moderate,0,0,
14177,2022-06-30 17:01:00,40.850475,-73.915436,0,0,Unspecified,4542376,31.2,17.3,0.0,0.0,0.0,0.0,2,19.1,37.4,274,Partly cloudy,0,0,
14178,2022-06-20 08:12:00,40.808716,-73.88497,1,0,Unsafe Speed,4542508,26.5,12.9,0.0,0.0,0.0,0.0,3,18.4,31.7,308,Overcast,1,1,
14179,2022-06-29 22:30:00,40.751633,-73.972466,0,0,Unspecified,4541956,29.0,17.7,0.0,0.0,0.0,0.0,3,27.2,51.5,195,Overcast,0,0,
14180,2022-07-01 10:20:00,40.67004,-73.93658,0,0,Driver Inexperience,4542957,33.7,20.2,0.1,0.1,0.0,1.0,51,32.3,58.0,215,Drizzle: Light,0,0,
14181,2022-06-29 09:50:00,40.73222,-73.95459,0,0,Driver Inattention/Distraction,4541769,29.0,17.7,0.0,0.0,0.0,0.0,3,27.2,51.5,195,Overcast,0,0,
14182,2022-06-29 15:15:00,40.70644,-73.75973,1,0,Failure to Yield Right-of-Way,4542256,29.0,17.7,0.0,0.0,0.0,0.0,3,27.2,51.5,195,Overcast,1,1,
14183,2022-06-24 13:00:00,40.675053,-73.947235,0,0,Backing Unsafely,4542951,26.7,14.6,1.0,1.0,0.0,6.0,51,19.2,37.4,204,Drizzle: Light,0,0,
14184,2022-05-31 09:45:00,40.80478,-73.936325,0,0,Driver Inattention/Distraction,4543051,33.1,19.9,0.0,0.0,0.0,0.0,3,16.8,31.7,282,Overcast,0,0,
14185,2022-06-24 10:00:00,40.661568,-73.9953,0,0,Passing or Lane Usage Improper,4542491,26.7,14.6,1.0,1.0,0.0,6.0,51,19.2,37.4,204,Drizzle: Light,0,0,
14186,2022-06-30 08:50:00,40.7699,-73.91608,2,0,Following Too Closely,4542628,31.2,17.3,0.0,0.0,0.0,0.0,2,19.1,37.4,274,Partly cloudy,2,2,
14187,2022-06-30 00:17:00,40.669792,-73.8924,1,0,Unspecified,4542062,31.2,17.3,0.0,0.0,0.0,0.0,2,19.1,37.4,274,Partly cloudy,1,1,
14188,2022-07-01 10:30:00,40.87847,-73.90363,0,0,Unspecified,4542736,33.7,20.2,0.1,0.1,0.0,1.0,51,32.3,58.0,215,Drizzle: Light,0,0,
14189,2022-06-29 15:04:00,40.674095,-73.911156,0,0,Unspecified,4542795,29.0,17.7,0.0,0.0,0.0,0.0,3,27.2,51.5,195,Overcast,0,0,
14190,2022-06-29 18:30:00,40.886295,-73.847916,1,0,Other Vehicular,4542918,29.0,17.7,0.0,0.0,0.0,0.0,3,27.2,51.5,195,Overcast,1,1,
14191,2022-07-01 22:30:00,40.69985,-73.991035,1,0,Following Too Closely,4543000,33.7,20.2,0.1,0.1,0.0,1.0,51,32.3,58.0,215,Drizzle: Light,1,1,
14192,2022-07-01 02:59:00,40.830555,-73.832664,0,0,Unspecified,4543082,33.7,20.2,0.1,0.1,0.0,1.0,51,32.3,58.0,215,Drizzle: Light,0,0,
14193,2022-06-30 07:26:00,40.71394,-74.01233,0,0,Glare,4542099,31.2,17.3,0.0,0.0,0.0,0.0,2,19.1,37.4,274,Partly cloudy,0,0,
14194,2022-06-30 11:10:00,40.703224,-73.82055,1,0,Failure to Yield Right-of-Way,4542463,31.2,17.3,0.0,0.0,0.0,0.0,2,19.1,37.4,274,Partly cloudy,1,1,
14195,2022-06-30 09:44:00,40.709393,-73.91406,0,0,Unspecified,4542476,31.2,17.3,0.0,0.0,0.0,0.0,2,19.1,37.4,274,Partly cloudy,0,0,
14196,2022-06-30 00:00:00,40.892452,-73.8435,0,0,Turning Improperly,4542277,31.2,17.3,0.0,0.0,0.0,0.0,2,19.1,37.4,274,Partly cloudy,0,0,
14197,2022-07-01 15:20:00,40.651405,-73.95504,0,0,Unspecified,4542671,33.7,20.2,0.1,0.1,0.0,1.0,51,32.3,58.0,215,Drizzle: Light,0,0,
14198,2022-07-01 10:17:00,40.6634,-73.97785,2,0,Driver Inexperience,4542579,33.7,20.2,0.1,0.1,0.0,1.0,51,32.3,58.0,215,Drizzle: Light,2,2,
14199,2022-06-30 09:00:00,40.761234,-73.96389,0,0,Driver Inattention/Distraction,4542187,31.2,17.3,0.0,0.0,0.0,0.0,2,19.1,37.4,274,Partly cloudy,0,0,
14200,2022-06-29 22:43:00,40.66768,-73.961815,2,0,Driver Inattention/Distraction,4543110,29.0,17.7,0.0,0.0,0.0,0.0,3,27.2,51.5,195,Overcast,2,2,
14201,2022-06-30 11:45:00,40.641987,-74.01724,0,0,Unsafe Speed,4542695,31.2,17.3,0.0,0.0,0.0,0.0,2,19.1,37.4,274,Partly cloudy,0,0,
14202,2022-06-21 09:20:00,40.81795,-73.95664,0,0,Unspecified,4542827,26.0,14.6,1.0,1.0,0.0,3.0,53,13.0,24.1,175,Drizzle: Moderate,0,0,
14203,2021-12-20 12:50:00,40.58571,-73.91276,0,0,Unsafe Lane Changing,4489281,1.8,-4.4,0.0,0.0,0.0,0.0,2,17.9,32.8,282,Partly cloudy,0,0,
14204,2021-12-17 12:30:00,40.683483,-73.773506,0,0,Unspecified,4489277,13.9,6.1,0.0,0.0,0.0,0.0,3,21.5,37.1,265,Overcast,0,0,
14205,2021-11-27 02:29:00,40.834114,-73.86327,0,0,Unsafe Lane Changing,4489290,4.4,0.0,0.0,0.0,0.0,0.0,3,28.5,56.5,295,Overcast,0,0,
14206,2021-12-17 07:30:00,40.679733,-73.97432,0,0,Passing or Lane Usage Improper,4489274,13.9,6.1,0.0,0.0,0.0,0.0,3,21.5,37.1,265,Overcast,0,0,
14207,2021-12-21 16:25:00,40.7242,-73.93765,1,0,Traffic Control Disregarded,4489251,5.7,-2.4,0.0,0.0,0.0,0.0,3,13.6,24.5,228,Overcast,1,1,
14208,2021-12-20 19:53:00,0.0,0.0,1,0,Failure to Yield Right-of-Way,4489286,1.8,-4.4,0.0,0.0,0.0,0.0,2,17.9,32.8,282,Partly cloudy,1,1,
14209,2021-12-21 00:00:00,40.834133,-73.91665,0,0,Driver Inattention/Distraction,4489260,5.7,-2.4,0.0,0.0,0.0,0.0,3,13.6,24.5,228,Overcast,0,0,
14210,2021-12-21 10:00:00,40.714687,-73.94271,0,0,Driver Inattention/Distraction,4489267,5.7,-2.4,0.0,0.0,0.0,0.0,3,13.6,24.5,228,Overcast,0,0,
14211,2021-12-19 21:47:00,40.62621,-73.927666,0,0,Failure to Yield Right-of-Way,4489285,7.1,-1.8,0.5,0.5,0.0,4.0,51,26.4,47.5,327,Drizzle: Light,0,0,
14212,2022-01-07 15:00:00,40.791653,-73.84546,0,0,Following Too Closely,4494821,-0.0,-5.7,9.0,0.0,6.3,11.0,75,26.8,48.6,313,Snow fall: Heavy,0,0,Snowy Conditions
14213,2022-02-17 23:43:00,40.661385,-73.8841,0,0,Unspecified,4504573,16.7,5.1,2.2,2.2,0.0,2.0,61,31.8,56.5,201,Rain: Light,0,0,
14214,2022-02-19 08:00:00,40.71282,-73.90378,1,0,Traffic Control Disregarded,4504161,3.3,-5.5,0.4,0.0,0.28,4.0,71,35.3,64.4,260,Snow fall: Light,1,1,Snowy Conditions
14215,2022-02-19 21:10:00,40.71709,-73.82631,0,0,Passing or Lane Usage Improper,4504599,3.3,-5.5,0.4,0.0,0.28,4.0,71,35.3,64.4,260,Snow fall: Light,0,0,Snowy Conditions
14216,2022-02-14 00:55:00,40.80549,-73.91031,1,0,Unsafe Speed,4504450,-3.4,-10.4,0.0,0.0,0.0,0.0,3,26.4,49.3,316,Overcast,1,1,
14217,2022-02-19 18:00:00,40.66696,-73.97822,1,0,Failure to Yield Right-of-Way,4503989,3.3,-5.5,0.4,0.0,0.28,4.0,71,35.3,64.4,260,Snow fall: Light,1,1,Snowy Conditions
14218,2022-02-19 11:49:00,40.66278,-73.88086,0,0,Unspecified,4504483,3.3,-5.5,0.4,0.0,0.28,4.0,71,35.3,64.4,260,Snow fall: Light,0,0,Snowy Conditions
14219,2021-11-17 06:00:00,40.66675,-73.779945,0,1,Driver Inattention/Distraction,4478429,12.1,0.5,0.0,0.0,0.0,0.0,3,19.6,35.6,171,Overcast,20,1,
14220,2022-06-29 02:20:00,40.70568,-73.77114,0,0,Driver Inattention/Distraction,4542268,29.0,17.7,0.0,0.0,0.0,0.0,3,27.2,51.5,195,Overcast,0,0,
14221,2022-06-29 10:25:00,40.77048,-73.83565,0,0,Unspecified,4541821,29.0,17.7,0.0,0.0,0.0,0.0,3,27.2,51.5,195,Overcast,0,0,
14222,2021-05-12 01:00:00,40.81899,-73.89185,1,0,Unspecified,4415659,17.9,5.8,0.0,0.0,0.0,0.0,2,20.0,41.0,317,Partly cloudy,1,1,
14223,2021-09-21 23:30:00,40.6867,-73.9982,0,0,Unspecified,4460518,23.1,16.4,0.0,0.0,0.0,0.0,3,14.2,29.5,108,Overcast,0,0,
14224,2022-06-29 14:20:00,40.770245,-73.815735,1,0,Unspecified,4541946,29.0,17.7,0.0,0.0,0.0,0.0,3,27.2,51.5,195,Overcast,1,1,
14225,2022-06-30 03:37:00,40.796738,-73.92925,1,0,Unsafe Speed,4542031,31.2,17.3,0.0,0.0,0.0,0.0,2,19.1,37.4,274,Partly cloudy,1,1,
14226,2022-03-10 22:44:00,40.708927,-73.77733,0,0,Unsafe Speed,4542779,9.0,-1.5,0.0,0.0,0.0,0.0,3,12.3,23.8,243,Overcast,0,0,
14227,2022-06-26 17:53:00,40.87514,-73.90499,0,0,Failure to Yield Right-of-Way,4542403,30.8,19.9,0.0,0.0,0.0,0.0,3,30.9,55.8,188,Overcast,0,0,
14228,2022-03-25 22:00:00,40.888416,-73.909,0,0,Unspecified,4515014,15.6,5.3,5.7,5.7,0.0,4.0,63,27.6,52.2,274,Rain: Moderate,0,0,
14229,2021-12-21 09:05:00,40.6742,-73.999985,0,0,Passing Too Closely,4488608,5.7,-2.4,0.0,0.0,0.0,0.0,3,13.6,24.5,228,Overcast,0,0,
14230,2021-12-21 03:20:00,40.840866,-73.87281,0,0,Passing Too Closely,4488728,5.7,-2.4,0.0,0.0,0.0,0.0,3,13.6,24.5,228,Overcast,0,0,
14231,2021-12-21 19:42:00,40.73664,-73.86584,1,0,Failure to Yield Right-of-Way,4488661,5.7,-2.4,0.0,0.0,0.0,0.0,3,13.6,24.5,228,Overcast,1,1,
14232,2021-12-16 19:20:00,40.586117,-73.93604,1,0,Unspecified,4489187,14.6,9.9,0.0,0.0,0.0,0.0,3,22.4,38.5,222,Overcast,1,1,
14233,2021-12-21 06:40:00,40.630924,-74.00356,1,0,Failure to Yield Right-of-Way,4489116,5.7,-2.4,0.0,0.0,0.0,0.0,3,13.6,24.5,228,Overcast,1,1,
14234,2021-12-21 00:20:00,40.654297,-73.72629,0,0,Unspecified,4488261,5.7,-2.4,0.0,0.0,0.0,0.0,3,13.6,24.5,228,Overcast,0,0,
14235,2021-12-21 14:45:00,40.60786,-73.9552,0,0,Driver Inattention/Distraction,4488637,5.7,-2.4,0.0,0.0,0.0,0.0,3,13.6,24.5,228,Overcast,0,0,
14236,2021-12-21 15:23:00,40.875256,-73.84342,0,0,View Obstructed/Limited,4488862,5.7,-2.4,0.0,0.0,0.0,0.0,3,13.6,24.5,228,Overcast,0,0,
14237,2021-12-21 17:10:00,40.68259,-73.80614,0,0,Failure to Yield Right-of-Way,4488680,5.7,-2.4,0.0,0.0,0.0,0.0,3,13.6,24.5,228,Overcast,0,0,
14238,2021-12-21 06:22:00,40.80641,-73.9502,0,0,Passing or Lane Usage Improper,4489073,5.7,-2.4,0.0,0.0,0.0,0.0,3,13.6,24.5,228,Overcast,0,0,
14239,2021-12-21 03:15:00,40.846443,-73.826004,1,0,Reaction to Uninvolved Vehicle,4488358,5.7,-2.4,0.0,0.0,0.0,0.0,3,13.6,24.5,228,Overcast,1,1,
14240,2021-12-21 15:30:00,40.562134,-74.11819,0,0,Failure to Yield Right-of-Way,4488687,5.7,-2.4,0.0,0.0,0.0,0.0,3,13.6,24.5,228,Overcast,0,0,
14241,2021-12-16 05:24:00,40.634663,-74.10253,0,0,Driver Inattention/Distraction,4489173,14.6,9.9,0.0,0.0,0.0,0.0,3,22.4,38.5,222,Overcast,0,0,
14242,2021-12-19 04:45:00,40.68424,-73.8461,0,0,Following Too Closely,4489235,7.1,-1.8,0.5,0.5,0.0,4.0,51,26.4,47.5,327,Drizzle: Light,0,0,
14243,2021-12-21 08:00:00,40.74096,-73.88145,0,0,Driver Inattention/Distraction,4488380,5.7,-2.4,0.0,0.0,0.0,0.0,3,13.6,24.5,228,Overcast,0,0,
14244,2021-12-21 11:49:00,40.78322,-73.84586,1,0,Backing Unsafely,4488565,5.7,-2.4,0.0,0.0,0.0,0.0,3,13.6,24.5,228,Overcast,1,1,
14245,2021-12-21 15:15:00,40.702396,-73.88593,0,0,Failure to Yield Right-of-Way,4488742,5.7,-2.4,0.0,0.0,0.0,0.0,3,13.6,24.5,228,Overcast,0,0,
14246,2021-12-21 14:00:00,40.581055,-74.153366,0,0,Driver Inattention/Distraction,4488790,5.7,-2.4,0.0,0.0,0.0,0.0,3,13.6,24.5,228,Overcast,0,0,
14247,2021-12-21 13:43:00,40.65064,-73.94475,0,0,Unspecified,4488877,5.7,-2.4,0.0,0.0,0.0,0.0,3,13.6,24.5,228,Overcast,0,0,
14248,2021-12-21 18:00:00,40.646515,-73.974655,0,0,Driver Inattention/Distraction,4488985,5.7,-2.4,0.0,0.0,0.0,0.0,3,13.6,24.5,228,Overcast,0,0,
14249,2021-12-21 19:00:00,40.65616,-73.76736,0,0,Driver Inattention/Distraction,4488538,5.7,-2.4,0.0,0.0,0.0,0.0,3,13.6,24.5,228,Overcast,0,0,
14250,2021-12-21 10:15:00,40.707966,-74.013596,0,0,Driver Inattention/Distraction,4488498,5.7,-2.4,0.0,0.0,0.0,0.0,3,13.6,24.5,228,Overcast,0,0,
14251,2021-12-21 14:16:00,40.6731,-73.79572,0,0,Unspecified,4488532,5.7,-2.4,0.0,0.0,0.0,0.0,3,13.6,24.5,228,Overcast,0,0,
14252,2021-12-21 13:46:00,40.76023,-73.979256,1,0,Passing or Lane Usage Improper,4488501,5.7,-2.4,0.0,0.0,0.0,0.0,3,13.6,24.5,228,Overcast,1,1,
14253,2021-12-14 12:00:00,40.726112,-73.95415,0,0,Driver Inattention/Distraction,4489216,10.4,3.1,0.0,0.0,0.0,0.0,3,18.5,31.3,322,Overcast,0,0,
14254,2021-12-21 09:10:00,40.59039,-73.99155,1,0,Backing Unsafely,4488560,5.7,-2.4,0.0,0.0,0.0,0.0,3,13.6,24.5,228,Overcast,1,1,
14255,2021-12-21 07:10:00,40.66901,-73.99678,0,0,Traffic Control Disregarded,4488979,5.7,-2.4,0.0,0.0,0.0,0.0,3,13.6,24.5,228,Overcast,0,0,
14256,2021-12-21 13:55:00,40.680923,-73.83544,0,0,Unsafe Speed,4488672,5.7,-2.4,0.0,0.0,0.0,0.0,3,13.6,24.5,228,Overcast,0,0,
14257,2021-12-21 05:06:00,40.669544,-73.917145,0,0,Pavement Defective,4488697,5.7,-2.4,0.0,0.0,0.0,0.0,3,13.6,24.5,228,Overcast,0,0,
14258,2021-12-21 06:02:00,40.70978,-73.82043,0,0,Driver Inattention/Distraction,4488814,5.7,-2.4,0.0,0.0,0.0,0.0,3,13.6,24.5,228,Overcast,0,0,
14259,2021-12-19 01:33:00,40.76869,-73.91107,0,0,Driver Inattention/Distraction,4489002,7.1,-1.8,0.5,0.5,0.0,4.0,51,26.4,47.5,327,Drizzle: Light,0,0,
14260,2021-12-21 14:00:00,40.739574,-73.79167,0,0,Unsafe Lane Changing,4488483,5.7,-2.4,0.0,0.0,0.0,0.0,3,13.6,24.5,228,Overcast,0,0,
14261,2021-12-21 12:00:00,40.67385,-73.90024,0,0,Failure to Yield Right-of-Way,4488550,5.7,-2.4,0.0,0.0,0.0,0.0,3,13.6,24.5,228,Overcast,0,0,
14262,2021-12-21 10:00:00,40.81157,-73.914215,0,0,Unspecified,4488646,5.7,-2.4,0.0,0.0,0.0,0.0,3,13.6,24.5,228,Overcast,0,0,
14263,2021-12-21 07:35:00,40.781715,-73.823845,1,0,Failure to Yield Right-of-Way,4488566,5.7,-2.4,0.0,0.0,0.0,0.0,3,13.6,24.5,228,Overcast,1,1,
14264,2021-12-20 06:13:00,40.827656,-73.8861,1,0,Unspecified,4489221,1.8,-4.4,0.0,0.0,0.0,0.0,2,17.9,32.8,282,Partly cloudy,1,1,
14265,2021-12-21 00:00:00,40.87772,-73.84179,1,0,Driver Inattention/Distraction,4488517,5.7,-2.4,0.0,0.0,0.0,0.0,3,13.6,24.5,228,Overcast,1,1,
14266,2021-12-17 04:08:00,40.60534,-74.01584,0,0,Unspecified,4489070,13.9,6.1,0.0,0.0,0.0,0.0,3,21.5,37.1,265,Overcast,0,0,
14267,2021-12-21 15:27:00,40.663555,-73.93162,1,0,Driver Inattention/Distraction,4488838,5.7,-2.4,0.0,0.0,0.0,0.0,3,13.6,24.5,228,Overcast,1,1,
14268,2021-12-21 20:30:00,40.68442,-73.927155,1,0,Failure to Yield Right-of-Way,4488906,5.7,-2.4,0.0,0.0,0.0,0.0,3,13.6,24.5,228,Overcast,1,1,
14269,2021-12-02 22:24:00,40.87829,-73.87006,0,0,Driver Inattention/Distraction,4489204,13.2,5.4,3.4,3.4,0.0,10.0,55,28.0,46.8,215,Drizzle: Dense,0,0,
14270,2021-12-21 17:57:00,40.67478,-73.806206,1,0,Other Vehicular,4488667,5.7,-2.4,0.0,0.0,0.0,0.0,3,13.6,24.5,228,Overcast,1,1,
14271,2021-12-21 15:00:00,40.641006,-74.08308,0,0,Unspecified,4489130,5.7,-2.4,0.0,0.0,0.0,0.0,3,13.6,24.5,228,Overcast,0,0,
14272,2021-12-21 08:26:00,40.850483,-73.922134,0,0,Passing or Lane Usage Improper,4488688,5.7,-2.4,0.0,0.0,0.0,0.0,3,13.6,24.5,228,Overcast,0,0,
14273,2021-12-21 08:45:00,40.699707,-73.95718,0,0,Passing Too Closely,4488629,5.7,-2.4,0.0,0.0,0.0,0.0,3,13.6,24.5,228,Overcast,0,0,
14274,2021-12-21 00:32:00,40.79896,-73.95191,0,0,Alcohol Involvement,4488754,5.7,-2.4,0.0,0.0,0.0,0.0,3,13.6,24.5,228,Overcast,0,0,
14275,2021-12-21 13:30:00,40.666733,-73.95079,0,0,Driver Inattention/Distraction,4488583,5.7,-2.4,0.0,0.0,0.0,0.0,3,13.6,24.5,228,Overcast,0,0,
14276,2021-12-19 01:00:00,40.66362,-73.777176,0,0,Unspecified,4489082,7.1,-1.8,0.5,0.5,0.0,4.0,51,26.4,47.5,327,Drizzle: Light,0,0,
14277,2021-12-21 18:01:00,40.648243,-73.929,0,0,Driver Inattention/Distraction,4488714,5.7,-2.4,0.0,0.0,0.0,0.0,3,13.6,24.5,228,Overcast,0,0,
14278,2022-06-30 22:28:00,40.862442,-73.89715,0,0,Aggressive Driving/Road Rage,4542535,31.2,17.3,0.0,0.0,0.0,0.0,2,19.1,37.4,274,Partly cloudy,0,0,
14279,2021-12-21 19:45:00,40.80801,-73.88961,0,0,Unspecified,4488639,5.7,-2.4,0.0,0.0,0.0,0.0,3,13.6,24.5,228,Overcast,0,0,