,CRASH DATETIME,LATITUDE,LONGITUDE,NUMBER OF PERSONS INJURED,NUMBER OF PERSONS KILLED,CONTRIBUTING FACTOR VEHICLE 1,COLLISION_ID,temperature_2m_max,temperature_2m_min,precipitation_sum,rain_sum,snowfall_sum,precipitation_hours,weather_code,wind_speed_10m_max,wind_gusts_10m_max,wind_direction_10m_dominant,Weather Description,Severity_Score,Total_Affected_Persons,Weather_Category
14280,2021-12-21 12:30:00,40.66614,-73.82326,0,0,Driver Inattention/Distraction,4488681,5.7,-2.4,0.0,0.0,0.0,0.0,3,13.6,24.5,228,Overcast,0,0,
14281,2021-12-11 10:15:00,40.893097,-73.85644,0,0,Driver Inexperience,4489153,17.3,5.0,8.1,8.1,0.0,5.0,63,35.0,67.0,206,Rain: Moderate,0,0,
14282,2021-12-21 03:20:00,40.7549,-73.74548,0,0,Alcohol Involvement,4488322,5.7,-2.4,0.0,0.0,0.0,0.0,3,13.6,24.5,228,Overcast,0,0,
14283,2021-12-21 19:35:00,40.70297,-73.91822,0,0,Traffic Control Disregarded,4488613,5.7,-2.4,0.0,0.0,0.0,0.0,3,13.6,24.5,228,Overcast,0,0,
14284,2021-12-14 06:45:00,40.83917,-73.83629,1,0,Failure to Yield Right-of-Way,4489053,10.4,3.1,0.0,0.0,0.0,0.0,3,18.5,31.3,322,Overcast,1,1,
14285,2021-12-21 22:33:00,40.63955,-73.974785,1,0,Alcohol Involvement,4489113,5.7,-2.4,0.0,0.0,0.0,0.0,3,13.6,24.5,228,Overcast,1,1,
14286,2021-12-15 17:30:00,40.704853,-73.791664,1,0,Driver Inattention/Distraction,4489181,10.3,1.8,1.0,1.0,0.0,6.0,51,20.6,38.2,104,Drizzle: Light,1,1,
14287,2021-12-21 14:14:00,40.71983,-73.98755,0,0,Unspecified,4488582,5.7,-2.4,0.0,0.0,0.0,0.0,3,13.6,24.5,228,Overcast,0,0,
14288,2021-12-21 19:35:00,40.678257,-73.81522,1,0,Reaction to Uninvolved Vehicle,4488682,5.7,-2.4,0.0,0.0,0.0,0.0,3,13.6,24.5,228,Overcast,1,1,
14289,2021-12-14 17:30:00,40.815754,-73.89529,0,0,Driver Inattention/Distraction,4489238,10.4,3.1,0.0,0.0,0.0,0.0,3,18.5,31.3,322,Overcast,0,0,
14290,2021-12-21 08:09:00,40.705658,-73.93171,0,0,Turning Improperly,4488630,5.7,-2.4,0.0,0.0,0.0,0.0,3,13.6,24.5,228,Overcast,0,0,
14291,2021-12-20 12:50:00,40.716034,-73.80663,0,0,Unsafe Speed,4489046,1.8,-4.4,0.0,0.0,0.0,0.0,2,17.9,32.8,282,Partly cloudy,0,0,
14292,2021-12-17 06:00:00,40.587692,-73.815346,0,0,Unspecified,4489078,13.9,6.1,0.0,0.0,0.0,0.0,3,21.5,37.1,265,Overcast,0,0,
14293,2021-12-21 12:00:00,40.740532,-73.87635,0,0,Driver Inattention/Distraction,4488663,5.7,-2.4,0.0,0.0,0.0,0.0,3,13.6,24.5,228,Overcast,0,0,
14294,2021-12-19 11:45:00,40.71727,-73.96286,0,0,Unspecified,4489220,7.1,-1.8,0.5,0.5,0.0,4.0,51,26.4,47.5,327,Drizzle: Light,0,0,
14295,2021-12-21 18:02:00,40.589108,-73.80101,1,0,Driver Inattention/Distraction,4488516,5.7,-2.4,0.0,0.0,0.0,0.0,3,13.6,24.5,228,Overcast,1,1,
14296,2021-12-21 15:30:00,40.73613,-73.755554,0,0,Unspecified,4488534,5.7,-2.4,0.0,0.0,0.0,0.0,3,13.6,24.5,228,Overcast,0,0,
14297,2021-12-21 17:00:00,40.603836,-73.76337,1,0,Passing Too Closely,4488822,5.7,-2.4,0.0,0.0,0.0,0.0,3,13.6,24.5,228,Overcast,1,1,
14298,2021-12-21 13:00:00,40.687195,-74.00165,1,0,Driver Inattention/Distraction,4488609,5.7,-2.4,0.0,0.0,0.0,0.0,3,13.6,24.5,228,Overcast,1,1,
14299,2021-12-18 23:59:00,40.652462,-73.92285,0,0,Driver Inattention/Distraction,4489014,6.3,4.5,3.8,3.8,0.0,9.0,61,12.3,24.5,35,Rain: Light,0,0,
14300,2021-12-21 16:00:00,40.73688,-73.90564,0,0,Following Too Closely,4488484,5.7,-2.4,0.0,0.0,0.0,0.0,3,13.6,24.5,228,Overcast,0,0,
14301,2021-12-21 21:00:00,40.71161,-73.95754,1,0,Failure to Yield Right-of-Way,4488724,5.7,-2.4,0.0,0.0,0.0,0.0,3,13.6,24.5,228,Overcast,1,1,
14302,2021-12-21 10:00:00,40.615147,-73.98973,0,0,Outside Car Distraction,4488843,5.7,-2.4,0.0,0.0,0.0,0.0,3,13.6,24.5,228,Overcast,0,0,
14303,2021-12-21 12:10:00,40.7488,-73.96986,0,0,Passing or Lane Usage Improper,4488526,5.7,-2.4,0.0,0.0,0.0,0.0,3,13.6,24.5,228,Overcast,0,0,
14304,2021-12-21 07:50:00,40.81761,-73.920746,1,0,Unspecified,4488644,5.7,-2.4,0.0,0.0,0.0,0.0,3,13.6,24.5,228,Overcast,1,1,
14305,2021-12-14 11:25:00,40.78389,-73.950294,0,0,Driver Inattention/Distraction,4489098,10.4,3.1,0.0,0.0,0.0,0.0,3,18.5,31.3,322,Overcast,0,0,
14306,2021-12-07 16:47:00,40.733807,-74.008514,1,0,Lost Consciousness,4489033,8.6,0.8,0.1,0.1,0.0,1.0,51,27.2,49.3,283,Drizzle: Light,1,1,
14307,2021-12-21 15:45:00,40.608562,-74.1472,0,0,Following Too Closely,4488604,5.7,-2.4,0.0,0.0,0.0,0.0,3,13.6,24.5,228,Overcast,0,0,
14308,2021-12-21 18:00:00,40.69764,-73.92932,0,0,Passing Too Closely,4488654,5.7,-2.4,0.0,0.0,0.0,0.0,3,13.6,24.5,228,Overcast,0,0,
14309,2021-12-21 17:32:00,40.628002,-73.918175,1,0,Failure to Yield Right-of-Way,4489089,5.7,-2.4,0.0,0.0,0.0,0.0,3,13.6,24.5,228,Overcast,1,1,
14310,2021-12-21 10:39:00,40.843037,-73.92167,0,0,Unspecified,4488810,5.7,-2.4,0.0,0.0,0.0,0.0,3,13.6,24.5,228,Overcast,0,0,
14311,2021-12-21 09:00:00,40.748203,-73.84962,1,0,Pavement Slippery,4488379,5.7,-2.4,0.0,0.0,0.0,0.0,3,13.6,24.5,228,Overcast,1,1,
14312,2021-12-07 18:00:00,40.765224,-73.9317,1,0,Following Too Closely,4489001,8.6,0.8,0.1,0.1,0.0,1.0,51,27.2,49.3,283,Drizzle: Light,1,1,
14313,2021-12-21 06:51:00,40.583656,-73.98656,0,0,Driver Inattention/Distraction,4488561,5.7,-2.4,0.0,0.0,0.0,0.0,3,13.6,24.5,228,Overcast,0,0,
14314,2021-12-21 14:00:00,40.88903,-73.86168,0,0,Driver Inattention/Distraction,4488859,5.7,-2.4,0.0,0.0,0.0,0.0,3,13.6,24.5,228,Overcast,0,0,
14315,2021-12-21 08:57:00,40.619713,-73.94453,0,0,Driver Inattention/Distraction,4488738,5.7,-2.4,0.0,0.0,0.0,0.0,3,13.6,24.5,228,Overcast,0,0,
14316,2021-12-21 17:45:00,40.74869,-73.85772,0,0,Driver Inattention/Distraction,4488670,5.7,-2.4,0.0,0.0,0.0,0.0,3,13.6,24.5,228,Overcast,0,0,
14317,2021-12-21 23:14:00,40.783386,-73.77232,0,0,,4489212,5.7,-2.4,0.0,0.0,0.0,0.0,3,13.6,24.5,228,Overcast,0,0,
14318,2021-12-21 14:30:00,40.656544,-73.90546,0,0,Unspecified,4488696,5.7,-2.4,0.0,0.0,0.0,0.0,3,13.6,24.5,228,Overcast,0,0,
14319,2021-12-16 21:00:00,40.83711,-73.913734,0,0,Driver Inattention/Distraction,4489090,14.6,9.9,0.0,0.0,0.0,0.0,3,22.4,38.5,222,Overcast,0,0,
14320,2021-12-21 16:01:00,40.71401,-73.85965,0,0,Unsafe Lane Changing,4488617,5.7,-2.4,0.0,0.0,0.0,0.0,3,13.6,24.5,228,Overcast,0,0,
14321,2021-12-21 07:00:00,40.65141,-73.913414,0,0,Failure to Yield Right-of-Way,4489016,5.7,-2.4,0.0,0.0,0.0,0.0,3,13.6,24.5,228,Overcast,0,0,
14322,2021-12-11 13:00:00,40.852894,-73.93273,0,0,Unspecified,4489064,17.3,5.0,8.1,8.1,0.0,5.0,63,35.0,67.0,206,Rain: Moderate,0,0,
14323,2021-12-21 00:00:00,40.68746,-73.906494,0,0,Unsafe Speed,4488652,5.7,-2.4,0.0,0.0,0.0,0.0,3,13.6,24.5,228,Overcast,0,0,
14324,2021-12-21 07:00:00,40.905113,-73.85253,0,0,Unspecified,4488873,5.7,-2.4,0.0,0.0,0.0,0.0,3,13.6,24.5,228,Overcast,0,0,
14325,2021-12-21 08:30:00,40.875587,-73.89408,0,0,Other Vehicular,4488451,5.7,-2.4,0.0,0.0,0.0,0.0,3,13.6,24.5,228,Overcast,0,0,
14326,2021-12-21 19:05:00,40.848007,-73.88858,0,0,Driver Inattention/Distraction,4488706,5.7,-2.4,0.0,0.0,0.0,0.0,3,13.6,24.5,228,Overcast,0,0,
14327,2021-12-21 18:29:00,40.713333,-73.91305,0,0,Passing or Lane Usage Improper,4488537,5.7,-2.4,0.0,0.0,0.0,0.0,3,13.6,24.5,228,Overcast,0,0,
14328,2021-12-21 08:00:00,40.668095,-73.90371,0,0,Other Vehicular,4488720,5.7,-2.4,0.0,0.0,0.0,0.0,3,13.6,24.5,228,Overcast,0,0,
14329,2021-12-21 17:59:00,40.85579,-73.881,0,0,Driver Inattention/Distraction,4488704,5.7,-2.4,0.0,0.0,0.0,0.0,3,13.6,24.5,228,Overcast,0,0,
14330,2021-12-20 20:35:00,40.624546,-73.92945,0,0,Driver Inattention/Distraction,4489125,1.8,-4.4,0.0,0.0,0.0,0.0,2,17.9,32.8,282,Partly cloudy,0,0,
14331,2021-12-21 23:05:00,40.753407,-73.852356,0,0,Turning Improperly,4488666,5.7,-2.4,0.0,0.0,0.0,0.0,3,13.6,24.5,228,Overcast,0,0,
14332,2021-12-19 07:25:00,40.6743,-73.93339,0,0,Other Vehicular,4489157,7.1,-1.8,0.5,0.5,0.0,4.0,51,26.4,47.5,327,Drizzle: Light,0,0,
14333,2021-12-21 05:40:00,40.817795,-73.89319,0,0,Unspecified,4488325,5.7,-2.4,0.0,0.0,0.0,0.0,3,13.6,24.5,228,Overcast,0,0,
14334,2021-12-18 19:11:00,40.728714,-73.95362,0,0,Passing Too Closely,4489230,6.3,4.5,3.8,3.8,0.0,9.0,61,12.3,24.5,35,Rain: Light,0,0,
14335,2021-12-14 11:08:00,40.8262,-73.821686,0,0,Unspecified,4489052,10.4,3.1,0.0,0.0,0.0,0.0,3,18.5,31.3,322,Overcast,0,0,
14336,2021-12-21 07:05:00,40.606735,-73.980484,0,0,Backing Unsafely,4488844,5.7,-2.4,0.0,0.0,0.0,0.0,3,13.6,24.5,228,Overcast,0,0,
14337,2021-12-21 10:45:00,40.686497,-73.854645,0,0,Unsafe Speed,4488524,5.7,-2.4,0.0,0.0,0.0,0.0,3,13.6,24.5,228,Overcast,0,0,
14338,2021-12-21 17:10:00,40.797916,-73.96385,1,0,Failure to Yield Right-of-Way,4488527,5.7,-2.4,0.0,0.0,0.0,0.0,3,13.6,24.5,228,Overcast,1,1,
14339,2021-12-21 23:20:00,40.75578,-73.978455,0,0,Driver Inattention/Distraction,4488758,5.7,-2.4,0.0,0.0,0.0,0.0,3,13.6,24.5,228,Overcast,0,0,
14340,2021-12-19 17:00:00,40.838333,-73.9015,0,0,Passing Too Closely,4489227,7.1,-1.8,0.5,0.5,0.0,4.0,51,26.4,47.5,327,Drizzle: Light,0,0,
14341,2021-12-21 10:15:00,40.67001,-73.899635,0,0,Driver Inattention/Distraction,4488548,5.7,-2.4,0.0,0.0,0.0,0.0,3,13.6,24.5,228,Overcast,0,0,
14342,2021-12-21 10:40:00,40.713207,-73.76688,1,0,Following Too Closely,4488829,5.7,-2.4,0.0,0.0,0.0,0.0,3,13.6,24.5,228,Overcast,1,1,
14343,2021-12-21 18:20:00,40.844254,-73.9398,0,0,Unspecified,4488596,5.7,-2.4,0.0,0.0,0.0,0.0,3,13.6,24.5,228,Overcast,0,0,
14344,2021-12-21 23:30:00,40.8252,-73.91476,0,0,Backing Unsafely,4488937,5.7,-2.4,0.0,0.0,0.0,0.0,3,13.6,24.5,228,Overcast,0,0,
14345,2021-12-21 08:22:00,40.86832,-73.83317,0,0,Driver Inexperience,4488460,5.7,-2.4,0.0,0.0,0.0,0.0,3,13.6,24.5,228,Overcast,0,0,
14346,2021-12-21 16:00:00,40.833282,-73.82836,0,0,Failure to Yield Right-of-Way,4488760,5.7,-2.4,0.0,0.0,0.0,0.0,3,13.6,24.5,228,Overcast,0,0,
14347,2021-12-21 07:30:00,40.64093,-73.91842,0,0,Passing or Lane Usage Improper,4488892,5.7,-2.4,0.0,0.0,0.0,0.0,3,13.6,24.5,228,Overcast,0,0,
14348,2021-12-06 00:55:00,40.84275,-73.924774,0,0,Passing Too Closely,4489008,16.3,7.7,6.3,6.3,0.0,10.0,61,35.1,65.5,201,Rain: Light,0,0,
14349,2021-12-21 11:00:00,40.84216,-73.831024,0,0,Oversized Vehicle,4488485,5.7,-2.4,0.0,0.0,0.0,0.0,3,13.6,24.5,228,Overcast,0,0,
14350,2021-12-21 07:30:00,40.68873,-73.87136,0,0,Driver Inattention/Distraction,4488547,5.7,-2.4,0.0,0.0,0.0,0.0,3,13.6,24.5,228,Overcast,0,0,
14351,2021-12-21 15:49:00,40.75425,-73.96899,1,0,Passing or Lane Usage Improper,4488581,5.7,-2.4,0.0,0.0,0.0,0.0,3,13.6,24.5,228,Overcast,1,1,
14352,2021-12-21 23:53:00,40.677723,-73.849594,0,0,Fell Asleep,4488683,5.7,-2.4,0.0,0.0,0.0,0.0,3,13.6,24.5,228,Overcast,0,0,
14353,2021-12-17 20:00:00,40.72052,-73.94544,0,0,Passing Too Closely,4489218,13.9,6.1,0.0,0.0,0.0,0.0,3,21.5,37.1,265,Overcast,0,0,
14354,2021-12-21 17:30:00,40.761665,-73.97492,0,0,Driver Inattention/Distraction,4488503,5.7,-2.4,0.0,0.0,0.0,0.0,3,13.6,24.5,228,Overcast,0,0,
14355,2022-04-24 04:31:00,40.86369,-73.91707,1,0,Other Vehicular,4521625,15.8,7.0,0.0,0.0,0.0,0.0,3,21.7,43.2,114,Overcast,1,1,
14356,2021-12-21 09:50:00,40.885296,-73.82733,0,0,Backing Unsafely,4488442,5.7,-2.4,0.0,0.0,0.0,0.0,3,13.6,24.5,228,Overcast,0,0,
14357,2021-12-21 12:00:00,40.68024,-73.946754,1,0,Driver Inattention/Distraction,4488746,5.7,-2.4,0.0,0.0,0.0,0.0,3,13.6,24.5,228,Overcast,1,1,
14358,2021-12-21 19:19:00,40.615993,-74.031136,0,0,Driver Inattention/Distraction,4488555,5.7,-2.4,0.0,0.0,0.0,0.0,3,13.6,24.5,228,Overcast,0,0,
14359,2021-12-18 17:26:00,40.816803,-73.86575,1,0,Failure to Yield Right-of-Way,4489119,6.3,4.5,3.8,3.8,0.0,9.0,61,12.3,24.5,35,Rain: Light,1,1,
14360,2021-12-21 16:58:00,40.74459,-73.9968,1,0,Unspecified,4488938,5.7,-2.4,0.0,0.0,0.0,0.0,3,13.6,24.5,228,Overcast,1,1,
14361,2021-12-21 17:50:00,40.59609,-73.98129,0,0,Driver Inattention/Distraction,4488631,5.7,-2.4,0.0,0.0,0.0,0.0,3,13.6,24.5,228,Overcast,0,0,
14362,2021-12-21 14:40:00,40.726997,-73.81219,1,0,Driver Inattention/Distraction,4488816,5.7,-2.4,0.0,0.0,0.0,0.0,3,13.6,24.5,228,Overcast,1,1,
14363,2021-11-30 13:40:00,40.77392,-73.89809,0,0,Driver Inattention/Distraction,4489000,4.7,-2.4,0.1,0.1,0.0,1.0,51,19.1,34.9,245,Drizzle: Light,0,0,
14364,2021-12-21 17:30:00,40.606636,-74.00163,1,0,Failure to Yield Right-of-Way,4488872,5.7,-2.4,0.0,0.0,0.0,0.0,3,13.6,24.5,228,Overcast,1,1,
14365,2021-12-16 10:01:00,40.659557,-73.95344,0,0,Driver Inattention/Distraction,4489077,14.6,9.9,0.0,0.0,0.0,0.0,3,22.4,38.5,222,Overcast,0,0,
14366,2021-12-21 18:10:00,40.68566,-73.84679,0,0,Driver Inexperience,4488622,5.7,-2.4,0.0,0.0,0.0,0.0,3,13.6,24.5,228,Overcast,0,0,
14367,2021-12-17 08:00:00,40.82104,-73.82834,0,0,Unspecified,4489100,13.9,6.1,0.0,0.0,0.0,0.0,3,21.5,37.1,265,Overcast,0,0,
14368,2021-12-21 04:35:00,40.712303,-73.85508,0,0,Driver Inattention/Distraction,4488616,5.7,-2.4,0.0,0.0,0.0,0.0,3,13.6,24.5,228,Overcast,0,0,
14369,2021-12-21 03:42:00,40.638733,-73.98468,0,0,Unspecified,4488366,5.7,-2.4,0.0,0.0,0.0,0.0,3,13.6,24.5,228,Overcast,0,0,
14370,2021-12-15 00:29:00,40.82269,-73.94947,0,0,Unspecified,4489158,10.3,1.8,1.0,1.0,0.0,6.0,51,20.6,38.2,104,Drizzle: Light,0,0,
14371,2021-12-21 11:38:00,40.60235,-74.189644,1,0,Drugs (illegal),4488535,5.7,-2.4,0.0,0.0,0.0,0.0,3,13.6,24.5,228,Overcast,1,1,
14372,2021-12-21 19:40:00,40.697678,-73.916374,1,0,Backing Unsafely,4488655,5.7,-2.4,0.0,0.0,0.0,0.0,3,13.6,24.5,228,Overcast,1,1,
14373,2021-12-12 18:00:00,40.857872,-73.93219,0,0,Driver Inattention/Distraction,4489055,13.0,3.4,0.5,0.5,0.0,1.0,53,32.4,62.6,284,Drizzle: Moderate,0,0,
14374,2021-12-21 17:30:00,40.700768,-73.990944,0,0,Failure to Yield Right-of-Way,4488664,5.7,-2.4,0.0,0.0,0.0,0.0,3,13.6,24.5,228,Overcast,0,0,
14375,2021-12-21 18:00:00,40.847416,-73.8448,0,0,Driver Inattention/Distraction,4488733,5.7,-2.4,0.0,0.0,0.0,0.0,3,13.6,24.5,228,Overcast,0,0,
14376,2021-12-21 18:26:00,40.821358,-73.889114,0,0,Unspecified,4488642,5.7,-2.4,0.0,0.0,0.0,0.0,3,13.6,24.5,228,Overcast,0,0,
14377,2021-12-21 13:30:00,40.799805,-73.92992,0,0,Unspecified,4488605,5.7,-2.4,0.0,0.0,0.0,0.0,3,13.6,24.5,228,Overcast,0,0,
14378,2021-12-15 16:30:00,40.895805,-73.89671,0,0,Failure to Yield Right-of-Way,4489201,10.3,1.8,1.0,1.0,0.0,6.0,51,20.6,38.2,104,Drizzle: Light,0,0,
14379,2021-05-11 08:35:00,40.65641,-73.90638,0,0,Unspecified,4415851,16.7,8.2,0.0,0.0,0.0,0.0,3,27.0,51.1,292,Overcast,0,0,
14380,2021-12-21 15:30:00,40.637745,-74.11082,0,0,Driver Inexperience,4488807,5.7,-2.4,0.0,0.0,0.0,0.0,3,13.6,24.5,228,Overcast,0,0,
14381,2021-12-21 21:15:00,40.648254,-73.971405,1,0,Unspecified,4488669,5.7,-2.4,0.0,0.0,0.0,0.0,3,13.6,24.5,228,Overcast,1,1,
14382,2021-12-21 17:35:00,40.82383,-73.87624,0,0,Unsafe Lane Changing,4488709,5.7,-2.4,0.0,0.0,0.0,0.0,3,13.6,24.5,228,Overcast,0,0,
14383,2021-12-18 03:30:00,40.67221,-73.734634,0,0,Unspecified,4489087,6.3,4.5,3.8,3.8,0.0,9.0,61,12.3,24.5,35,Rain: Light,0,0,
14384,2021-12-21 20:23:00,40.73736,-73.99685,0,0,Backing Unsafely,4488721,5.7,-2.4,0.0,0.0,0.0,0.0,3,13.6,24.5,228,Overcast,0,0,
14385,2021-12-18 15:07:00,40.83968,-73.929276,0,0,Unsafe Speed,4489091,6.3,4.5,3.8,3.8,0.0,9.0,61,12.3,24.5,35,Rain: Light,0,0,
14386,2021-12-21 05:03:00,40.66552,-73.74467,1,0,Oversized Vehicle,4488332,5.7,-2.4,0.0,0.0,0.0,0.0,3,13.6,24.5,228,Overcast,1,1,
14387,2021-12-17 23:00:00,40.698734,-73.82374,0,0,Unsafe Speed,4489231,13.9,6.1,0.0,0.0,0.0,0.0,3,21.5,37.1,265,Overcast,0,0,
14388,2021-12-18 15:26:00,40.832363,-73.85338,0,0,Unspecified,4489145,6.3,4.5,3.8,3.8,0.0,9.0,61,12.3,24.5,35,Rain: Light,0,0,
14389,2021-12-21 21:50:00,40.709896,-73.83941,0,0,Following Too Closely,4488621,5.7,-2.4,0.0,0.0,0.0,0.0,3,13.6,24.5,228,Overcast,0,0,
14390,2021-12-21 13:30:00,40.605328,-73.990295,0,0,Driver Inattention/Distraction,4488845,5.7,-2.4,0.0,0.0,0.0,0.0,3,13.6,24.5,228,Overcast,0,0,
14391,2021-12-21 19:00:00,40.78722,-73.96793,1,0,Failure to Yield Right-of-Way,4488528,5.7,-2.4,0.0,0.0,0.0,0.0,3,13.6,24.5,228,Overcast,1,1,
14392,2021-12-21 17:05:00,40.59359,-73.99613,0,0,Driver Inattention/Distraction,4488833,5.7,-2.4,0.0,0.0,0.0,0.0,3,13.6,24.5,228,Overcast,0,0,
14393,2021-12-10 18:07:00,40.887867,-73.83236,0,0,Turning Improperly,4489211,8.5,1.6,0.0,0.0,0.0,0.0,3,9.8,20.5,183,Overcast,0,0,
14394,2021-12-18 21:23:00,40.859325,-73.93132,1,0,Failure to Yield Right-of-Way,4489056,6.3,4.5,3.8,3.8,0.0,9.0,61,12.3,24.5,35,Rain: Light,1,1,
14395,2021-12-21 20:06:00,40.71738,-73.99131,1,0,Driver Inattention/Distraction,4488675,5.7,-2.4,0.0,0.0,0.0,0.0,3,13.6,24.5,228,Overcast,1,1,
14396,2021-12-21 14:15:00,40.67759,-73.74479,0,0,Unspecified,4488691,5.7,-2.4,0.0,0.0,0.0,0.0,3,13.6,24.5,228,Overcast,0,0,
14397,2021-12-16 12:02:00,40.667934,-73.77507,3,0,Unsafe Speed,4489019,14.6,9.9,0.0,0.0,0.0,0.0,3,22.4,38.5,222,Overcast,3,3,
14398,2021-12-21 08:40:00,40.690483,-73.93954,0,0,Fell Asleep,4488747,5.7,-2.4,0.0,0.0,0.0,0.0,3,13.6,24.5,228,Overcast,0,0,
14399,2021-12-21 16:20:00,40.613617,-74.01317,1,0,Driver Inattention/Distraction,4488554,5.7,-2.4,0.0,0.0,0.0,0.0,3,13.6,24.5,228,Overcast,1,1,
14400,2021-12-21 19:02:00,40.693893,-73.89862,0,0,Alcohol Involvement,4488589,5.7,-2.4,0.0,0.0,0.0,0.0,3,13.6,24.5,228,Overcast,0,0,
14401,2021-12-21 10:20:00,40.7406,-73.81025,0,0,Passing Too Closely,4488479,5.7,-2.4,0.0,0.0,0.0,0.0,3,13.6,24.5,228,Overcast,0,0,
14402,2021-12-21 23:03:00,40.679855,-73.976685,1,0,Alcohol Involvement,4488650,5.7,-2.4,0.0,0.0,0.0,0.0,3,13.6,24.5,228,Overcast,1,1,
14403,2021-12-17 09:15:00,40.71759,-73.94995,0,0,Failure to Yield Right-of-Way,4489224,13.9,6.1,0.0,0.0,0.0,0.0,3,21.5,37.1,265,Overcast,0,0,
14404,2021-12-21 15:01:00,40.75244,-73.950905,0,0,Driver Inattention/Distraction,4488556,5.7,-2.4,0.0,0.0,0.0,0.0,3,13.6,24.5,228,Overcast,0,0,
14405,2021-05-11 11:45:00,40.680798,-73.958405,0,0,Unspecified,4415870,16.7,8.2,0.0,0.0,0.0,0.0,3,27.0,51.1,292,Overcast,0,0,
14406,2021-12-21 23:10:00,40.80275,-73.93358,0,0,Driver Inexperience,4488606,5.7,-2.4,0.0,0.0,0.0,0.0,3,13.6,24.5,228,Overcast,0,0,
14407,2021-12-17 12:46:00,40.74885,-73.94711,0,0,Driver Inattention/Distraction,4489039,13.9,6.1,0.0,0.0,0.0,0.0,3,21.5,37.1,265,Overcast,0,0,
14408,2021-12-21 13:45:00,40.71231,-73.88954,0,0,Failure to Yield Right-of-Way,4488897,5.7,-2.4,0.0,0.0,0.0,0.0,3,13.6,24.5,228,Overcast,0,0,
14409,2021-12-21 07:30:00,40.601376,-73.94206,1,0,Drugs (illegal),4488957,5.7,-2.4,0.0,0.0,0.0,0.0,3,13.6,24.5,228,Overcast,1,1,
14410,2021-12-21 11:50:00,40.595566,-73.96645,0,0,Unspecified,4488458,5.7,-2.4,0.0,0.0,0.0,0.0,3,13.6,24.5,228,Overcast,0,0,
14411,2021-12-21 15:36:00,40.83872,-73.91378,1,0,Other Vehicular,4488701,5.7,-2.4,0.0,0.0,0.0,0.0,3,13.6,24.5,228,Overcast,1,1,
14412,2021-12-21 15:27:00,40.650772,-74.01519,0,0,Turning Improperly,4488520,5.7,-2.4,0.0,0.0,0.0,0.0,3,13.6,24.5,228,Overcast,0,0,
14413,2021-12-21 13:55:00,40.63013,-74.07675,0,0,Unspecified,4488806,5.7,-2.4,0.0,0.0,0.0,0.0,3,13.6,24.5,228,Overcast,0,0,
14414,2021-12-21 11:00:00,40.699326,-73.831566,0,0,Passing or Lane Usage Improper,4488392,5.7,-2.4,0.0,0.0,0.0,0.0,3,13.6,24.5,228,Overcast,0,0,
14415,2021-12-21 18:20:00,40.67912,-73.753975,0,0,Turning Improperly,4488611,5.7,-2.4,0.0,0.0,0.0,0.0,3,13.6,24.5,228,Overcast,0,0,
14416,2021-12-21 17:50:00,40.689228,-73.9847,1,0,Failure to Yield Right-of-Way,4488882,5.7,-2.4,0.0,0.0,0.0,0.0,3,13.6,24.5,228,Overcast,1,1,
14417,2021-12-21 15:29:00,40.62788,-73.93251,1,0,Failure to Yield Right-of-Way,4488743,5.7,-2.4,0.0,0.0,0.0,0.0,3,13.6,24.5,228,Overcast,1,1,
14418,2021-12-21 06:50:00,40.653454,-73.88466,0,0,Unspecified,4488540,5.7,-2.4,0.0,0.0,0.0,0.0,3,13.6,24.5,228,Overcast,0,0,
14419,2021-12-17 20:37:00,40.877815,-73.868126,0,0,Unspecified,4489193,13.9,6.1,0.0,0.0,0.0,0.0,3,21.5,37.1,265,Overcast,0,0,
14420,2021-12-19 23:45:00,40.736145,-73.92651,1,0,Failure to Yield Right-of-Way,4489106,7.1,-1.8,0.5,0.5,0.0,4.0,51,26.4,47.5,327,Drizzle: Light,1,1,
14421,2021-12-21 17:00:00,40.746075,-73.89003,1,0,Passing or Lane Usage Improper,4488657,5.7,-2.4,0.0,0.0,0.0,0.0,3,13.6,24.5,228,Overcast,1,1,
14422,2021-12-21 23:35:00,40.71256,-73.732994,0,0,Unspecified,4488633,5.7,-2.4,0.0,0.0,0.0,0.0,3,13.6,24.5,228,Overcast,0,0,
14423,2021-12-06 00:00:00,40.851257,-73.935196,0,0,View Obstructed/Limited,4489049,16.3,7.7,6.3,6.3,0.0,10.0,61,35.1,65.5,201,Rain: Light,0,0,
14424,2021-12-21 18:30:00,40.74975,-73.86383,0,0,Backing Unsafely,4488665,5.7,-2.4,0.0,0.0,0.0,0.0,3,13.6,24.5,228,Overcast,0,0,
14425,2021-12-21 15:10:00,40.760365,-73.97377,1,0,Other Vehicular,4488502,5.7,-2.4,0.0,0.0,0.0,0.0,3,13.6,24.5,228,Overcast,1,1,
14426,2021-12-17 12:06:00,40.73115,-73.95179,1,0,Driver Inattention/Distraction,4489217,13.9,6.1,0.0,0.0,0.0,0.0,3,21.5,37.1,265,Overcast,1,1,
14427,2021-12-21 12:25:00,40.729748,-73.779236,0,0,Driver Inattention/Distraction,4488815,5.7,-2.4,0.0,0.0,0.0,0.0,3,13.6,24.5,228,Overcast,0,0,
14428,2021-11-28 03:50:00,40.767735,-73.9185,0,0,Driver Inattention/Distraction,4488999,4.4,0.2,1.4,0.0,0.98,10.0,73,11.0,20.9,193,Snow fall: Moderate,0,0,Snowy Conditions
14429,2021-12-21 23:50:00,40.801914,-73.95348,0,0,Passing or Lane Usage Improper,4488679,5.7,-2.4,0.0,0.0,0.0,0.0,3,13.6,24.5,228,Overcast,0,0,
14430,2021-12-21 15:25:00,40.890945,-73.85992,0,0,Unspecified,4488868,5.7,-2.4,0.0,0.0,0.0,0.0,3,13.6,24.5,228,Overcast,0,0,