,CRASH DATETIME,LATITUDE,LONGITUDE,NUMBER OF PERSONS INJURED,NUMBER OF PERSONS KILLED,CONTRIBUTING FACTOR VEHICLE 1,COLLISION_ID,temperature_2m_max,temperature_2m_min,precipitation_sum,rain_sum,snowfall_sum,precipitation_hours,weather_code,wind_speed_10m_max,wind_gusts_10m_max,wind_direction_10m_dominant,Weather Description,Severity_Score,Total_Affected_Persons,Weather_Category
14431,2021-12-21 14:30:00,40.709522,-74.00167,0,0,Unspecified,4488729,5.7,-2.4,0.0,0.0,0.0,0.0,3,13.6,24.5,228,Overcast,0,0,
14432,2021-12-21 08:33:00,40.86877,-73.83174,1,0,Pedestrian/Bicyclist/Other Pedestrian Error/Confusion,4488489,5.7,-2.4,0.0,0.0,0.0,0.0,3,13.6,24.5,228,Overcast,1,1,
14433,2021-12-21 06:30:00,40.592697,-74.07182,0,0,Unspecified,4488376,5.7,-2.4,0.0,0.0,0.0,0.0,3,13.6,24.5,228,Overcast,0,0,
14434,2021-12-21 20:35:00,40.60877,-73.74997,0,0,Unspecified,4488684,5.7,-2.4,0.0,0.0,0.0,0.0,3,13.6,24.5,228,Overcast,0,0,
14435,2021-12-21 00:02:00,40.727833,-73.752914,2,0,Driver Inattention/Distraction,4488574,5.7,-2.4,0.0,0.0,0.0,0.0,3,13.6,24.5,228,Overcast,2,2,
14436,2021-12-18 15:51:00,40.819016,-73.84804,1,0,Failure to Yield Right-of-Way,4489117,6.3,4.5,3.8,3.8,0.0,9.0,61,12.3,24.5,35,Rain: Light,1,1,
14437,2021-12-21 21:00:00,40.631207,-73.90819,0,0,Driver Inexperience,4489159,5.7,-2.4,0.0,0.0,0.0,0.0,3,13.6,24.5,228,Overcast,0,0,
14438,2021-12-18 13:47:00,40.847794,-73.82183,1,0,Unspecified,4489054,6.3,4.5,3.8,3.8,0.0,9.0,61,12.3,24.5,35,Rain: Light,1,1,
14439,2021-12-21 09:00:00,40.716064,-73.939026,0,0,Unspecified,4488624,5.7,-2.4,0.0,0.0,0.0,0.0,3,13.6,24.5,228,Overcast,0,0,
14440,2021-12-19 20:20:00,40.611084,-73.99832,0,0,Tire Failure/Inadequate,4489068,7.1,-1.8,0.5,0.5,0.0,4.0,51,26.4,47.5,327,Drizzle: Light,0,0,
14441,2021-12-21 19:00:00,40.824184,-73.93723,0,0,Other Vehicular,4488780,5.7,-2.4,0.0,0.0,0.0,0.0,3,13.6,24.5,228,Overcast,0,0,
14442,2021-12-21 19:08:00,40.67484,-73.7529,1,0,Traffic Control Disregarded,4488529,5.7,-2.4,0.0,0.0,0.0,0.0,3,13.6,24.5,228,Overcast,1,1,
14443,2021-12-21 21:48:00,40.616352,-73.98245,0,0,Alcohol Involvement,4488853,5.7,-2.4,0.0,0.0,0.0,0.0,3,13.6,24.5,228,Overcast,0,0,
14444,2021-12-21 08:30:00,40.827927,-73.90094,0,0,Driver Inattention/Distraction,4489222,5.7,-2.4,0.0,0.0,0.0,0.0,3,13.6,24.5,228,Overcast,0,0,
14445,2021-12-21 15:50:00,40.683018,-73.95885,1,0,Failure to Yield Right-of-Way,4488748,5.7,-2.4,0.0,0.0,0.0,0.0,3,13.6,24.5,228,Overcast,1,1,
14446,2021-12-21 18:00:00,40.65477,-74.00708,0,0,Unspecified,4488519,5.7,-2.4,0.0,0.0,0.0,0.0,3,13.6,24.5,228,Overcast,0,0,
14447,2021-12-21 11:20:00,40.577995,-73.95964,1,0,Pedestrian/Bicyclist/Other Pedestrian Error/Confusion,4488559,5.7,-2.4,0.0,0.0,0.0,0.0,3,13.6,24.5,228,Overcast,1,1,
14448,2021-12-21 12:55:00,40.848927,-73.88816,0,0,Driver Inexperience,4489005,5.7,-2.4,0.0,0.0,0.0,0.0,3,13.6,24.5,228,Overcast,0,0,
14449,2021-12-18 06:30:00,40.752716,-73.86418,0,0,Driver Inattention/Distraction,4489058,6.3,4.5,3.8,3.8,0.0,9.0,61,12.3,24.5,35,Rain: Light,0,0,
14450,2021-12-21 11:59:00,40.721806,-74.00643,2,0,Failure to Yield Right-of-Way,4489135,5.7,-2.4,0.0,0.0,0.0,0.0,3,13.6,24.5,228,Overcast,2,2,
14451,2021-12-17 15:40:00,40.75898,-73.857086,0,0,Driver Inattention/Distraction,4489147,13.9,6.1,0.0,0.0,0.0,0.0,3,21.5,37.1,265,Overcast,0,0,
14452,2021-12-21 06:10:00,40.658443,-73.98929,0,0,Unspecified,4488338,5.7,-2.4,0.0,0.0,0.0,0.0,3,13.6,24.5,228,Overcast,0,0,
14453,2021-12-21 09:20:00,40.8439,-73.9117,0,0,Passing Too Closely,4488700,5.7,-2.4,0.0,0.0,0.0,0.0,3,13.6,24.5,228,Overcast,0,0,
14454,2021-09-17 23:30:00,40.82723,-73.824905,0,0,Unspecified,4460939,23.6,20.1,1.0,1.0,0.0,7.0,51,20.3,38.9,59,Drizzle: Light,0,0,
14455,2021-12-21 11:35:00,40.65474,-73.90693,1,0,Unspecified,4488723,5.7,-2.4,0.0,0.0,0.0,0.0,3,13.6,24.5,228,Overcast,1,1,
14456,2021-12-18 09:58:00,40.723774,-73.93754,1,0,Driver Inattention/Distraction,4489232,6.3,4.5,3.8,3.8,0.0,9.0,61,12.3,24.5,35,Rain: Light,1,1,
14457,2021-12-19 19:00:00,40.755516,-73.98363,0,0,Following Too Closely,4489028,7.1,-1.8,0.5,0.5,0.0,4.0,51,26.4,47.5,327,Drizzle: Light,0,0,
14458,2021-12-21 17:47:00,40.68143,-73.978935,0,0,Passing Too Closely,4488647,5.7,-2.4,0.0,0.0,0.0,0.0,3,13.6,24.5,228,Overcast,0,0,
14459,2021-12-21 08:00:00,40.661198,-73.92803,0,0,Unspecified,4488713,5.7,-2.4,0.0,0.0,0.0,0.0,3,13.6,24.5,228,Overcast,0,0,
14460,2021-12-21 16:24:00,40.629284,-74.02271,1,0,Driver Inattention/Distraction,4488553,5.7,-2.4,0.0,0.0,0.0,0.0,3,13.6,24.5,228,Overcast,1,1,
14461,2021-12-21 02:33:00,40.888325,-73.83444,1,0,Turning Improperly,4488457,5.7,-2.4,0.0,0.0,0.0,0.0,3,13.6,24.5,228,Overcast,1,1,
14462,2021-12-21 00:13:00,40.603424,-73.98869,0,0,Tire Failure/Inadequate,4488836,5.7,-2.4,0.0,0.0,0.0,0.0,3,13.6,24.5,228,Overcast,0,0,
14463,2021-11-26 01:02:00,40.82803,-73.934845,1,0,Driver Inattention/Distraction,4489043,7.6,1.6,8.4,8.4,0.0,11.0,61,28.7,53.6,279,Rain: Light,1,1,
14464,2021-12-21 22:22:00,40.71445,-73.90111,1,0,Unspecified,4488587,5.7,-2.4,0.0,0.0,0.0,0.0,3,13.6,24.5,228,Overcast,1,1,
14465,2021-12-21 09:20:00,40.74854,-73.97315,0,0,Passing or Lane Usage Improper,4488899,5.7,-2.4,0.0,0.0,0.0,0.0,3,13.6,24.5,228,Overcast,0,0,
14466,2021-12-21 18:15:00,40.6073,-73.919716,0,0,Unspecified,4488641,5.7,-2.4,0.0,0.0,0.0,0.0,3,13.6,24.5,228,Overcast,0,0,
14467,2021-12-21 08:36:00,40.72543,-73.99678,0,0,Pedestrian/Bicyclist/Other Pedestrian Error/Confusion,4488673,5.7,-2.4,0.0,0.0,0.0,0.0,3,13.6,24.5,228,Overcast,0,0,
14468,2021-12-17 00:00:00,40.759983,-73.964806,1,0,Other Vehicular,4489208,13.9,6.1,0.0,0.0,0.0,0.0,3,21.5,37.1,265,Overcast,1,1,
14469,2021-11-10 19:30:00,40.748802,-73.75655,0,0,Backing Unsafely,4489092,17.2,7.8,0.3,0.3,0.0,1.0,51,20.7,38.5,318,Drizzle: Light,0,0,
14470,2021-12-21 16:58:00,40.65104,-74.0111,0,0,Driver Inattention/Distraction,4488689,5.7,-2.4,0.0,0.0,0.0,0.0,3,13.6,24.5,228,Overcast,0,0,
14471,2021-12-21 19:21:00,40.74681,-73.89176,1,1,Unspecified,4488625,5.7,-2.4,0.0,0.0,0.0,0.0,3,13.6,24.5,228,Overcast,21,2,
14472,2021-12-17 21:15:00,40.60756,-73.984406,1,0,Unsafe Speed,4489069,13.9,6.1,0.0,0.0,0.0,0.0,3,21.5,37.1,265,Overcast,1,1,
14473,2021-12-15 23:33:00,40.656673,-73.76827,1,0,Driver Inattention/Distraction,4489085,10.3,1.8,1.0,1.0,0.0,6.0,51,20.6,38.2,104,Drizzle: Light,1,1,
14474,2021-12-13 16:43:00,40.647594,-73.97351,0,0,Unspecified,4489111,10.2,1.9,0.0,0.0,0.0,0.0,3,19.6,35.3,242,Overcast,0,0,
14475,2021-12-21 14:20:00,40.778416,-73.95301,1,0,Turning Improperly,4488660,5.7,-2.4,0.0,0.0,0.0,0.0,3,13.6,24.5,228,Overcast,1,1,
14476,2022-02-19 18:15:00,40.673973,-73.9857,2,0,Failure to Yield Right-of-Way,4504445,3.3,-5.5,0.4,0.0,0.28,4.0,71,35.3,64.4,260,Snow fall: Light,2,2,Snowy Conditions
14477,2022-02-19 15:15:00,40.561092,-74.16984,0,0,Driver Inattention/Distraction,4503976,3.3,-5.5,0.4,0.0,0.28,4.0,71,35.3,64.4,260,Snow fall: Light,0,0,Snowy Conditions
14478,2022-02-19 18:00:00,40.644974,-73.92099,0,0,Unspecified,4504026,3.3,-5.5,0.4,0.0,0.28,4.0,71,35.3,64.4,260,Snow fall: Light,0,0,Snowy Conditions
14479,2022-02-18 18:00:00,40.6508,-73.97568,0,0,Other Vehicular,4504538,15.6,-2.8,11.9,11.9,0.0,6.0,63,44.1,79.2,261,Rain: Moderate,0,0,
14480,2022-06-30 09:46:00,40.787117,-73.94793,0,0,Passing or Lane Usage Improper,4542180,31.2,17.3,0.0,0.0,0.0,0.0,2,19.1,37.4,274,Partly cloudy,0,0,
14481,2022-06-29 20:23:00,40.825695,-73.89913,1,0,Failure to Yield Right-of-Way,4542408,29.0,17.7,0.0,0.0,0.0,0.0,3,27.2,51.5,195,Overcast,1,1,
14482,2022-07-01 15:18:00,40.62615,-74.00494,1,0,Driver Inattention/Distraction,4542567,33.7,20.2,0.1,0.1,0.0,1.0,51,32.3,58.0,215,Drizzle: Light,1,1,
14483,2022-06-29 16:00:00,40.656197,-73.74646,0,0,Driver Inattention/Distraction,4541971,29.0,17.7,0.0,0.0,0.0,0.0,3,27.2,51.5,195,Overcast,0,0,
14484,2022-06-30 10:15:00,40.665024,-73.870575,0,0,Unspecified,4542435,31.2,17.3,0.0,0.0,0.0,0.0,2,19.1,37.4,274,Partly cloudy,0,0,
14485,2022-06-29 08:50:00,40.6794,-73.8586,0,0,Passing or Lane Usage Improper,4542005,29.0,17.7,0.0,0.0,0.0,0.0,3,27.2,51.5,195,Overcast,0,0,
14486,2022-06-13 04:10:00,40.714622,-73.829704,2,0,Driver Inexperience,4542380,27.7,17.8,6.8,6.8,0.0,9.0,63,12.1,32.0,254,Rain: Moderate,2,2,
14487,2022-06-29 12:10:00,40.742428,-73.72178,0,0,Driver Inattention/Distraction,4541867,29.0,17.7,0.0,0.0,0.0,0.0,3,27.2,51.5,195,Overcast,0,0,
14488,2022-06-30 01:45:00,40.877068,-73.83638,3,0,Aggressive Driving/Road Rage,4542303,31.2,17.3,0.0,0.0,0.0,0.0,2,19.1,37.4,274,Partly cloudy,3,3,
14489,2022-07-01 19:34:00,40.685226,-73.978294,1,0,Unspecified,4542615,33.7,20.2,0.1,0.1,0.0,1.0,51,32.3,58.0,215,Drizzle: Light,1,1,
14490,2022-06-29 14:15:00,40.61239,-74.13296,0,0,Driver Inattention/Distraction,4542208,29.0,17.7,0.0,0.0,0.0,0.0,3,27.2,51.5,195,Overcast,0,0,
14491,2022-06-30 21:33:00,40.69728,-73.987045,1,0,Unspecified,4543012,31.2,17.3,0.0,0.0,0.0,0.0,2,19.1,37.4,274,Partly cloudy,1,1,
14492,2022-06-30 21:41:00,40.796005,-73.93542,1,0,Unsafe Speed,4543055,31.2,17.3,0.0,0.0,0.0,0.0,2,19.1,37.4,274,Partly cloudy,1,1,
14493,2022-06-30 05:42:00,40.64359,-73.90471,1,0,Unspecified,4542239,31.2,17.3,0.0,0.0,0.0,0.0,2,19.1,37.4,274,Partly cloudy,1,1,
14494,2022-06-27 16:50:00,40.60547,-73.96074,2,0,Traffic Control Disregarded,4542740,26.2,19.8,11.7,11.7,0.0,9.0,63,20.5,43.2,224,Rain: Moderate,2,2,
14495,2022-07-01 16:12:00,40.65965,-73.773834,1,0,Unsafe Lane Changing,4542562,33.7,20.2,0.1,0.1,0.0,1.0,51,32.3,58.0,215,Drizzle: Light,1,1,
14496,2022-06-25 16:55:00,40.683933,-73.87119,0,0,Failure to Yield Right-of-Way,4542440,32.5,18.1,0.0,0.0,0.0,0.0,2,25.0,47.2,224,Partly cloudy,0,0,
14497,2022-06-30 17:00:00,40.72179,-73.99986,1,0,Driver Inattention/Distraction,4542495,31.2,17.3,0.0,0.0,0.0,0.0,2,19.1,37.4,274,Partly cloudy,1,1,
14498,2022-06-24 11:15:00,40.57397,-74.16992,0,0,Unspecified,4542803,26.7,14.6,1.0,1.0,0.0,6.0,51,19.2,37.4,204,Drizzle: Light,0,0,
14499,2022-06-30 17:54:00,40.898113,-73.85344,1,0,Driver Inattention/Distraction,4542298,31.2,17.3,0.0,0.0,0.0,0.0,2,19.1,37.4,274,Partly cloudy,1,1,
14500,2022-06-30 12:40:00,40.85071,-73.89408,1,0,View Obstructed/Limited,4542371,31.2,17.3,0.0,0.0,0.0,0.0,2,19.1,37.4,274,Partly cloudy,1,1,
14501,2022-07-01 22:15:00,40.66563,-73.76456,1,0,Alcohol Involvement,4542606,33.7,20.2,0.1,0.1,0.0,1.0,51,32.3,58.0,215,Drizzle: Light,1,1,
14502,2022-06-29 00:00:00,40.830067,-73.92915,0,0,Other Vehicular,4543163,29.0,17.7,0.0,0.0,0.0,0.0,3,27.2,51.5,195,Overcast,0,0,
14503,2022-03-23 07:00:00,40.849308,-73.93192,0,0,Unspecified,4515074,8.4,1.3,2.2,2.2,0.0,3.0,55,19.6,34.6,73,Drizzle: Dense,0,0,
14504,2022-06-29 09:58:00,40.677155,-73.86887,0,0,Unspecified,4542058,29.0,17.7,0.0,0.0,0.0,0.0,3,27.2,51.5,195,Overcast,0,0,
14505,2022-06-29 18:18:00,40.73807,-73.93756,1,0,Driver Inattention/Distraction,4542094,29.0,17.7,0.0,0.0,0.0,0.0,3,27.2,51.5,195,Overcast,1,1,
14506,2022-06-27 00:00:00,40.721058,-73.86753,0,0,Driver Inattention/Distraction,4542638,26.2,19.8,11.7,11.7,0.0,9.0,63,20.5,43.2,224,Rain: Moderate,0,0,
14507,2022-06-29 13:00:00,40.829163,-73.93727,0,0,Other Vehicular,4542467,29.0,17.7,0.0,0.0,0.0,0.0,3,27.2,51.5,195,Overcast,0,0,
14508,2022-06-12 09:30:00,40.882896,-73.920296,0,0,Oversized Vehicle,4542723,22.7,16.0,9.3,9.3,0.0,10.0,61,23.5,44.6,179,Rain: Light,0,0,
14509,2022-07-01 10:22:00,40.76789,-73.95835,0,0,Unsafe Speed,4543087,33.7,20.2,0.1,0.1,0.0,1.0,51,32.3,58.0,215,Drizzle: Light,0,0,
14510,2022-06-29 11:00:00,40.798615,-73.94375,1,0,Failure to Yield Right-of-Way,4542013,29.0,17.7,0.0,0.0,0.0,0.0,3,27.2,51.5,195,Overcast,1,1,
14511,2022-06-30 16:04:00,40.820328,-73.94191,0,0,Other Vehicular,4542472,31.2,17.3,0.0,0.0,0.0,0.0,2,19.1,37.4,274,Partly cloudy,0,0,
14512,2022-06-29 19:39:00,40.75665,-73.9319,0,0,Passing Too Closely,4543127,29.0,17.7,0.0,0.0,0.0,0.0,3,27.2,51.5,195,Overcast,0,0,
14513,2022-07-01 20:00:00,40.826656,-73.8739,0,0,Alcohol Involvement,4542599,33.7,20.2,0.1,0.1,0.0,1.0,51,32.3,58.0,215,Drizzle: Light,0,0,
14514,2022-06-30 13:00:00,40.72493,-73.99035,1,0,Driver Inattention/Distraction,4542774,31.2,17.3,0.0,0.0,0.0,0.0,2,19.1,37.4,274,Partly cloudy,1,1,
14515,2022-06-30 16:00:00,40.73068,-73.94923,0,0,Passing Too Closely,4543028,31.2,17.3,0.0,0.0,0.0,0.0,2,19.1,37.4,274,Partly cloudy,0,0,
14516,2022-06-29 07:00:00,40.81164,-73.903305,0,0,Unspecified,4542150,29.0,17.7,0.0,0.0,0.0,0.0,3,27.2,51.5,195,Overcast,0,0,
14517,2022-06-30 18:55:00,40.643684,-73.92954,0,0,Unspecified,4542516,31.2,17.3,0.0,0.0,0.0,0.0,2,19.1,37.4,274,Partly cloudy,0,0,
14518,2022-06-21 19:52:00,40.664494,-73.93431,1,0,Reaction to Uninvolved Vehicle,4542898,26.0,14.6,1.0,1.0,0.0,3.0,53,13.0,24.1,175,Drizzle: Moderate,1,1,
14519,2022-06-29 12:30:00,40.822697,-73.90937,0,0,Passing Too Closely,4542399,29.0,17.7,0.0,0.0,0.0,0.0,3,27.2,51.5,195,Overcast,0,0,
14520,2022-06-29 12:52:00,40.606815,-73.98426,0,0,Unspecified,4541978,29.0,17.7,0.0,0.0,0.0,0.0,3,27.2,51.5,195,Overcast,0,0,
14521,2022-07-01 16:35:00,40.684814,-73.98974,0,0,Backing Unsafely,4542822,33.7,20.2,0.1,0.1,0.0,1.0,51,32.3,58.0,215,Drizzle: Light,0,0,
14522,2022-06-30 15:00:00,40.664658,-73.9375,0,0,Unspecified,4542903,31.2,17.3,0.0,0.0,0.0,0.0,2,19.1,37.4,274,Partly cloudy,0,0,
14523,2022-06-30 15:50:00,40.730644,-73.97329,0,0,Unspecified,4542972,31.2,17.3,0.0,0.0,0.0,0.0,2,19.1,37.4,274,Partly cloudy,0,0,
14524,2022-06-29 23:54:00,40.814266,-73.912964,0,1,Traffic Control Disregarded,4542310,29.0,17.7,0.0,0.0,0.0,0.0,3,27.2,51.5,195,Overcast,20,1,
14525,2022-07-01 00:05:00,40.76151,-73.88361,0,0,Driver Inattention/Distraction,4542412,33.7,20.2,0.1,0.1,0.0,1.0,51,32.3,58.0,215,Drizzle: Light,0,0,
14526,2022-06-29 17:38:00,40.63029,-74.08891,0,0,Driver Inattention/Distraction,4542121,29.0,17.7,0.0,0.0,0.0,0.0,3,27.2,51.5,195,Overcast,0,0,
14527,2022-07-01 19:27:00,40.63556,-73.922844,0,0,Unspecified,4543037,33.7,20.2,0.1,0.1,0.0,1.0,51,32.3,58.0,215,Drizzle: Light,0,0,
14528,2022-07-01 13:50:00,40.691666,-73.76239,0,0,Passing or Lane Usage Improper,4542515,33.7,20.2,0.1,0.1,0.0,1.0,51,32.3,58.0,215,Drizzle: Light,0,0,
14529,2022-06-29 02:00:00,40.670547,-73.91982,0,0,Unspecified,4542022,29.0,17.7,0.0,0.0,0.0,0.0,3,27.2,51.5,195,Overcast,0,0,
14530,2022-03-06 08:30:00,40.68514,-73.8206,1,0,Traffic Control Disregarded,4507905,19.5,3.0,1.6,1.6,0.0,7.0,53,30.0,54.7,222,Drizzle: Moderate,1,1,
14531,2022-03-14 18:15:00,40.69268,-73.93998,0,0,Driver Inattention/Distraction,4510195,13.1,-2.4,0.0,0.0,0.0,0.0,3,21.0,36.4,226,Overcast,0,0,
14532,2022-03-29 17:25:00,40.54783,-74.13952,0,0,Driver Inattention/Distraction,4515168,3.3,-5.2,0.0,0.0,0.0,0.0,2,29.3,54.4,311,Partly cloudy,0,0,
14533,2022-03-29 19:30:00,40.81881,-73.92828,1,0,Following Too Closely,4515271,3.3,-5.2,0.0,0.0,0.0,0.0,2,29.3,54.4,311,Partly cloudy,1,1,
14534,2022-03-21 15:21:00,40.6228,-74.02836,0,0,Driver Inattention/Distraction,4515210,15.6,5.0,0.0,0.0,0.0,0.0,3,30.0,53.6,299,Overcast,0,0,
14535,2022-03-29 14:34:00,40.77202,-73.956024,0,0,Illnes,4515226,3.3,-5.2,0.0,0.0,0.0,0.0,2,29.3,54.4,311,Partly cloudy,0,0,
14536,2022-03-29 15:45:00,40.66845,-73.9212,0,0,Unspecified,4515185,3.3,-5.2,0.0,0.0,0.0,0.0,2,29.3,54.4,311,Partly cloudy,0,0,
14537,2022-03-15 14:55:00,40.73943,-73.88385,0,0,Passing Too Closely,4515257,15.8,3.2,0.0,0.0,0.0,0.0,3,21.5,36.4,211,Overcast,0,0,
14538,2022-03-23 12:15:00,40.66856,-73.75672,0,0,Following Too Closely,4515222,8.4,1.3,2.2,2.2,0.0,3.0,55,19.6,34.6,73,Drizzle: Dense,0,0,
14539,2022-04-24 23:40:00,40.58425,-73.9638,2,0,View Obstructed/Limited,4521653,15.8,7.0,0.0,0.0,0.0,0.0,3,21.7,43.2,114,Overcast,2,2,
14540,2022-04-24 03:06:00,40.68836,-73.8915,2,0,Unsafe Speed,4521506,15.8,7.0,0.0,0.0,0.0,0.0,3,21.7,43.2,114,Overcast,2,2,
14541,2022-04-24 15:40:00,40.73444,-74.00619,0,0,Driver Inexperience,4522355,15.8,7.0,0.0,0.0,0.0,0.0,3,21.7,43.2,114,Overcast,0,0,
14542,2022-04-24 08:40:00,0.0,0.0,1,0,Driver Inattention/Distraction,4521985,15.8,7.0,0.0,0.0,0.0,0.0,3,21.7,43.2,114,Overcast,1,1,
14543,2022-04-24 23:50:00,40.62781,-74.02334,0,0,Other Vehicular,4521753,15.8,7.0,0.0,0.0,0.0,0.0,3,21.7,43.2,114,Overcast,0,0,
14544,2022-04-20 12:35:00,40.823772,-73.87245,0,0,Following Too Closely,4522300,13.9,3.4,0.0,0.0,0.0,0.0,3,26.6,49.0,282,Overcast,0,0,
14545,2022-04-24 17:24:00,40.598343,-73.98172,1,0,Unspecified,4521628,15.8,7.0,0.0,0.0,0.0,0.0,3,21.7,43.2,114,Overcast,1,1,
14546,2022-04-24 22:27:00,40.696198,-73.98877,1,0,Driver Inattention/Distraction,4521664,15.8,7.0,0.0,0.0,0.0,0.0,3,21.7,43.2,114,Overcast,1,1,
14547,2022-04-24 14:45:00,0.0,0.0,1,0,Failure to Yield Right-of-Way,4522175,15.8,7.0,0.0,0.0,0.0,0.0,3,21.7,43.2,114,Overcast,1,1,
14548,2022-04-19 10:38:00,40.672768,-73.98672,1,0,Failure to Yield Right-of-Way,4522141,11.0,4.5,27.1,27.1,0.0,9.0,63,41.1,85.0,282,Rain: Moderate,1,1,
14549,2022-04-24 13:00:00,40.73873,-73.98496,0,0,Unspecified,4522146,15.8,7.0,0.0,0.0,0.0,0.0,3,21.7,43.2,114,Overcast,0,0,
14550,2022-04-24 10:50:00,0.0,0.0,0,0,Unspecified,4521501,15.8,7.0,0.0,0.0,0.0,0.0,3,21.7,43.2,114,Overcast,0,0,
14551,2022-04-24 18:40:00,0.0,0.0,0,0,Unspecified,4521857,15.8,7.0,0.0,0.0,0.0,0.0,3,21.7,43.2,114,Overcast,0,0,
14552,2022-04-24 03:00:00,40.659275,-73.889,0,0,Unspecified,4521544,15.8,7.0,0.0,0.0,0.0,0.0,3,21.7,43.2,114,Overcast,0,0,
14553,2022-04-24 00:09:00,40.8781,-73.85339,0,0,Alcohol Involvement,4522001,15.8,7.0,0.0,0.0,0.0,0.0,3,21.7,43.2,114,Overcast,0,0,
14554,2022-04-24 10:20:00,40.71614,-73.83357,0,0,Other Vehicular,4521465,15.8,7.0,0.0,0.0,0.0,0.0,3,21.7,43.2,114,Overcast,0,0,
14555,2022-04-14 16:59:00,40.828396,-73.945305,0,0,Driver Inattention/Distraction,4522138,28.1,13.9,0.2,0.2,0.0,2.0,51,25.9,46.1,249,Drizzle: Light,0,0,
14556,2022-03-29 16:16:00,40.61607,-73.914604,0,0,Alcohol Involvement,4514650,3.3,-5.2,0.0,0.0,0.0,0.0,2,29.3,54.4,311,Partly cloudy,0,0,
14557,2022-03-29 19:50:00,40.58926,-73.98189,2,0,Backing Unsafely,4514808,3.3,-5.2,0.0,0.0,0.0,0.0,2,29.3,54.4,311,Partly cloudy,2,2,
14558,2022-03-25 23:45:00,40.73555,-73.979355,0,0,Driver Inattention/Distraction,4515133,15.6,5.3,5.7,5.7,0.0,4.0,63,27.6,52.2,274,Rain: Moderate,0,0,
14559,2022-03-29 00:20:00,40.656593,-73.857635,0,0,Obstruction/Debris,4514345,3.3,-5.2,0.0,0.0,0.0,0.0,2,29.3,54.4,311,Partly cloudy,0,0,
14560,2022-03-29 16:10:00,40.72577,-73.95076,0,0,Passing Too Closely,4514683,3.3,-5.2,0.0,0.0,0.0,0.0,2,29.3,54.4,311,Partly cloudy,0,0,
14561,2022-03-18 15:39:00,40.846153,-73.932335,1,0,Driver Inattention/Distraction,4514968,20.8,7.4,0.0,0.0,0.0,0.0,3,16.0,31.7,181,Overcast,1,1,
14562,2022-03-29 08:40:00,40.82842,-73.86068,0,0,Unspecified,4514735,3.3,-5.2,0.0,0.0,0.0,0.0,2,29.3,54.4,311,Partly cloudy,0,0,
14563,2022-03-23 04:40:00,40.761738,-73.90573,0,0,Passing or Lane Usage Improper,4515088,8.4,1.3,2.2,2.2,0.0,3.0,55,19.6,34.6,73,Drizzle: Dense,0,0,
14564,2022-03-29 08:26:00,40.709652,-73.75417,0,0,Driver Inattention/Distraction,4514464,3.3,-5.2,0.0,0.0,0.0,0.0,2,29.3,54.4,311,Partly cloudy,0,0,
14565,2022-03-29 17:28:00,40.83866,-73.94224,0,0,Backing Unsafely,4514757,3.3,-5.2,0.0,0.0,0.0,0.0,2,29.3,54.4,311,Partly cloudy,0,0,
14566,2022-03-26 19:00:00,40.805267,-73.95336,0,0,Unspecified,4515055,10.1,4.9,6.1,5.8,0.21,8.0,71,21.6,41.0,251,Snow fall: Light,0,0,Snowy Conditions
14567,2022-03-29 07:40:00,40.807903,-73.92005,1,0,Failure to Yield Right-of-Way,4514485,3.3,-5.2,0.0,0.0,0.0,0.0,2,29.3,54.4,311,Partly cloudy,1,1,
14568,2022-03-29 05:44:00,40.721474,-73.98383,1,0,Driver Inattention/Distraction,4514616,3.3,-5.2,0.0,0.0,0.0,0.0,2,29.3,54.4,311,Partly cloudy,1,1,
14569,2022-03-29 18:30:00,40.83045,-73.86199,0,0,Unspecified,4514842,3.3,-5.2,0.0,0.0,0.0,0.0,2,29.3,54.4,311,Partly cloudy,0,0,
14570,2022-03-29 14:30:00,40.710857,-73.800255,1,0,Unspecified,4514886,3.3,-5.2,0.0,0.0,0.0,0.0,2,29.3,54.4,311,Partly cloudy,1,1,
14571,2022-03-29 00:00:00,40.586025,-73.8227,0,0,Unspecified,4514979,3.3,-5.2,0.0,0.0,0.0,0.0,2,29.3,54.4,311,Partly cloudy,0,0,
14572,2022-03-29 12:50:00,40.68524,-73.88002,1,0,Other Vehicular,4515004,3.3,-5.2,0.0,0.0,0.0,0.0,2,29.3,54.4,311,Partly cloudy,1,1,
14573,2022-03-29 05:25:00,40.64333,-73.95973,1,0,Unspecified,4514582,3.3,-5.2,0.0,0.0,0.0,0.0,2,29.3,54.4,311,Partly cloudy,1,1,
14574,2022-03-29 11:32:00,40.660664,-73.733635,2,0,Unspecified,4514532,3.3,-5.2,0.0,0.0,0.0,0.0,2,29.3,54.4,311,Partly cloudy,2,2,
14575,2022-03-29 13:49:00,40.700836,-73.99495,0,0,Following Too Closely,4514568,3.3,-5.2,0.0,0.0,0.0,0.0,2,29.3,54.4,311,Partly cloudy,0,0,
14576,2022-03-29 00:03:00,40.602192,-73.75523,0,0,Alcohol Involvement,4514533,3.3,-5.2,0.0,0.0,0.0,0.0,2,29.3,54.4,311,Partly cloudy,0,0,
14577,2022-03-29 16:38:00,40.752098,-73.94425,1,0,Unspecified,4514602,3.3,-5.2,0.0,0.0,0.0,0.0,2,29.3,54.4,311,Partly cloudy,1,1,
14578,2022-03-29 07:23:00,40.638966,-73.94251,0,0,Unspecified,4514501,3.3,-5.2,0.0,0.0,0.0,0.0,2,29.3,54.4,311,Partly cloudy,0,0,
14579,2022-03-29 10:30:00,40.663925,-73.89961,0,0,Unspecified,4515001,3.3,-5.2,0.0,0.0,0.0,0.0,2,29.3,54.4,311,Partly cloudy,0,0,