,CRASH DATETIME,LATITUDE,LONGITUDE,NUMBER OF PERSONS INJURED,NUMBER OF PERSONS KILLED,CONTRIBUTING FACTOR VEHICLE 1,COLLISION_ID,temperature_2m_max,temperature_2m_min,precipitation_sum,rain_sum,snowfall_sum,precipitation_hours,weather_code,wind_speed_10m_max,wind_gusts_10m_max,wind_direction_10m_dominant,Weather Description,Severity_Score,Total_Affected_Persons,Weather_Category
14580,2022-03-29 15:00:00,40.596474,-73.99228,0,0,Unspecified,4514722,3.3,-5.2,0.0,0.0,0.0,0.0,2,29.3,54.4,311,Partly cloudy,0,0,
14581,2022-04-24 07:55:00,40.647346,-74.007996,0,0,Driver Inexperience,4521606,15.8,7.0,0.0,0.0,0.0,0.0,3,21.7,43.2,114,Overcast,0,0,
14582,2022-03-29 15:34:00,40.84603,-73.93034,0,0,Backing Unsafely,4514765,3.3,-5.2,0.0,0.0,0.0,0.0,2,29.3,54.4,311,Partly cloudy,0,0,
14583,2022-03-27 22:50:00,40.66119,-73.933586,1,0,Driver Inattention/Distraction,4515034,7.5,-1.1,0.3,0.3,0.07,3.0,71,26.4,47.5,288,Snow fall: Light,1,1,Snowy Conditions
14584,2022-03-29 21:21:00,40.748512,-73.98872,0,0,Passing or Lane Usage Improper,4514910,3.3,-5.2,0.0,0.0,0.0,0.0,2,29.3,54.4,311,Partly cloudy,0,0,
14585,2022-03-27 01:34:00,40.67452,-73.878044,1,0,Drugs (illegal),4515015,7.5,-1.1,0.3,0.3,0.07,3.0,71,26.4,47.5,288,Snow fall: Light,1,1,Snowy Conditions
14586,2022-03-29 12:25:00,40.74202,-73.92656,1,0,Driver Inattention/Distraction,4514522,3.3,-5.2,0.0,0.0,0.0,0.0,2,29.3,54.4,311,Partly cloudy,1,1,
14587,2022-03-29 17:15:00,40.665257,-73.739555,3,0,Unsafe Lane Changing,4514595,3.3,-5.2,0.0,0.0,0.0,0.0,2,29.3,54.4,311,Partly cloudy,3,3,
14588,2022-03-29 06:25:00,40.843212,-73.83894,1,0,Driver Inattention/Distraction,4514694,3.3,-5.2,0.0,0.0,0.0,0.0,2,29.3,54.4,311,Partly cloudy,1,1,
14589,2022-03-29 18:32:00,40.70972,-73.80137,0,0,Unspecified,4514884,3.3,-5.2,0.0,0.0,0.0,0.0,2,29.3,54.4,311,Partly cloudy,0,0,
14590,2022-03-29 16:46:00,40.754986,-73.74535,1,0,Driver Inattention/Distraction,4515116,3.3,-5.2,0.0,0.0,0.0,0.0,2,29.3,54.4,311,Partly cloudy,1,1,
14591,2022-03-29 17:32:00,40.670734,-73.93373,0,0,Driver Inattention/Distraction,4514619,3.3,-5.2,0.0,0.0,0.0,0.0,2,29.3,54.4,311,Partly cloudy,0,0,
14592,2022-03-29 14:42:00,40.657516,-73.8931,0,0,Passing or Lane Usage Improper,4514541,3.3,-5.2,0.0,0.0,0.0,0.0,2,29.3,54.4,311,Partly cloudy,0,0,
14593,2022-03-23 02:00:00,40.762012,-73.911,0,0,Passing or Lane Usage Improper,4515084,8.4,1.3,2.2,2.2,0.0,3.0,55,19.6,34.6,73,Drizzle: Dense,0,0,
14594,2022-03-29 18:53:00,40.810993,-73.95429,0,0,Following Too Closely,4514943,3.3,-5.2,0.0,0.0,0.0,0.0,2,29.3,54.4,311,Partly cloudy,0,0,
14595,2022-03-28 05:00:00,40.75339,-73.87146,0,0,Unspecified,4514993,0.0,-5.2,0.3,0.0,0.21,3.0,71,31.3,59.0,303,Snow fall: Light,0,0,Snowy Conditions
14596,2022-03-14 11:18:00,40.86357,-73.92602,0,0,Driver Inattention/Distraction,4515073,13.1,-2.4,0.0,0.0,0.0,0.0,3,21.0,36.4,226,Overcast,0,0,
14597,2022-03-29 00:45:00,40.84228,-73.824554,2,0,Unsafe Speed,4514715,3.3,-5.2,0.0,0.0,0.0,0.0,2,29.3,54.4,311,Partly cloudy,2,2,
14598,2022-03-29 11:40:00,40.68405,-73.98157,0,0,Driver Inattention/Distraction,4515149,3.3,-5.2,0.0,0.0,0.0,0.0,2,29.3,54.4,311,Partly cloudy,0,0,
14599,2022-03-29 15:00:00,40.69714,-73.759895,0,0,Unsafe Speed,4514759,3.3,-5.2,0.0,0.0,0.0,0.0,2,29.3,54.4,311,Partly cloudy,0,0,
14600,2022-03-29 11:05:00,40.71604,-73.80504,2,0,Unspecified,4514674,3.3,-5.2,0.0,0.0,0.0,0.0,2,29.3,54.4,311,Partly cloudy,2,2,
14601,2022-03-29 00:00:00,40.758793,-73.91253,0,0,Unspecified,4514861,3.3,-5.2,0.0,0.0,0.0,0.0,2,29.3,54.4,311,Partly cloudy,0,0,
14602,2022-03-29 19:39:00,40.680317,-73.996895,1,0,Unspecified,4514624,3.3,-5.2,0.0,0.0,0.0,0.0,2,29.3,54.4,311,Partly cloudy,1,1,
14603,2022-03-29 19:56:00,40.669907,-73.97907,1,0,Driver Inattention/Distraction,4514791,3.3,-5.2,0.0,0.0,0.0,0.0,2,29.3,54.4,311,Partly cloudy,1,1,
14604,2022-03-29 16:20:00,40.762287,-73.972374,0,0,Other Vehicular,4514684,3.3,-5.2,0.0,0.0,0.0,0.0,2,29.3,54.4,311,Partly cloudy,0,0,
14605,2022-03-29 21:30:00,40.68087,-73.97515,3,0,Driver Inattention/Distraction,4514792,3.3,-5.2,0.0,0.0,0.0,0.0,2,29.3,54.4,311,Partly cloudy,3,3,
14606,2022-03-29 12:30:00,40.598415,-74.08239,0,0,Turning Improperly,4515160,3.3,-5.2,0.0,0.0,0.0,0.0,2,29.3,54.4,311,Partly cloudy,0,0,
14607,2022-03-29 02:48:00,40.67674,-73.843735,0,0,Passing or Lane Usage Improper,4514357,3.3,-5.2,0.0,0.0,0.0,0.0,2,29.3,54.4,311,Partly cloudy,0,0,
14608,2022-03-29 12:05:00,40.76521,-73.953896,0,0,Passing Too Closely,4514661,3.3,-5.2,0.0,0.0,0.0,0.0,2,29.3,54.4,311,Partly cloudy,0,0,
14609,2022-03-28 08:08:00,40.755997,-73.8634,1,0,Unspecified,4515061,0.0,-5.2,0.3,0.0,0.21,3.0,71,31.3,59.0,303,Snow fall: Light,1,1,Snowy Conditions
14610,2022-03-29 16:41:00,40.647255,-74.08046,1,0,Lost Consciousness,4515127,3.3,-5.2,0.0,0.0,0.0,0.0,2,29.3,54.4,311,Partly cloudy,1,1,
14611,2022-03-29 08:34:00,40.862717,-73.9023,1,0,Failure to Yield Right-of-Way,4514465,3.3,-5.2,0.0,0.0,0.0,0.0,2,29.3,54.4,311,Partly cloudy,1,1,
14612,2022-03-29 08:26:00,40.569706,-74.144394,1,0,Driver Inexperience,4515167,3.3,-5.2,0.0,0.0,0.0,0.0,2,29.3,54.4,311,Partly cloudy,1,1,
14613,2022-03-29 11:45:00,40.52809,-74.19204,0,0,Unspecified,4514622,3.3,-5.2,0.0,0.0,0.0,0.0,2,29.3,54.4,311,Partly cloudy,0,0,
14614,2022-03-29 19:17:00,40.692234,-73.8392,0,0,Passing Too Closely,4514745,3.3,-5.2,0.0,0.0,0.0,0.0,2,29.3,54.4,311,Partly cloudy,0,0,
14615,2022-03-29 23:45:00,40.734604,-73.864784,0,0,Passing Too Closely,4514676,3.3,-5.2,0.0,0.0,0.0,0.0,2,29.3,54.4,311,Partly cloudy,0,0,
14616,2022-03-26 05:50:00,40.80587,-73.95281,1,0,Pavement Defective,4515054,10.1,4.9,6.1,5.8,0.21,8.0,71,21.6,41.0,251,Snow fall: Light,1,1,Snowy Conditions
14617,2022-03-25 07:11:00,40.75372,-73.931885,1,0,Following Too Closely,4515091,15.6,5.3,5.7,5.7,0.0,4.0,63,27.6,52.2,274,Rain: Moderate,1,1,
14618,2022-03-29 14:38:00,40.70854,-73.927414,1,0,Driver Inattention/Distraction,4514709,3.3,-5.2,0.0,0.0,0.0,0.0,2,29.3,54.4,311,Partly cloudy,1,1,
14619,2022-03-29 00:10:00,40.691433,-73.89063,0,0,Reaction to Uninvolved Vehicle,4514540,3.3,-5.2,0.0,0.0,0.0,0.0,2,29.3,54.4,311,Partly cloudy,0,0,
14620,2022-03-29 11:26:00,40.637962,-74.01058,1,0,Unspecified,4514569,3.3,-5.2,0.0,0.0,0.0,0.0,2,29.3,54.4,311,Partly cloudy,1,1,
14621,2022-03-29 08:05:00,40.647243,-73.96048,0,0,Passing or Lane Usage Improper,4514928,3.3,-5.2,0.0,0.0,0.0,0.0,2,29.3,54.4,311,Partly cloudy,0,0,
14622,2022-03-29 16:45:00,40.6845,-73.81428,1,0,Unspecified,4514652,3.3,-5.2,0.0,0.0,0.0,0.0,2,29.3,54.4,311,Partly cloudy,1,1,
14623,2022-03-28 23:26:00,40.829628,-73.92118,0,0,Driver Inattention/Distraction,4515021,0.0,-5.2,0.3,0.0,0.21,3.0,71,31.3,59.0,303,Snow fall: Light,0,0,Snowy Conditions
14624,2022-03-29 12:30:00,40.69931,-73.83157,0,0,Passing Too Closely,4514523,3.3,-5.2,0.0,0.0,0.0,0.0,2,29.3,54.4,311,Partly cloudy,0,0,
14625,2022-03-29 18:00:00,40.71532,-73.99765,0,0,Unspecified,4514806,3.3,-5.2,0.0,0.0,0.0,0.0,2,29.3,54.4,311,Partly cloudy,0,0,
14626,2022-03-29 14:40:00,40.63406,-73.946815,1,0,,4514945,3.3,-5.2,0.0,0.0,0.0,0.0,2,29.3,54.4,311,Partly cloudy,1,1,
14627,2022-03-29 12:00:00,40.692856,-73.78531,0,0,Unspecified,4514550,3.3,-5.2,0.0,0.0,0.0,0.0,2,29.3,54.4,311,Partly cloudy,0,0,
14628,2022-03-29 15:00:00,40.710587,-73.95511,0,0,Passing Too Closely,4514691,3.3,-5.2,0.0,0.0,0.0,0.0,2,29.3,54.4,311,Partly cloudy,0,0,
14629,2022-03-29 15:00:00,40.895596,-73.85617,1,0,Failure to Yield Right-of-Way,4515118,3.3,-5.2,0.0,0.0,0.0,0.0,2,29.3,54.4,311,Partly cloudy,1,1,
14630,2022-02-24 19:35:00,40.66255,-73.90893,0,0,Unspecified,4515184,2.1,-1.8,0.0,0.0,0.0,0.0,3,23.3,41.0,13,Overcast,0,0,
14631,2022-03-29 07:20:00,40.840786,-73.9232,1,0,Driver Inattention/Distraction,4515036,3.3,-5.2,0.0,0.0,0.0,0.0,2,29.3,54.4,311,Partly cloudy,1,1,
14632,2022-03-29 18:34:00,40.756287,-73.860725,0,0,Driver Inattention/Distraction,4514631,3.3,-5.2,0.0,0.0,0.0,0.0,2,29.3,54.4,311,Partly cloudy,0,0,
14633,2022-03-29 15:30:00,40.647068,-73.993935,1,0,Unspecified,4514700,3.3,-5.2,0.0,0.0,0.0,0.0,2,29.3,54.4,311,Partly cloudy,1,1,
14634,2022-03-28 14:44:00,40.60719,-74.16243,1,0,Driver Inattention/Distraction,4515111,0.0,-5.2,0.3,0.0,0.21,3.0,71,31.3,59.0,303,Snow fall: Light,1,1,Snowy Conditions
14635,2022-04-24 22:27:00,0.0,0.0,1,0,Driver Inexperience,4522264,15.8,7.0,0.0,0.0,0.0,0.0,3,21.7,43.2,114,Overcast,1,1,
14636,2022-03-29 15:00:00,40.667557,-73.83726,0,0,Passing or Lane Usage Improper,4514908,3.3,-5.2,0.0,0.0,0.0,0.0,2,29.3,54.4,311,Partly cloudy,0,0,
14637,2022-03-29 08:39:00,40.822433,-73.85514,0,0,Unsafe Lane Changing,4514480,3.3,-5.2,0.0,0.0,0.0,0.0,2,29.3,54.4,311,Partly cloudy,0,0,
14638,2022-03-29 17:19:00,40.753036,-73.90013,0,0,Unspecified,4514603,3.3,-5.2,0.0,0.0,0.0,0.0,2,29.3,54.4,311,Partly cloudy,0,0,
14639,2022-03-18 02:20:00,40.692776,-73.95769,0,0,Traffic Control Disregarded,4514967,20.8,7.4,0.0,0.0,0.0,0.0,3,16.0,31.7,181,Overcast,0,0,
14640,2022-03-29 13:26:00,40.756207,-73.99136,1,0,Following Too Closely,4514828,3.3,-5.2,0.0,0.0,0.0,0.0,2,29.3,54.4,311,Partly cloudy,1,1,
14641,2022-03-29 14:25:00,40.84497,-73.90247,0,0,Passing or Lane Usage Improper,4514720,3.3,-5.2,0.0,0.0,0.0,0.0,2,29.3,54.4,311,Partly cloudy,0,0,
14642,2022-03-29 15:00:00,40.729736,-73.833725,2,0,Unsafe Speed,4515207,3.3,-5.2,0.0,0.0,0.0,0.0,2,29.3,54.4,311,Partly cloudy,2,2,
14643,2022-03-29 15:30:00,40.838573,-73.93332,1,0,Following Too Closely,4514763,3.3,-5.2,0.0,0.0,0.0,0.0,2,29.3,54.4,311,Partly cloudy,1,1,
14644,2022-03-23 01:09:00,40.872124,-73.8594,0,0,Obstruction/Debris,4515113,8.4,1.3,2.2,2.2,0.0,3.0,55,19.6,34.6,73,Drizzle: Dense,0,0,
14645,2022-03-29 14:45:00,40.77631,-73.96423,1,0,Failure to Yield Right-of-Way,4514664,3.3,-5.2,0.0,0.0,0.0,0.0,2,29.3,54.4,311,Partly cloudy,1,1,
14646,2022-03-29 19:00:00,40.843365,-73.91545,0,0,Reaction to Uninvolved Vehicle,4515022,3.3,-5.2,0.0,0.0,0.0,0.0,2,29.3,54.4,311,Partly cloudy,0,0,
14647,2022-03-29 20:44:00,40.88183,-73.87627,0,0,Unspecified,4514699,3.3,-5.2,0.0,0.0,0.0,0.0,2,29.3,54.4,311,Partly cloudy,0,0,
14648,2022-03-22 13:30:00,40.720833,-73.84661,0,0,Driver Inattention/Distraction,4514977,12.8,3.9,0.0,0.0,0.0,0.0,3,23.1,44.3,311,Overcast,0,0,
14649,2022-07-01 11:00:00,40.857723,-73.86955,0,0,Backing Unsafely,4542855,33.7,20.2,0.1,0.1,0.0,1.0,51,32.3,58.0,215,Drizzle: Light,0,0,
14650,2022-03-29 23:15:00,40.79706,-73.935844,0,0,Unspecified,4514778,3.3,-5.2,0.0,0.0,0.0,0.0,2,29.3,54.4,311,Partly cloudy,0,0,
14651,2022-03-29 14:54:00,40.718098,-74.004974,0,0,Unspecified,4514581,3.3,-5.2,0.0,0.0,0.0,0.0,2,29.3,54.4,311,Partly cloudy,0,0,
14652,2022-03-29 15:35:00,40.634678,-73.90609,0,0,Unspecified,4514793,3.3,-5.2,0.0,0.0,0.0,0.0,2,29.3,54.4,311,Partly cloudy,0,0,
14653,2022-03-29 09:40:00,40.6107,-73.9534,1,0,Unspecified,4514659,3.3,-5.2,0.0,0.0,0.0,0.0,2,29.3,54.4,311,Partly cloudy,1,1,
14654,2022-03-29 18:03:00,40.823826,-73.86163,1,0,Reaction to Uninvolved Vehicle,4514774,3.3,-5.2,0.0,0.0,0.0,0.0,2,29.3,54.4,311,Partly cloudy,1,1,
14655,2022-03-23 16:46:00,40.634758,-73.91247,0,0,Driver Inattention/Distraction,4515148,8.4,1.3,2.2,2.2,0.0,3.0,55,19.6,34.6,73,Drizzle: Dense,0,0,
14656,2022-03-29 16:10:00,40.71092,-73.95142,1,0,Driver Inattention/Distraction,4514714,3.3,-5.2,0.0,0.0,0.0,0.0,2,29.3,54.4,311,Partly cloudy,1,1,
14657,2022-03-29 07:35:00,40.56878,-74.10661,1,0,Driver Inexperience,4515162,3.3,-5.2,0.0,0.0,0.0,0.0,2,29.3,54.4,311,Partly cloudy,1,1,
14658,2022-03-29 03:45:00,40.807808,-73.92384,0,0,Failure to Yield Right-of-Way,4514407,3.3,-5.2,0.0,0.0,0.0,0.0,2,29.3,54.4,311,Partly cloudy,0,0,
14659,2021-12-02 23:30:00,40.75608,-73.8805,0,0,Unspecified,4515060,13.2,5.4,3.4,3.4,0.0,10.0,55,28.0,46.8,215,Drizzle: Dense,0,0,
14660,2022-03-22 14:00:00,40.64008,-73.98541,0,0,Unspecified,4514952,12.8,3.9,0.0,0.0,0.0,0.0,3,23.1,44.3,311,Overcast,0,0,
14661,2022-03-29 14:17:00,40.801487,-73.936554,0,0,Driver Inattention/Distraction,4514547,3.3,-5.2,0.0,0.0,0.0,0.0,2,29.3,54.4,311,Partly cloudy,0,0,
14662,2021-09-03 12:42:00,40.597733,-74.067406,0,0,Unspecified,4456518,21.9,14.0,0.0,0.0,0.0,0.0,3,14.5,30.2,321,Overcast,0,0,
14663,2021-09-10 15:30:00,40.73698,-73.89417,2,0,Brakes Defective,4456916,22.9,16.0,0.0,0.0,0.0,0.0,3,24.2,47.2,314,Overcast,2,2,
14664,2021-09-17 00:00:00,40.707554,-73.7503,1,0,Passing Too Closely,4458418,23.6,20.1,1.0,1.0,0.0,7.0,51,20.3,38.9,59,Drizzle: Light,1,1,
14665,2021-08-20 05:40:00,40.66475,-73.89405,1,0,Unspecified,4459285,26.9,22.0,1.1,1.1,0.0,5.0,53,12.4,22.0,310,Drizzle: Moderate,1,1,
14666,2021-09-12 13:30:00,40.612286,-73.92045,1,0,Driver Inattention/Distraction,4459826,28.8,18.3,0.0,0.0,0.0,0.0,3,24.3,46.8,233,Overcast,1,1,
14667,2021-09-19 20:35:00,40.787655,-73.977066,1,0,Failure to Yield Right-of-Way,4459962,23.6,16.8,0.0,0.0,0.0,0.0,2,17.6,35.6,0,Partly cloudy,1,1,
14668,2021-09-20 07:50:00,40.686996,-73.95685,2,0,Following Too Closely,4461493,23.1,14.9,0.0,0.0,0.0,0.0,3,17.0,34.2,116,Overcast,2,2,
14669,2021-09-18 00:37:00,40.745266,-73.85596,0,0,Passing or Lane Usage Improper,4461492,27.1,19.2,0.2,0.2,0.0,2.0,51,14.6,25.9,349,Drizzle: Light,0,0,
14670,2021-09-07 00:23:00,40.720623,-73.99498,0,0,Following Too Closely,4461491,25.9,15.2,0.0,0.0,0.0,0.0,1,12.5,25.6,259,Mainly clear,0,0,Sunny/Clear Conditions
14671,2021-09-21 17:00:00,40.693413,-73.940125,1,0,Driver Inattention/Distraction,4461504,23.1,16.4,0.0,0.0,0.0,0.0,3,14.2,29.5,108,Overcast,1,1,
14672,2021-09-10 22:59:00,40.69423,-73.94608,1,0,Driver Inattention/Distraction,4461490,22.9,16.0,0.0,0.0,0.0,0.0,3,24.2,47.2,314,Overcast,1,1,
14673,2021-09-11 13:57:00,40.679634,-73.94959,0,0,Following Too Closely,4461497,24.7,12.9,0.0,0.0,0.0,0.0,3,16.6,34.2,246,Overcast,0,0,
14674,2022-03-29 09:08:00,40.674232,-73.948494,0,0,Driver Inattention/Distraction,4514553,3.3,-5.2,0.0,0.0,0.0,0.0,2,29.3,54.4,311,Partly cloudy,0,0,
14675,2022-03-29 17:46:00,40.751953,-73.93938,1,0,Other Vehicular,4514862,3.3,-5.2,0.0,0.0,0.0,0.0,2,29.3,54.4,311,Partly cloudy,1,1,
14676,2022-03-29 06:00:00,40.745266,-73.85596,0,0,Unspecified,4515245,3.3,-5.2,0.0,0.0,0.0,0.0,2,29.3,54.4,311,Partly cloudy,0,0,
14677,2022-03-29 16:51:00,40.62016,-74.076965,0,0,Turning Improperly,4514591,3.3,-5.2,0.0,0.0,0.0,0.0,2,29.3,54.4,311,Partly cloudy,0,0,
14678,2022-03-29 08:32:00,40.64269,-73.95764,1,0,Unspecified,4514930,3.3,-5.2,0.0,0.0,0.0,0.0,2,29.3,54.4,311,Partly cloudy,1,1,
14679,2022-03-29 20:20:00,40.659817,-73.73047,1,0,Unspecified,4514627,3.3,-5.2,0.0,0.0,0.0,0.0,2,29.3,54.4,311,Partly cloudy,1,1,
14680,2022-03-29 15:20:00,40.67625,-73.88405,0,0,Unspecified,4514994,3.3,-5.2,0.0,0.0,0.0,0.0,2,29.3,54.4,311,Partly cloudy,0,0,
14681,2022-03-29 05:45:00,40.738598,-73.86804,0,0,Driver Inattention/Distraction,4514517,3.3,-5.2,0.0,0.0,0.0,0.0,2,29.3,54.4,311,Partly cloudy,0,0,
14682,2022-03-29 19:00:00,40.643127,-73.905426,1,0,Unspecified,4514868,3.3,-5.2,0.0,0.0,0.0,0.0,2,29.3,54.4,311,Partly cloudy,1,1,
14683,2021-12-11 14:20:00,40.755505,-73.96807,1,0,Pedestrian/Bicyclist/Other Pedestrian Error/Confusion,4485436,17.3,5.0,8.1,8.1,0.0,5.0,63,35.0,67.0,206,Rain: Moderate,1,1,
14684,2021-12-11 13:00:00,40.710213,-73.77152,0,0,Driver Inexperience,4485418,17.3,5.0,8.1,8.1,0.0,5.0,63,35.0,67.0,206,Rain: Moderate,0,0,
14685,2021-12-11 00:00:00,40.753624,-73.96944,1,0,Driver Inattention/Distraction,4485439,17.3,5.0,8.1,8.1,0.0,5.0,63,35.0,67.0,206,Rain: Moderate,1,1,
14686,2022-03-22 18:40:00,40.88661,-73.90704,0,0,Unspecified,4514989,12.8,3.9,0.0,0.0,0.0,0.0,3,23.1,44.3,311,Overcast,0,0,
14687,2022-03-26 15:45:00,40.84065,-73.91902,0,0,Other Vehicular,4515020,10.1,4.9,6.1,5.8,0.21,8.0,71,21.6,41.0,251,Snow fall: Light,0,0,Snowy Conditions
14688,2021-09-23 11:22:00,40.651733,-73.93039,0,0,Unspecified,4460750,26.2,18.0,15.6,15.6,0.0,14.0,63,40.7,77.4,156,Rain: Moderate,0,0,
14689,2021-09-23 10:24:00,40.740402,-73.80531,0,0,Backing Unsafely,4461245,26.2,18.0,15.6,15.6,0.0,14.0,63,40.7,77.4,156,Rain: Moderate,0,0,
14690,2021-09-22 15:12:00,40.6337,-73.96719,1,0,Unspecified,4459950,25.3,19.9,5.1,5.1,0.0,15.0,61,29.3,55.1,154,Rain: Light,1,1,
14691,2021-09-24 19:14:00,40.678596,-73.882416,3,0,Driver Inattention/Distraction,4461068,22.4,15.6,26.0,26.0,0.0,9.0,63,14.2,29.9,274,Rain: Moderate,3,3,
14692,2021-09-22 22:20:00,40.650642,-73.92161,0,0,Unspecified,4460727,25.3,19.9,5.1,5.1,0.0,15.0,61,29.3,55.1,154,Rain: Light,0,0,
14693,2021-09-23 08:57:00,40.86885,-73.907234,1,0,Passing or Lane Usage Improper,4460447,26.2,18.0,15.6,15.6,0.0,14.0,63,40.7,77.4,156,Rain: Moderate,1,1,
14694,2021-09-22 06:45:00,40.581814,-74.097725,1,0,Reaction to Uninvolved Vehicle,4460072,25.3,19.9,5.1,5.1,0.0,15.0,61,29.3,55.1,154,Rain: Light,1,1,
14695,2021-09-07 17:00:00,40.582634,-73.96,1,0,Unspecified,4461003,25.9,15.2,0.0,0.0,0.0,0.0,1,12.5,25.6,259,Mainly clear,1,1,Sunny/Clear Conditions
14696,2021-09-23 15:58:00,40.596184,-74.00053,1,0,Lost Consciousness,4460561,26.2,18.0,15.6,15.6,0.0,14.0,63,40.7,77.4,156,Rain: Moderate,1,1,
14697,2021-09-21 18:13:00,40.871246,-73.89284,0,0,Unsafe Speed,4460429,23.1,16.4,0.0,0.0,0.0,0.0,3,14.2,29.5,108,Overcast,0,0,
14698,2021-09-19 23:15:00,40.579975,-73.855255,1,0,Driver Inattention/Distraction,4461151,23.6,16.8,0.0,0.0,0.0,0.0,2,17.6,35.6,0,Partly cloudy,1,1,
14699,2021-09-24 18:12:00,40.733433,-73.86418,1,0,Unspecified,4461281,22.4,15.6,26.0,26.0,0.0,9.0,63,14.2,29.9,274,Rain: Moderate,1,1,
14700,2021-09-23 16:10:00,40.696823,-73.91487,0,0,Failure to Yield Right-of-Way,4460415,26.2,18.0,15.6,15.6,0.0,14.0,63,40.7,77.4,156,Rain: Moderate,0,0,
14701,2021-09-23 09:00:00,40.63764,-73.94336,0,0,Unspecified,4460725,26.2,18.0,15.6,15.6,0.0,14.0,63,40.7,77.4,156,Rain: Moderate,0,0,
14702,2021-09-21 17:40:00,40.67794,-73.96567,0,0,Driver Inattention/Distraction,4461250,23.1,16.4,0.0,0.0,0.0,0.0,3,14.2,29.5,108,Overcast,0,0,
14703,2021-09-17 12:41:00,40.767612,-73.950005,1,0,Following Too Closely,4460600,23.6,20.1,1.0,1.0,0.0,7.0,51,20.3,38.9,59,Drizzle: Light,1,1,
14704,2021-09-07 16:05:00,40.819336,-73.9137,1,0,Other Vehicular,4461451,25.9,15.2,0.0,0.0,0.0,0.0,1,12.5,25.6,259,Mainly clear,1,1,Sunny/Clear Conditions
14705,2021-09-04 20:25:00,40.703712,-73.913895,0,0,Alcohol Involvement,4460550,25.2,14.5,0.0,0.0,0.0,0.0,3,15.4,27.0,289,Overcast,0,0,
14706,2021-09-23 10:40:00,40.583534,-73.984184,0,0,Following Too Closely,4460232,26.2,18.0,15.6,15.6,0.0,14.0,63,40.7,77.4,156,Rain: Moderate,0,0,
14707,2021-09-21 16:09:00,0.0,0.0,2,0,Failure to Yield Right-of-Way,4461397,23.1,16.4,0.0,0.0,0.0,0.0,3,14.2,29.5,108,Overcast,2,2,
14708,2021-09-22 00:55:00,40.745632,-73.82931,1,0,Unspecified,4459596,25.3,19.9,5.1,5.1,0.0,15.0,61,29.3,55.1,154,Rain: Light,1,1,
14709,2021-09-16 20:09:00,40.729107,-73.83022,0,0,Driver Inattention/Distraction,4461030,23.9,19.1,4.0,4.0,0.0,10.0,55,18.8,37.8,38,Drizzle: Dense,0,0,
14710,2021-09-24 14:31:00,40.738472,-73.931984,0,0,Driver Inattention/Distraction,4460637,22.4,15.6,26.0,26.0,0.0,9.0,63,14.2,29.9,274,Rain: Moderate,0,0,
14711,2021-09-23 07:49:00,40.666122,-73.93139,1,0,Driver Inattention/Distraction,4460802,26.2,18.0,15.6,15.6,0.0,14.0,63,40.7,77.4,156,Rain: Moderate,1,1,
14712,2021-09-22 14:28:00,40.69193,-73.982475,0,0,Passing or Lane Usage Improper,4459986,25.3,19.9,5.1,5.1,0.0,15.0,61,29.3,55.1,154,Rain: Light,0,0,
14713,2021-09-24 14:43:00,40.674805,-73.9784,0,0,Driver Inattention/Distraction,4460563,22.4,15.6,26.0,26.0,0.0,9.0,63,14.2,29.9,274,Rain: Moderate,0,0,
14714,2021-09-18 15:30:00,40.689365,-73.9058,1,0,Unspecified,4460434,27.1,19.2,0.2,0.2,0.0,2.0,51,14.6,25.9,349,Drizzle: Light,1,1,
14715,2021-09-24 08:30:00,40.6659,-73.98475,0,0,Driver Inattention/Distraction,4460490,22.4,15.6,26.0,26.0,0.0,9.0,63,14.2,29.9,274,Rain: Moderate,0,0,
14716,2021-09-09 21:05:00,40.689392,-73.95592,0,0,Backing Unsafely,4461485,22.4,19.8,18.4,18.4,0.0,15.0,63,17.5,39.2,271,Rain: Moderate,0,0,
14717,2021-09-22 16:27:00,40.854263,-73.869385,1,0,Traffic Control Disregarded,4460132,25.3,19.9,5.1,5.1,0.0,15.0,61,29.3,55.1,154,Rain: Light,1,1,
14718,2022-03-29 12:15:00,40.74089,-73.92201,0,0,Backing Unsafely,4514525,3.3,-5.2,0.0,0.0,0.0,0.0,2,29.3,54.4,311,Partly cloudy,0,0,
14719,2021-09-24 01:45:00,40.78694,-73.77558,0,0,Alcohol Involvement,4460672,22.4,15.6,26.0,26.0,0.0,9.0,63,14.2,29.9,274,Rain: Moderate,0,0,
14720,2021-09-24 17:23:00,40.637756,-74.07682,1,0,Unspecified,4461005,22.4,15.6,26.0,26.0,0.0,9.0,63,14.2,29.9,274,Rain: Moderate,1,1,
14721,2021-09-22 23:19:00,40.73072,-73.98906,4,0,Failure to Yield Right-of-Way,4460025,25.3,19.9,5.1,5.1,0.0,15.0,61,29.3,55.1,154,Rain: Light,4,4,
14722,2021-09-23 22:10:00,40.770382,-73.95605,0,0,Unspecified,4460828,26.2,18.0,15.6,15.6,0.0,14.0,63,40.7,77.4,156,Rain: Moderate,0,0,
14723,2021-09-22 08:34:00,40.646175,-73.88953,0,0,Driver Inattention/Distraction,4460204,25.3,19.9,5.1,5.1,0.0,15.0,61,29.3,55.1,154,Rain: Light,0,0,
14724,2021-09-23 13:20:00,40.83942,-73.872925,0,0,Following Too Closely,4460329,26.2,18.0,15.6,15.6,0.0,14.0,63,40.7,77.4,156,Rain: Moderate,0,0,