,CRASH DATETIME,LATITUDE,LONGITUDE,NUMBER OF PERSONS INJURED,NUMBER OF PERSONS KILLED,CONTRIBUTING FACTOR VEHICLE 1,COLLISION_ID,temperature_2m_max,temperature_2m_min,precipitation_sum,rain_sum,snowfall_sum,precipitation_hours,weather_code,wind_speed_10m_max,wind_gusts_10m_max,wind_direction_10m_dominant,Weather Description,Severity_Score,Total_Affected_Persons,Weather_Category
14725,2021-09-23 13:00:00,40.679447,-73.815796,0,0,Backing Unsafely,4460371,26.2,18.0,15.6,15.6,0.0,14.0,63,40.7,77.4,156,Rain: Moderate,0,0,
14726,2021-09-14 08:00:00,40.809063,-73.951996,0,0,Unspecified,4460962,26.0,19.0,0.2,0.2,0.0,1.0,51,18.0,35.6,138,Drizzle: Light,0,0,
14727,2021-09-22 00:00:00,40.745922,-73.97011,2,0,Unsafe Speed,4459632,25.3,19.9,5.1,5.1,0.0,15.0,61,29.3,55.1,154,Rain: Light,2,2,
14728,2021-08-11 22:01:00,40.688744,-73.90875,0,0,Obstruction/Debris,4461210,31.2,23.2,2.8,2.8,0.0,7.0,55,23.7,44.6,206,Drizzle: Dense,0,0,
14729,2021-09-24 15:08:00,40.707294,-73.85064,0,0,Following Too Closely,4460531,22.4,15.6,26.0,26.0,0.0,9.0,63,14.2,29.9,274,Rain: Moderate,0,0,
14730,2021-09-22 00:25:00,40.748306,-73.87681,1,0,,4460034,25.3,19.9,5.1,5.1,0.0,15.0,61,29.3,55.1,154,Rain: Light,1,1,
14731,2021-09-23 12:07:00,40.71447,-73.87716,0,0,Unspecified,4460274,26.2,18.0,15.6,15.6,0.0,14.0,63,40.7,77.4,156,Rain: Moderate,0,0,
14732,2021-09-23 23:35:00,40.689583,-73.9974,0,0,Unspecified,4460461,26.2,18.0,15.6,15.6,0.0,14.0,63,40.7,77.4,156,Rain: Moderate,0,0,
14733,2021-09-02 05:35:00,40.691265,-73.9051,0,0,Pavement Slippery,4461219,24.5,15.0,24.6,24.6,0.0,5.0,65,43.0,83.5,344,Rain: Heavy,0,0,
14734,2021-09-22 07:43:00,40.596302,-73.93334,0,0,Driver Inattention/Distraction,4460522,25.3,19.9,5.1,5.1,0.0,15.0,61,29.3,55.1,154,Rain: Light,0,0,
14735,2021-09-24 23:10:00,40.763885,-73.84002,0,0,Unspecified,4460772,22.4,15.6,26.0,26.0,0.0,9.0,63,14.2,29.9,274,Rain: Moderate,0,0,
14736,2021-09-22 09:20:00,40.70541,-73.899826,0,0,Backing Unsafely,4460710,25.3,19.9,5.1,5.1,0.0,15.0,61,29.3,55.1,154,Rain: Light,0,0,
14737,2021-09-23 16:25:00,40.716816,-73.986244,1,0,Pedestrian/Bicyclist/Other Pedestrian Error/Confusion,4460321,26.2,18.0,15.6,15.6,0.0,14.0,63,40.7,77.4,156,Rain: Moderate,1,1,
14738,2021-09-24 15:00:00,40.8039,-73.92054,0,0,Driver Inattention/Distraction,4460819,22.4,15.6,26.0,26.0,0.0,9.0,63,14.2,29.9,274,Rain: Moderate,0,0,
14739,2021-09-23 11:00:00,40.773926,-73.913414,1,0,Lost Consciousness,4460184,26.2,18.0,15.6,15.6,0.0,14.0,63,40.7,77.4,156,Rain: Moderate,1,1,
14740,2021-09-23 21:35:00,40.72709,-73.87472,4,0,Alcohol Involvement,4460692,26.2,18.0,15.6,15.6,0.0,14.0,63,40.7,77.4,156,Rain: Moderate,4,4,
14741,2021-08-30 09:00:00,40.690144,-73.98408,0,0,Unspecified,4461185,28.7,21.7,3.9,3.9,0.0,7.0,63,14.7,33.8,231,Rain: Moderate,0,0,
14742,2021-09-22 07:45:00,40.682987,-73.75459,0,0,Unsafe Speed,4459686,25.3,19.9,5.1,5.1,0.0,15.0,61,29.3,55.1,154,Rain: Light,0,0,
14743,2021-09-23 17:12:00,40.60084,-73.93812,1,0,Traffic Control Disregarded,4460467,26.2,18.0,15.6,15.6,0.0,14.0,63,40.7,77.4,156,Rain: Moderate,1,1,
14744,2021-09-23 07:00:00,40.609043,-73.95643,0,0,Unspecified,4460466,26.2,18.0,15.6,15.6,0.0,14.0,63,40.7,77.4,156,Rain: Moderate,0,0,
14745,2021-09-22 09:06:00,40.690758,-73.99624,1,0,Driver Inattention/Distraction,4459919,25.3,19.9,5.1,5.1,0.0,15.0,61,29.3,55.1,154,Rain: Light,1,1,
14746,2021-09-22 14:22:00,40.646034,-73.90742,0,0,Unspecified,4460615,25.3,19.9,5.1,5.1,0.0,15.0,61,29.3,55.1,154,Rain: Light,0,0,
14747,2021-09-24 21:12:00,40.669476,-73.919975,1,0,Unspecified,4460632,22.4,15.6,26.0,26.0,0.0,9.0,63,14.2,29.9,274,Rain: Moderate,1,1,
14748,2021-09-22 05:06:00,40.718174,-73.99495,0,0,Driver Inattention/Distraction,4460081,25.3,19.9,5.1,5.1,0.0,15.0,61,29.3,55.1,154,Rain: Light,0,0,
14749,2021-09-24 14:00:00,40.79766,-73.94231,0,0,Following Too Closely,4460582,22.4,15.6,26.0,26.0,0.0,9.0,63,14.2,29.9,274,Rain: Moderate,0,0,
14750,2021-09-13 14:00:00,40.67101,-73.92239,0,0,Passing Too Closely,4461054,28.8,21.8,1.1,1.1,0.0,2.0,53,20.1,36.7,277,Drizzle: Moderate,0,0,
14751,2021-09-24 15:55:00,40.702152,-73.94438,1,0,Passing or Lane Usage Improper,4460885,22.4,15.6,26.0,26.0,0.0,9.0,63,14.2,29.9,274,Rain: Moderate,1,1,
14752,2021-09-23 19:45:00,40.752136,-74.00115,0,0,Following Too Closely,4460554,26.2,18.0,15.6,15.6,0.0,14.0,63,40.7,77.4,156,Rain: Moderate,0,0,
14753,2021-09-24 13:15:00,40.65727,-73.88104,0,0,Driver Inattention/Distraction,4461078,22.4,15.6,26.0,26.0,0.0,9.0,63,14.2,29.9,274,Rain: Moderate,0,0,
14754,2021-09-20 08:30:00,40.771515,-73.93128,0,0,Unspecified,4460861,23.1,14.9,0.0,0.0,0.0,0.0,3,17.0,34.2,116,Overcast,0,0,
14755,2021-09-23 14:45:00,40.613415,-74.07006,0,0,Driver Inattention/Distraction,4460976,26.2,18.0,15.6,15.6,0.0,14.0,63,40.7,77.4,156,Rain: Moderate,0,0,
14756,2021-09-24 00:00:00,40.644436,-73.89507,0,0,Failure to Yield Right-of-Way,4461403,22.4,15.6,26.0,26.0,0.0,9.0,63,14.2,29.9,274,Rain: Moderate,0,0,
14757,2021-09-23 20:30:00,40.688293,-73.83186,0,0,Driver Inexperience,4460422,26.2,18.0,15.6,15.6,0.0,14.0,63,40.7,77.4,156,Rain: Moderate,0,0,
14758,2021-09-24 21:00:00,40.616695,-74.00761,1,0,Failure to Yield Right-of-Way,4460620,22.4,15.6,26.0,26.0,0.0,9.0,63,14.2,29.9,274,Rain: Moderate,1,1,
14759,2021-09-23 02:35:00,40.69171,-73.864746,0,0,Following Too Closely,4460109,26.2,18.0,15.6,15.6,0.0,14.0,63,40.7,77.4,156,Rain: Moderate,0,0,
14760,2022-04-24 17:53:00,40.704002,-73.85593,0,0,Unspecified,4522471,15.8,7.0,0.0,0.0,0.0,0.0,3,21.7,43.2,114,Overcast,0,0,
14761,2021-09-23 18:50:00,40.784157,-73.98487,0,0,Driver Inattention/Distraction,4460808,26.2,18.0,15.6,15.6,0.0,14.0,63,40.7,77.4,156,Rain: Moderate,0,0,
14762,2021-09-21 15:05:00,40.68327,-73.88165,0,0,Driver Inattention/Distraction,4461119,23.1,16.4,0.0,0.0,0.0,0.0,3,14.2,29.5,108,Overcast,0,0,
14763,2021-09-22 15:22:00,40.799976,-73.94274,0,0,Turning Improperly,4460137,25.3,19.9,5.1,5.1,0.0,15.0,61,29.3,55.1,154,Rain: Light,0,0,
14764,2021-09-24 08:50:00,40.709633,-73.767815,0,0,Reaction to Uninvolved Vehicle,4460486,22.4,15.6,26.0,26.0,0.0,9.0,63,14.2,29.9,274,Rain: Moderate,0,0,
14765,2021-09-24 19:50:00,40.605568,-74.03118,0,0,Following Too Closely,4461258,22.4,15.6,26.0,26.0,0.0,9.0,63,14.2,29.9,274,Rain: Moderate,0,0,
14766,2021-09-22 22:50:00,40.854763,-73.90765,0,0,Other Vehicular,4460150,25.3,19.9,5.1,5.1,0.0,15.0,61,29.3,55.1,154,Rain: Light,0,0,
14767,2021-09-22 11:00:00,40.74822,-73.98892,0,0,Driver Inattention/Distraction,4459857,25.3,19.9,5.1,5.1,0.0,15.0,61,29.3,55.1,154,Rain: Light,0,0,
14768,2021-09-24 11:45:00,40.80435,-73.95732,0,0,Other Vehicular,4461035,22.4,15.6,26.0,26.0,0.0,9.0,63,14.2,29.9,274,Rain: Moderate,0,0,
14769,2021-09-24 18:05:00,40.723022,-73.99882,0,0,Driver Inattention/Distraction,4460873,22.4,15.6,26.0,26.0,0.0,9.0,63,14.2,29.9,274,Rain: Moderate,0,0,
14770,2021-09-24 23:45:00,40.89163,-73.85184,0,0,Unspecified,4461139,22.4,15.6,26.0,26.0,0.0,9.0,63,14.2,29.9,274,Rain: Moderate,0,0,
14771,2021-09-18 11:40:00,40.848736,-73.93234,1,0,Driver Inattention/Distraction,4460499,27.1,19.2,0.2,0.2,0.0,2.0,51,14.6,25.9,349,Drizzle: Light,1,1,
14772,2021-09-22 08:30:00,40.715958,-73.78555,0,0,Driver Inattention/Distraction,4459776,25.3,19.9,5.1,5.1,0.0,15.0,61,29.3,55.1,154,Rain: Light,0,0,
14773,2021-09-22 11:00:00,40.851078,-73.84862,1,0,Failure to Yield Right-of-Way,4461476,25.3,19.9,5.1,5.1,0.0,15.0,61,29.3,55.1,154,Rain: Light,1,1,
14774,2021-09-13 21:43:00,40.677715,-73.93587,2,0,Driver Inattention/Distraction,4461230,28.8,21.8,1.1,1.1,0.0,2.0,53,20.1,36.7,277,Drizzle: Moderate,2,2,
14775,2021-09-23 16:10:00,40.642254,-73.92742,0,0,Driver Inattention/Distraction,4460347,26.2,18.0,15.6,15.6,0.0,14.0,63,40.7,77.4,156,Rain: Moderate,0,0,
14776,2021-09-23 14:40:00,40.830845,-73.947235,1,0,Unspecified,4460363,26.2,18.0,15.6,15.6,0.0,14.0,63,40.7,77.4,156,Rain: Moderate,1,1,
14777,2021-09-22 23:28:00,40.644825,-73.99628,1,0,Unspecified,4460395,25.3,19.9,5.1,5.1,0.0,15.0,61,29.3,55.1,154,Rain: Light,1,1,
14778,2021-09-24 12:00:00,40.825954,-73.94337,0,0,Passing Too Closely,4460647,22.4,15.6,26.0,26.0,0.0,9.0,63,14.2,29.9,274,Rain: Moderate,0,0,
14779,2021-09-22 08:30:00,40.765266,-73.81517,0,0,Turning Improperly,4459844,25.3,19.9,5.1,5.1,0.0,15.0,61,29.3,55.1,154,Rain: Light,0,0,
14780,2021-09-22 07:00:00,40.609364,-73.93195,0,0,Backing Unsafely,4459777,25.3,19.9,5.1,5.1,0.0,15.0,61,29.3,55.1,154,Rain: Light,0,0,
14781,2021-09-24 20:30:00,40.64779,-73.94536,0,0,Driver Inattention/Distraction,4460759,22.4,15.6,26.0,26.0,0.0,9.0,63,14.2,29.9,274,Rain: Moderate,0,0,
14782,2021-09-23 14:55:00,40.744194,-73.97133,3,0,Driver Inattention/Distraction,4460290,26.2,18.0,15.6,15.6,0.0,14.0,63,40.7,77.4,156,Rain: Moderate,3,3,
14783,2021-09-22 08:00:00,40.76217,-73.7568,0,0,Following Too Closely,4459715,25.3,19.9,5.1,5.1,0.0,15.0,61,29.3,55.1,154,Rain: Light,0,0,
14784,2021-09-24 18:30:00,40.608154,-74.13211,1,0,Driver Inattention/Distraction,4460652,22.4,15.6,26.0,26.0,0.0,9.0,63,14.2,29.9,274,Rain: Moderate,1,1,
14785,2021-09-22 22:40:00,40.75976,-73.977905,1,0,Passing or Lane Usage Improper,4460149,25.3,19.9,5.1,5.1,0.0,15.0,61,29.3,55.1,154,Rain: Light,1,1,
14786,2021-09-24 22:07:00,40.712704,-73.95233,0,0,Passing or Lane Usage Improper,4460896,22.4,15.6,26.0,26.0,0.0,9.0,63,14.2,29.9,274,Rain: Moderate,0,0,
14787,2021-09-10 07:46:00,40.68609,-73.93867,0,0,Passing Too Closely,4461039,22.9,16.0,0.0,0.0,0.0,0.0,3,24.2,47.2,314,Overcast,0,0,
14788,2021-09-23 05:00:00,40.73797,-73.873505,0,0,Passing Too Closely,4460454,26.2,18.0,15.6,15.6,0.0,14.0,63,40.7,77.4,156,Rain: Moderate,0,0,
14789,2021-09-23 06:53:00,40.746887,-73.8347,1,0,Traffic Control Disregarded,4460586,26.2,18.0,15.6,15.6,0.0,14.0,63,40.7,77.4,156,Rain: Moderate,1,1,
14790,2021-09-22 22:15:00,40.815468,-73.905334,1,0,Failure to Yield Right-of-Way,4460015,25.3,19.9,5.1,5.1,0.0,15.0,61,29.3,55.1,154,Rain: Light,1,1,
14791,2021-09-23 07:39:00,40.834522,-73.88314,0,0,Fell Asleep,4460677,26.2,18.0,15.6,15.6,0.0,14.0,63,40.7,77.4,156,Rain: Moderate,0,0,
14792,2021-09-23 13:16:00,40.73831,-73.98775,0,0,Driver Inattention/Distraction,4460716,26.2,18.0,15.6,15.6,0.0,14.0,63,40.7,77.4,156,Rain: Moderate,0,0,
14793,2021-05-13 11:35:00,40.79423,-73.94695,0,0,Unspecified,4416342,19.1,7.2,0.0,0.0,0.0,0.0,1,15.8,27.4,315,Mainly clear,0,0,Sunny/Clear Conditions
14794,2021-09-22 20:28:00,40.832607,-73.85752,2,0,Unspecified,4461134,25.3,19.9,5.1,5.1,0.0,15.0,61,29.3,55.1,154,Rain: Light,2,2,
14795,2021-09-17 22:24:00,40.667713,-73.77792,0,0,Following Too Closely,4461314,23.6,20.1,1.0,1.0,0.0,7.0,51,20.3,38.9,59,Drizzle: Light,0,0,
14796,2021-09-24 19:54:00,40.71745,-73.99914,0,0,Unsafe Lane Changing,4460865,22.4,15.6,26.0,26.0,0.0,9.0,63,14.2,29.9,274,Rain: Moderate,0,0,
14797,2021-09-13 01:45:00,40.84487,-73.92068,0,0,Unsafe Lane Changing,4460982,28.8,21.8,1.1,1.1,0.0,2.0,53,20.1,36.7,277,Drizzle: Moderate,0,0,
14798,2021-09-20 11:20:00,40.672516,-73.93356,0,0,Driver Inattention/Distraction,4461059,23.1,14.9,0.0,0.0,0.0,0.0,3,17.0,34.2,116,Overcast,0,0,
14799,2021-09-22 15:57:00,40.85071,-73.89408,0,0,Driver Inattention/Distraction,4460047,25.3,19.9,5.1,5.1,0.0,15.0,61,29.3,55.1,154,Rain: Light,0,0,
14800,2021-09-23 09:28:00,40.844917,-73.926384,0,0,View Obstructed/Limited,4460426,26.2,18.0,15.6,15.6,0.0,14.0,63,40.7,77.4,156,Rain: Moderate,0,0,
14801,2021-09-17 22:35:00,40.833588,-73.91498,0,0,Following Too Closely,4461386,23.6,20.1,1.0,1.0,0.0,7.0,51,20.3,38.9,59,Drizzle: Light,0,0,
14802,2021-09-24 05:14:00,40.62014,-73.92119,0,0,Driver Inattention/Distraction,4460439,22.4,15.6,26.0,26.0,0.0,9.0,63,14.2,29.9,274,Rain: Moderate,0,0,
14803,2021-09-22 12:20:00,40.76705,-73.88841,1,0,View Obstructed/Limited,4460174,25.3,19.9,5.1,5.1,0.0,15.0,61,29.3,55.1,154,Rain: Light,1,1,
14804,2021-09-17 18:40:00,40.603645,-74.077324,0,0,Driver Inattention/Distraction,4461409,23.6,20.1,1.0,1.0,0.0,7.0,51,20.3,38.9,59,Drizzle: Light,0,0,
14805,2021-09-24 19:52:00,40.788948,-73.94057,1,0,Traffic Control Disregarded,4460624,22.4,15.6,26.0,26.0,0.0,9.0,63,14.2,29.9,274,Rain: Moderate,1,1,
14806,2021-09-22 11:49:00,40.674,-73.982285,1,0,Failure to Yield Right-of-Way,4460115,25.3,19.9,5.1,5.1,0.0,15.0,61,29.3,55.1,154,Rain: Light,1,1,
14807,2021-09-24 12:45:00,40.660656,-73.885796,0,0,Driver Inattention/Distraction,4461088,22.4,15.6,26.0,26.0,0.0,9.0,63,14.2,29.9,274,Rain: Moderate,0,0,
14808,2021-09-21 20:59:00,40.636383,-73.914276,1,0,Unspecified,4461267,23.1,16.4,0.0,0.0,0.0,0.0,3,14.2,29.5,108,Overcast,1,1,
14809,2021-09-24 20:20:00,40.735237,-73.89139,1,0,Unsafe Speed,4460641,22.4,15.6,26.0,26.0,0.0,9.0,63,14.2,29.9,274,Rain: Moderate,1,1,
14810,2021-09-24 10:00:00,40.655094,-73.92589,0,0,Unspecified,4460739,22.4,15.6,26.0,26.0,0.0,9.0,63,14.2,29.9,274,Rain: Moderate,0,0,
14811,2021-09-19 00:00:00,40.581184,-73.825096,0,0,Unspecified,4461167,23.6,16.8,0.0,0.0,0.0,0.0,2,17.6,35.6,0,Partly cloudy,0,0,
14812,2021-09-22 14:30:00,40.763954,-73.98425,0,0,Driver Inexperience,4460161,25.3,19.9,5.1,5.1,0.0,15.0,61,29.3,55.1,154,Rain: Light,0,0,
14813,2021-09-22 10:15:00,40.783157,-73.78544,0,0,Failure to Yield Right-of-Way,4459758,25.3,19.9,5.1,5.1,0.0,15.0,61,29.3,55.1,154,Rain: Light,0,0,
14814,2021-09-24 07:48:00,40.73579,-73.98537,1,0,Driver Inexperience,4461204,22.4,15.6,26.0,26.0,0.0,9.0,63,14.2,29.9,274,Rain: Moderate,1,1,
14815,2021-09-22 08:30:00,40.708256,-73.78144,0,0,Unsafe Lane Changing,4459875,25.3,19.9,5.1,5.1,0.0,15.0,61,29.3,55.1,154,Rain: Light,0,0,
14816,2021-08-07 13:15:00,40.678154,-73.94416,0,0,Passing Too Closely,4461467,29.7,19.9,0.0,0.0,0.0,0.0,3,24.2,45.0,198,Overcast,0,0,
14817,2021-09-22 00:00:00,40.74088,-73.737015,0,0,Unspecified,4459992,25.3,19.9,5.1,5.1,0.0,15.0,61,29.3,55.1,154,Rain: Light,0,0,
14818,2021-09-24 13:45:00,40.702454,-73.874466,0,0,Failure to Yield Right-of-Way,4460701,22.4,15.6,26.0,26.0,0.0,9.0,63,14.2,29.9,274,Rain: Moderate,0,0,
14819,2021-09-23 10:00:00,40.716644,-73.99582,0,0,Driver Inattention/Distraction,4460343,26.2,18.0,15.6,15.6,0.0,14.0,63,40.7,77.4,156,Rain: Moderate,0,0,
14820,2021-09-19 22:00:00,40.728416,-73.943085,0,0,Unspecified,4461018,23.6,16.8,0.0,0.0,0.0,0.0,2,17.6,35.6,0,Partly cloudy,0,0,
14821,2021-09-01 23:00:00,40.676743,-73.93316,0,0,Unspecified,4461224,23.2,18.4,121.7,121.7,0.0,18.0,65,43.2,78.5,42,Rain: Heavy,0,0,
14822,2021-09-21 09:04:00,40.853504,-73.93955,0,0,Passing Too Closely,4460498,23.1,16.4,0.0,0.0,0.0,0.0,3,14.2,29.5,108,Overcast,0,0,
14823,2021-09-23 14:20:00,40.84054,-73.87058,1,0,Driver Inexperience,4460406,26.2,18.0,15.6,15.6,0.0,14.0,63,40.7,77.4,156,Rain: Moderate,1,1,
14824,2021-09-22 15:30:00,40.67834,-73.883316,0,0,Turning Improperly,4460225,25.3,19.9,5.1,5.1,0.0,15.0,61,29.3,55.1,154,Rain: Light,0,0,
14825,2021-09-23 08:30:00,40.66366,-73.90146,0,0,Unspecified,4460349,26.2,18.0,15.6,15.6,0.0,14.0,63,40.7,77.4,156,Rain: Moderate,0,0,
14826,2021-09-24 12:26:00,40.6229,-73.91762,0,0,Driver Inexperience,4460530,22.4,15.6,26.0,26.0,0.0,9.0,63,14.2,29.9,274,Rain: Moderate,0,0,
14827,2021-09-23 00:40:00,40.684856,-73.97805,0,0,Passing or Lane Usage Improper,4460388,26.2,18.0,15.6,15.6,0.0,14.0,63,40.7,77.4,156,Rain: Moderate,0,0,
14828,2021-09-22 17:30:00,40.77058,-73.84303,0,0,Other Vehicular,4459969,25.3,19.9,5.1,5.1,0.0,15.0,61,29.3,55.1,154,Rain: Light,0,0,
14829,2021-09-23 14:22:00,40.713306,-73.95835,1,0,Failure to Yield Right-of-Way,4460308,26.2,18.0,15.6,15.6,0.0,14.0,63,40.7,77.4,156,Rain: Moderate,1,1,
14830,2021-09-22 09:30:00,40.742874,-73.933945,0,0,Driver Inattention/Distraction,4459803,25.3,19.9,5.1,5.1,0.0,15.0,61,29.3,55.1,154,Rain: Light,0,0,
14831,2021-09-23 09:00:00,40.58038,-73.967606,0,0,Driver Inattention/Distraction,4460201,26.2,18.0,15.6,15.6,0.0,14.0,63,40.7,77.4,156,Rain: Moderate,0,0,
14832,2022-03-29 13:41:00,40.688026,-73.85641,1,0,Failure to Yield Right-of-Way,4514586,3.3,-5.2,0.0,0.0,0.0,0.0,2,29.3,54.4,311,Partly cloudy,1,1,
14833,2021-09-24 14:10:00,40.587246,-73.94912,0,0,Failure to Yield Right-of-Way,4461357,22.4,15.6,26.0,26.0,0.0,9.0,63,14.2,29.9,274,Rain: Moderate,0,0,
14834,2021-09-21 14:24:00,40.767223,-73.7685,0,0,Unspecified,4460574,23.1,16.4,0.0,0.0,0.0,0.0,3,14.2,29.5,108,Overcast,0,0,
14835,2021-09-23 05:15:00,40.65431,-74.004425,0,0,Failure to Yield Right-of-Way,4460125,26.2,18.0,15.6,15.6,0.0,14.0,63,40.7,77.4,156,Rain: Moderate,0,0,
14836,2021-09-24 09:00:00,40.629143,-74.07957,0,0,Unspecified,4460994,22.4,15.6,26.0,26.0,0.0,9.0,63,14.2,29.9,274,Rain: Moderate,0,0,
14837,2021-09-22 20:00:00,40.694363,-73.958,1,0,Traffic Control Disregarded,4461045,25.3,19.9,5.1,5.1,0.0,15.0,61,29.3,55.1,154,Rain: Light,1,1,
14838,2021-09-22 08:00:00,40.67819,-73.80144,0,0,Unspecified,4460143,25.3,19.9,5.1,5.1,0.0,15.0,61,29.3,55.1,154,Rain: Light,0,0,
14839,2021-09-24 21:24:00,40.686443,-73.768295,2,0,Following Too Closely,4460681,22.4,15.6,26.0,26.0,0.0,9.0,63,14.2,29.9,274,Rain: Moderate,2,2,
14840,2021-09-21 16:37:00,40.85908,-73.898186,1,0,Driver Inattention/Distraction,4460525,23.1,16.4,0.0,0.0,0.0,0.0,3,14.2,29.5,108,Overcast,1,1,
14841,2021-09-24 06:04:00,40.723083,-73.72817,1,0,Driver Inattention/Distraction,4460396,22.4,15.6,26.0,26.0,0.0,9.0,63,14.2,29.9,274,Rain: Moderate,1,1,
14842,2021-09-22 17:30:00,40.732887,-73.87443,0,0,Traffic Control Disregarded,4460458,25.3,19.9,5.1,5.1,0.0,15.0,61,29.3,55.1,154,Rain: Light,0,0,
14843,2021-09-24 06:25:00,40.7366,-73.98185,1,0,,4460720,22.4,15.6,26.0,26.0,0.0,9.0,63,14.2,29.9,274,Rain: Moderate,1,1,
14844,2021-09-22 16:50:00,40.66768,-73.896,1,0,,4460196,25.3,19.9,5.1,5.1,0.0,15.0,61,29.3,55.1,154,Rain: Light,1,1,
14845,2021-09-23 14:17:00,40.65558,-73.76629,1,0,Driver Inattention/Distraction,4460285,26.2,18.0,15.6,15.6,0.0,14.0,63,40.7,77.4,156,Rain: Moderate,1,1,
14846,2021-09-23 14:30:00,40.752472,-73.87818,0,0,Unspecified,4460567,26.2,18.0,15.6,15.6,0.0,14.0,63,40.7,77.4,156,Rain: Moderate,0,0,
14847,2021-09-23 19:35:00,40.89487,-73.85657,0,0,Driver Inexperience,4461127,26.2,18.0,15.6,15.6,0.0,14.0,63,40.7,77.4,156,Rain: Moderate,0,0,
14848,2021-09-22 21:14:00,40.6157,-73.94478,1,0,Unspecified,4460011,25.3,19.9,5.1,5.1,0.0,15.0,61,29.3,55.1,154,Rain: Light,1,1,
14849,2021-09-23 14:54:00,40.658577,-73.89063,0,0,Unspecified,4460240,26.2,18.0,15.6,15.6,0.0,14.0,63,40.7,77.4,156,Rain: Moderate,0,0,
14850,2021-09-21 08:40:00,0.0,0.0,1,0,Driver Inattention/Distraction,4460596,23.1,16.4,0.0,0.0,0.0,0.0,3,14.2,29.5,108,Overcast,1,1,
14851,2021-09-24 22:23:00,40.638138,-73.889275,0,0,Unspecified,4460656,22.4,15.6,26.0,26.0,0.0,9.0,63,14.2,29.9,274,Rain: Moderate,0,0,
14852,2021-09-24 13:45:00,40.67949,-73.87927,0,0,Failure to Yield Right-of-Way,4461064,22.4,15.6,26.0,26.0,0.0,9.0,63,14.2,29.9,274,Rain: Moderate,0,0,
14853,2021-09-23 06:00:00,40.833813,-73.86275,0,0,Unspecified,4460435,26.2,18.0,15.6,15.6,0.0,14.0,63,40.7,77.4,156,Rain: Moderate,0,0,
14854,2021-09-20 11:00:00,40.81899,-73.8867,0,0,Passing Too Closely,4461464,23.1,14.9,0.0,0.0,0.0,0.0,3,17.0,34.2,116,Overcast,0,0,
14855,2021-09-23 14:09:00,40.67594,-73.94715,0,0,Steering Failure,4461100,26.2,18.0,15.6,15.6,0.0,14.0,63,40.7,77.4,156,Rain: Moderate,0,0,
14856,2021-09-18 18:45:00,40.67582,-73.930466,1,0,Driver Inattention/Distraction,4461273,27.1,19.2,0.2,0.2,0.0,2.0,51,14.6,25.9,349,Drizzle: Light,1,1,
14857,2021-09-24 12:45:00,40.682003,-73.9687,0,0,Unspecified,4460562,22.4,15.6,26.0,26.0,0.0,9.0,63,14.2,29.9,274,Rain: Moderate,0,0,
14858,2021-09-23 11:30:00,40.70806,-73.907104,0,0,Passing or Lane Usage Improper,4460697,26.2,18.0,15.6,15.6,0.0,14.0,63,40.7,77.4,156,Rain: Moderate,0,0,
14859,2021-09-21 19:30:00,40.756767,-73.98272,1,0,Driver Inattention/Distraction,4461013,23.1,16.4,0.0,0.0,0.0,0.0,3,14.2,29.5,108,Overcast,1,1,
14860,2021-09-22 07:00:00,40.73695,-74.00779,0,0,Driver Inattention/Distraction,4460093,25.3,19.9,5.1,5.1,0.0,15.0,61,29.3,55.1,154,Rain: Light,0,0,
14861,2021-09-23 19:40:00,40.75127,-73.85904,2,0,Pedestrian/Bicyclist/Other Pedestrian Error/Confusion,4460479,26.2,18.0,15.6,15.6,0.0,14.0,63,40.7,77.4,156,Rain: Moderate,2,2,
14862,2021-09-24 20:38:00,40.77882,-73.953995,1,0,Driver Inattention/Distraction,4460832,22.4,15.6,26.0,26.0,0.0,9.0,63,14.2,29.9,274,Rain: Moderate,1,1,
14863,2021-09-23 21:58:00,40.69593,-73.96548,1,0,Failure to Yield Right-of-Way,4460336,26.2,18.0,15.6,15.6,0.0,14.0,63,40.7,77.4,156,Rain: Moderate,1,1,
14864,2021-09-22 16:00:00,40.805576,-73.93623,0,0,Passing or Lane Usage Improper,4459926,25.3,19.9,5.1,5.1,0.0,15.0,61,29.3,55.1,154,Rain: Light,0,0,
14865,2021-09-22 19:10:00,40.756992,-73.72966,1,0,Driver Inattention/Distraction,4460735,25.3,19.9,5.1,5.1,0.0,15.0,61,29.3,55.1,154,Rain: Light,1,1,
14866,2021-09-24 22:00:00,40.701103,-73.92239,1,0,Unspecified,4461218,22.4,15.6,26.0,26.0,0.0,9.0,63,14.2,29.9,274,Rain: Moderate,1,1,
14867,2021-09-24 16:00:00,40.586185,-73.98328,0,0,Unspecified,4460944,22.4,15.6,26.0,26.0,0.0,9.0,63,14.2,29.9,274,Rain: Moderate,0,0,
14868,2021-09-22 08:55:00,40.800827,-73.937935,0,0,Backing Unsafely,4460208,25.3,19.9,5.1,5.1,0.0,15.0,61,29.3,55.1,154,Rain: Light,0,0,