,CRASH DATETIME,LATITUDE,LONGITUDE,NUMBER OF PERSONS INJURED,NUMBER OF PERSONS KILLED,CONTRIBUTING FACTOR VEHICLE 1,COLLISION_ID,temperature_2m_max,temperature_2m_min,precipitation_sum,rain_sum,snowfall_sum,precipitation_hours,weather_code,wind_speed_10m_max,wind_gusts_10m_max,wind_direction_10m_dominant,Weather Description,Severity_Score,Total_Affected_Persons,Weather_Category
14869,2021-09-23 16:16:00,40.625595,-73.9576,1,0,Unspecified,4460354,26.2,18.0,15.6,15.6,0.0,14.0,63,40.7,77.4,156,Rain: Moderate,1,1,
14870,2021-09-24 15:05:00,40.82293,-73.94184,0,0,Backing Unsafely,4461430,22.4,15.6,26.0,26.0,0.0,9.0,63,14.2,29.9,274,Rain: Moderate,0,0,
14871,2021-09-20 15:28:00,40.74102,-73.97862,0,0,Unspecified,4461197,23.1,14.9,0.0,0.0,0.0,0.0,3,17.0,34.2,116,Overcast,0,0,
14872,2021-09-24 08:20:00,40.58584,-73.93788,0,0,Pavement Slippery,4460535,22.4,15.6,26.0,26.0,0.0,9.0,63,14.2,29.9,274,Rain: Moderate,0,0,
14873,2021-09-16 13:58:00,40.72639,-73.991806,0,0,Unspecified,4461025,23.9,19.1,4.0,4.0,0.0,10.0,55,18.8,37.8,38,Drizzle: Dense,0,0,
14874,2021-09-20 14:00:00,40.769318,-73.8666,1,0,Unspecified,4460478,23.1,14.9,0.0,0.0,0.0,0.0,3,17.0,34.2,116,Overcast,1,1,
14875,2021-09-22 16:00:00,40.751,-73.94881,0,0,Driver Inattention/Distraction,4459988,25.3,19.9,5.1,5.1,0.0,15.0,61,29.3,55.1,154,Rain: Light,0,0,
14876,2021-09-22 17:42:00,40.677032,-73.824684,0,0,Following Too Closely,4460063,25.3,19.9,5.1,5.1,0.0,15.0,61,29.3,55.1,154,Rain: Light,0,0,
14877,2021-09-24 19:30:00,40.69554,-73.91261,1,0,Driverless/Runaway Vehicle,4460781,22.4,15.6,26.0,26.0,0.0,9.0,63,14.2,29.9,274,Rain: Moderate,1,1,
14878,2021-09-21 14:15:00,40.5595,-74.1667,1,0,Accelerator Defective,4460493,23.1,16.4,0.0,0.0,0.0,0.0,3,14.2,29.5,108,Overcast,1,1,
14879,2021-09-22 15:50:00,40.59663,-73.754196,0,0,Passing Too Closely,4460026,25.3,19.9,5.1,5.1,0.0,15.0,61,29.3,55.1,154,Rain: Light,0,0,
14880,2021-09-23 08:00:00,40.823257,-73.94293,0,0,Other Vehicular,4460248,26.2,18.0,15.6,15.6,0.0,14.0,63,40.7,77.4,156,Rain: Moderate,0,0,
14881,2021-09-22 13:00:00,40.69453,-73.82588,0,0,Unspecified,4460510,25.3,19.9,5.1,5.1,0.0,15.0,61,29.3,55.1,154,Rain: Light,0,0,
14882,2021-09-22 00:29:00,40.641586,-73.92548,1,0,Unspecified,4459599,25.3,19.9,5.1,5.1,0.0,15.0,61,29.3,55.1,154,Rain: Light,1,1,
14883,2021-09-22 10:30:00,40.757034,-73.87133,2,0,Driver Inattention/Distraction,4460313,25.3,19.9,5.1,5.1,0.0,15.0,61,29.3,55.1,154,Rain: Light,2,2,
14884,2021-09-23 18:54:00,40.8612,-73.93497,0,0,Unsafe Speed,4461161,26.2,18.0,15.6,15.6,0.0,14.0,63,40.7,77.4,156,Rain: Moderate,0,0,
14885,2021-09-24 10:22:00,40.6791,-73.9874,1,0,Driver Inattention/Distraction,4460589,22.4,15.6,26.0,26.0,0.0,9.0,63,14.2,29.9,274,Rain: Moderate,1,1,
14886,2021-09-23 17:05:00,40.590046,-73.99302,0,0,Unsafe Lane Changing,4460609,26.2,18.0,15.6,15.6,0.0,14.0,63,40.7,77.4,156,Rain: Moderate,0,0,
14887,2021-09-23 16:45:00,40.816067,-73.91765,1,0,Pedestrian/Bicyclist/Other Pedestrian Error/Confusion,4460377,26.2,18.0,15.6,15.6,0.0,14.0,63,40.7,77.4,156,Rain: Moderate,1,1,
14888,2021-09-22 07:39:00,40.6505,-73.94375,4,0,Illnes,4459959,25.3,19.9,5.1,5.1,0.0,15.0,61,29.3,55.1,154,Rain: Light,4,4,
14889,2021-09-22 23:20:00,40.729736,-73.833725,2,0,Unsafe Lane Changing,4460188,25.3,19.9,5.1,5.1,0.0,15.0,61,29.3,55.1,154,Rain: Light,2,2,
14890,2021-09-23 16:30:00,40.67891,-73.86037,0,0,Passing or Lane Usage Improper,4460370,26.2,18.0,15.6,15.6,0.0,14.0,63,40.7,77.4,156,Rain: Moderate,0,0,
14891,2021-09-23 08:20:00,40.63174,-73.96793,0,0,Backing Unsafely,4460353,26.2,18.0,15.6,15.6,0.0,14.0,63,40.7,77.4,156,Rain: Moderate,0,0,
14892,2021-09-22 15:40:00,40.68686,-73.87772,0,0,Unspecified,4460231,25.3,19.9,5.1,5.1,0.0,15.0,61,29.3,55.1,154,Rain: Light,0,0,
14893,2021-09-24 20:25:00,40.7099,-73.786736,0,0,Driver Inattention/Distraction,4461335,22.4,15.6,26.0,26.0,0.0,9.0,63,14.2,29.9,274,Rain: Moderate,0,0,
14894,2021-09-22 15:58:00,40.85607,-73.930405,0,0,Aggressive Driving/Road Rage,4459925,25.3,19.9,5.1,5.1,0.0,15.0,61,29.3,55.1,154,Rain: Light,0,0,
14895,2021-04-10 14:50:00,40.76503,-73.98483,1,0,Unspecified,4460462,17.0,7.7,1.2,1.2,0.0,3.0,53,14.4,31.7,166,Drizzle: Moderate,1,1,
14896,2021-09-23 03:58:00,40.692707,-73.972755,0,0,Unsafe Speed,4460030,26.2,18.0,15.6,15.6,0.0,14.0,63,40.7,77.4,156,Rain: Moderate,0,0,
14897,2021-09-24 14:50:00,40.817795,-73.89319,0,0,Unspecified,4461398,22.4,15.6,26.0,26.0,0.0,9.0,63,14.2,29.9,274,Rain: Moderate,0,0,
14898,2021-09-24 08:30:00,40.68017,-73.748436,1,0,Failure to Yield Right-of-Way,4460521,22.4,15.6,26.0,26.0,0.0,9.0,63,14.2,29.9,274,Rain: Moderate,1,1,
14899,2021-09-20 07:50:00,40.815975,-73.91102,0,0,Unspecified,4460820,23.1,14.9,0.0,0.0,0.0,0.0,3,17.0,34.2,116,Overcast,0,0,
14900,2021-09-23 18:00:00,40.68031,-73.96793,0,0,Passing Too Closely,4460322,26.2,18.0,15.6,15.6,0.0,14.0,63,40.7,77.4,156,Rain: Moderate,0,0,
14901,2021-09-24 15:43:00,40.685375,-73.77968,0,0,Passing Too Closely,4460611,22.4,15.6,26.0,26.0,0.0,9.0,63,14.2,29.9,274,Rain: Moderate,0,0,
14902,2021-09-23 12:30:00,40.61107,-74.00131,0,0,Failure to Yield Right-of-Way,4460628,26.2,18.0,15.6,15.6,0.0,14.0,63,40.7,77.4,156,Rain: Moderate,0,0,
14903,2021-09-23 09:23:00,40.685112,-73.94717,0,0,Driver Inattention/Distraction,4461050,26.2,18.0,15.6,15.6,0.0,14.0,63,40.7,77.4,156,Rain: Moderate,0,0,
14904,2021-09-22 06:02:00,40.77132,-73.84655,1,0,Lane Marking Improper/Inadequate,4459981,25.3,19.9,5.1,5.1,0.0,15.0,61,29.3,55.1,154,Rain: Light,1,1,
14905,2021-09-23 10:25:00,40.760662,-73.93879,0,0,Unspecified,4460183,26.2,18.0,15.6,15.6,0.0,14.0,63,40.7,77.4,156,Rain: Moderate,0,0,
14906,2021-09-20 17:45:00,40.655983,-73.897575,0,0,Unspecified,4461069,23.1,14.9,0.0,0.0,0.0,0.0,3,17.0,34.2,116,Overcast,0,0,
14907,2021-09-23 10:05:00,40.74729,-73.86496,0,0,Failure to Yield Right-of-Way,4460463,26.2,18.0,15.6,15.6,0.0,14.0,63,40.7,77.4,156,Rain: Moderate,0,0,
14908,2021-09-23 10:00:00,40.67918,-74.01424,0,0,Unspecified,4460207,26.2,18.0,15.6,15.6,0.0,14.0,63,40.7,77.4,156,Rain: Moderate,0,0,
14909,2021-09-23 15:22:00,40.65021,-74.01577,3,0,Driver Inattention/Distraction,4460448,26.2,18.0,15.6,15.6,0.0,14.0,63,40.7,77.4,156,Rain: Moderate,3,3,
14910,2021-09-24 19:24:00,40.698,-73.97479,0,0,Passing or Lane Usage Improper,4460616,22.4,15.6,26.0,26.0,0.0,9.0,63,14.2,29.9,274,Rain: Moderate,0,0,
14911,2021-09-22 15:40:00,40.710995,-73.78741,0,0,Backing Unsafely,4460007,25.3,19.9,5.1,5.1,0.0,15.0,61,29.3,55.1,154,Rain: Light,0,0,
14912,2021-09-24 19:52:00,40.71875,-74.001,0,0,Driver Inattention/Distraction,4460880,22.4,15.6,26.0,26.0,0.0,9.0,63,14.2,29.9,274,Rain: Moderate,0,0,
14913,2021-09-14 20:00:00,40.670662,-73.94765,0,0,Unspecified,4461055,26.0,19.0,0.2,0.2,0.0,1.0,51,18.0,35.6,138,Drizzle: Light,0,0,
14914,2021-09-24 16:50:00,40.82154,-73.94287,0,0,Other Vehicular,4461431,22.4,15.6,26.0,26.0,0.0,9.0,63,14.2,29.9,274,Rain: Moderate,0,0,
14915,2021-09-23 11:42:00,40.676243,-73.95269,0,0,Following Too Closely,4461251,26.2,18.0,15.6,15.6,0.0,14.0,63,40.7,77.4,156,Rain: Moderate,0,0,
14916,2021-09-24 23:25:00,40.767998,-73.830864,0,0,Pavement Slippery,4461110,22.4,15.6,26.0,26.0,0.0,9.0,63,14.2,29.9,274,Rain: Moderate,0,0,
14917,2021-09-23 22:43:00,40.729736,-73.833725,1,0,Driver Inattention/Distraction,4461031,26.2,18.0,15.6,15.6,0.0,14.0,63,40.7,77.4,156,Rain: Moderate,1,1,
14918,2021-09-24 22:14:00,40.8165,-73.946556,2,0,Failure to Yield Right-of-Way,4461421,22.4,15.6,26.0,26.0,0.0,9.0,63,14.2,29.9,274,Rain: Moderate,2,2,
14919,2021-09-23 14:00:00,40.703396,-73.956505,0,0,Other Vehicular,4460364,26.2,18.0,15.6,15.6,0.0,14.0,63,40.7,77.4,156,Rain: Moderate,0,0,
14920,2021-09-23 16:50:00,40.792362,-73.96418,0,0,Passing Too Closely,4460307,26.2,18.0,15.6,15.6,0.0,14.0,63,40.7,77.4,156,Rain: Moderate,0,0,
14921,2021-09-24 00:35:00,40.694576,-73.95615,1,0,Driver Inattention/Distraction,4461188,22.4,15.6,26.0,26.0,0.0,9.0,63,14.2,29.9,274,Rain: Moderate,1,1,
14922,2021-09-23 12:12:00,40.6975,-73.90952,0,0,Failure to Yield Right-of-Way,4460431,26.2,18.0,15.6,15.6,0.0,14.0,63,40.7,77.4,156,Rain: Moderate,0,0,
14923,2021-09-22 07:14:00,40.781837,-73.979294,0,0,Passing or Lane Usage Improper,4459802,25.3,19.9,5.1,5.1,0.0,15.0,61,29.3,55.1,154,Rain: Light,0,0,
14924,2021-09-22 13:00:00,40.69024,-73.99437,0,0,Accelerator Defective,4459847,25.3,19.9,5.1,5.1,0.0,15.0,61,29.3,55.1,154,Rain: Light,0,0,
14925,2021-09-23 08:30:00,40.72563,-73.89587,0,0,Passing or Lane Usage Improper,4460693,26.2,18.0,15.6,15.6,0.0,14.0,63,40.7,77.4,156,Rain: Moderate,0,0,
14926,2021-09-22 21:30:00,40.811478,-73.950226,1,0,Pedestrian/Bicyclist/Other Pedestrian Error/Confusion,4460121,25.3,19.9,5.1,5.1,0.0,15.0,61,29.3,55.1,154,Rain: Light,1,1,
14927,2021-09-24 19:50:00,40.65505,-73.95631,0,0,Driver Inattention/Distraction,4460643,22.4,15.6,26.0,26.0,0.0,9.0,63,14.2,29.9,274,Rain: Moderate,0,0,
14928,2021-09-23 15:38:00,40.826374,-73.93561,0,0,Driver Inattention/Distraction,4460474,26.2,18.0,15.6,15.6,0.0,14.0,63,40.7,77.4,156,Rain: Moderate,0,0,
14929,2021-09-23 18:45:00,40.7244,-73.84981,1,0,Driver Inattention/Distraction,4460358,26.2,18.0,15.6,15.6,0.0,14.0,63,40.7,77.4,156,Rain: Moderate,1,1,
14930,2021-09-22 09:40:00,40.643085,-73.951454,0,0,Following Too Closely,4459953,25.3,19.9,5.1,5.1,0.0,15.0,61,29.3,55.1,154,Rain: Light,0,0,
14931,2021-09-21 13:12:00,40.662457,-73.92012,1,0,Passenger Distraction,4460506,23.1,16.4,0.0,0.0,0.0,0.0,3,14.2,29.5,108,Overcast,1,1,
14932,2021-09-23 06:35:00,40.603344,-73.93684,0,0,Unspecified,4460164,26.2,18.0,15.6,15.6,0.0,14.0,63,40.7,77.4,156,Rain: Moderate,0,0,
14933,2021-09-23 10:20:00,40.673485,-73.97296,0,0,Driver Inattention/Distraction,4460489,26.2,18.0,15.6,15.6,0.0,14.0,63,40.7,77.4,156,Rain: Moderate,0,0,
14934,2021-09-11 04:35:00,40.758144,-73.91723,0,0,Unsafe Speed,4460855,24.7,12.9,0.0,0.0,0.0,0.0,3,16.6,34.2,246,Overcast,0,0,
14935,2021-09-24 17:50:00,40.596195,-73.75412,0,0,Passing Too Closely,4460728,22.4,15.6,26.0,26.0,0.0,9.0,63,14.2,29.9,274,Rain: Moderate,0,0,
14936,2021-09-13 13:00:00,40.708942,-73.92499,0,0,Passing Too Closely,4460511,28.8,21.8,1.1,1.1,0.0,2.0,53,20.1,36.7,277,Drizzle: Moderate,0,0,
14937,2021-09-23 18:00:00,40.705982,-73.73956,1,0,Unspecified,4460327,26.2,18.0,15.6,15.6,0.0,14.0,63,40.7,77.4,156,Rain: Moderate,1,1,
14938,2021-09-21 07:30:00,40.68693,-73.95089,0,0,Passing Too Closely,4461043,23.1,16.4,0.0,0.0,0.0,0.0,3,14.2,29.5,108,Overcast,0,0,
14939,2021-09-22 10:22:00,40.662487,-73.936005,0,0,Unspecified,4459765,25.3,19.9,5.1,5.1,0.0,15.0,61,29.3,55.1,154,Rain: Light,0,0,
14940,2021-09-22 20:50:00,40.655197,-73.91354,2,0,Unspecified,4460071,25.3,19.9,5.1,5.1,0.0,15.0,61,29.3,55.1,154,Rain: Light,2,2,
14941,2021-09-22 06:50:00,40.62925,-73.9439,0,0,Unspecified,4460126,25.3,19.9,5.1,5.1,0.0,15.0,61,29.3,55.1,154,Rain: Light,0,0,
14942,2022-03-29 22:25:00,40.760994,-73.82443,0,0,Unspecified,4514621,3.3,-5.2,0.0,0.0,0.0,0.0,2,29.3,54.4,311,Partly cloudy,0,0,
14943,2021-09-24 00:00:00,40.676167,-73.88225,0,0,Oversized Vehicle,4461080,22.4,15.6,26.0,26.0,0.0,9.0,63,14.2,29.9,274,Rain: Moderate,0,0,
14944,2021-09-24 18:37:00,40.658295,-73.93109,1,0,Unsafe Speed,4460922,22.4,15.6,26.0,26.0,0.0,9.0,63,14.2,29.9,274,Rain: Moderate,1,1,
14945,2021-09-22 11:22:00,40.82458,-73.870544,0,0,Unspecified,4459813,25.3,19.9,5.1,5.1,0.0,15.0,61,29.3,55.1,154,Rain: Light,0,0,
14946,2021-09-22 16:15:00,40.71579,-73.7522,0,0,Passing Too Closely,4459991,25.3,19.9,5.1,5.1,0.0,15.0,61,29.3,55.1,154,Rain: Light,0,0,
14947,2021-09-19 16:05:00,40.672382,-73.78574,0,0,Following Too Closely,4461312,23.6,16.8,0.0,0.0,0.0,0.0,2,17.6,35.6,0,Partly cloudy,0,0,
14948,2021-09-23 18:50:00,40.695156,-73.92002,1,0,Driver Inattention/Distraction,4460549,26.2,18.0,15.6,15.6,0.0,14.0,63,40.7,77.4,156,Rain: Moderate,1,1,
14949,2021-09-23 11:00:00,40.677166,-73.87775,0,0,Unspecified,4460227,26.2,18.0,15.6,15.6,0.0,14.0,63,40.7,77.4,156,Rain: Moderate,0,0,
14950,2021-09-23 07:30:00,40.86446,-73.91895,1,0,Unsafe Lane Changing,4461159,26.2,18.0,15.6,15.6,0.0,14.0,63,40.7,77.4,156,Rain: Moderate,1,1,
14951,2021-09-24 15:20:00,40.826427,-73.950455,0,0,Driver Inattention/Distraction,4460648,22.4,15.6,26.0,26.0,0.0,9.0,63,14.2,29.9,274,Rain: Moderate,0,0,
14952,2021-09-24 15:02:00,40.584324,-73.91604,0,0,Driver Inattention/Distraction,4460566,22.4,15.6,26.0,26.0,0.0,9.0,63,14.2,29.9,274,Rain: Moderate,0,0,
14953,2021-09-22 16:35:00,40.722313,-73.74285,1,0,Driver Inattention/Distraction,4460283,25.3,19.9,5.1,5.1,0.0,15.0,61,29.3,55.1,154,Rain: Light,1,1,
14954,2021-09-23 09:00:00,40.77226,-73.92591,0,0,Unspecified,4460177,26.2,18.0,15.6,15.6,0.0,14.0,63,40.7,77.4,156,Rain: Moderate,0,0,
14955,2021-09-22 02:16:00,40.717724,-73.98577,1,0,Unspecified,4459941,25.3,19.9,5.1,5.1,0.0,15.0,61,29.3,55.1,154,Rain: Light,1,1,
14956,2021-09-24 19:17:00,40.66361,-73.98964,1,0,Unspecified,4460722,22.4,15.6,26.0,26.0,0.0,9.0,63,14.2,29.9,274,Rain: Moderate,1,1,
14957,2021-09-13 16:23:00,40.700775,-73.91334,1,0,Driver Inattention/Distraction,4461220,28.8,21.8,1.1,1.1,0.0,2.0,53,20.1,36.7,277,Drizzle: Moderate,1,1,
14958,2021-09-10 13:28:00,40.58046,-73.83963,0,0,Driver Inexperience,4461166,22.9,16.0,0.0,0.0,0.0,0.0,3,24.2,47.2,314,Overcast,0,0,
14959,2021-09-22 18:30:00,40.747208,-73.91601,0,0,Unspecified,4460517,25.3,19.9,5.1,5.1,0.0,15.0,61,29.3,55.1,154,Rain: Light,0,0,
14960,2021-09-23 00:15:00,40.70071,-73.81515,2,0,Unspecified,4460002,26.2,18.0,15.6,15.6,0.0,14.0,63,40.7,77.4,156,Rain: Moderate,2,2,
14961,2021-09-23 22:45:00,40.67898,-73.88107,0,0,Brakes Defective,4460411,26.2,18.0,15.6,15.6,0.0,14.0,63,40.7,77.4,156,Rain: Moderate,0,0,
14962,2021-09-23 13:32:00,40.663216,-73.757835,0,0,Driver Inexperience,4460798,26.2,18.0,15.6,15.6,0.0,14.0,63,40.7,77.4,156,Rain: Moderate,0,0,
14963,2021-09-24 13:30:00,40.72752,-73.75879,1,0,Driver Inattention/Distraction,4460673,22.4,15.6,26.0,26.0,0.0,9.0,63,14.2,29.9,274,Rain: Moderate,1,1,
14964,2021-09-24 16:15:00,40.718502,-73.73527,2,0,Failure to Yield Right-of-Way,4460604,22.4,15.6,26.0,26.0,0.0,9.0,63,14.2,29.9,274,Rain: Moderate,2,2,
14965,2021-09-24 00:30:00,40.874702,-73.85803,2,0,Failure to Yield Right-of-Way,4461121,22.4,15.6,26.0,26.0,0.0,9.0,63,14.2,29.9,274,Rain: Moderate,2,2,
14966,2021-09-09 13:50:00,40.671925,-73.939186,0,0,Unsafe Lane Changing,4461239,22.4,19.8,18.4,18.4,0.0,15.0,63,17.5,39.2,271,Rain: Moderate,0,0,
14967,2021-09-20 21:40:00,40.75649,-73.997765,0,0,Turning Improperly,4460543,23.1,14.9,0.0,0.0,0.0,0.0,3,17.0,34.2,116,Overcast,0,0,
14968,2021-09-24 09:29:00,40.760998,-73.771675,0,0,Failure to Yield Right-of-Way,4460575,22.4,15.6,26.0,26.0,0.0,9.0,63,14.2,29.9,274,Rain: Moderate,0,0,
14969,2021-09-24 07:53:00,40.794132,-73.94282,2,0,Following Too Closely,4460996,22.4,15.6,26.0,26.0,0.0,9.0,63,14.2,29.9,274,Rain: Moderate,2,2,
14970,2021-09-24 12:49:00,40.598434,-73.99263,0,0,Unsafe Lane Changing,4460633,22.4,15.6,26.0,26.0,0.0,9.0,63,14.2,29.9,274,Rain: Moderate,0,0,
14971,2021-09-17 13:31:00,40.75578,-74.00199,1,0,Driver Inattention/Distraction,4460538,23.6,20.1,1.0,1.0,0.0,7.0,51,20.3,38.9,59,Drizzle: Light,1,1,
14972,2021-09-18 10:20:00,40.69285,-73.90355,1,0,Failure to Yield Right-of-Way,4461144,27.1,19.2,0.2,0.2,0.0,2.0,51,14.6,25.9,349,Drizzle: Light,1,1,
14973,2021-09-23 20:27:00,40.81532,-73.88665,1,0,Driver Inattention/Distraction,4460404,26.2,18.0,15.6,15.6,0.0,14.0,63,40.7,77.4,156,Rain: Moderate,1,1,
14974,2021-09-24 20:07:00,40.74356,-73.85574,1,0,Backing Unsafely,4461477,22.4,15.6,26.0,26.0,0.0,9.0,63,14.2,29.9,274,Rain: Moderate,1,1,
14975,2021-09-23 17:13:00,40.626156,-74.019035,0,0,Following Too Closely,4460344,26.2,18.0,15.6,15.6,0.0,14.0,63,40.7,77.4,156,Rain: Moderate,0,0,
14976,2021-09-23 14:14:00,40.841187,-73.85459,1,0,Passing or Lane Usage Improper,4460215,26.2,18.0,15.6,15.6,0.0,14.0,63,40.7,77.4,156,Rain: Moderate,1,1,
14977,2021-09-24 14:45:00,40.749607,-73.966835,0,0,Reaction to Uninvolved Vehicle,4460601,22.4,15.6,26.0,26.0,0.0,9.0,63,14.2,29.9,274,Rain: Moderate,0,0,
14978,2021-09-24 18:45:00,40.86723,-73.88692,0,0,Traffic Control Disregarded,4460963,22.4,15.6,26.0,26.0,0.0,9.0,63,14.2,29.9,274,Rain: Moderate,0,0,
14979,2021-09-23 11:15:00,40.721447,-73.997406,0,0,Driver Inattention/Distraction,4460860,26.2,18.0,15.6,15.6,0.0,14.0,63,40.7,77.4,156,Rain: Moderate,0,0,
14980,2021-09-22 18:00:00,40.70567,-73.92142,0,0,Passing Too Closely,4461211,25.3,19.9,5.1,5.1,0.0,15.0,61,29.3,55.1,154,Rain: Light,0,0,
14981,2021-09-23 00:40:00,40.702488,-73.98854,1,0,Traffic Control Disregarded,4460389,26.2,18.0,15.6,15.6,0.0,14.0,63,40.7,77.4,156,Rain: Moderate,1,1,
14982,2021-09-24 15:25:00,40.64664,-73.9246,1,0,Unspecified,4460758,22.4,15.6,26.0,26.0,0.0,9.0,63,14.2,29.9,274,Rain: Moderate,1,1,
14983,2021-09-24 15:00:00,40.817795,-73.89319,0,0,Unspecified,4461408,22.4,15.6,26.0,26.0,0.0,9.0,63,14.2,29.9,274,Rain: Moderate,0,0,
14984,2021-09-22 08:50:00,40.690323,-73.8635,1,0,Unspecified,4460114,25.3,19.9,5.1,5.1,0.0,15.0,61,29.3,55.1,154,Rain: Light,1,1,
14985,2021-09-24 04:56:00,40.728474,-73.882614,1,0,Unspecified,4460711,22.4,15.6,26.0,26.0,0.0,9.0,63,14.2,29.9,274,Rain: Moderate,1,1,
14986,2021-09-24 15:00:00,40.704113,-73.94786,1,0,Failure to Yield Right-of-Way,4460917,22.4,15.6,26.0,26.0,0.0,9.0,63,14.2,29.9,274,Rain: Moderate,1,1,
14987,2021-09-22 09:00:00,40.717155,-73.94924,0,0,Brakes Defective,4460485,25.3,19.9,5.1,5.1,0.0,15.0,61,29.3,55.1,154,Rain: Light,0,0,
14988,2021-09-22 14:30:00,40.69375,-73.79038,0,0,Passing Too Closely,4460159,25.3,19.9,5.1,5.1,0.0,15.0,61,29.3,55.1,154,Rain: Light,0,0,
14989,2021-09-23 14:05:00,40.843407,-73.885544,1,0,View Obstructed/Limited,4460470,26.2,18.0,15.6,15.6,0.0,14.0,63,40.7,77.4,156,Rain: Moderate,1,1,
14990,2021-09-22 05:00:00,40.894028,-73.8422,0,0,Following Too Closely,4459913,25.3,19.9,5.1,5.1,0.0,15.0,61,29.3,55.1,154,Rain: Light,0,0,
14991,2021-09-23 08:30:00,40.825165,-73.86699,1,0,Unspecified,4460438,26.2,18.0,15.6,15.6,0.0,14.0,63,40.7,77.4,156,Rain: Moderate,1,1,
14992,2021-09-22 12:38:00,40.861294,-73.8646,0,0,Driver Inattention/Distraction,4460131,25.3,19.9,5.1,5.1,0.0,15.0,61,29.3,55.1,154,Rain: Light,0,0,
14993,2021-09-06 22:15:00,40.757145,-73.86452,0,0,Driver Inattention/Distraction,4460684,26.9,18.4,0.0,0.0,0.0,0.0,3,19.6,37.8,273,Overcast,0,0,
14994,2022-03-28 10:10:00,40.798832,-73.95203,1,0,,4515057,0.0,-5.2,0.3,0.0,0.21,3.0,71,31.3,59.0,303,Snow fall: Light,1,1,Snowy Conditions
14995,2021-09-22 20:55:00,40.65434,-73.94704,4,0,Traffic Control Disregarded,4460080,25.3,19.9,5.1,5.1,0.0,15.0,61,29.3,55.1,154,Rain: Light,4,4,
14996,2021-09-14 09:55:00,40.6709,-73.95319,1,0,Driver Inattention/Distraction,4461203,26.0,19.0,0.2,0.2,0.0,1.0,51,18.0,35.6,138,Drizzle: Light,1,1,
14997,2021-09-24 10:26:00,40.868156,-73.89158,0,0,Passing Too Closely,4460705,22.4,15.6,26.0,26.0,0.0,9.0,63,14.2,29.9,274,Rain: Moderate,0,0,
14998,2021-09-24 00:50:00,40.717678,-73.81713,0,0,Driver Inattention/Distraction,4461036,22.4,15.6,26.0,26.0,0.0,9.0,63,14.2,29.9,274,Rain: Moderate,0,0,
14999,2021-09-21 18:50:00,40.79162,-73.94885,0,0,Unspecified,4460581,23.1,16.4,0.0,0.0,0.0,0.0,3,14.2,29.5,108,Overcast,0,0,
15000,2021-09-24 10:24:00,40.693604,-73.99275,0,0,Passing Too Closely,4461177,22.4,15.6,26.0,26.0,0.0,9.0,63,14.2,29.9,274,Rain: Moderate,0,0,
15001,2021-09-22 21:45:00,40.809563,-73.92923,0,0,Unspecified,4460014,25.3,19.9,5.1,5.1,0.0,15.0,61,29.3,55.1,154,Rain: Light,0,0,
15002,2021-09-23 22:47:00,40.67871,-73.86701,1,0,Unspecified,4460410,26.2,18.0,15.6,15.6,0.0,14.0,63,40.7,77.4,156,Rain: Moderate,1,1,
15003,2021-09-23 13:35:00,40.753307,-74.0001,0,0,Driver Inattention/Distraction,4460553,26.2,18.0,15.6,15.6,0.0,14.0,63,40.7,77.4,156,Rain: Moderate,0,0,
15004,2021-09-23 13:00:00,40.83475,-73.85803,0,0,Unspecified,4460289,26.2,18.0,15.6,15.6,0.0,14.0,63,40.7,77.4,156,Rain: Moderate,0,0,
15005,2021-09-18 17:00:00,40.67556,-73.96334,0,0,Driver Inattention/Distraction,4461228,27.1,19.2,0.2,0.2,0.0,2.0,51,14.6,25.9,349,Drizzle: Light,0,0,
15006,2021-09-24 13:20:00,40.755554,-73.885376,1,0,Unspecified,4460570,22.4,15.6,26.0,26.0,0.0,9.0,63,14.2,29.9,274,Rain: Moderate,1,1,
15007,2021-09-22 07:43:00,40.599934,-73.75778,0,0,Passing Too Closely,4460046,25.3,19.9,5.1,5.1,0.0,15.0,61,29.3,55.1,154,Rain: Light,0,0,
15008,2021-09-23 10:00:00,40.849667,-73.90802,0,0,Passing Too Closely,4460218,26.2,18.0,15.6,15.6,0.0,14.0,63,40.7,77.4,156,Rain: Moderate,0,0,
15009,2021-09-23 16:03:00,40.837673,-73.91922,0,0,Passing Too Closely,4460421,26.2,18.0,15.6,15.6,0.0,14.0,63,40.7,77.4,156,Rain: Moderate,0,0,
15010,2021-09-24 20:20:00,40.68144,-73.83865,1,0,Failure to Yield Right-of-Way,4461380,22.4,15.6,26.0,26.0,0.0,9.0,63,14.2,29.9,274,Rain: Moderate,1,1,
15011,2021-09-22 14:00:00,40.75763,-73.82799,1,0,Following Too Closely,4459967,25.3,19.9,5.1,5.1,0.0,15.0,61,29.3,55.1,154,Rain: Light,1,1,
15012,2021-09-24 17:15:00,40.747665,-73.94506,1,0,Driver Inattention/Distraction,4460636,22.4,15.6,26.0,26.0,0.0,9.0,63,14.2,29.9,274,Rain: Moderate,1,1,