,CRASH DATETIME,LATITUDE,LONGITUDE,NUMBER OF PERSONS INJURED,NUMBER OF PERSONS KILLED,CONTRIBUTING FACTOR VEHICLE 1,COLLISION_ID,temperature_2m_max,temperature_2m_min,precipitation_sum,rain_sum,snowfall_sum,precipitation_hours,weather_code,wind_speed_10m_max,wind_gusts_10m_max,wind_direction_10m_dominant,Weather Description,Severity_Score,Total_Affected_Persons,Weather_Category
15013,2021-09-23 21:30:00,40.7576,-73.890495,0,0,Driver Inattention/Distraction,4460986,26.2,18.0,15.6,15.6,0.0,14.0,63,40.7,77.4,156,Rain: Moderate,0,0,
15014,2021-09-23 11:40:00,40.61282,-74.15896,1,0,Driver Inattention/Distraction,4460167,26.2,18.0,15.6,15.6,0.0,14.0,63,40.7,77.4,156,Rain: Moderate,1,1,
15015,2021-09-24 18:15:00,40.759308,-73.9653,1,0,Unsafe Speed,4460619,22.4,15.6,26.0,26.0,0.0,9.0,63,14.2,29.9,274,Rain: Moderate,1,1,
15016,2021-09-23 17:30:00,40.77622,-73.97596,1,0,Driver Inattention/Distraction,4460807,26.2,18.0,15.6,15.6,0.0,14.0,63,40.7,77.4,156,Rain: Moderate,1,1,
15017,2021-09-23 12:40:00,40.60567,-74.030945,1,0,Following Too Closely,4461262,26.2,18.0,15.6,15.6,0.0,14.0,63,40.7,77.4,156,Rain: Moderate,1,1,
15018,2021-09-24 11:30:00,40.781525,-73.96042,1,0,Failure to Yield Right-of-Way,4460831,22.4,15.6,26.0,26.0,0.0,9.0,63,14.2,29.9,274,Rain: Moderate,1,1,
15019,2021-09-23 18:40:00,40.616096,-74.00046,1,0,Unspecified,4460558,26.2,18.0,15.6,15.6,0.0,14.0,63,40.7,77.4,156,Rain: Moderate,1,1,
15020,2021-09-23 09:45:00,40.639507,-73.94445,0,0,Unspecified,4460745,26.2,18.0,15.6,15.6,0.0,14.0,63,40.7,77.4,156,Rain: Moderate,0,0,
15021,2021-09-24 00:35:00,40.763798,-73.808235,0,0,Following Too Closely,4460608,22.4,15.6,26.0,26.0,0.0,9.0,63,14.2,29.9,274,Rain: Moderate,0,0,
15022,2022-04-24 21:58:00,0.0,0.0,1,0,Passing or Lane Usage Improper,4522552,15.8,7.0,0.0,0.0,0.0,0.0,3,21.7,43.2,114,Overcast,1,1,
15023,2021-09-24 15:23:00,40.797775,-73.94172,0,0,Unspecified,4460738,22.4,15.6,26.0,26.0,0.0,9.0,63,14.2,29.9,274,Rain: Moderate,0,0,
15024,2021-09-13 14:00:00,40.750725,-73.87037,1,0,Driver Inattention/Distraction,4460571,28.8,21.8,1.1,1.1,0.0,2.0,53,20.1,36.7,277,Drizzle: Moderate,1,1,
15025,2021-09-20 00:37:00,40.67973,-73.76162,1,0,Unsafe Lane Changing,4460680,23.1,14.9,0.0,0.0,0.0,0.0,3,17.0,34.2,116,Overcast,1,1,
15026,2021-09-24 09:55:00,40.81459,-73.9139,0,0,Driver Inattention/Distraction,4460823,22.4,15.6,26.0,26.0,0.0,9.0,63,14.2,29.9,274,Rain: Moderate,0,0,
15027,2021-09-24 02:12:00,40.820545,-73.89663,0,0,Unspecified,4461473,22.4,15.6,26.0,26.0,0.0,9.0,63,14.2,29.9,274,Rain: Moderate,0,0,
15028,2021-09-24 08:52:00,40.60136,-73.97647,0,0,Unsafe Lane Changing,4460629,22.4,15.6,26.0,26.0,0.0,9.0,63,14.2,29.9,274,Rain: Moderate,0,0,
15029,2021-09-24 14:35:00,40.750965,-73.94027,0,0,Backing Unsafely,4460869,22.4,15.6,26.0,26.0,0.0,9.0,63,14.2,29.9,274,Rain: Moderate,0,0,
15030,2021-09-23 01:35:00,40.699802,-73.773964,0,0,Driver Inattention/Distraction,4460001,26.2,18.0,15.6,15.6,0.0,14.0,63,40.7,77.4,156,Rain: Moderate,0,0,
15031,2021-09-24 23:30:00,40.736885,-73.978546,1,0,Unsafe Speed,4460719,22.4,15.6,26.0,26.0,0.0,9.0,63,14.2,29.9,274,Rain: Moderate,1,1,
15032,2021-09-24 01:00:00,40.883152,-73.856285,0,0,Driver Inattention/Distraction,4461133,22.4,15.6,26.0,26.0,0.0,9.0,63,14.2,29.9,274,Rain: Moderate,0,0,
15033,2021-09-22 07:50:00,40.756405,-73.85349,2,0,Driver Inattention/Distraction,4460475,25.3,19.9,5.1,5.1,0.0,15.0,61,29.3,55.1,154,Rain: Light,2,2,
15034,2021-09-16 17:45:00,40.70341,-73.862816,0,0,Failure to Yield Right-of-Way,4460754,23.9,19.1,4.0,4.0,0.0,10.0,55,18.8,37.8,38,Drizzle: Dense,0,0,
15035,2021-09-24 15:30:00,40.775383,-73.923035,0,0,View Obstructed/Limited,4460864,22.4,15.6,26.0,26.0,0.0,9.0,63,14.2,29.9,274,Rain: Moderate,0,0,
15036,2021-09-16 16:00:00,40.837673,-73.91922,0,0,Turning Improperly,4460597,23.9,19.1,4.0,4.0,0.0,10.0,55,18.8,37.8,38,Drizzle: Dense,0,0,
15037,2021-09-24 22:30:00,40.585026,-73.958275,1,0,Passing Too Closely,4460950,22.4,15.6,26.0,26.0,0.0,9.0,63,14.2,29.9,274,Rain: Moderate,1,1,
15038,2021-09-24 17:07:00,40.85226,-73.852905,1,0,Pedestrian/Bicyclist/Other Pedestrian Error/Confusion,4460766,22.4,15.6,26.0,26.0,0.0,9.0,63,14.2,29.9,274,Rain: Moderate,1,1,
15039,2021-09-15 13:15:00,40.753387,-73.99631,1,0,Backing Unsafely,4460539,29.6,20.7,0.3,0.3,0.0,3.0,51,21.6,40.7,192,Drizzle: Light,1,1,
15040,2021-08-26 14:00:00,40.68804,-73.947754,0,0,Aggressive Driving/Road Rage,4461285,31.8,22.8,0.1,0.1,0.0,1.0,51,14.8,29.2,228,Drizzle: Light,0,0,
15041,2021-09-22 04:51:00,40.745148,-73.98839,0,0,Driver Inattention/Distraction,4460901,25.3,19.9,5.1,5.1,0.0,15.0,61,29.3,55.1,154,Rain: Light,0,0,
15042,2021-09-22 05:40:00,40.754498,-73.834076,1,0,View Obstructed/Limited,4459705,25.3,19.9,5.1,5.1,0.0,15.0,61,29.3,55.1,154,Rain: Light,1,1,
15043,2021-09-22 10:20:00,40.824364,-73.89389,0,0,Unspecified,4460059,25.3,19.9,5.1,5.1,0.0,15.0,61,29.3,55.1,154,Rain: Light,0,0,
15044,2021-09-24 19:45:00,40.601406,-74.131256,1,0,Unspecified,4460651,22.4,15.6,26.0,26.0,0.0,9.0,63,14.2,29.9,274,Rain: Moderate,1,1,
15045,2021-09-22 09:40:00,40.681717,-73.74249,0,0,Unsafe Speed,4459852,25.3,19.9,5.1,5.1,0.0,15.0,61,29.3,55.1,154,Rain: Light,0,0,
15046,2021-08-29 05:10:00,40.713512,-73.79903,0,0,Alcohol Involvement,4461032,24.5,19.7,2.5,2.5,0.0,9.0,53,13.6,25.6,98,Drizzle: Moderate,0,0,
15047,2021-09-23 19:00:00,40.73856,-73.85524,0,0,Traffic Control Disregarded,4460453,26.2,18.0,15.6,15.6,0.0,14.0,63,40.7,77.4,156,Rain: Moderate,0,0,
15048,2021-09-23 22:00:00,40.756317,-73.83369,1,0,Unsafe Lane Changing,4460585,26.2,18.0,15.6,15.6,0.0,14.0,63,40.7,77.4,156,Rain: Moderate,1,1,
15049,2021-09-22 14:24:00,40.6532,-73.92952,0,0,Unspecified,4459958,25.3,19.9,5.1,5.1,0.0,15.0,61,29.3,55.1,154,Rain: Light,0,0,
15050,2021-09-22 00:00:00,40.66496,-73.82226,0,0,Passing or Lane Usage Improper,4460058,25.3,19.9,5.1,5.1,0.0,15.0,61,29.3,55.1,154,Rain: Light,0,0,
15051,2021-09-08 17:20:00,40.81523,-73.920166,0,0,View Obstructed/Limited,4460425,26.4,19.6,0.7,0.7,0.0,6.0,51,26.7,55.8,187,Drizzle: Light,0,0,
15052,2021-09-22 11:45:00,40.73789,-73.98674,0,0,Passing Too Closely,4460239,25.3,19.9,5.1,5.1,0.0,15.0,61,29.3,55.1,154,Rain: Light,0,0,
15053,2021-09-22 14:00:00,40.585133,-73.954544,1,0,Driver Inattention/Distraction,4460010,25.3,19.9,5.1,5.1,0.0,15.0,61,29.3,55.1,154,Rain: Light,1,1,
15054,2021-09-23 14:10:00,40.67994,-73.88468,1,0,Driver Inattention/Distraction,4460249,26.2,18.0,15.6,15.6,0.0,14.0,63,40.7,77.4,156,Rain: Moderate,1,1,
15055,2021-07-25 15:00:00,40.66895,-73.9339,0,0,Unsafe Lane Changing,4461049,28.0,20.3,7.3,7.3,0.0,10.0,63,20.9,43.2,198,Rain: Moderate,0,0,
15056,2021-09-22 01:05:00,40.788586,-73.95529,1,0,Traffic Control Disregarded,4459620,25.3,19.9,5.1,5.1,0.0,15.0,61,29.3,55.1,154,Rain: Light,1,1,
15057,2021-09-08 19:03:00,40.57741,-73.96237,0,0,Passing Too Closely,4461394,26.4,19.6,0.7,0.7,0.0,6.0,51,26.7,55.8,187,Drizzle: Light,0,0,
15058,2021-09-23 15:08:00,40.74039,-73.789505,0,0,Driver Inattention/Distraction,4460315,26.2,18.0,15.6,15.6,0.0,14.0,63,40.7,77.4,156,Rain: Moderate,0,0,
15059,2021-09-21 19:38:00,40.749035,-73.75328,0,0,Backing Unsafely,4460734,23.1,16.4,0.0,0.0,0.0,0.0,3,14.2,29.5,108,Overcast,0,0,
15060,2021-09-23 09:30:00,40.691074,-73.908806,0,0,Passing or Lane Usage Improper,4460442,26.2,18.0,15.6,15.6,0.0,14.0,63,40.7,77.4,156,Rain: Moderate,0,0,
15061,2021-09-24 09:45:00,40.679203,-73.9553,1,0,Passing or Lane Usage Improper,4461062,22.4,15.6,26.0,26.0,0.0,9.0,63,14.2,29.9,274,Rain: Moderate,1,1,
15062,2021-09-22 21:35:00,40.686478,-73.80079,0,0,Traffic Control Disregarded,4460187,25.3,19.9,5.1,5.1,0.0,15.0,61,29.3,55.1,154,Rain: Light,0,0,
15063,2021-09-23 00:00:00,40.679745,-73.98697,0,0,Driver Inattention/Distraction,4460590,26.2,18.0,15.6,15.6,0.0,14.0,63,40.7,77.4,156,Rain: Moderate,0,0,
15064,2021-09-23 19:15:00,40.804256,-73.9193,1,0,Other Lighting Defects,4460375,26.2,18.0,15.6,15.6,0.0,14.0,63,40.7,77.4,156,Rain: Moderate,1,1,
15065,2021-09-12 06:31:00,40.703163,-73.81662,0,0,Unsafe Speed,4461338,28.8,18.3,0.0,0.0,0.0,0.0,3,24.3,46.8,233,Overcast,0,0,
15066,2021-09-24 19:30:00,40.79507,-73.93919,0,0,Driver Inattention/Distraction,4460623,22.4,15.6,26.0,26.0,0.0,9.0,63,14.2,29.9,274,Rain: Moderate,0,0,
15067,2021-08-31 16:00:00,40.743237,-73.88353,1,0,Unspecified,4460775,28.5,21.2,0.0,0.0,0.0,0.0,3,15.5,29.9,301,Overcast,1,1,
15068,2021-09-24 20:20:00,40.74518,-73.982735,1,0,,4461011,22.4,15.6,26.0,26.0,0.0,9.0,63,14.2,29.9,274,Rain: Moderate,1,1,
15069,2021-09-24 07:30:00,40.679996,-73.97941,0,0,Driver Inattention/Distraction,4460480,22.4,15.6,26.0,26.0,0.0,9.0,63,14.2,29.9,274,Rain: Moderate,0,0,
15070,2021-09-24 14:50:00,40.746033,-73.93441,0,0,Unsafe Lane Changing,4460640,22.4,15.6,26.0,26.0,0.0,9.0,63,14.2,29.9,274,Rain: Moderate,0,0,
15071,2021-09-18 21:03:00,40.81544,-73.91619,1,0,,4460816,27.1,19.2,0.2,0.2,0.0,2.0,51,14.6,25.9,349,Drizzle: Light,1,1,
15072,2021-09-24 08:00:00,40.665127,-73.77703,0,0,Unspecified,4460612,22.4,15.6,26.0,26.0,0.0,9.0,63,14.2,29.9,274,Rain: Moderate,0,0,
15073,2021-09-22 15:25:00,40.557346,-74.16622,1,0,Unspecified,4461423,25.3,19.9,5.1,5.1,0.0,15.0,61,29.3,55.1,154,Rain: Light,1,1,
15074,2021-09-24 20:30:00,40.717155,-73.94924,0,0,Driver Inattention/Distraction,4461021,22.4,15.6,26.0,26.0,0.0,9.0,63,14.2,29.9,274,Rain: Moderate,0,0,
15075,2021-09-20 16:00:00,40.69479,-73.954315,0,0,Driver Inattention/Distraction,4461051,23.1,14.9,0.0,0.0,0.0,0.0,3,17.0,34.2,116,Overcast,0,0,
15076,2021-09-24 08:00:00,40.8291,-73.90554,0,0,Unspecified,4460676,22.4,15.6,26.0,26.0,0.0,9.0,63,14.2,29.9,274,Rain: Moderate,0,0,
15077,2021-09-15 18:19:00,40.65621,-73.914665,0,0,Following Too Closely,4460786,29.6,20.7,0.3,0.3,0.0,3.0,51,21.6,40.7,192,Drizzle: Light,0,0,
15078,2021-09-24 20:25:00,40.81371,-73.95602,0,0,Unspecified,4460895,22.4,15.6,26.0,26.0,0.0,9.0,63,14.2,29.9,274,Rain: Moderate,0,0,
15079,2021-09-21 17:52:00,40.670277,-73.92542,1,0,Following Too Closely,4461238,23.1,16.4,0.0,0.0,0.0,0.0,3,14.2,29.5,108,Overcast,1,1,
15080,2021-09-22 15:00:00,40.761272,-73.95571,2,0,Driver Inattention/Distraction,4461361,25.3,19.9,5.1,5.1,0.0,15.0,61,29.3,55.1,154,Rain: Light,2,2,
15081,2021-09-21 14:04:00,40.773872,-73.98223,1,0,Other Vehicular,4461274,23.1,16.4,0.0,0.0,0.0,0.0,3,14.2,29.5,108,Overcast,1,1,
15082,2021-09-23 19:30:00,40.692783,-73.91181,3,0,Pavement Slippery,4460359,26.2,18.0,15.6,15.6,0.0,14.0,63,40.7,77.4,156,Rain: Moderate,3,3,
15083,2021-09-23 15:40:00,40.59081,-74.10723,0,0,Following Too Closely,4460494,26.2,18.0,15.6,15.6,0.0,14.0,63,40.7,77.4,156,Rain: Moderate,0,0,
15084,2021-09-20 03:40:00,40.8444,-73.90159,0,0,Unspecified,4461460,23.1,14.9,0.0,0.0,0.0,0.0,3,17.0,34.2,116,Overcast,0,0,
15085,2021-09-24 09:20:00,40.806816,-73.95551,0,0,Other Vehicular,4460980,22.4,15.6,26.0,26.0,0.0,9.0,63,14.2,29.9,274,Rain: Moderate,0,0,
15086,2021-09-24 16:05:00,40.723545,-73.85409,1,0,Driver Inattention/Distraction,4460715,22.4,15.6,26.0,26.0,0.0,9.0,63,14.2,29.9,274,Rain: Moderate,1,1,
15087,2021-09-24 12:00:00,40.639977,-73.92623,0,0,Passing or Lane Usage Improper,4460507,22.4,15.6,26.0,26.0,0.0,9.0,63,14.2,29.9,274,Rain: Moderate,0,0,
15088,2021-09-22 14:45:00,40.710453,-73.93734,0,0,Passing Too Closely,4460512,25.3,19.9,5.1,5.1,0.0,15.0,61,29.3,55.1,154,Rain: Light,0,0,
15089,2021-09-22 10:00:00,40.67357,-73.95294,1,0,Driver Inattention/Distraction,4461105,25.3,19.9,5.1,5.1,0.0,15.0,61,29.3,55.1,154,Rain: Light,1,1,
15090,2021-09-23 05:05:00,40.664745,-73.74003,0,0,Unsafe Speed,4460127,26.2,18.0,15.6,15.6,0.0,14.0,63,40.7,77.4,156,Rain: Moderate,0,0,
15091,2021-09-22 08:40:00,40.715202,-73.801575,0,0,Driver Inattention/Distraction,4459807,25.3,19.9,5.1,5.1,0.0,15.0,61,29.3,55.1,154,Rain: Light,0,0,
15092,2021-09-22 12:40:00,40.737064,-74.002144,0,0,Driver Inattention/Distraction,4460095,25.3,19.9,5.1,5.1,0.0,15.0,61,29.3,55.1,154,Rain: Light,0,0,
15093,2021-09-23 11:47:00,40.707623,-73.962135,0,0,Passing Too Closely,4460311,26.2,18.0,15.6,15.6,0.0,14.0,63,40.7,77.4,156,Rain: Moderate,0,0,
15094,2021-09-24 18:00:00,40.847427,-73.931404,1,0,Backing Unsafely,4461171,22.4,15.6,26.0,26.0,0.0,9.0,63,14.2,29.9,274,Rain: Moderate,1,1,
15095,2021-09-22 13:45:00,40.882767,-73.8886,1,0,Unspecified,4460122,25.3,19.9,5.1,5.1,0.0,15.0,61,29.3,55.1,154,Rain: Light,1,1,
15096,2022-03-29 12:09:00,40.855118,-73.8677,0,0,Unspecified,4514538,3.3,-5.2,0.0,0.0,0.0,0.0,2,29.3,54.4,311,Partly cloudy,0,0,
15097,2021-09-23 10:02:00,40.68723,-73.941795,1,0,Unsafe Lane Changing,4460335,26.2,18.0,15.6,15.6,0.0,14.0,63,40.7,77.4,156,Rain: Moderate,1,1,
15098,2021-09-22 07:45:00,40.72293,-73.847336,0,0,Unspecified,4459934,25.3,19.9,5.1,5.1,0.0,15.0,61,29.3,55.1,154,Rain: Light,0,0,
15099,2021-09-24 22:30:00,40.63082,-73.88636,0,0,Unspecified,4460655,22.4,15.6,26.0,26.0,0.0,9.0,63,14.2,29.9,274,Rain: Moderate,0,0,
15100,2021-09-23 02:52:00,40.629745,-74.14834,0,0,Unspecified,4460144,26.2,18.0,15.6,15.6,0.0,14.0,63,40.7,77.4,156,Rain: Moderate,0,0,
15101,2021-09-24 17:30:00,40.656967,-73.90261,0,0,Unspecified,4460847,22.4,15.6,26.0,26.0,0.0,9.0,63,14.2,29.9,274,Rain: Moderate,0,0,
15102,2021-09-22 19:15:00,40.73294,-73.84961,1,0,Driver Inattention/Distraction,4460357,25.3,19.9,5.1,5.1,0.0,15.0,61,29.3,55.1,154,Rain: Light,1,1,
15103,2021-09-22 07:51:00,40.624912,-74.146706,0,0,Other Vehicular,4459727,25.3,19.9,5.1,5.1,0.0,15.0,61,29.3,55.1,154,Rain: Light,0,0,
15104,2021-09-24 06:00:00,40.696033,-73.984535,0,0,Passing or Lane Usage Improper,4460526,22.4,15.6,26.0,26.0,0.0,9.0,63,14.2,29.9,274,Rain: Moderate,0,0,
15105,2021-09-23 19:15:00,40.740017,-73.84565,0,0,Driver Inattention/Distraction,4460457,26.2,18.0,15.6,15.6,0.0,14.0,63,40.7,77.4,156,Rain: Moderate,0,0,
15106,2021-09-18 21:16:00,40.71617,-73.882385,1,0,Alcohol Involvement,4460696,27.1,19.2,0.2,0.2,0.0,2.0,51,14.6,25.9,349,Drizzle: Light,1,1,
15107,2021-09-24 07:40:00,40.838135,-73.88731,0,0,Unspecified,4460674,22.4,15.6,26.0,26.0,0.0,9.0,63,14.2,29.9,274,Rain: Moderate,0,0,
15108,2021-09-24 18:20:00,40.898876,-73.85539,1,0,Unsafe Speed,4461096,22.4,15.6,26.0,26.0,0.0,9.0,63,14.2,29.9,274,Rain: Moderate,1,1,
15109,2021-09-20 02:00:00,40.827103,-73.94996,1,0,Unspecified,4460644,23.1,14.9,0.0,0.0,0.0,0.0,3,17.0,34.2,116,Overcast,1,1,
15110,2021-09-24 22:35:00,40.66367,-73.91213,0,0,Driver Inattention/Distraction,4461271,22.4,15.6,26.0,26.0,0.0,9.0,63,14.2,29.9,274,Rain: Moderate,0,0,
15111,2021-08-26 20:17:00,40.685436,-73.944336,0,0,Unspecified,4461481,31.8,22.8,0.1,0.1,0.0,1.0,51,14.8,29.2,228,Drizzle: Light,0,0,
15112,2021-09-22 23:40:00,40.770424,-73.96222,2,0,Alcohol Involvement,4460140,25.3,19.9,5.1,5.1,0.0,15.0,61,29.3,55.1,154,Rain: Light,2,2,
15113,2021-09-24 08:48:00,40.87448,-73.83393,2,0,Driver Inattention/Distraction,4460505,22.4,15.6,26.0,26.0,0.0,9.0,63,14.2,29.9,274,Rain: Moderate,2,2,
15114,2021-09-12 17:11:00,40.774254,-73.910995,1,0,Traffic Control Disregarded,4460856,28.8,18.3,0.0,0.0,0.0,0.0,3,24.3,46.8,233,Overcast,1,1,
15115,2022-03-29 16:10:00,40.741394,-73.82303,0,0,Unspecified,4514657,3.3,-5.2,0.0,0.0,0.0,0.0,2,29.3,54.4,311,Partly cloudy,0,0,
15116,2021-09-22 19:42:00,40.678375,-73.97334,1,0,Pedestrian/Bicyclist/Other Pedestrian Error/Confusion,4460484,25.3,19.9,5.1,5.1,0.0,15.0,61,29.3,55.1,154,Rain: Light,1,1,
15117,2021-09-22 13:15:00,40.826138,-73.88344,0,0,Unspecified,4459866,25.3,19.9,5.1,5.1,0.0,15.0,61,29.3,55.1,154,Rain: Light,0,0,
15118,2021-09-16 13:00:00,40.638462,-74.12141,0,0,Unspecified,4461145,23.9,19.1,4.0,4.0,0.0,10.0,55,18.8,37.8,38,Drizzle: Dense,0,0,
15119,2021-09-24 17:45:00,40.721977,-73.959946,0,0,Turning Improperly,4461020,22.4,15.6,26.0,26.0,0.0,9.0,63,14.2,29.9,274,Rain: Moderate,0,0,
15120,2021-09-23 23:11:00,40.62313,-74.01525,0,0,Failure to Yield Right-of-Way,4460345,26.2,18.0,15.6,15.6,0.0,14.0,63,40.7,77.4,156,Rain: Moderate,0,0,
15121,2021-09-17 18:00:00,40.877937,-73.88057,0,0,Unspecified,4460964,23.6,20.1,1.0,1.0,0.0,7.0,51,20.3,38.9,59,Drizzle: Light,0,0,
15122,2021-09-17 13:34:00,40.742588,-73.980415,1,0,Pedestrian/Bicyclist/Other Pedestrian Error/Confusion,4461216,23.6,20.1,1.0,1.0,0.0,7.0,51,20.3,38.9,59,Drizzle: Light,1,1,
15123,2021-09-24 01:25:00,40.771084,-73.80443,0,0,Fell Asleep,4461111,22.4,15.6,26.0,26.0,0.0,9.0,63,14.2,29.9,274,Rain: Moderate,0,0,
15124,2021-09-24 18:30:00,40.76132,-73.9171,0,0,Driver Inattention/Distraction,4460877,22.4,15.6,26.0,26.0,0.0,9.0,63,14.2,29.9,274,Rain: Moderate,0,0,
15125,2021-05-14 22:30:00,40.725685,-73.980774,1,0,Unspecified,4416878,21.6,7.5,0.0,0.0,0.0,0.0,2,14.3,25.2,276,Partly cloudy,1,1,
15126,2021-09-23 12:00:00,40.827168,-73.870125,0,0,Unspecified,4460669,26.2,18.0,15.6,15.6,0.0,14.0,63,40.7,77.4,156,Rain: Moderate,0,0,
15127,2021-09-23 11:08:00,40.6127,-73.953926,1,0,Driver Inattention/Distraction,4460352,26.2,18.0,15.6,15.6,0.0,14.0,63,40.7,77.4,156,Rain: Moderate,1,1,
15128,2021-09-22 19:30:00,40.81151,-73.94649,1,0,Driver Inattention/Distraction,4461432,25.3,19.9,5.1,5.1,0.0,15.0,61,29.3,55.1,154,Rain: Light,1,1,
15129,2021-09-23 00:55:00,40.748985,-73.979965,0,0,Traffic Control Disregarded,4460032,26.2,18.0,15.6,15.6,0.0,14.0,63,40.7,77.4,156,Rain: Moderate,0,0,
15130,2021-09-22 10:43:00,40.71997,-73.992905,1,0,Unspecified,4460338,25.3,19.9,5.1,5.1,0.0,15.0,61,29.3,55.1,154,Rain: Light,1,1,
15131,2021-09-23 09:00:00,40.757042,-73.91488,0,0,Unspecified,4460186,26.2,18.0,15.6,15.6,0.0,14.0,63,40.7,77.4,156,Rain: Moderate,0,0,
15132,2021-09-24 08:50:00,40.597267,-73.998665,0,0,Driver Inexperience,4460627,22.4,15.6,26.0,26.0,0.0,9.0,63,14.2,29.9,274,Rain: Moderate,0,0,
15133,2021-09-23 15:02:00,40.71312,-73.83376,1,0,Following Too Closely,4460305,26.2,18.0,15.6,15.6,0.0,14.0,63,40.7,77.4,156,Rain: Moderate,1,1,
15134,2021-09-22 09:54:00,40.830727,-73.83756,0,0,Unspecified,4459794,25.3,19.9,5.1,5.1,0.0,15.0,61,29.3,55.1,154,Rain: Light,0,0,
15135,2021-09-23 19:30:00,40.808006,-73.946075,1,0,Driver Inattention/Distraction,4460495,26.2,18.0,15.6,15.6,0.0,14.0,63,40.7,77.4,156,Rain: Moderate,1,1,
15136,2021-09-23 17:20:00,40.65463,-73.92201,0,0,Unspecified,4460744,26.2,18.0,15.6,15.6,0.0,14.0,63,40.7,77.4,156,Rain: Moderate,0,0,
15137,2021-09-22 17:49:00,40.61868,-73.93143,3,0,Unspecified,4459955,25.3,19.9,5.1,5.1,0.0,15.0,61,29.3,55.1,154,Rain: Light,3,3,
15138,2021-09-22 00:00:00,40.851654,-73.89611,0,0,Driver Inattention/Distraction,4460473,25.3,19.9,5.1,5.1,0.0,15.0,61,29.3,55.1,154,Rain: Light,0,0,
15139,2021-09-22 05:15:00,40.84506,-73.916855,0,0,Unsafe Lane Changing,4459697,25.3,19.9,5.1,5.1,0.0,15.0,61,29.3,55.1,154,Rain: Light,0,0,
15140,2021-09-24 12:10:00,40.786594,-73.96839,0,0,Turning Improperly,4460527,22.4,15.6,26.0,26.0,0.0,9.0,63,14.2,29.9,274,Rain: Moderate,0,0,
15141,2021-09-22 03:47:00,40.60642,-74.120316,0,0,Backing Unsafely,4461391,25.3,19.9,5.1,5.1,0.0,15.0,61,29.3,55.1,154,Rain: Light,0,0,
15142,2021-09-24 08:23:00,40.74198,-73.86119,1,0,Driver Inattention/Distraction,4460464,22.4,15.6,26.0,26.0,0.0,9.0,63,14.2,29.9,274,Rain: Moderate,1,1,
15143,2021-09-22 18:00:00,40.75462,-73.97374,0,0,Unsafe Lane Changing,4459917,25.3,19.9,5.1,5.1,0.0,15.0,61,29.3,55.1,154,Rain: Light,0,0,
15144,2021-09-24 19:10:00,40.74273,-73.91499,1,0,Following Too Closely,4460654,22.4,15.6,26.0,26.0,0.0,9.0,63,14.2,29.9,274,Rain: Moderate,1,1,
15145,2021-09-24 20:18:00,40.87627,-73.888084,1,0,Unsafe Lane Changing,4460706,22.4,15.6,26.0,26.0,0.0,9.0,63,14.2,29.9,274,Rain: Moderate,1,1,
15146,2021-09-20 15:20:00,40.687668,-73.951035,0,0,Passing Too Closely,4461042,23.1,14.9,0.0,0.0,0.0,0.0,3,17.0,34.2,116,Overcast,0,0,
15147,2021-09-22 15:00:00,40.840744,-73.94286,1,0,Driver Inattention/Distraction,4460089,25.3,19.9,5.1,5.1,0.0,15.0,61,29.3,55.1,154,Rain: Light,1,1,
15148,2021-09-23 00:00:00,40.79293,-73.94791,0,0,Passing or Lane Usage Improper,4460580,26.2,18.0,15.6,15.6,0.0,14.0,63,40.7,77.4,156,Rain: Moderate,0,0,
15149,2021-09-22 10:50:00,40.7139,-73.90881,0,0,Failure to Yield Right-of-Way,4459898,25.3,19.9,5.1,5.1,0.0,15.0,61,29.3,55.1,154,Rain: Light,0,0,
15150,2021-09-23 07:35:00,40.760822,-73.99832,0,0,Unspecified,4460548,26.2,18.0,15.6,15.6,0.0,14.0,63,40.7,77.4,156,Rain: Moderate,0,0,
15151,2021-09-23 20:20:00,40.832855,-73.909294,0,0,Unspecified,4460417,26.2,18.0,15.6,15.6,0.0,14.0,63,40.7,77.4,156,Rain: Moderate,0,0,
15152,2021-09-23 00:00:00,40.706345,-73.78921,1,0,Brakes Defective,4460237,26.2,18.0,15.6,15.6,0.0,14.0,63,40.7,77.4,156,Rain: Moderate,1,1,
15153,2021-09-24 23:45:00,40.693787,-73.81173,1,0,Following Too Closely,4461321,22.4,15.6,26.0,26.0,0.0,9.0,63,14.2,29.9,274,Rain: Moderate,1,1,
15154,2021-09-24 18:10:00,40.67556,-73.96334,0,0,Passing or Lane Usage Improper,4461061,22.4,15.6,26.0,26.0,0.0,9.0,63,14.2,29.9,274,Rain: Moderate,0,0,
15155,2021-09-23 08:25:00,40.607628,-74.15947,2,0,Fell Asleep,4460145,26.2,18.0,15.6,15.6,0.0,14.0,63,40.7,77.4,156,Rain: Moderate,2,2,