,CRASH DATETIME,LATITUDE,LONGITUDE,NUMBER OF PERSONS INJURED,NUMBER OF PERSONS KILLED,CONTRIBUTING FACTOR VEHICLE 1,COLLISION_ID,temperature_2m_max,temperature_2m_min,precipitation_sum,rain_sum,snowfall_sum,precipitation_hours,weather_code,wind_speed_10m_max,wind_gusts_10m_max,wind_direction_10m_dominant,Weather Description,Severity_Score,Total_Affected_Persons,Weather_Category
15156,2021-09-24 10:55:00,40.566494,-74.11377,0,0,Unspecified,4461406,22.4,15.6,26.0,26.0,0.0,9.0,63,14.2,29.9,274,Rain: Moderate,0,0,
15157,2021-09-23 09:18:00,40.66536,-73.956985,2,0,Pedestrian/Bicyclist/Other Pedestrian Error/Confusion,4460432,26.2,18.0,15.6,15.6,0.0,14.0,63,40.7,77.4,156,Rain: Moderate,2,2,
15158,2021-09-23 14:20:00,40.79167,-73.95093,0,0,Following Too Closely,4460622,26.2,18.0,15.6,15.6,0.0,14.0,63,40.7,77.4,156,Rain: Moderate,0,0,
15159,2021-09-22 16:02:00,40.6715,-73.91505,2,0,Unspecified,4459982,25.3,19.9,5.1,5.1,0.0,15.0,61,29.3,55.1,154,Rain: Light,2,2,
15160,2021-09-23 05:50:00,40.762676,-73.954346,1,0,Unspecified,4460117,26.2,18.0,15.6,15.6,0.0,14.0,63,40.7,77.4,156,Rain: Moderate,1,1,
15161,2021-09-24 07:40:00,40.809696,-73.92428,0,0,Passing or Lane Usage Improper,4460814,22.4,15.6,26.0,26.0,0.0,9.0,63,14.2,29.9,274,Rain: Moderate,0,0,
15162,2021-09-24 22:27:00,40.7522,-73.99348,1,0,Driver Inattention/Distraction,4461010,22.4,15.6,26.0,26.0,0.0,9.0,63,14.2,29.9,274,Rain: Moderate,1,1,
15163,2021-09-24 00:05:00,40.70444,-73.89374,0,0,Driver Inattention/Distraction,4460699,22.4,15.6,26.0,26.0,0.0,9.0,63,14.2,29.9,274,Rain: Moderate,0,0,
15164,2021-09-23 07:07:00,40.685623,-73.80654,1,0,Reaction to Uninvolved Vehicle,4460158,26.2,18.0,15.6,15.6,0.0,14.0,63,40.7,77.4,156,Rain: Moderate,1,1,
15165,2021-09-09 15:11:00,40.672516,-73.93356,0,0,Driver Inattention/Distraction,4461261,22.4,19.8,18.4,18.4,0.0,15.0,63,17.5,39.2,271,Rain: Moderate,0,0,
15166,2021-09-23 07:24:00,40.798485,-73.93668,1,0,Driver Inattention/Distraction,4460135,26.2,18.0,15.6,15.6,0.0,14.0,63,40.7,77.4,156,Rain: Moderate,1,1,
15167,2021-09-24 16:46:00,40.874714,-73.84512,1,0,Following Too Closely,4461122,22.4,15.6,26.0,26.0,0.0,9.0,63,14.2,29.9,274,Rain: Moderate,1,1,
15168,2021-09-22 10:00:00,40.760586,-73.84592,0,0,Passing Too Closely,4460022,25.3,19.9,5.1,5.1,0.0,15.0,61,29.3,55.1,154,Rain: Light,0,0,
15169,2021-09-24 23:00:00,40.816166,-73.914246,0,0,Unspecified,4460825,22.4,15.6,26.0,26.0,0.0,9.0,63,14.2,29.9,274,Rain: Moderate,0,0,
15170,2021-09-23 11:30:00,40.677998,-74.00415,0,0,Unspecified,4460206,26.2,18.0,15.6,15.6,0.0,14.0,63,40.7,77.4,156,Rain: Moderate,0,0,
15171,2021-09-23 15:15:00,40.71122,-73.72827,0,0,Driver Inattention/Distraction,4460326,26.2,18.0,15.6,15.6,0.0,14.0,63,40.7,77.4,156,Rain: Moderate,0,0,
15172,2021-09-12 22:00:00,40.700104,-73.94726,4,0,Driver Inattention/Distraction,4461038,28.8,18.3,0.0,0.0,0.0,0.0,3,24.3,46.8,233,Overcast,4,4,
15173,2021-09-24 08:00:00,40.815754,-73.89529,0,0,Unspecified,4460501,22.4,15.6,26.0,26.0,0.0,9.0,63,14.2,29.9,274,Rain: Moderate,0,0,
15174,2021-09-22 07:00:00,40.683304,-73.917274,0,0,Unspecified,4459975,25.3,19.9,5.1,5.1,0.0,15.0,61,29.3,55.1,154,Rain: Light,0,0,
15175,2021-09-24 17:25:00,40.586983,-73.98538,0,0,Unsafe Speed,4460948,22.4,15.6,26.0,26.0,0.0,9.0,63,14.2,29.9,274,Rain: Moderate,0,0,
15176,2021-09-23 21:55:00,40.682056,-73.990875,0,0,Unspecified,4460459,26.2,18.0,15.6,15.6,0.0,14.0,63,40.7,77.4,156,Rain: Moderate,0,0,
15177,2021-09-22 06:39:00,40.652683,-73.87684,0,0,Failure to Yield Right-of-Way,4460228,25.3,19.9,5.1,5.1,0.0,15.0,61,29.3,55.1,154,Rain: Light,0,0,
15178,2021-09-24 01:50:00,40.757233,-73.9898,0,0,Unspecified,4460444,22.4,15.6,26.0,26.0,0.0,9.0,63,14.2,29.9,274,Rain: Moderate,0,0,
15179,2021-09-17 11:30:00,40.75469,-73.99536,1,0,Failure to Yield Right-of-Way,4460533,23.6,20.1,1.0,1.0,0.0,7.0,51,20.3,38.9,59,Drizzle: Light,1,1,
15180,2021-09-22 16:23:00,40.78108,-73.985374,0,0,Passing or Lane Usage Improper,4459963,25.3,19.9,5.1,5.1,0.0,15.0,61,29.3,55.1,154,Rain: Light,0,0,
15181,2021-09-23 22:06:00,40.696205,-73.91782,0,0,Failure to Yield Right-of-Way,4460649,26.2,18.0,15.6,15.6,0.0,14.0,63,40.7,77.4,156,Rain: Moderate,0,0,
15182,2021-09-22 04:15:00,40.570465,-74.10977,0,0,Passing Too Closely,4459658,25.3,19.9,5.1,5.1,0.0,15.0,61,29.3,55.1,154,Rain: Light,0,0,
15183,2021-09-23 14:25:00,40.677208,-73.89723,0,0,Other Vehicular,4460252,26.2,18.0,15.6,15.6,0.0,14.0,63,40.7,77.4,156,Rain: Moderate,0,0,
15184,2021-09-24 13:15:00,40.836937,-73.927124,1,0,Passing Too Closely,4460949,22.4,15.6,26.0,26.0,0.0,9.0,63,14.2,29.9,274,Rain: Moderate,1,1,
15185,2021-09-23 08:00:00,40.632366,-73.987724,1,0,Traffic Control Disregarded,4460393,26.2,18.0,15.6,15.6,0.0,14.0,63,40.7,77.4,156,Rain: Moderate,1,1,
15186,2021-09-21 12:45:00,40.749725,-73.98363,1,0,Pedestrian/Bicyclist/Other Pedestrian Error/Confusion,4460591,23.1,16.4,0.0,0.0,0.0,0.0,3,14.2,29.5,108,Overcast,1,1,
15187,2021-08-27 16:05:00,40.67828,-73.958855,0,0,Driver Inattention/Distraction,4461221,32.2,23.4,1.4,1.4,0.0,2.0,55,9.4,22.3,299,Drizzle: Dense,0,0,
15188,2021-09-22 11:45:00,40.754314,-73.98687,1,0,Following Too Closely,4459848,25.3,19.9,5.1,5.1,0.0,15.0,61,29.3,55.1,154,Rain: Light,1,1,
15189,2021-09-23 11:12:00,40.643425,-73.94588,0,0,Unspecified,4460756,26.2,18.0,15.6,15.6,0.0,14.0,63,40.7,77.4,156,Rain: Moderate,0,0,
15190,2021-09-18 16:19:00,40.747135,-73.89242,1,0,Driver Inattention/Distraction,4460516,27.1,19.2,0.2,0.2,0.0,2.0,51,14.6,25.9,349,Drizzle: Light,1,1,
15191,2021-09-22 19:45:00,40.644035,-73.95765,0,0,Unspecified,4460003,25.3,19.9,5.1,5.1,0.0,15.0,61,29.3,55.1,154,Rain: Light,0,0,
15192,2021-09-21 21:10:00,40.72656,-73.83802,0,0,Passing or Lane Usage Improper,4460713,23.1,16.4,0.0,0.0,0.0,0.0,3,14.2,29.5,108,Overcast,0,0,
15193,2021-09-23 14:07:00,40.659172,-73.839874,1,0,Following Too Closely,4460365,26.2,18.0,15.6,15.6,0.0,14.0,63,40.7,77.4,156,Rain: Moderate,1,1,
15194,2021-09-22 20:06:00,40.60981,-73.92251,1,0,Driver Inattention/Distraction,4460323,25.3,19.9,5.1,5.1,0.0,15.0,61,29.3,55.1,154,Rain: Light,1,1,
15195,2021-09-23 11:28:00,40.720867,-73.94333,0,0,Passing Too Closely,4460192,26.2,18.0,15.6,15.6,0.0,14.0,63,40.7,77.4,156,Rain: Moderate,0,0,
15196,2021-09-02 18:00:00,40.722237,-73.90133,0,0,Unspecified,4460694,24.5,15.0,24.6,24.6,0.0,5.0,65,43.0,83.5,344,Rain: Heavy,0,0,
15197,2021-09-24 06:40:00,40.68773,-73.95699,0,0,Driver Inattention/Distraction,4461189,22.4,15.6,26.0,26.0,0.0,9.0,63,14.2,29.9,274,Rain: Moderate,0,0,
15198,2021-09-01 08:00:00,40.67297,-73.96745,0,0,Driver Inattention/Distraction,4461242,23.2,18.4,121.7,121.7,0.0,18.0,65,43.2,78.5,42,Rain: Heavy,0,0,
15199,2021-09-23 19:25:00,40.61879,-73.99426,0,0,Failure to Yield Right-of-Way,4460559,26.2,18.0,15.6,15.6,0.0,14.0,63,40.7,77.4,156,Rain: Moderate,0,0,
15200,2021-09-24 22:20:00,40.68195,-73.89652,4,0,Unsafe Speed,4461072,22.4,15.6,26.0,26.0,0.0,9.0,63,14.2,29.9,274,Rain: Moderate,4,4,
15201,2021-08-19 20:30:00,40.812332,-73.904686,1,0,Aggressive Driving/Road Rage,4460469,30.2,23.4,11.8,11.8,0.0,13.0,61,26.3,53.3,223,Rain: Light,1,1,
15202,2021-09-24 15:52:00,40.611004,-73.91053,1,0,Driver Inattention/Distraction,4460576,22.4,15.6,26.0,26.0,0.0,9.0,63,14.2,29.9,274,Rain: Moderate,1,1,
15203,2021-09-24 17:46:00,40.702286,-73.82796,0,0,Outside Car Distraction,4460730,22.4,15.6,26.0,26.0,0.0,9.0,63,14.2,29.9,274,Rain: Moderate,0,0,
15204,2021-09-24 15:15:00,40.744358,-73.88597,0,0,Driver Inattention/Distraction,4460997,22.4,15.6,26.0,26.0,0.0,9.0,63,14.2,29.9,274,Rain: Moderate,0,0,
15205,2021-09-23 14:10:00,40.692356,-73.911064,0,0,Passing or Lane Usage Improper,4460427,26.2,18.0,15.6,15.6,0.0,14.0,63,40.7,77.4,156,Rain: Moderate,0,0,
15206,2021-09-24 06:20:00,40.871334,-73.86139,1,0,Failure to Yield Right-of-Way,4461180,22.4,15.6,26.0,26.0,0.0,9.0,63,14.2,29.9,274,Rain: Moderate,1,1,
15207,2021-09-23 08:00:00,40.645096,-74.003174,0,0,Unspecified,4460449,26.2,18.0,15.6,15.6,0.0,14.0,63,40.7,77.4,156,Rain: Moderate,0,0,
15208,2021-09-24 14:34:00,40.6715,-73.91505,1,0,Unspecified,4460634,22.4,15.6,26.0,26.0,0.0,9.0,63,14.2,29.9,274,Rain: Moderate,1,1,
15209,2021-09-24 00:00:00,40.712,-73.95652,0,0,Passing or Lane Usage Improper,4460617,22.4,15.6,26.0,26.0,0.0,9.0,63,14.2,29.9,274,Rain: Moderate,0,0,
15210,2021-09-02 16:48:00,40.88221,-73.84658,3,0,Unsafe Speed,4461087,24.5,15.0,24.6,24.6,0.0,5.0,65,43.0,83.5,344,Rain: Heavy,3,3,
15211,2021-09-22 15:17:00,40.699287,-73.80408,0,0,Passing Too Closely,4460008,25.3,19.9,5.1,5.1,0.0,15.0,61,29.3,55.1,154,Rain: Light,0,0,
15212,2021-09-19 03:20:00,40.862225,-73.91116,0,0,Unspecified,4460704,23.6,16.8,0.0,0.0,0.0,0.0,2,17.6,35.6,0,Partly cloudy,0,0,
15213,2021-09-23 18:38:00,40.7956,-73.97111,0,0,Failure to Yield Right-of-Way,4460400,26.2,18.0,15.6,15.6,0.0,14.0,63,40.7,77.4,156,Rain: Moderate,0,0,
15214,2021-09-24 18:30:00,40.771305,-73.87664,1,0,Driver Inattention/Distraction,4460687,22.4,15.6,26.0,26.0,0.0,9.0,63,14.2,29.9,274,Rain: Moderate,1,1,
15215,2021-09-22 07:12:00,40.57477,-74.097626,0,0,Failure to Yield Right-of-Way,4460076,25.3,19.9,5.1,5.1,0.0,15.0,61,29.3,55.1,154,Rain: Light,0,0,
15216,2021-09-14 20:25:00,40.675663,-73.9277,0,0,Passenger Distraction,4461056,26.0,19.0,0.2,0.2,0.0,1.0,51,18.0,35.6,138,Drizzle: Light,0,0,
15217,2021-09-22 16:53:00,40.65802,-73.88248,0,0,Unspecified,4460198,25.3,19.9,5.1,5.1,0.0,15.0,61,29.3,55.1,154,Rain: Light,0,0,
15218,2021-09-24 13:06:00,40.712914,-73.93667,0,0,Driver Inattention/Distraction,4460919,22.4,15.6,26.0,26.0,0.0,9.0,63,14.2,29.9,274,Rain: Moderate,0,0,
15219,2021-09-23 20:50:00,40.74087,-73.98799,0,0,Failure to Yield Right-of-Way,4460718,26.2,18.0,15.6,15.6,0.0,14.0,63,40.7,77.4,156,Rain: Moderate,0,0,
15220,2021-09-22 22:30:00,40.68966,-74.00047,3,0,Driver Inattention/Distraction,4459990,25.3,19.9,5.1,5.1,0.0,15.0,61,29.3,55.1,154,Rain: Light,3,3,
15221,2021-09-24 14:20:00,40.58839,-74.16793,0,0,Driver Inattention/Distraction,4460565,22.4,15.6,26.0,26.0,0.0,9.0,63,14.2,29.9,274,Rain: Moderate,0,0,
15222,2021-09-24 00:59:00,40.8468,-73.931854,0,0,Unsafe Speed,4461160,22.4,15.6,26.0,26.0,0.0,9.0,63,14.2,29.9,274,Rain: Moderate,0,0,
15223,2021-09-24 13:25:00,40.759438,-73.91309,0,0,Unspecified,4460863,22.4,15.6,26.0,26.0,0.0,9.0,63,14.2,29.9,274,Rain: Moderate,0,0,
15224,2021-09-24 16:40:00,40.682404,-73.75181,0,0,Passing or Lane Usage Improper,4460602,22.4,15.6,26.0,26.0,0.0,9.0,63,14.2,29.9,274,Rain: Moderate,0,0,
15225,2021-09-22 23:50:00,40.688667,-73.87548,0,0,Unspecified,4460245,25.3,19.9,5.1,5.1,0.0,15.0,61,29.3,55.1,154,Rain: Light,0,0,
15226,2021-09-01 19:09:00,40.668507,-73.92561,1,0,Turning Improperly,4461252,23.2,18.4,121.7,121.7,0.0,18.0,65,43.2,78.5,42,Rain: Heavy,1,1,
15227,2021-09-24 11:20:00,40.8464,-73.89338,0,0,Driver Inattention/Distraction,4461459,22.4,15.6,26.0,26.0,0.0,9.0,63,14.2,29.9,274,Rain: Moderate,0,0,
15228,2021-09-24 16:20:00,40.650967,-73.97698,1,0,Driver Inattention/Distraction,4460723,22.4,15.6,26.0,26.0,0.0,9.0,63,14.2,29.9,274,Rain: Moderate,1,1,
15229,2021-09-11 00:00:00,40.723648,-73.99103,0,0,Driver Inattention/Distraction,4461300,24.7,12.9,0.0,0.0,0.0,0.0,3,16.6,34.2,246,Overcast,0,0,
15230,2021-09-24 15:54:00,40.72165,-73.94196,0,0,Driver Inattention/Distraction,4461017,22.4,15.6,26.0,26.0,0.0,9.0,63,14.2,29.9,274,Rain: Moderate,0,0,
15231,2021-09-24 14:22:00,40.602135,-74.114876,0,0,Driver Inattention/Distraction,4461400,22.4,15.6,26.0,26.0,0.0,9.0,63,14.2,29.9,274,Rain: Moderate,0,0,
15232,2021-09-22 10:50:00,40.671177,-73.9747,0,0,Turning Improperly,4460112,25.3,19.9,5.1,5.1,0.0,15.0,61,29.3,55.1,154,Rain: Light,0,0,
15233,2021-09-22 16:30:00,40.76652,-73.92059,1,0,View Obstructed/Limited,4460180,25.3,19.9,5.1,5.1,0.0,15.0,61,29.3,55.1,154,Rain: Light,1,1,
15234,2021-09-24 06:18:00,40.670326,-73.88878,0,0,Traffic Control Disregarded,4460412,22.4,15.6,26.0,26.0,0.0,9.0,63,14.2,29.9,274,Rain: Moderate,0,0,
15235,2021-09-21 10:48:00,40.75596,-73.99814,1,0,Failure to Yield Right-of-Way,4460544,23.1,16.4,0.0,0.0,0.0,0.0,3,14.2,29.5,108,Overcast,1,1,
15236,2021-09-24 21:05:00,40.666332,-73.81056,0,0,Driver Inexperience,4461376,22.4,15.6,26.0,26.0,0.0,9.0,63,14.2,29.9,274,Rain: Moderate,0,0,
15237,2021-09-18 23:19:00,40.67417,-73.95671,1,0,Driver Inattention/Distraction,4461292,27.1,19.2,0.2,0.2,0.0,2.0,51,14.6,25.9,349,Drizzle: Light,1,1,
15238,2021-09-24 06:35:00,40.779064,-73.956665,1,0,Backing Unsafely,4460830,22.4,15.6,26.0,26.0,0.0,9.0,63,14.2,29.9,274,Rain: Moderate,1,1,
15239,2021-09-24 17:59:00,40.69597,-73.7766,1,0,Unsafe Lane Changing,4460603,22.4,15.6,26.0,26.0,0.0,9.0,63,14.2,29.9,274,Rain: Moderate,1,1,
15240,2021-09-23 06:05:00,40.814438,-73.89308,0,0,Unspecified,4460060,26.2,18.0,15.6,15.6,0.0,14.0,63,40.7,77.4,156,Rain: Moderate,0,0,
15241,2021-09-20 21:30:00,40.770226,-73.87062,0,0,Driver Inattention/Distraction,4460481,23.1,14.9,0.0,0.0,0.0,0.0,3,17.0,34.2,116,Overcast,0,0,
15242,2020-09-24 22:00:00,40.824757,-73.94052,0,0,Pedestrian/Bicyclist/Other Pedestrian Error/Confusion,4461437,24.5,12.7,0.0,0.0,0.0,0.0,3,15.6,29.2,248,Overcast,0,0,
15243,2021-09-23 18:19:00,40.752327,-73.987465,1,0,Driver Inattention/Distraction,4461016,26.2,18.0,15.6,15.6,0.0,14.0,63,40.7,77.4,156,Rain: Moderate,1,1,
15244,2021-09-19 13:30:00,40.87336,-73.85157,0,0,Driver Inattention/Distraction,4461114,23.6,16.8,0.0,0.0,0.0,0.0,2,17.6,35.6,0,Partly cloudy,0,0,
15245,2021-09-24 08:00:00,40.80751,-73.93413,0,0,Unsafe Lane Changing,4460737,22.4,15.6,26.0,26.0,0.0,9.0,63,14.2,29.9,274,Rain: Moderate,0,0,
15246,2021-09-17 05:00:00,40.771297,-73.90934,0,0,Alcohol Involvement,4460857,23.6,20.1,1.0,1.0,0.0,7.0,51,20.3,38.9,59,Drizzle: Light,0,0,
15247,2021-09-23 06:40:00,40.531425,-74.21779,0,0,Driver Inattention/Distraction,4460333,26.2,18.0,15.6,15.6,0.0,14.0,63,40.7,77.4,156,Rain: Moderate,0,0,
15248,2021-09-24 18:59:00,40.699112,-73.93771,0,0,Driver Inattention/Distraction,4461199,22.4,15.6,26.0,26.0,0.0,9.0,63,14.2,29.9,274,Rain: Moderate,0,0,
15249,2021-09-13 08:00:00,40.712597,-73.79304,1,0,Passing Too Closely,4461033,28.8,21.8,1.1,1.1,0.0,2.0,53,20.1,36.7,277,Drizzle: Moderate,1,1,
15250,2021-09-18 20:05:00,40.758305,-74.000145,1,0,Passing or Lane Usage Improper,4460537,27.1,19.2,0.2,0.2,0.0,2.0,51,14.6,25.9,349,Drizzle: Light,1,1,
15251,2021-09-03 14:30:00,40.676895,-73.93593,0,0,Driver Inattention/Distraction,4461227,21.9,14.0,0.0,0.0,0.0,0.0,3,14.5,30.2,321,Overcast,0,0,
15252,2021-09-23 13:24:00,40.607433,-73.95295,0,0,Unspecified,4460214,26.2,18.0,15.6,15.6,0.0,14.0,63,40.7,77.4,156,Rain: Moderate,0,0,
15253,2021-09-24 14:36:00,40.86187,-73.89178,0,0,Passing Too Closely,4460703,22.4,15.6,26.0,26.0,0.0,9.0,63,14.2,29.9,274,Rain: Moderate,0,0,
15254,2021-09-23 20:08:00,40.67036,-73.77779,1,0,Pavement Slippery,4460476,26.2,18.0,15.6,15.6,0.0,14.0,63,40.7,77.4,156,Rain: Moderate,1,1,
15255,2021-09-22 23:29:00,40.68811,-73.819336,0,0,Passing or Lane Usage Improper,4460369,25.3,19.9,5.1,5.1,0.0,15.0,61,29.3,55.1,154,Rain: Light,0,0,
15256,2021-09-22 20:05:00,40.667164,-73.93407,1,0,Driver Inattention/Distraction,4460065,25.3,19.9,5.1,5.1,0.0,15.0,61,29.3,55.1,154,Rain: Light,1,1,
15257,2021-09-21 19:27:00,40.83022,-73.94769,1,0,Driver Inattention/Distraction,4460645,23.1,16.4,0.0,0.0,0.0,0.0,3,14.2,29.5,108,Overcast,1,1,
15258,2021-09-23 00:30:00,40.662254,-73.94559,1,0,Driver Inattention/Distraction,4460361,26.2,18.0,15.6,15.6,0.0,14.0,63,40.7,77.4,156,Rain: Moderate,1,1,
15259,2021-09-23 12:56:00,40.690456,-73.85379,0,0,Passing Too Closely,4460223,26.2,18.0,15.6,15.6,0.0,14.0,63,40.7,77.4,156,Rain: Moderate,0,0,
15260,2021-09-22 05:10:00,40.68843,-73.89132,0,0,Tire Failure/Inadequate,4459624,25.3,19.9,5.1,5.1,0.0,15.0,61,29.3,55.1,154,Rain: Light,0,0,
15261,2021-09-23 14:20:00,40.7194,-73.76336,1,0,Unspecified,4460316,26.2,18.0,15.6,15.6,0.0,14.0,63,40.7,77.4,156,Rain: Moderate,1,1,
15262,2021-09-14 11:00:00,40.597466,-73.80037,0,0,Unspecified,4461165,26.0,19.0,0.2,0.2,0.0,1.0,51,18.0,35.6,138,Drizzle: Light,0,0,
15263,2021-09-22 08:40:00,40.79147,-73.94684,0,0,Following Too Closely,4460587,25.3,19.9,5.1,5.1,0.0,15.0,61,29.3,55.1,154,Rain: Light,0,0,
15264,2021-09-24 08:30:00,40.590305,-73.95265,0,0,Unspecified,4460520,22.4,15.6,26.0,26.0,0.0,9.0,63,14.2,29.9,274,Rain: Moderate,0,0,
15265,2021-09-24 07:45:00,40.702713,-73.937325,0,0,Pavement Defective,4460513,22.4,15.6,26.0,26.0,0.0,9.0,63,14.2,29.9,274,Rain: Moderate,0,0,
15266,2021-09-23 09:15:00,40.672657,-73.8848,0,0,Driver Inattention/Distraction,4460246,26.2,18.0,15.6,15.6,0.0,14.0,63,40.7,77.4,156,Rain: Moderate,0,0,
15267,2021-09-22 12:28:00,40.68781,-73.9237,0,0,Reaction to Uninvolved Vehicle,4459974,25.3,19.9,5.1,5.1,0.0,15.0,61,29.3,55.1,154,Rain: Light,0,0,
15268,2021-09-23 06:00:00,40.726067,-73.9089,1,0,,4460764,26.2,18.0,15.6,15.6,0.0,14.0,63,40.7,77.4,156,Rain: Moderate,1,1,
15269,2021-09-24 21:56:00,40.679085,-73.82634,0,0,Failure to Yield Right-of-Way,4461347,22.4,15.6,26.0,26.0,0.0,9.0,63,14.2,29.9,274,Rain: Moderate,0,0,
15270,2021-09-23 08:54:00,40.85482,-73.9112,0,0,Unsafe Lane Changing,4460128,26.2,18.0,15.6,15.6,0.0,14.0,63,40.7,77.4,156,Rain: Moderate,0,0,
15271,2021-09-22 08:40:00,40.63396,-74.01476,0,0,Passing or Lane Usage Improper,4459840,25.3,19.9,5.1,5.1,0.0,15.0,61,29.3,55.1,154,Rain: Light,0,0,
15272,2021-09-24 19:30:00,40.743298,-73.861374,0,0,Driver Inattention/Distraction,4460777,22.4,15.6,26.0,26.0,0.0,9.0,63,14.2,29.9,274,Rain: Moderate,0,0,
15273,2021-09-23 16:30:00,40.752644,-74.00428,1,0,Driver Inattention/Distraction,4460555,26.2,18.0,15.6,15.6,0.0,14.0,63,40.7,77.4,156,Rain: Moderate,1,1,
15274,2021-09-24 15:00:00,40.64242,-73.961754,1,0,Unspecified,4460904,22.4,15.6,26.0,26.0,0.0,9.0,63,14.2,29.9,274,Rain: Moderate,1,1,
15275,2021-09-17 13:22:00,40.66319,-73.93727,2,0,Driver Inattention/Distraction,4460572,23.6,20.1,1.0,1.0,0.0,7.0,51,20.3,38.9,59,Drizzle: Light,2,2,
15276,2021-09-19 00:00:00,40.813663,-73.931244,1,0,Reaction to Uninvolved Vehicle,4460817,23.6,16.8,0.0,0.0,0.0,0.0,2,17.6,35.6,0,Partly cloudy,1,1,
15277,2021-09-24 09:40:00,40.62436,-74.15627,1,0,Unspecified,4460508,22.4,15.6,26.0,26.0,0.0,9.0,63,14.2,29.9,274,Rain: Moderate,1,1,
15278,2021-04-19 00:00:00,40.659485,-73.918304,3,0,Unspecified,4408913,16.9,5.0,0.0,0.0,0.0,0.0,3,14.7,31.0,214,Overcast,3,3,
15279,2021-04-26 18:19:00,40.77691,-73.95748,0,0,Other Vehicular,4410853,13.7,3.7,0.0,0.0,0.0,0.0,2,27.3,52.6,311,Partly cloudy,0,0,
15280,2021-09-22 15:26:00,40.860516,-73.9146,0,0,Driver Inexperience,4460123,25.3,19.9,5.1,5.1,0.0,15.0,61,29.3,55.1,154,Rain: Light,0,0,
15281,2021-04-30 06:02:00,40.815685,-73.9583,3,0,Unspecified,4412460,19.9,7.6,0.4,0.4,0.0,4.0,51,36.9,82.1,289,Drizzle: Light,3,3,
15282,2021-05-04 11:15:00,40.824085,-73.87622,0,0,Unspecified,4413211,22.2,11.1,13.2,13.2,0.0,6.0,63,18.9,42.8,74,Rain: Moderate,0,0,
15283,2021-05-05 06:55:00,40.705128,-73.7466,0,0,Unspecified,4413717,15.1,10.8,9.9,9.9,0.0,17.0,61,21.5,42.5,23,Rain: Light,0,0,
15284,2021-05-07 23:45:00,40.7712,-73.83345,3,0,View Obstructed/Limited,4414451,16.4,7.7,0.0,0.0,0.0,0.0,3,15.8,32.4,73,Overcast,3,3,
15285,2021-05-09 11:20:00,40.694546,-73.73828,0,0,Unspecified,4414679,16.7,5.8,8.6,8.6,0.0,8.0,61,18.9,38.9,250,Rain: Light,0,0,
15286,2021-05-02 15:55:00,40.579197,-73.98195,0,0,Driver Inattention/Distraction,4415985,26.3,11.3,0.0,0.0,0.0,0.0,3,23.0,43.9,251,Overcast,0,0,
15287,2021-05-12 02:00:00,40.72025,-74.003746,0,0,Unspecified,4416232,17.9,5.8,0.0,0.0,0.0,0.0,2,20.0,41.0,317,Partly cloudy,0,0,
15288,2021-05-10 07:30:00,40.78944,-73.82045,0,0,Obstruction/Debris,4415186,14.9,8.3,3.3,3.3,0.0,7.0,55,18.8,58.3,339,Drizzle: Dense,0,0,
15289,2021-05-12 18:19:00,40.607765,-73.98255,1,0,Unspecified,4416717,17.9,5.8,0.0,0.0,0.0,0.0,2,20.0,41.0,317,Partly cloudy,1,1,
15290,2021-05-14 07:32:00,40.861347,-73.897736,2,0,Unspecified,4416376,21.6,7.5,0.0,0.0,0.0,0.0,2,14.3,25.2,276,Partly cloudy,2,2,
15291,2021-05-12 13:35:00,40.640274,-73.99025,0,0,Unspecified,4417276,17.9,5.8,0.0,0.0,0.0,0.0,2,20.0,41.0,317,Partly cloudy,0,0,
15292,2021-05-14 19:36:00,40.68836,-73.8915,1,0,Unspecified,4417041,21.6,7.5,0.0,0.0,0.0,0.0,2,14.3,25.2,276,Partly cloudy,1,1,
15293,2021-05-12 06:11:00,40.639297,-73.91749,0,0,Unspecified,4416149,17.9,5.8,0.0,0.0,0.0,0.0,2,20.0,41.0,317,Partly cloudy,0,0,
15294,2021-05-13 21:20:00,40.722298,-73.99713,1,0,Failure to Yield Right-of-Way,4416750,19.1,7.2,0.0,0.0,0.0,0.0,1,15.8,27.4,315,Mainly clear,1,1,Sunny/Clear Conditions
15295,2021-05-05 15:20:00,40.697002,-73.95461,0,0,Passing Too Closely,4416884,15.1,10.8,9.9,9.9,0.0,17.0,61,21.5,42.5,23,Rain: Light,0,0,
15296,2021-05-12 14:50:00,40.74613,-73.83605,0,0,Driver Inattention/Distraction,4415969,17.9,5.8,0.0,0.0,0.0,0.0,2,20.0,41.0,317,Partly cloudy,0,0,
15297,2021-05-09 17:40:00,40.837864,-73.9114,0,0,Turning Improperly,4416364,16.7,5.8,8.6,8.6,0.0,8.0,61,18.9,38.9,250,Rain: Light,0,0,
15298,2021-05-12 13:15:00,40.6772,-73.94147,0,0,Passing Too Closely,4416987,17.9,5.8,0.0,0.0,0.0,0.0,2,20.0,41.0,317,Partly cloudy,0,0,