,CRASH DATETIME,LATITUDE,LONGITUDE,NUMBER OF PERSONS INJURED,NUMBER OF PERSONS KILLED,CONTRIBUTING FACTOR VEHICLE 1,COLLISION_ID,temperature_2m_max,temperature_2m_min,precipitation_sum,rain_sum,snowfall_sum,precipitation_hours,weather_code,wind_speed_10m_max,wind_gusts_10m_max,wind_direction_10m_dominant,Weather Description,Severity_Score,Total_Affected_Persons,Weather_Category
15299,2021-05-11 11:50:00,40.69969,-73.91557,1,0,Failure to Yield Right-of-Way,4415705,16.7,8.2,0.0,0.0,0.0,0.0,3,27.0,51.1,292,Overcast,1,1,
15300,2021-05-13 12:22:00,40.77039,-73.91771,1,0,Unspecified,4416809,19.1,7.2,0.0,0.0,0.0,0.0,1,15.8,27.4,315,Mainly clear,1,1,Sunny/Clear Conditions
15301,2021-05-14 14:46:00,40.73725,-73.91799,0,0,Driver Inattention/Distraction,4416530,21.6,7.5,0.0,0.0,0.0,0.0,2,14.3,25.2,276,Partly cloudy,0,0,
15302,2021-05-14 15:19:00,40.699043,-73.73812,0,0,Driver Inattention/Distraction,4416508,21.6,7.5,0.0,0.0,0.0,0.0,2,14.3,25.2,276,Partly cloudy,0,0,
15303,2021-05-12 23:15:00,40.68476,-73.78742,0,0,Passing or Lane Usage Improper,4416100,17.9,5.8,0.0,0.0,0.0,0.0,2,20.0,41.0,317,Partly cloudy,0,0,
15304,2021-05-10 14:00:00,40.574593,-73.98764,0,0,Passing Too Closely,4415241,14.9,8.3,3.3,3.3,0.0,7.0,55,18.8,58.3,339,Drizzle: Dense,0,0,
15305,2021-05-14 19:26:00,40.64491,-73.92192,0,0,Failure to Yield Right-of-Way,4416965,21.6,7.5,0.0,0.0,0.0,0.0,2,14.3,25.2,276,Partly cloudy,0,0,
15306,2021-05-10 18:35:00,40.873234,-73.86821,1,0,Unspecified,4415819,14.9,8.3,3.3,3.3,0.0,7.0,55,18.8,58.3,339,Drizzle: Dense,1,1,
15307,2021-05-11 11:40:00,40.72225,-74.00592,0,0,Unspecified,4417192,16.7,8.2,0.0,0.0,0.0,0.0,3,27.0,51.1,292,Overcast,0,0,
15308,2021-05-13 08:00:00,40.660755,-73.87611,0,0,Other Vehicular,4416445,19.1,7.2,0.0,0.0,0.0,0.0,1,15.8,27.4,315,Mainly clear,0,0,Sunny/Clear Conditions
15309,2021-05-10 13:30:00,40.839832,-73.92392,0,0,Passing Too Closely,4416584,14.9,8.3,3.3,3.3,0.0,7.0,55,18.8,58.3,339,Drizzle: Dense,0,0,
15310,2021-05-12 22:28:00,40.64404,-73.877525,0,0,Unspecified,4416186,17.9,5.8,0.0,0.0,0.0,0.0,2,20.0,41.0,317,Partly cloudy,0,0,
15311,2021-05-13 20:35:00,40.66422,-73.95846,0,0,Driver Inexperience,4416249,19.1,7.2,0.0,0.0,0.0,0.0,1,15.8,27.4,315,Mainly clear,0,0,Sunny/Clear Conditions
15312,2021-05-11 00:00:00,40.76296,-73.887665,2,0,Failure to Yield Right-of-Way,4415671,16.7,8.2,0.0,0.0,0.0,0.0,3,27.0,51.1,292,Overcast,2,2,
15313,2021-05-13 02:37:00,40.754986,-73.74535,0,0,Pavement Defective,4415968,19.1,7.2,0.0,0.0,0.0,0.0,1,15.8,27.4,315,Mainly clear,0,0,Sunny/Clear Conditions
15314,2021-05-10 18:30:00,40.588684,-74.09021,0,0,Unsafe Speed,4415570,14.9,8.3,3.3,3.3,0.0,7.0,55,18.8,58.3,339,Drizzle: Dense,0,0,
15315,2021-05-13 16:25:00,40.71426,-73.77713,1,0,Reaction to Uninvolved Vehicle,4416233,19.1,7.2,0.0,0.0,0.0,0.0,1,15.8,27.4,315,Mainly clear,1,1,Sunny/Clear Conditions
15316,2021-09-24 08:30:00,40.720535,-73.75682,0,0,Driver Inattention/Distraction,4460613,22.4,15.6,26.0,26.0,0.0,9.0,63,14.2,29.9,274,Rain: Moderate,0,0,
15317,2021-05-10 18:00:00,40.645924,-74.08603,0,0,Driver Inattention/Distraction,4415858,14.9,8.3,3.3,3.3,0.0,7.0,55,18.8,58.3,339,Drizzle: Dense,0,0,
15318,2021-05-13 07:00:00,40.777874,-73.95175,1,0,Reaction to Uninvolved Vehicle,4416302,19.1,7.2,0.0,0.0,0.0,0.0,1,15.8,27.4,315,Mainly clear,1,1,Sunny/Clear Conditions
15319,2021-09-24 17:15:00,40.572754,-74.11404,1,0,Unspecified,4461401,22.4,15.6,26.0,26.0,0.0,9.0,63,14.2,29.9,274,Rain: Moderate,1,1,
15320,2021-05-11 12:13:00,40.70058,-73.80775,2,0,Lost Consciousness,4415546,16.7,8.2,0.0,0.0,0.0,0.0,3,27.0,51.1,292,Overcast,2,2,
15321,2021-05-13 17:30:00,40.861988,-73.90285,0,0,Driver Inexperience,4416281,19.1,7.2,0.0,0.0,0.0,0.0,1,15.8,27.4,315,Mainly clear,0,0,Sunny/Clear Conditions
15322,2021-05-10 00:03:00,40.83027,-73.94393,0,0,Driver Inattention/Distraction,4414796,14.9,8.3,3.3,3.3,0.0,7.0,55,18.8,58.3,339,Drizzle: Dense,0,0,
15323,2021-09-24 16:40:00,40.73296,-73.80127,0,0,Driver Inattention/Distraction,4461052,22.4,15.6,26.0,26.0,0.0,9.0,63,14.2,29.9,274,Rain: Moderate,0,0,
15324,2021-04-30 12:00:00,40.816555,-73.91677,0,0,Passing or Lane Usage Improper,4416117,19.9,7.6,0.4,0.4,0.0,4.0,51,36.9,82.1,289,Drizzle: Light,0,0,
15325,2021-05-12 18:15:00,40.74359,-73.92242,0,0,Driver Inattention/Distraction,4415895,17.9,5.8,0.0,0.0,0.0,0.0,2,20.0,41.0,317,Partly cloudy,0,0,
15326,2021-05-11 17:57:00,40.820095,-73.955086,1,0,Driver Inattention/Distraction,4416006,16.7,8.2,0.0,0.0,0.0,0.0,3,27.0,51.1,292,Overcast,1,1,
15327,2021-05-14 23:25:00,40.75829,-73.83431,0,0,Traffic Control Disregarded,4416673,21.6,7.5,0.0,0.0,0.0,0.0,2,14.3,25.2,276,Partly cloudy,0,0,
15328,2021-05-10 20:35:00,40.75372,-73.83283,0,0,Passing or Lane Usage Improper,4415220,14.9,8.3,3.3,3.3,0.0,7.0,55,18.8,58.3,339,Drizzle: Dense,0,0,
15329,2021-05-06 11:50:00,40.826492,-73.907745,1,0,Failure to Yield Right-of-Way,4417155,17.3,8.7,0.0,0.0,0.0,0.0,3,22.6,43.6,313,Overcast,1,1,
15330,2021-05-14 16:30:00,40.825428,-73.93631,1,0,Pedestrian/Bicyclist/Other Pedestrian Error/Confusion,4417167,21.6,7.5,0.0,0.0,0.0,0.0,2,14.3,25.2,276,Partly cloudy,1,1,
15331,2021-05-14 11:47:00,40.778362,-73.955,1,0,Driver Inattention/Distraction,4416450,21.6,7.5,0.0,0.0,0.0,0.0,2,14.3,25.2,276,Partly cloudy,1,1,
15332,2021-05-11 00:00:00,40.871765,-73.891,1,0,Oversized Vehicle,4415686,16.7,8.2,0.0,0.0,0.0,0.0,3,27.0,51.1,292,Overcast,1,1,
15333,2021-05-13 22:27:00,40.828316,-73.93118,1,0,Failure to Yield Right-of-Way,4416371,19.1,7.2,0.0,0.0,0.0,0.0,1,15.8,27.4,315,Mainly clear,1,1,Sunny/Clear Conditions
15334,2021-05-12 01:17:00,40.873222,-73.83747,0,0,Driver Inattention/Distraction,4415821,17.9,5.8,0.0,0.0,0.0,0.0,2,20.0,41.0,317,Partly cloudy,0,0,
15335,2021-05-09 02:39:00,40.848625,-73.93425,0,0,Oversized Vehicle,4415692,16.7,5.8,8.6,8.6,0.0,8.0,61,18.9,38.9,250,Rain: Light,0,0,
15336,2021-05-11 16:34:00,40.828804,-73.88686,0,0,Unsafe Speed,4415748,16.7,8.2,0.0,0.0,0.0,0.0,3,27.0,51.1,292,Overcast,0,0,
15337,2021-05-13 13:35:00,40.82244,-73.90199,0,0,Unspecified,4416317,19.1,7.2,0.0,0.0,0.0,0.0,1,15.8,27.4,315,Mainly clear,0,0,Sunny/Clear Conditions
15338,2021-05-14 22:47:00,40.641407,-73.91229,1,0,Unspecified,4416556,21.6,7.5,0.0,0.0,0.0,0.0,2,14.3,25.2,276,Partly cloudy,1,1,
15339,2021-05-12 02:45:00,40.87351,-73.904076,0,0,Backing Unsafely,4415863,17.9,5.8,0.0,0.0,0.0,0.0,2,20.0,41.0,317,Partly cloudy,0,0,
15340,2021-05-14 17:05:00,40.65835,-73.76471,0,0,Passing or Lane Usage Improper,4416498,21.6,7.5,0.0,0.0,0.0,0.0,2,14.3,25.2,276,Partly cloudy,0,0,
15341,2021-05-10 16:56:00,40.68372,-73.78468,1,0,Failure to Yield Right-of-Way,4416102,14.9,8.3,3.3,3.3,0.0,7.0,55,18.8,58.3,339,Drizzle: Dense,1,1,
15342,2021-05-11 18:49:00,40.63612,-74.138245,0,0,Unspecified,4416345,16.7,8.2,0.0,0.0,0.0,0.0,3,27.0,51.1,292,Overcast,0,0,
15343,2021-05-13 14:00:00,40.727867,-73.99315,1,0,Brakes Defective,4416875,19.1,7.2,0.0,0.0,0.0,0.0,1,15.8,27.4,315,Mainly clear,1,1,Sunny/Clear Conditions
15344,2021-05-10 09:20:00,40.619083,-73.950264,1,0,Unspecified,4415267,14.9,8.3,3.3,3.3,0.0,7.0,55,18.8,58.3,339,Drizzle: Dense,1,1,
15345,2021-05-05 12:21:00,40.723938,-73.94136,0,0,Following Too Closely,4416023,15.1,10.8,9.9,9.9,0.0,17.0,61,21.5,42.5,23,Rain: Light,0,0,
15346,2021-05-13 00:32:00,40.82193,-73.88844,1,0,Unsafe Speed,4416070,19.1,7.2,0.0,0.0,0.0,0.0,1,15.8,27.4,315,Mainly clear,1,1,Sunny/Clear Conditions
15347,2021-04-29 17:09:00,40.76532,-73.771904,0,0,Passing or Lane Usage Improper,4416667,22.5,12.9,3.8,3.8,0.0,9.0,53,25.6,50.8,199,Drizzle: Moderate,0,0,
15348,2021-05-11 14:40:00,40.78944,-73.82045,0,0,Backing Unsafely,4415601,16.7,8.2,0.0,0.0,0.0,0.0,3,27.0,51.1,292,Overcast,0,0,
15349,2021-05-13 17:00:00,40.661594,-73.979355,0,0,Traffic Control Disregarded,4416408,19.1,7.2,0.0,0.0,0.0,0.0,1,15.8,27.4,315,Mainly clear,0,0,Sunny/Clear Conditions
15350,2021-04-20 13:50:00,40.69006,-73.923615,0,0,Driver Inattention/Distraction,4417086,21.4,6.5,0.0,0.0,0.0,0.0,3,26.0,56.2,223,Overcast,0,0,
15351,2021-05-14 17:30:00,40.72908,-73.88134,2,0,Driver Inattention/Distraction,4416942,21.6,7.5,0.0,0.0,0.0,0.0,2,14.3,25.2,276,Partly cloudy,2,2,
15352,2021-05-13 13:40:00,40.60679,-73.97151,1,0,Driver Inattention/Distraction,4416334,19.1,7.2,0.0,0.0,0.0,0.0,1,15.8,27.4,315,Mainly clear,1,1,Sunny/Clear Conditions
15353,2021-05-13 15:55:00,40.744984,-73.98992,1,0,Unspecified,4416864,19.1,7.2,0.0,0.0,0.0,0.0,1,15.8,27.4,315,Mainly clear,1,1,Sunny/Clear Conditions
15354,2021-05-11 17:39:00,40.86558,-73.89888,1,0,Driver Inattention/Distraction,4415640,16.7,8.2,0.0,0.0,0.0,0.0,3,27.0,51.1,292,Overcast,1,1,
15355,2021-05-14 14:12:00,40.64165,-73.879196,0,0,Driver Inattention/Distraction,4417220,21.6,7.5,0.0,0.0,0.0,0.0,2,14.3,25.2,276,Partly cloudy,0,0,
15356,2021-05-12 16:25:00,40.59589,-74.085884,0,0,Turning Improperly,4416081,17.9,5.8,0.0,0.0,0.0,0.0,2,20.0,41.0,317,Partly cloudy,0,0,
15357,2021-05-14 08:00:00,40.79525,-73.97321,0,0,Passing or Lane Usage Improper,4416413,21.6,7.5,0.0,0.0,0.0,0.0,2,14.3,25.2,276,Partly cloudy,0,0,
15358,2021-05-12 00:05:00,40.68213,-73.865,2,0,Unsafe Speed,4417137,17.9,5.8,0.0,0.0,0.0,0.0,2,20.0,41.0,317,Partly cloudy,2,2,
15359,2021-05-10 01:45:00,40.86067,-73.90681,0,0,Unsafe Speed,4414859,14.9,8.3,3.3,3.3,0.0,7.0,55,18.8,58.3,339,Drizzle: Dense,0,0,
15360,2021-05-12 12:46:00,40.80238,-73.954605,0,0,Unspecified,4416213,17.9,5.8,0.0,0.0,0.0,0.0,2,20.0,41.0,317,Partly cloudy,0,0,
15361,2021-05-06 00:15:00,40.610725,-74.08635,4,0,Traffic Control Disregarded,4415789,17.3,8.7,0.0,0.0,0.0,0.0,3,22.6,43.6,313,Overcast,4,4,
15362,2021-05-10 18:40:00,40.656258,-73.87813,3,0,Unspecified,4415312,14.9,8.3,3.3,3.3,0.0,7.0,55,18.8,58.3,339,Drizzle: Dense,3,3,
15363,2021-05-11 15:48:00,40.78961,-73.97362,0,0,Passing Too Closely,4415568,16.7,8.2,0.0,0.0,0.0,0.0,3,27.0,51.1,292,Overcast,0,0,
15364,2021-05-13 16:26:00,40.711845,-73.859764,0,0,Passing or Lane Usage Improper,4416482,19.1,7.2,0.0,0.0,0.0,0.0,1,15.8,27.4,315,Mainly clear,0,0,Sunny/Clear Conditions
15365,2021-05-08 11:20:00,40.65799,-73.996925,0,0,Unspecified,4415719,11.6,7.7,4.3,4.3,0.0,9.0,61,17.5,36.4,140,Rain: Light,0,0,
15366,2021-05-14 20:35:00,40.80934,-73.91248,1,0,Driver Inattention/Distraction,4416628,21.6,7.5,0.0,0.0,0.0,0.0,2,14.3,25.2,276,Partly cloudy,1,1,
15367,2021-09-24 17:10:00,40.810738,-73.92665,0,0,Unspecified,4460824,22.4,15.6,26.0,26.0,0.0,9.0,63,14.2,29.9,274,Rain: Moderate,0,0,
15368,2021-05-11 08:50:00,40.75687,-73.89034,0,0,Unspecified,4415780,16.7,8.2,0.0,0.0,0.0,0.0,3,27.0,51.1,292,Overcast,0,0,
15369,2021-05-12 10:00:00,40.70911,-73.93707,0,0,Driver Inattention/Distraction,4415995,17.9,5.8,0.0,0.0,0.0,0.0,2,20.0,41.0,317,Partly cloudy,0,0,
15370,2021-05-13 20:30:00,40.83634,-73.94001,0,0,Passing or Lane Usage Improper,4417111,19.1,7.2,0.0,0.0,0.0,0.0,1,15.8,27.4,315,Mainly clear,0,0,Sunny/Clear Conditions
15371,2021-05-11 17:41:00,40.636288,-74.005165,0,0,Unspecified,4415954,16.7,8.2,0.0,0.0,0.0,0.0,3,27.0,51.1,292,Overcast,0,0,
15372,2021-05-11 00:00:00,40.69441,-73.97606,0,0,Unspecified,4415593,16.7,8.2,0.0,0.0,0.0,0.0,3,27.0,51.1,292,Overcast,0,0,
15373,2021-05-12 14:45:00,40.648643,-73.96075,1,0,Other Vehicular,4416017,17.9,5.8,0.0,0.0,0.0,0.0,2,20.0,41.0,317,Partly cloudy,1,1,
15374,2021-05-11 07:25:00,40.646572,-73.89617,1,0,Unspecified,4416688,16.7,8.2,0.0,0.0,0.0,0.0,3,27.0,51.1,292,Overcast,1,1,
15375,2021-05-11 11:15:00,40.740875,-73.89962,0,0,Driver Inattention/Distraction,4415501,16.7,8.2,0.0,0.0,0.0,0.0,3,27.0,51.1,292,Overcast,0,0,
15376,2021-05-12 22:30:00,40.666233,-73.761,0,0,Driver Inattention/Distraction,4415937,17.9,5.8,0.0,0.0,0.0,0.0,2,20.0,41.0,317,Partly cloudy,0,0,
15377,2021-05-13 14:30:00,40.696983,-73.935234,1,0,Driver Inattention/Distraction,4416935,19.1,7.2,0.0,0.0,0.0,0.0,1,15.8,27.4,315,Mainly clear,1,1,Sunny/Clear Conditions
15378,2021-05-13 23:50:00,40.841522,-73.87885,1,0,Failure to Yield Right-of-Way,4416381,19.1,7.2,0.0,0.0,0.0,0.0,1,15.8,27.4,315,Mainly clear,1,1,Sunny/Clear Conditions
15379,2021-05-13 04:20:00,40.664375,-73.92376,0,0,Unspecified,4416201,19.1,7.2,0.0,0.0,0.0,0.0,1,15.8,27.4,315,Mainly clear,0,0,Sunny/Clear Conditions
15380,2021-05-13 14:50:00,40.723625,-74.00479,0,0,Following Too Closely,4416513,19.1,7.2,0.0,0.0,0.0,0.0,1,15.8,27.4,315,Mainly clear,0,0,Sunny/Clear Conditions
15381,2021-04-26 23:20:00,40.8073,-73.9444,1,0,Unspecified,4417012,13.7,3.7,0.0,0.0,0.0,0.0,2,27.3,52.6,311,Partly cloudy,1,1,
15382,2021-05-14 08:25:00,40.746735,-73.74947,0,0,Failure to Yield Right-of-Way,4417028,21.6,7.5,0.0,0.0,0.0,0.0,2,14.3,25.2,276,Partly cloudy,0,0,
15383,2021-05-10 00:50:00,40.867424,-73.89182,1,0,Failure to Yield Right-of-Way,4414965,14.9,8.3,3.3,3.3,0.0,7.0,55,18.8,58.3,339,Drizzle: Dense,1,1,
15384,2021-05-10 00:05:00,40.669857,-73.95051,1,0,Driver Inattention/Distraction,4416418,14.9,8.3,3.3,3.3,0.0,7.0,55,18.8,58.3,339,Drizzle: Dense,1,1,
15385,2021-05-07 10:30:00,40.689693,-73.92679,0,0,Driver Inattention/Distraction,4416921,16.4,7.7,0.0,0.0,0.0,0.0,3,15.8,32.4,73,Overcast,0,0,
15386,2021-05-11 22:08:00,40.74147,-73.985435,0,0,Failure to Yield Right-of-Way,4415725,16.7,8.2,0.0,0.0,0.0,0.0,3,27.0,51.1,292,Overcast,0,0,
15387,2021-04-19 18:00:00,40.57666,-73.965836,0,0,Passing Too Closely,4415724,16.9,5.0,0.0,0.0,0.0,0.0,3,14.7,31.0,214,Overcast,0,0,
15388,2021-09-24 08:12:00,40.644344,-73.950806,1,0,Unspecified,4460789,22.4,15.6,26.0,26.0,0.0,9.0,63,14.2,29.9,274,Rain: Moderate,1,1,
15389,2021-05-13 11:52:00,40.615932,-73.95673,1,0,Unspecified,4416695,19.1,7.2,0.0,0.0,0.0,0.0,1,15.8,27.4,315,Mainly clear,1,1,Sunny/Clear Conditions
15390,2021-05-11 23:00:00,40.874474,-73.90031,0,0,Unspecified,4415873,16.7,8.2,0.0,0.0,0.0,0.0,3,27.0,51.1,292,Overcast,0,0,
15391,2021-05-12 17:20:00,40.611324,-74.00602,1,0,Failure to Yield Right-of-Way,4415890,17.9,5.8,0.0,0.0,0.0,0.0,2,20.0,41.0,317,Partly cloudy,1,1,
15392,2021-05-10 00:00:00,40.737785,-73.93496,1,0,Failure to Yield Right-of-Way,4415840,14.9,8.3,3.3,3.3,0.0,7.0,55,18.8,58.3,339,Drizzle: Dense,1,1,
15393,2021-05-13 22:30:00,40.74091,-73.83727,0,0,Unspecified,4416504,19.1,7.2,0.0,0.0,0.0,0.0,1,15.8,27.4,315,Mainly clear,0,0,Sunny/Clear Conditions
15394,2021-05-11 14:40:00,40.82523,-73.94761,1,0,Driver Inattention/Distraction,4416137,16.7,8.2,0.0,0.0,0.0,0.0,3,27.0,51.1,292,Overcast,1,1,
15395,2021-05-13 00:03:00,40.730553,-74.010376,0,0,Other Vehicular,4416055,19.1,7.2,0.0,0.0,0.0,0.0,1,15.8,27.4,315,Mainly clear,0,0,Sunny/Clear Conditions
15396,2021-05-13 18:30:00,40.810047,-73.92515,0,0,Unspecified,4416635,19.1,7.2,0.0,0.0,0.0,0.0,1,15.8,27.4,315,Mainly clear,0,0,Sunny/Clear Conditions
15397,2021-05-03 12:00:00,40.895912,-73.84863,0,0,Driver Inattention/Distraction,4415812,15.8,11.4,5.7,5.7,0.0,7.0,61,14.5,47.2,53,Rain: Light,0,0,
15398,2021-05-13 18:00:00,40.83988,-73.916794,0,0,Unspecified,4416580,19.1,7.2,0.0,0.0,0.0,0.0,1,15.8,27.4,315,Mainly clear,0,0,Sunny/Clear Conditions
15399,2021-05-14 15:30:00,40.605556,-73.99369,0,0,Driver Inattention/Distraction,4416723,21.6,7.5,0.0,0.0,0.0,0.0,2,14.3,25.2,276,Partly cloudy,0,0,
15400,2021-05-14 07:10:00,40.677505,-73.99979,0,0,Unspecified,4416616,21.6,7.5,0.0,0.0,0.0,0.0,2,14.3,25.2,276,Partly cloudy,0,0,
15401,2021-05-14 14:00:00,40.755997,-73.9944,0,0,Following Too Closely,4416762,21.6,7.5,0.0,0.0,0.0,0.0,2,14.3,25.2,276,Partly cloudy,0,0,
15402,2021-05-13 20:40:00,40.800964,-73.971016,2,0,Failure to Yield Right-of-Way,4416253,19.1,7.2,0.0,0.0,0.0,0.0,1,15.8,27.4,315,Mainly clear,2,2,Sunny/Clear Conditions
15403,2021-05-13 13:15:00,40.804745,-73.91194,0,0,Driver Inattention/Distraction,4416285,19.1,7.2,0.0,0.0,0.0,0.0,1,15.8,27.4,315,Mainly clear,0,0,Sunny/Clear Conditions
15404,2021-05-13 17:45:00,40.681522,-73.983284,1,0,Failure to Yield Right-of-Way,4416403,19.1,7.2,0.0,0.0,0.0,0.0,1,15.8,27.4,315,Mainly clear,1,1,Sunny/Clear Conditions
15405,2021-05-12 14:00:00,40.668568,-73.94437,0,0,Passing Too Closely,4415878,17.9,5.8,0.0,0.0,0.0,0.0,2,20.0,41.0,317,Partly cloudy,0,0,
15406,2021-05-14 14:30:00,40.82463,-73.91059,0,0,Passing Too Closely,4416791,21.6,7.5,0.0,0.0,0.0,0.0,2,14.3,25.2,276,Partly cloudy,0,0,
15407,2021-05-11 08:13:00,40.86946,-73.87987,0,0,Backing Unsafely,4415394,16.7,8.2,0.0,0.0,0.0,0.0,3,27.0,51.1,292,Overcast,0,0,
15408,2021-05-14 17:38:00,40.8421,-73.92624,0,0,Backing Unsafely,4417049,21.6,7.5,0.0,0.0,0.0,0.0,2,14.3,25.2,276,Partly cloudy,0,0,
15409,2021-05-14 00:00:00,40.806416,-73.887245,0,0,Driver Inattention/Distraction,4416567,21.6,7.5,0.0,0.0,0.0,0.0,2,14.3,25.2,276,Partly cloudy,0,0,
15410,2021-05-14 00:15:00,40.862495,-73.9342,1,0,Unsafe Speed,4416270,21.6,7.5,0.0,0.0,0.0,0.0,2,14.3,25.2,276,Partly cloudy,1,1,
15411,2021-05-12 22:20:00,40.679035,-73.83351,1,0,Failure to Yield Right-of-Way,4416087,17.9,5.8,0.0,0.0,0.0,0.0,2,20.0,41.0,317,Partly cloudy,1,1,
15412,2021-05-14 11:36:00,40.655334,-73.93077,2,0,Unspecified,4416971,21.6,7.5,0.0,0.0,0.0,0.0,2,14.3,25.2,276,Partly cloudy,2,2,
15413,2021-05-12 19:30:00,40.66837,-73.80892,0,0,Turning Improperly,4416010,17.9,5.8,0.0,0.0,0.0,0.0,2,20.0,41.0,317,Partly cloudy,0,0,
15414,2021-05-11 13:13:00,40.671165,-73.895676,0,0,Oversized Vehicle,4416169,16.7,8.2,0.0,0.0,0.0,0.0,3,27.0,51.1,292,Overcast,0,0,
15415,2021-05-14 00:07:00,40.713398,-73.7704,0,0,Driver Inattention/Distraction,4416435,21.6,7.5,0.0,0.0,0.0,0.0,2,14.3,25.2,276,Partly cloudy,0,0,
15416,2021-05-10 12:00:00,40.746155,-73.751595,0,0,Backing Unsafely,4415744,14.9,8.3,3.3,3.3,0.0,7.0,55,18.8,58.3,339,Drizzle: Dense,0,0,
15417,2021-05-14 21:45:00,40.71758,-73.738625,0,0,Driver Inattention/Distraction,4416536,21.6,7.5,0.0,0.0,0.0,0.0,2,14.3,25.2,276,Partly cloudy,0,0,
15418,2021-05-13 18:10:00,40.692616,-73.74447,0,0,Unspecified,4416238,19.1,7.2,0.0,0.0,0.0,0.0,1,15.8,27.4,315,Mainly clear,0,0,Sunny/Clear Conditions
15419,2021-05-10 20:00:00,40.675236,-73.97106,3,0,Driver Inattention/Distraction,4415473,14.9,8.3,3.3,3.3,0.0,7.0,55,18.8,58.3,339,Drizzle: Dense,3,3,
15420,2021-05-13 20:45:00,40.785866,-73.950935,1,0,Traffic Control Disregarded,4416341,19.1,7.2,0.0,0.0,0.0,0.0,1,15.8,27.4,315,Mainly clear,1,1,Sunny/Clear Conditions
15421,2022-06-29 11:24:00,40.611683,-73.94694,0,0,View Obstructed/Limited,4542530,29.0,17.7,0.0,0.0,0.0,0.0,3,27.2,51.5,195,Overcast,0,0,
15422,2021-05-14 12:45:00,40.63532,-74.02324,0,0,Unsafe Lane Changing,4416467,21.6,7.5,0.0,0.0,0.0,0.0,2,14.3,25.2,276,Partly cloudy,0,0,
15423,2021-05-10 00:00:00,40.82325,-73.88277,0,0,Unspecified,4415113,14.9,8.3,3.3,3.3,0.0,7.0,55,18.8,58.3,339,Drizzle: Dense,0,0,
15424,2021-05-10 18:00:00,40.646564,-74.08356,0,0,Unspecified,4416851,14.9,8.3,3.3,3.3,0.0,7.0,55,18.8,58.3,339,Drizzle: Dense,0,0,
15425,2021-05-09 00:30:00,40.828484,-73.83764,0,0,Other Vehicular,4417245,16.7,5.8,8.6,8.6,0.0,8.0,61,18.9,38.9,250,Rain: Light,0,0,
15426,2021-05-09 07:20:00,40.821438,-73.91807,1,0,Unspecified,4416122,16.7,5.8,8.6,8.6,0.0,8.0,61,18.9,38.9,250,Rain: Light,1,1,
15427,2021-04-29 09:30:00,40.6835,-73.93516,0,0,Driver Inattention/Distraction,4416940,22.5,12.9,3.8,3.8,0.0,9.0,53,25.6,50.8,199,Drizzle: Moderate,0,0,
15428,2021-05-11 23:30:00,40.63413,-73.928505,0,0,Following Too Closely,4416049,16.7,8.2,0.0,0.0,0.0,0.0,3,27.0,51.1,292,Overcast,0,0,
15429,2021-05-11 21:17:00,40.661835,-73.89311,0,0,Alcohol Involvement,4416181,16.7,8.2,0.0,0.0,0.0,0.0,3,27.0,51.1,292,Overcast,0,0,
15430,2021-05-06 16:00:00,40.74463,-73.99898,0,0,Passing Too Closely,4415757,17.3,8.7,0.0,0.0,0.0,0.0,3,22.6,43.6,313,Overcast,0,0,
15431,2021-05-10 00:00:00,40.823193,-73.90018,0,0,Unspecified,4415041,14.9,8.3,3.3,3.3,0.0,7.0,55,18.8,58.3,339,Drizzle: Dense,0,0,
15432,2021-05-13 23:25:00,40.850494,-73.91546,0,0,Steering Failure,4416313,19.1,7.2,0.0,0.0,0.0,0.0,1,15.8,27.4,315,Mainly clear,0,0,Sunny/Clear Conditions
15433,2021-05-13 08:50:00,40.711628,-73.729385,0,0,Fell Asleep,4416225,19.1,7.2,0.0,0.0,0.0,0.0,1,15.8,27.4,315,Mainly clear,0,0,Sunny/Clear Conditions
15434,2021-05-14 09:10:00,40.744465,-73.77179,0,0,Reaction to Uninvolved Vehicle,4416386,21.6,7.5,0.0,0.0,0.0,0.0,2,14.3,25.2,276,Partly cloudy,0,0,
15435,2021-05-11 23:06:00,40.731102,-73.78809,0,0,Unspecified,4415614,16.7,8.2,0.0,0.0,0.0,0.0,3,27.0,51.1,292,Overcast,0,0,
15436,2021-05-10 17:49:00,40.90244,-73.842735,0,0,Driver Inattention/Distraction,4416797,14.9,8.3,3.3,3.3,0.0,7.0,55,18.8,58.3,339,Drizzle: Dense,0,0,
15437,2021-05-13 19:20:00,40.626556,-73.99018,1,0,Unspecified,4416844,19.1,7.2,0.0,0.0,0.0,0.0,1,15.8,27.4,315,Mainly clear,1,1,Sunny/Clear Conditions
15438,2021-05-11 17:35:00,40.673676,-73.81698,1,0,Failure to Yield Right-of-Way,4415632,16.7,8.2,0.0,0.0,0.0,0.0,3,27.0,51.1,292,Overcast,1,1,
15439,2021-05-11 18:55:00,40.58036,-73.96761,1,0,Driver Inattention/Distraction,4416999,16.7,8.2,0.0,0.0,0.0,0.0,3,27.0,51.1,292,Overcast,1,1,
15440,2021-05-11 16:00:00,40.816246,-73.918304,0,0,Unspecified,4415653,16.7,8.2,0.0,0.0,0.0,0.0,3,27.0,51.1,292,Overcast,0,0,
15441,2021-05-12 21:03:00,40.654312,-73.90974,0,0,Unspecified,4415905,17.9,5.8,0.0,0.0,0.0,0.0,2,20.0,41.0,317,Partly cloudy,0,0,