,CRASH DATETIME,LATITUDE,LONGITUDE,NUMBER OF PERSONS INJURED,NUMBER OF PERSONS KILLED,CONTRIBUTING FACTOR VEHICLE 1,COLLISION_ID,temperature_2m_max,temperature_2m_min,precipitation_sum,rain_sum,snowfall_sum,precipitation_hours,weather_code,wind_speed_10m_max,wind_gusts_10m_max,wind_direction_10m_dominant,Weather Description,Severity_Score,Total_Affected_Persons,Weather_Category
15442,2021-05-14 21:46:00,40.640034,-73.877945,0,0,Unspecified,4416806,21.6,7.5,0.0,0.0,0.0,0.0,2,14.3,25.2,276,Partly cloudy,0,0,
15443,2021-05-10 18:00:00,40.727844,-73.98223,1,0,Unspecified,4415776,14.9,8.3,3.3,3.3,0.0,7.0,55,18.8,58.3,339,Drizzle: Dense,1,1,
15444,2021-05-14 17:15:00,40.820404,-73.81482,0,0,Unsafe Lane Changing,4417077,21.6,7.5,0.0,0.0,0.0,0.0,2,14.3,25.2,276,Partly cloudy,0,0,
15445,2021-05-14 12:00:00,40.81768,-73.92975,2,0,View Obstructed/Limited,4416624,21.6,7.5,0.0,0.0,0.0,0.0,2,14.3,25.2,276,Partly cloudy,2,2,
15446,2021-05-14 18:45:00,40.66796,-73.77155,0,0,Following Too Closely,4416575,21.6,7.5,0.0,0.0,0.0,0.0,2,14.3,25.2,276,Partly cloudy,0,0,
15447,2021-05-14 20:56:00,40.803894,-73.95204,0,0,Alcohol Involvement,4417008,21.6,7.5,0.0,0.0,0.0,0.0,2,14.3,25.2,276,Partly cloudy,0,0,
15448,2021-05-10 00:08:00,40.515064,-74.242805,0,0,Pavement Slippery,4415047,14.9,8.3,3.3,3.3,0.0,7.0,55,18.8,58.3,339,Drizzle: Dense,0,0,
15449,2021-05-14 09:30:00,40.829422,-73.9319,2,0,Following Too Closely,4416606,21.6,7.5,0.0,0.0,0.0,0.0,2,14.3,25.2,276,Partly cloudy,2,2,
15450,2021-05-07 18:03:00,40.843388,-73.82692,0,0,Driver Inattention/Distraction,4415991,16.4,7.7,0.0,0.0,0.0,0.0,3,15.8,32.4,73,Overcast,0,0,
15451,2021-05-11 16:49:00,40.710938,-73.76654,1,0,Traffic Control Disregarded,4415580,16.7,8.2,0.0,0.0,0.0,0.0,3,27.0,51.1,292,Overcast,1,1,
15452,2021-05-11 15:00:00,40.799717,-73.92991,1,0,Following Too Closely,4415729,16.7,8.2,0.0,0.0,0.0,0.0,3,27.0,51.1,292,Overcast,1,1,
15453,2021-05-10 10:30:00,40.71148,-73.76418,0,0,Unspecified,4415137,14.9,8.3,3.3,3.3,0.0,7.0,55,18.8,58.3,339,Drizzle: Dense,0,0,
15454,2021-05-14 10:30:00,40.666866,-73.97829,1,0,Driver Inattention/Distraction,4416395,21.6,7.5,0.0,0.0,0.0,0.0,2,14.3,25.2,276,Partly cloudy,1,1,
15455,2021-05-11 13:11:00,40.605595,-73.98404,1,0,Unspecified,4416880,16.7,8.2,0.0,0.0,0.0,0.0,3,27.0,51.1,292,Overcast,1,1,
15456,2021-05-13 07:09:00,40.824158,-73.87462,0,0,Unspecified,4416064,19.1,7.2,0.0,0.0,0.0,0.0,1,15.8,27.4,315,Mainly clear,0,0,Sunny/Clear Conditions
15457,2021-05-14 18:45:00,40.842148,-73.87186,1,0,Passing or Lane Usage Improper,4416664,21.6,7.5,0.0,0.0,0.0,0.0,2,14.3,25.2,276,Partly cloudy,1,1,
15458,2021-09-23 17:30:00,40.68085,-73.97746,0,0,Driver Inattention/Distraction,4461365,26.2,18.0,15.6,15.6,0.0,14.0,63,40.7,77.4,156,Rain: Moderate,0,0,
15459,2021-05-12 19:00:00,40.663727,-73.95386,1,0,Failure to Yield Right-of-Way,4415910,17.9,5.8,0.0,0.0,0.0,0.0,2,20.0,41.0,317,Partly cloudy,1,1,
15460,2021-05-14 16:50:00,40.542603,-74.20835,1,0,Failure to Yield Right-of-Way,4416925,21.6,7.5,0.0,0.0,0.0,0.0,2,14.3,25.2,276,Partly cloudy,1,1,
15461,2021-05-10 10:10:00,40.893333,-73.861786,0,0,Driver Inattention/Distraction,4415472,14.9,8.3,3.3,3.3,0.0,7.0,55,18.8,58.3,339,Drizzle: Dense,0,0,
15462,2021-05-14 00:00:00,40.78417,-73.84675,0,0,Backing Unsafely,4416679,21.6,7.5,0.0,0.0,0.0,0.0,2,14.3,25.2,276,Partly cloudy,0,0,
15463,2021-05-12 17:30:00,40.824432,-73.873604,0,0,Driver Inexperience,4416059,17.9,5.8,0.0,0.0,0.0,0.0,2,20.0,41.0,317,Partly cloudy,0,0,
15464,2021-05-13 07:05:00,40.66551,-73.992775,0,0,Passing or Lane Usage Improper,4416125,19.1,7.2,0.0,0.0,0.0,0.0,1,15.8,27.4,315,Mainly clear,0,0,Sunny/Clear Conditions
15465,2021-05-11 12:25:00,40.867382,-73.926414,0,0,Unspecified,4415712,16.7,8.2,0.0,0.0,0.0,0.0,3,27.0,51.1,292,Overcast,0,0,
15466,2021-05-10 00:57:00,40.80322,-73.95253,0,0,Failure to Yield Right-of-Way,4415844,14.9,8.3,3.3,3.3,0.0,7.0,55,18.8,58.3,339,Drizzle: Dense,0,0,
15467,2021-05-10 18:00:00,40.767918,-73.985725,0,0,Unspecified,4415255,14.9,8.3,3.3,3.3,0.0,7.0,55,18.8,58.3,339,Drizzle: Dense,0,0,
15468,2021-05-14 19:31:00,40.596703,-73.99803,0,0,Turning Improperly,4416727,21.6,7.5,0.0,0.0,0.0,0.0,2,14.3,25.2,276,Partly cloudy,0,0,
15469,2021-05-14 09:55:00,40.712135,-74.0009,0,0,View Obstructed/Limited,4416623,21.6,7.5,0.0,0.0,0.0,0.0,2,14.3,25.2,276,Partly cloudy,0,0,
15470,2021-05-11 16:45:00,40.756035,-73.98695,0,0,Driver Inattention/Distraction,4415927,16.7,8.2,0.0,0.0,0.0,0.0,3,27.0,51.1,292,Overcast,0,0,
15471,2021-04-29 09:14:00,40.59813,-74.005,0,0,Driver Inattention/Distraction,4416719,22.5,12.9,3.8,3.8,0.0,9.0,53,25.6,50.8,199,Drizzle: Moderate,0,0,
15472,2021-05-12 12:25:00,40.619736,-73.98958,1,0,Driver Inattention/Distraction,4416178,17.9,5.8,0.0,0.0,0.0,0.0,2,20.0,41.0,317,Partly cloudy,1,1,
15473,2021-05-11 22:30:00,40.59412,-73.78899,0,0,Unspecified,4417061,16.7,8.2,0.0,0.0,0.0,0.0,3,27.0,51.1,292,Overcast,0,0,
15474,2021-05-13 13:50:00,40.705994,-73.943,0,0,Passing Too Closely,4416257,19.1,7.2,0.0,0.0,0.0,0.0,1,15.8,27.4,315,Mainly clear,0,0,Sunny/Clear Conditions
15475,2021-05-09 22:30:00,40.591755,-73.9083,1,0,Driver Inattention/Distraction,4416042,16.7,5.8,8.6,8.6,0.0,8.0,61,18.9,38.9,250,Rain: Light,1,1,
15476,2021-04-30 08:39:00,40.66939,-73.89502,0,0,Driver Inattention/Distraction,4416091,19.9,7.6,0.4,0.4,0.0,4.0,51,36.9,82.1,289,Drizzle: Light,0,0,
15477,2021-05-12 19:30:00,40.698746,-73.89856,0,0,Driver Inexperience,4416142,17.9,5.8,0.0,0.0,0.0,0.0,2,20.0,41.0,317,Partly cloudy,0,0,
15478,2021-05-10 09:00:00,40.664192,-73.87759,1,0,Backing Unsafely,4415332,14.9,8.3,3.3,3.3,0.0,7.0,55,18.8,58.3,339,Drizzle: Dense,1,1,
15479,2021-05-11 20:30:00,40.708305,-73.948425,1,0,Failure to Yield Right-of-Way,4415683,16.7,8.2,0.0,0.0,0.0,0.0,3,27.0,51.1,292,Overcast,1,1,
15480,2021-05-12 01:12:00,40.62646,-73.94973,1,0,Unspecified,4416698,17.9,5.8,0.0,0.0,0.0,0.0,2,20.0,41.0,317,Partly cloudy,1,1,
15481,2021-05-13 21:40:00,40.80562,-73.97069,0,0,Following Too Closely,4416639,19.1,7.2,0.0,0.0,0.0,0.0,1,15.8,27.4,315,Mainly clear,0,0,Sunny/Clear Conditions
15482,2021-09-23 11:42:00,40.74929,-73.86817,1,0,Driver Inattention/Distraction,4460456,26.2,18.0,15.6,15.6,0.0,14.0,63,40.7,77.4,156,Rain: Moderate,1,1,
15483,2021-04-27 23:00:00,40.677143,-73.96192,0,0,Driver Inattention/Distraction,4416968,14.8,4.2,0.0,0.0,0.0,0.0,3,15.3,34.2,164,Overcast,0,0,
15484,2021-05-13 23:00:00,40.665558,-73.72985,1,0,Driver Inattention/Distraction,4416274,19.1,7.2,0.0,0.0,0.0,0.0,1,15.8,27.4,315,Mainly clear,1,1,Sunny/Clear Conditions
15485,2021-05-08 14:30:00,40.684982,-73.79062,0,0,Backing Unsafely,4415697,11.6,7.7,4.3,4.3,0.0,9.0,61,17.5,36.4,140,Rain: Light,0,0,
15486,2021-05-14 12:00:00,40.750637,-73.94283,0,0,Unspecified,4416531,21.6,7.5,0.0,0.0,0.0,0.0,2,14.3,25.2,276,Partly cloudy,0,0,
15487,2021-05-11 11:05:00,40.60855,-74.13216,0,0,Driver Inattention/Distraction,4415495,16.7,8.2,0.0,0.0,0.0,0.0,3,27.0,51.1,292,Overcast,0,0,
15488,2021-05-12 21:29:00,40.78858,-73.955284,3,0,Following Too Closely,4416975,17.9,5.8,0.0,0.0,0.0,0.0,2,20.0,41.0,317,Partly cloudy,3,3,
15489,2021-05-13 22:00:00,40.674,-73.982285,0,0,Driver Inattention/Distraction,4416399,19.1,7.2,0.0,0.0,0.0,0.0,1,15.8,27.4,315,Mainly clear,0,0,Sunny/Clear Conditions
15490,2021-05-05 22:56:00,40.685413,-73.975105,0,0,View Obstructed/Limited,4416472,15.1,10.8,9.9,9.9,0.0,17.0,61,21.5,42.5,23,Rain: Light,0,0,
15491,2021-05-14 00:12:00,40.675827,-73.817276,0,0,Following Too Closely,4416289,21.6,7.5,0.0,0.0,0.0,0.0,2,14.3,25.2,276,Partly cloudy,0,0,
15492,2021-05-12 04:15:00,40.72106,-73.75945,1,0,Unspecified,4415882,17.9,5.8,0.0,0.0,0.0,0.0,2,20.0,41.0,317,Partly cloudy,1,1,
15493,2021-05-12 09:30:00,40.787075,-73.94503,0,0,Passing or Lane Usage Improper,4415800,17.9,5.8,0.0,0.0,0.0,0.0,2,20.0,41.0,317,Partly cloudy,0,0,
15494,2021-05-10 22:50:00,40.844864,-73.92256,0,0,Unsafe Lane Changing,4415403,14.9,8.3,3.3,3.3,0.0,7.0,55,18.8,58.3,339,Drizzle: Dense,0,0,
15495,2021-05-14 16:05:00,40.794052,-73.970375,0,0,Driver Inattention/Distraction,4417139,21.6,7.5,0.0,0.0,0.0,0.0,2,14.3,25.2,276,Partly cloudy,0,0,
15496,2021-05-13 10:00:00,40.818386,-73.95632,0,0,Unspecified,4416157,19.1,7.2,0.0,0.0,0.0,0.0,1,15.8,27.4,315,Mainly clear,0,0,Sunny/Clear Conditions
15497,2021-05-13 13:45:00,40.742874,-73.933945,0,0,Driver Inattention/Distraction,4416242,19.1,7.2,0.0,0.0,0.0,0.0,1,15.8,27.4,315,Mainly clear,0,0,Sunny/Clear Conditions
15498,2021-05-12 12:37:00,40.632633,-74.01254,0,0,Unspecified,4415899,17.9,5.8,0.0,0.0,0.0,0.0,2,20.0,41.0,317,Partly cloudy,0,0,
15499,2021-05-06 20:00:00,40.76548,-73.913704,0,0,Driver Inattention/Distraction,4415978,17.3,8.7,0.0,0.0,0.0,0.0,3,22.6,43.6,313,Overcast,0,0,
15500,2021-05-13 08:20:00,40.658226,-73.8893,0,0,Turning Improperly,4416193,19.1,7.2,0.0,0.0,0.0,0.0,1,15.8,27.4,315,Mainly clear,0,0,Sunny/Clear Conditions
15501,2021-05-14 22:43:00,40.817543,-73.95694,2,0,Unspecified,4416819,21.6,7.5,0.0,0.0,0.0,0.0,2,14.3,25.2,276,Partly cloudy,2,2,
15502,2021-04-21 01:21:00,40.821636,-73.93909,2,0,Unspecified,4416427,18.2,3.7,3.7,3.7,0.0,3.0,63,29.9,59.0,256,Rain: Moderate,2,2,
15503,2021-05-14 20:33:00,40.67619,-73.9081,0,0,Driver Inattention/Distraction,4417066,21.6,7.5,0.0,0.0,0.0,0.0,2,14.3,25.2,276,Partly cloudy,0,0,
15504,2021-05-10 17:00:00,40.66878,-73.9785,0,0,Passing or Lane Usage Improper,4415482,14.9,8.3,3.3,3.3,0.0,7.0,55,18.8,58.3,339,Drizzle: Dense,0,0,
15505,2021-05-10 03:55:00,40.823772,-73.87245,1,0,Unspecified,4415036,14.9,8.3,3.3,3.3,0.0,7.0,55,18.8,58.3,339,Drizzle: Dense,1,1,
15506,2021-05-14 20:11:00,40.677864,-73.99808,0,0,Turning Improperly,4416598,21.6,7.5,0.0,0.0,0.0,0.0,2,14.3,25.2,276,Partly cloudy,0,0,
15507,2021-05-14 16:30:00,40.633232,-73.95466,0,0,Unspecified,4416706,21.6,7.5,0.0,0.0,0.0,0.0,2,14.3,25.2,276,Partly cloudy,0,0,
15508,2021-05-03 23:00:00,40.83363,-73.867744,0,0,Unspecified,4415761,15.8,11.4,5.7,5.7,0.0,7.0,61,14.5,47.2,53,Rain: Light,0,0,
15509,2021-05-12 19:05:00,40.798523,-73.94926,0,0,Driver Inattention/Distraction,4417005,17.9,5.8,0.0,0.0,0.0,0.0,2,20.0,41.0,317,Partly cloudy,0,0,
15510,2021-05-10 12:00:00,40.603874,-73.99544,0,0,Driver Inexperience,4415121,14.9,8.3,3.3,3.3,0.0,7.0,55,18.8,58.3,339,Drizzle: Dense,0,0,
15511,2021-05-14 03:15:00,40.763504,-73.97931,0,0,Backing Unsafely,4416309,21.6,7.5,0.0,0.0,0.0,0.0,2,14.3,25.2,276,Partly cloudy,0,0,
15512,2021-05-10 04:20:00,40.75809,-73.795815,0,0,Reaction to Uninvolved Vehicle,4415229,14.9,8.3,3.3,3.3,0.0,7.0,55,18.8,58.3,339,Drizzle: Dense,0,0,
15513,2021-05-07 12:40:00,40.63524,-73.967636,0,0,Driver Inattention/Distraction,4415946,16.4,7.7,0.0,0.0,0.0,0.0,3,15.8,32.4,73,Overcast,0,0,
15514,2021-05-14 19:22:00,40.681885,-73.896645,1,0,Following Too Closely,4417223,21.6,7.5,0.0,0.0,0.0,0.0,2,14.3,25.2,276,Partly cloudy,1,1,
15515,2021-05-13 22:32:00,40.674953,-73.80205,0,0,Following Too Closely,4416353,19.1,7.2,0.0,0.0,0.0,0.0,1,15.8,27.4,315,Mainly clear,0,0,Sunny/Clear Conditions
15516,2021-05-11 19:20:00,40.73468,-73.81062,0,0,Backing Unsafely,4415610,16.7,8.2,0.0,0.0,0.0,0.0,3,27.0,51.1,292,Overcast,0,0,
15517,2021-05-08 02:11:00,40.848625,-73.93425,3,0,Alcohol Involvement,4416110,11.6,7.7,4.3,4.3,0.0,9.0,61,17.5,36.4,140,Rain: Light,3,3,
15518,2021-05-14 13:40:00,40.627384,-74.10955,0,0,Failure to Yield Right-of-Way,4416859,21.6,7.5,0.0,0.0,0.0,0.0,2,14.3,25.2,276,Partly cloudy,0,0,
15519,2021-05-13 05:00:00,40.664043,-73.75019,0,0,Unspecified,4416221,19.1,7.2,0.0,0.0,0.0,0.0,1,15.8,27.4,315,Mainly clear,0,0,Sunny/Clear Conditions
15520,2021-05-12 08:50:00,40.720432,-74.00675,0,0,Driver Inattention/Distraction,4415756,17.9,5.8,0.0,0.0,0.0,0.0,2,20.0,41.0,317,Partly cloudy,0,0,
15521,2021-05-14 12:13:00,40.751,-73.82571,1,0,Following Too Closely,4416455,21.6,7.5,0.0,0.0,0.0,0.0,2,14.3,25.2,276,Partly cloudy,1,1,
15522,2021-05-10 19:30:00,40.811737,-73.936264,0,0,Passing or Lane Usage Improper,4415393,14.9,8.3,3.3,3.3,0.0,7.0,55,18.8,58.3,339,Drizzle: Dense,0,0,
15523,2021-05-14 02:15:00,40.840755,-73.876915,0,0,Driver Inattention/Distraction,4417219,21.6,7.5,0.0,0.0,0.0,0.0,2,14.3,25.2,276,Partly cloudy,0,0,
15524,2021-05-11 23:22:00,40.732033,-73.91893,1,0,Driver Inattention/Distraction,4415615,16.7,8.2,0.0,0.0,0.0,0.0,3,27.0,51.1,292,Overcast,1,1,
15525,2021-05-10 20:11:00,40.634274,-74.086296,0,0,Unspecified,4415788,14.9,8.3,3.3,3.3,0.0,7.0,55,18.8,58.3,339,Drizzle: Dense,0,0,
15526,2021-04-09 09:20:00,40.80333,-73.94873,1,0,Unspecified,4417024,13.4,5.7,0.0,0.0,0.0,0.0,3,15.7,33.8,146,Overcast,1,1,
15527,2021-05-10 11:00:00,40.68218,-73.94659,0,0,Driver Inattention/Distraction,4415153,14.9,8.3,3.3,3.3,0.0,7.0,55,18.8,58.3,339,Drizzle: Dense,0,0,
15528,2021-05-11 15:50:00,40.818558,-73.92732,1,0,Unspecified,4415649,16.7,8.2,0.0,0.0,0.0,0.0,3,27.0,51.1,292,Overcast,1,1,
15529,2021-05-13 08:30:00,40.890648,-73.84875,0,0,Failure to Yield Right-of-Way,4416802,19.1,7.2,0.0,0.0,0.0,0.0,1,15.8,27.4,315,Mainly clear,0,0,Sunny/Clear Conditions
15530,2021-05-10 15:00:00,40.737255,-73.76269,0,0,Driver Inattention/Distraction,4415198,14.9,8.3,3.3,3.3,0.0,7.0,55,18.8,58.3,339,Drizzle: Dense,0,0,
15531,2021-05-14 12:20:00,40.738853,-73.952736,1,0,Driver Inattention/Distraction,4416440,21.6,7.5,0.0,0.0,0.0,0.0,2,14.3,25.2,276,Partly cloudy,1,1,
15532,2021-05-11 00:43:00,40.66214,-73.98224,1,0,Traffic Control Disregarded,4415584,16.7,8.2,0.0,0.0,0.0,0.0,3,27.0,51.1,292,Overcast,1,1,
15533,2021-05-13 09:28:00,40.844883,-73.91028,0,0,Passing Too Closely,4416579,19.1,7.2,0.0,0.0,0.0,0.0,1,15.8,27.4,315,Mainly clear,0,0,Sunny/Clear Conditions
15534,2021-05-10 10:53:00,40.753925,-73.8721,0,0,Failure to Yield Right-of-Way,4415080,14.9,8.3,3.3,3.3,0.0,7.0,55,18.8,58.3,339,Drizzle: Dense,0,0,
15535,2021-05-10 07:23:00,40.66684,-73.78941,3,0,Following Too Closely,4415520,14.9,8.3,3.3,3.3,0.0,7.0,55,18.8,58.3,339,Drizzle: Dense,3,3,
15536,2021-05-14 14:53:00,40.797672,-73.94929,0,0,Driver Inattention/Distraction,4417016,21.6,7.5,0.0,0.0,0.0,0.0,2,14.3,25.2,276,Partly cloudy,0,0,
15537,2021-05-12 06:25:00,40.678722,-73.952995,1,0,Traffic Control Disregarded,4416889,17.9,5.8,0.0,0.0,0.0,0.0,2,20.0,41.0,317,Partly cloudy,1,1,
15538,2021-05-07 08:54:00,40.80455,-73.95276,0,0,Passing Too Closely,4415815,16.4,7.7,0.0,0.0,0.0,0.0,3,15.8,32.4,73,Overcast,0,0,
15539,2021-05-13 16:49:00,40.611767,-73.97638,0,0,Alcohol Involvement,4416264,19.1,7.2,0.0,0.0,0.0,0.0,1,15.8,27.4,315,Mainly clear,0,0,Sunny/Clear Conditions
15540,2021-05-12 07:55:00,40.590714,-73.963684,0,0,Passing or Lane Usage Improper,4415832,17.9,5.8,0.0,0.0,0.0,0.0,2,20.0,41.0,317,Partly cloudy,0,0,
15541,2021-05-11 09:07:00,40.745438,-73.923,0,0,Unspecified,4415421,16.7,8.2,0.0,0.0,0.0,0.0,3,27.0,51.1,292,Overcast,0,0,
15542,2021-05-14 09:20:00,40.66283,-73.92615,2,0,Driver Inattention/Distraction,4416979,21.6,7.5,0.0,0.0,0.0,0.0,2,14.3,25.2,276,Partly cloudy,2,2,
15543,2021-05-13 11:59:00,40.74643,-73.80336,0,0,Obstruction/Debris,4416685,19.1,7.2,0.0,0.0,0.0,0.0,1,15.8,27.4,315,Mainly clear,0,0,Sunny/Clear Conditions
15544,2021-05-12 17:15:00,40.77006,-73.99078,0,0,Unsafe Lane Changing,4416096,17.9,5.8,0.0,0.0,0.0,0.0,2,20.0,41.0,317,Partly cloudy,0,0,
15545,2021-05-12 19:45:00,40.800583,-73.960075,0,0,Unspecified,4416129,17.9,5.8,0.0,0.0,0.0,0.0,2,20.0,41.0,317,Partly cloudy,0,0,
15546,2021-05-11 10:22:00,40.799786,-73.94031,0,0,Unspecified,4415461,16.7,8.2,0.0,0.0,0.0,0.0,3,27.0,51.1,292,Overcast,0,0,
15547,2021-05-14 10:30:00,40.64433,-73.919914,0,0,Unspecified,4416959,21.6,7.5,0.0,0.0,0.0,0.0,2,14.3,25.2,276,Partly cloudy,0,0,
15548,2021-05-11 10:50:00,40.766357,-73.7811,1,0,Unspecified,4415931,16.7,8.2,0.0,0.0,0.0,0.0,3,27.0,51.1,292,Overcast,1,1,
15549,2021-05-14 11:00:00,40.75529,-73.94603,0,0,Unspecified,4416813,21.6,7.5,0.0,0.0,0.0,0.0,2,14.3,25.2,276,Partly cloudy,0,0,
15550,2021-05-13 12:40:00,40.71558,-73.960144,0,0,Driver Inattention/Distraction,4416380,19.1,7.2,0.0,0.0,0.0,0.0,1,15.8,27.4,315,Mainly clear,0,0,Sunny/Clear Conditions
15551,2021-05-14 11:30:00,40.768803,-73.95837,1,0,Driver Inattention/Distraction,4416449,21.6,7.5,0.0,0.0,0.0,0.0,2,14.3,25.2,276,Partly cloudy,1,1,
15552,2021-05-11 15:50:00,40.586002,-73.97221,0,0,Fatigued/Drowsy,4415654,16.7,8.2,0.0,0.0,0.0,0.0,3,27.0,51.1,292,Overcast,0,0,
15553,2021-05-11 18:23:00,40.8541,-73.919106,0,0,Unsafe Speed,4415716,16.7,8.2,0.0,0.0,0.0,0.0,3,27.0,51.1,292,Overcast,0,0,
15554,2021-05-13 14:14:00,40.60567,-74.030945,0,0,Unsafe Lane Changing,4416898,19.1,7.2,0.0,0.0,0.0,0.0,1,15.8,27.4,315,Mainly clear,0,0,Sunny/Clear Conditions
15555,2021-05-12 15:25:00,40.748066,-73.8574,1,0,Driver Inattention/Distraction,4415963,17.9,5.8,0.0,0.0,0.0,0.0,2,20.0,41.0,317,Partly cloudy,1,1,
15556,2021-05-14 16:10:00,40.71467,-73.98234,1,0,Following Too Closely,4416738,21.6,7.5,0.0,0.0,0.0,0.0,2,14.3,25.2,276,Partly cloudy,1,1,
15557,2021-05-10 14:16:00,40.62389,-74.024025,0,0,Passing Too Closely,4415514,14.9,8.3,3.3,3.3,0.0,7.0,55,18.8,58.3,339,Drizzle: Dense,0,0,
15558,2021-05-10 21:57:00,40.773205,-73.92334,0,0,Unspecified,4415986,14.9,8.3,3.3,3.3,0.0,7.0,55,18.8,58.3,339,Drizzle: Dense,0,0,
15559,2021-05-10 20:00:00,40.63033,-73.93103,2,0,Unspecified,4415575,14.9,8.3,3.3,3.3,0.0,7.0,55,18.8,58.3,339,Drizzle: Dense,2,2,
15560,2021-05-12 09:10:00,40.89481,-73.86183,1,0,Unsafe Speed,4415825,17.9,5.8,0.0,0.0,0.0,0.0,2,20.0,41.0,317,Partly cloudy,1,1,
15561,2021-05-14 04:09:00,40.586143,-74.07057,3,0,Unspecified,4416476,21.6,7.5,0.0,0.0,0.0,0.0,2,14.3,25.2,276,Partly cloudy,3,3,
15562,2021-05-12 19:00:00,40.658577,-73.89063,0,0,Turning Improperly,4416174,17.9,5.8,0.0,0.0,0.0,0.0,2,20.0,41.0,317,Partly cloudy,0,0,
15563,2021-05-10 16:00:00,40.67983,-74.00353,0,0,Passing or Lane Usage Improper,4415247,14.9,8.3,3.3,3.3,0.0,7.0,55,18.8,58.3,339,Drizzle: Dense,0,0,
15564,2021-05-11 11:40:00,40.872456,-73.90185,0,0,Driver Inattention/Distraction,4415555,16.7,8.2,0.0,0.0,0.0,0.0,3,27.0,51.1,292,Overcast,0,0,
15565,2021-05-10 22:15:00,40.68022,-73.87121,0,0,Unsafe Speed,4415313,14.9,8.3,3.3,3.3,0.0,7.0,55,18.8,58.3,339,Drizzle: Dense,0,0,
15566,2021-05-12 10:26:00,40.681602,-73.922485,2,0,Lost Consciousness,4415854,17.9,5.8,0.0,0.0,0.0,0.0,2,20.0,41.0,317,Partly cloudy,2,2,
15567,2021-05-14 12:15:00,40.749393,-73.708244,0,0,View Obstructed/Limited,4416491,21.6,7.5,0.0,0.0,0.0,0.0,2,14.3,25.2,276,Partly cloudy,0,0,
15568,2021-05-13 23:50:00,40.694317,-73.737526,3,0,Turning Improperly,4416277,19.1,7.2,0.0,0.0,0.0,0.0,1,15.8,27.4,315,Mainly clear,3,3,Sunny/Clear Conditions
15569,2021-05-12 18:30:00,40.636932,-73.97939,1,0,Unspecified,4416836,17.9,5.8,0.0,0.0,0.0,0.0,2,20.0,41.0,317,Partly cloudy,1,1,
15570,2021-05-11 23:00:00,40.86221,-73.89965,2,0,Unsafe Lane Changing,4415688,16.7,8.2,0.0,0.0,0.0,0.0,3,27.0,51.1,292,Overcast,2,2,
15571,2021-05-11 18:03:00,40.630306,-73.90389,0,0,Unspecified,4415914,16.7,8.2,0.0,0.0,0.0,0.0,3,27.0,51.1,292,Overcast,0,0,
15572,2021-04-30 08:00:00,40.703423,-73.87488,0,0,Unspecified,4416146,19.9,7.6,0.4,0.4,0.0,4.0,51,36.9,82.1,289,Drizzle: Light,0,0,
15573,2021-05-11 00:15:00,40.66675,-73.779945,1,0,Unspecified,4415211,16.7,8.2,0.0,0.0,0.0,0.0,3,27.0,51.1,292,Overcast,1,1,
15574,2021-05-14 10:00:00,40.730473,-73.95885,0,0,Failure to Yield Right-of-Way,4417255,21.6,7.5,0.0,0.0,0.0,0.0,2,14.3,25.2,276,Partly cloudy,0,0,
15575,2021-05-12 05:40:00,40.81099,-73.88652,0,0,Driver Inattention/Distraction,4415693,17.9,5.8,0.0,0.0,0.0,0.0,2,20.0,41.0,317,Partly cloudy,0,0,
15576,2021-05-14 04:25:00,40.702526,-73.95934,1,0,Driver Inattention/Distraction,4416306,21.6,7.5,0.0,0.0,0.0,0.0,2,14.3,25.2,276,Partly cloudy,1,1,
15577,2021-05-14 15:00:00,40.622414,-73.896484,0,0,Driver Inattention/Distraction,4416523,21.6,7.5,0.0,0.0,0.0,0.0,2,14.3,25.2,276,Partly cloudy,0,0,
15578,2021-05-14 19:15:00,40.73556,-73.915054,0,0,Driver Inattention/Distraction,4416651,21.6,7.5,0.0,0.0,0.0,0.0,2,14.3,25.2,276,Partly cloudy,0,0,
15579,2021-05-11 17:30:00,40.84734,-73.88493,0,0,Driver Inattention/Distraction,4416391,16.7,8.2,0.0,0.0,0.0,0.0,3,27.0,51.1,292,Overcast,0,0,
15580,2021-05-11 23:55:00,40.817593,-73.95319,1,0,Unspecified,4416161,16.7,8.2,0.0,0.0,0.0,0.0,3,27.0,51.1,292,Overcast,1,1,
15581,2021-05-13 19:00:00,40.634563,-74.014114,0,0,Unspecified,4416245,19.1,7.2,0.0,0.0,0.0,0.0,1,15.8,27.4,315,Mainly clear,0,0,Sunny/Clear Conditions
15582,2021-05-10 15:00:00,40.8825,-73.847244,0,0,Unspecified,4415820,14.9,8.3,3.3,3.3,0.0,7.0,55,18.8,58.3,339,Drizzle: Dense,0,0,
15583,2021-05-13 00:55:00,40.719215,-73.742256,0,0,Unspecified,4415942,19.1,7.2,0.0,0.0,0.0,0.0,1,15.8,27.4,315,Mainly clear,0,0,Sunny/Clear Conditions
15584,2021-05-14 00:24:00,40.83722,-73.859955,0,0,Unsafe Speed,4416321,21.6,7.5,0.0,0.0,0.0,0.0,2,14.3,25.2,276,Partly cloudy,0,0,
15585,2021-05-13 09:48:00,40.826656,-73.8739,2,0,Driver Inattention/Distraction,4416106,19.1,7.2,0.0,0.0,0.0,0.0,1,15.8,27.4,315,Mainly clear,2,2,Sunny/Clear Conditions