,CRASH DATETIME,LATITUDE,LONGITUDE,NUMBER OF PERSONS INJURED,NUMBER OF PERSONS KILLED,CONTRIBUTING FACTOR VEHICLE 1,COLLISION_ID,temperature_2m_max,temperature_2m_min,precipitation_sum,rain_sum,snowfall_sum,precipitation_hours,weather_code,wind_speed_10m_max,wind_gusts_10m_max,wind_direction_10m_dominant,Weather Description,Severity_Score,Total_Affected_Persons,Weather_Category
15586,2021-05-10 14:45:00,40.609108,-73.74685,0,0,Driver Inattention/Distraction,4415385,14.9,8.3,3.3,3.3,0.0,7.0,55,18.8,58.3,339,Drizzle: Dense,0,0,
15587,2021-05-14 17:22:00,40.70722,-73.78957,1,0,Driver Inattention/Distraction,4416509,21.6,7.5,0.0,0.0,0.0,0.0,2,14.3,25.2,276,Partly cloudy,1,1,
15588,2021-05-12 00:30:00,40.831875,-73.86636,0,0,Unspecified,4415737,17.9,5.8,0.0,0.0,0.0,0.0,2,20.0,41.0,317,Partly cloudy,0,0,
15589,2021-05-12 11:10:00,40.72821,-73.94933,0,0,Passing Too Closely,4416027,17.9,5.8,0.0,0.0,0.0,0.0,2,20.0,41.0,317,Partly cloudy,0,0,
15590,2021-05-14 18:45:00,40.760822,-73.921906,0,0,Passing Too Closely,4416817,21.6,7.5,0.0,0.0,0.0,0.0,2,14.3,25.2,276,Partly cloudy,0,0,
15591,2021-05-11 20:30:00,40.743336,-73.9511,0,0,Driver Inattention/Distraction,4415605,16.7,8.2,0.0,0.0,0.0,0.0,3,27.0,51.1,292,Overcast,0,0,
15592,2021-04-27 14:55:00,40.76396,-73.98233,0,0,Driver Inattention/Distraction,4416560,14.8,4.2,0.0,0.0,0.0,0.0,3,15.3,34.2,164,Overcast,0,0,
15593,2021-05-10 14:51:00,40.78288,-73.971664,0,0,Following Too Closely,4415165,14.9,8.3,3.3,3.3,0.0,7.0,55,18.8,58.3,339,Drizzle: Dense,0,0,
15594,2021-05-09 15:40:00,40.80886,-73.95213,0,0,Backing Unsafely,4416217,16.7,5.8,8.6,8.6,0.0,8.0,61,18.9,38.9,250,Rain: Light,0,0,
15595,2021-05-12 11:10:00,40.720764,-73.99063,0,0,Driver Inattention/Distraction,4416032,17.9,5.8,0.0,0.0,0.0,0.0,2,20.0,41.0,317,Partly cloudy,0,0,
15596,2021-05-13 07:56:00,40.76301,-73.87532,2,0,Following Too Closely,4416074,19.1,7.2,0.0,0.0,0.0,0.0,1,15.8,27.4,315,Mainly clear,2,2,Sunny/Clear Conditions
15597,2021-05-10 09:10:00,40.847385,-73.88948,0,0,Failure to Yield Right-of-Way,4415525,14.9,8.3,3.3,3.3,0.0,7.0,55,18.8,58.3,339,Drizzle: Dense,0,0,
15598,2021-05-13 06:35:00,40.634293,-73.942986,1,0,Traffic Control Disregarded,4416955,19.1,7.2,0.0,0.0,0.0,0.0,1,15.8,27.4,315,Mainly clear,1,1,Sunny/Clear Conditions
15599,2021-05-11 13:50:00,40.760384,-73.76846,0,0,Driver Inattention/Distraction,4415620,16.7,8.2,0.0,0.0,0.0,0.0,3,27.0,51.1,292,Overcast,0,0,
15600,2021-05-10 10:00:00,40.67671,-74.00477,0,0,Unspecified,4416296,14.9,8.3,3.3,3.3,0.0,7.0,55,18.8,58.3,339,Drizzle: Dense,0,0,
15601,2021-05-12 10:06:00,40.623917,-74.00011,0,0,Driver Inexperience,4416206,17.9,5.8,0.0,0.0,0.0,0.0,2,20.0,41.0,317,Partly cloudy,0,0,
15602,2021-05-05 12:30:00,40.6229,-74.14943,0,0,Backing Unsafely,4416412,15.1,10.8,9.9,9.9,0.0,17.0,61,21.5,42.5,23,Rain: Light,0,0,
15603,2021-05-05 14:41:00,40.802696,-73.949196,0,0,Other Vehicular,4415793,15.1,10.8,9.9,9.9,0.0,17.0,61,21.5,42.5,23,Rain: Light,0,0,
15604,2021-05-05 13:20:00,40.744034,-74.00313,1,0,Failure to Yield Right-of-Way,4416459,15.1,10.8,9.9,9.9,0.0,17.0,61,21.5,42.5,23,Rain: Light,1,1,
15605,2021-05-10 16:00:00,40.676826,-73.900185,0,0,Failure to Yield Right-of-Way,4415341,14.9,8.3,3.3,3.3,0.0,7.0,55,18.8,58.3,339,Drizzle: Dense,0,0,
15606,2021-05-12 23:40:00,40.849106,-73.89495,1,0,Traffic Control Disregarded,4416114,17.9,5.8,0.0,0.0,0.0,0.0,2,20.0,41.0,317,Partly cloudy,1,1,
15607,2021-05-05 17:50:00,40.73447,-73.989944,1,0,Failure to Yield Right-of-Way,4416854,15.1,10.8,9.9,9.9,0.0,17.0,61,21.5,42.5,23,Rain: Light,1,1,
15608,2021-05-11 16:30:00,40.821228,-73.8707,0,0,Unspecified,4415736,16.7,8.2,0.0,0.0,0.0,0.0,3,27.0,51.1,292,Overcast,0,0,
15609,2021-05-13 14:00:00,40.663956,-73.95032,0,0,Failure to Yield Right-of-Way,4417098,19.1,7.2,0.0,0.0,0.0,0.0,1,15.8,27.4,315,Mainly clear,0,0,Sunny/Clear Conditions
15610,2021-05-10 22:28:00,40.611034,-73.95258,0,0,Driver Inattention/Distraction,4415221,14.9,8.3,3.3,3.3,0.0,7.0,55,18.8,58.3,339,Drizzle: Dense,0,0,
15611,2021-05-14 23:29:00,40.86248,-73.90958,1,0,Unsafe Lane Changing,4416778,21.6,7.5,0.0,0.0,0.0,0.0,2,14.3,25.2,276,Partly cloudy,1,1,
15612,2021-05-10 23:11:00,40.676495,-73.913704,0,0,Unspecified,4415344,14.9,8.3,3.3,3.3,0.0,7.0,55,18.8,58.3,339,Drizzle: Dense,0,0,
15613,2021-05-12 18:49:00,40.87044,-73.83101,0,0,Unspecified,4416000,17.9,5.8,0.0,0.0,0.0,0.0,2,20.0,41.0,317,Partly cloudy,0,0,
15614,2021-05-13 13:05:00,40.58987,-73.93699,0,0,Unsafe Speed,4416338,19.1,7.2,0.0,0.0,0.0,0.0,1,15.8,27.4,315,Mainly clear,0,0,Sunny/Clear Conditions
15615,2021-05-06 18:00:00,40.85429,-73.90027,0,0,Unspecified,4415751,17.3,8.7,0.0,0.0,0.0,0.0,3,22.6,43.6,313,Overcast,0,0,
15616,2021-09-23 11:50:00,40.76889,-73.9821,0,0,Pedestrian/Bicyclist/Other Pedestrian Error/Confusion,4460287,26.2,18.0,15.6,15.6,0.0,14.0,63,40.7,77.4,156,Rain: Moderate,0,0,
15617,2021-05-13 14:24:00,40.603344,-73.93684,1,0,Unspecified,4416328,19.1,7.2,0.0,0.0,0.0,0.0,1,15.8,27.4,315,Mainly clear,1,1,Sunny/Clear Conditions
15618,2021-05-10 15:20:00,40.62573,-73.9564,0,0,Failure to Yield Right-of-Way,4415268,14.9,8.3,3.3,3.3,0.0,7.0,55,18.8,58.3,339,Drizzle: Dense,0,0,
15619,2021-05-14 12:54:00,40.691544,-73.9685,0,0,Passing or Lane Usage Improper,4416874,21.6,7.5,0.0,0.0,0.0,0.0,2,14.3,25.2,276,Partly cloudy,0,0,
15620,2021-05-13 23:42:00,40.650703,-74.00449,0,0,Unspecified,4416544,19.1,7.2,0.0,0.0,0.0,0.0,1,15.8,27.4,315,Mainly clear,0,0,Sunny/Clear Conditions
15621,2021-05-10 01:10:00,40.70904,-73.84146,3,0,Driver Inattention/Distraction,4414818,14.9,8.3,3.3,3.3,0.0,7.0,55,18.8,58.3,339,Drizzle: Dense,3,3,
15622,2021-05-14 09:10:00,40.664192,-73.87759,1,0,Driver Inattention/Distraction,4416444,21.6,7.5,0.0,0.0,0.0,0.0,2,14.3,25.2,276,Partly cloudy,1,1,
15623,2021-05-14 19:20:00,40.56805,-73.86334,0,0,Driver Inattention/Distraction,4416589,21.6,7.5,0.0,0.0,0.0,0.0,2,14.3,25.2,276,Partly cloudy,0,0,
15624,2021-05-11 14:30:00,40.583622,-74.09544,0,0,Unspecified,4415589,16.7,8.2,0.0,0.0,0.0,0.0,3,27.0,51.1,292,Overcast,0,0,
15625,2021-05-13 09:52:00,40.661385,-73.8841,0,0,Unspecified,4416189,19.1,7.2,0.0,0.0,0.0,0.0,1,15.8,27.4,315,Mainly clear,0,0,Sunny/Clear Conditions
15626,2021-05-10 12:58:00,40.698036,-73.962845,0,0,View Obstructed/Limited,4417083,14.9,8.3,3.3,3.3,0.0,7.0,55,18.8,58.3,339,Drizzle: Dense,0,0,
15627,2021-05-12 09:23:00,40.74089,-73.89581,0,0,Unspecified,4415847,17.9,5.8,0.0,0.0,0.0,0.0,2,20.0,41.0,317,Partly cloudy,0,0,
15628,2021-05-11 16:45:00,40.740993,-73.882835,0,0,Driver Inattention/Distraction,4415644,16.7,8.2,0.0,0.0,0.0,0.0,3,27.0,51.1,292,Overcast,0,0,
15629,2021-05-10 20:10:00,40.653515,-73.9632,0,0,Backing Unsafely,4415505,14.9,8.3,3.3,3.3,0.0,7.0,55,18.8,58.3,339,Drizzle: Dense,0,0,
15630,2021-05-02 15:30:00,40.657665,-73.89705,0,0,Unspecified,4417207,26.3,11.3,0.0,0.0,0.0,0.0,3,23.0,43.9,251,Overcast,0,0,
15631,2021-05-11 15:47:00,40.863556,-73.90755,0,0,Unsafe Speed,4415639,16.7,8.2,0.0,0.0,0.0,0.0,3,27.0,51.1,292,Overcast,0,0,
15632,2021-05-13 14:40:00,40.864113,-73.92126,0,0,Passing Too Closely,4416414,19.1,7.2,0.0,0.0,0.0,0.0,1,15.8,27.4,315,Mainly clear,0,0,Sunny/Clear Conditions
15633,2021-05-11 17:10:00,40.663517,-73.758644,0,0,Unspecified,4415618,16.7,8.2,0.0,0.0,0.0,0.0,3,27.0,51.1,292,Overcast,0,0,
15634,2021-05-10 16:50:00,40.66551,-73.992775,1,0,Driver Inexperience,4416549,14.9,8.3,3.3,3.3,0.0,7.0,55,18.8,58.3,339,Drizzle: Dense,1,1,
15635,2021-05-11 11:45:00,40.73635,-73.97502,0,0,Unspecified,4415538,16.7,8.2,0.0,0.0,0.0,0.0,3,27.0,51.1,292,Overcast,0,0,
15636,2021-05-12 11:20:00,40.688778,-73.786446,0,0,Passing or Lane Usage Improper,4415792,17.9,5.8,0.0,0.0,0.0,0.0,2,20.0,41.0,317,Partly cloudy,0,0,
15637,2021-05-10 04:40:00,40.86723,-73.88692,0,0,Passing Too Closely,4414864,14.9,8.3,3.3,3.3,0.0,7.0,55,18.8,58.3,339,Drizzle: Dense,0,0,
15638,2021-05-13 20:45:00,40.709393,-73.9219,0,0,Driver Inexperience,4416260,19.1,7.2,0.0,0.0,0.0,0.0,1,15.8,27.4,315,Mainly clear,0,0,Sunny/Clear Conditions
15639,2021-05-10 13:25:00,40.59589,-74.085884,0,0,Unspecified,4415569,14.9,8.3,3.3,3.3,0.0,7.0,55,18.8,58.3,339,Drizzle: Dense,0,0,
15640,2021-05-10 12:40:00,40.68871,-73.95499,1,0,View Obstructed/Limited,4415163,14.9,8.3,3.3,3.3,0.0,7.0,55,18.8,58.3,339,Drizzle: Dense,1,1,
15641,2021-05-11 19:15:00,40.644806,-74.00226,0,0,Driver Inattention/Distraction,4415720,16.7,8.2,0.0,0.0,0.0,0.0,3,27.0,51.1,292,Overcast,0,0,
15642,2021-05-10 16:00:00,40.678123,-73.87608,0,0,Passing or Lane Usage Improper,4415292,14.9,8.3,3.3,3.3,0.0,7.0,55,18.8,58.3,339,Drizzle: Dense,0,0,
15643,2021-04-29 17:05:00,40.676342,-73.910934,1,0,Outside Car Distraction,4415852,22.5,12.9,3.8,3.8,0.0,9.0,53,25.6,50.8,199,Drizzle: Moderate,1,1,
15644,2021-05-05 20:19:00,40.808178,-73.93073,0,0,Other Vehicular,4416282,15.1,10.8,9.9,9.9,0.0,17.0,61,21.5,42.5,23,Rain: Light,0,0,
15645,2021-05-11 13:25:00,40.748352,-73.89174,0,0,Driver Inattention/Distraction,4415779,16.7,8.2,0.0,0.0,0.0,0.0,3,27.0,51.1,292,Overcast,0,0,
15646,2021-05-12 15:44:00,40.618206,-73.96103,0,0,Unspecified,4416018,17.9,5.8,0.0,0.0,0.0,0.0,2,20.0,41.0,317,Partly cloudy,0,0,
15647,2021-05-11 16:30:00,40.766357,-73.7811,1,0,Driver Inattention/Distraction,4415594,16.7,8.2,0.0,0.0,0.0,0.0,3,27.0,51.1,292,Overcast,1,1,
15648,2021-05-12 12:33:00,40.66899,-73.99641,2,0,Driver Inattention/Distraction,4415869,17.9,5.8,0.0,0.0,0.0,0.0,2,20.0,41.0,317,Partly cloudy,2,2,
15649,2021-05-14 00:35:00,40.65454,-73.93363,1,0,Outside Car Distraction,4416936,21.6,7.5,0.0,0.0,0.0,0.0,2,14.3,25.2,276,Partly cloudy,1,1,
15650,2021-05-12 17:12:00,40.767532,-73.953255,0,0,Driver Inattention/Distraction,4416001,17.9,5.8,0.0,0.0,0.0,0.0,2,20.0,41.0,317,Partly cloudy,0,0,
15651,2021-05-08 21:15:00,40.809574,-73.96805,2,0,Unsafe Speed,4415886,11.6,7.7,4.3,4.3,0.0,9.0,61,17.5,36.4,140,Rain: Light,2,2,
15652,2021-05-13 08:50:00,40.579197,-73.98195,0,0,Obstruction/Debris,4416133,19.1,7.2,0.0,0.0,0.0,0.0,1,15.8,27.4,315,Mainly clear,0,0,Sunny/Clear Conditions
15653,2021-05-13 16:30:00,40.606842,-74.0155,1,0,Failure to Yield Right-of-Way,4416265,19.1,7.2,0.0,0.0,0.0,0.0,1,15.8,27.4,315,Mainly clear,1,1,Sunny/Clear Conditions
15654,2021-05-10 15:00:00,40.620434,-74.024475,0,0,Driver Inattention/Distraction,4415212,14.9,8.3,3.3,3.3,0.0,7.0,55,18.8,58.3,339,Drizzle: Dense,0,0,
15655,2021-05-13 15:52:00,40.63329,-73.97644,0,0,Aggressive Driving/Road Rage,4416689,19.1,7.2,0.0,0.0,0.0,0.0,1,15.8,27.4,315,Mainly clear,0,0,Sunny/Clear Conditions
15656,2021-05-11 10:25:00,40.774612,-73.92399,0,0,Other Vehicular,4415500,16.7,8.2,0.0,0.0,0.0,0.0,3,27.0,51.1,292,Overcast,0,0,
15657,2021-05-14 18:40:00,40.655422,-73.95007,1,0,Reaction to Uninvolved Vehicle,4416540,21.6,7.5,0.0,0.0,0.0,0.0,2,14.3,25.2,276,Partly cloudy,1,1,
15658,2021-04-28 15:00:00,40.77428,-73.97738,0,0,Steering Failure,4416493,26.1,7.9,0.0,0.0,0.0,0.0,3,15.3,34.6,133,Overcast,0,0,
15659,2021-05-06 17:30:00,40.69577,-73.74746,0,0,Unspecified,4416101,17.3,8.7,0.0,0.0,0.0,0.0,3,22.6,43.6,313,Overcast,0,0,
15660,2021-05-14 03:10:00,40.71997,-73.992905,1,0,Traffic Control Disregarded,4416752,21.6,7.5,0.0,0.0,0.0,0.0,2,14.3,25.2,276,Partly cloudy,1,1,
15661,2021-05-11 05:55:00,40.836502,-73.825165,0,0,Passing or Lane Usage Improper,4415721,16.7,8.2,0.0,0.0,0.0,0.0,3,27.0,51.1,292,Overcast,0,0,
15662,2021-05-09 21:15:00,40.582977,-73.98042,1,0,Driver Inattention/Distraction,4416992,16.7,5.8,8.6,8.6,0.0,8.0,61,18.9,38.9,250,Rain: Light,1,1,
15663,2021-05-10 19:08:00,40.843994,-73.89752,0,0,Driver Inattention/Distraction,4415524,14.9,8.3,3.3,3.3,0.0,7.0,55,18.8,58.3,339,Drizzle: Dense,0,0,
15664,2021-05-11 14:30:00,40.707027,-73.9236,0,0,Driver Inattention/Distraction,4415706,16.7,8.2,0.0,0.0,0.0,0.0,3,27.0,51.1,292,Overcast,0,0,
15665,2021-05-12 17:15:00,40.618618,-73.96205,0,0,Unspecified,4416696,17.9,5.8,0.0,0.0,0.0,0.0,2,20.0,41.0,317,Partly cloudy,0,0,
15666,2021-05-12 14:23:00,40.878284,-73.90803,1,0,Unspecified,4415874,17.9,5.8,0.0,0.0,0.0,0.0,2,20.0,41.0,317,Partly cloudy,1,1,
15667,2021-05-10 20:50:00,40.829037,-73.889015,1,0,Driver Inattention/Distraction,4415242,14.9,8.3,3.3,3.3,0.0,7.0,55,18.8,58.3,339,Drizzle: Dense,1,1,
15668,2021-05-12 13:01:00,40.669594,-73.979355,0,0,Driver Inattention/Distraction,4416407,17.9,5.8,0.0,0.0,0.0,0.0,2,20.0,41.0,317,Partly cloudy,0,0,
15669,2021-05-08 15:00:00,40.72543,-73.99678,0,0,Failure to Yield Right-of-Way,4416054,11.6,7.7,4.3,4.3,0.0,9.0,61,17.5,36.4,140,Rain: Light,0,0,
15670,2021-05-06 20:40:00,40.698433,-73.903366,1,0,Traffic Control Disregarded,4416138,17.3,8.7,0.0,0.0,0.0,0.0,3,22.6,43.6,313,Overcast,1,1,
15671,2021-04-06 13:00:00,40.760494,-73.8614,0,0,Unspecified,4416397,18.3,4.8,0.0,0.0,0.0,0.0,1,21.9,38.9,319,Mainly clear,0,0,Sunny/Clear Conditions
15672,2021-05-13 22:56:00,40.714935,-73.81636,0,0,Unspecified,4416503,19.1,7.2,0.0,0.0,0.0,0.0,1,15.8,27.4,315,Mainly clear,0,0,Sunny/Clear Conditions
15673,2021-05-14 15:45:00,40.812473,-73.90542,0,0,Unspecified,4416634,21.6,7.5,0.0,0.0,0.0,0.0,2,14.3,25.2,276,Partly cloudy,0,0,
15674,2021-05-11 16:00:00,40.757935,-73.98557,0,0,Backing Unsafely,4415672,16.7,8.2,0.0,0.0,0.0,0.0,3,27.0,51.1,292,Overcast,0,0,
15675,2021-05-11 20:00:00,40.74982,-73.94129,0,0,Driver Inattention/Distraction,4416250,16.7,8.2,0.0,0.0,0.0,0.0,3,27.0,51.1,292,Overcast,0,0,
15676,2021-05-10 16:30:00,40.76624,-73.960236,0,0,Failure to Yield Right-of-Way,4416297,14.9,8.3,3.3,3.3,0.0,7.0,55,18.8,58.3,339,Drizzle: Dense,0,0,
15677,2021-05-14 13:45:00,40.82351,-73.89418,0,0,Unspecified,4416568,21.6,7.5,0.0,0.0,0.0,0.0,2,14.3,25.2,276,Partly cloudy,0,0,
15678,2021-05-13 18:57:00,40.696117,-73.970436,1,0,Driver Inattention/Distraction,4416234,19.1,7.2,0.0,0.0,0.0,0.0,1,15.8,27.4,315,Mainly clear,1,1,Sunny/Clear Conditions
15679,2021-05-12 14:30:00,40.67818,-73.870705,1,0,Unspecified,4416086,17.9,5.8,0.0,0.0,0.0,0.0,2,20.0,41.0,317,Partly cloudy,1,1,
15680,2021-05-12 09:05:00,40.88671,-73.81529,0,0,Other Vehicular,4416431,17.9,5.8,0.0,0.0,0.0,0.0,2,20.0,41.0,317,Partly cloudy,0,0,
15681,2021-05-13 10:30:00,40.694794,-73.98246,0,0,Following Too Closely,4416165,19.1,7.2,0.0,0.0,0.0,0.0,1,15.8,27.4,315,Mainly clear,0,0,Sunny/Clear Conditions
15682,2021-05-14 09:20:00,40.669704,-73.94774,0,0,Unspecified,4416763,21.6,7.5,0.0,0.0,0.0,0.0,2,14.3,25.2,276,Partly cloudy,0,0,
15683,2021-05-13 11:04:00,40.82317,-73.9275,0,0,Other Vehicular,4416361,19.1,7.2,0.0,0.0,0.0,0.0,1,15.8,27.4,315,Mainly clear,0,0,Sunny/Clear Conditions
15684,2021-05-13 05:00:00,40.81006,-73.90313,2,0,Driver Inexperience,4416118,19.1,7.2,0.0,0.0,0.0,0.0,1,15.8,27.4,315,Mainly clear,2,2,Sunny/Clear Conditions
15685,2021-05-13 19:29:00,40.84067,-73.88938,0,0,Unsafe Speed,4416382,19.1,7.2,0.0,0.0,0.0,0.0,1,15.8,27.4,315,Mainly clear,0,0,Sunny/Clear Conditions
15686,2021-05-10 12:30:00,40.802933,-73.9123,0,0,Unspecified,4416292,14.9,8.3,3.3,3.3,0.0,7.0,55,18.8,58.3,339,Drizzle: Dense,0,0,
15687,2021-05-07 08:15:00,40.787506,-73.9383,0,0,Following Too Closely,4417081,16.4,7.7,0.0,0.0,0.0,0.0,3,15.8,32.4,73,Overcast,0,0,
15688,2021-05-14 03:40:00,40.857365,-73.84657,0,0,Driver Inattention/Distraction,4416793,21.6,7.5,0.0,0.0,0.0,0.0,2,14.3,25.2,276,Partly cloudy,0,0,
15689,2021-05-13 07:54:00,40.71406,-73.95292,0,0,Passing or Lane Usage Improper,4417250,19.1,7.2,0.0,0.0,0.0,0.0,1,15.8,27.4,315,Mainly clear,0,0,Sunny/Clear Conditions
15690,2021-05-12 11:27:00,40.84497,-73.9092,1,0,Following Too Closely,4416607,17.9,5.8,0.0,0.0,0.0,0.0,2,20.0,41.0,317,Partly cloudy,1,1,
15691,2021-05-10 14:29:00,40.844234,-73.92363,0,0,Turning Improperly,4415634,14.9,8.3,3.3,3.3,0.0,7.0,55,18.8,58.3,339,Drizzle: Dense,0,0,
15692,2021-05-11 18:58:00,40.65684,-73.96222,2,0,Following Too Closely,4415583,16.7,8.2,0.0,0.0,0.0,0.0,3,27.0,51.1,292,Overcast,2,2,
15693,2021-05-13 23:51:00,40.675785,-73.90269,1,0,Unspecified,4416463,19.1,7.2,0.0,0.0,0.0,0.0,1,15.8,27.4,315,Mainly clear,1,1,Sunny/Clear Conditions
15694,2021-05-13 10:00:00,40.658836,-73.92046,0,0,Unspecified,4416202,19.1,7.2,0.0,0.0,0.0,0.0,1,15.8,27.4,315,Mainly clear,0,0,Sunny/Clear Conditions
15695,2021-05-11 15:10:00,40.582542,-73.957214,1,0,Driver Inattention/Distraction,4415689,16.7,8.2,0.0,0.0,0.0,0.0,3,27.0,51.1,292,Overcast,1,1,
15696,2021-05-14 16:36:00,40.652477,-73.86798,0,0,Failure to Yield Right-of-Way,4417221,21.6,7.5,0.0,0.0,0.0,0.0,2,14.3,25.2,276,Partly cloudy,0,0,
15697,2021-05-14 10:25:00,40.71411,-74.00955,0,0,Unspecified,4416514,21.6,7.5,0.0,0.0,0.0,0.0,2,14.3,25.2,276,Partly cloudy,0,0,
15698,2021-05-10 09:58:00,40.579826,-73.97622,2,0,Driver Inattention/Distraction,4415079,14.9,8.3,3.3,3.3,0.0,7.0,55,18.8,58.3,339,Drizzle: Dense,2,2,
15699,2021-05-10 14:22:00,40.76283,-73.78473,0,0,Driver Inattention/Distraction,4415109,14.9,8.3,3.3,3.3,0.0,7.0,55,18.8,58.3,339,Drizzle: Dense,0,0,
15700,2021-05-06 11:36:00,40.764572,-73.98072,0,0,Driver Inattention/Distraction,4416562,17.3,8.7,0.0,0.0,0.0,0.0,3,22.6,43.6,313,Overcast,0,0,
15701,2021-05-11 23:15:00,40.686077,-74.00038,1,0,Driver Inattention/Distraction,4415938,16.7,8.2,0.0,0.0,0.0,0.0,3,27.0,51.1,292,Overcast,1,1,
15702,2021-05-10 06:43:00,40.736546,-73.98905,0,0,Driver Inattention/Distraction,4415408,14.9,8.3,3.3,3.3,0.0,7.0,55,18.8,58.3,339,Drizzle: Dense,0,0,
15703,2021-05-13 09:00:00,40.783897,-73.97407,0,0,View Obstructed/Limited,4417043,19.1,7.2,0.0,0.0,0.0,0.0,1,15.8,27.4,315,Mainly clear,0,0,Sunny/Clear Conditions
15704,2021-05-07 15:05:00,40.791046,-73.95138,1,0,Failure to Yield Right-of-Way,4416160,16.4,7.7,0.0,0.0,0.0,0.0,3,15.8,32.4,73,Overcast,1,1,
15705,2021-05-12 15:30:00,40.880398,-73.897606,0,0,Unspecified,4415901,17.9,5.8,0.0,0.0,0.0,0.0,2,20.0,41.0,317,Partly cloudy,0,0,
15706,2021-05-11 17:37:00,40.688652,-73.84709,2,0,Following Too Closely,4415732,16.7,8.2,0.0,0.0,0.0,0.0,3,27.0,51.1,292,Overcast,2,2,
15707,2021-04-28 00:30:00,40.799217,-73.952965,0,0,Unspecified,4417013,26.1,7.9,0.0,0.0,0.0,0.0,3,15.3,34.6,133,Overcast,0,0,
15708,2021-05-11 14:46:00,40.66708,-73.81033,1,0,Reaction to Uninvolved Vehicle,4415628,16.7,8.2,0.0,0.0,0.0,0.0,3,27.0,51.1,292,Overcast,1,1,
15709,2021-05-10 15:30:00,40.822697,-73.87001,0,0,Unspecified,4415187,14.9,8.3,3.3,3.3,0.0,7.0,55,18.8,58.3,339,Drizzle: Dense,0,0,
15710,2021-05-12 06:50:00,40.73986,-73.79012,1,0,Unspecified,4415764,17.9,5.8,0.0,0.0,0.0,0.0,2,20.0,41.0,317,Partly cloudy,1,1,
15711,2021-05-10 12:00:00,40.607555,-74.08711,0,0,Reaction to Uninvolved Vehicle,4415489,14.9,8.3,3.3,3.3,0.0,7.0,55,18.8,58.3,339,Drizzle: Dense,0,0,
15712,2021-09-22 06:00:00,40.735085,-73.89692,0,0,Passing or Lane Usage Improper,4460755,25.3,19.9,5.1,5.1,0.0,15.0,61,29.3,55.1,154,Rain: Light,0,0,
15713,2021-05-13 00:13:00,40.861347,-73.897736,3,0,Traffic Control Disregarded,4416033,19.1,7.2,0.0,0.0,0.0,0.0,1,15.8,27.4,315,Mainly clear,3,3,Sunny/Clear Conditions
15714,2021-05-12 12:20:00,40.803677,-73.92209,0,0,Other Vehicular,4415970,17.9,5.8,0.0,0.0,0.0,0.0,2,20.0,41.0,317,Partly cloudy,0,0,
15715,2021-05-06 18:21:00,40.741394,-73.82303,0,0,Fell Asleep,4415769,17.3,8.7,0.0,0.0,0.0,0.0,3,22.6,43.6,313,Overcast,0,0,
15716,2021-05-10 19:10:00,40.720844,-73.75927,0,0,Unspecified,4415600,14.9,8.3,3.3,3.3,0.0,7.0,55,18.8,58.3,339,Drizzle: Dense,0,0,
15717,2021-05-13 06:40:00,40.764435,-73.72269,1,0,Driver Inexperience,4416128,19.1,7.2,0.0,0.0,0.0,0.0,1,15.8,27.4,315,Mainly clear,1,1,Sunny/Clear Conditions
15718,2021-05-10 06:27:00,40.824066,-73.908714,0,0,Unspecified,4415037,14.9,8.3,3.3,3.3,0.0,7.0,55,18.8,58.3,339,Drizzle: Dense,0,0,
15719,2021-05-14 08:45:00,40.769485,-73.91503,1,0,Driver Inattention/Distraction,4416810,21.6,7.5,0.0,0.0,0.0,0.0,2,14.3,25.2,276,Partly cloudy,1,1,
15720,2021-05-10 11:58:00,40.631863,-74.07734,0,0,Driver Inattention/Distraction,4415363,14.9,8.3,3.3,3.3,0.0,7.0,55,18.8,58.3,339,Drizzle: Dense,0,0,
15721,2021-05-11 07:40:00,40.827354,-73.868706,0,0,Unspecified,4415424,16.7,8.2,0.0,0.0,0.0,0.0,3,27.0,51.1,292,Overcast,0,0,
15722,2021-05-12 15:11:00,40.822254,-73.88703,0,0,Driver Inattention/Distraction,4416069,17.9,5.8,0.0,0.0,0.0,0.0,2,20.0,41.0,317,Partly cloudy,0,0,
15723,2021-05-10 11:07:00,40.71406,-73.95292,1,0,Passing or Lane Usage Improper,4415098,14.9,8.3,3.3,3.3,0.0,7.0,55,18.8,58.3,339,Drizzle: Dense,1,1,
15724,2021-05-14 18:00:00,40.725796,-73.99762,0,0,Failure to Yield Right-of-Way,4416585,21.6,7.5,0.0,0.0,0.0,0.0,2,14.3,25.2,276,Partly cloudy,0,0,
15725,2021-05-13 15:40:00,40.748154,-73.85403,1,0,Driver Inattention/Distraction,4416918,19.1,7.2,0.0,0.0,0.0,0.0,1,15.8,27.4,315,Mainly clear,1,1,Sunny/Clear Conditions
15726,2021-05-13 11:46:00,40.701637,-73.942276,1,0,Backing Unsafely,4416256,19.1,7.2,0.0,0.0,0.0,0.0,1,15.8,27.4,315,Mainly clear,1,1,Sunny/Clear Conditions
15727,2021-05-12 17:30:00,40.673252,-73.87773,2,0,Failure to Yield Right-of-Way,4416187,17.9,5.8,0.0,0.0,0.0,0.0,2,20.0,41.0,317,Partly cloudy,2,2,
15728,2021-09-22 01:33:00,40.81722,-73.95228,0,0,Unspecified,4460193,25.3,19.9,5.1,5.1,0.0,15.0,61,29.3,55.1,154,Rain: Light,0,0,