,CRASH DATETIME,LATITUDE,LONGITUDE,NUMBER OF PERSONS INJURED,NUMBER OF PERSONS KILLED,CONTRIBUTING FACTOR VEHICLE 1,COLLISION_ID,temperature_2m_max,temperature_2m_min,precipitation_sum,rain_sum,snowfall_sum,precipitation_hours,weather_code,wind_speed_10m_max,wind_gusts_10m_max,wind_direction_10m_dominant,Weather Description,Severity_Score,Total_Affected_Persons,Weather_Category
15729,2021-05-12 07:43:00,40.666397,-73.73857,1,0,Passing or Lane Usage Improper,4415824,17.9,5.8,0.0,0.0,0.0,0.0,2,20.0,41.0,317,Partly cloudy,1,1,
15730,2021-05-12 17:50:00,40.8375,-73.91061,0,0,Unspecified,4416372,17.9,5.8,0.0,0.0,0.0,0.0,2,20.0,41.0,317,Partly cloudy,0,0,
15731,2021-05-11 14:05:00,40.638596,-73.992,3,0,Unspecified,4415574,16.7,8.2,0.0,0.0,0.0,0.0,3,27.0,51.1,292,Overcast,3,3,
15732,2021-05-11 08:24:00,40.75694,-73.93464,1,0,Unspecified,4415496,16.7,8.2,0.0,0.0,0.0,0.0,3,27.0,51.1,292,Overcast,1,1,
15733,2021-05-04 08:20:00,40.66645,-73.75764,1,0,Driver Inattention/Distraction,4415701,22.2,11.1,13.2,13.2,0.0,6.0,63,18.9,42.8,74,Rain: Moderate,1,1,
15734,2021-05-12 08:01:00,40.774357,-73.908195,1,0,Aggressive Driving/Road Rage,4416805,17.9,5.8,0.0,0.0,0.0,0.0,2,20.0,41.0,317,Partly cloudy,1,1,
15735,2021-05-10 15:33:00,40.666187,-73.79176,1,0,Driver Inattention/Distraction,4415172,14.9,8.3,3.3,3.3,0.0,7.0,55,18.8,58.3,339,Drizzle: Dense,1,1,
15736,2021-05-11 21:30:00,40.6199,-74.08571,0,0,Driver Inattention/Distraction,4415965,16.7,8.2,0.0,0.0,0.0,0.0,3,27.0,51.1,292,Overcast,0,0,
15737,2021-05-09 20:54:00,40.80761,-73.95305,0,0,Alcohol Involvement,4416219,16.7,5.8,8.6,8.6,0.0,8.0,61,18.9,38.9,250,Rain: Light,0,0,
15738,2021-05-09 16:15:00,40.758377,-73.994385,0,0,Passing or Lane Usage Improper,4415775,16.7,5.8,8.6,8.6,0.0,8.0,61,18.9,38.9,250,Rain: Light,0,0,
15739,2021-05-10 22:45:00,40.673622,-73.9209,0,0,Backing Unsafely,4415236,14.9,8.3,3.3,3.3,0.0,7.0,55,18.8,58.3,339,Drizzle: Dense,0,0,
15740,2021-05-11 13:30:00,40.702614,-73.96058,0,0,Following Too Closely,4415663,16.7,8.2,0.0,0.0,0.0,0.0,3,27.0,51.1,292,Overcast,0,0,
15741,2021-05-14 17:23:00,40.696033,-73.98453,0,0,Reaction to Uninvolved Vehicle,4416518,21.6,7.5,0.0,0.0,0.0,0.0,2,14.3,25.2,276,Partly cloudy,0,0,
15742,2021-05-06 08:00:00,40.78168,-73.83857,0,0,Backing Unsafely,4416677,17.3,8.7,0.0,0.0,0.0,0.0,3,22.6,43.6,313,Overcast,0,0,
15743,2021-05-12 20:33:00,40.845467,-73.92813,0,0,Passing or Lane Usage Improper,4416005,17.9,5.8,0.0,0.0,0.0,0.0,2,20.0,41.0,317,Partly cloudy,0,0,
15744,2021-05-14 07:15:00,40.652737,-73.94783,0,0,Driver Inattention/Distraction,4416970,21.6,7.5,0.0,0.0,0.0,0.0,2,14.3,25.2,276,Partly cloudy,0,0,
15745,2021-04-29 18:00:00,40.672707,-73.758156,0,0,Unspecified,4415862,22.5,12.9,3.8,3.8,0.0,9.0,53,25.6,50.8,199,Drizzle: Moderate,0,0,
15746,2021-05-11 21:42:00,40.668495,-73.86925,0,0,Unsafe Speed,4416170,16.7,8.2,0.0,0.0,0.0,0.0,3,27.0,51.1,292,Overcast,0,0,
15747,2021-05-12 21:13:00,40.674797,-73.867,2,0,Traffic Control Disregarded,4416192,17.9,5.8,0.0,0.0,0.0,0.0,2,20.0,41.0,317,Partly cloudy,2,2,
15748,2021-05-12 00:00:00,40.77929,-73.98114,1,0,Driver Inattention/Distraction,4416499,17.9,5.8,0.0,0.0,0.0,0.0,2,20.0,41.0,317,Partly cloudy,1,1,
15749,2021-05-10 11:40:00,40.722572,-73.851364,1,0,Driver Inattention/Distraction,4415801,14.9,8.3,3.3,3.3,0.0,7.0,55,18.8,58.3,339,Drizzle: Dense,1,1,
15750,2021-05-12 09:30:00,40.59779,-73.946236,3,0,Unspecified,4415833,17.9,5.8,0.0,0.0,0.0,0.0,2,20.0,41.0,317,Partly cloudy,3,3,
15751,2021-05-14 08:20:00,40.606503,-73.75467,0,0,Backing Unsafely,4416555,21.6,7.5,0.0,0.0,0.0,0.0,2,14.3,25.2,276,Partly cloudy,0,0,
15752,2021-05-13 05:30:00,40.66573,-73.9404,0,0,Driver Inattention/Distraction,4416419,19.1,7.2,0.0,0.0,0.0,0.0,1,15.8,27.4,315,Mainly clear,0,0,Sunny/Clear Conditions
15753,2021-05-11 18:23:00,40.819035,-73.92711,0,0,Passing Too Closely,4416367,16.7,8.2,0.0,0.0,0.0,0.0,3,27.0,51.1,292,Overcast,0,0,
15754,2021-05-12 21:10:00,40.758392,-73.981544,0,0,Passing or Lane Usage Improper,4416097,17.9,5.8,0.0,0.0,0.0,0.0,2,20.0,41.0,317,Partly cloudy,0,0,
15755,2021-05-12 16:23:00,40.61891,-73.96116,0,0,Unspecified,4416022,17.9,5.8,0.0,0.0,0.0,0.0,2,20.0,41.0,317,Partly cloudy,0,0,
15756,2021-05-14 02:15:00,40.68867,-73.73138,0,0,Alcohol Involvement,4416535,21.6,7.5,0.0,0.0,0.0,0.0,2,14.3,25.2,276,Partly cloudy,0,0,
15757,2021-05-13 23:12:00,40.723118,-73.98806,1,0,Driver Inattention/Distraction,4416876,19.1,7.2,0.0,0.0,0.0,0.0,1,15.8,27.4,315,Mainly clear,1,1,Sunny/Clear Conditions
15758,2021-05-12 16:00:00,40.714355,-73.82388,1,0,Driver Inattention/Distraction,4415891,17.9,5.8,0.0,0.0,0.0,0.0,2,20.0,41.0,317,Partly cloudy,1,1,
15759,2021-05-14 10:45:00,40.61696,-74.02751,0,0,Unspecified,4416468,21.6,7.5,0.0,0.0,0.0,0.0,2,14.3,25.2,276,Partly cloudy,0,0,
15760,2021-05-14 18:00:00,40.6575,-73.839455,3,0,Traffic Control Disregarded,4416641,21.6,7.5,0.0,0.0,0.0,0.0,2,14.3,25.2,276,Partly cloudy,3,3,
15761,2021-05-13 14:15:00,40.613075,-74.12257,0,0,Turning Improperly,4416852,19.1,7.2,0.0,0.0,0.0,0.0,1,15.8,27.4,315,Mainly clear,0,0,Sunny/Clear Conditions
15762,2021-05-13 06:22:00,40.617382,-73.943474,0,0,Driver Inattention/Distraction,4416050,19.1,7.2,0.0,0.0,0.0,0.0,1,15.8,27.4,315,Mainly clear,0,0,Sunny/Clear Conditions
15763,2021-03-22 19:10:00,40.716007,-73.77948,1,0,Unspecified,4415796,13.5,-1.5,0.0,0.0,0.0,0.0,0,14.1,29.9,126,Clear sky,1,1,Sunny/Clear Conditions
15764,2021-05-12 00:15:00,40.669067,-73.86555,1,0,Driver Inattention/Distraction,4416182,17.9,5.8,0.0,0.0,0.0,0.0,2,20.0,41.0,317,Partly cloudy,1,1,
15765,2021-05-11 19:56:00,40.812828,-73.88894,0,0,Passing Too Closely,4415658,16.7,8.2,0.0,0.0,0.0,0.0,3,27.0,51.1,292,Overcast,0,0,
15766,2021-05-14 23:36:00,40.67944,-73.89714,0,0,Unspecified,4417224,21.6,7.5,0.0,0.0,0.0,0.0,2,14.3,25.2,276,Partly cloudy,0,0,
15767,2021-05-13 23:29:00,40.86327,-73.87047,0,0,Other Vehicular,4416314,19.1,7.2,0.0,0.0,0.0,0.0,1,15.8,27.4,315,Mainly clear,0,0,Sunny/Clear Conditions
15768,2021-05-13 19:10:00,40.671085,-73.77617,0,0,Steering Failure,4416352,19.1,7.2,0.0,0.0,0.0,0.0,1,15.8,27.4,315,Mainly clear,0,0,Sunny/Clear Conditions
15769,2021-05-11 18:19:00,40.726357,-73.76388,0,0,Unsafe Speed,4415611,16.7,8.2,0.0,0.0,0.0,0.0,3,27.0,51.1,292,Overcast,0,0,
15770,2021-05-11 11:30:00,40.76318,-73.876335,0,0,Unspecified,4415529,16.7,8.2,0.0,0.0,0.0,0.0,3,27.0,51.1,292,Overcast,0,0,
15771,2021-05-14 13:00:00,40.792698,-73.97508,0,0,Passing Too Closely,4416446,21.6,7.5,0.0,0.0,0.0,0.0,2,14.3,25.2,276,Partly cloudy,0,0,
15772,2021-05-09 15:10:00,40.72721,-73.99528,1,0,Driver Inattention/Distraction,4416865,16.7,5.8,8.6,8.6,0.0,8.0,61,18.9,38.9,250,Rain: Light,1,1,
15773,2021-05-07 17:45:00,40.879524,-73.86053,0,0,View Obstructed/Limited,4416798,16.4,7.7,0.0,0.0,0.0,0.0,3,15.8,32.4,73,Overcast,0,0,
15774,2021-05-14 19:00:00,40.828587,-73.891304,0,0,Unspecified,4416777,21.6,7.5,0.0,0.0,0.0,0.0,2,14.3,25.2,276,Partly cloudy,0,0,
15775,2021-05-12 02:25:00,40.668976,-73.90668,2,0,Traffic Control Disregarded,4415859,17.9,5.8,0.0,0.0,0.0,0.0,2,20.0,41.0,317,Partly cloudy,2,2,
15776,2021-05-13 07:15:00,40.57089,-74.1479,1,0,Driver Inattention/Distraction,4416082,19.1,7.2,0.0,0.0,0.0,0.0,1,15.8,27.4,315,Mainly clear,1,1,Sunny/Clear Conditions
15777,2021-04-27 06:50:00,40.64332,-74.01945,0,0,Unspecified,4415918,14.8,4.2,0.0,0.0,0.0,0.0,3,15.3,34.2,164,Overcast,0,0,
15778,2021-05-13 03:35:00,40.84768,-73.91237,3,0,Unspecified,4416037,19.1,7.2,0.0,0.0,0.0,0.0,1,15.8,27.4,315,Mainly clear,3,3,Sunny/Clear Conditions
15779,2021-05-14 02:15:00,40.81275,-73.94558,2,0,Driver Inattention/Distraction,4416429,21.6,7.5,0.0,0.0,0.0,0.0,2,14.3,25.2,276,Partly cloudy,2,2,
15780,2021-05-14 13:50:00,40.830536,-73.91571,1,0,Driver Inattention/Distraction,4416581,21.6,7.5,0.0,0.0,0.0,0.0,2,14.3,25.2,276,Partly cloudy,1,1,
15781,2021-05-14 23:30:00,40.73715,-73.930824,0,0,Following Too Closely,4417129,21.6,7.5,0.0,0.0,0.0,0.0,2,14.3,25.2,276,Partly cloudy,0,0,
15782,2021-05-11 16:51:00,40.801235,-73.947845,0,0,Unsafe Lane Changing,4416214,16.7,8.2,0.0,0.0,0.0,0.0,3,27.0,51.1,292,Overcast,0,0,
15783,2021-05-14 13:40:00,40.724236,-73.997795,1,0,Driver Inattention/Distraction,4416483,21.6,7.5,0.0,0.0,0.0,0.0,2,14.3,25.2,276,Partly cloudy,1,1,
15784,2021-09-23 13:30:00,40.758648,-73.89162,1,0,Unspecified,4460569,26.2,18.0,15.6,15.6,0.0,14.0,63,40.7,77.4,156,Rain: Moderate,1,1,
15785,2021-05-11 15:33:00,40.80871,-73.92193,0,0,Unspecified,4415650,16.7,8.2,0.0,0.0,0.0,0.0,3,27.0,51.1,292,Overcast,0,0,
15786,2021-05-05 12:00:00,40.767807,-73.89424,0,0,Backing Unsafely,4415990,15.1,10.8,9.9,9.9,0.0,17.0,61,21.5,42.5,23,Rain: Light,0,0,
15787,2021-05-14 00:35:00,40.8047,-73.91243,0,0,Unspecified,4416288,21.6,7.5,0.0,0.0,0.0,0.0,2,14.3,25.2,276,Partly cloudy,0,0,
15788,2021-05-14 19:15:00,40.84554,-73.93278,0,0,Driver Inattention/Distraction,4417112,21.6,7.5,0.0,0.0,0.0,0.0,2,14.3,25.2,276,Partly cloudy,0,0,
15789,2021-05-08 16:49:00,40.667076,-73.78266,0,0,Driver Inattention/Distraction,4416357,11.6,7.7,4.3,4.3,0.0,9.0,61,17.5,36.4,140,Rain: Light,0,0,
15790,2021-05-10 00:10:00,40.74223,-73.9933,0,0,Unspecified,4415400,14.9,8.3,3.3,3.3,0.0,7.0,55,18.8,58.3,339,Drizzle: Dense,0,0,
15791,2021-05-11 11:00:00,40.642685,-73.99122,0,0,Unspecified,4415955,16.7,8.2,0.0,0.0,0.0,0.0,3,27.0,51.1,292,Overcast,0,0,
15792,2021-05-12 13:15:00,40.610786,-73.976364,0,0,Unspecified,4416725,17.9,5.8,0.0,0.0,0.0,0.0,2,20.0,41.0,317,Partly cloudy,0,0,
15793,2021-05-14 18:05:00,40.761597,-73.9246,1,0,Driver Inattention/Distraction,4416815,21.6,7.5,0.0,0.0,0.0,0.0,2,14.3,25.2,276,Partly cloudy,1,1,
15794,2021-05-14 09:00:00,40.720078,-73.95688,0,0,Unspecified,4416461,21.6,7.5,0.0,0.0,0.0,0.0,2,14.3,25.2,276,Partly cloudy,0,0,
15795,2021-05-13 20:35:00,40.662407,-73.96516,1,0,Pedestrian/Bicyclist/Other Pedestrian Error/Confusion,4416404,19.1,7.2,0.0,0.0,0.0,0.0,1,15.8,27.4,315,Mainly clear,1,1,Sunny/Clear Conditions
15796,2021-05-13 07:03:00,40.76221,-73.9601,0,0,Backing Unsafely,4416451,19.1,7.2,0.0,0.0,0.0,0.0,1,15.8,27.4,315,Mainly clear,0,0,Sunny/Clear Conditions
15797,2021-05-08 06:45:00,40.73002,-73.98355,0,0,Unspecified,4415743,11.6,7.7,4.3,4.3,0.0,9.0,61,17.5,36.4,140,Rain: Light,0,0,
15798,2021-05-10 00:00:00,40.689686,-73.89029,0,0,Passing or Lane Usage Improper,4417037,14.9,8.3,3.3,3.3,0.0,7.0,55,18.8,58.3,339,Drizzle: Dense,0,0,
15799,2021-05-14 00:00:00,40.831333,-73.92167,1,0,Following Too Closely,4416573,21.6,7.5,0.0,0.0,0.0,0.0,2,14.3,25.2,276,Partly cloudy,1,1,
15800,2021-05-10 03:40:00,40.88893,-73.86579,0,0,Driver Inattention/Distraction,4414949,14.9,8.3,3.3,3.3,0.0,7.0,55,18.8,58.3,339,Drizzle: Dense,0,0,
15801,2021-05-12 10:51:00,40.725433,-73.951744,0,0,Turning Improperly,4417277,17.9,5.8,0.0,0.0,0.0,0.0,2,20.0,41.0,317,Partly cloudy,0,0,
15802,2021-04-17 01:10:00,40.747158,-73.86286,1,0,Driver Inattention/Distraction,4416920,11.8,4.9,0.3,0.3,0.0,2.0,51,17.1,32.4,313,Drizzle: Light,1,1,
15803,2021-05-14 08:35:00,40.712006,-73.75811,1,0,Failure to Yield Right-of-Way,4416436,21.6,7.5,0.0,0.0,0.0,0.0,2,14.3,25.2,276,Partly cloudy,1,1,
15804,2021-05-10 09:41:00,40.669987,-73.9932,0,0,View Obstructed/Limited,4415479,14.9,8.3,3.3,3.3,0.0,7.0,55,18.8,58.3,339,Drizzle: Dense,0,0,
15805,2021-05-12 07:02:00,40.74892,-73.9779,0,0,Failure to Yield Right-of-Way,4417127,17.9,5.8,0.0,0.0,0.0,0.0,2,20.0,41.0,317,Partly cloudy,0,0,
15806,2021-05-14 08:00:00,40.688988,-73.84591,0,0,Unsafe Speed,4416346,21.6,7.5,0.0,0.0,0.0,0.0,2,14.3,25.2,276,Partly cloudy,0,0,
15807,2021-05-04 17:55:00,40.79991,-73.93255,2,0,Following Too Closely,4415728,22.2,11.1,13.2,13.2,0.0,6.0,63,18.9,42.8,74,Rain: Moderate,2,2,
15808,2021-05-10 14:00:00,40.680504,-73.92857,0,0,Passing Too Closely,4415145,14.9,8.3,3.3,3.3,0.0,7.0,55,18.8,58.3,339,Drizzle: Dense,0,0,
15809,2021-05-13 16:00:00,40.564972,-74.13048,0,0,Failure to Yield Right-of-Way,4416478,19.1,7.2,0.0,0.0,0.0,0.0,1,15.8,27.4,315,Mainly clear,0,0,Sunny/Clear Conditions
15810,2021-05-10 05:54:00,40.821415,-73.88933,1,0,Unsafe Lane Changing,4415696,14.9,8.3,3.3,3.3,0.0,7.0,55,18.8,58.3,339,Drizzle: Dense,1,1,
15811,2021-05-10 08:31:00,40.791557,-73.93866,1,0,Failure to Yield Right-of-Way,4415428,14.9,8.3,3.3,3.3,0.0,7.0,55,18.8,58.3,339,Drizzle: Dense,1,1,
15812,2021-05-12 15:45:00,40.754986,-73.74535,0,0,Driver Inattention/Distraction,4415933,17.9,5.8,0.0,0.0,0.0,0.0,2,20.0,41.0,317,Partly cloudy,0,0,
15813,2021-05-11 05:20:00,40.764248,-73.92763,0,0,Turning Improperly,4415370,16.7,8.2,0.0,0.0,0.0,0.0,3,27.0,51.1,292,Overcast,0,0,
15814,2021-05-13 11:45:00,40.7179,-73.83202,0,0,Unsafe Lane Changing,4416209,19.1,7.2,0.0,0.0,0.0,0.0,1,15.8,27.4,315,Mainly clear,0,0,Sunny/Clear Conditions
15815,2021-05-12 08:45:00,40.646378,-73.97085,1,0,Unspecified,4415950,17.9,5.8,0.0,0.0,0.0,0.0,2,20.0,41.0,317,Partly cloudy,1,1,
15816,2021-05-12 14:50:00,40.818672,-73.910835,2,0,Turning Improperly,4416123,17.9,5.8,0.0,0.0,0.0,0.0,2,20.0,41.0,317,Partly cloudy,2,2,
15817,2021-05-12 09:17:00,40.775425,-73.951965,0,0,Driver Inattention/Distraction,4415760,17.9,5.8,0.0,0.0,0.0,0.0,2,20.0,41.0,317,Partly cloudy,0,0,
15818,2021-05-09 17:27:00,40.665348,-73.922325,2,0,Unspecified,4416458,16.7,5.8,8.6,8.6,0.0,8.0,61,18.9,38.9,250,Rain: Light,2,2,
15819,2021-05-14 04:49:00,40.6072,-73.74747,0,0,Alcohol Involvement,4416329,21.6,7.5,0.0,0.0,0.0,0.0,2,14.3,25.2,276,Partly cloudy,0,0,
15820,2021-05-12 20:00:00,40.656784,-73.91379,1,0,Driver Inattention/Distraction,4416197,17.9,5.8,0.0,0.0,0.0,0.0,2,20.0,41.0,317,Partly cloudy,1,1,
15821,2021-05-07 22:13:00,40.727676,-73.98737,0,0,Unspecified,4416858,16.4,7.7,0.0,0.0,0.0,0.0,3,15.8,32.4,73,Overcast,0,0,
15822,2021-05-10 15:20:00,40.85185,-73.902725,0,0,View Obstructed/Limited,4415254,14.9,8.3,3.3,3.3,0.0,7.0,55,18.8,58.3,339,Drizzle: Dense,0,0,
15823,2021-05-11 20:26:00,40.63962,-73.95477,1,0,Driver Inattention/Distraction,4415662,16.7,8.2,0.0,0.0,0.0,0.0,3,27.0,51.1,292,Overcast,1,1,
15824,2021-05-12 23:38:00,40.857258,-73.88173,0,0,Driver Inattention/Distraction,4417218,17.9,5.8,0.0,0.0,0.0,0.0,2,20.0,41.0,317,Partly cloudy,0,0,
15825,2021-09-22 04:40:00,40.739082,-73.88954,0,0,Driver Inattention/Distraction,4460020,25.3,19.9,5.1,5.1,0.0,15.0,61,29.3,55.1,154,Rain: Light,0,0,
15826,2021-05-10 14:30:00,40.651512,-74.00734,2,0,Unspecified,4415579,14.9,8.3,3.3,3.3,0.0,7.0,55,18.8,58.3,339,Drizzle: Dense,2,2,
15827,2021-05-11 00:00:00,40.80763,-73.94304,0,0,Unsafe Speed,4417021,16.7,8.2,0.0,0.0,0.0,0.0,3,27.0,51.1,292,Overcast,0,0,
15828,2021-05-08 16:40:00,40.799458,-73.95154,1,0,Passing or Lane Usage Improper,4416224,11.6,7.7,4.3,4.3,0.0,9.0,61,17.5,36.4,140,Rain: Light,1,1,
15829,2021-05-14 08:00:00,40.60242,-73.99459,0,0,Unsafe Speed,4416726,21.6,7.5,0.0,0.0,0.0,0.0,2,14.3,25.2,276,Partly cloudy,0,0,
15830,2021-05-13 09:00:00,40.779922,-73.98068,0,0,Unspecified,4416500,19.1,7.2,0.0,0.0,0.0,0.0,1,15.8,27.4,315,Mainly clear,0,0,Sunny/Clear Conditions
15831,2021-05-08 05:19:00,40.833916,-73.92702,0,0,Driver Inattention/Distraction,4416368,11.6,7.7,4.3,4.3,0.0,9.0,61,17.5,36.4,140,Rain: Light,0,0,
15832,2021-05-14 08:45:00,40.66747,-73.9396,1,0,Unspecified,4416422,21.6,7.5,0.0,0.0,0.0,0.0,2,14.3,25.2,276,Partly cloudy,1,1,
15833,2021-05-07 22:00:00,40.6811,-73.9224,1,0,Unsafe Speed,4415828,16.4,7.7,0.0,0.0,0.0,0.0,3,15.8,32.4,73,Overcast,1,1,
15834,2021-05-12 19:11:00,40.870388,-73.8461,2,0,Driver Inattention/Distraction,4416799,17.9,5.8,0.0,0.0,0.0,0.0,2,20.0,41.0,317,Partly cloudy,2,2,
15835,2021-05-10 08:00:00,40.67247,-73.90084,0,0,Failure to Yield Right-of-Way,4415331,14.9,8.3,3.3,3.3,0.0,7.0,55,18.8,58.3,339,Drizzle: Dense,0,0,
15836,2021-05-11 14:00:00,40.75646,-73.856865,0,0,Following Too Closely,4415530,16.7,8.2,0.0,0.0,0.0,0.0,3,27.0,51.1,292,Overcast,0,0,
15837,2021-05-11 23:33:00,40.765625,-73.98369,0,0,Backing Unsafely,4415678,16.7,8.2,0.0,0.0,0.0,0.0,3,27.0,51.1,292,Overcast,0,0,
15838,2021-05-13 15:30:00,40.769493,-73.844315,0,0,Turning Improperly,4416670,19.1,7.2,0.0,0.0,0.0,0.0,1,15.8,27.4,315,Mainly clear,0,0,Sunny/Clear Conditions
15839,2021-05-12 06:30:00,40.67983,-73.9583,1,0,Driver Inattention/Distraction,4416273,17.9,5.8,0.0,0.0,0.0,0.0,2,20.0,41.0,317,Partly cloudy,1,1,
15840,2021-05-10 16:30:00,40.726463,-73.85943,0,0,Following Too Closely,4415197,14.9,8.3,3.3,3.3,0.0,7.0,55,18.8,58.3,339,Drizzle: Dense,0,0,
15841,2021-05-12 17:50:00,40.597923,-73.9872,0,0,Passing or Lane Usage Improper,4415894,17.9,5.8,0.0,0.0,0.0,0.0,2,20.0,41.0,317,Partly cloudy,0,0,
15842,2021-05-14 19:20:00,40.71527,-73.85857,0,0,Passing or Lane Usage Improper,4416522,21.6,7.5,0.0,0.0,0.0,0.0,2,14.3,25.2,276,Partly cloudy,0,0,
15843,2021-05-10 18:15:00,40.586006,-74.16839,0,0,Turning Improperly,4415491,14.9,8.3,3.3,3.3,0.0,7.0,55,18.8,58.3,339,Drizzle: Dense,0,0,
15844,2022-03-29 09:00:00,40.78643,-73.793274,0,0,Following Too Closely,4514495,3.3,-5.2,0.0,0.0,0.0,0.0,2,29.3,54.4,311,Partly cloudy,0,0,
15845,2021-05-12 17:30:00,40.65764,-73.94162,0,0,Driver Inattention/Distraction,4415877,17.9,5.8,0.0,0.0,0.0,0.0,2,20.0,41.0,317,Partly cloudy,0,0,
15846,2021-05-12 19:50:00,40.611168,-74.1598,0,0,Driver Inattention/Distraction,4416009,17.9,5.8,0.0,0.0,0.0,0.0,2,20.0,41.0,317,Partly cloudy,0,0,
15847,2021-05-07 18:45:00,40.714005,-73.99749,0,0,Driver Inattention/Distraction,4416026,16.4,7.7,0.0,0.0,0.0,0.0,3,15.8,32.4,73,Overcast,0,0,
15848,2021-05-14 10:22:00,40.596935,-74.162254,1,0,Following Too Closely,4416415,21.6,7.5,0.0,0.0,0.0,0.0,2,14.3,25.2,276,Partly cloudy,1,1,
15849,2021-05-06 14:12:00,40.805836,-73.94691,0,0,Turning Improperly,4415816,17.3,8.7,0.0,0.0,0.0,0.0,3,22.6,43.6,313,Overcast,0,0,
15850,2021-05-14 12:00:00,40.735657,-73.85996,0,0,Driver Inattention/Distraction,4416919,21.6,7.5,0.0,0.0,0.0,0.0,2,14.3,25.2,276,Partly cloudy,0,0,
15851,2021-09-24 17:36:00,40.63127,-74.002556,0,0,Unspecified,4460979,22.4,15.6,26.0,26.0,0.0,9.0,63,14.2,29.9,274,Rain: Moderate,0,0,
15852,2021-05-14 15:10:00,40.693413,-73.940125,1,0,Unspecified,4416888,21.6,7.5,0.0,0.0,0.0,0.0,2,14.3,25.2,276,Partly cloudy,1,1,
15853,2021-05-12 14:19:00,40.87684,-73.906334,0,0,Unspecified,4415866,17.9,5.8,0.0,0.0,0.0,0.0,2,20.0,41.0,317,Partly cloudy,0,0,
15854,2021-05-12 16:00:00,40.799255,-73.91206,0,0,Unspecified,4415977,17.9,5.8,0.0,0.0,0.0,0.0,2,20.0,41.0,317,Partly cloudy,0,0,
15855,2021-05-14 15:28:00,40.81488,-73.95444,0,0,Unspecified,4417264,21.6,7.5,0.0,0.0,0.0,0.0,2,14.3,25.2,276,Partly cloudy,0,0,
15856,2021-05-10 17:43:00,40.685234,-73.92654,0,0,Aggressive Driving/Road Rage,4415829,14.9,8.3,3.3,3.3,0.0,7.0,55,18.8,58.3,339,Drizzle: Dense,0,0,
15857,2021-05-14 07:25:00,40.62707,-74.01865,0,0,Unspecified,4416559,21.6,7.5,0.0,0.0,0.0,0.0,2,14.3,25.2,276,Partly cloudy,0,0,
15858,2021-05-13 15:00:00,40.741863,-73.97677,0,0,Driver Inattention/Distraction,4416953,19.1,7.2,0.0,0.0,0.0,0.0,1,15.8,27.4,315,Mainly clear,0,0,Sunny/Clear Conditions
15859,2021-05-13 17:40:00,40.6878,-73.78949,0,0,Traffic Control Disregarded,4416356,19.1,7.2,0.0,0.0,0.0,0.0,1,15.8,27.4,315,Mainly clear,0,0,Sunny/Clear Conditions
15860,2021-05-14 21:25:00,40.660225,-73.99459,1,0,Unspecified,4416550,21.6,7.5,0.0,0.0,0.0,0.0,2,14.3,25.2,276,Partly cloudy,1,1,
15861,2021-05-11 08:15:00,40.757397,-73.72264,0,0,Unspecified,4415930,16.7,8.2,0.0,0.0,0.0,0.0,3,27.0,51.1,292,Overcast,0,0,
15862,2021-05-12 07:05:00,40.61617,-73.9546,1,0,Driver Inattention/Distraction,4416019,17.9,5.8,0.0,0.0,0.0,0.0,2,20.0,41.0,317,Partly cloudy,1,1,
15863,2021-05-13 10:50:00,40.84219,-73.89411,1,0,Driver Inattention/Distraction,4416379,19.1,7.2,0.0,0.0,0.0,0.0,1,15.8,27.4,315,Mainly clear,1,1,Sunny/Clear Conditions
15864,2021-05-13 18:05:00,40.73664,-73.86584,0,0,Unspecified,4416310,19.1,7.2,0.0,0.0,0.0,0.0,1,15.8,27.4,315,Mainly clear,0,0,Sunny/Clear Conditions
15865,2021-05-14 11:00:00,40.65804,-73.737915,0,0,Unspecified,4416495,21.6,7.5,0.0,0.0,0.0,0.0,2,14.3,25.2,276,Partly cloudy,0,0,
15866,2021-05-10 08:18:00,40.813374,-73.956276,0,0,Unspecified,4415887,14.9,8.3,3.3,3.3,0.0,7.0,55,18.8,58.3,339,Drizzle: Dense,0,0,
15867,2021-05-11 00:57:00,40.88923,-73.83517,0,0,Driver Inattention/Distraction,4415515,16.7,8.2,0.0,0.0,0.0,0.0,3,27.0,51.1,292,Overcast,0,0,
15868,2021-05-11 11:00:00,40.609264,-73.93209,2,0,Unspecified,4416046,16.7,8.2,0.0,0.0,0.0,0.0,3,27.0,51.1,292,Overcast,2,2,
15869,2021-05-10 16:55:00,40.75895,-73.83192,0,0,Unsafe Lane Changing,4415234,14.9,8.3,3.3,3.3,0.0,7.0,55,18.8,58.3,339,Drizzle: Dense,0,0,
15870,2021-05-12 23:00:00,40.68731,-73.94761,0,0,Passing Too Closely,4416901,17.9,5.8,0.0,0.0,0.0,0.0,2,20.0,41.0,317,Partly cloudy,0,0,
15871,2021-05-12 12:30:00,40.75013,-73.85509,0,0,Passing or Lane Usage Improper,4415962,17.9,5.8,0.0,0.0,0.0,0.0,2,20.0,41.0,317,Partly cloudy,0,0,
15872,2021-05-12 18:20:00,40.689293,-73.86979,0,0,Unsafe Speed,4416177,17.9,5.8,0.0,0.0,0.0,0.0,2,20.0,41.0,317,Partly cloudy,0,0,
15873,2021-05-13 10:05:00,40.61483,-73.99838,0,0,Passing Too Closely,4416720,19.1,7.2,0.0,0.0,0.0,0.0,1,15.8,27.4,315,Mainly clear,0,0,Sunny/Clear Conditions