,CRASH DATETIME,LATITUDE,LONGITUDE,NUMBER OF PERSONS INJURED,NUMBER OF PERSONS KILLED,CONTRIBUTING FACTOR VEHICLE 1,COLLISION_ID,temperature_2m_max,temperature_2m_min,precipitation_sum,rain_sum,snowfall_sum,precipitation_hours,weather_code,wind_speed_10m_max,wind_gusts_10m_max,wind_direction_10m_dominant,Weather Description,Severity_Score,Total_Affected_Persons,Weather_Category
15874,2021-05-12 07:45:00,40.79926,-73.97489,0,0,Unspecified,4415733,17.9,5.8,0.0,0.0,0.0,0.0,2,20.0,41.0,317,Partly cloudy,0,0,
15875,2021-05-14 10:45:00,40.683567,-73.96488,1,0,Lost Consciousness,4416454,21.6,7.5,0.0,0.0,0.0,0.0,2,14.3,25.2,276,Partly cloudy,1,1,
15876,2021-05-12 12:00:00,40.586124,-73.990715,0,0,Unsafe Lane Changing,4415987,17.9,5.8,0.0,0.0,0.0,0.0,2,20.0,41.0,317,Partly cloudy,0,0,
15877,2021-05-13 17:35:00,40.60567,-74.030945,0,0,Following Too Closely,4416620,19.1,7.2,0.0,0.0,0.0,0.0,1,15.8,27.4,315,Mainly clear,0,0,Sunny/Clear Conditions
15878,2021-05-13 09:30:00,40.583652,-73.94356,2,0,Reaction to Uninvolved Vehicle,4416337,19.1,7.2,0.0,0.0,0.0,0.0,1,15.8,27.4,315,Mainly clear,2,2,Sunny/Clear Conditions
15879,2021-05-10 09:30:00,40.733376,-73.86665,0,0,Driver Inattention/Distraction,4417282,14.9,8.3,3.3,3.3,0.0,7.0,55,18.8,58.3,339,Drizzle: Dense,0,0,
15880,2021-05-13 10:59:00,40.70742,-73.79716,0,0,Backing Unsafely,4416439,19.1,7.2,0.0,0.0,0.0,0.0,1,15.8,27.4,315,Mainly clear,0,0,Sunny/Clear Conditions
15881,2021-05-13 14:15:00,0.0,0.0,0,0,Driver Inattention/Distraction,4416325,19.1,7.2,0.0,0.0,0.0,0.0,1,15.8,27.4,315,Mainly clear,0,0,Sunny/Clear Conditions
15882,2021-05-09 21:30:00,40.63611,-73.926796,0,0,Driver Inattention/Distraction,4416041,16.7,5.8,8.6,8.6,0.0,8.0,61,18.9,38.9,250,Rain: Light,0,0,
15883,2021-05-10 15:00:00,40.67824,-73.91029,0,0,Steering Failure,4415855,14.9,8.3,3.3,3.3,0.0,7.0,55,18.8,58.3,339,Drizzle: Dense,0,0,
15884,2021-05-12 13:50:00,40.658203,-73.75397,0,0,Failure to Yield Right-of-Way,4416490,17.9,5.8,0.0,0.0,0.0,0.0,2,20.0,41.0,317,Partly cloudy,0,0,
15885,2021-04-23 18:00:00,40.802902,-73.94965,0,0,Passing Too Closely,4417004,15.5,2.0,0.0,0.0,0.0,0.0,3,28.7,57.2,273,Overcast,0,0,
15886,2021-05-14 23:15:00,40.799786,-73.968216,1,0,Pedestrian/Bicyclist/Other Pedestrian Error/Confusion,4416601,21.6,7.5,0.0,0.0,0.0,0.0,2,14.3,25.2,276,Partly cloudy,1,1,
15887,2021-05-13 00:00:00,40.782444,-73.776535,1,0,Passing or Lane Usage Improper,4416678,19.1,7.2,0.0,0.0,0.0,0.0,1,15.8,27.4,315,Mainly clear,1,1,Sunny/Clear Conditions
15888,2021-05-14 11:40:00,40.642742,-73.92242,1,0,Unspecified,4416960,21.6,7.5,0.0,0.0,0.0,0.0,2,14.3,25.2,276,Partly cloudy,1,1,
15889,2021-05-12 15:20:00,40.577984,-74.100525,0,0,Reaction to Uninvolved Vehicle,4416078,17.9,5.8,0.0,0.0,0.0,0.0,2,20.0,41.0,317,Partly cloudy,0,0,
15890,2021-05-14 00:00:00,40.877068,-73.906105,0,0,Turning Improperly,4417104,21.6,7.5,0.0,0.0,0.0,0.0,2,14.3,25.2,276,Partly cloudy,0,0,
15891,2021-05-07 13:30:00,40.739307,-73.98427,0,0,Driver Inattention/Distraction,4417125,16.4,7.7,0.0,0.0,0.0,0.0,3,15.8,32.4,73,Overcast,0,0,
15892,2021-05-07 22:10:00,40.67342,-73.95017,0,0,Failure to Yield Right-of-Way,4416969,16.4,7.7,0.0,0.0,0.0,0.0,3,15.8,32.4,73,Overcast,0,0,
15893,2021-05-14 19:35:00,40.900486,-73.85411,0,0,Unspecified,4416825,21.6,7.5,0.0,0.0,0.0,0.0,2,14.3,25.2,276,Partly cloudy,0,0,
15894,2021-05-07 05:00:00,40.802814,-73.90848,0,0,Unspecified,4416625,16.4,7.7,0.0,0.0,0.0,0.0,3,15.8,32.4,73,Overcast,0,0,
15895,2021-05-14 22:04:00,40.67405,-73.79793,0,0,Traffic Control Disregarded,4416578,21.6,7.5,0.0,0.0,0.0,0.0,2,14.3,25.2,276,Partly cloudy,0,0,
15896,2021-05-11 23:34:00,40.667915,-73.77523,1,0,Unsafe Lane Changing,4416471,16.7,8.2,0.0,0.0,0.0,0.0,3,27.0,51.1,292,Overcast,1,1,
15897,2021-05-12 15:45:00,40.715305,-74.0088,0,0,,4415994,17.9,5.8,0.0,0.0,0.0,0.0,2,20.0,41.0,317,Partly cloudy,0,0,
15898,2020-05-16 18:17:00,40.774166,-73.9031,1,0,Failure to Yield Right-of-Way,4417162,23.0,15.2,1.0,1.0,0.0,4.0,51,23.1,45.4,317,Drizzle: Light,1,1,
15899,2021-05-13 12:00:00,40.74538,-73.90131,0,0,Oversized Vehicle,4416532,19.1,7.2,0.0,0.0,0.0,0.0,1,15.8,27.4,315,Mainly clear,0,0,Sunny/Clear Conditions
15900,2021-05-12 10:00:00,40.755917,-73.87317,0,0,Turning Improperly,4416400,17.9,5.8,0.0,0.0,0.0,0.0,2,20.0,41.0,317,Partly cloudy,0,0,
15901,2021-05-13 16:40:00,40.623367,-73.989494,1,0,Failure to Yield Right-of-Way,4416390,19.1,7.2,0.0,0.0,0.0,0.0,1,15.8,27.4,315,Mainly clear,1,1,Sunny/Clear Conditions
15902,2021-05-11 16:36:00,40.728935,-73.87455,0,0,Backing Unsafely,4415797,16.7,8.2,0.0,0.0,0.0,0.0,3,27.0,51.1,292,Overcast,0,0,
15903,2021-05-14 06:15:00,40.738605,-73.796425,0,0,Oversized Vehicle,4416324,21.6,7.5,0.0,0.0,0.0,0.0,2,14.3,25.2,276,Partly cloudy,0,0,
15904,2021-05-11 06:53:00,40.830143,-73.92858,0,0,Passing or Lane Usage Improper,4415434,16.7,8.2,0.0,0.0,0.0,0.0,3,27.0,51.1,292,Overcast,0,0,
15905,2021-05-13 14:05:00,40.77067,-73.7355,0,0,Driver Inexperience,4416251,19.1,7.2,0.0,0.0,0.0,0.0,1,15.8,27.4,315,Mainly clear,0,0,Sunny/Clear Conditions
15906,2021-05-11 11:40:00,40.737865,-74.00019,0,0,Driver Inattention/Distraction,4416061,16.7,8.2,0.0,0.0,0.0,0.0,3,27.0,51.1,292,Overcast,0,0,
15907,2021-05-10 07:25:00,40.78944,-73.82045,0,0,Pavement Slippery,4414995,14.9,8.3,3.3,3.3,0.0,7.0,55,18.8,58.3,339,Drizzle: Dense,0,0,
15908,2021-05-10 15:40:00,40.672604,-73.87312,1,0,Unspecified,4415337,14.9,8.3,3.3,3.3,0.0,7.0,55,18.8,58.3,339,Drizzle: Dense,1,1,
15909,2021-05-09 06:10:00,40.715176,-73.951965,0,1,Driver Inattention/Distraction,4415909,16.7,5.8,8.6,8.6,0.0,8.0,61,18.9,38.9,250,Rain: Light,20,1,
15910,2021-05-12 21:35:00,40.529728,-74.20477,0,0,View Obstructed/Limited,4416924,17.9,5.8,0.0,0.0,0.0,0.0,2,20.0,41.0,317,Partly cloudy,0,0,
15911,2021-05-14 16:30:00,40.677605,-74.002754,0,0,Unspecified,4416597,21.6,7.5,0.0,0.0,0.0,0.0,2,14.3,25.2,276,Partly cloudy,0,0,
15912,2021-05-10 13:41:00,40.83789,-73.86322,1,0,Pedestrian/Bicyclist/Other Pedestrian Error/Confusion,4415112,14.9,8.3,3.3,3.3,0.0,7.0,55,18.8,58.3,339,Drizzle: Dense,1,1,
15913,2021-05-04 15:50:00,40.852104,-73.88998,0,0,Passing or Lane Usage Improper,4416119,22.2,11.1,13.2,13.2,0.0,6.0,63,18.9,42.8,74,Rain: Moderate,0,0,
15914,2021-05-12 01:30:00,40.85999,-73.89686,0,0,Unsafe Speed,4415711,17.9,5.8,0.0,0.0,0.0,0.0,2,20.0,41.0,317,Partly cloudy,0,0,
15915,2021-05-05 18:35:00,40.734695,-73.984566,0,0,Unspecified,4415843,15.1,10.8,9.9,9.9,0.0,17.0,61,21.5,42.5,23,Rain: Light,0,0,
15916,2021-05-11 05:15:00,40.608906,-74.03452,1,0,Following Too Closely,4415945,16.7,8.2,0.0,0.0,0.0,0.0,3,27.0,51.1,292,Overcast,1,1,
15917,2021-05-09 01:34:00,40.637745,-74.11082,0,0,Driver Inattention/Distraction,4416853,16.7,5.8,8.6,8.6,0.0,8.0,61,18.9,38.9,250,Rain: Light,0,0,
15918,2021-05-13 11:35:00,40.696785,-73.95659,0,0,Passing Too Closely,4417091,19.1,7.2,0.0,0.0,0.0,0.0,1,15.8,27.4,315,Mainly clear,0,0,Sunny/Clear Conditions
15919,2021-05-10 22:20:00,40.683094,-73.80576,0,0,Driver Inattention/Distraction,4415347,14.9,8.3,3.3,3.3,0.0,7.0,55,18.8,58.3,339,Drizzle: Dense,0,0,
15920,2021-05-14 03:00:00,40.61403,-73.974,0,0,Unspecified,4416735,21.6,7.5,0.0,0.0,0.0,0.0,2,14.3,25.2,276,Partly cloudy,0,0,
15921,2021-04-27 22:19:00,40.65692,-73.926094,0,0,Unspecified,4416930,14.8,4.2,0.0,0.0,0.0,0.0,3,15.3,34.2,164,Overcast,0,0,
15922,2021-05-10 19:10:00,40.651863,-73.86536,0,0,Following Too Closely,4415336,14.9,8.3,3.3,3.3,0.0,7.0,55,18.8,58.3,339,Drizzle: Dense,0,0,
15923,2021-05-11 18:06:00,40.84707,-73.902054,0,0,Unspecified,4415682,16.7,8.2,0.0,0.0,0.0,0.0,3,27.0,51.1,292,Overcast,0,0,
15924,2021-05-10 17:35:00,40.619247,-73.97094,1,0,Backing Unsafely,4415553,14.9,8.3,3.3,3.3,0.0,7.0,55,18.8,58.3,339,Drizzle: Dense,1,1,
15925,2021-05-10 18:30:00,40.683655,-74.000404,0,0,Driver Inattention/Distraction,4415245,14.9,8.3,3.3,3.3,0.0,7.0,55,18.8,58.3,339,Drizzle: Dense,0,0,
15926,2021-05-14 08:41:00,40.647903,-74.007416,1,0,Driver Inattention/Distraction,4416545,21.6,7.5,0.0,0.0,0.0,0.0,2,14.3,25.2,276,Partly cloudy,1,1,
15927,2021-05-13 08:30:00,40.580482,-73.95984,0,0,Unspecified,4416132,19.1,7.2,0.0,0.0,0.0,0.0,1,15.8,27.4,315,Mainly clear,0,0,Sunny/Clear Conditions
15928,2021-05-10 00:12:00,40.716652,-73.8259,0,0,Passing or Lane Usage Improper,4414822,14.9,8.3,3.3,3.3,0.0,7.0,55,18.8,58.3,339,Drizzle: Dense,0,0,
15929,2021-05-13 17:30:00,40.819637,-73.93432,0,0,Other Vehicular,4416426,19.1,7.2,0.0,0.0,0.0,0.0,1,15.8,27.4,315,Mainly clear,0,0,Sunny/Clear Conditions
15930,2021-05-14 00:20:00,40.737785,-73.93496,1,0,Driver Inattention/Distraction,4416278,21.6,7.5,0.0,0.0,0.0,0.0,2,14.3,25.2,276,Partly cloudy,1,1,
15931,2021-05-13 15:57:00,40.68111,-73.761185,1,0,Failure to Yield Right-of-Way,4416588,19.1,7.2,0.0,0.0,0.0,0.0,1,15.8,27.4,315,Mainly clear,1,1,Sunny/Clear Conditions
15932,2021-05-11 11:46:00,40.662174,-73.953705,1,0,Unsafe Speed,4415590,16.7,8.2,0.0,0.0,0.0,0.0,3,27.0,51.1,292,Overcast,1,1,
15933,2021-05-02 08:30:00,40.7591,-73.94022,0,0,Passing or Lane Usage Improper,4415973,26.3,11.3,0.0,0.0,0.0,0.0,3,23.0,43.9,251,Overcast,0,0,
15934,2021-05-11 12:27:00,40.69733,-73.76202,0,0,Alcohol Involvement,4415700,16.7,8.2,0.0,0.0,0.0,0.0,3,27.0,51.1,292,Overcast,0,0,
15935,2021-05-10 00:20:00,40.70362,-73.85628,0,0,Unspecified,4416145,14.9,8.3,3.3,3.3,0.0,7.0,55,18.8,58.3,339,Drizzle: Dense,0,0,
15936,2021-05-11 10:19:00,40.714478,-74.01354,0,0,Unspecified,4415504,16.7,8.2,0.0,0.0,0.0,0.0,3,27.0,51.1,292,Overcast,0,0,
15937,2021-05-12 12:45:00,40.74059,-73.94433,4,0,Driver Inattention/Distraction,4415848,17.9,5.8,0.0,0.0,0.0,0.0,2,20.0,41.0,317,Partly cloudy,4,4,
15938,2021-05-11 09:20:00,40.741234,-73.84573,0,0,Unspecified,4415643,16.7,8.2,0.0,0.0,0.0,0.0,3,27.0,51.1,292,Overcast,0,0,
15939,2021-05-13 11:45:00,40.70636,-73.95192,1,0,Pavement Defective,4416261,19.1,7.2,0.0,0.0,0.0,0.0,1,15.8,27.4,315,Mainly clear,1,1,Sunny/Clear Conditions
15940,2021-05-11 18:07:00,40.666393,-73.75177,4,0,Turning Improperly,4415881,16.7,8.2,0.0,0.0,0.0,0.0,3,27.0,51.1,292,Overcast,4,4,
15941,2021-05-08 23:33:00,40.90304,-73.849556,6,0,Driver Inattention/Distraction,4417205,11.6,7.7,4.3,4.3,0.0,9.0,61,17.5,36.4,140,Rain: Light,6,6,
15942,2021-05-12 16:50:00,40.827866,-73.823586,1,0,Turning Improperly,4415997,17.9,5.8,0.0,0.0,0.0,0.0,2,20.0,41.0,317,Partly cloudy,1,1,
15943,2021-05-12 23:20:00,40.684452,-73.80662,0,0,Brakes Defective,4416105,17.9,5.8,0.0,0.0,0.0,0.0,2,20.0,41.0,317,Partly cloudy,0,0,
15944,2021-05-13 11:09:00,40.856743,-73.89527,1,0,Driver Inattention/Distraction,4416394,19.1,7.2,0.0,0.0,0.0,0.0,1,15.8,27.4,315,Mainly clear,1,1,Sunny/Clear Conditions
15945,2021-05-10 11:45:00,40.848846,-73.90831,1,0,Pedestrian/Bicyclist/Other Pedestrian Error/Confusion,4415738,14.9,8.3,3.3,3.3,0.0,7.0,55,18.8,58.3,339,Drizzle: Dense,1,1,
15946,2021-05-13 13:00:00,40.789066,-73.94285,0,0,Passing or Lane Usage Improper,4416981,19.1,7.2,0.0,0.0,0.0,0.0,1,15.8,27.4,315,Mainly clear,0,0,Sunny/Clear Conditions
15947,2021-05-12 08:35:00,40.639446,-74.02696,1,0,Unspecified,4415898,17.9,5.8,0.0,0.0,0.0,0.0,2,20.0,41.0,317,Partly cloudy,1,1,
15948,2021-05-14 11:23:00,40.737785,-73.93496,0,0,Driver Inattention/Distraction,4416411,21.6,7.5,0.0,0.0,0.0,0.0,2,14.3,25.2,276,Partly cloudy,0,0,
15949,2021-05-14 15:25:00,40.790928,-73.96893,0,0,Driver Inattention/Distraction,4416527,21.6,7.5,0.0,0.0,0.0,0.0,2,14.3,25.2,276,Partly cloudy,0,0,
15950,2021-09-17 18:08:00,40.73093,-73.864586,0,0,Following Too Closely,4460714,23.6,20.1,1.0,1.0,0.0,7.0,51,20.3,38.9,59,Drizzle: Light,0,0,
15951,2021-05-13 18:05:00,40.82802,-73.93122,1,0,Passing or Lane Usage Improper,4416366,19.1,7.2,0.0,0.0,0.0,0.0,1,15.8,27.4,315,Mainly clear,1,1,Sunny/Clear Conditions
15952,2021-05-14 16:13:00,40.71146,-73.79647,1,0,Driver Inattention/Distraction,4416507,21.6,7.5,0.0,0.0,0.0,0.0,2,14.3,25.2,276,Partly cloudy,1,1,
15953,2021-05-07 22:45:00,40.80723,-73.92055,0,0,Failure to Yield Right-of-Way,4416293,16.4,7.7,0.0,0.0,0.0,0.0,3,15.8,32.4,73,Overcast,0,0,
15954,2021-05-14 18:42:00,40.635506,-73.913284,1,0,Failure to Yield Right-of-Way,4416525,21.6,7.5,0.0,0.0,0.0,0.0,2,14.3,25.2,276,Partly cloudy,1,1,
15955,2021-05-12 09:45:00,40.84764,-73.901,0,0,Turning Improperly,4416113,17.9,5.8,0.0,0.0,0.0,0.0,2,20.0,41.0,317,Partly cloudy,0,0,
15956,2021-05-13 08:00:00,40.70083,-73.82635,0,0,Turning Improperly,4416134,19.1,7.2,0.0,0.0,0.0,0.0,1,15.8,27.4,315,Mainly clear,0,0,Sunny/Clear Conditions
15957,2021-05-09 20:55:00,40.7491,-73.984085,1,0,Failure to Yield Right-of-Way,4415926,16.7,5.8,8.6,8.6,0.0,8.0,61,18.9,38.9,250,Rain: Light,1,1,
15958,2021-05-10 11:35:00,40.74026,-74.005875,0,0,Unspecified,4416058,14.9,8.3,3.3,3.3,0.0,7.0,55,18.8,58.3,339,Drizzle: Dense,0,0,
15959,2021-05-06 17:00:00,40.789635,-73.94609,1,0,Failure to Yield Right-of-Way,4416228,17.3,8.7,0.0,0.0,0.0,0.0,3,22.6,43.6,313,Overcast,1,1,
15960,2021-05-13 22:19:00,40.616913,-73.98187,1,0,Traffic Control Disregarded,4416266,19.1,7.2,0.0,0.0,0.0,0.0,1,15.8,27.4,315,Mainly clear,1,1,Sunny/Clear Conditions
15961,2021-05-13 21:36:00,40.673588,-73.73351,4,0,Driver Inattention/Distraction,4416246,19.1,7.2,0.0,0.0,0.0,0.0,1,15.8,27.4,315,Mainly clear,4,4,Sunny/Clear Conditions
15962,2021-05-10 15:26:00,40.814266,-73.912964,0,0,Following Too Closely,4416638,14.9,8.3,3.3,3.3,0.0,7.0,55,18.8,58.3,339,Drizzle: Dense,0,0,
15963,2021-05-11 16:30:00,40.679546,-73.82471,0,0,Failure to Yield Right-of-Way,4415629,16.7,8.2,0.0,0.0,0.0,0.0,3,27.0,51.1,292,Overcast,0,0,
15964,2021-05-13 14:49:00,40.569565,-74.11624,0,0,Backing Unsafely,4416475,19.1,7.2,0.0,0.0,0.0,0.0,1,15.8,27.4,315,Mainly clear,0,0,Sunny/Clear Conditions
15965,2021-05-11 13:30:00,40.71552,-74.00925,0,0,Unspecified,4415752,16.7,8.2,0.0,0.0,0.0,0.0,3,27.0,51.1,292,Overcast,0,0,
15966,2021-05-12 18:55:00,40.79573,-73.93267,0,0,Backing Unsafely,4416090,17.9,5.8,0.0,0.0,0.0,0.0,2,20.0,41.0,317,Partly cloudy,0,0,
15967,2021-05-11 21:15:00,40.59307,-73.79233,2,0,Unspecified,4417060,16.7,8.2,0.0,0.0,0.0,0.0,3,27.0,51.1,292,Overcast,2,2,
15968,2021-05-14 07:00:00,40.83923,-73.92579,0,0,Unspecified,4416603,21.6,7.5,0.0,0.0,0.0,0.0,2,14.3,25.2,276,Partly cloudy,0,0,
15969,2021-05-12 06:30:00,40.613075,-74.12257,0,0,Unspecified,4415958,17.9,5.8,0.0,0.0,0.0,0.0,2,20.0,41.0,317,Partly cloudy,0,0,
15970,2021-05-08 12:15:00,40.722343,-73.77717,1,0,Driver Inattention/Distraction,4415765,11.6,7.7,4.3,4.3,0.0,9.0,61,17.5,36.4,140,Rain: Light,1,1,
15971,2021-05-12 09:00:00,40.727028,-74.007385,0,0,Passing Too Closely,4415853,17.9,5.8,0.0,0.0,0.0,0.0,2,20.0,41.0,317,Partly cloudy,0,0,
15972,2021-05-12 10:00:00,40.61837,-74.00586,0,0,Failure to Yield Right-of-Way,4416486,17.9,5.8,0.0,0.0,0.0,0.0,2,20.0,41.0,317,Partly cloudy,0,0,
15973,2021-05-13 20:54:00,40.67185,-73.8873,4,0,Failure to Yield Right-of-Way,4416443,19.1,7.2,0.0,0.0,0.0,0.0,1,15.8,27.4,315,Mainly clear,4,4,Sunny/Clear Conditions
15974,2021-05-14 02:54:00,40.821865,-73.897385,0,0,Driver Inattention/Distraction,4416564,21.6,7.5,0.0,0.0,0.0,0.0,2,14.3,25.2,276,Partly cloudy,0,0,
15975,2021-05-13 09:00:00,40.71314,-73.78179,0,0,Traffic Control Disregarded,4416164,19.1,7.2,0.0,0.0,0.0,0.0,1,15.8,27.4,315,Mainly clear,0,0,Sunny/Clear Conditions
15976,2021-09-09 14:06:00,40.833847,-73.91594,0,0,Driver Inattention/Distraction,4460598,22.4,19.8,18.4,18.4,0.0,15.0,63,17.5,39.2,271,Rain: Moderate,0,0,
15977,2021-04-23 18:58:00,40.80587,-73.95281,0,0,Unspecified,4417009,15.5,2.0,0.0,0.0,0.0,0.0,3,28.7,57.2,273,Overcast,0,0,
15978,2021-05-10 09:35:00,40.812267,-73.90843,1,0,Driver Inattention/Distraction,4415093,14.9,8.3,3.3,3.3,0.0,7.0,55,18.8,58.3,339,Drizzle: Dense,1,1,
15979,2021-05-10 12:30:00,40.714554,-73.83147,1,0,Backing Unsafely,4415099,14.9,8.3,3.3,3.3,0.0,7.0,55,18.8,58.3,339,Drizzle: Dense,1,1,
15980,2021-05-14 13:50:00,40.814934,-73.91496,0,0,Unsafe Speed,4416633,21.6,7.5,0.0,0.0,0.0,0.0,2,14.3,25.2,276,Partly cloudy,0,0,
15981,2021-05-11 08:00:00,40.69519,-73.84296,0,0,Unsafe Speed,4415388,16.7,8.2,0.0,0.0,0.0,0.0,3,27.0,51.1,292,Overcast,0,0,
15982,2021-05-11 00:00:00,40.693783,-73.987206,1,0,Failure to Yield Right-of-Way,4415588,16.7,8.2,0.0,0.0,0.0,0.0,3,27.0,51.1,292,Overcast,1,1,
15983,2021-05-14 15:35:00,40.706387,-73.832634,0,0,Failure to Keep Right,4417147,21.6,7.5,0.0,0.0,0.0,0.0,2,14.3,25.2,276,Partly cloudy,0,0,
15984,2021-05-10 11:45:00,40.59771,-73.96653,0,0,Unspecified,4415118,14.9,8.3,3.3,3.3,0.0,7.0,55,18.8,58.3,339,Drizzle: Dense,0,0,
15985,2021-05-13 12:53:00,40.601654,-74.01087,0,0,Driver Inattention/Distraction,4416196,19.1,7.2,0.0,0.0,0.0,0.0,1,15.8,27.4,315,Mainly clear,0,0,Sunny/Clear Conditions
15986,2021-05-11 00:25:00,40.828804,-73.84686,0,0,Tire Failure/Inadequate,4415410,16.7,8.2,0.0,0.0,0.0,0.0,3,27.0,51.1,292,Overcast,0,0,
15987,2021-09-18 17:54:00,40.58061,-73.98565,0,0,Driver Inattention/Distraction,4461395,27.1,19.2,0.2,0.2,0.0,2.0,51,14.6,25.9,349,Drizzle: Light,0,0,
15988,2021-05-11 05:19:00,40.737785,-73.93496,0,0,Passing or Lane Usage Improper,4415604,16.7,8.2,0.0,0.0,0.0,0.0,3,27.0,51.1,292,Overcast,0,0,
15989,2021-05-14 22:45:00,40.785156,-73.84122,2,0,Backing Unsafely,4416683,21.6,7.5,0.0,0.0,0.0,0.0,2,14.3,25.2,276,Partly cloudy,2,2,
15990,2021-05-12 20:30:00,40.618465,-74.02009,0,0,Unsafe Speed,4415913,17.9,5.8,0.0,0.0,0.0,0.0,2,20.0,41.0,317,Partly cloudy,0,0,
15991,2021-05-10 09:34:00,40.683464,-73.97569,0,0,Backing Unsafely,4415466,14.9,8.3,3.3,3.3,0.0,7.0,55,18.8,58.3,339,Drizzle: Dense,0,0,
15992,2021-05-10 18:07:00,40.716194,-73.996086,0,0,Passing Too Closely,4416029,14.9,8.3,3.3,3.3,0.0,7.0,55,18.8,58.3,339,Drizzle: Dense,0,0,
15993,2021-05-11 11:36:00,40.66614,-73.82326,2,0,Unsafe Lane Changing,4415627,16.7,8.2,0.0,0.0,0.0,0.0,3,27.0,51.1,292,Overcast,2,2,
15994,2021-05-10 05:10:00,40.60316,-73.98169,1,0,Failure to Yield Right-of-Way,4415031,14.9,8.3,3.3,3.3,0.0,7.0,55,18.8,58.3,339,Drizzle: Dense,1,1,
15995,2021-05-03 11:15:00,40.715736,-73.77181,1,0,Backing Unsafely,4415784,15.8,11.4,5.7,5.7,0.0,7.0,61,14.5,47.2,53,Rain: Light,1,1,
15996,2021-05-14 12:35:00,40.75546,-73.92279,1,0,Driver Inattention/Distraction,4416814,21.6,7.5,0.0,0.0,0.0,0.0,2,14.3,25.2,276,Partly cloudy,1,1,
15997,2021-05-10 15:45:00,40.705833,-73.81812,0,0,Following Too Closely,4415390,14.9,8.3,3.3,3.3,0.0,7.0,55,18.8,58.3,339,Drizzle: Dense,0,0,
15998,2021-05-08 01:20:00,40.757847,-73.876305,0,0,Unspecified,4416073,11.6,7.7,4.3,4.3,0.0,9.0,61,17.5,36.4,140,Rain: Light,0,0,
15999,2021-05-12 18:40:00,40.654163,-73.72637,2,0,Driver Inattention/Distraction,4415941,17.9,5.8,0.0,0.0,0.0,0.0,2,20.0,41.0,317,Partly cloudy,2,2,
16000,2021-05-12 18:35:00,40.75591,-73.99448,0,0,Driver Inattention/Distraction,4415924,17.9,5.8,0.0,0.0,0.0,0.0,2,20.0,41.0,317,Partly cloudy,0,0,
16001,2021-04-29 00:00:00,40.665363,-73.73102,0,0,Unspecified,4416494,22.5,12.9,3.8,3.8,0.0,9.0,53,25.6,50.8,199,Drizzle: Moderate,0,0,
16002,2021-05-13 12:50:00,40.722298,-73.99713,1,0,Failure to Yield Right-of-Way,4416159,19.1,7.2,0.0,0.0,0.0,0.0,1,15.8,27.4,315,Mainly clear,1,1,Sunny/Clear Conditions
16003,2021-05-12 09:15:00,40.781662,-73.833664,0,0,Turning Improperly,4415902,17.9,5.8,0.0,0.0,0.0,0.0,2,20.0,41.0,317,Partly cloudy,0,0,
16004,2021-05-13 18:20:00,40.705772,-73.863205,0,0,Passing Too Closely,4416244,19.1,7.2,0.0,0.0,0.0,0.0,1,15.8,27.4,315,Mainly clear,0,0,Sunny/Clear Conditions
16005,2021-05-08 10:33:00,40.729523,-73.95098,0,0,Pavement Defective,4416315,11.6,7.7,4.3,4.3,0.0,9.0,61,17.5,36.4,140,Rain: Light,0,0,
16006,2021-05-11 07:04:00,40.764107,-73.96682,0,0,Driver Inexperience,4415452,16.7,8.2,0.0,0.0,0.0,0.0,3,27.0,51.1,292,Overcast,0,0,
16007,2021-05-11 13:00:00,40.625423,-74.15136,1,0,Driver Inattention/Distraction,4416347,16.7,8.2,0.0,0.0,0.0,0.0,3,27.0,51.1,292,Overcast,1,1,
16008,2021-05-13 01:50:00,40.759377,-73.87266,0,0,Fell Asleep,4416034,19.1,7.2,0.0,0.0,0.0,0.0,1,15.8,27.4,315,Mainly clear,0,0,Sunny/Clear Conditions
16009,2021-05-10 14:00:00,40.882084,-73.83669,0,0,Unspecified,4415485,14.9,8.3,3.3,3.3,0.0,7.0,55,18.8,58.3,339,Drizzle: Dense,0,0,
16010,2021-04-29 11:37:00,40.72525,-73.97607,0,0,Unspecified,4415742,22.5,12.9,3.8,3.8,0.0,9.0,53,25.6,50.8,199,Drizzle: Moderate,0,0,
16011,2021-05-11 14:00:00,40.716434,-74.00978,1,0,Passing or Lane Usage Improper,4416072,16.7,8.2,0.0,0.0,0.0,0.0,3,27.0,51.1,292,Overcast,1,1,
16012,2021-05-10 08:00:00,40.833122,-73.86238,0,0,Backing Unsafely,4415038,14.9,8.3,3.3,3.3,0.0,7.0,55,18.8,58.3,339,Drizzle: Dense,0,0,
16013,2021-05-14 18:40:00,40.639256,-73.968796,0,0,Failure to Yield Right-of-Way,4416848,21.6,7.5,0.0,0.0,0.0,0.0,2,14.3,25.2,276,Partly cloudy,0,0,
16014,2021-05-10 09:30:00,40.79021,-73.97504,0,0,Unspecified,4415115,14.9,8.3,3.3,3.3,0.0,7.0,55,18.8,58.3,339,Drizzle: Dense,0,0,
16015,2021-05-12 02:30:00,40.665245,-73.87513,3,0,Unsafe Speed,4416183,17.9,5.8,0.0,0.0,0.0,0.0,2,20.0,41.0,317,Partly cloudy,3,3,
16016,2021-05-14 13:25:00,40.67734,-73.89909,1,0,Driver Inattention/Distraction,4416465,21.6,7.5,0.0,0.0,0.0,0.0,2,14.3,25.2,276,Partly cloudy,1,1,