,CRASH DATETIME,LATITUDE,LONGITUDE,NUMBER OF PERSONS INJURED,NUMBER OF PERSONS KILLED,CONTRIBUTING FACTOR VEHICLE 1,COLLISION_ID,temperature_2m_max,temperature_2m_min,precipitation_sum,rain_sum,snowfall_sum,precipitation_hours,weather_code,wind_speed_10m_max,wind_gusts_10m_max,wind_direction_10m_dominant,Weather Description,Severity_Score,Total_Affected_Persons,Weather_Category
16017,2021-05-10 20:00:00,40.712284,-73.78536,1,0,Traffic Control Disregarded,4415612,14.9,8.3,3.3,3.3,0.0,7.0,55,18.8,58.3,339,Drizzle: Dense,1,1,
16018,2021-05-14 19:00:00,40.74662,-73.99193,0,0,Unspecified,4416847,21.6,7.5,0.0,0.0,0.0,0.0,2,14.3,25.2,276,Partly cloudy,0,0,
16019,2021-05-12 16:05:00,40.68265,-73.8402,0,0,Passing Too Closely,4416083,17.9,5.8,0.0,0.0,0.0,0.0,2,20.0,41.0,317,Partly cloudy,0,0,
16020,2021-05-11 08:45:00,40.80629,-73.95773,2,0,Driver Inattention/Distraction,4416215,16.7,8.2,0.0,0.0,0.0,0.0,3,27.0,51.1,292,Overcast,2,2,
16021,2021-05-12 13:30:00,40.59727,-73.99868,0,0,Driver Inattention/Distraction,4416166,17.9,5.8,0.0,0.0,0.0,0.0,2,20.0,41.0,317,Partly cloudy,0,0,
16022,2021-05-12 19:10:00,40.649895,-73.90762,0,0,Unspecified,4415917,17.9,5.8,0.0,0.0,0.0,0.0,2,20.0,41.0,317,Partly cloudy,0,0,
16023,2021-05-12 17:32:00,40.846485,-73.89434,0,0,Driver Inattention/Distraction,4416051,17.9,5.8,0.0,0.0,0.0,0.0,2,20.0,41.0,317,Partly cloudy,0,0,
16024,2021-05-07 11:30:00,40.650146,-74.00508,1,0,Following Too Closely,4415919,16.4,7.7,0.0,0.0,0.0,0.0,3,15.8,32.4,73,Overcast,1,1,
16025,2021-05-12 00:00:00,40.725266,-73.7212,1,0,Driver Inattention/Distraction,4415617,17.9,5.8,0.0,0.0,0.0,0.0,2,20.0,41.0,317,Partly cloudy,1,1,
16026,2021-05-14 12:40:00,40.875042,-73.91228,0,0,Driver Inattention/Distraction,4417116,21.6,7.5,0.0,0.0,0.0,0.0,2,14.3,25.2,276,Partly cloudy,0,0,
16027,2021-09-23 17:42:00,40.858788,-73.883835,0,0,Aggressive Driving/Road Rage,4460424,26.2,18.0,15.6,15.6,0.0,14.0,63,40.7,77.4,156,Rain: Moderate,0,0,
16028,2021-05-10 14:00:00,40.63995,-73.94915,0,0,Failure to Yield Right-of-Way,4415157,14.9,8.3,3.3,3.3,0.0,7.0,55,18.8,58.3,339,Drizzle: Dense,0,0,
16029,2021-05-10 10:00:00,40.658577,-73.89063,0,0,View Obstructed/Limited,4415310,14.9,8.3,3.3,3.3,0.0,7.0,55,18.8,58.3,339,Drizzle: Dense,0,0,
16030,2021-04-26 20:40:00,40.693577,-73.96453,0,0,Driver Inexperience,4417082,13.7,3.7,0.0,0.0,0.0,0.0,2,27.3,52.6,311,Partly cloudy,0,0,
16031,2021-05-13 11:00:00,40.665596,-73.87431,0,0,Unspecified,4416464,19.1,7.2,0.0,0.0,0.0,0.0,1,15.8,27.4,315,Mainly clear,0,0,Sunny/Clear Conditions
16032,2021-05-11 09:45:00,40.751328,-73.94109,0,0,Driver Inattention/Distraction,4415606,16.7,8.2,0.0,0.0,0.0,0.0,3,27.0,51.1,292,Overcast,0,0,
16033,2021-05-11 01:05:00,40.845108,-73.913025,0,0,Following Too Closely,4416608,16.7,8.2,0.0,0.0,0.0,0.0,3,27.0,51.1,292,Overcast,0,0,
16034,2021-05-13 16:30:00,40.66684,-73.78941,0,0,Following Too Closely,4416572,19.1,7.2,0.0,0.0,0.0,0.0,1,15.8,27.4,315,Mainly clear,0,0,Sunny/Clear Conditions
16035,2021-05-08 14:25:00,40.8018,-73.96108,0,0,Failure to Yield Right-of-Way,4415885,11.6,7.7,4.3,4.3,0.0,9.0,61,17.5,36.4,140,Rain: Light,0,0,
16036,2021-05-14 20:50:00,40.805027,-73.95277,1,0,Driver Inattention/Distraction,4417014,21.6,7.5,0.0,0.0,0.0,0.0,2,14.3,25.2,276,Partly cloudy,1,1,
16037,2021-05-11 19:43:00,40.73376,-73.93743,0,0,Unspecified,4415582,16.7,8.2,0.0,0.0,0.0,0.0,3,27.0,51.1,292,Overcast,0,0,
16038,2021-05-12 06:12:00,40.721966,-74.00824,0,0,Driver Inattention/Distraction,4415753,17.9,5.8,0.0,0.0,0.0,0.0,2,20.0,41.0,317,Partly cloudy,0,0,
16039,2021-05-09 18:15:00,40.761623,-73.93144,1,0,Unspecified,4415981,16.7,5.8,8.6,8.6,0.0,8.0,61,18.9,38.9,250,Rain: Light,1,1,
16040,2021-05-14 22:20:00,40.74841,-73.864914,0,0,Driver Inexperience,4416923,21.6,7.5,0.0,0.0,0.0,0.0,2,14.3,25.2,276,Partly cloudy,0,0,
16041,2021-05-10 13:26:00,40.673588,-73.73351,0,0,Unspecified,4415190,14.9,8.3,3.3,3.3,0.0,7.0,55,18.8,58.3,339,Drizzle: Dense,0,0,
16042,2021-05-10 09:30:00,40.636242,-74.01237,0,0,Unspecified,4415731,14.9,8.3,3.3,3.3,0.0,7.0,55,18.8,58.3,339,Drizzle: Dense,0,0,
16043,2021-05-13 22:00:00,40.603832,-74.06895,0,0,Other Vehicular,4416479,19.1,7.2,0.0,0.0,0.0,0.0,1,15.8,27.4,315,Mainly clear,0,0,Sunny/Clear Conditions
16044,2021-05-13 10:22:00,40.785732,-73.97645,0,0,Passing Too Closely,4417044,19.1,7.2,0.0,0.0,0.0,0.0,1,15.8,27.4,315,Mainly clear,0,0,Sunny/Clear Conditions
16045,2021-05-10 02:00:00,40.76616,-73.82091,0,0,Following Too Closely,4414993,14.9,8.3,3.3,3.3,0.0,7.0,55,18.8,58.3,339,Drizzle: Dense,0,0,
16046,2021-05-12 10:00:00,40.70971,-74.01285,0,0,Unspecified,4415785,17.9,5.8,0.0,0.0,0.0,0.0,2,20.0,41.0,317,Partly cloudy,0,0,
16047,2021-05-10 22:00:00,40.84482,-73.837,1,0,Failure to Yield Right-of-Way,4415722,14.9,8.3,3.3,3.3,0.0,7.0,55,18.8,58.3,339,Drizzle: Dense,1,1,
16048,2021-05-10 01:00:00,40.710762,-73.75855,2,0,Driver Inattention/Distraction,4415149,14.9,8.3,3.3,3.3,0.0,7.0,55,18.8,58.3,339,Drizzle: Dense,2,2,
16049,2021-05-12 11:25:00,40.637466,-74.02829,1,0,Failure to Yield Right-of-Way,4415912,17.9,5.8,0.0,0.0,0.0,0.0,2,20.0,41.0,317,Partly cloudy,1,1,
16050,2021-05-10 22:40:00,40.843136,-73.91097,0,0,Driver Inattention/Distraction,4415646,14.9,8.3,3.3,3.3,0.0,7.0,55,18.8,58.3,339,Drizzle: Dense,0,0,
16051,2021-05-14 09:50:00,40.818954,-73.91404,0,0,Driver Inattention/Distraction,4416631,21.6,7.5,0.0,0.0,0.0,0.0,2,14.3,25.2,276,Partly cloudy,0,0,
16052,2021-05-13 09:50:00,40.87683,-73.86472,0,0,Passing or Lane Usage Improper,4416811,19.1,7.2,0.0,0.0,0.0,0.0,1,15.8,27.4,315,Mainly clear,0,0,Sunny/Clear Conditions
16053,2021-05-14 10:21:00,40.628357,-73.95476,0,0,Driver Inattention/Distraction,4416697,21.6,7.5,0.0,0.0,0.0,0.0,2,14.3,25.2,276,Partly cloudy,0,0,
16054,2021-05-04 18:00:00,40.642204,-73.973595,0,0,Unspecified,4415951,22.2,11.1,13.2,13.2,0.0,6.0,63,18.9,42.8,74,Rain: Moderate,0,0,
16055,2021-05-10 13:50:00,40.74593,-73.988335,0,0,Unspecified,4416127,14.9,8.3,3.3,3.3,0.0,7.0,55,18.8,58.3,339,Drizzle: Dense,0,0,
16056,2021-05-10 09:00:00,40.634617,-74.02353,1,0,Failure to Yield Right-of-Way,4415377,14.9,8.3,3.3,3.3,0.0,7.0,55,18.8,58.3,339,Drizzle: Dense,1,1,
16057,2021-05-07 16:30:00,40.728065,-73.99896,0,0,Passing Too Closely,4416053,16.4,7.7,0.0,0.0,0.0,0.0,3,15.8,32.4,73,Overcast,0,0,
16058,2021-05-12 11:59:00,40.701576,-74.01215,0,0,Unspecified,4415838,17.9,5.8,0.0,0.0,0.0,0.0,2,20.0,41.0,317,Partly cloudy,0,0,
16059,2021-05-14 09:01:00,40.743774,-73.886215,1,0,Driver Inattention/Distraction,4416447,21.6,7.5,0.0,0.0,0.0,0.0,2,14.3,25.2,276,Partly cloudy,1,1,
16060,2021-05-14 20:59:00,40.674934,-73.80186,0,0,Following Too Closely,4416586,21.6,7.5,0.0,0.0,0.0,0.0,2,14.3,25.2,276,Partly cloudy,0,0,
16061,2021-05-13 19:17:00,40.60144,-74.00155,3,0,Driver Inattention/Distraction,4416733,19.1,7.2,0.0,0.0,0.0,0.0,1,15.8,27.4,315,Mainly clear,3,3,Sunny/Clear Conditions
16062,2021-05-10 14:20:00,40.691246,-73.98438,0,0,Backing Unsafely,4415125,14.9,8.3,3.3,3.3,0.0,7.0,55,18.8,58.3,339,Drizzle: Dense,0,0,
16063,2021-05-11 16:00:00,40.639324,-74.17128,0,0,Driver Inattention/Distraction,4415806,16.7,8.2,0.0,0.0,0.0,0.0,3,27.0,51.1,292,Overcast,0,0,
16064,2021-05-13 21:35:00,40.87043,-73.915115,0,0,Unsafe Lane Changing,4416432,19.1,7.2,0.0,0.0,0.0,0.0,1,15.8,27.4,315,Mainly clear,0,0,Sunny/Clear Conditions
16065,2021-05-11 18:30:00,40.76099,-73.99077,0,0,Driver Inattention/Distraction,4415673,16.7,8.2,0.0,0.0,0.0,0.0,3,27.0,51.1,292,Overcast,0,0,
16066,2021-05-13 15:00:00,40.854084,-73.94109,0,0,Following Too Closely,4416430,19.1,7.2,0.0,0.0,0.0,0.0,1,15.8,27.4,315,Mainly clear,0,0,Sunny/Clear Conditions
16067,2021-05-11 13:29:00,40.667595,-73.90245,0,0,Aggressive Driving/Road Rage,4415550,16.7,8.2,0.0,0.0,0.0,0.0,3,27.0,51.1,292,Overcast,0,0,
16068,2021-05-13 16:17:00,40.704563,-73.94867,2,0,Traffic Control Disregarded,4416259,19.1,7.2,0.0,0.0,0.0,0.0,1,15.8,27.4,315,Mainly clear,2,2,Sunny/Clear Conditions
16069,2021-05-10 09:33:00,40.79162,-73.94885,0,0,Passing Too Closely,4416144,14.9,8.3,3.3,3.3,0.0,7.0,55,18.8,58.3,339,Drizzle: Dense,0,0,
16070,2021-05-10 05:00:00,0.0,0.0,0,0,Passing or Lane Usage Improper,4415467,14.9,8.3,3.3,3.3,0.0,7.0,55,18.8,58.3,339,Drizzle: Dense,0,0,
16071,2021-05-10 00:05:00,40.62344,-73.92932,0,0,Unspecified,4416044,14.9,8.3,3.3,3.3,0.0,7.0,55,18.8,58.3,339,Drizzle: Dense,0,0,
16072,2021-05-07 21:25:00,40.67704,-73.92241,1,0,Aggressive Driving/Road Rage,4416978,16.4,7.7,0.0,0.0,0.0,0.0,3,15.8,32.4,73,Overcast,1,1,
16073,2021-05-14 07:11:00,40.821415,-73.88933,1,0,Traffic Control Disregarded,4416569,21.6,7.5,0.0,0.0,0.0,0.0,2,14.3,25.2,276,Partly cloudy,1,1,
16074,2021-05-13 20:30:00,40.839478,-73.883896,1,0,Driver Inattention/Distraction,4416794,19.1,7.2,0.0,0.0,0.0,0.0,1,15.8,27.4,315,Mainly clear,1,1,Sunny/Clear Conditions
16075,2021-05-09 01:15:00,40.695644,-73.9661,0,0,Aggressive Driving/Road Rage,4415690,16.7,5.8,8.6,8.6,0.0,8.0,61,18.9,38.9,250,Rain: Light,0,0,
16076,2021-05-12 08:30:00,40.7499,-73.72802,0,0,Driver Inattention/Distraction,4415880,17.9,5.8,0.0,0.0,0.0,0.0,2,20.0,41.0,317,Partly cloudy,0,0,
16077,2021-05-10 14:00:00,40.697243,-73.967636,0,0,Passing Too Closely,4415217,14.9,8.3,3.3,3.3,0.0,7.0,55,18.8,58.3,339,Drizzle: Dense,0,0,
16078,2021-09-22 06:00:00,40.741455,-73.84258,1,0,Following Too Closely,4460045,25.3,19.9,5.1,5.1,0.0,15.0,61,29.3,55.1,154,Rain: Light,1,1,
16079,2021-05-11 21:09:00,40.723454,-73.94033,0,0,Passing Too Closely,4416012,16.7,8.2,0.0,0.0,0.0,0.0,3,27.0,51.1,292,Overcast,0,0,
16080,2021-05-07 05:00:00,40.692524,-73.76355,0,0,Backing Unsafely,4416104,16.4,7.7,0.0,0.0,0.0,0.0,3,15.8,32.4,73,Overcast,0,0,
16081,2021-05-13 15:38:00,40.821228,-73.8707,1,0,Unspecified,4416319,19.1,7.2,0.0,0.0,0.0,0.0,1,15.8,27.4,315,Mainly clear,1,1,Sunny/Clear Conditions
16082,2021-05-10 15:35:00,40.646515,-73.974655,0,0,Following Too Closely,4415944,14.9,8.3,3.3,3.3,0.0,7.0,55,18.8,58.3,339,Drizzle: Dense,0,0,
16083,2021-05-14 09:00:00,40.604618,-74.02771,0,0,Driver Inattention/Distraction,4416534,21.6,7.5,0.0,0.0,0.0,0.0,2,14.3,25.2,276,Partly cloudy,0,0,
16084,2021-05-11 11:11:00,40.71314,-73.78179,3,0,Driver Inattention/Distraction,4415475,16.7,8.2,0.0,0.0,0.0,0.0,3,27.0,51.1,292,Overcast,3,3,
16085,2021-05-13 09:09:00,40.70978,-73.82043,0,0,Unsafe Lane Changing,4416554,19.1,7.2,0.0,0.0,0.0,0.0,1,15.8,27.4,315,Mainly clear,0,0,Sunny/Clear Conditions
16086,2021-05-13 06:30:00,40.71606,-73.82334,0,0,Glare,4416240,19.1,7.2,0.0,0.0,0.0,0.0,1,15.8,27.4,315,Mainly clear,0,0,Sunny/Clear Conditions
16087,2021-05-12 06:28:00,40.72823,-73.83313,1,0,Unsafe Lane Changing,4415746,17.9,5.8,0.0,0.0,0.0,0.0,2,20.0,41.0,317,Partly cloudy,1,1,
16088,2021-05-10 16:45:00,40.704494,-73.81743,0,0,Unspecified,4415433,14.9,8.3,3.3,3.3,0.0,7.0,55,18.8,58.3,339,Drizzle: Dense,0,0,
16089,2021-05-12 10:50:00,40.65478,-73.889984,1,0,Unspecified,4416171,17.9,5.8,0.0,0.0,0.0,0.0,2,20.0,41.0,317,Partly cloudy,1,1,
16090,2021-05-12 15:05:00,40.601723,-73.74904,0,0,Other Vehicular,4416021,17.9,5.8,0.0,0.0,0.0,0.0,2,20.0,41.0,317,Partly cloudy,0,0,
16091,2021-05-14 19:00:00,40.66496,-73.82226,2,0,Driver Inattention/Distraction,4416642,21.6,7.5,0.0,0.0,0.0,0.0,2,14.3,25.2,276,Partly cloudy,2,2,
16092,2021-05-11 11:30:00,40.690918,-73.846855,0,0,Driver Inattention/Distraction,4415523,16.7,8.2,0.0,0.0,0.0,0.0,3,27.0,51.1,292,Overcast,0,0,
16093,2021-05-11 08:30:00,40.667236,-73.770004,3,0,Following Too Closely,4415598,16.7,8.2,0.0,0.0,0.0,0.0,3,27.0,51.1,292,Overcast,3,3,
16094,2021-05-07 15:40:00,40.754807,-73.99966,1,0,Driver Inattention/Distraction,4416124,16.4,7.7,0.0,0.0,0.0,0.0,3,15.8,32.4,73,Overcast,1,1,
16095,2021-05-14 08:55:00,40.70715,-73.79299,1,0,Unspecified,4416457,21.6,7.5,0.0,0.0,0.0,0.0,2,14.3,25.2,276,Partly cloudy,1,1,
16096,2021-05-14 23:55:00,40.66278,-73.88086,1,0,Following Too Closely,4417225,21.6,7.5,0.0,0.0,0.0,0.0,2,14.3,25.2,276,Partly cloudy,1,1,
16097,2021-05-13 15:50:00,40.69225,-73.76669,0,0,Passing or Lane Usage Improper,4416351,19.1,7.2,0.0,0.0,0.0,0.0,1,15.8,27.4,315,Mainly clear,0,0,Sunny/Clear Conditions
16098,2021-05-12 00:45:00,40.738064,-73.83657,0,0,Steering Failure,4415759,17.9,5.8,0.0,0.0,0.0,0.0,2,20.0,41.0,317,Partly cloudy,0,0,
16099,2021-05-10 20:00:00,40.748924,-73.937386,0,0,Driver Inattention/Distraction,4415203,14.9,8.3,3.3,3.3,0.0,7.0,55,18.8,58.3,339,Drizzle: Dense,0,0,
16100,2021-05-12 17:30:00,40.696785,-73.95659,0,0,Driver Inattention/Distraction,4417089,17.9,5.8,0.0,0.0,0.0,0.0,2,20.0,41.0,317,Partly cloudy,0,0,
16101,2021-05-07 18:50:00,40.683777,-73.76975,0,0,Following Too Closely,4416388,16.4,7.7,0.0,0.0,0.0,0.0,3,15.8,32.4,73,Overcast,0,0,
16102,2021-05-03 07:30:00,40.752472,-73.87818,0,0,Other Vehicular,4416076,15.8,11.4,5.7,5.7,0.0,7.0,61,14.5,47.2,53,Rain: Light,0,0,
16103,2021-05-14 18:45:00,40.828075,-73.840065,0,0,Unspecified,4416774,21.6,7.5,0.0,0.0,0.0,0.0,2,14.3,25.2,276,Partly cloudy,0,0,
16104,2021-05-12 05:05:00,40.85102,-73.934105,0,0,Driver Inattention/Distraction,4415717,17.9,5.8,0.0,0.0,0.0,0.0,2,20.0,41.0,317,Partly cloudy,0,0,
16105,2021-05-14 01:30:00,40.825455,-73.91317,0,0,Driver Inattention/Distraction,4416330,21.6,7.5,0.0,0.0,0.0,0.0,2,14.3,25.2,276,Partly cloudy,0,0,
16106,2021-05-08 16:42:00,40.789032,-73.95241,0,0,Backing Unsafely,4416336,11.6,7.7,4.3,4.3,0.0,9.0,61,17.5,36.4,140,Rain: Light,0,0,
16107,2021-05-07 20:30:00,40.807148,-73.943985,0,0,Unsafe Lane Changing,4417020,16.4,7.7,0.0,0.0,0.0,0.0,3,15.8,32.4,73,Overcast,0,0,
16108,2021-05-11 14:10:00,40.817173,-73.861725,0,0,Failure to Yield Right-of-Way,4415535,16.7,8.2,0.0,0.0,0.0,0.0,3,27.0,51.1,292,Overcast,0,0,
16109,2021-05-13 23:40:00,40.745712,-73.9277,0,0,Unspecified,4417130,19.1,7.2,0.0,0.0,0.0,0.0,1,15.8,27.4,315,Mainly clear,0,0,Sunny/Clear Conditions
16110,2021-05-12 07:30:00,40.701588,-73.7544,0,0,Unspecified,4415702,17.9,5.8,0.0,0.0,0.0,0.0,2,20.0,41.0,317,Partly cloudy,0,0,
16111,2021-05-11 14:30:00,40.66895,-73.9339,1,0,Driver Inattention/Distraction,4415791,16.7,8.2,0.0,0.0,0.0,0.0,3,27.0,51.1,292,Overcast,1,1,
16112,2021-05-10 16:10:00,40.727108,-73.859024,0,0,Passing Too Closely,4415196,14.9,8.3,3.3,3.3,0.0,7.0,55,18.8,58.3,339,Drizzle: Dense,0,0,
16113,2021-05-10 01:00:00,40.86804,-73.879105,0,0,Following Too Closely,4414873,14.9,8.3,3.3,3.3,0.0,7.0,55,18.8,58.3,339,Drizzle: Dense,0,0,
16114,2021-05-12 07:20:00,40.72015,-73.923164,1,0,Driver Inattention/Distraction,4416484,17.9,5.8,0.0,0.0,0.0,0.0,2,20.0,41.0,317,Partly cloudy,1,1,
16115,2021-05-11 09:44:00,40.595257,-74.062836,2,0,Following Too Closely,4415566,16.7,8.2,0.0,0.0,0.0,0.0,3,27.0,51.1,292,Overcast,2,2,
16116,2021-05-08 18:10:00,40.846657,-73.89619,0,0,Traffic Control Disregarded,4416077,11.6,7.7,4.3,4.3,0.0,9.0,61,17.5,36.4,140,Rain: Light,0,0,
16117,2021-05-11 17:28:00,40.680477,-73.7921,1,0,Driver Inattention/Distraction,4415651,16.7,8.2,0.0,0.0,0.0,0.0,3,27.0,51.1,292,Overcast,1,1,
16118,2021-05-12 14:00:00,0.0,0.0,0,0,Driver Inattention/Distraction,4415849,17.9,5.8,0.0,0.0,0.0,0.0,2,20.0,41.0,317,Partly cloudy,0,0,
16119,2021-05-10 16:43:00,40.801666,-73.95677,0,0,Backing Unsafely,4416220,14.9,8.3,3.3,3.3,0.0,7.0,55,18.8,58.3,339,Drizzle: Dense,0,0,
16120,2021-05-10 12:10:00,40.600945,-73.82037,1,0,Driver Inattention/Distraction,4415110,14.9,8.3,3.3,3.3,0.0,7.0,55,18.8,58.3,339,Drizzle: Dense,1,1,
16121,2021-05-12 18:27:00,40.76663,-73.89605,3,0,Unspecified,4415989,17.9,5.8,0.0,0.0,0.0,0.0,2,20.0,41.0,317,Partly cloudy,3,3,
16122,2021-05-14 06:22:00,40.717033,-73.95644,0,0,Passing Too Closely,4416383,21.6,7.5,0.0,0.0,0.0,0.0,2,14.3,25.2,276,Partly cloudy,0,0,
16123,2021-05-09 02:30:00,40.7441,-73.99565,0,0,Passing or Lane Usage Improper,4415774,16.7,5.8,8.6,8.6,0.0,8.0,61,18.9,38.9,250,Rain: Light,0,0,
16124,2021-05-12 08:40:00,40.636703,-73.99038,1,0,Unspecified,4415956,17.9,5.8,0.0,0.0,0.0,0.0,2,20.0,41.0,317,Partly cloudy,1,1,
16125,2021-05-10 03:10:00,40.841133,-73.924,0,0,Unsafe Speed,4415635,14.9,8.3,3.3,3.3,0.0,7.0,55,18.8,58.3,339,Drizzle: Dense,0,0,
16126,2021-05-14 00:00:00,40.68732,-73.87105,0,0,Unspecified,4416462,21.6,7.5,0.0,0.0,0.0,0.0,2,14.3,25.2,276,Partly cloudy,0,0,
16127,2021-05-11 20:49:00,40.61579,-74.025246,2,0,Driver Inattention/Distraction,4415595,16.7,8.2,0.0,0.0,0.0,0.0,3,27.0,51.1,292,Overcast,2,2,
16128,2021-05-11 10:30:00,40.828617,-73.84217,0,0,Passing or Lane Usage Improper,4415509,16.7,8.2,0.0,0.0,0.0,0.0,3,27.0,51.1,292,Overcast,0,0,
16129,2021-05-13 20:00:00,40.672688,-73.86935,0,0,Unspecified,4417222,19.1,7.2,0.0,0.0,0.0,0.0,1,15.8,27.4,315,Mainly clear,0,0,Sunny/Clear Conditions
16130,2021-05-10 09:45:00,40.638767,-74.02162,0,0,Other Vehicular,4415939,14.9,8.3,3.3,3.3,0.0,7.0,55,18.8,58.3,339,Drizzle: Dense,0,0,
16131,2021-05-14 17:35:00,40.75308,-73.93718,2,0,Driver Inattention/Distraction,4416816,21.6,7.5,0.0,0.0,0.0,0.0,2,14.3,25.2,276,Partly cloudy,2,2,
16132,2021-05-14 18:15:00,40.68665,-73.920746,1,0,Traffic Control Disregarded,4416938,21.6,7.5,0.0,0.0,0.0,0.0,2,14.3,25.2,276,Partly cloudy,1,1,
16133,2021-05-14 15:50:00,40.711643,-73.94392,1,0,Driver Inattention/Distraction,4416691,21.6,7.5,0.0,0.0,0.0,0.0,2,14.3,25.2,276,Partly cloudy,1,1,
16134,2021-05-13 01:16:00,40.64213,-73.92936,2,0,Driver Inattention/Distraction,4416203,19.1,7.2,0.0,0.0,0.0,0.0,1,15.8,27.4,315,Mainly clear,2,2,Sunny/Clear Conditions
16135,2021-05-14 13:42:00,40.71552,-74.00925,1,0,Traffic Control Disregarded,4416515,21.6,7.5,0.0,0.0,0.0,0.0,2,14.3,25.2,276,Partly cloudy,1,1,
16136,2021-05-13 16:25:00,40.754177,-73.984604,1,0,Driver Inattention/Distraction,4416230,19.1,7.2,0.0,0.0,0.0,0.0,1,15.8,27.4,315,Mainly clear,1,1,Sunny/Clear Conditions
16137,2021-05-11 14:00:00,40.706177,-73.75735,0,0,Unsafe Speed,4415817,16.7,8.2,0.0,0.0,0.0,0.0,3,27.0,51.1,292,Overcast,0,0,
16138,2021-05-13 08:46:00,40.86268,-73.90905,1,0,Driver Inattention/Distraction,4416151,19.1,7.2,0.0,0.0,0.0,0.0,1,15.8,27.4,315,Mainly clear,1,1,Sunny/Clear Conditions
16139,2021-05-12 03:00:00,40.856358,-73.826515,1,0,Passing or Lane Usage Improper,4415727,17.9,5.8,0.0,0.0,0.0,0.0,2,20.0,41.0,317,Partly cloudy,1,1,
16140,2021-05-14 20:30:00,40.67145,-73.93037,0,0,Other Vehicular,4416993,21.6,7.5,0.0,0.0,0.0,0.0,2,14.3,25.2,276,Partly cloudy,0,0,
16141,2021-05-12 12:00:00,40.59846,-73.95987,1,0,Driver Inattention/Distraction,4415834,17.9,5.8,0.0,0.0,0.0,0.0,2,20.0,41.0,317,Partly cloudy,1,1,
16142,2021-05-12 14:00:00,40.665375,-73.95052,0,0,Driver Inattention/Distraction,4416420,17.9,5.8,0.0,0.0,0.0,0.0,2,20.0,41.0,317,Partly cloudy,0,0,
16143,2021-05-12 08:28:00,40.80705,-73.91734,1,0,Unspecified,4415971,17.9,5.8,0.0,0.0,0.0,0.0,2,20.0,41.0,317,Partly cloudy,1,1,
16144,2021-05-08 14:20:00,40.665245,-73.80204,0,0,Unsafe Lane Changing,4416098,11.6,7.7,4.3,4.3,0.0,9.0,61,17.5,36.4,140,Rain: Light,0,0,
16145,2021-05-13 14:12:00,40.618385,-73.95669,1,0,Aggressive Driving/Road Rage,4416753,19.1,7.2,0.0,0.0,0.0,0.0,1,15.8,27.4,315,Mainly clear,1,1,Sunny/Clear Conditions
16146,2021-05-12 00:32:00,40.70109,-73.94502,0,0,Other Vehicular,4415684,17.9,5.8,0.0,0.0,0.0,0.0,2,20.0,41.0,317,Partly cloudy,0,0,
16147,2021-05-12 17:39:00,40.662544,-73.92023,1,0,Failure to Yield Right-of-Way,4416198,17.9,5.8,0.0,0.0,0.0,0.0,2,20.0,41.0,317,Partly cloudy,1,1,
16148,2021-05-11 14:26:00,40.700356,-73.912575,1,0,Failure to Yield Right-of-Way,4415707,16.7,8.2,0.0,0.0,0.0,0.0,3,27.0,51.1,292,Overcast,1,1,
16149,2021-05-13 14:25:00,40.824814,-73.93677,0,0,Unspecified,4417174,19.1,7.2,0.0,0.0,0.0,0.0,1,15.8,27.4,315,Mainly clear,0,0,Sunny/Clear Conditions
16150,2021-05-12 16:05:00,40.733128,-73.783035,1,0,Driver Inattention/Distraction,4415892,17.9,5.8,0.0,0.0,0.0,0.0,2,20.0,41.0,317,Partly cloudy,1,1,
16151,2021-05-12 17:30:00,40.87993,-73.89786,0,0,Unspecified,4415875,17.9,5.8,0.0,0.0,0.0,0.0,2,20.0,41.0,317,Partly cloudy,0,0,
16152,2021-05-11 08:40:00,40.680294,-73.76282,4,0,Backing Unsafely,4416156,16.7,8.2,0.0,0.0,0.0,0.0,3,27.0,51.1,292,Overcast,4,4,
16153,2021-05-10 11:35:00,40.823334,-73.90574,0,0,Turning Improperly,4415243,14.9,8.3,3.3,3.3,0.0,7.0,55,18.8,58.3,339,Drizzle: Dense,0,0,
16154,2021-05-11 11:25:00,40.63395,-73.99184,0,0,Unspecified,4415949,16.7,8.2,0.0,0.0,0.0,0.0,3,27.0,51.1,292,Overcast,0,0,
16155,2021-05-11 16:40:00,40.733536,-73.87035,0,0,Driver Inattention/Distraction,4415657,16.7,8.2,0.0,0.0,0.0,0.0,3,27.0,51.1,292,Overcast,0,0,
16156,2021-05-12 12:00:00,40.71062,-73.98534,0,0,Unspecified,4415934,17.9,5.8,0.0,0.0,0.0,0.0,2,20.0,41.0,317,Partly cloudy,0,0,
16157,2021-05-10 21:28:00,40.77392,-73.89809,1,0,Driver Inattention/Distraction,4415368,14.9,8.3,3.3,3.3,0.0,7.0,55,18.8,58.3,339,Drizzle: Dense,1,1,
16158,2021-05-11 10:30:00,40.648777,-73.92039,0,0,Unspecified,4415516,16.7,8.2,0.0,0.0,0.0,0.0,3,27.0,51.1,292,Overcast,0,0,
16159,2021-05-13 12:15:00,40.784534,-73.9736,1,0,Failure to Yield Right-of-Way,4416502,19.1,7.2,0.0,0.0,0.0,0.0,1,15.8,27.4,315,Mainly clear,1,1,Sunny/Clear Conditions