,CRASH DATETIME,LATITUDE,LONGITUDE,NUMBER OF PERSONS INJURED,NUMBER OF PERSONS KILLED,CONTRIBUTING FACTOR VEHICLE 1,COLLISION_ID,temperature_2m_max,temperature_2m_min,precipitation_sum,rain_sum,snowfall_sum,precipitation_hours,weather_code,wind_speed_10m_max,wind_gusts_10m_max,wind_direction_10m_dominant,Weather Description,Severity_Score,Total_Affected_Persons,Weather_Category
16160,2021-05-13 01:16:00,40.67538,-73.9082,0,0,Unspecified,4416066,19.1,7.2,0.0,0.0,0.0,0.0,1,15.8,27.4,315,Mainly clear,0,0,Sunny/Clear Conditions
16161,2021-05-12 22:55:00,40.868385,-73.89416,0,0,Traffic Control Disregarded,4415961,17.9,5.8,0.0,0.0,0.0,0.0,2,20.0,41.0,317,Partly cloudy,0,0,
16162,2021-05-11 01:20:00,40.58375,-73.92345,3,0,Driver Inexperience,4415223,16.7,8.2,0.0,0.0,0.0,0.0,3,27.0,51.1,292,Overcast,3,3,
16163,2021-05-11 05:30:00,40.681744,-73.91976,0,0,Driver Inattention/Distraction,4415823,16.7,8.2,0.0,0.0,0.0,0.0,3,27.0,51.1,292,Overcast,0,0,
16164,2021-05-13 00:30:00,40.670467,-73.8659,0,0,Other Vehicular,4416188,19.1,7.2,0.0,0.0,0.0,0.0,1,15.8,27.4,315,Mainly clear,0,0,Sunny/Clear Conditions
16165,2021-05-12 14:35:00,40.745724,-73.97813,1,0,Pedestrian/Bicyclist/Other Pedestrian Error/Confusion,4415860,17.9,5.8,0.0,0.0,0.0,0.0,2,20.0,41.0,317,Partly cloudy,1,1,
16166,2021-05-10 10:30:00,40.695282,-73.92576,1,0,Driver Inattention/Distraction,4415177,14.9,8.3,3.3,3.3,0.0,7.0,55,18.8,58.3,339,Drizzle: Dense,1,1,
16167,2021-05-11 16:00:00,40.803757,-73.939995,0,0,Unspecified,4415560,16.7,8.2,0.0,0.0,0.0,0.0,3,27.0,51.1,292,Overcast,0,0,
16168,2021-05-11 16:00:00,40.7749,-73.803894,0,0,Failure to Yield Right-of-Way,4415573,16.7,8.2,0.0,0.0,0.0,0.0,3,27.0,51.1,292,Overcast,0,0,
16169,2021-05-13 15:00:00,40.597664,-73.97672,0,0,Driver Inattention/Distraction,4416721,19.1,7.2,0.0,0.0,0.0,0.0,1,15.8,27.4,315,Mainly clear,0,0,Sunny/Clear Conditions
16170,2021-05-13 09:40:00,0.0,0.0,0,0,Unspecified,4416369,19.1,7.2,0.0,0.0,0.0,0.0,1,15.8,27.4,315,Mainly clear,0,0,Sunny/Clear Conditions
16171,2021-05-11 15:50:00,40.57981,-73.837204,1,0,Driver Inattention/Distraction,4416235,16.7,8.2,0.0,0.0,0.0,0.0,3,27.0,51.1,292,Overcast,1,1,
16172,2021-05-14 07:30:00,40.662277,-73.91078,0,0,Other Vehicular,4416489,21.6,7.5,0.0,0.0,0.0,0.0,2,14.3,25.2,276,Partly cloudy,0,0,
16173,2021-05-13 12:20:00,40.765846,-73.97668,0,0,Passing or Lane Usage Improper,4416304,19.1,7.2,0.0,0.0,0.0,0.0,1,15.8,27.4,315,Mainly clear,0,0,Sunny/Clear Conditions
16174,2021-05-07 09:09:00,40.755756,-73.96479,0,0,Driver Inattention/Distraction,4415966,16.4,7.7,0.0,0.0,0.0,0.0,3,15.8,32.4,73,Overcast,0,0,
16175,2021-05-13 14:00:00,40.700214,-73.94632,0,0,Driver Inexperience,4416255,19.1,7.2,0.0,0.0,0.0,0.0,1,15.8,27.4,315,Mainly clear,0,0,Sunny/Clear Conditions
16176,2021-05-09 23:40:00,40.66523,-73.931465,0,0,Unspecified,4416767,16.7,5.8,8.6,8.6,0.0,8.0,61,18.9,38.9,250,Rain: Light,0,0,
16177,2021-05-14 14:51:00,40.815693,-73.948685,1,0,Other Vehicular,4417173,21.6,7.5,0.0,0.0,0.0,0.0,2,14.3,25.2,276,Partly cloudy,1,1,
16178,2021-05-13 09:10:00,40.79973,-73.94427,0,0,Unspecified,4416109,19.1,7.2,0.0,0.0,0.0,0.0,1,15.8,27.4,315,Mainly clear,0,0,Sunny/Clear Conditions
16179,2021-04-07 08:23:00,40.676094,-73.94992,1,0,Following Too Closely,4416973,19.7,6.7,0.5,0.5,0.0,2.0,51,15.5,34.6,14,Drizzle: Light,1,1,
16180,2021-05-10 14:50:00,40.818794,-73.92213,2,0,Unspecified,4416283,14.9,8.3,3.3,3.3,0.0,7.0,55,18.8,58.3,339,Drizzle: Dense,2,2,
16181,2021-05-09 01:45:00,40.84091,-73.904755,0,0,Driver Inattention/Distraction,4416362,16.7,5.8,8.6,8.6,0.0,8.0,61,18.9,38.9,250,Rain: Light,0,0,
16182,2021-05-14 11:00:00,40.76315,-73.81261,0,0,Unspecified,4416671,21.6,7.5,0.0,0.0,0.0,0.0,2,14.3,25.2,276,Partly cloudy,0,0,
16183,2021-04-19 16:53:00,40.68943,-73.99688,0,0,Unspecified,4416008,16.9,5.0,0.0,0.0,0.0,0.0,3,14.7,31.0,214,Overcast,0,0,
16184,2021-05-10 12:18:00,40.72135,-74.00465,0,0,Unspecified,4416517,14.9,8.3,3.3,3.3,0.0,7.0,55,18.8,58.3,339,Drizzle: Dense,0,0,
16185,2021-05-14 21:30:00,40.776146,-73.904724,0,0,Unspecified,4416821,21.6,7.5,0.0,0.0,0.0,0.0,2,14.3,25.2,276,Partly cloudy,0,0,
16186,2021-09-24 07:21:00,40.73204,-73.87034,0,0,Following Too Closely,4460437,22.4,15.6,26.0,26.0,0.0,9.0,63,14.2,29.9,274,Rain: Moderate,0,0,
16187,2021-05-11 23:22:00,40.623657,-73.95306,2,0,Unspecified,4415666,16.7,8.2,0.0,0.0,0.0,0.0,3,27.0,51.1,292,Overcast,2,2,
16188,2021-05-11 10:30:00,40.711823,-73.83612,4,0,Unspecified,4415802,16.7,8.2,0.0,0.0,0.0,0.0,3,27.0,51.1,292,Overcast,4,4,
16189,2021-05-12 07:00:00,40.689674,-73.96614,2,0,Driver Inattention/Distraction,4416272,17.9,5.8,0.0,0.0,0.0,0.0,2,20.0,41.0,317,Partly cloudy,2,2,
16190,2021-04-20 13:50:00,40.761143,-73.86434,0,0,Unsafe Lane Changing,4416401,21.4,6.5,0.0,0.0,0.0,0.0,3,26.0,56.2,223,Overcast,0,0,
16191,2021-05-14 13:39:00,40.86661,-73.90121,0,0,Backing Unsafely,4416452,21.6,7.5,0.0,0.0,0.0,0.0,2,14.3,25.2,276,Partly cloudy,0,0,
16192,2021-05-13 19:30:00,40.702484,-73.85981,0,0,Driver Inattention/Distraction,4416252,19.1,7.2,0.0,0.0,0.0,0.0,1,15.8,27.4,315,Mainly clear,0,0,Sunny/Clear Conditions
16193,2021-05-12 22:50:00,40.768276,-73.86524,2,0,Unsafe Speed,4416025,17.9,5.8,0.0,0.0,0.0,0.0,2,20.0,41.0,317,Partly cloudy,2,2,
16194,2021-05-12 16:15:00,40.787163,-73.97169,0,0,Traffic Control Disregarded,4415861,17.9,5.8,0.0,0.0,0.0,0.0,2,20.0,41.0,317,Partly cloudy,0,0,
16195,2021-05-14 04:35:00,40.83389,-73.85466,0,0,Unspecified,4416323,21.6,7.5,0.0,0.0,0.0,0.0,2,14.3,25.2,276,Partly cloudy,0,0,
16196,2021-05-13 00:00:00,40.657425,-73.96231,0,0,Passing or Lane Usage Improper,4416539,19.1,7.2,0.0,0.0,0.0,0.0,1,15.8,27.4,315,Mainly clear,0,0,Sunny/Clear Conditions
16197,2021-05-10 17:30:00,40.666595,-73.87176,0,0,Unspecified,4415338,14.9,8.3,3.3,3.3,0.0,7.0,55,18.8,58.3,339,Drizzle: Dense,0,0,
16198,2021-05-14 00:00:00,40.624912,-74.12549,0,0,Reaction to Uninvolved Vehicle,4416856,21.6,7.5,0.0,0.0,0.0,0.0,2,14.3,25.2,276,Partly cloudy,0,0,
16199,2021-05-10 13:40:00,40.69558,-73.83949,1,0,Failure to Yield Right-of-Way,4415739,14.9,8.3,3.3,3.3,0.0,7.0,55,18.8,58.3,339,Drizzle: Dense,1,1,
16200,2021-05-11 20:37:00,40.70075,-73.98599,3,0,Passing or Lane Usage Improper,4416997,16.7,8.2,0.0,0.0,0.0,0.0,3,27.0,51.1,292,Overcast,3,3,
16201,2021-09-13 18:30:00,40.757824,-73.86101,1,0,Driver Inattention/Distraction,4460988,28.8,21.8,1.1,1.1,0.0,2.0,53,20.1,36.7,277,Drizzle: Moderate,1,1,
16202,2021-05-13 08:22:00,40.787983,-73.955986,1,0,Unsafe Lane Changing,4416108,19.1,7.2,0.0,0.0,0.0,0.0,1,15.8,27.4,315,Mainly clear,1,1,Sunny/Clear Conditions
16203,2021-05-12 12:12:00,40.67624,-73.866104,1,0,Unspecified,4416167,17.9,5.8,0.0,0.0,0.0,0.0,2,20.0,41.0,317,Partly cloudy,1,1,
16204,2021-05-06 12:40:00,40.768562,-73.89328,0,0,Unspecified,4415976,17.3,8.7,0.0,0.0,0.0,0.0,3,22.6,43.6,313,Overcast,0,0,
16205,2021-05-13 21:30:00,40.852787,-73.89663,2,0,Driver Inattention/Distraction,4416384,19.1,7.2,0.0,0.0,0.0,0.0,1,15.8,27.4,315,Mainly clear,2,2,Sunny/Clear Conditions
16206,2021-05-10 16:14:00,40.712307,-73.99437,1,0,Unspecified,4416035,14.9,8.3,3.3,3.3,0.0,7.0,55,18.8,58.3,339,Drizzle: Dense,1,1,
16207,2021-05-13 07:30:00,40.849922,-73.905624,0,0,Driver Inattention/Distraction,4416594,19.1,7.2,0.0,0.0,0.0,0.0,1,15.8,27.4,315,Mainly clear,0,0,Sunny/Clear Conditions
16208,2021-09-22 17:45:00,40.61696,-74.00505,0,0,Unspecified,4460635,25.3,19.9,5.1,5.1,0.0,15.0,61,29.3,55.1,154,Rain: Light,0,0,
16209,2021-05-14 16:00:00,40.65432,-73.91788,0,0,Passing Too Closely,4416952,21.6,7.5,0.0,0.0,0.0,0.0,2,14.3,25.2,276,Partly cloudy,0,0,
16210,2021-05-13 15:50:00,40.87892,-73.90479,1,0,Unspecified,4417102,19.1,7.2,0.0,0.0,0.0,0.0,1,15.8,27.4,315,Mainly clear,1,1,Sunny/Clear Conditions
16211,2021-05-13 10:00:00,40.72703,-73.85392,0,0,Following Too Closely,4416208,19.1,7.2,0.0,0.0,0.0,0.0,1,15.8,27.4,315,Mainly clear,0,0,Sunny/Clear Conditions
16212,2021-05-11 00:00:00,40.84827,-73.88312,1,0,Failure to Yield Right-of-Way,4416120,16.7,8.2,0.0,0.0,0.0,0.0,3,27.0,51.1,292,Overcast,1,1,
16213,2021-05-12 10:10:00,40.813385,-73.94511,1,0,Other Vehicular,4415795,17.9,5.8,0.0,0.0,0.0,0.0,2,20.0,41.0,317,Partly cloudy,1,1,
16214,2021-05-08 15:55:00,40.803528,-73.95323,0,0,Driver Inattention/Distraction,4416223,11.6,7.7,4.3,4.3,0.0,9.0,61,17.5,36.4,140,Rain: Light,0,0,
16215,2021-05-13 16:15:00,40.582287,-74.16907,0,0,Turning Improperly,4416355,19.1,7.2,0.0,0.0,0.0,0.0,1,15.8,27.4,315,Mainly clear,0,0,Sunny/Clear Conditions
16216,2021-05-14 14:00:00,40.710102,-74.0075,0,0,Backing Unsafely,4416516,21.6,7.5,0.0,0.0,0.0,0.0,2,14.3,25.2,276,Partly cloudy,0,0,
16217,2021-05-10 18:58:00,40.760746,-73.862434,1,0,Driver Inexperience,4415528,14.9,8.3,3.3,3.3,0.0,7.0,55,18.8,58.3,339,Drizzle: Dense,1,1,
16218,2021-05-11 17:20:00,40.636703,-73.99038,0,0,Unspecified,4415948,16.7,8.2,0.0,0.0,0.0,0.0,3,27.0,51.1,292,Overcast,0,0,
16219,2021-09-22 08:00:00,40.814934,-73.89765,2,0,Driver Inattention/Distraction,4461466,25.3,19.9,5.1,5.1,0.0,15.0,61,29.3,55.1,154,Rain: Light,2,2,
16220,2021-05-13 10:53:00,40.828278,-73.907036,0,0,Unspecified,4416326,19.1,7.2,0.0,0.0,0.0,0.0,1,15.8,27.4,315,Mainly clear,0,0,Sunny/Clear Conditions
16221,2021-05-11 12:50:00,40.812622,-73.92934,0,0,Alcohol Involvement,4415638,16.7,8.2,0.0,0.0,0.0,0.0,3,27.0,51.1,292,Overcast,0,0,
16222,2021-05-14 05:48:00,40.830154,-73.93964,1,0,Driver Inattention/Distraction,4416453,21.6,7.5,0.0,0.0,0.0,0.0,2,14.3,25.2,276,Partly cloudy,1,1,
16223,2021-05-12 10:18:00,40.743366,-73.82765,2,0,Traffic Control Disregarded,4415903,17.9,5.8,0.0,0.0,0.0,0.0,2,20.0,41.0,317,Partly cloudy,2,2,
16224,2021-05-14 06:28:00,40.7959,-73.938576,1,0,Failure to Yield Right-of-Way,4416340,21.6,7.5,0.0,0.0,0.0,0.0,2,14.3,25.2,276,Partly cloudy,1,1,
16225,2021-05-13 12:00:00,40.639378,-73.93586,0,0,Driver Inattention/Distraction,4416931,19.1,7.2,0.0,0.0,0.0,0.0,1,15.8,27.4,315,Mainly clear,0,0,Sunny/Clear Conditions
16226,2021-05-11 22:30:00,40.87419,-73.88035,0,0,Unspecified,4415630,16.7,8.2,0.0,0.0,0.0,0.0,3,27.0,51.1,292,Overcast,0,0,
16227,2021-05-14 21:30:00,40.67058,-73.93096,0,0,Unsafe Speed,4417001,21.6,7.5,0.0,0.0,0.0,0.0,2,14.3,25.2,276,Partly cloudy,0,0,
16228,2021-05-11 13:50:00,40.89466,-73.86137,0,0,Driver Inattention/Distraction,4415531,16.7,8.2,0.0,0.0,0.0,0.0,3,27.0,51.1,292,Overcast,0,0,
16229,2021-05-10 02:05:00,40.73883,-73.983154,0,0,Traffic Control Disregarded,4414826,14.9,8.3,3.3,3.3,0.0,7.0,55,18.8,58.3,339,Drizzle: Dense,0,0,
16230,2021-05-01 14:30:00,40.76909,-73.91521,0,0,Backing Unsafely,4416804,17.3,5.0,0.0,0.0,0.0,0.0,3,31.7,63.4,302,Overcast,0,0,
16231,2021-05-14 23:25:00,40.680477,-73.7921,0,0,Backing Unsafely,4416602,21.6,7.5,0.0,0.0,0.0,0.0,2,14.3,25.2,276,Partly cloudy,0,0,
16232,2021-05-13 02:58:00,40.678444,-73.92764,0,0,Lost Consciousness,4417026,19.1,7.2,0.0,0.0,0.0,0.0,1,15.8,27.4,315,Mainly clear,0,0,Sunny/Clear Conditions
16233,2021-05-11 10:45:00,40.682693,-73.96317,0,0,Passing Too Closely,4415591,16.7,8.2,0.0,0.0,0.0,0.0,3,27.0,51.1,292,Overcast,0,0,
16234,2021-05-12 11:25:00,40.674255,-73.89749,0,0,Unspecified,4416191,17.9,5.8,0.0,0.0,0.0,0.0,2,20.0,41.0,317,Partly cloudy,0,0,
16235,2021-05-14 07:25:00,40.64254,-73.87652,0,0,Passing or Lane Usage Improper,4416442,21.6,7.5,0.0,0.0,0.0,0.0,2,14.3,25.2,276,Partly cloudy,0,0,
16236,2021-05-12 07:00:00,40.735596,-73.89901,0,0,Unspecified,4415845,17.9,5.8,0.0,0.0,0.0,0.0,2,20.0,41.0,317,Partly cloudy,0,0,
16237,2021-05-04 12:30:00,40.75326,-73.864456,0,0,Unspecified,4415778,22.2,11.1,13.2,13.2,0.0,6.0,63,18.9,42.8,74,Rain: Moderate,0,0,
16238,2021-05-08 15:15:00,40.753387,-73.99631,0,0,Following Too Closely,4415771,11.6,7.7,4.3,4.3,0.0,9.0,61,17.5,36.4,140,Rain: Light,0,0,
16239,2021-05-11 13:00:00,40.567455,-74.11279,0,0,Unspecified,4415561,16.7,8.2,0.0,0.0,0.0,0.0,3,27.0,51.1,292,Overcast,0,0,
16240,2021-05-10 14:05:00,40.726406,-73.908485,0,0,Passing or Lane Usage Improper,4415202,14.9,8.3,3.3,3.3,0.0,7.0,55,18.8,58.3,339,Drizzle: Dense,0,0,
16241,2021-05-12 13:50:00,40.864464,-73.8245,0,0,Unspecified,4415993,17.9,5.8,0.0,0.0,0.0,0.0,2,20.0,41.0,317,Partly cloudy,0,0,
16242,2021-05-12 10:55:00,40.65543,-74.003265,0,0,Oversized Vehicle,4416262,17.9,5.8,0.0,0.0,0.0,0.0,2,20.0,41.0,317,Partly cloudy,0,0,
16243,2021-05-10 18:48:00,40.816593,-73.90042,3,0,Unspecified,4415426,14.9,8.3,3.3,3.3,0.0,7.0,55,18.8,58.3,339,Drizzle: Dense,3,3,
16244,2021-05-10 11:00:00,40.753788,-73.744286,0,0,Following Too Closely,4415101,14.9,8.3,3.3,3.3,0.0,7.0,55,18.8,58.3,339,Drizzle: Dense,0,0,
16245,2021-05-12 11:30:00,40.70904,-73.94063,0,0,Passing Too Closely,4415998,17.9,5.8,0.0,0.0,0.0,0.0,2,20.0,41.0,317,Partly cloudy,0,0,
16246,2021-05-09 05:30:00,40.901062,-73.86157,2,0,Alcohol Involvement,4417203,16.7,5.8,8.6,8.6,0.0,8.0,61,18.9,38.9,250,Rain: Light,2,2,
16247,2021-05-07 19:50:00,40.68804,-73.947754,1,0,Unspecified,4416886,16.4,7.7,0.0,0.0,0.0,0.0,3,15.8,32.4,73,Overcast,1,1,
16248,2021-05-03 11:24:00,40.656494,-73.93271,0,0,Driver Inattention/Distraction,4416416,15.8,11.4,5.7,5.7,0.0,7.0,61,14.5,47.2,53,Rain: Light,0,0,
16249,2021-05-10 11:50:00,40.828075,-73.88543,0,0,Following Too Closely,4416062,14.9,8.3,3.3,3.3,0.0,7.0,55,18.8,58.3,339,Drizzle: Dense,0,0,
16250,2021-05-13 20:45:00,40.837425,-73.92037,1,0,Driver Inattention/Distraction,4416374,19.1,7.2,0.0,0.0,0.0,0.0,1,15.8,27.4,315,Mainly clear,1,1,Sunny/Clear Conditions
16251,2021-05-12 12:43:00,40.684788,-73.93037,0,0,Unspecified,4415830,17.9,5.8,0.0,0.0,0.0,0.0,2,20.0,41.0,317,Partly cloudy,0,0,
16252,2021-05-11 16:10:00,40.719566,-73.94561,1,0,Traffic Control Disregarded,4416015,16.7,8.2,0.0,0.0,0.0,0.0,3,27.0,51.1,292,Overcast,1,1,
16253,2021-09-19 05:00:00,40.75702,-74.00494,1,0,Driver Inexperience,4460540,23.6,16.8,0.0,0.0,0.0,0.0,2,17.6,35.6,0,Partly cloudy,1,1,
16254,2021-05-14 22:45:00,40.741947,-73.82119,0,0,Following Too Closely,4416687,21.6,7.5,0.0,0.0,0.0,0.0,2,14.3,25.2,276,Partly cloudy,0,0,
16255,2021-05-11 21:28:00,40.67216,-73.98721,4,0,Unsafe Speed,4415766,16.7,8.2,0.0,0.0,0.0,0.0,3,27.0,51.1,292,Overcast,4,4,
16256,2021-05-07 20:28:00,40.705414,-73.78035,1,0,Unsafe Speed,4416506,16.4,7.7,0.0,0.0,0.0,0.0,3,15.8,32.4,73,Overcast,1,1,
16257,2021-05-14 07:45:00,40.883976,-73.88029,0,0,Unspecified,4416546,21.6,7.5,0.0,0.0,0.0,0.0,2,14.3,25.2,276,Partly cloudy,0,0,
16258,2021-05-05 13:30:00,40.847794,-73.82671,0,0,Unsafe Lane Changing,4416553,15.1,10.8,9.9,9.9,0.0,17.0,61,21.5,42.5,23,Rain: Light,0,0,
16259,2021-05-12 17:58:00,40.75529,-73.99493,0,0,Passing or Lane Usage Improper,4415929,17.9,5.8,0.0,0.0,0.0,0.0,2,20.0,41.0,317,Partly cloudy,0,0,
16260,2021-05-11 03:00:00,40.833332,-73.86962,0,0,Unspecified,4415411,16.7,8.2,0.0,0.0,0.0,0.0,3,27.0,51.1,292,Overcast,0,0,
16261,2021-05-12 14:45:00,40.685375,-73.97556,0,0,Driver Inattention/Distraction,4415871,17.9,5.8,0.0,0.0,0.0,0.0,2,20.0,41.0,317,Partly cloudy,0,0,
16262,2021-05-13 17:20:00,40.810352,-73.91761,4,0,Unspecified,4416284,19.1,7.2,0.0,0.0,0.0,0.0,1,15.8,27.4,315,Mainly clear,4,4,Sunny/Clear Conditions
16263,2021-05-14 08:30:00,0.0,0.0,0,0,Passing or Lane Usage Improper,4416983,21.6,7.5,0.0,0.0,0.0,0.0,2,14.3,25.2,276,Partly cloudy,0,0,
16264,2021-05-12 18:13:00,40.793606,-73.94952,1,0,Unsafe Speed,4416135,17.9,5.8,0.0,0.0,0.0,0.0,2,20.0,41.0,317,Partly cloudy,1,1,
16265,2021-05-12 22:35:00,40.72757,-73.95499,0,0,Driver Inattention/Distraction,4416020,17.9,5.8,0.0,0.0,0.0,0.0,2,20.0,41.0,317,Partly cloudy,0,0,
16266,2021-05-12 12:00:00,40.70224,-73.94236,0,0,Passing Too Closely,4416003,17.9,5.8,0.0,0.0,0.0,0.0,2,20.0,41.0,317,Partly cloudy,0,0,
16267,2021-05-10 19:05:00,40.80704,-73.9698,0,0,Driver Inattention/Distraction,4415888,14.9,8.3,3.3,3.3,0.0,7.0,55,18.8,58.3,339,Drizzle: Dense,0,0,
16268,2022-06-29 14:40:00,40.76217,-73.7568,4,0,Driver Inattention/Distraction,4542077,29.0,17.7,0.0,0.0,0.0,0.0,3,27.2,51.5,195,Overcast,4,4,
16269,2021-05-12 16:45:00,40.6433,-73.99427,0,0,Unspecified,4416903,17.9,5.8,0.0,0.0,0.0,0.0,2,20.0,41.0,317,Partly cloudy,0,0,
16270,2021-05-13 23:03:00,40.605568,-74.03118,1,0,Aggressive Driving/Road Rage,4416267,19.1,7.2,0.0,0.0,0.0,0.0,1,15.8,27.4,315,Mainly clear,1,1,Sunny/Clear Conditions
16271,2021-05-11 21:00:00,40.582195,-74.1103,0,0,Passing Too Closely,4415714,16.7,8.2,0.0,0.0,0.0,0.0,3,27.0,51.1,292,Overcast,0,0,
16272,2021-05-11 18:15:00,40.71799,-73.87144,1,0,Following Too Closely,4415577,16.7,8.2,0.0,0.0,0.0,0.0,3,27.0,51.1,292,Overcast,1,1,
16273,2021-05-14 08:40:00,40.808437,-73.91296,0,0,Unspecified,4416637,21.6,7.5,0.0,0.0,0.0,0.0,2,14.3,25.2,276,Partly cloudy,0,0,
16274,2021-05-13 17:00:00,40.53635,-74.151596,0,0,Following Too Closely,4416474,19.1,7.2,0.0,0.0,0.0,0.0,1,15.8,27.4,315,Mainly clear,0,0,Sunny/Clear Conditions
16275,2021-05-11 11:00:00,40.655533,-73.90518,0,0,Unspecified,4415512,16.7,8.2,0.0,0.0,0.0,0.0,3,27.0,51.1,292,Overcast,0,0,
16276,2021-04-30 12:00:00,40.72048,-73.83657,0,0,Unspecified,4415827,19.9,7.6,0.4,0.4,0.0,4.0,51,36.9,82.1,289,Drizzle: Light,0,0,
16277,2021-05-10 09:30:00,40.70472,-73.940285,0,0,Driver Inattention/Distraction,4415259,14.9,8.3,3.3,3.3,0.0,7.0,55,18.8,58.3,339,Drizzle: Dense,0,0,
16278,2021-04-21 09:20:00,40.7056,-73.85822,0,0,Failure to Yield Right-of-Way,4416152,18.2,3.7,3.7,3.7,0.0,3.0,63,29.9,59.0,256,Rain: Moderate,0,0,
16279,2021-05-14 11:00:00,40.84177,-73.92549,0,0,Unspecified,4417057,21.6,7.5,0.0,0.0,0.0,0.0,2,14.3,25.2,276,Partly cloudy,0,0,
16280,2021-05-12 13:37:00,40.670124,-73.95528,1,0,Driver Inattention/Distraction,4416421,17.9,5.8,0.0,0.0,0.0,0.0,2,20.0,41.0,317,Partly cloudy,1,1,
16281,2021-05-12 15:30:00,40.80119,-73.93003,0,0,Unspecified,4416089,17.9,5.8,0.0,0.0,0.0,0.0,2,20.0,41.0,317,Partly cloudy,0,0,
16282,2021-05-11 19:50:00,40.637585,-74.119934,0,0,Unspecified,4415957,16.7,8.2,0.0,0.0,0.0,0.0,3,27.0,51.1,292,Overcast,0,0,
16283,2021-05-10 12:01:00,40.80647,-73.94644,1,0,Passing or Lane Usage Improper,4415856,14.9,8.3,3.3,3.3,0.0,7.0,55,18.8,58.3,339,Drizzle: Dense,1,1,
16284,2021-05-13 13:54:00,40.864326,-73.90661,0,0,Unspecified,4416279,19.1,7.2,0.0,0.0,0.0,0.0,1,15.8,27.4,315,Mainly clear,0,0,Sunny/Clear Conditions
16285,2021-05-14 11:30:00,40.760353,-73.99124,1,0,Failure to Yield Right-of-Way,4416755,21.6,7.5,0.0,0.0,0.0,0.0,2,14.3,25.2,276,Partly cloudy,1,1,
16286,2021-05-11 13:35:00,40.699177,-73.955376,0,0,Failure to Yield Right-of-Way,4415681,16.7,8.2,0.0,0.0,0.0,0.0,3,27.0,51.1,292,Overcast,0,0,
16287,2021-05-10 06:55:00,40.676594,-73.89038,1,0,Driver Inattention/Distraction,4415330,14.9,8.3,3.3,3.3,0.0,7.0,55,18.8,58.3,339,Drizzle: Dense,1,1,
16288,2021-05-13 20:30:00,40.579185,-73.96401,0,0,Unspecified,4416994,19.1,7.2,0.0,0.0,0.0,0.0,1,15.8,27.4,315,Mainly clear,0,0,Sunny/Clear Conditions
16289,2021-05-12 07:30:00,40.731358,-73.89918,0,0,Driver Inattention/Distraction,4416485,17.9,5.8,0.0,0.0,0.0,0.0,2,20.0,41.0,317,Partly cloudy,0,0,
16290,2021-05-13 16:37:00,40.586765,-74.14617,4,0,Driver Inattention/Distraction,4416358,19.1,7.2,0.0,0.0,0.0,0.0,1,15.8,27.4,315,Mainly clear,4,4,Sunny/Clear Conditions
16291,2021-05-10 03:00:00,40.823483,-73.90005,0,0,Unsafe Speed,4415695,14.9,8.3,3.3,3.3,0.0,7.0,55,18.8,58.3,339,Drizzle: Dense,0,0,
16292,2021-05-12 00:16:00,40.85415,-73.88447,0,0,Driver Inattention/Distraction,4416094,17.9,5.8,0.0,0.0,0.0,0.0,2,20.0,41.0,317,Partly cloudy,0,0,
16293,2021-05-12 18:20:00,40.724716,-73.79972,0,0,Unspecified,4415893,17.9,5.8,0.0,0.0,0.0,0.0,2,20.0,41.0,317,Partly cloudy,0,0,
16294,2021-05-14 00:37:00,40.77226,-73.99364,1,0,Traffic Control Disregarded,4416308,21.6,7.5,0.0,0.0,0.0,0.0,2,14.3,25.2,276,Partly cloudy,1,1,
16295,2021-05-07 14:35:00,40.788532,-73.95322,0,0,Following Too Closely,4415798,16.4,7.7,0.0,0.0,0.0,0.0,3,15.8,32.4,73,Overcast,0,0,
16296,2021-05-14 18:00:00,40.71614,-73.83357,0,0,Driver Inattention/Distraction,4416521,21.6,7.5,0.0,0.0,0.0,0.0,2,14.3,25.2,276,Partly cloudy,0,0,
16297,2021-05-13 10:35:00,40.826275,-73.85971,0,0,Unsafe Speed,4416163,19.1,7.2,0.0,0.0,0.0,0.0,1,15.8,27.4,315,Mainly clear,0,0,Sunny/Clear Conditions
16298,2021-05-13 00:32:00,40.683243,-73.88672,2,0,Unspecified,4416176,19.1,7.2,0.0,0.0,0.0,0.0,1,15.8,27.4,315,Mainly clear,2,2,Sunny/Clear Conditions
16299,2021-05-14 23:33:00,40.761173,-73.95789,0,0,Driver Inattention/Distraction,4417160,21.6,7.5,0.0,0.0,0.0,0.0,2,14.3,25.2,276,Partly cloudy,0,0,
16300,2021-05-11 10:28:00,40.77077,-73.91727,1,0,Following Too Closely,4415492,16.7,8.2,0.0,0.0,0.0,0.0,3,27.0,51.1,292,Overcast,1,1,
16301,2021-05-10 16:40:00,40.70752,-73.806435,0,0,Backing Unsafely,4415383,14.9,8.3,3.3,3.3,0.0,7.0,55,18.8,58.3,339,Drizzle: Dense,0,0,
16302,2021-05-13 22:35:00,40.666737,-73.78628,2,0,Driver Inattention/Distraction,4416389,19.1,7.2,0.0,0.0,0.0,0.0,1,15.8,27.4,315,Mainly clear,2,2,Sunny/Clear Conditions
16303,2021-05-14 22:30:00,40.69219,-73.82709,1,0,Alcohol Involvement,4417144,21.6,7.5,0.0,0.0,0.0,0.0,2,14.3,25.2,276,Partly cloudy,1,1,
16304,2021-05-12 12:40:00,40.836617,-73.87377,0,0,Reaction to Uninvolved Vehicle,4416116,17.9,5.8,0.0,0.0,0.0,0.0,2,20.0,41.0,317,Partly cloudy,0,0,