,CRASH DATETIME,LATITUDE,LONGITUDE,NUMBER OF PERSONS INJURED,NUMBER OF PERSONS KILLED,CONTRIBUTING FACTOR VEHICLE 1,COLLISION_ID,temperature_2m_max,temperature_2m_min,precipitation_sum,rain_sum,snowfall_sum,precipitation_hours,weather_code,wind_speed_10m_max,wind_gusts_10m_max,wind_direction_10m_dominant,Weather Description,Severity_Score,Total_Affected_Persons,Weather_Category
16305,2021-05-10 13:50:00,40.672363,-73.93079,0,0,Backing Unsafely,4415124,14.9,8.3,3.3,3.3,0.0,7.0,55,18.8,58.3,339,Drizzle: Dense,0,0,
16306,2021-05-12 16:35:00,40.63905,-73.92593,1,0,Unsafe Speed,4415865,17.9,5.8,0.0,0.0,0.0,0.0,2,20.0,41.0,317,Partly cloudy,1,1,
16307,2021-05-06 16:20:00,40.73656,-74.0011,0,0,Driver Inattention/Distraction,4416052,17.3,8.7,0.0,0.0,0.0,0.0,3,22.6,43.6,313,Overcast,0,0,
16308,2021-05-11 09:30:00,40.815113,-73.95501,0,0,Unspecified,4415897,16.7,8.2,0.0,0.0,0.0,0.0,3,27.0,51.1,292,Overcast,0,0,
16309,2021-05-12 20:20:00,40.699207,-73.823,1,0,Failure to Yield Right-of-Way,4416343,17.9,5.8,0.0,0.0,0.0,0.0,2,20.0,41.0,317,Partly cloudy,1,1,
16310,2021-05-12 22:22:00,40.74217,-73.804436,0,0,Following Too Closely,4415920,17.9,5.8,0.0,0.0,0.0,0.0,2,20.0,41.0,317,Partly cloudy,0,0,
16311,2021-05-01 11:40:00,40.680893,-73.871376,0,0,Unspecified,4416195,17.3,5.0,0.0,0.0,0.0,0.0,3,31.7,63.4,302,Overcast,0,0,
16312,2021-05-12 09:50:00,40.831818,-73.942825,0,0,Unspecified,4416030,17.9,5.8,0.0,0.0,0.0,0.0,2,20.0,41.0,317,Partly cloudy,0,0,
16313,2021-05-14 14:19:00,40.673237,-73.91402,2,0,Reaction to Uninvolved Vehicle,4417071,21.6,7.5,0.0,0.0,0.0,0.0,2,14.3,25.2,276,Partly cloudy,2,2,
16314,2021-05-10 16:20:00,40.726376,-73.76624,1,0,Unspecified,4415169,14.9,8.3,3.3,3.3,0.0,7.0,55,18.8,58.3,339,Drizzle: Dense,1,1,
16315,2021-05-07 22:20:00,40.769035,-73.905334,2,0,Traffic Control Disregarded,4415980,16.4,7.7,0.0,0.0,0.0,0.0,3,15.8,32.4,73,Overcast,2,2,
16316,2021-05-06 08:00:00,40.830536,-73.91571,0,0,Unspecified,4416365,17.3,8.7,0.0,0.0,0.0,0.0,3,22.6,43.6,313,Overcast,0,0,
16317,2021-05-11 18:10:00,40.580166,-73.95254,0,0,Driver Inattention/Distraction,4415626,16.7,8.2,0.0,0.0,0.0,0.0,3,27.0,51.1,292,Overcast,0,0,
16318,2021-05-10 09:00:00,40.762913,-73.96981,0,0,Driver Inattention/Distraction,4415033,14.9,8.3,3.3,3.3,0.0,7.0,55,18.8,58.3,339,Drizzle: Dense,0,0,
16319,2021-05-14 10:30:00,40.74478,-73.93262,1,0,Driver Inattention/Distraction,4416410,21.6,7.5,0.0,0.0,0.0,0.0,2,14.3,25.2,276,Partly cloudy,1,1,
16320,2021-05-11 19:39:00,40.807037,-73.949745,2,0,Unspecified,4416212,16.7,8.2,0.0,0.0,0.0,0.0,3,27.0,51.1,292,Overcast,2,2,
16321,2021-05-10 16:40:00,40.618813,-73.93272,1,0,Unspecified,4416045,14.9,8.3,3.3,3.3,0.0,7.0,55,18.8,58.3,339,Drizzle: Dense,1,1,
16322,2021-05-11 23:34:00,40.667915,-73.77523,1,0,Unspecified,4415607,16.7,8.2,0.0,0.0,0.0,0.0,3,27.0,51.1,292,Overcast,1,1,
16323,2021-05-14 15:50:00,40.667576,-73.72951,2,0,Driver Inattention/Distraction,4416496,21.6,7.5,0.0,0.0,0.0,0.0,2,14.3,25.2,276,Partly cloudy,2,2,
16324,2021-05-14 19:54:00,40.583504,-73.95745,1,0,Driver Inattention/Distraction,4416571,21.6,7.5,0.0,0.0,0.0,0.0,2,14.3,25.2,276,Partly cloudy,1,1,
16325,2021-05-10 16:40:00,40.797943,-73.94003,0,0,Unspecified,4415391,14.9,8.3,3.3,3.3,0.0,7.0,55,18.8,58.3,339,Drizzle: Dense,0,0,
16326,2021-05-14 11:59:00,40.742237,-73.97961,0,0,Driver Inattention/Distraction,4416863,21.6,7.5,0.0,0.0,0.0,0.0,2,14.3,25.2,276,Partly cloudy,0,0,
16327,2021-05-11 15:00:00,40.605072,-73.92988,1,0,Unspecified,4416047,16.7,8.2,0.0,0.0,0.0,0.0,3,27.0,51.1,292,Overcast,1,1,
16328,2021-05-05 13:55:00,40.809692,-73.950066,0,0,Failure to Yield Right-of-Way,4416227,15.1,10.8,9.9,9.9,0.0,17.0,61,21.5,42.5,23,Rain: Light,0,0,
16329,2021-05-12 08:20:00,40.675518,-73.81088,0,0,Traffic Control Disregarded,4415754,17.9,5.8,0.0,0.0,0.0,0.0,2,20.0,41.0,317,Partly cloudy,0,0,
16330,2021-05-10 17:35:00,40.742096,-73.86748,0,0,Unspecified,4416311,14.9,8.3,3.3,3.3,0.0,7.0,55,18.8,58.3,339,Drizzle: Dense,0,0,
16331,2021-05-10 18:20:00,40.68354,-73.81065,5,0,Driver Inattention/Distraction,4415233,14.9,8.3,3.3,3.3,0.0,7.0,55,18.8,58.3,339,Drizzle: Dense,5,5,
16332,2021-05-14 23:00:00,40.681427,-73.886955,0,0,Passing Too Closely,4417209,21.6,7.5,0.0,0.0,0.0,0.0,2,14.3,25.2,276,Partly cloudy,0,0,
16333,2021-05-11 15:45:00,40.610504,-73.95767,0,0,Driver Inattention/Distraction,4415661,16.7,8.2,0.0,0.0,0.0,0.0,3,27.0,51.1,292,Overcast,0,0,
16334,2021-05-08 00:15:00,40.81175,-73.93144,0,0,Failure to Yield Right-of-Way,4416294,11.6,7.7,4.3,4.3,0.0,9.0,61,17.5,36.4,140,Rain: Light,0,0,
16335,2021-05-14 13:22:00,40.835297,-73.91291,1,0,Passing or Lane Usage Improper,4416604,21.6,7.5,0.0,0.0,0.0,0.0,2,14.3,25.2,276,Partly cloudy,1,1,
16336,2021-05-12 22:40:00,40.755642,-73.93596,2,0,Driver Inattention/Distraction,4416808,17.9,5.8,0.0,0.0,0.0,0.0,2,20.0,41.0,317,Partly cloudy,2,2,
16337,2021-05-14 16:20:00,40.805016,-73.92109,1,0,Unspecified,4416626,21.6,7.5,0.0,0.0,0.0,0.0,2,14.3,25.2,276,Partly cloudy,1,1,
16338,2021-05-10 12:40:00,40.719933,-73.97876,1,0,Following Too Closely,4415749,14.9,8.3,3.3,3.3,0.0,7.0,55,18.8,58.3,339,Drizzle: Dense,1,1,
16339,2021-05-14 19:25:00,40.691803,-73.76375,0,0,Unsafe Speed,4416577,21.6,7.5,0.0,0.0,0.0,0.0,2,14.3,25.2,276,Partly cloudy,0,0,
16340,2021-05-10 14:35:00,40.807667,-73.94929,0,0,Driver Inattention/Distraction,4417010,14.9,8.3,3.3,3.3,0.0,7.0,55,18.8,58.3,339,Drizzle: Dense,0,0,
16341,2021-05-11 16:35:00,40.63333,-73.89467,0,0,Unspecified,4415587,16.7,8.2,0.0,0.0,0.0,0.0,3,27.0,51.1,292,Overcast,0,0,
16342,2021-05-13 17:30:00,40.70618,-73.786064,0,0,Passing or Lane Usage Improper,4416438,19.1,7.2,0.0,0.0,0.0,0.0,1,15.8,27.4,315,Mainly clear,0,0,Sunny/Clear Conditions
16343,2021-05-11 23:10:00,40.745697,-73.88642,1,0,Driver Inattention/Distraction,4415642,16.7,8.2,0.0,0.0,0.0,0.0,3,27.0,51.1,292,Overcast,1,1,
16344,2021-05-13 00:00:00,40.585167,-73.958496,0,0,Unspecified,4416333,19.1,7.2,0.0,0.0,0.0,0.0,1,15.8,27.4,315,Mainly clear,0,0,Sunny/Clear Conditions
16345,2021-05-14 02:50:00,40.884396,-73.87998,1,0,Alcohol Involvement,4416393,21.6,7.5,0.0,0.0,0.0,0.0,2,14.3,25.2,276,Partly cloudy,1,1,
16346,2021-04-23 13:50:00,40.72762,-73.879074,0,0,Unspecified,4417038,15.5,2.0,0.0,0.0,0.0,0.0,3,28.7,57.2,273,Overcast,0,0,
16347,2021-05-10 03:00:00,40.77452,-73.84824,0,0,Passing Too Closely,4415184,14.9,8.3,3.3,3.3,0.0,7.0,55,18.8,58.3,339,Drizzle: Dense,0,0,
16348,2021-05-11 12:52:00,40.733204,-73.88838,0,0,Unspecified,4415498,16.7,8.2,0.0,0.0,0.0,0.0,3,27.0,51.1,292,Overcast,0,0,
16349,2021-05-12 14:10:00,40.673374,-73.8565,1,0,Unspecified,4416013,17.9,5.8,0.0,0.0,0.0,0.0,2,20.0,41.0,317,Partly cloudy,1,1,
16350,2021-05-14 06:25:00,40.636627,-73.94226,0,0,Unsafe Speed,4416928,21.6,7.5,0.0,0.0,0.0,0.0,2,14.3,25.2,276,Partly cloudy,0,0,
16351,2021-05-14 20:19:00,40.784916,-73.84213,0,0,Passing or Lane Usage Improper,4416682,21.6,7.5,0.0,0.0,0.0,0.0,2,14.3,25.2,276,Partly cloudy,0,0,
16352,2021-05-12 21:10:00,40.65661,-73.93091,2,0,Aggressive Driving/Road Rage,4416963,17.9,5.8,0.0,0.0,0.0,0.0,2,20.0,41.0,317,Partly cloudy,2,2,
16353,2021-05-11 08:50:00,40.703625,-73.87016,0,0,Passing or Lane Usage Improper,4415456,16.7,8.2,0.0,0.0,0.0,0.0,3,27.0,51.1,292,Overcast,0,0,
16354,2021-05-13 08:59:00,40.867496,-73.907425,0,0,Driver Inattention/Distraction,4416131,19.1,7.2,0.0,0.0,0.0,0.0,1,15.8,27.4,315,Mainly clear,0,0,Sunny/Clear Conditions
16355,2021-05-10 11:33:00,40.671955,-73.98153,0,0,Driver Inattention/Distraction,4415469,14.9,8.3,3.3,3.3,0.0,7.0,55,18.8,58.3,339,Drizzle: Dense,0,0,
16356,2021-05-11 12:11:00,40.76325,-73.88488,1,0,Driver Inattention/Distraction,4415667,16.7,8.2,0.0,0.0,0.0,0.0,3,27.0,51.1,292,Overcast,1,1,
16357,2022-03-29 00:05:00,40.6372,-74.125656,0,0,Driver Inattention/Distraction,4514606,3.3,-5.2,0.0,0.0,0.0,0.0,2,29.3,54.4,311,Partly cloudy,0,0,
16358,2021-05-14 19:00:00,40.71234,-73.788605,0,0,Driver Inattention/Distraction,4416526,21.6,7.5,0.0,0.0,0.0,0.0,2,14.3,25.2,276,Partly cloudy,0,0,
16359,2021-05-11 13:36:00,40.764915,-73.88599,1,0,Backing Unsafely,4415781,16.7,8.2,0.0,0.0,0.0,0.0,3,27.0,51.1,292,Overcast,1,1,
16360,2021-05-13 16:30:00,40.797802,-73.94015,1,0,Following Too Closely,4416378,19.1,7.2,0.0,0.0,0.0,0.0,1,15.8,27.4,315,Mainly clear,1,1,Sunny/Clear Conditions
16361,2021-05-11 07:00:00,40.7528,-73.979294,0,0,Passenger Distraction,4415925,16.7,8.2,0.0,0.0,0.0,0.0,3,27.0,51.1,292,Overcast,0,0,
16362,2021-05-11 08:00:00,40.848736,-73.93234,0,0,Driver Inattention/Distraction,4415710,16.7,8.2,0.0,0.0,0.0,0.0,3,27.0,51.1,292,Overcast,0,0,
16363,2021-05-10 15:01:00,40.73739,-74.00104,0,0,Backing Unsafely,4416057,14.9,8.3,3.3,3.3,0.0,7.0,55,18.8,58.3,339,Drizzle: Dense,0,0,
16364,2021-05-12 10:15:00,40.749676,-73.94372,0,0,Driver Inattention/Distraction,4415842,17.9,5.8,0.0,0.0,0.0,0.0,2,20.0,41.0,317,Partly cloudy,0,0,
16365,2021-04-23 10:15:00,40.66302,-73.869125,0,0,Turning Improperly,4416180,15.5,2.0,0.0,0.0,0.0,0.0,3,28.7,57.2,273,Overcast,0,0,
16366,2021-05-14 11:00:00,40.806923,-73.88392,0,0,Unspecified,4416619,21.6,7.5,0.0,0.0,0.0,0.0,2,14.3,25.2,276,Partly cloudy,0,0,
16367,2021-05-11 14:40:00,40.651268,-73.93033,1,0,Driver Inattention/Distraction,4415803,16.7,8.2,0.0,0.0,0.0,0.0,3,27.0,51.1,292,Overcast,1,1,
16368,2021-05-10 18:23:00,40.67091,-73.89364,1,0,Unspecified,4415335,14.9,8.3,3.3,3.3,0.0,7.0,55,18.8,58.3,339,Drizzle: Dense,1,1,
16369,2021-05-14 15:20:00,40.63228,-73.97391,1,0,Driver Inattention/Distraction,4416704,21.6,7.5,0.0,0.0,0.0,0.0,2,14.3,25.2,276,Partly cloudy,1,1,
16370,2021-05-12 10:00:00,40.817787,-73.86237,0,0,Driver Inattention/Distraction,4415810,17.9,5.8,0.0,0.0,0.0,0.0,2,20.0,41.0,317,Partly cloudy,0,0,
16371,2021-05-12 18:30:00,40.747845,-73.98111,1,0,Driver Inattention/Distraction,4415916,17.9,5.8,0.0,0.0,0.0,0.0,2,20.0,41.0,317,Partly cloudy,1,1,
16372,2021-05-12 16:28:00,40.63747,-73.91918,2,0,Following Too Closely,4417124,17.9,5.8,0.0,0.0,0.0,0.0,2,20.0,41.0,317,Partly cloudy,2,2,
16373,2021-05-13 19:10:00,40.812046,-73.910255,0,0,Other Vehicular,4416291,19.1,7.2,0.0,0.0,0.0,0.0,1,15.8,27.4,315,Mainly clear,0,0,Sunny/Clear Conditions
16374,2021-05-12 19:04:00,40.709198,-73.87815,0,0,Driver Inattention/Distraction,4416148,17.9,5.8,0.0,0.0,0.0,0.0,2,20.0,41.0,317,Partly cloudy,0,0,
16375,2021-05-05 10:00:00,40.684856,-73.764046,0,0,Turning Improperly,4415699,15.1,10.8,9.9,9.9,0.0,17.0,61,21.5,42.5,23,Rain: Light,0,0,
16376,2021-05-14 15:00:00,40.74357,-73.976715,1,0,Backing Unsafely,4416470,21.6,7.5,0.0,0.0,0.0,0.0,2,14.3,25.2,276,Partly cloudy,1,1,
16377,2021-05-11 23:20:00,40.675507,-74.00075,0,0,Unspecified,4417249,16.7,8.2,0.0,0.0,0.0,0.0,3,27.0,51.1,292,Overcast,0,0,
16378,2021-05-14 20:05:00,40.737682,-73.85206,1,0,Driver Inattention/Distraction,4416659,21.6,7.5,0.0,0.0,0.0,0.0,2,14.3,25.2,276,Partly cloudy,1,1,
16379,2021-05-11 18:30:00,40.824688,-73.95227,0,0,Backing Unsafely,4416563,16.7,8.2,0.0,0.0,0.0,0.0,3,27.0,51.1,292,Overcast,0,0,
16380,2021-05-11 15:42:00,40.774994,-73.93428,0,0,View Obstructed/Limited,4415983,16.7,8.2,0.0,0.0,0.0,0.0,3,27.0,51.1,292,Overcast,0,0,
16381,2021-05-14 16:40:00,40.82102,-73.88725,0,0,Failure to Yield Right-of-Way,4416565,21.6,7.5,0.0,0.0,0.0,0.0,2,14.3,25.2,276,Partly cloudy,0,0,
16382,2021-05-10 12:30:00,40.819885,-73.90726,0,0,Unspecified,4415091,14.9,8.3,3.3,3.3,0.0,7.0,55,18.8,58.3,339,Drizzle: Dense,0,0,
16383,2021-05-13 12:30:00,40.73072,-73.98906,0,0,Driver Inexperience,4416868,19.1,7.2,0.0,0.0,0.0,0.0,1,15.8,27.4,315,Mainly clear,0,0,Sunny/Clear Conditions
16384,2021-05-13 11:25:00,40.897175,-73.84293,1,0,Steering Failure,4416796,19.1,7.2,0.0,0.0,0.0,0.0,1,15.8,27.4,315,Mainly clear,1,1,Sunny/Clear Conditions
16385,2021-05-12 17:55:00,40.745865,-73.99206,0,0,Passing or Lane Usage Improper,4416084,17.9,5.8,0.0,0.0,0.0,0.0,2,20.0,41.0,317,Partly cloudy,0,0,
16386,2021-05-05 00:10:00,40.65761,-73.76756,0,0,Unspecified,4417136,15.1,10.8,9.9,9.9,0.0,17.0,61,21.5,42.5,23,Rain: Light,0,0,
16387,2021-09-24 11:39:00,40.764084,-73.83336,0,0,Failure to Yield Right-of-Way,4461102,22.4,15.6,26.0,26.0,0.0,9.0,63,14.2,29.9,274,Rain: Moderate,0,0,
16388,2021-05-11 17:00:00,40.842773,-73.922806,2,0,Following Too Closely,4416609,16.7,8.2,0.0,0.0,0.0,0.0,3,27.0,51.1,292,Overcast,2,2,
16389,2021-05-10 00:26:00,40.62621,-73.927666,0,0,Unspecified,4416043,14.9,8.3,3.3,3.3,0.0,7.0,55,18.8,58.3,339,Drizzle: Dense,0,0,
16390,2021-05-13 17:44:00,40.702778,-73.89457,0,0,Unspecified,4416481,19.1,7.2,0.0,0.0,0.0,0.0,1,15.8,27.4,315,Mainly clear,0,0,Sunny/Clear Conditions
16391,2021-05-12 21:20:00,40.702614,-73.96058,1,0,Driver Inattention/Distraction,4415996,17.9,5.8,0.0,0.0,0.0,0.0,2,20.0,41.0,317,Partly cloudy,1,1,
16392,2021-05-13 02:30:00,40.845352,-73.92821,0,0,Unsafe Lane Changing,4416363,19.1,7.2,0.0,0.0,0.0,0.0,1,15.8,27.4,315,Mainly clear,0,0,Sunny/Clear Conditions
16393,2021-05-11 09:25:00,40.640865,-73.9852,0,0,Driver Inattention/Distraction,4415953,16.7,8.2,0.0,0.0,0.0,0.0,3,27.0,51.1,292,Overcast,0,0,
16394,2021-05-13 19:31:00,40.820305,-73.89083,2,0,Traffic Control Disregarded,4416566,19.1,7.2,0.0,0.0,0.0,0.0,1,15.8,27.4,315,Mainly clear,2,2,Sunny/Clear Conditions
16395,2021-05-11 04:05:00,40.796738,-73.92925,0,0,Driver Inattention/Distraction,4415396,16.7,8.2,0.0,0.0,0.0,0.0,3,27.0,51.1,292,Overcast,0,0,
16396,2021-05-12 18:30:00,40.65144,-73.89539,0,0,Unspecified,4416656,17.9,5.8,0.0,0.0,0.0,0.0,2,20.0,41.0,317,Partly cloudy,0,0,
16397,2021-05-14 08:22:00,40.83086,-73.88745,0,0,Unspecified,4416790,21.6,7.5,0.0,0.0,0.0,0.0,2,14.3,25.2,276,Partly cloudy,0,0,
16398,2021-05-12 14:00:00,40.733093,-73.7387,0,0,Unspecified,4415940,17.9,5.8,0.0,0.0,0.0,0.0,2,20.0,41.0,317,Partly cloudy,0,0,
16399,2021-04-27 16:28:00,40.80521,-73.94736,1,0,Driver Inattention/Distraction,4417011,14.8,4.2,0.0,0.0,0.0,0.0,3,15.3,34.2,164,Overcast,1,1,
16400,2021-05-13 18:30:00,40.879337,-73.87429,0,0,Unspecified,4416392,19.1,7.2,0.0,0.0,0.0,0.0,1,15.8,27.4,315,Mainly clear,0,0,Sunny/Clear Conditions
16401,2021-05-14 10:00:00,40.82317,-73.9275,0,0,Unspecified,4417047,21.6,7.5,0.0,0.0,0.0,0.0,2,14.3,25.2,276,Partly cloudy,0,0,
16402,2021-05-08 14:20:00,40.6228,-74.02836,1,0,Driver Inattention/Distraction,4416204,11.6,7.7,4.3,4.3,0.0,9.0,61,17.5,36.4,140,Rain: Light,1,1,
16403,2021-09-03 14:40:00,40.692192,-73.98628,2,0,Passing Too Closely,4461131,21.9,14.0,0.0,0.0,0.0,0.0,3,14.5,30.2,321,Overcast,2,2,
16404,2021-05-14 21:20:00,40.54653,-74.180435,0,0,Driver Inattention/Distraction,4416922,21.6,7.5,0.0,0.0,0.0,0.0,2,14.3,25.2,276,Partly cloudy,0,0,
16405,2021-05-13 10:30:00,40.785492,-73.984116,0,0,Reaction to Uninvolved Vehicle,4417045,19.1,7.2,0.0,0.0,0.0,0.0,1,15.8,27.4,315,Mainly clear,0,0,Sunny/Clear Conditions
16406,2021-05-12 00:00:00,40.82914,-73.90811,0,0,Unspecified,4416067,17.9,5.8,0.0,0.0,0.0,0.0,2,20.0,41.0,317,Partly cloudy,0,0,
16407,2021-05-10 17:30:00,40.67546,-73.73385,3,0,Unspecified,4415191,14.9,8.3,3.3,3.3,0.0,7.0,55,18.8,58.3,339,Drizzle: Dense,3,3,
16408,2021-05-14 22:10:00,40.76663,-73.89605,3,0,Driver Inattention/Distraction,4417268,21.6,7.5,0.0,0.0,0.0,0.0,2,14.3,25.2,276,Partly cloudy,3,3,
16409,2021-05-10 10:39:00,40.84103,-73.94463,0,0,Following Too Closely,4415449,14.9,8.3,3.3,3.3,0.0,7.0,55,18.8,58.3,339,Drizzle: Dense,0,0,
16410,2021-05-14 06:50:00,40.633644,-73.907425,0,0,Unspecified,4416434,21.6,7.5,0.0,0.0,0.0,0.0,2,14.3,25.2,276,Partly cloudy,0,0,
16411,2021-05-13 13:28:00,40.824158,-73.87462,0,0,Unspecified,4416318,19.1,7.2,0.0,0.0,0.0,0.0,1,15.8,27.4,315,Mainly clear,0,0,Sunny/Clear Conditions
16412,2021-05-13 15:55:00,40.582195,-74.1103,0,0,Unspecified,4416480,19.1,7.2,0.0,0.0,0.0,0.0,1,15.8,27.4,315,Mainly clear,0,0,Sunny/Clear Conditions
16413,2021-05-12 17:09:00,40.686207,-73.85569,1,0,Pedestrian/Bicyclist/Other Pedestrian Error/Confusion,4416348,17.9,5.8,0.0,0.0,0.0,0.0,2,20.0,41.0,317,Partly cloudy,1,1,
16414,2021-05-11 02:47:00,40.664993,-73.80229,0,1,Unspecified,4415647,16.7,8.2,0.0,0.0,0.0,0.0,3,27.0,51.1,292,Overcast,20,1,
16415,2021-05-10 17:20:00,40.762962,-73.97188,1,0,Failure to Yield Right-of-Way,4415786,14.9,8.3,3.3,3.3,0.0,7.0,55,18.8,58.3,339,Drizzle: Dense,1,1,
16416,2021-05-14 15:40:00,40.87467,-73.8392,0,0,Aggressive Driving/Road Rage,4416812,21.6,7.5,0.0,0.0,0.0,0.0,2,14.3,25.2,276,Partly cloudy,0,0,
16417,2021-05-12 17:50:00,40.640034,-73.877945,0,0,Unspecified,4415935,17.9,5.8,0.0,0.0,0.0,0.0,2,20.0,41.0,317,Partly cloudy,0,0,
16418,2021-05-13 21:00:00,40.808662,-73.921875,0,0,Passing Too Closely,4416632,19.1,7.2,0.0,0.0,0.0,0.0,1,15.8,27.4,315,Mainly clear,0,0,Sunny/Clear Conditions
16419,2021-05-11 08:00:00,40.638954,-73.98355,2,0,Driver Inattention/Distraction,4415952,16.7,8.2,0.0,0.0,0.0,0.0,3,27.0,51.1,292,Overcast,2,2,
16420,2021-09-23 05:32:00,40.70806,-73.8073,0,0,Alcohol Involvement,4460172,26.2,18.0,15.6,15.6,0.0,14.0,63,40.7,77.4,156,Rain: Moderate,0,0,
16421,2021-05-11 19:20:00,40.616413,-74.103516,1,0,Unspecified,4415837,16.7,8.2,0.0,0.0,0.0,0.0,3,27.0,51.1,292,Overcast,1,1,
16422,2021-05-10 16:30:00,40.807205,-73.94412,0,0,Driver Inattention/Distraction,4416216,14.9,8.3,3.3,3.3,0.0,7.0,55,18.8,58.3,339,Drizzle: Dense,0,0,
16423,2021-05-12 16:30:00,40.66186,-73.9344,0,0,View Obstructed/Limited,4416199,17.9,5.8,0.0,0.0,0.0,0.0,2,20.0,41.0,317,Partly cloudy,0,0,
16424,2021-05-14 20:20:00,40.721996,-74.00298,1,0,Passing or Lane Usage Improper,4416587,21.6,7.5,0.0,0.0,0.0,0.0,2,14.3,25.2,276,Partly cloudy,1,1,
16425,2021-05-13 13:41:00,40.586754,-73.95806,0,0,Unspecified,4416331,19.1,7.2,0.0,0.0,0.0,0.0,1,15.8,27.4,315,Mainly clear,0,0,Sunny/Clear Conditions
16426,2021-05-12 14:12:00,40.659515,-73.89135,0,0,Unspecified,4416185,17.9,5.8,0.0,0.0,0.0,0.0,2,20.0,41.0,317,Partly cloudy,0,0,
16427,2021-05-13 13:22:00,40.62418,-73.97048,0,0,Driver Inattention/Distraction,4416905,19.1,7.2,0.0,0.0,0.0,0.0,1,15.8,27.4,315,Mainly clear,0,0,Sunny/Clear Conditions
16428,2021-05-11 15:10:00,40.62368,-73.99772,0,0,Driver Inattention/Distraction,4415571,16.7,8.2,0.0,0.0,0.0,0.0,3,27.0,51.1,292,Overcast,0,0,
16429,2021-05-11 15:30:00,40.570877,-74.16984,0,0,Unspecified,4415805,16.7,8.2,0.0,0.0,0.0,0.0,3,27.0,51.1,292,Overcast,0,0,
16430,2021-05-11 12:45:00,40.84768,-73.91237,0,0,Failure to Yield Right-of-Way,4415536,16.7,8.2,0.0,0.0,0.0,0.0,3,27.0,51.1,292,Overcast,0,0,
16431,2021-05-12 19:34:00,40.741764,-73.8809,0,0,Driver Inattention/Distraction,4415967,17.9,5.8,0.0,0.0,0.0,0.0,2,20.0,41.0,317,Partly cloudy,0,0,
16432,2021-04-12 10:40:00,40.708405,-73.797806,0,0,Backing Unsafely,4416424,8.7,6.7,13.6,13.6,0.0,21.0,61,23.4,42.1,51,Rain: Light,0,0,
16433,2021-05-02 22:26:00,40.671585,-73.95312,1,0,Driver Inattention/Distraction,4416972,26.3,11.3,0.0,0.0,0.0,0.0,3,23.0,43.9,251,Overcast,1,1,
16434,2021-05-10 12:40:00,40.83462,-73.90186,0,0,Passing Too Closely,4415238,14.9,8.3,3.3,3.3,0.0,7.0,55,18.8,58.3,339,Drizzle: Dense,0,0,
16435,2021-05-14 18:30:00,40.728474,-73.85174,0,0,Backing Unsafely,4416520,21.6,7.5,0.0,0.0,0.0,0.0,2,14.3,25.2,276,Partly cloudy,0,0,
16436,2021-05-12 00:29:00,40.684483,-73.7726,0,0,Driver Inattention/Distraction,4415703,17.9,5.8,0.0,0.0,0.0,0.0,2,20.0,41.0,317,Partly cloudy,0,0,
16437,2021-05-11 10:00:00,40.654133,-74.01169,0,0,Unspecified,4415896,16.7,8.2,0.0,0.0,0.0,0.0,3,27.0,51.1,292,Overcast,0,0,
16438,2021-05-13 20:18:00,40.68435,-73.97404,0,0,Unspecified,4416271,19.1,7.2,0.0,0.0,0.0,0.0,1,15.8,27.4,315,Mainly clear,0,0,Sunny/Clear Conditions
16439,2021-05-11 21:42:00,40.729557,-73.740814,1,0,Unspecified,4415879,16.7,8.2,0.0,0.0,0.0,0.0,3,27.0,51.1,292,Overcast,1,1,
16440,2021-05-11 04:21:00,40.685543,-73.97132,0,0,Alcohol Involvement,4417163,16.7,8.2,0.0,0.0,0.0,0.0,3,27.0,51.1,292,Overcast,0,0,
16441,2021-05-10 18:30:00,40.689674,-73.96614,0,0,Driver Inattention/Distraction,4415218,14.9,8.3,3.3,3.3,0.0,7.0,55,18.8,58.3,339,Drizzle: Dense,0,0,
16442,2021-05-12 06:30:00,40.709713,-73.73027,1,0,Unspecified,4415822,17.9,5.8,0.0,0.0,0.0,0.0,2,20.0,41.0,317,Partly cloudy,1,1,
16443,2021-05-11 08:20:00,40.786476,-73.81628,0,0,Passing or Lane Usage Improper,4415502,16.7,8.2,0.0,0.0,0.0,0.0,3,27.0,51.1,292,Overcast,0,0,
16444,2021-05-14 16:50:00,40.661198,-73.770966,0,0,Unspecified,4416497,21.6,7.5,0.0,0.0,0.0,0.0,2,14.3,25.2,276,Partly cloudy,0,0,
16445,2021-05-14 00:00:00,0.0,0.0,0,0,Failure to Yield Right-of-Way,4416716,21.6,7.5,0.0,0.0,0.0,0.0,2,14.3,25.2,276,Partly cloudy,0,0,
16446,2021-05-13 08:24:00,40.832672,-73.90939,1,0,Turning Improperly,4416316,19.1,7.2,0.0,0.0,0.0,0.0,1,15.8,27.4,315,Mainly clear,1,1,Sunny/Clear Conditions
16447,2021-05-12 21:00:00,40.748653,-73.888985,0,0,Other Vehicular,4416028,17.9,5.8,0.0,0.0,0.0,0.0,2,20.0,41.0,317,Partly cloudy,0,0,
16448,2021-05-13 06:20:00,40.72773,-73.90674,0,0,Driver Inattention/Distraction,4416243,19.1,7.2,0.0,0.0,0.0,0.0,1,15.8,27.4,315,Mainly clear,0,0,Sunny/Clear Conditions
16449,2021-05-12 16:45:00,40.762093,-73.75691,0,0,Fatigued/Drowsy,4415864,17.9,5.8,0.0,0.0,0.0,0.0,2,20.0,41.0,317,Partly cloudy,0,0,