,CRASH DATETIME,LATITUDE,LONGITUDE,NUMBER OF PERSONS INJURED,NUMBER OF PERSONS KILLED,CONTRIBUTING FACTOR VEHICLE 1,COLLISION_ID,temperature_2m_max,temperature_2m_min,precipitation_sum,rain_sum,snowfall_sum,precipitation_hours,weather_code,wind_speed_10m_max,wind_gusts_10m_max,wind_direction_10m_dominant,Weather Description,Severity_Score,Total_Affected_Persons,Weather_Category
16450,2021-04-28 07:00:00,40.656708,-74.00537,0,0,Unspecified,4415921,26.1,7.9,0.0,0.0,0.0,0.0,3,15.3,34.6,133,Overcast,0,0,
16451,2021-05-11 16:30:00,40.69291,-73.93704,0,0,Unspecified,4415835,16.7,8.2,0.0,0.0,0.0,0.0,3,27.0,51.1,292,Overcast,0,0,
16452,2021-05-07 19:30:00,0.0,0.0,0,0,Reaction to Uninvolved Vehicle,4416885,16.4,7.7,0.0,0.0,0.0,0.0,3,15.8,32.4,73,Overcast,0,0,
16453,2021-05-13 18:40:00,40.65418,-73.91068,0,0,Pedestrian/Bicyclist/Other Pedestrian Error/Confusion,4417075,19.1,7.2,0.0,0.0,0.0,0.0,1,15.8,27.4,315,Mainly clear,0,0,Sunny/Clear Conditions
16454,2021-05-09 02:00:00,40.667778,-73.780846,1,0,Backing Unsafely,4416099,16.7,5.8,8.6,8.6,0.0,8.0,61,18.9,38.9,250,Rain: Light,1,1,
16455,2021-05-06 04:30:00,40.75718,-73.97399,0,0,Driver Inattention/Distraction,4416561,17.3,8.7,0.0,0.0,0.0,0.0,3,22.6,43.6,313,Overcast,0,0,
16456,2021-05-11 14:40:00,40.58056,-73.83459,0,0,Driver Inattention/Distraction,4416231,16.7,8.2,0.0,0.0,0.0,0.0,3,27.0,51.1,292,Overcast,0,0,
16457,2021-05-11 08:15:00,40.70313,-73.816795,1,0,Following Too Closely,4415522,16.7,8.2,0.0,0.0,0.0,0.0,3,27.0,51.1,292,Overcast,1,1,
16458,2021-05-14 14:25:00,40.732384,-73.86805,0,0,Backing Unsafely,4416466,21.6,7.5,0.0,0.0,0.0,0.0,2,14.3,25.2,276,Partly cloudy,0,0,
16459,2021-05-14 21:30:00,40.79676,-73.9451,0,0,Unspecified,4416957,21.6,7.5,0.0,0.0,0.0,0.0,2,14.3,25.2,276,Partly cloudy,0,0,
16460,2021-05-11 01:16:00,40.623672,-73.8956,0,0,Unsafe Lane Changing,4415244,16.7,8.2,0.0,0.0,0.0,0.0,3,27.0,51.1,292,Overcast,0,0,
16461,2021-05-07 20:43:00,40.720554,-73.73604,0,0,Traffic Control Disregarded,4416529,16.4,7.7,0.0,0.0,0.0,0.0,3,15.8,32.4,73,Overcast,0,0,
16462,2021-05-08 18:45:00,40.700565,-73.76411,0,0,Driver Inattention/Distraction,4416350,11.6,7.7,4.3,4.3,0.0,9.0,61,17.5,36.4,140,Rain: Light,0,0,
16463,2021-05-13 10:49:00,40.6371,-74.00788,1,0,Unspecified,4416849,19.1,7.2,0.0,0.0,0.0,0.0,1,15.8,27.4,315,Mainly clear,1,1,Sunny/Clear Conditions
16464,2021-05-13 00:00:00,40.857826,-73.88688,0,0,Passing Too Closely,4417241,19.1,7.2,0.0,0.0,0.0,0.0,1,15.8,27.4,315,Mainly clear,0,0,Sunny/Clear Conditions
16465,2021-04-29 14:00:00,40.6397,-74.019615,0,0,Unspecified,4416666,22.5,12.9,3.8,3.8,0.0,9.0,53,25.6,50.8,199,Drizzle: Moderate,0,0,
16466,2021-09-22 08:25:00,40.809162,-73.90377,0,0,Driver Inattention/Distraction,4460090,25.3,19.9,5.1,5.1,0.0,15.0,61,29.3,55.1,154,Rain: Light,0,0,
16467,2021-05-12 00:00:00,40.66471,-73.89426,2,0,Unspecified,4416184,17.9,5.8,0.0,0.0,0.0,0.0,2,20.0,41.0,317,Partly cloudy,2,2,
16468,2021-05-13 15:00:00,40.65974,-73.9293,0,0,Driver Inattention/Distraction,4416964,19.1,7.2,0.0,0.0,0.0,0.0,1,15.8,27.4,315,Mainly clear,0,0,Sunny/Clear Conditions
16469,2021-05-11 08:00:00,40.84219,-73.89411,0,0,Driver Inattention/Distraction,4416111,16.7,8.2,0.0,0.0,0.0,0.0,3,27.0,51.1,292,Overcast,0,0,
16470,2021-05-14 10:25:00,40.845238,-73.900894,0,0,Traffic Control Disregarded,4416448,21.6,7.5,0.0,0.0,0.0,0.0,2,14.3,25.2,276,Partly cloudy,0,0,
16471,2021-05-14 02:00:00,40.820824,-73.91562,0,0,Other Vehicular,4416636,21.6,7.5,0.0,0.0,0.0,0.0,2,14.3,25.2,276,Partly cloudy,0,0,
16472,2021-09-24 14:55:00,40.842808,-73.942024,1,0,Driver Inattention/Distraction,4461028,22.4,15.6,26.0,26.0,0.0,9.0,63,14.2,29.9,274,Rain: Moderate,1,1,
16473,2021-05-12 11:08:00,40.692696,-73.99198,0,0,Backing Unsafely,4415928,17.9,5.8,0.0,0.0,0.0,0.0,2,20.0,41.0,317,Partly cloudy,0,0,
16474,2021-05-14 10:03:00,40.84434,-73.91475,0,0,Following Too Closely,4416605,21.6,7.5,0.0,0.0,0.0,0.0,2,14.3,25.2,276,Partly cloudy,0,0,
16475,2021-05-11 13:50:00,40.603832,-74.06895,1,0,Backing Unsafely,4416039,16.7,8.2,0.0,0.0,0.0,0.0,3,27.0,51.1,292,Overcast,1,1,
16476,2021-05-11 11:11:00,40.72096,-73.84698,1,0,Backing Unsafely,4416153,16.7,8.2,0.0,0.0,0.0,0.0,3,27.0,51.1,292,Overcast,1,1,
16477,2021-05-11 22:22:00,40.69632,-73.960625,1,0,Failure to Yield Right-of-Way,4416843,16.7,8.2,0.0,0.0,0.0,0.0,3,27.0,51.1,292,Overcast,1,1,
16478,2021-05-05 22:12:00,40.76849,-73.95157,0,0,Unsafe Speed,4416303,15.1,10.8,9.9,9.9,0.0,17.0,61,21.5,42.5,23,Rain: Light,0,0,
16479,2021-05-09 23:25:00,40.606853,-74.06744,1,0,Driver Inattention/Distraction,4415857,16.7,5.8,8.6,8.6,0.0,8.0,61,18.9,38.9,250,Rain: Light,1,1,
16480,2021-05-11 11:00:00,40.740017,-73.84565,0,0,Following Too Closely,4415652,16.7,8.2,0.0,0.0,0.0,0.0,3,27.0,51.1,292,Overcast,0,0,
16481,2021-05-14 10:51:00,40.67312,-73.96072,0,0,Driver Inattention/Distraction,4417000,21.6,7.5,0.0,0.0,0.0,0.0,2,14.3,25.2,276,Partly cloudy,0,0,
16482,2021-05-13 16:40:00,40.65487,-73.96191,1,0,Failure to Yield Right-of-Way,4416759,19.1,7.2,0.0,0.0,0.0,0.0,1,15.8,27.4,315,Mainly clear,1,1,Sunny/Clear Conditions
16483,2021-05-13 11:30:00,40.73366,-73.76652,0,0,Unspecified,4416236,19.1,7.2,0.0,0.0,0.0,0.0,1,15.8,27.4,315,Mainly clear,0,0,Sunny/Clear Conditions
16484,2021-05-12 16:30:00,0.0,0.0,2,0,Turning Improperly,4416088,17.9,5.8,0.0,0.0,0.0,0.0,2,20.0,41.0,317,Partly cloudy,2,2,
16485,2021-05-10 13:40:00,40.678314,-73.91358,1,0,Unspecified,4415111,14.9,8.3,3.3,3.3,0.0,7.0,55,18.8,58.3,339,Drizzle: Dense,1,1,
16486,2021-05-10 23:03:00,40.84518,-73.91417,0,0,Driver Inattention/Distraction,4415636,14.9,8.3,3.3,3.3,0.0,7.0,55,18.8,58.3,339,Drizzle: Dense,0,0,
16487,2021-05-13 00:00:00,40.75232,-73.86796,0,0,Driver Inattention/Distraction,4416402,19.1,7.2,0.0,0.0,0.0,0.0,1,15.8,27.4,315,Mainly clear,0,0,Sunny/Clear Conditions
16488,2021-05-10 08:04:00,40.80417,-73.966705,0,0,Unspecified,4415066,14.9,8.3,3.3,3.3,0.0,7.0,55,18.8,58.3,339,Drizzle: Dense,0,0,
16489,2021-05-13 18:25:00,40.757908,-73.9893,0,0,Backing Unsafely,4417055,19.1,7.2,0.0,0.0,0.0,0.0,1,15.8,27.4,315,Mainly clear,0,0,Sunny/Clear Conditions
16490,2021-05-13 22:57:00,40.80824,-73.95259,1,0,Driver Inattention/Distraction,4417007,19.1,7.2,0.0,0.0,0.0,0.0,1,15.8,27.4,315,Mainly clear,1,1,Sunny/Clear Conditions
16491,2021-05-14 00:10:00,40.66852,-73.890175,0,0,Unspecified,4416441,21.6,7.5,0.0,0.0,0.0,0.0,2,14.3,25.2,276,Partly cloudy,0,0,
16492,2021-05-11 15:50:00,40.673546,-73.99537,1,0,Failure to Yield Right-of-Way,4415581,16.7,8.2,0.0,0.0,0.0,0.0,3,27.0,51.1,292,Overcast,1,1,
16493,2021-05-10 21:10:00,40.79226,-73.96427,0,0,Unsafe Lane Changing,4415404,14.9,8.3,3.3,3.3,0.0,7.0,55,18.8,58.3,339,Drizzle: Dense,0,0,
16494,2021-05-05 14:00:00,40.836502,-73.825165,0,0,Unspecified,4415992,15.1,10.8,9.9,9.9,0.0,17.0,61,21.5,42.5,23,Rain: Light,0,0,
16495,2021-05-08 02:54:00,40.866024,-73.92588,1,0,Turning Improperly,4415691,11.6,7.7,4.3,4.3,0.0,9.0,61,17.5,36.4,140,Rain: Light,1,1,
16496,2021-05-11 08:45:00,40.69942,-73.86878,3,0,Following Too Closely,4415474,16.7,8.2,0.0,0.0,0.0,0.0,3,27.0,51.1,292,Overcast,3,3,
16497,2021-05-10 05:45:00,40.678722,-73.952995,0,0,Following Too Closely,4415151,14.9,8.3,3.3,3.3,0.0,7.0,55,18.8,58.3,339,Drizzle: Dense,0,0,
16498,2021-05-13 22:53:00,40.76023,-73.961525,1,0,Failure to Yield Right-of-Way,4416301,19.1,7.2,0.0,0.0,0.0,0.0,1,15.8,27.4,315,Mainly clear,1,1,Sunny/Clear Conditions
16499,2022-06-30 17:30:00,40.869156,-73.884,0,0,Driver Inattention/Distraction,4542356,31.2,17.3,0.0,0.0,0.0,0.0,2,19.1,37.4,274,Partly cloudy,0,0,
16500,2021-05-10 11:57:00,40.70774,-73.95361,1,0,Traffic Control Disregarded,4415263,14.9,8.3,3.3,3.3,0.0,7.0,55,18.8,58.3,339,Drizzle: Dense,1,1,
16501,2021-09-22 16:30:00,40.697906,-73.80722,0,0,Backing Unsafely,4459877,25.3,19.9,5.1,5.1,0.0,15.0,61,29.3,55.1,154,Rain: Light,0,0,
16502,2021-05-11 18:40:00,40.852673,-73.919106,0,0,Following Too Closely,4415741,16.7,8.2,0.0,0.0,0.0,0.0,3,27.0,51.1,292,Overcast,0,0,
16503,2021-05-10 18:05:00,40.753284,-73.92049,0,0,Driver Inattention/Distraction,4415367,14.9,8.3,3.3,3.3,0.0,7.0,55,18.8,58.3,339,Drizzle: Dense,0,0,
16504,2021-05-08 22:20:00,40.666122,-73.93139,0,0,Passing or Lane Usage Improper,4416593,11.6,7.7,4.3,4.3,0.0,9.0,61,17.5,36.4,140,Rain: Light,0,0,
16505,2021-05-06 21:30:00,40.691833,-73.92785,1,0,Driver Inattention/Distraction,4417087,17.3,8.7,0.0,0.0,0.0,0.0,3,22.6,43.6,313,Overcast,1,1,
16506,2021-05-12 17:10:00,40.826786,-73.892944,0,0,Traffic Control Disregarded,4416071,17.9,5.8,0.0,0.0,0.0,0.0,2,20.0,41.0,317,Partly cloudy,0,0,
16507,2021-05-05 23:58:00,40.758915,-73.9997,0,0,Failure to Yield Right-of-Way,4415758,15.1,10.8,9.9,9.9,0.0,17.0,61,21.5,42.5,23,Rain: Light,0,0,
16508,2021-05-13 00:11:00,40.666306,-73.79171,2,0,Driver Inattention/Distraction,4416126,19.1,7.2,0.0,0.0,0.0,0.0,1,15.8,27.4,315,Mainly clear,2,2,Sunny/Clear Conditions
16509,2021-09-24 17:24:00,40.78884,-73.81381,1,0,Failure to Yield Right-of-Way,4460607,22.4,15.6,26.0,26.0,0.0,9.0,63,14.2,29.9,274,Rain: Moderate,1,1,
16510,2021-05-10 08:31:00,40.82084,-73.87266,0,0,Backing Unsafely,4415039,14.9,8.3,3.3,3.3,0.0,7.0,55,18.8,58.3,339,Drizzle: Dense,0,0,
16511,2021-05-12 21:54:00,40.78843,-73.94907,3,0,Unsafe Lane Changing,4416335,17.9,5.8,0.0,0.0,0.0,0.0,2,20.0,41.0,317,Partly cloudy,3,3,
16512,2021-05-14 17:39:00,40.822933,-73.93813,1,0,Other Vehicular,4417179,21.6,7.5,0.0,0.0,0.0,0.0,2,14.3,25.2,276,Partly cloudy,1,1,
16513,2021-05-10 00:56:00,40.903305,-73.8529,0,0,Driver Inattention/Distraction,4414948,14.9,8.3,3.3,3.3,0.0,7.0,55,18.8,58.3,339,Drizzle: Dense,0,0,
16514,2021-05-10 12:01:00,40.77178,-73.9792,1,0,Driver Inattention/Distraction,4415195,14.9,8.3,3.3,3.3,0.0,7.0,55,18.8,58.3,339,Drizzle: Dense,1,1,
16515,2021-05-13 17:33:00,40.83988,-73.916794,0,0,Passing or Lane Usage Improper,4416370,19.1,7.2,0.0,0.0,0.0,0.0,1,15.8,27.4,315,Mainly clear,0,0,Sunny/Clear Conditions
16516,2021-05-07 19:40:00,40.799805,-73.956154,1,0,Turning Improperly,4417018,16.4,7.7,0.0,0.0,0.0,0.0,3,15.8,32.4,73,Overcast,1,1,
16517,2021-05-12 21:30:00,40.788986,-73.97407,2,0,Driver Inattention/Distraction,4415908,17.9,5.8,0.0,0.0,0.0,0.0,2,20.0,41.0,317,Partly cloudy,2,2,
16518,2021-05-11 08:45:00,40.68993,-73.98148,0,0,Driver Inexperience,4415616,16.7,8.2,0.0,0.0,0.0,0.0,3,27.0,51.1,292,Overcast,0,0,
16519,2021-05-10 10:20:00,40.673573,-73.902084,2,0,Failure to Yield Right-of-Way,4415311,14.9,8.3,3.3,3.3,0.0,7.0,55,18.8,58.3,339,Drizzle: Dense,2,2,
16520,2021-05-10 00:01:00,40.637146,-73.94713,0,0,Driver Inattention/Distraction,4415156,14.9,8.3,3.3,3.3,0.0,7.0,55,18.8,58.3,339,Drizzle: Dense,0,0,
16521,2021-05-13 15:16:00,40.637997,-74.02136,1,0,Unspecified,4416254,19.1,7.2,0.0,0.0,0.0,0.0,1,15.8,27.4,315,Mainly clear,1,1,Sunny/Clear Conditions
16522,2021-05-11 17:05:00,40.85111,-73.93061,1,0,Unspecified,4415718,16.7,8.2,0.0,0.0,0.0,0.0,3,27.0,51.1,292,Overcast,1,1,
16523,2021-05-11 01:20:00,40.697556,-73.80498,0,0,Outside Car Distraction,4415548,16.7,8.2,0.0,0.0,0.0,0.0,3,27.0,51.1,292,Overcast,0,0,
16524,2021-05-11 16:45:00,40.830975,-73.85267,0,0,Unspecified,4415567,16.7,8.2,0.0,0.0,0.0,0.0,3,27.0,51.1,292,Overcast,0,0,
16525,2021-05-08 16:23:00,40.741222,-74.006004,1,0,Following Too Closely,4415773,11.6,7.7,4.3,4.3,0.0,9.0,61,17.5,36.4,140,Rain: Light,1,1,
16526,2021-05-12 00:25:00,40.671608,-73.91695,0,0,Driver Inattention/Distraction,4415850,17.9,5.8,0.0,0.0,0.0,0.0,2,20.0,41.0,317,Partly cloudy,0,0,
16527,2021-05-11 11:20:00,40.66905,-73.91506,0,0,Unspecified,4415506,16.7,8.2,0.0,0.0,0.0,0.0,3,27.0,51.1,292,Overcast,0,0,
16528,2021-05-12 17:15:00,40.632164,-74.166336,0,0,Driver Inattention/Distraction,4416007,17.9,5.8,0.0,0.0,0.0,0.0,2,20.0,41.0,317,Partly cloudy,0,0,
16529,2021-05-14 17:10:00,40.780193,-73.80034,0,0,Turning Improperly,4416672,21.6,7.5,0.0,0.0,0.0,0.0,2,14.3,25.2,276,Partly cloudy,0,0,
16530,2021-04-09 08:45:00,40.679565,-73.93436,0,0,Driver Inattention/Distraction,4416939,13.4,5.7,0.0,0.0,0.0,0.0,3,15.7,33.8,146,Overcast,0,0,
16531,2021-05-13 18:00:00,40.889927,-73.9084,0,0,Traffic Control Disregarded,4416269,19.1,7.2,0.0,0.0,0.0,0.0,1,15.8,27.4,315,Mainly clear,0,0,Sunny/Clear Conditions
16532,2021-05-14 16:50:00,40.706047,-73.94129,0,0,Passing or Lane Usage Improper,4416692,21.6,7.5,0.0,0.0,0.0,0.0,2,14.3,25.2,276,Partly cloudy,0,0,
16533,2021-09-12 13:00:00,40.721733,-73.99114,0,0,Passing Too Closely,4460878,28.8,18.3,0.0,0.0,0.0,0.0,3,24.3,46.8,233,Overcast,0,0,
16534,2021-05-13 09:25:00,40.669403,-73.94221,0,0,Other Vehicular,4416417,19.1,7.2,0.0,0.0,0.0,0.0,1,15.8,27.4,315,Mainly clear,0,0,Sunny/Clear Conditions
16535,2021-05-11 12:48:00,40.873222,-73.83747,0,0,Driver Inattention/Distraction,4415818,16.7,8.2,0.0,0.0,0.0,0.0,3,27.0,51.1,292,Overcast,0,0,
16536,2021-05-14 09:19:00,40.60638,-73.754715,0,0,Passing Too Closely,4416557,21.6,7.5,0.0,0.0,0.0,0.0,2,14.3,25.2,276,Partly cloudy,0,0,
16537,2021-05-10 16:15:00,40.805737,-73.94065,0,0,Passing or Lane Usage Improper,4416103,14.9,8.3,3.3,3.3,0.0,7.0,55,18.8,58.3,339,Drizzle: Dense,0,0,
16538,2021-05-11 15:37:00,40.69832,-73.962265,0,0,Unsafe Lane Changing,4415596,16.7,8.2,0.0,0.0,0.0,0.0,3,27.0,51.1,292,Overcast,0,0,
16539,2021-05-12 09:04:00,40.617123,-73.98524,0,0,Driver Inattention/Distraction,4415723,17.9,5.8,0.0,0.0,0.0,0.0,2,20.0,41.0,317,Partly cloudy,0,0,
16540,2021-05-14 21:11:00,40.662556,-73.91963,0,0,Failure to Yield Right-of-Way,4417063,21.6,7.5,0.0,0.0,0.0,0.0,2,14.3,25.2,276,Partly cloudy,0,0,
16541,2021-05-11 17:15:00,40.68319,-73.8663,4,0,Turning Improperly,4416172,16.7,8.2,0.0,0.0,0.0,0.0,3,27.0,51.1,292,Overcast,4,4,
16542,2021-05-12 22:33:00,40.715473,-73.95185,0,0,Following Too Closely,4416024,17.9,5.8,0.0,0.0,0.0,0.0,2,20.0,41.0,317,Partly cloudy,0,0,
16543,2021-05-11 11:40:00,40.707848,-73.956276,0,0,Driver Inattention/Distraction,4415685,16.7,8.2,0.0,0.0,0.0,0.0,3,27.0,51.1,292,Overcast,0,0,
16544,2021-05-10 21:10:00,40.817543,-73.95694,0,0,Driver Inattention/Distraction,4415889,14.9,8.3,3.3,3.3,0.0,7.0,55,18.8,58.3,339,Drizzle: Dense,0,0,
16545,2021-04-15 17:36:00,40.642048,-74.07533,0,0,Unspecified,4416948,12.9,7.7,15.9,15.9,0.0,15.0,63,17.3,32.0,166,Rain: Moderate,0,0,
16546,2021-05-13 13:15:00,40.686836,-73.923515,0,0,Driver Inattention/Distraction,4416941,19.1,7.2,0.0,0.0,0.0,0.0,1,15.8,27.4,315,Mainly clear,0,0,Sunny/Clear Conditions
16547,2021-05-11 21:15:00,40.875122,-73.905174,3,0,Unsafe Speed,4415876,16.7,8.2,0.0,0.0,0.0,0.0,3,27.0,51.1,292,Overcast,3,3,
16548,2021-05-10 15:00:00,40.73223,-73.70934,0,0,Unspecified,4415209,14.9,8.3,3.3,3.3,0.0,7.0,55,18.8,58.3,339,Drizzle: Dense,0,0,
16549,2021-05-11 18:50:00,40.757145,-73.99357,0,0,Passing or Lane Usage Improper,4416385,16.7,8.2,0.0,0.0,0.0,0.0,3,27.0,51.1,292,Overcast,0,0,
16550,2021-05-04 23:45:00,40.734562,-74.00543,0,0,Unspecified,4416056,22.2,11.1,13.2,13.2,0.0,6.0,63,18.9,42.8,74,Rain: Moderate,0,0,
16551,2021-05-10 13:18:00,40.64439,-73.94987,1,0,Aggressive Driving/Road Rage,4415518,14.9,8.3,3.3,3.3,0.0,7.0,55,18.8,58.3,339,Drizzle: Dense,1,1,
16552,2021-05-11 21:57:00,40.781666,-73.986694,0,0,Following Too Closely,4416501,16.7,8.2,0.0,0.0,0.0,0.0,3,27.0,51.1,292,Overcast,0,0,
16553,2021-05-11 19:49:00,40.71982,-73.90345,1,0,Failure to Yield Right-of-Way,4416140,16.7,8.2,0.0,0.0,0.0,0.0,3,27.0,51.1,292,Overcast,1,1,
16554,2021-05-07 13:00:00,40.68866,-73.97096,0,0,Unspecified,4416473,16.4,7.7,0.0,0.0,0.0,0.0,3,15.8,32.4,73,Overcast,0,0,
16555,2021-05-10 19:00:00,40.708324,-73.84314,0,0,Following Too Closely,4415392,14.9,8.3,3.3,3.3,0.0,7.0,55,18.8,58.3,339,Drizzle: Dense,0,0,
16556,2021-05-12 01:13:00,40.8281,-73.92021,0,0,Traffic Control Disregarded,4415631,17.9,5.8,0.0,0.0,0.0,0.0,2,20.0,41.0,317,Partly cloudy,0,0,
16557,2021-05-14 11:25:00,40.865574,-73.82314,1,0,Driver Inexperience,4416773,21.6,7.5,0.0,0.0,0.0,0.0,2,14.3,25.2,276,Partly cloudy,1,1,
16558,2021-05-11 16:10:00,40.704033,-73.81711,1,0,Failure to Yield Right-of-Way,4416339,16.7,8.2,0.0,0.0,0.0,0.0,3,27.0,51.1,292,Overcast,1,1,
16559,2021-05-12 22:20:00,40.87294,-73.88534,1,0,Failure to Yield Right-of-Way,4415960,17.9,5.8,0.0,0.0,0.0,0.0,2,20.0,41.0,317,Partly cloudy,1,1,
16560,2021-05-12 21:54:00,40.76713,-73.99373,0,0,Unspecified,4416092,17.9,5.8,0.0,0.0,0.0,0.0,2,20.0,41.0,317,Partly cloudy,0,0,
16561,2021-05-13 07:28:00,40.67655,-73.91484,0,0,Unspecified,4417062,19.1,7.2,0.0,0.0,0.0,0.0,1,15.8,27.4,315,Mainly clear,0,0,Sunny/Clear Conditions
16562,2021-05-11 15:26:00,40.61572,-74.09624,0,0,Unspecified,4415787,16.7,8.2,0.0,0.0,0.0,0.0,3,27.0,51.1,292,Overcast,0,0,
16563,2021-05-11 12:00:00,40.585026,-73.958275,1,0,Unsafe Lane Changing,4415648,16.7,8.2,0.0,0.0,0.0,0.0,3,27.0,51.1,292,Overcast,1,1,
16564,2021-05-05 15:45:00,40.68969,-73.99237,0,0,Unsafe Speed,4417248,15.1,10.8,9.9,9.9,0.0,17.0,61,21.5,42.5,23,Rain: Light,0,0,
16565,2021-05-10 11:59:00,40.71906,-73.812126,1,0,Driver Inattention/Distraction,4415772,14.9,8.3,3.3,3.3,0.0,7.0,55,18.8,58.3,339,Drizzle: Dense,1,1,
16566,2021-05-12 12:00:00,40.66684,-73.899414,0,0,Unspecified,4416173,17.9,5.8,0.0,0.0,0.0,0.0,2,20.0,41.0,317,Partly cloudy,0,0,
16567,2021-05-11 00:50:00,40.732346,-73.98495,3,0,Outside Car Distraction,4415750,16.7,8.2,0.0,0.0,0.0,0.0,3,27.0,51.1,292,Overcast,3,3,
16568,2021-05-10 05:45:00,40.73572,-73.93677,0,0,Driver Inattention/Distraction,4415103,14.9,8.3,3.3,3.3,0.0,7.0,55,18.8,58.3,339,Drizzle: Dense,0,0,
16569,2021-05-13 17:45:00,40.768436,-73.98906,0,0,Driver Inattention/Distraction,4416307,19.1,7.2,0.0,0.0,0.0,0.0,1,15.8,27.4,315,Mainly clear,0,0,Sunny/Clear Conditions
16570,2021-05-08 19:10:00,40.680313,-73.842026,0,0,Driver Inattention/Distraction,4416290,11.6,7.7,4.3,4.3,0.0,9.0,61,17.5,36.4,140,Rain: Light,0,0,
16571,2021-05-14 11:00:00,40.710114,-73.77859,0,0,Driver Inexperience,4416437,21.6,7.5,0.0,0.0,0.0,0.0,2,14.3,25.2,276,Partly cloudy,0,0,
16572,2021-05-10 06:00:00,40.68074,-73.76963,2,0,Failure to Yield Right-of-Way,4415427,14.9,8.3,3.3,3.3,0.0,7.0,55,18.8,58.3,339,Drizzle: Dense,2,2,
16573,2021-05-12 20:15:00,40.67961,-73.89831,0,0,Unspecified,4416175,17.9,5.8,0.0,0.0,0.0,0.0,2,20.0,41.0,317,Partly cloudy,0,0,
16574,2021-05-10 16:47:00,40.6587,-73.999855,1,0,Unspecified,4415586,14.9,8.3,3.3,3.3,0.0,7.0,55,18.8,58.3,339,Drizzle: Dense,1,1,
16575,2021-05-10 08:55:00,40.602592,-73.74969,0,0,Other Vehicular,4415384,14.9,8.3,3.3,3.3,0.0,7.0,55,18.8,58.3,339,Drizzle: Dense,0,0,
16576,2021-05-10 09:30:00,40.851395,-73.94129,0,0,Backing Unsafely,4415087,14.9,8.3,3.3,3.3,0.0,7.0,55,18.8,58.3,339,Drizzle: Dense,0,0,
16577,2021-05-14 21:55:00,40.706345,-73.85159,3,0,Following Too Closely,4417143,21.6,7.5,0.0,0.0,0.0,0.0,2,14.3,25.2,276,Partly cloudy,3,3,
16578,2021-09-24 22:30:00,40.745235,-73.937706,0,0,Driver Inattention/Distraction,4460639,22.4,15.6,26.0,26.0,0.0,9.0,63,14.2,29.9,274,Rain: Moderate,0,0,
16579,2021-05-10 11:17:00,40.81503,-73.815125,0,0,Unspecified,4415136,14.9,8.3,3.3,3.3,0.0,7.0,55,18.8,58.3,339,Drizzle: Dense,0,0,
16580,2021-09-23 18:00:00,40.832413,-73.880844,0,0,Unspecified,4460670,26.2,18.0,15.6,15.6,0.0,14.0,63,40.7,77.4,156,Rain: Moderate,0,0,
16581,2021-09-24 10:48:00,40.862923,-73.92777,1,0,View Obstructed/Limited,4461170,22.4,15.6,26.0,26.0,0.0,9.0,63,14.2,29.9,274,Rain: Moderate,1,1,
16582,2021-05-14 23:40:00,40.75967,-73.92725,1,0,Alcohol Involvement,4416820,21.6,7.5,0.0,0.0,0.0,0.0,2,14.3,25.2,276,Partly cloudy,1,1,
16583,2021-05-11 08:45:00,40.832214,-73.90344,0,0,Other Vehicular,4415745,16.7,8.2,0.0,0.0,0.0,0.0,3,27.0,51.1,292,Overcast,0,0,
16584,2021-05-12 17:00:00,40.66494,-73.87382,0,0,Unspecified,4416194,17.9,5.8,0.0,0.0,0.0,0.0,2,20.0,41.0,317,Partly cloudy,0,0,
16585,2021-05-11 09:30:00,40.607864,-74.179184,2,0,Driver Inattention/Distraction,4415483,16.7,8.2,0.0,0.0,0.0,0.0,3,27.0,51.1,292,Overcast,2,2,
16586,2021-05-12 11:00:00,40.769096,-73.833664,0,0,Unspecified,4416686,17.9,5.8,0.0,0.0,0.0,0.0,2,20.0,41.0,317,Partly cloudy,0,0,
16587,2021-05-14 23:47:00,40.691536,-73.99912,0,0,Following Too Closely,4417099,21.6,7.5,0.0,0.0,0.0,0.0,2,14.3,25.2,276,Partly cloudy,0,0,
16588,2021-05-10 09:00:00,40.904957,-73.85371,1,0,Failure to Yield Right-of-Way,4415471,14.9,8.3,3.3,3.3,0.0,7.0,55,18.8,58.3,339,Drizzle: Dense,1,1,
16589,2021-05-10 00:30:00,40.83265,-73.86366,0,0,Unspecified,4415035,14.9,8.3,3.3,3.3,0.0,7.0,55,18.8,58.3,339,Drizzle: Dense,0,0,
16590,2021-05-13 12:05:00,40.662613,-73.908455,1,0,Unspecified,4416488,19.1,7.2,0.0,0.0,0.0,0.0,1,15.8,27.4,315,Mainly clear,1,1,Sunny/Clear Conditions
16591,2021-05-12 07:00:00,40.721977,-73.75972,0,0,Driver Inattention/Distraction,4415762,17.9,5.8,0.0,0.0,0.0,0.0,2,20.0,41.0,317,Partly cloudy,0,0,
16592,2021-05-14 16:00:00,40.872128,-73.88248,0,0,Unspecified,4416600,21.6,7.5,0.0,0.0,0.0,0.0,2,14.3,25.2,276,Partly cloudy,0,0,
16593,2021-05-08 15:19:00,40.86879,-73.83168,0,0,Passing Too Closely,4416130,11.6,7.7,4.3,4.3,0.0,9.0,61,17.5,36.4,140,Rain: Light,0,0,