,CRASH DATETIME,LATITUDE,LONGITUDE,NUMBER OF PERSONS INJURED,NUMBER OF PERSONS KILLED,CONTRIBUTING FACTOR VEHICLE 1,COLLISION_ID,temperature_2m_max,temperature_2m_min,precipitation_sum,rain_sum,snowfall_sum,precipitation_hours,weather_code,wind_speed_10m_max,wind_gusts_10m_max,wind_direction_10m_dominant,Weather Description,Severity_Score,Total_Affected_Persons,Weather_Category
16594,2021-05-08 16:00:00,40.69924,-73.80632,0,0,Unspecified,4416207,11.6,7.7,4.3,4.3,0.0,9.0,61,17.5,36.4,140,Rain: Light,0,0,
16595,2021-05-11 16:25:00,40.66561,-73.73568,0,0,Unspecified,4415597,16.7,8.2,0.0,0.0,0.0,0.0,3,27.0,51.1,292,Overcast,0,0,
16596,2021-05-03 20:00:00,40.62284,-74.00121,2,0,Failure to Yield Right-of-Way,4416205,15.8,11.4,5.7,5.7,0.0,7.0,61,14.5,47.2,53,Rain: Light,2,2,
16597,2021-05-06 18:20:00,40.810505,-73.95092,1,0,Unspecified,4417006,17.3,8.7,0.0,0.0,0.0,0.0,3,22.6,43.6,313,Overcast,1,1,
16598,2021-05-11 20:41:00,40.86177,-73.89868,1,0,Driver Inattention/Distraction,4415713,16.7,8.2,0.0,0.0,0.0,0.0,3,27.0,51.1,292,Overcast,1,1,
16599,2021-05-10 06:00:00,40.58274,-73.97858,0,0,Driver Inattention/Distraction,4415943,14.9,8.3,3.3,3.3,0.0,7.0,55,18.8,58.3,339,Drizzle: Dense,0,0,
16600,2021-05-07 12:50:00,40.75595,-73.88165,0,0,Other Vehicular,4416075,16.4,7.7,0.0,0.0,0.0,0.0,3,15.8,32.4,73,Overcast,0,0,
16601,2021-05-12 16:13:00,40.683712,-73.913765,0,0,Unspecified,4415904,17.9,5.8,0.0,0.0,0.0,0.0,2,20.0,41.0,317,Partly cloudy,0,0,
16602,2021-05-14 19:37:00,40.653774,-73.95617,0,0,Driver Inattention/Distraction,4416932,21.6,7.5,0.0,0.0,0.0,0.0,2,14.3,25.2,276,Partly cloudy,0,0,
16603,2021-05-10 21:25:00,40.90195,-73.85043,1,0,Driver Inattention/Distraction,4415513,14.9,8.3,3.3,3.3,0.0,7.0,55,18.8,58.3,339,Drizzle: Dense,1,1,
16604,2021-09-23 17:55:00,40.58897,-73.90895,1,0,Unspecified,4460848,26.2,18.0,15.6,15.6,0.0,14.0,63,40.7,77.4,156,Rain: Moderate,1,1,
16605,2021-05-11 20:00:00,40.706635,-74.015785,0,0,Unspecified,4415660,16.7,8.2,0.0,0.0,0.0,0.0,3,27.0,51.1,292,Overcast,0,0,
16606,2021-05-10 16:30:00,40.74096,-73.88145,0,0,Driver Inattention/Distraction,4415248,14.9,8.3,3.3,3.3,0.0,7.0,55,18.8,58.3,339,Drizzle: Dense,0,0,
16607,2021-05-11 08:00:00,40.869274,-73.90135,0,0,Unspecified,4415558,16.7,8.2,0.0,0.0,0.0,0.0,3,27.0,51.1,292,Overcast,0,0,
16608,2021-05-11 00:00:00,40.83521,-73.85498,0,0,Unspecified,4415562,16.7,8.2,0.0,0.0,0.0,0.0,3,27.0,51.1,292,Overcast,0,0,
16609,2021-05-10 02:00:00,40.595955,-73.93326,0,0,Pavement Slippery,4414835,14.9,8.3,3.3,3.3,0.0,7.0,55,18.8,58.3,339,Drizzle: Dense,0,0,
16610,2021-05-12 02:55:00,40.752777,-73.70743,0,0,Passing or Lane Usage Improper,4415624,17.9,5.8,0.0,0.0,0.0,0.0,2,20.0,41.0,317,Partly cloudy,0,0,
16611,2021-05-10 14:55:00,40.658577,-73.89063,1,0,Unspecified,4415333,14.9,8.3,3.3,3.3,0.0,7.0,55,18.8,58.3,339,Drizzle: Dense,1,1,
16612,2021-05-13 15:55:00,40.714703,-73.96182,0,0,Following Too Closely,4416258,19.1,7.2,0.0,0.0,0.0,0.0,1,15.8,27.4,315,Mainly clear,0,0,Sunny/Clear Conditions
16613,2021-05-12 08:40:00,40.695156,-73.89862,1,0,Unspecified,4416141,17.9,5.8,0.0,0.0,0.0,0.0,2,20.0,41.0,317,Partly cloudy,1,1,
16614,2021-05-10 08:42:00,40.65822,-73.90588,1,0,Unspecified,4415352,14.9,8.3,3.3,3.3,0.0,7.0,55,18.8,58.3,339,Drizzle: Dense,1,1,
16615,2021-05-11 16:55:00,40.759884,-73.9368,0,0,Driver Inattention/Distraction,4416803,16.7,8.2,0.0,0.0,0.0,0.0,3,27.0,51.1,292,Overcast,0,0,
16616,2021-05-13 21:45:00,40.58394,-73.91784,0,0,Following Too Closely,4416700,19.1,7.2,0.0,0.0,0.0,0.0,1,15.8,27.4,315,Mainly clear,0,0,Sunny/Clear Conditions
16617,2021-05-11 20:37:00,40.842945,-73.849205,2,0,Unspecified,4415680,16.7,8.2,0.0,0.0,0.0,0.0,3,27.0,51.1,292,Overcast,2,2,
16618,2021-05-04 17:00:00,40.69012,-73.92318,1,0,Passenger Distraction,4417025,22.2,11.1,13.2,13.2,0.0,6.0,63,18.9,42.8,74,Rain: Moderate,1,1,
16619,2021-05-12 08:17:00,40.74473,-73.93359,0,0,Following Too Closely,4415846,17.9,5.8,0.0,0.0,0.0,0.0,2,20.0,41.0,317,Partly cloudy,0,0,
16620,2021-05-11 16:00:00,40.76397,-73.72479,0,0,Unspecified,4415592,16.7,8.2,0.0,0.0,0.0,0.0,3,27.0,51.1,292,Overcast,0,0,
16621,2021-05-10 13:10:00,40.685776,-73.76095,0,0,Failure to Yield Right-of-Way,4415698,14.9,8.3,3.3,3.3,0.0,7.0,55,18.8,58.3,339,Drizzle: Dense,0,0,
16622,2021-05-10 16:20:00,40.810402,-73.92196,1,0,Unsafe Lane Changing,4415201,14.9,8.3,3.3,3.3,0.0,7.0,55,18.8,58.3,339,Drizzle: Dense,1,1,
16623,2021-05-13 12:32:00,40.703632,-73.85587,2,0,Following Too Closely,4416147,19.1,7.2,0.0,0.0,0.0,0.0,1,15.8,27.4,315,Mainly clear,2,2,Sunny/Clear Conditions
16624,2021-05-11 08:50:00,40.742123,-73.92745,2,0,Driver Inattention/Distraction,4415494,16.7,8.2,0.0,0.0,0.0,0.0,3,27.0,51.1,292,Overcast,2,2,
16625,2021-05-11 10:00:00,40.766705,-73.89024,0,0,Unspecified,4415777,16.7,8.2,0.0,0.0,0.0,0.0,3,27.0,51.1,292,Overcast,0,0,
16626,2021-05-14 10:50:00,40.712288,-73.92731,0,0,Traffic Control Disregarded,4417202,21.6,7.5,0.0,0.0,0.0,0.0,2,14.3,25.2,276,Partly cloudy,0,0,
16627,2021-05-14 12:50:00,40.71165,-74.01039,0,0,Unspecified,4416512,21.6,7.5,0.0,0.0,0.0,0.0,2,14.3,25.2,276,Partly cloudy,0,0,
16628,2021-05-13 11:45:00,40.704082,-73.81641,0,0,Driver Inattention/Distraction,4416237,19.1,7.2,0.0,0.0,0.0,0.0,1,15.8,27.4,315,Mainly clear,0,0,Sunny/Clear Conditions
16629,2021-05-13 10:08:00,40.697582,-73.94965,0,0,Backing Unsafely,4416883,19.1,7.2,0.0,0.0,0.0,0.0,1,15.8,27.4,315,Mainly clear,0,0,Sunny/Clear Conditions
16630,2021-05-12 14:15:00,40.631462,-74.0278,0,0,Unspecified,4416107,17.9,5.8,0.0,0.0,0.0,0.0,2,20.0,41.0,317,Partly cloudy,0,0,
16631,2021-05-12 18:35:00,40.70739,-73.95054,0,0,Failure to Yield Right-of-Way,4416004,17.9,5.8,0.0,0.0,0.0,0.0,2,20.0,41.0,317,Partly cloudy,0,0,
16632,2021-05-12 17:45:00,40.84479,-73.91587,0,0,Unspecified,4416373,17.9,5.8,0.0,0.0,0.0,0.0,2,20.0,41.0,317,Partly cloudy,0,0,
16633,2021-05-09 14:30:00,40.83887,-73.87811,1,0,Driver Inattention/Distraction,4415740,16.7,5.8,8.6,8.6,0.0,8.0,61,18.9,38.9,250,Rain: Light,1,1,
16634,2021-05-14 22:50:00,40.63621,-73.74036,5,0,Unsafe Speed,4416537,21.6,7.5,0.0,0.0,0.0,0.0,2,14.3,25.2,276,Partly cloudy,5,5,
16635,2021-05-13 00:00:00,40.725204,-74.01005,0,0,Following Too Closely,4416168,19.1,7.2,0.0,0.0,0.0,0.0,1,15.8,27.4,315,Mainly clear,0,0,Sunny/Clear Conditions
16636,2021-05-11 04:50:00,40.678394,-74.01169,1,0,Driver Inattention/Distraction,4416300,16.7,8.2,0.0,0.0,0.0,0.0,3,27.0,51.1,292,Overcast,1,1,
16637,2021-05-12 12:10:00,40.805557,-73.91047,1,0,Other Vehicular,4415975,17.9,5.8,0.0,0.0,0.0,0.0,2,20.0,41.0,317,Partly cloudy,1,1,
16638,2021-05-14 00:00:00,40.574142,-73.997314,0,0,Driver Inexperience,4416995,21.6,7.5,0.0,0.0,0.0,0.0,2,14.3,25.2,276,Partly cloudy,0,0,
16639,2021-05-12 11:20:00,40.66112,-73.920135,0,0,Following Too Closely,4415872,17.9,5.8,0.0,0.0,0.0,0.0,2,20.0,41.0,317,Partly cloudy,0,0,
16640,2021-05-14 08:10:00,40.756355,-73.87511,0,0,Unspecified,4416405,21.6,7.5,0.0,0.0,0.0,0.0,2,14.3,25.2,276,Partly cloudy,0,0,
16641,2021-05-12 14:05:00,40.6872,-73.84245,3,0,Driver Inexperience,4416036,17.9,5.8,0.0,0.0,0.0,0.0,2,20.0,41.0,317,Partly cloudy,3,3,
16642,2021-05-11 18:20:00,40.854267,-73.869385,0,0,Driver Inattention/Distraction,4416060,16.7,8.2,0.0,0.0,0.0,0.0,3,27.0,51.1,292,Overcast,0,0,
16643,2021-05-07 20:15:00,40.699802,-73.773964,1,0,Unsafe Speed,4416505,16.4,7.7,0.0,0.0,0.0,0.0,3,15.8,32.4,73,Overcast,1,1,
16644,2021-05-13 22:41:00,40.66496,-73.82226,0,0,Driver Inattention/Distraction,4416295,19.1,7.2,0.0,0.0,0.0,0.0,1,15.8,27.4,315,Mainly clear,0,0,Sunny/Clear Conditions
16645,2021-05-10 18:10:00,40.761166,-73.82938,1,0,Unspecified,4415231,14.9,8.3,3.3,3.3,0.0,7.0,55,18.8,58.3,339,Drizzle: Dense,1,1,
16646,2021-05-13 07:20:00,40.652424,-73.83821,0,0,Driver Inattention/Distraction,4416136,19.1,7.2,0.0,0.0,0.0,0.0,1,15.8,27.4,315,Mainly clear,0,0,Sunny/Clear Conditions
16647,2021-05-13 12:35:00,40.683224,-73.72587,0,0,Driver Inattention/Distraction,4416226,19.1,7.2,0.0,0.0,0.0,0.0,1,15.8,27.4,315,Mainly clear,0,0,Sunny/Clear Conditions
16648,2021-05-14 00:57:00,40.738194,-73.8492,1,0,Following Too Closely,4416268,21.6,7.5,0.0,0.0,0.0,0.0,2,14.3,25.2,276,Partly cloudy,1,1,
16649,2021-05-12 09:00:00,40.68595,-73.82571,0,0,View Obstructed/Limited,4415755,17.9,5.8,0.0,0.0,0.0,0.0,2,20.0,41.0,317,Partly cloudy,0,0,
16650,2021-05-14 09:30:00,40.719864,-73.94486,1,0,Following Too Closely,4416433,21.6,7.5,0.0,0.0,0.0,0.0,2,14.3,25.2,276,Partly cloudy,1,1,
16651,2021-05-09 02:15:00,40.83302,-73.862724,1,0,Unspecified,4415735,16.7,5.8,8.6,8.6,0.0,8.0,61,18.9,38.9,250,Rain: Light,1,1,
16652,2021-05-12 07:02:00,40.62795,-74.090645,0,0,Unspecified,4415964,17.9,5.8,0.0,0.0,0.0,0.0,2,20.0,41.0,317,Partly cloudy,0,0,
16653,2021-05-11 14:10:00,40.663094,-73.88431,0,0,Failure to Yield Right-of-Way,4416179,16.7,8.2,0.0,0.0,0.0,0.0,3,27.0,51.1,292,Overcast,0,0,
16654,2021-05-12 15:34:00,40.855755,-73.88544,0,0,Traffic Control Disregarded,4416068,17.9,5.8,0.0,0.0,0.0,0.0,2,20.0,41.0,317,Partly cloudy,0,0,
16655,2021-05-12 14:10:00,40.682106,-73.84584,1,0,Passing or Lane Usage Improper,4416080,17.9,5.8,0.0,0.0,0.0,0.0,2,20.0,41.0,317,Partly cloudy,1,1,
16656,2021-05-13 09:50:00,40.600536,-73.9409,1,0,Unspecified,4416327,19.1,7.2,0.0,0.0,0.0,0.0,1,15.8,27.4,315,Mainly clear,1,1,Sunny/Clear Conditions
16657,2021-05-14 21:45:00,40.826675,-73.90023,3,0,Unspecified,4416786,21.6,7.5,0.0,0.0,0.0,0.0,2,14.3,25.2,276,Partly cloudy,3,3,
16658,2021-05-11 07:00:00,40.751102,-73.8912,0,0,Driver Inattention/Distraction,4415668,16.7,8.2,0.0,0.0,0.0,0.0,3,27.0,51.1,292,Overcast,0,0,
16659,2021-05-14 14:53:00,40.622234,-74.00901,2,0,Failure to Yield Right-of-Way,4416469,21.6,7.5,0.0,0.0,0.0,0.0,2,14.3,25.2,276,Partly cloudy,2,2,
16660,2021-05-14 19:10:00,40.67681,-73.79405,0,0,Following Too Closely,4416618,21.6,7.5,0.0,0.0,0.0,0.0,2,14.3,25.2,276,Partly cloudy,0,0,
16661,2021-05-14 18:46:00,40.81307,-73.91998,1,0,Unsafe Lane Changing,4416627,21.6,7.5,0.0,0.0,0.0,0.0,2,14.3,25.2,276,Partly cloudy,1,1,
16662,2021-05-10 17:30:00,40.63561,-73.9084,0,0,Unspecified,4415915,14.9,8.3,3.3,3.3,0.0,7.0,55,18.8,58.3,339,Drizzle: Dense,0,0,
16663,2021-09-22 18:40:00,40.823658,-73.91206,0,0,Driver Inattention/Distraction,4459932,25.3,19.9,5.1,5.1,0.0,15.0,61,29.3,55.1,154,Rain: Light,0,0,
16664,2021-05-07 21:48:00,40.757294,-73.99719,0,0,Unsafe Lane Changing,4415767,16.4,7.7,0.0,0.0,0.0,0.0,3,15.8,32.4,73,Overcast,0,0,
16665,2021-05-09 22:44:00,40.690804,-73.98348,0,0,Backing Unsafely,4417110,16.7,5.8,8.6,8.6,0.0,8.0,61,18.9,38.9,250,Rain: Light,0,0,
16666,2021-05-12 22:59:00,40.657486,-73.92389,0,0,Unspecified,4416200,17.9,5.8,0.0,0.0,0.0,0.0,2,20.0,41.0,317,Partly cloudy,0,0,
16667,2021-05-14 17:29:00,40.642483,-73.97425,0,0,Unspecified,4416841,21.6,7.5,0.0,0.0,0.0,0.0,2,14.3,25.2,276,Partly cloudy,0,0,
16668,2021-05-13 21:00:00,40.76229,-73.75711,0,0,Driver Inattention/Distraction,4417122,19.1,7.2,0.0,0.0,0.0,0.0,1,15.8,27.4,315,Mainly clear,0,0,Sunny/Clear Conditions
16669,2021-05-10 04:28:00,40.64188,-73.894684,0,0,Unspecified,4415936,14.9,8.3,3.3,3.3,0.0,7.0,55,18.8,58.3,339,Drizzle: Dense,0,0,
16670,2021-05-14 18:30:00,40.772953,-73.92028,0,0,Failure to Yield Right-of-Way,4416818,21.6,7.5,0.0,0.0,0.0,0.0,2,14.3,25.2,276,Partly cloudy,0,0,
16671,2021-05-14 21:05:00,40.808296,-73.96889,1,0,Unspecified,4417257,21.6,7.5,0.0,0.0,0.0,0.0,2,14.3,25.2,276,Partly cloudy,1,1,
16672,2021-05-07 14:24:00,40.835598,-73.9138,0,0,Obstruction/Debris,4416359,16.4,7.7,0.0,0.0,0.0,0.0,3,15.8,32.4,73,Overcast,0,0,
16673,2021-05-02 11:20:00,40.57848,-73.98946,0,0,Driver Inattention/Distraction,4415984,26.3,11.3,0.0,0.0,0.0,0.0,3,23.0,43.9,251,Overcast,0,0,
16674,2021-05-14 18:00:00,40.776318,-73.962135,1,0,Driver Inattention/Distraction,4417159,21.6,7.5,0.0,0.0,0.0,0.0,2,14.3,25.2,276,Partly cloudy,1,1,
16675,2021-05-14 19:49:00,40.827904,-73.91218,0,0,Unspecified,4416795,21.6,7.5,0.0,0.0,0.0,0.0,2,14.3,25.2,276,Partly cloudy,0,0,
16676,2021-05-12 10:30:00,40.72145,-73.84399,0,0,Passing or Lane Usage Improper,4415799,17.9,5.8,0.0,0.0,0.0,0.0,2,20.0,41.0,317,Partly cloudy,0,0,
16677,2021-05-13 04:53:00,40.740875,-73.89962,2,0,Driver Inattention/Distraction,4416248,19.1,7.2,0.0,0.0,0.0,0.0,1,15.8,27.4,315,Mainly clear,2,2,Sunny/Clear Conditions
16678,2021-05-09 03:00:00,40.725693,-73.892586,0,0,Unsafe Speed,4417040,16.7,5.8,8.6,8.6,0.0,8.0,61,18.9,38.9,250,Rain: Light,0,0,
16679,2021-04-29 15:15:00,40.811264,-73.95782,1,0,Driver Inattention/Distraction,4416162,22.5,12.9,3.8,3.8,0.0,9.0,53,25.6,50.8,199,Drizzle: Moderate,1,1,
16680,2021-05-11 00:00:00,40.675632,-73.89878,0,0,Passing or Lane Usage Improper,4415339,16.7,8.2,0.0,0.0,0.0,0.0,3,27.0,51.1,292,Overcast,0,0,
16681,2021-05-10 11:10:00,40.670277,-73.92542,1,0,Other Vehicular,4415123,14.9,8.3,3.3,3.3,0.0,7.0,55,18.8,58.3,339,Drizzle: Dense,1,1,
16682,2021-05-10 08:25:00,40.720535,-73.776215,1,0,Following Too Closely,4415004,14.9,8.3,3.3,3.3,0.0,7.0,55,18.8,58.3,339,Drizzle: Dense,1,1,
16683,2021-09-18 12:10:00,40.631287,-73.945564,0,0,Driver Inattention/Distraction,4460743,27.1,19.2,0.2,0.2,0.0,2.0,51,14.6,25.9,349,Drizzle: Light,0,0,
16684,2021-05-10 23:20:00,40.850166,-73.93576,1,0,Failure to Yield Right-of-Way,4415499,14.9,8.3,3.3,3.3,0.0,7.0,55,18.8,58.3,339,Drizzle: Dense,1,1,
16685,2021-05-12 22:10:00,40.810093,-73.95309,0,0,Aggressive Driving/Road Rage,4416190,17.9,5.8,0.0,0.0,0.0,0.0,2,20.0,41.0,317,Partly cloudy,0,0,
16686,2021-05-10 17:30:00,40.784702,-73.824615,0,0,Following Too Closely,4415185,14.9,8.3,3.3,3.3,0.0,7.0,55,18.8,58.3,339,Drizzle: Dense,0,0,
16687,2021-05-14 02:45:00,40.822235,-73.85088,0,0,View Obstructed/Limited,4416322,21.6,7.5,0.0,0.0,0.0,0.0,2,14.3,25.2,276,Partly cloudy,0,0,
16688,2021-05-10 13:30:00,40.82864,-73.85344,1,0,Driver Inattention/Distraction,4415168,14.9,8.3,3.3,3.3,0.0,7.0,55,18.8,58.3,339,Drizzle: Dense,1,1,
16689,2021-05-13 16:30:00,40.74695,-73.99079,0,0,Unspecified,4416344,19.1,7.2,0.0,0.0,0.0,0.0,1,15.8,27.4,315,Mainly clear,0,0,Sunny/Clear Conditions
16690,2021-05-11 11:56:00,40.726185,-73.87022,0,0,Driver Inattention/Distraction,4415460,16.7,8.2,0.0,0.0,0.0,0.0,3,27.0,51.1,292,Overcast,0,0,
16691,2021-05-14 22:55:00,40.782597,-73.82168,1,0,Failure to Yield Right-of-Way,4416680,21.6,7.5,0.0,0.0,0.0,0.0,2,14.3,25.2,276,Partly cloudy,1,1,
16692,2021-05-11 20:06:00,40.763344,-73.75791,0,0,Driver Inattention/Distraction,4415602,16.7,8.2,0.0,0.0,0.0,0.0,3,27.0,51.1,292,Overcast,0,0,
16693,2021-05-12 19:30:00,40.70153,-73.82341,0,0,Passing Too Closely,4416031,17.9,5.8,0.0,0.0,0.0,0.0,2,20.0,41.0,317,Partly cloudy,0,0,
16694,2021-05-12 08:15:00,40.602135,-74.114876,0,0,Failure to Yield Right-of-Way,4415782,17.9,5.8,0.0,0.0,0.0,0.0,2,20.0,41.0,317,Partly cloudy,0,0,
16695,2021-05-13 14:20:00,40.829002,-73.859825,1,0,Unspecified,4416211,19.1,7.2,0.0,0.0,0.0,0.0,1,15.8,27.4,315,Mainly clear,1,1,Sunny/Clear Conditions
16696,2021-05-14 21:50:00,40.77958,-73.98183,0,0,Driver Inexperience,4417046,21.6,7.5,0.0,0.0,0.0,0.0,2,14.3,25.2,276,Partly cloudy,0,0,
16697,2021-05-14 20:15:00,40.619415,-74.09428,0,0,Unspecified,4416861,21.6,7.5,0.0,0.0,0.0,0.0,2,14.3,25.2,276,Partly cloudy,0,0,
16698,2021-05-14 09:00:00,40.652714,-73.8906,0,0,Unspecified,4416460,21.6,7.5,0.0,0.0,0.0,0.0,2,14.3,25.2,276,Partly cloudy,0,0,
16699,2021-05-12 08:35:00,40.74198,-73.94643,0,0,Following Too Closely,4415841,17.9,5.8,0.0,0.0,0.0,0.0,2,20.0,41.0,317,Partly cloudy,0,0,
16700,2021-05-11 10:40:00,40.61932,-73.97819,0,0,Driver Inattention/Distraction,4415947,16.7,8.2,0.0,0.0,0.0,0.0,3,27.0,51.1,292,Overcast,0,0,
16701,2021-05-10 22:55:00,40.58396,-73.9253,0,0,Driver Inattention/Distraction,4415222,14.9,8.3,3.3,3.3,0.0,7.0,55,18.8,58.3,339,Drizzle: Dense,0,0,
16702,2021-05-10 09:50:00,40.708492,-73.93887,0,0,Turning Improperly,4415258,14.9,8.3,3.3,3.3,0.0,7.0,55,18.8,58.3,339,Drizzle: Dense,0,0,
16703,2021-05-10 05:27:00,40.7418,-73.72815,0,0,Unspecified,4416729,14.9,8.3,3.3,3.3,0.0,7.0,55,18.8,58.3,339,Drizzle: Dense,0,0,
16704,2021-05-12 10:27:00,40.829453,-73.90658,1,0,Unspecified,4416063,17.9,5.8,0.0,0.0,0.0,0.0,2,20.0,41.0,317,Partly cloudy,1,1,
16705,2021-05-10 08:00:00,40.651054,-74.01112,0,0,Unspecified,4415576,14.9,8.3,3.3,3.3,0.0,7.0,55,18.8,58.3,339,Drizzle: Dense,0,0,
16706,2021-05-11 14:00:00,40.711617,-74.00752,0,0,Driver Inattention/Distraction,4415532,16.7,8.2,0.0,0.0,0.0,0.0,3,27.0,51.1,292,Overcast,0,0,
16707,2021-05-11 07:03:00,40.81633,-73.91865,1,0,Pavement Defective,4415656,16.7,8.2,0.0,0.0,0.0,0.0,3,27.0,51.1,292,Overcast,1,1,
16708,2021-05-12 13:25:00,40.73247,-73.86167,1,0,Driver Inattention/Distraction,4415826,17.9,5.8,0.0,0.0,0.0,0.0,2,20.0,41.0,317,Partly cloudy,1,1,
16709,2021-05-11 22:55:00,40.71244,-73.89403,1,0,Following Too Closely,4416143,16.7,8.2,0.0,0.0,0.0,0.0,3,27.0,51.1,292,Overcast,1,1,
16710,2021-05-14 16:34:00,40.757988,-73.969185,0,0,Driver Inattention/Distraction,4416711,21.6,7.5,0.0,0.0,0.0,0.0,2,14.3,25.2,276,Partly cloudy,0,0,
16711,2021-05-11 05:40:00,40.659275,-73.889,0,0,Driver Inattention/Distraction,4415314,16.7,8.2,0.0,0.0,0.0,0.0,3,27.0,51.1,292,Overcast,0,0,
16712,2021-05-12 07:36:00,40.668606,-73.78168,0,0,Backing Unsafely,4415809,17.9,5.8,0.0,0.0,0.0,0.0,2,20.0,41.0,317,Partly cloudy,0,0,
16713,2021-05-08 11:50:00,40.7614,-73.91149,0,0,Driver Inattention/Distraction,4416807,11.6,7.7,4.3,4.3,0.0,9.0,61,17.5,36.4,140,Rain: Light,0,0,
16714,2021-05-13 00:00:00,40.865303,-73.89006,0,0,Driver Inattention/Distraction,4416280,19.1,7.2,0.0,0.0,0.0,0.0,1,15.8,27.4,315,Mainly clear,0,0,Sunny/Clear Conditions
16715,2021-05-07 15:26:00,40.80816,-73.88866,2,0,Failure to Yield Right-of-Way,4415694,16.4,7.7,0.0,0.0,0.0,0.0,3,15.8,32.4,73,Overcast,2,2,
16716,2021-05-11 01:30:00,40.665257,-73.73926,1,0,Unspecified,4415210,16.7,8.2,0.0,0.0,0.0,0.0,3,27.0,51.1,292,Overcast,1,1,
16717,2021-05-08 11:20:00,40.620247,-74.14188,0,0,Illnes,4416349,11.6,7.7,4.3,4.3,0.0,9.0,61,17.5,36.4,140,Rain: Light,0,0,
16718,2021-05-14 01:19:00,40.74525,-73.95575,0,0,Driver Inattention/Distraction,4416263,21.6,7.5,0.0,0.0,0.0,0.0,2,14.3,25.2,276,Partly cloudy,0,0,
16719,2021-05-14 00:00:00,40.741074,-73.7258,0,0,Unspecified,4416524,21.6,7.5,0.0,0.0,0.0,0.0,2,14.3,25.2,276,Partly cloudy,0,0,
16720,2021-05-11 14:19:00,40.803844,-73.91444,0,0,Unspecified,4415641,16.7,8.2,0.0,0.0,0.0,0.0,3,27.0,51.1,292,Overcast,0,0,
16721,2021-05-12 10:20:00,40.677917,-73.93861,2,0,Following Too Closely,4416976,17.9,5.8,0.0,0.0,0.0,0.0,2,20.0,41.0,317,Partly cloudy,2,2,
16722,2021-05-14 15:45:00,40.667118,-73.88889,2,0,Passing or Lane Usage Improper,4417208,21.6,7.5,0.0,0.0,0.0,0.0,2,14.3,25.2,276,Partly cloudy,2,2,
16723,2021-05-12 12:30:00,40.705765,-73.74181,0,0,Failure to Yield Right-of-Way,4415883,17.9,5.8,0.0,0.0,0.0,0.0,2,20.0,41.0,317,Partly cloudy,0,0,
16724,2021-05-10 16:40:00,40.867767,-73.92593,0,0,Passing Too Closely,4415519,14.9,8.3,3.3,3.3,0.0,7.0,55,18.8,58.3,339,Drizzle: Dense,0,0,
16725,2021-05-01 09:40:00,40.800537,-73.94836,0,0,Backing Unsafely,4417017,17.3,5.0,0.0,0.0,0.0,0.0,3,31.7,63.4,302,Overcast,0,0,
16726,2021-05-13 18:16:00,40.79793,-73.934,0,0,Driver Inattention/Distraction,4416377,19.1,7.2,0.0,0.0,0.0,0.0,1,15.8,27.4,315,Mainly clear,0,0,Sunny/Clear Conditions
16727,2021-05-10 14:15:00,40.839848,-73.874435,0,0,Driver Inattention/Distraction,4416115,14.9,8.3,3.3,3.3,0.0,7.0,55,18.8,58.3,339,Drizzle: Dense,0,0,
16728,2021-05-12 15:45:00,40.766357,-73.7811,0,0,Following Too Closely,4415900,17.9,5.8,0.0,0.0,0.0,0.0,2,20.0,41.0,317,Partly cloudy,0,0,
16729,2021-05-12 15:10:00,40.83945,-73.88393,1,0,Following Too Closely,4416891,17.9,5.8,0.0,0.0,0.0,0.0,2,20.0,41.0,317,Partly cloudy,1,1,
16730,2021-05-12 18:16:00,40.811638,-73.9316,0,0,Driver Inattention/Distraction,4415979,17.9,5.8,0.0,0.0,0.0,0.0,2,20.0,41.0,317,Partly cloudy,0,0,
16731,2021-05-12 13:40:00,40.76701,-73.98637,0,0,Following Too Closely,4416095,17.9,5.8,0.0,0.0,0.0,0.0,2,20.0,41.0,317,Partly cloudy,0,0,
16732,2021-05-12 15:05:00,40.670628,-73.84742,1,0,Unspecified,4416016,17.9,5.8,0.0,0.0,0.0,0.0,2,20.0,41.0,317,Partly cloudy,1,1,
16733,2021-05-12 14:00:00,40.835648,-73.855545,0,0,Unspecified,4415831,17.9,5.8,0.0,0.0,0.0,0.0,2,20.0,41.0,317,Partly cloudy,0,0,
16734,2021-05-14 07:00:00,40.820965,-73.939575,0,0,Unspecified,4416428,21.6,7.5,0.0,0.0,0.0,0.0,2,14.3,25.2,276,Partly cloudy,0,0,
16735,2021-05-14 16:02:00,40.8617,-73.89139,1,0,Passing or Lane Usage Improper,4416547,21.6,7.5,0.0,0.0,0.0,0.0,2,14.3,25.2,276,Partly cloudy,1,1,
16736,2021-05-14 15:46:00,40.61978,-74.10793,1,0,Failure to Yield Right-of-Way,4416958,21.6,7.5,0.0,0.0,0.0,0.0,2,14.3,25.2,276,Partly cloudy,1,1,
16737,2021-05-10 11:45:00,40.84717,-73.89882,1,0,Driver Inattention/Distraction,4415527,14.9,8.3,3.3,3.3,0.0,7.0,55,18.8,58.3,339,Drizzle: Dense,1,1,
16738,2021-05-12 14:30:00,40.74724,-73.73696,0,0,Unspecified,4415932,17.9,5.8,0.0,0.0,0.0,0.0,2,20.0,41.0,317,Partly cloudy,0,0,
16739,2021-05-12 09:40:00,40.668495,-73.925606,1,0,Following Too Closely,4416986,17.9,5.8,0.0,0.0,0.0,0.0,2,20.0,41.0,317,Partly cloudy,1,1,