,CRASH DATETIME,LATITUDE,LONGITUDE,NUMBER OF PERSONS INJURED,NUMBER OF PERSONS KILLED,CONTRIBUTING FACTOR VEHICLE 1,COLLISION_ID,temperature_2m_max,temperature_2m_min,precipitation_sum,rain_sum,snowfall_sum,precipitation_hours,weather_code,wind_speed_10m_max,wind_gusts_10m_max,wind_direction_10m_dominant,Weather Description,Severity_Score,Total_Affected_Persons,Weather_Category
16884,2021-09-22 13:55:00,40.8753,-73.86813,0,0,Driver Inattention/Distraction,4461123,25.3,19.9,5.1,5.1,0.0,15.0,61,29.3,55.1,154,Rain: Light,0,0,
16885,2021-09-24 20:37:00,40.76786,-73.96408,0,0,Driver Inattention/Distraction,4460829,22.4,15.6,26.0,26.0,0.0,9.0,63,14.2,29.9,274,Rain: Moderate,0,0,
16886,2021-09-23 17:12:00,40.87397,-73.878876,0,0,Driver Inattention/Distraction,4460428,26.2,18.0,15.6,15.6,0.0,14.0,63,40.7,77.4,156,Rain: Moderate,0,0,
16887,2021-09-20 08:51:00,40.781193,-73.96187,0,0,Unspecified,4460631,23.1,14.9,0.0,0.0,0.0,0.0,3,17.0,34.2,116,Overcast,0,0,
16888,2021-09-24 18:15:00,40.701008,-73.9424,0,0,Driver Inattention/Distraction,4460618,22.4,15.6,26.0,26.0,0.0,9.0,63,14.2,29.9,274,Rain: Moderate,0,0,
16889,2021-09-22 20:15:00,40.70973,-74.00626,1,0,Other Vehicular,4459977,25.3,19.9,5.1,5.1,0.0,15.0,61,29.3,55.1,154,Rain: Light,1,1,
16890,2021-09-23 19:15:00,40.58855,-74.14629,1,0,Driver Inattention/Distraction,4460890,26.2,18.0,15.6,15.6,0.0,14.0,63,40.7,77.4,156,Rain: Moderate,1,1,
16891,2021-09-18 00:32:00,40.67058,-73.93096,0,0,Driver Inattention/Distraction,4461057,27.1,19.2,0.2,0.2,0.0,2.0,51,14.6,25.9,349,Drizzle: Light,0,0,
16892,2021-09-23 17:15:00,40.76542,-73.98383,1,0,Animals Action,4460346,26.2,18.0,15.6,15.6,0.0,14.0,63,40.7,77.4,156,Rain: Moderate,1,1,
16893,2021-09-22 14:20:00,40.837673,-73.86548,0,0,Unspecified,4460106,25.3,19.9,5.1,5.1,0.0,15.0,61,29.3,55.1,154,Rain: Light,0,0,
16894,2021-09-20 07:06:00,40.733425,-73.97447,0,0,Driver Inattention/Distraction,4460717,23.1,14.9,0.0,0.0,0.0,0.0,3,17.0,34.2,116,Overcast,0,0,
16895,2021-09-24 07:12:00,40.68957,-73.912605,0,0,Driver Inexperience,4460529,22.4,15.6,26.0,26.0,0.0,9.0,63,14.2,29.9,274,Rain: Moderate,0,0,
16896,2021-09-23 08:10:00,40.764683,-73.99179,0,0,Unspecified,4460386,26.2,18.0,15.6,15.6,0.0,14.0,63,40.7,77.4,156,Rain: Moderate,0,0,
16897,2021-09-24 10:28:00,40.70621,-73.939606,0,0,Driver Inattention/Distraction,4460514,22.4,15.6,26.0,26.0,0.0,9.0,63,14.2,29.9,274,Rain: Moderate,0,0,
16898,2021-09-11 15:50:00,40.89696,-73.854355,1,0,Traffic Control Disregarded,4461126,24.7,12.9,0.0,0.0,0.0,0.0,3,16.6,34.2,246,Overcast,1,1,
16899,2021-09-22 08:34:00,40.75902,-73.82012,0,0,Unspecified,4459843,25.3,19.9,5.1,5.1,0.0,15.0,61,29.3,55.1,154,Rain: Light,0,0,
16900,2021-09-24 18:52:00,40.69603,-73.943535,1,0,Driver Inattention/Distraction,4461465,22.4,15.6,26.0,26.0,0.0,9.0,63,14.2,29.9,274,Rain: Moderate,1,1,
16901,2021-09-24 06:50:00,40.627975,-73.97753,1,0,Driver Inattention/Distraction,4461410,22.4,15.6,26.0,26.0,0.0,9.0,63,14.2,29.9,274,Rain: Moderate,1,1,
16902,2021-09-22 13:00:00,40.843212,-73.83894,0,0,Passing or Lane Usage Improper,4460130,25.3,19.9,5.1,5.1,0.0,15.0,61,29.3,55.1,154,Rain: Light,0,0,
16903,2021-09-22 11:00:00,40.886448,-73.86663,0,0,Aggressive Driving/Road Rage,4461128,25.3,19.9,5.1,5.1,0.0,15.0,61,29.3,55.1,154,Rain: Light,0,0,
16904,2021-09-23 20:30:00,40.702614,-73.96058,0,0,Driver Inattention/Distraction,4460309,26.2,18.0,15.6,15.6,0.0,14.0,63,40.7,77.4,156,Rain: Moderate,0,0,
16905,2021-09-22 09:20:00,40.82083,-73.9222,0,0,Driver Inattention/Distraction,4460091,25.3,19.9,5.1,5.1,0.0,15.0,61,29.3,55.1,154,Rain: Light,0,0,
16906,2021-09-22 08:20:00,40.82282,-73.8691,1,0,Unsafe Lane Changing,4459804,25.3,19.9,5.1,5.1,0.0,15.0,61,29.3,55.1,154,Rain: Light,1,1,
16907,2021-09-24 23:27:00,40.66829,-73.8763,1,0,,4461090,22.4,15.6,26.0,26.0,0.0,9.0,63,14.2,29.9,274,Rain: Moderate,1,1,
16908,2021-09-23 15:10:00,40.667774,-73.77702,0,0,Passing or Lane Usage Improper,4460487,26.2,18.0,15.6,15.6,0.0,14.0,63,40.7,77.4,156,Rain: Moderate,0,0,
16909,2021-09-24 01:25:00,40.859325,-73.93132,0,0,View Obstructed/Limited,4461169,22.4,15.6,26.0,26.0,0.0,9.0,63,14.2,29.9,274,Rain: Moderate,0,0,
16910,2021-09-23 06:55:00,40.590984,-73.97569,0,0,Following Too Closely,4460162,26.2,18.0,15.6,15.6,0.0,14.0,63,40.7,77.4,156,Rain: Moderate,0,0,
16911,2021-09-23 07:45:00,40.833702,-73.85631,0,0,Unspecified,4460148,26.2,18.0,15.6,15.6,0.0,14.0,63,40.7,77.4,156,Rain: Moderate,0,0,
16912,2021-09-22 00:20:00,40.790905,-73.93914,0,0,Outside Car Distraction,4459741,25.3,19.9,5.1,5.1,0.0,15.0,61,29.3,55.1,154,Rain: Light,0,0,
16913,2021-09-24 08:56:00,40.833282,-73.82836,2,0,Other Vehicular,4460504,22.4,15.6,26.0,26.0,0.0,9.0,63,14.2,29.9,274,Rain: Moderate,2,2,
16914,2021-09-23 12:50:00,40.694363,-73.958,1,0,Passing or Lane Usage Improper,4461047,26.2,18.0,15.6,15.6,0.0,14.0,63,40.7,77.4,156,Rain: Moderate,1,1,
16915,2021-09-24 12:35:00,40.686203,-73.950745,0,0,Unsafe Lane Changing,4461198,22.4,15.6,26.0,26.0,0.0,9.0,63,14.2,29.9,274,Rain: Moderate,0,0,
16916,2021-09-21 21:50:00,40.735764,-73.97491,1,0,Driver Inattention/Distraction,4461192,23.1,16.4,0.0,0.0,0.0,0.0,3,14.2,29.5,108,Overcast,1,1,
16917,2021-09-23 00:00:00,40.73447,-73.86316,3,0,Driver Inattention/Distraction,4460455,26.2,18.0,15.6,15.6,0.0,14.0,63,40.7,77.4,156,Rain: Moderate,3,3,
16918,2021-09-24 05:45:00,40.72425,-73.894455,0,0,Pavement Slippery,4460698,22.4,15.6,26.0,26.0,0.0,9.0,63,14.2,29.9,274,Rain: Moderate,0,0,
16919,2021-09-24 19:25:00,40.842793,-73.84749,0,0,Unspecified,4460945,22.4,15.6,26.0,26.0,0.0,9.0,63,14.2,29.9,274,Rain: Moderate,0,0,
16920,2021-09-23 22:00:00,40.670403,-73.85629,0,0,Failure to Yield Right-of-Way,4460368,26.2,18.0,15.6,15.6,0.0,14.0,63,40.7,77.4,156,Rain: Moderate,0,0,
16921,2021-09-23 05:50:00,40.78566,-73.855095,0,0,Unspecified,4460195,26.2,18.0,15.6,15.6,0.0,14.0,63,40.7,77.4,156,Rain: Moderate,0,0,
16922,2021-09-23 16:49:00,40.6646,-73.89502,0,0,Unspecified,4460408,26.2,18.0,15.6,15.6,0.0,14.0,63,40.7,77.4,156,Rain: Moderate,0,0,
16923,2021-09-22 12:45:00,40.734886,-73.98995,0,0,Passenger Distraction,4460242,25.3,19.9,5.1,5.1,0.0,15.0,61,29.3,55.1,154,Rain: Light,0,0,
16924,2021-09-23 13:30:00,40.661385,-73.8841,2,0,Unspecified,4460247,26.2,18.0,15.6,15.6,0.0,14.0,63,40.7,77.4,156,Rain: Moderate,2,2,
16925,2021-09-22 02:00:00,40.740894,-73.89961,0,0,Driver Inattention/Distraction,4459627,25.3,19.9,5.1,5.1,0.0,15.0,61,29.3,55.1,154,Rain: Light,0,0,
16926,2021-09-23 21:40:00,40.64944,-73.96308,0,0,Unspecified,4460355,26.2,18.0,15.6,15.6,0.0,14.0,63,40.7,77.4,156,Rain: Moderate,0,0,
16927,2021-09-22 07:00:00,40.70694,-73.91774,0,0,Passing or Lane Usage Improper,4460050,25.3,19.9,5.1,5.1,0.0,15.0,61,29.3,55.1,154,Rain: Light,0,0,
16928,2021-09-18 10:00:00,40.673588,-73.96296,0,0,Driver Inattention/Distraction,4461058,27.1,19.2,0.2,0.2,0.0,2.0,51,14.6,25.9,349,Drizzle: Light,0,0,
16929,2021-09-22 13:08:00,40.567627,-74.11262,1,0,Driver Inattention/Distraction,4460068,25.3,19.9,5.1,5.1,0.0,15.0,61,29.3,55.1,154,Rain: Light,1,1,
16930,2021-09-23 20:55:00,40.795017,-73.97151,0,0,Unsafe Speed,4460423,26.2,18.0,15.6,15.6,0.0,14.0,63,40.7,77.4,156,Rain: Moderate,0,0,
16931,2021-09-22 20:00:00,40.610664,-73.93239,0,0,Unsafe Speed,4460588,25.3,19.9,5.1,5.1,0.0,15.0,61,29.3,55.1,154,Rain: Light,0,0,
16932,2022-03-21 19:00:00,40.695637,-73.80372,1,0,Driver Inattention/Distraction,4515138,15.6,5.0,0.0,0.0,0.0,0.0,3,30.0,53.6,299,Overcast,1,1,
16933,2021-09-23 14:50:00,40.867764,-73.89039,0,0,Driver Inattention/Distraction,4460440,26.2,18.0,15.6,15.6,0.0,14.0,63,40.7,77.4,156,Rain: Moderate,0,0,
16934,2021-09-22 10:53:00,40.69482,-73.934425,1,0,Driver Inattention/Distraction,4459973,25.3,19.9,5.1,5.1,0.0,15.0,61,29.3,55.1,154,Rain: Light,1,1,
16935,2021-09-18 15:30:00,40.67425,-73.88885,1,0,Unspecified,4461066,27.1,19.2,0.2,0.2,0.0,2.0,51,14.6,25.9,349,Drizzle: Light,1,1,
16936,2021-09-22 06:18:00,40.756474,-73.94727,1,0,Failure to Yield Right-of-Way,4460173,25.3,19.9,5.1,5.1,0.0,15.0,61,29.3,55.1,154,Rain: Light,1,1,
16937,2021-09-23 23:25:00,40.67775,-73.75434,1,0,Pavement Slippery,4460519,26.2,18.0,15.6,15.6,0.0,14.0,63,40.7,77.4,156,Rain: Moderate,1,1,
16938,2021-09-21 07:45:00,40.692123,-73.98904,1,0,Driver Inattention/Distraction,4461256,23.1,16.4,0.0,0.0,0.0,0.0,3,14.2,29.5,108,Overcast,1,1,
16939,2021-09-23 22:32:00,40.596542,-74.00247,0,0,Following Too Closely,4460556,26.2,18.0,15.6,15.6,0.0,14.0,63,40.7,77.4,156,Rain: Moderate,0,0,
16940,2021-09-24 03:10:00,40.751175,-73.98706,0,0,Unspecified,4461014,22.4,15.6,26.0,26.0,0.0,9.0,63,14.2,29.9,274,Rain: Moderate,0,0,
16941,2021-09-23 13:30:00,40.71958,-73.98483,0,0,Driver Inattention/Distraction,4460792,26.2,18.0,15.6,15.6,0.0,14.0,63,40.7,77.4,156,Rain: Moderate,0,0,
16942,2021-09-21 16:20:00,40.771305,-73.87664,1,0,Driver Inattention/Distraction,4460482,23.1,16.4,0.0,0.0,0.0,0.0,3,14.2,29.5,108,Overcast,1,1,
16943,2021-09-21 08:50:00,40.895374,-73.86356,0,0,Driver Inattention/Distraction,4461117,23.1,16.4,0.0,0.0,0.0,0.0,3,14.2,29.5,108,Overcast,0,0,
16944,2021-09-19 07:00:00,40.820553,-73.914604,0,0,Unspecified,4461438,23.6,16.8,0.0,0.0,0.0,0.0,2,17.6,35.6,0,Partly cloudy,0,0,
16945,2021-09-24 16:19:00,40.64359,-73.90471,1,0,Driver Inattention/Distraction,4460614,22.4,15.6,26.0,26.0,0.0,9.0,63,14.2,29.9,274,Rain: Moderate,1,1,
16946,2021-09-24 22:51:00,40.811203,-73.96158,0,0,Driver Inattention/Distraction,4460897,22.4,15.6,26.0,26.0,0.0,9.0,63,14.2,29.9,274,Rain: Moderate,0,0,
16947,2021-09-22 07:05:00,40.653854,-74.00817,1,0,Unspecified,4459998,25.3,19.9,5.1,5.1,0.0,15.0,61,29.3,55.1,154,Rain: Light,1,1,
16948,2021-08-26 23:30:00,40.67019,-73.93935,0,0,Unspecified,4461053,31.8,22.8,0.1,0.1,0.0,1.0,51,14.8,29.2,228,Drizzle: Light,0,0,
16949,2021-09-19 20:00:00,40.67828,-73.958855,0,0,Passing Too Closely,4461236,23.6,16.8,0.0,0.0,0.0,0.0,2,17.6,35.6,0,Partly cloudy,0,0,
16950,2021-09-24 22:27:00,40.764732,-73.96637,1,0,Passing or Lane Usage Improper,4461368,22.4,15.6,26.0,26.0,0.0,9.0,63,14.2,29.9,274,Rain: Moderate,1,1,
16951,2021-09-24 10:48:00,40.770565,-73.835495,0,0,Pavement Slippery,4460497,22.4,15.6,26.0,26.0,0.0,9.0,63,14.2,29.9,274,Rain: Moderate,0,0,
16952,2021-09-24 03:15:00,40.672844,-73.76405,0,0,Outside Car Distraction,4460477,22.4,15.6,26.0,26.0,0.0,9.0,63,14.2,29.9,274,Rain: Moderate,0,0,
16953,2021-09-24 16:50:00,40.595863,-73.74822,0,0,Unspecified,4460721,22.4,15.6,26.0,26.0,0.0,9.0,63,14.2,29.9,274,Rain: Moderate,0,0,
16954,2012-09-25 12:36:00,40.700005,-73.90296,0,0,Prescription Medication,4461135,21.6,9.1,0.0,0.0,0.0,0.0,3,17.0,32.4,211,Overcast,0,0,
16955,2022-03-29 18:40:00,40.679737,-73.878395,0,0,Unspecified,4514998,3.3,-5.2,0.0,0.0,0.0,0.0,2,29.3,54.4,311,Partly cloudy,0,0,
16956,2021-09-23 19:54:00,40.674576,-73.92206,0,0,Unsafe Speed,4460956,26.2,18.0,15.6,15.6,0.0,14.0,63,40.7,77.4,156,Rain: Moderate,0,0,
16957,2021-09-24 11:00:00,40.70299,-73.82519,0,0,Drugs (illegal),4460546,22.4,15.6,26.0,26.0,0.0,9.0,63,14.2,29.9,274,Rain: Moderate,0,0,
16958,2021-09-23 23:45:00,40.829376,-73.88562,2,0,Unspecified,4460414,26.2,18.0,15.6,15.6,0.0,14.0,63,40.7,77.4,156,Rain: Moderate,2,2,
16959,2021-09-05 22:50:00,40.68561,-73.75027,2,0,Unspecified,4460659,24.5,16.9,1.0,1.0,0.0,6.0,51,15.5,42.5,204,Drizzle: Light,2,2,
16960,2021-09-23 15:07:00,40.82767,-73.82937,1,0,Failure to Yield Right-of-Way,4460509,26.2,18.0,15.6,15.6,0.0,14.0,63,40.7,77.4,156,Rain: Moderate,1,1,
16961,2021-09-24 20:15:00,40.675926,-73.95608,1,0,Driver Inattention/Distraction,4461182,22.4,15.6,26.0,26.0,0.0,9.0,63,14.2,29.9,274,Rain: Moderate,1,1,
16962,2021-09-24 21:55:00,40.799976,-73.958626,1,0,Failure to Yield Right-of-Way,4460691,22.4,15.6,26.0,26.0,0.0,9.0,63,14.2,29.9,274,Rain: Moderate,1,1,
16963,2021-09-24 16:30:00,40.681118,-73.96443,0,0,View Obstructed/Limited,4460610,22.4,15.6,26.0,26.0,0.0,9.0,63,14.2,29.9,274,Rain: Moderate,0,0,
16964,2021-09-23 23:10:00,40.74425,-73.90142,0,0,Driver Inattention/Distraction,4460748,26.2,18.0,15.6,15.6,0.0,14.0,63,40.7,77.4,156,Rain: Moderate,0,0,
16965,2021-09-20 11:00:00,40.75587,-73.99822,1,0,Failure to Yield Right-of-Way,4460541,23.1,14.9,0.0,0.0,0.0,0.0,3,17.0,34.2,116,Overcast,1,1,
16966,2021-09-24 16:00:00,40.653183,-73.915016,0,0,,4461279,22.4,15.6,26.0,26.0,0.0,9.0,63,14.2,29.9,274,Rain: Moderate,0,0,
16967,2021-09-17 09:49:00,40.654457,-73.960785,0,0,Other Vehicular,4460905,23.6,20.1,1.0,1.0,0.0,7.0,51,20.3,38.9,59,Drizzle: Light,0,0,
16968,2021-09-23 15:00:00,40.880535,-73.83212,0,0,Driver Inattention/Distraction,4461101,26.2,18.0,15.6,15.6,0.0,14.0,63,40.7,77.4,156,Rain: Moderate,0,0,
16969,2021-09-22 09:50:00,0.0,0.0,0,0,Unspecified,4460061,25.3,19.9,5.1,5.1,0.0,15.0,61,29.3,55.1,154,Rain: Light,0,0,
16970,2021-09-22 13:20:00,40.70722,-73.78957,1,0,Unsafe Lane Changing,4459876,25.3,19.9,5.1,5.1,0.0,15.0,61,29.3,55.1,154,Rain: Light,1,1,
16971,2021-09-22 07:22:00,40.70064,-73.93647,1,0,Driver Inattention/Distraction,4459720,25.3,19.9,5.1,5.1,0.0,15.0,61,29.3,55.1,154,Rain: Light,1,1,
16972,2021-09-22 18:40:00,40.861862,-73.91275,0,0,Traffic Control Disregarded,4460124,25.3,19.9,5.1,5.1,0.0,15.0,61,29.3,55.1,154,Rain: Light,0,0,
16973,2021-09-23 09:10:00,40.770042,-73.93057,0,0,Unspecified,4460182,26.2,18.0,15.6,15.6,0.0,14.0,63,40.7,77.4,156,Rain: Moderate,0,0,
16974,2021-09-22 12:45:00,40.63144,-73.97027,0,0,Unsafe Speed,4459948,25.3,19.9,5.1,5.1,0.0,15.0,61,29.3,55.1,154,Rain: Light,0,0,
16975,2021-09-22 15:30:00,40.67393,-73.999954,0,0,Traffic Control Disregarded,4459929,25.3,19.9,5.1,5.1,0.0,15.0,61,29.3,55.1,154,Rain: Light,0,0,
16976,2021-09-23 08:29:00,40.845642,-73.90211,7,0,Following Too Closely,4460142,26.2,18.0,15.6,15.6,0.0,14.0,63,40.7,77.4,156,Rain: Moderate,7,7,
16977,2021-09-23 16:15:00,40.631615,-74.01698,0,0,Passing Too Closely,4460330,26.2,18.0,15.6,15.6,0.0,14.0,63,40.7,77.4,156,Rain: Moderate,0,0,
16978,2021-09-23 09:16:00,40.761635,-73.90552,0,0,Driver Inexperience,4460852,26.2,18.0,15.6,15.6,0.0,14.0,63,40.7,77.4,156,Rain: Moderate,0,0,
16979,2021-09-22 08:58:00,40.74285,-73.97721,0,0,Failure to Yield Right-of-Way,4460524,25.3,19.9,5.1,5.1,0.0,15.0,61,29.3,55.1,154,Rain: Light,0,0,
16980,2021-09-24 09:30:00,40.69603,-73.943535,1,0,Driver Inattention/Distraction,4461205,22.4,15.6,26.0,26.0,0.0,9.0,63,14.2,29.9,274,Rain: Moderate,1,1,
16981,2021-09-23 11:15:00,40.771854,-73.83179,2,0,Passing or Lane Usage Improper,4460583,26.2,18.0,15.6,15.6,0.0,14.0,63,40.7,77.4,156,Rain: Moderate,2,2,
16982,2021-09-23 06:15:00,40.65477,-74.00708,0,0,Unspecified,4460451,26.2,18.0,15.6,15.6,0.0,14.0,63,40.7,77.4,156,Rain: Moderate,0,0,
16983,2021-09-18 02:54:00,40.729053,-73.90024,1,0,Following Too Closely,4460702,27.1,19.2,0.2,0.2,0.0,2.0,51,14.6,25.9,349,Drizzle: Light,1,1,
16984,2021-09-22 16:00:00,40.723125,-73.92046,0,0,Backing Unsafely,4459989,25.3,19.9,5.1,5.1,0.0,15.0,61,29.3,55.1,154,Rain: Light,0,0,
16985,2021-09-22 12:48:00,40.767612,-73.950005,0,0,Following Too Closely,4460019,25.3,19.9,5.1,5.1,0.0,15.0,61,29.3,55.1,154,Rain: Light,0,0,
16986,2021-09-22 14:40:00,40.63196,-74.1228,0,0,Passing or Lane Usage Improper,4460286,25.3,19.9,5.1,5.1,0.0,15.0,61,29.3,55.1,154,Rain: Light,0,0,
16987,2021-09-22 13:36:00,40.670624,-73.895546,1,0,Pedestrian/Bicyclist/Other Pedestrian Error/Confusion,4460224,25.3,19.9,5.1,5.1,0.0,15.0,61,29.3,55.1,154,Rain: Light,1,1,
16988,2021-09-23 23:59:00,40.646557,-73.92593,3,0,Driver Inattention/Distraction,4460399,26.2,18.0,15.6,15.6,0.0,14.0,63,40.7,77.4,156,Rain: Moderate,3,3,
16989,2021-09-21 11:50:00,40.663853,-73.95194,0,0,Driver Inattention/Distraction,4460568,23.1,16.4,0.0,0.0,0.0,0.0,3,14.2,29.5,108,Overcast,0,0,
16990,2021-09-22 08:00:00,40.668507,-73.92561,2,0,Other Vehicular,4461060,25.3,19.9,5.1,5.1,0.0,15.0,61,29.3,55.1,154,Rain: Light,2,2,
16991,2021-09-23 17:10:00,40.69366,-73.85217,0,0,Traffic Control Disregarded,4460419,26.2,18.0,15.6,15.6,0.0,14.0,63,40.7,77.4,156,Rain: Moderate,0,0,
16992,2021-09-24 11:48:00,40.701195,-73.91409,0,0,Following Too Closely,4460551,22.4,15.6,26.0,26.0,0.0,9.0,63,14.2,29.9,274,Rain: Moderate,0,0,
16993,2021-09-13 14:45:00,40.56094,-74.100815,0,0,Backing Unsafely,4461396,28.8,21.8,1.1,1.1,0.0,2.0,53,20.1,36.7,277,Drizzle: Moderate,0,0,
16994,2021-09-21 09:10:00,40.657997,-73.93591,0,0,Passing or Lane Usage Improper,4460436,23.1,16.4,0.0,0.0,0.0,0.0,3,14.2,29.5,108,Overcast,0,0,
16995,2021-09-22 18:05:00,40.78665,-73.8264,0,0,Following Too Closely,4459978,25.3,19.9,5.1,5.1,0.0,15.0,61,29.3,55.1,154,Rain: Light,0,0,
16996,2021-09-24 12:19:00,40.815754,-73.89529,0,0,Unspecified,4461389,22.4,15.6,26.0,26.0,0.0,9.0,63,14.2,29.9,274,Rain: Moderate,0,0,
16997,2021-09-24 10:45:00,40.67801,-73.84975,0,0,Failure to Yield Right-of-Way,4461350,22.4,15.6,26.0,26.0,0.0,9.0,63,14.2,29.9,274,Rain: Moderate,0,0,
16998,2021-09-23 21:21:00,40.667118,-73.811165,1,0,Failure to Yield Right-of-Way,4460372,26.2,18.0,15.6,15.6,0.0,14.0,63,40.7,77.4,156,Rain: Moderate,1,1,
16999,2021-09-24 15:30:00,40.74662,-73.89359,0,0,Driver Inattention/Distraction,4460778,22.4,15.6,26.0,26.0,0.0,9.0,63,14.2,29.9,274,Rain: Moderate,0,0,
17000,2021-09-24 06:00:00,40.611607,-73.99916,0,0,Unspecified,4460625,22.4,15.6,26.0,26.0,0.0,9.0,63,14.2,29.9,274,Rain: Moderate,0,0,
17001,2021-09-07 11:05:00,40.730564,-73.99052,0,0,Driver Inattention/Distraction,4461026,25.9,15.2,0.0,0.0,0.0,0.0,1,12.5,25.6,259,Mainly clear,0,0,Sunny/Clear Conditions
17002,2021-09-24 21:30:00,40.698814,-73.89215,0,0,Turning Improperly,4460642,22.4,15.6,26.0,26.0,0.0,9.0,63,14.2,29.9,274,Rain: Moderate,0,0,
17003,2021-09-24 17:48:00,40.81417,-73.93431,0,0,Unspecified,4460740,22.4,15.6,26.0,26.0,0.0,9.0,63,14.2,29.9,274,Rain: Moderate,0,0,
17004,2021-09-24 07:10:00,40.608063,-74.06171,0,0,Unspecified,4460993,22.4,15.6,26.0,26.0,0.0,9.0,63,14.2,29.9,274,Rain: Moderate,0,0,
17005,2021-09-24 12:05:00,40.81572,-73.925064,1,0,Unspecified,4460818,22.4,15.6,26.0,26.0,0.0,9.0,63,14.2,29.9,274,Rain: Moderate,1,1,
17006,2021-09-24 15:07:00,40.62877,-73.91825,1,0,Driver Inattention/Distraction,4460573,22.4,15.6,26.0,26.0,0.0,9.0,63,14.2,29.9,274,Rain: Moderate,1,1,
17007,2021-09-22 10:00:00,40.771515,-73.93128,0,0,Unspecified,4460211,25.3,19.9,5.1,5.1,0.0,15.0,61,29.3,55.1,154,Rain: Light,0,0,
17008,2021-09-13 01:00:00,40.748775,-73.89348,0,0,Driver Inattention/Distraction,4460683,28.8,21.8,1.1,1.1,0.0,2.0,53,20.1,36.7,277,Drizzle: Moderate,0,0,
17009,2021-09-23 16:40:00,40.691536,-73.99912,0,0,Brakes Defective,4460536,26.2,18.0,15.6,15.6,0.0,14.0,63,40.7,77.4,156,Rain: Moderate,0,0,
17010,2021-09-24 15:15:00,40.753994,-73.94244,1,0,Physical Disability,4460872,22.4,15.6,26.0,26.0,0.0,9.0,63,14.2,29.9,274,Rain: Moderate,1,1,
17011,2021-09-22 16:55:00,40.66278,-73.88086,1,0,Alcohol Involvement,4460230,25.3,19.9,5.1,5.1,0.0,15.0,61,29.3,55.1,154,Rain: Light,1,1,
17012,2021-09-15 02:40:00,40.67342,-73.95017,0,0,Following Too Closely,4461225,29.6,20.7,0.3,0.3,0.0,3.0,51,21.6,40.7,192,Drizzle: Light,0,0,
17013,2021-09-22 20:30:00,40.713974,-73.953094,0,0,Passing or Lane Usage Improper,4460005,25.3,19.9,5.1,5.1,0.0,15.0,61,29.3,55.1,154,Rain: Light,0,0,
17014,2021-09-24 15:00:00,40.815662,-73.88702,0,0,Passing Too Closely,4461475,22.4,15.6,26.0,26.0,0.0,9.0,63,14.2,29.9,274,Rain: Moderate,0,0,
17015,2022-03-29 17:30:00,40.73619,-73.85806,1,0,Unspecified,4514680,3.3,-5.2,0.0,0.0,0.0,0.0,2,29.3,54.4,311,Partly cloudy,1,1,
17016,2022-03-29 12:00:00,40.744965,-73.883705,0,0,Unspecified,4514924,3.3,-5.2,0.0,0.0,0.0,0.0,2,29.3,54.4,311,Partly cloudy,0,0,
17017,2022-03-29 23:06:00,40.581604,-73.83077,0,0,Unspecified,4514972,3.3,-5.2,0.0,0.0,0.0,0.0,2,29.3,54.4,311,Partly cloudy,0,0,
17018,2022-03-29 17:02:00,40.863163,-73.8942,1,0,Turning Improperly,4514733,3.3,-5.2,0.0,0.0,0.0,0.0,2,29.3,54.4,311,Partly cloudy,1,1,
17019,2022-03-25 04:10:00,40.768528,-73.912346,1,0,Traffic Control Disregarded,4515090,15.6,5.3,5.7,5.7,0.0,4.0,63,27.6,52.2,274,Rain: Moderate,1,1,
17020,2022-03-29 14:04:00,40.835716,-73.89205,1,0,Unspecified,4514669,3.3,-5.2,0.0,0.0,0.0,0.0,2,29.3,54.4,311,Partly cloudy,1,1,
17021,2022-03-27 19:20:00,40.636818,-74.15794,2,0,Driver Inattention/Distraction,4515122,7.5,-1.1,0.3,0.3,0.07,3.0,71,26.4,47.5,288,Snow fall: Light,2,2,Snowy Conditions
17022,2022-03-29 18:42:00,40.580982,-73.954834,0,0,Unspecified,4514663,3.3,-5.2,0.0,0.0,0.0,0.0,2,29.3,54.4,311,Partly cloudy,0,0,
17023,2022-03-29 06:55:00,40.823177,-73.88322,0,0,Driver Inattention/Distraction,4514477,3.3,-5.2,0.0,0.0,0.0,0.0,2,29.3,54.4,311,Partly cloudy,0,0,
17024,2022-03-24 10:00:00,40.641994,-74.07886,0,0,Driver Inattention/Distraction,4515163,9.9,3.5,21.4,21.4,0.0,16.0,63,27.2,50.8,57,Rain: Moderate,0,0,
17025,2022-03-29 11:50:00,40.73988,-73.99872,0,0,Driver Inattention/Distraction,4514572,3.3,-5.2,0.0,0.0,0.0,0.0,2,29.3,54.4,311,Partly cloudy,0,0,
17026,2022-03-29 15:47:00,40.85063,-73.91527,1,0,Passing or Lane Usage Improper,4514701,3.3,-5.2,0.0,0.0,0.0,0.0,2,29.3,54.4,311,Partly cloudy,1,1,