,CRASH DATETIME,LATITUDE,LONGITUDE,NUMBER OF PERSONS INJURED,NUMBER OF PERSONS KILLED,CONTRIBUTING FACTOR VEHICLE 1,COLLISION_ID,temperature_2m_max,temperature_2m_min,precipitation_sum,rain_sum,snowfall_sum,precipitation_hours,weather_code,wind_speed_10m_max,wind_gusts_10m_max,wind_direction_10m_dominant,Weather Description,Severity_Score,Total_Affected_Persons,Weather_Category
17027,2022-03-29 16:00:00,40.781025,-73.981316,0,0,Reaction to Uninvolved Vehicle,4515068,3.3,-5.2,0.0,0.0,0.0,0.0,2,29.3,54.4,311,Partly cloudy,0,0,
17028,2022-03-29 21:20:00,40.847794,-73.82671,0,0,Unspecified,4514711,3.3,-5.2,0.0,0.0,0.0,0.0,2,29.3,54.4,311,Partly cloudy,0,0,
17029,2022-03-29 05:10:00,40.587303,-73.96036,1,0,Failure to Yield Right-of-Way,4514813,3.3,-5.2,0.0,0.0,0.0,0.0,2,29.3,54.4,311,Partly cloudy,1,1,
17030,2022-03-24 06:00:00,40.85738,-73.92973,0,0,Unspecified,4515075,9.9,3.5,21.4,21.4,0.0,16.0,63,27.2,50.8,57,Rain: Moderate,0,0,
17031,2022-03-29 19:00:00,40.625816,-73.99812,0,0,Unspecified,4514689,3.3,-5.2,0.0,0.0,0.0,0.0,2,29.3,54.4,311,Partly cloudy,0,0,
17032,2022-03-29 13:30:00,40.667114,-73.834656,3,0,Unsafe Speed,4514646,3.3,-5.2,0.0,0.0,0.0,0.0,2,29.3,54.4,311,Partly cloudy,3,3,
17033,2022-03-29 15:22:00,40.601204,-74.06509,1,0,Passing or Lane Usage Improper,4515153,3.3,-5.2,0.0,0.0,0.0,0.0,2,29.3,54.4,311,Partly cloudy,1,1,
17034,2022-03-27 18:45:00,40.666096,-73.902084,0,0,Unspecified,4515180,7.5,-1.1,0.3,0.3,0.07,3.0,71,26.4,47.5,288,Snow fall: Light,0,0,Snowy Conditions
17035,2022-03-29 21:47:00,40.737537,-73.929955,0,0,Unspecified,4514897,3.3,-5.2,0.0,0.0,0.0,0.0,2,29.3,54.4,311,Partly cloudy,0,0,
17036,2022-03-23 10:48:00,40.824387,-73.91678,0,0,Driver Inattention/Distraction,4515038,8.4,1.3,2.2,2.2,0.0,3.0,55,19.6,34.6,73,Drizzle: Dense,0,0,
17037,2022-03-29 14:00:00,40.60461,-73.99826,0,0,Unspecified,4514719,3.3,-5.2,0.0,0.0,0.0,0.0,2,29.3,54.4,311,Partly cloudy,0,0,
17038,2022-03-29 20:45:00,40.818844,-73.84941,0,0,Unspecified,4514781,3.3,-5.2,0.0,0.0,0.0,0.0,2,29.3,54.4,311,Partly cloudy,0,0,
17039,2022-03-28 15:10:00,40.57961,-74.109116,0,0,Driver Inattention/Distraction,4515105,0.0,-5.2,0.3,0.0,0.21,3.0,71,31.3,59.0,303,Snow fall: Light,0,0,Snowy Conditions
17040,2022-03-29 19:30:00,40.68031,-73.96793,0,0,View Obstructed/Limited,4514795,3.3,-5.2,0.0,0.0,0.0,0.0,2,29.3,54.4,311,Partly cloudy,0,0,
17041,2022-03-23 20:40:00,40.88144,-73.864,0,0,Following Too Closely,4515114,8.4,1.3,2.2,2.2,0.0,3.0,55,19.6,34.6,73,Drizzle: Dense,0,0,
17042,2022-03-29 05:28:00,40.762756,-73.82261,0,0,Following Too Closely,4514446,3.3,-5.2,0.0,0.0,0.0,0.0,2,29.3,54.4,311,Partly cloudy,0,0,
17043,2022-03-26 23:50:00,40.725033,-73.95153,0,0,Driver Inattention/Distraction,4515262,10.1,4.9,6.1,5.8,0.21,8.0,71,21.6,41.0,251,Snow fall: Light,0,0,Snowy Conditions
17044,2022-03-28 06:40:00,40.54642,-74.14141,0,0,Passing or Lane Usage Improper,4515154,0.0,-5.2,0.3,0.0,0.21,3.0,71,31.3,59.0,303,Snow fall: Light,0,0,Snowy Conditions
17045,2021-05-09 15:18:00,40.697285,-73.75645,1,0,Traffic Control Disregarded,4415399,16.7,5.8,8.6,8.6,0.0,8.0,61,18.9,38.9,250,Rain: Light,1,1,
17046,2021-05-12 18:16:00,40.729134,-73.98533,1,0,Unspecified,4416866,17.9,5.8,0.0,0.0,0.0,0.0,2,20.0,41.0,317,Partly cloudy,1,1,
17047,2021-05-15 23:44:00,40.861862,-73.91282,0,0,Driver Inattention/Distraction,4417653,22.4,8.7,0.0,0.0,0.0,0.0,3,12.5,23.8,229,Overcast,0,0,
17048,2021-05-15 15:37:00,40.851093,-73.93244,1,0,Failure to Yield Right-of-Way,4417596,22.4,8.7,0.0,0.0,0.0,0.0,3,12.5,23.8,229,Overcast,1,1,
17049,2021-05-09 23:40:00,40.751453,-73.83228,0,0,Passing Too Closely,4417616,16.7,5.8,8.6,8.6,0.0,8.0,61,18.9,38.9,250,Rain: Light,0,0,
17050,2021-05-15 16:20:00,40.599163,-73.74934,1,0,Brakes Defective,4417656,22.4,8.7,0.0,0.0,0.0,0.0,3,12.5,23.8,229,Overcast,1,1,
17051,2021-05-14 17:46:00,40.86361,-73.928215,3,0,Traffic Control Disregarded,4417582,21.6,7.5,0.0,0.0,0.0,0.0,2,14.3,25.2,276,Partly cloudy,3,3,
17052,2022-03-29 08:20:00,40.82923,-73.90078,0,0,Driver Inattention/Distraction,4514668,3.3,-5.2,0.0,0.0,0.0,0.0,2,29.3,54.4,311,Partly cloudy,0,0,
17053,2021-05-14 11:28:00,40.65806,-73.93497,0,0,Driver Inattention/Distraction,4417593,21.6,7.5,0.0,0.0,0.0,0.0,2,14.3,25.2,276,Partly cloudy,0,0,
17054,2021-05-15 21:59:00,40.76311,-73.962524,0,0,Driver Inattention/Distraction,4417612,22.4,8.7,0.0,0.0,0.0,0.0,3,12.5,23.8,229,Overcast,0,0,
17055,2021-05-10 05:22:00,40.642227,-73.90291,0,0,Turning Improperly,4417587,14.9,8.3,3.3,3.3,0.0,7.0,55,18.8,58.3,339,Drizzle: Dense,0,0,
17056,2021-05-05 14:30:00,40.65753,-73.89797,2,0,Unspecified,4415303,15.1,10.8,9.9,9.9,0.0,17.0,61,21.5,42.5,23,Rain: Light,2,2,
17057,2021-05-08 00:27:00,40.756496,-73.988075,1,0,Other Electronic Device,4417661,11.6,7.7,4.3,4.3,0.0,9.0,61,17.5,36.4,140,Rain: Light,1,1,
17058,2022-03-29 14:05:00,40.78169,-73.841415,0,0,Traffic Control Disregarded,4514554,3.3,-5.2,0.0,0.0,0.0,0.0,2,29.3,54.4,311,Partly cloudy,0,0,
17059,2022-03-29 17:25:00,40.638924,-73.965904,0,0,Unspecified,4514932,3.3,-5.2,0.0,0.0,0.0,0.0,2,29.3,54.4,311,Partly cloudy,0,0,
17060,2020-03-31 09:10:00,40.73134,-73.99237,0,0,Unspecified,4515070,8.5,4.3,2.1,2.1,0.0,8.0,53,16.9,32.0,85,Drizzle: Moderate,0,0,
17061,2022-03-29 08:55:00,40.860332,-73.8983,1,0,Unsafe Speed,4514725,3.3,-5.2,0.0,0.0,0.0,0.0,2,29.3,54.4,311,Partly cloudy,1,1,
17062,2021-09-25 03:45:00,40.716774,-73.821205,0,0,Obstruction/Debris,4460658,22.8,14.0,0.0,0.0,0.0,0.0,3,7.9,15.8,322,Overcast,0,0,
17063,2021-04-25 00:49:00,40.7574419,-73.867464,1,0,Unspecified,4410381,16.6,8.7,12.7,12.7,0.0,11.0,61,19.2,37.4,341,Rain: Light,1,1,
17064,2021-05-15 15:50:00,40.74843,-73.990456,1,0,Aggressive Driving/Road Rage,4416770,22.4,8.7,0.0,0.0,0.0,0.0,3,12.5,23.8,229,Overcast,1,1,
17065,2021-05-15 15:20:00,40.745728,-73.86213,0,0,Unspecified,4417032,22.4,8.7,0.0,0.0,0.0,0.0,3,12.5,23.8,229,Overcast,0,0,
17066,2021-05-15 21:05:00,40.73986,-73.995026,0,0,Other Vehicular,4416867,22.4,8.7,0.0,0.0,0.0,0.0,3,12.5,23.8,229,Overcast,0,0,
17067,2021-05-12 19:31:00,40.86258,-73.925385,1,0,Passing or Lane Usage Improper,4417581,17.9,5.8,0.0,0.0,0.0,0.0,2,20.0,41.0,317,Partly cloudy,1,1,
17068,2021-05-15 17:27:00,40.667522,-73.78063,0,0,Driver Inattention/Distraction,4417386,22.4,8.7,0.0,0.0,0.0,0.0,3,12.5,23.8,229,Overcast,0,0,
17069,2021-05-14 23:10:00,40.82537,-73.88348,0,0,Alcohol Involvement,4417355,21.6,7.5,0.0,0.0,0.0,0.0,2,14.3,25.2,276,Partly cloudy,0,0,
17070,2021-05-15 21:00:00,40.770275,-73.91887,0,0,Turning Improperly,4416829,22.4,8.7,0.0,0.0,0.0,0.0,3,12.5,23.8,229,Overcast,0,0,
17071,2021-05-15 18:30:00,40.805557,-73.91047,0,0,Other Vehicular,4417181,22.4,8.7,0.0,0.0,0.0,0.0,3,12.5,23.8,229,Overcast,0,0,
17072,2021-05-15 14:00:00,40.682243,-73.82222,0,0,Passing Too Closely,4416916,22.4,8.7,0.0,0.0,0.0,0.0,3,12.5,23.8,229,Overcast,0,0,
17073,2021-05-10 22:30:00,40.836555,-73.87135,0,0,Unspecified,4417322,14.9,8.3,3.3,3.3,0.0,7.0,55,18.8,58.3,339,Drizzle: Dense,0,0,
17074,2021-05-15 14:08:00,40.552948,-74.168106,1,0,View Obstructed/Limited,4417433,22.4,8.7,0.0,0.0,0.0,0.0,3,12.5,23.8,229,Overcast,1,1,
17075,2021-05-05 00:45:00,40.748436,-73.9962,0,0,Traffic Control Disregarded,4417508,15.1,10.8,9.9,9.9,0.0,17.0,61,21.5,42.5,23,Rain: Light,0,0,
17076,2021-05-15 04:31:00,40.64763,-74.01298,0,0,Backing Unsafely,4416552,22.4,8.7,0.0,0.0,0.0,0.0,3,12.5,23.8,229,Overcast,0,0,
17077,2021-05-13 14:50:00,40.757755,-73.79304,0,0,Turning Improperly,4417383,19.1,7.2,0.0,0.0,0.0,0.0,1,15.8,27.4,315,Mainly clear,0,0,Sunny/Clear Conditions
17078,2021-05-14 12:30:00,40.687046,-73.792114,0,0,Following Too Closely,4417422,21.6,7.5,0.0,0.0,0.0,0.0,2,14.3,25.2,276,Partly cloudy,0,0,
17079,2021-05-13 10:15:00,40.759907,-73.89373,0,0,Unspecified,4417304,19.1,7.2,0.0,0.0,0.0,0.0,1,15.8,27.4,315,Mainly clear,0,0,Sunny/Clear Conditions
17080,2021-05-15 04:45:00,40.745148,-73.93348,0,0,Driver Inattention/Distraction,4416595,22.4,8.7,0.0,0.0,0.0,0.0,3,12.5,23.8,229,Overcast,0,0,
17081,2021-05-15 00:00:00,40.65161,-74.01062,0,0,Unspecified,4416739,22.4,8.7,0.0,0.0,0.0,0.0,3,12.5,23.8,229,Overcast,0,0,
17082,2021-05-15 20:30:00,40.77753,-73.975006,1,0,Driver Inattention/Distraction,4417050,22.4,8.7,0.0,0.0,0.0,0.0,3,12.5,23.8,229,Overcast,1,1,
17083,2021-05-15 01:22:00,40.88809,-73.89254,0,0,Unspecified,4417095,22.4,8.7,0.0,0.0,0.0,0.0,3,12.5,23.8,229,Overcast,0,0,
17084,2021-05-15 15:44:00,40.720245,-73.9444,2,0,Driver Inattention/Distraction,4417269,22.4,8.7,0.0,0.0,0.0,0.0,3,12.5,23.8,229,Overcast,2,2,
17085,2021-05-15 14:10:00,40.765182,-73.81414,1,0,Reaction to Uninvolved Vehicle,4416681,22.4,8.7,0.0,0.0,0.0,0.0,3,12.5,23.8,229,Overcast,1,1,
17086,2021-05-12 15:29:00,40.697998,-73.92606,0,0,Passing Too Closely,4417497,17.9,5.8,0.0,0.0,0.0,0.0,2,20.0,41.0,317,Partly cloudy,0,0,
17087,2021-05-12 22:07:00,40.64638,-73.9288,1,0,Unspecified,4417530,17.9,5.8,0.0,0.0,0.0,0.0,2,20.0,41.0,317,Partly cloudy,1,1,
17088,2021-05-15 04:21:00,40.86945,-73.844315,0,0,Pavement Defective,4416662,22.4,8.7,0.0,0.0,0.0,0.0,3,12.5,23.8,229,Overcast,0,0,
17089,2021-05-15 16:54:00,40.683125,-73.98744,0,0,Unsafe Speed,4416647,22.4,8.7,0.0,0.0,0.0,0.0,3,12.5,23.8,229,Overcast,0,0,
17090,2021-05-14 17:40:00,40.69815,-73.79241,0,0,Following Too Closely,4417402,21.6,7.5,0.0,0.0,0.0,0.0,2,14.3,25.2,276,Partly cloudy,0,0,
17091,2021-05-15 11:51:00,40.665558,-73.72985,0,0,Driver Inattention/Distraction,4416612,22.4,8.7,0.0,0.0,0.0,0.0,3,12.5,23.8,229,Overcast,0,0,
17092,2021-05-15 00:45:00,40.720585,-73.94312,0,0,Unspecified,4417256,22.4,8.7,0.0,0.0,0.0,0.0,3,12.5,23.8,229,Overcast,0,0,
17093,2021-05-15 23:55:00,40.662086,-73.73801,0,0,Driver Inattention/Distraction,4416900,22.4,8.7,0.0,0.0,0.0,0.0,3,12.5,23.8,229,Overcast,0,0,
17094,2021-05-15 12:00:00,40.61967,-74.11885,0,0,Other Vehicular,4416954,22.4,8.7,0.0,0.0,0.0,0.0,3,12.5,23.8,229,Overcast,0,0,
17095,2021-05-13 21:10:00,40.7558,-73.86535,1,0,Unspecified,4417297,19.1,7.2,0.0,0.0,0.0,0.0,1,15.8,27.4,315,Mainly clear,1,1,Sunny/Clear Conditions
17096,2021-05-15 14:53:00,40.90347,-73.88628,0,0,Unspecified,4417109,22.4,8.7,0.0,0.0,0.0,0.0,3,12.5,23.8,229,Overcast,0,0,
17097,2021-05-15 18:59:00,40.841835,-73.92243,1,0,Traffic Control Disregarded,4417281,22.4,8.7,0.0,0.0,0.0,0.0,3,12.5,23.8,229,Overcast,1,1,
17098,2021-05-15 00:30:00,40.807213,-73.92841,0,0,Unspecified,4416629,22.4,8.7,0.0,0.0,0.0,0.0,3,12.5,23.8,229,Overcast,0,0,
17099,2021-05-15 15:45:00,40.667683,-73.99608,1,0,Driver Inattention/Distraction,4416699,22.4,8.7,0.0,0.0,0.0,0.0,3,12.5,23.8,229,Overcast,1,1,
17100,2021-05-15 01:28:00,40.681046,-73.94346,0,0,Driver Inattention/Distraction,4416839,22.4,8.7,0.0,0.0,0.0,0.0,3,12.5,23.8,229,Overcast,0,0,
17101,2021-05-15 22:00:00,40.574627,-74.1056,1,0,Following Too Closely,4417452,22.4,8.7,0.0,0.0,0.0,0.0,3,12.5,23.8,229,Overcast,1,1,
17102,2021-05-09 05:00:00,40.714703,-73.740555,0,0,Unspecified,4417557,16.7,5.8,8.6,8.6,0.0,8.0,61,18.9,38.9,250,Rain: Light,0,0,
17103,2021-05-15 14:55:00,40.690346,-73.9603,0,0,Turning Improperly,4417094,22.4,8.7,0.0,0.0,0.0,0.0,3,12.5,23.8,229,Overcast,0,0,
17104,2021-05-15 19:02:00,40.831623,-73.86726,0,0,Unspecified,4417334,22.4,8.7,0.0,0.0,0.0,0.0,3,12.5,23.8,229,Overcast,0,0,
17105,2021-05-12 11:45:00,40.67206,-73.9036,0,0,Unspecified,4417466,17.9,5.8,0.0,0.0,0.0,0.0,2,20.0,41.0,317,Partly cloudy,0,0,
17106,2021-05-15 22:20:00,40.789017,-73.81865,1,0,Passing Too Closely,4416744,22.4,8.7,0.0,0.0,0.0,0.0,3,12.5,23.8,229,Overcast,1,1,
17107,2021-05-12 12:08:00,40.72915,-73.999084,0,0,Unspecified,4417522,17.9,5.8,0.0,0.0,0.0,0.0,2,20.0,41.0,317,Partly cloudy,0,0,
17108,2021-05-15 00:00:00,40.838062,-73.88869,0,0,Driver Inattention/Distraction,4416787,22.4,8.7,0.0,0.0,0.0,0.0,3,12.5,23.8,229,Overcast,0,0,
17109,2021-05-15 18:16:00,40.707962,-73.755424,3,0,Driver Inattention/Distraction,4417407,22.4,8.7,0.0,0.0,0.0,0.0,3,12.5,23.8,229,Overcast,3,3,
17110,2021-05-15 19:00:00,40.862064,-73.89484,0,0,Unspecified,4417321,22.4,8.7,0.0,0.0,0.0,0.0,3,12.5,23.8,229,Overcast,0,0,
17111,2021-05-15 15:30:00,40.592304,-73.9739,0,0,Unspecified,4417154,22.4,8.7,0.0,0.0,0.0,0.0,3,12.5,23.8,229,Overcast,0,0,
17112,2021-05-15 02:15:00,40.673553,-73.87148,0,0,Tire Failure/Inadequate,4417226,22.4,8.7,0.0,0.0,0.0,0.0,3,12.5,23.8,229,Overcast,0,0,
17113,2021-05-14 19:20:00,40.69832,-73.962265,0,0,Unsafe Speed,4417534,21.6,7.5,0.0,0.0,0.0,0.0,2,14.3,25.2,276,Partly cloudy,0,0,
17114,2021-05-14 06:00:00,40.760338,-73.89477,0,0,Unspecified,4417315,21.6,7.5,0.0,0.0,0.0,0.0,2,14.3,25.2,276,Partly cloudy,0,0,
17115,2021-04-28 07:00:00,40.704033,-73.7938,1,0,Failure to Yield Right-of-Way,4417391,26.1,7.9,0.0,0.0,0.0,0.0,3,15.3,34.6,133,Overcast,1,1,
17116,2021-05-15 13:51:00,40.610218,-73.98397,1,0,Driver Inattention/Distraction,4416887,22.4,8.7,0.0,0.0,0.0,0.0,3,12.5,23.8,229,Overcast,1,1,
17117,2021-05-03 11:27:00,40.795963,-73.97084,0,0,Driver Inattention/Distraction,4417368,15.8,11.4,5.7,5.7,0.0,7.0,61,14.5,47.2,53,Rain: Light,0,0,
17118,2021-05-15 05:13:00,40.7609,-73.81314,0,0,Passing or Lane Usage Improper,4416946,22.4,8.7,0.0,0.0,0.0,0.0,3,12.5,23.8,229,Overcast,0,0,
17119,2021-05-15 04:51:00,40.757526,-73.92898,0,0,Driver Inattention/Distraction,4416824,22.4,8.7,0.0,0.0,0.0,0.0,3,12.5,23.8,229,Overcast,0,0,
17120,2021-05-15 20:15:00,40.667366,-73.92274,0,0,Unspecified,4417067,22.4,8.7,0.0,0.0,0.0,0.0,3,12.5,23.8,229,Overcast,0,0,
17121,2021-05-11 17:30:00,40.626835,-74.136894,0,0,Following Too Closely,4417440,16.7,8.2,0.0,0.0,0.0,0.0,3,27.0,51.1,292,Overcast,0,0,
17122,2021-05-15 01:05:00,40.710888,-73.9808,1,0,Unsafe Speed,4416749,22.4,8.7,0.0,0.0,0.0,0.0,3,12.5,23.8,229,Overcast,1,1,
17123,2021-05-14 15:51:00,40.82483,-73.85424,1,0,Driver Inexperience,4417326,21.6,7.5,0.0,0.0,0.0,0.0,2,14.3,25.2,276,Partly cloudy,1,1,
17124,2021-05-13 09:45:00,40.62707,-74.01865,0,0,Turning Improperly,4417472,19.1,7.2,0.0,0.0,0.0,0.0,1,15.8,27.4,315,Mainly clear,0,0,Sunny/Clear Conditions
17125,2022-03-29 16:05:00,40.700657,-73.757965,0,0,Failure to Yield Right-of-Way,4514762,3.3,-5.2,0.0,0.0,0.0,0.0,2,29.3,54.4,311,Partly cloudy,0,0,
17126,2021-05-15 08:49:00,40.678417,-73.729225,1,0,Driver Inattention/Distraction,4416832,22.4,8.7,0.0,0.0,0.0,0.0,3,12.5,23.8,229,Overcast,1,1,
17127,2021-05-15 17:30:00,40.575413,-73.98347,0,0,Unspecified,4416990,22.4,8.7,0.0,0.0,0.0,0.0,3,12.5,23.8,229,Overcast,0,0,
17128,2021-05-15 06:05:00,40.652554,-73.92078,2,0,Following Too Closely,4416933,22.4,8.7,0.0,0.0,0.0,0.0,3,12.5,23.8,229,Overcast,2,2,
17129,2021-05-15 01:30:00,40.705982,-73.73956,1,0,Failure to Yield Right-of-Way,4416538,22.4,8.7,0.0,0.0,0.0,0.0,3,12.5,23.8,229,Overcast,1,1,
17130,2021-05-15 09:00:00,40.708973,-73.77689,0,0,Turning Improperly,4417411,22.4,8.7,0.0,0.0,0.0,0.0,3,12.5,23.8,229,Overcast,0,0,
17131,2021-05-12 16:42:00,40.85226,-73.852905,1,0,Driver Inattention/Distraction,4417506,17.9,5.8,0.0,0.0,0.0,0.0,2,20.0,41.0,317,Partly cloudy,1,1,
17132,2021-05-14 22:25:00,40.61358,-74.158325,0,0,Driver Inattention/Distraction,4417471,21.6,7.5,0.0,0.0,0.0,0.0,2,14.3,25.2,276,Partly cloudy,0,0,
17133,2021-05-05 05:44:00,40.625103,-74.14877,1,0,Driver Inattention/Distraction,4417354,15.1,10.8,9.9,9.9,0.0,17.0,61,21.5,42.5,23,Rain: Light,1,1,
17134,2021-05-15 05:35:00,40.585133,-73.954544,1,0,Following Too Closely,4416570,22.4,8.7,0.0,0.0,0.0,0.0,3,12.5,23.8,229,Overcast,1,1,
17135,2021-05-15 21:28:00,40.628567,-73.888794,0,0,Unspecified,4416748,22.4,8.7,0.0,0.0,0.0,0.0,3,12.5,23.8,229,Overcast,0,0,
17136,2021-05-15 17:01:00,40.654865,-73.92191,0,0,Unspecified,4416934,22.4,8.7,0.0,0.0,0.0,0.0,3,12.5,23.8,229,Overcast,0,0,
17137,2021-05-11 18:00:00,40.67824,-73.7711,0,0,Passing Too Closely,4417423,16.7,8.2,0.0,0.0,0.0,0.0,3,27.0,51.1,292,Overcast,0,0,
17138,2021-05-14 15:16:00,40.75202,-74.00473,1,0,Failure to Yield Right-of-Way,4417515,21.6,7.5,0.0,0.0,0.0,0.0,2,14.3,25.2,276,Partly cloudy,1,1,
17139,2022-03-28 16:02:00,40.669483,-73.94385,1,0,Pedestrian/Bicyclist/Other Pedestrian Error/Confusion,4515027,0.0,-5.2,0.3,0.0,0.21,3.0,71,31.3,59.0,303,Snow fall: Light,1,1,Snowy Conditions
17140,2021-05-14 14:30:00,40.749264,-73.86847,1,0,Driver Inattention/Distraction,4417303,21.6,7.5,0.0,0.0,0.0,0.0,2,14.3,25.2,276,Partly cloudy,1,1,
17141,2021-03-30 17:30:00,40.739113,-73.88975,0,0,Driver Inexperience,4417325,12.8,0.5,0.0,0.0,0.0,0.0,3,27.4,51.8,164,Overcast,0,0,
17142,2021-05-15 15:38:00,40.744522,-73.99164,1,0,Unspecified,4416877,22.4,8.7,0.0,0.0,0.0,0.0,3,12.5,23.8,229,Overcast,1,1,
17143,2021-05-09 13:32:00,40.696045,-73.92996,3,0,Drugs (illegal),4417498,16.7,5.8,8.6,8.6,0.0,8.0,61,18.9,38.9,250,Rain: Light,3,3,
17144,2022-03-29 23:00:00,40.694275,-73.901855,1,0,Failure to Yield Right-of-Way,4514855,3.3,-5.2,0.0,0.0,0.0,0.0,2,29.3,54.4,311,Partly cloudy,1,1,
17145,2021-05-15 15:40:00,40.738495,-73.90274,0,0,Driver Inattention/Distraction,4416650,22.4,8.7,0.0,0.0,0.0,0.0,3,12.5,23.8,229,Overcast,0,0,
17146,2021-05-15 21:13:00,40.636574,-74.019196,1,0,Failure to Yield Right-of-Way,4416668,22.4,8.7,0.0,0.0,0.0,0.0,3,12.5,23.8,229,Overcast,1,1,
17147,2021-05-15 08:44:00,40.88716,-73.90858,0,0,Unspecified,4417115,22.4,8.7,0.0,0.0,0.0,0.0,3,12.5,23.8,229,Overcast,0,0,
17148,2021-05-15 18:40:00,40.693142,-73.922,1,0,Following Too Closely,4417487,22.4,8.7,0.0,0.0,0.0,0.0,3,12.5,23.8,229,Overcast,1,1,
17149,2021-05-15 06:00:00,40.826065,-73.88786,0,0,Unspecified,4417285,22.4,8.7,0.0,0.0,0.0,0.0,3,12.5,23.8,229,Overcast,0,0,
17150,2021-05-15 11:00:00,40.67931,-73.79172,0,0,Passing Too Closely,4417430,22.4,8.7,0.0,0.0,0.0,0.0,3,12.5,23.8,229,Overcast,0,0,
17151,2021-05-15 13:00:00,40.679005,-73.819595,1,0,Driver Inattention/Distraction,4416643,22.4,8.7,0.0,0.0,0.0,0.0,3,12.5,23.8,229,Overcast,1,1,
17152,2021-05-15 09:46:00,40.732243,-73.87013,0,0,Unspecified,4417031,22.4,8.7,0.0,0.0,0.0,0.0,3,12.5,23.8,229,Overcast,0,0,
17153,2021-05-15 08:20:00,40.78519,-73.94934,1,0,Following Too Closely,4417157,22.4,8.7,0.0,0.0,0.0,0.0,3,12.5,23.8,229,Overcast,1,1,
17154,2021-05-15 16:30:00,40.638435,-73.89898,1,0,Unspecified,4416657,22.4,8.7,0.0,0.0,0.0,0.0,3,12.5,23.8,229,Overcast,1,1,
17155,2021-05-15 18:30:00,40.68324,-73.9439,0,0,Passing or Lane Usage Improper,4416838,22.4,8.7,0.0,0.0,0.0,0.0,3,12.5,23.8,229,Overcast,0,0,
17156,2021-05-15 13:35:00,40.82472,-73.87147,0,0,Failure to Yield Right-of-Way,4417335,22.4,8.7,0.0,0.0,0.0,0.0,3,12.5,23.8,229,Overcast,0,0,
17157,2021-05-14 07:30:00,40.680088,-73.80177,0,0,Unspecified,4417389,21.6,7.5,0.0,0.0,0.0,0.0,2,14.3,25.2,276,Partly cloudy,0,0,
17158,2021-05-15 16:30:00,40.88808,-73.8587,2,0,Unsafe Speed,4416850,22.4,8.7,0.0,0.0,0.0,0.0,3,12.5,23.8,229,Overcast,2,2,
17159,2021-05-13 10:31:00,40.65461,-73.922,0,1,,4417575,19.1,7.2,0.0,0.0,0.0,0.0,1,15.8,27.4,315,Mainly clear,20,1,Sunny/Clear Conditions
17160,2021-05-10 18:25:00,40.585163,-73.95641,1,0,Following Too Closely,4417554,14.9,8.3,3.3,3.3,0.0,7.0,55,18.8,58.3,339,Drizzle: Dense,1,1,
17161,2021-05-14 17:25:00,40.828938,-73.84559,1,0,Unspecified,4417329,21.6,7.5,0.0,0.0,0.0,0.0,2,14.3,25.2,276,Partly cloudy,1,1,
17162,2021-05-14 18:42:00,40.741932,-74.004654,0,0,Backing Unsafely,4417525,21.6,7.5,0.0,0.0,0.0,0.0,2,14.3,25.2,276,Partly cloudy,0,0,
17163,2021-05-15 13:45:00,40.83089,-73.941376,2,0,Turning Improperly,4417105,22.4,8.7,0.0,0.0,0.0,0.0,3,12.5,23.8,229,Overcast,2,2,
17164,2021-05-15 02:37:00,40.85537,-73.90473,1,0,Driver Inattention/Distraction,4416592,22.4,8.7,0.0,0.0,0.0,0.0,3,12.5,23.8,229,Overcast,1,1,
17165,2021-05-15 23:00:00,40.835297,-73.91291,1,0,Failure to Yield Right-of-Way,4417280,22.4,8.7,0.0,0.0,0.0,0.0,3,12.5,23.8,229,Overcast,1,1,
17166,2021-05-15 19:00:00,40.610447,-73.98497,0,0,Unspecified,4416734,22.4,8.7,0.0,0.0,0.0,0.0,3,12.5,23.8,229,Overcast,0,0,
17167,2021-05-15 07:22:00,40.72619,-73.90409,1,0,Driver Inattention/Distraction,4417042,22.4,8.7,0.0,0.0,0.0,0.0,3,12.5,23.8,229,Overcast,1,1,
17168,2021-05-13 22:30:00,40.690712,-73.79992,0,0,Alcohol Involvement,4417401,19.1,7.2,0.0,0.0,0.0,0.0,1,15.8,27.4,315,Mainly clear,0,0,Sunny/Clear Conditions
17169,2021-05-15 20:58:00,40.763126,-73.83125,1,0,Turning Improperly,4416951,22.4,8.7,0.0,0.0,0.0,0.0,3,12.5,23.8,229,Overcast,1,1,
17170,2021-05-14 22:30:00,40.83553,-73.86317,0,0,Unspecified,4417330,21.6,7.5,0.0,0.0,0.0,0.0,2,14.3,25.2,276,Partly cloudy,0,0,
17171,2021-05-15 22:12:00,40.831776,-73.82097,2,0,Driver Inattention/Distraction,4416785,22.4,8.7,0.0,0.0,0.0,0.0,3,12.5,23.8,229,Overcast,2,2,
17172,2021-05-14 19:30:00,40.823437,-73.89044,0,0,Unspecified,4417290,21.6,7.5,0.0,0.0,0.0,0.0,2,14.3,25.2,276,Partly cloudy,0,0,
17173,2022-03-29 15:00:00,40.700855,-73.86837,2,0,Following Too Closely,4514598,3.3,-5.2,0.0,0.0,0.0,0.0,2,29.3,54.4,311,Partly cloudy,2,2,
17174,2021-05-15 04:56:00,40.699406,-73.95338,1,0,Fell Asleep,4416846,22.4,8.7,0.0,0.0,0.0,0.0,3,12.5,23.8,229,Overcast,1,1,
17175,2021-05-15 19:45:00,40.70987,-74.00706,1,0,Unspecified,4417196,22.4,8.7,0.0,0.0,0.0,0.0,3,12.5,23.8,229,Overcast,1,1,
17176,2021-05-15 08:50:00,40.72321,-73.74008,1,0,Unspecified,4416611,22.4,8.7,0.0,0.0,0.0,0.0,3,12.5,23.8,229,Overcast,1,1,