,CRASH DATETIME,LATITUDE,LONGITUDE,NUMBER OF PERSONS INJURED,NUMBER OF PERSONS KILLED,CONTRIBUTING FACTOR VEHICLE 1,COLLISION_ID,temperature_2m_max,temperature_2m_min,precipitation_sum,rain_sum,snowfall_sum,precipitation_hours,weather_code,wind_speed_10m_max,wind_gusts_10m_max,wind_direction_10m_dominant,Weather Description,Severity_Score,Total_Affected_Persons,Weather_Category
17177,2021-05-15 20:40:00,40.585835,-73.8204,0,0,Backing Unsafely,4416980,22.4,8.7,0.0,0.0,0.0,0.0,3,12.5,23.8,229,Overcast,0,0,
17178,2021-05-15 18:30:00,40.679344,-73.859535,0,0,Failure to Yield Right-of-Way,4416676,22.4,8.7,0.0,0.0,0.0,0.0,3,12.5,23.8,229,Overcast,0,0,
17179,2021-05-15 23:50:00,40.57916,-73.98309,0,0,Following Too Closely,4416991,22.4,8.7,0.0,0.0,0.0,0.0,3,12.5,23.8,229,Overcast,0,0,
17180,2021-05-15 15:00:00,40.878475,-73.83305,0,0,Unspecified,4416781,22.4,8.7,0.0,0.0,0.0,0.0,3,12.5,23.8,229,Overcast,0,0,
17181,2021-05-15 11:28:00,40.59888,-73.820694,0,0,Passing Too Closely,4416977,22.4,8.7,0.0,0.0,0.0,0.0,3,12.5,23.8,229,Overcast,0,0,
17182,2021-05-15 23:50:00,40.6306,-74.14399,1,0,Driver Inattention/Distraction,4417364,22.4,8.7,0.0,0.0,0.0,0.0,3,12.5,23.8,229,Overcast,1,1,
17183,2021-05-15 20:00:00,40.730213,-73.979836,1,0,Unspecified,4416882,22.4,8.7,0.0,0.0,0.0,0.0,3,12.5,23.8,229,Overcast,1,1,
17184,2021-05-14 14:20:00,40.789383,-73.782326,2,0,Following Too Closely,4417378,21.6,7.5,0.0,0.0,0.0,0.0,2,14.3,25.2,276,Partly cloudy,2,2,
17185,2021-05-15 03:00:00,40.74325,-73.97694,0,0,Tire Failure/Inadequate,4416541,22.4,8.7,0.0,0.0,0.0,0.0,3,12.5,23.8,229,Overcast,0,0,
17186,2021-05-15 04:15:00,40.70616,-73.75747,0,0,Lost Consciousness,4417412,22.4,8.7,0.0,0.0,0.0,0.0,3,12.5,23.8,229,Overcast,0,0,
17187,2021-05-14 17:45:00,40.752174,-73.87338,0,0,Unspecified,4417307,21.6,7.5,0.0,0.0,0.0,0.0,2,14.3,25.2,276,Partly cloudy,0,0,
17188,2021-05-15 14:36:00,40.80907,-73.94455,1,0,Driver Inattention/Distraction,4417180,22.4,8.7,0.0,0.0,0.0,0.0,3,12.5,23.8,229,Overcast,1,1,
17189,2021-05-11 19:35:00,40.75304,-74.003975,0,0,Passing or Lane Usage Improper,4417513,16.7,8.2,0.0,0.0,0.0,0.0,3,27.0,51.1,292,Overcast,0,0,
17190,2021-05-15 22:45:00,40.700356,-73.912575,0,0,Driver Inattention/Distraction,4417491,22.4,8.7,0.0,0.0,0.0,0.0,3,12.5,23.8,229,Overcast,0,0,
17191,2021-05-15 16:05:00,40.761173,-73.95789,0,0,Driver Inattention/Distraction,4417158,22.4,8.7,0.0,0.0,0.0,0.0,3,12.5,23.8,229,Overcast,0,0,
17192,2021-05-15 18:55:00,40.691658,-73.96177,0,0,Driver Inattention/Distraction,4416655,22.4,8.7,0.0,0.0,0.0,0.0,3,12.5,23.8,229,Overcast,0,0,
17193,2021-05-15 18:40:00,40.630814,-74.02508,0,0,Passing or Lane Usage Improper,4416658,22.4,8.7,0.0,0.0,0.0,0.0,3,12.5,23.8,229,Overcast,0,0,
17194,2021-05-15 00:01:00,40.67392,-73.91012,2,0,Traffic Control Disregarded,4417072,22.4,8.7,0.0,0.0,0.0,0.0,3,12.5,23.8,229,Overcast,2,2,
17195,2021-05-15 09:10:00,40.70942,-73.7749,0,0,Backing Unsafely,4417410,22.4,8.7,0.0,0.0,0.0,0.0,3,12.5,23.8,229,Overcast,0,0,
17196,2021-05-15 01:40:00,40.714455,-73.935295,0,0,Following Too Closely,4416694,22.4,8.7,0.0,0.0,0.0,0.0,3,12.5,23.8,229,Overcast,0,0,
17197,2021-05-15 20:00:00,40.695858,-73.81891,1,0,Traffic Control Disregarded,4417138,22.4,8.7,0.0,0.0,0.0,0.0,3,12.5,23.8,229,Overcast,1,1,
17198,2021-05-15 13:34:00,40.657513,-73.96032,1,0,Driver Inattention/Distraction,4416760,22.4,8.7,0.0,0.0,0.0,0.0,3,12.5,23.8,229,Overcast,1,1,
17199,2021-05-15 12:40:00,40.645344,-73.87897,0,0,Unspecified,4417227,22.4,8.7,0.0,0.0,0.0,0.0,3,12.5,23.8,229,Overcast,0,0,
17200,2021-05-14 16:40:00,40.701103,-73.92239,0,0,Passing Too Closely,4417485,21.6,7.5,0.0,0.0,0.0,0.0,2,14.3,25.2,276,Partly cloudy,0,0,
17201,2021-05-15 13:10:00,40.58273,-73.97494,3,0,Failure to Yield Right-of-Way,4417073,22.4,8.7,0.0,0.0,0.0,0.0,3,12.5,23.8,229,Overcast,3,3,
17202,2021-05-15 17:00:00,40.652103,-73.86855,0,0,Unspecified,4417211,22.4,8.7,0.0,0.0,0.0,0.0,3,12.5,23.8,229,Overcast,0,0,
17203,2021-05-15 22:25:00,40.825607,-73.89294,0,0,Unspecified,4417284,22.4,8.7,0.0,0.0,0.0,0.0,3,12.5,23.8,229,Overcast,0,0,
17204,2021-05-15 14:30:00,40.665462,-73.81858,0,0,Following Too Closely,4416644,22.4,8.7,0.0,0.0,0.0,0.0,3,12.5,23.8,229,Overcast,0,0,
17205,2021-05-15 11:15:00,40.6489,-73.96968,0,0,Failure to Yield Right-of-Way,4416690,22.4,8.7,0.0,0.0,0.0,0.0,3,12.5,23.8,229,Overcast,0,0,
17206,2021-05-15 08:50:00,40.582546,-74.10952,1,0,Turning Improperly,4417456,22.4,8.7,0.0,0.0,0.0,0.0,3,12.5,23.8,229,Overcast,1,1,
17207,2021-05-11 11:43:00,40.62631,-74.15846,0,0,Driver Inattention/Distraction,4417470,16.7,8.2,0.0,0.0,0.0,0.0,3,27.0,51.1,292,Overcast,0,0,
17208,2021-05-15 09:05:00,40.636024,-73.89506,1,0,Traffic Control Disregarded,4416747,22.4,8.7,0.0,0.0,0.0,0.0,3,12.5,23.8,229,Overcast,1,1,
17209,2021-05-15 21:30:00,40.644344,-73.950645,0,0,Unspecified,4416937,22.4,8.7,0.0,0.0,0.0,0.0,3,12.5,23.8,229,Overcast,0,0,
17210,2021-05-14 13:00:00,40.700565,-73.76411,1,0,Passing or Lane Usage Improper,4417445,21.6,7.5,0.0,0.0,0.0,0.0,2,14.3,25.2,276,Partly cloudy,1,1,
17211,2021-05-15 10:00:00,40.762016,-73.89656,1,0,Driver Inattention/Distraction,4417306,22.4,8.7,0.0,0.0,0.0,0.0,3,12.5,23.8,229,Overcast,1,1,
17212,2021-05-12 06:30:00,40.70969,-73.76755,0,0,Driver Inattention/Distraction,4417404,17.9,5.8,0.0,0.0,0.0,0.0,2,20.0,41.0,317,Partly cloudy,0,0,
17213,2021-05-15 16:40:00,40.736317,-73.857605,0,0,Unspecified,4416649,22.4,8.7,0.0,0.0,0.0,0.0,3,12.5,23.8,229,Overcast,0,0,
17214,2021-05-15 09:36:00,40.8617,-73.89139,0,0,Driver Inexperience,4416779,22.4,8.7,0.0,0.0,0.0,0.0,3,12.5,23.8,229,Overcast,0,0,
17215,2021-05-15 06:27:00,40.86906,-73.88914,0,0,Unspecified,4416599,22.4,8.7,0.0,0.0,0.0,0.0,3,12.5,23.8,229,Overcast,0,0,
17216,2021-05-15 08:30:00,40.599052,-73.99808,0,0,Driver Inattention/Distraction,4416736,22.4,8.7,0.0,0.0,0.0,0.0,3,12.5,23.8,229,Overcast,0,0,
17217,2021-05-15 13:35:00,40.74214,-74.00821,1,0,Driver Inattention/Distraction,4417516,22.4,8.7,0.0,0.0,0.0,0.0,3,12.5,23.8,229,Overcast,1,1,
17218,2021-05-15 18:50:00,40.83142,-73.92644,1,0,Passing Too Closely,4417056,22.4,8.7,0.0,0.0,0.0,0.0,3,12.5,23.8,229,Overcast,1,1,
17219,2022-06-30 06:59:00,40.82789,-73.86162,1,0,Unsafe Speed,4542547,31.2,17.3,0.0,0.0,0.0,0.0,2,19.1,37.4,274,Partly cloudy,1,1,
17220,2021-05-13 03:35:00,40.639988,-74.137665,2,0,Unsafe Speed,4417358,19.1,7.2,0.0,0.0,0.0,0.0,1,15.8,27.4,315,Mainly clear,2,2,Sunny/Clear Conditions
17221,2021-05-15 17:15:00,40.675453,-73.88064,0,0,Other Vehicular,4417228,22.4,8.7,0.0,0.0,0.0,0.0,3,12.5,23.8,229,Overcast,0,0,
17222,2021-05-15 15:45:00,40.781578,-73.91547,1,0,Traffic Control Disregarded,4416827,22.4,8.7,0.0,0.0,0.0,0.0,3,12.5,23.8,229,Overcast,1,1,
17223,2021-05-15 02:35:00,40.879807,-73.906586,0,0,Unspecified,4417114,22.4,8.7,0.0,0.0,0.0,0.0,3,12.5,23.8,229,Overcast,0,0,
17224,2021-05-15 15:20:00,40.719864,-73.94486,0,0,Driver Inattention/Distraction,4417273,22.4,8.7,0.0,0.0,0.0,0.0,3,12.5,23.8,229,Overcast,0,0,
17225,2021-05-15 13:26:00,40.812824,-73.94925,1,0,Passing or Lane Usage Improper,4417190,22.4,8.7,0.0,0.0,0.0,0.0,3,12.5,23.8,229,Overcast,1,1,
17226,2021-05-15 12:00:00,40.67526,-73.85451,0,0,Passing Too Closely,4416910,22.4,8.7,0.0,0.0,0.0,0.0,3,12.5,23.8,229,Overcast,0,0,
17227,2021-05-14 14:00:00,40.83213,-73.86547,2,0,Driver Inattention/Distraction,4417324,21.6,7.5,0.0,0.0,0.0,0.0,2,14.3,25.2,276,Partly cloudy,2,2,
17228,2021-05-15 06:16:00,40.686596,-73.79318,0,0,Unspecified,4417428,22.4,8.7,0.0,0.0,0.0,0.0,3,12.5,23.8,229,Overcast,0,0,
17229,2021-05-15 15:05:00,40.82906,-73.91001,0,0,Unspecified,4416792,22.4,8.7,0.0,0.0,0.0,0.0,3,12.5,23.8,229,Overcast,0,0,
17230,2021-05-15 01:36:00,40.84497,-73.9092,4,0,Following Too Closely,4416574,22.4,8.7,0.0,0.0,0.0,0.0,3,12.5,23.8,229,Overcast,4,4,
17231,2021-05-13 06:00:00,40.7716,-73.80907,0,0,Passing or Lane Usage Improper,4417381,19.1,7.2,0.0,0.0,0.0,0.0,1,15.8,27.4,315,Mainly clear,0,0,Sunny/Clear Conditions
17232,2021-05-15 12:00:00,40.74329,-74.00502,0,0,Failure to Yield Right-of-Way,4417526,22.4,8.7,0.0,0.0,0.0,0.0,3,12.5,23.8,229,Overcast,0,0,
17233,2021-05-15 12:50:00,40.763447,-73.8153,3,0,Turning Improperly,4416674,22.4,8.7,0.0,0.0,0.0,0.0,3,12.5,23.8,229,Overcast,3,3,
17234,2021-05-15 10:28:00,40.614452,-73.99161,1,0,Drugs (illegal),4416857,22.4,8.7,0.0,0.0,0.0,0.0,3,12.5,23.8,229,Overcast,1,1,
17235,2021-05-12 12:09:00,40.696335,-73.930504,1,0,Following Too Closely,4417500,17.9,5.8,0.0,0.0,0.0,0.0,2,20.0,41.0,317,Partly cloudy,1,1,
17236,2021-05-15 04:02:00,40.693726,-73.75485,1,0,Alcohol Involvement,4417425,22.4,8.7,0.0,0.0,0.0,0.0,3,12.5,23.8,229,Overcast,1,1,
17237,2021-05-15 14:20:00,40.76501,-73.8871,0,0,Driver Inattention/Distraction,4417310,22.4,8.7,0.0,0.0,0.0,0.0,3,12.5,23.8,229,Overcast,0,0,
17238,2021-05-15 18:00:00,40.74197,-73.84116,0,0,Driver Inattention/Distraction,4417631,22.4,8.7,0.0,0.0,0.0,0.0,3,12.5,23.8,229,Overcast,0,0,
17239,2021-05-15 10:00:00,40.73002,-73.98355,0,0,Other Vehicular,4416879,22.4,8.7,0.0,0.0,0.0,0.0,3,12.5,23.8,229,Overcast,0,0,
17240,2021-05-08 18:15:00,40.773045,-73.993416,2,0,Driver Inattention/Distraction,4417544,11.6,7.7,4.3,4.3,0.0,9.0,61,17.5,36.4,140,Rain: Light,2,2,
17241,2021-05-15 15:15:00,40.681778,-73.78156,1,0,Turning Improperly,4417337,22.4,8.7,0.0,0.0,0.0,0.0,3,12.5,23.8,229,Overcast,1,1,
17242,2021-05-15 22:50:00,40.7444,-73.88606,0,0,Driver Inattention/Distraction,4417034,22.4,8.7,0.0,0.0,0.0,0.0,3,12.5,23.8,229,Overcast,0,0,
17243,2021-05-15 21:15:00,40.615414,-74.0827,0,0,Driver Inattention/Distraction,4417374,22.4,8.7,0.0,0.0,0.0,0.0,3,12.5,23.8,229,Overcast,0,0,
17244,2021-05-15 00:14:00,40.683094,-73.80576,0,0,Passing Too Closely,4417388,22.4,8.7,0.0,0.0,0.0,0.0,3,12.5,23.8,229,Overcast,0,0,
17245,2021-05-15 20:20:00,40.900288,-73.89704,0,0,Unspecified,4417097,22.4,8.7,0.0,0.0,0.0,0.0,3,12.5,23.8,229,Overcast,0,0,
17246,2021-05-14 17:45:00,40.75362,-73.87047,2,0,Following Too Closely,4417299,21.6,7.5,0.0,0.0,0.0,0.0,2,14.3,25.2,276,Partly cloudy,2,2,
17247,2021-05-15 04:00:00,40.851753,-73.889435,0,0,Driver Inattention/Distraction,4416894,22.4,8.7,0.0,0.0,0.0,0.0,3,12.5,23.8,229,Overcast,0,0,
17248,2021-05-13 01:03:00,40.634815,-73.88094,1,0,Alcohol Involvement,4417577,19.1,7.2,0.0,0.0,0.0,0.0,1,15.8,27.4,315,Mainly clear,1,1,Sunny/Clear Conditions
17249,2021-05-15 15:29:00,40.64916,-73.94552,1,0,Unspecified,4416984,22.4,8.7,0.0,0.0,0.0,0.0,3,12.5,23.8,229,Overcast,1,1,
17250,2021-05-13 03:00:00,40.586708,-74.15313,1,0,Driver Inattention/Distraction,4417438,19.1,7.2,0.0,0.0,0.0,0.0,1,15.8,27.4,315,Mainly clear,1,1,Sunny/Clear Conditions
17251,2021-05-15 02:32:00,40.676598,-73.96834,0,0,Unsafe Speed,4417003,22.4,8.7,0.0,0.0,0.0,0.0,3,12.5,23.8,229,Overcast,0,0,
17252,2021-05-14 21:08:00,40.70239,-73.924644,0,0,Aggressive Driving/Road Rage,4417494,21.6,7.5,0.0,0.0,0.0,0.0,2,14.3,25.2,276,Partly cloudy,0,0,
17253,2021-05-15 11:40:00,40.837612,-73.86055,0,0,Unspecified,4417332,22.4,8.7,0.0,0.0,0.0,0.0,3,12.5,23.8,229,Overcast,0,0,
17254,2021-05-15 04:40:00,40.749905,-73.86247,1,0,Alcohol Involvement,4416543,22.4,8.7,0.0,0.0,0.0,0.0,3,12.5,23.8,229,Overcast,1,1,
17255,2021-05-14 22:51:00,40.680325,-73.8009,0,0,Passing Too Closely,4417418,21.6,7.5,0.0,0.0,0.0,0.0,2,14.3,25.2,276,Partly cloudy,0,0,
17256,2021-05-04 01:34:00,40.637745,-74.11082,0,0,Driver Inattention/Distraction,4417375,22.2,11.1,13.2,13.2,0.0,6.0,63,18.9,42.8,74,Rain: Moderate,0,0,
17257,2021-05-15 05:22:00,40.834057,-73.88973,1,0,Driver Inattention/Distraction,4416789,22.4,8.7,0.0,0.0,0.0,0.0,3,12.5,23.8,229,Overcast,1,1,
17258,2021-05-15 12:30:00,40.78211,-73.955795,0,0,Traffic Control Disregarded,4417161,22.4,8.7,0.0,0.0,0.0,0.0,3,12.5,23.8,229,Overcast,0,0,
17259,2021-05-15 14:27:00,40.692585,-73.81327,0,0,Aggressive Driving/Road Rage,4417141,22.4,8.7,0.0,0.0,0.0,0.0,3,12.5,23.8,229,Overcast,0,0,
17260,2021-05-15 23:00:00,40.66478,-73.8939,0,0,Unspecified,4417393,22.4,8.7,0.0,0.0,0.0,0.0,3,12.5,23.8,229,Overcast,0,0,
17261,2021-05-15 17:24:00,40.666805,-73.8143,1,0,Following Too Closely,4416908,22.4,8.7,0.0,0.0,0.0,0.0,3,12.5,23.8,229,Overcast,1,1,
17262,2021-05-15 10:00:00,40.78076,-73.94874,0,0,Unspecified,4417611,22.4,8.7,0.0,0.0,0.0,0.0,3,12.5,23.8,229,Overcast,0,0,
17263,2021-12-23 08:22:00,40.615383,-74.01613,0,0,Unspecified,4489254,2.1,-2.3,0.0,0.0,0.0,0.0,3,20.1,35.6,299,Overcast,0,0,
17264,2022-02-19 17:11:00,40.65017,-73.92921,0,0,Unspecified,4504515,3.3,-5.5,0.4,0.0,0.28,4.0,71,35.3,64.4,260,Snow fall: Light,0,0,Snowy Conditions
17265,2022-02-19 09:18:00,40.624054,-73.919556,0,0,Driver Inattention/Distraction,4503937,3.3,-5.5,0.4,0.0,0.28,4.0,71,35.3,64.4,260,Snow fall: Light,0,0,Snowy Conditions
17266,2021-05-15 14:33:00,40.61678,-74.0898,0,0,Unspecified,4416950,22.4,8.7,0.0,0.0,0.0,0.0,3,12.5,23.8,229,Overcast,0,0,
17267,2021-05-15 20:52:00,40.794132,-73.94281,1,0,,4417295,22.4,8.7,0.0,0.0,0.0,0.0,3,12.5,23.8,229,Overcast,1,1,
17268,2021-05-15 12:33:00,40.661537,-73.91907,0,0,Unspecified,4417058,22.4,8.7,0.0,0.0,0.0,0.0,3,12.5,23.8,229,Overcast,0,0,
17269,2021-05-15 18:40:00,40.773327,-73.76503,0,0,Unsafe Lane Changing,4416707,22.4,8.7,0.0,0.0,0.0,0.0,3,12.5,23.8,229,Overcast,0,0,
17270,2021-05-15 10:43:00,40.66925,-73.93944,0,0,Driver Inattention/Distraction,4416757,22.4,8.7,0.0,0.0,0.0,0.0,3,12.5,23.8,229,Overcast,0,0,
17271,2021-05-14 11:58:00,40.65642,-73.933815,1,0,Unspecified,4417481,21.6,7.5,0.0,0.0,0.0,0.0,2,14.3,25.2,276,Partly cloudy,1,1,
17272,2021-05-15 00:18:00,40.617245,-74.02474,0,0,Alcohol Involvement,4416621,22.4,8.7,0.0,0.0,0.0,0.0,3,12.5,23.8,229,Overcast,0,0,
17273,2021-05-13 19:48:00,40.737595,-74.003204,0,0,Unspecified,4417449,19.1,7.2,0.0,0.0,0.0,0.0,1,15.8,27.4,315,Mainly clear,0,0,Sunny/Clear Conditions
17274,2021-05-15 00:37:00,40.65622,-73.913155,0,0,Other Vehicular,4417076,22.4,8.7,0.0,0.0,0.0,0.0,3,12.5,23.8,229,Overcast,0,0,
17275,2021-05-15 13:10:00,40.88105,-73.86272,0,0,Passing or Lane Usage Improper,4416842,22.4,8.7,0.0,0.0,0.0,0.0,3,12.5,23.8,229,Overcast,0,0,
17276,2021-05-15 16:00:00,40.759445,-73.78964,0,0,Driver Inattention/Distraction,4417572,22.4,8.7,0.0,0.0,0.0,0.0,3,12.5,23.8,229,Overcast,0,0,
17277,2021-05-10 12:29:00,40.755795,-73.93581,1,0,Passing Too Closely,4417409,14.9,8.3,3.3,3.3,0.0,7.0,55,18.8,58.3,339,Drizzle: Dense,1,1,
17278,2021-05-15 00:50:00,40.709904,-73.95224,0,0,Driver Inattention/Distraction,4416712,22.4,8.7,0.0,0.0,0.0,0.0,3,12.5,23.8,229,Overcast,0,0,
17279,2021-05-15 23:50:00,40.663284,-73.96096,2,0,Driver Inattention/Distraction,4416765,22.4,8.7,0.0,0.0,0.0,0.0,3,12.5,23.8,229,Overcast,2,2,
17280,2021-05-06 22:59:00,40.751102,-73.8912,1,0,Traffic Control Disregarded,4417300,17.3,8.7,0.0,0.0,0.0,0.0,3,22.6,43.6,313,Overcast,1,1,
17281,2021-05-15 18:34:00,40.66278,-73.88086,0,0,Unspecified,4417212,22.4,8.7,0.0,0.0,0.0,0.0,3,12.5,23.8,229,Overcast,0,0,
17282,2021-05-15 19:07:00,40.710262,-73.95802,0,0,Traffic Control Disregarded,4417240,22.4,8.7,0.0,0.0,0.0,0.0,3,12.5,23.8,229,Overcast,0,0,
17283,2021-05-09 21:10:00,40.85894,-73.922935,0,0,Following Too Closely,4417579,16.7,5.8,8.6,8.6,0.0,8.0,61,18.9,38.9,250,Rain: Light,0,0,
17284,2021-05-15 10:00:00,40.746353,-73.91617,1,0,Driver Inattention/Distraction,4416615,22.4,8.7,0.0,0.0,0.0,0.0,3,12.5,23.8,229,Overcast,1,1,
17285,2021-05-15 08:45:00,40.658966,-73.9191,0,0,Unsafe Speed,4416966,22.4,8.7,0.0,0.0,0.0,0.0,3,12.5,23.8,229,Overcast,0,0,
17286,2021-05-15 19:00:00,40.65878,-73.960526,0,0,Following Too Closely,4417591,22.4,8.7,0.0,0.0,0.0,0.0,3,12.5,23.8,229,Overcast,0,0,
17287,2021-05-15 18:00:00,40.792095,-73.97366,0,0,Driver Inattention/Distraction,4416654,22.4,8.7,0.0,0.0,0.0,0.0,3,12.5,23.8,229,Overcast,0,0,
17288,2021-05-15 13:45:00,40.654892,-73.95901,0,0,Passing or Lane Usage Improper,4417589,22.4,8.7,0.0,0.0,0.0,0.0,3,12.5,23.8,229,Overcast,0,0,
17289,2021-05-15 00:00:00,40.875122,-73.905174,0,0,Unspecified,4417096,22.4,8.7,0.0,0.0,0.0,0.0,3,12.5,23.8,229,Overcast,0,0,
17290,2021-05-15 04:24:00,40.741863,-73.90751,0,0,Traffic Control Disregarded,4416596,22.4,8.7,0.0,0.0,0.0,0.0,3,12.5,23.8,229,Overcast,0,0,
17291,2021-05-15 16:40:00,40.86268,-73.90905,1,0,Unsafe Speed,4416780,22.4,8.7,0.0,0.0,0.0,0.0,3,12.5,23.8,229,Overcast,1,1,
17292,2021-05-15 04:30:00,40.731407,-73.99698,0,0,Driver Inattention/Distraction,4417519,22.4,8.7,0.0,0.0,0.0,0.0,3,12.5,23.8,229,Overcast,0,0,
17293,2021-05-15 18:05:00,40.738934,-73.88012,0,0,Driver Inattention/Distraction,4417053,22.4,8.7,0.0,0.0,0.0,0.0,3,12.5,23.8,229,Overcast,0,0,
17294,2021-05-15 08:56:00,40.78933,-73.849754,0,0,Unspecified,4416684,22.4,8.7,0.0,0.0,0.0,0.0,3,12.5,23.8,229,Overcast,0,0,
17295,2021-05-15 14:30:00,40.66796,-73.77155,1,0,Turning Improperly,4417387,22.4,8.7,0.0,0.0,0.0,0.0,3,12.5,23.8,229,Overcast,1,1,
17296,2021-05-15 15:15:00,40.681736,-73.805305,0,0,Following Too Closely,4417339,22.4,8.7,0.0,0.0,0.0,0.0,3,12.5,23.8,229,Overcast,0,0,
17297,2021-05-15 01:00:00,40.619,-74.084785,0,0,Unsafe Speed,4416860,22.4,8.7,0.0,0.0,0.0,0.0,3,12.5,23.8,229,Overcast,0,0,
17298,2021-05-15 18:57:00,40.77052,-73.91978,1,0,Unsafe Speed,4416828,22.4,8.7,0.0,0.0,0.0,0.0,3,12.5,23.8,229,Overcast,1,1,
17299,2021-05-12 20:24:00,40.757893,-73.87539,0,0,Unspecified,4417305,17.9,5.8,0.0,0.0,0.0,0.0,2,20.0,41.0,317,Partly cloudy,0,0,
17300,2021-05-14 00:00:00,40.823708,-73.87914,1,0,Unspecified,4417323,21.6,7.5,0.0,0.0,0.0,0.0,2,14.3,25.2,276,Partly cloudy,1,1,
17301,2021-05-15 16:00:00,40.72797,-73.98437,1,0,Driver Inattention/Distraction,4416881,22.4,8.7,0.0,0.0,0.0,0.0,3,12.5,23.8,229,Overcast,1,1,
17302,2021-05-15 18:50:00,40.693703,-73.90505,1,0,Alcohol Involvement,4417529,22.4,8.7,0.0,0.0,0.0,0.0,3,12.5,23.8,229,Overcast,1,1,
17303,2021-05-15 18:37:00,40.679962,-73.83953,0,0,Unsafe Lane Changing,4416675,22.4,8.7,0.0,0.0,0.0,0.0,3,12.5,23.8,229,Overcast,0,0,
17304,2021-04-23 13:50:00,40.697117,-73.93401,0,0,Driver Inattention/Distraction,4417501,15.5,2.0,0.0,0.0,0.0,0.0,3,28.7,57.2,273,Overcast,0,0,
17305,2021-05-15 16:18:00,40.718754,-73.74082,0,0,Unspecified,4416648,22.4,8.7,0.0,0.0,0.0,0.0,3,12.5,23.8,229,Overcast,0,0,
17306,2021-05-14 13:00:00,40.692463,-73.81082,0,0,Following Too Closely,4417403,21.6,7.5,0.0,0.0,0.0,0.0,2,14.3,25.2,276,Partly cloudy,0,0,
17307,2021-05-15 00:57:00,40.842808,-73.942024,0,0,Alcohol Involvement,4417113,22.4,8.7,0.0,0.0,0.0,0.0,3,12.5,23.8,229,Overcast,0,0,
17308,2021-05-15 10:05:00,40.720455,-73.9408,0,0,Driver Inattention/Distraction,4417272,22.4,8.7,0.0,0.0,0.0,0.0,3,12.5,23.8,229,Overcast,0,0,
17309,2021-05-15 17:53:00,40.610455,-73.99576,1,0,Glare,4416737,22.4,8.7,0.0,0.0,0.0,0.0,3,12.5,23.8,229,Overcast,1,1,
17310,2021-05-15 20:10:00,40.68662,-73.82319,1,0,Unsafe Lane Changing,4416913,22.4,8.7,0.0,0.0,0.0,0.0,3,12.5,23.8,229,Overcast,1,1,
17311,2021-05-15 21:45:00,40.820435,-73.93624,1,0,Driver Inexperience,4417182,22.4,8.7,0.0,0.0,0.0,0.0,3,12.5,23.8,229,Overcast,1,1,
17312,2021-05-15 18:00:00,40.734604,-73.864784,0,0,Unspecified,4417033,22.4,8.7,0.0,0.0,0.0,0.0,3,12.5,23.8,229,Overcast,0,0,
17313,2021-05-15 08:20:00,40.696033,-73.98453,4,0,Traffic Control Disregarded,4416645,22.4,8.7,0.0,0.0,0.0,0.0,3,12.5,23.8,229,Overcast,4,4,
17314,2021-05-15 04:21:00,40.856243,-73.895584,1,0,Other Vehicular,4416590,22.4,8.7,0.0,0.0,0.0,0.0,3,12.5,23.8,229,Overcast,1,1,
17315,2021-05-15 20:00:00,40.86431,-73.901474,0,0,Driver Inattention/Distraction,4416783,22.4,8.7,0.0,0.0,0.0,0.0,3,12.5,23.8,229,Overcast,0,0,
17316,2021-05-13 07:40:00,40.701103,-73.92239,0,0,Passing Too Closely,4417469,19.1,7.2,0.0,0.0,0.0,0.0,1,15.8,27.4,315,Mainly clear,0,0,Sunny/Clear Conditions
17317,2021-05-15 09:00:00,40.74593,-73.8563,0,0,Unspecified,4416943,22.4,8.7,0.0,0.0,0.0,0.0,3,12.5,23.8,229,Overcast,0,0,
17318,2022-03-29 17:20:00,40.66352,-73.73135,1,0,Failure to Yield Right-of-Way,4514626,3.3,-5.2,0.0,0.0,0.0,0.0,2,29.3,54.4,311,Partly cloudy,1,1,
17319,2021-05-15 03:53:00,40.760624,-73.81769,0,0,Alcohol Involvement,4417382,22.4,8.7,0.0,0.0,0.0,0.0,3,12.5,23.8,229,Overcast,0,0,
17320,2021-05-14 23:44:00,40.748066,-73.84918,0,1,Pedestrian/Bicyclist/Other Pedestrian Error/Confusion,4417309,21.6,7.5,0.0,0.0,0.0,0.0,2,14.3,25.2,276,Partly cloudy,20,1,
17321,2021-05-14 13:00:00,40.68676,-73.78449,2,0,Following Too Closely,4417426,21.6,7.5,0.0,0.0,0.0,0.0,2,14.3,25.2,276,Partly cloudy,2,2,
17322,2021-05-14 16:08:00,40.667084,-73.78698,0,0,Following Too Closely,4417641,21.6,7.5,0.0,0.0,0.0,0.0,2,14.3,25.2,276,Partly cloudy,0,0,
17323,2021-05-11 16:45:00,40.75546,-73.88631,0,0,Driver Inattention/Distraction,4417318,16.7,8.2,0.0,0.0,0.0,0.0,3,27.0,51.1,292,Overcast,0,0,
17324,2021-05-14 21:41:00,40.558273,-74.13488,0,0,Unspecified,4417457,21.6,7.5,0.0,0.0,0.0,0.0,2,14.3,25.2,276,Partly cloudy,0,0,
17325,2021-05-15 12:50:00,40.82458,-73.870544,0,0,Driver Inattention/Distraction,4417078,22.4,8.7,0.0,0.0,0.0,0.0,3,12.5,23.8,229,Overcast,0,0,
17326,2021-05-06 12:50:00,40.697124,-73.91106,1,0,Failure to Yield Right-of-Way,4417496,17.3,8.7,0.0,0.0,0.0,0.0,3,22.6,43.6,313,Overcast,1,1,