,CRASH DATETIME,LATITUDE,LONGITUDE,NUMBER OF PERSONS INJURED,NUMBER OF PERSONS KILLED,CONTRIBUTING FACTOR VEHICLE 1,COLLISION_ID,temperature_2m_max,temperature_2m_min,precipitation_sum,rain_sum,snowfall_sum,precipitation_hours,weather_code,wind_speed_10m_max,wind_gusts_10m_max,wind_direction_10m_dominant,Weather Description,Severity_Score,Total_Affected_Persons,Weather_Category
17327,2021-05-14 16:22:00,40.759624,-73.99548,1,0,Turning Improperly,4417520,21.6,7.5,0.0,0.0,0.0,0.0,2,14.3,25.2,276,Partly cloudy,1,1,
17328,2021-05-15 00:20:00,40.84249,-73.868004,0,0,Unspecified,4416661,22.4,8.7,0.0,0.0,0.0,0.0,3,12.5,23.8,229,Overcast,0,0,
17329,2021-05-15 02:20:00,40.823536,-73.93108,0,0,Unsafe Lane Changing,4417177,22.4,8.7,0.0,0.0,0.0,0.0,3,12.5,23.8,229,Overcast,0,0,
17330,2021-05-15 02:00:00,40.705746,-73.8097,0,0,Driver Inattention/Distraction,4417408,22.4,8.7,0.0,0.0,0.0,0.0,3,12.5,23.8,229,Overcast,0,0,
17331,2021-05-15 16:30:00,40.669476,-73.919975,0,0,Passing or Lane Usage Improper,4417064,22.4,8.7,0.0,0.0,0.0,0.0,3,12.5,23.8,229,Overcast,0,0,
17332,2021-05-15 20:10:00,40.67699,-73.74308,0,0,Driver Inattention/Distraction,4416653,22.4,8.7,0.0,0.0,0.0,0.0,3,12.5,23.8,229,Overcast,0,0,
17333,2021-05-15 08:30:00,40.607655,-74.01703,0,0,Driver Inattention/Distraction,4416724,22.4,8.7,0.0,0.0,0.0,0.0,3,12.5,23.8,229,Overcast,0,0,
17334,2021-05-15 23:22:00,40.82256,-73.88755,0,0,Unspecified,4417283,22.4,8.7,0.0,0.0,0.0,0.0,3,12.5,23.8,229,Overcast,0,0,
17335,2021-05-15 20:00:00,40.90316,-73.84599,0,0,Unspecified,4417252,22.4,8.7,0.0,0.0,0.0,0.0,3,12.5,23.8,229,Overcast,0,0,
17336,2021-05-15 12:33:00,40.852863,-73.90093,2,0,Unsafe Speed,4416622,22.4,8.7,0.0,0.0,0.0,0.0,3,12.5,23.8,229,Overcast,2,2,
17337,2021-05-15 23:57:00,40.68303,-73.782295,0,0,Following Too Closely,4417427,22.4,8.7,0.0,0.0,0.0,0.0,3,12.5,23.8,229,Overcast,0,0,
17338,2021-05-14 13:17:00,40.846405,-73.842896,0,0,Driver Inexperience,4417503,21.6,7.5,0.0,0.0,0.0,0.0,2,14.3,25.2,276,Partly cloudy,0,0,
17339,2021-05-15 00:14:00,40.761806,-73.86826,1,0,Unspecified,4417314,22.4,8.7,0.0,0.0,0.0,0.0,3,12.5,23.8,229,Overcast,1,1,
17340,2021-05-13 19:31:00,40.820305,-73.89083,2,0,Unspecified,4417571,19.1,7.2,0.0,0.0,0.0,0.0,1,15.8,27.4,315,Mainly clear,2,2,Sunny/Clear Conditions
17341,2021-05-15 18:53:00,40.850834,-73.88577,0,0,Turning Improperly,4416890,22.4,8.7,0.0,0.0,0.0,0.0,3,12.5,23.8,229,Overcast,0,0,
17342,2021-02-08 05:02:00,40.8116,-73.93849,1,0,Unspecified,4417369,-3.4,-11.1,0.0,0.0,0.0,0.0,3,23.4,41.8,292,Overcast,1,1,
17343,2021-05-06 14:55:00,0.0,0.0,1,0,Following Too Closely,4417376,17.3,8.7,0.0,0.0,0.0,0.0,3,22.6,43.6,313,Overcast,1,1,
17344,2021-05-15 00:13:00,40.65168,-74.00915,0,0,Unspecified,4416551,22.4,8.7,0.0,0.0,0.0,0.0,3,12.5,23.8,229,Overcast,0,0,
17345,2021-05-15 21:30:00,40.663227,-73.93159,1,0,Driver Inattention/Distraction,4417479,22.4,8.7,0.0,0.0,0.0,0.0,3,12.5,23.8,229,Overcast,1,1,
17346,2021-05-15 17:13:00,40.65434,-73.94704,1,0,Driver Inattention/Distraction,4416956,22.4,8.7,0.0,0.0,0.0,0.0,3,12.5,23.8,229,Overcast,1,1,
17347,2022-03-29 11:40:00,40.749733,-73.99354,0,0,Driver Inattention/Distraction,4514519,3.3,-5.2,0.0,0.0,0.0,0.0,2,29.3,54.4,311,Partly cloudy,0,0,
17348,2021-05-15 00:46:00,40.66016,-73.75579,0,0,Passing or Lane Usage Improper,4417603,22.4,8.7,0.0,0.0,0.0,0.0,3,12.5,23.8,229,Overcast,0,0,
17349,2021-05-07 19:00:00,40.69001,-73.79204,0,0,Passing Too Closely,4417421,16.4,7.7,0.0,0.0,0.0,0.0,3,15.8,32.4,73,Overcast,0,0,
17350,2021-05-15 13:57:00,40.860764,-73.87195,2,0,Following Too Closely,4416788,22.4,8.7,0.0,0.0,0.0,0.0,3,12.5,23.8,229,Overcast,2,2,
17351,2021-05-12 07:17:00,40.766594,-73.95317,0,0,Driver Inexperience,4417296,17.9,5.8,0.0,0.0,0.0,0.0,2,20.0,41.0,317,Partly cloudy,0,0,
17352,2021-05-15 11:05:00,40.89408,-73.85951,1,0,Unsafe Speed,4416840,22.4,8.7,0.0,0.0,0.0,0.0,3,12.5,23.8,229,Overcast,1,1,
17353,2021-05-08 20:30:00,40.729046,-74.01073,0,0,Driver Inattention/Distraction,4417450,11.6,7.7,4.3,4.3,0.0,9.0,61,17.5,36.4,140,Rain: Light,0,0,
17354,2021-05-10 21:25:00,40.849297,-73.93897,1,0,Pedestrian/Bicyclist/Other Pedestrian Error/Confusion,4417580,14.9,8.3,3.3,3.3,0.0,7.0,55,18.8,58.3,339,Drizzle: Dense,1,1,
17355,2021-05-15 03:32:00,40.583908,-73.98599,1,0,Driver Inattention/Distraction,4416988,22.4,8.7,0.0,0.0,0.0,0.0,3,12.5,23.8,229,Overcast,1,1,
17356,2022-03-29 06:00:00,40.612946,-73.943756,1,0,Driver Inattention/Distraction,4514870,3.3,-5.2,0.0,0.0,0.0,0.0,2,29.3,54.4,311,Partly cloudy,1,1,
17357,2021-05-15 09:15:00,40.743374,-73.92056,1,0,Driver Inattention/Distraction,4416613,22.4,8.7,0.0,0.0,0.0,0.0,3,12.5,23.8,229,Overcast,1,1,
17358,2021-05-15 22:35:00,40.586258,-73.94893,0,0,Unspecified,4417152,22.4,8.7,0.0,0.0,0.0,0.0,3,12.5,23.8,229,Overcast,0,0,
17359,2021-05-14 07:45:00,40.760536,-73.95836,0,0,Turning Improperly,4417302,21.6,7.5,0.0,0.0,0.0,0.0,2,14.3,25.2,276,Partly cloudy,0,0,
17360,2021-05-15 17:35:00,40.759727,-73.99169,1,0,Unspecified,4416769,22.4,8.7,0.0,0.0,0.0,0.0,3,12.5,23.8,229,Overcast,1,1,
17361,2021-05-15 23:20:00,40.668682,-73.89987,2,0,Unspecified,4417213,22.4,8.7,0.0,0.0,0.0,0.0,3,12.5,23.8,229,Overcast,2,2,
17362,2021-05-15 02:54:00,40.60099,-74.18089,1,0,Driver Inattention/Distraction,4417435,22.4,8.7,0.0,0.0,0.0,0.0,3,12.5,23.8,229,Overcast,1,1,
17363,2021-05-15 01:13:00,40.88698,-73.84745,1,0,Driver Inattention/Distraction,4416835,22.4,8.7,0.0,0.0,0.0,0.0,3,12.5,23.8,229,Overcast,1,1,
17364,2021-05-15 09:10:00,40.63335,-74.00292,0,0,Unspecified,4416904,22.4,8.7,0.0,0.0,0.0,0.0,3,12.5,23.8,229,Overcast,0,0,
17365,2021-04-17 00:10:00,40.68511,-73.79811,1,0,Traffic Control Disregarded,4417392,11.8,4.9,0.3,0.3,0.0,2.0,51,17.1,32.4,313,Drizzle: Light,1,1,
17366,2021-05-12 10:30:00,40.841957,-73.85778,0,0,Unspecified,4417333,17.9,5.8,0.0,0.0,0.0,0.0,2,20.0,41.0,317,Partly cloudy,0,0,
17367,2021-05-09 22:25:00,40.78542,-73.98399,0,0,Driver Inattention/Distraction,4417541,16.7,5.8,8.6,8.6,0.0,8.0,61,18.9,38.9,250,Rain: Light,0,0,
17368,2022-03-29 13:57:00,40.81511,-73.88856,1,0,Unspecified,4514698,3.3,-5.2,0.0,0.0,0.0,0.0,2,29.3,54.4,311,Partly cloudy,1,1,
17369,2021-05-15 00:47:00,40.658966,-73.9191,1,0,Unspecified,4416949,22.4,8.7,0.0,0.0,0.0,0.0,3,12.5,23.8,229,Overcast,1,1,
17370,2021-05-15 00:59:00,40.7633,-73.90994,1,0,Driver Inexperience,4416823,22.4,8.7,0.0,0.0,0.0,0.0,3,12.5,23.8,229,Overcast,1,1,
17371,2021-05-14 10:00:00,40.759624,-73.99548,0,0,Turning Improperly,4417509,21.6,7.5,0.0,0.0,0.0,0.0,2,14.3,25.2,276,Partly cloudy,0,0,
17372,2021-05-11 19:15:00,40.75142,-73.88461,0,0,Passing Too Closely,4417319,16.7,8.2,0.0,0.0,0.0,0.0,3,27.0,51.1,292,Overcast,0,0,
17373,2021-05-14 15:36:00,40.81317,-73.859146,0,0,Unspecified,4417327,21.6,7.5,0.0,0.0,0.0,0.0,2,14.3,25.2,276,Partly cloudy,0,0,
17374,2021-05-15 16:16:00,40.68125,-73.764824,0,0,Driver Inattention/Distraction,4417343,22.4,8.7,0.0,0.0,0.0,0.0,3,12.5,23.8,229,Overcast,0,0,
17375,2021-05-15 07:00:00,40.62782,-74.12126,0,0,Turning Improperly,4416862,22.4,8.7,0.0,0.0,0.0,0.0,3,12.5,23.8,229,Overcast,0,0,
17376,2022-03-17 08:00:00,40.695114,-73.911865,0,0,Unspecified,4515236,12.3,3.9,6.5,6.5,0.0,13.0,61,16.8,31.7,41,Rain: Light,0,0,
17377,2022-03-29 17:00:00,40.76417,-73.83967,4,0,Unsafe Speed,4514600,3.3,-5.2,0.0,0.0,0.0,0.0,2,29.3,54.4,311,Partly cloudy,4,4,
17378,2022-03-29 16:04:00,40.669876,-73.84741,0,0,Failure to Yield Right-of-Way,4514647,3.3,-5.2,0.0,0.0,0.0,0.0,2,29.3,54.4,311,Partly cloudy,0,0,
17379,2022-03-27 19:04:00,40.839832,-73.92392,0,0,Passing Too Closely,4515040,7.5,-1.1,0.3,0.3,0.07,3.0,71,26.4,47.5,288,Snow fall: Light,0,0,Snowy Conditions
17380,2022-03-29 20:35:00,40.658577,-73.89063,0,0,Unspecified,4514999,3.3,-5.2,0.0,0.0,0.0,0.0,2,29.3,54.4,311,Partly cloudy,0,0,
17381,2022-03-29 09:23:00,40.598553,-73.997345,0,0,Unspecified,4514515,3.3,-5.2,0.0,0.0,0.0,0.0,2,29.3,54.4,311,Partly cloudy,0,0,
17382,2022-03-29 01:31:00,40.835686,-73.94102,0,0,Unspecified,4514769,3.3,-5.2,0.0,0.0,0.0,0.0,2,29.3,54.4,311,Partly cloudy,0,0,
17383,2022-03-29 11:40:00,40.716644,-73.99582,0,0,Passing or Lane Usage Improper,4514543,3.3,-5.2,0.0,0.0,0.0,0.0,2,29.3,54.4,311,Partly cloudy,0,0,
17384,2022-03-29 15:53:00,40.622177,-74.0227,3,0,Failure to Yield Right-of-Way,4514890,3.3,-5.2,0.0,0.0,0.0,0.0,2,29.3,54.4,311,Partly cloudy,3,3,
17385,2022-03-29 06:25:00,40.75425,-73.81354,0,0,Passing or Lane Usage Improper,4514494,3.3,-5.2,0.0,0.0,0.0,0.0,2,29.3,54.4,311,Partly cloudy,0,0,
17386,2022-03-29 07:19:00,40.587543,-73.958206,3,0,Unspecified,4514658,3.3,-5.2,0.0,0.0,0.0,0.0,2,29.3,54.4,311,Partly cloudy,3,3,
17387,2022-03-28 15:25:00,40.62945,-73.979866,0,0,Following Too Closely,4514987,0.0,-5.2,0.3,0.0,0.21,3.0,71,31.3,59.0,303,Snow fall: Light,0,0,Snowy Conditions
17388,2022-03-29 20:35:00,40.68532,-73.98071,0,0,Driver Inattention/Distraction,4514851,3.3,-5.2,0.0,0.0,0.0,0.0,2,29.3,54.4,311,Partly cloudy,0,0,
17389,2022-03-29 07:45:00,40.7014,-73.816315,0,0,Turning Improperly,4514585,3.3,-5.2,0.0,0.0,0.0,0.0,2,29.3,54.4,311,Partly cloudy,0,0,
17390,2022-03-29 17:00:00,40.55912,-74.15494,0,0,Driver Inexperience,4515172,3.3,-5.2,0.0,0.0,0.0,0.0,2,29.3,54.4,311,Partly cloudy,0,0,
17391,2022-03-26 09:13:00,40.72314,-73.906425,0,0,Lost Consciousness,4515123,10.1,4.9,6.1,5.8,0.21,8.0,71,21.6,41.0,251,Snow fall: Light,0,0,Snowy Conditions
17392,2022-03-29 18:00:00,40.634605,-73.98539,1,0,Unspecified,4514702,3.3,-5.2,0.0,0.0,0.0,0.0,2,29.3,54.4,311,Partly cloudy,1,1,
17393,2022-03-29 09:45:00,40.725582,-73.93584,0,0,Passing Too Closely,4514681,3.3,-5.2,0.0,0.0,0.0,0.0,2,29.3,54.4,311,Partly cloudy,0,0,
17394,2022-03-26 20:00:00,40.810104,-73.948975,0,0,Unspecified,4515056,10.1,4.9,6.1,5.8,0.21,8.0,71,21.6,41.0,251,Snow fall: Light,0,0,Snowy Conditions
17395,2022-03-23 16:20:00,40.77247,-73.91959,0,0,Oversized Vehicle,4515089,8.4,1.3,2.2,2.2,0.0,3.0,55,19.6,34.6,73,Drizzle: Dense,0,0,
17396,2022-03-29 08:49:00,40.709305,-73.84369,0,0,Driver Inattention/Distraction,4514579,3.3,-5.2,0.0,0.0,0.0,0.0,2,29.3,54.4,311,Partly cloudy,0,0,
17397,2022-03-29 12:30:00,40.70711,-73.95672,0,0,Failure to Yield Right-of-Way,4514923,3.3,-5.2,0.0,0.0,0.0,0.0,2,29.3,54.4,311,Partly cloudy,0,0,
17398,2022-06-30 12:45:00,40.69595,-73.86237,1,0,Unspecified,4542384,31.2,17.3,0.0,0.0,0.0,0.0,2,19.1,37.4,274,Partly cloudy,1,1,
17399,2022-03-29 14:08:00,40.83029,-73.850655,0,0,Driver Inattention/Distraction,4514734,3.3,-5.2,0.0,0.0,0.0,0.0,2,29.3,54.4,311,Partly cloudy,0,0,
17400,2022-03-18 11:17:00,40.71123,-73.85575,0,0,Failure to Yield Right-of-Way,4514969,20.8,7.4,0.0,0.0,0.0,0.0,3,16.0,31.7,181,Overcast,0,0,
17401,2022-03-29 00:16:00,40.71793,-73.73696,0,0,Outside Car Distraction,4514531,3.3,-5.2,0.0,0.0,0.0,0.0,2,29.3,54.4,311,Partly cloudy,0,0,
17402,2022-03-29 08:20:00,40.81642,-73.85123,1,0,Lost Consciousness,4514478,3.3,-5.2,0.0,0.0,0.0,0.0,2,29.3,54.4,311,Partly cloudy,1,1,
17403,2022-03-29 18:15:00,40.709343,-73.8178,1,0,Driver Inattention/Distraction,4514662,3.3,-5.2,0.0,0.0,0.0,0.0,2,29.3,54.4,311,Partly cloudy,1,1,
17404,2022-03-29 15:00:00,40.689537,-73.75813,0,0,Following Too Closely,4514755,3.3,-5.2,0.0,0.0,0.0,0.0,2,29.3,54.4,311,Partly cloudy,0,0,
17405,2022-03-29 18:00:00,0.0,0.0,0,0,Passing Too Closely,4514620,3.3,-5.2,0.0,0.0,0.0,0.0,2,29.3,54.4,311,Partly cloudy,0,0,
17406,2022-03-24 17:00:00,40.60817,-73.98735,2,0,Following Too Closely,4515134,9.9,3.5,21.4,21.4,0.0,16.0,63,27.2,50.8,57,Rain: Moderate,2,2,
17407,2022-03-28 14:59:00,40.5559,-74.13979,0,0,Driver Inattention/Distraction,4515165,0.0,-5.2,0.3,0.0,0.21,3.0,71,31.3,59.0,303,Snow fall: Light,0,0,Snowy Conditions
17408,2022-03-28 07:40:00,40.808395,-73.95296,1,0,Unspecified,4515067,0.0,-5.2,0.3,0.0,0.21,3.0,71,31.3,59.0,303,Snow fall: Light,1,1,Snowy Conditions
17409,2022-03-29 21:09:00,40.83472,-73.89846,3,0,Unspecified,4514670,3.3,-5.2,0.0,0.0,0.0,0.0,2,29.3,54.4,311,Partly cloudy,3,3,
17410,2022-03-29 09:55:00,40.867363,-73.92211,0,0,Backing Unsafely,4515077,3.3,-5.2,0.0,0.0,0.0,0.0,2,29.3,54.4,311,Partly cloudy,0,0,
17411,2022-03-29 17:00:00,40.697346,-73.89081,1,0,Driver Inattention/Distraction,4514882,3.3,-5.2,0.0,0.0,0.0,0.0,2,29.3,54.4,311,Partly cloudy,1,1,
17412,2022-03-29 12:30:00,40.768936,-73.834335,0,0,Turning Improperly,4514556,3.3,-5.2,0.0,0.0,0.0,0.0,2,29.3,54.4,311,Partly cloudy,0,0,
17413,2022-03-29 09:20:00,40.56757,-73.88277,0,0,Driver Inattention/Distraction,4514966,3.3,-5.2,0.0,0.0,0.0,0.0,2,29.3,54.4,311,Partly cloudy,0,0,
17414,2022-03-28 16:15:00,40.78169,-73.94897,0,0,Driver Inattention/Distraction,4515227,0.0,-5.2,0.3,0.0,0.21,3.0,71,31.3,59.0,303,Snow fall: Light,0,0,Snowy Conditions
17415,2022-03-29 14:01:00,40.67314,-73.86945,0,0,Pedestrian/Bicyclist/Other Pedestrian Error/Confusion,4514542,3.3,-5.2,0.0,0.0,0.0,0.0,2,29.3,54.4,311,Partly cloudy,0,0,
17416,2022-03-28 16:30:00,40.596416,-73.76474,0,0,Unspecified,4515019,0.0,-5.2,0.3,0.0,0.21,3.0,71,31.3,59.0,303,Snow fall: Light,0,0,Snowy Conditions
17417,2022-03-27 19:00:00,40.668278,-73.87825,0,0,Unspecified,4515000,7.5,-1.1,0.3,0.3,0.07,3.0,71,26.4,47.5,288,Snow fall: Light,0,0,Snowy Conditions
17418,2022-03-29 08:03:00,40.802296,-73.92073,0,0,Turning Improperly,4514520,3.3,-5.2,0.0,0.0,0.0,0.0,2,29.3,54.4,311,Partly cloudy,0,0,
17419,2021-09-25 19:43:00,40.711685,-73.74672,1,0,Unspecified,4460822,22.8,14.0,0.0,0.0,0.0,0.0,3,7.9,15.8,322,Overcast,1,1,
17420,2022-03-29 14:20:00,40.83757,-73.85446,0,0,Unspecified,4515072,3.3,-5.2,0.0,0.0,0.0,0.0,2,29.3,54.4,311,Partly cloudy,0,0,
17421,2022-03-28 19:48:00,40.57161,-74.09418,2,0,Failure to Yield Right-of-Way,4515152,0.0,-5.2,0.3,0.0,0.21,3.0,71,31.3,59.0,303,Snow fall: Light,2,2,Snowy Conditions
17422,2022-03-28 14:50:00,40.577946,-74.102325,0,0,Turning Improperly,4515159,0.0,-5.2,0.3,0.0,0.21,3.0,71,31.3,59.0,303,Snow fall: Light,0,0,Snowy Conditions
17423,2022-03-29 00:35:00,40.694374,-73.803764,0,0,Turning Improperly,4514461,3.3,-5.2,0.0,0.0,0.0,0.0,2,29.3,54.4,311,Partly cloudy,0,0,
17424,2022-03-29 21:55:00,40.67169,-73.79121,0,0,Traffic Control Disregarded,4514766,3.3,-5.2,0.0,0.0,0.0,0.0,2,29.3,54.4,311,Partly cloudy,0,0,
17425,2022-03-29 07:45:00,40.851143,-73.88534,0,0,Driver Inexperience,4514801,3.3,-5.2,0.0,0.0,0.0,0.0,2,29.3,54.4,311,Partly cloudy,0,0,
17426,2022-03-29 17:50:00,40.845177,-73.91417,0,0,Other Vehicular,4515269,3.3,-5.2,0.0,0.0,0.0,0.0,2,29.3,54.4,311,Partly cloudy,0,0,
17427,2022-03-29 05:00:00,40.824085,-73.9013,0,0,Unspecified,4514667,3.3,-5.2,0.0,0.0,0.0,0.0,2,29.3,54.4,311,Partly cloudy,0,0,
17428,2021-12-16 18:30:00,40.847458,-73.944244,0,0,Unspecified,4515033,14.6,9.9,0.0,0.0,0.0,0.0,3,22.4,38.5,222,Overcast,0,0,
17429,2022-03-29 17:00:00,40.879955,-73.87888,0,0,Unspecified,4514696,3.3,-5.2,0.0,0.0,0.0,0.0,2,29.3,54.4,311,Partly cloudy,0,0,
17430,2022-03-29 08:46:00,40.666134,-73.993805,0,0,Unspecified,4514782,3.3,-5.2,0.0,0.0,0.0,0.0,2,29.3,54.4,311,Partly cloudy,0,0,
17431,2022-03-29 18:15:00,40.67134,-73.88195,0,0,Turning Improperly,4514596,3.3,-5.2,0.0,0.0,0.0,0.0,2,29.3,54.4,311,Partly cloudy,0,0,
17432,2022-03-29 00:00:00,40.76226,-73.75699,1,0,Other Vehicular,4514511,3.3,-5.2,0.0,0.0,0.0,0.0,2,29.3,54.4,311,Partly cloudy,1,1,
17433,2022-03-29 15:00:00,40.845913,-73.84783,1,0,Unspecified,4514940,3.3,-5.2,0.0,0.0,0.0,0.0,2,29.3,54.4,311,Partly cloudy,1,1,
17434,2022-03-29 01:03:00,40.82523,-73.94761,0,0,Unspecified,4515043,3.3,-5.2,0.0,0.0,0.0,0.0,2,29.3,54.4,311,Partly cloudy,0,0,
17435,2022-03-29 22:06:00,40.750492,-73.751205,2,0,Driver Inattention/Distraction,4514625,3.3,-5.2,0.0,0.0,0.0,0.0,2,29.3,54.4,311,Partly cloudy,2,2,
17436,2022-02-19 12:27:00,40.809303,-73.94507,0,0,Other Vehicular,4514991,3.3,-5.5,0.4,0.0,0.28,4.0,71,35.3,64.4,260,Snow fall: Light,0,0,Snowy Conditions
17437,2022-03-29 21:10:00,40.76161,-73.97076,0,0,Unspecified,4514685,3.3,-5.2,0.0,0.0,0.0,0.0,2,29.3,54.4,311,Partly cloudy,0,0,
17438,2022-03-29 16:20:00,40.77187,-73.91481,0,0,Driver Inexperience,4514724,3.3,-5.2,0.0,0.0,0.0,0.0,2,29.3,54.4,311,Partly cloudy,0,0,
17439,2022-03-29 16:40:00,40.710587,-73.95511,0,0,Passing Too Closely,4515189,3.3,-5.2,0.0,0.0,0.0,0.0,2,29.3,54.4,311,Partly cloudy,0,0,
17440,2022-03-29 19:35:00,40.8885,-73.84213,0,0,Turning Improperly,4515115,3.3,-5.2,0.0,0.0,0.0,0.0,2,29.3,54.4,311,Partly cloudy,0,0,
17441,2022-03-29 10:41:00,40.836605,-73.93931,0,0,Traffic Control Disregarded,4514761,3.3,-5.2,0.0,0.0,0.0,0.0,2,29.3,54.4,311,Partly cloudy,0,0,
17442,2022-03-29 16:12:00,40.753,-73.969894,1,0,Alcohol Involvement,4514671,3.3,-5.2,0.0,0.0,0.0,0.0,2,29.3,54.4,311,Partly cloudy,1,1,
17443,2022-03-29 11:40:00,40.738758,-74.00241,1,0,Other Vehicular,4515078,3.3,-5.2,0.0,0.0,0.0,0.0,2,29.3,54.4,311,Partly cloudy,1,1,
17444,2022-03-15 18:20:00,40.64661,-74.0811,0,0,Unspecified,4515126,15.8,3.2,0.0,0.0,0.0,0.0,3,21.5,36.4,211,Overcast,0,0,
17445,2022-03-29 07:00:00,40.708424,-73.95791,0,0,Driver Inattention/Distraction,4514705,3.3,-5.2,0.0,0.0,0.0,0.0,2,29.3,54.4,311,Partly cloudy,0,0,
17446,2022-07-01 14:45:00,40.750244,-73.920135,0,0,Driver Inattention/Distraction,4542631,33.7,20.2,0.1,0.1,0.0,1.0,51,32.3,58.0,215,Drizzle: Light,0,0,
17447,2022-07-01 18:40:00,40.801754,-73.93121,1,0,Driver Inattention/Distraction,4542653,33.7,20.2,0.1,0.1,0.0,1.0,51,32.3,58.0,215,Drizzle: Light,1,1,
17448,2022-06-25 21:45:00,40.83209,-73.8898,0,0,Driver Inexperience,4542431,32.5,18.1,0.0,0.0,0.0,0.0,2,25.0,47.2,224,Partly cloudy,0,0,
17449,2022-06-30 00:35:00,40.666386,-73.80178,0,0,Passing or Lane Usage Improper,4541996,31.2,17.3,0.0,0.0,0.0,0.0,2,19.1,37.4,274,Partly cloudy,0,0,
17450,2022-06-30 16:30:00,40.74473,-73.93359,1,0,Failure to Yield Right-of-Way,4542291,31.2,17.3,0.0,0.0,0.0,0.0,2,19.1,37.4,274,Partly cloudy,1,1,
17451,2022-06-30 13:30:00,40.726887,-73.78826,0,0,Unspecified,4542426,31.2,17.3,0.0,0.0,0.0,0.0,2,19.1,37.4,274,Partly cloudy,0,0,
17452,2022-06-30 17:55:00,40.758537,-73.97721,1,0,View Obstructed/Limited,4542411,31.2,17.3,0.0,0.0,0.0,0.0,2,19.1,37.4,274,Partly cloudy,1,1,
17453,2022-06-30 11:45:00,40.77012,-73.95741,1,0,Driver Inattention/Distraction,4542345,31.2,17.3,0.0,0.0,0.0,0.0,2,19.1,37.4,274,Partly cloudy,1,1,
17454,2022-06-30 00:30:00,40.67143,-73.98784,0,0,Driver Inattention/Distraction,4542571,31.2,17.3,0.0,0.0,0.0,0.0,2,19.1,37.4,274,Partly cloudy,0,0,
17455,2022-06-29 04:07:00,40.676342,-73.910934,1,0,Unspecified,4541684,29.0,17.7,0.0,0.0,0.0,0.0,3,27.2,51.5,195,Overcast,1,1,
17456,2022-06-30 20:14:00,40.63782,-73.98921,1,0,Unspecified,4542361,31.2,17.3,0.0,0.0,0.0,0.0,2,19.1,37.4,274,Partly cloudy,1,1,
17457,2022-06-29 13:55:00,40.763042,-73.956535,0,0,Other Vehicular,4541977,29.0,17.7,0.0,0.0,0.0,0.0,3,27.2,51.5,195,Overcast,0,0,
17458,2022-07-01 10:00:00,40.60459,-74.02212,0,0,Following Too Closely,4542499,33.7,20.2,0.1,0.1,0.0,1.0,51,32.3,58.0,215,Drizzle: Light,0,0,
17459,2022-06-29 09:35:00,40.73448,-73.92243,0,0,Driver Inattention/Distraction,4542083,29.0,17.7,0.0,0.0,0.0,0.0,3,27.2,51.5,195,Overcast,0,0,
17460,2022-06-14 13:00:00,40.711838,-73.917496,0,0,Passing Too Closely,4542636,29.0,18.6,0.0,0.0,0.0,0.0,3,19.1,40.0,10,Overcast,0,0,
17461,2022-07-01 15:00:00,40.784996,-73.824234,3,0,Driver Inattention/Distraction,4542558,33.7,20.2,0.1,0.1,0.0,1.0,51,32.3,58.0,215,Drizzle: Light,3,3,
17462,2022-06-29 13:33:00,40.658875,-73.94753,0,0,Driver Inattention/Distraction,4542889,29.0,17.7,0.0,0.0,0.0,0.0,3,27.2,51.5,195,Overcast,0,0,
17463,2022-06-28 09:10:00,40.748108,-73.947365,1,0,Driver Inattention/Distraction,4542655,27.5,19.1,0.0,0.0,0.0,0.0,3,14.4,28.4,334,Overcast,1,1,
17464,2022-06-26 14:55:00,40.73911,-73.89768,1,0,Unspecified,4542856,30.8,19.9,0.0,0.0,0.0,0.0,3,30.9,55.8,188,Overcast,1,1,
17465,2022-07-01 15:00:00,40.778664,-73.90946,1,0,Traffic Control Disregarded,4542675,33.7,20.2,0.1,0.1,0.0,1.0,51,32.3,58.0,215,Drizzle: Light,1,1,
17466,2022-07-01 16:16:00,40.801918,-73.94344,1,0,Other Vehicular,4543060,33.7,20.2,0.1,0.1,0.0,1.0,51,32.3,58.0,215,Drizzle: Light,1,1,
17467,2022-06-29 07:52:00,40.645042,-73.99965,0,0,Unspecified,4542014,29.0,17.7,0.0,0.0,0.0,0.0,3,27.2,51.5,195,Overcast,0,0,
17468,2022-06-30 17:39:00,40.620975,-74.02537,0,0,Unspecified,4542282,31.2,17.3,0.0,0.0,0.0,0.0,2,19.1,37.4,274,Partly cloudy,0,0,
17469,2022-06-30 11:48:00,40.715702,-73.940506,0,0,Passing Too Closely,4543022,31.2,17.3,0.0,0.0,0.0,0.0,2,19.1,37.4,274,Partly cloudy,0,0,
17470,2022-06-16 09:00:00,40.776867,-73.955414,0,0,Following Too Closely,4543094,23.1,17.8,9.2,9.2,0.0,5.0,63,28.4,50.4,172,Rain: Moderate,0,0,
17471,2022-06-16 15:00:00,40.825577,-73.918465,0,0,Passing Too Closely,4542500,23.1,17.8,9.2,9.2,0.0,5.0,63,28.4,50.4,172,Rain: Moderate,0,0,
17472,2022-06-30 17:45:00,40.621563,-73.939125,2,0,Traffic Control Disregarded,4542308,31.2,17.3,0.0,0.0,0.0,0.0,2,19.1,37.4,274,Partly cloudy,2,2,
17473,2022-07-01 14:15:00,40.65067,-73.95248,0,0,Following Too Closely,4542660,33.7,20.2,0.1,0.1,0.0,1.0,51,32.3,58.0,215,Drizzle: Light,0,0,