,CRASH DATETIME,LATITUDE,LONGITUDE,NUMBER OF PERSONS INJURED,NUMBER OF PERSONS KILLED,CONTRIBUTING FACTOR VEHICLE 1,COLLISION_ID,temperature_2m_max,temperature_2m_min,precipitation_sum,rain_sum,snowfall_sum,precipitation_hours,weather_code,wind_speed_10m_max,wind_gusts_10m_max,wind_direction_10m_dominant,Weather Description,Severity_Score,Total_Affected_Persons,Weather_Category
17474,2022-06-29 19:14:00,40.673542,-73.86668,0,0,Unspecified,4542054,29.0,17.7,0.0,0.0,0.0,0.0,3,27.2,51.5,195,Overcast,0,0,
17475,2022-07-01 18:45:00,40.84394,-73.93903,0,0,Unspecified,4542943,33.7,20.2,0.1,0.1,0.0,1.0,51,32.3,58.0,215,Drizzle: Light,0,0,
17476,2022-06-27 14:20:00,40.783245,-73.94473,0,0,Driver Inattention/Distraction,4543076,26.2,19.8,11.7,11.7,0.0,9.0,63,20.5,43.2,224,Rain: Moderate,0,0,
17477,2022-07-01 08:55:00,40.74273,-73.95412,2,0,Failure to Yield Right-of-Way,4542453,33.7,20.2,0.1,0.1,0.0,1.0,51,32.3,58.0,215,Drizzle: Light,2,2,
17478,2022-06-30 14:15:00,40.63311,-73.97217,1,0,Driver Inattention/Distraction,4542987,31.2,17.3,0.0,0.0,0.0,0.0,2,19.1,37.4,274,Partly cloudy,1,1,
17479,2022-06-29 17:55:00,40.712284,-73.78536,1,0,Following Too Closely,4542421,29.0,17.7,0.0,0.0,0.0,0.0,3,27.2,51.5,195,Overcast,1,1,
17480,2022-06-30 13:47:00,40.68232,-73.86433,0,0,Backing Unsafely,4542379,31.2,17.3,0.0,0.0,0.0,0.0,2,19.1,37.4,274,Partly cloudy,0,0,
17481,2022-06-19 23:42:00,40.81914,-73.93719,3,0,Alcohol Involvement,4542468,22.4,12.4,0.0,0.0,0.0,0.0,3,30.3,58.7,324,Overcast,3,3,
17482,2022-06-29 00:00:00,40.62461,-74.00841,0,0,Driver Inattention/Distraction,4541863,29.0,17.7,0.0,0.0,0.0,0.0,3,27.2,51.5,195,Overcast,0,0,
17483,2022-06-29 16:18:00,40.74942,-73.940544,1,0,Cell Phone (hand-Held),4541924,29.0,17.7,0.0,0.0,0.0,0.0,3,27.2,51.5,195,Overcast,1,1,
17484,2022-07-01 22:00:00,40.7042,-73.815254,0,0,Driver Inattention/Distraction,4542767,33.7,20.2,0.1,0.1,0.0,1.0,51,32.3,58.0,215,Drizzle: Light,0,0,
17485,2022-06-29 02:25:00,40.72407,-73.76122,1,0,Aggressive Driving/Road Rage,4542197,29.0,17.7,0.0,0.0,0.0,0.0,3,27.2,51.5,195,Overcast,1,1,
17486,2022-06-28 19:00:00,40.756874,-73.94436,1,0,Pedestrian/Bicyclist/Other Pedestrian Error/Confusion,4543125,27.5,19.1,0.0,0.0,0.0,0.0,3,14.4,28.4,334,Overcast,1,1,
17487,2022-07-01 23:20:00,40.750675,-73.72698,0,0,Unspecified,4542701,33.7,20.2,0.1,0.1,0.0,1.0,51,32.3,58.0,215,Drizzle: Light,0,0,
17488,2022-07-01 06:10:00,40.81636,-73.891815,0,0,Following Too Closely,4542511,33.7,20.2,0.1,0.1,0.0,1.0,51,32.3,58.0,215,Drizzle: Light,0,0,
17489,2022-06-26 14:58:00,40.836414,-73.88936,0,0,Turning Improperly,4542416,30.8,19.9,0.0,0.0,0.0,0.0,3,30.9,55.8,188,Overcast,0,0,
17490,2022-06-29 12:35:00,40.675842,-73.78305,1,0,Passing or Lane Usage Improper,4541991,29.0,17.7,0.0,0.0,0.0,0.0,3,27.2,51.5,195,Overcast,1,1,
17491,2022-06-29 14:15:00,40.830902,-73.84765,0,0,Failure to Yield Right-of-Way,4542543,29.0,17.7,0.0,0.0,0.0,0.0,3,27.2,51.5,195,Overcast,0,0,
17492,2022-06-29 20:14:00,40.71178,-73.75898,1,0,Alcohol Involvement,4542272,29.0,17.7,0.0,0.0,0.0,0.0,3,27.2,51.5,195,Overcast,1,1,
17493,2022-07-01 06:26:00,40.609417,-73.9677,2,0,Following Too Closely,4542526,33.7,20.2,0.1,0.1,0.0,1.0,51,32.3,58.0,215,Drizzle: Light,2,2,
17494,2022-06-19 14:21:00,40.87829,-73.87006,0,0,Passing or Lane Usage Improper,4542905,22.4,12.4,0.0,0.0,0.0,0.0,3,30.3,58.7,324,Overcast,0,0,
17495,2021-05-16 21:45:00,40.666935,-73.782715,0,0,Unspecified,4417133,22.3,10.7,0.1,0.1,0.0,1.0,51,23.8,46.1,261,Drizzle: Light,0,0,
17496,2022-07-01 21:41:00,40.721275,-73.9778,1,0,Aggressive Driving/Road Rage,4542814,33.7,20.2,0.1,0.1,0.0,1.0,51,32.3,58.0,215,Drizzle: Light,1,1,
17497,2022-06-30 10:00:00,40.836384,-73.87039,0,0,Following Too Closely,4542548,31.2,17.3,0.0,0.0,0.0,0.0,2,19.1,37.4,274,Partly cloudy,0,0,
17498,2022-06-23 17:07:00,40.68048,-73.99336,0,0,Unspecified,4542394,22.6,15.7,0.8,0.8,0.0,6.0,51,15.6,31.3,127,Drizzle: Light,0,0,
17499,2022-06-30 14:00:00,40.799713,-73.938156,0,0,Driver Inattention/Distraction,4543054,31.2,17.3,0.0,0.0,0.0,0.0,2,19.1,37.4,274,Partly cloudy,0,0,
17500,2022-06-29 07:30:00,40.766743,-73.83272,0,0,Turning Improperly,4541822,29.0,17.7,0.0,0.0,0.0,0.0,3,27.2,51.5,195,Overcast,0,0,
17501,2022-06-29 13:00:00,40.6228,-74.08526,0,0,Driver Inattention/Distraction,4542129,29.0,17.7,0.0,0.0,0.0,0.0,3,27.2,51.5,195,Overcast,0,0,
17502,2022-06-30 08:15:00,40.59038,-74.19295,0,0,Driver Inattention/Distraction,4542210,31.2,17.3,0.0,0.0,0.0,0.0,2,19.1,37.4,274,Partly cloudy,0,0,
17503,2022-06-21 00:27:00,40.735283,-73.85984,0,0,Driver Inattention/Distraction,4543108,26.0,14.6,1.0,1.0,0.0,3.0,53,13.0,24.1,175,Drizzle: Moderate,0,0,
17504,2022-06-30 17:35:00,40.74217,-73.9828,0,0,Unspecified,4542963,31.2,17.3,0.0,0.0,0.0,0.0,2,19.1,37.4,274,Partly cloudy,0,0,
17505,2022-06-29 15:45:00,40.62152,-74.027916,0,0,Driver Inattention/Distraction,4541900,29.0,17.7,0.0,0.0,0.0,0.0,3,27.2,51.5,195,Overcast,0,0,
17506,2022-06-29 18:19:00,40.715237,-74.01339,0,0,Unspecified,4542029,29.0,17.7,0.0,0.0,0.0,0.0,3,27.2,51.5,195,Overcast,0,0,
17507,2022-06-29 23:10:00,40.8183,-73.81894,1,0,Unspecified,4542586,29.0,17.7,0.0,0.0,0.0,0.0,3,27.2,51.5,195,Overcast,1,1,
17508,2022-06-30 15:10:00,40.718002,-73.98659,1,0,Unspecified,4542339,31.2,17.3,0.0,0.0,0.0,0.0,2,19.1,37.4,274,Partly cloudy,1,1,
17509,2022-05-22 05:22:00,40.691948,-73.730675,0,0,Unspecified,4542605,30.4,20.3,0.2,0.2,0.0,2.0,51,19.8,38.5,237,Drizzle: Light,0,0,
17510,2022-06-30 10:59:00,40.852837,-73.89232,0,0,Driver Inattention/Distraction,4542369,31.2,17.3,0.0,0.0,0.0,0.0,2,19.1,37.4,274,Partly cloudy,0,0,
17511,2022-06-30 14:16:00,40.632633,-74.01254,2,0,Driver Inattention/Distraction,4542278,31.2,17.3,0.0,0.0,0.0,0.0,2,19.1,37.4,274,Partly cloudy,2,2,
17512,2022-06-30 08:35:00,40.6991,-73.906075,0,0,Passing Too Closely,4542480,31.2,17.3,0.0,0.0,0.0,0.0,2,19.1,37.4,274,Partly cloudy,0,0,
17513,2022-06-29 16:00:00,40.714737,-73.95276,3,0,Passing or Lane Usage Improper,4541984,29.0,17.7,0.0,0.0,0.0,0.0,3,27.2,51.5,195,Overcast,3,3,
17514,2022-06-23 18:45:00,40.6577,-73.94058,0,0,Driver Inattention/Distraction,4542806,22.6,15.7,0.8,0.8,0.0,6.0,51,15.6,31.3,127,Drizzle: Light,0,0,
17515,2022-07-01 14:53:00,40.82923,-73.87551,0,0,Backing Unsafely,4542554,33.7,20.2,0.1,0.1,0.0,1.0,51,32.3,58.0,215,Drizzle: Light,0,0,
17516,2022-06-29 20:23:00,40.651226,-73.95855,1,0,Unspecified,4542043,29.0,17.7,0.0,0.0,0.0,0.0,3,27.2,51.5,195,Overcast,1,1,
17517,2022-06-24 23:38:00,40.691418,-73.75795,0,0,Passing or Lane Usage Improper,4542448,26.7,14.6,1.0,1.0,0.0,6.0,51,19.2,37.4,204,Drizzle: Light,0,0,
17518,2022-06-29 11:45:00,40.672688,-73.73544,2,0,Unsafe Speed,4542861,29.0,17.7,0.0,0.0,0.0,0.0,3,27.2,51.5,195,Overcast,2,2,
17519,2022-06-23 09:30:00,40.64254,-73.87652,4,0,Driver Inattention/Distraction,4542732,22.6,15.7,0.8,0.8,0.0,6.0,51,15.6,31.3,127,Drizzle: Light,4,4,
17520,2022-07-01 15:24:00,40.788692,-73.93787,3,0,Following Too Closely,4542647,33.7,20.2,0.1,0.1,0.0,1.0,51,32.3,58.0,215,Drizzle: Light,3,3,
17521,2021-12-24 14:20:00,40.68556,-73.90719,0,0,Backing Unsafely,4489418,5.7,-1.1,1.0,0.0,0.7,5.0,73,12.4,21.6,73,Snow fall: Moderate,0,0,Snowy Conditions
17522,2022-07-01 15:14:00,40.67045,-73.98193,1,0,Failure to Yield Right-of-Way,4542580,33.7,20.2,0.1,0.1,0.0,1.0,51,32.3,58.0,215,Drizzle: Light,1,1,
17523,2022-07-01 20:21:00,40.74539,-73.90559,1,0,Driver Inattention/Distraction,4542616,33.7,20.2,0.1,0.1,0.0,1.0,51,32.3,58.0,215,Drizzle: Light,1,1,
17524,2022-06-30 06:15:00,40.69625,-73.99118,0,0,Unspecified,4543013,31.2,17.3,0.0,0.0,0.0,0.0,2,19.1,37.4,274,Partly cloudy,0,0,
17525,2022-06-28 11:30:00,40.888176,-73.831314,0,0,Passing Too Closely,4542893,27.5,19.1,0.0,0.0,0.0,0.0,3,14.4,28.4,334,Overcast,0,0,
17526,2022-06-30 00:00:00,40.64204,-74.0204,1,0,Unspecified,4542683,31.2,17.3,0.0,0.0,0.0,0.0,2,19.1,37.4,274,Partly cloudy,1,1,
17527,2022-07-01 19:28:00,40.632725,-73.90017,2,0,Traffic Control Disregarded,4542935,33.7,20.2,0.1,0.1,0.0,1.0,51,32.3,58.0,215,Drizzle: Light,2,2,
17528,2022-07-01 02:07:00,40.677395,-73.89897,0,0,Driver Inattention/Distraction,4542443,33.7,20.2,0.1,0.1,0.0,1.0,51,32.3,58.0,215,Drizzle: Light,0,0,
17529,2022-06-30 13:19:00,40.687782,-73.91907,1,0,Traffic Control Disregarded,4542404,31.2,17.3,0.0,0.0,0.0,0.0,2,19.1,37.4,274,Partly cloudy,1,1,
17530,2022-06-29 17:30:00,40.745113,-73.98067,1,0,Driver Inattention/Distraction,4542313,29.0,17.7,0.0,0.0,0.0,0.0,3,27.2,51.5,195,Overcast,1,1,
17531,2022-06-27 00:43:00,40.703247,-73.90844,1,0,Driver Inattention/Distraction,4542643,26.2,19.8,11.7,11.7,0.0,9.0,63,20.5,43.2,224,Rain: Moderate,1,1,
17532,2022-06-26 03:15:00,40.86357,-73.92602,0,0,Aggressive Driving/Road Rage,4542982,30.8,19.9,0.0,0.0,0.0,0.0,3,30.9,55.8,188,Overcast,0,0,
17533,2022-06-24 15:15:00,40.585117,-73.91429,1,0,Following Too Closely,4542727,26.7,14.6,1.0,1.0,0.0,6.0,51,19.2,37.4,204,Drizzle: Light,1,1,
17534,2022-07-01 10:40:00,40.87645,-73.848175,0,0,Failure to Yield Right-of-Way,4542912,33.7,20.2,0.1,0.1,0.0,1.0,51,32.3,58.0,215,Drizzle: Light,0,0,
17535,2022-06-30 12:35:00,40.66041,-73.87693,0,0,Unspecified,4542436,31.2,17.3,0.0,0.0,0.0,0.0,2,19.1,37.4,274,Partly cloudy,0,0,
17536,2022-06-27 00:00:00,40.739952,-73.854454,0,0,Passing or Lane Usage Improper,4542841,26.2,19.8,11.7,11.7,0.0,9.0,63,20.5,43.2,224,Rain: Moderate,0,0,
17537,2021-09-25 22:20:00,40.60455,-73.9691,0,0,Unspecified,4461360,22.8,14.0,0.0,0.0,0.0,0.0,3,7.9,15.8,322,Overcast,0,0,
17538,2021-11-22 18:10:00,40.65414,-73.88732,0,1,Failure to Yield Right-of-Way,4481718,11.3,2.4,1.3,1.3,0.0,5.0,51,22.9,42.8,286,Drizzle: Light,20,1,
17539,2021-11-10 12:10:00,40.67468,-74.016045,0,0,Unspecified,4486389,17.2,7.8,0.3,0.3,0.0,1.0,51,20.7,38.5,318,Drizzle: Light,0,0,
17540,2021-12-04 21:56:00,40.710888,-74.00907,1,0,Unspecified,4487160,8.3,-0.7,0.0,0.0,0.0,0.0,3,13.5,25.9,231,Overcast,1,1,
17541,2021-12-12 12:00:00,40.667313,-73.73926,1,0,Driver Inattention/Distraction,4485660,13.0,3.4,0.5,0.5,0.0,1.0,53,32.4,62.6,284,Drizzle: Moderate,1,1,
17542,2021-12-03 18:20:00,40.836758,-73.81813,0,0,Other Vehicular,4487161,9.3,0.9,0.0,0.0,0.0,0.0,3,27.6,53.3,301,Overcast,0,0,
17543,2021-12-11 04:20:00,40.666225,-73.80086,0,0,Alcohol Involvement,4485487,17.3,5.0,8.1,8.1,0.0,5.0,63,35.0,67.0,206,Rain: Moderate,0,0,
17544,2021-12-14 12:28:00,40.75199,-73.931274,1,0,View Obstructed/Limited,4487170,10.4,3.1,0.0,0.0,0.0,0.0,3,18.5,31.3,322,Overcast,1,1,
17545,2022-06-30 10:00:00,40.6611,-73.748924,0,0,Failure to Yield Right-of-Way,4542186,31.2,17.3,0.0,0.0,0.0,0.0,2,19.1,37.4,274,Partly cloudy,0,0,
17546,2022-07-01 23:55:00,40.67584,-73.91655,0,0,Unspecified,4542791,33.7,20.2,0.1,0.1,0.0,1.0,51,32.3,58.0,215,Drizzle: Light,0,0,
17547,2022-06-30 17:16:00,40.755066,-73.84419,1,0,Failure to Yield Right-of-Way,4542958,31.2,17.3,0.0,0.0,0.0,0.0,2,19.1,37.4,274,Partly cloudy,1,1,
17548,2022-06-29 01:45:00,40.76253,-73.966995,0,0,Oversized Vehicle,4541718,29.0,17.7,0.0,0.0,0.0,0.0,3,27.2,51.5,195,Overcast,0,0,
17549,2022-06-29 00:45:00,40.694965,-73.80835,2,0,Driver Inattention/Distraction,4542267,29.0,17.7,0.0,0.0,0.0,0.0,3,27.2,51.5,195,Overcast,2,2,
17550,2022-06-27 15:50:00,40.734314,-73.93803,1,0,Driver Inattention/Distraction,4542507,26.2,19.8,11.7,11.7,0.0,9.0,63,20.5,43.2,224,Rain: Moderate,1,1,
17551,2022-06-29 06:20:00,40.66127,-73.896065,0,0,Unspecified,4541959,29.0,17.7,0.0,0.0,0.0,0.0,3,27.2,51.5,195,Overcast,0,0,
17552,2022-06-30 07:14:00,40.724224,-73.89542,1,0,Turning Improperly,4542475,31.2,17.3,0.0,0.0,0.0,0.0,2,19.1,37.4,274,Partly cloudy,1,1,
17553,2022-06-29 11:42:00,40.749405,-73.99658,0,0,Driver Inattention/Distraction,4542215,29.0,17.7,0.0,0.0,0.0,0.0,3,27.2,51.5,195,Overcast,0,0,
17554,2022-07-01 15:30:00,40.660114,-73.96391,0,0,Passing or Lane Usage Improper,4542745,33.7,20.2,0.1,0.1,0.0,1.0,51,32.3,58.0,215,Drizzle: Light,0,0,
17555,2022-06-29 01:15:00,40.60113,-74.09704,0,0,Passing or Lane Usage Improper,4542136,29.0,17.7,0.0,0.0,0.0,0.0,3,27.2,51.5,195,Overcast,0,0,
17556,2022-07-01 19:00:00,40.71664,-73.801605,0,0,Reaction to Uninvolved Vehicle,4542783,33.7,20.2,0.1,0.1,0.0,1.0,51,32.3,58.0,215,Drizzle: Light,0,0,
17557,2022-06-29 13:40:00,40.728954,-73.847565,1,0,Failure to Yield Right-of-Way,4543048,29.0,17.7,0.0,0.0,0.0,0.0,3,27.2,51.5,195,Overcast,1,1,
17558,2022-06-29 09:25:00,40.830112,-73.850266,2,0,Following Too Closely,4542539,29.0,17.7,0.0,0.0,0.0,0.0,3,27.2,51.5,195,Overcast,2,2,
17559,2022-07-01 17:45:00,40.611683,-73.94694,1,0,Driver Inattention/Distraction,4542623,33.7,20.2,0.1,0.1,0.0,1.0,51,32.3,58.0,215,Drizzle: Light,1,1,
17560,2022-06-29 15:45:00,40.68528,-73.87735,1,0,,4542061,29.0,17.7,0.0,0.0,0.0,0.0,3,27.2,51.5,195,Overcast,1,1,
17561,2022-06-30 20:38:00,40.69366,-73.85217,0,0,Passing Too Closely,4542447,31.2,17.3,0.0,0.0,0.0,0.0,2,19.1,37.4,274,Partly cloudy,0,0,
17562,2022-06-24 15:30:00,40.8239,-73.876526,0,0,Unspecified,4542590,26.7,14.6,1.0,1.0,0.0,6.0,51,19.2,37.4,204,Drizzle: Light,0,0,
17563,2022-06-30 21:00:00,40.852863,-73.90093,0,0,Passing Too Closely,4542375,31.2,17.3,0.0,0.0,0.0,0.0,2,19.1,37.4,274,Partly cloudy,0,0,
17564,2022-07-01 18:56:00,40.676834,-74.00146,0,0,Unspecified,4542611,33.7,20.2,0.1,0.1,0.0,1.0,51,32.3,58.0,215,Drizzle: Light,0,0,
17565,2022-06-30 18:51:00,40.763798,-73.808235,2,0,Failure to Yield Right-of-Way,4542314,31.2,17.3,0.0,0.0,0.0,0.0,2,19.1,37.4,274,Partly cloudy,2,2,
17566,2022-07-01 03:15:00,40.70233,-73.76613,1,0,Alcohol Involvement,4542458,33.7,20.2,0.1,0.1,0.0,1.0,51,32.3,58.0,215,Drizzle: Light,1,1,
17567,2022-06-30 00:58:00,40.86675,-73.888885,0,0,Failure to Yield Right-of-Way,4542001,31.2,17.3,0.0,0.0,0.0,0.0,2,19.1,37.4,274,Partly cloudy,0,0,
17568,2022-06-16 12:45:00,40.619396,-73.969574,0,0,Unspecified,4542689,23.1,17.8,9.2,9.2,0.0,5.0,63,28.4,50.4,172,Rain: Moderate,0,0,
17569,2022-07-01 15:00:00,40.632847,-73.928375,0,0,Unspecified,4543003,33.7,20.2,0.1,0.1,0.0,1.0,51,32.3,58.0,215,Drizzle: Light,0,0,
17570,2022-06-30 17:25:00,40.75657,-73.87585,0,0,Driver Inattention/Distraction,4542273,31.2,17.3,0.0,0.0,0.0,0.0,2,19.1,37.4,274,Partly cloudy,0,0,
17571,2022-06-25 04:20:00,40.768887,-73.90691,0,0,Unsafe Lane Changing,4542663,32.5,18.1,0.0,0.0,0.0,0.0,2,25.0,47.2,224,Partly cloudy,0,0,
17572,2022-07-01 08:41:00,40.838707,-73.90989,0,0,Outside Car Distraction,4542868,33.7,20.2,0.1,0.1,0.0,1.0,51,32.3,58.0,215,Drizzle: Light,0,0,
17573,2022-07-01 17:30:00,40.90146,-73.86267,0,0,Driver Inattention/Distraction,4542897,33.7,20.2,0.1,0.1,0.0,1.0,51,32.3,58.0,215,Drizzle: Light,0,0,
17574,2022-07-01 14:18:00,40.611603,-73.91971,0,0,Driver Inattention/Distraction,4542595,33.7,20.2,0.1,0.1,0.0,1.0,51,32.3,58.0,215,Drizzle: Light,0,0,
17575,2022-07-01 07:45:00,40.8203,-73.95967,0,0,Passing or Lane Usage Improper,4542831,33.7,20.2,0.1,0.1,0.0,1.0,51,32.3,58.0,215,Drizzle: Light,0,0,
17576,2022-06-28 13:30:00,40.76964,-73.91,1,0,Following Too Closely,4542652,27.5,19.1,0.0,0.0,0.0,0.0,3,14.4,28.4,334,Overcast,1,1,
17577,2022-06-10 17:55:00,40.66387,-73.94271,0,0,Failure to Yield Right-of-Way,4542826,26.1,15.1,0.0,0.0,0.0,0.0,3,21.9,38.5,289,Overcast,0,0,
17578,2022-06-30 08:00:00,40.676514,-74.01576,0,0,Unspecified,4542612,31.2,17.3,0.0,0.0,0.0,0.0,2,19.1,37.4,274,Partly cloudy,0,0,
17579,2022-06-03 14:00:00,40.602108,-73.96629,2,0,Driver Inattention/Distraction,4542739,25.3,18.0,0.5,0.5,0.0,4.0,51,14.2,32.0,84,Drizzle: Light,2,2,
17580,2022-06-28 18:50:00,40.666122,-73.93139,1,0,Pedestrian/Bicyclist/Other Pedestrian Error/Confusion,4542890,27.5,19.1,0.0,0.0,0.0,0.0,3,14.4,28.4,334,Overcast,1,1,
17581,2022-06-30 21:50:00,40.755253,-73.919815,0,0,Passing Too Closely,4542676,31.2,17.3,0.0,0.0,0.0,0.0,2,19.1,37.4,274,Partly cloudy,0,0,
17582,2022-06-30 15:30:00,40.89466,-73.86137,0,0,Driver Inattention/Distraction,4542299,31.2,17.3,0.0,0.0,0.0,0.0,2,19.1,37.4,274,Partly cloudy,0,0,
17583,2022-06-27 22:50:00,40.69783,-73.93677,0,0,Passing Too Closely,4542926,26.2,19.8,11.7,11.7,0.0,9.0,63,20.5,43.2,224,Rain: Moderate,0,0,
17584,2022-06-29 12:15:00,40.648556,-73.957565,0,0,Unspecified,4542041,29.0,17.7,0.0,0.0,0.0,0.0,3,27.2,51.5,195,Overcast,0,0,
17585,2022-07-01 17:54:00,40.631336,-74.1478,1,0,Unspecified,4542802,33.7,20.2,0.1,0.1,0.0,1.0,51,32.3,58.0,215,Drizzle: Light,1,1,
17586,2022-06-29 16:47:00,40.68126,-73.76483,1,0,Passing or Lane Usage Improper,4542512,29.0,17.7,0.0,0.0,0.0,0.0,3,27.2,51.5,195,Overcast,1,1,
17587,2022-06-29 10:00:00,40.691017,-73.954475,0,0,Driver Inattention/Distraction,4542838,29.0,17.7,0.0,0.0,0.0,0.0,3,27.2,51.5,195,Overcast,0,0,
17588,2022-06-26 23:35:00,40.89487,-73.85657,1,0,Passing or Lane Usage Improper,4542917,30.8,19.9,0.0,0.0,0.0,0.0,3,30.9,55.8,188,Overcast,1,1,
17589,2022-07-01 09:15:00,40.89911,-73.84675,0,0,Driver Inattention/Distraction,4542976,33.7,20.2,0.1,0.1,0.0,1.0,51,32.3,58.0,215,Drizzle: Light,0,0,
17590,2022-06-28 17:33:00,40.665726,-73.96425,1,0,Driver Inattention/Distraction,4542576,27.5,19.1,0.0,0.0,0.0,0.0,3,14.4,28.4,334,Overcast,1,1,
17591,2022-06-29 09:33:00,40.63447,-73.94012,1,0,Pedestrian/Bicyclist/Other Pedestrian Error/Confusion,4542225,29.0,17.7,0.0,0.0,0.0,0.0,3,27.2,51.5,195,Overcast,1,1,
17592,2022-06-30 20:10:00,40.6752,-73.950005,0,0,Passing or Lane Usage Improper,4542954,31.2,17.3,0.0,0.0,0.0,0.0,2,19.1,37.4,274,Partly cloudy,0,0,
17593,2022-06-29 06:00:00,40.689735,-73.89033,2,0,Unspecified,4541766,29.0,17.7,0.0,0.0,0.0,0.0,3,27.2,51.5,195,Overcast,2,2,
17594,2022-06-29 09:10:00,40.847683,-73.94221,0,0,Unspecified,4542116,29.0,17.7,0.0,0.0,0.0,0.0,3,27.2,51.5,195,Overcast,0,0,
17595,2022-07-01 16:30:00,40.776016,-73.78441,0,0,Fell Asleep,4542716,33.7,20.2,0.1,0.1,0.0,1.0,51,32.3,58.0,215,Drizzle: Light,0,0,
17596,2022-06-29 17:00:00,40.664173,-73.77031,0,0,Driver Inattention/Distraction,4541927,29.0,17.7,0.0,0.0,0.0,0.0,3,27.2,51.5,195,Overcast,0,0,
17597,2022-06-24 23:21:00,40.60567,-74.030945,0,0,Following Too Closely,4543044,26.7,14.6,1.0,1.0,0.0,6.0,51,19.2,37.4,204,Drizzle: Light,0,0,
17598,2022-06-25 10:00:00,40.642864,-74.01266,1,0,Driver Inattention/Distraction,4542490,32.5,18.1,0.0,0.0,0.0,0.0,2,25.0,47.2,224,Partly cloudy,1,1,
17599,2022-06-24 15:40:00,40.72214,-73.902275,1,0,Outside Car Distraction,4542627,26.7,14.6,1.0,1.0,0.0,6.0,51,19.2,37.4,204,Drizzle: Light,1,1,
17600,2022-06-25 08:20:00,40.701557,-73.790276,1,0,Failure to Yield Right-of-Way,4542777,32.5,18.1,0.0,0.0,0.0,0.0,2,25.0,47.2,224,Partly cloudy,1,1,
17601,2022-06-29 17:20:00,40.57902,-74.10661,1,0,Driver Inattention/Distraction,4542125,29.0,17.7,0.0,0.0,0.0,0.0,3,27.2,51.5,195,Overcast,1,1,
17602,2022-06-29 15:45:00,40.741447,-73.84603,1,0,Unspecified,4541995,29.0,17.7,0.0,0.0,0.0,0.0,3,27.2,51.5,195,Overcast,1,1,
17603,2022-06-29 07:15:00,40.854675,-73.84366,1,0,Turning Improperly,4542108,29.0,17.7,0.0,0.0,0.0,0.0,3,27.2,51.5,195,Overcast,1,1,
17604,2022-06-25 00:15:00,40.821877,-73.92071,1,0,Unspecified,4542462,32.5,18.1,0.0,0.0,0.0,0.0,2,25.0,47.2,224,Partly cloudy,1,1,
17605,2022-07-01 00:18:00,40.69382,-73.72694,0,0,Other Vehicular,4542350,33.7,20.2,0.1,0.1,0.0,1.0,51,32.3,58.0,215,Drizzle: Light,0,0,
17606,2022-06-30 06:19:00,40.644016,-73.95819,0,0,Passing or Lane Usage Improper,4542057,31.2,17.3,0.0,0.0,0.0,0.0,2,19.1,37.4,274,Partly cloudy,0,0,
17607,2022-07-01 16:25:00,40.8032,-73.934616,0,0,Backing Unsafely,4543059,33.7,20.2,0.1,0.1,0.0,1.0,51,32.3,58.0,215,Drizzle: Light,0,0,
17608,2022-06-29 02:10:00,40.749535,-73.70493,1,0,Unspecified,4541651,29.0,17.7,0.0,0.0,0.0,0.0,3,27.2,51.5,195,Overcast,1,1,
17609,2022-07-01 05:35:00,40.677437,-73.99648,2,0,Obstruction/Debris,4542385,33.7,20.2,0.1,0.1,0.0,1.0,51,32.3,58.0,215,Drizzle: Light,2,2,
17610,2022-06-22 17:00:00,40.66041,-73.93424,0,0,Other Vehicular,4542821,20.6,16.7,3.3,3.3,0.0,11.0,53,23.2,43.9,127,Drizzle: Moderate,0,0,
17611,2022-06-30 12:06:00,40.71507,-73.91327,0,0,Unspecified,4542479,31.2,17.3,0.0,0.0,0.0,0.0,2,19.1,37.4,274,Partly cloudy,0,0,
17612,2022-07-01 20:40:00,40.869633,-73.82653,0,0,Following Too Closely,4543086,33.7,20.2,0.1,0.1,0.0,1.0,51,32.3,58.0,215,Drizzle: Light,0,0,
17613,2022-06-30 15:28:00,40.580627,-73.96622,1,0,Failure to Yield Right-of-Way,4542290,31.2,17.3,0.0,0.0,0.0,0.0,2,19.1,37.4,274,Partly cloudy,1,1,
17614,2022-06-18 01:38:00,40.755398,-73.93182,4,0,Driver Inattention/Distraction,4542632,21.6,15.3,0.0,0.0,0.0,0.0,3,30.9,59.4,320,Overcast,4,4,
17615,2022-06-27 14:44:00,40.836655,-73.88215,0,0,Backing Unsafely,4542430,26.2,19.8,11.7,11.7,0.0,9.0,63,20.5,43.2,224,Rain: Moderate,0,0,
17616,2022-06-29 21:38:00,40.64957,-73.93887,0,0,Driver Inattention/Distraction,4542670,29.0,17.7,0.0,0.0,0.0,0.0,3,27.2,51.5,195,Overcast,0,0,
17617,2022-06-30 14:30:00,40.717033,-73.95644,0,0,Turning Improperly,4543026,31.2,17.3,0.0,0.0,0.0,0.0,2,19.1,37.4,274,Partly cloudy,0,0,
17618,2022-06-30 19:01:00,40.726448,-73.75632,1,0,Driver Inattention/Distraction,4542517,31.2,17.3,0.0,0.0,0.0,0.0,2,19.1,37.4,274,Partly cloudy,1,1,