,CRASH DATETIME,LATITUDE,LONGITUDE,NUMBER OF PERSONS INJURED,NUMBER OF PERSONS KILLED,CONTRIBUTING FACTOR VEHICLE 1,COLLISION_ID,temperature_2m_max,temperature_2m_min,precipitation_sum,rain_sum,snowfall_sum,precipitation_hours,weather_code,wind_speed_10m_max,wind_gusts_10m_max,wind_direction_10m_dominant,Weather Description,Severity_Score,Total_Affected_Persons,Weather_Category
17619,2022-06-30 07:30:00,40.64759,-74.01142,1,0,Other Vehicular,4542694,31.2,17.3,0.0,0.0,0.0,0.0,2,19.1,37.4,274,Partly cloudy,1,1,
17620,2022-06-28 15:00:00,40.70455,-73.91662,0,0,Unspecified,4542882,27.5,19.1,0.0,0.0,0.0,0.0,3,14.4,28.4,334,Overcast,0,0,
17621,2022-06-25 03:31:00,40.830345,-73.92328,0,0,Obstruction/Debris,4542656,32.5,18.1,0.0,0.0,0.0,0.0,2,25.0,47.2,224,Partly cloudy,0,0,
17622,2022-06-29 02:13:00,40.71594,-73.94462,2,0,Unsafe Speed,4543036,29.0,17.7,0.0,0.0,0.0,0.0,3,27.2,51.5,195,Overcast,2,2,
17623,2022-07-01 13:30:00,40.625576,-74.003975,1,0,Backing Unsafely,4543066,33.7,20.2,0.1,0.1,0.0,1.0,51,32.3,58.0,215,Drizzle: Light,1,1,
17624,2022-06-29 02:28:00,40.86157,-73.913185,0,0,Driverless/Runaway Vehicle,4542735,29.0,17.7,0.0,0.0,0.0,0.0,3,27.2,51.5,195,Overcast,0,0,
17625,2022-06-29 10:13:00,40.668648,-73.92835,1,0,Traffic Control Disregarded,4542948,29.0,17.7,0.0,0.0,0.0,0.0,3,27.2,51.5,195,Overcast,1,1,
17626,2022-06-27 13:40:00,40.709953,-73.8014,0,0,Driver Inexperience,4542417,26.2,19.8,11.7,11.7,0.0,9.0,63,20.5,43.2,224,Rain: Moderate,0,0,
17627,2022-06-30 17:29:00,40.587723,-73.93564,3,0,Failure to Yield Right-of-Way,4542531,31.2,17.3,0.0,0.0,0.0,0.0,2,19.1,37.4,274,Partly cloudy,3,3,
17628,2022-06-30 08:05:00,40.713234,-73.873604,0,0,Following Too Closely,4542997,31.2,17.3,0.0,0.0,0.0,0.0,2,19.1,37.4,274,Partly cloudy,0,0,
17629,2022-06-25 22:50:00,40.66451,-73.91723,0,0,Unspecified,4542794,32.5,18.1,0.0,0.0,0.0,0.0,2,25.0,47.2,224,Partly cloudy,0,0,
17630,2022-06-29 15:06:00,40.828453,-73.84929,0,0,Unspecified,4542544,29.0,17.7,0.0,0.0,0.0,0.0,3,27.2,51.5,195,Overcast,0,0,
17631,2022-06-25 18:00:00,40.70029,-73.889534,0,0,Passing Too Closely,4542637,32.5,18.1,0.0,0.0,0.0,0.0,2,25.0,47.2,224,Partly cloudy,0,0,
17632,2022-06-30 12:38:00,40.827507,-73.85634,0,0,Unsafe Speed,4542549,31.2,17.3,0.0,0.0,0.0,0.0,2,19.1,37.4,274,Partly cloudy,0,0,
17633,2022-06-23 19:00:00,40.758324,-73.90848,0,0,Unspecified,4543130,22.6,15.7,0.8,0.8,0.0,6.0,51,15.6,31.3,127,Drizzle: Light,0,0,
17634,2022-06-30 07:30:00,40.637142,-74.16616,0,0,Driver Inattention/Distraction,4542211,31.2,17.3,0.0,0.0,0.0,0.0,2,19.1,37.4,274,Partly cloudy,0,0,
17635,2022-06-29 15:53:00,40.68293,-73.964226,1,0,Driver Inattention/Distraction,4541892,29.0,17.7,0.0,0.0,0.0,0.0,3,27.2,51.5,195,Overcast,1,1,
17636,2022-06-30 09:40:00,40.719078,-73.94353,0,0,Unspecified,4542153,31.2,17.3,0.0,0.0,0.0,0.0,2,19.1,37.4,274,Partly cloudy,0,0,
17637,2022-06-25 15:10:00,40.746334,-73.89633,1,0,Driver Inattention/Distraction,4542383,32.5,18.1,0.0,0.0,0.0,0.0,2,25.0,47.2,224,Partly cloudy,1,1,
17638,2022-06-29 13:00:00,40.629047,-73.94369,0,0,Driver Inattention/Distraction,4541943,29.0,17.7,0.0,0.0,0.0,0.0,3,27.2,51.5,195,Overcast,0,0,
17639,2022-06-20 22:22:00,40.76178,-73.92226,0,0,Unspecified,4542398,26.5,12.9,0.0,0.0,0.0,0.0,3,18.4,31.7,308,Overcast,0,0,
17640,2022-06-30 19:08:00,40.868694,-73.90237,1,0,Driver Inattention/Distraction,4542720,31.2,17.3,0.0,0.0,0.0,0.0,2,19.1,37.4,274,Partly cloudy,1,1,
17641,2022-03-31 09:25:00,40.586437,-74.16322,0,0,Unspecified,4515125,19.0,3.5,12.0,12.0,0.0,4.0,65,37.8,67.3,194,Rain: Heavy,0,0,
17642,2021-08-27 01:54:00,40.65661,-73.93091,0,0,Unspecified,4451334,32.2,23.4,1.4,1.4,0.0,2.0,55,9.4,22.3,299,Drizzle: Dense,0,0,
17643,2021-09-19 03:40:00,40.585228,-73.94155,3,0,Unsafe Speed,4458849,23.6,16.8,0.0,0.0,0.0,0.0,2,17.6,35.6,0,Partly cloudy,3,3,
17644,2022-06-29 10:45:00,40.62764,-73.89022,1,0,Driver Inattention/Distraction,4542240,29.0,17.7,0.0,0.0,0.0,0.0,3,27.2,51.5,195,Overcast,1,1,
17645,2022-07-01 03:45:00,40.66733,-73.95353,1,0,Driver Inattention/Distraction,4542900,33.7,20.2,0.1,0.1,0.0,1.0,51,32.3,58.0,215,Drizzle: Light,1,1,
17646,2022-06-30 17:57:00,40.727665,-74.00318,1,0,Driver Inattention/Distraction,4542415,31.2,17.3,0.0,0.0,0.0,0.0,2,19.1,37.4,274,Partly cloudy,1,1,
17647,2022-06-29 06:30:00,40.770706,-73.86925,0,0,Following Too Closely,4541793,29.0,17.7,0.0,0.0,0.0,0.0,3,27.2,51.5,195,Overcast,0,0,
17648,2022-07-01 14:06:00,40.635853,-74.16619,3,0,Unspecified,4542563,33.7,20.2,0.1,0.1,0.0,1.0,51,32.3,58.0,215,Drizzle: Light,3,3,
17649,2022-06-30 09:00:00,40.6867,-73.84811,0,0,Turning Improperly,4542164,31.2,17.3,0.0,0.0,0.0,0.0,2,19.1,37.4,274,Partly cloudy,0,0,
17650,2022-07-01 15:47:00,40.738503,-73.973526,0,0,Passenger Distraction,4542969,33.7,20.2,0.1,0.1,0.0,1.0,51,32.3,58.0,215,Drizzle: Light,0,0,
17651,2022-06-30 22:21:00,40.7082,-73.7669,0,0,Driver Inattention/Distraction,4542772,31.2,17.3,0.0,0.0,0.0,0.0,2,19.1,37.4,274,Partly cloudy,0,0,
17652,2022-06-29 08:25:00,40.69832,-73.962265,0,0,Driver Inattention/Distraction,4542733,29.0,17.7,0.0,0.0,0.0,0.0,3,27.2,51.5,195,Overcast,0,0,
17653,2022-06-28 19:00:00,40.756874,-73.94436,1,0,Unspecified,4543119,27.5,19.1,0.0,0.0,0.0,0.0,3,14.4,28.4,334,Overcast,1,1,
17654,2022-06-29 08:35:00,40.704594,-73.90826,0,0,Failure to Yield Right-of-Way,4542706,29.0,17.7,0.0,0.0,0.0,0.0,3,27.2,51.5,195,Overcast,0,0,
17655,2022-06-30 07:47:00,40.810596,-73.88834,0,0,Aggressive Driving/Road Rage,4542233,31.2,17.3,0.0,0.0,0.0,0.0,2,19.1,37.4,274,Partly cloudy,0,0,
17656,2022-06-25 20:32:00,40.82325,-73.88277,0,0,Traffic Control Disregarded,4542542,32.5,18.1,0.0,0.0,0.0,0.0,2,25.0,47.2,224,Partly cloudy,0,0,
17657,2022-06-30 21:30:00,40.665718,-73.95687,1,0,Failure to Yield Right-of-Way,4542906,31.2,17.3,0.0,0.0,0.0,0.0,2,19.1,37.4,274,Partly cloudy,1,1,
17658,2022-06-29 17:00:00,40.70761,-73.78369,1,0,Driver Inattention/Distraction,4542270,29.0,17.7,0.0,0.0,0.0,0.0,3,27.2,51.5,195,Overcast,1,1,
17659,2022-06-30 16:47:00,40.758118,-73.78248,0,0,Unspecified,4542521,31.2,17.3,0.0,0.0,0.0,0.0,2,19.1,37.4,274,Partly cloudy,0,0,
17660,2022-07-01 11:35:00,40.738514,-73.97644,0,0,Passing Too Closely,4542968,33.7,20.2,0.1,0.1,0.0,1.0,51,32.3,58.0,215,Drizzle: Light,0,0,
17661,2022-06-29 05:45:00,40.775093,-73.846634,0,0,Unsafe Speed,4541823,29.0,17.7,0.0,0.0,0.0,0.0,3,27.2,51.5,195,Overcast,0,0,
17662,2022-06-29 15:10:00,40.773113,-73.82786,1,0,Following Too Closely,4541941,29.0,17.7,0.0,0.0,0.0,0.0,3,27.2,51.5,195,Overcast,1,1,
17663,2022-07-01 16:05:00,40.715076,-73.95189,1,0,Following Too Closely,4543035,33.7,20.2,0.1,0.1,0.0,1.0,51,32.3,58.0,215,Drizzle: Light,1,1,
17664,2022-06-26 21:16:00,40.70183,-73.91933,0,0,Driver Inexperience,4542405,30.8,19.9,0.0,0.0,0.0,0.0,3,30.9,55.8,188,Overcast,0,0,
17665,2022-06-30 08:52:00,40.618427,-73.956245,1,0,Unspecified,4542983,31.2,17.3,0.0,0.0,0.0,0.0,2,19.1,37.4,274,Partly cloudy,1,1,
17666,2022-06-30 09:00:00,40.635258,-74.00456,0,0,Unspecified,4543136,31.2,17.3,0.0,0.0,0.0,0.0,2,19.1,37.4,274,Partly cloudy,0,0,
17667,2022-06-16 09:00:00,40.60481,-74.023964,0,0,Driver Inattention/Distraction,4542726,23.1,17.8,9.2,9.2,0.0,5.0,63,28.4,50.4,172,Rain: Moderate,0,0,
17668,2022-06-30 20:00:00,40.839176,-73.94114,0,0,Oversized Vehicle,4542940,31.2,17.3,0.0,0.0,0.0,0.0,2,19.1,37.4,274,Partly cloudy,0,0,
17669,2021-09-25 15:43:00,40.736343,-74.007195,0,0,Unspecified,4460839,22.8,14.0,0.0,0.0,0.0,0.0,3,7.9,15.8,322,Overcast,0,0,
17670,2021-09-25 15:50:00,40.756287,-73.860725,1,0,Driver Inattention/Distraction,4460990,22.8,14.0,0.0,0.0,0.0,0.0,3,7.9,15.8,322,Overcast,1,1,
17671,2021-09-25 11:24:00,40.632565,-73.94664,2,0,Backing Unsafely,4460909,22.8,14.0,0.0,0.0,0.0,0.0,3,7.9,15.8,322,Overcast,2,2,
17672,2021-09-23 09:00:00,40.709667,-74.0101,0,0,Unspecified,4461780,26.2,18.0,15.6,15.6,0.0,14.0,63,40.7,77.4,156,Rain: Moderate,0,0,
17673,2021-09-25 18:00:00,40.750145,-73.88045,0,0,Driver Inattention/Distraction,4461747,22.8,14.0,0.0,0.0,0.0,0.0,3,7.9,15.8,322,Overcast,0,0,
17674,2021-09-25 14:35:00,40.845306,-73.83114,1,0,View Obstructed/Limited,4461450,22.8,14.0,0.0,0.0,0.0,0.0,3,7.9,15.8,322,Overcast,1,1,
17675,2021-09-25 22:22:00,40.67821,-73.97323,0,0,Driver Inattention/Distraction,4461363,22.8,14.0,0.0,0.0,0.0,0.0,3,7.9,15.8,322,Overcast,0,0,
17676,2021-09-25 00:05:00,40.632885,-73.94771,0,0,Backing Unsafely,4460657,22.8,14.0,0.0,0.0,0.0,0.0,3,7.9,15.8,322,Overcast,0,0,
17677,2021-09-21 14:00:00,40.709076,-74.01406,0,0,Unspecified,4461786,23.1,16.4,0.0,0.0,0.0,0.0,3,14.2,29.5,108,Overcast,0,0,
17678,2021-09-25 17:00:00,40.889313,-73.82127,0,0,Driver Inattention/Distraction,4461106,22.8,14.0,0.0,0.0,0.0,0.0,3,7.9,15.8,322,Overcast,0,0,
17679,2021-09-25 16:45:00,40.606422,-74.0147,0,0,Failure to Yield Right-of-Way,4460932,22.8,14.0,0.0,0.0,0.0,0.0,3,7.9,15.8,322,Overcast,0,0,
17680,2021-09-25 12:00:00,40.70447,-73.81418,0,0,Unspecified,4461323,22.8,14.0,0.0,0.0,0.0,0.0,3,7.9,15.8,322,Overcast,0,0,
17681,2021-09-22 13:30:00,40.624474,-74.00668,0,0,Unspecified,4461545,25.3,19.9,5.1,5.1,0.0,15.0,61,29.3,55.1,154,Rain: Light,0,0,
17682,2021-09-07 06:50:00,40.80777,-73.94549,1,0,Pedestrian/Bicyclist/Other Pedestrian Error/Confusion,4461658,25.9,15.2,0.0,0.0,0.0,0.0,1,12.5,25.6,259,Mainly clear,1,1,Sunny/Clear Conditions
17683,2021-09-25 03:40:00,40.751583,-73.74571,0,0,Following Too Closely,4460665,22.8,14.0,0.0,0.0,0.0,0.0,3,7.9,15.8,322,Overcast,0,0,
17684,2021-09-25 10:30:00,40.618523,-73.99081,0,0,Unspecified,4460937,22.8,14.0,0.0,0.0,0.0,0.0,3,7.9,15.8,322,Overcast,0,0,
17685,2021-04-24 11:34:00,40.685074,-73.83029,1,0,Driver Inattention/Distraction,4410232,19.7,6.0,0.0,0.0,0.0,0.0,3,26.7,49.3,232,Overcast,1,1,
17686,2021-05-16 16:50:00,40.67752,-73.91082,3,0,Failure to Yield Right-of-Way,4417992,22.3,10.7,0.1,0.1,0.0,1.0,51,23.8,46.1,261,Drizzle: Light,3,3,
17687,2021-05-16 09:50:00,40.677917,-73.93861,2,0,Other Vehicular,4417894,22.3,10.7,0.1,0.1,0.0,1.0,51,23.8,46.1,261,Drizzle: Light,2,2,
17688,2021-05-14 03:30:00,40.817585,-73.9235,0,0,Unspecified,4417971,21.6,7.5,0.0,0.0,0.0,0.0,2,14.3,25.2,276,Partly cloudy,0,0,
17689,2021-05-14 00:58:00,40.67619,-73.9081,0,0,Passenger Distraction,4417993,21.6,7.5,0.0,0.0,0.0,0.0,2,14.3,25.2,276,Partly cloudy,0,0,
17690,2021-09-25 23:26:00,40.604397,-74.069,3,0,Driver Inattention/Distraction,4461527,22.8,14.0,0.0,0.0,0.0,0.0,3,7.9,15.8,322,Overcast,3,3,
17691,2021-09-25 19:39:00,40.631207,-73.911545,0,0,Driver Inattention/Distraction,4461265,22.8,14.0,0.0,0.0,0.0,0.0,3,7.9,15.8,322,Overcast,0,0,
17692,2021-09-25 02:10:00,40.758533,-73.8859,0,0,Backing Unsafely,4460686,22.8,14.0,0.0,0.0,0.0,0.0,3,7.9,15.8,322,Overcast,0,0,
17693,2021-05-16 13:26:00,40.632633,-74.01254,0,0,Passing Too Closely,4417079,22.3,10.7,0.1,0.1,0.0,1.0,51,23.8,46.1,261,Drizzle: Light,0,0,
17694,2021-05-16 16:13:00,40.84492,-73.90552,0,0,Unspecified,4417242,22.3,10.7,0.1,0.1,0.0,1.0,51,23.8,46.1,261,Drizzle: Light,0,0,
17695,2021-05-16 13:55:00,40.758904,-73.9012,0,0,Following Too Closely,4417164,22.3,10.7,0.1,0.1,0.0,1.0,51,23.8,46.1,261,Drizzle: Light,0,0,
17696,2021-05-16 19:44:00,40.762165,-73.98002,0,0,Unspecified,4417697,22.3,10.7,0.1,0.1,0.0,1.0,51,23.8,46.1,261,Drizzle: Light,0,0,
17697,2021-05-16 21:31:00,40.859604,-73.90778,1,0,Driver Inattention/Distraction,4417652,22.3,10.7,0.1,0.1,0.0,1.0,51,23.8,46.1,261,Drizzle: Light,1,1,
17698,2021-05-16 01:25:00,40.6722,-73.734604,0,0,Unsafe Speed,4416709,22.3,10.7,0.1,0.1,0.0,1.0,51,23.8,46.1,261,Drizzle: Light,0,0,
17699,2021-05-16 22:45:00,40.748276,-73.93918,0,0,Driver Inattention/Distraction,4417131,22.3,10.7,0.1,0.1,0.0,1.0,51,23.8,46.1,261,Drizzle: Light,0,0,
17700,2021-09-25 10:40:00,40.78202,-73.97173,0,0,Turning Improperly,4460810,22.8,14.0,0.0,0.0,0.0,0.0,3,7.9,15.8,322,Overcast,0,0,
17701,2021-05-16 07:45:00,40.731518,-74.000595,0,0,,4417521,22.3,10.7,0.1,0.1,0.0,1.0,51,23.8,46.1,261,Drizzle: Light,0,0,
17702,2021-05-15 21:30:00,40.696323,-73.79109,1,0,Unspecified,4417771,22.4,8.7,0.0,0.0,0.0,0.0,3,12.5,23.8,229,Overcast,1,1,
17703,2021-05-16 12:50:00,40.668797,-73.93113,0,0,Driver Inattention/Distraction,4417831,22.3,10.7,0.1,0.1,0.0,1.0,51,23.8,46.1,261,Drizzle: Light,0,0,
17704,2021-05-16 00:21:00,40.61913,-73.99019,0,0,Driver Inattention/Distraction,4416718,22.3,10.7,0.1,0.1,0.0,1.0,51,23.8,46.1,261,Drizzle: Light,0,0,
17705,2021-05-16 18:05:00,40.849247,-73.82739,1,0,Unsafe Lane Changing,4417198,22.3,10.7,0.1,0.1,0.0,1.0,51,23.8,46.1,261,Drizzle: Light,1,1,
17706,2021-05-15 23:15:00,40.768436,-73.98906,0,0,Driver Inattention/Distraction,4417695,22.4,8.7,0.0,0.0,0.0,0.0,3,12.5,23.8,229,Overcast,0,0,
17707,2021-05-16 11:10:00,40.6398,-74.082954,0,0,Driver Inattention/Distraction,4417739,22.3,10.7,0.1,0.1,0.0,1.0,51,23.8,46.1,261,Drizzle: Light,0,0,
17708,2024-09-29 01:07:00,40.72545,-73.837776,0,0,Driver Inattention/Distraction,4759525,18.0,16.4,2.5,2.5,0.0,11.0,53,18.1,33.5,64,Drizzle: Moderate,0,0,
17709,2021-05-16 11:02:00,40.58632,-74.07043,2,0,Driver Inattention/Distraction,4417453,22.3,10.7,0.1,0.1,0.0,1.0,51,23.8,46.1,261,Drizzle: Light,2,2,
17710,2021-05-16 02:00:00,40.715706,-73.81023,0,0,Reaction to Uninvolved Vehicle,4416743,22.3,10.7,0.1,0.1,0.0,1.0,51,23.8,46.1,261,Drizzle: Light,0,0,
17711,2021-05-16 16:38:00,40.736553,-73.71194,0,0,Driver Inattention/Distraction,4417030,22.3,10.7,0.1,0.1,0.0,1.0,51,23.8,46.1,261,Drizzle: Light,0,0,
17712,2021-05-16 09:10:00,40.682037,-74.00232,0,0,Following Too Closely,4417251,22.3,10.7,0.1,0.1,0.0,1.0,51,23.8,46.1,261,Drizzle: Light,0,0,
17713,2021-05-16 13:40:00,40.83207,-73.84993,0,0,Unspecified,4417346,22.3,10.7,0.1,0.1,0.0,1.0,51,23.8,46.1,261,Drizzle: Light,0,0,
17714,2021-05-16 17:00:00,40.705795,-74.00987,0,0,Steering Failure,4417366,22.3,10.7,0.1,0.1,0.0,1.0,51,23.8,46.1,261,Drizzle: Light,0,0,
17715,2021-05-16 13:12:00,40.75539,-73.828285,0,0,Backing Unsafely,4416947,22.3,10.7,0.1,0.1,0.0,1.0,51,23.8,46.1,261,Drizzle: Light,0,0,
17716,2021-05-10 01:10:00,40.64974,-73.998314,0,0,Unspecified,4417797,14.9,8.3,3.3,3.3,0.0,7.0,55,18.8,58.3,339,Drizzle: Dense,0,0,
17717,2021-09-25 22:35:00,40.740074,-73.871475,1,0,Unspecified,4461000,22.8,14.0,0.0,0.0,0.0,0.0,3,7.9,15.8,322,Overcast,1,1,
17718,2021-05-16 13:50:00,40.74226,-73.868996,1,0,Driver Inattention/Distraction,4417271,22.3,10.7,0.1,0.1,0.0,1.0,51,23.8,46.1,261,Drizzle: Light,1,1,
17719,2021-09-25 02:10:00,40.727154,-74.005554,0,0,Failure to Yield Right-of-Way,4461765,22.8,14.0,0.0,0.0,0.0,0.0,3,7.9,15.8,322,Overcast,0,0,
17720,2021-04-26 18:30:00,40.83936,-73.87281,3,0,Unspecified,4417862,13.7,3.7,0.0,0.0,0.0,0.0,2,27.3,52.6,311,Partly cloudy,3,3,
17721,2021-05-16 07:45:00,40.63277,-73.89766,0,0,Other Vehicular,4416914,22.3,10.7,0.1,0.1,0.0,1.0,51,23.8,46.1,261,Drizzle: Light,0,0,
17722,2021-05-16 02:15:00,40.608795,-73.973175,1,0,Alcohol Involvement,4416871,22.3,10.7,0.1,0.1,0.0,1.0,51,23.8,46.1,261,Drizzle: Light,1,1,
17723,2021-05-15 22:17:00,40.61181,-73.969536,0,0,Unspecified,4417714,22.4,8.7,0.0,0.0,0.0,0.0,3,12.5,23.8,229,Overcast,0,0,
17724,2021-05-16 16:20:00,40.75194,-73.832306,0,0,Unsafe Lane Changing,4417022,22.3,10.7,0.1,0.1,0.0,1.0,51,23.8,46.1,261,Drizzle: Light,0,0,
17725,2021-05-16 01:45:00,40.658234,-73.95791,0,0,Driver Inattention/Distraction,4416758,22.3,10.7,0.1,0.1,0.0,1.0,51,23.8,46.1,261,Drizzle: Light,0,0,
17726,2021-05-16 12:30:00,40.67767,-73.74066,0,0,Unspecified,4417365,22.3,10.7,0.1,0.1,0.0,1.0,51,23.8,46.1,261,Drizzle: Light,0,0,
17727,2021-05-16 07:46:00,40.815113,-73.92978,1,0,Unspecified,4417184,22.3,10.7,0.1,0.1,0.0,1.0,51,23.8,46.1,261,Drizzle: Light,1,1,
17728,2021-09-25 09:15:00,40.65768,-73.887794,0,0,Driver Inattention/Distraction,4461063,22.8,14.0,0.0,0.0,0.0,0.0,3,7.9,15.8,322,Overcast,0,0,
17729,2021-05-16 22:00:00,40.68121,-73.773,0,0,Following Too Closely,4417419,22.3,10.7,0.1,0.1,0.0,1.0,51,23.8,46.1,261,Drizzle: Light,0,0,
17730,2021-05-16 23:33:00,40.879887,-73.85513,0,0,Driver Inattention/Distraction,4417279,22.3,10.7,0.1,0.1,0.0,1.0,51,23.8,46.1,261,Drizzle: Light,0,0,
17731,2021-05-16 00:50:00,40.760254,-73.83493,1,0,Following Too Closely,4417384,22.3,10.7,0.1,0.1,0.0,1.0,51,23.8,46.1,261,Drizzle: Light,1,1,
17732,2021-05-16 07:30:00,40.76127,-73.92044,0,0,Unspecified,4416831,22.3,10.7,0.1,0.1,0.0,1.0,51,23.8,46.1,261,Drizzle: Light,0,0,
17733,2021-05-16 12:10:00,40.594944,-73.79637,0,0,Driver Inattention/Distraction,4416982,22.3,10.7,0.1,0.1,0.0,1.0,51,23.8,46.1,261,Drizzle: Light,0,0,
17734,2021-05-16 02:00:00,40.69707,-73.84119,0,0,Passing or Lane Usage Improper,4417142,22.3,10.7,0.1,0.1,0.0,1.0,51,23.8,46.1,261,Drizzle: Light,0,0,
17735,2021-05-15 07:21:00,40.632095,-73.91861,2,0,Unspecified,4417792,22.4,8.7,0.0,0.0,0.0,0.0,3,12.5,23.8,229,Overcast,2,2,
17736,2021-04-26 01:45:00,40.67549,-73.93885,0,0,Traffic Control Disregarded,4417884,13.7,3.7,0.0,0.0,0.0,0.0,2,27.3,52.6,311,Partly cloudy,0,0,
17737,2021-05-16 09:00:00,40.71727,-73.96286,0,0,Driver Inattention/Distraction,4417270,22.3,10.7,0.1,0.1,0.0,1.0,51,23.8,46.1,261,Drizzle: Light,0,0,
17738,2021-05-16 15:05:00,40.783936,-73.95235,2,0,Driver Inattention/Distraction,4417609,22.3,10.7,0.1,0.1,0.0,1.0,51,23.8,46.1,261,Drizzle: Light,2,2,
17739,2021-05-13 09:35:00,40.615795,-73.93937,2,0,Unspecified,4417804,19.1,7.2,0.0,0.0,0.0,0.0,1,15.8,27.4,315,Mainly clear,2,2,Sunny/Clear Conditions
17740,2021-05-16 11:00:00,40.7346,-73.86481,0,0,Passing Too Closely,4417035,22.3,10.7,0.1,0.1,0.0,1.0,51,23.8,46.1,261,Drizzle: Light,0,0,
17741,2021-05-16 16:20:00,40.687176,-73.98545,0,0,Unsafe Lane Changing,4417101,22.3,10.7,0.1,0.1,0.0,1.0,51,23.8,46.1,261,Drizzle: Light,0,0,
17742,2021-05-11 15:48:00,40.85366,-73.86774,1,0,Unspecified,4417720,16.7,8.2,0.0,0.0,0.0,0.0,3,27.0,51.1,292,Overcast,1,1,
17743,2021-05-16 07:30:00,40.600735,-73.98218,0,0,Driver Inattention/Distraction,4416893,22.3,10.7,0.1,0.1,0.0,1.0,51,23.8,46.1,261,Drizzle: Light,0,0,
17744,2021-05-16 20:38:00,40.729168,-74.0012,0,0,Driver Inattention/Distraction,4417512,22.3,10.7,0.1,0.1,0.0,1.0,51,23.8,46.1,261,Drizzle: Light,0,0,
17745,2021-05-16 00:15:00,40.750885,-73.87144,0,0,Driver Inattention/Distraction,4417301,22.3,10.7,0.1,0.1,0.0,1.0,51,23.8,46.1,261,Drizzle: Light,0,0,
17746,2021-05-16 01:28:00,40.810207,-73.93951,1,0,Driver Inattention/Distraction,4417353,22.3,10.7,0.1,0.1,0.0,1.0,51,23.8,46.1,261,Drizzle: Light,1,1,
17747,2021-05-15 20:20:00,40.610256,-74.0973,2,0,Unspecified,4417869,22.4,8.7,0.0,0.0,0.0,0.0,3,12.5,23.8,229,Overcast,2,2,
17748,2021-05-16 22:25:00,40.69782,-73.927826,1,0,Driver Inexperience,4417493,22.3,10.7,0.1,0.1,0.0,1.0,51,23.8,46.1,261,Drizzle: Light,1,1,
17749,2021-05-14 23:54:00,40.756687,-73.94455,0,0,Unspecified,4417704,21.6,7.5,0.0,0.0,0.0,0.0,2,14.3,25.2,276,Partly cloudy,0,0,
17750,2021-05-16 17:53:00,40.847027,-73.89807,1,0,Reaction to Uninvolved Vehicle,4417171,22.3,10.7,0.1,0.1,0.0,1.0,51,23.8,46.1,261,Drizzle: Light,1,1,
17751,2021-05-16 21:00:00,40.59512,-73.751595,0,0,Other Vehicular,4417664,22.3,10.7,0.1,0.1,0.0,1.0,51,23.8,46.1,261,Drizzle: Light,0,0,
17752,2021-05-16 02:00:00,40.648643,-73.959694,0,0,,4417201,22.3,10.7,0.1,0.1,0.0,1.0,51,23.8,46.1,261,Drizzle: Light,0,0,
17753,2021-05-16 21:51:00,40.755955,-73.798935,1,0,Failure to Yield Right-of-Way,4417120,22.3,10.7,0.1,0.1,0.0,1.0,51,23.8,46.1,261,Drizzle: Light,1,1,
17754,2021-09-25 03:20:00,40.6775,-73.94701,1,0,Driver Inattention/Distraction,4461120,22.8,14.0,0.0,0.0,0.0,0.0,3,7.9,15.8,322,Overcast,1,1,
17755,2021-05-16 20:20:00,40.751713,-73.85535,1,0,Turning Improperly,4417260,22.3,10.7,0.1,0.1,0.0,1.0,51,23.8,46.1,261,Drizzle: Light,1,1,
17756,2021-05-13 15:20:00,40.583725,-73.89372,3,0,Driver Inattention/Distraction,4417788,19.1,7.2,0.0,0.0,0.0,0.0,1,15.8,27.4,315,Mainly clear,3,3,Sunny/Clear Conditions
17757,2021-05-16 18:40:00,40.745052,-73.71022,5,0,Alcohol Involvement,4417051,22.3,10.7,0.1,0.1,0.0,1.0,51,23.8,46.1,261,Drizzle: Light,5,5,
17758,2021-05-16 15:00:00,40.88258,-73.889984,0,0,Unspecified,4417550,22.3,10.7,0.1,0.1,0.0,1.0,51,23.8,46.1,261,Drizzle: Light,0,0,
17759,2021-05-12 20:30:00,40.639015,-74.08745,2,0,Turning Improperly,4417812,17.9,5.8,0.0,0.0,0.0,0.0,2,20.0,41.0,317,Partly cloudy,2,2,
17760,2021-05-16 15:00:00,40.666183,-73.86866,0,0,Driver Inexperience,4417234,22.3,10.7,0.1,0.1,0.0,1.0,51,23.8,46.1,261,Drizzle: Light,0,0,
17761,2021-05-16 05:45:00,40.70083,-73.82635,0,0,Passing or Lane Usage Improper,4417132,22.3,10.7,0.1,0.1,0.0,1.0,51,23.8,46.1,261,Drizzle: Light,0,0,
17762,2021-05-16 15:25:00,40.671165,-73.895676,1,0,Unspecified,4417235,22.3,10.7,0.1,0.1,0.0,1.0,51,23.8,46.1,261,Drizzle: Light,1,1,
17763,2021-05-16 18:45:00,40.827812,-73.925934,2,0,Turning Improperly,4417191,22.3,10.7,0.1,0.1,0.0,1.0,51,23.8,46.1,261,Drizzle: Light,2,2,
17764,2021-05-16 03:00:00,40.674923,-73.73694,0,0,Outside Car Distraction,4416710,22.3,10.7,0.1,0.1,0.0,1.0,51,23.8,46.1,261,Drizzle: Light,0,0,
17765,2021-03-29 12:31:00,40.666275,-73.93415,0,0,Driver Inattention/Distraction,4417848,11.4,4.3,0.1,0.1,0.0,1.0,51,35.4,67.7,292,Drizzle: Light,0,0,