,CRASH DATETIME,LATITUDE,LONGITUDE,NUMBER OF PERSONS INJURED,NUMBER OF PERSONS KILLED,CONTRIBUTING FACTOR VEHICLE 1,COLLISION_ID,temperature_2m_max,temperature_2m_min,precipitation_sum,rain_sum,snowfall_sum,precipitation_hours,weather_code,wind_speed_10m_max,wind_gusts_10m_max,wind_direction_10m_dominant,Weather Description,Severity_Score,Total_Affected_Persons,Weather_Category
17766,2021-05-16 11:25:00,40.650486,-73.92425,0,0,Driver Inattention/Distraction,4417090,22.3,10.7,0.1,0.1,0.0,1.0,51,23.8,46.1,261,Drizzle: Light,0,0,
17767,2021-05-16 16:00:00,40.652706,-73.94873,1,0,Other Vehicular,4417480,22.3,10.7,0.1,0.1,0.0,1.0,51,23.8,46.1,261,Drizzle: Light,1,1,
17768,2021-05-16 13:20:00,40.661808,-73.93533,0,0,Unspecified,4417830,22.3,10.7,0.1,0.1,0.0,1.0,51,23.8,46.1,261,Drizzle: Light,0,0,
17769,2021-05-13 14:00:00,40.70983,-74.01468,0,0,Unspecified,4417811,19.1,7.2,0.0,0.0,0.0,0.0,1,15.8,27.4,315,Mainly clear,0,0,Sunny/Clear Conditions
17770,2021-05-16 17:28:00,0.0,0.0,3,0,Driver Inattention/Distraction,4417650,22.3,10.7,0.1,0.1,0.0,1.0,51,23.8,46.1,261,Drizzle: Light,3,3,
17771,2021-05-16 02:25:00,40.71172,-73.746284,1,0,Traffic Control Disregarded,4416728,22.3,10.7,0.1,0.1,0.0,1.0,51,23.8,46.1,261,Drizzle: Light,1,1,
17772,2021-05-16 17:18:00,40.785065,-73.97489,0,0,Passing Too Closely,4417048,22.3,10.7,0.1,0.1,0.0,1.0,51,23.8,46.1,261,Drizzle: Light,0,0,
17773,2021-05-16 12:25:00,40.703316,-74.007774,0,0,Unspecified,4417193,22.3,10.7,0.1,0.1,0.0,1.0,51,23.8,46.1,261,Drizzle: Light,0,0,
17774,2021-05-15 18:36:00,40.616734,-74.1028,0,0,Driver Inattention/Distraction,4417740,22.4,8.7,0.0,0.0,0.0,0.0,3,12.5,23.8,229,Overcast,0,0,
17775,2021-05-16 17:45:00,40.64856,-73.90535,1,0,Driver Inattention/Distraction,4417123,22.3,10.7,0.1,0.1,0.0,1.0,51,23.8,46.1,261,Drizzle: Light,1,1,
17776,2021-05-16 21:20:00,40.752052,-74.000984,0,0,Passing or Lane Usage Improper,4417528,22.3,10.7,0.1,0.1,0.0,1.0,51,23.8,46.1,261,Drizzle: Light,0,0,
17777,2021-05-16 15:56:00,40.76496,-73.90532,1,0,Failure to Yield Right-of-Way,4417165,22.3,10.7,0.1,0.1,0.0,1.0,51,23.8,46.1,261,Drizzle: Light,1,1,
17778,2021-05-16 19:35:00,40.671337,-73.9448,1,0,Unspecified,4417895,22.3,10.7,0.1,0.1,0.0,1.0,51,23.8,46.1,261,Drizzle: Light,1,1,
17779,2021-05-10 09:10:00,40.754684,-73.9797,0,0,Unspecified,4417823,14.9,8.3,3.3,3.3,0.0,7.0,55,18.8,58.3,339,Drizzle: Dense,0,0,
17780,2021-05-12 21:12:00,40.63275,-74.00348,0,0,Unspecified,4417717,17.9,5.8,0.0,0.0,0.0,0.0,2,20.0,41.0,317,Partly cloudy,0,0,
17781,2021-05-16 22:00:00,40.64242,-73.961754,0,0,Unspecified,4418001,22.3,10.7,0.1,0.1,0.0,1.0,51,23.8,46.1,261,Drizzle: Light,0,0,
17782,2021-05-16 10:00:00,0.0,0.0,0,0,Unspecified,4416892,22.3,10.7,0.1,0.1,0.0,1.0,51,23.8,46.1,261,Drizzle: Light,0,0,
17783,2021-05-16 01:55:00,40.66503,-73.81863,0,0,Passing or Lane Usage Improper,4416915,22.3,10.7,0.1,0.1,0.0,1.0,51,23.8,46.1,261,Drizzle: Light,0,0,
17784,2021-05-16 14:25:00,40.815685,-73.9583,0,0,Unspecified,4417288,22.3,10.7,0.1,0.1,0.0,1.0,51,23.8,46.1,261,Drizzle: Light,0,0,
17785,2021-05-02 16:30:00,40.74931,-73.98456,1,0,Unspecified,4417818,26.3,11.3,0.0,0.0,0.0,0.0,3,23.0,43.9,251,Overcast,1,1,
17786,2021-05-16 13:30:00,40.637096,-74.03742,0,0,Unspecified,4417080,22.3,10.7,0.1,0.1,0.0,1.0,51,23.8,46.1,261,Drizzle: Light,0,0,
17787,2021-05-16 11:00:00,40.647243,-73.96048,0,0,Driver Inattention/Distraction,4417414,22.3,10.7,0.1,0.1,0.0,1.0,51,23.8,46.1,261,Drizzle: Light,0,0,
17788,2021-05-16 19:00:00,40.84698,-73.91065,0,0,Driver Inattention/Distraction,4417767,22.3,10.7,0.1,0.1,0.0,1.0,51,23.8,46.1,261,Drizzle: Light,0,0,
17789,2021-05-16 02:10:00,40.7699,-73.91608,2,0,Driver Inexperience,4416833,22.3,10.7,0.1,0.1,0.0,1.0,51,23.8,46.1,261,Drizzle: Light,2,2,
17790,2021-05-16 00:15:00,40.67244,-73.89702,0,0,Unspecified,4417239,22.3,10.7,0.1,0.1,0.0,1.0,51,23.8,46.1,261,Drizzle: Light,0,0,
17791,2021-05-16 14:10:00,40.70904,-73.84146,1,0,Driver Inattention/Distraction,4417312,22.3,10.7,0.1,0.1,0.0,1.0,51,23.8,46.1,261,Drizzle: Light,1,1,
17792,2021-05-16 07:00:00,40.722927,-73.75346,0,0,Unspecified,4417135,22.3,10.7,0.1,0.1,0.0,1.0,51,23.8,46.1,261,Drizzle: Light,0,0,
17793,2021-05-16 18:30:00,40.863255,-73.89512,0,0,Unspecified,4417623,22.3,10.7,0.1,0.1,0.0,1.0,51,23.8,46.1,261,Drizzle: Light,0,0,
17794,2021-04-20 08:57:00,40.7607,-73.91762,1,0,Passing or Lane Usage Improper,4417703,21.4,6.5,0.0,0.0,0.0,0.0,3,26.0,56.2,223,Overcast,1,1,
17795,2021-05-16 11:00:00,40.679096,-73.79822,0,0,Passing Too Closely,4417420,22.3,10.7,0.1,0.1,0.0,1.0,51,23.8,46.1,261,Drizzle: Light,0,0,
17796,2021-05-16 16:45:00,40.769722,-73.83473,0,0,Backing Unsafely,4417065,22.3,10.7,0.1,0.1,0.0,1.0,51,23.8,46.1,261,Drizzle: Light,0,0,
17797,2021-05-16 22:21:00,40.8325,-73.9044,0,0,Driver Inattention/Distraction,4417150,22.3,10.7,0.1,0.1,0.0,1.0,51,23.8,46.1,261,Drizzle: Light,0,0,
17798,2021-05-14 17:25:00,40.671925,-73.939186,3,0,Obstruction/Debris,4417889,21.6,7.5,0.0,0.0,0.0,0.0,2,14.3,25.2,276,Partly cloudy,3,3,
17799,2021-09-25 23:13:00,40.659336,-73.92726,0,0,Driver Inattention/Distraction,4461154,22.8,14.0,0.0,0.0,0.0,0.0,3,7.9,15.8,322,Overcast,0,0,
17800,2021-05-15 09:10:00,40.583725,-73.89372,1,0,Unspecified,4417793,22.4,8.7,0.0,0.0,0.0,0.0,3,12.5,23.8,229,Overcast,1,1,
17801,2021-05-16 18:30:00,40.727757,-73.94186,0,0,Passing Too Closely,4417278,22.3,10.7,0.1,0.1,0.0,1.0,51,23.8,46.1,261,Drizzle: Light,0,0,
17802,2021-05-16 01:10:00,40.717022,-73.7745,0,0,Driver Inattention/Distraction,4416741,22.3,10.7,0.1,0.1,0.0,1.0,51,23.8,46.1,261,Drizzle: Light,0,0,
17803,2021-05-16 11:10:00,40.6398,-74.082954,0,0,Driver Inattention/Distraction,4417379,22.3,10.7,0.1,0.1,0.0,1.0,51,23.8,46.1,261,Drizzle: Light,0,0,
17804,2021-05-16 16:50:00,40.739506,-73.98476,1,0,Driver Inattention/Distraction,4417023,22.3,10.7,0.1,0.1,0.0,1.0,51,23.8,46.1,261,Drizzle: Light,1,1,
17805,2021-09-25 10:45:00,40.643326,-73.94759,0,0,Unspecified,4460787,22.8,14.0,0.0,0.0,0.0,0.0,3,7.9,15.8,322,Overcast,0,0,
17806,2021-05-16 01:34:00,40.812046,-73.910255,0,0,Backing Unsafely,4417183,22.3,10.7,0.1,0.1,0.0,1.0,51,23.8,46.1,261,Drizzle: Light,0,0,
17807,2021-05-11 14:40:00,40.677483,-73.93033,0,0,Driver Inexperience,4417887,16.7,8.2,0.0,0.0,0.0,0.0,3,27.0,51.1,292,Overcast,0,0,
17808,2021-05-16 06:00:00,40.638832,-73.97654,0,0,Fatigued/Drowsy,4417713,22.3,10.7,0.1,0.1,0.0,1.0,51,23.8,46.1,261,Drizzle: Light,0,0,
17809,2021-05-16 04:00:00,40.6864,-73.87541,0,0,Aggressive Driving/Road Rage,4417214,22.3,10.7,0.1,0.1,0.0,1.0,51,23.8,46.1,261,Drizzle: Light,0,0,
17810,2021-05-16 13:16:00,40.63007,-74.01446,0,0,Passing Too Closely,4417566,22.3,10.7,0.1,0.1,0.0,1.0,51,23.8,46.1,261,Drizzle: Light,0,0,
17811,2021-05-15 19:20:00,40.74409,-73.97636,1,0,Driver Inattention/Distraction,4417954,22.4,8.7,0.0,0.0,0.0,0.0,3,12.5,23.8,229,Overcast,1,1,
17812,2021-05-16 10:04:00,40.883987,-73.89638,0,0,Unspecified,4417100,22.3,10.7,0.1,0.1,0.0,1.0,51,23.8,46.1,261,Drizzle: Light,0,0,
17813,2021-05-16 09:05:00,40.84,-73.851364,0,0,Unspecified,4417415,22.3,10.7,0.1,0.1,0.0,1.0,51,23.8,46.1,261,Drizzle: Light,0,0,
17814,2021-05-16 20:20:00,40.69666,-73.93109,1,0,Driver Inattention/Distraction,4417495,22.3,10.7,0.1,0.1,0.0,1.0,51,23.8,46.1,261,Drizzle: Light,1,1,
17815,2021-05-16 06:00:00,40.82886,-73.86185,0,0,Unspecified,4417345,22.3,10.7,0.1,0.1,0.0,1.0,51,23.8,46.1,261,Drizzle: Light,0,0,
17816,2021-05-16 04:00:00,40.64425,-73.96114,0,0,Driver Inattention/Distraction,4416756,22.3,10.7,0.1,0.1,0.0,1.0,51,23.8,46.1,261,Drizzle: Light,0,0,
17817,2021-05-16 10:00:00,40.67677,-73.88949,0,0,Unspecified,4417231,22.3,10.7,0.1,0.1,0.0,1.0,51,23.8,46.1,261,Drizzle: Light,0,0,
17818,2021-05-16 11:45:00,40.788303,-73.81699,0,0,Failure to Yield Right-of-Way,4416945,22.3,10.7,0.1,0.1,0.0,1.0,51,23.8,46.1,261,Drizzle: Light,0,0,
17819,2021-05-16 13:00:00,40.675404,-73.87192,0,0,Other Vehicular,4417236,22.3,10.7,0.1,0.1,0.0,1.0,51,23.8,46.1,261,Drizzle: Light,0,0,
17820,2021-05-16 14:00:00,40.636776,-73.94615,0,0,Unspecified,4417088,22.3,10.7,0.1,0.1,0.0,1.0,51,23.8,46.1,261,Drizzle: Light,0,0,
17821,2021-05-16 03:55:00,40.67099,-73.88802,0,0,Unspecified,4417230,22.3,10.7,0.1,0.1,0.0,1.0,51,23.8,46.1,261,Drizzle: Light,0,0,
17822,2021-03-13 01:00:00,40.76161,-73.97076,1,0,Unspecified,4417968,9.3,-1.6,0.0,0.0,0.0,0.0,0,30.8,56.5,304,Clear sky,1,1,Sunny/Clear Conditions
17823,2021-05-11 11:30:00,40.696117,-73.905014,1,0,Failure to Yield Right-of-Way,4417663,16.7,8.2,0.0,0.0,0.0,0.0,3,27.0,51.1,292,Overcast,1,1,
17824,2021-05-16 16:00:00,40.818222,-73.93884,0,0,Unspecified,4417170,22.3,10.7,0.1,0.1,0.0,1.0,51,23.8,46.1,261,Drizzle: Light,0,0,
17825,2021-05-15 12:45:00,40.767185,-73.98997,1,0,Passing or Lane Usage Improper,4417692,22.4,8.7,0.0,0.0,0.0,0.0,3,12.5,23.8,229,Overcast,1,1,
17826,2021-05-16 02:10:00,40.70191,-73.93699,0,0,Failure to Yield Right-of-Way,4416713,22.3,10.7,0.1,0.1,0.0,1.0,51,23.8,46.1,261,Drizzle: Light,0,0,
17827,2021-05-02 19:38:00,40.722073,-73.97592,3,0,Alcohol Involvement,4417736,26.3,11.3,0.0,0.0,0.0,0.0,3,23.0,43.9,251,Overcast,3,3,
17828,2021-05-16 15:40:00,40.70722,-73.78957,1,0,Failure to Yield Right-of-Way,4417476,22.3,10.7,0.1,0.1,0.0,1.0,51,23.8,46.1,261,Drizzle: Light,1,1,
17829,2021-04-28 08:15:00,40.642002,-73.898834,0,0,Brakes Defective,4417842,26.1,7.9,0.0,0.0,0.0,0.0,3,15.3,34.6,133,Overcast,0,0,
17830,2021-05-11 14:02:00,40.74724,-73.99143,1,0,Driver Inattention/Distraction,4417819,16.7,8.2,0.0,0.0,0.0,0.0,3,27.0,51.1,292,Overcast,1,1,
17831,2021-05-16 23:00:00,40.8541,-73.919106,0,0,Other Vehicular,4417320,22.3,10.7,0.1,0.1,0.0,1.0,51,23.8,46.1,261,Drizzle: Light,0,0,
17832,2021-05-16 11:40:00,40.753525,-73.994545,0,0,Driver Inattention/Distraction,4416902,22.3,10.7,0.1,0.1,0.0,1.0,51,23.8,46.1,261,Drizzle: Light,0,0,
17833,2021-05-16 03:10:00,40.678173,-73.85749,0,0,Unsafe Speed,4416909,22.3,10.7,0.1,0.1,0.0,1.0,51,23.8,46.1,261,Drizzle: Light,0,0,
17834,2021-05-16 19:18:00,40.846394,-73.89137,0,0,Driver Inattention/Distraction,4417262,22.3,10.7,0.1,0.1,0.0,1.0,51,23.8,46.1,261,Drizzle: Light,0,0,
17835,2021-05-16 12:10:00,40.627827,-73.89021,0,0,Following Too Closely,4417730,22.3,10.7,0.1,0.1,0.0,1.0,51,23.8,46.1,261,Drizzle: Light,0,0,
17836,2021-05-16 13:15:00,40.635494,-73.94603,0,0,Unspecified,4416967,22.3,10.7,0.1,0.1,0.0,1.0,51,23.8,46.1,261,Drizzle: Light,0,0,
17837,2021-05-16 20:48:00,40.59521,-73.99239,1,0,Failure to Yield Right-of-Way,4417291,22.3,10.7,0.1,0.1,0.0,1.0,51,23.8,46.1,261,Drizzle: Light,1,1,
17838,2021-04-23 19:25:00,40.622658,-73.93641,0,0,Passing or Lane Usage Improper,4417787,15.5,2.0,0.0,0.0,0.0,0.0,3,28.7,57.2,273,Overcast,0,0,
17839,2021-05-16 09:40:00,40.667027,-73.911026,1,0,Steering Failure,4417059,22.3,10.7,0.1,0.1,0.0,1.0,51,23.8,46.1,261,Drizzle: Light,1,1,
17840,2021-05-16 14:37:00,40.794968,-73.93294,0,0,Traffic Control Disregarded,4417357,22.3,10.7,0.1,0.1,0.0,1.0,51,23.8,46.1,261,Drizzle: Light,0,0,
17841,2021-05-10 11:45:00,40.75495,-73.99145,0,0,Unspecified,4417816,14.9,8.3,3.3,3.3,0.0,7.0,55,18.8,58.3,339,Drizzle: Dense,0,0,
17842,2021-05-16 14:18:00,40.714214,-73.94773,0,0,Following Too Closely,4417263,22.3,10.7,0.1,0.1,0.0,1.0,51,23.8,46.1,261,Drizzle: Light,0,0,
17843,2021-05-16 14:30:00,40.825912,-73.857124,0,0,Unspecified,4417350,22.3,10.7,0.1,0.1,0.0,1.0,51,23.8,46.1,261,Drizzle: Light,0,0,
17844,2021-05-16 21:00:00,40.66701,-73.9004,0,0,Unspecified,4417396,22.3,10.7,0.1,0.1,0.0,1.0,51,23.8,46.1,261,Drizzle: Light,0,0,
17845,2021-05-16 08:16:00,40.753998,-73.94244,1,0,Turning Improperly,4416834,22.3,10.7,0.1,0.1,0.0,1.0,51,23.8,46.1,261,Drizzle: Light,1,1,
17846,2021-05-16 10:25:00,40.792435,-73.934265,1,0,Reaction to Uninvolved Vehicle,4416962,22.3,10.7,0.1,0.1,0.0,1.0,51,23.8,46.1,261,Drizzle: Light,1,1,
17847,2021-05-14 00:47:00,40.621357,-73.92714,0,0,Driver Inattention/Distraction,4417795,21.6,7.5,0.0,0.0,0.0,0.0,2,14.3,25.2,276,Partly cloudy,0,0,
17848,2021-05-14 13:45:00,40.62016,-74.076965,1,0,Driver Inattention/Distraction,4417810,21.6,7.5,0.0,0.0,0.0,0.0,2,14.3,25.2,276,Partly cloudy,1,1,
17849,2021-05-16 06:28:00,40.708637,-73.91127,0,0,Driver Inattention/Distraction,4417039,22.3,10.7,0.1,0.1,0.0,1.0,51,23.8,46.1,261,Drizzle: Light,0,0,
17850,2021-05-16 06:45:00,40.84065,-73.91902,1,0,Driver Inattention/Distraction,4417195,22.3,10.7,0.1,0.1,0.0,1.0,51,23.8,46.1,261,Drizzle: Light,1,1,
17851,2021-05-16 03:32:00,40.65315,-73.94117,0,0,Unspecified,4417473,22.3,10.7,0.1,0.1,0.0,1.0,51,23.8,46.1,261,Drizzle: Light,0,0,
17852,2021-05-15 15:00:00,40.623188,-73.9689,0,0,Unspecified,4417716,22.4,8.7,0.0,0.0,0.0,0.0,3,12.5,23.8,229,Overcast,0,0,
17853,2021-05-16 05:00:00,40.877476,-73.83661,2,0,Unsafe Speed,4416873,22.3,10.7,0.1,0.1,0.0,1.0,51,23.8,46.1,261,Drizzle: Light,2,2,
17854,2021-12-14 20:25:00,40.71154,-73.83624,0,0,Unsafe Speed,4486532,10.4,3.1,0.0,0.0,0.0,0.0,3,18.5,31.3,322,Overcast,0,0,
17855,2021-05-16 00:45:00,40.624893,-73.96394,0,0,Driver Inattention/Distraction,4416754,22.3,10.7,0.1,0.1,0.0,1.0,51,23.8,46.1,261,Drizzle: Light,0,0,
17856,2021-05-16 12:30:00,40.717926,-73.98568,0,0,Unspecified,4417027,22.3,10.7,0.1,0.1,0.0,1.0,51,23.8,46.1,261,Drizzle: Light,0,0,
17857,2021-05-11 15:00:00,40.657677,-73.96235,0,0,Driver Inexperience,4417849,16.7,8.2,0.0,0.0,0.0,0.0,3,27.0,51.1,292,Overcast,0,0,
17858,2021-05-16 01:00:00,40.853336,-73.9196,0,0,Unspecified,4417254,22.3,10.7,0.1,0.1,0.0,1.0,51,23.8,46.1,261,Drizzle: Light,0,0,
17859,2021-05-16 16:20:00,40.692097,-73.988976,0,0,Unsafe Lane Changing,4416998,22.3,10.7,0.1,0.1,0.0,1.0,51,23.8,46.1,261,Drizzle: Light,0,0,
17860,2021-05-14 17:30:00,40.715763,-73.74654,0,0,Turning Improperly,4417897,21.6,7.5,0.0,0.0,0.0,0.0,2,14.3,25.2,276,Partly cloudy,0,0,
17861,2021-05-16 16:05:00,40.60822,-73.750496,0,0,Other Vehicular,4417662,22.3,10.7,0.1,0.1,0.0,1.0,51,23.8,46.1,261,Drizzle: Light,0,0,
17862,2021-05-16 14:00:00,40.799984,-73.94275,1,0,Unspecified,4417359,22.3,10.7,0.1,0.1,0.0,1.0,51,23.8,46.1,261,Drizzle: Light,1,1,
17863,2021-05-16 10:30:00,40.7381,-73.80364,1,0,Unspecified,4418011,22.3,10.7,0.1,0.1,0.0,1.0,51,23.8,46.1,261,Drizzle: Light,1,1,
17864,2021-05-16 15:10:00,40.755222,-73.96135,0,0,Driver Inattention/Distraction,4417126,22.3,10.7,0.1,0.1,0.0,1.0,51,23.8,46.1,261,Drizzle: Light,0,0,
17865,2021-05-16 21:02:00,40.820305,-73.89083,2,0,Reaction to Uninvolved Vehicle,4417287,22.3,10.7,0.1,0.1,0.0,1.0,51,23.8,46.1,261,Drizzle: Light,2,2,
17866,2021-05-16 22:50:00,40.74957,-73.817474,0,0,Passing Too Closely,4417372,22.3,10.7,0.1,0.1,0.0,1.0,51,23.8,46.1,261,Drizzle: Light,0,0,
17867,2021-05-16 10:00:00,40.82229,-73.85617,0,0,Unspecified,4417344,22.3,10.7,0.1,0.1,0.0,1.0,51,23.8,46.1,261,Drizzle: Light,0,0,
17868,2021-05-16 01:00:00,40.818558,-73.92732,0,0,Driver Inattention/Distraction,4417187,22.3,10.7,0.1,0.1,0.0,1.0,51,23.8,46.1,261,Drizzle: Light,0,0,
17869,2021-05-16 16:01:00,40.745293,-73.9985,0,0,Driver Inattention/Distraction,4417527,22.3,10.7,0.1,0.1,0.0,1.0,51,23.8,46.1,261,Drizzle: Light,0,0,
17870,2021-05-13 17:26:00,40.85582,-73.84006,0,0,Other Vehicular,4417756,19.1,7.2,0.0,0.0,0.0,0.0,1,15.8,27.4,315,Mainly clear,0,0,Sunny/Clear Conditions
17871,2021-05-16 12:46:00,40.84215,-73.94228,1,0,Failure to Yield Right-of-Way,4417117,22.3,10.7,0.1,0.1,0.0,1.0,51,23.8,46.1,261,Drizzle: Light,1,1,
17872,2021-05-16 21:25:00,40.66487,-73.95375,2,0,Driver Inexperience,4417093,22.3,10.7,0.1,0.1,0.0,1.0,51,23.8,46.1,261,Drizzle: Light,2,2,
17873,2021-05-16 04:05:00,40.66552,-73.74467,0,0,Steering Failure,4416731,22.3,10.7,0.1,0.1,0.0,1.0,51,23.8,46.1,261,Drizzle: Light,0,0,
17874,2021-05-15 18:35:00,40.756767,-73.98272,0,0,Turning Improperly,4417693,22.4,8.7,0.0,0.0,0.0,0.0,3,12.5,23.8,229,Overcast,0,0,
17875,2021-05-14 19:05:00,40.62459,-74.15895,1,0,Driver Inattention/Distraction,4417859,21.6,7.5,0.0,0.0,0.0,0.0,2,14.3,25.2,276,Partly cloudy,1,1,
17876,2021-05-16 11:20:00,40.66979,-73.731995,0,0,Unspecified,4416917,22.3,10.7,0.1,0.1,0.0,1.0,51,23.8,46.1,261,Drizzle: Light,0,0,
17877,2021-05-16 01:50:00,40.68083,-73.827194,1,0,Failure to Yield Right-of-Way,4417151,22.3,10.7,0.1,0.1,0.0,1.0,51,23.8,46.1,261,Drizzle: Light,1,1,
17878,2021-05-16 05:30:00,40.757908,-73.9893,0,0,Following Too Closely,4417824,22.3,10.7,0.1,0.1,0.0,1.0,51,23.8,46.1,261,Drizzle: Light,0,0,
17879,2021-05-14 20:26:00,40.720795,-73.94496,0,0,Alcohol Involvement,4417741,21.6,7.5,0.0,0.0,0.0,0.0,2,14.3,25.2,276,Partly cloudy,0,0,
17880,2021-05-16 21:00:00,40.650948,-73.94668,1,0,Driver Inattention/Distraction,4417484,22.3,10.7,0.1,0.1,0.0,1.0,51,23.8,46.1,261,Drizzle: Light,1,1,
17881,2021-05-14 17:32:00,40.78357,-73.94759,0,0,Following Too Closely,4417979,21.6,7.5,0.0,0.0,0.0,0.0,2,14.3,25.2,276,Partly cloudy,0,0,
17882,2021-05-16 16:52:00,40.76623,-73.915306,0,0,Pedestrian/Bicyclist/Other Pedestrian Error/Confusion,4417166,22.3,10.7,0.1,0.1,0.0,1.0,51,23.8,46.1,261,Drizzle: Light,0,0,
17883,2021-05-14 13:00:00,40.650406,-73.9254,1,0,Unspecified,4417880,21.6,7.5,0.0,0.0,0.0,0.0,2,14.3,25.2,276,Partly cloudy,1,1,
17884,2021-05-16 16:00:00,40.68892,-73.99915,0,0,Unspecified,4417244,22.3,10.7,0.1,0.1,0.0,1.0,51,23.8,46.1,261,Drizzle: Light,0,0,
17885,2021-05-16 07:00:00,40.845524,-73.85251,0,0,Driver Inattention/Distraction,4417502,22.3,10.7,0.1,0.1,0.0,1.0,51,23.8,46.1,261,Drizzle: Light,0,0,
17886,2021-05-16 16:20:00,40.66492,-73.73504,0,0,Unsafe Speed,4417134,22.3,10.7,0.1,0.1,0.0,1.0,51,23.8,46.1,261,Drizzle: Light,0,0,
17887,2021-05-16 00:30:00,40.642666,-74.02001,0,0,Driver Inattention/Distraction,4417069,22.3,10.7,0.1,0.1,0.0,1.0,51,23.8,46.1,261,Drizzle: Light,0,0,
17888,2021-05-07 07:35:00,40.755516,-73.98363,1,0,Driver Inattention/Distraction,4417701,16.4,7.7,0.0,0.0,0.0,0.0,3,15.8,32.4,73,Overcast,1,1,
17889,2021-05-16 00:17:00,40.845005,-73.90741,0,0,Other Vehicular,4417275,22.3,10.7,0.1,0.1,0.0,1.0,51,23.8,46.1,261,Drizzle: Light,0,0,
17890,2021-05-16 12:20:00,40.679653,-73.77724,0,0,Passing Too Closely,4417424,22.3,10.7,0.1,0.1,0.0,1.0,51,23.8,46.1,261,Drizzle: Light,0,0,
17891,2021-05-16 01:45:00,40.80213,-73.9073,0,0,Unspecified,4417176,22.3,10.7,0.1,0.1,0.0,1.0,51,23.8,46.1,261,Drizzle: Light,0,0,
17892,2021-05-14 07:39:00,40.669857,-73.95051,1,0,Driver Inattention/Distraction,4417890,21.6,7.5,0.0,0.0,0.0,0.0,2,14.3,25.2,276,Partly cloudy,1,1,
17893,2021-05-16 12:14:00,40.66006,-73.89707,0,0,Unspecified,4417232,22.3,10.7,0.1,0.1,0.0,1.0,51,23.8,46.1,261,Drizzle: Light,0,0,
17894,2021-05-16 17:22:00,40.62877,-73.91825,0,0,Reaction to Uninvolved Vehicle,4417784,22.3,10.7,0.1,0.1,0.0,1.0,51,23.8,46.1,261,Drizzle: Light,0,0,
17895,2021-05-16 19:00:00,40.72994,-73.74481,0,0,Unspecified,4417558,22.3,10.7,0.1,0.1,0.0,1.0,51,23.8,46.1,261,Drizzle: Light,0,0,
17896,2021-05-08 02:30:00,40.66235,-73.95082,1,0,Alcohol Involvement,4417829,11.6,7.7,4.3,4.3,0.0,9.0,61,17.5,36.4,140,Rain: Light,1,1,
17897,2021-05-16 16:12:00,40.71825,-73.996864,0,0,Driver Inexperience,4417237,22.3,10.7,0.1,0.1,0.0,1.0,51,23.8,46.1,261,Drizzle: Light,0,0,
17898,2021-09-25 11:45:00,40.661686,-73.92211,1,0,Driver Inattention/Distraction,4460753,22.8,14.0,0.0,0.0,0.0,0.0,3,7.9,15.8,322,Overcast,1,1,
17899,2021-09-06 19:29:00,40.75191,-73.89324,0,0,Unspecified,4461589,26.9,18.4,0.0,0.0,0.0,0.0,3,19.6,37.8,273,Overcast,0,0,
17900,2021-05-16 02:00:00,40.73345,-73.86421,0,0,Unsafe Speed,4416714,22.3,10.7,0.1,0.1,0.0,1.0,51,23.8,46.1,261,Drizzle: Light,0,0,
17901,2021-05-16 22:05:00,40.628242,-74.08336,0,0,Other Vehicular,4417737,22.3,10.7,0.1,0.1,0.0,1.0,51,23.8,46.1,261,Drizzle: Light,0,0,
17902,2021-05-16 14:59:00,40.869995,-73.86337,0,0,Driverless/Runaway Vehicle,4417671,22.3,10.7,0.1,0.1,0.0,1.0,51,23.8,46.1,261,Drizzle: Light,0,0,
17903,2021-05-16 20:13:00,40.751457,-73.978165,0,0,Passing Too Closely,4417107,22.3,10.7,0.1,0.1,0.0,1.0,51,23.8,46.1,261,Drizzle: Light,0,0,
17904,2021-05-16 00:15:00,40.81963,-73.87614,0,0,Illnes,4417336,22.3,10.7,0.1,0.1,0.0,1.0,51,23.8,46.1,261,Drizzle: Light,0,0,
17905,2021-05-16 05:55:00,40.745117,-73.92021,0,0,Unspecified,4416911,22.3,10.7,0.1,0.1,0.0,1.0,51,23.8,46.1,261,Drizzle: Light,0,0,
17906,2021-05-16 11:30:00,40.68453,-73.82129,0,0,Passing or Lane Usage Improper,4417293,22.3,10.7,0.1,0.1,0.0,1.0,51,23.8,46.1,261,Drizzle: Light,0,0,
17907,2021-05-15 02:00:00,40.781574,-73.9136,1,0,Unspecified,4417708,22.4,8.7,0.0,0.0,0.0,0.0,3,12.5,23.8,229,Overcast,1,1,
17908,2021-05-16 02:12:00,40.685795,-73.911644,0,0,Following Too Closely,4417486,22.3,10.7,0.1,0.1,0.0,1.0,51,23.8,46.1,261,Drizzle: Light,0,0,
17909,2021-05-16 12:25:00,40.884727,-73.84897,0,0,Unspecified,4417206,22.3,10.7,0.1,0.1,0.0,1.0,51,23.8,46.1,261,Drizzle: Light,0,0,
17910,2021-05-16 08:59:00,40.82378,-73.836426,0,0,Unspecified,4417416,22.3,10.7,0.1,0.1,0.0,1.0,51,23.8,46.1,261,Drizzle: Light,0,0,
17911,2021-05-16 17:00:00,40.72209,-73.957146,0,0,Unspecified,4417258,22.3,10.7,0.1,0.1,0.0,1.0,51,23.8,46.1,261,Drizzle: Light,0,0,