,CRASH DATETIME,LATITUDE,LONGITUDE,NUMBER OF PERSONS INJURED,NUMBER OF PERSONS KILLED,CONTRIBUTING FACTOR VEHICLE 1,COLLISION_ID,temperature_2m_max,temperature_2m_min,precipitation_sum,rain_sum,snowfall_sum,precipitation_hours,weather_code,wind_speed_10m_max,wind_gusts_10m_max,wind_direction_10m_dominant,Weather Description,Severity_Score,Total_Affected_Persons,Weather_Category
17912,2021-05-16 15:02:00,40.650562,-73.96006,0,0,Unspecified,4416996,22.3,10.7,0.1,0.1,0.0,1.0,51,23.8,46.1,261,Drizzle: Light,0,0,
17913,2021-05-16 00:18:00,40.842968,-73.90773,0,0,Passing Too Closely,4417054,22.3,10.7,0.1,0.1,0.0,1.0,51,23.8,46.1,261,Drizzle: Light,0,0,
17914,2021-05-09 19:30:00,40.75495,-73.990265,0,0,Unspecified,4417815,16.7,5.8,8.6,8.6,0.0,8.0,61,18.9,38.9,250,Rain: Light,0,0,
17915,2021-05-16 00:48:00,40.684322,-73.7296,0,0,Driver Inattention/Distraction,4416801,22.3,10.7,0.1,0.1,0.0,1.0,51,23.8,46.1,261,Drizzle: Light,0,0,
17916,2021-07-24 07:00:00,40.68676,-73.9358,0,0,Unspecified,4461683,26.8,18.2,0.0,0.0,0.0,0.0,3,16.3,31.7,152,Overcast,0,0,
17917,2021-05-16 20:20:00,40.68971,-73.826866,2,0,Unsafe Speed,4417148,22.3,10.7,0.1,0.1,0.0,1.0,51,23.8,46.1,261,Drizzle: Light,2,2,
17918,2021-05-09 21:33:00,40.677845,-73.95282,0,0,Other Vehicular,4417886,16.7,5.8,8.6,8.6,0.0,8.0,61,18.9,38.9,250,Rain: Light,0,0,
17919,2021-05-16 12:00:00,40.693954,-73.84933,0,0,Backing Unsafely,4417728,22.3,10.7,0.1,0.1,0.0,1.0,51,23.8,46.1,261,Drizzle: Light,0,0,
17920,2021-05-16 23:51:00,40.631104,-73.907936,0,0,Unsafe Speed,4417837,22.3,10.7,0.1,0.1,0.0,1.0,51,23.8,46.1,261,Drizzle: Light,0,0,
17921,2021-05-16 10:15:00,40.732937,-73.920395,1,0,Driver Inattention/Distraction,4417002,22.3,10.7,0.1,0.1,0.0,1.0,51,23.8,46.1,261,Drizzle: Light,1,1,
17922,2021-05-16 10:45:00,40.675446,-73.92152,0,0,Unspecified,4417070,22.3,10.7,0.1,0.1,0.0,1.0,51,23.8,46.1,261,Drizzle: Light,0,0,
17923,2021-05-16 17:41:00,40.685646,-73.80324,1,0,Unsafe Speed,4417429,22.3,10.7,0.1,0.1,0.0,1.0,51,23.8,46.1,261,Drizzle: Light,1,1,
17924,2021-09-25 13:15:00,40.65474,-73.95628,1,0,Unsafe Speed,4460779,22.8,14.0,0.0,0.0,0.0,0.0,3,7.9,15.8,322,Overcast,1,1,
17925,2021-05-16 10:00:00,40.687237,-73.7651,0,0,Passing or Lane Usage Improper,4417351,22.3,10.7,0.1,0.1,0.0,1.0,51,23.8,46.1,261,Drizzle: Light,0,0,
17926,2021-05-16 17:05:00,40.797962,-73.937065,0,0,Driver Inattention/Distraction,4417360,22.3,10.7,0.1,0.1,0.0,1.0,51,23.8,46.1,261,Drizzle: Light,0,0,
17927,2021-05-15 22:30:00,40.668495,-73.925606,0,0,Driver Inattention/Distraction,4417891,22.4,8.7,0.0,0.0,0.0,0.0,3,12.5,23.8,229,Overcast,0,0,
17928,2021-05-16 00:46:00,40.871956,-73.90445,0,0,Passing or Lane Usage Improper,4416775,22.3,10.7,0.1,0.1,0.0,1.0,51,23.8,46.1,261,Drizzle: Light,0,0,
17929,2021-05-16 00:20:00,40.65698,-73.88943,1,0,Unspecified,4417229,22.3,10.7,0.1,0.1,0.0,1.0,51,23.8,46.1,261,Drizzle: Light,1,1,
17930,2021-05-12 16:03:00,40.58037,-73.8352,1,0,Driver Inattention/Distraction,4417934,17.9,5.8,0.0,0.0,0.0,0.0,2,20.0,41.0,317,Partly cloudy,1,1,
17931,2021-05-16 12:02:00,40.67767,-73.74066,3,0,Traffic Control Disregarded,4416899,22.3,10.7,0.1,0.1,0.0,1.0,51,23.8,46.1,261,Drizzle: Light,3,3,
17932,2021-05-14 21:00:00,40.71421,-73.794205,0,0,Unspecified,4417915,21.6,7.5,0.0,0.0,0.0,0.0,2,14.3,25.2,276,Partly cloudy,0,0,
17933,2021-05-16 21:33:00,40.892754,-73.85774,1,0,Traffic Control Disregarded,4417274,22.3,10.7,0.1,0.1,0.0,1.0,51,23.8,46.1,261,Drizzle: Light,1,1,
17934,2021-05-16 02:45:00,40.646328,-73.91276,0,0,Traffic Control Disregarded,4416746,22.3,10.7,0.1,0.1,0.0,1.0,51,23.8,46.1,261,Drizzle: Light,0,0,
17935,2021-05-16 03:20:00,40.68308,-73.91928,0,0,Driver Inattention/Distraction,4417085,22.3,10.7,0.1,0.1,0.0,1.0,51,23.8,46.1,261,Drizzle: Light,0,0,
17936,2021-05-16 17:54:00,40.6707,-73.77366,1,0,Passing or Lane Usage Improper,4417349,22.3,10.7,0.1,0.1,0.0,1.0,51,23.8,46.1,261,Drizzle: Light,1,1,
17937,2021-05-15 20:20:00,40.747692,-73.89381,0,0,Unspecified,4417850,22.4,8.7,0.0,0.0,0.0,0.0,3,12.5,23.8,229,Overcast,0,0,
17938,2021-05-16 13:50:00,40.677547,-73.99138,0,0,Passing Too Closely,4417253,22.3,10.7,0.1,0.1,0.0,1.0,51,23.8,46.1,261,Drizzle: Light,0,0,
17939,2021-05-16 07:00:00,40.639996,-73.94261,0,0,Unspecified,4416961,22.3,10.7,0.1,0.1,0.0,1.0,51,23.8,46.1,261,Drizzle: Light,0,0,
17940,2021-05-16 23:00:00,40.76542,-73.98383,1,0,Passing Too Closely,4417698,22.3,10.7,0.1,0.1,0.0,1.0,51,23.8,46.1,261,Drizzle: Light,1,1,
17941,2021-05-16 22:00:00,40.74766,-73.86346,0,0,Driver Inexperience,4417634,22.3,10.7,0.1,0.1,0.0,1.0,51,23.8,46.1,261,Drizzle: Light,0,0,
17942,2021-05-16 12:21:00,40.585934,-73.9519,0,0,Driver Inattention/Distraction,4417153,22.3,10.7,0.1,0.1,0.0,1.0,51,23.8,46.1,261,Drizzle: Light,0,0,
17943,2021-05-16 19:55:00,40.731983,-73.91912,1,0,Driver Inattention/Distraction,4417128,22.3,10.7,0.1,0.1,0.0,1.0,51,23.8,46.1,261,Drizzle: Light,1,1,
17944,2021-05-16 12:45:00,40.599136,-74.09937,0,0,Driver Inattention/Distraction,4417454,22.3,10.7,0.1,0.1,0.0,1.0,51,23.8,46.1,261,Drizzle: Light,0,0,
17945,2021-05-16 16:00:00,40.726524,-73.99585,0,0,Unspecified,4417524,22.3,10.7,0.1,0.1,0.0,1.0,51,23.8,46.1,261,Drizzle: Light,0,0,
17946,2021-05-16 19:10:00,40.820435,-73.93624,0,0,Other Vehicular,4417169,22.3,10.7,0.1,0.1,0.0,1.0,51,23.8,46.1,261,Drizzle: Light,0,0,
17947,2021-05-15 23:15:00,40.588924,-74.167625,2,0,Driver Inexperience,4417860,22.4,8.7,0.0,0.0,0.0,0.0,3,12.5,23.8,229,Overcast,2,2,
17948,2021-05-16 10:38:00,40.49971,-74.23892,0,0,Unspecified,4416927,22.3,10.7,0.1,0.1,0.0,1.0,51,23.8,46.1,261,Drizzle: Light,0,0,
17949,2021-04-19 22:15:00,40.66928,-73.94013,0,0,Driver Inattention/Distraction,4417827,16.9,5.0,0.0,0.0,0.0,0.0,3,14.7,31.0,214,Overcast,0,0,
17950,2021-05-16 01:39:00,40.875965,-73.83581,0,0,Driver Inattention/Distraction,4416872,22.3,10.7,0.1,0.1,0.0,1.0,51,23.8,46.1,261,Drizzle: Light,0,0,
17951,2021-05-16 16:28:00,40.64134,-73.981445,0,0,Unspecified,4417715,22.3,10.7,0.1,0.1,0.0,1.0,51,23.8,46.1,261,Drizzle: Light,0,0,
17952,2021-05-16 17:25:00,40.816788,-73.88709,0,0,Unspecified,4417286,22.3,10.7,0.1,0.1,0.0,1.0,51,23.8,46.1,261,Drizzle: Light,0,0,
17953,2021-05-10 19:08:00,40.53691,-74.22503,0,0,Unspecified,4418021,14.9,8.3,3.3,3.3,0.0,7.0,55,18.8,58.3,339,Drizzle: Dense,0,0,
17954,2021-05-16 07:48:00,40.763958,-73.82814,2,0,Unsafe Speed,4417371,22.3,10.7,0.1,0.1,0.0,1.0,51,23.8,46.1,261,Drizzle: Light,2,2,
17955,2021-05-16 14:20:00,40.677845,-73.729744,0,0,Following Too Closely,4417029,22.3,10.7,0.1,0.1,0.0,1.0,51,23.8,46.1,261,Drizzle: Light,0,0,
17956,2021-05-16 09:50:00,40.819885,-73.91477,0,0,Unspecified,4417188,22.3,10.7,0.1,0.1,0.0,1.0,51,23.8,46.1,261,Drizzle: Light,0,0,
17957,2021-05-16 09:40:00,40.82383,-73.87624,0,0,Unspecified,4417342,22.3,10.7,0.1,0.1,0.0,1.0,51,23.8,46.1,261,Drizzle: Light,0,0,
17958,2021-05-16 04:00:00,40.68459,-73.989136,0,0,Passing Too Closely,4417243,22.3,10.7,0.1,0.1,0.0,1.0,51,23.8,46.1,261,Drizzle: Light,0,0,
17959,2021-05-16 04:06:00,40.882233,-73.8602,0,0,Driver Inattention/Distraction,4416869,22.3,10.7,0.1,0.1,0.0,1.0,51,23.8,46.1,261,Drizzle: Light,0,0,
17960,2021-05-16 03:10:00,40.666225,-73.80086,0,0,Unspecified,4416732,22.3,10.7,0.1,0.1,0.0,1.0,51,23.8,46.1,261,Drizzle: Light,0,0,
17961,2021-05-16 19:53:00,40.765392,-73.9182,1,0,Following Too Closely,4417092,22.3,10.7,0.1,0.1,0.0,1.0,51,23.8,46.1,261,Drizzle: Light,1,1,
17962,2021-05-13 22:30:00,40.653324,-73.93829,0,0,Passing or Lane Usage Improper,4417809,19.1,7.2,0.0,0.0,0.0,0.0,1,15.8,27.4,315,Mainly clear,0,0,Sunny/Clear Conditions
17963,2021-05-16 10:50:00,40.841995,-73.84692,0,0,Driver Inattention/Distraction,4417197,22.3,10.7,0.1,0.1,0.0,1.0,51,23.8,46.1,261,Drizzle: Light,0,0,
17964,2021-05-16 15:00:00,40.749264,-73.86847,1,0,Unspecified,4417036,22.3,10.7,0.1,0.1,0.0,1.0,51,23.8,46.1,261,Drizzle: Light,1,1,
17965,2021-05-16 14:30:00,40.597706,-73.784805,0,0,Passing or Lane Usage Improper,4417660,22.3,10.7,0.1,0.1,0.0,1.0,51,23.8,46.1,261,Drizzle: Light,0,0,
17966,2021-05-13 16:40:00,40.762234,-73.98987,0,0,Failure to Yield Right-of-Way,4417694,19.1,7.2,0.0,0.0,0.0,0.0,1,15.8,27.4,315,Mainly clear,0,0,Sunny/Clear Conditions
17967,2021-05-16 00:30:00,40.652626,-73.91066,1,0,Unspecified,4417482,22.3,10.7,0.1,0.1,0.0,1.0,51,23.8,46.1,261,Drizzle: Light,1,1,
17968,2021-05-16 11:50:00,40.613552,-74.10069,1,0,Passing or Lane Usage Improper,4417748,22.3,10.7,0.1,0.1,0.0,1.0,51,23.8,46.1,261,Drizzle: Light,1,1,
17969,2021-05-12 18:30:00,40.582382,-73.9837,0,0,Driver Inattention/Distraction,4417981,17.9,5.8,0.0,0.0,0.0,0.0,2,20.0,41.0,317,Partly cloudy,0,0,
17970,2021-05-16 21:20:00,40.687496,-73.93297,0,0,Unspecified,4417118,22.3,10.7,0.1,0.1,0.0,1.0,51,23.8,46.1,261,Drizzle: Light,0,0,
17971,2021-05-16 02:09:00,40.867702,-73.856514,0,0,Unspecified,4417504,22.3,10.7,0.1,0.1,0.0,1.0,51,23.8,46.1,261,Drizzle: Light,0,0,
17972,2021-05-16 21:00:00,40.74353,-73.85403,1,0,Backing Unsafely,4417266,22.3,10.7,0.1,0.1,0.0,1.0,51,23.8,46.1,261,Drizzle: Light,1,1,
17973,2021-05-05 20:35:00,40.7517,-73.986404,0,0,Unspecified,4417821,15.1,10.8,9.9,9.9,0.0,17.0,61,21.5,42.5,23,Rain: Light,0,0,
17974,2021-05-11 17:55:00,40.664726,-73.92413,0,0,Unspecified,4417853,16.7,8.2,0.0,0.0,0.0,0.0,3,27.0,51.1,292,Overcast,0,0,
17975,2021-05-16 11:35:00,40.742683,-73.89566,2,0,Driver Inattention/Distraction,4416912,22.3,10.7,0.1,0.1,0.0,1.0,51,23.8,46.1,261,Drizzle: Light,2,2,
17976,2021-09-25 10:20:00,40.631462,-74.0278,0,0,Passing Too Closely,4460757,22.8,14.0,0.0,0.0,0.0,0.0,3,7.9,15.8,322,Overcast,0,0,
17977,2021-05-16 16:50:00,40.803772,-73.945915,0,0,Driver Inattention/Distraction,4417259,22.3,10.7,0.1,0.1,0.0,1.0,51,23.8,46.1,261,Drizzle: Light,0,0,
17978,2021-05-16 11:21:00,40.72508,-73.82099,0,0,Driver Inattention/Distraction,4416895,22.3,10.7,0.1,0.1,0.0,1.0,51,23.8,46.1,261,Drizzle: Light,0,0,
17979,2021-05-16 01:11:00,40.807087,-73.94178,1,0,Brakes Defective,4417019,22.3,10.7,0.1,0.1,0.0,1.0,51,23.8,46.1,261,Drizzle: Light,1,1,
17980,2021-05-16 14:01:00,40.64385,-73.87576,1,0,Driver Inattention/Distraction,4417395,22.3,10.7,0.1,0.1,0.0,1.0,51,23.8,46.1,261,Drizzle: Light,1,1,
17981,2021-05-16 00:48:00,40.779747,-73.915825,1,0,Alcohol Involvement,4416830,22.3,10.7,0.1,0.1,0.0,1.0,51,23.8,46.1,261,Drizzle: Light,1,1,
17982,2021-05-15 23:10:00,40.863632,-73.87168,0,0,Unspecified,4417754,22.4,8.7,0.0,0.0,0.0,0.0,3,12.5,23.8,229,Overcast,0,0,
17983,2021-04-22 18:30:00,40.661053,-73.959114,0,0,Backing Unsafely,4417828,7.9,1.3,0.0,0.0,0.0,0.0,3,34.0,64.4,289,Overcast,0,0,
17984,2021-05-16 21:00:00,40.699436,-73.91229,0,0,Driver Inattention/Distraction,4417489,22.3,10.7,0.1,0.1,0.0,1.0,51,23.8,46.1,261,Drizzle: Light,0,0,
17985,2021-09-23 22:00:00,40.89538,-73.85227,0,0,Unspecified,4461506,26.2,18.0,15.6,15.6,0.0,14.0,63,40.7,77.4,156,Rain: Moderate,0,0,
17986,2021-05-16 02:15:00,40.81286,-73.909225,0,0,Unspecified,4417175,22.3,10.7,0.1,0.1,0.0,1.0,51,23.8,46.1,261,Drizzle: Light,0,0,
17987,2021-05-15 17:02:00,40.843777,-73.90947,0,0,Aggressive Driving/Road Rage,4417666,22.4,8.7,0.0,0.0,0.0,0.0,3,12.5,23.8,229,Overcast,0,0,
17988,2021-05-15 03:10:00,40.70777,-74.01297,1,0,Traffic Control Disregarded,4417689,22.4,8.7,0.0,0.0,0.0,0.0,3,12.5,23.8,229,Overcast,1,1,
17989,2021-05-16 00:10:00,40.7238,-73.8367,0,0,Passing or Lane Usage Improper,4416715,22.3,10.7,0.1,0.1,0.0,1.0,51,23.8,46.1,261,Drizzle: Light,0,0,
17990,2021-05-05 10:00:00,40.754944,-73.99218,0,0,Unspecified,4417814,15.1,10.8,9.9,9.9,0.0,17.0,61,21.5,42.5,23,Rain: Light,0,0,
17991,2021-05-16 21:29:00,40.664074,-73.86052,1,0,Passing or Lane Usage Improper,4417238,22.3,10.7,0.1,0.1,0.0,1.0,51,23.8,46.1,261,Drizzle: Light,1,1,
17992,2021-05-11 20:30:00,40.73993,-73.972626,0,0,Failure to Yield Right-of-Way,4417958,16.7,8.2,0.0,0.0,0.0,0.0,3,27.0,51.1,292,Overcast,0,0,
17993,2021-05-13 16:55:00,40.889072,-73.85979,0,0,Driver Inattention/Distraction,4417738,19.1,7.2,0.0,0.0,0.0,0.0,1,15.8,27.4,315,Mainly clear,0,0,Sunny/Clear Conditions
17994,2021-05-16 10:29:00,40.872143,-73.818695,1,0,Unspecified,4417417,22.3,10.7,0.1,0.1,0.0,1.0,51,23.8,46.1,261,Drizzle: Light,1,1,
17995,2021-05-16 05:35:00,40.863457,-73.90055,0,0,Unsafe Speed,4417145,22.3,10.7,0.1,0.1,0.0,1.0,51,23.8,46.1,261,Drizzle: Light,0,0,
17996,2021-05-14 23:08:00,40.61735,-73.92868,0,0,Driver Inattention/Distraction,4417791,21.6,7.5,0.0,0.0,0.0,0.0,2,14.3,25.2,276,Partly cloudy,0,0,
17997,2021-05-14 19:04:00,40.67405,-73.92896,0,0,Driver Inattention/Distraction,4417892,21.6,7.5,0.0,0.0,0.0,0.0,2,14.3,25.2,276,Partly cloudy,0,0,
17998,2021-05-16 13:05:00,40.67349,-73.89403,0,0,Driver Inattention/Distraction,4417233,22.3,10.7,0.1,0.1,0.0,1.0,51,23.8,46.1,261,Drizzle: Light,0,0,
17999,2021-05-16 02:10:00,40.652676,-73.94901,0,0,Alcohol Involvement,4416985,22.3,10.7,0.1,0.1,0.0,1.0,51,23.8,46.1,261,Drizzle: Light,0,0,
18000,2021-05-16 05:15:00,40.59052,-73.805336,2,0,Animals Action,4416766,22.3,10.7,0.1,0.1,0.0,1.0,51,23.8,46.1,261,Drizzle: Light,2,2,
18001,2021-05-16 23:56:00,40.666374,-73.92259,0,0,Backing Unsafely,4417294,22.3,10.7,0.1,0.1,0.0,1.0,51,23.8,46.1,261,Drizzle: Light,0,0,
18002,2021-05-16 16:10:00,40.603275,-73.99606,0,0,Unspecified,4417444,22.3,10.7,0.1,0.1,0.0,1.0,51,23.8,46.1,261,Drizzle: Light,0,0,
18003,2021-05-16 18:01:00,40.58884,-73.805244,1,0,Pedestrian/Bicyclist/Other Pedestrian Error/Confusion,4417074,22.3,10.7,0.1,0.1,0.0,1.0,51,23.8,46.1,261,Drizzle: Light,1,1,
18004,2021-05-16 16:18:00,40.838383,-73.91902,1,0,Backing Unsafely,4417052,22.3,10.7,0.1,0.1,0.0,1.0,51,23.8,46.1,261,Drizzle: Light,1,1,
18005,2021-05-16 15:30:00,40.68704,-73.780525,0,0,Driver Inattention/Distraction,4417352,22.3,10.7,0.1,0.1,0.0,1.0,51,23.8,46.1,261,Drizzle: Light,0,0,
18006,2021-05-14 07:00:00,40.699627,-73.80529,0,0,Passing or Lane Usage Improper,4417773,21.6,7.5,0.0,0.0,0.0,0.0,2,14.3,25.2,276,Partly cloudy,0,0,
18007,2021-05-16 12:15:00,40.802914,-73.92029,0,0,Unspecified,4417185,22.3,10.7,0.1,0.1,0.0,1.0,51,23.8,46.1,261,Drizzle: Light,0,0,
18008,2021-05-14 23:54:00,40.756687,-73.94455,0,0,Unspecified,4417705,21.6,7.5,0.0,0.0,0.0,0.0,2,14.3,25.2,276,Partly cloudy,0,0,
18009,2021-05-16 13:19:00,40.664227,-73.94547,0,0,Driver Inattention/Distraction,4417588,22.3,10.7,0.1,0.1,0.0,1.0,51,23.8,46.1,261,Drizzle: Light,0,0,
18010,2021-05-14 17:00:00,40.82457,-73.87825,0,0,Driver Inattention/Distraction,4417879,21.6,7.5,0.0,0.0,0.0,0.0,2,14.3,25.2,276,Partly cloudy,0,0,
18011,2021-05-13 23:11:00,40.73479,-73.86082,0,0,Unsafe Lane Changing,4417917,19.1,7.2,0.0,0.0,0.0,0.0,1,15.8,27.4,315,Mainly clear,0,0,Sunny/Clear Conditions
18012,2021-05-16 19:07:00,40.632885,-73.94771,0,0,Unspecified,4417204,22.3,10.7,0.1,0.1,0.0,1.0,51,23.8,46.1,261,Drizzle: Light,0,0,
18013,2021-05-16 18:35:00,40.718674,-73.986275,0,0,Backing Unsafely,4417119,22.3,10.7,0.1,0.1,0.0,1.0,51,23.8,46.1,261,Drizzle: Light,0,0,
18014,2021-05-11 13:00:00,40.65626,-73.950165,2,0,Other Vehicular,4417832,16.7,8.2,0.0,0.0,0.0,0.0,3,27.0,51.1,292,Overcast,2,2,
18015,2021-05-16 13:30:00,40.85553,-73.86052,0,0,Driver Inattention/Distraction,4417511,22.3,10.7,0.1,0.1,0.0,1.0,51,23.8,46.1,261,Drizzle: Light,0,0,
18016,2021-05-16 23:20:00,40.665493,-73.756615,1,0,Driver Inattention/Distraction,4417556,22.3,10.7,0.1,0.1,0.0,1.0,51,23.8,46.1,261,Drizzle: Light,1,1,
18017,2021-05-16 20:33:00,40.75218,-73.85201,4,0,Driver Inattention/Distraction,4417638,22.3,10.7,0.1,0.1,0.0,1.0,51,23.8,46.1,261,Drizzle: Light,4,4,
18018,2021-05-16 20:15:00,40.670254,-73.857124,0,0,Driver Inattention/Distraction,4417156,22.3,10.7,0.1,0.1,0.0,1.0,51,23.8,46.1,261,Drizzle: Light,0,0,
18019,2021-09-25 14:05:00,40.7342,-73.74434,1,0,Following Too Closely,4460800,22.8,14.0,0.0,0.0,0.0,0.0,3,7.9,15.8,322,Overcast,1,1,
18020,2021-09-25 02:37:00,40.819798,-73.85843,0,0,Unspecified,4460712,22.8,14.0,0.0,0.0,0.0,0.0,3,7.9,15.8,322,Overcast,0,0,
18021,2021-09-25 04:10:00,40.651905,-73.92749,1,0,Pedestrian/Bicyclist/Other Pedestrian Error/Confusion,4461153,22.8,14.0,0.0,0.0,0.0,0.0,3,7.9,15.8,322,Overcast,1,1,
18022,2021-09-25 08:45:00,40.69168,-73.999344,1,0,Driver Inattention/Distraction,4460926,22.8,14.0,0.0,0.0,0.0,0.0,3,7.9,15.8,322,Overcast,1,1,
18023,2021-09-25 12:10:00,40.8566,-73.82646,0,0,Unspecified,4460958,22.8,14.0,0.0,0.0,0.0,0.0,3,7.9,15.8,322,Overcast,0,0,
18024,2021-09-21 18:00:00,40.725006,-73.99935,0,0,Driver Inattention/Distraction,4461773,23.1,16.4,0.0,0.0,0.0,0.0,3,14.2,29.5,108,Overcast,0,0,
18025,2021-09-25 19:30:00,40.80607,-73.9404,0,0,Unspecified,4461232,22.8,14.0,0.0,0.0,0.0,0.0,3,7.9,15.8,322,Overcast,0,0,
18026,2021-09-25 12:41:00,40.886795,-73.86254,0,0,Driver Inexperience,4461073,22.8,14.0,0.0,0.0,0.0,0.0,3,7.9,15.8,322,Overcast,0,0,
18027,2021-09-25 21:57:00,40.715954,-73.986725,1,0,Driver Inattention/Distraction,4461183,22.8,14.0,0.0,0.0,0.0,0.0,3,7.9,15.8,322,Overcast,1,1,
18028,2021-09-25 08:00:00,40.68865,-73.84711,0,0,Traffic Control Disregarded,4460742,22.8,14.0,0.0,0.0,0.0,0.0,3,7.9,15.8,322,Overcast,0,0,
18029,2021-09-25 09:00:00,40.665257,-73.739555,0,0,Unspecified,4460793,22.8,14.0,0.0,0.0,0.0,0.0,3,7.9,15.8,322,Overcast,0,0,
18030,2021-09-25 00:27:00,40.72364,-73.84223,0,0,Other Vehicular,4460894,22.8,14.0,0.0,0.0,0.0,0.0,3,7.9,15.8,322,Overcast,0,0,
18031,2021-09-22 01:27:00,40.841274,-73.91762,0,0,Turning Improperly,4461568,25.3,19.9,5.1,5.1,0.0,15.0,61,29.3,55.1,154,Rain: Light,0,0,
18032,2021-09-25 00:28:00,40.827057,-73.95202,0,0,Turning Improperly,4461731,22.8,14.0,0.0,0.0,0.0,0.0,3,7.9,15.8,322,Overcast,0,0,
18033,2021-09-25 20:15:00,40.73708,-73.998344,0,0,Driver Inattention/Distraction,4461041,22.8,14.0,0.0,0.0,0.0,0.0,3,7.9,15.8,322,Overcast,0,0,
18034,2021-09-25 10:40:00,40.686234,-73.82418,0,0,Backing Unsafely,4461351,22.8,14.0,0.0,0.0,0.0,0.0,3,7.9,15.8,322,Overcast,0,0,
18035,2021-09-25 15:17:00,40.754807,-73.87482,0,0,Driver Inattention/Distraction,4461591,22.8,14.0,0.0,0.0,0.0,0.0,3,7.9,15.8,322,Overcast,0,0,
18036,2021-09-25 17:33:00,40.689003,-73.829346,1,0,Failure to Yield Right-of-Way,4460811,22.8,14.0,0.0,0.0,0.0,0.0,3,7.9,15.8,322,Overcast,1,1,
18037,2021-09-23 11:50:00,40.677563,-73.93309,0,0,Driver Inattention/Distraction,4461676,26.2,18.0,15.6,15.6,0.0,14.0,63,40.7,77.4,156,Rain: Moderate,0,0,
18038,2021-09-25 16:27:00,40.790813,-73.976456,1,0,Following Too Closely,4460851,22.8,14.0,0.0,0.0,0.0,0.0,3,7.9,15.8,322,Overcast,1,1,
18039,2021-09-24 18:33:00,40.857418,-73.89996,0,0,Alcohol Involvement,4461514,22.4,15.6,26.0,26.0,0.0,9.0,63,14.2,29.9,274,Rain: Moderate,0,0,
18040,2021-09-25 10:30:00,40.86851,-73.85091,0,0,Unsafe Speed,4460765,22.8,14.0,0.0,0.0,0.0,0.0,3,7.9,15.8,322,Overcast,0,0,
18041,2021-09-25 21:54:00,40.695934,-73.761604,3,0,Failure to Yield Right-of-Way,4461320,22.8,14.0,0.0,0.0,0.0,0.0,3,7.9,15.8,322,Overcast,3,3,
18042,2021-09-25 01:10:00,40.64511,-73.874886,0,0,Driver Inattention/Distraction,4461089,22.8,14.0,0.0,0.0,0.0,0.0,3,7.9,15.8,322,Overcast,0,0,
18043,2021-09-25 14:13:00,40.712856,-73.9049,0,0,Unsafe Lane Changing,4461143,22.8,14.0,0.0,0.0,0.0,0.0,3,7.9,15.8,322,Overcast,0,0,
18044,2021-09-23 02:41:00,40.824223,-73.95208,0,0,Unspecified,4461692,26.2,18.0,15.6,15.6,0.0,14.0,63,40.7,77.4,156,Rain: Moderate,0,0,
18045,2021-09-25 15:51:00,40.725433,-73.992134,0,0,Unsafe Lane Changing,4461301,22.8,14.0,0.0,0.0,0.0,0.0,3,7.9,15.8,322,Overcast,0,0,
18046,2021-09-25 10:40:00,40.55163,-74.14774,1,0,Driver Inattention/Distraction,4461487,22.8,14.0,0.0,0.0,0.0,0.0,3,7.9,15.8,322,Overcast,1,1,
18047,2021-09-25 05:00:00,40.707928,-73.93113,0,0,Driver Inattention/Distraction,4460916,22.8,14.0,0.0,0.0,0.0,0.0,3,7.9,15.8,322,Overcast,0,0,
18048,2021-09-25 23:15:00,40.606674,-73.99252,0,0,Unspecified,4460938,22.8,14.0,0.0,0.0,0.0,0.0,3,7.9,15.8,322,Overcast,0,0,
18049,2021-09-23 14:35:00,40.72173,-74.00432,0,0,Driver Inattention/Distraction,4461781,26.2,18.0,15.6,15.6,0.0,14.0,63,40.7,77.4,156,Rain: Moderate,0,0,
18050,2021-09-25 15:00:00,40.76038,-73.921974,1,0,Driver Inattention/Distraction,4460881,22.8,14.0,0.0,0.0,0.0,0.0,3,7.9,15.8,322,Overcast,1,1,
18051,2021-09-23 19:43:00,40.709557,-74.00644,0,0,Driver Inattention/Distraction,4461787,26.2,18.0,15.6,15.6,0.0,14.0,63,40.7,77.4,156,Rain: Moderate,0,0,
18052,2021-09-25 00:30:00,40.730198,-73.954254,0,0,Unspecified,4461022,22.8,14.0,0.0,0.0,0.0,0.0,3,7.9,15.8,322,Overcast,0,0,
18053,2021-09-25 06:00:00,40.821003,-73.92462,2,0,Pavement Defective,4461563,22.8,14.0,0.0,0.0,0.0,0.0,3,7.9,15.8,322,Overcast,2,2,
18054,2021-09-25 16:04:00,40.67973,-73.76162,0,0,Passing or Lane Usage Improper,4461330,22.8,14.0,0.0,0.0,0.0,0.0,3,7.9,15.8,322,Overcast,0,0,
18055,2021-09-24 14:40:00,40.806587,-73.91041,0,0,Driver Inexperience,4461606,22.4,15.6,26.0,26.0,0.0,9.0,63,14.2,29.9,274,Rain: Moderate,0,0,
18056,2021-09-25 16:00:00,40.633854,-74.13334,0,0,Unspecified,4460888,22.8,14.0,0.0,0.0,0.0,0.0,3,7.9,15.8,322,Overcast,0,0,
18057,2021-09-25 15:15:00,40.834415,-73.92854,1,0,Traffic Control Disregarded,4460975,22.8,14.0,0.0,0.0,0.0,0.0,3,7.9,15.8,322,Overcast,1,1,