,CRASH DATETIME,LATITUDE,LONGITUDE,NUMBER OF PERSONS INJURED,NUMBER OF PERSONS KILLED,CONTRIBUTING FACTOR VEHICLE 1,COLLISION_ID,temperature_2m_max,temperature_2m_min,precipitation_sum,rain_sum,snowfall_sum,precipitation_hours,weather_code,wind_speed_10m_max,wind_gusts_10m_max,wind_direction_10m_dominant,Weather Description,Severity_Score,Total_Affected_Persons,Weather_Category
18058,2021-09-25 14:40:00,40.60957,-74.00267,2,0,Driver Inattention/Distraction,4460933,22.8,14.0,0.0,0.0,0.0,0.0,3,7.9,15.8,322,Overcast,2,2,
18059,2021-09-24 11:15:00,40.842987,-73.900345,0,0,Driver Inattention/Distraction,4461520,22.4,15.6,26.0,26.0,0.0,9.0,63,14.2,29.9,274,Rain: Moderate,0,0,
18060,2021-09-23 21:50:00,40.681633,-73.9318,1,0,Traffic Control Disregarded,4461669,26.2,18.0,15.6,15.6,0.0,14.0,63,40.7,77.4,156,Rain: Moderate,1,1,
18061,2021-09-25 20:00:00,40.702595,-73.8553,0,0,Unspecified,4460844,22.8,14.0,0.0,0.0,0.0,0.0,3,7.9,15.8,322,Overcast,0,0,
18062,2021-09-25 18:45:00,40.707363,-73.90089,0,0,Driver Inattention/Distraction,4461283,22.8,14.0,0.0,0.0,0.0,0.0,3,7.9,15.8,322,Overcast,0,0,
18063,2021-09-23 15:22:00,40.88073,-73.9073,0,0,Following Too Closely,4461657,26.2,18.0,15.6,15.6,0.0,14.0,63,40.7,77.4,156,Rain: Moderate,0,0,
18064,2021-09-25 12:19:00,40.804585,-73.91213,1,0,Lost Consciousness,4461603,22.8,14.0,0.0,0.0,0.0,0.0,3,7.9,15.8,322,Overcast,1,1,
18065,2021-09-25 01:17:00,40.762184,-73.76416,0,0,Outside Car Distraction,4460667,22.8,14.0,0.0,0.0,0.0,0.0,3,7.9,15.8,322,Overcast,0,0,
18066,2021-09-25 00:30:00,40.81361,-73.913345,0,0,Unspecified,4461448,22.8,14.0,0.0,0.0,0.0,0.0,3,7.9,15.8,322,Overcast,0,0,
18067,2021-09-25 19:10:00,40.61913,-73.99019,1,0,Driver Inattention/Distraction,4460934,22.8,14.0,0.0,0.0,0.0,0.0,3,7.9,15.8,322,Overcast,1,1,
18068,2021-09-25 21:50:00,40.596207,-73.768745,0,0,Passing Too Closely,4461529,22.8,14.0,0.0,0.0,0.0,0.0,3,7.9,15.8,322,Overcast,0,0,
18069,2021-09-25 19:18:00,40.76943,-73.91025,0,0,Driver Inattention/Distraction,4460882,22.8,14.0,0.0,0.0,0.0,0.0,3,7.9,15.8,322,Overcast,0,0,
18070,2021-09-25 00:00:00,40.704834,-73.79645,1,0,Passenger Distraction,4461329,22.8,14.0,0.0,0.0,0.0,0.0,3,7.9,15.8,322,Overcast,1,1,
18071,2021-09-25 13:45:00,40.633957,-73.94853,0,0,Unspecified,4460910,22.8,14.0,0.0,0.0,0.0,0.0,3,7.9,15.8,322,Overcast,0,0,
18072,2021-09-25 18:50:00,40.794365,-73.9397,0,0,Failure to Yield Right-of-Way,4461753,22.8,14.0,0.0,0.0,0.0,0.0,3,7.9,15.8,322,Overcast,0,0,
18073,2021-09-25 12:52:00,40.8827,-73.892845,0,0,Passing Too Closely,4461650,22.8,14.0,0.0,0.0,0.0,0.0,3,7.9,15.8,322,Overcast,0,0,
18074,2021-09-24 09:30:00,40.77437,-73.963554,0,0,Failure to Yield Right-of-Way,4461512,22.4,15.6,26.0,26.0,0.0,9.0,63,14.2,29.9,274,Rain: Moderate,0,0,
18075,2021-09-23 19:26:00,40.702957,-74.01151,1,0,Failure to Yield Right-of-Way,4461782,26.2,18.0,15.6,15.6,0.0,14.0,63,40.7,77.4,156,Rain: Moderate,1,1,
18076,2021-09-25 10:04:00,40.746334,-73.89633,0,0,Failure to Yield Right-of-Way,4460763,22.8,14.0,0.0,0.0,0.0,0.0,3,7.9,15.8,322,Overcast,0,0,
18077,2021-09-25 11:57:00,40.749825,-73.972206,0,0,Passing Too Closely,4460780,22.8,14.0,0.0,0.0,0.0,0.0,3,7.9,15.8,322,Overcast,0,0,
18078,2021-09-25 16:27:00,40.674133,-73.871605,0,0,Backing Unsafely,4461081,22.8,14.0,0.0,0.0,0.0,0.0,3,7.9,15.8,322,Overcast,0,0,
18079,2021-09-25 17:00:00,40.65915,-73.92924,0,0,Unspecified,4461622,22.8,14.0,0.0,0.0,0.0,0.0,3,7.9,15.8,322,Overcast,0,0,
18080,2021-09-25 17:33:00,40.742443,-73.93023,0,0,Driver Inattention/Distraction,4460840,22.8,14.0,0.0,0.0,0.0,0.0,3,7.9,15.8,322,Overcast,0,0,
18081,2021-09-25 22:40:00,40.74017,-73.97615,1,0,Brakes Defective,4461191,22.8,14.0,0.0,0.0,0.0,0.0,3,7.9,15.8,322,Overcast,1,1,
18082,2021-09-18 13:04:00,40.779346,-73.95317,0,0,Passing Too Closely,4461542,27.1,19.2,0.2,0.2,0.0,2.0,51,14.6,25.9,349,Drizzle: Light,0,0,
18083,2021-09-25 12:50:00,40.7252,-73.93968,0,0,Driver Inexperience,4460746,22.8,14.0,0.0,0.0,0.0,0.0,3,7.9,15.8,322,Overcast,0,0,
18084,2021-09-25 01:25:00,40.752567,-73.87726,2,0,Driver Inattention/Distraction,4460987,22.8,14.0,0.0,0.0,0.0,0.0,3,7.9,15.8,322,Overcast,2,2,
18085,2021-09-25 09:40:00,40.677578,-73.88602,1,0,Unspecified,4461091,22.8,14.0,0.0,0.0,0.0,0.0,3,7.9,15.8,322,Overcast,1,1,
18086,2021-09-25 04:23:00,40.76417,-73.83967,4,0,Driver Inattention/Distraction,4460770,22.8,14.0,0.0,0.0,0.0,0.0,3,7.9,15.8,322,Overcast,4,4,
18087,2021-09-25 00:18:00,40.72364,-73.84223,0,0,Other Vehicular,4460893,22.8,14.0,0.0,0.0,0.0,0.0,3,7.9,15.8,322,Overcast,0,0,
18088,2021-09-25 16:40:00,40.67951,-73.81784,0,0,Traffic Control Disregarded,4461352,22.8,14.0,0.0,0.0,0.0,0.0,3,7.9,15.8,322,Overcast,0,0,
18089,2021-09-25 04:00:00,40.694557,-73.94325,0,0,Passing Too Closely,4461462,22.8,14.0,0.0,0.0,0.0,0.0,3,7.9,15.8,322,Overcast,0,0,
18090,2021-09-25 19:28:00,40.80275,-73.93358,0,0,Traffic Control Disregarded,4461233,22.8,14.0,0.0,0.0,0.0,0.0,3,7.9,15.8,322,Overcast,0,0,
18091,2021-09-25 18:22:00,40.666187,-73.79176,0,0,Following Too Closely,4460835,22.8,14.0,0.0,0.0,0.0,0.0,3,7.9,15.8,322,Overcast,0,0,
18092,2021-09-25 21:00:00,40.73864,-73.98752,1,0,Passing or Lane Usage Improper,4460902,22.8,14.0,0.0,0.0,0.0,0.0,3,7.9,15.8,322,Overcast,1,1,
18093,2021-09-24 14:10:00,40.844246,-73.824104,0,0,Unspecified,4461735,22.4,15.6,26.0,26.0,0.0,9.0,63,14.2,29.9,274,Rain: Moderate,0,0,
18094,2021-09-23 14:09:00,40.822697,-73.886444,0,0,Unspecified,4461717,26.2,18.0,15.6,15.6,0.0,14.0,63,40.7,77.4,156,Rain: Moderate,0,0,
18095,2021-09-24 13:10:00,40.637196,-74.00779,0,0,Driver Inattention/Distraction,4461579,22.4,15.6,26.0,26.0,0.0,9.0,63,14.2,29.9,274,Rain: Moderate,0,0,
18096,2021-09-25 22:30:00,40.70381,-73.81364,0,0,Passing Too Closely,4461340,22.8,14.0,0.0,0.0,0.0,0.0,3,7.9,15.8,322,Overcast,0,0,
18097,2021-09-24 14:15:00,40.677414,-73.93033,0,0,Other Vehicular,4461677,22.4,15.6,26.0,26.0,0.0,9.0,63,14.2,29.9,274,Rain: Moderate,0,0,
18098,2021-09-25 19:30:00,40.65978,-73.88292,2,0,Unspecified,4461071,22.8,14.0,0.0,0.0,0.0,0.0,3,7.9,15.8,322,Overcast,2,2,
18099,2021-09-25 00:00:00,40.753937,-73.8603,0,0,Driver Inattention/Distraction,4460685,22.8,14.0,0.0,0.0,0.0,0.0,3,7.9,15.8,322,Overcast,0,0,
18100,2021-09-25 01:50:00,40.695965,-73.96642,0,0,Unspecified,4461174,22.8,14.0,0.0,0.0,0.0,0.0,3,7.9,15.8,322,Overcast,0,0,
18101,2021-09-25 15:55:00,40.734497,-73.72287,1,0,Obstruction/Debris,4460801,22.8,14.0,0.0,0.0,0.0,0.0,3,7.9,15.8,322,Overcast,1,1,
18102,2021-09-25 10:55:00,40.87384,-73.86286,5,0,Driver Inattention/Distraction,4461104,22.8,14.0,0.0,0.0,0.0,0.0,3,7.9,15.8,322,Overcast,5,5,
18103,2021-09-25 23:50:00,40.747356,-73.88649,1,0,Passing or Lane Usage Improper,4460999,22.8,14.0,0.0,0.0,0.0,0.0,3,7.9,15.8,322,Overcast,1,1,
18104,2021-09-25 18:15:00,40.686085,-73.982666,0,0,Failure to Yield Right-of-Way,4460924,22.8,14.0,0.0,0.0,0.0,0.0,3,7.9,15.8,322,Overcast,0,0,
18105,2021-09-25 21:05:00,40.62165,-74.085495,0,0,Unspecified,4461503,22.8,14.0,0.0,0.0,0.0,0.0,3,7.9,15.8,322,Overcast,0,0,
18106,2021-09-25 23:47:00,40.658672,-73.90019,0,0,Driver Inattention/Distraction,4460953,22.8,14.0,0.0,0.0,0.0,0.0,3,7.9,15.8,322,Overcast,0,0,
18107,2021-09-25 00:50:00,40.68714,-73.80801,0,0,Driver Inattention/Distraction,4461341,22.8,14.0,0.0,0.0,0.0,0.0,3,7.9,15.8,322,Overcast,0,0,
18108,2021-09-23 21:10:00,40.72225,-74.00592,0,0,Passing or Lane Usage Improper,4461764,26.2,18.0,15.6,15.6,0.0,14.0,63,40.7,77.4,156,Rain: Moderate,0,0,
18109,2021-09-25 16:40:00,40.792015,-73.98051,1,0,Unsafe Lane Changing,4460850,22.8,14.0,0.0,0.0,0.0,0.0,3,7.9,15.8,322,Overcast,1,1,
18110,2021-09-25 23:30:00,40.681515,-73.90412,2,0,Failure to Yield Right-of-Way,4461201,22.8,14.0,0.0,0.0,0.0,0.0,3,7.9,15.8,322,Overcast,2,2,
18111,2021-09-25 11:00:00,40.72787,-73.72576,0,0,Aggressive Driving/Road Rage,4461307,22.8,14.0,0.0,0.0,0.0,0.0,3,7.9,15.8,322,Overcast,0,0,
18112,2021-09-25 13:50:00,40.735744,-73.976105,0,0,Other Vehicular,4460900,22.8,14.0,0.0,0.0,0.0,0.0,3,7.9,15.8,322,Overcast,0,0,
18113,2021-09-25 03:15:00,40.665916,-73.92547,0,0,Driver Inattention/Distraction,4461116,22.8,14.0,0.0,0.0,0.0,0.0,3,7.9,15.8,322,Overcast,0,0,
18114,2021-09-25 06:30:00,40.88271,-73.881256,0,0,Traffic Control Disregarded,4460709,22.8,14.0,0.0,0.0,0.0,0.0,3,7.9,15.8,322,Overcast,0,0,
18115,2021-09-25 14:00:00,40.709915,-73.96854,0,0,Following Too Closely,4460785,22.8,14.0,0.0,0.0,0.0,0.0,3,7.9,15.8,322,Overcast,0,0,
18116,2021-09-25 01:52:00,40.640915,-73.97365,0,0,Alcohol Involvement,4460977,22.8,14.0,0.0,0.0,0.0,0.0,3,7.9,15.8,322,Overcast,0,0,
18117,2021-09-25 09:00:00,40.661293,-73.90667,0,0,Unspecified,4460843,22.8,14.0,0.0,0.0,0.0,0.0,3,7.9,15.8,322,Overcast,0,0,
18118,2021-09-25 20:55:00,40.816597,-73.8181,0,0,Backing Unsafely,4460961,22.8,14.0,0.0,0.0,0.0,0.0,3,7.9,15.8,322,Overcast,0,0,
18119,2021-09-17 17:57:00,40.715237,-74.01339,1,0,Unspecified,4461772,23.6,20.1,1.0,1.0,0.0,7.0,51,20.3,38.9,59,Drizzle: Light,1,1,
18120,2021-09-25 05:31:00,40.68342,-73.97545,2,0,Driver Inattention/Distraction,4461370,22.8,14.0,0.0,0.0,0.0,0.0,3,7.9,15.8,322,Overcast,2,2,
18121,2021-09-25 17:18:00,40.715557,-73.92636,0,0,Driver Inattention/Distraction,4460915,22.8,14.0,0.0,0.0,0.0,0.0,3,7.9,15.8,322,Overcast,0,0,
18122,2021-09-25 15:50:00,40.818798,-73.89213,2,0,View Obstructed/Limited,4461417,22.8,14.0,0.0,0.0,0.0,0.0,3,7.9,15.8,322,Overcast,2,2,
18123,2021-09-25 03:50:00,40.710167,-73.73207,0,0,Driver Inattention/Distraction,4460661,22.8,14.0,0.0,0.0,0.0,0.0,3,7.9,15.8,322,Overcast,0,0,
18124,2021-06-28 17:59:00,40.84144,-73.89282,2,0,Other Vehicular,4461521,32.3,22.9,0.0,0.0,0.0,0.0,3,20.0,37.8,212,Overcast,2,2,
18125,2021-09-25 19:10:00,40.67339,-73.91678,0,0,Unspecified,4461272,22.8,14.0,0.0,0.0,0.0,0.0,3,7.9,15.8,322,Overcast,0,0,
18126,2021-09-25 17:01:00,40.88742,-73.89449,1,0,Unspecified,4461665,22.8,14.0,0.0,0.0,0.0,0.0,3,7.9,15.8,322,Overcast,1,1,
18127,2021-04-29 12:00:00,40.652412,-73.95423,0,0,Driver Inattention/Distraction,4461623,22.5,12.9,3.8,3.8,0.0,9.0,53,25.6,50.8,199,Drizzle: Moderate,0,0,
18128,2022-06-25 18:45:00,40.69832,-73.962265,0,0,Passing or Lane Usage Improper,4542728,32.5,18.1,0.0,0.0,0.0,0.0,2,25.0,47.2,224,Partly cloudy,0,0,
18129,2021-09-25 12:10:00,40.74884,-73.86296,0,0,Driver Inattention/Distraction,4460771,22.8,14.0,0.0,0.0,0.0,0.0,3,7.9,15.8,322,Overcast,0,0,
18130,2022-06-28 13:25:00,40.66255,-73.90893,1,0,Traffic Control Disregarded,4542410,27.5,19.1,0.0,0.0,0.0,0.0,3,14.4,28.4,334,Overcast,1,1,
18131,2021-09-15 14:18:00,40.821136,-73.86587,0,0,Turning Improperly,4461518,29.6,20.7,0.3,0.3,0.0,3.0,51,21.6,40.7,192,Drizzle: Light,0,0,
18132,2021-09-25 08:00:00,40.666363,-73.95223,0,0,Unspecified,4460791,22.8,14.0,0.0,0.0,0.0,0.0,3,7.9,15.8,322,Overcast,0,0,
18133,2021-09-25 14:28:00,40.659275,-73.889,0,0,Unsafe Speed,4461082,22.8,14.0,0.0,0.0,0.0,0.0,3,7.9,15.8,322,Overcast,0,0,
18134,2021-09-17 09:00:00,40.675884,-73.75577,0,0,Unsafe Speed,4461555,23.6,20.1,1.0,1.0,0.0,7.0,51,20.3,38.9,59,Drizzle: Light,0,0,
18135,2021-09-25 14:00:00,40.766968,-73.95617,0,0,Backing Unsafely,4460834,22.8,14.0,0.0,0.0,0.0,0.0,3,7.9,15.8,322,Overcast,0,0,
18136,2021-08-27 19:30:00,40.64851,-73.89572,1,0,Driver Inattention/Distraction,4461618,32.2,23.4,1.4,1.4,0.0,2.0,55,9.4,22.3,299,Drizzle: Dense,1,1,
18137,2021-09-25 00:00:00,40.776016,-73.78441,1,0,Unsafe Speed,4460732,22.8,14.0,0.0,0.0,0.0,0.0,3,7.9,15.8,322,Overcast,1,1,
18138,2021-09-25 23:30:00,40.59903,-73.79704,0,0,Unspecified,4461024,22.8,14.0,0.0,0.0,0.0,0.0,3,7.9,15.8,322,Overcast,0,0,
18139,2021-09-25 12:34:00,40.78717,-73.94999,0,0,Passing Too Closely,4461125,22.8,14.0,0.0,0.0,0.0,0.0,3,7.9,15.8,322,Overcast,0,0,
18140,2021-09-25 23:36:00,40.713264,-73.79638,0,0,Unspecified,4461187,22.8,14.0,0.0,0.0,0.0,0.0,3,7.9,15.8,322,Overcast,0,0,
18141,2021-09-25 08:55:00,40.79273,-73.9771,0,0,Following Too Closely,4460749,22.8,14.0,0.0,0.0,0.0,0.0,3,7.9,15.8,322,Overcast,0,0,
18142,2021-09-25 11:04:00,40.70512,-73.95268,1,0,Following Too Closely,4460790,22.8,14.0,0.0,0.0,0.0,0.0,3,7.9,15.8,322,Overcast,1,1,
18143,2021-09-25 20:41:00,40.8431,-73.84778,1,0,Unspecified,4461583,22.8,14.0,0.0,0.0,0.0,0.0,3,7.9,15.8,322,Overcast,1,1,
18144,2021-09-25 18:45:00,40.752285,-73.88004,1,0,Driver Inattention/Distraction,4461595,22.8,14.0,0.0,0.0,0.0,0.0,3,7.9,15.8,322,Overcast,1,1,
18145,2021-09-25 00:15:00,40.730442,-74.00464,0,0,Unspecified,4460813,22.8,14.0,0.0,0.0,0.0,0.0,3,7.9,15.8,322,Overcast,0,0,
18146,2021-09-25 00:00:00,40.62643,-73.996925,1,0,Pedestrian/Bicyclist/Other Pedestrian Error/Confusion,4460935,22.8,14.0,0.0,0.0,0.0,0.0,3,7.9,15.8,322,Overcast,1,1,
18147,2021-09-24 18:46:00,40.8398,-73.928665,0,0,Passenger Distraction,4461564,22.4,15.6,26.0,26.0,0.0,9.0,63,14.2,29.9,274,Rain: Moderate,0,0,
18148,2021-09-25 13:40:00,40.66384,-73.92166,1,0,Driver Inattention/Distraction,4461270,22.8,14.0,0.0,0.0,0.0,0.0,3,7.9,15.8,322,Overcast,1,1,
18149,2021-09-24 08:20:00,40.76685,-73.95376,1,0,Failure to Yield Right-of-Way,4461511,22.4,15.6,26.0,26.0,0.0,9.0,63,14.2,29.9,274,Rain: Moderate,1,1,
18150,2021-09-25 12:00:00,40.688553,-73.962845,1,0,Unspecified,4460761,22.8,14.0,0.0,0.0,0.0,0.0,3,7.9,15.8,322,Overcast,1,1,
18151,2021-09-25 14:25:00,40.61913,-73.92398,0,0,Unspecified,4460841,22.8,14.0,0.0,0.0,0.0,0.0,3,7.9,15.8,322,Overcast,0,0,
18152,2021-09-25 03:10:00,40.705994,-73.94298,0,0,Driver Inattention/Distraction,4460690,22.8,14.0,0.0,0.0,0.0,0.0,3,7.9,15.8,322,Overcast,0,0,
18153,2021-09-25 11:37:00,40.715775,-73.97939,1,0,Traffic Control Disregarded,4460803,22.8,14.0,0.0,0.0,0.0,0.0,3,7.9,15.8,322,Overcast,1,1,
18154,2021-09-20 10:00:00,40.678303,-73.92527,0,0,Driver Inattention/Distraction,4461671,23.1,14.9,0.0,0.0,0.0,0.0,3,17.0,34.2,116,Overcast,0,0,
18155,2021-09-25 18:00:00,40.71429,-73.94266,0,0,Driver Inattention/Distraction,4461009,22.8,14.0,0.0,0.0,0.0,0.0,3,7.9,15.8,322,Overcast,0,0,
18156,2021-09-25 01:35:00,40.70914,-73.950836,1,0,Turning Improperly,4460796,22.8,14.0,0.0,0.0,0.0,0.0,3,7.9,15.8,322,Overcast,1,1,
18157,2021-09-22 02:30:00,40.706013,-74.00882,0,0,Driver Inattention/Distraction,4461756,25.3,19.9,5.1,5.1,0.0,15.0,61,29.3,55.1,154,Rain: Light,0,0,
18158,2021-09-25 16:12:00,40.678757,-73.98649,0,0,Following Too Closely,4461367,22.8,14.0,0.0,0.0,0.0,0.0,3,7.9,15.8,322,Overcast,0,0,
18159,2021-09-25 15:52:00,40.693436,-73.97784,2,0,Traffic Control Disregarded,4461148,22.8,14.0,0.0,0.0,0.0,0.0,3,7.9,15.8,322,Overcast,2,2,
18160,2021-09-25 13:45:00,40.723976,-74.00831,0,0,Unspecified,4461783,22.8,14.0,0.0,0.0,0.0,0.0,3,7.9,15.8,322,Overcast,0,0,
18161,2021-09-25 12:51:00,40.759365,-73.914276,1,0,Failure to Yield Right-of-Way,4460883,22.8,14.0,0.0,0.0,0.0,0.0,3,7.9,15.8,322,Overcast,1,1,
18162,2021-09-25 01:15:00,40.668503,-73.869255,0,0,Driver Inattention/Distraction,4461079,22.8,14.0,0.0,0.0,0.0,0.0,3,7.9,15.8,322,Overcast,0,0,
18163,2021-09-25 19:05:00,40.68111,-73.88784,0,0,Unspecified,4461172,22.8,14.0,0.0,0.0,0.0,0.0,3,7.9,15.8,322,Overcast,0,0,
18164,2021-09-25 12:50:00,40.781693,-73.839615,0,0,Failure to Yield Right-of-Way,4461112,22.8,14.0,0.0,0.0,0.0,0.0,3,7.9,15.8,322,Overcast,0,0,
18165,2021-09-25 20:50:00,40.680115,-73.75324,0,0,Unspecified,4460929,22.8,14.0,0.0,0.0,0.0,0.0,3,7.9,15.8,322,Overcast,0,0,
18166,2021-09-25 05:30:00,40.68729,-73.807274,0,0,Unsafe Speed,4461328,22.8,14.0,0.0,0.0,0.0,0.0,3,7.9,15.8,322,Overcast,0,0,
18167,2021-09-21 11:30:00,40.6217,-74.12403,1,0,Driver Inattention/Distraction,4461536,23.1,16.4,0.0,0.0,0.0,0.0,3,14.2,29.5,108,Overcast,1,1,
18168,2021-09-25 18:34:00,40.756718,-73.91422,1,0,Driver Inattention/Distraction,4460871,22.8,14.0,0.0,0.0,0.0,0.0,3,7.9,15.8,322,Overcast,1,1,
18169,2021-09-25 21:30:00,40.78176,-73.944145,0,0,Unsafe Speed,4461354,22.8,14.0,0.0,0.0,0.0,0.0,3,7.9,15.8,322,Overcast,0,0,
18170,2022-06-29 14:40:00,40.773335,-73.95506,1,0,Failure to Yield Right-of-Way,4541974,29.0,17.7,0.0,0.0,0.0,0.0,3,27.2,51.5,195,Overcast,1,1,
18171,2021-09-25 01:54:00,40.663902,-73.93993,1,0,Driver Inattention/Distraction,4460668,22.8,14.0,0.0,0.0,0.0,0.0,3,7.9,15.8,322,Overcast,1,1,
18172,2021-09-25 14:30:00,40.828384,-73.90283,2,0,Unspecified,4461422,22.8,14.0,0.0,0.0,0.0,0.0,3,7.9,15.8,322,Overcast,2,2,
18173,2021-09-22 18:50:00,40.677563,-73.93309,0,0,Unsafe Speed,4461678,25.3,19.9,5.1,5.1,0.0,15.0,61,29.3,55.1,154,Rain: Light,0,0,
18174,2021-09-25 16:04:00,40.744778,-73.97589,0,0,Driver Inattention/Distraction,4460782,22.8,14.0,0.0,0.0,0.0,0.0,3,7.9,15.8,322,Overcast,0,0,
18175,2021-09-25 23:59:00,40.652145,-73.95916,2,0,Other Vehicular,4460906,22.8,14.0,0.0,0.0,0.0,0.0,3,7.9,15.8,322,Overcast,2,2,
18176,2021-09-25 17:45:00,40.87656,-73.90436,0,0,Unspecified,4461651,22.8,14.0,0.0,0.0,0.0,0.0,3,7.9,15.8,322,Overcast,0,0,
18177,2021-09-23 14:40:00,40.617325,-74.0177,1,0,Failure to Yield Right-of-Way,4461530,26.2,18.0,15.6,15.6,0.0,14.0,63,40.7,77.4,156,Rain: Moderate,1,1,
18178,2022-06-30 08:00:00,40.74377,-73.91383,1,0,Driver Inattention/Distraction,4542085,31.2,17.3,0.0,0.0,0.0,0.0,2,19.1,37.4,274,Partly cloudy,1,1,
18179,2021-09-19 00:00:00,40.820538,-73.930855,0,0,Other Vehicular,4461778,23.6,16.8,0.0,0.0,0.0,0.0,2,17.6,35.6,0,Partly cloudy,0,0,
18180,2021-09-25 08:00:00,40.65469,-73.96015,2,0,Passing Too Closely,4460911,22.8,14.0,0.0,0.0,0.0,0.0,3,7.9,15.8,322,Overcast,2,2,
18181,2021-09-23 16:30:00,40.72912,-73.98343,0,0,Driver Inattention/Distraction,4461697,26.2,18.0,15.6,15.6,0.0,14.0,63,40.7,77.4,156,Rain: Moderate,0,0,
18182,2021-09-25 06:40:00,40.798412,-73.939705,0,0,Traffic Control Disregarded,4460995,22.8,14.0,0.0,0.0,0.0,0.0,3,7.9,15.8,322,Overcast,0,0,
18183,2021-09-25 00:07:00,40.5953,-74.1619,0,0,Unspecified,4461308,22.8,14.0,0.0,0.0,0.0,0.0,3,7.9,15.8,322,Overcast,0,0,
18184,2021-09-25 22:02:00,40.725616,-73.851036,1,0,Unsafe Speed,4460892,22.8,14.0,0.0,0.0,0.0,0.0,3,7.9,15.8,322,Overcast,1,1,
18185,2021-09-25 07:25:00,40.782734,-73.955345,1,0,Fatigued/Drowsy,4460836,22.8,14.0,0.0,0.0,0.0,0.0,3,7.9,15.8,322,Overcast,1,1,
18186,2021-09-25 16:20:00,40.672203,-73.80873,0,0,Traffic Control Disregarded,4461384,22.8,14.0,0.0,0.0,0.0,0.0,3,7.9,15.8,322,Overcast,0,0,
18187,2021-09-25 20:00:00,40.6884,-73.95118,0,0,Passing Too Closely,4461461,22.8,14.0,0.0,0.0,0.0,0.0,3,7.9,15.8,322,Overcast,0,0,
18188,2021-09-25 02:05:00,40.660217,-73.89675,0,0,Unspecified,4461070,22.8,14.0,0.0,0.0,0.0,0.0,3,7.9,15.8,322,Overcast,0,0,
18189,2021-09-25 15:00:00,40.791416,-73.829285,0,0,Passing or Lane Usage Improper,4461240,22.8,14.0,0.0,0.0,0.0,0.0,3,7.9,15.8,322,Overcast,0,0,
18190,2021-09-25 19:40:00,40.693146,-73.99509,2,0,Failure to Yield Right-of-Way,4460923,22.8,14.0,0.0,0.0,0.0,0.0,3,7.9,15.8,322,Overcast,2,2,
18191,2021-09-11 11:55:00,40.83057,-73.93072,0,0,Unspecified,4461742,24.7,12.9,0.0,0.0,0.0,0.0,3,16.6,34.2,246,Overcast,0,0,
18192,2021-09-25 09:35:00,40.81019,-73.953,2,0,Other Vehicular,4460968,22.8,14.0,0.0,0.0,0.0,0.0,3,7.9,15.8,322,Overcast,2,2,
18193,2021-09-25 12:26:00,40.733067,-73.9983,0,0,Failure to Yield Right-of-Way,4461550,22.8,14.0,0.0,0.0,0.0,0.0,3,7.9,15.8,322,Overcast,0,0,
18194,2021-09-25 04:00:00,40.690662,-73.85206,0,0,Alcohol Involvement,4461332,22.8,14.0,0.0,0.0,0.0,0.0,3,7.9,15.8,322,Overcast,0,0,
18195,2021-09-23 14:28:00,40.889137,-73.88885,1,0,Passing or Lane Usage Improper,4461656,26.2,18.0,15.6,15.6,0.0,14.0,63,40.7,77.4,156,Rain: Moderate,1,1,
18196,2021-09-25 12:16:00,40.842335,-73.91619,1,0,Unsafe Speed,4460981,22.8,14.0,0.0,0.0,0.0,0.0,3,7.9,15.8,322,Overcast,1,1,
18197,2021-09-25 10:20:00,40.65021,-74.01577,1,0,Driver Inattention/Distraction,4461638,22.8,14.0,0.0,0.0,0.0,0.0,3,7.9,15.8,322,Overcast,1,1,
18198,2021-09-25 18:30:00,40.671932,-73.85165,1,0,Passing or Lane Usage Improper,4461342,22.8,14.0,0.0,0.0,0.0,0.0,3,7.9,15.8,322,Overcast,1,1,
18199,2021-09-25 01:32:00,40.676937,-73.92183,0,0,Unspecified,4460662,22.8,14.0,0.0,0.0,0.0,0.0,3,7.9,15.8,322,Overcast,0,0,
18200,2021-09-25 04:03:00,40.84414,-73.900536,0,0,Backing Unsafely,4461523,22.8,14.0,0.0,0.0,0.0,0.0,3,7.9,15.8,322,Overcast,0,0,
18201,2021-09-25 04:50:00,40.813885,-73.885185,0,0,Failure to Yield Right-of-Way,4461387,22.8,14.0,0.0,0.0,0.0,0.0,3,7.9,15.8,322,Overcast,0,0,
18202,2021-09-25 19:14:00,40.723022,-73.99882,0,0,Following Too Closely,4460859,22.8,14.0,0.0,0.0,0.0,0.0,3,7.9,15.8,322,Overcast,0,0,
18203,2021-09-25 08:40:00,40.780144,-73.84876,0,0,Failure to Yield Right-of-Way,4461099,22.8,14.0,0.0,0.0,0.0,0.0,3,7.9,15.8,322,Overcast,0,0,
18204,2021-09-25 09:00:00,40.736088,-73.87179,0,0,Alcohol Involvement,4460774,22.8,14.0,0.0,0.0,0.0,0.0,3,7.9,15.8,322,Overcast,0,0,
18205,2021-09-25 16:20:00,40.67314,-73.86945,0,0,Unspecified,4461083,22.8,14.0,0.0,0.0,0.0,0.0,3,7.9,15.8,322,Overcast,0,0,
18206,2021-09-25 06:50:00,40.747894,-73.989174,0,0,Driver Inattention/Distraction,4461502,22.8,14.0,0.0,0.0,0.0,0.0,3,7.9,15.8,322,Overcast,0,0,
18207,2021-09-25 19:00:00,40.699936,-73.91181,1,0,Unspecified,4461293,22.8,14.0,0.0,0.0,0.0,0.0,3,7.9,15.8,322,Overcast,1,1,