,CRASH DATETIME,LATITUDE,LONGITUDE,NUMBER OF PERSONS INJURED,NUMBER OF PERSONS KILLED,CONTRIBUTING FACTOR VEHICLE 1,COLLISION_ID,temperature_2m_max,temperature_2m_min,precipitation_sum,rain_sum,snowfall_sum,precipitation_hours,weather_code,wind_speed_10m_max,wind_gusts_10m_max,wind_direction_10m_dominant,Weather Description,Severity_Score,Total_Affected_Persons,Weather_Category
18208,2021-09-25 21:50:00,40.666233,-73.761,0,0,Unspecified,4460928,22.8,14.0,0.0,0.0,0.0,0.0,3,7.9,15.8,322,Overcast,0,0,
18209,2021-09-09 18:00:00,40.723278,-74.00799,0,0,Driver Inattention/Distraction,4461771,22.4,19.8,18.4,18.4,0.0,15.0,63,17.5,39.2,271,Rain: Moderate,0,0,
18210,2021-09-25 22:40:00,40.58343,-73.96049,0,0,Failure to Yield Right-of-Way,4460951,22.8,14.0,0.0,0.0,0.0,0.0,3,7.9,15.8,322,Overcast,0,0,
18211,2021-09-24 16:04:00,40.77052,-73.91978,0,0,Failure to Yield Right-of-Way,4461794,22.4,15.6,26.0,26.0,0.0,9.0,63,14.2,29.9,274,Rain: Moderate,0,0,
18212,2021-09-25 07:35:00,40.703403,-73.917786,1,0,View Obstructed/Limited,4461206,22.8,14.0,0.0,0.0,0.0,0.0,3,7.9,15.8,322,Overcast,1,1,
18213,2021-09-25 09:15:00,40.75457,-73.99325,0,0,Passing or Lane Usage Improper,4461012,22.8,14.0,0.0,0.0,0.0,0.0,3,7.9,15.8,322,Overcast,0,0,
18214,2021-09-25 16:45:00,40.657837,-73.95033,0,0,Traffic Control Disregarded,4460795,22.8,14.0,0.0,0.0,0.0,0.0,3,7.9,15.8,322,Overcast,0,0,
18215,2021-09-25 02:20:00,40.77904,-73.9435,0,0,Driver Inexperience,4460833,22.8,14.0,0.0,0.0,0.0,0.0,3,7.9,15.8,322,Overcast,0,0,
18216,2021-09-17 07:45:00,40.70009,-73.987785,0,0,Passing Too Closely,4461616,23.6,20.1,1.0,1.0,0.0,7.0,51,20.3,38.9,59,Drizzle: Light,0,0,
18217,2021-09-25 07:55:00,40.69592,-73.83865,0,0,Turning Improperly,4460733,22.8,14.0,0.0,0.0,0.0,0.0,3,7.9,15.8,322,Overcast,0,0,
18218,2021-09-23 17:20:00,40.834415,-73.92854,0,0,Driver Inattention/Distraction,4461565,26.2,18.0,15.6,15.6,0.0,14.0,63,40.7,77.4,156,Rain: Moderate,0,0,
18219,2021-09-25 15:59:00,40.73789,-73.76794,0,0,Following Too Closely,4461029,22.8,14.0,0.0,0.0,0.0,0.0,3,7.9,15.8,322,Overcast,0,0,
18220,2021-09-25 22:03:00,40.637505,-73.914185,0,0,Driver Inattention/Distraction,4460899,22.8,14.0,0.0,0.0,0.0,0.0,3,7.9,15.8,322,Overcast,0,0,
18221,2021-09-23 08:00:00,40.652927,-73.959335,1,0,Unspecified,4461733,26.2,18.0,15.6,15.6,0.0,14.0,63,40.7,77.4,156,Rain: Moderate,1,1,
18222,2021-09-24 17:40:00,40.844902,-73.89011,0,0,Failure to Yield Right-of-Way,4461517,22.4,15.6,26.0,26.0,0.0,9.0,63,14.2,29.9,274,Rain: Moderate,0,0,
18223,2021-09-24 05:25:00,40.659485,-73.918304,1,0,Unspecified,4461664,22.4,15.6,26.0,26.0,0.0,9.0,63,14.2,29.9,274,Rain: Moderate,1,1,
18224,2021-09-25 14:25:00,40.70547,-73.95024,0,0,Following Too Closely,4460797,22.8,14.0,0.0,0.0,0.0,0.0,3,7.9,15.8,322,Overcast,0,0,
18225,2021-09-25 18:45:00,40.768322,-73.95933,0,0,Driver Inattention/Distraction,4460837,22.8,14.0,0.0,0.0,0.0,0.0,3,7.9,15.8,322,Overcast,0,0,
18226,2021-09-25 06:30:00,40.74939,-73.8178,1,0,Failure to Yield Right-of-Way,4461246,22.8,14.0,0.0,0.0,0.0,0.0,3,7.9,15.8,322,Overcast,1,1,
18227,2021-09-25 10:35:00,40.717907,-73.94666,0,0,Passenger Distraction,4461136,22.8,14.0,0.0,0.0,0.0,0.0,3,7.9,15.8,322,Overcast,0,0,
18228,2021-09-25 02:20:00,40.654312,-73.91759,1,0,Unspecified,4461150,22.8,14.0,0.0,0.0,0.0,0.0,3,7.9,15.8,322,Overcast,1,1,
18229,2021-09-20 06:25:00,40.703655,-73.822464,1,0,Unspecified,4461743,23.1,14.9,0.0,0.0,0.0,0.0,3,17.0,34.2,116,Overcast,1,1,
18230,2021-09-25 11:45:00,40.75238,-73.73883,0,0,Driver Inattention/Distraction,4460729,22.8,14.0,0.0,0.0,0.0,0.0,3,7.9,15.8,322,Overcast,0,0,
18231,2021-09-25 23:00:00,40.823315,-73.81178,0,0,Unspecified,4460960,22.8,14.0,0.0,0.0,0.0,0.0,3,7.9,15.8,322,Overcast,0,0,
18232,2021-09-22 14:20:00,40.71154,-74.01574,1,0,Backing Unsafely,4461763,25.3,19.9,5.1,5.1,0.0,15.0,61,29.3,55.1,154,Rain: Light,1,1,
18233,2021-09-25 14:25:00,40.7343,-73.7552,1,0,Driver Inexperience,4460768,22.8,14.0,0.0,0.0,0.0,0.0,3,7.9,15.8,322,Overcast,1,1,
18234,2021-09-19 12:34:00,40.713135,-74.00407,0,0,Driver Inattention/Distraction,4461761,23.6,16.8,0.0,0.0,0.0,0.0,2,17.6,35.6,0,Partly cloudy,0,0,
18235,2021-09-25 09:00:00,40.65342,-73.88898,0,0,Unspecified,4461065,22.8,14.0,0.0,0.0,0.0,0.0,3,7.9,15.8,322,Overcast,0,0,
18236,2021-09-25 06:42:00,40.74945,-73.88711,0,0,Driver Inattention/Distraction,4460688,22.8,14.0,0.0,0.0,0.0,0.0,3,7.9,15.8,322,Overcast,0,0,
18237,2021-09-25 15:45:00,40.77402,-73.79277,1,0,Following Too Closely,4460842,22.8,14.0,0.0,0.0,0.0,0.0,3,7.9,15.8,322,Overcast,1,1,
18238,2021-09-25 13:11:00,40.88731,-73.86412,0,0,View Obstructed/Limited,4461124,22.8,14.0,0.0,0.0,0.0,0.0,3,7.9,15.8,322,Overcast,0,0,
18239,2021-09-25 21:30:00,40.68896,-73.93326,1,0,Driver Inattention/Distraction,4461672,22.8,14.0,0.0,0.0,0.0,0.0,3,7.9,15.8,322,Overcast,1,1,
18240,2021-09-25 13:30:00,40.63165,-74.08762,0,0,Driver Inattention/Distraction,4461007,22.8,14.0,0.0,0.0,0.0,0.0,3,7.9,15.8,322,Overcast,0,0,
18241,2021-09-25 16:20:00,40.640648,-73.953316,1,0,Traffic Control Disregarded,4460788,22.8,14.0,0.0,0.0,0.0,0.0,3,7.9,15.8,322,Overcast,1,1,
18242,2021-09-25 16:20:00,40.8233,-73.8993,1,0,Driver Inattention/Distraction,4461456,22.8,14.0,0.0,0.0,0.0,0.0,3,7.9,15.8,322,Overcast,1,1,
18243,2021-09-25 23:30:00,40.768795,-73.958374,0,0,Driver Inattention/Distraction,4461355,22.8,14.0,0.0,0.0,0.0,0.0,3,7.9,15.8,322,Overcast,0,0,
18244,2021-09-25 22:05:00,40.63719,-73.952286,1,0,Unspecified,4460907,22.8,14.0,0.0,0.0,0.0,0.0,3,7.9,15.8,322,Overcast,1,1,
18245,2021-09-25 04:15:00,40.68631,-73.97445,1,0,Traffic Control Disregarded,4460884,22.8,14.0,0.0,0.0,0.0,0.0,3,7.9,15.8,322,Overcast,1,1,
18246,2021-09-25 22:00:00,40.78205,-73.97982,0,0,Backing Unsafely,4461269,22.8,14.0,0.0,0.0,0.0,0.0,3,7.9,15.8,322,Overcast,0,0,
18247,2021-09-25 00:10:00,40.7099,-73.786736,0,0,Driver Inattention/Distraction,4461327,22.8,14.0,0.0,0.0,0.0,0.0,3,7.9,15.8,322,Overcast,0,0,
18248,2021-09-25 14:30:00,40.74437,-73.98752,0,0,Driver Inattention/Distraction,4460913,22.8,14.0,0.0,0.0,0.0,0.0,3,7.9,15.8,322,Overcast,0,0,
18249,2021-09-24 21:40:00,40.689568,-73.934586,3,0,Driver Inattention/Distraction,4461682,22.4,15.6,26.0,26.0,0.0,9.0,63,14.2,29.9,274,Rain: Moderate,3,3,
18250,2021-09-25 14:15:00,40.6391,-73.90092,0,0,Driver Inattention/Distraction,4460783,22.8,14.0,0.0,0.0,0.0,0.0,3,7.9,15.8,322,Overcast,0,0,
18251,2021-09-25 10:20:00,40.879307,-73.90295,0,0,Unspecified,4461653,22.8,14.0,0.0,0.0,0.0,0.0,3,7.9,15.8,322,Overcast,0,0,
18252,2021-09-25 12:26:00,40.627117,-74.00181,0,0,Unspecified,4460760,22.8,14.0,0.0,0.0,0.0,0.0,3,7.9,15.8,322,Overcast,0,0,
18253,2021-09-25 10:00:00,40.862297,-73.89842,1,0,Failure to Yield Right-of-Way,4461507,22.8,14.0,0.0,0.0,0.0,0.0,3,7.9,15.8,322,Overcast,1,1,
18254,2021-09-25 20:35:00,40.668266,-73.88116,0,0,Failure to Yield Right-of-Way,4461075,22.8,14.0,0.0,0.0,0.0,0.0,3,7.9,15.8,322,Overcast,0,0,
18255,2021-09-14 15:16:00,40.723118,-74.00624,0,0,Unspecified,4461785,26.0,19.0,0.2,0.2,0.0,1.0,51,18.0,35.6,138,Drizzle: Light,0,0,
18256,2021-09-25 13:49:00,40.66865,-73.91762,1,0,Brakes Defective,4461168,22.8,14.0,0.0,0.0,0.0,0.0,3,7.9,15.8,322,Overcast,1,1,
18257,2021-09-25 04:38:00,40.721222,-73.98301,2,0,Fell Asleep,4460805,22.8,14.0,0.0,0.0,0.0,0.0,3,7.9,15.8,322,Overcast,2,2,
18258,2021-09-25 12:00:00,40.59398,-73.996185,0,0,Unspecified,4460931,22.8,14.0,0.0,0.0,0.0,0.0,3,7.9,15.8,322,Overcast,0,0,
18259,2021-09-25 00:00:00,40.788193,-73.79059,0,0,Following Too Closely,4461107,22.8,14.0,0.0,0.0,0.0,0.0,3,7.9,15.8,322,Overcast,0,0,
18260,2021-09-25 21:30:00,40.747692,-73.89381,0,0,Unspecified,4460991,22.8,14.0,0.0,0.0,0.0,0.0,3,7.9,15.8,322,Overcast,0,0,
18261,2021-09-25 10:30:00,40.794735,-73.96988,0,0,Passing or Lane Usage Improper,4460752,22.8,14.0,0.0,0.0,0.0,0.0,3,7.9,15.8,322,Overcast,0,0,
18262,2021-09-25 00:15:00,40.7553,-73.87009,1,0,Driver Inattention/Distraction,4460682,22.8,14.0,0.0,0.0,0.0,0.0,3,7.9,15.8,322,Overcast,1,1,
18263,2021-09-25 12:00:00,40.66446,-73.91234,0,0,Unspecified,4460846,22.8,14.0,0.0,0.0,0.0,0.0,3,7.9,15.8,322,Overcast,0,0,
18264,2021-09-25 16:06:00,40.75763,-73.865685,0,0,Driver Inattention/Distraction,4461594,22.8,14.0,0.0,0.0,0.0,0.0,3,7.9,15.8,322,Overcast,0,0,
18265,2021-09-25 08:00:00,40.61971,-73.99729,0,0,Unspecified,4460936,22.8,14.0,0.0,0.0,0.0,0.0,3,7.9,15.8,322,Overcast,0,0,
18266,2021-09-25 00:30:00,40.681095,-73.97533,0,0,Driver Inattention/Distraction,4461366,22.8,14.0,0.0,0.0,0.0,0.0,3,7.9,15.8,322,Overcast,0,0,
18267,2021-09-25 22:26:00,40.65753,-73.89797,0,1,Unspecified,4461286,22.8,14.0,0.0,0.0,0.0,0.0,3,7.9,15.8,322,Overcast,20,1,
18268,2021-09-18 17:55:00,40.655666,-73.979485,1,0,Pedestrian/Bicyclist/Other Pedestrian Error/Confusion,4461534,27.1,19.2,0.2,0.2,0.0,2.0,51,14.6,25.9,349,Drizzle: Light,1,1,
18269,2021-09-23 10:10:00,40.723454,-74.007965,1,0,Unspecified,4461779,26.2,18.0,15.6,15.6,0.0,14.0,63,40.7,77.4,156,Rain: Moderate,1,1,
18270,2021-09-25 15:45:00,40.763893,-73.915,1,0,Driver Inattention/Distraction,4460874,22.8,14.0,0.0,0.0,0.0,0.0,3,7.9,15.8,322,Overcast,1,1,
18271,2021-09-25 13:30:00,40.680218,-73.775505,0,0,Unsafe Speed,4461316,22.8,14.0,0.0,0.0,0.0,0.0,3,7.9,15.8,322,Overcast,0,0,
18272,2021-09-25 22:00:00,40.73518,-73.83629,2,0,Unsafe Speed,4461037,22.8,14.0,0.0,0.0,0.0,0.0,3,7.9,15.8,322,Overcast,2,2,
18273,2021-09-23 19:15:00,40.673107,-73.99959,0,0,Unsafe Lane Changing,4461639,26.2,18.0,15.6,15.6,0.0,14.0,63,40.7,77.4,156,Rain: Moderate,0,0,
18274,2021-09-24 16:25:00,40.683754,-73.91737,1,0,Driver Inattention/Distraction,4461675,22.4,15.6,26.0,26.0,0.0,9.0,63,14.2,29.9,274,Rain: Moderate,1,1,
18275,2021-09-25 12:55:00,40.755733,-73.796135,1,0,Passing or Lane Usage Improper,4461103,22.8,14.0,0.0,0.0,0.0,0.0,3,7.9,15.8,322,Overcast,1,1,
18276,2021-09-25 22:45:00,40.850475,-73.915436,2,0,Driver Inattention/Distraction,4461515,22.8,14.0,0.0,0.0,0.0,0.0,3,7.9,15.8,322,Overcast,2,2,
18277,2021-09-25 11:25:00,40.620647,-74.14051,1,0,Driver Inattention/Distraction,4461015,22.8,14.0,0.0,0.0,0.0,0.0,3,7.9,15.8,322,Overcast,1,1,
18278,2021-09-25 12:37:00,40.694206,-73.97312,0,0,Unspecified,4460767,22.8,14.0,0.0,0.0,0.0,0.0,3,7.9,15.8,322,Overcast,0,0,
18279,2021-09-25 09:15:00,40.663788,-73.76554,0,0,Alcohol Involvement,4460799,22.8,14.0,0.0,0.0,0.0,0.0,3,7.9,15.8,322,Overcast,0,0,
18280,2021-09-25 07:30:00,40.683342,-74.001976,0,0,Unspecified,4461186,22.8,14.0,0.0,0.0,0.0,0.0,3,7.9,15.8,322,Overcast,0,0,
18281,2021-09-25 23:20:00,40.649868,-73.93409,0,0,Unsafe Speed,4461152,22.8,14.0,0.0,0.0,0.0,0.0,3,7.9,15.8,322,Overcast,0,0,
18282,2021-09-25 04:04:00,40.71412,-73.83152,1,0,Unsafe Speed,4460741,22.8,14.0,0.0,0.0,0.0,0.0,3,7.9,15.8,322,Overcast,1,1,
18283,2021-09-23 19:00:00,40.62284,-74.00121,0,0,Driver Inattention/Distraction,4461535,26.2,18.0,15.6,15.6,0.0,14.0,63,40.7,77.4,156,Rain: Moderate,0,0,
18284,2021-08-05 09:07:00,40.912827,-73.90251,0,0,Unspecified,4461655,27.1,17.4,0.1,0.1,0.0,1.0,51,13.2,27.0,5,Drizzle: Light,0,0,
18285,2021-09-25 16:21:00,40.666405,-73.74538,2,0,Traffic Control Disregarded,4461298,22.8,14.0,0.0,0.0,0.0,0.0,3,7.9,15.8,322,Overcast,2,2,
18286,2021-09-18 08:30:00,40.867054,-73.82174,0,0,Unspecified,4461732,27.1,19.2,0.2,0.2,0.0,2.0,51,14.6,25.9,349,Drizzle: Light,0,0,
18287,2021-09-25 05:40:00,40.692497,-73.98896,0,0,Fell Asleep,4460918,22.8,14.0,0.0,0.0,0.0,0.0,3,7.9,15.8,322,Overcast,0,0,
18288,2021-09-25 17:42:00,40.67854,-73.807205,2,0,Driver Inexperience,4461383,22.8,14.0,0.0,0.0,0.0,0.0,3,7.9,15.8,322,Overcast,2,2,
18289,2021-09-25 12:58:00,40.8385,-73.90598,0,0,Other Vehicular,4461388,22.8,14.0,0.0,0.0,0.0,0.0,3,7.9,15.8,322,Overcast,0,0,
18290,2021-09-25 01:56:00,40.64236,-73.91971,0,0,Driver Inattention/Distraction,4460664,22.8,14.0,0.0,0.0,0.0,0.0,3,7.9,15.8,322,Overcast,0,0,
18291,2021-08-27 14:00:00,40.697872,-73.802376,0,0,Driver Inattention/Distraction,4461609,32.2,23.4,1.4,1.4,0.0,2.0,55,9.4,22.3,299,Drizzle: Dense,0,0,
18292,2021-09-25 19:18:00,40.86938,-73.825455,1,0,Unspecified,4460959,22.8,14.0,0.0,0.0,0.0,0.0,3,7.9,15.8,322,Overcast,1,1,
18293,2021-09-25 13:00:00,40.75033,-73.87874,1,0,Driver Inattention/Distraction,4460984,22.8,14.0,0.0,0.0,0.0,0.0,3,7.9,15.8,322,Overcast,1,1,
18294,2021-09-25 20:02:00,40.707806,-74.00159,0,0,Driver Inattention/Distraction,4461766,22.8,14.0,0.0,0.0,0.0,0.0,3,7.9,15.8,322,Overcast,0,0,
18295,2021-09-25 15:13:00,40.603626,-73.749084,1,0,Driver Inexperience,4461524,22.8,14.0,0.0,0.0,0.0,0.0,3,7.9,15.8,322,Overcast,1,1,
18296,2021-09-25 22:37:00,40.67308,-73.91124,1,0,Unspecified,4460854,22.8,14.0,0.0,0.0,0.0,0.0,3,7.9,15.8,322,Overcast,1,1,
18297,2021-09-25 14:20:00,40.693142,-73.922,0,0,Passing Too Closely,4461212,22.8,14.0,0.0,0.0,0.0,0.0,3,7.9,15.8,322,Overcast,0,0,
18298,2021-09-21 11:50:00,40.830067,-73.92915,3,0,Unspecified,4461566,23.1,16.4,0.0,0.0,0.0,0.0,3,14.2,29.5,108,Overcast,3,3,
18299,2021-09-23 23:17:00,40.658783,-73.91283,1,0,Driver Inattention/Distraction,4461744,26.2,18.0,15.6,15.6,0.0,14.0,63,40.7,77.4,156,Rain: Moderate,1,1,
18300,2021-09-25 01:30:00,40.861862,-73.91275,1,0,Driver Inattention/Distraction,4460969,22.8,14.0,0.0,0.0,0.0,0.0,3,7.9,15.8,322,Overcast,1,1,
18301,2021-09-25 16:18:00,40.714184,-73.98871,1,0,Pedestrian/Bicyclist/Other Pedestrian Error/Confusion,4460794,22.8,14.0,0.0,0.0,0.0,0.0,3,7.9,15.8,322,Overcast,1,1,
18302,2021-09-25 02:34:00,40.652626,-74.00617,0,0,Unspecified,4460726,22.8,14.0,0.0,0.0,0.0,0.0,3,7.9,15.8,322,Overcast,0,0,
18303,2021-09-25 23:35:00,40.65766,-73.89705,0,0,Other Vehicular,4461084,22.8,14.0,0.0,0.0,0.0,0.0,3,7.9,15.8,322,Overcast,0,0,
18304,2021-09-25 21:29:00,40.68088,-73.9633,0,0,Unspecified,4461249,22.8,14.0,0.0,0.0,0.0,0.0,3,7.9,15.8,322,Overcast,0,0,
18305,2021-09-25 14:30:00,40.740273,-73.89586,0,0,Unspecified,4460838,22.8,14.0,0.0,0.0,0.0,0.0,3,7.9,15.8,322,Overcast,0,0,
18306,2021-09-25 10:30:00,40.811638,-73.9316,0,0,Unspecified,4460826,22.8,14.0,0.0,0.0,0.0,0.0,3,7.9,15.8,322,Overcast,0,0,
18307,2021-09-25 16:38:00,40.887497,-73.84649,0,0,Driver Inexperience,4461140,22.8,14.0,0.0,0.0,0.0,0.0,3,7.9,15.8,322,Overcast,0,0,
18308,2021-09-25 15:20:00,40.87129,-73.88024,3,0,Failure to Yield Right-of-Way,4461549,22.8,14.0,0.0,0.0,0.0,0.0,3,7.9,15.8,322,Overcast,3,3,
18309,2021-09-25 07:30:00,40.628662,-74.15552,0,0,Driver Inattention/Distraction,4460889,22.8,14.0,0.0,0.0,0.0,0.0,3,7.9,15.8,322,Overcast,0,0,
18310,2021-09-25 11:18:00,40.69716,-73.996895,0,0,Other Vehicular,4460927,22.8,14.0,0.0,0.0,0.0,0.0,3,7.9,15.8,322,Overcast,0,0,
18311,2021-09-25 00:13:00,40.7162,-73.99191,1,0,Driver Inattention/Distraction,4461499,22.8,14.0,0.0,0.0,0.0,0.0,3,7.9,15.8,322,Overcast,1,1,
18312,2021-09-21 13:35:00,40.725285,-73.97798,0,0,Outside Car Distraction,4461694,23.1,16.4,0.0,0.0,0.0,0.0,3,14.2,29.5,108,Overcast,0,0,
18313,2021-09-20 15:20:00,40.706707,-74.002335,0,0,Driver Inattention/Distraction,4461762,23.1,14.9,0.0,0.0,0.0,0.0,3,17.0,34.2,116,Overcast,0,0,
18314,2021-09-25 04:25:00,40.602356,-74.01263,0,0,Backing Unsafely,4460940,22.8,14.0,0.0,0.0,0.0,0.0,3,7.9,15.8,322,Overcast,0,0,
18315,2021-09-24 13:25:00,40.709686,-74.01168,0,0,Driver Inattention/Distraction,4461788,22.4,15.6,26.0,26.0,0.0,9.0,63,14.2,29.9,274,Rain: Moderate,0,0,
18316,2021-09-25 15:15:00,40.753284,-73.92049,1,0,Driver Inexperience,4460875,22.8,14.0,0.0,0.0,0.0,0.0,3,7.9,15.8,322,Overcast,1,1,
18317,2021-09-25 12:15:00,40.904892,-73.906334,0,0,Unspecified,4461663,22.8,14.0,0.0,0.0,0.0,0.0,3,7.9,15.8,322,Overcast,0,0,
18318,2021-09-25 20:08:00,40.69952,-73.78355,1,0,Driver Inattention/Distraction,4461331,22.8,14.0,0.0,0.0,0.0,0.0,3,7.9,15.8,322,Overcast,1,1,
18319,2021-09-25 01:30:00,40.6055,-73.93793,0,0,Unspecified,4461359,22.8,14.0,0.0,0.0,0.0,0.0,3,7.9,15.8,322,Overcast,0,0,
18320,2021-09-25 08:05:00,40.629166,-73.947334,0,0,Unspecified,4460908,22.8,14.0,0.0,0.0,0.0,0.0,3,7.9,15.8,322,Overcast,0,0,
18321,2022-06-26 13:50:00,40.83419,-73.90019,0,0,Unspecified,4542400,30.8,19.9,0.0,0.0,0.0,0.0,3,30.9,55.8,188,Overcast,0,0,
18322,2022-06-30 08:00:00,40.742836,-73.91592,0,0,Driver Inattention/Distraction,4542289,31.2,17.3,0.0,0.0,0.0,0.0,2,19.1,37.4,274,Partly cloudy,0,0,
18323,2022-07-01 11:28:00,40.762875,-73.90376,0,0,Passing or Lane Usage Improper,4542674,33.7,20.2,0.1,0.1,0.0,1.0,51,32.3,58.0,215,Drizzle: Light,0,0,
18324,2022-07-01 00:30:00,40.794792,-73.938576,0,0,Unspecified,4542378,33.7,20.2,0.1,0.1,0.0,1.0,51,32.3,58.0,215,Drizzle: Light,0,0,
18325,2022-06-29 05:00:00,40.772457,-73.74048,0,0,Unspecified,4541843,29.0,17.7,0.0,0.0,0.0,0.0,3,27.2,51.5,195,Overcast,0,0,
18326,2021-05-11 23:10:00,40.69832,-73.90011,4,0,Unsafe Speed,4415811,16.7,8.2,0.0,0.0,0.0,0.0,3,27.0,51.1,292,Overcast,4,4,
18327,2022-06-30 14:50:00,40.59851,-73.93957,1,0,Unspecified,4542532,31.2,17.3,0.0,0.0,0.0,0.0,2,19.1,37.4,274,Partly cloudy,1,1,
18328,2021-05-17 17:10:00,40.692562,-73.80891,1,0,Driver Inattention/Distraction,4417540,22.9,9.7,0.0,0.0,0.0,0.0,3,17.7,36.0,224,Overcast,1,1,
18329,2021-05-17 05:10:00,40.675682,-74.00119,0,0,Other Vehicular,4417649,22.9,9.7,0.0,0.0,0.0,0.0,3,17.7,36.0,224,Overcast,0,0,
18330,2021-05-17 14:30:00,40.736073,-73.77356,1,0,Driver Inattention/Distraction,4417598,22.9,9.7,0.0,0.0,0.0,0.0,3,17.7,36.0,224,Overcast,1,1,
18331,2021-05-14 15:15:00,40.66552,-73.74467,1,0,Driver Inattention/Distraction,4416492,21.6,7.5,0.0,0.0,0.0,0.0,2,14.3,25.2,276,Partly cloudy,1,1,
18332,2021-05-15 22:51:00,40.68306,-73.973785,1,0,Unspecified,4418103,22.4,8.7,0.0,0.0,0.0,0.0,3,12.5,23.8,229,Overcast,1,1,
18333,2021-05-17 17:55:00,40.667706,-73.90636,0,0,Driver Inexperience,4418068,22.9,9.7,0.0,0.0,0.0,0.0,3,17.7,36.0,224,Overcast,0,0,
18334,2021-05-17 00:00:00,40.803566,-73.96715,0,0,Pedestrian/Bicyclist/Other Pedestrian Error/Confusion,4417140,22.9,9.7,0.0,0.0,0.0,0.0,3,17.7,36.0,224,Overcast,0,0,
18335,2021-05-17 20:12:00,40.624256,-74.02006,0,0,Traffic Control Disregarded,4417569,22.9,9.7,0.0,0.0,0.0,0.0,3,17.7,36.0,224,Overcast,0,0,
18336,2021-05-17 17:00:00,40.673107,-73.99959,0,0,Driver Inattention/Distraction,4417731,22.9,9.7,0.0,0.0,0.0,0.0,3,17.7,36.0,224,Overcast,0,0,
18337,2021-05-17 17:29:00,40.86275,-73.904305,1,0,Driver Inattention/Distraction,4417619,22.9,9.7,0.0,0.0,0.0,0.0,3,17.7,36.0,224,Overcast,1,1,
18338,2021-05-17 11:45:00,40.676514,-73.91413,1,0,,4417988,22.9,9.7,0.0,0.0,0.0,0.0,3,17.7,36.0,224,Overcast,1,1,
18339,2021-05-12 00:00:00,40.82831,-73.94315,0,0,Driver Inattention/Distraction,4418151,17.9,5.8,0.0,0.0,0.0,0.0,2,20.0,41.0,317,Partly cloudy,0,0,
18340,2021-05-17 00:00:00,40.679375,-73.96408,1,0,Turning Improperly,4418242,22.9,9.7,0.0,0.0,0.0,0.0,3,17.7,36.0,224,Overcast,1,1,
18341,2021-05-17 05:40:00,40.6778,-73.87331,2,0,Unspecified,4417216,22.9,9.7,0.0,0.0,0.0,0.0,3,17.7,36.0,224,Overcast,2,2,
18342,2021-05-06 14:02:00,40.505527,-74.23819,0,1,Pedestrian/Bicyclist/Other Pedestrian Error/Confusion,4415906,17.3,8.7,0.0,0.0,0.0,0.0,3,22.6,43.6,313,Overcast,20,1,
18343,2021-05-17 09:40:00,40.803677,-73.92209,0,0,Unspecified,4417625,22.9,9.7,0.0,0.0,0.0,0.0,3,17.7,36.0,224,Overcast,0,0,
18344,2021-05-15 03:21:00,40.685894,-73.86524,1,0,Unsafe Speed,4418099,22.4,8.7,0.0,0.0,0.0,0.0,3,12.5,23.8,229,Overcast,1,1,
18345,2021-05-09 17:30:00,40.68668,-73.95958,0,0,Driver Inattention/Distraction,4418130,16.7,5.8,8.6,8.6,0.0,8.0,61,18.9,38.9,250,Rain: Light,0,0,
18346,2021-05-17 23:40:00,40.72032,-73.99404,0,0,Unspecified,4417844,22.9,9.7,0.0,0.0,0.0,0.0,3,17.7,36.0,224,Overcast,0,0,
18347,2021-05-17 03:05:00,40.68796,-73.94194,5,0,Unspecified,4417331,22.9,9.7,0.0,0.0,0.0,0.0,3,17.7,36.0,224,Overcast,5,5,
18348,2021-05-17 16:30:00,40.82399,-73.85876,0,0,Unspecified,4417507,22.9,9.7,0.0,0.0,0.0,0.0,3,17.7,36.0,224,Overcast,0,0,
18349,2021-05-17 14:30:00,40.70472,-73.940285,0,0,Steering Failure,4417657,22.9,9.7,0.0,0.0,0.0,0.0,3,17.7,36.0,224,Overcast,0,0,
18350,2021-05-17 06:50:00,40.816864,-73.882744,0,0,Unspecified,4418387,22.9,9.7,0.0,0.0,0.0,0.0,3,17.7,36.0,224,Overcast,0,0,
18351,2021-05-17 19:00:00,40.658577,-73.89063,2,0,Unspecified,4417678,22.9,9.7,0.0,0.0,0.0,0.0,3,17.7,36.0,224,Overcast,2,2,
18352,2021-05-17 20:50:00,40.612957,-74.065315,0,0,Driver Inattention/Distraction,4417745,22.9,9.7,0.0,0.0,0.0,0.0,3,17.7,36.0,224,Overcast,0,0,
18353,2021-05-17 22:30:00,40.85407,-73.89932,0,0,Other Vehicular,4417774,22.9,9.7,0.0,0.0,0.0,0.0,3,17.7,36.0,224,Overcast,0,0,
18354,2021-05-17 11:00:00,40.60853,-73.96211,0,0,Turning Improperly,4417463,22.9,9.7,0.0,0.0,0.0,0.0,3,17.7,36.0,224,Overcast,0,0,
18355,2021-05-17 10:30:00,40.68541,-73.87274,0,0,Unspecified,4417400,22.9,9.7,0.0,0.0,0.0,0.0,3,17.7,36.0,224,Overcast,0,0,
18356,2021-04-30 13:30:00,40.744644,-74.00639,0,0,Unsafe Lane Changing,4418185,19.9,7.6,0.4,0.4,0.0,4.0,51,36.9,82.1,289,Drizzle: Light,0,0,
18357,2021-05-17 17:49:00,40.638878,-74.00605,0,0,Driver Inattention/Distraction,4418219,22.9,9.7,0.0,0.0,0.0,0.0,3,17.7,36.0,224,Overcast,0,0,
18358,2021-04-29 00:00:00,40.71142,-73.91794,0,0,Unspecified,4418260,22.5,12.9,3.8,3.8,0.0,9.0,53,25.6,50.8,199,Drizzle: Moderate,0,0,