,CRASH DATETIME,LATITUDE,LONGITUDE,NUMBER OF PERSONS INJURED,NUMBER OF PERSONS KILLED,CONTRIBUTING FACTOR VEHICLE 1,COLLISION_ID,temperature_2m_max,temperature_2m_min,precipitation_sum,rain_sum,snowfall_sum,precipitation_hours,weather_code,wind_speed_10m_max,wind_gusts_10m_max,wind_direction_10m_dominant,Weather Description,Severity_Score,Total_Affected_Persons,Weather_Category
18359,2021-05-17 11:48:00,40.713886,-73.78273,0,0,Unspecified,4417448,22.9,9.7,0.0,0.0,0.0,0.0,3,17.7,36.0,224,Overcast,0,0,
18360,2021-05-17 09:40:00,40.757755,-73.79304,2,0,Lost Consciousness,4417405,22.9,9.7,0.0,0.0,0.0,0.0,3,17.7,36.0,224,Overcast,2,2,
18361,2021-05-15 21:15:00,40.664158,-73.98469,0,0,Driver Inattention/Distraction,4418114,22.4,8.7,0.0,0.0,0.0,0.0,3,12.5,23.8,229,Overcast,0,0,
18362,2021-05-17 14:30:00,40.690453,-73.91176,0,0,Traffic Control Disregarded,4417488,22.9,9.7,0.0,0.0,0.0,0.0,3,17.7,36.0,224,Overcast,0,0,
18363,2021-05-17 04:30:00,40.666786,-73.78452,0,0,Following Too Closely,4417363,22.9,9.7,0.0,0.0,0.0,0.0,3,17.7,36.0,224,Overcast,0,0,
18364,2021-05-17 17:42:00,40.742943,-73.91685,0,0,Driver Inattention/Distraction,4417770,22.9,9.7,0.0,0.0,0.0,0.0,3,17.7,36.0,224,Overcast,0,0,
18365,2021-05-17 23:20:00,40.764084,-73.83336,0,0,Following Too Closely,4417613,22.9,9.7,0.0,0.0,0.0,0.0,3,17.7,36.0,224,Overcast,0,0,
18366,2021-05-17 19:40:00,40.81197,-73.91428,1,0,,4417630,22.9,9.7,0.0,0.0,0.0,0.0,3,17.7,36.0,224,Overcast,1,1,
18367,2021-05-06 08:30:00,40.666187,-73.79176,0,0,Following Too Closely,4414055,17.3,8.7,0.0,0.0,0.0,0.0,3,22.6,43.6,313,Overcast,0,0,
18368,2021-05-17 18:24:00,40.89099,-73.86211,0,0,Driver Inattention/Distraction,4417805,22.9,9.7,0.0,0.0,0.0,0.0,3,17.7,36.0,224,Overcast,0,0,
18369,2021-05-17 19:57:00,40.67681,-73.79405,0,0,Backing Unsafely,4417683,22.9,9.7,0.0,0.0,0.0,0.0,3,17.7,36.0,224,Overcast,0,0,
18370,2021-05-17 01:25:00,40.881504,-73.879364,0,0,Alcohol Involvement,4417394,22.9,9.7,0.0,0.0,0.0,0.0,3,17.7,36.0,224,Overcast,0,0,
18371,2021-05-17 09:32:00,40.665844,-73.908295,1,0,Unspecified,4417468,22.9,9.7,0.0,0.0,0.0,0.0,3,17.7,36.0,224,Overcast,1,1,
18372,2021-05-17 06:00:00,40.63947,-73.902756,2,0,Driver Inexperience,4417583,22.9,9.7,0.0,0.0,0.0,0.0,3,17.7,36.0,224,Overcast,2,2,
18373,2021-05-14 18:33:00,40.765224,-73.9317,1,0,Driver Inattention/Distraction,4418163,21.6,7.5,0.0,0.0,0.0,0.0,2,14.3,25.2,276,Partly cloudy,1,1,
18374,2021-05-16 19:10:00,40.693436,-73.8962,1,0,Unspecified,4418269,22.3,10.7,0.1,0.1,0.0,1.0,51,23.8,46.1,261,Drizzle: Light,1,1,
18375,2021-05-17 18:40:00,40.658577,-73.89063,1,0,Following Too Closely,4417677,22.9,9.7,0.0,0.0,0.0,0.0,3,17.7,36.0,224,Overcast,1,1,
18376,2021-05-14 23:40:00,40.866573,-73.83876,2,0,Unspecified,4418059,21.6,7.5,0.0,0.0,0.0,0.0,2,14.3,25.2,276,Partly cloudy,2,2,
18377,2021-05-17 13:23:00,40.790623,-73.942444,0,0,Passing Too Closely,4417514,22.9,9.7,0.0,0.0,0.0,0.0,3,17.7,36.0,224,Overcast,0,0,
18378,2021-05-16 10:00:00,40.673294,-73.96066,0,0,Unspecified,4418254,22.3,10.7,0.1,0.1,0.0,1.0,51,23.8,46.1,261,Drizzle: Light,0,0,
18379,2021-05-17 13:00:00,40.734768,-73.861595,2,0,Passing or Lane Usage Improper,4417552,22.9,9.7,0.0,0.0,0.0,0.0,3,17.7,36.0,224,Overcast,2,2,
18380,2021-05-17 08:00:00,40.8439,-73.91171,0,0,Passing or Lane Usage Improper,4417434,22.9,9.7,0.0,0.0,0.0,0.0,3,17.7,36.0,224,Overcast,0,0,
18381,2022-06-30 18:59:00,40.80875,-73.959656,0,0,Driver Inattention/Distraction,4542830,31.2,17.3,0.0,0.0,0.0,0.0,2,19.1,37.4,274,Partly cloudy,0,0,
18382,2022-06-29 12:15:00,40.68561,-73.75027,1,0,Following Too Closely,4541992,29.0,17.7,0.0,0.0,0.0,0.0,3,27.2,51.5,195,Overcast,1,1,
18383,2021-05-17 17:15:00,40.618187,-74.06915,1,0,Unspecified,4417752,22.9,9.7,0.0,0.0,0.0,0.0,3,17.7,36.0,224,Overcast,1,1,
18384,2021-05-12 18:20:00,40.655754,-73.958015,1,0,Driver Inattention/Distraction,4418263,17.9,5.8,0.0,0.0,0.0,0.0,2,20.0,41.0,317,Partly cloudy,1,1,
18385,2021-05-17 18:10:00,40.676403,-73.96287,0,0,Driver Inattention/Distraction,4417898,22.9,9.7,0.0,0.0,0.0,0.0,3,17.7,36.0,224,Overcast,0,0,
18386,2021-05-14 13:00:00,40.675385,-73.97485,0,0,Passing Too Closely,4418109,21.6,7.5,0.0,0.0,0.0,0.0,2,14.3,25.2,276,Partly cloudy,0,0,
18387,2021-05-17 15:29:00,40.592216,-73.946175,0,0,Driver Inattention/Distraction,4417606,22.9,9.7,0.0,0.0,0.0,0.0,3,17.7,36.0,224,Overcast,0,0,
18388,2021-05-17 17:50:00,40.84439,-73.933624,1,0,Pedestrian/Bicyclist/Other Pedestrian Error/Confusion,4418076,22.9,9.7,0.0,0.0,0.0,0.0,3,17.7,36.0,224,Overcast,1,1,
18389,2021-05-17 16:00:00,40.701885,-73.73824,1,0,Unspecified,4417562,22.9,9.7,0.0,0.0,0.0,0.0,3,17.7,36.0,224,Overcast,1,1,
18390,2021-05-17 14:35:00,40.69407,-73.91406,0,0,Passing Too Closely,4417672,22.9,9.7,0.0,0.0,0.0,0.0,3,17.7,36.0,224,Overcast,0,0,
18391,2021-05-17 11:58:00,40.826427,-73.950455,0,0,Unsafe Lane Changing,4418155,22.9,9.7,0.0,0.0,0.0,0.0,3,17.7,36.0,224,Overcast,0,0,
18392,2021-05-17 17:46:00,40.69365,-73.98333,1,0,Failure to Yield Right-of-Way,4417531,22.9,9.7,0.0,0.0,0.0,0.0,3,17.7,36.0,224,Overcast,1,1,
18393,2021-05-14 22:40:00,40.659355,-73.75005,1,0,Unspecified,4416528,21.6,7.5,0.0,0.0,0.0,0.0,2,14.3,25.2,276,Partly cloudy,1,1,
18394,2021-05-17 09:17:00,40.528374,-74.20203,0,0,Driver Inattention/Distraction,4418029,22.9,9.7,0.0,0.0,0.0,0.0,3,17.7,36.0,224,Overcast,0,0,
18395,2021-05-12 15:35:00,40.706158,-73.907845,1,0,Failure to Yield Right-of-Way,4418199,17.9,5.8,0.0,0.0,0.0,0.0,2,20.0,41.0,317,Partly cloudy,1,1,
18396,2021-05-17 21:30:00,40.67665,-73.780655,0,0,Failure to Yield Right-of-Way,4417642,22.9,9.7,0.0,0.0,0.0,0.0,3,17.7,36.0,224,Overcast,0,0,
18397,2021-05-17 22:02:00,40.756096,-73.74655,0,0,Driver Inexperience,4417570,22.9,9.7,0.0,0.0,0.0,0.0,3,17.7,36.0,224,Overcast,0,0,
18398,2021-05-17 17:50:00,40.678654,-74.01629,0,0,Turning Improperly,4417643,22.9,9.7,0.0,0.0,0.0,0.0,3,17.7,36.0,224,Overcast,0,0,
18399,2021-05-17 23:50:00,40.769993,-73.915825,0,0,Driver Inattention/Distraction,4417620,22.9,9.7,0.0,0.0,0.0,0.0,3,17.7,36.0,224,Overcast,0,0,
18400,2021-05-14 20:58:00,40.7259,-73.97941,0,0,Other Vehicular,4418088,21.6,7.5,0.0,0.0,0.0,0.0,2,14.3,25.2,276,Partly cloudy,0,0,
18401,2021-05-16 16:00:00,40.6754,-73.9887,0,0,Backing Unsafely,4418123,22.3,10.7,0.1,0.1,0.0,1.0,51,23.8,46.1,261,Drizzle: Light,0,0,
18402,2021-05-16 00:00:00,40.676132,-73.921906,0,0,Driver Inattention/Distraction,4418247,22.3,10.7,0.1,0.1,0.0,1.0,51,23.8,46.1,261,Drizzle: Light,0,0,
18403,2021-05-17 18:20:00,40.54534,-74.160576,0,0,Driver Inattention/Distraction,4417868,22.9,9.7,0.0,0.0,0.0,0.0,3,17.7,36.0,224,Overcast,0,0,
18404,2021-05-03 11:00:00,40.67221,-73.92802,0,0,Unspecified,4418239,15.8,11.4,5.7,5.7,0.0,7.0,61,14.5,47.2,53,Rain: Light,0,0,
18405,2021-03-26 21:53:00,40.697216,-73.872955,1,0,Following Too Closely,4418191,25.3,9.8,2.7,2.7,0.0,7.0,53,40.0,71.3,233,Drizzle: Moderate,1,1,
18406,2021-05-17 17:56:00,40.669117,-73.905716,0,0,Driver Inexperience,4418067,22.9,9.7,0.0,0.0,0.0,0.0,3,17.7,36.0,224,Overcast,0,0,
18407,2021-05-17 04:30:00,40.74766,-73.86346,0,0,Steering Failure,4417267,22.9,9.7,0.0,0.0,0.0,0.0,3,17.7,36.0,224,Overcast,0,0,
18408,2021-05-09 16:35:00,40.731705,-74.00096,1,0,Failure to Yield Right-of-Way,4418102,16.7,5.8,8.6,8.6,0.0,8.0,61,18.9,38.9,250,Rain: Light,1,1,
18409,2021-05-17 16:20:00,40.73978,-73.97952,0,0,Traffic Control Disregarded,4417523,22.9,9.7,0.0,0.0,0.0,0.0,3,17.7,36.0,224,Overcast,0,0,
18410,2021-05-17 19:20:00,40.71045,-73.95687,1,1,Unsafe Speed,4417621,22.9,9.7,0.0,0.0,0.0,0.0,3,17.7,36.0,224,Overcast,21,2,
18411,2021-05-11 17:21:00,40.680477,-73.951164,0,0,Following Too Closely,4418132,16.7,8.2,0.0,0.0,0.0,0.0,3,27.0,51.1,292,Overcast,0,0,
18412,2021-05-17 17:18:00,40.741074,-73.7258,0,0,Unspecified,4417563,22.9,9.7,0.0,0.0,0.0,0.0,3,17.7,36.0,224,Overcast,0,0,
18413,2021-05-17 12:14:00,40.718018,-73.99996,0,0,Following Too Closely,4417840,22.9,9.7,0.0,0.0,0.0,0.0,3,17.7,36.0,224,Overcast,0,0,
18414,2021-05-17 14:00:00,40.60645,-73.974594,2,0,Driver Inattention/Distraction,4418027,22.9,9.7,0.0,0.0,0.0,0.0,3,17.7,36.0,224,Overcast,2,2,
18415,2021-05-17 18:55:00,40.71658,-73.80124,1,0,Driver Inattention/Distraction,4417599,22.9,9.7,0.0,0.0,0.0,0.0,3,17.7,36.0,224,Overcast,1,1,
18416,2021-05-16 16:15:00,40.78835,-73.83079,2,0,Passing or Lane Usage Improper,4418316,22.3,10.7,0.1,0.1,0.0,1.0,51,23.8,46.1,261,Drizzle: Light,2,2,
18417,2021-05-15 16:50:00,40.64424,-74.01042,0,0,Driver Inattention/Distraction,4418222,22.4,8.7,0.0,0.0,0.0,0.0,3,12.5,23.8,229,Overcast,0,0,
18418,2021-05-17 18:20:00,40.865505,-73.863525,1,0,Turning Improperly,4418117,22.9,9.7,0.0,0.0,0.0,0.0,3,17.7,36.0,224,Overcast,1,1,
18419,2022-06-30 16:46:00,40.822117,-73.89689,0,0,Driver Inexperience,4542510,31.2,17.3,0.0,0.0,0.0,0.0,2,19.1,37.4,274,Partly cloudy,0,0,
18420,2022-06-29 07:42:00,40.583725,-73.89372,1,0,Driver Inattention/Distraction,4541765,29.0,17.7,0.0,0.0,0.0,0.0,3,27.2,51.5,195,Overcast,1,1,
18421,2021-05-17 09:30:00,40.746296,-73.93041,0,0,Failure to Yield Right-of-Way,4417432,22.9,9.7,0.0,0.0,0.0,0.0,3,17.7,36.0,224,Overcast,0,0,
18422,2021-05-17 01:46:00,40.607197,-74.09393,0,0,Animals Action,4417458,22.9,9.7,0.0,0.0,0.0,0.0,3,17.7,36.0,224,Overcast,0,0,
18423,2021-05-17 03:20:00,40.758392,-73.981544,0,0,Alcohol Involvement,4417699,22.9,9.7,0.0,0.0,0.0,0.0,3,17.7,36.0,224,Overcast,0,0,
18424,2021-05-17 20:30:00,40.7179,-73.83202,1,0,Following Too Closely,4418214,22.9,9.7,0.0,0.0,0.0,0.0,3,17.7,36.0,224,Overcast,1,1,
18425,2021-05-17 15:30:00,40.703835,-73.778496,0,0,Failure to Yield Right-of-Way,4417542,22.9,9.7,0.0,0.0,0.0,0.0,3,17.7,36.0,224,Overcast,0,0,
18426,2021-05-17 13:56:00,40.633472,-73.92042,0,0,Backing Unsafely,4417798,22.9,9.7,0.0,0.0,0.0,0.0,3,17.7,36.0,224,Overcast,0,0,
18427,2021-05-11 20:50:00,40.8284,-73.9453,0,0,Driver Inattention/Distraction,4418150,16.7,8.2,0.0,0.0,0.0,0.0,3,27.0,51.1,292,Overcast,0,0,
18428,2021-05-17 08:35:00,40.87624,-73.88457,0,0,Unsafe Speed,4417397,22.9,9.7,0.0,0.0,0.0,0.0,3,17.7,36.0,224,Overcast,0,0,
18429,2021-05-17 16:51:00,40.75774,-73.92315,1,0,Unsafe Lane Changing,4417709,22.9,9.7,0.0,0.0,0.0,0.0,3,17.7,36.0,224,Overcast,1,1,
18430,2021-05-17 09:12:00,40.806076,-73.92564,0,0,Backing Unsafely,4417442,22.9,9.7,0.0,0.0,0.0,0.0,3,17.7,36.0,224,Overcast,0,0,
18431,2021-05-17 22:20:00,40.664642,-73.93708,0,0,Driver Inattention/Distraction,4417578,22.9,9.7,0.0,0.0,0.0,0.0,3,17.7,36.0,224,Overcast,0,0,
18432,2021-05-16 16:22:00,40.599117,-73.97472,0,0,Driver Inattention/Distraction,4418060,22.3,10.7,0.1,0.1,0.0,1.0,51,23.8,46.1,261,Drizzle: Light,0,0,
18433,2021-05-17 20:56:00,40.663284,-73.9846,0,0,Unsafe Speed,4418106,22.9,9.7,0.0,0.0,0.0,0.0,3,17.7,36.0,224,Overcast,0,0,
18434,2021-05-17 21:35:00,40.88263,-73.839516,1,0,,4417825,22.9,9.7,0.0,0.0,0.0,0.0,3,17.7,36.0,224,Overcast,1,1,
18435,2021-05-17 17:00:00,40.877068,-73.906105,0,0,Unspecified,4417536,22.9,9.7,0.0,0.0,0.0,0.0,3,17.7,36.0,224,Overcast,0,0,
18436,2021-05-17 22:30:00,40.665115,-73.92931,0,0,View Obstructed/Limited,4417592,22.9,9.7,0.0,0.0,0.0,0.0,3,17.7,36.0,224,Overcast,0,0,
18437,2021-05-12 23:30:00,40.80584,-73.96176,0,0,Driver Inattention/Distraction,4418284,17.9,5.8,0.0,0.0,0.0,0.0,2,20.0,41.0,317,Partly cloudy,0,0,
18438,2021-05-17 19:55:00,40.752464,-73.859085,0,0,Backing Unsafely,4418267,22.9,9.7,0.0,0.0,0.0,0.0,3,17.7,36.0,224,Overcast,0,0,
18439,2021-05-14 15:27:00,40.69822,-73.943954,1,0,Driver Inattention/Distraction,4418169,21.6,7.5,0.0,0.0,0.0,0.0,2,14.3,25.2,276,Partly cloudy,1,1,
18440,2021-05-17 14:30:00,40.53284,-74.20726,1,0,Driver Inattention/Distraction,4418034,22.9,9.7,0.0,0.0,0.0,0.0,3,17.7,36.0,224,Overcast,1,1,
18441,2021-05-17 09:45:00,40.758976,-73.99394,0,0,Turning Improperly,4418257,22.9,9.7,0.0,0.0,0.0,0.0,3,17.7,36.0,224,Overcast,0,0,
18442,2021-05-17 21:10:00,40.70499,-73.91736,0,0,Driver Inattention/Distraction,4417681,22.9,9.7,0.0,0.0,0.0,0.0,3,17.7,36.0,224,Overcast,0,0,
18443,2021-05-17 11:40:00,40.88601,-73.82776,0,0,Unspecified,4417779,22.9,9.7,0.0,0.0,0.0,0.0,3,17.7,36.0,224,Overcast,0,0,
18444,2021-05-17 15:36:00,40.70241,-73.79253,0,0,Failure to Yield Right-of-Way,4417490,22.9,9.7,0.0,0.0,0.0,0.0,3,17.7,36.0,224,Overcast,0,0,
18445,2022-07-01 05:26:00,40.748363,-73.98041,0,0,Driver Inattention/Distraction,4542564,33.7,20.2,0.1,0.1,0.0,1.0,51,32.3,58.0,215,Drizzle: Light,0,0,
18446,2021-05-17 15:00:00,40.691315,-73.86722,0,0,Passing or Lane Usage Improper,4417729,22.9,9.7,0.0,0.0,0.0,0.0,3,17.7,36.0,224,Overcast,0,0,
18447,2021-05-17 20:20:00,40.702614,-73.96058,0,0,Unsafe Lane Changing,4417655,22.9,9.7,0.0,0.0,0.0,0.0,3,17.7,36.0,224,Overcast,0,0,
18448,2021-05-17 10:51:00,40.760536,-73.95836,0,0,Passing or Lane Usage Improper,4417610,22.9,9.7,0.0,0.0,0.0,0.0,3,17.7,36.0,224,Overcast,0,0,
18449,2021-05-13 14:15:00,40.805508,-73.96201,1,0,Backing Unsafely,4418283,19.1,7.2,0.0,0.0,0.0,0.0,1,15.8,27.4,315,Mainly clear,1,1,Sunny/Clear Conditions
18450,2021-05-14 21:50:00,40.672794,-73.98329,0,0,Unspecified,4418113,21.6,7.5,0.0,0.0,0.0,0.0,2,14.3,25.2,276,Partly cloudy,0,0,
18451,2021-05-17 14:25:00,40.733536,-73.87035,0,0,Reaction to Uninvolved Vehicle,4417629,22.9,9.7,0.0,0.0,0.0,0.0,3,17.7,36.0,224,Overcast,0,0,
18452,2021-05-16 12:00:00,40.68111,-73.761185,0,0,Unspecified,4418051,22.3,10.7,0.1,0.1,0.0,1.0,51,23.8,46.1,261,Drizzle: Light,0,0,
18453,2021-05-16 18:39:00,40.82719,-73.887,1,0,Failure to Yield Right-of-Way,4418386,22.3,10.7,0.1,0.1,0.0,1.0,51,23.8,46.1,261,Drizzle: Light,1,1,
18454,2021-05-17 17:05:00,40.733604,-73.84995,0,0,Unsafe Speed,4417551,22.9,9.7,0.0,0.0,0.0,0.0,3,17.7,36.0,224,Overcast,0,0,
18455,2021-05-17 18:36:00,40.63336,-73.92928,2,0,Backing Unsafely,4417799,22.9,9.7,0.0,0.0,0.0,0.0,3,17.7,36.0,224,Overcast,2,2,
18456,2021-05-17 15:30:00,40.672142,-73.94752,0,0,Unspecified,4417899,22.9,9.7,0.0,0.0,0.0,0.0,3,17.7,36.0,224,Overcast,0,0,
18457,2021-05-17 03:00:00,40.63531,-73.9005,0,0,Unspecified,4417586,22.9,9.7,0.0,0.0,0.0,0.0,3,17.7,36.0,224,Overcast,0,0,
18458,2021-05-17 15:55:00,40.629284,-74.083885,0,0,Unspecified,4417744,22.9,9.7,0.0,0.0,0.0,0.0,3,17.7,36.0,224,Overcast,0,0,
18459,2021-05-17 08:37:00,40.79465,-73.971794,0,0,Turning Improperly,4417361,22.9,9.7,0.0,0.0,0.0,0.0,3,17.7,36.0,224,Overcast,0,0,
18460,2021-05-17 08:00:00,40.73862,-73.8508,1,0,Failure to Yield Right-of-Way,4417637,22.9,9.7,0.0,0.0,0.0,0.0,3,17.7,36.0,224,Overcast,1,1,
18461,2021-05-17 09:20:00,40.595673,-73.96838,0,0,Unspecified,4417462,22.9,9.7,0.0,0.0,0.0,0.0,3,17.7,36.0,224,Overcast,0,0,
18462,2021-05-17 21:43:00,40.84782,-73.90756,0,0,Traffic Control Disregarded,4417644,22.9,9.7,0.0,0.0,0.0,0.0,3,17.7,36.0,224,Overcast,0,0,
18463,2021-05-17 14:00:00,40.695614,-73.94056,0,0,Driver Inattention/Distraction,4417546,22.9,9.7,0.0,0.0,0.0,0.0,3,17.7,36.0,224,Overcast,0,0,
18464,2021-05-17 21:15:00,40.746593,-73.85664,2,0,Unspecified,4417636,22.9,9.7,0.0,0.0,0.0,0.0,3,17.7,36.0,224,Overcast,2,2,
18465,2021-05-15 01:40:00,40.714104,-73.95322,3,0,Driver Inattention/Distraction,4418419,22.4,8.7,0.0,0.0,0.0,0.0,3,12.5,23.8,229,Overcast,3,3,
18466,2021-05-17 17:18:00,40.841843,-73.94539,0,0,Following Too Closely,4418075,22.9,9.7,0.0,0.0,0.0,0.0,3,17.7,36.0,224,Overcast,0,0,
18467,2022-07-01 06:55:00,40.85512,-73.872215,0,0,Unsafe Speed,4542501,33.7,20.2,0.1,0.1,0.0,1.0,51,32.3,58.0,215,Drizzle: Light,0,0,
18468,2021-05-17 00:30:00,40.768272,-73.921165,0,0,Unspecified,4417172,22.9,9.7,0.0,0.0,0.0,0.0,3,17.7,36.0,224,Overcast,0,0,
18469,2021-05-15 13:05:00,40.68087,-73.97515,0,0,Driver Inattention/Distraction,4418125,22.4,8.7,0.0,0.0,0.0,0.0,3,12.5,23.8,229,Overcast,0,0,
18470,2021-04-22 10:48:00,40.67238,-73.94749,0,0,Driver Inattention/Distraction,4418246,7.9,1.3,0.0,0.0,0.0,0.0,3,34.0,64.4,289,Overcast,0,0,
18471,2021-05-07 08:30:00,40.755623,-73.778275,1,0,Failure to Yield Right-of-Way,4418215,16.4,7.7,0.0,0.0,0.0,0.0,3,15.8,32.4,73,Overcast,1,1,
18472,2021-05-17 16:20:00,40.818142,-73.844696,0,0,Backing Unsafely,4417711,22.9,9.7,0.0,0.0,0.0,0.0,3,17.7,36.0,224,Overcast,0,0,
18473,2021-05-17 13:00:00,40.610954,-74.00877,0,0,Backing Unsafely,4417441,22.9,9.7,0.0,0.0,0.0,0.0,3,17.7,36.0,224,Overcast,0,0,
18474,2021-05-17 00:15:00,40.682823,-73.93441,0,0,Driver Inattention/Distraction,4417443,22.9,9.7,0.0,0.0,0.0,0.0,3,17.7,36.0,224,Overcast,0,0,
18475,2021-05-17 13:25:00,40.70476,-73.91996,0,0,Reaction to Uninvolved Vehicle,4417673,22.9,9.7,0.0,0.0,0.0,0.0,3,17.7,36.0,224,Overcast,0,0,
18476,2021-04-14 02:30:00,40.675133,-73.97721,0,0,Unspecified,4418122,19.7,5.4,0.0,0.0,0.0,0.0,3,20.8,39.6,227,Overcast,0,0,
18477,2021-05-17 09:30:00,40.67502,-73.91579,0,0,Backing Unsafely,4417467,22.9,9.7,0.0,0.0,0.0,0.0,3,17.7,36.0,224,Overcast,0,0,
18478,2021-05-17 09:25:00,40.595932,-73.75963,1,0,Driver Inattention/Distraction,4417700,22.9,9.7,0.0,0.0,0.0,0.0,3,17.7,36.0,224,Overcast,1,1,
18479,2021-05-13 15:25:00,40.75895,-73.96849,0,0,Driver Inattention/Distraction,4418154,19.1,7.2,0.0,0.0,0.0,0.0,1,15.8,27.4,315,Mainly clear,0,0,Sunny/Clear Conditions
18480,2021-05-17 15:59:00,40.693592,-73.98222,0,0,Unspecified,4417535,22.9,9.7,0.0,0.0,0.0,0.0,3,17.7,36.0,224,Overcast,0,0,
18481,2021-05-17 07:00:00,40.71016,-73.98854,0,0,Obstruction/Debris,4417753,22.9,9.7,0.0,0.0,0.0,0.0,3,17.7,36.0,224,Overcast,0,0,
18482,2021-05-17 06:30:00,40.889503,-73.85802,0,0,Unspecified,4418206,22.9,9.7,0.0,0.0,0.0,0.0,3,17.7,36.0,224,Overcast,0,0,
18483,2021-05-17 09:50:00,40.79094,-73.947235,0,0,Following Too Closely,4417373,22.9,9.7,0.0,0.0,0.0,0.0,3,17.7,36.0,224,Overcast,0,0,
18484,2021-05-17 18:30:00,40.85667,-73.86569,0,0,Unspecified,4417674,22.9,9.7,0.0,0.0,0.0,0.0,3,17.7,36.0,224,Overcast,0,0,
18485,2021-05-17 07:25:00,40.644848,-74.08308,0,0,Driver Inattention/Distraction,4417749,22.9,9.7,0.0,0.0,0.0,0.0,3,17.7,36.0,224,Overcast,0,0,
18486,2021-05-17 16:47:00,40.62877,-73.91825,0,0,Unspecified,4417794,22.9,9.7,0.0,0.0,0.0,0.0,3,17.7,36.0,224,Overcast,0,0,
18487,2021-05-17 11:20:00,40.83351,-73.85809,0,0,Driver Inattention/Distraction,4417398,22.9,9.7,0.0,0.0,0.0,0.0,3,17.7,36.0,224,Overcast,0,0,
18488,2021-05-17 14:30:00,40.710876,-74.01439,0,0,Driver Inattention/Distraction,4417465,22.9,9.7,0.0,0.0,0.0,0.0,3,17.7,36.0,224,Overcast,0,0,
18489,2021-05-17 23:25:00,40.897625,-73.85625,0,0,Traffic Control Disregarded,4418173,22.9,9.7,0.0,0.0,0.0,0.0,3,17.7,36.0,224,Overcast,0,0,
18490,2021-05-11 11:12:00,40.610455,-73.99576,0,0,Following Too Closely,4418190,16.7,8.2,0.0,0.0,0.0,0.0,3,27.0,51.1,292,Overcast,0,0,
18491,2021-05-17 00:00:00,40.84361,-73.86631,0,0,Unspecified,4417518,22.9,9.7,0.0,0.0,0.0,0.0,3,17.7,36.0,224,Overcast,0,0,
18492,2021-05-17 22:50:00,40.86913,-73.89582,1,0,,4417622,22.9,9.7,0.0,0.0,0.0,0.0,3,17.7,36.0,224,Overcast,1,1,
18493,2021-05-07 11:30:00,40.709156,-73.84107,0,0,Following Too Closely,4418157,16.4,7.7,0.0,0.0,0.0,0.0,3,15.8,32.4,73,Overcast,0,0,
18494,2021-05-17 18:45:00,40.63944,-73.93489,1,0,Unspecified,4417858,22.9,9.7,0.0,0.0,0.0,0.0,3,17.7,36.0,224,Overcast,1,1,
18495,2021-05-17 19:44:00,40.865025,-73.82187,0,0,Unspecified,4418116,22.9,9.7,0.0,0.0,0.0,0.0,3,17.7,36.0,224,Overcast,0,0,
18496,2021-05-17 08:44:00,40.72537,-73.95473,0,0,Unspecified,4417431,22.9,9.7,0.0,0.0,0.0,0.0,3,17.7,36.0,224,Overcast,0,0,
18497,2021-05-17 15:30:00,40.659912,-73.998604,0,0,Unsafe Speed,4417543,22.9,9.7,0.0,0.0,0.0,0.0,3,17.7,36.0,224,Overcast,0,0,
18498,2021-05-17 05:04:00,40.834595,-73.861015,0,0,Animals Action,4417348,22.9,9.7,0.0,0.0,0.0,0.0,3,17.7,36.0,224,Overcast,0,0,
18499,2021-05-17 00:50:00,40.69953,-73.91104,0,0,Backing Unsafely,4417492,22.9,9.7,0.0,0.0,0.0,0.0,3,17.7,36.0,224,Overcast,0,0,
18500,2021-05-16 08:30:00,40.670456,-73.956924,0,0,Unspecified,4418249,22.3,10.7,0.1,0.1,0.0,1.0,51,23.8,46.1,261,Drizzle: Light,0,0,
18501,2021-05-17 18:00:00,40.711903,-73.96295,1,0,Traffic Control Disregarded,4417659,22.9,9.7,0.0,0.0,0.0,0.0,3,17.7,36.0,224,Overcast,1,1,
18502,2021-05-17 13:40:00,40.68633,-73.80696,1,0,Following Too Closely,4417477,22.9,9.7,0.0,0.0,0.0,0.0,3,17.7,36.0,224,Overcast,1,1,
18503,2021-05-15 15:00:00,40.71528,-73.97648,1,0,Pedestrian/Bicyclist/Other Pedestrian Error/Confusion,4418341,22.4,8.7,0.0,0.0,0.0,0.0,3,12.5,23.8,229,Overcast,1,1,
18504,2021-05-14 20:02:00,40.730137,-73.862366,1,0,Driver Inattention/Distraction,4418071,21.6,7.5,0.0,0.0,0.0,0.0,2,14.3,25.2,276,Partly cloudy,1,1,
18505,2021-05-17 13:10:00,40.632275,-74.08345,0,0,Driver Inattention/Distraction,4417755,22.9,9.7,0.0,0.0,0.0,0.0,3,17.7,36.0,224,Overcast,0,0,
18506,2021-05-17 07:40:00,40.7462,-73.73563,1,0,Unspecified,4417565,22.9,9.7,0.0,0.0,0.0,0.0,3,17.7,36.0,224,Overcast,1,1,
18507,2021-05-17 00:00:00,40.823376,-73.90912,0,0,Driver Inattention/Distraction,4417691,22.9,9.7,0.0,0.0,0.0,0.0,3,17.7,36.0,224,Overcast,0,0,
18508,2021-05-17 23:30:00,40.70636,-73.792534,0,0,Driver Inattention/Distraction,4417776,22.9,9.7,0.0,0.0,0.0,0.0,3,17.7,36.0,224,Overcast,0,0,