,CRASH DATETIME,LATITUDE,LONGITUDE,NUMBER OF PERSONS INJURED,NUMBER OF PERSONS KILLED,CONTRIBUTING FACTOR VEHICLE 1,COLLISION_ID,temperature_2m_max,temperature_2m_min,precipitation_sum,rain_sum,snowfall_sum,precipitation_hours,weather_code,wind_speed_10m_max,wind_gusts_10m_max,wind_direction_10m_dominant,Weather Description,Severity_Score,Total_Affected_Persons,Weather_Category
18509,2021-05-17 08:47:00,40.89466,-73.86137,0,0,Driver Inattention/Distraction,4417743,22.9,9.7,0.0,0.0,0.0,0.0,3,17.7,36.0,224,Overcast,0,0,
18510,2021-05-17 16:45:00,40.885216,-73.87937,1,0,View Obstructed/Limited,4417617,22.9,9.7,0.0,0.0,0.0,0.0,3,17.7,36.0,224,Overcast,1,1,
18511,2021-05-14 14:30:00,40.52864,-74.21685,0,0,Unspecified,4418026,21.6,7.5,0.0,0.0,0.0,0.0,2,14.3,25.2,276,Partly cloudy,0,0,
18512,2021-05-05 15:21:00,40.88471,-73.83131,1,0,Passing Too Closely,4418149,15.1,10.8,9.9,9.9,0.0,17.0,61,21.5,42.5,23,Rain: Light,1,1,
18513,2021-05-17 10:20:00,40.706303,-73.74789,0,0,Unspecified,4417559,22.9,9.7,0.0,0.0,0.0,0.0,3,17.7,36.0,224,Overcast,0,0,
18514,2021-05-07 07:50:00,40.824574,-73.87255,1,0,Unspecified,4418061,16.4,7.7,0.0,0.0,0.0,0.0,3,15.8,32.4,73,Overcast,1,1,
18515,2021-05-17 12:20:00,40.86772,-73.83122,1,0,,4417549,22.9,9.7,0.0,0.0,0.0,0.0,3,17.7,36.0,224,Overcast,1,1,
18516,2021-05-16 15:30:00,40.72547,-73.98396,1,0,Driver Inattention/Distraction,4418091,22.3,10.7,0.1,0.1,0.0,1.0,51,23.8,46.1,261,Drizzle: Light,1,1,
18517,2021-05-11 23:00:00,40.70091,-73.88787,0,0,Passing Too Closely,4418258,16.7,8.2,0.0,0.0,0.0,0.0,3,27.0,51.1,292,Overcast,0,0,
18518,2021-05-17 13:50:00,40.705936,-74.01029,0,0,Unspecified,4417459,22.9,9.7,0.0,0.0,0.0,0.0,3,17.7,36.0,224,Overcast,0,0,
18519,2021-05-17 11:58:00,40.661266,-73.93234,0,0,Unspecified,4417594,22.9,9.7,0.0,0.0,0.0,0.0,3,17.7,36.0,224,Overcast,0,0,
18520,2021-05-17 10:38:00,40.696198,-73.94212,0,0,Unspecified,4418134,22.9,9.7,0.0,0.0,0.0,0.0,3,17.7,36.0,224,Overcast,0,0,
18521,2021-05-17 02:00:00,40.580734,-74.09776,0,0,Driver Inattention/Distraction,4417871,22.9,9.7,0.0,0.0,0.0,0.0,3,17.7,36.0,224,Overcast,0,0,
18522,2021-05-17 20:55:00,40.7164,-73.80797,0,0,Unspecified,4417600,22.9,9.7,0.0,0.0,0.0,0.0,3,17.7,36.0,224,Overcast,0,0,
18523,2021-05-15 23:15:00,40.703262,-73.86132,0,0,Unsafe Speed,4418266,22.4,8.7,0.0,0.0,0.0,0.0,3,12.5,23.8,229,Overcast,0,0,
18524,2021-05-17 16:23:00,40.631348,-73.95966,0,0,Unspecified,4417654,22.9,9.7,0.0,0.0,0.0,0.0,3,17.7,36.0,224,Overcast,0,0,
18525,2021-05-17 21:45:00,40.71741,-73.984,1,0,Other Vehicular,4417969,22.9,9.7,0.0,0.0,0.0,0.0,3,17.7,36.0,224,Overcast,1,1,
18526,2021-05-17 15:00:00,40.75829,-73.83431,1,0,Brakes Defective,4417537,22.9,9.7,0.0,0.0,0.0,0.0,3,17.7,36.0,224,Overcast,1,1,
18527,2021-05-17 08:46:00,40.823566,-73.93768,0,0,Driver Inattention/Distraction,4418082,22.9,9.7,0.0,0.0,0.0,0.0,3,17.7,36.0,224,Overcast,0,0,
18528,2021-05-14 17:18:00,40.867733,-73.85861,4,0,Other Vehicular,4418105,21.6,7.5,0.0,0.0,0.0,0.0,2,14.3,25.2,276,Partly cloudy,4,4,
18529,2021-05-17 18:35:00,40.693874,-73.91777,1,0,Driver Inattention/Distraction,4417680,22.9,9.7,0.0,0.0,0.0,0.0,3,17.7,36.0,224,Overcast,1,1,
18530,2021-05-17 10:20:00,40.650517,-73.92359,0,0,Unspecified,4417833,22.9,9.7,0.0,0.0,0.0,0.0,3,17.7,36.0,224,Overcast,0,0,
18531,2021-05-17 21:50:00,40.58369,-73.92157,0,0,Driver Inattention/Distraction,4417608,22.9,9.7,0.0,0.0,0.0,0.0,3,17.7,36.0,224,Overcast,0,0,
18532,2021-05-14 14:52:00,40.81574,-73.95456,1,0,Pedestrian/Bicyclist/Other Pedestrian Error/Confusion,4418286,21.6,7.5,0.0,0.0,0.0,0.0,2,14.3,25.2,276,Partly cloudy,1,1,
18533,2021-05-17 14:30:00,40.879948,-73.82339,1,0,Brakes Defective,4417639,22.9,9.7,0.0,0.0,0.0,0.0,3,17.7,36.0,224,Overcast,1,1,
18534,2021-05-17 13:48:00,40.625515,-74.15226,0,0,Driver Inattention/Distraction,4418153,22.9,9.7,0.0,0.0,0.0,0.0,3,17.7,36.0,224,Overcast,0,0,
18535,2021-05-17 17:45:00,40.527668,-74.230225,0,0,Failure to Yield Right-of-Way,4418033,22.9,9.7,0.0,0.0,0.0,0.0,3,17.7,36.0,224,Overcast,0,0,
18536,2021-05-11 15:30:00,40.674313,-73.95009,0,0,Passing or Lane Usage Improper,4418238,16.7,8.2,0.0,0.0,0.0,0.0,3,27.0,51.1,292,Overcast,0,0,
18537,2021-05-17 12:45:00,40.63679,-73.95744,0,0,Driver Inattention/Distraction,4417646,22.9,9.7,0.0,0.0,0.0,0.0,3,17.7,36.0,224,Overcast,0,0,
18538,2021-05-16 17:20:00,40.70284,-73.90529,0,0,Driver Inattention/Distraction,4418216,22.3,10.7,0.1,0.1,0.0,1.0,51,23.8,46.1,261,Drizzle: Light,0,0,
18539,2021-05-17 02:00:00,40.808132,-73.916595,0,0,Unspecified,4417178,22.9,9.7,0.0,0.0,0.0,0.0,3,17.7,36.0,224,Overcast,0,0,
18540,2021-05-16 18:40:00,40.66975,-73.98749,0,0,Unsafe Speed,4418126,22.3,10.7,0.1,0.1,0.0,1.0,51,23.8,46.1,261,Drizzle: Light,0,0,
18541,2021-05-17 11:10:00,40.885944,-73.90988,0,0,Following Too Closely,4417555,22.9,9.7,0.0,0.0,0.0,0.0,3,17.7,36.0,224,Overcast,0,0,
18542,2021-05-17 09:00:00,40.697918,-73.9728,3,0,Driver Inattention/Distraction,4417723,22.9,9.7,0.0,0.0,0.0,0.0,3,17.7,36.0,224,Overcast,3,3,
18543,2021-05-17 14:30:00,40.831215,-73.85628,0,0,Unspecified,4417446,22.9,9.7,0.0,0.0,0.0,0.0,3,17.7,36.0,224,Overcast,0,0,
18544,2021-05-17 12:45:00,40.59527,-73.781845,1,0,Other Vehicular,4417702,22.9,9.7,0.0,0.0,0.0,0.0,3,17.7,36.0,224,Overcast,1,1,
18545,2021-05-15 06:29:00,40.842094,-73.84836,0,0,Tire Failure/Inadequate,4418111,22.4,8.7,0.0,0.0,0.0,0.0,3,12.5,23.8,229,Overcast,0,0,
18546,2021-05-17 16:30:00,40.59703,-74.09337,1,0,Following Too Closely,4417873,22.9,9.7,0.0,0.0,0.0,0.0,3,17.7,36.0,224,Overcast,1,1,
18547,2021-05-17 22:25:00,40.86268,-73.90905,0,0,Traffic Control Disregarded,4417615,22.9,9.7,0.0,0.0,0.0,0.0,3,17.7,36.0,224,Overcast,0,0,
18548,2021-05-17 12:13:00,40.712055,-73.96615,1,0,Driver Inattention/Distraction,4418417,22.9,9.7,0.0,0.0,0.0,0.0,3,17.7,36.0,224,Overcast,1,1,
18549,2021-05-17 07:50:00,40.817738,-73.924164,1,0,Driver Inattention/Distraction,4417628,22.9,9.7,0.0,0.0,0.0,0.0,3,17.7,36.0,224,Overcast,1,1,
18550,2021-05-17 16:30:00,40.624893,-73.934326,0,0,Driver Inattention/Distraction,4417800,22.9,9.7,0.0,0.0,0.0,0.0,3,17.7,36.0,224,Overcast,0,0,
18551,2021-05-17 18:05:00,40.843204,-73.91196,0,0,Following Too Closely,4417668,22.9,9.7,0.0,0.0,0.0,0.0,3,17.7,36.0,224,Overcast,0,0,
18552,2021-05-17 07:30:00,40.709476,-73.76393,0,0,Driver Inexperience,4417475,22.9,9.7,0.0,0.0,0.0,0.0,3,17.7,36.0,224,Overcast,0,0,
18553,2021-05-17 16:20:00,40.827835,-73.94786,0,0,Driver Inattention/Distraction,4417533,22.9,9.7,0.0,0.0,0.0,0.0,3,17.7,36.0,224,Overcast,0,0,
18554,2021-05-15 12:58:00,40.702976,-73.85876,0,0,Passing or Lane Usage Improper,4418205,22.4,8.7,0.0,0.0,0.0,0.0,3,12.5,23.8,229,Overcast,0,0,
18555,2022-06-29 15:36:00,40.680035,-73.9055,1,0,Passing Too Closely,4541966,29.0,17.7,0.0,0.0,0.0,0.0,3,27.2,51.5,195,Overcast,1,1,
18556,2021-05-12 16:30:00,40.753304,-73.91476,0,0,Unspecified,4418159,17.9,5.8,0.0,0.0,0.0,0.0,2,20.0,41.0,317,Partly cloudy,0,0,
18557,2021-05-17 12:50:00,40.674114,-73.88975,0,0,Failure to Yield Right-of-Way,4417675,22.9,9.7,0.0,0.0,0.0,0.0,3,17.7,36.0,224,Overcast,0,0,
18558,2021-05-17 15:22:00,40.64366,-73.90067,2,0,Unspecified,4417585,22.9,9.7,0.0,0.0,0.0,0.0,3,17.7,36.0,224,Overcast,2,2,
18559,2021-05-14 09:30:00,40.75595,-73.88165,0,0,Following Too Closely,4418275,21.6,7.5,0.0,0.0,0.0,0.0,2,14.3,25.2,276,Partly cloudy,0,0,
18560,2021-05-02 01:27:00,40.664486,-73.98359,2,0,Traffic Control Disregarded,4418121,26.3,11.3,0.0,0.0,0.0,0.0,3,23.0,43.9,251,Overcast,2,2,
18561,2021-05-13 11:00:00,40.86786,-73.84123,0,0,Unspecified,4418244,19.1,7.2,0.0,0.0,0.0,0.0,1,15.8,27.4,315,Mainly clear,0,0,Sunny/Clear Conditions
18562,2021-05-17 11:40:00,40.631847,-73.94435,0,0,Following Too Closely,4417478,22.9,9.7,0.0,0.0,0.0,0.0,3,17.7,36.0,224,Overcast,0,0,
18563,2021-05-17 17:40:00,40.769684,-73.82165,1,0,Driver Inattention/Distraction,4417538,22.9,9.7,0.0,0.0,0.0,0.0,3,17.7,36.0,224,Overcast,1,1,
18564,2021-05-17 22:27:00,40.641563,-73.938736,0,0,Accelerator Defective,4417834,22.9,9.7,0.0,0.0,0.0,0.0,3,17.7,36.0,224,Overcast,0,0,
18565,2021-05-17 12:30:00,40.609108,-74.08799,0,0,Backing Unsafely,4417750,22.9,9.7,0.0,0.0,0.0,0.0,3,17.7,36.0,224,Overcast,0,0,
18566,2021-05-17 17:08:00,40.84985,-73.892334,0,0,Driver Inattention/Distraction,4417759,22.9,9.7,0.0,0.0,0.0,0.0,3,17.7,36.0,224,Overcast,0,0,
18567,2021-05-13 13:50:00,40.717014,-73.7994,1,0,Driver Inattention/Distraction,4418288,19.1,7.2,0.0,0.0,0.0,0.0,1,15.8,27.4,315,Mainly clear,1,1,Sunny/Clear Conditions
18568,2021-05-17 04:30:00,40.738613,-73.80241,0,0,Other Vehicular,4417370,22.9,9.7,0.0,0.0,0.0,0.0,3,17.7,36.0,224,Overcast,0,0,
18569,2021-05-17 00:00:00,40.8485,-73.820496,1,0,Unspecified,4417635,22.9,9.7,0.0,0.0,0.0,0.0,3,17.7,36.0,224,Overcast,1,1,
18570,2021-05-17 15:50:00,40.829506,-73.93177,0,0,Reaction to Uninvolved Vehicle,4418366,22.9,9.7,0.0,0.0,0.0,0.0,3,17.7,36.0,224,Overcast,0,0,
18571,2021-05-17 00:40:00,40.597878,-74.137856,0,0,Driver Inattention/Distraction,4417437,22.9,9.7,0.0,0.0,0.0,0.0,3,17.7,36.0,224,Overcast,0,0,
18572,2021-05-13 00:34:00,40.715176,-73.951965,5,0,Unspecified,4418344,19.1,7.2,0.0,0.0,0.0,0.0,1,15.8,27.4,315,Mainly clear,5,5,Sunny/Clear Conditions
18573,2021-05-17 16:32:00,40.671715,-73.8882,0,0,Driver Inattention/Distraction,4417679,22.9,9.7,0.0,0.0,0.0,0.0,3,17.7,36.0,224,Overcast,0,0,
18574,2021-05-17 05:30:00,40.727757,-73.985664,0,0,Driver Inattention/Distraction,4417347,22.9,9.7,0.0,0.0,0.0,0.0,3,17.7,36.0,224,Overcast,0,0,
18575,2021-05-17 16:12:00,40.784534,-73.9736,0,0,Unsafe Lane Changing,4417545,22.9,9.7,0.0,0.0,0.0,0.0,3,17.7,36.0,224,Overcast,0,0,
18576,2021-05-17 14:00:00,40.580616,-74.152534,1,0,Failure to Yield Right-of-Way,4417746,22.9,9.7,0.0,0.0,0.0,0.0,3,17.7,36.0,224,Overcast,1,1,
18577,2021-05-08 17:22:00,40.674145,-73.93062,2,0,Driver Inattention/Distraction,4418251,11.6,7.7,4.3,4.3,0.0,9.0,61,17.5,36.4,140,Rain: Light,2,2,
18578,2021-05-17 15:30:00,40.655514,-73.959854,1,0,Driver Inattention/Distraction,4417658,22.9,9.7,0.0,0.0,0.0,0.0,3,17.7,36.0,224,Overcast,1,1,
18579,2021-05-17 14:52:00,40.588253,-73.95053,0,0,Driver Inattention/Distraction,4417464,22.9,9.7,0.0,0.0,0.0,0.0,3,17.7,36.0,224,Overcast,0,0,
18580,2021-05-17 13:30:00,40.66696,-73.97645,0,0,Failure to Yield Right-of-Way,4418104,22.9,9.7,0.0,0.0,0.0,0.0,3,17.7,36.0,224,Overcast,0,0,
18581,2021-05-17 23:50:00,40.718857,-73.946236,1,0,Following Too Closely,4418064,22.9,9.7,0.0,0.0,0.0,0.0,3,17.7,36.0,224,Overcast,1,1,
18582,2021-05-17 15:52:00,40.663124,-73.96244,0,0,Driver Inattention/Distraction,4417595,22.9,9.7,0.0,0.0,0.0,0.0,3,17.7,36.0,224,Overcast,0,0,
18583,2021-05-17 00:00:00,40.630547,-74.00934,0,0,Driver Inattention/Distraction,4417567,22.9,9.7,0.0,0.0,0.0,0.0,3,17.7,36.0,224,Overcast,0,0,
18584,2021-05-17 18:45:00,40.76605,-73.87587,1,0,Following Too Closely,4417852,22.9,9.7,0.0,0.0,0.0,0.0,3,17.7,36.0,224,Overcast,1,1,
18585,2021-05-17 12:53:00,40.598553,-73.997345,0,0,Driver Inattention/Distraction,4418024,22.9,9.7,0.0,0.0,0.0,0.0,3,17.7,36.0,224,Overcast,0,0,
18586,2021-05-17 18:05:00,40.631687,-74.02174,1,0,Unspecified,4417601,22.9,9.7,0.0,0.0,0.0,0.0,3,17.7,36.0,224,Overcast,1,1,
18587,2021-05-06 15:00:00,40.714436,-73.8871,0,0,Failure to Yield Right-of-Way,4418259,17.3,8.7,0.0,0.0,0.0,0.0,3,22.6,43.6,313,Overcast,0,0,
18588,2021-05-17 07:05:00,40.542423,-74.14592,0,0,Passing or Lane Usage Improper,4417461,22.9,9.7,0.0,0.0,0.0,0.0,3,17.7,36.0,224,Overcast,0,0,
18589,2021-05-12 15:41:00,40.645874,-73.892845,1,0,Failure to Yield Right-of-Way,4418230,17.9,5.8,0.0,0.0,0.0,0.0,2,20.0,41.0,317,Partly cloudy,1,1,
18590,2021-05-17 06:21:00,40.610138,-73.9611,2,0,Driver Inattention/Distraction,4417413,22.9,9.7,0.0,0.0,0.0,0.0,3,17.7,36.0,224,Overcast,2,2,
18591,2021-05-17 14:40:00,40.68022,-73.775505,1,0,Aggressive Driving/Road Rage,4417686,22.9,9.7,0.0,0.0,0.0,0.0,3,17.7,36.0,224,Overcast,1,1,
18592,2021-05-17 21:55:00,40.710484,-73.75845,0,0,Passing or Lane Usage Improper,4417775,22.9,9.7,0.0,0.0,0.0,0.0,3,17.7,36.0,224,Overcast,0,0,
18593,2021-05-17 14:00:00,40.70128,-73.93951,0,0,Passing Too Closely,4417499,22.9,9.7,0.0,0.0,0.0,0.0,3,17.7,36.0,224,Overcast,0,0,
18594,2021-05-17 07:55:00,40.868748,-73.89497,0,0,Unspecified,4417618,22.9,9.7,0.0,0.0,0.0,0.0,3,17.7,36.0,224,Overcast,0,0,
18595,2021-05-17 00:00:00,40.620525,-73.95929,0,0,Unspecified,4417651,22.9,9.7,0.0,0.0,0.0,0.0,3,17.7,36.0,224,Overcast,0,0,
18596,2021-05-17 10:35:00,40.66701,-73.9004,1,0,Failure to Yield Right-of-Way,4417399,22.9,9.7,0.0,0.0,0.0,0.0,3,17.7,36.0,224,Overcast,1,1,
18597,2021-05-17 07:10:00,40.66614,-73.82326,1,0,Driver Inattention/Distraction,4417292,22.9,9.7,0.0,0.0,0.0,0.0,3,17.7,36.0,224,Overcast,1,1,
18598,2021-05-17 14:00:00,40.689354,-73.936325,0,0,Unspecified,4417548,22.9,9.7,0.0,0.0,0.0,0.0,3,17.7,36.0,224,Overcast,0,0,
18599,2021-05-16 21:59:00,40.760822,-73.99832,0,0,Failure to Yield Right-of-Way,4418187,22.3,10.7,0.1,0.1,0.0,1.0,51,23.8,46.1,261,Drizzle: Light,0,0,
18600,2021-05-17 16:10:00,40.867424,-73.89182,0,0,Unspecified,4417624,22.9,9.7,0.0,0.0,0.0,0.0,3,17.7,36.0,224,Overcast,0,0,
18601,2021-05-17 10:26:00,40.730103,-74.0048,0,0,Passing Too Closely,4417517,22.9,9.7,0.0,0.0,0.0,0.0,3,17.7,36.0,224,Overcast,0,0,
18602,2021-05-16 16:35:00,40.748093,-73.993454,0,0,Driver Inattention/Distraction,4418070,22.3,10.7,0.1,0.1,0.0,1.0,51,23.8,46.1,261,Drizzle: Light,0,0,
18603,2021-05-17 20:50:00,40.54101,-74.14711,0,0,Unsafe Lane Changing,4417870,22.9,9.7,0.0,0.0,0.0,0.0,3,17.7,36.0,224,Overcast,0,0,
18604,2021-05-11 13:10:00,40.71558,-73.960144,0,0,Passing Too Closely,4418144,16.7,8.2,0.0,0.0,0.0,0.0,3,27.0,51.1,292,Overcast,0,0,
18605,2021-05-17 12:49:00,40.658974,-73.744225,1,0,Driver Inattention/Distraction,4417560,22.9,9.7,0.0,0.0,0.0,0.0,3,17.7,36.0,224,Overcast,1,1,
18606,2021-05-17 18:06:00,40.8059,-73.92523,0,0,Unspecified,4417973,22.9,9.7,0.0,0.0,0.0,0.0,3,17.7,36.0,224,Overcast,0,0,
18607,2021-05-14 22:15:00,40.893303,-73.85706,1,0,Alcohol Involvement,4418184,21.6,7.5,0.0,0.0,0.0,0.0,2,14.3,25.2,276,Partly cloudy,1,1,
18608,2021-05-17 14:11:00,40.664146,-73.88186,1,0,Unspecified,4417676,22.9,9.7,0.0,0.0,0.0,0.0,3,17.7,36.0,224,Overcast,1,1,
18609,2021-05-16 12:40:00,40.818424,-73.94515,2,0,Driver Inattention/Distraction,4418218,22.3,10.7,0.1,0.1,0.0,1.0,51,23.8,46.1,261,Drizzle: Light,2,2,
18610,2021-05-14 20:30:00,40.687828,-73.943184,0,0,Driver Inattention/Distraction,4418253,21.6,7.5,0.0,0.0,0.0,0.0,2,14.3,25.2,276,Partly cloudy,0,0,
18611,2021-05-17 08:20:00,40.72168,-73.75858,0,0,Unspecified,4417447,22.9,9.7,0.0,0.0,0.0,0.0,3,17.7,36.0,224,Overcast,0,0,
18612,2021-05-17 20:00:00,40.821274,-73.91743,0,0,Driver Inexperience,4417727,22.9,9.7,0.0,0.0,0.0,0.0,3,17.7,36.0,224,Overcast,0,0,
18613,2021-05-17 07:15:00,40.680775,-73.97448,0,0,Oversized Vehicle,4418120,22.9,9.7,0.0,0.0,0.0,0.0,3,17.7,36.0,224,Overcast,0,0,
18614,2021-05-17 22:00:00,40.841618,-73.91448,0,0,Unspecified,4417669,22.9,9.7,0.0,0.0,0.0,0.0,3,17.7,36.0,224,Overcast,0,0,
18615,2021-05-17 09:47:00,40.75831,-73.96294,1,0,Traffic Control Disregarded,4417436,22.9,9.7,0.0,0.0,0.0,0.0,3,17.7,36.0,224,Overcast,1,1,
18616,2022-06-27 00:00:00,40.884033,-73.89797,1,0,Failure to Yield Right-of-Way,4542719,26.2,19.8,11.7,11.7,0.0,9.0,63,20.5,43.2,224,Rain: Moderate,1,1,
18617,2021-05-17 17:40:00,40.634354,-73.94202,0,0,Driver Inattention/Distraction,4417785,22.9,9.7,0.0,0.0,0.0,0.0,3,17.7,36.0,224,Overcast,0,0,
18618,2021-05-17 15:34:00,40.839798,-73.873604,0,0,Driver Inattention/Distraction,4417761,22.9,9.7,0.0,0.0,0.0,0.0,3,17.7,36.0,224,Overcast,0,0,
18619,2021-05-17 09:05:00,40.723503,-73.97929,1,0,Driver Inattention/Distraction,4417390,22.9,9.7,0.0,0.0,0.0,0.0,3,17.7,36.0,224,Overcast,1,1,
18620,2021-05-11 12:10:00,40.715813,-73.95892,0,0,Passing Too Closely,4418145,16.7,8.2,0.0,0.0,0.0,0.0,3,27.0,51.1,292,Overcast,0,0,
18621,2021-04-28 16:35:00,40.677513,-73.95913,1,0,Failure to Yield Right-of-Way,4418237,26.1,7.9,0.0,0.0,0.0,0.0,3,15.3,34.6,133,Overcast,1,1,
18622,2021-05-03 22:13:00,40.67533,-73.93609,2,0,Unspecified,4418272,15.8,11.4,5.7,5.7,0.0,7.0,61,14.5,47.2,53,Rain: Light,2,2,
18623,2021-05-11 20:00:00,40.723278,-73.98253,0,0,Driver Inattention/Distraction,4418087,16.7,8.2,0.0,0.0,0.0,0.0,3,27.0,51.1,292,Overcast,0,0,
18624,2021-05-17 05:57:00,40.688904,-73.980934,1,0,Fell Asleep,4417194,22.9,9.7,0.0,0.0,0.0,0.0,3,17.7,36.0,224,Overcast,1,1,
18625,2021-05-16 23:00:00,40.692585,-73.90265,0,0,Passing Too Closely,4418200,22.3,10.7,0.1,0.1,0.0,1.0,51,23.8,46.1,261,Drizzle: Light,0,0,
18626,2021-05-17 13:25:00,40.739048,-73.852776,0,0,Backing Unsafely,4417633,22.9,9.7,0.0,0.0,0.0,0.0,3,17.7,36.0,224,Overcast,0,0,
18627,2021-05-17 15:30:00,40.845142,-73.91106,0,0,Unspecified,4417647,22.9,9.7,0.0,0.0,0.0,0.0,3,17.7,36.0,224,Overcast,0,0,
18628,2021-05-14 00:00:00,40.88031,-73.91854,1,0,Fell Asleep,4418400,21.6,7.5,0.0,0.0,0.0,0.0,2,14.3,25.2,276,Partly cloudy,1,1,
18629,2021-05-17 18:00:00,40.668186,-73.74111,0,0,Driver Inattention/Distraction,4417553,22.9,9.7,0.0,0.0,0.0,0.0,3,17.7,36.0,224,Overcast,0,0,
18630,2021-05-17 23:00:00,40.642174,-74.02064,2,0,Following Too Closely,4417801,22.9,9.7,0.0,0.0,0.0,0.0,3,17.7,36.0,224,Overcast,2,2,
18631,2021-05-17 12:40:00,40.638165,-73.90476,0,0,Unspecified,4417584,22.9,9.7,0.0,0.0,0.0,0.0,3,17.7,36.0,224,Overcast,0,0,
18632,2021-05-02 00:06:00,40.773415,-73.89338,1,0,Driver Inattention/Distraction,4418160,26.3,11.3,0.0,0.0,0.0,0.0,3,23.0,43.9,251,Overcast,1,1,
18633,2021-05-16 08:57:00,40.819378,-73.96035,1,0,Unspecified,4418289,22.3,10.7,0.1,0.1,0.0,1.0,51,23.8,46.1,261,Drizzle: Light,1,1,
18634,2021-05-17 15:25:00,40.840263,-73.84717,0,0,Failure to Yield Right-of-Way,4417640,22.9,9.7,0.0,0.0,0.0,0.0,3,17.7,36.0,224,Overcast,0,0,
18635,2021-05-17 13:10:00,40.650467,-73.92443,0,0,Unspecified,4417474,22.9,9.7,0.0,0.0,0.0,0.0,3,17.7,36.0,224,Overcast,0,0,
18636,2021-05-17 00:30:00,40.80447,-73.93735,0,0,Unspecified,4417367,22.9,9.7,0.0,0.0,0.0,0.0,3,17.7,36.0,224,Overcast,0,0,
18637,2021-05-17 17:20:00,40.595802,-73.76762,0,0,Driver Inattention/Distraction,4417706,22.9,9.7,0.0,0.0,0.0,0.0,3,17.7,36.0,224,Overcast,0,0,
18638,2021-05-17 23:05:00,40.68418,-73.983955,0,0,Reaction to Uninvolved Vehicle,4417838,22.9,9.7,0.0,0.0,0.0,0.0,3,17.7,36.0,224,Overcast,0,0,
18639,2021-05-17 16:30:00,40.762226,-73.834076,0,0,Failure to Yield Right-of-Way,4417539,22.9,9.7,0.0,0.0,0.0,0.0,3,17.7,36.0,224,Overcast,0,0,
18640,2021-05-17 13:00:00,40.688614,-73.989174,2,0,Traffic Control Disregarded,4417532,22.9,9.7,0.0,0.0,0.0,0.0,3,17.7,36.0,224,Overcast,2,2,
18641,2021-05-17 16:30:00,40.625404,-74.13528,1,0,Unspecified,4417751,22.9,9.7,0.0,0.0,0.0,0.0,3,17.7,36.0,224,Overcast,1,1,
18642,2021-05-13 22:15:00,40.890354,-73.84175,0,0,Driver Inattention/Distraction,4418152,19.1,7.2,0.0,0.0,0.0,0.0,1,15.8,27.4,315,Mainly clear,0,0,Sunny/Clear Conditions
18643,2021-05-17 09:30:00,40.75166,-73.74273,0,0,Unsafe Lane Changing,4417574,22.9,9.7,0.0,0.0,0.0,0.0,3,17.7,36.0,224,Overcast,0,0,
18644,2021-05-17 23:30:00,40.71232,-73.73202,0,0,Unspecified,4417614,22.9,9.7,0.0,0.0,0.0,0.0,3,17.7,36.0,224,Overcast,0,0,
18645,2021-05-17 11:00:00,40.67087,-73.974945,0,0,Passing Too Closely,4418110,22.9,9.7,0.0,0.0,0.0,0.0,3,17.7,36.0,224,Overcast,0,0,
18646,2021-05-14 15:10:00,40.7527,-73.83139,1,0,Unspecified,4418055,21.6,7.5,0.0,0.0,0.0,0.0,2,14.3,25.2,276,Partly cloudy,1,1,
18647,2021-05-17 15:40:00,40.741264,-74.00198,0,0,Failure to Yield Right-of-Way,4418264,22.9,9.7,0.0,0.0,0.0,0.0,3,17.7,36.0,224,Overcast,0,0,
18648,2021-05-15 11:15:00,40.83279,-73.91439,0,0,Failure to Yield Right-of-Way,4418359,22.4,8.7,0.0,0.0,0.0,0.0,3,12.5,23.8,229,Overcast,0,0,
18649,2021-05-17 19:25:00,40.809456,-73.909454,0,0,Unspecified,4417627,22.9,9.7,0.0,0.0,0.0,0.0,3,17.7,36.0,224,Overcast,0,0,
18650,2021-05-17 13:00:00,40.654804,-73.726364,0,0,Unspecified,4417561,22.9,9.7,0.0,0.0,0.0,0.0,3,17.7,36.0,224,Overcast,0,0,
18651,2021-05-03 15:28:00,40.676445,-73.92762,1,0,Unspecified,4418243,15.8,11.4,5.7,5.7,0.0,7.0,61,14.5,47.2,53,Rain: Light,1,1,
18652,2021-05-17 13:30:00,40.575565,-73.98121,0,0,Backing Unsafely,4417982,22.9,9.7,0.0,0.0,0.0,0.0,3,17.7,36.0,224,Overcast,0,0,
18653,2021-05-17 00:08:00,40.557568,-74.207,0,0,Driver Inexperience,4418031,22.9,9.7,0.0,0.0,0.0,0.0,3,17.7,36.0,224,Overcast,0,0,
18654,2021-05-13 18:03:00,40.67267,-73.99002,1,0,Reaction to Uninvolved Vehicle,4418065,19.1,7.2,0.0,0.0,0.0,0.0,1,15.8,27.4,315,Mainly clear,1,1,Sunny/Clear Conditions
18655,2022-06-29 06:00:00,40.84084,-73.901566,0,0,Unspecified,4542432,29.0,17.7,0.0,0.0,0.0,0.0,3,27.2,51.5,195,Overcast,0,0,
18656,2022-07-01 21:40:00,40.715023,-73.80765,1,0,Driver Inattention/Distraction,4542784,33.7,20.2,0.1,0.1,0.0,1.0,51,32.3,58.0,215,Drizzle: Light,1,1,
18657,2022-06-29 15:15:00,40.690884,-73.912506,0,0,Unspecified,4542140,29.0,17.7,0.0,0.0,0.0,0.0,3,27.2,51.5,195,Overcast,0,0,
18658,2022-06-30 22:30:00,40.834415,-73.92854,0,0,Passing Too Closely,4542621,31.2,17.3,0.0,0.0,0.0,0.0,2,19.1,37.4,274,Partly cloudy,0,0,