,CRASH DATETIME,LATITUDE,LONGITUDE,NUMBER OF PERSONS INJURED,NUMBER OF PERSONS KILLED,CONTRIBUTING FACTOR VEHICLE 1,COLLISION_ID,temperature_2m_max,temperature_2m_min,precipitation_sum,rain_sum,snowfall_sum,precipitation_hours,weather_code,wind_speed_10m_max,wind_gusts_10m_max,wind_direction_10m_dominant,Weather Description,Severity_Score,Total_Affected_Persons,Weather_Category
18659,2022-06-29 22:26:00,40.65692,-73.926094,0,0,Aggressive Driving/Road Rage,4541952,29.0,17.7,0.0,0.0,0.0,0.0,3,27.2,51.5,195,Overcast,0,0,
18660,2022-06-30 14:30:00,40.82457,-73.8391,1,0,Unspecified,4542585,31.2,17.3,0.0,0.0,0.0,0.0,2,19.1,37.4,274,Partly cloudy,1,1,
18661,2022-07-01 09:00:00,40.70236,-73.81854,0,0,Turning Improperly,4542454,33.7,20.2,0.1,0.1,0.0,1.0,51,32.3,58.0,215,Drizzle: Light,0,0,
18662,2022-06-30 18:15:00,40.708405,-73.730835,0,0,Unspecified,4542348,31.2,17.3,0.0,0.0,0.0,0.0,2,19.1,37.4,274,Partly cloudy,0,0,
18663,2022-07-01 12:30:00,40.77719,-73.95225,0,0,Driver Inattention/Distraction,4543084,33.7,20.2,0.1,0.1,0.0,1.0,51,32.3,58.0,215,Drizzle: Light,0,0,
18664,2022-06-30 12:40:00,40.786,-73.84574,1,0,Passing or Lane Usage Improper,4542245,31.2,17.3,0.0,0.0,0.0,0.0,2,19.1,37.4,274,Partly cloudy,1,1,
18665,2022-07-01 04:17:00,40.630016,-73.89715,1,0,Driver Inattention/Distraction,4542921,33.7,20.2,0.1,0.1,0.0,1.0,51,32.3,58.0,215,Drizzle: Light,1,1,
18666,2022-06-29 16:04:00,40.81937,-73.937706,0,0,Driver Inattention/Distraction,4542469,29.0,17.7,0.0,0.0,0.0,0.0,3,27.2,51.5,195,Overcast,0,0,
18667,2022-07-01 19:55:00,40.657173,-73.921074,0,0,Passing Too Closely,4542669,33.7,20.2,0.1,0.1,0.0,1.0,51,32.3,58.0,215,Drizzle: Light,0,0,
18668,2022-06-29 21:45:00,40.721924,-73.93681,1,0,Failure to Yield Right-of-Way,4542189,29.0,17.7,0.0,0.0,0.0,0.0,3,27.2,51.5,195,Overcast,1,1,
18669,2022-07-01 20:15:00,40.704308,-73.91924,0,0,Unspecified,4542878,33.7,20.2,0.1,0.1,0.0,1.0,51,32.3,58.0,215,Drizzle: Light,0,0,
18670,2022-06-30 16:20:00,40.731422,-73.94641,1,0,Turning Improperly,4543025,31.2,17.3,0.0,0.0,0.0,0.0,2,19.1,37.4,274,Partly cloudy,1,1,
18671,2022-07-01 03:00:00,40.703293,-73.806984,0,0,Unspecified,4542776,33.7,20.2,0.1,0.1,0.0,1.0,51,32.3,58.0,215,Drizzle: Light,0,0,
18672,2022-06-30 15:00:00,40.70616,-73.79882,1,0,Driver Inattention/Distraction,4542260,31.2,17.3,0.0,0.0,0.0,0.0,2,19.1,37.4,274,Partly cloudy,1,1,
18673,2022-06-30 06:25:00,40.585556,-73.94881,0,0,Unspecified,4542525,31.2,17.3,0.0,0.0,0.0,0.0,2,19.1,37.4,274,Partly cloudy,0,0,
18674,2022-06-30 14:13:00,40.646885,-73.94916,1,0,Unspecified,4542224,31.2,17.3,0.0,0.0,0.0,0.0,2,19.1,37.4,274,Partly cloudy,1,1,
18675,2022-06-29 16:56:00,40.623516,-73.976585,0,0,Unspecified,4543155,29.0,17.7,0.0,0.0,0.0,0.0,3,27.2,51.5,195,Overcast,0,0,
18676,2022-06-29 17:30:00,40.592915,-73.95528,0,0,Unsafe Speed,4542071,29.0,17.7,0.0,0.0,0.0,0.0,3,27.2,51.5,195,Overcast,0,0,
18677,2022-06-25 01:28:00,40.893646,-73.84393,1,0,Unspecified,4542892,32.5,18.1,0.0,0.0,0.0,0.0,2,25.0,47.2,224,Partly cloudy,1,1,
18678,2022-06-29 16:51:00,40.620335,-73.938896,2,0,Failure to Yield Right-of-Way,4542307,29.0,17.7,0.0,0.0,0.0,0.0,3,27.2,51.5,195,Overcast,2,2,
18679,2022-06-30 15:50:00,40.686077,-74.00038,0,0,Following Too Closely,4542393,31.2,17.3,0.0,0.0,0.0,0.0,2,19.1,37.4,274,Partly cloudy,0,0,
18680,2022-07-01 08:55:00,40.73632,-73.85631,0,0,Aggressive Driving/Road Rage,4543049,33.7,20.2,0.1,0.1,0.0,1.0,51,32.3,58.0,215,Drizzle: Light,0,0,
18681,2022-06-21 17:33:00,40.61747,-73.98129,2,0,Driver Inattention/Distraction,4542538,26.0,14.6,1.0,1.0,0.0,3.0,53,13.0,24.1,175,Drizzle: Moderate,2,2,
18682,2022-06-29 17:00:00,40.66612,-73.82225,0,0,Driver Inattention/Distraction,4542009,29.0,17.7,0.0,0.0,0.0,0.0,3,27.2,51.5,195,Overcast,0,0,
18683,2022-07-01 14:12:00,40.851856,-73.843864,0,0,Driver Inattention/Distraction,4542974,33.7,20.2,0.1,0.1,0.0,1.0,51,32.3,58.0,215,Drizzle: Light,0,0,
18684,2022-06-25 19:35:00,40.717754,-73.99406,2,0,Turning Improperly,4542496,32.5,18.1,0.0,0.0,0.0,0.0,2,25.0,47.2,224,Partly cloudy,2,2,
18685,2022-06-30 16:00:00,40.764988,-73.96116,1,0,Outside Car Distraction,4542342,31.2,17.3,0.0,0.0,0.0,0.0,2,19.1,37.4,274,Partly cloudy,1,1,
18686,2022-06-28 15:00:00,40.706184,-73.91256,0,0,Passing Too Closely,4542481,27.5,19.1,0.0,0.0,0.0,0.0,3,14.4,28.4,334,Overcast,0,0,
18687,2022-06-24 16:00:00,40.6798,-73.985085,0,0,Backing Unsafely,4542570,26.7,14.6,1.0,1.0,0.0,6.0,51,19.2,37.4,204,Drizzle: Light,0,0,
18688,2022-06-30 02:30:00,40.734993,-73.83644,0,0,Unspecified,4542000,31.2,17.3,0.0,0.0,0.0,0.0,2,19.1,37.4,274,Partly cloudy,0,0,
18689,2022-04-25 04:10:00,40.886528,-73.89979,0,0,Driver Inexperience,4542714,15.1,6.1,0.0,0.0,0.0,0.0,3,20.9,41.4,119,Overcast,0,0,
18690,2022-06-27 10:00:00,40.889008,-73.85642,1,0,Traffic Control Disregarded,4542975,26.2,19.8,11.7,11.7,0.0,9.0,63,20.5,43.2,224,Rain: Moderate,1,1,
18691,2022-06-30 14:22:00,40.66545,-73.88939,0,0,Traffic Control Disregarded,4542437,31.2,17.3,0.0,0.0,0.0,0.0,2,19.1,37.4,274,Partly cloudy,0,0,
18692,2022-06-22 17:10:00,40.752403,-73.92442,1,0,Failure to Yield Right-of-Way,4542633,20.6,16.7,3.3,3.3,0.0,11.0,53,23.2,43.9,127,Drizzle: Moderate,1,1,
18693,2022-06-29 19:30:00,40.734337,-73.91025,0,0,View Obstructed/Limited,4541925,29.0,17.7,0.0,0.0,0.0,0.0,3,27.2,51.5,195,Overcast,0,0,
18694,2022-07-01 13:15:00,40.68333,-73.95612,1,0,Passing or Lane Usage Improper,4542840,33.7,20.2,0.1,0.1,0.0,1.0,51,32.3,58.0,215,Drizzle: Light,1,1,
18695,2022-07-01 04:14:00,40.811913,-73.856445,1,0,Unspecified,4542553,33.7,20.2,0.1,0.1,0.0,1.0,51,32.3,58.0,215,Drizzle: Light,1,1,
18696,2022-06-29 04:06:00,40.651863,-73.86536,1,0,Shoulders Defective/Improper,4542047,29.0,17.7,0.0,0.0,0.0,0.0,3,27.2,51.5,195,Overcast,1,1,
18697,2022-06-20 13:40:00,40.669476,-73.919975,1,0,View Obstructed/Limited,4542792,26.5,12.9,0.0,0.0,0.0,0.0,3,18.4,31.7,308,Overcast,1,1,
18698,2022-06-30 18:11:00,40.730015,-73.82348,1,0,Unspecified,4542422,31.2,17.3,0.0,0.0,0.0,0.0,2,19.1,37.4,274,Partly cloudy,1,1,
18699,2022-06-29 00:00:00,40.776356,-73.90445,0,0,Unsafe Speed,4542390,29.0,17.7,0.0,0.0,0.0,0.0,3,27.2,51.5,195,Overcast,0,0,
18700,2022-06-29 22:00:00,40.765377,-73.88906,1,0,Driver Inattention/Distraction,4542295,29.0,17.7,0.0,0.0,0.0,0.0,3,27.2,51.5,195,Overcast,1,1,
18701,2022-07-01 15:35:00,40.726658,-73.81152,1,0,Aggressive Driving/Road Rage,4542768,33.7,20.2,0.1,0.1,0.0,1.0,51,32.3,58.0,215,Drizzle: Light,1,1,
18702,2022-06-24 13:00:00,40.625683,-73.93344,1,0,Unsafe Lane Changing,4542596,26.7,14.6,1.0,1.0,0.0,6.0,51,19.2,37.4,204,Drizzle: Light,1,1,
18703,2022-06-21 17:01:00,40.75991,-73.95882,0,0,Driver Inattention/Distraction,4543095,26.0,14.6,1.0,1.0,0.0,3.0,53,13.0,24.1,175,Drizzle: Moderate,0,0,
18704,2022-06-30 17:10:00,40.819057,-73.92923,1,0,Pedestrian/Bicyclist/Other Pedestrian Error/Confusion,4542506,31.2,17.3,0.0,0.0,0.0,0.0,2,19.1,37.4,274,Partly cloudy,1,1,
18705,2022-06-29 23:00:00,40.734314,-73.93803,0,0,Driver Inattention/Distraction,4542617,29.0,17.7,0.0,0.0,0.0,0.0,3,27.2,51.5,195,Overcast,0,0,
18706,2022-03-31 14:10:00,40.885517,-73.894684,0,0,Unspecified,4515279,19.0,3.5,12.0,12.0,0.0,4.0,65,37.8,67.3,194,Rain: Heavy,0,0,
18707,2021-12-10 12:14:00,40.63916,-74.0874,0,0,View Obstructed/Limited,4485376,8.5,1.6,0.0,0.0,0.0,0.0,3,9.8,20.5,183,Overcast,0,0,
18708,2021-12-16 21:59:00,40.76401,-73.881226,2,0,Following Too Closely,4487264,14.6,9.9,0.0,0.0,0.0,0.0,3,22.4,38.5,222,Overcast,2,2,
18709,2021-12-23 19:20:00,40.801624,-73.90968,0,0,Unspecified,4489883,2.1,-2.3,0.0,0.0,0.0,0.0,3,20.1,35.6,299,Overcast,0,0,
18710,2021-12-23 20:17:00,40.814102,-73.940865,0,0,Driver Inattention/Distraction,4489903,2.1,-2.3,0.0,0.0,0.0,0.0,3,20.1,35.6,299,Overcast,0,0,
18711,2021-12-24 00:55:00,40.81175,-73.93144,0,0,Unsafe Speed,4489880,5.7,-1.1,1.0,0.0,0.7,5.0,73,12.4,21.6,73,Snow fall: Moderate,0,0,Snowy Conditions
18712,2021-12-20 08:30:00,40.63265,-74.14177,0,0,Passing Too Closely,4489899,1.8,-4.4,0.0,0.0,0.0,0.0,2,17.9,32.8,282,Partly cloudy,0,0,
18713,2021-12-20 08:39:00,40.80484,-73.912796,1,0,Unspecified,4489891,1.8,-4.4,0.0,0.0,0.0,0.0,2,17.9,32.8,282,Partly cloudy,1,1,
18714,2021-12-24 21:43:00,40.80843,-73.92338,1,0,,4489887,5.7,-1.1,1.0,0.0,0.7,5.0,73,12.4,21.6,73,Snow fall: Moderate,1,1,Snowy Conditions
18715,2021-12-23 08:15:00,40.597603,-74.18136,0,0,Driver Inattention/Distraction,4489898,2.1,-2.3,0.0,0.0,0.0,0.0,3,20.1,35.6,299,Overcast,0,0,
18716,2021-12-24 11:18:00,40.572548,-74.16997,0,0,Passing Too Closely,4489900,5.7,-1.1,1.0,0.0,0.7,5.0,73,12.4,21.6,73,Snow fall: Moderate,0,0,Snowy Conditions
18717,2021-12-24 14:00:00,40.802486,-73.9367,0,0,Unspecified,4489885,5.7,-1.1,1.0,0.0,0.7,5.0,73,12.4,21.6,73,Snow fall: Moderate,0,0,Snowy Conditions
18718,2021-05-18 08:45:00,40.54456,-74.15292,0,0,Passing Too Closely,4417881,26.1,11.2,0.0,0.0,0.0,0.0,3,15.5,29.2,262,Overcast,0,0,
18719,2021-12-24 13:25:00,40.811638,-73.9316,0,0,Unsafe Lane Changing,4489879,5.7,-1.1,1.0,0.0,0.7,5.0,73,12.4,21.6,73,Snow fall: Moderate,0,0,Snowy Conditions
18720,2021-12-22 21:58:00,40.865536,-73.92728,1,0,Driver Inattention/Distraction,4489902,8.1,-0.0,4.2,4.2,0.0,9.0,61,26.7,47.9,313,Rain: Light,1,1,
18721,2022-02-19 18:49:00,40.672688,-73.86935,0,0,Aggressive Driving/Road Rage,4504576,3.3,-5.5,0.4,0.0,0.28,4.0,71,35.3,64.4,260,Snow fall: Light,0,0,Snowy Conditions
18722,2022-02-19 12:00:00,40.788357,-73.97453,1,0,Driver Inattention/Distraction,4504283,3.3,-5.5,0.4,0.0,0.28,4.0,71,35.3,64.4,260,Snow fall: Light,1,1,Snowy Conditions
18723,2022-02-10 15:45:00,40.727272,-73.81718,2,0,Failure to Yield Right-of-Way,4502505,10.8,-0.2,0.0,0.0,0.0,0.0,3,32.6,59.4,244,Overcast,2,2,
18724,2022-02-19 03:50:00,40.732655,-73.92297,1,0,Other Vehicular,4503867,3.3,-5.5,0.4,0.0,0.28,4.0,71,35.3,64.4,260,Snow fall: Light,1,1,Snowy Conditions
18725,2022-02-19 23:05:00,40.615433,-73.99775,3,0,Other Vehicular,4504396,3.3,-5.5,0.4,0.0,0.28,4.0,71,35.3,64.4,260,Snow fall: Light,3,3,Snowy Conditions
18726,2022-02-18 10:35:00,40.82764,-73.84791,0,0,Driver Inattention/Distraction,4504431,15.6,-2.8,11.9,11.9,0.0,6.0,63,44.1,79.2,261,Rain: Moderate,0,0,
18727,2022-02-19 22:00:00,40.631268,-74.03081,0,0,Unspecified,4504156,3.3,-5.5,0.4,0.0,0.28,4.0,71,35.3,64.4,260,Snow fall: Light,0,0,Snowy Conditions
18728,2022-02-17 16:00:00,40.65892,-73.889824,1,0,Pedestrian/Bicyclist/Other Pedestrian Error/Confusion,4504557,16.7,5.1,2.2,2.2,0.0,2.0,61,31.8,56.5,201,Rain: Light,1,1,
18729,2022-02-19 00:03:00,40.67004,-73.93658,0,0,Driver Inattention/Distraction,4504223,3.3,-5.5,0.4,0.0,0.28,4.0,71,35.3,64.4,260,Snow fall: Light,0,0,Snowy Conditions
18730,2022-02-19 21:20:00,40.828518,-73.84119,0,0,Unspecified,4504418,3.3,-5.5,0.4,0.0,0.28,4.0,71,35.3,64.4,260,Snow fall: Light,0,0,Snowy Conditions
18731,2022-02-19 09:15:00,40.732906,-73.975204,0,0,Unspecified,4504021,3.3,-5.5,0.4,0.0,0.28,4.0,71,35.3,64.4,260,Snow fall: Light,0,0,Snowy Conditions
18732,2021-12-16 19:09:00,40.877106,-73.90616,3,0,Unspecified,4489715,14.6,9.9,0.0,0.0,0.0,0.0,3,22.4,38.5,222,Overcast,3,3,
18733,2021-12-22 16:40:00,40.788357,-73.97453,0,0,Unsafe Speed,4488900,8.1,-0.0,4.2,4.2,0.0,9.0,61,26.7,47.9,313,Rain: Light,0,0,
18734,2021-12-23 21:30:00,40.591667,-73.986534,1,0,Driver Inattention/Distraction,4489679,2.1,-2.3,0.0,0.0,0.0,0.0,3,20.1,35.6,299,Overcast,1,1,
18735,2021-12-22 18:03:00,40.677067,-73.899666,1,0,,4489330,8.1,-0.0,4.2,4.2,0.0,9.0,61,26.7,47.9,313,Rain: Light,1,1,
18736,2021-12-23 03:45:00,40.655334,-73.93077,0,0,Unspecified,4489017,2.1,-2.3,0.0,0.0,0.0,0.0,3,20.1,35.6,299,Overcast,0,0,
18737,2021-12-22 15:23:00,40.597477,-73.96871,1,0,Driver Inattention/Distraction,4488958,8.1,-0.0,4.2,4.2,0.0,9.0,61,26.7,47.9,313,Rain: Light,1,1,
18738,2021-12-23 09:30:00,40.65477,-74.00708,0,0,Driver Inattention/Distraction,4489312,2.1,-2.3,0.0,0.0,0.0,0.0,3,20.1,35.6,299,Overcast,0,0,
18739,2021-12-23 15:20:00,40.60308,-73.75317,0,0,Passing Too Closely,4489298,2.1,-2.3,0.0,0.0,0.0,0.0,3,20.1,35.6,299,Overcast,0,0,
18740,2021-12-15 06:00:00,40.902126,-73.844124,0,0,Other Vehicular,4489678,10.3,1.8,1.0,1.0,0.0,6.0,51,20.6,38.2,104,Drizzle: Light,0,0,
18741,2021-12-23 15:30:00,40.68468,-74.001335,0,0,Unspecified,4489183,2.1,-2.3,0.0,0.0,0.0,0.0,3,20.1,35.6,299,Overcast,0,0,
18742,2021-12-23 01:06:00,40.63782,-73.98921,1,0,Driver Inattention/Distraction,4489508,2.1,-2.3,0.0,0.0,0.0,0.0,3,20.1,35.6,299,Overcast,1,1,
18743,2021-12-21 12:17:00,40.837673,-73.91922,0,0,Turning Improperly,4489439,5.7,-2.4,0.0,0.0,0.0,0.0,3,13.6,24.5,228,Overcast,0,0,
18744,2021-12-23 15:30:00,40.68852,-73.984856,1,0,Backing Unsafely,4489166,2.1,-2.3,0.0,0.0,0.0,0.0,3,20.1,35.6,299,Overcast,1,1,
18745,2021-12-22 02:12:00,40.730366,-73.91388,0,0,Driver Inattention/Distraction,4488615,8.1,-0.0,4.2,4.2,0.0,9.0,61,26.7,47.9,313,Rain: Light,0,0,
18746,2021-12-24 16:27:00,40.634655,-73.94786,0,0,Unspecified,4489570,5.7,-1.1,1.0,0.0,0.7,5.0,73,12.4,21.6,73,Snow fall: Moderate,0,0,Snowy Conditions
18747,2021-12-24 12:10:00,40.697407,-73.78736,0,0,Passing or Lane Usage Improper,4489764,5.7,-1.1,1.0,0.0,0.7,5.0,73,12.4,21.6,73,Snow fall: Moderate,0,0,Snowy Conditions
18748,2021-12-22 08:44:00,40.66523,-73.931465,0,0,Driver Inattention/Distraction,4488930,8.1,-0.0,4.2,4.2,0.0,9.0,61,26.7,47.9,313,Rain: Light,0,0,
18749,2021-12-24 19:50:00,40.644917,-73.894325,0,0,Other Vehicular,4489454,5.7,-1.1,1.0,0.0,0.7,5.0,73,12.4,21.6,73,Snow fall: Moderate,0,0,Snowy Conditions
18750,2021-12-18 19:45:00,40.667076,-73.99508,0,0,Passing or Lane Usage Improper,4489373,6.3,4.5,3.8,3.8,0.0,9.0,61,12.3,24.5,35,Rain: Light,0,0,
18751,2021-12-23 10:35:00,40.609333,-73.996925,1,0,Driver Inattention/Distraction,4489072,2.1,-2.3,0.0,0.0,0.0,0.0,3,20.1,35.6,299,Overcast,1,1,
18752,2021-12-24 13:25:00,40.68904,-73.85874,1,0,,4489519,5.7,-1.1,1.0,0.0,0.7,5.0,73,12.4,21.6,73,Snow fall: Moderate,1,1,Snowy Conditions
18753,2021-12-23 17:31:00,40.614853,-74.107956,2,0,Unspecified,4489601,2.1,-2.3,0.0,0.0,0.0,0.0,3,20.1,35.6,299,Overcast,2,2,
18754,2021-12-22 20:45:00,40.727814,-73.99116,0,0,Driver Inattention/Distraction,4488976,8.1,-0.0,4.2,4.2,0.0,9.0,61,26.7,47.9,313,Rain: Light,0,0,
18755,2021-12-23 18:43:00,40.68369,-73.83278,0,0,Tire Failure/Inadequate,4489794,2.1,-2.3,0.0,0.0,0.0,0.0,3,20.1,35.6,299,Overcast,0,0,
18756,2021-12-23 09:00:00,40.68404,-73.8809,0,0,Unspecified,4489143,2.1,-2.3,0.0,0.0,0.0,0.0,3,20.1,35.6,299,Overcast,0,0,
18757,2021-12-23 00:00:00,40.822807,-73.90597,0,0,Passing Too Closely,4489225,2.1,-2.3,0.0,0.0,0.0,0.0,3,20.1,35.6,299,Overcast,0,0,
18758,2021-12-23 12:04:00,40.713955,-73.94259,0,0,Driver Inattention/Distraction,4489266,2.1,-2.3,0.0,0.0,0.0,0.0,3,20.1,35.6,299,Overcast,0,0,
18759,2021-12-22 02:48:00,40.670937,-73.73544,0,0,Driver Inexperience,4488634,8.1,-0.0,4.2,4.2,0.0,9.0,61,26.7,47.9,313,Rain: Light,0,0,
18760,2021-12-22 07:05:00,40.859608,-73.90778,0,0,Passing Too Closely,4488988,8.1,-0.0,4.2,4.2,0.0,9.0,61,26.7,47.9,313,Rain: Light,0,0,
18761,2021-12-22 20:45:00,40.703712,-73.78752,4,0,Unsafe Speed,4489180,8.1,-0.0,4.2,4.2,0.0,9.0,61,26.7,47.9,313,Rain: Light,4,4,
18762,2021-12-22 17:00:00,40.686737,-73.85384,2,0,Driver Inattention/Distraction,4489344,8.1,-0.0,4.2,4.2,0.0,9.0,61,26.7,47.9,313,Rain: Light,2,2,
18763,2021-12-24 13:25:00,40.708763,-73.998116,0,0,Reaction to Uninvolved Vehicle,4489501,5.7,-1.1,1.0,0.0,0.7,5.0,73,12.4,21.6,73,Snow fall: Moderate,0,0,Snowy Conditions
18764,2021-12-24 21:02:00,40.88851,-73.86009,2,0,Driver Inattention/Distraction,4489650,5.7,-1.1,1.0,0.0,0.7,5.0,73,12.4,21.6,73,Snow fall: Moderate,2,2,Snowy Conditions
18765,2021-12-23 20:16:00,40.63413,-73.928505,0,0,Unspecified,4489209,2.1,-2.3,0.0,0.0,0.0,0.0,3,20.1,35.6,299,Overcast,0,0,
18766,2021-12-24 15:05:00,40.829918,-73.90185,0,0,Other Vehicular,4489783,5.7,-1.1,1.0,0.0,0.7,5.0,73,12.4,21.6,73,Snow fall: Moderate,0,0,Snowy Conditions
18767,2021-12-23 12:49:00,40.854164,-73.867714,0,0,Backing Unsafely,4489124,2.1,-2.3,0.0,0.0,0.0,0.0,3,20.1,35.6,299,Overcast,0,0,
18768,2021-11-29 07:37:00,40.709793,-73.87692,0,0,Passing Too Closely,4489627,5.8,-0.8,0.4,0.4,0.0,3.0,51,20.6,38.2,312,Drizzle: Light,0,0,
18769,2022-07-01 00:00:00,40.67784,-73.99374,0,0,Unspecified,4542819,33.7,20.2,0.1,0.1,0.0,1.0,51,32.3,58.0,215,Drizzle: Light,0,0,
18770,2021-12-19 22:41:00,40.755722,-73.89393,0,0,Unspecified,4489350,7.1,-1.8,0.5,0.5,0.0,4.0,51,26.4,47.5,327,Drizzle: Light,0,0,
18771,2021-12-23 14:00:00,40.755028,-73.872696,0,0,Unspecified,4489349,2.1,-2.3,0.0,0.0,0.0,0.0,3,20.1,35.6,299,Overcast,0,0,
18772,2021-12-22 16:50:00,40.788418,-73.97077,0,0,Driver Inattention/Distraction,4488883,8.1,-0.0,4.2,4.2,0.0,9.0,61,26.7,47.9,313,Rain: Light,0,0,
18773,2021-12-15 08:55:00,40.679733,-73.97432,0,0,Driver Inattention/Distraction,4489543,10.3,1.8,1.0,1.0,0.0,6.0,51,20.6,38.2,104,Drizzle: Light,0,0,
18774,2021-12-14 07:00:00,40.808125,-73.94634,0,0,Driver Inattention/Distraction,4489565,10.4,3.1,0.0,0.0,0.0,0.0,3,18.5,31.3,322,Overcast,0,0,
18775,2021-12-22 06:55:00,40.689842,-73.850075,1,0,Failure to Yield Right-of-Way,4489022,8.1,-0.0,4.2,4.2,0.0,9.0,61,26.7,47.9,313,Rain: Light,1,1,
18776,2021-12-14 08:52:00,40.81813,-73.89101,1,0,Lost Consciousness,4489481,10.4,3.1,0.0,0.0,0.0,0.0,3,18.5,31.3,322,Overcast,1,1,
18777,2021-12-24 11:42:00,40.768875,-73.94898,0,0,Passenger Distraction,4489843,5.7,-1.1,1.0,0.0,0.7,5.0,73,12.4,21.6,73,Snow fall: Moderate,0,0,Snowy Conditions
18778,2021-12-24 20:05:00,40.642002,-73.898834,1,0,Driver Inattention/Distraction,4489444,5.7,-1.1,1.0,0.0,0.7,5.0,73,12.4,21.6,73,Snow fall: Moderate,1,1,Snowy Conditions
18779,2021-12-24 07:20:00,40.779495,-73.95559,0,0,Pavement Slippery,4489820,5.7,-1.1,1.0,0.0,0.7,5.0,73,12.4,21.6,73,Snow fall: Moderate,0,0,Snowy Conditions
18780,2021-12-22 14:00:00,40.822838,-73.928764,1,0,Driver Inattention/Distraction,4489305,8.1,-0.0,4.2,4.2,0.0,9.0,61,26.7,47.9,313,Rain: Light,1,1,
18781,2021-12-23 13:00:00,40.769787,-73.92758,0,0,Unspecified,4489548,2.1,-2.3,0.0,0.0,0.0,0.0,3,20.1,35.6,299,Overcast,0,0,
18782,2021-12-22 10:19:00,40.811565,-73.942726,0,0,Other Vehicular,4489036,8.1,-0.0,4.2,4.2,0.0,9.0,61,26.7,47.9,313,Rain: Light,0,0,
18783,2021-12-22 11:00:00,40.71401,-73.92405,0,0,Following Too Closely,4489773,8.1,-0.0,4.2,4.2,0.0,9.0,61,26.7,47.9,313,Rain: Light,0,0,
18784,2021-12-22 00:00:00,40.667313,-73.73926,0,0,Unspecified,4489080,8.1,-0.0,4.2,4.2,0.0,9.0,61,26.7,47.9,313,Rain: Light,0,0,
18785,2021-12-23 17:23:00,40.590298,-73.97239,1,0,Passing or Lane Usage Improper,4489369,2.1,-2.3,0.0,0.0,0.0,0.0,3,20.1,35.6,299,Overcast,1,1,
18786,2021-12-23 08:40:00,40.69756,-73.85275,0,0,Following Too Closely,4489101,2.1,-2.3,0.0,0.0,0.0,0.0,3,20.1,35.6,299,Overcast,0,0,
18787,2021-12-22 10:40:00,40.599403,-73.99285,1,0,Unspecified,4488832,8.1,-0.0,4.2,4.2,0.0,9.0,61,26.7,47.9,313,Rain: Light,1,1,
18788,2021-12-24 07:00:00,40.682507,-73.81431,0,0,Passing or Lane Usage Improper,4489834,5.7,-1.1,1.0,0.0,0.7,5.0,73,12.4,21.6,73,Snow fall: Moderate,0,0,Snowy Conditions
18789,2021-12-22 10:41:00,40.763817,-73.880104,1,0,Unspecified,4489382,8.1,-0.0,4.2,4.2,0.0,9.0,61,26.7,47.9,313,Rain: Light,1,1,
18790,2021-12-22 06:37:00,40.69142,-73.83736,0,0,Driver Inexperience,4488761,8.1,-0.0,4.2,4.2,0.0,9.0,61,26.7,47.9,313,Rain: Light,0,0,
18791,2021-12-22 13:44:00,40.712307,-73.99437,1,0,Traffic Control Disregarded,4489244,8.1,-0.0,4.2,4.2,0.0,9.0,61,26.7,47.9,313,Rain: Light,1,1,
18792,2021-12-23 18:50:00,40.672325,-73.74681,0,0,Passing or Lane Usage Improper,4489258,2.1,-2.3,0.0,0.0,0.0,0.0,3,20.1,35.6,299,Overcast,0,0,
18793,2021-12-23 17:14:00,40.8396,-73.86922,1,0,Unspecified,4489282,2.1,-2.3,0.0,0.0,0.0,0.0,3,20.1,35.6,299,Overcast,1,1,
18794,2021-05-25 17:25:00,40.66961,-73.77613,0,0,Backing Unsafely,4489582,21.9,13.0,0.0,0.0,0.0,0.0,3,24.3,47.9,182,Overcast,0,0,
18795,2021-12-24 20:35:00,40.634792,-74.032326,0,0,Driver Inattention/Distraction,4489401,5.7,-1.1,1.0,0.0,0.7,5.0,73,12.4,21.6,73,Snow fall: Moderate,0,0,Snowy Conditions
18796,2021-12-22 05:50:00,40.70453,-73.817245,0,0,Driver Inexperience,4488818,8.1,-0.0,4.2,4.2,0.0,9.0,61,26.7,47.9,313,Rain: Light,0,0,
18797,2021-12-22 10:45:00,40.60895,-74.14715,0,0,Driver Inattention/Distraction,4488763,8.1,-0.0,4.2,4.2,0.0,9.0,61,26.7,47.9,313,Rain: Light,0,0,
18798,2021-12-22 08:00:00,40.69631,-73.997086,0,0,Passing Too Closely,4489729,8.1,-0.0,4.2,4.2,0.0,9.0,61,26.7,47.9,313,Rain: Light,0,0,
18799,2021-12-12 18:42:00,40.75331,-73.88498,0,0,Driver Inexperience,4489354,13.0,3.4,0.5,0.5,0.0,1.0,53,32.4,62.6,284,Drizzle: Moderate,0,0,
18800,2021-12-22 10:30:00,40.61165,-73.99774,1,0,Failure to Yield Right-of-Way,4488863,8.1,-0.0,4.2,4.2,0.0,9.0,61,26.7,47.9,313,Rain: Light,1,1,
18801,2021-12-24 06:50:00,40.848698,-73.89001,0,0,Driver Inattention/Distraction,4489863,5.7,-1.1,1.0,0.0,0.7,5.0,73,12.4,21.6,73,Snow fall: Moderate,0,0,Snowy Conditions
18802,2021-12-22 04:00:00,40.748913,-73.9374,0,0,Pavement Slippery,4488698,8.1,-0.0,4.2,4.2,0.0,9.0,61,26.7,47.9,313,Rain: Light,0,0,