,CRASH DATETIME,LATITUDE,LONGITUDE,NUMBER OF PERSONS INJURED,NUMBER OF PERSONS KILLED,CONTRIBUTING FACTOR VEHICLE 1,COLLISION_ID,temperature_2m_max,temperature_2m_min,precipitation_sum,rain_sum,snowfall_sum,precipitation_hours,weather_code,wind_speed_10m_max,wind_gusts_10m_max,wind_direction_10m_dominant,Weather Description,Severity_Score,Total_Affected_Persons,Weather_Category
18803,2021-12-21 14:00:00,40.600735,-73.98218,1,0,Failure to Yield Right-of-Way,4489589,5.7,-2.4,0.0,0.0,0.0,0.0,3,13.6,24.5,228,Overcast,1,1,
18804,2021-12-23 09:49:00,40.86617,-73.822975,0,0,Unspecified,4489099,2.1,-2.3,0.0,0.0,0.0,0.0,3,20.1,35.6,299,Overcast,0,0,
18805,2021-12-24 19:25:00,40.84506,-73.916855,1,0,Unsafe Speed,4489854,5.7,-1.1,1.0,0.0,0.7,5.0,73,12.4,21.6,73,Snow fall: Moderate,1,1,Snowy Conditions
18806,2021-12-13 23:50:00,40.853477,-73.82622,2,0,Driver Inattention/Distraction,4489337,10.2,1.9,0.0,0.0,0.0,0.0,3,19.6,35.3,242,Overcast,2,2,
18807,2021-12-22 13:30:00,40.83801,-73.87329,1,0,Following Too Closely,4489487,8.1,-0.0,4.2,4.2,0.0,9.0,61,26.7,47.9,313,Rain: Light,1,1,
18808,2021-12-22 17:00:00,40.816856,-73.92076,0,0,Other Vehicular,4488968,8.1,-0.0,4.2,4.2,0.0,9.0,61,26.7,47.9,313,Rain: Light,0,0,
18809,2021-12-17 11:25:00,40.745796,-73.982285,0,0,Driver Inattention/Distraction,4489609,13.9,6.1,0.0,0.0,0.0,0.0,3,21.5,37.1,265,Overcast,0,0,
18810,2021-12-23 17:44:00,40.617645,-73.94517,0,0,Unspecified,4489656,2.1,-2.3,0.0,0.0,0.0,0.0,3,20.1,35.6,299,Overcast,0,0,
18811,2021-12-24 00:52:00,40.684387,-73.83094,0,0,Backing Unsafely,4489825,5.7,-1.1,1.0,0.0,0.7,5.0,73,12.4,21.6,73,Snow fall: Moderate,0,0,Snowy Conditions
18812,2021-12-22 17:22:00,40.761272,-73.95571,0,0,Driver Inattention/Distraction,4488996,8.1,-0.0,4.2,4.2,0.0,9.0,61,26.7,47.9,313,Rain: Light,0,0,
18813,2021-12-19 03:30:00,40.76379,-73.914795,0,0,Driver Inattention/Distraction,4489309,7.1,-1.8,0.5,0.5,0.0,4.0,51,26.4,47.5,327,Drizzle: Light,0,0,
18814,2021-12-24 06:58:00,40.828407,-73.93125,0,0,Failure to Yield Right-of-Way,4489322,5.7,-1.1,1.0,0.0,0.7,5.0,73,12.4,21.6,73,Snow fall: Moderate,0,0,Snowy Conditions
18815,2021-12-22 07:50:00,40.630016,-73.9959,0,0,Turning Improperly,4489115,8.1,-0.0,4.2,4.2,0.0,9.0,61,26.7,47.9,313,Rain: Light,0,0,
18816,2021-12-23 19:35:00,40.646004,-73.95808,1,0,Driver Inattention/Distraction,4489555,2.1,-2.3,0.0,0.0,0.0,0.0,3,20.1,35.6,299,Overcast,1,1,
18817,2021-12-19 02:45:00,40.768887,-73.90691,0,0,Traffic Control Disregarded,4489430,7.1,-1.8,0.5,0.5,0.0,4.0,51,26.4,47.5,327,Drizzle: Light,0,0,
18818,2021-12-23 09:15:00,40.732754,-73.99004,0,0,Driver Inattention/Distraction,4489042,2.1,-2.3,0.0,0.0,0.0,0.0,3,20.1,35.6,299,Overcast,0,0,
18819,2021-12-24 16:20:00,40.641304,-73.94276,0,0,Failure to Yield Right-of-Way,4489575,5.7,-1.1,1.0,0.0,0.7,5.0,73,12.4,21.6,73,Snow fall: Moderate,0,0,Snowy Conditions
18820,2021-12-23 02:02:00,40.845158,-73.93591,0,0,Backing Unsafely,4489700,2.1,-2.3,0.0,0.0,0.0,0.0,3,20.1,35.6,299,Overcast,0,0,
18821,2021-12-23 00:30:00,40.70313,-73.816795,0,0,Failure to Yield Right-of-Way,4489105,2.1,-2.3,0.0,0.0,0.0,0.0,3,20.1,35.6,299,Overcast,0,0,
18822,2021-12-22 02:12:00,40.608868,-74.15755,0,0,Driver Inattention/Distraction,4488727,8.1,-0.0,4.2,4.2,0.0,9.0,61,26.7,47.9,313,Rain: Light,0,0,
18823,2021-12-24 15:00:00,40.68558,-74.00048,0,0,Passing Too Closely,4489386,5.7,-1.1,1.0,0.0,0.7,5.0,73,12.4,21.6,73,Snow fall: Moderate,0,0,Snowy Conditions
18824,2021-12-22 12:28:00,40.66448,-73.88709,0,0,Passing or Lane Usage Improper,4488848,8.1,-0.0,4.2,4.2,0.0,9.0,61,26.7,47.9,313,Rain: Light,0,0,
18825,2021-12-22 07:12:00,40.74614,-73.81417,1,0,Failure to Yield Right-of-Way,4488936,8.1,-0.0,4.2,4.2,0.0,9.0,61,26.7,47.9,313,Rain: Light,1,1,
18826,2021-12-24 18:10:00,40.87999,-73.84531,0,0,Unsafe Speed,4489641,5.7,-1.1,1.0,0.0,0.7,5.0,73,12.4,21.6,73,Snow fall: Moderate,0,0,Snowy Conditions
18827,2021-12-23 21:35:00,40.685524,-73.98125,5,0,Other Vehicular,4489240,2.1,-2.3,0.0,0.0,0.0,0.0,3,20.1,35.6,299,Overcast,5,5,
18828,2021-12-24 09:35:00,40.743046,-73.91776,0,0,Traffic Control Disregarded,4489381,5.7,-1.1,1.0,0.0,0.7,5.0,73,12.4,21.6,73,Snow fall: Moderate,0,0,Snowy Conditions
18829,2021-12-24 00:45:00,40.85592,-73.9172,1,0,Alcohol Involvement,4489289,5.7,-1.1,1.0,0.0,0.7,5.0,73,12.4,21.6,73,Snow fall: Moderate,1,1,Snowy Conditions
18830,2021-12-23 04:16:00,40.689243,-73.98873,0,0,Driver Inattention/Distraction,4489035,2.1,-2.3,0.0,0.0,0.0,0.0,3,20.1,35.6,299,Overcast,0,0,
18831,2021-12-22 10:48:00,40.635803,-73.90734,0,0,Unspecified,4489160,8.1,-0.0,4.2,4.2,0.0,9.0,61,26.7,47.9,313,Rain: Light,0,0,
18832,2021-12-22 11:15:00,40.715427,-74.00268,0,0,Passing Too Closely,4489245,8.1,-0.0,4.2,4.2,0.0,9.0,61,26.7,47.9,313,Rain: Light,0,0,
18833,2021-12-24 04:10:00,40.731155,-73.84282,0,0,Driver Inattention/Distraction,4489417,5.7,-1.1,1.0,0.0,0.7,5.0,73,12.4,21.6,73,Snow fall: Moderate,0,0,Snowy Conditions
18834,2021-12-22 13:58:00,40.579758,-73.96131,0,0,Backing Unsafely,4488884,8.1,-0.0,4.2,4.2,0.0,9.0,61,26.7,47.9,313,Rain: Light,0,0,
18835,2021-12-22 00:29:00,40.66528,-73.98696,0,0,Aggressive Driving/Road Rage,4489276,8.1,-0.0,4.2,4.2,0.0,9.0,61,26.7,47.9,313,Rain: Light,0,0,
18836,2021-12-22 17:10:00,40.733097,-73.804985,1,0,Backing Unsafely,4488917,8.1,-0.0,4.2,4.2,0.0,9.0,61,26.7,47.9,313,Rain: Light,1,1,
18837,2021-09-26 18:42:00,40.80282,-73.944885,0,0,Unsafe Speed,4461601,21.4,15.6,0.0,0.0,0.0,0.0,3,23.5,45.0,294,Overcast,0,0,
18838,2021-12-23 20:05:00,40.82051,-73.89189,0,0,Unspecified,4489197,2.1,-2.3,0.0,0.0,0.0,0.0,3,20.1,35.6,299,Overcast,0,0,
18839,2021-12-22 11:00:00,40.665627,-73.909706,0,0,Unspecified,4488768,8.1,-0.0,4.2,4.2,0.0,9.0,61,26.7,47.9,313,Rain: Light,0,0,
18840,2021-12-22 10:53:00,40.720554,-74.00352,0,0,Passing or Lane Usage Improper,4489142,8.1,-0.0,4.2,4.2,0.0,9.0,61,26.7,47.9,313,Rain: Light,0,0,
18841,2021-12-24 19:15:00,40.632122,-73.894424,2,0,Unspecified,4489447,5.7,-1.1,1.0,0.0,0.7,5.0,73,12.4,21.6,73,Snow fall: Moderate,2,2,Snowy Conditions
18842,2021-12-24 00:35:00,40.813084,-73.90419,0,0,Unspecified,4489473,5.7,-1.1,1.0,0.0,0.7,5.0,73,12.4,21.6,73,Snow fall: Moderate,0,0,Snowy Conditions
18843,2021-12-22 11:34:00,40.8174,-73.83866,0,0,Driver Inattention/Distraction,4489061,8.1,-0.0,4.2,4.2,0.0,9.0,61,26.7,47.9,313,Rain: Light,0,0,
18844,2021-12-22 19:30:00,40.67546,-73.73385,0,0,Unsafe Speed,4489088,8.1,-0.0,4.2,4.2,0.0,9.0,61,26.7,47.9,313,Rain: Light,0,0,
18845,2021-12-20 20:45:00,40.619507,-74.15036,0,0,Unspecified,4489618,1.8,-4.4,0.0,0.0,0.0,0.0,2,17.9,32.8,282,Partly cloudy,0,0,
18846,2021-12-24 06:00:00,40.69907,-73.93548,0,0,Unspecified,4489411,5.7,-1.1,1.0,0.0,0.7,5.0,73,12.4,21.6,73,Snow fall: Moderate,0,0,Snowy Conditions
18847,2021-12-23 15:54:00,40.835026,-73.858086,0,0,Unspecified,4489283,2.1,-2.3,0.0,0.0,0.0,0.0,3,20.1,35.6,299,Overcast,0,0,
18848,2021-12-18 08:45:00,40.700935,-73.84022,1,0,Fell Asleep,4489341,6.3,4.5,3.8,3.8,0.0,9.0,61,12.3,24.5,35,Rain: Light,1,1,
18849,2021-12-24 18:50:00,40.7404,-73.86343,0,0,Unspecified,4489668,5.7,-1.1,1.0,0.0,0.7,5.0,73,12.4,21.6,73,Snow fall: Moderate,0,0,Snowy Conditions
18850,2021-12-22 15:48:00,40.714447,-74.01148,0,0,Driver Inattention/Distraction,4489136,8.1,-0.0,4.2,4.2,0.0,9.0,61,26.7,47.9,313,Rain: Light,0,0,
18851,2021-12-13 22:10:00,40.897404,-73.85184,0,0,Drugs (illegal),4489716,10.2,1.9,0.0,0.0,0.0,0.0,3,19.6,35.3,242,Overcast,0,0,
18852,2021-12-23 14:28:00,40.736874,-73.935646,1,0,Driver Inattention/Distraction,4489188,2.1,-2.3,0.0,0.0,0.0,0.0,3,20.1,35.6,299,Overcast,1,1,
18853,2021-12-22 07:00:00,40.818558,-73.92732,0,0,Unspecified,4488963,8.1,-0.0,4.2,4.2,0.0,9.0,61,26.7,47.9,313,Rain: Light,0,0,
18854,2021-12-22 20:22:00,40.88839,-73.84666,2,0,Unsafe Speed,4489170,8.1,-0.0,4.2,4.2,0.0,9.0,61,26.7,47.9,313,Rain: Light,2,2,
18855,2021-12-22 20:10:00,40.8478,-73.86513,0,0,Other Vehicular,4488990,8.1,-0.0,4.2,4.2,0.0,9.0,61,26.7,47.9,313,Rain: Light,0,0,
18856,2021-12-24 22:00:00,40.687576,-73.99261,0,0,Unspecified,4489504,5.7,-1.1,1.0,0.0,0.7,5.0,73,12.4,21.6,73,Snow fall: Moderate,0,0,Snowy Conditions
18857,2021-12-22 20:05:00,40.59907,-73.90498,0,0,Driver Inattention/Distraction,4489313,8.1,-0.0,4.2,4.2,0.0,9.0,61,26.7,47.9,313,Rain: Light,0,0,
18858,2021-12-21 20:00:00,40.614307,-74.06572,0,0,Unspecified,4489593,5.7,-2.4,0.0,0.0,0.0,0.0,3,13.6,24.5,228,Overcast,0,0,
18859,2021-12-22 18:20:00,40.765358,-73.74429,0,0,Driver Inattention/Distraction,4488923,8.1,-0.0,4.2,4.2,0.0,9.0,61,26.7,47.9,313,Rain: Light,0,0,
18860,2021-12-24 05:20:00,40.643135,-73.90422,0,0,Fell Asleep,4489318,5.7,-1.1,1.0,0.0,0.7,5.0,73,12.4,21.6,73,Snow fall: Moderate,0,0,Snowy Conditions
18861,2021-12-24 20:50:00,40.860424,-73.85747,0,0,Failure to Yield Right-of-Way,4489453,5.7,-1.1,1.0,0.0,0.7,5.0,73,12.4,21.6,73,Snow fall: Moderate,0,0,Snowy Conditions
18862,2021-12-24 17:10:00,40.740192,-73.85335,1,0,Driver Inattention/Distraction,4489633,5.7,-1.1,1.0,0.0,0.7,5.0,73,12.4,21.6,73,Snow fall: Moderate,1,1,Snowy Conditions
18863,2021-12-22 16:40:00,40.849075,-73.88289,0,0,Driver Inexperience,4489027,8.1,-0.0,4.2,4.2,0.0,9.0,61,26.7,47.9,313,Rain: Light,0,0,
18864,2021-12-24 15:00:00,40.63417,-74.0178,1,0,Failure to Yield Right-of-Way,4489362,5.7,-1.1,1.0,0.0,0.7,5.0,73,12.4,21.6,73,Snow fall: Moderate,1,1,Snowy Conditions
18865,2021-12-24 14:20:00,40.67332,-73.8464,0,0,Following Too Closely,4489798,5.7,-1.1,1.0,0.0,0.7,5.0,73,12.4,21.6,73,Snow fall: Moderate,0,0,Snowy Conditions
18866,2021-12-22 16:30:00,40.718468,-73.99005,0,0,Pedestrian/Bicyclist/Other Pedestrian Error/Confusion,4488888,8.1,-0.0,4.2,4.2,0.0,9.0,61,26.7,47.9,313,Rain: Light,0,0,
18867,2021-12-24 00:08:00,40.67828,-73.958855,0,0,Unsafe Speed,4489692,5.7,-1.1,1.0,0.0,0.7,5.0,73,12.4,21.6,73,Snow fall: Moderate,0,0,Snowy Conditions
18868,2021-12-24 18:39:00,40.836937,-73.927124,4,0,Unsafe Speed,4489813,5.7,-1.1,1.0,0.0,0.7,5.0,73,12.4,21.6,73,Snow fall: Moderate,4,4,Snowy Conditions
18869,2021-12-22 07:47:00,40.749516,-73.8947,0,0,Driver Inattention/Distraction,4489149,8.1,-0.0,4.2,4.2,0.0,9.0,61,26.7,47.9,313,Rain: Light,0,0,
18870,2021-12-23 21:58:00,40.63693,-73.91109,1,0,Traffic Control Disregarded,4489249,2.1,-2.3,0.0,0.0,0.0,0.0,3,20.1,35.6,299,Overcast,1,1,
18871,2021-12-24 03:10:00,40.84869,-73.90329,1,0,Backing Unsafely,4489422,5.7,-1.1,1.0,0.0,0.7,5.0,73,12.4,21.6,73,Snow fall: Moderate,1,1,Snowy Conditions
18872,2021-12-22 09:00:00,40.59075,-74.08837,1,0,Following Too Closely,4489009,8.1,-0.0,4.2,4.2,0.0,9.0,61,26.7,47.9,313,Rain: Light,1,1,
18873,2021-12-24 12:17:00,40.761383,-73.9956,0,0,Pedestrian/Bicyclist/Other Pedestrian Error/Confusion,4489361,5.7,-1.1,1.0,0.0,0.7,5.0,73,12.4,21.6,73,Snow fall: Moderate,0,0,Snowy Conditions
18874,2021-12-22 08:15:00,40.655544,-73.956345,0,0,Unspecified,4488932,8.1,-0.0,4.2,4.2,0.0,9.0,61,26.7,47.9,313,Rain: Light,0,0,
18875,2021-12-22 14:15:00,40.577946,-74.102325,0,0,Driver Inattention/Distraction,4489010,8.1,-0.0,4.2,4.2,0.0,9.0,61,26.7,47.9,313,Rain: Light,0,0,
18876,2021-12-24 15:19:00,40.710243,-73.9584,0,0,Following Too Closely,4489749,5.7,-1.1,1.0,0.0,0.7,5.0,73,12.4,21.6,73,Snow fall: Moderate,0,0,Snowy Conditions
18877,2021-12-24 19:23:00,40.781998,-73.81411,0,0,Passing or Lane Usage Improper,4489376,5.7,-1.1,1.0,0.0,0.7,5.0,73,12.4,21.6,73,Snow fall: Moderate,0,0,Snowy Conditions
18878,2021-12-23 01:00:00,40.700478,-73.92534,0,0,Passenger Distraction,4488977,2.1,-2.3,0.0,0.0,0.0,0.0,3,20.1,35.6,299,Overcast,0,0,
18879,2021-12-23 13:26:00,40.738895,-73.70099,0,0,Unspecified,4489176,2.1,-2.3,0.0,0.0,0.0,0.0,3,20.1,35.6,299,Overcast,0,0,
18880,2021-12-23 22:10:00,40.74233,-73.83764,0,0,Driver Inattention/Distraction,4489393,2.1,-2.3,0.0,0.0,0.0,0.0,3,20.1,35.6,299,Overcast,0,0,
18881,2021-12-22 01:02:00,40.7079,-73.851105,0,0,Brakes Defective,4488618,8.1,-0.0,4.2,4.2,0.0,9.0,61,26.7,47.9,313,Rain: Light,0,0,
18882,2021-12-23 16:46:00,40.632545,-73.92638,0,0,Reaction to Uninvolved Vehicle,4489203,2.1,-2.3,0.0,0.0,0.0,0.0,3,20.1,35.6,299,Overcast,0,0,
18883,2021-12-24 00:04:00,40.679516,-73.91109,0,0,Unspecified,4489530,5.7,-1.1,1.0,0.0,0.7,5.0,73,12.4,21.6,73,Snow fall: Moderate,0,0,Snowy Conditions
18884,2021-12-22 12:06:00,40.684277,-73.78302,0,0,Failure to Yield Right-of-Way,4489271,8.1,-0.0,4.2,4.2,0.0,9.0,61,26.7,47.9,313,Rain: Light,0,0,
18885,2021-12-22 18:24:00,40.781662,-73.83366,1,0,Failure to Yield Right-of-Way,4488911,8.1,-0.0,4.2,4.2,0.0,9.0,61,26.7,47.9,313,Rain: Light,1,1,
18886,2021-12-22 20:52:00,40.814102,-73.940865,0,0,Other Vehicular,4489129,8.1,-0.0,4.2,4.2,0.0,9.0,61,26.7,47.9,313,Rain: Light,0,0,
18887,2021-12-23 10:00:00,40.712616,-73.94146,0,0,Driver Inattention/Distraction,4489265,2.1,-2.3,0.0,0.0,0.0,0.0,3,20.1,35.6,299,Overcast,0,0,
18888,2021-12-23 15:34:00,40.641945,-73.916626,0,0,Passing Too Closely,4489248,2.1,-2.3,0.0,0.0,0.0,0.0,3,20.1,35.6,299,Overcast,0,0,
18889,2021-12-23 16:00:00,40.760044,-73.89756,2,0,Traffic Control Disregarded,4489165,2.1,-2.3,0.0,0.0,0.0,0.0,3,20.1,35.6,299,Overcast,2,2,
18890,2021-12-22 03:40:00,40.708927,-73.77733,1,0,Driver Inattention/Distraction,4489182,8.1,-0.0,4.2,4.2,0.0,9.0,61,26.7,47.9,313,Rain: Light,1,1,
18891,2021-12-22 17:40:00,40.71376,-73.98556,1,0,Driver Inattention/Distraction,4488887,8.1,-0.0,4.2,4.2,0.0,9.0,61,26.7,47.9,313,Rain: Light,1,1,
18892,2021-12-17 13:17:00,40.691868,-73.863846,0,0,Failure to Yield Right-of-Way,4489345,13.9,6.1,0.0,0.0,0.0,0.0,3,21.5,37.1,265,Overcast,0,0,
18893,2021-12-22 07:00:00,40.77396,-73.91777,0,0,Unspecified,4488978,8.1,-0.0,4.2,4.2,0.0,9.0,61,26.7,47.9,313,Rain: Light,0,0,
18894,2021-12-24 07:50:00,40.72032,-73.99405,0,0,Turning Improperly,4489502,5.7,-1.1,1.0,0.0,0.7,5.0,73,12.4,21.6,73,Snow fall: Moderate,0,0,Snowy Conditions
18895,2021-12-24 23:30:00,40.688927,-73.83635,0,0,Brakes Defective,4489404,5.7,-1.1,1.0,0.0,0.7,5.0,73,12.4,21.6,73,Snow fall: Moderate,0,0,Snowy Conditions
18896,2021-12-24 21:45:00,40.682243,-73.82222,0,0,Tire Failure/Inadequate,4489784,5.7,-1.1,1.0,0.0,0.7,5.0,73,12.4,21.6,73,Snow fall: Moderate,0,0,Snowy Conditions
18897,2021-12-24 23:53:00,40.66549,-73.91063,1,0,Unspecified,4489532,5.7,-1.1,1.0,0.0,0.7,5.0,73,12.4,21.6,73,Snow fall: Moderate,1,1,Snowy Conditions
18898,2021-12-01 01:50:00,40.837894,-73.88138,0,0,Driver Inexperience,4489752,8.6,1.0,0.1,0.1,0.0,1.0,51,16.6,29.5,254,Drizzle: Light,0,0,
18899,2021-12-23 14:30:00,40.653435,-73.95278,0,0,Driver Inattention/Distraction,4489560,2.1,-2.3,0.0,0.0,0.0,0.0,3,20.1,35.6,299,Overcast,0,0,
18900,2021-12-23 10:27:00,40.654003,-73.979935,0,0,Unspecified,4489123,2.1,-2.3,0.0,0.0,0.0,0.0,3,20.1,35.6,299,Overcast,0,0,
18901,2021-12-24 11:27:00,40.70164,-73.938034,0,0,Unspecified,4489346,5.7,-1.1,1.0,0.0,0.7,5.0,73,12.4,21.6,73,Snow fall: Moderate,0,0,Snowy Conditions
18902,2021-12-23 08:15:00,40.68969,-73.99237,0,0,Oversized Vehicle,4489148,2.1,-2.3,0.0,0.0,0.0,0.0,3,20.1,35.6,299,Overcast,0,0,
18903,2021-12-21 07:00:00,40.655605,-73.89259,0,0,Unspecified,4489331,5.7,-2.4,0.0,0.0,0.0,0.0,3,13.6,24.5,228,Overcast,0,0,
18904,2021-12-22 21:02:00,40.587307,-73.93939,2,0,Unspecified,4488959,8.1,-0.0,4.2,4.2,0.0,9.0,61,26.7,47.9,313,Rain: Light,2,2,
18905,2021-12-15 21:50:00,40.82474,-73.90842,3,0,Unspecified,4489842,10.3,1.8,1.0,1.0,0.0,6.0,51,20.6,38.2,104,Drizzle: Light,3,3,
18906,2021-12-21 16:30:00,40.688824,-73.91451,0,0,Passing Too Closely,4489299,5.7,-2.4,0.0,0.0,0.0,0.0,3,13.6,24.5,228,Overcast,0,0,
18907,2021-12-22 19:45:00,40.825443,-73.91808,1,0,Unspecified,4489259,8.1,-0.0,4.2,4.2,0.0,9.0,61,26.7,47.9,313,Rain: Light,1,1,
18908,2021-12-23 18:35:00,40.822903,-73.89289,0,0,Unspecified,4489196,2.1,-2.3,0.0,0.0,0.0,0.0,3,20.1,35.6,299,Overcast,0,0,
18909,2021-12-20 12:45:00,40.608253,-74.08879,1,0,Following Too Closely,4489314,1.8,-4.4,0.0,0.0,0.0,0.0,2,17.9,32.8,282,Partly cloudy,1,1,
18910,2021-05-18 09:15:00,40.749157,-73.86943,0,0,Unspecified,4418368,26.1,11.2,0.0,0.0,0.0,0.0,3,15.5,29.2,262,Overcast,0,0,
18911,2021-12-22 09:50:00,40.729927,-73.810936,0,0,Driver Inattention/Distraction,4488819,8.1,-0.0,4.2,4.2,0.0,9.0,61,26.7,47.9,313,Rain: Light,0,0,
18912,2021-12-23 08:08:00,40.712696,-73.900604,2,0,Unspecified,4489628,2.1,-2.3,0.0,0.0,0.0,0.0,3,20.1,35.6,299,Overcast,2,2,
18913,2021-12-23 09:00:00,40.721687,-73.80932,0,0,Driver Inattention/Distraction,4489047,2.1,-2.3,0.0,0.0,0.0,0.0,3,20.1,35.6,299,Overcast,0,0,
18914,2021-12-24 21:10:00,40.64916,-73.94537,1,0,Backing Unsafely,4489578,5.7,-1.1,1.0,0.0,0.7,5.0,73,12.4,21.6,73,Snow fall: Moderate,1,1,Snowy Conditions
18915,2021-12-24 09:30:00,40.74216,-73.90119,0,0,Driver Inattention/Distraction,4489357,5.7,-1.1,1.0,0.0,0.7,5.0,73,12.4,21.6,73,Snow fall: Moderate,0,0,Snowy Conditions
18916,2021-12-22 17:30:00,40.732582,-73.86806,0,0,Passing or Lane Usage Improper,4488901,8.1,-0.0,4.2,4.2,0.0,9.0,61,26.7,47.9,313,Rain: Light,0,0,
18917,2021-12-21 21:24:00,40.714066,-73.95163,2,0,Following Too Closely,4489389,5.7,-2.4,0.0,0.0,0.0,0.0,3,13.6,24.5,228,Overcast,2,2,
18918,2021-12-22 19:23:00,40.643127,-73.950676,1,0,Pedestrian/Bicyclist/Other Pedestrian Error/Confusion,4489109,8.1,-0.0,4.2,4.2,0.0,9.0,61,26.7,47.9,313,Rain: Light,1,1,
18919,2021-12-24 18:00:00,40.61026,-74.097496,0,0,Traffic Control Disregarded,4489372,5.7,-1.1,1.0,0.0,0.7,5.0,73,12.4,21.6,73,Snow fall: Moderate,0,0,Snowy Conditions
18920,2021-12-24 02:24:00,40.763363,-73.95925,1,0,Driver Inattention/Distraction,4489814,5.7,-1.1,1.0,0.0,0.7,5.0,73,12.4,21.6,73,Snow fall: Moderate,1,1,Snowy Conditions
18921,2021-12-24 11:30:00,40.585976,-73.98799,0,0,Driver Inattention/Distraction,4489680,5.7,-1.1,1.0,0.0,0.7,5.0,73,12.4,21.6,73,Snow fall: Moderate,0,0,Snowy Conditions
18922,2021-12-22 01:07:00,40.722095,-73.94139,0,0,Alcohol Involvement,4489394,8.1,-0.0,4.2,4.2,0.0,9.0,61,26.7,47.9,313,Rain: Light,0,0,
18923,2021-12-22 17:00:00,40.826008,-73.90051,0,0,Passing Too Closely,4489223,8.1,-0.0,4.2,4.2,0.0,9.0,61,26.7,47.9,313,Rain: Light,0,0,
18924,2021-12-22 08:58:00,40.718502,-73.73527,1,0,View Obstructed/Limited,4488740,8.1,-0.0,4.2,4.2,0.0,9.0,61,26.7,47.9,313,Rain: Light,1,1,
18925,2021-12-23 07:14:00,40.690685,-73.78161,0,0,Unspecified,4489015,2.1,-2.3,0.0,0.0,0.0,0.0,3,20.1,35.6,299,Overcast,0,0,
18926,2021-12-22 17:05:00,40.756428,-73.869354,0,0,Driver Inattention/Distraction,4489062,8.1,-0.0,4.2,4.2,0.0,9.0,61,26.7,47.9,313,Rain: Light,0,0,
18927,2021-12-22 11:33:00,40.76788,-73.9815,0,0,Other Vehicular,4488788,8.1,-0.0,4.2,4.2,0.0,9.0,61,26.7,47.9,313,Rain: Light,0,0,
18928,2021-12-22 11:45:00,40.70293,-73.81903,0,0,Outside Car Distraction,4488935,8.1,-0.0,4.2,4.2,0.0,9.0,61,26.7,47.9,313,Rain: Light,0,0,
18929,2021-12-24 15:15:00,40.724686,-73.77241,1,0,Unspecified,4489438,5.7,-1.1,1.0,0.0,0.7,5.0,73,12.4,21.6,73,Snow fall: Moderate,1,1,Snowy Conditions
18930,2021-12-22 11:00:00,40.756165,-73.88739,0,0,Unspecified,4489161,8.1,-0.0,4.2,4.2,0.0,9.0,61,26.7,47.9,313,Rain: Light,0,0,
18931,2021-12-18 01:00:00,40.66735,-73.76994,1,0,Passing or Lane Usage Improper,4489584,6.3,4.5,3.8,3.8,0.0,9.0,61,12.3,24.5,35,Rain: Light,1,1,
18932,2021-12-24 18:34:00,40.683784,-73.769745,0,0,Passing Too Closely,4489457,5.7,-1.1,1.0,0.0,0.7,5.0,73,12.4,21.6,73,Snow fall: Moderate,0,0,Snowy Conditions
18933,2021-12-23 15:40:00,40.666695,-73.961624,1,0,Driver Inattention/Distraction,4489186,2.1,-2.3,0.0,0.0,0.0,0.0,3,20.1,35.6,299,Overcast,1,1,
18934,2021-12-22 14:40:00,40.73264,-74.008644,0,0,Driver Inattention/Distraction,4489118,8.1,-0.0,4.2,4.2,0.0,9.0,61,26.7,47.9,313,Rain: Light,0,0,
18935,2021-12-23 16:50:00,40.673008,-73.87038,0,0,Unspecified,4489326,2.1,-2.3,0.0,0.0,0.0,0.0,3,20.1,35.6,299,Overcast,0,0,
18936,2021-09-09 15:00:00,40.726837,-73.71356,0,0,Unspecified,4461981,22.4,19.8,18.4,18.4,0.0,15.0,63,17.5,39.2,271,Rain: Moderate,0,0,
18937,2021-09-02 11:56:00,40.827965,-73.93844,1,0,,4453336,24.5,15.0,24.6,24.6,0.0,5.0,65,43.0,83.5,344,Rain: Heavy,1,1,
18938,2021-09-20 17:21:00,40.646626,-73.90399,1,0,Unspecified,4459243,23.1,14.9,0.0,0.0,0.0,0.0,3,17.0,34.2,116,Overcast,1,1,
18939,2021-09-20 17:30:00,40.709354,-74.013,0,0,Reaction to Uninvolved Vehicle,4462071,23.1,14.9,0.0,0.0,0.0,0.0,3,17.0,34.2,116,Overcast,0,0,
18940,2021-09-01 11:50:00,40.754055,-73.99583,0,0,Passing Too Closely,4454269,23.2,18.4,121.7,121.7,0.0,18.0,65,43.2,78.5,42,Rain: Heavy,0,0,
18941,2021-12-11 13:35:00,40.66807,-73.950676,1,0,Driver Inattention/Distraction,4485734,17.3,5.0,8.1,8.1,0.0,5.0,63,35.0,67.0,206,Rain: Moderate,1,1,
18942,2021-09-26 06:50:00,40.843903,-73.927284,1,0,Reaction to Uninvolved Vehicle,4462079,21.4,15.6,0.0,0.0,0.0,0.0,3,23.5,45.0,294,Overcast,1,1,
18943,2021-09-26 11:00:00,40.829956,-73.93009,0,0,Unspecified,4462077,21.4,15.6,0.0,0.0,0.0,0.0,3,23.5,45.0,294,Overcast,0,0,
18944,2021-12-11 21:55:00,40.590332,-73.9084,0,0,Unsafe Lane Changing,4485754,17.3,5.0,8.1,8.1,0.0,5.0,63,35.0,67.0,206,Rain: Moderate,0,0,
18945,2021-09-19 16:20:00,40.7300068,-73.9118706,3,0,Unspecified,4458850,23.6,16.8,0.0,0.0,0.0,0.0,2,17.6,35.6,0,Partly cloudy,3,3,