,CRASH DATETIME,LATITUDE,LONGITUDE,NUMBER OF PERSONS INJURED,NUMBER OF PERSONS KILLED,CONTRIBUTING FACTOR VEHICLE 1,COLLISION_ID,temperature_2m_max,temperature_2m_min,precipitation_sum,rain_sum,snowfall_sum,precipitation_hours,weather_code,wind_speed_10m_max,wind_gusts_10m_max,wind_direction_10m_dominant,Weather Description,Severity_Score,Total_Affected_Persons,Weather_Category
18946,2021-12-22 13:00:00,40.809563,-73.92923,0,0,Driver Inattention/Distraction,4488893,8.1,-0.0,4.2,4.2,0.0,9.0,61,26.7,47.9,313,Rain: Light,0,0,
18947,2021-12-23 16:20:00,40.58406,-73.96901,1,0,Unsafe Speed,4489675,2.1,-2.3,0.0,0.0,0.0,0.0,3,20.1,35.6,299,Overcast,1,1,
18948,2021-12-24 19:15:00,40.616184,-74.011734,0,0,Passing or Lane Usage Improper,4489400,5.7,-1.1,1.0,0.0,0.7,5.0,73,12.4,21.6,73,Snow fall: Moderate,0,0,Snowy Conditions
18949,2021-12-22 20:38:00,40.699482,-73.96104,0,0,Driver Inattention/Distraction,4488946,8.1,-0.0,4.2,4.2,0.0,9.0,61,26.7,47.9,313,Rain: Light,0,0,
18950,2021-12-22 11:30:00,40.734978,-73.8614,0,0,Following Too Closely,4489294,8.1,-0.0,4.2,4.2,0.0,9.0,61,26.7,47.9,313,Rain: Light,0,0,
18951,2021-12-23 09:30:00,40.61208,-74.08527,4,0,Unspecified,4489602,2.1,-2.3,0.0,0.0,0.0,0.0,3,20.1,35.6,299,Overcast,4,4,
18952,2021-12-24 10:37:00,40.61308,-73.96839,0,0,Unspecified,4489514,5.7,-1.1,1.0,0.0,0.7,5.0,73,12.4,21.6,73,Snow fall: Moderate,0,0,Snowy Conditions
18953,2021-12-11 02:40:00,40.747078,-73.981346,1,0,Failure to Yield Right-of-Way,4485710,17.3,5.0,8.1,8.1,0.0,5.0,63,35.0,67.0,206,Rain: Moderate,1,1,
18954,2021-12-11 13:20:00,40.712727,-73.875465,0,0,Unspecified,4485712,17.3,5.0,8.1,8.1,0.0,5.0,63,35.0,67.0,206,Rain: Moderate,0,0,
18955,2021-12-11 22:50:00,40.737797,-73.8507,4,0,Driver Inattention/Distraction,4485720,17.3,5.0,8.1,8.1,0.0,5.0,63,35.0,67.0,206,Rain: Moderate,4,4,
18956,2021-12-11 01:00:00,40.736427,-73.91911,0,0,Driver Inattention/Distraction,4485748,17.3,5.0,8.1,8.1,0.0,5.0,63,35.0,67.0,206,Rain: Moderate,0,0,
18957,2021-12-11 14:30:00,40.712578,-73.88088,0,0,Unspecified,4485714,17.3,5.0,8.1,8.1,0.0,5.0,63,35.0,67.0,206,Rain: Moderate,0,0,
18958,2021-12-17 18:56:00,40.77229,-73.915405,0,0,Driver Inattention/Distraction,4489431,13.9,6.1,0.0,0.0,0.0,0.0,3,21.5,37.1,265,Overcast,0,0,
18959,2021-12-24 04:40:00,40.817795,-73.89319,0,0,Driver Inattention/Distraction,4489474,5.7,-1.1,1.0,0.0,0.7,5.0,73,12.4,21.6,73,Snow fall: Moderate,0,0,Snowy Conditions
18960,2022-06-30 17:10:00,40.69977,-73.98294,1,0,Driver Inattention/Distraction,4543015,31.2,17.3,0.0,0.0,0.0,0.0,2,19.1,37.4,274,Partly cloudy,1,1,
18961,2021-11-20 15:00:00,40.810173,-73.95117,1,0,Turning Improperly,4489566,6.8,0.2,0.0,0.0,0.0,0.0,3,13.8,25.6,219,Overcast,1,1,
18962,2021-12-21 15:15:00,40.809563,-73.92923,0,0,Unspecified,4489836,5.7,-2.4,0.0,0.0,0.0,0.0,3,13.6,24.5,228,Overcast,0,0,
18963,2021-09-26 19:38:00,40.824085,-73.874344,0,0,Unspecified,4461235,21.4,15.6,0.0,0.0,0.0,0.0,3,23.5,45.0,294,Overcast,0,0,
18964,2021-09-26 06:18:00,40.822834,-73.941925,1,0,Pedestrian/Bicyclist/Other Pedestrian Error/Confusion,4461426,21.4,15.6,0.0,0.0,0.0,0.0,3,23.5,45.0,294,Overcast,1,1,
18965,2021-09-26 03:20:00,40.69121,-73.80694,1,0,Driver Inattention/Distraction,4461324,21.4,15.6,0.0,0.0,0.0,0.0,3,23.5,45.0,294,Overcast,1,1,
18966,2021-09-23 13:00:00,40.665257,-73.739555,0,0,Unspecified,4462028,26.2,18.0,15.6,15.6,0.0,14.0,63,40.7,77.4,156,Rain: Moderate,0,0,
18967,2021-09-26 02:30:00,40.748093,-73.87947,0,0,Following Too Closely,4461834,21.4,15.6,0.0,0.0,0.0,0.0,3,23.5,45.0,294,Overcast,0,0,
18968,2021-09-22 22:50:00,40.8429,-73.93843,2,0,Backing Unsafely,4461808,25.3,19.9,5.1,5.1,0.0,15.0,61,29.3,55.1,154,Rain: Light,2,2,
18969,2021-09-26 00:05:00,40.74248,-73.9129,1,0,Failure to Yield Right-of-Way,4460886,21.4,15.6,0.0,0.0,0.0,0.0,3,23.5,45.0,294,Overcast,1,1,
18970,2021-09-26 01:01:00,40.88588,-73.82282,0,0,Unsafe Speed,4461291,21.4,15.6,0.0,0.0,0.0,0.0,3,23.5,45.0,294,Overcast,0,0,
18971,2021-09-26 13:30:00,40.609417,-73.9677,0,0,Driver Inattention/Distraction,4461362,21.4,15.6,0.0,0.0,0.0,0.0,3,23.5,45.0,294,Overcast,0,0,
18972,2021-09-26 05:15:00,40.810287,-73.90172,0,0,Driver Inattention/Distraction,4461720,21.4,15.6,0.0,0.0,0.0,0.0,3,23.5,45.0,294,Overcast,0,0,
18973,2021-09-23 21:15:00,40.606327,-74.07994,0,0,Unsafe Speed,4461903,26.2,18.0,15.6,15.6,0.0,14.0,63,40.7,77.4,156,Rain: Moderate,0,0,
18974,2021-03-23 00:00:00,40.755405,-73.97949,1,0,Pedestrian/Bicyclist/Other Pedestrian Error/Confusion,4401168,16.6,1.3,0.0,0.0,0.0,0.0,3,12.8,26.6,83,Overcast,1,1,
18975,2021-05-11 00:50:00,40.83328,-73.86097,5,0,Following Too Closely,4415412,16.7,8.2,0.0,0.0,0.0,0.0,3,27.0,51.1,292,Overcast,5,5,
18976,2021-05-14 17:50:00,40.69217,-73.95194,1,0,Driver Inexperience,4416845,21.6,7.5,0.0,0.0,0.0,0.0,2,14.3,25.2,276,Partly cloudy,1,1,
18977,2021-05-15 00:15:00,40.57944,-73.979614,2,0,Backing Unsafely,4416989,22.4,8.7,0.0,0.0,0.0,0.0,3,12.5,23.8,229,Overcast,2,2,
18978,2021-05-18 22:00:00,40.74359,-73.72561,0,0,Driver Inattention/Distraction,4418647,26.1,11.2,0.0,0.0,0.0,0.0,3,15.5,29.2,262,Overcast,0,0,
18979,2021-05-18 22:00:00,40.81782,-73.915276,0,0,Driver Inattention/Distraction,4417976,26.1,11.2,0.0,0.0,0.0,0.0,3,15.5,29.2,262,Overcast,0,0,
18980,2021-05-18 19:11:00,40.61212,-73.919014,1,0,Unspecified,4417930,26.1,11.2,0.0,0.0,0.0,0.0,3,15.5,29.2,262,Overcast,1,1,
18981,2021-05-16 01:55:00,40.60915,-74.14987,0,0,Unspecified,4418595,22.3,10.7,0.1,0.1,0.0,1.0,51,23.8,46.1,261,Drizzle: Light,0,0,
18982,2021-05-18 00:00:00,40.677364,-73.90798,0,0,Unspecified,4418558,26.1,11.2,0.0,0.0,0.0,0.0,3,15.5,29.2,262,Overcast,0,0,
18983,2021-05-18 19:04:00,40.84434,-73.892044,1,0,Turning Improperly,4418228,26.1,11.2,0.0,0.0,0.0,0.0,3,15.5,29.2,262,Overcast,1,1,
18984,2021-05-18 12:47:00,40.609905,-73.9632,2,0,Driver Inattention/Distraction,4418189,26.1,11.2,0.0,0.0,0.0,0.0,3,15.5,29.2,262,Overcast,2,2,
18985,2021-05-18 01:04:00,40.696217,-73.7436,0,0,Driver Inattention/Distraction,4417602,26.1,11.2,0.0,0.0,0.0,0.0,3,15.5,29.2,262,Overcast,0,0,
18986,2021-05-18 17:45:00,40.65994,-73.92195,0,0,Backing Unsafely,4417916,26.1,11.2,0.0,0.0,0.0,0.0,3,15.5,29.2,262,Overcast,0,0,
18987,2021-04-29 13:45:00,40.69597,-73.90472,0,0,Unspecified,4418612,22.5,12.9,3.8,3.8,0.0,9.0,53,25.6,50.8,199,Drizzle: Moderate,0,0,
18988,2021-05-18 10:50:00,40.688168,-73.809944,0,0,Passing or Lane Usage Improper,4418022,26.1,11.2,0.0,0.0,0.0,0.0,3,15.5,29.2,262,Overcast,0,0,
18989,2021-05-18 05:40:00,40.808296,-73.96889,0,0,Following Too Closely,4417945,26.1,11.2,0.0,0.0,0.0,0.0,3,15.5,29.2,262,Overcast,0,0,
18990,2021-05-18 20:09:00,40.633152,-73.97762,0,0,Unspecified,4418136,26.1,11.2,0.0,0.0,0.0,0.0,3,15.5,29.2,262,Overcast,0,0,
18991,2021-05-18 12:27:00,40.609463,-73.97419,0,0,Driver Inattention/Distraction,4418484,26.1,11.2,0.0,0.0,0.0,0.0,3,15.5,29.2,262,Overcast,0,0,
18992,2021-05-18 14:30:00,40.638447,-73.90872,1,0,Unspecified,4417950,26.1,11.2,0.0,0.0,0.0,0.0,3,15.5,29.2,262,Overcast,1,1,
18993,2021-05-18 05:00:00,40.638165,-74.006805,0,0,Unspecified,4418223,26.1,11.2,0.0,0.0,0.0,0.0,3,15.5,29.2,262,Overcast,0,0,
18994,2021-05-18 20:00:00,40.815403,-73.93992,0,0,Passing Too Closely,4418084,26.1,11.2,0.0,0.0,0.0,0.0,3,15.5,29.2,262,Overcast,0,0,
18995,2021-05-18 08:15:00,40.70711,-73.95672,0,0,Backing Unsafely,4417710,26.1,11.2,0.0,0.0,0.0,0.0,3,15.5,29.2,262,Overcast,0,0,
18996,2021-05-18 00:57:00,40.679527,-73.916534,1,0,Traffic Control Disregarded,4417854,26.1,11.2,0.0,0.0,0.0,0.0,3,15.5,29.2,262,Overcast,1,1,
18997,2021-05-18 20:25:00,40.79162,-73.94885,0,0,Passing or Lane Usage Improper,4417983,26.1,11.2,0.0,0.0,0.0,0.0,3,15.5,29.2,262,Overcast,0,0,
18998,2021-05-16 15:15:00,40.853348,-73.882904,0,0,Backing Unsafely,4418574,22.3,10.7,0.1,0.1,0.0,1.0,51,23.8,46.1,261,Drizzle: Light,0,0,
18999,2021-05-18 12:05:00,40.650387,-73.95872,0,0,Failure to Yield Right-of-Way,4417998,26.1,11.2,0.0,0.0,0.0,0.0,3,15.5,29.2,262,Overcast,0,0,
19000,2021-05-18 23:49:00,40.736855,-73.97853,0,0,Unspecified,4418030,26.1,11.2,0.0,0.0,0.0,0.0,3,15.5,29.2,262,Overcast,0,0,
19001,2021-05-18 16:26:00,40.679863,-73.878,0,0,Backing Unsafely,4418045,26.1,11.2,0.0,0.0,0.0,0.0,3,15.5,29.2,262,Overcast,0,0,
19002,2021-05-18 12:50:00,40.65698,-73.88943,0,0,Failure to Yield Right-of-Way,4417807,26.1,11.2,0.0,0.0,0.0,0.0,3,15.5,29.2,262,Overcast,0,0,
19003,2021-05-18 05:35:00,40.781933,-73.94428,0,0,Driver Inattention/Distraction,4417760,26.1,11.2,0.0,0.0,0.0,0.0,3,15.5,29.2,262,Overcast,0,0,
19004,2021-05-18 12:00:00,40.590885,-73.786125,0,0,Other Vehicular,4418428,26.1,11.2,0.0,0.0,0.0,0.0,3,15.5,29.2,262,Overcast,0,0,
19005,2021-05-18 22:55:00,40.702255,-73.92008,1,0,Failure to Yield Right-of-Way,4418471,26.1,11.2,0.0,0.0,0.0,0.0,3,15.5,29.2,262,Overcast,1,1,
19006,2021-05-13 11:22:00,40.704845,-73.892136,0,0,Driver Inattention/Distraction,4418518,19.1,7.2,0.0,0.0,0.0,0.0,1,15.8,27.4,315,Mainly clear,0,0,Sunny/Clear Conditions
19007,2021-05-18 09:35:00,40.840855,-73.86547,2,0,Driver Inexperience,4417783,26.1,11.2,0.0,0.0,0.0,0.0,3,15.5,29.2,262,Overcast,2,2,
19008,2021-05-18 09:35:00,40.695255,-73.75554,0,0,Failure to Keep Right,4417762,26.1,11.2,0.0,0.0,0.0,0.0,3,15.5,29.2,262,Overcast,0,0,
19009,2021-05-18 14:40:00,40.87802,-73.90241,0,0,Driver Inattention/Distraction,4418280,26.1,11.2,0.0,0.0,0.0,0.0,3,15.5,29.2,262,Overcast,0,0,
19010,2021-05-18 10:00:00,40.693657,-73.983604,0,0,Unspecified,4417845,26.1,11.2,0.0,0.0,0.0,0.0,3,15.5,29.2,262,Overcast,0,0,
19011,2021-05-18 08:02:00,40.720436,-74.00671,0,0,Cell Phone (hands-free),4417722,26.1,11.2,0.0,0.0,0.0,0.0,3,15.5,29.2,262,Overcast,0,0,
19012,2021-05-18 22:28:00,40.675735,-73.89686,0,0,Unspecified,4418044,26.1,11.2,0.0,0.0,0.0,0.0,3,15.5,29.2,262,Overcast,0,0,
19013,2021-05-18 08:20:00,40.74766,-73.81163,1,0,Failure to Yield Right-of-Way,4417940,26.1,11.2,0.0,0.0,0.0,0.0,3,15.5,29.2,262,Overcast,1,1,
19014,2021-05-18 20:42:00,40.75112,-73.97127,1,0,Traffic Control Disregarded,4417957,26.1,11.2,0.0,0.0,0.0,0.0,3,15.5,29.2,262,Overcast,1,1,
19015,2021-05-17 23:45:00,40.793186,-73.94057,0,0,Unspecified,4418585,22.9,9.7,0.0,0.0,0.0,0.0,3,17.7,36.0,224,Overcast,0,0,
19016,2021-05-14 10:55:00,40.677525,-73.963715,0,0,Driver Inattention/Distraction,4418630,21.6,7.5,0.0,0.0,0.0,0.0,2,14.3,25.2,276,Partly cloudy,0,0,
19017,2021-05-18 06:30:00,40.681713,-73.91152,0,0,Following Too Closely,4418069,26.1,11.2,0.0,0.0,0.0,0.0,3,15.5,29.2,262,Overcast,0,0,
19018,2021-05-18 15:15:00,0.0,0.0,0,0,Passing or Lane Usage Improper,4418003,26.1,11.2,0.0,0.0,0.0,0.0,3,15.5,29.2,262,Overcast,0,0,
19019,2021-05-18 14:15:00,40.75858,-73.82562,0,0,Oversized Vehicle,4418049,26.1,11.2,0.0,0.0,0.0,0.0,3,15.5,29.2,262,Overcast,0,0,
19020,2021-05-18 09:31:00,40.70277,-73.82608,0,0,Traffic Control Disregarded,4417734,26.1,11.2,0.0,0.0,0.0,0.0,3,15.5,29.2,262,Overcast,0,0,
19021,2021-05-18 12:10:00,40.663303,-73.960625,1,0,Driver Inattention/Distraction,4417826,26.1,11.2,0.0,0.0,0.0,0.0,3,15.5,29.2,262,Overcast,1,1,
19022,2021-05-18 16:50:00,40.880753,-73.90048,1,0,Unspecified,4417922,26.1,11.2,0.0,0.0,0.0,0.0,3,15.5,29.2,262,Overcast,1,1,
19023,2021-05-18 06:25:00,40.813805,-73.89112,0,0,Unspecified,4418394,26.1,11.2,0.0,0.0,0.0,0.0,3,15.5,29.2,262,Overcast,0,0,
19024,2021-05-08 14:50:00,40.727287,-74.00064,1,0,Unspecified,4418529,11.6,7.7,4.3,4.3,0.0,9.0,61,17.5,36.4,140,Rain: Light,1,1,
19025,2021-05-18 08:35:00,40.63718,-73.95856,2,0,Unspecified,4417997,26.1,11.2,0.0,0.0,0.0,0.0,3,15.5,29.2,262,Overcast,2,2,
19026,2021-05-11 19:18:00,40.83394,-73.9087,1,0,Driver Inattention/Distraction,4418436,16.7,8.2,0.0,0.0,0.0,0.0,3,27.0,51.1,292,Overcast,1,1,
19027,2021-05-17 05:20:00,40.706684,-73.86427,0,0,Unsafe Speed,4418513,22.9,9.7,0.0,0.0,0.0,0.0,3,17.7,36.0,224,Overcast,0,0,
19028,2021-05-18 13:05:00,40.820305,-73.89083,0,0,Unspecified,4417905,26.1,11.2,0.0,0.0,0.0,0.0,3,15.5,29.2,262,Overcast,0,0,
19029,2021-05-18 16:10:00,40.639854,-74.0122,1,0,Unsafe Speed,4418297,26.1,11.2,0.0,0.0,0.0,0.0,3,15.5,29.2,262,Overcast,1,1,
19030,2021-05-18 11:00:00,40.75906,-73.97262,1,0,Driver Inattention/Distraction,4417766,26.1,11.2,0.0,0.0,0.0,0.0,3,15.5,29.2,262,Overcast,1,1,
19031,2021-09-26 00:25:00,40.73937,-73.79189,0,0,Unspecified,4460946,21.4,15.6,0.0,0.0,0.0,0.0,3,23.5,45.0,294,Overcast,0,0,
19032,2021-05-18 21:30:00,40.838196,-73.901184,3,0,Unspecified,4418015,26.1,11.2,0.0,0.0,0.0,0.0,3,15.5,29.2,262,Overcast,3,3,
19033,2021-05-18 14:20:00,40.661385,-73.8841,0,0,Driver Inexperience,4418039,26.1,11.2,0.0,0.0,0.0,0.0,3,15.5,29.2,262,Overcast,0,0,
19034,2021-05-14 00:00:00,40.723705,-73.90446,0,0,Passing or Lane Usage Improper,4418519,21.6,7.5,0.0,0.0,0.0,0.0,2,14.3,25.2,276,Partly cloudy,0,0,
19035,2021-05-16 00:40:00,40.818707,-73.82019,0,0,Unspecified,4418731,22.3,10.7,0.1,0.1,0.0,1.0,51,23.8,46.1,261,Drizzle: Light,0,0,
19036,2021-05-18 22:40:00,40.694363,-73.958,1,0,Following Too Closely,4418255,26.1,11.2,0.0,0.0,0.0,0.0,3,15.5,29.2,262,Overcast,1,1,
19037,2021-05-18 09:33:00,40.744556,-73.91126,0,0,Unspecified,4417936,26.1,11.2,0.0,0.0,0.0,0.0,3,15.5,29.2,262,Overcast,0,0,
19038,2021-05-18 12:30:00,40.76878,-73.73042,0,0,Following Too Closely,4418201,26.1,11.2,0.0,0.0,0.0,0.0,3,15.5,29.2,262,Overcast,0,0,
19039,2021-05-18 20:35:00,40.720245,-73.9444,0,0,Unsafe Lane Changing,4417951,26.1,11.2,0.0,0.0,0.0,0.0,3,15.5,29.2,262,Overcast,0,0,
19040,2021-05-15 17:00:00,40.792015,-73.949814,0,0,Unspecified,4418597,22.4,8.7,0.0,0.0,0.0,0.0,3,12.5,23.8,229,Overcast,0,0,
19041,2021-05-18 07:20:00,40.733448,-73.77413,1,0,Unspecified,4417911,26.1,11.2,0.0,0.0,0.0,0.0,3,15.5,29.2,262,Overcast,1,1,
19042,2021-05-16 20:30:00,40.69368,-73.89507,0,0,Driver Inattention/Distraction,4418613,22.3,10.7,0.1,0.1,0.0,1.0,51,23.8,46.1,261,Drizzle: Light,0,0,
19043,2021-09-26 22:48:00,40.712727,-73.72899,0,0,Tire Failure/Inadequate,4461377,21.4,15.6,0.0,0.0,0.0,0.0,3,23.5,45.0,294,Overcast,0,0,
19044,2021-05-18 19:22:00,40.828075,-73.840065,0,0,Unspecified,4418377,26.1,11.2,0.0,0.0,0.0,0.0,3,15.5,29.2,262,Overcast,0,0,
19045,2021-05-18 00:00:00,40.6778,-73.823845,2,0,Traffic Control Disregarded,4417866,26.1,11.2,0.0,0.0,0.0,0.0,3,15.5,29.2,262,Overcast,2,2,
19046,2021-05-18 19:10:00,40.797943,-73.94213,0,0,Unspecified,4418142,26.1,11.2,0.0,0.0,0.0,0.0,3,15.5,29.2,262,Overcast,0,0,
19047,2021-05-18 14:20:00,40.85406,-73.91936,1,0,Unsafe Speed,4418445,26.1,11.2,0.0,0.0,0.0,0.0,3,15.5,29.2,262,Overcast,1,1,
19048,2021-05-18 15:47:00,40.858994,-73.90573,1,0,Unspecified,4417966,26.1,11.2,0.0,0.0,0.0,0.0,3,15.5,29.2,262,Overcast,1,1,
19049,2021-05-18 02:58:00,40.740326,-73.97312,1,0,Unsafe Speed,4417918,26.1,11.2,0.0,0.0,0.0,0.0,3,15.5,29.2,262,Overcast,1,1,
19050,2021-05-18 21:00:00,40.86226,-73.89589,0,0,Driver Inattention/Distraction,4417967,26.1,11.2,0.0,0.0,0.0,0.0,3,15.5,29.2,262,Overcast,0,0,
19051,2021-05-18 16:00:00,40.653316,-73.74594,0,0,Unspecified,4417946,26.1,11.2,0.0,0.0,0.0,0.0,3,15.5,29.2,262,Overcast,0,0,
19052,2021-05-18 19:20:00,40.88611,-73.86033,0,0,Passing Too Closely,4418210,26.1,11.2,0.0,0.0,0.0,0.0,3,15.5,29.2,262,Overcast,0,0,
19053,2021-05-18 16:16:00,40.73088,-73.871635,1,0,Unspecified,4418314,26.1,11.2,0.0,0.0,0.0,0.0,3,15.5,29.2,262,Overcast,1,1,
19054,2021-05-15 19:02:00,40.840927,-73.868645,1,0,,4418501,22.4,8.7,0.0,0.0,0.0,0.0,3,12.5,23.8,229,Overcast,1,1,
19055,2021-05-18 18:48:00,40.574158,-74.11669,1,0,Following Too Closely,4417901,26.1,11.2,0.0,0.0,0.0,0.0,3,15.5,29.2,262,Overcast,1,1,
19056,2021-05-18 17:29:00,40.846825,-73.89705,0,0,Passing or Lane Usage Improper,4418092,26.1,11.2,0.0,0.0,0.0,0.0,3,15.5,29.2,262,Overcast,0,0,
19057,2021-05-17 12:20:00,40.59607,-73.98413,0,0,Unspecified,4418482,22.9,9.7,0.0,0.0,0.0,0.0,3,17.7,36.0,224,Overcast,0,0,
19058,2021-05-17 00:50:00,40.753807,-73.866745,0,0,Alcohol Involvement,4418444,22.9,9.7,0.0,0.0,0.0,0.0,3,17.7,36.0,224,Overcast,0,0,
19059,2021-05-18 17:00:00,40.81848,-73.82394,0,0,Unspecified,4418183,26.1,11.2,0.0,0.0,0.0,0.0,3,15.5,29.2,262,Overcast,0,0,
19060,2021-05-18 04:45:00,40.695286,-73.77957,0,0,Passing or Lane Usage Improper,4417684,26.1,11.2,0.0,0.0,0.0,0.0,3,15.5,29.2,262,Overcast,0,0,
19061,2021-05-18 08:40:00,40.65626,-73.950165,1,0,Driver Inattention/Distraction,4418226,26.1,11.2,0.0,0.0,0.0,0.0,3,15.5,29.2,262,Overcast,1,1,
19062,2021-05-18 08:55:00,40.875427,-73.906166,0,0,Driver Inexperience,4417865,26.1,11.2,0.0,0.0,0.0,0.0,3,15.5,29.2,262,Overcast,0,0,
19063,2021-05-18 22:00:00,40.73765,-73.71138,0,0,Turning Improperly,4417947,26.1,11.2,0.0,0.0,0.0,0.0,3,15.5,29.2,262,Overcast,0,0,
19064,2021-05-18 10:31:00,40.84519,-73.9112,0,0,Driver Inattention/Distraction,4418331,26.1,11.2,0.0,0.0,0.0,0.0,3,15.5,29.2,262,Overcast,0,0,
19065,2021-05-18 00:45:00,40.720795,-73.94496,0,1,Pedestrian/Bicyclist/Other Pedestrian Error/Confusion,4417604,26.1,11.2,0.0,0.0,0.0,0.0,3,15.5,29.2,262,Overcast,20,1,
19066,2021-09-23 11:55:00,40.7431,-73.974014,1,0,Driver Inattention/Distraction,4461830,26.2,18.0,15.6,15.6,0.0,14.0,63,40.7,77.4,156,Rain: Moderate,1,1,
19067,2021-05-18 11:35:00,40.717953,-73.811874,0,0,Unspecified,4417912,26.1,11.2,0.0,0.0,0.0,0.0,3,15.5,29.2,262,Overcast,0,0,
19068,2021-05-18 18:35:00,40.846104,-73.93609,1,0,Traffic Control Disregarded,4418080,26.1,11.2,0.0,0.0,0.0,0.0,3,15.5,29.2,262,Overcast,1,1,
19069,2021-05-18 14:31:00,40.85233,-73.889244,0,0,Reaction to Uninvolved Vehicle,4418139,26.1,11.2,0.0,0.0,0.0,0.0,3,15.5,29.2,262,Overcast,0,0,
19070,2021-05-18 17:50:00,40.69768,-73.98703,1,0,Driver Inattention/Distraction,4417931,26.1,11.2,0.0,0.0,0.0,0.0,3,15.5,29.2,262,Overcast,1,1,
19071,2021-05-18 12:00:00,40.75455,-73.96252,2,0,Reaction to Uninvolved Vehicle,4418294,26.1,11.2,0.0,0.0,0.0,0.0,3,15.5,29.2,262,Overcast,2,2,
19072,2021-09-25 08:49:00,40.705894,-73.891624,1,0,Unspecified,4461890,22.8,14.0,0.0,0.0,0.0,0.0,3,7.9,15.8,322,Overcast,1,1,
19073,2021-05-18 08:00:00,40.82691,-73.887596,0,0,Driver Inattention/Distraction,4417765,26.1,11.2,0.0,0.0,0.0,0.0,3,15.5,29.2,262,Overcast,0,0,
19074,2021-05-18 05:04:00,40.653683,-73.93255,3,0,Unsafe Speed,4417786,26.1,11.2,0.0,0.0,0.0,0.0,3,15.5,29.2,262,Overcast,3,3,
19075,2021-05-18 16:08:00,40.672615,-74.0006,1,0,Failure to Yield Right-of-Way,4418008,26.1,11.2,0.0,0.0,0.0,0.0,3,15.5,29.2,262,Overcast,1,1,
19076,2021-05-18 20:15:00,40.63555,-73.97803,1,0,Unspecified,4418456,26.1,11.2,0.0,0.0,0.0,0.0,3,15.5,29.2,262,Overcast,1,1,
19077,2021-05-18 15:30:00,40.663788,-73.734024,2,0,Failure to Yield Right-of-Way,4417888,26.1,11.2,0.0,0.0,0.0,0.0,3,15.5,29.2,262,Overcast,2,2,
19078,2021-05-18 17:25:00,40.71552,-74.00925,0,0,Passenger Distraction,4418057,26.1,11.2,0.0,0.0,0.0,0.0,3,15.5,29.2,262,Overcast,0,0,
19079,2021-05-18 10:30:00,40.700233,-73.95988,0,0,Obstruction/Debris,4418367,26.1,11.2,0.0,0.0,0.0,0.0,3,15.5,29.2,262,Overcast,0,0,
19080,2021-05-18 11:16:00,40.726578,-73.95241,0,0,Driver Inattention/Distraction,4417747,26.1,11.2,0.0,0.0,0.0,0.0,3,15.5,29.2,262,Overcast,0,0,
19081,2021-05-18 17:40:00,40.8065,-73.90803,1,0,Fell Asleep,4417975,26.1,11.2,0.0,0.0,0.0,0.0,3,15.5,29.2,262,Overcast,1,1,
19082,2021-05-18 03:00:00,40.713474,-73.75923,0,0,Driver Inattention/Distraction,4417777,26.1,11.2,0.0,0.0,0.0,0.0,3,15.5,29.2,262,Overcast,0,0,
19083,2021-05-18 10:52:00,40.74026,-73.990524,1,0,Driver Inattention/Distraction,4417921,26.1,11.2,0.0,0.0,0.0,0.0,3,15.5,29.2,262,Overcast,1,1,
19084,2021-05-18 11:42:00,40.695377,-73.94921,0,0,Unsafe Speed,4418171,26.1,11.2,0.0,0.0,0.0,0.0,3,15.5,29.2,262,Overcast,0,0,
19085,2021-05-18 11:45:00,40.668648,-73.92835,1,0,Failure to Yield Right-of-Way,4418248,26.1,11.2,0.0,0.0,0.0,0.0,3,15.5,29.2,262,Overcast,1,1,
19086,2021-05-18 20:03:00,40.84364,-73.930534,1,0,Unsafe Speed,4418072,26.1,11.2,0.0,0.0,0.0,0.0,3,15.5,29.2,262,Overcast,1,1,
19087,2021-05-14 00:25:00,40.67164,-73.95034,2,0,Unspecified,4418635,21.6,7.5,0.0,0.0,0.0,0.0,2,14.3,25.2,276,Partly cloudy,2,2,
19088,2021-05-18 15:50:00,40.57725,-74.10298,1,0,Failure to Yield Right-of-Way,4417875,26.1,11.2,0.0,0.0,0.0,0.0,3,15.5,29.2,262,Overcast,1,1,
19089,2021-05-11 16:00:00,40.679787,-73.93844,0,0,Passing Too Closely,4418551,16.7,8.2,0.0,0.0,0.0,0.0,3,27.0,51.1,292,Overcast,0,0,
19090,2021-05-18 12:15:00,40.84869,-73.90329,1,0,Turning Improperly,4418016,26.1,11.2,0.0,0.0,0.0,0.0,3,15.5,29.2,262,Overcast,1,1,
19091,2021-05-18 19:50:00,40.730057,-73.999374,1,0,Traffic Control Disregarded,4418528,26.1,11.2,0.0,0.0,0.0,0.0,3,15.5,29.2,262,Overcast,1,1,
19092,2021-05-18 10:00:00,40.812305,-73.89637,0,0,Failure to Yield Right-of-Way,4418395,26.1,11.2,0.0,0.0,0.0,0.0,3,15.5,29.2,262,Overcast,0,0,
19093,2021-09-26 06:10:00,40.80761,-73.95305,0,0,Fatigued/Drowsy,4460965,21.4,15.6,0.0,0.0,0.0,0.0,3,23.5,45.0,294,Overcast,0,0,
19094,2021-05-18 07:50:00,40.89635,-73.85857,0,0,Driver Inattention/Distraction,4418515,26.1,11.2,0.0,0.0,0.0,0.0,3,15.5,29.2,262,Overcast,0,0,