,CRASH DATETIME,LATITUDE,LONGITUDE,NUMBER OF PERSONS INJURED,NUMBER OF PERSONS KILLED,CONTRIBUTING FACTOR VEHICLE 1,COLLISION_ID,temperature_2m_max,temperature_2m_min,precipitation_sum,rain_sum,snowfall_sum,precipitation_hours,weather_code,wind_speed_10m_max,wind_gusts_10m_max,wind_direction_10m_dominant,Weather Description,Severity_Score,Total_Affected_Persons,Weather_Category
19095,2021-05-18 23:40:00,40.631706,-73.94649,1,0,Failure to Yield Right-of-Way,4418002,26.1,11.2,0.0,0.0,0.0,0.0,3,15.5,29.2,262,Overcast,1,1,
19096,2021-05-18 00:50:00,40.826168,-73.89893,0,0,Unspecified,4417688,26.1,11.2,0.0,0.0,0.0,0.0,3,15.5,29.2,262,Overcast,0,0,
19097,2021-05-18 19:00:00,40.678925,-73.88441,0,0,Unspecified,4418048,26.1,11.2,0.0,0.0,0.0,0.0,3,15.5,29.2,262,Overcast,0,0,
19098,2021-05-18 06:00:00,40.805805,-73.97075,2,0,Driver Inattention/Distraction,4417846,26.1,11.2,0.0,0.0,0.0,0.0,3,15.5,29.2,262,Overcast,2,2,
19099,2021-09-26 00:43:00,40.689648,-73.9184,1,0,Unsafe Speed,4461200,21.4,15.6,0.0,0.0,0.0,0.0,3,23.5,45.0,294,Overcast,1,1,
19100,2021-05-18 21:15:00,40.78519,-73.94934,1,0,Driver Inattention/Distraction,4417980,26.1,11.2,0.0,0.0,0.0,0.0,3,15.5,29.2,262,Overcast,1,1,
19101,2021-05-18 17:50:00,40.769337,-73.802765,1,0,Failure to Yield Right-of-Way,4417939,26.1,11.2,0.0,0.0,0.0,0.0,3,15.5,29.2,262,Overcast,1,1,
19102,2021-05-15 04:00:00,40.814713,-73.9202,0,0,Unspecified,4418543,22.4,8.7,0.0,0.0,0.0,0.0,3,12.5,23.8,229,Overcast,0,0,
19103,2021-05-18 15:24:00,40.745724,-73.97813,0,0,Passing Too Closely,4417955,26.1,11.2,0.0,0.0,0.0,0.0,3,15.5,29.2,262,Overcast,0,0,
19104,2021-05-18 13:00:00,40.76691,-73.93837,0,0,Backing Unsafely,4418164,26.1,11.2,0.0,0.0,0.0,0.0,3,15.5,29.2,262,Overcast,0,0,
19105,2021-05-16 15:45:00,40.720436,-74.00671,0,0,Turning Improperly,4418569,22.3,10.7,0.1,0.1,0.0,1.0,51,23.8,46.1,261,Drizzle: Light,0,0,
19106,2021-05-18 15:40:00,40.822254,-73.88703,0,0,Unspecified,4417904,26.1,11.2,0.0,0.0,0.0,0.0,3,15.5,29.2,262,Overcast,0,0,
19107,2021-05-18 21:55:00,40.828846,-73.860886,1,0,Driver Inattention/Distraction,4418058,26.1,11.2,0.0,0.0,0.0,0.0,3,15.5,29.2,262,Overcast,1,1,
19108,2021-05-18 16:34:00,40.866158,-73.82363,0,0,Unspecified,4418112,26.1,11.2,0.0,0.0,0.0,0.0,3,15.5,29.2,262,Overcast,0,0,
19109,2021-05-18 13:30:00,40.789467,-73.784225,0,0,Unsafe Lane Changing,4417925,26.1,11.2,0.0,0.0,0.0,0.0,3,15.5,29.2,262,Overcast,0,0,
19110,2021-05-18 07:10:00,40.764614,-73.95833,0,0,Passing or Lane Usage Improper,4418028,26.1,11.2,0.0,0.0,0.0,0.0,3,15.5,29.2,262,Overcast,0,0,
19111,2021-05-18 08:10:00,40.865314,-73.836365,0,0,Driver Inattention/Distraction,4417719,26.1,11.2,0.0,0.0,0.0,0.0,3,15.5,29.2,262,Overcast,0,0,
19112,2021-05-18 15:49:00,40.85228,-73.87159,0,0,Unsafe Lane Changing,4417963,26.1,11.2,0.0,0.0,0.0,0.0,3,15.5,29.2,262,Overcast,0,0,
19113,2021-05-18 10:15:00,40.670437,-73.896774,0,0,Backing Unsafely,4417806,26.1,11.2,0.0,0.0,0.0,0.0,3,15.5,29.2,262,Overcast,0,0,
19114,2021-05-17 09:22:00,40.732716,-73.95807,0,0,Unsafe Speed,4418697,22.9,9.7,0.0,0.0,0.0,0.0,3,17.7,36.0,224,Overcast,0,0,
19115,2021-05-18 23:40:00,40.6656,-73.74648,0,0,Unspecified,4417970,26.1,11.2,0.0,0.0,0.0,0.0,3,15.5,29.2,262,Overcast,0,0,
19116,2021-05-18 07:10:00,40.707306,-73.75122,0,0,Unspecified,4417900,26.1,11.2,0.0,0.0,0.0,0.0,3,15.5,29.2,262,Overcast,0,0,
19117,2021-05-18 16:16:00,40.609985,-73.96239,1,0,Driver Inattention/Distraction,4417962,26.1,11.2,0.0,0.0,0.0,0.0,3,15.5,29.2,262,Overcast,1,1,
19118,2021-05-12 14:50:00,40.747917,-73.9736,1,0,Driver Inattention/Distraction,4418581,17.9,5.8,0.0,0.0,0.0,0.0,2,20.0,41.0,317,Partly cloudy,1,1,
19119,2021-05-18 12:20:00,40.886223,-73.82712,0,0,Alcohol Involvement,4418198,26.1,11.2,0.0,0.0,0.0,0.0,3,15.5,29.2,262,Overcast,0,0,
19120,2021-05-18 04:00:00,40.583893,-73.81916,0,0,Unspecified,4417935,26.1,11.2,0.0,0.0,0.0,0.0,3,15.5,29.2,262,Overcast,0,0,
19121,2021-05-18 16:52:00,40.89,-73.849106,1,0,Traffic Control Disregarded,4418211,26.1,11.2,0.0,0.0,0.0,0.0,3,15.5,29.2,262,Overcast,1,1,
19122,2021-05-18 02:41:00,40.859642,-73.90534,1,0,Traffic Control Disregarded,4417645,26.1,11.2,0.0,0.0,0.0,0.0,3,15.5,29.2,262,Overcast,1,1,
19123,2021-05-18 19:05:00,40.627674,-73.96092,0,0,Driver Inexperience,4418319,26.1,11.2,0.0,0.0,0.0,0.0,3,15.5,29.2,262,Overcast,0,0,
19124,2021-05-16 11:00:00,40.669434,-73.9255,0,0,Unsafe Speed,4418634,22.3,10.7,0.1,0.1,0.0,1.0,51,23.8,46.1,261,Drizzle: Light,0,0,
19125,2021-05-18 16:47:00,40.740524,-73.77847,0,0,Driver Inattention/Distraction,4418089,26.1,11.2,0.0,0.0,0.0,0.0,3,15.5,29.2,262,Overcast,0,0,
19126,2021-05-18 13:46:00,40.669205,-73.93873,1,0,Unspecified,4418498,26.1,11.2,0.0,0.0,0.0,0.0,3,15.5,29.2,262,Overcast,1,1,
19127,2021-05-18 08:06:00,40.838505,-73.8751,2,0,Passing or Lane Usage Improper,4418458,26.1,11.2,0.0,0.0,0.0,0.0,3,15.5,29.2,262,Overcast,2,2,
19128,2021-05-18 11:00:00,40.59707,-73.77759,0,0,Other Vehicular,4418017,26.1,11.2,0.0,0.0,0.0,0.0,3,15.5,29.2,262,Overcast,0,0,
19129,2021-05-18 05:35:00,40.738495,-73.90274,0,0,Unsafe Speed,4417772,26.1,11.2,0.0,0.0,0.0,0.0,3,15.5,29.2,262,Overcast,0,0,
19130,2021-05-18 07:30:00,40.709854,-73.7842,0,0,Failure to Yield Right-of-Way,4417778,26.1,11.2,0.0,0.0,0.0,0.0,3,15.5,29.2,262,Overcast,0,0,
19131,2021-05-18 14:55:00,40.7452,-73.88426,0,0,Driver Inattention/Distraction,4417991,26.1,11.2,0.0,0.0,0.0,0.0,3,15.5,29.2,262,Overcast,0,0,
19132,2021-05-18 17:15:00,40.717667,-73.74351,0,0,Backing Unsafely,4418313,26.1,11.2,0.0,0.0,0.0,0.0,3,15.5,29.2,262,Overcast,0,0,
19133,2021-05-18 13:10:00,40.749725,-73.98363,1,0,Passing Too Closely,4417817,26.1,11.2,0.0,0.0,0.0,0.0,3,15.5,29.2,262,Overcast,1,1,
19134,2021-05-18 23:04:00,40.658672,-73.90019,0,0,Passing or Lane Usage Improper,4418010,26.1,11.2,0.0,0.0,0.0,0.0,3,15.5,29.2,262,Overcast,0,0,
19135,2021-05-18 23:37:00,40.57522,-73.997505,1,0,Alcohol Involvement,4418376,26.1,11.2,0.0,0.0,0.0,0.0,3,15.5,29.2,262,Overcast,1,1,
19136,2021-05-18 14:10:00,40.538326,-74.14937,0,0,Unsafe Speed,4417874,26.1,11.2,0.0,0.0,0.0,0.0,3,15.5,29.2,262,Overcast,0,0,
19137,2021-05-18 16:40:00,40.66796,-73.87009,1,0,Failure to Yield Right-of-Way,4418040,26.1,11.2,0.0,0.0,0.0,0.0,3,15.5,29.2,262,Overcast,1,1,
19138,2021-05-18 13:29:00,40.722775,-73.94707,1,0,Oversized Vehicle,4418452,26.1,11.2,0.0,0.0,0.0,0.0,3,15.5,29.2,262,Overcast,1,1,
19139,2021-05-18 03:03:00,40.846687,-73.905594,0,0,Passing Too Closely,4417726,26.1,11.2,0.0,0.0,0.0,0.0,3,15.5,29.2,262,Overcast,0,0,
19140,2021-05-18 14:30:00,40.575542,-73.96487,0,0,Unspecified,4417994,26.1,11.2,0.0,0.0,0.0,0.0,3,15.5,29.2,262,Overcast,0,0,
19141,2021-05-17 09:30:00,40.823566,-73.93768,0,0,Unspecified,4418717,22.9,9.7,0.0,0.0,0.0,0.0,3,17.7,36.0,224,Overcast,0,0,
19142,2021-05-18 18:27:00,40.526566,-74.169106,0,0,Other Vehicular,4418035,26.1,11.2,0.0,0.0,0.0,0.0,3,15.5,29.2,262,Overcast,0,0,
19143,2021-05-18 17:05:00,40.72225,-74.00592,0,0,Failure to Yield Right-of-Way,4418056,26.1,11.2,0.0,0.0,0.0,0.0,3,15.5,29.2,262,Overcast,0,0,
19144,2021-05-18 08:15:00,40.667038,-73.7682,1,0,Reaction to Uninvolved Vehicle,4417757,26.1,11.2,0.0,0.0,0.0,0.0,3,15.5,29.2,262,Overcast,1,1,
19145,2021-05-18 08:30:00,40.676132,-73.81924,0,0,Turning Improperly,4417813,26.1,11.2,0.0,0.0,0.0,0.0,3,15.5,29.2,262,Overcast,0,0,
19146,2021-05-15 13:07:00,40.764675,-73.88513,1,0,Unspecified,4418441,22.4,8.7,0.0,0.0,0.0,0.0,3,12.5,23.8,229,Overcast,1,1,
19147,2021-05-18 14:02:00,40.886642,-73.90967,1,0,,4417864,26.1,11.2,0.0,0.0,0.0,0.0,3,15.5,29.2,262,Overcast,1,1,
19148,2021-05-18 20:47:00,40.64224,-73.89912,0,0,Driver Inattention/Distraction,4417948,26.1,11.2,0.0,0.0,0.0,0.0,3,15.5,29.2,262,Overcast,0,0,
19149,2021-05-18 15:20:00,40.819042,-73.93075,0,0,Tire Failure/Inadequate,4418378,26.1,11.2,0.0,0.0,0.0,0.0,3,15.5,29.2,262,Overcast,0,0,
19150,2021-05-18 21:29:00,40.810318,-73.943634,1,0,Pedestrian/Bicyclist/Other Pedestrian Error/Confusion,4418086,26.1,11.2,0.0,0.0,0.0,0.0,3,15.5,29.2,262,Overcast,1,1,
19151,2021-05-18 07:44:00,40.596237,-73.94211,0,0,Unspecified,4417764,26.1,11.2,0.0,0.0,0.0,0.0,3,15.5,29.2,262,Overcast,0,0,
19152,2021-05-18 07:05:00,40.66675,-73.779945,0,0,Passing or Lane Usage Improper,4417893,26.1,11.2,0.0,0.0,0.0,0.0,3,15.5,29.2,262,Overcast,0,0,
19153,2021-05-18 01:07:00,40.812744,-73.937645,0,0,Other Vehicular,4417718,26.1,11.2,0.0,0.0,0.0,0.0,3,15.5,29.2,262,Overcast,0,0,
19154,2021-05-18 06:25:00,40.88371,-73.85281,0,0,Driver Inattention/Distraction,4417847,26.1,11.2,0.0,0.0,0.0,0.0,3,15.5,29.2,262,Overcast,0,0,
19155,2021-05-18 06:15:00,40.586517,-73.967575,0,0,Backing Unsafely,4417985,26.1,11.2,0.0,0.0,0.0,0.0,3,15.5,29.2,262,Overcast,0,0,
19156,2021-05-18 09:10:00,40.69998,-73.94064,0,0,Driver Inattention/Distraction,4417839,26.1,11.2,0.0,0.0,0.0,0.0,3,15.5,29.2,262,Overcast,0,0,
19157,2021-05-18 22:20:00,40.682842,-73.9766,0,0,Passing or Lane Usage Improper,4418562,26.1,11.2,0.0,0.0,0.0,0.0,3,15.5,29.2,262,Overcast,0,0,
19158,2021-09-26 07:00:00,40.75253,-73.94384,0,0,Unspecified,4461434,21.4,15.6,0.0,0.0,0.0,0.0,3,23.5,45.0,294,Overcast,0,0,
19159,2021-05-14 22:15:00,40.723663,-73.86864,0,0,Backing Unsafely,4418609,21.6,7.5,0.0,0.0,0.0,0.0,2,14.3,25.2,276,Partly cloudy,0,0,
19160,2021-05-18 09:16:00,40.6612,-73.924324,1,0,Unspecified,4417913,26.1,11.2,0.0,0.0,0.0,0.0,3,15.5,29.2,262,Overcast,1,1,
19161,2021-05-18 10:34:00,40.687317,-74.00006,0,0,Unspecified,4418006,26.1,11.2,0.0,0.0,0.0,0.0,3,15.5,29.2,262,Overcast,0,0,
19162,2021-05-18 06:00:00,40.652714,-73.8906,0,0,Unspecified,4418047,26.1,11.2,0.0,0.0,0.0,0.0,3,15.5,29.2,262,Overcast,0,0,
19163,2021-05-18 14:25:00,40.61368,-73.98882,0,0,Driver Inattention/Distraction,4418025,26.1,11.2,0.0,0.0,0.0,0.0,3,15.5,29.2,262,Overcast,0,0,
19164,2021-05-18 14:45:00,40.845028,-73.880394,0,0,Other Vehicular,4418138,26.1,11.2,0.0,0.0,0.0,0.0,3,15.5,29.2,262,Overcast,0,0,
19165,2021-05-18 12:20:00,40.836304,-73.92518,0,0,Passing or Lane Usage Improper,4418363,26.1,11.2,0.0,0.0,0.0,0.0,3,15.5,29.2,262,Overcast,0,0,
19166,2021-05-18 21:48:00,40.631832,-73.95755,1,0,Driver Inattention/Distraction,4418402,26.1,11.2,0.0,0.0,0.0,0.0,3,15.5,29.2,262,Overcast,1,1,
19167,2021-09-26 03:19:00,40.678722,-73.952995,2,0,Failure to Yield Right-of-Way,4461454,21.4,15.6,0.0,0.0,0.0,0.0,3,23.5,45.0,294,Overcast,2,2,
19168,2021-05-18 17:38:00,40.81812,-73.942474,0,0,Passing Too Closely,4417908,26.1,11.2,0.0,0.0,0.0,0.0,3,15.5,29.2,262,Overcast,0,0,
19169,2021-05-18 19:05:00,40.82664,-73.94306,0,0,Unsafe Speed,4418740,26.1,11.2,0.0,0.0,0.0,0.0,3,15.5,29.2,262,Overcast,0,0,
19170,2021-05-18 12:04:00,40.694576,-73.95615,1,0,Failure to Yield Right-of-Way,4418172,26.1,11.2,0.0,0.0,0.0,0.0,3,15.5,29.2,262,Overcast,1,1,
19171,2021-05-18 12:30:00,40.703434,-73.91181,0,0,Passing or Lane Usage Improper,4418636,26.1,11.2,0.0,0.0,0.0,0.0,3,15.5,29.2,262,Overcast,0,0,
19172,2021-05-18 16:45:00,40.671337,-73.9448,1,0,Driver Inattention/Distraction,4417903,26.1,11.2,0.0,0.0,0.0,0.0,3,15.5,29.2,262,Overcast,1,1,
19173,2021-05-18 01:25:00,40.673676,-73.79376,0,0,Unsafe Speed,4417685,26.1,11.2,0.0,0.0,0.0,0.0,3,15.5,29.2,262,Overcast,0,0,
19174,2021-05-18 12:00:00,40.768932,-73.79191,1,0,Driver Inattention/Distraction,4418212,26.1,11.2,0.0,0.0,0.0,0.0,3,15.5,29.2,262,Overcast,1,1,
19175,2021-05-17 09:26:00,40.90304,-73.849556,1,0,Driver Inattention/Distraction,4418516,22.9,9.7,0.0,0.0,0.0,0.0,3,17.7,36.0,224,Overcast,1,1,
19176,2021-05-18 12:15:00,40.75406,-73.808624,1,0,Traffic Control Disregarded,4417927,26.1,11.2,0.0,0.0,0.0,0.0,3,15.5,29.2,262,Overcast,1,1,
19177,2021-05-17 12:30:00,40.819763,-73.95163,1,0,Unspecified,4418475,22.9,9.7,0.0,0.0,0.0,0.0,3,17.7,36.0,224,Overcast,1,1,
19178,2021-05-18 22:21:00,40.72247,-73.987144,1,0,Unspecified,4418340,26.1,11.2,0.0,0.0,0.0,0.0,3,15.5,29.2,262,Overcast,1,1,
19179,2021-05-18 08:35:00,40.78459,-73.94198,0,0,Unspecified,4418590,26.1,11.2,0.0,0.0,0.0,0.0,3,15.5,29.2,262,Overcast,0,0,
19180,2021-09-26 22:30:00,40.67563,-74.00351,0,0,Unspecified,4461509,21.4,15.6,0.0,0.0,0.0,0.0,3,23.5,45.0,294,Overcast,0,0,
19181,2021-05-16 19:30:00,40.736668,-73.997345,1,0,Traffic Control Disregarded,4418527,22.3,10.7,0.1,0.1,0.0,1.0,51,23.8,46.1,261,Drizzle: Light,1,1,
19182,2021-05-18 11:40:00,40.68587,-73.76349,1,0,Failure to Yield Right-of-Way,4418128,26.1,11.2,0.0,0.0,0.0,0.0,3,15.5,29.2,262,Overcast,1,1,
19183,2021-05-18 19:30:00,40.743862,-73.9873,0,0,Pedestrian/Bicyclist/Other Pedestrian Error/Confusion,4417920,26.1,11.2,0.0,0.0,0.0,0.0,3,15.5,29.2,262,Overcast,0,0,
19184,2021-05-18 14:41:00,40.678852,-73.834114,1,0,Driver Inattention/Distraction,4417876,26.1,11.2,0.0,0.0,0.0,0.0,3,15.5,29.2,262,Overcast,1,1,
19185,2021-05-18 19:54:00,0.0,0.0,0,0,Driver Inattention/Distraction,4418204,26.1,11.2,0.0,0.0,0.0,0.0,3,15.5,29.2,262,Overcast,0,0,
19186,2021-05-18 17:00:00,40.654312,-73.91759,2,0,Following Too Closely,4418240,26.1,11.2,0.0,0.0,0.0,0.0,3,15.5,29.2,262,Overcast,2,2,
19187,2021-05-18 14:52:00,40.649597,-73.958534,3,0,Driver Inattention/Distraction,4418000,26.1,11.2,0.0,0.0,0.0,0.0,3,15.5,29.2,262,Overcast,3,3,
19188,2021-05-18 22:06:00,40.815693,-73.948685,0,0,Animals Action,4418077,26.1,11.2,0.0,0.0,0.0,0.0,3,15.5,29.2,262,Overcast,0,0,
19189,2021-05-18 22:11:00,40.73261,-73.8686,0,0,Following Too Closely,4417938,26.1,11.2,0.0,0.0,0.0,0.0,3,15.5,29.2,262,Overcast,0,0,
19190,2021-05-17 14:55:00,40.68986,-73.95147,0,0,Reaction to Uninvolved Vehicle,4418552,22.9,9.7,0.0,0.0,0.0,0.0,3,17.7,36.0,224,Overcast,0,0,
19191,2021-05-18 16:25:00,40.85228,-73.87159,0,0,Unsafe Lane Changing,4417964,26.1,11.2,0.0,0.0,0.0,0.0,3,15.5,29.2,262,Overcast,0,0,
19192,2021-05-18 14:50:00,40.579052,-73.98415,1,0,Driver Inattention/Distraction,4418374,26.1,11.2,0.0,0.0,0.0,0.0,3,15.5,29.2,262,Overcast,1,1,
19193,2021-05-18 13:50:00,40.588886,-73.965645,1,0,Passing or Lane Usage Improper,4418161,26.1,11.2,0.0,0.0,0.0,0.0,3,15.5,29.2,262,Overcast,1,1,
19194,2021-05-16 12:00:00,40.615692,-73.99366,0,0,Passing Too Closely,4418481,22.3,10.7,0.1,0.1,0.0,1.0,51,23.8,46.1,261,Drizzle: Light,0,0,
19195,2021-05-18 11:55:00,40.809265,-73.90854,0,0,Turning Improperly,4417972,26.1,11.2,0.0,0.0,0.0,0.0,3,15.5,29.2,262,Overcast,0,0,
19196,2021-05-18 14:51:00,40.771145,-73.89882,1,0,Unspecified,4418165,26.1,11.2,0.0,0.0,0.0,0.0,3,15.5,29.2,262,Overcast,1,1,
19197,2021-05-18 04:30:00,40.83767,-73.91921,0,0,Backing Unsafely,4417665,26.1,11.2,0.0,0.0,0.0,0.0,3,15.5,29.2,262,Overcast,0,0,
19198,2021-05-18 01:33:00,40.630486,-74.07829,0,0,Driver Inattention/Distraction,4418320,26.1,11.2,0.0,0.0,0.0,0.0,3,15.5,29.2,262,Overcast,0,0,
19199,2021-09-26 21:26:00,40.8678,-73.90814,4,0,Turning Improperly,4461557,21.4,15.6,0.0,0.0,0.0,0.0,3,23.5,45.0,294,Overcast,4,4,
19200,2021-05-18 09:45:00,40.666134,-73.99225,2,0,Unsafe Speed,4417907,26.1,11.2,0.0,0.0,0.0,0.0,3,15.5,29.2,262,Overcast,2,2,
19201,2021-05-18 12:15:00,40.829266,-73.90085,0,0,Passing or Lane Usage Improper,4418018,26.1,11.2,0.0,0.0,0.0,0.0,3,15.5,29.2,262,Overcast,0,0,
19202,2021-05-18 10:45:00,40.74411,-73.95364,0,0,Driver Inattention/Distraction,4417781,26.1,11.2,0.0,0.0,0.0,0.0,3,15.5,29.2,262,Overcast,0,0,
19203,2021-05-18 00:00:00,40.759384,-73.896484,0,0,Unspecified,4418012,26.1,11.2,0.0,0.0,0.0,0.0,3,15.5,29.2,262,Overcast,0,0,
19204,2021-05-07 20:40:00,40.607662,-73.98348,0,0,Driver Inattention/Distraction,4418713,16.4,7.7,0.0,0.0,0.0,0.0,3,15.8,32.4,73,Overcast,0,0,
19205,2021-05-18 22:18:00,40.6167,-74.03085,3,0,Traffic Control Disregarded,4418261,26.1,11.2,0.0,0.0,0.0,0.0,3,15.5,29.2,262,Overcast,3,3,
19206,2021-05-18 13:25:00,40.674576,-73.84844,2,0,Traffic Control Disregarded,4418096,26.1,11.2,0.0,0.0,0.0,0.0,3,15.5,29.2,262,Overcast,2,2,
19207,2021-05-18 23:00:00,40.750645,-73.94566,1,0,Unspecified,4417942,26.1,11.2,0.0,0.0,0.0,0.0,3,15.5,29.2,262,Overcast,1,1,
19208,2021-05-18 18:05:00,40.655827,-73.91034,0,0,Outside Car Distraction,4418580,26.1,11.2,0.0,0.0,0.0,0.0,3,15.5,29.2,262,Overcast,0,0,
19209,2021-05-18 18:00:00,40.6374,-73.919174,2,0,Unspecified,4417953,26.1,11.2,0.0,0.0,0.0,0.0,3,15.5,29.2,262,Overcast,2,2,
19210,2021-05-18 21:16:00,40.825165,-73.86699,1,0,Unspecified,4418063,26.1,11.2,0.0,0.0,0.0,0.0,3,15.5,29.2,262,Overcast,1,1,
19211,2021-05-18 21:55:00,40.736057,-73.87669,0,0,Unspecified,4417986,26.1,11.2,0.0,0.0,0.0,0.0,3,15.5,29.2,262,Overcast,0,0,
19212,2021-05-18 11:15:00,40.84301,-73.83877,0,0,Driver Inattention/Distraction,4417836,26.1,11.2,0.0,0.0,0.0,0.0,3,15.5,29.2,262,Overcast,0,0,
19213,2021-05-18 16:34:00,40.554493,-74.13978,1,0,Obstruction/Debris,4417872,26.1,11.2,0.0,0.0,0.0,0.0,3,15.5,29.2,262,Overcast,1,1,
19214,2021-05-16 10:35:00,40.770264,-73.92143,1,0,Following Too Closely,4418448,22.3,10.7,0.1,0.1,0.0,1.0,51,23.8,46.1,261,Drizzle: Light,1,1,
19215,2021-05-18 08:31:00,40.880135,-73.873085,0,0,Other Vehicular,4417732,26.1,11.2,0.0,0.0,0.0,0.0,3,15.5,29.2,262,Overcast,0,0,
19216,2021-05-18 11:45:00,40.67578,-74.0014,1,0,Turning Improperly,4418379,26.1,11.2,0.0,0.0,0.0,0.0,3,15.5,29.2,262,Overcast,1,1,
19217,2021-05-18 16:40:00,40.703762,-73.94262,2,0,Driver Inattention/Distraction,4417995,26.1,11.2,0.0,0.0,0.0,0.0,3,15.5,29.2,262,Overcast,2,2,
19218,2021-05-18 10:30:00,40.7662,-73.812996,1,0,,4417924,26.1,11.2,0.0,0.0,0.0,0.0,3,15.5,29.2,262,Overcast,1,1,
19219,2021-05-17 22:20:00,40.644955,-73.92113,2,0,Unspecified,4418539,22.9,9.7,0.0,0.0,0.0,0.0,3,17.7,36.0,224,Overcast,2,2,
19220,2021-05-18 13:29:00,40.84506,-73.916855,1,0,Following Too Closely,4418491,26.1,11.2,0.0,0.0,0.0,0.0,3,15.5,29.2,262,Overcast,1,1,
19221,2021-05-18 04:48:00,40.64123,-73.90841,0,0,Unspecified,4417841,26.1,11.2,0.0,0.0,0.0,0.0,3,15.5,29.2,262,Overcast,0,0,
19222,2021-05-18 15:10:00,40.70376,-73.98662,0,0,Passing Too Closely,4417877,26.1,11.2,0.0,0.0,0.0,0.0,3,15.5,29.2,262,Overcast,0,0,
19223,2021-05-18 23:30:00,40.538532,-74.19224,0,0,Driver Inattention/Distraction,4418036,26.1,11.2,0.0,0.0,0.0,0.0,3,15.5,29.2,262,Overcast,0,0,
19224,2021-05-18 16:30:00,40.665478,-73.87747,0,0,Failure to Yield Right-of-Way,4418042,26.1,11.2,0.0,0.0,0.0,0.0,3,15.5,29.2,262,Overcast,0,0,
19225,2021-05-18 13:18:00,40.643425,-73.94588,0,0,Unspecified,4418553,26.1,11.2,0.0,0.0,0.0,0.0,3,15.5,29.2,262,Overcast,0,0,
19226,2021-05-18 08:50:00,40.777756,-73.89871,0,0,Driver Inattention/Distraction,4417725,26.1,11.2,0.0,0.0,0.0,0.0,3,15.5,29.2,262,Overcast,0,0,
19227,2021-05-16 16:45:00,40.639725,-74.03605,1,0,Driver Inattention/Distraction,4418686,22.3,10.7,0.1,0.1,0.0,1.0,51,23.8,46.1,261,Drizzle: Light,1,1,
19228,2021-05-18 22:59:00,40.752445,-73.96461,1,0,Following Too Closely,4417961,26.1,11.2,0.0,0.0,0.0,0.0,3,15.5,29.2,262,Overcast,1,1,
19229,2021-05-18 16:14:00,40.816883,-73.96265,0,0,Brakes Defective,4418567,26.1,11.2,0.0,0.0,0.0,0.0,3,15.5,29.2,262,Overcast,0,0,
19230,2021-05-14 08:26:00,40.677525,-73.963715,1,0,Driver Inattention/Distraction,4418633,21.6,7.5,0.0,0.0,0.0,0.0,2,14.3,25.2,276,Partly cloudy,1,1,
19231,2021-05-18 03:20:00,40.8504,-73.90697,0,0,Other Vehicular,4417769,26.1,11.2,0.0,0.0,0.0,0.0,3,15.5,29.2,262,Overcast,0,0,
19232,2021-05-17 01:17:00,40.680584,-73.9809,0,0,Alcohol Involvement,4418565,22.9,9.7,0.0,0.0,0.0,0.0,3,17.7,36.0,224,Overcast,0,0,
19233,2021-05-18 12:45:00,40.649513,-73.96292,0,0,Passing Too Closely,4417999,26.1,11.2,0.0,0.0,0.0,0.0,3,15.5,29.2,262,Overcast,0,0,
19234,2021-05-18 07:50:00,40.663223,-73.73351,0,0,Failure to Yield Right-of-Way,4417896,26.1,11.2,0.0,0.0,0.0,0.0,3,15.5,29.2,262,Overcast,0,0,
19235,2021-05-18 16:20:00,40.599823,-73.75398,0,0,Pedestrian/Bicyclist/Other Pedestrian Error/Confusion,4418032,26.1,11.2,0.0,0.0,0.0,0.0,3,15.5,29.2,262,Overcast,0,0,
19236,2021-05-18 23:55:00,40.850822,-73.90147,0,0,Other Vehicular,4418510,26.1,11.2,0.0,0.0,0.0,0.0,3,15.5,29.2,262,Overcast,0,0,
19237,2021-05-18 22:14:00,40.762486,-73.96298,1,0,Other Vehicular,4417984,26.1,11.2,0.0,0.0,0.0,0.0,3,15.5,29.2,262,Overcast,1,1,
19238,2021-05-18 12:19:00,40.865685,-73.823425,0,0,Unspecified,4417808,26.1,11.2,0.0,0.0,0.0,0.0,3,15.5,29.2,262,Overcast,0,0,
19239,2021-05-18 19:17:00,40.63947,-73.902756,0,0,Failure to Yield Right-of-Way,4418231,26.1,11.2,0.0,0.0,0.0,0.0,3,15.5,29.2,262,Overcast,0,0,
19240,2021-05-18 15:30:00,40.7466,-73.76503,1,0,Driver Inattention/Distraction,4418178,26.1,11.2,0.0,0.0,0.0,0.0,3,15.5,29.2,262,Overcast,1,1,
19241,2021-05-18 15:35:00,40.718864,-73.97483,0,0,Driver Inattention/Distraction,4417928,26.1,11.2,0.0,0.0,0.0,0.0,3,15.5,29.2,262,Overcast,0,0,
19242,2021-05-17 15:50:00,40.693447,-73.917015,1,0,Driver Inattention/Distraction,4418640,22.9,9.7,0.0,0.0,0.0,0.0,3,17.7,36.0,224,Overcast,1,1,
19243,2021-05-18 17:30:00,40.73949,-73.8369,1,0,Following Too Closely,4417914,26.1,11.2,0.0,0.0,0.0,0.0,3,15.5,29.2,262,Overcast,1,1,
19244,2021-05-18 18:12:00,40.8122,-73.94226,1,0,Physical Disability,4418085,26.1,11.2,0.0,0.0,0.0,0.0,3,15.5,29.2,262,Overcast,1,1,
19245,2021-05-16 16:53:00,40.586746,-73.81712,0,0,Unspecified,4418662,22.3,10.7,0.1,0.1,0.0,1.0,51,23.8,46.1,261,Drizzle: Light,0,0,