,CRASH DATETIME,LATITUDE,LONGITUDE,NUMBER OF PERSONS INJURED,NUMBER OF PERSONS KILLED,CONTRIBUTING FACTOR VEHICLE 1,COLLISION_ID,temperature_2m_max,temperature_2m_min,precipitation_sum,rain_sum,snowfall_sum,precipitation_hours,weather_code,wind_speed_10m_max,wind_gusts_10m_max,wind_direction_10m_dominant,Weather Description,Severity_Score,Total_Affected_Persons,Weather_Category
19246,2021-09-26 04:49:00,40.64503,-73.91998,0,0,Unspecified,4461157,21.4,15.6,0.0,0.0,0.0,0.0,3,23.5,45.0,294,Overcast,0,0,
19247,2021-05-18 08:48:00,40.62788,-73.93251,1,0,Driver Inattention/Distraction,4417803,26.1,11.2,0.0,0.0,0.0,0.0,3,15.5,29.2,262,Overcast,1,1,
19248,2021-05-17 01:20:00,40.740356,-73.99046,1,0,Traffic Control Disregarded,4418476,22.9,9.7,0.0,0.0,0.0,0.0,3,17.7,36.0,224,Overcast,1,1,
19249,2021-05-18 02:00:00,40.69467,-73.76343,0,0,Driver Inexperience,4417763,26.1,11.2,0.0,0.0,0.0,0.0,3,15.5,29.2,262,Overcast,0,0,
19250,2021-05-18 20:47:00,40.663227,-73.93159,2,0,Unspecified,4418285,26.1,11.2,0.0,0.0,0.0,0.0,3,15.5,29.2,262,Overcast,2,2,
19251,2021-05-16 09:58:00,40.699024,-73.9039,0,0,Unspecified,4418611,22.3,10.7,0.1,0.1,0.0,1.0,51,23.8,46.1,261,Drizzle: Light,0,0,
19252,2021-05-18 11:57:00,40.84944,-73.906006,2,0,Driver Inattention/Distraction,4418046,26.1,11.2,0.0,0.0,0.0,0.0,3,15.5,29.2,262,Overcast,2,2,
19253,2021-05-18 13:04:00,40.76301,-73.87532,1,0,Driver Inattention/Distraction,4417851,26.1,11.2,0.0,0.0,0.0,0.0,3,15.5,29.2,262,Overcast,1,1,
19254,2021-05-18 17:00:00,40.881958,-73.816605,1,0,Driver Inattention/Distraction,4417944,26.1,11.2,0.0,0.0,0.0,0.0,3,15.5,29.2,262,Overcast,1,1,
19255,2021-09-26 06:05:00,40.81286,-73.96341,0,0,Driver Inattention/Distraction,4461086,21.4,15.6,0.0,0.0,0.0,0.0,3,23.5,45.0,294,Overcast,0,0,
19256,2021-05-18 20:30:00,40.8216,-73.91211,1,0,Driver Inattention/Distraction,4417977,26.1,11.2,0.0,0.0,0.0,0.0,3,15.5,29.2,262,Overcast,1,1,
19257,2021-05-18 08:40:00,40.88052,-73.875725,0,0,Passing or Lane Usage Improper,4417758,26.1,11.2,0.0,0.0,0.0,0.0,3,15.5,29.2,262,Overcast,0,0,
19258,2021-05-18 02:35:00,40.689407,-73.913956,0,0,Unsafe Speed,4417687,26.1,11.2,0.0,0.0,0.0,0.0,3,15.5,29.2,262,Overcast,0,0,
19259,2021-05-18 15:46:00,40.672703,-73.93635,0,0,Backing Unsafely,4417902,26.1,11.2,0.0,0.0,0.0,0.0,3,15.5,29.2,262,Overcast,0,0,
19260,2021-05-15 17:00:00,40.771576,-73.87616,0,0,Driver Inattention/Distraction,4418440,22.4,8.7,0.0,0.0,0.0,0.0,3,12.5,23.8,229,Overcast,0,0,
19261,2021-05-18 22:41:00,40.639286,-73.89869,1,0,Driver Inattention/Distraction,4417949,26.1,11.2,0.0,0.0,0.0,0.0,3,15.5,29.2,262,Overcast,1,1,
19262,2021-05-18 10:40:00,40.626335,-74.174965,0,0,Other Vehicular,4417861,26.1,11.2,0.0,0.0,0.0,0.0,3,15.5,29.2,262,Overcast,0,0,
19263,2021-05-18 14:25:00,40.83561,-73.94668,0,0,Following Too Closely,4418741,26.1,11.2,0.0,0.0,0.0,0.0,3,15.5,29.2,262,Overcast,0,0,
19264,2021-05-18 21:35:00,40.608017,-74.116066,0,0,Driver Inexperience,4418192,26.1,11.2,0.0,0.0,0.0,0.0,3,15.5,29.2,262,Overcast,0,0,
19265,2021-05-18 10:00:00,40.667114,-73.834656,0,0,Unsafe Speed,4418094,26.1,11.2,0.0,0.0,0.0,0.0,3,15.5,29.2,262,Overcast,0,0,
19266,2021-05-18 17:22:00,40.71665,-73.94474,1,0,Unsafe Speed,4418343,26.1,11.2,0.0,0.0,0.0,0.0,3,15.5,29.2,262,Overcast,1,1,
19267,2021-05-05 20:50:00,40.654312,-73.91759,0,0,Failure to Yield Right-of-Way,4418592,15.1,10.8,9.9,9.9,0.0,17.0,61,21.5,42.5,23,Rain: Light,0,0,
19268,2021-05-18 08:00:00,40.701458,-73.80414,1,0,Driver Inattention/Distraction,4417909,26.1,11.2,0.0,0.0,0.0,0.0,3,15.5,29.2,262,Overcast,1,1,
19269,2021-05-18 15:00:00,40.67057,-73.800644,0,0,Passing or Lane Usage Improper,4418129,26.1,11.2,0.0,0.0,0.0,0.0,3,15.5,29.2,262,Overcast,0,0,
19270,2021-05-18 12:30:00,40.700233,-73.95988,1,0,Unspecified,4418412,26.1,11.2,0.0,0.0,0.0,0.0,3,15.5,29.2,262,Overcast,1,1,
19271,2021-05-18 17:44:00,40.576157,-73.98902,0,0,Driver Inattention/Distraction,4417996,26.1,11.2,0.0,0.0,0.0,0.0,3,15.5,29.2,262,Overcast,0,0,
19272,2021-04-27 13:40:00,40.684937,-73.91014,0,0,Driver Inattention/Distraction,4418461,14.8,4.2,0.0,0.0,0.0,0.0,3,15.3,34.2,164,Overcast,0,0,
19273,2021-05-18 12:08:00,40.666946,-73.79712,0,0,Backing Unsafely,4417782,26.1,11.2,0.0,0.0,0.0,0.0,3,15.5,29.2,262,Overcast,0,0,
19274,2021-05-18 15:39:00,40.852386,-73.90369,0,0,Unspecified,4418019,26.1,11.2,0.0,0.0,0.0,0.0,3,15.5,29.2,262,Overcast,0,0,
19275,2021-05-18 05:00:00,40.66395,-73.920975,0,0,View Obstructed/Limited,4417989,26.1,11.2,0.0,0.0,0.0,0.0,3,15.5,29.2,262,Overcast,0,0,
19276,2021-05-18 08:51:00,40.85185,-73.902725,0,0,Traffic Control Disregarded,4417768,26.1,11.2,0.0,0.0,0.0,0.0,3,15.5,29.2,262,Overcast,0,0,
19277,2021-05-18 12:45:00,40.699955,-73.98682,0,0,Driver Inattention/Distraction,4417843,26.1,11.2,0.0,0.0,0.0,0.0,3,15.5,29.2,262,Overcast,0,0,
19278,2021-05-18 20:15:00,40.67247,-73.79987,0,0,Alcohol Involvement,4418053,26.1,11.2,0.0,0.0,0.0,0.0,3,15.5,29.2,262,Overcast,0,0,
19279,2021-05-18 22:30:00,40.662544,-73.87652,1,0,Tire Failure/Inadequate,4418043,26.1,11.2,0.0,0.0,0.0,0.0,3,15.5,29.2,262,Overcast,1,1,
19280,2021-05-18 09:55:00,40.80582,-73.93848,0,0,Unsafe Lane Changing,4417733,26.1,11.2,0.0,0.0,0.0,0.0,3,15.5,29.2,262,Overcast,0,0,
19281,2021-05-18 18:50:00,40.600426,-73.941895,2,0,Driver Inattention/Distraction,4418347,26.1,11.2,0.0,0.0,0.0,0.0,3,15.5,29.2,262,Overcast,2,2,
19282,2021-05-15 11:00:00,40.716976,-73.98229,0,0,Unspecified,4418708,22.4,8.7,0.0,0.0,0.0,0.0,3,12.5,23.8,229,Overcast,0,0,
19283,2021-05-09 16:20:00,40.61384,-73.981445,0,0,Driver Inattention/Distraction,4418478,16.7,5.8,8.6,8.6,0.0,8.0,61,18.9,38.9,250,Rain: Light,0,0,
19284,2021-05-18 20:20:00,40.87595,-73.86189,0,0,Illnes,4418532,26.1,11.2,0.0,0.0,0.0,0.0,3,15.5,29.2,262,Overcast,0,0,
19285,2021-09-20 09:10:00,40.757397,-73.88836,0,0,Unspecified,4461915,23.1,14.9,0.0,0.0,0.0,0.0,3,17.0,34.2,116,Overcast,0,0,
19286,2021-05-18 19:30:00,40.88756,-73.863976,1,0,Driver Inattention/Distraction,4418203,26.1,11.2,0.0,0.0,0.0,0.0,3,15.5,29.2,262,Overcast,1,1,
19287,2021-05-18 12:32:00,40.756035,-73.73069,0,0,Unspecified,4418209,26.1,11.2,0.0,0.0,0.0,0.0,3,15.5,29.2,262,Overcast,0,0,
19288,2021-05-18 03:17:00,40.834503,-73.93037,1,0,Unsafe Speed,4417670,26.1,11.2,0.0,0.0,0.0,0.0,3,15.5,29.2,262,Overcast,1,1,
19289,2021-05-11 16:37:00,40.752975,-73.91024,1,0,Unsafe Lane Changing,4418446,16.7,8.2,0.0,0.0,0.0,0.0,3,27.0,51.1,292,Overcast,1,1,
19290,2021-12-24 15:30:00,40.764317,-73.99579,0,0,Passing Too Closely,4489425,5.7,-1.1,1.0,0.0,0.7,5.0,73,12.4,21.6,73,Snow fall: Moderate,0,0,Snowy Conditions
19291,2021-05-18 21:20:00,40.66223,-73.93997,0,0,Driver Inattention/Distraction,4417959,26.1,11.2,0.0,0.0,0.0,0.0,3,15.5,29.2,262,Overcast,0,0,
19292,2021-05-18 16:00:00,40.8047,-73.91243,0,0,Unspecified,4417974,26.1,11.2,0.0,0.0,0.0,0.0,3,15.5,29.2,262,Overcast,0,0,
19293,2021-09-26 17:53:00,40.64077,-73.90913,3,0,Unspecified,4461942,21.4,15.6,0.0,0.0,0.0,0.0,3,23.5,45.0,294,Overcast,3,3,
19294,2021-05-18 10:30:00,40.612747,-74.12712,0,0,Driver Inattention/Distraction,4418321,26.1,11.2,0.0,0.0,0.0,0.0,3,15.5,29.2,262,Overcast,0,0,
19295,2021-05-18 08:15:00,40.675957,-73.95273,0,0,Driver Inattention/Distraction,4418631,26.1,11.2,0.0,0.0,0.0,0.0,3,15.5,29.2,262,Overcast,0,0,
19296,2021-05-18 19:21:00,40.656338,-73.72906,0,0,Backing Unsafely,4417906,26.1,11.2,0.0,0.0,0.0,0.0,3,15.5,29.2,262,Overcast,0,0,
19297,2021-05-18 15:25:00,40.754177,-73.984604,0,0,Passing or Lane Usage Improper,4418066,26.1,11.2,0.0,0.0,0.0,0.0,3,15.5,29.2,262,Overcast,0,0,
19298,2021-05-18 08:30:00,40.780224,-73.80255,0,0,Failure to Yield Right-of-Way,4417923,26.1,11.2,0.0,0.0,0.0,0.0,3,15.5,29.2,262,Overcast,0,0,
19299,2021-05-18 23:45:00,40.68623,-74.00046,0,0,Following Too Closely,4418380,26.1,11.2,0.0,0.0,0.0,0.0,3,15.5,29.2,262,Overcast,0,0,
19300,2021-05-18 18:30:00,40.70625,-74.00314,1,0,Unspecified,4418557,26.1,11.2,0.0,0.0,0.0,0.0,3,15.5,29.2,262,Overcast,1,1,
19301,2021-05-18 16:53:00,40.8606,-73.91102,0,0,Unspecified,4417965,26.1,11.2,0.0,0.0,0.0,0.0,3,15.5,29.2,262,Overcast,0,0,
19302,2021-05-18 11:55:00,40.71997,-73.992905,3,0,Traffic Control Disregarded,4417835,26.1,11.2,0.0,0.0,0.0,0.0,3,15.5,29.2,262,Overcast,3,3,
19303,2021-05-18 08:15:00,40.75117,-73.9152,0,0,Oversized Vehicle,4417724,26.1,11.2,0.0,0.0,0.0,0.0,3,15.5,29.2,262,Overcast,0,0,
19304,2021-05-18 17:38:00,40.8339,-73.883514,0,0,Passing or Lane Usage Improper,4418014,26.1,11.2,0.0,0.0,0.0,0.0,3,15.5,29.2,262,Overcast,0,0,
19305,2021-05-18 13:05:00,40.71164,-73.85851,1,0,Driver Inattention/Distraction,4418079,26.1,11.2,0.0,0.0,0.0,0.0,3,15.5,29.2,262,Overcast,1,1,
19306,2021-05-18 14:00:00,40.817173,-73.861725,0,0,Driver Inexperience,4417878,26.1,11.2,0.0,0.0,0.0,0.0,3,15.5,29.2,262,Overcast,0,0,
19307,2021-05-18 16:27:00,40.8816,-73.90484,1,0,Unspecified,4417867,26.1,11.2,0.0,0.0,0.0,0.0,3,15.5,29.2,262,Overcast,1,1,
19308,2021-05-18 14:25:00,40.6932,-73.7845,1,0,Failure to Yield Right-of-Way,4418038,26.1,11.2,0.0,0.0,0.0,0.0,3,15.5,29.2,262,Overcast,1,1,
19309,2021-05-18 06:30:00,40.83639,-73.91588,0,0,Unsafe Speed,4418371,26.1,11.2,0.0,0.0,0.0,0.0,3,15.5,29.2,262,Overcast,0,0,
19310,2021-05-18 17:40:00,40.665318,-73.98882,0,0,Driver Inattention/Distraction,4418678,26.1,11.2,0.0,0.0,0.0,0.0,3,15.5,29.2,262,Overcast,0,0,
19311,2021-05-18 22:24:00,40.82523,-73.94761,0,0,Driver Inattention/Distraction,4417941,26.1,11.2,0.0,0.0,0.0,0.0,3,15.5,29.2,262,Overcast,0,0,
19312,2021-05-18 13:30:00,40.65597,-73.959946,0,0,Passing Too Closely,4418256,26.1,11.2,0.0,0.0,0.0,0.0,3,15.5,29.2,262,Overcast,0,0,
19313,2021-05-18 22:10:00,40.77731,-73.91239,1,0,Unspecified,4418166,26.1,11.2,0.0,0.0,0.0,0.0,3,15.5,29.2,262,Overcast,1,1,
19314,2021-05-15 13:55:00,40.73876,-74.00973,1,0,Unsafe Speed,4418526,22.4,8.7,0.0,0.0,0.0,0.0,3,12.5,23.8,229,Overcast,1,1,
19315,2021-04-22 20:18:00,40.666885,-73.98159,0,0,Unspecified,4418566,7.9,1.3,0.0,0.0,0.0,0.0,3,34.0,64.4,289,Overcast,0,0,
19316,2021-05-18 18:45:00,40.63045,-73.909874,0,0,Driver Inattention/Distraction,4417952,26.1,11.2,0.0,0.0,0.0,0.0,3,15.5,29.2,262,Overcast,0,0,
19317,2021-05-12 11:05:00,40.698242,-73.80635,0,0,Following Too Closely,4418618,17.9,5.8,0.0,0.0,0.0,0.0,2,20.0,41.0,317,Partly cloudy,0,0,
19318,2021-05-18 16:05:00,40.707466,-73.7887,1,0,Following Too Closely,4417910,26.1,11.2,0.0,0.0,0.0,0.0,3,15.5,29.2,262,Overcast,1,1,
19319,2021-05-17 16:40:00,40.72299,-73.91069,1,0,Failure to Yield Right-of-Way,4418488,22.9,9.7,0.0,0.0,0.0,0.0,3,17.7,36.0,224,Overcast,1,1,
19320,2021-05-18 01:30:00,40.700726,-73.94194,0,0,Unsafe Speed,4418131,26.1,11.2,0.0,0.0,0.0,0.0,3,15.5,29.2,262,Overcast,0,0,
19321,2021-05-18 09:00:00,40.820095,-73.955086,0,0,Aggressive Driving/Road Rage,4418158,26.1,11.2,0.0,0.0,0.0,0.0,3,15.5,29.2,262,Overcast,0,0,
19322,2021-05-18 16:00:00,40.73757,-73.71632,2,0,Driver Inattention/Distraction,4418646,26.1,11.2,0.0,0.0,0.0,0.0,3,15.5,29.2,262,Overcast,2,2,
19323,2021-05-18 17:54:00,40.7712,-73.83345,0,0,Driver Inexperience,4418180,26.1,11.2,0.0,0.0,0.0,0.0,3,15.5,29.2,262,Overcast,0,0,
19324,2021-05-18 13:50:00,40.608204,-73.920715,0,0,Unspecified,4417929,26.1,11.2,0.0,0.0,0.0,0.0,3,15.5,29.2,262,Overcast,0,0,
19325,2021-09-17 21:13:00,40.647007,-73.946266,2,0,Driver Inexperience,4461986,23.6,20.1,1.0,1.0,0.0,7.0,51,20.3,38.9,59,Drizzle: Light,2,2,
19326,2021-09-26 13:40:00,40.735504,-73.95264,0,0,Passing or Lane Usage Improper,4461137,21.4,15.6,0.0,0.0,0.0,0.0,3,23.5,45.0,294,Overcast,0,0,
19327,2021-09-26 01:50:00,40.663055,-73.885345,0,0,Driver Inattention/Distraction,4461092,21.4,15.6,0.0,0.0,0.0,0.0,3,23.5,45.0,294,Overcast,0,0,
19328,2021-09-22 10:05:00,40.769005,-73.992355,2,0,Following Too Closely,4461860,25.3,19.9,5.1,5.1,0.0,15.0,61,29.3,55.1,154,Rain: Light,2,2,
19329,2021-09-26 17:05:00,40.704395,-73.9502,1,0,Driver Inattention/Distraction,4461193,21.4,15.6,0.0,0.0,0.0,0.0,3,23.5,45.0,294,Overcast,1,1,
19330,2021-09-26 01:40:00,40.75835,-73.869705,0,0,Fell Asleep,4460989,21.4,15.6,0.0,0.0,0.0,0.0,3,23.5,45.0,294,Overcast,0,0,
19331,2021-09-26 14:15:00,40.802475,-73.94935,1,0,Backing Unsafely,4461551,21.4,15.6,0.0,0.0,0.0,0.0,3,23.5,45.0,294,Overcast,1,1,
19332,2021-09-26 01:30:00,40.66669,-73.81173,2,0,View Obstructed/Limited,4461345,21.4,15.6,0.0,0.0,0.0,0.0,3,23.5,45.0,294,Overcast,2,2,
19333,2021-09-26 08:30:00,40.86235,-73.89997,0,0,Following Too Closely,4461390,21.4,15.6,0.0,0.0,0.0,0.0,3,23.5,45.0,294,Overcast,0,0,
19334,2021-09-26 16:20:00,40.839996,-73.86832,0,0,Unspecified,4461586,21.4,15.6,0.0,0.0,0.0,0.0,3,23.5,45.0,294,Overcast,0,0,
19335,2021-09-26 01:30:00,40.8733,-73.853645,0,0,Unsafe Speed,4461463,21.4,15.6,0.0,0.0,0.0,0.0,3,23.5,45.0,294,Overcast,0,0,
19336,2021-09-26 22:25:00,40.732037,-73.814926,1,0,Driver Inattention/Distraction,4461570,21.4,15.6,0.0,0.0,0.0,0.0,3,23.5,45.0,294,Overcast,1,1,
19337,2021-09-26 14:20:00,40.75999,-73.751945,2,0,Unspecified,4461044,21.4,15.6,0.0,0.0,0.0,0.0,3,23.5,45.0,294,Overcast,2,2,
19338,2021-09-26 03:00:00,40.86446,-73.91895,0,0,Driver Inattention/Distraction,4461173,21.4,15.6,0.0,0.0,0.0,0.0,3,23.5,45.0,294,Overcast,0,0,
19339,2021-09-26 22:14:00,40.702957,-73.74332,1,0,Turning Improperly,4461304,21.4,15.6,0.0,0.0,0.0,0.0,3,23.5,45.0,294,Overcast,1,1,
19340,2021-09-25 16:10:00,40.753113,-73.86,0,0,Driver Inattention/Distraction,4461911,22.8,14.0,0.0,0.0,0.0,0.0,3,7.9,15.8,322,Overcast,0,0,
19341,2021-09-25 17:11:00,40.52786,-74.19985,3,0,Using On Board Navigation Device,4462007,22.8,14.0,0.0,0.0,0.0,0.0,3,7.9,15.8,322,Overcast,3,3,
19342,2021-09-24 02:52:00,40.66684,-73.78941,0,0,Backing Unsafely,4461796,22.4,15.6,26.0,26.0,0.0,9.0,63,14.2,29.9,274,Rain: Moderate,0,0,
19343,2021-09-21 15:30:00,40.762913,-73.96981,1,0,Driver Inattention/Distraction,4461916,23.1,16.4,0.0,0.0,0.0,0.0,3,14.2,29.5,108,Overcast,1,1,
19344,2021-09-26 04:00:00,40.684937,-73.91014,1,0,Unspecified,4461202,21.4,15.6,0.0,0.0,0.0,0.0,3,23.5,45.0,294,Overcast,1,1,
19345,2021-09-25 11:32:00,40.73093,-73.864586,0,0,Driver Inattention/Distraction,4461972,22.8,14.0,0.0,0.0,0.0,0.0,3,7.9,15.8,322,Overcast,0,0,
19346,2021-09-26 17:00:00,40.63501,-73.914055,0,0,Passing or Lane Usage Improper,4461264,21.4,15.6,0.0,0.0,0.0,0.0,3,23.5,45.0,294,Overcast,0,0,
19347,2021-08-27 19:06:00,40.72407,-74.00013,0,0,Unspecified,4461872,32.2,23.4,1.4,1.4,0.0,2.0,55,9.4,22.3,299,Drizzle: Dense,0,0,
19348,2021-09-26 03:45:00,40.789528,-73.820435,1,0,Unsafe Speed,4461108,21.4,15.6,0.0,0.0,0.0,0.0,3,23.5,45.0,294,Overcast,1,1,
19349,2021-09-26 15:00:00,40.730442,-73.98035,1,0,Passing Too Closely,4461696,21.4,15.6,0.0,0.0,0.0,0.0,3,23.5,45.0,294,Overcast,1,1,
19350,2021-09-26 15:00:00,40.748158,-73.85406,0,0,Driver Inattention/Distraction,4461484,21.4,15.6,0.0,0.0,0.0,0.0,3,23.5,45.0,294,Overcast,0,0,
19351,2021-09-26 20:20:00,40.654045,-73.92673,0,0,Driver Inattention/Distraction,4461989,21.4,15.6,0.0,0.0,0.0,0.0,3,23.5,45.0,294,Overcast,0,0,
19352,2021-09-26 14:50:00,40.66079,-73.99401,1,0,Driver Inattention/Distraction,4461659,21.4,15.6,0.0,0.0,0.0,0.0,3,23.5,45.0,294,Overcast,1,1,
19353,2021-09-26 17:06:00,40.79566,-73.93249,0,0,Backing Unsafely,4461850,21.4,15.6,0.0,0.0,0.0,0.0,3,23.5,45.0,294,Overcast,0,0,
19354,2021-09-26 04:20:00,40.70253,-73.8143,0,0,Driver Inattention/Distraction,4461337,21.4,15.6,0.0,0.0,0.0,0.0,3,23.5,45.0,294,Overcast,0,0,
19355,2021-09-23 09:01:00,40.764904,-73.998146,0,0,Driver Inattention/Distraction,4461815,26.2,18.0,15.6,15.6,0.0,14.0,63,40.7,77.4,156,Rain: Moderate,0,0,
19356,2021-09-26 02:40:00,40.675507,-73.74186,0,0,,4461378,21.4,15.6,0.0,0.0,0.0,0.0,3,23.5,45.0,294,Overcast,0,0,
19357,2021-09-26 17:40:00,40.81388,-73.91182,1,0,Other Vehicular,4461442,21.4,15.6,0.0,0.0,0.0,0.0,3,23.5,45.0,294,Overcast,1,1,
19358,2021-09-22 08:30:00,40.61022,-74.09389,0,0,Driver Inattention/Distraction,4461907,25.3,19.9,5.1,5.1,0.0,15.0,61,29.3,55.1,154,Rain: Light,0,0,
19359,2021-09-26 17:29:00,40.696003,-73.9299,1,0,Driver Inattention/Distraction,4461214,21.4,15.6,0.0,0.0,0.0,0.0,3,23.5,45.0,294,Overcast,1,1,
19360,2021-09-26 20:45:00,40.610306,-73.994,0,0,Driver Inattention/Distraction,4461737,21.4,15.6,0.0,0.0,0.0,0.0,3,23.5,45.0,294,Overcast,0,0,
19361,2021-09-25 12:04:00,40.705746,-73.8097,1,0,View Obstructed/Limited,4461923,22.8,14.0,0.0,0.0,0.0,0.0,3,7.9,15.8,322,Overcast,1,1,
19362,2021-09-26 12:32:00,40.617195,-73.97794,0,0,Driver Inattention/Distraction,4461413,21.4,15.6,0.0,0.0,0.0,0.0,3,23.5,45.0,294,Overcast,0,0,
19363,2021-09-26 14:25:00,40.69024,-73.99437,0,0,Unspecified,4461294,21.4,15.6,0.0,0.0,0.0,0.0,3,23.5,45.0,294,Overcast,0,0,
19364,2021-09-26 11:06:00,40.626568,-73.970924,1,0,Unspecified,4461414,21.4,15.6,0.0,0.0,0.0,0.0,3,23.5,45.0,294,Overcast,1,1,
19365,2021-09-26 19:30:00,40.586098,-73.93237,0,0,Driver Inattention/Distraction,4461364,21.4,15.6,0.0,0.0,0.0,0.0,3,23.5,45.0,294,Overcast,0,0,
19366,2021-09-14 00:00:00,40.83986,-73.888145,0,0,Driver Inattention/Distraction,4461822,26.0,19.0,0.2,0.2,0.0,1.0,51,18.0,35.6,138,Drizzle: Light,0,0,
19367,2021-09-26 01:40:00,40.71512,-73.83224,0,0,Tire Failure/Inadequate,4460903,21.4,15.6,0.0,0.0,0.0,0.0,3,23.5,45.0,294,Overcast,0,0,
19368,2021-09-24 12:34:00,40.858635,-73.846466,0,0,Failure to Yield Right-of-Way,4461965,22.4,15.6,26.0,26.0,0.0,9.0,63,14.2,29.9,274,Rain: Moderate,0,0,
19369,2021-09-26 20:45:00,40.669403,-73.94221,1,0,Driver Inattention/Distraction,4461254,21.4,15.6,0.0,0.0,0.0,0.0,3,23.5,45.0,294,Overcast,1,1,
19370,2021-09-25 20:00:00,40.72477,-73.885124,0,0,Driver Inexperience,4461954,22.8,14.0,0.0,0.0,0.0,0.0,3,7.9,15.8,322,Overcast,0,0,
19371,2021-09-24 15:21:00,40.675842,-73.78305,1,0,Failure to Yield Right-of-Way,4461921,22.4,15.6,26.0,26.0,0.0,9.0,63,14.2,29.9,274,Rain: Moderate,1,1,
19372,2021-12-23 12:50:00,40.850857,-73.90765,0,0,Following Too Closely,4489288,2.1,-2.3,0.0,0.0,0.0,0.0,3,20.1,35.6,299,Overcast,0,0,
19373,2021-09-26 02:05:00,40.68627,-73.97812,0,0,Unspecified,4460947,21.4,15.6,0.0,0.0,0.0,0.0,3,23.5,45.0,294,Overcast,0,0,
19374,2021-09-20 22:26:00,40.700977,-73.91782,1,0,Driver Inattention/Distraction,4461831,23.1,14.9,0.0,0.0,0.0,0.0,3,17.0,34.2,116,Overcast,1,1,
19375,2021-09-26 17:55:00,40.692623,-73.923676,0,0,Driver Inattention/Distraction,4461213,21.4,15.6,0.0,0.0,0.0,0.0,3,23.5,45.0,294,Overcast,0,0,
19376,2021-09-26 06:42:00,40.65908,-73.7513,1,0,Unsafe Speed,4461372,21.4,15.6,0.0,0.0,0.0,0.0,3,23.5,45.0,294,Overcast,1,1,
19377,2021-09-26 17:18:00,40.665726,-73.96425,1,0,Other Vehicular,4461893,21.4,15.6,0.0,0.0,0.0,0.0,3,23.5,45.0,294,Overcast,1,1,
19378,2021-09-26 01:21:00,40.62082,-74.009895,0,0,Alcohol Involvement,4461287,21.4,15.6,0.0,0.0,0.0,0.0,3,23.5,45.0,294,Overcast,0,0,
19379,2021-09-26 23:11:00,40.83174,-73.94342,1,0,Unspecified,4461728,21.4,15.6,0.0,0.0,0.0,0.0,3,23.5,45.0,294,Overcast,1,1,
19380,2021-09-26 17:50:00,40.688988,-73.84591,0,0,Passing Too Closely,4461325,21.4,15.6,0.0,0.0,0.0,0.0,3,23.5,45.0,294,Overcast,0,0,
19381,2021-09-24 10:40:00,40.725876,-73.97754,0,0,Passing or Lane Usage Improper,4462040,22.4,15.6,26.0,26.0,0.0,9.0,63,14.2,29.9,274,Rain: Moderate,0,0,
19382,2021-09-24 16:16:00,40.762974,-73.96217,0,0,Aggressive Driving/Road Rage,4461943,22.4,15.6,26.0,26.0,0.0,9.0,63,14.2,29.9,274,Rain: Moderate,0,0,
19383,2021-09-15 17:45:00,40.704403,-73.88202,1,0,Pedestrian/Bicyclist/Other Pedestrian Error/Confusion,4461870,29.6,20.7,0.3,0.3,0.0,3.0,51,21.6,40.7,192,Drizzle: Light,1,1,
19384,2021-09-26 08:04:00,40.66729,-73.88176,0,0,Backing Unsafely,4461095,21.4,15.6,0.0,0.0,0.0,0.0,3,23.5,45.0,294,Overcast,0,0,
19385,2021-09-26 12:45:00,40.879677,-73.861015,0,0,Unsafe Speed,4461141,21.4,15.6,0.0,0.0,0.0,0.0,3,23.5,45.0,294,Overcast,0,0,
19386,2021-09-26 22:41:00,40.657036,-73.89383,0,0,Unspecified,4461471,21.4,15.6,0.0,0.0,0.0,0.0,3,23.5,45.0,294,Overcast,0,0,
19387,2021-09-26 05:40:00,40.747875,-73.99107,0,0,Driver Inattention/Distraction,4461929,21.4,15.6,0.0,0.0,0.0,0.0,3,23.5,45.0,294,Overcast,0,0,
19388,2021-09-26 08:59:00,40.769352,-73.83258,0,0,Backing Unsafely,4461241,21.4,15.6,0.0,0.0,0.0,0.0,3,23.5,45.0,294,Overcast,0,0,
19389,2021-09-26 21:57:00,40.746906,-73.90161,0,0,Alcohol Involvement,4461578,21.4,15.6,0.0,0.0,0.0,0.0,3,23.5,45.0,294,Overcast,0,0,
19390,2021-09-22 15:35:00,40.609505,-74.181885,1,0,Following Too Closely,4461902,25.3,19.9,5.1,5.1,0.0,15.0,61,29.3,55.1,154,Rain: Light,1,1,
19391,2021-09-26 11:30:00,40.64366,-73.90067,0,0,Unspecified,4461046,21.4,15.6,0.0,0.0,0.0,0.0,3,23.5,45.0,294,Overcast,0,0,
19392,2021-09-26 02:43:00,40.82723,-73.88999,0,0,Traffic Control Disregarded,4461425,21.4,15.6,0.0,0.0,0.0,0.0,3,23.5,45.0,294,Overcast,0,0,
19393,2021-09-26 09:00:00,40.737286,-73.85595,0,0,Driver Inattention/Distraction,4461486,21.4,15.6,0.0,0.0,0.0,0.0,3,23.5,45.0,294,Overcast,0,0,
19394,2021-09-26 15:50:00,40.65256,-73.876686,0,0,Unspecified,4461118,21.4,15.6,0.0,0.0,0.0,0.0,3,23.5,45.0,294,Overcast,0,0,
19395,2021-09-26 11:00:00,40.72293,-73.98865,1,0,Traffic Control Disregarded,4461302,21.4,15.6,0.0,0.0,0.0,0.0,3,23.5,45.0,294,Overcast,1,1,