,CRASH DATETIME,LATITUDE,LONGITUDE,NUMBER OF PERSONS INJURED,NUMBER OF PERSONS KILLED,CONTRIBUTING FACTOR VEHICLE 1,COLLISION_ID,temperature_2m_max,temperature_2m_min,precipitation_sum,rain_sum,snowfall_sum,precipitation_hours,weather_code,wind_speed_10m_max,wind_gusts_10m_max,wind_direction_10m_dominant,Weather Description,Severity_Score,Total_Affected_Persons,Weather_Category
19396,2021-09-13 12:25:00,40.766502,-73.99418,1,0,Other Vehicular,4461799,28.8,21.8,1.1,1.1,0.0,2.0,53,20.1,36.7,277,Drizzle: Moderate,1,1,
19397,2021-09-22 15:56:00,40.629215,-74.0069,1,0,Driver Inattention/Distraction,4461847,25.3,19.9,5.1,5.1,0.0,15.0,61,29.3,55.1,154,Rain: Light,1,1,
19398,2021-09-26 14:45:00,40.74855,-73.89582,1,0,Turning Improperly,4461587,21.4,15.6,0.0,0.0,0.0,0.0,3,23.5,45.0,294,Overcast,1,1,
19399,2021-09-26 19:00:00,40.75889,-73.98968,1,0,Passenger Distraction,4461226,21.4,15.6,0.0,0.0,0.0,0.0,3,23.5,45.0,294,Overcast,1,1,
19400,2021-09-26 18:05:00,40.707623,-73.962135,0,0,Backing Unsafely,4461310,21.4,15.6,0.0,0.0,0.0,0.0,3,23.5,45.0,294,Overcast,0,0,
19401,2021-09-25 10:00:00,40.511368,-74.24251,0,0,Backing Unsafely,4462011,22.8,14.0,0.0,0.0,0.0,0.0,3,7.9,15.8,322,Overcast,0,0,
19402,2021-09-21 17:10:00,40.557568,-74.207,5,0,Unspecified,4462006,23.1,16.4,0.0,0.0,0.0,0.0,3,14.2,29.5,108,Overcast,5,5,
19403,2021-09-15 10:20:00,40.747585,-73.89351,1,0,Unspecified,4461912,29.6,20.7,0.3,0.3,0.0,3.0,51,21.6,40.7,192,Drizzle: Light,1,1,
19404,2021-09-26 23:54:00,40.777252,-73.89799,1,0,Driver Inattention/Distraction,4461752,21.4,15.6,0.0,0.0,0.0,0.0,3,23.5,45.0,294,Overcast,1,1,
19405,2021-09-19 13:50:00,40.71983,-73.98755,1,0,Passenger Distraction,4461976,23.6,16.8,0.0,0.0,0.0,0.0,2,17.6,35.6,0,Partly cloudy,1,1,
19406,2021-09-26 08:26:00,40.82746,-73.89838,0,0,Unspecified,4461458,21.4,15.6,0.0,0.0,0.0,0.0,3,23.5,45.0,294,Overcast,0,0,
19407,2021-09-26 05:00:00,40.673996,-73.90408,0,0,Unspecified,4460957,21.4,15.6,0.0,0.0,0.0,0.0,3,23.5,45.0,294,Overcast,0,0,
19408,2021-09-26 14:00:00,40.602276,-73.76554,0,0,Unspecified,4461567,21.4,15.6,0.0,0.0,0.0,0.0,3,23.5,45.0,294,Overcast,0,0,
19409,2021-09-26 17:10:00,40.653736,-73.86563,1,0,Glare,4461194,21.4,15.6,0.0,0.0,0.0,0.0,3,23.5,45.0,294,Overcast,1,1,
19410,2021-09-26 02:53:00,40.716812,-73.99777,1,0,Driver Inattention/Distraction,4461498,21.4,15.6,0.0,0.0,0.0,0.0,3,23.5,45.0,294,Overcast,1,1,
19411,2021-09-26 05:03:00,40.763573,-73.92189,0,0,Fell Asleep,4461433,21.4,15.6,0.0,0.0,0.0,0.0,3,23.5,45.0,294,Overcast,0,0,
19412,2021-09-26 00:25:00,40.687008,-73.82219,0,0,Unsafe Speed,4461344,21.4,15.6,0.0,0.0,0.0,0.0,3,23.5,45.0,294,Overcast,0,0,
19413,2021-09-25 05:00:00,40.678455,-73.949684,1,0,Unspecified,4461858,22.8,14.0,0.0,0.0,0.0,0.0,3,7.9,15.8,322,Overcast,1,1,
19414,2021-09-26 18:05:00,40.83862,-73.92708,0,0,Unspecified,4461385,21.4,15.6,0.0,0.0,0.0,0.0,3,23.5,45.0,294,Overcast,0,0,
19415,2021-09-26 14:14:00,40.60309,-73.99262,1,0,Unspecified,4461770,21.4,15.6,0.0,0.0,0.0,0.0,3,23.5,45.0,294,Overcast,1,1,
19416,2021-09-26 18:59:00,40.613895,-74.01051,1,0,Traffic Control Disregarded,4461259,21.4,15.6,0.0,0.0,0.0,0.0,3,23.5,45.0,294,Overcast,1,1,
19417,2021-09-26 14:09:00,40.6139,-73.969925,0,0,Unspecified,4461580,21.4,15.6,0.0,0.0,0.0,0.0,3,23.5,45.0,294,Overcast,0,0,
19418,2021-09-26 10:41:00,40.888145,-73.90603,0,0,Backing Unsafely,4461660,21.4,15.6,0.0,0.0,0.0,0.0,3,23.5,45.0,294,Overcast,0,0,
19419,2021-12-14 23:30:00,40.73771,-73.974266,0,0,Passing or Lane Usage Improper,4486643,10.4,3.1,0.0,0.0,0.0,0.0,3,18.5,31.3,322,Overcast,0,0,
19420,2021-09-26 21:00:00,40.751,-73.94881,0,0,Driver Inattention/Distraction,4461309,21.4,15.6,0.0,0.0,0.0,0.0,3,23.5,45.0,294,Overcast,0,0,
19421,2021-09-26 04:30:00,40.858387,-73.90279,0,0,Driver Inattention/Distraction,4461508,21.4,15.6,0.0,0.0,0.0,0.0,3,23.5,45.0,294,Overcast,0,0,
19422,2021-09-26 21:43:00,40.60595,-74.07601,1,0,Following Too Closely,4461407,21.4,15.6,0.0,0.0,0.0,0.0,3,23.5,45.0,294,Overcast,1,1,
19423,2021-09-26 03:39:00,40.655575,-73.926895,0,0,Driver Inattention/Distraction,4461156,21.4,15.6,0.0,0.0,0.0,0.0,3,23.5,45.0,294,Overcast,0,0,
19424,2021-09-26 01:12:00,40.79625,-73.94591,0,0,Passing or Lane Usage Improper,4461415,21.4,15.6,0.0,0.0,0.0,0.0,3,23.5,45.0,294,Overcast,0,0,
19425,2021-09-26 05:00:00,40.76536,-73.82787,2,0,Other Vehicular,4461248,21.4,15.6,0.0,0.0,0.0,0.0,3,23.5,45.0,294,Overcast,2,2,
19426,2021-09-26 20:42:00,40.583656,-73.98656,0,0,Driver Inattention/Distraction,4461402,21.4,15.6,0.0,0.0,0.0,0.0,3,23.5,45.0,294,Overcast,0,0,
19427,2021-09-21 15:45:00,40.757393,-73.9803,0,0,Passing or Lane Usage Improper,4461814,23.1,16.4,0.0,0.0,0.0,0.0,3,14.2,29.5,108,Overcast,0,0,
19428,2021-09-26 23:15:00,40.688946,-73.85322,1,0,Traffic Control Disregarded,4461336,21.4,15.6,0.0,0.0,0.0,0.0,3,23.5,45.0,294,Overcast,1,1,
19429,2021-09-17 18:05:00,40.83928,-73.886604,0,0,Driver Inattention/Distraction,4461826,23.6,20.1,1.0,1.0,0.0,7.0,51,20.3,38.9,59,Drizzle: Light,0,0,
19430,2021-09-26 03:10:00,40.714073,-73.95534,0,0,Following Too Closely,4460914,21.4,15.6,0.0,0.0,0.0,0.0,3,23.5,45.0,294,Overcast,0,0,
19431,2021-09-25 21:00:00,40.748848,-73.759026,0,0,Unspecified,4461880,22.8,14.0,0.0,0.0,0.0,0.0,3,7.9,15.8,322,Overcast,0,0,
19432,2021-09-26 13:24:00,40.60353,-74.01863,1,0,Following Too Closely,4461611,21.4,15.6,0.0,0.0,0.0,0.0,3,23.5,45.0,294,Overcast,1,1,
19433,2021-09-19 22:40:00,40.70747,-73.91007,1,0,Driver Inexperience,4461963,23.6,16.8,0.0,0.0,0.0,0.0,2,17.6,35.6,0,Partly cloudy,1,1,
19434,2021-09-22 09:30:00,40.814594,-73.88588,1,0,Unspecified,4461936,25.3,19.9,5.1,5.1,0.0,15.0,61,29.3,55.1,154,Rain: Light,1,1,
19435,2021-09-26 04:05:00,40.745636,-73.88395,0,0,Turning Improperly,4461488,21.4,15.6,0.0,0.0,0.0,0.0,3,23.5,45.0,294,Overcast,0,0,
19436,2021-09-26 00:00:00,40.86805,-73.83401,1,0,Turning Improperly,4461115,21.4,15.6,0.0,0.0,0.0,0.0,3,23.5,45.0,294,Overcast,1,1,
19437,2021-09-26 14:31:00,40.634,-74.097275,0,0,Passing or Lane Usage Improper,4461129,21.4,15.6,0.0,0.0,0.0,0.0,3,23.5,45.0,294,Overcast,0,0,
19438,2021-12-23 11:00:00,40.718544,-74.00072,3,0,Passing Too Closely,4489241,2.1,-2.3,0.0,0.0,0.0,0.0,3,20.1,35.6,299,Overcast,3,3,
19439,2021-09-23 19:21:00,40.774544,-73.78454,0,0,Passing or Lane Usage Improper,4461877,26.2,18.0,15.6,15.6,0.0,14.0,63,40.7,77.4,156,Rain: Moderate,0,0,
19440,2021-09-26 17:30:00,40.739674,-73.934586,0,0,Following Too Closely,4461164,21.4,15.6,0.0,0.0,0.0,0.0,3,23.5,45.0,294,Overcast,0,0,
19441,2021-09-26 16:21:00,40.865143,-73.83981,0,0,Unspecified,4461478,21.4,15.6,0.0,0.0,0.0,0.0,3,23.5,45.0,294,Overcast,0,0,
19442,2021-09-26 15:00:00,40.684,-73.95031,1,0,Driver Inattention/Distraction,4461223,21.4,15.6,0.0,0.0,0.0,0.0,3,23.5,45.0,294,Overcast,1,1,
19443,2021-09-26 00:40:00,40.603863,-73.7561,2,0,Alcohol Involvement,4461531,21.4,15.6,0.0,0.0,0.0,0.0,3,23.5,45.0,294,Overcast,2,2,
19444,2021-09-24 15:29:00,40.704853,-73.791664,1,0,Unspecified,4461927,22.4,15.6,26.0,26.0,0.0,9.0,63,14.2,29.9,274,Rain: Moderate,1,1,
19445,2021-09-26 04:30:00,40.7433,-73.8675,0,0,Driver Inattention/Distraction,4461002,21.4,15.6,0.0,0.0,0.0,0.0,3,23.5,45.0,294,Overcast,0,0,
19446,2021-09-26 18:50:00,40.764355,-73.91131,0,0,Unspecified,4461444,21.4,15.6,0.0,0.0,0.0,0.0,3,23.5,45.0,294,Overcast,0,0,
19447,2021-09-26 11:20:00,40.61226,-74.13605,0,0,Driver Inattention/Distraction,4461516,21.4,15.6,0.0,0.0,0.0,0.0,3,23.5,45.0,294,Overcast,0,0,
19448,2021-09-26 03:44:00,40.594585,-73.90858,0,0,Driver Inexperience,4461577,21.4,15.6,0.0,0.0,0.0,0.0,3,23.5,45.0,294,Overcast,0,0,
19449,2021-09-26 05:23:00,40.661835,-73.893105,0,0,Unspecified,4461076,21.4,15.6,0.0,0.0,0.0,0.0,3,23.5,45.0,294,Overcast,0,0,
19450,2021-09-26 17:00:00,40.58388,-73.82305,0,0,Turning Improperly,4461162,21.4,15.6,0.0,0.0,0.0,0.0,3,23.5,45.0,294,Overcast,0,0,
19451,2021-09-11 16:45:00,40.76121,-73.86723,0,0,Driver Inattention/Distraction,4461913,24.7,12.9,0.0,0.0,0.0,0.0,3,16.6,34.2,246,Overcast,0,0,
19452,2021-09-12 20:30:00,40.75349,-73.86359,0,0,Driver Inattention/Distraction,4461919,28.8,18.3,0.0,0.0,0.0,0.0,3,24.3,46.8,233,Overcast,0,0,
19453,2021-09-26 05:49:00,40.70404,-73.91358,0,0,Driver Inattention/Distraction,4461208,21.4,15.6,0.0,0.0,0.0,0.0,3,23.5,45.0,294,Overcast,0,0,
19454,2021-09-26 06:08:00,40.846878,-73.920616,2,0,Pedestrian/Bicyclist/Other Pedestrian Error/Confusion,4461373,21.4,15.6,0.0,0.0,0.0,0.0,3,23.5,45.0,294,Overcast,2,2,
19455,2021-09-25 10:20:00,40.61054,-74.103455,0,0,Driver Inattention/Distraction,4461908,22.8,14.0,0.0,0.0,0.0,0.0,3,7.9,15.8,322,Overcast,0,0,
19456,2021-09-26 19:26:00,40.804066,-73.93267,0,0,Unspecified,4461610,21.4,15.6,0.0,0.0,0.0,0.0,3,23.5,45.0,294,Overcast,0,0,
19457,2021-09-25 11:00:00,40.67246,-73.7595,0,0,Traffic Control Disregarded,4461868,22.8,14.0,0.0,0.0,0.0,0.0,3,7.9,15.8,322,Overcast,0,0,
19458,2021-09-26 01:25:00,40.780148,-73.84603,1,0,Alcohol Involvement,4461244,21.4,15.6,0.0,0.0,0.0,0.0,3,23.5,45.0,294,Overcast,1,1,
19459,2021-09-26 01:30:00,40.861862,-73.91275,0,0,Unspecified,4460972,21.4,15.6,0.0,0.0,0.0,0.0,3,23.5,45.0,294,Overcast,0,0,
19460,2021-09-24 16:55:00,40.708782,-73.9123,1,0,Unspecified,4461966,22.4,15.6,26.0,26.0,0.0,9.0,63,14.2,29.9,274,Rain: Moderate,1,1,
19461,2021-09-26 01:00:00,40.834915,-73.894135,0,0,Unspecified,4461439,21.4,15.6,0.0,0.0,0.0,0.0,3,23.5,45.0,294,Overcast,0,0,
19462,2021-09-26 16:00:00,40.888878,-73.843216,0,0,Driver Inexperience,4461178,21.4,15.6,0.0,0.0,0.0,0.0,3,23.5,45.0,294,Overcast,0,0,
19463,2021-09-26 18:19:00,40.68297,-73.82824,3,0,Failure to Yield Right-of-Way,4462053,21.4,15.6,0.0,0.0,0.0,0.0,3,23.5,45.0,294,Overcast,3,3,
19464,2021-09-24 22:27:00,40.762383,-73.97229,0,0,Alcohol Involvement,4461811,22.4,15.6,26.0,26.0,0.0,9.0,63,14.2,29.9,274,Rain: Moderate,0,0,
19465,2021-09-26 00:00:00,40.63277,-74.09004,0,0,Driver Inattention/Distraction,4461537,21.4,15.6,0.0,0.0,0.0,0.0,3,23.5,45.0,294,Overcast,0,0,
19466,2021-09-26 19:00:00,40.701588,-73.98863,0,0,Passing or Lane Usage Improper,4461289,21.4,15.6,0.0,0.0,0.0,0.0,3,23.5,45.0,294,Overcast,0,0,
19467,2021-09-26 02:50:00,40.67816,-73.897484,0,0,Unspecified,4461470,21.4,15.6,0.0,0.0,0.0,0.0,3,23.5,45.0,294,Overcast,0,0,
19468,2021-09-26 07:43:00,40.720303,-73.732346,1,0,Driver Inattention/Distraction,4461561,21.4,15.6,0.0,0.0,0.0,0.0,3,23.5,45.0,294,Overcast,1,1,
19469,2021-09-26 06:40:00,40.763893,-73.96436,0,0,Driver Inattention/Distraction,4461353,21.4,15.6,0.0,0.0,0.0,0.0,3,23.5,45.0,294,Overcast,0,0,
19470,2021-12-22 19:58:00,40.871254,-73.84355,1,0,Driver Inattention/Distraction,4489152,8.1,-0.0,4.2,4.2,0.0,9.0,61,26.7,47.9,313,Rain: Light,1,1,
19471,2021-09-26 16:55:00,40.818226,-73.916794,1,0,Brakes Defective,4461727,21.4,15.6,0.0,0.0,0.0,0.0,3,23.5,45.0,294,Overcast,1,1,
19472,2021-09-21 06:28:00,40.61022,-74.09389,0,0,Following Too Closely,4461901,23.1,16.4,0.0,0.0,0.0,0.0,3,14.2,29.5,108,Overcast,0,0,
19473,2021-09-26 18:26:00,40.653206,-73.94024,1,0,Driver Inattention/Distraction,4461277,21.4,15.6,0.0,0.0,0.0,0.0,3,23.5,45.0,294,Overcast,1,1,
19474,2021-09-23 12:24:00,40.838207,-73.93723,0,0,Unspecified,4461803,26.2,18.0,15.6,15.6,0.0,14.0,63,40.7,77.4,156,Rain: Moderate,0,0,
19475,2021-09-26 00:00:00,40.673542,-73.86668,0,0,Reaction to Uninvolved Vehicle,4461257,21.4,15.6,0.0,0.0,0.0,0.0,3,23.5,45.0,294,Overcast,0,0,
19476,2021-09-26 00:04:00,40.67538,-73.9082,0,0,Unspecified,4460954,21.4,15.6,0.0,0.0,0.0,0.0,3,23.5,45.0,294,Overcast,0,0,
19477,2021-09-25 02:25:00,40.716667,-73.95206,1,0,Traffic Control Disregarded,4461827,22.8,14.0,0.0,0.0,0.0,0.0,3,7.9,15.8,322,Overcast,1,1,
19478,2021-09-24 17:15:00,40.828938,-73.84559,0,0,Unspecified,4461979,22.4,15.6,26.0,26.0,0.0,9.0,63,14.2,29.9,274,Rain: Moderate,0,0,
19479,2021-09-26 05:20:00,40.702995,-73.86806,0,0,Unspecified,4461142,21.4,15.6,0.0,0.0,0.0,0.0,3,23.5,45.0,294,Overcast,0,0,
19480,2021-09-26 15:06:00,40.71582,-73.80799,2,0,Unspecified,4461313,21.4,15.6,0.0,0.0,0.0,0.0,3,23.5,45.0,294,Overcast,2,2,
19481,2021-09-22 19:04:00,40.810856,-73.939026,0,0,Other Vehicular,4461944,25.3,19.9,5.1,5.1,0.0,15.0,61,29.3,55.1,154,Rain: Light,0,0,
19482,2021-09-24 07:00:00,40.697083,-73.83048,0,0,Unspecified,4461895,22.4,15.6,26.0,26.0,0.0,9.0,63,14.2,29.9,274,Rain: Moderate,0,0,
19483,2021-09-26 13:34:00,40.650528,-73.95583,1,0,Unspecified,4461628,21.4,15.6,0.0,0.0,0.0,0.0,3,23.5,45.0,294,Overcast,1,1,
19484,2021-09-26 13:20:00,40.698055,-73.7877,0,0,Driver Inattention/Distraction,4461333,21.4,15.6,0.0,0.0,0.0,0.0,3,23.5,45.0,294,Overcast,0,0,
19485,2021-09-24 14:50:00,40.651512,-73.93521,3,0,Unspecified,4462005,22.4,15.6,26.0,26.0,0.0,9.0,63,14.2,29.9,274,Rain: Moderate,3,3,
19486,2021-09-26 21:40:00,40.793552,-73.945335,0,0,Unsafe Lane Changing,4461429,21.4,15.6,0.0,0.0,0.0,0.0,3,23.5,45.0,294,Overcast,0,0,
19487,2021-09-26 00:34:00,40.856625,-73.8319,1,0,Unsafe Speed,4461661,21.4,15.6,0.0,0.0,0.0,0.0,3,23.5,45.0,294,Overcast,1,1,
19488,2021-09-26 11:40:00,40.69099,-73.99175,0,0,Unspecified,4461297,21.4,15.6,0.0,0.0,0.0,0.0,3,23.5,45.0,294,Overcast,0,0,
19489,2021-09-26 18:30:00,40.835194,-73.874054,0,0,Unspecified,4461229,21.4,15.6,0.0,0.0,0.0,0.0,3,23.5,45.0,294,Overcast,0,0,
19490,2021-09-26 14:15:00,40.76156,-73.974686,1,0,Passing or Lane Usage Improper,4461819,21.4,15.6,0.0,0.0,0.0,0.0,3,23.5,45.0,294,Overcast,1,1,
19491,2021-09-26 10:31:00,40.818974,-73.89145,1,0,Reaction to Uninvolved Vehicle,4461457,21.4,15.6,0.0,0.0,0.0,0.0,3,23.5,45.0,294,Overcast,1,1,
19492,2021-09-26 20:07:00,40.76065,-73.86713,0,0,Driver Inattention/Distraction,4461590,21.4,15.6,0.0,0.0,0.0,0.0,3,23.5,45.0,294,Overcast,0,0,
19493,2021-09-26 07:13:00,40.684845,-73.81338,1,0,Other Vehicular,4461343,21.4,15.6,0.0,0.0,0.0,0.0,3,23.5,45.0,294,Overcast,1,1,
19494,2021-09-26 00:00:00,40.525227,-74.20962,0,0,Unspecified,4462012,21.4,15.6,0.0,0.0,0.0,0.0,3,23.5,45.0,294,Overcast,0,0,
19495,2021-09-26 04:30:00,40.636063,-73.96789,0,0,Alcohol Involvement,4461411,21.4,15.6,0.0,0.0,0.0,0.0,3,23.5,45.0,294,Overcast,0,0,
19496,2021-09-05 03:22:00,40.61806,-74.151505,1,0,Obstruction/Debris,4461905,24.5,16.9,1.0,1.0,0.0,6.0,51,15.5,42.5,204,Drizzle: Light,1,1,
19497,2021-09-26 20:00:00,40.601357,-73.99284,1,0,Unspecified,4461740,21.4,15.6,0.0,0.0,0.0,0.0,3,23.5,45.0,294,Overcast,1,1,
19498,2021-09-20 18:42:00,40.707855,-74.00684,1,0,Driver Inattention/Distraction,4461953,23.1,14.9,0.0,0.0,0.0,0.0,3,17.0,34.2,116,Overcast,1,1,
19499,2021-09-26 09:28:00,40.73565,-73.856155,1,0,Driver Inattention/Distraction,4461418,21.4,15.6,0.0,0.0,0.0,0.0,3,23.5,45.0,294,Overcast,1,1,
19500,2021-09-24 14:55:00,40.684082,-73.90864,1,0,Failure to Yield Right-of-Way,4461938,22.4,15.6,26.0,26.0,0.0,9.0,63,14.2,29.9,274,Rain: Moderate,1,1,
19501,2021-09-26 08:14:00,40.71008,-74.01639,1,0,Failure to Yield Right-of-Way,4461774,21.4,15.6,0.0,0.0,0.0,0.0,3,23.5,45.0,294,Overcast,1,1,
19502,2021-09-26 03:31:00,40.644325,-73.95994,0,0,Driver Inattention/Distraction,4460925,21.4,15.6,0.0,0.0,0.0,0.0,3,23.5,45.0,294,Overcast,0,0,
19503,2021-09-25 20:30:00,40.683117,-73.987366,1,0,Driver Inattention/Distraction,4461881,22.8,14.0,0.0,0.0,0.0,0.0,3,7.9,15.8,322,Overcast,1,1,
19504,2021-09-26 14:33:00,40.753624,-73.96944,1,0,Driver Inattention/Distraction,4461275,21.4,15.6,0.0,0.0,0.0,0.0,3,23.5,45.0,294,Overcast,1,1,
19505,2021-09-26 22:14:00,40.70064,-73.93647,1,0,Failure to Yield Right-of-Way,4461489,21.4,15.6,0.0,0.0,0.0,0.0,3,23.5,45.0,294,Overcast,1,1,
19506,2021-09-26 15:15:00,40.706997,-73.96137,0,0,Driver Inattention/Distraction,4461130,21.4,15.6,0.0,0.0,0.0,0.0,3,23.5,45.0,294,Overcast,0,0,
19507,2021-09-26 12:50:00,40.742657,-73.846214,0,0,Following Too Closely,4461480,21.4,15.6,0.0,0.0,0.0,0.0,3,23.5,45.0,294,Overcast,0,0,
19508,2021-09-24 12:11:00,40.70767,-74.00577,0,0,Following Too Closely,4461852,22.4,15.6,26.0,26.0,0.0,9.0,63,14.2,29.9,274,Rain: Moderate,0,0,
19509,2021-09-26 22:00:00,40.836834,-73.94567,0,0,Driver Inattention/Distraction,4461633,21.4,15.6,0.0,0.0,0.0,0.0,3,23.5,45.0,294,Overcast,0,0,
19510,2021-09-26 00:30:00,40.66496,-73.82226,0,0,Other Vehicular,4461348,21.4,15.6,0.0,0.0,0.0,0.0,3,23.5,45.0,294,Overcast,0,0,
19511,2021-09-26 02:19:00,40.674454,-73.82547,0,0,Passing or Lane Usage Improper,4461382,21.4,15.6,0.0,0.0,0.0,0.0,3,23.5,45.0,294,Overcast,0,0,
19512,2021-09-26 17:19:00,40.618294,-73.98107,0,0,Backing Unsafely,4461581,21.4,15.6,0.0,0.0,0.0,0.0,3,23.5,45.0,294,Overcast,0,0,
19513,2021-09-26 10:55:00,40.777004,-73.91661,0,0,Traffic Control Disregarded,4461440,21.4,15.6,0.0,0.0,0.0,0.0,3,23.5,45.0,294,Overcast,0,0,
19514,2021-09-26 02:45:00,40.686928,-73.98484,1,0,,4461176,21.4,15.6,0.0,0.0,0.0,0.0,3,23.5,45.0,294,Overcast,1,1,
19515,2021-09-26 12:25:00,40.702488,-73.98854,0,0,Driver Inattention/Distraction,4461222,21.4,15.6,0.0,0.0,0.0,0.0,3,23.5,45.0,294,Overcast,0,0,
19516,2021-09-19 16:30:00,40.748287,-73.99008,0,0,Unspecified,4461925,23.6,16.8,0.0,0.0,0.0,0.0,2,17.6,35.6,0,Partly cloudy,0,0,
19517,2021-09-26 08:57:00,40.830425,-73.86221,0,0,Unspecified,4461008,21.4,15.6,0.0,0.0,0.0,0.0,3,23.5,45.0,294,Overcast,0,0,
19518,2021-09-22 14:54:00,40.724068,-73.988396,0,0,Driver Inattention/Distraction,4461909,25.3,19.9,5.1,5.1,0.0,15.0,61,29.3,55.1,154,Rain: Light,0,0,
19519,2021-09-26 18:25:00,40.84237,-73.78538,0,0,Unspecified,4461445,21.4,15.6,0.0,0.0,0.0,0.0,3,23.5,45.0,294,Overcast,0,0,
19520,2021-09-26 06:57:00,40.705578,-73.744316,0,0,Driver Inattention/Distraction,4461306,21.4,15.6,0.0,0.0,0.0,0.0,3,23.5,45.0,294,Overcast,0,0,
19521,2021-09-24 11:45:00,40.539898,-74.16103,1,0,Unspecified,4462009,22.4,15.6,26.0,26.0,0.0,9.0,63,14.2,29.9,274,Rain: Moderate,1,1,
19522,2021-08-15 06:20:00,40.691433,-73.89063,1,0,Unsafe Speed,4461962,27.9,20.0,0.0,0.0,0.0,0.0,3,16.6,33.1,25,Overcast,1,1,
19523,2021-09-26 18:00:00,40.888454,-73.84197,2,0,Unsafe Speed,4461179,21.4,15.6,0.0,0.0,0.0,0.0,3,23.5,45.0,294,Overcast,2,2,
19524,2021-09-26 17:35:00,40.826275,-73.85971,0,0,Passing or Lane Usage Improper,4461231,21.4,15.6,0.0,0.0,0.0,0.0,3,23.5,45.0,294,Overcast,0,0,
19525,2021-09-26 20:05:00,40.748318,-73.87742,1,0,Driver Inattention/Distraction,4461592,21.4,15.6,0.0,0.0,0.0,0.0,3,23.5,45.0,294,Overcast,1,1,
19526,2021-09-26 13:50:00,40.856274,-73.89039,0,0,Driver Inattention/Distraction,4461519,21.4,15.6,0.0,0.0,0.0,0.0,3,23.5,45.0,294,Overcast,0,0,
19527,2021-09-26 16:18:00,40.609573,-74.12391,0,0,Driver Inattention/Distraction,4461539,21.4,15.6,0.0,0.0,0.0,0.0,3,23.5,45.0,294,Overcast,0,0,
19528,2021-09-10 16:57:00,40.69657,-73.95844,0,0,Unspecified,4462018,22.9,16.0,0.0,0.0,0.0,0.0,3,24.2,47.2,314,Overcast,0,0,
19529,2021-09-26 00:45:00,40.729572,-73.83383,0,0,Reaction to Uninvolved Vehicle,4461001,21.4,15.6,0.0,0.0,0.0,0.0,3,23.5,45.0,294,Overcast,0,0,
19530,2021-09-26 00:40:00,40.852146,-73.91741,0,0,Passing Too Closely,4461399,21.4,15.6,0.0,0.0,0.0,0.0,3,23.5,45.0,294,Overcast,0,0,
19531,2021-09-22 17:00:00,40.76721,-73.95867,0,0,Unspecified,4462065,25.3,19.9,5.1,5.1,0.0,15.0,61,29.3,55.1,154,Rain: Light,0,0,
19532,2021-09-26 08:10:00,40.873222,-73.83747,1,0,Driver Inattention/Distraction,4461113,21.4,15.6,0.0,0.0,0.0,0.0,3,23.5,45.0,294,Overcast,1,1,
19533,2021-09-23 20:57:00,40.80884,-73.92889,0,0,Unspecified,4462062,26.2,18.0,15.6,15.6,0.0,14.0,63,40.7,77.4,156,Rain: Moderate,0,0,
19534,2021-09-26 09:07:00,40.808437,-73.88682,0,0,Unspecified,4461455,21.4,15.6,0.0,0.0,0.0,0.0,3,23.5,45.0,294,Overcast,0,0,
19535,2021-09-26 06:17:00,40.861862,-73.91275,1,0,Unspecified,4460971,21.4,15.6,0.0,0.0,0.0,0.0,3,23.5,45.0,294,Overcast,1,1,
19536,2021-09-26 20:43:00,40.747833,-73.83301,1,0,Traffic Control Disregarded,4461247,21.4,15.6,0.0,0.0,0.0,0.0,3,23.5,45.0,294,Overcast,1,1,
19537,2021-09-26 19:42:00,40.759617,-73.961975,0,0,Driver Inattention/Distraction,4461510,21.4,15.6,0.0,0.0,0.0,0.0,3,23.5,45.0,294,Overcast,0,0,
19538,2021-09-24 14:10:00,40.6997,-73.9055,0,0,Passing Too Closely,4461967,22.4,15.6,26.0,26.0,0.0,9.0,63,14.2,29.9,274,Rain: Moderate,0,0,
19539,2021-09-26 20:30:00,40.77204,-73.93224,1,0,Unspecified,4461435,21.4,15.6,0.0,0.0,0.0,0.0,3,23.5,45.0,294,Overcast,1,1,
19540,2021-09-26 15:30:00,40.64295,-73.95356,6,0,Unspecified,4461158,21.4,15.6,0.0,0.0,0.0,0.0,3,23.5,45.0,294,Overcast,6,6,
19541,2021-09-24 18:04:00,40.851936,-73.8885,1,0,Passing or Lane Usage Improper,4461837,22.4,15.6,26.0,26.0,0.0,9.0,63,14.2,29.9,274,Rain: Moderate,1,1,
19542,2021-09-24 00:25:00,40.836555,-73.94306,0,0,Turning Improperly,4461805,22.4,15.6,26.0,26.0,0.0,9.0,63,14.2,29.9,274,Rain: Moderate,0,0,
19543,2021-09-26 17:32:00,40.683784,-73.769745,0,0,Passing or Lane Usage Improper,4461318,21.4,15.6,0.0,0.0,0.0,0.0,3,23.5,45.0,294,Overcast,0,0,
19544,2021-09-26 18:12:00,40.88893,-73.83644,1,0,Driver Inexperience,4461290,21.4,15.6,0.0,0.0,0.0,0.0,3,23.5,45.0,294,Overcast,1,1,
19545,2021-09-26 06:15:00,40.691822,-73.80783,0,0,Driver Inattention/Distraction,4461608,21.4,15.6,0.0,0.0,0.0,0.0,3,23.5,45.0,294,Overcast,0,0,