,CRASH DATETIME,LATITUDE,LONGITUDE,NUMBER OF PERSONS INJURED,NUMBER OF PERSONS KILLED,CONTRIBUTING FACTOR VEHICLE 1,COLLISION_ID,temperature_2m_max,temperature_2m_min,precipitation_sum,rain_sum,snowfall_sum,precipitation_hours,weather_code,wind_speed_10m_max,wind_gusts_10m_max,wind_direction_10m_dominant,Weather Description,Severity_Score,Total_Affected_Persons,Weather_Category
19546,2021-09-26 19:50:00,40.666405,-73.802635,1,0,Passing or Lane Usage Improper,4461334,21.4,15.6,0.0,0.0,0.0,0.0,3,23.5,45.0,294,Overcast,1,1,
19547,2021-09-26 01:10:00,40.641586,-73.95341,0,0,Unspecified,4461155,21.4,15.6,0.0,0.0,0.0,0.0,3,23.5,45.0,294,Overcast,0,0,
19548,2021-09-25 19:26:00,40.88002,-73.84179,0,0,Unsafe Speed,4461949,22.8,14.0,0.0,0.0,0.0,0.0,3,7.9,15.8,322,Overcast,0,0,
19549,2021-09-26 07:11:00,40.66884,-73.89511,0,0,Unspecified,4461093,21.4,15.6,0.0,0.0,0.0,0.0,3,23.5,45.0,294,Overcast,0,0,
19550,2021-09-15 19:30:00,40.818993,-73.82244,0,0,Unspecified,4461863,29.6,20.7,0.3,0.3,0.0,3.0,51,21.6,40.7,192,Drizzle: Light,0,0,
19551,2021-09-26 01:34:00,40.66841,-73.90167,0,0,Unspecified,4461468,21.4,15.6,0.0,0.0,0.0,0.0,3,23.5,45.0,294,Overcast,0,0,
19552,2021-09-26 14:15:00,40.814358,-73.94067,1,0,Backing Unsafely,4461559,21.4,15.6,0.0,0.0,0.0,0.0,3,23.5,45.0,294,Overcast,1,1,
19553,2021-12-17 08:45:00,40.620914,-73.9753,2,0,Unspecified,4489510,13.9,6.1,0.0,0.0,0.0,0.0,3,21.5,37.1,265,Overcast,2,2,
19554,2021-09-26 20:50:00,40.74314,-73.88334,1,0,Driver Inattention/Distraction,4461501,21.4,15.6,0.0,0.0,0.0,0.0,3,23.5,45.0,294,Overcast,1,1,
19555,2021-09-26 04:00:00,40.756874,-73.94436,0,0,Unspecified,4461428,21.4,15.6,0.0,0.0,0.0,0.0,3,23.5,45.0,294,Overcast,0,0,
19556,2021-09-26 08:18:00,40.670506,-73.89451,0,0,Backing Unsafely,4461085,21.4,15.6,0.0,0.0,0.0,0.0,3,23.5,45.0,294,Overcast,0,0,
19557,2021-09-26 00:15:00,40.664097,-73.90932,0,0,Driver Inattention/Distraction,4460955,21.4,15.6,0.0,0.0,0.0,0.0,3,23.5,45.0,294,Overcast,0,0,
19558,2021-09-26 21:10:00,40.67567,-73.89785,1,0,Driver Inattention/Distraction,4461255,21.4,15.6,0.0,0.0,0.0,0.0,3,23.5,45.0,294,Overcast,1,1,
19559,2021-09-15 06:58:00,40.76036,-73.85688,0,0,Unsafe Speed,4461917,29.6,20.7,0.3,0.3,0.0,3.0,51,21.6,40.7,192,Drizzle: Light,0,0,
19560,2021-09-26 11:00:00,40.720303,-73.732346,2,0,Unsafe Speed,4461375,21.4,15.6,0.0,0.0,0.0,0.0,3,23.5,45.0,294,Overcast,2,2,
19561,2021-09-26 02:23:00,40.69934,-73.92336,0,0,Driver Inattention/Distraction,4461207,21.4,15.6,0.0,0.0,0.0,0.0,3,23.5,45.0,294,Overcast,0,0,
19562,2021-09-26 23:27:00,40.72948,-73.9721,2,0,Unsafe Speed,4461809,21.4,15.6,0.0,0.0,0.0,0.0,3,23.5,45.0,294,Overcast,2,2,
19563,2021-09-25 13:20:00,40.84536,-73.89684,0,0,Driver Inattention/Distraction,4461829,22.8,14.0,0.0,0.0,0.0,0.0,3,7.9,15.8,322,Overcast,0,0,
19564,2021-09-26 22:30:00,40.667316,-73.93683,1,0,Driver Inattention/Distraction,4461617,21.4,15.6,0.0,0.0,0.0,0.0,3,23.5,45.0,294,Overcast,1,1,
19565,2021-09-24 09:20:00,40.760727,-73.89106,0,0,Driver Inattention/Distraction,4461899,22.4,15.6,26.0,26.0,0.0,9.0,63,14.2,29.9,274,Rain: Moderate,0,0,
19566,2021-09-26 18:39:00,40.742252,-73.97769,0,0,Unsafe Lane Changing,4461278,21.4,15.6,0.0,0.0,0.0,0.0,3,23.5,45.0,294,Overcast,0,0,
19567,2021-09-26 09:52:00,40.730915,-73.91546,2,0,Driver Inattention/Distraction,4461662,21.4,15.6,0.0,0.0,0.0,0.0,3,23.5,45.0,294,Overcast,2,2,
19568,2021-09-26 03:42:00,40.804585,-73.91213,0,0,Unspecified,4461446,21.4,15.6,0.0,0.0,0.0,0.0,3,23.5,45.0,294,Overcast,0,0,
19569,2021-09-26 12:15:00,40.76614,-73.97166,0,0,Driver Inattention/Distraction,4461939,21.4,15.6,0.0,0.0,0.0,0.0,3,23.5,45.0,294,Overcast,0,0,
19570,2021-09-26 13:19:00,40.830624,-73.85206,0,0,Following Too Closely,4461132,21.4,15.6,0.0,0.0,0.0,0.0,3,23.5,45.0,294,Overcast,0,0,
19571,2021-09-26 02:33:00,40.722355,-73.99327,1,0,Driver Inattention/Distraction,4461494,21.4,15.6,0.0,0.0,0.0,0.0,3,23.5,45.0,294,Overcast,1,1,
19572,2021-09-26 19:30:00,40.68039,-73.94956,1,0,,4461873,21.4,15.6,0.0,0.0,0.0,0.0,3,23.5,45.0,294,Overcast,1,1,
19573,2021-09-26 03:00:00,40.819195,-73.912506,0,0,Unspecified,4461441,21.4,15.6,0.0,0.0,0.0,0.0,3,23.5,45.0,294,Overcast,0,0,
19574,2021-09-26 14:30:00,40.78015,-73.84511,0,0,Failure to Yield Right-of-Way,4461109,21.4,15.6,0.0,0.0,0.0,0.0,3,23.5,45.0,294,Overcast,0,0,
19575,2021-09-26 19:25:00,40.691456,-73.98735,0,0,Aggressive Driving/Road Rage,4461184,21.4,15.6,0.0,0.0,0.0,0.0,3,23.5,45.0,294,Overcast,0,0,
19576,2021-09-25 18:50:00,40.68121,-73.773,1,0,Unsafe Speed,4461571,22.8,14.0,0.0,0.0,0.0,0.0,3,7.9,15.8,322,Overcast,1,1,
19577,2021-09-26 23:40:00,40.627922,-73.978874,0,0,Unspecified,4461543,21.4,15.6,0.0,0.0,0.0,0.0,3,23.5,45.0,294,Overcast,0,0,
19578,2021-12-22 14:00:00,40.630806,-74.10369,0,0,Driver Inattention/Distraction,4489597,8.1,-0.0,4.2,4.2,0.0,9.0,61,26.7,47.9,313,Rain: Light,0,0,
19579,2021-09-25 08:00:00,40.753895,-73.862114,0,0,Unspecified,4461900,22.8,14.0,0.0,0.0,0.0,0.0,3,7.9,15.8,322,Overcast,0,0,
19580,2021-09-23 08:00:00,40.7158,-74.00989,0,0,Unspecified,4461951,26.2,18.0,15.6,15.6,0.0,14.0,63,40.7,77.4,156,Rain: Moderate,0,0,
19581,2021-09-26 21:45:00,40.724903,-73.85777,0,0,Following Too Closely,4461641,21.4,15.6,0.0,0.0,0.0,0.0,3,23.5,45.0,294,Overcast,0,0,
19582,2021-09-17 11:30:00,40.549362,-74.220955,0,0,Driver Inexperience,4462008,23.6,20.1,1.0,1.0,0.0,7.0,51,20.3,38.9,59,Drizzle: Light,0,0,
19583,2021-09-26 07:29:00,40.69775,-73.81393,0,0,Passing or Lane Usage Improper,4461339,21.4,15.6,0.0,0.0,0.0,0.0,3,23.5,45.0,294,Overcast,0,0,
19584,2021-09-26 16:00:00,40.766735,-73.992775,0,0,Unspecified,4461821,21.4,15.6,0.0,0.0,0.0,0.0,3,23.5,45.0,294,Overcast,0,0,
19585,2021-09-26 02:34:00,40.66419,-73.76159,0,0,Unspecified,4460930,21.4,15.6,0.0,0.0,0.0,0.0,3,23.5,45.0,294,Overcast,0,0,
19586,2021-09-25 08:51:00,40.75538,-73.99485,0,0,Unspecified,4461924,22.8,14.0,0.0,0.0,0.0,0.0,3,7.9,15.8,322,Overcast,0,0,
19587,2021-09-26 07:25:00,40.564705,-74.12721,0,0,Unspecified,4461392,21.4,15.6,0.0,0.0,0.0,0.0,3,23.5,45.0,294,Overcast,0,0,
19588,2021-09-26 03:57:00,40.795273,-73.94406,0,0,Other Vehicular,4461419,21.4,15.6,0.0,0.0,0.0,0.0,3,23.5,45.0,294,Overcast,0,0,
19589,2021-09-20 22:40:00,40.645973,-74.01631,1,0,Driver Inattention/Distraction,4461888,23.1,14.9,0.0,0.0,0.0,0.0,3,17.0,34.2,116,Overcast,1,1,
19590,2021-09-26 17:20:00,40.730286,-73.815056,1,0,Driver Inattention/Distraction,4461266,21.4,15.6,0.0,0.0,0.0,0.0,3,23.5,45.0,294,Overcast,1,1,
19591,2021-09-26 16:45:00,40.680115,-73.75324,3,0,Failure to Yield Right-of-Way,4461584,21.4,15.6,0.0,0.0,0.0,0.0,3,23.5,45.0,294,Overcast,3,3,
19592,2021-09-26 01:16:00,40.725643,-73.72818,0,0,Unspecified,4461305,21.4,15.6,0.0,0.0,0.0,0.0,3,23.5,45.0,294,Overcast,0,0,
19593,2021-09-24 12:30:00,40.727684,-73.98833,1,0,Passing or Lane Usage Improper,4461910,22.4,15.6,26.0,26.0,0.0,9.0,63,14.2,29.9,274,Rain: Moderate,1,1,
19594,2021-09-26 15:15:00,40.54924,-74.15338,1,0,Driver Inattention/Distraction,4461412,21.4,15.6,0.0,0.0,0.0,0.0,3,23.5,45.0,294,Overcast,1,1,
19595,2021-09-26 14:33:00,40.859325,-73.93132,0,0,Driver Inattention/Distraction,4461175,21.4,15.6,0.0,0.0,0.0,0.0,3,23.5,45.0,294,Overcast,0,0,
19596,2021-09-26 09:00:00,40.75361,-73.78901,0,0,Driver Inattention/Distraction,4460992,21.4,15.6,0.0,0.0,0.0,0.0,3,23.5,45.0,294,Overcast,0,0,
19597,2021-09-26 19:20:00,40.758327,-73.98899,0,0,Failure to Yield Right-of-Way,4461483,21.4,15.6,0.0,0.0,0.0,0.0,3,23.5,45.0,294,Overcast,0,0,
19598,2021-09-26 21:40:00,40.74906,-73.870384,1,0,Driver Inattention/Distraction,4461596,21.4,15.6,0.0,0.0,0.0,0.0,3,23.5,45.0,294,Overcast,1,1,
19599,2021-09-26 15:35:00,40.79971,-73.94017,0,0,Driver Inattention/Distraction,4461234,21.4,15.6,0.0,0.0,0.0,0.0,3,23.5,45.0,294,Overcast,0,0,
19600,2021-09-26 16:52:00,40.878483,-73.86163,1,0,Driver Inattention/Distraction,4461215,21.4,15.6,0.0,0.0,0.0,0.0,3,23.5,45.0,294,Overcast,1,1,
19601,2021-09-26 19:30:00,40.721485,-73.86658,0,0,Driver Inattention/Distraction,4461522,21.4,15.6,0.0,0.0,0.0,0.0,3,23.5,45.0,294,Overcast,0,0,
19602,2021-09-26 16:00:00,40.761055,-73.98434,0,0,Driver Inattention/Distraction,4461904,21.4,15.6,0.0,0.0,0.0,0.0,3,23.5,45.0,294,Overcast,0,0,
19603,2021-09-26 17:00:00,40.652626,-74.00617,1,0,Unspecified,4461296,21.4,15.6,0.0,0.0,0.0,0.0,3,23.5,45.0,294,Overcast,1,1,
19604,2021-09-26 19:30:00,40.676556,-73.860756,0,0,Passing or Lane Usage Improper,4461346,21.4,15.6,0.0,0.0,0.0,0.0,3,23.5,45.0,294,Overcast,0,0,
19605,2021-09-24 15:15:00,40.736355,-73.84877,1,0,Pedestrian/Bicyclist/Other Pedestrian Error/Confusion,4461851,22.4,15.6,26.0,26.0,0.0,9.0,63,14.2,29.9,274,Rain: Moderate,1,1,
19606,2021-09-26 01:00:00,40.667076,-73.78266,0,0,Passing Too Closely,4461795,21.4,15.6,0.0,0.0,0.0,0.0,3,23.5,45.0,294,Overcast,0,0,
19607,2021-09-23 21:00:00,40.74677,-73.73009,0,0,Driver Inattention/Distraction,4462003,26.2,18.0,15.6,15.6,0.0,14.0,63,40.7,77.4,156,Rain: Moderate,0,0,
19608,2021-09-18 01:33:00,40.69383,-73.758156,0,0,Driver Inattention/Distraction,4462063,27.1,19.2,0.2,0.2,0.0,2.0,51,14.6,25.9,349,Drizzle: Light,0,0,
19609,2021-09-26 18:30:00,40.77936,-73.97737,0,0,Pavement Defective,4461280,21.4,15.6,0.0,0.0,0.0,0.0,3,23.5,45.0,294,Overcast,0,0,
19610,2021-09-26 02:18:00,40.689102,-73.93194,0,0,Alcohol Involvement,4461670,21.4,15.6,0.0,0.0,0.0,0.0,3,23.5,45.0,294,Overcast,0,0,
19611,2021-09-26 19:45:00,40.825115,-73.92541,0,0,Passing or Lane Usage Improper,4461738,21.4,15.6,0.0,0.0,0.0,0.0,3,23.5,45.0,294,Overcast,0,0,
19612,2021-09-25 18:20:00,40.841805,-73.93552,0,0,Driver Inattention/Distraction,4461806,22.8,14.0,0.0,0.0,0.0,0.0,3,7.9,15.8,322,Overcast,0,0,
19613,2021-09-26 23:43:00,40.650345,-73.966,0,0,Fell Asleep,4461322,21.4,15.6,0.0,0.0,0.0,0.0,3,23.5,45.0,294,Overcast,0,0,
19614,2021-12-20 20:00:00,40.83354,-73.89631,1,0,,4489819,1.8,-4.4,0.0,0.0,0.0,0.0,2,17.9,32.8,282,Partly cloudy,1,1,
19615,2021-12-23 08:45:00,40.694534,-73.74783,0,0,Unspecified,4489278,2.1,-2.3,0.0,0.0,0.0,0.0,3,20.1,35.6,299,Overcast,0,0,
19616,2021-12-23 07:40:00,40.68783,-73.93004,0,0,Passing or Lane Usage Improper,4489723,2.1,-2.3,0.0,0.0,0.0,0.0,3,20.1,35.6,299,Overcast,0,0,
19617,2021-12-22 22:50:00,40.858788,-73.92291,2,0,Driver Inattention/Distraction,4489041,8.1,-0.0,4.2,4.2,0.0,9.0,61,26.7,47.9,313,Rain: Light,2,2,
19618,2021-12-23 06:32:00,40.881,-73.86254,0,0,Backing Unsafely,4489651,2.1,-2.3,0.0,0.0,0.0,0.0,3,20.1,35.6,299,Overcast,0,0,
19619,2021-11-26 00:19:00,40.820965,-73.939575,0,0,Failure to Yield Right-of-Way,4489865,7.6,1.6,8.4,8.4,0.0,11.0,61,28.7,53.6,279,Rain: Light,0,0,
19620,2021-12-16 17:55:00,40.57982,-73.95449,1,0,Driver Inattention/Distraction,4489368,14.6,9.9,0.0,0.0,0.0,0.0,3,22.4,38.5,222,Overcast,1,1,
19621,2021-12-22 02:40:00,40.70154,-73.93837,1,0,Driver Inattention/Distraction,4488656,8.1,-0.0,4.2,4.2,0.0,9.0,61,26.7,47.9,313,Rain: Light,1,1,
19622,2021-12-23 08:30:00,40.716114,-73.824905,0,0,Driver Inattention/Distraction,4489104,2.1,-2.3,0.0,0.0,0.0,0.0,3,20.1,35.6,299,Overcast,0,0,
19623,2021-05-20 05:30:00,40.665142,-73.99669,0,0,Unspecified,4418677,22.2,12.5,0.0,0.0,0.0,0.0,3,19.0,38.2,147,Overcast,0,0,
19624,2021-12-11 02:10:00,40.76663,-73.88903,0,0,Passing or Lane Usage Improper,4489353,17.3,5.0,8.1,8.1,0.0,5.0,63,35.0,67.0,206,Rain: Moderate,0,0,
19625,2021-12-22 13:00:00,40.868095,-73.83383,0,0,Driver Inattention/Distraction,4488865,8.1,-0.0,4.2,4.2,0.0,9.0,61,26.7,47.9,313,Rain: Light,0,0,
19626,2021-12-21 14:00:00,40.647106,-73.89927,0,0,Unspecified,4489321,5.7,-2.4,0.0,0.0,0.0,0.0,3,13.6,24.5,228,Overcast,0,0,
19627,2021-12-23 08:34:00,40.606842,-74.0155,1,0,Driver Inattention/Distraction,4489071,2.1,-2.3,0.0,0.0,0.0,0.0,3,20.1,35.6,299,Overcast,1,1,
19628,2021-12-10 01:18:00,40.711285,-73.90618,1,0,Unspecified,4489623,8.5,1.6,0.0,0.0,0.0,0.0,3,9.8,20.5,183,Overcast,1,1,
19629,2021-12-22 14:00:00,40.70381,-73.820145,0,0,Unspecified,4489021,8.1,-0.0,4.2,4.2,0.0,9.0,61,26.7,47.9,313,Rain: Light,0,0,
19630,2021-12-18 01:15:00,40.89134,-73.84688,0,0,Unsafe Speed,4489646,6.3,4.5,3.8,3.8,0.0,9.0,61,12.3,24.5,35,Rain: Light,0,0,
19631,2021-12-18 15:30:00,40.75254,-73.85261,0,0,Unspecified,4489385,6.3,4.5,3.8,3.8,0.0,9.0,61,12.3,24.5,35,Rain: Light,0,0,
19632,2021-12-24 14:55:00,40.819508,-73.88683,0,0,Unsafe Speed,4489480,5.7,-1.1,1.0,0.0,0.7,5.0,73,12.4,21.6,73,Snow fall: Moderate,0,0,Snowy Conditions
19633,2021-12-22 18:48:00,40.734875,-73.88212,1,0,Failure to Yield Right-of-Way,4488967,8.1,-0.0,4.2,4.2,0.0,9.0,61,26.7,47.9,313,Rain: Light,1,1,
19634,2021-12-23 15:14:00,40.742657,-73.846214,1,0,Unsafe Lane Changing,4489293,2.1,-2.3,0.0,0.0,0.0,0.0,3,20.1,35.6,299,Overcast,1,1,
19635,2021-12-19 13:10:00,40.830067,-73.92915,1,0,Unsafe Lane Changing,4489443,7.1,-1.8,0.5,0.5,0.0,4.0,51,26.4,47.5,327,Drizzle: Light,1,1,
19636,2021-12-23 20:00:00,40.691227,-73.98214,0,0,Passing or Lane Usage Improper,4489191,2.1,-2.3,0.0,0.0,0.0,0.0,3,20.1,35.6,299,Overcast,0,0,
19637,2021-12-22 10:20:00,40.718792,-73.98902,0,0,Following Too Closely,4489465,8.1,-0.0,4.2,4.2,0.0,9.0,61,26.7,47.9,313,Rain: Light,0,0,
19638,2021-12-22 19:45:00,40.85447,-73.91008,1,0,Driver Inattention/Distraction,4488994,8.1,-0.0,4.2,4.2,0.0,9.0,61,26.7,47.9,313,Rain: Light,1,1,
19639,2021-12-23 10:47:00,40.87637,-73.84846,1,0,Backing Unsafely,4489154,2.1,-2.3,0.0,0.0,0.0,0.0,3,20.1,35.6,299,Overcast,1,1,
19640,2021-12-23 22:00:00,40.81294,-73.802055,0,0,Alcohol Involvement,4489304,2.1,-2.3,0.0,0.0,0.0,0.0,3,20.1,35.6,299,Overcast,0,0,
19641,2021-12-22 18:45:00,40.73567,-73.78423,0,0,Backing Unsafely,4488916,8.1,-0.0,4.2,4.2,0.0,9.0,61,26.7,47.9,313,Rain: Light,0,0,
19642,2021-12-24 00:40:00,40.64495,-73.9249,3,0,Unspecified,4489569,5.7,-1.1,1.0,0.0,0.7,5.0,73,12.4,21.6,73,Snow fall: Moderate,3,3,Snowy Conditions
19643,2021-12-23 10:30:00,40.805557,-73.91453,1,0,Driver Inexperience,4489110,2.1,-2.3,0.0,0.0,0.0,0.0,3,20.1,35.6,299,Overcast,1,1,
19644,2021-12-22 14:44:00,40.6496,-73.96792,2,0,Unspecified,4489547,8.1,-0.0,4.2,4.2,0.0,9.0,61,26.7,47.9,313,Rain: Light,2,2,
19645,2021-12-14 09:55:00,40.713345,-73.96017,0,0,Turning Improperly,4489770,10.4,3.1,0.0,0.0,0.0,0.0,3,18.5,31.3,322,Overcast,0,0,
19646,2021-12-24 15:00:00,40.67875,-73.8205,0,0,Passing or Lane Usage Improper,4489797,5.7,-1.1,1.0,0.0,0.7,5.0,73,12.4,21.6,73,Snow fall: Moderate,0,0,Snowy Conditions
19647,2021-12-24 23:07:00,40.647106,-73.89927,0,0,Unspecified,4489449,5.7,-1.1,1.0,0.0,0.7,5.0,73,12.4,21.6,73,Snow fall: Moderate,0,0,Snowy Conditions
19648,2021-12-19 19:00:00,40.838364,-73.9438,0,0,Unspecified,4489705,7.1,-1.8,0.5,0.5,0.0,4.0,51,26.4,47.5,327,Drizzle: Light,0,0,
19649,2021-12-24 06:05:00,40.67024,-73.907005,1,0,Unspecified,4489528,5.7,-1.1,1.0,0.0,0.7,5.0,73,12.4,21.6,73,Snow fall: Moderate,1,1,Snowy Conditions
19650,2021-12-22 23:15:00,40.835484,-73.9494,0,0,Driver Inattention/Distraction,4489698,8.1,-0.0,4.2,4.2,0.0,9.0,61,26.7,47.9,313,Rain: Light,0,0,
19651,2021-09-27 02:36:00,40.58501,-73.954575,2,0,Alcohol Involvement,4461553,25.9,14.6,0.0,0.0,0.0,0.0,3,24.1,45.0,233,Overcast,2,2,
19652,2021-12-24 12:00:00,40.583782,-73.959984,0,0,Unspecified,4489469,5.7,-1.1,1.0,0.0,0.7,5.0,73,12.4,21.6,73,Snow fall: Moderate,0,0,Snowy Conditions
19653,2021-12-23 10:45:00,40.551254,-74.13457,0,0,Pavement Slippery,4489615,2.1,-2.3,0.0,0.0,0.0,0.0,3,20.1,35.6,299,Overcast,0,0,
19654,2021-12-24 00:00:00,40.83209,-73.8898,1,0,Unspecified,4489788,5.7,-1.1,1.0,0.0,0.7,5.0,73,12.4,21.6,73,Snow fall: Moderate,1,1,Snowy Conditions
19655,2021-12-15 18:45:00,40.656097,-73.929855,1,0,Alcohol Involvement,4489561,10.3,1.8,1.0,1.0,0.0,6.0,51,20.6,38.2,104,Drizzle: Light,1,1,
19656,2021-12-23 00:00:00,40.67189,-73.895874,1,0,Unspecified,4489137,2.1,-2.3,0.0,0.0,0.0,0.0,3,20.1,35.6,299,Overcast,1,1,
19657,2021-12-24 03:20:00,40.675186,-73.81554,0,0,Passing or Lane Usage Improper,4489829,5.7,-1.1,1.0,0.0,0.7,5.0,73,12.4,21.6,73,Snow fall: Moderate,0,0,Snowy Conditions
19658,2021-12-22 14:50:00,40.709484,-73.94861,0,0,Backing Unsafely,4488945,8.1,-0.0,4.2,4.2,0.0,9.0,61,26.7,47.9,313,Rain: Light,0,0,
19659,2021-12-24 15:00:00,40.735497,-73.869705,0,0,Unspecified,4489667,5.7,-1.1,1.0,0.0,0.7,5.0,73,12.4,21.6,73,Snow fall: Moderate,0,0,Snowy Conditions
19660,2021-12-16 12:00:00,40.73934,-73.98433,0,0,Passing or Lane Usage Improper,4489358,14.6,9.9,0.0,0.0,0.0,0.0,3,22.4,38.5,222,Overcast,0,0,
19661,2021-12-11 12:00:00,40.694542,-73.93691,0,0,Unspecified,4489718,17.3,5.0,8.1,8.1,0.0,5.0,63,35.0,67.0,206,Rain: Moderate,0,0,
19662,2021-12-22 09:20:00,40.670776,-73.84788,0,0,Unsafe Speed,4489824,8.1,-0.0,4.2,4.2,0.0,9.0,61,26.7,47.9,313,Rain: Light,0,0,
19663,2021-12-24 03:16:00,40.646378,-73.97085,0,0,Unspecified,4489505,5.7,-1.1,1.0,0.0,0.7,5.0,73,12.4,21.6,73,Snow fall: Moderate,0,0,Snowy Conditions
19664,2021-12-23 16:10:00,40.73261,-73.8686,1,0,Driver Inattention/Distraction,4489734,2.1,-2.3,0.0,0.0,0.0,0.0,3,20.1,35.6,299,Overcast,1,1,
19665,2021-12-23 09:35:00,40.717285,-73.792274,1,0,Passing Too Closely,4489079,2.1,-2.3,0.0,0.0,0.0,0.0,3,20.1,35.6,299,Overcast,1,1,
19666,2021-12-22 01:05:00,40.69383,-73.758156,2,0,Following Too Closely,4488690,8.1,-0.0,4.2,4.2,0.0,9.0,61,26.7,47.9,313,Rain: Light,2,2,
19667,2021-12-22 06:35:00,40.692528,-73.79096,1,0,Failure to Yield Right-of-Way,4489004,8.1,-0.0,4.2,4.2,0.0,9.0,61,26.7,47.9,313,Rain: Light,1,1,
19668,2021-12-23 10:30:00,40.601593,-73.97437,1,0,Driver Inexperience,4489588,2.1,-2.3,0.0,0.0,0.0,0.0,3,20.1,35.6,299,Overcast,1,1,
19669,2021-12-22 13:27:00,40.611008,-73.995186,0,0,Driver Inattention/Distraction,4488830,8.1,-0.0,4.2,4.2,0.0,9.0,61,26.7,47.9,313,Rain: Light,0,0,
19670,2021-12-24 21:30:00,40.87016,-73.89099,1,0,Unspecified,4489485,5.7,-1.1,1.0,0.0,0.7,5.0,73,12.4,21.6,73,Snow fall: Moderate,1,1,Snowy Conditions
19671,2021-12-19 13:00:00,40.67619,-73.9081,0,0,Other Vehicular,4489640,7.1,-1.8,0.5,0.5,0.0,4.0,51,26.4,47.5,327,Drizzle: Light,0,0,
19672,2021-12-22 15:55:00,40.57274,-74.13847,0,0,Passing or Lane Usage Improper,4489011,8.1,-0.0,4.2,4.2,0.0,9.0,61,26.7,47.9,313,Rain: Light,0,0,
19673,2021-12-22 11:15:00,40.689224,-73.93094,1,0,Driver Inattention/Distraction,4488908,8.1,-0.0,4.2,4.2,0.0,9.0,61,26.7,47.9,313,Rain: Light,1,1,
19674,2021-12-23 00:20:00,40.73817,-73.97761,2,0,Unspecified,4489003,2.1,-2.3,0.0,0.0,0.0,0.0,3,20.1,35.6,299,Overcast,2,2,
19675,2021-12-24 04:30:00,40.76351,-73.92413,0,0,Fell Asleep,4489308,5.7,-1.1,1.0,0.0,0.7,5.0,73,12.4,21.6,73,Snow fall: Moderate,0,0,Snowy Conditions
19676,2021-05-20 17:18:00,40.743954,-73.87423,1,0,Failure to Yield Right-of-Way,4418729,22.2,12.5,0.0,0.0,0.0,0.0,3,19.0,38.2,147,Overcast,1,1,
19677,2021-12-23 13:37:00,40.604137,-73.95126,1,0,,4489169,2.1,-2.3,0.0,0.0,0.0,0.0,3,20.1,35.6,299,Overcast,1,1,
19678,2021-12-22 06:13:00,40.60455,-73.94752,1,0,Driver Inattention/Distraction,4488962,8.1,-0.0,4.2,4.2,0.0,9.0,61,26.7,47.9,313,Rain: Light,1,1,
19679,2021-12-22 00:20:00,40.711323,-73.94725,1,0,Pavement Slippery,4488626,8.1,-0.0,4.2,4.2,0.0,9.0,61,26.7,47.9,313,Rain: Light,1,1,
19680,2021-12-22 18:00:00,40.766403,-73.8153,0,0,Unspecified,4489205,8.1,-0.0,4.2,4.2,0.0,9.0,61,26.7,47.9,313,Rain: Light,0,0,
19681,2021-12-23 13:15:00,40.681118,-73.96443,0,0,Driver Inattention/Distraction,4489691,2.1,-2.3,0.0,0.0,0.0,0.0,3,20.1,35.6,299,Overcast,0,0,
19682,2021-12-23 11:34:00,40.68305,-73.97377,0,0,Driver Inattention/Distraction,4489325,2.1,-2.3,0.0,0.0,0.0,0.0,3,20.1,35.6,299,Overcast,0,0,
19683,2021-12-23 11:00:00,40.62822,-73.98108,0,0,Passing or Lane Usage Improper,4489128,2.1,-2.3,0.0,0.0,0.0,0.0,3,20.1,35.6,299,Overcast,0,0,
19684,2021-12-24 09:05:00,40.769188,-73.837296,0,0,Unspecified,4489492,5.7,-1.1,1.0,0.0,0.7,5.0,73,12.4,21.6,73,Snow fall: Moderate,0,0,Snowy Conditions
19685,2021-12-23 09:57:00,40.667076,-73.78266,0,0,Reaction to Uninvolved Vehicle,4489270,2.1,-2.3,0.0,0.0,0.0,0.0,3,20.1,35.6,299,Overcast,0,0,
19686,2021-12-22 20:00:00,40.64507,-73.95803,1,0,Driver Inattention/Distraction,4489554,8.1,-0.0,4.2,4.2,0.0,9.0,61,26.7,47.9,313,Rain: Light,1,1,
19687,2021-12-22 06:43:00,40.850742,-73.83478,0,0,Unspecified,4489740,8.1,-0.0,4.2,4.2,0.0,9.0,61,26.7,47.9,313,Rain: Light,0,0,
19688,2021-12-24 15:35:00,40.604694,-74.02583,2,0,Unsafe Lane Changing,4489363,5.7,-1.1,1.0,0.0,0.7,5.0,73,12.4,21.6,73,Snow fall: Moderate,2,2,Snowy Conditions
19689,2021-12-24 17:52:00,40.642597,-73.94291,1,0,Driver Inattention/Distraction,4489574,5.7,-1.1,1.0,0.0,0.7,5.0,73,12.4,21.6,73,Snow fall: Moderate,1,1,Snowy Conditions
19690,2021-12-23 19:20:00,40.680183,-73.8459,0,0,Failure to Yield Right-of-Way,4489779,2.1,-2.3,0.0,0.0,0.0,0.0,3,20.1,35.6,299,Overcast,0,0,
19691,2021-12-23 16:45:00,40.6864,-73.9685,0,0,Unspecified,4489537,2.1,-2.3,0.0,0.0,0.0,0.0,3,20.1,35.6,299,Overcast,0,0,
19692,2021-12-24 20:00:00,40.63097,-74.12953,0,0,Driver Inattention/Distraction,4489607,5.7,-1.1,1.0,0.0,0.7,5.0,73,12.4,21.6,73,Snow fall: Moderate,0,0,Snowy Conditions
19693,2021-12-23 19:50:00,40.704422,-73.792854,1,0,Failure to Yield Right-of-Way,4489758,2.1,-2.3,0.0,0.0,0.0,0.0,3,20.1,35.6,299,Overcast,1,1,