,CRASH DATETIME,LATITUDE,LONGITUDE,NUMBER OF PERSONS INJURED,NUMBER OF PERSONS KILLED,CONTRIBUTING FACTOR VEHICLE 1,COLLISION_ID,temperature_2m_max,temperature_2m_min,precipitation_sum,rain_sum,snowfall_sum,precipitation_hours,weather_code,wind_speed_10m_max,wind_gusts_10m_max,wind_direction_10m_dominant,Weather Description,Severity_Score,Total_Affected_Persons,Weather_Category
19694,2021-12-20 12:40:00,40.760532,-73.95836,0,0,Unsafe Lane Changing,4489852,1.8,-4.4,0.0,0.0,0.0,0.0,2,17.9,32.8,282,Partly cloudy,0,0,
19695,2021-12-23 23:59:00,40.619003,-74.01596,1,0,Unspecified,4489255,2.1,-2.3,0.0,0.0,0.0,0.0,3,20.1,35.6,299,Overcast,1,1,
19696,2021-12-21 15:00:00,40.734924,-73.94317,1,0,Following Too Closely,4489377,5.7,-2.4,0.0,0.0,0.0,0.0,3,13.6,24.5,228,Overcast,1,1,
19697,2021-12-20 09:00:00,40.673996,-73.90408,0,0,Driver Inattention/Distraction,4489654,1.8,-4.4,0.0,0.0,0.0,0.0,2,17.9,32.8,282,Partly cloudy,0,0,
19698,2021-12-23 14:33:00,40.727753,-73.95725,0,0,Turning Improperly,4489390,2.1,-2.3,0.0,0.0,0.0,0.0,3,20.1,35.6,299,Overcast,0,0,
19699,2021-12-24 19:33:00,40.69613,-73.987114,1,0,Failure to Yield Right-of-Way,4489503,5.7,-1.1,1.0,0.0,0.7,5.0,73,12.4,21.6,73,Snow fall: Moderate,1,1,Snowy Conditions
19700,2021-12-23 16:00:00,40.744644,-73.77041,0,0,Following Too Closely,4489395,2.1,-2.3,0.0,0.0,0.0,0.0,3,20.1,35.6,299,Overcast,0,0,
19701,2021-12-23 04:20:00,40.76036,-73.85688,0,0,Driver Inattention/Distraction,4489063,2.1,-2.3,0.0,0.0,0.0,0.0,3,20.1,35.6,299,Overcast,0,0,
19702,2021-12-22 10:34:00,40.681347,-73.86865,0,0,Passing or Lane Usage Improper,4488785,8.1,-0.0,4.2,4.2,0.0,9.0,61,26.7,47.9,313,Rain: Light,0,0,
19703,2021-12-22 12:07:00,40.76902,-73.98621,0,0,Backing Unsafely,4488789,8.1,-0.0,4.2,4.2,0.0,9.0,61,26.7,47.9,313,Rain: Light,0,0,
19704,2021-12-22 12:00:00,40.66786,-73.76656,0,0,Aggressive Driving/Road Rage,4489029,8.1,-0.0,4.2,4.2,0.0,9.0,61,26.7,47.9,313,Rain: Light,0,0,
19705,2021-12-23 10:25:00,40.885216,-73.87937,0,0,Oversized Vehicle,4489200,2.1,-2.3,0.0,0.0,0.0,0.0,3,20.1,35.6,299,Overcast,0,0,
19706,2021-12-22 12:00:00,40.66585,-73.88392,0,0,Unspecified,4488847,8.1,-0.0,4.2,4.2,0.0,9.0,61,26.7,47.9,313,Rain: Light,0,0,
19707,2021-12-22 19:00:00,40.60555,-73.75629,1,0,Illnes,4489050,8.1,-0.0,4.2,4.2,0.0,9.0,61,26.7,47.9,313,Rain: Light,1,1,
19708,2021-12-23 14:00:00,40.71111,-73.831375,0,0,Unspecified,4489233,2.1,-2.3,0.0,0.0,0.0,0.0,3,20.1,35.6,299,Overcast,0,0,
19709,2021-12-22 06:42:00,40.651352,-73.89275,1,0,Failure to Yield Right-of-Way,4488891,8.1,-0.0,4.2,4.2,0.0,9.0,61,26.7,47.9,313,Rain: Light,1,1,
19710,2021-12-21 16:40:00,40.638134,-74.078064,0,0,Driver Inattention/Distraction,4489592,5.7,-2.4,0.0,0.0,0.0,0.0,3,13.6,24.5,228,Overcast,0,0,
19711,2021-12-22 11:00:00,40.76049,-73.767525,0,0,Unspecified,4489093,8.1,-0.0,4.2,4.2,0.0,9.0,61,26.7,47.9,313,Rain: Light,0,0,
19712,2021-12-23 08:00:00,40.6785,-73.821365,0,0,Backing Unsafely,4489804,2.1,-2.3,0.0,0.0,0.0,0.0,3,20.1,35.6,299,Overcast,0,0,
19713,2021-12-22 04:57:00,40.829548,-73.87449,0,0,Unspecified,4488710,8.1,-0.0,4.2,4.2,0.0,9.0,61,26.7,47.9,313,Rain: Light,0,0,
19714,2021-12-24 19:45:00,40.69945,-73.92283,0,0,Driver Inattention/Distraction,4489412,5.7,-1.1,1.0,0.0,0.7,5.0,73,12.4,21.6,73,Snow fall: Moderate,0,0,Snowy Conditions
19715,2021-12-22 15:11:00,40.601734,-73.935036,1,0,Driver Inattention/Distraction,4489031,8.1,-0.0,4.2,4.2,0.0,9.0,61,26.7,47.9,313,Rain: Light,1,1,
19716,2021-12-23 19:59:00,40.68605,-73.831726,2,0,Alcohol Involvement,4489340,2.1,-2.3,0.0,0.0,0.0,0.0,3,20.1,35.6,299,Overcast,2,2,
19717,2021-12-23 13:22:00,40.726433,-73.88945,0,0,Unspecified,4489631,2.1,-2.3,0.0,0.0,0.0,0.0,3,20.1,35.6,299,Overcast,0,0,
19718,2021-12-23 18:00:00,40.62981,-74.07468,2,0,Driver Inattention/Distraction,4489603,2.1,-2.3,0.0,0.0,0.0,0.0,3,20.1,35.6,299,Overcast,2,2,
19719,2021-12-21 08:10:00,40.65249,-73.92179,0,0,Unspecified,4489579,5.7,-2.4,0.0,0.0,0.0,0.0,3,13.6,24.5,228,Overcast,0,0,
19720,2022-07-01 09:08:00,40.717075,-74.006256,0,0,Passing Too Closely,4542464,33.7,20.2,0.1,0.1,0.0,1.0,51,32.3,58.0,215,Drizzle: Light,0,0,
19721,2021-12-24 02:38:00,40.738213,-73.80107,1,0,Driver Inattention/Distraction,4489388,5.7,-1.1,1.0,0.0,0.7,5.0,73,12.4,21.6,73,Snow fall: Moderate,1,1,Snowy Conditions
19722,2021-12-24 08:40:00,40.847385,-73.88948,0,0,Failure to Yield Right-of-Way,4489815,5.7,-1.1,1.0,0.0,0.7,5.0,73,12.4,21.6,73,Snow fall: Moderate,0,0,Snowy Conditions
19723,2021-12-22 19:36:00,40.8617,-73.89139,0,0,Failure to Yield Right-of-Way,4489108,8.1,-0.0,4.2,4.2,0.0,9.0,61,26.7,47.9,313,Rain: Light,0,0,
19724,2021-12-23 22:00:00,40.785927,-73.818405,0,0,Driver Inexperience,4489367,2.1,-2.3,0.0,0.0,0.0,0.0,3,20.1,35.6,299,Overcast,0,0,
19725,2021-12-22 08:25:00,40.685368,-73.9109,1,0,Passing or Lane Usage Improper,4488744,8.1,-0.0,4.2,4.2,0.0,9.0,61,26.7,47.9,313,Rain: Light,1,1,
19726,2021-12-22 12:48:00,40.75425,-73.827835,1,0,Unspecified,4488835,8.1,-0.0,4.2,4.2,0.0,9.0,61,26.7,47.9,313,Rain: Light,1,1,
19727,2021-12-22 12:00:00,40.71218,-73.99929,0,0,Driver Inattention/Distraction,4489242,8.1,-0.0,4.2,4.2,0.0,9.0,61,26.7,47.9,313,Rain: Light,0,0,
19728,2021-12-22 22:00:00,40.613205,-74.062645,0,0,Unspecified,4489596,8.1,-0.0,4.2,4.2,0.0,9.0,61,26.7,47.9,313,Rain: Light,0,0,
19729,2021-12-24 17:35:00,40.854496,-73.88543,1,0,Unspecified,4489837,5.7,-1.1,1.0,0.0,0.7,5.0,73,12.4,21.6,73,Snow fall: Moderate,1,1,Snowy Conditions
19730,2021-12-23 07:15:00,40.620533,-74.07727,2,0,Unspecified,4489598,2.1,-2.3,0.0,0.0,0.0,0.0,3,20.1,35.6,299,Overcast,2,2,
19731,2021-12-23 15:05:00,40.628685,-74.02131,0,0,Driver Inattention/Distraction,4489247,2.1,-2.3,0.0,0.0,0.0,0.0,3,20.1,35.6,299,Overcast,0,0,
19732,2021-12-22 17:55:00,40.718204,-73.98838,0,0,Unspecified,4488886,8.1,-0.0,4.2,4.2,0.0,9.0,61,26.7,47.9,313,Rain: Light,0,0,
19733,2021-12-23 00:32:00,40.85668,-73.90811,0,0,Reaction to Uninvolved Vehicle,4488982,2.1,-2.3,0.0,0.0,0.0,0.0,3,20.1,35.6,299,Overcast,0,0,
19734,2021-12-23 08:55:00,40.732323,-73.95461,0,0,Traffic Control Disregarded,4489236,2.1,-2.3,0.0,0.0,0.0,0.0,3,20.1,35.6,299,Overcast,0,0,
19735,2021-12-22 20:21:00,40.619053,-73.98233,0,0,Unspecified,4489127,8.1,-0.0,4.2,4.2,0.0,9.0,61,26.7,47.9,313,Rain: Light,0,0,
19736,2021-12-24 21:20:00,40.652714,-73.93048,2,0,Unspecified,4489559,5.7,-1.1,1.0,0.0,0.7,5.0,73,12.4,21.6,73,Snow fall: Moderate,2,2,Snowy Conditions
19737,2021-12-23 06:07:00,40.81772,-73.90243,1,0,Unspecified,4489195,2.1,-2.3,0.0,0.0,0.0,0.0,3,20.1,35.6,299,Overcast,1,1,
19738,2021-12-22 10:45:00,40.656685,-73.90454,0,0,Unspecified,4488766,8.1,-0.0,4.2,4.2,0.0,9.0,61,26.7,47.9,313,Rain: Light,0,0,
19739,2021-12-22 15:31:00,40.716965,-73.949005,2,0,Driver Inattention/Distraction,4489378,8.1,-0.0,4.2,4.2,0.0,9.0,61,26.7,47.9,313,Rain: Light,2,2,
19740,2021-12-23 01:24:00,40.848667,-73.939186,1,0,Unspecified,4489703,2.1,-2.3,0.0,0.0,0.0,0.0,3,20.1,35.6,299,Overcast,1,1,
19741,2021-12-22 16:59:00,40.75367,-73.873665,0,0,Driver Inattention/Distraction,4488902,8.1,-0.0,4.2,4.2,0.0,9.0,61,26.7,47.9,313,Rain: Light,0,0,
19742,2021-12-24 08:52:00,40.763588,-73.97142,1,0,Passing or Lane Usage Improper,4489356,5.7,-1.1,1.0,0.0,0.7,5.0,73,12.4,21.6,73,Snow fall: Moderate,1,1,Snowy Conditions
19743,2021-12-22 05:34:00,40.85396,-73.90944,0,0,Driver Inattention/Distraction,4488678,8.1,-0.0,4.2,4.2,0.0,9.0,61,26.7,47.9,313,Rain: Light,0,0,
19744,2021-12-23 19:45:00,40.797,-73.93778,1,0,Unspecified,4489413,2.1,-2.3,0.0,0.0,0.0,0.0,3,20.1,35.6,299,Overcast,1,1,
19745,2021-12-23 12:25:00,40.699776,-73.98264,0,0,Unspecified,4489347,2.1,-2.3,0.0,0.0,0.0,0.0,3,20.1,35.6,299,Overcast,0,0,
19746,2021-12-18 17:47:00,40.626556,-74.0916,0,0,Driver Inexperience,4489591,6.3,4.5,3.8,3.8,0.0,9.0,61,12.3,24.5,35,Rain: Light,0,0,
19747,2021-12-23 14:43:00,40.683094,-73.80576,0,0,Unsafe Lane Changing,4489272,2.1,-2.3,0.0,0.0,0.0,0.0,3,20.1,35.6,299,Overcast,0,0,
19748,2021-12-24 05:50:00,40.89341,-73.85737,1,0,,4489647,5.7,-1.1,1.0,0.0,0.7,5.0,73,12.4,21.6,73,Snow fall: Moderate,1,1,Snowy Conditions
19749,2021-12-23 04:10:00,40.692127,-73.83484,0,0,Unsafe Speed,4489024,2.1,-2.3,0.0,0.0,0.0,0.0,3,20.1,35.6,299,Overcast,0,0,
19750,2021-12-24 20:56:00,40.713974,-73.953094,1,0,Reaction to Uninvolved Vehicle,4489479,5.7,-1.1,1.0,0.0,0.7,5.0,73,12.4,21.6,73,Snow fall: Moderate,1,1,Snowy Conditions
19751,2021-12-22 12:17:00,40.8037,-73.93582,0,0,Unsafe Lane Changing,4488856,8.1,-0.0,4.2,4.2,0.0,9.0,61,26.7,47.9,313,Rain: Light,0,0,
19752,2021-12-24 11:25:00,40.719124,-73.791405,0,0,Driver Inattention/Distraction,4489437,5.7,-1.1,1.0,0.0,0.7,5.0,73,12.4,21.6,73,Snow fall: Moderate,0,0,Snowy Conditions
19753,2021-12-23 11:03:00,40.692,-73.92646,0,0,Driver Inattention/Distraction,4489300,2.1,-2.3,0.0,0.0,0.0,0.0,3,20.1,35.6,299,Overcast,0,0,
19754,2021-12-23 11:55:00,40.587437,-73.95908,1,0,Unspecified,4489168,2.1,-2.3,0.0,0.0,0.0,0.0,3,20.1,35.6,299,Overcast,1,1,
19755,2021-12-23 09:43:00,40.764362,-73.96162,1,0,Driver Inattention/Distraction,4489095,2.1,-2.3,0.0,0.0,0.0,0.0,3,20.1,35.6,299,Overcast,1,1,
19756,2021-12-20 22:00:00,40.67392,-73.813065,0,0,Passing or Lane Usage Improper,4489827,1.8,-4.4,0.0,0.0,0.0,0.0,2,17.9,32.8,282,Partly cloudy,0,0,
19757,2021-12-20 19:45:00,40.60915,-74.14987,3,0,Passing or Lane Usage Improper,4489315,1.8,-4.4,0.0,0.0,0.0,0.0,2,17.9,32.8,282,Partly cloudy,3,3,
19758,2021-12-24 01:50:00,40.65217,-73.96141,1,0,Unspecified,4489553,5.7,-1.1,1.0,0.0,0.7,5.0,73,12.4,21.6,73,Snow fall: Moderate,1,1,Snowy Conditions
19759,2021-12-22 17:20:00,40.583534,-73.984184,1,0,Driver Inattention/Distraction,4488927,8.1,-0.0,4.2,4.2,0.0,9.0,61,26.7,47.9,313,Rain: Light,1,1,
19760,2021-12-22 11:20:00,40.745235,-73.937706,2,0,Driver Inattention/Distraction,4489045,8.1,-0.0,4.2,4.2,0.0,9.0,61,26.7,47.9,313,Rain: Light,2,2,
19761,2021-12-24 20:21:00,40.822712,-73.903145,1,0,Driver Inattention/Distraction,4489776,5.7,-1.1,1.0,0.0,0.7,5.0,73,12.4,21.6,73,Snow fall: Moderate,1,1,Snowy Conditions
19762,2021-12-24 09:15:00,40.694107,-73.89737,3,0,Passing or Lane Usage Improper,4489635,5.7,-1.1,1.0,0.0,0.7,5.0,73,12.4,21.6,73,Snow fall: Moderate,3,3,Snowy Conditions
19763,2021-12-23 04:10:00,40.702454,-73.859406,0,0,Pavement Slippery,4489103,2.1,-2.3,0.0,0.0,0.0,0.0,3,20.1,35.6,299,Overcast,0,0,
19764,2021-12-24 06:15:00,40.66895,-73.9339,1,0,,4489371,5.7,-1.1,1.0,0.0,0.7,5.0,73,12.4,21.6,73,Snow fall: Moderate,1,1,Snowy Conditions
19765,2021-12-23 09:28:00,40.7615,-73.997826,2,0,Turning Improperly,4489076,2.1,-2.3,0.0,0.0,0.0,0.0,3,20.1,35.6,299,Overcast,2,2,
19766,2021-12-22 17:53:00,40.80694,-73.91376,2,0,Unspecified,4488972,8.1,-0.0,4.2,4.2,0.0,9.0,61,26.7,47.9,313,Rain: Light,2,2,
19767,2021-12-24 17:20:00,40.824493,-73.91256,0,0,Backing Unsafely,4489791,5.7,-1.1,1.0,0.0,0.7,5.0,73,12.4,21.6,73,Snow fall: Moderate,0,0,Snowy Conditions
19768,2021-12-22 16:00:00,40.8283,-73.88296,0,0,Reaction to Uninvolved Vehicle,4489146,8.1,-0.0,4.2,4.2,0.0,9.0,61,26.7,47.9,313,Rain: Light,0,0,
19769,2021-12-22 13:18:00,40.842678,-73.899376,0,0,View Obstructed/Limited,4489219,8.1,-0.0,4.2,4.2,0.0,9.0,61,26.7,47.9,313,Rain: Light,0,0,
19770,2021-12-24 18:08:00,40.753735,-73.86025,0,0,Passing Too Closely,4489384,5.7,-1.1,1.0,0.0,0.7,5.0,73,12.4,21.6,73,Snow fall: Moderate,0,0,Snowy Conditions
19771,2021-12-22 07:00:00,40.753647,-73.7444,0,0,Driver Inattention/Distraction,4488920,8.1,-0.0,4.2,4.2,0.0,9.0,61,26.7,47.9,313,Rain: Light,0,0,
19772,2021-12-23 13:00:00,40.745728,-73.97813,1,0,Other Vehicular,4489342,2.1,-2.3,0.0,0.0,0.0,0.0,3,20.1,35.6,299,Overcast,1,1,
19773,2021-12-23 12:45:00,40.75218,-73.88097,0,0,Driver Inattention/Distraction,4489162,2.1,-2.3,0.0,0.0,0.0,0.0,3,20.1,35.6,299,Overcast,0,0,
19774,2021-12-23 14:53:00,40.66626,-73.88679,0,0,Unspecified,4489327,2.1,-2.3,0.0,0.0,0.0,0.0,3,20.1,35.6,299,Overcast,0,0,
19775,2021-12-24 16:00:00,40.64759,-74.01142,1,0,Driver Inattention/Distraction,4489420,5.7,-1.1,1.0,0.0,0.7,5.0,73,12.4,21.6,73,Snow fall: Moderate,1,1,Snowy Conditions
19776,2021-12-22 18:15:00,40.741863,-73.90751,0,0,Driver Inattention/Distraction,4488915,8.1,-0.0,4.2,4.2,0.0,9.0,61,26.7,47.9,313,Rain: Light,0,0,
19777,2021-12-19 17:45:00,40.612007,-74.00889,0,0,Passenger Distraction,4489585,7.1,-1.8,0.5,0.5,0.0,4.0,51,26.4,47.5,327,Drizzle: Light,0,0,
19778,2021-12-22 01:33:00,40.60965,-73.95624,0,0,Driver Inattention/Distraction,4488638,8.1,-0.0,4.2,4.2,0.0,9.0,61,26.7,47.9,313,Rain: Light,0,0,
19779,2021-12-22 23:00:00,40.666573,-73.78632,0,0,Driver Inattention/Distraction,4489178,8.1,-0.0,4.2,4.2,0.0,9.0,61,26.7,47.9,313,Rain: Light,0,0,
19780,2021-12-23 17:08:00,40.68087,-73.97515,0,0,Following Too Closely,4489279,2.1,-2.3,0.0,0.0,0.0,0.0,3,20.1,35.6,299,Overcast,0,0,
19781,2021-09-27 20:12:00,40.70891,-73.87005,0,0,Unspecified,4461874,25.9,14.6,0.0,0.0,0.0,0.0,3,24.1,45.0,233,Overcast,0,0,
19782,2021-12-24 20:45:00,40.771477,-73.8173,0,0,Unspecified,4489493,5.7,-1.1,1.0,0.0,0.7,5.0,73,12.4,21.6,73,Snow fall: Moderate,0,0,Snowy Conditions
19783,2021-12-22 11:10:00,40.72537,-73.82366,1,0,,4488820,8.1,-0.0,4.2,4.2,0.0,9.0,61,26.7,47.9,313,Rain: Light,1,1,
19784,2021-12-09 09:30:00,40.69051,-73.926384,0,0,Unspecified,4489721,3.6,-2.0,0.1,0.0,0.07,1.0,71,19.2,33.8,295,Snow fall: Light,0,0,Snowy Conditions
19785,2021-12-24 15:45:00,40.704494,-73.81743,1,0,Passing or Lane Usage Improper,4489399,5.7,-1.1,1.0,0.0,0.7,5.0,73,12.4,21.6,73,Snow fall: Moderate,1,1,Snowy Conditions
19786,2021-12-22 23:55:00,40.70166,-73.961464,0,0,Following Too Closely,4488947,8.1,-0.0,4.2,4.2,0.0,9.0,61,26.7,47.9,313,Rain: Light,0,0,
19787,2021-12-18 11:00:00,40.881916,-73.83029,0,0,Unspecified,4489652,6.3,4.5,3.8,3.8,0.0,9.0,61,12.3,24.5,35,Rain: Light,0,0,
19788,2021-12-23 11:50:00,40.668102,-73.980576,3,0,Driver Inattention/Distraction,4489261,2.1,-2.3,0.0,0.0,0.0,0.0,3,20.1,35.6,299,Overcast,3,3,
19789,2021-12-23 03:00:00,40.775856,-73.76687,0,0,Driver Inattention/Distraction,4489213,2.1,-2.3,0.0,0.0,0.0,0.0,3,20.1,35.6,299,Overcast,0,0,
19790,2021-12-22 12:49:00,40.762104,-73.960144,0,0,Unspecified,4489132,8.1,-0.0,4.2,4.2,0.0,9.0,61,26.7,47.9,313,Rain: Light,0,0,
19791,2021-12-23 11:47:00,40.729973,-73.88853,1,0,Unspecified,4489629,2.1,-2.3,0.0,0.0,0.0,0.0,3,20.1,35.6,299,Overcast,1,1,
19792,2021-12-24 18:45:00,40.638527,-73.87853,6,0,Unspecified,4489450,5.7,-1.1,1.0,0.0,0.7,5.0,73,12.4,21.6,73,Snow fall: Moderate,6,6,Snowy Conditions
19793,2021-12-23 23:15:00,40.756447,-73.856865,0,0,Driver Inattention/Distraction,4489352,2.1,-2.3,0.0,0.0,0.0,0.0,3,20.1,35.6,299,Overcast,0,0,
19794,2021-12-24 18:30:00,40.815804,-73.885864,0,0,Unspecified,4489475,5.7,-1.1,1.0,0.0,0.7,5.0,73,12.4,21.6,73,Snow fall: Moderate,0,0,Snowy Conditions
19795,2021-12-24 18:41:00,40.58038,-73.967606,0,0,Driver Inattention/Distraction,4489683,5.7,-1.1,1.0,0.0,0.7,5.0,73,12.4,21.6,73,Snow fall: Moderate,0,0,Snowy Conditions
19796,2021-12-22 17:28:00,40.832916,-73.92939,1,0,Backing Unsafely,4489310,8.1,-0.0,4.2,4.2,0.0,9.0,61,26.7,47.9,313,Rain: Light,1,1,
19797,2021-12-23 19:15:00,40.751064,-73.87055,0,0,Unspecified,4489332,2.1,-2.3,0.0,0.0,0.0,0.0,3,20.1,35.6,299,Overcast,0,0,
19798,2021-12-23 17:59:00,40.65519,-73.95006,0,0,Driver Inattention/Distraction,4489567,2.1,-2.3,0.0,0.0,0.0,0.0,3,20.1,35.6,299,Overcast,0,0,
19799,2021-12-21 16:00:00,40.63665,-73.96805,1,0,Driver Inattention/Distraction,4489545,5.7,-2.4,0.0,0.0,0.0,0.0,3,13.6,24.5,228,Overcast,1,1,
19800,2021-12-22 17:20:00,40.594143,-73.95857,0,0,Driver Inattention/Distraction,4488960,8.1,-0.0,4.2,4.2,0.0,9.0,61,26.7,47.9,313,Rain: Light,0,0,
19801,2021-12-24 15:20:00,40.889297,-73.82135,0,0,Unspecified,4489645,5.7,-1.1,1.0,0.0,0.7,5.0,73,12.4,21.6,73,Snow fall: Moderate,0,0,Snowy Conditions
19802,2021-12-23 20:00:00,40.74081,-73.8989,0,0,Driver Inattention/Distraction,4489287,2.1,-2.3,0.0,0.0,0.0,0.0,3,20.1,35.6,299,Overcast,0,0,
19803,2021-12-17 07:30:00,40.707333,-73.90336,0,0,Passing Too Closely,4489624,13.9,6.1,0.0,0.0,0.0,0.0,3,21.5,37.1,265,Overcast,0,0,
19804,2021-12-22 19:20:00,40.553192,-74.164345,1,0,Passing Too Closely,4489020,8.1,-0.0,4.2,4.2,0.0,9.0,61,26.7,47.9,313,Rain: Light,1,1,
19805,2021-12-22 22:28:00,40.663296,-73.88979,3,0,Unsafe Speed,4489139,8.1,-0.0,4.2,4.2,0.0,9.0,61,26.7,47.9,313,Rain: Light,3,3,
19806,2021-12-24 13:12:00,40.804005,-73.93652,1,0,Driver Inattention/Distraction,4489875,5.7,-1.1,1.0,0.0,0.7,5.0,73,12.4,21.6,73,Snow fall: Moderate,1,1,Snowy Conditions
19807,2021-12-17 06:40:00,40.741104,-73.85382,1,0,Driver Inattention/Distraction,4489666,13.9,6.1,0.0,0.0,0.0,0.0,3,21.5,37.1,265,Overcast,1,1,
19808,2021-12-22 07:48:00,40.767498,-73.83302,1,0,Unspecified,4488934,8.1,-0.0,4.2,4.2,0.0,9.0,61,26.7,47.9,313,Rain: Light,1,1,
19809,2022-02-19 08:06:00,40.70694,-74.01353,0,0,Unspecified,4503921,3.3,-5.5,0.4,0.0,0.28,4.0,71,35.3,64.4,260,Snow fall: Light,0,0,Snowy Conditions
19810,2021-12-20 08:50:00,40.66796,-73.77155,1,0,Unsafe Lane Changing,4489456,1.8,-4.4,0.0,0.0,0.0,0.0,2,17.9,32.8,282,Partly cloudy,1,1,
19811,2021-12-21 12:13:00,40.762802,-73.965675,0,0,Driver Inexperience,4489823,5.7,-2.4,0.0,0.0,0.0,0.0,3,13.6,24.5,228,Overcast,0,0,
19812,2021-12-24 21:50:00,40.64076,-73.97502,0,0,Unspecified,4489511,5.7,-1.1,1.0,0.0,0.7,5.0,73,12.4,21.6,73,Snow fall: Moderate,0,0,Snowy Conditions
19813,2021-12-22 18:10:00,40.71588,-73.74603,0,0,Driver Inattention/Distraction,4488895,8.1,-0.0,4.2,4.2,0.0,9.0,61,26.7,47.9,313,Rain: Light,0,0,
19814,2021-12-23 12:00:00,40.81187,-73.88813,0,0,Unspecified,4489172,2.1,-2.3,0.0,0.0,0.0,0.0,3,20.1,35.6,299,Overcast,0,0,
19815,2021-12-23 17:30:00,40.66326,-73.99512,0,0,Unspecified,4489185,2.1,-2.3,0.0,0.0,0.0,0.0,3,20.1,35.6,299,Overcast,0,0,
19816,2021-10-17 16:50:00,40.579803,-73.97184,0,0,Alcohol Involvement,4489676,17.3,11.1,0.2,0.2,0.0,2.0,51,23.9,43.9,293,Drizzle: Light,0,0,
19817,2021-12-24 07:00:00,40.68699,-73.802185,0,0,Other Vehicular,4489766,5.7,-1.1,1.0,0.0,0.7,5.0,73,12.4,21.6,73,Snow fall: Moderate,0,0,Snowy Conditions
19818,2021-12-23 09:15:00,40.70431,-73.955086,0,0,Oversized Vehicle,4489040,2.1,-2.3,0.0,0.0,0.0,0.0,3,20.1,35.6,299,Overcast,0,0,
19819,2021-12-23 11:52:00,40.718704,-73.98526,0,0,Driver Inattention/Distraction,4489120,2.1,-2.3,0.0,0.0,0.0,0.0,3,20.1,35.6,299,Overcast,0,0,
19820,2021-12-22 08:28:00,40.816532,-73.92822,2,0,Traffic Control Disregarded,4488966,8.1,-0.0,4.2,4.2,0.0,9.0,61,26.7,47.9,313,Rain: Light,2,2,
19821,2021-12-23 16:00:00,40.76306,-73.90236,0,0,Driver Inattention/Distraction,4489432,2.1,-2.3,0.0,0.0,0.0,0.0,3,20.1,35.6,299,Overcast,0,0,
19822,2021-12-23 23:37:00,40.674557,-73.859604,0,0,Aggressive Driving/Road Rage,4489796,2.1,-2.3,0.0,0.0,0.0,0.0,3,20.1,35.6,299,Overcast,0,0,
19823,2021-12-23 22:50:00,40.629597,-74.00136,0,0,Unspecified,4489513,2.1,-2.3,0.0,0.0,0.0,0.0,3,20.1,35.6,299,Overcast,0,0,
19824,2021-12-22 10:45:00,40.856323,-73.883896,2,0,Failure to Yield Right-of-Way,4489006,8.1,-0.0,4.2,4.2,0.0,9.0,61,26.7,47.9,313,Rain: Light,2,2,
19825,2021-12-12 21:35:00,40.75866,-73.98715,0,0,Unspecified,4489364,13.0,3.4,0.5,0.5,0.0,1.0,53,32.4,62.6,284,Drizzle: Moderate,0,0,
19826,2021-12-24 16:00:00,40.6752,-73.950005,0,0,Following Too Closely,4489694,5.7,-1.1,1.0,0.0,0.7,5.0,73,12.4,21.6,73,Snow fall: Moderate,0,0,Snowy Conditions
19827,2021-12-24 09:00:00,40.85688,-73.89387,0,0,Driver Inattention/Distraction,4489816,5.7,-1.1,1.0,0.0,0.7,5.0,73,12.4,21.6,73,Snow fall: Moderate,0,0,Snowy Conditions
19828,2021-12-23 17:55:00,40.68435,-73.84568,0,0,Other Vehicular,4489229,2.1,-2.3,0.0,0.0,0.0,0.0,3,20.1,35.6,299,Overcast,0,0,
19829,2021-12-23 14:30:00,40.758995,-73.87459,1,0,Unspecified,4489151,2.1,-2.3,0.0,0.0,0.0,0.0,3,20.1,35.6,299,Overcast,1,1,
19830,2021-12-24 23:00:00,40.886513,-73.85378,0,0,Backing Unsafely,4489644,5.7,-1.1,1.0,0.0,0.7,5.0,73,12.4,21.6,73,Snow fall: Moderate,0,0,Snowy Conditions
19831,2021-12-23 12:23:00,40.738686,-73.99588,0,0,Driver Inattention/Distraction,4489359,2.1,-2.3,0.0,0.0,0.0,0.0,3,20.1,35.6,299,Overcast,0,0,
19832,2021-12-23 21:10:00,40.702614,-73.96058,3,0,Following Too Closely,4489264,2.1,-2.3,0.0,0.0,0.0,0.0,3,20.1,35.6,299,Overcast,3,3,
19833,2021-12-23 07:15:00,40.576504,-74.1037,1,0,Following Too Closely,4489012,2.1,-2.3,0.0,0.0,0.0,0.0,3,20.1,35.6,299,Overcast,1,1,
19834,2021-12-17 07:45:00,40.66851,-73.76626,0,0,Traffic Control Disregarded,4489580,13.9,6.1,0.0,0.0,0.0,0.0,3,21.5,37.1,265,Overcast,0,0,
19835,2021-12-23 22:20:00,40.678783,-73.74412,0,0,Unspecified,4489256,2.1,-2.3,0.0,0.0,0.0,0.0,3,20.1,35.6,299,Overcast,0,0,
19836,2021-12-23 06:47:00,40.877815,-73.868126,1,0,Failure to Yield Right-of-Way,4489155,2.1,-2.3,0.0,0.0,0.0,0.0,3,20.1,35.6,299,Overcast,1,1,
19837,2021-12-22 02:15:00,40.842922,-73.90957,0,0,Driver Inexperience,4488627,8.1,-0.0,4.2,4.2,0.0,9.0,61,26.7,47.9,313,Rain: Light,0,0,
19838,2021-12-23 15:34:00,40.76394,-73.828156,0,0,Unsafe Lane Changing,4489206,2.1,-2.3,0.0,0.0,0.0,0.0,3,20.1,35.6,299,Overcast,0,0,