,CRASH DATETIME,LATITUDE,LONGITUDE,NUMBER OF PERSONS INJURED,NUMBER OF PERSONS KILLED,CONTRIBUTING FACTOR VEHICLE 1,COLLISION_ID,temperature_2m_max,temperature_2m_min,precipitation_sum,rain_sum,snowfall_sum,precipitation_hours,weather_code,wind_speed_10m_max,wind_gusts_10m_max,wind_direction_10m_dominant,Weather Description,Severity_Score,Total_Affected_Persons,Weather_Category
19839,2021-12-23 07:30:00,40.78515,-73.94063,1,0,Driver Inattention/Distraction,4489488,2.1,-2.3,0.0,0.0,0.0,0.0,3,20.1,35.6,299,Overcast,1,1,
19840,2022-06-21 13:20:00,40.647675,-74.014595,0,0,Unspecified,4542486,26.0,14.6,1.0,1.0,0.0,3.0,53,13.0,24.1,175,Drizzle: Moderate,0,0,
19841,2021-12-23 18:13:00,40.614,-73.9161,1,0,Failure to Yield Right-of-Way,4489174,2.1,-2.3,0.0,0.0,0.0,0.0,3,20.1,35.6,299,Overcast,1,1,
19842,2021-12-22 14:25:00,40.766552,-73.77255,1,0,Driver Inexperience,4488919,8.1,-0.0,4.2,4.2,0.0,9.0,61,26.7,47.9,313,Rain: Light,1,1,
19843,2021-12-20 15:33:00,40.72545,-73.892654,0,0,Failure to Yield Right-of-Way,4489733,1.8,-4.4,0.0,0.0,0.0,0.0,2,17.9,32.8,282,Partly cloudy,0,0,
19844,2021-12-23 09:00:00,40.707714,-73.802795,0,0,Following Too Closely,4489065,2.1,-2.3,0.0,0.0,0.0,0.0,3,20.1,35.6,299,Overcast,0,0,
19845,2021-12-22 08:00:00,40.818336,-73.934265,1,0,Reaction to Uninvolved Vehicle,4488791,8.1,-0.0,4.2,4.2,0.0,9.0,61,26.7,47.9,313,Rain: Light,1,1,
19846,2021-12-23 15:15:00,40.870014,-73.832436,1,0,Unspecified,4489742,2.1,-2.3,0.0,0.0,0.0,0.0,3,20.1,35.6,299,Overcast,1,1,
19847,2021-12-24 13:33:00,40.82406,-73.92815,0,0,Driver Inexperience,4489445,5.7,-1.1,1.0,0.0,0.7,5.0,73,12.4,21.6,73,Snow fall: Moderate,0,0,Snowy Conditions
19848,2021-12-23 15:54:00,40.859623,-73.88747,0,0,Other Vehicular,4489860,2.1,-2.3,0.0,0.0,0.0,0.0,3,20.1,35.6,299,Overcast,0,0,
19849,2021-12-24 13:30:00,40.797215,-73.969925,0,0,Turning Improperly,4489471,5.7,-1.1,1.0,0.0,0.7,5.0,73,12.4,21.6,73,Snow fall: Moderate,0,0,Snowy Conditions
19850,2021-12-21 06:40:00,40.843124,-73.89796,0,0,Backing Unsafely,4489780,5.7,-2.4,0.0,0.0,0.0,0.0,3,13.6,24.5,228,Overcast,0,0,
19851,2021-12-23 15:00:00,40.734756,-73.80025,0,0,Failure to Yield Right-of-Way,4489391,2.1,-2.3,0.0,0.0,0.0,0.0,3,20.1,35.6,299,Overcast,0,0,
19852,2021-12-22 11:00:00,40.75437,-73.97815,0,0,Passenger Distraction,4489611,8.1,-0.0,4.2,4.2,0.0,9.0,61,26.7,47.9,313,Rain: Light,0,0,
19853,2021-12-23 08:20:00,40.596256,-73.76684,0,0,Passing or Lane Usage Improper,4489057,2.1,-2.3,0.0,0.0,0.0,0.0,3,20.1,35.6,299,Overcast,0,0,
19854,2021-12-22 23:30:00,40.63145,-73.887085,3,0,Unspecified,4489538,8.1,-0.0,4.2,4.2,0.0,9.0,61,26.7,47.9,313,Rain: Light,3,3,
19855,2021-12-19 20:00:00,40.83354,-73.89631,0,0,Driver Inexperience,4489790,7.1,-1.8,0.5,0.5,0.0,4.0,51,26.4,47.5,327,Drizzle: Light,0,0,
19856,2021-12-23 20:45:00,40.707664,-73.78772,2,0,Traffic Control Disregarded,4489759,2.1,-2.3,0.0,0.0,0.0,0.0,3,20.1,35.6,299,Overcast,2,2,
19857,2021-12-24 12:10:00,40.695065,-73.73988,1,0,Accelerator Defective,4489339,5.7,-1.1,1.0,0.0,0.7,5.0,73,12.4,21.6,73,Snow fall: Moderate,1,1,Snowy Conditions
19858,2021-12-23 16:25:00,40.7033,-73.99206,0,0,Passing Too Closely,4489190,2.1,-2.3,0.0,0.0,0.0,0.0,3,20.1,35.6,299,Overcast,0,0,
19859,2021-12-23 16:25:00,40.682278,-73.9226,0,0,Passing or Lane Usage Improper,4489720,2.1,-2.3,0.0,0.0,0.0,0.0,3,20.1,35.6,299,Overcast,0,0,
19860,2021-12-23 10:15:00,40.71443,-73.83315,0,0,Driver Inattention/Distraction,4489133,2.1,-2.3,0.0,0.0,0.0,0.0,3,20.1,35.6,299,Overcast,0,0,
19861,2021-12-20 01:10:00,40.715904,-73.990906,0,0,Unspecified,4489464,1.8,-4.4,0.0,0.0,0.0,0.0,2,17.9,32.8,282,Partly cloudy,0,0,
19862,2021-12-22 19:00:00,40.807434,-73.92619,0,0,Driver Inattention/Distraction,4488971,8.1,-0.0,4.2,4.2,0.0,9.0,61,26.7,47.9,313,Rain: Light,0,0,
19863,2021-12-24 15:55:00,40.63604,-73.96225,1,0,Unsafe Speed,4489653,5.7,-1.1,1.0,0.0,0.7,5.0,73,12.4,21.6,73,Snow fall: Moderate,1,1,Snowy Conditions
19864,2021-12-21 17:45:00,40.623722,-73.97463,1,0,Unspecified,4489506,5.7,-2.4,0.0,0.0,0.0,0.0,3,13.6,24.5,228,Overcast,1,1,
19865,2021-12-23 00:00:00,40.828243,-73.832146,1,0,Unspecified,4489307,2.1,-2.3,0.0,0.0,0.0,0.0,3,20.1,35.6,299,Overcast,1,1,
19866,2021-12-23 00:50:00,40.85059,-73.851616,0,0,Driver Inattention/Distraction,4488992,2.1,-2.3,0.0,0.0,0.0,0.0,3,20.1,35.6,299,Overcast,0,0,
19867,2021-12-23 19:31:00,40.636448,-73.94513,1,0,Unspecified,4489568,2.1,-2.3,0.0,0.0,0.0,0.0,3,20.1,35.6,299,Overcast,1,1,
19868,2021-12-23 18:30:00,40.671585,-73.99843,0,0,Driver Inattention/Distraction,4489427,2.1,-2.3,0.0,0.0,0.0,0.0,3,20.1,35.6,299,Overcast,0,0,
19869,2021-12-23 07:47:00,40.618225,-74.03022,1,0,Backing Unsafely,4489112,2.1,-2.3,0.0,0.0,0.0,0.0,3,20.1,35.6,299,Overcast,1,1,
19870,2021-12-22 19:50:00,40.684494,-73.86169,1,0,Following Too Closely,4489025,8.1,-0.0,4.2,4.2,0.0,9.0,61,26.7,47.9,313,Rain: Light,1,1,
19871,2021-12-22 08:40:00,40.598553,-73.997345,0,0,Driver Inattention/Distraction,4488855,8.1,-0.0,4.2,4.2,0.0,9.0,61,26.7,47.9,313,Rain: Light,0,0,
19872,2021-12-23 13:05:00,40.669262,-73.91356,1,0,Other Vehicular,4489527,2.1,-2.3,0.0,0.0,0.0,0.0,3,20.1,35.6,299,Overcast,1,1,
19873,2021-12-24 19:28:00,40.818558,-73.92732,0,0,Driver Inattention/Distraction,4489838,5.7,-1.1,1.0,0.0,0.7,5.0,73,12.4,21.6,73,Snow fall: Moderate,0,0,Snowy Conditions
19874,2021-12-24 20:15:00,40.631897,-73.943665,0,0,Passing Too Closely,4489572,5.7,-1.1,1.0,0.0,0.7,5.0,73,12.4,21.6,73,Snow fall: Moderate,0,0,Snowy Conditions
19875,2021-12-23 09:15:00,40.646446,-74.07884,1,0,Driver Inattention/Distraction,4489599,2.1,-2.3,0.0,0.0,0.0,0.0,3,20.1,35.6,299,Overcast,1,1,
19876,2021-12-22 18:30:00,40.71746,-73.74341,0,0,Unspecified,4488890,8.1,-0.0,4.2,4.2,0.0,9.0,61,26.7,47.9,313,Rain: Light,0,0,
19877,2021-12-20 00:00:00,40.839176,-73.94114,0,0,Unsafe Lane Changing,4489702,1.8,-4.4,0.0,0.0,0.0,0.0,2,17.9,32.8,282,Partly cloudy,0,0,
19878,2021-12-23 15:50:00,40.736237,-73.9772,1,0,Following Too Closely,4489252,2.1,-2.3,0.0,0.0,0.0,0.0,3,20.1,35.6,299,Overcast,1,1,
19879,2021-12-22 00:18:00,40.64495,-73.9249,0,0,Unspecified,4488716,8.1,-0.0,4.2,4.2,0.0,9.0,61,26.7,47.9,313,Rain: Light,0,0,
19880,2021-12-23 20:00:00,40.670776,-73.84788,2,0,Failure to Yield Right-of-Way,4489828,2.1,-2.3,0.0,0.0,0.0,0.0,3,20.1,35.6,299,Overcast,2,2,
19881,2021-12-23 20:52:00,40.819313,-73.901245,0,0,Unspecified,4489237,2.1,-2.3,0.0,0.0,0.0,0.0,3,20.1,35.6,299,Overcast,0,0,
19882,2021-12-22 18:16:00,40.86535,-73.92119,1,0,Pedestrian/Bicyclist/Other Pedestrian Error/Confusion,4489032,8.1,-0.0,4.2,4.2,0.0,9.0,61,26.7,47.9,313,Rain: Light,1,1,
19883,2021-12-23 23:00:00,40.683804,-73.833534,1,0,Driver Inattention/Distraction,4489832,2.1,-2.3,0.0,0.0,0.0,0.0,3,20.1,35.6,299,Overcast,1,1,
19884,2021-12-19 19:30:00,40.6559,-73.95585,0,0,Other Vehicular,4489379,7.1,-1.8,0.5,0.5,0.0,4.0,51,26.4,47.5,327,Drizzle: Light,0,0,
19885,2021-12-22 01:36:00,40.63552,-74.0167,0,0,Unspecified,4488943,8.1,-0.0,4.2,4.2,0.0,9.0,61,26.7,47.9,313,Rain: Light,0,0,
19886,2021-05-21 18:30:00,40.70899,-74.01068,0,0,Alcohol Involvement,4419022,23.9,11.3,0.0,0.0,0.0,0.0,3,19.2,38.5,174,Overcast,0,0,
19887,2021-12-20 08:00:00,40.662807,-73.987175,0,0,Unspecified,4489374,1.8,-4.4,0.0,0.0,0.0,0.0,2,17.9,32.8,282,Partly cloudy,0,0,
19888,2021-12-23 18:26:00,40.863907,-73.902435,0,0,Passing Too Closely,4489199,2.1,-2.3,0.0,0.0,0.0,0.0,3,20.1,35.6,299,Overcast,0,0,
19889,2021-12-23 08:30:00,40.704563,-73.94867,1,0,Driver Inattention/Distraction,4489269,2.1,-2.3,0.0,0.0,0.0,0.0,3,20.1,35.6,299,Overcast,1,1,
19890,2021-12-22 15:55:00,40.74198,-73.82475,0,0,Passing or Lane Usage Improper,4488858,8.1,-0.0,4.2,4.2,0.0,9.0,61,26.7,47.9,313,Rain: Light,0,0,
19891,2021-12-22 19:49:00,40.663387,-73.72941,0,0,Reaction to Uninvolved Vehicle,4488896,8.1,-0.0,4.2,4.2,0.0,9.0,61,26.7,47.9,313,Rain: Light,0,0,
19892,2021-08-31 02:39:00,40.691193,-73.99777,1,1,Unsafe Speed,4452542,28.5,21.2,0.0,0.0,0.0,0.0,3,15.5,29.9,301,Overcast,21,2,
19893,2021-09-21 08:50:00,40.859623,-73.88747,1,0,Driver Inattention/Distraction,4462387,23.1,16.4,0.0,0.0,0.0,0.0,3,14.2,29.5,108,Overcast,1,1,
19894,2021-09-26 10:40:00,40.676132,-73.921906,2,0,Driver Inattention/Distraction,4462343,21.4,15.6,0.0,0.0,0.0,0.0,3,23.5,45.0,294,Overcast,2,2,
19895,2021-09-10 20:14:00,40.69622,-73.89988,1,0,Traffic Control Disregarded,4462418,22.9,16.0,0.0,0.0,0.0,0.0,3,24.2,47.2,314,Overcast,1,1,
19896,2021-09-17 00:00:00,40.754776,-73.892815,0,0,Following Too Closely,4462397,23.6,20.1,1.0,1.0,0.0,7.0,51,20.3,38.9,59,Drizzle: Light,0,0,
19897,2021-09-27 01:36:00,40.76042,-73.928856,1,0,Driver Inattention/Distraction,4462386,25.9,14.6,0.0,0.0,0.0,0.0,3,24.1,45.0,233,Overcast,1,1,
19898,2021-09-22 17:00:00,40.67222,-73.80637,0,0,Passing or Lane Usage Improper,4462349,25.3,19.9,5.1,5.1,0.0,15.0,61,29.3,55.1,154,Rain: Light,0,0,
19899,2021-09-08 11:30:00,40.768127,-73.87625,0,0,Unspecified,4462394,26.4,19.6,0.7,0.7,0.0,6.0,51,26.7,55.8,187,Drizzle: Light,0,0,
19900,2021-09-24 07:25:00,40.840992,-73.873184,1,0,Driver Inattention/Distraction,4462403,22.4,15.6,26.0,26.0,0.0,9.0,63,14.2,29.9,274,Rain: Moderate,1,1,
19901,2021-09-27 17:00:00,40.61314,-73.948975,0,0,Unspecified,4462355,25.9,14.6,0.0,0.0,0.0,0.0,3,24.1,45.0,233,Overcast,0,0,
19902,2021-09-27 18:51:00,40.779434,-73.94752,0,0,Driver Inattention/Distraction,4462379,25.9,14.6,0.0,0.0,0.0,0.0,3,24.1,45.0,233,Overcast,0,0,
19903,2021-09-22 23:02:00,40.702595,-73.8553,0,0,Unspecified,4462392,25.3,19.9,5.1,5.1,0.0,15.0,61,29.3,55.1,154,Rain: Light,0,0,
19904,2022-06-26 12:30:00,40.55514,-74.130005,0,0,Unspecified,4542684,30.8,19.9,0.0,0.0,0.0,0.0,3,30.9,55.8,188,Overcast,0,0,
19905,2021-12-24 10:34:00,40.836834,-73.90381,1,0,Backing Unsafely,4489777,5.7,-1.1,1.0,0.0,0.7,5.0,73,12.4,21.6,73,Snow fall: Moderate,1,1,Snowy Conditions
19906,2021-12-23 09:00:00,40.663723,-73.75926,1,0,Unsafe Speed,4489084,2.1,-2.3,0.0,0.0,0.0,0.0,3,20.1,35.6,299,Overcast,1,1,
19907,2021-12-23 08:50:00,40.676624,-73.91597,0,0,Driver Inattention/Distraction,4489096,2.1,-2.3,0.0,0.0,0.0,0.0,3,20.1,35.6,299,Overcast,0,0,
19908,2021-11-06 21:50:00,40.695114,-73.911865,0,0,Unsafe Speed,4489296,10.5,3.4,0.0,0.0,0.0,0.0,0,9.5,17.6,61,Clear sky,0,0,Sunny/Clear Conditions
19909,2021-12-24 14:30:00,40.70219,-73.928345,0,0,Driver Inattention/Distraction,4489409,5.7,-1.1,1.0,0.0,0.7,5.0,73,12.4,21.6,73,Snow fall: Moderate,0,0,Snowy Conditions
19910,2021-12-22 02:03:00,40.84497,-73.90247,0,0,Driver Inattention/Distraction,4488703,8.1,-0.0,4.2,4.2,0.0,9.0,61,26.7,47.9,313,Rain: Light,0,0,
19911,2021-12-24 12:54:00,40.607212,-74.07682,1,0,Driver Inattention/Distraction,4489604,5.7,-1.1,1.0,0.0,0.7,5.0,73,12.4,21.6,73,Snow fall: Moderate,1,1,Snowy Conditions
19912,2021-12-24 08:45:00,40.660656,-73.885796,0,0,Following Too Closely,4489335,5.7,-1.1,1.0,0.0,0.7,5.0,73,12.4,21.6,73,Snow fall: Moderate,0,0,Snowy Conditions
19913,2021-12-24 17:04:00,40.78169,-73.94897,0,0,Driver Inattention/Distraction,4489849,5.7,-1.1,1.0,0.0,0.7,5.0,73,12.4,21.6,73,Snow fall: Moderate,0,0,Snowy Conditions
19914,2021-09-27 21:20:00,40.642666,-74.02001,1,0,Turning Improperly,4461647,25.9,14.6,0.0,0.0,0.0,0.0,3,24.1,45.0,233,Overcast,1,1,
19915,2021-09-27 18:22:00,40.754726,-73.97788,1,0,Unspecified,4461793,25.9,14.6,0.0,0.0,0.0,0.0,3,24.1,45.0,233,Overcast,1,1,
19916,2021-09-27 20:42:00,40.607426,-73.94301,0,0,Unspecified,4461711,25.9,14.6,0.0,0.0,0.0,0.0,3,24.1,45.0,233,Overcast,0,0,
19917,2021-09-26 13:30:00,40.88226,-73.82782,0,0,Unspecified,4462171,21.4,15.6,0.0,0.0,0.0,0.0,3,23.5,45.0,294,Overcast,0,0,
19918,2021-09-19 18:44:00,40.626663,-74.07565,0,0,Unspecified,4462140,23.6,16.8,0.0,0.0,0.0,0.0,2,17.6,35.6,0,Partly cloudy,0,0,
19919,2021-09-27 01:00:00,40.67934,-73.944336,0,0,Passing Too Closely,4461303,25.9,14.6,0.0,0.0,0.0,0.0,3,24.1,45.0,233,Overcast,0,0,
19920,2021-09-27 09:19:00,40.730995,-73.988846,0,0,Unspecified,4461695,25.9,14.6,0.0,0.0,0.0,0.0,3,24.1,45.0,233,Overcast,0,0,
19921,2021-09-27 19:24:00,40.677715,-73.93587,1,0,Traffic Control Disregarded,4461864,25.9,14.6,0.0,0.0,0.0,0.0,3,24.1,45.0,233,Overcast,1,1,
19922,2021-09-27 16:00:00,40.830338,-73.82401,2,0,Driver Inattention/Distraction,4461739,25.9,14.6,0.0,0.0,0.0,0.0,3,24.1,45.0,233,Overcast,2,2,
19923,2021-09-02 16:30:00,40.698753,-73.89726,1,0,Other Vehicular,4462107,24.5,15.0,24.6,24.6,0.0,5.0,65,43.0,83.5,344,Rain: Heavy,1,1,
19924,2021-09-26 17:30:00,40.661995,-73.9196,1,0,Failure to Yield Right-of-Way,4462253,21.4,15.6,0.0,0.0,0.0,0.0,3,23.5,45.0,294,Overcast,1,1,
19925,2021-09-27 02:45:00,40.67689,-73.900055,1,0,Traffic Control Disregarded,4461469,25.9,14.6,0.0,0.0,0.0,0.0,3,24.1,45.0,233,Overcast,1,1,
19926,2021-09-27 10:30:00,40.752304,-73.873405,0,0,Driver Inattention/Distraction,4461749,25.9,14.6,0.0,0.0,0.0,0.0,3,24.1,45.0,233,Overcast,0,0,
19927,2021-09-26 00:45:00,40.867634,-73.916595,0,0,Turning Improperly,4462244,21.4,15.6,0.0,0.0,0.0,0.0,3,23.5,45.0,294,Overcast,0,0,
19928,2021-09-27 17:00:00,40.699738,-73.98212,0,0,Unspecified,4462026,25.9,14.6,0.0,0.0,0.0,0.0,3,24.1,45.0,233,Overcast,0,0,
19929,2021-09-27 03:02:00,40.738552,-73.99969,0,0,Unspecified,4461513,25.9,14.6,0.0,0.0,0.0,0.0,3,24.1,45.0,233,Overcast,0,0,
19930,2021-09-27 12:10:00,40.64893,-73.949135,1,0,Unspecified,4461630,25.9,14.6,0.0,0.0,0.0,0.0,3,24.1,45.0,233,Overcast,1,1,
19931,2021-09-27 14:08:00,40.84708,-73.88359,0,0,Passing Too Closely,4461801,25.9,14.6,0.0,0.0,0.0,0.0,3,24.1,45.0,233,Overcast,0,0,
19932,2021-09-27 19:27:00,40.751442,-73.97606,0,0,Following Too Closely,4461833,25.9,14.6,0.0,0.0,0.0,0.0,3,24.1,45.0,233,Overcast,0,0,
19933,2021-09-27 22:00:00,40.82519,-73.88866,0,0,Unspecified,4461935,25.9,14.6,0.0,0.0,0.0,0.0,3,24.1,45.0,233,Overcast,0,0,
19934,2021-09-27 08:20:00,40.807766,-73.91023,0,0,Driver Inattention/Distraction,4461604,25.9,14.6,0.0,0.0,0.0,0.0,3,24.1,45.0,233,Overcast,0,0,
19935,2021-09-27 09:48:00,40.873783,-73.87786,0,0,Oversized Vehicle,4461554,25.9,14.6,0.0,0.0,0.0,0.0,3,24.1,45.0,233,Overcast,0,0,
19936,2021-09-27 05:50:00,40.76536,-73.82787,1,0,Unsafe Speed,4461593,25.9,14.6,0.0,0.0,0.0,0.0,3,24.1,45.0,233,Overcast,1,1,
19937,2021-09-27 06:05:00,40.69652,-73.78155,1,0,Unsafe Speed,4461556,25.9,14.6,0.0,0.0,0.0,0.0,3,24.1,45.0,233,Overcast,1,1,
19938,2021-09-23 07:50:00,40.839447,-73.88384,2,0,Unsafe Lane Changing,4462188,26.2,18.0,15.6,15.6,0.0,14.0,63,40.7,77.4,156,Rain: Moderate,2,2,
19939,2021-09-27 08:00:00,40.653805,-73.93061,0,0,Driver Inattention/Distraction,4461625,25.9,14.6,0.0,0.0,0.0,0.0,3,24.1,45.0,233,Overcast,0,0,
19940,2021-09-27 08:15:00,40.60426,-73.75286,0,0,Passing or Lane Usage Improper,4461533,25.9,14.6,0.0,0.0,0.0,0.0,3,24.1,45.0,233,Overcast,0,0,
19941,2021-09-27 16:00:00,40.762066,-73.80753,0,0,Unsafe Speed,4461931,25.9,14.6,0.0,0.0,0.0,0.0,3,24.1,45.0,233,Overcast,0,0,
19942,2021-09-27 10:31:00,40.7044,-73.92384,1,0,Backing Unsafely,4461723,25.9,14.6,0.0,0.0,0.0,0.0,3,24.1,45.0,233,Overcast,1,1,
19943,2021-09-27 07:10:00,40.75529,-73.90847,2,0,Driver Inattention/Distraction,4461758,25.9,14.6,0.0,0.0,0.0,0.0,3,24.1,45.0,233,Overcast,2,2,
19944,2021-09-27 17:00:00,40.654755,-73.92082,0,0,Unspecified,4461987,25.9,14.6,0.0,0.0,0.0,0.0,3,24.1,45.0,233,Overcast,0,0,
19945,2021-09-27 05:50:00,40.88877,-73.864334,0,0,Driver Inattention/Distraction,4461946,25.9,14.6,0.0,0.0,0.0,0.0,3,24.1,45.0,233,Overcast,0,0,
19946,2021-09-27 02:02:00,40.862747,-73.90494,1,0,Following Too Closely,4461547,25.9,14.6,0.0,0.0,0.0,0.0,3,24.1,45.0,233,Overcast,1,1,
19947,2021-09-27 08:03:00,40.73849,-73.982376,0,0,Unspecified,4461613,25.9,14.6,0.0,0.0,0.0,0.0,3,24.1,45.0,233,Overcast,0,0,
19948,2021-09-27 08:30:00,40.67626,-73.85261,0,0,Passing or Lane Usage Improper,4461703,25.9,14.6,0.0,0.0,0.0,0.0,3,24.1,45.0,233,Overcast,0,0,
19949,2021-09-25 22:45:00,40.876575,-73.91286,0,0,Unsafe Speed,4462273,22.8,14.0,0.0,0.0,0.0,0.0,3,7.9,15.8,322,Overcast,0,0,
19950,2021-09-27 12:51:00,40.742836,-73.97214,1,0,Passing or Lane Usage Improper,4461832,25.9,14.6,0.0,0.0,0.0,0.0,3,24.1,45.0,233,Overcast,1,1,
19951,2021-09-24 11:05:00,40.642796,-73.97945,1,0,Unspecified,4462130,22.4,15.6,26.0,26.0,0.0,9.0,63,14.2,29.9,274,Rain: Moderate,1,1,
19952,2021-09-27 17:25:00,40.581764,-73.8383,0,0,Passing or Lane Usage Improper,4462290,25.9,14.6,0.0,0.0,0.0,0.0,3,24.1,45.0,233,Overcast,0,0,
19953,2021-09-27 16:55:00,40.63465,-73.93727,1,0,Failure to Yield Right-of-Way,4461631,25.9,14.6,0.0,0.0,0.0,0.0,3,24.1,45.0,233,Overcast,1,1,
19954,2021-09-27 22:40:00,40.691948,-73.93983,2,0,Driver Inexperience,4461680,25.9,14.6,0.0,0.0,0.0,0.0,3,24.1,45.0,233,Overcast,2,2,
19955,2021-09-26 14:02:00,40.587784,-74.165565,0,0,Driver Inattention/Distraction,4462200,21.4,15.6,0.0,0.0,0.0,0.0,3,23.5,45.0,294,Overcast,0,0,
19956,2021-09-27 12:00:00,40.71125,-74.0003,0,0,Aggressive Driving/Road Rage,4461569,25.9,14.6,0.0,0.0,0.0,0.0,3,24.1,45.0,233,Overcast,0,0,
19957,2021-09-12 19:14:00,40.71347,-73.99859,1,0,Failure to Yield Right-of-Way,4462104,28.8,18.3,0.0,0.0,0.0,0.0,3,24.3,46.8,233,Overcast,1,1,
19958,2021-09-27 20:45:00,40.858788,-73.92291,0,0,Following Too Closely,4461853,25.9,14.6,0.0,0.0,0.0,0.0,3,24.1,45.0,233,Overcast,0,0,
19959,2021-09-27 09:30:00,40.680218,-73.97789,1,0,Following Too Closely,4461896,25.9,14.6,0.0,0.0,0.0,0.0,3,24.1,45.0,233,Overcast,1,1,
19960,2021-09-27 22:30:00,40.834087,-73.89515,0,0,Unspecified,4462091,25.9,14.6,0.0,0.0,0.0,0.0,3,24.1,45.0,233,Overcast,0,0,
19961,2021-09-27 21:30:00,40.76635,-73.95103,0,0,Driver Inattention/Distraction,4461716,25.9,14.6,0.0,0.0,0.0,0.0,3,24.1,45.0,233,Overcast,0,0,
19962,2021-09-25 02:00:00,40.6962,-73.78611,0,0,Driver Inattention/Distraction,4462146,22.8,14.0,0.0,0.0,0.0,0.0,3,7.9,15.8,322,Overcast,0,0,
19963,2021-09-27 18:50:00,40.605057,-73.999,1,0,Unspecified,4461751,25.9,14.6,0.0,0.0,0.0,0.0,3,24.1,45.0,233,Overcast,1,1,
19964,2021-09-27 23:53:00,40.752777,-73.70743,0,0,Unspecified,4461688,25.9,14.6,0.0,0.0,0.0,0.0,3,24.1,45.0,233,Overcast,0,0,
19965,2021-09-27 17:47:00,40.73624,-73.984604,1,0,Failure to Keep Right,4461813,25.9,14.6,0.0,0.0,0.0,0.0,3,24.1,45.0,233,Overcast,1,1,
19966,2021-09-24 19:00:00,40.519722,-74.22867,0,0,Driver Inattention/Distraction,4462266,22.4,15.6,26.0,26.0,0.0,9.0,63,14.2,29.9,274,Rain: Moderate,0,0,
19967,2021-09-27 15:20:00,40.761047,-73.82709,0,0,Driver Inattention/Distraction,4461636,25.9,14.6,0.0,0.0,0.0,0.0,3,24.1,45.0,233,Overcast,0,0,
19968,2021-09-07 09:25:00,40.768875,-73.90852,0,0,Following Too Closely,4462117,25.9,15.2,0.0,0.0,0.0,0.0,1,12.5,25.6,259,Mainly clear,0,0,Sunny/Clear Conditions
19969,2021-09-24 09:00:00,40.708317,-73.846664,1,0,Following Too Closely,4462308,22.4,15.6,26.0,26.0,0.0,9.0,63,14.2,29.9,274,Rain: Moderate,1,1,
19970,2021-09-27 12:00:00,40.755745,-73.943115,0,0,Traffic Control Disregarded,4461776,25.9,14.6,0.0,0.0,0.0,0.0,3,24.1,45.0,233,Overcast,0,0,
19971,2021-09-27 09:20:00,40.665657,-73.81518,0,0,Driver Inattention/Distraction,4461698,25.9,14.6,0.0,0.0,0.0,0.0,3,24.1,45.0,233,Overcast,0,0,
19972,2021-09-27 13:41:00,40.7067,-73.95292,0,0,Passing Too Closely,4461777,25.9,14.6,0.0,0.0,0.0,0.0,3,24.1,45.0,233,Overcast,0,0,
19973,2021-09-27 19:50:00,40.842503,-73.92797,1,0,Following Too Closely,4461741,25.9,14.6,0.0,0.0,0.0,0.0,3,24.1,45.0,233,Overcast,1,1,
19974,2021-09-24 13:20:00,40.783466,-73.94523,0,0,Unspecified,4462156,22.4,15.6,26.0,26.0,0.0,9.0,63,14.2,29.9,274,Rain: Moderate,0,0,
19975,2021-09-27 05:21:00,40.706085,-73.8085,0,0,Traffic Control Disregarded,4462224,25.9,14.6,0.0,0.0,0.0,0.0,3,24.1,45.0,233,Overcast,0,0,
19976,2021-09-27 21:45:00,40.654575,-73.943214,0,0,Passing Too Closely,4461667,25.9,14.6,0.0,0.0,0.0,0.0,3,24.1,45.0,233,Overcast,0,0,
19977,2021-09-27 00:01:00,40.6093,-73.95328,1,0,Turning Improperly,4462051,25.9,14.6,0.0,0.0,0.0,0.0,3,24.1,45.0,233,Overcast,1,1,
19978,2021-09-27 21:00:00,40.757668,-73.95915,1,0,Unsafe Lane Changing,4462306,25.9,14.6,0.0,0.0,0.0,0.0,3,24.1,45.0,233,Overcast,1,1,
19979,2021-09-20 14:37:00,40.78614,-73.93929,1,0,Driver Inattention/Distraction,4462139,23.1,14.9,0.0,0.0,0.0,0.0,3,17.0,34.2,116,Overcast,1,1,
19980,2021-09-27 05:05:00,40.675495,-73.88916,2,0,Unspecified,4461472,25.9,14.6,0.0,0.0,0.0,0.0,3,24.1,45.0,233,Overcast,2,2,
19981,2021-09-27 20:00:00,40.736706,-73.88235,0,0,Alcohol Involvement,4462167,25.9,14.6,0.0,0.0,0.0,0.0,3,24.1,45.0,233,Overcast,0,0,
19982,2021-09-27 16:50:00,40.762566,-73.818596,1,0,Failure to Yield Right-of-Way,4461635,25.9,14.6,0.0,0.0,0.0,0.0,3,24.1,45.0,233,Overcast,1,1,
19983,2021-09-27 20:14:00,40.765278,-73.86822,0,0,Driver Inattention/Distraction,4461745,25.9,14.6,0.0,0.0,0.0,0.0,3,24.1,45.0,233,Overcast,0,0,
19984,2021-12-24 12:02:00,40.86723,-73.88692,0,0,Following Too Closely,4489484,5.7,-1.1,1.0,0.0,0.7,5.0,73,12.4,21.6,73,Snow fall: Moderate,0,0,Snowy Conditions
19985,2021-09-27 23:59:00,40.66552,-73.74467,0,0,Following Too Closely,4461689,25.9,14.6,0.0,0.0,0.0,0.0,3,24.1,45.0,233,Overcast,0,0,