,CRASH DATETIME,LATITUDE,LONGITUDE,NUMBER OF PERSONS INJURED,NUMBER OF PERSONS KILLED,CONTRIBUTING FACTOR VEHICLE 1,COLLISION_ID,temperature_2m_max,temperature_2m_min,precipitation_sum,rain_sum,snowfall_sum,precipitation_hours,weather_code,wind_speed_10m_max,wind_gusts_10m_max,wind_direction_10m_dominant,Weather Description,Severity_Score,Total_Affected_Persons,Weather_Category
19986,2021-09-27 17:40:00,40.695377,-73.98421,0,0,Passing or Lane Usage Improper,4462024,25.9,14.6,0.0,0.0,0.0,0.0,3,24.1,45.0,233,Overcast,0,0,
19987,2021-09-27 14:12:00,40.826275,-73.85971,1,0,Unspecified,4462116,25.9,14.6,0.0,0.0,0.0,0.0,3,24.1,45.0,233,Overcast,1,1,
19988,2021-09-27 15:55:00,40.71113,-73.82837,1,0,Unspecified,4461712,25.9,14.6,0.0,0.0,0.0,0.0,3,24.1,45.0,233,Overcast,1,1,
19989,2021-09-27 21:30:00,40.62903,-74.16476,0,0,Driver Inattention/Distraction,4462199,25.9,14.6,0.0,0.0,0.0,0.0,3,24.1,45.0,233,Overcast,0,0,
19990,2021-09-27 07:40:00,40.843822,-73.9275,1,0,Following Too Closely,4461562,25.9,14.6,0.0,0.0,0.0,0.0,3,24.1,45.0,233,Overcast,1,1,
19991,2021-05-16 07:30:00,40.607147,-74.01157,0,0,Unspecified,4419234,22.3,10.7,0.1,0.1,0.0,1.0,51,23.8,46.1,261,Drizzle: Light,0,0,
19992,2021-09-27 08:45:00,40.794296,-73.84482,0,0,Traffic Control Disregarded,4461597,25.9,14.6,0.0,0.0,0.0,0.0,3,24.1,45.0,233,Overcast,0,0,
19993,2021-09-27 20:05:00,40.796074,-73.94349,0,0,Passing or Lane Usage Improper,4461844,25.9,14.6,0.0,0.0,0.0,0.0,3,24.1,45.0,233,Overcast,0,0,
19994,2021-09-21 19:40:00,40.668224,-73.953445,0,0,Driver Inattention/Distraction,4462326,23.1,16.4,0.0,0.0,0.0,0.0,3,14.2,29.5,108,Overcast,0,0,
19995,2021-09-27 23:00:00,40.880108,-73.902275,0,0,Unspecified,4461648,25.9,14.6,0.0,0.0,0.0,0.0,3,24.1,45.0,233,Overcast,0,0,
19996,2021-09-27 12:31:00,40.710987,-73.86457,0,0,Unspecified,4461956,25.9,14.6,0.0,0.0,0.0,0.0,3,24.1,45.0,233,Overcast,0,0,
19997,2021-09-25 18:20:00,40.654358,-73.91916,2,0,Unspecified,4462251,22.8,14.0,0.0,0.0,0.0,0.0,3,7.9,15.8,322,Overcast,2,2,
19998,2021-09-27 08:00:00,40.788357,-73.97453,0,0,Backing Unsafely,4461548,25.9,14.6,0.0,0.0,0.0,0.0,3,24.1,45.0,233,Overcast,0,0,
19999,2021-09-27 23:13:00,40.60864,-74.00095,0,0,Driver Inattention/Distraction,4461792,25.9,14.6,0.0,0.0,0.0,0.0,3,24.1,45.0,233,Overcast,0,0,
20000,2021-09-27 13:55:00,40.840927,-73.912704,0,0,Unsafe Lane Changing,4461855,25.9,14.6,0.0,0.0,0.0,0.0,3,24.1,45.0,233,Overcast,0,0,
20001,2021-09-27 08:45:00,40.622272,-73.93377,1,0,Driver Inattention/Distraction,4461575,25.9,14.6,0.0,0.0,0.0,0.0,3,24.1,45.0,233,Overcast,1,1,
20002,2021-09-27 05:50:00,40.667114,-73.834656,1,0,Pedestrian/Bicyclist/Other Pedestrian Error/Confusion,4461702,25.9,14.6,0.0,0.0,0.0,0.0,3,24.1,45.0,233,Overcast,1,1,
20003,2021-09-26 15:50:00,40.622837,-73.973526,0,0,Unspecified,4462131,21.4,15.6,0.0,0.0,0.0,0.0,3,23.5,45.0,294,Overcast,0,0,
20004,2021-12-20 09:45:00,40.76323,-73.90891,0,0,Driver Inattention/Distraction,4489434,1.8,-4.4,0.0,0.0,0.0,0.0,2,17.9,32.8,282,Partly cloudy,0,0,
20005,2021-09-27 11:51:00,40.61405,-74.013916,0,0,Unspecified,4461643,25.9,14.6,0.0,0.0,0.0,0.0,3,24.1,45.0,233,Overcast,0,0,
20006,2021-09-27 15:20:00,40.670208,-73.81902,0,0,Failure to Yield Right-of-Way,4461707,25.9,14.6,0.0,0.0,0.0,0.0,3,24.1,45.0,233,Overcast,0,0,
20007,2021-09-26 17:00:00,40.633278,-73.983185,1,0,Unspecified,4462126,21.4,15.6,0.0,0.0,0.0,0.0,3,23.5,45.0,294,Overcast,1,1,
20008,2021-09-27 00:00:00,40.854015,-73.88149,0,0,Driver Inattention/Distraction,4461838,25.9,14.6,0.0,0.0,0.0,0.0,3,24.1,45.0,233,Overcast,0,0,
20009,2021-09-27 05:25:00,40.721626,-73.99951,0,0,Driver Inattention/Distraction,4461496,25.9,14.6,0.0,0.0,0.0,0.0,3,24.1,45.0,233,Overcast,0,0,
20010,2021-09-27 21:38:00,40.871353,-73.8624,0,0,Driver Inattention/Distraction,4461945,25.9,14.6,0.0,0.0,0.0,0.0,3,24.1,45.0,233,Overcast,0,0,
20011,2021-09-27 04:30:00,40.64443,-73.94864,0,0,Driver Inattention/Distraction,4461626,25.9,14.6,0.0,0.0,0.0,0.0,3,24.1,45.0,233,Overcast,0,0,
20012,2021-09-27 14:10:00,40.68731,-73.94761,0,0,Driver Inattention/Distraction,4461862,25.9,14.6,0.0,0.0,0.0,0.0,3,24.1,45.0,233,Overcast,0,0,
20013,2021-09-27 08:54:00,40.847878,-73.886024,1,0,Unspecified,4461800,25.9,14.6,0.0,0.0,0.0,0.0,3,24.1,45.0,233,Overcast,1,1,
20014,2021-09-25 17:00:00,40.688236,-73.76196,0,0,Passing Too Closely,4462186,22.8,14.0,0.0,0.0,0.0,0.0,3,7.9,15.8,322,Overcast,0,0,
20015,2021-09-27 00:25:00,40.723305,-74.00299,0,0,Unspecified,4461757,25.9,14.6,0.0,0.0,0.0,0.0,3,24.1,45.0,233,Overcast,0,0,
20016,2021-09-27 21:18:00,40.623974,-73.96504,0,0,Unspecified,4462127,25.9,14.6,0.0,0.0,0.0,0.0,3,24.1,45.0,233,Overcast,0,0,
20017,2021-09-27 16:30:00,40.712162,-73.737366,0,0,Unspecified,4461679,25.9,14.6,0.0,0.0,0.0,0.0,3,24.1,45.0,233,Overcast,0,0,
20018,2021-09-27 15:00:00,40.6974,-73.901024,0,0,Passing Too Closely,4461961,25.9,14.6,0.0,0.0,0.0,0.0,3,24.1,45.0,233,Overcast,0,0,
20019,2021-09-27 04:30:00,40.83948,-73.93604,0,0,View Obstructed/Limited,4462092,25.9,14.6,0.0,0.0,0.0,0.0,3,24.1,45.0,233,Overcast,0,0,
20020,2021-09-27 20:55:00,40.680668,-73.836334,1,0,Failure to Yield Right-of-Way,4461706,25.9,14.6,0.0,0.0,0.0,0.0,3,24.1,45.0,233,Overcast,1,1,
20021,2021-09-27 09:00:00,40.67801,-73.94138,0,0,Driver Inattention/Distraction,4461867,25.9,14.6,0.0,0.0,0.0,0.0,3,24.1,45.0,233,Overcast,0,0,
20022,2021-09-27 06:00:00,40.87829,-73.87006,0,0,Driver Inattention/Distraction,4461532,25.9,14.6,0.0,0.0,0.0,0.0,3,24.1,45.0,233,Overcast,0,0,
20023,2021-09-27 10:00:00,40.71291,-73.95505,0,0,Oversized Vehicle,4461768,25.9,14.6,0.0,0.0,0.0,0.0,3,24.1,45.0,233,Overcast,0,0,
20024,2021-09-27 07:01:00,40.70553,-73.779205,0,0,Other Vehicular,4461602,25.9,14.6,0.0,0.0,0.0,0.0,3,24.1,45.0,233,Overcast,0,0,
20025,2021-09-27 17:30:00,40.65488,-73.96189,1,0,,4461789,25.9,14.6,0.0,0.0,0.0,0.0,3,24.1,45.0,233,Overcast,1,1,
20026,2021-09-27 09:30:00,40.66223,-73.92274,0,0,Other Vehicular,4461666,25.9,14.6,0.0,0.0,0.0,0.0,3,24.1,45.0,233,Overcast,0,0,
20027,2021-09-27 08:30:00,40.71414,-73.96152,0,0,Driver Inattention/Distraction,4461767,25.9,14.6,0.0,0.0,0.0,0.0,3,24.1,45.0,233,Overcast,0,0,
20028,2021-09-27 00:00:00,40.638103,-74.077934,1,0,Unsafe Speed,4462144,25.9,14.6,0.0,0.0,0.0,0.0,3,24.1,45.0,233,Overcast,1,1,
20029,2021-09-27 12:05:00,40.581013,-73.95484,1,0,Driver Inattention/Distraction,4461715,25.9,14.6,0.0,0.0,0.0,0.0,3,24.1,45.0,233,Overcast,1,1,
20030,2021-09-27 12:20:00,40.7613,-73.86527,0,0,Driver Inattention/Distraction,4462158,25.9,14.6,0.0,0.0,0.0,0.0,3,24.1,45.0,233,Overcast,0,0,
20031,2021-09-27 03:00:00,40.825756,-73.95094,1,0,Unspecified,4461315,25.9,14.6,0.0,0.0,0.0,0.0,3,24.1,45.0,233,Overcast,1,1,
20032,2021-09-27 09:00:00,40.72788,-73.8175,0,0,Driver Inattention/Distraction,4462229,25.9,14.6,0.0,0.0,0.0,0.0,3,24.1,45.0,233,Overcast,0,0,
20033,2021-09-27 09:20:00,40.738445,-73.939835,0,0,Backing Unsafely,4462038,25.9,14.6,0.0,0.0,0.0,0.0,3,24.1,45.0,233,Overcast,0,0,
20034,2021-09-22 19:45:00,40.681606,-73.985565,1,0,Unspecified,4462335,25.3,19.9,5.1,5.1,0.0,15.0,61,29.3,55.1,154,Rain: Light,1,1,
20035,2021-09-27 18:25:00,40.73649,-73.99747,0,0,Backing Unsafely,4461856,25.9,14.6,0.0,0.0,0.0,0.0,3,24.1,45.0,233,Overcast,0,0,
20036,2021-09-27 05:50:00,40.6224,-73.936646,0,0,Traffic Control Disregarded,4461574,25.9,14.6,0.0,0.0,0.0,0.0,3,24.1,45.0,233,Overcast,0,0,
20037,2021-09-27 10:42:00,40.575542,-73.96487,0,0,Driver Inattention/Distraction,4461576,25.9,14.6,0.0,0.0,0.0,0.0,3,24.1,45.0,233,Overcast,0,0,
20038,2021-09-27 11:00:00,40.762638,-73.975266,0,0,Passing or Lane Usage Improper,4461823,25.9,14.6,0.0,0.0,0.0,0.0,3,24.1,45.0,233,Overcast,0,0,
20039,2021-09-27 15:30:00,40.62036,-74.08166,0,0,Other Vehicular,4461612,25.9,14.6,0.0,0.0,0.0,0.0,3,24.1,45.0,233,Overcast,0,0,
20040,2021-09-27 14:35:00,40.62557,-74.176575,2,0,Driver Inattention/Distraction,4461845,25.9,14.6,0.0,0.0,0.0,0.0,3,24.1,45.0,233,Overcast,2,2,
20041,2021-09-24 20:41:00,40.88398,-73.89789,0,0,Unspecified,4462264,22.4,15.6,26.0,26.0,0.0,9.0,63,14.2,29.9,274,Rain: Moderate,0,0,
20042,2021-09-27 11:26:00,40.669678,-73.98732,0,0,Backing Unsafely,4461897,25.9,14.6,0.0,0.0,0.0,0.0,3,24.1,45.0,233,Overcast,0,0,
20043,2021-12-22 23:14:00,40.75657,-73.93397,1,0,Steering Failure,4488998,8.1,-0.0,4.2,4.2,0.0,9.0,61,26.7,47.9,313,Rain: Light,1,1,
20044,2021-09-27 08:56:00,40.826538,-73.8727,0,0,Unspecified,4461541,25.9,14.6,0.0,0.0,0.0,0.0,3,24.1,45.0,233,Overcast,0,0,
20045,2021-09-27 21:30:00,40.76271,-73.98127,0,0,Unspecified,4461824,25.9,14.6,0.0,0.0,0.0,0.0,3,24.1,45.0,233,Overcast,0,0,
20046,2021-09-27 23:00:00,40.871254,-73.84355,0,0,Unsafe Speed,4461950,25.9,14.6,0.0,0.0,0.0,0.0,3,24.1,45.0,233,Overcast,0,0,
20047,2021-09-27 08:22:00,40.87573,-73.87956,0,0,Following Too Closely,4461552,25.9,14.6,0.0,0.0,0.0,0.0,3,24.1,45.0,233,Overcast,0,0,
20048,2021-09-27 12:40:00,40.809044,-73.92856,1,0,Failure to Yield Right-of-Way,4461607,25.9,14.6,0.0,0.0,0.0,0.0,3,24.1,45.0,233,Overcast,1,1,
20049,2021-09-25 22:13:00,40.632755,-73.92984,0,0,Turning Improperly,4462284,22.8,14.0,0.0,0.0,0.0,0.0,3,7.9,15.8,322,Overcast,0,0,
20050,2021-09-10 17:27:00,40.723183,-73.90059,1,0,Failure to Yield Right-of-Way,4462293,22.9,16.0,0.0,0.0,0.0,0.0,3,24.2,47.2,314,Overcast,1,1,
20051,2021-09-27 13:00:00,40.664677,-73.94266,0,0,Driver Inattention/Distraction,4461634,25.9,14.6,0.0,0.0,0.0,0.0,3,24.1,45.0,233,Overcast,0,0,
20052,2021-09-26 23:51:00,40.52352,-74.187416,0,0,Driver Inattention/Distraction,4462267,21.4,15.6,0.0,0.0,0.0,0.0,3,23.5,45.0,294,Overcast,0,0,
20053,2021-09-27 13:00:00,40.67308,-73.91124,0,0,Other Vehicular,4462036,25.9,14.6,0.0,0.0,0.0,0.0,3,24.1,45.0,233,Overcast,0,0,
20054,2021-09-27 22:16:00,40.711536,-73.98675,0,0,Failure to Yield Right-of-Way,4462194,25.9,14.6,0.0,0.0,0.0,0.0,3,24.1,45.0,233,Overcast,0,0,
20055,2021-09-27 08:09:00,40.73679,-73.719925,2,0,Failure to Yield Right-of-Way,4461560,25.9,14.6,0.0,0.0,0.0,0.0,3,24.1,45.0,233,Overcast,2,2,
20056,2021-09-27 13:50:00,40.63347,-74.02102,1,0,Driver Inattention/Distraction,4461652,25.9,14.6,0.0,0.0,0.0,0.0,3,24.1,45.0,233,Overcast,1,1,
20057,2021-09-27 08:30:00,40.62435,-74.021805,1,0,Pedestrian/Bicyclist/Other Pedestrian Error/Confusion,4461528,25.9,14.6,0.0,0.0,0.0,0.0,3,24.1,45.0,233,Overcast,1,1,
20058,2021-09-27 07:50:00,40.65272,-73.94845,0,0,Driver Inattention/Distraction,4461627,25.9,14.6,0.0,0.0,0.0,0.0,3,24.1,45.0,233,Overcast,0,0,
20059,2021-09-27 08:00:00,40.83948,-73.93604,0,0,Passing Too Closely,4461804,25.9,14.6,0.0,0.0,0.0,0.0,3,24.1,45.0,233,Overcast,0,0,
20060,2021-09-27 16:00:00,40.74198,-73.94643,0,0,Driver Inattention/Distraction,4461620,25.9,14.6,0.0,0.0,0.0,0.0,3,24.1,45.0,233,Overcast,0,0,
20061,2021-09-24 13:55:00,40.636246,-74.08911,0,0,Driver Inattention/Distraction,4462143,22.4,15.6,26.0,26.0,0.0,9.0,63,14.2,29.9,274,Rain: Moderate,0,0,
20062,2021-09-27 09:30:00,40.66996,-73.985664,0,0,Passing Too Closely,4461898,25.9,14.6,0.0,0.0,0.0,0.0,3,24.1,45.0,233,Overcast,0,0,
20063,2021-09-27 16:59:00,40.734497,-73.72287,0,0,Unspecified,4461690,25.9,14.6,0.0,0.0,0.0,0.0,3,24.1,45.0,233,Overcast,0,0,
20064,2021-09-27 12:15:00,40.581257,-74.1628,1,0,Failure to Yield Right-of-Way,4461843,25.9,14.6,0.0,0.0,0.0,0.0,3,24.1,45.0,233,Overcast,1,1,
20065,2021-09-27 19:00:00,40.745167,-73.82139,0,0,Unspecified,4461941,25.9,14.6,0.0,0.0,0.0,0.0,3,24.1,45.0,233,Overcast,0,0,
20066,2021-09-27 13:25:00,40.84273,-73.85114,0,0,Driver Inattention/Distraction,4461866,25.9,14.6,0.0,0.0,0.0,0.0,3,24.1,45.0,233,Overcast,0,0,
20067,2021-09-27 03:00:00,40.583656,-73.98656,0,0,Other Vehicular,4461729,25.9,14.6,0.0,0.0,0.0,0.0,3,24.1,45.0,233,Overcast,0,0,
20068,2021-09-26 19:40:00,40.687412,-73.851456,1,0,Aggressive Driving/Road Rage,4462115,21.4,15.6,0.0,0.0,0.0,0.0,3,23.5,45.0,294,Overcast,1,1,
20069,2021-09-19 18:45:00,40.636803,-73.939415,1,0,Driver Inattention/Distraction,4462249,23.6,16.8,0.0,0.0,0.0,0.0,2,17.6,35.6,0,Partly cloudy,1,1,
20070,2021-09-27 11:00:00,40.724335,-73.72464,2,0,Unsafe Lane Changing,4461685,25.9,14.6,0.0,0.0,0.0,0.0,3,24.1,45.0,233,Overcast,2,2,
20071,2021-09-27 15:30:00,40.617287,-73.97786,0,0,Unspecified,4462132,25.9,14.6,0.0,0.0,0.0,0.0,3,24.1,45.0,233,Overcast,0,0,
20072,2021-09-27 20:09:00,40.648266,-73.90581,1,0,Driver Inattention/Distraction,4461673,25.9,14.6,0.0,0.0,0.0,0.0,3,24.1,45.0,233,Overcast,1,1,
20073,2021-09-27 04:45:00,40.70507,-73.96217,0,0,Reaction to Uninvolved Vehicle,4461479,25.9,14.6,0.0,0.0,0.0,0.0,3,24.1,45.0,233,Overcast,0,0,
20074,2021-08-27 11:30:00,40.713615,-73.9956,0,0,Driver Inattention/Distraction,4462159,32.2,23.4,1.4,1.4,0.0,2.0,55,9.4,22.3,299,Drizzle: Dense,0,0,
20075,2021-09-27 12:00:00,40.686592,-73.82232,0,0,Passing or Lane Usage Improper,4461708,25.9,14.6,0.0,0.0,0.0,0.0,3,24.1,45.0,233,Overcast,0,0,
20076,2021-09-19 19:10:00,40.648182,-73.93001,0,0,Unsafe Speed,4462246,23.6,16.8,0.0,0.0,0.0,0.0,2,17.6,35.6,0,Partly cloudy,0,0,
20077,2021-09-11 15:45:00,40.704544,-73.90187,1,0,Traffic Control Disregarded,4462084,24.7,12.9,0.0,0.0,0.0,0.0,3,16.6,34.2,246,Overcast,1,1,
20078,2021-09-27 11:25:00,40.6118,-73.94403,1,0,Driver Inattention/Distraction,4461713,25.9,14.6,0.0,0.0,0.0,0.0,3,24.1,45.0,233,Overcast,1,1,
20079,2021-09-27 18:10:00,40.847366,-73.899506,1,0,Failure to Yield Right-of-Way,4461798,25.9,14.6,0.0,0.0,0.0,0.0,3,24.1,45.0,233,Overcast,1,1,
20080,2021-09-27 04:31:00,40.845432,-73.93658,0,0,Alcohol Involvement,4462093,25.9,14.6,0.0,0.0,0.0,0.0,3,24.1,45.0,233,Overcast,0,0,
20081,2021-09-27 11:30:00,40.68795,-73.82502,0,0,Passing or Lane Usage Improper,4461701,25.9,14.6,0.0,0.0,0.0,0.0,3,24.1,45.0,233,Overcast,0,0,
20082,2021-09-27 13:30:00,40.632496,-74.03219,0,0,Unspecified,4461644,25.9,14.6,0.0,0.0,0.0,0.0,3,24.1,45.0,233,Overcast,0,0,
20083,2021-09-27 09:30:00,40.630806,-74.08082,0,0,Unspecified,4462148,25.9,14.6,0.0,0.0,0.0,0.0,3,24.1,45.0,233,Overcast,0,0,
20084,2021-09-19 20:05:00,40.68342,-73.97545,0,0,Following Too Closely,4462173,23.6,16.8,0.0,0.0,0.0,0.0,2,17.6,35.6,0,Partly cloudy,0,0,
20085,2021-09-27 21:45:00,40.625908,-74.15577,0,0,Driver Inattention/Distraction,4461836,25.9,14.6,0.0,0.0,0.0,0.0,3,24.1,45.0,233,Overcast,0,0,
20086,2021-09-27 23:50:00,40.719547,-73.9749,0,0,Driver Inattention/Distraction,4461998,25.9,14.6,0.0,0.0,0.0,0.0,3,24.1,45.0,233,Overcast,0,0,
20087,2021-09-27 15:00:00,40.80906,-73.90755,1,0,Unspecified,4461721,25.9,14.6,0.0,0.0,0.0,0.0,3,24.1,45.0,233,Overcast,1,1,
20088,2021-09-27 15:07:00,40.702477,-73.94065,1,0,Failure to Yield Right-of-Way,4461769,25.9,14.6,0.0,0.0,0.0,0.0,3,24.1,45.0,233,Overcast,1,1,
20089,2021-09-12 18:30:00,40.64491,-73.92192,0,0,Turning Improperly,4462261,28.8,18.3,0.0,0.0,0.0,0.0,3,24.3,46.8,233,Overcast,0,0,
20090,2021-09-27 11:25:00,40.70503,-74.013336,0,0,Backing Unsafely,4461790,25.9,14.6,0.0,0.0,0.0,0.0,3,24.1,45.0,233,Overcast,0,0,
20091,2021-09-24 07:00:00,40.663334,-73.960236,0,0,Driver Inattention/Distraction,4462338,22.4,15.6,26.0,26.0,0.0,9.0,63,14.2,29.9,274,Rain: Moderate,0,0,
20092,2021-09-27 16:59:00,40.632717,-73.98377,0,0,Passing or Lane Usage Improper,4462128,25.9,14.6,0.0,0.0,0.0,0.0,3,24.1,45.0,233,Overcast,0,0,
20093,2021-09-27 02:10:00,40.690434,-73.83293,0,0,Passing Too Closely,4461326,25.9,14.6,0.0,0.0,0.0,0.0,3,24.1,45.0,233,Overcast,0,0,
20094,2021-09-25 14:00:00,0.0,0.0,0,0,Backing Unsafely,4462236,22.8,14.0,0.0,0.0,0.0,0.0,3,7.9,15.8,322,Overcast,0,0,
20095,2021-09-27 14:40:00,40.64466,-74.09847,0,0,Driver Inattention/Distraction,4462149,25.9,14.6,0.0,0.0,0.0,0.0,3,24.1,45.0,233,Overcast,0,0,
20096,2021-09-27 12:35:00,40.665348,-73.72986,1,0,Unspecified,4461684,25.9,14.6,0.0,0.0,0.0,0.0,3,24.1,45.0,233,Overcast,1,1,
20097,2021-09-27 09:20:00,40.85615,-73.84395,0,0,Driver Inattention/Distraction,4461857,25.9,14.6,0.0,0.0,0.0,0.0,3,24.1,45.0,233,Overcast,0,0,
20098,2021-09-27 10:50:00,40.840576,-73.83799,1,0,Other Vehicular,4461582,25.9,14.6,0.0,0.0,0.0,0.0,3,24.1,45.0,233,Overcast,1,1,
20099,2021-09-27 16:40:00,40.82384,-73.87128,1,0,Unspecified,4461848,25.9,14.6,0.0,0.0,0.0,0.0,3,24.1,45.0,233,Overcast,1,1,
20100,2021-09-27 19:15:00,40.717175,-74.01288,1,0,Pedestrian/Bicyclist/Other Pedestrian Error/Confusion,4462182,25.9,14.6,0.0,0.0,0.0,0.0,3,24.1,45.0,233,Overcast,1,1,
20101,2021-09-08 11:50:00,40.72659,-73.90822,1,0,Driver Inattention/Distraction,4462087,26.4,19.6,0.7,0.7,0.0,6.0,51,26.7,55.8,187,Drizzle: Light,1,1,
20102,2021-09-27 17:00:00,40.80484,-73.912796,1,0,Passing or Lane Usage Improper,4461725,25.9,14.6,0.0,0.0,0.0,0.0,3,24.1,45.0,233,Overcast,1,1,
20103,2021-09-27 16:25:00,40.783245,-73.94473,0,0,Passing or Lane Usage Improper,4461755,25.9,14.6,0.0,0.0,0.0,0.0,3,24.1,45.0,233,Overcast,0,0,
20104,2021-09-27 13:40:00,40.862797,-73.865486,0,0,Unspecified,4461964,25.9,14.6,0.0,0.0,0.0,0.0,3,24.1,45.0,233,Overcast,0,0,
20105,2021-09-27 21:00:00,40.770542,-73.99198,0,0,Driver Inattention/Distraction,4461810,25.9,14.6,0.0,0.0,0.0,0.0,3,24.1,45.0,233,Overcast,0,0,
20106,2021-09-27 06:34:00,40.64178,-73.903564,0,0,Driver Inattention/Distraction,4461619,25.9,14.6,0.0,0.0,0.0,0.0,3,24.1,45.0,233,Overcast,0,0,
20107,2021-09-27 19:08:00,40.713398,-73.7704,0,0,Driver Inattention/Distraction,4461640,25.9,14.6,0.0,0.0,0.0,0.0,3,24.1,45.0,233,Overcast,0,0,
20108,2021-09-27 07:45:00,40.666393,-73.764465,1,0,Failure to Yield Right-of-Way,4462318,25.9,14.6,0.0,0.0,0.0,0.0,3,24.1,45.0,233,Overcast,1,1,
20109,2021-09-27 10:00:00,40.77931,-73.961464,0,0,Passing Too Closely,4461544,25.9,14.6,0.0,0.0,0.0,0.0,3,24.1,45.0,233,Overcast,0,0,
20110,2021-09-09 20:30:00,40.870445,-73.904274,0,0,Unspecified,4462270,22.4,19.8,18.4,18.4,0.0,15.0,63,17.5,39.2,271,Rain: Moderate,0,0,
20111,2021-09-27 18:55:00,40.73676,-73.95035,0,0,Unspecified,4461825,25.9,14.6,0.0,0.0,0.0,0.0,3,24.1,45.0,233,Overcast,0,0,
20112,2021-09-27 08:45:00,40.669556,-73.82605,0,0,View Obstructed/Limited,4461705,25.9,14.6,0.0,0.0,0.0,0.0,3,24.1,45.0,233,Overcast,0,0,
20113,2021-09-26 22:35:00,40.72089,-73.99576,0,0,Failure to Yield Right-of-Way,4462211,21.4,15.6,0.0,0.0,0.0,0.0,3,23.5,45.0,294,Overcast,0,0,
20114,2021-09-27 13:48:00,40.748913,-73.9374,0,0,Driver Inattention/Distraction,4461621,25.9,14.6,0.0,0.0,0.0,0.0,3,24.1,45.0,233,Overcast,0,0,
20115,2021-09-27 21:51:00,40.629646,-74.010704,1,0,Driver Inattention/Distraction,4461645,25.9,14.6,0.0,0.0,0.0,0.0,3,24.1,45.0,233,Overcast,1,1,
20116,2021-09-27 05:25:00,40.632717,-73.89138,0,0,Unspecified,4462013,25.9,14.6,0.0,0.0,0.0,0.0,3,24.1,45.0,233,Overcast,0,0,
20117,2021-09-27 11:00:00,40.672832,-73.96908,0,0,Failure to Yield Right-of-Way,4461892,25.9,14.6,0.0,0.0,0.0,0.0,3,24.1,45.0,233,Overcast,0,0,
20118,2021-09-27 11:55:00,40.693264,-73.824066,0,0,Aggressive Driving/Road Rage,4461928,25.9,14.6,0.0,0.0,0.0,0.0,3,24.1,45.0,233,Overcast,0,0,
20119,2021-09-27 09:28:00,40.82907,-73.86189,0,0,Following Too Closely,4461540,25.9,14.6,0.0,0.0,0.0,0.0,3,24.1,45.0,233,Overcast,0,0,
20120,2021-09-27 18:08:00,40.755657,-73.94569,0,0,Passing Too Closely,4461760,25.9,14.6,0.0,0.0,0.0,0.0,3,24.1,45.0,233,Overcast,0,0,
20121,2021-09-27 13:00:00,40.73599,-73.98946,0,0,Driver Inattention/Distraction,4461573,25.9,14.6,0.0,0.0,0.0,0.0,3,24.1,45.0,233,Overcast,0,0,
20122,2021-09-27 08:30:00,40.738853,-73.8884,0,0,Driver Inattention/Distraction,4461835,25.9,14.6,0.0,0.0,0.0,0.0,3,24.1,45.0,233,Overcast,0,0,
20123,2021-09-27 07:20:00,40.879242,-73.86536,0,0,Unsafe Speed,4461526,25.9,14.6,0.0,0.0,0.0,0.0,3,24.1,45.0,233,Overcast,0,0,
20124,2021-09-27 14:00:00,40.756996,-73.78081,0,0,Unspecified,4461654,25.9,14.6,0.0,0.0,0.0,0.0,3,24.1,45.0,233,Overcast,0,0,
20125,2021-09-27 15:18:00,40.654133,-74.01169,3,0,Unspecified,4461884,25.9,14.6,0.0,0.0,0.0,0.0,3,24.1,45.0,233,Overcast,3,3,
20126,2021-09-27 18:00:00,40.70711,-73.95672,0,0,Passing or Lane Usage Improper,4462409,25.9,14.6,0.0,0.0,0.0,0.0,3,24.1,45.0,233,Overcast,0,0,
20127,2021-09-27 13:57:00,40.76479,-73.98429,1,0,Unspecified,4461802,25.9,14.6,0.0,0.0,0.0,0.0,3,24.1,45.0,233,Overcast,1,1,
20128,2021-09-27 10:20:00,40.8133,-73.930405,0,0,Unspecified,4461605,25.9,14.6,0.0,0.0,0.0,0.0,3,24.1,45.0,233,Overcast,0,0,
20129,2021-08-12 23:45:00,40.68085,-73.97112,0,0,Passing or Lane Usage Improper,4462172,35.2,23.1,0.0,0.0,0.0,0.0,3,21.0,47.5,220,Overcast,0,0,
20130,2021-09-27 07:00:00,40.72017,-73.98357,0,0,Unspecified,4462136,25.9,14.6,0.0,0.0,0.0,0.0,3,24.1,45.0,233,Overcast,0,0,
20131,2021-09-27 23:00:00,0.0,0.0,0,0,Reaction to Uninvolved Vehicle,4461709,25.9,14.6,0.0,0.0,0.0,0.0,3,24.1,45.0,233,Overcast,0,0,
20132,2021-09-27 21:02:00,40.705765,-73.74181,1,0,Unspecified,4461691,25.9,14.6,0.0,0.0,0.0,0.0,3,24.1,45.0,233,Overcast,1,1,
20133,2021-09-27 15:30:00,40.814297,-73.95308,0,0,Reaction to Uninvolved Vehicle,4462029,25.9,14.6,0.0,0.0,0.0,0.0,3,24.1,45.0,233,Overcast,0,0,
20134,2021-09-26 05:25:00,40.720108,-73.99333,0,0,Driver Inattention/Distraction,4462109,21.4,15.6,0.0,0.0,0.0,0.0,3,23.5,45.0,294,Overcast,0,0,
20135,2021-09-27 12:18:00,40.615364,-73.94575,2,0,Unspecified,4461714,25.9,14.6,0.0,0.0,0.0,0.0,3,24.1,45.0,233,Overcast,2,2,