,CRASH DATETIME,LATITUDE,LONGITUDE,NUMBER OF PERSONS INJURED,NUMBER OF PERSONS KILLED,CONTRIBUTING FACTOR VEHICLE 1,COLLISION_ID,temperature_2m_max,temperature_2m_min,precipitation_sum,rain_sum,snowfall_sum,precipitation_hours,weather_code,wind_speed_10m_max,wind_gusts_10m_max,wind_direction_10m_dominant,Weather Description,Severity_Score,Total_Affected_Persons,Weather_Category
20136,2021-09-27 00:15:00,40.633038,-74.039314,3,0,Unsafe Speed,4461600,25.9,14.6,0.0,0.0,0.0,0.0,3,24.1,45.0,233,Overcast,3,3,
20137,2021-09-24 13:30:00,40.668247,-73.84602,0,0,Turning Improperly,4462358,22.4,15.6,26.0,26.0,0.0,9.0,63,14.2,29.9,274,Rain: Moderate,0,0,
20138,2021-09-27 09:45:00,40.86135,-73.89774,1,0,Following Too Closely,4461558,25.9,14.6,0.0,0.0,0.0,0.0,3,24.1,45.0,233,Overcast,1,1,
20139,2021-09-27 16:55:00,40.73574,-73.872665,0,0,Backing Unsafely,4461841,25.9,14.6,0.0,0.0,0.0,0.0,3,24.1,45.0,233,Overcast,0,0,
20140,2021-09-27 15:41:00,40.624813,-73.89446,1,0,Following Too Closely,4461940,25.9,14.6,0.0,0.0,0.0,0.0,3,24.1,45.0,233,Overcast,1,1,
20141,2021-09-27 08:45:00,40.6537,-73.932106,1,0,Following Too Closely,4461629,25.9,14.6,0.0,0.0,0.0,0.0,3,24.1,45.0,233,Overcast,1,1,
20142,2021-09-27 08:30:00,40.583656,-73.98656,0,0,Driver Inattention/Distraction,4461730,25.9,14.6,0.0,0.0,0.0,0.0,3,24.1,45.0,233,Overcast,0,0,
20143,2021-09-27 13:38:00,40.678318,-73.94693,1,0,Driver Inattention/Distraction,4461865,25.9,14.6,0.0,0.0,0.0,0.0,3,24.1,45.0,233,Overcast,1,1,
20144,2021-09-27 18:27:00,40.75857,-73.985054,1,0,Unspecified,4461797,25.9,14.6,0.0,0.0,0.0,0.0,3,24.1,45.0,233,Overcast,1,1,
20145,2021-09-27 02:39:00,40.74778,-73.98924,1,0,Driver Inattention/Distraction,4461495,25.9,14.6,0.0,0.0,0.0,0.0,3,24.1,45.0,233,Overcast,1,1,
20146,2021-09-24 20:55:00,40.70003,-73.90698,0,0,Passing Too Closely,4462292,22.4,15.6,26.0,26.0,0.0,9.0,63,14.2,29.9,274,Rain: Moderate,0,0,
20147,2021-09-27 17:30:00,40.754974,-73.89095,0,0,Driver Inattention/Distraction,4461748,25.9,14.6,0.0,0.0,0.0,0.0,3,24.1,45.0,233,Overcast,0,0,
20148,2021-09-27 09:02:00,40.769974,-73.91206,0,0,Backing Unsafely,4461632,25.9,14.6,0.0,0.0,0.0,0.0,3,24.1,45.0,233,Overcast,0,0,
20149,2021-09-26 21:45:00,40.609768,-74.06969,2,0,Unspecified,4462142,21.4,15.6,0.0,0.0,0.0,0.0,3,23.5,45.0,294,Overcast,2,2,
20150,2021-09-27 15:45:00,40.715443,-73.95185,1,0,Following Too Closely,4462164,25.9,14.6,0.0,0.0,0.0,0.0,3,24.1,45.0,233,Overcast,1,1,
20151,2021-09-27 16:40:00,40.827774,-73.945755,1,0,Driver Inattention/Distraction,4462064,25.9,14.6,0.0,0.0,0.0,0.0,3,24.1,45.0,233,Overcast,1,1,
20152,2021-09-26 16:41:00,40.65661,-73.93091,3,0,Unspecified,4462247,21.4,15.6,0.0,0.0,0.0,0.0,3,23.5,45.0,294,Overcast,3,3,
20153,2021-12-18 09:40:00,40.748493,-73.89793,0,0,Driver Inattention/Distraction,4489303,6.3,4.5,3.8,3.8,0.0,9.0,61,12.3,24.5,35,Rain: Light,0,0,
20154,2021-09-25 21:30:00,40.83406,-73.944885,1,0,Driver Inattention/Distraction,4462095,22.8,14.0,0.0,0.0,0.0,0.0,3,7.9,15.8,322,Overcast,1,1,
20155,2021-09-18 15:11:00,40.720154,-73.87531,1,0,Turning Improperly,4462287,27.1,19.2,0.2,0.2,0.0,2.0,51,14.6,25.9,349,Drizzle: Light,1,1,
20156,2021-09-27 09:05:00,40.71786,-73.948326,1,0,Driver Inattention/Distraction,4461828,25.9,14.6,0.0,0.0,0.0,0.0,3,24.1,45.0,233,Overcast,1,1,
20157,2021-09-26 11:00:00,40.676342,-73.910934,1,0,Other Vehicular,4462342,21.4,15.6,0.0,0.0,0.0,0.0,3,23.5,45.0,294,Overcast,1,1,
20158,2021-09-27 07:27:00,40.82201,-73.85827,0,0,Unspecified,4461585,25.9,14.6,0.0,0.0,0.0,0.0,3,24.1,45.0,233,Overcast,0,0,
20159,2021-09-27 23:10:00,40.86229,-73.83104,3,0,Other Vehicular,4461859,25.9,14.6,0.0,0.0,0.0,0.0,3,24.1,45.0,233,Overcast,3,3,
20160,2021-09-26 10:35:00,40.766685,-73.892136,1,0,Following Too Closely,4462209,21.4,15.6,0.0,0.0,0.0,0.0,3,23.5,45.0,294,Overcast,1,1,
20161,2021-12-24 12:24:00,40.825413,-73.923485,1,0,Unsafe Lane Changing,4489442,5.7,-1.1,1.0,0.0,0.7,5.0,73,12.4,21.6,73,Snow fall: Moderate,1,1,Snowy Conditions
20162,2021-09-27 05:15:00,40.653774,-73.95617,1,0,Unspecified,4461624,25.9,14.6,0.0,0.0,0.0,0.0,3,24.1,45.0,233,Overcast,1,1,
20163,2021-09-27 19:18:00,40.871265,-73.857834,1,0,Unsafe Speed,4461948,25.9,14.6,0.0,0.0,0.0,0.0,3,24.1,45.0,233,Overcast,1,1,
20164,2021-09-27 00:16:00,40.635494,-74.00957,0,0,Unspecified,4461546,25.9,14.6,0.0,0.0,0.0,0.0,3,24.1,45.0,233,Overcast,0,0,
20165,2021-08-19 17:33:00,40.807667,-73.94929,1,0,Following Too Closely,4462248,30.2,23.4,11.8,11.8,0.0,13.0,61,26.3,53.3,223,Rain: Light,1,1,
20166,2021-09-24 23:00:00,40.816166,-73.914246,0,0,Unspecified,4462373,22.4,15.6,26.0,26.0,0.0,9.0,63,14.2,29.9,274,Rain: Moderate,0,0,
20167,2021-09-18 22:52:00,40.727207,-73.90742,0,0,Unsafe Lane Changing,4462088,27.1,19.2,0.2,0.2,0.0,2.0,51,14.6,25.9,349,Drizzle: Light,0,0,
20168,2021-09-27 19:20:00,40.823536,-73.8939,0,0,Unspecified,4461719,25.9,14.6,0.0,0.0,0.0,0.0,3,24.1,45.0,233,Overcast,0,0,
20169,2021-09-14 20:13:00,40.794617,-73.943924,0,0,Unspecified,4462147,26.0,19.0,0.2,0.2,0.0,1.0,51,18.0,35.6,138,Drizzle: Light,0,0,
20170,2021-09-27 17:30:00,40.622463,-74.07254,0,0,Unspecified,4462150,25.9,14.6,0.0,0.0,0.0,0.0,3,24.1,45.0,233,Overcast,0,0,
20171,2021-09-27 01:13:00,40.71619,-73.857056,0,0,Traffic Control Disregarded,4461420,25.9,14.6,0.0,0.0,0.0,0.0,3,24.1,45.0,233,Overcast,0,0,
20172,2021-09-27 11:00:00,40.6852713,-73.9801384,0,0,Failure to Yield Right-of-Way,4461572,25.9,14.6,0.0,0.0,0.0,0.0,3,24.1,45.0,233,Overcast,0,0,
20173,2021-09-24 04:00:00,40.6652473,-73.8020331,2,0,Unsafe Lane Changing,4462412,22.4,15.6,26.0,26.0,0.0,9.0,63,14.2,29.9,274,Rain: Moderate,2,2,
20174,2021-09-24 16:50:00,40.722065,-73.75407,0,0,Unspecified,4462315,22.4,15.6,26.0,26.0,0.0,9.0,63,14.2,29.9,274,Rain: Moderate,0,0,
20175,2021-09-27 08:17:00,40.772736,-73.92746,0,0,Passing or Lane Usage Improper,4461759,25.9,14.6,0.0,0.0,0.0,0.0,3,24.1,45.0,233,Overcast,0,0,
20176,2021-09-27 15:20:00,40.619656,-73.95745,0,0,Driver Inattention/Distraction,4461791,25.9,14.6,0.0,0.0,0.0,0.0,3,24.1,45.0,233,Overcast,0,0,
20177,2021-09-27 15:33:00,40.736267,-73.772865,2,0,Brakes Defective,4462238,25.9,14.6,0.0,0.0,0.0,0.0,3,24.1,45.0,233,Overcast,2,2,
20178,2021-09-27 23:30:00,40.666157,-73.79904,0,0,Passing or Lane Usage Improper,4461681,25.9,14.6,0.0,0.0,0.0,0.0,3,24.1,45.0,233,Overcast,0,0,
20179,2021-09-27 07:55:00,40.5748,-74.10542,1,0,Driver Inattention/Distraction,4461968,25.9,14.6,0.0,0.0,0.0,0.0,3,24.1,45.0,233,Overcast,1,1,
20180,2021-09-27 23:45:00,40.66484,-73.82229,1,0,View Obstructed/Limited,4461704,25.9,14.6,0.0,0.0,0.0,0.0,3,24.1,45.0,233,Overcast,1,1,
20181,2021-08-12 16:21:00,40.772877,-73.993416,1,0,Unspecified,4462271,35.2,23.1,0.0,0.0,0.0,0.0,3,21.0,47.5,220,Overcast,1,1,
20182,2021-09-27 09:36:00,40.768818,-73.93346,1,0,Obstruction/Debris,4461775,25.9,14.6,0.0,0.0,0.0,0.0,3,24.1,45.0,233,Overcast,1,1,
20183,2021-09-27 13:30:00,40.68668,-73.97937,0,0,Driver Inattention/Distraction,4461614,25.9,14.6,0.0,0.0,0.0,0.0,3,24.1,45.0,233,Overcast,0,0,
20184,2021-09-27 08:00:00,40.611507,-74.08318,0,0,Backing Unsafely,4461538,25.9,14.6,0.0,0.0,0.0,0.0,3,24.1,45.0,233,Overcast,0,0,
20185,2021-09-27 13:57:00,40.824215,-73.909195,2,0,Driver Inattention/Distraction,4461849,25.9,14.6,0.0,0.0,0.0,0.0,3,24.1,45.0,233,Overcast,2,2,
20186,2021-09-27 16:57:00,40.795612,-73.80217,0,0,Unspecified,4462017,25.9,14.6,0.0,0.0,0.0,0.0,3,24.1,45.0,233,Overcast,0,0,
20187,2021-09-27 22:45:00,40.70481,-73.93932,0,0,Steering Failure,4461646,25.9,14.6,0.0,0.0,0.0,0.0,3,24.1,45.0,233,Overcast,0,0,
20188,2021-09-27 11:30:00,40.69168,-73.999344,1,0,Passing Too Closely,4461637,25.9,14.6,0.0,0.0,0.0,0.0,3,24.1,45.0,233,Overcast,1,1,
20189,2021-09-27 15:20:00,40.651733,-73.93039,0,0,Driver Inattention/Distraction,4462256,25.9,14.6,0.0,0.0,0.0,0.0,3,24.1,45.0,233,Overcast,0,0,
20190,2021-09-27 22:17:00,40.665245,-73.80204,0,0,Tire Failure/Inadequate,4461699,25.9,14.6,0.0,0.0,0.0,0.0,3,24.1,45.0,233,Overcast,0,0,
20191,2021-09-18 15:45:00,40.714523,-74.0071,0,0,Driver Inattention/Distraction,4462180,27.1,19.2,0.2,0.2,0.0,2.0,51,14.6,25.9,349,Drizzle: Light,0,0,
20192,2021-09-27 16:41:00,40.63613,-73.97274,0,0,Unspecified,4462129,25.9,14.6,0.0,0.0,0.0,0.0,3,24.1,45.0,233,Overcast,0,0,
20193,2021-09-27 19:30:00,40.787064,-73.94194,0,0,Unspecified,4461754,25.9,14.6,0.0,0.0,0.0,0.0,3,24.1,45.0,233,Overcast,0,0,
20194,2021-09-27 15:45:00,40.740376,-73.70847,0,0,Backing Unsafely,4461687,25.9,14.6,0.0,0.0,0.0,0.0,3,24.1,45.0,233,Overcast,0,0,
20195,2021-09-19 04:00:00,40.749107,-73.878525,0,0,Unspecified,4462391,23.6,16.8,0.0,0.0,0.0,0.0,2,17.6,35.6,0,Partly cloudy,0,0,
20196,2021-09-26 20:29:00,40.788994,-73.94656,0,0,Turning Improperly,4462137,21.4,15.6,0.0,0.0,0.0,0.0,3,23.5,45.0,294,Overcast,0,0,
20197,2021-09-27 16:00:00,40.586117,-73.93604,2,0,Unspecified,4461710,25.9,14.6,0.0,0.0,0.0,0.0,3,24.1,45.0,233,Overcast,2,2,
20198,2021-12-22 23:07:00,40.619,-74.084785,1,0,Driver Inattention/Distraction,4489595,8.1,-0.0,4.2,4.2,0.0,9.0,61,26.7,47.9,313,Rain: Light,1,1,
20199,2021-12-24 00:15:00,40.672855,-73.87131,2,0,Turning Improperly,4489324,5.7,-1.1,1.0,0.0,0.7,5.0,73,12.4,21.6,73,Snow fall: Moderate,2,2,Snowy Conditions
20200,2021-12-22 08:31:00,40.86112,-73.85472,0,0,Other Vehicular,4489711,8.1,-0.0,4.2,4.2,0.0,9.0,61,26.7,47.9,313,Rain: Light,0,0,
20201,2021-12-24 18:40:00,40.62636,-73.95067,1,0,Unspecified,4489557,5.7,-1.1,1.0,0.0,0.7,5.0,73,12.4,21.6,73,Snow fall: Moderate,1,1,Snowy Conditions
20202,2021-12-22 03:00:00,40.737675,-73.99346,0,0,Unspecified,4488777,8.1,-0.0,4.2,4.2,0.0,9.0,61,26.7,47.9,313,Rain: Light,0,0,
20203,2021-12-23 21:43:00,40.703667,-73.9269,1,0,Driver Inexperience,4489301,2.1,-2.3,0.0,0.0,0.0,0.0,3,20.1,35.6,299,Overcast,1,1,
20204,2021-04-28 15:54:00,40.852486,-73.88724,0,0,Backing Unsafely,4411625,26.1,7.9,0.0,0.0,0.0,0.0,3,15.3,34.6,133,Overcast,0,0,
20205,2021-05-04 18:10:00,40.78202,-73.97173,0,0,Driver Inattention/Distraction,4414066,22.2,11.1,13.2,13.2,0.0,6.0,63,18.9,42.8,74,Rain: Moderate,0,0,
20206,2021-05-06 13:03:00,40.705334,-73.95951,0,0,Passing Too Closely,4414146,17.3,8.7,0.0,0.0,0.0,0.0,3,22.6,43.6,313,Overcast,0,0,
20207,2021-05-16 16:15:00,40.698154,-73.86969,1,0,Following Too Closely,4418517,22.3,10.7,0.1,0.1,0.0,1.0,51,23.8,46.1,261,Drizzle: Light,1,1,
20208,2021-05-20 19:25:00,40.711655,-74.00584,0,0,Outside Car Distraction,4419019,22.2,12.5,0.0,0.0,0.0,0.0,3,19.0,38.2,147,Overcast,0,0,
20209,2021-05-13 17:28:00,40.678165,-73.962234,0,0,Other Vehicular,4419429,19.1,7.2,0.0,0.0,0.0,0.0,1,15.8,27.4,315,Mainly clear,0,0,Sunny/Clear Conditions
20210,2021-05-19 14:10:00,40.755505,-73.96807,1,0,Driver Inattention/Distraction,4418292,28.2,13.6,0.0,0.0,0.0,0.0,3,19.6,40.3,337,Overcast,1,1,
20211,2021-05-18 20:23:00,40.691433,-73.89063,1,0,Failure to Yield Right-of-Way,4419287,26.1,11.2,0.0,0.0,0.0,0.0,3,15.5,29.2,262,Overcast,1,1,
20212,2021-05-21 22:30:00,40.761063,-73.873886,3,0,Driver Inattention/Distraction,4418993,23.9,11.3,0.0,0.0,0.0,0.0,3,19.2,38.5,174,Overcast,3,3,
20213,2021-05-20 13:01:00,40.60118,-73.99098,0,0,Driver Inattention/Distraction,4418714,22.2,12.5,0.0,0.0,0.0,0.0,3,19.0,38.2,147,Overcast,0,0,
20214,2021-05-19 14:00:00,40.67165,-73.9176,0,0,Other Vehicular,4418393,28.2,13.6,0.0,0.0,0.0,0.0,3,19.6,40.3,337,Overcast,0,0,
20215,2021-05-13 18:33:00,40.657536,-73.902756,0,0,Unsafe Speed,4419217,19.1,7.2,0.0,0.0,0.0,0.0,1,15.8,27.4,315,Mainly clear,0,0,Sunny/Clear Conditions
20216,2021-05-20 00:10:00,40.742985,-73.79268,0,0,Unspecified,4418337,22.2,12.5,0.0,0.0,0.0,0.0,3,19.0,38.2,147,Overcast,0,0,
20217,2021-05-20 14:55:00,40.851967,-73.897095,0,0,Driver Inattention/Distraction,4418832,22.2,12.5,0.0,0.0,0.0,0.0,3,19.0,38.2,147,Overcast,0,0,
20218,2021-05-20 16:30:00,40.82573,-73.88087,0,0,Driver Inattention/Distraction,4418692,22.2,12.5,0.0,0.0,0.0,0.0,3,19.0,38.2,147,Overcast,0,0,
20219,2021-05-21 09:30:00,40.895374,-73.86356,0,0,Driver Inattention/Distraction,4419348,23.9,11.3,0.0,0.0,0.0,0.0,3,19.2,38.5,174,Overcast,0,0,
20220,2021-05-16 13:13:00,40.633327,-74.016136,0,0,Passing or Lane Usage Improper,4419461,22.3,10.7,0.1,0.1,0.0,1.0,51,23.8,46.1,261,Drizzle: Light,0,0,
20221,2021-05-20 11:15:00,40.64777,-74.01474,0,0,Unspecified,4418676,22.2,12.5,0.0,0.0,0.0,0.0,3,19.0,38.2,147,Overcast,0,0,
20222,2021-05-20 22:50:00,40.675842,-73.99905,0,0,Passing Too Closely,4418991,22.2,12.5,0.0,0.0,0.0,0.0,3,19.0,38.2,147,Overcast,0,0,
20223,2021-05-15 05:08:00,40.757652,-73.8654,0,0,Illnes,4417316,22.4,8.7,0.0,0.0,0.0,0.0,3,12.5,23.8,229,Overcast,0,0,
20224,2021-05-19 15:29:00,0.0,0.0,1,0,Driver Inattention/Distraction,4418555,28.2,13.6,0.0,0.0,0.0,0.0,3,19.6,40.3,337,Overcast,1,1,
20225,2021-05-21 19:05:00,40.669823,-73.78883,1,0,Reaction to Uninvolved Vehicle,4419430,23.9,11.3,0.0,0.0,0.0,0.0,3,19.2,38.5,174,Overcast,1,1,
20226,2021-05-20 23:39:00,40.702564,-73.99175,1,0,Reaction to Uninvolved Vehicle,4418871,22.2,12.5,0.0,0.0,0.0,0.0,3,19.0,38.2,147,Overcast,1,1,
20227,2021-05-20 09:45:00,40.719734,-73.78652,1,0,Following Too Closely,4418821,22.2,12.5,0.0,0.0,0.0,0.0,3,19.0,38.2,147,Overcast,1,1,
20228,2021-05-20 12:20:00,40.624763,-73.96518,0,0,Failure to Yield Right-of-Way,4418535,22.2,12.5,0.0,0.0,0.0,0.0,3,19.0,38.2,147,Overcast,0,0,
20229,2021-05-21 19:30:00,40.845596,-73.94244,0,0,Driver Inattention/Distraction,4419535,23.9,11.3,0.0,0.0,0.0,0.0,3,19.2,38.5,174,Overcast,0,0,
20230,2021-05-19 01:20:00,40.756767,-73.98272,0,0,Unsafe Lane Changing,4418004,28.2,13.6,0.0,0.0,0.0,0.0,3,19.6,40.3,337,Overcast,0,0,
20231,2021-05-21 07:20:00,40.763412,-73.93344,0,0,Driver Inattention/Distraction,4419241,23.9,11.3,0.0,0.0,0.0,0.0,3,19.2,38.5,174,Overcast,0,0,
20232,2021-05-12 16:15:00,40.705734,-73.89449,1,0,Failure to Yield Right-of-Way,4418908,17.9,5.8,0.0,0.0,0.0,0.0,2,20.0,41.0,317,Partly cloudy,1,1,
20233,2021-05-21 13:30:00,40.560825,-73.91322,1,0,Failure to Yield Right-of-Way,4419060,23.9,11.3,0.0,0.0,0.0,0.0,3,19.2,38.5,174,Overcast,1,1,
20234,2021-05-19 11:00:00,40.643677,-74.08435,0,0,Unspecified,4418322,28.2,13.6,0.0,0.0,0.0,0.0,3,19.6,40.3,337,Overcast,0,0,
20235,2021-05-20 16:20:00,40.722637,-73.95419,0,0,Oversized Vehicle,4418698,22.2,12.5,0.0,0.0,0.0,0.0,3,19.0,38.2,147,Overcast,0,0,
20236,2021-05-20 19:20:00,40.525227,-74.20962,0,0,Driver Inattention/Distraction,4418761,22.2,12.5,0.0,0.0,0.0,0.0,3,19.0,38.2,147,Overcast,0,0,
20237,2021-05-21 15:53:00,40.59861,-73.938644,0,0,Unspecified,4419620,23.9,11.3,0.0,0.0,0.0,0.0,3,19.2,38.5,174,Overcast,0,0,
20238,2021-05-19 11:35:00,40.84869,-73.90329,1,0,Unspecified,4418433,28.2,13.6,0.0,0.0,0.0,0.0,3,19.6,40.3,337,Overcast,1,1,
20239,2021-05-21 14:05:00,40.789528,-73.820435,0,0,Following Too Closely,4419221,23.9,11.3,0.0,0.0,0.0,0.0,3,19.2,38.5,174,Overcast,0,0,
20240,2021-05-17 00:13:00,40.850506,-73.93287,0,0,Failure to Yield Right-of-Way,4419732,22.9,9.7,0.0,0.0,0.0,0.0,3,17.7,36.0,224,Overcast,0,0,
20241,2021-05-19 21:20:00,40.821552,-73.90567,2,0,Unspecified,4418356,28.2,13.6,0.0,0.0,0.0,0.0,3,19.6,40.3,337,Overcast,2,2,
20242,2021-05-20 20:15:00,40.747833,-73.83301,0,0,Tow Hitch Defective,4419102,22.2,12.5,0.0,0.0,0.0,0.0,3,19.0,38.2,147,Overcast,0,0,
20243,2021-05-19 12:40:00,40.620686,-74.11002,0,0,Unspecified,4419171,28.2,13.6,0.0,0.0,0.0,0.0,3,19.6,40.3,337,Overcast,0,0,
20244,2021-05-20 03:19:00,40.83362,-73.8571,1,0,Cell Phone (hand-Held),4418505,22.2,12.5,0.0,0.0,0.0,0.0,3,19.0,38.2,147,Overcast,1,1,
20245,2021-05-19 15:00:00,40.575184,-74.1278,0,0,Driver Inattention/Distraction,4418599,28.2,13.6,0.0,0.0,0.0,0.0,3,19.6,40.3,337,Overcast,0,0,
20246,2021-05-20 09:30:00,40.7591,-73.99215,1,0,Driver Inattention/Distraction,4419684,22.2,12.5,0.0,0.0,0.0,0.0,3,19.0,38.2,147,Overcast,1,1,
20247,2021-05-20 14:00:00,40.75548,-73.74173,0,0,Illnes,4418648,22.2,12.5,0.0,0.0,0.0,0.0,3,19.0,38.2,147,Overcast,0,0,
20248,2021-05-07 21:00:00,40.728653,-73.895584,2,0,Failure to Yield Right-of-Way,4418935,16.4,7.7,0.0,0.0,0.0,0.0,3,15.8,32.4,73,Overcast,2,2,
20249,2021-05-21 20:00:00,40.6271,-74.12514,0,0,Driver Inexperience,4419189,23.9,11.3,0.0,0.0,0.0,0.0,3,19.2,38.5,174,Overcast,0,0,
20250,2021-05-19 02:00:00,40.79276,-73.848434,0,0,Passing Too Closely,4418050,28.2,13.6,0.0,0.0,0.0,0.0,3,19.6,40.3,337,Overcast,0,0,
20251,2021-05-20 20:30:00,40.747143,-74.000854,0,0,Following Too Closely,4419390,22.2,12.5,0.0,0.0,0.0,0.0,3,19.0,38.2,147,Overcast,0,0,
20252,2021-05-20 16:00:00,40.859974,-73.900795,0,0,Unspecified,4418802,22.2,12.5,0.0,0.0,0.0,0.0,3,19.0,38.2,147,Overcast,0,0,
20253,2021-05-19 15:50:00,40.741825,-73.85418,0,0,Driver Inattention/Distraction,4418362,28.2,13.6,0.0,0.0,0.0,0.0,3,19.6,40.3,337,Overcast,0,0,
20254,2021-05-19 17:21:00,40.680214,-73.94628,1,0,Unsafe Lane Changing,4418550,28.2,13.6,0.0,0.0,0.0,0.0,3,19.6,40.3,337,Overcast,1,1,
20255,2021-05-21 16:12:00,40.690563,-73.94536,1,0,Driver Inattention/Distraction,4419397,23.9,11.3,0.0,0.0,0.0,0.0,3,19.2,38.5,174,Overcast,1,1,
20256,2021-05-20 09:45:00,40.662807,-73.89646,0,0,Turning Improperly,4418793,22.2,12.5,0.0,0.0,0.0,0.0,3,19.0,38.2,147,Overcast,0,0,
20257,2021-05-21 19:12:00,40.80375,-73.920135,0,0,Unspecified,4419035,23.9,11.3,0.0,0.0,0.0,0.0,3,19.2,38.5,174,Overcast,0,0,
20258,2021-05-18 22:47:00,40.636326,-73.89893,0,0,Unspecified,4418864,26.1,11.2,0.0,0.0,0.0,0.0,3,15.5,29.2,262,Overcast,0,0,
20259,2021-12-22 12:25:00,40.690044,-73.81481,0,0,Failure to Yield Right-of-Way,4489826,8.1,-0.0,4.2,4.2,0.0,9.0,61,26.7,47.9,313,Rain: Light,0,0,
20260,2021-05-20 03:37:00,40.794758,-73.94235,0,0,Traffic Control Disregarded,4418588,22.2,12.5,0.0,0.0,0.0,0.0,3,19.0,38.2,147,Overcast,0,0,
20261,2021-05-21 20:00:00,40.73191,-73.7784,1,0,Unspecified,4419094,23.9,11.3,0.0,0.0,0.0,0.0,3,19.2,38.5,174,Overcast,1,1,
20262,2021-05-21 11:30:00,40.588554,-73.80641,0,0,Unspecified,4418950,23.9,11.3,0.0,0.0,0.0,0.0,3,19.2,38.5,174,Overcast,0,0,
20263,2021-05-01 11:30:00,40.65699,-73.92901,0,0,Unspecified,4419365,17.3,5.0,0.0,0.0,0.0,0.0,3,31.7,63.4,302,Overcast,0,0,
20264,2021-05-19 04:29:00,40.726147,-73.97735,0,0,Unspecified,4418093,28.2,13.6,0.0,0.0,0.0,0.0,3,19.6,40.3,337,Overcast,0,0,
20265,2021-05-20 09:15:00,40.71162,-73.96219,1,0,Unspecified,4418736,22.2,12.5,0.0,0.0,0.0,0.0,3,19.0,38.2,147,Overcast,1,1,
20266,2021-05-19 13:50:00,40.77333,-73.95098,0,0,Driver Inattention/Distraction,4418735,28.2,13.6,0.0,0.0,0.0,0.0,3,19.6,40.3,337,Overcast,0,0,
20267,2021-05-19 16:00:00,40.684597,-73.84482,0,0,Driver Inattention/Distraction,4418265,28.2,13.6,0.0,0.0,0.0,0.0,3,19.6,40.3,337,Overcast,0,0,
20268,2021-05-21 13:00:00,40.663418,-73.95865,0,0,Unsafe Speed,4418886,23.9,11.3,0.0,0.0,0.0,0.0,3,19.2,38.5,174,Overcast,0,0,
20269,2021-05-21 16:20:00,40.79292,-73.94579,0,0,Passing Too Closely,4418903,23.9,11.3,0.0,0.0,0.0,0.0,3,19.2,38.5,174,Overcast,0,0,
20270,2021-05-19 14:14:00,40.767803,-73.95601,1,0,Failure to Yield Right-of-Way,4418399,28.2,13.6,0.0,0.0,0.0,0.0,3,19.6,40.3,337,Overcast,1,1,
20271,2021-05-20 14:53:00,40.699436,-73.91229,1,0,Failure to Yield Right-of-Way,4418853,22.2,12.5,0.0,0.0,0.0,0.0,3,19.0,38.2,147,Overcast,1,1,
20272,2021-05-16 13:15:00,40.89193,-73.848076,0,0,Traffic Control Disregarded,4419269,22.3,10.7,0.1,0.1,0.0,1.0,51,23.8,46.1,261,Drizzle: Light,0,0,
20273,2021-05-15 22:45:00,40.693863,-73.92971,1,0,,4419151,22.4,8.7,0.0,0.0,0.0,0.0,3,12.5,23.8,229,Overcast,1,1,
20274,2021-05-19 23:50:00,40.806355,-73.953964,0,0,Failure to Yield Right-of-Way,4419292,28.2,13.6,0.0,0.0,0.0,0.0,3,19.6,40.3,337,Overcast,0,0,
20275,2021-05-21 12:18:00,40.599453,-74.0072,0,0,Driver Inattention/Distraction,4419128,23.9,11.3,0.0,0.0,0.0,0.0,3,19.2,38.5,174,Overcast,0,0,
20276,2021-05-20 10:26:00,40.676758,-73.917404,0,0,Driver Inattention/Distraction,4419197,22.2,12.5,0.0,0.0,0.0,0.0,3,19.0,38.2,147,Overcast,0,0,
20277,2021-05-19 14:00:00,40.646435,-73.893456,1,0,Backing Unsafely,4419471,28.2,13.6,0.0,0.0,0.0,0.0,3,19.6,40.3,337,Overcast,1,1,
20278,2021-05-18 13:00:00,40.83968,-73.929276,0,0,Passing or Lane Usage Improper,4419540,26.1,11.2,0.0,0.0,0.0,0.0,3,15.5,29.2,262,Overcast,0,0,
20279,2021-05-20 17:05:00,0.0,0.0,1,0,Driver Inattention/Distraction,4418684,22.2,12.5,0.0,0.0,0.0,0.0,3,19.0,38.2,147,Overcast,1,1,
20280,2021-05-21 12:52:00,40.60645,-74.08733,0,0,Passing Too Closely,4418891,23.9,11.3,0.0,0.0,0.0,0.0,3,19.2,38.5,174,Overcast,0,0,
20281,2021-05-19 23:56:00,40.762486,-73.96298,0,0,Driver Inexperience,4418413,28.2,13.6,0.0,0.0,0.0,0.0,3,19.6,40.3,337,Overcast,0,0,
20282,2021-05-20 19:15:00,40.773502,-73.79653,1,0,Following Too Closely,4419517,22.2,12.5,0.0,0.0,0.0,0.0,3,19.0,38.2,147,Overcast,1,1,
20283,2021-05-21 15:00:00,40.66496,-73.82226,0,0,Following Too Closely,4419066,23.9,11.3,0.0,0.0,0.0,0.0,3,19.2,38.5,174,Overcast,0,0,
20284,2021-05-20 16:45:00,40.638523,-73.98131,1,0,Traffic Control Disregarded,4419318,22.2,12.5,0.0,0.0,0.0,0.0,3,19.0,38.2,147,Overcast,1,1,
20285,2021-05-19 15:30:00,40.83354,-73.89631,2,0,Failure to Yield Right-of-Way,4418438,28.2,13.6,0.0,0.0,0.0,0.0,3,19.6,40.3,337,Overcast,2,2,