,CRASH DATETIME,LATITUDE,LONGITUDE,NUMBER OF PERSONS INJURED,NUMBER OF PERSONS KILLED,CONTRIBUTING FACTOR VEHICLE 1,COLLISION_ID,temperature_2m_max,temperature_2m_min,precipitation_sum,rain_sum,snowfall_sum,precipitation_hours,weather_code,wind_speed_10m_max,wind_gusts_10m_max,wind_direction_10m_dominant,Weather Description,Severity_Score,Total_Affected_Persons,Weather_Category
20286,2021-05-18 15:35:00,40.838158,-73.92324,1,0,Following Too Closely,4418757,26.1,11.2,0.0,0.0,0.0,0.0,3,15.5,29.2,262,Overcast,1,1,
20287,2021-05-21 12:15:00,40.68161,-73.77221,0,0,Unspecified,4419438,23.9,11.3,0.0,0.0,0.0,0.0,3,19.2,38.5,174,Overcast,0,0,
20288,2021-05-19 18:00:00,40.858433,-73.885124,0,0,Turning Improperly,4418457,28.2,13.6,0.0,0.0,0.0,0.0,3,19.6,40.3,337,Overcast,0,0,
20289,2021-05-20 00:00:00,40.711903,-73.96295,0,0,Driver Inattention/Distraction,4419705,22.2,12.5,0.0,0.0,0.0,0.0,3,19.0,38.2,147,Overcast,0,0,
20290,2021-05-19 08:35:00,40.649525,-73.98072,0,0,Unspecified,4418221,28.2,13.6,0.0,0.0,0.0,0.0,3,19.6,40.3,337,Overcast,0,0,
20291,2021-05-21 17:15:00,40.535736,-74.16379,0,0,Unsafe Speed,4419249,23.9,11.3,0.0,0.0,0.0,0.0,3,19.2,38.5,174,Overcast,0,0,
20292,2021-05-21 17:10:00,40.63472,-73.9497,0,0,Backing Unsafely,4419141,23.9,11.3,0.0,0.0,0.0,0.0,3,19.2,38.5,174,Overcast,0,0,
20293,2021-05-18 13:55:00,40.798344,-73.95243,0,0,Unspecified,4419337,26.1,11.2,0.0,0.0,0.0,0.0,3,15.5,29.2,262,Overcast,0,0,
20294,2021-05-20 02:15:00,40.833447,-73.887955,0,0,Unspecified,4418770,22.2,12.5,0.0,0.0,0.0,0.0,3,19.0,38.2,147,Overcast,0,0,
20295,2021-05-19 07:44:00,40.809265,-73.90854,1,0,Traffic Control Disregarded,4418168,28.2,13.6,0.0,0.0,0.0,0.0,3,19.6,40.3,337,Overcast,1,1,
20296,2021-05-21 18:14:00,40.67551,-73.79246,3,0,Driver Inattention/Distraction,4419413,23.9,11.3,0.0,0.0,0.0,0.0,3,19.2,38.5,174,Overcast,3,3,
20297,2021-05-19 15:18:00,40.689445,-73.808716,2,0,Passing Too Closely,4418616,28.2,13.6,0.0,0.0,0.0,0.0,3,19.6,40.3,337,Overcast,2,2,
20298,2021-05-20 12:15:00,40.66298,-73.753975,0,0,Passing or Lane Usage Improper,4418638,22.2,12.5,0.0,0.0,0.0,0.0,3,19.0,38.2,147,Overcast,0,0,
20299,2021-05-20 15:00:00,40.744026,-73.92616,0,0,Driver Inattention/Distraction,4418663,22.2,12.5,0.0,0.0,0.0,0.0,3,19.0,38.2,147,Overcast,0,0,
20300,2021-05-19 08:14:00,40.74094,-73.91725,2,0,Driver Inexperience,4418197,28.2,13.6,0.0,0.0,0.0,0.0,3,19.6,40.3,337,Overcast,2,2,
20301,2021-05-19 09:54:00,40.681137,-73.95567,0,0,Passing or Lane Usage Improper,4418170,28.2,13.6,0.0,0.0,0.0,0.0,3,19.6,40.3,337,Overcast,0,0,
20302,2021-05-20 11:10:00,40.823082,-73.86722,1,0,Driver Inattention/Distraction,4418571,22.2,12.5,0.0,0.0,0.0,0.0,3,19.0,38.2,147,Overcast,1,1,
20303,2021-05-19 20:00:00,40.597824,-73.78255,0,0,Other Vehicular,4418742,28.2,13.6,0.0,0.0,0.0,0.0,3,19.6,40.3,337,Overcast,0,0,
20304,2021-05-19 04:57:00,40.676094,-73.94992,0,0,Animals Action,4418245,28.2,13.6,0.0,0.0,0.0,0.0,3,19.6,40.3,337,Overcast,0,0,
20305,2021-05-21 14:59:00,40.840675,-73.838394,1,0,Driver Inattention/Distraction,4419163,23.9,11.3,0.0,0.0,0.0,0.0,3,19.2,38.5,174,Overcast,1,1,
20306,2021-12-24 16:30:00,40.871407,-73.86474,0,0,Turning Improperly,4489649,5.7,-1.1,1.0,0.0,0.7,5.0,73,12.4,21.6,73,Snow fall: Moderate,0,0,Snowy Conditions
20307,2021-05-21 10:52:00,40.667236,-73.770004,1,0,Unspecified,4418923,23.9,11.3,0.0,0.0,0.0,0.0,3,19.2,38.5,174,Overcast,1,1,
20308,2021-05-19 16:34:00,40.84827,-73.88312,1,0,Unsafe Speed,4418455,28.2,13.6,0.0,0.0,0.0,0.0,3,19.6,40.3,337,Overcast,1,1,
20309,2021-05-17 17:35:00,40.899815,-73.85781,2,0,Unspecified,4419253,22.9,9.7,0.0,0.0,0.0,0.0,3,17.7,36.0,224,Overcast,2,2,
20310,2021-05-20 18:40:00,40.735497,-73.869705,1,0,Driver Inattention/Distraction,4418722,22.2,12.5,0.0,0.0,0.0,0.0,3,19.0,38.2,147,Overcast,1,1,
20311,2021-05-20 22:27:00,40.70183,-73.91933,0,0,Alcohol Involvement,4418857,22.2,12.5,0.0,0.0,0.0,0.0,3,19.0,38.2,147,Overcast,0,0,
20312,2021-05-19 12:30:00,0.0,0.0,0,0,Following Too Closely,4418351,28.2,13.6,0.0,0.0,0.0,0.0,3,19.6,40.3,337,Overcast,0,0,
20313,2021-05-21 16:04:00,40.728077,-73.81272,0,0,Unspecified,4418940,23.9,11.3,0.0,0.0,0.0,0.0,3,19.2,38.5,174,Overcast,0,0,
20314,2021-05-21 09:45:00,40.85391,-73.89109,0,0,Driver Inattention/Distraction,4418979,23.9,11.3,0.0,0.0,0.0,0.0,3,19.2,38.5,174,Overcast,0,0,
20315,2021-05-20 13:13:00,40.648254,-73.971405,1,0,Unsafe Lane Changing,4419333,22.2,12.5,0.0,0.0,0.0,0.0,3,19.0,38.2,147,Overcast,1,1,
20316,2021-05-21 14:41:00,40.81751,-73.96069,0,0,Unspecified,4419477,23.9,11.3,0.0,0.0,0.0,0.0,3,19.2,38.5,174,Overcast,0,0,
20317,2021-05-20 16:25:00,40.624454,-73.95509,1,0,Illnes,4419132,22.2,12.5,0.0,0.0,0.0,0.0,3,19.0,38.2,147,Overcast,1,1,
20318,2021-05-18 08:40:00,40.66423,-73.919106,1,0,Traffic Control Disregarded,4419201,26.1,11.2,0.0,0.0,0.0,0.0,3,15.5,29.2,262,Overcast,1,1,
20319,2021-05-21 16:20:00,40.889133,-73.835556,2,0,Unspecified,4419276,23.9,11.3,0.0,0.0,0.0,0.0,3,19.2,38.5,174,Overcast,2,2,
20320,2021-05-19 21:29:00,40.815186,-73.90306,0,0,Passing Too Closely,4418372,28.2,13.6,0.0,0.0,0.0,0.0,3,19.6,40.3,337,Overcast,0,0,
20321,2021-05-21 00:41:00,40.754986,-73.74535,0,0,Driver Inattention/Distraction,4418689,23.9,11.3,0.0,0.0,0.0,0.0,3,19.2,38.5,174,Overcast,0,0,
20322,2021-05-19 06:07:00,40.789253,-73.85182,0,0,Oversized Vehicle,4419523,28.2,13.6,0.0,0.0,0.0,0.0,3,19.6,40.3,337,Overcast,0,0,
20323,2021-05-21 01:30:00,40.678165,-73.746506,0,0,Backing Unsafely,4418703,23.9,11.3,0.0,0.0,0.0,0.0,3,19.2,38.5,174,Overcast,0,0,
20324,2021-05-19 14:40:00,40.695847,-73.908806,0,0,Driver Inattention/Distraction,4418472,28.2,13.6,0.0,0.0,0.0,0.0,3,19.6,40.3,337,Overcast,0,0,
20325,2021-05-15 17:01:00,40.534813,-74.194115,0,0,Reaction to Uninvolved Vehicle,4419546,22.4,8.7,0.0,0.0,0.0,0.0,3,12.5,23.8,229,Overcast,0,0,
20326,2021-05-21 15:00:00,40.853245,-73.84325,0,0,Driver Inattention/Distraction,4418895,23.9,11.3,0.0,0.0,0.0,0.0,3,19.2,38.5,174,Overcast,0,0,
20327,2021-05-20 20:35:00,40.824078,-73.94889,1,0,Driver Inattention/Distraction,4418813,22.2,12.5,0.0,0.0,0.0,0.0,3,19.0,38.2,147,Overcast,1,1,
20328,2021-05-19 17:05:00,40.82523,-73.94761,0,0,Driver Inattention/Distraction,4418418,28.2,13.6,0.0,0.0,0.0,0.0,3,19.6,40.3,337,Overcast,0,0,
20329,2021-05-21 11:55:00,40.753265,-73.91229,0,0,Backing Unsafely,4419295,23.9,11.3,0.0,0.0,0.0,0.0,3,19.2,38.5,174,Overcast,0,0,
20330,2021-05-20 16:08:00,40.64563,-73.88891,1,0,Unspecified,4419450,22.2,12.5,0.0,0.0,0.0,0.0,3,19.0,38.2,147,Overcast,1,1,
20331,2021-05-20 15:30:00,40.782703,-73.97123,0,0,Other Vehicular,4418912,22.2,12.5,0.0,0.0,0.0,0.0,3,19.0,38.2,147,Overcast,0,0,
20332,2021-05-21 08:30:00,40.680496,-73.98098,0,0,Unspecified,4419004,23.9,11.3,0.0,0.0,0.0,0.0,3,19.2,38.5,174,Overcast,0,0,
20333,2021-05-17 00:09:00,40.64513,-73.948975,0,0,Driver Inattention/Distraction,4419356,22.9,9.7,0.0,0.0,0.0,0.0,3,17.7,36.0,224,Overcast,0,0,
20334,2021-05-19 23:00:00,40.667076,-73.78091,0,0,Driver Inattention/Distraction,4418464,28.2,13.6,0.0,0.0,0.0,0.0,3,19.6,40.3,337,Overcast,0,0,
20335,2021-05-19 09:38:00,40.73148,-73.94628,1,0,Backing Unsafely,4418146,28.2,13.6,0.0,0.0,0.0,0.0,3,19.6,40.3,337,Overcast,1,1,
20336,2021-05-19 17:10:00,40.822643,-73.953224,1,0,Driver Inattention/Distraction,4418774,28.2,13.6,0.0,0.0,0.0,0.0,3,19.6,40.3,337,Overcast,1,1,
20337,2021-05-20 18:00:00,40.7509,-73.99812,0,0,Unspecified,4419378,22.2,12.5,0.0,0.0,0.0,0.0,3,19.0,38.2,147,Overcast,0,0,
20338,2021-05-19 00:00:00,40.813133,-73.857506,0,0,Driver Inattention/Distraction,4418232,28.2,13.6,0.0,0.0,0.0,0.0,3,19.6,40.3,337,Overcast,0,0,
20339,2021-05-21 09:02:00,40.652752,-73.88629,2,0,Unspecified,4419592,23.9,11.3,0.0,0.0,0.0,0.0,3,19.2,38.5,174,Overcast,2,2,
20340,2021-05-19 23:20:00,40.66807,-73.950676,0,0,Other Vehicular,4418328,28.2,13.6,0.0,0.0,0.0,0.0,3,19.6,40.3,337,Overcast,0,0,
20341,2021-05-19 17:50:00,40.65543,-74.003265,0,0,Unspecified,4418961,28.2,13.6,0.0,0.0,0.0,0.0,3,19.6,40.3,337,Overcast,0,0,
20342,2021-05-21 15:50:00,40.868645,-73.82239,0,0,Unspecified,4419747,23.9,11.3,0.0,0.0,0.0,0.0,3,19.2,38.5,174,Overcast,0,0,
20343,2021-05-20 16:30:00,40.78961,-73.97362,0,0,Unsafe Lane Changing,4418608,22.2,12.5,0.0,0.0,0.0,0.0,3,19.0,38.2,147,Overcast,0,0,
20344,2021-04-15 19:45:00,40.678394,-73.94692,1,0,Outside Car Distraction,4419406,12.9,7.7,15.9,15.9,0.0,15.0,63,17.3,32.0,166,Rain: Moderate,1,1,
20345,2021-05-14 21:03:00,40.85558,-73.93427,0,0,Traffic Control Disregarded,4418769,21.6,7.5,0.0,0.0,0.0,0.0,2,14.3,25.2,276,Partly cloudy,0,0,
20346,2021-05-20 19:55:00,40.737896,-73.92355,1,0,Driver Inattention/Distraction,4418668,22.2,12.5,0.0,0.0,0.0,0.0,3,19.0,38.2,147,Overcast,1,1,
20347,2021-05-20 01:05:00,40.710735,-73.961815,0,0,Other Vehicular,4418411,22.2,12.5,0.0,0.0,0.0,0.0,3,19.0,38.2,147,Overcast,0,0,
20348,2021-05-19 19:15:00,40.68484,-73.80607,0,0,Following Too Closely,4418524,28.2,13.6,0.0,0.0,0.0,0.0,3,19.6,40.3,337,Overcast,0,0,
20349,2021-05-20 06:30:00,40.851936,-73.91078,0,0,Passing or Lane Usage Improper,4418801,22.2,12.5,0.0,0.0,0.0,0.0,3,19.0,38.2,147,Overcast,0,0,
20350,2021-05-19 16:15:00,40.8115,-73.93481,0,0,Unsafe Lane Changing,4418268,28.2,13.6,0.0,0.0,0.0,0.0,3,19.6,40.3,337,Overcast,0,0,
20351,2021-05-20 18:00:00,40.61696,-74.02751,1,0,Failure to Yield Right-of-Way,4418657,22.2,12.5,0.0,0.0,0.0,0.0,3,19.0,38.2,147,Overcast,1,1,
20352,2021-05-19 11:05:00,40.747124,-73.94239,0,0,Turning Improperly,4418305,28.2,13.6,0.0,0.0,0.0,0.0,3,19.6,40.3,337,Overcast,0,0,
20353,2021-05-07 13:50:00,40.73873,-73.7573,0,0,Following Too Closely,4418828,16.4,7.7,0.0,0.0,0.0,0.0,3,15.8,32.4,73,Overcast,0,0,
20354,2021-05-20 15:00:00,40.766666,-73.96707,0,0,Driver Inattention/Distraction,4419501,22.2,12.5,0.0,0.0,0.0,0.0,3,19.0,38.2,147,Overcast,0,0,
20355,2021-05-21 08:30:00,40.64725,-73.89691,0,0,Unspecified,4418845,23.9,11.3,0.0,0.0,0.0,0.0,3,19.2,38.5,174,Overcast,0,0,
20356,2021-05-20 11:15:00,40.67346,-73.91822,0,0,Passing or Lane Usage Improper,4419209,22.2,12.5,0.0,0.0,0.0,0.0,3,19.0,38.2,147,Overcast,0,0,
20357,2021-05-10 19:09:00,40.612007,-74.00889,0,0,Driver Inattention/Distraction,4419259,14.9,8.3,3.3,3.3,0.0,7.0,55,18.8,58.3,339,Drizzle: Dense,0,0,
20358,2021-05-20 00:35:00,40.76553,-73.94028,1,0,Unsafe Speed,4418449,22.2,12.5,0.0,0.0,0.0,0.0,3,19.0,38.2,147,Overcast,1,1,
20359,2021-05-21 21:00:00,40.673588,-73.73351,0,0,Failure to Yield Right-of-Way,4418944,23.9,11.3,0.0,0.0,0.0,0.0,3,19.2,38.5,174,Overcast,0,0,
20360,2021-05-21 02:40:00,40.657173,-73.88743,0,0,Passing Too Closely,4418796,23.9,11.3,0.0,0.0,0.0,0.0,3,19.2,38.5,174,Overcast,0,0,
20361,2021-05-20 16:00:00,40.58176,-73.85029,0,0,Driver Inattention/Distraction,4418664,22.2,12.5,0.0,0.0,0.0,0.0,3,19.0,38.2,147,Overcast,0,0,
20362,2021-05-20 15:26:00,40.8275,-73.8408,1,0,Tire Failure/Inadequate,4418726,22.2,12.5,0.0,0.0,0.0,0.0,3,19.0,38.2,147,Overcast,1,1,
20363,2021-12-22 09:00:00,40.72771,-73.942474,0,0,Unspecified,4489038,8.1,-0.0,4.2,4.2,0.0,9.0,61,26.7,47.9,313,Rain: Light,0,0,
20364,2021-05-19 12:28:00,40.598522,-73.98657,0,0,Backing Unsafely,4418496,28.2,13.6,0.0,0.0,0.0,0.0,3,19.6,40.3,337,Overcast,0,0,
20365,2021-05-21 17:30:00,40.71995,-74.00859,0,0,Failure to Yield Right-of-Way,4419020,23.9,11.3,0.0,0.0,0.0,0.0,3,19.2,38.5,174,Overcast,0,0,
20366,2021-05-20 09:00:00,40.666878,-73.99164,0,0,Unspecified,4418563,22.2,12.5,0.0,0.0,0.0,0.0,3,19.0,38.2,147,Overcast,0,0,
20367,2021-05-20 14:00:00,40.71338,-73.82874,0,0,Backing Unsafely,4418838,22.2,12.5,0.0,0.0,0.0,0.0,3,19.0,38.2,147,Overcast,0,0,
20368,2021-05-07 19:41:00,40.696354,-73.94071,1,0,Driver Inattention/Distraction,4419328,16.4,7.7,0.0,0.0,0.0,0.0,3,15.8,32.4,73,Overcast,1,1,
20369,2021-05-19 10:07:00,40.585934,-73.9519,1,0,Unsafe Speed,4418346,28.2,13.6,0.0,0.0,0.0,0.0,3,19.6,40.3,337,Overcast,1,1,
20370,2021-05-19 09:45:00,40.636627,-73.94226,0,0,Driver Inattention/Distraction,4418540,28.2,13.6,0.0,0.0,0.0,0.0,3,19.6,40.3,337,Overcast,0,0,
20371,2021-05-19 11:30:00,40.699924,-73.96171,0,0,Driver Inattention/Distraction,4418364,28.2,13.6,0.0,0.0,0.0,0.0,3,19.6,40.3,337,Overcast,0,0,
20372,2021-05-21 08:03:00,40.620434,-74.024475,1,0,Failure to Yield Right-of-Way,4418867,23.9,11.3,0.0,0.0,0.0,0.0,3,19.2,38.5,174,Overcast,1,1,
20373,2021-05-21 19:25:00,40.835358,-73.94022,0,0,Turning Improperly,4419530,23.9,11.3,0.0,0.0,0.0,0.0,3,19.2,38.5,174,Overcast,0,0,
20374,2021-05-20 13:07:00,40.67711,-73.78129,0,0,Passing Too Closely,4419770,22.2,12.5,0.0,0.0,0.0,0.0,3,19.0,38.2,147,Overcast,0,0,
20375,2021-05-20 18:30:00,40.833183,-73.85267,0,0,Unspecified,4418693,22.2,12.5,0.0,0.0,0.0,0.0,3,19.0,38.2,147,Overcast,0,0,
20376,2021-05-21 06:30:00,40.72466,-73.74654,0,0,Unspecified,4418927,23.9,11.3,0.0,0.0,0.0,0.0,3,19.2,38.5,174,Overcast,0,0,
20377,2021-05-20 01:00:00,40.841045,-73.8531,1,0,Pedestrian/Bicyclist/Other Pedestrian Error/Confusion,4418504,22.2,12.5,0.0,0.0,0.0,0.0,3,19.0,38.2,147,Overcast,1,1,
20378,2021-12-23 15:30:00,40.706158,-73.907845,1,0,Glare,4489630,2.1,-2.3,0.0,0.0,0.0,0.0,3,20.1,35.6,299,Overcast,1,1,
20379,2021-05-18 14:23:00,40.80949,-73.95167,2,0,Driver Inattention/Distraction,4419284,26.1,11.2,0.0,0.0,0.0,0.0,3,15.5,29.2,262,Overcast,2,2,
20380,2021-05-19 13:51:00,40.741398,-73.717735,0,0,Failure to Yield Right-of-Way,4418312,28.2,13.6,0.0,0.0,0.0,0.0,3,19.6,40.3,337,Overcast,0,0,
20381,2021-05-20 05:00:00,40.72168,-73.9448,0,0,Passing Too Closely,4418699,22.2,12.5,0.0,0.0,0.0,0.0,3,19.0,38.2,147,Overcast,0,0,
20382,2021-05-21 17:35:00,40.64254,-73.87652,1,0,Following Too Closely,4419587,23.9,11.3,0.0,0.0,0.0,0.0,3,19.2,38.5,174,Overcast,1,1,
20383,2021-05-19 20:37:00,40.80155,-73.95002,0,0,Unspecified,4419304,28.2,13.6,0.0,0.0,0.0,0.0,3,19.6,40.3,337,Overcast,0,0,
20384,2021-05-20 00:00:00,40.66284,-73.99894,0,0,Other Vehicular,4419455,22.2,12.5,0.0,0.0,0.0,0.0,3,19.0,38.2,147,Overcast,0,0,
20385,2021-05-17 15:05:00,40.84772,-73.89668,0,0,Passing Too Closely,4418833,22.9,9.7,0.0,0.0,0.0,0.0,3,17.7,36.0,224,Overcast,0,0,
20386,2021-05-21 15:45:00,40.667973,-73.750824,1,0,Unsafe Speed,4418955,23.9,11.3,0.0,0.0,0.0,0.0,3,19.2,38.5,174,Overcast,1,1,
20387,2021-05-14 08:30:00,40.756718,-73.91422,0,0,Unspecified,4419230,21.6,7.5,0.0,0.0,0.0,0.0,2,14.3,25.2,276,Partly cloudy,0,0,
20388,2021-05-19 10:40:00,40.711166,-73.9489,1,0,Oversized Vehicle,4418406,28.2,13.6,0.0,0.0,0.0,0.0,3,19.6,40.3,337,Overcast,1,1,
20389,2021-05-20 17:00:00,40.805737,-73.94065,1,0,Unspecified,4418750,22.2,12.5,0.0,0.0,0.0,0.0,3,19.0,38.2,147,Overcast,1,1,
20390,2021-05-20 11:03:00,40.769188,-73.837296,0,0,Backing Unsafely,4419108,22.2,12.5,0.0,0.0,0.0,0.0,3,19.0,38.2,147,Overcast,0,0,
20391,2021-05-19 15:00:00,40.59552,-74.08378,0,0,Unspecified,4418604,28.2,13.6,0.0,0.0,0.0,0.0,3,19.6,40.3,337,Overcast,0,0,
20392,2021-05-19 11:50:00,40.744026,-73.717636,0,0,Backing Unsafely,4418276,28.2,13.6,0.0,0.0,0.0,0.0,3,19.6,40.3,337,Overcast,0,0,
20393,2021-05-21 02:30:00,40.59565,-73.908165,1,0,Driver Inattention/Distraction,4418999,23.9,11.3,0.0,0.0,0.0,0.0,3,19.2,38.5,174,Overcast,1,1,
20394,2021-05-21 18:50:00,40.75873,-73.99612,1,0,Following Too Closely,4419395,23.9,11.3,0.0,0.0,0.0,0.0,3,19.2,38.5,174,Overcast,1,1,
20395,2021-05-21 13:00:00,40.753838,-73.805824,0,0,Passing or Lane Usage Improper,4419114,23.9,11.3,0.0,0.0,0.0,0.0,3,19.2,38.5,174,Overcast,0,0,
20396,2021-05-21 18:00:00,40.83715,-73.887115,0,0,Unspecified,4419177,23.9,11.3,0.0,0.0,0.0,0.0,3,19.2,38.5,174,Overcast,0,0,
20397,2021-05-19 11:25:00,40.76597,-73.96932,0,0,Passing or Lane Usage Improper,4418509,28.2,13.6,0.0,0.0,0.0,0.0,3,19.6,40.3,337,Overcast,0,0,
20398,2021-05-20 14:05:00,40.718426,-73.817505,0,0,Driver Inattention/Distraction,4418622,22.2,12.5,0.0,0.0,0.0,0.0,3,19.0,38.2,147,Overcast,0,0,
20399,2021-05-21 09:49:00,40.653088,-73.88655,0,0,Unspecified,4419570,23.9,11.3,0.0,0.0,0.0,0.0,3,19.2,38.5,174,Overcast,0,0,
20400,2021-05-20 13:30:00,40.57545,-73.99539,0,0,Driver Inattention/Distraction,4419373,22.2,12.5,0.0,0.0,0.0,0.0,3,19.0,38.2,147,Overcast,0,0,
20401,2021-05-19 11:26:00,40.818623,-73.88908,0,0,Driver Inattention/Distraction,4418385,28.2,13.6,0.0,0.0,0.0,0.0,3,19.6,40.3,337,Overcast,0,0,
20402,2021-05-20 10:31:00,40.76673,-73.91712,0,0,Unspecified,4419238,22.2,12.5,0.0,0.0,0.0,0.0,3,19.0,38.2,147,Overcast,0,0,
20403,2021-05-20 14:45:00,40.726933,-73.99992,0,0,Failure to Yield Right-of-Way,4418749,22.2,12.5,0.0,0.0,0.0,0.0,3,19.0,38.2,147,Overcast,0,0,
20404,2021-05-19 15:00:00,40.659595,-73.72765,0,0,Unspecified,4418324,28.2,13.6,0.0,0.0,0.0,0.0,3,19.6,40.3,337,Overcast,0,0,
20405,2021-05-19 13:00:00,40.673107,-73.99972,2,0,Unsafe Lane Changing,4418388,28.2,13.6,0.0,0.0,0.0,0.0,3,19.6,40.3,337,Overcast,2,2,
20406,2021-05-20 20:37:00,40.76018,-73.86008,1,0,View Obstructed/Limited,4419046,22.2,12.5,0.0,0.0,0.0,0.0,3,19.0,38.2,147,Overcast,1,1,
20407,2021-05-21 22:32:00,40.69168,-73.99965,0,0,Driver Inattention/Distraction,4419689,23.9,11.3,0.0,0.0,0.0,0.0,3,19.2,38.5,174,Overcast,0,0,
20408,2021-05-14 18:44:00,40.852894,-73.93273,1,0,Aggressive Driving/Road Rage,4418764,21.6,7.5,0.0,0.0,0.0,0.0,2,14.3,25.2,276,Partly cloudy,1,1,
20409,2021-05-21 19:55:00,40.829155,-73.93728,3,0,Other Vehicular,4419669,23.9,11.3,0.0,0.0,0.0,0.0,3,19.2,38.5,174,Overcast,3,3,
20410,2021-05-20 01:00:00,40.717014,-73.7994,0,0,Unspecified,4418357,22.2,12.5,0.0,0.0,0.0,0.0,3,19.0,38.2,147,Overcast,0,0,
20411,2021-05-19 12:55:00,40.692062,-73.95191,0,0,Passing or Lane Usage Improper,4418546,28.2,13.6,0.0,0.0,0.0,0.0,3,19.6,40.3,337,Overcast,0,0,
20412,2021-05-20 10:30:00,40.67816,-73.897484,0,0,Passing or Lane Usage Improper,4418781,22.2,12.5,0.0,0.0,0.0,0.0,3,19.0,38.2,147,Overcast,0,0,
20413,2021-05-19 04:45:00,40.86987,-73.88283,0,0,Unsafe Speed,4418007,28.2,13.6,0.0,0.0,0.0,0.0,3,19.6,40.3,337,Overcast,0,0,
20414,2021-05-19 14:20:00,40.84503,-73.86708,0,0,Driver Inattention/Distraction,4418583,28.2,13.6,0.0,0.0,0.0,0.0,3,19.6,40.3,337,Overcast,0,0,
20415,2021-05-20 18:00:00,40.657276,-73.914345,2,0,Unspecified,4419352,22.2,12.5,0.0,0.0,0.0,0.0,3,19.0,38.2,147,Overcast,2,2,
20416,2021-05-21 05:55:00,40.73031,-73.810905,0,0,Backing Unsafely,4418860,23.9,11.3,0.0,0.0,0.0,0.0,3,19.2,38.5,174,Overcast,0,0,
20417,2021-05-21 12:10:00,40.73652,-73.99073,1,0,Passenger Distraction,4418880,23.9,11.3,0.0,0.0,0.0,0.0,3,19.2,38.5,174,Overcast,1,1,
20418,2021-05-19 21:45:00,40.63965,-74.03033,0,0,Backing Unsafely,4418652,28.2,13.6,0.0,0.0,0.0,0.0,3,19.6,40.3,337,Overcast,0,0,
20419,2021-05-19 08:12:00,40.68377,-73.92625,0,0,Passing or Lane Usage Improper,4418300,28.2,13.6,0.0,0.0,0.0,0.0,3,19.6,40.3,337,Overcast,0,0,
20420,2021-05-19 10:30:00,40.838886,-73.921646,0,0,Driver Inattention/Distraction,4418490,28.2,13.6,0.0,0.0,0.0,0.0,3,19.6,40.3,337,Overcast,0,0,
20421,2021-05-19 01:55:00,40.66573,-73.75376,2,0,Driver Inattention/Distraction,4418645,28.2,13.6,0.0,0.0,0.0,0.0,3,19.6,40.3,337,Overcast,2,2,
20422,2021-05-20 13:00:00,40.70918,-73.81916,0,0,Unspecified,4418621,22.2,12.5,0.0,0.0,0.0,0.0,3,19.0,38.2,147,Overcast,0,0,
20423,2021-05-20 12:37:00,40.868385,-73.89416,0,0,Passing or Lane Usage Improper,4418534,22.2,12.5,0.0,0.0,0.0,0.0,3,19.0,38.2,147,Overcast,0,0,
20424,2021-05-18 10:50:00,40.856625,-73.93936,0,0,Passing Too Closely,4418805,26.1,11.2,0.0,0.0,0.0,0.0,3,15.5,29.2,262,Overcast,0,0,
20425,2021-05-19 08:01:00,40.67091,-73.771,1,0,Unspecified,4418052,28.2,13.6,0.0,0.0,0.0,0.0,3,19.6,40.3,337,Overcast,1,1,
20426,2021-05-12 19:00:00,40.75806,-73.81402,0,0,Passing Too Closely,4419486,17.9,5.8,0.0,0.0,0.0,0.0,2,20.0,41.0,317,Partly cloudy,0,0,
20427,2021-05-19 16:55:00,40.6481,-73.91474,1,0,Unspecified,4418554,28.2,13.6,0.0,0.0,0.0,0.0,3,19.6,40.3,337,Overcast,1,1,
20428,2021-05-19 11:45:00,40.725388,-73.90884,0,0,Unspecified,4418274,28.2,13.6,0.0,0.0,0.0,0.0,3,19.6,40.3,337,Overcast,0,0,
20429,2021-05-19 10:20:00,40.71404,-73.92634,0,0,Passing Too Closely,4418358,28.2,13.6,0.0,0.0,0.0,0.0,3,19.6,40.3,337,Overcast,0,0,
20430,2021-05-19 16:47:00,40.83907,-73.94353,0,0,Driver Inattention/Distraction,4418865,28.2,13.6,0.0,0.0,0.0,0.0,3,19.6,40.3,337,Overcast,0,0,
20431,2021-05-20 18:00:00,40.846466,-73.87123,0,0,Unspecified,4419536,22.2,12.5,0.0,0.0,0.0,0.0,3,19.0,38.2,147,Overcast,0,0,
20432,2021-05-20 06:50:00,40.660988,-73.889206,0,0,Unspecified,4418792,22.2,12.5,0.0,0.0,0.0,0.0,3,19.0,38.2,147,Overcast,0,0,
20433,2021-05-12 17:05:00,40.74181,-73.783005,0,0,Driver Inattention/Distraction,4419097,17.9,5.8,0.0,0.0,0.0,0.0,2,20.0,41.0,317,Partly cloudy,0,0,
20434,2021-05-20 00:01:00,40.788742,-73.94785,0,0,Passing Too Closely,4418589,22.2,12.5,0.0,0.0,0.0,0.0,3,19.0,38.2,147,Overcast,0,0,
20435,2021-12-22 08:05:00,40.681633,-73.9318,0,0,Failure to Yield Right-of-Way,4488907,8.1,-0.0,4.2,4.2,0.0,9.0,61,26.7,47.9,313,Rain: Light,0,0,
20436,2021-05-21 18:30:00,40.72469,-73.7528,0,0,Unspecified,4419050,23.9,11.3,0.0,0.0,0.0,0.0,3,19.2,38.5,174,Overcast,0,0,