,CRASH DATETIME,LATITUDE,LONGITUDE,NUMBER OF PERSONS INJURED,NUMBER OF PERSONS KILLED,CONTRIBUTING FACTOR VEHICLE 1,COLLISION_ID,temperature_2m_max,temperature_2m_min,precipitation_sum,rain_sum,snowfall_sum,precipitation_hours,weather_code,wind_speed_10m_max,wind_gusts_10m_max,wind_direction_10m_dominant,Weather Description,Severity_Score,Total_Affected_Persons,Weather_Category
20437,2021-05-21 08:25:00,40.598648,-74.004456,0,0,Driver Inattention/Distraction,4418899,23.9,11.3,0.0,0.0,0.0,0.0,3,19.2,38.5,174,Overcast,0,0,
20438,2021-05-20 13:40:00,40.899246,-73.84609,1,0,Driver Inattention/Distraction,4419264,22.2,12.5,0.0,0.0,0.0,0.0,3,19.0,38.2,147,Overcast,1,1,
20439,2021-05-21 15:55:00,40.733967,-73.87177,0,0,Passing Too Closely,4419504,23.9,11.3,0.0,0.0,0.0,0.0,3,19.2,38.5,174,Overcast,0,0,
20440,2021-05-19 20:37:00,40.703655,-73.822464,2,0,Traffic Control Disregarded,4418483,28.2,13.6,0.0,0.0,0.0,0.0,3,19.6,40.3,337,Overcast,2,2,
20441,2021-12-23 02:00:00,40.666397,-73.785,1,0,Driver Inattention/Distraction,4489081,2.1,-2.3,0.0,0.0,0.0,0.0,3,20.1,35.6,299,Overcast,1,1,
20442,2021-05-19 13:17:00,40.802696,-73.949196,0,0,Passing or Lane Usage Improper,4419288,28.2,13.6,0.0,0.0,0.0,0.0,3,19.6,40.3,337,Overcast,0,0,
20443,2021-05-20 08:37:00,40.767532,-73.95535,0,0,Backing Unsafely,4418732,22.2,12.5,0.0,0.0,0.0,0.0,3,19.0,38.2,147,Overcast,0,0,
20444,2021-05-19 15:00:00,40.663727,-73.95386,0,0,Driver Inattention/Distraction,4418508,28.2,13.6,0.0,0.0,0.0,0.0,3,19.6,40.3,337,Overcast,0,0,
20445,2021-05-20 13:15:00,40.61913,-73.99019,0,0,Passing or Lane Usage Improper,4418715,22.2,12.5,0.0,0.0,0.0,0.0,3,19.0,38.2,147,Overcast,0,0,
20446,2021-04-30 23:00:00,40.685184,-73.854225,1,0,Traffic Control Disregarded,4418887,19.9,7.6,0.4,0.4,0.0,4.0,51,36.9,82.1,289,Drizzle: Light,1,1,
20447,2021-12-22 15:30:00,40.752556,-73.86515,0,0,Driver Inattention/Distraction,4489351,8.1,-0.0,4.2,4.2,0.0,9.0,61,26.7,47.9,313,Rain: Light,0,0,
20448,2021-05-20 19:50:00,40.72267,-73.98297,1,0,Driver Inattention/Distraction,4419150,22.2,12.5,0.0,0.0,0.0,0.0,3,19.0,38.2,147,Overcast,1,1,
20449,2021-05-20 10:30:00,40.578823,-73.98628,1,0,View Obstructed/Limited,4419270,22.2,12.5,0.0,0.0,0.0,0.0,3,19.0,38.2,147,Overcast,1,1,
20450,2021-05-21 00:11:00,40.723118,-74.00624,0,0,Driver Inattention/Distraction,4419463,23.9,11.3,0.0,0.0,0.0,0.0,3,19.2,38.5,174,Overcast,0,0,
20451,2021-05-21 17:30:00,40.67601,-73.88567,0,0,Driver Inattention/Distraction,4419571,23.9,11.3,0.0,0.0,0.0,0.0,3,19.2,38.5,174,Overcast,0,0,
20452,2021-04-07 16:50:00,40.677692,-73.95602,0,0,Other Vehicular,4419431,19.7,6.7,0.5,0.5,0.0,2.0,51,15.5,34.6,14,Drizzle: Light,0,0,
20453,2021-05-20 18:09:00,40.712357,-74.0009,0,0,Other Vehicular,4419196,22.2,12.5,0.0,0.0,0.0,0.0,3,19.0,38.2,147,Overcast,0,0,
20454,2021-05-20 17:25:00,40.62445,-73.968025,1,0,Unspecified,4419311,22.2,12.5,0.0,0.0,0.0,0.0,3,19.0,38.2,147,Overcast,1,1,
20455,2021-04-29 17:45:00,40.65473,-73.90692,5,0,Driver Inattention/Distraction,4419771,22.5,12.9,3.8,3.8,0.0,9.0,53,25.6,50.8,199,Drizzle: Moderate,5,5,
20456,2021-05-21 10:15:00,40.69326,-73.73098,0,0,Unspecified,4419242,23.9,11.3,0.0,0.0,0.0,0.0,3,19.2,38.5,174,Overcast,0,0,
20457,2021-05-16 07:50:00,40.654045,-73.951866,0,0,View Obstructed/Limited,4419555,22.3,10.7,0.1,0.1,0.0,1.0,51,23.8,46.1,261,Drizzle: Light,0,0,
20458,2021-05-20 09:00:00,40.701077,-73.94043,1,0,Passing Too Closely,4418639,22.2,12.5,0.0,0.0,0.0,0.0,3,19.0,38.2,147,Overcast,1,1,
20459,2021-05-19 14:24:00,40.699154,-73.833206,0,0,Passing or Lane Usage Improper,4418575,28.2,13.6,0.0,0.0,0.0,0.0,3,19.6,40.3,337,Overcast,0,0,
20460,2021-05-20 17:49:00,40.652946,-73.92373,0,0,Driver Inattention/Distraction,4419366,22.2,12.5,0.0,0.0,0.0,0.0,3,19.0,38.2,147,Overcast,0,0,
20461,2021-05-20 23:30:00,40.8283,-73.88296,0,0,Unspecified,4418694,22.2,12.5,0.0,0.0,0.0,0.0,3,19.0,38.2,147,Overcast,0,0,
20462,2021-05-19 12:40:00,40.686646,-73.78471,0,0,Failure to Yield Right-of-Way,4418176,28.2,13.6,0.0,0.0,0.0,0.0,3,19.6,40.3,337,Overcast,0,0,
20463,2021-05-19 10:56:00,40.831333,-73.84774,0,0,Driverless/Runaway Vehicle,4418202,28.2,13.6,0.0,0.0,0.0,0.0,3,19.6,40.3,337,Overcast,0,0,
20464,2021-05-21 22:23:00,40.68962,-73.97313,0,0,Unspecified,4418951,23.9,11.3,0.0,0.0,0.0,0.0,3,19.2,38.5,174,Overcast,0,0,
20465,2021-05-20 01:16:00,40.66081,-73.90996,0,0,Unspecified,4418422,22.2,12.5,0.0,0.0,0.0,0.0,3,19.0,38.2,147,Overcast,0,0,
20466,2021-05-17 08:00:00,40.798832,-73.95203,0,0,Unspecified,4419303,22.9,9.7,0.0,0.0,0.0,0.0,3,17.7,36.0,224,Overcast,0,0,
20467,2021-05-13 14:40:00,40.712204,-73.88638,0,0,Unspecified,4418914,19.1,7.2,0.0,0.0,0.0,0.0,1,15.8,27.4,315,Mainly clear,0,0,Sunny/Clear Conditions
20468,2021-05-20 08:45:00,40.59955,-73.76129,0,0,Failure to Yield Right-of-Way,4418745,22.2,12.5,0.0,0.0,0.0,0.0,3,19.0,38.2,147,Overcast,0,0,
20469,2021-05-19 15:15:00,40.76155,-73.96659,1,0,Unsafe Lane Changing,4418293,28.2,13.6,0.0,0.0,0.0,0.0,3,19.6,40.3,337,Overcast,1,1,
20470,2021-05-20 11:37:00,40.824127,-73.954834,0,0,Unspecified,4418777,22.2,12.5,0.0,0.0,0.0,0.0,3,19.0,38.2,147,Overcast,0,0,
20471,2021-05-19 23:24:00,40.595253,-73.97348,0,0,Driver Inattention/Distraction,4418467,28.2,13.6,0.0,0.0,0.0,0.0,3,19.6,40.3,337,Overcast,0,0,
20472,2021-05-20 16:45:00,40.585976,-73.93791,0,0,Driver Inattention/Distraction,4418760,22.2,12.5,0.0,0.0,0.0,0.0,3,19.0,38.2,147,Overcast,0,0,
20473,2021-05-21 15:30:00,40.76316,-73.8164,1,0,Failure to Yield Right-of-Way,4419115,23.9,11.3,0.0,0.0,0.0,0.0,3,19.2,38.5,174,Overcast,1,1,
20474,2021-05-21 13:04:00,40.856606,-73.868355,0,0,Unspecified,4418995,23.9,11.3,0.0,0.0,0.0,0.0,3,19.2,38.5,174,Overcast,0,0,
20475,2021-05-20 09:30:00,40.67089,-73.88184,0,0,Driver Inattention/Distraction,4418782,22.2,12.5,0.0,0.0,0.0,0.0,3,19.0,38.2,147,Overcast,0,0,
20476,2021-05-20 20:35:00,40.665634,-73.758156,0,0,Unspecified,4419258,22.2,12.5,0.0,0.0,0.0,0.0,3,19.0,38.2,147,Overcast,0,0,
20477,2021-05-19 08:45:00,40.69958,-73.9278,0,0,Passing or Lane Usage Improper,4418147,28.2,13.6,0.0,0.0,0.0,0.0,3,19.6,40.3,337,Overcast,0,0,
20478,2021-05-19 12:30:00,40.66974,-73.91043,0,0,Unspecified,4418392,28.2,13.6,0.0,0.0,0.0,0.0,3,19.6,40.3,337,Overcast,0,0,
20479,2021-05-19 19:35:00,40.68424,-73.83808,1,0,Passing or Lane Usage Improper,4418427,28.2,13.6,0.0,0.0,0.0,0.0,3,19.6,40.3,337,Overcast,1,1,
20480,2021-05-21 19:40:00,40.879246,-73.85148,1,0,Driver Inattention/Distraction,4419293,23.9,11.3,0.0,0.0,0.0,0.0,3,19.2,38.5,174,Overcast,1,1,
20481,2021-05-20 11:20:00,40.62894,-74.116196,0,0,Unspecified,4419170,22.2,12.5,0.0,0.0,0.0,0.0,3,19.0,38.2,147,Overcast,0,0,
20482,2021-05-19 11:55:00,40.75866,-73.82909,0,0,Following Too Closely,4418188,28.2,13.6,0.0,0.0,0.0,0.0,3,19.6,40.3,337,Overcast,0,0,
20483,2021-05-19 22:30:00,40.718216,-73.99051,3,0,,4418327,28.2,13.6,0.0,0.0,0.0,0.0,3,19.6,40.3,337,Overcast,3,3,
20484,2021-05-15 21:44:00,40.808002,-73.96391,1,0,Following Too Closely,4419475,22.4,8.7,0.0,0.0,0.0,0.0,3,12.5,23.8,229,Overcast,1,1,
20485,2021-05-20 22:11:00,40.63926,-73.93777,0,1,Unspecified,4418820,22.2,12.5,0.0,0.0,0.0,0.0,3,19.0,38.2,147,Overcast,20,1,
20486,2021-05-20 06:35:00,40.694576,-73.95615,1,0,Unspecified,4418525,22.2,12.5,0.0,0.0,0.0,0.0,3,19.0,38.2,147,Overcast,1,1,
20487,2021-05-20 15:55:00,40.694214,-73.95932,0,0,Backing Unsafely,4419349,22.2,12.5,0.0,0.0,0.0,0.0,3,19.0,38.2,147,Overcast,0,0,
20488,2021-05-21 08:25:00,40.685894,-73.86524,0,0,Passing Too Closely,4418837,23.9,11.3,0.0,0.0,0.0,0.0,3,19.2,38.5,174,Overcast,0,0,
20489,2021-05-19 13:00:00,40.666306,-73.79171,1,0,Unsafe Lane Changing,4418560,28.2,13.6,0.0,0.0,0.0,0.0,3,19.6,40.3,337,Overcast,1,1,
20490,2021-05-20 06:50:00,40.689365,-73.9058,1,0,Driver Inattention/Distraction,4418473,22.2,12.5,0.0,0.0,0.0,0.0,3,19.0,38.2,147,Overcast,1,1,
20491,2021-05-19 16:12:00,40.71829,-73.987434,0,0,Unspecified,4418709,28.2,13.6,0.0,0.0,0.0,0.0,3,19.6,40.3,337,Overcast,0,0,
20492,2021-05-19 14:12:00,40.89711,-73.88008,0,0,Unspecified,4418281,28.2,13.6,0.0,0.0,0.0,0.0,3,19.6,40.3,337,Overcast,0,0,
20493,2021-05-21 16:15:00,40.685062,-74.00269,0,0,Passing Too Closely,4418988,23.9,11.3,0.0,0.0,0.0,0.0,3,19.2,38.5,174,Overcast,0,0,
20494,2021-05-21 15:31:00,40.681633,-73.95133,0,0,Driver Inattention/Distraction,4419399,23.9,11.3,0.0,0.0,0.0,0.0,3,19.2,38.5,174,Overcast,0,0,
20495,2021-05-21 13:21:00,40.64975,-73.936,0,0,Driver Inattention/Distraction,4419355,23.9,11.3,0.0,0.0,0.0,0.0,3,19.2,38.5,174,Overcast,0,0,
20496,2021-05-18 20:00:00,40.678955,-73.86516,0,0,Driver Inattention/Distraction,4418788,26.1,11.2,0.0,0.0,0.0,0.0,3,15.5,29.2,262,Overcast,0,0,
20497,2021-05-19 20:54:00,40.63345,-73.91645,1,0,Unsafe Speed,4418333,28.2,13.6,0.0,0.0,0.0,0.0,3,19.6,40.3,337,Overcast,1,1,
20498,2021-05-20 21:57:00,40.670223,-73.72855,1,0,Unspecified,4418672,22.2,12.5,0.0,0.0,0.0,0.0,3,19.0,38.2,147,Overcast,1,1,
20499,2021-05-13 17:50:00,40.594673,-73.800865,1,0,Unsafe Speed,4419059,19.1,7.2,0.0,0.0,0.0,0.0,1,15.8,27.4,315,Mainly clear,1,1,Sunny/Clear Conditions
20500,2021-05-20 18:15:00,40.696198,-73.98869,0,0,Following Too Closely,4418936,22.2,12.5,0.0,0.0,0.0,0.0,3,19.0,38.2,147,Overcast,0,0,
20501,2021-05-21 12:10:00,40.795456,-73.96564,1,0,Failure to Yield Right-of-Way,4418875,23.9,11.3,0.0,0.0,0.0,0.0,3,19.2,38.5,174,Overcast,1,1,
20502,2021-05-17 15:59:00,40.637547,-74.003845,1,0,Unspecified,4419319,22.9,9.7,0.0,0.0,0.0,0.0,3,17.7,36.0,224,Overcast,1,1,
20503,2021-05-16 13:20:00,40.7952,-73.94623,1,0,Failure to Yield Right-of-Way,4419421,22.3,10.7,0.1,0.1,0.0,1.0,51,23.8,46.1,261,Drizzle: Light,1,1,
20504,2021-05-20 13:55:00,40.709747,-73.82057,0,0,Unsafe Lane Changing,4418814,22.2,12.5,0.0,0.0,0.0,0.0,3,19.0,38.2,147,Overcast,0,0,
20505,2021-04-30 11:45:00,40.742405,-73.75348,1,0,Passing Too Closely,4418846,19.9,7.6,0.4,0.4,0.0,4.0,51,36.9,82.1,289,Drizzle: Light,1,1,
20506,2021-05-21 12:45:00,40.65453,-73.90688,1,0,Failure to Yield Right-of-Way,4419210,23.9,11.3,0.0,0.0,0.0,0.0,3,19.2,38.5,174,Overcast,1,1,
20507,2021-05-21 23:30:00,40.73491,-73.92057,1,0,Driver Inattention/Distraction,4419101,23.9,11.3,0.0,0.0,0.0,0.0,3,19.2,38.5,174,Overcast,1,1,
20508,2021-05-21 09:58:00,40.78654,-73.95044,0,0,Passing Too Closely,4418904,23.9,11.3,0.0,0.0,0.0,0.0,3,19.2,38.5,174,Overcast,0,0,
20509,2021-05-02 18:00:00,40.668976,-73.90668,3,0,Other Vehicular,4419142,26.3,11.3,0.0,0.0,0.0,0.0,3,23.0,43.9,251,Overcast,3,3,
20510,2021-05-20 20:21:00,40.82394,-73.94856,1,0,Driver Inattention/Distraction,4418809,22.2,12.5,0.0,0.0,0.0,0.0,3,19.0,38.2,147,Overcast,1,1,
20511,2021-05-19 20:46:00,40.736145,-73.92651,1,0,Headlights Defective,4418667,28.2,13.6,0.0,0.0,0.0,0.0,3,19.6,40.3,337,Overcast,1,1,
20512,2021-05-21 20:36:00,40.701706,-73.83655,1,0,Traffic Control Disregarded,4419614,23.9,11.3,0.0,0.0,0.0,0.0,3,19.2,38.5,174,Overcast,1,1,
20513,2021-05-19 04:00:00,40.872837,-73.82628,0,0,Traffic Control Disregarded,4419746,28.2,13.6,0.0,0.0,0.0,0.0,3,19.6,40.3,337,Overcast,0,0,
20514,2021-12-23 23:00:00,40.678394,-73.78862,1,0,Failure to Yield Right-of-Way,4489273,2.1,-2.3,0.0,0.0,0.0,0.0,3,20.1,35.6,299,Overcast,1,1,
20515,2021-05-19 07:45:00,40.88065,-73.86494,1,0,Driver Inattention/Distraction,4418520,28.2,13.6,0.0,0.0,0.0,0.0,3,19.6,40.3,337,Overcast,1,1,
20516,2021-02-27 01:24:00,40.698376,-73.983055,0,0,Unspecified,4418872,11.4,1.4,12.0,12.0,0.0,11.0,61,18.9,37.1,197,Rain: Light,0,0,
20517,2021-05-19 12:00:00,40.71997,-73.992905,2,0,Driver Inattention/Distraction,4419192,28.2,13.6,0.0,0.0,0.0,0.0,3,19.6,40.3,337,Overcast,2,2,
20518,2021-05-06 21:40:00,40.697166,-73.893364,1,0,Failure to Yield Right-of-Way,4418931,17.3,8.7,0.0,0.0,0.0,0.0,3,22.6,43.6,313,Overcast,1,1,
20519,2021-05-16 10:13:00,40.599854,-73.98878,0,0,Unspecified,4419125,22.3,10.7,0.1,0.1,0.0,1.0,51,23.8,46.1,261,Drizzle: Light,0,0,
20520,2021-05-20 21:47:00,40.752686,-74.000534,0,0,Following Too Closely,4419392,22.2,12.5,0.0,0.0,0.0,0.0,3,19.0,38.2,147,Overcast,0,0,
20521,2021-05-20 17:31:00,40.69168,-73.999344,0,0,Following Too Closely,4418659,22.2,12.5,0.0,0.0,0.0,0.0,3,19.0,38.2,147,Overcast,0,0,
20522,2021-05-21 21:20:00,40.80992,-73.90722,1,0,Other Vehicular,4419028,23.9,11.3,0.0,0.0,0.0,0.0,3,19.2,38.5,174,Overcast,1,1,
20523,2021-05-21 00:00:00,40.668552,-73.8205,0,0,Passing Too Closely,4419761,23.9,11.3,0.0,0.0,0.0,0.0,3,19.2,38.5,174,Overcast,0,0,
20524,2021-05-19 18:45:00,40.70109,-73.94502,0,0,Pedestrian/Bicyclist/Other Pedestrian Error/Confusion,4418416,28.2,13.6,0.0,0.0,0.0,0.0,3,19.6,40.3,337,Overcast,0,0,
20525,2021-05-14 15:48:00,40.68708,-73.913895,0,0,Other Vehicular,4418973,21.6,7.5,0.0,0.0,0.0,0.0,2,14.3,25.2,276,Partly cloudy,0,0,
20526,2021-05-21 18:20:00,40.593327,-73.964645,0,0,Driver Inattention/Distraction,4419629,23.9,11.3,0.0,0.0,0.0,0.0,3,19.2,38.5,174,Overcast,0,0,
20527,2021-05-18 16:50:00,40.51703,-74.233795,0,0,Driver Inattention/Distraction,4418756,26.1,11.2,0.0,0.0,0.0,0.0,3,15.5,29.2,262,Overcast,0,0,
20528,2021-05-19 08:20:00,40.71443,-73.83315,1,0,Driver Inattention/Distraction,4418074,28.2,13.6,0.0,0.0,0.0,0.0,3,19.6,40.3,337,Overcast,1,1,
20529,2021-05-19 11:39:00,40.635334,-73.9723,0,0,Driver Inattention/Distraction,4418463,28.2,13.6,0.0,0.0,0.0,0.0,3,19.6,40.3,337,Overcast,0,0,
20530,2021-05-21 14:00:00,40.699173,-73.95543,0,0,View Obstructed/Limited,4419733,23.9,11.3,0.0,0.0,0.0,0.0,3,19.2,38.5,174,Overcast,0,0,
20531,2021-05-21 01:05:00,40.67995,-73.98133,0,0,Other Vehicular,4418739,23.9,11.3,0.0,0.0,0.0,0.0,3,19.2,38.5,174,Overcast,0,0,
20532,2021-05-19 14:22:00,40.78911,-73.96656,0,0,Backing Unsafely,4418250,28.2,13.6,0.0,0.0,0.0,0.0,3,19.6,40.3,337,Overcast,0,0,
20533,2021-05-19 14:40:00,40.82534,-73.910194,1,0,Unspecified,4418432,28.2,13.6,0.0,0.0,0.0,0.0,3,19.6,40.3,337,Overcast,1,1,
20534,2021-05-19 20:30:00,40.643875,-73.89812,0,0,Unspecified,4418946,28.2,13.6,0.0,0.0,0.0,0.0,3,19.6,40.3,337,Overcast,0,0,
20535,2021-05-21 23:10:00,40.741936,-73.97263,1,0,Unsafe Speed,4419376,23.9,11.3,0.0,0.0,0.0,0.0,3,19.2,38.5,174,Overcast,1,1,
20536,2021-05-15 00:25:00,40.86241,-73.9225,3,0,Turning Improperly,4418773,22.4,8.7,0.0,0.0,0.0,0.0,3,12.5,23.8,229,Overcast,3,3,
20537,2021-05-21 10:30:00,40.80661,-73.921,0,0,Driver Inattention/Distraction,4418852,23.9,11.3,0.0,0.0,0.0,0.0,3,19.2,38.5,174,Overcast,0,0,
20538,2021-05-20 20:00:00,40.82147,-73.93663,0,0,Unspecified,4419671,22.2,12.5,0.0,0.0,0.0,0.0,3,19.0,38.2,147,Overcast,0,0,
20539,2021-05-17 18:36:00,40.6526,-73.939186,0,0,Driver Inattention/Distraction,4419361,22.9,9.7,0.0,0.0,0.0,0.0,3,17.7,36.0,224,Overcast,0,0,
20540,2021-05-21 10:00:00,40.846657,-73.89619,0,0,Driver Inattention/Distraction,4418824,23.9,11.3,0.0,0.0,0.0,0.0,3,19.2,38.5,174,Overcast,0,0,
20541,2021-12-24 04:30:00,40.697075,-73.93185,0,0,Driver Inattention/Distraction,4489414,5.7,-1.1,1.0,0.0,0.7,5.0,73,12.4,21.6,73,Snow fall: Moderate,0,0,Snowy Conditions
20542,2021-05-20 22:20:00,40.67765,-73.949776,0,0,Driver Inattention/Distraction,4419412,22.2,12.5,0.0,0.0,0.0,0.0,3,19.0,38.2,147,Overcast,0,0,
20543,2021-05-21 08:15:00,40.73721,-73.86393,0,0,Driver Inattention/Distraction,4418841,23.9,11.3,0.0,0.0,0.0,0.0,3,19.2,38.5,174,Overcast,0,0,
20544,2021-05-19 16:30:00,40.82292,-73.91206,0,0,Unspecified,4418370,28.2,13.6,0.0,0.0,0.0,0.0,3,19.6,40.3,337,Overcast,0,0,
20545,2021-05-19 11:10:00,0.0,0.0,2,0,Backing Unsafely,4418521,28.2,13.6,0.0,0.0,0.0,0.0,3,19.6,40.3,337,Overcast,2,2,
20546,2021-05-20 00:30:00,40.710957,-73.951126,1,0,Reaction to Uninvolved Vehicle,4418683,22.2,12.5,0.0,0.0,0.0,0.0,3,19.0,38.2,147,Overcast,1,1,
20547,2021-05-21 17:55:00,40.762306,-73.82745,0,0,Unspecified,4419522,23.9,11.3,0.0,0.0,0.0,0.0,3,19.2,38.5,174,Overcast,0,0,
20548,2021-05-19 07:20:00,40.702232,-73.98118,0,0,Unspecified,4418304,28.2,13.6,0.0,0.0,0.0,0.0,3,19.6,40.3,337,Overcast,0,0,
20549,2021-05-21 12:00:00,40.74049,-73.92967,0,0,Driver Inattention/Distraction,4418907,23.9,11.3,0.0,0.0,0.0,0.0,3,19.2,38.5,174,Overcast,0,0,
20550,2021-05-20 08:00:00,40.724495,-73.72469,3,0,Pavement Slippery,4418468,22.2,12.5,0.0,0.0,0.0,0.0,3,19.0,38.2,147,Overcast,3,3,
20551,2021-05-21 09:05:00,40.76155,-73.96659,1,0,Passing or Lane Usage Improper,4418890,23.9,11.3,0.0,0.0,0.0,0.0,3,19.2,38.5,174,Overcast,1,1,
20552,2021-05-21 08:00:00,40.664192,-73.841125,1,0,Turning Improperly,4419064,23.9,11.3,0.0,0.0,0.0,0.0,3,19.2,38.5,174,Overcast,1,1,
20553,2021-05-21 21:09:00,40.683952,-73.96498,2,0,View Obstructed/Limited,4419449,23.9,11.3,0.0,0.0,0.0,0.0,3,19.2,38.5,174,Overcast,2,2,
20554,2021-05-20 14:25:00,40.848606,-73.8898,0,0,Driver Inattention/Distraction,4418829,22.2,12.5,0.0,0.0,0.0,0.0,3,19.0,38.2,147,Overcast,0,0,
20555,2021-05-21 23:14:00,40.692722,-73.72673,0,0,Passing Too Closely,4419009,23.9,11.3,0.0,0.0,0.0,0.0,3,19.2,38.5,174,Overcast,0,0,
20556,2021-05-20 14:35:00,40.64,-73.90194,0,0,Driver Inattention/Distraction,4418879,22.2,12.5,0.0,0.0,0.0,0.0,3,19.0,38.2,147,Overcast,0,0,
20557,2021-05-21 14:30:00,40.68122,-73.97542,0,0,Failure to Yield Right-of-Way,4419003,23.9,11.3,0.0,0.0,0.0,0.0,3,19.2,38.5,174,Overcast,0,0,
20558,2021-05-17 14:07:00,40.615513,-73.91377,2,0,Unsafe Speed,4418842,22.9,9.7,0.0,0.0,0.0,0.0,3,17.7,36.0,224,Overcast,2,2,
20559,2021-05-21 08:03:00,40.63195,-74.14667,2,0,Failure to Yield Right-of-Way,4419757,23.9,11.3,0.0,0.0,0.0,0.0,3,19.2,38.5,174,Overcast,2,2,
20560,2021-09-28 07:45:00,40.696865,-73.83717,0,0,Unspecified,4461883,22.1,16.3,12.4,12.4,0.0,9.0,63,19.2,38.5,264,Rain: Moderate,0,0,
20561,2021-05-18 20:00:00,40.770527,-73.98012,1,0,Unspecified,4418943,26.1,11.2,0.0,0.0,0.0,0.0,3,15.5,29.2,262,Overcast,1,1,
20562,2021-05-21 20:00:00,40.68912,-73.8686,0,0,Driver Inattention/Distraction,4419599,23.9,11.3,0.0,0.0,0.0,0.0,3,19.2,38.5,174,Overcast,0,0,
20563,2021-05-21 00:45:00,40.76663,-73.88903,0,0,Reaction to Uninvolved Vehicle,4418900,23.9,11.3,0.0,0.0,0.0,0.0,3,19.2,38.5,174,Overcast,0,0,
20564,2021-05-20 03:40:00,40.8451,-73.91878,1,0,Driver Inattention/Distraction,4418497,22.2,12.5,0.0,0.0,0.0,0.0,3,19.0,38.2,147,Overcast,1,1,
20565,2021-05-21 21:00:00,40.864506,-73.8909,0,0,Unspecified,4419138,23.9,11.3,0.0,0.0,0.0,0.0,3,19.2,38.5,174,Overcast,0,0,
20566,2021-05-19 15:30:00,40.85493,-73.82617,0,0,Unsafe Lane Changing,4418332,28.2,13.6,0.0,0.0,0.0,0.0,3,19.6,40.3,337,Overcast,0,0,
20567,2021-05-21 11:36:00,40.78717,-73.94999,1,0,Unsafe Lane Changing,4418983,23.9,11.3,0.0,0.0,0.0,0.0,3,19.2,38.5,174,Overcast,1,1,
20568,2021-05-21 23:42:00,40.68777,-73.98701,0,0,Reaction to Uninvolved Vehicle,4419331,23.9,11.3,0.0,0.0,0.0,0.0,3,19.2,38.5,174,Overcast,0,0,
20569,2021-05-20 16:49:00,40.797062,-73.93463,0,0,Unspecified,4418746,22.2,12.5,0.0,0.0,0.0,0.0,3,19.0,38.2,147,Overcast,0,0,
20570,2021-05-20 09:45:00,40.750317,-73.99112,0,0,Unspecified,4419688,22.2,12.5,0.0,0.0,0.0,0.0,3,19.0,38.2,147,Overcast,0,0,
20571,2021-05-21 21:53:00,40.867218,-73.885544,0,0,Unspecified,4419658,23.9,11.3,0.0,0.0,0.0,0.0,3,19.2,38.5,174,Overcast,0,0,
20572,2021-05-20 15:22:00,40.632294,-73.96678,1,0,Turning Improperly,4419131,22.2,12.5,0.0,0.0,0.0,0.0,3,19.0,38.2,147,Overcast,1,1,
20573,2021-05-20 12:31:00,40.76687,-73.959785,1,0,Unspecified,4418868,22.2,12.5,0.0,0.0,0.0,0.0,3,19.0,38.2,147,Overcast,1,1,
20574,2021-05-20 17:00:00,40.611237,-74.06049,0,0,Driver Inattention/Distraction,4419185,22.2,12.5,0.0,0.0,0.0,0.0,3,19.0,38.2,147,Overcast,0,0,
20575,2021-12-23 13:51:00,40.612286,-74.01098,1,0,Driver Inattention/Distraction,4489590,2.1,-2.3,0.0,0.0,0.0,0.0,3,20.1,35.6,299,Overcast,1,1,
20576,2021-05-21 07:40:00,40.872116,-73.88048,0,0,Illnes,4418810,23.9,11.3,0.0,0.0,0.0,0.0,3,19.2,38.5,174,Overcast,0,0,
20577,2021-05-21 17:00:00,40.718403,-73.949036,0,0,Unspecified,4419651,23.9,11.3,0.0,0.0,0.0,0.0,3,19.2,38.5,174,Overcast,0,0,
20578,2021-05-19 17:48:00,40.848606,-73.91397,1,0,Failure to Yield Right-of-Way,4418437,28.2,13.6,0.0,0.0,0.0,0.0,3,19.6,40.3,337,Overcast,1,1,
20579,2021-05-09 03:25:00,40.632473,-73.9049,1,0,Failure to Yield Right-of-Way,4419469,16.7,5.8,8.6,8.6,0.0,8.0,61,18.9,38.9,250,Rain: Light,1,1,
20580,2021-05-21 13:15:00,40.71762,-74.00028,1,0,Failure to Yield Right-of-Way,4419158,23.9,11.3,0.0,0.0,0.0,0.0,3,19.2,38.5,174,Overcast,1,1,
20581,2021-05-19 07:55:00,40.850845,-73.851814,0,0,Driver Inattention/Distraction,4418108,28.2,13.6,0.0,0.0,0.0,0.0,3,19.6,40.3,337,Overcast,0,0,
20582,2021-05-19 00:25:00,40.694946,-73.9921,0,0,Alcohol Involvement,4418382,28.2,13.6,0.0,0.0,0.0,0.0,3,19.6,40.3,337,Overcast,0,0,
20583,2021-05-21 15:50:00,40.703934,-73.9348,0,0,Driver Inexperience,4419710,23.9,11.3,0.0,0.0,0.0,0.0,3,19.2,38.5,174,Overcast,0,0,
20584,2021-05-13 10:15:00,40.740074,-73.72386,0,0,Driver Inattention/Distraction,4418922,19.1,7.2,0.0,0.0,0.0,0.0,1,15.8,27.4,315,Mainly clear,0,0,Sunny/Clear Conditions
20585,2021-05-19 09:32:00,40.654705,-74.00731,1,0,Backing Unsafely,4418220,28.2,13.6,0.0,0.0,0.0,0.0,3,19.6,40.3,337,Overcast,1,1,
20586,2021-05-21 10:20:00,40.765663,-73.91879,0,0,Unsafe Lane Changing,4419244,23.9,11.3,0.0,0.0,0.0,0.0,3,19.2,38.5,174,Overcast,0,0,