,CRASH DATETIME,LATITUDE,LONGITUDE,NUMBER OF PERSONS INJURED,NUMBER OF PERSONS KILLED,CONTRIBUTING FACTOR VEHICLE 1,COLLISION_ID,temperature_2m_max,temperature_2m_min,precipitation_sum,rain_sum,snowfall_sum,precipitation_hours,weather_code,wind_speed_10m_max,wind_gusts_10m_max,wind_direction_10m_dominant,Weather Description,Severity_Score,Total_Affected_Persons,Weather_Category
20587,2021-05-20 10:45:00,40.805073,-73.92331,0,0,Unspecified,4418721,22.2,12.5,0.0,0.0,0.0,0.0,3,19.0,38.2,147,Overcast,0,0,
20588,2021-05-21 22:00:00,40.660225,-73.99459,0,0,Unspecified,4418960,23.9,11.3,0.0,0.0,0.0,0.0,3,19.2,38.5,174,Overcast,0,0,
20589,2021-05-19 17:36:00,40.64741,-74.018684,0,0,Unspecified,4418298,28.2,13.6,0.0,0.0,0.0,0.0,3,19.6,40.3,337,Overcast,0,0,
20590,2021-05-19 15:00:00,40.70915,-73.9591,0,0,Passing Too Closely,4418688,28.2,13.6,0.0,0.0,0.0,0.0,3,19.6,40.3,337,Overcast,0,0,
20591,2021-05-19 23:28:00,40.646923,-73.92019,0,0,Driver Inattention/Distraction,4418538,28.2,13.6,0.0,0.0,0.0,0.0,3,19.6,40.3,337,Overcast,0,0,
20592,2021-05-19 17:30:00,40.698643,-73.94697,0,0,Following Too Closely,4418547,28.2,13.6,0.0,0.0,0.0,0.0,3,19.6,40.3,337,Overcast,0,0,
20593,2021-05-20 08:38:00,40.878475,-73.851395,0,0,Driver Inattention/Distraction,4419263,22.2,12.5,0.0,0.0,0.0,0.0,3,19.0,38.2,147,Overcast,0,0,
20594,2021-05-19 04:00:00,40.76883,-73.869606,0,0,Unsafe Speed,4418009,28.2,13.6,0.0,0.0,0.0,0.0,3,19.6,40.3,337,Overcast,0,0,
20595,2021-05-19 19:40:00,40.575375,-74.18999,2,0,Tire Failure/Inadequate,4419532,28.2,13.6,0.0,0.0,0.0,0.0,3,19.6,40.3,337,Overcast,2,2,
20596,2021-05-20 10:00:00,40.598198,-73.94249,0,0,Failure to Yield Right-of-Way,4418584,22.2,12.5,0.0,0.0,0.0,0.0,3,19.0,38.2,147,Overcast,0,0,
20597,2021-05-20 07:30:00,40.75699,-73.89227,1,0,,4418998,22.2,12.5,0.0,0.0,0.0,0.0,3,19.0,38.2,147,Overcast,1,1,
20598,2021-05-20 21:10:00,40.68079,-73.806305,1,0,Following Too Closely,4418707,22.2,12.5,0.0,0.0,0.0,0.0,3,19.0,38.2,147,Overcast,1,1,
20599,2021-05-19 06:14:00,40.741936,-73.97263,0,0,Following Too Closely,4419282,28.2,13.6,0.0,0.0,0.0,0.0,3,19.6,40.3,337,Overcast,0,0,
20600,2021-05-19 16:02:00,40.830738,-73.9105,0,0,Backing Unsafely,4418489,28.2,13.6,0.0,0.0,0.0,0.0,3,19.6,40.3,337,Overcast,0,0,
20601,2021-05-21 08:09:00,40.729717,-73.8193,0,0,Unspecified,4418861,23.9,11.3,0.0,0.0,0.0,0.0,3,19.2,38.5,174,Overcast,0,0,
20602,2021-05-20 17:30:00,40.676884,-73.91923,0,0,Driver Inattention/Distraction,4418651,22.2,12.5,0.0,0.0,0.0,0.0,3,19.0,38.2,147,Overcast,0,0,
20603,2021-05-21 18:00:00,40.708767,-73.91467,1,0,Outside Car Distraction,4419489,23.9,11.3,0.0,0.0,0.0,0.0,3,19.2,38.5,174,Overcast,1,1,
20604,2021-05-21 11:30:00,40.5415,-74.16254,0,0,Driver Inattention/Distraction,4418894,23.9,11.3,0.0,0.0,0.0,0.0,3,19.2,38.5,174,Overcast,0,0,
20605,2021-05-21 17:42:00,40.805367,-73.9219,0,0,Unspecified,4419037,23.9,11.3,0.0,0.0,0.0,0.0,3,19.2,38.5,174,Overcast,0,0,
20606,2021-05-07 20:30:00,40.785458,-73.914444,0,0,Unspecified,4419229,16.4,7.7,0.0,0.0,0.0,0.0,3,15.8,32.4,73,Overcast,0,0,
20607,2021-05-20 14:29:00,40.796997,-73.9347,0,0,Backing Unsafely,4418751,22.2,12.5,0.0,0.0,0.0,0.0,3,19.0,38.2,147,Overcast,0,0,
20608,2021-05-13 06:45:00,40.77383,-73.9861,0,0,Driver Inattention/Distraction,4418911,19.1,7.2,0.0,0.0,0.0,0.0,1,15.8,27.4,315,Mainly clear,0,0,Sunny/Clear Conditions
20609,2021-05-21 00:00:00,40.716003,-73.99734,0,0,Other Vehicular,4419079,23.9,11.3,0.0,0.0,0.0,0.0,3,19.2,38.5,174,Overcast,0,0,
20610,2021-12-21 12:54:00,40.715813,-73.91212,0,0,Driver Inexperience,4489625,5.7,-2.4,0.0,0.0,0.0,0.0,3,13.6,24.5,228,Overcast,0,0,
20611,2021-05-21 12:55:00,40.7966,-73.97039,0,0,View Obstructed/Limited,4418883,23.9,11.3,0.0,0.0,0.0,0.0,3,19.2,38.5,174,Overcast,0,0,
20612,2021-05-20 15:50:00,40.768875,-73.94898,0,0,Following Too Closely,4419563,22.2,12.5,0.0,0.0,0.0,0.0,3,19.0,38.2,147,Overcast,0,0,
20613,2021-05-20 08:45:00,40.7671,-73.9258,0,0,Unspecified,4419237,22.2,12.5,0.0,0.0,0.0,0.0,3,19.0,38.2,147,Overcast,0,0,
20614,2021-05-19 03:00:00,40.895374,-73.86356,0,0,Driver Inattention/Distraction,4419265,28.2,13.6,0.0,0.0,0.0,0.0,3,19.6,40.3,337,Overcast,0,0,
20615,2021-05-20 02:35:00,40.78809,-73.98271,3,0,Unsafe Speed,4418939,22.2,12.5,0.0,0.0,0.0,0.0,3,19.0,38.2,147,Overcast,3,3,
20616,2021-05-16 13:20:00,40.741386,-73.72489,0,0,Following Too Closely,4419053,22.3,10.7,0.1,0.1,0.0,1.0,51,23.8,46.1,261,Drizzle: Light,0,0,
20617,2021-05-15 13:52:00,40.81505,-73.82437,1,0,,4419155,22.4,8.7,0.0,0.0,0.0,0.0,3,12.5,23.8,229,Overcast,1,1,
20618,2021-03-29 20:39:00,40.674,-73.960396,1,0,Failure to Yield Right-of-Way,4419419,11.4,4.3,0.1,0.1,0.0,1.0,51,35.4,67.7,292,Drizzle: Light,1,1,
20619,2021-05-21 20:16:00,40.74751,-73.87679,1,0,Failure to Yield Right-of-Way,4419511,23.9,11.3,0.0,0.0,0.0,0.0,3,19.2,38.5,174,Overcast,1,1,
20620,2021-05-17 15:43:00,40.73555,-73.894226,1,0,Unspecified,4419457,22.9,9.7,0.0,0.0,0.0,0.0,3,17.7,36.0,224,Overcast,1,1,
20621,2021-05-20 00:00:00,40.686287,-73.9695,1,0,Traffic Control Disregarded,4418629,22.2,12.5,0.0,0.0,0.0,0.0,3,19.0,38.2,147,Overcast,1,1,
20622,2021-05-20 17:50:00,40.549297,-74.22287,0,0,Driver Inattention/Distraction,4418765,22.2,12.5,0.0,0.0,0.0,0.0,3,19.0,38.2,147,Overcast,0,0,
20623,2021-05-21 16:20:00,40.668034,-73.85766,0,0,Driver Inattention/Distraction,4419586,23.9,11.3,0.0,0.0,0.0,0.0,3,19.2,38.5,174,Overcast,0,0,
20624,2021-05-17 19:55:00,40.680676,-73.91404,1,0,Unspecified,4419200,22.9,9.7,0.0,0.0,0.0,0.0,3,17.7,36.0,224,Overcast,1,1,
20625,2021-05-21 07:00:00,40.848923,-73.899254,0,0,Unspecified,4418978,23.9,11.3,0.0,0.0,0.0,0.0,3,19.2,38.5,174,Overcast,0,0,
20626,2021-05-18 09:20:00,40.6787,-73.867134,0,0,Unspecified,4418778,26.1,11.2,0.0,0.0,0.0,0.0,3,15.5,29.2,262,Overcast,0,0,
20627,2021-05-20 14:10:00,40.842915,-73.9366,1,0,Pedestrian/Bicyclist/Other Pedestrian Error/Confusion,4418866,22.2,12.5,0.0,0.0,0.0,0.0,3,19.0,38.2,147,Overcast,1,1,
20628,2021-05-19 17:00:00,40.678524,-73.882645,0,0,Unspecified,4418783,28.2,13.6,0.0,0.0,0.0,0.0,3,19.6,40.3,337,Overcast,0,0,
20629,2021-05-19 10:00:00,40.60461,-73.99826,1,0,Following Too Closely,4419310,28.2,13.6,0.0,0.0,0.0,0.0,3,19.6,40.3,337,Overcast,1,1,
20630,2021-05-19 16:53:00,40.841938,-73.89978,0,0,Backing Unsafely,4418429,28.2,13.6,0.0,0.0,0.0,0.0,3,19.6,40.3,337,Overcast,0,0,
20631,2021-05-19 12:10:00,40.867832,-73.886,0,0,Oversized Vehicle,4418182,28.2,13.6,0.0,0.0,0.0,0.0,3,19.6,40.3,337,Overcast,0,0,
20632,2021-05-19 05:14:00,40.59567,-74.073685,0,0,Reaction to Uninvolved Vehicle,4418193,28.2,13.6,0.0,0.0,0.0,0.0,3,19.6,40.3,337,Overcast,0,0,
20633,2021-05-19 14:00:00,40.58196,-73.959946,0,0,Turning Improperly,4418407,28.2,13.6,0.0,0.0,0.0,0.0,3,19.6,40.3,337,Overcast,0,0,
20634,2021-05-20 10:22:00,40.833206,-73.82797,0,0,Unspecified,4418582,22.2,12.5,0.0,0.0,0.0,0.0,3,19.0,38.2,147,Overcast,0,0,
20635,2021-05-19 12:39:00,40.596745,-73.985275,0,0,Passing or Lane Usage Improper,4418229,28.2,13.6,0.0,0.0,0.0,0.0,3,19.6,40.3,337,Overcast,0,0,
20636,2021-05-20 19:12:00,40.650806,-73.94958,0,0,Unspecified,4419360,22.2,12.5,0.0,0.0,0.0,0.0,3,19.0,38.2,147,Overcast,0,0,
20637,2021-05-17 00:20:00,40.682854,-73.9343,0,0,Unspecified,4419195,22.9,9.7,0.0,0.0,0.0,0.0,3,17.7,36.0,224,Overcast,0,0,
20638,2021-05-19 14:24:00,40.57333,-74.117836,1,0,Failure to Yield Right-of-Way,4418603,28.2,13.6,0.0,0.0,0.0,0.0,3,19.6,40.3,337,Overcast,1,1,
20639,2021-05-21 01:40:00,40.71053,-73.75157,0,0,Unspecified,4418926,23.9,11.3,0.0,0.0,0.0,0.0,3,19.2,38.5,174,Overcast,0,0,
20640,2021-05-19 20:47:00,40.767963,-73.91169,0,0,Driver Inattention/Distraction,4418450,28.2,13.6,0.0,0.0,0.0,0.0,3,19.6,40.3,337,Overcast,0,0,
20641,2021-05-20 16:00:00,40.736275,-73.772865,0,0,Driver Inattention/Distraction,4418626,22.2,12.5,0.0,0.0,0.0,0.0,3,19.0,38.2,147,Overcast,0,0,
20642,2021-05-19 09:55:00,40.831924,-73.85104,1,0,Driver Inattention/Distraction,4418140,28.2,13.6,0.0,0.0,0.0,0.0,3,19.6,40.3,337,Overcast,1,1,
20643,2021-05-20 08:33:00,40.796795,-73.94718,0,0,Passing Too Closely,4418797,22.2,12.5,0.0,0.0,0.0,0.0,3,19.0,38.2,147,Overcast,0,0,
20644,2021-05-19 18:14:00,40.762177,-73.96613,0,0,Driver Inattention/Distraction,4418408,28.2,13.6,0.0,0.0,0.0,0.0,3,19.6,40.3,337,Overcast,0,0,
20645,2021-05-19 07:50:00,40.737797,-73.8507,0,0,Unspecified,4418725,28.2,13.6,0.0,0.0,0.0,0.0,3,19.6,40.3,337,Overcast,0,0,
20646,2021-05-21 21:30:00,40.83259,-73.9047,0,0,Unspecified,4419176,23.9,11.3,0.0,0.0,0.0,0.0,3,19.2,38.5,174,Overcast,0,0,
20647,2021-05-20 02:50:00,40.69779,-73.73165,0,0,Unsafe Speed,4418954,22.2,12.5,0.0,0.0,0.0,0.0,3,19.0,38.2,147,Overcast,0,0,
20648,2021-05-20 08:05:00,40.69613,-73.987114,1,0,Following Too Closely,4418937,22.2,12.5,0.0,0.0,0.0,0.0,3,19.0,38.2,147,Overcast,1,1,
20649,2021-05-18 20:45:00,40.808395,-73.95296,0,0,Turning Improperly,4419298,26.1,11.2,0.0,0.0,0.0,0.0,3,15.5,29.2,262,Overcast,0,0,
20650,2021-05-19 18:22:00,40.768562,-73.981575,0,0,Driver Inattention/Distraction,4418915,28.2,13.6,0.0,0.0,0.0,0.0,3,19.6,40.3,337,Overcast,0,0,
20651,2021-12-18 13:00:00,40.89417,-73.856964,0,0,Unspecified,4489648,6.3,4.5,3.8,3.8,0.0,9.0,61,12.3,24.5,35,Rain: Light,0,0,
20652,2021-05-21 18:00:00,40.730198,-73.954254,1,0,Turning Improperly,4419617,23.9,11.3,0.0,0.0,0.0,0.0,3,19.2,38.5,174,Overcast,1,1,
20653,2021-05-20 10:30:00,40.824066,-73.908714,0,0,Following Too Closely,4418776,22.2,12.5,0.0,0.0,0.0,0.0,3,19.0,38.2,147,Overcast,0,0,
20654,2021-05-14 04:45:00,40.63836,-74.139534,0,0,Unspecified,4419734,21.6,7.5,0.0,0.0,0.0,0.0,2,14.3,25.2,276,Partly cloudy,0,0,
20655,2021-05-21 19:10:00,40.762566,-73.81859,0,0,Passing Too Closely,4419118,23.9,11.3,0.0,0.0,0.0,0.0,3,19.2,38.5,174,Overcast,0,0,
20656,2021-05-20 00:20:00,40.73738,-73.7235,0,0,Unspecified,4418466,22.2,12.5,0.0,0.0,0.0,0.0,3,19.0,38.2,147,Overcast,0,0,
20657,2021-05-20 05:20:00,40.530632,-74.19575,0,0,Unspecified,4418755,22.2,12.5,0.0,0.0,0.0,0.0,3,19.0,38.2,147,Overcast,0,0,
20658,2021-05-21 19:48:00,40.829422,-73.897575,1,0,Unspecified,4419175,23.9,11.3,0.0,0.0,0.0,0.0,3,19.2,38.5,174,Overcast,1,1,
20659,2021-05-19 07:50:00,40.70128,-73.93951,0,0,Passing Too Closely,4418148,28.2,13.6,0.0,0.0,0.0,0.0,3,19.6,40.3,337,Overcast,0,0,
20660,2021-05-19 10:14:00,40.65735,-73.9581,0,0,Passing or Lane Usage Improper,4418227,28.2,13.6,0.0,0.0,0.0,0.0,3,19.6,40.3,337,Overcast,0,0,
20661,2021-05-17 08:00:00,40.74044,-74.00203,1,0,Reaction to Uninvolved Vehicle,4419344,22.9,9.7,0.0,0.0,0.0,0.0,3,17.7,36.0,224,Overcast,1,1,
20662,2021-05-19 14:00:00,40.755795,-73.93581,0,0,Unspecified,4419236,28.2,13.6,0.0,0.0,0.0,0.0,3,19.6,40.3,337,Overcast,0,0,
20663,2021-05-20 16:40:00,40.657303,-73.92998,0,0,Unspecified,4418614,22.2,12.5,0.0,0.0,0.0,0.0,3,19.0,38.2,147,Overcast,0,0,
20664,2021-05-20 10:30:00,40.72129,-73.996544,0,0,Unspecified,4419193,22.2,12.5,0.0,0.0,0.0,0.0,3,19.0,38.2,147,Overcast,0,0,
20665,2021-05-21 10:59:00,40.749638,-73.99905,0,0,Passing or Lane Usage Improper,4419393,23.9,11.3,0.0,0.0,0.0,0.0,3,19.2,38.5,174,Overcast,0,0,
20666,2021-05-21 16:00:00,40.90304,-73.849556,0,0,Driver Inattention/Distraction,4419313,23.9,11.3,0.0,0.0,0.0,0.0,3,19.2,38.5,174,Overcast,0,0,
20667,2021-12-22 18:00:00,40.798626,-73.93953,0,0,Driver Inattention/Distraction,4489023,8.1,-0.0,4.2,4.2,0.0,9.0,61,26.7,47.9,313,Rain: Light,0,0,
20668,2021-05-21 12:50:00,0.0,0.0,0,0,Unspecified,4418932,23.9,11.3,0.0,0.0,0.0,0.0,3,19.2,38.5,174,Overcast,0,0,
20669,2021-05-20 14:35:00,40.7146,-73.77573,0,0,Unspecified,4418620,22.2,12.5,0.0,0.0,0.0,0.0,3,19.0,38.2,147,Overcast,0,0,
20670,2021-05-21 17:44:00,40.67743,-73.87591,1,0,Pedestrian/Bicyclist/Other Pedestrian Error/Confusion,4419572,23.9,11.3,0.0,0.0,0.0,0.0,3,19.2,38.5,174,Overcast,1,1,
20671,2021-05-19 16:17:00,40.798935,-73.93637,1,0,Failure to Yield Right-of-Way,4418273,28.2,13.6,0.0,0.0,0.0,0.0,3,19.6,40.3,337,Overcast,1,1,
20672,2021-05-19 13:45:00,40.699707,-73.95718,0,0,Oversized Vehicle,4418360,28.2,13.6,0.0,0.0,0.0,0.0,3,19.6,40.3,337,Overcast,0,0,
20673,2021-05-19 14:58:00,40.621258,-73.9984,0,0,Driver Inattention/Distraction,4418487,28.2,13.6,0.0,0.0,0.0,0.0,3,19.6,40.3,337,Overcast,0,0,
20674,2021-04-29 17:00:00,40.639774,-73.920166,1,0,Brakes Defective,4418898,22.5,12.9,3.8,3.8,0.0,9.0,53,25.6,50.8,199,Drizzle: Moderate,1,1,
20675,2021-05-20 08:08:00,40.816956,-73.92296,1,0,Other Vehicular,4418573,22.2,12.5,0.0,0.0,0.0,0.0,3,19.0,38.2,147,Overcast,1,1,
20676,2021-05-13 13:45:00,40.63896,-74.03061,0,0,Driver Inattention/Distraction,4418766,19.1,7.2,0.0,0.0,0.0,0.0,1,15.8,27.4,315,Mainly clear,0,0,Sunny/Clear Conditions
20677,2021-05-19 15:30:00,40.74791,-73.96806,1,0,Driver Inattention/Distraction,4418295,28.2,13.6,0.0,0.0,0.0,0.0,3,19.6,40.3,337,Overcast,1,1,
20678,2021-05-20 15:00:00,40.69643,-73.75106,0,0,Driver Inattention/Distraction,4418744,22.2,12.5,0.0,0.0,0.0,0.0,3,19.0,38.2,147,Overcast,0,0,
20679,2021-05-19 01:00:00,40.66573,-73.75376,2,0,Alcohol Involvement,4418101,28.2,13.6,0.0,0.0,0.0,0.0,3,19.6,40.3,337,Overcast,2,2,
20680,2021-05-20 21:45:00,40.661568,-73.95073,1,0,Backing Unsafely,4418798,22.2,12.5,0.0,0.0,0.0,0.0,3,19.0,38.2,147,Overcast,1,1,
20681,2021-05-21 06:17:00,40.78694,-73.77558,0,0,Aggressive Driving/Road Rage,4419529,23.9,11.3,0.0,0.0,0.0,0.0,3,19.2,38.5,174,Overcast,0,0,
20682,2021-05-20 18:45:00,40.81777,-73.81446,0,0,Unspecified,4418733,22.2,12.5,0.0,0.0,0.0,0.0,3,19.0,38.2,147,Overcast,0,0,
20683,2021-05-19 14:40:00,40.691147,-73.94689,1,0,Driver Inattention/Distraction,4418252,28.2,13.6,0.0,0.0,0.0,0.0,3,19.6,40.3,337,Overcast,1,1,
20684,2021-05-17 10:00:00,40.712715,-73.92198,0,0,Driver Inattention/Distraction,4418925,22.9,9.7,0.0,0.0,0.0,0.0,3,17.7,36.0,224,Overcast,0,0,
20685,2021-05-20 17:00:00,40.634964,-74.0204,0,0,Driver Inexperience,4418653,22.2,12.5,0.0,0.0,0.0,0.0,3,19.0,38.2,147,Overcast,0,0,
20686,2021-05-21 07:45:00,40.691,-73.989334,0,0,Passing or Lane Usage Improper,4418967,23.9,11.3,0.0,0.0,0.0,0.0,3,19.2,38.5,174,Overcast,0,0,
20687,2021-05-21 20:25:00,40.640583,-73.95573,1,0,Failure to Yield Right-of-Way,4419143,23.9,11.3,0.0,0.0,0.0,0.0,3,19.2,38.5,174,Overcast,1,1,
20688,2021-05-21 13:00:00,40.524,-74.186104,0,0,Failure to Yield Right-of-Way,4419255,23.9,11.3,0.0,0.0,0.0,0.0,3,19.2,38.5,174,Overcast,0,0,
20689,2021-05-19 09:16:00,40.58401,-73.98587,1,0,Following Too Closely,4418403,28.2,13.6,0.0,0.0,0.0,0.0,3,19.6,40.3,337,Overcast,1,1,
20690,2021-05-21 18:27:00,40.8369,-73.89058,0,0,Backing Unsafely,4419146,23.9,11.3,0.0,0.0,0.0,0.0,3,19.2,38.5,174,Overcast,0,0,
20691,2021-05-21 10:30:00,40.816532,-73.92822,0,0,View Obstructed/Limited,4418851,23.9,11.3,0.0,0.0,0.0,0.0,3,19.2,38.5,174,Overcast,0,0,
20692,2021-05-19 09:54:00,40.64108,-73.91817,0,0,Driver Inattention/Distraction,4418235,28.2,13.6,0.0,0.0,0.0,0.0,3,19.6,40.3,337,Overcast,0,0,
20693,2021-05-18 22:34:00,40.859943,-73.926796,0,0,Passing Too Closely,4418819,26.1,11.2,0.0,0.0,0.0,0.0,3,15.5,29.2,262,Overcast,0,0,
20694,2021-05-20 20:15:00,40.64927,-74.009674,1,0,Unspecified,4418679,22.2,12.5,0.0,0.0,0.0,0.0,3,19.0,38.2,147,Overcast,1,1,
20695,2021-05-20 04:59:00,40.65179,-73.908264,0,0,Driver Inattention/Distraction,4418537,22.2,12.5,0.0,0.0,0.0,0.0,3,19.0,38.2,147,Overcast,0,0,
20696,2021-05-18 12:18:00,40.722263,-73.90207,0,0,Driver Inattention/Distraction,4419482,26.1,11.2,0.0,0.0,0.0,0.0,3,15.5,29.2,262,Overcast,0,0,
20697,2021-05-19 18:17:00,40.80322,-73.95253,1,0,Unspecified,4419281,28.2,13.6,0.0,0.0,0.0,0.0,3,19.6,40.3,337,Overcast,1,1,
20698,2021-05-19 22:50:00,40.75304,-73.934906,0,0,Reaction to Uninvolved Vehicle,4418451,28.2,13.6,0.0,0.0,0.0,0.0,3,19.6,40.3,337,Overcast,0,0,
20699,2021-05-20 17:50:00,40.63939,-73.95699,0,0,Passing Too Closely,4419135,22.2,12.5,0.0,0.0,0.0,0.0,3,19.0,38.2,147,Overcast,0,0,
20700,2021-05-21 17:30:00,40.603832,-74.06895,0,0,Unsafe Lane Changing,4419543,23.9,11.3,0.0,0.0,0.0,0.0,3,19.2,38.5,174,Overcast,0,0,
20701,2021-05-20 15:17:00,40.728657,-73.863266,2,0,Unspecified,4418695,22.2,12.5,0.0,0.0,0.0,0.0,3,19.0,38.2,147,Overcast,2,2,
20702,2021-05-20 23:10:00,40.603188,-74.06724,0,0,Unsafe Lane Changing,4418893,22.2,12.5,0.0,0.0,0.0,0.0,3,19.0,38.2,147,Overcast,0,0,
20703,2021-05-19 17:00:00,40.74198,-73.82475,0,0,Unspecified,4418317,28.2,13.6,0.0,0.0,0.0,0.0,3,19.6,40.3,337,Overcast,0,0,
20704,2021-05-19 13:24:00,40.608818,-73.75393,0,0,Driver Inattention/Distraction,4418421,28.2,13.6,0.0,0.0,0.0,0.0,3,19.6,40.3,337,Overcast,0,0,
20705,2021-05-13 06:30:00,40.75172,-73.936134,0,0,Unspecified,4419228,19.1,7.2,0.0,0.0,0.0,0.0,1,15.8,27.4,315,Mainly clear,0,0,Sunny/Clear Conditions
20706,2021-05-16 13:37:00,40.589096,-73.92097,1,0,Unspecified,4419628,22.3,10.7,0.1,0.1,0.0,1.0,51,23.8,46.1,261,Drizzle: Light,1,1,
20707,2021-05-21 13:15:00,40.643875,-74.01887,1,0,Unsafe Lane Changing,4418959,23.9,11.3,0.0,0.0,0.0,0.0,3,19.2,38.5,174,Overcast,1,1,
20708,2021-05-10 17:00:00,40.73426,-73.862595,0,0,Following Too Closely,4419444,14.9,8.3,3.3,3.3,0.0,7.0,55,18.8,58.3,339,Drizzle: Dense,0,0,
20709,2021-05-20 18:00:00,40.59095,-73.94687,0,0,Failure to Yield Right-of-Way,4418759,22.2,12.5,0.0,0.0,0.0,0.0,3,19.0,38.2,147,Overcast,0,0,
20710,2021-05-19 15:30:00,40.838577,-73.89947,0,0,Unspecified,4418435,28.2,13.6,0.0,0.0,0.0,0.0,3,19.6,40.3,337,Overcast,0,0,
20711,2021-05-14 14:46:00,40.627472,-73.97225,0,0,Unspecified,4419320,21.6,7.5,0.0,0.0,0.0,0.0,2,14.3,25.2,276,Partly cloudy,0,0,
20712,2021-05-20 00:56:00,40.80321,-73.91892,0,0,Unspecified,4418354,22.2,12.5,0.0,0.0,0.0,0.0,3,19.0,38.2,147,Overcast,0,0,
20713,2021-05-21 20:20:00,40.781647,-73.8367,0,0,Following Too Closely,4419100,23.9,11.3,0.0,0.0,0.0,0.0,3,19.2,38.5,174,Overcast,0,0,
20714,2021-05-20 09:15:00,40.663727,-73.95386,0,0,Unspecified,4418507,22.2,12.5,0.0,0.0,0.0,0.0,3,19.0,38.2,147,Overcast,0,0,
20715,2021-05-12 11:30:00,40.5861,-73.97128,0,0,Unspecified,4419251,17.9,5.8,0.0,0.0,0.0,0.0,2,20.0,41.0,317,Partly cloudy,0,0,
20716,2021-05-20 12:20:00,40.83501,-73.90353,1,0,Unsafe Speed,4418772,22.2,12.5,0.0,0.0,0.0,0.0,3,19.0,38.2,147,Overcast,1,1,
20717,2021-05-19 14:35:00,40.757755,-73.77912,0,0,Driver Inattention/Distraction,4418309,28.2,13.6,0.0,0.0,0.0,0.0,3,19.6,40.3,337,Overcast,0,0,
20718,2021-05-20 20:00:00,40.611347,-74.08856,0,0,Unspecified,4419183,22.2,12.5,0.0,0.0,0.0,0.0,3,19.0,38.2,147,Overcast,0,0,
20719,2021-05-20 18:17:00,40.734188,-73.874,2,0,Driver Inattention/Distraction,4418727,22.2,12.5,0.0,0.0,0.0,0.0,3,19.0,38.2,147,Overcast,2,2,
20720,2021-05-21 07:05:00,40.8178,-73.93596,0,0,Other Vehicular,4419672,23.9,11.3,0.0,0.0,0.0,0.0,3,19.2,38.5,174,Overcast,0,0,
20721,2021-05-21 19:00:00,40.82815,-73.93491,1,0,Other Vehicular,4419686,23.9,11.3,0.0,0.0,0.0,0.0,3,19.2,38.5,174,Overcast,1,1,
20722,2021-05-20 13:20:00,40.68755,-73.98847,1,0,Driver Inattention/Distraction,4418710,22.2,12.5,0.0,0.0,0.0,0.0,3,19.0,38.2,147,Overcast,1,1,
20723,2021-05-20 23:34:00,40.844795,-73.92445,1,0,Other Vehicular,4418804,22.2,12.5,0.0,0.0,0.0,0.0,3,19.0,38.2,147,Overcast,1,1,
20724,2021-05-19 13:45:00,40.689144,-73.99071,0,0,Passing or Lane Usage Improper,4418303,28.2,13.6,0.0,0.0,0.0,0.0,3,19.6,40.3,337,Overcast,0,0,
20725,2021-05-20 12:15:00,40.70703,-73.909325,0,0,Failure to Yield Right-of-Way,4418920,22.2,12.5,0.0,0.0,0.0,0.0,3,19.0,38.2,147,Overcast,0,0,
20726,2021-05-19 01:55:00,40.61578,-73.99995,3,0,Traffic Control Disregarded,4418062,28.2,13.6,0.0,0.0,0.0,0.0,3,19.6,40.3,337,Overcast,3,3,
20727,2021-05-19 21:00:00,40.75679,-73.74959,1,0,Alcohol Involvement,4418548,28.2,13.6,0.0,0.0,0.0,0.0,3,19.6,40.3,337,Overcast,1,1,
20728,2021-05-21 10:35:00,40.838707,-73.90989,2,0,Failure to Yield Right-of-Way,4419184,23.9,11.3,0.0,0.0,0.0,0.0,3,19.2,38.5,174,Overcast,2,2,
20729,2021-05-20 20:41:00,40.686707,-73.98841,1,0,Driver Inattention/Distraction,4418660,22.2,12.5,0.0,0.0,0.0,0.0,3,19.0,38.2,147,Overcast,1,1,
20730,2021-05-21 11:05:00,40.620384,-74.029335,1,0,Passing or Lane Usage Improper,4418862,23.9,11.3,0.0,0.0,0.0,0.0,3,19.2,38.5,174,Overcast,1,1,
20731,2021-05-15 13:20:00,40.693413,-73.940125,1,0,Driver Inexperience,4419402,22.4,8.7,0.0,0.0,0.0,0.0,3,12.5,23.8,229,Overcast,1,1,
20732,2021-05-19 11:20:00,40.74629,-73.766945,4,0,Following Too Closely,4418208,28.2,13.6,0.0,0.0,0.0,0.0,3,19.6,40.3,337,Overcast,4,4,
20733,2021-05-21 17:45:00,40.80719,-73.92431,0,0,Unspecified,4419027,23.9,11.3,0.0,0.0,0.0,0.0,3,19.2,38.5,174,Overcast,0,0,
20734,2021-05-19 10:56:00,40.658257,-73.88072,1,0,Driver Inattention/Distraction,4418787,28.2,13.6,0.0,0.0,0.0,0.0,3,19.6,40.3,337,Overcast,1,1,
20735,2021-05-20 01:32:00,40.798622,-73.94163,2,0,Unspecified,4418334,22.2,12.5,0.0,0.0,0.0,0.0,3,19.0,38.2,147,Overcast,2,2,
20736,2021-05-15 17:34:00,40.690834,-73.90435,0,0,Unsafe Speed,4418974,22.4,8.7,0.0,0.0,0.0,0.0,3,12.5,23.8,229,Overcast,0,0,
20737,2021-05-20 14:30:00,40.739895,-73.71579,0,0,Unspecified,4418641,22.2,12.5,0.0,0.0,0.0,0.0,3,19.0,38.2,147,Overcast,0,0,
20738,2021-05-19 18:52:00,40.650517,-73.92359,1,0,Unspecified,4418591,28.2,13.6,0.0,0.0,0.0,0.0,3,19.6,40.3,337,Overcast,1,1,