,CRASH DATETIME,LATITUDE,LONGITUDE,NUMBER OF PERSONS INJURED,NUMBER OF PERSONS KILLED,CONTRIBUTING FACTOR VEHICLE 1,COLLISION_ID,temperature_2m_max,temperature_2m_min,precipitation_sum,rain_sum,snowfall_sum,precipitation_hours,weather_code,wind_speed_10m_max,wind_gusts_10m_max,wind_direction_10m_dominant,Weather Description,Severity_Score,Total_Affected_Persons,Weather_Category
20739,2021-05-19 12:50:00,40.665344,-73.933815,0,0,Driver Inattention/Distraction,4418493,28.2,13.6,0.0,0.0,0.0,0.0,3,19.6,40.3,337,Overcast,0,0,
20740,2021-12-24 16:45:00,40.817795,-73.89319,0,0,Unspecified,4489478,5.7,-1.1,1.0,0.0,0.7,5.0,73,12.4,21.6,73,Snow fall: Moderate,0,0,Snowy Conditions
20741,2021-05-20 19:41:00,40.65264,-73.949776,0,0,Unspecified,4419367,22.2,12.5,0.0,0.0,0.0,0.0,3,19.0,38.2,147,Overcast,0,0,
20742,2021-02-22 13:30:00,40.73927,-73.99545,1,0,Driver Inattention/Distraction,4419422,2.3,-6.6,14.0,7.0,4.9,9.0,75,23.8,42.5,216,Snow fall: Heavy,1,1,Snowy Conditions
20743,2021-05-19 00:00:00,40.858433,-73.885124,0,0,Driver Inattention/Distraction,4418830,28.2,13.6,0.0,0.0,0.0,0.0,3,19.6,40.3,337,Overcast,0,0,
20744,2021-05-21 09:05:00,40.739235,-73.98414,1,0,Unspecified,4419289,23.9,11.3,0.0,0.0,0.0,0.0,3,19.2,38.5,174,Overcast,1,1,
20745,2021-05-21 10:55:00,40.758865,-73.77968,0,0,Turning Improperly,4418847,23.9,11.3,0.0,0.0,0.0,0.0,3,19.2,38.5,174,Overcast,0,0,
20746,2021-05-21 18:50:00,40.849957,-73.86468,1,0,Passing Too Closely,4418996,23.9,11.3,0.0,0.0,0.0,0.0,3,19.2,38.5,174,Overcast,1,1,
20747,2021-05-21 09:55:00,40.65501,-73.90506,0,0,Passing or Lane Usage Improper,4419211,23.9,11.3,0.0,0.0,0.0,0.0,3,19.2,38.5,174,Overcast,0,0,
20748,2021-05-19 21:51:00,40.788692,-73.93787,2,0,Turning Improperly,4418690,28.2,13.6,0.0,0.0,0.0,0.0,3,19.6,40.3,337,Overcast,2,2,
20749,2021-05-21 15:15:00,40.641003,-73.94755,0,0,Traffic Control Disregarded,4419362,23.9,11.3,0.0,0.0,0.0,0.0,3,19.2,38.5,174,Overcast,0,0,
20750,2021-05-20 15:20:00,40.815304,-73.94371,0,0,Other Vehicular,4418716,22.2,12.5,0.0,0.0,0.0,0.0,3,19.0,38.2,147,Overcast,0,0,
20751,2021-05-21 14:16:00,40.686172,-73.970474,1,0,Unspecified,4418905,23.9,11.3,0.0,0.0,0.0,0.0,3,19.2,38.5,174,Overcast,1,1,
20752,2021-05-15 23:00:00,40.693127,-73.83134,0,0,Unspecified,4418888,22.4,8.7,0.0,0.0,0.0,0.0,3,12.5,23.8,229,Overcast,0,0,
20753,2021-05-19 12:15:00,40.613552,-73.98176,0,0,Driver Inattention/Distraction,4419294,28.2,13.6,0.0,0.0,0.0,0.0,3,19.6,40.3,337,Overcast,0,0,
20754,2021-05-19 06:30:00,40.69051,-73.97872,0,0,Unspecified,4418339,28.2,13.6,0.0,0.0,0.0,0.0,3,19.6,40.3,337,Overcast,0,0,
20755,2021-05-21 16:49:00,40.644226,-73.899796,2,0,Turning Improperly,4418947,23.9,11.3,0.0,0.0,0.0,0.0,3,19.2,38.5,174,Overcast,2,2,
20756,2021-05-19 18:41:00,40.763893,-73.960526,0,0,Brakes Defective,4418397,28.2,13.6,0.0,0.0,0.0,0.0,3,19.6,40.3,337,Overcast,0,0,
20757,2021-05-20 19:18:00,40.59143,-73.99037,0,0,Turning Improperly,4419271,22.2,12.5,0.0,0.0,0.0,0.0,3,19.0,38.2,147,Overcast,0,0,
20758,2021-05-21 09:20:00,40.86231,-73.909874,0,0,Unsafe Lane Changing,4419165,23.9,11.3,0.0,0.0,0.0,0.0,3,19.2,38.5,174,Overcast,0,0,
20759,2021-05-21 20:38:00,40.597557,-73.76511,1,0,Driver Inattention/Distraction,4418982,23.9,11.3,0.0,0.0,0.0,0.0,3,19.2,38.5,174,Overcast,1,1,
20760,2021-05-19 23:00:00,40.694195,-73.81597,1,0,Driver Inattention/Distraction,4418326,28.2,13.6,0.0,0.0,0.0,0.0,3,19.6,40.3,337,Overcast,1,1,
20761,2021-05-21 09:50:00,40.64433,-73.94309,0,0,Driver Inexperience,4419351,23.9,11.3,0.0,0.0,0.0,0.0,3,19.2,38.5,174,Overcast,0,0,
20762,2021-05-20 19:59:00,40.687363,-73.99004,0,0,Aggressive Driving/Road Rage,4418873,22.2,12.5,0.0,0.0,0.0,0.0,3,19.0,38.2,147,Overcast,0,0,
20763,2021-05-19 15:37:00,40.9102,-73.896614,3,0,Unspecified,4418282,28.2,13.6,0.0,0.0,0.0,0.0,3,19.6,40.3,337,Overcast,3,3,
20764,2021-05-20 10:05:00,40.663227,-73.93159,0,0,Unspecified,4418542,22.2,12.5,0.0,0.0,0.0,0.0,3,19.0,38.2,147,Overcast,0,0,
20765,2021-05-20 12:45:00,40.8305,-73.861626,0,0,Driver Inattention/Distraction,4418559,22.2,12.5,0.0,0.0,0.0,0.0,3,19.0,38.2,147,Overcast,0,0,
20766,2021-04-16 02:15:00,40.670376,-73.939316,1,0,Unsafe Speed,4419434,11.8,3.7,2.9,2.9,0.0,12.0,53,23.5,49.0,307,Drizzle: Moderate,1,1,
20767,2021-05-14 18:30:00,40.683125,-73.98744,0,0,Passing Too Closely,4418989,21.6,7.5,0.0,0.0,0.0,0.0,2,14.3,25.2,276,Partly cloudy,0,0,
20768,2021-05-20 09:06:00,40.8188,-73.95603,0,0,Failure to Yield Right-of-Way,4419474,22.2,12.5,0.0,0.0,0.0,0.0,3,19.0,38.2,147,Overcast,0,0,
20769,2021-05-15 06:32:00,40.783573,-73.91829,1,0,Fatigued/Drowsy,4419233,22.4,8.7,0.0,0.0,0.0,0.0,3,12.5,23.8,229,Overcast,1,1,
20770,2021-05-19 11:35:00,40.592686,-74.19292,0,0,Following Too Closely,4419538,28.2,13.6,0.0,0.0,0.0,0.0,3,19.6,40.3,337,Overcast,0,0,
20771,2021-05-21 23:30:00,40.659714,-73.739815,0,0,Unspecified,4419062,23.9,11.3,0.0,0.0,0.0,0.0,3,19.2,38.5,174,Overcast,0,0,
20772,2021-05-19 15:00:00,40.748737,-73.85438,0,0,Driver Inattention/Distraction,4418415,28.2,13.6,0.0,0.0,0.0,0.0,3,19.6,40.3,337,Overcast,0,0,
20773,2021-05-19 17:10:00,40.582092,-74.16253,0,0,Lost Consciousness,4418477,28.2,13.6,0.0,0.0,0.0,0.0,3,19.6,40.3,337,Overcast,0,0,
20774,2021-05-20 00:39:00,40.84128,-73.91366,1,0,Driver Inexperience,4418349,22.2,12.5,0.0,0.0,0.0,0.0,3,19.0,38.2,147,Overcast,1,1,
20775,2021-05-20 17:45:00,40.899895,-73.90668,0,0,Brakes Defective,4418673,22.2,12.5,0.0,0.0,0.0,0.0,3,19.0,38.2,147,Overcast,0,0,
20776,2021-05-21 07:20:00,40.825306,-73.89067,0,0,Turning Improperly,4418815,23.9,11.3,0.0,0.0,0.0,0.0,3,19.2,38.5,174,Overcast,0,0,
20777,2021-05-21 15:00:00,40.757183,-73.83396,0,0,Failure to Yield Right-of-Way,4419521,23.9,11.3,0.0,0.0,0.0,0.0,3,19.2,38.5,174,Overcast,0,0,
20778,2021-05-19 14:30:00,40.63043,-73.88593,0,0,Driver Inattention/Distraction,4419470,28.2,13.6,0.0,0.0,0.0,0.0,3,19.6,40.3,337,Overcast,0,0,
20779,2021-05-21 03:40:00,40.786255,-73.83587,0,0,Steering Failure,4419105,23.9,11.3,0.0,0.0,0.0,0.0,3,19.2,38.5,174,Overcast,0,0,
20780,2021-05-20 14:30:00,40.72706,-73.95695,1,0,Turning Improperly,4419647,22.2,12.5,0.0,0.0,0.0,0.0,3,19.0,38.2,147,Overcast,1,1,
20781,2021-05-19 17:40:00,40.764053,-73.99225,0,0,Following Too Closely,4418383,28.2,13.6,0.0,0.0,0.0,0.0,3,19.6,40.3,337,Overcast,0,0,
20782,2021-05-21 00:00:00,40.659702,-73.8786,1,0,Driver Inattention/Distraction,4419573,23.9,11.3,0.0,0.0,0.0,0.0,3,19.2,38.5,174,Overcast,1,1,
20783,2021-05-14 21:00:00,40.757492,-73.93911,0,0,Passing Too Closely,4419232,21.6,7.5,0.0,0.0,0.0,0.0,2,14.3,25.2,276,Partly cloudy,0,0,
20784,2021-05-16 16:08:00,40.642685,-73.99122,0,0,Driver Inattention/Distraction,4419315,22.3,10.7,0.1,0.1,0.0,1.0,51,23.8,46.1,261,Drizzle: Light,0,0,
20785,2021-05-20 13:30:00,40.681156,-73.97615,1,0,Following Too Closely,4419002,22.2,12.5,0.0,0.0,0.0,0.0,3,19.0,38.2,147,Overcast,1,1,
20786,2021-05-21 17:50:00,40.769337,-73.802765,0,0,Driver Inexperience,4419119,23.9,11.3,0.0,0.0,0.0,0.0,3,19.2,38.5,174,Overcast,0,0,
20787,2021-05-20 01:36:00,40.562576,-74.157196,0,0,Backing Unsafely,4418602,22.2,12.5,0.0,0.0,0.0,0.0,3,19.0,38.2,147,Overcast,0,0,
20788,2021-05-21 13:20:00,40.58196,-73.959946,0,0,Other Vehicular,4419375,23.9,11.3,0.0,0.0,0.0,0.0,3,19.2,38.5,174,Overcast,0,0,
20789,2021-05-14 19:00:00,40.8913,-73.8507,1,0,Failure to Yield Right-of-Way,4419245,21.6,7.5,0.0,0.0,0.0,0.0,2,14.3,25.2,276,Partly cloudy,1,1,
20790,2021-05-18 19:16:00,40.867012,-73.92312,0,0,Turning Improperly,4418808,26.1,11.2,0.0,0.0,0.0,0.0,3,15.5,29.2,262,Overcast,0,0,
20791,2021-05-14 01:25:00,40.73136,-73.98257,1,0,Pedestrian/Bicyclist/Other Pedestrian Error/Confusion,4419410,21.6,7.5,0.0,0.0,0.0,0.0,2,14.3,25.2,276,Partly cloudy,1,1,
20792,2021-05-21 14:45:00,40.706863,-73.94021,0,0,Turning Improperly,4419754,23.9,11.3,0.0,0.0,0.0,0.0,3,19.2,38.5,174,Overcast,0,0,
20793,2021-05-19 17:10:00,40.75898,-73.99595,0,0,Driver Inattention/Distraction,4418514,28.2,13.6,0.0,0.0,0.0,0.0,3,19.6,40.3,337,Overcast,0,0,
20794,2021-05-21 18:30:00,40.753407,-73.79243,0,0,Driver Inexperience,4418963,23.9,11.3,0.0,0.0,0.0,0.0,3,19.2,38.5,174,Overcast,0,0,
20795,2021-05-10 14:19:00,40.82406,-73.92815,0,0,Unsafe Speed,4418747,14.9,8.3,3.3,3.3,0.0,7.0,55,18.8,58.3,339,Drizzle: Dense,0,0,
20796,2021-05-10 18:40:00,40.767532,-73.912025,1,0,Driver Inattention/Distraction,4419664,14.9,8.3,3.3,3.3,0.0,7.0,55,18.8,58.3,339,Drizzle: Dense,1,1,
20797,2021-05-20 19:00:00,40.750767,-73.708954,0,0,Driver Inexperience,4418644,22.2,12.5,0.0,0.0,0.0,0.0,3,19.0,38.2,147,Overcast,0,0,
20798,2021-05-19 19:20:00,40.843376,-73.8369,0,0,Unspecified,4418390,28.2,13.6,0.0,0.0,0.0,0.0,3,19.6,40.3,337,Overcast,0,0,
20799,2021-05-14 09:11:00,40.77361,-73.98356,0,0,Driver Inattention/Distraction,4418916,21.6,7.5,0.0,0.0,0.0,0.0,2,14.3,25.2,276,Partly cloudy,0,0,
20800,2021-05-21 14:40:00,40.746475,-73.9839,0,0,Passing or Lane Usage Improper,4419699,23.9,11.3,0.0,0.0,0.0,0.0,3,19.2,38.5,174,Overcast,0,0,
20801,2021-05-20 01:30:00,40.671772,-73.93641,0,0,Driver Inattention/Distraction,4418632,22.2,12.5,0.0,0.0,0.0,0.0,3,19.0,38.2,147,Overcast,0,0,
20802,2021-05-20 12:20:00,40.6207,-74.14601,0,0,Driver Inattention/Distraction,4418522,22.2,12.5,0.0,0.0,0.0,0.0,3,19.0,38.2,147,Overcast,0,0,
20803,2021-05-19 00:40:00,40.861862,-73.91282,1,0,Unsafe Speed,4418013,28.2,13.6,0.0,0.0,0.0,0.0,3,19.6,40.3,337,Overcast,1,1,
20804,2021-05-19 12:00:00,40.786438,-73.942406,0,0,Passing Too Closely,4418586,28.2,13.6,0.0,0.0,0.0,0.0,3,19.6,40.3,337,Overcast,0,0,
20805,2021-05-17 09:53:00,40.8797,-73.864525,0,0,Failure to Yield Right-of-Way,4419354,22.9,9.7,0.0,0.0,0.0,0.0,3,17.7,36.0,224,Overcast,0,0,
20806,2021-05-21 11:10:00,40.689922,-73.92281,0,0,Passing Too Closely,4418858,23.9,11.3,0.0,0.0,0.0,0.0,3,19.2,38.5,174,Overcast,0,0,
20807,2021-05-20 01:37:00,40.657753,-73.89612,0,0,Following Too Closely,4418791,22.2,12.5,0.0,0.0,0.0,0.0,3,19.0,38.2,147,Overcast,0,0,
20808,2021-05-20 17:51:00,40.66475,-73.89405,2,0,Traffic Control Disregarded,4418784,22.2,12.5,0.0,0.0,0.0,0.0,3,19.0,38.2,147,Overcast,2,2,
20809,2021-05-19 11:50:00,40.669403,-73.94221,2,0,Driver Inattention/Distraction,4418544,28.2,13.6,0.0,0.0,0.0,0.0,3,19.6,40.3,337,Overcast,2,2,
20810,2021-05-19 19:46:00,40.730366,-73.91388,0,0,Driver Inattention/Distraction,4418307,28.2,13.6,0.0,0.0,0.0,0.0,3,19.6,40.3,337,Overcast,0,0,
20811,2021-05-21 18:06:00,40.806477,-73.908455,0,0,Unspecified,4419033,23.9,11.3,0.0,0.0,0.0,0.0,3,19.2,38.5,174,Overcast,0,0,
20812,2021-05-21 18:32:00,40.77618,-73.96178,0,0,Driver Inattention/Distraction,4419493,23.9,11.3,0.0,0.0,0.0,0.0,3,19.2,38.5,174,Overcast,0,0,
20813,2021-05-19 18:10:00,40.83421,-73.8844,0,0,Following Too Closely,4418430,28.2,13.6,0.0,0.0,0.0,0.0,3,19.6,40.3,337,Overcast,0,0,
20814,2021-05-18 14:15:00,40.849777,-73.84496,1,0,Driver Inattention/Distraction,4419041,26.1,11.2,0.0,0.0,0.0,0.0,3,15.5,29.2,262,Overcast,1,1,
20815,2021-05-20 14:00:00,40.86795,-73.8705,0,0,Unspecified,4418826,22.2,12.5,0.0,0.0,0.0,0.0,3,19.0,38.2,147,Overcast,0,0,
20816,2021-05-10 14:18:00,40.64563,-73.88891,4,0,Failure to Yield Right-of-Way,4418843,14.9,8.3,3.3,3.3,0.0,7.0,55,18.8,58.3,339,Drizzle: Dense,4,4,
20817,2021-05-13 18:40:00,40.634552,-73.91477,0,0,Unspecified,4419080,19.1,7.2,0.0,0.0,0.0,0.0,1,15.8,27.4,315,Mainly clear,0,0,Sunny/Clear Conditions
20818,2021-05-19 12:55:00,40.68857,-73.8757,0,0,Passing or Lane Usage Improper,4418779,28.2,13.6,0.0,0.0,0.0,0.0,3,19.6,40.3,337,Overcast,0,0,
20819,2021-05-21 16:15:00,40.72592,-73.8191,0,0,Driver Inattention/Distraction,4418942,23.9,11.3,0.0,0.0,0.0,0.0,3,19.2,38.5,174,Overcast,0,0,
20820,2021-05-21 09:15:00,40.660297,-73.947685,1,0,Driver Inattention/Distraction,4418884,23.9,11.3,0.0,0.0,0.0,0.0,3,19.2,38.5,174,Overcast,1,1,
20821,2021-05-21 23:30:00,40.608253,-74.08879,0,0,Driver Inexperience,4419539,23.9,11.3,0.0,0.0,0.0,0.0,3,19.2,38.5,174,Overcast,0,0,
20822,2021-05-19 20:01:00,40.588036,-73.96041,2,0,Other Vehicular,4419266,28.2,13.6,0.0,0.0,0.0,0.0,3,19.6,40.3,337,Overcast,2,2,
20823,2021-05-21 12:46:00,40.755524,-73.833405,1,0,Passing Too Closely,4419099,23.9,11.3,0.0,0.0,0.0,0.0,3,19.2,38.5,174,Overcast,1,1,
20824,2021-05-21 13:55:00,40.664467,-73.76831,0,0,Backing Unsafely,4419055,23.9,11.3,0.0,0.0,0.0,0.0,3,19.2,38.5,174,Overcast,0,0,
20825,2021-05-20 17:56:00,40.747036,-73.88958,0,0,Driver Inattention/Distraction,4418901,22.2,12.5,0.0,0.0,0.0,0.0,3,19.0,38.2,147,Overcast,0,0,
20826,2021-05-21 09:20:00,40.73113,-73.87361,0,0,Driver Inattention/Distraction,4419514,23.9,11.3,0.0,0.0,0.0,0.0,3,19.2,38.5,174,Overcast,0,0,
20827,2021-05-20 13:46:00,40.74775,-73.98086,0,0,Driver Inattention/Distraction,4418568,22.2,12.5,0.0,0.0,0.0,0.0,3,19.0,38.2,147,Overcast,0,0,
20828,2021-05-21 09:50:00,40.80534,-73.92095,2,0,Following Too Closely,4419026,23.9,11.3,0.0,0.0,0.0,0.0,3,19.2,38.5,174,Overcast,2,2,
20829,2021-05-20 08:12:00,40.82839,-73.916916,0,0,Turning Improperly,4418494,22.2,12.5,0.0,0.0,0.0,0.0,3,19.0,38.2,147,Overcast,0,0,
20830,2021-05-20 22:40:00,40.733967,-73.87177,0,0,View Obstructed/Limited,4418840,22.2,12.5,0.0,0.0,0.0,0.0,3,19.0,38.2,147,Overcast,0,0,
20831,2021-05-17 17:20:00,40.80072,-73.950645,0,0,Driver Inattention/Distraction,4419290,22.9,9.7,0.0,0.0,0.0,0.0,3,17.7,36.0,224,Overcast,0,0,
20832,2021-05-18 21:00:00,40.68877,-73.92832,1,0,Illnes,4419199,26.1,11.2,0.0,0.0,0.0,0.0,3,15.5,29.2,262,Overcast,1,1,
20833,2021-05-17 16:09:00,40.68223,-73.90928,1,0,Driver Inattention/Distraction,4418975,22.9,9.7,0.0,0.0,0.0,0.0,3,17.7,36.0,224,Overcast,1,1,
20834,2021-05-20 23:15:00,40.64254,-73.87652,1,0,Unsafe Speed,4418687,22.2,12.5,0.0,0.0,0.0,0.0,3,19.0,38.2,147,Overcast,1,1,
20835,2021-05-19 17:34:00,40.69976,-73.956665,0,0,Oversized Vehicle,4418369,28.2,13.6,0.0,0.0,0.0,0.0,3,19.6,40.3,337,Overcast,0,0,
20836,2021-05-19 12:47:00,40.726814,-73.95355,0,0,Backing Unsafely,4418701,28.2,13.6,0.0,0.0,0.0,0.0,3,19.6,40.3,337,Overcast,0,0,
20837,2021-05-17 17:40:00,40.675274,-73.90621,0,0,Unspecified,4419207,22.9,9.7,0.0,0.0,0.0,0.0,3,17.7,36.0,224,Overcast,0,0,
20838,2021-05-21 16:20:00,40.572754,-74.11404,1,0,Failure to Yield Right-of-Way,4418906,23.9,11.3,0.0,0.0,0.0,0.0,3,19.2,38.5,174,Overcast,1,1,
20839,2021-05-21 21:16:00,40.67189,-73.895874,1,0,Driver Inattention/Distraction,4419589,23.9,11.3,0.0,0.0,0.0,0.0,3,19.2,38.5,174,Overcast,1,1,
20840,2021-05-19 10:30:00,40.81106,-73.95119,0,0,Backing Unsafely,4419307,28.2,13.6,0.0,0.0,0.0,0.0,3,19.6,40.3,337,Overcast,0,0,
20841,2021-05-20 00:45:00,40.641247,-73.99337,0,0,Driver Inattention/Distraction,4419330,22.2,12.5,0.0,0.0,0.0,0.0,3,19.0,38.2,147,Overcast,0,0,
20842,2021-05-19 15:00:00,40.615356,-73.976234,1,0,Unspecified,4418469,28.2,13.6,0.0,0.0,0.0,0.0,3,19.6,40.3,337,Overcast,1,1,
20843,2021-05-19 15:08:00,40.64033,-73.96428,0,0,Following Too Closely,4418404,28.2,13.6,0.0,0.0,0.0,0.0,3,19.6,40.3,337,Overcast,0,0,
20844,2021-05-20 19:33:00,40.75379,-73.91548,1,0,Passing or Lane Usage Improper,4419240,22.2,12.5,0.0,0.0,0.0,0.0,3,19.0,38.2,147,Overcast,1,1,
20845,2021-05-19 10:27:00,40.604954,-73.96543,1,0,Glare,4418234,28.2,13.6,0.0,0.0,0.0,0.0,3,19.6,40.3,337,Overcast,1,1,
20846,2021-05-20 23:08:00,40.639866,-73.87788,0,0,Following Too Closely,4418878,22.2,12.5,0.0,0.0,0.0,0.0,3,19.0,38.2,147,Overcast,0,0,
20847,2021-05-20 20:00:00,40.671608,-73.91695,1,0,Driver Inattention/Distraction,4419145,22.2,12.5,0.0,0.0,0.0,0.0,3,19.0,38.2,147,Overcast,1,1,
20848,2021-05-19 17:20:00,40.788506,-73.98107,1,0,Failure to Yield Right-of-Way,4418910,28.2,13.6,0.0,0.0,0.0,0.0,3,19.6,40.3,337,Overcast,1,1,
20849,2021-05-17 17:10:00,40.875458,-73.85485,0,0,Unsafe Speed,4419711,22.9,9.7,0.0,0.0,0.0,0.0,3,17.7,36.0,224,Overcast,0,0,
20850,2021-05-21 15:39:00,40.7061,-73.74711,0,0,Backing Unsafely,4418933,23.9,11.3,0.0,0.0,0.0,0.0,3,19.2,38.5,174,Overcast,0,0,
20851,2021-05-19 08:00:00,40.737244,-73.92083,0,0,Unspecified,4419358,28.2,13.6,0.0,0.0,0.0,0.0,3,19.6,40.3,337,Overcast,0,0,
20852,2021-05-20 09:00:00,40.786785,-73.80971,2,0,Following Too Closely,4419112,22.2,12.5,0.0,0.0,0.0,0.0,3,19.0,38.2,147,Overcast,2,2,
20853,2021-05-21 18:30:00,40.605568,-74.03118,2,0,Brakes Defective,4419007,23.9,11.3,0.0,0.0,0.0,0.0,3,19.2,38.5,174,Overcast,2,2,
20854,2021-05-20 10:27:00,40.72924,-73.8152,3,0,Unspecified,4418625,22.2,12.5,0.0,0.0,0.0,0.0,3,19.0,38.2,147,Overcast,3,3,
20855,2021-05-19 06:15:00,40.696983,-73.935234,0,0,Fell Asleep,4418141,28.2,13.6,0.0,0.0,0.0,0.0,3,19.6,40.3,337,Overcast,0,0,
20856,2021-12-22 11:25:00,40.765358,-73.80237,1,0,Failure to Yield Right-of-Way,4488834,8.1,-0.0,4.2,4.2,0.0,9.0,61,26.7,47.9,313,Rain: Light,1,1,
20857,2021-05-21 09:59:00,40.61891,-73.96116,0,0,Driver Inattention/Distraction,4419136,23.9,11.3,0.0,0.0,0.0,0.0,3,19.2,38.5,174,Overcast,0,0,
20858,2021-05-19 15:45:00,40.598503,-74.091934,2,0,Passing or Lane Usage Improper,4418606,28.2,13.6,0.0,0.0,0.0,0.0,3,19.6,40.3,337,Overcast,2,2,
20859,2021-05-20 04:48:00,40.62416,-73.956116,0,0,Fell Asleep,4418409,22.2,12.5,0.0,0.0,0.0,0.0,3,19.0,38.2,147,Overcast,0,0,
20860,2021-05-21 12:35:00,40.624382,-73.94643,1,0,Unspecified,4419139,23.9,11.3,0.0,0.0,0.0,0.0,3,19.2,38.5,174,Overcast,1,1,
20861,2021-05-21 22:00:00,40.686863,-73.757965,0,0,Backing Unsafely,4419415,23.9,11.3,0.0,0.0,0.0,0.0,3,19.2,38.5,174,Overcast,0,0,
20862,2021-05-20 13:40:00,40.59392,-73.93965,2,0,Driver Inattention/Distraction,4418767,22.2,12.5,0.0,0.0,0.0,0.0,3,19.0,38.2,147,Overcast,2,2,
20863,2021-05-21 18:30:00,40.678234,-73.89753,0,0,Unspecified,4419604,23.9,11.3,0.0,0.0,0.0,0.0,3,19.2,38.5,174,Overcast,0,0,
20864,2021-05-19 07:21:00,40.841877,-73.8888,0,0,Driver Inattention/Distraction,4418330,28.2,13.6,0.0,0.0,0.0,0.0,3,19.6,40.3,337,Overcast,0,0,
20865,2021-05-21 07:57:00,40.865997,-73.89981,1,0,Other Vehicular,4418811,23.9,11.3,0.0,0.0,0.0,0.0,3,19.2,38.5,174,Overcast,1,1,
20866,2021-05-20 11:45:00,40.657818,-74.004196,1,0,Physical Disability,4418670,22.2,12.5,0.0,0.0,0.0,0.0,3,19.0,38.2,147,Overcast,1,1,
20867,2021-05-21 09:30:00,40.627922,-74.110855,0,0,Unspecified,4419187,23.9,11.3,0.0,0.0,0.0,0.0,3,19.2,38.5,174,Overcast,0,0,
20868,2021-05-20 20:35:00,40.601734,-73.935036,1,0,Passing or Lane Usage Improper,4418762,22.2,12.5,0.0,0.0,0.0,0.0,3,19.0,38.2,147,Overcast,1,1,
20869,2021-05-19 23:20:00,40.658394,-73.91557,3,0,Traffic Control Disregarded,4418579,28.2,13.6,0.0,0.0,0.0,0.0,3,19.6,40.3,337,Overcast,3,3,
20870,2021-05-20 01:00:00,40.677174,-73.924774,0,0,Unspecified,4418650,22.2,12.5,0.0,0.0,0.0,0.0,3,19.0,38.2,147,Overcast,0,0,
20871,2021-05-21 19:05:00,40.753525,-73.994545,0,0,Driver Inattention/Distraction,4419683,23.9,11.3,0.0,0.0,0.0,0.0,3,19.2,38.5,174,Overcast,0,0,
20872,2021-05-19 12:00:00,40.65101,-73.94553,0,0,Passing Too Closely,4418236,28.2,13.6,0.0,0.0,0.0,0.0,3,19.6,40.3,337,Overcast,0,0,
20873,2021-05-20 07:36:00,40.587303,-73.96036,1,0,Driver Inattention/Distraction,4418479,22.2,12.5,0.0,0.0,0.0,0.0,3,19.0,38.2,147,Overcast,1,1,
20874,2021-05-18 15:00:00,40.66955,-73.94497,0,0,Following Too Closely,4419077,26.1,11.2,0.0,0.0,0.0,0.0,3,15.5,29.2,262,Overcast,0,0,
20875,2021-05-19 21:20:00,40.861347,-73.897736,1,0,Unspecified,4418443,28.2,13.6,0.0,0.0,0.0,0.0,3,19.6,40.3,337,Overcast,1,1,
20876,2021-05-18 08:00:00,40.895374,-73.86356,0,0,Driver Inattention/Distraction,4419261,26.1,11.2,0.0,0.0,0.0,0.0,3,15.5,29.2,262,Overcast,0,0,
20877,2021-05-19 16:48:00,40.844337,-73.881874,0,0,Other Vehicular,4418453,28.2,13.6,0.0,0.0,0.0,0.0,3,19.6,40.3,337,Overcast,0,0,
20878,2021-05-20 08:09:00,40.8854,-73.89723,0,0,Unspecified,4418674,22.2,12.5,0.0,0.0,0.0,0.0,3,19.0,38.2,147,Overcast,0,0,
20879,2021-05-20 12:58:00,40.667835,-73.89484,1,0,Driver Inexperience,4418794,22.2,12.5,0.0,0.0,0.0,0.0,3,19.0,38.2,147,Overcast,1,1,
20880,2021-05-19 10:07:00,40.771347,-73.92285,0,0,Driver Inattention/Distraction,4418135,28.2,13.6,0.0,0.0,0.0,0.0,3,19.6,40.3,337,Overcast,0,0,
20881,2021-05-18 13:10:00,40.783146,-73.97833,0,0,Other Vehicular,4418938,26.1,11.2,0.0,0.0,0.0,0.0,3,15.5,29.2,262,Overcast,0,0,
20882,2021-05-20 18:50:00,40.80405,-73.91737,0,0,Unspecified,4418720,22.2,12.5,0.0,0.0,0.0,0.0,3,19.0,38.2,147,Overcast,0,0,
20883,2021-05-16 15:18:00,40.818314,-73.836,0,0,Driver Inattention/Distraction,4419154,22.3,10.7,0.1,0.1,0.0,1.0,51,23.8,46.1,261,Drizzle: Light,0,0,
20884,2021-05-20 19:00:00,40.69328,-73.9043,0,0,Driver Inattention/Distraction,4418855,22.2,12.5,0.0,0.0,0.0,0.0,3,19.0,38.2,147,Overcast,0,0,
20885,2021-05-19 14:26:00,40.80682,-73.95114,0,0,Passing Too Closely,4419336,28.2,13.6,0.0,0.0,0.0,0.0,3,19.6,40.3,337,Overcast,0,0,
20886,2021-05-20 17:30:00,40.688858,-73.82832,0,0,Following Too Closely,4418816,22.2,12.5,0.0,0.0,0.0,0.0,3,19.0,38.2,147,Overcast,0,0,
20887,2021-05-19 16:30:00,40.814842,-73.88752,0,0,Unspecified,4418375,28.2,13.6,0.0,0.0,0.0,0.0,3,19.6,40.3,337,Overcast,0,0,
20888,2021-05-21 00:15:00,40.712055,-73.75319,0,0,Turning Improperly,4418682,23.9,11.3,0.0,0.0,0.0,0.0,3,19.2,38.5,174,Overcast,0,0,