,CRASH DATETIME,LATITUDE,LONGITUDE,NUMBER OF PERSONS INJURED,NUMBER OF PERSONS KILLED,CONTRIBUTING FACTOR VEHICLE 1,COLLISION_ID,temperature_2m_max,temperature_2m_min,precipitation_sum,rain_sum,snowfall_sum,precipitation_hours,weather_code,wind_speed_10m_max,wind_gusts_10m_max,wind_direction_10m_dominant,Weather Description,Severity_Score,Total_Affected_Persons,Weather_Category
20889,2021-05-20 15:00:00,40.845985,-73.866394,0,0,Glare,4418823,22.2,12.5,0.0,0.0,0.0,0.0,3,19.0,38.2,147,Overcast,0,0,
20890,2021-05-21 17:30:00,40.657406,-73.74507,0,0,Passing Too Closely,4418929,23.9,11.3,0.0,0.0,0.0,0.0,3,19.2,38.5,174,Overcast,0,0,
20891,2021-05-20 12:00:00,40.59055,-73.98891,1,0,Traffic Control Disregarded,4419550,22.2,12.5,0.0,0.0,0.0,0.0,3,19.0,38.2,147,Overcast,1,1,
20892,2021-05-20 09:45:00,40.73201,-73.98203,1,0,Pedestrian/Bicyclist/Other Pedestrian Error/Confusion,4419286,22.2,12.5,0.0,0.0,0.0,0.0,3,19.0,38.2,147,Overcast,1,1,
20893,2021-05-20 19:50:00,40.858994,-73.90573,1,0,Driver Inattention/Distraction,4418706,22.2,12.5,0.0,0.0,0.0,0.0,3,19.0,38.2,147,Overcast,1,1,
20894,2021-05-07 20:00:00,40.75112,-73.97127,0,0,Unspecified,4419012,16.4,7.7,0.0,0.0,0.0,0.0,3,15.8,32.4,73,Overcast,0,0,
20895,2021-05-21 17:28:00,40.692535,-73.85897,0,0,Following Too Closely,4418897,23.9,11.3,0.0,0.0,0.0,0.0,3,19.2,38.5,174,Overcast,0,0,
20896,2021-05-21 17:30:00,40.78024,-73.98761,0,0,Other Vehicular,4419458,23.9,11.3,0.0,0.0,0.0,0.0,3,19.2,38.5,174,Overcast,0,0,
20897,2021-05-19 09:30:00,40.802837,-73.93646,0,0,Unspecified,4418181,28.2,13.6,0.0,0.0,0.0,0.0,3,19.6,40.3,337,Overcast,0,0,
20898,2021-05-21 15:44:00,40.69745,-73.93611,1,0,Driver Inattention/Distraction,4419194,23.9,11.3,0.0,0.0,0.0,0.0,3,19.2,38.5,174,Overcast,1,1,
20899,2021-05-20 22:30:00,40.712673,-73.80139,0,0,Driver Inattention/Distraction,4418680,22.2,12.5,0.0,0.0,0.0,0.0,3,19.0,38.2,147,Overcast,0,0,
20900,2021-05-07 22:44:00,40.679276,-73.92906,2,0,Driver Inexperience,4419133,16.4,7.7,0.0,0.0,0.0,0.0,3,15.8,32.4,73,Overcast,2,2,
20901,2021-05-21 18:10:00,40.864506,-73.8587,0,0,Passing Too Closely,4418970,23.9,11.3,0.0,0.0,0.0,0.0,3,19.2,38.5,174,Overcast,0,0,
20902,2021-05-19 14:14:00,40.70801,-73.95673,1,0,Oversized Vehicle,4418414,28.2,13.6,0.0,0.0,0.0,0.0,3,19.6,40.3,337,Overcast,1,1,
20903,2021-12-22 14:30:00,40.70975,-73.79562,1,0,Driver Inattention/Distraction,4489184,8.1,-0.0,4.2,4.2,0.0,9.0,61,26.7,47.9,313,Rain: Light,1,1,
20904,2021-05-20 18:30:00,40.66059,-73.931335,0,0,Driver Inattention/Distraction,4419368,22.2,12.5,0.0,0.0,0.0,0.0,3,19.0,38.2,147,Overcast,0,0,
20905,2021-05-19 07:45:00,40.79799,-73.96199,0,0,Oversized Vehicle,4418100,28.2,13.6,0.0,0.0,0.0,0.0,3,19.6,40.3,337,Overcast,0,0,
20906,2021-05-21 23:56:00,40.86165,-73.91076,0,0,Other Vehicular,4419166,23.9,11.3,0.0,0.0,0.0,0.0,3,19.2,38.5,174,Overcast,0,0,
20907,2021-05-19 20:13:00,40.797188,-73.97181,0,0,Traffic Control Disregarded,4418296,28.2,13.6,0.0,0.0,0.0,0.0,3,19.6,40.3,337,Overcast,0,0,
20908,2021-05-19 14:46:00,40.60129,-73.76822,0,0,Other Vehicular,4418439,28.2,13.6,0.0,0.0,0.0,0.0,3,19.6,40.3,337,Overcast,0,0,
20909,2021-05-18 16:59:00,40.836704,-73.8912,1,0,Unsafe Speed,4419621,26.1,11.2,0.0,0.0,0.0,0.0,3,15.5,29.2,262,Overcast,1,1,
20910,2021-05-21 00:50:00,40.70518,-73.94272,1,0,Driver Inattention/Distraction,4418737,23.9,11.3,0.0,0.0,0.0,0.0,3,19.2,38.5,174,Overcast,1,1,
20911,2021-05-17 06:23:00,40.866333,-73.92501,1,0,Driver Inattention/Distraction,4419736,22.9,9.7,0.0,0.0,0.0,0.0,3,17.7,36.0,224,Overcast,1,1,
20912,2021-05-20 10:35:00,40.618793,-74.03698,1,0,View Obstructed/Limited,4418655,22.2,12.5,0.0,0.0,0.0,0.0,3,19.0,38.2,147,Overcast,1,1,
20913,2021-05-20 13:30:00,40.66762,-73.94237,1,0,Driver Inattention/Distraction,4418799,22.2,12.5,0.0,0.0,0.0,0.0,3,19.0,38.2,147,Overcast,1,1,
20914,2021-05-21 18:30:00,40.715626,-73.741394,0,0,Unspecified,4418924,23.9,11.3,0.0,0.0,0.0,0.0,3,19.2,38.5,174,Overcast,0,0,
20915,2021-05-20 01:20:00,40.63466,-73.91462,0,0,Aggressive Driving/Road Rage,4418948,22.2,12.5,0.0,0.0,0.0,0.0,3,19.0,38.2,147,Overcast,0,0,
20916,2021-05-19 13:55:00,40.635815,-73.95343,0,0,Unspecified,4418401,28.2,13.6,0.0,0.0,0.0,0.0,3,19.6,40.3,337,Overcast,0,0,
20917,2021-05-20 22:00:00,40.81099,-73.914856,0,0,Unspecified,4418850,22.2,12.5,0.0,0.0,0.0,0.0,3,19.0,38.2,147,Overcast,0,0,
20918,2021-05-19 13:44:00,40.824837,-73.87053,0,0,Driver Inattention/Distraction,4418225,28.2,13.6,0.0,0.0,0.0,0.0,3,19.6,40.3,337,Overcast,0,0,
20919,2021-05-20 17:52:00,40.651546,-73.95257,0,0,Driver Inattention/Distraction,4419363,22.2,12.5,0.0,0.0,0.0,0.0,3,19.0,38.2,147,Overcast,0,0,
20920,2021-05-20 21:40:00,40.751522,-73.99396,0,0,Driver Inattention/Distraction,4419674,22.2,12.5,0.0,0.0,0.0,0.0,3,19.0,38.2,147,Overcast,0,0,
20921,2021-05-20 06:00:00,40.7509,-73.99812,0,0,Backing Unsafely,4419346,22.2,12.5,0.0,0.0,0.0,0.0,3,19.0,38.2,147,Overcast,0,0,
20922,2021-05-19 12:14:00,40.78318,-73.94362,0,0,Driver Inattention/Distraction,4418556,28.2,13.6,0.0,0.0,0.0,0.0,3,19.6,40.3,337,Overcast,0,0,
20923,2021-05-06 11:00:00,40.83801,-73.87329,1,0,Unspecified,4418818,17.3,8.7,0.0,0.0,0.0,0.0,3,22.6,43.6,313,Overcast,1,1,
20924,2021-05-19 16:20:00,40.736958,-74.00651,0,0,Unspecified,4418531,28.2,13.6,0.0,0.0,0.0,0.0,3,19.6,40.3,337,Overcast,0,0,
20925,2021-05-21 15:00:00,40.771576,-73.87616,0,0,Driver Inattention/Distraction,4418990,23.9,11.3,0.0,0.0,0.0,0.0,3,19.2,38.5,174,Overcast,0,0,
20926,2021-05-18 10:38:00,40.855133,-73.93688,0,0,Unspecified,4418803,26.1,11.2,0.0,0.0,0.0,0.0,3,15.5,29.2,262,Overcast,0,0,
20927,2021-05-19 23:17:00,40.619152,-74.14388,1,0,Drugs (illegal),4418335,28.2,13.6,0.0,0.0,0.0,0.0,3,19.6,40.3,337,Overcast,1,1,
20928,2021-05-20 16:45:00,40.61312,-73.9894,1,0,Traffic Control Disregarded,4418711,22.2,12.5,0.0,0.0,0.0,0.0,3,19.0,38.2,147,Overcast,1,1,
20929,2021-05-18 15:08:00,40.77548,-73.98021,0,0,Driver Inattention/Distraction,4418909,26.1,11.2,0.0,0.0,0.0,0.0,3,15.5,29.2,262,Overcast,0,0,
20930,2021-05-20 17:42:00,40.75555,-73.79375,1,0,Failure to Yield Right-of-Way,4419520,22.2,12.5,0.0,0.0,0.0,0.0,3,19.0,38.2,147,Overcast,1,1,
20931,2021-05-21 16:00:00,40.59198,-74.10829,0,0,Following Too Closely,4418892,23.9,11.3,0.0,0.0,0.0,0.0,3,19.2,38.5,174,Overcast,0,0,
20932,2021-05-19 20:20:00,40.763588,-73.83603,1,0,Failure to Yield Right-of-Way,4418318,28.2,13.6,0.0,0.0,0.0,0.0,3,19.6,40.3,337,Overcast,1,1,
20933,2021-05-20 06:00:00,40.855324,-73.86572,0,0,Driver Inattention/Distraction,4418835,22.2,12.5,0.0,0.0,0.0,0.0,3,19.0,38.2,147,Overcast,0,0,
20934,2021-05-19 11:39:00,40.67298,-73.802704,0,0,Backing Unsafely,4418486,28.2,13.6,0.0,0.0,0.0,0.0,3,19.6,40.3,337,Overcast,0,0,
20935,2021-05-21 11:22:00,40.666573,-73.811775,0,0,Oversized Vehicle,4419067,23.9,11.3,0.0,0.0,0.0,0.0,3,19.2,38.5,174,Overcast,0,0,
20936,2021-05-18 15:35:00,40.76363,-73.9533,0,0,Driver Inattention/Distraction,4419619,26.1,11.2,0.0,0.0,0.0,0.0,3,15.5,29.2,262,Overcast,0,0,
20937,2021-05-20 13:04:00,40.776756,-73.82764,1,0,Failure to Yield Right-of-Way,4419109,22.2,12.5,0.0,0.0,0.0,0.0,3,19.0,38.2,147,Overcast,1,1,
20938,2021-05-17 19:00:00,40.66359,-73.9911,0,0,Driver Inattention/Distraction,4419451,22.9,9.7,0.0,0.0,0.0,0.0,3,17.7,36.0,224,Overcast,0,0,
20939,2021-05-11 19:35:00,40.768024,-73.97029,0,0,Driver Inattention/Distraction,4418877,16.7,8.2,0.0,0.0,0.0,0.0,3,27.0,51.1,292,Overcast,0,0,
20940,2021-05-21 05:00:00,40.711845,-73.859764,1,0,Driver Inexperience,4418934,23.9,11.3,0.0,0.0,0.0,0.0,3,19.2,38.5,174,Overcast,1,1,
20941,2021-05-21 11:22:00,40.885216,-73.87937,0,0,Pavement Defective,4418848,23.9,11.3,0.0,0.0,0.0,0.0,3,19.2,38.5,174,Overcast,0,0,
20942,2021-12-23 21:45:00,40.76282,-73.92029,1,0,Driver Inattention/Distraction,4489436,2.1,-2.3,0.0,0.0,0.0,0.0,3,20.1,35.6,299,Overcast,1,1,
20943,2021-05-19 17:35:00,40.711945,-73.98985,1,0,Unspecified,4419427,28.2,13.6,0.0,0.0,0.0,0.0,3,19.6,40.3,337,Overcast,1,1,
20944,2021-05-19 23:40:00,40.830112,-73.850266,0,0,Unsafe Speed,4418506,28.2,13.6,0.0,0.0,0.0,0.0,3,19.6,40.3,337,Overcast,0,0,
20945,2021-12-23 14:30:00,40.61871,-73.93076,0,0,Unspecified,4489163,2.1,-2.3,0.0,0.0,0.0,0.0,3,20.1,35.6,299,Overcast,0,0,
20946,2021-05-19 10:15:00,40.714264,-73.980934,0,0,Unspecified,4418342,28.2,13.6,0.0,0.0,0.0,0.0,3,19.6,40.3,337,Overcast,0,0,
20947,2021-05-21 22:00:00,40.842655,-73.89052,0,0,Following Too Closely,4419740,23.9,11.3,0.0,0.0,0.0,0.0,3,19.2,38.5,174,Overcast,0,0,
20948,2021-05-20 16:55:00,40.820232,-73.906204,0,0,Other Vehicular,4418718,22.2,12.5,0.0,0.0,0.0,0.0,3,19.0,38.2,147,Overcast,0,0,
20949,2021-05-20 09:05:00,40.742226,-73.99702,0,0,Passing Too Closely,4419345,22.2,12.5,0.0,0.0,0.0,0.0,3,19.0,38.2,147,Overcast,0,0,
20950,2021-05-16 01:00:00,40.75536,-73.90775,0,0,Driver Inattention/Distraction,4419235,22.3,10.7,0.1,0.1,0.0,1.0,51,23.8,46.1,261,Drizzle: Light,0,0,
20951,2021-05-21 16:43:00,40.625286,-73.997246,0,0,Driver Inattention/Distraction,4418941,23.9,11.3,0.0,0.0,0.0,0.0,3,19.2,38.5,174,Overcast,0,0,
20952,2021-05-21 16:48:00,40.858994,-73.90573,0,0,Unspecified,4419129,23.9,11.3,0.0,0.0,0.0,0.0,3,19.2,38.5,174,Overcast,0,0,
20953,2021-05-15 18:30:00,40.68016,-73.893196,0,0,Driver Inattention/Distraction,4419582,22.4,8.7,0.0,0.0,0.0,0.0,3,12.5,23.8,229,Overcast,0,0,
20954,2021-05-21 14:45:00,40.73157,-73.98238,1,0,Unspecified,4419291,23.9,11.3,0.0,0.0,0.0,0.0,3,19.2,38.5,174,Overcast,1,1,
20955,2021-05-21 14:58:00,40.658577,-73.89063,0,0,Unspecified,4419584,23.9,11.3,0.0,0.0,0.0,0.0,3,19.2,38.5,174,Overcast,0,0,
20956,2021-05-21 00:20:00,40.83569,-73.93739,0,0,Passing Too Closely,4418870,23.9,11.3,0.0,0.0,0.0,0.0,3,19.2,38.5,174,Overcast,0,0,
20957,2021-05-20 15:30:00,40.694885,-73.98515,0,0,Unspecified,4418661,22.2,12.5,0.0,0.0,0.0,0.0,3,19.0,38.2,147,Overcast,0,0,
20958,2021-05-21 21:54:00,40.683556,-73.7619,0,0,Reaction to Uninvolved Vehicle,4419435,23.9,11.3,0.0,0.0,0.0,0.0,3,19.2,38.5,174,Overcast,0,0,
20959,2021-05-08 19:55:00,40.6863,-73.93025,0,0,Unspecified,4419198,11.6,7.7,4.3,4.3,0.0,9.0,61,17.5,36.4,140,Rain: Light,0,0,
20960,2021-05-19 09:02:00,40.757355,-73.73887,0,0,Following Too Closely,4418213,28.2,13.6,0.0,0.0,0.0,0.0,3,19.6,40.3,337,Overcast,0,0,
20961,2021-05-20 15:16:00,40.666603,-73.95655,3,0,Following Too Closely,4418642,22.2,12.5,0.0,0.0,0.0,0.0,3,19.0,38.2,147,Overcast,3,3,
20962,2021-05-19 18:15:00,40.61517,-74.159935,0,0,Failure to Yield Right-of-Way,4419542,28.2,13.6,0.0,0.0,0.0,0.0,3,19.6,40.3,337,Overcast,0,0,
20963,2021-05-20 08:30:00,40.744167,-73.91248,0,0,Driver Inattention/Distraction,4418572,22.2,12.5,0.0,0.0,0.0,0.0,3,19.0,38.2,147,Overcast,0,0,
20964,2021-05-19 09:15:00,40.70162,-73.938126,0,0,Passing Too Closely,4418420,28.2,13.6,0.0,0.0,0.0,0.0,3,19.6,40.3,337,Overcast,0,0,
20965,2021-05-20 15:46:00,40.81769,-73.92392,3,0,Other Vehicular,4419032,22.2,12.5,0.0,0.0,0.0,0.0,3,19.0,38.2,147,Overcast,3,3,
20966,2021-05-21 00:00:00,40.749172,-73.967026,0,0,Driver Inattention/Distraction,4418696,23.9,11.3,0.0,0.0,0.0,0.0,3,19.2,38.5,174,Overcast,0,0,
20967,2021-05-20 11:42:00,40.675884,-73.75577,0,0,Passing Too Closely,4418743,22.2,12.5,0.0,0.0,0.0,0.0,3,19.0,38.2,147,Overcast,0,0,
20968,2021-05-19 15:30:00,40.81691,-73.934006,0,0,Unspecified,4418459,28.2,13.6,0.0,0.0,0.0,0.0,3,19.6,40.3,337,Overcast,0,0,
20969,2021-05-19 13:33:00,40.63512,-74.02736,0,0,Unspecified,4418262,28.2,13.6,0.0,0.0,0.0,0.0,3,19.6,40.3,337,Overcast,0,0,
20970,2021-12-24 12:25:00,40.586002,-73.97221,0,0,Driver Inattention/Distraction,4489677,5.7,-1.1,1.0,0.0,0.7,5.0,73,12.4,21.6,73,Snow fall: Moderate,0,0,Snowy Conditions
20971,2021-05-20 11:24:00,40.76635,-73.88756,0,0,Driver Inattention/Distraction,4418997,22.2,12.5,0.0,0.0,0.0,0.0,3,19.0,38.2,147,Overcast,0,0,
20972,2021-05-20 00:20:00,40.736958,-74.00826,0,0,Unspecified,4418754,22.2,12.5,0.0,0.0,0.0,0.0,3,19.0,38.2,147,Overcast,0,0,
20973,2021-05-19 18:40:00,40.847458,-73.944244,1,0,Driver Inattention/Distraction,4418434,28.2,13.6,0.0,0.0,0.0,0.0,3,19.6,40.3,337,Overcast,1,1,
20974,2021-05-19 08:59:00,40.6733,-73.90392,1,0,Unsafe Speed,4418396,28.2,13.6,0.0,0.0,0.0,0.0,3,19.6,40.3,337,Overcast,1,1,
20975,2021-05-07 13:00:00,40.843975,-73.913864,0,0,Passing Too Closely,4419172,16.4,7.7,0.0,0.0,0.0,0.0,3,15.8,32.4,73,Overcast,0,0,
20976,2021-05-17 10:30:00,40.837124,-73.89018,0,0,Unspecified,4418771,22.9,9.7,0.0,0.0,0.0,0.0,3,17.7,36.0,224,Overcast,0,0,
20977,2021-05-19 17:26:00,40.576275,-73.98796,0,0,Unspecified,4419254,28.2,13.6,0.0,0.0,0.0,0.0,3,19.6,40.3,337,Overcast,0,0,
20978,2021-05-16 23:15:00,40.901028,-73.85116,1,0,Other Vehicular,4419248,22.3,10.7,0.1,0.1,0.0,1.0,51,23.8,46.1,261,Drizzle: Light,1,1,
20979,2021-05-19 08:21:00,40.748363,-73.98041,1,0,Traffic Control Disregarded,4418156,28.2,13.6,0.0,0.0,0.0,0.0,3,19.6,40.3,337,Overcast,1,1,
20980,2021-05-21 08:35:00,40.690308,-73.99881,2,0,Following Too Closely,4419685,23.9,11.3,0.0,0.0,0.0,0.0,3,19.2,38.5,174,Overcast,2,2,
20981,2021-05-19 00:23:00,40.676342,-73.910934,1,0,Unspecified,4418073,28.2,13.6,0.0,0.0,0.0,0.0,3,19.6,40.3,337,Overcast,1,1,
20982,2021-05-19 17:45:00,40.677166,-73.92445,0,0,Driver Inattention/Distraction,4418302,28.2,13.6,0.0,0.0,0.0,0.0,3,19.6,40.3,337,Overcast,0,0,
20983,2021-12-24 16:00:00,40.720165,-73.844795,0,0,Passing or Lane Usage Improper,4489419,5.7,-1.1,1.0,0.0,0.7,5.0,73,12.4,21.6,73,Snow fall: Moderate,0,0,Snowy Conditions
20984,2021-05-20 10:30:00,40.682644,-73.97175,1,0,Backing Unsafely,4418619,22.2,12.5,0.0,0.0,0.0,0.0,3,19.0,38.2,147,Overcast,1,1,
20985,2021-05-19 17:00:00,40.69819,-73.96191,0,0,Following Too Closely,4418361,28.2,13.6,0.0,0.0,0.0,0.0,3,19.6,40.3,337,Overcast,0,0,
20986,2021-05-19 15:30:00,40.650772,-74.01519,1,0,Pedestrian/Bicyclist/Other Pedestrian Error/Confusion,4418270,28.2,13.6,0.0,0.0,0.0,0.0,3,19.6,40.3,337,Overcast,1,1,
20987,2021-05-21 02:18:00,40.748924,-73.86726,0,0,Backing Unsafely,4418728,23.9,11.3,0.0,0.0,0.0,0.0,3,19.2,38.5,174,Overcast,0,0,
20988,2021-05-19 18:13:00,40.643604,-73.94301,1,0,Unspecified,4418536,28.2,13.6,0.0,0.0,0.0,0.0,3,19.6,40.3,337,Overcast,1,1,
20989,2021-05-20 12:55:00,40.772926,-73.74207,0,0,Brakes Defective,4418549,22.2,12.5,0.0,0.0,0.0,0.0,3,19.0,38.2,147,Overcast,0,0,
20990,2021-05-21 05:22:00,40.65204,-73.887955,1,0,Failure to Yield Right-of-Way,4418786,23.9,11.3,0.0,0.0,0.0,0.0,3,19.2,38.5,174,Overcast,1,1,
20991,2021-05-20 18:00:00,40.706085,-73.8085,1,0,Failure to Yield Right-of-Way,4418863,22.2,12.5,0.0,0.0,0.0,0.0,3,19.0,38.2,147,Overcast,1,1,
20992,2021-05-21 15:30:00,40.672295,-73.84381,0,0,Following Too Closely,4419061,23.9,11.3,0.0,0.0,0.0,0.0,3,19.2,38.5,174,Overcast,0,0,
20993,2021-05-19 23:25:00,40.761543,-73.805466,0,0,Unspecified,4419516,28.2,13.6,0.0,0.0,0.0,0.0,3,19.6,40.3,337,Overcast,0,0,
20994,2021-05-19 16:48:00,40.85657,-73.8837,0,0,Passing Too Closely,4418831,28.2,13.6,0.0,0.0,0.0,0.0,3,19.6,40.3,337,Overcast,0,0,
20995,2021-05-17 14:30:00,40.77132,-73.80721,0,0,Backing Unsafely,4419223,22.9,9.7,0.0,0.0,0.0,0.0,3,17.7,36.0,224,Overcast,0,0,
20996,2021-05-20 14:50:00,40.789204,-73.95483,2,0,Failure to Keep Right,4418593,22.2,12.5,0.0,0.0,0.0,0.0,3,19.0,38.2,147,Overcast,2,2,
20997,2021-05-20 20:30:00,40.833233,-73.8282,2,0,Unspecified,4418734,22.2,12.5,0.0,0.0,0.0,0.0,3,19.0,38.2,147,Overcast,2,2,
20998,2021-05-21 21:36:00,40.63421,-73.915276,0,0,Other Vehicular,4419443,23.9,11.3,0.0,0.0,0.0,0.0,3,19.2,38.5,174,Overcast,0,0,
20999,2021-05-20 15:50:00,40.637547,-74.003845,1,0,Driver Inattention/Distraction,4419473,22.2,12.5,0.0,0.0,0.0,0.0,3,19.0,38.2,147,Overcast,1,1,
21000,2021-05-19 17:00:00,40.69602,-73.99548,0,0,Driver Inattention/Distraction,4419325,28.2,13.6,0.0,0.0,0.0,0.0,3,19.6,40.3,337,Overcast,0,0,
21001,2021-05-20 14:00:00,40.824005,-73.87383,0,0,Unspecified,4418691,22.2,12.5,0.0,0.0,0.0,0.0,3,19.0,38.2,147,Overcast,0,0,
21002,2021-05-21 13:34:00,40.760674,-73.86216,1,0,Backing Unsafely,4418902,23.9,11.3,0.0,0.0,0.0,0.0,3,19.2,38.5,174,Overcast,1,1,
21003,2021-05-17 13:08:00,40.75462,-73.97374,2,0,Driver Inattention/Distraction,4418889,22.9,9.7,0.0,0.0,0.0,0.0,3,17.7,36.0,224,Overcast,2,2,
21004,2021-05-19 10:15:00,40.66705,-73.77411,2,0,Unspecified,4418310,28.2,13.6,0.0,0.0,0.0,0.0,3,19.6,40.3,337,Overcast,2,2,
21005,2021-05-21 00:35:00,40.72543,-73.99678,0,0,Driver Inattention/Distraction,4419153,23.9,11.3,0.0,0.0,0.0,0.0,3,19.2,38.5,174,Overcast,0,0,
21006,2021-05-19 11:09:00,40.700836,-73.90854,0,0,Backing Unsafely,4418500,28.2,13.6,0.0,0.0,0.0,0.0,3,19.6,40.3,337,Overcast,0,0,
21007,2021-05-20 18:50:00,40.90244,-73.842735,2,0,Unspecified,4419272,22.2,12.5,0.0,0.0,0.0,0.0,3,19.0,38.2,147,Overcast,2,2,
21008,2021-05-20 17:45:00,40.664375,-73.92376,0,0,Failure to Yield Right-of-Way,4418615,22.2,12.5,0.0,0.0,0.0,0.0,3,19.0,38.2,147,Overcast,0,0,
21009,2021-05-20 05:43:00,40.636086,-73.95091,1,0,Unspecified,4418410,22.2,12.5,0.0,0.0,0.0,0.0,3,19.0,38.2,147,Overcast,1,1,
21010,2021-05-20 08:33:00,40.688213,-73.919815,0,0,Passing or Lane Usage Improper,4418637,22.2,12.5,0.0,0.0,0.0,0.0,3,19.0,38.2,147,Overcast,0,0,
21011,2021-05-18 09:55:00,40.816338,-73.83697,0,0,Unspecified,4419692,26.1,11.2,0.0,0.0,0.0,0.0,3,15.5,29.2,262,Overcast,0,0,
21012,2021-05-20 08:52:00,40.60869,-73.75174,0,0,Other Vehicular,4418981,22.2,12.5,0.0,0.0,0.0,0.0,3,19.0,38.2,147,Overcast,0,0,
21013,2021-05-20 14:33:00,40.657536,-73.902756,0,0,Unspecified,4419202,22.2,12.5,0.0,0.0,0.0,0.0,3,19.0,38.2,147,Overcast,0,0,
21014,2021-05-20 14:41:00,40.84631,-73.91947,1,0,View Obstructed/Limited,4418800,22.2,12.5,0.0,0.0,0.0,0.0,3,19.0,38.2,147,Overcast,1,1,
21015,2021-05-20 09:36:00,40.691597,-73.98438,0,0,Passing Too Closely,4418656,22.2,12.5,0.0,0.0,0.0,0.0,3,19.0,38.2,147,Overcast,0,0,
21016,2021-05-20 19:50:00,40.652477,-73.86798,1,0,Driver Inattention/Distraction,4418785,22.2,12.5,0.0,0.0,0.0,0.0,3,19.0,38.2,147,Overcast,1,1,
21017,2021-12-23 00:54:00,40.739964,-73.89424,0,0,Unspecified,4488949,2.1,-2.3,0.0,0.0,0.0,0.0,3,20.1,35.6,299,Overcast,0,0,
21018,2021-05-18 21:00:00,40.82572,-73.92716,1,0,Driver Inattention/Distraction,4418763,26.1,11.2,0.0,0.0,0.0,0.0,3,15.5,29.2,262,Overcast,1,1,
21019,2021-05-19 11:28:00,40.68798,-73.9678,0,0,Unspecified,4418195,28.2,13.6,0.0,0.0,0.0,0.0,3,19.6,40.3,337,Overcast,0,0,
21020,2021-05-21 14:40:00,40.67743,-73.87591,0,0,Unspecified,4419588,23.9,11.3,0.0,0.0,0.0,0.0,3,19.2,38.5,174,Overcast,0,0,
21021,2021-05-20 14:40:00,40.61132,-74.114716,0,0,Following Too Closely,4419548,22.2,12.5,0.0,0.0,0.0,0.0,3,19.0,38.2,147,Overcast,0,0,
21022,2021-12-23 10:30:00,40.660797,-73.87183,0,0,Driver Inattention/Distraction,4489328,2.1,-2.3,0.0,0.0,0.0,0.0,3,20.1,35.6,299,Overcast,0,0,
21023,2021-05-20 11:46:00,40.628494,-73.98282,0,0,Unspecified,4419329,22.2,12.5,0.0,0.0,0.0,0.0,3,19.0,38.2,147,Overcast,0,0,
21024,2021-05-20 10:41:00,40.748863,-73.97584,1,0,Driver Inattention/Distraction,4418577,22.2,12.5,0.0,0.0,0.0,0.0,3,19.0,38.2,147,Overcast,1,1,
21025,2021-05-19 16:27:00,40.613056,-73.95816,1,0,Traffic Control Disregarded,4418405,28.2,13.6,0.0,0.0,0.0,0.0,3,19.6,40.3,337,Overcast,1,1,
21026,2021-05-19 07:29:00,40.644844,-73.92964,0,0,Unspecified,4418241,28.2,13.6,0.0,0.0,0.0,0.0,3,19.6,40.3,337,Overcast,0,0,
21027,2021-05-20 02:30:00,40.52858,-74.22184,0,0,Driver Inattention/Distraction,4418758,22.2,12.5,0.0,0.0,0.0,0.0,3,19.0,38.2,147,Overcast,0,0,
21028,2021-05-21 17:00:00,40.645622,-73.95405,0,0,Unspecified,4419357,23.9,11.3,0.0,0.0,0.0,0.0,3,19.2,38.5,174,Overcast,0,0,
21029,2021-05-20 03:10:00,40.71444,-73.83127,0,0,Unspecified,4418465,22.2,12.5,0.0,0.0,0.0,0.0,3,19.0,38.2,147,Overcast,0,0,
21030,2021-05-19 19:25:00,40.63127,-73.9829,0,0,Unspecified,4418454,28.2,13.6,0.0,0.0,0.0,0.0,3,19.6,40.3,337,Overcast,0,0,
21031,2021-05-20 23:45:00,40.832035,-73.901665,0,0,Backing Unsafely,4418775,22.2,12.5,0.0,0.0,0.0,0.0,3,19.0,38.2,147,Overcast,0,0,
21032,2021-05-19 09:05:00,40.87831,-73.870155,0,0,Passing or Lane Usage Improper,4419260,28.2,13.6,0.0,0.0,0.0,0.0,3,19.6,40.3,337,Overcast,0,0,
21033,2021-05-20 18:55:00,40.757668,-73.99483,1,0,Following Too Closely,4419374,22.2,12.5,0.0,0.0,0.0,0.0,3,19.0,38.2,147,Overcast,1,1,
21034,2021-12-04 20:30:00,40.80648,-73.95621,1,0,Passenger Distraction,4489571,8.3,-0.7,0.0,0.0,0.0,0.0,3,13.5,25.9,231,Overcast,1,1,
21035,2021-05-21 22:13:00,40.663113,-73.92573,0,0,Unspecified,4419372,23.9,11.3,0.0,0.0,0.0,0.0,3,19.2,38.5,174,Overcast,0,0,
21036,2021-05-20 14:15:00,40.732243,-73.87013,0,0,Following Too Closely,4418723,22.2,12.5,0.0,0.0,0.0,0.0,3,19.0,38.2,147,Overcast,0,0,
21037,2021-05-21 07:10:00,40.654957,-74.007034,0,0,Backing Unsafely,4418958,23.9,11.3,0.0,0.0,0.0,0.0,3,19.2,38.5,174,Overcast,0,0,
21038,2021-05-20 13:30:00,40.832344,-73.89269,0,0,Driver Inattention/Distraction,4419180,22.2,12.5,0.0,0.0,0.0,0.0,3,19.0,38.2,147,Overcast,0,0,
21039,2021-05-21 13:20:00,40.712727,-73.87935,0,0,Driver Inexperience,4418917,23.9,11.3,0.0,0.0,0.0,0.0,3,19.2,38.5,174,Overcast,0,0,