,CRASH DATETIME,LATITUDE,LONGITUDE,NUMBER OF PERSONS INJURED,NUMBER OF PERSONS KILLED,CONTRIBUTING FACTOR VEHICLE 1,COLLISION_ID,temperature_2m_max,temperature_2m_min,precipitation_sum,rain_sum,snowfall_sum,precipitation_hours,weather_code,wind_speed_10m_max,wind_gusts_10m_max,wind_direction_10m_dominant,Weather Description,Severity_Score,Total_Affected_Persons,Weather_Category
21040,2021-05-20 14:45:00,40.65853,-73.764206,0,0,Unspecified,4418643,22.2,12.5,0.0,0.0,0.0,0.0,3,19.0,38.2,147,Overcast,0,0,
21041,2021-05-20 08:15:00,40.84196,-73.915306,0,0,Unspecified,4418495,22.2,12.5,0.0,0.0,0.0,0.0,3,19.0,38.2,147,Overcast,0,0,
21042,2021-05-20 17:56:00,40.740784,-73.89893,1,0,Driver Inattention/Distraction,4418669,22.2,12.5,0.0,0.0,0.0,0.0,3,19.0,38.2,147,Overcast,1,1,
21043,2021-05-19 18:00:00,40.600426,-73.941895,0,0,Unspecified,4418348,28.2,13.6,0.0,0.0,0.0,0.0,3,19.6,40.3,337,Overcast,0,0,
21044,2021-05-20 09:22:00,40.79876,-73.93598,0,0,Passing Too Closely,4418541,22.2,12.5,0.0,0.0,0.0,0.0,3,19.0,38.2,147,Overcast,0,0,
21045,2021-05-20 01:09:00,40.80879,-73.91619,2,0,Brakes Defective,4418545,22.2,12.5,0.0,0.0,0.0,0.0,3,19.0,38.2,147,Overcast,2,2,
21046,2021-05-20 16:00:00,40.71585,-73.81183,0,0,Following Too Closely,4418623,22.2,12.5,0.0,0.0,0.0,0.0,3,19.0,38.2,147,Overcast,0,0,
21047,2021-05-19 08:00:00,40.822533,-73.88509,2,0,Accelerator Defective,4418373,28.2,13.6,0.0,0.0,0.0,0.0,3,19.6,40.3,337,Overcast,2,2,
21048,2021-05-21 07:59:00,40.691914,-73.88363,1,0,Driver Inattention/Distraction,4419481,23.9,11.3,0.0,0.0,0.0,0.0,3,19.2,38.5,174,Overcast,1,1,
21049,2021-05-20 17:48:00,40.5832,-73.97304,0,0,Driver Inexperience,4419273,22.2,12.5,0.0,0.0,0.0,0.0,3,19.0,38.2,147,Overcast,0,0,
21050,2021-05-21 14:22:00,40.769886,-73.92781,1,0,Unspecified,4419296,23.9,11.3,0.0,0.0,0.0,0.0,3,19.2,38.5,174,Overcast,1,1,
21051,2021-05-19 22:41:00,40.84137,-73.826096,0,0,Unspecified,4418391,28.2,13.6,0.0,0.0,0.0,0.0,3,19.6,40.3,337,Overcast,0,0,
21052,2021-05-20 18:00:00,40.70912,-73.92764,0,0,Passing or Lane Usage Improper,4418685,22.2,12.5,0.0,0.0,0.0,0.0,3,19.0,38.2,147,Overcast,0,0,
21053,2021-05-19 18:30:00,40.726116,-73.79063,0,0,Driver Inattention/Distraction,4418859,28.2,13.6,0.0,0.0,0.0,0.0,3,19.6,40.3,337,Overcast,0,0,
21054,2021-05-19 22:50:00,40.794758,-73.94235,0,0,Failure to Yield Right-of-Way,4418587,28.2,13.6,0.0,0.0,0.0,0.0,3,19.6,40.3,337,Overcast,0,0,
21055,2021-05-20 07:32:00,40.720654,-73.984276,1,0,Unspecified,4418704,22.2,12.5,0.0,0.0,0.0,0.0,3,19.0,38.2,147,Overcast,1,1,
21056,2021-05-19 16:20:00,40.74413,-73.927055,1,0,Driver Inattention/Distraction,4418306,28.2,13.6,0.0,0.0,0.0,0.0,3,19.6,40.3,337,Overcast,1,1,
21057,2021-05-21 17:19:00,40.737503,-73.98,0,0,Unspecified,4419285,23.9,11.3,0.0,0.0,0.0,0.0,3,19.2,38.5,174,Overcast,0,0,
21058,2021-05-20 07:39:00,40.742466,-73.99311,0,0,Driver Inattention/Distraction,4418470,22.2,12.5,0.0,0.0,0.0,0.0,3,19.0,38.2,147,Overcast,0,0,
21059,2021-05-19 18:45:00,40.66968,-73.88237,0,0,Unspecified,4418790,28.2,13.6,0.0,0.0,0.0,0.0,3,19.6,40.3,337,Overcast,0,0,
21060,2021-05-20 23:30:00,40.721333,-73.85593,0,0,Unspecified,4419437,22.2,12.5,0.0,0.0,0.0,0.0,3,19.0,38.2,147,Overcast,0,0,
21061,2021-05-21 08:40:00,40.802753,-73.93358,0,0,Following Too Closely,4418827,23.9,11.3,0.0,0.0,0.0,0.0,3,19.2,38.5,174,Overcast,0,0,
21062,2021-05-14 07:00:00,40.754276,-73.90902,0,0,Turning Improperly,4419231,21.6,7.5,0.0,0.0,0.0,0.0,2,14.3,25.2,276,Partly cloudy,0,0,
21063,2021-05-21 00:00:00,40.58698,-73.8201,0,0,Traffic Control Disregarded,4419056,23.9,11.3,0.0,0.0,0.0,0.0,3,19.2,38.5,174,Overcast,0,0,
21064,2021-05-19 19:30:00,40.728573,-73.998535,0,0,Unspecified,4418753,28.2,13.6,0.0,0.0,0.0,0.0,3,19.6,40.3,337,Overcast,0,0,
21065,2021-05-20 09:33:00,40.641537,-73.98245,2,0,Driver Inattention/Distraction,4419316,22.2,12.5,0.0,0.0,0.0,0.0,3,19.0,38.2,147,Overcast,2,2,
21066,2021-05-21 19:00:00,40.67217,-73.88301,0,0,Driver Inattention/Distraction,4419576,23.9,11.3,0.0,0.0,0.0,0.0,3,19.2,38.5,174,Overcast,0,0,
21067,2021-05-21 20:18:00,40.67947,-73.98009,0,0,Unspecified,4419000,23.9,11.3,0.0,0.0,0.0,0.0,3,19.2,38.5,174,Overcast,0,0,
21068,2021-05-21 12:20:00,40.663334,-73.960236,0,0,Following Too Closely,4418885,23.9,11.3,0.0,0.0,0.0,0.0,3,19.2,38.5,174,Overcast,0,0,
21069,2021-05-21 18:00:00,40.856712,-73.84961,0,0,Unspecified,4419121,23.9,11.3,0.0,0.0,0.0,0.0,3,19.2,38.5,174,Overcast,0,0,
21070,2021-05-19 10:30:00,40.873695,-73.824394,0,0,Unspecified,4419157,28.2,13.6,0.0,0.0,0.0,0.0,3,19.6,40.3,337,Overcast,0,0,
21071,2021-05-18 17:09:00,40.827984,-73.84329,0,0,Unsafe Lane Changing,4419567,26.1,11.2,0.0,0.0,0.0,0.0,3,15.5,29.2,262,Overcast,0,0,
21072,2021-05-19 22:20:00,40.666733,-73.95079,1,0,Driver Inattention/Distraction,4418329,28.2,13.6,0.0,0.0,0.0,0.0,3,19.6,40.3,337,Overcast,1,1,
21073,2021-05-20 16:03:00,40.881744,-73.85706,0,0,Passing Too Closely,4419267,22.2,12.5,0.0,0.0,0.0,0.0,3,19.0,38.2,147,Overcast,0,0,
21074,2021-05-19 18:30:00,40.5604,-74.16975,0,0,Driver Inattention/Distraction,4418607,28.2,13.6,0.0,0.0,0.0,0.0,3,19.6,40.3,337,Overcast,0,0,
21075,2021-05-21 21:07:00,40.706768,-73.75373,0,0,Failure to Yield Right-of-Way,4419414,23.9,11.3,0.0,0.0,0.0,0.0,3,19.2,38.5,174,Overcast,0,0,
21076,2021-05-20 12:00:00,40.778885,-73.81454,0,0,Passing or Lane Usage Improper,4419515,22.2,12.5,0.0,0.0,0.0,0.0,3,19.0,38.2,147,Overcast,0,0,
21077,2021-05-20 13:10:00,40.596756,-73.93342,1,0,Unspecified,4418768,22.2,12.5,0.0,0.0,0.0,0.0,3,19.0,38.2,147,Overcast,1,1,
21078,2021-12-23 20:00:00,40.763645,-73.940414,0,0,Unspecified,4489549,2.1,-2.3,0.0,0.0,0.0,0.0,3,20.1,35.6,299,Overcast,0,0,
21079,2021-05-20 14:29:00,40.796772,-73.934845,0,0,Passing Too Closely,4418748,22.2,12.5,0.0,0.0,0.0,0.0,3,19.0,38.2,147,Overcast,0,0,
21080,2021-05-21 00:00:00,40.683414,-73.98816,0,0,Driver Inattention/Distraction,4418987,23.9,11.3,0.0,0.0,0.0,0.0,3,19.2,38.5,174,Overcast,0,0,
21081,2021-05-21 16:20:00,40.693306,-73.95311,0,0,Driver Inexperience,4419334,23.9,11.3,0.0,0.0,0.0,0.0,3,19.2,38.5,174,Overcast,0,0,
21082,2021-05-15 23:55:00,40.619,-74.084785,0,0,Backing Unsafely,4419169,22.4,8.7,0.0,0.0,0.0,0.0,3,12.5,23.8,229,Overcast,0,0,
21083,2021-05-21 16:10:00,40.817898,-73.938095,0,0,Unspecified,4419668,23.9,11.3,0.0,0.0,0.0,0.0,3,19.2,38.5,174,Overcast,0,0,
21084,2021-05-20 17:25:00,40.70122,-73.83144,0,0,Backing Unsafely,4418817,22.2,12.5,0.0,0.0,0.0,0.0,3,19.0,38.2,147,Overcast,0,0,
21085,2021-05-20 17:58:00,40.882385,-73.90408,0,0,Unspecified,4418675,22.2,12.5,0.0,0.0,0.0,0.0,3,19.0,38.2,147,Overcast,0,0,
21086,2021-05-20 13:22:00,40.666233,-73.761,1,0,Unspecified,4418928,22.2,12.5,0.0,0.0,0.0,0.0,3,19.0,38.2,147,Overcast,1,1,
21087,2021-05-20 00:15:00,40.655827,-73.898605,0,0,Unspecified,4418780,22.2,12.5,0.0,0.0,0.0,0.0,3,19.0,38.2,147,Overcast,0,0,
21088,2021-05-20 11:39:00,40.74916,-73.92035,1,0,Driver Inattention/Distraction,4418949,22.2,12.5,0.0,0.0,0.0,0.0,3,19.0,38.2,147,Overcast,1,1,
21089,2021-05-20 13:22:00,40.684097,-73.76465,0,0,Passing Too Closely,4419768,22.2,12.5,0.0,0.0,0.0,0.0,3,19.0,38.2,147,Overcast,0,0,
21090,2021-05-21 13:30:00,40.60106,-73.93427,1,0,Driver Inattention/Distraction,4418881,23.9,11.3,0.0,0.0,0.0,0.0,3,19.2,38.5,174,Overcast,1,1,
21091,2021-05-21 14:32:00,40.69198,-73.98731,1,0,Pedestrian/Bicyclist/Other Pedestrian Error/Confusion,4419013,23.9,11.3,0.0,0.0,0.0,0.0,3,19.2,38.5,174,Overcast,1,1,
21092,2021-05-21 08:03:00,40.816456,-73.86683,0,0,Passing Too Closely,4418812,23.9,11.3,0.0,0.0,0.0,0.0,3,19.2,38.5,174,Overcast,0,0,
21093,2021-05-13 19:00:00,40.789444,-73.98212,0,0,Passing or Lane Usage Improper,4419459,19.1,7.2,0.0,0.0,0.0,0.0,1,15.8,27.4,315,Mainly clear,0,0,Sunny/Clear Conditions
21094,2021-05-19 09:30:00,40.811405,-73.94283,0,0,Pedestrian/Bicyclist/Other Pedestrian Error/Confusion,4419678,28.2,13.6,0.0,0.0,0.0,0.0,3,19.6,40.3,337,Overcast,0,0,
21095,2021-05-21 12:45:00,40.824932,-73.82431,1,0,Unspecified,4419162,23.9,11.3,0.0,0.0,0.0,0.0,3,19.2,38.5,174,Overcast,1,1,
21096,2021-05-17 09:55:00,40.811623,-73.95061,0,0,Passing or Lane Usage Improper,4419306,22.9,9.7,0.0,0.0,0.0,0.0,3,17.7,36.0,224,Overcast,0,0,
21097,2021-05-20 01:55:00,40.757935,-73.98557,0,0,Other Vehicular,4418384,22.2,12.5,0.0,0.0,0.0,0.0,3,19.0,38.2,147,Overcast,0,0,
21098,2021-12-22 18:30:00,40.581062,-74.00071,0,0,Unspecified,4488929,8.1,-0.0,4.2,4.2,0.0,9.0,61,26.7,47.9,313,Rain: Light,0,0,
21099,2021-05-19 06:20:00,40.799698,-73.96997,0,0,Driver Inattention/Distraction,4418124,28.2,13.6,0.0,0.0,0.0,0.0,3,19.6,40.3,337,Overcast,0,0,
21100,2021-05-19 13:00:00,40.66496,-73.82226,1,0,Following Too Closely,4418425,28.2,13.6,0.0,0.0,0.0,0.0,3,19.6,40.3,337,Overcast,1,1,
21101,2021-05-19 18:45:00,40.753525,-73.994545,1,0,Driver Inattention/Distraction,4418480,28.2,13.6,0.0,0.0,0.0,0.0,3,19.6,40.3,337,Overcast,1,1,
21102,2021-05-21 13:45:00,40.66283,-73.92615,0,0,Following Too Closely,4419353,23.9,11.3,0.0,0.0,0.0,0.0,3,19.2,38.5,174,Overcast,0,0,
21103,2021-05-19 10:00:00,40.71582,-73.81759,1,0,Reaction to Uninvolved Vehicle,4418290,28.2,13.6,0.0,0.0,0.0,0.0,3,19.6,40.3,337,Overcast,1,1,
21104,2021-05-20 14:30:00,40.727684,-73.95304,0,0,Driver Inattention/Distraction,4419645,22.2,12.5,0.0,0.0,0.0,0.0,3,19.0,38.2,147,Overcast,0,0,
21105,2021-05-17 15:00:00,40.89687,-73.87645,0,0,Unspecified,4419722,22.9,9.7,0.0,0.0,0.0,0.0,3,17.7,36.0,224,Overcast,0,0,
21106,2021-05-19 08:20:00,40.77039,-73.91771,1,0,Unspecified,4418447,28.2,13.6,0.0,0.0,0.0,0.0,3,19.6,40.3,337,Overcast,1,1,
21107,2021-05-19 16:15:00,40.56067,-74.13489,0,0,Backing Unsafely,4418601,28.2,13.6,0.0,0.0,0.0,0.0,3,19.6,40.3,337,Overcast,0,0,
21108,2021-05-20 16:00:00,40.76465,-73.823494,1,0,Unsafe Lane Changing,4419113,22.2,12.5,0.0,0.0,0.0,0.0,3,19.0,38.2,147,Overcast,1,1,
21109,2021-05-20 17:13:00,40.683907,-73.880844,0,0,Unspecified,4418795,22.2,12.5,0.0,0.0,0.0,0.0,3,19.0,38.2,147,Overcast,0,0,
21110,2021-05-21 15:55:00,40.537678,-74.1652,0,0,Driver Inattention/Distraction,4419385,23.9,11.3,0.0,0.0,0.0,0.0,3,19.2,38.5,174,Overcast,0,0,
21111,2021-05-21 07:00:00,40.757072,-73.85492,0,0,Other Vehicular,4418854,23.9,11.3,0.0,0.0,0.0,0.0,3,19.2,38.5,174,Overcast,0,0,
21112,2021-05-20 00:00:00,40.80623,-73.91206,0,0,Turning Improperly,4418719,22.2,12.5,0.0,0.0,0.0,0.0,3,19.0,38.2,147,Overcast,0,0,
21113,2021-05-19 20:49:00,40.70509,-73.85261,1,0,Driver Inattention/Distraction,4418325,28.2,13.6,0.0,0.0,0.0,0.0,3,19.6,40.3,337,Overcast,1,1,
21114,2021-05-19 02:30:00,40.8216,-73.91211,0,0,Unspecified,4418352,28.2,13.6,0.0,0.0,0.0,0.0,3,19.6,40.3,337,Overcast,0,0,
21115,2021-12-23 10:30:00,40.69053,-73.7585,0,0,Unspecified,4489455,2.1,-2.3,0.0,0.0,0.0,0.0,3,20.1,35.6,299,Overcast,0,0,
21116,2021-05-19 23:35:00,40.84519,-73.9112,1,0,Unspecified,4418523,28.2,13.6,0.0,0.0,0.0,0.0,3,19.6,40.3,337,Overcast,1,1,
21117,2021-05-19 19:52:00,40.798107,-73.950325,0,0,Unspecified,4419280,28.2,13.6,0.0,0.0,0.0,0.0,3,19.6,40.3,337,Overcast,0,0,
21118,2021-05-20 19:55:00,40.691715,-73.73483,1,0,Unspecified,4418681,22.2,12.5,0.0,0.0,0.0,0.0,3,19.0,38.2,147,Overcast,1,1,
21119,2021-05-19 12:00:00,40.827904,-73.91218,0,0,Unspecified,4418365,28.2,13.6,0.0,0.0,0.0,0.0,3,19.6,40.3,337,Overcast,0,0,
21120,2021-05-19 04:41:00,40.856606,-73.92841,2,0,Passing or Lane Usage Improper,4418822,28.2,13.6,0.0,0.0,0.0,0.0,3,19.6,40.3,337,Overcast,2,2,
21121,2021-05-21 19:05:00,40.842453,-73.93552,0,0,Unspecified,4419534,23.9,11.3,0.0,0.0,0.0,0.0,3,19.2,38.5,174,Overcast,0,0,
21122,2021-05-20 18:40:00,40.71406,-73.95292,0,0,Driver Inattention/Distraction,4418700,22.2,12.5,0.0,0.0,0.0,0.0,3,19.0,38.2,147,Overcast,0,0,
21123,2021-05-19 09:48:00,40.6656,-73.74648,2,0,Unspecified,4418311,28.2,13.6,0.0,0.0,0.0,0.0,3,19.6,40.3,337,Overcast,2,2,
21124,2021-05-20 15:20:00,40.842514,-73.93566,0,0,Passing Too Closely,4419527,22.2,12.5,0.0,0.0,0.0,0.0,3,19.0,38.2,147,Overcast,0,0,
21125,2021-05-21 15:55:00,40.707153,-73.93149,1,0,Passing or Lane Usage Improper,4419738,23.9,11.3,0.0,0.0,0.0,0.0,3,19.2,38.5,174,Overcast,1,1,
21126,2021-05-21 14:44:00,40.77882,-73.953995,0,0,Driver Inattention/Distraction,4419496,23.9,11.3,0.0,0.0,0.0,0.0,3,19.2,38.5,174,Overcast,0,0,
21127,2021-05-20 16:09:00,40.657837,-73.95033,0,0,Unsafe Speed,4418649,22.2,12.5,0.0,0.0,0.0,0.0,3,19.0,38.2,147,Overcast,0,0,
21128,2021-05-21 18:05:00,40.753017,-73.87165,1,0,View Obstructed/Limited,4419044,23.9,11.3,0.0,0.0,0.0,0.0,3,19.2,38.5,174,Overcast,1,1,
21129,2021-12-23 09:20:00,40.629124,-73.94336,0,0,Unsafe Speed,4489126,2.1,-2.3,0.0,0.0,0.0,0.0,3,20.1,35.6,299,Overcast,0,0,
21130,2021-05-20 07:00:00,40.69977,-73.98294,0,0,Passing or Lane Usage Improper,4418896,22.2,12.5,0.0,0.0,0.0,0.0,3,19.0,38.2,147,Overcast,0,0,
21131,2021-05-19 21:50:00,40.8283,-73.88281,0,0,Unspecified,4418503,28.2,13.6,0.0,0.0,0.0,0.0,3,19.6,40.3,337,Overcast,0,0,
21132,2021-05-20 13:20:00,40.759308,-73.944176,0,0,Oversized Vehicle,4419239,22.2,12.5,0.0,0.0,0.0,0.0,3,19.0,38.2,147,Overcast,0,0,
21133,2021-05-21 13:19:00,40.71736,-73.9064,0,0,Passing Too Closely,4418913,23.9,11.3,0.0,0.0,0.0,0.0,3,19.2,38.5,174,Overcast,0,0,
21134,2021-05-20 17:00:00,40.665348,-73.91157,2,0,Unspecified,4419208,22.2,12.5,0.0,0.0,0.0,0.0,3,19.0,38.2,147,Overcast,2,2,
21135,2021-05-15 20:05:00,40.631996,-73.8877,0,0,Unsafe Lane Changing,4419081,22.4,8.7,0.0,0.0,0.0,0.0,3,12.5,23.8,229,Overcast,0,0,
21136,2021-05-20 05:20:00,40.64119,-73.90703,0,0,Alcohol Involvement,4418844,22.2,12.5,0.0,0.0,0.0,0.0,3,19.0,38.2,147,Overcast,0,0,
21137,2021-05-20 05:40:00,40.856403,-73.9073,0,0,Unspecified,4418511,22.2,12.5,0.0,0.0,0.0,0.0,3,19.0,38.2,147,Overcast,0,0,
21138,2021-05-21 15:35:00,40.670006,-73.95328,0,0,Following Too Closely,4418945,23.9,11.3,0.0,0.0,0.0,0.0,3,19.2,38.5,174,Overcast,0,0,
21139,2021-05-01 21:00:00,40.842644,-73.85181,0,0,Other Vehicular,4418849,17.3,5.0,0.0,0.0,0.0,0.0,3,31.7,63.4,302,Overcast,0,0,
21140,2021-05-20 16:19:00,40.853813,-73.90734,1,0,Driver Inattention/Distraction,4418807,22.2,12.5,0.0,0.0,0.0,0.0,3,19.0,38.2,147,Overcast,1,1,
21141,2021-05-20 17:05:00,40.609005,-73.97304,1,0,Pedestrian/Bicyclist/Other Pedestrian Error/Confusion,4418712,22.2,12.5,0.0,0.0,0.0,0.0,3,19.0,38.2,147,Overcast,1,1,
21142,2021-05-21 14:53:00,40.648403,-73.96288,0,0,Failure to Yield Right-of-Way,4419140,23.9,11.3,0.0,0.0,0.0,0.0,3,19.2,38.5,174,Overcast,0,0,
21143,2021-05-19 19:50:00,40.87911,-73.84325,0,0,Driver Inexperience,4418533,28.2,13.6,0.0,0.0,0.0,0.0,3,19.6,40.3,337,Overcast,0,0,
21144,2021-05-20 16:20:00,40.765472,-73.956505,0,0,Driver Inattention/Distraction,4419409,22.2,12.5,0.0,0.0,0.0,0.0,3,19.0,38.2,147,Overcast,0,0,
21145,2021-05-21 17:41:00,40.70812,-73.964325,0,0,Following Too Closely,4419750,23.9,11.3,0.0,0.0,0.0,0.0,3,19.2,38.5,174,Overcast,0,0,
21146,2021-05-21 00:00:00,40.86808,-73.90858,0,2,Unsafe Speed,4419608,23.9,11.3,0.0,0.0,0.0,0.0,3,19.2,38.5,174,Overcast,40,2,
21147,2021-12-21 00:00:00,40.826977,-73.90256,0,0,Unspecified,4489775,5.7,-2.4,0.0,0.0,0.0,0.0,3,13.6,24.5,228,Overcast,0,0,
21148,2021-12-17 21:17:00,40.690266,-73.91546,0,0,Unspecified,4489803,13.9,6.1,0.0,0.0,0.0,0.0,3,21.5,37.1,265,Overcast,0,0,
21149,2021-12-20 07:28:00,40.628365,-74.12206,1,0,Alcohol Involvement,4489600,1.8,-4.4,0.0,0.0,0.0,0.0,2,17.9,32.8,282,Partly cloudy,1,1,
21150,2021-12-24 01:00:00,40.82634,-73.89194,0,0,Unspecified,4489476,5.7,-1.1,1.0,0.0,0.7,5.0,73,12.4,21.6,73,Snow fall: Moderate,0,0,Snowy Conditions
21151,2021-12-23 13:00:00,40.67506,-73.916626,0,0,Unspecified,4489144,2.1,-2.3,0.0,0.0,0.0,0.0,3,20.1,35.6,299,Overcast,0,0,
21152,2021-12-22 19:05:00,40.817513,-73.91712,0,0,Unspecified,4488961,8.1,-0.0,4.2,4.2,0.0,9.0,61,26.7,47.9,313,Rain: Light,0,0,
21153,2021-12-23 17:40:00,40.65822,-73.89146,0,0,Unspecified,4489333,2.1,-2.3,0.0,0.0,0.0,0.0,3,20.1,35.6,299,Overcast,0,0,
21154,2021-12-17 00:00:00,40.748512,-73.98872,1,0,Driver Inexperience,4489610,13.9,6.1,0.0,0.0,0.0,0.0,3,21.5,37.1,265,Overcast,1,1,
21155,2021-12-24 17:05:00,40.840527,-73.88952,1,0,Driver Inattention/Distraction,4489822,5.7,-1.1,1.0,0.0,0.7,5.0,73,12.4,21.6,73,Snow fall: Moderate,1,1,Snowy Conditions
21156,2021-12-24 17:55:00,40.635303,-74.00617,1,0,Unspecified,4489507,5.7,-1.1,1.0,0.0,0.7,5.0,73,12.4,21.6,73,Snow fall: Moderate,1,1,Snowy Conditions
21157,2021-12-23 14:20:00,40.882538,-73.82697,0,0,Turning Improperly,4489280,2.1,-2.3,0.0,0.0,0.0,0.0,3,20.1,35.6,299,Overcast,0,0,
21158,2021-12-22 08:20:00,40.661217,-73.917984,0,0,Unspecified,4488765,8.1,-0.0,4.2,4.2,0.0,9.0,61,26.7,47.9,313,Rain: Light,0,0,
21159,2021-12-23 19:57:00,40.79323,-73.979515,0,0,Driver Inattention/Distraction,4489194,2.1,-2.3,0.0,0.0,0.0,0.0,3,20.1,35.6,299,Overcast,0,0,
21160,2021-12-22 11:00:00,40.605003,-73.74954,0,0,Failure to Yield Right-of-Way,4489044,8.1,-0.0,4.2,4.2,0.0,9.0,61,26.7,47.9,313,Rain: Light,0,0,
21161,2021-12-23 22:35:00,40.63176,-73.92629,0,0,Unspecified,4489732,2.1,-2.3,0.0,0.0,0.0,0.0,3,20.1,35.6,299,Overcast,0,0,
21162,2021-12-24 13:50:00,40.727207,-73.90742,0,0,Driver Inattention/Distraction,4489355,5.7,-1.1,1.0,0.0,0.7,5.0,73,12.4,21.6,73,Snow fall: Moderate,0,0,Snowy Conditions
21163,2021-12-22 08:15:00,40.690838,-73.822876,1,0,Pedestrian/Bicyclist/Other Pedestrian Error/Confusion,4489102,8.1,-0.0,4.2,4.2,0.0,9.0,61,26.7,47.9,313,Rain: Light,1,1,
21164,2021-12-22 17:50:00,40.696663,-73.98085,0,0,Following Too Closely,4488880,8.1,-0.0,4.2,4.2,0.0,9.0,61,26.7,47.9,313,Rain: Light,0,0,
21165,2021-12-23 02:00:00,40.781437,-73.841446,0,0,Unspecified,4488973,2.1,-2.3,0.0,0.0,0.0,0.0,3,20.1,35.6,299,Overcast,0,0,
21166,2021-12-24 22:14:00,40.587326,-73.99173,0,0,Driver Inattention/Distraction,4489684,5.7,-1.1,1.0,0.0,0.7,5.0,73,12.4,21.6,73,Snow fall: Moderate,0,0,Snowy Conditions
21167,2021-12-22 17:15:00,40.809097,-73.95194,1,0,Pedestrian/Bicyclist/Other Pedestrian Error/Confusion,4489074,8.1,-0.0,4.2,4.2,0.0,9.0,61,26.7,47.9,313,Rain: Light,1,1,
21168,2021-12-22 06:30:00,40.677414,-73.7588,0,0,Following Too Closely,4489018,8.1,-0.0,4.2,4.2,0.0,9.0,61,26.7,47.9,313,Rain: Light,0,0,
21169,2021-12-24 17:40:00,40.75314,-73.87262,0,0,Driver Inattention/Distraction,4489383,5.7,-1.1,1.0,0.0,0.7,5.0,73,12.4,21.6,73,Snow fall: Moderate,0,0,Snowy Conditions
21170,2021-12-22 08:18:00,40.684753,-73.86077,1,0,Failure to Yield Right-of-Way,4488757,8.1,-0.0,4.2,4.2,0.0,9.0,61,26.7,47.9,313,Rain: Light,1,1,
21171,2021-12-22 04:34:00,40.810287,-73.90172,1,0,Pavement Slippery,4488640,8.1,-0.0,4.2,4.2,0.0,9.0,61,26.7,47.9,313,Rain: Light,1,1,
21172,2021-12-22 19:15:00,40.69133,-73.95177,1,0,Failure to Yield Right-of-Way,4488914,8.1,-0.0,4.2,4.2,0.0,9.0,61,26.7,47.9,313,Rain: Light,1,1,
21173,2021-12-20 21:24:00,40.62051,-73.99248,1,0,Failure to Yield Right-of-Way,4489587,1.8,-4.4,0.0,0.0,0.0,0.0,2,17.9,32.8,282,Partly cloudy,1,1,
21174,2021-12-23 12:57:00,40.61606,-74.02576,1,0,Driver Inattention/Distraction,4489246,2.1,-2.3,0.0,0.0,0.0,0.0,3,20.1,35.6,299,Overcast,1,1,
21175,2021-12-22 23:15:00,40.84499,-73.867195,0,0,Driver Inattention/Distraction,4488987,8.1,-0.0,4.2,4.2,0.0,9.0,61,26.7,47.9,313,Rain: Light,0,0,
21176,2021-12-22 15:00:00,40.578823,-73.98628,0,0,Driver Inattention/Distraction,4488885,8.1,-0.0,4.2,4.2,0.0,9.0,61,26.7,47.9,313,Rain: Light,0,0,
21177,2021-12-23 09:58:00,40.59682,-73.92957,0,0,Driver Inattention/Distraction,4489167,2.1,-2.3,0.0,0.0,0.0,0.0,3,20.1,35.6,299,Overcast,0,0,
21178,2021-12-23 18:45:00,40.654003,-73.979935,1,0,Unspecified,4489179,2.1,-2.3,0.0,0.0,0.0,0.0,3,20.1,35.6,299,Overcast,1,1,
21179,2021-12-24 22:33:00,40.735504,-73.95264,0,0,Driver Inattention/Distraction,4489398,5.7,-1.1,1.0,0.0,0.7,5.0,73,12.4,21.6,73,Snow fall: Moderate,0,0,Snowy Conditions
21180,2021-12-21 12:31:00,40.68782,-73.9627,0,0,Aggressive Driving/Road Rage,4489499,5.7,-2.4,0.0,0.0,0.0,0.0,3,13.6,24.5,228,Overcast,0,0,
21181,2021-12-22 14:55:00,40.610725,-74.08635,1,0,Unspecified,4489131,8.1,-0.0,4.2,4.2,0.0,9.0,61,26.7,47.9,313,Rain: Light,1,1,
21182,2021-12-24 02:40:00,40.71874,-73.75887,0,0,Alcohol Involvement,4489765,5.7,-1.1,1.0,0.0,0.7,5.0,73,12.4,21.6,73,Snow fall: Moderate,0,0,Snowy Conditions
21183,2021-12-20 17:30:00,40.840378,-73.86923,0,0,Driver Inattention/Distraction,4489451,1.8,-4.4,0.0,0.0,0.0,0.0,2,17.9,32.8,282,Partly cloudy,0,0,
21184,2021-12-23 20:33:00,40.690987,-73.80087,2,0,Unspecified,4489214,2.1,-2.3,0.0,0.0,0.0,0.0,3,20.1,35.6,299,Overcast,2,2,
21185,2021-12-23 13:00:00,40.66252,-73.84071,1,0,Driver Inattention/Distraction,4489795,2.1,-2.3,0.0,0.0,0.0,0.0,3,20.1,35.6,299,Overcast,1,1,
21186,2021-12-24 03:55:00,40.8619,-73.89124,0,0,Unspecified,4489311,5.7,-1.1,1.0,0.0,0.7,5.0,73,12.4,21.6,73,Snow fall: Moderate,0,0,Snowy Conditions
21187,2021-11-08 23:40:00,40.81096,-73.950935,0,0,Driver Inattention/Distraction,4489564,16.5,6.4,0.0,0.0,0.0,0.0,3,17.4,33.8,355,Overcast,0,0,
21188,2021-12-22 15:03:00,40.61874,-73.957275,0,0,Driver Inattention/Distraction,4489546,8.1,-0.0,4.2,4.2,0.0,9.0,61,26.7,47.9,313,Rain: Light,0,0,