,CRASH DATETIME,LATITUDE,LONGITUDE,NUMBER OF PERSONS INJURED,NUMBER OF PERSONS KILLED,CONTRIBUTING FACTOR VEHICLE 1,COLLISION_ID,temperature_2m_max,temperature_2m_min,precipitation_sum,rain_sum,snowfall_sum,precipitation_hours,weather_code,wind_speed_10m_max,wind_gusts_10m_max,wind_direction_10m_dominant,Weather Description,Severity_Score,Total_Affected_Persons,Weather_Category
21189,2021-12-24 16:30:00,40.8477,-73.90097,0,0,Driver Inattention/Distraction,4489844,5.7,-1.1,1.0,0.0,0.7,5.0,73,12.4,21.6,73,Snow fall: Moderate,0,0,Snowy Conditions
21190,2021-12-22 23:15:00,40.6552,-73.893555,0,0,Unspecified,4489140,8.1,-0.0,4.2,4.2,0.0,9.0,61,26.7,47.9,313,Rain: Light,0,0,
21191,2021-12-23 03:20:00,40.720802,-73.998436,0,0,Fell Asleep,4489243,2.1,-2.3,0.0,0.0,0.0,0.0,3,20.1,35.6,299,Overcast,0,0,
21192,2021-12-23 07:01:00,40.773335,-73.94421,0,0,Reaction to Uninvolved Vehicle,4489034,2.1,-2.3,0.0,0.0,0.0,0.0,3,20.1,35.6,299,Overcast,0,0,
21193,2021-12-22 04:50:00,40.812817,-73.89198,0,0,Unspecified,4489257,8.1,-0.0,4.2,4.2,0.0,9.0,61,26.7,47.9,313,Rain: Light,0,0,
21194,2021-12-24 14:00:00,40.636326,-73.958405,0,0,Other Vehicular,4489657,5.7,-1.1,1.0,0.0,0.7,5.0,73,12.4,21.6,73,Snow fall: Moderate,0,0,Snowy Conditions
21195,2021-12-22 09:00:00,40.67079,-73.9949,0,0,Passing or Lane Usage Improper,4489275,8.1,-0.0,4.2,4.2,0.0,9.0,61,26.7,47.9,313,Rain: Light,0,0,
21196,2021-12-23 12:00:00,40.71321,-73.79351,0,0,Unspecified,4489397,2.1,-2.3,0.0,0.0,0.0,0.0,3,20.1,35.6,299,Overcast,0,0,
21197,2021-12-20 13:18:00,40.72514,-73.93381,0,0,Passing or Lane Usage Improper,4489375,1.8,-4.4,0.0,0.0,0.0,0.0,2,17.9,32.8,282,Partly cloudy,0,0,
21198,2021-12-22 10:20:00,40.79814,-73.94051,1,0,Aggressive Driving/Road Rage,4488808,8.1,-0.0,4.2,4.2,0.0,9.0,61,26.7,47.9,313,Rain: Light,1,1,
21199,2021-12-23 05:20:00,40.76351,-73.98898,0,0,Unspecified,4489067,2.1,-2.3,0.0,0.0,0.0,0.0,3,20.1,35.6,299,Overcast,0,0,
21200,2021-12-23 17:18:00,40.867256,-73.88363,0,0,Passing Too Closely,4489198,2.1,-2.3,0.0,0.0,0.0,0.0,3,20.1,35.6,299,Overcast,0,0,
21201,2021-12-22 15:30:00,40.840656,-73.874504,0,0,Driver Inattention/Distraction,4489026,8.1,-0.0,4.2,4.2,0.0,9.0,61,26.7,47.9,313,Rain: Light,0,0,
21202,2022-02-18 21:45:00,40.69166,-73.82971,1,0,Brakes Defective,4504471,15.6,-2.8,11.9,11.9,0.0,6.0,63,44.1,79.2,261,Rain: Moderate,1,1,
21203,2021-12-22 05:55:00,40.747475,-73.89329,0,0,Driver Inattention/Distraction,4488775,8.1,-0.0,4.2,4.2,0.0,9.0,61,26.7,47.9,313,Rain: Light,0,0,
21204,2021-12-22 11:40:00,40.8852,-73.83562,0,0,Unspecified,4488861,8.1,-0.0,4.2,4.2,0.0,9.0,61,26.7,47.9,313,Rain: Light,0,0,
21205,2021-12-24 14:24:00,40.668034,-73.950096,1,0,Failure to Yield Right-of-Way,4489370,5.7,-1.1,1.0,0.0,0.7,5.0,73,12.4,21.6,73,Snow fall: Moderate,1,1,Snowy Conditions
21206,2021-12-23 07:30:00,40.63931,-73.89432,0,0,Unspecified,4489107,2.1,-2.3,0.0,0.0,0.0,0.0,3,20.1,35.6,299,Overcast,0,0,
21207,2021-12-23 10:10:00,40.84299,-73.82625,0,0,Following Too Closely,4489097,2.1,-2.3,0.0,0.0,0.0,0.0,3,20.1,35.6,299,Overcast,0,0,
21208,2021-12-22 04:35:00,40.71399,-73.92455,1,0,Prescription Medication,4488722,8.1,-0.0,4.2,4.2,0.0,9.0,61,26.7,47.9,313,Rain: Light,1,1,
21209,2021-12-23 20:35:00,40.743275,-73.77572,0,0,Unspecified,4489387,2.1,-2.3,0.0,0.0,0.0,0.0,3,20.1,35.6,299,Overcast,0,0,
21210,2021-12-22 18:00:00,40.707226,-73.804504,0,0,Driver Inattention/Distraction,4489215,8.1,-0.0,4.2,4.2,0.0,9.0,61,26.7,47.9,313,Rain: Light,0,0,
21211,2021-12-24 18:42:00,40.74861,-73.86709,1,0,Driver Inattention/Distraction,4489634,5.7,-1.1,1.0,0.0,0.7,5.0,73,12.4,21.6,73,Snow fall: Moderate,1,1,Snowy Conditions
21212,2021-12-24 23:00:00,40.607243,-73.98726,0,0,Driver Inattention/Distraction,4489581,5.7,-1.1,1.0,0.0,0.7,5.0,73,12.4,21.6,73,Snow fall: Moderate,0,0,Snowy Conditions
21213,2021-12-23 11:56:00,40.64534,-73.97778,1,0,Unspecified,4489263,2.1,-2.3,0.0,0.0,0.0,0.0,3,20.1,35.6,299,Overcast,1,1,
21214,2021-12-22 16:00:00,40.593945,-73.75913,0,0,View Obstructed/Limited,4489134,8.1,-0.0,4.2,4.2,0.0,9.0,61,26.7,47.9,313,Rain: Light,0,0,
21215,2021-12-23 20:35:00,40.744358,-73.88597,3,0,Driver Inattention/Distraction,4489291,2.1,-2.3,0.0,0.0,0.0,0.0,3,20.1,35.6,299,Overcast,3,3,
21216,2021-12-22 20:25:00,40.820747,-73.906006,0,0,Failure to Yield Right-of-Way,4488965,8.1,-0.0,4.2,4.2,0.0,9.0,61,26.7,47.9,313,Rain: Light,0,0,
21217,2021-12-23 17:09:00,40.630505,-73.92812,0,0,Driver Inattention/Distraction,4489171,2.1,-2.3,0.0,0.0,0.0,0.0,3,20.1,35.6,299,Overcast,0,0,
21218,2021-12-23 17:04:00,40.627983,-73.92493,0,0,Driver Inattention/Distraction,4489175,2.1,-2.3,0.0,0.0,0.0,0.0,3,20.1,35.6,299,Overcast,0,0,
21219,2021-12-22 02:40:00,40.680855,-74.00305,0,0,Passing or Lane Usage Improper,4488628,8.1,-0.0,4.2,4.2,0.0,9.0,61,26.7,47.9,313,Rain: Light,0,0,
21220,2021-12-23 17:05:00,40.64275,-73.90378,0,0,Traffic Control Disregarded,4489250,2.1,-2.3,0.0,0.0,0.0,0.0,3,20.1,35.6,299,Overcast,0,0,
21221,2021-12-22 04:04:00,40.767612,-73.950005,1,0,Driver Inexperience,4488997,8.1,-0.0,4.2,4.2,0.0,9.0,61,26.7,47.9,313,Rain: Light,1,1,
21222,2021-12-22 15:00:00,40.56895,-74.12491,0,0,Driver Inattention/Distraction,4489013,8.1,-0.0,4.2,4.2,0.0,9.0,61,26.7,47.9,313,Rain: Light,0,0,
21223,2021-12-23 13:56:00,40.78459,-73.77337,1,0,Aggressive Driving/Road Rage,4489207,2.1,-2.3,0.0,0.0,0.0,0.0,3,20.1,35.6,299,Overcast,1,1,
21224,2021-12-24 10:20:00,40.75425,-73.827835,0,0,Failure to Yield Right-of-Way,4489323,5.7,-1.1,1.0,0.0,0.7,5.0,73,12.4,21.6,73,Snow fall: Moderate,0,0,Snowy Conditions
21225,2021-12-22 16:40:00,40.698463,-73.960205,0,0,Driver Inattention/Distraction,4488918,8.1,-0.0,4.2,4.2,0.0,9.0,61,26.7,47.9,313,Rain: Light,0,0,
21226,2021-12-23 07:00:00,40.638523,-73.97319,1,0,Driver Inattention/Distraction,4489114,2.1,-2.3,0.0,0.0,0.0,0.0,3,20.1,35.6,299,Overcast,1,1,
21227,2021-12-24 23:35:00,40.699654,-73.74227,0,0,Traffic Control Disregarded,4489402,5.7,-1.1,1.0,0.0,0.7,5.0,73,12.4,21.6,73,Snow fall: Moderate,0,0,Snowy Conditions
21228,2021-12-24 17:58:00,40.844173,-73.91746,1,0,Unsafe Speed,4489446,5.7,-1.1,1.0,0.0,0.7,5.0,73,12.4,21.6,73,Snow fall: Moderate,1,1,Snowy Conditions
21229,2021-12-19 19:00:00,40.702168,-73.7924,0,0,Failure to Yield Right-of-Way,4489761,7.1,-1.8,0.5,0.5,0.0,4.0,51,26.4,47.5,327,Drizzle: Light,0,0,
21230,2021-12-19 00:30:00,40.644863,-74.01748,1,0,Unspecified,4489365,7.1,-1.8,0.5,0.5,0.0,4.0,51,26.4,47.5,327,Drizzle: Light,1,1,
21231,2021-12-24 21:00:00,40.672062,-73.925255,0,0,Driver Inattention/Distraction,4489693,5.7,-1.1,1.0,0.0,0.7,5.0,73,12.4,21.6,73,Snow fall: Moderate,0,0,Snowy Conditions
21232,2021-12-24 06:50:00,40.713688,-73.99459,1,0,Failure to Yield Right-of-Way,4489542,5.7,-1.1,1.0,0.0,0.7,5.0,73,12.4,21.6,73,Snow fall: Moderate,1,1,Snowy Conditions
21233,2021-12-23 14:35:00,40.850307,-73.88644,1,0,Failure to Yield Right-of-Way,4489818,2.1,-2.3,0.0,0.0,0.0,0.0,3,20.1,35.6,299,Overcast,1,1,
21234,2021-12-24 01:15:00,40.81632,-73.89622,0,0,Passing Too Closely,4489855,5.7,-1.1,1.0,0.0,0.7,5.0,73,12.4,21.6,73,Snow fall: Moderate,0,0,Snowy Conditions
21235,2021-12-22 16:30:00,40.61698,-73.920555,0,0,Unspecified,4488942,8.1,-0.0,4.2,4.2,0.0,9.0,61,26.7,47.9,313,Rain: Light,0,0,
21236,2021-12-23 20:30:00,40.820137,-73.899864,0,0,Unspecified,4489239,2.1,-2.3,0.0,0.0,0.0,0.0,3,20.1,35.6,299,Overcast,0,0,
21237,2021-12-20 14:54:00,40.747295,-73.97405,1,0,Driver Inattention/Distraction,4489380,1.8,-4.4,0.0,0.0,0.0,0.0,2,17.9,32.8,282,Partly cloudy,1,1,
21238,2021-12-24 13:30:00,40.645424,-74.01689,0,0,Following Too Closely,4489360,5.7,-1.1,1.0,0.0,0.7,5.0,73,12.4,21.6,73,Snow fall: Moderate,0,0,Snowy Conditions
21239,2021-12-24 17:46:00,40.748684,-73.873985,0,0,Driver Inattention/Distraction,4489671,5.7,-1.1,1.0,0.0,0.7,5.0,73,12.4,21.6,73,Snow fall: Moderate,0,0,Snowy Conditions
21240,2021-12-20 11:12:00,40.764103,-73.93277,1,0,Reaction to Uninvolved Vehicle,4489435,1.8,-4.4,0.0,0.0,0.0,0.0,2,17.9,32.8,282,Partly cloudy,1,1,
21241,2021-12-11 04:05:00,40.69835,-73.92275,1,0,Driver Inattention/Distraction,4489297,17.3,5.0,8.1,8.1,0.0,5.0,63,35.0,67.0,206,Rain: Moderate,1,1,
21242,2021-12-21 00:20:00,40.63542,-74.12406,0,0,Driver Inattention/Distraction,4489594,5.7,-2.4,0.0,0.0,0.0,0.0,3,13.6,24.5,228,Overcast,0,0,
21243,2021-12-23 20:40:00,40.737984,-73.790085,1,0,Driver Inattention/Distraction,4489392,2.1,-2.3,0.0,0.0,0.0,0.0,3,20.1,35.6,299,Overcast,1,1,
21244,2021-12-19 05:42:00,40.669544,-73.917145,0,0,Unspecified,4489531,7.1,-1.8,0.5,0.5,0.0,4.0,51,26.4,47.5,327,Drizzle: Light,0,0,
21245,2021-12-22 10:59:00,40.845425,-73.84492,1,0,Driver Inattention/Distraction,4489713,8.1,-0.0,4.2,4.2,0.0,9.0,61,26.7,47.9,313,Rain: Light,1,1,
21246,2021-12-18 01:53:00,40.77365,-73.93121,0,0,Unspecified,4489428,6.3,4.5,3.8,3.8,0.0,9.0,61,12.3,24.5,35,Rain: Light,0,0,
21247,2021-12-24 00:00:00,40.856266,-73.88301,0,0,Driver Inattention/Distraction,4489862,5.7,-1.1,1.0,0.0,0.7,5.0,73,12.4,21.6,73,Snow fall: Moderate,0,0,Snowy Conditions
21248,2021-12-22 16:48:00,40.605713,-74.09459,0,0,Driver Inattention/Distraction,4489007,8.1,-0.0,4.2,4.2,0.0,9.0,61,26.7,47.9,313,Rain: Light,0,0,
21249,2021-12-22 09:20:00,40.676598,-73.93039,1,0,Driver Inattention/Distraction,4488854,8.1,-0.0,4.2,4.2,0.0,9.0,61,26.7,47.9,313,Rain: Light,1,1,
21250,2021-12-22 02:10:00,40.848927,-73.88816,0,0,Accelerator Defective,4488702,8.1,-0.0,4.2,4.2,0.0,9.0,61,26.7,47.9,313,Rain: Light,0,0,
21251,2021-12-22 20:49:00,40.75546,-73.88631,0,0,Driver Inattention/Distraction,4489060,8.1,-0.0,4.2,4.2,0.0,9.0,61,26.7,47.9,313,Rain: Light,0,0,
21252,2021-12-23 08:30:00,40.81996,-73.862656,2,0,Driver Inattention/Distraction,4489122,2.1,-2.3,0.0,0.0,0.0,0.0,3,20.1,35.6,299,Overcast,2,2,
21253,2021-12-22 18:20:00,40.729855,-74.00396,0,0,Driver Inexperience,4488889,8.1,-0.0,4.2,4.2,0.0,9.0,61,26.7,47.9,313,Rain: Light,0,0,
21254,2021-12-23 09:08:00,40.863632,-73.87168,2,0,Other Vehicular,4489086,2.1,-2.3,0.0,0.0,0.0,0.0,3,20.1,35.6,299,Overcast,2,2,
21255,2021-12-23 17:14:00,40.82681,-73.889984,2,0,Unspecified,4489226,2.1,-2.3,0.0,0.0,0.0,0.0,3,20.1,35.6,299,Overcast,2,2,
21256,2021-12-24 15:05:00,40.83285,-73.8852,0,0,Unspecified,4489811,5.7,-1.1,1.0,0.0,0.7,5.0,73,12.4,21.6,73,Snow fall: Moderate,0,0,Snowy Conditions
21257,2021-12-24 19:15:00,40.694065,-73.85106,1,0,Unspecified,4489410,5.7,-1.1,1.0,0.0,0.7,5.0,73,12.4,21.6,73,Snow fall: Moderate,1,1,Snowy Conditions
21258,2021-12-15 23:00:00,40.723724,-73.85455,1,0,Traffic Control Disregarded,4489482,10.3,1.8,1.0,1.0,0.0,6.0,51,20.6,38.2,104,Drizzle: Light,1,1,
21259,2021-12-24 02:00:00,40.67908,-73.880684,0,0,Driver Inattention/Distraction,4489334,5.7,-1.1,1.0,0.0,0.7,5.0,73,12.4,21.6,73,Snow fall: Moderate,0,0,Snowy Conditions
21260,2021-12-24 21:02:00,40.65613,-73.90825,0,0,Unspecified,4489643,5.7,-1.1,1.0,0.0,0.7,5.0,73,12.4,21.6,73,Snow fall: Moderate,0,0,Snowy Conditions
21261,2021-12-22 18:20:00,40.676193,-74.001335,0,0,Unspecified,4488933,8.1,-0.0,4.2,4.2,0.0,9.0,61,26.7,47.9,313,Rain: Light,0,0,
21262,2021-12-22 10:05:00,40.815556,-73.92441,2,0,Turning Improperly,4488969,8.1,-0.0,4.2,4.2,0.0,9.0,61,26.7,47.9,313,Rain: Light,2,2,
21263,2021-12-22 22:47:00,40.73958,-73.90082,0,0,Driver Inattention/Distraction,4489189,8.1,-0.0,4.2,4.2,0.0,9.0,61,26.7,47.9,313,Rain: Light,0,0,
21264,2021-12-23 05:44:00,40.881783,-73.86536,3,0,Alcohol Involvement,4489156,2.1,-2.3,0.0,0.0,0.0,0.0,3,20.1,35.6,299,Overcast,3,3,
21265,2021-12-23 19:40:00,40.632755,-73.92984,2,0,Failure to Yield Right-of-Way,4489284,2.1,-2.3,0.0,0.0,0.0,0.0,3,20.1,35.6,299,Overcast,2,2,
21266,2021-12-24 16:00:00,40.628086,-73.94422,0,0,Driver Inattention/Distraction,4489460,5.7,-1.1,1.0,0.0,0.7,5.0,73,12.4,21.6,73,Snow fall: Moderate,0,0,Snowy Conditions
21267,2021-12-24 05:46:00,40.701614,-73.914856,0,0,Following Too Closely,4489302,5.7,-1.1,1.0,0.0,0.7,5.0,73,12.4,21.6,73,Snow fall: Moderate,0,0,Snowy Conditions
21268,2021-12-22 23:05:00,40.738552,-73.98043,0,0,Driver Inattention/Distraction,4488991,8.1,-0.0,4.2,4.2,0.0,9.0,61,26.7,47.9,313,Rain: Light,0,0,
21269,2021-12-24 23:45:00,40.74547,-73.94655,0,0,Driver Inattention/Distraction,4489440,5.7,-1.1,1.0,0.0,0.7,5.0,73,12.4,21.6,73,Snow fall: Moderate,0,0,Snowy Conditions
21270,2021-12-20 13:00:00,40.74074,-73.90779,0,0,Following Too Closely,4489319,1.8,-4.4,0.0,0.0,0.0,0.0,2,17.9,32.8,282,Partly cloudy,0,0,
21271,2021-12-22 10:54:00,40.744072,-73.78353,1,0,Driver Inattention/Distraction,4488922,8.1,-0.0,4.2,4.2,0.0,9.0,61,26.7,47.9,313,Rain: Light,1,1,
21272,2021-12-23 14:30:00,40.703148,-73.94938,0,0,Passing or Lane Usage Improper,4489268,2.1,-2.3,0.0,0.0,0.0,0.0,3,20.1,35.6,299,Overcast,0,0,
21273,2021-12-24 14:22:00,40.8695,-73.82619,0,0,Unspecified,4489744,5.7,-1.1,1.0,0.0,0.7,5.0,73,12.4,21.6,73,Snow fall: Moderate,0,0,Snowy Conditions
21274,2021-12-21 19:30:00,40.634506,-73.949455,1,0,Unspecified,4489556,5.7,-2.4,0.0,0.0,0.0,0.0,3,13.6,24.5,228,Overcast,1,1,
21275,2021-12-23 11:22:00,40.66475,-73.89405,1,0,Unspecified,4489141,2.1,-2.3,0.0,0.0,0.0,0.0,3,20.1,35.6,299,Overcast,1,1,
21276,2021-12-24 18:15:00,40.64469,-73.949905,1,0,Unspecified,4489576,5.7,-1.1,1.0,0.0,0.7,5.0,73,12.4,21.6,73,Snow fall: Moderate,1,1,Snowy Conditions
21277,2021-12-24 21:05:00,40.83335,-73.93524,0,0,Unsafe Lane Changing,4489701,5.7,-1.1,1.0,0.0,0.7,5.0,73,12.4,21.6,73,Snow fall: Moderate,0,0,Snowy Conditions
21278,2021-12-24 16:30:00,40.681263,-73.83954,0,0,Passing or Lane Usage Improper,4489782,5.7,-1.1,1.0,0.0,0.7,5.0,73,12.4,21.6,73,Snow fall: Moderate,0,0,Snowy Conditions
21279,2021-12-20 14:00:00,40.721096,-73.94001,0,0,Turning Improperly,4489472,1.8,-4.4,0.0,0.0,0.0,0.0,2,17.9,32.8,282,Partly cloudy,0,0,
21280,2021-12-22 07:50:00,40.696663,-73.98085,0,0,Passing or Lane Usage Improper,4489150,8.1,-0.0,4.2,4.2,0.0,9.0,61,26.7,47.9,313,Rain: Light,0,0,
21281,2021-12-21 09:45:00,40.723457,-73.80626,0,0,Failure to Yield Right-of-Way,4489620,5.7,-2.4,0.0,0.0,0.0,0.0,3,13.6,24.5,228,Overcast,0,0,
21282,2021-12-24 17:06:00,40.703,-73.94425,0,0,Failure to Yield Right-of-Way,4489477,5.7,-1.1,1.0,0.0,0.7,5.0,73,12.4,21.6,73,Snow fall: Moderate,0,0,Snowy Conditions
21283,2021-12-24 11:40:00,40.753994,-73.9742,0,0,Passing or Lane Usage Improper,4489423,5.7,-1.1,1.0,0.0,0.7,5.0,73,12.4,21.6,73,Snow fall: Moderate,0,0,Snowy Conditions
21284,2021-12-24 09:00:00,40.666725,-73.86977,0,0,Unspecified,4489329,5.7,-1.1,1.0,0.0,0.7,5.0,73,12.4,21.6,73,Snow fall: Moderate,0,0,Snowy Conditions
21285,2021-12-23 00:13:00,40.669235,-73.845314,0,0,Unsafe Lane Changing,4489833,2.1,-2.3,0.0,0.0,0.0,0.0,3,20.1,35.6,299,Overcast,0,0,
21286,2021-12-23 15:00:00,40.632065,-73.91861,0,0,Driver Inattention/Distraction,4489164,2.1,-2.3,0.0,0.0,0.0,0.0,3,20.1,35.6,299,Overcast,0,0,
21287,2021-12-22 23:45:00,40.584755,-73.94712,0,0,Alcohol Involvement,4488950,8.1,-0.0,4.2,4.2,0.0,9.0,61,26.7,47.9,313,Rain: Light,0,0,
21288,2022-02-14 13:30:00,40.67189,-73.895874,0,0,Turning Improperly,4504563,-3.4,-10.4,0.0,0.0,0.0,0.0,3,26.4,49.3,316,Overcast,0,0,
21289,2022-02-19 14:11:00,40.61692,-74.0833,0,0,Driver Inattention/Distraction,4504105,3.3,-5.5,0.4,0.0,0.28,4.0,71,35.3,64.4,260,Snow fall: Light,0,0,Snowy Conditions
21290,2022-02-19 17:30:00,40.83872,-73.91378,1,0,Driver Inattention/Distraction,4504094,3.3,-5.5,0.4,0.0,0.28,4.0,71,35.3,64.4,260,Snow fall: Light,1,1,Snowy Conditions
21291,2022-02-19 18:38:00,40.68578,-73.9544,0,0,Driver Inattention/Distraction,4504504,3.3,-5.5,0.4,0.0,0.28,4.0,71,35.3,64.4,260,Snow fall: Light,0,0,Snowy Conditions
21292,2022-02-19 19:40:00,40.58117,-73.95989,0,0,Following Too Closely,4504194,3.3,-5.5,0.4,0.0,0.28,4.0,71,35.3,64.4,260,Snow fall: Light,0,0,Snowy Conditions
21293,2022-02-19 20:24:00,40.614685,-74.15805,0,0,Failure to Yield Right-of-Way,4504311,3.3,-5.5,0.4,0.0,0.28,4.0,71,35.3,64.4,260,Snow fall: Light,0,0,Snowy Conditions
21294,2021-11-06 21:18:00,40.767918,-73.985725,1,0,Driver Inattention/Distraction,4504655,10.5,3.4,0.0,0.0,0.0,0.0,0,9.5,17.6,61,Clear sky,1,1,Sunny/Clear Conditions
21295,2022-02-19 13:47:00,40.815826,-73.947044,1,0,Driver Inattention/Distraction,4504390,3.3,-5.5,0.4,0.0,0.28,4.0,71,35.3,64.4,260,Snow fall: Light,1,1,Snowy Conditions
21296,2022-02-19 06:30:00,40.73826,-73.87928,0,0,Reaction to Uninvolved Vehicle,4504167,3.3,-5.5,0.4,0.0,0.28,4.0,71,35.3,64.4,260,Snow fall: Light,0,0,Snowy Conditions
21297,2022-02-18 16:53:00,40.60809,-74.14093,0,0,Driver Inattention/Distraction,4504601,15.6,-2.8,11.9,11.9,0.0,6.0,63,44.1,79.2,261,Rain: Moderate,0,0,
21298,2022-01-20 19:00:00,40.714653,-73.81639,0,0,Unspecified,4504634,5.2,-5.5,7.3,4.6,1.89,10.0,73,22.3,40.0,315,Snow fall: Moderate,0,0,Snowy Conditions
21299,2022-02-18 09:00:00,40.78326,-73.950745,0,0,Failure to Yield Right-of-Way,4504669,15.6,-2.8,11.9,11.9,0.0,6.0,63,44.1,79.2,261,Rain: Moderate,0,0,
21300,2022-02-19 18:28:00,40.757442,-73.86747,1,0,Driver Inattention/Distraction,4504247,3.3,-5.5,0.4,0.0,0.28,4.0,71,35.3,64.4,260,Snow fall: Light,1,1,Snowy Conditions
21301,2022-02-22 14:20:00,40.838726,-73.87768,0,0,Passing or Lane Usage Improper,4505191,13.6,-0.2,4.7,4.7,0.0,8.0,61,38.4,76.0,175,Rain: Light,0,0,
21302,2022-02-22 11:13:00,40.65624,-73.89872,0,0,Unspecified,4504795,13.6,-0.2,4.7,4.7,0.0,8.0,61,38.4,76.0,175,Rain: Light,0,0,
21303,2022-02-22 01:30:00,40.645397,-73.91893,1,1,Unsafe Speed,4504805,13.6,-0.2,4.7,4.7,0.0,8.0,61,38.4,76.0,175,Rain: Light,21,2,
21304,2022-02-22 07:00:00,40.752777,-73.86627,1,0,Driver Inattention/Distraction,4505065,13.6,-0.2,4.7,4.7,0.0,8.0,61,38.4,76.0,175,Rain: Light,1,1,
21305,2022-02-22 19:05:00,40.843678,-73.871956,0,0,Reaction to Uninvolved Vehicle,4504827,13.6,-0.2,4.7,4.7,0.0,8.0,61,38.4,76.0,175,Rain: Light,0,0,
21306,2022-06-26 19:58:00,40.849213,-73.9338,1,0,Alcohol Involvement,4543109,30.8,19.9,0.0,0.0,0.0,0.0,3,30.9,55.8,188,Overcast,1,1,
21307,2022-06-29 18:10:00,40.692883,-73.95678,1,0,Unspecified,4542055,29.0,17.7,0.0,0.0,0.0,0.0,3,27.2,51.5,195,Overcast,1,1,
21308,2022-07-01 14:20:00,40.706852,-73.81459,0,0,Driver Inexperience,4542782,33.7,20.2,0.1,0.1,0.0,1.0,51,32.3,58.0,215,Drizzle: Light,0,0,
21309,2022-07-01 16:50:00,40.68405,-73.97746,0,0,Passing Too Closely,4542747,33.7,20.2,0.1,0.1,0.0,1.0,51,32.3,58.0,215,Drizzle: Light,0,0,
21310,2022-06-29 14:15:00,40.835777,-73.91648,5,0,Lost Consciousness,4542132,29.0,17.7,0.0,0.0,0.0,0.0,3,27.2,51.5,195,Overcast,5,5,
21311,2022-06-30 10:30:00,40.76861,-73.95189,0,0,Driver Inattention/Distraction,4543077,31.2,17.3,0.0,0.0,0.0,0.0,2,19.1,37.4,274,Partly cloudy,0,0,
21312,2022-06-30 00:55:00,40.89675,-73.85988,2,0,Traffic Control Disregarded,4542300,31.2,17.3,0.0,0.0,0.0,0.0,2,19.1,37.4,274,Partly cloudy,2,2,
21313,2022-06-11 21:50:00,40.848118,-73.93089,1,0,Driver Inattention/Distraction,4542960,24.0,15.8,0.2,0.2,0.0,2.0,51,11.4,22.7,280,Drizzle: Light,1,1,
21314,2022-06-29 19:55:00,40.799976,-73.94274,1,0,Driver Inattention/Distraction,4542028,29.0,17.7,0.0,0.0,0.0,0.0,3,27.2,51.5,195,Overcast,1,1,
21315,2022-07-01 22:39:00,40.692112,-73.77729,4,0,Traffic Control Disregarded,4542602,33.7,20.2,0.1,0.1,0.0,1.0,51,32.3,58.0,215,Drizzle: Light,4,4,
21316,2022-06-24 15:02:00,40.751602,-73.93384,1,0,Failure to Yield Right-of-Way,4542645,26.7,14.6,1.0,1.0,0.0,6.0,51,19.2,37.4,204,Drizzle: Light,1,1,
21317,2022-06-29 00:35:00,40.700836,-73.98594,0,0,Driver Inattention/Distraction,4541985,29.0,17.7,0.0,0.0,0.0,0.0,3,27.2,51.5,195,Overcast,0,0,
21318,2022-07-01 04:00:00,40.712166,-73.74211,0,0,Other Vehicular,4542353,33.7,20.2,0.1,0.1,0.0,1.0,51,32.3,58.0,215,Drizzle: Light,0,0,
21319,2022-06-30 09:14:00,40.85678,-73.86192,0,0,Driver Inattention/Distraction,4542366,31.2,17.3,0.0,0.0,0.0,0.0,2,19.1,37.4,274,Partly cloudy,0,0,
21320,2022-06-28 16:20:00,40.732677,-73.95203,3,0,Unsafe Speed,4543031,27.5,19.1,0.0,0.0,0.0,0.0,3,14.4,28.4,334,Overcast,3,3,
21321,2022-06-29 10:00:00,40.829136,-73.9114,1,0,Failure to Yield Right-of-Way,4542867,29.0,17.7,0.0,0.0,0.0,0.0,3,27.2,51.5,195,Overcast,1,1,
21322,2022-06-30 08:00:00,40.636787,-73.74057,2,0,Unspecified,4542185,31.2,17.3,0.0,0.0,0.0,0.0,2,19.1,37.4,274,Partly cloudy,2,2,
21323,2022-06-30 17:45:00,40.632328,-74.02147,0,0,Driver Inattention/Distraction,4542279,31.2,17.3,0.0,0.0,0.0,0.0,2,19.1,37.4,274,Partly cloudy,0,0,
21324,2022-06-29 16:00:00,40.67564,-73.898315,0,0,Unspecified,4542060,29.0,17.7,0.0,0.0,0.0,0.0,3,27.2,51.5,195,Overcast,0,0,
21325,2022-07-01 09:18:00,40.72537,-73.82366,1,0,Driver Inattention/Distraction,4542449,33.7,20.2,0.1,0.1,0.0,1.0,51,32.3,58.0,215,Drizzle: Light,1,1,
21326,2022-07-01 17:17:00,40.680454,-73.97323,1,0,Following Too Closely,4542581,33.7,20.2,0.1,0.1,0.0,1.0,51,32.3,58.0,215,Drizzle: Light,1,1,
21327,2022-06-25 10:20:00,40.777195,-73.909424,0,0,Turning Improperly,4542646,32.5,18.1,0.0,0.0,0.0,0.0,2,25.0,47.2,224,Partly cloudy,0,0,
21328,2022-07-01 13:00:00,40.746883,-73.76348,0,0,Unsafe Lane Changing,4542518,33.7,20.2,0.1,0.1,0.0,1.0,51,32.3,58.0,215,Drizzle: Light,0,0,
21329,2022-06-30 15:41:00,40.727566,-73.929276,0,0,Following Too Closely,4543030,31.2,17.3,0.0,0.0,0.0,0.0,2,19.1,37.4,274,Partly cloudy,0,0,