,CRASH DATETIME,LATITUDE,LONGITUDE,NUMBER OF PERSONS INJURED,NUMBER OF PERSONS KILLED,CONTRIBUTING FACTOR VEHICLE 1,COLLISION_ID,temperature_2m_max,temperature_2m_min,precipitation_sum,rain_sum,snowfall_sum,precipitation_hours,weather_code,wind_speed_10m_max,wind_gusts_10m_max,wind_direction_10m_dominant,Weather Description,Severity_Score,Total_Affected_Persons,Weather_Category
21330,2022-07-01 20:24:00,40.639256,-73.968796,1,0,Unspecified,4543139,33.7,20.2,0.1,0.1,0.0,1.0,51,32.3,58.0,215,Drizzle: Light,1,1,
21331,2022-06-17 07:00:00,40.66669,-73.941925,0,0,Driver Inattention/Distraction,4542825,31.8,19.1,0.0,0.0,0.0,0.0,3,30.4,55.4,268,Overcast,0,0,
21332,2022-07-01 09:30:00,40.669113,-73.95336,1,0,Failure to Yield Right-of-Way,4542908,33.7,20.2,0.1,0.1,0.0,1.0,51,32.3,58.0,215,Drizzle: Light,1,1,
21333,2022-06-26 21:18:00,40.844715,-73.91228,4,0,Alcohol Involvement,4542397,30.8,19.9,0.0,0.0,0.0,0.0,3,30.9,55.8,188,Overcast,4,4,
21334,2022-06-26 11:45:00,40.607838,-74.0872,0,0,Unsafe Lane Changing,4543045,30.8,19.9,0.0,0.0,0.0,0.0,3,30.9,55.8,188,Overcast,0,0,
21335,2022-06-29 11:25:00,40.66877,-73.976715,0,0,Turning Improperly,4542574,29.0,17.7,0.0,0.0,0.0,0.0,3,27.2,51.5,195,Overcast,0,0,
21336,2022-06-29 20:22:00,40.747932,-73.9794,1,0,Failure to Yield Right-of-Way,4542312,29.0,17.7,0.0,0.0,0.0,0.0,3,27.2,51.5,195,Overcast,1,1,
21337,2022-07-01 20:20:00,40.712593,-73.782486,0,0,Unspecified,4542781,33.7,20.2,0.1,0.1,0.0,1.0,51,32.3,58.0,215,Drizzle: Light,0,0,
21338,2022-07-01 04:48:00,40.667915,-73.77523,0,0,Unspecified,4542513,33.7,20.2,0.1,0.1,0.0,1.0,51,32.3,58.0,215,Drizzle: Light,0,0,
21339,2022-06-20 01:45:00,40.71071,-73.793045,2,0,Passing Too Closely,4542425,26.5,12.9,0.0,0.0,0.0,0.0,3,18.4,31.7,308,Overcast,2,2,
21340,2022-06-30 08:55:00,40.63431,-74.12008,1,0,Driver Inattention/Distraction,4542126,31.2,17.3,0.0,0.0,0.0,0.0,2,19.1,37.4,274,Partly cloudy,1,1,
21341,2022-06-27 12:53:00,40.70202,-73.87975,1,0,Failure to Yield Right-of-Way,4542708,26.2,19.8,11.7,11.7,0.0,9.0,63,20.5,43.2,224,Rain: Moderate,1,1,
21342,2022-06-30 20:35:00,40.72634,-73.79309,0,0,Unspecified,4542418,31.2,17.3,0.0,0.0,0.0,0.0,2,19.1,37.4,274,Partly cloudy,0,0,
21343,2022-06-29 00:22:00,40.67581,-73.739555,2,0,Unspecified,4541653,29.0,17.7,0.0,0.0,0.0,0.0,3,27.2,51.5,195,Overcast,2,2,
21344,2022-06-21 19:15:00,40.804585,-73.91213,1,0,Driver Inattention/Distraction,4542386,26.0,14.6,1.0,1.0,0.0,3.0,53,13.0,24.1,175,Drizzle: Moderate,1,1,
21345,2022-06-24 19:40:00,40.76502,-73.9174,1,0,Turning Improperly,4542629,26.7,14.6,1.0,1.0,0.0,6.0,51,19.2,37.4,204,Drizzle: Light,1,1,
21346,2022-07-01 14:58:00,40.77861,-73.77585,0,0,Failure to Yield Right-of-Way,4542557,33.7,20.2,0.1,0.1,0.0,1.0,51,32.3,58.0,215,Drizzle: Light,0,0,
21347,2022-06-30 12:50:00,40.82138,-73.86298,0,0,Driver Inattention/Distraction,4542550,31.2,17.3,0.0,0.0,0.0,0.0,2,19.1,37.4,274,Partly cloudy,0,0,
21348,2022-06-30 15:50:00,40.878643,-73.871605,2,0,Driver Inattention/Distraction,4542354,31.2,17.3,0.0,0.0,0.0,0.0,2,19.1,37.4,274,Partly cloudy,2,2,
21349,2022-06-30 05:00:00,40.809563,-73.92923,1,0,Driver Inattention/Distraction,4542008,31.2,17.3,0.0,0.0,0.0,0.0,2,19.1,37.4,274,Partly cloudy,1,1,
21350,2022-06-30 20:55:00,40.74618,-73.87529,6,0,Driver Inattention/Distraction,4542844,31.2,17.3,0.0,0.0,0.0,0.0,2,19.1,37.4,274,Partly cloudy,6,6,
21351,2022-06-30 05:40:00,40.885426,-73.897446,1,0,Unspecified,4542212,31.2,17.3,0.0,0.0,0.0,0.0,2,19.1,37.4,274,Partly cloudy,1,1,
21352,2022-06-29 08:57:00,40.868008,-73.84073,1,0,Outside Car Distraction,4541909,29.0,17.7,0.0,0.0,0.0,0.0,3,27.2,51.5,195,Overcast,1,1,
21353,2021-12-25 23:28:00,40.65133,-73.90607,0,0,Unspecified,4489536,8.8,0.5,6.1,6.1,0.0,14.0,55,14.5,24.8,284,Drizzle: Dense,0,0,
21354,2022-06-30 15:10:00,40.855286,-73.855705,0,0,Unspecified,4542852,31.2,17.3,0.0,0.0,0.0,0.0,2,19.1,37.4,274,Partly cloudy,0,0,
21355,2022-06-28 09:30:00,40.882095,-73.86878,6,0,Obstruction/Debris,4542592,27.5,19.1,0.0,0.0,0.0,0.0,3,14.4,28.4,334,Overcast,6,6,
21356,2022-06-25 03:00:00,40.678577,-73.958755,0,0,Unspecified,4542955,32.5,18.1,0.0,0.0,0.0,0.0,2,25.0,47.2,224,Partly cloudy,0,0,
21357,2022-07-01 22:58:00,40.68966,-74.00047,1,0,Unspecified,4542613,33.7,20.2,0.1,0.1,0.0,1.0,51,32.3,58.0,215,Drizzle: Light,1,1,
21358,2022-06-28 23:30:00,40.65807,-73.960434,0,0,Unspecified,4542883,27.5,19.1,0.0,0.0,0.0,0.0,3,14.4,28.4,334,Overcast,0,0,
21359,2022-06-29 16:44:00,40.82764,-73.84791,1,0,Following Too Closely,4542545,29.0,17.7,0.0,0.0,0.0,0.0,3,27.2,51.5,195,Overcast,1,1,
21360,2022-07-01 17:30:00,40.557106,-74.17385,0,0,Following Too Closely,4542738,33.7,20.2,0.1,0.1,0.0,1.0,51,32.3,58.0,215,Drizzle: Light,0,0,
21361,2022-06-29 18:21:00,40.87004,-73.8997,1,0,Unspecified,4542201,29.0,17.7,0.0,0.0,0.0,0.0,3,27.2,51.5,195,Overcast,1,1,
21362,2022-06-28 14:23:00,40.762768,-73.94096,0,0,Failure to Yield Right-of-Way,4542657,27.5,19.1,0.0,0.0,0.0,0.0,3,14.4,28.4,334,Overcast,0,0,
21363,2022-06-25 04:50:00,40.66925,-73.93944,1,0,Failure to Yield Right-of-Way,4543071,32.5,18.1,0.0,0.0,0.0,0.0,2,25.0,47.2,224,Partly cloudy,1,1,
21364,2022-06-10 00:31:00,40.885693,-73.86165,0,0,Following Too Closely,4542891,26.1,15.1,0.0,0.0,0.0,0.0,3,21.9,38.5,289,Overcast,0,0,
21365,2022-06-28 14:10:00,40.727676,-73.732544,1,0,Lost Consciousness,4542858,27.5,19.1,0.0,0.0,0.0,0.0,3,14.4,28.4,334,Overcast,1,1,
21366,2022-07-01 14:15:00,40.75325,-73.9237,1,0,Failure to Yield Right-of-Way,4542677,33.7,20.2,0.1,0.1,0.0,1.0,51,32.3,58.0,215,Drizzle: Light,1,1,
21367,2022-06-30 20:26:00,40.672947,-73.85987,3,0,Pavement Defective,4542374,31.2,17.3,0.0,0.0,0.0,0.0,2,19.1,37.4,274,Partly cloudy,3,3,
21368,2022-06-26 14:39:00,40.699604,-73.95154,0,0,Unspecified,4542839,30.8,19.9,0.0,0.0,0.0,0.0,3,30.9,55.8,188,Overcast,0,0,
21369,2022-06-30 17:55:00,40.733498,-73.87038,0,0,Traffic Control Disregarded,4542296,31.2,17.3,0.0,0.0,0.0,0.0,2,19.1,37.4,274,Partly cloudy,0,0,
21370,2022-07-01 10:25:00,40.686375,-73.99836,0,0,Passing Too Closely,4542610,33.7,20.2,0.1,0.1,0.0,1.0,51,32.3,58.0,215,Drizzle: Light,0,0,
21371,2022-06-29 18:41:00,40.605675,-73.966965,2,0,Unsafe Lane Changing,4542070,29.0,17.7,0.0,0.0,0.0,0.0,3,27.2,51.5,195,Overcast,2,2,
21372,2022-06-26 02:10:00,40.860527,-73.91939,0,0,Aggressive Driving/Road Rage,4543101,30.8,19.9,0.0,0.0,0.0,0.0,3,30.9,55.8,188,Overcast,0,0,
21373,2022-06-22 15:40:00,40.669476,-73.919975,0,0,Unspecified,4542793,20.6,16.7,3.3,3.3,0.0,11.0,53,23.2,43.9,127,Drizzle: Moderate,0,0,
21374,2022-06-29 00:20:00,40.710777,-73.86502,1,0,Unspecified,4542640,29.0,17.7,0.0,0.0,0.0,0.0,3,27.2,51.5,195,Overcast,1,1,
21375,2022-06-30 13:45:00,40.591034,-74.10127,0,0,View Obstructed/Limited,4542461,31.2,17.3,0.0,0.0,0.0,0.0,2,19.1,37.4,274,Partly cloudy,0,0,
21376,2022-06-29 20:58:00,40.663845,-73.994514,1,0,Traffic Control Disregarded,4542096,29.0,17.7,0.0,0.0,0.0,0.0,3,27.2,51.5,195,Overcast,1,1,
21377,2021-09-19 10:30:00,40.704082,-73.73813,1,0,Accelerator Defective,4458679,23.6,16.8,0.0,0.0,0.0,0.0,2,17.6,35.6,0,Partly cloudy,1,1,
21378,2021-09-28 22:30:00,40.66563,-73.73921,0,0,Unspecified,4462027,22.1,16.3,12.4,12.4,0.0,9.0,63,19.2,38.5,264,Rain: Moderate,0,0,
21379,2021-09-28 21:20:00,40.66569,-73.98259,0,0,Passing Too Closely,4462157,22.1,16.3,12.4,12.4,0.0,9.0,63,19.2,38.5,264,Rain: Moderate,0,0,
21380,2021-09-28 08:16:00,40.76739,-73.97073,0,0,Passing or Lane Usage Improper,4462078,22.1,16.3,12.4,12.4,0.0,9.0,63,19.2,38.5,264,Rain: Moderate,0,0,
21381,2021-09-25 23:30:00,40.758377,-73.994385,0,0,Unsafe Lane Changing,4462533,22.8,14.0,0.0,0.0,0.0,0.0,3,7.9,15.8,322,Overcast,0,0,
21382,2021-09-17 10:53:00,40.638523,-73.97319,1,0,Unspecified,4462507,23.6,20.1,1.0,1.0,0.0,7.0,51,20.3,38.9,59,Drizzle: Light,1,1,
21383,2021-09-28 00:40:00,40.62771,-73.90307,0,0,Unsafe Speed,4461674,22.1,16.3,12.4,12.4,0.0,9.0,63,19.2,38.5,264,Rain: Moderate,0,0,
21384,2021-09-28 17:54:00,40.68899,-73.81707,1,0,Other Vehicular,4462055,22.1,16.3,12.4,12.4,0.0,9.0,63,19.2,38.5,264,Rain: Moderate,1,1,
21385,2021-09-28 08:53:00,40.790627,-73.942444,0,0,Unspecified,4462272,22.1,16.3,12.4,12.4,0.0,9.0,63,19.2,38.5,264,Rain: Moderate,0,0,
21386,2021-09-28 16:00:00,40.819317,-73.93032,0,0,Unspecified,4462101,22.1,16.3,12.4,12.4,0.0,9.0,63,19.2,38.5,264,Rain: Moderate,0,0,
21387,2021-09-27 11:33:00,40.67773,-74.00234,0,0,Unspecified,4462476,25.9,14.6,0.0,0.0,0.0,0.0,3,24.1,45.0,233,Overcast,0,0,
21388,2021-09-25 13:05:00,40.868763,-73.92325,0,0,Passing or Lane Usage Improper,4462594,22.8,14.0,0.0,0.0,0.0,0.0,3,7.9,15.8,322,Overcast,0,0,
21389,2021-09-28 05:19:00,40.844193,-73.82932,0,0,Fell Asleep,4461750,22.1,16.3,12.4,12.4,0.0,9.0,63,19.2,38.5,264,Rain: Moderate,0,0,
21390,2021-09-28 10:10:00,40.615993,-74.031136,1,0,,4462110,22.1,16.3,12.4,12.4,0.0,9.0,63,19.2,38.5,264,Rain: Moderate,1,1,
21391,2021-09-28 11:50:00,40.75119,-73.90203,0,0,Driver Inattention/Distraction,4462530,22.1,16.3,12.4,12.4,0.0,9.0,63,19.2,38.5,264,Rain: Moderate,0,0,
21392,2021-09-17 07:00:00,40.850067,-73.93136,0,0,Unspecified,4462577,23.6,20.1,1.0,1.0,0.0,7.0,51,20.3,38.9,59,Drizzle: Light,0,0,
21393,2021-09-27 09:06:00,40.63546,-74.1662,0,0,Driver Inattention/Distraction,4462435,25.9,14.6,0.0,0.0,0.0,0.0,3,24.1,45.0,233,Overcast,0,0,
21394,2021-09-28 07:50:00,40.726814,-73.95355,0,0,Driver Inattention/Distraction,4461846,22.1,16.3,12.4,12.4,0.0,9.0,63,19.2,38.5,264,Rain: Moderate,0,0,
21395,2021-09-28 10:30:00,40.75148,-73.93567,1,0,Driver Inattention/Distraction,4462177,22.1,16.3,12.4,12.4,0.0,9.0,63,19.2,38.5,264,Rain: Moderate,1,1,
21396,2021-09-28 11:30:00,40.635643,-73.74013,1,0,Unspecified,4462205,22.1,16.3,12.4,12.4,0.0,9.0,63,19.2,38.5,264,Rain: Moderate,1,1,
21397,2021-09-28 17:12:00,40.63753,-73.90297,1,0,Driver Inattention/Distraction,4462297,22.1,16.3,12.4,12.4,0.0,9.0,63,19.2,38.5,264,Rain: Moderate,1,1,
21398,2021-09-28 23:30:00,40.6733,-73.90392,1,0,Following Too Closely,4462346,22.1,16.3,12.4,12.4,0.0,9.0,63,19.2,38.5,264,Rain: Moderate,1,1,
21399,2021-09-28 12:00:00,40.8264,-73.87581,0,0,Following Too Closely,4461978,22.1,16.3,12.4,12.4,0.0,9.0,63,19.2,38.5,264,Rain: Moderate,0,0,
21400,2021-09-28 10:00:00,40.69304,-73.924446,0,0,Failure to Yield Right-of-Way,4461920,22.1,16.3,12.4,12.4,0.0,9.0,63,19.2,38.5,264,Rain: Moderate,0,0,
21401,2021-09-21 15:00:00,40.90348,-73.85035,1,0,Failure to Yield Right-of-Way,4462614,23.1,16.4,0.0,0.0,0.0,0.0,3,14.2,29.5,108,Overcast,1,1,
21402,2021-09-28 12:30:00,40.652946,-74.002174,0,0,Unspecified,4462667,22.1,16.3,12.4,12.4,0.0,9.0,63,19.2,38.5,264,Rain: Moderate,0,0,
21403,2021-09-22 19:30:00,40.816032,-73.90809,1,0,Driver Inattention/Distraction,4462748,25.3,19.9,5.1,5.1,0.0,15.0,61,29.3,55.1,154,Rain: Light,1,1,
21404,2021-09-28 15:00:00,40.780502,-73.825905,0,0,Unsafe Lane Changing,4461970,22.1,16.3,12.4,12.4,0.0,9.0,63,19.2,38.5,264,Rain: Moderate,0,0,
21405,2021-09-28 11:30:00,40.68158,-73.76548,0,0,Backing Unsafely,4461922,22.1,16.3,12.4,12.4,0.0,9.0,63,19.2,38.5,264,Rain: Moderate,0,0,
21406,2021-09-26 20:15:00,40.751446,-74.001434,1,0,Traffic Control Disregarded,4462547,21.4,15.6,0.0,0.0,0.0,0.0,3,23.5,45.0,294,Overcast,1,1,
21407,2021-09-28 09:35:00,40.674755,-73.97211,0,0,Passing Too Closely,4461994,22.1,16.3,12.4,12.4,0.0,9.0,63,19.2,38.5,264,Rain: Moderate,0,0,
21408,2021-09-28 00:13:00,40.693203,-73.953995,0,0,Driver Inattention/Distraction,4461871,22.1,16.3,12.4,12.4,0.0,9.0,63,19.2,38.5,264,Rain: Moderate,0,0,
21409,2021-09-28 22:33:00,40.66843,-73.91919,0,0,Alcohol Involvement,4462344,22.1,16.3,12.4,12.4,0.0,9.0,63,19.2,38.5,264,Rain: Moderate,0,0,
21410,2021-09-28 08:02:00,40.748436,-73.984566,1,0,Other Vehicular,4462094,22.1,16.3,12.4,12.4,0.0,9.0,63,19.2,38.5,264,Rain: Moderate,1,1,
21411,2021-09-28 19:12:00,40.833572,-73.849785,0,0,Backing Unsafely,4462121,22.1,16.3,12.4,12.4,0.0,9.0,63,19.2,38.5,264,Rain: Moderate,0,0,
21412,2021-09-28 17:00:00,40.637394,-74.00664,0,0,Unspecified,4462420,22.1,16.3,12.4,12.4,0.0,9.0,63,19.2,38.5,264,Rain: Moderate,0,0,
21413,2021-09-28 12:50:00,40.768795,-73.958374,0,0,Following Too Closely,4462380,22.1,16.3,12.4,12.4,0.0,9.0,63,19.2,38.5,264,Rain: Moderate,0,0,
21414,2021-09-28 07:00:00,40.643215,-74.008705,0,0,Unspecified,4461886,22.1,16.3,12.4,12.4,0.0,9.0,63,19.2,38.5,264,Rain: Moderate,0,0,
21415,2021-09-28 21:56:00,40.812634,-73.88313,2,0,Unspecified,4462060,22.1,16.3,12.4,12.4,0.0,9.0,63,19.2,38.5,264,Rain: Moderate,2,2,
21416,2021-09-19 20:50:00,40.899185,-73.8562,1,0,Driver Inattention/Distraction,4462606,23.6,16.8,0.0,0.0,0.0,0.0,2,17.6,35.6,0,Partly cloudy,1,1,
21417,2021-09-28 10:54:00,40.692844,-73.99311,0,0,Backing Unsafely,4462768,22.1,16.3,12.4,12.4,0.0,9.0,63,19.2,38.5,264,Rain: Moderate,0,0,
21418,2021-09-28 15:30:00,40.855953,-73.86766,0,0,Unspecified,4462202,22.1,16.3,12.4,12.4,0.0,9.0,63,19.2,38.5,264,Rain: Moderate,0,0,
21419,2021-09-28 10:00:00,40.575714,-73.96301,1,0,Driver Inattention/Distraction,4462498,22.1,16.3,12.4,12.4,0.0,9.0,63,19.2,38.5,264,Rain: Moderate,1,1,
21420,2021-09-28 01:40:00,40.768875,-73.94898,0,0,Driver Inattention/Distraction,4462000,22.1,16.3,12.4,12.4,0.0,9.0,63,19.2,38.5,264,Rain: Moderate,0,0,
21421,2021-09-23 22:20:00,40.771286,-73.9467,0,0,Reaction to Uninvolved Vehicle,4462732,26.2,18.0,15.6,15.6,0.0,14.0,63,40.7,77.4,156,Rain: Moderate,0,0,
21422,2021-09-28 16:29:00,40.742874,-73.933945,2,0,Driver Inattention/Distraction,4462041,22.1,16.3,12.4,12.4,0.0,9.0,63,19.2,38.5,264,Rain: Moderate,2,2,
21423,2021-09-28 07:57:00,40.677063,-73.98328,0,0,Passing or Lane Usage Improper,4462552,22.1,16.3,12.4,12.4,0.0,9.0,63,19.2,38.5,264,Rain: Moderate,0,0,
21424,2021-09-28 09:40:00,40.82403,-73.89189,0,0,Unspecified,4461934,22.1,16.3,12.4,12.4,0.0,9.0,63,19.2,38.5,264,Rain: Moderate,0,0,
21425,2021-09-27 18:48:00,40.847813,-73.90754,3,0,Driver Inattention/Distraction,4462475,25.9,14.6,0.0,0.0,0.0,0.0,3,24.1,45.0,233,Overcast,3,3,
21426,2021-09-28 10:45:00,40.64148,-73.939766,0,0,Failure to Yield Right-of-Way,4462250,22.1,16.3,12.4,12.4,0.0,9.0,63,19.2,38.5,264,Rain: Moderate,0,0,
21427,2021-09-28 23:55:00,40.659092,-73.74029,0,0,Unspecified,4462330,22.1,16.3,12.4,12.4,0.0,9.0,63,19.2,38.5,264,Rain: Moderate,0,0,
21428,2021-09-27 14:00:00,40.819035,-73.91395,0,0,Unsafe Speed,4462750,25.9,14.6,0.0,0.0,0.0,0.0,3,24.1,45.0,233,Overcast,0,0,
21429,2021-09-26 12:10:00,40.867035,-73.896324,1,0,Failure to Yield Right-of-Way,4462463,21.4,15.6,0.0,0.0,0.0,0.0,3,23.5,45.0,294,Overcast,1,1,
21430,2021-09-28 19:00:00,40.699604,-73.90108,0,0,Other Vehicular,4462085,22.1,16.3,12.4,12.4,0.0,9.0,63,19.2,38.5,264,Rain: Moderate,0,0,
21431,2021-09-28 10:45:00,40.867657,-73.882996,0,0,Driver Inattention/Distraction,4462515,22.1,16.3,12.4,12.4,0.0,9.0,63,19.2,38.5,264,Rain: Moderate,0,0,
21432,2021-09-28 14:00:00,40.633335,-74.021065,2,0,,4462111,22.1,16.3,12.4,12.4,0.0,9.0,63,19.2,38.5,264,Rain: Moderate,2,2,
21433,2021-09-28 15:05:00,40.61111,-73.9526,2,0,Unspecified,4462049,22.1,16.3,12.4,12.4,0.0,9.0,63,19.2,38.5,264,Rain: Moderate,2,2,
21434,2021-09-28 18:10:00,40.806717,-73.94087,0,0,Driver Inattention/Distraction,4462190,22.1,16.3,12.4,12.4,0.0,9.0,63,19.2,38.5,264,Rain: Moderate,0,0,
21435,2021-09-25 21:00:00,40.86131,-73.92124,0,0,Unsafe Speed,4462598,22.8,14.0,0.0,0.0,0.0,0.0,3,7.9,15.8,322,Overcast,0,0,
21436,2021-09-28 15:15:00,40.712727,-73.77666,1,0,Driver Inattention/Distraction,4462014,22.1,16.3,12.4,12.4,0.0,9.0,63,19.2,38.5,264,Rain: Moderate,1,1,
21437,2021-09-28 08:00:00,40.684544,-73.96509,1,0,Driver Inattention/Distraction,4462483,22.1,16.3,12.4,12.4,0.0,9.0,63,19.2,38.5,264,Rain: Moderate,1,1,
21438,2021-09-28 23:29:00,40.715046,-73.964806,2,0,Unsafe Speed,4462638,22.1,16.3,12.4,12.4,0.0,9.0,63,19.2,38.5,264,Rain: Moderate,2,2,
21439,2021-09-28 14:40:00,40.80524,-73.882095,0,0,Unspecified,4462056,22.1,16.3,12.4,12.4,0.0,9.0,63,19.2,38.5,264,Rain: Moderate,0,0,
21440,2021-09-28 20:00:00,40.68484,-73.80607,1,0,Unspecified,4462145,22.1,16.3,12.4,12.4,0.0,9.0,63,19.2,38.5,264,Rain: Moderate,1,1,
21441,2021-09-28 17:00:00,40.858303,-73.892784,0,0,Traffic Control Disregarded,4462102,22.1,16.3,12.4,12.4,0.0,9.0,63,19.2,38.5,264,Rain: Moderate,0,0,
21442,2021-09-25 15:07:00,40.75898,-73.99595,0,0,Passing or Lane Usage Improper,4462522,22.8,14.0,0.0,0.0,0.0,0.0,3,7.9,15.8,322,Overcast,0,0,
21443,2021-09-28 02:35:00,40.64644,-73.91289,0,0,Unspecified,4461693,22.1,16.3,12.4,12.4,0.0,9.0,63,19.2,38.5,264,Rain: Moderate,0,0,
21444,2021-08-24 23:30:00,40.6985,-73.98698,0,0,Driver Inattention/Distraction,4462703,30.6,21.9,0.0,0.0,0.0,0.0,1,13.9,28.1,291,Mainly clear,0,0,Sunny/Clear Conditions
21445,2021-09-28 15:51:00,40.655148,-73.91094,0,0,Unspecified,4462034,22.1,16.3,12.4,12.4,0.0,9.0,63,19.2,38.5,264,Rain: Moderate,0,0,
21446,2021-09-28 18:48:00,40.810608,-73.88356,1,0,Unspecified,4462442,22.1,16.3,12.4,12.4,0.0,9.0,63,19.2,38.5,264,Rain: Moderate,1,1,
21447,2021-09-22 06:10:00,40.682507,-73.94375,0,0,Passing or Lane Usage Improper,4462687,25.3,19.9,5.1,5.1,0.0,15.0,61,29.3,55.1,154,Rain: Light,0,0,
21448,2021-09-28 15:50:00,40.700848,-73.96193,1,0,Passing or Lane Usage Improper,4462633,22.1,16.3,12.4,12.4,0.0,9.0,63,19.2,38.5,264,Rain: Moderate,1,1,
21449,2021-09-28 09:43:00,40.878643,-73.871605,0,0,Unspecified,4462506,22.1,16.3,12.4,12.4,0.0,9.0,63,19.2,38.5,264,Rain: Moderate,0,0,
21450,2021-09-28 06:45:00,40.756207,-73.8577,0,0,Unspecified,4461784,22.1,16.3,12.4,12.4,0.0,9.0,63,19.2,38.5,264,Rain: Moderate,0,0,
21451,2021-09-23 19:40:00,40.762913,-73.96981,0,0,Unspecified,4462532,26.2,18.0,15.6,15.6,0.0,14.0,63,40.7,77.4,156,Rain: Moderate,0,0,
21452,2021-09-28 18:40:00,40.84028,-73.92741,1,0,Pedestrian/Bicyclist/Other Pedestrian Error/Confusion,4462103,22.1,16.3,12.4,12.4,0.0,9.0,63,19.2,38.5,264,Rain: Moderate,1,1,
21453,2021-09-16 07:45:00,40.69366,-73.983795,0,0,Backing Unsafely,4462581,23.9,19.1,4.0,4.0,0.0,10.0,55,18.8,37.8,38,Drizzle: Dense,0,0,
21454,2021-09-28 18:15:00,40.59019,-73.94576,0,0,Unspecified,4462050,22.1,16.3,12.4,12.4,0.0,9.0,63,19.2,38.5,264,Rain: Moderate,0,0,
21455,2021-09-28 15:55:00,40.68915,-73.924995,0,0,Passing Too Closely,4462433,22.1,16.3,12.4,12.4,0.0,9.0,63,19.2,38.5,264,Rain: Moderate,0,0,
21456,2021-09-25 12:10:00,40.859623,-73.88747,2,0,Driver Inattention/Distraction,4462482,22.8,14.0,0.0,0.0,0.0,0.0,3,7.9,15.8,322,Overcast,2,2,
21457,2021-09-28 08:45:00,40.886528,-73.89979,0,0,Driver Inattention/Distraction,4462080,22.1,16.3,12.4,12.4,0.0,9.0,63,19.2,38.5,264,Rain: Moderate,0,0,
21458,2021-09-22 14:00:00,40.765877,-73.98883,0,0,Unspecified,4462551,25.3,19.9,5.1,5.1,0.0,15.0,61,29.3,55.1,154,Rain: Light,0,0,
21459,2021-09-28 07:10:00,40.815964,-73.88688,0,0,Unspecified,4461933,22.1,16.3,12.4,12.4,0.0,9.0,63,19.2,38.5,264,Rain: Moderate,0,0,
21460,2021-09-28 12:50:00,40.770683,-73.79598,0,0,Unspecified,4461973,22.1,16.3,12.4,12.4,0.0,9.0,63,19.2,38.5,264,Rain: Moderate,0,0,
21461,2021-09-17 17:36:00,40.66095,-73.92906,1,0,Failure to Yield Right-of-Way,4462654,23.6,20.1,1.0,1.0,0.0,7.0,51,20.3,38.9,59,Drizzle: Light,1,1,
21462,2021-09-28 12:00:00,40.801155,-73.959656,0,0,Passing or Lane Usage Improper,4462030,22.1,16.3,12.4,12.4,0.0,9.0,63,19.2,38.5,264,Rain: Moderate,0,0,
21463,2021-09-28 08:50:00,40.731422,-73.94641,0,0,Turning Improperly,4462408,22.1,16.3,12.4,12.4,0.0,9.0,63,19.2,38.5,264,Rain: Moderate,0,0,
21464,2021-09-18 15:00:00,40.58393,-73.83093,0,0,Obstruction/Debris,4462593,27.1,19.2,0.2,0.2,0.0,2.0,51,14.6,25.9,349,Drizzle: Light,0,0,
21465,2021-09-28 08:40:00,40.642864,-74.01266,0,0,Unspecified,4461887,22.1,16.3,12.4,12.4,0.0,9.0,63,19.2,38.5,264,Rain: Moderate,0,0,
21466,2021-09-28 12:20:00,40.760117,-73.98484,0,0,Following Too Closely,4462155,22.1,16.3,12.4,12.4,0.0,9.0,63,19.2,38.5,264,Rain: Moderate,0,0,
21467,2021-09-28 18:23:00,40.644592,-73.944084,2,0,Unspecified,4462254,22.1,16.3,12.4,12.4,0.0,9.0,63,19.2,38.5,264,Rain: Moderate,2,2,
21468,2021-09-28 11:17:00,40.693665,-73.89658,1,0,Unspecified,4461955,22.1,16.3,12.4,12.4,0.0,9.0,63,19.2,38.5,264,Rain: Moderate,1,1,
21469,2021-09-28 20:00:00,40.82294,-73.91451,0,0,Driver Inattention/Distraction,4462059,22.1,16.3,12.4,12.4,0.0,9.0,63,19.2,38.5,264,Rain: Moderate,0,0,
21470,2021-09-28 09:20:00,40.589043,-73.98381,0,0,Driver Inattention/Distraction,4462499,22.1,16.3,12.4,12.4,0.0,9.0,63,19.2,38.5,264,Rain: Moderate,0,0,
21471,2021-09-26 02:00:00,40.757107,-73.99731,4,0,Traffic Control Disregarded,4462538,21.4,15.6,0.0,0.0,0.0,0.0,3,23.5,45.0,294,Overcast,4,4,
21472,2021-09-28 12:40:00,0.0,0.0,0,0,Passing Too Closely,4462421,22.1,16.3,12.4,12.4,0.0,9.0,63,19.2,38.5,264,Rain: Moderate,0,0,
21473,2021-09-28 14:30:00,40.67224,-73.805145,0,0,Driver Inattention/Distraction,4462069,22.1,16.3,12.4,12.4,0.0,9.0,63,19.2,38.5,264,Rain: Moderate,0,0,
21474,2021-09-25 19:59:00,40.593807,-73.94062,0,0,Passing or Lane Usage Improper,4462763,22.8,14.0,0.0,0.0,0.0,0.0,3,7.9,15.8,322,Overcast,0,0,