,CRASH DATETIME,LATITUDE,LONGITUDE,NUMBER OF PERSONS INJURED,NUMBER OF PERSONS KILLED,CONTRIBUTING FACTOR VEHICLE 1,COLLISION_ID,temperature_2m_max,temperature_2m_min,precipitation_sum,rain_sum,snowfall_sum,precipitation_hours,weather_code,wind_speed_10m_max,wind_gusts_10m_max,wind_direction_10m_dominant,Weather Description,Severity_Score,Total_Affected_Persons,Weather_Category
21475,2021-09-28 14:25:00,40.88777,-73.857735,0,0,Driver Inattention/Distraction,4462610,22.1,16.3,12.4,12.4,0.0,9.0,63,19.2,38.5,264,Rain: Moderate,0,0,
21476,2021-09-28 19:35:00,40.782887,-73.9439,0,0,Failure to Yield Right-of-Way,4462488,22.1,16.3,12.4,12.4,0.0,9.0,63,19.2,38.5,264,Rain: Moderate,0,0,
21477,2021-09-23 14:00:00,40.71409,-73.9556,1,0,Driver Inattention/Distraction,4462733,26.2,18.0,15.6,15.6,0.0,14.0,63,40.7,77.4,156,Rain: Moderate,1,1,
21478,2021-09-28 01:20:00,40.736526,-73.77947,0,0,Alcohol Involvement,4462230,22.1,16.3,12.4,12.4,0.0,9.0,63,19.2,38.5,264,Rain: Moderate,0,0,
21479,2021-09-28 01:10:00,40.60228,-74.140366,0,0,Driver Inattention/Distraction,4461842,22.1,16.3,12.4,12.4,0.0,9.0,63,19.2,38.5,264,Rain: Moderate,0,0,
21480,2021-09-28 12:20:00,40.78318,-73.94362,1,0,Following Too Closely,4462378,22.1,16.3,12.4,12.4,0.0,9.0,63,19.2,38.5,264,Rain: Moderate,1,1,
21481,2021-05-13 00:00:00,40.604084,-74.08521,0,0,Driver Inattention/Distraction,4416477,19.1,7.2,0.0,0.0,0.0,0.0,1,15.8,27.4,315,Mainly clear,0,0,Sunny/Clear Conditions
21482,2021-05-21 14:00:00,40.780125,-73.95304,1,0,Following Too Closely,4418876,23.9,11.3,0.0,0.0,0.0,0.0,3,19.2,38.5,174,Overcast,1,1,
21483,2021-09-28 18:30:00,40.66323,-73.93161,1,0,Unspecified,4462263,22.1,16.3,12.4,12.4,0.0,9.0,63,19.2,38.5,264,Rain: Moderate,1,1,
21484,2021-09-28 17:13:00,40.82419,-73.91385,1,0,Unsafe Speed,4462090,22.1,16.3,12.4,12.4,0.0,9.0,63,19.2,38.5,264,Rain: Moderate,1,1,
21485,2021-09-25 01:28:00,40.74561,-73.84785,0,0,Driver Inexperience,4462780,22.8,14.0,0.0,0.0,0.0,0.0,3,7.9,15.8,322,Overcast,0,0,
21486,2021-09-26 19:00:00,40.748356,-74.00369,1,0,Pedestrian/Bicyclist/Other Pedestrian Error/Confusion,4462543,21.4,15.6,0.0,0.0,0.0,0.0,3,23.5,45.0,294,Overcast,1,1,
21487,2021-09-28 16:23:00,40.82989,-73.873276,2,0,Other Vehicular,4462118,22.1,16.3,12.4,12.4,0.0,9.0,63,19.2,38.5,264,Rain: Moderate,2,2,
21488,2021-09-27 13:03:00,40.5763,-73.96854,0,0,Unspecified,4462493,25.9,14.6,0.0,0.0,0.0,0.0,3,24.1,45.0,233,Overcast,0,0,
21489,2021-09-28 08:45:00,40.74622,-73.94553,1,0,Failure to Yield Right-of-Way,4462039,22.1,16.3,12.4,12.4,0.0,9.0,63,19.2,38.5,264,Rain: Moderate,1,1,
21490,2021-09-28 17:00:00,40.713955,-73.94259,0,0,Unsafe Speed,4462410,22.1,16.3,12.4,12.4,0.0,9.0,63,19.2,38.5,264,Rain: Moderate,0,0,
21491,2021-09-28 15:00:00,40.884857,-73.87848,0,0,Unspecified,4462464,22.1,16.3,12.4,12.4,0.0,9.0,63,19.2,38.5,264,Rain: Moderate,0,0,
21492,2021-09-28 17:52:00,40.773975,-73.948555,0,0,Driver Inattention/Distraction,4462067,22.1,16.3,12.4,12.4,0.0,9.0,63,19.2,38.5,264,Rain: Moderate,0,0,
21493,2021-09-28 08:18:00,40.701447,-73.83743,2,0,Failure to Yield Right-of-Way,4462282,22.1,16.3,12.4,12.4,0.0,9.0,63,19.2,38.5,264,Rain: Moderate,2,2,
21494,2021-09-28 07:50:00,40.679752,-73.77857,0,0,Backing Unsafely,4461869,22.1,16.3,12.4,12.4,0.0,9.0,63,19.2,38.5,264,Rain: Moderate,0,0,
21495,2021-09-28 14:28:00,40.61462,-73.968666,0,0,Unspecified,4462134,22.1,16.3,12.4,12.4,0.0,9.0,63,19.2,38.5,264,Rain: Moderate,0,0,
21496,2021-09-28 07:55:00,40.834606,-73.863976,0,0,Unsafe Lane Changing,4461977,22.1,16.3,12.4,12.4,0.0,9.0,63,19.2,38.5,264,Rain: Moderate,0,0,
21497,2021-09-28 21:06:00,40.6127,-74.112915,1,0,Driver Inattention/Distraction,4462151,22.1,16.3,12.4,12.4,0.0,9.0,63,19.2,38.5,264,Rain: Moderate,1,1,
21498,2021-09-28 11:16:00,40.638313,-74.00663,0,0,Unspecified,4462133,22.1,16.3,12.4,12.4,0.0,9.0,63,19.2,38.5,264,Rain: Moderate,0,0,
21499,2021-09-24 23:30:00,40.637066,-74.00606,1,0,Driver Inattention/Distraction,4462514,22.4,15.6,26.0,26.0,0.0,9.0,63,14.2,29.9,274,Rain: Moderate,1,1,
21500,2021-09-28 16:30:00,40.700718,-73.9017,1,0,Traffic Control Disregarded,4462083,22.1,16.3,12.4,12.4,0.0,9.0,63,19.2,38.5,264,Rain: Moderate,1,1,
21501,2021-09-27 13:00:00,0.0,0.0,0,0,Driver Inattention/Distraction,4462526,25.9,14.6,0.0,0.0,0.0,0.0,3,24.1,45.0,233,Overcast,0,0,
21502,2021-09-28 00:00:00,40.66615,-73.80575,0,0,Driver Inexperience,4461700,22.1,16.3,12.4,12.4,0.0,9.0,63,19.2,38.5,264,Rain: Moderate,0,0,
21503,2021-09-28 15:45:00,40.74628,-73.98921,0,0,Passing Too Closely,4462567,22.1,16.3,12.4,12.4,0.0,9.0,63,19.2,38.5,264,Rain: Moderate,0,0,
21504,2021-09-24 11:10:00,40.619297,-74.06999,0,0,Backing Unsafely,4462441,22.4,15.6,26.0,26.0,0.0,9.0,63,14.2,29.9,274,Rain: Moderate,0,0,
21505,2021-09-28 19:00:00,40.62919,-73.94707,1,0,Driver Inattention/Distraction,4462696,22.1,16.3,12.4,12.4,0.0,9.0,63,19.2,38.5,264,Rain: Moderate,1,1,
21506,2021-09-24 23:35:00,40.67989,-73.94034,1,0,Glare,4462659,22.4,15.6,26.0,26.0,0.0,9.0,63,14.2,29.9,274,Rain: Moderate,1,1,
21507,2021-09-28 22:43:00,0.0,0.0,0,0,Alcohol Involvement,4462255,22.1,16.3,12.4,12.4,0.0,9.0,63,19.2,38.5,264,Rain: Moderate,0,0,
21508,2021-05-22 05:05:00,40.865303,-73.89006,0,0,Unspecified,4419127,30.5,16.5,0.0,0.0,0.0,0.0,3,19.1,36.4,299,Overcast,0,0,
21509,2021-05-19 15:55:00,40.82451,-73.95186,1,0,Unsafe Lane Changing,4420084,28.2,13.6,0.0,0.0,0.0,0.0,3,19.6,40.3,337,Overcast,1,1,
21510,2021-05-22 02:40:00,40.6862,-73.950745,0,0,Driver Inattention/Distraction,4419403,30.5,16.5,0.0,0.0,0.0,0.0,3,19.1,36.4,299,Overcast,0,0,
21511,2021-05-22 08:30:00,40.617813,-74.00644,0,0,Driver Inattention/Distraction,4419279,30.5,16.5,0.0,0.0,0.0,0.0,3,19.1,36.4,299,Overcast,0,0,
21512,2021-05-21 00:23:00,40.712128,-73.736404,0,0,Unspecified,4420008,23.9,11.3,0.0,0.0,0.0,0.0,3,19.2,38.5,174,Overcast,0,0,
21513,2021-05-15 20:27:00,40.680183,-73.86034,1,0,Failure to Yield Right-of-Way,4419972,22.4,8.7,0.0,0.0,0.0,0.0,3,12.5,23.8,229,Overcast,1,1,
21514,2021-05-22 15:00:00,40.711536,-73.94494,1,0,Passenger Distraction,4419804,30.5,16.5,0.0,0.0,0.0,0.0,3,19.1,36.4,299,Overcast,1,1,
21515,2021-05-15 17:10:00,40.86674,-73.92873,1,0,Traffic Control Disregarded,4419780,22.4,8.7,0.0,0.0,0.0,0.0,3,12.5,23.8,229,Overcast,1,1,
21516,2021-05-22 00:40:00,40.715763,-73.74654,1,0,Driver Inattention/Distraction,4418956,30.5,16.5,0.0,0.0,0.0,0.0,3,19.1,36.4,299,Overcast,1,1,
21517,2021-05-22 19:39:00,40.66599,-73.9225,0,0,Driver Inattention/Distraction,4419206,30.5,16.5,0.0,0.0,0.0,0.0,3,19.1,36.4,299,Overcast,0,0,
21518,2021-05-22 19:30:00,40.679276,-73.92906,1,0,Unspecified,4420018,30.5,16.5,0.0,0.0,0.0,0.0,3,19.1,36.4,299,Overcast,1,1,
21519,2021-09-28 12:00:00,40.704823,-74.006905,0,0,Unspecified,4461952,22.1,16.3,12.4,12.4,0.0,9.0,63,19.2,38.5,264,Rain: Moderate,0,0,
21520,2021-05-22 12:30:00,40.626568,-73.970924,0,0,Unspecified,4419332,30.5,16.5,0.0,0.0,0.0,0.0,3,19.1,36.4,299,Overcast,0,0,
21521,2021-05-22 18:47:00,40.84697,-73.89304,0,0,Driver Inattention/Distraction,4419676,30.5,16.5,0.0,0.0,0.0,0.0,3,19.1,36.4,299,Overcast,0,0,
21522,2021-05-20 20:39:00,40.807766,-73.91974,1,0,Unspecified,4419860,22.2,12.5,0.0,0.0,0.0,0.0,3,19.0,38.2,147,Overcast,1,1,
21523,2021-05-05 07:00:00,40.686268,-73.73062,0,0,Unspecified,4419919,15.1,10.8,9.9,9.9,0.0,17.0,61,21.5,42.5,23,Rain: Light,0,0,
21524,2021-05-22 01:30:00,40.69687,-73.923035,0,0,Driver Inexperience,4418976,30.5,16.5,0.0,0.0,0.0,0.0,3,19.1,36.4,299,Overcast,0,0,
21525,2021-05-22 13:34:00,40.890877,-73.858765,1,0,Driver Inattention/Distraction,4419343,30.5,16.5,0.0,0.0,0.0,0.0,3,19.1,36.4,299,Overcast,1,1,
21526,2021-05-22 02:18:00,40.70162,-73.938126,0,0,Driver Inattention/Distraction,4419801,30.5,16.5,0.0,0.0,0.0,0.0,3,19.1,36.4,299,Overcast,0,0,
21527,2021-05-19 15:10:00,40.763588,-73.97142,0,0,Unspecified,4420110,28.2,13.6,0.0,0.0,0.0,0.0,3,19.6,40.3,337,Overcast,0,0,
21528,2021-05-21 22:53:00,40.54783,-74.13952,0,0,Turning Improperly,4419846,23.9,11.3,0.0,0.0,0.0,0.0,3,19.2,38.5,174,Overcast,0,0,
21529,2021-05-22 18:05:00,40.722576,-73.94049,0,0,Following Too Closely,4419625,30.5,16.5,0.0,0.0,0.0,0.0,3,19.1,36.4,299,Overcast,0,0,
21530,2021-05-22 05:59:00,40.75159,-73.88655,1,0,Unspecified,4418992,30.5,16.5,0.0,0.0,0.0,0.0,3,19.1,36.4,299,Overcast,1,1,
21531,2021-05-22 21:20:00,40.760593,-73.98795,1,0,Passing or Lane Usage Improper,4420120,30.5,16.5,0.0,0.0,0.0,0.0,3,19.1,36.4,299,Overcast,1,1,
21532,2021-05-22 01:55:00,40.757385,-73.98226,2,0,Following Too Closely,4420119,30.5,16.5,0.0,0.0,0.0,0.0,3,19.1,36.4,299,Overcast,2,2,
21533,2021-05-22 08:12:00,40.637775,-73.896675,0,0,Unspecified,4419087,30.5,16.5,0.0,0.0,0.0,0.0,3,19.1,36.4,299,Overcast,0,0,
21534,2021-05-22 17:52:00,40.77723,-73.946175,0,0,Following Too Closely,4419408,30.5,16.5,0.0,0.0,0.0,0.0,3,19.1,36.4,299,Overcast,0,0,
21535,2021-05-22 17:00:00,40.692593,-73.91551,2,0,Following Too Closely,4419989,30.5,16.5,0.0,0.0,0.0,0.0,3,19.1,36.4,299,Overcast,2,2,
21536,2021-05-22 15:48:00,40.673008,-73.78809,1,0,Driver Inattention/Distraction,4419442,30.5,16.5,0.0,0.0,0.0,0.0,3,19.1,36.4,299,Overcast,1,1,
21537,2021-05-22 03:45:00,40.756325,-73.803604,0,0,Reaction to Uninvolved Vehicle,4419519,30.5,16.5,0.0,0.0,0.0,0.0,3,19.1,36.4,299,Overcast,0,0,
21538,2021-05-22 04:20:00,40.661106,-73.87529,1,0,Driver Inattention/Distraction,4419574,30.5,16.5,0.0,0.0,0.0,0.0,3,19.1,36.4,299,Overcast,1,1,
21539,2021-05-22 13:45:00,40.676727,-73.85984,0,0,Failure to Yield Right-of-Way,4419068,30.5,16.5,0.0,0.0,0.0,0.0,3,19.1,36.4,299,Overcast,0,0,
21540,2021-05-22 01:02:00,40.81257,-73.905914,0,0,Alcohol Involvement,4419030,30.5,16.5,0.0,0.0,0.0,0.0,3,19.1,36.4,299,Overcast,0,0,
21541,2021-05-21 16:45:00,40.703075,-73.79064,0,0,Failure to Yield Right-of-Way,4419911,23.9,11.3,0.0,0.0,0.0,0.0,3,19.2,38.5,174,Overcast,0,0,
21542,2021-05-21 22:00:00,40.846954,-73.91863,0,0,Other Vehicular,4419935,23.9,11.3,0.0,0.0,0.0,0.0,3,19.2,38.5,174,Overcast,0,0,
21543,2021-05-22 09:14:00,40.68561,-73.75027,0,0,Alcohol Involvement,4419054,30.5,16.5,0.0,0.0,0.0,0.0,3,19.1,36.4,299,Overcast,0,0,
21544,2021-05-22 03:45:00,40.806263,-73.92017,1,0,Failure to Yield Right-of-Way,4419031,30.5,16.5,0.0,0.0,0.0,0.0,3,19.1,36.4,299,Overcast,1,1,
21545,2021-05-22 02:30:00,40.8239,-73.876526,1,0,Driver Inattention/Distraction,4419819,30.5,16.5,0.0,0.0,0.0,0.0,3,19.1,36.4,299,Overcast,1,1,
21546,2021-05-21 22:20:00,40.84954,-73.93641,0,0,Driver Inattention/Distraction,4420130,23.9,11.3,0.0,0.0,0.0,0.0,3,19.2,38.5,174,Overcast,0,0,
21547,2021-05-22 03:47:00,40.861526,-73.908516,0,0,Outside Car Distraction,4419083,30.5,16.5,0.0,0.0,0.0,0.0,3,19.1,36.4,299,Overcast,0,0,
21548,2021-05-22 01:08:00,40.789528,-73.820435,2,0,Driver Inexperience,4419010,30.5,16.5,0.0,0.0,0.0,0.0,3,19.1,36.4,299,Overcast,2,2,
21549,2021-05-14 16:00:00,40.840874,-73.91979,0,0,Passing or Lane Usage Improper,4420100,21.6,7.5,0.0,0.0,0.0,0.0,2,14.3,25.2,276,Partly cloudy,0,0,
21550,2021-05-22 17:20:00,40.637894,-73.99989,1,0,Unspecified,4419317,30.5,16.5,0.0,0.0,0.0,0.0,3,19.1,36.4,299,Overcast,1,1,
21551,2021-05-22 09:10:00,40.66077,-73.91975,1,0,Unspecified,4419371,30.5,16.5,0.0,0.0,0.0,0.0,3,19.1,36.4,299,Overcast,1,1,
21552,2021-05-21 15:20:00,40.753082,-73.72459,0,0,Unsafe Lane Changing,4420000,23.9,11.3,0.0,0.0,0.0,0.0,3,19.2,38.5,174,Overcast,0,0,
21553,2021-05-21 23:40:00,40.7238,-73.8367,0,0,Driver Inattention/Distraction,4420025,23.9,11.3,0.0,0.0,0.0,0.0,3,19.2,38.5,174,Overcast,0,0,
21554,2021-05-22 18:45:00,40.668964,-73.87666,0,0,Other Vehicular,4419596,30.5,16.5,0.0,0.0,0.0,0.0,3,19.1,36.4,299,Overcast,0,0,
21555,2021-05-22 23:03:00,40.78202,-73.97173,1,0,Following Too Closely,4419460,30.5,16.5,0.0,0.0,0.0,0.0,3,19.1,36.4,299,Overcast,1,1,
21556,2021-05-22 17:30:00,40.665493,-73.88475,1,0,Driver Inattention/Distraction,4419579,30.5,16.5,0.0,0.0,0.0,0.0,3,19.1,36.4,299,Overcast,1,1,
21557,2021-05-22 14:30:00,40.62305,-74.02114,0,0,Passing Too Closely,4419018,30.5,16.5,0.0,0.0,0.0,0.0,3,19.1,36.4,299,Overcast,0,0,
21558,2021-05-22 18:19:00,40.68665,-73.80918,0,0,Traffic Control Disregarded,4419073,30.5,16.5,0.0,0.0,0.0,0.0,3,19.1,36.4,299,Overcast,0,0,
21559,2021-05-22 18:00:00,40.84518,-73.91417,0,0,Passing or Lane Usage Improper,4419222,30.5,16.5,0.0,0.0,0.0,0.0,3,19.1,36.4,299,Overcast,0,0,
21560,2021-05-18 16:30:00,40.63396,-74.01476,1,0,Following Too Closely,4419873,26.1,11.2,0.0,0.0,0.0,0.0,3,15.5,29.2,262,Overcast,1,1,
21561,2021-05-16 08:30:00,40.563774,-74.15586,0,0,Oversized Vehicle,4419941,22.3,10.7,0.1,0.1,0.0,1.0,51,23.8,46.1,261,Drizzle: Light,0,0,
21562,2021-05-22 12:20:00,40.668026,-73.77343,0,0,Following Too Closely,4419441,30.5,16.5,0.0,0.0,0.0,0.0,3,19.1,36.4,299,Overcast,0,0,
21563,2021-05-22 13:00:00,40.70688,-73.92865,0,0,Backing Unsafely,4419755,30.5,16.5,0.0,0.0,0.0,0.0,3,19.1,36.4,299,Overcast,0,0,
21564,2021-05-22 19:40:00,40.618515,-74.08609,0,0,Driver Inattention/Distraction,4419891,30.5,16.5,0.0,0.0,0.0,0.0,3,19.1,36.4,299,Overcast,0,0,
21565,2021-05-22 10:59:00,40.6408,-73.88332,0,0,Driver Inattention/Distraction,4419088,30.5,16.5,0.0,0.0,0.0,0.0,3,19.1,36.4,299,Overcast,0,0,
21566,2021-05-22 08:00:00,40.6794,-73.8586,0,0,Driver Inattention/Distraction,4419927,30.5,16.5,0.0,0.0,0.0,0.0,3,19.1,36.4,299,Overcast,0,0,
21567,2021-05-22 11:05:00,40.831417,-73.899864,0,0,Driver Inattention/Distraction,4419174,30.5,16.5,0.0,0.0,0.0,0.0,3,19.1,36.4,299,Overcast,0,0,
21568,2021-05-22 20:55:00,40.82364,-73.87994,0,0,Failure to Yield Right-of-Way,4419823,30.5,16.5,0.0,0.0,0.0,0.0,3,19.1,36.4,299,Overcast,0,0,
21569,2021-05-22 13:30:00,40.872803,-73.85428,0,0,Driver Inattention/Distraction,4419042,30.5,16.5,0.0,0.0,0.0,0.0,3,19.1,36.4,299,Overcast,0,0,
21570,2021-05-22 22:45:00,40.820293,-73.94378,1,0,Other Vehicular,4419675,30.5,16.5,0.0,0.0,0.0,0.0,3,19.1,36.4,299,Overcast,1,1,
21571,2021-05-22 10:29:00,40.729942,-73.88749,0,0,Driver Inattention/Distraction,4419490,30.5,16.5,0.0,0.0,0.0,0.0,3,19.1,36.4,299,Overcast,0,0,
21572,2021-05-22 23:00:00,40.845024,-73.92632,0,0,Following Too Closely,4419556,30.5,16.5,0.0,0.0,0.0,0.0,3,19.1,36.4,299,Overcast,0,0,
21573,2021-05-21 06:40:00,40.85908,-73.898186,0,0,Following Too Closely,4419936,23.9,11.3,0.0,0.0,0.0,0.0,3,19.2,38.5,174,Overcast,0,0,
21574,2021-05-22 15:35:00,40.75883,-73.981766,0,0,Failure to Yield Right-of-Way,4420105,30.5,16.5,0.0,0.0,0.0,0.0,3,19.1,36.4,299,Overcast,0,0,
21575,2021-09-28 07:52:00,40.800663,-73.94436,3,0,Traffic Control Disregarded,4461957,22.1,16.3,12.4,12.4,0.0,9.0,63,19.2,38.5,264,Rain: Moderate,3,3,
21576,2021-05-22 12:55:00,40.784622,-73.91648,0,0,Driver Inexperience,4419301,30.5,16.5,0.0,0.0,0.0,0.0,3,19.1,36.4,299,Overcast,0,0,
21577,2021-05-22 15:53:00,40.70321,-73.94626,8,0,Passing or Lane Usage Improper,4419786,30.5,16.5,0.0,0.0,0.0,0.0,3,19.1,36.4,299,Overcast,8,8,
21578,2021-05-22 12:30:00,40.870483,-73.84324,0,0,Driver Inattention/Distraction,4419347,30.5,16.5,0.0,0.0,0.0,0.0,3,19.1,36.4,299,Overcast,0,0,
21579,2021-05-22 21:42:00,40.66241,-73.90987,0,0,Unspecified,4419190,30.5,16.5,0.0,0.0,0.0,0.0,3,19.1,36.4,299,Overcast,0,0,
21580,2021-05-22 10:45:00,40.83863,-73.93348,1,0,Driver Inattention/Distraction,4420020,30.5,16.5,0.0,0.0,0.0,0.0,3,19.1,36.4,299,Overcast,1,1,
21581,2021-05-22 00:05:00,40.672848,-73.76405,0,0,Other Vehicular,4419420,30.5,16.5,0.0,0.0,0.0,0.0,3,19.1,36.4,299,Overcast,0,0,
21582,2021-05-22 20:35:00,40.816532,-73.92822,1,0,Failure to Yield Right-of-Way,4419865,30.5,16.5,0.0,0.0,0.0,0.0,3,19.1,36.4,299,Overcast,1,1,
21583,2021-05-22 23:25:00,40.72713,-73.81248,5,0,Driver Inattention/Distraction,4419096,30.5,16.5,0.0,0.0,0.0,0.0,3,19.1,36.4,299,Overcast,5,5,
21584,2021-05-22 21:30:00,40.714073,-73.95534,0,0,Driver Inattention/Distraction,4419708,30.5,16.5,0.0,0.0,0.0,0.0,3,19.1,36.4,299,Overcast,0,0,
21585,2021-05-19 15:30:00,40.618168,-74.01455,0,0,Other Vehicular,4419900,28.2,13.6,0.0,0.0,0.0,0.0,3,19.6,40.3,337,Overcast,0,0,
21586,2021-05-22 20:00:00,40.71717,-73.73543,0,0,Unspecified,4419384,30.5,16.5,0.0,0.0,0.0,0.0,3,19.1,36.4,299,Overcast,0,0,
21587,2021-05-22 17:20:00,40.663006,-73.90594,0,0,Traffic Control Disregarded,4419212,30.5,16.5,0.0,0.0,0.0,0.0,3,19.1,36.4,299,Overcast,0,0,
21588,2021-05-22 10:55:00,40.54397,-74.21196,0,0,Unspecified,4419386,30.5,16.5,0.0,0.0,0.0,0.0,3,19.1,36.4,299,Overcast,0,0,
21589,2021-05-22 13:00:00,40.63544,-73.97912,1,0,Unspecified,4419335,30.5,16.5,0.0,0.0,0.0,0.0,3,19.1,36.4,299,Overcast,1,1,
21590,2021-05-20 02:53:00,40.851696,-73.932,0,0,Unsafe Lane Changing,4419793,22.2,12.5,0.0,0.0,0.0,0.0,3,19.0,38.2,147,Overcast,0,0,
21591,2021-05-22 01:57:00,40.6446,-74.02161,0,0,Unspecified,4418957,30.5,16.5,0.0,0.0,0.0,0.0,3,19.1,36.4,299,Overcast,0,0,
21592,2021-05-20 14:45:00,40.73046,-73.9515,2,0,Driver Inexperience,4419835,22.2,12.5,0.0,0.0,0.0,0.0,3,19.0,38.2,147,Overcast,2,2,
21593,2021-05-10 00:35:00,40.678238,-73.94415,0,0,Unsafe Speed,4419923,14.9,8.3,3.3,3.3,0.0,7.0,55,18.8,58.3,339,Drizzle: Dense,0,0,
21594,2021-05-22 22:30:00,40.821518,-73.90237,0,0,Driver Inattention/Distraction,4419149,30.5,16.5,0.0,0.0,0.0,0.0,3,19.1,36.4,299,Overcast,0,0,
21595,2021-05-22 19:10:00,40.727104,-73.9572,2,0,Driver Inattention/Distraction,4419633,30.5,16.5,0.0,0.0,0.0,0.0,3,19.1,36.4,299,Overcast,2,2,
21596,2021-05-14 10:40:00,40.724693,-73.7541,0,0,Unsafe Lane Changing,4419918,21.6,7.5,0.0,0.0,0.0,0.0,2,14.3,25.2,276,Partly cloudy,0,0,
21597,2021-05-04 23:50:00,40.785492,-73.984116,0,0,Driver Inattention/Distraction,4419898,22.2,11.1,13.2,13.2,0.0,6.0,63,18.9,42.8,74,Rain: Moderate,0,0,
21598,2021-05-16 15:45:00,40.851322,-73.94029,1,0,Aggressive Driving/Road Rage,4419779,22.3,10.7,0.1,0.1,0.0,1.0,51,23.8,46.1,261,Drizzle: Light,1,1,
21599,2021-05-22 03:05:00,40.6967,-73.91031,0,0,Backing Unsafely,4418977,30.5,16.5,0.0,0.0,0.0,0.0,3,19.1,36.4,299,Overcast,0,0,
21600,2021-05-20 08:50:00,40.869316,-73.91674,0,0,Unspecified,4419802,22.2,12.5,0.0,0.0,0.0,0.0,3,19.0,38.2,147,Overcast,0,0,
21601,2021-05-22 09:48:00,40.724476,-73.758316,0,0,Driver Inattention/Distraction,4419095,30.5,16.5,0.0,0.0,0.0,0.0,3,19.1,36.4,299,Overcast,0,0,
21602,2021-05-21 09:21:00,40.764694,-73.97807,0,0,Following Too Closely,4420111,23.9,11.3,0.0,0.0,0.0,0.0,3,19.2,38.5,174,Overcast,0,0,
21603,2021-05-22 03:45:00,40.87683,-73.86472,0,0,Turning Improperly,4419340,30.5,16.5,0.0,0.0,0.0,0.0,3,19.1,36.4,299,Overcast,0,0,
21604,2021-05-21 16:30:00,40.789684,-73.95446,0,0,Unspecified,4419848,23.9,11.3,0.0,0.0,0.0,0.0,3,19.2,38.5,174,Overcast,0,0,
21605,2021-05-22 05:45:00,40.62962,-74.07667,1,0,Unspecified,4419191,30.5,16.5,0.0,0.0,0.0,0.0,3,19.1,36.4,299,Overcast,1,1,
21606,2021-05-22 11:00:00,40.607258,-73.96727,1,0,Unspecified,4419624,30.5,16.5,0.0,0.0,0.0,0.0,3,19.1,36.4,299,Overcast,1,1,
21607,2021-05-21 17:20:00,40.763123,-73.99666,1,0,Failure to Yield Right-of-Way,4420112,23.9,11.3,0.0,0.0,0.0,0.0,3,19.2,38.5,174,Overcast,1,1,
21608,2021-05-22 11:42:00,40.7042,-73.9427,0,0,Driver Inexperience,4419707,30.5,16.5,0.0,0.0,0.0,0.0,3,19.1,36.4,299,Overcast,0,0,
21609,2021-05-20 14:05:00,40.829597,-73.94814,0,0,Unsafe Lane Changing,4420085,22.2,12.5,0.0,0.0,0.0,0.0,3,19.0,38.2,147,Overcast,0,0,
21610,2021-05-22 16:05:00,40.755886,-73.83044,0,0,Backing Unsafely,4419283,30.5,16.5,0.0,0.0,0.0,0.0,3,19.1,36.4,299,Overcast,0,0,
21611,2021-05-16 09:16:00,40.792538,-73.943985,0,0,Unspecified,4419974,22.3,10.7,0.1,0.1,0.0,1.0,51,23.8,46.1,261,Drizzle: Light,0,0,
21612,2021-05-21 19:04:00,40.639053,-73.9213,0,1,Unsafe Speed,4419912,23.9,11.3,0.0,0.0,0.0,0.0,3,19.2,38.5,174,Overcast,20,1,
21613,2021-05-22 15:40:00,40.821198,-73.876495,2,0,Backing Unsafely,4419822,30.5,16.5,0.0,0.0,0.0,0.0,3,19.1,36.4,299,Overcast,2,2,
21614,2021-05-22 17:23:00,40.716587,-73.74294,0,0,Following Too Closely,4420010,30.5,16.5,0.0,0.0,0.0,0.0,3,19.1,36.4,299,Overcast,0,0,
21615,2021-05-22 15:00:00,40.6973,-73.727875,0,0,Unspecified,4419057,30.5,16.5,0.0,0.0,0.0,0.0,3,19.1,36.4,299,Overcast,0,0,
21616,2021-05-22 11:40:00,40.6338,-73.8897,1,0,Unspecified,4419472,30.5,16.5,0.0,0.0,0.0,0.0,3,19.1,36.4,299,Overcast,1,1,
21617,2021-05-22 13:52:00,40.862495,-73.9342,0,0,Driver Inattention/Distraction,4420134,30.5,16.5,0.0,0.0,0.0,0.0,3,19.1,36.4,299,Overcast,0,0,
21618,2021-05-18 12:30:00,40.73611,-73.85639,1,0,Following Too Closely,4419907,26.1,11.2,0.0,0.0,0.0,0.0,3,15.5,29.2,262,Overcast,1,1,
21619,2021-05-22 00:30:00,40.86157,-73.913185,0,0,Following Too Closely,4419137,30.5,16.5,0.0,0.0,0.0,0.0,3,19.1,36.4,299,Overcast,0,0,
21620,2021-05-22 02:51:00,40.67312,-73.878654,0,0,Other Vehicular,4419591,30.5,16.5,0.0,0.0,0.0,0.0,3,19.1,36.4,299,Overcast,0,0,
21621,2021-05-19 22:00:00,40.7375,-73.93385,0,0,Driver Inattention/Distraction,4419857,28.2,13.6,0.0,0.0,0.0,0.0,3,19.6,40.3,337,Overcast,0,0,
21622,2021-05-22 09:50:00,40.72543,-73.99678,1,0,Passing or Lane Usage Improper,4419023,30.5,16.5,0.0,0.0,0.0,0.0,3,19.1,36.4,299,Overcast,1,1,
21623,2021-05-22 22:11:00,40.653378,-73.90658,0,0,Unspecified,4419401,30.5,16.5,0.0,0.0,0.0,0.0,3,19.1,36.4,299,Overcast,0,0,