,CRASH DATETIME,LATITUDE,LONGITUDE,NUMBER OF PERSONS INJURED,NUMBER OF PERSONS KILLED,CONTRIBUTING FACTOR VEHICLE 1,COLLISION_ID,temperature_2m_max,temperature_2m_min,precipitation_sum,rain_sum,snowfall_sum,precipitation_hours,weather_code,wind_speed_10m_max,wind_gusts_10m_max,wind_direction_10m_dominant,Weather Description,Severity_Score,Total_Affected_Persons,Weather_Category
21624,2021-05-22 16:14:00,40.78024,-73.961365,0,0,Driver Inattention/Distraction,4419491,30.5,16.5,0.0,0.0,0.0,0.0,3,19.1,36.4,299,Overcast,0,0,
21625,2021-05-22 17:50:00,40.7597,-73.80031,0,0,Passing Too Closely,4419048,30.5,16.5,0.0,0.0,0.0,0.0,3,19.1,36.4,299,Overcast,0,0,
21626,2021-05-22 20:00:00,40.66489,-73.91731,0,0,Unspecified,4419216,30.5,16.5,0.0,0.0,0.0,0.0,3,19.1,36.4,299,Overcast,0,0,
21627,2021-05-22 15:00:00,40.67576,-73.81,1,0,Failure to Yield Right-of-Way,4419762,30.5,16.5,0.0,0.0,0.0,0.0,3,19.1,36.4,299,Overcast,1,1,
21628,2021-05-20 16:10:00,40.858273,-73.93182,1,0,Passing or Lane Usage Improper,4419814,22.2,12.5,0.0,0.0,0.0,0.0,3,19.0,38.2,147,Overcast,1,1,
21629,2021-05-22 21:00:00,40.684082,-73.874344,0,0,Unspecified,4419603,30.5,16.5,0.0,0.0,0.0,0.0,3,19.1,36.4,299,Overcast,0,0,
21630,2021-05-22 22:15:00,40.73982,-73.9931,0,0,Unspecified,4419262,30.5,16.5,0.0,0.0,0.0,0.0,3,19.1,36.4,299,Overcast,0,0,
21631,2021-05-22 12:30:00,40.713696,-73.75481,0,0,Accelerator Defective,4419955,30.5,16.5,0.0,0.0,0.0,0.0,3,19.1,36.4,299,Overcast,0,0,
21632,2021-05-12 11:35:00,40.569927,-74.09108,0,0,Backing Unsafely,4419940,17.9,5.8,0.0,0.0,0.0,0.0,2,20.0,41.0,317,Partly cloudy,0,0,
21633,2021-05-22 19:00:00,40.71354,-73.809875,1,0,Alcohol Involvement,4419874,30.5,16.5,0.0,0.0,0.0,0.0,3,19.1,36.4,299,Overcast,1,1,
21634,2021-05-22 00:00:00,40.71256,-73.732994,3,0,Unspecified,4419718,30.5,16.5,0.0,0.0,0.0,0.0,3,19.1,36.4,299,Overcast,3,3,
21635,2021-05-22 22:48:00,40.859303,-73.89884,1,0,Unsafe Speed,4419928,30.5,16.5,0.0,0.0,0.0,0.0,3,19.1,36.4,299,Overcast,1,1,
21636,2021-05-22 19:11:00,40.832623,-73.92537,0,0,Turning Improperly,4419453,30.5,16.5,0.0,0.0,0.0,0.0,3,19.1,36.4,299,Overcast,0,0,
21637,2021-05-22 17:00:00,40.662067,-73.892555,0,0,Unspecified,4419578,30.5,16.5,0.0,0.0,0.0,0.0,3,19.1,36.4,299,Overcast,0,0,
21638,2021-05-22 23:00:00,40.60057,-74.11339,2,0,Failure to Yield Right-of-Way,4419084,30.5,16.5,0.0,0.0,0.0,0.0,3,19.1,36.4,299,Overcast,2,2,
21639,2021-05-21 15:00:00,40.720966,-73.8429,0,0,Alcohol Involvement,4420024,23.9,11.3,0.0,0.0,0.0,0.0,3,19.2,38.5,174,Overcast,0,0,
21640,2021-05-22 20:55:00,40.750225,-73.85515,1,0,Driver Inattention/Distraction,4419505,30.5,16.5,0.0,0.0,0.0,0.0,3,19.1,36.4,299,Overcast,1,1,
21641,2021-05-22 18:56:00,40.78503,-73.94058,0,0,Driver Inattention/Distraction,4419407,30.5,16.5,0.0,0.0,0.0,0.0,3,19.1,36.4,299,Overcast,0,0,
21642,2021-05-22 06:54:00,40.63067,-73.97732,0,0,Unspecified,4419312,30.5,16.5,0.0,0.0,0.0,0.0,3,19.1,36.4,299,Overcast,0,0,
21643,2021-05-22 09:30:00,40.691933,-73.79829,0,0,Other Vehicular,4419954,30.5,16.5,0.0,0.0,0.0,0.0,3,19.1,36.4,299,Overcast,0,0,
21644,2021-05-22 23:56:00,40.653805,-73.93061,4,0,Following Too Closely,4419370,30.5,16.5,0.0,0.0,0.0,0.0,3,19.1,36.4,299,Overcast,4,4,
21645,2021-05-22 22:30:00,40.83887,-73.87811,1,0,Driver Inattention/Distraction,4419719,30.5,16.5,0.0,0.0,0.0,0.0,3,19.1,36.4,299,Overcast,1,1,
21646,2021-05-14 22:30:00,40.697605,-73.92962,1,0,Driver Inattention/Distraction,4419987,21.6,7.5,0.0,0.0,0.0,0.0,2,14.3,25.2,276,Partly cloudy,1,1,
21647,2021-05-22 09:32:00,40.67212,-73.89594,0,0,Backing Unsafely,4419593,30.5,16.5,0.0,0.0,0.0,0.0,3,19.1,36.4,299,Overcast,0,0,
21648,2021-05-22 13:16:00,40.872585,-73.88128,1,0,Driver Inattention/Distraction,4419650,30.5,16.5,0.0,0.0,0.0,0.0,3,19.1,36.4,299,Overcast,1,1,
21649,2021-05-22 16:50:00,40.740025,-73.97626,2,0,Passing or Lane Usage Improper,4419256,30.5,16.5,0.0,0.0,0.0,0.0,3,19.1,36.4,299,Overcast,2,2,
21650,2022-06-30 10:50:00,40.693844,-73.89692,1,0,Failure to Yield Right-of-Way,4542474,31.2,17.3,0.0,0.0,0.0,0.0,2,19.1,37.4,274,Partly cloudy,1,1,
21651,2021-05-22 16:45:00,40.750893,-73.855484,0,0,Driver Inattention/Distraction,4419512,30.5,16.5,0.0,0.0,0.0,0.0,3,19.1,36.4,299,Overcast,0,0,
21652,2021-05-22 08:20:00,40.623657,-74.02064,0,0,Passing or Lane Usage Improper,4419006,30.5,16.5,0.0,0.0,0.0,0.0,3,19.1,36.4,299,Overcast,0,0,
21653,2021-05-22 08:45:00,40.736988,-73.97489,0,0,Unspecified,4419381,30.5,16.5,0.0,0.0,0.0,0.0,3,19.1,36.4,299,Overcast,0,0,
21654,2021-05-22 14:50:00,40.666138,-73.82589,1,0,Reaction to Uninvolved Vehicle,4419065,30.5,16.5,0.0,0.0,0.0,0.0,3,19.1,36.4,299,Overcast,1,1,
21655,2021-05-22 05:00:00,40.843643,-73.91303,0,0,Unspecified,4420099,30.5,16.5,0.0,0.0,0.0,0.0,3,19.1,36.4,299,Overcast,0,0,
21656,2021-05-22 12:01:00,40.524,-74.186104,1,0,Driver Inexperience,4419387,30.5,16.5,0.0,0.0,0.0,0.0,3,19.1,36.4,299,Overcast,1,1,
21657,2021-05-22 04:49:00,40.683235,-73.92429,0,0,Unsafe Speed,4419148,30.5,16.5,0.0,0.0,0.0,0.0,3,19.1,36.4,299,Overcast,0,0,
21658,2021-05-22 00:00:00,40.757294,-73.99719,0,0,Other Vehicular,4419380,30.5,16.5,0.0,0.0,0.0,0.0,3,19.1,36.4,299,Overcast,0,0,
21659,2021-05-09 17:40:00,40.696323,-73.975784,0,0,Unspecified,4419996,16.7,5.8,8.6,8.6,0.0,8.0,61,18.9,38.9,250,Rain: Light,0,0,
21660,2021-05-21 10:40:00,40.70024,-73.94782,0,0,Unsafe Speed,4419785,23.9,11.3,0.0,0.0,0.0,0.0,3,19.2,38.5,174,Overcast,0,0,
21661,2021-05-22 14:55:00,40.784622,-73.91648,0,0,Backing Unsafely,4419300,30.5,16.5,0.0,0.0,0.0,0.0,3,19.1,36.4,299,Overcast,0,0,
21662,2021-05-21 14:43:00,40.806408,-73.94016,0,0,Unspecified,4419794,23.9,11.3,0.0,0.0,0.0,0.0,3,19.2,38.5,174,Overcast,0,0,
21663,2021-05-22 01:05:00,40.856537,-73.87257,0,0,Unsafe Speed,4418964,30.5,16.5,0.0,0.0,0.0,0.0,3,19.1,36.4,299,Overcast,0,0,
21664,2021-05-21 10:30:00,40.577168,-74.11804,0,0,Unspecified,4419836,23.9,11.3,0.0,0.0,0.0,0.0,3,19.2,38.5,174,Overcast,0,0,
21665,2021-05-22 14:00:00,40.725895,-73.95501,0,0,Driver Inattention/Distraction,4419632,30.5,16.5,0.0,0.0,0.0,0.0,3,19.1,36.4,299,Overcast,0,0,
21666,2021-05-19 15:40:00,40.676548,-73.96354,0,0,Tire Failure/Inadequate,4419922,28.2,13.6,0.0,0.0,0.0,0.0,3,19.6,40.3,337,Overcast,0,0,
21667,2021-05-16 16:15:00,40.71958,-73.83978,1,0,Driver Inattention/Distraction,4419908,22.3,10.7,0.1,0.1,0.0,1.0,51,23.8,46.1,261,Drizzle: Light,1,1,
21668,2021-05-22 11:00:00,40.71946,-73.89117,0,0,Driver Inexperience,4419494,30.5,16.5,0.0,0.0,0.0,0.0,3,19.1,36.4,299,Overcast,0,0,
21669,2021-09-17 11:40:00,40.712227,-73.88436,0,0,Failure to Yield Right-of-Way,4462561,23.6,20.1,1.0,1.0,0.0,7.0,51,20.3,38.9,59,Drizzle: Light,0,0,
21670,2021-05-22 21:55:00,40.668373,-73.92264,1,0,Driver Inattention/Distraction,4419423,30.5,16.5,0.0,0.0,0.0,0.0,3,19.1,36.4,299,Overcast,1,1,
21671,2021-05-21 00:50:00,40.85306,-73.931,0,0,Following Too Closely,4419834,23.9,11.3,0.0,0.0,0.0,0.0,3,19.2,38.5,174,Overcast,0,0,
21672,2021-05-22 14:47:00,40.813377,-73.96542,0,0,Unspecified,4419476,30.5,16.5,0.0,0.0,0.0,0.0,3,19.1,36.4,299,Overcast,0,0,
21673,2021-05-22 17:30:00,40.80623,-73.91206,0,0,Unspecified,4419864,30.5,16.5,0.0,0.0,0.0,0.0,3,19.1,36.4,299,Overcast,0,0,
21674,2021-05-22 14:15:00,40.789032,-73.78797,0,0,Following Too Closely,4419117,30.5,16.5,0.0,0.0,0.0,0.0,3,19.1,36.4,299,Overcast,0,0,
21675,2021-05-22 00:31:00,40.836605,-73.93931,1,0,Following Too Closely,4419559,30.5,16.5,0.0,0.0,0.0,0.0,3,19.1,36.4,299,Overcast,1,1,
21676,2021-05-21 13:15:00,40.69755,-73.79756,0,0,Passing Too Closely,4419906,23.9,11.3,0.0,0.0,0.0,0.0,3,19.2,38.5,174,Overcast,0,0,
21677,2021-05-22 11:49:00,40.845253,-73.90935,2,0,Traffic Control Disregarded,4419015,30.5,16.5,0.0,0.0,0.0,0.0,3,19.1,36.4,299,Overcast,2,2,
21678,2021-05-22 14:30:00,40.718555,-73.988205,0,0,Unspecified,4419428,30.5,16.5,0.0,0.0,0.0,0.0,3,19.1,36.4,299,Overcast,0,0,
21679,2021-05-21 06:00:00,40.758476,-73.98287,0,0,Unspecified,4420104,23.9,11.3,0.0,0.0,0.0,0.0,3,19.2,38.5,174,Overcast,0,0,
21680,2021-05-22 08:15:00,40.83384,-73.940475,0,0,Unspecified,4419531,30.5,16.5,0.0,0.0,0.0,0.0,3,19.1,36.4,299,Overcast,0,0,
21681,2021-05-22 03:00:00,40.659832,-73.897606,0,0,Unspecified,4419590,30.5,16.5,0.0,0.0,0.0,0.0,3,19.1,36.4,299,Overcast,0,0,
21682,2021-05-22 14:10:00,40.86949,-73.84439,0,0,Passing or Lane Usage Improper,4419024,30.5,16.5,0.0,0.0,0.0,0.0,3,19.1,36.4,299,Overcast,0,0,
21683,2021-05-22 06:45:00,40.66611,-73.82712,2,0,Driver Inattention/Distraction,4419070,30.5,16.5,0.0,0.0,0.0,0.0,3,19.1,36.4,299,Overcast,2,2,
21684,2021-05-19 17:50:00,40.743423,-73.999855,0,0,Failure to Yield Right-of-Way,4419881,28.2,13.6,0.0,0.0,0.0,0.0,3,19.6,40.3,337,Overcast,0,0,
21685,2021-05-22 21:43:00,40.748615,-73.8952,0,0,Driver Inattention/Distraction,4419090,30.5,16.5,0.0,0.0,0.0,0.0,3,19.1,36.4,299,Overcast,0,0,
21686,2021-05-21 23:30:00,40.66901,-73.80265,0,0,Passing or Lane Usage Improper,4420058,23.9,11.3,0.0,0.0,0.0,0.0,3,19.2,38.5,174,Overcast,0,0,
21687,2021-05-22 02:06:00,40.889988,-73.85426,0,0,Unspecified,4419341,30.5,16.5,0.0,0.0,0.0,0.0,3,19.1,36.4,299,Overcast,0,0,
21688,2021-05-22 15:12:00,40.597057,-73.94126,0,0,Driver Inattention/Distraction,4419631,30.5,16.5,0.0,0.0,0.0,0.0,3,19.1,36.4,299,Overcast,0,0,
21689,2021-05-22 09:15:00,40.824158,-73.87462,0,0,Passing Too Closely,4419821,30.5,16.5,0.0,0.0,0.0,0.0,3,19.1,36.4,299,Overcast,0,0,
21690,2021-05-22 13:00:00,40.806263,-73.92017,0,0,Driver Inattention/Distraction,4419039,30.5,16.5,0.0,0.0,0.0,0.0,3,19.1,36.4,299,Overcast,0,0,
21691,2021-05-22 07:10:00,40.63522,-73.96399,0,0,Unspecified,4419144,30.5,16.5,0.0,0.0,0.0,0.0,3,19.1,36.4,299,Overcast,0,0,
21692,2021-05-22 12:03:00,40.85214,-73.92071,0,0,Backing Unsafely,4420132,30.5,16.5,0.0,0.0,0.0,0.0,3,19.1,36.4,299,Overcast,0,0,
21693,2021-05-22 01:30:00,40.592815,-73.90808,0,0,Driver Inattention/Distraction,4419001,30.5,16.5,0.0,0.0,0.0,0.0,3,19.1,36.4,299,Overcast,0,0,
21694,2021-05-08 17:00:00,40.859543,-73.927986,0,0,Alcohol Involvement,4420116,11.6,7.7,4.3,4.3,0.0,9.0,61,17.5,36.4,140,Rain: Light,0,0,
21695,2021-05-22 23:10:00,40.745438,-73.923,1,0,Driver Inattention/Distraction,4419085,30.5,16.5,0.0,0.0,0.0,0.0,3,19.1,36.4,299,Overcast,1,1,
21696,2021-04-28 22:10:00,40.678238,-73.94415,1,0,Unspecified,4419924,26.1,7.9,0.0,0.0,0.0,0.0,3,15.3,34.6,133,Overcast,1,1,
21697,2021-05-22 14:00:00,40.67632,-73.763435,0,0,Following Too Closely,4419416,30.5,16.5,0.0,0.0,0.0,0.0,3,19.1,36.4,299,Overcast,0,0,
21698,2021-05-22 19:40:00,40.75587,-73.88234,0,0,Unspecified,4419076,30.5,16.5,0.0,0.0,0.0,0.0,3,19.1,36.4,299,Overcast,0,0,
21699,2021-05-22 15:00:00,40.70183,-73.91933,0,0,Unspecified,4419976,30.5,16.5,0.0,0.0,0.0,0.0,3,19.1,36.4,299,Overcast,0,0,
21700,2021-05-17 13:21:00,40.642376,-73.99524,1,0,Unspecified,4419784,22.9,9.7,0.0,0.0,0.0,0.0,3,17.7,36.0,224,Overcast,1,1,
21701,2021-05-22 03:12:00,40.83692,-73.93909,0,0,Passing or Lane Usage Improper,4419560,30.5,16.5,0.0,0.0,0.0,0.0,3,19.1,36.4,299,Overcast,0,0,
21702,2021-05-17 18:40:00,40.79704,-73.9428,1,0,Prescription Medication,4420016,22.9,9.7,0.0,0.0,0.0,0.0,3,17.7,36.0,224,Overcast,1,1,
21703,2021-05-22 01:33:00,40.659275,-73.91294,0,0,Unspecified,4419203,30.5,16.5,0.0,0.0,0.0,0.0,3,19.1,36.4,299,Overcast,0,0,
21704,2021-05-22 14:50:00,40.659275,-73.889,0,0,Following Too Closely,4419577,30.5,16.5,0.0,0.0,0.0,0.0,3,19.1,36.4,299,Overcast,0,0,
21705,2021-05-22 05:42:00,40.828953,-73.837,0,0,Unspecified,4419698,30.5,16.5,0.0,0.0,0.0,0.0,3,19.1,36.4,299,Overcast,0,0,
21706,2021-05-21 22:20:00,40.682537,-73.95002,1,0,Driver Inattention/Distraction,4419854,23.9,11.3,0.0,0.0,0.0,0.0,3,19.2,38.5,174,Overcast,1,1,
21707,2021-05-22 06:32:00,40.713135,-74.00407,1,0,Driver Inattention/Distraction,4419181,30.5,16.5,0.0,0.0,0.0,0.0,3,19.1,36.4,299,Overcast,1,1,
21708,2021-05-20 08:54:00,40.82873,-73.914734,1,0,Unspecified,4420106,22.2,12.5,0.0,0.0,0.0,0.0,3,19.0,38.2,147,Overcast,1,1,
21709,2021-05-22 19:20:00,40.7963,-73.93829,1,0,Driver Inattention/Distraction,4419769,30.5,16.5,0.0,0.0,0.0,0.0,3,19.1,36.4,299,Overcast,1,1,
21710,2021-05-22 15:40:00,40.60933,-73.98614,1,0,Driver Inattention/Distraction,4420066,30.5,16.5,0.0,0.0,0.0,0.0,3,19.1,36.4,299,Overcast,1,1,
21711,2021-05-22 23:05:00,40.72025,-73.834305,4,0,Unsafe Lane Changing,4419160,30.5,16.5,0.0,0.0,0.0,0.0,3,19.1,36.4,299,Overcast,4,4,
21712,2021-05-22 02:32:00,40.598976,-73.754234,1,0,Driver Inattention/Distraction,4418980,30.5,16.5,0.0,0.0,0.0,0.0,3,19.1,36.4,299,Overcast,1,1,
21713,2021-05-22 01:45:00,40.844795,-73.92445,2,0,Unspecified,4419929,30.5,16.5,0.0,0.0,0.0,0.0,3,19.1,36.4,299,Overcast,2,2,
21714,2021-05-22 15:33:00,40.734497,-73.72287,0,0,Driver Inattention/Distraction,4419058,30.5,16.5,0.0,0.0,0.0,0.0,3,19.1,36.4,299,Overcast,0,0,
21715,2021-05-21 14:50:00,40.709476,-73.76393,1,0,Failure to Yield Right-of-Way,4419914,23.9,11.3,0.0,0.0,0.0,0.0,3,19.2,38.5,174,Overcast,1,1,
21716,2021-05-22 00:00:00,40.593426,-73.944145,1,0,Driver Inexperience,4419636,30.5,16.5,0.0,0.0,0.0,0.0,3,19.1,36.4,299,Overcast,1,1,
21717,2021-05-18 19:47:00,40.616047,-74.025734,0,0,Unspecified,4420124,26.1,11.2,0.0,0.0,0.0,0.0,3,15.5,29.2,262,Overcast,0,0,
21718,2021-05-20 08:00:00,40.71837,-73.84057,0,0,Driver Inattention/Distraction,4420001,22.2,12.5,0.0,0.0,0.0,0.0,3,19.0,38.2,147,Overcast,0,0,
21719,2021-05-16 21:20:00,40.823257,-73.94293,0,0,Driver Inattention/Distraction,4420086,22.3,10.7,0.1,0.1,0.0,1.0,51,23.8,46.1,261,Drizzle: Light,0,0,
21720,2021-05-22 11:20:00,40.76464,-73.916595,1,0,Turning Improperly,4419297,30.5,16.5,0.0,0.0,0.0,0.0,3,19.1,36.4,299,Overcast,1,1,
21721,2021-05-22 01:30:00,40.666573,-73.78632,1,0,Driver Inattention/Distraction,4419938,30.5,16.5,0.0,0.0,0.0,0.0,3,19.1,36.4,299,Overcast,1,1,
21722,2021-05-22 01:10:00,40.67312,-73.96072,2,0,Driver Inattention/Distraction,4419405,30.5,16.5,0.0,0.0,0.0,0.0,3,19.1,36.4,299,Overcast,2,2,
21723,2021-05-22 21:33:00,40.682503,-73.82131,0,0,Failure to Yield Right-of-Way,4419659,30.5,16.5,0.0,0.0,0.0,0.0,3,19.1,36.4,299,Overcast,0,0,
21724,2021-05-22 17:59:00,40.67308,-73.91124,0,0,Driver Inattention/Distraction,4419215,30.5,16.5,0.0,0.0,0.0,0.0,3,19.1,36.4,299,Overcast,0,0,
21725,2021-05-22 00:53:00,40.865444,-73.86689,1,0,Unspecified,4419122,30.5,16.5,0.0,0.0,0.0,0.0,3,19.1,36.4,299,Overcast,1,1,
21726,2021-05-20 14:20:00,40.85618,-73.92872,1,0,Traffic Control Disregarded,4419811,22.2,12.5,0.0,0.0,0.0,0.0,3,19.0,38.2,147,Overcast,1,1,
21727,2021-05-22 13:27:00,40.82998,-73.913994,1,0,Passing Too Closely,4419452,30.5,16.5,0.0,0.0,0.0,0.0,3,19.1,36.4,299,Overcast,1,1,
21728,2021-05-22 02:04:00,40.687916,-73.83989,0,0,Unsafe Speed,4419612,30.5,16.5,0.0,0.0,0.0,0.0,3,19.1,36.4,299,Overcast,0,0,
21729,2021-05-22 22:58:00,40.764538,-73.92736,0,0,Driver Inexperience,4419309,30.5,16.5,0.0,0.0,0.0,0.0,3,19.1,36.4,299,Overcast,0,0,
21730,2021-05-22 07:00:00,40.68982,-73.80296,0,0,Passing Too Closely,4419961,30.5,16.5,0.0,0.0,0.0,0.0,3,19.1,36.4,299,Overcast,0,0,
21731,2021-05-22 02:05:00,40.7442,-73.99558,0,0,Traffic Control Disregarded,4419382,30.5,16.5,0.0,0.0,0.0,0.0,3,19.1,36.4,299,Overcast,0,0,
21732,2021-05-22 13:51:00,40.819786,-73.91216,0,0,Traffic Control Disregarded,4419863,30.5,16.5,0.0,0.0,0.0,0.0,3,19.1,36.4,299,Overcast,0,0,
21733,2021-05-22 20:50:00,40.86095,-73.866936,3,0,Driver Inattention/Distraction,4419717,30.5,16.5,0.0,0.0,0.0,0.0,3,19.1,36.4,299,Overcast,3,3,
21734,2021-05-21 18:00:00,40.701237,-73.79465,1,0,Failure to Yield Right-of-Way,4419917,23.9,11.3,0.0,0.0,0.0,0.0,3,19.2,38.5,174,Overcast,1,1,
21735,2021-05-22 13:00:00,40.680088,-73.94398,0,0,Driver Inattention/Distraction,4419396,30.5,16.5,0.0,0.0,0.0,0.0,3,19.1,36.4,299,Overcast,0,0,
21736,2021-05-20 17:19:00,40.7323,-73.85828,0,0,Passing or Lane Usage Improper,4419909,22.2,12.5,0.0,0.0,0.0,0.0,3,19.0,38.2,147,Overcast,0,0,
21737,2021-05-22 06:46:00,40.70022,-73.96219,2,0,Driver Inattention/Distraction,4419723,30.5,16.5,0.0,0.0,0.0,0.0,3,19.1,36.4,299,Overcast,2,2,
21738,2021-05-22 00:25:00,40.730434,-73.875595,1,0,Unsafe Lane Changing,4418968,30.5,16.5,0.0,0.0,0.0,0.0,3,19.1,36.4,299,Overcast,1,1,
21739,2021-05-21 19:45:00,40.584106,-74.08723,0,0,Unspecified,4419837,23.9,11.3,0.0,0.0,0.0,0.0,3,19.2,38.5,174,Overcast,0,0,
21740,2021-05-22 00:43:00,40.792015,-73.98051,1,0,Driver Inattention/Distraction,4419791,30.5,16.5,0.0,0.0,0.0,0.0,3,19.1,36.4,299,Overcast,1,1,
21741,2021-05-22 02:30:00,40.8309,-73.88638,0,0,Unspecified,4419179,30.5,16.5,0.0,0.0,0.0,0.0,3,19.1,36.4,299,Overcast,0,0,
21742,2021-05-22 23:00:00,40.660248,-73.77236,0,0,Unspecified,4419497,30.5,16.5,0.0,0.0,0.0,0.0,3,19.1,36.4,299,Overcast,0,0,
21743,2021-05-22 03:00:00,40.6713,-73.73916,0,0,Unspecified,4419051,30.5,16.5,0.0,0.0,0.0,0.0,3,19.1,36.4,299,Overcast,0,0,
21744,2021-05-22 00:00:00,40.728516,-73.88428,1,0,Following Too Closely,4419479,30.5,16.5,0.0,0.0,0.0,0.0,3,19.1,36.4,299,Overcast,1,1,
21745,2021-05-21 11:53:00,40.767185,-73.98997,0,0,Following Too Closely,4420103,23.9,11.3,0.0,0.0,0.0,0.0,3,19.2,38.5,174,Overcast,0,0,
21746,2021-05-21 21:56:00,40.834522,-73.86186,1,0,Driver Inattention/Distraction,4419817,23.9,11.3,0.0,0.0,0.0,0.0,3,19.2,38.5,174,Overcast,1,1,
21747,2021-05-22 19:00:00,40.637196,-73.88445,0,0,Unspecified,4419322,30.5,16.5,0.0,0.0,0.0,0.0,3,19.1,36.4,299,Overcast,0,0,
21748,2021-05-22 22:30:00,40.691307,-73.91326,1,0,Traffic Control Disregarded,4419993,30.5,16.5,0.0,0.0,0.0,0.0,3,19.1,36.4,299,Overcast,1,1,
21749,2021-05-22 13:00:00,40.663715,-73.92712,0,0,Unspecified,4419369,30.5,16.5,0.0,0.0,0.0,0.0,3,19.1,36.4,299,Overcast,0,0,
21750,2021-05-22 16:00:00,40.675785,-73.90269,1,0,Unspecified,4419594,30.5,16.5,0.0,0.0,0.0,0.0,3,19.1,36.4,299,Overcast,1,1,
21751,2021-05-22 18:00:00,40.69483,-73.750854,0,0,Failure to Yield Right-of-Way,4419417,30.5,16.5,0.0,0.0,0.0,0.0,3,19.1,36.4,299,Overcast,0,0,
21752,2021-05-22 19:30:00,40.67013,-73.80938,0,0,Following Too Closely,4419075,30.5,16.5,0.0,0.0,0.0,0.0,3,19.1,36.4,299,Overcast,0,0,
21753,2021-05-22 08:45:00,40.764454,-73.83178,0,0,Reaction to Uninvolved Vehicle,4419116,30.5,16.5,0.0,0.0,0.0,0.0,3,19.1,36.4,299,Overcast,0,0,
21754,2021-05-17 14:15:00,40.702145,-73.81084,0,0,Driver Inattention/Distraction,4419905,22.9,9.7,0.0,0.0,0.0,0.0,3,17.7,36.0,224,Overcast,0,0,
21755,2021-05-22 01:30:00,40.71512,-73.83224,0,0,Fell Asleep,4419016,30.5,16.5,0.0,0.0,0.0,0.0,3,19.1,36.4,299,Overcast,0,0,
21756,2021-05-21 19:54:00,40.80682,-73.91749,1,0,Unspecified,4419869,23.9,11.3,0.0,0.0,0.0,0.0,3,19.2,38.5,174,Overcast,1,1,
21757,2021-05-22 18:40:00,40.666008,-73.789536,1,0,Tire Failure/Inadequate,4419432,30.5,16.5,0.0,0.0,0.0,0.0,3,19.1,36.4,299,Overcast,1,1,
21758,2021-05-22 22:50:00,40.73444,-73.72179,2,0,Unspecified,4419243,30.5,16.5,0.0,0.0,0.0,0.0,3,19.1,36.4,299,Overcast,2,2,
21759,2021-05-22 16:39:00,40.63082,-73.88636,1,0,Other Vehicular,4419946,30.5,16.5,0.0,0.0,0.0,0.0,3,19.1,36.4,299,Overcast,1,1,
21760,2021-05-21 02:01:00,40.861256,-73.925674,0,0,Backing Unsafely,4419826,23.9,11.3,0.0,0.0,0.0,0.0,3,19.2,38.5,174,Overcast,0,0,
21761,2021-05-16 12:55:00,40.67816,-73.72708,0,0,Driver Inattention/Distraction,4419921,22.3,10.7,0.1,0.1,0.0,1.0,51,23.8,46.1,261,Drizzle: Light,0,0,
21762,2021-05-22 20:00:00,40.739338,-73.7081,0,0,Unspecified,4419078,30.5,16.5,0.0,0.0,0.0,0.0,3,19.1,36.4,299,Overcast,0,0,
21763,2021-05-22 23:31:00,40.760925,-73.96705,0,0,Traffic Control Disregarded,4419124,30.5,16.5,0.0,0.0,0.0,0.0,3,19.1,36.4,299,Overcast,0,0,
21764,2021-05-22 20:20:00,40.692802,-73.815994,2,0,Traffic Control Disregarded,4419616,30.5,16.5,0.0,0.0,0.0,0.0,3,19.1,36.4,299,Overcast,2,2,
21765,2021-05-22 12:15:00,40.579197,-73.98195,1,0,View Obstructed/Limited,4419545,30.5,16.5,0.0,0.0,0.0,0.0,3,19.1,36.4,299,Overcast,1,1,
21766,2021-05-22 04:46:00,40.738457,-73.93981,0,3,Unsafe Speed,4419561,30.5,16.5,0.0,0.0,0.0,0.0,3,19.1,36.4,299,Overcast,60,3,
21767,2021-05-22 22:30:00,40.708836,-73.76625,0,0,Failure to Keep Right,4419962,30.5,16.5,0.0,0.0,0.0,0.0,3,19.1,36.4,299,Overcast,0,0,
21768,2021-05-22 11:25:00,40.84224,-73.87178,1,0,Passing Too Closely,4419014,30.5,16.5,0.0,0.0,0.0,0.0,3,19.1,36.4,299,Overcast,1,1,
21769,2021-05-22 15:18:00,40.816338,-73.83697,0,0,Turning Improperly,4419379,30.5,16.5,0.0,0.0,0.0,0.0,3,19.1,36.4,299,Overcast,0,0,
21770,2021-05-22 13:07:00,40.703976,-73.92309,0,0,Passing Too Closely,4419984,30.5,16.5,0.0,0.0,0.0,0.0,3,19.1,36.4,299,Overcast,0,0,
21771,2021-05-22 01:51:00,40.642994,-73.91284,0,0,Driver Inexperience,4420029,30.5,16.5,0.0,0.0,0.0,0.0,3,19.1,36.4,299,Overcast,0,0,
21772,2021-05-22 16:20:00,40.754776,-73.892815,0,0,Unspecified,4419045,30.5,16.5,0.0,0.0,0.0,0.0,3,19.1,36.4,299,Overcast,0,0,
21773,2021-05-22 00:20:00,40.693832,-73.909615,0,0,Passing Too Closely,4419977,30.5,16.5,0.0,0.0,0.0,0.0,3,19.1,36.4,299,Overcast,0,0,
21774,2021-05-22 19:25:00,40.633682,-73.89868,1,0,Unspecified,4419445,30.5,16.5,0.0,0.0,0.0,0.0,3,19.1,36.4,299,Overcast,1,1,