,CRASH DATETIME,LATITUDE,LONGITUDE,NUMBER OF PERSONS INJURED,NUMBER OF PERSONS KILLED,CONTRIBUTING FACTOR VEHICLE 1,COLLISION_ID,temperature_2m_max,temperature_2m_min,precipitation_sum,rain_sum,snowfall_sum,precipitation_hours,weather_code,wind_speed_10m_max,wind_gusts_10m_max,wind_direction_10m_dominant,Weather Description,Severity_Score,Total_Affected_Persons,Weather_Category
21775,2021-05-22 00:45:00,40.76657,-73.888466,0,0,Driver Inattention/Distraction,4418994,30.5,16.5,0.0,0.0,0.0,0.0,3,19.1,36.4,299,Overcast,0,0,
21776,2021-05-22 15:00:00,40.653774,-73.95617,1,0,Failure to Yield Right-of-Way,4419147,30.5,16.5,0.0,0.0,0.0,0.0,3,19.1,36.4,299,Overcast,1,1,
21777,2021-05-22 08:40:00,40.76588,-73.99464,0,0,Traffic Control Disregarded,4420121,30.5,16.5,0.0,0.0,0.0,0.0,3,19.1,36.4,299,Overcast,0,0,
21778,2021-05-19 03:40:00,40.696217,-73.7436,1,0,Unsafe Speed,4419925,28.2,13.6,0.0,0.0,0.0,0.0,3,19.6,40.3,337,Overcast,1,1,
21779,2021-05-22 08:50:00,40.777634,-73.961174,1,0,Backing Unsafely,4419411,30.5,16.5,0.0,0.0,0.0,0.0,3,19.1,36.4,299,Overcast,1,1,
21780,2021-05-22 18:40:00,40.67887,-73.83419,1,0,Failure to Yield Right-of-Way,4419069,30.5,16.5,0.0,0.0,0.0,0.0,3,19.1,36.4,299,Overcast,1,1,
21781,2021-05-22 22:19:00,40.704483,-73.9488,0,0,Traffic Control Disregarded,4419810,30.5,16.5,0.0,0.0,0.0,0.0,3,19.1,36.4,299,Overcast,0,0,
21782,2021-05-22 14:10:00,40.627926,-73.93175,0,0,Driver Inattention/Distraction,4419774,30.5,16.5,0.0,0.0,0.0,0.0,3,19.1,36.4,299,Overcast,0,0,
21783,2021-05-22 21:29:00,40.80852,-73.94327,0,0,Passing Too Closely,4419274,30.5,16.5,0.0,0.0,0.0,0.0,3,19.1,36.4,299,Overcast,0,0,
21784,2021-05-22 16:28:00,40.66728,-73.91891,0,0,Passing or Lane Usage Improper,4419205,30.5,16.5,0.0,0.0,0.0,0.0,3,19.1,36.4,299,Overcast,0,0,
21785,2021-05-22 18:47:00,40.598972,-73.93064,1,0,Driver Inexperience,4419626,30.5,16.5,0.0,0.0,0.0,0.0,3,19.1,36.4,299,Overcast,1,1,
21786,2021-05-22 12:50:00,40.766083,-73.907715,0,0,Passing or Lane Usage Improper,4419299,30.5,16.5,0.0,0.0,0.0,0.0,3,19.1,36.4,299,Overcast,0,0,
21787,2021-05-21 17:35:00,40.76029,-73.98016,0,0,Failure to Yield Right-of-Way,4420092,23.9,11.3,0.0,0.0,0.0,0.0,3,19.2,38.5,174,Overcast,0,0,
21788,2021-05-22 14:20:00,40.579357,-74.08716,1,0,Unspecified,4419931,30.5,16.5,0.0,0.0,0.0,0.0,3,19.1,36.4,299,Overcast,1,1,
21789,2021-05-22 15:00:00,40.657265,-73.743004,1,0,Unspecified,4419063,30.5,16.5,0.0,0.0,0.0,0.0,3,19.1,36.4,299,Overcast,1,1,
21790,2021-05-22 01:35:00,40.69113,-73.81008,0,0,Unspecified,4419915,30.5,16.5,0.0,0.0,0.0,0.0,3,19.1,36.4,299,Overcast,0,0,
21791,2021-05-22 00:56:00,40.814686,-73.93085,0,0,Unsafe Speed,4419038,30.5,16.5,0.0,0.0,0.0,0.0,3,19.1,36.4,299,Overcast,0,0,
21792,2021-05-21 20:00:00,40.559963,-74.10634,0,0,Backing Unsafely,4419820,23.9,11.3,0.0,0.0,0.0,0.0,3,19.2,38.5,174,Overcast,0,0,
21793,2021-05-22 08:15:00,40.777973,-73.98216,0,0,Passing Too Closely,4419464,30.5,16.5,0.0,0.0,0.0,0.0,3,19.1,36.4,299,Overcast,0,0,
21794,2021-09-28 16:30:00,40.667385,-73.77546,0,0,Following Too Closely,4461983,22.1,16.3,12.4,12.4,0.0,9.0,63,19.2,38.5,264,Rain: Moderate,0,0,
21795,2021-05-15 17:48:00,40.846733,-73.90649,1,0,Backing Unsafely,4420131,22.4,8.7,0.0,0.0,0.0,0.0,3,12.5,23.8,229,Overcast,1,1,
21796,2021-05-22 04:55:00,40.679535,-73.87914,0,0,Backing Unsafely,4419575,30.5,16.5,0.0,0.0,0.0,0.0,3,19.1,36.4,299,Overcast,0,0,
21797,2021-05-22 17:46:00,40.776066,-73.74864,0,0,Driver Inattention/Distraction,4419086,30.5,16.5,0.0,0.0,0.0,0.0,3,19.1,36.4,299,Overcast,0,0,
21798,2021-05-22 23:31:00,0.0,0.0,1,0,Unspecified,4419326,30.5,16.5,0.0,0.0,0.0,0.0,3,19.1,36.4,299,Overcast,1,1,
21799,2021-05-22 08:00:00,40.740562,-73.85001,2,0,Unsafe Speed,4419508,30.5,16.5,0.0,0.0,0.0,0.0,3,19.1,36.4,299,Overcast,2,2,
21800,2021-05-22 11:25:00,40.784096,-73.958565,1,0,Driver Inattention/Distraction,4419404,30.5,16.5,0.0,0.0,0.0,0.0,3,19.1,36.4,299,Overcast,1,1,
21801,2021-09-28 00:00:00,40.726326,-73.7662,1,0,Unspecified,4462235,22.1,16.3,12.4,12.4,0.0,9.0,63,19.2,38.5,264,Rain: Moderate,1,1,
21802,2021-05-22 05:35:00,40.76963,-73.915855,0,0,Alcohol Involvement,4418984,30.5,16.5,0.0,0.0,0.0,0.0,3,19.1,36.4,299,Overcast,0,0,
21803,2021-05-22 00:00:00,40.844524,-73.902725,0,0,Unspecified,4419152,30.5,16.5,0.0,0.0,0.0,0.0,3,19.1,36.4,299,Overcast,0,0,
21804,2021-05-06 17:14:00,40.68553,-73.95656,1,0,Passing Too Closely,4419894,17.3,8.7,0.0,0.0,0.0,0.0,3,22.6,43.6,313,Overcast,1,1,
21805,2021-05-22 10:59:00,40.891823,-73.86266,0,0,Unspecified,4419342,30.5,16.5,0.0,0.0,0.0,0.0,3,19.1,36.4,299,Overcast,0,0,
21806,2021-05-21 14:07:00,40.865475,-73.933235,0,0,Backing Unsafely,4420109,23.9,11.3,0.0,0.0,0.0,0.0,3,19.2,38.5,174,Overcast,0,0,
21807,2021-05-22 12:29:00,40.845142,-73.898,0,0,Unsafe Speed,4419781,30.5,16.5,0.0,0.0,0.0,0.0,3,19.1,36.4,299,Overcast,0,0,
21808,2021-05-22 14:10:00,40.715767,-73.92556,1,0,Following Too Closely,4419800,30.5,16.5,0.0,0.0,0.0,0.0,3,19.1,36.4,299,Overcast,1,1,
21809,2021-05-22 20:00:00,40.589756,-73.957695,0,0,Unspecified,4419635,30.5,16.5,0.0,0.0,0.0,0.0,3,19.1,36.4,299,Overcast,0,0,
21810,2021-05-22 23:15:00,40.570465,-74.10977,4,0,Turning Improperly,4419851,30.5,16.5,0.0,0.0,0.0,0.0,3,19.1,36.4,299,Overcast,4,4,
21811,2021-05-21 00:00:00,40.759068,-73.98521,1,0,Driver Inattention/Distraction,4420118,23.9,11.3,0.0,0.0,0.0,0.0,3,19.2,38.5,174,Overcast,1,1,
21812,2021-05-22 00:00:00,40.724068,-73.7256,1,0,Unsafe Speed,4420005,30.5,16.5,0.0,0.0,0.0,0.0,3,19.1,36.4,299,Overcast,1,1,
21813,2021-09-26 20:10:00,40.862213,-73.9297,0,0,Passing or Lane Usage Improper,4462597,21.4,15.6,0.0,0.0,0.0,0.0,3,23.5,45.0,294,Overcast,0,0,
21814,2021-05-22 18:45:00,40.675007,-73.81272,1,0,Driverless/Runaway Vehicle,4419660,30.5,16.5,0.0,0.0,0.0,0.0,3,19.1,36.4,299,Overcast,1,1,
21815,2021-05-22 20:23:00,40.685856,-73.79548,0,0,Unsafe Speed,4419436,30.5,16.5,0.0,0.0,0.0,0.0,3,19.1,36.4,299,Overcast,0,0,
21816,2021-05-18 15:35:00,40.707714,-73.802795,0,0,Driver Inattention/Distraction,4419910,26.1,11.2,0.0,0.0,0.0,0.0,3,15.5,29.2,262,Overcast,0,0,
21817,2021-05-21 17:30:00,40.67295,-73.92517,2,0,Other Vehicular,4419926,23.9,11.3,0.0,0.0,0.0,0.0,3,19.2,38.5,174,Overcast,2,2,
21818,2021-05-22 06:21:00,40.67063,-73.75643,0,0,Unsafe Speed,4419052,30.5,16.5,0.0,0.0,0.0,0.0,3,19.1,36.4,299,Overcast,0,0,
21819,2021-05-22 03:05:00,40.737907,-73.877174,0,0,Unspecified,4419503,30.5,16.5,0.0,0.0,0.0,0.0,3,19.1,36.4,299,Overcast,0,0,
21820,2021-05-22 15:10:00,40.828407,-73.84392,0,0,Unsafe Lane Changing,4419825,30.5,16.5,0.0,0.0,0.0,0.0,3,19.1,36.4,299,Overcast,0,0,
21821,2021-05-22 16:50:00,40.678394,-73.94692,0,0,Pedestrian/Bicyclist/Other Pedestrian Error/Confusion,4419418,30.5,16.5,0.0,0.0,0.0,0.0,3,19.1,36.4,299,Overcast,0,0,
21822,2021-05-22 14:27:00,40.668797,-73.93113,0,0,Unsafe Lane Changing,4419043,30.5,16.5,0.0,0.0,0.0,0.0,3,19.1,36.4,299,Overcast,0,0,
21823,2021-05-22 18:40:00,40.73718,-73.932014,1,0,Driver Inattention/Distraction,4419082,30.5,16.5,0.0,0.0,0.0,0.0,3,19.1,36.4,299,Overcast,1,1,
21824,2021-05-22 20:56:00,40.65542,-73.88237,1,0,Driver Inattention/Distraction,4419580,30.5,16.5,0.0,0.0,0.0,0.0,3,19.1,36.4,299,Overcast,1,1,
21825,2022-06-27 21:44:00,40.678425,-73.92744,0,0,Unspecified,4543005,26.2,19.8,11.7,11.7,0.0,9.0,63,20.5,43.2,224,Rain: Moderate,0,0,
21826,2021-05-22 09:15:00,40.7179,-73.83202,0,0,Following Too Closely,4419017,30.5,16.5,0.0,0.0,0.0,0.0,3,19.1,36.4,299,Overcast,0,0,
21827,2021-05-21 20:10:00,40.55195,-74.15064,0,0,Reaction to Uninvolved Vehicle,4419852,23.9,11.3,0.0,0.0,0.0,0.0,3,19.2,38.5,174,Overcast,0,0,
21828,2021-05-22 02:00:00,40.700256,-73.81493,2,0,Passing or Lane Usage Improper,4419916,30.5,16.5,0.0,0.0,0.0,0.0,3,19.1,36.4,299,Overcast,2,2,
21829,2021-05-22 16:18:00,40.86404,-73.89245,1,0,Driver Inattention/Distraction,4419642,30.5,16.5,0.0,0.0,0.0,0.0,3,19.1,36.4,299,Overcast,1,1,
21830,2021-05-21 10:48:00,40.726578,-73.95241,1,0,,4419942,23.9,11.3,0.0,0.0,0.0,0.0,3,19.2,38.5,174,Overcast,1,1,
21831,2021-09-28 20:32:00,40.75247,-73.96456,0,0,Driver Inattention/Distraction,4462019,22.1,16.3,12.4,12.4,0.0,9.0,63,19.2,38.5,264,Rain: Moderate,0,0,
21832,2021-05-21 14:00:00,40.799747,-73.93269,0,0,Unsafe Speed,4419788,23.9,11.3,0.0,0.0,0.0,0.0,3,19.2,38.5,174,Overcast,0,0,
21833,2021-05-22 13:05:00,40.796528,-73.97412,1,0,Unsafe Speed,4419792,30.5,16.5,0.0,0.0,0.0,0.0,3,19.1,36.4,299,Overcast,1,1,
21834,2021-05-22 04:45:00,40.820305,-73.89083,0,0,Aggressive Driving/Road Rage,4418972,30.5,16.5,0.0,0.0,0.0,0.0,3,19.1,36.4,299,Overcast,0,0,
21835,2021-05-21 09:30:00,40.853813,-73.90734,1,0,Driver Inattention/Distraction,4419902,23.9,11.3,0.0,0.0,0.0,0.0,3,19.2,38.5,174,Overcast,1,1,
21836,2021-09-28 11:13:00,40.59783,-73.96549,1,1,Failure to Yield Right-of-Way,4462331,22.1,16.3,12.4,12.4,0.0,9.0,63,19.2,38.5,264,Rain: Moderate,21,2,
21837,2021-05-22 18:30:00,40.69024,-73.9482,2,0,Driver Inattention/Distraction,4419398,30.5,16.5,0.0,0.0,0.0,0.0,3,19.1,36.4,299,Overcast,2,2,
21838,2021-05-22 15:10:00,40.560474,-74.16689,0,0,Driver Inattention/Distraction,4419992,30.5,16.5,0.0,0.0,0.0,0.0,3,19.1,36.4,299,Overcast,0,0,
21839,2021-05-21 13:18:00,40.792545,-73.94104,1,0,Failure to Yield Right-of-Way,4419842,23.9,11.3,0.0,0.0,0.0,0.0,3,19.2,38.5,174,Overcast,1,1,
21840,2021-05-21 17:55:00,40.784992,-73.98261,1,0,Passing or Lane Usage Improper,4420028,23.9,11.3,0.0,0.0,0.0,0.0,3,19.2,38.5,174,Overcast,1,1,
21841,2021-05-22 12:30:00,40.838406,-73.90429,0,0,Unspecified,4419178,30.5,16.5,0.0,0.0,0.0,0.0,3,19.1,36.4,299,Overcast,0,0,
21842,2021-05-22 20:10:00,40.674072,-73.863,2,0,Unspecified,4419595,30.5,16.5,0.0,0.0,0.0,0.0,3,19.1,36.4,299,Overcast,2,2,
21843,2021-05-22 15:00:00,40.822838,-73.928764,0,0,Unsafe Speed,4419226,30.5,16.5,0.0,0.0,0.0,0.0,3,19.1,36.4,299,Overcast,0,0,
21844,2021-05-21 13:00:00,40.815872,-73.9257,1,0,Failure to Yield Right-of-Way,4419871,23.9,11.3,0.0,0.0,0.0,0.0,3,19.2,38.5,174,Overcast,1,1,
21845,2021-05-20 23:10:00,40.708424,-73.780556,0,0,Alcohol Involvement,4419970,22.2,12.5,0.0,0.0,0.0,0.0,3,19.0,38.2,147,Overcast,0,0,
21846,2021-05-22 15:00:00,40.73961,-73.99893,0,0,Passing Too Closely,4419383,30.5,16.5,0.0,0.0,0.0,0.0,3,19.1,36.4,299,Overcast,0,0,
21847,2021-05-22 14:20:00,40.673374,-73.8565,0,0,Reaction to Uninvolved Vehicle,4419074,30.5,16.5,0.0,0.0,0.0,0.0,3,19.1,36.4,299,Overcast,0,0,
21848,2021-05-22 16:00:00,40.711403,-73.916756,0,0,Driver Inattention/Distraction,4419480,30.5,16.5,0.0,0.0,0.0,0.0,3,19.1,36.4,299,Overcast,0,0,
21849,2021-05-22 10:55:00,40.593807,-73.94062,0,0,Unspecified,4419623,30.5,16.5,0.0,0.0,0.0,0.0,3,19.1,36.4,299,Overcast,0,0,
21850,2021-05-22 17:08:00,40.70523,-74.00476,1,0,Driver Inattention/Distraction,4419126,30.5,16.5,0.0,0.0,0.0,0.0,3,19.1,36.4,299,Overcast,1,1,
21851,2021-05-22 00:00:00,40.641838,-73.93402,3,0,Passing or Lane Usage Improper,4419551,30.5,16.5,0.0,0.0,0.0,0.0,3,19.1,36.4,299,Overcast,3,3,
21852,2021-05-21 02:40:00,40.80929,-73.90313,2,0,Other Vehicular,4419862,23.9,11.3,0.0,0.0,0.0,0.0,3,19.2,38.5,174,Overcast,2,2,
21853,2021-05-21 21:30:00,40.76873,-73.985115,0,0,Unspecified,4420096,23.9,11.3,0.0,0.0,0.0,0.0,3,19.2,38.5,174,Overcast,0,0,
21854,2021-05-22 15:55:00,40.676495,-73.913704,1,0,Driver Inattention/Distraction,4419214,30.5,16.5,0.0,0.0,0.0,0.0,3,19.1,36.4,299,Overcast,1,1,
21855,2021-05-22 05:50:00,40.61196,-73.96816,0,0,Alcohol Involvement,4419321,30.5,16.5,0.0,0.0,0.0,0.0,3,19.1,36.4,299,Overcast,0,0,
21856,2021-05-21 14:30:00,40.834423,-73.879265,0,0,Unspecified,4419816,23.9,11.3,0.0,0.0,0.0,0.0,3,19.2,38.5,174,Overcast,0,0,
21857,2021-05-22 17:15:00,40.75034,-73.8786,0,0,Driver Inattention/Distraction,4419726,30.5,16.5,0.0,0.0,0.0,0.0,3,19.1,36.4,299,Overcast,0,0,
21858,2021-05-22 17:00:00,40.538326,-74.14937,2,0,Reaction to Uninvolved Vehicle,4419937,30.5,16.5,0.0,0.0,0.0,0.0,3,19.1,36.4,299,Overcast,2,2,
21859,2021-05-22 10:40:00,40.701103,-73.92239,0,0,Driver Inexperience,4419983,30.5,16.5,0.0,0.0,0.0,0.0,3,19.1,36.4,299,Overcast,0,0,
21860,2021-09-26 00:00:00,40.652554,-73.92078,1,0,Driver Inattention/Distraction,4462652,21.4,15.6,0.0,0.0,0.0,0.0,3,23.5,45.0,294,Overcast,1,1,
21861,2021-05-20 17:58:00,40.79964,-73.95577,1,0,Pedestrian/Bicyclist/Other Pedestrian Error/Confusion,4420022,22.2,12.5,0.0,0.0,0.0,0.0,3,19.0,38.2,147,Overcast,1,1,
21862,2021-05-22 02:50:00,40.6871,-73.92989,1,0,Driver Inattention/Distraction,4419186,30.5,16.5,0.0,0.0,0.0,0.0,3,19.1,36.4,299,Overcast,1,1,
21863,2021-04-28 22:45:00,40.7379,-73.714775,0,0,Unspecified,4419920,26.1,7.9,0.0,0.0,0.0,0.0,3,15.3,34.6,133,Overcast,0,0,
21864,2021-05-22 01:05:00,40.66669,-73.81173,0,0,View Obstructed/Limited,4419663,30.5,16.5,0.0,0.0,0.0,0.0,3,19.1,36.4,299,Overcast,0,0,
21865,2021-05-22 23:36:00,40.72293,-73.98865,0,0,Driver Inattention/Distraction,4419713,30.5,16.5,0.0,0.0,0.0,0.0,3,19.1,36.4,299,Overcast,0,0,
21866,2021-05-22 17:19:00,40.57937,-73.959755,1,0,Passing or Lane Usage Improper,4419275,30.5,16.5,0.0,0.0,0.0,0.0,3,19.1,36.4,299,Overcast,1,1,
21867,2021-05-18 16:45:00,40.827103,-73.94997,1,0,Driver Inattention/Distraction,4420083,26.1,11.2,0.0,0.0,0.0,0.0,3,15.5,29.2,262,Overcast,1,1,
21868,2021-09-28 08:30:00,40.67172,-73.850975,0,0,Following Too Closely,4461882,22.1,16.3,12.4,12.4,0.0,9.0,63,19.2,38.5,264,Rain: Moderate,0,0,
21869,2021-09-28 20:50:00,40.758415,-73.80991,0,0,Unspecified,4462321,22.1,16.3,12.4,12.4,0.0,9.0,63,19.2,38.5,264,Rain: Moderate,0,0,
21870,2021-09-28 09:20:00,40.732586,-73.95933,0,0,Passing Too Closely,4462407,22.1,16.3,12.4,12.4,0.0,9.0,63,19.2,38.5,264,Rain: Moderate,0,0,
21871,2021-09-28 09:00:00,40.764053,-73.96476,0,0,Unspecified,4461891,22.1,16.3,12.4,12.4,0.0,9.0,63,19.2,38.5,264,Rain: Moderate,0,0,
21872,2022-07-01 17:58:00,40.631157,-74.14692,2,0,Driver Inattention/Distraction,4542688,33.7,20.2,0.1,0.1,0.0,1.0,51,32.3,58.0,215,Drizzle: Light,2,2,
21873,2021-09-27 11:00:00,40.704346,-73.940956,0,0,Animals Action,4462632,25.9,14.6,0.0,0.0,0.0,0.0,3,24.1,45.0,233,Overcast,0,0,
21874,2021-09-28 20:10:00,40.68097,-73.8915,1,0,Unspecified,4462002,22.1,16.3,12.4,12.4,0.0,9.0,63,19.2,38.5,264,Rain: Moderate,1,1,
21875,2021-09-28 17:54:00,40.75338,-73.97888,1,0,Driver Inattention/Distraction,4462105,22.1,16.3,12.4,12.4,0.0,9.0,63,19.2,38.5,264,Rain: Moderate,1,1,
21876,2021-09-28 21:30:00,40.589893,-73.80755,0,0,Unspecified,4462599,22.1,16.3,12.4,12.4,0.0,9.0,63,19.2,38.5,264,Rain: Moderate,0,0,
21877,2021-09-24 12:20:00,40.780506,-73.94425,0,0,Backing Unsafely,4462549,22.4,15.6,26.0,26.0,0.0,9.0,63,14.2,29.9,274,Rain: Moderate,0,0,
21878,2021-09-28 11:40:00,40.746555,-73.82621,0,0,Pavement Slippery,4461932,22.1,16.3,12.4,12.4,0.0,9.0,63,19.2,38.5,264,Rain: Moderate,0,0,
21879,2021-09-28 17:39:00,40.645134,-73.90232,0,0,Unspecified,4462031,22.1,16.3,12.4,12.4,0.0,9.0,63,19.2,38.5,264,Rain: Moderate,0,0,
21880,2021-09-28 04:00:00,40.797367,-73.96053,1,0,Failure to Yield Right-of-Way,4461861,22.1,16.3,12.4,12.4,0.0,9.0,63,19.2,38.5,264,Rain: Moderate,1,1,
21881,2021-09-28 10:05:00,40.673485,-73.97296,0,0,Passing Too Closely,4461996,22.1,16.3,12.4,12.4,0.0,9.0,63,19.2,38.5,264,Rain: Moderate,0,0,
21882,2021-08-21 19:35:00,40.637108,-73.89338,0,0,Passing or Lane Usage Improper,4462705,27.2,23.0,0.8,0.8,0.0,6.0,51,14.3,29.5,109,Drizzle: Light,0,0,
21883,2021-09-28 19:48:00,40.774048,-73.92449,0,0,Aggressive Driving/Road Rage,4462179,22.1,16.3,12.4,12.4,0.0,9.0,63,19.2,38.5,264,Rain: Moderate,0,0,
21884,2021-09-28 15:56:00,40.70547,-73.95024,1,0,Failure to Yield Right-of-Way,4461991,22.1,16.3,12.4,12.4,0.0,9.0,63,19.2,38.5,264,Rain: Moderate,1,1,
21885,2021-09-28 12:15:00,40.879215,-73.885284,0,0,Reaction to Uninvolved Vehicle,4462513,22.1,16.3,12.4,12.4,0.0,9.0,63,19.2,38.5,264,Rain: Moderate,0,0,
21886,2021-09-28 21:40:00,40.8337,-73.879845,1,1,Unsafe Speed,4462333,22.1,16.3,12.4,12.4,0.0,9.0,63,19.2,38.5,264,Rain: Moderate,21,2,
21887,2021-09-28 02:30:00,40.717754,-73.81445,0,0,Driver Inattention/Distraction,4462233,22.1,16.3,12.4,12.4,0.0,9.0,63,19.2,38.5,264,Rain: Moderate,0,0,
21888,2021-09-28 23:00:00,40.618244,-73.958,0,0,Unspecified,4462375,22.1,16.3,12.4,12.4,0.0,9.0,63,19.2,38.5,264,Rain: Moderate,0,0,
21889,2021-09-28 19:13:00,40.865467,-73.86541,1,0,Brakes Defective,4462281,22.1,16.3,12.4,12.4,0.0,9.0,63,19.2,38.5,264,Rain: Moderate,1,1,
21890,2021-09-24 12:25:00,40.84467,-73.83554,0,0,Unspecified,4462591,22.4,15.6,26.0,26.0,0.0,9.0,63,14.2,29.9,274,Rain: Moderate,0,0,
21891,2021-09-26 01:40:00,40.867603,-73.88488,0,0,Unspecified,4462500,21.4,15.6,0.0,0.0,0.0,0.0,3,23.5,45.0,294,Overcast,0,0,
21892,2021-09-28 15:30:00,40.66989,-73.913734,1,0,Unspecified,4462037,22.1,16.3,12.4,12.4,0.0,9.0,63,19.2,38.5,264,Rain: Moderate,1,1,
21893,2021-09-28 02:56:00,40.74137,-73.97252,0,0,Reaction to Uninvolved Vehicle,4461816,22.1,16.3,12.4,12.4,0.0,9.0,63,19.2,38.5,264,Rain: Moderate,0,0,
21894,2021-09-28 17:01:00,40.65569,-73.84004,1,0,Failure to Yield Right-of-Way,4462070,22.1,16.3,12.4,12.4,0.0,9.0,63,19.2,38.5,264,Rain: Moderate,1,1,
21895,2021-09-23 07:30:00,40.69217,-73.95194,0,0,Passing Too Closely,4462681,26.2,18.0,15.6,15.6,0.0,14.0,63,40.7,77.4,156,Rain: Moderate,0,0,
21896,2021-09-27 00:48:00,40.81569,-73.958305,1,0,Unspecified,4462583,25.9,14.6,0.0,0.0,0.0,0.0,3,24.1,45.0,233,Overcast,1,1,
21897,2021-09-28 07:05:00,40.84197,-73.90417,3,0,Turning Improperly,4462081,22.1,16.3,12.4,12.4,0.0,9.0,63,19.2,38.5,264,Rain: Moderate,3,3,
21898,2021-09-17 13:40:00,40.742832,-73.85391,1,0,Driver Inattention/Distraction,4462758,23.6,20.1,1.0,1.0,0.0,7.0,51,20.3,38.9,59,Drizzle: Light,1,1,
21899,2021-09-28 17:30:00,40.86505,-73.83001,1,0,Failure to Yield Right-of-Way,4462168,22.1,16.3,12.4,12.4,0.0,9.0,63,19.2,38.5,264,Rain: Moderate,1,1,
21900,2021-09-28 16:02:00,40.697678,-73.916374,0,0,Following Too Closely,4462467,22.1,16.3,12.4,12.4,0.0,9.0,63,19.2,38.5,264,Rain: Moderate,0,0,
21901,2021-09-28 16:28:00,40.817085,-73.92156,1,0,Backing Unsafely,4462058,22.1,16.3,12.4,12.4,0.0,9.0,63,19.2,38.5,264,Rain: Moderate,1,1,
21902,2021-09-28 13:52:00,40.74958,-73.97373,1,0,Driver Inattention/Distraction,4462021,22.1,16.3,12.4,12.4,0.0,9.0,63,19.2,38.5,264,Rain: Moderate,1,1,
21903,2021-09-26 08:15:00,40.762856,-73.888596,1,0,Driver Inattention/Distraction,4462517,21.4,15.6,0.0,0.0,0.0,0.0,3,23.5,45.0,294,Overcast,1,1,
21904,2021-09-27 11:40:00,40.719067,-73.99336,0,0,Driver Inattention/Distraction,4462536,25.9,14.6,0.0,0.0,0.0,0.0,3,24.1,45.0,233,Overcast,0,0,
21905,2021-09-28 10:15:00,40.735664,-73.78425,1,0,Backing Unsafely,4462222,22.1,16.3,12.4,12.4,0.0,9.0,63,19.2,38.5,264,Rain: Moderate,1,1,
21906,2021-09-28 00:00:00,40.730595,-73.950005,0,0,Driver Inattention/Distraction,4462424,22.1,16.3,12.4,12.4,0.0,9.0,63,19.2,38.5,264,Rain: Moderate,0,0,
21907,2021-09-28 09:00:00,40.84328,-73.92492,0,0,Passing Too Closely,4462089,22.1,16.3,12.4,12.4,0.0,9.0,63,19.2,38.5,264,Rain: Moderate,0,0,
21908,2021-09-28 16:42:00,40.816376,-73.948364,1,0,Other Vehicular,4462135,22.1,16.3,12.4,12.4,0.0,9.0,63,19.2,38.5,264,Rain: Moderate,1,1,
21909,2022-03-29 19:15:00,40.71479,-73.741516,0,0,Passing or Lane Usage Improper,4515384,3.3,-5.2,0.0,0.0,0.0,0.0,2,29.3,54.4,311,Partly cloudy,0,0,
21910,2021-09-28 07:45:00,40.588997,-73.81629,0,0,Driver Inattention/Distraction,4462596,22.1,16.3,12.4,12.4,0.0,9.0,63,19.2,38.5,264,Rain: Moderate,0,0,
21911,2021-09-17 18:00:00,40.862137,-73.91344,1,0,Driver Inattention/Distraction,4462485,23.6,20.1,1.0,1.0,0.0,7.0,51,20.3,38.9,59,Drizzle: Light,1,1,
21912,2021-09-16 21:15:00,40.69645,-73.946495,0,0,Driver Inattention/Distraction,4462685,23.9,19.1,4.0,4.0,0.0,10.0,55,18.8,37.8,38,Drizzle: Dense,0,0,
21913,2021-09-28 12:10:00,40.649918,-74.01226,1,0,Unspecified,4462663,22.1,16.3,12.4,12.4,0.0,9.0,63,19.2,38.5,264,Rain: Moderate,1,1,
21914,2021-09-22 00:00:00,40.576744,-73.98372,0,0,Driver Inattention/Distraction,4462496,25.3,19.9,5.1,5.1,0.0,15.0,61,29.3,55.1,154,Rain: Light,0,0,
21915,2021-09-28 03:15:00,40.809628,-73.890045,0,0,Driver Inattention/Distraction,4461718,22.1,16.3,12.4,12.4,0.0,9.0,63,19.2,38.5,264,Rain: Moderate,0,0,
21916,2021-09-22 21:00:00,40.599117,-73.97472,0,0,Driver Inattention/Distraction,4462575,25.3,19.9,5.1,5.1,0.0,15.0,61,29.3,55.1,154,Rain: Light,0,0,
21917,2021-09-24 15:08:00,40.760822,-73.99832,0,0,Passing or Lane Usage Improper,4462519,22.4,15.6,26.0,26.0,0.0,9.0,63,14.2,29.9,274,Rain: Moderate,0,0,
21918,2021-09-28 15:48:00,40.728157,-73.98296,0,0,Passing Too Closely,4462043,22.1,16.3,12.4,12.4,0.0,9.0,63,19.2,38.5,264,Rain: Moderate,0,0,
21919,2021-09-28 21:00:00,40.73722,-73.9814,1,0,Failure to Yield Right-of-Way,4462259,22.1,16.3,12.4,12.4,0.0,9.0,63,19.2,38.5,264,Rain: Moderate,1,1,
21920,2021-09-28 13:30:00,40.79856,-73.96336,0,0,Passing or Lane Usage Improper,4461960,22.1,16.3,12.4,12.4,0.0,9.0,63,19.2,38.5,264,Rain: Moderate,0,0,
21921,2021-09-28 16:40:00,40.740837,-73.78656,1,0,Driver Inattention/Distraction,4462239,22.1,16.3,12.4,12.4,0.0,9.0,63,19.2,38.5,264,Rain: Moderate,1,1,