,CRASH DATETIME,LATITUDE,LONGITUDE,NUMBER OF PERSONS INJURED,NUMBER OF PERSONS KILLED,CONTRIBUTING FACTOR VEHICLE 1,COLLISION_ID,temperature_2m_max,temperature_2m_min,precipitation_sum,rain_sum,snowfall_sum,precipitation_hours,weather_code,wind_speed_10m_max,wind_gusts_10m_max,wind_direction_10m_dominant,Weather Description,Severity_Score,Total_Affected_Persons,Weather_Category
21922,2021-09-27 13:00:00,40.675255,-73.73207,0,0,Unspecified,4462541,25.9,14.6,0.0,0.0,0.0,0.0,3,24.1,45.0,233,Overcast,0,0,
21923,2021-09-27 11:02:00,40.84521,-73.90845,1,0,Backing Unsafely,4462451,25.9,14.6,0.0,0.0,0.0,0.0,3,24.1,45.0,233,Overcast,1,1,
21924,2021-09-28 10:29:00,40.85768,-73.88232,0,0,Driver Inattention/Distraction,4462113,22.1,16.3,12.4,12.4,0.0,9.0,63,19.2,38.5,264,Rain: Moderate,0,0,
21925,2021-09-28 06:35:00,40.69501,-73.745705,1,0,Turning Improperly,4462415,22.1,16.3,12.4,12.4,0.0,9.0,63,19.2,38.5,264,Rain: Moderate,1,1,
21926,2021-09-28 18:50:00,40.694603,-73.853935,1,0,,4462183,22.1,16.3,12.4,12.4,0.0,9.0,63,19.2,38.5,264,Rain: Moderate,1,1,
21927,2021-09-28 18:50:00,40.752007,-73.809845,0,0,Failure to Yield Right-of-Way,4462016,22.1,16.3,12.4,12.4,0.0,9.0,63,19.2,38.5,264,Rain: Moderate,0,0,
21928,2021-08-31 17:12:00,40.89445,-73.850945,0,0,Driver Inattention/Distraction,4462651,28.5,21.2,0.0,0.0,0.0,0.0,3,15.5,29.9,301,Overcast,0,0,
21929,2021-09-27 20:00:00,40.858788,-73.92291,0,0,Aggressive Driving/Road Rage,4462600,25.9,14.6,0.0,0.0,0.0,0.0,3,24.1,45.0,233,Overcast,0,0,
21930,2021-09-28 09:09:00,40.712498,-73.97776,1,0,Driver Inattention/Distraction,4462195,22.1,16.3,12.4,12.4,0.0,9.0,63,19.2,38.5,264,Rain: Moderate,1,1,
21931,2022-07-01 11:00:00,40.678345,-73.985435,0,0,Unspecified,4542577,33.7,20.2,0.1,0.1,0.0,1.0,51,32.3,58.0,215,Drizzle: Light,0,0,
21932,2021-09-28 06:39:00,40.738415,-73.84899,2,0,Driver Inattention/Distraction,4462779,22.1,16.3,12.4,12.4,0.0,9.0,63,19.2,38.5,264,Rain: Moderate,2,2,
21933,2021-09-27 14:50:00,40.711132,-73.99043,0,0,Unspecified,4462556,25.9,14.6,0.0,0.0,0.0,0.0,3,24.1,45.0,233,Overcast,0,0,
21934,2021-09-27 12:10:00,40.68617,-73.94448,0,0,Passing Too Closely,4462691,25.9,14.6,0.0,0.0,0.0,0.0,3,24.1,45.0,233,Overcast,0,0,
21935,2021-09-28 17:35:00,40.70066,-73.98775,0,0,Passing or Lane Usage Improper,4462022,22.1,16.3,12.4,12.4,0.0,9.0,63,19.2,38.5,264,Rain: Moderate,0,0,
21936,2021-09-28 12:50:00,40.71511,-73.95486,0,0,Passing Too Closely,4462427,22.1,16.3,12.4,12.4,0.0,9.0,63,19.2,38.5,264,Rain: Moderate,0,0,
21937,2021-09-28 04:25:00,40.70313,-73.816795,0,0,Unsafe Speed,4462327,22.1,16.3,12.4,12.4,0.0,9.0,63,19.2,38.5,264,Rain: Moderate,0,0,
21938,2021-09-28 23:30:00,40.6867,-73.9982,0,0,Unspecified,4462334,22.1,16.3,12.4,12.4,0.0,9.0,63,19.2,38.5,264,Rain: Moderate,0,0,
21939,2021-09-28 14:15:00,40.569256,-74.11098,0,0,Turning Improperly,4462123,22.1,16.3,12.4,12.4,0.0,9.0,63,19.2,38.5,264,Rain: Moderate,0,0,
21940,2021-09-28 02:17:00,40.894314,-73.86027,0,0,Unsafe Speed,4461947,22.1,16.3,12.4,12.4,0.0,9.0,63,19.2,38.5,264,Rain: Moderate,0,0,
21941,2021-09-28 14:15:00,40.627144,-74.00032,0,0,Failure to Yield Right-of-Way,4462220,22.1,16.3,12.4,12.4,0.0,9.0,63,19.2,38.5,264,Rain: Moderate,0,0,
21942,2021-09-28 06:40:00,40.732822,-73.8684,1,0,Unspecified,4461854,22.1,16.3,12.4,12.4,0.0,9.0,63,19.2,38.5,264,Rain: Moderate,1,1,
21943,2021-09-28 12:57:00,40.811367,-73.95402,0,0,Unspecified,4462032,22.1,16.3,12.4,12.4,0.0,9.0,63,19.2,38.5,264,Rain: Moderate,0,0,
21944,2021-09-28 00:15:00,40.675255,-73.73207,1,0,Unspecified,4462316,22.1,16.3,12.4,12.4,0.0,9.0,63,19.2,38.5,264,Rain: Moderate,1,1,
21945,2021-09-27 22:30:00,40.666298,-73.91379,0,0,Driver Inattention/Distraction,4462717,25.9,14.6,0.0,0.0,0.0,0.0,3,24.1,45.0,233,Overcast,0,0,
21946,2021-09-28 17:53:00,40.752136,-73.92564,1,0,Driver Inattention/Distraction,4462178,22.1,16.3,12.4,12.4,0.0,9.0,63,19.2,38.5,264,Rain: Moderate,1,1,
21947,2021-09-28 06:22:00,40.654526,-73.73979,0,0,Unspecified,4461980,22.1,16.3,12.4,12.4,0.0,9.0,63,19.2,38.5,264,Rain: Moderate,0,0,
21948,2021-09-25 11:21:00,40.739243,-73.99919,0,0,Driver Inattention/Distraction,4462535,22.8,14.0,0.0,0.0,0.0,0.0,3,7.9,15.8,322,Overcast,0,0,
21949,2021-09-28 19:10:00,40.585976,-73.98799,0,0,Driver Inattention/Distraction,4462501,22.1,16.3,12.4,12.4,0.0,9.0,63,19.2,38.5,264,Rain: Moderate,0,0,
21950,2021-09-28 20:16:00,40.623455,-73.95491,3,0,Driver Inattention/Distraction,4462072,22.1,16.3,12.4,12.4,0.0,9.0,63,19.2,38.5,264,Rain: Moderate,3,3,
21951,2021-09-28 08:48:00,40.666435,-73.83478,0,0,Passing or Lane Usage Improper,4462054,22.1,16.3,12.4,12.4,0.0,9.0,63,19.2,38.5,264,Rain: Moderate,0,0,
21952,2021-09-24 17:07:00,40.691193,-73.821594,1,0,Failure to Yield Right-of-Way,4462437,22.4,15.6,26.0,26.0,0.0,9.0,63,14.2,29.9,274,Rain: Moderate,1,1,
21953,2021-09-23 18:00:00,40.781223,-73.95373,0,0,Passing Too Closely,4462479,26.2,18.0,15.6,15.6,0.0,14.0,63,40.7,77.4,156,Rain: Moderate,0,0,
21954,2021-09-20 14:45:00,40.80162,-73.93733,0,0,Unspecified,4462747,23.1,14.9,0.0,0.0,0.0,0.0,3,17.0,34.2,116,Overcast,0,0,
21955,2021-09-28 17:00:00,40.681446,-73.94644,0,0,Passing Too Closely,4462682,22.1,16.3,12.4,12.4,0.0,9.0,63,19.2,38.5,264,Rain: Moderate,0,0,
21956,2021-09-28 09:18:00,40.699013,-73.79573,0,0,Oversized Vehicle,4461926,22.1,16.3,12.4,12.4,0.0,9.0,63,19.2,38.5,264,Rain: Moderate,0,0,
21957,2021-09-27 15:50:00,40.750828,-74.00189,0,0,Unspecified,4462548,25.9,14.6,0.0,0.0,0.0,0.0,3,24.1,45.0,233,Overcast,0,0,
21958,2021-09-28 00:00:00,40.823647,-73.87843,0,0,Following Too Closely,4462232,22.1,16.3,12.4,12.4,0.0,9.0,63,19.2,38.5,264,Rain: Moderate,0,0,
21959,2021-09-28 15:07:00,40.63695,-74.022484,0,0,Backing Unsafely,4461997,22.1,16.3,12.4,12.4,0.0,9.0,63,19.2,38.5,264,Rain: Moderate,0,0,
21960,2021-09-28 18:51:00,40.640343,-73.94266,0,0,Driver Inattention/Distraction,4462280,22.1,16.3,12.4,12.4,0.0,9.0,63,19.2,38.5,264,Rain: Moderate,0,0,
21961,2021-09-28 05:45:00,40.684723,-73.91755,1,0,Unspecified,4461817,22.1,16.3,12.4,12.4,0.0,9.0,63,19.2,38.5,264,Rain: Moderate,1,1,
21962,2021-09-28 21:21:00,40.678276,-73.91076,1,0,Driver Inattention/Distraction,4462035,22.1,16.3,12.4,12.4,0.0,9.0,63,19.2,38.5,264,Rain: Moderate,1,1,
21963,2021-09-28 12:30:00,40.853813,-73.89584,3,0,Following Too Closely,4462106,22.1,16.3,12.4,12.4,0.0,9.0,63,19.2,38.5,264,Rain: Moderate,3,3,
21964,2021-09-28 15:15:00,40.84226,-73.87228,1,0,Following Too Closely,4462001,22.1,16.3,12.4,12.4,0.0,9.0,63,19.2,38.5,264,Rain: Moderate,1,1,
21965,2021-09-24 05:57:00,40.869656,-73.898926,1,0,,4462512,22.4,15.6,26.0,26.0,0.0,9.0,63,14.2,29.9,274,Rain: Moderate,1,1,
21966,2021-08-05 10:35:00,40.83037,-73.94015,0,0,Following Too Closely,4462447,27.1,17.4,0.1,0.1,0.0,1.0,51,13.2,27.0,5,Drizzle: Light,0,0,
21967,2021-09-27 01:55:00,40.840786,-73.9232,0,0,Backing Unsafely,4462584,25.9,14.6,0.0,0.0,0.0,0.0,3,24.1,45.0,233,Overcast,0,0,
21968,2021-09-28 17:25:00,40.732914,-73.98631,0,0,Passing or Lane Usage Improper,4462045,22.1,16.3,12.4,12.4,0.0,9.0,63,19.2,38.5,264,Rain: Moderate,0,0,
21969,2021-08-13 14:20:00,40.815327,-73.93576,0,0,Other Vehicular,4462469,33.2,24.8,0.0,0.0,0.0,0.0,3,18.2,34.9,215,Overcast,0,0,
21970,2021-09-26 20:20:00,40.894314,-73.86027,0,0,Aggressive Driving/Road Rage,4462612,21.4,15.6,0.0,0.0,0.0,0.0,3,23.5,45.0,294,Overcast,0,0,
21971,2021-09-28 22:30:00,40.821144,-73.95753,0,0,Turning Improperly,4462198,22.1,16.3,12.4,12.4,0.0,9.0,63,19.2,38.5,264,Rain: Moderate,0,0,
21972,2021-09-27 13:00:00,40.66288,-73.99292,1,0,,4462666,25.9,14.6,0.0,0.0,0.0,0.0,3,24.1,45.0,233,Overcast,1,1,
21973,2021-09-28 14:59:00,40.71345,-73.851715,0,0,Failure to Yield Right-of-Way,4461969,22.1,16.3,12.4,12.4,0.0,9.0,63,19.2,38.5,264,Rain: Moderate,0,0,
21974,2021-09-28 11:20:00,40.74017,-73.97615,0,0,Driver Inexperience,4462262,22.1,16.3,12.4,12.4,0.0,9.0,63,19.2,38.5,264,Rain: Moderate,0,0,
21975,2021-09-28 09:56:00,40.681736,-73.97531,0,0,Following Too Closely,4462553,22.1,16.3,12.4,12.4,0.0,9.0,63,19.2,38.5,264,Rain: Moderate,0,0,
21976,2021-09-28 19:40:00,40.729355,-73.86023,1,0,Failure to Yield Right-of-Way,4462185,22.1,16.3,12.4,12.4,0.0,9.0,63,19.2,38.5,264,Rain: Moderate,1,1,
21977,2021-09-28 08:45:00,40.727577,-73.74843,0,0,Unspecified,4461937,22.1,16.3,12.4,12.4,0.0,9.0,63,19.2,38.5,264,Rain: Moderate,0,0,
21978,2021-09-28 11:13:00,40.67645,-73.97411,0,0,Unspecified,4461993,22.1,16.3,12.4,12.4,0.0,9.0,63,19.2,38.5,264,Rain: Moderate,0,0,
21979,2021-09-28 07:50:00,40.707653,-73.93984,4,0,Driver Inattention/Distraction,4462404,22.1,16.3,12.4,12.4,0.0,9.0,63,19.2,38.5,264,Rain: Moderate,4,4,
21980,2021-09-28 00:33:00,40.662506,-73.90929,2,0,Outside Car Distraction,4462339,22.1,16.3,12.4,12.4,0.0,9.0,63,19.2,38.5,264,Rain: Moderate,2,2,
21981,2021-09-27 19:53:00,40.74373,-73.98801,0,0,Pedestrian/Bicyclist/Other Pedestrian Error/Confusion,4462590,25.9,14.6,0.0,0.0,0.0,0.0,3,24.1,45.0,233,Overcast,0,0,
21982,2021-09-15 16:19:00,40.69045,-73.959435,0,0,Oversized Vehicle,4462684,29.6,20.7,0.3,0.3,0.0,3.0,51,21.6,40.7,192,Drizzle: Light,0,0,
21983,2021-09-27 15:48:00,40.680504,-73.90629,0,0,Driver Inattention/Distraction,4462460,25.9,14.6,0.0,0.0,0.0,0.0,3,24.1,45.0,233,Overcast,0,0,
21984,2021-09-24 13:33:00,40.686085,-73.982666,0,0,Passing or Lane Usage Improper,4462769,22.4,15.6,26.0,26.0,0.0,9.0,63,14.2,29.9,274,Rain: Moderate,0,0,
21985,2021-09-28 07:30:00,40.83436,-73.889565,0,0,Following Too Closely,4462086,22.1,16.3,12.4,12.4,0.0,9.0,63,19.2,38.5,264,Rain: Moderate,0,0,
21986,2021-09-19 13:58:00,40.759678,-73.99559,0,0,Passing Too Closely,4462516,23.6,16.8,0.0,0.0,0.0,0.0,2,17.6,35.6,0,Partly cloudy,0,0,
21987,2021-09-26 12:26:00,40.693726,-73.75485,2,0,Following Too Closely,4462521,21.4,15.6,0.0,0.0,0.0,0.0,3,23.5,45.0,294,Overcast,2,2,
21988,2021-09-28 05:20:00,40.73718,-73.932014,2,0,Driver Inattention/Distraction,4461736,22.1,16.3,12.4,12.4,0.0,9.0,63,19.2,38.5,264,Rain: Moderate,2,2,
21989,2021-09-27 15:22:00,40.783333,-73.94368,1,0,Driver Inattention/Distraction,4462643,25.9,14.6,0.0,0.0,0.0,0.0,3,24.1,45.0,233,Overcast,1,1,
21990,2021-09-28 16:24:00,40.59075,-74.08837,0,0,Driver Inattention/Distraction,4462122,22.1,16.3,12.4,12.4,0.0,9.0,63,19.2,38.5,264,Rain: Moderate,0,0,
21991,2021-09-24 18:13:00,40.729824,-74.010605,1,0,Driver Inattention/Distraction,4462576,22.4,15.6,26.0,26.0,0.0,9.0,63,14.2,29.9,274,Rain: Moderate,1,1,
21992,2021-09-28 22:15:00,40.746876,-73.95272,0,0,Driver Inattention/Distraction,4462042,22.1,16.3,12.4,12.4,0.0,9.0,63,19.2,38.5,264,Rain: Moderate,0,0,
21993,2021-09-28 16:55:00,40.702747,-73.86242,1,0,Following Too Closely,4462419,22.1,16.3,12.4,12.4,0.0,9.0,63,19.2,38.5,264,Rain: Moderate,1,1,
21994,2021-09-28 16:30:00,40.818047,-73.92246,0,0,Other Vehicular,4462061,22.1,16.3,12.4,12.4,0.0,9.0,63,19.2,38.5,264,Rain: Moderate,0,0,
21995,2021-09-28 18:23:00,40.8468,-73.931854,1,0,Failure to Yield Right-of-Way,4462602,22.1,16.3,12.4,12.4,0.0,9.0,63,19.2,38.5,264,Rain: Moderate,1,1,
21996,2021-09-28 12:00:00,40.711246,-73.98446,0,0,Driver Inattention/Distraction,4462138,22.1,16.3,12.4,12.4,0.0,9.0,63,19.2,38.5,264,Rain: Moderate,0,0,
21997,2021-09-28 09:00:00,40.757755,-73.79304,0,0,Backing Unsafely,4461876,22.1,16.3,12.4,12.4,0.0,9.0,63,19.2,38.5,264,Rain: Moderate,0,0,
21998,2021-09-28 15:00:00,40.74132,-73.78478,1,0,Driver Inexperience,4462241,22.1,16.3,12.4,12.4,0.0,9.0,63,19.2,38.5,264,Rain: Moderate,1,1,
21999,2021-09-27 14:00:00,40.680443,-73.99196,0,0,Passing or Lane Usage Improper,4462431,25.9,14.6,0.0,0.0,0.0,0.0,3,24.1,45.0,233,Overcast,0,0,
22000,2021-09-28 08:45:00,40.697506,-73.982285,0,0,Passing Too Closely,4462025,22.1,16.3,12.4,12.4,0.0,9.0,63,19.2,38.5,264,Rain: Moderate,0,0,
22001,2021-09-28 16:56:00,40.66849,-73.95588,0,0,Unspecified,4462015,22.1,16.3,12.4,12.4,0.0,9.0,63,19.2,38.5,264,Rain: Moderate,0,0,
22002,2021-09-28 05:47:00,40.836178,-73.884254,3,0,Unsafe Speed,4462328,22.1,16.3,12.4,12.4,0.0,9.0,63,19.2,38.5,264,Rain: Moderate,3,3,
22003,2021-09-24 07:55:00,40.858273,-73.93182,0,0,Passing Too Closely,4462595,22.4,15.6,26.0,26.0,0.0,9.0,63,14.2,29.9,274,Rain: Moderate,0,0,
22004,2021-09-28 16:00:00,40.820187,-73.890686,1,0,Unspecified,4462057,22.1,16.3,12.4,12.4,0.0,9.0,63,19.2,38.5,264,Rain: Moderate,1,1,
22005,2021-09-28 15:45:00,40.835705,-73.888756,0,0,Following Too Closely,4462096,22.1,16.3,12.4,12.4,0.0,9.0,63,19.2,38.5,264,Rain: Moderate,0,0,
22006,2021-05-23 13:20:00,40.88698,-73.84745,0,0,Unspecified,4419725,31.4,19.8,0.0,0.0,0.0,0.0,3,28.5,54.4,322,Overcast,0,0,
22007,2021-09-26 08:16:00,40.75449,-74.006744,1,0,Traffic Control Disregarded,4462540,21.4,15.6,0.0,0.0,0.0,0.0,3,23.5,45.0,294,Overcast,1,1,
22008,2021-09-27 09:19:00,40.86404,-73.89245,0,0,Unspecified,4462497,25.9,14.6,0.0,0.0,0.0,0.0,3,24.1,45.0,233,Overcast,0,0,
22009,2021-09-28 18:10:00,40.727757,-73.89229,0,0,Passing Too Closely,4462112,22.1,16.3,12.4,12.4,0.0,9.0,63,19.2,38.5,264,Rain: Moderate,0,0,
22010,2021-09-28 20:41:00,40.596233,-73.938194,3,0,Unspecified,4462048,22.1,16.3,12.4,12.4,0.0,9.0,63,19.2,38.5,264,Rain: Moderate,3,3,
22011,2021-09-17 09:15:00,40.692627,-73.959,0,0,Turning Improperly,4462690,23.6,20.1,1.0,1.0,0.0,7.0,51,20.3,38.9,59,Drizzle: Light,0,0,
22012,2021-09-24 13:22:00,40.617825,-73.943085,5,0,Following Too Closely,4462474,22.4,15.6,26.0,26.0,0.0,9.0,63,14.2,29.9,274,Rain: Moderate,5,5,
22013,2021-09-27 19:56:00,40.878056,-73.892136,0,0,Unspecified,4462484,25.9,14.6,0.0,0.0,0.0,0.0,3,24.1,45.0,233,Overcast,0,0,
22014,2021-09-27 14:46:00,40.87255,-73.87538,0,0,Driver Inattention/Distraction,4462503,25.9,14.6,0.0,0.0,0.0,0.0,3,24.1,45.0,233,Overcast,0,0,
22015,2021-09-28 08:00:00,40.833286,-73.914085,0,0,Passing Too Closely,4462076,22.1,16.3,12.4,12.4,0.0,9.0,63,19.2,38.5,264,Rain: Moderate,0,0,
22016,2022-07-01 16:00:00,40.75716,-73.90818,1,0,Traffic Control Disregarded,4543129,33.7,20.2,0.1,0.1,0.0,1.0,51,32.3,58.0,215,Drizzle: Light,1,1,
22017,2022-06-25 01:00:00,40.670887,-73.76078,0,0,Following Too Closely,4543170,32.5,18.1,0.0,0.0,0.0,0.0,2,25.0,47.2,224,Partly cloudy,0,0,
22018,2022-06-30 17:05:00,40.70107,-73.80787,0,0,Unspecified,4542274,31.2,17.3,0.0,0.0,0.0,0.0,2,19.1,37.4,274,Partly cloudy,0,0,
22019,2022-06-29 14:50:00,40.68949,-73.92207,0,0,Following Too Closely,4542141,29.0,17.7,0.0,0.0,0.0,0.0,3,27.2,51.5,195,Overcast,0,0,
22020,2022-06-27 15:35:00,40.61132,-74.114716,0,0,Following Too Closely,4543041,26.2,19.8,11.7,11.7,0.0,9.0,63,20.5,43.2,224,Rain: Moderate,0,0,
22021,2022-06-29 05:00:00,40.84519,-73.9112,0,0,Driver Inattention/Distraction,4541949,29.0,17.7,0.0,0.0,0.0,0.0,3,27.2,51.5,195,Overcast,0,0,
22022,2022-07-01 07:02:00,40.742043,-73.95436,2,0,Driver Inattention/Distraction,4542651,33.7,20.2,0.1,0.1,0.0,1.0,51,32.3,58.0,215,Drizzle: Light,2,2,
22023,2022-07-01 23:42:00,40.833378,-73.94328,0,0,Unspecified,4542941,33.7,20.2,0.1,0.1,0.0,1.0,51,32.3,58.0,215,Drizzle: Light,0,0,
22024,2022-07-01 02:50:00,40.541874,-74.15155,0,0,Fell Asleep,4542693,33.7,20.2,0.1,0.1,0.0,1.0,51,32.3,58.0,215,Drizzle: Light,0,0,
22025,2022-06-25 23:20:00,40.69993,-73.96188,0,0,Driver Inexperience,4542729,32.5,18.1,0.0,0.0,0.0,0.0,2,25.0,47.2,224,Partly cloudy,0,0,
22026,2022-07-01 07:50:00,40.667824,-73.93122,1,0,Failure to Yield Right-of-Way,4542901,33.7,20.2,0.1,0.1,0.0,1.0,51,32.3,58.0,215,Drizzle: Light,1,1,
22027,2022-06-29 16:43:00,40.732014,-73.94475,1,0,Turning Improperly,4541982,29.0,17.7,0.0,0.0,0.0,0.0,3,27.2,51.5,195,Overcast,1,1,
22028,2022-06-29 00:25:00,40.666115,-73.9311,0,0,Aggressive Driving/Road Rage,4542829,29.0,17.7,0.0,0.0,0.0,0.0,3,27.2,51.5,195,Overcast,0,0,
22029,2022-06-30 10:50:00,40.76723,-73.98412,1,0,Unspecified,4542414,31.2,17.3,0.0,0.0,0.0,0.0,2,19.1,37.4,274,Partly cloudy,1,1,
22030,2022-06-29 09:49:00,40.832897,-73.862274,0,0,Driver Inattention/Distraction,4541816,29.0,17.7,0.0,0.0,0.0,0.0,3,27.2,51.5,195,Overcast,0,0,
22031,2022-06-30 06:20:00,40.63043,-73.88593,2,0,Unspecified,4542923,31.2,17.3,0.0,0.0,0.0,0.0,2,19.1,37.4,274,Partly cloudy,2,2,
22032,2022-06-29 10:02:00,40.768024,-73.91912,0,0,Backing Unsafely,4542401,29.0,17.7,0.0,0.0,0.0,0.0,3,27.2,51.5,195,Overcast,0,0,
22033,2022-06-30 03:52:00,40.756794,-73.894135,0,0,Alcohol Involvement,4542169,31.2,17.3,0.0,0.0,0.0,0.0,2,19.1,37.4,274,Partly cloudy,0,0,
22034,2022-06-29 11:00:00,40.748077,-73.76066,0,0,Driver Inattention/Distraction,4542928,29.0,17.7,0.0,0.0,0.0,0.0,3,27.2,51.5,195,Overcast,0,0,
22035,2022-06-26 14:25:00,40.60448,-73.95237,1,0,Unspecified,4542533,30.8,19.9,0.0,0.0,0.0,0.0,3,30.9,55.8,188,Overcast,1,1,
22036,2022-06-29 07:00:00,40.65153,-73.96303,0,0,Unspecified,4542037,29.0,17.7,0.0,0.0,0.0,0.0,3,27.2,51.5,195,Overcast,0,0,
22037,2022-06-27 09:53:00,40.794178,-73.94487,1,0,Passing or Lane Usage Improper,4542446,26.2,19.8,11.7,11.7,0.0,9.0,63,20.5,43.2,224,Rain: Moderate,1,1,
22038,2022-06-20 08:26:00,40.849396,-73.93891,0,0,Passing or Lane Usage Improper,4542977,26.5,12.9,0.0,0.0,0.0,0.0,3,18.4,31.7,308,Overcast,0,0,
22039,2022-07-01 11:50:00,40.602913,-73.943375,0,0,Unspecified,4542528,33.7,20.2,0.1,0.1,0.0,1.0,51,32.3,58.0,215,Drizzle: Light,0,0,
22040,2022-07-01 04:48:00,40.75416,-73.94941,0,0,Reaction to Uninvolved Vehicle,4542382,33.7,20.2,0.1,0.1,0.0,1.0,51,32.3,58.0,215,Drizzle: Light,0,0,
22041,2022-06-30 15:00:00,40.834324,-73.919914,0,0,Following Too Closely,4542429,31.2,17.3,0.0,0.0,0.0,0.0,2,19.1,37.4,274,Partly cloudy,0,0,
22042,2022-06-29 10:21:00,40.74701,-73.977196,0,0,Driver Inattention/Distraction,4541954,29.0,17.7,0.0,0.0,0.0,0.0,3,27.2,51.5,195,Overcast,0,0,
22043,2022-06-29 22:50:00,40.666386,-73.80178,1,0,Unsafe Speed,4541986,29.0,17.7,0.0,0.0,0.0,0.0,3,27.2,51.5,195,Overcast,1,1,
22044,2022-06-30 07:50:00,40.6087,-73.97404,0,0,Driver Inattention/Distraction,4542280,31.2,17.3,0.0,0.0,0.0,0.0,2,19.1,37.4,274,Partly cloudy,0,0,
22045,2022-06-29 11:27:00,40.650024,-73.89126,2,0,Unspecified,4542237,29.0,17.7,0.0,0.0,0.0,0.0,3,27.2,51.5,195,Overcast,2,2,
22046,2022-07-01 13:52:00,40.799305,-73.94324,0,0,Driver Inattention/Distraction,4543057,33.7,20.2,0.1,0.1,0.0,1.0,51,32.3,58.0,215,Drizzle: Light,0,0,
22047,2022-06-30 15:00:00,40.76595,-73.80984,1,0,Failure to Yield Right-of-Way,4542246,31.2,17.3,0.0,0.0,0.0,0.0,2,19.1,37.4,274,Partly cloudy,1,1,
22048,2022-06-30 23:30:00,40.68484,-73.79281,1,0,Reaction to Uninvolved Vehicle,4542450,31.2,17.3,0.0,0.0,0.0,0.0,2,19.1,37.4,274,Partly cloudy,1,1,
22049,2022-06-24 17:06:00,40.84086,-73.84239,1,0,Unspecified,4542560,26.7,14.6,1.0,1.0,0.0,6.0,51,19.2,37.4,204,Drizzle: Light,1,1,
22050,2022-06-29 07:50:00,40.760586,-73.84592,0,0,Driver Inattention/Distraction,4541789,29.0,17.7,0.0,0.0,0.0,0.0,3,27.2,51.5,195,Overcast,0,0,
22051,2022-06-30 13:15:00,40.846153,-73.932335,0,0,Failure to Yield Right-of-Way,4542947,31.2,17.3,0.0,0.0,0.0,0.0,2,19.1,37.4,274,Partly cloudy,0,0,
22052,2022-07-01 23:16:00,40.722244,-73.90133,0,0,Driver Inattention/Distraction,4542626,33.7,20.2,0.1,0.1,0.0,1.0,51,32.3,58.0,215,Drizzle: Light,0,0,
22053,2022-07-01 19:50:00,40.70281,-73.74387,0,0,Unspecified,4542582,33.7,20.2,0.1,0.1,0.0,1.0,51,32.3,58.0,215,Drizzle: Light,0,0,
22054,2022-06-30 07:13:00,40.83312,-73.912155,0,0,Passing or Lane Usage Improper,4542102,31.2,17.3,0.0,0.0,0.0,0.0,2,19.1,37.4,274,Partly cloudy,0,0,
22055,2022-06-30 10:30:00,40.746033,-73.93441,1,0,Driver Inattention/Distraction,4542457,31.2,17.3,0.0,0.0,0.0,0.0,2,19.1,37.4,274,Partly cloudy,1,1,
22056,2022-07-01 15:27:00,40.83153,-73.81894,1,0,Unspecified,4542589,33.7,20.2,0.1,0.1,0.0,1.0,51,32.3,58.0,215,Drizzle: Light,1,1,
22057,2022-06-26 00:40:00,40.638695,-73.87859,0,0,Following Too Closely,4542725,30.8,19.9,0.0,0.0,0.0,0.0,3,30.9,55.8,188,Overcast,0,0,
22058,2022-06-18 10:00:00,40.60923,-73.997025,0,0,Driver Inattention/Distraction,4543092,21.6,15.3,0.0,0.0,0.0,0.0,3,30.9,59.4,320,Overcast,0,0,
22059,2022-06-30 20:47:00,0.0,0.0,1,0,Passing or Lane Usage Improper,4542478,31.2,17.3,0.0,0.0,0.0,0.0,2,19.1,37.4,274,Partly cloudy,1,1,
22060,2022-06-30 14:55:00,40.660145,-73.94768,1,0,Passing or Lane Usage Improper,4542832,31.2,17.3,0.0,0.0,0.0,0.0,2,19.1,37.4,274,Partly cloudy,1,1,
22061,2022-07-01 19:00:00,40.647568,-73.95276,0,0,Driver Inattention/Distraction,4542673,33.7,20.2,0.1,0.1,0.0,1.0,51,32.3,58.0,215,Drizzle: Light,0,0,
22062,2022-07-01 05:03:00,40.631916,-73.97738,0,0,Unspecified,4542984,33.7,20.2,0.1,0.1,0.0,1.0,51,32.3,58.0,215,Drizzle: Light,0,0,
22063,2022-07-01 08:40:00,40.69979,-73.950096,0,0,Driver Inattention/Distraction,4542919,33.7,20.2,0.1,0.1,0.0,1.0,51,32.3,58.0,215,Drizzle: Light,0,0,
22064,2022-06-29 21:21:00,40.842052,-73.868706,0,0,Unsafe Speed,4542850,29.0,17.7,0.0,0.0,0.0,0.0,3,27.2,51.5,195,Overcast,0,0,
22065,2022-07-01 17:50:00,40.61536,-73.987076,1,0,Unspecified,4542789,33.7,20.2,0.1,0.1,0.0,1.0,51,32.3,58.0,215,Drizzle: Light,1,1,
22066,2022-06-30 09:18:00,40.691395,-73.82093,3,0,Traffic Control Disregarded,4542184,31.2,17.3,0.0,0.0,0.0,0.0,2,19.1,37.4,274,Partly cloudy,3,3,