,CRASH DATETIME,LATITUDE,LONGITUDE,NUMBER OF PERSONS INJURED,NUMBER OF PERSONS KILLED,CONTRIBUTING FACTOR VEHICLE 1,COLLISION_ID,temperature_2m_max,temperature_2m_min,precipitation_sum,rain_sum,snowfall_sum,precipitation_hours,weather_code,wind_speed_10m_max,wind_gusts_10m_max,wind_direction_10m_dominant,Weather Description,Severity_Score,Total_Affected_Persons,Weather_Category
22067,2022-06-26 18:34:00,40.747513,-73.9688,1,0,Driver Inattention/Distraction,4542769,30.8,19.9,0.0,0.0,0.0,0.0,3,30.9,55.8,188,Overcast,1,1,
22068,2022-06-29 09:40:00,40.784996,-73.824234,0,0,Unspecified,4541761,29.0,17.7,0.0,0.0,0.0,0.0,3,27.2,51.5,195,Overcast,0,0,
22069,2022-06-17 19:45:00,40.85715,-73.92741,0,0,Unspecified,4542961,31.8,19.1,0.0,0.0,0.0,0.0,3,30.4,55.4,268,Overcast,0,0,
22070,2022-06-29 12:41:00,40.734497,-73.88315,0,0,Driver Inattention/Distraction,4541994,29.0,17.7,0.0,0.0,0.0,0.0,3,27.2,51.5,195,Overcast,0,0,
22071,2022-06-30 07:35:00,40.58604,-74.16859,0,0,Driver Inattention/Distraction,4542230,31.2,17.3,0.0,0.0,0.0,0.0,2,19.1,37.4,274,Partly cloudy,0,0,
22072,2022-06-12 04:00:00,40.652687,-73.95603,1,0,Alcohol Involvement,4542505,22.7,16.0,9.3,9.3,0.0,10.0,61,23.5,44.6,179,Rain: Light,1,1,
22073,2022-06-24 23:40:00,40.825695,-73.89913,0,0,Unspecified,4542433,26.7,14.6,1.0,1.0,0.0,6.0,51,19.2,37.4,204,Drizzle: Light,0,0,
22074,2022-06-30 16:41:00,40.680374,-73.80445,1,0,Following Too Closely,4542565,31.2,17.3,0.0,0.0,0.0,0.0,2,19.1,37.4,274,Partly cloudy,1,1,
22075,2022-06-27 23:00:00,40.87975,-73.90144,0,0,Unspecified,4542718,26.2,19.8,11.7,11.7,0.0,9.0,63,20.5,43.2,224,Rain: Moderate,0,0,
22076,2022-06-30 08:00:00,40.711037,-73.814445,0,0,Unspecified,4542750,31.2,17.3,0.0,0.0,0.0,0.0,2,19.1,37.4,274,Partly cloudy,0,0,
22077,2022-07-01 17:52:00,40.72867,-73.79196,1,0,Driver Inattention/Distraction,4542785,33.7,20.2,0.1,0.1,0.0,1.0,51,32.3,58.0,215,Drizzle: Light,1,1,
22078,2022-06-30 09:45:00,40.622513,-74.03441,0,0,Unsafe Lane Changing,4542139,31.2,17.3,0.0,0.0,0.0,0.0,2,19.1,37.4,274,Partly cloudy,0,0,
22079,2022-07-01 17:30:00,40.725727,-73.84809,0,0,Passing Too Closely,4542620,33.7,20.2,0.1,0.1,0.0,1.0,51,32.3,58.0,215,Drizzle: Light,0,0,
22080,2022-06-29 13:35:00,40.77022,-73.83055,1,0,Turning Improperly,4541940,29.0,17.7,0.0,0.0,0.0,0.0,3,27.2,51.5,195,Overcast,1,1,
22081,2022-06-30 06:30:00,40.73319,-73.866875,1,0,Reaction to Uninvolved Vehicle,4542365,31.2,17.3,0.0,0.0,0.0,0.0,2,19.1,37.4,274,Partly cloudy,1,1,
22082,2022-07-01 15:00:00,40.66675,-73.779945,0,0,Passing or Lane Usage Improper,4542584,33.7,20.2,0.1,0.1,0.0,1.0,51,32.3,58.0,215,Drizzle: Light,0,0,
22083,2022-06-30 19:10:00,40.778584,-73.95552,0,0,Oversized Vehicle,4542343,31.2,17.3,0.0,0.0,0.0,0.0,2,19.1,37.4,274,Partly cloudy,0,0,
22084,2022-06-30 00:17:00,40.665726,-73.96425,0,0,Unsafe Lane Changing,4542569,31.2,17.3,0.0,0.0,0.0,0.0,2,19.1,37.4,274,Partly cloudy,0,0,
22085,2022-06-29 11:50:00,40.671165,-73.895676,1,0,Following Too Closely,4542049,29.0,17.7,0.0,0.0,0.0,0.0,3,27.2,51.5,195,Overcast,1,1,
22086,2022-06-29 19:35:00,40.682823,-73.976585,1,0,Unsafe Lane Changing,4542482,29.0,17.7,0.0,0.0,0.0,0.0,3,27.2,51.5,195,Overcast,1,1,
22087,2022-06-30 13:22:00,40.641987,-74.01724,0,0,Unspecified,4542692,31.2,17.3,0.0,0.0,0.0,0.0,2,19.1,37.4,274,Partly cloudy,0,0,
22088,2022-06-30 15:18:00,40.75056,-73.93932,0,0,Failure to Yield Right-of-Way,4542666,31.2,17.3,0.0,0.0,0.0,0.0,2,19.1,37.4,274,Partly cloudy,0,0,
22089,2022-06-30 00:10:00,40.711845,-73.859764,0,0,Driver Inattention/Distraction,4542019,31.2,17.3,0.0,0.0,0.0,0.0,2,19.1,37.4,274,Partly cloudy,0,0,
22090,2022-07-01 19:10:00,40.744892,-73.77022,0,0,Unsafe Speed,4542601,33.7,20.2,0.1,0.1,0.0,1.0,51,32.3,58.0,215,Drizzle: Light,0,0,
22091,2022-06-30 14:55:00,40.725033,-73.91981,0,0,Driver Inattention/Distraction,4542286,31.2,17.3,0.0,0.0,0.0,0.0,2,19.1,37.4,274,Partly cloudy,0,0,
22092,2022-06-29 02:26:00,40.681515,-73.90412,0,0,Traffic Control Disregarded,4542872,29.0,17.7,0.0,0.0,0.0,0.0,3,27.2,51.5,195,Overcast,0,0,
22093,2022-06-11 14:30:00,40.661964,-73.95705,1,0,Failure to Yield Right-of-Way,4542899,24.0,15.8,0.2,0.2,0.0,2.0,51,11.4,22.7,280,Drizzle: Light,1,1,
22094,2022-06-27 22:49:00,40.760567,-73.9155,1,0,Failure to Yield Right-of-Way,4542649,26.2,19.8,11.7,11.7,0.0,9.0,63,20.5,43.2,224,Rain: Moderate,1,1,
22095,2022-06-29 11:00:00,40.583733,-73.91969,1,0,Reaction to Uninvolved Vehicle,4542730,29.0,17.7,0.0,0.0,0.0,0.0,3,27.2,51.5,195,Overcast,1,1,
22096,2022-07-01 16:20:00,40.738354,-73.89591,0,0,Driver Inattention/Distraction,4542618,33.7,20.2,0.1,0.1,0.0,1.0,51,32.3,58.0,215,Drizzle: Light,0,0,
22097,2022-07-01 15:15:00,40.68405,-73.98157,1,0,Turning Improperly,4543016,33.7,20.2,0.1,0.1,0.0,1.0,51,32.3,58.0,215,Drizzle: Light,1,1,
22098,2022-06-29 18:00:00,40.628387,-73.92431,0,0,Driver Inattention/Distraction,4542306,29.0,17.7,0.0,0.0,0.0,0.0,3,27.2,51.5,195,Overcast,0,0,
22099,2022-06-29 23:00:00,40.661335,-73.8884,0,0,Unspecified,4542056,29.0,17.7,0.0,0.0,0.0,0.0,3,27.2,51.5,195,Overcast,0,0,
22100,2022-07-01 04:00:00,40.6532,-74.005585,1,0,Driver Inattention/Distraction,4542487,33.7,20.2,0.1,0.1,0.0,1.0,51,32.3,58.0,215,Drizzle: Light,1,1,
22101,2022-06-30 16:45:00,40.720795,-73.94496,0,0,Driver Inattention/Distraction,4543034,31.2,17.3,0.0,0.0,0.0,0.0,2,19.1,37.4,274,Partly cloudy,0,0,
22102,2022-06-28 13:24:00,40.879578,-73.875374,0,0,Following Too Closely,4542737,27.5,19.1,0.0,0.0,0.0,0.0,3,14.4,28.4,334,Overcast,0,0,
22103,2022-06-26 06:12:00,40.896854,-73.85882,0,0,Fatigued/Drowsy,4542915,30.8,19.9,0.0,0.0,0.0,0.0,3,30.9,55.8,188,Overcast,0,0,
22104,2022-06-27 00:26:00,40.864807,-73.91937,0,0,Passing or Lane Usage Improper,4543103,26.2,19.8,11.7,11.7,0.0,9.0,63,20.5,43.2,224,Rain: Moderate,0,0,
22105,2022-06-30 01:05:00,40.698154,-73.86969,0,0,Unspecified,4542641,31.2,17.3,0.0,0.0,0.0,0.0,2,19.1,37.4,274,Partly cloudy,0,0,
22106,2022-06-30 16:10:00,40.65516,-73.867714,0,0,Driver Inattention/Distraction,4542438,31.2,17.3,0.0,0.0,0.0,0.0,2,19.1,37.4,274,Partly cloudy,0,0,
22107,2022-06-30 21:00:00,40.656082,-73.953064,2,0,Failure to Yield Right-of-Way,4542992,31.2,17.3,0.0,0.0,0.0,0.0,2,19.1,37.4,274,Partly cloudy,2,2,
22108,2022-06-29 18:43:00,40.70003,-73.745895,0,0,Unspecified,4541926,29.0,17.7,0.0,0.0,0.0,0.0,3,27.2,51.5,195,Overcast,0,0,
22109,2022-06-30 18:00:00,40.71461,-73.80255,0,0,Driver Inattention/Distraction,4542423,31.2,17.3,0.0,0.0,0.0,0.0,2,19.1,37.4,274,Partly cloudy,0,0,
22110,2021-10-28 13:51:00,40.680283,-73.85471,2,0,Unspecified,4474481,15.2,7.9,0.0,0.0,0.0,0.0,3,19.1,34.6,28,Overcast,2,2,
22111,2021-09-13 20:25:00,40.808445,-73.945,1,0,Driver Inattention/Distraction,4490119,28.8,21.8,1.1,1.1,0.0,2.0,53,20.1,36.7,277,Drizzle: Moderate,1,1,
22112,2021-12-22 09:15:00,40.694263,-73.95235,1,0,Driver Inattention/Distraction,4490117,8.1,-0.0,4.2,4.2,0.0,9.0,61,26.7,47.9,313,Rain: Light,1,1,
22113,2021-12-09 09:25:00,40.834415,-73.92854,0,0,Following Too Closely,4490124,3.6,-2.0,0.1,0.0,0.07,1.0,71,19.2,33.8,295,Snow fall: Light,0,0,Snowy Conditions
22114,2021-12-22 17:00:00,40.645817,-73.97068,0,0,Driver Inattention/Distraction,4490094,8.1,-0.0,4.2,4.2,0.0,9.0,61,26.7,47.9,313,Rain: Light,0,0,
22115,2021-12-24 19:40:00,40.856045,-73.90079,0,0,Unspecified,4490123,5.7,-1.1,1.0,0.0,0.7,5.0,73,12.4,21.6,73,Snow fall: Moderate,0,0,Snowy Conditions
22116,2021-12-25 16:05:00,40.68005,-73.94327,1,0,Driver Inattention/Distraction,4490108,8.8,0.5,6.1,6.1,0.0,14.0,55,14.5,24.8,284,Drizzle: Dense,1,1,
22117,2021-12-23 18:00:00,40.600956,-73.75877,0,0,Unspecified,4490121,2.1,-2.3,0.0,0.0,0.0,0.0,3,20.1,35.6,299,Overcast,0,0,
22118,2021-12-22 16:45:00,40.696995,-73.95475,1,0,Traffic Control Disregarded,4490099,8.1,-0.0,4.2,4.2,0.0,9.0,61,26.7,47.9,313,Rain: Light,1,1,
22119,2021-12-23 08:00:00,40.692356,-73.94282,0,0,Failure to Yield Right-of-Way,4490109,2.1,-2.3,0.0,0.0,0.0,0.0,3,20.1,35.6,299,Overcast,0,0,
22120,2021-11-23 12:33:00,40.67973,-73.9374,1,0,Unsafe Lane Changing,4490100,5.4,-0.4,0.3,0.0,0.21,2.0,71,27.8,52.9,318,Snow fall: Light,1,1,Snowy Conditions
22121,2021-12-21 11:30:00,40.67543,-73.98352,0,0,Backing Unsafely,4490120,5.7,-2.4,0.0,0.0,0.0,0.0,3,13.6,24.5,228,Overcast,0,0,
22122,2021-12-15 15:30:00,40.68651,-73.954544,0,0,Passing Too Closely,4490095,10.3,1.8,1.0,1.0,0.0,6.0,51,20.6,38.2,104,Drizzle: Light,0,0,
22123,2022-06-29 10:11:00,40.71766,-74.007545,0,0,Traffic Control Disregarded,4541836,29.0,17.7,0.0,0.0,0.0,0.0,3,27.2,51.5,195,Overcast,0,0,
22124,2022-06-30 07:45:00,40.793995,-73.94251,0,0,Passing Too Closely,4542377,31.2,17.3,0.0,0.0,0.0,0.0,2,19.1,37.4,274,Partly cloudy,0,0,
22125,2022-06-30 12:00:00,40.695614,-73.94056,1,0,Driver Inattention/Distraction,4542188,31.2,17.3,0.0,0.0,0.0,0.0,2,19.1,37.4,274,Partly cloudy,1,1,
22126,2022-06-29 13:44:00,40.740074,-73.871475,0,0,Passing or Lane Usage Improper,4542843,29.0,17.7,0.0,0.0,0.0,0.0,3,27.2,51.5,195,Overcast,0,0,
22127,2022-06-21 12:00:00,40.822933,-73.93813,0,0,Other Vehicular,4542470,26.0,14.6,1.0,1.0,0.0,3.0,53,13.0,24.1,175,Drizzle: Moderate,0,0,
22128,2022-06-30 04:50:00,40.817795,-73.89319,0,0,Driver Inattention/Distraction,4542509,31.2,17.3,0.0,0.0,0.0,0.0,2,19.1,37.4,274,Partly cloudy,0,0,
22129,2022-06-30 13:32:00,40.711136,-73.764854,0,0,Turning Improperly,4542259,31.2,17.3,0.0,0.0,0.0,0.0,2,19.1,37.4,274,Partly cloudy,0,0,
22130,2022-06-29 21:05:00,0.0,0.0,0,0,Failure to Yield Right-of-Way,4541968,29.0,17.7,0.0,0.0,0.0,0.0,3,27.2,51.5,195,Overcast,0,0,
22131,2022-06-30 04:00:00,40.591305,-73.963425,0,0,Driver Inattention/Distraction,4542072,31.2,17.3,0.0,0.0,0.0,0.0,2,19.1,37.4,274,Partly cloudy,0,0,
22132,2022-06-29 17:40:00,40.66626,-73.95957,1,0,Driver Inattention/Distraction,4542820,29.0,17.7,0.0,0.0,0.0,0.0,3,27.2,51.5,195,Overcast,1,1,
22133,2021-12-25 21:30:00,40.583534,-73.984184,1,0,Unspecified,4489685,8.8,0.5,6.1,6.1,0.0,14.0,55,14.5,24.8,284,Drizzle: Dense,1,1,
22134,2021-12-24 19:00:00,40.62373,-73.99617,0,0,Driver Inattention/Distraction,4489943,5.7,-1.1,1.0,0.0,0.7,5.0,73,12.4,21.6,73,Snow fall: Moderate,0,0,Snowy Conditions
22135,2021-12-25 22:37:00,40.827755,-73.9117,1,0,Driver Inattention/Distraction,4489817,8.8,0.5,6.1,6.1,0.0,14.0,55,14.5,24.8,284,Drizzle: Dense,1,1,
22136,2021-12-25 02:08:00,40.763344,-73.75791,0,0,Pavement Slippery,4489405,8.8,0.5,6.1,6.1,0.0,14.0,55,14.5,24.8,284,Drizzle: Dense,0,0,
22137,2021-12-25 21:30:00,40.699543,-73.78353,1,0,Driver Inattention/Distraction,4489756,8.8,0.5,6.1,6.1,0.0,14.0,55,14.5,24.8,284,Drizzle: Dense,1,1,
22138,2021-12-23 21:13:00,40.66685,-73.73672,0,0,Unspecified,4489996,2.1,-2.3,0.0,0.0,0.0,0.0,3,20.1,35.6,299,Overcast,0,0,
22139,2021-12-25 23:03:00,40.8092,-73.92281,0,0,Unspecified,4489894,8.8,0.5,6.1,6.1,0.0,14.0,55,14.5,24.8,284,Drizzle: Dense,0,0,
22140,2021-12-25 01:20:00,40.696167,-73.97721,0,0,Driver Inattention/Distraction,4489433,8.8,0.5,6.1,6.1,0.0,14.0,55,14.5,24.8,284,Drizzle: Dense,0,0,
22141,2021-12-25 21:38:00,40.75469,-73.99536,1,0,Driver Inattention/Distraction,4489908,8.8,0.5,6.1,6.1,0.0,14.0,55,14.5,24.8,284,Drizzle: Dense,1,1,
22142,2021-12-25 10:39:00,40.636463,-73.9118,1,0,Failure to Yield Right-of-Way,4490073,8.8,0.5,6.1,6.1,0.0,14.0,55,14.5,24.8,284,Drizzle: Dense,1,1,
22143,2021-12-25 11:24:00,40.859406,-73.84187,0,0,Unspecified,4489462,8.8,0.5,6.1,6.1,0.0,14.0,55,14.5,24.8,284,Drizzle: Dense,0,0,
22144,2021-12-25 12:00:00,40.725166,-73.89928,0,0,Unspecified,4489636,8.8,0.5,6.1,6.1,0.0,14.0,55,14.5,24.8,284,Drizzle: Dense,0,0,
22145,2021-11-29 12:00:00,40.76942,-73.880295,0,0,Unspecified,4489947,5.8,-0.8,0.4,0.4,0.0,3.0,51,20.6,38.2,312,Drizzle: Light,0,0,
22146,2021-12-21 19:45:00,40.752056,-74.00099,0,0,Passing Too Closely,4489965,5.7,-2.4,0.0,0.0,0.0,0.0,3,13.6,24.5,228,Overcast,0,0,
22147,2021-12-25 18:50:00,40.82816,-73.91297,0,0,Passing Too Closely,4490004,8.8,0.5,6.1,6.1,0.0,14.0,55,14.5,24.8,284,Drizzle: Dense,0,0,
22148,2021-12-23 08:37:00,40.788906,-73.93765,1,0,Following Too Closely,4490024,2.1,-2.3,0.0,0.0,0.0,0.0,3,20.1,35.6,299,Overcast,1,1,
22149,2021-12-25 15:00:00,40.76595,-73.80984,0,0,Pavement Slippery,4489551,8.8,0.5,6.1,6.1,0.0,14.0,55,14.5,24.8,284,Drizzle: Dense,0,0,
22150,2021-12-25 07:02:00,40.646717,-73.99789,1,0,Unspecified,4489509,8.8,0.5,6.1,6.1,0.0,14.0,55,14.5,24.8,284,Drizzle: Dense,1,1,
22151,2021-12-25 01:17:00,40.759678,-73.97216,3,0,Driver Inattention/Distraction,4489612,8.8,0.5,6.1,6.1,0.0,14.0,55,14.5,24.8,284,Drizzle: Dense,3,3,
22152,2021-12-25 11:30:00,40.69862,-73.920135,1,0,Failure to Yield Right-of-Way,4489468,8.8,0.5,6.1,6.1,0.0,14.0,55,14.5,24.8,284,Drizzle: Dense,1,1,
22153,2021-12-24 22:35:00,40.78614,-73.93929,1,0,Following Too Closely,4490023,5.7,-1.1,1.0,0.0,0.7,5.0,73,12.4,21.6,73,Snow fall: Moderate,1,1,Snowy Conditions
22154,2021-12-25 20:24:00,40.813282,-73.898,0,0,Driver Inexperience,4489857,8.8,0.5,6.1,6.1,0.0,14.0,55,14.5,24.8,284,Drizzle: Dense,0,0,
22155,2021-12-23 22:25:00,40.75766,-73.99084,1,0,Driver Inattention/Distraction,4489914,2.1,-2.3,0.0,0.0,0.0,0.0,3,20.1,35.6,299,Overcast,1,1,
22156,2021-12-23 18:25:00,40.748356,-74.00369,0,0,Failure to Yield Right-of-Way,4489974,2.1,-2.3,0.0,0.0,0.0,0.0,3,20.1,35.6,299,Overcast,0,0,
22157,2021-12-19 18:00:00,40.604027,-73.89875,0,0,Unsafe Speed,4490030,7.1,-1.8,0.5,0.5,0.0,4.0,51,26.4,47.5,327,Drizzle: Light,0,0,
22158,2021-12-25 16:55:00,40.7038,-73.82345,3,0,Failure to Yield Right-of-Way,4489495,8.8,0.5,6.1,6.1,0.0,14.0,55,14.5,24.8,284,Drizzle: Dense,3,3,
22159,2021-12-25 00:48:00,40.80132,-73.95763,0,0,Driver Inattention/Distraction,4489573,8.8,0.5,6.1,6.1,0.0,14.0,55,14.5,24.8,284,Drizzle: Dense,0,0,
22160,2021-12-25 08:40:00,40.826862,-73.88769,1,0,Passing Too Closely,4489785,8.8,0.5,6.1,6.1,0.0,14.0,55,14.5,24.8,284,Drizzle: Dense,1,1,
22161,2021-12-25 10:58:00,40.727207,-73.90742,0,0,Failure to Yield Right-of-Way,4489637,8.8,0.5,6.1,6.1,0.0,14.0,55,14.5,24.8,284,Drizzle: Dense,0,0,
22162,2021-12-25 19:46:00,40.863194,-73.86642,0,0,Driver Inattention/Distraction,4489712,8.8,0.5,6.1,6.1,0.0,14.0,55,14.5,24.8,284,Drizzle: Dense,0,0,
22163,2021-12-25 19:09:00,40.67376,-73.73431,0,0,Driver Inattention/Distraction,4489518,8.8,0.5,6.1,6.1,0.0,14.0,55,14.5,24.8,284,Drizzle: Dense,0,0,
22164,2021-12-24 21:46:00,40.82332,-73.86816,1,0,Unsafe Speed,4489986,5.7,-1.1,1.0,0.0,0.7,5.0,73,12.4,21.6,73,Snow fall: Moderate,1,1,Snowy Conditions
22165,2021-12-22 19:58:00,40.610146,-74.15127,0,0,Following Too Closely,4490015,8.1,-0.0,4.2,4.2,0.0,9.0,61,26.7,47.9,313,Rain: Light,0,0,
22166,2021-12-07 23:00:00,40.765358,-73.96007,0,0,Driver Inattention/Distraction,4489909,8.6,0.8,0.1,0.1,0.0,1.0,51,27.2,49.3,283,Drizzle: Light,0,0,
22167,2021-12-25 11:00:00,40.64374,-73.9598,0,0,Unspecified,4489658,8.8,0.5,6.1,6.1,0.0,14.0,55,14.5,24.8,284,Drizzle: Dense,0,0,
22168,2021-12-22 09:08:00,40.75548,-73.74173,0,0,Unspecified,4489933,8.1,-0.0,4.2,4.2,0.0,9.0,61,26.7,47.9,313,Rain: Light,0,0,
22169,2021-12-25 06:10:00,40.71405,-73.77801,0,0,Fatigued/Drowsy,4489767,8.8,0.5,6.1,6.1,0.0,14.0,55,14.5,24.8,284,Drizzle: Dense,0,0,
22170,2021-12-09 22:40:00,40.74847,-73.792305,0,0,Failure to Yield Right-of-Way,4489934,3.6,-2.0,0.1,0.0,0.07,1.0,71,19.2,33.8,295,Snow fall: Light,0,0,Snowy Conditions
22171,2021-12-23 22:30:00,40.84932,-73.93374,1,0,Driver Inattention/Distraction,4489904,2.1,-2.3,0.0,0.0,0.0,0.0,3,20.1,35.6,299,Overcast,1,1,
22172,2021-12-25 00:54:00,40.73649,-73.80478,0,0,Driver Inattention/Distraction,4489407,8.8,0.5,6.1,6.1,0.0,14.0,55,14.5,24.8,284,Drizzle: Dense,0,0,
22173,2021-12-25 18:50:00,40.838497,-73.939835,0,0,Driver Inattention/Distraction,4489704,8.8,0.5,6.1,6.1,0.0,14.0,55,14.5,24.8,284,Drizzle: Dense,0,0,
22174,2021-12-25 04:28:00,40.731983,-73.91912,0,0,Driver Inattention/Distraction,4489441,8.8,0.5,6.1,6.1,0.0,14.0,55,14.5,24.8,284,Drizzle: Dense,0,0,
22175,2021-12-25 17:00:00,40.662964,-73.90614,0,0,Other Vehicular,4489655,8.8,0.5,6.1,6.1,0.0,14.0,55,14.5,24.8,284,Drizzle: Dense,0,0,
22176,2020-12-04 15:05:00,40.655487,-73.90287,4,0,Other Vehicular,4374781,11.4,4.3,4.0,4.0,0.0,10.0,53,21.3,38.2,216,Drizzle: Moderate,4,4,
22177,2021-05-22 15:36:00,40.68587,-73.76349,1,0,Brakes Defective,4419047,30.5,16.5,0.0,0.0,0.0,0.0,3,19.1,36.4,299,Overcast,1,1,
22178,2021-05-19 00:00:00,40.8118,-73.88865,0,0,Unspecified,4420455,28.2,13.6,0.0,0.0,0.0,0.0,3,19.6,40.3,337,Overcast,0,0,
22179,2021-05-22 20:36:00,40.713173,-73.95968,0,0,Following Too Closely,4420467,30.5,16.5,0.0,0.0,0.0,0.0,3,19.1,36.4,299,Overcast,0,0,
22180,2021-05-22 00:20:00,40.82802,-73.93122,1,0,Unsafe Lane Changing,4420416,30.5,16.5,0.0,0.0,0.0,0.0,3,19.1,36.4,299,Overcast,1,1,
22181,2021-05-22 01:49:00,40.81175,-73.93144,0,0,Driver Inattention/Distraction,4420433,30.5,16.5,0.0,0.0,0.0,0.0,3,19.1,36.4,299,Overcast,0,0,
22182,2021-05-23 17:35:00,40.677635,-73.91083,1,0,Unspecified,4420487,31.4,19.8,0.0,0.0,0.0,0.0,3,28.5,54.4,322,Overcast,1,1,
22183,2021-12-24 18:13:00,40.86769,-73.92122,2,0,Turning Improperly,4489905,5.7,-1.1,1.0,0.0,0.7,5.0,73,12.4,21.6,73,Snow fall: Moderate,2,2,Snowy Conditions
22184,2021-12-25 15:40:00,40.775906,-73.920525,1,0,Unsafe Speed,4489751,8.8,0.5,6.1,6.1,0.0,14.0,55,14.5,24.8,284,Drizzle: Dense,1,1,
22185,2021-05-23 20:15:00,40.847248,-73.93687,0,0,Failure to Yield Right-of-Way,4419554,31.4,19.8,0.0,0.0,0.0,0.0,3,28.5,54.4,322,Overcast,0,0,
22186,2021-05-23 17:49:00,40.87395,-73.85278,1,0,Unsafe Lane Changing,4419731,31.4,19.8,0.0,0.0,0.0,0.0,3,28.5,54.4,322,Overcast,1,1,
22187,2021-05-13 21:00:00,40.697155,-73.96282,0,0,Following Too Closely,4420362,19.1,7.2,0.0,0.0,0.0,0.0,1,15.8,27.4,315,Mainly clear,0,0,Sunny/Clear Conditions
22188,2021-05-22 21:14:00,40.869846,-73.915886,1,0,Passing or Lane Usage Improper,4420168,30.5,16.5,0.0,0.0,0.0,0.0,3,19.1,36.4,299,Overcast,1,1,
22189,2021-05-23 02:15:00,40.74288,-73.951164,0,0,Driver Inattention/Distraction,4419091,31.4,19.8,0.0,0.0,0.0,0.0,3,28.5,54.4,322,Overcast,0,0,
22190,2021-05-23 21:30:00,40.609344,-73.94355,1,0,Turning Improperly,4419627,31.4,19.8,0.0,0.0,0.0,0.0,3,28.5,54.4,322,Overcast,1,1,
22191,2021-05-23 00:30:00,40.8279,-73.8459,0,0,Unsafe Lane Changing,4419824,31.4,19.8,0.0,0.0,0.0,0.0,3,28.5,54.4,322,Overcast,0,0,
22192,2021-05-23 16:43:00,40.68969,-73.99237,1,0,Unspecified,4419691,31.4,19.8,0.0,0.0,0.0,0.0,3,28.5,54.4,322,Overcast,1,1,
22193,2021-05-23 08:12:00,40.690884,-73.912506,0,0,Passing or Lane Usage Improper,4419994,31.4,19.8,0.0,0.0,0.0,0.0,3,28.5,54.4,322,Overcast,0,0,
22194,2021-05-19 00:32:00,40.71207,-73.996956,1,0,Unspecified,4420231,28.2,13.6,0.0,0.0,0.0,0.0,3,19.6,40.3,337,Overcast,1,1,
22195,2021-05-12 00:00:00,40.834423,-73.879265,0,0,Unspecified,4420296,17.9,5.8,0.0,0.0,0.0,0.0,2,20.0,41.0,317,Partly cloudy,0,0,
22196,2021-05-23 01:14:00,40.841846,-73.870834,0,0,Unspecified,4419123,31.4,19.8,0.0,0.0,0.0,0.0,3,28.5,54.4,322,Overcast,0,0,
22197,2021-05-23 22:10:00,40.666348,-73.76093,1,0,Unsafe Speed,4419697,31.4,19.8,0.0,0.0,0.0,0.0,3,28.5,54.4,322,Overcast,1,1,
22198,2021-04-02 01:08:00,40.673107,-73.99959,0,0,Driver Inattention/Distraction,4420163,3.5,-3.6,0.0,0.0,0.0,0.0,3,25.9,51.1,324,Overcast,0,0,
22199,2021-05-21 21:15:00,40.811565,-73.942726,1,0,Driver Inexperience,4420208,23.9,11.3,0.0,0.0,0.0,0.0,3,19.2,38.5,174,Overcast,1,1,
22200,2021-05-23 10:00:00,40.563503,-74.13265,1,0,Obstruction/Debris,4419945,31.4,19.8,0.0,0.0,0.0,0.0,3,28.5,54.4,322,Overcast,1,1,
22201,2021-05-23 06:10:00,40.666386,-73.80178,0,0,Unsafe Speed,4419219,31.4,19.8,0.0,0.0,0.0,0.0,3,28.5,54.4,322,Overcast,0,0,
22202,2021-05-23 09:00:00,40.731815,-73.87569,0,0,Driver Inattention/Distraction,4419506,31.4,19.8,0.0,0.0,0.0,0.0,3,28.5,54.4,322,Overcast,0,0,
22203,2021-05-23 16:10:00,40.844368,-73.88902,1,0,Driver Inattention/Distraction,4419741,31.4,19.8,0.0,0.0,0.0,0.0,3,28.5,54.4,322,Overcast,1,1,
22204,2021-05-23 18:20:00,40.661003,-73.904655,0,0,Alcohol Involvement,4419764,31.4,19.8,0.0,0.0,0.0,0.0,3,28.5,54.4,322,Overcast,0,0,
22205,2021-05-23 18:00:00,40.822117,-73.863174,0,0,Driver Inattention/Distraction,4419830,31.4,19.8,0.0,0.0,0.0,0.0,3,28.5,54.4,322,Overcast,0,0,
22206,2021-05-23 01:49:00,40.687244,-73.95469,1,0,Driver Inattention/Distraction,4419859,31.4,19.8,0.0,0.0,0.0,0.0,3,28.5,54.4,322,Overcast,1,1,
22207,2021-05-23 02:20:00,40.809452,-73.94949,0,0,Following Too Closely,4419324,31.4,19.8,0.0,0.0,0.0,0.0,3,28.5,54.4,322,Overcast,0,0,
22208,2021-05-20 00:50:00,40.673298,-73.789894,2,0,Turning Improperly,4420256,22.2,12.5,0.0,0.0,0.0,0.0,3,19.0,38.2,147,Overcast,2,2,
22209,2021-09-29 21:15:00,40.69874,-73.926315,1,0,Reaction to Uninvolved Vehicle,4462468,19.9,11.3,0.0,0.0,0.0,0.0,3,20.6,41.8,331,Overcast,1,1,
22210,2021-05-12 02:30:00,40.726444,-73.90317,0,0,Failure to Yield Right-of-Way,4420282,17.9,5.8,0.0,0.0,0.0,0.0,2,20.0,41.0,317,Partly cloudy,0,0,
22211,2021-05-19 14:29:00,40.85234,-73.84355,1,0,Other Vehicular,4420325,28.2,13.6,0.0,0.0,0.0,0.0,3,19.6,40.3,337,Overcast,1,1,
22212,2021-05-23 12:59:00,40.64993,-73.93312,1,0,Unspecified,4419447,31.4,19.8,0.0,0.0,0.0,0.0,3,28.5,54.4,322,Overcast,1,1,