,CRASH DATETIME,LATITUDE,LONGITUDE,NUMBER OF PERSONS INJURED,NUMBER OF PERSONS KILLED,CONTRIBUTING FACTOR VEHICLE 1,COLLISION_ID,temperature_2m_max,temperature_2m_min,precipitation_sum,rain_sum,snowfall_sum,precipitation_hours,weather_code,wind_speed_10m_max,wind_gusts_10m_max,wind_direction_10m_dominant,Weather Description,Severity_Score,Total_Affected_Persons,Weather_Category
22213,2021-05-23 21:00:00,40.60374,-73.76332,0,0,Other Vehicular,4420182,31.4,19.8,0.0,0.0,0.0,0.0,3,28.5,54.4,322,Overcast,0,0,
22214,2021-05-23 16:30:00,40.711033,-73.7281,0,0,Following Too Closely,4419498,31.4,19.8,0.0,0.0,0.0,0.0,3,28.5,54.4,322,Overcast,0,0,
22215,2021-05-23 06:15:00,40.838062,-73.88869,1,0,Following Too Closely,4419227,31.4,19.8,0.0,0.0,0.0,0.0,3,28.5,54.4,322,Overcast,1,1,
22216,2021-05-23 23:24:00,40.684242,-73.877396,0,0,Unspecified,4419858,31.4,19.8,0.0,0.0,0.0,0.0,3,28.5,54.4,322,Overcast,0,0,
22217,2021-05-23 07:37:00,40.82815,-73.93491,3,0,Other Vehicular,4419677,31.4,19.8,0.0,0.0,0.0,0.0,3,28.5,54.4,322,Overcast,3,3,
22218,2021-05-23 12:45:00,40.754154,-73.9804,0,0,Driver Inattention/Distraction,4419704,31.4,19.8,0.0,0.0,0.0,0.0,3,28.5,54.4,322,Overcast,0,0,
22219,2021-05-23 11:19:00,40.6358,-74.11743,0,0,Driver Inattention/Distraction,4419889,31.4,19.8,0.0,0.0,0.0,0.0,3,28.5,54.4,322,Overcast,0,0,
22220,2021-05-23 20:25:00,40.675003,-73.82435,2,0,Failure to Yield Right-of-Way,4419772,31.4,19.8,0.0,0.0,0.0,0.0,3,28.5,54.4,322,Overcast,2,2,
22221,2021-05-23 10:30:00,40.73291,-73.81487,0,0,Driver Inattention/Distraction,4419876,31.4,19.8,0.0,0.0,0.0,0.0,3,28.5,54.4,322,Overcast,0,0,
22222,2021-05-23 04:50:00,40.66225,-73.99495,0,0,Other Vehicular,4419278,31.4,19.8,0.0,0.0,0.0,0.0,3,28.5,54.4,322,Overcast,0,0,
22223,2021-05-23 00:46:00,40.64092,-73.902954,2,0,Driver Inattention/Distraction,4419484,31.4,19.8,0.0,0.0,0.0,0.0,3,28.5,54.4,322,Overcast,2,2,
22224,2021-05-23 16:20:00,40.734222,-73.94981,0,0,Turning Improperly,4419641,31.4,19.8,0.0,0.0,0.0,0.0,3,28.5,54.4,322,Overcast,0,0,
22225,2021-05-23 20:32:00,40.675236,-73.97106,2,0,Following Too Closely,4420248,31.4,19.8,0.0,0.0,0.0,0.0,3,28.5,54.4,322,Overcast,2,2,
22226,2021-05-22 17:34:00,40.804676,-73.93223,0,0,Passing or Lane Usage Improper,4420336,30.5,16.5,0.0,0.0,0.0,0.0,3,19.1,36.4,299,Overcast,0,0,
22227,2021-05-23 02:00:00,40.798958,-73.94244,0,0,Alcohol Involvement,4419758,31.4,19.8,0.0,0.0,0.0,0.0,3,28.5,54.4,322,Overcast,0,0,
22228,2021-05-21 22:03:00,40.679413,-73.79984,1,0,Driver Inexperience,4420258,23.9,11.3,0.0,0.0,0.0,0.0,3,19.2,38.5,174,Overcast,1,1,
22229,2021-05-23 07:00:00,40.73989,-73.857056,0,0,Unspecified,4419510,31.4,19.8,0.0,0.0,0.0,0.0,3,28.5,54.4,322,Overcast,0,0,
22230,2021-05-21 23:15:00,40.72225,-74.00592,2,0,Unspecified,4420308,23.9,11.3,0.0,0.0,0.0,0.0,3,19.2,38.5,174,Overcast,2,2,
22231,2021-05-23 12:30:00,40.683132,-73.88259,0,0,Unspecified,4419600,31.4,19.8,0.0,0.0,0.0,0.0,3,28.5,54.4,322,Overcast,0,0,
22232,2021-05-23 19:50:00,40.865364,-73.92439,0,0,Passing or Lane Usage Improper,4420188,31.4,19.8,0.0,0.0,0.0,0.0,3,28.5,54.4,322,Overcast,0,0,
22233,2021-05-23 10:45:00,40.658504,-73.914696,0,0,Driver Inattention/Distraction,4419400,31.4,19.8,0.0,0.0,0.0,0.0,3,28.5,54.4,322,Overcast,0,0,
22234,2021-05-23 19:05:00,40.56763,-74.11263,1,0,Failure to Yield Right-of-Way,4419991,31.4,19.8,0.0,0.0,0.0,0.0,3,28.5,54.4,322,Overcast,1,1,
22235,2021-05-23 14:30:00,40.665733,-73.755585,0,0,Unspecified,4419803,31.4,19.8,0.0,0.0,0.0,0.0,3,28.5,54.4,322,Overcast,0,0,
22236,2021-05-23 23:43:00,40.67066,-73.957985,0,0,Driver Inattention/Distraction,4419841,31.4,19.8,0.0,0.0,0.0,0.0,3,28.5,54.4,322,Overcast,0,0,
22237,2021-05-19 19:38:00,40.86682,-73.83923,1,0,Other Vehicular,4420326,28.2,13.6,0.0,0.0,0.0,0.0,3,19.6,40.3,337,Overcast,1,1,
22238,2021-05-23 23:00:00,40.70537,-73.775826,1,0,Failure to Yield Right-of-Way,4419969,31.4,19.8,0.0,0.0,0.0,0.0,3,28.5,54.4,322,Overcast,1,1,
22239,2021-05-15 21:20:00,40.77039,-73.91771,0,0,Driver Inattention/Distraction,4420173,22.4,8.7,0.0,0.0,0.0,0.0,3,12.5,23.8,229,Overcast,0,0,
22240,2021-05-23 00:10:00,40.752975,-73.91024,1,0,Driver Inattention/Distraction,4419666,31.4,19.8,0.0,0.0,0.0,0.0,3,28.5,54.4,322,Overcast,1,1,
22241,2021-05-19 17:25:00,40.758972,-73.91901,1,0,Turning Improperly,4420150,28.2,13.6,0.0,0.0,0.0,0.0,3,19.6,40.3,337,Overcast,1,1,
22242,2021-05-23 15:00:00,40.644657,-73.95664,0,0,Unspecified,4419700,31.4,19.8,0.0,0.0,0.0,0.0,3,28.5,54.4,322,Overcast,0,0,
22243,2021-05-19 20:35:00,40.823124,-73.89101,0,0,Driver Inattention/Distraction,4420456,28.2,13.6,0.0,0.0,0.0,0.0,3,19.6,40.3,337,Overcast,0,0,
22244,2021-05-23 20:00:00,40.69068,-73.85306,0,0,Unspecified,4419613,31.4,19.8,0.0,0.0,0.0,0.0,3,28.5,54.4,322,Overcast,0,0,
22245,2021-05-20 17:25:00,40.770245,-73.959694,0,0,Driver Inattention/Distraction,4420471,22.2,12.5,0.0,0.0,0.0,0.0,3,19.0,38.2,147,Overcast,0,0,
22246,2021-05-23 22:00:00,40.844437,-73.83283,0,0,Alcohol Involvement,4419749,31.4,19.8,0.0,0.0,0.0,0.0,3,28.5,54.4,322,Overcast,0,0,
22247,2021-05-23 19:10:00,40.6634,-73.97785,1,0,Failure to Yield Right-of-Way,4420242,31.4,19.8,0.0,0.0,0.0,0.0,3,28.5,54.4,322,Overcast,1,1,
22248,2021-05-23 14:32:00,40.789116,-73.82259,0,0,Unsafe Speed,4419525,31.4,19.8,0.0,0.0,0.0,0.0,3,28.5,54.4,322,Overcast,0,0,
22249,2021-05-23 04:43:00,40.64113,-74.008286,0,0,Driver Inattention/Distraction,4420003,31.4,19.8,0.0,0.0,0.0,0.0,3,28.5,54.4,322,Overcast,0,0,
22250,2021-05-11 13:50:00,40.71392,-73.92241,1,0,Reaction to Uninvolved Vehicle,4420264,16.7,8.2,0.0,0.0,0.0,0.0,3,27.0,51.1,292,Overcast,1,1,
22251,2021-05-23 08:18:00,40.750725,-73.87502,0,0,Driver Inattention/Distraction,4419724,31.4,19.8,0.0,0.0,0.0,0.0,3,28.5,54.4,322,Overcast,0,0,
22252,2021-05-23 10:25:00,40.600105,-73.96568,0,0,Unspecified,4419634,31.4,19.8,0.0,0.0,0.0,0.0,3,28.5,54.4,322,Overcast,0,0,
22253,2021-05-23 20:04:00,40.684326,-74.00551,1,0,Following Too Closely,4419693,31.4,19.8,0.0,0.0,0.0,0.0,3,28.5,54.4,322,Overcast,1,1,
22254,2021-05-22 04:00:00,40.592083,-73.78571,0,0,Failure to Yield Right-of-Way,4420155,30.5,16.5,0.0,0.0,0.0,0.0,3,19.1,36.4,299,Overcast,0,0,
22255,2021-05-19 12:00:00,40.75172,-73.936134,0,0,Driver Inattention/Distraction,4420194,28.2,13.6,0.0,0.0,0.0,0.0,3,19.6,40.3,337,Overcast,0,0,
22256,2021-05-22 22:50:00,40.715588,-74.00917,4,0,Unspecified,4420301,30.5,16.5,0.0,0.0,0.0,0.0,3,19.1,36.4,299,Overcast,4,4,
22257,2021-05-23 05:50:00,40.706215,-73.75648,1,0,Unsafe Speed,4419958,31.4,19.8,0.0,0.0,0.0,0.0,3,28.5,54.4,322,Overcast,1,1,
22258,2021-05-23 13:55:00,40.698822,-73.80477,0,0,Driver Inattention/Distraction,4420291,31.4,19.8,0.0,0.0,0.0,0.0,3,28.5,54.4,322,Overcast,0,0,
22259,2021-05-17 17:20:00,40.703632,-73.85587,4,0,Driver Inattention/Distraction,4420261,22.9,9.7,0.0,0.0,0.0,0.0,3,17.7,36.0,224,Overcast,4,4,
22260,2021-05-23 08:00:00,40.714417,-73.96107,0,0,Driver Inattention/Distraction,4420122,31.4,19.8,0.0,0.0,0.0,0.0,3,28.5,54.4,322,Overcast,0,0,
22261,2021-05-23 04:00:00,40.87538,-73.883446,0,0,Unspecified,4419134,31.4,19.8,0.0,0.0,0.0,0.0,3,28.5,54.4,322,Overcast,0,0,
22262,2021-05-13 13:00:00,40.763905,-73.926025,0,0,Unspecified,4420164,19.1,7.2,0.0,0.0,0.0,0.0,1,15.8,27.4,315,Mainly clear,0,0,Sunny/Clear Conditions
22263,2021-05-23 15:50:00,40.631405,-73.97379,1,0,Unspecified,4419694,31.4,19.8,0.0,0.0,0.0,0.0,3,28.5,54.4,322,Overcast,1,1,
22264,2021-05-23 00:50:00,40.70081,-73.84016,0,0,Passing Too Closely,4419615,31.4,19.8,0.0,0.0,0.0,0.0,3,28.5,54.4,322,Overcast,0,0,
22265,2021-05-23 21:10:00,40.659668,-73.99518,1,0,Other Vehicular,4420002,31.4,19.8,0.0,0.0,0.0,0.0,3,28.5,54.4,322,Overcast,1,1,
22266,2021-05-23 11:20:00,40.668804,-73.82723,1,0,Backing Unsafely,4419657,31.4,19.8,0.0,0.0,0.0,0.0,3,28.5,54.4,322,Overcast,1,1,
22267,2021-05-20 11:21:00,40.69365,-73.98333,0,0,Passing Too Closely,4420378,22.2,12.5,0.0,0.0,0.0,0.0,3,19.0,38.2,147,Overcast,0,0,
22268,2021-05-11 13:30:00,40.69897,-73.7844,0,0,Driver Inattention/Distraction,4420284,16.7,8.2,0.0,0.0,0.0,0.0,3,27.0,51.1,292,Overcast,0,0,
22269,2021-05-18 18:00:00,40.75475,-73.93678,0,0,Driver Inattention/Distraction,4420187,26.1,11.2,0.0,0.0,0.0,0.0,3,15.5,29.2,262,Overcast,0,0,
22270,2021-05-22 00:01:00,40.81328,-73.89749,1,0,Aggressive Driving/Road Rage,4420461,30.5,16.5,0.0,0.0,0.0,0.0,3,19.1,36.4,299,Overcast,1,1,
22271,2021-05-23 13:40:00,40.726376,-73.76624,0,0,Driver Inattention/Distraction,4419391,31.4,19.8,0.0,0.0,0.0,0.0,3,28.5,54.4,322,Overcast,0,0,
22272,2021-05-23 02:25:00,40.652637,-73.97269,1,0,Passing or Lane Usage Improper,4419448,31.4,19.8,0.0,0.0,0.0,0.0,3,28.5,54.4,322,Overcast,1,1,
22273,2021-05-23 19:17:00,40.688995,-73.78581,1,0,Turning Improperly,4419777,31.4,19.8,0.0,0.0,0.0,0.0,3,28.5,54.4,322,Overcast,1,1,
22274,2021-05-18 19:19:00,40.83072,-73.91354,0,0,Passing Too Closely,4420277,26.1,11.2,0.0,0.0,0.0,0.0,3,15.5,29.2,262,Overcast,0,0,
22275,2021-05-23 21:09:00,40.789055,-73.94861,0,0,Following Too Closely,4419557,31.4,19.8,0.0,0.0,0.0,0.0,3,28.5,54.4,322,Overcast,0,0,
22276,2021-05-23 15:40:00,40.729908,-73.7876,1,0,Driver Inexperience,4419879,31.4,19.8,0.0,0.0,0.0,0.0,3,28.5,54.4,322,Overcast,1,1,
22277,2021-05-23 09:40:00,40.635902,-73.97813,0,0,Passing or Lane Usage Improper,4420227,31.4,19.8,0.0,0.0,0.0,0.0,3,28.5,54.4,322,Overcast,0,0,
22278,2021-05-23 07:45:00,40.77061,-73.8919,0,0,Failure to Yield Right-of-Way,4419302,31.4,19.8,0.0,0.0,0.0,0.0,3,28.5,54.4,322,Overcast,0,0,
22279,2021-05-23 17:20:00,40.884075,-73.85394,0,0,Driver Inattention/Distraction,4419730,31.4,19.8,0.0,0.0,0.0,0.0,3,28.5,54.4,322,Overcast,0,0,
22280,2021-05-23 10:15:00,40.67151,-73.76455,0,0,Passing or Lane Usage Improper,4419433,31.4,19.8,0.0,0.0,0.0,0.0,3,28.5,54.4,322,Overcast,0,0,
22281,2021-05-23 13:41:00,40.877365,-73.88533,0,0,Unspecified,4419640,31.4,19.8,0.0,0.0,0.0,0.0,3,28.5,54.4,322,Overcast,0,0,
22282,2021-05-23 17:25:00,40.603848,-74.00264,0,0,Driver Inattention/Distraction,4420073,31.4,19.8,0.0,0.0,0.0,0.0,3,28.5,54.4,322,Overcast,0,0,
22283,2021-05-15 21:45:00,40.59831,-73.74827,0,0,Driver Inattention/Distraction,4420172,22.4,8.7,0.0,0.0,0.0,0.0,3,12.5,23.8,229,Overcast,0,0,
22284,2021-12-25 17:43:00,40.753,-73.969894,1,0,Traffic Control Disregarded,4490071,8.8,0.5,6.1,6.1,0.0,14.0,55,14.5,24.8,284,Drizzle: Dense,1,1,
22285,2021-05-23 20:15:00,40.623856,-73.92257,2,0,Failure to Yield Right-of-Way,4419893,31.4,19.8,0.0,0.0,0.0,0.0,3,28.5,54.4,322,Overcast,2,2,
22286,2021-05-23 13:00:00,40.579197,-73.98195,0,0,Failure to Yield Right-of-Way,4419547,31.4,19.8,0.0,0.0,0.0,0.0,3,28.5,54.4,322,Overcast,0,0,
22287,2021-05-23 02:05:00,40.71748,-73.938965,0,0,Alcohol Involvement,4419652,31.4,19.8,0.0,0.0,0.0,0.0,3,28.5,54.4,322,Overcast,0,0,
22288,2021-05-22 00:30:00,40.6982,-73.99571,0,0,Passing Too Closely,4420352,30.5,16.5,0.0,0.0,0.0,0.0,3,19.1,36.4,299,Overcast,0,0,
22289,2021-05-22 01:51:00,40.809715,-73.935684,0,0,Turning Improperly,4420332,30.5,16.5,0.0,0.0,0.0,0.0,3,19.1,36.4,299,Overcast,0,0,
22290,2021-05-22 19:30:00,40.673275,-73.98431,1,0,Driver Inattention/Distraction,4420249,30.5,16.5,0.0,0.0,0.0,0.0,3,19.1,36.4,299,Overcast,1,1,
22291,2021-05-17 00:00:00,40.803566,-73.96715,0,0,Pedestrian/Bicyclist/Other Pedestrian Error/Confusion,4420322,22.9,9.7,0.0,0.0,0.0,0.0,3,17.7,36.0,224,Overcast,0,0,
22292,2021-05-23 22:00:00,40.806366,-73.924324,0,0,Unspecified,4419872,31.4,19.8,0.0,0.0,0.0,0.0,3,28.5,54.4,322,Overcast,0,0,
22293,2021-05-23 14:55:00,40.675255,-73.73207,2,0,Unspecified,4419499,31.4,19.8,0.0,0.0,0.0,0.0,3,28.5,54.4,322,Overcast,2,2,
22294,2021-05-21 23:17:00,40.77882,-73.953995,0,0,Driver Inattention/Distraction,4420481,23.9,11.3,0.0,0.0,0.0,0.0,3,19.2,38.5,174,Overcast,0,0,
22295,2021-05-23 00:36:00,40.80256,-73.943,0,0,Driver Inexperience,4419813,31.4,19.8,0.0,0.0,0.0,0.0,3,28.5,54.4,322,Overcast,0,0,
22296,2021-05-23 20:30:00,40.89628,-73.84975,0,0,Driverless/Runaway Vehicle,4419739,31.4,19.8,0.0,0.0,0.0,0.0,3,28.5,54.4,322,Overcast,0,0,
22297,2021-05-23 13:17:00,40.823566,-73.93768,1,0,Listening/Using Headphones,4419673,31.4,19.8,0.0,0.0,0.0,0.0,3,28.5,54.4,322,Overcast,1,1,
22298,2021-05-16 21:00:00,40.767994,-73.913864,0,0,Driver Inattention/Distraction,4420179,22.3,10.7,0.1,0.1,0.0,1.0,51,23.8,46.1,261,Drizzle: Light,0,0,
22299,2021-05-23 16:07:00,40.62147,-73.95072,0,0,Driver Inattention/Distraction,4419703,31.4,19.8,0.0,0.0,0.0,0.0,3,28.5,54.4,322,Overcast,0,0,
22300,2021-05-23 02:50:00,40.695114,-73.93194,0,0,Alcohol Involvement,4420043,31.4,19.8,0.0,0.0,0.0,0.0,3,28.5,54.4,322,Overcast,0,0,
22301,2021-05-23 01:30:00,40.685696,-73.87161,0,0,Turning Improperly,4419598,31.4,19.8,0.0,0.0,0.0,0.0,3,28.5,54.4,322,Overcast,0,0,
22302,2021-05-23 15:50:00,40.67819,-73.80144,0,0,Driverless/Runaway Vehicle,4419880,31.4,19.8,0.0,0.0,0.0,0.0,3,28.5,54.4,322,Overcast,0,0,
22303,2021-05-23 16:00:00,40.82399,-73.85876,2,0,Unsafe Speed,4419971,31.4,19.8,0.0,0.0,0.0,0.0,3,28.5,54.4,322,Overcast,2,2,
22304,2021-05-23 02:36:00,40.71682,-73.94924,2,0,Unspecified,4419646,31.4,19.8,0.0,0.0,0.0,0.0,3,28.5,54.4,322,Overcast,2,2,
22305,2021-05-23 16:55:00,40.835873,-73.8699,2,0,Unspecified,4419829,31.4,19.8,0.0,0.0,0.0,0.0,3,28.5,54.4,322,Overcast,2,2,
22306,2021-05-23 08:09:00,40.771324,-73.79401,1,0,Following Too Closely,4419225,31.4,19.8,0.0,0.0,0.0,0.0,3,28.5,54.4,322,Overcast,1,1,
22307,2021-05-23 22:20:00,40.87809,-73.86045,0,0,Unsafe Speed,4419716,31.4,19.8,0.0,0.0,0.0,0.0,3,28.5,54.4,322,Overcast,0,0,
22308,2021-05-23 17:43:00,40.628265,-74.032036,0,0,Unspecified,4419465,31.4,19.8,0.0,0.0,0.0,0.0,3,28.5,54.4,322,Overcast,0,0,
22309,2021-05-23 16:47:00,40.63408,-73.88926,0,0,Unspecified,4419566,31.4,19.8,0.0,0.0,0.0,0.0,3,28.5,54.4,322,Overcast,0,0,
22310,2021-12-25 04:00:00,40.824917,-73.9139,0,0,Unspecified,4489821,8.8,0.5,6.1,6.1,0.0,14.0,55,14.5,24.8,284,Drizzle: Dense,0,0,
22311,2021-05-23 20:10:00,40.86674,-73.92873,0,0,Unspecified,4420149,31.4,19.8,0.0,0.0,0.0,0.0,3,28.5,54.4,322,Overcast,0,0,
22312,2021-05-23 00:54:00,40.851467,-73.89557,3,0,Driver Inattention/Distraction,4419665,31.4,19.8,0.0,0.0,0.0,0.0,3,28.5,54.4,322,Overcast,3,3,
22313,2021-05-05 22:00:00,40.76497,-73.91727,0,0,Unspecified,4420160,15.1,10.8,9.9,9.9,0.0,17.0,61,21.5,42.5,23,Rain: Light,0,0,
22314,2021-05-23 03:18:00,40.74668,-73.90072,0,0,Backing Unsafely,4419093,31.4,19.8,0.0,0.0,0.0,0.0,3,28.5,54.4,322,Overcast,0,0,
22315,2021-05-19 18:56:00,40.776833,-73.911705,1,0,Driver Inattention/Distraction,4420195,28.2,13.6,0.0,0.0,0.0,0.0,3,19.6,40.3,337,Overcast,1,1,
22316,2021-05-23 17:40:00,40.704422,-73.792854,1,0,Driver Inattention/Distraction,4419957,31.4,19.8,0.0,0.0,0.0,0.0,3,28.5,54.4,322,Overcast,1,1,
22317,2021-05-16 00:05:00,40.731335,-73.89719,0,0,Unspecified,4420299,22.3,10.7,0.1,0.1,0.0,1.0,51,23.8,46.1,261,Drizzle: Light,0,0,
22318,2021-05-22 13:05:00,40.60891,-73.990204,1,0,Failure to Yield Right-of-Way,4420278,30.5,16.5,0.0,0.0,0.0,0.0,3,19.1,36.4,299,Overcast,1,1,
22319,2021-05-23 04:45:00,40.74675,-73.89233,0,0,Unspecified,4419807,31.4,19.8,0.0,0.0,0.0,0.0,3,28.5,54.4,322,Overcast,0,0,
22320,2021-05-23 14:26:00,40.721703,-73.95065,0,0,Passing Too Closely,4419426,31.4,19.8,0.0,0.0,0.0,0.0,3,28.5,54.4,322,Overcast,0,0,
22321,2021-05-23 00:18:00,40.6707,-73.77366,2,0,Driver Inattention/Distraction,4419439,31.4,19.8,0.0,0.0,0.0,0.0,3,28.5,54.4,322,Overcast,2,2,
22322,2021-05-23 09:00:00,40.58902,-74.13867,1,0,Driver Inattention/Distraction,4419751,31.4,19.8,0.0,0.0,0.0,0.0,3,28.5,54.4,322,Overcast,1,1,
22323,2021-05-22 18:00:00,40.857166,-73.92824,0,0,Unspecified,4420192,30.5,16.5,0.0,0.0,0.0,0.0,3,19.1,36.4,299,Overcast,0,0,
22324,2021-05-23 04:40:00,40.695747,-73.899315,0,0,Passing or Lane Usage Improper,4419483,31.4,19.8,0.0,0.0,0.0,0.0,3,28.5,54.4,322,Overcast,0,0,
22325,2021-12-25 04:30:00,40.6082,-73.920715,0,0,Unspecified,4489516,8.8,0.5,6.1,6.1,0.0,14.0,55,14.5,24.8,284,Drizzle: Dense,0,0,
22326,2021-05-23 03:00:00,40.54387,-74.14445,1,0,Failure to Yield Right-of-Way,4419843,31.4,19.8,0.0,0.0,0.0,0.0,3,28.5,54.4,322,Overcast,1,1,
22327,2021-05-23 23:38:00,40.694107,-73.89737,3,0,Aggressive Driving/Road Rage,4420270,31.4,19.8,0.0,0.0,0.0,0.0,3,28.5,54.4,322,Overcast,3,3,
22328,2021-05-23 08:00:00,40.660233,-73.73941,1,0,Unspecified,4419252,31.4,19.8,0.0,0.0,0.0,0.0,3,28.5,54.4,322,Overcast,1,1,
22329,2021-05-23 23:15:00,40.87831,-73.870155,1,0,Unspecified,4419752,31.4,19.8,0.0,0.0,0.0,0.0,3,28.5,54.4,322,Overcast,1,1,
22330,2021-05-23 19:24:00,40.66049,-73.962814,0,0,Driver Inattention/Distraction,4419838,31.4,19.8,0.0,0.0,0.0,0.0,3,28.5,54.4,322,Overcast,0,0,
22331,2021-05-23 15:35:00,40.71368,-73.78746,1,0,Failure to Yield Right-of-Way,4419878,31.4,19.8,0.0,0.0,0.0,0.0,3,28.5,54.4,322,Overcast,1,1,
22332,2021-05-23 00:35:00,40.799976,-73.958626,1,0,Unsafe Lane Changing,4419308,31.4,19.8,0.0,0.0,0.0,0.0,3,28.5,54.4,322,Overcast,1,1,
22333,2021-05-23 19:40:00,40.710667,-73.93361,2,0,Passing Too Closely,4419787,31.4,19.8,0.0,0.0,0.0,0.0,3,28.5,54.4,322,Overcast,2,2,
22334,2021-05-23 17:25:00,40.65431,-74.004425,0,0,Following Too Closely,4419478,31.4,19.8,0.0,0.0,0.0,0.0,3,28.5,54.4,322,Overcast,0,0,
22335,2021-05-22 23:55:00,40.681503,-73.974236,0,0,Failure to Yield Right-of-Way,4420250,30.5,16.5,0.0,0.0,0.0,0.0,3,19.1,36.4,299,Overcast,0,0,
22336,2021-12-25 04:30:00,40.637505,-73.9142,0,0,Unspecified,4489539,8.8,0.5,6.1,6.1,0.0,14.0,55,14.5,24.8,284,Drizzle: Dense,0,0,
22337,2021-05-23 01:40:00,40.76147,-73.818085,0,0,Failure to Yield Right-of-Way,4419518,31.4,19.8,0.0,0.0,0.0,0.0,3,28.5,54.4,322,Overcast,0,0,
22338,2021-05-23 21:00:00,40.71036,-73.72999,0,0,Other Vehicular,4419695,31.4,19.8,0.0,0.0,0.0,0.0,3,28.5,54.4,322,Overcast,0,0,
22339,2021-05-21 11:30:00,40.665146,-73.98494,0,0,Failure to Yield Right-of-Way,4420243,23.9,11.3,0.0,0.0,0.0,0.0,3,19.2,38.5,174,Overcast,0,0,
22340,2021-05-23 14:30:00,40.704216,-73.8073,1,0,Other Vehicular,4419956,31.4,19.8,0.0,0.0,0.0,0.0,3,28.5,54.4,322,Overcast,1,1,
22341,2021-05-17 21:30:00,40.759365,-73.914276,0,0,Driver Inattention/Distraction,4420184,22.9,9.7,0.0,0.0,0.0,0.0,3,17.7,36.0,224,Overcast,0,0,
22342,2021-05-23 09:18:00,40.610157,-74.01203,0,0,Driver Inattention/Distraction,4419388,31.4,19.8,0.0,0.0,0.0,0.0,3,28.5,54.4,322,Overcast,0,0,
22343,2021-05-23 16:05:00,40.766308,-73.8197,1,0,Backing Unsafely,4419558,31.4,19.8,0.0,0.0,0.0,0.0,3,28.5,54.4,322,Overcast,1,1,
22344,2021-12-11 14:38:00,40.82701,-73.86142,0,0,Unspecified,4489978,17.3,5.0,8.1,8.1,0.0,5.0,63,35.0,67.0,206,Rain: Moderate,0,0,
22345,2021-05-23 20:30:00,40.713303,-73.73586,0,0,Passing or Lane Usage Improper,4419500,31.4,19.8,0.0,0.0,0.0,0.0,3,28.5,54.4,322,Overcast,0,0,
22346,2021-05-21 16:20:00,40.72398,-74.00243,0,0,Unspecified,4420303,23.9,11.3,0.0,0.0,0.0,0.0,3,19.2,38.5,174,Overcast,0,0,
22347,2021-05-23 13:00:00,40.783215,-73.8448,0,0,Unspecified,4419488,31.4,19.8,0.0,0.0,0.0,0.0,3,28.5,54.4,322,Overcast,0,0,
22348,2021-05-22 14:53:00,40.618523,-73.99081,1,0,Driver Inattention/Distraction,4420148,30.5,16.5,0.0,0.0,0.0,0.0,3,19.1,36.4,299,Overcast,1,1,
22349,2021-05-23 12:20:00,40.67619,-73.9081,0,0,Turning Improperly,4419844,31.4,19.8,0.0,0.0,0.0,0.0,3,28.5,54.4,322,Overcast,0,0,
22350,2021-05-22 06:17:00,40.813175,-73.89845,0,0,Traffic Control Disregarded,4420462,30.5,16.5,0.0,0.0,0.0,0.0,3,19.1,36.4,299,Overcast,0,0,
22351,2021-05-23 17:05:00,40.713913,-73.83009,2,0,Other Vehicular,4419618,31.4,19.8,0.0,0.0,0.0,0.0,3,28.5,54.4,322,Overcast,2,2,
22352,2021-05-23 07:00:00,40.678032,-73.82302,0,0,Passing Too Closely,4419775,31.4,19.8,0.0,0.0,0.0,0.0,3,28.5,54.4,322,Overcast,0,0,
22353,2021-05-23 12:40:00,40.816044,-73.91195,0,0,Unspecified,4419868,31.4,19.8,0.0,0.0,0.0,0.0,3,28.5,54.4,322,Overcast,0,0,
22354,2021-05-23 06:10:00,40.827595,-73.85004,0,0,Driver Inattention/Distraction,4419828,31.4,19.8,0.0,0.0,0.0,0.0,3,28.5,54.4,322,Overcast,0,0,
22355,2021-05-23 23:42:00,40.827198,-73.93668,0,0,Turning Improperly,4419682,31.4,19.8,0.0,0.0,0.0,0.0,3,28.5,54.4,322,Overcast,0,0,
22356,2021-05-23 22:00:00,40.75369,-73.74445,0,0,Following Too Closely,4419998,31.4,19.8,0.0,0.0,0.0,0.0,3,28.5,54.4,322,Overcast,0,0,
22357,2021-05-13 17:30:00,40.64558,-73.98574,0,0,Turning Improperly,4420224,19.1,7.2,0.0,0.0,0.0,0.0,1,15.8,27.4,315,Mainly clear,0,0,Sunny/Clear Conditions
22358,2021-05-23 18:40:00,40.75927,-73.980896,0,0,Traffic Control Disregarded,4420093,31.4,19.8,0.0,0.0,0.0,0.0,3,28.5,54.4,322,Overcast,0,0,
22359,2021-05-23 04:27:00,40.669518,-73.89424,0,0,Driver Inattention/Distraction,4419597,31.4,19.8,0.0,0.0,0.0,0.0,3,28.5,54.4,322,Overcast,0,0,
22360,2021-05-23 03:45:00,40.740017,-73.84565,0,0,Unsafe Speed,4419161,31.4,19.8,0.0,0.0,0.0,0.0,3,28.5,54.4,322,Overcast,0,0,
22361,2021-05-21 21:00:00,40.595127,-73.75921,0,0,Other Vehicular,4420161,23.9,11.3,0.0,0.0,0.0,0.0,3,19.2,38.5,174,Overcast,0,0,
22362,2021-05-23 20:00:00,40.547215,-74.19735,0,0,Driver Inattention/Distraction,4420323,31.4,19.8,0.0,0.0,0.0,0.0,3,28.5,54.4,322,Overcast,0,0,