,CRASH DATETIME,LATITUDE,LONGITUDE,NUMBER OF PERSONS INJURED,NUMBER OF PERSONS KILLED,CONTRIBUTING FACTOR VEHICLE 1,COLLISION_ID,temperature_2m_max,temperature_2m_min,precipitation_sum,rain_sum,snowfall_sum,precipitation_hours,weather_code,wind_speed_10m_max,wind_gusts_10m_max,wind_direction_10m_dominant,Weather Description,Severity_Score,Total_Affected_Persons,Weather_Category
22363,2021-05-23 13:43:00,40.7159,-73.94508,0,0,Driver Inattention/Distraction,4419653,31.4,19.8,0.0,0.0,0.0,0.0,3,28.5,54.4,322,Overcast,0,0,
22364,2021-05-22 12:45:00,40.702164,-73.8043,1,0,Failure to Yield Right-of-Way,4420285,30.5,16.5,0.0,0.0,0.0,0.0,3,19.1,36.4,299,Overcast,1,1,
22365,2021-05-23 09:45:00,40.633488,-73.97459,0,0,Unspecified,4420213,31.4,19.8,0.0,0.0,0.0,0.0,3,28.5,54.4,322,Overcast,0,0,
22366,2021-05-23 02:04:00,40.69114,-73.80488,1,0,Driver Inattention/Distraction,4419965,31.4,19.8,0.0,0.0,0.0,0.0,3,28.5,54.4,322,Overcast,1,1,
22367,2021-05-22 18:20:00,40.647068,-73.993935,0,0,Unspecified,4420440,30.5,16.5,0.0,0.0,0.0,0.0,3,19.1,36.4,299,Overcast,0,0,
22368,2021-05-23 18:48:00,40.652424,-73.83821,0,0,Driver Inattention/Distraction,4419661,31.4,19.8,0.0,0.0,0.0,0.0,3,28.5,54.4,322,Overcast,0,0,
22369,2021-05-23 18:15:00,40.799473,-73.94157,0,0,Unspecified,4420331,31.4,19.8,0.0,0.0,0.0,0.0,3,28.5,54.4,322,Overcast,0,0,
22370,2021-05-23 11:10:00,40.66929,-73.842445,1,0,Following Too Closely,4419737,31.4,19.8,0.0,0.0,0.0,0.0,3,28.5,54.4,322,Overcast,1,1,
22371,2021-05-23 17:00:00,40.697327,-73.82961,1,0,Unspecified,4419973,31.4,19.8,0.0,0.0,0.0,0.0,3,28.5,54.4,322,Overcast,1,1,
22372,2021-05-23 11:00:00,40.71686,-73.94255,0,0,Driver Inattention/Distraction,4419639,31.4,19.8,0.0,0.0,0.0,0.0,3,28.5,54.4,322,Overcast,0,0,
22373,2021-05-23 16:00:00,40.57699,-73.98153,0,0,Driver Inattention/Distraction,4419549,31.4,19.8,0.0,0.0,0.0,0.0,3,28.5,54.4,322,Overcast,0,0,
22374,2021-05-22 13:32:00,40.761265,-73.9094,0,0,Unspecified,4420152,30.5,16.5,0.0,0.0,0.0,0.0,3,19.1,36.4,299,Overcast,0,0,
22375,2021-12-25 18:15:00,40.588722,-73.960464,1,0,,4489687,8.8,0.5,6.1,6.1,0.0,14.0,55,14.5,24.8,284,Drizzle: Dense,1,1,
22376,2021-05-23 19:00:00,40.836338,-73.88727,0,0,Unspecified,4419766,31.4,19.8,0.0,0.0,0.0,0.0,3,28.5,54.4,322,Overcast,0,0,
22377,2021-05-23 20:00:00,40.728226,-73.80131,0,0,Driver Inattention/Distraction,4419901,31.4,19.8,0.0,0.0,0.0,0.0,3,28.5,54.4,322,Overcast,0,0,
22378,2021-05-23 17:09:00,40.814102,-73.940865,1,0,Driver Inattention/Distraction,4419670,31.4,19.8,0.0,0.0,0.0,0.0,3,28.5,54.4,322,Overcast,1,1,
22379,2021-05-22 02:40:00,40.62036,-74.08166,0,0,Alcohol Involvement,4420353,30.5,16.5,0.0,0.0,0.0,0.0,3,19.1,36.4,299,Overcast,0,0,
22380,2021-05-23 23:45:00,40.851757,-73.88473,1,0,Driver Inattention/Distraction,4419720,31.4,19.8,0.0,0.0,0.0,0.0,3,28.5,54.4,322,Overcast,1,1,
22381,2021-05-23 12:38:00,40.86451,-73.83494,0,0,Other Vehicular,4420238,31.4,19.8,0.0,0.0,0.0,0.0,3,28.5,54.4,322,Overcast,0,0,
22382,2021-05-23 13:55:00,40.73088,-73.871635,1,0,Following Too Closely,4420027,31.4,19.8,0.0,0.0,0.0,0.0,3,28.5,54.4,322,Overcast,1,1,
22383,2021-05-23 10:21:00,40.68955,-73.79897,0,0,Driver Inattention/Distraction,4420290,31.4,19.8,0.0,0.0,0.0,0.0,3,28.5,54.4,322,Overcast,0,0,
22384,2021-05-23 20:50:00,40.753025,-73.870544,0,0,Driver Inattention/Distraction,4419728,31.4,19.8,0.0,0.0,0.0,0.0,3,28.5,54.4,322,Overcast,0,0,
22385,2021-05-02 11:34:00,40.830914,-73.92047,1,0,View Obstructed/Limited,4420279,26.3,11.3,0.0,0.0,0.0,0.0,3,23.0,43.9,251,Overcast,1,1,
22386,2021-05-23 22:00:00,40.713932,-73.99157,0,0,Unspecified,4420045,31.4,19.8,0.0,0.0,0.0,0.0,3,28.5,54.4,322,Overcast,0,0,
22387,2021-05-23 01:50:00,40.78076,-73.825424,1,0,Failure to Yield Right-of-Way,4419106,31.4,19.8,0.0,0.0,0.0,0.0,3,28.5,54.4,322,Overcast,1,1,
22388,2021-05-21 11:40:00,40.76818,-73.92417,1,0,Unspecified,4420198,23.9,11.3,0.0,0.0,0.0,0.0,3,19.2,38.5,174,Overcast,1,1,
22389,2021-05-23 15:45:00,40.67974,-73.89213,2,0,Unspecified,4419602,31.4,19.8,0.0,0.0,0.0,0.0,3,28.5,54.4,322,Overcast,2,2,
22390,2021-05-23 20:00:00,40.738674,-73.84897,0,0,Driver Inattention/Distraction,4419808,31.4,19.8,0.0,0.0,0.0,0.0,3,28.5,54.4,322,Overcast,0,0,
22391,2021-05-23 12:20:00,40.639812,-73.90662,0,0,Passing Too Closely,4419440,31.4,19.8,0.0,0.0,0.0,0.0,3,28.5,54.4,322,Overcast,0,0,
22392,2021-05-23 15:40:00,40.59521,-73.99239,1,0,Driver Inattention/Distraction,4419789,31.4,19.8,0.0,0.0,0.0,0.0,3,28.5,54.4,322,Overcast,1,1,
22393,2021-05-22 23:30:00,40.601955,-73.745415,0,0,Traffic Control Disregarded,4420178,30.5,16.5,0.0,0.0,0.0,0.0,3,19.1,36.4,299,Overcast,0,0,
22394,2021-05-23 22:55:00,40.75547,-73.9856,0,0,Unsafe Lane Changing,4419681,31.4,19.8,0.0,0.0,0.0,0.0,3,28.5,54.4,322,Overcast,0,0,
22395,2021-05-20 21:30:00,40.811398,-73.90777,0,0,Alcohol Involvement,4420427,22.2,12.5,0.0,0.0,0.0,0.0,3,19.0,38.2,147,Overcast,0,0,
22396,2021-05-23 21:30:00,40.836994,-73.847,0,0,Brakes Defective,4419702,31.4,19.8,0.0,0.0,0.0,0.0,3,28.5,54.4,322,Overcast,0,0,
22397,2021-05-23 10:00:00,40.788906,-73.93765,0,0,Passing or Lane Usage Improper,4420480,31.4,19.8,0.0,0.0,0.0,0.0,3,28.5,54.4,322,Overcast,0,0,
22398,2021-05-23 05:45:00,40.66496,-73.82226,0,0,Following Too Closely,4419745,31.4,19.8,0.0,0.0,0.0,0.0,3,28.5,54.4,322,Overcast,0,0,
22399,2021-05-23 13:52:00,40.70051,-73.898315,0,0,Driver Inexperience,4419487,31.4,19.8,0.0,0.0,0.0,0.0,3,28.5,54.4,322,Overcast,0,0,
22400,2021-05-23 15:08:00,40.647377,-73.92993,0,0,Driver Inattention/Distraction,4420266,31.4,19.8,0.0,0.0,0.0,0.0,3,28.5,54.4,322,Overcast,0,0,
22401,2021-05-23 05:10:00,40.519623,-74.220146,0,0,Unspecified,4419257,31.4,19.8,0.0,0.0,0.0,0.0,3,28.5,54.4,322,Overcast,0,0,
22402,2021-05-22 12:55:00,40.67146,-73.99103,1,0,Driver Inattention/Distraction,4420245,30.5,16.5,0.0,0.0,0.0,0.0,3,19.1,36.4,299,Overcast,1,1,
22403,2021-05-23 03:39:00,40.600964,-73.94685,0,0,Passenger Distraction,4419644,31.4,19.8,0.0,0.0,0.0,0.0,3,28.5,54.4,322,Overcast,0,0,
22404,2021-05-21 16:58:00,40.725796,-73.99762,0,0,Following Too Closely,4420341,23.9,11.3,0.0,0.0,0.0,0.0,3,19.2,38.5,174,Overcast,0,0,
22405,2021-05-19 09:00:00,40.75114,-73.9345,1,0,Unspecified,4420191,28.2,13.6,0.0,0.0,0.0,0.0,3,19.6,40.3,337,Overcast,1,1,
22406,2021-05-23 13:45:00,40.71493,-74.01155,0,0,Backing Unsafely,4420298,31.4,19.8,0.0,0.0,0.0,0.0,3,28.5,54.4,322,Overcast,0,0,
22407,2021-05-23 01:50:00,40.654984,-74.00711,1,0,Following Too Closely,4419492,31.4,19.8,0.0,0.0,0.0,0.0,3,28.5,54.4,322,Overcast,1,1,
22408,2021-05-23 22:17:00,40.726505,-73.9883,0,0,Driver Inattention/Distraction,4419552,31.4,19.8,0.0,0.0,0.0,0.0,3,28.5,54.4,322,Overcast,0,0,
22409,2021-05-23 22:55:00,40.852516,-73.90001,1,0,Unspecified,4419932,31.4,19.8,0.0,0.0,0.0,0.0,3,28.5,54.4,322,Overcast,1,1,
22410,2021-12-22 19:23:00,40.703022,-73.83125,0,0,Unspecified,4490044,8.1,-0.0,4.2,4.2,0.0,9.0,61,26.7,47.9,313,Rain: Light,0,0,
22411,2021-05-23 05:45:00,40.66427,-73.9306,0,0,Backing Unsafely,4419839,31.4,19.8,0.0,0.0,0.0,0.0,3,28.5,54.4,322,Overcast,0,0,
22412,2021-05-23 12:00:00,40.556534,-74.12813,1,0,Driver Inattention/Distraction,4419847,31.4,19.8,0.0,0.0,0.0,0.0,3,28.5,54.4,322,Overcast,1,1,
22413,2021-05-21 15:45:00,40.67903,-73.9246,1,0,Driver Inattention/Distraction,4420359,23.9,11.3,0.0,0.0,0.0,0.0,3,19.2,38.5,174,Overcast,1,1,
22414,2021-05-23 02:35:00,40.546688,-74.18591,1,0,Alcohol Involvement,4419247,31.4,19.8,0.0,0.0,0.0,0.0,3,28.5,54.4,322,Overcast,1,1,
22415,2021-05-23 19:15:00,40.634663,-73.94786,0,0,Driver Inattention/Distraction,4419709,31.4,19.8,0.0,0.0,0.0,0.0,3,28.5,54.4,322,Overcast,0,0,
22416,2021-05-23 17:45:00,40.622414,-73.896484,0,0,Driver Inattention/Distraction,4420401,31.4,19.8,0.0,0.0,0.0,0.0,3,28.5,54.4,322,Overcast,0,0,
22417,2021-05-23 15:00:00,40.744526,-73.77161,1,0,Unsafe Speed,4419425,31.4,19.8,0.0,0.0,0.0,0.0,3,28.5,54.4,322,Overcast,1,1,
22418,2021-05-22 03:55:00,40.603,-73.97241,0,0,Unspecified,4420389,30.5,16.5,0.0,0.0,0.0,0.0,3,19.1,36.4,299,Overcast,0,0,
22419,2021-05-23 23:34:00,40.824707,-73.91552,2,0,Driver Inexperience,4419765,31.4,19.8,0.0,0.0,0.0,0.0,3,28.5,54.4,322,Overcast,2,2,
22420,2021-05-23 07:00:00,40.743504,-73.83567,1,0,Unsafe Speed,4419220,31.4,19.8,0.0,0.0,0.0,0.0,3,28.5,54.4,322,Overcast,1,1,
22421,2021-05-23 22:06:00,40.638527,-73.87853,1,0,Unspecified,4419562,31.4,19.8,0.0,0.0,0.0,0.0,3,28.5,54.4,322,Overcast,1,1,
22422,2021-05-23 22:00:00,40.8337,-73.879845,1,0,Unspecified,4419832,31.4,19.8,0.0,0.0,0.0,0.0,3,28.5,54.4,322,Overcast,1,1,
22423,2021-05-23 00:00:00,40.5433,-74.16424,1,0,Driver Inattention/Distraction,4420306,31.4,19.8,0.0,0.0,0.0,0.0,3,28.5,54.4,322,Overcast,1,1,
22424,2021-05-23 20:31:00,40.892708,-73.84455,0,0,Aggressive Driving/Road Rage,4419743,31.4,19.8,0.0,0.0,0.0,0.0,3,28.5,54.4,322,Overcast,0,0,
22425,2021-05-15 20:40:00,40.763893,-73.915,0,0,Unspecified,4420169,22.4,8.7,0.0,0.0,0.0,0.0,3,12.5,23.8,229,Overcast,0,0,
22426,2021-05-23 19:16:00,40.580616,-74.152534,2,0,Turning Improperly,4420101,31.4,19.8,0.0,0.0,0.0,0.0,3,28.5,54.4,322,Overcast,2,2,
22427,2021-05-23 19:19:00,40.72706,-73.95695,0,0,Alcohol Involvement,4419654,31.4,19.8,0.0,0.0,0.0,0.0,3,28.5,54.4,322,Overcast,0,0,
22428,2021-05-23 18:50:00,40.59928,-73.93285,1,0,Illnes,4419622,31.4,19.8,0.0,0.0,0.0,0.0,3,28.5,54.4,322,Overcast,1,1,
22429,2021-05-23 14:25:00,40.701046,-73.91068,0,0,Failure to Yield Right-of-Way,4419995,31.4,19.8,0.0,0.0,0.0,0.0,3,28.5,54.4,322,Overcast,0,0,
22430,2021-05-23 18:30:00,40.575565,-73.98121,0,0,Backing Unsafely,4419662,31.4,19.8,0.0,0.0,0.0,0.0,3,28.5,54.4,322,Overcast,0,0,
22431,2021-05-18 20:55:00,40.634354,-73.94202,0,0,Unspecified,4420324,26.1,11.2,0.0,0.0,0.0,0.0,3,15.5,29.2,262,Overcast,0,0,
22432,2021-05-23 15:00:00,40.76217,-73.7568,0,0,Following Too Closely,4419462,31.4,19.8,0.0,0.0,0.0,0.0,3,28.5,54.4,322,Overcast,0,0,
22433,2021-05-17 14:00:00,40.72861,-73.88721,0,0,Failure to Yield Right-of-Way,4420287,22.9,9.7,0.0,0.0,0.0,0.0,3,17.7,36.0,224,Overcast,0,0,
22434,2021-05-23 06:00:00,40.653767,-73.931076,0,0,Following Too Closely,4419359,31.4,19.8,0.0,0.0,0.0,0.0,3,28.5,54.4,322,Overcast,0,0,
22435,2021-05-23 14:10:00,40.61107,-74.00131,0,0,Driver Inattention/Distraction,4419773,31.4,19.8,0.0,0.0,0.0,0.0,3,28.5,54.4,322,Overcast,0,0,
22436,2021-05-21 10:00:00,40.814102,-73.8912,0,0,Driver Inattention/Distraction,4420463,23.9,11.3,0.0,0.0,0.0,0.0,3,19.2,38.5,174,Overcast,0,0,
22437,2021-12-25 16:27:00,40.766193,-73.740265,0,0,Driver Inattention/Distraction,4489496,8.8,0.5,6.1,6.1,0.0,14.0,55,14.5,24.8,284,Drizzle: Dense,0,0,
22438,2021-05-23 20:35:00,40.778168,-73.95036,0,0,Other Vehicular,4419502,31.4,19.8,0.0,0.0,0.0,0.0,3,28.5,54.4,322,Overcast,0,0,
22439,2021-05-23 11:30:00,40.678993,-73.99296,0,0,Backing Unsafely,4419690,31.4,19.8,0.0,0.0,0.0,0.0,3,28.5,54.4,322,Overcast,0,0,
22440,2021-05-23 04:29:00,40.83389,-73.85466,0,0,Driver Inattention/Distraction,4419827,31.4,19.8,0.0,0.0,0.0,0.0,3,28.5,54.4,322,Overcast,0,0,
22441,2021-05-23 01:00:00,40.665916,-73.81528,0,0,Reaction to Uninvolved Vehicle,4419735,31.4,19.8,0.0,0.0,0.0,0.0,3,28.5,54.4,322,Overcast,0,0,
22442,2021-05-23 01:00:00,40.889835,-73.85116,0,0,Driver Inattention/Distraction,4419314,31.4,19.8,0.0,0.0,0.0,0.0,3,28.5,54.4,322,Overcast,0,0,
22443,2021-05-23 11:45:00,40.67007,-73.89927,1,0,Unsafe Speed,4419581,31.4,19.8,0.0,0.0,0.0,0.0,3,28.5,54.4,322,Overcast,1,1,
22444,2021-05-12 15:00:00,40.823177,-73.82396,0,0,Unspecified,4420259,17.9,5.8,0.0,0.0,0.0,0.0,2,20.0,41.0,317,Partly cloudy,0,0,
22445,2021-05-23 22:25:00,40.666695,-73.767136,3,0,Fell Asleep,4419696,31.4,19.8,0.0,0.0,0.0,0.0,3,28.5,54.4,322,Overcast,3,3,
22446,2021-05-23 08:00:00,40.744167,-73.88904,0,0,Fell Asleep,4419513,31.4,19.8,0.0,0.0,0.0,0.0,3,28.5,54.4,322,Overcast,0,0,
22447,2021-05-16 00:15:00,40.782513,-73.91976,0,0,Driver Inattention/Distraction,4420147,22.3,10.7,0.1,0.1,0.0,1.0,51,23.8,46.1,261,Drizzle: Light,0,0,
22448,2021-05-12 16:00:00,40.75582,-73.93259,0,0,Unspecified,4420162,17.9,5.8,0.0,0.0,0.0,0.0,2,20.0,41.0,317,Partly cloudy,0,0,
22449,2021-05-23 21:20:00,40.607655,-74.01703,0,0,Failure to Yield Right-of-Way,4419960,31.4,19.8,0.0,0.0,0.0,0.0,3,28.5,54.4,322,Overcast,0,0,
22450,2021-05-21 08:00:00,40.89322,-73.86086,0,0,Unspecified,4420222,23.9,11.3,0.0,0.0,0.0,0.0,3,19.2,38.5,174,Overcast,0,0,
22451,2021-05-21 21:18:00,40.76635,-73.95103,0,0,Driver Inattention/Distraction,4420447,23.9,11.3,0.0,0.0,0.0,0.0,3,19.2,38.5,174,Overcast,0,0,
22452,2021-05-23 16:50:00,40.795326,-73.971306,0,0,Pedestrian/Bicyclist/Other Pedestrian Error/Confusion,4419606,31.4,19.8,0.0,0.0,0.0,0.0,3,28.5,54.4,322,Overcast,0,0,
22453,2021-05-23 21:40:00,40.699818,-73.920135,1,0,Lost Consciousness,4419978,31.4,19.8,0.0,0.0,0.0,0.0,3,28.5,54.4,322,Overcast,1,1,
22454,2021-05-22 17:45:00,40.74782,-73.99665,0,0,Passing Too Closely,4420253,30.5,16.5,0.0,0.0,0.0,0.0,3,19.1,36.4,299,Overcast,0,0,
22455,2021-05-23 00:30:00,40.712265,-73.95548,0,0,Unsafe Speed,4419756,31.4,19.8,0.0,0.0,0.0,0.0,3,28.5,54.4,322,Overcast,0,0,
22456,2021-05-22 06:30:00,40.723747,-74.00612,1,0,Driver Inexperience,4420307,30.5,16.5,0.0,0.0,0.0,0.0,3,19.1,36.4,299,Overcast,1,1,
22457,2021-05-23 13:30:00,40.65017,-73.92921,0,0,Passing or Lane Usage Improper,4419446,31.4,19.8,0.0,0.0,0.0,0.0,3,28.5,54.4,322,Overcast,0,0,
22458,2021-05-23 17:42:00,40.712482,-73.95057,0,0,Other Vehicular,4419812,31.4,19.8,0.0,0.0,0.0,0.0,3,28.5,54.4,322,Overcast,0,0,
22459,2021-05-23 01:00:00,40.663643,-73.89084,2,0,Aggressive Driving/Road Rage,4419424,31.4,19.8,0.0,0.0,0.0,0.0,3,28.5,54.4,322,Overcast,2,2,
22460,2021-05-23 13:23:00,40.71626,-73.88151,0,0,Unspecified,4419495,31.4,19.8,0.0,0.0,0.0,0.0,3,28.5,54.4,322,Overcast,0,0,
22461,2021-05-23 12:30:00,40.649387,-73.90841,1,0,,4419877,31.4,19.8,0.0,0.0,0.0,0.0,3,28.5,54.4,322,Overcast,1,1,
22462,2021-05-23 00:00:00,40.682835,-73.94092,0,0,Driver Inattention/Distraction,4419856,31.4,19.8,0.0,0.0,0.0,0.0,3,28.5,54.4,322,Overcast,0,0,
22463,2021-12-23 14:45:00,40.53774,-74.20876,0,0,Failure to Yield Right-of-Way,4489942,2.1,-2.3,0.0,0.0,0.0,0.0,3,20.1,35.6,299,Overcast,0,0,
22464,2021-05-02 22:57:00,40.627155,-73.96563,1,0,Driver Inattention/Distraction,4420223,26.3,11.3,0.0,0.0,0.0,0.0,3,23.0,43.9,251,Overcast,1,1,
22465,2021-05-20 11:55:00,40.578873,-74.15547,1,0,Drugs (illegal),4420289,22.2,12.5,0.0,0.0,0.0,0.0,3,19.0,38.2,147,Overcast,1,1,
22466,2021-05-23 06:25:00,40.699757,-73.79359,1,0,Driver Inexperience,4419967,31.4,19.8,0.0,0.0,0.0,0.0,3,28.5,54.4,322,Overcast,1,1,
22467,2021-05-23 16:37:00,40.729046,-74.01073,0,0,Failure to Yield Right-of-Way,4420338,31.4,19.8,0.0,0.0,0.0,0.0,3,28.5,54.4,322,Overcast,0,0,
22468,2021-05-23 12:30:00,40.77204,-73.93224,0,0,Unsafe Speed,4419667,31.4,19.8,0.0,0.0,0.0,0.0,3,28.5,54.4,322,Overcast,0,0,
22469,2021-05-23 01:00:00,40.769703,-73.914,0,0,Passing or Lane Usage Improper,4420151,31.4,19.8,0.0,0.0,0.0,0.0,3,28.5,54.4,322,Overcast,0,0,
22470,2021-05-23 13:00:00,40.75679,-73.9274,0,0,Backing Unsafely,4420154,31.4,19.8,0.0,0.0,0.0,0.0,3,28.5,54.4,322,Overcast,0,0,
22471,2021-05-23 01:15:00,40.714592,-73.97652,0,0,Driver Inattention/Distraction,4419111,31.4,19.8,0.0,0.0,0.0,0.0,3,28.5,54.4,322,Overcast,0,0,
22472,2021-05-16 08:55:00,40.656742,-73.92897,0,0,Unspecified,4420265,22.3,10.7,0.1,0.1,0.0,1.0,51,23.8,46.1,261,Drizzle: Light,0,0,
22473,2021-05-23 23:40:00,40.85114,-73.788475,0,0,Driver Inattention/Distraction,4419706,31.4,19.8,0.0,0.0,0.0,0.0,3,28.5,54.4,322,Overcast,0,0,
22474,2021-05-23 17:30:00,40.89667,-73.85451,0,0,Driver Inattention/Distraction,4419729,31.4,19.8,0.0,0.0,0.0,0.0,3,28.5,54.4,322,Overcast,0,0,
22475,2021-05-07 08:04:00,40.807903,-73.92005,0,0,Unspecified,4420424,16.4,7.7,0.0,0.0,0.0,0.0,3,15.8,32.4,73,Overcast,0,0,
22476,2021-05-23 20:00:00,40.593544,-73.77716,0,0,Passing Too Closely,4420201,31.4,19.8,0.0,0.0,0.0,0.0,3,28.5,54.4,322,Overcast,0,0,
22477,2021-05-23 17:07:00,40.66785,-73.92103,0,0,Unspecified,4420490,31.4,19.8,0.0,0.0,0.0,0.0,3,28.5,54.4,322,Overcast,0,0,
22478,2021-05-23 11:30:00,40.663925,-73.89961,0,0,Unsafe Speed,4419601,31.4,19.8,0.0,0.0,0.0,0.0,3,28.5,54.4,322,Overcast,0,0,
22479,2021-05-23 11:40:00,40.637516,-74.166145,0,0,Passing Too Closely,4419888,31.4,19.8,0.0,0.0,0.0,0.0,3,28.5,54.4,322,Overcast,0,0,
22480,2021-05-23 23:50:00,40.875,-73.87471,0,0,Following Too Closely,4419643,31.4,19.8,0.0,0.0,0.0,0.0,3,28.5,54.4,322,Overcast,0,0,
22481,2021-05-23 21:30:00,40.675236,-73.97106,0,0,Passing or Lane Usage Improper,4420246,31.4,19.8,0.0,0.0,0.0,0.0,3,28.5,54.4,322,Overcast,0,0,
22482,2021-05-21 18:00:00,40.696144,-73.97834,0,0,Passing or Lane Usage Improper,4420361,23.9,11.3,0.0,0.0,0.0,0.0,3,19.2,38.5,174,Overcast,0,0,
22483,2021-05-23 20:25:00,40.851593,-73.88419,0,0,Driver Inattention/Distraction,4419721,31.4,19.8,0.0,0.0,0.0,0.0,3,28.5,54.4,322,Overcast,0,0,
22484,2021-05-23 13:07:00,40.775234,-73.829025,1,0,Unsafe Lane Changing,4419485,31.4,19.8,0.0,0.0,0.0,0.0,3,28.5,54.4,322,Overcast,1,1,
22485,2021-05-23 02:00:00,40.666115,-73.79358,0,0,Driver Inattention/Distraction,4419246,31.4,19.8,0.0,0.0,0.0,0.0,3,28.5,54.4,322,Overcast,0,0,
22486,2021-05-23 03:34:00,40.799297,-73.94113,1,0,Unspecified,4419796,31.4,19.8,0.0,0.0,0.0,0.0,3,28.5,54.4,322,Overcast,1,1,
22487,2021-05-23 17:25:00,40.850132,-73.91162,0,0,Unspecified,4419933,31.4,19.8,0.0,0.0,0.0,0.0,3,28.5,54.4,322,Overcast,0,0,
22488,2021-05-23 14:25:00,40.808407,-73.95248,2,0,Unspecified,4419528,31.4,19.8,0.0,0.0,0.0,0.0,3,28.5,54.4,322,Overcast,2,2,
22489,2021-05-23 17:50:00,40.66925,-73.93944,0,0,Passing Too Closely,4419840,31.4,19.8,0.0,0.0,0.0,0.0,3,28.5,54.4,322,Overcast,0,0,
22490,2021-05-23 02:00:00,40.601734,-73.935036,1,0,Driver Inattention/Distraction,4419638,31.4,19.8,0.0,0.0,0.0,0.0,3,28.5,54.4,322,Overcast,1,1,
22491,2021-05-23 16:11:00,40.821636,-73.93909,1,0,Other Vehicular,4419680,31.4,19.8,0.0,0.0,0.0,0.0,3,28.5,54.4,322,Overcast,1,1,
22492,2021-05-16 19:01:00,40.766563,-73.92822,0,0,Unspecified,4420177,22.3,10.7,0.1,0.1,0.0,1.0,51,23.8,46.1,261,Drizzle: Light,0,0,
22493,2021-05-22 06:42:00,40.79811,-73.92964,0,0,Driver Inattention/Distraction,4420330,30.5,16.5,0.0,0.0,0.0,0.0,3,19.1,36.4,299,Overcast,0,0,
22494,2021-05-23 20:20:00,40.64937,-74.012955,1,0,Unspecified,4420390,31.4,19.8,0.0,0.0,0.0,0.0,3,28.5,54.4,322,Overcast,1,1,
22495,2021-05-23 17:50:00,40.666283,-73.78995,0,0,Driver Inattention/Distraction,4419701,31.4,19.8,0.0,0.0,0.0,0.0,3,28.5,54.4,322,Overcast,0,0,
22496,2021-05-23 19:30:00,40.812214,-73.885895,0,0,Unspecified,4420475,31.4,19.8,0.0,0.0,0.0,0.0,3,28.5,54.4,322,Overcast,0,0,
22497,2021-05-23 21:20:00,40.74701,-73.977196,1,0,Unspecified,4419607,31.4,19.8,0.0,0.0,0.0,0.0,3,28.5,54.4,322,Overcast,1,1,
22498,2021-05-13 11:40:00,40.83609,-73.87039,0,0,Unspecified,4420297,19.1,7.2,0.0,0.0,0.0,0.0,1,15.8,27.4,315,Mainly clear,0,0,Sunny/Clear Conditions
22499,2021-05-23 22:29:00,40.79672,-73.97618,0,0,Passing or Lane Usage Improper,4419982,31.4,19.8,0.0,0.0,0.0,0.0,3,28.5,54.4,322,Overcast,0,0,
22500,2021-05-23 23:47:00,40.69122,-73.93969,0,0,Traffic Control Disregarded,4420019,31.4,19.8,0.0,0.0,0.0,0.0,3,28.5,54.4,322,Overcast,0,0,
22501,2021-05-23 00:00:00,40.84029,-73.91436,0,0,Unspecified,4420113,31.4,19.8,0.0,0.0,0.0,0.0,3,28.5,54.4,322,Overcast,0,0,
22502,2021-05-23 01:00:00,40.680164,-73.84095,4,0,Driver Inattention/Distraction,4419655,31.4,19.8,0.0,0.0,0.0,0.0,3,28.5,54.4,322,Overcast,4,4,
22503,2021-12-11 11:15:00,40.671947,-73.73384,2,0,Driver Inattention/Distraction,4489987,17.3,5.0,8.1,8.1,0.0,5.0,63,35.0,67.0,206,Rain: Moderate,2,2,
22504,2021-12-25 17:40:00,40.686153,-73.85083,0,0,Failure to Yield Right-of-Way,4489523,8.8,0.5,6.1,6.1,0.0,14.0,55,14.5,24.8,284,Drizzle: Dense,0,0,
22505,2021-12-25 04:25:00,40.83626,-73.90267,0,0,Unspecified,4489778,8.8,0.5,6.1,6.1,0.0,14.0,55,14.5,24.8,284,Drizzle: Dense,0,0,
22506,2021-12-25 16:10:00,40.726677,-73.90736,0,0,Backing Unsafely,4490058,8.8,0.5,6.1,6.1,0.0,14.0,55,14.5,24.8,284,Drizzle: Dense,0,0,
22507,2021-12-25 02:45:00,40.744358,-73.88597,0,0,Following Too Closely,4489669,8.8,0.5,6.1,6.1,0.0,14.0,55,14.5,24.8,284,Drizzle: Dense,0,0,
22508,2021-12-25 13:30:00,40.699265,-73.91482,0,0,Passing Too Closely,4489801,8.8,0.5,6.1,6.1,0.0,14.0,55,14.5,24.8,284,Drizzle: Dense,0,0,
22509,2021-12-23 09:20:00,40.753925,-73.99761,0,0,Passing Too Closely,4489973,2.1,-2.3,0.0,0.0,0.0,0.0,3,20.1,35.6,299,Overcast,0,0,
22510,2021-12-25 04:16:00,40.630238,-73.93246,0,0,Unsafe Speed,4489461,8.8,0.5,6.1,6.1,0.0,14.0,55,14.5,24.8,284,Drizzle: Dense,0,0,
22511,2021-12-25 15:00:00,40.611614,-73.92847,0,0,Unsafe Speed,4490028,8.8,0.5,6.1,6.1,0.0,14.0,55,14.5,24.8,284,Drizzle: Dense,0,0,
22512,2021-12-25 17:20:00,40.75337,-73.974655,0,0,Unspecified,4489613,8.8,0.5,6.1,6.1,0.0,14.0,55,14.5,24.8,284,Drizzle: Dense,0,0,
22513,2021-12-24 20:25:00,40.697765,-73.744865,1,0,Aggressive Driving/Road Rage,4489995,5.7,-1.1,1.0,0.0,0.7,5.0,73,12.4,21.6,73,Snow fall: Moderate,1,1,Snowy Conditions