,CRASH DATETIME,LATITUDE,LONGITUDE,NUMBER OF PERSONS INJURED,NUMBER OF PERSONS KILLED,CONTRIBUTING FACTOR VEHICLE 1,COLLISION_ID,temperature_2m_max,temperature_2m_min,precipitation_sum,rain_sum,snowfall_sum,precipitation_hours,weather_code,wind_speed_10m_max,wind_gusts_10m_max,wind_direction_10m_dominant,Weather Description,Severity_Score,Total_Affected_Persons,Weather_Category
22514,2021-12-17 00:32:00,40.825726,-73.82112,1,0,Unspecified,4489946,13.9,6.1,0.0,0.0,0.0,0.0,3,21.5,37.1,265,Overcast,1,1,
22515,2021-12-25 13:10:00,40.784325,-73.94225,0,0,Passing or Lane Usage Improper,4489853,8.8,0.5,6.1,6.1,0.0,14.0,55,14.5,24.8,284,Drizzle: Dense,0,0,
22516,2021-12-24 08:20:00,40.75294,-73.99291,0,0,Traffic Control Disregarded,4489913,5.7,-1.1,1.0,0.0,0.7,5.0,73,12.4,21.6,73,Snow fall: Moderate,0,0,Snowy Conditions
22517,2021-12-25 15:20:00,40.848644,-73.861275,1,0,Driver Inattention/Distraction,4489709,8.8,0.5,6.1,6.1,0.0,14.0,55,14.5,24.8,284,Drizzle: Dense,1,1,
22518,2021-12-23 14:00:00,40.705704,-73.74437,2,0,Unspecified,4490047,2.1,-2.3,0.0,0.0,0.0,0.0,3,20.1,35.6,299,Overcast,2,2,
22519,2021-12-25 13:15:00,40.69889,-73.91753,0,0,Other Vehicular,4489800,8.8,0.5,6.1,6.1,0.0,14.0,55,14.5,24.8,284,Drizzle: Dense,0,0,
22520,2021-12-23 14:17:00,40.686028,-73.73074,0,0,Unspecified,4490003,2.1,-2.3,0.0,0.0,0.0,0.0,3,20.1,35.6,299,Overcast,0,0,
22521,2021-12-23 09:29:00,40.561092,-74.16984,0,0,Driver Inattention/Distraction,4489930,2.1,-2.3,0.0,0.0,0.0,0.0,3,20.1,35.6,299,Overcast,0,0,
22522,2021-12-25 16:30:00,40.774612,-73.92399,1,0,Driver Inattention/Distraction,4489550,8.8,0.5,6.1,6.1,0.0,14.0,55,14.5,24.8,284,Drizzle: Dense,1,1,
22523,2021-12-24 18:30:00,40.608723,-74.00182,0,0,Driver Inattention/Distraction,4489935,5.7,-1.1,1.0,0.0,0.7,5.0,73,12.4,21.6,73,Snow fall: Moderate,0,0,Snowy Conditions
22524,2021-12-25 17:25:00,40.846153,-73.932335,0,0,Turning Improperly,4489699,8.8,0.5,6.1,6.1,0.0,14.0,55,14.5,24.8,284,Drizzle: Dense,0,0,
22525,2021-12-25 02:52:00,40.678406,-73.832214,0,0,Following Too Closely,4489835,8.8,0.5,6.1,6.1,0.0,14.0,55,14.5,24.8,284,Drizzle: Dense,0,0,
22526,2021-12-25 02:03:00,40.704063,-73.85444,1,0,Steering Failure,4489408,8.8,0.5,6.1,6.1,0.0,14.0,55,14.5,24.8,284,Drizzle: Dense,1,1,
22527,2021-12-20 18:50:00,40.744297,-73.88724,0,0,Driver Inattention/Distraction,4490089,1.8,-4.4,0.0,0.0,0.0,0.0,2,17.9,32.8,282,Partly cloudy,0,0,
22528,2021-12-25 10:55:00,40.824425,-73.87271,0,0,Passing Too Closely,4489988,8.8,0.5,6.1,6.1,0.0,14.0,55,14.5,24.8,284,Drizzle: Dense,0,0,
22529,2021-12-25 12:45:00,40.69773,-73.81409,0,0,Unsafe Lane Changing,4489522,8.8,0.5,6.1,6.1,0.0,14.0,55,14.5,24.8,284,Drizzle: Dense,0,0,
22530,2021-12-25 15:00:00,40.68335,-73.8412,0,0,Passing or Lane Usage Improper,4489524,8.8,0.5,6.1,6.1,0.0,14.0,55,14.5,24.8,284,Drizzle: Dense,0,0,
22531,2021-12-24 13:35:00,40.785297,-73.955574,1,0,Failure to Yield Right-of-Way,4489958,5.7,-1.1,1.0,0.0,0.7,5.0,73,12.4,21.6,73,Snow fall: Moderate,1,1,Snowy Conditions
22532,2021-12-25 16:33:00,40.641064,-73.94662,1,0,Failure to Yield Right-of-Way,4489562,8.8,0.5,6.1,6.1,0.0,14.0,55,14.5,24.8,284,Drizzle: Dense,1,1,
22533,2021-12-24 14:40:00,40.823082,-73.86722,0,0,Traffic Control Disregarded,4489980,5.7,-1.1,1.0,0.0,0.7,5.0,73,12.4,21.6,73,Snow fall: Moderate,0,0,Snowy Conditions
22534,2021-12-25 16:44:00,40.59616,-73.96104,1,0,Driver Inattention/Distraction,4489662,8.8,0.5,6.1,6.1,0.0,14.0,55,14.5,24.8,284,Drizzle: Dense,1,1,
22535,2021-12-25 15:32:00,40.636635,-73.918304,0,0,Unspecified,4490019,8.8,0.5,6.1,6.1,0.0,14.0,55,14.5,24.8,284,Drizzle: Dense,0,0,
22536,2021-12-25 03:08:00,40.86455,-73.901955,0,0,Unspecified,4489486,8.8,0.5,6.1,6.1,0.0,14.0,55,14.5,24.8,284,Drizzle: Dense,0,0,
22537,2021-12-22 19:35:00,40.68984,-73.97863,0,0,Driver Inexperience,4489959,8.1,-0.0,4.2,4.2,0.0,9.0,61,26.7,47.9,313,Rain: Light,0,0,
22538,2021-12-20 07:00:00,40.72722,-73.93221,0,0,Passing Too Closely,4490006,1.8,-4.4,0.0,0.0,0.0,0.0,2,17.9,32.8,282,Partly cloudy,0,0,
22539,2021-12-23 19:40:00,40.701187,-73.824776,2,0,Driver Inattention/Distraction,4490041,2.1,-2.3,0.0,0.0,0.0,0.0,3,20.1,35.6,299,Overcast,2,2,
22540,2021-12-25 18:38:00,40.646656,-73.96035,1,0,Unspecified,4489558,8.8,0.5,6.1,6.1,0.0,14.0,55,14.5,24.8,284,Drizzle: Dense,1,1,
22541,2021-12-25 23:53:00,40.76684,-73.838264,0,0,Unspecified,4489642,8.8,0.5,6.1,6.1,0.0,14.0,55,14.5,24.8,284,Drizzle: Dense,0,0,
22542,2021-12-25 15:19:00,40.812008,-73.951515,0,0,Backing Unsafely,4489906,8.8,0.5,6.1,6.1,0.0,14.0,55,14.5,24.8,284,Drizzle: Dense,0,0,
22543,2021-12-19 17:09:00,40.820187,-73.890686,0,0,Backing Unsafely,4490086,7.1,-1.8,0.5,0.5,0.0,4.0,51,26.4,47.5,327,Drizzle: Light,0,0,
22544,2021-12-25 17:00:00,40.63413,-73.928505,2,0,Following Too Closely,4489515,8.8,0.5,6.1,6.1,0.0,14.0,55,14.5,24.8,284,Drizzle: Dense,2,2,
22545,2021-12-25 21:59:00,40.668507,-73.92561,0,0,Passing or Lane Usage Improper,4489695,8.8,0.5,6.1,6.1,0.0,14.0,55,14.5,24.8,284,Drizzle: Dense,0,0,
22546,2021-12-25 13:00:00,40.73754,-73.70322,0,0,Unspecified,4489466,8.8,0.5,6.1,6.1,0.0,14.0,55,14.5,24.8,284,Drizzle: Dense,0,0,
22547,2021-12-25 19:19:00,40.634483,-73.91886,5,0,Following Too Closely,4489616,8.8,0.5,6.1,6.1,0.0,14.0,55,14.5,24.8,284,Drizzle: Dense,5,5,
22548,2021-12-25 04:05:00,40.754974,-73.89095,3,0,Alcohol Involvement,4489949,8.8,0.5,6.1,6.1,0.0,14.0,55,14.5,24.8,284,Drizzle: Dense,3,3,
22549,2021-12-25 06:50:00,40.75759,-73.78108,1,0,Cell Phone (hand-Held),4489586,8.8,0.5,6.1,6.1,0.0,14.0,55,14.5,24.8,284,Drizzle: Dense,1,1,
22550,2021-12-22 07:07:00,40.712948,-73.90693,1,0,Unspecified,4490020,8.1,-0.0,4.2,4.2,0.0,9.0,61,26.7,47.9,313,Rain: Light,1,1,
22551,2021-12-25 13:10:00,40.825912,-73.83647,0,0,Reaction to Uninvolved Vehicle,4489753,8.8,0.5,6.1,6.1,0.0,14.0,55,14.5,24.8,284,Drizzle: Dense,0,0,
22552,2021-12-18 08:30:00,40.753536,-73.8869,0,0,Unspecified,4489977,6.3,4.5,3.8,3.8,0.0,9.0,61,12.3,24.5,35,Rain: Light,0,0,
22553,2021-12-23 14:50:00,40.62571,-73.92956,0,0,Traffic Control Disregarded,4490027,2.1,-2.3,0.0,0.0,0.0,0.0,3,20.1,35.6,299,Overcast,0,0,
22554,2021-12-22 07:20:00,40.762486,-73.96298,0,0,Unspecified,4489998,8.1,-0.0,4.2,4.2,0.0,9.0,61,26.7,47.9,313,Rain: Light,0,0,
22555,2021-12-25 05:40:00,40.83501,-73.91206,0,0,Unsafe Speed,4489448,8.8,0.5,6.1,6.1,0.0,14.0,55,14.5,24.8,284,Drizzle: Dense,0,0,
22556,2021-12-25 13:03:00,40.747295,-73.97405,0,0,Failure to Yield Right-of-Way,4489540,8.8,0.5,6.1,6.1,0.0,14.0,55,14.5,24.8,284,Drizzle: Dense,0,0,
22557,2021-12-25 17:49:00,40.68789,-73.90724,0,0,Passing Too Closely,4489802,8.8,0.5,6.1,6.1,0.0,14.0,55,14.5,24.8,284,Drizzle: Dense,0,0,
22558,2021-12-25 18:20:00,40.666332,-73.81056,1,0,Unspecified,4489830,8.8,0.5,6.1,6.1,0.0,14.0,55,14.5,24.8,284,Drizzle: Dense,1,1,
22559,2021-12-24 17:00:00,40.607605,-73.99706,0,0,Driver Inattention/Distraction,4489945,5.7,-1.1,1.0,0.0,0.7,5.0,73,12.4,21.6,73,Snow fall: Moderate,0,0,Snowy Conditions
22560,2021-12-25 21:28:00,40.7067,-73.95292,1,0,Driver Inattention/Distraction,4489771,8.8,0.5,6.1,6.1,0.0,14.0,55,14.5,24.8,284,Drizzle: Dense,1,1,
22561,2021-12-25 04:50:00,40.74357,-73.862755,0,0,Unspecified,4489670,8.8,0.5,6.1,6.1,0.0,14.0,55,14.5,24.8,284,Drizzle: Dense,0,0,
22562,2021-12-04 08:00:00,40.758167,-73.87541,0,0,Other Vehicular,4489967,8.3,-0.7,0.0,0.0,0.0,0.0,3,13.5,25.9,231,Overcast,0,0,
22563,2021-12-24 22:01:00,40.731087,-73.85327,0,0,Passing or Lane Usage Improper,4490060,5.7,-1.1,1.0,0.0,0.7,5.0,73,12.4,21.6,73,Snow fall: Moderate,0,0,Snowy Conditions
22564,2021-12-25 16:30:00,40.827656,-73.8861,0,0,Unspecified,4489851,8.8,0.5,6.1,6.1,0.0,14.0,55,14.5,24.8,284,Drizzle: Dense,0,0,
22565,2021-12-20 20:05:00,40.75369,-73.74445,0,0,Driver Inattention/Distraction,4489931,1.8,-4.4,0.0,0.0,0.0,0.0,2,17.9,32.8,282,Partly cloudy,0,0,
22566,2021-12-25 09:05:00,40.618595,-73.99847,1,0,Pavement Slippery,4489936,8.8,0.5,6.1,6.1,0.0,14.0,55,14.5,24.8,284,Drizzle: Dense,1,1,
22567,2021-12-25 00:50:00,40.694427,-73.924255,0,0,Unspecified,4489415,8.8,0.5,6.1,6.1,0.0,14.0,55,14.5,24.8,284,Drizzle: Dense,0,0,
22568,2021-12-25 13:50:00,40.69168,-73.999344,2,0,Steering Failure,4489730,8.8,0.5,6.1,6.1,0.0,14.0,55,14.5,24.8,284,Drizzle: Dense,2,2,
22569,2021-12-25 12:54:00,40.835968,-73.87,1,0,Unspecified,4489990,8.8,0.5,6.1,6.1,0.0,14.0,55,14.5,24.8,284,Drizzle: Dense,1,1,
22570,2021-12-25 13:20:00,40.65794,-73.907745,0,0,Unspecified,4489533,8.8,0.5,6.1,6.1,0.0,14.0,55,14.5,24.8,284,Drizzle: Dense,0,0,
22571,2021-12-22 11:39:00,40.750137,-73.8806,0,0,Driver Inattention/Distraction,4489981,8.1,-0.0,4.2,4.2,0.0,9.0,61,26.7,47.9,313,Rain: Light,0,0,
22572,2021-12-25 06:22:00,40.82803,-73.934845,0,0,Alcohol Involvement,4489866,8.8,0.5,6.1,6.1,0.0,14.0,55,14.5,24.8,284,Drizzle: Dense,0,0,
22573,2021-12-24 06:00:00,40.81748,-73.94098,0,0,Driver Inattention/Distraction,4489912,5.7,-1.1,1.0,0.0,0.7,5.0,73,12.4,21.6,73,Snow fall: Moderate,0,0,Snowy Conditions
22574,2021-12-09 23:30:00,40.72656,-73.972046,0,0,Failure to Yield Right-of-Way,4490049,3.6,-2.0,0.1,0.0,0.07,1.0,71,19.2,33.8,295,Snow fall: Light,0,0,Snowy Conditions
22575,2021-12-24 17:00:00,40.725616,-73.851036,0,0,Unspecified,4489950,5.7,-1.1,1.0,0.0,0.7,5.0,73,12.4,21.6,73,Snow fall: Moderate,0,0,Snowy Conditions
22576,2021-12-25 20:04:00,40.883553,-73.83476,2,0,Driver Inattention/Distraction,4489661,8.8,0.5,6.1,6.1,0.0,14.0,55,14.5,24.8,284,Drizzle: Dense,2,2,
22577,2021-12-25 07:20:00,40.737194,-73.97447,1,0,Driver Inexperience,4489491,8.8,0.5,6.1,6.1,0.0,14.0,55,14.5,24.8,284,Drizzle: Dense,1,1,
22578,2021-12-24 16:13:00,40.69596,-73.964096,0,0,Steering Failure,4489961,5.7,-1.1,1.0,0.0,0.7,5.0,73,12.4,21.6,73,Snow fall: Moderate,0,0,Snowy Conditions
22579,2021-12-25 11:28:00,40.694138,-73.92649,0,0,Unspecified,4489799,8.8,0.5,6.1,6.1,0.0,14.0,55,14.5,24.8,284,Drizzle: Dense,0,0,
22580,2021-12-25 08:30:00,40.634007,-74.07516,1,0,Unspecified,4489605,8.8,0.5,6.1,6.1,0.0,14.0,55,14.5,24.8,284,Drizzle: Dense,1,1,
22581,2021-12-25 08:40:00,40.741676,-73.86756,1,0,Passing Too Closely,4489672,8.8,0.5,6.1,6.1,0.0,14.0,55,14.5,24.8,284,Drizzle: Dense,1,1,
22582,2021-12-12 01:00:00,40.727867,-73.99315,0,0,Passing or Lane Usage Improper,4490066,13.0,3.4,0.5,0.5,0.0,1.0,53,32.4,62.6,284,Drizzle: Moderate,0,0,
22583,2021-12-23 14:35:00,40.725433,-73.951744,0,0,Driver Inattention/Distraction,4490007,2.1,-2.3,0.0,0.0,0.0,0.0,3,20.1,35.6,299,Overcast,0,0,
22584,2021-12-23 20:28:00,40.68717,-73.89231,0,0,Obstruction/Debris,4490021,2.1,-2.3,0.0,0.0,0.0,0.0,3,20.1,35.6,299,Overcast,0,0,
22585,2021-12-25 16:28:00,40.874897,-73.88043,0,0,Unsafe Speed,4489483,8.8,0.5,6.1,6.1,0.0,14.0,55,14.5,24.8,284,Drizzle: Dense,0,0,
22586,2021-12-18 20:25:00,40.79944,-73.95531,1,0,Pedestrian/Bicyclist/Other Pedestrian Error/Confusion,4489921,6.3,4.5,3.8,3.8,0.0,9.0,61,12.3,24.5,35,Rain: Light,1,1,
22587,2021-12-25 05:00:00,40.692013,-73.84738,0,0,Passing Too Closely,4489521,8.8,0.5,6.1,6.1,0.0,14.0,55,14.5,24.8,284,Drizzle: Dense,0,0,
22588,2021-12-24 17:46:00,40.7441,-73.99565,0,0,Driver Inattention/Distraction,4489966,5.7,-1.1,1.0,0.0,0.7,5.0,73,12.4,21.6,73,Snow fall: Moderate,0,0,Snowy Conditions
22589,2021-12-25 01:20:00,40.72224,-73.9863,1,0,Unspecified,4489463,8.8,0.5,6.1,6.1,0.0,14.0,55,14.5,24.8,284,Drizzle: Dense,1,1,
22590,2021-12-25 21:46:00,40.66955,-73.94497,3,0,Driver Inattention/Distraction,4489696,8.8,0.5,6.1,6.1,0.0,14.0,55,14.5,24.8,284,Drizzle: Dense,3,3,
22591,2021-11-29 06:00:00,40.82503,-73.93122,0,0,Turning Improperly,4490005,5.8,-0.8,0.4,0.4,0.0,3.0,51,20.6,38.2,312,Drizzle: Light,0,0,
22592,2021-12-25 17:27:00,40.75969,-73.863914,0,0,Backing Unsafely,4489948,8.8,0.5,6.1,6.1,0.0,14.0,55,14.5,24.8,284,Drizzle: Dense,0,0,
22593,2021-12-25 01:00:00,40.762794,-73.83558,0,0,Pavement Slippery,4489552,8.8,0.5,6.1,6.1,0.0,14.0,55,14.5,24.8,284,Drizzle: Dense,0,0,
22594,2021-12-25 18:05:00,40.6762,-73.84003,1,0,Driver Inattention/Distraction,4489805,8.8,0.5,6.1,6.1,0.0,14.0,55,14.5,24.8,284,Drizzle: Dense,1,1,
22595,2021-12-25 13:30:00,40.825912,-73.83647,0,0,Driver Inattention/Distraction,4489754,8.8,0.5,6.1,6.1,0.0,14.0,55,14.5,24.8,284,Drizzle: Dense,0,0,
22596,2021-12-16 17:50:00,40.649895,-73.90762,0,0,Unspecified,4490074,14.6,9.9,0.0,0.0,0.0,0.0,3,22.4,38.5,222,Overcast,0,0,
22597,2021-12-25 03:15:00,40.683056,-73.81939,0,0,Passing or Lane Usage Improper,4489831,8.8,0.5,6.1,6.1,0.0,14.0,55,14.5,24.8,284,Drizzle: Dense,0,0,
22598,2021-12-25 16:34:00,40.749172,-73.967026,2,0,Unsafe Speed,4489541,8.8,0.5,6.1,6.1,0.0,14.0,55,14.5,24.8,284,Drizzle: Dense,2,2,
22599,2021-12-25 04:30:00,40.62353,-73.98215,0,0,Unspecified,4489512,8.8,0.5,6.1,6.1,0.0,14.0,55,14.5,24.8,284,Drizzle: Dense,0,0,
22600,2021-12-19 16:50:00,40.836945,-73.86342,0,0,Unspecified,4489976,7.1,-1.8,0.5,0.5,0.0,4.0,51,26.4,47.5,327,Drizzle: Light,0,0,
22601,2021-12-17 13:50:00,40.78832,-73.941025,1,0,Unspecified,4490025,13.9,6.1,0.0,0.0,0.0,0.0,3,21.5,37.1,265,Overcast,1,1,
22602,2021-12-25 06:30:00,40.880657,-73.877625,1,0,,4489621,8.8,0.5,6.1,6.1,0.0,14.0,55,14.5,24.8,284,Drizzle: Dense,1,1,
22603,2021-12-25 04:20:00,40.807087,-73.94178,3,0,Driver Inattention/Distraction,4489884,8.8,0.5,6.1,6.1,0.0,14.0,55,14.5,24.8,284,Drizzle: Dense,3,3,
22604,2021-12-21 14:48:00,40.684006,-74.001656,0,0,Unspecified,4489997,5.7,-2.4,0.0,0.0,0.0,0.0,3,13.6,24.5,228,Overcast,0,0,
22605,2021-12-17 14:25:00,40.727013,-73.81079,1,0,Turning Improperly,4489944,13.9,6.1,0.0,0.0,0.0,0.0,3,21.5,37.1,265,Overcast,1,1,
22606,2021-12-25 14:38:00,40.637096,-74.03742,2,0,Driver Inattention/Distraction,4489498,8.8,0.5,6.1,6.1,0.0,14.0,55,14.5,24.8,284,Drizzle: Dense,2,2,
22607,2021-12-25 04:45:00,40.683655,-73.78266,0,0,Pavement Slippery,4489458,8.8,0.5,6.1,6.1,0.0,14.0,55,14.5,24.8,284,Drizzle: Dense,0,0,
22608,2021-12-25 22:01:00,40.740784,-73.815,1,0,Unspecified,4489707,8.8,0.5,6.1,6.1,0.0,14.0,55,14.5,24.8,284,Drizzle: Dense,1,1,
22609,2021-12-25 14:40:00,40.75045,-73.9873,0,0,Turning Improperly,4489907,8.8,0.5,6.1,6.1,0.0,14.0,55,14.5,24.8,284,Drizzle: Dense,0,0,
22610,2021-12-25 06:23:00,40.692936,-73.87777,0,0,Unspecified,4489638,8.8,0.5,6.1,6.1,0.0,14.0,55,14.5,24.8,284,Drizzle: Dense,0,0,
22611,2021-12-21 12:00:00,40.69122,-73.93969,0,0,Passing Too Closely,4490110,5.7,-2.4,0.0,0.0,0.0,0.0,3,13.6,24.5,228,Overcast,0,0,
22612,2021-12-20 19:20:00,40.826675,-73.90023,3,0,Unspecified,4489963,1.8,-4.4,0.0,0.0,0.0,0.0,2,17.9,32.8,282,Partly cloudy,3,3,
22613,2021-12-25 10:35:00,40.642242,-73.910774,3,0,Unspecified,4489535,8.8,0.5,6.1,6.1,0.0,14.0,55,14.5,24.8,284,Drizzle: Dense,3,3,
22614,2021-12-21 09:00:00,40.724255,-73.91251,1,0,Unspecified,4489993,5.7,-2.4,0.0,0.0,0.0,0.0,3,13.6,24.5,228,Overcast,1,1,
22615,2021-12-23 06:45:00,40.7523,-73.87627,0,0,Unspecified,4489953,2.1,-2.3,0.0,0.0,0.0,0.0,3,20.1,35.6,299,Overcast,0,0,
22616,2021-12-25 10:45:00,40.689114,-73.82753,0,0,Unspecified,4489520,8.8,0.5,6.1,6.1,0.0,14.0,55,14.5,24.8,284,Drizzle: Dense,0,0,
22617,2021-12-25 14:08:00,40.625774,-74.08338,0,0,Unspecified,4489606,8.8,0.5,6.1,6.1,0.0,14.0,55,14.5,24.8,284,Drizzle: Dense,0,0,
22618,2021-11-20 15:35:00,40.654728,-73.97879,0,0,Unsafe Lane Changing,4490035,6.8,0.2,0.0,0.0,0.0,0.0,3,13.8,25.6,219,Overcast,0,0,
22619,2021-11-02 16:00:00,40.790627,-73.942444,1,0,Passenger Distraction,4490022,11.4,7.0,0.6,0.6,0.0,4.0,51,14.1,28.1,271,Drizzle: Light,1,1,
22620,2021-12-25 12:15:00,40.76616,-73.82091,0,0,Failure to Yield Right-of-Way,4489494,8.8,0.5,6.1,6.1,0.0,14.0,55,14.5,24.8,284,Drizzle: Dense,0,0,
22621,2021-12-23 07:18:00,40.68723,-73.941795,1,0,Driver Inattention/Distraction,4490101,2.1,-2.3,0.0,0.0,0.0,0.0,3,20.1,35.6,299,Overcast,1,1,
22622,2021-12-25 22:00:00,40.823284,-73.88762,0,0,Unspecified,4489845,8.8,0.5,6.1,6.1,0.0,14.0,55,14.5,24.8,284,Drizzle: Dense,0,0,
22623,2021-12-25 03:15:00,40.768875,-73.90852,0,0,Other Vehicular,4489429,8.8,0.5,6.1,6.1,0.0,14.0,55,14.5,24.8,284,Drizzle: Dense,0,0,
22624,2021-12-24 20:26:00,40.854244,-73.91557,0,0,Unsafe Lane Changing,4489918,5.7,-1.1,1.0,0.0,0.7,5.0,73,12.4,21.6,73,Snow fall: Moderate,0,0,Snowy Conditions
22625,2021-12-25 21:00:00,40.61156,-73.98382,0,0,Driver Inattention/Distraction,4489941,8.8,0.5,6.1,6.1,0.0,14.0,55,14.5,24.8,284,Drizzle: Dense,0,0,
22626,2021-12-25 19:00:00,40.71312,-73.83376,0,0,Unsafe Speed,4489726,8.8,0.5,6.1,6.1,0.0,14.0,55,14.5,24.8,284,Drizzle: Dense,0,0,
22627,2021-12-25 14:05:00,40.727592,-73.9853,1,0,Passing or Lane Usage Improper,4490050,8.8,0.5,6.1,6.1,0.0,14.0,55,14.5,24.8,284,Drizzle: Dense,1,1,
22628,2021-12-25 04:24:00,40.824917,-73.9139,0,0,Unspecified,4489789,8.8,0.5,6.1,6.1,0.0,14.0,55,14.5,24.8,284,Drizzle: Dense,0,0,
22629,2021-12-17 07:00:00,40.73337,-73.760605,0,0,Alcohol Involvement,4489932,13.9,6.1,0.0,0.0,0.0,0.0,3,21.5,37.1,265,Overcast,0,0,
22630,2021-12-25 20:30:00,40.65619,-73.930855,0,0,Unspecified,4489577,8.8,0.5,6.1,6.1,0.0,14.0,55,14.5,24.8,284,Drizzle: Dense,0,0,
22631,2021-12-25 10:35:00,40.588512,-73.949356,1,0,Failure to Yield Right-of-Way,4489470,8.8,0.5,6.1,6.1,0.0,14.0,55,14.5,24.8,284,Drizzle: Dense,1,1,
22632,2021-12-17 10:28:00,40.747734,-73.883,0,0,Unspecified,4489982,13.9,6.1,0.0,0.0,0.0,0.0,3,21.5,37.1,265,Overcast,0,0,
22633,2021-12-25 03:45:00,40.58493,-73.95269,1,0,Driver Inattention/Distraction,4490069,8.8,0.5,6.1,6.1,0.0,14.0,55,14.5,24.8,284,Drizzle: Dense,1,1,
22634,2021-12-25 17:53:00,40.642708,-73.91006,0,0,Unspecified,4489674,8.8,0.5,6.1,6.1,0.0,14.0,55,14.5,24.8,284,Drizzle: Dense,0,0,
22635,2021-12-25 18:26:00,40.604393,-73.96532,1,0,Failure to Yield Right-of-Way,4489659,8.8,0.5,6.1,6.1,0.0,14.0,55,14.5,24.8,284,Drizzle: Dense,1,1,
22636,2021-12-24 23:25:00,40.55554,-74.17562,0,0,Alcohol Involvement,4490014,5.7,-1.1,1.0,0.0,0.7,5.0,73,12.4,21.6,73,Snow fall: Moderate,0,0,Snowy Conditions
22637,2021-12-25 08:00:00,40.7055,-73.78886,0,0,Passing Too Closely,4489768,8.8,0.5,6.1,6.1,0.0,14.0,55,14.5,24.8,284,Drizzle: Dense,0,0,
22638,2021-12-25 15:00:00,40.65142,-73.93716,0,0,Driver Inattention/Distraction,4489858,8.8,0.5,6.1,6.1,0.0,14.0,55,14.5,24.8,284,Drizzle: Dense,0,0,
22639,2021-12-14 15:45:00,40.751232,-73.983406,0,0,Driver Inexperience,4489910,10.4,3.1,0.0,0.0,0.0,0.0,3,18.5,31.3,322,Overcast,0,0,
22640,2021-12-25 22:10:00,40.84297,-73.84877,1,0,Unspecified,4489741,8.8,0.5,6.1,6.1,0.0,14.0,55,14.5,24.8,284,Drizzle: Dense,1,1,
22641,2021-12-23 13:40:00,40.679035,-73.938515,0,0,Driver Inattention/Distraction,4490114,2.1,-2.3,0.0,0.0,0.0,0.0,3,20.1,35.6,299,Overcast,0,0,
22642,2021-12-25 16:28:00,40.828262,-73.909065,0,0,Unspecified,4489812,8.8,0.5,6.1,6.1,0.0,14.0,55,14.5,24.8,284,Drizzle: Dense,0,0,
22643,2021-05-24 14:22:00,40.684006,-74.001656,1,0,Passing or Lane Usage Improper,4420165,18.9,13.7,0.0,0.0,0.0,0.0,3,22.4,44.3,126,Overcast,1,1,
22644,2022-06-30 17:50:00,40.7684,-73.73755,0,0,Driver Inattention/Distraction,4542520,31.2,17.3,0.0,0.0,0.0,0.0,2,19.1,37.4,274,Partly cloudy,0,0,
22645,2022-06-29 08:00:00,40.652462,-73.92285,0,0,Traffic Control Disregarded,4542223,29.0,17.7,0.0,0.0,0.0,0.0,3,27.2,51.5,195,Overcast,0,0,
22646,2022-06-29 23:45:00,40.575813,-74.11979,0,0,Driver Inattention/Distraction,4542131,29.0,17.7,0.0,0.0,0.0,0.0,3,27.2,51.5,195,Overcast,0,0,
22647,2022-06-28 16:12:00,40.679665,-73.93634,0,0,Driver Inattention/Distraction,4542967,27.5,19.1,0.0,0.0,0.0,0.0,3,14.4,28.4,334,Overcast,0,0,
22648,2022-06-29 21:48:00,40.84955,-73.85305,1,0,Driver Inattention/Distraction,4542537,29.0,17.7,0.0,0.0,0.0,0.0,3,27.2,51.5,195,Overcast,1,1,
22649,2022-06-29 19:47:00,40.7968,-73.929375,0,0,Alcohol Involvement,4543052,29.0,17.7,0.0,0.0,0.0,0.0,3,27.2,51.5,195,Overcast,0,0,
22650,2022-06-17 15:00:00,40.607838,-74.0872,0,0,Following Too Closely,4543046,31.8,19.1,0.0,0.0,0.0,0.0,3,30.4,55.4,268,Overcast,0,0,
22651,2022-06-29 11:45:00,40.75406,-73.9186,0,0,Unspecified,4541827,29.0,17.7,0.0,0.0,0.0,0.0,3,27.2,51.5,195,Overcast,0,0,
22652,2022-06-29 22:29:00,40.745365,-73.88834,0,0,Traffic Control Disregarded,4541998,29.0,17.7,0.0,0.0,0.0,0.0,3,27.2,51.5,195,Overcast,0,0,
22653,2022-06-24 13:59:00,40.825623,-73.90481,0,0,Unspecified,4542409,26.7,14.6,1.0,1.0,0.0,6.0,51,19.2,37.4,204,Drizzle: Light,0,0,
22654,2022-06-29 12:31:00,40.74169,-73.923744,1,0,Driver Inattention/Distraction,4542088,29.0,17.7,0.0,0.0,0.0,0.0,3,27.2,51.5,195,Overcast,1,1,
22655,2022-06-29 21:50:00,40.69382,-73.72694,0,0,Failure to Yield Right-of-Way,4541972,29.0,17.7,0.0,0.0,0.0,0.0,3,27.2,51.5,195,Overcast,0,0,
22656,2022-07-01 00:12:00,40.6338,-73.8897,0,0,Driver Inattention/Distraction,4542347,33.7,20.2,0.1,0.1,0.0,1.0,51,32.3,58.0,215,Drizzle: Light,0,0,
22657,2022-06-30 10:05:00,40.626904,-73.99225,0,0,Unspecified,4542359,31.2,17.3,0.0,0.0,0.0,0.0,2,19.1,37.4,274,Partly cloudy,0,0,
22658,2022-06-30 21:51:00,40.817146,-73.84573,1,0,Driver Inattention/Distraction,4542552,31.2,17.3,0.0,0.0,0.0,0.0,2,19.1,37.4,274,Partly cloudy,1,1,
22659,2022-06-27 07:51:00,40.713062,-73.90891,0,0,Turning Improperly,4542634,26.2,19.8,11.7,11.7,0.0,9.0,63,20.5,43.2,224,Rain: Moderate,0,0,