,CRASH DATETIME,LATITUDE,LONGITUDE,NUMBER OF PERSONS INJURED,NUMBER OF PERSONS KILLED,CONTRIBUTING FACTOR VEHICLE 1,COLLISION_ID,temperature_2m_max,temperature_2m_min,precipitation_sum,rain_sum,snowfall_sum,precipitation_hours,weather_code,wind_speed_10m_max,wind_gusts_10m_max,wind_direction_10m_dominant,Weather Description,Severity_Score,Total_Affected_Persons,Weather_Category
22660,2022-06-30 17:15:00,40.734314,-73.93803,1,0,Driver Inattention/Distraction,4542292,31.2,17.3,0.0,0.0,0.0,0.0,2,19.1,37.4,274,Partly cloudy,1,1,
22661,2022-07-01 17:30:00,40.742477,-73.87314,0,0,Driver Inattention/Distraction,4542865,33.7,20.2,0.1,0.1,0.0,1.0,51,32.3,58.0,215,Drizzle: Light,0,0,
22662,2022-07-01 23:29:00,40.623875,-73.93547,1,0,Driver Inattention/Distraction,4542597,33.7,20.2,0.1,0.1,0.0,1.0,51,32.3,58.0,215,Drizzle: Light,1,1,
22663,2022-06-29 12:00:00,40.717155,-73.94924,4,0,Unspecified,4543024,29.0,17.7,0.0,0.0,0.0,0.0,3,27.2,51.5,195,Overcast,4,4,
22664,2022-06-29 20:45:00,40.733433,-73.86418,0,0,Unspecified,4542391,29.0,17.7,0.0,0.0,0.0,0.0,3,27.2,51.5,195,Overcast,0,0,
22665,2022-07-01 08:41:00,40.801125,-73.92988,0,0,Unspecified,4542502,33.7,20.2,0.1,0.1,0.0,1.0,51,32.3,58.0,215,Drizzle: Light,0,0,
22666,2022-06-30 04:13:00,40.87485,-73.84935,0,0,Passing Too Closely,4542895,31.2,17.3,0.0,0.0,0.0,0.0,2,19.1,37.4,274,Partly cloudy,0,0,
22667,2022-06-28 12:00:00,40.790417,-73.95184,0,0,Driver Inexperience,4542465,27.5,19.1,0.0,0.0,0.0,0.0,3,14.4,28.4,334,Overcast,0,0,
22668,2022-07-01 12:00:00,40.65108,-73.94459,0,0,Unspecified,4542679,33.7,20.2,0.1,0.1,0.0,1.0,51,32.3,58.0,215,Drizzle: Light,0,0,
22669,2022-07-01 15:47:00,40.861828,-73.89286,0,0,Following Too Closely,4542662,33.7,20.2,0.1,0.1,0.0,1.0,51,32.3,58.0,215,Drizzle: Light,0,0,
22670,2022-06-26 11:45:00,40.674736,-73.925,0,0,Other Vehicular,4542946,30.8,19.9,0.0,0.0,0.0,0.0,3,30.9,55.8,188,Overcast,0,0,
22671,2022-06-30 17:28:00,40.75657,-73.87585,0,0,Driver Inattention/Distraction,4542301,31.2,17.3,0.0,0.0,0.0,0.0,2,19.1,37.4,274,Partly cloudy,0,0,
22672,2022-06-29 17:58:00,40.78503,-73.94058,1,0,Other Vehicular,4543078,29.0,17.7,0.0,0.0,0.0,0.0,3,27.2,51.5,195,Overcast,1,1,
22673,2022-06-28 05:30:00,40.826256,-73.90166,0,0,Unspecified,4542406,27.5,19.1,0.0,0.0,0.0,0.0,3,14.4,28.4,334,Overcast,0,0,
22674,2022-06-29 14:45:00,40.70678,-73.85472,2,0,Other Vehicular,4542176,29.0,17.7,0.0,0.0,0.0,0.0,3,27.2,51.5,195,Overcast,2,2,
22675,2022-06-29 18:30:00,40.716824,-73.82019,2,0,Following Too Closely,4542419,29.0,17.7,0.0,0.0,0.0,0.0,3,27.2,51.5,195,Overcast,2,2,
22676,2022-06-26 22:28:00,40.656044,-73.90724,0,0,Unspecified,4542796,30.8,19.9,0.0,0.0,0.0,0.0,3,30.9,55.8,188,Overcast,0,0,
22677,2022-06-29 10:59:00,40.61146,-73.92437,0,0,Driver Inattention/Distraction,4543001,29.0,17.7,0.0,0.0,0.0,0.0,3,27.2,51.5,195,Overcast,0,0,
22678,2022-07-01 17:04:00,40.62671,-74.00436,1,0,Driver Inattention/Distraction,4542566,33.7,20.2,0.1,0.1,0.0,1.0,51,32.3,58.0,215,Drizzle: Light,1,1,
22679,2022-06-30 09:49:00,40.659702,-73.8786,0,0,Unspecified,4542434,31.2,17.3,0.0,0.0,0.0,0.0,2,19.1,37.4,274,Partly cloudy,0,0,
22680,2022-06-30 17:25:00,40.82833,-73.85021,0,0,Driver Inattention/Distraction,4542551,31.2,17.3,0.0,0.0,0.0,0.0,2,19.1,37.4,274,Partly cloudy,0,0,
22681,2022-06-29 22:34:00,40.644447,-73.984406,1,0,Failure to Yield Right-of-Way,4543158,29.0,17.7,0.0,0.0,0.0,0.0,3,27.2,51.5,195,Overcast,1,1,
22682,2022-06-29 08:54:00,40.601734,-73.935036,1,0,Failure to Yield Right-of-Way,4542529,29.0,17.7,0.0,0.0,0.0,0.0,3,27.2,51.5,195,Overcast,1,1,
22683,2022-06-29 13:30:00,40.607117,-73.98843,2,0,Unspecified,4541922,29.0,17.7,0.0,0.0,0.0,0.0,3,27.2,51.5,195,Overcast,2,2,
22684,2022-06-29 09:00:00,40.7524,-73.777985,1,0,Driver Inattention/Distraction,4542213,29.0,17.7,0.0,0.0,0.0,0.0,3,27.2,51.5,195,Overcast,1,1,
22685,2022-06-21 16:36:00,40.83611,-73.92238,3,0,Failure to Yield Right-of-Way,4543165,26.0,14.6,1.0,1.0,0.0,3.0,53,13.0,24.1,175,Drizzle: Moderate,3,3,
22686,2022-06-29 08:03:00,40.821484,-73.91218,2,0,Driver Inattention/Distraction,4542145,29.0,17.7,0.0,0.0,0.0,0.0,3,27.2,51.5,195,Overcast,2,2,
22687,2022-06-29 08:25:00,40.861862,-73.91275,4,0,Passing or Lane Usage Improper,4541875,29.0,17.7,0.0,0.0,0.0,0.0,3,27.2,51.5,195,Overcast,4,4,
22688,2022-06-29 12:20:00,40.76025,-73.96753,0,0,Other Vehicular,4541955,29.0,17.7,0.0,0.0,0.0,0.0,3,27.2,51.5,195,Overcast,0,0,
22689,2022-06-28 19:16:00,40.70166,-73.961464,1,0,Driver Inattention/Distraction,4543117,27.5,19.1,0.0,0.0,0.0,0.0,3,14.4,28.4,334,Overcast,1,1,
22690,2022-06-30 07:15:00,40.581924,-73.95395,0,0,Unspecified,4542524,31.2,17.3,0.0,0.0,0.0,0.0,2,19.1,37.4,274,Partly cloudy,0,0,
22691,2022-06-29 18:33:00,40.70457,-73.76871,0,0,Alcohol Involvement,4542248,29.0,17.7,0.0,0.0,0.0,0.0,3,27.2,51.5,195,Overcast,0,0,
22692,2022-06-29 10:54:00,40.68876,-73.98085,1,0,Failure to Yield Right-of-Way,4541819,29.0,17.7,0.0,0.0,0.0,0.0,3,27.2,51.5,195,Overcast,1,1,
22693,2022-06-26 10:20:00,40.83228,-73.871315,2,0,Unspecified,4542541,30.8,19.9,0.0,0.0,0.0,0.0,3,30.9,55.8,188,Overcast,2,2,
22694,2022-06-30 08:27:00,40.6774,-73.994545,0,0,Unspecified,4542392,31.2,17.3,0.0,0.0,0.0,0.0,2,19.1,37.4,274,Partly cloudy,0,0,
22695,2022-06-22 09:00:00,40.61185,-74.010254,0,0,Driver Inattention/Distraction,4542492,20.6,16.7,3.3,3.3,0.0,11.0,53,23.2,43.9,127,Drizzle: Moderate,0,0,
22696,2022-07-01 23:40:00,40.70663,-73.806595,1,0,Driver Inattention/Distraction,4542775,33.7,20.2,0.1,0.1,0.0,1.0,51,32.3,58.0,215,Drizzle: Light,1,1,
22697,2022-06-29 11:00:00,40.728985,-73.97696,0,0,Unspecified,4542973,29.0,17.7,0.0,0.0,0.0,0.0,3,27.2,51.5,195,Overcast,0,0,
22698,2022-06-28 12:45:00,40.729004,-73.79781,0,0,Other Vehicular,4542424,27.5,19.1,0.0,0.0,0.0,0.0,3,14.4,28.4,334,Overcast,0,0,
22699,2022-06-30 15:13:00,40.706264,-73.75866,1,0,Driver Inattention/Distraction,4542297,31.2,17.3,0.0,0.0,0.0,0.0,2,19.1,37.4,274,Partly cloudy,1,1,
22700,2022-07-01 09:00:00,40.65269,-73.86382,0,0,Reaction to Uninvolved Vehicle,4542445,33.7,20.2,0.1,0.1,0.0,1.0,51,32.3,58.0,215,Drizzle: Light,0,0,
22701,2022-06-29 16:00:00,40.658577,-73.89063,0,0,Driver Inattention/Distraction,4542059,29.0,17.7,0.0,0.0,0.0,0.0,3,27.2,51.5,195,Overcast,0,0,
22702,2022-06-30 21:00:00,40.67546,-73.73385,1,0,Following Too Closely,4542352,31.2,17.3,0.0,0.0,0.0,0.0,2,19.1,37.4,274,Partly cloudy,1,1,
22703,2022-06-30 00:00:00,40.87078,-73.90686,0,0,Driver Inattention/Distraction,4542355,31.2,17.3,0.0,0.0,0.0,0.0,2,19.1,37.4,274,Partly cloudy,0,0,
22704,2022-06-29 00:25:00,40.761993,-73.75849,0,0,Fell Asleep,4541657,29.0,17.7,0.0,0.0,0.0,0.0,3,27.2,51.5,195,Overcast,0,0,
22705,2022-06-24 16:00:00,40.75053,-73.89298,0,0,Unspecified,4542413,26.7,14.6,1.0,1.0,0.0,6.0,51,19.2,37.4,204,Drizzle: Light,0,0,
22706,2022-06-30 04:06:00,40.85551,-73.89289,0,0,Driver Inattention/Distraction,4542100,31.2,17.3,0.0,0.0,0.0,0.0,2,19.1,37.4,274,Partly cloudy,0,0,
22707,2022-06-30 01:00:00,40.764614,-73.95833,2,0,Unsafe Speed,4543079,31.2,17.3,0.0,0.0,0.0,0.0,2,19.1,37.4,274,Partly cloudy,2,2,
22708,2022-06-29 09:05:00,40.605427,-74.0762,0,0,Passing or Lane Usage Improper,4542127,29.0,17.7,0.0,0.0,0.0,0.0,3,27.2,51.5,195,Overcast,0,0,
22709,2022-06-29 09:55:00,40.749283,-73.756645,0,0,Unsafe Lane Changing,4542460,29.0,17.7,0.0,0.0,0.0,0.0,3,27.2,51.5,195,Overcast,0,0,
22710,2022-07-01 12:40:00,40.757637,-73.73976,0,0,Failure to Yield Right-of-Way,4542630,33.7,20.2,0.1,0.1,0.0,1.0,51,32.3,58.0,215,Drizzle: Light,0,0,
22711,2022-06-30 12:06:00,40.72293,-73.847336,0,0,Driver Inattention/Distraction,4542387,31.2,17.3,0.0,0.0,0.0,0.0,2,19.1,37.4,274,Partly cloudy,0,0,
22712,2022-07-01 10:18:00,40.847324,-73.90375,0,0,Passing Too Closely,4542477,33.7,20.2,0.1,0.1,0.0,1.0,51,32.3,58.0,215,Drizzle: Light,0,0,
22713,2022-06-29 14:20:00,40.685936,-73.82594,0,0,Passing or Lane Usage Improper,4542007,29.0,17.7,0.0,0.0,0.0,0.0,3,27.2,51.5,195,Overcast,0,0,
22714,2022-07-01 18:30:00,40.85084,-73.78825,0,0,Unsafe Lane Changing,4543091,33.7,20.2,0.1,0.1,0.0,1.0,51,32.3,58.0,215,Drizzle: Light,0,0,
22715,2021-09-27 15:00:00,40.69597,-73.91337,0,0,Driver Inattention/Distraction,4462818,25.9,14.6,0.0,0.0,0.0,0.0,3,24.1,45.0,233,Overcast,0,0,
22716,2022-06-30 16:15:00,40.757874,-73.788506,0,0,Driver Inattention/Distraction,4542275,31.2,17.3,0.0,0.0,0.0,0.0,2,19.1,37.4,274,Partly cloudy,0,0,
22717,2022-07-01 10:00:00,40.79148,-73.81133,0,0,Failure to Yield Right-of-Way,4542556,33.7,20.2,0.1,0.1,0.0,1.0,51,32.3,58.0,215,Drizzle: Light,0,0,
22718,2022-06-30 18:30:00,40.804054,-73.91369,0,0,Passing or Lane Usage Improper,4542593,31.2,17.3,0.0,0.0,0.0,0.0,2,19.1,37.4,274,Partly cloudy,0,0,
22719,2022-07-01 05:23:00,40.71437,-73.946075,0,0,Driver Inattention/Distraction,4543029,33.7,20.2,0.1,0.1,0.0,1.0,51,32.3,58.0,215,Drizzle: Light,0,0,
22720,2022-06-26 11:50:00,40.6674,-73.773636,0,0,Cell Phone (hand-Held),4542860,30.8,19.9,0.0,0.0,0.0,0.0,3,30.9,55.8,188,Overcast,0,0,
22721,2022-07-01 12:45:00,40.753395,-73.79243,0,0,Driver Inattention/Distraction,4542519,33.7,20.2,0.1,0.1,0.0,1.0,51,32.3,58.0,215,Drizzle: Light,0,0,
22722,2022-06-13 01:15:00,40.599262,-73.96577,0,0,Driver Inattention/Distraction,4542824,27.7,17.8,6.8,6.8,0.0,9.0,63,12.1,32.0,254,Rain: Moderate,0,0,
22723,2022-06-28 16:30:00,40.761993,-73.942474,1,0,Alcohol Involvement,4542658,27.5,19.1,0.0,0.0,0.0,0.0,3,14.4,28.4,334,Overcast,1,1,
22724,2022-06-28 14:40:00,40.66323,-73.93161,0,0,Following Too Closely,4542910,27.5,19.1,0.0,0.0,0.0,0.0,3,14.4,28.4,334,Overcast,0,0,
22725,2022-06-22 15:35:00,40.67794,-73.96567,0,0,Passing Too Closely,4542953,20.6,16.7,3.3,3.3,0.0,11.0,53,23.2,43.9,127,Drizzle: Moderate,0,0,
22726,2022-06-29 06:30:00,40.77677,-73.93453,0,0,Driver Inattention/Distraction,4542032,29.0,17.7,0.0,0.0,0.0,0.0,3,27.2,51.5,195,Overcast,0,0,
22727,2022-06-27 13:56:00,40.771103,-73.96383,1,0,Traffic Control Disregarded,4543073,26.2,19.8,11.7,11.7,0.0,9.0,63,20.5,43.2,224,Rain: Moderate,1,1,
22728,2022-06-27 18:26:00,40.843975,-73.913864,0,0,Following Too Closely,4542402,26.2,19.8,11.7,11.7,0.0,9.0,63,20.5,43.2,224,Rain: Moderate,0,0,
22729,2022-06-26 01:30:00,40.588863,-73.92454,0,0,Driver Inattention/Distraction,4542534,30.8,19.9,0.0,0.0,0.0,0.0,3,30.9,55.8,188,Overcast,0,0,
22730,2022-07-01 11:54:00,40.70024,-73.7538,1,0,Failure to Yield Right-of-Way,4542514,33.7,20.2,0.1,0.1,0.0,1.0,51,32.3,58.0,215,Drizzle: Light,1,1,
22731,2022-07-01 13:50:00,40.637196,-74.14953,1,0,Driver Inattention/Distraction,4542805,33.7,20.2,0.1,0.1,0.0,1.0,51,32.3,58.0,215,Drizzle: Light,1,1,
22732,2022-06-22 00:20:00,40.683037,-73.9261,0,0,Unspecified,4542962,20.6,16.7,3.3,3.3,0.0,11.0,53,23.2,43.9,127,Drizzle: Moderate,0,0,
22733,2022-07-01 09:06:00,40.691772,-73.934944,0,0,Passing Too Closely,4542978,33.7,20.2,0.1,0.1,0.0,1.0,51,32.3,58.0,215,Drizzle: Light,0,0,
22734,2022-07-01 18:00:00,40.70281,-73.74387,0,0,Unspecified,4542583,33.7,20.2,0.1,0.1,0.0,1.0,51,32.3,58.0,215,Drizzle: Light,0,0,
22735,2022-06-30 23:45:00,40.688656,-73.79562,1,0,Traffic Control Device Improper/Non-Working,4542451,31.2,17.3,0.0,0.0,0.0,0.0,2,19.1,37.4,274,Partly cloudy,1,1,
22736,2022-06-18 15:02:00,40.878498,-73.90646,0,0,Failure to Yield Right-of-Way,4542724,21.6,15.3,0.0,0.0,0.0,0.0,3,30.9,59.4,320,Overcast,0,0,
22737,2022-06-30 02:40:00,40.835472,-73.8669,1,0,Reaction to Uninvolved Vehicle,4542546,31.2,17.3,0.0,0.0,0.0,0.0,2,19.1,37.4,274,Partly cloudy,1,1,
22738,2022-07-01 14:55:00,40.75426,-73.74334,0,0,Unsafe Lane Changing,4542762,33.7,20.2,0.1,0.1,0.0,1.0,51,32.3,58.0,215,Drizzle: Light,0,0,
22739,2022-06-27 10:30:00,40.73736,-73.934074,0,0,Unsafe Speed,4542654,26.2,19.8,11.7,11.7,0.0,9.0,63,20.5,43.2,224,Rain: Moderate,0,0,
22740,2022-06-28 18:46:00,40.718494,-73.86096,2,0,Unspecified,4542833,27.5,19.1,0.0,0.0,0.0,0.0,3,14.4,28.4,334,Overcast,2,2,
22741,2022-06-30 15:00:00,40.676376,-73.92622,0,0,Passing Too Closely,4542956,31.2,17.3,0.0,0.0,0.0,0.0,2,19.1,37.4,274,Partly cloudy,0,0,
22742,2022-06-23 20:00:00,40.75644,-73.94356,0,0,Unspecified,4543128,22.6,15.7,0.8,0.8,0.0,6.0,51,15.6,31.3,127,Drizzle: Light,0,0,
22743,2022-06-29 23:40:00,40.840473,-73.9353,0,0,Unspecified,4542118,29.0,17.7,0.0,0.0,0.0,0.0,3,27.2,51.5,195,Overcast,0,0,
22744,2022-06-29 21:37:00,40.748775,-73.80977,1,0,Failure to Yield Right-of-Way,4541947,29.0,17.7,0.0,0.0,0.0,0.0,3,27.2,51.5,195,Overcast,1,1,
22745,2022-06-29 06:57:00,40.713608,-73.99571,0,0,Driver Inattention/Distraction,4541780,29.0,17.7,0.0,0.0,0.0,0.0,3,27.2,51.5,195,Overcast,0,0,
22746,2022-06-29 13:45:00,40.62307,-74.149315,0,0,Unspecified,4542203,29.0,17.7,0.0,0.0,0.0,0.0,3,27.2,51.5,195,Overcast,0,0,
22747,2022-06-29 22:10:00,40.70559,-73.85824,2,0,Failure to Yield Right-of-Way,4542281,29.0,17.7,0.0,0.0,0.0,0.0,3,27.2,51.5,195,Overcast,2,2,
22748,2022-06-29 14:28:00,40.859444,-73.915985,0,0,Unsafe Lane Changing,4541987,29.0,17.7,0.0,0.0,0.0,0.0,3,27.2,51.5,195,Overcast,0,0,
22749,2022-06-30 02:39:00,40.68631,-73.97445,0,0,Unspecified,4541979,31.2,17.3,0.0,0.0,0.0,0.0,2,19.1,37.4,274,Partly cloudy,0,0,
22750,2022-06-30 01:28:00,40.633682,-73.89868,0,0,Turning Improperly,4542238,31.2,17.3,0.0,0.0,0.0,0.0,2,19.1,37.4,274,Partly cloudy,0,0,
22751,2022-06-30 13:40:00,40.703857,-73.91851,1,0,Backing Unsafely,4542396,31.2,17.3,0.0,0.0,0.0,0.0,2,19.1,37.4,274,Partly cloudy,1,1,
22752,2022-07-01 09:02:00,40.663902,-73.93993,0,0,Driver Inattention/Distraction,4542902,33.7,20.2,0.1,0.1,0.0,1.0,51,32.3,58.0,215,Drizzle: Light,0,0,
22753,2022-06-18 06:42:00,40.823963,-73.80771,0,0,Passing Too Closely,4542561,21.6,15.3,0.0,0.0,0.0,0.0,3,30.9,59.4,320,Overcast,0,0,
22754,2022-07-01 19:35:00,40.70571,-74.00541,0,0,Driver Inattention/Distraction,4542625,33.7,20.2,0.1,0.1,0.0,1.0,51,32.3,58.0,215,Drizzle: Light,0,0,
22755,2022-06-24 18:30:00,40.656643,-74.00527,1,0,Unspecified,4542488,26.7,14.6,1.0,1.0,0.0,6.0,51,19.2,37.4,204,Drizzle: Light,1,1,
22756,2022-07-01 15:19:00,40.74128,-73.82159,1,0,Unspecified,4542780,33.7,20.2,0.1,0.1,0.0,1.0,51,32.3,58.0,215,Drizzle: Light,1,1,
22757,2022-06-29 15:14:00,40.60954,-73.956505,2,0,Failure to Yield Right-of-Way,4542067,29.0,17.7,0.0,0.0,0.0,0.0,3,27.2,51.5,195,Overcast,2,2,
22758,2022-06-29 16:40:00,40.85713,-73.8808,0,0,Driver Inattention/Distraction,4542372,29.0,17.7,0.0,0.0,0.0,0.0,3,27.2,51.5,195,Overcast,0,0,
22759,2022-06-25 20:05:00,40.682205,-73.87173,1,0,Driver Inattention/Distraction,4542441,32.5,18.1,0.0,0.0,0.0,0.0,2,25.0,47.2,224,Partly cloudy,1,1,
22760,2022-07-01 06:20:00,40.778946,-73.96231,1,0,Unsafe Speed,4543083,33.7,20.2,0.1,0.1,0.0,1.0,51,32.3,58.0,215,Drizzle: Light,1,1,
22761,2022-06-30 17:42:00,40.66996,-73.78979,0,0,Reaction to Uninvolved Vehicle,4542456,31.2,17.3,0.0,0.0,0.0,0.0,2,19.1,37.4,274,Partly cloudy,0,0,
22762,2022-06-29 16:28:00,40.744316,-73.958466,0,0,Driver Inattention/Distraction,4542095,29.0,17.7,0.0,0.0,0.0,0.0,3,27.2,51.5,195,Overcast,0,0,
22763,2022-06-23 12:30:00,40.814144,-73.82592,0,0,Unspecified,4542588,22.6,15.7,0.8,0.8,0.0,6.0,51,15.6,31.3,127,Drizzle: Light,0,0,
22764,2022-06-30 16:30:00,40.810276,-73.94738,0,0,Driver Inattention/Distraction,4542473,31.2,17.3,0.0,0.0,0.0,0.0,2,19.1,37.4,274,Partly cloudy,0,0,
22765,2022-06-29 19:52:00,40.666893,-73.80546,0,0,Aggressive Driving/Road Rage,4542011,29.0,17.7,0.0,0.0,0.0,0.0,3,27.2,51.5,195,Overcast,0,0,
22766,2022-06-30 20:15:00,40.86774,-73.85955,2,0,Driver Inattention/Distraction,4542853,31.2,17.3,0.0,0.0,0.0,0.0,2,19.1,37.4,274,Partly cloudy,2,2,
22767,2022-07-01 07:43:00,40.651703,-73.92071,1,0,Unspecified,4542672,33.7,20.2,0.1,0.1,0.0,1.0,51,32.3,58.0,215,Drizzle: Light,1,1,
22768,2022-06-29 18:27:00,40.89276,-73.85256,1,0,Failure to Yield Right-of-Way,4542302,29.0,17.7,0.0,0.0,0.0,0.0,3,27.2,51.5,195,Overcast,1,1,
22769,2022-07-01 15:00:00,40.606182,-74.07613,1,0,Unsafe Lane Changing,4543038,33.7,20.2,0.1,0.1,0.0,1.0,51,32.3,58.0,215,Drizzle: Light,1,1,
22770,2022-06-28 08:00:00,40.75509,-73.94099,0,0,Passing or Lane Usage Improper,4542697,27.5,19.1,0.0,0.0,0.0,0.0,3,14.4,28.4,334,Overcast,0,0,
22771,2022-06-13 07:15:00,40.698696,-73.93477,1,0,Driver Inattention/Distraction,4543010,27.7,17.8,6.8,6.8,0.0,9.0,63,12.1,32.0,254,Rain: Moderate,1,1,
22772,2022-06-28 09:50:00,40.6578,-73.93928,0,0,Passing Too Closely,4542884,27.5,19.1,0.0,0.0,0.0,0.0,3,14.4,28.4,334,Overcast,0,0,
22773,2022-07-01 09:45:00,40.682972,-73.999985,0,0,Unspecified,4542614,33.7,20.2,0.1,0.1,0.0,1.0,51,32.3,58.0,215,Drizzle: Light,0,0,
22774,2022-06-30 14:29:00,40.633083,-74.00558,0,1,Other Vehicular,4542311,31.2,17.3,0.0,0.0,0.0,0.0,2,19.1,37.4,274,Partly cloudy,20,1,
22775,2022-06-11 15:10:00,40.69151,-73.7299,1,0,Following Too Closely,4542741,24.0,15.8,0.2,0.2,0.0,2.0,51,11.4,22.7,280,Drizzle: Light,1,1,
22776,2022-06-30 18:33:00,40.66931,-73.97957,1,0,Driver Inattention/Distraction,4542573,31.2,17.3,0.0,0.0,0.0,0.0,2,19.1,37.4,274,Partly cloudy,1,1,
22777,2022-06-25 18:25:00,40.607285,-73.752975,1,0,Failure to Yield Right-of-Way,4542483,32.5,18.1,0.0,0.0,0.0,0.0,2,25.0,47.2,224,Partly cloudy,1,1,
22778,2022-06-24 08:00:00,40.82406,-73.92815,0,0,Oversized Vehicle,4542930,26.7,14.6,1.0,1.0,0.0,6.0,51,19.2,37.4,204,Drizzle: Light,0,0,
22779,2022-06-29 11:09:00,40.657814,-73.89613,1,0,Unspecified,4542050,29.0,17.7,0.0,0.0,0.0,0.0,3,27.2,51.5,195,Overcast,1,1,
22780,2022-07-10 00:35:00,40.665245,-73.87513,2,0,Driver Inattention/Distraction,4546070,27.7,18.3,0.0,0.0,0.0,0.0,3,23.2,43.6,106,Overcast,2,2,
22781,2022-06-29 15:30:00,40.801155,-73.959656,1,0,Traffic Control Disregarded,4546037,29.0,17.7,0.0,0.0,0.0,0.0,3,27.2,51.5,195,Overcast,1,1,
22782,2022-07-12 10:50:00,40.74726,-73.87445,1,0,Failure to Yield Right-of-Way,4545649,33.7,19.4,0.3,0.3,0.0,3.0,51,31.2,58.0,219,Drizzle: Light,1,1,
22783,2022-07-12 21:45:00,40.753242,-73.96662,1,0,Unspecified,4545724,33.7,19.4,0.3,0.3,0.0,3.0,51,31.2,58.0,219,Drizzle: Light,1,1,
22784,2022-07-12 05:54:00,40.65698,-73.88943,0,0,Passing Too Closely,4546096,33.7,19.4,0.3,0.3,0.0,3.0,51,31.2,58.0,219,Drizzle: Light,0,0,
22785,2021-05-23 19:09:00,40.831055,-73.905846,0,0,Unsafe Speed,4419541,31.4,19.8,0.0,0.0,0.0,0.0,3,28.5,54.4,322,Overcast,0,0,
22786,2021-05-24 08:40:00,40.71523,-73.84791,0,0,Passing or Lane Usage Improper,4420026,18.9,13.7,0.0,0.0,0.0,0.0,3,22.4,44.3,126,Overcast,0,0,
22787,2021-05-24 20:30:00,40.738415,-73.84899,0,0,Following Too Closely,4420075,18.9,13.7,0.0,0.0,0.0,0.0,3,22.4,44.3,126,Overcast,0,0,
22788,2021-05-23 00:01:00,40.76747,-73.75961,3,0,Driver Inattention/Distraction,4420585,31.4,19.8,0.0,0.0,0.0,0.0,3,28.5,54.4,322,Overcast,3,3,
22789,2021-05-23 01:30:00,40.694477,-73.89647,0,0,Passing or Lane Usage Improper,4420552,31.4,19.8,0.0,0.0,0.0,0.0,3,28.5,54.4,322,Overcast,0,0,
22790,2021-05-24 03:00:00,40.73448,-73.92243,0,0,Driver Inattention/Distraction,4419610,18.9,13.7,0.0,0.0,0.0,0.0,3,22.4,44.3,126,Overcast,0,0,
22791,2021-05-22 01:48:00,40.826397,-73.92116,0,0,Unsafe Speed,4420737,30.5,16.5,0.0,0.0,0.0,0.0,3,19.1,36.4,299,Overcast,0,0,
22792,2021-05-24 13:39:00,40.593765,-73.96056,0,0,Driver Inattention/Distraction,4420053,18.9,13.7,0.0,0.0,0.0,0.0,3,22.4,44.3,126,Overcast,0,0,
22793,2021-05-24 16:28:00,40.842564,-73.83842,0,0,Other Vehicular,4420234,18.9,13.7,0.0,0.0,0.0,0.0,3,22.4,44.3,126,Overcast,0,0,
22794,2021-05-24 21:45:00,40.59981,-74.178246,1,0,Driver Inattention/Distraction,4420108,18.9,13.7,0.0,0.0,0.0,0.0,3,22.4,44.3,126,Overcast,1,1,
22795,2021-05-24 18:35:00,40.84543,-73.91399,0,0,Unspecified,4420488,18.9,13.7,0.0,0.0,0.0,0.0,3,22.4,44.3,126,Overcast,0,0,
22796,2021-05-22 10:00:00,40.693924,-73.93577,0,0,Unspecified,4420642,30.5,16.5,0.0,0.0,0.0,0.0,3,19.1,36.4,299,Overcast,0,0,
22797,2021-05-24 16:00:00,40.62362,-73.93561,0,0,Backing Unsafely,4420699,18.9,13.7,0.0,0.0,0.0,0.0,3,22.4,44.3,126,Overcast,0,0,
22798,2021-05-24 02:11:00,40.652927,-73.95708,0,0,Unspecified,4419715,18.9,13.7,0.0,0.0,0.0,0.0,3,22.4,44.3,126,Overcast,0,0,
22799,2021-05-24 16:05:00,40.710197,-73.95843,0,0,Passing or Lane Usage Improper,4420127,18.9,13.7,0.0,0.0,0.0,0.0,3,22.4,44.3,126,Overcast,0,0,
22800,2021-05-24 17:24:00,40.637325,-73.991394,0,0,Unspecified,4420576,18.9,13.7,0.0,0.0,0.0,0.0,3,22.4,44.3,126,Overcast,0,0,
22801,2021-05-19 11:41:00,40.637497,-73.92386,2,0,Unspecified,4420633,28.2,13.6,0.0,0.0,0.0,0.0,3,19.6,40.3,337,Overcast,2,2,
22802,2021-05-24 13:40:00,40.607307,-73.9866,0,0,Driver Inattention/Distraction,4420384,18.9,13.7,0.0,0.0,0.0,0.0,3,22.4,44.3,126,Overcast,0,0,
22803,2021-05-24 05:55:00,40.761353,-73.935394,1,0,Driver Inattention/Distraction,4419783,18.9,13.7,0.0,0.0,0.0,0.0,3,22.4,44.3,126,Overcast,1,1,
22804,2021-05-24 15:08:00,40.584106,-74.08723,0,0,Backing Unsafely,4419988,18.9,13.7,0.0,0.0,0.0,0.0,3,22.4,44.3,126,Overcast,0,0,
22805,2024-05-03 16:10:00,40.52782,-74.18882,1,0,Unspecified,4721851,17.2,9.4,0.0,0.0,0.0,0.0,3,17.2,36.0,94,Overcast,1,1,