,CRASH DATETIME,LATITUDE,LONGITUDE,NUMBER OF PERSONS INJURED,NUMBER OF PERSONS KILLED,CONTRIBUTING FACTOR VEHICLE 1,COLLISION_ID,temperature_2m_max,temperature_2m_min,precipitation_sum,rain_sum,snowfall_sum,precipitation_hours,weather_code,wind_speed_10m_max,wind_gusts_10m_max,wind_direction_10m_dominant,Weather Description,Severity_Score,Total_Affected_Persons,Weather_Category
22806,2021-05-24 16:45:00,40.89624,-73.86785,0,0,Aggressive Driving/Road Rage,4420244,18.9,13.7,0.0,0.0,0.0,0.0,3,22.4,44.3,126,Overcast,0,0,
22807,2021-05-24 09:30:00,40.712215,-73.91117,0,0,Passing Too Closely,4420302,18.9,13.7,0.0,0.0,0.0,0.0,3,22.4,44.3,126,Overcast,0,0,
22808,2021-05-24 09:00:00,40.70861,-73.817,0,0,Unspecified,4419949,18.9,13.7,0.0,0.0,0.0,0.0,3,22.4,44.3,126,Overcast,0,0,
22809,2021-05-24 03:30:00,40.622643,-73.8965,0,0,Outside Car Distraction,4419875,18.9,13.7,0.0,0.0,0.0,0.0,3,22.4,44.3,126,Overcast,0,0,
22810,2021-05-20 08:22:00,40.895725,-73.87482,1,0,Following Too Closely,4420655,22.2,12.5,0.0,0.0,0.0,0.0,3,19.0,38.2,147,Overcast,1,1,
22811,2021-05-24 13:15:00,40.624382,-73.92551,0,0,Unspecified,4420685,18.9,13.7,0.0,0.0,0.0,0.0,3,22.4,44.3,126,Overcast,0,0,
22812,2021-05-22 04:27:00,40.703472,-73.9306,1,0,Driver Inexperience,4420783,30.5,16.5,0.0,0.0,0.0,0.0,3,19.1,36.4,299,Overcast,1,1,
22813,2021-05-24 11:20:00,40.67007,-73.92176,1,0,Backing Unsafely,4419939,18.9,13.7,0.0,0.0,0.0,0.0,3,22.4,44.3,126,Overcast,1,1,
22814,2021-05-24 09:18:00,40.869213,-73.82495,2,0,Unspecified,4419884,18.9,13.7,0.0,0.0,0.0,0.0,3,22.4,44.3,126,Overcast,2,2,
22815,2021-05-23 22:30:00,40.87722,-73.90905,0,0,Unspecified,4420603,31.4,19.8,0.0,0.0,0.0,0.0,3,28.5,54.4,322,Overcast,0,0,
22816,2021-05-24 07:36:00,40.864254,-73.85872,1,0,Driver Inattention/Distraction,4419980,18.9,13.7,0.0,0.0,0.0,0.0,3,22.4,44.3,126,Overcast,1,1,
22817,2021-05-24 00:20:00,40.750843,-73.858315,0,0,Driver Inattention/Distraction,4419805,18.9,13.7,0.0,0.0,0.0,0.0,3,22.4,44.3,126,Overcast,0,0,
22818,2021-05-24 01:40:00,40.848038,-73.93285,0,0,Driver Inattention/Distraction,4420293,18.9,13.7,0.0,0.0,0.0,0.0,3,22.4,44.3,126,Overcast,0,0,
22819,2021-05-24 16:22:00,40.616295,-73.953354,0,0,Driver Inattention/Distraction,4420088,18.9,13.7,0.0,0.0,0.0,0.0,3,22.4,44.3,126,Overcast,0,0,
22820,2021-05-24 09:00:00,40.66366,-73.90146,0,0,Unspecified,4420136,18.9,13.7,0.0,0.0,0.0,0.0,3,22.4,44.3,126,Overcast,0,0,
22821,2021-05-24 16:38:00,40.71107,-73.79204,0,0,Unsafe Speed,4420345,18.9,13.7,0.0,0.0,0.0,0.0,3,22.4,44.3,126,Overcast,0,0,
22822,2021-05-24 14:45:00,40.81977,-73.93673,0,0,Reaction to Uninvolved Vehicle,4420210,18.9,13.7,0.0,0.0,0.0,0.0,3,22.4,44.3,126,Overcast,0,0,
22823,2021-05-24 15:10:00,40.802444,-73.938835,1,0,Unspecified,4420327,18.9,13.7,0.0,0.0,0.0,0.0,3,22.4,44.3,126,Overcast,1,1,
22824,2021-05-24 21:30:00,40.804214,-73.94696,0,0,Unspecified,4420060,18.9,13.7,0.0,0.0,0.0,0.0,3,22.4,44.3,126,Overcast,0,0,
22825,2021-05-22 11:30:00,40.619446,-73.91901,0,0,Unspecified,4420651,30.5,16.5,0.0,0.0,0.0,0.0,3,19.1,36.4,299,Overcast,0,0,
22826,2021-05-24 17:34:00,40.660355,-73.95061,1,0,Following Too Closely,4420819,18.9,13.7,0.0,0.0,0.0,0.0,3,22.4,44.3,126,Overcast,1,1,
22827,2021-05-24 20:26:00,40.855927,-73.89478,1,0,Failure to Yield Right-of-Way,4420204,18.9,13.7,0.0,0.0,0.0,0.0,3,22.4,44.3,126,Overcast,1,1,
22828,2021-05-23 14:32:00,40.80608,-73.96532,1,0,Failure to Yield Right-of-Way,4420527,31.4,19.8,0.0,0.0,0.0,0.0,3,28.5,54.4,322,Overcast,1,1,
22829,2021-05-21 16:57:00,40.628166,-73.92787,1,0,Traffic Control Disregarded,4420656,23.9,11.3,0.0,0.0,0.0,0.0,3,19.2,38.5,174,Overcast,1,1,
22830,2021-05-24 13:19:00,40.56494,-74.15512,1,0,Pedestrian/Bicyclist/Other Pedestrian Error/Confusion,4419990,18.9,13.7,0.0,0.0,0.0,0.0,3,22.4,44.3,126,Overcast,1,1,
22831,2021-05-24 01:00:00,40.7712,-73.83345,1,0,Passing Too Closely,4420039,18.9,13.7,0.0,0.0,0.0,0.0,3,22.4,44.3,126,Overcast,1,1,
22832,2021-05-23 00:30:00,40.69145,-73.79793,0,0,Unspecified,4420610,31.4,19.8,0.0,0.0,0.0,0.0,3,28.5,54.4,322,Overcast,0,0,
22833,2021-05-24 10:00:00,40.737797,-73.8507,0,0,Driver Inattention/Distraction,4419892,18.9,13.7,0.0,0.0,0.0,0.0,3,22.4,44.3,126,Overcast,0,0,
22834,2021-05-24 13:56:00,40.674503,-73.906586,0,0,Unspecified,4420485,18.9,13.7,0.0,0.0,0.0,0.0,3,22.4,44.3,126,Overcast,0,0,
22835,2021-05-24 17:45:00,40.621326,-73.98609,1,0,Failure to Yield Right-of-Way,4420225,18.9,13.7,0.0,0.0,0.0,0.0,3,22.4,44.3,126,Overcast,1,1,
22836,2021-05-24 16:10:00,40.652462,-73.922516,1,0,Driver Inexperience,4420269,18.9,13.7,0.0,0.0,0.0,0.0,3,22.4,44.3,126,Overcast,1,1,
22837,2021-05-24 16:00:00,40.627975,-73.97753,0,0,Unspecified,4420465,18.9,13.7,0.0,0.0,0.0,0.0,3,22.4,44.3,126,Overcast,0,0,
22838,2021-05-24 14:43:00,40.813046,-73.914024,0,0,Other Vehicular,4420080,18.9,13.7,0.0,0.0,0.0,0.0,3,22.4,44.3,126,Overcast,0,0,
22839,2021-05-24 09:30:00,40.88424,-73.90114,0,0,Unspecified,4420559,18.9,13.7,0.0,0.0,0.0,0.0,3,22.4,44.3,126,Overcast,0,0,
22840,2021-05-24 18:49:00,40.654457,-73.90878,0,0,Unspecified,4420128,18.9,13.7,0.0,0.0,0.0,0.0,3,22.4,44.3,126,Overcast,0,0,
22841,2021-05-24 22:30:00,40.665558,-73.72985,1,0,Unspecified,4420048,18.9,13.7,0.0,0.0,0.0,0.0,3,22.4,44.3,126,Overcast,1,1,
22842,2021-05-24 22:10:00,40.832233,-73.85427,1,0,Unspecified,4420196,18.9,13.7,0.0,0.0,0.0,0.0,3,22.4,44.3,126,Overcast,1,1,
22843,2021-05-20 17:49:00,40.629143,-73.923134,1,0,Unspecified,4420647,22.2,12.5,0.0,0.0,0.0,0.0,3,19.0,38.2,147,Overcast,1,1,
22844,2022-08-24 17:00:00,40.820293,-73.94378,1,0,,4567298,31.1,19.8,0.0,0.0,0.0,0.0,2,14.5,28.4,289,Partly cloudy,1,1,
22845,2021-05-24 15:50:00,40.711227,-73.72826,0,0,Unspecified,4420006,18.9,13.7,0.0,0.0,0.0,0.0,3,22.4,44.3,126,Overcast,0,0,
22846,2021-05-21 10:15:00,40.758533,-73.98885,0,0,Following Too Closely,4420513,23.9,11.3,0.0,0.0,0.0,0.0,3,19.2,38.5,174,Overcast,0,0,
22847,2021-05-22 10:10:00,40.601204,-73.91303,0,0,Unspecified,4420660,30.5,16.5,0.0,0.0,0.0,0.0,3,19.1,36.4,299,Overcast,0,0,
22848,2021-05-24 15:38:00,40.843525,-73.89667,0,0,Unspecified,4420145,18.9,13.7,0.0,0.0,0.0,0.0,3,22.4,44.3,126,Overcast,0,0,
22849,2021-05-24 22:49:00,40.604027,-73.9523,1,0,Traffic Control Disregarded,4420054,18.9,13.7,0.0,0.0,0.0,0.0,3,22.4,44.3,126,Overcast,1,1,
22850,2021-05-24 15:11:00,40.843525,-73.89667,0,0,Aggressive Driving/Road Rage,4420146,18.9,13.7,0.0,0.0,0.0,0.0,3,22.4,44.3,126,Overcast,0,0,
22851,2021-05-24 23:15:00,40.841614,-73.91248,2,0,Driver Inexperience,4420114,18.9,13.7,0.0,0.0,0.0,0.0,3,22.4,44.3,126,Overcast,2,2,
22852,2021-05-23 16:55:00,40.579975,-73.97464,0,0,Other Vehicular,4420566,31.4,19.8,0.0,0.0,0.0,0.0,3,28.5,54.4,322,Overcast,0,0,
22853,2021-05-24 04:50:00,40.70242,-73.9867,0,0,Oversized Vehicle,4419611,18.9,13.7,0.0,0.0,0.0,0.0,3,22.4,44.3,126,Overcast,0,0,
22854,2021-05-24 19:50:00,40.85447,-73.91008,0,0,Driver Inattention/Distraction,4420615,18.9,13.7,0.0,0.0,0.0,0.0,3,22.4,44.3,126,Overcast,0,0,
22855,2021-05-24 17:04:00,40.723198,-73.73358,0,0,Unspecified,4420034,18.9,13.7,0.0,0.0,0.0,0.0,3,22.4,44.3,126,Overcast,0,0,
22856,2021-05-24 19:40:00,40.590572,-73.93999,0,0,Unspecified,4420412,18.9,13.7,0.0,0.0,0.0,0.0,3,22.4,44.3,126,Overcast,0,0,
22857,2021-05-20 14:54:00,40.621418,-73.92614,1,0,Turning Improperly,4420698,22.2,12.5,0.0,0.0,0.0,0.0,3,19.0,38.2,147,Overcast,1,1,
22858,2021-05-23 00:00:00,40.616398,-73.920784,0,0,Unspecified,4420659,31.4,19.8,0.0,0.0,0.0,0.0,3,28.5,54.4,322,Overcast,0,0,
22859,2021-05-23 10:00:00,40.830845,-73.947235,1,0,Driver Inattention/Distraction,4420547,31.4,19.8,0.0,0.0,0.0,0.0,3,28.5,54.4,322,Overcast,1,1,
22860,2021-05-21 06:40:00,40.730442,-73.91367,1,0,Driver Inexperience,4420582,23.9,11.3,0.0,0.0,0.0,0.0,3,19.2,38.5,174,Overcast,1,1,
22861,2021-05-24 00:00:00,40.64332,-74.01945,0,0,Unspecified,4420004,18.9,13.7,0.0,0.0,0.0,0.0,3,22.4,44.3,126,Overcast,0,0,
22862,2021-05-24 16:56:00,40.608242,-74.138115,0,0,Driver Inattention/Distraction,4420115,18.9,13.7,0.0,0.0,0.0,0.0,3,22.4,44.3,126,Overcast,0,0,
22863,2021-05-19 00:45:00,40.623657,-73.935234,0,0,Unspecified,4420634,28.2,13.6,0.0,0.0,0.0,0.0,3,19.6,40.3,337,Overcast,0,0,
22864,2021-05-24 08:00:00,40.689655,-73.744,0,0,Other Vehicular,4420049,18.9,13.7,0.0,0.0,0.0,0.0,3,22.4,44.3,126,Overcast,0,0,
22865,2021-05-24 19:35:00,40.664597,-73.93605,0,0,Driver Inattention/Distraction,4420367,18.9,13.7,0.0,0.0,0.0,0.0,3,22.4,44.3,126,Overcast,0,0,
22866,2021-05-24 15:40:00,40.595802,-73.76762,0,0,Driver Inattention/Distraction,4420498,18.9,13.7,0.0,0.0,0.0,0.0,3,22.4,44.3,126,Overcast,0,0,
22867,2021-05-24 14:50:00,40.805557,-73.91047,0,0,Unspecified,4420076,18.9,13.7,0.0,0.0,0.0,0.0,3,22.4,44.3,126,Overcast,0,0,
22868,2021-05-24 14:35:00,40.609978,-73.92664,0,0,Driver Inattention/Distraction,4420688,18.9,13.7,0.0,0.0,0.0,0.0,3,22.4,44.3,126,Overcast,0,0,
22869,2021-05-23 16:15:00,40.877068,-73.906105,0,0,Unspecified,4420608,31.4,19.8,0.0,0.0,0.0,0.0,3,28.5,54.4,322,Overcast,0,0,
22870,2021-05-24 01:52:00,40.697536,-73.87106,3,0,Unsafe Speed,4419890,18.9,13.7,0.0,0.0,0.0,0.0,3,22.4,44.3,126,Overcast,3,3,
22871,2021-05-24 10:44:00,40.72035,-73.96178,0,0,View Obstructed/Limited,4419943,18.9,13.7,0.0,0.0,0.0,0.0,3,22.4,44.3,126,Overcast,0,0,
22872,2021-05-24 00:00:00,40.823505,-73.94144,1,0,Pedestrian/Bicyclist/Other Pedestrian Error/Confusion,4420217,18.9,13.7,0.0,0.0,0.0,0.0,3,22.4,44.3,126,Overcast,1,1,
22873,2021-05-14 15:20:00,40.86749,-73.840515,1,0,Driver Inattention/Distraction,4420675,21.6,7.5,0.0,0.0,0.0,0.0,2,14.3,25.2,276,Partly cloudy,1,1,
22874,2021-05-24 16:40:00,40.650658,-73.73683,0,0,Unspecified,4420030,18.9,13.7,0.0,0.0,0.0,0.0,3,22.4,44.3,126,Overcast,0,0,
22875,2021-05-24 00:55:00,40.797,-73.93778,0,0,Unsafe Speed,4420335,18.9,13.7,0.0,0.0,0.0,0.0,3,22.4,44.3,126,Overcast,0,0,
22876,2021-05-24 09:35:00,40.5832,-73.97304,1,0,Driver Inattention/Distraction,4419855,18.9,13.7,0.0,0.0,0.0,0.0,3,22.4,44.3,126,Overcast,1,1,
22877,2021-05-24 15:00:00,40.76399,-73.93288,0,0,Driver Inattention/Distraction,4420159,18.9,13.7,0.0,0.0,0.0,0.0,3,22.4,44.3,126,Overcast,0,0,
22878,2021-05-24 09:35:00,40.719524,-73.99315,1,0,Pedestrian/Bicyclist/Other Pedestrian Error/Confusion,4420226,18.9,13.7,0.0,0.0,0.0,0.0,3,22.4,44.3,126,Overcast,1,1,
22879,2021-05-24 08:43:00,40.69613,-73.987114,0,0,Passing or Lane Usage Improper,4419903,18.9,13.7,0.0,0.0,0.0,0.0,3,22.4,44.3,126,Overcast,0,0,
22880,2021-05-24 12:20:00,40.677498,-73.8276,0,0,Following Too Closely,4420059,18.9,13.7,0.0,0.0,0.0,0.0,3,22.4,44.3,126,Overcast,0,0,
22881,2020-05-25 12:38:00,40.851665,-73.89175,1,0,Unsafe Lane Changing,4420539,20.3,12.4,0.0,0.0,0.0,0.0,3,11.6,24.8,87,Overcast,1,1,
22882,2021-05-22 17:38:00,40.877068,-73.906105,1,0,Aggressive Driving/Road Rage,4420594,30.5,16.5,0.0,0.0,0.0,0.0,3,19.1,36.4,299,Overcast,1,1,
22883,2021-05-24 12:35:00,40.696117,-73.970436,1,0,Driver Inattention/Distraction,4420346,18.9,13.7,0.0,0.0,0.0,0.0,3,22.4,44.3,126,Overcast,1,1,
22884,2021-05-24 17:40:00,40.700726,-73.94194,0,0,Passing or Lane Usage Improper,4420013,18.9,13.7,0.0,0.0,0.0,0.0,3,22.4,44.3,126,Overcast,0,0,
22885,2021-05-24 15:05:00,40.60309,-73.99262,0,0,Driver Inattention/Distraction,4420068,18.9,13.7,0.0,0.0,0.0,0.0,3,22.4,44.3,126,Overcast,0,0,
22886,2021-05-24 18:19:00,40.658234,-73.9321,0,0,Following Too Closely,4420818,18.9,13.7,0.0,0.0,0.0,0.0,3,22.4,44.3,126,Overcast,0,0,
22887,2021-05-22 14:11:00,40.617382,-73.943474,0,0,Unspecified,4420652,30.5,16.5,0.0,0.0,0.0,0.0,3,19.1,36.4,299,Overcast,0,0,
22888,2021-05-19 23:45:00,40.696003,-73.9299,0,0,Unspecified,4420521,28.2,13.6,0.0,0.0,0.0,0.0,3,19.6,40.3,337,Overcast,0,0,
22889,2021-05-24 17:30:00,40.739494,-73.97663,0,0,Backing Unsafely,4420209,18.9,13.7,0.0,0.0,0.0,0.0,3,22.4,44.3,126,Overcast,0,0,
22890,2021-05-24 06:23:00,40.852306,-73.89811,1,0,Unspecified,4419782,18.9,13.7,0.0,0.0,0.0,0.0,3,22.4,44.3,126,Overcast,1,1,
22891,2021-05-24 10:45:00,40.69256,-73.86352,0,0,Passing or Lane Usage Improper,4420314,18.9,13.7,0.0,0.0,0.0,0.0,3,22.4,44.3,126,Overcast,0,0,
22892,2021-05-24 14:20:00,40.744892,-73.93495,1,0,Driver Inattention/Distraction,4419981,18.9,13.7,0.0,0.0,0.0,0.0,3,22.4,44.3,126,Overcast,1,1,
22893,2021-05-24 17:15:00,40.89163,-73.85184,0,0,Unspecified,4420232,18.9,13.7,0.0,0.0,0.0,0.0,3,22.4,44.3,126,Overcast,0,0,
22894,2021-05-24 09:30:00,40.744503,-73.8845,0,0,Passing Too Closely,4420175,18.9,13.7,0.0,0.0,0.0,0.0,3,22.4,44.3,126,Overcast,0,0,
22895,2021-05-24 15:34:00,40.64107,-73.95932,1,0,Driver Inattention/Distraction,4420087,18.9,13.7,0.0,0.0,0.0,0.0,3,22.4,44.3,126,Overcast,1,1,
22896,2021-09-29 09:00:00,40.640064,-74.01557,0,0,Unspecified,4462929,19.9,11.3,0.0,0.0,0.0,0.0,3,20.6,41.8,331,Overcast,0,0,
22897,2021-05-24 18:49:00,40.647728,-73.97634,1,0,Unspecified,4420602,18.9,13.7,0.0,0.0,0.0,0.0,3,22.4,44.3,126,Overcast,1,1,
22898,2021-05-24 18:45:00,40.669403,-73.912605,0,0,Unspecified,4420135,18.9,13.7,0.0,0.0,0.0,0.0,3,22.4,44.3,126,Overcast,0,0,
22899,2021-05-15 04:30:00,40.610703,-74.14114,1,0,Driver Inattention/Distraction,4420524,22.4,8.7,0.0,0.0,0.0,0.0,3,12.5,23.8,229,Overcast,1,1,
22900,2021-05-24 20:35:00,40.760563,-73.76707,0,0,Turning Improperly,4420037,18.9,13.7,0.0,0.0,0.0,0.0,3,22.4,44.3,126,Overcast,0,0,
22901,2021-05-24 10:00:00,40.628006,-73.99586,0,0,Brakes Defective,4420469,18.9,13.7,0.0,0.0,0.0,0.0,3,22.4,44.3,126,Overcast,0,0,
22902,2021-05-24 13:13:00,40.737682,-73.85206,1,0,Unspecified,4420064,18.9,13.7,0.0,0.0,0.0,0.0,3,22.4,44.3,126,Overcast,1,1,
22903,2021-05-24 15:00:00,40.889923,-73.85931,0,0,Driver Inattention/Distraction,4420241,18.9,13.7,0.0,0.0,0.0,0.0,3,22.4,44.3,126,Overcast,0,0,
22904,2021-05-24 05:45:00,40.64844,-73.88242,0,0,Driver Inattention/Distraction,4419799,18.9,13.7,0.0,0.0,0.0,0.0,3,22.4,44.3,126,Overcast,0,0,
22905,2021-05-24 12:50:00,40.833195,-73.895134,0,0,Unspecified,4420142,18.9,13.7,0.0,0.0,0.0,0.0,3,22.4,44.3,126,Overcast,0,0,
22906,2021-05-24 02:35:00,40.72839,-73.83302,0,0,Driver Inattention/Distraction,4419948,18.9,13.7,0.0,0.0,0.0,0.0,3,22.4,44.3,126,Overcast,0,0,
22907,2021-05-24 12:05:00,40.752155,-73.928955,1,0,Driver Inattention/Distraction,4420156,18.9,13.7,0.0,0.0,0.0,0.0,3,22.4,44.3,126,Overcast,1,1,
22908,2021-05-24 15:38:00,40.607643,-74.03375,2,0,Driver Inattention/Distraction,4420033,18.9,13.7,0.0,0.0,0.0,0.0,3,22.4,44.3,126,Overcast,2,2,
22909,2021-05-24 15:59:00,40.8331,-73.90092,0,0,Unspecified,4420140,18.9,13.7,0.0,0.0,0.0,0.0,3,22.4,44.3,126,Overcast,0,0,
22910,2021-05-18 11:05:00,40.69193,-73.91031,1,0,Failure to Yield Right-of-Way,4420557,26.1,11.2,0.0,0.0,0.0,0.0,3,15.5,29.2,262,Overcast,1,1,
22911,2021-05-20 16:05:00,40.70924,-73.78635,1,0,Backing Unsafely,4420622,22.2,12.5,0.0,0.0,0.0,0.0,3,19.0,38.2,147,Overcast,1,1,
22912,2021-05-24 19:34:00,40.60476,-73.945625,4,0,Failure to Yield Right-of-Way,4420406,18.9,13.7,0.0,0.0,0.0,0.0,3,22.4,44.3,126,Overcast,4,4,
22913,2021-05-19 15:02:00,40.869583,-73.86043,1,0,Failure to Yield Right-of-Way,4420709,28.2,13.6,0.0,0.0,0.0,0.0,3,19.6,40.3,337,Overcast,1,1,
22914,2021-05-19 20:25:00,40.828976,-73.9486,1,0,Passing or Lane Usage Improper,4420676,28.2,13.6,0.0,0.0,0.0,0.0,3,19.6,40.3,337,Overcast,1,1,
22915,2021-05-24 09:59:00,40.61967,-73.967125,0,0,Driver Inattention/Distraction,4420228,18.9,13.7,0.0,0.0,0.0,0.0,3,22.4,44.3,126,Overcast,0,0,
22916,2021-05-24 07:44:00,40.637203,-74.0222,0,0,Failure to Yield Right-of-Way,4419899,18.9,13.7,0.0,0.0,0.0,0.0,3,22.4,44.3,126,Overcast,0,0,
22917,2021-05-24 12:38:00,40.688904,-73.980934,1,0,Driver Inattention/Distraction,4419904,18.9,13.7,0.0,0.0,0.0,0.0,3,22.4,44.3,126,Overcast,1,1,
22918,2021-05-24 20:30:00,40.83887,-73.87811,0,0,Driver Inattention/Distraction,4420197,18.9,13.7,0.0,0.0,0.0,0.0,3,22.4,44.3,126,Overcast,0,0,
22919,2021-05-24 21:00:00,40.891033,-73.88585,1,0,Unspecified,4420614,18.9,13.7,0.0,0.0,0.0,0.0,3,22.4,44.3,126,Overcast,1,1,
22920,2021-05-24 14:15:00,40.83256,-73.86943,1,0,Unspecified,4419953,18.9,13.7,0.0,0.0,0.0,0.0,3,22.4,44.3,126,Overcast,1,1,
22921,2021-05-24 19:15:00,40.826324,-73.93565,1,0,,4420219,18.9,13.7,0.0,0.0,0.0,0.0,3,22.4,44.3,126,Overcast,1,1,
22922,2021-05-20 19:14:00,40.63501,-73.93132,0,0,Unspecified,4420646,22.2,12.5,0.0,0.0,0.0,0.0,3,19.0,38.2,147,Overcast,0,0,
22923,2021-05-24 15:55:00,40.67294,-73.73711,0,0,Backing Unsafely,4420012,18.9,13.7,0.0,0.0,0.0,0.0,3,22.4,44.3,126,Overcast,0,0,
22924,2021-05-24 09:30:00,40.648945,-73.92236,0,0,Unspecified,4420271,18.9,13.7,0.0,0.0,0.0,0.0,3,22.4,44.3,126,Overcast,0,0,
22925,2021-05-24 03:45:00,40.833084,-73.86954,0,0,Unspecified,4419833,18.9,13.7,0.0,0.0,0.0,0.0,3,22.4,44.3,126,Overcast,0,0,
22926,2021-05-24 20:15:00,40.763897,-73.95323,0,0,Following Too Closely,4420262,18.9,13.7,0.0,0.0,0.0,0.0,3,22.4,44.3,126,Overcast,0,0,
22927,2021-05-24 07:30:00,40.699368,-73.77825,0,0,Backing Unsafely,4420334,18.9,13.7,0.0,0.0,0.0,0.0,3,22.4,44.3,126,Overcast,0,0,
22928,2021-05-24 02:13:00,40.68397,-73.944046,0,0,Passenger Distraction,4419861,18.9,13.7,0.0,0.0,0.0,0.0,3,22.4,44.3,126,Overcast,0,0,
22929,2021-05-24 10:10:00,40.69407,-73.82802,0,0,Aggressive Driving/Road Rage,4419952,18.9,13.7,0.0,0.0,0.0,0.0,3,22.4,44.3,126,Overcast,0,0,
22930,2021-05-22 16:00:00,40.6107,-73.92113,0,0,Backing Unsafely,4420653,30.5,16.5,0.0,0.0,0.0,0.0,3,19.1,36.4,299,Overcast,0,0,
22931,2021-05-23 00:25:00,40.592636,-73.90362,0,0,Unspecified,4420658,31.4,19.8,0.0,0.0,0.0,0.0,3,28.5,54.4,322,Overcast,0,0,
22932,2021-05-24 15:25:00,40.77067,-73.7355,1,0,Failure to Yield Right-of-Way,4419999,18.9,13.7,0.0,0.0,0.0,0.0,3,22.4,44.3,126,Overcast,1,1,
22933,2021-05-24 16:09:00,40.70547,-73.95024,0,0,Passing or Lane Usage Improper,4420123,18.9,13.7,0.0,0.0,0.0,0.0,3,22.4,44.3,126,Overcast,0,0,
22934,2021-05-17 12:00:00,40.624905,-73.94169,0,0,Driver Inattention/Distraction,4420648,22.9,9.7,0.0,0.0,0.0,0.0,3,17.7,36.0,224,Overcast,0,0,
22935,2021-05-24 21:35:00,40.637363,-73.87927,0,0,Driver Inattention/Distraction,4420400,18.9,13.7,0.0,0.0,0.0,0.0,3,22.4,44.3,126,Overcast,0,0,
22936,2021-05-19 17:40:00,40.819016,-73.84804,1,0,Unspecified,4420607,28.2,13.6,0.0,0.0,0.0,0.0,3,19.6,40.3,337,Overcast,1,1,
22937,2021-05-24 08:40:00,40.624958,-74.145775,0,0,Driver Inattention/Distraction,4419887,18.9,13.7,0.0,0.0,0.0,0.0,3,22.4,44.3,126,Overcast,0,0,
22938,2021-05-24 19:00:00,40.65853,-73.764206,0,0,Unspecified,4420031,18.9,13.7,0.0,0.0,0.0,0.0,3,22.4,44.3,126,Overcast,0,0,
22939,2021-05-24 05:50:00,40.667786,-73.88442,1,0,Traffic Control Disregarded,4419798,18.9,13.7,0.0,0.0,0.0,0.0,3,22.4,44.3,126,Overcast,1,1,
22940,2021-05-24 10:30:00,40.839676,-73.871216,0,0,Steering Failure,4419985,18.9,13.7,0.0,0.0,0.0,0.0,3,22.4,44.3,126,Overcast,0,0,
22941,2021-05-24 08:00:00,40.716362,-73.94783,0,0,Passing or Lane Usage Improper,4420185,18.9,13.7,0.0,0.0,0.0,0.0,3,22.4,44.3,126,Overcast,0,0,
22942,2021-05-24 07:50:00,40.707363,-73.792336,0,0,Backing Unsafely,4419968,18.9,13.7,0.0,0.0,0.0,0.0,3,22.4,44.3,126,Overcast,0,0,
22943,2021-05-23 19:55:00,40.69089,-73.94253,2,0,Traffic Control Disregarded,4420555,31.4,19.8,0.0,0.0,0.0,0.0,3,28.5,54.4,322,Overcast,2,2,
22944,2021-05-24 16:35:00,40.645027,-73.91998,0,0,Turning Improperly,4420272,18.9,13.7,0.0,0.0,0.0,0.0,3,22.4,44.3,126,Overcast,0,0,
22945,2021-05-24 18:33:00,40.867676,-73.88625,0,0,Unspecified,4420051,18.9,13.7,0.0,0.0,0.0,0.0,3,22.4,44.3,126,Overcast,0,0,
22946,2021-05-24 04:56:00,40.637745,-73.97334,1,0,Passenger Distraction,4420216,18.9,13.7,0.0,0.0,0.0,0.0,3,22.4,44.3,126,Overcast,1,1,
22947,2021-05-24 22:24:00,40.70983,-74.01468,1,0,Driver Inattention/Distraction,4420305,18.9,13.7,0.0,0.0,0.0,0.0,3,22.4,44.3,126,Overcast,1,1,
22948,2021-05-24 19:31:00,40.86717,-73.87048,2,0,Failure to Yield Right-of-Way,4420237,18.9,13.7,0.0,0.0,0.0,0.0,3,22.4,44.3,126,Overcast,2,2,
22949,2021-05-24 13:25:00,40.835724,-73.847946,0,0,Unspecified,4420098,18.9,13.7,0.0,0.0,0.0,0.0,3,22.4,44.3,126,Overcast,0,0,
22950,2022-07-10 11:45:00,40.6765,-73.88234,2,0,Unspecified,4546089,27.7,18.3,0.0,0.0,0.0,0.0,3,23.2,43.6,106,Overcast,2,2,
22951,2021-05-20 00:00:00,40.617924,-73.93174,0,0,Unspecified,4420638,22.2,12.5,0.0,0.0,0.0,0.0,3,19.0,38.2,147,Overcast,0,0,
22952,2021-05-24 18:00:00,40.76758,-73.83185,1,0,View Obstructed/Limited,4420042,18.9,13.7,0.0,0.0,0.0,0.0,3,22.4,44.3,126,Overcast,1,1,
22953,2021-05-22 01:40:00,40.75855,-73.924866,1,0,,4420542,30.5,16.5,0.0,0.0,0.0,0.0,3,19.1,36.4,299,Overcast,1,1,
22954,2021-05-24 19:15:00,40.749584,-73.70714,0,0,Unspecified,4420036,18.9,13.7,0.0,0.0,0.0,0.0,3,22.4,44.3,126,Overcast,0,0,
22955,2021-05-23 23:00:00,40.690563,-73.94536,1,0,Driver Inattention/Distraction,4420570,31.4,19.8,0.0,0.0,0.0,0.0,3,28.5,54.4,322,Overcast,1,1,
22956,2021-05-24 16:30:00,40.789894,-73.94801,0,0,Unspecified,4420750,18.9,13.7,0.0,0.0,0.0,0.0,3,22.4,44.3,126,Overcast,0,0,
22957,2021-05-24 11:30:00,40.734135,-73.9583,0,0,Passing Too Closely,4419944,18.9,13.7,0.0,0.0,0.0,0.0,3,22.4,44.3,126,Overcast,0,0,
22958,2021-05-24 17:15:00,40.616825,-73.992516,0,0,Driver Inattention/Distraction,4420069,18.9,13.7,0.0,0.0,0.0,0.0,3,22.4,44.3,126,Overcast,0,0,