,CRASH DATETIME,LATITUDE,LONGITUDE,NUMBER OF PERSONS INJURED,NUMBER OF PERSONS KILLED,CONTRIBUTING FACTOR VEHICLE 1,COLLISION_ID,temperature_2m_max,temperature_2m_min,precipitation_sum,rain_sum,snowfall_sum,precipitation_hours,weather_code,wind_speed_10m_max,wind_gusts_10m_max,wind_direction_10m_dominant,Weather Description,Severity_Score,Total_Affected_Persons,Weather_Category
22959,2021-05-23 18:37:00,40.604027,-73.89875,0,0,Failure to Yield Right-of-Way,4420689,31.4,19.8,0.0,0.0,0.0,0.0,3,28.5,54.4,322,Overcast,0,0,
22960,2021-05-20 02:54:00,40.622593,-73.931175,0,0,Alcohol Involvement,4420635,22.2,12.5,0.0,0.0,0.0,0.0,3,19.0,38.2,147,Overcast,0,0,
22961,2021-05-24 10:15:00,40.683067,-73.99557,0,0,Unspecified,4420442,18.9,13.7,0.0,0.0,0.0,0.0,3,22.4,44.3,126,Overcast,0,0,
22962,2021-05-24 17:50:00,40.811863,-73.91437,1,0,Driver Inattention/Distraction,4420077,18.9,13.7,0.0,0.0,0.0,0.0,3,22.4,44.3,126,Overcast,1,1,
22963,2021-05-24 08:30:00,40.666866,-73.92853,0,0,Other Vehicular,4420817,18.9,13.7,0.0,0.0,0.0,0.0,3,22.4,44.3,126,Overcast,0,0,
22964,2021-05-24 00:00:00,40.823135,-73.89489,1,0,Unspecified,4420476,18.9,13.7,0.0,0.0,0.0,0.0,3,22.4,44.3,126,Overcast,1,1,
22965,2021-05-24 22:00:00,40.876163,-73.881516,1,0,Failure to Yield Right-of-Way,4420057,18.9,13.7,0.0,0.0,0.0,0.0,3,22.4,44.3,126,Overcast,1,1,
22966,2021-05-24 19:04:00,40.79911,-73.96856,0,0,Driver Inattention/Distraction,4420014,18.9,13.7,0.0,0.0,0.0,0.0,3,22.4,44.3,126,Overcast,0,0,
22967,2021-05-20 17:20:00,40.678963,-73.94965,0,0,Unsafe Speed,4420562,22.2,12.5,0.0,0.0,0.0,0.0,3,19.0,38.2,147,Overcast,0,0,
22968,2021-05-21 12:17:00,40.87168,-73.90019,0,0,Unspecified,4420593,23.9,11.3,0.0,0.0,0.0,0.0,3,19.2,38.5,174,Overcast,0,0,
22969,2021-05-24 09:49:00,40.766785,-73.893105,0,0,Backing Unsafely,4420207,18.9,13.7,0.0,0.0,0.0,0.0,3,22.4,44.3,126,Overcast,0,0,
22970,2021-05-24 12:44:00,40.689697,-73.97511,1,0,Driver Inattention/Distraction,4420347,18.9,13.7,0.0,0.0,0.0,0.0,3,22.4,44.3,126,Overcast,1,1,
22971,2021-05-24 21:35:00,40.638382,-74.03668,0,0,Unsafe Lane Changing,4420082,18.9,13.7,0.0,0.0,0.0,0.0,3,22.4,44.3,126,Overcast,0,0,
22972,2021-05-24 07:58:00,40.83442,-73.898674,0,0,Passing Too Closely,4420143,18.9,13.7,0.0,0.0,0.0,0.0,3,22.4,44.3,126,Overcast,0,0,
22973,2021-05-04 21:30:00,40.686497,-73.94164,1,0,Traffic Control Disregarded,4420645,22.2,11.1,13.2,13.2,0.0,6.0,63,18.9,42.8,74,Rain: Moderate,1,1,
22974,2021-05-22 21:45:00,40.75229,-73.983986,1,0,Unspecified,4420520,30.5,16.5,0.0,0.0,0.0,0.0,3,19.1,36.4,299,Overcast,1,1,
22975,2021-05-20 15:56:00,40.636593,-73.89418,0,0,Traffic Control Disregarded,4420695,22.2,12.5,0.0,0.0,0.0,0.0,3,19.0,38.2,147,Overcast,0,0,
22976,2021-05-24 01:48:00,40.766895,-73.921394,0,0,Passing Too Closely,4420157,18.9,13.7,0.0,0.0,0.0,0.0,3,22.4,44.3,126,Overcast,0,0,
22977,2021-05-24 18:30:00,40.86995,-73.87054,1,0,Tire Failure/Inadequate,4420679,18.9,13.7,0.0,0.0,0.0,0.0,3,22.4,44.3,126,Overcast,1,1,
22978,2021-05-24 16:59:00,40.6981,-73.92517,0,0,Other Vehicular,4420525,18.9,13.7,0.0,0.0,0.0,0.0,3,22.4,44.3,126,Overcast,0,0,
22979,2021-05-24 02:50:00,40.82929,-73.93501,0,0,Reaction to Uninvolved Vehicle,4419687,18.9,13.7,0.0,0.0,0.0,0.0,3,22.4,44.3,126,Overcast,0,0,
22980,2021-05-16 14:50:00,40.858677,-73.83309,0,0,Turning Improperly,4420629,22.3,10.7,0.1,0.1,0.0,1.0,51,23.8,46.1,261,Drizzle: Light,0,0,
22981,2021-05-24 20:40:00,40.690796,-73.95637,0,0,Driver Inexperience,4420563,18.9,13.7,0.0,0.0,0.0,0.0,3,22.4,44.3,126,Overcast,0,0,
22982,2021-05-24 14:40:00,40.89591,-73.8448,0,0,Unspecified,4420229,18.9,13.7,0.0,0.0,0.0,0.0,3,22.4,44.3,126,Overcast,0,0,
22983,2021-05-24 12:37:00,40.762093,-73.75691,0,0,Driver Inattention/Distraction,4419913,18.9,13.7,0.0,0.0,0.0,0.0,3,22.4,44.3,126,Overcast,0,0,
22984,2021-05-24 23:50:00,40.82947,-73.93705,0,0,Backing Unsafely,4420220,18.9,13.7,0.0,0.0,0.0,0.0,3,22.4,44.3,126,Overcast,0,0,
22985,2021-05-20 23:38:00,40.892223,-73.88464,1,0,Unspecified,4420599,22.2,12.5,0.0,0.0,0.0,0.0,3,19.0,38.2,147,Overcast,1,1,
22986,2021-05-24 07:15:00,40.673836,-74.0023,0,0,Unspecified,4420443,18.9,13.7,0.0,0.0,0.0,0.0,3,22.4,44.3,126,Overcast,0,0,
22987,2021-05-24 23:30:00,40.879578,-73.879,0,0,Unspecified,4420090,18.9,13.7,0.0,0.0,0.0,0.0,3,22.4,44.3,126,Overcast,0,0,
22988,2021-05-24 09:50:00,40.70542,-73.96666,0,0,Unspecified,4420133,18.9,13.7,0.0,0.0,0.0,0.0,3,22.4,44.3,126,Overcast,0,0,
22989,2021-05-24 21:44:00,40.727287,-74.00064,1,0,Unspecified,4420340,18.9,13.7,0.0,0.0,0.0,0.0,3,22.4,44.3,126,Overcast,1,1,
22990,2021-05-24 18:00:00,40.708763,-73.998116,0,0,Passing or Lane Usage Improper,4420186,18.9,13.7,0.0,0.0,0.0,0.0,3,22.4,44.3,126,Overcast,0,0,
22991,2021-05-24 13:20:00,40.712006,-73.75811,0,0,Failure to Yield Right-of-Way,4419964,18.9,13.7,0.0,0.0,0.0,0.0,3,22.4,44.3,126,Overcast,0,0,
22992,2021-05-24 15:58:00,40.70302,-73.727776,1,0,Unspecified,4420011,18.9,13.7,0.0,0.0,0.0,0.0,3,22.4,44.3,126,Overcast,1,1,
22993,2021-05-13 21:30:00,40.754627,-73.87643,0,0,Driver Inattention/Distraction,4420669,19.1,7.2,0.0,0.0,0.0,0.0,1,15.8,27.4,315,Mainly clear,0,0,Sunny/Clear Conditions
22994,2021-05-24 08:45:00,40.671875,-73.91414,0,0,Passing Too Closely,4419845,18.9,13.7,0.0,0.0,0.0,0.0,3,22.4,44.3,126,Overcast,0,0,
22995,2021-05-21 21:40:00,40.62973,-73.922226,0,0,Unspecified,4420649,23.9,11.3,0.0,0.0,0.0,0.0,3,19.2,38.5,174,Overcast,0,0,
22996,2021-05-24 13:00:00,40.682343,-73.800835,1,0,Brakes Defective,4420200,18.9,13.7,0.0,0.0,0.0,0.0,3,22.4,44.3,126,Overcast,1,1,
22997,2021-05-24 22:21:00,40.735703,-73.78427,1,0,Driver Inattention/Distraction,4420062,18.9,13.7,0.0,0.0,0.0,0.0,3,22.4,44.3,126,Overcast,1,1,
22998,2021-05-24 00:16:00,40.68746,-73.906494,1,0,Unspecified,4420833,18.9,13.7,0.0,0.0,0.0,0.0,3,22.4,44.3,126,Overcast,1,1,
22999,2021-05-23 18:47:00,40.879307,-73.90295,1,0,Unspecified,4420613,31.4,19.8,0.0,0.0,0.0,0.0,3,28.5,54.4,322,Overcast,1,1,
23000,2021-05-13 16:16:00,40.90389,-73.85139,0,0,Following Too Closely,4420708,19.1,7.2,0.0,0.0,0.0,0.0,1,15.8,27.4,315,Mainly clear,0,0,Sunny/Clear Conditions
23001,2021-05-24 05:14:00,40.808098,-73.94629,0,0,Turning Improperly,4420015,18.9,13.7,0.0,0.0,0.0,0.0,3,22.4,44.3,126,Overcast,0,0,
23002,2021-05-24 08:45:00,40.69192,-73.97896,0,0,Unspecified,4420348,18.9,13.7,0.0,0.0,0.0,0.0,3,22.4,44.3,126,Overcast,0,0,
23003,2021-05-24 20:40:00,40.648792,-73.95228,0,0,Unspecified,4420273,18.9,13.7,0.0,0.0,0.0,0.0,3,22.4,44.3,126,Overcast,0,0,
23004,2021-05-24 02:30:00,40.827145,-73.858986,0,0,Backing Unsafely,4419831,18.9,13.7,0.0,0.0,0.0,0.0,3,22.4,44.3,126,Overcast,0,0,
23005,2021-05-24 19:49:00,40.846893,-73.92055,2,0,Unspecified,4420139,18.9,13.7,0.0,0.0,0.0,0.0,3,22.4,44.3,126,Overcast,2,2,
23006,2021-05-24 10:20:00,40.716194,-73.996086,0,0,Driver Inattention/Distraction,4419897,18.9,13.7,0.0,0.0,0.0,0.0,3,22.4,44.3,126,Overcast,0,0,
23007,2021-05-24 14:30:00,40.855244,-73.89314,0,0,Passing or Lane Usage Improper,4420206,18.9,13.7,0.0,0.0,0.0,0.0,3,22.4,44.3,126,Overcast,0,0,
23008,2021-05-24 02:06:00,40.658577,-73.89063,0,0,Unspecified,4419797,18.9,13.7,0.0,0.0,0.0,0.0,3,22.4,44.3,126,Overcast,0,0,
23009,2021-05-24 10:24:00,40.67136,-73.98559,0,0,Oversized Vehicle,4420251,18.9,13.7,0.0,0.0,0.0,0.0,3,22.4,44.3,126,Overcast,0,0,
23010,2021-05-12 09:30:00,40.744503,-73.975235,1,0,Driver Inattention/Distraction,4420720,17.9,5.8,0.0,0.0,0.0,0.0,2,20.0,41.0,317,Partly cloudy,1,1,
23011,2021-05-24 09:10:00,40.692947,-73.86115,0,0,Unsafe Lane Changing,4419951,18.9,13.7,0.0,0.0,0.0,0.0,3,22.4,44.3,126,Overcast,0,0,
23012,2021-05-20 20:03:00,40.881866,-73.91115,1,0,Alcohol Involvement,4420592,22.2,12.5,0.0,0.0,0.0,0.0,3,19.0,38.2,147,Overcast,1,1,
23013,2021-05-24 05:10:00,40.706974,-73.90921,0,0,Unspecified,4420545,18.9,13.7,0.0,0.0,0.0,0.0,3,22.4,44.3,126,Overcast,0,0,
23014,2021-05-24 15:50:00,40.76555,-73.83911,0,0,Unspecified,4420071,18.9,13.7,0.0,0.0,0.0,0.0,3,22.4,44.3,126,Overcast,0,0,
23015,2021-05-24 13:50:00,40.870842,-73.88115,0,0,Brakes Defective,4420052,18.9,13.7,0.0,0.0,0.0,0.0,3,22.4,44.3,126,Overcast,0,0,
23016,2021-05-24 11:00:00,40.64689,-74.017815,0,0,Backing Unsafely,4420391,18.9,13.7,0.0,0.0,0.0,0.0,3,22.4,44.3,126,Overcast,0,0,
23017,2021-05-24 11:50:00,40.66423,-73.919106,0,0,Traffic Control Disregarded,4420491,18.9,13.7,0.0,0.0,0.0,0.0,3,22.4,44.3,126,Overcast,0,0,
23018,2021-05-24 17:50:00,40.729572,-73.83383,0,0,Following Too Closely,4420078,18.9,13.7,0.0,0.0,0.0,0.0,3,22.4,44.3,126,Overcast,0,0,
23019,2021-05-24 15:03:00,40.795437,-73.943954,1,0,Unsafe Speed,4420768,18.9,13.7,0.0,0.0,0.0,0.0,3,22.4,44.3,126,Overcast,1,1,
23020,2021-05-24 04:30:00,40.719124,-73.791405,0,0,Unspecified,4419947,18.9,13.7,0.0,0.0,0.0,0.0,3,22.4,44.3,126,Overcast,0,0,
23021,2021-05-22 22:50:00,40.689243,-73.93736,0,0,Driver Inattention/Distraction,4420690,30.5,16.5,0.0,0.0,0.0,0.0,3,19.1,36.4,299,Overcast,0,0,
23022,2021-05-22 23:59:00,40.897232,-73.89692,1,0,Driver Inattention/Distraction,4420606,30.5,16.5,0.0,0.0,0.0,0.0,3,19.1,36.4,299,Overcast,1,1,
23023,2021-05-24 20:15:00,40.8165,-73.946556,0,0,Passing Too Closely,4420214,18.9,13.7,0.0,0.0,0.0,0.0,3,22.4,44.3,126,Overcast,0,0,
23024,2021-05-24 08:15:00,40.532604,-74.19051,0,0,Driver Inattention/Distraction,4420304,18.9,13.7,0.0,0.0,0.0,0.0,3,22.4,44.3,126,Overcast,0,0,
23025,2021-05-24 15:56:00,40.79395,-73.97417,0,0,Unspecified,4419986,18.9,13.7,0.0,0.0,0.0,0.0,3,22.4,44.3,126,Overcast,0,0,
23026,2021-05-24 18:40:00,40.830334,-73.91895,1,0,Driver Inattention/Distraction,4420107,18.9,13.7,0.0,0.0,0.0,0.0,3,22.4,44.3,126,Overcast,1,1,
23027,2021-05-24 19:33:00,40.869442,-73.84736,0,0,Other Vehicular,4420236,18.9,13.7,0.0,0.0,0.0,0.0,3,22.4,44.3,126,Overcast,0,0,
23028,2021-05-24 11:32:00,40.682693,-73.99043,0,0,Passing Too Closely,4420166,18.9,13.7,0.0,0.0,0.0,0.0,3,22.4,44.3,126,Overcast,0,0,
23029,2021-05-24 07:45:00,40.808243,-73.92785,1,0,Unspecified,4419870,18.9,13.7,0.0,0.0,0.0,0.0,3,22.4,44.3,126,Overcast,1,1,
23030,2021-05-24 17:45:00,40.60122,-74.01014,0,0,Alcohol Involvement,4420035,18.9,13.7,0.0,0.0,0.0,0.0,3,22.4,44.3,126,Overcast,0,0,
23031,2021-05-23 18:19:00,40.878563,-73.86574,0,0,Traffic Control Disregarded,4420657,31.4,19.8,0.0,0.0,0.0,0.0,3,28.5,54.4,322,Overcast,0,0,
23032,2021-05-24 14:45:00,40.703854,-73.95128,0,0,Passing Too Closely,4420126,18.9,13.7,0.0,0.0,0.0,0.0,3,22.4,44.3,126,Overcast,0,0,
23033,2021-05-24 14:40:00,40.75826,-73.76829,0,0,Unspecified,4419997,18.9,13.7,0.0,0.0,0.0,0.0,3,22.4,44.3,126,Overcast,0,0,
23034,2021-05-23 14:40:00,40.685112,-73.94717,0,0,Passing Too Closely,4420554,31.4,19.8,0.0,0.0,0.0,0.0,3,28.5,54.4,322,Overcast,0,0,
23035,2021-05-24 15:51:00,40.82465,-73.94623,3,0,Driver Inattention/Distraction,4420572,18.9,13.7,0.0,0.0,0.0,0.0,3,22.4,44.3,126,Overcast,3,3,
23036,2021-05-24 04:37:00,40.81608,-73.917694,1,0,Traffic Control Disregarded,4420430,18.9,13.7,0.0,0.0,0.0,0.0,3,22.4,44.3,126,Overcast,1,1,
23037,2021-05-24 16:08:00,40.715797,-73.99144,0,0,Driver Inattention/Distraction,4420046,18.9,13.7,0.0,0.0,0.0,0.0,3,22.4,44.3,126,Overcast,0,0,
23038,2021-05-24 00:00:00,40.81328,-73.89749,3,0,Unspecified,4420478,18.9,13.7,0.0,0.0,0.0,0.0,3,22.4,44.3,126,Overcast,3,3,
23039,2021-05-22 18:34:00,40.62621,-73.927666,0,0,Unspecified,4420654,30.5,16.5,0.0,0.0,0.0,0.0,3,19.1,36.4,299,Overcast,0,0,
23040,2021-05-24 17:05:00,40.859875,-73.89323,0,0,Unsafe Speed,4420203,18.9,13.7,0.0,0.0,0.0,0.0,3,22.4,44.3,126,Overcast,0,0,
23041,2021-05-23 18:35:00,40.63413,-73.928505,0,0,Unspecified,4420682,31.4,19.8,0.0,0.0,0.0,0.0,3,28.5,54.4,322,Overcast,0,0,
23042,2021-05-18 08:11:00,40.8375,-73.91061,0,0,Driver Inattention/Distraction,4420735,26.1,11.2,0.0,0.0,0.0,0.0,3,15.5,29.2,262,Overcast,0,0,
23043,2021-05-24 05:05:00,40.853813,-73.90734,0,0,Driver Inattention/Distraction,4419930,18.9,13.7,0.0,0.0,0.0,0.0,3,22.4,44.3,126,Overcast,0,0,
23044,2021-05-24 16:45:00,40.638065,-73.97735,0,0,Driver Inexperience,4420230,18.9,13.7,0.0,0.0,0.0,0.0,3,22.4,44.3,126,Overcast,0,0,
23045,2021-05-18 16:50:00,40.700363,-73.784966,0,0,Traffic Control Disregarded,4420612,26.1,11.2,0.0,0.0,0.0,0.0,3,15.5,29.2,262,Overcast,0,0,
23046,2021-05-24 13:15:00,40.77344,-73.92097,0,0,Failure to Yield Right-of-Way,4420189,18.9,13.7,0.0,0.0,0.0,0.0,3,22.4,44.3,126,Overcast,0,0,
23047,2021-05-24 12:10:00,40.624683,-74.14193,1,0,Following Too Closely,4419895,18.9,13.7,0.0,0.0,0.0,0.0,3,22.4,44.3,126,Overcast,1,1,
23048,2021-05-24 00:38:00,40.7013,-73.93674,0,0,Failure to Yield Right-of-Way,4419979,18.9,13.7,0.0,0.0,0.0,0.0,3,22.4,44.3,126,Overcast,0,0,
23049,2021-05-24 09:46:00,40.861225,-73.83993,0,0,Unspecified,4420286,18.9,13.7,0.0,0.0,0.0,0.0,3,22.4,44.3,126,Overcast,0,0,
23050,2021-05-24 06:20:00,40.7879,-73.95368,0,0,Traffic Control Disregarded,4419849,18.9,13.7,0.0,0.0,0.0,0.0,3,22.4,44.3,126,Overcast,0,0,
23051,2021-05-19 09:11:00,40.64378,-73.89804,0,0,Driver Inattention/Distraction,4420694,28.2,13.6,0.0,0.0,0.0,0.0,3,19.6,40.3,337,Overcast,0,0,
23052,2021-05-22 05:29:00,40.667927,-73.93321,0,0,Alcohol Involvement,4420823,30.5,16.5,0.0,0.0,0.0,0.0,3,19.1,36.4,299,Overcast,0,0,
23053,2021-05-24 18:00:00,40.81854,-73.921165,0,0,Unspecified,4420081,18.9,13.7,0.0,0.0,0.0,0.0,3,22.4,44.3,126,Overcast,0,0,
23054,2021-05-22 11:25:00,40.57944,-73.979614,1,0,Aggressive Driving/Road Rage,4420560,30.5,16.5,0.0,0.0,0.0,0.0,3,19.1,36.4,299,Overcast,1,1,
23055,2021-05-24 01:20:00,40.694576,-73.95615,3,0,Traffic Control Disregarded,4420564,18.9,13.7,0.0,0.0,0.0,0.0,3,22.4,44.3,126,Overcast,3,3,
23056,2021-05-24 01:00:00,40.680958,-73.75262,0,0,Driver Inattention/Distraction,4419714,18.9,13.7,0.0,0.0,0.0,0.0,3,22.4,44.3,126,Overcast,0,0,
23057,2021-05-23 16:05:00,40.62667,-73.9248,2,0,Failure to Keep Right,4420663,31.4,19.8,0.0,0.0,0.0,0.0,3,28.5,54.4,322,Overcast,2,2,
23058,2021-05-24 13:59:00,40.830006,-73.908264,1,0,Driver Inattention/Distraction,4420138,18.9,13.7,0.0,0.0,0.0,0.0,3,22.4,44.3,126,Overcast,1,1,
23059,2021-05-24 08:45:00,40.751328,-73.94109,1,0,Driver Inattention/Distraction,4420158,18.9,13.7,0.0,0.0,0.0,0.0,3,22.4,44.3,126,Overcast,1,1,
23060,2021-05-14 18:20:00,40.88302,-73.85325,0,0,Driver Inattention/Distraction,4420632,21.6,7.5,0.0,0.0,0.0,0.0,2,14.3,25.2,276,Partly cloudy,0,0,
23061,2021-05-24 17:20:00,40.747856,-73.97348,1,0,Driver Inattention/Distraction,4420040,18.9,13.7,0.0,0.0,0.0,0.0,3,22.4,44.3,126,Overcast,1,1,
23062,2021-05-24 16:39:00,40.71107,-73.79204,2,0,Reaction to Uninvolved Vehicle,4420344,18.9,13.7,0.0,0.0,0.0,0.0,3,22.4,44.3,126,Overcast,2,2,
23063,2021-05-24 17:05:00,40.72717,-73.78739,1,0,Driver Inattention/Distraction,4420061,18.9,13.7,0.0,0.0,0.0,0.0,3,22.4,44.3,126,Overcast,1,1,
23064,2021-05-24 14:52:00,40.840694,-73.89937,0,0,Following Too Closely,4420144,18.9,13.7,0.0,0.0,0.0,0.0,3,22.4,44.3,126,Overcast,0,0,
23065,2021-05-24 11:41:00,40.6104,-73.9586,1,0,Driver Inattention/Distraction,4419963,18.9,13.7,0.0,0.0,0.0,0.0,3,22.4,44.3,126,Overcast,1,1,
23066,2021-05-24 08:09:00,40.70115,-73.94013,0,0,Driver Inattention/Distraction,4419809,18.9,13.7,0.0,0.0,0.0,0.0,3,22.4,44.3,126,Overcast,0,0,
23067,2021-05-24 12:23:00,40.64029,-73.994804,0,0,Driver Inattention/Distraction,4420221,18.9,13.7,0.0,0.0,0.0,0.0,3,22.4,44.3,126,Overcast,0,0,
23068,2021-05-24 18:05:00,40.64481,-74.09598,0,0,Unspecified,4420354,18.9,13.7,0.0,0.0,0.0,0.0,3,22.4,44.3,126,Overcast,0,0,
23069,2021-05-24 14:10:00,40.83761,-73.88106,0,0,Unspecified,4420021,18.9,13.7,0.0,0.0,0.0,0.0,3,22.4,44.3,126,Overcast,0,0,
23070,2021-05-24 11:15:00,40.643303,-73.9478,0,0,Unspecified,4420268,18.9,13.7,0.0,0.0,0.0,0.0,3,22.4,44.3,126,Overcast,0,0,
23071,2021-05-21 07:40:00,40.691383,-73.938194,0,0,Unspecified,4420643,23.9,11.3,0.0,0.0,0.0,0.0,3,19.2,38.5,174,Overcast,0,0,
23072,2021-05-24 16:13:00,40.629986,-73.97157,0,0,Following Too Closely,4420089,18.9,13.7,0.0,0.0,0.0,0.0,3,22.4,44.3,126,Overcast,0,0,
23073,2021-05-21 18:05:00,40.87656,-73.90436,0,0,Unspecified,4420598,23.9,11.3,0.0,0.0,0.0,0.0,3,19.2,38.5,174,Overcast,0,0,
23074,2021-05-17 20:17:00,40.692146,-73.919464,0,0,Driver Inattention/Distraction,4420526,22.9,9.7,0.0,0.0,0.0,0.0,3,17.7,36.0,224,Overcast,0,0,
23075,2021-05-22 22:00:00,40.707737,-73.95837,0,0,Following Too Closely,4420809,30.5,16.5,0.0,0.0,0.0,0.0,3,19.1,36.4,299,Overcast,0,0,
23076,2021-05-24 02:22:00,40.8479,-73.919685,1,0,Unsafe Speed,4420129,18.9,13.7,0.0,0.0,0.0,0.0,3,22.4,44.3,126,Overcast,1,1,
23077,2021-05-24 05:40:00,40.74135,-73.89189,0,0,Driver Inattention/Distraction,4420047,18.9,13.7,0.0,0.0,0.0,0.0,3,22.4,44.3,126,Overcast,0,0,
23078,2021-05-11 22:53:00,40.69382,-73.72694,1,0,Unspecified,4420704,16.7,8.2,0.0,0.0,0.0,0.0,3,27.0,51.1,292,Overcast,1,1,
23079,2021-05-24 22:40:00,40.82341,-73.89585,0,0,Backing Unsafely,4420479,18.9,13.7,0.0,0.0,0.0,0.0,3,22.4,44.3,126,Overcast,0,0,
23080,2021-05-16 18:15:00,40.86024,-73.92843,0,0,Passing Too Closely,4420517,22.3,10.7,0.1,0.1,0.0,1.0,51,23.8,46.1,261,Drizzle: Light,0,0,
23081,2021-05-24 01:50:00,40.692345,-73.88179,2,0,Unspecified,4420546,18.9,13.7,0.0,0.0,0.0,0.0,3,22.4,44.3,126,Overcast,2,2,
23082,2021-05-24 18:30:00,40.59255,-73.9946,1,0,Driver Inattention/Distraction,4420072,18.9,13.7,0.0,0.0,0.0,0.0,3,22.4,44.3,126,Overcast,1,1,
23083,2021-05-24 19:28:00,40.862743,-73.90357,1,0,Driver Inattention/Distraction,4420056,18.9,13.7,0.0,0.0,0.0,0.0,3,22.4,44.3,126,Overcast,1,1,
23084,2022-12-16 10:53:00,40.904472,-73.87844,2,0,Pavement Slippery,4595382,6.4,3.1,17.9,16.4,1.05,22.0,75,33.6,59.8,36,Snow fall: Heavy,2,2,Snowy Conditions
23085,2022-12-29 07:41:00,40.762676,-73.954346,2,0,Following Too Closely,4595838,8.2,-1.1,0.0,0.0,0.0,0.0,3,14.9,29.5,222,Overcast,2,2,
23086,2023-01-05 19:52:00,0.0,0.0,1,0,Driver Inattention/Distraction,4596854,12.9,7.2,0.0,0.0,0.0,0.0,3,12.8,23.8,75,Overcast,1,1,
23087,2023-01-15 20:40:00,40.598484,-74.07845,1,0,Driver Inattention/Distraction,4598571,4.7,-2.1,0.0,0.0,0.0,0.0,3,29.5,53.6,354,Overcast,1,1,
23088,2023-01-13 07:05:00,40.72616,-73.90012,0,0,Unsafe Lane Changing,4598608,12.6,3.1,2.2,2.2,0.0,12.0,53,26.2,47.2,243,Drizzle: Moderate,0,0,
23089,2023-01-13 09:40:00,40.656673,-73.76827,0,0,Unspecified,4598596,12.6,3.1,2.2,2.2,0.0,12.0,53,26.2,47.2,243,Drizzle: Moderate,0,0,
23090,2023-01-13 06:37:00,40.759727,-73.99169,0,0,Failure to Yield Right-of-Way,4598597,12.6,3.1,2.2,2.2,0.0,12.0,53,26.2,47.2,243,Drizzle: Moderate,0,0,
23091,2023-01-06 10:53:00,40.597168,-73.97149,1,0,Unspecified,4598601,8.2,3.2,7.9,7.9,0.0,13.0,61,16.6,28.8,311,Rain: Light,1,1,
23092,2023-01-16 23:00:00,40.60222,-74.12249,0,0,Driver Inexperience,4599047,8.0,-2.7,0.0,0.0,0.0,0.0,2,23.4,41.4,339,Partly cloudy,0,0,
23093,2023-01-10 11:30:00,40.843822,-73.9275,0,0,Unsafe Lane Changing,4599152,6.2,0.3,0.0,0.0,0.0,0.0,3,15.6,29.9,285,Overcast,0,0,
23094,2023-01-16 20:57:00,40.763577,-73.979485,0,0,,4598987,8.0,-2.7,0.0,0.0,0.0,0.0,2,23.4,41.4,339,Partly cloudy,0,0,
23095,2023-01-17 13:52:00,40.674507,-73.82162,1,0,Traffic Control Disregarded,4598594,7.1,-2.3,0.9,0.9,0.0,2.0,53,13.2,24.5,254,Drizzle: Moderate,1,1,
23096,2023-01-17 08:30:00,40.73911,-73.943,0,0,Following Too Closely,4598726,7.1,-2.3,0.9,0.9,0.0,2.0,53,13.2,24.5,254,Drizzle: Moderate,0,0,
23097,2023-01-17 20:00:00,40.697353,-73.96482,0,0,Unspecified,4599041,7.1,-2.3,0.9,0.9,0.0,2.0,53,13.2,24.5,254,Drizzle: Moderate,0,0,
23098,2023-01-15 11:05:00,40.58061,-73.98565,1,0,Turning Improperly,4598089,4.7,-2.1,0.0,0.0,0.0,0.0,3,29.5,53.6,354,Overcast,1,1,
23099,2023-01-11 16:35:00,40.738686,-73.99588,1,0,Driver Inattention/Distraction,4598397,3.3,-1.5,0.0,0.0,0.0,0.0,3,13.2,23.4,50,Overcast,1,1,
23100,2023-01-15 23:30:00,40.742973,-73.814316,0,0,Traffic Control Disregarded,4598259,4.7,-2.1,0.0,0.0,0.0,0.0,3,29.5,53.6,354,Overcast,0,0,
23101,2023-01-15 03:00:00,40.66172,-74.00011,0,0,Unspecified,4598564,4.7,-2.1,0.0,0.0,0.0,0.0,3,29.5,53.6,354,Overcast,0,0,
23102,2023-01-15 03:16:00,40.629353,-73.89764,0,0,Steering Failure,4597758,4.7,-2.1,0.0,0.0,0.0,0.0,3,29.5,53.6,354,Overcast,0,0,
23103,2023-01-15 20:55:00,40.877476,-73.83661,0,0,Following Too Closely,4598180,4.7,-2.1,0.0,0.0,0.0,0.0,3,29.5,53.6,354,Overcast,0,0,
23104,2023-01-13 10:00:00,40.7515,-73.883675,0,0,Driver Inattention/Distraction,4598464,12.6,3.1,2.2,2.2,0.0,12.0,53,26.2,47.2,243,Drizzle: Moderate,0,0,
23105,2023-01-13 15:30:00,40.61574,-73.95839,0,0,Unspecified,4598365,12.6,3.1,2.2,2.2,0.0,12.0,53,26.2,47.2,243,Drizzle: Moderate,0,0,
23106,2023-01-15 06:50:00,40.831146,-73.85384,0,0,Unspecified,4597809,4.7,-2.1,0.0,0.0,0.0,0.0,3,29.5,53.6,354,Overcast,0,0,
23107,2023-01-12 17:30:00,40.56345,-74.169754,0,0,Traffic Control Disregarded,4598371,10.1,-0.6,10.8,10.8,0.0,13.0,63,20.1,36.7,117,Rain: Moderate,0,0,
23108,2022-12-15 02:16:00,40.892147,-73.91205,0,0,Backing Unsafely,4598526,4.6,-1.7,16.6,16.1,0.35,10.0,73,31.8,56.5,59,Snow fall: Moderate,0,0,Snowy Conditions