,CRASH DATETIME,LATITUDE,LONGITUDE,NUMBER OF PERSONS INJURED,NUMBER OF PERSONS KILLED,CONTRIBUTING FACTOR VEHICLE 1,COLLISION_ID,temperature_2m_max,temperature_2m_min,precipitation_sum,rain_sum,snowfall_sum,precipitation_hours,weather_code,wind_speed_10m_max,wind_gusts_10m_max,wind_direction_10m_dominant,Weather Description,Severity_Score,Total_Affected_Persons,Weather_Category
23109,2023-01-15 14:15:00,40.695683,-73.741875,1,0,Following Too Closely,4597869,4.7,-2.1,0.0,0.0,0.0,0.0,3,29.5,53.6,354,Overcast,1,1,
23110,2023-01-15 11:04:00,40.67909,-73.90829,2,0,Unspecified,4598035,4.7,-2.1,0.0,0.0,0.0,0.0,3,29.5,53.6,354,Overcast,2,2,
23111,2023-01-11 13:20:00,40.544453,-74.16629,0,0,Unspecified,4598402,3.3,-1.5,0.0,0.0,0.0,0.0,3,13.2,23.4,50,Overcast,0,0,
23112,2023-01-14 20:00:00,40.63312,-74.01334,0,0,Driver Inattention/Distraction,4598427,2.8,-0.9,0.0,0.0,0.0,0.0,3,25.6,45.7,351,Overcast,0,0,
23113,2022-08-25 05:16:00,40.827812,-73.925934,1,1,Unsafe Speed,4558356,32.2,19.6,0.0,0.0,0.0,0.0,3,19.9,36.0,240,Overcast,21,2,
23114,2022-09-12 06:21:00,40.68405,-73.97746,0,0,Driver Inattention/Distraction,4564330,28.0,20.2,8.9,8.9,0.0,7.0,63,14.9,26.6,230,Rain: Moderate,0,0,
23115,2022-09-14 09:25:00,40.895374,-73.86356,2,0,Following Too Closely,4564584,26.4,15.8,0.0,0.0,0.0,0.0,2,20.1,37.1,283,Partly cloudy,2,2,
23116,2022-09-21 01:45:00,40.580673,-73.85173,0,0,Unspecified,4567343,26.5,16.0,0.0,0.0,0.0,0.0,3,19.4,36.7,252,Overcast,0,0,
23117,2022-09-23 18:39:00,40.86326,-73.83894,1,0,Fatigued/Drowsy,4567344,16.4,10.0,0.0,0.0,0.0,0.0,0,31.1,56.9,323,Clear sky,1,1,Sunny/Clear Conditions
23118,2022-09-19 15:00:00,40.7031,-73.90265,0,0,Driver Inattention/Distraction,4567360,30.1,19.0,4.9,4.9,0.0,3.0,63,22.4,44.3,241,Rain: Moderate,0,0,
23119,2022-09-17 11:04:00,40.733425,-73.95818,1,0,Driver Inattention/Distraction,4567326,22.9,16.8,0.0,0.0,0.0,0.0,3,16.9,32.0,115,Overcast,1,1,
23120,2022-09-22 15:53:00,40.837177,-73.942604,1,0,Driver Inattention/Distraction,4567365,24.9,14.3,9.1,9.1,0.0,7.0,63,24.6,44.6,273,Rain: Moderate,1,1,
23121,2023-01-02 10:00:00,40.75606,-73.85859,0,0,Driver Inattention/Distraction,4598472,12.4,4.7,0.8,0.8,0.0,4.0,51,9.7,16.2,254,Drizzle: Light,0,0,
23122,2023-01-04 01:18:00,40.844124,-73.88855,1,0,Other Vehicular,4598494,17.6,10.5,2.1,2.1,0.0,4.0,53,17.3,31.3,215,Drizzle: Moderate,1,1,
23123,2021-11-09 06:05:00,40.681515,-73.90412,0,1,Driver Inattention/Distraction,4475564,19.5,5.6,0.0,0.0,0.0,0.0,3,10.2,20.2,283,Overcast,20,1,
23124,2021-10-27 20:22:00,40.861404,-73.87059,0,1,Driver Inattention/Distraction,4476009,16.1,12.2,6.6,6.6,0.0,6.0,61,33.3,63.0,359,Rain: Light,20,1,
23125,2021-12-11 19:30:00,40.66549,-73.75236,1,0,Unspecified,4485491,17.3,5.0,8.1,8.1,0.0,5.0,63,35.0,67.0,206,Rain: Moderate,1,1,
23126,2021-12-13 16:52:00,40.7104,-73.86663,0,1,Unspecified,4486552,10.2,1.9,0.0,0.0,0.0,0.0,3,19.6,35.3,242,Overcast,20,1,
23127,2022-03-17 20:51:00,40.702,-73.88009,2,0,Driver Inattention/Distraction,4512305,12.3,3.9,6.5,6.5,0.0,13.0,61,16.8,31.7,41,Rain: Light,2,2,
23128,2021-12-22 21:00:00,40.753372,-73.93126,0,0,Driver Inattention/Distraction,4490359,8.1,-0.0,4.2,4.2,0.0,9.0,61,26.7,47.9,313,Rain: Light,0,0,
23129,2021-12-10 19:30:00,40.664993,-73.80229,0,0,Unsafe Lane Changing,4490379,8.5,1.6,0.0,0.0,0.0,0.0,3,9.8,20.5,183,Overcast,0,0,
23130,2021-12-16 20:58:00,40.725018,-73.72205,0,0,Unspecified,4487106,14.6,9.9,0.0,0.0,0.0,0.0,3,22.4,38.5,222,Overcast,0,0,
23131,2021-12-21 22:44:00,40.725266,-73.7212,3,0,Unsafe Speed,4488612,5.7,-2.4,0.0,0.0,0.0,0.0,3,13.6,24.5,228,Overcast,3,3,
23132,2021-12-09 18:23:00,40.807507,-73.92701,4,0,Unspecified,4490364,3.6,-2.0,0.1,0.0,0.07,1.0,71,19.2,33.8,295,Snow fall: Light,4,4,Snowy Conditions
23133,2021-12-07 07:16:00,40.822628,-73.916695,0,0,Failure to Yield Right-of-Way,4490361,8.6,0.8,0.1,0.1,0.0,1.0,51,27.2,49.3,283,Drizzle: Light,0,0,
23134,2022-03-27 01:03:00,40.638824,-73.94492,0,0,Unspecified,4514064,7.5,-1.1,0.3,0.3,0.07,3.0,71,26.4,47.5,288,Snow fall: Light,0,0,Snowy Conditions
23135,2022-03-28 14:02:00,40.738297,-73.70177,0,0,Failure to Yield Right-of-Way,4514325,0.0,-5.2,0.3,0.0,0.21,3.0,71,31.3,59.0,303,Snow fall: Light,0,0,Snowy Conditions
23136,2022-03-29 06:55:00,40.59346,-73.777985,0,0,Unspecified,4515995,3.3,-5.2,0.0,0.0,0.0,0.0,2,29.3,54.4,311,Partly cloudy,0,0,
23137,2022-03-29 09:33:00,40.666233,-73.761,1,0,Unsafe Speed,4515095,3.3,-5.2,0.0,0.0,0.0,0.0,2,29.3,54.4,311,Partly cloudy,1,1,
23138,2022-03-29 15:45:00,40.609097,-73.756615,0,0,Outside Car Distraction,4515997,3.3,-5.2,0.0,0.0,0.0,0.0,2,29.3,54.4,311,Partly cloudy,0,0,
23139,2022-03-29 18:24:00,40.82092,-73.94333,0,0,Unspecified,4515985,3.3,-5.2,0.0,0.0,0.0,0.0,2,29.3,54.4,311,Partly cloudy,0,0,
23140,2022-04-23 16:07:00,40.800087,-73.9511,0,0,Fell Asleep,4522236,14.7,6.3,0.0,0.0,0.0,0.0,3,15.0,29.2,119,Overcast,0,0,
23141,2022-04-24 08:00:00,40.669422,-73.91744,0,0,Unspecified,4521764,15.8,7.0,0.0,0.0,0.0,0.0,3,21.7,43.2,114,Overcast,0,0,
23142,2022-04-24 13:40:00,0.0,0.0,0,0,Driver Inattention/Distraction,4521736,15.8,7.0,0.0,0.0,0.0,0.0,3,21.7,43.2,114,Overcast,0,0,
23143,2022-04-24 00:00:00,40.821945,-73.9281,0,0,Turning Improperly,4522216,15.8,7.0,0.0,0.0,0.0,0.0,3,21.7,43.2,114,Overcast,0,0,
23144,2022-04-24 21:10:00,40.862812,-73.907555,0,0,Unsafe Lane Changing,4521774,15.8,7.0,0.0,0.0,0.0,0.0,3,21.7,43.2,114,Overcast,0,0,
23145,2022-04-24 12:51:00,40.73448,-73.92243,0,0,Following Too Closely,4521588,15.8,7.0,0.0,0.0,0.0,0.0,3,21.7,43.2,114,Overcast,0,0,
23146,2021-12-26 16:17:00,40.686302,-73.793915,0,0,Traffic Control Disregarded,4489878,8.9,3.4,0.0,0.0,0.0,0.0,3,21.9,38.9,316,Overcast,0,0,
23147,2021-12-23 17:30:00,40.70063,-73.904015,1,0,Passing Too Closely,4490159,2.1,-2.3,0.0,0.0,0.0,0.0,3,20.1,35.6,299,Overcast,1,1,
23148,2021-12-26 21:24:00,40.84044,-73.86687,1,0,Driver Inattention/Distraction,4489992,8.9,3.4,0.0,0.0,0.0,0.0,3,21.9,38.9,316,Overcast,1,1,
23149,2021-12-26 00:04:00,40.624798,-73.94265,1,0,Driver Inexperience,4489517,8.9,3.4,0.0,0.0,0.0,0.0,3,21.9,38.9,316,Overcast,1,1,
23150,2021-12-26 23:15:00,40.732323,-73.810776,1,0,Traffic Control Disregarded,4489939,8.9,3.4,0.0,0.0,0.0,0.0,3,21.9,38.9,316,Overcast,1,1,
23151,2021-12-26 20:30:00,40.592304,-73.9739,0,0,Failure to Yield Right-of-Way,4490203,8.9,3.4,0.0,0.0,0.0,0.0,3,21.9,38.9,316,Overcast,0,0,
23152,2021-12-26 21:30:00,40.819324,-73.90661,0,0,Other Vehicular,4490105,8.9,3.4,0.0,0.0,0.0,0.0,3,21.9,38.9,316,Overcast,0,0,
23153,2021-12-24 14:00:00,40.863884,-73.91069,0,0,View Obstructed/Limited,4490303,5.7,-1.1,1.0,0.0,0.7,5.0,73,12.4,21.6,73,Snow fall: Moderate,0,0,Snowy Conditions
23154,2021-12-26 11:30:00,40.759163,-73.97675,0,0,Passing or Lane Usage Improper,4489614,8.9,3.4,0.0,0.0,0.0,0.0,3,21.9,38.9,316,Overcast,0,0,
23155,2021-12-22 14:00:00,40.722797,-74.00013,0,0,Unspecified,4490131,8.1,-0.0,4.2,4.2,0.0,9.0,61,26.7,47.9,313,Rain: Light,0,0,
23156,2021-12-26 19:37:00,40.73189,-73.95921,0,0,Unsafe Speed,4490259,8.9,3.4,0.0,0.0,0.0,0.0,3,21.9,38.9,316,Overcast,0,0,
23157,2021-12-26 07:00:00,40.663235,-73.90442,0,0,Unspecified,4489639,8.9,3.4,0.0,0.0,0.0,0.0,3,21.9,38.9,316,Overcast,0,0,
23158,2021-12-26 11:34:00,40.618065,-73.9807,0,0,Unspecified,4489847,8.9,3.4,0.0,0.0,0.0,0.0,3,21.9,38.9,316,Overcast,0,0,
23159,2021-12-13 13:46:00,40.72552,-73.9018,0,0,Unspecified,4490163,10.2,1.9,0.0,0.0,0.0,0.0,3,19.6,35.3,242,Overcast,0,0,
23160,2021-12-24 06:30:00,40.773808,-73.8929,0,0,Driver Inattention/Distraction,4490177,5.7,-1.1,1.0,0.0,0.7,5.0,73,12.4,21.6,73,Snow fall: Moderate,0,0,Snowy Conditions
23161,2022-04-01 19:10:00,40.669476,-73.919975,0,0,Passing Too Closely,4515663,15.2,5.3,1.4,1.4,0.0,8.0,51,33.1,61.9,277,Drizzle: Light,0,0,
23162,2021-12-23 14:20:00,40.66859,-73.90659,0,0,Unspecified,4490234,2.1,-2.3,0.0,0.0,0.0,0.0,3,20.1,35.6,299,Overcast,0,0,
23163,2021-12-26 19:00:00,40.704697,-73.79433,0,0,Unspecified,4489762,8.9,3.4,0.0,0.0,0.0,0.0,3,21.9,38.9,316,Overcast,0,0,
23164,2021-12-26 18:40:00,40.891228,-73.84115,0,0,Driver Inattention/Distraction,4489710,8.9,3.4,0.0,0.0,0.0,0.0,3,21.9,38.9,316,Overcast,0,0,
23165,2021-12-26 22:30:00,40.728615,-73.73858,0,0,Other Vehicular,4489748,8.9,3.4,0.0,0.0,0.0,0.0,3,21.9,38.9,316,Overcast,0,0,
23166,2021-12-26 20:00:00,40.883553,-73.83476,0,0,Following Too Closely,4489714,8.9,3.4,0.0,0.0,0.0,0.0,3,21.9,38.9,316,Overcast,0,0,
23167,2021-12-26 16:00:00,40.707027,-73.9236,0,0,Failure to Yield Right-of-Way,4489808,8.9,3.4,0.0,0.0,0.0,0.0,3,21.9,38.9,316,Overcast,0,0,
23168,2021-12-26 12:48:00,40.742645,-73.98246,0,0,Unspecified,4489665,8.9,3.4,0.0,0.0,0.0,0.0,3,21.9,38.9,316,Overcast,0,0,
23169,2021-12-21 18:00:00,40.700497,-73.962555,0,0,Failure to Yield Right-of-Way,4490229,5.7,-2.4,0.0,0.0,0.0,0.0,3,13.6,24.5,228,Overcast,0,0,
23170,2021-12-26 20:25:00,40.72639,-73.991806,1,0,Driver Inattention/Distraction,4490051,8.9,3.4,0.0,0.0,0.0,0.0,3,21.9,38.9,316,Overcast,1,1,
23171,2021-12-06 12:06:00,40.75733,-73.93136,0,0,Driver Inattention/Distraction,4490138,16.3,7.7,6.3,6.3,0.0,10.0,61,35.1,65.5,201,Rain: Light,0,0,
23172,2021-12-26 19:00:00,40.76256,-73.96125,0,0,Driver Inattention/Distraction,4490249,8.9,3.4,0.0,0.0,0.0,0.0,3,21.9,38.9,316,Overcast,0,0,
23173,2021-12-25 08:51:00,40.81709,-73.81827,0,0,Unspecified,4490183,8.8,0.5,6.1,6.1,0.0,14.0,55,14.5,24.8,284,Drizzle: Dense,0,0,
23174,2021-12-20 04:55:00,40.56345,-74.169754,0,0,Unspecified,4490240,1.8,-4.4,0.0,0.0,0.0,0.0,2,17.9,32.8,282,Partly cloudy,0,0,
23175,2021-12-26 11:00:00,40.66434,-73.93155,1,0,Driver Inattention/Distraction,4489689,8.9,3.4,0.0,0.0,0.0,0.0,3,21.9,38.9,316,Overcast,1,1,
23176,2021-12-26 21:05:00,40.73487,-73.92331,1,0,Driver Inattention/Distraction,4489781,8.9,3.4,0.0,0.0,0.0,0.0,3,21.9,38.9,316,Overcast,1,1,
23177,2021-12-26 15:40:00,40.66293,-73.920616,0,0,Unspecified,4489969,8.9,3.4,0.0,0.0,0.0,0.0,3,21.9,38.9,316,Overcast,0,0,
23178,2021-12-24 14:01:00,40.549477,-74.17044,1,0,Drugs (illegal),4490176,5.7,-1.1,1.0,0.0,0.7,5.0,73,12.4,21.6,73,Snow fall: Moderate,1,1,Snowy Conditions
23179,2021-12-19 08:16:00,40.630646,-73.973595,0,0,Driver Inattention/Distraction,4490341,7.1,-1.8,0.5,0.5,0.0,4.0,51,26.4,47.5,327,Drizzle: Light,0,0,
23180,2021-12-26 22:48:00,40.762104,-73.960144,0,0,Other Vehicular,4489848,8.9,3.4,0.0,0.0,0.0,0.0,3,21.9,38.9,316,Overcast,0,0,
23181,2021-12-26 12:20:00,40.75066,-73.987785,1,0,Failure to Yield Right-of-Way,4489911,8.9,3.4,0.0,0.0,0.0,0.0,3,21.9,38.9,316,Overcast,1,1,
23182,2021-12-26 18:30:00,40.74459,-73.884674,0,0,Unspecified,4489724,8.9,3.4,0.0,0.0,0.0,0.0,3,21.9,38.9,316,Overcast,0,0,
23183,2021-12-18 16:17:00,40.69012,-73.756424,0,0,Aggressive Driving/Road Rage,4490298,6.3,4.5,3.8,3.8,0.0,9.0,61,12.3,24.5,35,Rain: Light,0,0,
23184,2021-12-09 02:00:00,40.663345,-73.99829,0,0,Unspecified,4490219,3.6,-2.0,0.1,0.0,0.07,1.0,71,19.2,33.8,295,Snow fall: Light,0,0,Snowy Conditions
23185,2021-12-24 01:00:00,40.57521,-74.11528,0,0,Unspecified,4490286,5.7,-1.1,1.0,0.0,0.7,5.0,73,12.4,21.6,73,Snow fall: Moderate,0,0,Snowy Conditions
23186,2021-12-26 16:55:00,40.611744,-74.12203,1,0,Driver Inattention/Distraction,4490017,8.9,3.4,0.0,0.0,0.0,0.0,3,21.9,38.9,316,Overcast,1,1,
23187,2021-12-20 00:15:00,40.67994,-73.941216,0,0,Unspecified,4490133,1.8,-4.4,0.0,0.0,0.0,0.0,2,17.9,32.8,282,Partly cloudy,0,0,
23188,2021-12-26 23:00:00,40.609764,-73.99914,0,0,Driver Inattention/Distraction,4489926,8.9,3.4,0.0,0.0,0.0,0.0,3,21.9,38.9,316,Overcast,0,0,
23189,2021-12-19 23:30:00,40.83533,-73.927,0,0,Driver Inattention/Distraction,4490169,7.1,-1.8,0.5,0.5,0.0,4.0,51,26.4,47.5,327,Drizzle: Light,0,0,
23190,2021-12-26 20:07:00,40.813488,-73.89935,0,0,Driver Inattention/Distraction,4489864,8.9,3.4,0.0,0.0,0.0,0.0,3,21.9,38.9,316,Overcast,0,0,
23191,2021-12-23 19:25:00,40.75896,-73.82985,0,0,Backing Unsafely,4490313,2.1,-2.3,0.0,0.0,0.0,0.0,3,20.1,35.6,299,Overcast,0,0,
23192,2021-12-09 10:30:00,40.75892,-73.92566,1,0,View Obstructed/Limited,4490152,3.6,-2.0,0.1,0.0,0.07,1.0,71,19.2,33.8,295,Snow fall: Light,1,1,Snowy Conditions
23193,2021-12-26 21:07:00,40.852818,-73.90476,0,0,Passing Too Closely,4489952,8.9,3.4,0.0,0.0,0.0,0.0,3,21.9,38.9,316,Overcast,0,0,
23194,2021-12-25 14:48:00,40.721714,-73.902145,0,0,Unspecified,4490153,8.8,0.5,6.1,6.1,0.0,14.0,55,14.5,24.8,284,Drizzle: Dense,0,0,
23195,2021-12-26 18:38:00,40.6843,-73.94121,1,0,Unsafe Speed,4490115,8.9,3.4,0.0,0.0,0.0,0.0,3,21.9,38.9,316,Overcast,1,1,
23196,2021-12-26 00:05:00,40.612453,-74.037735,0,0,Unspecified,4489526,8.9,3.4,0.0,0.0,0.0,0.0,3,21.9,38.9,316,Overcast,0,0,
23197,2021-12-26 11:15:00,40.806293,-73.93603,0,0,Unspecified,4489890,8.9,3.4,0.0,0.0,0.0,0.0,3,21.9,38.9,316,Overcast,0,0,
23198,2021-12-15 04:10:00,40.74713,-73.88869,0,0,Backing Unsafely,4490357,10.3,1.8,1.0,1.0,0.0,6.0,51,20.6,38.2,104,Drizzle: Light,0,0,
23199,2021-12-26 02:20:00,40.59907,-73.90498,0,0,Steering Failure,4489617,8.9,3.4,0.0,0.0,0.0,0.0,3,21.9,38.9,316,Overcast,0,0,
23200,2021-05-25 17:00:00,40.624683,-73.961296,0,0,Unspecified,4420448,21.9,13.0,0.0,0.0,0.0,0.0,3,24.3,47.9,182,Overcast,0,0,
23201,2021-12-26 01:20:00,40.83761,-73.88106,0,0,Driver Inattention/Distraction,4489861,8.9,3.4,0.0,0.0,0.0,0.0,3,21.9,38.9,316,Overcast,0,0,
23202,2022-03-30 16:20:00,40.71407,-73.99751,0,0,Unspecified,4514894,5.9,-3.5,0.0,0.0,0.0,0.0,3,17.0,30.6,215,Overcast,0,0,
23203,2021-12-26 12:11:00,40.83091,-73.92047,1,0,Traffic Control Disregarded,4489927,8.9,3.4,0.0,0.0,0.0,0.0,3,21.9,38.9,316,Overcast,1,1,
23204,2021-12-23 21:10:00,40.547108,-74.16621,1,0,Failure to Yield Right-of-Way,4490257,2.1,-2.3,0.0,0.0,0.0,0.0,3,20.1,35.6,299,Overcast,1,1,
23205,2021-12-13 17:15:00,40.635223,-73.89751,0,0,Driver Inattention/Distraction,4490307,10.2,1.9,0.0,0.0,0.0,0.0,3,19.6,35.3,242,Overcast,0,0,
23206,2021-12-26 11:15:00,40.70882,-73.99898,0,0,Passing Too Closely,4489994,8.9,3.4,0.0,0.0,0.0,0.0,3,21.9,38.9,316,Overcast,0,0,
23207,2021-12-26 17:34:00,40.68313,-73.922775,0,0,Unspecified,4489722,8.9,3.4,0.0,0.0,0.0,0.0,3,21.9,38.9,316,Overcast,0,0,
23208,2021-12-26 17:45:00,40.751736,-73.939575,0,0,Driver Inattention/Distraction,4489750,8.9,3.4,0.0,0.0,0.0,0.0,3,21.9,38.9,316,Overcast,0,0,
23209,2021-12-17 13:38:00,40.69133,-73.95177,0,0,Driver Inattention/Distraction,4490188,13.9,6.1,0.0,0.0,0.0,0.0,3,21.5,37.1,265,Overcast,0,0,
23210,2021-12-26 16:00:00,40.692066,-73.7654,0,0,Failure to Yield Right-of-Way,4489882,8.9,3.4,0.0,0.0,0.0,0.0,3,21.9,38.9,316,Overcast,0,0,
23211,2021-12-25 08:30:00,40.525932,-74.221924,0,0,Unsafe Speed,4490243,8.8,0.5,6.1,6.1,0.0,14.0,55,14.5,24.8,284,Drizzle: Dense,0,0,
23212,2021-12-26 15:36:00,40.734375,-73.87342,0,0,Driver Inattention/Distraction,4489690,8.9,3.4,0.0,0.0,0.0,0.0,3,21.9,38.9,316,Overcast,0,0,
23213,2021-12-23 20:00:00,40.711845,-73.859764,0,0,Passing or Lane Usage Improper,4490158,2.1,-2.3,0.0,0.0,0.0,0.0,3,20.1,35.6,299,Overcast,0,0,
23214,2021-12-20 13:06:00,40.77445,-73.918465,0,0,Driver Inexperience,4490197,1.8,-4.4,0.0,0.0,0.0,0.0,2,17.9,32.8,282,Partly cloudy,0,0,
23215,2021-12-26 14:43:00,40.67398,-73.911156,4,0,Unspecified,4489968,8.9,3.4,0.0,0.0,0.0,0.0,3,21.9,38.9,316,Overcast,4,4,
23216,2021-12-25 13:33:00,40.814934,-73.89765,0,0,Unspecified,4490347,8.8,0.5,6.1,6.1,0.0,14.0,55,14.5,24.8,284,Drizzle: Dense,0,0,
23217,2021-12-19 16:18:00,40.762177,-73.96613,0,0,Driver Inattention/Distraction,4490250,7.1,-1.8,0.5,0.5,0.0,4.0,51,26.4,47.5,327,Drizzle: Light,0,0,
23218,2021-12-26 23:47:00,40.641895,-73.93324,0,0,Unspecified,4489871,8.9,3.4,0.0,0.0,0.0,0.0,3,21.9,38.9,316,Overcast,0,0,
23219,2021-12-26 21:20:00,40.676006,-73.91933,1,0,Following Too Closely,4489975,8.9,3.4,0.0,0.0,0.0,0.0,3,21.9,38.9,316,Overcast,1,1,
23220,2021-12-24 02:30:00,40.73973,-73.81762,0,0,Passing Too Closely,4490318,5.7,-1.1,1.0,0.0,0.7,5.0,73,12.4,21.6,73,Snow fall: Moderate,0,0,Snowy Conditions
23221,2021-12-25 07:00:00,40.826767,-73.81602,0,0,Unspecified,4490182,8.8,0.5,6.1,6.1,0.0,14.0,55,14.5,24.8,284,Drizzle: Dense,0,0,
23222,2021-12-26 12:44:00,40.630238,-73.93246,1,0,Failure to Yield Right-of-Way,4489632,8.9,3.4,0.0,0.0,0.0,0.0,3,21.9,38.9,316,Overcast,1,1,
23223,2021-12-19 14:30:00,40.53062,-74.19455,0,0,Turning Improperly,4490239,7.1,-1.8,0.5,0.5,0.0,4.0,51,26.4,47.5,327,Drizzle: Light,0,0,
23224,2021-12-26 18:25:00,40.836353,-73.88837,1,0,Traffic Control Disregarded,4489810,8.9,3.4,0.0,0.0,0.0,0.0,3,21.9,38.9,316,Overcast,1,1,
23225,2021-12-20 08:25:00,40.60455,-73.9691,1,0,Unspecified,4490202,1.8,-4.4,0.0,0.0,0.0,0.0,2,17.9,32.8,282,Partly cloudy,1,1,
23226,2021-12-19 19:00:00,40.697933,-73.892006,0,0,Driver Inattention/Distraction,4490162,7.1,-1.8,0.5,0.5,0.0,4.0,51,26.4,47.5,327,Drizzle: Light,0,0,
23227,2021-12-26 15:00:00,40.697678,-73.851845,0,0,Failure to Yield Right-of-Way,4490042,8.9,3.4,0.0,0.0,0.0,0.0,3,21.9,38.9,316,Overcast,0,0,
23228,2021-12-22 20:00:00,40.763775,-73.94034,0,0,Unspecified,4490136,8.1,-0.0,4.2,4.2,0.0,9.0,61,26.7,47.9,313,Rain: Light,0,0,
23229,2021-11-24 08:10:00,40.657658,-73.953224,0,0,Driver Inattention/Distraction,4490330,7.0,-1.6,0.0,0.0,0.0,0.0,3,18.4,33.1,305,Overcast,0,0,
23230,2021-12-26 17:30:00,40.76156,-73.974686,0,0,Following Too Closely,4489901,8.9,3.4,0.0,0.0,0.0,0.0,3,21.9,38.9,316,Overcast,0,0,
23231,2021-12-19 12:30:00,40.520916,-74.235115,2,0,Failure to Yield Right-of-Way,4490244,7.1,-1.8,0.5,0.5,0.0,4.0,51,26.4,47.5,327,Drizzle: Light,2,2,
23232,2021-12-22 07:00:00,40.715176,-73.951965,0,0,Driver Inattention/Distraction,4490287,8.1,-0.0,4.2,4.2,0.0,9.0,61,26.7,47.9,313,Rain: Light,0,0,
23233,2021-12-26 15:50:00,40.671684,-73.912224,0,0,Driver Inattention/Distraction,4489972,8.9,3.4,0.0,0.0,0.0,0.0,3,21.9,38.9,316,Overcast,0,0,
23234,2021-12-22 19:45:00,40.5528,-74.191444,0,0,Driver Inattention/Distraction,4490208,8.1,-0.0,4.2,4.2,0.0,9.0,61,26.7,47.9,313,Rain: Light,0,0,
23235,2021-12-26 09:30:00,40.6048,-73.966805,3,0,Driver Inattention/Distraction,4489664,8.9,3.4,0.0,0.0,0.0,0.0,3,21.9,38.9,316,Overcast,3,3,
23236,2021-12-09 18:12:00,40.771454,-73.897095,0,0,Traffic Control Disregarded,4490144,3.6,-2.0,0.1,0.0,0.07,1.0,71,19.2,33.8,295,Snow fall: Light,0,0,Snowy Conditions
23237,2021-12-26 15:26:00,40.700512,-73.796776,0,0,Glare,4489760,8.9,3.4,0.0,0.0,0.0,0.0,3,21.9,38.9,316,Overcast,0,0,
23238,2021-12-11 21:45:00,40.758972,-73.91901,0,0,Unspecified,4490154,17.3,5.0,8.1,8.1,0.0,5.0,63,35.0,67.0,206,Rain: Moderate,0,0,
23239,2021-12-26 01:30:00,40.804585,-73.91213,0,0,Unspecified,4489889,8.9,3.4,0.0,0.0,0.0,0.0,3,21.9,38.9,316,Overcast,0,0,
23240,2021-12-25 05:41:00,40.85078,-73.91222,0,0,Passing Too Closely,4490142,8.8,0.5,6.1,6.1,0.0,14.0,55,14.5,24.8,284,Drizzle: Dense,0,0,
23241,2021-12-26 16:55:00,40.613678,-74.07817,0,0,Driver Inattention/Distraction,4490016,8.9,3.4,0.0,0.0,0.0,0.0,3,21.9,38.9,316,Overcast,0,0,
23242,2021-12-26 01:00:00,40.6649,-73.90403,1,0,Backing Unsafely,4489529,8.9,3.4,0.0,0.0,0.0,0.0,3,21.9,38.9,316,Overcast,1,1,
23243,2021-12-21 00:00:00,40.760975,-73.89773,0,0,Unspecified,4490275,5.7,-2.4,0.0,0.0,0.0,0.0,3,13.6,24.5,228,Overcast,0,0,
23244,2021-12-26 05:35:00,40.70313,-73.816795,0,0,Tire Failure/Inadequate,4489728,8.9,3.4,0.0,0.0,0.0,0.0,3,21.9,38.9,316,Overcast,0,0,
23245,2021-12-26 17:07:00,40.636517,-74.022736,0,0,Driver Inattention/Distraction,4489745,8.9,3.4,0.0,0.0,0.0,0.0,3,21.9,38.9,316,Overcast,0,0,
23246,2021-12-20 16:32:00,40.844715,-73.91228,0,0,Passing Too Closely,4490171,1.8,-4.4,0.0,0.0,0.0,0.0,2,17.9,32.8,282,Partly cloudy,0,0,
23247,2021-12-26 07:20:00,40.658703,-73.854904,0,0,Steering Failure,4489774,8.9,3.4,0.0,0.0,0.0,0.0,3,21.9,38.9,316,Overcast,0,0,
23248,2021-12-23 15:30:00,40.681446,-73.94644,0,0,Passing Too Closely,4490189,2.1,-2.3,0.0,0.0,0.0,0.0,3,20.1,35.6,299,Overcast,0,0,
23249,2021-12-26 00:01:00,40.64226,-73.95156,0,0,Backing Unsafely,4489869,8.9,3.4,0.0,0.0,0.0,0.0,3,21.9,38.9,316,Overcast,0,0,
23250,2021-12-14 12:16:00,40.749966,-73.786804,0,0,Passing or Lane Usage Improper,4490220,10.4,3.1,0.0,0.0,0.0,0.0,3,18.5,31.3,322,Overcast,0,0,
23251,2021-12-26 14:06:00,40.725853,-73.719025,1,0,Unsafe Speed,4489682,8.9,3.4,0.0,0.0,0.0,0.0,3,21.9,38.9,316,Overcast,1,1,
23252,2022-03-29 23:00:00,40.653862,-73.9296,1,0,Unsafe Speed,4515638,3.3,-5.2,0.0,0.0,0.0,0.0,2,29.3,54.4,311,Partly cloudy,1,1,
23253,2021-12-20 14:30:00,40.56222,-74.17935,0,0,Failure to Yield Right-of-Way,4490215,1.8,-4.4,0.0,0.0,0.0,0.0,2,17.9,32.8,282,Partly cloudy,0,0,
23254,2021-12-23 09:15:00,40.50918,-74.24344,0,0,Backing Unsafely,4490242,2.1,-2.3,0.0,0.0,0.0,0.0,3,20.1,35.6,299,Overcast,0,0,
23255,2021-10-01 09:30:00,40.749866,-73.86273,1,0,,4463152,19.4,9.5,0.0,0.0,0.0,0.0,0,13.8,28.1,302,Clear sky,1,1,Sunny/Clear Conditions
23256,2021-12-26 23:17:00,40.672947,-73.84745,0,0,Alcohol Involvement,4489772,8.9,3.4,0.0,0.0,0.0,0.0,3,21.9,38.9,316,Overcast,0,0,
23257,2021-12-26 12:30:00,40.654213,-73.91776,1,0,Driver Inattention/Distraction,4489859,8.9,3.4,0.0,0.0,0.0,0.0,3,21.9,38.9,316,Overcast,1,1,
23258,2021-12-26 21:30:00,40.709522,-74.00167,1,0,Unspecified,4490126,8.9,3.4,0.0,0.0,0.0,0.0,3,21.9,38.9,316,Overcast,1,1,