,CRASH DATETIME,LATITUDE,LONGITUDE,NUMBER OF PERSONS INJURED,NUMBER OF PERSONS KILLED,CONTRIBUTING FACTOR VEHICLE 1,COLLISION_ID,temperature_2m_max,temperature_2m_min,precipitation_sum,rain_sum,snowfall_sum,precipitation_hours,weather_code,wind_speed_10m_max,wind_gusts_10m_max,wind_direction_10m_dominant,Weather Description,Severity_Score,Total_Affected_Persons,Weather_Category
23259,2021-11-19 22:40:00,40.768127,-73.87625,1,0,Driver Inattention/Distraction,4490274,9.6,3.6,3.3,3.3,0.0,3.0,61,28.3,52.2,296,Rain: Light,1,1,
23260,2021-12-26 04:10:00,40.67715,-73.92559,1,0,Alcohol Involvement,4489719,8.9,3.4,0.0,0.0,0.0,0.0,3,21.9,38.9,316,Overcast,1,1,
23261,2021-12-26 05:45:00,40.67329,-73.76585,0,0,Passing Too Closely,4489886,8.9,3.4,0.0,0.0,0.0,0.0,3,21.9,38.9,316,Overcast,0,0,
23262,2021-12-26 02:33:00,40.58571,-73.91276,0,0,Steering Failure,4489663,8.9,3.4,0.0,0.0,0.0,0.0,3,21.9,38.9,316,Overcast,0,0,
23263,2021-12-26 11:34:00,40.804585,-73.91213,1,0,Other Vehicular,4489841,8.9,3.4,0.0,0.0,0.0,0.0,3,21.9,38.9,316,Overcast,1,1,
23264,2021-12-20 12:30:00,40.701454,-73.90181,0,0,Backing Unsafely,4490165,1.8,-4.4,0.0,0.0,0.0,0.0,2,17.9,32.8,282,Partly cloudy,0,0,
23265,2021-12-26 14:00:00,40.675175,-73.98471,1,0,Following Too Closely,4489792,8.9,3.4,0.0,0.0,0.0,0.0,3,21.9,38.9,316,Overcast,1,1,
23266,2021-12-16 15:00:00,40.54653,-74.180435,2,0,Unspecified,4490221,14.6,9.9,0.0,0.0,0.0,0.0,3,22.4,38.5,222,Overcast,2,2,
23267,2021-12-26 20:05:00,40.837303,-73.90785,1,0,Unspecified,4489929,8.9,3.4,0.0,0.0,0.0,0.0,3,21.9,38.9,316,Overcast,1,1,
23268,2021-12-23 05:28:00,40.728466,-73.90871,3,0,Following Too Closely,4490186,2.1,-2.3,0.0,0.0,0.0,0.0,3,20.1,35.6,299,Overcast,3,3,
23269,2021-12-18 13:21:00,40.52634,-74.22344,1,0,Driver Inattention/Distraction,4490238,6.3,4.5,3.8,3.8,0.0,9.0,61,12.3,24.5,35,Rain: Light,1,1,
23270,2021-12-23 23:52:00,40.860588,-73.857506,1,0,Unspecified,4490207,2.1,-2.3,0.0,0.0,0.0,0.0,3,20.1,35.6,299,Overcast,1,1,
23271,2021-12-26 13:03:00,40.655354,-73.951355,0,0,Alcohol Involvement,4490079,8.9,3.4,0.0,0.0,0.0,0.0,3,21.9,38.9,316,Overcast,0,0,
23272,2021-12-26 21:30:00,40.86609,-73.88268,0,0,Driver Inattention/Distraction,4490305,8.9,3.4,0.0,0.0,0.0,0.0,3,21.9,38.9,316,Overcast,0,0,
23273,2021-12-26 17:00:00,40.808804,-73.95589,1,0,Failure to Yield Right-of-Way,4489920,8.9,3.4,0.0,0.0,0.0,0.0,3,21.9,38.9,316,Overcast,1,1,
23274,2021-12-04 20:31:00,40.723648,-73.98529,0,0,Unspecified,4490349,8.3,-0.7,0.0,0.0,0.0,0.0,3,13.5,25.9,231,Overcast,0,0,
23275,2021-12-26 17:30:00,40.808857,-73.93014,0,0,Traffic Control Disregarded,4489896,8.9,3.4,0.0,0.0,0.0,0.0,3,21.9,38.9,316,Overcast,0,0,
23276,2021-12-26 13:15:00,40.740818,-73.72044,0,0,Unspecified,4489983,8.9,3.4,0.0,0.0,0.0,0.0,3,21.9,38.9,316,Overcast,0,0,
23277,2021-12-03 18:30:00,40.584366,-73.98292,1,0,Driver Inattention/Distraction,4490278,9.3,0.9,0.0,0.0,0.0,0.0,3,27.6,53.3,301,Overcast,1,1,
23278,2021-12-26 19:50:00,40.836937,-73.927124,1,0,Unsafe Speed,4490002,8.9,3.4,0.0,0.0,0.0,0.0,3,21.9,38.9,316,Overcast,1,1,
23279,2021-12-24 19:30:00,40.828262,-73.909065,0,0,Unspecified,4490161,5.7,-1.1,1.0,0.0,0.7,5.0,73,12.4,21.6,73,Snow fall: Moderate,0,0,Snowy Conditions
23280,2021-12-22 20:24:00,40.715263,-73.976326,1,0,Driver Inattention/Distraction,4490290,8.1,-0.0,4.2,4.2,0.0,9.0,61,26.7,47.9,313,Rain: Light,1,1,
23281,2021-12-26 10:59:00,40.856808,-73.92827,0,0,Passing or Lane Usage Improper,4489962,8.9,3.4,0.0,0.0,0.0,0.0,3,21.9,38.9,316,Overcast,0,0,
23282,2021-12-26 17:43:00,40.73866,-73.81027,0,0,Following Too Closely,4489872,8.9,3.4,0.0,0.0,0.0,0.0,3,21.9,38.9,316,Overcast,0,0,
23283,2021-12-23 10:10:00,40.74608,-73.974945,0,0,Other Vehicular,4490374,2.1,-2.3,0.0,0.0,0.0,0.0,3,20.1,35.6,299,Overcast,0,0,
23284,2021-12-21 17:25:00,40.66061,-73.728455,0,0,Backing Unsafely,4488610,5.7,-2.4,0.0,0.0,0.0,0.0,3,13.6,24.5,228,Overcast,0,0,
23285,2021-12-24 13:45:00,40.764614,-73.95833,1,0,Following Too Closely,4490251,5.7,-1.1,1.0,0.0,0.7,5.0,73,12.4,21.6,73,Snow fall: Moderate,1,1,Snowy Conditions
23286,2021-12-26 22:15:00,40.584003,-73.92157,1,0,Unsafe Speed,4490039,8.9,3.4,0.0,0.0,0.0,0.0,3,21.9,38.9,316,Overcast,1,1,
23287,2021-12-24 20:30:00,40.67213,-73.802666,0,0,Passing or Lane Usage Improper,4490147,5.7,-1.1,1.0,0.0,0.7,5.0,73,12.4,21.6,73,Snow fall: Moderate,0,0,Snowy Conditions
23288,2021-12-25 05:25:00,40.756397,-73.804535,0,0,Fell Asleep,4490316,8.8,0.5,6.1,6.1,0.0,14.0,55,14.5,24.8,284,Drizzle: Dense,0,0,
23289,2021-12-23 08:21:00,40.719555,-73.92287,0,0,Turning Improperly,4490155,2.1,-2.3,0.0,0.0,0.0,0.0,3,20.1,35.6,299,Overcast,0,0,
23290,2021-12-20 17:00:00,40.721233,-73.98778,1,0,Unsafe Speed,4490332,1.8,-4.4,0.0,0.0,0.0,0.0,2,17.9,32.8,282,Partly cloudy,1,1,
23291,2021-12-26 01:20:00,40.674908,-73.91386,1,0,Unsafe Speed,4489534,8.9,3.4,0.0,0.0,0.0,0.0,3,21.9,38.9,316,Overcast,1,1,
23292,2021-12-13 17:30:00,40.672844,-73.76405,0,0,Failure to Yield Right-of-Way,4490377,10.2,1.9,0.0,0.0,0.0,0.0,3,19.6,35.3,242,Overcast,0,0,
23293,2021-12-26 12:00:00,40.665733,-73.755585,0,0,Following Too Closely,4489916,8.9,3.4,0.0,0.0,0.0,0.0,3,21.9,38.9,316,Overcast,0,0,
23294,2021-12-20 12:00:00,40.811817,-73.85693,0,0,Unsafe Speed,4490199,1.8,-4.4,0.0,0.0,0.0,0.0,2,17.9,32.8,282,Partly cloudy,0,0,
23295,2021-12-26 21:00:00,40.633724,-74.02389,0,0,Driver Inattention/Distraction,4489746,8.9,3.4,0.0,0.0,0.0,0.0,3,21.9,38.9,316,Overcast,0,0,
23296,2021-12-15 08:35:00,40.68086,-73.95441,1,0,Driver Inexperience,4490191,10.3,1.8,1.0,1.0,0.0,6.0,51,20.6,38.2,104,Drizzle: Light,1,1,
23297,2021-12-13 19:30:00,40.680115,-73.75324,1,0,Backing Unsafely,4490282,10.2,1.9,0.0,0.0,0.0,0.0,3,19.6,35.3,242,Overcast,1,1,
23298,2021-12-17 14:51:00,40.689445,-73.95513,1,0,Traffic Control Disregarded,4490135,13.9,6.1,0.0,0.0,0.0,0.0,3,21.5,37.1,265,Overcast,1,1,
23299,2021-12-19 12:30:00,40.538334,-74.18327,0,0,Backing Unsafely,4490246,7.1,-1.8,0.5,0.5,0.0,4.0,51,26.4,47.5,327,Drizzle: Light,0,0,
23300,2021-12-26 08:05:00,40.63082,-73.88636,2,0,Unspecified,4490166,8.9,3.4,0.0,0.0,0.0,0.0,3,21.9,38.9,316,Overcast,2,2,
23301,2021-12-26 21:30:00,40.68884,-73.8219,3,0,Traffic Control Disregarded,4489787,8.9,3.4,0.0,0.0,0.0,0.0,3,21.9,38.9,316,Overcast,3,3,
23302,2021-12-26 07:10:00,40.651104,-73.94381,1,0,Driver Inattention/Distraction,4489868,8.9,3.4,0.0,0.0,0.0,0.0,3,21.9,38.9,316,Overcast,1,1,
23303,2021-12-26 13:51:00,40.684513,-73.909386,0,0,Passing or Lane Usage Improper,4489806,8.9,3.4,0.0,0.0,0.0,0.0,3,21.9,38.9,316,Overcast,0,0,
23304,2021-12-26 23:38:00,40.653805,-73.93061,0,0,Following Too Closely,4489873,8.9,3.4,0.0,0.0,0.0,0.0,3,21.9,38.9,316,Overcast,0,0,
23305,2021-12-18 18:30:00,40.88205,-73.83224,0,0,Unspecified,4490255,6.3,4.5,3.8,3.8,0.0,9.0,61,12.3,24.5,35,Rain: Light,0,0,
23306,2021-12-24 09:21:00,40.762802,-73.965675,0,2,Unspecified,4490224,5.7,-1.1,1.0,0.0,0.7,5.0,73,12.4,21.6,73,Snow fall: Moderate,40,2,Snowy Conditions
23307,2021-12-26 10:45:00,40.673798,-73.73179,1,0,Unspecified,4489681,8.9,3.4,0.0,0.0,0.0,0.0,3,21.9,38.9,316,Overcast,1,1,
23308,2021-12-08 19:00:00,40.77613,-73.910706,0,0,Driver Inattention/Distraction,4490140,4.7,0.9,0.7,0.7,0.0,2.0,51,14.5,24.8,355,Drizzle: Light,0,0,
23309,2021-12-26 04:45:00,40.689873,-73.84282,0,0,Following Too Closely,4489727,8.9,3.4,0.0,0.0,0.0,0.0,3,21.9,38.9,316,Overcast,0,0,
23310,2021-12-25 16:45:00,40.766884,-73.921394,1,0,Driver Inattention/Distraction,4490178,8.8,0.5,6.1,6.1,0.0,14.0,55,14.5,24.8,284,Drizzle: Dense,1,1,
23311,2021-12-26 10:59:00,40.603203,-73.937584,0,0,Failure to Yield Right-of-Way,4489660,8.9,3.4,0.0,0.0,0.0,0.0,3,21.9,38.9,316,Overcast,0,0,
23312,2021-12-26 02:15:00,40.803425,-73.93309,0,0,Unspecified,4489888,8.9,3.4,0.0,0.0,0.0,0.0,3,21.9,38.9,316,Overcast,0,0,
23313,2021-12-20 23:30:00,40.72556,-73.89849,0,0,Unspecified,4490164,1.8,-4.4,0.0,0.0,0.0,0.0,2,17.9,32.8,282,Partly cloudy,0,0,
23314,2021-12-20 21:30:00,40.65616,-73.76736,1,0,Unspecified,4488260,1.8,-4.4,0.0,0.0,0.0,0.0,2,17.9,32.8,282,Partly cloudy,1,1,
23315,2021-12-24 10:35:00,40.68888,-73.960014,0,0,Unspecified,4490353,5.7,-1.1,1.0,0.0,0.7,5.0,73,12.4,21.6,73,Snow fall: Moderate,0,0,Snowy Conditions
23316,2021-12-26 14:00:00,40.69108,-73.72911,3,0,Lost Consciousness,4489984,8.9,3.4,0.0,0.0,0.0,0.0,3,21.9,38.9,316,Overcast,3,3,
23317,2021-12-26 11:00:00,40.718815,-73.793274,0,0,Reaction to Uninvolved Vehicle,4489938,8.9,3.4,0.0,0.0,0.0,0.0,3,21.9,38.9,316,Overcast,0,0,
23318,2021-12-07 14:40:00,40.760746,-73.862434,1,0,Unspecified,4490264,8.6,0.8,0.1,0.1,0.0,1.0,51,27.2,49.3,283,Drizzle: Light,1,1,
23319,2021-12-26 07:40:00,40.698036,-73.962845,1,0,Following Too Closely,4489757,8.9,3.4,0.0,0.0,0.0,0.0,3,21.9,38.9,316,Overcast,1,1,
23320,2021-12-20 17:36:00,40.828915,-73.83841,0,0,Unspecified,4490184,1.8,-4.4,0.0,0.0,0.0,0.0,2,17.9,32.8,282,Partly cloudy,0,0,
23321,2021-12-19 03:35:00,40.67657,-73.94431,0,0,Driver Inattention/Distraction,4490237,7.1,-1.8,0.5,0.5,0.0,4.0,51,26.4,47.5,327,Drizzle: Light,0,0,
23322,2021-12-26 16:20:00,40.76843,-73.961555,0,0,Unsafe Lane Changing,4489846,8.9,3.4,0.0,0.0,0.0,0.0,3,21.9,38.9,316,Overcast,0,0,
23323,2021-12-26 23:35:00,40.638733,-73.95665,0,0,Unspecified,4490081,8.9,3.4,0.0,0.0,0.0,0.0,3,21.9,38.9,316,Overcast,0,0,
23324,2021-12-26 02:03:00,40.60536,-73.96174,1,0,Unspecified,4490205,8.9,3.4,0.0,0.0,0.0,0.0,3,21.9,38.9,316,Overcast,1,1,
23325,2021-12-17 11:45:00,40.77485,-73.93387,1,0,Other Vehicular,4490160,13.9,6.1,0.0,0.0,0.0,0.0,3,21.5,37.1,265,Overcast,1,1,
23326,2021-12-26 18:00:00,40.734272,-73.8626,2,0,Failure to Yield Right-of-Way,4489706,8.9,3.4,0.0,0.0,0.0,0.0,3,21.9,38.9,316,Overcast,2,2,
23327,2021-12-26 03:05:00,40.862686,-73.91187,0,0,Unsafe Lane Changing,4489622,8.9,3.4,0.0,0.0,0.0,0.0,3,21.9,38.9,316,Overcast,0,0,
23328,2021-05-25 21:41:00,40.670807,-73.87468,0,0,Unspecified,4420874,21.9,13.0,0.0,0.0,0.0,0.0,3,24.3,47.9,182,Overcast,0,0,
23329,2021-12-26 02:22:00,40.81969,-73.90161,1,0,Driver Inattention/Distraction,4489893,8.9,3.4,0.0,0.0,0.0,0.0,3,21.9,38.9,316,Overcast,1,1,
23330,2021-12-23 09:40:00,40.692627,-73.959,0,0,Unspecified,4490130,2.1,-2.3,0.0,0.0,0.0,0.0,3,20.1,35.6,299,Overcast,0,0,
23331,2021-12-26 18:16:00,40.852417,-73.8844,0,0,Outside Car Distraction,4489850,8.9,3.4,0.0,0.0,0.0,0.0,3,21.9,38.9,316,Overcast,0,0,
23332,2021-12-25 12:00:00,40.89304,-73.85863,0,0,Unspecified,4490277,8.8,0.5,6.1,6.1,0.0,14.0,55,14.5,24.8,284,Drizzle: Dense,0,0,
23333,2021-12-26 23:48:00,40.639286,-73.89869,0,0,Unspecified,4489922,8.9,3.4,0.0,0.0,0.0,0.0,3,21.9,38.9,316,Overcast,0,0,
23334,2021-12-23 09:39:00,40.718292,-73.98248,1,0,Turning Improperly,4490291,2.1,-2.3,0.0,0.0,0.0,0.0,3,20.1,35.6,299,Overcast,1,1,
23335,2021-12-26 20:58:00,40.626213,-74.03872,0,0,Aggressive Driving/Road Rage,4489747,8.9,3.4,0.0,0.0,0.0,0.0,3,21.9,38.9,316,Overcast,0,0,
23336,2021-12-26 22:30:00,40.759277,-73.919685,1,0,Unspecified,4490167,8.9,3.4,0.0,0.0,0.0,0.0,3,21.9,38.9,316,Overcast,1,1,
23337,2021-12-26 20:23:00,40.742393,-73.87116,1,0,Driver Inattention/Distraction,4489725,8.9,3.4,0.0,0.0,0.0,0.0,3,21.9,38.9,316,Overcast,1,1,
23338,2021-12-26 16:00:00,40.700245,-73.92089,0,0,Driver Inattention/Distraction,4489807,8.9,3.4,0.0,0.0,0.0,0.0,3,21.9,38.9,316,Overcast,0,0,
23339,2021-12-24 13:30:00,40.556343,-74.203705,0,0,Driver Inattention/Distraction,4490241,5.7,-1.1,1.0,0.0,0.7,5.0,73,12.4,21.6,73,Snow fall: Moderate,0,0,Snowy Conditions
23340,2022-07-12 08:45:00,40.75357,-73.85539,2,0,Failure to Yield Right-of-Way,4545618,33.7,19.4,0.3,0.3,0.0,3.0,51,31.2,58.0,219,Drizzle: Light,2,2,
23341,2021-12-26 15:40:00,40.57997,-73.97466,0,0,Driver Inattention/Distraction,4489688,8.9,3.4,0.0,0.0,0.0,0.0,3,21.9,38.9,316,Overcast,0,0,
23342,2021-12-13 16:39:00,40.688362,-73.77663,0,0,Passing or Lane Usage Improper,4490283,10.2,1.9,0.0,0.0,0.0,0.0,3,19.6,35.3,242,Overcast,0,0,
23343,2021-12-26 13:00:00,40.717678,-73.81713,0,0,Driver Inattention/Distraction,4490031,8.9,3.4,0.0,0.0,0.0,0.0,3,21.9,38.9,316,Overcast,0,0,
23344,2021-12-25 21:30:00,40.848175,-73.88734,0,0,Driver Inattention/Distraction,4490373,8.8,0.5,6.1,6.1,0.0,14.0,55,14.5,24.8,284,Drizzle: Dense,0,0,
23345,2021-12-22 21:50:00,40.686104,-73.794586,0,0,Unsafe Speed,4490378,8.1,-0.0,4.2,4.2,0.0,9.0,61,26.7,47.9,313,Rain: Light,0,0,
23346,2021-12-26 07:42:00,40.711006,-74.003624,0,0,Driverless/Runaway Vehicle,4489608,8.9,3.4,0.0,0.0,0.0,0.0,3,21.9,38.9,316,Overcast,0,0,
23347,2021-12-26 20:50:00,40.85252,-73.90002,0,0,Backing Unsafely,4490139,8.9,3.4,0.0,0.0,0.0,0.0,3,21.9,38.9,316,Overcast,0,0,
23348,2021-12-18 17:30:00,40.712597,-73.88073,0,0,Passing Too Closely,4490156,6.3,4.5,3.8,3.8,0.0,9.0,61,12.3,24.5,35,Rain: Light,0,0,
23349,2021-12-26 04:19:00,40.622463,-74.07254,1,0,Unspecified,4489915,8.9,3.4,0.0,0.0,0.0,0.0,3,21.9,38.9,316,Overcast,1,1,
23350,2021-12-26 20:27:00,40.770496,-73.87481,0,0,Unspecified,4489970,8.9,3.4,0.0,0.0,0.0,0.0,3,21.9,38.9,316,Overcast,0,0,
23351,2021-12-24 14:15:00,40.84869,-73.90329,0,0,Unspecified,4490151,5.7,-1.1,1.0,0.0,0.7,5.0,73,12.4,21.6,73,Snow fall: Moderate,0,0,Snowy Conditions
23352,2021-12-26 15:00:00,40.748955,-73.87136,0,0,Unspecified,4489673,8.9,3.4,0.0,0.0,0.0,0.0,3,21.9,38.9,316,Overcast,0,0,
23353,2021-12-26 22:30:00,40.598392,-73.90629,0,0,Unsafe Lane Changing,4490193,8.9,3.4,0.0,0.0,0.0,0.0,3,21.9,38.9,316,Overcast,0,0,
23354,2021-12-22 18:30:00,40.527874,-74.23353,0,0,Unspecified,4490256,8.1,-0.0,4.2,4.2,0.0,9.0,61,26.7,47.9,313,Rain: Light,0,0,
23355,2021-12-26 15:22:00,40.666008,-73.789536,1,0,Other Vehicular,4489877,8.9,3.4,0.0,0.0,0.0,0.0,3,21.9,38.9,316,Overcast,1,1,
23356,2021-12-26 11:45:00,40.650066,-73.94853,0,0,Driver Inattention/Distraction,4489867,8.9,3.4,0.0,0.0,0.0,0.0,3,21.9,38.9,316,Overcast,0,0,
23357,2021-12-21 12:32:00,40.566715,-74.13769,0,0,Unspecified,4490218,5.7,-2.4,0.0,0.0,0.0,0.0,3,13.6,24.5,228,Overcast,0,0,
23358,2021-12-26 13:47:00,40.763897,-73.95323,1,0,Unspecified,4489960,8.9,3.4,0.0,0.0,0.0,0.0,3,21.9,38.9,316,Overcast,1,1,
23359,2021-12-26 15:56:00,40.7304,-73.815056,0,0,Turning Improperly,4490057,8.9,3.4,0.0,0.0,0.0,0.0,3,21.9,38.9,316,Overcast,0,0,
23360,2021-12-25 09:25:00,40.66552,-73.74467,1,0,Pavement Defective,4489467,8.8,0.5,6.1,6.1,0.0,14.0,55,14.5,24.8,284,Drizzle: Dense,1,1,
23361,2021-12-26 23:52:00,40.691536,-73.99912,0,0,Following Too Closely,4490337,8.9,3.4,0.0,0.0,0.0,0.0,3,21.9,38.9,316,Overcast,0,0,
23362,2021-12-26 22:30:00,40.624653,-73.99933,0,0,Driver Inattention/Distraction,4489925,8.9,3.4,0.0,0.0,0.0,0.0,3,21.9,38.9,316,Overcast,0,0,
23363,2021-12-26 22:20:00,40.688957,-73.79824,0,0,Unspecified,4490294,8.9,3.4,0.0,0.0,0.0,0.0,3,21.9,38.9,316,Overcast,0,0,
23364,2021-12-24 06:39:00,40.75388,-73.822815,1,0,Unspecified,4490315,5.7,-1.1,1.0,0.0,0.7,5.0,73,12.4,21.6,73,Snow fall: Moderate,1,1,Snowy Conditions
23365,2021-12-25 11:46:00,40.740967,-73.88146,0,0,Unspecified,4490354,8.8,0.5,6.1,6.1,0.0,14.0,55,14.5,24.8,284,Drizzle: Dense,0,0,
23366,2021-12-26 15:15:00,40.82325,-73.88277,0,0,Driver Inattention/Distraction,4489991,8.9,3.4,0.0,0.0,0.0,0.0,3,21.9,38.9,316,Overcast,0,0,
23367,2022-03-31 00:30:00,40.757805,-73.88464,0,0,Driver Inattention/Distraction,4514995,19.0,3.5,12.0,12.0,0.0,4.0,65,37.8,67.3,194,Rain: Heavy,0,0,
23368,2022-03-27 02:00:00,40.767574,-73.91202,0,0,Unsafe Speed,4515915,7.5,-1.1,0.3,0.3,0.07,3.0,71,26.4,47.5,288,Snow fall: Light,0,0,Snowy Conditions
23369,2022-03-31 00:14:00,40.738792,-73.8075,0,0,Fell Asleep,4514936,19.0,3.5,12.0,12.0,0.0,4.0,65,37.8,67.3,194,Rain: Heavy,0,0,
23370,2022-04-01 23:30:00,40.764507,-73.88416,0,0,Driver Inattention/Distraction,4515425,15.2,5.3,1.4,1.4,0.0,8.0,51,33.1,61.9,277,Drizzle: Light,0,0,
23371,2022-03-31 19:35:00,40.852383,-73.92048,1,0,Passing Too Closely,4515293,19.0,3.5,12.0,12.0,0.0,4.0,65,37.8,67.3,194,Rain: Heavy,1,1,
23372,2022-03-31 23:31:00,40.638786,-73.94538,0,0,Unspecified,4515637,19.0,3.5,12.0,12.0,0.0,4.0,65,37.8,67.3,194,Rain: Heavy,0,0,
23373,2022-03-17 08:00:00,40.584774,-73.96011,1,0,Driver Inattention/Distraction,4515468,12.3,3.9,6.5,6.5,0.0,13.0,61,16.8,31.7,41,Rain: Light,1,1,
23374,2022-04-01 06:32:00,40.60668,-74.085976,0,0,Other Vehicular,4515414,15.2,5.3,1.4,1.4,0.0,8.0,51,33.1,61.9,277,Drizzle: Light,0,0,
23375,2022-03-31 18:30:00,40.66675,-73.779945,1,0,Unspecified,4515147,19.0,3.5,12.0,12.0,0.0,4.0,65,37.8,67.3,194,Rain: Heavy,1,1,
23376,2022-03-30 01:47:00,40.677654,-73.82866,0,0,Backing Unsafely,4514651,5.9,-3.5,0.0,0.0,0.0,0.0,3,17.0,30.6,215,Overcast,0,0,
23377,2022-03-31 00:00:00,40.712906,-73.771095,0,0,Driver Inattention/Distraction,4515958,19.0,3.5,12.0,12.0,0.0,4.0,65,37.8,67.3,194,Rain: Heavy,0,0,
23378,2021-05-12 14:53:00,40.63387,-74.10439,2,0,Unspecified,4416855,17.9,5.8,0.0,0.0,0.0,0.0,2,20.0,41.0,317,Partly cloudy,2,2,
23379,2021-05-24 17:26:00,40.77307,-73.94836,0,0,Driver Inattention/Distraction,4421201,18.9,13.7,0.0,0.0,0.0,0.0,3,22.4,44.3,126,Overcast,0,0,
23380,2021-05-25 20:50:00,40.645027,-73.91998,2,0,Failure to Yield Right-of-Way,4421141,21.9,13.0,0.0,0.0,0.0,0.0,3,24.3,47.9,182,Overcast,2,2,
23381,2021-05-24 23:00:00,40.851852,-73.83376,0,0,Unspecified,4421196,18.9,13.7,0.0,0.0,0.0,0.0,3,22.4,44.3,126,Overcast,0,0,
23382,2021-05-23 20:30:00,40.658295,-73.93109,2,0,Unspecified,4421143,31.4,19.8,0.0,0.0,0.0,0.0,3,28.5,54.4,322,Overcast,2,2,
23383,2021-05-23 20:15:00,40.78017,-73.9551,0,0,Driver Inattention/Distraction,4421183,31.4,19.8,0.0,0.0,0.0,0.0,3,28.5,54.4,322,Overcast,0,0,
23384,2021-05-17 01:00:00,40.637455,-73.92886,0,0,Unspecified,4421144,22.9,9.7,0.0,0.0,0.0,0.0,3,17.7,36.0,224,Overcast,0,0,
23385,2021-05-18 19:30:00,40.830536,-73.91571,0,0,Driver Inattention/Distraction,4421205,26.1,11.2,0.0,0.0,0.0,0.0,3,15.5,29.2,262,Overcast,0,0,
23386,2021-05-24 07:00:00,40.81404,-73.9367,0,0,Other Vehicular,4421154,18.9,13.7,0.0,0.0,0.0,0.0,3,22.4,44.3,126,Overcast,0,0,
23387,2022-04-01 12:04:00,40.73197,-73.78651,1,0,Driver Inattention/Distraction,4515518,15.2,5.3,1.4,1.4,0.0,8.0,51,33.1,61.9,277,Drizzle: Light,1,1,
23388,2022-04-01 01:34:00,40.847366,-73.899506,0,0,Passing or Lane Usage Improper,4515694,15.2,5.3,1.4,1.4,0.0,8.0,51,33.1,61.9,277,Drizzle: Light,0,0,
23389,2022-03-30 17:26:00,40.585056,-73.928894,1,0,Driver Inattention/Distraction,4514917,5.9,-3.5,0.0,0.0,0.0,0.0,3,17.0,30.6,215,Overcast,1,1,
23390,2022-04-01 17:50:00,40.611385,-74.033005,0,0,Turning Improperly,4515427,15.2,5.3,1.4,1.4,0.0,8.0,51,33.1,61.9,277,Drizzle: Light,0,0,
23391,2022-04-01 09:05:00,40.726887,-74.00095,0,0,Unspecified,4515298,15.2,5.3,1.4,1.4,0.0,8.0,51,33.1,61.9,277,Drizzle: Light,0,0,
23392,2022-03-31 00:00:00,40.83419,-73.84525,1,0,Failure to Yield Right-of-Way,4515354,19.0,3.5,12.0,12.0,0.0,4.0,65,37.8,67.3,194,Rain: Heavy,1,1,
23393,2022-03-31 07:45:00,40.718567,-73.9834,0,0,Driver Inattention/Distraction,4515047,19.0,3.5,12.0,12.0,0.0,4.0,65,37.8,67.3,194,Rain: Heavy,0,0,
23394,2022-04-01 00:00:00,40.86235,-73.89997,0,0,Driver Inattention/Distraction,4515473,15.2,5.3,1.4,1.4,0.0,8.0,51,33.1,61.9,277,Drizzle: Light,0,0,
23395,2022-04-01 08:55:00,40.74946,-73.98383,1,0,Other Vehicular,4515570,15.2,5.3,1.4,1.4,0.0,8.0,51,33.1,61.9,277,Drizzle: Light,1,1,
23396,2022-03-27 11:40:00,40.712692,-73.925735,0,0,Turning Improperly,4515921,7.5,-1.1,0.3,0.3,0.07,3.0,71,26.4,47.5,288,Snow fall: Light,0,0,Snowy Conditions
23397,2022-03-30 21:16:00,40.633667,-73.978775,1,0,Unspecified,4514958,5.9,-3.5,0.0,0.0,0.0,0.0,3,17.0,30.6,215,Overcast,1,1,
23398,2022-03-31 22:01:00,40.67341,-73.93348,2,0,Driver Inattention/Distraction,4515725,19.0,3.5,12.0,12.0,0.0,4.0,65,37.8,67.3,194,Rain: Heavy,2,2,
23399,2022-04-01 22:20:00,40.59808,-74.081474,1,0,Unspecified,4515808,15.2,5.3,1.4,1.4,0.0,8.0,51,33.1,61.9,277,Drizzle: Light,1,1,
23400,2022-03-30 08:40:00,40.71713,-73.7986,0,0,Unspecified,4515209,5.9,-3.5,0.0,0.0,0.0,0.0,3,17.0,30.6,215,Overcast,0,0,
23401,2022-03-31 19:00:00,40.817795,-73.89319,0,0,Passing Too Closely,4515249,19.0,3.5,12.0,12.0,0.0,4.0,65,37.8,67.3,194,Rain: Heavy,0,0,
23402,2022-03-26 16:26:00,40.677715,-73.93587,0,0,Unsafe Speed,4515844,10.1,4.9,6.1,5.8,0.21,8.0,71,21.6,41.0,251,Snow fall: Light,0,0,Snowy Conditions
23403,2022-03-30 07:52:00,40.583668,-73.94843,1,0,Failure to Yield Right-of-Way,4514739,5.9,-3.5,0.0,0.0,0.0,0.0,3,17.0,30.6,215,Overcast,1,1,
23404,2022-03-31 22:55:00,40.66549,-73.75236,0,0,Traffic Control Disregarded,4515395,19.0,3.5,12.0,12.0,0.0,4.0,65,37.8,67.3,194,Rain: Heavy,0,0,
23405,2021-05-25 12:45:00,40.67581,-73.739555,2,0,Unspecified,4420374,21.9,13.0,0.0,0.0,0.0,0.0,3,24.3,47.9,182,Overcast,2,2,
23406,2021-05-25 16:40:00,40.69424,-73.74534,0,0,Turning Improperly,4420496,21.9,13.0,0.0,0.0,0.0,0.0,3,24.3,47.9,182,Overcast,0,0,
23407,2021-05-25 13:15:00,40.753895,-73.80661,0,0,Passing Too Closely,4420421,21.9,13.0,0.0,0.0,0.0,0.0,3,24.3,47.9,182,Overcast,0,0,
23408,2021-05-24 02:41:00,40.65661,-73.93091,1,0,Passing Too Closely,4421140,18.9,13.7,0.0,0.0,0.0,0.0,3,22.4,44.3,126,Overcast,1,1,