,CRASH DATETIME,LATITUDE,LONGITUDE,NUMBER OF PERSONS INJURED,NUMBER OF PERSONS KILLED,CONTRIBUTING FACTOR VEHICLE 1,COLLISION_ID,temperature_2m_max,temperature_2m_min,precipitation_sum,rain_sum,snowfall_sum,precipitation_hours,weather_code,wind_speed_10m_max,wind_gusts_10m_max,wind_direction_10m_dominant,Weather Description,Severity_Score,Total_Affected_Persons,Weather_Category
23409,2021-05-24 23:30:00,40.675735,-73.89686,0,0,Unsafe Lane Changing,4420884,18.9,13.7,0.0,0.0,0.0,0.0,3,22.4,44.3,126,Overcast,0,0,
23410,2021-05-24 16:30:00,40.64404,-73.877525,0,0,Unspecified,4420858,18.9,13.7,0.0,0.0,0.0,0.0,3,22.4,44.3,126,Overcast,0,0,
23411,2021-05-22 09:50:00,40.705914,-74.01343,0,0,Following Too Closely,4419021,30.5,16.5,0.0,0.0,0.0,0.0,3,19.1,36.4,299,Overcast,0,0,
23412,2021-05-25 18:18:00,40.701527,-73.98957,0,0,Unsafe Lane Changing,4420403,21.9,13.0,0.0,0.0,0.0,0.0,3,24.3,47.9,182,Overcast,0,0,
23413,2021-05-25 15:16:00,40.696865,-73.815346,1,0,Failure to Yield Right-of-Way,4420565,21.9,13.0,0.0,0.0,0.0,0.0,3,24.3,47.9,182,Overcast,1,1,
23414,2021-05-25 18:00:00,40.73787,-73.877075,1,0,Driver Inattention/Distraction,4420789,21.9,13.0,0.0,0.0,0.0,0.0,3,24.3,47.9,182,Overcast,1,1,
23415,2021-05-25 17:00:00,40.641502,-73.91211,0,0,Unspecified,4420977,21.9,13.0,0.0,0.0,0.0,0.0,3,24.3,47.9,182,Overcast,0,0,
23416,2021-05-22 13:25:00,40.67597,-73.933235,0,0,Driver Inattention/Distraction,4421056,30.5,16.5,0.0,0.0,0.0,0.0,3,19.1,36.4,299,Overcast,0,0,
23417,2021-05-25 06:25:00,40.869335,-73.88641,0,0,Unspecified,4420091,21.9,13.0,0.0,0.0,0.0,0.0,3,24.3,47.9,182,Overcast,0,0,
23418,2021-05-25 22:30:00,40.646378,-73.97085,3,0,Unsafe Speed,4420454,21.9,13.0,0.0,0.0,0.0,0.0,3,24.3,47.9,182,Overcast,3,3,
23419,2021-05-25 20:00:00,40.674664,-73.97025,1,0,Driver Inattention/Distraction,4420502,21.9,13.0,0.0,0.0,0.0,0.0,3,24.3,47.9,182,Overcast,1,1,
23420,2022-03-30 19:30:00,40.841618,-73.86076,0,0,Unspecified,4514964,5.9,-3.5,0.0,0.0,0.0,0.0,3,17.0,30.6,215,Overcast,0,0,
23421,2021-05-25 04:43:00,40.62199,-74.010216,1,0,Unspecified,4420586,21.9,13.0,0.0,0.0,0.0,0.0,3,24.3,47.9,182,Overcast,1,1,
23422,2021-05-25 16:50:00,40.716965,-73.99443,1,0,Traffic Control Disregarded,4420640,21.9,13.0,0.0,0.0,0.0,0.0,3,24.3,47.9,182,Overcast,1,1,
23423,2021-05-25 14:16:00,40.634476,-73.963196,0,0,Driver Inattention/Distraction,4420317,21.9,13.0,0.0,0.0,0.0,0.0,3,24.3,47.9,182,Overcast,0,0,
23424,2021-05-25 10:10:00,40.78941,-73.847984,0,0,Passing Too Closely,4420267,21.9,13.0,0.0,0.0,0.0,0.0,3,24.3,47.9,182,Overcast,0,0,
23425,2021-05-22 12:51:00,40.75401,-73.948395,0,0,Unspecified,4421010,30.5,16.5,0.0,0.0,0.0,0.0,3,19.1,36.4,299,Overcast,0,0,
23426,2021-05-21 16:20:00,40.679523,-73.93382,3,0,Driver Inattention/Distraction,4421075,23.9,11.3,0.0,0.0,0.0,0.0,3,19.2,38.5,174,Overcast,3,3,
23427,2021-05-25 10:40:00,40.73011,-73.86509,0,0,Driver Inattention/Distraction,4420311,21.9,13.0,0.0,0.0,0.0,0.0,3,24.3,47.9,182,Overcast,0,0,
23428,2021-05-25 00:21:00,40.650806,-73.94958,0,0,Driver Inattention/Distraction,4420274,21.9,13.0,0.0,0.0,0.0,0.0,3,24.3,47.9,182,Overcast,0,0,
23429,2022-03-31 19:30:00,40.765354,-73.9856,0,0,Passing or Lane Usage Improper,4515174,19.0,3.5,12.0,12.0,0.0,4.0,65,37.8,67.3,194,Rain: Heavy,0,0,
23430,2021-05-25 16:45:00,40.7423,-74.00809,0,0,Unspecified,4420350,21.9,13.0,0.0,0.0,0.0,0.0,3,24.3,47.9,182,Overcast,0,0,
23431,2021-05-25 08:09:00,40.737377,-73.9813,0,0,Unspecified,4420211,21.9,13.0,0.0,0.0,0.0,0.0,3,24.3,47.9,182,Overcast,0,0,
23432,2021-05-25 22:28:00,40.714947,-74.00969,3,0,Driver Inattention/Distraction,4420639,21.9,13.0,0.0,0.0,0.0,0.0,3,24.3,47.9,182,Overcast,3,3,
23433,2021-05-25 18:20:00,40.862404,-73.89799,0,0,Unspecified,4420437,21.9,13.0,0.0,0.0,0.0,0.0,3,24.3,47.9,182,Overcast,0,0,
23434,2021-05-25 11:00:00,40.714066,-73.95163,1,0,Failure to Yield Right-of-Way,4420464,21.9,13.0,0.0,0.0,0.0,0.0,3,24.3,47.9,182,Overcast,1,1,
23435,2021-05-25 18:33:00,40.623318,-73.93126,2,0,Unspecified,4420681,21.9,13.0,0.0,0.0,0.0,0.0,3,24.3,47.9,182,Overcast,2,2,
23436,2021-05-25 09:30:00,40.749054,-73.99576,1,0,Failure to Yield Right-of-Way,4420529,21.9,13.0,0.0,0.0,0.0,0.0,3,24.3,47.9,182,Overcast,1,1,
23437,2022-04-01 02:47:00,40.884777,-73.85877,3,0,Pavement Slippery,4515325,15.2,5.3,1.4,1.4,0.0,8.0,51,33.1,61.9,277,Drizzle: Light,3,3,
23438,2021-05-25 08:10:00,40.663483,-73.9627,0,0,Passing or Lane Usage Improper,4420252,21.9,13.0,0.0,0.0,0.0,0.0,3,24.3,47.9,182,Overcast,0,0,
23439,2021-05-25 13:00:00,40.626263,-73.95147,0,0,Driver Inattention/Distraction,4420321,21.9,13.0,0.0,0.0,0.0,0.0,3,24.3,47.9,182,Overcast,0,0,
23440,2021-05-25 20:34:00,40.590294,-73.952866,1,0,Driver Inattention/Distraction,4420410,21.9,13.0,0.0,0.0,0.0,0.0,3,24.3,47.9,182,Overcast,1,1,
23441,2021-05-25 01:00:00,40.724205,-73.9953,0,0,Driver Inattention/Distraction,4421005,21.9,13.0,0.0,0.0,0.0,0.0,3,24.3,47.9,182,Overcast,0,0,
23442,2021-05-25 14:20:00,40.61216,-74.06991,0,0,Unspecified,4421119,21.9,13.0,0.0,0.0,0.0,0.0,3,24.3,47.9,182,Overcast,0,0,
23443,2021-05-25 18:00:00,40.606373,-73.760506,0,0,Following Too Closely,4420516,21.9,13.0,0.0,0.0,0.0,0.0,3,24.3,47.9,182,Overcast,0,0,
23444,2021-05-25 11:00:00,40.74954,-73.918396,0,0,Driver Inattention/Distraction,4421012,21.9,13.0,0.0,0.0,0.0,0.0,3,24.3,47.9,182,Overcast,0,0,
23445,2021-05-25 14:45:00,40.67918,-73.92736,1,0,Driver Inattention/Distraction,4420358,21.9,13.0,0.0,0.0,0.0,0.0,3,24.3,47.9,182,Overcast,1,1,
23446,2021-05-20 10:10:00,40.68061,-73.96608,0,0,Driver Inattention/Distraction,4421068,22.2,12.5,0.0,0.0,0.0,0.0,3,19.0,38.2,147,Overcast,0,0,
23447,2021-05-25 16:40:00,40.598907,-73.98567,1,0,Unspecified,4420386,21.9,13.0,0.0,0.0,0.0,0.0,3,24.3,47.9,182,Overcast,1,1,
23448,2023-01-15 23:16:00,40.709152,-74.01055,1,0,Driver Inattention/Distraction,4597977,4.7,-2.1,0.0,0.0,0.0,0.0,3,29.5,53.6,354,Overcast,1,1,
23449,2021-05-25 23:02:00,40.749866,-73.86273,0,0,Pedestrian/Bicyclist/Other Pedestrian Error/Confusion,4420785,21.9,13.0,0.0,0.0,0.0,0.0,3,24.3,47.9,182,Overcast,0,0,
23450,2021-05-25 12:20:00,40.844902,-73.89011,1,0,Driver Inattention/Distraction,4420538,21.9,13.0,0.0,0.0,0.0,0.0,3,24.3,47.9,182,Overcast,1,1,
23451,2021-05-25 18:20:00,40.888596,-73.89068,1,0,Reaction to Uninvolved Vehicle,4420616,21.9,13.0,0.0,0.0,0.0,0.0,3,24.3,47.9,182,Overcast,1,1,
23452,2020-05-26 15:20:00,40.65183,-74.003334,0,0,Unspecified,4421077,22.7,13.2,0.0,0.0,0.0,0.0,3,15.0,30.6,162,Overcast,0,0,
23453,2021-05-25 16:05:00,40.760822,-73.88727,0,0,Other Vehicular,4420899,21.9,13.0,0.0,0.0,0.0,0.0,3,24.3,47.9,182,Overcast,0,0,
23454,2022-03-29 10:00:00,40.805866,-73.915276,0,0,Unspecified,4515386,3.3,-5.2,0.0,0.0,0.0,0.0,2,29.3,54.4,311,Partly cloudy,0,0,
23455,2021-05-25 21:22:00,40.863705,-73.87207,1,0,Unspecified,4420428,21.9,13.0,0.0,0.0,0.0,0.0,3,24.3,47.9,182,Overcast,1,1,
23456,2021-05-25 14:30:00,40.666008,-73.8886,1,0,Failure to Yield Right-of-Way,4420862,21.9,13.0,0.0,0.0,0.0,0.0,3,24.3,47.9,182,Overcast,1,1,
23457,2021-05-25 09:00:00,40.7024,-73.9605,0,0,Driver Inattention/Distraction,4420457,21.9,13.0,0.0,0.0,0.0,0.0,3,24.3,47.9,182,Overcast,0,0,
23458,2021-05-25 15:00:00,40.83045,-73.8509,1,0,Following Too Closely,4420395,21.9,13.0,0.0,0.0,0.0,0.0,3,24.3,47.9,182,Overcast,1,1,
23459,2021-05-25 19:35:00,40.609535,-73.75372,0,0,Passing or Lane Usage Improper,4420509,21.9,13.0,0.0,0.0,0.0,0.0,3,24.3,47.9,182,Overcast,0,0,
23460,2021-05-25 23:16:00,40.671825,-73.774506,0,0,Passing Too Closely,4420986,21.9,13.0,0.0,0.0,0.0,0.0,3,24.3,47.9,182,Overcast,0,0,
23461,2021-05-25 18:45:00,40.75548,-73.74173,0,0,Driver Inattention/Distraction,4420365,21.9,13.0,0.0,0.0,0.0,0.0,3,24.3,47.9,182,Overcast,0,0,
23462,2021-05-25 13:50:00,40.717022,-73.96527,0,0,Driver Inattention/Distraction,4420837,21.9,13.0,0.0,0.0,0.0,0.0,3,24.3,47.9,182,Overcast,0,0,
23463,2021-05-25 20:50:00,40.762142,-73.96214,1,0,Driver Inattention/Distraction,4420483,21.9,13.0,0.0,0.0,0.0,0.0,3,24.3,47.9,182,Overcast,1,1,
23464,2021-05-25 21:30:00,40.711227,-73.72826,0,0,Following Too Closely,4420404,21.9,13.0,0.0,0.0,0.0,0.0,3,24.3,47.9,182,Overcast,0,0,
23465,2021-05-25 17:50:00,40.871452,-73.851776,0,0,Driver Inattention/Distraction,4420484,21.9,13.0,0.0,0.0,0.0,0.0,3,24.3,47.9,182,Overcast,0,0,
23466,2021-05-25 11:16:00,40.67567,-73.87008,0,0,Driver Inattention/Distraction,4420870,21.9,13.0,0.0,0.0,0.0,0.0,3,24.3,47.9,182,Overcast,0,0,
23467,2021-05-25 00:35:00,40.689648,-73.9184,1,0,Unsafe Speed,4420044,21.9,13.0,0.0,0.0,0.0,0.0,3,24.3,47.9,182,Overcast,1,1,
23468,2021-05-24 08:20:00,40.677353,-73.94424,0,0,Unspecified,4421064,18.9,13.7,0.0,0.0,0.0,0.0,3,22.4,44.3,126,Overcast,0,0,
23469,2021-05-25 11:00:00,40.687008,-73.82219,0,0,Passing or Lane Usage Improper,4420728,21.9,13.0,0.0,0.0,0.0,0.0,3,24.3,47.9,182,Overcast,0,0,
23470,2021-05-19 16:55:00,40.67625,-73.95308,2,0,Passing or Lane Usage Improper,4421053,28.2,13.6,0.0,0.0,0.0,0.0,3,19.6,40.3,337,Overcast,2,2,
23471,2022-04-01 10:15:00,40.66922,-73.801094,0,0,Driver Inexperience,4515680,15.2,5.3,1.4,1.4,0.0,8.0,51,33.1,61.9,277,Drizzle: Light,0,0,
23472,2021-05-25 23:08:00,40.667835,-73.89484,0,0,Unspecified,4420857,21.9,13.0,0.0,0.0,0.0,0.0,3,24.3,47.9,182,Overcast,0,0,
23473,2021-05-25 23:45:00,40.680016,-73.87743,0,0,Driver Inattention/Distraction,4420875,21.9,13.0,0.0,0.0,0.0,0.0,3,24.3,47.9,182,Overcast,0,0,
23474,2021-05-25 15:44:00,40.75796,-73.78567,0,0,Failure to Yield Right-of-Way,4420364,21.9,13.0,0.0,0.0,0.0,0.0,3,24.3,47.9,182,Overcast,0,0,
23475,2021-05-25 16:40:00,40.771076,-73.947586,1,0,Driver Inexperience,4420450,21.9,13.0,0.0,0.0,0.0,0.0,3,24.3,47.9,182,Overcast,1,1,
23476,2021-05-05 15:00:00,40.727634,-73.8955,1,0,Following Too Closely,4420952,15.1,10.8,9.9,9.9,0.0,17.0,61,21.5,42.5,23,Rain: Light,1,1,
23477,2021-05-25 16:00:00,40.844917,-73.926384,1,0,Driver Inattention/Distraction,4420396,21.9,13.0,0.0,0.0,0.0,0.0,3,24.3,47.9,182,Overcast,1,1,
23478,2022-03-31 19:57:00,40.820827,-73.950836,0,0,Driver Inattention/Distraction,4515461,19.0,3.5,12.0,12.0,0.0,4.0,65,37.8,67.3,194,Rain: Heavy,0,0,
23479,2021-05-25 21:00:00,40.661396,-73.741806,1,0,Driver Inattention/Distraction,4420705,21.9,13.0,0.0,0.0,0.0,0.0,3,24.3,47.9,182,Overcast,1,1,
23480,2021-05-25 08:48:00,40.828236,-73.88602,0,0,Following Too Closely,4420831,21.9,13.0,0.0,0.0,0.0,0.0,3,24.3,47.9,182,Overcast,0,0,
23481,2021-05-25 14:10:00,40.787247,-73.820564,1,0,Following Too Closely,4420422,21.9,13.0,0.0,0.0,0.0,0.0,3,24.3,47.9,182,Overcast,1,1,
23482,2021-05-09 12:01:00,40.67034,-73.942116,1,0,Driver Inattention/Distraction,4421045,16.7,5.8,8.6,8.6,0.0,8.0,61,18.9,38.9,250,Rain: Light,1,1,
23483,2021-05-25 12:15:00,40.611404,-74.00952,1,0,Failure to Yield Right-of-Way,4420280,21.9,13.0,0.0,0.0,0.0,0.0,3,24.3,47.9,182,Overcast,1,1,
23484,2021-05-25 11:40:00,40.759308,-73.9653,0,0,Driver Inattention/Distraction,4420312,21.9,13.0,0.0,0.0,0.0,0.0,3,24.3,47.9,182,Overcast,0,0,
23485,2021-05-25 12:00:00,40.749996,-73.98238,0,0,Unspecified,4420532,21.9,13.0,0.0,0.0,0.0,0.0,3,24.3,47.9,182,Overcast,0,0,
23486,2021-05-24 00:24:00,40.81122,-73.90067,0,0,Unspecified,4421031,18.9,13.7,0.0,0.0,0.0,0.0,3,22.4,44.3,126,Overcast,0,0,
23487,2021-05-25 18:30:00,40.705982,-73.73956,1,0,Driver Inattention/Distraction,4420375,21.9,13.0,0.0,0.0,0.0,0.0,3,24.3,47.9,182,Overcast,1,1,
23488,2021-05-25 22:27:00,40.87191,-73.83491,0,0,Passing or Lane Usage Improper,4420668,21.9,13.0,0.0,0.0,0.0,0.0,3,24.3,47.9,182,Overcast,0,0,
23489,2021-05-25 12:05:00,40.869076,-73.830666,0,0,Unspecified,4420963,21.9,13.0,0.0,0.0,0.0,0.0,3,24.3,47.9,182,Overcast,0,0,
23490,2021-05-25 06:30:00,40.731983,-73.91912,0,0,Driver Inattention/Distraction,4420254,21.9,13.0,0.0,0.0,0.0,0.0,3,24.3,47.9,182,Overcast,0,0,
23491,2021-05-25 16:11:00,40.691666,-73.76239,1,0,Turning Improperly,4420495,21.9,13.0,0.0,0.0,0.0,0.0,3,24.3,47.9,182,Overcast,1,1,
23492,2021-05-25 22:45:00,40.835808,-73.949455,0,0,View Obstructed/Limited,4420540,21.9,13.0,0.0,0.0,0.0,0.0,3,24.3,47.9,182,Overcast,0,0,
23493,2021-05-25 08:16:00,40.70191,-73.829475,2,0,Failure to Yield Right-of-Way,4420295,21.9,13.0,0.0,0.0,0.0,0.0,3,24.3,47.9,182,Overcast,2,2,
23494,2021-05-25 14:15:00,40.593384,-73.94442,0,0,Unspecified,4420409,21.9,13.0,0.0,0.0,0.0,0.0,3,24.3,47.9,182,Overcast,0,0,
23495,2021-05-23 22:40:00,40.75719,-73.89041,0,0,Unspecified,4420898,31.4,19.8,0.0,0.0,0.0,0.0,3,28.5,54.4,322,Overcast,0,0,
23496,2021-05-25 19:28:00,40.608864,-73.92146,0,0,Backing Unsafely,4420683,21.9,13.0,0.0,0.0,0.0,0.0,3,24.3,47.9,182,Overcast,0,0,
23497,2021-05-25 01:05:00,40.69245,-73.811005,2,0,Driver Inattention/Distraction,4420370,21.9,13.0,0.0,0.0,0.0,0.0,3,24.3,47.9,182,Overcast,2,2,
23498,2021-05-25 16:00:00,40.787914,-73.841965,2,0,Traffic Control Disregarded,4420417,21.9,13.0,0.0,0.0,0.0,0.0,3,24.3,47.9,182,Overcast,2,2,
23499,2022-03-26 11:55:00,40.657627,-73.90767,1,0,Driver Inattention/Distraction,4515616,10.1,4.9,6.1,5.8,0.21,8.0,71,21.6,41.0,251,Snow fall: Light,1,1,Snowy Conditions
23500,2021-05-23 13:20:00,40.637455,-73.92886,0,0,Unspecified,4421110,31.4,19.8,0.0,0.0,0.0,0.0,3,28.5,54.4,322,Overcast,0,0,
23501,2022-03-31 09:25:00,40.734783,-73.79323,1,0,Driver Inattention/Distraction,4515201,19.0,3.5,12.0,12.0,0.0,4.0,65,37.8,67.3,194,Rain: Heavy,1,1,
23502,2021-05-23 20:20:00,40.856712,-73.93264,1,0,Following Too Closely,4420848,31.4,19.8,0.0,0.0,0.0,0.0,3,28.5,54.4,322,Overcast,1,1,
23503,2021-04-24 15:30:00,40.671787,-73.95311,1,0,Driver Inattention/Distraction,4421069,19.7,6.0,0.0,0.0,0.0,0.0,3,26.7,49.3,232,Overcast,1,1,
23504,2021-05-25 22:14:00,40.69003,-73.911,0,0,Steering Failure,4420528,21.9,13.0,0.0,0.0,0.0,0.0,3,24.3,47.9,182,Overcast,0,0,
23505,2021-05-25 06:47:00,40.871494,-73.88868,0,0,Passing or Lane Usage Improper,4420167,21.9,13.0,0.0,0.0,0.0,0.0,3,24.3,47.9,182,Overcast,0,0,
23506,2021-05-25 17:11:00,40.904366,-73.84713,1,0,Driver Inattention/Distraction,4420662,21.9,13.0,0.0,0.0,0.0,0.0,3,24.3,47.9,182,Overcast,1,1,
23507,2021-05-25 16:49:00,40.79525,-73.97321,0,0,Driver Inattention/Distraction,4420351,21.9,13.0,0.0,0.0,0.0,0.0,3,24.3,47.9,182,Overcast,0,0,
23508,2021-05-25 16:33:00,40.61324,-74.12045,1,0,Following Too Closely,4420553,21.9,13.0,0.0,0.0,0.0,0.0,3,24.3,47.9,182,Overcast,1,1,
23509,2021-05-25 18:30:00,40.84782,-73.90756,0,0,Unsafe Speed,4420501,21.9,13.0,0.0,0.0,0.0,0.0,3,24.3,47.9,182,Overcast,0,0,
23510,2021-05-25 00:00:00,40.811638,-73.9316,0,0,Unspecified,4420434,21.9,13.0,0.0,0.0,0.0,0.0,3,24.3,47.9,182,Overcast,0,0,
23511,2021-04-28 13:00:00,40.672752,-73.95432,0,0,Driver Inattention/Distraction,4421124,26.1,7.9,0.0,0.0,0.0,0.0,3,15.3,34.6,133,Overcast,0,0,
23512,2021-05-17 09:00:00,40.770416,-73.92553,0,0,Passing Too Closely,4420906,22.9,9.7,0.0,0.0,0.0,0.0,3,17.7,36.0,224,Overcast,0,0,
23513,2021-05-25 23:35:00,40.769005,-73.992355,0,0,Following Too Closely,4420460,21.9,13.0,0.0,0.0,0.0,0.0,3,24.3,47.9,182,Overcast,0,0,
23514,2021-05-19 13:20:00,40.68942,-73.99157,0,0,Driver Inattention/Distraction,4420849,28.2,13.6,0.0,0.0,0.0,0.0,3,19.6,40.3,337,Overcast,0,0,
23515,2021-05-25 19:15:00,40.720066,-73.84086,1,0,Failure to Yield Right-of-Way,4420672,21.9,13.0,0.0,0.0,0.0,0.0,3,24.3,47.9,182,Overcast,1,1,
23516,2021-05-25 09:15:00,40.744766,-73.884544,0,0,Backing Unsafely,4420771,21.9,13.0,0.0,0.0,0.0,0.0,3,24.3,47.9,182,Overcast,0,0,
23517,2021-05-25 09:00:00,40.815166,-73.90641,1,0,Following Too Closely,4420415,21.9,13.0,0.0,0.0,0.0,0.0,3,24.3,47.9,182,Overcast,1,1,
23518,2021-05-25 17:28:00,40.623367,-73.989494,1,0,Unspecified,4420583,21.9,13.0,0.0,0.0,0.0,0.0,3,24.3,47.9,182,Overcast,1,1,
23519,2021-05-25 06:55:00,40.772327,-73.94531,0,0,Following Too Closely,4420474,21.9,13.0,0.0,0.0,0.0,0.0,3,24.3,47.9,182,Overcast,0,0,
23520,2021-05-25 11:11:00,40.64858,-73.959564,0,0,Other Vehicular,4420316,21.9,13.0,0.0,0.0,0.0,0.0,3,24.3,47.9,182,Overcast,0,0,
23521,2021-05-25 16:56:00,40.666187,-73.916664,0,0,Unspecified,4420489,21.9,13.0,0.0,0.0,0.0,0.0,3,24.3,47.9,182,Overcast,0,0,
23522,2021-05-25 06:07:00,40.66411,-73.96034,0,0,Driver Inattention/Distraction,4420380,21.9,13.0,0.0,0.0,0.0,0.0,3,24.3,47.9,182,Overcast,0,0,
23523,2022-03-30 22:40:00,40.74083,-74.00173,1,0,View Obstructed/Limited,4515715,5.9,-3.5,0.0,0.0,0.0,0.0,3,17.0,30.6,215,Overcast,1,1,
23524,2021-05-25 13:20:00,40.651688,-73.88877,1,0,Unspecified,4420861,21.9,13.0,0.0,0.0,0.0,0.0,3,24.3,47.9,182,Overcast,1,1,
23525,2021-05-25 16:40:00,0.0,0.0,1,0,Failure to Yield Right-of-Way,4420426,21.9,13.0,0.0,0.0,0.0,0.0,3,24.3,47.9,182,Overcast,1,1,
23526,2021-05-25 15:00:00,40.68178,-73.87879,0,0,Passing Too Closely,4420871,21.9,13.0,0.0,0.0,0.0,0.0,3,24.3,47.9,182,Overcast,0,0,
23527,2021-05-25 00:35:00,40.86268,-73.90905,1,0,Failure to Yield Right-of-Way,4420050,21.9,13.0,0.0,0.0,0.0,0.0,3,24.3,47.9,182,Overcast,1,1,
23528,2021-05-25 07:05:00,40.608223,-74.1294,0,0,Glare,4420941,21.9,13.0,0.0,0.0,0.0,0.0,3,24.3,47.9,182,Overcast,0,0,
23529,2021-05-25 15:10:00,40.67543,-73.81343,1,0,Failure to Yield Right-of-Way,4420727,21.9,13.0,0.0,0.0,0.0,0.0,3,24.3,47.9,182,Overcast,1,1,
23530,2021-05-25 08:00:00,40.83415,-73.85226,1,0,View Obstructed/Limited,4420202,21.9,13.0,0.0,0.0,0.0,0.0,3,24.3,47.9,182,Overcast,1,1,
23531,2021-09-13 01:30:00,40.78809,-73.98271,1,0,Unspecified,4463496,28.8,21.8,1.1,1.1,0.0,2.0,53,20.1,36.7,277,Drizzle: Moderate,1,1,
23532,2023-01-15 12:46:00,40.626312,-74.15858,0,0,Unspecified,4597967,4.7,-2.1,0.0,0.0,0.0,0.0,3,29.5,53.6,354,Overcast,0,0,
23533,2021-05-23 00:11:00,40.81969,-73.90161,0,0,Unspecified,4421032,31.4,19.8,0.0,0.0,0.0,0.0,3,28.5,54.4,322,Overcast,0,0,
23534,2021-05-25 16:35:00,40.81728,-73.938545,0,0,Passing Too Closely,4420541,21.9,13.0,0.0,0.0,0.0,0.0,3,24.3,47.9,182,Overcast,0,0,
23535,2021-05-25 12:24:00,40.63038,-73.90379,1,0,Failure to Yield Right-of-Way,4420294,21.9,13.0,0.0,0.0,0.0,0.0,3,24.3,47.9,182,Overcast,1,1,
23536,2021-05-25 12:25:00,40.73927,-73.99545,0,0,Driver Inattention/Distraction,4420300,21.9,13.0,0.0,0.0,0.0,0.0,3,24.3,47.9,182,Overcast,0,0,
23537,2021-05-25 15:00:00,40.834675,-73.87891,0,0,Unspecified,4420510,21.9,13.0,0.0,0.0,0.0,0.0,3,24.3,47.9,182,Overcast,0,0,
23538,2021-05-25 20:00:00,40.726803,-73.94655,0,0,Turning Improperly,4420937,21.9,13.0,0.0,0.0,0.0,0.0,3,24.3,47.9,182,Overcast,0,0,
23539,2021-05-25 11:15:00,40.59506,-73.927605,1,0,Driver Inattention/Distraction,4420320,21.9,13.0,0.0,0.0,0.0,0.0,3,24.3,47.9,182,Overcast,1,1,
23540,2021-05-25 21:30:00,40.75108,-73.98686,0,0,Turning Improperly,4420533,21.9,13.0,0.0,0.0,0.0,0.0,3,24.3,47.9,182,Overcast,0,0,
23541,2021-05-25 15:30:00,40.8066,-73.95457,0,0,Unspecified,4420369,21.9,13.0,0.0,0.0,0.0,0.0,3,24.3,47.9,182,Overcast,0,0,
23542,2021-05-25 20:08:00,40.86247,-73.90029,1,0,Unspecified,4420618,21.9,13.0,0.0,0.0,0.0,0.0,3,24.3,47.9,182,Overcast,1,1,
23543,2021-05-21 02:37:00,40.82193,-73.88844,0,0,Unspecified,4421030,23.9,11.3,0.0,0.0,0.0,0.0,3,19.2,38.5,174,Overcast,0,0,
23544,2021-05-25 08:15:00,40.88845,-73.841965,1,0,Driver Inattention/Distraction,4420233,21.9,13.0,0.0,0.0,0.0,0.0,3,24.3,47.9,182,Overcast,1,1,
23545,2021-05-25 19:26:00,40.835438,-73.86412,0,0,Failure to Yield Right-of-Way,4420511,21.9,13.0,0.0,0.0,0.0,0.0,3,24.3,47.9,182,Overcast,0,0,
23546,2021-05-25 09:28:00,40.88736,-73.89426,0,0,Unspecified,4420604,21.9,13.0,0.0,0.0,0.0,0.0,3,24.3,47.9,182,Overcast,0,0,
23547,2021-05-25 08:30:00,40.886364,-73.84554,0,0,Other Vehicular,4420666,21.9,13.0,0.0,0.0,0.0,0.0,3,24.3,47.9,182,Overcast,0,0,
23548,2021-05-25 10:20:00,40.579887,-73.94772,2,0,Traffic Control Disregarded,4420319,21.9,13.0,0.0,0.0,0.0,0.0,3,24.3,47.9,182,Overcast,2,2,
23549,2021-05-16 00:45:00,40.66531,-73.890305,1,0,Traffic Control Disregarded,4421007,22.3,10.7,0.1,0.1,0.0,1.0,51,23.8,46.1,261,Drizzle: Light,1,1,
23550,2021-04-27 09:32:00,40.67625,-73.95308,0,0,Driver Inattention/Distraction,4421021,14.8,4.2,0.0,0.0,0.0,0.0,3,15.3,34.2,164,Overcast,0,0,
23551,2021-05-25 17:03:00,40.631126,-73.97639,0,0,Unspecified,4420451,21.9,13.0,0.0,0.0,0.0,0.0,3,24.3,47.9,182,Overcast,0,0,
23552,2021-05-21 10:15:00,40.71594,-73.94462,1,0,Outside Car Distraction,4420994,23.9,11.3,0.0,0.0,0.0,0.0,3,19.2,38.5,174,Overcast,1,1,
23553,2021-05-25 15:00:00,40.696033,-73.98453,0,0,Passing or Lane Usage Improper,4420723,21.9,13.0,0.0,0.0,0.0,0.0,3,24.3,47.9,182,Overcast,0,0,
23554,2021-05-24 06:29:00,40.852306,-73.89811,1,0,Glare,4420916,18.9,13.7,0.0,0.0,0.0,0.0,3,22.4,44.3,126,Overcast,1,1,
23555,2021-05-25 16:50:00,40.73444,-73.72179,1,0,Unspecified,4420376,21.9,13.0,0.0,0.0,0.0,0.0,3,24.3,47.9,182,Overcast,1,1,
23556,2021-05-25 05:20:00,40.627167,-74.07601,0,0,Failure to Yield Right-of-Way,4420355,21.9,13.0,0.0,0.0,0.0,0.0,3,24.3,47.9,182,Overcast,0,0,
23557,2021-05-20 13:28:00,40.671032,-73.93927,1,0,Backing Unsafely,4421065,22.2,12.5,0.0,0.0,0.0,0.0,3,19.0,38.2,147,Overcast,1,1,
23558,2021-05-25 09:45:00,40.602997,-73.747894,0,0,Unspecified,4420506,21.9,13.0,0.0,0.0,0.0,0.0,3,24.3,47.9,182,Overcast,0,0,