,CRASH DATETIME,LATITUDE,LONGITUDE,NUMBER OF PERSONS INJURED,NUMBER OF PERSONS KILLED,CONTRIBUTING FACTOR VEHICLE 1,COLLISION_ID,temperature_2m_max,temperature_2m_min,precipitation_sum,rain_sum,snowfall_sum,precipitation_hours,weather_code,wind_speed_10m_max,wind_gusts_10m_max,wind_direction_10m_dominant,Weather Description,Severity_Score,Total_Affected_Persons,Weather_Category
23559,2021-05-25 12:59:00,40.683094,-73.80576,1,0,Following Too Closely,4420337,21.9,13.0,0.0,0.0,0.0,0.0,3,24.3,47.9,182,Overcast,1,1,
23560,2021-05-24 23:24:00,40.681686,-73.871574,2,0,Driver Inattention/Distraction,4420860,18.9,13.7,0.0,0.0,0.0,0.0,3,22.4,44.3,126,Overcast,2,2,
23561,2021-05-25 19:14:00,40.687508,-73.80666,0,0,Unsafe Speed,4420620,21.9,13.0,0.0,0.0,0.0,0.0,3,24.3,47.9,182,Overcast,0,0,
23562,2021-05-25 21:15:00,40.87932,-73.869804,0,0,Reaction to Uninvolved Vehicle,4420398,21.9,13.0,0.0,0.0,0.0,0.0,3,24.3,47.9,182,Overcast,0,0,
23563,2021-05-25 13:45:00,40.83969,-73.88147,1,0,Unsafe Lane Changing,4420531,21.9,13.0,0.0,0.0,0.0,0.0,3,24.3,47.9,182,Overcast,1,1,
23564,2021-05-25 14:13:00,40.884777,-73.85877,1,0,Driver Inattention/Distraction,4420661,21.9,13.0,0.0,0.0,0.0,0.0,3,24.3,47.9,182,Overcast,1,1,
23565,2021-05-25 10:54:00,40.68553,-73.95656,0,0,Unspecified,4420569,21.9,13.0,0.0,0.0,0.0,0.0,3,24.3,47.9,182,Overcast,0,0,
23566,2021-05-25 00:01:00,40.72017,-73.943886,0,0,Backing Unsafely,4420444,21.9,13.0,0.0,0.0,0.0,0.0,3,24.3,47.9,182,Overcast,0,0,
23567,2021-05-25 16:00:00,40.54534,-74.160576,0,0,Driver Inattention/Distraction,4420799,21.9,13.0,0.0,0.0,0.0,0.0,3,24.3,47.9,182,Overcast,0,0,
23568,2021-05-24 18:15:00,40.84261,-73.82868,1,0,Unspecified,4420962,18.9,13.7,0.0,0.0,0.0,0.0,3,22.4,44.3,126,Overcast,1,1,
23569,2021-05-25 22:25:00,40.752888,-73.96374,0,0,Unsafe Speed,4420392,21.9,13.0,0.0,0.0,0.0,0.0,3,24.3,47.9,182,Overcast,0,0,
23570,2021-05-24 19:50:00,40.651863,-73.86536,1,0,Unspecified,4420854,18.9,13.7,0.0,0.0,0.0,0.0,3,22.4,44.3,126,Overcast,1,1,
23571,2021-05-25 06:41:00,40.66955,-73.94497,1,0,Traffic Control Disregarded,4420383,21.9,13.0,0.0,0.0,0.0,0.0,3,24.3,47.9,182,Overcast,1,1,
23572,2021-05-25 05:00:00,40.8394,-73.83658,1,0,Pedestrian/Bicyclist/Other Pedestrian Error/Confusion,4420095,21.9,13.0,0.0,0.0,0.0,0.0,3,24.3,47.9,182,Overcast,1,1,
23573,2021-05-25 00:00:00,40.680016,-73.87743,2,0,Failure to Yield Right-of-Way,4420872,21.9,13.0,0.0,0.0,0.0,0.0,3,24.3,47.9,182,Overcast,2,2,
23574,2021-05-25 00:25:00,40.671627,-73.96263,0,0,Alcohol Involvement,4421071,21.9,13.0,0.0,0.0,0.0,0.0,3,24.3,47.9,182,Overcast,0,0,
23575,2021-05-25 14:32:00,40.589977,-73.99313,0,0,Driver Inattention/Distraction,4420313,21.9,13.0,0.0,0.0,0.0,0.0,3,24.3,47.9,182,Overcast,0,0,
23576,2021-05-25 17:28:00,40.843204,-73.91196,0,0,Failure to Yield Right-of-Way,4420418,21.9,13.0,0.0,0.0,0.0,0.0,3,24.3,47.9,182,Overcast,0,0,
23577,2021-05-24 09:00:00,40.709316,-73.79191,0,0,Driver Inattention/Distraction,4421049,18.9,13.7,0.0,0.0,0.0,0.0,3,22.4,44.3,126,Overcast,0,0,
23578,2021-05-23 02:40:00,40.6947,-73.90141,0,0,Outside Car Distraction,4420955,31.4,19.8,0.0,0.0,0.0,0.0,3,28.5,54.4,322,Overcast,0,0,
23579,2022-03-31 13:45:00,40.647224,-73.911766,1,0,Failure to Yield Right-of-Way,4515100,19.0,3.5,12.0,12.0,0.0,4.0,65,37.8,67.3,194,Rain: Heavy,1,1,
23580,2021-05-25 13:48:00,40.758743,-73.804214,1,0,Failure to Yield Right-of-Way,4420423,21.9,13.0,0.0,0.0,0.0,0.0,3,24.3,47.9,182,Overcast,1,1,
23581,2021-05-25 17:30:00,40.605335,-73.75528,0,0,Unsafe Lane Changing,4420500,21.9,13.0,0.0,0.0,0.0,0.0,3,24.3,47.9,182,Overcast,0,0,
23582,2021-05-25 16:15:00,40.739388,-73.87121,2,0,Failure to Yield Right-of-Way,4420774,21.9,13.0,0.0,0.0,0.0,0.0,3,24.3,47.9,182,Overcast,2,2,
23583,2021-05-25 17:20:00,40.60676,-73.96373,1,0,Failure to Yield Right-of-Way,4420408,21.9,13.0,0.0,0.0,0.0,0.0,3,24.3,47.9,182,Overcast,1,1,
23584,2021-05-24 13:18:00,40.675804,-73.869156,0,0,Unspecified,4420867,18.9,13.7,0.0,0.0,0.0,0.0,3,22.4,44.3,126,Overcast,0,0,
23585,2021-05-25 14:50:00,40.86795,-73.92701,1,0,Pedestrian/Bicyclist/Other Pedestrian Error/Confusion,4420887,21.9,13.0,0.0,0.0,0.0,0.0,3,24.3,47.9,182,Overcast,1,1,
23586,2021-05-25 08:34:00,40.696205,-73.91782,1,0,Passing Too Closely,4420523,21.9,13.0,0.0,0.0,0.0,0.0,3,24.3,47.9,182,Overcast,1,1,
23587,2022-04-01 00:00:00,40.72877,-74.007095,0,0,Alcohol Involvement,4515589,15.2,5.3,1.4,1.4,0.0,8.0,51,33.1,61.9,277,Drizzle: Light,0,0,
23588,2021-05-25 19:05:00,40.806774,-73.92332,0,0,Following Too Closely,4420432,21.9,13.0,0.0,0.0,0.0,0.0,3,24.3,47.9,182,Overcast,0,0,
23589,2021-05-25 09:15:00,40.70786,-73.959854,2,0,Other Vehicular,4420477,21.9,13.0,0.0,0.0,0.0,0.0,3,24.3,47.9,182,Overcast,2,2,
23590,2021-05-25 21:30:00,40.692543,-73.77553,1,0,Illnes,4420983,21.9,13.0,0.0,0.0,0.0,0.0,3,24.3,47.9,182,Overcast,1,1,
23591,2021-05-23 22:15:00,40.67058,-73.93096,2,0,Traffic Control Disregarded,4421052,31.4,19.8,0.0,0.0,0.0,0.0,3,28.5,54.4,322,Overcast,2,2,
23592,2021-05-25 09:10:00,40.824387,-73.901184,0,0,Unspecified,4420492,21.9,13.0,0.0,0.0,0.0,0.0,3,24.3,47.9,182,Overcast,0,0,
23593,2021-05-22 03:41:00,40.826256,-73.88881,2,0,Unspecified,4421033,30.5,16.5,0.0,0.0,0.0,0.0,3,19.1,36.4,299,Overcast,2,2,
23594,2021-05-24 11:26:00,40.66881,-73.873436,0,0,Tire Failure/Inadequate,4420850,18.9,13.7,0.0,0.0,0.0,0.0,3,22.4,44.3,126,Overcast,0,0,
23595,2021-05-25 00:38:00,40.58552,-73.95578,0,0,Unspecified,4420055,21.9,13.0,0.0,0.0,0.0,0.0,3,24.3,47.9,182,Overcast,0,0,
23596,2021-05-21 21:05:00,40.662663,-73.88729,2,0,Passing or Lane Usage Improper,4420868,23.9,11.3,0.0,0.0,0.0,0.0,3,19.2,38.5,174,Overcast,2,2,
23597,2021-05-25 18:18:00,40.61501,-73.99102,0,0,Failure to Yield Right-of-Way,4420388,21.9,13.0,0.0,0.0,0.0,0.0,3,24.3,47.9,182,Overcast,0,0,
23598,2021-05-25 23:07:00,40.69625,-73.894295,0,0,Failure to Yield Right-of-Way,4420544,21.9,13.0,0.0,0.0,0.0,0.0,3,24.3,47.9,182,Overcast,0,0,
23599,2021-05-25 11:50:00,40.716015,-74.00883,1,0,Following Too Closely,4420309,21.9,13.0,0.0,0.0,0.0,0.0,3,24.3,47.9,182,Overcast,1,1,
23600,2021-05-25 22:10:00,40.84477,-73.846565,0,0,Driver Inattention/Distraction,4420534,21.9,13.0,0.0,0.0,0.0,0.0,3,24.3,47.9,182,Overcast,0,0,
23601,2021-05-22 10:15:00,40.763256,-73.88205,0,0,Unspecified,4420902,30.5,16.5,0.0,0.0,0.0,0.0,3,19.1,36.4,299,Overcast,0,0,
23602,2021-05-25 21:00:00,40.810486,-73.905075,0,0,Unspecified,4420752,21.9,13.0,0.0,0.0,0.0,0.0,3,24.3,47.9,182,Overcast,0,0,
23603,2021-05-25 16:30:00,40.723747,-74.00612,0,0,Following Too Closely,4420441,21.9,13.0,0.0,0.0,0.0,0.0,3,24.3,47.9,182,Overcast,0,0,
23604,2021-05-25 12:15:00,40.767296,-73.98424,0,0,Unsafe Lane Changing,4420459,21.9,13.0,0.0,0.0,0.0,0.0,3,24.3,47.9,182,Overcast,0,0,
23605,2021-05-25 16:04:00,40.827297,-73.86919,1,0,Unspecified,4420507,21.9,13.0,0.0,0.0,0.0,0.0,3,24.3,47.9,182,Overcast,1,1,
23606,2021-05-25 11:25:00,40.693005,-73.789856,1,0,Driver Inattention/Distraction,4420333,21.9,13.0,0.0,0.0,0.0,0.0,3,24.3,47.9,182,Overcast,1,1,
23607,2021-05-26 00:05:00,40.652794,-73.946884,1,0,Unspecified,4421132,29.5,17.4,0.1,0.1,0.0,1.0,51,23.4,45.7,210,Drizzle: Light,1,1,
23608,2021-05-25 17:45:00,40.669704,-73.94774,2,0,Driver Inattention/Distraction,4420368,21.9,13.0,0.0,0.0,0.0,0.0,3,24.3,47.9,182,Overcast,2,2,
23609,2021-05-25 13:33:00,40.822456,-73.88728,2,0,Unspecified,4421027,21.9,13.0,0.0,0.0,0.0,0.0,3,24.3,47.9,182,Overcast,2,2,
23610,2021-05-25 08:14:00,40.878853,-73.87349,0,0,Passing Too Closely,4420240,21.9,13.0,0.0,0.0,0.0,0.0,3,24.3,47.9,182,Overcast,0,0,
23611,2021-05-23 13:48:00,40.83569,-73.86857,0,0,Driver Inexperience,4420997,31.4,19.8,0.0,0.0,0.0,0.0,3,28.5,54.4,322,Overcast,0,0,
23612,2021-05-25 17:49:00,40.82677,-73.856155,0,0,Driver Inattention/Distraction,4420512,21.9,13.0,0.0,0.0,0.0,0.0,3,24.3,47.9,182,Overcast,0,0,
23613,2021-05-25 19:03:00,40.82929,-73.91642,0,0,Unsafe Speed,4420414,21.9,13.0,0.0,0.0,0.0,0.0,3,24.3,47.9,182,Overcast,0,0,
23614,2021-05-23 15:08:00,40.675907,-73.931946,0,0,View Obstructed/Limited,4421122,31.4,19.8,0.0,0.0,0.0,0.0,3,28.5,54.4,322,Overcast,0,0,
23615,2021-05-11 02:15:00,40.762966,-73.973976,1,0,Failure to Yield Right-of-Way,4420927,16.7,8.2,0.0,0.0,0.0,0.0,3,27.0,51.1,292,Overcast,1,1,
23616,2021-05-21 16:30:00,40.824207,-73.858795,0,0,Unspecified,4421061,23.9,11.3,0.0,0.0,0.0,0.0,3,19.2,38.5,174,Overcast,0,0,
23617,2021-05-25 14:54:00,40.58618,-74.08989,0,0,Other Vehicular,4420343,21.9,13.0,0.0,0.0,0.0,0.0,3,24.3,47.9,182,Overcast,0,0,
23618,2021-05-25 14:05:00,40.649654,-74.01635,0,0,Unspecified,4420372,21.9,13.0,0.0,0.0,0.0,0.0,3,24.3,47.9,182,Overcast,0,0,
23619,2021-05-25 17:12:00,40.647526,-73.89469,2,0,Pedestrian/Bicyclist/Other Pedestrian Error/Confusion,4420692,21.9,13.0,0.0,0.0,0.0,0.0,3,24.3,47.9,182,Overcast,2,2,
23620,2021-05-25 13:45:00,40.692753,-73.80866,3,0,Driver Inattention/Distraction,4420609,21.9,13.0,0.0,0.0,0.0,0.0,3,24.3,47.9,182,Overcast,3,3,
23621,2021-05-25 10:09:00,40.706257,-73.80034,0,0,Driver Inattention/Distraction,4420621,21.9,13.0,0.0,0.0,0.0,0.0,3,24.3,47.9,182,Overcast,0,0,
23622,2021-05-11 22:48:00,40.68993,-73.98148,0,0,Driver Inattention/Distraction,4421133,16.7,8.2,0.0,0.0,0.0,0.0,3,27.0,51.1,292,Overcast,0,0,
23623,2021-05-25 08:00:00,40.8166,-73.942764,0,0,Unspecified,4420218,21.9,13.0,0.0,0.0,0.0,0.0,3,24.3,47.9,182,Overcast,0,0,
23624,2021-05-25 10:00:00,40.773273,-73.92512,3,0,Backing Unsafely,4420472,21.9,13.0,0.0,0.0,0.0,0.0,3,24.3,47.9,182,Overcast,3,3,
23625,2021-05-25 11:30:00,40.658512,-73.953316,4,0,View Obstructed/Limited,4420292,21.9,13.0,0.0,0.0,0.0,0.0,3,24.3,47.9,182,Overcast,4,4,
23626,2021-05-25 21:33:00,40.857418,-73.899956,0,0,Following Too Closely,4420519,21.9,13.0,0.0,0.0,0.0,0.0,3,24.3,47.9,182,Overcast,0,0,
23627,2022-03-30 09:50:00,40.76689,-73.99017,0,0,Driver Inattention/Distraction,4514749,5.9,-3.5,0.0,0.0,0.0,0.0,3,17.0,30.6,215,Overcast,0,0,
23628,2021-05-25 17:45:00,40.745388,-73.71508,0,0,Unspecified,4420377,21.9,13.0,0.0,0.0,0.0,0.0,3,24.3,47.9,182,Overcast,0,0,
23629,2021-05-25 14:45:00,40.884144,-73.90224,0,0,Driver Inattention/Distraction,4420600,21.9,13.0,0.0,0.0,0.0,0.0,3,24.3,47.9,182,Overcast,0,0,
23630,2021-04-10 19:57:00,40.67607,-73.93043,2,0,Driver Inattention/Distraction,4421066,17.0,7.7,1.2,1.2,0.0,3.0,53,14.4,31.7,166,Drizzle: Moderate,2,2,
23631,2021-05-25 16:17:00,40.681927,-73.97611,5,0,Driver Inattention/Distraction,4420504,21.9,13.0,0.0,0.0,0.0,0.0,3,24.3,47.9,182,Overcast,5,5,
23632,2021-05-25 08:10:00,40.610382,-73.950554,0,0,Unspecified,4420318,21.9,13.0,0.0,0.0,0.0,0.0,3,24.3,47.9,182,Overcast,0,0,
23633,2021-05-25 06:15:00,40.66626,-73.884026,0,0,Unspecified,4420885,21.9,13.0,0.0,0.0,0.0,0.0,3,24.3,47.9,182,Overcast,0,0,
23634,2021-05-24 22:40:00,40.680584,-73.88649,0,0,Vehicle Vandalism,4420855,18.9,13.7,0.0,0.0,0.0,0.0,3,22.4,44.3,126,Overcast,0,0,
23635,2021-05-25 20:20:00,40.835052,-73.92615,0,0,Unsafe Speed,4420419,21.9,13.0,0.0,0.0,0.0,0.0,3,24.3,47.9,182,Overcast,0,0,
23636,2021-05-25 15:50:00,40.717014,-73.7994,1,0,Failure to Yield Right-of-Way,4420399,21.9,13.0,0.0,0.0,0.0,0.0,3,24.3,47.9,182,Overcast,1,1,
23637,2021-05-25 19:00:00,40.845104,-73.91494,0,0,Driver Inattention/Distraction,4420713,21.9,13.0,0.0,0.0,0.0,0.0,3,24.3,47.9,182,Overcast,0,0,
23638,2021-05-25 13:36:00,40.82246,-73.91478,0,0,Driver Inattention/Distraction,4420425,21.9,13.0,0.0,0.0,0.0,0.0,3,24.3,47.9,182,Overcast,0,0,
23639,2021-04-29 15:49:00,40.676853,-73.949326,0,0,Unsafe Speed,4421072,22.5,12.9,3.8,3.8,0.0,9.0,53,25.6,50.8,199,Drizzle: Moderate,0,0,
23640,2021-05-25 08:45:00,40.715973,-73.77111,0,0,Following Too Closely,4420315,21.9,13.0,0.0,0.0,0.0,0.0,3,24.3,47.9,182,Overcast,0,0,
23641,2021-05-24 12:48:00,40.67556,-73.96334,1,0,Failure to Yield Right-of-Way,4421050,18.9,13.7,0.0,0.0,0.0,0.0,3,22.4,44.3,126,Overcast,1,1,
23642,2021-05-25 00:30:00,40.647007,-73.946266,1,0,Failure to Yield Right-of-Way,4420275,21.9,13.0,0.0,0.0,0.0,0.0,3,24.3,47.9,182,Overcast,1,1,
23643,2021-05-25 19:30:00,40.71699,-73.82402,1,0,Driver Inattention/Distraction,4420914,21.9,13.0,0.0,0.0,0.0,0.0,3,24.3,47.9,182,Overcast,1,1,
23644,2021-05-25 14:10:00,40.85796,-73.89208,0,0,Passing Too Closely,4420530,21.9,13.0,0.0,0.0,0.0,0.0,3,24.3,47.9,182,Overcast,0,0,
23645,2021-05-25 13:30:00,40.616707,-73.97846,2,0,Unspecified,4420356,21.9,13.0,0.0,0.0,0.0,0.0,3,24.3,47.9,182,Overcast,2,2,
23646,2021-05-25 17:29:00,40.719395,-74.00189,0,0,Driver Inattention/Distraction,4420445,21.9,13.0,0.0,0.0,0.0,0.0,3,24.3,47.9,182,Overcast,0,0,
23647,2021-05-25 08:05:00,40.69203,-73.94565,0,0,Driver Inattention/Distraction,4420568,21.9,13.0,0.0,0.0,0.0,0.0,3,24.3,47.9,182,Overcast,0,0,
23648,2021-05-25 21:40:00,40.6229,-74.14943,0,0,Backing Unsafely,4420499,21.9,13.0,0.0,0.0,0.0,0.0,3,24.3,47.9,182,Overcast,0,0,
23649,2021-05-25 00:00:00,40.691994,-73.76111,0,0,Passing or Lane Usage Improper,4420257,21.9,13.0,0.0,0.0,0.0,0.0,3,24.3,47.9,182,Overcast,0,0,
23650,2021-05-25 03:25:00,40.631905,-74.03349,0,0,Other Vehicular,4420117,21.9,13.0,0.0,0.0,0.0,0.0,3,24.3,47.9,182,Overcast,0,0,
23651,2021-05-25 17:50:00,40.667976,-73.93399,0,0,Driver Inattention/Distraction,4420382,21.9,13.0,0.0,0.0,0.0,0.0,3,24.3,47.9,182,Overcast,0,0,
23652,2021-05-13 16:35:00,40.737385,-73.98373,0,0,Passing or Lane Usage Improper,4421017,19.1,7.2,0.0,0.0,0.0,0.0,1,15.8,27.4,315,Mainly clear,0,0,Sunny/Clear Conditions
23653,2021-05-25 10:33:00,40.778812,-73.95609,3,0,Driver Inattention/Distraction,4420452,21.9,13.0,0.0,0.0,0.0,0.0,3,24.3,47.9,182,Overcast,3,3,
23654,2021-05-25 16:01:00,40.651226,-73.94096,1,0,Driver Inattention/Distraction,4420360,21.9,13.0,0.0,0.0,0.0,0.0,3,24.3,47.9,182,Overcast,1,1,
23655,2021-05-24 15:37:00,40.68086,-73.864685,2,0,Failure to Yield Right-of-Way,4420859,18.9,13.7,0.0,0.0,0.0,0.0,3,22.4,44.3,126,Overcast,2,2,
23656,2021-05-25 15:55:00,40.83282,-73.91825,1,0,Driver Inattention/Distraction,4420739,21.9,13.0,0.0,0.0,0.0,0.0,3,24.3,47.9,182,Overcast,1,1,
23657,2021-05-23 22:26:00,40.82378,-73.836426,1,0,Unspecified,4420960,31.4,19.8,0.0,0.0,0.0,0.0,3,28.5,54.4,322,Overcast,1,1,
23658,2021-05-25 11:34:00,40.73555,-73.934784,1,0,Failure to Yield Right-of-Way,4420393,21.9,13.0,0.0,0.0,0.0,0.0,3,24.3,47.9,182,Overcast,1,1,
23659,2021-05-25 18:25:00,40.713947,-73.98354,0,0,Unspecified,4420775,21.9,13.0,0.0,0.0,0.0,0.0,3,24.3,47.9,182,Overcast,0,0,
23660,2021-05-24 12:00:00,40.577503,-73.95522,0,0,Unspecified,4421008,18.9,13.7,0.0,0.0,0.0,0.0,3,22.4,44.3,126,Overcast,0,0,
23661,2021-05-25 19:40:00,40.83008,-73.85377,1,0,Unspecified,4420514,21.9,13.0,0.0,0.0,0.0,0.0,3,24.3,47.9,182,Overcast,1,1,
23662,2021-05-24 20:20:00,40.802437,-73.96805,1,0,Unsafe Lane Changing,4421034,18.9,13.7,0.0,0.0,0.0,0.0,3,22.4,44.3,126,Overcast,1,1,
23663,2023-01-15 20:00:00,40.587326,-73.99173,0,0,Unsafe Speed,4597945,4.7,-2.1,0.0,0.0,0.0,0.0,3,29.5,53.6,354,Overcast,0,0,
23664,2021-05-25 05:34:00,40.842514,-73.871544,1,1,Traffic Control Disregarded,4420310,21.9,13.0,0.0,0.0,0.0,0.0,3,24.3,47.9,182,Overcast,21,2,
23665,2021-05-25 11:50:00,40.63573,-74.10675,1,0,Failure to Yield Right-of-Way,4420549,21.9,13.0,0.0,0.0,0.0,0.0,3,24.3,47.9,182,Overcast,1,1,
23666,2021-05-11 12:45:00,40.854687,-73.890396,0,0,Other Vehicular,4420925,16.7,8.2,0.0,0.0,0.0,0.0,3,27.0,51.1,292,Overcast,0,0,
23667,2021-05-25 17:00:00,40.606873,-73.75954,0,0,Other Vehicular,4420508,21.9,13.0,0.0,0.0,0.0,0.0,3,24.3,47.9,182,Overcast,0,0,
23668,2021-05-25 10:50:00,40.866,-73.84327,0,0,Unspecified,4420288,21.9,13.0,0.0,0.0,0.0,0.0,3,24.3,47.9,182,Overcast,0,0,
23669,2021-05-25 15:30:00,40.691544,-73.9685,1,0,Pedestrian/Bicyclist/Other Pedestrian Error/Confusion,4420349,21.9,13.0,0.0,0.0,0.0,0.0,3,24.3,47.9,182,Overcast,1,1,
23670,2021-05-25 22:00:00,40.874928,-73.86498,0,0,Other Vehicular,4420665,21.9,13.0,0.0,0.0,0.0,0.0,3,24.3,47.9,182,Overcast,0,0,
23671,2021-05-25 15:40:00,40.90347,-73.88628,0,0,Driver Inattention/Distraction,4420623,21.9,13.0,0.0,0.0,0.0,0.0,3,24.3,47.9,182,Overcast,0,0,
23672,2021-05-25 07:50:00,40.763184,-73.97452,0,0,Unspecified,4420247,21.9,13.0,0.0,0.0,0.0,0.0,3,24.3,47.9,182,Overcast,0,0,
23673,2021-05-23 14:00:00,40.815098,-73.821144,0,0,Unspecified,4420961,31.4,19.8,0.0,0.0,0.0,0.0,3,28.5,54.4,322,Overcast,0,0,
23674,2021-05-21 19:05:00,40.67342,-73.95017,1,0,Driver Inattention/Distraction,4421051,23.9,11.3,0.0,0.0,0.0,0.0,3,19.2,38.5,174,Overcast,1,1,
23675,2021-05-25 15:40:00,40.619698,-74.10771,1,0,Following Too Closely,4421120,21.9,13.0,0.0,0.0,0.0,0.0,3,24.3,47.9,182,Overcast,1,1,
23676,2021-05-25 18:30:00,40.649483,-73.880714,0,0,Alcohol Involvement,4420863,21.9,13.0,0.0,0.0,0.0,0.0,3,24.3,47.9,182,Overcast,0,0,
23677,2021-05-24 15:00:00,40.6789,-73.86574,0,0,Backing Unsafely,4420869,18.9,13.7,0.0,0.0,0.0,0.0,3,22.4,44.3,126,Overcast,0,0,
23678,2021-05-25 00:03:00,40.741234,-73.84573,0,0,Reaction to Uninvolved Vehicle,4420063,21.9,13.0,0.0,0.0,0.0,0.0,3,24.3,47.9,182,Overcast,0,0,
23679,2021-05-23 21:55:00,40.671032,-73.93927,0,0,Driver Inattention/Distraction,4421026,31.4,19.8,0.0,0.0,0.0,0.0,3,28.5,54.4,322,Overcast,0,0,
23680,2021-05-25 16:12:00,40.706673,-73.95443,0,0,Backing Unsafely,4420466,21.9,13.0,0.0,0.0,0.0,0.0,3,24.3,47.9,182,Overcast,0,0,
23681,2021-05-25 16:40:00,40.838875,-73.90266,1,0,Driver Inattention/Distraction,4420493,21.9,13.0,0.0,0.0,0.0,0.0,3,24.3,47.9,182,Overcast,1,1,
23682,2021-05-25 13:15:00,40.621994,-73.99493,0,0,Driver Inattention/Distraction,4420387,21.9,13.0,0.0,0.0,0.0,0.0,3,24.3,47.9,182,Overcast,0,0,
23683,2021-05-25 15:10:00,40.83945,-73.91209,0,0,Unspecified,4420413,21.9,13.0,0.0,0.0,0.0,0.0,3,24.3,47.9,182,Overcast,0,0,
23684,2021-05-20 15:00:00,40.594257,-73.97361,0,0,Unspecified,4421003,22.2,12.5,0.0,0.0,0.0,0.0,3,19.0,38.2,147,Overcast,0,0,
23685,2021-05-25 18:10:00,40.644753,-73.92493,0,0,Unspecified,4421135,21.9,13.0,0.0,0.0,0.0,0.0,3,24.3,47.9,182,Overcast,0,0,
23686,2021-05-25 18:45:00,40.76023,-73.961525,0,0,Driver Inattention/Distraction,4420482,21.9,13.0,0.0,0.0,0.0,0.0,3,24.3,47.9,182,Overcast,0,0,
23687,2021-05-25 08:00:00,40.800663,-73.946465,0,0,Driver Inattention/Distraction,4420328,21.9,13.0,0.0,0.0,0.0,0.0,3,24.3,47.9,182,Overcast,0,0,
23688,2021-05-25 08:20:00,40.825897,-73.93936,1,0,Unspecified,4420215,21.9,13.0,0.0,0.0,0.0,0.0,3,24.3,47.9,182,Overcast,1,1,
23689,2021-05-25 22:39:00,40.71328,-73.83311,1,0,Aggressive Driving/Road Rage,4420536,21.9,13.0,0.0,0.0,0.0,0.0,3,24.3,47.9,182,Overcast,1,1,
23690,2021-05-25 13:30:00,40.609974,-73.93534,1,0,Driver Inattention/Distraction,4420700,21.9,13.0,0.0,0.0,0.0,0.0,3,24.3,47.9,182,Overcast,1,1,
23691,2021-05-25 18:40:00,40.792183,-73.968025,0,0,Passing Too Closely,4420373,21.9,13.0,0.0,0.0,0.0,0.0,3,24.3,47.9,182,Overcast,0,0,
23692,2021-05-25 09:20:00,40.60485,-74.02559,1,0,Passing or Lane Usage Improper,4420366,21.9,13.0,0.0,0.0,0.0,0.0,3,24.3,47.9,182,Overcast,1,1,
23693,2021-05-25 17:12:00,40.696167,-73.8045,5,0,Traffic Control Disregarded,4420611,21.9,13.0,0.0,0.0,0.0,0.0,3,24.3,47.9,182,Overcast,5,5,
23694,2021-05-24 06:45:00,40.769283,-73.82445,0,1,Failure to Yield Right-of-Way,4420981,18.9,13.7,0.0,0.0,0.0,0.0,3,22.4,44.3,126,Overcast,20,1,
23695,2021-05-25 10:00:00,40.67481,-73.73672,0,0,Unspecified,4420405,21.9,13.0,0.0,0.0,0.0,0.0,3,24.3,47.9,182,Overcast,0,0,
23696,2021-05-25 18:31:00,40.71889,-74.002335,0,0,Driver Inattention/Distraction,4420438,21.9,13.0,0.0,0.0,0.0,0.0,3,24.3,47.9,182,Overcast,0,0,
23697,2021-05-25 23:15:00,40.75663,-73.875145,0,0,Driver Inattention/Distraction,4420901,21.9,13.0,0.0,0.0,0.0,0.0,3,24.3,47.9,182,Overcast,0,0,
23698,2021-05-24 13:20:00,40.679653,-73.88556,0,0,Unspecified,4420851,18.9,13.7,0.0,0.0,0.0,0.0,3,22.4,44.3,126,Overcast,0,0,
23699,2021-05-25 12:24:00,40.702984,-73.94586,0,0,Turning Improperly,4420458,21.9,13.0,0.0,0.0,0.0,0.0,3,24.3,47.9,182,Overcast,0,0,
23700,2021-05-25 14:45:00,40.743645,-73.94045,3,0,Driver Inattention/Distraction,4420394,21.9,13.0,0.0,0.0,0.0,0.0,3,24.3,47.9,182,Overcast,3,3,
23701,2021-05-25 16:18:00,40.71918,-73.99029,0,0,Driver Inattention/Distraction,4420776,21.9,13.0,0.0,0.0,0.0,0.0,3,24.3,47.9,182,Overcast,0,0,
23702,2021-05-25 17:15:00,40.56094,-74.14973,1,0,Driver Inattention/Distraction,4420839,21.9,13.0,0.0,0.0,0.0,0.0,3,24.3,47.9,182,Overcast,1,1,
23703,2021-05-25 23:15:00,40.656944,-73.88082,1,0,Unsafe Speed,4420856,21.9,13.0,0.0,0.0,0.0,0.0,3,24.3,47.9,182,Overcast,1,1,
23704,2021-05-25 11:50:00,40.810856,-73.92455,0,0,Unspecified,4420420,21.9,13.0,0.0,0.0,0.0,0.0,3,24.3,47.9,182,Overcast,0,0,
23705,2021-05-25 07:27:00,40.676598,-73.93039,1,0,View Obstructed/Limited,4421059,21.9,13.0,0.0,0.0,0.0,0.0,3,24.3,47.9,182,Overcast,1,1,
23706,2022-03-31 19:30:00,40.713985,-73.73812,0,0,Unspecified,4515331,19.0,3.5,12.0,12.0,0.0,4.0,65,37.8,67.3,194,Rain: Heavy,0,0,
23707,2022-03-23 20:50:00,40.735115,-73.87524,1,0,Failure to Yield Right-of-Way,4515330,8.4,1.3,2.2,2.2,0.0,3.0,55,19.6,34.6,73,Drizzle: Dense,1,1,