,CRASH DATETIME,LATITUDE,LONGITUDE,NUMBER OF PERSONS INJURED,NUMBER OF PERSONS KILLED,CONTRIBUTING FACTOR VEHICLE 1,COLLISION_ID,temperature_2m_max,temperature_2m_min,precipitation_sum,rain_sum,snowfall_sum,precipitation_hours,weather_code,wind_speed_10m_max,wind_gusts_10m_max,wind_direction_10m_dominant,Weather Description,Severity_Score,Total_Affected_Persons,Weather_Category
23708,2022-03-30 12:00:00,40.706947,-73.7829,0,0,Driver Inattention/Distraction,4514873,5.9,-3.5,0.0,0.0,0.0,0.0,3,17.0,30.6,215,Overcast,0,0,
23709,2022-03-27 22:53:00,40.732655,-73.92297,0,0,Unspecified,4515488,7.5,-1.1,0.3,0.3,0.07,3.0,71,26.4,47.5,288,Snow fall: Light,0,0,Snowy Conditions
23710,2022-04-01 14:00:00,40.732277,-73.84927,0,0,Following Too Closely,4515512,15.2,5.3,1.4,1.4,0.0,8.0,51,33.1,61.9,277,Drizzle: Light,0,0,
23711,2022-03-30 16:00:00,40.675735,-73.89686,0,0,Unspecified,4515003,5.9,-3.5,0.0,0.0,0.0,0.0,3,17.0,30.6,215,Overcast,0,0,
23712,2022-03-30 15:40:00,40.66186,-73.9344,1,0,Driver Inexperience,4515447,5.9,-3.5,0.0,0.0,0.0,0.0,3,17.0,30.6,215,Overcast,1,1,
23713,2022-02-02 07:40:00,40.689274,-73.930466,1,0,Unspecified,4515784,3.8,-7.2,0.0,0.0,0.0,0.0,3,10.6,16.2,93,Overcast,1,1,
23714,2022-04-01 14:35:00,40.757156,-73.73643,1,0,Backing Unsafely,4515418,15.2,5.3,1.4,1.4,0.0,8.0,51,33.1,61.9,277,Drizzle: Light,1,1,
23715,2022-03-30 21:05:00,40.72462,-73.894554,0,0,Brakes Defective,4515755,5.9,-3.5,0.0,0.0,0.0,0.0,3,17.0,30.6,215,Overcast,0,0,
23716,2022-03-30 14:00:00,40.695023,-73.93262,0,0,Unspecified,4515851,5.9,-3.5,0.0,0.0,0.0,0.0,3,17.0,30.6,215,Overcast,0,0,
23717,2022-03-23 12:00:00,40.60899,-73.96118,0,0,Driver Inexperience,4515286,8.4,1.3,2.2,2.2,0.0,3.0,55,19.6,34.6,73,Drizzle: Dense,0,0,
23718,2022-04-01 01:57:00,40.635185,-73.92862,1,0,Driver Inattention/Distraction,4515493,15.2,5.3,1.4,1.4,0.0,8.0,51,33.1,61.9,277,Drizzle: Light,1,1,
23719,2022-03-30 08:00:00,40.827557,-73.914764,0,0,Backing Unsafely,4515023,5.9,-3.5,0.0,0.0,0.0,0.0,3,17.0,30.6,215,Overcast,0,0,
23720,2022-03-09 02:45:00,40.676243,-73.95269,0,0,Other Vehicular,4515701,3.2,0.8,16.8,7.3,6.65,15.0,75,17.6,32.4,69,Snow fall: Heavy,0,0,Snowy Conditions
23721,2022-03-30 12:21:00,40.865536,-73.92728,0,0,View Obstructed/Limited,4515051,5.9,-3.5,0.0,0.0,0.0,0.0,3,17.0,30.6,215,Overcast,0,0,
23722,2022-03-31 13:17:00,40.822933,-73.85731,0,0,Driver Inattention/Distraction,4515350,19.0,3.5,12.0,12.0,0.0,4.0,65,37.8,67.3,194,Rain: Heavy,0,0,
23723,2022-03-31 06:54:00,40.82519,-73.87276,1,0,Driver Inattention/Distraction,4515071,19.0,3.5,12.0,12.0,0.0,4.0,65,37.8,67.3,194,Rain: Heavy,1,1,
23724,2022-03-30 13:04:00,40.65878,-73.960526,0,0,Following Too Closely,4514843,5.9,-3.5,0.0,0.0,0.0,0.0,3,17.0,30.6,215,Overcast,0,0,
23725,2022-03-31 14:40:00,40.69515,-73.80774,0,0,Brakes Defective,4515965,19.0,3.5,12.0,12.0,0.0,4.0,65,37.8,67.3,194,Rain: Heavy,0,0,
23726,2022-03-31 11:56:00,40.760464,-73.826546,1,0,Following Too Closely,4515770,19.0,3.5,12.0,12.0,0.0,4.0,65,37.8,67.3,194,Rain: Heavy,1,1,
23727,2022-03-24 06:30:00,40.733685,-73.92396,1,0,Following Too Closely,4515363,9.9,3.5,21.4,21.4,0.0,16.0,63,27.2,50.8,57,Rain: Moderate,1,1,
23728,2022-03-30 07:25:00,40.864376,-73.9021,0,0,Aggressive Driving/Road Rage,4514810,5.9,-3.5,0.0,0.0,0.0,0.0,3,17.0,30.6,215,Overcast,0,0,
23729,2022-03-31 13:10:00,40.668003,-73.76346,1,0,Following Too Closely,4515225,19.0,3.5,12.0,12.0,0.0,4.0,65,37.8,67.3,194,Rain: Heavy,1,1,
23730,2022-03-30 20:30:00,40.65159,-73.98112,1,0,Passing Too Closely,4515241,5.9,-3.5,0.0,0.0,0.0,0.0,3,17.0,30.6,215,Overcast,1,1,
23731,2022-03-31 18:25:00,40.727566,-73.929276,0,0,Passing or Lane Usage Improper,4515264,19.0,3.5,12.0,12.0,0.0,4.0,65,37.8,67.3,194,Rain: Heavy,0,0,
23732,2022-04-01 09:55:00,40.828648,-73.898445,1,0,Unspecified,4515547,15.2,5.3,1.4,1.4,0.0,8.0,51,33.1,61.9,277,Drizzle: Light,1,1,
23733,2022-03-30 11:30:00,40.764988,-73.82067,0,0,Driver Inattention/Distraction,4514836,5.9,-3.5,0.0,0.0,0.0,0.0,3,17.0,30.6,215,Overcast,0,0,
23734,2022-03-30 05:45:00,40.769646,-73.91425,1,0,Following Too Closely,4514814,5.9,-3.5,0.0,0.0,0.0,0.0,3,17.0,30.6,215,Overcast,1,1,
23735,2022-04-01 08:19:00,40.68238,-73.90565,0,0,Unsafe Lane Changing,4515673,15.2,5.3,1.4,1.4,0.0,8.0,51,33.1,61.9,277,Drizzle: Light,0,0,
23736,2022-03-31 15:10:00,40.693172,-73.9711,0,0,Passing or Lane Usage Improper,4515187,19.0,3.5,12.0,12.0,0.0,4.0,65,37.8,67.3,194,Rain: Heavy,0,0,
23737,2022-04-01 07:46:00,40.830143,-73.92858,0,0,Pavement Slippery,4515335,15.2,5.3,1.4,1.4,0.0,8.0,51,33.1,61.9,277,Drizzle: Light,0,0,
23738,2022-03-30 17:00:00,40.64038,-73.90871,0,0,Unspecified,4514864,5.9,-3.5,0.0,0.0,0.0,0.0,3,17.0,30.6,215,Overcast,0,0,
23739,2022-03-15 01:00:00,40.634075,-74.12308,4,0,Backing Unsafely,4515800,15.8,3.2,0.0,0.0,0.0,0.0,3,21.5,36.4,211,Overcast,4,4,
23740,2022-03-30 00:40:00,40.70618,-73.786064,0,0,Driver Inattention/Distraction,4514776,5.9,-3.5,0.0,0.0,0.0,0.0,3,17.0,30.6,215,Overcast,0,0,
23741,2022-03-31 17:07:00,40.633488,-73.97459,1,0,Unspecified,4515553,19.0,3.5,12.0,12.0,0.0,4.0,65,37.8,67.3,194,Rain: Heavy,1,1,
23742,2022-03-31 06:20:00,40.835968,-73.87,0,0,Driver Inattention/Distraction,4515069,19.0,3.5,12.0,12.0,0.0,4.0,65,37.8,67.3,194,Rain: Heavy,0,0,
23743,2022-03-29 07:55:00,40.575573,-73.99432,1,0,Failure to Yield Right-of-Way,4515793,3.3,-5.2,0.0,0.0,0.0,0.0,2,29.3,54.4,311,Partly cloudy,1,1,
23744,2022-03-26 21:45:00,40.769157,-73.92626,0,0,Failure to Yield Right-of-Way,4515318,10.1,4.9,6.1,5.8,0.21,8.0,71,21.6,41.0,251,Snow fall: Light,0,0,Snowy Conditions
23745,2022-03-30 20:16:00,40.644707,-73.90183,1,0,Driver Inattention/Distraction,4514953,5.9,-3.5,0.0,0.0,0.0,0.0,3,17.0,30.6,215,Overcast,1,1,
23746,2022-03-30 00:12:00,40.635513,-73.98085,1,0,Backing Unsafely,4515575,5.9,-3.5,0.0,0.0,0.0,0.0,3,17.0,30.6,215,Overcast,1,1,
23747,2022-03-25 14:28:00,40.698837,-73.91407,0,0,Unspecified,4515624,15.6,5.3,5.7,5.7,0.0,4.0,63,27.6,52.2,274,Rain: Moderate,0,0,
23748,2022-03-31 18:35:00,40.704002,-73.85593,1,0,Following Too Closely,4515759,19.0,3.5,12.0,12.0,0.0,4.0,65,37.8,67.3,194,Rain: Heavy,1,1,
23749,2022-04-01 01:30:00,40.71602,-73.79671,0,0,Driver Inattention/Distraction,4515858,15.2,5.3,1.4,1.4,0.0,8.0,51,33.1,61.9,277,Drizzle: Light,0,0,
23750,2022-03-30 18:27:00,40.730118,-73.86232,1,0,Driver Inattention/Distraction,4514974,5.9,-3.5,0.0,0.0,0.0,0.0,3,17.0,30.6,215,Overcast,1,1,
23751,2022-03-30 17:15:00,40.86536,-73.87043,0,0,Passing Too Closely,4515290,5.9,-3.5,0.0,0.0,0.0,0.0,3,17.0,30.6,215,Overcast,0,0,
23752,2022-04-01 03:16:00,40.71958,-73.83978,0,0,Alcohol Involvement,4515303,15.2,5.3,1.4,1.4,0.0,8.0,51,33.1,61.9,277,Drizzle: Light,0,0,
23753,2022-03-31 10:50:00,40.67513,-73.89773,1,0,Unsafe Speed,4515093,19.0,3.5,12.0,12.0,0.0,4.0,65,37.8,67.3,194,Rain: Heavy,1,1,
23754,2022-03-23 17:25:00,40.791843,-73.94447,2,0,Driver Inexperience,4515500,8.4,1.3,2.2,2.2,0.0,3.0,55,19.6,34.6,73,Drizzle: Dense,2,2,
23755,2022-03-30 18:00:00,40.707573,-73.8362,0,0,Following Too Closely,4515028,5.9,-3.5,0.0,0.0,0.0,0.0,3,17.0,30.6,215,Overcast,0,0,
23756,2022-04-01 16:45:00,40.6462,-73.93175,1,0,Driver Inattention/Distraction,4515653,15.2,5.3,1.4,1.4,0.0,8.0,51,33.1,61.9,277,Drizzle: Light,1,1,
23757,2021-05-26 19:48:00,0.0,0.0,0,0,Texting,4420696,29.5,17.4,0.1,0.1,0.0,1.0,51,23.4,45.7,210,Drizzle: Light,0,0,
23758,2022-03-31 06:47:00,40.733974,-73.9993,0,0,Driver Inattention/Distraction,4515081,19.0,3.5,12.0,12.0,0.0,4.0,65,37.8,67.3,194,Rain: Heavy,0,0,
23759,2022-03-30 10:57:00,40.6758,-73.98742,0,0,Driver Inattention/Distraction,4514799,5.9,-3.5,0.0,0.0,0.0,0.0,3,17.0,30.6,215,Overcast,0,0,
23760,2022-04-01 10:28:00,40.6848,-73.9138,1,0,Driver Inattention/Distraction,4515367,15.2,5.3,1.4,1.4,0.0,8.0,51,33.1,61.9,277,Drizzle: Light,1,1,
23761,2022-03-30 00:00:00,40.73444,-73.72179,0,0,Following Too Closely,4514849,5.9,-3.5,0.0,0.0,0.0,0.0,3,17.0,30.6,215,Overcast,0,0,
23762,2022-03-30 22:19:00,40.747295,-73.87815,1,0,,4514922,5.9,-3.5,0.0,0.0,0.0,0.0,3,17.0,30.6,215,Overcast,1,1,
23763,2022-03-30 15:50:00,40.667076,-73.99508,0,0,Other Vehicular,4515220,5.9,-3.5,0.0,0.0,0.0,0.0,3,17.0,30.6,215,Overcast,0,0,
23764,2022-03-31 09:47:00,0.0,0.0,0,0,Passing or Lane Usage Improper,4515935,19.0,3.5,12.0,12.0,0.0,4.0,65,37.8,67.3,194,Rain: Heavy,0,0,
23765,2022-03-30 12:10:00,40.594646,-73.956566,0,0,Following Too Closely,4515362,5.9,-3.5,0.0,0.0,0.0,0.0,3,17.0,30.6,215,Overcast,0,0,
23766,2022-03-31 21:29:00,40.84543,-73.91399,1,0,Failure to Yield Right-of-Way,4515270,19.0,3.5,12.0,12.0,0.0,4.0,65,37.8,67.3,194,Rain: Heavy,1,1,
23767,2022-03-31 08:00:00,40.67816,-73.897484,0,0,Unspecified,4515018,19.0,3.5,12.0,12.0,0.0,4.0,65,37.8,67.3,194,Rain: Heavy,0,0,
23768,2022-03-31 16:20:00,40.7362,-73.9352,1,0,Driver Inattention/Distraction,4515141,19.0,3.5,12.0,12.0,0.0,4.0,65,37.8,67.3,194,Rain: Heavy,1,1,
23769,2022-03-31 22:48:00,40.763893,-73.96436,0,0,Driver Inexperience,4515228,19.0,3.5,12.0,12.0,0.0,4.0,65,37.8,67.3,194,Rain: Heavy,0,0,
23770,2022-04-01 18:30:00,40.678646,-73.75432,1,0,Turning Improperly,4515394,15.2,5.3,1.4,1.4,0.0,8.0,51,33.1,61.9,277,Drizzle: Light,1,1,
23771,2022-03-30 17:30:00,40.698254,-73.86939,0,0,Following Too Closely,4514874,5.9,-3.5,0.0,0.0,0.0,0.0,3,17.0,30.6,215,Overcast,0,0,
23772,2022-03-30 09:00:00,40.81915,-73.93062,0,0,Reaction to Uninvolved Vehicle,4514904,5.9,-3.5,0.0,0.0,0.0,0.0,3,17.0,30.6,215,Overcast,0,0,
23773,2022-03-31 05:38:00,40.706825,-73.93501,1,0,Driver Inattention/Distraction,4515192,19.0,3.5,12.0,12.0,0.0,4.0,65,37.8,67.3,194,Rain: Heavy,1,1,
23774,2022-03-30 07:30:00,40.687164,-73.99727,0,0,Unspecified,4514822,5.9,-3.5,0.0,0.0,0.0,0.0,3,17.0,30.6,215,Overcast,0,0,
23775,2022-03-31 11:30:00,40.631798,-74.13224,0,0,Driver Inattention/Distraction,4515124,19.0,3.5,12.0,12.0,0.0,4.0,65,37.8,67.3,194,Rain: Heavy,0,0,
23776,2022-04-01 21:19:00,40.723198,-73.73358,2,0,Driver Inexperience,4515421,15.2,5.3,1.4,1.4,0.0,8.0,51,33.1,61.9,277,Drizzle: Light,2,2,
23777,2022-04-01 23:53:00,40.679974,-73.77622,0,0,Unspecified,4515438,15.2,5.3,1.4,1.4,0.0,8.0,51,33.1,61.9,277,Drizzle: Light,0,0,
23778,2022-03-30 10:11:00,40.826397,-73.92116,0,0,Unspecified,4515039,5.9,-3.5,0.0,0.0,0.0,0.0,3,17.0,30.6,215,Overcast,0,0,
23779,2022-04-01 12:05:00,40.793377,-73.97086,0,0,Following Too Closely,4515887,15.2,5.3,1.4,1.4,0.0,8.0,51,33.1,61.9,277,Drizzle: Light,0,0,
23780,2022-03-29 15:00:00,40.71848,-73.94824,0,0,Unspecified,4515978,3.3,-5.2,0.0,0.0,0.0,0.0,2,29.3,54.4,311,Partly cloudy,0,0,
23781,2022-03-30 00:00:00,40.854767,-73.83128,1,0,Other Vehicular,4515062,5.9,-3.5,0.0,0.0,0.0,0.0,3,17.0,30.6,215,Overcast,1,1,
23782,2022-04-01 16:18:00,40.620304,-73.97981,1,0,Unspecified,4515580,15.2,5.3,1.4,1.4,0.0,8.0,51,33.1,61.9,277,Drizzle: Light,1,1,
23783,2022-04-01 15:45:00,40.815662,-73.90624,2,0,Driver Inattention/Distraction,4515389,15.2,5.3,1.4,1.4,0.0,8.0,51,33.1,61.9,277,Drizzle: Light,2,2,
23784,2022-03-31 16:40:00,40.72482,-73.948265,0,0,Passing Too Closely,4515265,19.0,3.5,12.0,12.0,0.0,4.0,65,37.8,67.3,194,Rain: Heavy,0,0,
23785,2022-03-24 06:45:00,40.72066,-73.7472,1,0,Failure to Yield Right-of-Way,4515322,9.9,3.5,21.4,21.4,0.0,16.0,63,27.2,50.8,57,Rain: Moderate,1,1,
23786,2022-03-28 15:11:00,40.64231,-73.93327,0,0,Unspecified,4515631,0.0,-5.2,0.3,0.0,0.21,3.0,71,31.3,59.0,303,Snow fall: Light,0,0,Snowy Conditions
23787,2022-03-31 03:33:00,40.756172,-73.87961,0,0,Alcohol Involvement,4515112,19.0,3.5,12.0,12.0,0.0,4.0,65,37.8,67.3,194,Rain: Heavy,0,0,
23788,2022-03-24 08:20:00,40.80016,-73.946846,0,0,Driver Inattention/Distraction,4515664,9.9,3.5,21.4,21.4,0.0,16.0,63,27.2,50.8,57,Rain: Moderate,0,0,
23789,2022-03-31 06:30:00,40.665257,-73.92291,0,0,Unspecified,4515181,19.0,3.5,12.0,12.0,0.0,4.0,65,37.8,67.3,194,Rain: Heavy,0,0,
23790,2022-03-28 23:40:00,40.64316,-74.01922,1,0,Following Too Closely,4515431,0.0,-5.2,0.3,0.0,0.21,3.0,71,31.3,59.0,303,Snow fall: Light,1,1,Snowy Conditions
23791,2022-03-30 00:00:00,40.845108,-73.913025,1,0,Failure to Yield Right-of-Way,4514947,5.9,-3.5,0.0,0.0,0.0,0.0,3,17.0,30.6,215,Overcast,1,1,
23792,2022-03-31 06:06:00,40.80534,-73.92095,0,0,Unsafe Lane Changing,4514965,19.0,3.5,12.0,12.0,0.0,4.0,65,37.8,67.3,194,Rain: Heavy,0,0,
23793,2022-04-01 22:39:00,40.862297,-73.89842,0,0,Unspecified,4515464,15.2,5.3,1.4,1.4,0.0,8.0,51,33.1,61.9,277,Drizzle: Light,0,0,
23794,2022-04-01 08:40:00,40.638264,-74.021095,0,0,Unspecified,4515294,15.2,5.3,1.4,1.4,0.0,8.0,51,33.1,61.9,277,Drizzle: Light,0,0,
23795,2022-02-10 09:45:00,40.733707,-73.9882,1,0,Backing Unsafely,4515560,10.8,-0.2,0.0,0.0,0.0,0.0,3,32.6,59.4,244,Overcast,1,1,
23796,2022-03-30 15:00:00,40.801,-73.91371,0,0,Driver Inattention/Distraction,4514913,5.9,-3.5,0.0,0.0,0.0,0.0,3,17.0,30.6,215,Overcast,0,0,
23797,2022-03-31 12:40:00,40.82676,-73.937584,1,0,Other Vehicular,4515299,19.0,3.5,12.0,12.0,0.0,4.0,65,37.8,67.3,194,Rain: Heavy,1,1,
23798,2022-04-01 12:49:00,40.736103,-73.99354,0,0,Following Too Closely,4515426,15.2,5.3,1.4,1.4,0.0,8.0,51,33.1,61.9,277,Drizzle: Light,0,0,
23799,2022-04-01 15:55:00,40.7517,-73.986404,0,0,Driver Inattention/Distraction,4515595,15.2,5.3,1.4,1.4,0.0,8.0,51,33.1,61.9,277,Drizzle: Light,0,0,
23800,2022-03-28 11:56:00,40.755234,-73.941246,0,0,Brakes Defective,4515928,0.0,-5.2,0.3,0.0,0.21,3.0,71,31.3,59.0,303,Snow fall: Light,0,0,Snowy Conditions
23801,2022-03-30 16:46:00,40.65978,-73.88292,0,0,Unspecified,4515011,5.9,-3.5,0.0,0.0,0.0,0.0,3,17.0,30.6,215,Overcast,0,0,
23802,2022-03-26 15:10:00,40.570835,-74.16983,0,0,Driver Inattention/Distraction,4515343,10.1,4.9,6.1,5.8,0.21,8.0,71,21.6,41.0,251,Snow fall: Light,0,0,Snowy Conditions
23803,2022-03-30 18:00:00,40.63529,-73.958206,0,0,Unspecified,4515730,5.9,-3.5,0.0,0.0,0.0,0.0,3,17.0,30.6,215,Overcast,0,0,
23804,2022-03-31 23:30:00,40.717033,-73.8221,1,0,Unsafe Lane Changing,4515216,19.0,3.5,12.0,12.0,0.0,4.0,65,37.8,67.3,194,Rain: Heavy,1,1,
23805,2022-03-30 12:40:00,40.744236,-73.92798,0,0,Driver Inattention/Distraction,4514878,5.9,-3.5,0.0,0.0,0.0,0.0,3,17.0,30.6,215,Overcast,0,0,
23806,2022-03-31 18:00:00,40.648335,-73.91366,0,0,Backing Unsafely,4515644,19.0,3.5,12.0,12.0,0.0,4.0,65,37.8,67.3,194,Rain: Heavy,0,0,
23807,2022-03-31 10:16:00,40.675735,-73.89686,0,0,Driver Inattention/Distraction,4515737,19.0,3.5,12.0,12.0,0.0,4.0,65,37.8,67.3,194,Rain: Heavy,0,0,
23808,2022-04-01 01:30:00,40.62884,-74.07428,0,0,,4515817,15.2,5.3,1.4,1.4,0.0,8.0,51,33.1,61.9,277,Drizzle: Light,0,0,
23809,2022-03-31 06:40:00,40.751442,-73.97606,0,0,Driver Inattention/Distraction,4515131,19.0,3.5,12.0,12.0,0.0,4.0,65,37.8,67.3,194,Rain: Heavy,0,0,
23810,2022-04-01 14:20:00,40.593796,-74.135445,0,0,Unspecified,4515399,15.2,5.3,1.4,1.4,0.0,8.0,51,33.1,61.9,277,Drizzle: Light,0,0,
23811,2022-03-30 12:40:00,40.696823,-73.91487,0,0,Passing Too Closely,4514983,5.9,-3.5,0.0,0.0,0.0,0.0,3,17.0,30.6,215,Overcast,0,0,
23812,2022-09-09 15:25:00,40.818516,-73.89442,0,0,Oversized Vehicle,4566966,26.3,16.3,0.0,0.0,0.0,0.0,0,11.8,23.8,63,Clear sky,0,0,Sunny/Clear Conditions
23813,2022-03-31 16:30:00,40.633343,-74.13655,0,0,Backing Unsafely,4515342,19.0,3.5,12.0,12.0,0.0,4.0,65,37.8,67.3,194,Rain: Heavy,0,0,
23814,2022-03-30 23:12:00,40.609024,-73.96763,0,0,Driver Inattention/Distraction,4514918,5.9,-3.5,0.0,0.0,0.0,0.0,3,17.0,30.6,215,Overcast,0,0,
23815,2022-03-30 18:00:00,40.702255,-73.92008,1,0,Passing Too Closely,4514984,5.9,-3.5,0.0,0.0,0.0,0.0,3,17.0,30.6,215,Overcast,1,1,
23816,2022-03-29 18:29:00,40.75175,-74.007935,1,0,Unsafe Lane Changing,4515686,3.3,-5.2,0.0,0.0,0.0,0.0,2,29.3,54.4,311,Partly cloudy,1,1,
23817,2022-03-31 17:00:00,40.822704,-73.86755,0,0,Passing or Lane Usage Improper,4515357,19.0,3.5,12.0,12.0,0.0,4.0,65,37.8,67.3,194,Rain: Heavy,0,0,
23818,2022-03-31 01:50:00,40.634575,-73.97246,0,0,Unspecified,4514959,19.0,3.5,12.0,12.0,0.0,4.0,65,37.8,67.3,194,Rain: Heavy,0,0,
23819,2022-03-31 12:52:00,40.569218,-74.111015,0,0,Unspecified,4515169,19.0,3.5,12.0,12.0,0.0,4.0,65,37.8,67.3,194,Rain: Heavy,0,0,
23820,2022-03-14 17:20:00,40.814144,-73.95571,0,0,Unspecified,4515374,13.1,-2.4,0.0,0.0,0.0,0.0,3,21.0,36.4,226,Overcast,0,0,
23821,2022-03-30 06:00:00,40.77146,-73.994354,0,0,Pedestrian/Bicyclist/Other Pedestrian Error/Confusion,4514686,5.9,-3.5,0.0,0.0,0.0,0.0,3,17.0,30.6,215,Overcast,0,0,
23822,2022-03-26 17:09:00,40.721363,-73.84808,1,0,Passing or Lane Usage Improper,4515457,10.1,4.9,6.1,5.8,0.21,8.0,71,21.6,41.0,251,Snow fall: Light,1,1,Snowy Conditions
23823,2022-04-01 07:01:00,40.69632,-73.960625,8,0,Driver Inattention/Distraction,4515478,15.2,5.3,1.4,1.4,0.0,8.0,51,33.1,61.9,277,Drizzle: Light,8,8,
23824,2022-03-30 06:35:00,40.73868,-73.85793,0,0,Alcohol Involvement,4515253,5.9,-3.5,0.0,0.0,0.0,0.0,3,17.0,30.6,215,Overcast,0,0,
23825,2022-03-30 10:45:00,40.731693,-73.72301,1,0,Following Too Closely,4514900,5.9,-3.5,0.0,0.0,0.0,0.0,3,17.0,30.6,215,Overcast,1,1,
23826,2022-03-31 11:36:00,40.6087,-73.97404,0,0,Turning Improperly,4515106,19.0,3.5,12.0,12.0,0.0,4.0,65,37.8,67.3,194,Rain: Heavy,0,0,
23827,2022-03-31 15:22:00,40.71162,-74.007225,0,0,Oversized Vehicle,4515248,19.0,3.5,12.0,12.0,0.0,4.0,65,37.8,67.3,194,Rain: Heavy,0,0,
23828,2022-03-30 20:30:00,40.795456,-73.96564,0,0,Unspecified,4515231,5.9,-3.5,0.0,0.0,0.0,0.0,3,17.0,30.6,215,Overcast,0,0,
23829,2022-03-30 12:20:00,40.66555,-73.74239,1,0,Lost Consciousness,4515146,5.9,-3.5,0.0,0.0,0.0,0.0,3,17.0,30.6,215,Overcast,1,1,
23830,2022-04-01 18:15:00,40.7247,-74.00932,0,0,Brakes Defective,4515398,15.2,5.3,1.4,1.4,0.0,8.0,51,33.1,61.9,277,Drizzle: Light,0,0,
23831,2022-03-30 06:15:00,40.839405,-73.858574,0,0,Unsafe Lane Changing,4514740,5.9,-3.5,0.0,0.0,0.0,0.0,3,17.0,30.6,215,Overcast,0,0,
23832,2022-03-31 14:10:00,40.68372,-74.00334,1,0,Unspecified,4515175,19.0,3.5,12.0,12.0,0.0,4.0,65,37.8,67.3,194,Rain: Heavy,1,1,
23833,2022-03-30 18:53:00,40.74743,-73.925476,1,0,Driver Inattention/Distraction,4514877,5.9,-3.5,0.0,0.0,0.0,0.0,3,17.0,30.6,215,Overcast,1,1,
23834,2022-03-25 20:00:00,40.710903,-73.992096,0,0,Unspecified,4515326,15.6,5.3,5.7,5.7,0.0,4.0,63,27.6,52.2,274,Rain: Moderate,0,0,
23835,2022-03-30 23:43:00,40.872322,-73.90659,0,0,Unsafe Speed,4514960,5.9,-3.5,0.0,0.0,0.0,0.0,3,17.0,30.6,215,Overcast,0,0,
23836,2022-09-21 15:18:00,40.764763,-73.79469,0,0,Driver Inexperience,4566149,26.5,16.0,0.0,0.0,0.0,0.0,3,19.4,36.7,252,Overcast,0,0,
23837,2021-09-29 11:15:00,40.677357,-73.88687,1,0,,4463797,19.9,11.3,0.0,0.0,0.0,0.0,3,20.6,41.8,331,Overcast,1,1,
23838,2022-04-01 10:20:00,40.71143,-73.72845,0,0,Following Too Closely,4515385,15.2,5.3,1.4,1.4,0.0,8.0,51,33.1,61.9,277,Drizzle: Light,0,0,
23839,2022-04-01 12:30:00,40.744747,-73.99717,0,0,Failure to Yield Right-of-Way,4515716,15.2,5.3,1.4,1.4,0.0,8.0,51,33.1,61.9,277,Drizzle: Light,0,0,
23840,2022-03-31 18:28:00,40.7042,-73.815254,1,0,Unspecified,4515202,19.0,3.5,12.0,12.0,0.0,4.0,65,37.8,67.3,194,Rain: Heavy,1,1,
23841,2022-04-01 15:20:00,40.69831,-73.9498,0,0,Driver Inattention/Distraction,4515480,15.2,5.3,1.4,1.4,0.0,8.0,51,33.1,61.9,277,Drizzle: Light,0,0,
23842,2022-04-01 17:48:00,40.690926,-73.92066,0,0,Driver Inexperience,4515687,15.2,5.3,1.4,1.4,0.0,8.0,51,33.1,61.9,277,Drizzle: Light,0,0,
23843,2022-04-01 16:00:00,40.754807,-73.91688,0,0,Driver Inattention/Distraction,4515504,15.2,5.3,1.4,1.4,0.0,8.0,51,33.1,61.9,277,Drizzle: Light,0,0,
23844,2022-03-20 03:51:00,40.81447,-73.94577,0,0,Driver Inattention/Distraction,4515984,14.8,6.9,0.1,0.1,0.0,1.0,51,27.0,49.0,284,Drizzle: Light,0,0,
23845,2022-03-30 13:58:00,40.669777,-73.910065,0,0,Failure to Yield Right-of-Way,4514914,5.9,-3.5,0.0,0.0,0.0,0.0,3,17.0,30.6,215,Overcast,0,0,
23846,2021-12-22 10:37:00,40.830624,-73.85206,2,0,Unsafe Lane Changing,4489121,8.1,-0.0,4.2,4.2,0.0,9.0,61,26.7,47.9,313,Rain: Light,2,2,
23847,2021-12-22 18:30:00,40.87004,-73.8997,1,0,Failure to Yield Right-of-Way,4490561,8.1,-0.0,4.2,4.2,0.0,9.0,61,26.7,47.9,313,Rain: Light,1,1,
23848,2021-11-27 21:20:00,40.729084,-73.97828,2,0,,4490533,4.4,0.0,0.0,0.0,0.0,0.0,3,28.5,56.5,295,Overcast,2,2,
23849,2021-12-21 12:35:00,40.87125,-73.85662,2,0,Failure to Yield Right-of-Way,4490496,5.7,-2.4,0.0,0.0,0.0,0.0,3,13.6,24.5,228,Overcast,2,2,
23850,2021-12-15 16:38:00,40.764614,-73.95833,1,0,Driver Inattention/Distraction,4490560,10.3,1.8,1.0,1.0,0.0,6.0,51,20.6,38.2,104,Drizzle: Light,1,1,
23851,2021-11-01 18:18:00,40.812134,-73.95178,0,0,Driver Inattention/Distraction,4490505,14.4,8.0,0.0,0.0,0.0,0.0,3,20.7,38.5,278,Overcast,0,0,
23852,2021-12-27 10:45:00,40.72972,-73.980865,0,0,Driver Inattention/Distraction,4490534,2.7,-1.4,2.1,0.8,0.91,5.0,73,13.5,23.0,10,Snow fall: Moderate,0,0,Snowy Conditions
23853,2021-12-23 16:03:00,40.814167,-73.947,0,0,Following Too Closely,4490506,2.1,-2.3,0.0,0.0,0.0,0.0,3,20.1,35.6,299,Overcast,0,0,
23854,2022-04-01 06:15:00,40.736916,-73.85429,0,0,Driver Inattention/Distraction,4515327,15.2,5.3,1.4,1.4,0.0,8.0,51,33.1,61.9,277,Drizzle: Light,0,0,