,CRASH DATETIME,LATITUDE,LONGITUDE,NUMBER OF PERSONS INJURED,NUMBER OF PERSONS KILLED,CONTRIBUTING FACTOR VEHICLE 1,COLLISION_ID,temperature_2m_max,temperature_2m_min,precipitation_sum,rain_sum,snowfall_sum,precipitation_hours,weather_code,wind_speed_10m_max,wind_gusts_10m_max,wind_direction_10m_dominant,Weather Description,Severity_Score,Total_Affected_Persons,Weather_Category
23855,2022-03-30 15:20:00,40.61292,-74.099884,0,0,Driver Inattention/Distraction,4515130,5.9,-3.5,0.0,0.0,0.0,0.0,3,17.0,30.6,215,Overcast,0,0,
23856,2021-05-27 01:55:00,40.657753,-73.89612,1,0,Unsafe Speed,4420880,27.4,18.3,2.4,2.4,0.0,3.0,61,23.5,42.1,313,Rain: Light,1,1,
23857,2020-11-09 21:38:00,40.8399,-73.87562,1,0,Driver Inexperience,4366097,21.2,7.5,0.0,0.0,0.0,0.0,0,9.0,15.1,265,Clear sky,1,1,Sunny/Clear Conditions
23858,2021-06-03 17:51:00,40.694687,-73.95521,1,0,Unsafe Speed,4428626,23.0,13.2,11.9,11.9,0.0,10.0,63,13.6,38.9,165,Rain: Moderate,1,1,
23859,2022-04-01 22:03:00,40.752155,-73.89995,1,0,Traffic Control Disregarded,4515489,15.2,5.3,1.4,1.4,0.0,8.0,51,33.1,61.9,277,Drizzle: Light,1,1,
23860,2022-03-31 05:00:00,40.73136,-73.95708,0,0,Backing Unsafely,4514937,19.0,3.5,12.0,12.0,0.0,4.0,65,37.8,67.3,194,Rain: Heavy,0,0,
23861,2021-09-16 19:57:00,40.71582,-73.80799,2,0,Following Too Closely,4458163,23.9,19.1,4.0,4.0,0.0,10.0,55,18.8,37.8,38,Drizzle: Dense,2,2,
23862,2021-09-18 14:10:00,40.65616,-73.76736,2,0,Unspecified,4458600,27.1,19.2,0.2,0.2,0.0,2.0,51,14.6,25.9,349,Drizzle: Light,2,2,
23863,2021-09-24 17:00:00,40.708805,-73.92577,2,0,Driver Inattention/Distraction,4460921,22.4,15.6,26.0,26.0,0.0,9.0,63,14.2,29.9,274,Rain: Moderate,2,2,
23864,2021-12-27 19:40:00,40.815975,-73.91102,1,0,Unspecified,4490106,2.7,-1.4,2.1,0.8,0.91,5.0,73,13.5,23.0,10,Snow fall: Moderate,1,1,Snowy Conditions
23865,2021-12-25 01:45:00,40.59654,-73.76748,0,0,Unspecified,4490401,8.8,0.5,6.1,6.1,0.0,14.0,55,14.5,24.8,284,Drizzle: Dense,0,0,
23866,2021-12-27 23:30:00,40.66968,-73.91075,0,0,Other Vehicular,4490232,2.7,-1.4,2.1,0.8,0.91,5.0,73,13.5,23.0,10,Snow fall: Moderate,0,0,Snowy Conditions
23867,2021-12-27 01:35:00,40.74833,-73.896095,1,0,Driver Inexperience,4489737,2.7,-1.4,2.1,0.8,0.91,5.0,73,13.5,23.0,10,Snow fall: Moderate,1,1,Snowy Conditions
23868,2021-12-27 12:15:00,40.71042,-73.85964,2,0,Driver Inattention/Distraction,4490181,2.7,-1.4,2.1,0.8,0.91,5.0,73,13.5,23.0,10,Snow fall: Moderate,2,2,Snowy Conditions
23869,2021-12-24 09:00:00,40.672688,-73.73544,0,0,Unsafe Lane Changing,4490461,5.7,-1.1,1.0,0.0,0.7,5.0,73,12.4,21.6,73,Snow fall: Moderate,0,0,Snowy Conditions
23870,2021-12-27 02:20:00,40.69248,-73.785034,0,0,Unsafe Speed,4490297,2.7,-1.4,2.1,0.8,0.91,5.0,73,13.5,23.0,10,Snow fall: Moderate,0,0,Snowy Conditions
23871,2021-12-27 08:50:00,40.673965,-73.99998,0,0,Brakes Defective,4489924,2.7,-1.4,2.1,0.8,0.91,5.0,73,13.5,23.0,10,Snow fall: Moderate,0,0,Snowy Conditions
23872,2021-12-27 23:00:00,40.835808,-73.949455,1,0,Pavement Slippery,4490310,2.7,-1.4,2.1,0.8,0.91,5.0,73,13.5,23.0,10,Snow fall: Moderate,1,1,Snowy Conditions
23873,2021-12-27 00:09:00,40.684204,-73.85858,0,0,Outside Car Distraction,4489954,2.7,-1.4,2.1,0.8,0.91,5.0,73,13.5,23.0,10,Snow fall: Moderate,0,0,Snowy Conditions
23874,2021-12-27 17:49:00,40.6419,-73.95946,0,0,Driver Inattention/Distraction,4490082,2.7,-1.4,2.1,0.8,0.91,5.0,73,13.5,23.0,10,Snow fall: Moderate,0,0,Snowy Conditions
23875,2021-12-20 05:54:00,40.882465,-73.915794,1,0,Following Too Closely,4490408,1.8,-4.4,0.0,0.0,0.0,0.0,2,17.9,32.8,282,Partly cloudy,1,1,
23876,2021-12-25 17:00:00,40.586353,-73.815674,0,0,Unspecified,4490425,8.8,0.5,6.1,6.1,0.0,14.0,55,14.5,24.8,284,Drizzle: Dense,0,0,
23877,2021-12-27 00:32:00,40.622665,-73.95478,0,0,Driver Inattention/Distraction,4490467,2.7,-1.4,2.1,0.8,0.91,5.0,73,13.5,23.0,10,Snow fall: Moderate,0,0,Snowy Conditions
23878,2021-12-25 03:30:00,40.62368,-73.99772,1,0,Failure to Yield Right-of-Way,4490490,8.8,0.5,6.1,6.1,0.0,14.0,55,14.5,24.8,284,Drizzle: Dense,1,1,
23879,2021-12-27 21:30:00,40.69142,-73.866516,0,0,Passing Too Closely,4490059,2.7,-1.4,2.1,0.8,0.91,5.0,73,13.5,23.0,10,Snow fall: Moderate,0,0,Snowy Conditions
23880,2021-12-27 17:55:00,40.729034,-73.74387,1,0,Pedestrian/Bicyclist/Other Pedestrian Error/Confusion,4490048,2.7,-1.4,2.1,0.8,0.91,5.0,73,13.5,23.0,10,Snow fall: Moderate,1,1,Snowy Conditions
23881,2021-12-27 13:47:00,40.861115,-73.85491,0,0,Driver Inattention/Distraction,4490026,2.7,-1.4,2.1,0.8,0.91,5.0,73,13.5,23.0,10,Snow fall: Moderate,0,0,Snowy Conditions
23882,2021-12-27 22:35:00,40.66618,-73.74059,1,0,Following Too Closely,4490076,2.7,-1.4,2.1,0.8,0.91,5.0,73,13.5,23.0,10,Snow fall: Moderate,1,1,Snowy Conditions
23883,2021-12-27 10:45:00,40.661705,-73.73456,0,0,Unspecified,4489985,2.7,-1.4,2.1,0.8,0.91,5.0,73,13.5,23.0,10,Snow fall: Moderate,0,0,Snowy Conditions
23884,2021-12-27 14:53:00,40.87316,-73.87476,1,0,Illnes,4490269,2.7,-1.4,2.1,0.8,0.91,5.0,73,13.5,23.0,10,Snow fall: Moderate,1,1,Snowy Conditions
23885,2021-12-27 15:37:00,40.637356,-74.03127,0,0,Driver Inattention/Distraction,4490335,2.7,-1.4,2.1,0.8,0.91,5.0,73,13.5,23.0,10,Snow fall: Moderate,0,0,Snowy Conditions
23886,2021-10-01 15:05:00,40.746338,-73.95291,0,0,Driver Inattention/Distraction,4463055,19.4,9.5,0.0,0.0,0.0,0.0,0,13.8,28.1,302,Clear sky,0,0,Sunny/Clear Conditions
23887,2021-09-27 08:21:00,40.678165,-73.962234,1,0,Driver Inattention/Distraction,4463478,25.9,14.6,0.0,0.0,0.0,0.0,3,24.1,45.0,233,Overcast,1,1,
23888,2021-09-29 18:35:00,40.734314,-73.93803,1,0,Failure to Yield Right-of-Way,4462300,19.9,11.3,0.0,0.0,0.0,0.0,3,20.6,41.8,331,Overcast,1,1,
23889,2021-09-30 13:20:00,40.656616,-73.89027,1,0,Unspecified,4463786,18.8,13.1,0.0,0.0,0.0,0.0,3,18.1,37.4,330,Overcast,1,1,
23890,2021-10-01 21:40:00,40.835037,-73.928185,0,0,Unspecified,4463328,19.4,9.5,0.0,0.0,0.0,0.0,0,13.8,28.1,302,Clear sky,0,0,Sunny/Clear Conditions
23891,2021-10-01 13:30:00,40.55968,-74.1066,1,0,Backing Unsafely,4463039,19.4,9.5,0.0,0.0,0.0,0.0,0,13.8,28.1,302,Clear sky,1,1,Sunny/Clear Conditions
23892,2021-12-22 10:00:00,40.72083,-73.855316,0,0,Driver Inattention/Distraction,4490432,8.1,-0.0,4.2,4.2,0.0,9.0,61,26.7,47.9,313,Rain: Light,0,0,
23893,2021-09-29 17:05:00,40.707893,-73.84889,0,0,Driver Inexperience,4462411,19.9,11.3,0.0,0.0,0.0,0.0,3,20.6,41.8,331,Overcast,0,0,
23894,2021-09-28 13:00:00,40.685112,-73.94717,0,0,Driver Inattention/Distraction,4463230,22.1,16.3,12.4,12.4,0.0,9.0,63,19.2,38.5,264,Rain: Moderate,0,0,
23895,2021-09-29 16:30:00,40.69242,-73.85151,0,0,Driver Inattention/Distraction,4462354,19.9,11.3,0.0,0.0,0.0,0.0,3,20.6,41.8,331,Overcast,0,0,
23896,2021-09-30 09:50:00,40.8594,-73.87257,0,0,Following Too Closely,4462889,18.8,13.1,0.0,0.0,0.0,0.0,3,18.1,37.4,330,Overcast,0,0,
23897,2021-09-30 07:42:00,40.817387,-73.92277,0,0,Unspecified,4462749,18.8,13.1,0.0,0.0,0.0,0.0,3,18.1,37.4,330,Overcast,0,0,
23898,2021-10-01 00:20:00,40.61415,-73.94817,1,0,Unspecified,4463406,19.4,9.5,0.0,0.0,0.0,0.0,0,13.8,28.1,302,Clear sky,1,1,Sunny/Clear Conditions
23899,2021-10-01 21:43:00,40.87617,-73.84904,2,0,Unsafe Speed,4463502,19.4,9.5,0.0,0.0,0.0,0.0,0,13.8,28.1,302,Clear sky,2,2,Sunny/Clear Conditions
23900,2021-09-30 21:19:00,40.750694,-73.971565,0,0,Driver Inattention/Distraction,4462730,18.8,13.1,0.0,0.0,0.0,0.0,3,18.1,37.4,330,Overcast,0,0,
23901,2021-10-01 10:00:00,40.56572,-74.129425,1,0,Failure to Yield Right-of-Way,4463038,19.4,9.5,0.0,0.0,0.0,0.0,0,13.8,28.1,302,Clear sky,1,1,Sunny/Clear Conditions
23902,2021-09-27 16:00:00,40.670074,-73.86581,0,0,Other Vehicular,4463781,25.9,14.6,0.0,0.0,0.0,0.0,3,24.1,45.0,233,Overcast,0,0,
23903,2021-09-29 22:00:00,40.71603,-73.81637,2,0,Driver Inattention/Distraction,4462619,19.9,11.3,0.0,0.0,0.0,0.0,3,20.6,41.8,331,Overcast,2,2,
23904,2021-09-27 09:30:00,40.72402,-73.992256,1,0,Alcohol Involvement,4463479,25.9,14.6,0.0,0.0,0.0,0.0,3,24.1,45.0,233,Overcast,1,1,
23905,2021-09-28 06:10:00,40.76591,-73.96341,0,0,Turning Improperly,4462928,22.1,16.3,12.4,12.4,0.0,9.0,63,19.2,38.5,264,Rain: Moderate,0,0,
23906,2021-09-30 22:15:00,40.71791,-73.95341,0,0,Driver Inattention/Distraction,4463875,18.8,13.1,0.0,0.0,0.0,0.0,3,18.1,37.4,330,Overcast,0,0,
23907,2021-10-01 05:45:00,40.811512,-73.89053,1,0,Oversized Vehicle,4463615,19.4,9.5,0.0,0.0,0.0,0.0,0,13.8,28.1,302,Clear sky,1,1,Sunny/Clear Conditions
23908,2021-10-01 07:20:00,40.841274,-73.91762,0,0,Passing or Lane Usage Improper,4462878,19.4,9.5,0.0,0.0,0.0,0.0,0,13.8,28.1,302,Clear sky,0,0,Sunny/Clear Conditions
23909,2021-10-01 18:29:00,40.83472,-73.93517,0,0,Other Vehicular,4463555,19.4,9.5,0.0,0.0,0.0,0.0,0,13.8,28.1,302,Clear sky,0,0,Sunny/Clear Conditions
23910,2021-09-04 01:40:00,40.839767,-73.905396,0,0,Passing or Lane Usage Improper,4454051,25.2,14.5,0.0,0.0,0.0,0.0,3,15.4,27.0,289,Overcast,0,0,
23911,2021-09-28 17:15:00,40.6762804,-73.8921621,0,0,Unspecified,4463766,22.1,16.3,12.4,12.4,0.0,9.0,63,19.2,38.5,264,Rain: Moderate,0,0,
23912,2021-10-01 17:37:00,40.734234,-73.86881,0,0,Driver Inattention/Distraction,4463266,19.4,9.5,0.0,0.0,0.0,0.0,0,13.8,28.1,302,Clear sky,0,0,Sunny/Clear Conditions
23913,2021-08-14 00:00:00,40.874435,-73.91006,1,0,Unspecified,4462965,31.3,24.2,2.5,2.5,0.0,5.0,55,16.9,32.8,286,Drizzle: Dense,1,1,
23914,2021-09-08 08:00:00,40.90799,-73.90381,0,0,Unspecified,4463085,26.4,19.6,0.7,0.7,0.0,6.0,51,26.7,55.8,187,Drizzle: Light,0,0,
23915,2021-09-29 14:34:00,40.63367,-74.12945,1,0,Driver Inexperience,4462329,19.9,11.3,0.0,0.0,0.0,0.0,3,20.6,41.8,331,Overcast,1,1,
23916,2021-09-30 23:25:00,40.703835,-73.757416,0,0,View Obstructed/Limited,4462891,18.8,13.1,0.0,0.0,0.0,0.0,3,18.1,37.4,330,Overcast,0,0,
23917,2021-09-30 19:00:00,40.746887,-73.8347,0,0,Failure to Yield Right-of-Way,4462756,18.8,13.1,0.0,0.0,0.0,0.0,3,18.1,37.4,330,Overcast,0,0,
23918,2021-09-30 16:59:00,40.67897,-73.75985,0,0,Backing Unsafely,4463653,18.8,13.1,0.0,0.0,0.0,0.0,3,18.1,37.4,330,Overcast,0,0,
23919,2021-09-30 01:31:00,40.821712,-73.90646,0,0,Unspecified,4462462,18.8,13.1,0.0,0.0,0.0,0.0,3,18.1,37.4,330,Overcast,0,0,
23920,2021-09-26 15:33:00,40.734245,-74.00756,0,0,Driver Inattention/Distraction,4462933,21.4,15.6,0.0,0.0,0.0,0.0,3,23.5,45.0,294,Overcast,0,0,
23921,2021-10-01 00:00:00,40.759132,-73.88697,0,0,Driver Inattention/Distraction,4462992,19.4,9.5,0.0,0.0,0.0,0.0,0,13.8,28.1,302,Clear sky,0,0,Sunny/Clear Conditions
23922,2021-09-30 16:40:00,40.75052,-73.940636,0,0,Driver Inattention/Distraction,4463232,18.8,13.1,0.0,0.0,0.0,0.0,3,18.1,37.4,330,Overcast,0,0,
23923,2021-09-30 18:46:00,40.675232,-73.88723,0,0,Unspecified,4463733,18.8,13.1,0.0,0.0,0.0,0.0,3,18.1,37.4,330,Overcast,0,0,
23924,2021-10-01 23:00:00,40.78468,-73.80911,0,0,Unspecified,4463174,19.4,9.5,0.0,0.0,0.0,0.0,0,13.8,28.1,302,Clear sky,0,0,Sunny/Clear Conditions
23925,2021-09-29 22:16:00,40.76317,-73.743195,0,0,Fatigued/Drowsy,4462564,19.9,11.3,0.0,0.0,0.0,0.0,3,20.6,41.8,331,Overcast,0,0,
23926,2021-09-30 14:20:00,40.73561,-73.79023,3,0,Failure to Yield Right-of-Way,4462655,18.8,13.1,0.0,0.0,0.0,0.0,3,18.1,37.4,330,Overcast,3,3,
23927,2021-09-29 00:22:00,40.622723,-73.96163,3,0,Unsafe Speed,4463840,19.9,11.3,0.0,0.0,0.0,0.0,3,20.6,41.8,331,Overcast,3,3,
23928,2021-09-30 20:42:00,40.64511,-73.874886,0,0,Following Too Closely,4463714,18.8,13.1,0.0,0.0,0.0,0.0,3,18.1,37.4,330,Overcast,0,0,
23929,2021-09-29 14:20:00,40.663967,-73.740105,0,0,Unspecified,4462701,19.9,11.3,0.0,0.0,0.0,0.0,3,20.6,41.8,331,Overcast,0,0,
23930,2021-09-24 12:08:00,40.759884,-73.9368,1,0,Driver Inattention/Distraction,4463186,22.4,15.6,26.0,26.0,0.0,9.0,63,14.2,29.9,274,Rain: Moderate,1,1,
23931,2021-10-01 16:40:00,40.704758,-74.01497,1,0,Driver Inattention/Distraction,4463847,19.4,9.5,0.0,0.0,0.0,0.0,0,13.8,28.1,302,Clear sky,1,1,Sunny/Clear Conditions
23932,2021-09-29 05:45:00,40.673874,-73.819855,0,0,Driver Inattention/Distraction,4462075,19.9,11.3,0.0,0.0,0.0,0.0,3,20.6,41.8,331,Overcast,0,0,
23933,2021-09-29 19:00:00,40.57526,-73.968895,1,0,Lost Consciousness,4463445,19.9,11.3,0.0,0.0,0.0,0.0,3,20.6,41.8,331,Overcast,1,1,
23934,2021-10-01 09:07:00,40.79913,-73.96667,1,0,Failure to Yield Right-of-Way,4462859,19.4,9.5,0.0,0.0,0.0,0.0,0,13.8,28.1,302,Clear sky,1,1,Sunny/Clear Conditions
23935,2021-09-29 21:10:00,40.779495,-73.95559,1,0,Driver Inattention/Distraction,4462381,19.9,11.3,0.0,0.0,0.0,0.0,3,20.6,41.8,331,Overcast,1,1,
23936,2021-09-29 15:48:00,40.72725,-73.81085,0,0,Unspecified,4462617,19.9,11.3,0.0,0.0,0.0,0.0,3,20.6,41.8,331,Overcast,0,0,
23937,2021-09-30 00:00:00,40.636024,-74.13477,1,0,Driver Inattention/Distraction,4462789,18.8,13.1,0.0,0.0,0.0,0.0,3,18.1,37.4,330,Overcast,1,1,
23938,2021-09-03 19:24:00,40.674904,-73.94447,0,0,Turning Improperly,4463456,21.9,14.0,0.0,0.0,0.0,0.0,3,14.5,30.2,321,Overcast,0,0,
23939,2021-10-01 06:12:00,40.671787,-73.90544,0,0,Unspecified,4462850,19.4,9.5,0.0,0.0,0.0,0.0,0,13.8,28.1,302,Clear sky,0,0,Sunny/Clear Conditions
23940,2021-09-30 18:10:00,40.803623,-73.94747,0,0,Driver Inattention/Distraction,4462921,18.8,13.1,0.0,0.0,0.0,0.0,3,18.1,37.4,330,Overcast,0,0,
23941,2021-10-01 17:01:00,40.624813,-73.89446,0,0,Driver Inattention/Distraction,4463024,19.4,9.5,0.0,0.0,0.0,0.0,0,13.8,28.1,302,Clear sky,0,0,Sunny/Clear Conditions
23942,2021-09-29 00:00:00,40.712162,-73.95907,0,0,Other Vehicular,4462645,19.9,11.3,0.0,0.0,0.0,0.0,3,20.6,41.8,331,Overcast,0,0,
23943,2021-10-01 09:00:00,40.729885,-73.8915,0,0,Unspecified,4463098,19.4,9.5,0.0,0.0,0.0,0.0,0,13.8,28.1,302,Clear sky,0,0,Sunny/Clear Conditions
23944,2021-09-29 14:10:00,40.73687,-73.928505,0,0,Driver Inattention/Distraction,4462531,19.9,11.3,0.0,0.0,0.0,0.0,3,20.6,41.8,331,Overcast,0,0,
23945,2021-10-01 18:46:00,40.70933,-73.92249,0,0,Unspecified,4463007,19.4,9.5,0.0,0.0,0.0,0.0,0,13.8,28.1,302,Clear sky,0,0,Sunny/Clear Conditions
23946,2021-10-01 22:24:00,40.862747,-73.90494,1,0,,4463430,19.4,9.5,0.0,0.0,0.0,0.0,0,13.8,28.1,302,Clear sky,1,1,Sunny/Clear Conditions
23947,2021-09-29 08:00:00,40.72335,-73.97525,0,0,Unspecified,4462152,19.9,11.3,0.0,0.0,0.0,0.0,3,20.6,41.8,331,Overcast,0,0,
23948,2021-09-30 15:30:00,40.720238,-73.94441,0,0,Driver Inattention/Distraction,4463854,18.8,13.1,0.0,0.0,0.0,0.0,3,18.1,37.4,330,Overcast,0,0,
23949,2021-10-01 07:00:00,40.799896,-73.96656,0,0,Backing Unsafely,4462795,19.4,9.5,0.0,0.0,0.0,0.0,0,13.8,28.1,302,Clear sky,0,0,Sunny/Clear Conditions
23950,2021-09-27 15:15:00,40.71431,-73.987175,1,0,Driver Inexperience,4462794,25.9,14.6,0.0,0.0,0.0,0.0,3,24.1,45.0,233,Overcast,1,1,
23951,2021-10-01 08:05:00,40.73725,-73.91799,1,0,Driver Inexperience,4462943,19.4,9.5,0.0,0.0,0.0,0.0,0,13.8,28.1,302,Clear sky,1,1,Sunny/Clear Conditions
23952,2021-08-31 22:49:00,40.88559,-73.91498,0,0,Unspecified,4462960,28.5,21.2,0.0,0.0,0.0,0.0,3,15.5,29.9,301,Overcast,0,0,
23953,2021-09-29 13:30:00,40.714687,-73.94271,0,0,Following Too Closely,4462417,19.9,11.3,0.0,0.0,0.0,0.0,3,20.6,41.8,331,Overcast,0,0,
23954,2021-12-27 09:00:00,40.717884,-73.94114,0,0,Unspecified,4490009,2.7,-1.4,2.1,0.8,0.91,5.0,73,13.5,23.0,10,Snow fall: Moderate,0,0,Snowy Conditions
23955,2021-10-01 08:10:00,40.748985,-73.979965,0,0,Driver Inattention/Distraction,4462882,19.4,9.5,0.0,0.0,0.0,0.0,0,13.8,28.1,302,Clear sky,0,0,Sunny/Clear Conditions
23956,2021-09-23 23:04:00,40.746174,-73.9947,0,0,Driver Inattention/Distraction,4463341,26.2,18.0,15.6,15.6,0.0,14.0,63,40.7,77.4,156,Rain: Moderate,0,0,
23957,2021-10-01 21:30:00,40.64891,-73.89256,0,0,Unspecified,4463123,19.4,9.5,0.0,0.0,0.0,0.0,0,13.8,28.1,302,Clear sky,0,0,Sunny/Clear Conditions
23958,2021-10-01 07:53:00,40.807903,-73.92005,3,0,Driver Inattention/Distraction,4463198,19.4,9.5,0.0,0.0,0.0,0.0,0,13.8,28.1,302,Clear sky,3,3,Sunny/Clear Conditions
23959,2021-09-28 08:00:00,40.695614,-73.94056,1,0,View Obstructed/Limited,4463508,22.1,16.3,12.4,12.4,0.0,9.0,63,19.2,38.5,264,Rain: Moderate,1,1,
23960,2021-09-29 22:17:00,40.85713,-73.8808,2,0,Driver Inattention/Distraction,4463831,19.9,11.3,0.0,0.0,0.0,0.0,3,20.6,41.8,331,Overcast,2,2,
23961,2021-09-30 14:45:00,40.680923,-73.83544,0,0,Passing or Lane Usage Improper,4462739,18.8,13.1,0.0,0.0,0.0,0.0,3,18.1,37.4,330,Overcast,0,0,
23962,2021-09-23 13:05:00,40.736053,-73.911385,0,0,Driver Inattention/Distraction,4462948,26.2,18.0,15.6,15.6,0.0,14.0,63,40.7,77.4,156,Rain: Moderate,0,0,
23963,2021-09-29 23:11:00,40.79423,-73.94695,1,0,Traffic Control Disregarded,4462438,19.9,11.3,0.0,0.0,0.0,0.0,3,20.6,41.8,331,Overcast,1,1,
23964,2021-09-26 20:19:00,40.784973,-73.98264,0,0,Following Too Closely,4463533,21.4,15.6,0.0,0.0,0.0,0.0,3,23.5,45.0,294,Overcast,0,0,
23965,2021-10-01 13:40:00,40.633766,-73.977715,0,0,Unspecified,4463374,19.4,9.5,0.0,0.0,0.0,0.0,0,13.8,28.1,302,Clear sky,0,0,Sunny/Clear Conditions
23966,2021-09-29 13:48:00,40.82598,-73.93591,1,0,Failure to Yield Right-of-Way,4462470,19.9,11.3,0.0,0.0,0.0,0.0,3,20.6,41.8,331,Overcast,1,1,
23967,2021-10-01 12:20:00,40.897854,-73.8647,0,0,Unspecified,4463908,19.4,9.5,0.0,0.0,0.0,0.0,0,13.8,28.1,302,Clear sky,0,0,Sunny/Clear Conditions
23968,2021-09-17 23:17:00,40.708057,-73.92255,1,0,Traffic Control Disregarded,4462814,23.6,20.1,1.0,1.0,0.0,7.0,51,20.3,38.9,59,Drizzle: Light,1,1,
23969,2021-09-29 17:15:00,40.668507,-73.92561,1,0,Failure to Yield Right-of-Way,4463486,19.9,11.3,0.0,0.0,0.0,0.0,3,20.6,41.8,331,Overcast,1,1,
23970,2021-09-29 07:00:00,40.724083,-73.97887,0,0,Driver Inattention/Distraction,4462491,19.9,11.3,0.0,0.0,0.0,0.0,3,20.6,41.8,331,Overcast,0,0,
23971,2021-09-29 08:35:00,40.67674,-73.88969,2,0,Unspecified,4463729,19.9,11.3,0.0,0.0,0.0,0.0,3,20.6,41.8,331,Overcast,2,2,
23972,2021-09-29 12:45:00,40.755623,-73.778275,0,0,Driver Inattention/Distraction,4462228,19.9,11.3,0.0,0.0,0.0,0.0,3,20.6,41.8,331,Overcast,0,0,
23973,2021-10-01 15:43:00,40.68178,-73.97415,0,0,Other Vehicular,4463280,19.4,9.5,0.0,0.0,0.0,0.0,0,13.8,28.1,302,Clear sky,0,0,Sunny/Clear Conditions
23974,2021-10-01 14:43:00,40.891685,-73.9056,0,0,Unspecified,4463143,19.4,9.5,0.0,0.0,0.0,0.0,0,13.8,28.1,302,Clear sky,0,0,Sunny/Clear Conditions
23975,2021-10-01 17:20:00,40.619156,-73.99388,0,0,Unsafe Speed,4463395,19.4,9.5,0.0,0.0,0.0,0.0,0,13.8,28.1,302,Clear sky,0,0,Sunny/Clear Conditions
23976,2021-09-29 08:05:00,40.7242,-73.93765,1,0,Turning Improperly,4462827,19.9,11.3,0.0,0.0,0.0,0.0,3,20.6,41.8,331,Overcast,1,1,
23977,2021-09-29 07:56:00,40.662617,-73.93365,1,0,Unspecified,4462203,19.9,11.3,0.0,0.0,0.0,0.0,3,20.6,41.8,331,Overcast,1,1,
23978,2021-09-30 22:05:00,40.68378,-73.789734,0,0,Unsafe Speed,4463649,18.8,13.1,0.0,0.0,0.0,0.0,3,18.1,37.4,330,Overcast,0,0,
23979,2021-09-21 09:59:00,40.713757,-73.993706,0,0,Driver Inattention/Distraction,4463465,23.1,16.4,0.0,0.0,0.0,0.0,3,14.2,29.5,108,Overcast,0,0,
23980,2021-10-01 16:09:00,40.67452,-73.878044,1,0,Failure to Yield Right-of-Way,4463802,19.4,9.5,0.0,0.0,0.0,0.0,0,13.8,28.1,302,Clear sky,1,1,Sunny/Clear Conditions
23981,2021-09-30 10:30:00,40.854687,-73.890396,1,0,Driver Inexperience,4462672,18.8,13.1,0.0,0.0,0.0,0.0,3,18.1,37.4,330,Overcast,1,1,
23982,2021-09-30 20:49:00,40.73077,-73.82619,0,0,Unspecified,4462693,18.8,13.1,0.0,0.0,0.0,0.0,3,18.1,37.4,330,Overcast,0,0,
23983,2021-09-30 12:30:00,40.681725,-73.996216,0,0,Unspecified,4462715,18.8,13.1,0.0,0.0,0.0,0.0,3,18.1,37.4,330,Overcast,0,0,
23984,2021-10-01 17:05:00,40.600136,-74.113014,1,0,Driver Inattention/Distraction,4462975,19.4,9.5,0.0,0.0,0.0,0.0,0,13.8,28.1,302,Clear sky,1,1,Sunny/Clear Conditions
23985,2021-09-27 22:45:00,40.761093,-73.98327,0,0,Driver Inattention/Distraction,4462846,25.9,14.6,0.0,0.0,0.0,0.0,3,24.1,45.0,233,Overcast,0,0,
23986,2021-09-29 11:30:00,40.834423,-73.879265,0,0,Alcohol Involvement,4462219,19.9,11.3,0.0,0.0,0.0,0.0,3,20.6,41.8,331,Overcast,0,0,
23987,2021-09-29 10:30:00,40.750153,-73.8768,0,0,Driver Inattention/Distraction,4462204,19.9,11.3,0.0,0.0,0.0,0.0,3,20.6,41.8,331,Overcast,0,0,
23988,2021-09-30 14:00:00,40.687542,-73.99046,0,0,Passing Too Closely,4463063,18.8,13.1,0.0,0.0,0.0,0.0,3,18.1,37.4,330,Overcast,0,0,
23989,2021-09-29 20:30:00,40.708805,-73.92577,1,0,Driver Inattention/Distraction,4462629,19.9,11.3,0.0,0.0,0.0,0.0,3,20.6,41.8,331,Overcast,1,1,
23990,2021-09-30 23:50:00,40.71448,-73.99137,0,0,Unspecified,4462799,18.8,13.1,0.0,0.0,0.0,0.0,3,18.1,37.4,330,Overcast,0,0,
23991,2021-09-29 03:00:00,40.75087,-73.74939,0,0,Unsafe Lane Changing,4462268,19.9,11.3,0.0,0.0,0.0,0.0,3,20.6,41.8,331,Overcast,0,0,
23992,2021-10-01 11:00:00,40.85592,-73.9172,0,0,Passing Too Closely,4463818,19.4,9.5,0.0,0.0,0.0,0.0,0,13.8,28.1,302,Clear sky,0,0,Sunny/Clear Conditions
23993,2021-10-01 11:20:00,40.767498,-73.83302,0,0,Passing or Lane Usage Improper,4463166,19.4,9.5,0.0,0.0,0.0,0.0,0,13.8,28.1,302,Clear sky,0,0,Sunny/Clear Conditions
23994,2021-10-01 11:39:00,40.633377,-73.920074,0,0,Unspecified,4462980,19.4,9.5,0.0,0.0,0.0,0.0,0,13.8,28.1,302,Clear sky,0,0,Sunny/Clear Conditions
23995,2021-12-27 05:50:00,40.707485,-73.96186,0,0,Unspecified,4490064,2.7,-1.4,2.1,0.8,0.91,5.0,73,13.5,23.0,10,Snow fall: Moderate,0,0,Snowy Conditions