,CRASH DATETIME,LATITUDE,LONGITUDE,NUMBER OF PERSONS INJURED,NUMBER OF PERSONS KILLED,CONTRIBUTING FACTOR VEHICLE 1,COLLISION_ID,temperature_2m_max,temperature_2m_min,precipitation_sum,rain_sum,snowfall_sum,precipitation_hours,weather_code,wind_speed_10m_max,wind_gusts_10m_max,wind_direction_10m_dominant,Weather Description,Severity_Score,Total_Affected_Persons,Weather_Category
23996,2021-09-29 11:42:00,40.6229,-73.91762,1,0,Backing Unsafely,4463159,19.9,11.3,0.0,0.0,0.0,0.0,3,20.6,41.8,331,Overcast,1,1,
23997,2021-09-30 16:04:00,40.73035,-73.983284,0,0,Driver Inattention/Distraction,4463291,18.8,13.1,0.0,0.0,0.0,0.0,3,18.1,37.4,330,Overcast,0,0,
23998,2021-10-01 06:48:00,40.710938,-73.76654,0,0,Backing Unsafely,4462782,19.4,9.5,0.0,0.0,0.0,0.0,0,13.8,28.1,302,Clear sky,0,0,Sunny/Clear Conditions
23999,2021-12-27 12:40:00,40.68085,-73.97746,0,0,Other Vehicular,4490195,2.7,-1.4,2.1,0.8,0.91,5.0,73,13.5,23.0,10,Snow fall: Moderate,0,0,Snowy Conditions
24000,2021-09-29 09:20:00,40.73631,-73.85766,0,0,Driver Inattention/Distraction,4462366,19.9,11.3,0.0,0.0,0.0,0.0,3,20.6,41.8,331,Overcast,0,0,
24001,2021-09-30 16:50:00,40.733177,-73.74571,0,0,Following Too Closely,4462997,18.8,13.1,0.0,0.0,0.0,0.0,3,18.1,37.4,330,Overcast,0,0,
24002,2021-09-16 19:42:00,40.648792,-73.95228,0,0,Driver Inattention/Distraction,4463029,23.9,19.1,4.0,4.0,0.0,10.0,55,18.8,37.8,38,Drizzle: Dense,0,0,
24003,2021-10-01 15:55:00,40.753113,-73.93371,3,0,Driver Inattention/Distraction,4463389,19.4,9.5,0.0,0.0,0.0,0.0,0,13.8,28.1,302,Clear sky,3,3,Sunny/Clear Conditions
24004,2021-10-01 12:18:00,40.89757,-73.84112,0,0,Pavement Defective,4463514,19.4,9.5,0.0,0.0,0.0,0.0,0,13.8,28.1,302,Clear sky,0,0,Sunny/Clear Conditions
24005,2021-10-01 16:50:00,40.806065,-73.90905,0,0,Unspecified,4463202,19.4,9.5,0.0,0.0,0.0,0.0,0,13.8,28.1,302,Clear sky,0,0,Sunny/Clear Conditions
24006,2021-10-01 18:45:00,40.733456,-73.9855,1,0,View Obstructed/Limited,4463320,19.4,9.5,0.0,0.0,0.0,0.0,0,13.8,28.1,302,Clear sky,1,1,Sunny/Clear Conditions
24007,2021-09-29 15:35:00,40.762226,-73.96819,1,0,Driver Inattention/Distraction,4462388,19.9,11.3,0.0,0.0,0.0,0.0,3,20.6,41.8,331,Overcast,1,1,
24008,2021-09-30 08:30:00,40.735634,-73.87602,1,0,Driver Inattention/Distraction,4462743,18.8,13.1,0.0,0.0,0.0,0.0,3,18.1,37.4,330,Overcast,1,1,
24009,2021-10-01 13:10:00,40.692547,-73.990974,1,0,Outside Car Distraction,4463541,19.4,9.5,0.0,0.0,0.0,0.0,0,13.8,28.1,302,Clear sky,1,1,Sunny/Clear Conditions
24010,2021-09-30 15:00:00,40.605286,-73.94085,0,0,Unspecified,4462762,18.8,13.1,0.0,0.0,0.0,0.0,3,18.1,37.4,330,Overcast,0,0,
24011,2021-09-30 04:00:00,40.770226,-73.87062,0,0,Driver Inexperience,4462518,18.8,13.1,0.0,0.0,0.0,0.0,3,18.1,37.4,330,Overcast,0,0,
24012,2021-09-16 21:30:00,40.83765,-73.82389,0,0,Backing Unsafely,4463825,23.9,19.1,4.0,4.0,0.0,10.0,55,18.8,37.8,38,Drizzle: Dense,0,0,
24013,2021-10-01 08:55:00,40.695362,-73.9405,1,0,Driver Inattention/Distraction,4463573,19.4,9.5,0.0,0.0,0.0,0.0,0,13.8,28.1,302,Clear sky,1,1,Sunny/Clear Conditions
24014,2021-09-26 22:13:00,40.876476,-73.904495,1,0,Unspecified,4462952,21.4,15.6,0.0,0.0,0.0,0.0,3,23.5,45.0,294,Overcast,1,1,
24015,2021-08-27 17:27:00,40.576042,-73.99008,1,0,View Obstructed/Limited,4462870,32.2,23.4,1.4,1.4,0.0,2.0,55,9.4,22.3,299,Drizzle: Dense,1,1,
24016,2021-09-29 07:10:00,40.66696,-73.87533,0,0,Unspecified,4462445,19.9,11.3,0.0,0.0,0.0,0.0,3,20.6,41.8,331,Overcast,0,0,
24017,2021-09-30 16:42:00,40.745396,-73.99472,0,0,Passing Too Closely,4463344,18.8,13.1,0.0,0.0,0.0,0.0,3,18.1,37.4,330,Overcast,0,0,
24018,2021-09-27 16:28:00,40.783844,-73.979996,1,0,Driver Inattention/Distraction,4463492,25.9,14.6,0.0,0.0,0.0,0.0,3,24.1,45.0,233,Overcast,1,1,
24019,2021-09-29 22:35:00,40.676342,-73.910934,1,0,Unspecified,4463048,19.9,11.3,0.0,0.0,0.0,0.0,3,20.6,41.8,331,Overcast,1,1,
24020,2021-10-01 16:28:00,40.669476,-73.919975,1,0,Unspecified,4463418,19.4,9.5,0.0,0.0,0.0,0.0,0,13.8,28.1,302,Clear sky,1,1,Sunny/Clear Conditions
24021,2021-09-25 21:45:00,0.0,0.0,0,0,Vehicle Vandalism,4463882,22.8,14.0,0.0,0.0,0.0,0.0,3,7.9,15.8,322,Overcast,0,0,
24022,2021-09-29 08:45:00,40.585335,-73.98749,0,0,Passing or Lane Usage Improper,4462502,19.9,11.3,0.0,0.0,0.0,0.0,3,20.6,41.8,331,Overcast,0,0,
24023,2021-09-29 09:35:00,40.853462,-73.88939,1,0,Failure to Yield Right-of-Way,4462189,19.9,11.3,0.0,0.0,0.0,0.0,3,20.6,41.8,331,Overcast,1,1,
24024,2021-09-30 10:00:00,40.852383,-73.90365,1,0,Passing Too Closely,4462831,18.8,13.1,0.0,0.0,0.0,0.0,3,18.1,37.4,330,Overcast,1,1,
24025,2021-10-01 16:25:00,40.607464,-74.085144,2,0,Driver Inattention/Distraction,4463441,19.4,9.5,0.0,0.0,0.0,0.0,0,13.8,28.1,302,Clear sky,2,2,Sunny/Clear Conditions
24026,2021-09-29 12:50:00,40.795456,-73.96564,2,0,Unspecified,4462243,19.9,11.3,0.0,0.0,0.0,0.0,3,20.6,41.8,331,Overcast,2,2,
24027,2021-12-22 12:00:00,40.751793,-73.86996,0,0,Driver Inattention/Distraction,4490424,8.1,-0.0,4.2,4.2,0.0,9.0,61,26.7,47.9,313,Rain: Light,0,0,
24028,2021-09-29 08:00:00,40.65794,-73.907745,1,0,Unspecified,4462341,19.9,11.3,0.0,0.0,0.0,0.0,3,20.6,41.8,331,Overcast,1,1,
24029,2021-10-01 09:10:00,40.735405,-73.74867,0,0,Failure to Yield Right-of-Way,4463016,19.4,9.5,0.0,0.0,0.0,0.0,0,13.8,28.1,302,Clear sky,0,0,Sunny/Clear Conditions
24030,2021-09-27 21:00:00,40.67012,-73.8583,0,0,Unspecified,4463748,25.9,14.6,0.0,0.0,0.0,0.0,3,24.1,45.0,233,Overcast,0,0,
24031,2021-09-30 00:00:00,40.73796,-73.93588,1,0,Driver Inattention/Distraction,4462665,18.8,13.1,0.0,0.0,0.0,0.0,3,18.1,37.4,330,Overcast,1,1,
24032,2021-09-16 09:00:00,40.72032,-73.84054,0,0,Driver Inattention/Distraction,4463250,23.9,19.1,4.0,4.0,0.0,10.0,55,18.8,37.8,38,Drizzle: Dense,0,0,
24033,2021-09-20 15:00:00,40.71755,-73.99932,0,0,Passing or Lane Usage Improper,4463460,23.1,14.9,0.0,0.0,0.0,0.0,3,17.0,34.2,116,Overcast,0,0,
24034,2021-10-01 09:00:00,40.73038,-73.94657,0,0,Unspecified,4462826,19.4,9.5,0.0,0.0,0.0,0.0,0,13.8,28.1,302,Clear sky,0,0,Sunny/Clear Conditions
24035,2021-09-29 14:05:00,40.601265,-74.19402,1,0,Backing Unsafely,4462436,19.9,11.3,0.0,0.0,0.0,0.0,3,20.6,41.8,331,Overcast,1,1,
24036,2021-09-29 22:03:00,40.61234,-73.98809,0,0,Driver Inattention/Distraction,4462579,19.9,11.3,0.0,0.0,0.0,0.0,3,20.6,41.8,331,Overcast,0,0,
24037,2021-09-30 16:05:00,40.758465,-73.77648,0,0,Driver Inattention/Distraction,4462673,18.8,13.1,0.0,0.0,0.0,0.0,3,18.1,37.4,330,Overcast,0,0,
24038,2021-09-25 20:45:00,40.745564,-73.87076,0,0,Driver Inattention/Distraction,4462858,22.8,14.0,0.0,0.0,0.0,0.0,3,7.9,15.8,322,Overcast,0,0,
24039,2021-09-29 11:37:00,40.606346,-73.95273,0,0,Driver Inattention/Distraction,4462278,19.9,11.3,0.0,0.0,0.0,0.0,3,20.6,41.8,331,Overcast,0,0,
24040,2021-09-30 16:24:00,40.746033,-73.93441,0,0,Alcohol Involvement,4462711,18.8,13.1,0.0,0.0,0.0,0.0,3,18.1,37.4,330,Overcast,0,0,
24041,2021-09-29 13:50:00,40.683723,-73.96797,0,0,Turning Improperly,4462311,19.9,11.3,0.0,0.0,0.0,0.0,3,20.6,41.8,331,Overcast,0,0,
24042,2021-09-30 17:00:00,40.7094,-73.96703,0,0,Passing or Lane Usage Improper,4462635,18.8,13.1,0.0,0.0,0.0,0.0,3,18.1,37.4,330,Overcast,0,0,
24043,2021-09-29 08:40:00,40.68424,-73.8461,2,0,Traffic Control Disregarded,4462210,19.9,11.3,0.0,0.0,0.0,0.0,3,20.6,41.8,331,Overcast,2,2,
24044,2021-09-30 11:30:00,40.673397,-73.98279,0,0,Driver Inattention/Distraction,4462563,18.8,13.1,0.0,0.0,0.0,0.0,3,18.1,37.4,330,Overcast,0,0,
24045,2021-09-28 17:00:00,40.80918,-73.93605,0,0,Unspecified,4462885,22.1,16.3,12.4,12.4,0.0,9.0,63,19.2,38.5,264,Rain: Moderate,0,0,
24046,2021-01-03 13:00:00,0.0,0.0,0,0,Driver Inattention/Distraction,4463526,3.6,-1.5,6.8,6.4,0.28,12.0,73,23.4,42.1,39,Snow fall: Moderate,0,0,Snowy Conditions
24047,2021-09-30 11:30:00,40.71174,-74.006996,1,0,Unspecified,4462902,18.8,13.1,0.0,0.0,0.0,0.0,3,18.1,37.4,330,Overcast,1,1,
24048,2021-09-29 13:04:00,40.865715,-73.86735,0,0,Unspecified,4462455,19.9,11.3,0.0,0.0,0.0,0.0,3,20.6,41.8,331,Overcast,0,0,
24049,2021-09-22 13:30:00,40.84519,-73.9112,1,0,Driver Inattention/Distraction,4463213,25.3,19.9,5.1,5.1,0.0,15.0,61,29.3,55.1,154,Rain: Light,1,1,
24050,2021-09-29 16:27:00,40.763363,-73.95925,0,0,Driver Inattention/Distraction,4462478,19.9,11.3,0.0,0.0,0.0,0.0,3,20.6,41.8,331,Overcast,0,0,
24051,2021-10-01 17:47:00,40.66645,-73.75764,0,0,Unspecified,4463001,19.4,9.5,0.0,0.0,0.0,0.0,0,13.8,28.1,302,Clear sky,0,0,Sunny/Clear Conditions
24052,2021-09-29 17:20:00,40.824924,-73.86985,0,0,Other Vehicular,4462853,19.9,11.3,0.0,0.0,0.0,0.0,3,20.6,41.8,331,Overcast,0,0,
24053,2021-09-27 07:10:00,40.6765,-73.88234,0,0,Unspecified,4463796,25.9,14.6,0.0,0.0,0.0,0.0,3,24.1,45.0,233,Overcast,0,0,
24054,2021-09-30 00:19:00,40.65794,-73.907745,1,0,Passing or Lane Usage Improper,4462716,18.8,13.1,0.0,0.0,0.0,0.0,3,18.1,37.4,330,Overcast,1,1,
24055,2021-09-30 17:35:00,40.82419,-73.91385,0,0,Unspecified,4462786,18.8,13.1,0.0,0.0,0.0,0.0,3,18.1,37.4,330,Overcast,0,0,
24056,2021-09-30 08:25:00,40.65102,-73.914024,0,0,Unspecified,4463033,18.8,13.1,0.0,0.0,0.0,0.0,3,18.1,37.4,330,Overcast,0,0,
24057,2021-09-30 13:45:00,40.67766,-73.968864,0,0,Following Too Closely,4462555,18.8,13.1,0.0,0.0,0.0,0.0,3,18.1,37.4,330,Overcast,0,0,
24058,2021-10-01 21:13:00,40.676693,-73.74221,1,0,Driver Inattention/Distraction,4463057,19.4,9.5,0.0,0.0,0.0,0.0,0,13.8,28.1,302,Clear sky,1,1,Sunny/Clear Conditions
24059,2021-09-30 10:14:00,40.66719,-73.93129,0,0,Passing Too Closely,4462624,18.8,13.1,0.0,0.0,0.0,0.0,3,18.1,37.4,330,Overcast,0,0,
24060,2021-09-30 08:30:00,0.0,0.0,0,0,Unspecified,4462895,18.8,13.1,0.0,0.0,0.0,0.0,3,18.1,37.4,330,Overcast,0,0,
24061,2021-09-29 12:38:00,40.748108,-73.947365,0,0,Failure to Yield Right-of-Way,4462362,19.9,11.3,0.0,0.0,0.0,0.0,3,20.6,41.8,331,Overcast,0,0,
24062,2021-09-29 15:40:00,40.71001,-73.79474,0,0,Driver Inattention/Distraction,4462603,19.9,11.3,0.0,0.0,0.0,0.0,3,20.6,41.8,331,Overcast,0,0,
24063,2021-09-29 15:22:00,40.70734,-74.00865,0,0,Unspecified,4462382,19.9,11.3,0.0,0.0,0.0,0.0,3,20.6,41.8,331,Overcast,0,0,
24064,2021-09-16 23:00:00,40.607212,-74.07682,0,0,Driver Inattention/Distraction,4463548,23.9,19.1,4.0,4.0,0.0,10.0,55,18.8,37.8,38,Drizzle: Dense,0,0,
24065,2021-10-01 21:00:00,40.659172,-73.839874,1,0,Following Too Closely,4463755,19.4,9.5,0.0,0.0,0.0,0.0,0,13.8,28.1,302,Clear sky,1,1,Sunny/Clear Conditions
24066,2021-09-30 14:30:00,40.804585,-73.91213,0,0,Unspecified,4462751,18.8,13.1,0.0,0.0,0.0,0.0,3,18.1,37.4,330,Overcast,0,0,
24067,2021-09-29 14:45:00,40.72417,-74.004585,0,0,Following Too Closely,4462984,19.9,11.3,0.0,0.0,0.0,0.0,3,20.6,41.8,331,Overcast,0,0,
24068,2021-09-17 22:00:00,40.83639,-73.91588,1,0,Traffic Control Disregarded,4463325,23.6,20.1,1.0,1.0,0.0,7.0,51,20.3,38.9,59,Drizzle: Light,1,1,
24069,2021-09-30 21:00:00,40.77861,-73.836365,2,0,Traffic Control Disregarded,4462757,18.8,13.1,0.0,0.0,0.0,0.0,3,18.1,37.4,330,Overcast,2,2,
24070,2021-09-27 16:02:00,40.65739,-73.945595,0,0,Driver Inattention/Distraction,4463627,25.9,14.6,0.0,0.0,0.0,0.0,3,24.1,45.0,233,Overcast,0,0,
24071,2021-09-30 22:30:00,40.67513,-73.88291,0,0,Driver Inattention/Distraction,4463809,18.8,13.1,0.0,0.0,0.0,0.0,3,18.1,37.4,330,Overcast,0,0,
24072,2021-10-01 08:45:00,40.72857,-73.991135,1,0,Driver Inattention/Distraction,4463350,19.4,9.5,0.0,0.0,0.0,0.0,0,13.8,28.1,302,Clear sky,1,1,Sunny/Clear Conditions
24073,2021-09-30 16:17:00,40.86315,-73.90907,0,0,Unspecified,4462890,18.8,13.1,0.0,0.0,0.0,0.0,3,18.1,37.4,330,Overcast,0,0,
24074,2021-10-01 13:00:00,40.704872,-73.79443,3,0,Following Too Closely,4463675,19.4,9.5,0.0,0.0,0.0,0.0,0,13.8,28.1,302,Clear sky,3,3,Sunny/Clear Conditions
24075,2021-10-01 23:54:00,40.82311,-73.88076,1,0,Unspecified,4463241,19.4,9.5,0.0,0.0,0.0,0.0,0,13.8,28.1,302,Clear sky,1,1,Sunny/Clear Conditions
24076,2021-09-29 00:00:00,40.757286,-73.97812,0,0,Other Vehicular,4462428,19.9,11.3,0.0,0.0,0.0,0.0,3,20.6,41.8,331,Overcast,0,0,
24077,2021-09-30 10:45:00,40.764297,-73.98835,0,0,Other Vehicular,4462807,18.8,13.1,0.0,0.0,0.0,0.0,3,18.1,37.4,330,Overcast,0,0,
24078,2021-10-01 12:00:00,40.724262,-73.800545,0,0,Driver Inattention/Distraction,4463110,19.4,9.5,0.0,0.0,0.0,0.0,0,13.8,28.1,302,Clear sky,0,0,Sunny/Clear Conditions
24079,2021-09-30 11:05:00,40.686497,-73.94164,2,0,Passenger Distraction,4462660,18.8,13.1,0.0,0.0,0.0,0.0,3,18.1,37.4,330,Overcast,2,2,
24080,2021-09-29 13:15:00,40.66563,-73.985954,0,0,Passing Too Closely,4462286,19.9,11.3,0.0,0.0,0.0,0.0,3,20.6,41.8,331,Overcast,0,0,
24081,2021-09-30 09:30:00,40.57002,-74.11021,0,0,Unspecified,4463044,18.8,13.1,0.0,0.0,0.0,0.0,3,18.1,37.4,330,Overcast,0,0,
24082,2021-09-30 17:09:00,40.714615,-73.9971,0,0,Passing Too Closely,4463455,18.8,13.1,0.0,0.0,0.0,0.0,3,18.1,37.4,330,Overcast,0,0,
24083,2021-09-30 06:55:00,40.70196,-73.90381,0,0,Aggressive Driving/Road Rage,4463117,18.8,13.1,0.0,0.0,0.0,0.0,3,18.1,37.4,330,Overcast,0,0,
24084,2021-10-01 23:00:00,40.607754,-74.13205,0,0,Driver Inattention/Distraction,4463178,19.4,9.5,0.0,0.0,0.0,0.0,0,13.8,28.1,302,Clear sky,0,0,Sunny/Clear Conditions
24085,2021-09-29 22:55:00,40.744255,-73.986275,0,0,Unspecified,4462569,19.9,11.3,0.0,0.0,0.0,0.0,3,20.6,41.8,331,Overcast,0,0,
24086,2021-09-30 16:30:00,40.665474,-73.74751,1,0,Following Too Closely,4462677,18.8,13.1,0.0,0.0,0.0,0.0,3,18.1,37.4,330,Overcast,1,1,
24087,2021-09-24 08:15:00,40.64491,-73.92192,0,0,Unspecified,4463590,22.4,15.6,26.0,26.0,0.0,9.0,63,14.2,29.9,274,Rain: Moderate,0,0,
24088,2021-09-29 18:50:00,40.6354,-74.106674,0,0,Unspecified,4463437,19.9,11.3,0.0,0.0,0.0,0.0,3,20.6,41.8,331,Overcast,0,0,
24089,2021-10-01 12:00:00,40.819683,-73.80961,0,0,Unspecified,4463846,19.4,9.5,0.0,0.0,0.0,0.0,0,13.8,28.1,302,Clear sky,0,0,Sunny/Clear Conditions
24090,2021-09-30 08:55:00,40.8223,-73.873,0,0,Unspecified,4462863,18.8,13.1,0.0,0.0,0.0,0.0,3,18.1,37.4,330,Overcast,0,0,
24091,2021-09-30 01:05:00,40.75585,-73.88259,0,0,Driver Inattention/Distraction,4462399,18.8,13.1,0.0,0.0,0.0,0.0,3,18.1,37.4,330,Overcast,0,0,
24092,2021-10-01 18:00:00,40.639977,-73.92623,0,0,Reaction to Uninvolved Vehicle,4463258,19.4,9.5,0.0,0.0,0.0,0.0,0,13.8,28.1,302,Clear sky,0,0,Sunny/Clear Conditions
24093,2021-09-30 18:28:00,40.8541,-73.919106,0,0,Unsafe Lane Changing,4462806,18.8,13.1,0.0,0.0,0.0,0.0,3,18.1,37.4,330,Overcast,0,0,
24094,2021-09-29 16:30:00,40.61682,-73.944984,0,0,Reaction to Uninvolved Vehicle,4462332,19.9,11.3,0.0,0.0,0.0,0.0,3,20.6,41.8,331,Overcast,0,0,
24095,2021-09-29 16:05:00,0.0,0.0,1,0,Passing or Lane Usage Improper,4462400,19.9,11.3,0.0,0.0,0.0,0.0,3,20.6,41.8,331,Overcast,1,1,
24096,2021-09-25 23:00:00,40.75927,-73.980896,1,0,,4463077,22.8,14.0,0.0,0.0,0.0,0.0,3,7.9,15.8,322,Overcast,1,1,
24097,2021-09-30 11:56:00,40.66839,-73.88032,1,0,Failure to Yield Right-of-Way,4463718,18.8,13.1,0.0,0.0,0.0,0.0,3,18.1,37.4,330,Overcast,1,1,
24098,2021-09-29 07:00:00,40.7065,-73.91701,0,0,Passing or Lane Usage Improper,4462821,19.9,11.3,0.0,0.0,0.0,0.0,3,20.6,41.8,331,Overcast,0,0,
24099,2021-09-30 17:00:00,40.616127,-73.98986,2,0,Failure to Yield Right-of-Way,4463705,18.8,13.1,0.0,0.0,0.0,0.0,3,18.1,37.4,330,Overcast,2,2,
24100,2021-09-29 11:45:00,40.820564,-73.905235,0,0,Driver Inattention/Distraction,4462372,19.9,11.3,0.0,0.0,0.0,0.0,3,20.6,41.8,331,Overcast,0,0,
24101,2021-09-29 17:58:00,0.0,0.0,2,0,Failure to Yield Right-of-Way,4462609,19.9,11.3,0.0,0.0,0.0,0.0,3,20.6,41.8,331,Overcast,2,2,
24102,2021-09-30 11:03:00,40.82443,-73.890526,1,0,Unspecified,4462838,18.8,13.1,0.0,0.0,0.0,0.0,3,18.1,37.4,330,Overcast,1,1,
24103,2021-09-29 02:20:00,40.68631,-73.97445,0,0,Turning Improperly,4462046,19.9,11.3,0.0,0.0,0.0,0.0,3,20.6,41.8,331,Overcast,0,0,
24104,2021-09-29 10:15:00,40.836617,-73.87377,0,0,Unsafe Lane Changing,4462640,19.9,11.3,0.0,0.0,0.0,0.0,3,20.6,41.8,331,Overcast,0,0,
24105,2021-09-29 16:40:00,40.66551,-73.992775,0,0,Other Vehicular,4462917,19.9,11.3,0.0,0.0,0.0,0.0,3,20.6,41.8,331,Overcast,0,0,
24106,2021-10-01 11:50:00,40.65133,-73.90607,0,0,Passing or Lane Usage Improper,4462937,19.4,9.5,0.0,0.0,0.0,0.0,0,13.8,28.1,302,Clear sky,0,0,Sunny/Clear Conditions
24107,2021-10-01 00:00:00,40.67435,-73.906105,1,0,Driver Inattention/Distraction,4462707,19.4,9.5,0.0,0.0,0.0,0.0,0,13.8,28.1,302,Clear sky,1,1,Sunny/Clear Conditions
24108,2021-09-29 17:10:00,0.0,0.0,1,0,Pedestrian/Bicyclist/Other Pedestrian Error/Confusion,4462305,19.9,11.3,0.0,0.0,0.0,0.0,3,20.6,41.8,331,Overcast,1,1,
24109,2021-09-30 07:40:00,40.71122,-73.72827,0,0,Unspecified,4462544,18.8,13.1,0.0,0.0,0.0,0.0,3,18.1,37.4,330,Overcast,0,0,
24110,2021-09-30 16:00:00,40.67608,-73.740326,0,0,Driver Inattention/Distraction,4462700,18.8,13.1,0.0,0.0,0.0,0.0,3,18.1,37.4,330,Overcast,0,0,
24111,2021-10-01 16:05:00,40.846443,-73.826004,1,0,Unspecified,4463848,19.4,9.5,0.0,0.0,0.0,0.0,0,13.8,28.1,302,Clear sky,1,1,Sunny/Clear Conditions
24112,2021-09-30 00:00:00,40.723644,-73.73813,1,0,Fell Asleep,4462676,18.8,13.1,0.0,0.0,0.0,0.0,3,18.1,37.4,330,Overcast,1,1,
24113,2021-09-29 16:55:00,40.83955,-73.91595,0,0,Failure to Yield Right-of-Way,4462587,19.9,11.3,0.0,0.0,0.0,0.0,3,20.6,41.8,331,Overcast,0,0,
24114,2021-09-28 19:20:00,40.815296,-73.86058,0,0,Unspecified,4462862,22.1,16.3,12.4,12.4,0.0,9.0,63,19.2,38.5,264,Rain: Moderate,0,0,
24115,2021-09-29 07:35:00,40.839996,-73.87713,0,0,Driver Inexperience,4462108,19.9,11.3,0.0,0.0,0.0,0.0,3,20.6,41.8,331,Overcast,0,0,
24116,2021-10-01 19:15:00,40.893127,-73.8495,0,0,Passing or Lane Usage Improper,4463517,19.4,9.5,0.0,0.0,0.0,0.0,0,13.8,28.1,302,Clear sky,0,0,Sunny/Clear Conditions
24117,2021-09-29 17:00:00,40.726097,-73.76198,2,0,Fell Asleep,4462618,19.9,11.3,0.0,0.0,0.0,0.0,3,20.6,41.8,331,Overcast,2,2,
24118,2021-09-29 13:10:00,40.61855,-73.9395,0,0,Driver Inattention/Distraction,4462285,19.9,11.3,0.0,0.0,0.0,0.0,3,20.6,41.8,331,Overcast,0,0,
24119,2021-09-27 12:00:00,40.71337,-73.934814,1,0,Driver Inattention/Distraction,4462790,25.9,14.6,0.0,0.0,0.0,0.0,3,24.1,45.0,233,Overcast,1,1,
24120,2021-09-29 15:21:00,40.8077,-73.92955,0,0,Unspecified,4462374,19.9,11.3,0.0,0.0,0.0,0.0,3,20.6,41.8,331,Overcast,0,0,
24121,2021-08-19 14:15:00,40.80589,-73.945114,0,0,Driver Inattention/Distraction,4462922,30.2,23.4,11.8,11.8,0.0,13.0,61,26.3,53.3,223,Rain: Light,0,0,
24122,2021-09-29 16:43:00,40.582584,-73.83022,1,0,Lost Consciousness,4463556,19.9,11.3,0.0,0.0,0.0,0.0,3,20.6,41.8,331,Overcast,1,1,
24123,2021-09-30 23:46:00,40.66037,-73.90208,0,0,Animals Action,4462849,18.8,13.1,0.0,0.0,0.0,0.0,3,18.1,37.4,330,Overcast,0,0,
24124,2021-09-30 11:30:00,40.727432,-73.89106,0,0,Passing Too Closely,4463100,18.8,13.1,0.0,0.0,0.0,0.0,3,18.1,37.4,330,Overcast,0,0,
24125,2021-09-30 17:20:00,40.700214,-73.94632,1,0,Passing or Lane Usage Improper,4462646,18.8,13.1,0.0,0.0,0.0,0.0,3,18.1,37.4,330,Overcast,1,1,
24126,2021-10-01 13:10:00,40.79209,-73.973656,1,0,Unsafe Speed,4462939,19.4,9.5,0.0,0.0,0.0,0.0,0,13.8,28.1,302,Clear sky,1,1,Sunny/Clear Conditions
24127,2021-10-01 13:55:00,40.757874,-73.981895,0,0,Unspecified,4463078,19.4,9.5,0.0,0.0,0.0,0.0,0,13.8,28.1,302,Clear sky,0,0,Sunny/Clear Conditions
24128,2021-09-23 10:30:00,40.875145,-73.91216,0,0,Unspecified,4462956,26.2,18.0,15.6,15.6,0.0,14.0,63,40.7,77.4,156,Rain: Moderate,0,0,
24129,2021-09-30 16:35:00,40.784973,-73.98264,1,0,Turning Improperly,4463527,18.8,13.1,0.0,0.0,0.0,0.0,3,18.1,37.4,330,Overcast,1,1,
24130,2021-09-29 14:19:00,40.792362,-73.96418,1,0,Following Too Closely,4462322,19.9,11.3,0.0,0.0,0.0,0.0,3,20.6,41.8,331,Overcast,1,1,
24131,2021-09-29 19:40:00,40.57777,-74.1637,2,0,Aggressive Driving/Road Rage,4462527,19.9,11.3,0.0,0.0,0.0,0.0,3,20.6,41.8,331,Overcast,2,2,
24132,2021-12-27 22:07:00,40.763042,-73.956535,0,0,Driver Inattention/Distraction,4490083,2.7,-1.4,2.1,0.8,0.91,5.0,73,13.5,23.0,10,Snow fall: Moderate,0,0,Snowy Conditions
24133,2021-10-01 10:38:00,40.791904,-73.94151,0,0,Failure to Yield Right-of-Way,4463330,19.4,9.5,0.0,0.0,0.0,0.0,0,13.8,28.1,302,Clear sky,0,0,Sunny/Clear Conditions
24134,2021-09-27 14:20:00,40.60809,-74.14093,0,0,Backing Unsafely,4462791,25.9,14.6,0.0,0.0,0.0,0.0,3,24.1,45.0,233,Overcast,0,0,
24135,2021-09-29 17:44:00,40.737804,-73.98276,1,0,Passenger Distraction,4462568,19.9,11.3,0.0,0.0,0.0,0.0,3,20.6,41.8,331,Overcast,1,1,
24136,2021-09-30 14:50:00,40.667614,-73.81888,1,0,Failure to Yield Right-of-Way,4462774,18.8,13.1,0.0,0.0,0.0,0.0,3,18.1,37.4,330,Overcast,1,1,
24137,2021-10-01 15:20:00,40.743484,-73.95809,0,0,Driver Inattention/Distraction,4462944,19.4,9.5,0.0,0.0,0.0,0.0,0,13.8,28.1,302,Clear sky,0,0,Sunny/Clear Conditions
24138,2021-09-30 01:30:00,40.69717,-73.843925,0,0,Passing Too Closely,4462356,18.8,13.1,0.0,0.0,0.0,0.0,3,18.1,37.4,330,Overcast,0,0,
24139,2021-10-01 19:00:00,40.6185,-73.96014,0,0,Driver Inattention/Distraction,4463838,19.4,9.5,0.0,0.0,0.0,0.0,0,13.8,28.1,302,Clear sky,0,0,Sunny/Clear Conditions
24140,2021-09-04 00:00:00,40.877106,-73.90616,0,0,Driver Inexperience,4463150,25.2,14.5,0.0,0.0,0.0,0.0,3,15.4,27.0,289,Overcast,0,0,
24141,2021-09-27 15:31:00,40.658577,-73.89063,0,0,Other Vehicular,4463805,25.9,14.6,0.0,0.0,0.0,0.0,3,24.1,45.0,233,Overcast,0,0,