,CRASH DATETIME,LATITUDE,LONGITUDE,NUMBER OF PERSONS INJURED,NUMBER OF PERSONS KILLED,CONTRIBUTING FACTOR VEHICLE 1,COLLISION_ID,temperature_2m_max,temperature_2m_min,precipitation_sum,rain_sum,snowfall_sum,precipitation_hours,weather_code,wind_speed_10m_max,wind_gusts_10m_max,wind_direction_10m_dominant,Weather Description,Severity_Score,Total_Affected_Persons,Weather_Category
24142,2021-09-26 20:58:00,40.80755,-73.95291,1,0,Driver Inattention/Distraction,4463312,21.4,15.6,0.0,0.0,0.0,0.0,3,23.5,45.0,294,Overcast,1,1,
24143,2021-10-01 00:28:00,40.81914,-73.93719,0,0,Driver Inattention/Distraction,4463823,19.4,9.5,0.0,0.0,0.0,0.0,0,13.8,28.1,302,Clear sky,0,0,Sunny/Clear Conditions
24144,2021-09-29 12:13:00,40.761272,-73.95571,2,0,Driver Inattention/Distraction,4462731,19.9,11.3,0.0,0.0,0.0,0.0,3,20.6,41.8,331,Overcast,2,2,
24145,2021-09-24 13:46:00,40.785095,-73.97691,0,0,Driver Inattention/Distraction,4463504,22.4,15.6,26.0,26.0,0.0,9.0,63,14.2,29.9,274,Rain: Moderate,0,0,
24146,2021-09-29 08:50:00,0.0,0.0,0,0,Unspecified,4463591,19.9,11.3,0.0,0.0,0.0,0.0,3,20.6,41.8,331,Overcast,0,0,
24147,2021-10-01 01:25:00,40.669865,-73.95051,0,0,Driver Inattention/Distraction,4463480,19.4,9.5,0.0,0.0,0.0,0.0,0,13.8,28.1,302,Clear sky,0,0,Sunny/Clear Conditions
24148,2021-10-01 16:36:00,40.812893,-73.92013,1,0,Unspecified,4463196,19.4,9.5,0.0,0.0,0.0,0.0,0,13.8,28.1,302,Clear sky,1,1,Sunny/Clear Conditions
24149,2021-10-01 11:50:00,40.67702,-73.80444,0,0,Driver Inattention/Distraction,4463896,19.4,9.5,0.0,0.0,0.0,0.0,0,13.8,28.1,302,Clear sky,0,0,Sunny/Clear Conditions
24150,2021-10-01 20:06:00,40.636288,-73.99273,0,0,Driver Inexperience,4463369,19.4,9.5,0.0,0.0,0.0,0.0,0,13.8,28.1,302,Clear sky,0,0,Sunny/Clear Conditions
24151,2021-10-01 10:25:00,40.70763,-73.803055,0,0,Accelerator Defective,4463757,19.4,9.5,0.0,0.0,0.0,0.0,0,13.8,28.1,302,Clear sky,0,0,Sunny/Clear Conditions
24152,2021-10-01 12:40:00,40.74087,-73.98799,0,0,Following Too Closely,4463268,19.4,9.5,0.0,0.0,0.0,0.0,0,13.8,28.1,302,Clear sky,0,0,Sunny/Clear Conditions
24153,2021-09-29 16:59:00,40.67213,-73.876495,1,0,Failure to Yield Right-of-Way,4463798,19.9,11.3,0.0,0.0,0.0,0.0,3,20.6,41.8,331,Overcast,1,1,
24154,2021-09-23 01:20:00,40.67916,-73.927155,0,0,Other Vehicular,4463578,26.2,18.0,15.6,15.6,0.0,14.0,63,40.7,77.4,156,Rain: Moderate,0,0,
24155,2021-09-30 19:45:00,0.0,0.0,3,0,Failure to Yield Right-of-Way,4462694,18.8,13.1,0.0,0.0,0.0,0.0,3,18.1,37.4,330,Overcast,3,3,
24156,2021-09-30 17:51:00,40.785973,-73.96886,1,0,Pedestrian/Bicyclist/Other Pedestrian Error/Confusion,4462634,18.8,13.1,0.0,0.0,0.0,0.0,3,18.1,37.4,330,Overcast,1,1,
24157,2024-09-03 18:25:00,40.881966,-73.90335,0,0,Driver Inattention/Distraction,4760132,22.5,12.2,0.0,0.0,0.0,0.0,0,17.2,34.9,5,Clear sky,0,0,Sunny/Clear Conditions
24158,2021-09-30 12:30:00,40.804394,-73.96518,0,0,Passing or Lane Usage Improper,4463433,18.8,13.1,0.0,0.0,0.0,0.0,3,18.1,37.4,330,Overcast,0,0,
24159,2021-09-30 20:05:00,40.80543,-73.92087,0,0,Unspecified,4462752,18.8,13.1,0.0,0.0,0.0,0.0,3,18.1,37.4,330,Overcast,0,0,
24160,2021-09-29 07:38:00,40.70302,-73.727776,2,0,Unspecified,4462208,19.9,11.3,0.0,0.0,0.0,0.0,3,20.6,41.8,331,Overcast,2,2,
24161,2021-09-29 07:45:00,40.72691,-73.80692,0,0,Passing or Lane Usage Improper,4462223,19.9,11.3,0.0,0.0,0.0,0.0,3,20.6,41.8,331,Overcast,0,0,
24162,2021-09-30 06:15:00,40.62149,-74.028885,0,0,Backing Unsafely,4463008,18.8,13.1,0.0,0.0,0.0,0.0,3,18.1,37.4,330,Overcast,0,0,
24163,2021-09-29 14:10:00,40.850475,-73.915436,0,0,Traffic Control Disregarded,4462449,19.9,11.3,0.0,0.0,0.0,0.0,3,20.6,41.8,331,Overcast,0,0,
24164,2021-10-01 19:07:00,40.759624,-73.99548,0,0,Driver Inattention/Distraction,4463347,19.4,9.5,0.0,0.0,0.0,0.0,0,13.8,28.1,302,Clear sky,0,0,Sunny/Clear Conditions
24165,2021-09-28 02:36:00,40.712864,-73.90478,1,0,Failure to Yield Right-of-Way,4462971,22.1,16.3,12.4,12.4,0.0,9.0,63,19.2,38.5,264,Rain: Moderate,1,1,
24166,2021-09-29 19:29:00,40.595596,-74.063126,1,0,Traffic Control Disregarded,4462802,19.9,11.3,0.0,0.0,0.0,0.0,3,20.6,41.8,331,Overcast,1,1,
24167,2021-09-30 14:45:00,40.743397,-73.9384,0,0,Driver Inattention/Distraction,4462683,18.8,13.1,0.0,0.0,0.0,0.0,3,18.1,37.4,330,Overcast,0,0,
24168,2021-09-29 14:25:00,40.79149,-73.93577,0,0,Following Too Closely,4462301,19.9,11.3,0.0,0.0,0.0,0.0,3,20.6,41.8,331,Overcast,0,0,
24169,2021-09-30 12:30:00,40.76199,-73.86934,1,0,Unspecified,4462834,18.8,13.1,0.0,0.0,0.0,0.0,3,18.1,37.4,330,Overcast,1,1,
24170,2021-09-30 08:45:00,40.797344,-73.968254,0,0,Passing Too Closely,4462508,18.8,13.1,0.0,0.0,0.0,0.0,3,18.1,37.4,330,Overcast,0,0,
24171,2021-10-01 14:35:00,40.738884,-73.79367,1,0,Driver Inattention/Distraction,4463118,19.4,9.5,0.0,0.0,0.0,0.0,0,13.8,28.1,302,Clear sky,1,1,Sunny/Clear Conditions
24172,2021-09-29 07:54:00,40.69549,-73.98713,0,0,Traffic Control Disregarded,4463040,19.9,11.3,0.0,0.0,0.0,0.0,3,20.6,41.8,331,Overcast,0,0,
24173,2021-09-30 21:37:00,40.822235,-73.88746,0,0,Passing Too Closely,4462839,18.8,13.1,0.0,0.0,0.0,0.0,3,18.1,37.4,330,Overcast,0,0,
24174,2021-09-29 23:10:00,40.760292,-73.90158,0,0,Driver Inattention/Distraction,4463294,19.9,11.3,0.0,0.0,0.0,0.0,3,20.6,41.8,331,Overcast,0,0,
24175,2021-09-29 11:13:00,0.0,0.0,0,0,Backing Unsafely,4462196,19.9,11.3,0.0,0.0,0.0,0.0,3,20.6,41.8,331,Overcast,0,0,
24176,2021-09-29 16:10:00,40.69993,-73.96188,4,0,Driver Inattention/Distraction,4462406,19.9,11.3,0.0,0.0,0.0,0.0,3,20.6,41.8,331,Overcast,4,4,
24177,2021-09-30 09:15:00,40.857414,-73.84662,0,0,Driver Inattention/Distraction,4462456,18.8,13.1,0.0,0.0,0.0,0.0,3,18.1,37.4,330,Overcast,0,0,
24178,2021-09-28 21:15:00,40.762024,-74.00116,1,0,Failure to Yield Right-of-Way,4463342,22.1,16.3,12.4,12.4,0.0,9.0,63,19.2,38.5,264,Rain: Moderate,1,1,
24179,2021-10-01 06:00:00,40.762745,-73.83329,0,0,Following Too Closely,4463172,19.4,9.5,0.0,0.0,0.0,0.0,0,13.8,28.1,302,Clear sky,0,0,Sunny/Clear Conditions
24180,2021-09-29 08:20:00,40.64507,-73.95803,0,0,Driver Inattention/Distraction,4462215,19.9,11.3,0.0,0.0,0.0,0.0,3,20.6,41.8,331,Overcast,0,0,
24181,2021-09-29 09:30:00,0.0,0.0,0,0,Unspecified,4462340,19.9,11.3,0.0,0.0,0.0,0.0,3,20.6,41.8,331,Overcast,0,0,
24182,2021-09-30 13:20:00,40.87167,-73.8486,0,0,Driver Inattention/Distraction,4463513,18.8,13.1,0.0,0.0,0.0,0.0,3,18.1,37.4,330,Overcast,0,0,
24183,2021-09-29 08:00:00,40.826283,-73.92566,0,0,Driver Inattention/Distraction,4462877,19.9,11.3,0.0,0.0,0.0,0.0,3,20.6,41.8,331,Overcast,0,0,
24184,2021-09-30 14:35:00,40.751522,-73.99396,0,0,Other Vehicular,4462580,18.8,13.1,0.0,0.0,0.0,0.0,3,18.1,37.4,330,Overcast,0,0,
24185,2021-10-01 17:00:00,40.63265,-73.97536,0,0,Passing Too Closely,4463408,19.4,9.5,0.0,0.0,0.0,0.0,0,13.8,28.1,302,Clear sky,0,0,Sunny/Clear Conditions
24186,2021-10-01 17:00:00,40.794735,-73.96988,0,0,Passing Too Closely,4462976,19.4,9.5,0.0,0.0,0.0,0.0,0,13.8,28.1,302,Clear sky,0,0,Sunny/Clear Conditions
24187,2021-09-30 12:30:00,40.611336,-73.89728,1,0,Unspecified,4462894,18.8,13.1,0.0,0.0,0.0,0.0,3,18.1,37.4,330,Overcast,1,1,
24188,2021-09-28 02:10:00,40.67821,-73.89552,0,0,Unspecified,4463782,22.1,16.3,12.4,12.4,0.0,9.0,63,19.2,38.5,264,Rain: Moderate,0,0,
24189,2021-09-30 12:45:00,40.769352,-73.83258,1,0,Passing or Lane Usage Improper,4462623,18.8,13.1,0.0,0.0,0.0,0.0,3,18.1,37.4,330,Overcast,1,1,
24190,2021-09-30 09:23:00,40.79525,-73.97321,1,0,Driverless/Runaway Vehicle,4462520,18.8,13.1,0.0,0.0,0.0,0.0,3,18.1,37.4,330,Overcast,1,1,
24191,2021-09-30 08:30:00,40.59514,-73.754,0,0,Failure to Yield Right-of-Way,4462767,18.8,13.1,0.0,0.0,0.0,0.0,3,18.1,37.4,330,Overcast,0,0,
24192,2021-09-29 14:30:00,40.72166,-73.98659,1,0,Unsafe Speed,4462295,19.9,11.3,0.0,0.0,0.0,0.0,3,20.6,41.8,331,Overcast,1,1,
24193,2021-09-28 15:55:00,40.650944,-73.95249,0,0,Unspecified,4463035,22.1,16.3,12.4,12.4,0.0,9.0,63,19.2,38.5,264,Rain: Moderate,0,0,
24194,2021-09-25 09:24:00,40.671474,-73.93088,4,0,Unsafe Speed,4463457,22.8,14.0,0.0,0.0,0.0,0.0,3,7.9,15.8,322,Overcast,4,4,
24195,2021-09-26 10:40:00,40.677032,-73.90993,0,0,Driver Inattention/Distraction,4463417,21.4,15.6,0.0,0.0,0.0,0.0,3,23.5,45.0,294,Overcast,0,0,
24196,2021-12-27 15:06:00,40.719395,-74.00189,0,0,Unspecified,4490132,2.7,-1.4,2.1,0.8,0.91,5.0,73,13.5,23.0,10,Snow fall: Moderate,0,0,Snowy Conditions
24197,2021-09-29 16:00:00,40.691902,-73.83562,0,0,Passing Too Closely,4462350,19.9,11.3,0.0,0.0,0.0,0.0,3,20.6,41.8,331,Overcast,0,0,
24198,2021-09-30 19:00:00,40.715263,-73.976326,1,0,Passing or Lane Usage Improper,4462725,18.8,13.1,0.0,0.0,0.0,0.0,3,18.1,37.4,330,Overcast,1,1,
24199,2021-09-30 09:15:00,40.88647,-73.89603,1,0,Unspecified,4463083,18.8,13.1,0.0,0.0,0.0,0.0,3,18.1,37.4,330,Overcast,1,1,
24200,2021-09-30 08:45:00,0.0,0.0,0,0,Turning Improperly,4462993,18.8,13.1,0.0,0.0,0.0,0.0,3,18.1,37.4,330,Overcast,0,0,
24201,2021-10-01 10:30:00,40.644093,-73.97635,0,0,Unspecified,4463375,19.4,9.5,0.0,0.0,0.0,0.0,0,13.8,28.1,302,Clear sky,0,0,Sunny/Clear Conditions
24202,2021-09-27 17:30:00,40.675186,-73.933304,0,0,Passing Too Closely,4463472,25.9,14.6,0.0,0.0,0.0,0.0,3,24.1,45.0,233,Overcast,0,0,
24203,2021-09-21 11:00:00,40.741394,-73.8848,1,0,Driver Inattention/Distraction,4462871,23.1,16.4,0.0,0.0,0.0,0.0,3,14.2,29.5,108,Overcast,1,1,
24204,2021-09-23 13:00:00,40.762074,-73.98628,1,0,Driver Inattention/Distraction,4462903,26.2,18.0,15.6,15.6,0.0,14.0,63,40.7,77.4,156,Rain: Moderate,1,1,
24205,2021-10-01 20:10:00,40.714066,-73.95163,1,0,Failure to Yield Right-of-Way,4463860,19.4,9.5,0.0,0.0,0.0,0.0,0,13.8,28.1,302,Clear sky,1,1,Sunny/Clear Conditions
24206,2021-09-29 17:35:00,40.66704,-73.86984,0,0,Unspecified,4463769,19.9,11.3,0.0,0.0,0.0,0.0,3,20.6,41.8,331,Overcast,0,0,
24207,2021-10-01 14:42:00,40.64881,-73.97749,1,0,Brakes Defective,4463221,19.4,9.5,0.0,0.0,0.0,0.0,0,13.8,28.1,302,Clear sky,1,1,Sunny/Clear Conditions
24208,2021-09-11 06:44:00,40.88736,-73.89426,0,0,Unspecified,4462961,24.7,12.9,0.0,0.0,0.0,0.0,3,16.6,34.2,246,Overcast,0,0,
24209,2021-10-01 16:59:00,40.583687,-73.94487,0,0,Driver Inattention/Distraction,4463144,19.4,9.5,0.0,0.0,0.0,0.0,0,13.8,28.1,302,Clear sky,0,0,Sunny/Clear Conditions
24210,2021-09-28 08:40:00,40.663754,-73.9115,0,0,Passing or Lane Usage Improper,4462866,22.1,16.3,12.4,12.4,0.0,9.0,63,19.2,38.5,264,Rain: Moderate,0,0,
24211,2021-10-01 23:20:00,40.718456,-73.99482,0,0,Unspecified,4463399,19.4,9.5,0.0,0.0,0.0,0.0,0,13.8,28.1,302,Clear sky,0,0,Sunny/Clear Conditions
24212,2021-09-30 16:10:00,40.58296,-74.112114,1,0,Driver Inattention/Distraction,4462720,18.8,13.1,0.0,0.0,0.0,0.0,3,18.1,37.4,330,Overcast,1,1,
24213,2021-09-23 19:25:00,40.685276,-73.77241,1,0,Reaction to Uninvolved Vehicle,4463650,26.2,18.0,15.6,15.6,0.0,14.0,63,40.7,77.4,156,Rain: Moderate,1,1,
24214,2021-09-28 00:31:00,40.66999,-73.85912,1,0,Unspecified,4463747,22.1,16.3,12.4,12.4,0.0,9.0,63,19.2,38.5,264,Rain: Moderate,1,1,
24215,2021-09-29 09:30:00,40.662468,-73.99226,1,0,Unspecified,4462668,19.9,11.3,0.0,0.0,0.0,0.0,3,20.6,41.8,331,Overcast,1,1,
24216,2021-09-29 00:00:00,40.732323,-74.00362,0,0,Unspecified,4462572,19.9,11.3,0.0,0.0,0.0,0.0,3,20.6,41.8,331,Overcast,0,0,
24217,2021-09-27 07:30:00,40.753075,-73.92139,0,0,Unspecified,4463187,25.9,14.6,0.0,0.0,0.0,0.0,3,24.1,45.0,233,Overcast,0,0,
24218,2021-09-30 17:40:00,40.85306,-73.931,0,0,Other Vehicular,4462988,18.8,13.1,0.0,0.0,0.0,0.0,3,18.1,37.4,330,Overcast,0,0,
24219,2021-10-01 19:00:00,40.717678,-73.81713,0,0,Turning Improperly,4463122,19.4,9.5,0.0,0.0,0.0,0.0,0,13.8,28.1,302,Clear sky,0,0,Sunny/Clear Conditions
24220,2021-10-01 20:40:00,40.676025,-73.80905,0,0,Passing or Lane Usage Improper,4463889,19.4,9.5,0.0,0.0,0.0,0.0,0,13.8,28.1,302,Clear sky,0,0,Sunny/Clear Conditions
24221,2021-10-01 15:26:00,40.576042,-73.99008,1,0,Driver Inattention/Distraction,4463446,19.4,9.5,0.0,0.0,0.0,0.0,0,13.8,28.1,302,Clear sky,1,1,Sunny/Clear Conditions
24222,2021-09-30 00:00:00,40.65588,-73.90999,0,0,Driver Inattention/Distraction,4462712,18.8,13.1,0.0,0.0,0.0,0.0,3,18.1,37.4,330,Overcast,0,0,
24223,2021-09-30 21:40:00,40.680977,-74.00498,0,0,Following Too Closely,4463062,18.8,13.1,0.0,0.0,0.0,0.0,3,18.1,37.4,330,Overcast,0,0,
24224,2021-09-30 20:27:00,40.681297,-73.93472,1,0,Unspecified,4463571,18.8,13.1,0.0,0.0,0.0,0.0,3,18.1,37.4,330,Overcast,1,1,
24225,2021-10-01 00:00:00,40.678444,-73.86886,0,0,Driver Inattention/Distraction,4463752,19.4,9.5,0.0,0.0,0.0,0.0,0,13.8,28.1,302,Clear sky,0,0,Sunny/Clear Conditions
24226,2021-09-30 06:46:00,40.634865,-74.02639,0,0,Unspecified,4462444,18.8,13.1,0.0,0.0,0.0,0.0,3,18.1,37.4,330,Overcast,0,0,
24227,2021-10-01 18:16:00,40.69706,-73.91933,0,0,Unspecified,4463025,19.4,9.5,0.0,0.0,0.0,0.0,0,13.8,28.1,302,Clear sky,0,0,Sunny/Clear Conditions
24228,2021-10-01 22:50:00,40.854836,-73.88319,0,0,Driver Inattention/Distraction,4463832,19.4,9.5,0.0,0.0,0.0,0.0,0,13.8,28.1,302,Clear sky,0,0,Sunny/Clear Conditions
24229,2021-10-01 14:39:00,40.766724,-73.83636,0,0,Passing Too Closely,4463167,19.4,9.5,0.0,0.0,0.0,0.0,0,13.8,28.1,302,Clear sky,0,0,Sunny/Clear Conditions
24230,2021-09-30 09:30:00,40.708687,-73.92657,0,0,Driver Inattention/Distraction,4463674,18.8,13.1,0.0,0.0,0.0,0.0,3,18.1,37.4,330,Overcast,0,0,
24231,2021-09-04 16:20:00,40.693703,-73.90505,0,0,Passing or Lane Usage Improper,4462813,25.2,14.5,0.0,0.0,0.0,0.0,3,15.4,27.0,289,Overcast,0,0,
24232,2021-09-29 09:20:00,40.725094,-73.98305,0,0,Following Too Closely,4462495,19.9,11.3,0.0,0.0,0.0,0.0,3,20.6,41.8,331,Overcast,0,0,
24233,2021-10-01 13:05:00,40.85132,-73.90842,0,0,Passing or Lane Usage Improper,4463734,19.4,9.5,0.0,0.0,0.0,0.0,0,13.8,28.1,302,Clear sky,0,0,Sunny/Clear Conditions
24234,2021-09-30 17:30:00,40.718075,-73.97511,0,0,Driver Inattention/Distraction,4462798,18.8,13.1,0.0,0.0,0.0,0.0,3,18.1,37.4,330,Overcast,0,0,
24235,2021-09-29 11:30:00,40.801342,-73.94598,0,0,Unspecified,4462269,19.9,11.3,0.0,0.0,0.0,0.0,3,20.6,41.8,331,Overcast,0,0,
24236,2021-09-30 17:02:00,40.681202,-73.78019,1,0,Failure to Yield Right-of-Way,4462761,18.8,13.1,0.0,0.0,0.0,0.0,3,18.1,37.4,330,Overcast,1,1,
24237,2021-09-29 17:50:00,40.83583,-73.89068,0,0,Unspecified,4462461,19.9,11.3,0.0,0.0,0.0,0.0,3,20.6,41.8,331,Overcast,0,0,
24238,2021-10-01 20:25:00,40.766647,-73.87018,1,0,Driver Inattention/Distraction,4463003,19.4,9.5,0.0,0.0,0.0,0.0,0,13.8,28.1,302,Clear sky,1,1,Sunny/Clear Conditions
24239,2022-04-01 03:40:00,40.86676,-73.920616,0,0,Traffic Control Disregarded,4515782,15.2,5.3,1.4,1.4,0.0,8.0,51,33.1,61.9,277,Drizzle: Light,0,0,
24240,2021-09-30 13:00:00,40.616413,-74.103516,1,0,Driver Inexperience,4463440,18.8,13.1,0.0,0.0,0.0,0.0,3,18.1,37.4,330,Overcast,1,1,
24241,2021-10-01 18:30:00,40.790813,-73.976456,0,0,Passing Too Closely,4463020,19.4,9.5,0.0,0.0,0.0,0.0,0,13.8,28.1,302,Clear sky,0,0,Sunny/Clear Conditions
24242,2021-09-29 06:08:00,40.682274,-73.99349,0,0,Unspecified,4463281,19.9,11.3,0.0,0.0,0.0,0.0,3,20.6,41.8,331,Overcast,0,0,
24243,2021-10-01 09:16:00,40.659584,-73.76785,2,0,Unspecified,4462830,19.4,9.5,0.0,0.0,0.0,0.0,0,13.8,28.1,302,Clear sky,2,2,Sunny/Clear Conditions
24244,2021-09-29 23:15:00,40.711643,-73.94392,0,0,Failure to Yield Right-of-Way,4462909,19.9,11.3,0.0,0.0,0.0,0.0,3,20.6,41.8,331,Overcast,0,0,
24245,2021-09-29 19:41:00,40.857605,-73.89124,0,0,Backing Unsafely,4463706,19.9,11.3,0.0,0.0,0.0,0.0,3,20.6,41.8,331,Overcast,0,0,
24246,2021-09-30 10:35:00,40.634506,-73.949455,0,0,Unspecified,4463424,18.8,13.1,0.0,0.0,0.0,0.0,3,18.1,37.4,330,Overcast,0,0,
24247,2021-09-30 00:11:00,40.71164,-73.83591,0,0,Other Vehicular,4462365,18.8,13.1,0.0,0.0,0.0,0.0,3,18.1,37.4,330,Overcast,0,0,
24248,2021-07-30 17:00:00,40.77074,-73.99455,1,0,Passing or Lane Usage Improper,4462881,27.6,19.1,0.0,0.0,0.0,0.0,1,24.2,45.7,310,Mainly clear,1,1,Sunny/Clear Conditions
24249,2021-09-30 07:00:00,40.701862,-73.94383,2,0,Unsafe Speed,4462628,18.8,13.1,0.0,0.0,0.0,0.0,3,18.1,37.4,330,Overcast,2,2,
24250,2021-09-30 18:07:00,40.672825,-73.93908,1,0,Driver Inattention/Distraction,4463464,18.8,13.1,0.0,0.0,0.0,0.0,3,18.1,37.4,330,Overcast,1,1,
24251,2021-09-30 18:00:00,40.66401,-73.88996,2,0,Driver Inattention/Distraction,4463770,18.8,13.1,0.0,0.0,0.0,0.0,3,18.1,37.4,330,Overcast,2,2,
24252,2021-09-16 20:33:00,40.71042,-73.85964,1,0,Pedestrian/Bicyclist/Other Pedestrian Error/Confusion,4462898,23.9,19.1,4.0,4.0,0.0,10.0,55,18.8,37.8,38,Drizzle: Dense,1,1,
24253,2021-09-30 05:34:00,40.680412,-73.85953,1,0,Unspecified,4462385,18.8,13.1,0.0,0.0,0.0,0.0,3,18.1,37.4,330,Overcast,1,1,
24254,2021-09-30 00:00:00,40.805058,-73.93904,1,0,Other Vehicular,4462573,18.8,13.1,0.0,0.0,0.0,0.0,3,18.1,37.4,330,Overcast,1,1,
24255,2021-09-30 19:17:00,40.669243,-73.80679,0,0,Passing or Lane Usage Improper,4462738,18.8,13.1,0.0,0.0,0.0,0.0,3,18.1,37.4,330,Overcast,0,0,
24256,2021-10-01 09:00:00,40.68777,-73.98701,0,0,Reaction to Uninvolved Vehicle,4463539,19.4,9.5,0.0,0.0,0.0,0.0,0,13.8,28.1,302,Clear sky,0,0,Sunny/Clear Conditions
24257,2021-09-29 19:35:00,40.748913,-73.9374,1,0,Failure to Yield Right-of-Way,4462310,19.9,11.3,0.0,0.0,0.0,0.0,3,20.6,41.8,331,Overcast,1,1,
24258,2021-09-30 20:10:00,40.72028,-73.86548,1,0,Driver Inattention/Distraction,4462964,18.8,13.1,0.0,0.0,0.0,0.0,3,18.1,37.4,330,Overcast,1,1,
24259,2021-10-01 16:59:00,40.815468,-73.905334,1,0,Unspecified,4463204,19.4,9.5,0.0,0.0,0.0,0.0,0,13.8,28.1,302,Clear sky,1,1,Sunny/Clear Conditions
24260,2021-09-29 07:50:00,40.87316,-73.87476,2,0,Passing or Lane Usage Improper,4462509,19.9,11.3,0.0,0.0,0.0,0.0,3,20.6,41.8,331,Overcast,2,2,
24261,2021-10-01 11:45:00,40.821003,-73.89787,0,0,Failure to Yield Right-of-Way,4462947,19.4,9.5,0.0,0.0,0.0,0.0,0,13.8,28.1,302,Clear sky,0,0,Sunny/Clear Conditions
24262,2021-09-30 19:28:00,40.82217,-73.95625,0,0,Unspecified,4463089,18.8,13.1,0.0,0.0,0.0,0.0,3,18.1,37.4,330,Overcast,0,0,
24263,2021-09-28 20:10:00,40.677574,-73.95548,1,0,Failure to Yield Right-of-Way,4463489,22.1,16.3,12.4,12.4,0.0,9.0,63,19.2,38.5,264,Rain: Moderate,1,1,
24264,2021-08-02 23:55:00,40.76428,-73.99859,0,0,Unspecified,4462886,26.4,17.2,0.0,0.0,0.0,0.0,3,18.4,37.4,313,Overcast,0,0,
24265,2021-10-01 20:37:00,40.731472,-73.91922,0,0,Unspecified,4463052,19.4,9.5,0.0,0.0,0.0,0.0,0,13.8,28.1,302,Clear sky,0,0,Sunny/Clear Conditions
24266,2021-09-19 14:30:00,40.81467,-73.93622,1,0,Traffic Control Disregarded,4462936,23.6,16.8,0.0,0.0,0.0,0.0,2,17.6,35.6,0,Partly cloudy,1,1,
24267,2021-12-27 09:29:00,40.835094,-73.88697,0,0,Passing Too Closely,4490473,2.7,-1.4,2.1,0.8,0.91,5.0,73,13.5,23.0,10,Snow fall: Moderate,0,0,Snowy Conditions
24268,2021-09-27 17:00:00,40.71729,-73.83208,0,0,Following Too Closely,4462899,25.9,14.6,0.0,0.0,0.0,0.0,3,24.1,45.0,233,Overcast,0,0,
24269,2021-10-01 04:09:00,40.67816,-73.897484,0,0,Unspecified,4463751,19.4,9.5,0.0,0.0,0.0,0.0,0,13.8,28.1,302,Clear sky,0,0,Sunny/Clear Conditions
24270,2021-10-01 16:20:00,40.66563,-73.73921,0,0,Passing or Lane Usage Improper,4463000,19.4,9.5,0.0,0.0,0.0,0.0,0,13.8,28.1,302,Clear sky,0,0,Sunny/Clear Conditions
24271,2021-10-01 15:00:00,40.719177,-73.79223,1,0,Driver Inattention/Distraction,4463101,19.4,9.5,0.0,0.0,0.0,0.0,0,13.8,28.1,302,Clear sky,1,1,Sunny/Clear Conditions
24272,2021-10-01 22:30:00,40.659412,-73.8708,2,0,Driver Inattention/Distraction,4463789,19.4,9.5,0.0,0.0,0.0,0.0,0,13.8,28.1,302,Clear sky,2,2,Sunny/Clear Conditions
24273,2021-09-15 00:00:00,40.880398,-73.907646,0,0,Driver Inattention/Distraction,4462957,29.6,20.7,0.3,0.3,0.0,3.0,51,21.6,40.7,192,Drizzle: Light,0,0,
24274,2021-09-30 13:23:00,40.713993,-73.880295,1,0,Failure to Yield Right-of-Way,4462557,18.8,13.1,0.0,0.0,0.0,0.0,3,18.1,37.4,330,Overcast,1,1,
24275,2021-09-15 08:30:00,40.7418,-73.924675,1,0,Driver Inattention/Distraction,4463139,29.6,20.7,0.3,0.3,0.0,3.0,51,21.6,40.7,192,Drizzle: Light,1,1,
24276,2021-12-27 19:05:00,40.535355,-74.15594,3,0,Driver Inattention/Distraction,4490258,2.7,-1.4,2.1,0.8,0.91,5.0,73,13.5,23.0,10,Snow fall: Moderate,3,3,Snowy Conditions
24277,2021-09-28 14:53:00,40.64479,-73.9546,1,0,Unspecified,4463032,22.1,16.3,12.4,12.4,0.0,9.0,63,19.2,38.5,264,Rain: Moderate,1,1,
24278,2021-10-01 06:30:00,40.75303,-73.92163,1,0,Unspecified,4463388,19.4,9.5,0.0,0.0,0.0,0.0,0,13.8,28.1,302,Clear sky,1,1,Sunny/Clear Conditions
24279,2021-10-01 01:00:00,40.850735,-73.902824,0,0,Passing Too Closely,4462803,19.4,9.5,0.0,0.0,0.0,0.0,0,13.8,28.1,302,Clear sky,0,0,Sunny/Clear Conditions
24280,2021-09-25 03:16:00,40.67614,-73.907166,0,0,Unspecified,4463059,22.8,14.0,0.0,0.0,0.0,0.0,3,7.9,15.8,322,Overcast,0,0,
24281,2021-09-30 08:10:00,40.859055,-73.88795,0,0,Passing Too Closely,4463717,18.8,13.1,0.0,0.0,0.0,0.0,3,18.1,37.4,330,Overcast,0,0,
24282,2021-09-26 11:42:00,40.83806,-73.94665,0,0,Passing Too Closely,4463129,21.4,15.6,0.0,0.0,0.0,0.0,3,23.5,45.0,294,Overcast,0,0,
24283,2021-09-30 12:18:00,40.780437,-73.94989,0,0,Lost Consciousness,4462925,18.8,13.1,0.0,0.0,0.0,0.0,3,18.1,37.4,330,Overcast,0,0,