,CRASH DATETIME,LATITUDE,LONGITUDE,NUMBER OF PERSONS INJURED,NUMBER OF PERSONS KILLED,CONTRIBUTING FACTOR VEHICLE 1,COLLISION_ID,temperature_2m_max,temperature_2m_min,precipitation_sum,rain_sum,snowfall_sum,precipitation_hours,weather_code,wind_speed_10m_max,wind_gusts_10m_max,wind_direction_10m_dominant,Weather Description,Severity_Score,Total_Affected_Persons,Weather_Category
24284,2021-09-30 02:16:00,40.640858,-74.16833,0,0,Driver Inattention/Distraction,4463182,18.8,13.1,0.0,0.0,0.0,0.0,3,18.1,37.4,330,Overcast,0,0,
24285,2021-09-30 07:28:00,40.88521,-73.88716,0,0,Unspecified,4463071,18.8,13.1,0.0,0.0,0.0,0.0,3,18.1,37.4,330,Overcast,0,0,
24286,2021-09-30 06:42:00,40.81914,-73.93719,0,0,Unspecified,4463827,18.8,13.1,0.0,0.0,0.0,0.0,3,18.1,37.4,330,Overcast,0,0,
24287,2021-09-30 10:00:00,40.674625,-73.88893,0,0,Unspecified,4463808,18.8,13.1,0.0,0.0,0.0,0.0,3,18.1,37.4,330,Overcast,0,0,
24288,2021-09-30 17:00:00,40.82843,-73.88105,0,0,Unspecified,4462867,18.8,13.1,0.0,0.0,0.0,0.0,3,18.1,37.4,330,Overcast,0,0,
24289,2021-10-01 11:00:00,40.58939,-73.97189,0,0,Driver Inattention/Distraction,4463683,19.4,9.5,0.0,0.0,0.0,0.0,0,13.8,28.1,302,Clear sky,0,0,Sunny/Clear Conditions
24290,2021-08-03 16:25:00,40.866703,-73.83815,1,0,Unspecified,4463505,24.2,15.3,0.0,0.0,0.0,0.0,3,10.7,21.2,7,Overcast,1,1,
24291,2021-09-29 02:23:00,40.722458,-73.95479,0,0,Alcohol Involvement,4462163,19.9,11.3,0.0,0.0,0.0,0.0,3,20.6,41.8,331,Overcast,0,0,
24292,2021-09-30 00:50:00,40.765423,-73.89001,0,0,Unspecified,4462395,18.8,13.1,0.0,0.0,0.0,0.0,3,18.1,37.4,330,Overcast,0,0,
24293,2021-09-30 10:50:00,40.669518,-73.89424,0,0,Backing Unsafely,4463730,18.8,13.1,0.0,0.0,0.0,0.0,3,18.1,37.4,330,Overcast,0,0,
24294,2021-09-30 05:00:00,40.834114,-73.86327,0,0,Driver Inattention/Distraction,4462979,18.8,13.1,0.0,0.0,0.0,0.0,3,18.1,37.4,330,Overcast,0,0,
24295,2021-09-16 21:35:00,40.736336,-73.98301,0,0,Driver Inattention/Distraction,4463271,23.9,19.1,4.0,4.0,0.0,10.0,55,18.8,37.8,38,Drizzle: Dense,0,0,
24296,2021-09-30 16:30:00,40.59518,-73.76198,0,0,Unspecified,4462781,18.8,13.1,0.0,0.0,0.0,0.0,3,18.1,37.4,330,Overcast,0,0,
24297,2021-09-30 14:42:00,40.595325,-74.15986,0,0,Driver Inattention/Distraction,4462913,18.8,13.1,0.0,0.0,0.0,0.0,3,18.1,37.4,330,Overcast,0,0,
24298,2021-10-01 17:30:00,40.76259,-73.78547,1,0,Driver Inattention/Distraction,4463015,19.4,9.5,0.0,0.0,0.0,0.0,0,13.8,28.1,302,Clear sky,1,1,Sunny/Clear Conditions
24299,2021-09-29 07:00:00,40.703747,-73.954445,0,0,Passing or Lane Usage Improper,4462401,19.9,11.3,0.0,0.0,0.0,0.0,3,20.6,41.8,331,Overcast,0,0,
24300,2021-09-29 16:43:00,40.602474,-74.12064,0,0,Driver Inattention/Distraction,4462304,19.9,11.3,0.0,0.0,0.0,0.0,3,20.6,41.8,331,Overcast,0,0,
24301,2021-09-29 15:55:00,40.75585,-73.88259,0,0,Unspecified,4462393,19.9,11.3,0.0,0.0,0.0,0.0,3,20.6,41.8,331,Overcast,0,0,
24302,2021-09-30 11:10:00,40.680157,-73.9119,1,0,Illnes,4462742,18.8,13.1,0.0,0.0,0.0,0.0,3,18.1,37.4,330,Overcast,1,1,
24303,2021-09-30 09:45:00,40.739162,-73.78556,0,0,Unspecified,4462601,18.8,13.1,0.0,0.0,0.0,0.0,3,18.1,37.4,330,Overcast,0,0,
24304,2021-09-30 04:10:00,40.755657,-73.76717,1,0,Following Too Closely,4462361,18.8,13.1,0.0,0.0,0.0,0.0,3,18.1,37.4,330,Overcast,1,1,
24305,2021-09-29 08:25:00,40.894054,-73.86248,1,0,Driver Inattention/Distraction,4462613,19.9,11.3,0.0,0.0,0.0,0.0,3,20.6,41.8,331,Overcast,1,1,
24306,2021-10-01 19:40:00,40.711975,-73.99782,1,0,Driver Inattention/Distraction,4463305,19.4,9.5,0.0,0.0,0.0,0.0,0,13.8,28.1,302,Clear sky,1,1,Sunny/Clear Conditions
24307,2021-09-23 20:30:00,40.71546,-73.94961,1,0,Failure to Yield Right-of-Way,4463879,26.2,18.0,15.6,15.6,0.0,14.0,63,40.7,77.4,156,Rain: Moderate,1,1,
24308,2021-09-29 11:25:00,40.58539,-73.81466,0,0,Unspecified,4463551,19.9,11.3,0.0,0.0,0.0,0.0,3,20.6,41.8,331,Overcast,0,0,
24309,2021-09-29 14:35:00,40.87926,-73.86962,0,0,Driver Inattention/Distraction,4462641,19.9,11.3,0.0,0.0,0.0,0.0,3,20.6,41.8,331,Overcast,0,0,
24310,2021-10-01 14:34:00,40.56274,-74.11755,0,0,Following Too Closely,4463043,19.4,9.5,0.0,0.0,0.0,0.0,0,13.8,28.1,302,Clear sky,0,0,Sunny/Clear Conditions
24311,2021-10-01 06:30:00,40.724636,-73.94818,1,0,Failure to Yield Right-of-Way,4462766,19.4,9.5,0.0,0.0,0.0,0.0,0,13.8,28.1,302,Clear sky,1,1,Sunny/Clear Conditions
24312,2021-10-01 13:30:00,40.843002,-73.90359,1,0,Failure to Yield Right-of-Way,4463324,19.4,9.5,0.0,0.0,0.0,0.0,0,13.8,28.1,302,Clear sky,1,1,Sunny/Clear Conditions
24313,2021-09-30 12:30:00,40.66652,-73.73645,1,0,Unspecified,4462542,18.8,13.1,0.0,0.0,0.0,0.0,3,18.1,37.4,330,Overcast,1,1,
24314,2021-09-30 11:45:00,40.650948,-74.00793,0,0,Unspecified,4462918,18.8,13.1,0.0,0.0,0.0,0.0,3,18.1,37.4,330,Overcast,0,0,
24315,2021-09-30 07:40:00,40.66157,-73.91548,1,0,Unspecified,4462706,18.8,13.1,0.0,0.0,0.0,0.0,3,18.1,37.4,330,Overcast,1,1,
24316,2021-10-01 15:35:00,40.79926,-73.97489,0,0,Driver Inattention/Distraction,4462951,19.4,9.5,0.0,0.0,0.0,0.0,0,13.8,28.1,302,Clear sky,0,0,Sunny/Clear Conditions
24317,2021-09-24 18:10:00,40.75708,-73.97956,0,0,Unspecified,4463074,22.4,15.6,26.0,26.0,0.0,9.0,63,14.2,29.9,274,Rain: Moderate,0,0,
24318,2021-10-01 05:17:00,40.836296,-73.87369,1,0,Driver Inattention/Distraction,4463240,19.4,9.5,0.0,0.0,0.0,0.0,0,13.8,28.1,302,Clear sky,1,1,Sunny/Clear Conditions
24319,2021-10-01 11:30:00,40.838844,-73.87817,0,0,Following Too Closely,4463816,19.4,9.5,0.0,0.0,0.0,0.0,0,13.8,28.1,302,Clear sky,0,0,Sunny/Clear Conditions
24320,2021-09-30 10:50:00,40.850067,-73.90281,0,0,Backing Unsafely,4462808,18.8,13.1,0.0,0.0,0.0,0.0,3,18.1,37.4,330,Overcast,0,0,
24321,2021-07-29 14:57:00,40.909866,-73.89662,1,0,Unspecified,4462968,25.3,20.4,33.0,33.0,0.0,11.0,65,26.1,50.8,182,Rain: Heavy,1,1,
24322,2021-10-01 13:36:00,40.831146,-73.82236,0,0,Unspecified,4463843,19.4,9.5,0.0,0.0,0.0,0.0,0,13.8,28.1,302,Clear sky,0,0,Sunny/Clear Conditions
24323,2021-10-01 22:44:00,40.6247,-73.94358,1,0,Unspecified,4463094,19.4,9.5,0.0,0.0,0.0,0.0,0,13.8,28.1,302,Clear sky,1,1,Sunny/Clear Conditions
24324,2021-09-28 22:00:00,40.677357,-73.88687,0,0,Backing Unsafely,4463768,22.1,16.3,12.4,12.4,0.0,9.0,63,19.2,38.5,264,Rain: Moderate,0,0,
24325,2021-10-01 05:20:00,40.740776,-73.89862,0,0,Driver Inattention/Distraction,4462940,19.4,9.5,0.0,0.0,0.0,0.0,0,13.8,28.1,302,Clear sky,0,0,Sunny/Clear Conditions
24326,2021-10-01 10:55:00,40.67327,-73.9474,0,0,Following Too Closely,4463583,19.4,9.5,0.0,0.0,0.0,0.0,0,13.8,28.1,302,Clear sky,0,0,Sunny/Clear Conditions
24327,2021-09-29 14:01:00,40.614643,-73.936806,0,0,Failure to Yield Right-of-Way,4463256,19.9,11.3,0.0,0.0,0.0,0.0,3,20.6,41.8,331,Overcast,0,0,
24328,2021-10-01 16:30:00,40.60058,-73.99161,0,0,Passing or Lane Usage Improper,4463308,19.4,9.5,0.0,0.0,0.0,0.0,0,13.8,28.1,302,Clear sky,0,0,Sunny/Clear Conditions
24329,2021-10-01 00:00:00,40.734497,-73.72287,0,0,Driver Inattention/Distraction,4462996,19.4,9.5,0.0,0.0,0.0,0.0,0,13.8,28.1,302,Clear sky,0,0,Sunny/Clear Conditions
24330,2021-10-01 18:00:00,40.861862,-73.91275,0,0,Passing or Lane Usage Improper,4463158,19.4,9.5,0.0,0.0,0.0,0.0,0,13.8,28.1,302,Clear sky,0,0,Sunny/Clear Conditions
24331,2021-09-27 11:30:00,40.668373,-73.92264,0,0,Driver Inattention/Distraction,4463468,25.9,14.6,0.0,0.0,0.0,0.0,3,24.1,45.0,233,Overcast,0,0,
24332,2021-08-17 14:47:00,40.69631,-73.997086,1,0,Traffic Control Disregarded,4463529,26.4,22.2,1.6,1.6,0.0,2.0,55,20.3,39.2,158,Drizzle: Dense,1,1,
24333,2021-10-01 21:29:00,40.888798,-73.85316,0,0,Driver Inattention/Distraction,4463497,19.4,9.5,0.0,0.0,0.0,0.0,0,13.8,28.1,302,Clear sky,0,0,Sunny/Clear Conditions
24334,2021-09-30 13:00:00,40.6915,-73.90956,0,0,Passing Too Closely,4462822,18.8,13.1,0.0,0.0,0.0,0.0,3,18.1,37.4,330,Overcast,0,0,
24335,2021-09-21 19:30:00,0.0,0.0,0,0,Unspecified,4463621,23.1,16.4,0.0,0.0,0.0,0.0,3,14.2,29.5,108,Overcast,0,0,
24336,2021-04-01 16:07:00,40.80662,-73.91762,0,0,Unspecified,4463201,11.1,2.9,6.5,6.5,0.0,11.0,63,28.5,53.6,323,Rain: Moderate,0,0,
24337,2021-09-16 03:00:00,40.6481,-73.91474,0,0,Unspecified,4463028,23.9,19.1,4.0,4.0,0.0,10.0,55,18.8,37.8,38,Drizzle: Dense,0,0,
24338,2021-10-01 06:36:00,40.74568,-73.97213,1,0,Driver Inattention/Distraction,4462835,19.4,9.5,0.0,0.0,0.0,0.0,0,13.8,28.1,302,Clear sky,1,1,Sunny/Clear Conditions
24339,2021-09-29 12:40:00,40.658722,-73.97517,1,0,Unspecified,4462923,19.9,11.3,0.0,0.0,0.0,0.0,3,20.6,41.8,331,Overcast,1,1,
24340,2021-08-30 17:30:00,40.82866,-73.87824,1,0,Backing Unsafely,4462840,28.7,21.7,3.9,3.9,0.0,7.0,63,14.7,33.8,231,Rain: Moderate,1,1,
24341,2021-12-27 21:10:00,40.642796,-74.00197,1,0,Failure to Yield Right-of-Way,4490324,2.7,-1.4,2.1,0.8,0.91,5.0,73,13.5,23.0,10,Snow fall: Moderate,1,1,Snowy Conditions
24342,2021-09-29 17:00:00,0.0,0.0,0,0,Unspecified,4462457,19.9,11.3,0.0,0.0,0.0,0.0,3,20.6,41.8,331,Overcast,0,0,
24343,2021-09-29 06:22:00,40.6492,-73.95841,2,0,Turning Improperly,4462216,19.9,11.3,0.0,0.0,0.0,0.0,3,20.6,41.8,331,Overcast,2,2,
24344,2021-09-29 20:21:00,40.766502,-73.99418,1,0,Traffic Control Disregarded,4462429,19.9,11.3,0.0,0.0,0.0,0.0,3,20.6,41.8,331,Overcast,1,1,
24345,2021-09-29 06:40:00,40.72839,-73.83302,0,0,Following Too Closely,4462242,19.9,11.3,0.0,0.0,0.0,0.0,3,20.6,41.8,331,Overcast,0,0,
24346,2021-09-30 10:35:00,40.61929,-73.94837,3,0,Brakes Defective,4463422,18.8,13.1,0.0,0.0,0.0,0.0,3,18.1,37.4,330,Overcast,3,3,
24347,2021-09-29 11:10:00,40.876022,-73.83387,1,0,Driver Inattention/Distraction,4462452,19.9,11.3,0.0,0.0,0.0,0.0,3,20.6,41.8,331,Overcast,1,1,
24348,2021-10-01 09:51:00,40.806786,-73.92335,0,0,Unspecified,4463195,19.4,9.5,0.0,0.0,0.0,0.0,0,13.8,28.1,302,Clear sky,0,0,Sunny/Clear Conditions
24349,2021-09-30 11:25:00,40.681805,-73.94987,1,0,Driver Inattention/Distraction,4462658,18.8,13.1,0.0,0.0,0.0,0.0,3,18.1,37.4,330,Overcast,1,1,
24350,2021-09-29 17:20:00,40.65362,-73.93352,1,0,Driver Inattention/Distraction,4462294,19.9,11.3,0.0,0.0,0.0,0.0,3,20.6,41.8,331,Overcast,1,1,
24351,2021-10-01 18:30:00,40.725674,-74.00578,0,0,Unspecified,4462983,19.4,9.5,0.0,0.0,0.0,0.0,0,13.8,28.1,302,Clear sky,0,0,Sunny/Clear Conditions
24352,2021-09-29 11:53:00,40.768646,-73.96983,1,0,Driver Inattention/Distraction,4462481,19.9,11.3,0.0,0.0,0.0,0.0,3,20.6,41.8,331,Overcast,1,1,
24353,2021-10-01 22:30:00,40.71001,-73.79474,1,0,Failure to Yield Right-of-Way,4463112,19.4,9.5,0.0,0.0,0.0,0.0,0,13.8,28.1,302,Clear sky,1,1,Sunny/Clear Conditions
24354,2021-09-30 15:00:00,40.619247,-73.92208,0,0,Failure to Yield Right-of-Way,4462680,18.8,13.1,0.0,0.0,0.0,0.0,3,18.1,37.4,330,Overcast,0,0,
24355,2021-09-29 07:23:00,40.704426,-73.82577,0,0,Passing or Lane Usage Improper,4462181,19.9,11.3,0.0,0.0,0.0,0.0,3,20.6,41.8,331,Overcast,0,0,
24356,2021-09-29 17:49:00,40.82322,-73.882996,0,0,Backing Unsafely,4462854,19.9,11.3,0.0,0.0,0.0,0.0,3,20.6,41.8,331,Overcast,0,0,
24357,2021-09-30 06:11:00,40.54443,-74.165405,0,0,Unsafe Lane Changing,4462430,18.8,13.1,0.0,0.0,0.0,0.0,3,18.1,37.4,330,Overcast,0,0,
24358,2021-09-30 09:30:00,40.712357,-73.8263,1,0,Following Too Closely,4462785,18.8,13.1,0.0,0.0,0.0,0.0,3,18.1,37.4,330,Overcast,1,1,
24359,2021-10-01 19:19:00,40.762955,-73.793274,1,0,Other Vehicular,4463177,19.4,9.5,0.0,0.0,0.0,0.0,0,13.8,28.1,302,Clear sky,1,1,Sunny/Clear Conditions
24360,2021-10-01 19:08:00,40.721676,-73.835976,1,0,Driver Inattention/Distraction,4463011,19.4,9.5,0.0,0.0,0.0,0.0,0,13.8,28.1,302,Clear sky,1,1,Sunny/Clear Conditions
24361,2021-10-01 12:30:00,40.665634,-73.75817,0,0,Passing or Lane Usage Improper,4462994,19.4,9.5,0.0,0.0,0.0,0.0,0,13.8,28.1,302,Clear sky,0,0,Sunny/Clear Conditions
24362,2021-10-01 08:20:00,40.757732,-73.99686,0,0,Passing Too Closely,4463346,19.4,9.5,0.0,0.0,0.0,0.0,0,13.8,28.1,302,Clear sky,0,0,Sunny/Clear Conditions
24363,2021-09-29 21:15:00,40.703083,-73.85766,0,0,Other Vehicular,4462972,19.9,11.3,0.0,0.0,0.0,0.0,3,20.6,41.8,331,Overcast,0,0,
24364,2021-09-26 15:24:00,40.89121,-73.86076,0,0,Driverless/Runaway Vehicle,4463494,21.4,15.6,0.0,0.0,0.0,0.0,3,23.5,45.0,294,Overcast,0,0,
24365,2021-09-12 03:50:00,40.689915,-73.7779,0,0,Passing Too Closely,4463651,28.8,18.3,0.0,0.0,0.0,0.0,3,24.3,46.8,233,Overcast,0,0,
24366,2021-09-30 01:15:00,40.70029,-73.92904,0,0,Driver Inattention/Distraction,4462472,18.8,13.1,0.0,0.0,0.0,0.0,3,18.1,37.4,330,Overcast,0,0,
24367,2021-09-30 16:15:00,40.757885,-73.898926,1,0,Driver Inattention/Distraction,4462833,18.8,13.1,0.0,0.0,0.0,0.0,3,18.1,37.4,330,Overcast,1,1,
24368,2021-10-01 13:45:00,40.857327,-73.904526,1,0,Failure to Yield Right-of-Way,4463735,19.4,9.5,0.0,0.0,0.0,0.0,0,13.8,28.1,302,Clear sky,1,1,Sunny/Clear Conditions
24369,2021-10-01 07:30:00,40.740463,-73.78193,0,0,Driver Inattention/Distraction,4463119,19.4,9.5,0.0,0.0,0.0,0.0,0,13.8,28.1,302,Clear sky,0,0,Sunny/Clear Conditions
24370,2021-09-30 10:30:00,40.709217,-73.77562,0,0,Driver Inexperience,4462505,18.8,13.1,0.0,0.0,0.0,0.0,3,18.1,37.4,330,Overcast,0,0,
24371,2021-09-02 16:20:00,40.6992,-73.92309,1,0,Driver Inattention/Distraction,4462812,24.5,15.0,24.6,24.6,0.0,5.0,65,43.0,83.5,344,Rain: Heavy,1,1,
24372,2021-09-30 20:01:00,40.628445,-74.15413,5,0,Unsafe Speed,4463176,18.8,13.1,0.0,0.0,0.0,0.0,3,18.1,37.4,330,Overcast,5,5,
24373,2021-09-29 12:50:00,40.728954,-73.847565,1,0,Driver Inattention/Distraction,4462197,19.9,11.3,0.0,0.0,0.0,0.0,3,20.6,41.8,331,Overcast,1,1,
24374,2021-09-29 08:05:00,40.726074,-73.77865,1,0,Failure to Yield Right-of-Way,4462240,19.9,11.3,0.0,0.0,0.0,0.0,3,20.6,41.8,331,Overcast,1,1,
24375,2021-09-30 11:45:00,40.63796,-73.89435,2,0,Failure to Yield Right-of-Way,4462670,18.8,13.1,0.0,0.0,0.0,0.0,3,18.1,37.4,330,Overcast,2,2,
24376,2021-09-18 02:00:00,40.770306,-73.91901,0,0,Driver Inattention/Distraction,4463189,27.1,19.2,0.2,0.2,0.0,2.0,51,14.6,25.9,349,Drizzle: Light,0,0,
24377,2021-09-29 11:10:00,40.629345,-74.127205,0,0,Reaction to Uninvolved Vehicle,4463447,19.9,11.3,0.0,0.0,0.0,0.0,3,20.6,41.8,331,Overcast,0,0,
24378,2021-09-30 16:16:00,40.624855,-73.99195,0,0,Unspecified,4463370,18.8,13.1,0.0,0.0,0.0,0.0,3,18.1,37.4,330,Overcast,0,0,
24379,2021-09-16 06:35:00,40.848118,-73.93089,0,0,Driver Inattention/Distraction,4462987,23.9,19.1,4.0,4.0,0.0,10.0,55,18.8,37.8,38,Drizzle: Dense,0,0,
24380,2021-10-01 15:40:00,40.58751,-73.95234,0,0,Following Too Closely,4463145,19.4,9.5,0.0,0.0,0.0,0.0,0,13.8,28.1,302,Clear sky,0,0,Sunny/Clear Conditions
24381,2021-09-30 20:28:00,40.87022,-73.9147,2,0,Failure to Yield Right-of-Way,4462989,18.8,13.1,0.0,0.0,0.0,0.0,3,18.1,37.4,330,Overcast,2,2,
24382,2021-09-29 10:00:00,40.653442,-73.93639,0,0,Brakes Defective,4463594,19.9,11.3,0.0,0.0,0.0,0.0,3,20.6,41.8,331,Overcast,0,0,
24383,2021-09-29 13:50:00,40.82304,-73.88193,1,0,Unspecified,4462283,19.9,11.3,0.0,0.0,0.0,0.0,3,20.6,41.8,331,Overcast,1,1,
24384,2021-09-29 16:00:00,40.612846,-73.9552,0,0,Driver Inattention/Distraction,4462376,19.9,11.3,0.0,0.0,0.0,0.0,3,20.6,41.8,331,Overcast,0,0,
24385,2021-09-30 14:47:00,40.630577,-73.88591,4,0,Following Too Closely,4462661,18.8,13.1,0.0,0.0,0.0,0.0,3,18.1,37.4,330,Overcast,4,4,
24386,2021-09-30 08:15:00,40.798225,-73.9524,0,0,Driver Inattention/Distraction,4462537,18.8,13.1,0.0,0.0,0.0,0.0,3,18.1,37.4,330,Overcast,0,0,
24387,2021-09-29 16:20:00,40.88437,-73.90105,0,0,Traffic Control Disregarded,4462955,19.9,11.3,0.0,0.0,0.0,0.0,3,20.6,41.8,331,Overcast,0,0,
24388,2021-09-30 00:00:00,40.70166,-73.961464,0,0,Passing or Lane Usage Improper,4462631,18.8,13.1,0.0,0.0,0.0,0.0,3,18.1,37.4,330,Overcast,0,0,
24389,2021-09-29 09:15:00,40.665348,-73.72986,0,0,Following Too Closely,4462207,19.9,11.3,0.0,0.0,0.0,0.0,3,20.6,41.8,331,Overcast,0,0,
24390,2021-09-30 22:48:00,40.693455,-73.913506,0,0,Unspecified,4462823,18.8,13.1,0.0,0.0,0.0,0.0,3,18.1,37.4,330,Overcast,0,0,
24391,2021-10-01 16:33:00,40.7463,-73.971664,1,0,Driver Inattention/Distraction,4463051,19.4,9.5,0.0,0.0,0.0,0.0,0,13.8,28.1,302,Clear sky,1,1,Sunny/Clear Conditions
24392,2021-09-29 07:45:00,40.790253,-73.94564,0,0,Unspecified,4462302,19.9,11.3,0.0,0.0,0.0,0.0,3,20.6,41.8,331,Overcast,0,0,
24393,2021-09-29 10:00:00,40.714214,-73.94773,1,0,Driver Inattention/Distraction,4462801,19.9,11.3,0.0,0.0,0.0,0.0,3,20.6,41.8,331,Overcast,1,1,
24394,2021-09-29 07:45:00,40.58493,-73.95269,0,0,Driver Inattention/Distraction,4462162,19.9,11.3,0.0,0.0,0.0,0.0,3,20.6,41.8,331,Overcast,0,0,
24395,2021-09-29 16:49:00,40.829754,-73.87374,0,0,Other Vehicular,4462855,19.9,11.3,0.0,0.0,0.0,0.0,3,20.6,41.8,331,Overcast,0,0,
24396,2021-09-30 12:15:00,0.0,0.0,0,0,Turning Improperly,4463546,18.8,13.1,0.0,0.0,0.0,0.0,3,18.1,37.4,330,Overcast,0,0,
24397,2021-09-30 15:55:00,40.718555,-73.988205,2,0,Driver Inattention/Distraction,4462792,18.8,13.1,0.0,0.0,0.0,0.0,3,18.1,37.4,330,Overcast,2,2,
24398,2021-09-29 08:29:00,40.74616,-73.97913,0,0,Failure to Yield Right-of-Way,4462274,19.9,11.3,0.0,0.0,0.0,0.0,3,20.6,41.8,331,Overcast,0,0,
24399,2021-09-30 07:28:00,40.674496,-73.90629,2,0,Driver Inattention/Distraction,4462708,18.8,13.1,0.0,0.0,0.0,0.0,3,18.1,37.4,330,Overcast,2,2,
24400,2021-10-01 17:40:00,40.73873,-73.81428,1,0,Following Too Closely,4463021,19.4,9.5,0.0,0.0,0.0,0.0,0,13.8,28.1,302,Clear sky,1,1,Sunny/Clear Conditions
24401,2021-09-29 21:30:00,40.753677,-73.914474,1,0,Unspecified,4463293,19.9,11.3,0.0,0.0,0.0,0.0,3,20.6,41.8,331,Overcast,1,1,
24402,2021-09-29 22:25:00,40.718273,-73.90219,1,0,Other Vehicular,4462423,19.9,11.3,0.0,0.0,0.0,0.0,3,20.6,41.8,331,Overcast,1,1,
24403,2021-12-27 13:15:00,40.84664,-73.92568,0,0,Following Too Closely,4490157,2.7,-1.4,2.1,0.8,0.91,5.0,73,13.5,23.0,10,Snow fall: Moderate,0,0,Snowy Conditions
24404,2022-03-31 13:50:00,40.600224,-73.96032,0,0,Unspecified,4515280,19.0,3.5,12.0,12.0,0.0,4.0,65,37.8,67.3,194,Rain: Heavy,0,0,
24405,2021-09-30 13:50:00,40.668102,-73.980576,0,0,Backing Unsafely,4462908,18.8,13.1,0.0,0.0,0.0,0.0,3,18.1,37.4,330,Overcast,0,0,
24406,2021-09-23 00:00:00,40.85221,-73.78818,0,0,Unspecified,4463824,26.2,18.0,15.6,15.6,0.0,14.0,63,40.7,77.4,156,Rain: Moderate,0,0,
24407,2021-09-29 11:45:00,40.735085,-73.98735,0,0,Backing Unsafely,4462258,19.9,11.3,0.0,0.0,0.0,0.0,3,20.6,41.8,331,Overcast,0,0,
24408,2021-09-29 10:00:00,40.83639,-73.91588,0,0,Driver Inattention/Distraction,4462876,19.9,11.3,0.0,0.0,0.0,0.0,3,20.6,41.8,331,Overcast,0,0,
24409,2021-10-01 09:30:00,40.67215,-73.843185,1,0,Lost Consciousness,4463898,19.4,9.5,0.0,0.0,0.0,0.0,0,13.8,28.1,302,Clear sky,1,1,Sunny/Clear Conditions
24410,2021-09-30 13:40:00,40.725906,-73.9354,0,0,Backing Unsafely,4462734,18.8,13.1,0.0,0.0,0.0,0.0,3,18.1,37.4,330,Overcast,0,0,
24411,2021-09-29 19:50:00,40.842876,-73.844734,0,0,Unspecified,4462592,19.9,11.3,0.0,0.0,0.0,0.0,3,20.6,41.8,331,Overcast,0,0,
24412,2021-09-22 14:35:00,40.70922,-73.90588,1,0,Failure to Yield Right-of-Way,4463516,25.3,19.9,5.1,5.1,0.0,15.0,61,29.3,55.1,154,Rain: Light,1,1,
24413,2021-12-27 13:30:00,40.757847,-73.89922,1,0,Driver Inattention/Distraction,4490417,2.7,-1.4,2.1,0.8,0.91,5.0,73,13.5,23.0,10,Snow fall: Moderate,1,1,Snowy Conditions
24414,2021-09-09 16:56:00,40.895447,-73.88002,1,0,Driver Inattention/Distraction,4463134,22.4,19.8,18.4,18.4,0.0,15.0,63,17.5,39.2,271,Rain: Moderate,1,1,
24415,2021-10-01 10:02:00,40.663906,-73.95098,0,1,Driver Inattention/Distraction,4462982,19.4,9.5,0.0,0.0,0.0,0.0,0,13.8,28.1,302,Clear sky,20,1,Sunny/Clear Conditions
24416,2021-09-30 14:00:00,40.69496,-73.93978,1,0,Driver Inattention/Distraction,4463570,18.8,13.1,0.0,0.0,0.0,0.0,3,18.1,37.4,330,Overcast,1,1,
24417,2021-10-01 08:40:00,40.696167,-73.8045,1,0,Failure to Yield Right-of-Way,4462950,19.4,9.5,0.0,0.0,0.0,0.0,0,13.8,28.1,302,Clear sky,1,1,Sunny/Clear Conditions
24418,2021-09-29 18:13:00,40.760105,-73.77013,0,0,Driver Inattention/Distraction,4462324,19.9,11.3,0.0,0.0,0.0,0.0,3,20.6,41.8,331,Overcast,0,0,
24419,2021-09-29 14:20:00,40.687103,-73.89251,1,0,Following Too Closely,4462448,19.9,11.3,0.0,0.0,0.0,0.0,3,20.6,41.8,331,Overcast,1,1,
24420,2021-10-01 15:04:00,40.754986,-73.74535,0,0,Following Too Closely,4463014,19.4,9.5,0.0,0.0,0.0,0.0,0,13.8,28.1,302,Clear sky,0,0,Sunny/Clear Conditions
24421,2021-09-29 08:40:00,40.723835,-73.97357,1,0,Unsafe Lane Changing,4462494,19.9,11.3,0.0,0.0,0.0,0.0,3,20.6,41.8,331,Overcast,1,1,
24422,2021-09-30 10:05:00,40.67164,-73.95034,1,0,Unsafe Speed,4463488,18.8,13.1,0.0,0.0,0.0,0.0,3,18.1,37.4,330,Overcast,1,1,
24423,2021-09-30 16:02:00,40.763035,-73.924515,1,0,Turning Improperly,4462816,18.8,13.1,0.0,0.0,0.0,0.0,3,18.1,37.4,330,Overcast,1,1,
24424,2021-09-30 01:07:00,40.830933,-73.89156,0,0,Unspecified,4462466,18.8,13.1,0.0,0.0,0.0,0.0,3,18.1,37.4,330,Overcast,0,0,
24425,2021-09-27 08:36:00,40.80304,-73.868904,0,0,Driver Inattention/Distraction,4463376,25.9,14.6,0.0,0.0,0.0,0.0,3,24.1,45.0,233,Overcast,0,0,
24426,2021-09-29 15:20:00,40.7406,-73.879326,0,0,Traffic Control Disregarded,4462369,19.9,11.3,0.0,0.0,0.0,0.0,3,20.6,41.8,331,Overcast,0,0,
24427,2021-10-01 12:55:00,40.714928,-74.00795,1,0,Unspecified,4463103,19.4,9.5,0.0,0.0,0.0,0.0,0,13.8,28.1,302,Clear sky,1,1,Sunny/Clear Conditions