,CRASH DATETIME,LATITUDE,LONGITUDE,NUMBER OF PERSONS INJURED,NUMBER OF PERSONS KILLED,CONTRIBUTING FACTOR VEHICLE 1,COLLISION_ID,temperature_2m_max,temperature_2m_min,precipitation_sum,rain_sum,snowfall_sum,precipitation_hours,weather_code,wind_speed_10m_max,wind_gusts_10m_max,wind_direction_10m_dominant,Weather Description,Severity_Score,Total_Affected_Persons,Weather_Category
24428,2021-09-30 05:30:00,40.75426,-73.74334,1,0,Unsafe Lane Changing,4462566,18.8,13.1,0.0,0.0,0.0,0.0,3,18.1,37.4,330,Overcast,1,1,
24429,2021-09-29 08:35:00,40.87746,-73.853745,1,0,Unsafe Speed,4462650,19.9,11.3,0.0,0.0,0.0,0.0,3,20.6,41.8,331,Overcast,1,1,
24430,2021-09-15 16:09:00,40.725693,-73.989784,0,0,Driver Inattention/Distraction,4463290,29.6,20.7,0.3,0.3,0.0,3.0,51,21.6,40.7,192,Drizzle: Light,0,0,
24431,2021-09-26 20:00:00,40.6767,-73.86747,0,0,Unspecified,4463746,21.4,15.6,0.0,0.0,0.0,0.0,3,23.5,45.0,294,Overcast,0,0,
24432,2021-10-01 08:47:00,40.819424,-73.955574,1,0,Unspecified,4462829,19.4,9.5,0.0,0.0,0.0,0.0,0,13.8,28.1,302,Clear sky,1,1,Sunny/Clear Conditions
24433,2021-09-29 14:30:00,40.682106,-73.74126,0,0,Unsafe Speed,4462314,19.9,11.3,0.0,0.0,0.0,0.0,3,20.6,41.8,331,Overcast,0,0,
24434,2021-09-29 13:24:00,40.66618,-73.88316,1,0,Unspecified,4463806,19.9,11.3,0.0,0.0,0.0,0.0,3,20.6,41.8,331,Overcast,1,1,
24435,2021-10-01 17:59:00,40.76527,-73.90729,1,0,Following Too Closely,4463180,19.4,9.5,0.0,0.0,0.0,0.0,0,13.8,28.1,302,Clear sky,1,1,Sunny/Clear Conditions
24436,2021-09-30 09:00:00,40.708496,-73.96234,0,0,Passing or Lane Usage Improper,4462787,18.8,13.1,0.0,0.0,0.0,0.0,3,18.1,37.4,330,Overcast,0,0,
24437,2021-10-01 23:32:00,40.778046,-73.94808,0,0,Backing Unsafely,4463707,19.4,9.5,0.0,0.0,0.0,0.0,0,13.8,28.1,302,Clear sky,0,0,Sunny/Clear Conditions
24438,2021-09-27 07:53:00,40.67189,-73.895874,0,0,Unspecified,4463716,25.9,14.6,0.0,0.0,0.0,0.0,3,24.1,45.0,233,Overcast,0,0,
24439,2021-09-30 05:04:00,40.683086,-73.85416,0,0,Passing Too Closely,4462582,18.8,13.1,0.0,0.0,0.0,0.0,3,18.1,37.4,330,Overcast,0,0,
24440,2021-09-29 13:34:00,40.70075,-73.98599,0,0,Following Too Closely,4462770,19.9,11.3,0.0,0.0,0.0,0.0,3,20.6,41.8,331,Overcast,0,0,
24441,2021-09-30 08:40:00,40.827297,-73.86919,1,0,Driver Inattention/Distraction,4462861,18.8,13.1,0.0,0.0,0.0,0.0,3,18.1,37.4,330,Overcast,1,1,
24442,2021-09-29 15:30:00,40.7179,-73.83202,2,0,Passing or Lane Usage Improper,4462309,19.9,11.3,0.0,0.0,0.0,0.0,3,20.6,41.8,331,Overcast,2,2,
24443,2021-10-01 15:10:00,40.711483,-73.987404,0,0,Unspecified,4462977,19.4,9.5,0.0,0.0,0.0,0.0,0,13.8,28.1,302,Clear sky,0,0,Sunny/Clear Conditions
24444,2021-09-29 06:30:00,40.8617,-73.89139,1,0,Driver Inattention/Distraction,4462114,19.9,11.3,0.0,0.0,0.0,0.0,3,20.6,41.8,331,Overcast,1,1,
24445,2021-09-30 01:00:00,40.897404,-73.86262,0,0,Outside Car Distraction,4462615,18.8,13.1,0.0,0.0,0.0,0.0,3,18.1,37.4,330,Overcast,0,0,
24446,2021-12-27 17:35:00,40.743095,-73.867485,0,0,Passing or Lane Usage Improper,4490091,2.7,-1.4,2.1,0.8,0.91,5.0,73,13.5,23.0,10,Snow fall: Moderate,0,0,Snowy Conditions
24447,2021-09-29 17:44:00,40.668415,-73.91042,0,0,Following Too Closely,4462713,19.9,11.3,0.0,0.0,0.0,0.0,3,20.6,41.8,331,Overcast,0,0,
24448,2021-10-01 11:57:00,40.75457,-73.97169,1,0,Driver Inattention/Distraction,4462919,19.4,9.5,0.0,0.0,0.0,0.0,0,13.8,28.1,302,Clear sky,1,1,Sunny/Clear Conditions
24449,2021-09-29 12:55:00,0.0,0.0,1,0,Driver Inattention/Distraction,4463459,19.9,11.3,0.0,0.0,0.0,0.0,3,20.6,41.8,331,Overcast,1,1,
24450,2021-12-24 18:32:00,40.745876,-73.992035,0,0,Unspecified,4490380,5.7,-1.1,1.0,0.0,0.7,5.0,73,12.4,21.6,73,Snow fall: Moderate,0,0,Snowy Conditions
24451,2021-10-01 13:27:00,40.679943,-73.98956,1,0,Unspecified,4463061,19.4,9.5,0.0,0.0,0.0,0.0,0,13.8,28.1,302,Clear sky,1,1,Sunny/Clear Conditions
24452,2021-09-29 17:40:00,40.6598,-73.88516,2,0,Unspecified,4463799,19.9,11.3,0.0,0.0,0.0,0.0,3,20.6,41.8,331,Overcast,2,2,
24453,2021-09-27 01:00:00,40.835873,-73.8699,0,0,Steering Failure,4462844,25.9,14.6,0.0,0.0,0.0,0.0,3,24.1,45.0,233,Overcast,0,0,
24454,2021-09-29 17:30:00,40.687706,-73.82588,1,0,Driver Inattention/Distraction,4462351,19.9,11.3,0.0,0.0,0.0,0.0,3,20.6,41.8,331,Overcast,1,1,
24455,2021-10-01 17:40:00,40.685127,-73.90643,0,0,Failure to Yield Right-of-Way,4463026,19.4,9.5,0.0,0.0,0.0,0.0,0,13.8,28.1,302,Clear sky,0,0,Sunny/Clear Conditions
24456,2021-09-30 14:06:00,40.61649,-73.92857,1,0,Failure to Yield Right-of-Way,4462695,18.8,13.1,0.0,0.0,0.0,0.0,3,18.1,37.4,330,Overcast,1,1,
24457,2021-09-29 17:55:00,40.710587,-73.94711,1,0,Failure to Yield Right-of-Way,4462647,19.9,11.3,0.0,0.0,0.0,0.0,3,20.6,41.8,331,Overcast,1,1,
24458,2021-09-30 11:30:00,40.67888,-73.728905,0,0,Unspecified,4462546,18.8,13.1,0.0,0.0,0.0,0.0,3,18.1,37.4,330,Overcast,0,0,
24459,2021-10-01 17:25:00,40.63063,-74.00923,0,0,Unspecified,4463009,19.4,9.5,0.0,0.0,0.0,0.0,0,13.8,28.1,302,Clear sky,0,0,Sunny/Clear Conditions
24460,2021-09-30 08:30:00,40.640686,-74.09538,0,0,Unspecified,4463434,18.8,13.1,0.0,0.0,0.0,0.0,3,18.1,37.4,330,Overcast,0,0,
24461,2021-09-20 15:55:00,0.0,0.0,0,0,Passing Too Closely,4463473,23.1,14.9,0.0,0.0,0.0,0.0,3,17.0,34.2,116,Overcast,0,0,
24462,2021-09-14 16:45:00,40.76161,-73.99032,1,0,Unspecified,4462887,26.0,19.0,0.2,0.2,0.0,1.0,51,18.0,35.6,138,Drizzle: Light,1,1,
24463,2021-09-06 16:57:00,40.71192,-73.99833,1,0,Unspecified,4463332,26.9,18.4,0.0,0.0,0.0,0.0,3,19.6,37.8,273,Overcast,1,1,
24464,2021-09-29 00:00:00,40.719025,-73.98978,1,0,Traffic Control Disregarded,4462797,19.9,11.3,0.0,0.0,0.0,0.0,3,20.6,41.8,331,Overcast,1,1,
24465,2021-10-01 08:32:00,40.853806,-73.855286,1,0,Driver Inattention/Distraction,4462904,19.4,9.5,0.0,0.0,0.0,0.0,0,13.8,28.1,302,Clear sky,1,1,Sunny/Clear Conditions
24466,2021-09-29 09:00:00,40.7242,-73.93765,2,0,Driver Inattention/Distraction,4463862,19.9,11.3,0.0,0.0,0.0,0.0,3,20.6,41.8,331,Overcast,2,2,
24467,2021-09-24 07:12:00,40.67079,-73.903275,0,0,Unspecified,4463041,22.4,15.6,26.0,26.0,0.0,9.0,63,14.2,29.9,274,Rain: Moderate,0,0,
24468,2021-10-01 16:30:00,40.64316,-74.01922,1,0,Unspecified,4463222,19.4,9.5,0.0,0.0,0.0,0.0,0,13.8,28.1,302,Clear sky,1,1,Sunny/Clear Conditions
24469,2021-10-01 02:18:00,40.7366,-73.856674,0,0,Unspecified,4462745,19.4,9.5,0.0,0.0,0.0,0.0,0,13.8,28.1,302,Clear sky,0,0,Sunny/Clear Conditions
24470,2021-09-30 17:11:00,40.642944,-73.95862,2,0,Driver Inattention/Distraction,4463426,18.8,13.1,0.0,0.0,0.0,0.0,3,18.1,37.4,330,Overcast,2,2,
24471,2021-09-30 00:00:00,40.711384,-73.8366,0,0,Driver Inattention/Distraction,4462775,18.8,13.1,0.0,0.0,0.0,0.0,3,18.1,37.4,330,Overcast,0,0,
24472,2021-09-29 22:30:00,40.73446,-73.900024,0,0,Turning Improperly,4462962,19.9,11.3,0.0,0.0,0.0,0.0,3,20.6,41.8,331,Overcast,0,0,
24473,2021-10-01 15:00:00,40.734314,-73.93803,2,0,Driver Inattention/Distraction,4462945,19.4,9.5,0.0,0.0,0.0,0.0,0,13.8,28.1,302,Clear sky,2,2,Sunny/Clear Conditions
24474,2021-09-27 17:26:00,40.75898,-73.99595,0,0,Passing or Lane Usage Improper,4463343,25.9,14.6,0.0,0.0,0.0,0.0,3,24.1,45.0,233,Overcast,0,0,
24475,2021-09-29 14:30:00,40.6893,-73.81629,0,0,Failure to Yield Right-of-Way,4462357,19.9,11.3,0.0,0.0,0.0,0.0,3,20.6,41.8,331,Overcast,0,0,
24476,2021-10-01 22:00:00,40.74545,-73.70838,0,0,Unspecified,4463019,19.4,9.5,0.0,0.0,0.0,0.0,0,13.8,28.1,302,Clear sky,0,0,Sunny/Clear Conditions
24477,2021-09-29 09:49:00,40.755753,-73.883514,1,0,Passing Too Closely,4462719,19.9,11.3,0.0,0.0,0.0,0.0,3,20.6,41.8,331,Overcast,1,1,
24478,2021-09-30 16:30:00,40.749687,-73.88147,0,0,Passing or Lane Usage Improper,4463004,18.8,13.1,0.0,0.0,0.0,0.0,3,18.1,37.4,330,Overcast,0,0,
24479,2021-09-29 17:40:00,40.707684,-73.96275,0,0,Following Too Closely,4462414,19.9,11.3,0.0,0.0,0.0,0.0,3,20.6,41.8,331,Overcast,0,0,
24480,2021-10-01 02:25:00,40.60478,-73.97711,0,0,Unspecified,4463315,19.4,9.5,0.0,0.0,0.0,0.0,0,13.8,28.1,302,Clear sky,0,0,Sunny/Clear Conditions
24481,2021-09-29 20:30:00,40.714527,-74.015686,0,0,Unspecified,4462558,19.9,11.3,0.0,0.0,0.0,0.0,3,20.6,41.8,331,Overcast,0,0,
24482,2021-10-01 20:00:00,40.76394,-73.828156,0,0,Driver Inattention/Distraction,4463169,19.4,9.5,0.0,0.0,0.0,0.0,0,13.8,28.1,302,Clear sky,0,0,Sunny/Clear Conditions
24483,2021-09-29 15:00:00,40.66626,-73.99596,0,0,Following Too Closely,4462337,19.9,11.3,0.0,0.0,0.0,0.0,3,20.6,41.8,331,Overcast,0,0,
24484,2021-09-11 01:15:00,40.767395,-73.99634,0,0,Unspecified,4462893,24.7,12.9,0.0,0.0,0.0,0.0,3,16.6,34.2,246,Overcast,0,0,
24485,2021-09-08 17:00:00,40.667095,-73.92276,0,0,Driver Inattention/Distraction,4463410,26.4,19.6,0.7,0.7,0.0,6.0,51,26.7,55.8,187,Drizzle: Light,0,0,
24486,2021-09-28 16:20:00,40.843548,-73.87031,1,0,Following Too Closely,4463128,22.1,16.3,12.4,12.4,0.0,9.0,63,19.2,38.5,264,Rain: Moderate,1,1,
24487,2021-10-01 07:10:00,40.704483,-73.81419,0,0,Failure to Yield Right-of-Way,4462930,19.4,9.5,0.0,0.0,0.0,0.0,0,13.8,28.1,302,Clear sky,0,0,Sunny/Clear Conditions
24488,2021-09-29 15:49:00,40.70612,-73.79882,1,0,Driver Inattention/Distraction,4462296,19.9,11.3,0.0,0.0,0.0,0.0,3,20.6,41.8,331,Overcast,1,1,
24489,2021-09-30 11:22:00,40.717678,-73.81713,1,0,Driver Inattention/Distraction,4462605,18.8,13.1,0.0,0.0,0.0,0.0,3,18.1,37.4,330,Overcast,1,1,
24490,2021-09-29 16:47:00,0.0,0.0,1,0,Unsafe Speed,4462621,19.9,11.3,0.0,0.0,0.0,0.0,3,20.6,41.8,331,Overcast,1,1,
24491,2021-09-30 00:00:00,40.658577,-73.89063,0,0,Unspecified,4463771,18.8,13.1,0.0,0.0,0.0,0.0,3,18.1,37.4,330,Overcast,0,0,
24492,2021-10-01 21:31:00,40.73722,-73.9814,0,0,Driver Inattention/Distraction,4463481,19.4,9.5,0.0,0.0,0.0,0.0,0,13.8,28.1,302,Clear sky,0,0,Sunny/Clear Conditions
24493,2021-10-01 20:12:00,40.820137,-73.89029,1,0,Unspecified,4463619,19.4,9.5,0.0,0.0,0.0,0.0,0,13.8,28.1,302,Clear sky,1,1,Sunny/Clear Conditions
24494,2021-10-01 17:40:00,40.64934,-73.94264,1,0,Driver Inattention/Distraction,4463036,19.4,9.5,0.0,0.0,0.0,0.0,0,13.8,28.1,302,Clear sky,1,1,Sunny/Clear Conditions
24495,2021-09-25 10:55:00,40.696033,-73.984535,0,0,Failure to Keep Right,4463512,22.8,14.0,0.0,0.0,0.0,0.0,3,7.9,15.8,322,Overcast,0,0,
24496,2021-09-17 00:00:00,40.830227,-73.8748,0,0,Following Too Closely,4463246,23.6,20.1,1.0,1.0,0.0,7.0,51,20.3,38.9,59,Drizzle: Light,0,0,
24497,2021-10-01 17:45:00,40.839825,-73.93257,0,0,Unsafe Lane Changing,4463557,19.4,9.5,0.0,0.0,0.0,0.0,0,13.8,28.1,302,Clear sky,0,0,Sunny/Clear Conditions
24498,2021-12-27 14:33:00,40.84528,-73.83453,0,0,Unspecified,4490185,2.7,-1.4,2.1,0.8,0.91,5.0,73,13.5,23.0,10,Snow fall: Moderate,0,0,Snowy Conditions
24499,2021-07-26 10:10:00,40.88385,-73.89438,1,0,Unspecified,4463087,31.4,21.8,0.0,0.0,0.0,0.0,3,13.0,25.6,295,Overcast,1,1,
24500,2021-09-29 19:25:00,40.817795,-73.89319,2,0,Unspecified,4462443,19.9,11.3,0.0,0.0,0.0,0.0,3,20.6,41.8,331,Overcast,2,2,
24501,2021-09-30 00:00:00,40.608852,-74.15334,0,0,Failure to Yield Right-of-Way,4462523,18.8,13.1,0.0,0.0,0.0,0.0,3,18.1,37.4,330,Overcast,0,0,
24502,2021-09-29 17:40:00,40.7455,-73.87952,1,0,Unsafe Speed,4462364,19.9,11.3,0.0,0.0,0.0,0.0,3,20.6,41.8,331,Overcast,1,1,
24503,2021-09-30 01:28:00,40.69168,-73.999344,0,0,Reaction to Uninvolved Vehicle,4462726,18.8,13.1,0.0,0.0,0.0,0.0,3,18.1,37.4,330,Overcast,0,0,
24504,2021-09-11 21:59:00,40.826275,-73.85971,1,0,Failure to Yield Right-of-Way,4462872,24.7,12.9,0.0,0.0,0.0,0.0,3,16.6,34.2,246,Overcast,1,1,
24505,2021-09-30 15:10:00,40.70206,-73.99262,0,0,Passing or Lane Usage Improper,4463536,18.8,13.1,0.0,0.0,0.0,0.0,3,18.1,37.4,330,Overcast,0,0,
24506,2021-09-30 22:00:00,40.69099,-73.99175,0,0,Driver Inattention/Distraction,4463507,18.8,13.1,0.0,0.0,0.0,0.0,3,18.1,37.4,330,Overcast,0,0,
24507,2021-09-23 09:00:00,40.86794,-73.87221,0,0,Following Too Closely,4463108,26.2,18.0,15.6,15.6,0.0,14.0,63,40.7,77.4,156,Rain: Moderate,0,0,
24508,2021-10-01 07:00:00,40.86663,-73.88647,0,0,Backing Unsafely,4462931,19.4,9.5,0.0,0.0,0.0,0.0,0,13.8,28.1,302,Clear sky,0,0,Sunny/Clear Conditions
24509,2021-09-17 14:59:00,40.77226,-73.92591,0,0,Unspecified,4463679,23.6,20.1,1.0,1.0,0.0,7.0,51,20.3,38.9,59,Drizzle: Light,0,0,
24510,2021-09-29 16:00:00,40.754646,-73.88143,0,0,Driver Inattention/Distraction,4462396,19.9,11.3,0.0,0.0,0.0,0.0,3,20.6,41.8,331,Overcast,0,0,
24511,2021-09-29 19:00:00,40.753456,-73.941414,1,0,Failure to Yield Right-of-Way,4462809,19.9,11.3,0.0,0.0,0.0,0.0,3,20.6,41.8,331,Overcast,1,1,
24512,2021-10-01 16:07:00,40.829697,-73.91313,0,0,Driver Inattention/Distraction,4463600,19.4,9.5,0.0,0.0,0.0,0.0,0,13.8,28.1,302,Clear sky,0,0,Sunny/Clear Conditions
24513,2021-09-30 15:00:00,40.83609,-73.87039,0,0,Driver Inexperience,4463245,18.8,13.1,0.0,0.0,0.0,0.0,3,18.1,37.4,330,Overcast,0,0,
24514,2021-09-30 11:31:00,40.627117,-73.9896,0,0,Unspecified,4463372,18.8,13.1,0.0,0.0,0.0,0.0,3,18.1,37.4,330,Overcast,0,0,
24515,2021-10-01 19:05:00,40.569706,-74.144394,0,0,Failure to Yield Right-of-Way,4463046,19.4,9.5,0.0,0.0,0.0,0.0,0,13.8,28.1,302,Clear sky,0,0,Sunny/Clear Conditions
24516,2021-09-29 19:39:00,40.668667,-73.868324,1,0,Following Too Closely,4463800,19.9,11.3,0.0,0.0,0.0,0.0,3,20.6,41.8,331,Overcast,1,1,
24517,2021-09-30 17:33:00,40.71071,-73.793045,1,0,Driver Inexperience,4463120,18.8,13.1,0.0,0.0,0.0,0.0,3,18.1,37.4,330,Overcast,1,1,
24518,2021-09-24 09:20:00,40.823505,-73.94144,0,0,Backing Unsafely,4463834,22.4,15.6,26.0,26.0,0.0,9.0,63,14.2,29.9,274,Rain: Moderate,0,0,
24519,2021-09-30 14:15:00,40.6491,-73.94649,1,0,Unspecified,4462657,18.8,13.1,0.0,0.0,0.0,0.0,3,18.1,37.4,330,Overcast,1,1,
24520,2021-09-30 21:00:00,40.63255,-74.07796,0,0,Reaction to Uninvolved Vehicle,4463439,18.8,13.1,0.0,0.0,0.0,0.0,3,18.1,37.4,330,Overcast,0,0,
24521,2021-09-30 14:55:00,40.814793,-73.95629,0,0,Steering Failure,4463273,18.8,13.1,0.0,0.0,0.0,0.0,3,18.1,37.4,330,Overcast,0,0,
24522,2021-09-30 11:30:00,40.836708,-73.868195,1,0,Driver Inattention/Distraction,4462865,18.8,13.1,0.0,0.0,0.0,0.0,3,18.1,37.4,330,Overcast,1,1,
24523,2021-09-28 00:00:00,40.687256,-73.9286,0,0,Driver Inattention/Distraction,4463463,22.1,16.3,12.4,12.4,0.0,9.0,63,19.2,38.5,264,Rain: Moderate,0,0,
24524,2021-09-28 07:15:00,40.674526,-73.875175,0,0,Unspecified,4463750,22.1,16.3,12.4,12.4,0.0,9.0,63,19.2,38.5,264,Rain: Moderate,0,0,
24525,2021-09-30 10:00:00,40.737545,-74.00387,0,0,Backing Unsafely,4462571,18.8,13.1,0.0,0.0,0.0,0.0,3,18.1,37.4,330,Overcast,0,0,
24526,2021-10-01 15:02:00,40.75076,-73.757835,0,0,Passing or Lane Usage Improper,4463018,19.4,9.5,0.0,0.0,0.0,0.0,0,13.8,28.1,302,Clear sky,0,0,Sunny/Clear Conditions
24527,2021-09-30 19:47:00,40.846954,-73.91863,1,0,Passing Too Closely,4462804,18.8,13.1,0.0,0.0,0.0,0.0,3,18.1,37.4,330,Overcast,1,1,
24528,2021-09-14 14:56:00,40.70058,-73.80775,1,0,Failure to Yield Right-of-Way,4463698,26.0,19.0,0.2,0.2,0.0,1.0,51,18.0,35.6,138,Drizzle: Light,1,1,
24529,2021-09-30 19:05:00,40.76241,-73.984436,0,0,Passing or Lane Usage Improper,4462699,18.8,13.1,0.0,0.0,0.0,0.0,3,18.1,37.4,330,Overcast,0,0,
24530,2021-09-30 03:49:00,40.837894,-73.88138,0,0,Pavement Defective,4462402,18.8,13.1,0.0,0.0,0.0,0.0,3,18.1,37.4,330,Overcast,0,0,
24531,2021-09-30 22:21:00,40.69276,-73.89499,0,0,Brakes Defective,4462973,18.8,13.1,0.0,0.0,0.0,0.0,3,18.1,37.4,330,Overcast,0,0,
24532,2021-09-28 12:00:00,40.66112,-73.897125,0,0,Unspecified,4463728,22.1,16.3,12.4,12.4,0.0,9.0,63,19.2,38.5,264,Rain: Moderate,0,0,
24533,2021-09-30 16:00:00,40.6651,-73.94539,0,0,Unspecified,4462689,18.8,13.1,0.0,0.0,0.0,0.0,3,18.1,37.4,330,Overcast,0,0,
24534,2021-09-29 00:00:00,40.73539,-73.99828,0,0,Unspecified,4462574,19.9,11.3,0.0,0.0,0.0,0.0,3,20.6,41.8,331,Overcast,0,0,
24535,2021-09-29 03:17:00,40.63311,-73.97217,1,0,Driver Inexperience,4462073,19.9,11.3,0.0,0.0,0.0,0.0,3,20.6,41.8,331,Overcast,1,1,
24536,2021-09-29 18:36:00,40.77008,-73.94784,0,0,Unsafe Lane Changing,4462642,19.9,11.3,0.0,0.0,0.0,0.0,3,20.6,41.8,331,Overcast,0,0,
24537,2021-10-01 16:15:00,40.613506,-73.954094,1,0,Turning Improperly,4463415,19.4,9.5,0.0,0.0,0.0,0.0,0,13.8,28.1,302,Clear sky,1,1,Sunny/Clear Conditions
24538,2021-09-28 13:40:00,40.833813,-73.86275,2,0,Reaction to Uninvolved Vehicle,4462848,22.1,16.3,12.4,12.4,0.0,9.0,63,19.2,38.5,264,Rain: Moderate,2,2,
24539,2021-09-30 18:52:00,40.80534,-73.94571,1,0,Driver Inattention/Distraction,4462841,18.8,13.1,0.0,0.0,0.0,0.0,3,18.1,37.4,330,Overcast,1,1,
24540,2021-09-29 08:05:00,40.874313,-73.868164,1,0,Driver Inattention/Distraction,4462607,19.9,11.3,0.0,0.0,0.0,0.0,3,20.6,41.8,331,Overcast,1,1,
24541,2021-09-29 17:00:00,40.685734,-73.9694,0,0,Unspecified,4462313,19.9,11.3,0.0,0.0,0.0,0.0,3,20.6,41.8,331,Overcast,0,0,
24542,2021-12-15 21:30:00,40.84196,-73.915306,0,0,Traffic Control Disregarded,4490387,10.3,1.8,1.0,1.0,0.0,6.0,51,20.6,38.2,104,Drizzle: Light,0,0,
24543,2021-09-29 09:48:00,40.634506,-73.949455,1,0,Traffic Control Disregarded,4462217,19.9,11.3,0.0,0.0,0.0,0.0,3,20.6,41.8,331,Overcast,1,1,
24544,2021-10-01 16:46:00,40.762127,-73.99739,0,0,Unspecified,4463075,19.4,9.5,0.0,0.0,0.0,0.0,0,13.8,28.1,302,Clear sky,0,0,Sunny/Clear Conditions
24545,2021-10-01 08:35:00,40.673008,-73.78809,0,0,Unsafe Lane Changing,4462883,19.4,9.5,0.0,0.0,0.0,0.0,0,13.8,28.1,302,Clear sky,0,0,Sunny/Clear Conditions
24546,2021-10-01 08:20:00,40.769024,-73.81641,0,0,Passing or Lane Usage Improper,4463164,19.4,9.5,0.0,0.0,0.0,0.0,0,13.8,28.1,302,Clear sky,0,0,Sunny/Clear Conditions
24547,2021-09-27 10:45:00,40.680244,-73.87661,0,0,Unspecified,4463784,25.9,14.6,0.0,0.0,0.0,0.0,3,24.1,45.0,233,Overcast,0,0,
24548,2021-10-01 12:45:00,40.734295,-73.85031,0,0,Driver Inattention/Distraction,4462900,19.4,9.5,0.0,0.0,0.0,0.0,0,13.8,28.1,302,Clear sky,0,0,Sunny/Clear Conditions
24549,2021-10-01 13:18:00,40.61448,-73.92641,6,0,Unspecified,4463095,19.4,9.5,0.0,0.0,0.0,0.0,0,13.8,28.1,302,Clear sky,6,6,Sunny/Clear Conditions
24550,2021-10-01 08:08:00,40.609776,-73.9643,1,0,Pedestrian/Bicyclist/Other Pedestrian Error/Confusion,4462836,19.4,9.5,0.0,0.0,0.0,0.0,0,13.8,28.1,302,Clear sky,1,1,Sunny/Clear Conditions
24551,2021-10-01 18:35:00,40.734566,-73.72269,0,0,Fell Asleep,4462999,19.4,9.5,0.0,0.0,0.0,0.0,0,13.8,28.1,302,Clear sky,0,0,Sunny/Clear Conditions
24552,2021-10-01 06:20:00,40.732033,-73.91893,0,0,Driver Inattention/Distraction,4462941,19.4,9.5,0.0,0.0,0.0,0.0,0,13.8,28.1,302,Clear sky,0,0,Sunny/Clear Conditions
24553,2021-09-18 03:50:00,40.755516,-73.961105,0,0,Following Too Closely,4463561,27.1,19.2,0.2,0.2,0.0,2.0,51,14.6,25.9,349,Drizzle: Light,0,0,
24554,2021-09-24 23:43:00,40.60345,-74.009,0,0,Following Too Closely,4463309,22.4,15.6,26.0,26.0,0.0,9.0,63,14.2,29.9,274,Rain: Moderate,0,0,
24555,2021-10-01 17:44:00,40.726955,-74.003456,1,0,Unspecified,4463102,19.4,9.5,0.0,0.0,0.0,0.0,0,13.8,28.1,302,Clear sky,1,1,Sunny/Clear Conditions
24556,2021-10-01 20:50:00,40.769005,-73.992355,1,0,Driver Inattention/Distraction,4463080,19.4,9.5,0.0,0.0,0.0,0.0,0,13.8,28.1,302,Clear sky,1,1,Sunny/Clear Conditions
24557,2021-10-01 15:27:00,40.67712,-73.900475,1,0,Pedestrian/Bicyclist/Other Pedestrian Error/Confusion,4462958,19.4,9.5,0.0,0.0,0.0,0.0,0,13.8,28.1,302,Clear sky,1,1,Sunny/Clear Conditions
24558,2021-10-01 16:04:00,40.78324,-73.97455,0,0,Passing or Lane Usage Improper,4463530,19.4,9.5,0.0,0.0,0.0,0.0,0,13.8,28.1,302,Clear sky,0,0,Sunny/Clear Conditions
24559,2021-09-30 20:15:00,40.72225,-74.00592,1,0,Pedestrian/Bicyclist/Other Pedestrian Error/Confusion,4462784,18.8,13.1,0.0,0.0,0.0,0.0,3,18.1,37.4,330,Overcast,1,1,
24560,2021-09-30 17:21:00,40.79485,-73.962364,1,0,Unspecified,4462627,18.8,13.1,0.0,0.0,0.0,0.0,3,18.1,37.4,330,Overcast,1,1,
24561,2021-10-01 22:56:00,40.679516,-73.91109,0,0,Traffic Control Disregarded,4463060,19.4,9.5,0.0,0.0,0.0,0.0,0,13.8,28.1,302,Clear sky,0,0,Sunny/Clear Conditions
24562,2021-09-29 03:40:00,40.75175,-74.007935,1,0,Brakes Defective,4462550,19.9,11.3,0.0,0.0,0.0,0.0,3,20.6,41.8,331,Overcast,1,1,
24563,2021-04-20 16:03:00,40.64366,-73.90067,4,0,Unspecified,4408960,21.4,6.5,0.0,0.0,0.0,0.0,3,26.0,56.2,223,Overcast,4,4,
24564,2021-05-18 14:20:00,40.803104,-73.95825,1,0,Driver Inattention/Distraction,4418090,26.1,11.2,0.0,0.0,0.0,0.0,3,15.5,29.2,262,Overcast,1,1,
24565,2021-05-19 10:35:00,40.657536,-73.902756,1,0,Traffic Control Disregarded,4418578,28.2,13.6,0.0,0.0,0.0,0.0,3,19.6,40.3,337,Overcast,1,1,
24566,2021-05-20 12:28:00,40.68218,-73.94659,0,0,Driver Inattention/Distraction,4419389,22.2,12.5,0.0,0.0,0.0,0.0,3,19.0,38.2,147,Overcast,0,0,
24567,2021-05-20 12:23:00,40.615364,-73.94575,2,0,Failure to Yield Right-of-Way,4420800,22.2,12.5,0.0,0.0,0.0,0.0,3,19.0,38.2,147,Overcast,2,2,
24568,2021-05-28 09:26:00,40.646034,-73.91242,1,0,Unsafe Lane Changing,4421454,19.4,10.6,25.0,25.0,0.0,8.0,63,25.6,47.9,62,Rain: Moderate,1,1,
24569,2021-05-26 10:30:00,40.813198,-73.95825,0,0,View Obstructed/Limited,4421817,29.5,17.4,0.1,0.1,0.0,1.0,51,23.4,45.7,210,Drizzle: Light,0,0,
24570,2021-05-26 18:28:00,40.60876,-74.07579,0,0,Unspecified,4421698,29.5,17.4,0.1,0.1,0.0,1.0,51,23.4,45.7,210,Drizzle: Light,0,0,