,CRASH DATETIME,LATITUDE,LONGITUDE,NUMBER OF PERSONS INJURED,NUMBER OF PERSONS KILLED,CONTRIBUTING FACTOR VEHICLE 1,COLLISION_ID,temperature_2m_max,temperature_2m_min,precipitation_sum,rain_sum,snowfall_sum,precipitation_hours,weather_code,wind_speed_10m_max,wind_gusts_10m_max,wind_direction_10m_dominant,Weather Description,Severity_Score,Total_Affected_Persons,Weather_Category
24571,2021-05-28 22:25:00,40.66549,-73.75236,0,0,Driver Inattention/Distraction,4421434,19.4,10.6,25.0,25.0,0.0,8.0,63,25.6,47.9,62,Rain: Moderate,0,0,
24572,2021-05-28 02:18:00,40.74496,-73.935425,0,0,Driver Inattention/Distraction,4421164,19.4,10.6,25.0,25.0,0.0,8.0,63,25.6,47.9,62,Rain: Moderate,0,0,
24573,2021-05-27 06:20:00,40.58139,-74.10878,0,0,Unspecified,4420808,27.4,18.3,2.4,2.4,0.0,3.0,61,23.5,42.1,313,Rain: Light,0,0,
24574,2021-05-27 16:00:00,40.736187,-74.00833,0,0,Other Vehicular,4421621,27.4,18.3,2.4,2.4,0.0,3.0,61,23.5,42.1,313,Rain: Light,0,0,
24575,2021-05-26 14:20:00,40.812317,-73.9094,1,0,Backing Unsafely,4420759,29.5,17.4,0.1,0.1,0.0,1.0,51,23.4,45.7,210,Drizzle: Light,1,1,
24576,2021-05-27 13:40:00,40.694305,-73.91852,0,0,Passing Too Closely,4421282,27.4,18.3,2.4,2.4,0.0,3.0,61,23.5,42.1,313,Rain: Light,0,0,
24577,2021-05-26 20:50:00,40.649982,-73.91183,0,0,Driver Inattention/Distraction,4421145,29.5,17.4,0.1,0.1,0.0,1.0,51,23.4,45.7,210,Drizzle: Light,0,0,
24578,2021-05-26 13:35:00,40.70547,-73.95024,0,0,Driver Inattention/Distraction,4421753,29.5,17.4,0.1,0.1,0.0,1.0,51,23.4,45.7,210,Drizzle: Light,0,0,
24579,2021-05-17 20:28:00,40.654408,-73.946075,1,0,Failure to Yield Right-of-Way,4421847,22.9,9.7,0.0,0.0,0.0,0.0,3,17.7,36.0,224,Overcast,1,1,
24580,2021-05-26 06:28:00,40.646458,-74.0893,1,0,Turning Improperly,4421121,29.5,17.4,0.1,0.1,0.0,1.0,51,23.4,45.7,210,Drizzle: Light,1,1,
24581,2021-05-27 00:25:00,40.64943,-74.01296,1,0,Unspecified,4420991,27.4,18.3,2.4,2.4,0.0,3.0,61,23.5,42.1,313,Rain: Light,1,1,
24582,2021-05-25 17:38:00,40.817593,-73.95319,0,0,Driver Inattention/Distraction,4421819,21.9,13.0,0.0,0.0,0.0,0.0,3,24.3,47.9,182,Overcast,0,0,
24583,2021-05-27 16:55:00,40.70774,-73.787346,1,0,Driver Inattention/Distraction,4421321,27.4,18.3,2.4,2.4,0.0,3.0,61,23.5,42.1,313,Rain: Light,1,1,
24584,2021-05-26 00:00:00,40.75361,-73.90393,0,0,Passing or Lane Usage Improper,4421958,29.5,17.4,0.1,0.1,0.0,1.0,51,23.4,45.7,210,Drizzle: Light,0,0,
24585,2021-05-26 09:20:00,40.84721,-73.93979,1,0,Failure to Yield Right-of-Way,4421271,29.5,17.4,0.1,0.1,0.0,1.0,51,23.4,45.7,210,Drizzle: Light,1,1,
24586,2021-05-26 20:20:00,40.73529,-73.98782,0,0,Unspecified,4420971,29.5,17.4,0.1,0.1,0.0,1.0,51,23.4,45.7,210,Drizzle: Light,0,0,
24587,2021-04-06 06:15:00,40.671898,-73.92231,0,0,Unspecified,4421905,18.3,4.8,0.0,0.0,0.0,0.0,1,21.9,38.9,319,Mainly clear,0,0,Sunny/Clear Conditions
24588,2021-05-26 00:19:00,40.734398,-73.9223,0,0,Unspecified,4420397,29.5,17.4,0.1,0.1,0.0,1.0,51,23.4,45.7,210,Drizzle: Light,0,0,
24589,2021-05-27 21:21:00,40.73991,-73.9857,1,0,Driver Inattention/Distraction,4421653,27.4,18.3,2.4,2.4,0.0,3.0,61,23.5,42.1,313,Rain: Light,1,1,
24590,2021-05-28 11:55:00,40.746113,-73.73576,0,0,Oversized Vehicle,4421358,19.4,10.6,25.0,25.0,0.0,8.0,63,25.6,47.9,62,Rain: Moderate,0,0,
24591,2021-05-27 10:15:00,40.711845,-73.859764,0,0,Turning Improperly,4421478,27.4,18.3,2.4,2.4,0.0,3.0,61,23.5,42.1,313,Rain: Light,0,0,
24592,2021-10-01 02:16:00,40.71498,-73.83206,0,0,Other Vehicular,4462897,19.4,9.5,0.0,0.0,0.0,0.0,0,13.8,28.1,302,Clear sky,0,0,Sunny/Clear Conditions
24593,2021-05-27 16:06:00,40.839798,-73.873604,1,0,Other Vehicular,4421284,27.4,18.3,2.4,2.4,0.0,3.0,61,23.5,42.1,313,Rain: Light,1,1,
24594,2021-05-27 15:40:00,0.0,0.0,0,0,Driver Inattention/Distraction,4421150,27.4,18.3,2.4,2.4,0.0,3.0,61,23.5,42.1,313,Rain: Light,0,0,
24595,2021-05-27 07:17:00,40.67983,-74.00353,0,0,Passing or Lane Usage Improper,4421211,27.4,18.3,2.4,2.4,0.0,3.0,61,23.5,42.1,313,Rain: Light,0,0,
24596,2021-05-28 22:28:00,40.771523,-73.914314,4,0,Driver Inattention/Distraction,4421980,19.4,10.6,25.0,25.0,0.0,8.0,63,25.6,47.9,62,Rain: Moderate,4,4,
24597,2021-05-28 05:00:00,40.701748,-73.734055,0,0,Unspecified,4421326,19.4,10.6,25.0,25.0,0.0,8.0,63,25.6,47.9,62,Rain: Moderate,0,0,
24598,2021-05-25 06:37:00,40.78065,-73.97643,1,0,Driver Inattention/Distraction,4421385,21.9,13.0,0.0,0.0,0.0,0.0,3,24.3,47.9,182,Overcast,1,1,
24599,2021-05-20 17:15:00,40.734165,-73.997215,0,0,Unspecified,4421623,22.2,12.5,0.0,0.0,0.0,0.0,3,19.0,38.2,147,Overcast,0,0,
24600,2021-05-28 17:55:00,40.76102,-73.88826,0,0,Driver Inattention/Distraction,4422061,19.4,10.6,25.0,25.0,0.0,8.0,63,25.6,47.9,62,Rain: Moderate,0,0,
24601,2021-05-26 17:00:00,40.715096,-74.00683,0,0,Unspecified,4420779,29.5,17.4,0.1,0.1,0.0,1.0,51,23.4,45.7,210,Drizzle: Light,0,0,
24602,2021-05-27 11:58:00,40.749157,-73.9727,1,0,Driver Inattention/Distraction,4421495,27.4,18.3,2.4,2.4,0.0,3.0,61,23.5,42.1,313,Rain: Light,1,1,
24603,2021-05-22 12:00:00,40.60307,-74.01667,0,0,Driver Inattention/Distraction,4421572,30.5,16.5,0.0,0.0,0.0,0.0,3,19.1,36.4,299,Overcast,0,0,
24604,2021-05-26 11:47:00,40.86682,-73.83923,0,0,Driver Inattention/Distraction,4420945,29.5,17.4,0.1,0.1,0.0,1.0,51,23.4,45.7,210,Drizzle: Light,0,0,
24605,2021-05-26 10:38:00,40.61556,-73.91367,0,0,Unsafe Speed,4421038,29.5,17.4,0.1,0.1,0.0,1.0,51,23.4,45.7,210,Drizzle: Light,0,0,
24606,2021-05-22 15:00:00,40.586765,-74.14617,1,0,Driver Inattention/Distraction,4422030,30.5,16.5,0.0,0.0,0.0,0.0,3,19.1,36.4,299,Overcast,1,1,
24607,2021-05-26 18:30:00,40.61074,-73.97919,0,0,Unspecified,4421587,29.5,17.4,0.1,0.1,0.0,1.0,51,23.4,45.7,210,Drizzle: Light,0,0,
24608,2021-05-26 02:43:00,40.717186,-74.0129,0,0,Driver Inattention/Distraction,4420439,29.5,17.4,0.1,0.1,0.0,1.0,51,23.4,45.7,210,Drizzle: Light,0,0,
24609,2021-05-03 00:00:00,40.669907,-73.939384,0,0,Backing Unsafely,4421785,15.8,11.4,5.7,5.7,0.0,7.0,61,14.5,47.2,53,Rain: Light,0,0,
24610,2021-05-28 00:30:00,40.85664,-73.86663,1,0,Traffic Control Disregarded,4421252,19.4,10.6,25.0,25.0,0.0,8.0,63,25.6,47.9,62,Rain: Moderate,1,1,
24611,2021-05-26 21:40:00,40.744556,-73.870834,0,0,Traffic Control Disregarded,4420786,29.5,17.4,0.1,0.1,0.0,1.0,51,23.4,45.7,210,Drizzle: Light,0,0,
24612,2021-05-27 10:30:00,40.666203,-73.97666,0,0,Unspecified,4420989,27.4,18.3,2.4,2.4,0.0,3.0,61,23.5,42.1,313,Rain: Light,0,0,
24613,2021-05-27 18:15:00,40.72916,-73.95383,0,0,Driver Inattention/Distraction,4421178,27.4,18.3,2.4,2.4,0.0,3.0,61,23.5,42.1,313,Rain: Light,0,0,
24614,2021-09-29 14:33:00,40.819317,-73.93032,1,0,Unspecified,4462368,19.9,11.3,0.0,0.0,0.0,0.0,3,20.6,41.8,331,Overcast,1,1,
24615,2021-05-27 11:00:00,40.67642,-73.94154,2,0,Driver Inattention/Distraction,4421793,27.4,18.3,2.4,2.4,0.0,3.0,61,23.5,42.1,313,Rain: Light,2,2,
24616,2021-05-26 17:50:00,40.675144,-73.98133,0,0,Other Vehicular,4421243,29.5,17.4,0.1,0.1,0.0,1.0,51,23.4,45.7,210,Drizzle: Light,0,0,
24617,2021-05-27 23:30:00,40.725273,-73.89286,1,0,Following Too Closely,4421465,27.4,18.3,2.4,2.4,0.0,3.0,61,23.5,42.1,313,Rain: Light,1,1,
24618,2021-05-28 16:00:00,40.77075,-73.78581,1,0,Failure to Yield Right-of-Way,4421417,19.4,10.6,25.0,25.0,0.0,8.0,63,25.6,47.9,62,Rain: Moderate,1,1,
24619,2021-05-27 10:45:00,40.718143,-73.993835,0,0,Driver Inattention/Distraction,4421024,27.4,18.3,2.4,2.4,0.0,3.0,61,23.5,42.1,313,Rain: Light,0,0,
24620,2021-05-25 05:30:00,40.676834,-74.00146,0,0,Following Too Closely,4421489,21.9,13.0,0.0,0.0,0.0,0.0,3,24.3,47.9,182,Overcast,0,0,
24621,2021-05-26 16:24:00,40.820297,-73.854645,2,0,Failure to Yield Right-of-Way,4420926,29.5,17.4,0.1,0.1,0.0,1.0,51,23.4,45.7,210,Drizzle: Light,2,2,
24622,2021-05-27 17:16:00,40.82259,-73.8872,0,0,Unspecified,4421400,27.4,18.3,2.4,2.4,0.0,3.0,61,23.5,42.1,313,Rain: Light,0,0,
24623,2021-05-26 23:20:00,40.629677,-73.94151,0,0,Traffic Control Disregarded,4421770,29.5,17.4,0.1,0.1,0.0,1.0,51,23.4,45.7,210,Drizzle: Light,0,0,
24624,2021-05-26 01:45:00,40.85535,-73.91836,0,0,Unspecified,4420494,29.5,17.4,0.1,0.1,0.0,1.0,51,23.4,45.7,210,Drizzle: Light,0,0,
24625,2021-05-27 10:10:00,40.8047,-73.91243,0,0,Driver Inattention/Distraction,4421185,27.4,18.3,2.4,2.4,0.0,3.0,61,23.5,42.1,313,Rain: Light,0,0,
24626,2021-05-27 14:20:00,0.0,0.0,1,0,Unspecified,4421184,27.4,18.3,2.4,2.4,0.0,3.0,61,23.5,42.1,313,Rain: Light,1,1,
24627,2021-05-26 17:21:00,40.799957,-73.96053,0,0,Failure to Yield Right-of-Way,4420678,29.5,17.4,0.1,0.1,0.0,1.0,51,23.4,45.7,210,Drizzle: Light,0,0,
24628,2021-05-28 06:50:00,40.665485,-73.755646,0,0,Unspecified,4421336,19.4,10.6,25.0,25.0,0.0,8.0,63,25.6,47.9,62,Rain: Moderate,0,0,
24629,2021-05-27 07:16:00,40.66737,-73.78266,0,0,Unsafe Lane Changing,4421353,27.4,18.3,2.4,2.4,0.0,3.0,61,23.5,42.1,313,Rain: Light,0,0,
24630,2021-05-26 08:15:00,40.64271,-73.95548,0,0,Unspecified,4420813,29.5,17.4,0.1,0.1,0.0,1.0,51,23.4,45.7,210,Drizzle: Light,0,0,
24631,2021-05-27 17:54:00,40.844902,-73.89011,0,0,Driver Inattention/Distraction,4421303,27.4,18.3,2.4,2.4,0.0,3.0,61,23.5,42.1,313,Rain: Light,0,0,
24632,2021-05-19 17:25:00,40.6691,-73.911545,0,0,Unspecified,4421683,28.2,13.6,0.0,0.0,0.0,0.0,3,19.6,40.3,337,Overcast,0,0,
24633,2021-05-28 11:09:00,40.789085,-73.780464,2,0,Illnes,4421546,19.4,10.6,25.0,25.0,0.0,8.0,63,25.6,47.9,62,Rain: Moderate,2,2,
24634,2021-05-17 14:50:00,40.704853,-73.791664,1,0,Following Too Closely,4421275,22.9,9.7,0.0,0.0,0.0,0.0,3,17.7,36.0,224,Overcast,1,1,
24635,2021-05-21 16:30:00,40.661232,-73.91051,0,0,Backing Unsafely,4421707,23.9,11.3,0.0,0.0,0.0,0.0,3,19.2,38.5,174,Overcast,0,0,
24636,2021-05-24 11:34:00,40.78133,-73.978096,0,0,Passing Too Closely,4421520,18.9,13.7,0.0,0.0,0.0,0.0,3,22.4,44.3,126,Overcast,0,0,
24637,2021-05-27 17:48:00,40.609356,-74.01523,1,0,Unspecified,4421594,27.4,18.3,2.4,2.4,0.0,3.0,61,23.5,42.1,313,Rain: Light,1,1,
24638,2021-05-28 16:25:00,40.653503,-73.935425,0,0,Driver Inattention/Distraction,4421851,19.4,10.6,25.0,25.0,0.0,8.0,63,25.6,47.9,62,Rain: Moderate,0,0,
24639,2021-05-28 16:25:00,40.836468,-73.937035,0,0,Driver Inattention/Distraction,4421915,19.4,10.6,25.0,25.0,0.0,8.0,63,25.6,47.9,62,Rain: Moderate,0,0,
24640,2021-05-26 13:50:00,40.65303,-73.94304,4,0,Unspecified,4421131,29.5,17.4,0.1,0.1,0.0,1.0,51,23.4,45.7,210,Drizzle: Light,4,4,
24641,2021-05-20 09:00:00,40.81167,-73.88384,0,0,Unspecified,4421341,22.2,12.5,0.0,0.0,0.0,0.0,3,19.0,38.2,147,Overcast,0,0,
24642,2021-05-26 23:08:00,40.83241,-73.89072,1,0,Driverless/Runaway Vehicle,4420828,29.5,17.4,0.1,0.1,0.0,1.0,51,23.4,45.7,210,Drizzle: Light,1,1,
24643,2021-05-28 16:15:00,40.730194,-73.887566,1,0,Backing Unsafely,4421879,19.4,10.6,25.0,25.0,0.0,8.0,63,25.6,47.9,62,Rain: Moderate,1,1,
24644,2021-05-27 08:54:00,40.845646,-73.864044,0,0,Unspecified,4421482,27.4,18.3,2.4,2.4,0.0,3.0,61,23.5,42.1,313,Rain: Light,0,0,
24645,2021-05-08 21:00:00,40.61037,-74.09264,2,0,Driver Inattention/Distraction,4421727,11.6,7.7,4.3,4.3,0.0,9.0,61,17.5,36.4,140,Rain: Light,2,2,
24646,2021-05-27 04:10:00,40.665092,-73.87063,0,0,Unsafe Speed,4420886,27.4,18.3,2.4,2.4,0.0,3.0,61,23.5,42.1,313,Rain: Light,0,0,
24647,2021-05-27 05:26:00,40.842335,-73.91619,0,0,Failure to Yield Right-of-Way,4421207,27.4,18.3,2.4,2.4,0.0,3.0,61,23.5,42.1,313,Rain: Light,0,0,
24648,2021-05-28 18:02:00,40.74333,-73.86264,0,0,Unspecified,4421825,19.4,10.6,25.0,25.0,0.0,8.0,63,25.6,47.9,62,Rain: Moderate,0,0,
24649,2021-05-26 08:30:00,40.7568,-73.873665,1,0,Driver Inattention/Distraction,4420900,29.5,17.4,0.1,0.1,0.0,1.0,51,23.4,45.7,210,Drizzle: Light,1,1,
24650,2021-05-26 13:29:00,40.64024,-73.91947,0,0,Passing Too Closely,4420605,29.5,17.4,0.1,0.1,0.0,1.0,51,23.4,45.7,210,Drizzle: Light,0,0,
24651,2021-05-27 09:00:00,40.828384,-73.90283,0,0,Unspecified,4421664,27.4,18.3,2.4,2.4,0.0,3.0,61,23.5,42.1,313,Rain: Light,0,0,
24652,2021-05-28 09:50:00,40.76595,-73.80984,0,0,Unspecified,4421538,19.4,10.6,25.0,25.0,0.0,8.0,63,25.6,47.9,62,Rain: Moderate,0,0,
24653,2021-05-27 21:00:00,40.720005,-73.98747,0,0,Unsafe Lane Changing,4421744,27.4,18.3,2.4,2.4,0.0,3.0,61,23.5,42.1,313,Rain: Light,0,0,
24654,2021-05-25 14:20:00,40.820263,-73.92976,2,0,Other Vehicular,4421220,21.9,13.0,0.0,0.0,0.0,0.0,3,24.3,47.9,182,Overcast,2,2,
24655,2021-05-26 08:00:00,40.668987,-73.80462,0,0,Unsafe Speed,4420571,29.5,17.4,0.1,0.1,0.0,1.0,51,23.4,45.7,210,Drizzle: Light,0,0,
24656,2021-05-28 18:10:00,40.75967,-73.92725,0,0,Passing or Lane Usage Improper,4421972,19.4,10.6,25.0,25.0,0.0,8.0,63,25.6,47.9,62,Rain: Moderate,0,0,
24657,2021-10-01 23:10:00,40.717888,-73.99809,0,0,,4463333,19.4,9.5,0.0,0.0,0.0,0.0,0,13.8,28.1,302,Clear sky,0,0,Sunny/Clear Conditions
24658,2021-05-27 15:04:00,40.83609,-73.87039,1,0,Unspecified,4421058,27.4,18.3,2.4,2.4,0.0,3.0,61,23.5,42.1,313,Rain: Light,1,1,
24659,2021-05-27 14:20:00,40.717247,-73.80344,0,0,Unspecified,4421084,27.4,18.3,2.4,2.4,0.0,3.0,61,23.5,42.1,313,Rain: Light,0,0,
24660,2021-05-27 15:19:00,40.691666,-73.76239,0,0,Unspecified,4421105,27.4,18.3,2.4,2.4,0.0,3.0,61,23.5,42.1,313,Rain: Light,0,0,
24661,2021-05-28 13:00:00,40.718395,-73.826385,0,0,Driver Inattention/Distraction,4421368,19.4,10.6,25.0,25.0,0.0,8.0,63,25.6,47.9,62,Rain: Moderate,0,0,
24662,2021-05-26 07:40:00,40.711033,-73.7281,0,0,Following Too Closely,4420590,29.5,17.4,0.1,0.1,0.0,1.0,51,23.4,45.7,210,Drizzle: Light,0,0,
24663,2021-05-26 10:38:00,40.80705,-73.91734,0,0,Following Too Closely,4420573,29.5,17.4,0.1,0.1,0.0,1.0,51,23.4,45.7,210,Drizzle: Light,0,0,
24664,2021-10-01 12:15:00,40.804344,-73.92158,1,0,Unspecified,4463200,19.4,9.5,0.0,0.0,0.0,0.0,0,13.8,28.1,302,Clear sky,1,1,Sunny/Clear Conditions
24665,2021-05-27 11:55:00,40.73735,-73.95479,0,0,Backing Unsafely,4421001,27.4,18.3,2.4,2.4,0.0,3.0,61,23.5,42.1,313,Rain: Light,0,0,
24666,2021-05-27 14:12:00,40.81721,-73.916,0,0,Driver Inattention/Distraction,4421189,27.4,18.3,2.4,2.4,0.0,3.0,61,23.5,42.1,313,Rain: Light,0,0,
24667,2021-05-26 05:45:00,40.688374,-73.979614,1,0,Driver Inattention/Distraction,4420667,29.5,17.4,0.1,0.1,0.0,1.0,51,23.4,45.7,210,Drizzle: Light,1,1,
24668,2021-10-01 00:40:00,40.731182,-73.871605,0,0,Driver Inattention/Distraction,4463027,19.4,9.5,0.0,0.0,0.0,0.0,0,13.8,28.1,302,Clear sky,0,0,Sunny/Clear Conditions
24669,2021-05-28 16:45:00,40.830196,-73.82817,0,0,Unspecified,4421565,19.4,10.6,25.0,25.0,0.0,8.0,63,25.6,47.9,62,Rain: Moderate,0,0,
24670,2021-05-26 09:52:00,40.689217,-73.917656,0,0,Passing Too Closely,4420522,29.5,17.4,0.1,0.1,0.0,1.0,51,23.4,45.7,210,Drizzle: Light,0,0,
24671,2021-04-28 17:28:00,40.674,-73.960396,2,0,Driver Inattention/Distraction,4421373,26.1,7.9,0.0,0.0,0.0,0.0,3,15.3,34.6,133,Overcast,2,2,
24672,2021-05-26 12:20:00,40.709896,-73.83941,2,0,Driver Inexperience,4420897,29.5,17.4,0.1,0.1,0.0,1.0,51,23.4,45.7,210,Drizzle: Light,2,2,
24673,2021-05-26 11:24:00,40.744347,-73.92891,0,0,Passing Too Closely,4421556,29.5,17.4,0.1,0.1,0.0,1.0,51,23.4,45.7,210,Drizzle: Light,0,0,
24674,2021-05-28 01:09:00,40.83648,-73.897736,5,0,Alcohol Involvement,4421668,19.4,10.6,25.0,25.0,0.0,8.0,63,25.6,47.9,62,Rain: Moderate,5,5,
24675,2021-05-27 16:15:00,40.682106,-73.84584,0,0,Failure to Yield Right-of-Way,4421171,27.4,18.3,2.4,2.4,0.0,3.0,61,23.5,42.1,313,Rain: Light,0,0,
24676,2021-05-28 10:25:00,40.835136,-73.86308,1,0,Other Vehicular,4421307,19.4,10.6,25.0,25.0,0.0,8.0,63,25.6,47.9,62,Rain: Moderate,1,1,
24677,2021-05-26 21:00:00,40.809105,-73.9229,4,0,Unspecified,4420770,29.5,17.4,0.1,0.1,0.0,1.0,51,23.4,45.7,210,Drizzle: Light,4,4,
24678,2021-05-27 16:28:00,40.781025,-73.981316,1,0,Aggressive Driving/Road Rage,4421390,27.4,18.3,2.4,2.4,0.0,3.0,61,23.5,42.1,313,Rain: Light,1,1,
24679,2021-05-28 22:17:00,40.58663,-73.8209,0,0,Driver Inattention/Distraction,4421422,19.4,10.6,25.0,25.0,0.0,8.0,63,25.6,47.9,62,Rain: Moderate,0,0,
24680,2021-09-23 12:35:00,40.797737,-73.949425,1,0,Other Vehicular,4462926,26.2,18.0,15.6,15.6,0.0,14.0,63,40.7,77.4,156,Rain: Moderate,1,1,
24681,2021-05-27 01:10:00,40.61445,-73.98081,0,0,Failure to Yield Right-of-Way,4421524,27.4,18.3,2.4,2.4,0.0,3.0,61,23.5,42.1,313,Rain: Light,0,0,
24682,2021-05-28 08:29:00,40.60886,-73.965065,0,0,Unspecified,4421607,19.4,10.6,25.0,25.0,0.0,8.0,63,25.6,47.9,62,Rain: Moderate,0,0,
24683,2021-05-25 19:45:00,40.624096,-73.988754,1,0,Unspecified,4421689,21.9,13.0,0.0,0.0,0.0,0.0,3,24.3,47.9,182,Overcast,1,1,
24684,2021-05-26 13:40:00,40.704414,-73.944466,1,0,Obstruction/Debris,4420792,29.5,17.4,0.1,0.1,0.0,1.0,51,23.4,45.7,210,Drizzle: Light,1,1,
24685,2021-10-01 15:36:00,40.848118,-73.93089,1,0,Driver Inattention/Distraction,4463552,19.4,9.5,0.0,0.0,0.0,0.0,0,13.8,28.1,302,Clear sky,1,1,Sunny/Clear Conditions
24686,2021-05-28 10:14:00,40.825573,-73.918465,0,0,Driver Inattention/Distraction,4421889,19.4,10.6,25.0,25.0,0.0,8.0,63,25.6,47.9,62,Rain: Moderate,0,0,
24687,2021-05-27 21:50:00,40.613586,-74.08267,2,0,Passing or Lane Usage Improper,4421156,27.4,18.3,2.4,2.4,0.0,3.0,61,23.5,42.1,313,Rain: Light,2,2,
24688,2021-05-26 02:25:00,40.830696,-73.849075,0,0,Oversized Vehicle,4420919,29.5,17.4,0.1,0.1,0.0,1.0,51,23.4,45.7,210,Drizzle: Light,0,0,
24689,2021-05-28 14:40:00,40.837894,-73.94239,1,0,View Obstructed/Limited,4421921,19.4,10.6,25.0,25.0,0.0,8.0,63,25.6,47.9,62,Rain: Moderate,1,1,
24690,2021-09-30 10:50:00,40.667114,-73.834656,0,0,Passing or Lane Usage Improper,4462741,18.8,13.1,0.0,0.0,0.0,0.0,3,18.1,37.4,330,Overcast,0,0,
24691,2021-05-27 04:30:00,40.839478,-73.883896,0,0,Oversized Vehicle,4420834,27.4,18.3,2.4,2.4,0.0,3.0,61,23.5,42.1,313,Rain: Light,0,0,
24692,2021-05-27 08:05:00,40.666885,-73.911964,0,0,Passing Too Closely,4421710,27.4,18.3,2.4,2.4,0.0,3.0,61,23.5,42.1,313,Rain: Light,0,0,
24693,2021-05-26 14:43:00,40.81133,-73.96403,1,0,Pedestrian/Bicyclist/Other Pedestrian Error/Confusion,4421837,29.5,17.4,0.1,0.1,0.0,1.0,51,23.4,45.7,210,Drizzle: Light,1,1,
24694,2021-05-27 07:30:00,40.656082,-73.95306,1,0,Turning Improperly,4421362,27.4,18.3,2.4,2.4,0.0,3.0,61,23.5,42.1,313,Rain: Light,1,1,
24695,2021-05-28 21:25:00,40.85185,-73.902725,0,0,Unspecified,4421446,19.4,10.6,25.0,25.0,0.0,8.0,63,25.6,47.9,62,Rain: Moderate,0,0,
24696,2021-05-26 18:00:00,40.69217,-73.95194,0,0,Passing Too Closely,4421762,29.5,17.4,0.1,0.1,0.0,1.0,51,23.4,45.7,210,Drizzle: Light,0,0,
24697,2021-05-26 15:00:00,40.75976,-73.90062,0,0,Passing or Lane Usage Improper,4420907,29.5,17.4,0.1,0.1,0.0,1.0,51,23.4,45.7,210,Drizzle: Light,0,0,
24698,2021-05-26 08:00:00,40.702522,-73.88693,0,0,Driver Inattention/Distraction,4420551,29.5,17.4,0.1,0.1,0.0,1.0,51,23.4,45.7,210,Drizzle: Light,0,0,
24699,2021-05-23 21:25:00,40.838978,-73.84744,0,0,Unspecified,4421224,31.4,19.8,0.0,0.0,0.0,0.0,3,28.5,54.4,322,Overcast,0,0,
24700,2021-05-27 14:40:00,40.6802,-73.953285,0,0,Driver Inattention/Distraction,4421782,27.4,18.3,2.4,2.4,0.0,3.0,61,23.5,42.1,313,Rain: Light,0,0,
24701,2021-05-26 08:00:00,40.90167,-73.90612,0,0,Unspecified,4420625,29.5,17.4,0.1,0.1,0.0,1.0,51,23.4,45.7,210,Drizzle: Light,0,0,
24702,2021-05-27 15:15:00,40.88042,-73.84427,2,0,Unsafe Speed,4421968,27.4,18.3,2.4,2.4,0.0,3.0,61,23.5,42.1,313,Rain: Light,2,2,
24703,2021-05-26 12:30:00,40.8047,-73.91243,1,0,Other Vehicular,4420748,29.5,17.4,0.1,0.1,0.0,1.0,51,23.4,45.7,210,Drizzle: Light,1,1,
24704,2021-05-27 17:08:00,40.81316,-73.90048,0,0,Unspecified,4421409,27.4,18.3,2.4,2.4,0.0,3.0,61,23.5,42.1,313,Rain: Light,0,0,
24705,2021-05-27 12:37:00,40.704426,-73.80555,0,0,Driver Inattention/Distraction,4421048,27.4,18.3,2.4,2.4,0.0,3.0,61,23.5,42.1,313,Rain: Light,0,0,
24706,2021-05-26 09:50:00,40.62456,-73.95228,0,0,Unspecified,4421640,29.5,17.4,0.1,0.1,0.0,1.0,51,23.4,45.7,210,Drizzle: Light,0,0,
24707,2021-05-27 07:00:00,40.85111,-73.93061,0,0,Unspecified,4421798,27.4,18.3,2.4,2.4,0.0,3.0,61,23.5,42.1,313,Rain: Light,0,0,
24708,2021-05-25 08:45:00,40.765354,-73.81733,0,0,Unspecified,4421219,21.9,13.0,0.0,0.0,0.0,0.0,3,24.3,47.9,182,Overcast,0,0,
24709,2021-05-26 14:48:00,40.82338,-73.902885,0,0,Unspecified,4420827,29.5,17.4,0.1,0.1,0.0,1.0,51,23.4,45.7,210,Drizzle: Light,0,0,
24710,2021-09-29 11:00:00,40.766434,-73.921776,1,0,Following Too Closely,4462384,19.9,11.3,0.0,0.0,0.0,0.0,3,20.6,41.8,331,Overcast,1,1,
24711,2021-05-26 15:30:00,40.67332,-73.8464,0,0,Turning Improperly,4420686,29.5,17.4,0.1,0.1,0.0,1.0,51,23.4,45.7,210,Drizzle: Light,0,0,
24712,2021-05-26 14:44:00,40.59506,-73.79455,0,0,Unspecified,4421101,29.5,17.4,0.1,0.1,0.0,1.0,51,23.4,45.7,210,Drizzle: Light,0,0,
24713,2021-05-26 16:22:00,40.72384,-73.941345,0,0,Passing Too Closely,4420726,29.5,17.4,0.1,0.1,0.0,1.0,51,23.4,45.7,210,Drizzle: Light,0,0,
24714,2021-05-26 16:40:00,40.73502,-73.896034,0,0,Driver Inattention/Distraction,4421011,29.5,17.4,0.1,0.1,0.0,1.0,51,23.4,45.7,210,Drizzle: Light,0,0,
24715,2021-05-26 08:15:00,40.842625,-73.87818,2,0,Driver Inexperience,4420578,29.5,17.4,0.1,0.1,0.0,1.0,51,23.4,45.7,210,Drizzle: Light,2,2,
24716,2021-05-26 22:20:00,40.603493,-74.067345,1,0,Unsafe Lane Changing,4420944,29.5,17.4,0.1,0.1,0.0,1.0,51,23.4,45.7,210,Drizzle: Light,1,1,