,CRASH DATETIME,LATITUDE,LONGITUDE,NUMBER OF PERSONS INJURED,NUMBER OF PERSONS KILLED,CONTRIBUTING FACTOR VEHICLE 1,COLLISION_ID,temperature_2m_max,temperature_2m_min,precipitation_sum,rain_sum,snowfall_sum,precipitation_hours,weather_code,wind_speed_10m_max,wind_gusts_10m_max,wind_direction_10m_dominant,Weather Description,Severity_Score,Total_Affected_Persons,Weather_Category
24717,2021-05-23 13:55:00,40.7014,-73.91858,0,0,Passing or Lane Usage Improper,4421278,31.4,19.8,0.0,0.0,0.0,0.0,3,28.5,54.4,322,Overcast,0,0,
24718,2021-05-28 00:00:00,40.63459,-73.93825,0,0,Driver Inattention/Distraction,4421867,19.4,10.6,25.0,25.0,0.0,8.0,63,25.6,47.9,62,Rain: Moderate,0,0,
24719,2021-05-27 20:00:00,40.687504,-73.91465,0,0,Driver Inattention/Distraction,4421295,27.4,18.3,2.4,2.4,0.0,3.0,61,23.5,42.1,313,Rain: Light,0,0,
24720,2021-05-27 11:45:00,40.666187,-73.79176,0,0,Unspecified,4421111,27.4,18.3,2.4,2.4,0.0,3.0,61,23.5,42.1,313,Rain: Light,0,0,
24721,2021-05-26 18:10:00,40.675735,-73.89686,2,0,Unspecified,4420865,29.5,17.4,0.1,0.1,0.0,1.0,51,23.4,45.7,210,Drizzle: Light,2,2,
24722,2021-05-27 12:30:00,40.575542,-73.96487,0,0,Passing Too Closely,4421672,27.4,18.3,2.4,2.4,0.0,3.0,61,23.5,42.1,313,Rain: Light,0,0,
24723,2021-10-01 15:22:00,40.67312,-73.878654,0,0,Traffic Control Disregarded,4463753,19.4,9.5,0.0,0.0,0.0,0.0,0,13.8,28.1,302,Clear sky,0,0,Sunny/Clear Conditions
24724,2021-05-28 16:20:00,40.76889,-73.9821,0,0,Following Too Closely,4421394,19.4,10.6,25.0,25.0,0.0,8.0,63,25.6,47.9,62,Rain: Moderate,0,0,
24725,2021-05-28 07:30:00,40.76286,-73.98941,0,0,Driver Inattention/Distraction,4421246,19.4,10.6,25.0,25.0,0.0,8.0,63,25.6,47.9,62,Rain: Moderate,0,0,
24726,2021-05-27 17:54:00,40.697285,-73.75645,2,0,Failure to Yield Right-of-Way,4421106,27.4,18.3,2.4,2.4,0.0,3.0,61,23.5,42.1,313,Rain: Light,2,2,
24727,2021-05-27 18:20:00,40.662666,-73.83972,1,0,Failure to Yield Right-of-Way,4421175,27.4,18.3,2.4,2.4,0.0,3.0,61,23.5,42.1,313,Rain: Light,1,1,
24728,2021-05-25 08:00:00,40.608154,-74.18262,0,0,Driver Inattention/Distraction,4421426,21.9,13.0,0.0,0.0,0.0,0.0,3,24.3,47.9,182,Overcast,0,0,
24729,2021-05-26 00:20:00,40.73978,-73.97952,0,0,Driver Inattention/Distraction,4420936,29.5,17.4,0.1,0.1,0.0,1.0,51,23.4,45.7,210,Drizzle: Light,0,0,
24730,2021-05-27 09:33:00,40.666435,-73.83478,1,0,Following Too Closely,4420996,27.4,18.3,2.4,2.4,0.0,3.0,61,23.5,42.1,313,Rain: Light,1,1,
24731,2021-05-26 15:00:00,40.71049,-73.7766,0,0,Backing Unsafely,4421288,29.5,17.4,0.1,0.1,0.0,1.0,51,23.4,45.7,210,Drizzle: Light,0,0,
24732,2021-05-28 14:25:00,40.638554,-74.08174,0,0,Passing or Lane Usage Improper,4421732,19.4,10.6,25.0,25.0,0.0,8.0,63,25.6,47.9,62,Rain: Moderate,0,0,
24733,2021-05-27 23:38:00,40.820004,-73.95888,0,0,Unspecified,4421317,27.4,18.3,2.4,2.4,0.0,3.0,61,23.5,42.1,313,Rain: Light,0,0,
24734,2021-05-27 21:35:00,40.83147,-73.94678,1,0,Unspecified,4421895,27.4,18.3,2.4,2.4,0.0,3.0,61,23.5,42.1,313,Rain: Light,1,1,
24735,2021-05-27 15:05:00,40.76872,-73.7492,1,0,Driver Inattention/Distraction,4421146,27.4,18.3,2.4,2.4,0.0,3.0,61,23.5,42.1,313,Rain: Light,1,1,
24736,2021-05-28 13:45:00,40.748924,-73.937386,0,0,Driver Inattention/Distraction,4421377,19.4,10.6,25.0,25.0,0.0,8.0,63,25.6,47.9,62,Rain: Moderate,0,0,
24737,2021-05-25 15:29:00,40.85111,-73.93061,1,0,Failure to Yield Right-of-Way,4421695,21.9,13.0,0.0,0.0,0.0,0.0,3,24.3,47.9,182,Overcast,1,1,
24738,2021-12-27 15:35:00,40.9046,-73.852936,2,0,Driver Inattention/Distraction,4490300,2.7,-1.4,2.1,0.8,0.91,5.0,73,13.5,23.0,10,Snow fall: Moderate,2,2,Snowy Conditions
24739,2021-05-26 02:12:00,40.779633,-73.91084,0,0,Unspecified,4421964,29.5,17.4,0.1,0.1,0.0,1.0,51,23.4,45.7,210,Drizzle: Light,0,0,
24740,2021-05-27 14:15:00,40.67069,-73.91703,0,0,Unspecified,4421714,27.4,18.3,2.4,2.4,0.0,3.0,61,23.5,42.1,313,Rain: Light,0,0,
24741,2021-05-26 12:30:00,40.65416,-73.92483,1,0,Unspecified,4421840,29.5,17.4,0.1,0.1,0.0,1.0,51,23.4,45.7,210,Drizzle: Light,1,1,
24742,2021-05-25 12:16:00,40.7025,-73.91633,0,0,Passing Too Closely,4421283,21.9,13.0,0.0,0.0,0.0,0.0,3,24.3,47.9,182,Overcast,0,0,
24743,2021-05-27 13:00:00,40.813072,-73.88996,0,0,Unspecified,4421405,27.4,18.3,2.4,2.4,0.0,3.0,61,23.5,42.1,313,Rain: Light,0,0,
24744,2021-05-26 20:40:00,40.74273,-73.91499,1,0,Driver Inattention/Distraction,4420734,29.5,17.4,0.1,0.1,0.0,1.0,51,23.4,45.7,210,Drizzle: Light,1,1,
24745,2021-05-28 14:00:00,40.666416,-73.80631,2,0,Following Too Closely,4421990,19.4,10.6,25.0,25.0,0.0,8.0,63,25.6,47.9,62,Rain: Moderate,2,2,
24746,2021-05-21 10:00:00,40.732605,-74.00883,0,0,Brakes Defective,4421634,23.9,11.3,0.0,0.0,0.0,0.0,3,19.2,38.5,174,Overcast,0,0,
24747,2021-05-26 16:35:00,40.661606,-73.9503,0,0,Driver Inattention/Distraction,4420821,29.5,17.4,0.1,0.1,0.0,1.0,51,23.4,45.7,210,Drizzle: Light,0,0,
24748,2021-05-27 15:30:00,40.850494,-73.91546,1,0,Driver Inattention/Distraction,4421198,27.4,18.3,2.4,2.4,0.0,3.0,61,23.5,42.1,313,Rain: Light,1,1,
24749,2021-05-17 07:30:00,40.696033,-73.98453,2,0,Driver Inattention/Distraction,4421503,22.9,9.7,0.0,0.0,0.0,0.0,3,17.7,36.0,224,Overcast,2,2,
24750,2021-05-26 14:00:00,40.688904,-73.980934,0,0,Driver Inattention/Distraction,4421043,29.5,17.4,0.1,0.1,0.0,1.0,51,23.4,45.7,210,Drizzle: Light,0,0,
24751,2021-05-28 11:45:00,40.75548,-73.74173,0,0,Pavement Slippery,4421440,19.4,10.6,25.0,25.0,0.0,8.0,63,25.6,47.9,62,Rain: Moderate,0,0,
24752,2021-05-28 10:00:00,40.566185,-73.881966,0,0,Obstruction/Debris,4421792,19.4,10.6,25.0,25.0,0.0,8.0,63,25.6,47.9,62,Rain: Moderate,0,0,
24753,2021-05-28 21:00:00,40.819046,-73.944695,0,0,Other Vehicular,4421579,19.4,10.6,25.0,25.0,0.0,8.0,63,25.6,47.9,62,Rain: Moderate,0,0,
24754,2021-05-27 05:55:00,40.729996,-73.91187,0,0,Reaction to Uninvolved Vehicle,4420953,27.4,18.3,2.4,2.4,0.0,3.0,61,23.5,42.1,313,Rain: Light,0,0,
24755,2021-05-27 15:30:00,40.66223,-73.93997,1,0,Driver Inattention/Distraction,4421074,27.4,18.3,2.4,2.4,0.0,3.0,61,23.5,42.1,313,Rain: Light,1,1,
24756,2021-05-16 14:20:00,40.69979,-73.950096,1,0,Following Too Closely,4421775,22.3,10.7,0.1,0.1,0.0,1.0,51,23.8,46.1,261,Drizzle: Light,1,1,
24757,2021-05-27 19:05:00,40.85678,-73.86192,0,0,Other Vehicular,4421256,27.4,18.3,2.4,2.4,0.0,3.0,61,23.5,42.1,313,Rain: Light,0,0,
24758,2021-05-26 14:30:00,40.703217,-73.94427,1,0,Driver Inattention/Distraction,4420802,29.5,17.4,0.1,0.1,0.0,1.0,51,23.4,45.7,210,Drizzle: Light,1,1,
24759,2021-05-26 17:25:00,40.749443,-73.99285,1,0,Unspecified,4421646,29.5,17.4,0.1,0.1,0.0,1.0,51,23.4,45.7,210,Drizzle: Light,1,1,
24760,2021-05-27 21:55:00,40.704494,-73.81743,2,0,Aggressive Driving/Road Rage,4421197,27.4,18.3,2.4,2.4,0.0,3.0,61,23.5,42.1,313,Rain: Light,2,2,
24761,2021-05-26 18:30:00,40.8327,-73.950226,0,0,Passing or Lane Usage Improper,4420743,29.5,17.4,0.1,0.1,0.0,1.0,51,23.4,45.7,210,Drizzle: Light,0,0,
24762,2021-05-28 17:25:00,40.84175,-73.88546,1,0,Driver Inattention/Distraction,4421471,19.4,10.6,25.0,25.0,0.0,8.0,63,25.6,47.9,62,Rain: Moderate,1,1,
24763,2021-05-26 19:15:00,40.72656,-73.972046,1,0,Following Too Closely,4422049,29.5,17.4,0.1,0.1,0.0,1.0,51,23.4,45.7,210,Drizzle: Light,1,1,
24764,2021-05-25 18:00:00,40.768936,-73.834335,0,0,Failure to Yield Right-of-Way,4421214,21.9,13.0,0.0,0.0,0.0,0.0,3,24.3,47.9,182,Overcast,0,0,
24765,2021-05-26 15:33:00,40.61242,-74.09936,1,0,Unspecified,4422014,29.5,17.4,0.1,0.1,0.0,1.0,51,23.4,45.7,210,Drizzle: Light,1,1,
24766,2021-05-26 20:55:00,40.72179,-73.99986,0,0,Passing or Lane Usage Improper,4420780,29.5,17.4,0.1,0.1,0.0,1.0,51,23.4,45.7,210,Drizzle: Light,0,0,
24767,2021-05-26 00:00:00,40.693604,-73.99275,0,0,Passing Too Closely,4420982,29.5,17.4,0.1,0.1,0.0,1.0,51,23.4,45.7,210,Drizzle: Light,0,0,
24768,2021-05-27 11:00:00,40.883617,-73.85516,0,0,Unspecified,4421231,27.4,18.3,2.4,2.4,0.0,3.0,61,23.5,42.1,313,Rain: Light,0,0,
24769,2021-05-26 01:50:00,40.764267,-73.9158,0,0,Driver Inattention/Distraction,4420407,29.5,17.4,0.1,0.1,0.0,1.0,51,23.4,45.7,210,Drizzle: Light,0,0,
24770,2021-05-26 15:40:00,40.720375,-73.73226,0,0,Unspecified,4421016,29.5,17.4,0.1,0.1,0.0,1.0,51,23.4,45.7,210,Drizzle: Light,0,0,
24771,2021-05-28 02:00:00,40.708626,-73.94513,1,0,Driver Inattention/Distraction,4421756,19.4,10.6,25.0,25.0,0.0,8.0,63,25.6,47.9,62,Rain: Moderate,1,1,
24772,2021-05-27 16:08:00,40.706806,-73.825,1,0,Unspecified,4421310,27.4,18.3,2.4,2.4,0.0,3.0,61,23.5,42.1,313,Rain: Light,1,1,
24773,2021-05-07 23:05:00,40.836105,-73.917435,1,0,Following Too Closely,4421330,16.4,7.7,0.0,0.0,0.0,0.0,3,15.8,32.4,73,Overcast,1,1,
24774,2021-05-27 16:20:00,40.72037,-73.76102,0,0,Passing Too Closely,4421095,27.4,18.3,2.4,2.4,0.0,3.0,61,23.5,42.1,313,Rain: Light,0,0,
24775,2021-05-26 18:07:00,40.753624,-73.96944,0,0,Driver Inattention/Distraction,4420721,29.5,17.4,0.1,0.1,0.0,1.0,51,23.4,45.7,210,Drizzle: Light,0,0,
24776,2021-05-26 15:40:00,40.842175,-73.89231,0,0,Other Vehicular,4420931,29.5,17.4,0.1,0.1,0.0,1.0,51,23.4,45.7,210,Drizzle: Light,0,0,
24777,2021-10-01 12:20:00,40.816532,-73.92822,0,0,Unsafe Lane Changing,4463205,19.4,9.5,0.0,0.0,0.0,0.0,0,13.8,28.1,302,Clear sky,0,0,Sunny/Clear Conditions
24778,2021-05-27 06:25:00,40.65797,-73.848274,0,0,Traffic Control Disregarded,4420970,27.4,18.3,2.4,2.4,0.0,3.0,61,23.5,42.1,313,Rain: Light,0,0,
24779,2021-05-24 05:39:00,40.83468,-73.944435,1,0,Traffic Control Disregarded,4421255,18.9,13.7,0.0,0.0,0.0,0.0,3,22.4,44.3,126,Overcast,1,1,
24780,2021-05-26 01:55:00,40.724262,-73.93766,0,0,Passing or Lane Usage Improper,4420446,29.5,17.4,0.1,0.1,0.0,1.0,51,23.4,45.7,210,Drizzle: Light,0,0,
24781,2021-05-25 16:30:00,40.804886,-73.96248,0,0,Passing or Lane Usage Improper,4421860,21.9,13.0,0.0,0.0,0.0,0.0,3,24.3,47.9,182,Overcast,0,0,
24782,2021-05-26 17:26:00,40.644424,-73.998604,1,0,Unspecified,4420990,29.5,17.4,0.1,0.1,0.0,1.0,51,23.4,45.7,210,Drizzle: Light,1,1,
24783,2021-05-26 12:00:00,40.75723,-73.81715,0,0,Unspecified,4420693,29.5,17.4,0.1,0.1,0.0,1.0,51,23.4,45.7,210,Drizzle: Light,0,0,
24784,2021-05-26 12:54:00,40.684513,-73.909386,0,0,Driver Inattention/Distraction,4420781,29.5,17.4,0.1,0.1,0.0,1.0,51,23.4,45.7,210,Drizzle: Light,0,0,
24785,2021-05-28 21:26:00,40.670734,-73.93373,1,0,Driver Inattention/Distraction,4421906,19.4,10.6,25.0,25.0,0.0,8.0,63,25.6,47.9,62,Rain: Moderate,1,1,
24786,2021-05-26 19:20:00,40.741447,-73.84603,0,0,Unspecified,4421242,29.5,17.4,0.1,0.1,0.0,1.0,51,23.4,45.7,210,Drizzle: Light,0,0,
24787,2021-05-26 16:15:00,40.674717,-74.01332,0,0,Driver Inattention/Distraction,4421490,29.5,17.4,0.1,0.1,0.0,1.0,51,23.4,45.7,210,Drizzle: Light,0,0,
24788,2021-05-26 16:30:00,40.815845,-73.89544,0,0,Traffic Control Device Improper/Non-Working,4421025,29.5,17.4,0.1,0.1,0.0,1.0,51,23.4,45.7,210,Drizzle: Light,0,0,
24789,2021-05-27 17:47:00,40.85493,-73.82617,0,0,Unspecified,4421332,27.4,18.3,2.4,2.4,0.0,3.0,61,23.5,42.1,313,Rain: Light,0,0,
24790,2021-05-26 17:18:00,40.7216,-73.912994,1,0,Failure to Yield Right-of-Way,4421472,29.5,17.4,0.1,0.1,0.0,1.0,51,23.4,45.7,210,Drizzle: Light,1,1,
24791,2021-05-27 00:00:00,40.870396,-73.8259,1,0,Unspecified,4421349,27.4,18.3,2.4,2.4,0.0,3.0,61,23.5,42.1,313,Rain: Light,1,1,
24792,2021-05-28 09:26:00,40.57275,-73.997055,0,0,Reaction to Uninvolved Vehicle,4421676,19.4,10.6,25.0,25.0,0.0,8.0,63,25.6,47.9,62,Rain: Moderate,0,0,
24793,2021-05-26 19:30:00,40.83543,-73.92341,1,0,Unspecified,4420736,29.5,17.4,0.1,0.1,0.0,1.0,51,23.4,45.7,210,Drizzle: Light,1,1,
24794,2021-05-27 06:30:00,40.832085,-73.85536,0,0,Unspecified,4420924,27.4,18.3,2.4,2.4,0.0,3.0,61,23.5,42.1,313,Rain: Light,0,0,
24795,2021-05-28 17:50:00,40.73222,-74.00356,0,0,Driver Inattention/Distraction,4421622,19.4,10.6,25.0,25.0,0.0,8.0,63,25.6,47.9,62,Rain: Moderate,0,0,
24796,2021-05-27 21:00:00,40.647255,-74.087944,0,0,Driver Inattention/Distraction,4421700,27.4,18.3,2.4,2.4,0.0,3.0,61,23.5,42.1,313,Rain: Light,0,0,
24797,2021-05-26 13:18:00,40.72835,-73.95339,0,0,Driver Inattention/Distraction,4421180,29.5,17.4,0.1,0.1,0.0,1.0,51,23.4,45.7,210,Drizzle: Light,0,0,
24798,2021-05-26 17:19:00,40.813797,-73.94987,1,0,Other Vehicular,4421165,29.5,17.4,0.1,0.1,0.0,1.0,51,23.4,45.7,210,Drizzle: Light,1,1,
24799,2021-05-15 09:00:00,40.715763,-73.74654,0,0,Failure to Yield Right-of-Way,4421337,22.4,8.7,0.0,0.0,0.0,0.0,3,12.5,23.8,229,Overcast,0,0,
24800,2021-05-26 19:10:00,40.80682,-73.91749,1,0,Unspecified,4420760,29.5,17.4,0.1,0.1,0.0,1.0,51,23.4,45.7,210,Drizzle: Light,1,1,
24801,2021-05-27 13:55:00,40.778713,-73.806206,2,0,Turning Improperly,4421545,27.4,18.3,2.4,2.4,0.0,3.0,61,23.5,42.1,313,Rain: Light,2,2,
24802,2021-05-27 14:00:00,40.635303,-74.00617,0,0,Unspecified,4421684,27.4,18.3,2.4,2.4,0.0,3.0,61,23.5,42.1,313,Rain: Light,0,0,
24803,2021-05-27 12:40:00,40.672966,-73.941864,1,0,Failure to Yield Right-of-Way,4421123,27.4,18.3,2.4,2.4,0.0,3.0,61,23.5,42.1,313,Rain: Light,1,1,
24804,2021-05-27 17:40:00,40.642014,-73.9313,1,0,Driver Inattention/Distraction,4421848,27.4,18.3,2.4,2.4,0.0,3.0,61,23.5,42.1,313,Rain: Light,1,1,
24805,2021-05-28 00:17:00,40.60487,-74.02955,1,0,Following Too Closely,4421941,19.4,10.6,25.0,25.0,0.0,8.0,63,25.6,47.9,62,Rain: Moderate,1,1,
24806,2021-05-28 15:03:00,40.682487,-73.979614,0,0,Driver Inattention/Distraction,4421820,19.4,10.6,25.0,25.0,0.0,8.0,63,25.6,47.9,62,Rain: Moderate,0,0,
24807,2021-05-27 16:25:00,40.603054,-74.00825,0,0,Failure to Yield Right-of-Way,4421593,27.4,18.3,2.4,2.4,0.0,3.0,61,23.5,42.1,313,Rain: Light,0,0,
24808,2021-09-15 18:20:00,40.714268,-73.90571,1,0,Backing Unsafely,4462963,29.6,20.7,0.3,0.3,0.0,3.0,51,21.6,40.7,192,Drizzle: Light,1,1,
24809,2021-05-27 20:00:00,40.827785,-73.90434,0,0,Driver Inattention/Distraction,4421655,27.4,18.3,2.4,2.4,0.0,3.0,61,23.5,42.1,313,Rain: Light,0,0,
24810,2021-05-27 17:35:00,40.707893,-73.78675,0,0,Driver Inattention/Distraction,4421925,27.4,18.3,2.4,2.4,0.0,3.0,61,23.5,42.1,313,Rain: Light,0,0,
24811,2021-05-27 15:20:00,40.72527,-73.816154,0,0,Driver Inattention/Distraction,4421085,27.4,18.3,2.4,2.4,0.0,3.0,61,23.5,42.1,313,Rain: Light,0,0,
24812,2021-05-25 17:00:00,40.63267,-73.93101,1,0,Failure to Yield Right-of-Way,4421771,21.9,13.0,0.0,0.0,0.0,0.0,3,24.3,47.9,182,Overcast,1,1,
24813,2021-05-27 16:30:00,40.74575,-73.78901,0,0,Driver Inattention/Distraction,4421147,27.4,18.3,2.4,2.4,0.0,3.0,61,23.5,42.1,313,Rain: Light,0,0,
24814,2021-05-26 10:00:00,40.70754,-74.01311,0,0,Driver Inattention/Distraction,4420577,29.5,17.4,0.1,0.1,0.0,1.0,51,23.4,45.7,210,Drizzle: Light,0,0,
24815,2021-05-26 08:10:00,40.788864,-73.971855,0,0,Unspecified,4420591,29.5,17.4,0.1,0.1,0.0,1.0,51,23.4,45.7,210,Drizzle: Light,0,0,
24816,2021-05-27 18:30:00,40.820004,-73.888885,0,0,Driver Inexperience,4421401,27.4,18.3,2.4,2.4,0.0,3.0,61,23.5,42.1,313,Rain: Light,0,0,
24817,2021-05-26 14:00:00,40.58196,-73.959946,0,0,Passing Too Closely,4420838,29.5,17.4,0.1,0.1,0.0,1.0,51,23.4,45.7,210,Drizzle: Light,0,0,
24818,2021-05-24 12:42:00,40.66484,-73.91494,1,0,Other Vehicular,4421713,18.9,13.7,0.0,0.0,0.0,0.0,3,22.4,44.3,126,Overcast,1,1,
24819,2021-05-28 15:40:00,40.55381,-74.134995,0,0,Driver Inattention/Distraction,4421364,19.4,10.6,25.0,25.0,0.0,8.0,63,25.6,47.9,62,Rain: Moderate,0,0,
24820,2021-05-27 15:05:00,40.715683,-73.99751,0,0,Driver Inattention/Distraction,4421080,27.4,18.3,2.4,2.4,0.0,3.0,61,23.5,42.1,313,Rain: Light,0,0,
24821,2021-05-26 09:28:00,40.745686,-73.97213,0,0,Driver Inattention/Distraction,4420715,29.5,17.4,0.1,0.1,0.0,1.0,51,23.4,45.7,210,Drizzle: Light,0,0,
24822,2021-05-28 00:15:00,40.89154,-73.84127,0,0,Unsafe Speed,4421227,19.4,10.6,25.0,25.0,0.0,8.0,63,25.6,47.9,62,Rain: Moderate,0,0,
24823,2021-05-27 08:00:00,40.727226,-73.71051,0,0,Driver Inattention/Distraction,4420911,27.4,18.3,2.4,2.4,0.0,3.0,61,23.5,42.1,313,Rain: Light,0,0,
24824,2021-05-27 14:50:00,40.59241,-73.95327,1,0,Unsafe Speed,4421210,27.4,18.3,2.4,2.4,0.0,3.0,61,23.5,42.1,313,Rain: Light,1,1,
24825,2021-05-28 15:15:00,40.68561,-73.75027,2,0,Traffic Control Disregarded,4421514,19.4,10.6,25.0,25.0,0.0,8.0,63,25.6,47.9,62,Rain: Moderate,2,2,
24826,2021-05-28 23:30:00,40.69636,-73.74459,2,0,Unspecified,4421435,19.4,10.6,25.0,25.0,0.0,8.0,63,25.6,47.9,62,Rain: Moderate,2,2,
24827,2021-05-21 16:50:00,40.89074,-73.84,0,0,Backing Unsafely,4421232,23.9,11.3,0.0,0.0,0.0,0.0,3,19.2,38.5,174,Overcast,0,0,
24828,2021-05-26 21:49:00,40.86759,-73.85095,0,0,Unsafe Speed,4421037,29.5,17.4,0.1,0.1,0.0,1.0,51,23.4,45.7,210,Drizzle: Light,0,0,
24829,2021-05-27 01:14:00,40.750988,-73.99063,1,0,Driver Inattention/Distraction,4421671,27.4,18.3,2.4,2.4,0.0,3.0,61,23.5,42.1,313,Rain: Light,1,1,
24830,2021-05-26 11:00:00,40.82789,-73.85012,0,0,Unspecified,4420556,29.5,17.4,0.1,0.1,0.0,1.0,51,23.4,45.7,210,Drizzle: Light,0,0,
24831,2021-05-26 17:43:00,40.707493,-73.94153,0,0,Drugs (illegal),4420807,29.5,17.4,0.1,0.1,0.0,1.0,51,23.4,45.7,210,Drizzle: Light,0,0,
24832,2021-05-27 08:05:00,40.675106,-73.90438,0,0,Unspecified,4421708,27.4,18.3,2.4,2.4,0.0,3.0,61,23.5,42.1,313,Rain: Light,0,0,
24833,2021-05-24 12:20:00,40.860004,-73.825424,2,0,Driver Inattention/Distraction,4421571,18.9,13.7,0.0,0.0,0.0,0.0,3,22.4,44.3,126,Overcast,2,2,
24834,2021-05-26 10:45:00,40.748646,-73.794815,0,0,Driver Inattention/Distraction,4420584,29.5,17.4,0.1,0.1,0.0,1.0,51,23.4,45.7,210,Drizzle: Light,0,0,
24835,2021-05-26 12:40:00,40.764347,-73.82595,3,0,Backing Unsafely,4420747,29.5,17.4,0.1,0.1,0.0,1.0,51,23.4,45.7,210,Drizzle: Light,3,3,
24836,2021-05-28 23:20:00,40.642384,-73.92539,0,0,Turning Improperly,4421854,19.4,10.6,25.0,25.0,0.0,8.0,63,25.6,47.9,62,Rain: Moderate,0,0,
24837,2021-05-27 15:26:00,40.83258,-73.943344,0,0,Passing Too Closely,4421270,27.4,18.3,2.4,2.4,0.0,3.0,61,23.5,42.1,313,Rain: Light,0,0,
24838,2021-05-27 16:50:00,40.71245,-73.95247,0,0,Passing Too Closely,4421754,27.4,18.3,2.4,2.4,0.0,3.0,61,23.5,42.1,313,Rain: Light,0,0,
24839,2021-05-28 14:00:00,40.738194,-73.8492,0,0,Failure to Yield Right-of-Way,4421369,19.4,10.6,25.0,25.0,0.0,8.0,63,25.6,47.9,62,Rain: Moderate,0,0,
24840,2021-05-28 09:00:00,40.71471,-73.75471,0,0,Unsafe Lane Changing,4421287,19.4,10.6,25.0,25.0,0.0,8.0,63,25.6,47.9,62,Rain: Moderate,0,0,
24841,2021-05-27 07:01:00,40.69611,-73.96406,0,0,Reaction to Uninvolved Vehicle,4420995,27.4,18.3,2.4,2.4,0.0,3.0,61,23.5,42.1,313,Rain: Light,0,0,
24842,2021-05-26 16:46:00,40.73986,-73.79012,1,0,Following Too Closely,4420920,29.5,17.4,0.1,0.1,0.0,1.0,51,23.4,45.7,210,Drizzle: Light,1,1,
24843,2021-05-27 22:43:00,40.737354,-73.918915,1,0,Driver Inattention/Distraction,4421160,27.4,18.3,2.4,2.4,0.0,3.0,61,23.5,42.1,313,Rain: Light,1,1,
24844,2021-05-26 14:45:00,40.711876,-73.73029,0,0,Passing or Lane Usage Improper,4420703,29.5,17.4,0.1,0.1,0.0,1.0,51,23.4,45.7,210,Drizzle: Light,0,0,
24845,2021-04-29 14:20:00,40.674885,-73.927765,0,0,Passing Too Closely,4421794,22.5,12.9,3.8,3.8,0.0,9.0,53,25.6,50.8,199,Drizzle: Moderate,0,0,
24846,2021-05-27 19:45:00,40.714104,-73.95322,0,0,Driver Inattention/Distraction,4421759,27.4,18.3,2.4,2.4,0.0,3.0,61,23.5,42.1,313,Rain: Light,0,0,
24847,2021-05-24 13:22:00,40.666695,-73.98992,0,0,Drugs (illegal),4421238,18.9,13.7,0.0,0.0,0.0,0.0,3,22.4,44.3,126,Overcast,0,0,
24848,2021-05-26 00:00:00,40.876495,-73.88321,0,0,Alcohol Involvement,4420754,29.5,17.4,0.1,0.1,0.0,1.0,51,23.4,45.7,210,Drizzle: Light,0,0,
24849,2021-05-27 19:06:00,40.636337,-73.919044,0,0,Traffic Control Disregarded,4421115,27.4,18.3,2.4,2.4,0.0,3.0,61,23.5,42.1,313,Rain: Light,0,0,
24850,2021-05-28 08:47:00,40.852787,-73.89663,0,0,Driver Inattention/Distraction,4421477,19.4,10.6,25.0,25.0,0.0,8.0,63,25.6,47.9,62,Rain: Moderate,0,0,
24851,2021-05-14 09:20:00,40.776398,-73.98328,0,0,Passenger Distraction,4421386,21.6,7.5,0.0,0.0,0.0,0.0,2,14.3,25.2,276,Partly cloudy,0,0,
24852,2021-05-27 21:10:00,40.65616,-73.76736,2,0,Unsafe Lane Changing,4421325,27.4,18.3,2.4,2.4,0.0,3.0,61,23.5,42.1,313,Rain: Light,2,2,
24853,2021-05-28 12:25:00,40.612854,-74.102646,2,0,Traffic Control Disregarded,4421728,19.4,10.6,25.0,25.0,0.0,8.0,63,25.6,47.9,62,Rain: Moderate,2,2,
24854,2021-05-26 11:00:00,40.773357,-73.79366,0,0,Passing Too Closely,4421813,29.5,17.4,0.1,0.1,0.0,1.0,51,23.4,45.7,210,Drizzle: Light,0,0,
24855,2021-05-25 03:24:00,40.82523,-73.94761,0,0,Other Vehicular,4421264,21.9,13.0,0.0,0.0,0.0,0.0,3,24.3,47.9,182,Overcast,0,0,
24856,2021-05-25 21:52:00,40.734093,-74.0085,0,0,Unsafe Speed,4421618,21.9,13.0,0.0,0.0,0.0,0.0,3,24.3,47.9,182,Overcast,0,0,
24857,2021-05-28 13:50:00,40.703434,-73.91181,0,0,Oversized Vehicle,4421494,19.4,10.6,25.0,25.0,0.0,8.0,63,25.6,47.9,62,Rain: Moderate,0,0,
24858,2021-05-27 13:00:00,40.71154,-73.83624,1,0,Following Too Closely,4421354,27.4,18.3,2.4,2.4,0.0,3.0,61,23.5,42.1,313,Rain: Light,1,1,
24859,2021-05-28 16:50:00,40.751785,-73.80705,1,0,Failure to Yield Right-of-Way,4421539,19.4,10.6,25.0,25.0,0.0,8.0,63,25.6,47.9,62,Rain: Moderate,1,1,
24860,2021-05-22 13:20:00,40.827774,-73.945755,0,0,Driver Inattention/Distraction,4421259,30.5,16.5,0.0,0.0,0.0,0.0,3,19.1,36.4,299,Overcast,0,0,