,CRASH DATETIME,LATITUDE,LONGITUDE,NUMBER OF PERSONS INJURED,NUMBER OF PERSONS KILLED,CONTRIBUTING FACTOR VEHICLE 1,COLLISION_ID,temperature_2m_max,temperature_2m_min,precipitation_sum,rain_sum,snowfall_sum,precipitation_hours,weather_code,wind_speed_10m_max,wind_gusts_10m_max,wind_direction_10m_dominant,Weather Description,Severity_Score,Total_Affected_Persons,Weather_Category
24861,2021-05-26 14:30:00,40.68438,-73.94702,1,0,Following Too Closely,4421747,29.5,17.4,0.1,0.1,0.0,1.0,51,23.4,45.7,210,Drizzle: Light,1,1,
24862,2021-05-27 17:40:00,40.72636,-73.84854,0,0,Driver Inattention/Distraction,4421109,27.4,18.3,2.4,2.4,0.0,3.0,61,23.5,42.1,313,Rain: Light,0,0,
24863,2021-05-28 23:50:00,40.769333,-73.912445,0,0,Following Too Closely,4421973,19.4,10.6,25.0,25.0,0.0,8.0,63,25.6,47.9,62,Rain: Moderate,0,0,
24864,2021-05-27 14:45:00,40.714073,-73.95534,1,0,Following Too Closely,4422075,27.4,18.3,2.4,2.4,0.0,3.0,61,23.5,42.1,313,Rain: Light,1,1,
24865,2021-05-27 14:55:00,40.79525,-73.97321,4,0,Driver Inattention/Distraction,4421054,27.4,18.3,2.4,2.4,0.0,3.0,61,23.5,42.1,313,Rain: Light,4,4,
24866,2021-05-26 00:25:00,40.748924,-73.937386,1,0,Driver Inattention/Distraction,4420957,29.5,17.4,0.1,0.1,0.0,1.0,51,23.4,45.7,210,Drizzle: Light,1,1,
24867,2021-05-26 20:40:00,40.830532,-73.86147,0,0,Backing Unsafely,4421322,29.5,17.4,0.1,0.1,0.0,1.0,51,23.4,45.7,210,Drizzle: Light,0,0,
24868,2021-05-27 11:50:00,40.612637,-73.974785,0,0,Unspecified,4421588,27.4,18.3,2.4,2.4,0.0,3.0,61,23.5,42.1,313,Rain: Light,0,0,
24869,2021-05-19 10:44:00,40.63082,-73.88636,0,0,Driver Inattention/Distraction,4421381,28.2,13.6,0.0,0.0,0.0,0.0,3,19.6,40.3,337,Overcast,0,0,
24870,2021-05-27 23:00:00,40.785507,-73.98394,0,0,Unsafe Speed,4421519,27.4,18.3,2.4,2.4,0.0,3.0,61,23.5,42.1,313,Rain: Light,0,0,
24871,2021-05-22 04:12:00,40.5921,-73.79404,1,0,Driver Inexperience,4421786,30.5,16.5,0.0,0.0,0.0,0.0,3,19.1,36.4,299,Overcast,1,1,
24872,2021-05-27 14:38:00,40.578423,-73.84139,1,0,Following Too Closely,4421102,27.4,18.3,2.4,2.4,0.0,3.0,61,23.5,42.1,313,Rain: Light,1,1,
24873,2021-05-27 18:55:00,40.70255,-73.88984,0,0,Failure to Yield Right-of-Way,4421459,27.4,18.3,2.4,2.4,0.0,3.0,61,23.5,42.1,313,Rain: Light,0,0,
24874,2021-05-27 16:00:00,40.707115,-73.797966,0,0,Unspecified,4421920,27.4,18.3,2.4,2.4,0.0,3.0,61,23.5,42.1,313,Rain: Light,0,0,
24875,2021-05-26 08:30:00,40.830975,-73.89158,0,0,Unspecified,4420832,29.5,17.4,0.1,0.1,0.0,1.0,51,23.4,45.7,210,Drizzle: Light,0,0,
24876,2021-05-28 18:50:00,40.760586,-73.73126,1,0,Driver Inattention/Distraction,4421418,19.4,10.6,25.0,25.0,0.0,8.0,63,25.6,47.9,62,Rain: Moderate,1,1,
24877,2021-05-28 21:57:00,40.870014,-73.832436,1,0,Unspecified,4421567,19.4,10.6,25.0,25.0,0.0,8.0,63,25.6,47.9,62,Rain: Moderate,1,1,
24878,2021-05-28 22:40:00,40.68714,-73.80801,0,0,View Obstructed/Limited,4421989,19.4,10.6,25.0,25.0,0.0,8.0,63,25.6,47.9,62,Rain: Moderate,0,0,
24879,2021-05-26 06:50:00,40.880478,-73.88594,1,0,Unspecified,4420486,29.5,17.4,0.1,0.1,0.0,1.0,51,23.4,45.7,210,Drizzle: Light,1,1,
24880,2021-05-26 14:00:00,40.756893,-73.93044,0,0,Unspecified,4420905,29.5,17.4,0.1,0.1,0.0,1.0,51,23.4,45.7,210,Drizzle: Light,0,0,
24881,2021-05-28 21:10:00,40.76448,-73.86633,1,0,Unsafe Speed,4422062,19.4,10.6,25.0,25.0,0.0,8.0,63,25.6,47.9,62,Rain: Moderate,1,1,
24882,2021-05-27 22:19:00,40.78318,-73.94362,1,0,Driver Inattention/Distraction,4421188,27.4,18.3,2.4,2.4,0.0,3.0,61,23.5,42.1,313,Rain: Light,1,1,
24883,2021-05-26 17:30:00,40.67013,-73.80938,0,0,Reaction to Uninvolved Vehicle,4420670,29.5,17.4,0.1,0.1,0.0,1.0,51,23.4,45.7,210,Drizzle: Light,0,0,
24884,2021-05-27 00:00:00,40.81316,-73.950356,0,0,Unspecified,4421155,27.4,18.3,2.4,2.4,0.0,3.0,61,23.5,42.1,313,Rain: Light,0,0,
24885,2021-05-26 23:05:00,40.660656,-73.8809,0,0,Unsafe Speed,4420879,29.5,17.4,0.1,0.1,0.0,1.0,51,23.4,45.7,210,Drizzle: Light,0,0,
24886,2021-05-28 19:25:00,40.834198,-73.85169,0,0,Passing Too Closely,4421396,19.4,10.6,25.0,25.0,0.0,8.0,63,25.6,47.9,62,Rain: Moderate,0,0,
24887,2021-05-26 18:44:00,40.64935,-73.96329,1,0,Unspecified,4420812,29.5,17.4,0.1,0.1,0.0,1.0,51,23.4,45.7,210,Drizzle: Light,1,1,
24888,2021-05-25 04:55:00,40.68578,-73.9544,0,0,Unsafe Lane Changing,4421778,21.9,13.0,0.0,0.0,0.0,0.0,3,24.3,47.9,182,Overcast,0,0,
24889,2021-05-28 11:08:00,40.68174,-73.95859,2,0,Illnes,4421413,19.4,10.6,25.0,25.0,0.0,8.0,63,25.6,47.9,62,Rain: Moderate,2,2,
24890,2021-09-28 11:20:00,40.650146,-74.00508,0,0,Unspecified,4463630,22.1,16.3,12.4,12.4,0.0,9.0,63,19.2,38.5,264,Rain: Moderate,0,0,
24891,2021-05-28 18:30:00,40.902233,-73.843666,0,0,Unsafe Speed,4422019,19.4,10.6,25.0,25.0,0.0,8.0,63,25.6,47.9,62,Rain: Moderate,0,0,
24892,2021-05-27 16:15:00,40.68617,-73.94448,0,0,Passing or Lane Usage Improper,4421766,27.4,18.3,2.4,2.4,0.0,3.0,61,23.5,42.1,313,Rain: Light,0,0,
24893,2021-05-26 13:25:00,40.81676,-73.917465,0,0,Unspecified,4420769,29.5,17.4,0.1,0.1,0.0,1.0,51,23.4,45.7,210,Drizzle: Light,0,0,
24894,2021-05-27 18:45:00,40.717014,-73.7994,0,0,Following Too Closely,4421114,27.4,18.3,2.4,2.4,0.0,3.0,61,23.5,42.1,313,Rain: Light,0,0,
24895,2021-05-28 07:40:00,40.88415,-73.82607,0,0,Failure to Yield Right-of-Way,4421274,19.4,10.6,25.0,25.0,0.0,8.0,63,25.6,47.9,62,Rain: Moderate,0,0,
24896,2021-05-26 20:26:00,40.833588,-73.8615,4,0,Unspecified,4421000,29.5,17.4,0.1,0.1,0.0,1.0,51,23.4,45.7,210,Drizzle: Light,4,4,
24897,2021-05-28 23:05:00,40.67533,-73.93609,1,0,Failure to Yield Right-of-Way,4421804,19.4,10.6,25.0,25.0,0.0,8.0,63,25.6,47.9,62,Rain: Moderate,1,1,
24898,2021-05-28 09:20:00,40.700768,-73.81019,0,0,Oversized Vehicle,4421291,19.4,10.6,25.0,25.0,0.0,8.0,63,25.6,47.9,62,Rain: Moderate,0,0,
24899,2021-05-26 14:00:00,40.741394,-73.8848,0,0,Failure to Yield Right-of-Way,4420791,29.5,17.4,0.1,0.1,0.0,1.0,51,23.4,45.7,210,Drizzle: Light,0,0,
24900,2021-05-27 10:30:00,40.583252,-73.952515,0,0,Driver Inattention/Distraction,4420958,27.4,18.3,2.4,2.4,0.0,3.0,61,23.5,42.1,313,Rain: Light,0,0,
24901,2021-05-26 17:55:00,40.639717,-73.94549,0,0,Driver Inattention/Distraction,4421130,29.5,17.4,0.1,0.1,0.0,1.0,51,23.4,45.7,210,Drizzle: Light,0,0,
24902,2021-10-01 08:20:00,40.736164,-73.87677,0,0,Driver Inattention/Distraction,4462868,19.4,9.5,0.0,0.0,0.0,0.0,0,13.8,28.1,302,Clear sky,0,0,Sunny/Clear Conditions
24903,2021-05-27 02:15:00,40.70075,-73.98599,0,0,Failure to Keep Right,4420725,27.4,18.3,2.4,2.4,0.0,3.0,61,23.5,42.1,313,Rain: Light,0,0,
24904,2021-05-28 15:13:00,40.599144,-73.95356,1,0,Unspecified,4421609,19.4,10.6,25.0,25.0,0.0,8.0,63,25.6,47.9,62,Rain: Moderate,1,1,
24905,2021-05-27 05:45:00,40.666695,-73.767136,1,0,Following Too Closely,4420912,27.4,18.3,2.4,2.4,0.0,3.0,61,23.5,42.1,313,Rain: Light,1,1,
24906,2021-05-23 00:00:00,40.81707,-73.88525,1,0,Unspecified,4421340,31.4,19.8,0.0,0.0,0.0,0.0,3,28.5,54.4,322,Overcast,1,1,
24907,2021-05-27 08:49:00,40.653378,-73.90658,0,0,Unspecified,4421481,27.4,18.3,2.4,2.4,0.0,3.0,61,23.5,42.1,313,Rain: Light,0,0,
24908,2021-05-28 17:00:00,40.859257,-73.840004,0,0,Other Vehicular,4421836,19.4,10.6,25.0,25.0,0.0,8.0,63,25.6,47.9,62,Rain: Moderate,0,0,
24909,2021-05-28 17:30:00,40.70559,-73.86599,0,0,Driver Inattention/Distraction,4421501,19.4,10.6,25.0,25.0,0.0,8.0,63,25.6,47.9,62,Rain: Moderate,0,0,
24910,2021-05-27 16:26:00,40.83335,-73.93524,1,0,Following Too Closely,4421279,27.4,18.3,2.4,2.4,0.0,3.0,61,23.5,42.1,313,Rain: Light,1,1,
24911,2021-05-28 14:15:00,40.719936,-74.001434,0,0,Following Too Closely,4421451,19.4,10.6,25.0,25.0,0.0,8.0,63,25.6,47.9,62,Rain: Moderate,0,0,
24912,2021-05-28 12:48:00,40.763485,-73.98895,0,0,Following Too Closely,4421329,19.4,10.6,25.0,25.0,0.0,8.0,63,25.6,47.9,62,Rain: Moderate,0,0,
24913,2021-05-28 19:40:00,40.651955,-74.008095,0,0,Unspecified,4421443,19.4,10.6,25.0,25.0,0.0,8.0,63,25.6,47.9,62,Rain: Moderate,0,0,
24914,2021-05-14 15:19:00,40.808723,-73.92201,0,0,Unspecified,4421292,21.6,7.5,0.0,0.0,0.0,0.0,2,14.3,25.2,276,Partly cloudy,0,0,
24915,2021-05-27 22:59:00,40.676067,-74.00509,1,0,Unspecified,4421491,27.4,18.3,2.4,2.4,0.0,3.0,61,23.5,42.1,313,Rain: Light,1,1,
24916,2021-05-28 06:24:00,40.7672,-73.887825,0,0,Driver Inattention/Distraction,4421969,19.4,10.6,25.0,25.0,0.0,8.0,63,25.6,47.9,62,Rain: Moderate,0,0,
24917,2021-05-26 22:02:00,40.850494,-73.91546,1,0,Failure to Yield Right-of-Way,4420938,29.5,17.4,0.1,0.1,0.0,1.0,51,23.4,45.7,210,Drizzle: Light,1,1,
24918,2021-10-01 03:05:00,40.636494,-73.98701,1,0,Unspecified,4463365,19.4,9.5,0.0,0.0,0.0,0.0,0,13.8,28.1,302,Clear sky,1,1,Sunny/Clear Conditions
24919,2021-05-28 15:00:00,40.681087,-73.846344,1,0,Driver Inattention/Distraction,4421534,19.4,10.6,25.0,25.0,0.0,8.0,63,25.6,47.9,62,Rain: Moderate,1,1,
24920,2021-05-26 18:56:00,40.873676,-73.90815,0,0,Unspecified,4420753,29.5,17.4,0.1,0.1,0.0,1.0,51,23.4,45.7,210,Drizzle: Light,0,0,
24921,2021-05-28 20:20:00,40.747627,-73.976746,1,0,Driver Inattention/Distraction,4421425,19.4,10.6,25.0,25.0,0.0,8.0,63,25.6,47.9,62,Rain: Moderate,1,1,
24922,2021-05-28 20:55:00,40.616856,-74.0868,0,0,Driver Inattention/Distraction,4421738,19.4,10.6,25.0,25.0,0.0,8.0,63,25.6,47.9,62,Rain: Moderate,0,0,
24923,2021-05-19 19:40:00,40.725388,-73.90884,0,0,Failure to Yield Right-of-Way,4421456,28.2,13.6,0.0,0.0,0.0,0.0,3,19.6,40.3,337,Overcast,0,0,
24924,2021-05-25 09:19:00,40.730564,-73.99052,1,0,Unspecified,4422048,21.9,13.0,0.0,0.0,0.0,0.0,3,24.3,47.9,182,Overcast,1,1,
24925,2021-05-28 07:50:00,40.820965,-73.939575,1,0,Passing or Lane Usage Improper,4422000,19.4,10.6,25.0,25.0,0.0,8.0,63,25.6,47.9,62,Rain: Moderate,1,1,
24926,2021-05-26 14:00:00,40.611675,-73.99931,0,0,Unspecified,4421523,29.5,17.4,0.1,0.1,0.0,1.0,51,23.4,45.7,210,Drizzle: Light,0,0,
24927,2021-05-28 19:10:00,40.82413,-73.94098,0,0,Other Vehicular,4421583,19.4,10.6,25.0,25.0,0.0,8.0,63,25.6,47.9,62,Rain: Moderate,0,0,
24928,2021-09-29 12:48:00,40.757492,-73.902664,1,0,Passing or Lane Usage Improper,4463384,19.9,11.3,0.0,0.0,0.0,0.0,3,20.6,41.8,331,Overcast,1,1,
24929,2021-05-14 18:25:00,40.821262,-73.94608,1,0,Glare,4421260,21.6,7.5,0.0,0.0,0.0,0.0,2,14.3,25.2,276,Partly cloudy,1,1,
24930,2021-05-27 05:58:00,40.674385,-73.88795,1,0,Failure to Yield Right-of-Way,4420883,27.4,18.3,2.4,2.4,0.0,3.0,61,23.5,42.1,313,Rain: Light,1,1,
24931,2021-05-27 23:39:00,40.655575,-73.926895,0,0,Traffic Control Disregarded,4421849,27.4,18.3,2.4,2.4,0.0,3.0,61,23.5,42.1,313,Rain: Light,0,0,
24932,2021-05-28 16:00:00,40.701237,-73.79465,0,0,Failure to Yield Right-of-Way,4421560,19.4,10.6,25.0,25.0,0.0,8.0,63,25.6,47.9,62,Rain: Moderate,0,0,
24933,2021-05-26 01:40:00,40.825966,-73.862175,0,0,Unspecified,4420515,29.5,17.4,0.1,0.1,0.0,1.0,51,23.4,45.7,210,Drizzle: Light,0,0,
24934,2021-05-26 12:56:00,40.745167,-73.82139,0,0,Driver Inattention/Distraction,4420796,29.5,17.4,0.1,0.1,0.0,1.0,51,23.4,45.7,210,Drizzle: Light,0,0,
24935,2021-05-26 18:58:00,40.72369,-73.976036,1,0,Failure to Yield Right-of-Way,4422053,29.5,17.4,0.1,0.1,0.0,1.0,51,23.4,45.7,210,Drizzle: Light,1,1,
24936,2021-05-28 14:00:00,40.667114,-73.834656,3,0,Following Too Closely,4421372,19.4,10.6,25.0,25.0,0.0,8.0,63,25.6,47.9,62,Rain: Moderate,3,3,
24937,2021-05-26 01:05:00,40.877068,-73.906105,0,0,Traffic Control Disregarded,4420601,29.5,17.4,0.1,0.1,0.0,1.0,51,23.4,45.7,210,Drizzle: Light,0,0,
24938,2021-05-27 14:00:00,40.822712,-73.903145,1,0,Unspecified,4421656,27.4,18.3,2.4,2.4,0.0,3.0,61,23.5,42.1,313,Rain: Light,1,1,
24939,2021-05-27 07:30:00,40.66612,-73.82225,2,0,Following Too Closely,4421170,27.4,18.3,2.4,2.4,0.0,3.0,61,23.5,42.1,313,Rain: Light,2,2,
24940,2021-05-28 11:04:00,40.684803,-73.97071,0,0,Following Too Closely,4421306,19.4,10.6,25.0,25.0,0.0,8.0,63,25.6,47.9,62,Rain: Moderate,0,0,
24941,2021-05-28 13:00:00,40.631283,-74.03082,0,0,Passing Too Closely,4421408,19.4,10.6,25.0,25.0,0.0,8.0,63,25.6,47.9,62,Rain: Moderate,0,0,
24942,2021-05-26 17:25:00,40.64507,-73.95803,1,0,Driver Inattention/Distraction,4420804,29.5,17.4,0.1,0.1,0.0,1.0,51,23.4,45.7,210,Drizzle: Light,1,1,
24943,2021-05-26 22:55:00,40.62226,-74.02749,0,0,Other Vehicular,4420719,29.5,17.4,0.1,0.1,0.0,1.0,51,23.4,45.7,210,Drizzle: Light,0,0,
24944,2021-09-29 14:59:00,0.0,0.0,1,0,Unspecified,4462510,19.9,11.3,0.0,0.0,0.0,0.0,3,20.6,41.8,331,Overcast,1,1,
24945,2021-05-27 04:26:00,40.764267,-73.722946,0,0,Unspecified,4420795,27.4,18.3,2.4,2.4,0.0,3.0,61,23.5,42.1,313,Rain: Light,0,0,
24946,2021-05-27 16:43:00,40.68798,-73.9678,3,0,Failure to Yield Right-of-Way,4421137,27.4,18.3,2.4,2.4,0.0,3.0,61,23.5,42.1,313,Rain: Light,3,3,
24947,2021-05-26 11:05:00,40.633812,-74.002174,0,0,Unspecified,4420974,29.5,17.4,0.1,0.1,0.0,1.0,51,23.4,45.7,210,Drizzle: Light,0,0,
24948,2021-05-26 01:01:00,40.79531,-73.93592,1,0,Failure to Yield Right-of-Way,4420763,29.5,17.4,0.1,0.1,0.0,1.0,51,23.4,45.7,210,Drizzle: Light,1,1,
24949,2021-05-27 17:00:00,40.594444,-73.98602,0,0,Driver Inattention/Distraction,4421675,27.4,18.3,2.4,2.4,0.0,3.0,61,23.5,42.1,313,Rain: Light,0,0,
24950,2021-05-26 01:19:00,40.71944,-73.84526,1,0,Driver Inattention/Distraction,4420411,29.5,17.4,0.1,0.1,0.0,1.0,51,23.4,45.7,210,Drizzle: Light,1,1,
24951,2021-05-27 23:30:00,40.659336,-73.92726,1,0,Traffic Control Disregarded,4421898,27.4,18.3,2.4,2.4,0.0,3.0,61,23.5,42.1,313,Rain: Light,1,1,
24952,2021-05-26 19:50:00,40.763893,-73.915,1,0,Driver Inattention/Distraction,4421018,29.5,17.4,0.1,0.1,0.0,1.0,51,23.4,45.7,210,Drizzle: Light,1,1,
24953,2021-05-28 16:05:00,40.855957,-73.86768,1,0,Unspecified,4421439,19.4,10.6,25.0,25.0,0.0,8.0,63,25.6,47.9,62,Rain: Moderate,1,1,
24954,2021-05-27 18:20:00,40.745815,-73.945656,1,0,Failure to Yield Right-of-Way,4421159,27.4,18.3,2.4,2.4,0.0,3.0,61,23.5,42.1,313,Rain: Light,1,1,
24955,2021-05-27 21:10:00,40.61196,-73.96816,0,0,Aggressive Driving/Road Rage,4421693,27.4,18.3,2.4,2.4,0.0,3.0,61,23.5,42.1,313,Rain: Light,0,0,
24956,2021-05-26 14:20:00,40.850456,-73.899315,0,0,Unspecified,4420930,29.5,17.4,0.1,0.1,0.0,1.0,51,23.4,45.7,210,Drizzle: Light,0,0,
24957,2021-05-27 19:45:00,40.68318,-73.7893,0,0,Reaction to Uninvolved Vehicle,4421311,27.4,18.3,2.4,2.4,0.0,3.0,61,23.5,42.1,313,Rain: Light,0,0,
24958,2021-05-27 16:20:00,40.745827,-73.90111,1,0,Driver Inattention/Distraction,4421094,27.4,18.3,2.4,2.4,0.0,3.0,61,23.5,42.1,313,Rain: Light,1,1,
24959,2021-05-28 12:15:00,40.68871,-73.73944,0,0,Failure to Yield Right-of-Way,4421344,19.4,10.6,25.0,25.0,0.0,8.0,63,25.6,47.9,62,Rain: Moderate,0,0,
24960,2021-05-28 15:45:00,40.70399,-73.85589,0,0,Driver Inattention/Distraction,4421467,19.4,10.6,25.0,25.0,0.0,8.0,63,25.6,47.9,62,Rain: Moderate,0,0,
24961,2021-05-27 13:50:00,40.730713,-73.99557,0,0,Driver Inattention/Distraction,4421633,27.4,18.3,2.4,2.4,0.0,3.0,61,23.5,42.1,313,Rain: Light,0,0,
24962,2021-05-27 18:13:00,40.84768,-73.91237,0,0,Following Too Closely,4421199,27.4,18.3,2.4,2.4,0.0,3.0,61,23.5,42.1,313,Rain: Light,0,0,
24963,2021-05-26 11:50:00,40.664173,-73.9449,0,0,Driver Inattention/Distraction,4421361,29.5,17.4,0.1,0.1,0.0,1.0,51,23.4,45.7,210,Drizzle: Light,0,0,
24964,2021-05-28 17:20:00,40.69925,-73.973206,0,0,Passing Too Closely,4421486,19.4,10.6,25.0,25.0,0.0,8.0,63,25.6,47.9,62,Rain: Moderate,0,0,
24965,2021-09-29 00:00:00,40.86804,-73.879105,0,0,Unsafe Speed,4462425,19.9,11.3,0.0,0.0,0.0,0.0,3,20.6,41.8,331,Overcast,0,0,
24966,2021-05-28 10:40:00,40.713306,-73.77438,0,0,Passing or Lane Usage Improper,4421928,19.4,10.6,25.0,25.0,0.0,8.0,63,25.6,47.9,62,Rain: Moderate,0,0,
24967,2021-05-25 18:23:00,40.6103,-73.959526,0,0,Unspecified,4421643,21.9,13.0,0.0,0.0,0.0,0.0,3,24.3,47.9,182,Overcast,0,0,
24968,2021-05-28 15:35:00,40.57916,-73.98309,0,0,Driver Inattention/Distraction,4421677,19.4,10.6,25.0,25.0,0.0,8.0,63,25.6,47.9,62,Rain: Moderate,0,0,
24969,2021-05-28 18:55:00,40.713913,-73.737915,0,0,Passing or Lane Usage Improper,4421389,19.4,10.6,25.0,25.0,0.0,8.0,63,25.6,47.9,62,Rain: Moderate,0,0,
24970,2021-05-15 12:45:00,40.808857,-73.96586,1,0,Cell Phone (hand-Held),4421862,22.4,8.7,0.0,0.0,0.0,0.0,3,12.5,23.8,229,Overcast,1,1,
24971,2021-05-28 12:40:00,40.728653,-73.895584,0,0,Driver Inattention/Distraction,4421473,19.4,10.6,25.0,25.0,0.0,8.0,63,25.6,47.9,62,Rain: Moderate,0,0,
24972,2021-05-27 20:00:00,40.737373,-73.71722,2,0,Failure to Yield Right-of-Way,4421554,27.4,18.3,2.4,2.4,0.0,3.0,61,23.5,42.1,313,Rain: Light,2,2,
24973,2021-05-26 13:25:00,40.817543,-73.95694,1,0,Unspecified,4421811,29.5,17.4,0.1,0.1,0.0,1.0,51,23.4,45.7,210,Drizzle: Light,1,1,
24974,2021-05-14 18:40:00,40.63986,-73.92811,0,0,Unspecified,4421871,21.6,7.5,0.0,0.0,0.0,0.0,2,14.3,25.2,276,Partly cloudy,0,0,
24975,2021-05-27 21:07:00,40.63926,-73.93777,1,0,Driver Inattention/Distraction,4421843,27.4,18.3,2.4,2.4,0.0,3.0,61,23.5,42.1,313,Rain: Light,1,1,
24976,2021-05-26 07:55:00,40.7158,-73.824486,0,0,Driver Inattention/Distraction,4421081,29.5,17.4,0.1,0.1,0.0,1.0,51,23.4,45.7,210,Drizzle: Light,0,0,
24977,2021-05-27 17:50:00,40.836758,-73.930725,1,0,Unsafe Lane Changing,4421215,27.4,18.3,2.4,2.4,0.0,3.0,61,23.5,42.1,313,Rain: Light,1,1,
24978,2021-05-25 07:00:00,40.77534,-73.89769,0,0,Unspecified,4421961,21.9,13.0,0.0,0.0,0.0,0.0,3,24.3,47.9,182,Overcast,0,0,
24979,2021-05-28 10:01:00,40.62167,-73.991264,0,0,Unspecified,4421604,19.4,10.6,25.0,25.0,0.0,8.0,63,25.6,47.9,62,Rain: Moderate,0,0,
24980,2021-05-28 21:30:00,40.638824,-74.02272,0,0,Unspecified,4421421,19.4,10.6,25.0,25.0,0.0,8.0,63,25.6,47.9,62,Rain: Moderate,0,0,
24981,2021-05-28 06:20:00,40.880257,-73.876785,0,0,Failure to Yield Right-of-Way,4421228,19.4,10.6,25.0,25.0,0.0,8.0,63,25.6,47.9,62,Rain: Moderate,0,0,
24982,2021-05-20 10:12:00,40.68278,-73.98243,0,0,Passing or Lane Usage Improper,4421316,22.2,12.5,0.0,0.0,0.0,0.0,3,19.0,38.2,147,Overcast,0,0,
24983,2021-09-30 11:05:00,40.67239,-73.87463,1,0,Unspecified,4463807,18.8,13.1,0.0,0.0,0.0,0.0,3,18.1,37.4,330,Overcast,1,1,
24984,2021-05-26 12:30:00,40.65993,-73.88413,0,0,Driver Inattention/Distraction,4420876,29.5,17.4,0.1,0.1,0.0,1.0,51,23.4,45.7,210,Drizzle: Light,0,0,
24985,2021-05-26 00:50:00,40.732937,-73.920395,3,0,Unsafe Lane Changing,4420581,29.5,17.4,0.1,0.1,0.0,1.0,51,23.4,45.7,210,Drizzle: Light,3,3,
24986,2021-05-26 12:00:00,40.71546,-74.00594,0,0,Unspecified,4420587,29.5,17.4,0.1,0.1,0.0,1.0,51,23.4,45.7,210,Drizzle: Light,0,0,
24987,2021-05-26 23:40:00,40.663303,-73.960625,1,0,Illnes,4420822,29.5,17.4,0.1,0.1,0.0,1.0,51,23.4,45.7,210,Drizzle: Light,1,1,
24988,2021-05-27 13:45:00,40.713596,-73.85964,0,0,Driver Inattention/Distraction,4421015,27.4,18.3,2.4,2.4,0.0,3.0,61,23.5,42.1,313,Rain: Light,0,0,
24989,2021-05-26 06:30:00,40.90967,-73.90052,3,0,Failure to Yield Right-of-Way,4420624,29.5,17.4,0.1,0.1,0.0,1.0,51,23.4,45.7,210,Drizzle: Light,3,3,
24990,2021-05-27 15:00:00,40.689022,-73.93925,0,0,Lane Marking Improper/Inadequate,4421765,27.4,18.3,2.4,2.4,0.0,3.0,61,23.5,42.1,313,Rain: Light,0,0,
24991,2021-05-26 16:15:00,40.84512,-73.90663,0,0,Failure to Yield Right-of-Way,4420840,29.5,17.4,0.1,0.1,0.0,1.0,51,23.4,45.7,210,Drizzle: Light,0,0,
24992,2021-05-26 21:11:00,40.80383,-73.94211,2,0,Pavement Slippery,4421042,29.5,17.4,0.1,0.1,0.0,1.0,51,23.4,45.7,210,Drizzle: Light,2,2,
24993,2021-05-26 13:00:00,40.65948,-73.76785,0,0,Driver Inattention/Distraction,4420702,29.5,17.4,0.1,0.1,0.0,1.0,51,23.4,45.7,210,Drizzle: Light,0,0,
24994,2021-05-28 10:40:00,40.74754,-73.94124,1,0,Driver Inattention/Distraction,4421376,19.4,10.6,25.0,25.0,0.0,8.0,63,25.6,47.9,62,Rain: Moderate,1,1,
24995,2021-10-01 14:10:00,40.73403,-73.86913,0,0,Passing Too Closely,4463260,19.4,9.5,0.0,0.0,0.0,0.0,0,13.8,28.1,302,Clear sky,0,0,Sunny/Clear Conditions
24996,2021-05-28 11:20:00,40.666492,-73.76536,4,0,Unspecified,4421506,19.4,10.6,25.0,25.0,0.0,8.0,63,25.6,47.9,62,Rain: Moderate,4,4,
24997,2021-05-27 05:20:00,40.66457,-73.99713,1,0,Unspecified,4421079,27.4,18.3,2.4,2.4,0.0,3.0,61,23.5,42.1,313,Rain: Light,1,1,
24998,2021-05-27 20:47:00,40.747158,-73.86286,0,0,Driver Inattention/Distraction,4421247,27.4,18.3,2.4,2.4,0.0,3.0,61,23.5,42.1,313,Rain: Light,0,0,
24999,2021-05-26 20:00:00,40.760857,-73.961075,1,0,Driver Inattention/Distraction,4420824,29.5,17.4,0.1,0.1,0.0,1.0,51,23.4,45.7,210,Drizzle: Light,1,1,
25000,2021-05-27 04:50:00,40.673645,-73.84719,0,0,Passing or Lane Usage Improper,4421174,27.4,18.3,2.4,2.4,0.0,3.0,61,23.5,42.1,313,Rain: Light,0,0,
25001,2021-05-28 00:05:00,40.827656,-73.9397,1,0,Passing Too Closely,4421578,19.4,10.6,25.0,25.0,0.0,8.0,63,25.6,47.9,62,Rain: Moderate,1,1,
25002,2021-05-26 16:21:00,40.821068,-73.89894,1,0,Unspecified,4421404,29.5,17.4,0.1,0.1,0.0,1.0,51,23.4,45.7,210,Drizzle: Light,1,1,
25003,2021-05-12 16:35:00,40.78542,-73.98399,0,0,Following Too Closely,4421387,17.9,5.8,0.0,0.0,0.0,0.0,2,20.0,41.0,317,Partly cloudy,0,0,
25004,2021-05-28 08:50:00,40.65864,-73.91374,1,0,Driver Inattention/Distraction,4421712,19.4,10.6,25.0,25.0,0.0,8.0,63,25.6,47.9,62,Rain: Moderate,1,1,
25005,2021-05-28 12:15:00,40.662006,-73.7546,0,0,Unspecified,4421365,19.4,10.6,25.0,25.0,0.0,8.0,63,25.6,47.9,62,Rain: Moderate,0,0,