,CRASH DATETIME,LATITUDE,LONGITUDE,NUMBER OF PERSONS INJURED,NUMBER OF PERSONS KILLED,CONTRIBUTING FACTOR VEHICLE 1,COLLISION_ID,temperature_2m_max,temperature_2m_min,precipitation_sum,rain_sum,snowfall_sum,precipitation_hours,weather_code,wind_speed_10m_max,wind_gusts_10m_max,wind_direction_10m_dominant,Weather Description,Severity_Score,Total_Affected_Persons,Weather_Category
25006,2021-05-24 14:00:00,40.638966,-73.94251,0,0,Driver Inattention/Distraction,4421839,18.9,13.7,0.0,0.0,0.0,0.0,3,22.4,44.3,126,Overcast,0,0,
25007,2021-05-28 22:00:00,40.75526,-73.903305,0,0,Unspecified,4421974,19.4,10.6,25.0,25.0,0.0,8.0,63,25.6,47.9,62,Rain: Moderate,0,0,
25008,2021-05-26 23:11:00,40.809525,-73.93789,1,0,Unspecified,4420889,29.5,17.4,0.1,0.1,0.0,1.0,51,23.4,45.7,210,Drizzle: Light,1,1,
25009,2021-05-24 17:40:00,40.82675,-73.82051,0,0,Unspecified,4421226,18.9,13.7,0.0,0.0,0.0,0.0,3,22.4,44.3,126,Overcast,0,0,
25010,2021-05-27 07:37:00,40.757847,-73.89922,0,0,Unspecified,4422065,27.4,18.3,2.4,2.4,0.0,3.0,61,23.5,42.1,313,Rain: Light,0,0,
25011,2021-03-03 18:30:00,40.622726,-73.93934,0,0,Traffic Control Disregarded,4421516,10.5,-3.1,0.0,0.0,0.0,0.0,2,20.6,39.6,263,Partly cloudy,0,0,
25012,2021-05-27 01:06:00,40.76707,-73.91905,1,0,Pavement Slippery,4420909,27.4,18.3,2.4,2.4,0.0,3.0,61,23.5,42.1,313,Rain: Light,1,1,
25013,2021-05-27 15:35:00,40.646515,-73.974655,2,0,View Obstructed/Limited,4421204,27.4,18.3,2.4,2.4,0.0,3.0,61,23.5,42.1,313,Rain: Light,2,2,
25014,2021-05-26 07:18:00,40.742874,-73.933945,0,0,Unsafe Speed,4420558,29.5,17.4,0.1,0.1,0.0,1.0,51,23.4,45.7,210,Drizzle: Light,0,0,
25015,2021-05-26 13:15:00,40.846874,-73.90877,0,0,Driver Inattention/Distraction,4420619,29.5,17.4,0.1,0.1,0.0,1.0,51,23.4,45.7,210,Drizzle: Light,0,0,
25016,2021-05-28 10:15:00,40.69612,-73.94936,1,0,Pedestrian/Bicyclist/Other Pedestrian Error/Confusion,4421748,19.4,10.6,25.0,25.0,0.0,8.0,63,25.6,47.9,62,Rain: Moderate,1,1,
25017,2021-05-24 17:45:00,40.624737,-73.95517,0,0,Alcohol Involvement,4421642,18.9,13.7,0.0,0.0,0.0,0.0,3,22.4,44.3,126,Overcast,0,0,
25018,2021-05-27 16:10:00,40.69695,-73.962776,0,0,Unspecified,4421055,27.4,18.3,2.4,2.4,0.0,3.0,61,23.5,42.1,313,Rain: Light,0,0,
25019,2021-05-26 23:12:00,40.614216,-73.97742,0,0,Unsafe Speed,4421589,29.5,17.4,0.1,0.1,0.0,1.0,51,23.4,45.7,210,Drizzle: Light,0,0,
25020,2021-05-27 23:36:00,40.68397,-73.944046,1,0,Driver Inattention/Distraction,4421789,27.4,18.3,2.4,2.4,0.0,3.0,61,23.5,42.1,313,Rain: Light,1,1,
25021,2021-05-28 19:03:00,40.630577,-73.88591,0,0,Unspecified,4421380,19.4,10.6,25.0,25.0,0.0,8.0,63,25.6,47.9,62,Rain: Moderate,0,0,
25022,2021-05-28 14:00:00,40.76768,-73.83074,0,0,Unspecified,4421541,19.4,10.6,25.0,25.0,0.0,8.0,63,25.6,47.9,62,Rain: Moderate,0,0,
25023,2021-05-25 19:28:00,40.635506,-73.913284,1,0,Unspecified,4421382,21.9,13.0,0.0,0.0,0.0,0.0,3,24.3,47.9,182,Overcast,1,1,
25024,2021-05-26 13:30:00,40.68051,-73.93488,0,0,Turning Improperly,4421070,29.5,17.4,0.1,0.1,0.0,1.0,51,23.4,45.7,210,Drizzle: Light,0,0,
25025,2021-05-26 14:00:00,40.63659,-73.91163,0,0,Backing Unsafely,4420691,29.5,17.4,0.1,0.1,0.0,1.0,51,23.4,45.7,210,Drizzle: Light,0,0,
25026,2021-05-26 17:22:00,40.690216,-73.907295,0,0,Driver Inexperience,4420782,29.5,17.4,0.1,0.1,0.0,1.0,51,23.4,45.7,210,Drizzle: Light,0,0,
25027,2021-05-27 00:41:00,40.846485,-73.89434,1,0,Aggressive Driving/Road Rage,4420929,27.4,18.3,2.4,2.4,0.0,3.0,61,23.5,42.1,313,Rain: Light,1,1,
25028,2021-05-27 10:25:00,40.718143,-73.993835,1,0,Driver Inattention/Distraction,4421004,27.4,18.3,2.4,2.4,0.0,3.0,61,23.5,42.1,313,Rain: Light,1,1,
25029,2021-05-26 10:25:00,40.85535,-73.91836,0,0,Unspecified,4420575,29.5,17.4,0.1,0.1,0.0,1.0,51,23.4,45.7,210,Drizzle: Light,0,0,
25030,2021-05-23 19:00:00,40.836094,-73.92927,0,0,Passing Too Closely,4421216,31.4,19.8,0.0,0.0,0.0,0.0,3,28.5,54.4,322,Overcast,0,0,
25031,2021-05-28 14:47:00,40.72671,-74.00563,0,0,Unspecified,4421450,19.4,10.6,25.0,25.0,0.0,8.0,63,25.6,47.9,62,Rain: Moderate,0,0,
25032,2021-05-26 16:40:00,40.743782,-73.97352,0,0,Unspecified,4420716,29.5,17.4,0.1,0.1,0.0,1.0,51,23.4,45.7,210,Drizzle: Light,0,0,
25033,2021-05-27 20:45:00,40.803593,-73.919785,0,0,Unspecified,4421191,27.4,18.3,2.4,2.4,0.0,3.0,61,23.5,42.1,313,Rain: Light,0,0,
25034,2021-05-26 00:34:00,40.60459,-73.753624,1,0,Unspecified,4420505,29.5,17.4,0.1,0.1,0.0,1.0,51,23.4,45.7,210,Drizzle: Light,1,1,
25035,2021-05-27 12:50:00,40.66931,-73.97957,1,0,Following Too Closely,4421248,27.4,18.3,2.4,2.4,0.0,3.0,61,23.5,42.1,313,Rain: Light,1,1,
25036,2021-09-29 11:15:00,0.0,0.0,1,0,Driver Inattention/Distraction,4462257,19.9,11.3,0.0,0.0,0.0,0.0,3,20.6,41.8,331,Overcast,1,1,
25037,2021-05-27 17:58:00,40.59296,-73.79418,0,0,Unsafe Speed,4421181,27.4,18.3,2.4,2.4,0.0,3.0,61,23.5,42.1,313,Rain: Light,0,0,
25038,2021-05-26 17:43:00,40.87182,-73.861374,0,0,Unspecified,4420674,29.5,17.4,0.1,0.1,0.0,1.0,51,23.4,45.7,210,Drizzle: Light,0,0,
25039,2021-05-28 15:00:00,40.685955,-73.98028,0,0,Passing or Lane Usage Improper,4421375,19.4,10.6,25.0,25.0,0.0,8.0,63,25.6,47.9,62,Rain: Moderate,0,0,
25040,2021-05-26 15:32:00,40.63082,-73.88636,0,0,Driver Inattention/Distraction,4421096,29.5,17.4,0.1,0.1,0.0,1.0,51,23.4,45.7,210,Drizzle: Light,0,0,
25041,2021-05-28 15:35:00,40.75901,-73.79232,0,0,Unspecified,4421414,19.4,10.6,25.0,25.0,0.0,8.0,63,25.6,47.9,62,Rain: Moderate,0,0,
25042,2021-05-26 18:40:00,40.57761,-73.96145,1,0,View Obstructed/Limited,4421670,29.5,17.4,0.1,0.1,0.0,1.0,51,23.4,45.7,210,Drizzle: Light,1,1,
25043,2021-05-27 00:30:00,40.78515,-73.94063,0,0,Reaction to Uninvolved Vehicle,4420815,27.4,18.3,2.4,2.4,0.0,3.0,61,23.5,42.1,313,Rain: Light,0,0,
25044,2021-05-28 02:00:00,40.83721,-73.879715,0,0,Passing or Lane Usage Improper,4421301,19.4,10.6,25.0,25.0,0.0,8.0,63,25.6,47.9,62,Rain: Moderate,0,0,
25045,2021-05-26 13:30:00,40.601536,-73.93535,1,0,Unspecified,4420628,29.5,17.4,0.1,0.1,0.0,1.0,51,23.4,45.7,210,Drizzle: Light,1,1,
25046,2021-05-25 21:15:00,40.845947,-73.93782,1,0,Driver Inattention/Distraction,4421269,21.9,13.0,0.0,0.0,0.0,0.0,3,24.3,47.9,182,Overcast,1,1,
25047,2021-05-26 20:50:00,40.636127,-74.075966,0,0,Unspecified,4421125,29.5,17.4,0.1,0.1,0.0,1.0,51,23.4,45.7,210,Drizzle: Light,0,0,
25048,2021-05-26 08:30:00,40.645084,-73.99823,0,0,Unspecified,4420973,29.5,17.4,0.1,0.1,0.0,1.0,51,23.4,45.7,210,Drizzle: Light,0,0,
25049,2021-05-24 08:24:00,40.86848,-73.918564,0,0,Passing or Lane Usage Improper,4421692,18.9,13.7,0.0,0.0,0.0,0.0,3,22.4,44.3,126,Overcast,0,0,
25050,2021-05-26 16:30:00,40.759018,-73.855156,0,0,Following Too Closely,4420894,29.5,17.4,0.1,0.1,0.0,1.0,51,23.4,45.7,210,Drizzle: Light,0,0,
25051,2021-05-28 23:35:00,40.68928,-73.79611,0,0,Failure to Yield Right-of-Way,4421528,19.4,10.6,25.0,25.0,0.0,8.0,63,25.6,47.9,62,Rain: Moderate,0,0,
25052,2021-05-28 19:00:00,40.733425,-73.97447,0,0,Unspecified,4421918,19.4,10.6,25.0,25.0,0.0,8.0,63,25.6,47.9,62,Rain: Moderate,0,0,
25053,2021-05-27 17:45:00,40.740734,-73.75717,0,0,Driver Inattention/Distraction,4421148,27.4,18.3,2.4,2.4,0.0,3.0,61,23.5,42.1,313,Rain: Light,0,0,
25054,2021-05-28 11:30:00,40.68457,-73.72632,0,0,Failure to Yield Right-of-Way,4421343,19.4,10.6,25.0,25.0,0.0,8.0,63,25.6,47.9,62,Rain: Moderate,0,0,
25055,2021-05-27 00:30:00,40.84434,-73.91475,0,0,,4420738,27.4,18.3,2.4,2.4,0.0,3.0,61,23.5,42.1,313,Rain: Light,0,0,
25056,2021-05-26 20:00:00,40.71074,-73.94548,1,0,Failure to Yield Right-of-Way,4420836,29.5,17.4,0.1,0.1,0.0,1.0,51,23.4,45.7,210,Drizzle: Light,1,1,
25057,2021-05-27 05:50:00,40.72844,-73.87116,1,0,Driver Inattention/Distraction,4421484,27.4,18.3,2.4,2.4,0.0,3.0,61,23.5,42.1,313,Rain: Light,1,1,
25058,2021-05-20 14:15:00,40.729794,-74.002144,0,0,Unspecified,4421632,22.2,12.5,0.0,0.0,0.0,0.0,3,19.0,38.2,147,Overcast,0,0,
25059,2021-05-28 14:51:00,40.604763,-74.02746,1,0,Following Too Closely,4421407,19.4,10.6,25.0,25.0,0.0,8.0,63,25.6,47.9,62,Rain: Moderate,1,1,
25060,2021-05-26 23:00:00,40.597668,-73.78534,0,0,Backing Unsafely,4420904,29.5,17.4,0.1,0.1,0.0,1.0,51,23.4,45.7,210,Drizzle: Light,0,0,
25061,2021-05-22 20:58:00,40.74796,-73.8602,1,0,Driver Inattention/Distraction,4421830,30.5,16.5,0.0,0.0,0.0,0.0,3,19.1,36.4,299,Overcast,1,1,
25062,2021-05-26 15:20:00,40.590397,-73.9519,0,0,Driver Inattention/Distraction,4421209,29.5,17.4,0.1,0.1,0.0,1.0,51,23.4,45.7,210,Drizzle: Light,0,0,
25063,2021-05-27 06:10:00,40.670326,-73.87796,1,0,Traffic Control Disregarded,4420882,27.4,18.3,2.4,2.4,0.0,3.0,61,23.5,42.1,313,Rain: Light,1,1,
25064,2021-05-28 01:37:00,40.86131,-73.92124,1,0,Unsafe Speed,4421729,19.4,10.6,25.0,25.0,0.0,8.0,63,25.6,47.9,62,Rain: Moderate,1,1,
25065,2021-05-26 09:10:00,40.718567,-73.9834,0,0,Passing Too Closely,4420777,29.5,17.4,0.1,0.1,0.0,1.0,51,23.4,45.7,210,Drizzle: Light,0,0,
25066,2021-05-27 02:43:00,40.84855,-73.85884,0,0,Driver Inattention/Distraction,4420949,27.4,18.3,2.4,2.4,0.0,3.0,61,23.5,42.1,313,Rain: Light,0,0,
25067,2021-05-27 13:52:00,40.851498,-73.852295,0,0,Unspecified,4421036,27.4,18.3,2.4,2.4,0.0,3.0,61,23.5,42.1,313,Rain: Light,0,0,
25068,2021-05-28 09:00:00,40.860172,-73.90881,0,0,Other Vehicular,4421666,19.4,10.6,25.0,25.0,0.0,8.0,63,25.6,47.9,62,Rain: Moderate,0,0,
25069,2021-05-28 18:56:00,40.750137,-73.8806,0,0,Driver Inattention/Distraction,4422073,19.4,10.6,25.0,25.0,0.0,8.0,63,25.6,47.9,62,Rain: Moderate,0,0,
25070,2021-05-27 23:00:00,40.832607,-73.91762,1,0,Driver Inattention/Distraction,4421222,27.4,18.3,2.4,2.4,0.0,3.0,61,23.5,42.1,313,Rain: Light,1,1,
25071,2021-05-26 17:25:00,40.72787,-73.92913,0,0,Unsafe Lane Changing,4420731,29.5,17.4,0.1,0.1,0.0,1.0,51,23.4,45.7,210,Drizzle: Light,0,0,
25072,2021-05-28 11:59:00,40.816235,-73.93929,1,0,Driver Inattention/Distraction,4421581,19.4,10.6,25.0,25.0,0.0,8.0,63,25.6,47.9,62,Rain: Moderate,1,1,
25073,2021-05-28 23:40:00,40.873486,-73.85342,0,0,Driver Inattention/Distraction,4422021,19.4,10.6,25.0,25.0,0.0,8.0,63,25.6,47.9,62,Rain: Moderate,0,0,
25074,2021-05-22 15:26:00,40.722496,-73.9769,1,0,Driver Inattention/Distraction,4422047,30.5,16.5,0.0,0.0,0.0,0.0,3,19.1,36.4,299,Overcast,1,1,
25075,2021-05-27 08:52:00,40.84211,-73.82557,0,0,Unspecified,4420967,27.4,18.3,2.4,2.4,0.0,3.0,61,23.5,42.1,313,Rain: Light,0,0,
25076,2021-05-26 17:19:00,40.696033,-73.98453,2,0,Following Too Closely,4420724,29.5,17.4,0.1,0.1,0.0,1.0,51,23.4,45.7,210,Drizzle: Light,2,2,
25077,2021-05-28 12:00:00,40.680916,-73.84135,0,0,Driver Inexperience,4421370,19.4,10.6,25.0,25.0,0.0,8.0,63,25.6,47.9,62,Rain: Moderate,0,0,
25078,2021-05-26 14:25:00,40.68818,-73.78869,0,0,Failure to Yield Right-of-Way,4420987,29.5,17.4,0.1,0.1,0.0,1.0,51,23.4,45.7,210,Drizzle: Light,0,0,
25079,2021-05-28 09:25:00,40.82815,-73.93491,0,0,Other Vehicular,4421582,19.4,10.6,25.0,25.0,0.0,8.0,63,25.6,47.9,62,Rain: Moderate,0,0,
25080,2021-05-26 17:30:00,40.655827,-73.94336,0,0,Driver Inattention/Distraction,4421103,29.5,17.4,0.1,0.1,0.0,1.0,51,23.4,45.7,210,Drizzle: Light,0,0,
25081,2021-05-26 07:57:00,40.610214,-73.94371,1,0,Driver Inexperience,4420596,29.5,17.4,0.1,0.1,0.0,1.0,51,23.4,45.7,210,Drizzle: Light,1,1,
25082,2021-05-28 13:19:00,40.842064,-73.87609,1,0,Unsafe Speed,4421458,19.4,10.6,25.0,25.0,0.0,8.0,63,25.6,47.9,62,Rain: Moderate,1,1,
25083,2021-05-27 10:45:00,40.74623,-73.89037,0,0,Unspecified,4421237,27.4,18.3,2.4,2.4,0.0,3.0,61,23.5,42.1,313,Rain: Light,0,0,
25084,2021-05-27 02:30:00,40.652355,-73.73857,0,0,Unspecified,4420756,27.4,18.3,2.4,2.4,0.0,3.0,61,23.5,42.1,313,Rain: Light,0,0,
25085,2021-05-27 09:20:00,40.726967,-73.85647,1,0,Backing Unsafely,4420933,27.4,18.3,2.4,2.4,0.0,3.0,61,23.5,42.1,313,Rain: Light,1,1,
25086,2021-05-26 20:37:00,40.825306,-73.89067,0,0,Unspecified,4421402,29.5,17.4,0.1,0.1,0.0,1.0,51,23.4,45.7,210,Drizzle: Light,0,0,
25087,2021-05-28 14:00:00,40.85019,-73.939644,0,0,Passing Too Closely,4421772,19.4,10.6,25.0,25.0,0.0,8.0,63,25.6,47.9,62,Rain: Moderate,0,0,
25088,2021-05-28 15:22:00,40.63083,-73.90736,0,0,Cell Phone (hand-Held),4421815,19.4,10.6,25.0,25.0,0.0,8.0,63,25.6,47.9,62,Rain: Moderate,0,0,
25089,2021-05-27 16:30:00,40.83516,-73.94561,0,0,Driver Inattention/Distraction,4421280,27.4,18.3,2.4,2.4,0.0,3.0,61,23.5,42.1,313,Rain: Light,0,0,
25090,2021-05-28 07:50:00,40.642715,-74.09536,1,0,Driver Inattention/Distraction,4421701,19.4,10.6,25.0,25.0,0.0,8.0,63,25.6,47.9,62,Rain: Moderate,1,1,
25091,2021-05-27 14:55:00,40.777874,-73.95175,0,0,Following Too Closely,4421187,27.4,18.3,2.4,2.4,0.0,3.0,61,23.5,42.1,313,Rain: Light,0,0,
25092,2021-05-28 08:50:00,40.700012,-73.93607,0,0,Unspecified,4421297,19.4,10.6,25.0,25.0,0.0,8.0,63,25.6,47.9,62,Rain: Moderate,0,0,
25093,2021-05-26 21:50:00,40.73232,-74.00167,0,0,Driver Inexperience,4421619,29.5,17.4,0.1,0.1,0.0,1.0,51,23.4,45.7,210,Drizzle: Light,0,0,
25094,2021-05-27 20:30:00,40.64916,-73.94552,0,0,Unspecified,4421139,27.4,18.3,2.4,2.4,0.0,3.0,61,23.5,42.1,313,Rain: Light,0,0,
25095,2021-05-21 23:06:00,40.6009,-73.912704,0,0,Unspecified,4421767,23.9,11.3,0.0,0.0,0.0,0.0,3,19.2,38.5,174,Overcast,0,0,
25096,2021-05-28 00:20:00,40.755863,-73.943,0,0,Unspecified,4421166,19.4,10.6,25.0,25.0,0.0,8.0,63,25.6,47.9,62,Rain: Moderate,0,0,
25097,2021-05-28 00:50:00,40.666786,-73.78452,1,0,Driver Inattention/Distraction,4421355,19.4,10.6,25.0,25.0,0.0,8.0,63,25.6,47.9,62,Rain: Moderate,1,1,
25098,2021-05-28 09:15:00,40.666233,-73.761,0,0,Unspecified,4421338,19.4,10.6,25.0,25.0,0.0,8.0,63,25.6,47.9,62,Rain: Moderate,0,0,
25099,2021-05-26 16:50:00,40.670715,-73.91697,0,0,Unspecified,4421709,29.5,17.4,0.1,0.1,0.0,1.0,51,23.4,45.7,210,Drizzle: Light,0,0,
25100,2021-05-26 20:00:00,40.80543,-73.92087,0,0,Other Vehicular,4420761,29.5,17.4,0.1,0.1,0.0,1.0,51,23.4,45.7,210,Drizzle: Light,0,0,
25101,2021-05-23 19:50:00,40.703197,-73.98959,1,0,Driver Inattention/Distraction,4421412,31.4,19.8,0.0,0.0,0.0,0.0,3,28.5,54.4,322,Overcast,1,1,
25102,2021-05-27 11:21:00,40.68315,-73.780304,2,0,Unsafe Speed,4421108,27.4,18.3,2.4,2.4,0.0,3.0,61,23.5,42.1,313,Rain: Light,2,2,
25103,2021-05-28 16:13:00,40.672947,-73.78083,0,0,Passing or Lane Usage Improper,4421397,19.4,10.6,25.0,25.0,0.0,8.0,63,25.6,47.9,62,Rain: Moderate,0,0,
25104,2021-05-26 16:30:00,40.66059,-73.931335,1,0,Driver Inattention/Distraction,4420811,29.5,17.4,0.1,0.1,0.0,1.0,51,23.4,45.7,210,Drizzle: Light,1,1,
25105,2021-05-27 13:43:00,40.616707,-73.97846,1,0,Unspecified,4421685,27.4,18.3,2.4,2.4,0.0,3.0,61,23.5,42.1,313,Rain: Light,1,1,
25106,2021-05-26 22:45:00,40.608307,-74.13132,0,0,Alcohol Involvement,4420940,29.5,17.4,0.1,0.1,0.0,1.0,51,23.4,45.7,210,Drizzle: Light,0,0,
25107,2021-05-24 15:50:00,40.66602,-73.92947,0,0,Backing Unsafely,4421424,18.9,13.7,0.0,0.0,0.0,0.0,3,22.4,44.3,126,Overcast,0,0,
25108,2021-05-26 11:25:00,40.787075,-73.94503,0,0,Passing or Lane Usage Improper,4420746,29.5,17.4,0.1,0.1,0.0,1.0,51,23.4,45.7,210,Drizzle: Light,0,0,
25109,2021-09-30 21:39:00,40.647686,-73.90237,0,0,Unspecified,4462935,18.8,13.1,0.0,0.0,0.0,0.0,3,18.1,37.4,330,Overcast,0,0,
25110,2021-05-14 22:50:00,40.597122,-74.00418,4,0,Unspecified,4421522,21.6,7.5,0.0,0.0,0.0,0.0,2,14.3,25.2,276,Partly cloudy,4,4,
25111,2021-05-28 11:30:00,40.79653,-73.97597,0,0,Failure to Yield Right-of-Way,4421323,19.4,10.6,25.0,25.0,0.0,8.0,63,25.6,47.9,62,Rain: Moderate,0,0,
25112,2021-05-26 19:05:00,40.679897,-73.74757,0,0,Failure to Yield Right-of-Way,4420706,29.5,17.4,0.1,0.1,0.0,1.0,51,23.4,45.7,210,Drizzle: Light,0,0,
25113,2021-05-27 11:00:00,40.65039,-74.00851,1,0,Pedestrian/Bicyclist/Other Pedestrian Error/Confusion,4420993,27.4,18.3,2.4,2.4,0.0,3.0,61,23.5,42.1,313,Rain: Light,1,1,
25114,2021-05-28 20:40:00,40.74759,-73.88299,0,0,Backing Unsafely,4421821,19.4,10.6,25.0,25.0,0.0,8.0,63,25.6,47.9,62,Rain: Moderate,0,0,
25115,2021-05-28 20:59:00,40.88919,-73.83131,3,0,Unspecified,4421960,19.4,10.6,25.0,25.0,0.0,8.0,63,25.6,47.9,62,Rain: Moderate,3,3,
25116,2021-05-27 14:29:00,40.660233,-73.93712,1,0,Driver Inattention/Distraction,4421429,27.4,18.3,2.4,2.4,0.0,3.0,61,23.5,42.1,313,Rain: Light,1,1,
25117,2021-05-14 22:45:00,40.64957,-73.92532,0,0,Failure to Yield Right-of-Way,4421853,21.6,7.5,0.0,0.0,0.0,0.0,2,14.3,25.2,276,Partly cloudy,0,0,
25118,2021-05-27 14:50:00,40.641003,-73.956116,0,0,Unspecified,4421639,27.4,18.3,2.4,2.4,0.0,3.0,61,23.5,42.1,313,Rain: Light,0,0,
25119,2021-05-12 16:50:00,40.676647,-73.91647,0,0,Unspecified,4421480,17.9,5.8,0.0,0.0,0.0,0.0,2,20.0,41.0,317,Partly cloudy,0,0,
25120,2021-05-27 00:27:00,40.784325,-73.94225,2,0,Following Too Closely,4420830,27.4,18.3,2.4,2.4,0.0,3.0,61,23.5,42.1,313,Rain: Light,2,2,
25121,2021-05-26 12:30:00,40.8239,-73.876526,0,0,Failure to Yield Right-of-Way,4420921,29.5,17.4,0.1,0.1,0.0,1.0,51,23.4,45.7,210,Drizzle: Light,0,0,
25122,2021-05-27 01:50:00,40.862778,-73.906166,1,0,Failure to Yield Right-of-Way,4420767,27.4,18.3,2.4,2.4,0.0,3.0,61,23.5,42.1,313,Rain: Light,1,1,
25123,2021-05-27 20:20:00,40.65461,-73.922,2,0,Driver Inattention/Distraction,4421116,27.4,18.3,2.4,2.4,0.0,3.0,61,23.5,42.1,313,Rain: Light,2,2,
25124,2021-05-28 09:00:00,40.66484,-73.82229,0,0,Driver Inattention/Distraction,4421265,19.4,10.6,25.0,25.0,0.0,8.0,63,25.6,47.9,62,Rain: Moderate,0,0,
25125,2021-05-26 20:23:00,40.829697,-73.91313,0,0,Traffic Control Disregarded,4421886,29.5,17.4,0.1,0.1,0.0,1.0,51,23.4,45.7,210,Drizzle: Light,0,0,
25126,2021-05-27 23:44:00,40.654137,-73.91234,0,0,Unspecified,4421850,27.4,18.3,2.4,2.4,0.0,3.0,61,23.5,42.1,313,Rain: Light,0,0,
25127,2021-05-28 13:00:00,40.625206,-74.020164,0,0,Aggressive Driving/Road Rage,4421500,19.4,10.6,25.0,25.0,0.0,8.0,63,25.6,47.9,62,Rain: Moderate,0,0,
25128,2021-05-28 10:00:00,40.832294,-73.85932,0,0,Unspecified,4421324,19.4,10.6,25.0,25.0,0.0,8.0,63,25.6,47.9,62,Rain: Moderate,0,0,
25129,2021-05-26 15:00:00,40.76104,-73.97538,0,0,Failure to Yield Right-of-Way,4420797,29.5,17.4,0.1,0.1,0.0,1.0,51,23.4,45.7,210,Drizzle: Light,0,0,
25130,2021-05-27 19:35:00,40.725674,-74.00578,0,0,Unspecified,4421200,27.4,18.3,2.4,2.4,0.0,3.0,61,23.5,42.1,313,Rain: Light,0,0,
25131,2021-05-28 18:15:00,40.717487,-73.95218,0,0,Driver Inattention/Distraction,4421953,19.4,10.6,25.0,25.0,0.0,8.0,63,25.6,47.9,62,Rain: Moderate,0,0,
25132,2021-05-28 09:43:00,40.61276,-73.96093,1,0,Traffic Control Disregarded,4421638,19.4,10.6,25.0,25.0,0.0,8.0,63,25.6,47.9,62,Rain: Moderate,1,1,
25133,2021-05-10 21:00:00,40.577213,-73.96329,0,0,Driver Inattention/Distraction,4421725,14.9,8.3,3.3,3.3,0.0,7.0,55,18.8,58.3,339,Drizzle: Dense,0,0,
25134,2021-05-24 14:50:00,40.648182,-74.02147,1,0,View Obstructed/Limited,4421442,18.9,13.7,0.0,0.0,0.0,0.0,3,22.4,44.3,126,Overcast,1,1,
25135,2021-05-27 19:00:00,40.786724,-73.983246,0,0,Passing or Lane Usage Improper,4421517,27.4,18.3,2.4,2.4,0.0,3.0,61,23.5,42.1,313,Rain: Light,0,0,
25136,2021-05-27 13:55:00,40.69168,-73.999344,0,0,Following Too Closely,4421040,27.4,18.3,2.4,2.4,0.0,3.0,61,23.5,42.1,313,Rain: Light,0,0,
25137,2021-05-21 23:50:00,40.682537,-73.95002,1,0,Driver Inattention/Distraction,4421777,23.9,11.3,0.0,0.0,0.0,0.0,3,19.2,38.5,174,Overcast,1,1,
25138,2021-05-28 22:09:00,40.829422,-73.897575,1,0,Unspecified,4421659,19.4,10.6,25.0,25.0,0.0,8.0,63,25.6,47.9,62,Rain: Moderate,1,1,
25139,2021-05-27 16:28:00,40.82843,-73.88105,0,0,Following Too Closely,4421258,27.4,18.3,2.4,2.4,0.0,3.0,61,23.5,42.1,313,Rain: Light,0,0,
25140,2021-05-24 10:05:00,40.67562,-73.9598,0,0,Unspecified,4421803,18.9,13.7,0.0,0.0,0.0,0.0,3,22.4,44.3,126,Overcast,0,0,
25141,2021-05-26 17:40:00,40.84536,-73.89684,0,0,Passing or Lane Usage Improper,4420956,29.5,17.4,0.1,0.1,0.0,1.0,51,23.4,45.7,210,Drizzle: Light,0,0,
25142,2021-05-27 22:39:00,40.681717,-73.84963,0,0,Driver Inexperience,4421194,27.4,18.3,2.4,2.4,0.0,3.0,61,23.5,42.1,313,Rain: Light,0,0,
25143,2021-05-28 18:20:00,40.849003,-73.91614,0,0,Failure to Yield Right-of-Way,4422005,19.4,10.6,25.0,25.0,0.0,8.0,63,25.6,47.9,62,Rain: Moderate,0,0,
25144,2021-05-27 16:48:00,40.715397,-73.772766,0,0,Turning Improperly,4421089,27.4,18.3,2.4,2.4,0.0,3.0,61,23.5,42.1,313,Rain: Light,0,0,
25145,2021-05-26 19:26:00,40.757286,-73.97812,1,0,Other Vehicular,4420805,29.5,17.4,0.1,0.1,0.0,1.0,51,23.4,45.7,210,Drizzle: Light,1,1,
25146,2021-05-28 13:34:00,40.695683,-73.741875,1,0,Driver Inattention/Distraction,4421366,19.4,10.6,25.0,25.0,0.0,8.0,63,25.6,47.9,62,Rain: Moderate,1,1,
25147,2021-05-25 15:30:00,40.71896,-74.00128,1,0,Unspecified,4422051,21.9,13.0,0.0,0.0,0.0,0.0,3,24.3,47.9,182,Overcast,1,1,
25148,2021-05-27 16:25:00,40.725536,-73.79256,1,0,Driver Inattention/Distraction,4421082,27.4,18.3,2.4,2.4,0.0,3.0,61,23.5,42.1,313,Rain: Light,1,1,
25149,2021-05-27 07:40:00,40.857418,-73.899956,2,0,Unspecified,4420959,27.4,18.3,2.4,2.4,0.0,3.0,61,23.5,42.1,313,Rain: Light,2,2,
25150,2021-05-26 00:20:00,40.839237,-73.94688,0,1,Pedestrian/Bicyclist/Other Pedestrian Error/Confusion,4420435,29.5,17.4,0.1,0.1,0.0,1.0,51,23.4,45.7,210,Drizzle: Light,20,1,