,CRASH DATETIME,LATITUDE,LONGITUDE,NUMBER OF PERSONS INJURED,NUMBER OF PERSONS KILLED,CONTRIBUTING FACTOR VEHICLE 1,COLLISION_ID,temperature_2m_max,temperature_2m_min,precipitation_sum,rain_sum,snowfall_sum,precipitation_hours,weather_code,wind_speed_10m_max,wind_gusts_10m_max,wind_direction_10m_dominant,Weather Description,Severity_Score,Total_Affected_Persons,Weather_Category
25151,2021-05-27 09:13:00,40.722626,-74.008125,1,0,Failure to Yield Right-of-Way,4421019,27.4,18.3,2.4,2.4,0.0,3.0,61,23.5,42.1,313,Rain: Light,1,1,
25152,2021-05-27 14:56:00,40.706917,-73.93972,0,0,Driver Inattention/Distraction,4421758,27.4,18.3,2.4,2.4,0.0,3.0,61,23.5,42.1,313,Rain: Light,0,0,
25153,2021-05-28 04:40:00,40.664993,-73.80229,0,0,Outside Car Distraction,4421308,19.4,10.6,25.0,25.0,0.0,8.0,63,25.6,47.9,62,Rain: Moderate,0,0,
25154,2021-05-28 00:35:00,40.74593,-73.8563,1,0,,4421241,19.4,10.6,25.0,25.0,0.0,8.0,63,25.6,47.9,62,Rain: Moderate,1,1,
25155,2021-05-27 10:30:00,40.737682,-73.85206,0,0,Pavement Defective,4421234,27.4,18.3,2.4,2.4,0.0,3.0,61,23.5,42.1,313,Rain: Light,0,0,
25156,2021-05-27 09:24:00,40.84211,-73.82557,1,0,Fatigued/Drowsy,4420979,27.4,18.3,2.4,2.4,0.0,3.0,61,23.5,42.1,313,Rain: Light,1,1,
25157,2021-05-26 18:28:00,40.746494,-73.932274,1,0,Driver Inattention/Distraction,4420730,29.5,17.4,0.1,0.1,0.0,1.0,51,23.4,45.7,210,Drizzle: Light,1,1,
25158,2021-05-24 17:50:00,40.71497,-73.913376,1,0,Passing or Lane Usage Improper,4421463,18.9,13.7,0.0,0.0,0.0,0.0,3,22.4,44.3,126,Overcast,1,1,
25159,2021-05-25 00:00:00,40.808052,-73.957954,0,0,Passing Too Closely,4421863,21.9,13.0,0.0,0.0,0.0,0.0,3,24.3,47.9,182,Overcast,0,0,
25160,2021-05-26 18:55:00,40.66839,-73.89109,0,0,Unspecified,4420877,29.5,17.4,0.1,0.1,0.0,1.0,51,23.4,45.7,210,Drizzle: Light,0,0,
25161,2021-05-26 09:30:00,40.7549,-73.74548,1,0,Following Too Closely,4420588,29.5,17.4,0.1,0.1,0.0,1.0,51,23.4,45.7,210,Drizzle: Light,1,1,
25162,2021-05-28 19:00:00,40.7122,-73.86208,1,0,Failure to Yield Right-of-Way,4421468,19.4,10.6,25.0,25.0,0.0,8.0,63,25.6,47.9,62,Rain: Moderate,1,1,
25163,2021-05-12 15:00:00,40.691353,-73.92142,0,0,Passing Too Closely,4421276,17.9,5.8,0.0,0.0,0.0,0.0,2,20.0,41.0,317,Partly cloudy,0,0,
25164,2021-05-27 19:00:00,40.70324,-73.92615,0,0,Passing Too Closely,4421293,27.4,18.3,2.4,2.4,0.0,3.0,61,23.5,42.1,313,Rain: Light,0,0,
25165,2021-05-26 20:00:00,40.686077,-74.00038,1,0,Following Too Closely,4421487,29.5,17.4,0.1,0.1,0.0,1.0,51,23.4,45.7,210,Drizzle: Light,1,1,
25166,2021-05-19 18:27:00,40.752945,-73.89248,0,0,Passing or Lane Usage Improper,4421229,28.2,13.6,0.0,0.0,0.0,0.0,3,19.6,40.3,337,Overcast,0,0,
25167,2021-05-25 14:37:00,40.785492,-73.984116,4,0,Other Vehicular,4421392,21.9,13.0,0.0,0.0,0.0,0.0,3,24.3,47.9,182,Overcast,4,4,
25168,2021-05-27 06:39:00,40.754696,-73.82158,0,0,Other Vehicular,4420847,27.4,18.3,2.4,2.4,0.0,3.0,61,23.5,42.1,313,Rain: Light,0,0,
25169,2021-05-28 03:58:00,40.737785,-73.93496,1,0,Driver Inattention/Distraction,4421334,19.4,10.6,25.0,25.0,0.0,8.0,63,25.6,47.9,62,Rain: Moderate,1,1,
25170,2021-05-22 23:46:00,40.777233,-73.99023,5,0,Other Vehicular,4421914,30.5,16.5,0.0,0.0,0.0,0.0,3,19.1,36.4,299,Overcast,5,5,
25171,2021-05-26 19:11:00,40.733612,-73.999565,1,0,Traffic Control Disregarded,4421680,29.5,17.4,0.1,0.1,0.0,1.0,51,23.4,45.7,210,Drizzle: Light,1,1,
25172,2021-05-27 00:19:00,40.67603,-74.01666,0,0,Unspecified,4421492,27.4,18.3,2.4,2.4,0.0,3.0,61,23.5,42.1,313,Rain: Light,0,0,
25173,2021-05-28 12:00:00,40.853996,-73.8889,0,0,Driver Inattention/Distraction,4421474,19.4,10.6,25.0,25.0,0.0,8.0,63,25.6,47.9,62,Rain: Moderate,0,0,
25174,2021-05-27 00:00:00,40.699944,-73.76075,0,0,Unspecified,4421351,27.4,18.3,2.4,2.4,0.0,3.0,61,23.5,42.1,313,Rain: Light,0,0,
25175,2021-05-28 23:00:00,40.648792,-73.95228,0,0,Unsafe Speed,4421872,19.4,10.6,25.0,25.0,0.0,8.0,63,25.6,47.9,62,Rain: Moderate,0,0,
25176,2021-05-28 01:45:00,40.758205,-73.777405,0,0,Obstruction/Debris,4421173,19.4,10.6,25.0,25.0,0.0,8.0,63,25.6,47.9,62,Rain: Moderate,0,0,
25177,2021-05-27 12:00:00,40.84143,-73.86232,0,0,Reaction to Uninvolved Vehicle,4420999,27.4,18.3,2.4,2.4,0.0,3.0,61,23.5,42.1,313,Rain: Light,0,0,
25178,2021-05-27 23:10:00,40.722153,-73.9163,2,0,Failure to Yield Right-of-Way,4421457,27.4,18.3,2.4,2.4,0.0,3.0,61,23.5,42.1,313,Rain: Light,2,2,
25179,2021-10-01 19:38:00,40.607254,-73.96728,1,0,Unspecified,4463146,19.4,9.5,0.0,0.0,0.0,0.0,0,13.8,28.1,302,Clear sky,1,1,Sunny/Clear Conditions
25180,2021-05-28 07:45:00,40.700695,-73.7832,0,0,Driver Inattention/Distraction,4421290,19.4,10.6,25.0,25.0,0.0,8.0,63,25.6,47.9,62,Rain: Moderate,0,0,
25181,2021-05-25 01:45:00,40.786423,-73.82394,1,0,Unsafe Lane Changing,4421703,21.9,13.0,0.0,0.0,0.0,0.0,3,24.3,47.9,182,Overcast,1,1,
25182,2021-05-25 14:30:00,40.599705,-73.99016,0,0,Backing Unsafely,4421603,21.9,13.0,0.0,0.0,0.0,0.0,3,24.3,47.9,182,Overcast,0,0,
25183,2021-05-27 18:25:00,40.87787,-73.8701,0,0,Unspecified,4421420,27.4,18.3,2.4,2.4,0.0,3.0,61,23.5,42.1,313,Rain: Light,0,0,
25184,2021-05-28 11:50:00,40.7135,-73.75607,1,0,Steering Failure,4421319,19.4,10.6,25.0,25.0,0.0,8.0,63,25.6,47.9,62,Rain: Moderate,1,1,
25185,2021-08-18 22:00:00,40.875683,-73.90839,1,0,,4462967,27.0,21.1,1.5,1.5,0.0,5.0,53,24.7,46.8,150,Drizzle: Moderate,1,1,
25186,2021-05-26 18:43:00,40.64664,-73.9246,4,0,Driver Inattention/Distraction,4421136,29.5,17.4,0.1,0.1,0.0,1.0,51,23.4,45.7,210,Drizzle: Light,4,4,
25187,2021-05-26 10:45:00,40.76684,-73.838264,0,0,Driver Inattention/Distraction,4420790,29.5,17.4,0.1,0.1,0.0,1.0,51,23.4,45.7,210,Drizzle: Light,0,0,
25188,2021-05-27 13:00:00,40.64939,-73.975296,2,0,Driver Inattention/Distraction,4421153,27.4,18.3,2.4,2.4,0.0,3.0,61,23.5,42.1,313,Rain: Light,2,2,
25189,2021-05-27 03:49:00,40.734093,-74.0085,0,0,Backing Unsafely,4421613,27.4,18.3,2.4,2.4,0.0,3.0,61,23.5,42.1,313,Rain: Light,0,0,
25190,2021-05-26 10:27:00,40.73261,-73.8686,1,0,Following Too Closely,4421356,29.5,17.4,0.1,0.1,0.0,1.0,51,23.4,45.7,210,Drizzle: Light,1,1,
25191,2021-05-27 21:00:00,40.754192,-73.93393,0,0,Driver Inattention/Distraction,4421967,27.4,18.3,2.4,2.4,0.0,3.0,61,23.5,42.1,313,Rain: Light,0,0,
25192,2021-05-27 16:31:00,40.848392,-73.937675,0,0,Failure to Yield Right-of-Way,4421261,27.4,18.3,2.4,2.4,0.0,3.0,61,23.5,42.1,313,Rain: Light,0,0,
25193,2021-05-28 13:45:00,40.669327,-73.91318,0,0,Alcohol Involvement,4421716,19.4,10.6,25.0,25.0,0.0,8.0,63,25.6,47.9,62,Rain: Moderate,0,0,
25194,2021-05-28 16:00:00,40.679832,-73.95322,0,0,Other Vehicular,4421734,19.4,10.6,25.0,25.0,0.0,8.0,63,25.6,47.9,62,Rain: Moderate,0,0,
25195,2021-05-27 02:34:00,40.69761,-73.82005,0,0,Unspecified,4420913,27.4,18.3,2.4,2.4,0.0,3.0,61,23.5,42.1,313,Rain: Light,0,0,
25196,2021-05-26 09:17:00,40.707436,-73.96034,1,0,Failure to Yield Right-of-Way,4420816,29.5,17.4,0.1,0.1,0.0,1.0,51,23.4,45.7,210,Drizzle: Light,1,1,
25197,2021-05-28 15:40:00,40.751522,-73.99396,1,0,Turning Improperly,4421649,19.4,10.6,25.0,25.0,0.0,8.0,63,25.6,47.9,62,Rain: Moderate,1,1,
25198,2021-05-26 10:50:00,40.591354,-73.94885,0,0,Unspecified,4420627,29.5,17.4,0.1,0.1,0.0,1.0,51,23.4,45.7,210,Drizzle: Light,0,0,
25199,2021-05-28 11:30:00,40.738266,-73.79706,1,0,Following Too Closely,4421542,19.4,10.6,25.0,25.0,0.0,8.0,63,25.6,47.9,62,Rain: Moderate,1,1,
25200,2021-09-30 02:52:00,40.660656,-73.885796,0,0,Alcohol Involvement,4463731,18.8,13.1,0.0,0.0,0.0,0.0,3,18.1,37.4,330,Overcast,0,0,
25201,2021-05-28 12:29:00,40.87809,-73.86045,0,0,Driver Inattention/Distraction,4422056,19.4,10.6,25.0,25.0,0.0,8.0,63,25.6,47.9,62,Rain: Moderate,0,0,
25202,2021-05-28 12:00:00,40.672146,-73.84318,0,0,Turning Improperly,4421383,19.4,10.6,25.0,25.0,0.0,8.0,63,25.6,47.9,62,Rain: Moderate,0,0,
25203,2021-05-25 10:15:00,40.684704,-73.94419,0,0,Unsafe Lane Changing,4421764,21.9,13.0,0.0,0.0,0.0,0.0,3,24.3,47.9,182,Overcast,0,0,
25204,2021-05-28 14:00:00,40.665855,-73.750046,0,0,Pavement Slippery,4421507,19.4,10.6,25.0,25.0,0.0,8.0,63,25.6,47.9,62,Rain: Moderate,0,0,
25205,2021-01-10 13:48:00,40.75043,-73.87781,1,0,Passing or Lane Usage Improper,4462990,5.1,-3.0,0.0,0.0,0.0,0.0,3,17.2,34.2,347,Overcast,1,1,
25206,2021-05-22 16:30:00,40.694305,-73.91852,1,0,Passing or Lane Usage Improper,4421449,30.5,16.5,0.0,0.0,0.0,0.0,3,19.1,36.4,299,Overcast,1,1,
25207,2021-05-26 08:33:00,40.84938,-73.85065,0,0,Driver Inattention/Distraction,4420548,29.5,17.4,0.1,0.1,0.0,1.0,51,23.4,45.7,210,Drizzle: Light,0,0,
25208,2021-04-26 13:50:00,40.67386,-73.94178,0,0,Driver Inattention/Distraction,4421784,13.7,3.7,0.0,0.0,0.0,0.0,2,27.3,52.6,311,Partly cloudy,0,0,
25209,2021-05-28 17:00:00,40.665955,-73.76084,1,0,Following Too Closely,4421529,19.4,10.6,25.0,25.0,0.0,8.0,63,25.6,47.9,62,Rain: Moderate,1,1,
25210,2021-05-27 13:25:00,40.82733,-73.8498,0,0,Following Too Closely,4421046,27.4,18.3,2.4,2.4,0.0,3.0,61,23.5,42.1,313,Rain: Light,0,0,
25211,2021-05-26 07:30:00,40.696228,-73.97348,1,0,Driver Inattention/Distraction,4420825,29.5,17.4,0.1,0.1,0.0,1.0,51,23.4,45.7,210,Drizzle: Light,1,1,
25212,2021-05-28 19:30:00,40.676456,-73.85688,0,0,Following Too Closely,4421535,19.4,10.6,25.0,25.0,0.0,8.0,63,25.6,47.9,62,Rain: Moderate,0,0,
25213,2021-05-27 19:30:00,40.7597,-73.80031,1,0,Unsafe Speed,4421809,27.4,18.3,2.4,2.4,0.0,3.0,61,23.5,42.1,313,Rain: Light,1,1,
25214,2021-05-27 19:30:00,40.78463,-73.83634,1,0,Failure to Yield Right-of-Way,4421217,27.4,18.3,2.4,2.4,0.0,3.0,61,23.5,42.1,313,Rain: Light,1,1,
25215,2021-05-25 00:20:00,40.582726,-73.97321,0,0,Unsafe Speed,4421970,21.9,13.0,0.0,0.0,0.0,0.0,3,24.3,47.9,182,Overcast,0,0,
25216,2021-05-26 18:00:00,40.817024,-73.921394,1,0,Unspecified,4420751,29.5,17.4,0.1,0.1,0.0,1.0,51,23.4,45.7,210,Drizzle: Light,1,1,
25217,2021-05-27 17:20:00,40.660595,-73.95451,1,0,Backing Unsafely,4421113,27.4,18.3,2.4,2.4,0.0,3.0,61,23.5,42.1,313,Rain: Light,1,1,
25218,2021-05-21 13:30:00,40.687317,-73.979164,0,0,Unspecified,4421930,23.9,11.3,0.0,0.0,0.0,0.0,3,19.2,38.5,174,Overcast,0,0,
25219,2021-05-27 10:07:00,40.61495,-74.0002,0,0,Driver Inattention/Distraction,4421585,27.4,18.3,2.4,2.4,0.0,3.0,61,23.5,42.1,313,Rain: Light,0,0,
25220,2021-05-27 16:33:00,40.888092,-73.85355,1,0,Driver Inattention/Distraction,4421212,27.4,18.3,2.4,2.4,0.0,3.0,61,23.5,42.1,313,Rain: Light,1,1,
25221,2021-05-27 10:26:00,40.702007,-73.821205,0,0,Driver Inattention/Distraction,4421014,27.4,18.3,2.4,2.4,0.0,3.0,61,23.5,42.1,313,Rain: Light,0,0,
25222,2021-05-26 16:30:00,40.801857,-73.957245,1,0,Driver Inattention/Distraction,4421093,29.5,17.4,0.1,0.1,0.0,1.0,51,23.4,45.7,210,Drizzle: Light,1,1,
25223,2021-05-28 18:16:00,40.731995,-73.99022,0,0,Other Vehicular,4422025,19.4,10.6,25.0,25.0,0.0,8.0,63,25.6,47.9,62,Rain: Moderate,0,0,
25224,2021-05-26 14:42:00,40.84728,-73.86772,1,0,Failure to Yield Right-of-Way,4420630,29.5,17.4,0.1,0.1,0.0,1.0,51,23.4,45.7,210,Drizzle: Light,1,1,
25225,2021-05-26 20:10:00,40.67024,-73.907005,2,0,Driver Inattention/Distraction,4420711,29.5,17.4,0.1,0.1,0.0,1.0,51,23.4,45.7,210,Drizzle: Light,2,2,
25226,2021-09-27 01:33:00,40.631706,-73.94649,2,0,Passing or Lane Usage Improper,4463421,25.9,14.6,0.0,0.0,0.0,0.0,3,24.1,45.0,233,Overcast,2,2,
25227,2021-05-28 12:30:00,40.68354,-73.98438,1,0,Following Too Closely,4421485,19.4,10.6,25.0,25.0,0.0,8.0,63,25.6,47.9,62,Rain: Moderate,1,1,
25228,2021-05-26 21:25:00,40.802162,-73.939026,1,0,Driver Inattention/Distraction,4420890,29.5,17.4,0.1,0.1,0.0,1.0,51,23.4,45.7,210,Drizzle: Light,1,1,
25229,2021-05-27 15:31:00,40.577766,-73.95606,1,0,Turning Improperly,4421674,27.4,18.3,2.4,2.4,0.0,3.0,61,23.5,42.1,313,Rain: Light,1,1,
25230,2021-05-27 07:07:00,40.75595,-73.88165,0,0,Driver Inattention/Distraction,4420895,27.4,18.3,2.4,2.4,0.0,3.0,61,23.5,42.1,313,Rain: Light,0,0,
25231,2021-05-26 19:00:00,40.61593,-74.087425,1,0,Driver Inexperience,4421117,29.5,17.4,0.1,0.1,0.0,1.0,51,23.4,45.7,210,Drizzle: Light,1,1,
25232,2021-05-28 06:10:00,40.745907,-73.86964,1,0,Driver Inattention/Distraction,4421244,19.4,10.6,25.0,25.0,0.0,8.0,63,25.6,47.9,62,Rain: Moderate,1,1,
25233,2021-05-26 08:37:00,40.795464,-73.96381,0,0,Turning Improperly,4420537,29.5,17.4,0.1,0.1,0.0,1.0,51,23.4,45.7,210,Drizzle: Light,0,0,
25234,2021-05-28 14:00:00,40.67884,-73.75419,0,0,Unspecified,4421388,19.4,10.6,25.0,25.0,0.0,8.0,63,25.6,47.9,62,Rain: Moderate,0,0,
25235,2021-05-28 03:25:00,40.66397,-73.99777,0,0,Unspecified,4421169,19.4,10.6,25.0,25.0,0.0,8.0,63,25.6,47.9,62,Rain: Moderate,0,0,
25236,2021-05-28 08:45:00,40.625828,-73.99967,0,0,Unspecified,4421548,19.4,10.6,25.0,25.0,0.0,8.0,63,25.6,47.9,62,Rain: Moderate,0,0,
25237,2021-05-27 13:55:00,40.853504,-73.894424,0,0,Driver Inattention/Distraction,4421305,27.4,18.3,2.4,2.4,0.0,3.0,61,23.5,42.1,313,Rain: Light,0,0,
25238,2021-05-27 20:30:00,40.715485,-73.98514,0,0,Following Too Closely,4421743,27.4,18.3,2.4,2.4,0.0,3.0,61,23.5,42.1,313,Rain: Light,0,0,
25239,2021-05-28 09:05:00,40.636097,-74.02724,1,0,Driver Inattention/Distraction,4421266,19.4,10.6,25.0,25.0,0.0,8.0,63,25.6,47.9,62,Rain: Moderate,1,1,
25240,2021-05-27 03:35:00,40.75455,-73.74317,1,0,Unspecified,4420794,27.4,18.3,2.4,2.4,0.0,3.0,61,23.5,42.1,313,Rain: Light,1,1,
25241,2021-05-27 13:55:00,40.67002,-73.78312,0,0,Unspecified,4421129,27.4,18.3,2.4,2.4,0.0,3.0,61,23.5,42.1,313,Rain: Light,0,0,
25242,2021-05-28 04:25:00,40.896687,-73.84511,0,0,Alcohol Involvement,4421273,19.4,10.6,25.0,25.0,0.0,8.0,63,25.6,47.9,62,Rain: Moderate,0,0,
25243,2021-05-25 13:56:00,40.646626,-73.90399,1,0,Failure to Yield Right-of-Way,4421379,21.9,13.0,0.0,0.0,0.0,0.0,3,24.3,47.9,182,Overcast,1,1,
25244,2021-05-28 19:35:00,40.689808,-73.80931,0,0,Unspecified,4421924,19.4,10.6,25.0,25.0,0.0,8.0,63,25.6,47.9,62,Rain: Moderate,0,0,
25245,2021-05-26 10:25:00,40.85431,-73.93009,1,0,Other Vehicular,4421697,29.5,17.4,0.1,0.1,0.0,1.0,51,23.4,45.7,210,Drizzle: Light,1,1,
25246,2021-05-27 07:40:00,40.82815,-73.93491,1,0,Following Too Closely,4421158,27.4,18.3,2.4,2.4,0.0,3.0,61,23.5,42.1,313,Rain: Light,1,1,
25247,2021-05-28 23:27:00,40.6414,-74.02125,0,0,Alcohol Involvement,4421452,19.4,10.6,25.0,25.0,0.0,8.0,63,25.6,47.9,62,Rain: Moderate,0,0,
25248,2021-05-28 13:40:00,40.830906,-73.8736,0,0,Unsafe Speed,4421347,19.4,10.6,25.0,25.0,0.0,8.0,63,25.6,47.9,62,Rain: Moderate,0,0,
25249,2021-05-28 16:35:00,40.652462,-73.92285,2,0,Driver Inattention/Distraction,4421844,19.4,10.6,25.0,25.0,0.0,8.0,63,25.6,47.9,62,Rain: Moderate,2,2,
25250,2021-05-28 17:30:00,40.602356,-74.01263,0,0,Failure to Yield Right-of-Way,4421590,19.4,10.6,25.0,25.0,0.0,8.0,63,25.6,47.9,62,Rain: Moderate,0,0,
25251,2021-05-26 14:00:00,40.628563,-74.11322,0,0,Unspecified,4421126,29.5,17.4,0.1,0.1,0.0,1.0,51,23.4,45.7,210,Drizzle: Light,0,0,
25252,2021-05-25 07:00:00,40.599354,-73.98474,0,0,Driver Inattention/Distraction,4421525,21.9,13.0,0.0,0.0,0.0,0.0,3,24.3,47.9,182,Overcast,0,0,
25253,2021-05-28 14:30:00,40.70843,-73.871895,2,0,Failure to Yield Right-of-Way,4421466,19.4,10.6,25.0,25.0,0.0,8.0,63,25.6,47.9,62,Rain: Moderate,2,2,
25254,2021-05-26 23:17:00,40.783333,-73.94368,1,0,Following Too Closely,4420829,29.5,17.4,0.1,0.1,0.0,1.0,51,23.4,45.7,210,Drizzle: Light,1,1,
25255,2021-05-26 20:07:00,40.813175,-73.89845,3,0,Traffic Control Disregarded,4421403,29.5,17.4,0.1,0.1,0.0,1.0,51,23.4,45.7,210,Drizzle: Light,3,3,
25256,2021-05-17 18:48:00,40.693203,-73.953995,0,0,Passing or Lane Usage Improper,4421773,22.9,9.7,0.0,0.0,0.0,0.0,3,17.7,36.0,224,Overcast,0,0,
25257,2021-05-26 07:06:00,40.679817,-73.76177,0,0,Failure to Yield Right-of-Way,4420503,29.5,17.4,0.1,0.1,0.0,1.0,51,23.4,45.7,210,Drizzle: Light,0,0,
25258,2021-05-26 20:45:00,40.755005,-73.966866,0,0,Turning Improperly,4420717,29.5,17.4,0.1,0.1,0.0,1.0,51,23.4,45.7,210,Drizzle: Light,0,0,
25259,2021-05-26 16:51:00,40.8535,-73.888664,1,0,Turning Improperly,4420888,29.5,17.4,0.1,0.1,0.0,1.0,51,23.4,45.7,210,Drizzle: Light,1,1,
25260,2021-05-28 22:19:00,40.76231,-73.916306,3,0,Driver Inattention/Distraction,4421982,19.4,10.6,25.0,25.0,0.0,8.0,63,25.6,47.9,62,Rain: Moderate,3,3,
25261,2021-05-27 12:20:00,40.814766,-73.918755,1,0,Unspecified,4421186,27.4,18.3,2.4,2.4,0.0,3.0,61,23.5,42.1,313,Rain: Light,1,1,
25262,2021-05-28 17:35:00,40.75719,-73.89041,1,0,Driver Inattention/Distraction,4422070,19.4,10.6,25.0,25.0,0.0,8.0,63,25.6,47.9,62,Rain: Moderate,1,1,
25263,2021-05-27 14:52:00,40.62916,-74.01144,0,0,Unspecified,4421098,27.4,18.3,2.4,2.4,0.0,3.0,61,23.5,42.1,313,Rain: Light,0,0,
25264,2021-05-28 15:03:00,40.690357,-73.989746,1,0,Unsafe Speed,4421374,19.4,10.6,25.0,25.0,0.0,8.0,63,25.6,47.9,62,Rain: Moderate,1,1,
25265,2021-05-28 17:19:00,40.692455,-73.76814,0,0,Passing or Lane Usage Improper,4421398,19.4,10.6,25.0,25.0,0.0,8.0,63,25.6,47.9,62,Rain: Moderate,0,0,
25266,2021-05-28 18:55:00,40.76695,-73.786896,0,0,Failure to Yield Right-of-Way,4421415,19.4,10.6,25.0,25.0,0.0,8.0,63,25.6,47.9,62,Rain: Moderate,0,0,
25267,2021-05-26 20:10:00,40.75843,-73.973076,0,0,Driver Inattention/Distraction,4420814,29.5,17.4,0.1,0.1,0.0,1.0,51,23.4,45.7,210,Drizzle: Light,0,0,
25268,2021-05-28 11:23:00,40.69862,-73.920135,0,0,Backing Unsafely,4421300,19.4,10.6,25.0,25.0,0.0,8.0,63,25.6,47.9,62,Rain: Moderate,0,0,
25269,2021-05-21 11:20:00,40.678722,-73.952995,0,0,Failure to Yield Right-of-Way,4421790,23.9,11.3,0.0,0.0,0.0,0.0,3,19.2,38.5,174,Overcast,0,0,
25270,2021-05-21 20:00:00,40.626377,-73.910805,1,0,Unspecified,4421768,23.9,11.3,0.0,0.0,0.0,0.0,3,19.2,38.5,174,Overcast,1,1,
25271,2021-05-25 07:41:00,40.72752,-73.981445,0,0,Driver Inattention/Distraction,4422023,21.9,13.0,0.0,0.0,0.0,0.0,3,24.3,47.9,182,Overcast,0,0,
25272,2021-05-28 12:44:00,40.707623,-73.962135,0,0,Backing Unsafely,4421751,19.4,10.6,25.0,25.0,0.0,8.0,63,25.6,47.9,62,Rain: Moderate,0,0,
25273,2021-05-27 05:46:00,40.64737,-74.00651,0,0,Driver Inattention/Distraction,4420992,27.4,18.3,2.4,2.4,0.0,3.0,61,23.5,42.1,313,Rain: Light,0,0,
25274,2021-05-25 16:00:00,40.84394,-73.93903,0,0,Failure to Yield Right-of-Way,4421268,21.9,13.0,0.0,0.0,0.0,0.0,3,24.3,47.9,182,Overcast,0,0,
25275,2021-05-27 06:50:00,40.8203,-73.818565,1,0,Glare,4420968,27.4,18.3,2.4,2.4,0.0,3.0,61,23.5,42.1,313,Rain: Light,1,1,
25276,2021-05-28 23:00:00,40.744915,-73.903694,1,0,Driver Inattention/Distraction,4421430,19.4,10.6,25.0,25.0,0.0,8.0,63,25.6,47.9,62,Rain: Moderate,1,1,
25277,2021-05-27 16:25:00,40.833412,-73.859184,0,0,Unspecified,4421253,27.4,18.3,2.4,2.4,0.0,3.0,61,23.5,42.1,313,Rain: Light,0,0,
25278,2021-05-26 01:30:00,40.67244,-73.73534,1,0,Driver Inattention/Distraction,4420757,29.5,17.4,0.1,0.1,0.0,1.0,51,23.4,45.7,210,Drizzle: Light,1,1,
25279,2021-05-27 12:40:00,40.821636,-73.93909,0,0,Passing Too Closely,4421162,27.4,18.3,2.4,2.4,0.0,3.0,61,23.5,42.1,313,Rain: Light,0,0,
25280,2021-05-28 15:10:00,40.79715,-73.97366,0,0,Passing Too Closely,4421359,19.4,10.6,25.0,25.0,0.0,8.0,63,25.6,47.9,62,Rain: Moderate,0,0,
25281,2021-05-27 21:40:00,40.835297,-73.91291,1,0,Unsafe Speed,4421884,27.4,18.3,2.4,2.4,0.0,3.0,61,23.5,42.1,313,Rain: Light,1,1,
25282,2021-05-26 08:05:00,40.602383,-73.75066,0,0,Driver Inattention/Distraction,4420740,29.5,17.4,0.1,0.1,0.0,1.0,51,23.4,45.7,210,Drizzle: Light,0,0,
25283,2023-01-15 17:11:00,40.60954,-73.956505,1,0,Driver Inexperience,4598009,4.7,-2.1,0.0,0.0,0.0,0.0,3,29.5,53.6,354,Overcast,1,1,
25284,2021-05-26 12:12:00,40.851498,-73.88383,0,0,Driver Inattention/Distraction,4420928,29.5,17.4,0.1,0.1,0.0,1.0,51,23.4,45.7,210,Drizzle: Light,0,0,
25285,2021-05-28 22:30:00,40.758972,-73.91901,0,0,Backing Unsafely,4421978,19.4,10.6,25.0,25.0,0.0,8.0,63,25.6,47.9,62,Rain: Moderate,0,0,
25286,2021-05-25 21:42:00,40.644974,-73.92099,0,0,Driver Inattention/Distraction,4421838,21.9,13.0,0.0,0.0,0.0,0.0,3,24.3,47.9,182,Overcast,0,0,
25287,2021-05-27 22:16:00,40.655254,-73.76568,0,0,Unsafe Speed,4421327,27.4,18.3,2.4,2.4,0.0,3.0,61,23.5,42.1,313,Rain: Light,0,0,
25288,2021-05-28 09:30:00,40.69069,-73.91621,0,0,Driver Inexperience,4421298,19.4,10.6,25.0,25.0,0.0,8.0,63,25.6,47.9,62,Rain: Moderate,0,0,
25289,2021-05-27 14:15:00,40.74214,-74.00821,0,0,Following Too Closely,4421620,27.4,18.3,2.4,2.4,0.0,3.0,61,23.5,42.1,313,Rain: Light,0,0,
25290,2021-05-25 15:40:00,40.813374,-73.956276,0,0,Unspecified,4421816,21.9,13.0,0.0,0.0,0.0,0.0,3,24.3,47.9,182,Overcast,0,0,
25291,2021-05-26 17:00:00,40.787548,-73.85054,0,0,Unspecified,4420762,29.5,17.4,0.1,0.1,0.0,1.0,51,23.4,45.7,210,Drizzle: Light,0,0,
25292,2021-05-20 23:13:00,40.751884,-73.88376,0,0,Driver Inattention/Distraction,4422072,22.2,12.5,0.0,0.0,0.0,0.0,3,19.0,38.2,147,Overcast,0,0,
25293,2021-05-27 12:20:00,40.747917,-73.9736,1,0,Driver Inattention/Distraction,4421167,27.4,18.3,2.4,2.4,0.0,3.0,61,23.5,42.1,313,Rain: Light,1,1,
25294,2021-05-21 11:40:00,40.691017,-73.954475,1,0,Failure to Yield Right-of-Way,4421749,23.9,11.3,0.0,0.0,0.0,0.0,3,19.2,38.5,174,Overcast,1,1,
25295,2021-05-28 05:50:00,40.82674,-73.8879,1,0,Unspecified,4421641,19.4,10.6,25.0,25.0,0.0,8.0,63,25.6,47.9,62,Rain: Moderate,1,1,
25296,2021-05-27 14:55:00,40.78994,-73.98036,1,0,Following Too Closely,4421391,27.4,18.3,2.4,2.4,0.0,3.0,61,23.5,42.1,313,Rain: Light,1,1,