,CRASH DATETIME,LATITUDE,LONGITUDE,NUMBER OF PERSONS INJURED,NUMBER OF PERSONS KILLED,CONTRIBUTING FACTOR VEHICLE 1,COLLISION_ID,temperature_2m_max,temperature_2m_min,precipitation_sum,rain_sum,snowfall_sum,precipitation_hours,weather_code,wind_speed_10m_max,wind_gusts_10m_max,wind_direction_10m_dominant,Weather Description,Severity_Score,Total_Affected_Persons,Weather_Category
25297,2021-05-27 15:12:00,40.774113,-73.98863,1,0,Driver Inattention/Distraction,4421521,27.4,18.3,2.4,2.4,0.0,3.0,61,23.5,42.1,313,Rain: Light,1,1,
25298,2021-09-29 14:32:00,0.0,0.0,0,0,Failure to Yield Right-of-Way,4462291,19.9,11.3,0.0,0.0,0.0,0.0,3,20.6,41.8,331,Overcast,0,0,
25299,2021-05-27 20:10:00,40.718636,-73.959015,2,0,Driver Inexperience,4421955,27.4,18.3,2.4,2.4,0.0,3.0,61,23.5,42.1,313,Rain: Light,2,2,
25300,2021-05-27 13:05:00,40.686497,-73.9168,0,0,Driver Inexperience,4421706,27.4,18.3,2.4,2.4,0.0,3.0,61,23.5,42.1,313,Rain: Light,0,0,
25301,2021-04-15 10:30:00,40.761993,-73.942474,0,0,Unspecified,4421959,12.9,7.7,15.9,15.9,0.0,15.0,63,17.3,32.0,166,Rain: Moderate,0,0,
25302,2021-05-28 08:00:00,40.7145,-73.77114,0,0,Passing Too Closely,4421320,19.4,10.6,25.0,25.0,0.0,8.0,63,25.6,47.9,62,Rain: Moderate,0,0,
25303,2021-05-26 17:44:00,40.642384,-73.92539,1,0,Unspecified,4421104,29.5,17.4,0.1,0.1,0.0,1.0,51,23.4,45.7,210,Drizzle: Light,1,1,
25304,2021-05-28 13:00:00,40.700737,-73.99499,0,0,Following Too Closely,4421822,19.4,10.6,25.0,25.0,0.0,8.0,63,25.6,47.9,62,Rain: Moderate,0,0,
25305,2021-05-28 18:50:00,40.596184,-74.00053,0,0,Driver Inattention/Distraction,4421602,19.4,10.6,25.0,25.0,0.0,8.0,63,25.6,47.9,62,Rain: Moderate,0,0,
25306,2021-05-26 10:21:00,40.598156,-73.951195,3,0,Unspecified,4420597,29.5,17.4,0.1,0.1,0.0,1.0,51,23.4,45.7,210,Drizzle: Light,3,3,
25307,2021-05-27 16:40:00,40.624798,-73.96494,0,0,Following Too Closely,4421087,27.4,18.3,2.4,2.4,0.0,3.0,61,23.5,42.1,313,Rain: Light,0,0,
25308,2021-05-26 12:36:00,40.807507,-73.92701,0,0,Driver Inattention/Distraction,4420574,29.5,17.4,0.1,0.1,0.0,1.0,51,23.4,45.7,210,Drizzle: Light,0,0,
25309,2021-05-23 17:30:00,40.644863,-73.91113,0,0,Driver Inattention/Distraction,4421917,31.4,19.8,0.0,0.0,0.0,0.0,3,28.5,54.4,322,Overcast,0,0,
25310,2021-05-26 17:21:00,40.843525,-73.89667,0,0,Failure to Yield Right-of-Way,4420835,29.5,17.4,0.1,0.1,0.0,1.0,51,23.4,45.7,210,Drizzle: Light,0,0,
25311,2021-05-28 15:35:00,40.902157,-73.847626,0,0,Turning Improperly,4421461,19.4,10.6,25.0,25.0,0.0,8.0,63,25.6,47.9,62,Rain: Moderate,0,0,
25312,2021-05-27 17:00:00,40.767693,-73.78181,1,0,Unspecified,4421149,27.4,18.3,2.4,2.4,0.0,3.0,61,23.5,42.1,313,Rain: Light,1,1,
25313,2021-05-27 17:10:00,40.805973,-73.91546,2,0,Pedestrian/Bicyclist/Other Pedestrian Error/Confusion,4421190,27.4,18.3,2.4,2.4,0.0,3.0,61,23.5,42.1,313,Rain: Light,2,2,
25314,2021-05-26 22:31:00,40.767067,-73.87603,0,0,Driver Inattention/Distraction,4420903,29.5,17.4,0.1,0.1,0.0,1.0,51,23.4,45.7,210,Drizzle: Light,0,0,
25315,2021-05-26 16:20:00,40.79356,-73.96702,0,0,Driver Inattention/Distraction,4420677,29.5,17.4,0.1,0.1,0.0,1.0,51,23.4,45.7,210,Drizzle: Light,0,0,
25316,2021-05-26 16:30:00,40.71716,-74.004684,0,0,Following Too Closely,4420778,29.5,17.4,0.1,0.1,0.0,1.0,51,23.4,45.7,210,Drizzle: Light,0,0,
25317,2021-05-28 03:53:00,40.712727,-73.72899,1,0,Reaction to Uninvolved Vehicle,4421438,19.4,10.6,25.0,25.0,0.0,8.0,63,25.6,47.9,62,Rain: Moderate,1,1,
25318,2021-05-27 16:35:00,40.849407,-73.900894,1,0,Failure to Yield Right-of-Way,4421203,27.4,18.3,2.4,2.4,0.0,3.0,61,23.5,42.1,313,Rain: Light,1,1,
25319,2021-09-15 00:00:00,40.752064,-73.97351,0,0,Unspecified,4463050,29.6,20.7,0.3,0.3,0.0,3.0,51,21.6,40.7,192,Drizzle: Light,0,0,
25320,2021-05-26 13:05:00,40.77207,-73.94994,0,0,Failure to Yield Right-of-Way,4420810,29.5,17.4,0.1,0.1,0.0,1.0,51,23.4,45.7,210,Drizzle: Light,0,0,
25321,2021-05-24 12:00:00,40.58464,-73.96017,0,0,Driver Inattention/Distraction,4421573,18.9,13.7,0.0,0.0,0.0,0.0,3,22.4,44.3,126,Overcast,0,0,
25322,2021-05-22 22:26:00,40.573326,-74.002556,1,0,Fatigued/Drowsy,4421669,30.5,16.5,0.0,0.0,0.0,0.0,3,19.1,36.4,299,Overcast,1,1,
25323,2021-05-27 02:00:00,40.82839,-73.89385,0,0,Unspecified,4421663,27.4,18.3,2.4,2.4,0.0,3.0,61,23.5,42.1,313,Rain: Light,0,0,
25324,2021-05-26 08:36:00,40.767673,-73.98306,1,0,Backing Unsafely,4420561,29.5,17.4,0.1,0.1,0.0,1.0,51,23.4,45.7,210,Drizzle: Light,1,1,
25325,2021-05-28 11:50:00,40.717518,-73.99832,0,0,Passing Too Closely,4422034,19.4,10.6,25.0,25.0,0.0,8.0,63,25.6,47.9,62,Rain: Moderate,0,0,
25326,2021-09-28 18:29:00,40.661835,-73.893105,1,0,Failure to Yield Right-of-Way,4463767,22.1,16.3,12.4,12.4,0.0,9.0,63,19.2,38.5,264,Rain: Moderate,1,1,
25327,2021-05-28 11:50:00,40.664337,-73.813156,0,0,Driver Inattention/Distraction,4421371,19.4,10.6,25.0,25.0,0.0,8.0,63,25.6,47.9,62,Rain: Moderate,0,0,
25328,2021-05-26 09:45:00,40.67834,-73.95521,0,0,Brakes Defective,4421063,29.5,17.4,0.1,0.1,0.0,1.0,51,23.4,45.7,210,Drizzle: Light,0,0,
25329,2021-05-26 19:45:00,40.79599,-73.96896,1,0,Failure to Yield Right-of-Way,4420687,29.5,17.4,0.1,0.1,0.0,1.0,51,23.4,45.7,210,Drizzle: Light,1,1,
25330,2021-05-28 11:09:00,40.652462,-73.92285,2,0,Unspecified,4421852,19.4,10.6,25.0,25.0,0.0,8.0,63,25.6,47.9,62,Rain: Moderate,2,2,
25331,2021-05-27 13:41:00,40.666435,-73.83478,0,0,Unsafe Lane Changing,4421177,27.4,18.3,2.4,2.4,0.0,3.0,61,23.5,42.1,313,Rain: Light,0,0,
25332,2021-05-27 10:53:00,40.735855,-73.99325,1,0,Pedestrian/Bicyclist/Other Pedestrian Error/Confusion,4420972,27.4,18.3,2.4,2.4,0.0,3.0,61,23.5,42.1,313,Rain: Light,1,1,
25333,2021-05-26 12:40:00,40.675076,-73.98801,0,0,Passing or Lane Usage Improper,4420988,29.5,17.4,0.1,0.1,0.0,1.0,51,23.4,45.7,210,Drizzle: Light,0,0,
25334,2021-05-19 10:00:00,40.745228,-73.882576,0,0,Driver Inattention/Distraction,4421236,28.2,13.6,0.0,0.0,0.0,0.0,3,19.6,40.3,337,Overcast,0,0,
25335,2021-05-28 09:30:00,40.871494,-73.88868,0,0,Unspecified,4421313,19.4,10.6,25.0,25.0,0.0,8.0,63,25.6,47.9,62,Rain: Moderate,0,0,
25336,2021-05-26 18:20:00,40.73701,-73.98465,0,0,Driver Inattention/Distraction,4420932,29.5,17.4,0.1,0.1,0.0,1.0,51,23.4,45.7,210,Drizzle: Light,0,0,
25337,2021-05-25 06:41:00,40.71957,-73.890945,0,0,Backing Unsafely,4421479,21.9,13.0,0.0,0.0,0.0,0.0,3,24.3,47.9,182,Overcast,0,0,
25338,2021-05-24 07:50:00,40.691074,-73.88733,0,0,Tire Failure/Inadequate,4421876,18.9,13.7,0.0,0.0,0.0,0.0,3,22.4,44.3,126,Overcast,0,0,
25339,2021-05-27 10:37:00,40.6952,-73.92844,0,0,Unspecified,4421281,27.4,18.3,2.4,2.4,0.0,3.0,61,23.5,42.1,313,Rain: Light,0,0,
25340,2021-05-28 23:57:00,40.767612,-73.950005,3,0,Pavement Slippery,4421625,19.4,10.6,25.0,25.0,0.0,8.0,63,25.6,47.9,62,Rain: Moderate,3,3,
25341,2021-05-27 09:50:00,40.82466,-73.870804,1,0,Unspecified,4421029,27.4,18.3,2.4,2.4,0.0,3.0,61,23.5,42.1,313,Rain: Light,1,1,
25342,2021-05-27 15:00:00,40.777874,-73.95175,0,0,Driver Inattention/Distraction,4421182,27.4,18.3,2.4,2.4,0.0,3.0,61,23.5,42.1,313,Rain: Light,0,0,
25343,2021-05-28 23:15:00,40.74005,-73.86622,0,0,Traffic Control Disregarded,4421826,19.4,10.6,25.0,25.0,0.0,8.0,63,25.6,47.9,62,Rain: Moderate,0,0,
25344,2021-05-20 08:30:00,40.639507,-73.896034,1,0,Unspecified,4421730,22.2,12.5,0.0,0.0,0.0,0.0,3,19.0,38.2,147,Overcast,1,1,
25345,2021-05-24 14:00:00,40.636078,-74.019714,0,0,Driver Inattention/Distraction,4421497,18.9,13.7,0.0,0.0,0.0,0.0,3,22.4,44.3,126,Overcast,0,0,
25346,2021-05-26 09:00:00,40.652454,-73.92535,1,0,Unsafe Speed,4421142,29.5,17.4,0.1,0.1,0.0,1.0,51,23.4,45.7,210,Drizzle: Light,1,1,
25347,2021-05-27 08:20:00,40.67667,-73.790665,0,0,Passing or Lane Usage Improper,4421352,27.4,18.3,2.4,2.4,0.0,3.0,61,23.5,42.1,313,Rain: Light,0,0,
25348,2021-05-27 01:55:00,40.746185,-73.92949,1,0,Driver Inattention/Distraction,4420732,27.4,18.3,2.4,2.4,0.0,3.0,61,23.5,42.1,313,Rain: Light,1,1,
25349,2021-05-24 21:30:00,40.74198,-73.82475,0,0,Passing or Lane Usage Improper,4421547,18.9,13.7,0.0,0.0,0.0,0.0,3,22.4,44.3,126,Overcast,0,0,
25350,2021-05-27 15:00:00,40.85543,-73.84388,1,0,Reaction to Uninvolved Vehicle,4421057,27.4,18.3,2.4,2.4,0.0,3.0,61,23.5,42.1,313,Rain: Light,1,1,
25351,2021-05-27 18:00:00,40.712173,-73.78897,1,0,Following Too Closely,4421083,27.4,18.3,2.4,2.4,0.0,3.0,61,23.5,42.1,313,Rain: Light,1,1,
25352,2021-05-25 07:50:00,40.712357,-74.0009,0,0,Unspecified,4422050,21.9,13.0,0.0,0.0,0.0,0.0,3,24.3,47.9,182,Overcast,0,0,
25353,2021-05-28 15:18:00,40.58613,-73.95011,0,0,Unspecified,4421608,19.4,10.6,25.0,25.0,0.0,8.0,63,25.6,47.9,62,Rain: Moderate,0,0,
25354,2021-05-27 16:23:00,40.63258,-74.021385,0,0,Driver Inexperience,4421099,27.4,18.3,2.4,2.4,0.0,3.0,61,23.5,42.1,313,Rain: Light,0,0,
25355,2021-05-27 19:00:00,40.7487,-73.86916,0,0,Unspecified,4421235,27.4,18.3,2.4,2.4,0.0,3.0,61,23.5,42.1,313,Rain: Light,0,0,
25356,2021-05-28 13:30:00,40.640175,-74.08852,0,0,Unspecified,4421731,19.4,10.6,25.0,25.0,0.0,8.0,63,25.6,47.9,62,Rain: Moderate,0,0,
25357,2021-05-27 08:50:00,40.784184,-73.83641,0,0,Turning Improperly,4421213,27.4,18.3,2.4,2.4,0.0,3.0,61,23.5,42.1,313,Rain: Light,0,0,
25358,2021-05-26 05:10:00,40.659023,-73.749176,0,0,Alcohol Involvement,4420589,29.5,17.4,0.1,0.1,0.0,1.0,51,23.4,45.7,210,Drizzle: Light,0,0,
25359,2021-05-27 13:30:00,40.759296,-73.91968,1,0,Backing Unsafely,4421966,27.4,18.3,2.4,2.4,0.0,3.0,61,23.5,42.1,313,Rain: Light,1,1,
25360,2021-05-27 15:57:00,40.689877,-73.80499,0,0,Unsafe Speed,4421923,27.4,18.3,2.4,2.4,0.0,3.0,61,23.5,42.1,313,Rain: Light,0,0,
25361,2021-05-26 19:41:00,40.667168,-73.88087,1,0,Unspecified,4420878,29.5,17.4,0.1,0.1,0.0,1.0,51,23.4,45.7,210,Drizzle: Light,1,1,
25362,2021-05-28 14:43:00,40.623253,-74.08383,0,0,Driver Inattention/Distraction,4421733,19.4,10.6,25.0,25.0,0.0,8.0,63,25.6,47.9,62,Rain: Moderate,0,0,
25363,2021-05-26 00:00:00,40.64286,-73.91519,0,0,Unspecified,4421013,29.5,17.4,0.1,0.1,0.0,1.0,51,23.4,45.7,210,Drizzle: Light,0,0,
25364,2021-05-26 14:15:00,40.669857,-73.95051,0,0,Driver Inattention/Distraction,4420820,29.5,17.4,0.1,0.1,0.0,1.0,51,23.4,45.7,210,Drizzle: Light,0,0,
25365,2021-05-26 12:08:00,40.8315,-73.85096,0,0,Driver Inattention/Distraction,4420579,29.5,17.4,0.1,0.1,0.0,1.0,51,23.4,45.7,210,Drizzle: Light,0,0,
25366,2021-05-26 10:02:00,40.665043,-73.9115,0,0,Unspecified,4420631,29.5,17.4,0.1,0.1,0.0,1.0,51,23.4,45.7,210,Drizzle: Light,0,0,
25367,2021-05-27 15:00:00,40.680824,-73.91264,0,0,Unspecified,4421711,27.4,18.3,2.4,2.4,0.0,3.0,61,23.5,42.1,313,Rain: Light,0,0,
25368,2021-05-27 11:30:00,40.832314,-73.93161,0,0,Passing Too Closely,4421208,27.4,18.3,2.4,2.4,0.0,3.0,61,23.5,42.1,313,Rain: Light,0,0,
25369,2021-05-23 16:25:00,40.69822,-73.943954,0,0,Unspecified,4421763,31.4,19.8,0.0,0.0,0.0,0.0,3,28.5,54.4,322,Overcast,0,0,
25370,2021-05-26 22:01:00,40.63007,-74.159325,0,0,Unspecified,4420908,29.5,17.4,0.1,0.1,0.0,1.0,51,23.4,45.7,210,Drizzle: Light,0,0,
25371,2021-05-26 17:00:00,40.606964,-73.76077,0,0,Passing or Lane Usage Improper,4420896,29.5,17.4,0.1,0.1,0.0,1.0,51,23.4,45.7,210,Drizzle: Light,0,0,
25372,2021-05-26 05:50:00,40.70703,-73.909325,0,0,Failure to Yield Right-of-Way,4420550,29.5,17.4,0.1,0.1,0.0,1.0,51,23.4,45.7,210,Drizzle: Light,0,0,
25373,2021-05-27 17:00:00,40.609627,-74.14955,0,0,Driver Inattention/Distraction,4421225,27.4,18.3,2.4,2.4,0.0,3.0,61,23.5,42.1,313,Rain: Light,0,0,
25374,2021-05-27 14:00:00,40.59098,-73.98963,0,0,Driver Inattention/Distraction,4421673,27.4,18.3,2.4,2.4,0.0,3.0,61,23.5,42.1,313,Rain: Light,0,0,
25375,2021-05-24 13:30:00,40.700726,-73.94194,1,0,Unsafe Speed,4421776,18.9,13.7,0.0,0.0,0.0,0.0,3,22.4,44.3,126,Overcast,1,1,
25376,2021-05-27 12:11:00,40.85979,-73.847725,0,0,Unspecified,4421035,27.4,18.3,2.4,2.4,0.0,3.0,61,23.5,42.1,313,Rain: Light,0,0,
25377,2021-12-27 02:26:00,40.653595,-73.9341,2,0,Unspecified,4489870,2.7,-1.4,2.1,0.8,0.91,5.0,73,13.5,23.0,10,Snow fall: Moderate,2,2,Snowy Conditions
25378,2021-05-27 16:15:00,40.670864,-73.81207,0,0,Failure to Yield Right-of-Way,4421172,27.4,18.3,2.4,2.4,0.0,3.0,61,23.5,42.1,313,Rain: Light,0,0,
25379,2021-05-22 03:55:00,40.822834,-73.941925,0,0,Driver Inattention/Distraction,4421580,30.5,16.5,0.0,0.0,0.0,0.0,3,19.1,36.4,299,Overcast,0,0,
25380,2021-05-26 14:00:00,40.720165,-73.844795,0,0,Failure to Yield Right-of-Way,4421367,29.5,17.4,0.1,0.1,0.0,1.0,51,23.4,45.7,210,Drizzle: Light,0,0,
25381,2021-05-27 12:15:00,40.618958,-74.02404,0,0,Following Too Closely,4421088,27.4,18.3,2.4,2.4,0.0,3.0,61,23.5,42.1,313,Rain: Light,0,0,
25382,2021-05-26 17:25:00,40.84253,-73.8529,1,0,Driver Inattention/Distraction,4420935,29.5,17.4,0.1,0.1,0.0,1.0,51,23.4,45.7,210,Drizzle: Light,1,1,
25383,2021-05-27 18:45:00,40.664017,-73.7686,1,0,Driver Inattention/Distraction,4421112,27.4,18.3,2.4,2.4,0.0,3.0,61,23.5,42.1,313,Rain: Light,1,1,
25384,2021-05-27 00:30:00,40.65616,-73.76736,0,0,Failure to Yield Right-of-Way,4420765,27.4,18.3,2.4,2.4,0.0,3.0,61,23.5,42.1,313,Rain: Light,0,0,
25385,2021-05-26 00:30:00,40.617287,-73.97786,3,0,Unspecified,4420976,29.5,17.4,0.1,0.1,0.0,1.0,51,23.4,45.7,210,Drizzle: Light,3,3,
25386,2021-05-27 07:45:00,40.828613,-73.943855,0,0,Driver Inexperience,4420980,27.4,18.3,2.4,2.4,0.0,3.0,61,23.5,42.1,313,Rain: Light,0,0,
25387,2021-05-26 10:00:00,40.65433,-74.00742,1,0,Following Too Closely,4421076,29.5,17.4,0.1,0.1,0.0,1.0,51,23.4,45.7,210,Drizzle: Light,1,1,
25388,2021-05-26 17:40:00,40.705887,-73.94297,0,0,Failure to Yield Right-of-Way,4420793,29.5,17.4,0.1,0.1,0.0,1.0,51,23.4,45.7,210,Drizzle: Light,0,0,
25389,2021-05-26 18:46:00,40.810368,-73.95375,0,0,Unspecified,4421858,29.5,17.4,0.1,0.1,0.0,1.0,51,23.4,45.7,210,Drizzle: Light,0,0,
25390,2021-05-25 15:15:00,40.616707,-73.97846,1,0,Unspecified,4421688,21.9,13.0,0.0,0.0,0.0,0.0,3,24.3,47.9,182,Overcast,1,1,
25391,2021-05-26 22:00:00,40.708782,-73.94344,1,0,Traffic Control Disregarded,4420806,29.5,17.4,0.1,0.1,0.0,1.0,51,23.4,45.7,210,Drizzle: Light,1,1,
25392,2021-05-27 20:10:00,40.66435,-73.92906,1,0,Driver Inattention/Distraction,4421134,27.4,18.3,2.4,2.4,0.0,3.0,61,23.5,42.1,313,Rain: Light,1,1,
25393,2021-05-22 08:00:00,40.699314,-73.83157,0,0,Turning Improperly,4421309,30.5,16.5,0.0,0.0,0.0,0.0,3,19.1,36.4,299,Overcast,0,0,
25394,2021-05-27 11:51:00,40.719395,-74.00189,0,0,Unspecified,4421020,27.4,18.3,2.4,2.4,0.0,3.0,61,23.5,42.1,313,Rain: Light,0,0,
25395,2021-05-27 12:42:00,40.815304,-73.94371,0,0,Turning Improperly,4421157,27.4,18.3,2.4,2.4,0.0,3.0,61,23.5,42.1,313,Rain: Light,0,0,
25396,2021-05-26 20:30:00,40.68213,-73.8457,0,0,Passing or Lane Usage Improper,4420729,29.5,17.4,0.1,0.1,0.0,1.0,51,23.4,45.7,210,Drizzle: Light,0,0,
25397,2021-05-28 09:05:00,40.64194,-73.982735,0,0,Driver Inattention/Distraction,4421696,19.4,10.6,25.0,25.0,0.0,8.0,63,25.6,47.9,62,Rain: Moderate,0,0,
25398,2021-05-26 18:38:00,40.709896,-73.83941,1,0,Following Too Closely,4420915,29.5,17.4,0.1,0.1,0.0,1.0,51,23.4,45.7,210,Drizzle: Light,1,1,
25399,2021-05-27 18:30:00,40.662407,-73.96516,2,0,Pedestrian/Bicyclist/Other Pedestrian Error/Confusion,4421240,27.4,18.3,2.4,2.4,0.0,3.0,61,23.5,42.1,313,Rain: Light,2,2,
25400,2021-05-28 23:00:00,40.747032,-73.87937,0,0,Following Too Closely,4421824,19.4,10.6,25.0,25.0,0.0,8.0,63,25.6,47.9,62,Rain: Moderate,0,0,
25401,2021-05-27 11:40:00,40.83801,-73.87329,0,0,Following Too Closely,4421277,27.4,18.3,2.4,2.4,0.0,3.0,61,23.5,42.1,313,Rain: Light,0,0,
25402,2021-05-14 14:00:00,40.636806,-73.96425,1,0,Unspecified,4421637,21.6,7.5,0.0,0.0,0.0,0.0,2,14.3,25.2,276,Partly cloudy,1,1,
25403,2021-05-27 12:45:00,40.844055,-73.88837,0,0,Driver Inattention/Distraction,4421475,27.4,18.3,2.4,2.4,0.0,3.0,61,23.5,42.1,313,Rain: Light,0,0,
25404,2021-05-26 15:34:00,40.85061,-73.913826,0,0,Driver Inattention/Distraction,4421202,29.5,17.4,0.1,0.1,0.0,1.0,51,23.4,45.7,210,Drizzle: Light,0,0,
25405,2021-05-27 19:35:00,40.875496,-73.92628,0,0,Unspecified,4421726,27.4,18.3,2.4,2.4,0.0,3.0,61,23.5,42.1,313,Rain: Light,0,0,
25406,2021-05-27 15:30:00,40.71453,-73.9444,0,0,Turning Improperly,4421954,27.4,18.3,2.4,2.4,0.0,3.0,61,23.5,42.1,313,Rain: Light,0,0,
25407,2021-05-24 16:39:00,40.640263,-74.019035,0,0,Unspecified,4421441,18.9,13.7,0.0,0.0,0.0,0.0,3,22.4,44.3,126,Overcast,0,0,
25408,2021-05-27 08:20:00,40.675095,-73.72715,1,0,Pedestrian/Bicyclist/Other Pedestrian Error/Confusion,4421335,27.4,18.3,2.4,2.4,0.0,3.0,61,23.5,42.1,313,Rain: Light,1,1,
25409,2021-05-28 21:50:00,40.781666,-73.986694,0,0,Driver Inattention/Distraction,4421518,19.4,10.6,25.0,25.0,0.0,8.0,63,25.6,47.9,62,Rain: Moderate,0,0,
25410,2021-05-24 14:26:00,40.735928,-73.8921,0,0,Driver Inattention/Distraction,4421558,18.9,13.7,0.0,0.0,0.0,0.0,3,22.4,44.3,126,Overcast,0,0,
25411,2021-09-30 23:20:00,40.81914,-73.93719,0,0,Driver Inattention/Distraction,4463842,18.8,13.1,0.0,0.0,0.0,0.0,3,18.1,37.4,330,Overcast,0,0,
25412,2021-05-26 12:57:00,40.783245,-73.94473,0,0,Passing or Lane Usage Improper,4420749,29.5,17.4,0.1,0.1,0.0,1.0,51,23.4,45.7,210,Drizzle: Light,0,0,
25413,2021-05-28 12:15:00,40.61196,-73.96816,0,0,Unspecified,4421681,19.4,10.6,25.0,25.0,0.0,8.0,63,25.6,47.9,62,Rain: Moderate,0,0,
25414,2021-05-26 11:09:00,40.711082,-73.77798,0,0,Turning Improperly,4421047,29.5,17.4,0.1,0.1,0.0,1.0,51,23.4,45.7,210,Drizzle: Light,0,0,
25415,2021-05-20 13:15:00,40.757908,-73.9893,0,0,Driver Inattention/Distraction,4421873,22.2,12.5,0.0,0.0,0.0,0.0,3,19.0,38.2,147,Overcast,0,0,
25416,2021-05-27 09:05:00,40.815918,-73.82164,0,0,Unspecified,4421195,27.4,18.3,2.4,2.4,0.0,3.0,61,23.5,42.1,313,Rain: Light,0,0,
25417,2021-05-28 06:43:00,40.848038,-73.93285,0,0,Unspecified,4421740,19.4,10.6,25.0,25.0,0.0,8.0,63,25.6,47.9,62,Rain: Moderate,0,0,
25418,2021-05-27 10:27:00,40.61042,-73.98212,0,0,Passing or Lane Usage Improper,4421586,27.4,18.3,2.4,2.4,0.0,3.0,61,23.5,42.1,313,Rain: Light,0,0,
25419,2021-05-28 08:15:00,40.62979,-74.015495,1,0,Following Too Closely,4421267,19.4,10.6,25.0,25.0,0.0,8.0,63,25.6,47.9,62,Rain: Moderate,1,1,
25420,2021-05-27 01:35:00,40.609047,-74.062935,0,0,Driver Inattention/Distraction,4421118,27.4,18.3,2.4,2.4,0.0,3.0,61,23.5,42.1,313,Rain: Light,0,0,
25421,2021-05-28 10:15:00,40.579002,-73.83783,0,0,Other Vehicular,4421378,19.4,10.6,25.0,25.0,0.0,8.0,63,25.6,47.9,62,Rain: Moderate,0,0,
25422,2021-05-27 18:30:00,40.748955,-73.87136,1,0,Other Vehicular,4421230,27.4,18.3,2.4,2.4,0.0,3.0,61,23.5,42.1,313,Rain: Light,1,1,
25423,2021-05-28 18:15:00,40.665257,-73.739555,1,0,Driver Inattention/Distraction,4421399,19.4,10.6,25.0,25.0,0.0,8.0,63,25.6,47.9,62,Rain: Moderate,1,1,
25424,2021-05-28 13:40:00,40.5832,-73.97304,0,0,Alcohol Involvement,4421453,19.4,10.6,25.0,25.0,0.0,8.0,63,25.6,47.9,62,Rain: Moderate,0,0,
25425,2021-05-23 21:15:00,40.820095,-73.955086,1,0,Following Too Closely,4421262,31.4,19.8,0.0,0.0,0.0,0.0,3,28.5,54.4,322,Overcast,1,1,
25426,2021-05-28 04:55:00,40.65621,-73.914665,2,0,Traffic Control Device Improper/Non-Working,4421846,19.4,10.6,25.0,25.0,0.0,8.0,63,25.6,47.9,62,Rain: Moderate,2,2,
25427,2021-05-28 11:30:00,40.721024,-73.981094,0,0,Unspecified,4422024,19.4,10.6,25.0,25.0,0.0,8.0,63,25.6,47.9,62,Rain: Moderate,0,0,
25428,2021-05-28 21:30:00,40.703342,-73.80021,1,0,Unspecified,4421562,19.4,10.6,25.0,25.0,0.0,8.0,63,25.6,47.9,62,Rain: Moderate,1,1,
25429,2021-05-27 11:40:00,40.84999,-73.93866,0,0,Unspecified,4421715,27.4,18.3,2.4,2.4,0.0,3.0,61,23.5,42.1,313,Rain: Light,0,0,
25430,2021-05-26 13:10:00,40.631687,-73.975174,1,0,Driver Inattention/Distraction,4420801,29.5,17.4,0.1,0.1,0.0,1.0,51,23.4,45.7,210,Drizzle: Light,1,1,
25431,2021-05-26 09:30:00,40.603268,-73.947266,0,0,Unspecified,4420626,29.5,17.4,0.1,0.1,0.0,1.0,51,23.4,45.7,210,Drizzle: Light,0,0,
25432,2021-05-26 08:09:00,40.696175,-73.98036,0,0,Driver Inattention/Distraction,4420535,29.5,17.4,0.1,0.1,0.0,1.0,51,23.4,45.7,210,Drizzle: Light,0,0,
25433,2021-05-26 21:00:00,40.66384,-73.8784,0,0,Unspecified,4420864,29.5,17.4,0.1,0.1,0.0,1.0,51,23.4,45.7,210,Drizzle: Light,0,0,
25434,2021-05-26 23:40:00,40.82615,-73.87766,0,0,Failure to Yield Right-of-Way,4420923,29.5,17.4,0.1,0.1,0.0,1.0,51,23.4,45.7,210,Drizzle: Light,0,0,
25435,2021-05-28 18:20:00,40.71337,-73.934814,0,0,Passing or Lane Usage Improper,4421757,19.4,10.6,25.0,25.0,0.0,8.0,63,25.6,47.9,62,Rain: Moderate,0,0,
25436,2021-05-26 19:45:00,40.717014,-73.82971,3,0,Brakes Defective,4420712,29.5,17.4,0.1,0.1,0.0,1.0,51,23.4,45.7,210,Drizzle: Light,3,3,
25437,2021-05-28 17:00:00,40.666573,-73.811775,1,0,Following Too Closely,4421995,19.4,10.6,25.0,25.0,0.0,8.0,63,25.6,47.9,62,Rain: Moderate,1,1,
25438,2021-10-01 13:20:00,40.579803,-73.97184,0,0,Other Vehicular,4463443,19.4,9.5,0.0,0.0,0.0,0.0,0,13.8,28.1,302,Clear sky,0,0,Sunny/Clear Conditions
25439,2021-05-26 17:05:00,40.762016,-73.89656,0,0,Unspecified,4420891,29.5,17.4,0.1,0.1,0.0,1.0,51,23.4,45.7,210,Drizzle: Light,0,0,
25440,2021-05-27 06:15:00,40.801754,-73.93121,1,0,Turning Improperly,4421039,27.4,18.3,2.4,2.4,0.0,3.0,61,23.5,42.1,313,Rain: Light,1,1,