,CRASH DATETIME,LATITUDE,LONGITUDE,NUMBER OF PERSONS INJURED,NUMBER OF PERSONS KILLED,CONTRIBUTING FACTOR VEHICLE 1,COLLISION_ID,temperature_2m_max,temperature_2m_min,precipitation_sum,rain_sum,snowfall_sum,precipitation_hours,weather_code,wind_speed_10m_max,wind_gusts_10m_max,wind_direction_10m_dominant,Weather Description,Severity_Score,Total_Affected_Persons,Weather_Category
25441,2021-05-15 23:10:00,40.814526,-73.9116,0,0,Unspecified,4421509,22.4,8.7,0.0,0.0,0.0,0.0,3,12.5,23.8,229,Overcast,0,0,
25442,2021-05-25 15:00:00,40.672318,-73.977066,0,0,Passing or Lane Usage Improper,4421245,21.9,13.0,0.0,0.0,0.0,0.0,3,24.3,47.9,182,Overcast,0,0,
25443,2021-05-27 20:15:00,40.69423,-73.94608,1,0,Illnes,4421783,27.4,18.3,2.4,2.4,0.0,3.0,61,23.5,42.1,313,Rain: Light,1,1,
25444,2021-05-26 22:17:00,40.84247,-73.89232,0,0,Driver Inattention/Distraction,4421304,29.5,17.4,0.1,0.1,0.0,1.0,51,23.4,45.7,210,Drizzle: Light,0,0,
25445,2021-05-27 15:15:00,40.755756,-73.96479,1,0,Driver Inattention/Distraction,4421168,27.4,18.3,2.4,2.4,0.0,3.0,61,23.5,42.1,313,Rain: Light,1,1,
25446,2021-05-28 12:55:00,40.625027,-74.02744,0,0,Failure to Yield Right-of-Way,4421410,19.4,10.6,25.0,25.0,0.0,8.0,63,25.6,47.9,62,Rain: Moderate,0,0,
25447,2021-05-26 07:15:00,40.716084,-73.9872,0,0,Passing or Lane Usage Improper,4420772,29.5,17.4,0.1,0.1,0.0,1.0,51,23.4,45.7,210,Drizzle: Light,0,0,
25448,2021-05-27 09:25:00,40.6332,-74.01034,1,0,Unspecified,4420998,27.4,18.3,2.4,2.4,0.0,3.0,61,23.5,42.1,313,Rain: Light,1,1,
25449,2021-05-26 13:00:00,40.839348,-73.84362,1,0,Unspecified,4420964,29.5,17.4,0.1,0.1,0.0,1.0,51,23.4,45.7,210,Drizzle: Light,1,1,
25450,2021-05-27 14:52:00,40.671326,-73.798225,1,0,Aggressive Driving/Road Rage,4421107,27.4,18.3,2.4,2.4,0.0,3.0,61,23.5,42.1,313,Rain: Light,1,1,
25451,2021-04-28 12:15:00,40.695457,-73.80536,0,0,Driver Inattention/Distraction,4421289,26.1,7.9,0.0,0.0,0.0,0.0,3,15.3,34.6,133,Overcast,0,0,
25452,2021-05-24 18:23:00,40.61149,-73.972404,0,0,Driver Inattention/Distraction,4421691,18.9,13.7,0.0,0.0,0.0,0.0,3,22.4,44.3,126,Overcast,0,0,
25453,2021-05-27 09:50:00,40.63854,-74.107346,0,0,Driver Inattention/Distraction,4421127,27.4,18.3,2.4,2.4,0.0,3.0,61,23.5,42.1,313,Rain: Light,0,0,
25454,2021-05-26 00:55:00,40.737694,-73.88224,0,0,Traffic Control Disregarded,4420788,29.5,17.4,0.1,0.1,0.0,1.0,51,23.4,45.7,210,Drizzle: Light,0,0,
25455,2021-05-27 20:22:00,40.843494,-73.93912,0,0,Failure to Yield Right-of-Way,4421272,27.4,18.3,2.4,2.4,0.0,3.0,61,23.5,42.1,313,Rain: Light,0,0,
25456,2021-05-28 10:45:00,40.671337,-73.9448,0,0,Driver Inattention/Distraction,4421904,19.4,10.6,25.0,25.0,0.0,8.0,63,25.6,47.9,62,Rain: Moderate,0,0,
25457,2021-05-26 10:00:00,40.663403,-73.99835,0,0,Unspecified,4421152,29.5,17.4,0.1,0.1,0.0,1.0,51,23.4,45.7,210,Drizzle: Light,0,0,
25458,2021-05-26 20:00:00,40.743374,-73.92056,0,0,Driver Inattention/Distraction,4420733,29.5,17.4,0.1,0.1,0.0,1.0,51,23.4,45.7,210,Drizzle: Light,0,0,
25459,2021-05-28 15:46:00,40.825424,-73.923485,1,0,Turning Improperly,4421890,19.4,10.6,25.0,25.0,0.0,8.0,63,25.6,47.9,62,Rain: Moderate,1,1,
25460,2021-05-27 17:18:00,40.766685,-73.892136,0,0,Unspecified,4422071,27.4,18.3,2.4,2.4,0.0,3.0,61,23.5,42.1,313,Rain: Light,0,0,
25461,2021-05-27 08:00:00,0.0,0.0,0,0,Unspecified,4421865,27.4,18.3,2.4,2.4,0.0,3.0,61,23.5,42.1,313,Rain: Light,0,0,
25462,2021-05-27 18:30:00,40.82324,-73.88856,0,0,Failure to Yield Right-of-Way,4421092,27.4,18.3,2.4,2.4,0.0,3.0,61,23.5,42.1,313,Rain: Light,0,0,
25463,2021-05-24 13:06:00,40.709515,-73.89878,1,0,Driver Inattention/Distraction,4421469,18.9,13.7,0.0,0.0,0.0,0.0,3,22.4,44.3,126,Overcast,1,1,
25464,2021-05-28 12:15:00,40.71137,-74.00862,0,0,Unspecified,4421346,19.4,10.6,25.0,25.0,0.0,8.0,63,25.6,47.9,62,Rain: Moderate,0,0,
25465,2021-05-26 19:00:00,40.84309,-73.86536,0,0,Unspecified,4420943,29.5,17.4,0.1,0.1,0.0,1.0,51,23.4,45.7,210,Drizzle: Light,0,0,
25466,2021-05-28 07:15:00,40.83451,-73.88526,0,0,Backing Unsafely,4421648,19.4,10.6,25.0,25.0,0.0,8.0,63,25.6,47.9,62,Rain: Moderate,0,0,
25467,2021-05-28 08:46:00,40.65484,-73.9597,1,0,Driver Inattention/Distraction,4421363,19.4,10.6,25.0,25.0,0.0,8.0,63,25.6,47.9,62,Rain: Moderate,1,1,
25468,2021-05-27 16:00:00,40.690926,-73.92066,1,0,Following Too Closely,4421448,27.4,18.3,2.4,2.4,0.0,3.0,61,23.5,42.1,313,Rain: Light,1,1,
25469,2021-05-27 16:14:00,40.73305,-74.00642,1,0,Driver Inattention/Distraction,4421615,27.4,18.3,2.4,2.4,0.0,3.0,61,23.5,42.1,313,Rain: Light,1,1,
25470,2021-05-27 22:00:00,40.675117,-74.00962,3,0,Unspecified,4421488,27.4,18.3,2.4,2.4,0.0,3.0,61,23.5,42.1,313,Rain: Light,3,3,
25471,2021-05-26 22:48:00,40.82465,-73.94623,4,0,Driver Inattention/Distraction,4421294,29.5,17.4,0.1,0.1,0.0,1.0,51,23.4,45.7,210,Drizzle: Light,4,4,
25472,2021-05-27 09:45:00,40.72349,-73.87136,1,0,Failure to Yield Right-of-Way,4420954,27.4,18.3,2.4,2.4,0.0,3.0,61,23.5,42.1,313,Rain: Light,1,1,
25473,2021-05-16 14:30:00,40.78577,-73.97459,1,0,Traffic Control Disregarded,4421395,22.3,10.7,0.1,0.1,0.0,1.0,51,23.8,46.1,261,Drizzle: Light,1,1,
25474,2021-05-28 07:08:00,40.69874,-73.926315,1,0,Turning Improperly,4421299,19.4,10.6,25.0,25.0,0.0,8.0,63,25.6,47.9,62,Rain: Moderate,1,1,
25475,2021-05-27 16:34:00,40.740364,-73.89972,1,0,Driver Inattention/Distraction,4421163,27.4,18.3,2.4,2.4,0.0,3.0,61,23.5,42.1,313,Rain: Light,1,1,
25476,2021-05-28 16:00:00,40.66929,-73.842445,1,0,Unspecified,4421536,19.4,10.6,25.0,25.0,0.0,8.0,63,25.6,47.9,62,Rain: Moderate,1,1,
25477,2021-05-27 22:30:00,40.7366,-73.98185,1,0,Pedestrian/Bicyclist/Other Pedestrian Error/Confusion,4421799,27.4,18.3,2.4,2.4,0.0,3.0,61,23.5,42.1,313,Rain: Light,1,1,
25478,2021-05-26 11:55:00,40.786,-73.84574,0,0,Failure to Yield Right-of-Way,4420758,29.5,17.4,0.1,0.1,0.0,1.0,51,23.4,45.7,210,Drizzle: Light,0,0,
25479,2021-05-28 15:45:00,40.762157,-73.94962,1,0,Driver Inattention/Distraction,4421971,19.4,10.6,25.0,25.0,0.0,8.0,63,25.6,47.9,62,Rain: Moderate,1,1,
25480,2021-09-19 08:14:00,40.88475,-73.87972,1,0,Unspecified,4463135,23.6,16.8,0.0,0.0,0.0,0.0,2,17.6,35.6,0,Partly cloudy,1,1,
25481,2021-09-30 13:20:00,40.74408,-73.949684,1,0,Driver Inattention/Distraction,4462662,18.8,13.1,0.0,0.0,0.0,0.0,3,18.1,37.4,330,Overcast,1,1,
25482,2021-09-30 03:10:00,40.755882,-73.88234,0,0,Alcohol Involvement,4462432,18.8,13.1,0.0,0.0,0.0,0.0,3,18.1,37.4,330,Overcast,0,0,
25483,2021-10-01 21:00:00,40.74889,-73.94215,0,0,Driver Inattention/Distraction,4463140,19.4,9.5,0.0,0.0,0.0,0.0,0,13.8,28.1,302,Clear sky,0,0,Sunny/Clear Conditions
25484,2021-09-19 20:41:00,40.72032,-73.99405,0,0,Driver Inattention/Distraction,4463467,23.6,16.8,0.0,0.0,0.0,0.0,2,17.6,35.6,0,Partly cloudy,0,0,
25485,2021-09-30 16:10:00,40.696117,-73.905014,0,0,Accelerator Defective,4462824,18.8,13.1,0.0,0.0,0.0,0.0,3,18.1,37.4,330,Overcast,0,0,
25486,2021-10-01 14:55:00,40.771038,-73.83413,0,0,Following Too Closely,4463646,19.4,9.5,0.0,0.0,0.0,0.0,0,13.8,28.1,302,Clear sky,0,0,Sunny/Clear Conditions
25487,2021-09-30 23:06:00,40.617676,-73.9432,0,0,Unspecified,4462723,18.8,13.1,0.0,0.0,0.0,0.0,3,18.1,37.4,330,Overcast,0,0,
25488,2021-09-19 15:46:00,40.69423,-73.94608,1,0,Traffic Control Disregarded,4463585,23.6,16.8,0.0,0.0,0.0,0.0,2,17.6,35.6,0,Partly cloudy,1,1,
25489,2021-10-01 16:45:00,40.6256,-74.15314,0,0,Driver Inattention/Distraction,4463183,19.4,9.5,0.0,0.0,0.0,0.0,0,13.8,28.1,302,Clear sky,0,0,Sunny/Clear Conditions
25490,2021-09-28 07:00:00,40.69969,-73.91557,0,0,Traffic Control Disregarded,4462819,22.1,16.3,12.4,12.4,0.0,9.0,63,19.2,38.5,264,Rain: Moderate,0,0,
25491,2021-09-30 17:00:00,40.767612,-73.950005,0,0,Following Too Closely,4462637,18.8,13.1,0.0,0.0,0.0,0.0,3,18.1,37.4,330,Overcast,0,0,
25492,2021-09-07 01:17:00,40.60567,-74.030945,2,1,Unsafe Speed,4454785,25.9,15.2,0.0,0.0,0.0,0.0,1,12.5,25.6,259,Mainly clear,22,3,Sunny/Clear Conditions
25493,2021-09-30 20:45:00,40.696297,-73.97716,0,0,Following Too Closely,4462704,18.8,13.1,0.0,0.0,0.0,0.0,3,18.1,37.4,330,Overcast,0,0,
25494,2021-09-29 00:30:00,40.659218,-73.89113,0,0,Unspecified,4463713,19.9,11.3,0.0,0.0,0.0,0.0,3,20.6,41.8,331,Overcast,0,0,
25495,2021-09-29 14:06:00,40.88812,-73.84682,1,0,Unspecified,4462260,19.9,11.3,0.0,0.0,0.0,0.0,3,20.6,41.8,331,Overcast,1,1,
25496,2021-10-01 17:10:00,40.649906,-73.886566,1,0,Backing Unsafely,4463811,19.4,9.5,0.0,0.0,0.0,0.0,0,13.8,28.1,302,Clear sky,1,1,Sunny/Clear Conditions
25497,2021-09-29 18:00:00,40.689354,-73.936325,0,0,Unspecified,4462298,19.9,11.3,0.0,0.0,0.0,0.0,3,20.6,41.8,331,Overcast,0,0,
25498,2021-09-30 11:45:00,40.61865,-74.156624,0,0,Driver Inattention/Distraction,4462524,18.8,13.1,0.0,0.0,0.0,0.0,3,18.1,37.4,330,Overcast,0,0,
25499,2021-10-01 23:00:00,40.729176,-73.87898,0,0,Following Too Closely,4463093,19.4,9.5,0.0,0.0,0.0,0.0,0,13.8,28.1,302,Clear sky,0,0,Sunny/Clear Conditions
25500,2021-09-29 23:00:00,40.822834,-73.941925,1,0,Driver Inattention/Distraction,4462473,19.9,11.3,0.0,0.0,0.0,0.0,3,20.6,41.8,331,Overcast,1,1,
25501,2021-09-20 10:30:00,40.614628,-74.004196,0,0,Driver Inexperience,4463304,23.1,14.9,0.0,0.0,0.0,0.0,3,17.0,34.2,116,Overcast,0,0,
25502,2021-09-29 20:00:00,40.734276,-73.8477,1,0,Alcohol Involvement,4462487,19.9,11.3,0.0,0.0,0.0,0.0,3,20.6,41.8,331,Overcast,1,1,
25503,2021-09-17 10:04:00,40.678276,-73.91076,0,0,Unspecified,4462851,23.6,20.1,1.0,1.0,0.0,7.0,51,20.3,38.9,59,Drizzle: Light,0,0,
25504,2021-09-29 11:10:00,40.745327,-73.922066,0,0,Driver Inattention/Distraction,4462175,19.9,11.3,0.0,0.0,0.0,0.0,3,20.6,41.8,331,Overcast,0,0,
25505,2021-10-01 13:52:00,40.71122,-73.72827,1,0,Unspecified,4462995,19.4,9.5,0.0,0.0,0.0,0.0,0,13.8,28.1,302,Clear sky,1,1,Sunny/Clear Conditions
25506,2021-09-30 10:20:00,40.830902,-73.88846,0,0,Unspecified,4462778,18.8,13.1,0.0,0.0,0.0,0.0,3,18.1,37.4,330,Overcast,0,0,
25507,2021-09-30 09:58:00,40.619984,-73.91124,0,0,Following Too Closely,4463157,18.8,13.1,0.0,0.0,0.0,0.0,3,18.1,37.4,330,Overcast,0,0,
25508,2021-09-27 12:00:00,40.63252,-73.99702,0,0,Unspecified,4463393,25.9,14.6,0.0,0.0,0.0,0.0,3,24.1,45.0,233,Overcast,0,0,
25509,2021-09-12 16:42:00,40.82923,-73.87551,1,0,Unspecified,4462873,28.8,18.3,0.0,0.0,0.0,0.0,3,24.3,46.8,233,Overcast,1,1,
25510,2021-09-29 17:50:00,0.0,0.0,2,0,Following Too Closely,4462390,19.9,11.3,0.0,0.0,0.0,0.0,3,20.6,41.8,331,Overcast,2,2,
25511,2021-09-30 15:20:00,40.679863,-73.83884,0,0,Following Too Closely,4462737,18.8,13.1,0.0,0.0,0.0,0.0,3,18.1,37.4,330,Overcast,0,0,
25512,2021-09-03 20:45:00,40.76082,-73.990906,0,0,Unspecified,4462880,21.9,14.0,0.0,0.0,0.0,0.0,3,14.5,30.2,321,Overcast,0,0,
25513,2021-09-25 18:45:00,40.862602,-73.92028,0,0,Unspecified,4462986,22.8,14.0,0.0,0.0,0.0,0.0,3,7.9,15.8,322,Overcast,0,0,
25514,2021-09-27 15:45:00,40.68222,-73.922585,0,0,Driver Inattention/Distraction,4463577,25.9,14.6,0.0,0.0,0.0,0.0,3,24.1,45.0,233,Overcast,0,0,
25515,2021-09-30 12:30:00,40.786808,-73.94524,0,0,Unspecified,4463327,18.8,13.1,0.0,0.0,0.0,0.0,3,18.1,37.4,330,Overcast,0,0,
25516,2021-10-01 04:46:00,40.725243,-73.933914,1,0,Following Too Closely,4462765,19.4,9.5,0.0,0.0,0.0,0.0,0,13.8,28.1,302,Clear sky,1,1,Sunny/Clear Conditions
25517,2021-10-01 23:28:00,40.74128,-73.90257,1,0,Driver Inattention/Distraction,4463053,19.4,9.5,0.0,0.0,0.0,0.0,0,13.8,28.1,302,Clear sky,1,1,Sunny/Clear Conditions
25518,2021-09-26 21:00:00,40.874638,-73.909744,0,0,Unspecified,4462954,21.4,15.6,0.0,0.0,0.0,0.0,3,23.5,45.0,294,Overcast,0,0,
25519,2021-10-01 19:04:00,40.778606,-73.98163,0,0,Traffic Control Disregarded,4463500,19.4,9.5,0.0,0.0,0.0,0.0,0,13.8,28.1,302,Clear sky,0,0,Sunny/Clear Conditions
25520,2021-12-27 20:02:00,40.8494,-73.90304,2,0,View Obstructed/Limited,4490125,2.7,-1.4,2.1,0.8,0.91,5.0,73,13.5,23.0,10,Snow fall: Moderate,2,2,Snowy Conditions
25521,2021-10-01 06:48:00,40.748913,-73.9374,0,0,Driver Inexperience,4463192,19.4,9.5,0.0,0.0,0.0,0.0,0,13.8,28.1,302,Clear sky,0,0,Sunny/Clear Conditions
25522,2021-10-01 02:30:00,40.68846,-73.80878,0,0,Driver Inattention/Distraction,4462735,19.4,9.5,0.0,0.0,0.0,0.0,0,13.8,28.1,302,Clear sky,0,0,Sunny/Clear Conditions
25523,2021-09-30 13:10:00,40.839176,-73.94114,0,0,Driver Inattention/Distraction,4463132,18.8,13.1,0.0,0.0,0.0,0.0,3,18.1,37.4,330,Overcast,0,0,
25524,2021-08-06 08:00:00,40.764435,-73.99512,1,0,Passing Too Closely,4463073,28.9,17.4,0.0,0.0,0.0,0.0,3,18.1,38.2,188,Overcast,1,1,
25525,2021-09-28 07:45:00,40.662796,-73.893555,1,0,Following Too Closely,4463765,22.1,16.3,12.4,12.4,0.0,9.0,63,19.2,38.5,264,Rain: Moderate,1,1,
25526,2021-09-30 00:00:00,40.64727,-73.894424,0,0,Unspecified,4463023,18.8,13.1,0.0,0.0,0.0,0.0,3,18.1,37.4,330,Overcast,0,0,
25527,2021-09-29 15:10:00,40.60805,-74.15736,0,0,Driver Inattention/Distraction,4462440,19.9,11.3,0.0,0.0,0.0,0.0,3,20.6,41.8,331,Overcast,0,0,
25528,2021-10-01 01:03:00,40.628403,-74.02553,2,0,Traffic Control Disregarded,4463010,19.4,9.5,0.0,0.0,0.0,0.0,0,13.8,28.1,302,Clear sky,2,2,Sunny/Clear Conditions
25529,2021-09-29 14:25:00,40.651863,-73.86536,6,0,Drugs (illegal),4463810,19.9,11.3,0.0,0.0,0.0,0.0,3,20.6,41.8,331,Overcast,6,6,
25530,2021-09-29 16:21:00,40.57475,-74.00174,0,0,Driver Inattention/Distraction,4463435,19.9,11.3,0.0,0.0,0.0,0.0,3,20.6,41.8,331,Overcast,0,0,
25531,2021-09-29 08:00:00,40.766357,-73.88756,0,0,Other Vehicular,4462161,19.9,11.3,0.0,0.0,0.0,0.0,3,20.6,41.8,331,Overcast,0,0,
25532,2021-10-01 09:30:00,40.776398,-73.81765,0,0,Passing Too Closely,4463170,19.4,9.5,0.0,0.0,0.0,0.0,0,13.8,28.1,302,Clear sky,0,0,Sunny/Clear Conditions
25533,2021-12-27 04:47:00,40.62413,-73.99844,1,0,Driver Inattention/Distraction,4489928,2.7,-1.4,2.1,0.8,0.91,5.0,73,13.5,23.0,10,Snow fall: Moderate,1,1,Snowy Conditions
25534,2021-09-30 01:00:00,40.680664,-73.902626,0,0,Unspecified,4462471,18.8,13.1,0.0,0.0,0.0,0.0,3,18.1,37.4,330,Overcast,0,0,
25535,2021-09-29 14:35:00,40.84869,-73.8524,0,0,Unspecified,4463904,19.9,11.3,0.0,0.0,0.0,0.0,3,20.6,41.8,331,Overcast,0,0,
25536,2021-09-24 18:45:00,40.70444,-73.80556,0,0,Passing Too Closely,4463665,22.4,15.6,26.0,26.0,0.0,9.0,63,14.2,29.9,274,Rain: Moderate,0,0,
25537,2021-09-26 18:20:00,40.720173,-73.98865,0,0,Unspecified,4462796,21.4,15.6,0.0,0.0,0.0,0.0,3,23.5,45.0,294,Overcast,0,0,
25538,2021-09-27 08:00:00,40.844902,-73.89011,0,0,Traffic Control Disregarded,4463736,25.9,14.6,0.0,0.0,0.0,0.0,3,24.1,45.0,233,Overcast,0,0,
25539,2021-09-29 11:00:00,40.83356,-73.8767,0,0,Passing Too Closely,4462856,19.9,11.3,0.0,0.0,0.0,0.0,3,20.6,41.8,331,Overcast,0,0,
25540,2021-10-01 12:47:00,40.626804,-73.94668,0,0,Passing or Lane Usage Improper,4462981,19.4,9.5,0.0,0.0,0.0,0.0,0,13.8,28.1,302,Clear sky,0,0,Sunny/Clear Conditions
25541,2021-10-01 16:25:00,40.706566,-73.9576,0,0,Driver Inattention/Distraction,4463005,19.4,9.5,0.0,0.0,0.0,0.0,0,13.8,28.1,302,Clear sky,0,0,Sunny/Clear Conditions
25542,2021-09-30 13:56:00,40.63947,-73.902756,1,0,Driver Inattention/Distraction,4463022,18.8,13.1,0.0,0.0,0.0,0.0,3,18.1,37.4,330,Overcast,1,1,
25543,2021-09-29 13:00:00,40.691433,-73.89063,0,0,Failure to Yield Right-of-Way,4462422,19.9,11.3,0.0,0.0,0.0,0.0,3,20.6,41.8,331,Overcast,0,0,
25544,2021-09-29 14:45:00,40.69041,-73.75557,1,0,Failure to Yield Right-of-Way,4462237,19.9,11.3,0.0,0.0,0.0,0.0,3,20.6,41.8,331,Overcast,1,1,
25545,2021-09-30 17:00:00,40.72032,-73.99405,1,0,Driver Inattention/Distraction,4463451,18.8,13.1,0.0,0.0,0.0,0.0,3,18.1,37.4,330,Overcast,1,1,
25546,2021-09-30 21:17:00,40.859642,-73.90534,0,0,Driver Inexperience,4463427,18.8,13.1,0.0,0.0,0.0,0.0,3,18.1,37.4,330,Overcast,0,0,
25547,2021-09-27 22:15:00,40.67453,-73.92137,0,0,Brakes Defective,4463710,25.9,14.6,0.0,0.0,0.0,0.0,3,24.1,45.0,233,Overcast,0,0,
25548,2021-09-16 23:10:00,40.59709,-73.99523,1,0,Traffic Control Disregarded,4463405,23.9,19.1,4.0,4.0,0.0,10.0,55,18.8,37.8,38,Drizzle: Dense,1,1,
25549,2021-09-30 09:30:00,40.689167,-73.82753,0,0,Passing Too Closely,4462620,18.8,13.1,0.0,0.0,0.0,0.0,3,18.1,37.4,330,Overcast,0,0,
25550,2021-09-15 14:17:00,40.823082,-73.86722,1,0,Unspecified,4462875,29.6,20.7,0.3,0.3,0.0,3.0,51,21.6,40.7,192,Drizzle: Light,1,1,
25551,2021-09-29 19:15:00,40.81701,-73.9595,0,0,Other Vehicular,4462585,19.9,11.3,0.0,0.0,0.0,0.0,3,20.6,41.8,331,Overcast,0,0,
25552,2021-10-01 21:15:00,40.664375,-73.92376,0,0,Unspecified,4463037,19.4,9.5,0.0,0.0,0.0,0.0,0,13.8,28.1,302,Clear sky,0,0,Sunny/Clear Conditions
25553,2021-12-27 19:25:00,40.73406,-73.8739,1,0,Driver Inattention/Distraction,4490090,2.7,-1.4,2.1,0.8,0.91,5.0,73,13.5,23.0,10,Snow fall: Moderate,1,1,Snowy Conditions
25554,2021-10-01 12:52:00,40.7226,-73.93711,0,0,View Obstructed/Limited,4463876,19.4,9.5,0.0,0.0,0.0,0.0,0,13.8,28.1,302,Clear sky,0,0,Sunny/Clear Conditions
25555,2021-09-29 18:00:00,40.586117,-73.93604,0,0,Unspecified,4462352,19.9,11.3,0.0,0.0,0.0,0.0,3,20.6,41.8,331,Overcast,0,0,
25556,2021-09-30 14:00:00,40.596207,-73.768745,0,0,Following Too Closely,4462771,18.8,13.1,0.0,0.0,0.0,0.0,3,18.1,37.4,330,Overcast,0,0,
25557,2021-09-17 16:30:00,40.72082,-73.892265,1,0,Driver Inattention/Distraction,4462966,23.6,20.1,1.0,1.0,0.0,7.0,51,20.3,38.9,59,Drizzle: Light,1,1,
25558,2021-10-01 08:23:00,40.75455,-73.96252,0,0,Unspecified,4463535,19.4,9.5,0.0,0.0,0.0,0.0,0,13.8,28.1,302,Clear sky,0,0,Sunny/Clear Conditions
25559,2021-09-29 14:30:00,40.71442,-73.77009,0,0,Passing Too Closely,4462949,19.9,11.3,0.0,0.0,0.0,0.0,3,20.6,41.8,331,Overcast,0,0,
25560,2021-09-29 19:00:00,40.760284,-73.769356,0,0,Driver Inattention/Distraction,4462325,19.9,11.3,0.0,0.0,0.0,0.0,3,20.6,41.8,331,Overcast,0,0,
25561,2021-10-01 08:09:00,40.675842,-73.78305,0,0,Failure to Yield Right-of-Way,4462892,19.4,9.5,0.0,0.0,0.0,0.0,0,13.8,28.1,302,Clear sky,0,0,Sunny/Clear Conditions
25562,2021-09-29 18:00:00,40.806705,-73.952866,2,0,Driver Inattention/Distraction,4462534,19.9,11.3,0.0,0.0,0.0,0.0,3,20.6,41.8,331,Overcast,2,2,
25563,2021-09-30 15:08:00,40.868847,-73.902626,0,0,Unspecified,4463091,18.8,13.1,0.0,0.0,0.0,0.0,3,18.1,37.4,330,Overcast,0,0,
25564,2021-09-26 14:57:00,40.680782,-73.975075,2,0,Turning Improperly,4463652,21.4,15.6,0.0,0.0,0.0,0.0,3,23.5,45.0,294,Overcast,2,2,
25565,2021-10-01 17:10:00,40.730827,-73.82856,2,0,Driver Inattention/Distraction,4463111,19.4,9.5,0.0,0.0,0.0,0.0,0,13.8,28.1,302,Clear sky,2,2,Sunny/Clear Conditions
25566,2021-09-29 17:00:00,40.62194,-73.91753,0,0,Driver Inattention/Distraction,4463493,19.9,11.3,0.0,0.0,0.0,0.0,3,20.6,41.8,331,Overcast,0,0,
25567,2021-09-30 10:00:00,40.736176,-74.00353,0,0,Backing Unsafely,4462934,18.8,13.1,0.0,0.0,0.0,0.0,3,18.1,37.4,330,Overcast,0,0,
25568,2021-10-01 12:10:00,40.7494,-73.88427,0,0,Unspecified,4462991,19.4,9.5,0.0,0.0,0.0,0.0,0,13.8,28.1,302,Clear sky,0,0,Sunny/Clear Conditions
25569,2021-10-01 07:00:00,40.86536,-73.87043,0,0,Unsafe Lane Changing,4462905,19.4,9.5,0.0,0.0,0.0,0.0,0,13.8,28.1,302,Clear sky,0,0,Sunny/Clear Conditions
25570,2021-08-26 15:55:00,40.717922,-73.9931,1,0,Pedestrian/Bicyclist/Other Pedestrian Error/Confusion,4463475,31.8,22.8,0.1,0.1,0.0,1.0,51,14.8,29.2,228,Drizzle: Light,1,1,
25571,2021-09-30 12:45:00,40.825905,-73.94712,1,0,Following Too Closely,4462565,18.8,13.1,0.0,0.0,0.0,0.0,3,18.1,37.4,330,Overcast,1,1,
25572,2021-09-29 14:00:00,40.678852,-73.834114,1,0,Failure to Yield Right-of-Way,4462359,19.9,11.3,0.0,0.0,0.0,0.0,3,20.6,41.8,331,Overcast,1,1,
25573,2021-09-27 09:00:00,40.665024,-73.870575,0,0,Driver Inattention/Distraction,4463745,25.9,14.6,0.0,0.0,0.0,0.0,3,24.1,45.0,233,Overcast,0,0,
25574,2021-09-26 15:11:00,40.670116,-73.92248,0,0,Other Vehicular,4463402,21.4,15.6,0.0,0.0,0.0,0.0,3,23.5,45.0,294,Overcast,0,0,
25575,2021-09-29 15:58:00,40.786694,-73.82534,0,0,Unspecified,4463251,19.9,11.3,0.0,0.0,0.0,0.0,3,20.6,41.8,331,Overcast,0,0,
25576,2021-10-01 15:05:00,40.665257,-73.739555,3,0,Traffic Control Disregarded,4462998,19.4,9.5,0.0,0.0,0.0,0.0,0,13.8,28.1,302,Clear sky,3,3,Sunny/Clear Conditions
25577,2021-09-29 08:30:00,40.708138,-73.80303,2,0,,4463125,19.9,11.3,0.0,0.0,0.0,0.0,3,20.6,41.8,331,Overcast,2,2,
25578,2021-10-01 16:30:00,40.816193,-73.895996,1,0,Unspecified,4463614,19.4,9.5,0.0,0.0,0.0,0.0,0,13.8,28.1,302,Clear sky,1,1,Sunny/Clear Conditions
25579,2021-10-01 17:55:00,40.64367,-74.015495,0,0,Unsafe Speed,4463337,19.4,9.5,0.0,0.0,0.0,0.0,0,13.8,28.1,302,Clear sky,0,0,Sunny/Clear Conditions
25580,2021-09-30 08:48:00,40.812897,-73.90145,0,0,Unspecified,4463618,18.8,13.1,0.0,0.0,0.0,0.0,3,18.1,37.4,330,Overcast,0,0,
25581,2021-09-20 12:45:00,40.805706,-73.95633,0,0,Other Vehicular,4462927,23.1,14.9,0.0,0.0,0.0,0.0,3,17.0,34.2,116,Overcast,0,0,
25582,2021-09-30 09:52:00,40.673004,-73.99935,1,0,Other Vehicular,4462714,18.8,13.1,0.0,0.0,0.0,0.0,3,18.1,37.4,330,Overcast,1,1,
25583,2021-09-23 08:18:00,40.681118,-73.96443,1,0,Driver Inattention/Distraction,4463483,26.2,18.0,15.6,15.6,0.0,14.0,63,40.7,77.4,156,Rain: Moderate,1,1,
25584,2021-10-01 07:30:00,40.811207,-73.90686,0,0,Driver Inattention/Distraction,4463199,19.4,9.5,0.0,0.0,0.0,0.0,0,13.8,28.1,302,Clear sky,0,0,Sunny/Clear Conditions