,CRASH DATETIME,LATITUDE,LONGITUDE,NUMBER OF PERSONS INJURED,NUMBER OF PERSONS KILLED,CONTRIBUTING FACTOR VEHICLE 1,COLLISION_ID,temperature_2m_max,temperature_2m_min,precipitation_sum,rain_sum,snowfall_sum,precipitation_hours,weather_code,wind_speed_10m_max,wind_gusts_10m_max,wind_direction_10m_dominant,Weather Description,Severity_Score,Total_Affected_Persons,Weather_Category
25585,2021-09-29 11:15:00,40.755566,-73.79172,2,0,Driver Inattention/Distraction,4462226,19.9,11.3,0.0,0.0,0.0,0.0,3,20.6,41.8,331,Overcast,2,2,
25586,2021-09-30 18:15:00,40.840874,-73.91979,0,0,Other Vehicular,4462697,18.8,13.1,0.0,0.0,0.0,0.0,3,18.1,37.4,330,Overcast,0,0,
25587,2021-09-30 14:50:00,40.839165,-73.88333,1,0,Unsafe Lane Changing,4463830,18.8,13.1,0.0,0.0,0.0,0.0,3,18.1,37.4,330,Overcast,1,1,
25588,2021-09-29 09:00:00,40.667973,-73.75082,0,0,Unspecified,4462206,19.9,11.3,0.0,0.0,0.0,0.0,3,20.6,41.8,331,Overcast,0,0,
25589,2021-08-27 22:16:00,40.74873,-73.87365,0,0,Unspecified,4463566,32.2,23.4,1.4,1.4,0.0,2.0,55,9.4,22.3,299,Drizzle: Dense,0,0,
25590,2021-09-30 00:00:00,40.70166,-73.961464,0,0,Failure to Yield Right-of-Way,4462630,18.8,13.1,0.0,0.0,0.0,0.0,3,18.1,37.4,330,Overcast,0,0,
25591,2021-09-29 11:15:00,40.825504,-73.886086,0,0,Unspecified,4462446,19.9,11.3,0.0,0.0,0.0,0.0,3,20.6,41.8,331,Overcast,0,0,
25592,2021-09-30 10:30:00,40.75519,-73.835205,0,0,Turning Improperly,4462755,18.8,13.1,0.0,0.0,0.0,0.0,3,18.1,37.4,330,Overcast,0,0,
25593,2021-09-30 02:25:00,40.71886,-73.97492,1,0,Driver Inattention/Distraction,4462800,18.8,13.1,0.0,0.0,0.0,0.0,3,18.1,37.4,330,Overcast,1,1,
25594,2021-09-30 10:25:00,40.7052,-73.79926,1,0,Unsafe Lane Changing,4462492,18.8,13.1,0.0,0.0,0.0,0.0,3,18.1,37.4,330,Overcast,1,1,
25595,2021-09-29 13:09:00,40.74892,-73.9779,1,0,View Obstructed/Limited,4462276,19.9,11.3,0.0,0.0,0.0,0.0,3,20.6,41.8,331,Overcast,1,1,
25596,2021-09-29 12:15:00,40.803905,-73.91844,1,0,Unspecified,4462370,19.9,11.3,0.0,0.0,0.0,0.0,3,20.6,41.8,331,Overcast,1,1,
25597,2021-10-01 13:08:00,40.582756,-74.13041,0,0,Reaction to Uninvolved Vehicle,4463042,19.4,9.5,0.0,0.0,0.0,0.0,0,13.8,28.1,302,Clear sky,0,0,Sunny/Clear Conditions
25598,2021-10-01 06:18:00,40.578804,-73.96582,0,0,Failure to Yield Right-of-Way,4462811,19.4,9.5,0.0,0.0,0.0,0.0,0,13.8,28.1,302,Clear sky,0,0,Sunny/Clear Conditions
25599,2021-09-30 07:41:00,40.830345,-73.89389,0,0,Following Too Closely,4462465,18.8,13.1,0.0,0.0,0.0,0.0,3,18.1,37.4,330,Overcast,0,0,
25600,2021-09-29 15:37:00,40.768166,-73.83749,5,0,Following Too Closely,4462413,19.9,11.3,0.0,0.0,0.0,0.0,3,20.6,41.8,331,Overcast,5,5,
25601,2021-05-29 06:30:00,40.835808,-73.949455,0,0,Pavement Slippery,4421912,11.0,8.5,25.1,25.1,0.0,22.0,63,29.9,56.9,39,Rain: Moderate,0,0,
25602,2021-09-30 11:55:00,40.753857,-73.91764,1,0,Following Too Closely,4463175,18.8,13.1,0.0,0.0,0.0,0.0,3,18.1,37.4,330,Overcast,1,1,
25603,2021-09-30 23:44:00,40.736156,-73.71371,0,0,Alcohol Involvement,4462828,18.8,13.1,0.0,0.0,0.0,0.0,3,18.1,37.4,330,Overcast,0,0,
25604,2021-09-30 07:20:00,40.72059,-73.974884,0,0,Alcohol Involvement,4463292,18.8,13.1,0.0,0.0,0.0,0.0,3,18.1,37.4,330,Overcast,0,0,
25605,2021-09-30 08:18:00,40.721497,-73.83531,0,0,Driver Inattention/Distraction,4463277,18.8,13.1,0.0,0.0,0.0,0.0,3,18.1,37.4,330,Overcast,0,0,
25606,2021-09-29 10:06:00,40.637634,-74.17122,0,0,Backing Unsafely,4462201,19.9,11.3,0.0,0.0,0.0,0.0,3,20.6,41.8,331,Overcast,0,0,
25607,2021-09-29 21:00:00,40.68032,-73.89133,0,0,Backing Unsafely,4463715,19.9,11.3,0.0,0.0,0.0,0.0,3,20.6,41.8,331,Overcast,0,0,
25608,2021-09-29 02:18:00,40.85278,-73.853294,0,0,Driver Inattention/Distraction,4462124,19.9,11.3,0.0,0.0,0.0,0.0,3,20.6,41.8,331,Overcast,0,0,
25609,2021-09-29 13:40:00,40.726814,-73.83846,0,0,Following Too Closely,4462307,19.9,11.3,0.0,0.0,0.0,0.0,3,20.6,41.8,331,Overcast,0,0,
25610,2021-10-01 03:20:00,40.666138,-73.82422,1,0,Unspecified,4463780,19.4,9.5,0.0,0.0,0.0,0.0,0,13.8,28.1,302,Clear sky,1,1,Sunny/Clear Conditions
25611,2021-10-01 17:47:00,40.617306,-73.92865,0,0,Unspecified,4462978,19.4,9.5,0.0,0.0,0.0,0.0,0,13.8,28.1,302,Clear sky,0,0,Sunny/Clear Conditions
25612,2021-09-29 16:48:00,40.814934,-73.91496,1,0,Unspecified,4462377,19.9,11.3,0.0,0.0,0.0,0.0,3,20.6,41.8,331,Overcast,1,1,
25613,2021-09-29 15:25:00,40.75831,-73.96294,1,0,Driver Inattention/Distraction,4462279,19.9,11.3,0.0,0.0,0.0,0.0,3,20.6,41.8,331,Overcast,1,1,
25614,2021-09-30 08:52:00,40.67948,-73.93291,1,0,Driver Inattention/Distraction,4463509,18.8,13.1,0.0,0.0,0.0,0.0,3,18.1,37.4,330,Overcast,1,1,
25615,2021-09-30 14:30:00,40.60805,-74.15736,0,0,Following Too Closely,4462788,18.8,13.1,0.0,0.0,0.0,0.0,3,18.1,37.4,330,Overcast,0,0,
25616,2021-09-29 22:00:00,40.736504,-73.977875,0,0,Traffic Control Disregarded,4462589,19.9,11.3,0.0,0.0,0.0,0.0,3,20.6,41.8,331,Overcast,0,0,
25617,2021-09-30 08:04:00,40.88619,-73.857994,2,0,Traffic Control Disregarded,4462616,18.8,13.1,0.0,0.0,0.0,0.0,3,18.1,37.4,330,Overcast,2,2,
25618,2021-09-24 22:06:00,40.814598,-73.864685,0,0,Alcohol Involvement,4462843,22.4,15.6,26.0,26.0,0.0,9.0,63,14.2,29.9,274,Rain: Moderate,0,0,
25619,2021-09-28 00:00:00,0.0,0.0,1,0,,4462920,22.1,16.3,12.4,12.4,0.0,9.0,63,19.2,38.5,264,Rain: Moderate,1,1,
25620,2021-09-30 11:20:00,40.61652,-73.98586,1,0,Driver Inattention/Distraction,4462545,18.8,13.1,0.0,0.0,0.0,0.0,3,18.1,37.4,330,Overcast,1,1,
25621,2021-09-08 18:40:00,40.869534,-73.9001,0,0,Unspecified,4463086,26.4,19.6,0.7,0.7,0.0,6.0,51,26.7,55.8,187,Drizzle: Light,0,0,
25622,2021-10-01 18:53:00,40.785732,-73.97645,1,0,Driver Inattention/Distraction,4463532,19.4,9.5,0.0,0.0,0.0,0.0,0,13.8,28.1,302,Clear sky,1,1,Sunny/Clear Conditions
25623,2021-10-01 19:45:00,40.768192,-73.970665,0,0,Other Vehicular,4463851,19.4,9.5,0.0,0.0,0.0,0.0,0,13.8,28.1,302,Clear sky,0,0,Sunny/Clear Conditions
25624,2021-09-30 07:45:00,40.875,-73.87471,0,0,Unspecified,4462888,18.8,13.1,0.0,0.0,0.0,0.0,3,18.1,37.4,330,Overcast,0,0,
25625,2021-09-30 09:00:00,40.531918,-74.19175,0,0,Unsafe Lane Changing,4463234,18.8,13.1,0.0,0.0,0.0,0.0,3,18.1,37.4,330,Overcast,0,0,
25626,2021-09-30 18:15:00,40.79485,-73.962364,1,0,Driver Inattention/Distraction,4462648,18.8,13.1,0.0,0.0,0.0,0.0,3,18.1,37.4,330,Overcast,1,1,
25627,2021-09-29 14:20:00,40.71396,-73.9912,1,0,Unspecified,4462793,19.9,11.3,0.0,0.0,0.0,0.0,3,20.6,41.8,331,Overcast,1,1,
25628,2021-09-28 09:00:00,40.706917,-73.93972,1,0,Driver Inexperience,4463107,22.1,16.3,12.4,12.4,0.0,9.0,63,19.2,38.5,264,Rain: Moderate,1,1,
25629,2021-10-01 05:00:00,40.691612,-73.83667,0,0,Passing Too Closely,4462746,19.4,9.5,0.0,0.0,0.0,0.0,0,13.8,28.1,302,Clear sky,0,0,Sunny/Clear Conditions
25630,2021-09-29 18:00:00,40.87892,-73.90479,0,0,Unspecified,4462959,19.9,11.3,0.0,0.0,0.0,0.0,3,20.6,41.8,331,Overcast,0,0,
25631,2021-10-01 13:45:00,40.734863,-73.93879,2,0,Driver Inattention/Distraction,4462946,19.4,9.5,0.0,0.0,0.0,0.0,0,13.8,28.1,302,Clear sky,2,2,Sunny/Clear Conditions
25632,2021-09-29 14:15:00,40.711628,-73.729385,2,0,Driver Inattention/Distraction,4462317,19.9,11.3,0.0,0.0,0.0,0.0,3,20.6,41.8,331,Overcast,2,2,
25633,2021-09-30 00:00:00,40.67719,-73.88754,0,0,Driver Inattention/Distraction,4463801,18.8,13.1,0.0,0.0,0.0,0.0,3,18.1,37.4,330,Overcast,0,0,
25634,2021-10-01 15:48:00,40.86173,-73.91182,3,0,Driver Inexperience,4463156,19.4,9.5,0.0,0.0,0.0,0.0,0,13.8,28.1,302,Clear sky,3,3,Sunny/Clear Conditions
25635,2021-09-29 17:00:00,40.708797,-74.01086,0,0,Driver Inattention/Distraction,4462559,19.9,11.3,0.0,0.0,0.0,0.0,3,20.6,41.8,331,Overcast,0,0,
25636,2021-10-01 13:45:00,40.73825,-73.97973,0,0,Driver Inattention/Distraction,4463316,19.4,9.5,0.0,0.0,0.0,0.0,0,13.8,28.1,302,Clear sky,0,0,Sunny/Clear Conditions
25637,2021-09-30 01:00:00,40.852566,-73.88749,0,0,Driver Inattention/Distraction,4462671,18.8,13.1,0.0,0.0,0.0,0.0,3,18.1,37.4,330,Overcast,0,0,
25638,2021-09-29 09:05:00,40.648705,-74.010254,1,0,Failure to Yield Right-of-Way,4462434,19.9,11.3,0.0,0.0,0.0,0.0,3,20.6,41.8,331,Overcast,1,1,
25639,2021-09-30 10:16:00,40.684,-73.95031,0,0,Unsafe Lane Changing,4462692,18.8,13.1,0.0,0.0,0.0,0.0,3,18.1,37.4,330,Overcast,0,0,
25640,2021-12-27 11:30:00,40.873592,-73.88506,0,0,Unspecified,4490306,2.7,-1.4,2.1,0.8,0.91,5.0,73,13.5,23.0,10,Snow fall: Moderate,0,0,Snowy Conditions
25641,2021-09-26 23:15:00,40.65621,-73.914665,0,0,Unspecified,4463030,21.4,15.6,0.0,0.0,0.0,0.0,3,23.5,45.0,294,Overcast,0,0,
25642,2021-10-01 13:50:00,40.818558,-73.92732,0,0,Driver Inattention/Distraction,4463203,19.4,9.5,0.0,0.0,0.0,0.0,0,13.8,28.1,302,Clear sky,0,0,Sunny/Clear Conditions
25643,2021-09-29 23:55:00,40.83029,-73.850655,0,0,Unspecified,4462857,19.9,11.3,0.0,0.0,0.0,0.0,3,20.6,41.8,331,Overcast,0,0,
25644,2021-09-30 19:55:00,40.74841,-73.89764,1,0,Driver Inattention/Distraction,4462710,18.8,13.1,0.0,0.0,0.0,0.0,3,18.1,37.4,330,Overcast,1,1,
25645,2021-10-01 09:35:00,40.79856,-73.96336,0,0,Passing Too Closely,4462842,19.4,9.5,0.0,0.0,0.0,0.0,0,13.8,28.1,302,Clear sky,0,0,Sunny/Clear Conditions
25646,2021-10-01 02:35:00,40.632195,-73.97408,0,0,Alcohol Involvement,4462820,19.4,9.5,0.0,0.0,0.0,0.0,0,13.8,28.1,302,Clear sky,0,0,Sunny/Clear Conditions
25647,2021-09-29 08:53:00,40.65319,-73.96622,1,0,Driver Inattention/Distraction,4462218,19.9,11.3,0.0,0.0,0.0,0.0,3,20.6,41.8,331,Overcast,1,1,
25648,2021-10-01 17:00:00,0.0,0.0,0,0,Unspecified,4463629,19.4,9.5,0.0,0.0,0.0,0.0,0,13.8,28.1,302,Clear sky,0,0,Sunny/Clear Conditions
25649,2021-09-29 07:20:00,40.67758,-73.92659,0,0,Driver Inattention/Distraction,4463576,19.9,11.3,0.0,0.0,0.0,0.0,3,20.6,41.8,331,Overcast,0,0,
25650,2021-09-29 07:05:00,40.840874,-73.820076,1,0,Fatigued/Drowsy,4462459,19.9,11.3,0.0,0.0,0.0,0.0,3,20.6,41.8,331,Overcast,1,1,
25651,2021-09-29 10:48:00,40.805107,-73.963036,0,0,Backing Unsafely,4463381,19.9,11.3,0.0,0.0,0.0,0.0,3,20.6,41.8,331,Overcast,0,0,
25652,2021-09-29 00:01:00,40.699413,-73.95902,4,0,Alcohol Involvement,4462636,19.9,11.3,0.0,0.0,0.0,0.0,3,20.6,41.8,331,Overcast,4,4,
25653,2021-09-30 05:35:00,40.737286,-73.95543,2,0,Failure to Yield Right-of-Way,4462426,18.8,13.1,0.0,0.0,0.0,0.0,3,18.1,37.4,330,Overcast,2,2,
25654,2021-09-29 08:30:00,0.0,0.0,1,0,Traffic Control Disregarded,4462212,19.9,11.3,0.0,0.0,0.0,0.0,3,20.6,41.8,331,Overcast,1,1,
25655,2021-09-29 14:15:00,40.744526,-73.77161,0,0,Unsafe Lane Changing,4462265,19.9,11.3,0.0,0.0,0.0,0.0,3,20.6,41.8,331,Overcast,0,0,
25656,2021-09-30 16:15:00,40.755116,-74.00248,0,0,Failure to Yield Right-of-Way,4463345,18.8,13.1,0.0,0.0,0.0,0.0,3,18.1,37.4,330,Overcast,0,0,
25657,2021-09-28 08:44:00,40.764378,-73.94099,1,0,Passing or Lane Usage Improper,4462815,22.1,16.3,12.4,12.4,0.0,9.0,63,19.2,38.5,264,Rain: Moderate,1,1,
25658,2021-10-01 09:30:00,40.633636,-73.951065,1,0,Unspecified,4463419,19.4,9.5,0.0,0.0,0.0,0.0,0,13.8,28.1,302,Clear sky,1,1,Sunny/Clear Conditions
25659,2021-09-29 22:01:00,40.636005,-73.99827,0,0,Unspecified,4462504,19.9,11.3,0.0,0.0,0.0,0.0,3,20.6,41.8,331,Overcast,0,0,
25660,2021-09-29 07:00:00,40.840004,-73.877396,0,0,Unsafe Lane Changing,4462187,19.9,11.3,0.0,0.0,0.0,0.0,3,20.6,41.8,331,Overcast,0,0,
25661,2021-09-30 22:30:00,40.762005,-73.98262,0,0,Unspecified,4462832,18.8,13.1,0.0,0.0,0.0,0.0,3,18.1,37.4,330,Overcast,0,0,
25662,2021-10-01 20:00:00,40.721447,-73.997406,1,0,Driver Inattention/Distraction,4463301,19.4,9.5,0.0,0.0,0.0,0.0,0,13.8,28.1,302,Clear sky,1,1,Sunny/Clear Conditions
25663,2021-09-29 19:44:00,40.57754,-73.99789,0,0,Driver Inattention/Distraction,4463438,19.9,11.3,0.0,0.0,0.0,0.0,3,20.6,41.8,331,Overcast,0,0,
25664,2021-09-29 16:00:00,40.895374,-73.86356,0,0,Driver Inattention/Distraction,4462649,19.9,11.3,0.0,0.0,0.0,0.0,3,20.6,41.8,331,Overcast,0,0,
25665,2021-10-01 15:27:00,40.583565,-73.98738,0,0,Driver Inexperience,4463436,19.4,9.5,0.0,0.0,0.0,0.0,0,13.8,28.1,302,Clear sky,0,0,Sunny/Clear Conditions
25666,2021-09-30 15:50:00,40.6028,-73.74879,0,0,Passing or Lane Usage Improper,4462783,18.8,13.1,0.0,0.0,0.0,0.0,3,18.1,37.4,330,Overcast,0,0,
25667,2021-09-30 03:34:00,40.617924,-74.155785,1,0,Driver Inattention/Distraction,4463179,18.8,13.1,0.0,0.0,0.0,0.0,3,18.1,37.4,330,Overcast,1,1,
25668,2021-09-30 21:20:00,40.699886,-73.90584,1,0,Other Vehicular,4462974,18.8,13.1,0.0,0.0,0.0,0.0,3,18.1,37.4,330,Overcast,1,1,
25669,2021-09-30 16:37:00,40.81848,-73.9553,1,0,Unspecified,4462698,18.8,13.1,0.0,0.0,0.0,0.0,3,18.1,37.4,330,Overcast,1,1,
25670,2021-09-30 09:30:00,40.68559,-73.97332,0,0,Passing or Lane Usage Improper,4462554,18.8,13.1,0.0,0.0,0.0,0.0,3,18.1,37.4,330,Overcast,0,0,
25671,2021-10-01 00:50:00,40.632755,-73.92984,0,0,Unspecified,4462722,19.4,9.5,0.0,0.0,0.0,0.0,0,13.8,28.1,302,Clear sky,0,0,Sunny/Clear Conditions
25672,2021-09-29 00:00:00,40.756565,-73.99028,1,0,Following Too Closely,4462363,19.9,11.3,0.0,0.0,0.0,0.0,3,20.6,41.8,331,Overcast,1,1,
25673,2021-09-30 00:13:00,40.710663,-73.798706,1,0,Driver Inattention/Distraction,4462604,18.8,13.1,0.0,0.0,0.0,0.0,3,18.1,37.4,330,Overcast,1,1,
25674,2021-09-29 12:30:00,40.89341,-73.85737,1,0,Failure to Yield Right-of-Way,4462608,19.9,11.3,0.0,0.0,0.0,0.0,3,20.6,41.8,331,Overcast,1,1,
25675,2021-09-29 05:37:00,40.720375,-74.003265,1,0,Failure to Yield Right-of-Way,4462074,19.9,11.3,0.0,0.0,0.0,0.0,3,20.6,41.8,331,Overcast,1,1,
25676,2021-09-30 17:56:00,40.61952,-74.0402,0,0,Passing or Lane Usage Improper,4462678,18.8,13.1,0.0,0.0,0.0,0.0,3,18.1,37.4,330,Overcast,0,0,
25677,2021-09-29 11:30:00,40.7613,-73.86527,0,0,Driver Inexperience,4462389,19.9,11.3,0.0,0.0,0.0,0.0,3,20.6,41.8,331,Overcast,0,0,
25678,2021-09-27 07:15:00,40.883446,-73.86238,0,0,Unspecified,4463515,25.9,14.6,0.0,0.0,0.0,0.0,3,24.1,45.0,233,Overcast,0,0,
25679,2021-10-01 16:04:00,40.78614,-73.93929,1,0,Following Too Closely,4463319,19.4,9.5,0.0,0.0,0.0,0.0,0,13.8,28.1,302,Clear sky,1,1,Sunny/Clear Conditions
25680,2021-09-29 13:57:00,40.69993,-73.96188,1,0,Driver Inattention/Distraction,4462405,19.9,11.3,0.0,0.0,0.0,0.0,3,20.6,41.8,331,Overcast,1,1,
25681,2021-09-30 20:45:00,40.610245,-73.99846,1,0,Alcohol Involvement,4462740,18.8,13.1,0.0,0.0,0.0,0.0,3,18.1,37.4,330,Overcast,1,1,
25682,2021-09-26 11:02:00,40.7441,-73.97637,0,0,Unspecified,4462916,21.4,15.6,0.0,0.0,0.0,0.0,3,23.5,45.0,294,Overcast,0,0,
25683,2021-09-30 08:25:00,40.700424,-73.9444,0,0,Backing Unsafely,4462644,18.8,13.1,0.0,0.0,0.0,0.0,3,18.1,37.4,330,Overcast,0,0,
25684,2021-10-01 05:45:00,40.663517,-73.957214,3,0,Traffic Control Disregarded,4462764,19.4,9.5,0.0,0.0,0.0,0.0,0,13.8,28.1,302,Clear sky,3,3,Sunny/Clear Conditions
25685,2021-09-29 14:15:00,40.743336,-73.90804,0,0,Backing Unsafely,4462312,19.9,11.3,0.0,0.0,0.0,0.0,3,20.6,41.8,331,Overcast,0,0,
25686,2021-09-30 11:00:00,40.825577,-73.918465,0,0,Driver Inattention/Distraction,4463326,18.8,13.1,0.0,0.0,0.0,0.0,3,18.1,37.4,330,Overcast,0,0,
25687,2021-09-29 21:26:00,40.639225,-74.0021,1,0,Unspecified,4462511,19.9,11.3,0.0,0.0,0.0,0.0,3,20.6,41.8,331,Overcast,1,1,
25688,2021-09-29 12:15:00,40.826176,-73.84971,1,0,Unspecified,4462847,19.9,11.3,0.0,0.0,0.0,0.0,3,20.6,41.8,331,Overcast,1,1,
25689,2021-08-07 23:04:00,40.676243,-73.95269,1,0,Driver Inattention/Distraction,4463484,29.7,19.9,0.0,0.0,0.0,0.0,3,24.2,45.0,198,Overcast,1,1,
25690,2021-09-21 11:00:00,40.733376,-73.86665,2,0,Unspecified,4462884,23.1,16.4,0.0,0.0,0.0,0.0,3,14.2,29.5,108,Overcast,2,2,
25691,2021-10-01 16:30:00,40.75225,-73.702095,1,0,Driver Inattention/Distraction,4463243,19.4,9.5,0.0,0.0,0.0,0.0,0,13.8,28.1,302,Clear sky,1,1,Sunny/Clear Conditions
25692,2021-10-01 14:15:00,40.85394,-73.91468,2,0,Turning Improperly,4463819,19.4,9.5,0.0,0.0,0.0,0.0,0,13.8,28.1,302,Clear sky,2,2,Sunny/Clear Conditions
25693,2021-10-01 21:00:00,40.767918,-73.985725,0,0,Unsafe Lane Changing,4463081,19.4,9.5,0.0,0.0,0.0,0.0,0,13.8,28.1,302,Clear sky,0,0,Sunny/Clear Conditions
25694,2021-09-28 08:33:00,40.67298,-73.88852,1,0,Failure to Yield Right-of-Way,4463783,22.1,16.3,12.4,12.4,0.0,9.0,63,19.2,38.5,264,Rain: Moderate,1,1,
25695,2021-09-30 22:28:00,40.852818,-73.90476,0,0,Other Vehicular,4462810,18.8,13.1,0.0,0.0,0.0,0.0,3,18.1,37.4,330,Overcast,0,0,
25696,2021-09-30 12:39:00,40.629444,-73.984406,1,0,Unspecified,4463373,18.8,13.1,0.0,0.0,0.0,0.0,3,18.1,37.4,330,Overcast,1,1,
25697,2021-10-01 17:27:00,40.68459,-73.97017,1,0,Unsafe Speed,4463607,19.4,9.5,0.0,0.0,0.0,0.0,0,13.8,28.1,302,Clear sky,1,1,Sunny/Clear Conditions
25698,2021-12-27 20:55:00,40.7591,-73.99214,0,0,Unspecified,4490168,2.7,-1.4,2.1,0.8,0.91,5.0,73,13.5,23.0,10,Snow fall: Moderate,0,0,Snowy Conditions
25699,2021-10-01 08:40:00,40.738693,-73.940926,1,0,Driver Inattention/Distraction,4462942,19.4,9.5,0.0,0.0,0.0,0.0,0,13.8,28.1,302,Clear sky,1,1,Sunny/Clear Conditions
25700,2021-09-30 21:58:00,40.81728,-73.938545,1,0,Driver Inexperience,4463833,18.8,13.1,0.0,0.0,0.0,0.0,3,18.1,37.4,330,Overcast,1,1,
25701,2021-10-01 08:20:00,40.72752,-73.75879,0,0,Driver Inattention/Distraction,4463121,19.4,9.5,0.0,0.0,0.0,0.0,0,13.8,28.1,302,Clear sky,0,0,Sunny/Clear Conditions
25702,2021-09-30 04:50:00,40.607765,-74.13169,0,0,Unsafe Speed,4463162,18.8,13.1,0.0,0.0,0.0,0.0,3,18.1,37.4,330,Overcast,0,0,
25703,2021-09-21 16:05:00,40.678963,-73.94965,0,0,Backing Unsafely,4463586,23.1,16.4,0.0,0.0,0.0,0.0,3,14.2,29.5,108,Overcast,0,0,
25704,2021-09-29 08:25:00,40.652843,-73.90741,0,0,Unspecified,4462345,19.9,11.3,0.0,0.0,0.0,0.0,3,20.6,41.8,331,Overcast,0,0,
25705,2021-05-27 06:45:00,40.551056,-74.184364,0,0,Failure to Yield Right-of-Way,4422216,27.4,18.3,2.4,2.4,0.0,3.0,61,23.5,42.1,313,Rain: Light,0,0,
25706,2021-09-25 20:42:00,40.805386,-73.95468,1,0,Pedestrian/Bicyclist/Other Pedestrian Error/Confusion,4463310,22.8,14.0,0.0,0.0,0.0,0.0,3,7.9,15.8,322,Overcast,1,1,
25707,2021-09-29 06:20:00,40.6606,-74.001274,1,0,Unsafe Lane Changing,4462664,19.9,11.3,0.0,0.0,0.0,0.0,3,20.6,41.8,331,Overcast,1,1,
25708,2021-09-28 21:25:00,40.688564,-73.93019,0,0,Driver Inattention/Distraction,4463466,22.1,16.3,12.4,12.4,0.0,9.0,63,19.2,38.5,264,Rain: Moderate,0,0,
25709,2021-10-01 01:49:00,40.783337,-73.970764,0,0,Driver Inattention/Distraction,4463531,19.4,9.5,0.0,0.0,0.0,0.0,0,13.8,28.1,302,Clear sky,0,0,Sunny/Clear Conditions
25710,2021-10-01 08:59:00,40.69535,-73.91632,1,0,Pedestrian/Bicyclist/Other Pedestrian Error/Confusion,4462825,19.4,9.5,0.0,0.0,0.0,0.0,0,13.8,28.1,302,Clear sky,1,1,Sunny/Clear Conditions
25711,2021-09-26 19:15:00,40.699356,-73.84235,0,0,Unspecified,4463903,21.4,15.6,0.0,0.0,0.0,0.0,3,23.5,45.0,294,Overcast,0,0,
25712,2021-10-01 07:30:00,40.680294,-73.84465,0,0,Passing Too Closely,4462805,19.4,9.5,0.0,0.0,0.0,0.0,0,13.8,28.1,302,Clear sky,0,0,Sunny/Clear Conditions
25713,2021-10-01 10:37:00,40.639915,-73.92717,1,0,Driver Inattention/Distraction,4463034,19.4,9.5,0.0,0.0,0.0,0.0,0,13.8,28.1,302,Clear sky,1,1,Sunny/Clear Conditions
25714,2021-12-27 19:25:00,40.714397,-73.89799,0,0,Oversized Vehicle,4490236,2.7,-1.4,2.1,0.8,0.91,5.0,73,13.5,23.0,10,Snow fall: Moderate,0,0,Snowy Conditions
25715,2021-10-01 13:30:00,40.784187,-73.84582,0,0,Backing Unsafely,4463171,19.4,9.5,0.0,0.0,0.0,0.0,0,13.8,28.1,302,Clear sky,0,0,Sunny/Clear Conditions
25716,2021-10-01 23:41:00,40.638462,-74.13984,0,0,Aggressive Driving/Road Rage,4463185,19.4,9.5,0.0,0.0,0.0,0.0,0,13.8,28.1,302,Clear sky,0,0,Sunny/Clear Conditions
25717,2021-09-29 14:30:00,0.0,0.0,0,0,Backing Unsafely,4463700,19.9,11.3,0.0,0.0,0.0,0.0,3,20.6,41.8,331,Overcast,0,0,
25718,2021-09-13 17:15:00,40.828083,-73.85211,1,0,Unspecified,4462874,28.8,21.8,1.1,1.1,0.0,2.0,53,20.1,36.7,277,Drizzle: Moderate,1,1,
25719,2021-09-29 22:53:00,40.76093,-73.96914,1,0,Driver Inattention/Distraction,4462729,19.9,11.3,0.0,0.0,0.0,0.0,3,20.6,41.8,331,Overcast,1,1,
25720,2021-10-01 08:36:00,40.606316,-73.95782,0,0,Unspecified,4462837,19.4,9.5,0.0,0.0,0.0,0.0,0,13.8,28.1,302,Clear sky,0,0,Sunny/Clear Conditions
25721,2021-09-29 15:00:00,40.817234,-73.95814,0,0,Unspecified,4463429,19.9,11.3,0.0,0.0,0.0,0.0,3,20.6,41.8,331,Overcast,0,0,
25722,2021-10-01 10:30:00,40.704624,-73.93503,0,0,Backing Unsafely,4463006,19.4,9.5,0.0,0.0,0.0,0.0,0,13.8,28.1,302,Clear sky,0,0,Sunny/Clear Conditions
25723,2021-10-01 17:00:00,40.680264,-73.89224,0,0,Unspecified,4463754,19.4,9.5,0.0,0.0,0.0,0.0,0,13.8,28.1,302,Clear sky,0,0,Sunny/Clear Conditions
25724,2021-09-30 22:42:00,40.800735,-73.95867,0,0,Fell Asleep,4462938,18.8,13.1,0.0,0.0,0.0,0.0,3,18.1,37.4,330,Overcast,0,0,
25725,2021-10-01 20:00:00,40.74413,-73.927055,1,0,Driver Inattention/Distraction,4463054,19.4,9.5,0.0,0.0,0.0,0.0,0,13.8,28.1,302,Clear sky,1,1,Sunny/Clear Conditions
25726,2021-10-01 08:30:00,40.75254,-73.85261,1,0,Failure to Yield Right-of-Way,4462869,19.4,9.5,0.0,0.0,0.0,0.0,0,13.8,28.1,302,Clear sky,1,1,Sunny/Clear Conditions
25727,2021-09-30 21:30:00,40.882423,-73.86602,0,0,Passing Too Closely,4463501,18.8,13.1,0.0,0.0,0.0,0.0,3,18.1,37.4,330,Overcast,0,0,
25728,2021-10-01 04:00:00,40.763126,-73.83125,0,0,Passing or Lane Usage Improper,4463165,19.4,9.5,0.0,0.0,0.0,0.0,0,13.8,28.1,302,Clear sky,0,0,Sunny/Clear Conditions