,CRASH DATETIME,LATITUDE,LONGITUDE,NUMBER OF PERSONS INJURED,NUMBER OF PERSONS KILLED,CONTRIBUTING FACTOR VEHICLE 1,COLLISION_ID,temperature_2m_max,temperature_2m_min,precipitation_sum,rain_sum,snowfall_sum,precipitation_hours,weather_code,wind_speed_10m_max,wind_gusts_10m_max,wind_direction_10m_dominant,Weather Description,Severity_Score,Total_Affected_Persons,Weather_Category
25729,2021-09-28 22:00:00,40.632908,-73.905365,0,0,Driver Inattention/Distraction,4463356,22.1,16.3,12.4,12.4,0.0,9.0,63,19.2,38.5,264,Rain: Moderate,0,0,
25730,2021-09-29 22:40:00,40.77164,-73.871445,0,0,Unspecified,4462398,19.9,11.3,0.0,0.0,0.0,0.0,3,20.6,41.8,331,Overcast,0,0,
25731,2021-09-29 13:37:00,40.78961,-73.97362,0,0,Passing or Lane Usage Improper,4462252,19.9,11.3,0.0,0.0,0.0,0.0,3,20.6,41.8,331,Overcast,0,0,
25732,2021-09-29 07:48:00,40.74253,-73.88035,0,0,Driver Inattention/Distraction,4462170,19.9,11.3,0.0,0.0,0.0,0.0,3,20.6,41.8,331,Overcast,0,0,
25733,2021-09-29 16:30:00,40.810173,-73.937416,0,0,Following Too Closely,4462454,19.9,11.3,0.0,0.0,0.0,0.0,3,20.6,41.8,331,Overcast,0,0,
25734,2021-09-29 08:26:00,40.712414,-73.99294,1,0,Driver Inattention/Distraction,4462525,19.9,11.3,0.0,0.0,0.0,0.0,3,20.6,41.8,331,Overcast,1,1,
25735,2021-12-27 01:53:00,40.719875,-73.97854,0,0,Unspecified,4490052,2.7,-1.4,2.1,0.8,0.91,5.0,73,13.5,23.0,10,Snow fall: Moderate,0,0,Snowy Conditions
25736,2021-09-29 16:42:00,40.79653,-73.97597,0,0,Fell Asleep,4462299,19.9,11.3,0.0,0.0,0.0,0.0,3,20.6,41.8,331,Overcast,0,0,
25737,2021-09-23 15:53:00,40.761272,-73.95571,1,0,Driver Inattention/Distraction,4463677,26.2,18.0,15.6,15.6,0.0,14.0,63,40.7,77.4,156,Rain: Moderate,1,1,
25738,2021-09-29 08:37:00,40.69892,-73.80273,0,0,Driver Inattention/Distraction,4462288,19.9,11.3,0.0,0.0,0.0,0.0,3,20.6,41.8,331,Overcast,0,0,
25739,2021-09-30 14:30:00,40.659275,-73.889,0,0,Following Too Closely,4463732,18.8,13.1,0.0,0.0,0.0,0.0,3,18.1,37.4,330,Overcast,0,0,
25740,2021-09-30 09:36:00,40.678253,-74.00273,0,0,Glare,4462477,18.8,13.1,0.0,0.0,0.0,0.0,3,18.1,37.4,330,Overcast,0,0,
25741,2021-09-29 17:26:00,40.653564,-73.934494,0,0,Passing or Lane Usage Improper,4462656,19.9,11.3,0.0,0.0,0.0,0.0,3,20.6,41.8,331,Overcast,0,0,
25742,2021-09-29 13:08:00,40.828938,-73.84559,0,0,Unspecified,4462852,19.9,11.3,0.0,0.0,0.0,0.0,3,20.6,41.8,331,Overcast,0,0,
25743,2021-10-01 22:15:00,40.616535,-74.065315,0,0,Unspecified,4463442,19.4,9.5,0.0,0.0,0.0,0.0,0,13.8,28.1,302,Clear sky,0,0,Sunny/Clear Conditions
25744,2021-09-28 17:12:00,40.867733,-73.88285,0,0,Passing Too Closely,4462911,22.1,16.3,12.4,12.4,0.0,9.0,63,19.2,38.5,264,Rain: Moderate,0,0,
25745,2021-09-30 20:25:00,40.796642,-73.96848,0,0,Passing Too Closely,4462777,18.8,13.1,0.0,0.0,0.0,0.0,3,18.1,37.4,330,Overcast,0,0,
25746,2021-10-01 15:30:00,40.74733,-73.755806,0,0,Passing Too Closely,4463017,19.4,9.5,0.0,0.0,0.0,0.0,0,13.8,28.1,302,Clear sky,0,0,Sunny/Clear Conditions
25747,2021-09-29 14:32:00,40.673897,-74.00614,0,0,Unspecified,4462336,19.9,11.3,0.0,0.0,0.0,0.0,3,20.6,41.8,331,Overcast,0,0,
25748,2021-09-29 11:30:00,40.734604,-73.864784,0,0,Reaction to Uninvolved Vehicle,4462367,19.9,11.3,0.0,0.0,0.0,0.0,3,20.6,41.8,331,Overcast,0,0,
25749,2021-09-29 16:00:00,40.764915,-73.79677,0,0,View Obstructed/Limited,4462625,19.9,11.3,0.0,0.0,0.0,0.0,3,20.6,41.8,331,Overcast,0,0,
25750,2021-09-29 08:15:00,40.616314,-74.00083,1,0,Failure to Yield Right-of-Way,4462578,19.9,11.3,0.0,0.0,0.0,0.0,3,20.6,41.8,331,Overcast,1,1,
25751,2021-09-30 19:25:00,40.69868,-73.96024,0,0,Passing or Lane Usage Improper,4462718,18.8,13.1,0.0,0.0,0.0,0.0,3,18.1,37.4,330,Overcast,0,0,
25752,2021-10-01 19:20:00,40.744064,-73.987755,1,0,Following Too Closely,4463321,19.4,9.5,0.0,0.0,0.0,0.0,0,13.8,28.1,302,Clear sky,1,1,Sunny/Clear Conditions
25753,2021-09-30 11:13:00,40.660847,-73.8403,0,0,Failure to Yield Right-of-Way,4462736,18.8,13.1,0.0,0.0,0.0,0.0,3,18.1,37.4,330,Overcast,0,0,
25754,2021-09-29 09:49:00,40.596745,-73.985275,1,0,Failure to Yield Right-of-Way,4462383,19.9,11.3,0.0,0.0,0.0,0.0,3,20.6,41.8,331,Overcast,1,1,
25755,2021-10-01 00:00:00,40.831722,-73.915016,0,0,Unspecified,4462879,19.4,9.5,0.0,0.0,0.0,0.0,0,13.8,28.1,302,Clear sky,0,0,Sunny/Clear Conditions
25756,2021-09-30 20:32:00,40.8351,-73.93823,0,0,Turning Improperly,4463553,18.8,13.1,0.0,0.0,0.0,0.0,3,18.1,37.4,330,Overcast,0,0,
25757,2021-09-29 14:05:00,40.686646,-73.97982,0,0,Turning Improperly,4462759,19.9,11.3,0.0,0.0,0.0,0.0,3,20.6,41.8,331,Overcast,0,0,
25758,2021-09-29 08:00:00,40.636074,-73.92191,2,0,Turning Improperly,4462319,19.9,11.3,0.0,0.0,0.0,0.0,3,20.6,41.8,331,Overcast,2,2,
25759,2021-10-01 05:57:00,40.85874,-73.93012,0,0,Unspecified,4463545,19.4,9.5,0.0,0.0,0.0,0.0,0,13.8,28.1,302,Clear sky,0,0,Sunny/Clear Conditions
25760,2021-09-26 04:45:00,40.705486,-73.776535,1,0,Aggressive Driving/Road Rage,4463737,21.4,15.6,0.0,0.0,0.0,0.0,3,23.5,45.0,294,Overcast,1,1,
25761,2021-09-30 22:35:00,40.678783,-73.74412,0,0,Driver Inattention/Distraction,4462702,18.8,13.1,0.0,0.0,0.0,0.0,3,18.1,37.4,330,Overcast,0,0,
25762,2021-09-01 18:30:00,40.760937,-73.971245,0,0,Other Vehicular,4463076,23.2,18.4,121.7,121.7,0.0,18.0,65,43.2,78.5,42,Rain: Heavy,0,0,
25763,2021-06-17 17:45:00,40.894653,-73.882484,0,0,Driver Inattention/Distraction,4462953,23.9,12.1,0.0,0.0,0.0,0.0,3,13.4,27.4,311,Overcast,0,0,
25764,2021-09-29 18:30:00,40.58657,-74.09206,0,0,Fatigued/Drowsy,4462560,19.9,11.3,0.0,0.0,0.0,0.0,3,20.6,41.8,331,Overcast,0,0,
25765,2021-10-01 15:50:00,40.678246,-73.870186,0,0,Unspecified,4463787,19.4,9.5,0.0,0.0,0.0,0.0,0,13.8,28.1,302,Clear sky,0,0,Sunny/Clear Conditions
25766,2021-09-30 20:15:00,40.7334,-73.873055,0,0,Unsafe Speed,4463259,18.8,13.1,0.0,0.0,0.0,0.0,3,18.1,37.4,330,Overcast,0,0,
25767,2021-10-01 13:04:00,40.7966,-73.929,0,0,Unspecified,4462970,19.4,9.5,0.0,0.0,0.0,0.0,0,13.8,28.1,302,Clear sky,0,0,Sunny/Clear Conditions
25768,2021-10-01 14:00:00,40.741272,-73.97535,1,0,Driver Inexperience,4463049,19.4,9.5,0.0,0.0,0.0,0.0,0,13.8,28.1,302,Clear sky,1,1,Sunny/Clear Conditions
25769,2021-09-23 20:00:00,40.844864,-73.92256,0,0,Unspecified,4463212,26.2,18.0,15.6,15.6,0.0,14.0,63,40.7,77.4,156,Rain: Moderate,0,0,
25770,2021-09-30 13:15:00,40.719933,-73.97876,1,0,Pedestrian/Bicyclist/Other Pedestrian Error/Confusion,4463096,18.8,13.1,0.0,0.0,0.0,0.0,3,18.1,37.4,330,Overcast,1,1,
25771,2021-09-20 23:48:00,40.76579,-73.9807,1,0,Pedestrian/Bicyclist/Other Pedestrian Error/Confusion,4462901,23.1,14.9,0.0,0.0,0.0,0.0,3,17.0,34.2,116,Overcast,1,1,
25772,2021-10-01 12:30:00,40.686234,-73.82418,1,0,Failure to Yield Right-of-Way,4463886,19.4,9.5,0.0,0.0,0.0,0.0,0,13.8,28.1,302,Clear sky,1,1,Sunny/Clear Conditions
25773,2021-09-29 18:40:00,40.73564,-73.98257,2,0,Pedestrian/Bicyclist/Other Pedestrian Error/Confusion,4462570,19.9,11.3,0.0,0.0,0.0,0.0,3,20.6,41.8,331,Overcast,2,2,
25774,2021-10-01 09:45:00,40.69803,-73.975555,1,0,Unspecified,4463002,19.4,9.5,0.0,0.0,0.0,0.0,0,13.8,28.1,302,Clear sky,1,1,Sunny/Clear Conditions
25775,2021-09-28 11:40:00,40.66278,-73.88086,0,0,Unspecified,4462906,22.1,16.3,12.4,12.4,0.0,9.0,63,19.2,38.5,264,Rain: Moderate,0,0,
25776,2021-10-01 06:00:00,40.82325,-73.88277,0,0,Unspecified,4462864,19.4,9.5,0.0,0.0,0.0,0.0,0,13.8,28.1,302,Clear sky,0,0,Sunny/Clear Conditions
25777,2021-09-29 08:30:00,40.73352,-73.87489,0,0,Oversized Vehicle,4462772,19.9,11.3,0.0,0.0,0.0,0.0,3,20.6,41.8,331,Overcast,0,0,
25778,2021-09-30 12:23:00,40.87884,-73.9046,0,0,Unspecified,4463142,18.8,13.1,0.0,0.0,0.0,0.0,3,18.1,37.4,330,Overcast,0,0,
25779,2021-09-29 13:40:00,40.829136,-73.9114,1,0,Unspecified,4462586,19.9,11.3,0.0,0.0,0.0,0.0,3,20.6,41.8,331,Overcast,1,1,
25780,2021-10-01 15:45:00,40.67612,-73.936005,0,0,Driver Inattention/Distraction,4463461,19.4,9.5,0.0,0.0,0.0,0.0,0,13.8,28.1,302,Clear sky,0,0,Sunny/Clear Conditions
25781,2021-09-29 19:48:00,40.595707,-73.965065,1,0,Driver Inattention/Distraction,4462353,19.9,11.3,0.0,0.0,0.0,0.0,3,20.6,41.8,331,Overcast,1,1,
25782,2021-09-28 20:15:00,40.66203,-73.891075,0,0,Turning Improperly,4463749,22.1,16.3,12.4,12.4,0.0,9.0,63,19.2,38.5,264,Rain: Moderate,0,0,
25783,2021-12-22 00:00:00,40.82325,-73.88277,0,0,Following Too Closely,4490442,8.1,-0.0,4.2,4.2,0.0,9.0,61,26.7,47.9,313,Rain: Light,0,0,
25784,2021-05-29 01:25:00,40.689003,-73.829346,0,0,Passing or Lane Usage Improper,4422441,11.0,8.5,25.1,25.1,0.0,22.0,63,29.9,56.9,39,Rain: Moderate,0,0,
25785,2021-05-29 13:00:00,40.59601,-73.74267,0,0,Other Vehicular,4422442,11.0,8.5,25.1,25.1,0.0,22.0,63,29.9,56.9,39,Rain: Moderate,0,0,
25786,2021-05-24 17:20:00,40.67492,-73.836334,3,0,Following Too Closely,4420176,18.9,13.7,0.0,0.0,0.0,0.0,3,22.4,44.3,126,Overcast,3,3,
25787,2021-09-26 14:30:00,40.674088,-73.79837,0,0,Backing Unsafely,4463647,21.4,15.6,0.0,0.0,0.0,0.0,3,23.5,45.0,294,Overcast,0,0,
25788,2021-12-27 19:15:00,40.68064,-73.95338,0,0,Turning Improperly,4490111,2.7,-1.4,2.1,0.8,0.91,5.0,73,13.5,23.0,10,Snow fall: Moderate,0,0,Snowy Conditions
25789,2021-12-27 11:33:00,40.727524,-73.9443,0,0,Following Too Closely,4490010,2.7,-1.4,2.1,0.8,0.91,5.0,73,13.5,23.0,10,Snow fall: Moderate,0,0,Snowy Conditions
25790,2021-12-27 14:10:00,40.700813,-73.95447,1,0,Driver Inattention/Distraction,4490398,2.7,-1.4,2.1,0.8,0.91,5.0,73,13.5,23.0,10,Snow fall: Moderate,1,1,Snowy Conditions
25791,2021-12-19 19:00:00,40.761486,-73.96061,1,0,Driver Inattention/Distraction,4490451,7.1,-1.8,0.5,0.5,0.0,4.0,51,26.4,47.5,327,Drizzle: Light,1,1,
25792,2021-12-27 13:48:00,40.632885,-73.94771,0,0,Unspecified,4490040,2.7,-1.4,2.1,0.8,0.91,5.0,73,13.5,23.0,10,Snow fall: Moderate,0,0,Snowy Conditions
25793,2021-12-27 18:01:00,40.69897,-73.95702,0,0,Alcohol Involvement,4490194,2.7,-1.4,2.1,0.8,0.91,5.0,73,13.5,23.0,10,Snow fall: Moderate,0,0,Snowy Conditions
25794,2021-12-27 21:53:00,40.681515,-73.90412,1,0,Failure to Yield Right-of-Way,4490097,2.7,-1.4,2.1,0.8,0.91,5.0,73,13.5,23.0,10,Snow fall: Moderate,1,1,Snowy Conditions
25795,2021-12-27 20:31:00,40.593227,-73.973755,0,0,Pavement Slippery,4490209,2.7,-1.4,2.1,0.8,0.91,5.0,73,13.5,23.0,10,Snow fall: Moderate,0,0,Snowy Conditions
25796,2021-12-24 14:11:00,40.78588,-73.94884,0,0,Unspecified,4490428,5.7,-1.1,1.0,0.0,0.7,5.0,73,12.4,21.6,73,Snow fall: Moderate,0,0,Snowy Conditions
25797,2021-12-27 08:15:00,40.860577,-73.90255,0,0,Unspecified,4489951,2.7,-1.4,2.1,0.8,0.91,5.0,73,13.5,23.0,10,Snow fall: Moderate,0,0,Snowy Conditions
25798,2021-12-27 07:45:00,40.68122,-73.98047,0,0,Passing or Lane Usage Improper,4490495,2.7,-1.4,2.1,0.8,0.91,5.0,73,13.5,23.0,10,Snow fall: Moderate,0,0,Snowy Conditions
25799,2021-12-27 18:30:00,40.67816,-73.897484,1,0,Alcohol Involvement,4490077,2.7,-1.4,2.1,0.8,0.91,5.0,73,13.5,23.0,10,Snow fall: Moderate,1,1,Snowy Conditions
25800,2021-10-08 08:00:00,40.769333,-73.912445,1,0,Driver Inattention/Distraction,4490460,23.7,14.5,0.0,0.0,0.0,0.0,3,13.0,22.3,94,Overcast,1,1,
25801,2021-12-06 21:50:00,40.882908,-73.908264,0,0,Reaction to Uninvolved Vehicle,4490407,16.3,7.7,6.3,6.3,0.0,10.0,61,35.1,65.5,201,Rain: Light,0,0,
25802,2021-12-27 20:40:00,40.624653,-73.99933,1,0,View Obstructed/Limited,4490334,2.7,-1.4,2.1,0.8,0.91,5.0,73,13.5,23.0,10,Snow fall: Moderate,1,1,Snowy Conditions
25803,2021-12-27 18:15:00,40.77099,-73.99092,1,0,Driver Inattention/Distraction,4490129,2.7,-1.4,2.1,0.8,0.91,5.0,73,13.5,23.0,10,Snow fall: Moderate,1,1,Snowy Conditions
25804,2021-12-27 23:37:00,40.591423,-73.92358,0,0,Unspecified,4490206,2.7,-1.4,2.1,0.8,0.91,5.0,73,13.5,23.0,10,Snow fall: Moderate,0,0,Snowy Conditions
25805,2021-12-22 20:45:00,40.71795,-73.94769,0,0,Passing Too Closely,4490466,8.1,-0.0,4.2,4.2,0.0,9.0,61,26.7,47.9,313,Rain: Light,0,0,
25806,2021-12-27 11:59:00,40.670094,-73.907974,0,0,Other Vehicular,4489979,2.7,-1.4,2.1,0.8,0.91,5.0,73,13.5,23.0,10,Snow fall: Moderate,0,0,Snowy Conditions
25807,2021-12-27 01:25:00,40.764053,-73.96476,0,0,Driver Inattention/Distraction,4490365,2.7,-1.4,2.1,0.8,0.91,5.0,73,13.5,23.0,10,Snow fall: Moderate,0,0,Snowy Conditions
25808,2021-12-27 20:00:00,40.74539,-73.90559,1,0,Driver Inattention/Distraction,4490055,2.7,-1.4,2.1,0.8,0.91,5.0,73,13.5,23.0,10,Snow fall: Moderate,1,1,Snowy Conditions
25809,2021-12-27 00:00:00,40.837906,-73.93835,1,0,Failure to Yield Right-of-Way,4490388,2.7,-1.4,2.1,0.8,0.91,5.0,73,13.5,23.0,10,Snow fall: Moderate,1,1,Snowy Conditions
25810,2021-05-29 20:40:00,40.830223,-73.908966,0,0,Unspecified,4421661,11.0,8.5,25.1,25.1,0.0,22.0,63,29.9,56.9,39,Rain: Moderate,0,0,
25811,2021-05-29 16:55:00,40.749302,-73.86822,0,0,Driver Inattention/Distraction,4422059,11.0,8.5,25.1,25.1,0.0,22.0,63,29.9,56.9,39,Rain: Moderate,0,0,
25812,2021-05-29 19:35:00,40.644955,-73.92113,0,0,Alcohol Involvement,4421842,11.0,8.5,25.1,25.1,0.0,22.0,63,29.9,56.9,39,Rain: Moderate,0,0,
25813,2021-05-28 08:00:00,40.665314,-73.86846,0,0,Unspecified,4422245,19.4,10.6,25.0,25.0,0.0,8.0,63,25.6,47.9,62,Rain: Moderate,0,0,
25814,2021-05-29 01:50:00,40.66827,-73.90263,0,0,View Obstructed/Limited,4421431,11.0,8.5,25.1,25.1,0.0,22.0,63,29.9,56.9,39,Rain: Moderate,0,0,
25815,2021-05-29 16:35:00,40.69165,-73.779205,1,0,Driver Inattention/Distraction,4421780,11.0,8.5,25.1,25.1,0.0,22.0,63,29.9,56.9,39,Rain: Moderate,1,1,
25816,2021-05-27 16:55:00,40.794376,-73.933655,0,0,Unspecified,4422113,27.4,18.3,2.4,2.4,0.0,3.0,61,23.5,42.1,313,Rain: Light,0,0,
25817,2021-05-29 06:15:00,40.6957,-73.7933,0,0,Driver Inattention/Distraction,4421927,11.0,8.5,25.1,25.1,0.0,22.0,63,29.9,56.9,39,Rain: Moderate,0,0,
25818,2021-05-27 19:15:00,40.741077,-74.001564,0,0,Passing Too Closely,4422293,27.4,18.3,2.4,2.4,0.0,3.0,61,23.5,42.1,313,Rain: Light,0,0,
25819,2021-05-21 21:20:00,40.700123,-73.90622,1,0,Traffic Control Disregarded,4422358,23.9,11.3,0.0,0.0,0.0,0.0,3,19.2,38.5,174,Overcast,1,1,
25820,2021-05-29 00:14:00,40.7636,-73.77098,0,0,Driver Inattention/Distraction,4421447,11.0,8.5,25.1,25.1,0.0,22.0,63,29.9,56.9,39,Rain: Moderate,0,0,
25821,2021-05-29 10:00:00,40.684746,-73.83112,1,0,Failure to Yield Right-of-Way,4421985,11.0,8.5,25.1,25.1,0.0,22.0,63,29.9,56.9,39,Rain: Moderate,1,1,
25822,2021-05-29 16:40:00,40.654484,-73.886536,0,0,Unspecified,4422243,11.0,8.5,25.1,25.1,0.0,22.0,63,29.9,56.9,39,Rain: Moderate,0,0,
25823,2021-05-25 11:55:00,40.74688,-74.00224,0,0,Unsafe Lane Changing,4422286,21.9,13.0,0.0,0.0,0.0,0.0,3,24.3,47.9,182,Overcast,0,0,
25824,2021-05-28 13:18:00,40.67989,-73.94034,0,0,Following Too Closely,4422172,19.4,10.6,25.0,25.0,0.0,8.0,63,25.6,47.9,62,Rain: Moderate,0,0,
25825,2021-05-29 10:38:00,40.604618,-74.02771,0,0,Pavement Slippery,4421498,11.0,8.5,25.1,25.1,0.0,22.0,63,29.9,56.9,39,Rain: Moderate,0,0,
25826,2021-05-29 19:17:00,40.748825,-73.96984,2,0,Driver Inattention/Distraction,4421624,11.0,8.5,25.1,25.1,0.0,22.0,63,29.9,56.9,39,Rain: Moderate,2,2,
25827,2021-05-27 17:30:00,40.75081,-73.89398,0,0,Driver Inattention/Distraction,4422077,27.4,18.3,2.4,2.4,0.0,3.0,61,23.5,42.1,313,Rain: Light,0,0,
25828,2021-05-20 18:03:00,40.70603,-73.92842,1,0,Driver Inattention/Distraction,4422094,22.2,12.5,0.0,0.0,0.0,0.0,3,19.0,38.2,147,Overcast,1,1,
25829,2023-01-17 10:37:00,40.71976,-73.94476,0,0,Following Too Closely,4598414,7.1,-2.3,0.9,0.9,0.0,2.0,53,13.2,24.5,254,Drizzle: Moderate,0,0,
25830,2021-05-28 14:14:00,40.8077,-73.92955,1,0,Unsafe Speed,4422138,19.4,10.6,25.0,25.0,0.0,8.0,63,25.6,47.9,62,Rain: Moderate,1,1,
25831,2021-05-29 01:20:00,40.874992,-73.81846,1,0,Driver Inattention/Distraction,4421584,11.0,8.5,25.1,25.1,0.0,22.0,63,29.9,56.9,39,Rain: Moderate,1,1,
25832,2021-05-29 13:00:00,40.666355,-73.8045,0,0,Following Too Closely,4421533,11.0,8.5,25.1,25.1,0.0,22.0,63,29.9,56.9,39,Rain: Moderate,0,0,
25833,2021-05-23 20:50:00,40.713207,-73.97739,0,0,Unspecified,4422310,31.4,19.8,0.0,0.0,0.0,0.0,3,28.5,54.4,322,Overcast,0,0,
25834,2021-05-25 14:00:00,40.61306,-73.92618,1,0,Following Too Closely,4422338,21.9,13.0,0.0,0.0,0.0,0.0,3,24.3,47.9,182,Overcast,1,1,
25835,2021-05-27 16:50:00,40.86101,-73.910355,1,0,Failure to Yield Right-of-Way,4422400,27.4,18.3,2.4,2.4,0.0,3.0,61,23.5,42.1,313,Rain: Light,1,1,
25836,2021-05-29 20:30:00,40.703835,-73.778496,0,0,Driver Inattention/Distraction,4421564,11.0,8.5,25.1,25.1,0.0,22.0,63,29.9,56.9,39,Rain: Moderate,0,0,
25837,2021-05-29 18:10:00,40.68418,-73.78298,0,0,Backing Unsafely,4421537,11.0,8.5,25.1,25.1,0.0,22.0,63,29.9,56.9,39,Rain: Moderate,0,0,
25838,2021-05-27 00:00:00,40.68857,-73.8757,0,0,Driver Inattention/Distraction,4422258,27.4,18.3,2.4,2.4,0.0,3.0,61,23.5,42.1,313,Rain: Light,0,0,
25839,2021-05-29 18:55:00,40.590187,-73.95383,1,0,Driver Inexperience,4421610,11.0,8.5,25.1,25.1,0.0,22.0,63,29.9,56.9,39,Rain: Moderate,1,1,
25840,2021-05-26 14:30:00,40.81626,-73.92725,1,0,Unspecified,4422137,29.5,17.4,0.1,0.1,0.0,1.0,51,23.4,45.7,210,Drizzle: Light,1,1,
25841,2021-05-29 16:30:00,40.60503,-74.06574,0,0,Driver Inattention/Distraction,4422013,11.0,8.5,25.1,25.1,0.0,22.0,63,29.9,56.9,39,Rain: Moderate,0,0,
25842,2021-05-25 09:07:00,40.73332,-73.95945,2,0,Steering Failure,4422163,21.9,13.0,0.0,0.0,0.0,0.0,3,24.3,47.9,182,Overcast,2,2,
25843,2021-05-27 22:20:00,40.709713,-73.95489,1,0,Passing or Lane Usage Improper,4422100,27.4,18.3,2.4,2.4,0.0,3.0,61,23.5,42.1,313,Rain: Light,1,1,
25844,2021-05-29 18:47:00,40.710247,-73.74215,0,0,Unspecified,4421527,11.0,8.5,25.1,25.1,0.0,22.0,63,29.9,56.9,39,Rain: Moderate,0,0,
25845,2021-05-29 14:25:00,40.59894,-73.997894,0,0,Unspecified,4421597,11.0,8.5,25.1,25.1,0.0,22.0,63,29.9,56.9,39,Rain: Moderate,0,0,
25846,2021-05-29 20:15:00,40.86357,-73.92602,1,0,Driver Inattention/Distraction,4421797,11.0,8.5,25.1,25.1,0.0,22.0,63,29.9,56.9,39,Rain: Moderate,1,1,
25847,2021-05-27 15:50:00,40.704746,-73.91404,0,0,Backing Unsafely,4422303,27.4,18.3,2.4,2.4,0.0,3.0,61,23.5,42.1,313,Rain: Light,0,0,
25848,2021-05-24 16:00:00,40.72543,-73.99678,1,0,Driver Inattention/Distraction,4422423,18.9,13.7,0.0,0.0,0.0,0.0,3,22.4,44.3,126,Overcast,1,1,
25849,2021-05-28 15:42:00,40.830025,-73.872765,0,0,Unspecified,4422092,19.4,10.6,25.0,25.0,0.0,8.0,63,25.6,47.9,62,Rain: Moderate,0,0,
25850,2021-05-29 19:04:00,40.656116,-73.89666,1,0,Driver Inattention/Distraction,4422210,11.0,8.5,25.1,25.1,0.0,22.0,63,29.9,56.9,39,Rain: Moderate,1,1,
25851,2021-05-22 23:30:00,40.717724,-73.98579,0,0,Unspecified,4422311,30.5,16.5,0.0,0.0,0.0,0.0,3,19.1,36.4,299,Overcast,0,0,
25852,2021-05-29 16:40:00,40.75858,-73.82562,0,0,Failure to Yield Right-of-Way,4421626,11.0,8.5,25.1,25.1,0.0,22.0,63,29.9,56.9,39,Rain: Moderate,0,0,
25853,2021-05-28 13:15:00,40.74331,-73.87451,0,1,Failure to Yield Right-of-Way,4422372,19.4,10.6,25.0,25.0,0.0,8.0,63,25.6,47.9,62,Rain: Moderate,20,1,
25854,2021-05-29 15:30:00,40.605568,-74.03118,0,0,Passing or Lane Usage Improper,4421724,11.0,8.5,25.1,25.1,0.0,22.0,63,29.9,56.9,39,Rain: Moderate,0,0,
25855,2021-05-23 17:05:00,40.674652,-73.87712,0,0,Passing or Lane Usage Improper,4422262,31.4,19.8,0.0,0.0,0.0,0.0,3,28.5,54.4,322,Overcast,0,0,
25856,2021-05-29 17:45:00,40.665794,-73.7464,0,0,Unspecified,4421550,11.0,8.5,25.1,25.1,0.0,22.0,63,29.9,56.9,39,Rain: Moderate,0,0,
25857,2021-05-27 10:00:00,40.677494,-73.90186,0,0,Unspecified,4422198,27.4,18.3,2.4,2.4,0.0,3.0,61,23.5,42.1,313,Rain: Light,0,0,
25858,2021-05-29 09:30:00,40.83419,-73.84525,0,0,Unspecified,4422107,11.0,8.5,25.1,25.1,0.0,22.0,63,29.9,56.9,39,Rain: Moderate,0,0,
25859,2021-05-29 17:24:00,40.80751,-73.93413,2,0,Unsafe Lane Changing,4422126,11.0,8.5,25.1,25.1,0.0,22.0,63,29.9,56.9,39,Rain: Moderate,2,2,
25860,2021-05-24 20:00:00,40.706173,-73.85186,0,0,Failure to Yield Right-of-Way,4422403,18.9,13.7,0.0,0.0,0.0,0.0,3,22.4,44.3,126,Overcast,0,0,
25861,2021-05-28 19:15:00,40.603188,-74.06724,0,0,Following Too Closely,4422184,19.4,10.6,25.0,25.0,0.0,8.0,63,25.6,47.9,62,Rain: Moderate,0,0,
25862,2021-05-26 09:00:00,40.547836,-74.22037,0,0,Passing or Lane Usage Improper,4422254,29.5,17.4,0.1,0.1,0.0,1.0,51,23.4,45.7,210,Drizzle: Light,0,0,
25863,2021-05-29 20:44:00,40.830738,-73.9105,2,0,Following Too Closely,4421885,11.0,8.5,25.1,25.1,0.0,22.0,63,29.9,56.9,39,Rain: Moderate,2,2,
25864,2021-05-27 15:00:00,40.679504,-73.87136,0,0,Unspecified,4422221,27.4,18.3,2.4,2.4,0.0,3.0,61,23.5,42.1,313,Rain: Light,0,0,
25865,2021-05-29 07:20:00,40.846413,-73.91689,0,0,Unspecified,4421992,11.0,8.5,25.1,25.1,0.0,22.0,63,29.9,56.9,39,Rain: Moderate,0,0,
25866,2021-05-29 19:24:00,40.637745,-74.07603,1,0,Driver Inattention/Distraction,4421745,11.0,8.5,25.1,25.1,0.0,22.0,63,29.9,56.9,39,Rain: Moderate,1,1,
25867,2021-05-22 17:35:00,40.827595,-73.85004,1,0,Driver Inattention/Distraction,4422086,30.5,16.5,0.0,0.0,0.0,0.0,3,19.1,36.4,299,Overcast,1,1,
25868,2021-05-28 14:30:00,40.758915,-73.9997,0,0,Passing or Lane Usage Improper,4422298,19.4,10.6,25.0,25.0,0.0,8.0,63,25.6,47.9,62,Rain: Moderate,0,0,
25869,2021-05-29 10:37:00,40.82419,-73.91385,2,0,Failure to Yield Right-of-Way,4421645,11.0,8.5,25.1,25.1,0.0,22.0,63,29.9,56.9,39,Rain: Moderate,2,2,
25870,2021-05-27 18:00:00,40.672314,-73.893036,1,0,Unspecified,4422203,27.4,18.3,2.4,2.4,0.0,3.0,61,23.5,42.1,313,Rain: Light,1,1,