,CRASH DATETIME,LATITUDE,LONGITUDE,NUMBER OF PERSONS INJURED,NUMBER OF PERSONS KILLED,CONTRIBUTING FACTOR VEHICLE 1,COLLISION_ID,temperature_2m_max,temperature_2m_min,precipitation_sum,rain_sum,snowfall_sum,precipitation_hours,weather_code,wind_speed_10m_max,wind_gusts_10m_max,wind_direction_10m_dominant,Weather Description,Severity_Score,Total_Affected_Persons,Weather_Category
25871,2021-05-27 13:00:00,40.60981,-73.92251,1,0,Backing Unsafely,4422325,27.4,18.3,2.4,2.4,0.0,3.0,61,23.5,42.1,313,Rain: Light,1,1,
25872,2021-05-29 01:30:00,40.712696,-73.99878,0,0,Driver Inattention/Distraction,4422035,11.0,8.5,25.1,25.1,0.0,22.0,63,29.9,56.9,39,Rain: Moderate,0,0,
25873,2021-05-29 12:15:00,40.662556,-73.91963,1,0,Brakes Defective,4421781,11.0,8.5,25.1,25.1,0.0,22.0,63,29.9,56.9,39,Rain: Moderate,1,1,
25874,2021-05-29 16:30:00,40.575645,-74.169815,0,0,Turning Improperly,4422039,11.0,8.5,25.1,25.1,0.0,22.0,63,29.9,56.9,39,Rain: Moderate,0,0,
25875,2021-05-29 13:35:00,40.71808,-73.94781,0,0,Following Too Closely,4421947,11.0,8.5,25.1,25.1,0.0,22.0,63,29.9,56.9,39,Rain: Moderate,0,0,
25876,2021-05-27 18:34:00,40.66278,-73.88086,1,0,Unspecified,4422237,27.4,18.3,2.4,2.4,0.0,3.0,61,23.5,42.1,313,Rain: Light,1,1,
25877,2021-05-29 03:02:00,40.74348,-73.921486,0,0,Fell Asleep,4421433,11.0,8.5,25.1,25.1,0.0,22.0,63,29.9,56.9,39,Rain: Moderate,0,0,
25878,2021-05-28 19:00:00,40.739902,-73.791275,0,0,Reaction to Uninvolved Vehicle,4422362,19.4,10.6,25.0,25.0,0.0,8.0,63,25.6,47.9,62,Rain: Moderate,0,0,
25879,2021-05-29 02:15:00,40.882217,-73.88046,0,0,Turning Improperly,4421704,11.0,8.5,25.1,25.1,0.0,22.0,63,29.9,56.9,39,Rain: Moderate,0,0,
25880,2021-05-29 23:58:00,40.84954,-73.93641,0,0,Unspecified,4422178,11.0,8.5,25.1,25.1,0.0,22.0,63,29.9,56.9,39,Rain: Moderate,0,0,
25881,2021-05-29 11:20:00,40.622288,-73.92624,0,0,Unspecified,4422323,11.0,8.5,25.1,25.1,0.0,22.0,63,29.9,56.9,39,Rain: Moderate,0,0,
25882,2021-05-15 02:10:00,40.658577,-73.89063,1,0,Unspecified,4422215,22.4,8.7,0.0,0.0,0.0,0.0,3,12.5,23.8,229,Overcast,1,1,
25883,2021-05-29 04:24:00,40.843994,-73.89752,0,0,Passing or Lane Usage Improper,4421462,11.0,8.5,25.1,25.1,0.0,22.0,63,29.9,56.9,39,Rain: Moderate,0,0,
25884,2021-05-25 19:50:00,40.53561,-74.18344,0,0,Unspecified,4422244,21.9,13.0,0.0,0.0,0.0,0.0,3,24.3,47.9,182,Overcast,0,0,
25885,2021-05-29 15:19:00,40.72455,-74.00194,1,0,Driver Inattention/Distraction,4421635,11.0,8.5,25.1,25.1,0.0,22.0,63,29.9,56.9,39,Rain: Moderate,1,1,
25886,2021-05-29 15:50:00,40.722286,-73.957466,1,0,Following Too Closely,4421948,11.0,8.5,25.1,25.1,0.0,22.0,63,29.9,56.9,39,Rain: Moderate,1,1,
25887,2021-05-25 21:00:00,40.744373,-74.00396,0,0,Passing Too Closely,4422287,21.9,13.0,0.0,0.0,0.0,0.0,3,24.3,47.9,182,Overcast,0,0,
25888,2021-05-29 19:30:00,40.716522,-73.98863,1,0,Driver Inattention/Distraction,4421750,11.0,8.5,25.1,25.1,0.0,22.0,63,29.9,56.9,39,Rain: Moderate,1,1,
25889,2021-05-28 00:01:00,40.668613,-73.86857,0,0,Backing Unsafely,4422171,19.4,10.6,25.0,25.0,0.0,8.0,63,25.6,47.9,62,Rain: Moderate,0,0,
25890,2021-05-27 10:34:00,40.673916,-73.88598,1,0,Failure to Yield Right-of-Way,4422202,27.4,18.3,2.4,2.4,0.0,3.0,61,23.5,42.1,313,Rain: Light,1,1,
25891,2021-05-29 05:53:00,40.84497,-73.9092,0,0,Steering Failure,4421856,11.0,8.5,25.1,25.1,0.0,22.0,63,29.9,56.9,39,Rain: Moderate,0,0,
25892,2021-05-28 11:50:00,40.62797,-73.92683,0,0,Passing or Lane Usage Improper,4422340,19.4,10.6,25.0,25.0,0.0,8.0,63,25.6,47.9,62,Rain: Moderate,0,0,
25893,2021-05-28 11:55:00,40.56393,-74.18512,0,0,Unspecified,4422261,19.4,10.6,25.0,25.0,0.0,8.0,63,25.6,47.9,62,Rain: Moderate,0,0,
25894,2021-05-29 13:30:00,40.62488,-74.01964,0,0,Driver Inattention/Distraction,4421549,11.0,8.5,25.1,25.1,0.0,22.0,63,29.9,56.9,39,Rain: Moderate,0,0,
25895,2021-05-28 07:00:00,40.710533,-73.95514,0,0,Passing Too Closely,4422103,19.4,10.6,25.0,25.0,0.0,8.0,63,25.6,47.9,62,Rain: Moderate,0,0,
25896,2021-05-27 16:47:00,40.633144,-73.92356,0,0,Unspecified,4422331,27.4,18.3,2.4,2.4,0.0,3.0,61,23.5,42.1,313,Rain: Light,0,0,
25897,2021-05-27 18:28:00,40.774284,-73.94734,0,0,Driver Inattention/Distraction,4422159,27.4,18.3,2.4,2.4,0.0,3.0,61,23.5,42.1,313,Rain: Light,0,0,
25898,2021-05-27 22:30:00,40.7509,-73.99812,0,0,Driver Inattention/Distraction,4422292,27.4,18.3,2.4,2.4,0.0,3.0,61,23.5,42.1,313,Rain: Light,0,0,
25899,2021-05-29 15:00:00,40.685436,-73.79326,0,0,Unspecified,4421530,11.0,8.5,25.1,25.1,0.0,22.0,63,29.9,56.9,39,Rain: Moderate,0,0,
25900,2021-05-29 08:08:00,40.84664,-73.92568,1,0,Unspecified,4422055,11.0,8.5,25.1,25.1,0.0,22.0,63,29.9,56.9,39,Rain: Moderate,1,1,
25901,2021-05-29 12:15:00,40.818768,-73.86338,0,0,Driver Inattention/Distraction,4422108,11.0,8.5,25.1,25.1,0.0,22.0,63,29.9,56.9,39,Rain: Moderate,0,0,
25902,2021-05-29 21:07:00,40.745235,-73.937706,0,0,Driver Inattention/Distraction,4421555,11.0,8.5,25.1,25.1,0.0,22.0,63,29.9,56.9,39,Rain: Moderate,0,0,
25903,2021-05-29 20:45:00,40.672016,-73.92425,0,0,Alcohol Involvement,4421796,11.0,8.5,25.1,25.1,0.0,22.0,63,29.9,56.9,39,Rain: Moderate,0,0,
25904,2021-05-27 14:00:00,40.679195,-73.88544,0,0,Unspecified,4422211,27.4,18.3,2.4,2.4,0.0,3.0,61,23.5,42.1,313,Rain: Light,0,0,
25905,2021-05-26 08:45:00,40.520916,-74.235115,0,0,Passing Too Closely,4422251,29.5,17.4,0.1,0.1,0.0,1.0,51,23.4,45.7,210,Drizzle: Light,0,0,
25906,2021-05-28 19:40:00,40.64336,-73.973526,2,0,Driver Inattention/Distraction,4422164,19.4,10.6,25.0,25.0,0.0,8.0,63,25.6,47.9,62,Rain: Moderate,2,2,
25907,2021-05-29 18:00:00,40.7429,-73.99281,0,0,Passing or Lane Usage Improper,4421654,11.0,8.5,25.1,25.1,0.0,22.0,63,29.9,56.9,39,Rain: Moderate,0,0,
25908,2021-05-29 17:00:00,40.736317,-73.85903,0,0,Unspecified,4421831,11.0,8.5,25.1,25.1,0.0,22.0,63,29.9,56.9,39,Rain: Moderate,0,0,
25909,2021-05-28 22:20:00,40.602592,-73.74969,0,0,Passing Too Closely,4422430,19.4,10.6,25.0,25.0,0.0,8.0,63,25.6,47.9,62,Rain: Moderate,0,0,
25910,2021-05-29 21:35:00,40.716194,-73.996086,0,0,Driver Inattention/Distraction,4422414,11.0,8.5,25.1,25.1,0.0,22.0,63,29.9,56.9,39,Rain: Moderate,0,0,
25911,2021-05-29 21:35:00,40.699627,-73.923836,0,0,Passing or Lane Usage Improper,4422304,11.0,8.5,25.1,25.1,0.0,22.0,63,29.9,56.9,39,Rain: Moderate,0,0,
25912,2021-05-27 16:05:00,40.675735,-73.89686,0,0,Unspecified,4422206,27.4,18.3,2.4,2.4,0.0,3.0,61,23.5,42.1,313,Rain: Light,0,0,
25913,2021-05-26 22:10:00,40.771725,-73.92633,2,0,Driver Inattention/Distraction,4422374,29.5,17.4,0.1,0.1,0.0,1.0,51,23.4,45.7,210,Drizzle: Light,2,2,
25914,2021-05-28 23:10:00,40.83302,-73.862724,1,0,Unspecified,4422099,19.4,10.6,25.0,25.0,0.0,8.0,63,25.6,47.9,62,Rain: Moderate,1,1,
25915,2021-05-29 09:48:00,40.62578,-74.02416,1,0,Failure to Yield Right-of-Way,4421496,11.0,8.5,25.1,25.1,0.0,22.0,63,29.9,56.9,39,Rain: Moderate,1,1,
25916,2021-05-28 20:00:00,40.80719,-73.92431,1,0,Unspecified,4422146,19.4,10.6,25.0,25.0,0.0,8.0,63,25.6,47.9,62,Rain: Moderate,1,1,
25917,2021-05-29 02:10:00,40.59855,-73.95904,0,0,View Obstructed/Limited,4421611,11.0,8.5,25.1,25.1,0.0,22.0,63,29.9,56.9,39,Rain: Moderate,0,0,
25918,2021-05-28 14:00:00,40.832386,-73.86457,0,0,Unspecified,4422112,19.4,10.6,25.0,25.0,0.0,8.0,63,25.6,47.9,62,Rain: Moderate,0,0,
25919,2021-05-29 02:00:00,40.74166,-73.735886,0,0,Pavement Slippery,4422076,11.0,8.5,25.1,25.1,0.0,22.0,63,29.9,56.9,39,Rain: Moderate,0,0,
25920,2021-05-29 22:45:00,40.756474,-73.805466,1,0,Unspecified,4421910,11.0,8.5,25.1,25.1,0.0,22.0,63,29.9,56.9,39,Rain: Moderate,1,1,
25921,2021-05-25 19:15:00,40.709095,-73.99622,0,0,Driver Inattention/Distraction,4422429,21.9,13.0,0.0,0.0,0.0,0.0,3,24.3,47.9,182,Overcast,0,0,
25922,2021-05-27 19:29:00,40.664074,-73.86052,0,0,Driver Inattention/Distraction,4422257,27.4,18.3,2.4,2.4,0.0,3.0,61,23.5,42.1,313,Rain: Light,0,0,
25923,2021-05-27 21:20:00,40.671795,-73.89195,1,0,Unspecified,4422207,27.4,18.3,2.4,2.4,0.0,3.0,61,23.5,42.1,313,Rain: Light,1,1,
25924,2021-05-29 21:00:00,40.676342,-73.910934,0,0,Driver Inattention/Distraction,4421720,11.0,8.5,25.1,25.1,0.0,22.0,63,29.9,56.9,39,Rain: Moderate,0,0,
25925,2021-05-27 11:30:00,40.683598,-73.88563,0,0,Unspecified,4422160,27.4,18.3,2.4,2.4,0.0,3.0,61,23.5,42.1,313,Rain: Light,0,0,
25926,2021-05-26 09:55:00,40.611122,-74.11283,0,0,Following Too Closely,4422186,29.5,17.4,0.1,0.1,0.0,1.0,51,23.4,45.7,210,Drizzle: Light,0,0,
25927,2021-05-29 15:10:00,40.68714,-73.98124,1,0,Passing or Lane Usage Improper,4421829,11.0,8.5,25.1,25.1,0.0,22.0,63,29.9,56.9,39,Rain: Moderate,1,1,
25928,2021-05-29 13:35:00,40.688904,-73.980934,0,0,Passing Too Closely,4421504,11.0,8.5,25.1,25.1,0.0,22.0,63,29.9,56.9,39,Rain: Moderate,0,0,
25929,2021-05-29 09:45:00,40.61242,-74.13245,0,0,Driver Inattention/Distraction,4422029,11.0,8.5,25.1,25.1,0.0,22.0,63,29.9,56.9,39,Rain: Moderate,0,0,
25930,2021-05-29 21:55:00,40.699844,-73.991035,0,0,Traffic Control Disregarded,4421577,11.0,8.5,25.1,25.1,0.0,22.0,63,29.9,56.9,39,Rain: Moderate,0,0,
25931,2021-05-29 17:00:00,40.718777,-73.995705,0,0,Passing Too Closely,4422044,11.0,8.5,25.1,25.1,0.0,22.0,63,29.9,56.9,39,Rain: Moderate,0,0,
25932,2021-05-29 19:10:00,40.675884,-73.75577,0,0,Passing or Lane Usage Improper,4421682,11.0,8.5,25.1,25.1,0.0,22.0,63,29.9,56.9,39,Rain: Moderate,0,0,
25933,2021-05-29 10:00:00,40.63215,-74.16525,0,0,Driver Inattention/Distraction,4422028,11.0,8.5,25.1,25.1,0.0,22.0,63,29.9,56.9,39,Rain: Moderate,0,0,
25934,2021-05-24 13:20:00,40.815155,-73.95784,0,0,Passing or Lane Usage Improper,4422220,18.9,13.7,0.0,0.0,0.0,0.0,3,22.4,44.3,126,Overcast,0,0,
25935,2021-05-29 22:16:00,40.713116,-73.90972,2,0,Unsafe Speed,4421875,11.0,8.5,25.1,25.1,0.0,22.0,63,29.9,56.9,39,Rain: Moderate,2,2,
25936,2021-05-28 18:35:00,40.65662,-73.889175,1,0,Pavement Slippery,4422238,19.4,10.6,25.0,25.0,0.0,8.0,63,25.6,47.9,62,Rain: Moderate,1,1,
25937,2021-05-29 03:19:00,40.634396,-74.02363,0,0,Passing Too Closely,4421437,11.0,8.5,25.1,25.1,0.0,22.0,63,29.9,56.9,39,Rain: Moderate,0,0,
25938,2021-05-21 17:15:00,40.680775,-73.76383,0,0,Unspecified,4422280,23.9,11.3,0.0,0.0,0.0,0.0,3,19.2,38.5,174,Overcast,0,0,
25939,2021-05-22 03:47:00,40.685028,-73.94135,0,0,Turning Improperly,4422176,30.5,16.5,0.0,0.0,0.0,0.0,3,19.1,36.4,299,Overcast,0,0,
25940,2021-05-27 18:20:00,40.705265,-73.81606,1,0,Unspecified,4422361,27.4,18.3,2.4,2.4,0.0,3.0,61,23.5,42.1,313,Rain: Light,1,1,
25941,2021-05-25 19:46:00,40.618366,-73.94428,5,0,Driver Inattention/Distraction,4422332,21.9,13.0,0.0,0.0,0.0,0.0,3,24.3,47.9,182,Overcast,5,5,
25942,2021-05-29 13:07:00,40.830906,-73.8736,0,0,Following Too Closely,4422109,11.0,8.5,25.1,25.1,0.0,22.0,63,29.9,56.9,39,Rain: Moderate,0,0,
25943,2021-05-29 18:00:00,40.7185,-73.73531,0,0,Unspecified,4421553,11.0,8.5,25.1,25.1,0.0,22.0,63,29.9,56.9,39,Rain: Moderate,0,0,
25944,2021-05-29 20:45:00,40.73532,-73.920265,1,0,Driver Inattention/Distraction,4421557,11.0,8.5,25.1,25.1,0.0,22.0,63,29.9,56.9,39,Rain: Moderate,1,1,
25945,2021-05-29 17:10:00,40.64254,-73.87652,1,0,Aggressive Driving/Road Rage,4422087,11.0,8.5,25.1,25.1,0.0,22.0,63,29.9,56.9,39,Rain: Moderate,1,1,
25946,2021-05-27 13:25:00,40.541153,-74.16696,1,0,Failure to Yield Right-of-Way,4422270,27.4,18.3,2.4,2.4,0.0,3.0,61,23.5,42.1,313,Rain: Light,1,1,
25947,2021-05-29 12:29:00,40.60712,-73.983376,0,0,Unspecified,4421596,11.0,8.5,25.1,25.1,0.0,22.0,63,29.9,56.9,39,Rain: Moderate,0,0,
25948,2021-12-27 11:20:00,40.85038,-73.90699,2,0,Other Vehicular,4490122,2.7,-1.4,2.1,0.8,0.91,5.0,73,13.5,23.0,10,Snow fall: Moderate,2,2,Snowy Conditions
25949,2021-05-27 17:25:00,40.699627,-73.923836,1,0,Unspecified,4422296,27.4,18.3,2.4,2.4,0.0,3.0,61,23.5,42.1,313,Rain: Light,1,1,
25950,2021-05-29 05:30:00,40.74549,-73.99307,0,0,View Obstructed/Limited,4421652,11.0,8.5,25.1,25.1,0.0,22.0,63,29.9,56.9,39,Rain: Moderate,0,0,
25951,2021-05-27 17:33:00,40.806847,-73.906845,1,0,Backing Unsafely,4422130,27.4,18.3,2.4,2.4,0.0,3.0,61,23.5,42.1,313,Rain: Light,1,1,
25952,2021-05-27 16:30:00,40.61432,-73.92772,0,0,Unspecified,4422330,27.4,18.3,2.4,2.4,0.0,3.0,61,23.5,42.1,313,Rain: Light,0,0,
25953,2021-05-28 00:27:00,40.7055,-73.95972,0,0,Driver Inattention/Distraction,4422089,19.4,10.6,25.0,25.0,0.0,8.0,63,25.6,47.9,62,Rain: Moderate,0,0,
25954,2021-05-28 21:57:00,40.805737,-73.94065,0,0,Following Too Closely,4422123,19.4,10.6,25.0,25.0,0.0,8.0,63,25.6,47.9,62,Rain: Moderate,0,0,
25955,2021-05-21 17:00:00,40.805637,-73.9344,0,0,Passing or Lane Usage Improper,4422152,23.9,11.3,0.0,0.0,0.0,0.0,3,19.2,38.5,174,Overcast,0,0,
25956,2021-05-29 07:00:00,40.66632,-73.83481,1,0,View Obstructed/Limited,4421531,11.0,8.5,25.1,25.1,0.0,22.0,63,29.9,56.9,39,Rain: Moderate,1,1,
25957,2021-05-29 01:10:00,40.61913,-73.99019,0,0,Driver Inattention/Distraction,4421595,11.0,8.5,25.1,25.1,0.0,22.0,63,29.9,56.9,39,Rain: Moderate,0,0,
25958,2021-05-29 13:55:00,40.74777,-74.000404,1,0,Turning Improperly,4422307,11.0,8.5,25.1,25.1,0.0,22.0,63,29.9,56.9,39,Rain: Moderate,1,1,
25959,2021-05-28 23:30:00,40.59907,-73.90498,0,0,Unspecified,4422322,19.4,10.6,25.0,25.0,0.0,8.0,63,25.6,47.9,62,Rain: Moderate,0,0,
25960,2021-05-29 23:02:00,40.765446,-73.827194,0,0,Alcohol Involvement,4421631,11.0,8.5,25.1,25.1,0.0,22.0,63,29.9,56.9,39,Rain: Moderate,0,0,
25961,2021-05-29 01:58:00,40.584557,-73.950874,0,0,Driver Inexperience,4421952,11.0,8.5,25.1,25.1,0.0,22.0,63,29.9,56.9,39,Rain: Moderate,0,0,
25962,2021-05-29 13:19:00,40.69939,-73.91938,0,0,Driver Inattention/Distraction,4422299,11.0,8.5,25.1,25.1,0.0,22.0,63,29.9,56.9,39,Rain: Moderate,0,0,
25963,2021-05-28 22:15:00,40.696453,-73.956535,0,0,Alcohol Involvement,4422174,19.4,10.6,25.0,25.0,0.0,8.0,63,25.6,47.9,62,Rain: Moderate,0,0,
25964,2021-05-29 06:10:00,40.66912,-73.88222,0,0,Aggressive Driving/Road Rage,4422260,11.0,8.5,25.1,25.1,0.0,22.0,63,29.9,56.9,39,Rain: Moderate,0,0,
25965,2021-05-29 12:30:00,40.74778,-73.81294,0,0,Failure to Yield Right-of-Way,4421543,11.0,8.5,25.1,25.1,0.0,22.0,63,29.9,56.9,39,Rain: Moderate,0,0,
25966,2021-05-29 14:15:00,40.582752,-73.98633,0,0,Turning Improperly,4421678,11.0,8.5,25.1,25.1,0.0,22.0,63,29.9,56.9,39,Rain: Moderate,0,0,
25967,2021-05-29 08:30:00,40.84519,-73.9112,1,0,Driver Inattention/Distraction,4421502,11.0,8.5,25.1,25.1,0.0,22.0,63,29.9,56.9,39,Rain: Moderate,1,1,
25968,2021-05-29 10:01:00,40.662563,-73.94758,0,0,Following Too Closely,4421612,11.0,8.5,25.1,25.1,0.0,22.0,63,29.9,56.9,39,Rain: Moderate,0,0,
25969,2021-05-28 00:05:00,40.732037,-73.814926,1,0,Driver Inattention/Distraction,4422363,19.4,10.6,25.0,25.0,0.0,8.0,63,25.6,47.9,62,Rain: Moderate,1,1,
25970,2021-05-27 14:00:00,40.71162,-73.952995,0,0,Following Too Closely,4422082,27.4,18.3,2.4,2.4,0.0,3.0,61,23.5,42.1,313,Rain: Light,0,0,
25971,2021-05-29 11:10:00,40.621616,-73.99831,0,0,Driver Inattention/Distraction,4421600,11.0,8.5,25.1,25.1,0.0,22.0,63,29.9,56.9,39,Rain: Moderate,0,0,
25972,2021-05-26 12:00:00,40.678394,-73.880905,0,0,Driver Inattention/Distraction,4422218,29.5,17.4,0.1,0.1,0.0,1.0,51,23.4,45.7,210,Drizzle: Light,0,0,
25973,2021-12-27 16:00:00,40.776157,-73.932625,0,0,Backing Unsafely,4490362,2.7,-1.4,2.1,0.8,0.91,5.0,73,13.5,23.0,10,Snow fall: Moderate,0,0,Snowy Conditions
25974,2021-05-29 09:15:00,40.7154,-73.92693,0,0,Passing or Lane Usage Improper,4421760,11.0,8.5,25.1,25.1,0.0,22.0,63,29.9,56.9,39,Rain: Moderate,0,0,
25975,2021-05-29 06:08:00,40.834198,-73.86474,0,0,Unspecified,4422102,11.0,8.5,25.1,25.1,0.0,22.0,63,29.9,56.9,39,Rain: Moderate,0,0,
25976,2021-05-29 01:21:00,40.80853,-73.90497,0,0,Following Too Closely,4422145,11.0,8.5,25.1,25.1,0.0,22.0,63,29.9,56.9,39,Rain: Moderate,0,0,
25977,2021-05-27 11:00:00,40.66933,-73.8758,0,0,Other Vehicular,4422201,27.4,18.3,2.4,2.4,0.0,3.0,61,23.5,42.1,313,Rain: Light,0,0,
25978,2021-05-27 17:40:00,40.755215,-73.99668,0,0,Driver Inattention/Distraction,4422291,27.4,18.3,2.4,2.4,0.0,3.0,61,23.5,42.1,313,Rain: Light,0,0,
25979,2021-05-29 11:00:00,40.614937,-74.12742,0,0,Unspecified,4421737,11.0,8.5,25.1,25.1,0.0,22.0,63,29.9,56.9,39,Rain: Moderate,0,0,
25980,2021-05-27 17:53:00,40.652752,-73.88629,0,0,Other Vehicular,4422212,27.4,18.3,2.4,2.4,0.0,3.0,61,23.5,42.1,313,Rain: Light,0,0,
25981,2021-05-29 13:37:00,40.668377,-73.92012,0,0,Driver Inexperience,4421719,11.0,8.5,25.1,25.1,0.0,22.0,63,29.9,56.9,39,Rain: Moderate,0,0,
25982,2021-05-29 09:35:00,40.642014,-73.907974,0,0,Driver Inattention/Distraction,4421470,11.0,8.5,25.1,25.1,0.0,22.0,63,29.9,56.9,39,Rain: Moderate,0,0,
25983,2021-05-27 19:00:00,40.671432,-73.88718,1,0,Driver Inattention/Distraction,4422239,27.4,18.3,2.4,2.4,0.0,3.0,61,23.5,42.1,313,Rain: Light,1,1,
25984,2021-05-27 19:57:00,40.70886,-73.942566,0,0,Other Vehicular,4422382,27.4,18.3,2.4,2.4,0.0,3.0,61,23.5,42.1,313,Rain: Light,0,0,
25985,2021-05-29 19:40:00,40.761143,-73.838905,0,0,Driver Inattention/Distraction,4421832,11.0,8.5,25.1,25.1,0.0,22.0,63,29.9,56.9,39,Rain: Moderate,0,0,
25986,2021-05-29 08:45:00,40.613937,-73.918526,0,0,Unspecified,4422341,11.0,8.5,25.1,25.1,0.0,22.0,63,29.9,56.9,39,Rain: Moderate,0,0,
25987,2021-05-26 10:55:00,40.746815,-74.00612,1,0,Passing Too Closely,4422288,29.5,17.4,0.1,0.1,0.0,1.0,51,23.4,45.7,210,Drizzle: Light,1,1,
25988,2021-05-29 00:05:00,40.86769,-73.92122,0,0,Oversized Vehicle,4422181,11.0,8.5,25.1,25.1,0.0,22.0,63,29.9,56.9,39,Rain: Moderate,0,0,
25989,2021-05-29 13:20:00,40.63944,-73.94935,0,0,Driver Inattention/Distraction,4421868,11.0,8.5,25.1,25.1,0.0,22.0,63,29.9,56.9,39,Rain: Moderate,0,0,
25990,2021-05-26 21:35:00,40.667522,-73.78063,0,0,Passing Too Closely,4422409,29.5,17.4,0.1,0.1,0.0,1.0,51,23.4,45.7,210,Drizzle: Light,0,0,
25991,2021-05-29 18:05:00,40.84944,-73.906006,2,0,Driver Inattention/Distraction,4422069,11.0,8.5,25.1,25.1,0.0,22.0,63,29.9,56.9,39,Rain: Moderate,2,2,
25992,2021-05-27 12:00:00,40.60998,-74.12017,1,0,Passing or Lane Usage Improper,4422187,27.4,18.3,2.4,2.4,0.0,3.0,61,23.5,42.1,313,Rain: Light,1,1,
25993,2021-05-29 14:40:00,40.677483,-73.93033,0,0,Driver Inattention/Distraction,4421788,11.0,8.5,25.1,25.1,0.0,22.0,63,29.9,56.9,39,Rain: Moderate,0,0,
25994,2021-05-29 20:31:00,40.829597,-73.902245,1,0,Unspecified,4421657,11.0,8.5,25.1,25.1,0.0,22.0,63,29.9,56.9,39,Rain: Moderate,1,1,
25995,2021-05-08 15:38:00,40.85382,-73.93636,0,0,Driver Inattention/Distraction,4422233,11.6,7.7,4.3,4.3,0.0,9.0,61,17.5,36.4,140,Rain: Light,0,0,
25996,2021-05-27 23:34:00,40.536373,-74.176865,1,0,Unsafe Speed,4422250,27.4,18.3,2.4,2.4,0.0,3.0,61,23.5,42.1,313,Rain: Light,1,1,
25997,2021-05-28 23:42:00,40.816406,-73.86734,0,0,Driver Inattention/Distraction,4422098,19.4,10.6,25.0,25.0,0.0,8.0,63,25.6,47.9,62,Rain: Moderate,0,0,
25998,2021-05-29 21:58:00,40.625973,-73.97624,0,0,Alcohol Involvement,4422165,11.0,8.5,25.1,25.1,0.0,22.0,63,29.9,56.9,39,Rain: Moderate,0,0,
25999,2021-05-29 06:23:00,40.830738,-73.9105,0,0,Fell Asleep,4421891,11.0,8.5,25.1,25.1,0.0,22.0,63,29.9,56.9,39,Rain: Moderate,0,0,
26000,2021-05-27 16:35:00,40.876022,-73.862144,0,0,Driver Inattention/Distraction,4422431,27.4,18.3,2.4,2.4,0.0,3.0,61,23.5,42.1,313,Rain: Light,0,0,
26001,2021-05-29 03:31:00,40.636204,-74.150505,0,0,Brakes Defective,4422031,11.0,8.5,25.1,25.1,0.0,22.0,63,29.9,56.9,39,Rain: Moderate,0,0,
26002,2021-05-27 16:30:00,40.82752,-73.84776,2,0,Unspecified,4422295,27.4,18.3,2.4,2.4,0.0,3.0,61,23.5,42.1,313,Rain: Light,2,2,
26003,2021-05-27 11:05:00,40.667343,-73.89471,0,0,Unspecified,4422205,27.4,18.3,2.4,2.4,0.0,3.0,61,23.5,42.1,313,Rain: Light,0,0,
26004,2021-05-28 20:15:00,40.844147,-73.90061,0,0,Driver Inattention/Distraction,4422356,19.4,10.6,25.0,25.0,0.0,8.0,63,25.6,47.9,62,Rain: Moderate,0,0,
26005,2021-05-29 19:55:00,40.84944,-73.906006,2,0,Failure to Yield Right-of-Way,4422046,11.0,8.5,25.1,25.1,0.0,22.0,63,29.9,56.9,39,Rain: Moderate,2,2,
26006,2021-05-28 16:00:00,40.62997,-73.936775,1,0,Driver Inattention/Distraction,4422335,19.4,10.6,25.0,25.0,0.0,8.0,63,25.6,47.9,62,Rain: Moderate,1,1,
26007,2021-05-27 23:30:00,40.652714,-73.8906,3,0,Failure to Yield Right-of-Way,4422208,27.4,18.3,2.4,2.4,0.0,3.0,61,23.5,42.1,313,Rain: Light,3,3,
26008,2021-05-29 02:30:00,40.663773,-73.99596,0,0,Unspecified,4421444,11.0,8.5,25.1,25.1,0.0,22.0,63,29.9,56.9,39,Rain: Moderate,0,0,
26009,2021-05-20 18:00:00,40.751446,-74.001434,0,0,Turning Improperly,4422284,22.2,12.5,0.0,0.0,0.0,0.0,3,19.0,38.2,147,Overcast,0,0,
26010,2021-05-27 08:23:00,40.672047,-73.892975,0,0,Failure to Yield Right-of-Way,4422235,27.4,18.3,2.4,2.4,0.0,3.0,61,23.5,42.1,313,Rain: Light,0,0,
26011,2021-05-29 12:00:00,40.61476,-74.069016,0,0,Driver Inattention/Distraction,4421736,11.0,8.5,25.1,25.1,0.0,22.0,63,29.9,56.9,39,Rain: Moderate,0,0,
26012,2021-05-28 23:45:00,40.823902,-73.87451,0,0,Unspecified,4422110,19.4,10.6,25.0,25.0,0.0,8.0,63,25.6,47.9,62,Rain: Moderate,0,0,
26013,2021-05-29 19:00:00,40.6778,-73.823845,0,0,Failure to Yield Right-of-Way,4421559,11.0,8.5,25.1,25.1,0.0,22.0,63,29.9,56.9,39,Rain: Moderate,0,0,
26014,2021-05-20 22:43:00,40.708805,-73.92577,0,0,Driver Inattention/Distraction,4422105,22.2,12.5,0.0,0.0,0.0,0.0,3,19.0,38.2,147,Overcast,0,0,