,CRASH DATETIME,LATITUDE,LONGITUDE,NUMBER OF PERSONS INJURED,NUMBER OF PERSONS KILLED,CONTRIBUTING FACTOR VEHICLE 1,COLLISION_ID,temperature_2m_max,temperature_2m_min,precipitation_sum,rain_sum,snowfall_sum,precipitation_hours,weather_code,wind_speed_10m_max,wind_gusts_10m_max,wind_direction_10m_dominant,Weather Description,Severity_Score,Total_Affected_Persons,Weather_Category
26015,2021-12-27 22:10:00,40.782887,-73.9439,1,0,Driver Inattention/Distraction,4490253,2.7,-1.4,2.1,0.8,0.91,5.0,73,13.5,23.0,10,Snow fall: Moderate,1,1,Snowy Conditions
26016,2021-05-29 01:21:00,40.608727,-74.08839,0,0,Alcohol Involvement,4422182,11.0,8.5,25.1,25.1,0.0,22.0,63,29.9,56.9,39,Rain: Moderate,0,0,
26017,2021-05-29 18:05:00,40.829,-73.83642,0,0,Pavement Slippery,4421919,11.0,8.5,25.1,25.1,0.0,22.0,63,29.9,56.9,39,Rain: Moderate,0,0,
26018,2021-05-29 20:08:00,40.631275,-73.97606,0,0,Driver Inattention/Distraction,4422007,11.0,8.5,25.1,25.1,0.0,22.0,63,29.9,56.9,39,Rain: Moderate,0,0,
26019,2021-05-27 12:40:00,40.577545,-73.99789,0,0,Driver Inattention/Distraction,4422161,27.4,18.3,2.4,2.4,0.0,3.0,61,23.5,42.1,313,Rain: Light,0,0,
26020,2021-05-27 18:45:00,40.70322,-73.94079,1,0,Backing Unsafely,4422084,27.4,18.3,2.4,2.4,0.0,3.0,61,23.5,42.1,313,Rain: Light,1,1,
26021,2021-05-29 21:00:00,40.620804,-73.99294,0,0,Brakes Defective,4421599,11.0,8.5,25.1,25.1,0.0,22.0,63,29.9,56.9,39,Rain: Moderate,0,0,
26022,2021-05-29 00:30:00,40.746037,-73.9886,1,0,Unspecified,4421650,11.0,8.5,25.1,25.1,0.0,22.0,63,29.9,56.9,39,Rain: Moderate,1,1,
26023,2021-05-29 11:50:00,40.60625,-73.92374,0,0,Unspecified,4422329,11.0,8.5,25.1,25.1,0.0,22.0,63,29.9,56.9,39,Rain: Moderate,0,0,
26024,2021-05-29 13:15:00,40.66718,-73.95076,3,0,Turning Improperly,4421515,11.0,8.5,25.1,25.1,0.0,22.0,63,29.9,56.9,39,Rain: Moderate,3,3,
26025,2021-05-29 11:30:00,40.69939,-73.91938,0,0,Driver Inattention/Distraction,4422300,11.0,8.5,25.1,25.1,0.0,22.0,63,29.9,56.9,39,Rain: Moderate,0,0,
26026,2021-05-28 10:40:00,40.71473,-73.94208,0,0,Passing Too Closely,4422090,19.4,10.6,25.0,25.0,0.0,8.0,63,25.6,47.9,62,Rain: Moderate,0,0,
26027,2021-05-29 14:15:00,40.638477,-73.91528,0,0,Unspecified,4421818,11.0,8.5,25.1,25.1,0.0,22.0,63,29.9,56.9,39,Rain: Moderate,0,0,
26028,2021-05-29 09:45:00,40.695065,-73.75001,1,0,Turning Improperly,4422425,11.0,8.5,25.1,25.1,0.0,22.0,63,29.9,56.9,39,Rain: Moderate,1,1,
26029,2021-05-29 02:25:00,40.82472,-73.89179,0,0,Unspecified,4422268,11.0,8.5,25.1,25.1,0.0,22.0,63,29.9,56.9,39,Rain: Moderate,0,0,
26030,2021-05-26 18:25:00,40.726376,-73.76624,1,0,Failure to Yield Right-of-Way,4422360,29.5,17.4,0.1,0.1,0.0,1.0,51,23.4,45.7,210,Drizzle: Light,1,1,
26031,2021-05-29 22:55:00,40.665558,-73.72985,1,0,Driver Inattention/Distraction,4421601,11.0,8.5,25.1,25.1,0.0,22.0,63,29.9,56.9,39,Rain: Moderate,1,1,
26032,2021-05-29 11:10:00,40.82463,-73.91059,0,0,Failure to Yield Right-of-Way,4421658,11.0,8.5,25.1,25.1,0.0,22.0,63,29.9,56.9,39,Rain: Moderate,0,0,
26033,2021-05-25 01:40:00,40.637264,-73.9898,1,0,Unspecified,4422167,21.9,13.0,0.0,0.0,0.0,0.0,3,24.3,47.9,182,Overcast,1,1,
26034,2021-05-29 04:35:00,40.798225,-73.9291,0,0,Tire Failure/Inadequate,4422124,11.0,8.5,25.1,25.1,0.0,22.0,63,29.9,56.9,39,Rain: Moderate,0,0,
26035,2021-05-29 15:09:00,40.690216,-73.854645,0,0,Unspecified,4422132,11.0,8.5,25.1,25.1,0.0,22.0,63,29.9,56.9,39,Rain: Moderate,0,0,
26036,2021-05-29 04:53:00,40.589012,-73.788246,0,0,Passing Too Closely,4422435,11.0,8.5,25.1,25.1,0.0,22.0,63,29.9,56.9,39,Rain: Moderate,0,0,
26037,2021-05-29 09:20:00,40.70314,-73.76007,1,0,Failure to Yield Right-of-Way,4421512,11.0,8.5,25.1,25.1,0.0,22.0,63,29.9,56.9,39,Rain: Moderate,1,1,
26038,2021-05-29 22:00:00,40.846783,-73.907394,0,0,Unspecified,4422022,11.0,8.5,25.1,25.1,0.0,22.0,63,29.9,56.9,39,Rain: Moderate,0,0,
26039,2021-05-27 11:00:00,40.834896,-73.87495,1,0,Driver Inexperience,4422097,27.4,18.3,2.4,2.4,0.0,3.0,61,23.5,42.1,313,Rain: Light,1,1,
26040,2021-05-29 11:03:00,40.617764,-74.03338,0,0,Passing or Lane Usage Improper,4421499,11.0,8.5,25.1,25.1,0.0,22.0,63,29.9,56.9,39,Rain: Moderate,0,0,
26041,2021-05-29 15:34:00,40.58209,-73.955185,1,0,Turning Improperly,4421679,11.0,8.5,25.1,25.1,0.0,22.0,63,29.9,56.9,39,Rain: Moderate,1,1,
26042,2021-05-28 06:18:00,40.79965,-73.93999,0,0,Alcohol Involvement,4422122,19.4,10.6,25.0,25.0,0.0,8.0,63,25.6,47.9,62,Rain: Moderate,0,0,
26043,2021-05-29 21:00:00,40.71952,-73.814255,0,0,Unspecified,4422364,11.0,8.5,25.1,25.1,0.0,22.0,63,29.9,56.9,39,Rain: Moderate,0,0,
26044,2021-05-28 19:59:00,40.703934,-73.959854,2,0,Following Too Closely,4422078,19.4,10.6,25.0,25.0,0.0,8.0,63,25.6,47.9,62,Rain: Moderate,2,2,
26045,2021-05-29 13:00:00,40.606895,-74.00663,0,0,Backing Unsafely,4421591,11.0,8.5,25.1,25.1,0.0,22.0,63,29.9,56.9,39,Rain: Moderate,0,0,
26046,2021-05-24 01:33:00,40.66999,-73.85912,0,0,Unspecified,4422246,18.9,13.7,0.0,0.0,0.0,0.0,3,22.4,44.3,126,Overcast,0,0,
26047,2021-05-29 03:50:00,40.675735,-73.89686,0,0,Turning Improperly,4422213,11.0,8.5,25.1,25.1,0.0,22.0,63,29.9,56.9,39,Rain: Moderate,0,0,
26048,2021-05-29 11:00:00,40.74785,-73.88183,0,0,Following Too Closely,4421833,11.0,8.5,25.1,25.1,0.0,22.0,63,29.9,56.9,39,Rain: Moderate,0,0,
26049,2021-05-29 12:20:00,40.694576,-73.95615,2,0,Pavement Slippery,4421779,11.0,8.5,25.1,25.1,0.0,22.0,63,29.9,56.9,39,Rain: Moderate,2,2,
26050,2021-05-25 20:22:00,40.690796,-73.95637,0,0,Driver Inattention/Distraction,4422173,21.9,13.0,0.0,0.0,0.0,0.0,3,24.3,47.9,182,Overcast,0,0,
26051,2021-05-27 17:06:00,40.678864,-73.881454,0,0,Other Vehicular,4422200,27.4,18.3,2.4,2.4,0.0,3.0,61,23.5,42.1,313,Rain: Light,0,0,
26052,2021-05-29 22:03:00,40.652477,-73.94686,1,0,View Obstructed/Limited,4421869,11.0,8.5,25.1,25.1,0.0,22.0,63,29.9,56.9,39,Rain: Moderate,1,1,
26053,2021-03-26 15:40:00,40.693436,-73.97784,0,0,Unspecified,4422385,25.3,9.8,2.7,2.7,0.0,7.0,53,40.0,71.3,233,Drizzle: Moderate,0,0,
26054,2021-05-28 13:45:00,40.61477,-73.93663,0,0,Turning Improperly,4422342,19.4,10.6,25.0,25.0,0.0,8.0,63,25.6,47.9,62,Rain: Moderate,0,0,
26055,2021-05-27 23:45:00,40.66796,-73.87009,0,0,Failure to Yield Right-of-Way,4422259,27.4,18.3,2.4,2.4,0.0,3.0,61,23.5,42.1,313,Rain: Light,0,0,
26056,2021-12-27 05:30:00,40.75388,-73.822815,1,0,Failure to Yield Right-of-Way,4489874,2.7,-1.4,2.1,0.8,0.91,5.0,73,13.5,23.0,10,Snow fall: Moderate,1,1,Snowy Conditions
26057,2021-05-29 10:00:00,40.809418,-73.92158,0,0,Unspecified,4422142,11.0,8.5,25.1,25.1,0.0,22.0,63,29.9,56.9,39,Rain: Moderate,0,0,
26058,2021-05-29 08:40:00,40.65737,-73.94614,0,0,Unspecified,4421614,11.0,8.5,25.1,25.1,0.0,22.0,63,29.9,56.9,39,Rain: Moderate,0,0,
26059,2021-05-29 03:50:00,40.708935,-73.77721,0,0,Failure to Yield Right-of-Way,4421926,11.0,8.5,25.1,25.1,0.0,22.0,63,29.9,56.9,39,Rain: Moderate,0,0,
26060,2021-05-27 16:50:00,40.80129,-73.9439,1,0,Accelerator Defective,4422116,27.4,18.3,2.4,2.4,0.0,3.0,61,23.5,42.1,313,Rain: Light,1,1,
26061,2021-05-29 02:10:00,40.747135,-73.89242,0,0,Alcohol Involvement,4422063,11.0,8.5,25.1,25.1,0.0,22.0,63,29.9,56.9,39,Rain: Moderate,0,0,
26062,2021-05-29 01:10:00,40.658703,-73.854904,1,0,View Obstructed/Limited,4421532,11.0,8.5,25.1,25.1,0.0,22.0,63,29.9,56.9,39,Rain: Moderate,1,1,
26063,2021-05-29 04:30:00,40.712696,-73.900604,0,0,Pavement Slippery,4421476,11.0,8.5,25.1,25.1,0.0,22.0,63,29.9,56.9,39,Rain: Moderate,0,0,
26064,2021-05-29 01:18:00,40.67843,-73.91357,0,0,Unspecified,4421718,11.0,8.5,25.1,25.1,0.0,22.0,63,29.9,56.9,39,Rain: Moderate,0,0,
26065,2021-05-28 19:00:00,40.597523,-73.79907,0,0,Unspecified,4422320,19.4,10.6,25.0,25.0,0.0,8.0,63,25.6,47.9,62,Rain: Moderate,0,0,
26066,2021-05-29 21:43:00,40.776695,-73.906685,1,0,Failure to Yield Right-of-Way,4421979,11.0,8.5,25.1,25.1,0.0,22.0,63,29.9,56.9,39,Rain: Moderate,1,1,
26067,2021-05-29 19:15:00,40.765137,-73.81944,0,0,Passing or Lane Usage Improper,4421630,11.0,8.5,25.1,25.1,0.0,22.0,63,29.9,56.9,39,Rain: Moderate,0,0,
26068,2021-05-27 17:20:00,40.660736,-73.89966,1,0,Driver Inattention/Distraction,4422217,27.4,18.3,2.4,2.4,0.0,3.0,61,23.5,42.1,313,Rain: Light,1,1,
26069,2021-05-28 21:21:00,40.655075,-73.86772,1,0,Pavement Slippery,4422240,19.4,10.6,25.0,25.0,0.0,8.0,63,25.6,47.9,62,Rain: Moderate,1,1,
26070,2021-05-19 11:47:00,40.601948,-73.99382,0,0,Driver Inattention/Distraction,4422190,28.2,13.6,0.0,0.0,0.0,0.0,3,19.6,40.3,337,Overcast,0,0,
26071,2021-05-19 14:41:00,40.720413,-73.98341,1,0,Passing Too Closely,4422309,28.2,13.6,0.0,0.0,0.0,0.0,3,19.6,40.3,337,Overcast,1,1,
26072,2021-05-28 18:00:00,40.830563,-73.87091,0,0,Unspecified,4422091,19.4,10.6,25.0,25.0,0.0,8.0,63,25.6,47.9,62,Rain: Moderate,0,0,
26073,2021-05-28 21:15:00,40.61463,-73.91298,0,0,Driver Inattention/Distraction,4422337,19.4,10.6,25.0,25.0,0.0,8.0,63,25.6,47.9,62,Rain: Moderate,0,0,
26074,2021-05-29 16:08:00,40.720535,-73.776215,0,0,Unspecified,4422369,11.0,8.5,25.1,25.1,0.0,22.0,63,29.9,56.9,39,Rain: Moderate,0,0,
26075,2021-05-29 19:00:00,40.702526,-73.81384,0,0,Driver Inattention/Distraction,4421563,11.0,8.5,25.1,25.1,0.0,22.0,63,29.9,56.9,39,Rain: Moderate,0,0,
26076,2021-05-29 15:30:00,40.834232,-73.874,1,0,Unspecified,4422111,11.0,8.5,25.1,25.1,0.0,22.0,63,29.9,56.9,39,Rain: Moderate,1,1,
26077,2021-05-24 21:42:00,40.511948,-74.23971,0,0,Alcohol Involvement,4422267,18.9,13.7,0.0,0.0,0.0,0.0,3,22.4,44.3,126,Overcast,0,0,
26078,2021-05-26 18:10:00,40.833496,-73.858246,0,0,Unspecified,4422085,29.5,17.4,0.1,0.1,0.0,1.0,51,23.4,45.7,210,Drizzle: Light,0,0,
26079,2021-05-29 16:45:00,40.66607,-73.76175,0,0,Unspecified,4421551,11.0,8.5,25.1,25.1,0.0,22.0,63,29.9,56.9,39,Rain: Moderate,0,0,
26080,2021-05-29 17:12:00,40.64667,-73.896034,1,0,Unspecified,4421606,11.0,8.5,25.1,25.1,0.0,22.0,63,29.9,56.9,39,Rain: Moderate,1,1,
26081,2021-05-28 23:45:00,40.767612,-73.950005,0,0,Pavement Slippery,4422151,19.4,10.6,25.0,25.0,0.0,8.0,63,25.6,47.9,62,Rain: Moderate,0,0,
26082,2021-05-27 12:15:00,40.81721,-73.916,1,0,,4422136,27.4,18.3,2.4,2.4,0.0,3.0,61,23.5,42.1,313,Rain: Light,1,1,
26083,2021-05-29 12:18:00,40.72988,-73.74952,0,0,Following Too Closely,4421526,11.0,8.5,25.1,25.1,0.0,22.0,63,29.9,56.9,39,Rain: Moderate,0,0,
26084,2021-05-26 15:59:00,40.74817,-74.00529,1,0,Driver Inattention/Distraction,4422290,29.5,17.4,0.1,0.1,0.0,1.0,51,23.4,45.7,210,Drizzle: Light,1,1,
26085,2021-05-29 14:37:00,40.61925,-73.92192,1,0,Failure to Yield Right-of-Way,4422343,11.0,8.5,25.1,25.1,0.0,22.0,63,29.9,56.9,39,Rain: Moderate,1,1,
26086,2021-05-28 10:30:00,40.607685,-74.13892,1,0,Unsafe Lane Changing,4422183,19.4,10.6,25.0,25.0,0.0,8.0,63,25.6,47.9,62,Rain: Moderate,1,1,
26087,2021-05-29 10:53:00,40.838425,-73.920425,0,0,Unspecified,4421888,11.0,8.5,25.1,25.1,0.0,22.0,63,29.9,56.9,39,Rain: Moderate,0,0,
26088,2021-05-29 09:15:00,40.686115,-73.86992,0,0,Unspecified,4422223,11.0,8.5,25.1,25.1,0.0,22.0,63,29.9,56.9,39,Rain: Moderate,0,0,
26089,2021-05-27 18:00:00,40.645344,-73.87897,0,0,Unsafe Lane Changing,4422236,27.4,18.3,2.4,2.4,0.0,3.0,61,23.5,42.1,313,Rain: Light,0,0,
26090,2021-05-29 04:29:00,40.726067,-73.9089,0,0,Driver Inattention/Distraction,4421445,11.0,8.5,25.1,25.1,0.0,22.0,63,29.9,56.9,39,Rain: Moderate,0,0,
26091,2021-05-28 09:00:00,40.628223,-73.91497,0,0,Fatigued/Drowsy,4422326,19.4,10.6,25.0,25.0,0.0,8.0,63,25.6,47.9,62,Rain: Moderate,0,0,
26092,2021-05-29 17:33:00,40.680687,-73.84459,0,0,Failure to Yield Right-of-Way,4422015,11.0,8.5,25.1,25.1,0.0,22.0,63,29.9,56.9,39,Rain: Moderate,0,0,
26093,2021-05-29 18:45:00,40.728195,-73.984886,1,0,Unspecified,4422054,11.0,8.5,25.1,25.1,0.0,22.0,63,29.9,56.9,39,Rain: Moderate,1,1,
26094,2021-05-25 10:30:00,40.745823,-74.001816,0,0,Passing Too Closely,4422285,21.9,13.0,0.0,0.0,0.0,0.0,3,24.3,47.9,182,Overcast,0,0,
26095,2021-05-29 09:32:00,40.636707,-74.11938,0,0,Unspecified,4421735,11.0,8.5,25.1,25.1,0.0,22.0,63,29.9,56.9,39,Rain: Moderate,0,0,
26096,2021-05-29 20:45:00,40.567966,-74.1231,0,0,Driver Inattention/Distraction,4422162,11.0,8.5,25.1,25.1,0.0,22.0,63,29.9,56.9,39,Rain: Moderate,0,0,
26097,2021-05-29 00:30:00,40.627243,-74.124084,0,0,Unspecified,4421812,11.0,8.5,25.1,25.1,0.0,22.0,63,29.9,56.9,39,Rain: Moderate,0,0,
26098,2021-05-29 22:30:00,40.70239,-73.924644,0,0,Driver Inattention/Distraction,4422302,11.0,8.5,25.1,25.1,0.0,22.0,63,29.9,56.9,39,Rain: Moderate,0,0,
26099,2021-12-24 22:30:00,40.804012,-73.93097,0,0,Unspecified,4490452,5.7,-1.1,1.0,0.0,0.7,5.0,73,12.4,21.6,73,Snow fall: Moderate,0,0,Snowy Conditions
26100,2021-05-29 08:30:00,40.605522,-73.76088,0,0,Failure to Yield Right-of-Way,4422438,11.0,8.5,25.1,25.1,0.0,22.0,63,29.9,56.9,39,Rain: Moderate,0,0,
26101,2021-05-29 10:40:00,40.884968,-73.830345,0,0,Failure to Yield Right-of-Way,4422033,11.0,8.5,25.1,25.1,0.0,22.0,63,29.9,56.9,39,Rain: Moderate,0,0,
26102,2021-05-29 12:00:00,40.61239,-74.000916,0,0,Driver Inattention/Distraction,4421598,11.0,8.5,25.1,25.1,0.0,22.0,63,29.9,56.9,39,Rain: Moderate,0,0,
26103,2021-05-29 05:35:00,40.68303,-73.782295,1,0,Unsafe Speed,4421511,11.0,8.5,25.1,25.1,0.0,22.0,63,29.9,56.9,39,Rain: Moderate,1,1,
26104,2021-05-29 10:16:00,40.831413,-73.86795,0,0,Driver Inattention/Distraction,4422106,11.0,8.5,25.1,25.1,0.0,22.0,63,29.9,56.9,39,Rain: Moderate,0,0,
26105,2021-05-29 14:30:00,40.565235,-74.181404,0,0,Driver Inattention/Distraction,4422169,11.0,8.5,25.1,25.1,0.0,22.0,63,29.9,56.9,39,Rain: Moderate,0,0,
26106,2021-05-29 19:00:00,40.834614,-73.90506,0,0,Driver Inattention/Distraction,4421660,11.0,8.5,25.1,25.1,0.0,22.0,63,29.9,56.9,39,Rain: Moderate,0,0,
26107,2021-05-29 05:22:00,40.74967,-73.99531,0,0,Brakes Defective,4421647,11.0,8.5,25.1,25.1,0.0,22.0,63,29.9,56.9,39,Rain: Moderate,0,0,
26108,2021-05-29 15:18:00,40.814156,-73.935074,0,0,Unsafe Speed,4422125,11.0,8.5,25.1,25.1,0.0,22.0,63,29.9,56.9,39,Rain: Moderate,0,0,
26109,2021-05-28 09:45:00,40.757694,-74.000595,0,0,View Obstructed/Limited,4422294,19.4,10.6,25.0,25.0,0.0,8.0,63,25.6,47.9,62,Rain: Moderate,0,0,
26110,2021-05-29 11:30:00,40.69217,-73.95194,0,0,Driver Inexperience,4421787,11.0,8.5,25.1,25.1,0.0,22.0,63,29.9,56.9,39,Rain: Moderate,0,0,
26111,2021-05-29 20:45:00,40.80119,-73.93003,1,0,Reaction to Uninvolved Vehicle,4421916,11.0,8.5,25.1,25.1,0.0,22.0,63,29.9,56.9,39,Rain: Moderate,1,1,
26112,2021-05-28 16:00:00,40.660023,-73.891426,0,0,Unspecified,4422209,19.4,10.6,25.0,25.0,0.0,8.0,63,25.6,47.9,62,Rain: Moderate,0,0,
26113,2021-05-29 14:40:00,40.88808,-73.8587,0,0,Unspecified,4421998,11.0,8.5,25.1,25.1,0.0,22.0,63,29.9,56.9,39,Rain: Moderate,0,0,
26114,2021-05-29 16:00:00,40.64203,-74.08771,1,0,Unspecified,4421742,11.0,8.5,25.1,25.1,0.0,22.0,63,29.9,56.9,39,Rain: Moderate,1,1,
26115,2021-05-28 09:20:00,40.66937,-73.89523,2,0,Unsafe Speed,4422194,19.4,10.6,25.0,25.0,0.0,8.0,63,25.6,47.9,62,Rain: Moderate,2,2,
26116,2021-05-27 07:45:00,40.666023,-73.86371,2,0,Unspecified,4422204,27.4,18.3,2.4,2.4,0.0,3.0,61,23.5,42.1,313,Rain: Light,2,2,
26117,2021-05-23 15:30:00,40.662395,-73.89634,1,0,Passing Too Closely,4422214,31.4,19.8,0.0,0.0,0.0,0.0,3,28.5,54.4,322,Overcast,1,1,
26118,2021-05-29 06:30:00,40.81588,-73.96056,0,0,Pavement Slippery,4421835,11.0,8.5,25.1,25.1,0.0,22.0,63,29.9,56.9,39,Rain: Moderate,0,0,
26119,2021-12-27 16:04:00,40.576393,-73.9869,1,0,Alcohol Involvement,4490038,2.7,-1.4,2.1,0.8,0.91,5.0,73,13.5,23.0,10,Snow fall: Moderate,1,1,Snowy Conditions
26120,2021-12-27 14:38:00,40.682484,-73.86371,1,0,Unsafe Speed,4490043,2.7,-1.4,2.1,0.8,0.91,5.0,73,13.5,23.0,10,Snow fall: Moderate,1,1,Snowy Conditions
26121,2021-12-16 08:00:00,40.771374,-73.877144,0,0,Unspecified,4490418,14.6,9.9,0.0,0.0,0.0,0.0,3,22.4,38.5,222,Overcast,0,0,
26122,2021-12-24 12:26:00,40.859608,-73.90778,1,0,Driver Inattention/Distraction,4490443,5.7,-1.1,1.0,0.0,0.7,5.0,73,12.4,21.6,73,Snow fall: Moderate,1,1,Snowy Conditions
26123,2021-12-27 16:40:00,40.68949,-73.92207,0,0,Passing Too Closely,4490096,2.7,-1.4,2.1,0.8,0.91,5.0,73,13.5,23.0,10,Snow fall: Moderate,0,0,Snowy Conditions
26124,2021-12-27 15:15:00,40.816166,-73.95361,0,0,Unspecified,4490475,2.7,-1.4,2.1,0.8,0.91,5.0,73,13.5,23.0,10,Snow fall: Moderate,0,0,Snowy Conditions
26125,2021-12-27 12:45:00,40.597874,-73.98549,1,0,Driver Inattention/Distraction,4490000,2.7,-1.4,2.1,0.8,0.91,5.0,73,13.5,23.0,10,Snow fall: Moderate,1,1,Snowy Conditions
26126,2021-12-19 17:00:00,40.753925,-73.859535,0,0,Unspecified,4490419,7.1,-1.8,0.5,0.5,0.0,4.0,51,26.4,47.5,327,Drizzle: Light,0,0,
26127,2021-12-27 07:00:00,40.64477,-73.954735,0,0,Unspecified,4490469,2.7,-1.4,2.1,0.8,0.91,5.0,73,13.5,23.0,10,Snow fall: Moderate,0,0,Snowy Conditions
26128,2021-12-13 15:55:00,40.813606,-73.94367,0,0,Other Vehicular,4490504,10.2,1.9,0.0,0.0,0.0,0.0,3,19.6,35.3,242,Overcast,0,0,
26129,2021-12-27 14:00:00,40.724216,-73.94947,0,0,Passing Too Closely,4490011,2.7,-1.4,2.1,0.8,0.91,5.0,73,13.5,23.0,10,Snow fall: Moderate,0,0,Snowy Conditions
26130,2021-12-27 20:20:00,40.712376,-73.94404,1,0,Failure to Yield Right-of-Way,4490062,2.7,-1.4,2.1,0.8,0.91,5.0,73,13.5,23.0,10,Snow fall: Moderate,1,1,Snowy Conditions
26131,2021-12-27 09:00:00,40.75118,-73.85192,0,0,Passing Too Closely,4490088,2.7,-1.4,2.1,0.8,0.91,5.0,73,13.5,23.0,10,Snow fall: Moderate,0,0,Snowy Conditions
26132,2021-12-27 08:28:00,40.75795,-73.96808,0,0,Other Vehicular,4490308,2.7,-1.4,2.1,0.8,0.91,5.0,73,13.5,23.0,10,Snow fall: Moderate,0,0,Snowy Conditions
26133,2021-12-27 15:27:00,40.735023,-73.761444,0,0,Driver Inexperience,4490032,2.7,-1.4,2.1,0.8,0.91,5.0,73,13.5,23.0,10,Snow fall: Moderate,0,0,Snowy Conditions
26134,2021-12-27 09:00:00,40.830738,-73.9105,0,0,Alcohol Involvement,4489956,2.7,-1.4,2.1,0.8,0.91,5.0,73,13.5,23.0,10,Snow fall: Moderate,0,0,Snowy Conditions
26135,2021-12-27 14:19:00,40.6338,-73.8897,1,0,Unspecified,4490078,2.7,-1.4,2.1,0.8,0.91,5.0,73,13.5,23.0,10,Snow fall: Moderate,1,1,Snowy Conditions
26136,2021-12-27 23:40:00,40.69622,-73.89988,2,0,Traffic Control Disregarded,4490068,2.7,-1.4,2.1,0.8,0.91,5.0,73,13.5,23.0,10,Snow fall: Moderate,2,2,Snowy Conditions
26137,2021-12-27 16:30:00,40.831978,-73.93515,0,0,Unsafe Speed,4490477,2.7,-1.4,2.1,0.8,0.91,5.0,73,13.5,23.0,10,Snow fall: Moderate,0,0,Snowy Conditions
26138,2021-12-27 23:15:00,40.803566,-73.96715,0,0,Following Too Closely,4490170,2.7,-1.4,2.1,0.8,0.91,5.0,73,13.5,23.0,10,Snow fall: Moderate,0,0,Snowy Conditions
26139,2021-12-27 19:45:00,40.567627,-74.11262,0,0,Driver Inattention/Distraction,4490438,2.7,-1.4,2.1,0.8,0.91,5.0,73,13.5,23.0,10,Snow fall: Moderate,0,0,Snowy Conditions
26140,2021-12-08 07:30:00,40.69168,-73.999344,0,0,Following Too Closely,4490493,4.7,0.9,0.7,0.7,0.0,2.0,51,14.5,24.8,355,Drizzle: Light,0,0,
26141,2021-12-26 21:00:00,0.0,0.0,1,0,Traffic Control Disregarded,4490465,8.9,3.4,0.0,0.0,0.0,0.0,3,21.9,38.9,316,Overcast,1,1,
26142,2021-12-27 17:37:00,40.674934,-73.80186,4,0,Following Too Closely,4490284,2.7,-1.4,2.1,0.8,0.91,5.0,73,13.5,23.0,10,Snow fall: Moderate,4,4,Snowy Conditions
26143,2021-12-27 17:30:00,40.66484,-73.82229,0,0,Following Too Closely,4490148,2.7,-1.4,2.1,0.8,0.91,5.0,73,13.5,23.0,10,Snow fall: Moderate,0,0,Snowy Conditions
26144,2021-12-27 13:45:00,40.76038,-73.99326,0,0,Backing Unsafely,4490128,2.7,-1.4,2.1,0.8,0.91,5.0,73,13.5,23.0,10,Snow fall: Moderate,0,0,Snowy Conditions
26145,2021-12-27 06:43:00,40.73649,-73.80478,0,0,Driver Inattention/Distraction,4489937,2.7,-1.4,2.1,0.8,0.91,5.0,73,13.5,23.0,10,Snow fall: Moderate,0,0,Snowy Conditions
26146,2021-12-27 20:55:00,40.771477,-73.8173,0,0,Following Too Closely,4490053,2.7,-1.4,2.1,0.8,0.91,5.0,73,13.5,23.0,10,Snow fall: Moderate,0,0,Snowy Conditions
26147,2021-12-27 16:47:00,40.769028,-73.78252,0,0,Following Too Closely,4490222,2.7,-1.4,2.1,0.8,0.91,5.0,73,13.5,23.0,10,Snow fall: Moderate,0,0,Snowy Conditions
26148,2021-12-27 09:37:00,40.62356,-74.011215,1,0,Driver Inattention/Distraction,4490245,2.7,-1.4,2.1,0.8,0.91,5.0,73,13.5,23.0,10,Snow fall: Moderate,1,1,Snowy Conditions
26149,2021-12-02 09:10:00,40.887444,-73.878006,0,0,Passing Too Closely,4490406,13.2,5.4,3.4,3.4,0.0,10.0,55,28.0,46.8,215,Drizzle: Dense,0,0,
26150,2021-12-27 19:05:00,40.601864,-74.00232,0,0,Driver Inattention/Distraction,4490190,2.7,-1.4,2.1,0.8,0.91,5.0,73,13.5,23.0,10,Snow fall: Moderate,0,0,Snowy Conditions
26151,2021-12-27 00:00:00,40.698696,-73.93477,0,0,Unspecified,4490098,2.7,-1.4,2.1,0.8,0.91,5.0,73,13.5,23.0,10,Snow fall: Moderate,0,0,Snowy Conditions
26152,2021-12-22 22:00:00,40.788685,-73.94386,1,0,Pedestrian/Bicyclist/Other Pedestrian Error/Confusion,4490427,8.1,-0.0,4.2,4.2,0.0,9.0,61,26.7,47.9,313,Rain: Light,1,1,
26153,2021-12-27 14:40:00,40.89034,-73.8502,0,0,Driver Inattention/Distraction,4490262,2.7,-1.4,2.1,0.8,0.91,5.0,73,13.5,23.0,10,Snow fall: Moderate,0,0,Snowy Conditions
26154,2021-12-27 17:00:00,40.77012,-73.95741,0,0,Following Too Closely,4490366,2.7,-1.4,2.1,0.8,0.91,5.0,73,13.5,23.0,10,Snow fall: Moderate,0,0,Snowy Conditions
26155,2021-12-27 00:00:00,40.781677,-73.84868,0,0,Passing Too Closely,4489917,2.7,-1.4,2.1,0.8,0.91,5.0,73,13.5,23.0,10,Snow fall: Moderate,0,0,Snowy Conditions