,CRASH DATETIME,LATITUDE,LONGITUDE,NUMBER OF PERSONS INJURED,NUMBER OF PERSONS KILLED,CONTRIBUTING FACTOR VEHICLE 1,COLLISION_ID,temperature_2m_max,temperature_2m_min,precipitation_sum,rain_sum,snowfall_sum,precipitation_hours,weather_code,wind_speed_10m_max,wind_gusts_10m_max,wind_direction_10m_dominant,Weather Description,Severity_Score,Total_Affected_Persons,Weather_Category
26156,2021-12-27 13:20:00,40.64485,-73.911125,1,0,Unspecified,4490145,2.7,-1.4,2.1,0.8,0.91,5.0,73,13.5,23.0,10,Snow fall: Moderate,1,1,Snowy Conditions
26157,2021-12-27 11:11:00,40.656185,-73.95121,0,0,Driver Inattention/Distraction,4490453,2.7,-1.4,2.1,0.8,0.91,5.0,73,13.5,23.0,10,Snow fall: Moderate,0,0,Snowy Conditions
26158,2021-12-27 17:52:00,40.76532,-73.771904,2,0,Unspecified,4490045,2.7,-1.4,2.1,0.8,0.91,5.0,73,13.5,23.0,10,Snow fall: Moderate,2,2,Snowy Conditions
26159,2021-12-23 14:05:00,40.59183,-74.10098,0,0,Unsafe Lane Changing,4490444,2.1,-2.3,0.0,0.0,0.0,0.0,3,20.1,35.6,299,Overcast,0,0,
26160,2021-12-27 14:10:00,40.5832,-73.97304,0,0,Driver Inattention/Distraction,4490279,2.7,-1.4,2.1,0.8,0.91,5.0,73,13.5,23.0,10,Snow fall: Moderate,0,0,Snowy Conditions
26161,2021-12-27 13:15:00,40.664494,-73.93431,0,0,Following Too Closely,4490331,2.7,-1.4,2.1,0.8,0.91,5.0,73,13.5,23.0,10,Snow fall: Moderate,0,0,Snowy Conditions
26162,2021-12-26 11:30:00,40.748215,-73.968544,2,0,Unspecified,4490508,8.9,3.4,0.0,0.0,0.0,0.0,3,21.9,38.9,316,Overcast,2,2,
26163,2021-12-23 12:00:00,40.844368,-73.88902,1,0,Failure to Yield Right-of-Way,4490414,2.1,-2.3,0.0,0.0,0.0,0.0,3,20.1,35.6,299,Overcast,1,1,
26164,2021-12-27 08:30:00,40.710785,-73.95995,1,0,Driver Inattention/Distraction,4490067,2.7,-1.4,2.1,0.8,0.91,5.0,73,13.5,23.0,10,Snow fall: Moderate,1,1,Snowy Conditions
26165,2021-12-27 04:30:00,40.742638,-73.869934,0,0,Driver Inattention/Distraction,4490093,2.7,-1.4,2.1,0.8,0.91,5.0,73,13.5,23.0,10,Snow fall: Moderate,0,0,Snowy Conditions
26166,2021-12-27 09:50:00,40.82406,-73.92815,2,0,Unsafe Speed,4490001,2.7,-1.4,2.1,0.8,0.91,5.0,73,13.5,23.0,10,Snow fall: Moderate,2,2,Snowy Conditions
26167,2021-12-20 10:20:00,40.75815,-73.85675,0,0,Driver Inattention/Distraction,4490420,1.8,-4.4,0.0,0.0,0.0,0.0,2,17.9,32.8,282,Partly cloudy,0,0,
26168,2021-12-27 06:00:00,40.82364,-73.87994,0,0,Unspecified,4490204,2.7,-1.4,2.1,0.8,0.91,5.0,73,13.5,23.0,10,Snow fall: Moderate,0,0,Snowy Conditions
26169,2021-12-27 23:38:00,40.662178,-73.85025,0,0,Reaction to Uninvolved Vehicle,4490070,2.7,-1.4,2.1,0.8,0.91,5.0,73,13.5,23.0,10,Snow fall: Moderate,0,0,Snowy Conditions
26170,2021-12-27 05:18:00,40.804695,-73.92239,0,0,Alcohol Involvement,4490102,2.7,-1.4,2.1,0.8,0.91,5.0,73,13.5,23.0,10,Snow fall: Moderate,0,0,Snowy Conditions
26171,2021-12-05 08:15:00,40.815826,-73.947044,0,0,Tire Failure/Inadequate,4490470,7.6,0.0,0.0,0.0,0.0,0.0,3,15.1,27.0,303,Overcast,0,0,
26172,2021-12-25 06:12:00,40.87683,-73.86472,1,0,Driver Inattention/Distraction,4490479,8.8,0.5,6.1,6.1,0.0,14.0,55,14.5,24.8,284,Drizzle: Dense,1,1,
26173,2021-12-27 13:55:00,40.783245,-73.94473,0,0,Driver Inexperience,4489999,2.7,-1.4,2.1,0.8,0.91,5.0,73,13.5,23.0,10,Snow fall: Moderate,0,0,Snowy Conditions
26174,2021-12-27 23:55:00,40.635933,-74.02298,1,0,Unspecified,4490358,2.7,-1.4,2.1,0.8,0.91,5.0,73,13.5,23.0,10,Snow fall: Moderate,1,1,Snowy Conditions
26175,2021-12-27 09:37:00,40.757664,-73.99275,0,0,Driver Inattention/Distraction,4489955,2.7,-1.4,2.1,0.8,0.91,5.0,73,13.5,23.0,10,Snow fall: Moderate,0,0,Snowy Conditions
26176,2021-12-27 13:44:00,40.684437,-73.97773,0,0,Other Vehicular,4490118,2.7,-1.4,2.1,0.8,0.91,5.0,73,13.5,23.0,10,Snow fall: Moderate,0,0,Snowy Conditions
26177,2021-12-20 14:50:00,40.650208,-73.959984,0,0,Following Too Closely,4490468,1.8,-4.4,0.0,0.0,0.0,0.0,2,17.9,32.8,282,Partly cloudy,0,0,
26178,2021-12-20 06:47:00,40.89091,-73.887215,0,0,Unspecified,4490409,1.8,-4.4,0.0,0.0,0.0,0.0,2,17.9,32.8,282,Partly cloudy,0,0,
26179,2021-12-27 17:15:00,40.64647,-74.01258,1,0,Failure to Yield Right-of-Way,4490061,2.7,-1.4,2.1,0.8,0.91,5.0,73,13.5,23.0,10,Snow fall: Moderate,1,1,Snowy Conditions
26180,2021-12-27 17:00:00,40.66831,-73.902336,0,0,Driver Inattention/Distraction,4490230,2.7,-1.4,2.1,0.8,0.91,5.0,73,13.5,23.0,10,Snow fall: Moderate,0,0,Snowy Conditions
26181,2021-12-27 19:58:00,40.731895,-73.88826,1,0,Failure to Yield Right-of-Way,4490180,2.7,-1.4,2.1,0.8,0.91,5.0,73,13.5,23.0,10,Snow fall: Moderate,1,1,Snowy Conditions
26182,2021-12-27 18:47:00,40.779495,-73.9535,1,0,Driver Inattention/Distraction,4490252,2.7,-1.4,2.1,0.8,0.91,5.0,73,13.5,23.0,10,Snow fall: Moderate,1,1,Snowy Conditions
26183,2021-12-27 17:40:00,40.708824,-73.74739,0,0,Unsafe Speed,4490054,2.7,-1.4,2.1,0.8,0.91,5.0,73,13.5,23.0,10,Snow fall: Moderate,0,0,Snowy Conditions
26184,2021-12-27 13:05:00,40.610165,-73.913086,0,0,Passing Too Closely,4490029,2.7,-1.4,2.1,0.8,0.91,5.0,73,13.5,23.0,10,Snow fall: Moderate,0,0,Snowy Conditions
26185,2021-12-26 00:31:00,40.737682,-73.85206,1,0,Unspecified,4490434,8.9,3.4,0.0,0.0,0.0,0.0,3,21.9,38.9,316,Overcast,1,1,
26186,2021-12-14 23:25:00,40.878212,-73.84115,0,0,Unsafe Speed,4490492,10.4,3.1,0.0,0.0,0.0,0.0,3,18.5,31.3,322,Overcast,0,0,
26187,2021-12-27 22:00:00,40.656437,-73.94727,1,0,Driver Inattention/Distraction,4490080,2.7,-1.4,2.1,0.8,0.91,5.0,73,13.5,23.0,10,Snow fall: Moderate,1,1,Snowy Conditions
26188,2021-12-27 22:18:00,40.683342,-73.80433,0,0,Unspecified,4490295,2.7,-1.4,2.1,0.8,0.91,5.0,73,13.5,23.0,10,Snow fall: Moderate,0,0,Snowy Conditions
26189,2021-12-23 01:09:00,40.791904,-73.94151,0,0,Driver Inattention/Distraction,4490464,2.1,-2.3,0.0,0.0,0.0,0.0,3,20.1,35.6,299,Overcast,0,0,
26190,2021-12-26 14:45:00,40.732094,-73.73658,0,0,Alcohol Involvement,4490402,8.9,3.4,0.0,0.0,0.0,0.0,3,21.9,38.9,316,Overcast,0,0,
26191,2021-12-27 08:00:00,40.721363,-73.94556,1,0,Brakes Defective,4490013,2.7,-1.4,2.1,0.8,0.91,5.0,73,13.5,23.0,10,Snow fall: Moderate,1,1,Snowy Conditions
26192,2021-12-27 09:30:00,40.717564,-73.781494,0,0,Driver Inattention/Distraction,4489940,2.7,-1.4,2.1,0.8,0.91,5.0,73,13.5,23.0,10,Snow fall: Moderate,0,0,Snowy Conditions
26193,2021-12-27 01:06:00,40.711906,-74.00604,0,0,Unspecified,4490127,2.7,-1.4,2.1,0.8,0.91,5.0,73,13.5,23.0,10,Snow fall: Moderate,0,0,Snowy Conditions
26194,2021-12-27 23:35:00,40.835808,-73.949455,0,0,Following Too Closely,4490309,2.7,-1.4,2.1,0.8,0.91,5.0,73,13.5,23.0,10,Snow fall: Moderate,0,0,Snowy Conditions
26195,2021-12-27 10:55:00,40.757233,-73.9898,0,0,Following Too Closely,4490085,2.7,-1.4,2.1,0.8,0.91,5.0,73,13.5,23.0,10,Snow fall: Moderate,0,0,Snowy Conditions
26196,2021-12-15 07:43:00,40.752853,-73.86291,0,0,Unspecified,4490421,10.3,1.8,1.0,1.0,0.0,6.0,51,20.6,38.2,104,Drizzle: Light,0,0,
26197,2021-12-27 17:15:00,40.630394,-73.91844,0,0,Driver Inattention/Distraction,4490046,2.7,-1.4,2.1,0.8,0.91,5.0,73,13.5,23.0,10,Snow fall: Moderate,0,0,Snowy Conditions
26198,2021-12-27 21:00:00,40.74901,-73.83465,0,0,Pavement Slippery,4490457,2.7,-1.4,2.1,0.8,0.91,5.0,73,13.5,23.0,10,Snow fall: Moderate,0,0,Snowy Conditions
26199,2021-12-27 11:30:00,40.689835,-73.9147,0,0,Passing or Lane Usage Improper,4490416,2.7,-1.4,2.1,0.8,0.91,5.0,73,13.5,23.0,10,Snow fall: Moderate,0,0,Snowy Conditions
26200,2021-12-27 10:30:00,40.5901,-73.988174,0,0,Unspecified,4490036,2.7,-1.4,2.1,0.8,0.91,5.0,73,13.5,23.0,10,Snow fall: Moderate,0,0,Snowy Conditions
26201,2021-12-27 19:17:00,40.631935,-73.91321,1,0,Unspecified,4490075,2.7,-1.4,2.1,0.8,0.91,5.0,73,13.5,23.0,10,Snow fall: Moderate,1,1,Snowy Conditions
26202,2021-09-23 18:20:00,40.815327,-73.93576,0,0,Backing Unsafely,4490503,26.2,18.0,15.6,15.6,0.0,14.0,63,40.7,77.4,156,Rain: Moderate,0,0,
26203,2021-12-24 20:19:00,40.886295,-73.847916,1,0,Driver Inattention/Distraction,4490480,5.7,-1.1,1.0,0.0,0.7,5.0,73,12.4,21.6,73,Snow fall: Moderate,1,1,Snowy Conditions
26204,2021-12-27 03:50:00,40.729946,-73.95416,0,0,Unspecified,4490008,2.7,-1.4,2.1,0.8,0.91,5.0,73,13.5,23.0,10,Snow fall: Moderate,0,0,Snowy Conditions
26205,2021-12-27 11:41:00,40.89204,-73.85814,0,0,Passing or Lane Usage Improper,4490261,2.7,-1.4,2.1,0.8,0.91,5.0,73,13.5,23.0,10,Snow fall: Moderate,0,0,Snowy Conditions
26206,2021-12-27 02:00:00,40.71572,-73.825745,0,0,View Obstructed/Limited,4489919,2.7,-1.4,2.1,0.8,0.91,5.0,73,13.5,23.0,10,Snow fall: Moderate,0,0,Snowy Conditions
26207,2021-12-27 18:10:00,40.753242,-73.96662,1,0,Driver Inattention/Distraction,4490339,2.7,-1.4,2.1,0.8,0.91,5.0,73,13.5,23.0,10,Snow fall: Moderate,1,1,Snowy Conditions
26208,2021-12-26 17:05:00,40.63311,-73.97217,0,0,Other Vehicular,4490394,8.9,3.4,0.0,0.0,0.0,0.0,3,21.9,38.9,316,Overcast,0,0,
26209,2021-12-27 13:53:00,40.681988,-73.83698,0,0,Driver Inattention/Distraction,4490141,2.7,-1.4,2.1,0.8,0.91,5.0,73,13.5,23.0,10,Snow fall: Moderate,0,0,Snowy Conditions
26210,2021-12-11 23:20:00,40.741272,-73.97535,2,0,Outside Car Distraction,4490524,17.3,5.0,8.1,8.1,0.0,5.0,63,35.0,67.0,206,Rain: Moderate,2,2,
26211,2021-12-27 13:40:00,40.65616,-73.76736,1,0,Reaction to Uninvolved Vehicle,4490200,2.7,-1.4,2.1,0.8,0.91,5.0,73,13.5,23.0,10,Snow fall: Moderate,1,1,Snowy Conditions
26212,2021-12-27 21:27:00,40.85586,-73.89462,1,0,Driver Inattention/Distraction,4490375,2.7,-1.4,2.1,0.8,0.91,5.0,73,13.5,23.0,10,Snow fall: Moderate,1,1,Snowy Conditions
26213,2021-12-27 11:41:00,40.708168,-73.95067,1,0,Unspecified,4490065,2.7,-1.4,2.1,0.8,0.91,5.0,73,13.5,23.0,10,Snow fall: Moderate,1,1,Snowy Conditions
26214,2021-12-27 08:28:00,40.84616,-73.9018,0,0,Driver Inattention/Distraction,4489989,2.7,-1.4,2.1,0.8,0.91,5.0,73,13.5,23.0,10,Snow fall: Moderate,0,0,Snowy Conditions
26215,2021-12-23 15:40:00,40.563145,-74.10787,1,0,Traffic Control Disregarded,4490445,2.1,-2.3,0.0,0.0,0.0,0.0,3,20.1,35.6,299,Overcast,1,1,
26216,2021-12-27 16:33:00,40.810093,-73.92523,1,0,Unspecified,4490104,2.7,-1.4,2.1,0.8,0.91,5.0,73,13.5,23.0,10,Snow fall: Moderate,1,1,Snowy Conditions
26217,2021-12-27 11:00:00,40.732887,-73.87443,0,0,Failure to Yield Right-of-Way,4490092,2.7,-1.4,2.1,0.8,0.91,5.0,73,13.5,23.0,10,Snow fall: Moderate,0,0,Snowy Conditions
26218,2021-12-26 23:00:00,40.811584,-73.96129,0,0,Unspecified,4490472,8.9,3.4,0.0,0.0,0.0,0.0,3,21.9,38.9,316,Overcast,0,0,
26219,2021-12-27 11:26:00,40.76546,-73.86382,0,0,Unspecified,4490187,2.7,-1.4,2.1,0.8,0.91,5.0,73,13.5,23.0,10,Snow fall: Moderate,0,0,Snowy Conditions
26220,2021-12-27 11:00:00,40.582977,-73.95491,0,0,Driver Inattention/Distraction,4490271,2.7,-1.4,2.1,0.8,0.91,5.0,73,13.5,23.0,10,Snow fall: Moderate,0,0,Snowy Conditions
26221,2021-12-27 00:00:00,40.668797,-73.93113,0,0,Driver Inattention/Distraction,4490326,2.7,-1.4,2.1,0.8,0.91,5.0,73,13.5,23.0,10,Snow fall: Moderate,0,0,Snowy Conditions
26222,2021-12-27 10:20:00,40.65387,-73.838585,0,0,Driver Inattention/Distraction,4490150,2.7,-1.4,2.1,0.8,0.91,5.0,73,13.5,23.0,10,Snow fall: Moderate,0,0,Snowy Conditions
26223,2021-12-27 20:50:00,40.67619,-73.9081,0,0,Driver Inattention/Distraction,4490231,2.7,-1.4,2.1,0.8,0.91,5.0,73,13.5,23.0,10,Snow fall: Moderate,0,0,Snowy Conditions
26224,2022-03-26 09:55:00,40.678715,-73.91864,1,0,Driver Inattention/Distraction,4515850,10.1,4.9,6.1,5.8,0.21,8.0,71,21.6,41.0,251,Snow fall: Light,1,1,Snowy Conditions
26225,2022-03-31 14:50:00,40.703163,-73.81662,1,0,Following Too Closely,4515959,19.0,3.5,12.0,12.0,0.0,4.0,65,37.8,67.3,194,Rain: Heavy,1,1,
26226,2022-03-31 18:13:00,40.76428,-73.97302,0,0,Unspecified,4515242,19.0,3.5,12.0,12.0,0.0,4.0,65,37.8,67.3,194,Rain: Heavy,0,0,
26227,2022-03-31 13:00:00,40.707474,-73.95704,0,0,Backing Unsafely,4515191,19.0,3.5,12.0,12.0,0.0,4.0,65,37.8,67.3,194,Rain: Heavy,0,0,
26228,2022-03-30 12:00:00,40.76787,-73.82845,0,0,Failure to Yield Right-of-Way,4514837,5.9,-3.5,0.0,0.0,0.0,0.0,3,17.0,30.6,215,Overcast,0,0,
26229,2022-03-31 07:50:00,40.73174,-73.99147,1,0,Pedestrian/Bicyclist/Other Pedestrian Error/Confusion,4515590,19.0,3.5,12.0,12.0,0.0,4.0,65,37.8,67.3,194,Rain: Heavy,1,1,
26230,2022-03-31 07:49:00,40.853683,-73.86917,1,0,View Obstructed/Limited,4515031,19.0,3.5,12.0,12.0,0.0,4.0,65,37.8,67.3,194,Rain: Heavy,1,1,
26231,2022-04-01 21:00:00,40.6665,-73.9962,1,0,Unsafe Lane Changing,4515534,15.2,5.3,1.4,1.4,0.0,8.0,51,33.1,61.9,277,Drizzle: Light,1,1,
26232,2022-04-01 03:00:00,40.767395,-73.99634,1,0,Following Too Closely,4515237,15.2,5.3,1.4,1.4,0.0,8.0,51,33.1,61.9,277,Drizzle: Light,1,1,
26233,2022-03-30 21:36:00,40.525764,-74.2273,0,0,Driver Inattention/Distraction,4514895,5.9,-3.5,0.0,0.0,0.0,0.0,3,17.0,30.6,215,Overcast,0,0,
26234,2022-03-30 08:55:00,40.62729,-73.94217,0,0,Failure to Yield Right-of-Way,4515370,5.9,-3.5,0.0,0.0,0.0,0.0,3,17.0,30.6,215,Overcast,0,0,
26235,2022-03-31 09:00:00,40.57642,-73.96977,0,0,Following Too Closely,4515085,19.0,3.5,12.0,12.0,0.0,4.0,65,37.8,67.3,194,Rain: Heavy,0,0,
26236,2022-03-28 13:00:00,40.87374,-73.84459,0,0,Unspecified,4515353,0.0,-5.2,0.3,0.0,0.21,3.0,71,31.3,59.0,303,Snow fall: Light,0,0,Snowy Conditions
26237,2022-03-31 10:00:00,40.676964,-73.89895,0,0,Unspecified,4515738,19.0,3.5,12.0,12.0,0.0,4.0,65,37.8,67.3,194,Rain: Heavy,0,0,
26238,2022-03-30 12:52:00,40.64503,-73.91998,1,0,Unspecified,4515639,5.9,-3.5,0.0,0.0,0.0,0.0,3,17.0,30.6,215,Overcast,1,1,
26239,2022-03-27 14:23:00,40.77428,-73.97738,1,0,Following Too Closely,4515375,7.5,-1.1,0.3,0.3,0.07,3.0,71,26.4,47.5,288,Snow fall: Light,1,1,Snowy Conditions
26240,2022-04-01 05:50:00,40.673107,-73.99959,0,0,Driver Inattention/Distraction,4515977,15.2,5.3,1.4,1.4,0.0,8.0,51,33.1,61.9,277,Drizzle: Light,0,0,
26241,2022-03-30 09:22:00,40.719048,-73.939095,0,0,Passing Too Closely,4514802,5.9,-3.5,0.0,0.0,0.0,0.0,3,17.0,30.6,215,Overcast,0,0,
26242,2022-03-30 06:39:00,40.832035,-73.85568,0,0,Failure to Yield Right-of-Way,4514992,5.9,-3.5,0.0,0.0,0.0,0.0,3,17.0,30.6,215,Overcast,0,0,
26243,2022-03-31 08:00:00,40.818558,-73.92732,0,0,Following Too Closely,4515041,19.0,3.5,12.0,12.0,0.0,4.0,65,37.8,67.3,194,Rain: Heavy,0,0,
26244,2022-03-30 10:55:00,40.632782,-73.99446,0,0,Unspecified,4514827,5.9,-3.5,0.0,0.0,0.0,0.0,3,17.0,30.6,215,Overcast,0,0,
26245,2022-03-30 19:59:00,40.610714,-73.95575,1,0,Pedestrian/Bicyclist/Other Pedestrian Error/Confusion,4514921,5.9,-3.5,0.0,0.0,0.0,0.0,3,17.0,30.6,215,Overcast,1,1,
26246,2022-04-01 15:30:00,40.672764,-73.733315,1,0,Unspecified,4515413,15.2,5.3,1.4,1.4,0.0,8.0,51,33.1,61.9,277,Drizzle: Light,1,1,
26247,2022-03-31 14:39:00,40.65133,-73.90607,3,0,Passing or Lane Usage Improper,4515142,19.0,3.5,12.0,12.0,0.0,4.0,65,37.8,67.3,194,Rain: Heavy,3,3,
26248,2022-04-01 09:00:00,40.830917,-73.897865,0,0,Unspecified,4515548,15.2,5.3,1.4,1.4,0.0,8.0,51,33.1,61.9,277,Drizzle: Light,0,0,
26249,2021-10-02 23:12:00,0.0,0.0,0,0,,4463462,23.7,10.8,0.0,0.0,0.0,0.0,3,17.0,34.2,254,Overcast,0,0,
26250,2022-03-31 12:50:00,40.767384,-73.73461,0,0,Unspecified,4515094,19.0,3.5,12.0,12.0,0.0,4.0,65,37.8,67.3,194,Rain: Heavy,0,0,
26251,2022-03-28 08:00:00,40.66322,-73.893654,0,0,Failure to Yield Right-of-Way,4515307,0.0,-5.2,0.3,0.0,0.21,3.0,71,31.3,59.0,303,Snow fall: Light,0,0,Snowy Conditions
26252,2022-03-30 08:21:00,40.616753,-74.027756,1,0,Unspecified,4514889,5.9,-3.5,0.0,0.0,0.0,0.0,3,17.0,30.6,215,Overcast,1,1,
26253,2022-03-29 12:02:00,40.6568,-73.928,1,0,Unspecified,4515634,3.3,-5.2,0.0,0.0,0.0,0.0,2,29.3,54.4,311,Partly cloudy,1,1,
26254,2022-04-01 17:43:00,40.66375,-73.771255,0,0,Driver Inattention/Distraction,4515381,15.2,5.3,1.4,1.4,0.0,8.0,51,33.1,61.9,277,Drizzle: Light,0,0,
26255,2022-03-30 14:15:00,40.698036,-73.962845,1,0,Pedestrian/Bicyclist/Other Pedestrian Error/Confusion,4514931,5.9,-3.5,0.0,0.0,0.0,0.0,3,17.0,30.6,215,Overcast,1,1,
26256,2022-03-31 19:45:00,40.868988,-73.900505,0,0,Passing Too Closely,4515275,19.0,3.5,12.0,12.0,0.0,4.0,65,37.8,67.3,194,Rain: Heavy,0,0,
26257,2022-03-19 13:00:00,40.88794,-73.84526,1,0,Traffic Control Disregarded,4515692,18.3,6.6,9.3,9.3,0.0,3.0,65,16.3,32.8,146,Rain: Heavy,1,1,
26258,2022-03-31 15:29:00,40.64804,-73.97199,1,0,Illnes,4515571,19.0,3.5,12.0,12.0,0.0,4.0,65,37.8,67.3,194,Rain: Heavy,1,1,
26259,2022-04-01 18:02:00,40.85406,-73.91936,0,0,Following Too Closely,4515472,15.2,5.3,1.4,1.4,0.0,8.0,51,33.1,61.9,277,Drizzle: Light,0,0,
26260,2022-04-01 14:45:00,40.57554,-73.979645,0,0,Following Too Closely,4515407,15.2,5.3,1.4,1.4,0.0,8.0,51,33.1,61.9,277,Drizzle: Light,0,0,
26261,2022-04-01 21:40:00,40.616726,-74.01833,0,0,Unsafe Lane Changing,4515439,15.2,5.3,1.4,1.4,0.0,8.0,51,33.1,61.9,277,Drizzle: Light,0,0,
26262,2022-04-01 13:30:00,40.787743,-73.973045,0,0,Driver Inattention/Distraction,4515888,15.2,5.3,1.4,1.4,0.0,8.0,51,33.1,61.9,277,Drizzle: Light,0,0,
26263,2022-03-29 13:40:00,40.676895,-73.93593,0,0,Following Too Closely,4515724,3.3,-5.2,0.0,0.0,0.0,0.0,2,29.3,54.4,311,Partly cloudy,0,0,
26264,2022-04-01 15:17:00,40.682697,-74.00009,2,0,Unsafe Speed,4515513,15.2,5.3,1.4,1.4,0.0,8.0,51,33.1,61.9,277,Drizzle: Light,2,2,
26265,2022-03-29 23:08:00,40.785767,-73.816376,0,0,Backing Unsafely,4515771,3.3,-5.2,0.0,0.0,0.0,0.0,2,29.3,54.4,311,Partly cloudy,0,0,
26266,2022-03-31 18:00:00,40.57438,-73.991936,1,0,Unspecified,4515402,19.0,3.5,12.0,12.0,0.0,4.0,65,37.8,67.3,194,Rain: Heavy,1,1,
26267,2022-03-31 16:00:00,40.856743,-73.89527,0,0,Passing Too Closely,4515268,19.0,3.5,12.0,12.0,0.0,4.0,65,37.8,67.3,194,Rain: Heavy,0,0,
26268,2022-04-01 03:19:00,40.658253,-73.98465,0,0,Driver Inattention/Distraction,4515221,15.2,5.3,1.4,1.4,0.0,8.0,51,33.1,61.9,277,Drizzle: Light,0,0,
26269,2022-03-30 14:55:00,40.705826,-73.79397,1,0,Driver Inattention/Distraction,4515136,5.9,-3.5,0.0,0.0,0.0,0.0,3,17.0,30.6,215,Overcast,1,1,
26270,2022-03-31 17:00:00,40.60373,-73.9968,0,0,Failure to Yield Right-of-Way,4515469,19.0,3.5,12.0,12.0,0.0,4.0,65,37.8,67.3,194,Rain: Heavy,0,0,
26271,2022-04-01 17:01:00,40.67858,-73.92169,1,0,Passing or Lane Usage Improper,4515845,15.2,5.3,1.4,1.4,0.0,8.0,51,33.1,61.9,277,Drizzle: Light,1,1,
26272,2022-04-01 20:08:00,40.729465,-73.98426,1,0,Driver Inattention/Distraction,4515565,15.2,5.3,1.4,1.4,0.0,8.0,51,33.1,61.9,277,Drizzle: Light,1,1,
26273,2022-03-29 16:25:00,40.69707,-73.90017,0,0,Driver Inattention/Distraction,4515754,3.3,-5.2,0.0,0.0,0.0,0.0,2,29.3,54.4,311,Partly cloudy,0,0,
26274,2022-03-31 18:15:00,40.840645,-73.84205,0,0,Traffic Control Disregarded,4515260,19.0,3.5,12.0,12.0,0.0,4.0,65,37.8,67.3,194,Rain: Heavy,0,0,
26275,2022-02-23 08:45:00,40.700058,-73.93279,0,0,Backing Unsafely,4515672,18.7,3.5,0.1,0.1,0.0,1.0,51,29.2,54.4,261,Drizzle: Light,0,0,
26276,2021-10-02 12:20:00,40.802757,-73.93026,0,0,Unspecified,4463640,23.7,10.8,0.0,0.0,0.0,0.0,3,17.0,34.2,254,Overcast,0,0,
26277,2022-03-31 10:46:00,40.65794,-73.907745,1,0,Failure to Yield Right-of-Way,4515618,19.0,3.5,12.0,12.0,0.0,4.0,65,37.8,67.3,194,Rain: Heavy,1,1,
26278,2022-04-01 11:37:00,40.692123,-73.9847,0,0,Unspecified,4515801,15.2,5.3,1.4,1.4,0.0,8.0,51,33.1,61.9,277,Drizzle: Light,0,0,
26279,2022-03-13 12:00:00,40.89466,-73.83863,0,0,Unspecified,4515349,2.8,-6.1,0.2,0.0,0.14,2.0,71,33.5,62.6,267,Snow fall: Light,0,0,Snowy Conditions
26280,2022-03-30 08:32:00,40.680283,-73.85471,2,0,Failure to Yield Right-of-Way,4514747,5.9,-3.5,0.0,0.0,0.0,0.0,3,17.0,30.6,215,Overcast,2,2,
26281,2022-03-31 08:40:00,40.66561,-73.73568,1,0,Following Too Closely,4515080,19.0,3.5,12.0,12.0,0.0,4.0,65,37.8,67.3,194,Rain: Heavy,1,1,
26282,2022-04-01 06:30:00,40.750763,-73.97445,0,0,Turning Improperly,4515334,15.2,5.3,1.4,1.4,0.0,8.0,51,33.1,61.9,277,Drizzle: Light,0,0,
26283,2022-03-30 17:00:00,40.661198,-73.770966,0,0,Driver Inexperience,4514865,5.9,-3.5,0.0,0.0,0.0,0.0,3,17.0,30.6,215,Overcast,0,0,
26284,2022-03-27 07:45:00,40.719902,-74.00031,0,0,Backing Unsafely,4515302,7.5,-1.1,0.3,0.3,0.07,3.0,71,26.4,47.5,288,Snow fall: Light,0,0,Snowy Conditions
26285,2022-03-31 08:12:00,40.696297,-73.97716,1,0,Driver Inattention/Distraction,4515046,19.0,3.5,12.0,12.0,0.0,4.0,65,37.8,67.3,194,Rain: Heavy,1,1,
26286,2022-03-28 14:00:00,40.62427,-73.99255,0,0,Unspecified,4515582,0.0,-5.2,0.3,0.0,0.21,3.0,71,31.3,59.0,303,Snow fall: Light,0,0,Snowy Conditions
26287,2022-03-30 12:35:00,40.672314,-73.893036,1,0,Unsafe Speed,4515002,5.9,-3.5,0.0,0.0,0.0,0.0,3,17.0,30.6,215,Overcast,1,1,
26288,2022-04-01 22:54:00,40.726437,-74.00566,0,0,Unspecified,4515607,15.2,5.3,1.4,1.4,0.0,8.0,51,33.1,61.9,277,Drizzle: Light,0,0,
26289,2022-03-31 17:30:00,40.70569,-73.806145,0,0,Driver Inattention/Distraction,4515968,19.0,3.5,12.0,12.0,0.0,4.0,65,37.8,67.3,194,Rain: Heavy,0,0,
26290,2022-09-14 09:46:00,40.767326,-73.92986,0,0,Driver Inattention/Distraction,4567206,26.4,15.8,0.0,0.0,0.0,0.0,2,20.1,37.1,283,Partly cloudy,0,0,
26291,2022-04-01 15:00:00,40.676968,-73.83527,0,0,Backing Unsafely,4515446,15.2,5.3,1.4,1.4,0.0,8.0,51,33.1,61.9,277,Drizzle: Light,0,0,
26292,2022-03-30 12:00:00,40.734074,-73.989075,0,0,Outside Car Distraction,4514951,5.9,-3.5,0.0,0.0,0.0,0.0,3,17.0,30.6,215,Overcast,0,0,