,CRASH DATETIME,LATITUDE,LONGITUDE,NUMBER OF PERSONS INJURED,NUMBER OF PERSONS KILLED,CONTRIBUTING FACTOR VEHICLE 1,COLLISION_ID,temperature_2m_max,temperature_2m_min,precipitation_sum,rain_sum,snowfall_sum,precipitation_hours,weather_code,wind_speed_10m_max,wind_gusts_10m_max,wind_direction_10m_dominant,Weather Description,Severity_Score,Total_Affected_Persons,Weather_Category
26293,2022-03-31 23:10:00,40.82967,-73.931076,0,0,Passing or Lane Usage Improper,4515274,19.0,3.5,12.0,12.0,0.0,4.0,65,37.8,67.3,194,Rain: Heavy,0,0,
26294,2022-03-31 17:22:00,40.65814,-73.76765,0,0,Traffic Control Disregarded,4515186,19.0,3.5,12.0,12.0,0.0,4.0,65,37.8,67.3,194,Rain: Heavy,0,0,
26295,2022-03-25 15:20:00,40.77131,-73.77835,0,0,Passing or Lane Usage Improper,4515434,15.6,5.3,5.7,5.7,0.0,4.0,63,27.6,52.2,274,Rain: Moderate,0,0,
26296,2022-03-30 15:04:00,40.71413,-73.834946,0,0,Passing Too Closely,4514973,5.9,-3.5,0.0,0.0,0.0,0.0,3,17.0,30.6,215,Overcast,0,0,
26297,2022-03-30 07:20:00,40.697205,-73.81334,0,0,Driver Inattention/Distraction,4515137,5.9,-3.5,0.0,0.0,0.0,0.0,3,17.0,30.6,215,Overcast,0,0,
26298,2022-03-31 01:24:00,40.634655,-74.132866,0,0,Driver Inattention/Distraction,4515285,19.0,3.5,12.0,12.0,0.0,4.0,65,37.8,67.3,194,Rain: Heavy,0,0,
26299,2022-03-30 08:05:00,40.80006,-73.93059,0,0,Driver Inattention/Distraction,4514903,5.9,-3.5,0.0,0.0,0.0,0.0,3,17.0,30.6,215,Overcast,0,0,
26300,2022-04-01 10:00:00,40.739296,-73.78505,0,0,Driver Inattention/Distraction,4515517,15.2,5.3,1.4,1.4,0.0,8.0,51,33.1,61.9,277,Drizzle: Light,0,0,
26301,2022-04-01 17:48:00,40.697926,-73.84067,2,0,Unspecified,4515867,15.2,5.3,1.4,1.4,0.0,8.0,51,33.1,61.9,277,Drizzle: Light,2,2,
26302,2021-12-28 14:21:00,40.84681,-73.9083,1,0,Driver Inattention/Distraction,4490370,8.5,2.2,0.0,0.0,0.0,0.0,3,12.5,22.0,271,Overcast,1,1,
26303,2022-03-31 10:58:00,40.739563,-73.97704,0,0,Driver Inattention/Distraction,4515086,19.0,3.5,12.0,12.0,0.0,4.0,65,37.8,67.3,194,Rain: Heavy,0,0,
26304,2022-04-01 23:45:00,40.749294,-73.942955,1,0,Unspecified,4515492,15.2,5.3,1.4,1.4,0.0,8.0,51,33.1,61.9,277,Drizzle: Light,1,1,
26305,2022-03-17 11:58:00,40.67417,-73.95671,0,0,Following Too Closely,4515700,12.3,3.9,6.5,6.5,0.0,13.0,61,16.8,31.7,41,Rain: Light,0,0,
26306,2022-03-31 20:30:00,40.836758,-73.930725,3,0,Passing or Lane Usage Improper,4515422,19.0,3.5,12.0,12.0,0.0,4.0,65,37.8,67.3,194,Rain: Heavy,3,3,
26307,2022-04-01 14:35:00,40.643604,-73.94301,2,0,Unsafe Speed,4515659,15.2,5.3,1.4,1.4,0.0,8.0,51,33.1,61.9,277,Drizzle: Light,2,2,
26308,2022-03-31 03:22:00,40.68137,-73.94063,1,0,Backing Unsafely,4515476,19.0,3.5,12.0,12.0,0.0,4.0,65,37.8,67.3,194,Rain: Heavy,1,1,
26309,2022-03-30 12:41:00,40.64537,-73.94511,0,0,Unspecified,4515648,5.9,-3.5,0.0,0.0,0.0,0.0,3,17.0,30.6,215,Overcast,0,0,
26310,2022-04-01 15:40:00,40.76155,-73.96659,1,0,Unspecified,4515435,15.2,5.3,1.4,1.4,0.0,8.0,51,33.1,61.9,277,Drizzle: Light,1,1,
26311,2022-04-01 11:15:00,40.62919,-73.98745,1,0,Driver Inattention/Distraction,4515578,15.2,5.3,1.4,1.4,0.0,8.0,51,33.1,61.9,277,Drizzle: Light,1,1,
26312,2022-03-20 23:22:00,40.676094,-73.94992,2,0,Backing Unsafely,4515718,14.8,6.9,0.1,0.1,0.0,1.0,51,27.0,49.0,284,Drizzle: Light,2,2,
26313,2022-04-01 07:05:00,40.78393,-73.94423,0,0,Unsafe Lane Changing,4515505,15.2,5.3,1.4,1.4,0.0,8.0,51,33.1,61.9,277,Drizzle: Light,0,0,
26314,2022-03-30 13:05:00,40.87987,-73.842026,0,0,Pavement Slippery,4515117,5.9,-3.5,0.0,0.0,0.0,0.0,3,17.0,30.6,215,Overcast,0,0,
26315,2022-04-01 10:51:00,40.784454,-73.843056,0,0,Following Too Closely,4515764,15.2,5.3,1.4,1.4,0.0,8.0,51,33.1,61.9,277,Drizzle: Light,0,0,
26316,2022-03-30 22:10:00,40.707436,-74.00407,1,0,Driver Inattention/Distraction,4514927,5.9,-3.5,0.0,0.0,0.0,0.0,3,17.0,30.6,215,Overcast,1,1,
26317,2022-03-30 09:29:00,40.658836,-73.92046,1,0,Driver Inattention/Distraction,4515629,5.9,-3.5,0.0,0.0,0.0,0.0,3,17.0,30.6,215,Overcast,1,1,
26318,2022-03-26 11:30:00,40.650146,-74.00508,0,0,Failure to Yield Right-of-Way,4515339,10.1,4.9,6.1,5.8,0.21,8.0,71,21.6,41.0,251,Snow fall: Light,0,0,Snowy Conditions
26319,2022-03-21 18:47:00,40.805836,-73.94691,1,0,Failure to Yield Right-of-Way,4515665,15.6,5.0,0.0,0.0,0.0,0.0,3,30.0,53.6,299,Overcast,1,1,
26320,2022-03-21 19:57:00,40.69757,-73.87144,3,0,Following Too Closely,4515758,15.6,5.0,0.0,0.0,0.0,0.0,3,30.0,53.6,299,Overcast,3,3,
26321,2022-03-31 19:00:00,40.84065,-73.91902,0,0,Passing Too Closely,4515465,19.0,3.5,12.0,12.0,0.0,4.0,65,37.8,67.3,194,Rain: Heavy,0,0,
26322,2022-04-01 06:40:00,40.67497,-73.96054,0,0,Unspecified,4515825,15.2,5.3,1.4,1.4,0.0,8.0,51,33.1,61.9,277,Drizzle: Light,0,0,
26323,2022-03-19 23:00:00,40.760822,-73.99832,1,0,Driver Inattention/Distraction,4515679,18.3,6.6,9.3,9.3,0.0,3.0,65,16.3,32.8,146,Rain: Heavy,1,1,
26324,2022-04-01 19:25:00,40.605328,-73.990295,1,0,Driver Inattention/Distraction,4515403,15.2,5.3,1.4,1.4,0.0,8.0,51,33.1,61.9,277,Drizzle: Light,1,1,
26325,2022-03-30 08:40:00,40.863365,-73.909615,0,0,Other Vehicular,4515050,5.9,-3.5,0.0,0.0,0.0,0.0,3,17.0,30.6,215,Overcast,0,0,
26326,2022-04-01 15:10:00,40.567627,-74.11262,0,0,Failure to Yield Right-of-Way,4515797,15.2,5.3,1.4,1.4,0.0,8.0,51,33.1,61.9,277,Drizzle: Light,0,0,
26327,2022-03-30 00:46:00,40.760166,-73.83262,0,0,Backing Unsafely,4514771,5.9,-3.5,0.0,0.0,0.0,0.0,3,17.0,30.6,215,Overcast,0,0,
26328,2022-03-30 21:30:00,40.821136,-73.86587,0,0,Unspecified,4514980,5.9,-3.5,0.0,0.0,0.0,0.0,3,17.0,30.6,215,Overcast,0,0,
26329,2022-03-31 18:04:00,40.63178,-73.945625,0,0,Unspecified,4515552,19.0,3.5,12.0,12.0,0.0,4.0,65,37.8,67.3,194,Rain: Heavy,0,0,
26330,2022-03-30 13:00:00,40.834385,-73.85388,0,0,Turning Improperly,4514841,5.9,-3.5,0.0,0.0,0.0,0.0,3,17.0,30.6,215,Overcast,0,0,
26331,2022-04-01 10:33:00,40.70026,-73.80868,0,0,Driver Inattention/Distraction,4515960,15.2,5.3,1.4,1.4,0.0,8.0,51,33.1,61.9,277,Drizzle: Light,0,0,
26332,2022-03-25 13:00:00,40.748814,-73.75656,0,0,Driver Inattention/Distraction,4515450,15.6,5.3,5.7,5.7,0.0,4.0,63,27.6,52.2,274,Rain: Moderate,0,0,
26333,2022-04-01 10:30:00,40.7518,-73.817314,0,0,Following Too Closely,4515598,15.2,5.3,1.4,1.4,0.0,8.0,51,33.1,61.9,277,Drizzle: Light,0,0,
26334,2022-03-30 15:31:00,40.685226,-73.91454,2,0,Reaction to Uninvolved Vehicle,4514985,5.9,-3.5,0.0,0.0,0.0,0.0,3,17.0,30.6,215,Overcast,2,2,
26335,2022-03-30 09:40:00,40.733124,-73.72272,0,0,Following Too Closely,4514899,5.9,-3.5,0.0,0.0,0.0,0.0,3,17.0,30.6,215,Overcast,0,0,
26336,2022-03-31 07:55:00,40.717045,-73.94076,0,0,Unspecified,4514978,19.0,3.5,12.0,12.0,0.0,4.0,65,37.8,67.3,194,Rain: Heavy,0,0,
26337,2022-04-01 06:42:00,40.866383,-73.88515,2,0,Unsafe Lane Changing,4515289,15.2,5.3,1.4,1.4,0.0,8.0,51,33.1,61.9,277,Drizzle: Light,2,2,
26338,2022-03-30 14:18:00,40.60323,-74.09261,0,0,Driver Inattention/Distraction,4515155,5.9,-3.5,0.0,0.0,0.0,0.0,3,17.0,30.6,215,Overcast,0,0,
26339,2022-03-31 02:30:00,40.845108,-73.913025,0,0,Unsafe Speed,4514942,19.0,3.5,12.0,12.0,0.0,4.0,65,37.8,67.3,194,Rain: Heavy,0,0,
26340,2022-03-31 17:00:00,40.61139,-74.03648,0,0,Driver Inexperience,4515170,19.0,3.5,12.0,12.0,0.0,4.0,65,37.8,67.3,194,Rain: Heavy,0,0,
26341,2022-04-01 20:29:00,40.81728,-73.938545,0,0,Unspecified,4515983,15.2,5.3,1.4,1.4,0.0,8.0,51,33.1,61.9,277,Drizzle: Light,0,0,
26342,2022-03-30 01:10:00,40.845467,-73.92813,0,0,Turning Improperly,4514710,5.9,-3.5,0.0,0.0,0.0,0.0,3,17.0,30.6,215,Overcast,0,0,
26343,2022-03-31 16:46:00,40.681484,-73.84788,1,0,Unsafe Lane Changing,4515198,19.0,3.5,12.0,12.0,0.0,4.0,65,37.8,67.3,194,Rain: Heavy,1,1,
26344,2022-04-01 01:54:00,40.843246,-73.94505,0,0,Driver Inattention/Distraction,4515642,15.2,5.3,1.4,1.4,0.0,8.0,51,33.1,61.9,277,Drizzle: Light,0,0,
26345,2022-03-31 00:00:00,40.66742,-73.897644,0,0,Pedestrian/Bicyclist/Other Pedestrian Error/Confusion,4515306,19.0,3.5,12.0,12.0,0.0,4.0,65,37.8,67.3,194,Rain: Heavy,0,0,
26346,2022-03-31 09:44:00,40.60058,-73.99161,1,0,Driver Inattention/Distraction,4515104,19.0,3.5,12.0,12.0,0.0,4.0,65,37.8,67.3,194,Rain: Heavy,1,1,
26347,2022-04-01 15:30:00,40.730633,-73.871635,0,0,Driver Inattention/Distraction,4515458,15.2,5.3,1.4,1.4,0.0,8.0,51,33.1,61.9,277,Drizzle: Light,0,0,
26348,2022-03-31 04:24:00,40.815132,-73.886444,0,0,Unsafe Speed,4515252,19.0,3.5,12.0,12.0,0.0,4.0,65,37.8,67.3,194,Rain: Heavy,0,0,
26349,2021-05-03 11:19:00,40.75167,-73.94188,1,0,Unspecified,4413382,15.8,11.4,5.7,5.7,0.0,7.0,61,14.5,47.2,53,Rain: Light,1,1,
26350,2021-05-27 20:32:00,40.764034,-73.74351,1,0,Driver Inattention/Distraction,4421151,27.4,18.3,2.4,2.4,0.0,3.0,61,23.5,42.1,313,Rain: Light,1,1,
26351,2021-05-28 03:53:00,40.733597,-73.91062,0,0,Driver Inattention/Distraction,4421285,19.4,10.6,25.0,25.0,0.0,8.0,63,25.6,47.9,62,Rain: Moderate,0,0,
26352,2021-05-27 11:54:00,40.8359,-73.890396,1,0,Driver Inattention/Distraction,4421665,27.4,18.3,2.4,2.4,0.0,3.0,61,23.5,42.1,313,Rain: Light,1,1,
26353,2021-05-27 19:50:00,40.697403,-73.80536,0,0,Unspecified,4422641,27.4,18.3,2.4,2.4,0.0,3.0,61,23.5,42.1,313,Rain: Light,0,0,
26354,2021-05-28 16:39:00,40.593796,-74.135445,0,0,Backing Unsafely,4422637,19.4,10.6,25.0,25.0,0.0,8.0,63,25.6,47.9,62,Rain: Moderate,0,0,
26355,2021-05-23 00:30:00,40.83164,-73.930115,0,0,Unspecified,4422704,31.4,19.8,0.0,0.0,0.0,0.0,3,28.5,54.4,322,Overcast,0,0,
26356,2021-05-30 12:00:00,40.60501,-73.95248,0,0,Unspecified,4421949,11.5,8.5,13.7,13.7,0.0,24.0,61,28.1,52.2,22,Rain: Light,0,0,
26357,2021-05-30 00:30:00,40.556,-74.19475,1,0,Alcohol Involvement,4422185,11.5,8.5,13.7,13.7,0.0,24.0,61,28.1,52.2,22,Rain: Light,1,1,
26358,2021-05-30 22:12:00,40.825573,-73.918465,0,0,Driver Inexperience,4422041,11.5,8.5,13.7,13.7,0.0,24.0,61,28.1,52.2,22,Rain: Light,0,0,
26359,2022-04-01 17:15:00,40.774563,-73.9126,0,0,Passing Too Closely,4515498,15.2,5.3,1.4,1.4,0.0,8.0,51,33.1,61.9,277,Drizzle: Light,0,0,
26360,2021-05-30 01:05:00,40.71081,-73.792786,0,0,Alcohol Involvement,4421605,11.5,8.5,13.7,13.7,0.0,24.0,61,28.1,52.2,22,Rain: Light,0,0,
26361,2021-05-30 19:30:00,40.613644,-73.957275,0,0,Unspecified,4422003,11.5,8.5,13.7,13.7,0.0,24.0,61,28.1,52.2,22,Rain: Light,0,0,
26362,2021-05-30 17:42:00,40.61448,-73.92641,0,0,Driver Inattention/Distraction,4422327,11.5,8.5,13.7,13.7,0.0,24.0,61,28.1,52.2,22,Rain: Light,0,0,
26363,2021-05-30 12:31:00,40.84631,-73.91947,1,0,Driver Inattention/Distraction,4422096,11.5,8.5,13.7,13.7,0.0,24.0,61,28.1,52.2,22,Rain: Light,1,1,
26364,2021-05-24 07:20:00,40.757378,-73.92691,2,0,Driver Inexperience,4422564,18.9,13.7,0.0,0.0,0.0,0.0,3,22.4,44.3,126,Overcast,2,2,
26365,2021-05-30 04:40:00,40.6228,-74.02836,0,0,Backing Unsafely,4421636,11.5,8.5,13.7,13.7,0.0,24.0,61,28.1,52.2,22,Rain: Light,0,0,
26366,2021-05-30 08:20:00,40.798622,-73.94163,1,0,Turning Improperly,4422127,11.5,8.5,13.7,13.7,0.0,24.0,61,28.1,52.2,22,Rain: Light,1,1,
26367,2021-05-27 03:30:00,40.787117,-73.94793,0,0,Unspecified,4422518,27.4,18.3,2.4,2.4,0.0,3.0,61,23.5,42.1,313,Rain: Light,0,0,
26368,2021-05-30 01:25:00,40.61642,-73.97445,0,0,Unspecified,4421690,11.5,8.5,13.7,13.7,0.0,24.0,61,28.1,52.2,22,Rain: Light,0,0,
26369,2021-05-30 00:00:00,40.700768,-73.81019,0,0,Passing Too Closely,4421929,11.5,8.5,13.7,13.7,0.0,24.0,61,28.1,52.2,22,Rain: Light,0,0,
26370,2021-05-30 12:00:00,40.661396,-73.89277,0,0,Other Vehicular,4422249,11.5,8.5,13.7,13.7,0.0,24.0,61,28.1,52.2,22,Rain: Light,0,0,
26371,2021-05-30 17:39:00,40.753628,-73.718445,0,0,Unspecified,4422346,11.5,8.5,13.7,13.7,0.0,24.0,61,28.1,52.2,22,Rain: Light,0,0,
26372,2021-05-27 11:46:00,0.0,0.0,1,0,Driver Inattention/Distraction,4422470,27.4,18.3,2.4,2.4,0.0,3.0,61,23.5,42.1,313,Rain: Light,1,1,
26373,2021-05-30 11:23:00,40.724895,-73.89214,0,0,Pavement Slippery,4421882,11.5,8.5,13.7,13.7,0.0,24.0,61,28.1,52.2,22,Rain: Light,0,0,
26374,2021-05-30 05:08:00,40.7447,-73.82718,0,0,Alcohol Involvement,4421808,11.5,8.5,13.7,13.7,0.0,24.0,61,28.1,52.2,22,Rain: Light,0,0,
26375,2021-05-30 02:00:00,40.67774,-73.79755,0,0,Unspecified,4421874,11.5,8.5,13.7,13.7,0.0,24.0,61,28.1,52.2,22,Rain: Light,0,0,
26376,2021-05-30 06:30:00,40.786423,-73.82394,0,0,Pavement Slippery,4421810,11.5,8.5,13.7,13.7,0.0,24.0,61,28.1,52.2,22,Rain: Light,0,0,
26377,2021-05-30 20:00:00,40.632744,-73.88367,0,0,Unspecified,4421907,11.5,8.5,13.7,13.7,0.0,24.0,61,28.1,52.2,22,Rain: Light,0,0,
26378,2021-05-30 09:00:00,40.744846,-73.835686,0,0,Unspecified,4421705,11.5,8.5,13.7,13.7,0.0,24.0,61,28.1,52.2,22,Rain: Light,0,0,
26379,2021-05-24 10:00:00,40.61269,-73.982666,0,0,Unspecified,4422454,18.9,13.7,0.0,0.0,0.0,0.0,3,22.4,44.3,126,Overcast,0,0,
26380,2021-05-30 18:20:00,40.76501,-73.8871,0,0,Driver Inattention/Distraction,4422074,11.5,8.5,13.7,13.7,0.0,24.0,61,28.1,52.2,22,Rain: Light,0,0,
26381,2021-05-30 13:40:00,40.814705,-73.92453,4,0,Backing Unsafely,4422140,11.5,8.5,13.7,13.7,0.0,24.0,61,28.1,52.2,22,Rain: Light,4,4,
26382,2021-05-25 22:40:00,40.75114,-73.9345,1,0,Pedestrian/Bicyclist/Other Pedestrian Error/Confusion,4422509,21.9,13.0,0.0,0.0,0.0,0.0,3,24.3,47.9,182,Overcast,1,1,
26383,2021-05-30 18:30:00,40.65662,-73.889175,0,0,Other Vehicular,4422265,11.5,8.5,13.7,13.7,0.0,24.0,61,28.1,52.2,22,Rain: Light,0,0,
26384,2021-05-28 07:20:00,40.768627,-73.93583,1,0,Driver Inattention/Distraction,4422498,19.4,10.6,25.0,25.0,0.0,8.0,63,25.6,47.9,62,Rain: Moderate,1,1,
26385,2021-05-30 05:50:00,40.740467,-73.97295,1,0,Fatigued/Drowsy,4421800,11.5,8.5,13.7,13.7,0.0,24.0,61,28.1,52.2,22,Rain: Light,1,1,
26386,2021-05-30 17:56:00,40.644955,-73.92113,0,0,Unspecified,4421896,11.5,8.5,13.7,13.7,0.0,24.0,61,28.1,52.2,22,Rain: Light,0,0,
26387,2021-05-30 16:46:00,40.740185,-73.986374,1,0,Driver Inattention/Distraction,4422017,11.5,8.5,13.7,13.7,0.0,24.0,61,28.1,52.2,22,Rain: Light,1,1,
26388,2021-05-30 11:20:00,40.675938,-73.86823,1,0,Unspecified,4422248,11.5,8.5,13.7,13.7,0.0,24.0,61,28.1,52.2,22,Rain: Light,1,1,
26389,2021-05-29 10:00:00,40.739353,-73.78614,0,0,Pavement Slippery,4422594,11.0,8.5,25.1,25.1,0.0,22.0,63,29.9,56.9,39,Rain: Moderate,0,0,
26390,2021-05-30 21:06:00,40.68983,-73.97863,0,0,Failure to Yield Right-of-Way,4421931,11.5,8.5,13.7,13.7,0.0,24.0,61,28.1,52.2,22,Rain: Light,0,0,
26391,2021-05-30 16:15:00,40.757782,-73.9165,0,0,Unspecified,4421976,11.5,8.5,13.7,13.7,0.0,24.0,61,28.1,52.2,22,Rain: Light,0,0,
26392,2021-05-30 15:54:00,40.839832,-73.92392,0,0,Driver Inattention/Distraction,4422728,11.5,8.5,13.7,13.7,0.0,24.0,61,28.1,52.2,22,Rain: Light,0,0,
26393,2021-05-30 11:45:00,40.74562,-73.85953,0,0,Unspecified,4421828,11.5,8.5,13.7,13.7,0.0,24.0,61,28.1,52.2,22,Rain: Light,0,0,
26394,2021-05-30 01:30:00,40.644753,-73.92493,2,0,Traffic Control Disregarded,4422560,11.5,8.5,13.7,13.7,0.0,24.0,61,28.1,52.2,22,Rain: Light,2,2,
26395,2021-05-30 00:10:00,40.696117,-73.905014,1,0,Driver Inattention/Distraction,4422301,11.5,8.5,13.7,13.7,0.0,24.0,61,28.1,52.2,22,Rain: Light,1,1,
26396,2021-05-30 20:00:00,40.699024,-73.91623,1,0,Driver Inattention/Distraction,4422416,11.5,8.5,13.7,13.7,0.0,24.0,61,28.1,52.2,22,Rain: Light,1,1,
26397,2021-05-24 15:19:00,40.72603,-73.870155,1,0,Unspecified,4422544,18.9,13.7,0.0,0.0,0.0,0.0,3,22.4,44.3,126,Overcast,1,1,
26398,2021-05-30 10:00:00,40.66656,-73.93921,0,0,Driver Inattention/Distraction,4422674,11.5,8.5,13.7,13.7,0.0,24.0,61,28.1,52.2,22,Rain: Light,0,0,
26399,2021-05-30 02:30:00,40.755302,-73.86811,0,0,Other Vehicular,4422064,11.5,8.5,13.7,13.7,0.0,24.0,61,28.1,52.2,22,Rain: Light,0,0,
26400,2021-05-28 09:00:00,40.806965,-73.952866,0,0,Unspecified,4422609,19.4,10.6,25.0,25.0,0.0,8.0,63,25.6,47.9,62,Rain: Moderate,0,0,
26401,2021-05-30 18:11:00,40.828407,-73.84392,1,0,Unspecified,4422128,11.5,8.5,13.7,13.7,0.0,24.0,61,28.1,52.2,22,Rain: Light,1,1,
26402,2021-05-30 19:30:00,40.74479,-73.91743,0,0,Driver Inattention/Distraction,4422230,11.5,8.5,13.7,13.7,0.0,24.0,61,28.1,52.2,22,Rain: Light,0,0,
26403,2021-05-30 18:50:00,40.724693,-73.7541,0,0,Failure to Yield Right-of-Way,4421935,11.5,8.5,13.7,13.7,0.0,24.0,61,28.1,52.2,22,Rain: Light,0,0,
26404,2021-05-30 21:04:00,40.70212,-73.90959,1,0,Driver Inexperience,4422574,11.5,8.5,13.7,13.7,0.0,24.0,61,28.1,52.2,22,Rain: Light,1,1,
26405,2021-05-30 13:37:00,40.78318,-73.94362,0,0,Following Too Closely,4422155,11.5,8.5,13.7,13.7,0.0,24.0,61,28.1,52.2,22,Rain: Light,0,0,
26406,2021-05-30 20:28:00,40.822834,-73.941925,1,0,Failure to Yield Right-of-Way,4422004,11.5,8.5,13.7,13.7,0.0,24.0,61,28.1,52.2,22,Rain: Light,1,1,
26407,2021-05-30 16:05:00,40.77263,-73.95744,0,0,Driver Inattention/Distraction,4422156,11.5,8.5,13.7,13.7,0.0,24.0,61,28.1,52.2,22,Rain: Light,0,0,
26408,2021-05-30 06:15:00,40.81777,-73.85728,0,0,Driver Inattention/Distraction,4422114,11.5,8.5,13.7,13.7,0.0,24.0,61,28.1,52.2,22,Rain: Light,0,0,
26409,2021-05-30 04:00:00,40.67875,-73.8205,4,0,Unsafe Speed,4421994,11.5,8.5,13.7,13.7,0.0,24.0,61,28.1,52.2,22,Rain: Light,4,4,
26410,2022-03-21 09:20:00,40.681828,-73.90467,0,0,Passing or Lane Usage Improper,4515683,15.6,5.0,0.0,0.0,0.0,0.0,3,30.0,53.6,299,Overcast,0,0,
26411,2021-05-23 12:47:00,40.82142,-73.891685,0,0,Backing Unsafely,4422617,31.4,19.8,0.0,0.0,0.0,0.0,3,28.5,54.4,322,Overcast,0,0,
26412,2021-05-30 00:11:00,40.769485,-73.91503,0,0,Turning Improperly,4421617,11.5,8.5,13.7,13.7,0.0,24.0,61,28.1,52.2,22,Rain: Light,0,0,
26413,2021-05-28 07:55:00,40.63234,-74.02834,0,0,Unspecified,4422759,19.4,10.6,25.0,25.0,0.0,8.0,63,25.6,47.9,62,Rain: Moderate,0,0,
26414,2021-05-30 18:37:00,40.861862,-73.91282,1,0,Driver Inattention/Distraction,4421962,11.5,8.5,13.7,13.7,0.0,24.0,61,28.1,52.2,22,Rain: Light,1,1,
26415,2021-05-16 08:33:00,40.70194,-73.9086,0,0,Unspecified,4422529,22.3,10.7,0.1,0.1,0.0,1.0,51,23.8,46.1,261,Drizzle: Light,0,0,
26416,2021-05-26 16:30:00,40.80928,-73.949036,0,0,Turning Improperly,4422604,29.5,17.4,0.1,0.1,0.0,1.0,51,23.4,45.7,210,Drizzle: Light,0,0,
26417,2021-05-30 02:40:00,40.830757,-73.88852,0,0,Unspecified,4421644,11.5,8.5,13.7,13.7,0.0,24.0,61,28.1,52.2,22,Rain: Light,0,0,
26418,2021-05-29 15:00:00,40.57912,-74.13289,0,0,Backing Unsafely,4422638,11.0,8.5,25.1,25.1,0.0,22.0,63,29.9,56.9,39,Rain: Moderate,0,0,
26419,2021-05-30 18:00:00,40.660328,-73.73935,0,0,Failure to Yield Right-of-Way,4421934,11.5,8.5,13.7,13.7,0.0,24.0,61,28.1,52.2,22,Rain: Light,0,0,
26420,2021-05-30 08:20:00,40.83609,-73.87039,0,0,Unspecified,4422115,11.5,8.5,13.7,13.7,0.0,24.0,61,28.1,52.2,22,Rain: Light,0,0,
26421,2021-05-30 14:40:00,40.66943,-73.986084,0,0,Driver Inattention/Distraction,4421997,11.5,8.5,13.7,13.7,0.0,24.0,61,28.1,52.2,22,Rain: Light,0,0,
26422,2021-05-25 15:06:00,40.75588,-73.92371,0,0,Unspecified,4422517,21.9,13.0,0.0,0.0,0.0,0.0,3,24.3,47.9,182,Overcast,0,0,
26423,2021-05-30 18:56:00,40.758865,-73.98488,0,0,Following Too Closely,4422573,11.5,8.5,13.7,13.7,0.0,24.0,61,28.1,52.2,22,Rain: Light,0,0,
26424,2021-05-30 23:49:00,40.834507,-73.91772,0,0,Unsafe Speed,4422042,11.5,8.5,13.7,13.7,0.0,24.0,61,28.1,52.2,22,Rain: Light,0,0,
26425,2021-05-27 04:50:00,40.828316,-73.93118,1,0,Following Too Closely,4422714,27.4,18.3,2.4,2.4,0.0,3.0,61,23.5,42.1,313,Rain: Light,1,1,
26426,2021-05-30 00:30:00,40.744133,-73.88008,0,0,Unspecified,4421827,11.5,8.5,13.7,13.7,0.0,24.0,61,28.1,52.2,22,Rain: Light,0,0,
26427,2021-05-30 13:59:00,40.713627,-73.91545,1,0,Failure to Yield Right-of-Way,4421877,11.5,8.5,13.7,13.7,0.0,24.0,61,28.1,52.2,22,Rain: Light,1,1,
26428,2021-05-30 21:10:00,40.697117,-73.74839,0,0,Pavement Slippery,4422276,11.5,8.5,13.7,13.7,0.0,24.0,61,28.1,52.2,22,Rain: Light,0,0,
26429,2021-05-30 15:50:00,40.610214,-73.94371,0,0,Following Too Closely,4421950,11.5,8.5,13.7,13.7,0.0,24.0,61,28.1,52.2,22,Rain: Light,0,0,
26430,2021-05-14 08:50:00,40.770527,-73.92731,0,0,Driver Inattention/Distraction,4422504,21.6,7.5,0.0,0.0,0.0,0.0,2,14.3,25.2,276,Partly cloudy,0,0,
26431,2021-05-30 12:55:00,40.73771,-73.974266,1,0,Pavement Slippery,4421801,11.5,8.5,13.7,13.7,0.0,24.0,61,28.1,52.2,22,Rain: Light,1,1,
26432,2021-05-30 13:45:00,40.679592,-73.94126,0,0,Unspecified,4422175,11.5,8.5,13.7,13.7,0.0,24.0,61,28.1,52.2,22,Rain: Light,0,0,
26433,2021-05-30 20:00:00,40.6992,-73.92309,0,0,Backing Unsafely,4422305,11.5,8.5,13.7,13.7,0.0,24.0,61,28.1,52.2,22,Rain: Light,0,0,
26434,2021-05-30 13:50:00,40.83214,-73.92729,1,0,Failure to Yield Right-of-Way,4421857,11.5,8.5,13.7,13.7,0.0,24.0,61,28.1,52.2,22,Rain: Light,1,1,
26435,2021-05-30 20:45:00,40.73283,-73.97415,0,0,Unspecified,4422016,11.5,8.5,13.7,13.7,0.0,24.0,61,28.1,52.2,22,Rain: Light,0,0,
26436,2021-05-29 08:58:00,40.692394,-73.967674,0,0,Unspecified,4422596,11.0,8.5,25.1,25.1,0.0,22.0,63,29.9,56.9,39,Rain: Moderate,0,0,
26437,2021-05-30 18:57:00,40.777855,-73.981964,0,0,Driver Inattention/Distraction,4422658,11.5,8.5,13.7,13.7,0.0,24.0,61,28.1,52.2,22,Rain: Light,0,0,
26438,2021-05-29 22:30:00,40.833233,-73.8282,0,0,Failure to Yield Right-of-Way,4422510,11.0,8.5,25.1,25.1,0.0,22.0,63,29.9,56.9,39,Rain: Moderate,0,0,
26439,2021-05-30 12:45:00,40.755756,-73.96479,0,0,Driver Inattention/Distraction,4421942,11.5,8.5,13.7,13.7,0.0,24.0,61,28.1,52.2,22,Rain: Light,0,0,