,CRASH DATETIME,LATITUDE,LONGITUDE,NUMBER OF PERSONS INJURED,NUMBER OF PERSONS KILLED,CONTRIBUTING FACTOR VEHICLE 1,COLLISION_ID,temperature_2m_max,temperature_2m_min,precipitation_sum,rain_sum,snowfall_sum,precipitation_hours,weather_code,wind_speed_10m_max,wind_gusts_10m_max,wind_direction_10m_dominant,Weather Description,Severity_Score,Total_Affected_Persons,Weather_Category
26440,2021-05-30 13:07:00,40.871334,-73.86139,0,0,Other Vehicular,4422032,11.5,8.5,13.7,13.7,0.0,24.0,61,28.1,52.2,22,Rain: Light,0,0,
26441,2021-05-25 13:00:00,40.76099,-73.99077,0,0,Traffic Control Disregarded,4422579,21.9,13.0,0.0,0.0,0.0,0.0,3,24.3,47.9,182,Overcast,0,0,
26442,2021-05-30 17:05:00,40.678955,-73.86516,1,0,Failure to Yield Right-of-Way,4422264,11.5,8.5,13.7,13.7,0.0,24.0,61,28.1,52.2,22,Rain: Light,1,1,
26443,2021-05-30 01:40:00,40.69103,-73.78079,2,0,Unsafe Speed,4421686,11.5,8.5,13.7,13.7,0.0,24.0,61,28.1,52.2,22,Rain: Light,2,2,
26444,2021-05-30 14:15:00,40.77077,-73.91727,0,0,Failure to Yield Right-of-Way,4422497,11.5,8.5,13.7,13.7,0.0,24.0,61,28.1,52.2,22,Rain: Light,0,0,
26445,2021-05-30 17:49:00,40.781673,-73.84662,0,0,Driver Inattention/Distraction,4421908,11.5,8.5,13.7,13.7,0.0,24.0,61,28.1,52.2,22,Rain: Light,0,0,
26446,2021-05-30 16:41:00,40.629143,-73.923134,1,0,Unspecified,4422324,11.5,8.5,13.7,13.7,0.0,24.0,61,28.1,52.2,22,Rain: Light,1,1,
26447,2021-05-30 15:35:00,40.669575,-73.88858,0,0,Unspecified,4422192,11.5,8.5,13.7,13.7,0.0,24.0,61,28.1,52.2,22,Rain: Light,0,0,
26448,2021-05-30 23:30:00,40.755554,-73.885376,0,0,Driver Inattention/Distraction,4422068,11.5,8.5,13.7,13.7,0.0,24.0,61,28.1,52.2,22,Rain: Light,0,0,
26449,2021-05-30 02:15:00,40.80843,-73.923386,0,0,Following Too Closely,4422139,11.5,8.5,13.7,13.7,0.0,24.0,61,28.1,52.2,22,Rain: Light,0,0,
26450,2021-05-25 08:10:00,40.768414,-73.99097,0,0,Backing Unsafely,4422580,21.9,13.0,0.0,0.0,0.0,0.0,3,24.3,47.9,182,Overcast,0,0,
26451,2021-05-30 13:28:00,40.582977,-73.98042,2,0,Reaction to Uninvolved Vehicle,4421975,11.5,8.5,13.7,13.7,0.0,24.0,61,28.1,52.2,22,Rain: Light,2,2,
26452,2021-05-26 09:03:00,40.62051,-73.99248,1,0,Driver Inattention/Distraction,4422505,29.5,17.4,0.1,0.1,0.0,1.0,51,23.4,45.7,210,Drizzle: Light,1,1,
26453,2021-05-29 20:40:00,40.651176,-73.94165,0,0,Unspecified,4422549,11.0,8.5,25.1,25.1,0.0,22.0,63,29.9,56.9,39,Rain: Moderate,0,0,
26454,2021-05-30 08:35:00,40.861862,-73.91282,0,0,Driver Inattention/Distraction,4422027,11.5,8.5,13.7,13.7,0.0,24.0,61,28.1,52.2,22,Rain: Light,0,0,
26455,2021-05-30 22:35:00,40.68844,-73.741585,0,0,Unspecified,4422345,11.5,8.5,13.7,13.7,0.0,24.0,61,28.1,52.2,22,Rain: Light,0,0,
26456,2021-05-30 00:00:00,40.778595,-73.8469,0,0,Failure to Yield Right-of-Way,4421702,11.5,8.5,13.7,13.7,0.0,24.0,61,28.1,52.2,22,Rain: Light,0,0,
26457,2021-05-30 18:30:00,40.80808,-73.92838,0,0,Unspecified,4422148,11.5,8.5,13.7,13.7,0.0,24.0,61,28.1,52.2,22,Rain: Light,0,0,
26458,2021-05-30 13:27:00,40.692905,-73.895256,0,0,Driver Inattention/Distraction,4421881,11.5,8.5,13.7,13.7,0.0,24.0,61,28.1,52.2,22,Rain: Light,0,0,
26459,2021-05-30 03:10:00,40.691635,-73.800026,0,0,Steering Failure,4422157,11.5,8.5,13.7,13.7,0.0,24.0,61,28.1,52.2,22,Rain: Light,0,0,
26460,2021-05-30 15:15:00,40.83613,-73.88987,1,0,Driver Inattention/Distraction,4421957,11.5,8.5,13.7,13.7,0.0,24.0,61,28.1,52.2,22,Rain: Light,1,1,
26461,2021-05-30 01:24:00,40.689236,-73.82852,0,0,Traffic Control Disregarded,4422147,11.5,8.5,13.7,13.7,0.0,24.0,61,28.1,52.2,22,Rain: Light,0,0,
26462,2021-05-28 16:00:00,40.80034,-73.94789,0,0,Following Too Closely,4422608,19.4,10.6,25.0,25.0,0.0,8.0,63,25.6,47.9,62,Rain: Moderate,0,0,
26463,2021-05-30 12:00:00,40.725624,-73.995514,0,0,Unspecified,4422058,11.5,8.5,13.7,13.7,0.0,24.0,61,28.1,52.2,22,Rain: Light,0,0,
26464,2021-05-29 15:03:00,40.827656,-73.8861,0,0,Unsafe Speed,4422618,11.0,8.5,25.1,25.1,0.0,22.0,63,29.9,56.9,39,Rain: Moderate,0,0,
26465,2021-05-30 00:15:00,40.780224,-73.80255,0,0,Failure to Yield Right-of-Way,4421627,11.5,8.5,13.7,13.7,0.0,24.0,61,28.1,52.2,22,Rain: Light,0,0,
26466,2021-04-29 19:00:00,40.723156,-73.908485,0,0,Unspecified,4422525,22.5,12.9,3.8,3.8,0.0,9.0,53,25.6,50.8,199,Drizzle: Moderate,0,0,
26467,2021-05-30 14:51:00,40.81109,-73.95334,2,0,Turning Improperly,4422306,11.5,8.5,13.7,13.7,0.0,24.0,61,28.1,52.2,22,Rain: Light,2,2,
26468,2021-05-30 15:50:00,40.652954,-73.944466,0,0,Passing or Lane Usage Improper,4421845,11.5,8.5,13.7,13.7,0.0,24.0,61,28.1,52.2,22,Rain: Light,0,0,
26469,2021-05-30 03:57:00,40.634018,-73.94758,1,0,Alcohol Involvement,4421861,11.5,8.5,13.7,13.7,0.0,24.0,61,28.1,52.2,22,Rain: Light,1,1,
26470,2021-05-30 19:10:00,40.747334,-73.955055,1,0,Driver Inattention/Distraction,4422232,11.5,8.5,13.7,13.7,0.0,24.0,61,28.1,52.2,22,Rain: Light,1,1,
26471,2021-05-30 14:25:00,40.746906,-73.86371,0,0,Driver Inattention/Distraction,4422749,11.5,8.5,13.7,13.7,0.0,24.0,61,28.1,52.2,22,Rain: Light,0,0,
26472,2021-05-30 18:30:00,40.66235,-73.95082,0,0,Driver Inattention/Distraction,4421894,11.5,8.5,13.7,13.7,0.0,24.0,61,28.1,52.2,22,Rain: Light,0,0,
26473,2021-05-30 01:26:00,40.691895,-73.77822,0,0,Driver Inattention/Distraction,4422279,11.5,8.5,13.7,13.7,0.0,24.0,61,28.1,52.2,22,Rain: Light,0,0,
26474,2021-05-30 15:38:00,40.635803,-74.017624,0,0,Unspecified,4421939,11.5,8.5,13.7,13.7,0.0,24.0,61,28.1,52.2,22,Rain: Light,0,0,
26475,2021-05-29 12:15:00,40.595734,-73.77478,0,0,Failure to Yield Right-of-Way,4422444,11.0,8.5,25.1,25.1,0.0,22.0,63,29.9,56.9,39,Rain: Moderate,0,0,
26476,2021-05-30 02:25:00,40.718555,-73.988205,0,0,Alcohol Involvement,4421752,11.5,8.5,13.7,13.7,0.0,24.0,61,28.1,52.2,22,Rain: Light,0,0,
26477,2021-05-30 14:00:00,40.652187,-73.86843,0,0,Failure to Yield Right-of-Way,4422241,11.5,8.5,13.7,13.7,0.0,24.0,61,28.1,52.2,22,Rain: Light,0,0,
26478,2021-05-30 20:35:00,40.72496,-73.82756,0,0,Unspecified,4422366,11.5,8.5,13.7,13.7,0.0,24.0,61,28.1,52.2,22,Rain: Light,0,0,
26479,2021-05-12 23:53:00,40.590477,-73.810104,1,0,Fell Asleep,4422503,17.9,5.8,0.0,0.0,0.0,0.0,2,20.0,41.0,317,Partly cloudy,1,1,
26480,2021-05-30 09:30:00,40.737194,-73.97447,1,0,Driver Inattention/Distraction,4421802,11.5,8.5,13.7,13.7,0.0,24.0,61,28.1,52.2,22,Rain: Light,1,1,
26481,2021-05-30 09:45:00,40.719833,-73.82624,0,0,Driver Inattention/Distraction,4421893,11.5,8.5,13.7,13.7,0.0,24.0,61,28.1,52.2,22,Rain: Light,0,0,
26482,2021-05-30 15:45:00,40.734497,-73.72287,0,0,Unspecified,4421933,11.5,8.5,13.7,13.7,0.0,24.0,61,28.1,52.2,22,Rain: Light,0,0,
26483,2021-05-30 15:30:00,40.82663,-73.87285,1,0,Unspecified,4422119,11.5,8.5,13.7,13.7,0.0,24.0,61,28.1,52.2,22,Rain: Light,1,1,
26484,2021-05-20 17:55:00,40.706356,-73.900276,0,0,Failure to Yield Right-of-Way,4422524,22.2,12.5,0.0,0.0,0.0,0.0,3,19.0,38.2,147,Overcast,0,0,
26485,2021-05-28 13:23:00,40.57629,-73.968544,0,0,Unspecified,4422706,19.4,10.6,25.0,25.0,0.0,8.0,63,25.6,47.9,62,Rain: Moderate,0,0,
26486,2021-05-30 09:15:00,40.74523,-73.86265,0,0,Unspecified,4421823,11.5,8.5,13.7,13.7,0.0,24.0,61,28.1,52.2,22,Rain: Light,0,0,
26487,2021-05-30 22:07:00,40.59938,-73.95141,1,0,Driver Inattention/Distraction,4421951,11.5,8.5,13.7,13.7,0.0,24.0,61,28.1,52.2,22,Rain: Light,1,1,
26488,2021-05-30 18:00:00,40.76702,-73.82283,0,0,Passing or Lane Usage Improper,4421909,11.5,8.5,13.7,13.7,0.0,24.0,61,28.1,52.2,22,Rain: Light,0,0,
26489,2021-05-30 14:00:00,40.668293,-73.87841,0,0,Unspecified,4422224,11.5,8.5,13.7,13.7,0.0,24.0,61,28.1,52.2,22,Rain: Light,0,0,
26490,2021-05-28 16:25:00,40.80047,-73.95777,0,0,Unspecified,4422607,19.4,10.6,25.0,25.0,0.0,8.0,63,25.6,47.9,62,Rain: Moderate,0,0,
26491,2021-05-30 00:30:00,40.595203,-73.75603,1,0,Traffic Control Disregarded,4422447,11.5,8.5,13.7,13.7,0.0,24.0,61,28.1,52.2,22,Rain: Light,1,1,
26492,2021-05-30 14:55:00,40.66965,-73.978516,0,0,Passing Too Closely,4422001,11.5,8.5,13.7,13.7,0.0,24.0,61,28.1,52.2,22,Rain: Light,0,0,
26493,2021-05-30 19:15:00,40.683094,-73.80596,1,0,Following Too Closely,4422275,11.5,8.5,13.7,13.7,0.0,24.0,61,28.1,52.2,22,Rain: Light,1,1,
26494,2021-05-28 12:00:00,40.843197,-73.881096,1,0,Aggressive Driving/Road Rage,4422488,19.4,10.6,25.0,25.0,0.0,8.0,63,25.6,47.9,62,Rain: Moderate,1,1,
26495,2021-05-30 21:58:00,40.60981,-73.92251,1,0,Passing or Lane Usage Improper,4422344,11.5,8.5,13.7,13.7,0.0,24.0,61,28.1,52.2,22,Rain: Light,1,1,
26496,2021-05-30 07:55:00,40.594616,-73.99743,0,0,Driver Inexperience,4422093,11.5,8.5,13.7,13.7,0.0,24.0,61,28.1,52.2,22,Rain: Light,0,0,
26497,2021-05-30 16:51:00,40.893814,-73.85873,1,0,Driver Inattention/Distraction,4421984,11.5,8.5,13.7,13.7,0.0,24.0,61,28.1,52.2,22,Rain: Light,1,1,
26498,2021-05-22 23:00:00,40.739872,-74.00066,0,0,Backing Unsafely,4422597,30.5,16.5,0.0,0.0,0.0,0.0,3,19.1,36.4,299,Overcast,0,0,
26499,2021-05-30 23:35:00,40.871834,-73.8775,1,0,Failure to Yield Right-of-Way,4421965,11.5,8.5,13.7,13.7,0.0,24.0,61,28.1,52.2,22,Rain: Light,1,1,
26500,2021-05-30 06:59:00,40.82293,-73.90409,0,0,Unspecified,4421651,11.5,8.5,13.7,13.7,0.0,24.0,61,28.1,52.2,22,Rain: Light,0,0,
26501,2021-05-28 18:15:00,40.646515,-73.974655,1,0,Following Too Closely,4422621,19.4,10.6,25.0,25.0,0.0,8.0,63,25.6,47.9,62,Rain: Moderate,1,1,
26502,2021-05-30 12:36:00,40.697674,-73.898384,0,0,Passing Too Closely,4421878,11.5,8.5,13.7,13.7,0.0,24.0,61,28.1,52.2,22,Rain: Light,0,0,
26503,2021-05-30 14:00:00,40.760128,-73.73047,1,0,Driver Inattention/Distraction,4422036,11.5,8.5,13.7,13.7,0.0,24.0,61,28.1,52.2,22,Rain: Light,1,1,
26504,2021-05-27 16:48:00,40.704742,-73.86016,2,0,Failure to Yield Right-of-Way,4422535,27.4,18.3,2.4,2.4,0.0,3.0,61,23.5,42.1,313,Rain: Light,2,2,
26505,2021-05-30 02:59:00,40.878407,-73.83713,0,0,Unsafe Lane Changing,4422043,11.5,8.5,13.7,13.7,0.0,24.0,61,28.1,52.2,22,Rain: Light,0,0,
26506,2021-05-30 15:15:00,40.66737,-73.996414,0,0,Traffic Control Disregarded,4422191,11.5,8.5,13.7,13.7,0.0,24.0,61,28.1,52.2,22,Rain: Light,0,0,
26507,2021-05-27 22:50:00,40.65451,-73.92968,3,0,Unsafe Speed,4422552,27.4,18.3,2.4,2.4,0.0,3.0,61,23.5,42.1,313,Rain: Light,3,3,
26508,2022-03-28 11:00:00,40.773605,-73.929886,0,0,Unspecified,4515927,0.0,-5.2,0.3,0.0,0.21,3.0,71,31.3,59.0,303,Snow fall: Light,0,0,Snowy Conditions
26509,2021-05-30 23:05:00,40.895267,-73.86157,1,0,Reaction to Uninvolved Vehicle,4421943,11.5,8.5,13.7,13.7,0.0,24.0,61,28.1,52.2,22,Rain: Light,1,1,
26510,2021-05-30 02:20:00,40.686592,-73.868,0,0,Failure to Yield Right-of-Way,4422263,11.5,8.5,13.7,13.7,0.0,24.0,61,28.1,52.2,22,Rain: Light,0,0,
26511,2021-05-27 07:05:00,40.753677,-73.914474,0,0,Unspecified,4422514,27.4,18.3,2.4,2.4,0.0,3.0,61,23.5,42.1,313,Rain: Light,0,0,
26512,2021-05-30 17:00:00,40.749084,-73.87025,0,0,Driver Inattention/Distraction,4422067,11.5,8.5,13.7,13.7,0.0,24.0,61,28.1,52.2,22,Rain: Light,0,0,
26513,2021-05-30 01:36:00,40.801765,-73.93723,1,0,Prescription Medication,4422153,11.5,8.5,13.7,13.7,0.0,24.0,61,28.1,52.2,22,Rain: Light,1,1,
26514,2021-05-19 20:20:00,40.701103,-73.89088,0,0,Following Too Closely,4422578,28.2,13.6,0.0,0.0,0.0,0.0,3,19.6,40.3,337,Overcast,0,0,
26515,2021-05-30 23:00:00,40.68888,-73.960014,1,0,Traffic Control Disregarded,4422166,11.5,8.5,13.7,13.7,0.0,24.0,61,28.1,52.2,22,Rain: Light,1,1,
26516,2021-05-30 20:10:00,40.605274,-73.75516,0,0,Other Vehicular,4422586,11.5,8.5,13.7,13.7,0.0,24.0,61,28.1,52.2,22,Rain: Light,0,0,
26517,2021-05-30 01:00:00,40.74835,-73.967865,0,0,Other Vehicular,4421628,11.5,8.5,13.7,13.7,0.0,24.0,61,28.1,52.2,22,Rain: Light,0,0,
26518,2021-05-29 01:00:00,40.639996,-74.02312,0,0,Unspecified,4422761,11.0,8.5,25.1,25.1,0.0,22.0,63,29.9,56.9,39,Rain: Moderate,0,0,
26519,2021-05-29 20:40:00,40.8068,-73.94993,0,0,Other Vehicular,4422613,11.0,8.5,25.1,25.1,0.0,22.0,63,29.9,56.9,39,Rain: Moderate,0,0,
26520,2021-05-30 01:55:00,40.77077,-73.91727,0,0,Alcohol Involvement,4421983,11.5,8.5,13.7,13.7,0.0,24.0,61,28.1,52.2,22,Rain: Light,0,0,
26521,2021-05-30 14:50:00,40.749638,-73.99905,0,0,Passing Too Closely,4422308,11.5,8.5,13.7,13.7,0.0,24.0,61,28.1,52.2,22,Rain: Light,0,0,
26522,2021-05-30 00:28:00,40.65156,-73.93428,0,0,Driver Inattention/Distraction,4421864,11.5,8.5,13.7,13.7,0.0,24.0,61,28.1,52.2,22,Rain: Light,0,0,
26523,2021-05-30 10:52:00,40.832573,-73.91052,0,0,Unspecified,4422702,11.5,8.5,13.7,13.7,0.0,24.0,61,28.1,52.2,22,Rain: Light,0,0,
26524,2021-05-25 13:20:00,40.68064,-73.95338,0,0,Driver Inattention/Distraction,4422537,21.9,13.0,0.0,0.0,0.0,0.0,3,24.3,47.9,182,Overcast,0,0,
26525,2021-05-30 13:50:00,40.71226,-73.96395,0,0,Unspecified,4422088,11.5,8.5,13.7,13.7,0.0,24.0,61,28.1,52.2,22,Rain: Light,0,0,
26526,2021-05-30 23:41:00,40.83351,-73.85809,0,0,Reaction to Uninvolved Vehicle,4422135,11.5,8.5,13.7,13.7,0.0,24.0,61,28.1,52.2,22,Rain: Light,0,0,
26527,2021-05-30 16:41:00,40.76615,-73.919785,1,0,Driver Inattention/Distraction,4422506,11.5,8.5,13.7,13.7,0.0,24.0,61,28.1,52.2,22,Rain: Light,1,1,
26528,2021-05-30 07:30:00,40.66216,-73.87284,0,0,Unspecified,4422227,11.5,8.5,13.7,13.7,0.0,24.0,61,28.1,52.2,22,Rain: Light,0,0,
26529,2021-05-30 06:45:00,40.64721,-74.01531,0,0,Unspecified,4421899,11.5,8.5,13.7,13.7,0.0,24.0,61,28.1,52.2,22,Rain: Light,0,0,
26530,2021-05-30 14:22:00,40.620903,-74.006805,0,0,Reaction to Uninvolved Vehicle,4421937,11.5,8.5,13.7,13.7,0.0,24.0,61,28.1,52.2,22,Rain: Light,0,0,
26531,2021-05-30 09:30:00,40.63222,-73.88793,0,0,Unspecified,4421761,11.5,8.5,13.7,13.7,0.0,24.0,61,28.1,52.2,22,Rain: Light,0,0,
26532,2021-05-30 17:30:00,40.68541,-73.87274,0,0,Driver Inattention/Distraction,4422242,11.5,8.5,13.7,13.7,0.0,24.0,61,28.1,52.2,22,Rain: Light,0,0,
26533,2021-05-30 05:39:00,40.728035,-73.97183,0,0,Pavement Slippery,4422020,11.5,8.5,13.7,13.7,0.0,24.0,61,28.1,52.2,22,Rain: Light,0,0,
26534,2021-05-26 13:00:00,40.739113,-73.88975,2,0,Driver Inattention/Distraction,4422747,29.5,17.4,0.1,0.1,0.0,1.0,51,23.4,45.7,210,Drizzle: Light,2,2,
26535,2021-05-30 16:00:00,40.62734,-73.94126,0,0,View Obstructed/Limited,4421902,11.5,8.5,13.7,13.7,0.0,24.0,61,28.1,52.2,22,Rain: Light,0,0,
26536,2021-05-30 12:43:00,40.730553,-74.010376,1,0,Drugs (illegal),4421944,11.5,8.5,13.7,13.7,0.0,24.0,61,28.1,52.2,22,Rain: Light,1,1,
26537,2021-05-30 10:40:00,40.625584,-74.0818,0,0,Driver Inattention/Distraction,4422515,11.5,8.5,13.7,13.7,0.0,24.0,61,28.1,52.2,22,Rain: Light,0,0,
26538,2021-05-30 19:47:00,40.682,-73.96867,0,1,Unspecified,4422371,11.5,8.5,13.7,13.7,0.0,24.0,61,28.1,52.2,22,Rain: Light,20,1,
26539,2021-05-30 12:15:00,40.59626,-73.76773,1,0,Driver Inattention/Distraction,4422448,11.5,8.5,13.7,13.7,0.0,24.0,61,28.1,52.2,22,Rain: Light,1,1,
26540,2021-05-30 00:50:00,40.64509,-74.07733,0,0,View Obstructed/Limited,4421746,11.5,8.5,13.7,13.7,0.0,24.0,61,28.1,52.2,22,Rain: Light,0,0,
26541,2021-05-30 23:50:00,40.83348,-73.85851,0,0,Unsafe Lane Changing,4422143,11.5,8.5,13.7,13.7,0.0,24.0,61,28.1,52.2,22,Rain: Light,0,0,
26542,2021-05-30 16:10:00,40.81245,-73.96065,0,0,Unspecified,4421841,11.5,8.5,13.7,13.7,0.0,24.0,61,28.1,52.2,22,Rain: Light,0,0,
26543,2021-05-30 17:45:00,40.669228,-73.8962,1,0,Unsafe Speed,4422252,11.5,8.5,13.7,13.7,0.0,24.0,61,28.1,52.2,22,Rain: Light,1,1,
26544,2021-05-30 10:05:00,40.79722,-73.96993,0,0,Passing Too Closely,4421694,11.5,8.5,13.7,13.7,0.0,24.0,61,28.1,52.2,22,Rain: Light,0,0,
26545,2021-05-30 22:05:00,40.66434,-73.93155,1,0,Driver Inattention/Distraction,4421956,11.5,8.5,13.7,13.7,0.0,24.0,61,28.1,52.2,22,Rain: Light,1,1,
26546,2021-05-30 15:55:00,40.726135,-73.76318,0,0,Unspecified,4422365,11.5,8.5,13.7,13.7,0.0,24.0,61,28.1,52.2,22,Rain: Light,0,0,
26547,2021-05-30 06:15:00,40.67613,-73.884865,1,0,Traffic Control Disregarded,4422222,11.5,8.5,13.7,13.7,0.0,24.0,61,28.1,52.2,22,Rain: Light,1,1,
26548,2021-05-30 16:00:00,40.62734,-73.94126,0,0,View Obstructed/Limited,4421883,11.5,8.5,13.7,13.7,0.0,24.0,61,28.1,52.2,22,Rain: Light,0,0,
26549,2021-05-28 21:00:00,40.721054,-73.8552,1,0,Failure to Yield Right-of-Way,4422643,19.4,10.6,25.0,25.0,0.0,8.0,63,25.6,47.9,62,Rain: Moderate,1,1,
26550,2021-05-25 18:30:00,40.71896,-74.00128,1,0,Driver Inexperience,4422598,21.9,13.0,0.0,0.0,0.0,0.0,3,24.3,47.9,182,Overcast,1,1,
26551,2021-05-30 05:12:00,40.747993,-73.86519,0,0,Unspecified,4422038,11.5,8.5,13.7,13.7,0.0,24.0,61,28.1,52.2,22,Rain: Light,0,0,
26552,2021-05-30 19:45:00,40.67885,-73.978806,0,0,Failure to Yield Right-of-Way,4422002,11.5,8.5,13.7,13.7,0.0,24.0,61,28.1,52.2,22,Rain: Light,0,0,
26553,2021-05-17 20:00:00,40.683807,-73.92291,0,0,Driver Inattention/Distraction,4422519,22.9,9.7,0.0,0.0,0.0,0.0,3,17.7,36.0,224,Overcast,0,0,
26554,2021-05-25 08:45:00,40.872078,-73.9296,0,0,Following Too Closely,4422565,21.9,13.0,0.0,0.0,0.0,0.0,3,24.3,47.9,182,Overcast,0,0,
26555,2021-05-30 03:30:00,40.724274,-73.99082,0,0,Unsafe Lane Changing,4422045,11.5,8.5,13.7,13.7,0.0,24.0,61,28.1,52.2,22,Rain: Light,0,0,
26556,2021-05-30 05:20:00,40.709854,-73.89826,0,0,Alcohol Involvement,4421880,11.5,8.5,13.7,13.7,0.0,24.0,61,28.1,52.2,22,Rain: Light,0,0,
26557,2021-05-30 10:40:00,40.7785,-73.77644,0,0,Turning Improperly,4421814,11.5,8.5,13.7,13.7,0.0,24.0,61,28.1,52.2,22,Rain: Light,0,0,
26558,2021-05-28 23:45:00,40.8396,-73.929474,1,0,Alcohol Involvement,4422705,19.4,10.6,25.0,25.0,0.0,8.0,63,25.6,47.9,62,Rain: Moderate,1,1,
26559,2021-05-30 22:20:00,40.834312,-73.85792,1,0,Driver Inattention/Distraction,4422273,11.5,8.5,13.7,13.7,0.0,24.0,61,28.1,52.2,22,Rain: Light,1,1,
26560,2021-05-30 11:15:00,40.83238,-73.940895,0,0,Unspecified,4421913,11.5,8.5,13.7,13.7,0.0,24.0,61,28.1,52.2,22,Rain: Light,0,0,
26561,2021-05-30 15:45:00,40.584064,-73.91971,4,0,Driver Inattention/Distraction,4422095,11.5,8.5,13.7,13.7,0.0,24.0,61,28.1,52.2,22,Rain: Light,4,4,
26562,2021-05-30 21:48:00,40.635258,-73.92745,0,0,Driver Inattention/Distraction,4422333,11.5,8.5,13.7,13.7,0.0,24.0,61,28.1,52.2,22,Rain: Light,0,0,
26563,2021-05-30 10:07:00,40.873062,-73.91177,0,0,Driver Inattention/Distraction,4422188,11.5,8.5,13.7,13.7,0.0,24.0,61,28.1,52.2,22,Rain: Light,0,0,
26564,2021-05-30 13:50:00,40.661568,-73.95073,2,0,Pavement Slippery,4421805,11.5,8.5,13.7,13.7,0.0,24.0,61,28.1,52.2,22,Rain: Light,2,2,
26565,2021-05-30 04:50:00,40.838963,-73.90484,0,0,Driver Inattention/Distraction,4421662,11.5,8.5,13.7,13.7,0.0,24.0,61,28.1,52.2,22,Rain: Light,0,0,
26566,2021-05-30 20:34:00,40.861744,-73.911804,1,0,Unspecified,4421963,11.5,8.5,13.7,13.7,0.0,24.0,61,28.1,52.2,22,Rain: Light,1,1,
26567,2021-05-30 20:00:00,40.82304,-73.88193,0,0,Unspecified,4422120,11.5,8.5,13.7,13.7,0.0,24.0,61,28.1,52.2,22,Rain: Light,0,0,
26568,2021-05-26 19:30:00,40.80876,-73.944786,1,0,Driver Inattention/Distraction,4422606,29.5,17.4,0.1,0.1,0.0,1.0,51,23.4,45.7,210,Drizzle: Light,1,1,
26569,2021-05-23 21:50:00,40.603615,-74.06931,0,0,Alcohol Involvement,4422635,31.4,19.8,0.0,0.0,0.0,0.0,3,28.5,54.4,322,Overcast,0,0,
26570,2021-05-30 23:35:00,40.692055,-73.982544,1,0,Following Too Closely,4421986,11.5,8.5,13.7,13.7,0.0,24.0,61,28.1,52.2,22,Rain: Light,1,1,
26571,2021-05-30 21:50:00,40.646923,-73.94818,1,0,Unspecified,4422556,11.5,8.5,13.7,13.7,0.0,24.0,61,28.1,52.2,22,Rain: Light,1,1,
26572,2021-05-30 01:30:00,40.66937,-73.89523,3,0,Traffic Control Disregarded,4422247,11.5,8.5,13.7,13.7,0.0,24.0,61,28.1,52.2,22,Rain: Light,3,3,
26573,2021-05-30 06:16:00,40.64953,-73.91633,1,0,Failure to Yield Right-of-Way,4421866,11.5,8.5,13.7,13.7,0.0,24.0,61,28.1,52.2,22,Rain: Light,1,1,
26574,2021-05-30 17:45:00,40.74683,-74.002174,2,0,Driver Inattention/Distraction,4422312,11.5,8.5,13.7,13.7,0.0,24.0,61,28.1,52.2,22,Rain: Light,2,2,
26575,2021-05-24 07:30:00,40.77072,-73.95297,0,0,Driver Inattention/Distraction,4422737,18.9,13.7,0.0,0.0,0.0,0.0,3,22.4,44.3,126,Overcast,0,0,
26576,2021-05-30 20:05:00,40.649193,-73.88768,0,0,Backing Unsafely,4422228,11.5,8.5,13.7,13.7,0.0,24.0,61,28.1,52.2,22,Rain: Light,0,0,
26577,2021-05-30 11:00:00,40.639763,-73.958015,1,0,Driver Inattention/Distraction,4421834,11.5,8.5,13.7,13.7,0.0,24.0,61,28.1,52.2,22,Rain: Light,1,1,
26578,2021-05-30 15:00:00,40.83427,-73.94537,0,0,Driver Inattention/Distraction,4421903,11.5,8.5,13.7,13.7,0.0,24.0,61,28.1,52.2,22,Rain: Light,0,0,
26579,2021-05-23 11:42:00,40.759884,-73.9368,1,0,Driver Inattention/Distraction,4422502,31.4,19.8,0.0,0.0,0.0,0.0,3,28.5,54.4,322,Overcast,1,1,
26580,2021-05-30 06:17:00,40.68821,-73.83086,0,0,Unspecified,4422452,11.5,8.5,13.7,13.7,0.0,24.0,61,28.1,52.2,22,Rain: Light,0,0,
26581,2021-05-30 09:47:00,40.624294,-74.13724,5,0,Alcohol Involvement,4421791,11.5,8.5,13.7,13.7,0.0,24.0,61,28.1,52.2,22,Rain: Light,5,5,
26582,2021-05-29 18:30:00,40.758305,-74.000145,3,0,Passing or Lane Usage Improper,4422543,11.0,8.5,25.1,25.1,0.0,22.0,63,29.9,56.9,39,Rain: Moderate,3,3,
26583,2021-05-30 18:40:00,40.713398,-73.95641,1,0,Traffic Control Disregarded,4422066,11.5,8.5,13.7,13.7,0.0,24.0,61,28.1,52.2,22,Rain: Light,1,1,
26584,2021-05-29 05:43:00,40.825504,-73.886086,0,0,Unspecified,4422616,11.0,8.5,25.1,25.1,0.0,22.0,63,29.9,56.9,39,Rain: Moderate,0,0,