,CRASH DATETIME,LATITUDE,LONGITUDE,NUMBER OF PERSONS INJURED,NUMBER OF PERSONS KILLED,CONTRIBUTING FACTOR VEHICLE 1,COLLISION_ID,temperature_2m_max,temperature_2m_min,precipitation_sum,rain_sum,snowfall_sum,precipitation_hours,weather_code,wind_speed_10m_max,wind_gusts_10m_max,wind_direction_10m_dominant,Weather Description,Severity_Score,Total_Affected_Persons,Weather_Category
26585,2021-05-30 01:28:00,40.644917,-73.894325,2,0,Aggressive Driving/Road Rage,4421629,11.5,8.5,13.7,13.7,0.0,24.0,61,28.1,52.2,22,Rain: Light,2,2,
26586,2021-05-30 23:50:00,40.799984,-73.944855,0,0,Unspecified,4422141,11.5,8.5,13.7,13.7,0.0,24.0,61,28.1,52.2,22,Rain: Light,0,0,
26587,2021-05-30 13:53:00,40.718636,-73.959015,0,0,Unsafe Speed,4422168,11.5,8.5,13.7,13.7,0.0,24.0,61,28.1,52.2,22,Rain: Light,0,0,
26588,2021-05-30 19:05:00,40.868813,-73.838234,0,0,Traffic Control Disregarded,4421977,11.5,8.5,13.7,13.7,0.0,24.0,61,28.1,52.2,22,Rain: Light,0,0,
26589,2021-05-25 12:50:00,40.7632,-73.92109,1,0,Failure to Yield Right-of-Way,4422507,21.9,13.0,0.0,0.0,0.0,0.0,3,24.3,47.9,182,Overcast,1,1,
26590,2021-05-30 11:20:00,40.857105,-73.90936,0,0,Unspecified,4422018,11.5,8.5,13.7,13.7,0.0,24.0,61,28.1,52.2,22,Rain: Light,0,0,
26591,2021-05-30 15:57:00,40.772373,-73.96079,1,0,Driver Inattention/Distraction,4422154,11.5,8.5,13.7,13.7,0.0,24.0,61,28.1,52.2,22,Rain: Light,1,1,
26592,2021-05-30 04:09:00,40.83232,-73.87395,0,1,Unspecified,4421897,11.5,8.5,13.7,13.7,0.0,24.0,61,28.1,52.2,22,Rain: Light,20,1,
26593,2021-05-30 03:21:00,40.658913,-73.90119,0,0,Unspecified,4421721,11.5,8.5,13.7,13.7,0.0,24.0,61,28.1,52.2,22,Rain: Light,0,0,
26594,2021-05-30 11:00:00,40.85687,-73.93477,1,0,Pavement Slippery,4422283,11.5,8.5,13.7,13.7,0.0,24.0,61,28.1,52.2,22,Rain: Light,1,1,
26595,2021-05-25 11:30:00,40.827103,-73.94997,1,0,Failure to Yield Right-of-Way,4422516,21.9,13.0,0.0,0.0,0.0,0.0,3,24.3,47.9,182,Overcast,1,1,
26596,2021-05-30 20:07:00,40.728024,-73.74764,0,0,Turning Improperly,4421945,11.5,8.5,13.7,13.7,0.0,24.0,61,28.1,52.2,22,Rain: Light,0,0,
26597,2021-05-30 11:11:00,40.62579,-74.00119,0,0,Turning Improperly,4421936,11.5,8.5,13.7,13.7,0.0,24.0,61,28.1,52.2,22,Rain: Light,0,0,
26598,2021-05-30 22:15:00,40.727673,-73.70845,0,0,Unspecified,4422378,11.5,8.5,13.7,13.7,0.0,24.0,61,28.1,52.2,22,Rain: Light,0,0,
26599,2021-05-30 10:48:00,40.809692,-73.94409,0,0,Other Vehicular,4422006,11.5,8.5,13.7,13.7,0.0,24.0,61,28.1,52.2,22,Rain: Light,0,0,
26600,2021-05-30 00:30:00,40.740273,-73.89586,3,0,Other Vehicular,4422690,11.5,8.5,13.7,13.7,0.0,24.0,61,28.1,52.2,22,Rain: Light,3,3,
26601,2021-05-15 23:35:00,40.74006,-73.789894,0,0,Other Vehicular,4422591,22.4,8.7,0.0,0.0,0.0,0.0,3,12.5,23.8,229,Overcast,0,0,
26602,2021-05-30 17:40:00,40.808376,-73.93874,0,0,Driver Inattention/Distraction,4422133,11.5,8.5,13.7,13.7,0.0,24.0,61,28.1,52.2,22,Rain: Light,0,0,
26603,2021-05-30 15:10:00,40.679253,-73.81871,0,0,Failure to Yield Right-of-Way,4421993,11.5,8.5,13.7,13.7,0.0,24.0,61,28.1,52.2,22,Rain: Light,0,0,
26604,2021-05-30 22:20:00,40.650517,-73.92359,1,0,Driver Inattention/Distraction,4422557,11.5,8.5,13.7,13.7,0.0,24.0,61,28.1,52.2,22,Rain: Light,1,1,
26605,2021-05-03 04:10:00,40.713287,-73.87163,1,0,Unspecified,4422575,15.8,11.4,5.7,5.7,0.0,7.0,61,14.5,47.2,53,Rain: Light,1,1,
26606,2021-05-22 17:35:00,40.643635,-73.975555,1,0,Unspecified,4422603,30.5,16.5,0.0,0.0,0.0,0.0,3,19.1,36.4,299,Overcast,1,1,
26607,2021-05-30 06:25:00,40.739574,-73.79167,0,0,Following Too Closely,4422040,11.5,8.5,13.7,13.7,0.0,24.0,61,28.1,52.2,22,Rain: Light,0,0,
26608,2022-03-26 19:15:00,40.848118,-73.93089,3,0,Failure to Yield Right-of-Way,4515344,10.1,4.9,6.1,5.8,0.21,8.0,71,21.6,41.0,251,Snow fall: Light,3,3,Snowy Conditions
26609,2022-03-11 15:48:00,40.524017,-74.23921,1,0,Drugs (illegal),4515527,10.7,-1.0,0.0,0.0,0.0,0.0,3,20.5,39.2,178,Overcast,1,1,
26610,2022-03-25 09:42:00,40.7509,-73.99812,0,0,Turning Improperly,4515712,15.6,5.3,5.7,5.7,0.0,4.0,63,27.6,52.2,274,Rain: Moderate,0,0,
26611,2022-03-29 09:23:00,40.690907,-73.95542,1,0,Passing Too Closely,4515482,3.3,-5.2,0.0,0.0,0.0,0.0,2,29.3,54.4,311,Partly cloudy,1,1,
26612,2022-03-30 14:41:00,40.75303,-73.92163,2,0,Passing or Lane Usage Improper,4515941,5.9,-3.5,0.0,0.0,0.0,0.0,3,17.0,30.6,215,Overcast,2,2,
26613,2022-03-31 18:40:00,40.618443,-73.9694,0,0,Unspecified,4515574,19.0,3.5,12.0,12.0,0.0,4.0,65,37.8,67.3,194,Rain: Heavy,0,0,
26614,2022-04-01 23:40:00,40.698807,-73.91837,0,0,Driver Inattention/Distraction,4515689,15.2,5.3,1.4,1.4,0.0,8.0,51,33.1,61.9,277,Drizzle: Light,0,0,
26615,2022-04-01 22:45:00,40.582977,-73.98042,2,0,Driver Inattention/Distraction,4515791,15.2,5.3,1.4,1.4,0.0,8.0,51,33.1,61.9,277,Drizzle: Light,2,2,
26616,2022-03-31 14:50:00,40.763718,-73.975746,0,0,Driver Inattention/Distraction,4515238,19.0,3.5,12.0,12.0,0.0,4.0,65,37.8,67.3,194,Rain: Heavy,0,0,
26617,2020-04-01 09:10:00,40.823177,-73.842705,0,0,Unspecified,4515358,12.3,2.2,0.0,0.0,0.0,0.0,3,19.3,37.8,25,Overcast,0,0,
26618,2022-03-29 10:30:00,40.747635,-73.904335,0,0,Unspecified,4515857,3.3,-5.2,0.0,0.0,0.0,0.0,2,29.3,54.4,311,Partly cloudy,0,0,
26619,2022-03-23 08:48:00,40.66223,-73.929146,0,0,Driver Inattention/Distraction,4515623,8.4,1.3,2.2,2.2,0.0,3.0,55,19.6,34.6,73,Drizzle: Dense,0,0,
26620,2022-04-01 17:54:00,40.853027,-73.91827,0,0,Other Vehicular,4515371,15.2,5.3,1.4,1.4,0.0,8.0,51,33.1,61.9,277,Drizzle: Light,0,0,
26621,2022-04-01 15:10:00,40.883633,-73.88517,2,0,Failure to Keep Right,4515463,15.2,5.3,1.4,1.4,0.0,8.0,51,33.1,61.9,277,Drizzle: Light,2,2,
26622,2022-03-26 19:20:00,40.749428,-73.880455,0,0,Driver Inattention/Distraction,4515376,10.1,4.9,6.1,5.8,0.21,8.0,71,21.6,41.0,251,Snow fall: Light,0,0,Snowy Conditions
26623,2022-03-30 11:15:00,40.761486,-73.96061,0,0,Driver Inattention/Distraction,4515042,5.9,-3.5,0.0,0.0,0.0,0.0,3,17.0,30.6,215,Overcast,0,0,
26624,2022-03-30 09:15:00,40.639854,-73.983505,0,0,Unspecified,4514825,5.9,-3.5,0.0,0.0,0.0,0.0,3,17.0,30.6,215,Overcast,0,0,
26625,2022-03-30 10:50:00,40.748287,-73.99008,0,0,Passing Too Closely,4514830,5.9,-3.5,0.0,0.0,0.0,0.0,3,17.0,30.6,215,Overcast,0,0,
26626,2022-03-31 00:49:00,40.678165,-73.890785,2,0,Failure to Yield Right-of-Way,4515012,19.0,3.5,12.0,12.0,0.0,4.0,65,37.8,67.3,194,Rain: Heavy,2,2,
26627,2022-03-31 20:45:00,40.87316,-73.87476,0,0,Turning Improperly,4515196,19.0,3.5,12.0,12.0,0.0,4.0,65,37.8,67.3,194,Rain: Heavy,0,0,
26628,2022-03-30 08:15:00,40.698086,-73.7396,0,0,Following Too Closely,4514848,5.9,-3.5,0.0,0.0,0.0,0.0,3,17.0,30.6,215,Overcast,0,0,
26629,2022-03-31 10:10:00,40.868572,-73.84522,0,0,Unsafe Speed,4515032,19.0,3.5,12.0,12.0,0.0,4.0,65,37.8,67.3,194,Rain: Heavy,0,0,
26630,2022-03-21 05:53:00,40.6803,-73.93454,1,0,Alcohol Involvement,4515848,15.6,5.0,0.0,0.0,0.0,0.0,3,30.0,53.6,299,Overcast,1,1,
26631,2022-04-01 02:30:00,40.71602,-73.77955,0,0,Fell Asleep,4515213,15.2,5.3,1.4,1.4,0.0,8.0,51,33.1,61.9,277,Drizzle: Light,0,0,
26632,2022-03-30 18:00:00,40.631073,-74.00998,0,0,Unspecified,4514888,5.9,-3.5,0.0,0.0,0.0,0.0,3,17.0,30.6,215,Overcast,0,0,
26633,2022-03-28 14:15:00,40.65217,-73.96141,0,0,Unspecified,4515556,0.0,-5.2,0.3,0.0,0.21,3.0,71,31.3,59.0,303,Snow fall: Light,0,0,Snowy Conditions
26634,2022-03-30 03:55:00,40.665733,-73.755585,0,0,Alcohol Involvement,4515063,5.9,-3.5,0.0,0.0,0.0,0.0,3,17.0,30.6,215,Overcast,0,0,
26635,2022-03-25 03:10:00,40.685375,-73.95433,0,0,Driver Inattention/Distraction,4515734,15.6,5.3,5.7,5.7,0.0,4.0,63,27.6,52.2,274,Rain: Moderate,0,0,
26636,2022-03-31 13:54:00,40.764366,-73.99496,0,0,Passing Too Closely,4515235,19.0,3.5,12.0,12.0,0.0,4.0,65,37.8,67.3,194,Rain: Heavy,0,0,
26637,2022-03-30 07:11:00,40.76199,-73.86934,0,0,Driver Inattention/Distraction,4514785,5.9,-3.5,0.0,0.0,0.0,0.0,3,17.0,30.6,215,Overcast,0,0,
26638,2022-03-31 06:30:00,40.811638,-73.9316,1,0,Following Too Closely,4515390,19.0,3.5,12.0,12.0,0.0,4.0,65,37.8,67.3,194,Rain: Heavy,1,1,
26639,2022-03-30 21:33:00,40.7651,-73.93149,0,0,Alcohol Involvement,4515013,5.9,-3.5,0.0,0.0,0.0,0.0,3,17.0,30.6,215,Overcast,0,0,
26640,2022-04-01 09:34:00,40.710285,-73.95041,0,0,Passing Too Closely,4515321,15.2,5.3,1.4,1.4,0.0,8.0,51,33.1,61.9,277,Drizzle: Light,0,0,
26641,2022-04-01 22:30:00,40.732944,-73.86667,0,0,Turning Improperly,4515816,15.2,5.3,1.4,1.4,0.0,8.0,51,33.1,61.9,277,Drizzle: Light,0,0,
26642,2022-03-27 15:21:00,40.721184,-74.00134,0,0,Unspecified,4515593,7.5,-1.1,0.3,0.3,0.07,3.0,71,26.4,47.5,288,Snow fall: Light,0,0,Snowy Conditions
26643,2022-03-31 21:30:00,40.756557,-73.986115,1,0,Unspecified,4515572,19.0,3.5,12.0,12.0,0.0,4.0,65,37.8,67.3,194,Rain: Heavy,1,1,
26644,2022-04-01 06:56:00,40.515675,-74.23762,0,0,Driver Inattention/Distraction,4515538,15.2,5.3,1.4,1.4,0.0,8.0,51,33.1,61.9,277,Drizzle: Light,0,0,
26645,2022-03-30 05:25:00,40.66008,-73.774155,1,0,Driver Inattention/Distraction,4515053,5.9,-3.5,0.0,0.0,0.0,0.0,3,17.0,30.6,215,Overcast,1,1,
26646,2022-03-31 04:05:00,40.62621,-73.927666,5,0,Failure to Yield Right-of-Way,4515369,19.0,3.5,12.0,12.0,0.0,4.0,65,37.8,67.3,194,Rain: Heavy,5,5,
26647,2022-04-01 03:00:00,40.672855,-73.87131,0,0,Unspecified,4515741,15.2,5.3,1.4,1.4,0.0,8.0,51,33.1,61.9,277,Drizzle: Light,0,0,
26648,2022-04-01 11:05:00,40.771305,-73.87664,1,0,Unsafe Speed,4515348,15.2,5.3,1.4,1.4,0.0,8.0,51,33.1,61.9,277,Drizzle: Light,1,1,
26649,2022-04-01 08:33:00,40.691193,-73.99777,1,0,Following Too Closely,4515815,15.2,5.3,1.4,1.4,0.0,8.0,51,33.1,61.9,277,Drizzle: Light,1,1,
26650,2022-03-30 12:00:00,40.72631,-74.0075,0,0,View Obstructed/Limited,4514803,5.9,-3.5,0.0,0.0,0.0,0.0,3,17.0,30.6,215,Overcast,0,0,
26651,2022-03-30 07:50:00,40.609417,-73.9677,1,0,Unspecified,4514847,5.9,-3.5,0.0,0.0,0.0,0.0,3,17.0,30.6,215,Overcast,1,1,
26652,2022-03-28 07:15:00,40.779434,-73.94752,0,0,Following Too Closely,4515938,0.0,-5.2,0.3,0.0,0.21,3.0,71,31.3,59.0,303,Snow fall: Light,0,0,Snowy Conditions
26653,2022-03-29 22:40:00,40.695217,-73.93749,0,0,Unspecified,4515846,3.3,-5.2,0.0,0.0,0.0,0.0,2,29.3,54.4,311,Partly cloudy,0,0,
26654,2022-04-01 17:25:00,40.625282,-73.96047,1,0,Driver Inattention/Distraction,4515564,15.2,5.3,1.4,1.4,0.0,8.0,51,33.1,61.9,277,Drizzle: Light,1,1,
26655,2022-03-30 03:38:00,40.77138,-73.82193,0,0,Unspecified,4515773,5.9,-3.5,0.0,0.0,0.0,0.0,3,17.0,30.6,215,Overcast,0,0,
26656,2022-03-11 19:40:00,40.75196,-73.85456,0,0,Other Vehicular,4515566,10.7,-1.0,0.0,0.0,0.0,0.0,3,20.5,39.2,178,Overcast,0,0,
26657,2022-03-30 20:28:00,40.676693,-73.74221,1,0,Following Too Closely,4514876,5.9,-3.5,0.0,0.0,0.0,0.0,3,17.0,30.6,215,Overcast,1,1,
26658,2022-03-31 05:00:00,40.832348,-73.89663,0,0,Other Vehicular,4514961,19.0,3.5,12.0,12.0,0.0,4.0,65,37.8,67.3,194,Rain: Heavy,0,0,
26659,2022-03-31 10:28:00,40.730015,-73.82348,0,0,Unspecified,4515217,19.0,3.5,12.0,12.0,0.0,4.0,65,37.8,67.3,194,Rain: Heavy,0,0,
26660,2022-03-30 14:33:00,40.61303,-73.91225,0,0,Driver Inattention/Distraction,4515103,5.9,-3.5,0.0,0.0,0.0,0.0,3,17.0,30.6,215,Overcast,0,0,
26661,2022-04-01 13:00:00,40.791405,-73.93569,0,0,Passing Too Closely,4515503,15.2,5.3,1.4,1.4,0.0,8.0,51,33.1,61.9,277,Drizzle: Light,0,0,
26662,2022-03-31 17:30:00,40.703934,-73.9348,0,0,Passing or Lane Usage Improper,4515190,19.0,3.5,12.0,12.0,0.0,4.0,65,37.8,67.3,194,Rain: Heavy,0,0,
26663,2022-03-30 08:49:00,40.605934,-74.000465,0,0,Passing or Lane Usage Improper,4514818,5.9,-3.5,0.0,0.0,0.0,0.0,3,17.0,30.6,215,Overcast,0,0,
26664,2022-04-01 08:58:00,40.8361,-73.86909,0,0,Passing Too Closely,4515359,15.2,5.3,1.4,1.4,0.0,8.0,51,33.1,61.9,277,Drizzle: Light,0,0,
26665,2022-03-30 11:00:00,40.840786,-73.9232,0,0,Unspecified,4515657,5.9,-3.5,0.0,0.0,0.0,0.0,3,17.0,30.6,215,Overcast,0,0,
26666,2022-03-30 08:51:00,40.750763,-73.97445,0,0,Driver Inattention/Distraction,4514896,5.9,-3.5,0.0,0.0,0.0,0.0,3,17.0,30.6,215,Overcast,0,0,
26667,2022-04-01 12:00:00,40.65992,-73.8755,0,0,Driver Inexperience,4515337,15.2,5.3,1.4,1.4,0.0,8.0,51,33.1,61.9,277,Drizzle: Light,0,0,
26668,2022-03-30 00:10:00,40.682377,-73.767166,0,0,Following Too Closely,4514768,5.9,-3.5,0.0,0.0,0.0,0.0,3,17.0,30.6,215,Overcast,0,0,
26669,2022-04-01 08:20:00,40.663906,-73.76043,0,0,Fell Asleep,4515391,15.2,5.3,1.4,1.4,0.0,8.0,51,33.1,61.9,277,Drizzle: Light,0,0,
26670,2021-05-31 17:30:00,40.770554,-73.83551,0,0,Following Too Closely,4422354,20.3,9.3,0.7,0.7,0.0,5.0,51,20.9,40.7,318,Drizzle: Light,0,0,
26671,2022-03-30 07:20:00,40.715523,-74.001236,0,0,Passing Too Closely,4515328,5.9,-3.5,0.0,0.0,0.0,0.0,3,17.0,30.6,215,Overcast,0,0,
26672,2022-03-30 17:05:00,40.639736,-73.906746,2,0,Unsafe Lane Changing,4514867,5.9,-3.5,0.0,0.0,0.0,0.0,3,17.0,30.6,215,Overcast,2,2,
26673,2022-03-31 16:46:00,40.631115,-73.972626,0,0,Driver Inexperience,4515555,19.0,3.5,12.0,12.0,0.0,4.0,65,37.8,67.3,194,Rain: Heavy,0,0,
26674,2022-03-31 05:09:00,40.81085,-73.88187,0,0,Passing or Lane Usage Improper,4515254,19.0,3.5,12.0,12.0,0.0,4.0,65,37.8,67.3,194,Rain: Heavy,0,0,
26675,2022-03-25 15:35:00,40.730675,-73.78291,1,0,Backing Unsafely,4515608,15.6,5.3,5.7,5.7,0.0,4.0,63,27.6,52.2,274,Rain: Moderate,1,1,
26676,2022-03-21 16:40:00,40.8375,-73.91061,2,0,Illnes,4515976,15.6,5.0,0.0,0.0,0.0,0.0,3,30.0,53.6,299,Overcast,2,2,
26677,2022-03-30 07:37:00,40.672195,-73.902664,0,0,Failure to Yield Right-of-Way,4515008,5.9,-3.5,0.0,0.0,0.0,0.0,3,17.0,30.6,215,Overcast,0,0,
26678,2022-03-31 14:00:00,40.86159,-73.92475,0,0,Turning Improperly,4515781,19.0,3.5,12.0,12.0,0.0,4.0,65,37.8,67.3,194,Rain: Heavy,0,0,
26679,2022-03-31 16:00:00,40.66602,-73.92947,0,0,Brakes Defective,4515445,19.0,3.5,12.0,12.0,0.0,4.0,65,37.8,67.3,194,Rain: Heavy,0,0,
26680,2021-09-26 00:00:00,40.66682,-73.88166,1,0,Unspecified,4461196,21.4,15.6,0.0,0.0,0.0,0.0,3,23.5,45.0,294,Overcast,1,1,
26681,2021-08-31 10:00:00,40.816902,-73.91799,0,0,Unspecified,4464227,28.5,21.2,0.0,0.0,0.0,0.0,3,15.5,29.9,301,Overcast,0,0,
26682,2021-10-02 15:40:00,40.881687,-73.90283,0,0,Failure to Yield Right-of-Way,4464180,23.7,10.8,0.0,0.0,0.0,0.0,3,17.0,34.2,254,Overcast,0,0,
26683,2021-09-21 20:12:00,40.71759,-73.94995,0,0,Unspecified,4464191,23.1,16.4,0.0,0.0,0.0,0.0,3,14.2,29.5,108,Overcast,0,0,
26684,2021-10-01 14:30:00,40.66319,-73.93727,0,0,Driver Inattention/Distraction,4464183,19.4,9.5,0.0,0.0,0.0,0.0,0,13.8,28.1,302,Clear sky,0,0,Sunny/Clear Conditions
26685,2021-09-28 01:00:00,40.779762,-73.94437,1,0,Aggressive Driving/Road Rage,4464234,22.1,16.3,12.4,12.4,0.0,9.0,63,19.2,38.5,264,Rain: Moderate,1,1,
26686,2021-10-01 19:10:00,0.0,0.0,4,0,Outside Car Distraction,4464212,19.4,9.5,0.0,0.0,0.0,0.0,0,13.8,28.1,302,Clear sky,4,4,Sunny/Clear Conditions
26687,2021-09-30 16:49:00,40.71596,-73.951935,1,0,Passing or Lane Usage Improper,4464189,18.8,13.1,0.0,0.0,0.0,0.0,3,18.1,37.4,330,Overcast,1,1,
26688,2021-09-29 20:15:00,40.79428,-73.94902,3,0,Unspecified,4464211,19.9,11.3,0.0,0.0,0.0,0.0,3,20.6,41.8,331,Overcast,3,3,
26689,2021-09-30 12:48:00,40.787506,-73.9383,2,0,Following Too Closely,4464213,18.8,13.1,0.0,0.0,0.0,0.0,3,18.1,37.4,330,Overcast,2,2,
26690,2022-03-30 16:08:00,40.68158,-73.76548,0,0,Unsafe Speed,4514853,5.9,-3.5,0.0,0.0,0.0,0.0,3,17.0,30.6,215,Overcast,0,0,
26691,2022-03-31 19:00:00,40.804585,-73.91213,0,0,Unspecified,4515412,19.0,3.5,12.0,12.0,0.0,4.0,65,37.8,67.3,194,Rain: Heavy,0,0,
26692,2022-03-30 14:12:00,40.74233,-73.83764,0,0,Other Vehicular,4515151,5.9,-3.5,0.0,0.0,0.0,0.0,3,17.0,30.6,215,Overcast,0,0,
26693,2022-03-31 02:00:00,40.6572,-74.004684,0,0,Unspecified,4515064,19.0,3.5,12.0,12.0,0.0,4.0,65,37.8,67.3,194,Rain: Heavy,0,0,
26694,2022-04-01 18:30:00,40.705498,-73.87746,0,0,Backing Unsafely,4515761,15.2,5.3,1.4,1.4,0.0,8.0,51,33.1,61.9,277,Drizzle: Light,0,0,
26695,2021-10-02 01:50:00,40.83404,-73.85328,1,0,Unspecified,4463249,23.7,10.8,0.0,0.0,0.0,0.0,3,17.0,34.2,254,Overcast,1,1,
26696,2021-10-02 10:00:00,40.607765,-73.98255,0,0,Reaction to Uninvolved Vehicle,4463318,23.7,10.8,0.0,0.0,0.0,0.0,3,17.0,34.2,254,Overcast,0,0,
26697,2021-09-19 03:29:00,40.699165,-73.914925,0,0,Driver Inattention/Distraction,4464162,23.6,16.8,0.0,0.0,0.0,0.0,2,17.6,35.6,0,Partly cloudy,0,0,
26698,2021-09-28 06:55:00,40.69889,-73.91753,0,0,Driver Inattention/Distraction,4464137,22.1,16.3,12.4,12.4,0.0,9.0,63,19.2,38.5,264,Rain: Moderate,0,0,
26699,2021-10-02 16:29:00,40.83109,-73.89147,1,0,Passing or Lane Usage Improper,4463974,23.7,10.8,0.0,0.0,0.0,0.0,3,17.0,34.2,254,Overcast,1,1,
26700,2021-10-02 17:01:00,40.80297,-73.93844,0,0,Driver Inattention/Distraction,4463942,23.7,10.8,0.0,0.0,0.0,0.0,3,17.0,34.2,254,Overcast,0,0,
26701,2021-10-02 03:15:00,40.67619,-73.9081,0,0,Unspecified,4463056,23.7,10.8,0.0,0.0,0.0,0.0,3,17.0,34.2,254,Overcast,0,0,
26702,2021-10-02 11:15:00,40.680733,-73.97451,0,0,Driver Inattention/Distraction,4463282,23.7,10.8,0.0,0.0,0.0,0.0,3,17.0,34.2,254,Overcast,0,0,
26703,2021-10-02 22:50:00,40.751495,-73.87991,0,0,Driver Inattention/Distraction,4463361,23.7,10.8,0.0,0.0,0.0,0.0,3,17.0,34.2,254,Overcast,0,0,
26704,2021-10-02 08:30:00,40.68126,-73.81869,0,0,Following Too Closely,4463888,23.7,10.8,0.0,0.0,0.0,0.0,3,17.0,34.2,254,Overcast,0,0,
26705,2021-10-02 17:45:00,40.863327,-73.89921,0,0,Unsafe Speed,4464018,23.7,10.8,0.0,0.0,0.0,0.0,3,17.0,34.2,254,Overcast,0,0,
26706,2021-10-01 13:00:00,40.59721,-73.79275,0,0,Unspecified,4464077,19.4,9.5,0.0,0.0,0.0,0.0,0,13.8,28.1,302,Clear sky,0,0,Sunny/Clear Conditions
26707,2021-10-02 00:57:00,40.69246,-73.726875,1,0,Following Too Closely,4463067,23.7,10.8,0.0,0.0,0.0,0.0,3,17.0,34.2,254,Overcast,1,1,
26708,2021-10-02 18:55:00,40.62588,-73.993675,0,0,Unspecified,4463383,23.7,10.8,0.0,0.0,0.0,0.0,3,17.0,34.2,254,Overcast,0,0,
26709,2021-10-01 16:58:00,40.839268,-73.903824,1,0,Driver Inattention/Distraction,4464006,19.4,9.5,0.0,0.0,0.0,0.0,0,13.8,28.1,302,Clear sky,1,1,Sunny/Clear Conditions
26710,2021-10-02 12:25:00,40.679058,-73.86343,1,0,Backing Unsafely,4463812,23.7,10.8,0.0,0.0,0.0,0.0,3,17.0,34.2,254,Overcast,1,1,
26711,2021-10-02 07:40:00,40.718864,-73.97483,0,0,Passing or Lane Usage Improper,4463097,23.7,10.8,0.0,0.0,0.0,0.0,3,17.0,34.2,254,Overcast,0,0,
26712,2021-10-02 16:15:00,40.75399,-73.90031,0,0,Driver Inattention/Distraction,4463225,23.7,10.8,0.0,0.0,0.0,0.0,3,17.0,34.2,254,Overcast,0,0,
26713,2021-10-02 16:45:00,40.62213,-73.927216,0,0,Unspecified,4463490,23.7,10.8,0.0,0.0,0.0,0.0,3,17.0,34.2,254,Overcast,0,0,
26714,2021-09-25 23:55:00,40.88074,-73.9101,0,0,Unsafe Speed,4464151,22.8,14.0,0.0,0.0,0.0,0.0,3,7.9,15.8,322,Overcast,0,0,
26715,2021-10-02 12:58:00,40.689137,-73.990715,0,0,Unsafe Speed,4463540,23.7,10.8,0.0,0.0,0.0,0.0,3,17.0,34.2,254,Overcast,0,0,
26716,2021-10-02 08:36:00,40.710476,-73.963844,0,0,Turning Improperly,4463668,23.7,10.8,0.0,0.0,0.0,0.0,3,17.0,34.2,254,Overcast,0,0,
26717,2021-10-02 00:00:00,40.666706,-73.871826,1,0,Passing or Lane Usage Improper,4463719,23.7,10.8,0.0,0.0,0.0,0.0,3,17.0,34.2,254,Overcast,1,1,
26718,2021-10-02 09:57:00,40.818058,-73.90501,1,0,Driver Inattention/Distraction,4463207,23.7,10.8,0.0,0.0,0.0,0.0,3,17.0,34.2,254,Overcast,1,1,
26719,2021-10-02 06:40:00,40.74389,-73.788155,1,0,Fell Asleep,4463148,23.7,10.8,0.0,0.0,0.0,0.0,3,17.0,34.2,254,Overcast,1,1,
26720,2021-10-02 15:50:00,40.577045,-74.080795,1,0,Passing Too Closely,4464031,23.7,10.8,0.0,0.0,0.0,0.0,3,17.0,34.2,254,Overcast,1,1,
26721,2021-10-01 17:56:00,40.75228,-73.9897,0,0,Passing or Lane Usage Improper,4464102,19.4,9.5,0.0,0.0,0.0,0.0,0,13.8,28.1,302,Clear sky,0,0,Sunny/Clear Conditions
26722,2021-10-02 11:30:00,40.74709,-73.76325,0,0,Reaction to Uninvolved Vehicle,4463149,23.7,10.8,0.0,0.0,0.0,0.0,3,17.0,34.2,254,Overcast,0,0,
26723,2021-09-26 17:18:00,40.614964,-74.08673,0,0,Unspecified,4463984,21.4,15.6,0.0,0.0,0.0,0.0,3,23.5,45.0,294,Overcast,0,0,
26724,2021-10-02 15:00:00,40.713535,-73.96731,0,0,Failure to Yield Right-of-Way,4463219,23.7,10.8,0.0,0.0,0.0,0.0,3,17.0,34.2,254,Overcast,0,0,
26725,2022-09-21 19:21:00,40.818798,-73.89213,0,0,Unspecified,4566950,26.5,16.0,0.0,0.0,0.0,0.0,3,19.4,36.7,252,Overcast,0,0,
26726,2021-10-02 19:45:00,40.68046,-73.84309,0,0,Backing Unsafely,4463708,23.7,10.8,0.0,0.0,0.0,0.0,3,17.0,34.2,254,Overcast,0,0,
26727,2021-10-02 01:30:00,40.74487,-73.99957,0,0,Unspecified,4463348,23.7,10.8,0.0,0.0,0.0,0.0,3,17.0,34.2,254,Overcast,0,0,
26728,2021-10-02 14:25:00,40.60416,-73.99752,0,0,Reaction to Uninvolved Vehicle,4463400,23.7,10.8,0.0,0.0,0.0,0.0,3,17.0,34.2,254,Overcast,0,0,
26729,2021-10-01 23:20:00,40.69216,-73.914764,0,0,Passenger Distraction,4464158,19.4,9.5,0.0,0.0,0.0,0.0,0,13.8,28.1,302,Clear sky,0,0,Sunny/Clear Conditions
26730,2021-10-02 13:14:00,40.73767,-74.00178,0,0,Backing Unsafely,4463774,23.7,10.8,0.0,0.0,0.0,0.0,3,17.0,34.2,254,Overcast,0,0,
26731,2021-10-02 02:00:00,40.866062,-73.92251,0,0,Unsafe Speed,4463558,23.7,10.8,0.0,0.0,0.0,0.0,3,17.0,34.2,254,Overcast,0,0,
26732,2021-10-02 13:25:00,40.704006,-73.7668,1,0,Failure to Yield Right-of-Way,4463758,23.7,10.8,0.0,0.0,0.0,0.0,3,17.0,34.2,254,Overcast,1,1,
26733,2021-10-02 05:50:00,40.68012,-73.74824,0,0,Driver Inattention/Distraction,4463136,23.7,10.8,0.0,0.0,0.0,0.0,3,17.0,34.2,254,Overcast,0,0,