,CRASH DATETIME,LATITUDE,LONGITUDE,NUMBER OF PERSONS INJURED,NUMBER OF PERSONS KILLED,CONTRIBUTING FACTOR VEHICLE 1,COLLISION_ID,temperature_2m_max,temperature_2m_min,precipitation_sum,rain_sum,snowfall_sum,precipitation_hours,weather_code,wind_speed_10m_max,wind_gusts_10m_max,wind_direction_10m_dominant,Weather Description,Severity_Score,Total_Affected_Persons,Weather_Category
26734,2021-10-02 15:10:00,40.722927,-74.00218,0,0,Unspecified,4463211,23.7,10.8,0.0,0.0,0.0,0.0,3,17.0,34.2,254,Overcast,0,0,
26735,2021-10-02 19:40:00,40.76966,-73.92365,1,0,Outside Car Distraction,4463295,23.7,10.8,0.0,0.0,0.0,0.0,3,17.0,34.2,254,Overcast,1,1,
26736,2021-10-02 14:20:00,40.865383,-73.89348,2,0,Driver Inattention/Distraction,4464026,23.7,10.8,0.0,0.0,0.0,0.0,3,17.0,34.2,254,Overcast,2,2,
26737,2021-10-02 13:05:00,40.657642,-73.8749,0,0,Unspecified,4464110,23.7,10.8,0.0,0.0,0.0,0.0,3,17.0,34.2,254,Overcast,0,0,
26738,2021-10-01 14:40:00,40.689842,-73.850075,1,0,Failure to Yield Right-of-Way,4463926,19.4,9.5,0.0,0.0,0.0,0.0,0,13.8,28.1,302,Clear sky,1,1,Sunny/Clear Conditions
26739,2021-09-30 08:40:00,40.59595,-74.09587,2,0,Driver Inattention/Distraction,4464034,18.8,13.1,0.0,0.0,0.0,0.0,3,18.1,37.4,330,Overcast,2,2,
26740,2021-10-02 00:15:00,40.687668,-73.951035,0,0,Backing Unsafely,4463227,23.7,10.8,0.0,0.0,0.0,0.0,3,17.0,34.2,254,Overcast,0,0,
26741,2021-09-29 14:00:00,40.7509,-73.98449,1,0,Unspecified,4464098,19.9,11.3,0.0,0.0,0.0,0.0,3,20.6,41.8,331,Overcast,1,1,
26742,2021-10-02 02:30:00,40.792713,-73.96925,0,0,Outside Car Distraction,4463265,23.7,10.8,0.0,0.0,0.0,0.0,3,17.0,34.2,254,Overcast,0,0,
26743,2021-10-02 05:30:00,40.759193,-73.86865,0,0,Fatigued/Drowsy,4463155,23.7,10.8,0.0,0.0,0.0,0.0,3,17.0,34.2,254,Overcast,0,0,
26744,2021-10-02 04:45:00,40.723213,-73.94847,0,0,Driver Inattention/Distraction,4463866,23.7,10.8,0.0,0.0,0.0,0.0,3,17.0,34.2,254,Overcast,0,0,
26745,2021-10-02 18:11:00,40.825546,-73.9312,0,0,Unspecified,4463599,23.7,10.8,0.0,0.0,0.0,0.0,3,17.0,34.2,254,Overcast,0,0,
26746,2021-10-02 15:10:00,40.60547,-73.96074,1,0,Unspecified,4463690,23.7,10.8,0.0,0.0,0.0,0.0,3,17.0,34.2,254,Overcast,1,1,
26747,2021-09-25 17:15:00,40.584755,-73.94712,1,0,Unsafe Speed,4464106,22.8,14.0,0.0,0.0,0.0,0.0,3,7.9,15.8,322,Overcast,1,1,
26748,2021-10-02 16:25:00,40.73046,-73.95149,0,0,Turning Improperly,4463855,23.7,10.8,0.0,0.0,0.0,0.0,3,17.0,34.2,254,Overcast,0,0,
26749,2021-09-30 12:00:00,40.70003,-73.81279,0,0,Traffic Control Disregarded,4463979,18.8,13.1,0.0,0.0,0.0,0.0,3,18.1,37.4,330,Overcast,0,0,
26750,2021-10-02 08:00:00,40.659252,-73.988434,0,0,Unspecified,4463336,23.7,10.8,0.0,0.0,0.0,0.0,3,17.0,34.2,254,Overcast,0,0,
26751,2021-09-28 12:00:00,40.659496,-73.912994,0,0,Unspecified,4463950,22.1,16.3,12.4,12.4,0.0,9.0,63,19.2,38.5,264,Rain: Moderate,0,0,
26752,2021-10-02 16:25:00,40.752228,-73.93911,1,0,Failure to Yield Right-of-Way,4463385,23.7,10.8,0.0,0.0,0.0,0.0,3,17.0,34.2,254,Overcast,1,1,
26753,2021-10-02 21:39:00,40.68366,-73.90788,4,0,Alcohol Involvement,4464168,23.7,10.8,0.0,0.0,0.0,0.0,3,17.0,34.2,254,Overcast,4,4,
26754,2021-10-02 20:15:00,40.801155,-73.959656,0,0,Failure to Yield Right-of-Way,4463275,23.7,10.8,0.0,0.0,0.0,0.0,3,17.0,34.2,254,Overcast,0,0,
26755,2021-10-02 08:15:00,40.87829,-73.87006,0,0,View Obstructed/Limited,4463518,23.7,10.8,0.0,0.0,0.0,0.0,3,17.0,34.2,254,Overcast,0,0,
26756,2021-10-02 15:38:00,40.870033,-73.889,1,0,Driver Inattention/Distraction,4464022,23.7,10.8,0.0,0.0,0.0,0.0,3,17.0,34.2,254,Overcast,1,1,
26757,2021-10-02 17:00:00,40.65812,-73.934006,0,0,Driver Inattention/Distraction,4463235,23.7,10.8,0.0,0.0,0.0,0.0,3,17.0,34.2,254,Overcast,0,0,
26758,2021-10-02 22:36:00,40.679726,-73.829834,0,0,Alcohol Involvement,4463897,23.7,10.8,0.0,0.0,0.0,0.0,3,17.0,34.2,254,Overcast,0,0,
26759,2021-10-02 03:14:00,40.652565,-73.74656,1,0,Driver Inattention/Distraction,4464042,23.7,10.8,0.0,0.0,0.0,0.0,3,17.0,34.2,254,Overcast,1,1,
26760,2021-10-02 03:00:00,40.8188,-73.956024,0,0,Unspecified,4463425,23.7,10.8,0.0,0.0,0.0,0.0,3,17.0,34.2,254,Overcast,0,0,
26761,2021-10-02 06:16:00,40.67236,-74.01124,0,0,Unspecified,4463283,23.7,10.8,0.0,0.0,0.0,0.0,3,17.0,34.2,254,Overcast,0,0,
26762,2021-10-02 14:28:00,40.860344,-73.90713,1,0,Driver Inattention/Distraction,4463428,23.7,10.8,0.0,0.0,0.0,0.0,3,17.0,34.2,254,Overcast,1,1,
26763,2021-10-02 22:14:00,40.620914,-73.9753,1,0,Driver Inattention/Distraction,4463366,23.7,10.8,0.0,0.0,0.0,0.0,3,17.0,34.2,254,Overcast,1,1,
26764,2021-09-23 10:00:00,40.63206,-73.88876,0,0,Turning Improperly,4463960,26.2,18.0,15.6,15.6,0.0,14.0,63,40.7,77.4,156,Rain: Moderate,0,0,
26765,2021-10-01 15:24:00,40.830208,-73.90324,0,0,Unspecified,4464000,19.4,9.5,0.0,0.0,0.0,0.0,0,13.8,28.1,302,Clear sky,0,0,Sunny/Clear Conditions
26766,2021-10-02 17:31:00,40.646297,-73.91274,0,0,Driver Inattention/Distraction,4464087,23.7,10.8,0.0,0.0,0.0,0.0,3,17.0,34.2,254,Overcast,0,0,
26767,2021-10-02 05:13:00,40.732822,-73.8684,0,0,Tire Failure/Inadequate,4463261,23.7,10.8,0.0,0.0,0.0,0.0,3,17.0,34.2,254,Overcast,0,0,
26768,2021-10-02 16:20:00,40.827633,-73.93577,1,0,Driver Inattention/Distraction,4463836,23.7,10.8,0.0,0.0,0.0,0.0,3,17.0,34.2,254,Overcast,1,1,
26769,2021-09-27 16:15:00,40.810097,-73.93926,0,0,Unspecified,4464074,25.9,14.6,0.0,0.0,0.0,0.0,3,24.1,45.0,233,Overcast,0,0,
26770,2021-10-02 22:30:00,0.0,0.0,0,0,Unspecified,4464041,23.7,10.8,0.0,0.0,0.0,0.0,3,17.0,34.2,254,Overcast,0,0,
26771,2021-10-01 18:12:00,40.80016,-73.93538,1,0,Driver Inattention/Distraction,4463940,19.4,9.5,0.0,0.0,0.0,0.0,0,13.8,28.1,302,Clear sky,1,1,Sunny/Clear Conditions
26772,2021-10-02 01:35:00,40.700836,-73.99495,1,0,Unspecified,4463070,23.7,10.8,0.0,0.0,0.0,0.0,3,17.0,34.2,254,Overcast,1,1,
26773,2021-09-19 02:26:00,40.600567,-73.7621,1,0,Traffic Control Disregarded,4463973,23.6,16.8,0.0,0.0,0.0,0.0,2,17.6,35.6,0,Partly cloudy,1,1,
26774,2021-10-02 18:39:00,40.68815,-73.84884,0,0,Aggressive Driving/Road Rage,4463233,23.7,10.8,0.0,0.0,0.0,0.0,3,17.0,34.2,254,Overcast,0,0,
26775,2021-10-02 20:30:00,40.640682,-73.995476,0,0,Driver Inattention/Distraction,4463367,23.7,10.8,0.0,0.0,0.0,0.0,3,17.0,34.2,254,Overcast,0,0,
26776,2022-03-29 20:15:00,40.81388,-73.91182,2,0,Unspecified,4515296,3.3,-5.2,0.0,0.0,0.0,0.0,2,29.3,54.4,311,Partly cloudy,2,2,
26777,2021-10-02 20:25:00,40.66937,-73.89523,0,0,Unspecified,4463803,23.7,10.8,0.0,0.0,0.0,0.0,3,17.0,34.2,254,Overcast,0,0,
26778,2021-10-02 14:37:00,40.659878,-73.841095,1,0,Pedestrian/Bicyclist/Other Pedestrian Error/Confusion,4463895,23.7,10.8,0.0,0.0,0.0,0.0,3,17.0,34.2,254,Overcast,1,1,
26779,2021-10-02 17:00:00,40.69706,-73.91933,0,0,Passenger Distraction,4464138,23.7,10.8,0.0,0.0,0.0,0.0,3,17.0,34.2,254,Overcast,0,0,
26780,2021-09-29 06:45:00,40.74377,-73.91383,1,0,Driver Inattention/Distraction,4463987,19.9,11.3,0.0,0.0,0.0,0.0,3,20.6,41.8,331,Overcast,1,1,
26781,2021-09-19 19:30:00,40.69269,-73.91894,2,0,Driver Inattention/Distraction,4464171,23.6,16.8,0.0,0.0,0.0,0.0,2,17.6,35.6,0,Partly cloudy,2,2,
26782,2021-10-02 04:10:00,40.760098,-73.8593,1,0,Driver Inattention/Distraction,4463154,23.7,10.8,0.0,0.0,0.0,0.0,3,17.0,34.2,254,Overcast,1,1,
26783,2021-10-02 14:10:00,40.760822,-73.99832,0,0,Passing or Lane Usage Improper,4463193,23.7,10.8,0.0,0.0,0.0,0.0,3,17.0,34.2,254,Overcast,0,0,
26784,2021-10-02 23:00:00,40.698765,-73.939384,0,0,Unspecified,4463579,23.7,10.8,0.0,0.0,0.0,0.0,3,17.0,34.2,254,Overcast,0,0,
26785,2021-08-11 09:12:00,40.87626,-73.90395,0,0,Unspecified,4464050,31.2,23.2,2.8,2.8,0.0,7.0,55,23.7,44.6,206,Drizzle: Dense,0,0,
26786,2021-10-02 11:45:00,40.739902,-73.791275,1,0,Driver Inattention/Distraction,4463252,23.7,10.8,0.0,0.0,0.0,0.0,3,17.0,34.2,254,Overcast,1,1,
26787,2021-10-02 20:35:00,40.697205,-73.81334,1,0,Passing or Lane Usage Improper,4463761,23.7,10.8,0.0,0.0,0.0,0.0,3,17.0,34.2,254,Overcast,1,1,
26788,2021-09-14 07:00:00,40.88073,-73.9073,0,0,Unspecified,4464017,26.0,19.0,0.2,0.2,0.0,1.0,51,18.0,35.6,138,Drizzle: Light,0,0,
26789,2021-10-02 11:20:00,40.66645,-73.75764,1,0,Unspecified,4463137,23.7,10.8,0.0,0.0,0.0,0.0,3,17.0,34.2,254,Overcast,1,1,
26790,2021-10-02 02:00:00,40.676243,-73.95269,0,0,Driver Inattention/Distraction,4463454,23.7,10.8,0.0,0.0,0.0,0.0,3,17.0,34.2,254,Overcast,0,0,
26791,2021-10-02 01:23:00,40.815,-73.89402,0,0,Alcohol Involvement,4463611,23.7,10.8,0.0,0.0,0.0,0.0,3,17.0,34.2,254,Overcast,0,0,
26792,2021-10-02 22:55:00,40.65973,-73.74174,1,0,Driver Inattention/Distraction,4463286,23.7,10.8,0.0,0.0,0.0,0.0,3,17.0,34.2,254,Overcast,1,1,
26793,2021-10-02 14:30:00,40.685463,-73.84747,1,0,Following Too Closely,4463927,23.7,10.8,0.0,0.0,0.0,0.0,3,17.0,34.2,254,Overcast,1,1,
26794,2021-09-24 21:53:00,40.702496,-73.81303,0,0,Alcohol Involvement,4463978,22.4,15.6,26.0,26.0,0.0,9.0,63,14.2,29.9,274,Rain: Moderate,0,0,
26795,2021-10-02 23:35:00,40.66669,-73.81173,0,0,View Obstructed/Limited,4463775,23.7,10.8,0.0,0.0,0.0,0.0,3,17.0,34.2,254,Overcast,0,0,
26796,2021-10-02 12:50:00,40.824158,-73.87462,1,0,Unspecified,4463242,23.7,10.8,0.0,0.0,0.0,0.0,3,17.0,34.2,254,Overcast,1,1,
26797,2022-03-30 13:00:00,40.75167,-73.94188,0,0,Failure to Yield Right-of-Way,4515497,5.9,-3.5,0.0,0.0,0.0,0.0,3,17.0,30.6,215,Overcast,0,0,
26798,2021-10-02 14:00:00,40.603058,-73.98261,1,0,Driver Inattention/Distraction,4463300,23.7,10.8,0.0,0.0,0.0,0.0,3,17.0,34.2,254,Overcast,1,1,
26799,2021-10-01 15:00:00,40.68251,-73.976326,0,0,Aggressive Driving/Road Rage,4464109,19.4,9.5,0.0,0.0,0.0,0.0,0,13.8,28.1,302,Clear sky,0,0,Sunny/Clear Conditions
26800,2021-09-30 13:20:00,40.8617,-73.89139,1,0,Passing Too Closely,4464028,18.8,13.1,0.0,0.0,0.0,0.0,3,18.1,37.4,330,Overcast,1,1,
26801,2021-09-29 10:23:00,40.73046,-73.95149,0,0,Following Too Closely,4463918,19.9,11.3,0.0,0.0,0.0,0.0,3,20.6,41.8,331,Overcast,0,0,
26802,2021-09-30 13:40:00,40.754177,-73.984604,0,0,Pedestrian/Bicyclist/Other Pedestrian Error/Confusion,4464099,18.8,13.1,0.0,0.0,0.0,0.0,3,18.1,37.4,330,Overcast,0,0,
26803,2021-10-02 04:10:00,40.86795,-73.92701,0,0,Driver Inattention/Distraction,4463554,23.7,10.8,0.0,0.0,0.0,0.0,3,17.0,34.2,254,Overcast,0,0,
26804,2021-10-02 03:00:00,40.897877,-73.897,0,0,Unspecified,4463088,23.7,10.8,0.0,0.0,0.0,0.0,3,17.0,34.2,254,Overcast,0,0,
26805,2021-10-02 08:00:00,40.702255,-73.814865,0,0,Passing Too Closely,4463756,23.7,10.8,0.0,0.0,0.0,0.0,3,17.0,34.2,254,Overcast,0,0,
26806,2021-10-02 18:41:00,40.8018,-73.96108,0,0,Unspecified,4463220,23.7,10.8,0.0,0.0,0.0,0.0,3,17.0,34.2,254,Overcast,0,0,
26807,2021-10-02 12:45:00,40.65104,-74.0111,1,0,Unspecified,4463628,23.7,10.8,0.0,0.0,0.0,0.0,3,17.0,34.2,254,Overcast,1,1,
26808,2021-10-02 01:05:00,40.738995,-73.97955,0,0,Unspecified,4463485,23.7,10.8,0.0,0.0,0.0,0.0,3,17.0,34.2,254,Overcast,0,0,
26809,2021-10-02 11:55:00,40.637657,-73.913956,1,0,Lost Consciousness,4463340,23.7,10.8,0.0,0.0,0.0,0.0,3,17.0,34.2,254,Overcast,1,1,
26810,2021-09-04 12:00:00,40.763344,-73.75791,0,0,Following Too Closely,4464123,25.2,14.5,0.0,0.0,0.0,0.0,3,15.4,27.0,289,Overcast,0,0,
26811,2021-09-28 05:47:00,40.640694,-74.07573,1,0,Driver Inattention/Distraction,4463983,22.1,16.3,12.4,12.4,0.0,9.0,63,19.2,38.5,264,Rain: Moderate,1,1,
26812,2021-10-02 14:00:00,40.770306,-73.91901,2,0,Unspecified,4463390,23.7,10.8,0.0,0.0,0.0,0.0,3,17.0,34.2,254,Overcast,2,2,
26813,2021-10-01 23:45:00,40.68592,-73.846924,1,0,Traffic Control Disregarded,4463919,19.4,9.5,0.0,0.0,0.0,0.0,0,13.8,28.1,302,Clear sky,1,1,Sunny/Clear Conditions
26814,2021-10-01 22:09:00,40.690834,-73.90435,1,0,Backing Unsafely,4464148,19.4,9.5,0.0,0.0,0.0,0.0,0,13.8,28.1,302,Clear sky,1,1,Sunny/Clear Conditions
26815,2021-10-02 15:25:00,40.745033,-73.87153,0,0,Alcohol Involvement,4463264,23.7,10.8,0.0,0.0,0.0,0.0,3,17.0,34.2,254,Overcast,0,0,
26816,2021-10-02 22:40:00,40.671165,-73.895676,0,0,Unspecified,4463762,23.7,10.8,0.0,0.0,0.0,0.0,3,17.0,34.2,254,Overcast,0,0,
26817,2021-10-02 21:07:00,40.833233,-73.8282,1,0,Unspecified,4463856,23.7,10.8,0.0,0.0,0.0,0.0,3,17.0,34.2,254,Overcast,1,1,
26818,2021-10-02 20:13:00,40.602535,-73.99321,0,0,Following Too Closely,4463299,23.7,10.8,0.0,0.0,0.0,0.0,3,17.0,34.2,254,Overcast,0,0,
26819,2021-10-02 23:40:00,40.66735,-73.76994,0,0,Unsafe Lane Changing,4463659,23.7,10.8,0.0,0.0,0.0,0.0,3,17.0,34.2,254,Overcast,0,0,
26820,2021-10-02 04:30:00,40.70978,-73.82043,5,0,Driver Inattention/Distraction,4463114,23.7,10.8,0.0,0.0,0.0,0.0,3,17.0,34.2,254,Overcast,5,5,
26821,2021-10-02 22:55:00,40.618214,-73.95815,0,0,Unspecified,4463412,23.7,10.8,0.0,0.0,0.0,0.0,3,17.0,34.2,254,Overcast,0,0,
26822,2021-10-02 09:24:00,40.81103,-73.92149,1,0,Illnes,4463206,23.7,10.8,0.0,0.0,0.0,0.0,3,17.0,34.2,254,Overcast,1,1,
26823,2022-09-11 21:20:00,40.722275,-73.98018,1,0,Unspecified,4566615,24.5,18.9,12.9,12.9,0.0,13.0,61,12.4,22.0,205,Rain: Light,1,1,
26824,2021-10-02 15:50:00,40.862747,-73.90494,0,0,Passing or Lane Usage Improper,4463431,23.7,10.8,0.0,0.0,0.0,0.0,3,17.0,34.2,254,Overcast,0,0,
26825,2021-10-02 18:00:00,40.742676,-73.839516,0,0,Driver Inattention/Distraction,4463257,23.7,10.8,0.0,0.0,0.0,0.0,3,17.0,34.2,254,Overcast,0,0,
26826,2021-10-02 20:30:00,40.63765,-73.9528,1,0,Unspecified,4463411,23.7,10.8,0.0,0.0,0.0,0.0,3,17.0,34.2,254,Overcast,1,1,
26827,2021-10-02 14:17:00,40.871643,-73.9002,0,0,Unspecified,4464154,23.7,10.8,0.0,0.0,0.0,0.0,3,17.0,34.2,254,Overcast,0,0,
26828,2021-09-23 14:14:00,40.72114,-73.941895,0,0,Driver Inattention/Distraction,4463947,26.2,18.0,15.6,15.6,0.0,14.0,63,40.7,77.4,156,Rain: Moderate,0,0,
26829,2021-10-02 13:02:00,40.79149,-73.93577,0,0,Driver Inexperience,4463335,23.7,10.8,0.0,0.0,0.0,0.0,3,17.0,34.2,254,Overcast,0,0,
26830,2021-10-02 20:45:00,40.696976,-73.79276,0,0,Passing or Lane Usage Improper,4463963,23.7,10.8,0.0,0.0,0.0,0.0,3,17.0,34.2,254,Overcast,0,0,
26831,2021-10-02 00:50:00,40.644295,-73.90139,0,0,Unspecified,4463064,23.7,10.8,0.0,0.0,0.0,0.0,3,17.0,34.2,254,Overcast,0,0,
26832,2021-10-01 17:46:00,40.830135,-73.89088,1,0,Unspecified,4464001,19.4,9.5,0.0,0.0,0.0,0.0,0,13.8,28.1,302,Clear sky,1,1,Sunny/Clear Conditions
26833,2021-10-02 01:29:00,40.81275,-73.94558,0,0,Other Vehicular,4463835,23.7,10.8,0.0,0.0,0.0,0.0,3,17.0,34.2,254,Overcast,0,0,
26834,2021-10-01 19:34:00,40.612175,-73.99397,0,0,Driver Inexperience,4464085,19.4,9.5,0.0,0.0,0.0,0.0,0,13.8,28.1,302,Clear sky,0,0,Sunny/Clear Conditions
26835,2021-09-27 08:00:00,40.711605,-73.763214,0,0,Unspecified,4464054,25.9,14.6,0.0,0.0,0.0,0.0,3,24.1,45.0,233,Overcast,0,0,
26836,2021-10-02 16:29:00,40.63969,-73.95321,1,0,Driver Inattention/Distraction,4463617,23.7,10.8,0.0,0.0,0.0,0.0,3,17.0,34.2,254,Overcast,1,1,
26837,2021-10-02 04:49:00,40.762657,-73.79895,0,0,Unspecified,4463168,23.7,10.8,0.0,0.0,0.0,0.0,3,17.0,34.2,254,Overcast,0,0,
26838,2021-10-02 01:00:00,40.63024,-74.139915,1,0,Following Too Closely,4463184,23.7,10.8,0.0,0.0,0.0,0.0,3,17.0,34.2,254,Overcast,1,1,
26839,2021-10-02 12:00:00,40.696323,-73.90534,0,0,Unspecified,4463519,23.7,10.8,0.0,0.0,0.0,0.0,3,17.0,34.2,254,Overcast,0,0,
26840,2021-09-30 10:30:00,40.839733,-73.89882,0,0,Passing Too Closely,4463999,18.8,13.1,0.0,0.0,0.0,0.0,3,18.1,37.4,330,Overcast,0,0,
26841,2021-10-02 12:00:00,40.68489,-73.96211,0,0,Passing Too Closely,4463580,23.7,10.8,0.0,0.0,0.0,0.0,3,17.0,34.2,254,Overcast,0,0,
26842,2021-10-02 16:11:00,40.601,-74.07645,0,0,Following Too Closely,4464021,23.7,10.8,0.0,0.0,0.0,0.0,3,17.0,34.2,254,Overcast,0,0,
26843,2021-10-02 15:30:00,40.82768,-73.866356,0,0,Turning Improperly,4463238,23.7,10.8,0.0,0.0,0.0,0.0,3,17.0,34.2,254,Overcast,0,0,
26844,2021-10-02 12:10:00,40.59469,-73.92721,2,0,Driver Inexperience,4463696,23.7,10.8,0.0,0.0,0.0,0.0,3,17.0,34.2,254,Overcast,2,2,
26845,2021-09-30 08:33:00,40.68384,-73.95162,1,0,Driver Inattention/Distraction,4464049,18.8,13.1,0.0,0.0,0.0,0.0,3,18.1,37.4,330,Overcast,1,1,
26846,2021-10-02 08:24:00,40.71671,-73.913124,0,0,Steering Failure,4463127,23.7,10.8,0.0,0.0,0.0,0.0,3,17.0,34.2,254,Overcast,0,0,
26847,2021-10-02 11:23:00,40.727768,-73.89658,0,0,Other Vehicular,4463522,23.7,10.8,0.0,0.0,0.0,0.0,3,17.0,34.2,254,Overcast,0,0,
26848,2021-10-02 13:19:00,40.699715,-73.79869,0,0,Following Too Closely,4463670,23.7,10.8,0.0,0.0,0.0,0.0,3,17.0,34.2,254,Overcast,0,0,
26849,2021-10-02 10:50:00,40.72604,-73.71829,0,0,Failure to Yield Right-of-Way,4463138,23.7,10.8,0.0,0.0,0.0,0.0,3,17.0,34.2,254,Overcast,0,0,
26850,2021-10-02 00:42:00,40.654915,-73.95859,1,0,Unspecified,4463209,23.7,10.8,0.0,0.0,0.0,0.0,3,17.0,34.2,254,Overcast,1,1,
26851,2021-09-28 08:00:00,40.860287,-73.90494,3,0,Traffic Control Disregarded,4464029,22.1,16.3,12.4,12.4,0.0,9.0,63,19.2,38.5,264,Rain: Moderate,3,3,
26852,2021-09-18 18:00:00,40.560776,-74.16273,0,0,Following Too Closely,4464040,27.1,19.2,0.2,0.2,0.0,2.0,51,14.6,25.9,349,Drizzle: Light,0,0,
26853,2021-10-02 17:43:00,40.69635,-73.94071,1,0,Pedestrian/Bicyclist/Other Pedestrian Error/Confusion,4463229,23.7,10.8,0.0,0.0,0.0,0.0,3,17.0,34.2,254,Overcast,1,1,
26854,2021-10-02 04:20:00,40.644913,-73.97443,0,0,Brakes Defective,4463371,23.7,10.8,0.0,0.0,0.0,0.0,3,17.0,34.2,254,Overcast,0,0,
26855,2021-10-02 14:30:00,40.69249,-73.81706,1,0,Driver Inattention/Distraction,4464023,23.7,10.8,0.0,0.0,0.0,0.0,3,17.0,34.2,254,Overcast,1,1,
26856,2021-10-02 18:07:00,40.71976,-73.94476,1,0,Driver Inattention/Distraction,4463817,23.7,10.8,0.0,0.0,0.0,0.0,3,17.0,34.2,254,Overcast,1,1,
26857,2021-09-12 05:01:00,40.736145,-73.92651,1,0,Driver Inattention/Distraction,4463986,28.8,18.3,0.0,0.0,0.0,0.0,3,24.3,46.8,233,Overcast,1,1,
26858,2021-10-02 00:50:00,40.760704,-73.858246,3,0,Driver Inattention/Distraction,4463153,23.7,10.8,0.0,0.0,0.0,0.0,3,17.0,34.2,254,Overcast,3,3,
26859,2021-10-02 16:48:00,40.694355,-73.976585,0,0,Unsafe Speed,4463253,23.7,10.8,0.0,0.0,0.0,0.0,3,17.0,34.2,254,Overcast,0,0,
26860,2022-03-30 23:34:00,40.86463,-73.892136,0,0,Alcohol Involvement,4514915,5.9,-3.5,0.0,0.0,0.0,0.0,3,17.0,30.6,215,Overcast,0,0,
26861,2021-10-02 02:00:00,40.66235,-73.95082,0,0,Alcohol Involvement,4463223,23.7,10.8,0.0,0.0,0.0,0.0,3,17.0,34.2,254,Overcast,0,0,
26862,2021-10-02 19:00:00,40.65743,-73.9451,1,0,Following Too Closely,4464090,23.7,10.8,0.0,0.0,0.0,0.0,3,17.0,34.2,254,Overcast,1,1,
26863,2021-10-02 17:00:00,40.879345,-73.84797,0,0,Unsafe Speed,4463498,23.7,10.8,0.0,0.0,0.0,0.0,3,17.0,34.2,254,Overcast,0,0,
26864,2021-05-28 12:19:00,40.639507,-74.09417,4,0,Unspecified,4421360,19.4,10.6,25.0,25.0,0.0,8.0,63,25.6,47.9,62,Rain: Moderate,4,4,
26865,2021-05-28 20:39:00,40.777958,-73.90847,1,1,Unspecified,4421901,19.4,10.6,25.0,25.0,0.0,8.0,63,25.6,47.9,62,Rain: Moderate,21,2,
26866,2021-05-31 14:30:00,40.680687,-73.84459,0,0,Driver Inattention/Distraction,4422384,20.3,9.3,0.7,0.7,0.0,5.0,51,20.9,40.7,318,Drizzle: Light,0,0,
26867,2021-05-31 14:30:00,40.634533,-74.0867,3,0,Brakes Defective,4422520,20.3,9.3,0.7,0.7,0.0,5.0,51,20.9,40.7,318,Drizzle: Light,3,3,
26868,2021-05-31 15:00:00,40.707573,-73.8362,0,0,Passing or Lane Usage Improper,4422440,20.3,9.3,0.7,0.7,0.0,5.0,51,20.9,40.7,318,Drizzle: Light,0,0,
26869,2021-05-29 18:00:00,40.876343,-73.83673,0,0,Failure to Yield Right-of-Way,4422921,11.0,8.5,25.1,25.1,0.0,22.0,63,29.9,56.9,39,Rain: Moderate,0,0,
26870,2021-05-30 20:50:00,40.682453,-73.88723,1,0,Pavement Slippery,4422887,11.5,8.5,13.7,13.7,0.0,24.0,61,28.1,52.2,22,Rain: Light,1,1,
26871,2021-05-20 19:00:00,40.74746,-73.88566,2,0,Other Vehicular,4418986,22.2,12.5,0.0,0.0,0.0,0.0,3,19.0,38.2,147,Overcast,2,2,
26872,2021-05-27 11:30:00,40.67622,-73.961945,0,0,Driver Inattention/Distraction,4421060,27.4,18.3,2.4,2.4,0.0,3.0,61,23.5,42.1,313,Rain: Light,0,0,
26873,2021-05-31 01:10:00,40.66479,-73.82047,3,0,Reaction to Uninvolved Vehicle,4421981,20.3,9.3,0.7,0.7,0.0,5.0,51,20.9,40.7,318,Drizzle: Light,3,3,
26874,2021-05-31 19:30:00,40.705627,-73.91552,0,0,Driver Inattention/Distraction,4422412,20.3,9.3,0.7,0.7,0.0,5.0,51,20.9,40.7,318,Drizzle: Light,0,0,
26875,2021-05-25 13:20:00,40.815826,-73.947044,0,0,Other Vehicular,4422835,21.9,13.0,0.0,0.0,0.0,0.0,3,24.3,47.9,182,Overcast,0,0,
26876,2021-05-31 14:20:00,40.69811,-73.91713,1,0,Failure to Yield Right-of-Way,4422986,20.3,9.3,0.7,0.7,0.0,5.0,51,20.9,40.7,318,Drizzle: Light,1,1,
26877,2021-05-31 02:00:00,40.61739,-74.150475,0,0,Other Vehicular,4422026,20.3,9.3,0.7,0.7,0.0,5.0,51,20.9,40.7,318,Drizzle: Light,0,0,
26878,2021-05-31 17:10:00,40.810925,-73.904396,0,0,Unspecified,4422471,20.3,9.3,0.7,0.7,0.0,5.0,51,20.9,40.7,318,Drizzle: Light,0,0,
26879,2021-05-29 00:00:00,40.67238,-73.94749,0,0,Driver Inattention/Distraction,4422917,11.0,8.5,25.1,25.1,0.0,22.0,63,29.9,56.9,39,Rain: Moderate,0,0,
26880,2021-03-03 18:30:00,40.622726,-73.93934,0,0,Traffic Control Disregarded,4422970,10.5,-3.1,0.0,0.0,0.0,0.0,2,20.6,39.6,263,Partly cloudy,0,0,
26881,2021-05-31 16:41:00,40.863235,-73.92693,0,0,Driver Inattention/Distraction,4422806,20.3,9.3,0.7,0.7,0.0,5.0,51,20.9,40.7,318,Drizzle: Light,0,0,