,CRASH DATETIME,LATITUDE,LONGITUDE,NUMBER OF PERSONS INJURED,NUMBER OF PERSONS KILLED,CONTRIBUTING FACTOR VEHICLE 1,COLLISION_ID,temperature_2m_max,temperature_2m_min,precipitation_sum,rain_sum,snowfall_sum,precipitation_hours,weather_code,wind_speed_10m_max,wind_gusts_10m_max,wind_direction_10m_dominant,Weather Description,Severity_Score,Total_Affected_Persons,Weather_Category
26882,2021-05-31 01:33:00,40.66425,-73.922104,0,0,Driver Inattention/Distraction,4422081,20.3,9.3,0.7,0.7,0.0,5.0,51,20.9,40.7,318,Drizzle: Light,0,0,
26883,2021-05-31 23:40:00,40.583733,-74.08655,0,0,Driver Inattention/Distraction,4422532,20.3,9.3,0.7,0.7,0.0,5.0,51,20.9,40.7,318,Drizzle: Light,0,0,
26884,2021-05-31 19:40:00,40.644753,-73.92493,0,0,Driver Inattention/Distraction,4422558,20.3,9.3,0.7,0.7,0.0,5.0,51,20.9,40.7,318,Drizzle: Light,0,0,
26885,2021-05-31 16:20:00,40.71916,-73.739845,1,0,Unspecified,4422677,20.3,9.3,0.7,0.7,0.0,5.0,51,20.9,40.7,318,Drizzle: Light,1,1,
26886,2021-05-27 22:30:00,40.88333,-73.85617,2,0,Unsafe Speed,4422768,27.4,18.3,2.4,2.4,0.0,3.0,61,23.5,42.1,313,Rain: Light,2,2,
26887,2021-05-31 11:49:00,40.713596,-73.85964,0,0,Driver Inattention/Distraction,4422318,20.3,9.3,0.7,0.7,0.0,5.0,51,20.9,40.7,318,Drizzle: Light,0,0,
26888,2021-05-31 11:37:00,40.674118,-73.89839,1,0,Unsafe Speed,4422226,20.3,9.3,0.7,0.7,0.0,5.0,51,20.9,40.7,318,Drizzle: Light,1,1,
26889,2021-05-31 23:00:00,40.717392,-73.97515,0,0,Unspecified,4423094,20.3,9.3,0.7,0.7,0.0,5.0,51,20.9,40.7,318,Drizzle: Light,0,0,
26890,2021-05-31 14:50:00,40.79913,-73.96667,0,0,Traffic Control Disregarded,4422313,20.3,9.3,0.7,0.7,0.0,5.0,51,20.9,40.7,318,Drizzle: Light,0,0,
26891,2021-05-18 09:30:00,40.75688,-73.9655,1,0,Driver Inattention/Distraction,4422934,26.1,11.2,0.0,0.0,0.0,0.0,3,15.5,29.2,262,Overcast,1,1,
26892,2021-05-31 16:23:00,40.75425,-73.81354,1,0,Failure to Yield Right-of-Way,4422350,20.3,9.3,0.7,0.7,0.0,5.0,51,20.9,40.7,318,Drizzle: Light,1,1,
26893,2021-05-31 08:10:00,40.77887,-73.943245,0,0,Passing Too Closely,4422158,20.3,9.3,0.7,0.7,0.0,5.0,51,20.9,40.7,318,Drizzle: Light,0,0,
26894,2021-05-31 22:20:00,40.66755,-73.773575,4,0,Following Too Closely,4422767,20.3,9.3,0.7,0.7,0.0,5.0,51,20.9,40.7,318,Drizzle: Light,4,4,
26895,2021-05-31 12:40:00,40.675007,-73.88373,0,0,Unsafe Speed,4422457,20.3,9.3,0.7,0.7,0.0,5.0,51,20.9,40.7,318,Drizzle: Light,0,0,
26896,2021-05-31 14:08:00,40.601036,-73.99235,0,0,Following Too Closely,4422478,20.3,9.3,0.7,0.7,0.0,5.0,51,20.9,40.7,318,Drizzle: Light,0,0,
26897,2021-05-30 06:10:00,40.615627,-74.08406,0,0,Passing Too Closely,4422793,11.5,8.5,13.7,13.7,0.0,24.0,61,28.1,52.2,22,Rain: Light,0,0,
26898,2021-05-30 02:50:00,40.727055,-73.83229,0,0,Unspecified,4422774,11.5,8.5,13.7,13.7,0.0,24.0,61,28.1,52.2,22,Rain: Light,0,0,
26899,2021-05-31 05:45:00,40.671085,-73.736275,1,0,Pavement Slippery,4422195,20.3,9.3,0.7,0.7,0.0,5.0,51,20.9,40.7,318,Drizzle: Light,1,1,
26900,2021-05-31 00:55:00,40.62154,-73.92424,1,0,Unspecified,4422334,20.3,9.3,0.7,0.7,0.0,5.0,51,20.9,40.7,318,Drizzle: Light,1,1,
26901,2021-05-31 18:35:00,40.698536,-73.91788,0,0,Unspecified,4423040,20.3,9.3,0.7,0.7,0.0,5.0,51,20.9,40.7,318,Drizzle: Light,0,0,
26902,2021-05-31 14:21:00,40.67807,-73.94139,1,0,Unspecified,4422555,20.3,9.3,0.7,0.7,0.0,5.0,51,20.9,40.7,318,Drizzle: Light,1,1,
26903,2021-05-24 15:07:00,40.585087,-74.15594,1,0,Driver Inattention/Distraction,4422874,18.9,13.7,0.0,0.0,0.0,0.0,3,22.4,44.3,126,Overcast,1,1,
26904,2021-05-22 02:19:00,40.88302,-73.85325,2,0,Driver Inattention/Distraction,4423097,30.5,16.5,0.0,0.0,0.0,0.0,3,19.1,36.4,299,Overcast,2,2,
26905,2021-05-31 16:40:00,40.738194,-73.8492,4,0,Following Too Closely,4422355,20.3,9.3,0.7,0.7,0.0,5.0,51,20.9,40.7,318,Drizzle: Light,4,4,
26906,2021-05-31 00:15:00,40.587826,-73.93468,1,0,Failure to Yield Right-of-Way,4422395,20.3,9.3,0.7,0.7,0.0,5.0,51,20.9,40.7,318,Drizzle: Light,1,1,
26907,2021-05-31 15:55:00,40.687557,-73.93896,0,0,Driver Inexperience,4422939,20.3,9.3,0.7,0.7,0.0,5.0,51,20.9,40.7,318,Drizzle: Light,0,0,
26908,2021-05-31 04:20:00,40.68064,-73.89672,0,0,Driver Inattention/Distraction,4422266,20.3,9.3,0.7,0.7,0.0,5.0,51,20.9,40.7,318,Drizzle: Light,0,0,
26909,2021-05-30 18:00:00,40.613476,-74.09793,0,0,Driver Inattention/Distraction,4422833,11.5,8.5,13.7,13.7,0.0,24.0,61,28.1,52.2,22,Rain: Light,0,0,
26910,2021-10-02 17:42:00,40.753307,-73.90669,1,0,Driver Inattention/Distraction,4463216,23.7,10.8,0.0,0.0,0.0,0.0,3,17.0,34.2,254,Overcast,1,1,
26911,2021-05-25 06:28:00,40.670383,-73.985306,0,0,View Obstructed/Limited,4422823,21.9,13.0,0.0,0.0,0.0,0.0,3,24.3,47.9,182,Overcast,0,0,
26912,2021-05-31 23:51:00,40.768826,-73.86631,0,0,Unsafe Speed,4422926,20.3,9.3,0.7,0.7,0.0,5.0,51,20.9,40.7,318,Drizzle: Light,0,0,
26913,2021-05-31 19:53:00,40.62237,-74.0017,1,0,Driver Inattention/Distraction,4422450,20.3,9.3,0.7,0.7,0.0,5.0,51,20.9,40.7,318,Drizzle: Light,1,1,
26914,2021-05-31 14:00:00,40.769836,-73.87181,0,0,Driver Inattention/Distraction,4422897,20.3,9.3,0.7,0.7,0.0,5.0,51,20.9,40.7,318,Drizzle: Light,0,0,
26915,2021-05-31 19:15:00,40.820995,-73.91298,0,0,Unspecified,4422472,20.3,9.3,0.7,0.7,0.0,5.0,51,20.9,40.7,318,Drizzle: Light,0,0,
26916,2021-05-31 20:30:00,40.72787,-73.92913,0,0,Driver Inattention/Distraction,4422404,20.3,9.3,0.7,0.7,0.0,5.0,51,20.9,40.7,318,Drizzle: Light,0,0,
26917,2021-05-31 00:00:00,40.65001,-73.9558,1,0,Unspecified,4422548,20.3,9.3,0.7,0.7,0.0,5.0,51,20.9,40.7,318,Drizzle: Light,1,1,
26918,2021-05-29 07:35:00,40.70145,-73.989624,0,0,Following Too Closely,4422996,11.0,8.5,25.1,25.1,0.0,22.0,63,29.9,56.9,39,Rain: Moderate,0,0,
26919,2021-05-31 22:54:00,40.686085,-73.982666,0,1,,4422373,20.3,9.3,0.7,0.7,0.0,5.0,51,20.9,40.7,318,Drizzle: Light,20,1,
26920,2021-10-02 15:06:00,40.688488,-73.91636,0,0,Turning Improperly,4464140,23.7,10.8,0.0,0.0,0.0,0.0,3,17.0,34.2,254,Overcast,0,0,
26921,2021-04-14 15:00:00,40.615005,-73.980225,0,0,Driver Inattention/Distraction,4423117,19.7,5.4,0.0,0.0,0.0,0.0,3,20.8,39.6,227,Overcast,0,0,
26922,2021-05-31 10:00:00,40.692604,-73.92751,0,0,Passing Too Closely,4422413,20.3,9.3,0.7,0.7,0.0,5.0,51,20.9,40.7,318,Drizzle: Light,0,0,
26923,2021-05-31 16:10:00,40.855465,-73.88893,0,0,Passing Too Closely,4422491,20.3,9.3,0.7,0.7,0.0,5.0,51,20.9,40.7,318,Drizzle: Light,0,0,
26924,2021-05-31 09:45:00,40.817387,-73.92277,2,0,Driver Inattention/Distraction,4422465,20.3,9.3,0.7,0.7,0.0,5.0,51,20.9,40.7,318,Drizzle: Light,2,2,
26925,2021-05-31 21:00:00,40.676632,-73.95944,0,0,Driver Inattention/Distraction,4422910,20.3,9.3,0.7,0.7,0.0,5.0,51,20.9,40.7,318,Drizzle: Light,0,0,
26926,2021-05-31 05:20:00,40.6575,-73.839455,0,0,Pavement Slippery,4421988,20.3,9.3,0.7,0.7,0.0,5.0,51,20.9,40.7,318,Drizzle: Light,0,0,
26927,2021-05-30 17:23:00,40.864403,-73.923775,0,0,Turning Improperly,4422949,11.5,8.5,13.7,13.7,0.0,24.0,61,28.1,52.2,22,Rain: Light,0,0,
26928,2021-05-31 11:00:00,40.598743,-73.95713,0,0,Passing or Lane Usage Improper,4422391,20.3,9.3,0.7,0.7,0.0,5.0,51,20.9,40.7,318,Drizzle: Light,0,0,
26929,2021-05-30 16:35:00,40.65045,-73.95755,0,0,Driver Inattention/Distraction,4423115,11.5,8.5,13.7,13.7,0.0,24.0,61,28.1,52.2,22,Rain: Light,0,0,
26930,2021-05-30 21:10:00,40.667995,-73.786766,1,0,Unspecified,4422884,11.5,8.5,13.7,13.7,0.0,24.0,61,28.1,52.2,22,Rain: Light,1,1,
26931,2021-05-31 02:17:00,40.837864,-73.9114,1,0,Passing or Lane Usage Improper,4422037,20.3,9.3,0.7,0.7,0.0,5.0,51,20.9,40.7,318,Drizzle: Light,1,1,
26932,2021-05-31 00:18:00,40.778603,-73.846115,0,0,Unspecified,4422370,20.3,9.3,0.7,0.7,0.0,5.0,51,20.9,40.7,318,Drizzle: Light,0,0,
26933,2021-05-31 05:46:00,40.819283,-73.924034,0,0,Other Vehicular,4422466,20.3,9.3,0.7,0.7,0.0,5.0,51,20.9,40.7,318,Drizzle: Light,0,0,
26934,2021-05-31 16:03:00,40.84492,-73.90552,1,0,Unspecified,4422408,20.3,9.3,0.7,0.7,0.0,5.0,51,20.9,40.7,318,Drizzle: Light,1,1,
26935,2021-05-31 14:15:00,40.865547,-73.92728,2,0,Driver Inattention/Distraction,4422803,20.3,9.3,0.7,0.7,0.0,5.0,51,20.9,40.7,318,Drizzle: Light,2,2,
26936,2021-05-24 17:15:00,40.669228,-73.908714,1,0,Unspecified,4422849,18.9,13.7,0.0,0.0,0.0,0.0,3,22.4,44.3,126,Overcast,1,1,
26937,2021-05-31 22:45:00,40.84519,-73.9112,2,0,Driver Inattention/Distraction,4422443,20.3,9.3,0.7,0.7,0.0,5.0,51,20.9,40.7,318,Drizzle: Light,2,2,
26938,2021-05-31 07:00:00,40.69879,-73.95326,0,0,Driver Inattention/Distraction,4422938,20.3,9.3,0.7,0.7,0.0,5.0,51,20.9,40.7,318,Drizzle: Light,0,0,
26939,2021-05-31 12:00:00,40.56011,-74.16495,3,0,Following Too Closely,4422253,20.3,9.3,0.7,0.7,0.0,5.0,51,20.9,40.7,318,Drizzle: Light,3,3,
26940,2021-05-31 06:15:00,40.64159,-74.02123,0,0,Unspecified,4422314,20.3,9.3,0.7,0.7,0.0,5.0,51,20.9,40.7,318,Drizzle: Light,0,0,
26941,2021-05-31 02:19:00,40.75587,-73.972824,1,0,Pavement Defective,4422581,20.3,9.3,0.7,0.7,0.0,5.0,51,20.9,40.7,318,Drizzle: Light,1,1,
26942,2021-05-27 17:35:00,40.567875,-74.16969,1,0,Driver Inattention/Distraction,4422784,27.4,18.3,2.4,2.4,0.0,3.0,61,23.5,42.1,313,Rain: Light,1,1,
26943,2021-05-31 18:00:00,40.73178,-74.00781,0,0,Backing Unsafely,4422983,20.3,9.3,0.7,0.7,0.0,5.0,51,20.9,40.7,318,Drizzle: Light,0,0,
26944,2021-05-31 08:30:00,40.64581,-74.00242,0,0,Unspecified,4422196,20.3,9.3,0.7,0.7,0.0,5.0,51,20.9,40.7,318,Drizzle: Light,0,0,
26945,2021-05-31 16:48:00,40.861656,-73.89132,1,0,,4422513,20.3,9.3,0.7,0.7,0.0,5.0,51,20.9,40.7,318,Drizzle: Light,1,1,
26946,2021-05-31 10:15:00,40.705185,-73.79557,0,0,Driver Inattention/Distraction,4422630,20.3,9.3,0.7,0.7,0.0,5.0,51,20.9,40.7,318,Drizzle: Light,0,0,
26947,2021-05-31 06:00:00,40.685608,-73.79636,0,0,Unspecified,4422277,20.3,9.3,0.7,0.7,0.0,5.0,51,20.9,40.7,318,Drizzle: Light,0,0,
26948,2021-05-26 20:00:00,40.767567,-73.88486,2,0,Driver Inattention/Distraction,4422920,29.5,17.4,0.1,0.1,0.0,1.0,51,23.4,45.7,210,Drizzle: Light,2,2,
26949,2021-05-31 15:03:00,40.68366,-73.90788,0,0,Driver Inattention/Distraction,4422419,20.3,9.3,0.7,0.7,0.0,5.0,51,20.9,40.7,318,Drizzle: Light,0,0,
26950,2021-05-29 13:00:00,40.689274,-73.99913,0,0,Traffic Control Device Improper/Non-Working,4422876,11.0,8.5,25.1,25.1,0.0,22.0,63,29.9,56.9,39,Rain: Moderate,0,0,
26951,2021-05-31 22:00:00,40.756943,-73.87222,0,0,Driver Inattention/Distraction,4422925,20.3,9.3,0.7,0.7,0.0,5.0,51,20.9,40.7,318,Drizzle: Light,0,0,
26952,2021-05-31 15:59:00,40.764683,-73.99179,0,0,Unsafe Lane Changing,4422794,20.3,9.3,0.7,0.7,0.0,5.0,51,20.9,40.7,318,Drizzle: Light,0,0,
26953,2021-09-29 20:24:00,40.69986,-73.92829,1,0,Driver Inattention/Distraction,4464172,19.9,11.3,0.0,0.0,0.0,0.0,3,20.6,41.8,331,Overcast,1,1,
26954,2021-05-31 17:50:00,40.670895,-73.91405,1,0,Unspecified,4422432,20.3,9.3,0.7,0.7,0.0,5.0,51,20.9,40.7,318,Drizzle: Light,1,1,
26955,2021-05-30 06:19:00,40.818893,-73.89229,3,0,Driver Inattention/Distraction,4423068,11.5,8.5,13.7,13.7,0.0,24.0,61,28.1,52.2,22,Rain: Light,3,3,
26956,2021-05-31 03:00:00,40.76403,-73.982475,0,0,Driver Inattention/Distraction,4422569,20.3,9.3,0.7,0.7,0.0,5.0,51,20.9,40.7,318,Drizzle: Light,0,0,
26957,2021-05-31 02:35:00,40.672195,-73.91133,2,0,Driver Inattention/Distraction,4422080,20.3,9.3,0.7,0.7,0.0,5.0,51,20.9,40.7,318,Drizzle: Light,2,2,
26958,2021-05-22 00:00:00,40.70898,-73.80418,0,0,Unspecified,4422772,30.5,16.5,0.0,0.0,0.0,0.0,3,19.1,36.4,299,Overcast,0,0,
26959,2021-05-31 17:10:00,40.77812,-73.80917,1,0,Failure to Yield Right-of-Way,4422351,20.3,9.3,0.7,0.7,0.0,5.0,51,20.9,40.7,318,Drizzle: Light,1,1,
26960,2021-05-31 13:22:00,40.643486,-73.97252,0,0,Unspecified,4422527,20.3,9.3,0.7,0.7,0.0,5.0,51,20.9,40.7,318,Drizzle: Light,0,0,
26961,2021-05-31 17:45:00,40.594845,-73.761925,0,0,Unspecified,4422456,20.3,9.3,0.7,0.7,0.0,5.0,51,20.9,40.7,318,Drizzle: Light,0,0,
26962,2021-05-31 12:44:00,40.6229,-73.91762,1,0,Failure to Yield Right-of-Way,4422931,20.3,9.3,0.7,0.7,0.0,5.0,51,20.9,40.7,318,Drizzle: Light,1,1,
26963,2021-05-31 17:35:00,40.596455,-73.78196,0,0,Unsafe Speed,4422477,20.3,9.3,0.7,0.7,0.0,5.0,51,20.9,40.7,318,Drizzle: Light,0,0,
26964,2021-05-20 09:35:00,40.820095,-73.81086,0,0,Passing or Lane Usage Improper,4422869,22.2,12.5,0.0,0.0,0.0,0.0,3,19.0,38.2,147,Overcast,0,0,
26965,2021-05-31 12:40:00,40.586098,-73.93237,0,0,Passing or Lane Usage Improper,4422394,20.3,9.3,0.7,0.7,0.0,5.0,51,20.9,40.7,318,Drizzle: Light,0,0,
26966,2021-05-31 18:25:00,40.667854,-73.905396,2,0,Driver Inattention/Distraction,4422786,20.3,9.3,0.7,0.7,0.0,5.0,51,20.9,40.7,318,Drizzle: Light,2,2,
26967,2021-05-30 01:47:00,40.591393,-73.907875,2,0,Unsafe Speed,4422828,11.5,8.5,13.7,13.7,0.0,24.0,61,28.1,52.2,22,Rain: Light,2,2,
26968,2021-05-31 09:31:00,40.88118,-73.85273,0,0,Fatigued/Drowsy,4422428,20.3,9.3,0.7,0.7,0.0,5.0,51,20.9,40.7,318,Drizzle: Light,0,0,
26969,2021-05-31 19:30:00,40.660347,-73.767975,0,0,Passing Too Closely,4422667,20.3,9.3,0.7,0.7,0.0,5.0,51,20.9,40.7,318,Drizzle: Light,0,0,
26970,2021-05-31 00:01:00,40.824924,-73.86985,0,0,Unspecified,4422149,20.3,9.3,0.7,0.7,0.0,5.0,51,20.9,40.7,318,Drizzle: Light,0,0,
26971,2021-05-31 16:03:00,40.716133,-73.8185,3,0,Driver Inattention/Distraction,4422483,20.3,9.3,0.7,0.7,0.0,5.0,51,20.9,40.7,318,Drizzle: Light,3,3,
26972,2021-05-31 14:40:00,40.681847,-73.792496,2,0,Failure to Yield Right-of-Way,4422317,20.3,9.3,0.7,0.7,0.0,5.0,51,20.9,40.7,318,Drizzle: Light,2,2,
26973,2021-05-31 21:00:00,40.820553,-73.85283,0,0,Driver Inattention/Distraction,4422493,20.3,9.3,0.7,0.7,0.0,5.0,51,20.9,40.7,318,Drizzle: Light,0,0,
26974,2021-05-31 23:36:00,40.636536,-73.89124,0,0,Driver Inattention/Distraction,4422390,20.3,9.3,0.7,0.7,0.0,5.0,51,20.9,40.7,318,Drizzle: Light,0,0,
26975,2021-05-31 22:40:00,40.749744,-73.884315,0,0,Alcohol Involvement,4422895,20.3,9.3,0.7,0.7,0.0,5.0,51,20.9,40.7,318,Drizzle: Light,0,0,
26976,2021-05-31 19:06:00,40.68594,-73.84686,1,0,Failure to Yield Right-of-Way,4422449,20.3,9.3,0.7,0.7,0.0,5.0,51,20.9,40.7,318,Drizzle: Light,1,1,
26977,2021-10-02 18:37:00,40.601868,-73.98911,0,0,Alcohol Involvement,4463278,23.7,10.8,0.0,0.0,0.0,0.0,3,17.0,34.2,254,Overcast,0,0,
26978,2021-05-31 00:30:00,40.686222,-73.8299,0,0,Backing Unsafely,4421991,20.3,9.3,0.7,0.7,0.0,5.0,51,20.9,40.7,318,Drizzle: Light,0,0,
26979,2021-05-26 14:40:00,40.629616,-73.94248,1,0,Unspecified,4422950,29.5,17.4,0.1,0.1,0.0,1.0,51,23.4,45.7,210,Drizzle: Light,1,1,
26980,2021-05-27 01:18:00,40.83142,-73.92644,1,0,Physical Disability,4422814,27.4,18.3,2.4,2.4,0.0,3.0,61,23.5,42.1,313,Rain: Light,1,1,
26981,2021-05-31 23:10:00,40.70903,-73.78858,0,0,Unsafe Speed,4422633,20.3,9.3,0.7,0.7,0.0,5.0,51,20.9,40.7,318,Drizzle: Light,0,0,
26982,2021-05-31 11:42:00,40.711685,-73.74672,3,0,Unspecified,4422272,20.3,9.3,0.7,0.7,0.0,5.0,51,20.9,40.7,318,Drizzle: Light,3,3,
26983,2021-05-31 12:15:00,40.69297,-73.78024,2,0,Driver Inattention/Distraction,4422278,20.3,9.3,0.7,0.7,0.0,5.0,51,20.9,40.7,318,Drizzle: Light,2,2,
26984,2021-05-31 17:08:00,40.68005,-73.94327,1,0,Following Too Closely,4422550,20.3,9.3,0.7,0.7,0.0,5.0,51,20.9,40.7,318,Drizzle: Light,1,1,
26985,2021-05-31 16:07:00,40.681137,-73.95567,0,0,Following Too Closely,4422946,20.3,9.3,0.7,0.7,0.0,5.0,51,20.9,40.7,318,Drizzle: Light,0,0,
26986,2021-05-31 00:00:00,40.665535,-73.93699,0,0,Other Vehicular,4422328,20.3,9.3,0.7,0.7,0.0,5.0,51,20.9,40.7,318,Drizzle: Light,0,0,
26987,2021-05-31 23:42:00,40.698673,-73.75109,0,0,Passing or Lane Usage Improper,4422592,20.3,9.3,0.7,0.7,0.0,5.0,51,20.9,40.7,318,Drizzle: Light,0,0,
26988,2021-05-26 13:00:00,40.586124,-73.990715,0,0,Traffic Control Disregarded,4422995,29.5,17.4,0.1,0.1,0.0,1.0,51,23.4,45.7,210,Drizzle: Light,0,0,
26989,2021-05-31 08:00:00,40.745907,-73.86964,0,0,Driver Inattention/Distraction,4422750,20.3,9.3,0.7,0.7,0.0,5.0,51,20.9,40.7,318,Drizzle: Light,0,0,
26990,2021-05-18 16:15:00,40.666855,-73.80425,0,0,Following Too Closely,4418023,26.1,11.2,0.0,0.0,0.0,0.0,3,15.5,29.2,262,Overcast,0,0,
26991,2021-05-31 01:07:00,40.55659,-74.15881,0,0,Alcohol Involvement,4422180,20.3,9.3,0.7,0.7,0.0,5.0,51,20.9,40.7,318,Drizzle: Light,0,0,
26992,2021-05-31 13:52:00,40.661606,-73.92066,1,0,Unspecified,4422551,20.3,9.3,0.7,0.7,0.0,5.0,51,20.9,40.7,318,Drizzle: Light,1,1,
26993,2021-05-31 22:45:00,40.723347,-73.939316,0,0,Driver Inattention/Distraction,4422691,20.3,9.3,0.7,0.7,0.0,5.0,51,20.9,40.7,318,Drizzle: Light,0,0,
26994,2021-05-31 19:21:00,40.704494,-73.81743,0,0,Unsafe Lane Changing,4422781,20.3,9.3,0.7,0.7,0.0,5.0,51,20.9,40.7,318,Drizzle: Light,0,0,
26995,2021-05-31 13:15:00,40.658417,-73.76768,0,0,Unspecified,4422197,20.3,9.3,0.7,0.7,0.0,5.0,51,20.9,40.7,318,Drizzle: Light,0,0,
26996,2021-05-31 16:40:00,40.586746,-73.81712,1,0,Failure to Yield Right-of-Way,4422321,20.3,9.3,0.7,0.7,0.0,5.0,51,20.9,40.7,318,Drizzle: Light,1,1,
26997,2021-05-27 18:30:00,40.7232,-73.9525,1,0,Unsafe Lane Changing,4423074,27.4,18.3,2.4,2.4,0.0,3.0,61,23.5,42.1,313,Rain: Light,1,1,
26998,2021-05-31 13:45:00,40.738476,-73.7991,0,0,Tire Failure/Inadequate,4422368,20.3,9.3,0.7,0.7,0.0,5.0,51,20.9,40.7,318,Drizzle: Light,0,0,
26999,2021-05-31 19:20:00,40.68845,-73.87593,2,0,Failure to Yield Right-of-Way,4422467,20.3,9.3,0.7,0.7,0.0,5.0,51,20.9,40.7,318,Drizzle: Light,2,2,
27000,2021-05-30 22:00:00,40.71186,-73.73554,0,0,Failure to Yield Right-of-Way,4423001,11.5,8.5,13.7,13.7,0.0,24.0,61,28.1,52.2,22,Rain: Light,0,0,
27001,2021-05-31 21:30:00,40.682507,-73.86709,0,0,Turning Improperly,4422810,20.3,9.3,0.7,0.7,0.0,5.0,51,20.9,40.7,318,Drizzle: Light,0,0,
27002,2021-05-31 21:30:00,40.587814,-74.155075,0,0,Driver Inattention/Distraction,4422937,20.3,9.3,0.7,0.7,0.0,5.0,51,20.9,40.7,318,Drizzle: Light,0,0,
27003,2021-05-31 11:05:00,40.86357,-73.92602,1,0,Passing Too Closely,4422234,20.3,9.3,0.7,0.7,0.0,5.0,51,20.9,40.7,318,Drizzle: Light,1,1,
27004,2021-05-31 23:09:00,40.648335,-73.905685,1,0,Driver Inattention/Distraction,4422388,20.3,9.3,0.7,0.7,0.0,5.0,51,20.9,40.7,318,Drizzle: Light,1,1,
27005,2021-05-31 03:30:00,40.80684,-73.9275,0,0,Unspecified,4422134,20.3,9.3,0.7,0.7,0.0,5.0,51,20.9,40.7,318,Drizzle: Light,0,0,
27006,2021-05-31 13:30:00,40.752068,-73.83067,0,0,Unspecified,4422352,20.3,9.3,0.7,0.7,0.0,5.0,51,20.9,40.7,318,Drizzle: Light,0,0,
27007,2021-05-31 02:42:00,40.681805,-73.94987,1,0,Traffic Control Disregarded,4422538,20.3,9.3,0.7,0.7,0.0,5.0,51,20.9,40.7,318,Drizzle: Light,1,1,
27008,2021-05-31 17:00:00,40.728733,-73.73717,1,0,Lost Consciousness,4422347,20.3,9.3,0.7,0.7,0.0,5.0,51,20.9,40.7,318,Drizzle: Light,1,1,
27009,2021-05-31 15:00:00,40.736664,-73.887566,0,0,Unspecified,4422753,20.3,9.3,0.7,0.7,0.0,5.0,51,20.9,40.7,318,Drizzle: Light,0,0,
27010,2021-05-31 19:28:00,40.65965,-73.773834,0,0,Following Too Closely,4422410,20.3,9.3,0.7,0.7,0.0,5.0,51,20.9,40.7,318,Drizzle: Light,0,0,
27011,2021-05-31 08:50:00,40.711994,-73.86073,0,0,Passing Too Closely,4422577,20.3,9.3,0.7,0.7,0.0,5.0,51,20.9,40.7,318,Drizzle: Light,0,0,
27012,2021-05-30 12:07:00,40.75022,-73.979065,0,0,Driver Inattention/Distraction,4422771,11.5,8.5,13.7,13.7,0.0,24.0,61,28.1,52.2,22,Rain: Light,0,0,
27013,2021-05-31 01:40:00,40.561447,-74.1265,0,0,Driver Inattention/Distraction,4422657,20.3,9.3,0.7,0.7,0.0,5.0,51,20.9,40.7,318,Drizzle: Light,0,0,
27014,2021-05-31 18:40:00,40.8733,-73.853645,1,0,Driver Inattention/Distraction,4422460,20.3,9.3,0.7,0.7,0.0,5.0,51,20.9,40.7,318,Drizzle: Light,1,1,
27015,2021-05-31 09:36:00,40.826176,-73.93576,1,0,Driver Inattention/Distraction,4422842,20.3,9.3,0.7,0.7,0.0,5.0,51,20.9,40.7,318,Drizzle: Light,1,1,
27016,2021-05-15 17:30:00,40.732254,-73.99636,0,0,Unspecified,4422982,22.4,8.7,0.0,0.0,0.0,0.0,3,12.5,23.8,229,Overcast,0,0,
27017,2021-05-31 00:13:00,40.64885,-73.91559,2,0,Passing or Lane Usage Improper,4422398,20.3,9.3,0.7,0.7,0.0,5.0,51,20.9,40.7,318,Drizzle: Light,2,2,
27018,2021-05-31 20:45:00,40.605286,-73.94085,0,0,Unspecified,4422393,20.3,9.3,0.7,0.7,0.0,5.0,51,20.9,40.7,318,Drizzle: Light,0,0,
27019,2021-05-31 06:40:00,40.759544,-73.883,1,0,Driver Inattention/Distraction,4422060,20.3,9.3,0.7,0.7,0.0,5.0,51,20.9,40.7,318,Drizzle: Light,1,1,
27020,2021-05-29 00:14:00,40.678165,-73.962234,1,0,Failure to Yield Right-of-Way,4422913,11.0,8.5,25.1,25.1,0.0,22.0,63,29.9,56.9,39,Rain: Moderate,1,1,
27021,2021-05-31 11:05:00,40.64685,-74.019264,0,0,Unspecified,4422315,20.3,9.3,0.7,0.7,0.0,5.0,51,20.9,40.7,318,Drizzle: Light,0,0,
27022,2021-05-31 20:30:00,40.666702,-73.92363,0,0,Unspecified,4422433,20.3,9.3,0.7,0.7,0.0,5.0,51,20.9,40.7,318,Drizzle: Light,0,0,
27023,2021-05-27 12:00:00,40.756176,-73.892136,0,0,Following Too Closely,4422977,27.4,18.3,2.4,2.4,0.0,3.0,61,23.5,42.1,313,Rain: Light,0,0,
27024,2021-04-28 07:56:00,40.721428,-73.89069,0,0,Following Too Closely,4422818,26.1,7.9,0.0,0.0,0.0,0.0,3,15.3,34.6,133,Overcast,0,0,
27025,2021-10-02 01:40:00,40.687912,-73.92943,0,0,Other Vehicular,4463574,23.7,10.8,0.0,0.0,0.0,0.0,3,17.0,34.2,254,Overcast,0,0,
27026,2021-05-31 16:55:00,40.83541,-73.88574,0,0,Driver Inattention/Distraction,4422445,20.3,9.3,0.7,0.7,0.0,5.0,51,20.9,40.7,318,Drizzle: Light,0,0,
27027,2021-05-31 16:12:00,40.627274,-73.98081,0,0,Passing Too Closely,4422526,20.3,9.3,0.7,0.7,0.0,5.0,51,20.9,40.7,318,Drizzle: Light,0,0,