,CRASH DATETIME,LATITUDE,LONGITUDE,NUMBER OF PERSONS INJURED,NUMBER OF PERSONS KILLED,CONTRIBUTING FACTOR VEHICLE 1,COLLISION_ID,temperature_2m_max,temperature_2m_min,precipitation_sum,rain_sum,snowfall_sum,precipitation_hours,weather_code,wind_speed_10m_max,wind_gusts_10m_max,wind_direction_10m_dominant,Weather Description,Severity_Score,Total_Affected_Persons,Weather_Category
27028,2021-05-31 02:25:00,40.6441,-74.111984,0,0,Unsafe Speed,4422829,20.3,9.3,0.7,0.7,0.0,5.0,51,20.9,40.7,318,Drizzle: Light,0,0,
27029,2021-05-31 21:45:00,40.70028,-73.941154,1,0,Traffic Control Disregarded,4422418,20.3,9.3,0.7,0.7,0.0,5.0,51,20.9,40.7,318,Drizzle: Light,1,1,
27030,2021-05-31 21:30:00,40.71759,-73.94995,0,0,Unsafe Lane Changing,4422380,20.3,9.3,0.7,0.7,0.0,5.0,51,20.9,40.7,318,Drizzle: Light,0,0,
27031,2021-05-18 08:40:00,40.762657,-73.87326,0,0,Unspecified,4422900,26.1,11.2,0.0,0.0,0.0,0.0,3,15.5,29.2,262,Overcast,0,0,
27032,2021-05-31 18:30:00,40.7561,-73.86251,1,0,Unsafe Speed,4422924,20.3,9.3,0.7,0.7,0.0,5.0,51,20.9,40.7,318,Drizzle: Light,1,1,
27033,2021-05-31 18:00:00,40.64563,-73.88891,0,0,Unspecified,4422562,20.3,9.3,0.7,0.7,0.0,5.0,51,20.9,40.7,318,Drizzle: Light,0,0,
27034,2021-05-24 21:57:00,40.607185,-74.16239,1,0,Unspecified,4422797,18.9,13.7,0.0,0.0,0.0,0.0,3,22.4,44.3,126,Overcast,1,1,
27035,2021-05-31 20:04:00,40.861942,-73.89373,1,0,Driver Inattention/Distraction,4422455,20.3,9.3,0.7,0.7,0.0,5.0,51,20.9,40.7,318,Drizzle: Light,1,1,
27036,2021-05-31 17:19:00,40.61837,-73.95677,0,0,Unspecified,4422484,20.3,9.3,0.7,0.7,0.0,5.0,51,20.9,40.7,318,Drizzle: Light,0,0,
27037,2021-05-30 12:40:00,40.650578,-74.00464,0,0,Unspecified,4422991,11.5,8.5,13.7,13.7,0.0,24.0,61,28.1,52.2,22,Rain: Light,0,0,
27038,2021-05-31 17:35:00,40.60915,-74.14987,0,0,Following Too Closely,4422854,20.3,9.3,0.7,0.7,0.0,5.0,51,20.9,40.7,318,Drizzle: Light,0,0,
27039,2021-05-31 16:56:00,40.858253,-73.88452,1,0,Driver Inattention/Distraction,4422499,20.3,9.3,0.7,0.7,0.0,5.0,51,20.9,40.7,318,Drizzle: Light,1,1,
27040,2021-05-24 10:30:00,40.668385,-73.74736,1,0,Driver Inattention/Distraction,4422872,18.9,13.7,0.0,0.0,0.0,0.0,3,22.4,44.3,126,Overcast,1,1,
27041,2021-05-31 01:33:00,40.6299,-74.025,0,0,Passing or Lane Usage Improper,4422008,20.3,9.3,0.7,0.7,0.0,5.0,51,20.9,40.7,318,Drizzle: Light,0,0,
27042,2021-05-31 15:11:00,40.704525,-73.928406,1,0,Aggressive Driving/Road Rage,4422960,20.3,9.3,0.7,0.7,0.0,5.0,51,20.9,40.7,318,Drizzle: Light,1,1,
27043,2021-05-01 09:24:00,40.75233,-73.86264,0,0,Unspecified,4422901,17.3,5.0,0.0,0.0,0.0,0.0,3,31.7,63.4,302,Overcast,0,0,
27044,2021-05-31 17:21:00,40.86268,-73.90905,0,0,Unspecified,4422397,20.3,9.3,0.7,0.7,0.0,5.0,51,20.9,40.7,318,Drizzle: Light,0,0,
27045,2021-05-31 15:00:00,40.56116,-74.13188,1,0,Unspecified,4422636,20.3,9.3,0.7,0.7,0.0,5.0,51,20.9,40.7,318,Drizzle: Light,1,1,
27046,2021-05-31 04:58:00,40.665245,-73.80204,0,0,Unspecified,4422281,20.3,9.3,0.7,0.7,0.0,5.0,51,20.9,40.7,318,Drizzle: Light,0,0,
27047,2021-05-31 23:00:00,40.674088,-73.79837,1,0,Unspecified,4422595,20.3,9.3,0.7,0.7,0.0,5.0,51,20.9,40.7,318,Drizzle: Light,1,1,
27048,2021-05-12 12:51:00,40.74917,-73.88977,0,0,Driver Inattention/Distraction,4422930,17.9,5.8,0.0,0.0,0.0,0.0,2,20.0,41.0,317,Partly cloudy,0,0,
27049,2021-03-29 11:30:00,40.699966,-73.90749,0,0,Following Too Closely,4422819,11.4,4.3,0.1,0.1,0.0,1.0,51,35.4,67.7,292,Drizzle: Light,0,0,
27050,2021-05-31 18:08:00,40.673275,-73.86853,1,0,Traffic Control Disregarded,4422459,20.3,9.3,0.7,0.7,0.0,5.0,51,20.9,40.7,318,Drizzle: Light,1,1,
27051,2021-05-31 12:00:00,40.808006,-73.91434,1,0,Driver Inattention/Distraction,4422476,20.3,9.3,0.7,0.7,0.0,5.0,51,20.9,40.7,318,Drizzle: Light,1,1,
27052,2021-05-26 14:17:00,40.611404,-74.176285,0,0,Driver Inattention/Distraction,4422787,29.5,17.4,0.1,0.1,0.0,1.0,51,23.4,45.7,210,Drizzle: Light,0,0,
27053,2021-05-31 08:35:00,40.768482,-73.98208,0,0,Driver Inattention/Distraction,4422541,20.3,9.3,0.7,0.7,0.0,5.0,51,20.9,40.7,318,Drizzle: Light,0,0,
27054,2021-05-31 16:11:00,40.631344,-73.89352,1,0,Unspecified,4422339,20.3,9.3,0.7,0.7,0.0,5.0,51,20.9,40.7,318,Drizzle: Light,1,1,
27055,2021-05-31 23:11:00,40.712837,-73.7465,1,0,Driver Inattention/Distraction,4422376,20.3,9.3,0.7,0.7,0.0,5.0,51,20.9,40.7,318,Drizzle: Light,1,1,
27056,2021-05-31 08:45:00,40.834423,-73.879265,0,0,Unspecified,4422189,20.3,9.3,0.7,0.7,0.0,5.0,51,20.9,40.7,318,Drizzle: Light,0,0,
27057,2021-05-27 15:00:00,40.81821,-73.96144,0,0,Other Vehicular,4423004,27.4,18.3,2.4,2.4,0.0,3.0,61,23.5,42.1,313,Rain: Light,0,0,
27058,2021-05-31 17:10:00,40.639915,-73.92717,1,0,Unspecified,4422553,20.3,9.3,0.7,0.7,0.0,5.0,51,20.9,40.7,318,Drizzle: Light,1,1,
27059,2021-05-31 18:16:00,40.668762,-73.76417,0,0,Unsafe Speed,4422427,20.3,9.3,0.7,0.7,0.0,5.0,51,20.9,40.7,318,Drizzle: Light,0,0,
27060,2021-05-18 11:30:00,40.689228,-73.957,0,0,Driver Inattention/Distraction,4422945,26.1,11.2,0.0,0.0,0.0,0.0,3,15.5,29.2,262,Overcast,0,0,
27061,2021-05-31 02:05:00,40.780502,-73.825905,0,0,Tire Failure/Inadequate,4422348,20.3,9.3,0.7,0.7,0.0,5.0,51,20.9,40.7,318,Drizzle: Light,0,0,
27062,2021-05-31 23:00:00,40.707153,-73.93149,0,0,Driver Inattention/Distraction,4422381,20.3,9.3,0.7,0.7,0.0,5.0,51,20.9,40.7,318,Drizzle: Light,0,0,
27063,2021-05-31 00:00:00,40.85037,-73.89521,0,0,Driver Inattention/Distraction,4422798,20.3,9.3,0.7,0.7,0.0,5.0,51,20.9,40.7,318,Drizzle: Light,0,0,
27064,2021-05-31 11:30:00,40.835396,-73.92031,0,0,Unspecified,4422701,20.3,9.3,0.7,0.7,0.0,5.0,51,20.9,40.7,318,Drizzle: Light,0,0,
27065,2021-05-19 14:50:00,40.724823,-73.980644,0,0,Driver Inattention/Distraction,4422764,28.2,13.6,0.0,0.0,0.0,0.0,3,19.6,40.3,337,Overcast,0,0,
27066,2021-05-31 09:45:00,40.616035,-74.16385,0,0,Driver Inexperience,4422177,20.3,9.3,0.7,0.7,0.0,5.0,51,20.9,40.7,318,Drizzle: Light,0,0,
27067,2021-05-31 09:16:00,40.63669,-73.96452,0,0,Unspecified,4422481,20.3,9.3,0.7,0.7,0.0,5.0,51,20.9,40.7,318,Drizzle: Light,0,0,
27068,2021-05-31 11:00:00,40.828827,-73.86279,0,0,Unspecified,4422271,20.3,9.3,0.7,0.7,0.0,5.0,51,20.9,40.7,318,Drizzle: Light,0,0,
27069,2021-05-31 21:30:00,40.644432,-73.9296,1,0,Unspecified,4422561,20.3,9.3,0.7,0.7,0.0,5.0,51,20.9,40.7,318,Drizzle: Light,1,1,
27070,2021-05-31 00:05:00,40.67951,-73.81784,1,0,Traffic Control Disregarded,4422129,20.3,9.3,0.7,0.7,0.0,5.0,51,20.9,40.7,318,Drizzle: Light,1,1,
27071,2021-05-31 20:45:00,40.645443,-73.89493,0,0,Unspecified,4422389,20.3,9.3,0.7,0.7,0.0,5.0,51,20.9,40.7,318,Drizzle: Light,0,0,
27072,2021-05-31 16:00:00,40.74198,-73.94643,0,0,Driver Inattention/Distraction,4422679,20.3,9.3,0.7,0.7,0.0,5.0,51,20.9,40.7,318,Drizzle: Light,0,0,
27073,2021-05-31 14:06:00,40.72565,-73.93205,1,0,Passing or Lane Usage Improper,4422533,20.3,9.3,0.7,0.7,0.0,5.0,51,20.9,40.7,318,Drizzle: Light,1,1,
27074,2021-05-31 14:20:00,40.710175,-73.84907,0,0,Passing or Lane Usage Improper,4422319,20.3,9.3,0.7,0.7,0.0,5.0,51,20.9,40.7,318,Drizzle: Light,0,0,
27075,2021-05-27 15:37:00,40.90316,-73.84599,0,0,Unspecified,4422922,27.4,18.3,2.4,2.4,0.0,3.0,61,23.5,42.1,313,Rain: Light,0,0,
27076,2021-05-31 18:15:00,40.681995,-74.002625,1,0,Unspecified,4422878,20.3,9.3,0.7,0.7,0.0,5.0,51,20.9,40.7,318,Drizzle: Light,1,1,
27077,2021-05-31 22:40:00,40.899246,-73.84609,6,0,Driver Inattention/Distraction,4422434,20.3,9.3,0.7,0.7,0.0,5.0,51,20.9,40.7,318,Drizzle: Light,6,6,
27078,2021-05-31 14:25:00,40.819977,-73.93724,0,0,Driver Inattention/Distraction,4422411,20.3,9.3,0.7,0.7,0.0,5.0,51,20.9,40.7,318,Drizzle: Light,0,0,
27079,2021-05-25 10:00:00,40.668903,-73.89834,0,0,Unspecified,4422808,21.9,13.0,0.0,0.0,0.0,0.0,3,24.3,47.9,182,Overcast,0,0,
27080,2021-05-11 15:45:00,40.822933,-73.93813,0,0,Unspecified,4422839,16.7,8.2,0.0,0.0,0.0,0.0,3,27.0,51.1,292,Overcast,0,0,
27081,2021-05-31 21:53:00,40.855385,-73.9181,0,0,Following Too Closely,4422446,20.3,9.3,0.7,0.7,0.0,5.0,51,20.9,40.7,318,Drizzle: Light,0,0,
27082,2021-05-31 15:42:00,40.674683,-73.7634,0,0,Passing or Lane Usage Improper,4422316,20.3,9.3,0.7,0.7,0.0,5.0,51,20.9,40.7,318,Drizzle: Light,0,0,
27083,2021-05-31 13:00:00,40.741936,-73.95381,0,0,Driver Inattention/Distraction,4422231,20.3,9.3,0.7,0.7,0.0,5.0,51,20.9,40.7,318,Drizzle: Light,0,0,
27084,2021-05-20 15:43:00,40.749527,-73.97361,0,0,Passing Too Closely,4422936,22.2,12.5,0.0,0.0,0.0,0.0,3,19.0,38.2,147,Overcast,0,0,
27085,2021-05-31 18:05:00,40.755566,-73.96494,1,0,Driver Inattention/Distraction,4422576,20.3,9.3,0.7,0.7,0.0,5.0,51,20.9,40.7,318,Drizzle: Light,1,1,
27086,2021-05-30 14:30:00,40.89278,-73.855484,0,0,Driver Inattention/Distraction,4422769,11.5,8.5,13.7,13.7,0.0,24.0,61,28.1,52.2,22,Rain: Light,0,0,
27087,2021-05-31 14:21:00,40.757114,-73.82999,1,0,Unspecified,4422353,20.3,9.3,0.7,0.7,0.0,5.0,51,20.9,40.7,318,Drizzle: Light,1,1,
27088,2021-05-31 08:09:00,40.701706,-73.99144,0,0,Driver Inattention/Distraction,4422656,20.3,9.3,0.7,0.7,0.0,5.0,51,20.9,40.7,318,Drizzle: Light,0,0,
27089,2021-05-31 01:32:00,40.69376,-73.89905,0,0,Unspecified,4422523,20.3,9.3,0.7,0.7,0.0,5.0,51,20.9,40.7,318,Drizzle: Light,0,0,
27090,2021-05-31 05:40:00,40.80451,-73.96352,0,0,Other Vehicular,4422225,20.3,9.3,0.7,0.7,0.0,5.0,51,20.9,40.7,318,Drizzle: Light,0,0,
27091,2021-05-31 01:00:00,40.740017,-73.84565,0,0,Obstruction/Debris,4422079,20.3,9.3,0.7,0.7,0.0,5.0,51,20.9,40.7,318,Drizzle: Light,0,0,
27092,2021-05-31 19:37:00,40.590084,-73.95476,0,0,Failure to Yield Right-of-Way,4422392,20.3,9.3,0.7,0.7,0.0,5.0,51,20.9,40.7,318,Drizzle: Light,0,0,
27093,2021-05-28 10:28:00,40.777897,-73.95389,0,0,Driver Inattention/Distraction,4423104,19.4,10.6,25.0,25.0,0.0,8.0,63,25.6,47.9,62,Rain: Moderate,0,0,
27094,2021-05-31 21:40:00,40.667385,-73.88709,0,0,Traffic Control Disregarded,4422468,20.3,9.3,0.7,0.7,0.0,5.0,51,20.9,40.7,318,Drizzle: Light,0,0,
27095,2021-05-31 09:11:00,40.72924,-73.8152,0,0,Unspecified,4422367,20.3,9.3,0.7,0.7,0.0,5.0,51,20.9,40.7,318,Drizzle: Light,0,0,
27096,2021-05-27 11:50:00,40.577366,-74.11145,0,0,Driver Inattention/Distraction,4422890,27.4,18.3,2.4,2.4,0.0,3.0,61,23.5,42.1,313,Rain: Light,0,0,
27097,2021-05-29 23:35:00,40.675663,-73.9277,1,0,Driver Inattention/Distraction,4422914,11.0,8.5,25.1,25.1,0.0,22.0,63,29.9,56.9,39,Rain: Moderate,1,1,
27098,2021-05-23 14:00:00,40.716347,-73.90119,0,0,Unspecified,4422817,31.4,19.8,0.0,0.0,0.0,0.0,3,28.5,54.4,322,Overcast,0,0,
27099,2021-05-30 11:16:00,40.75993,-73.89846,1,0,Driver Inattention/Distraction,4422979,11.5,8.5,13.7,13.7,0.0,24.0,61,28.1,52.2,22,Rain: Light,1,1,
27100,2021-05-31 20:46:00,40.86166,-73.910965,0,0,Alcohol Involvement,4422399,20.3,9.3,0.7,0.7,0.0,5.0,51,20.9,40.7,318,Drizzle: Light,0,0,
27101,2021-05-27 17:15:00,40.642773,-74.11403,0,0,Outside Car Distraction,4422830,27.4,18.3,2.4,2.4,0.0,3.0,61,23.5,42.1,313,Rain: Light,0,0,
27102,2021-05-20 17:45:00,40.8284,-73.9453,0,0,Driver Inexperience,4423081,22.2,12.5,0.0,0.0,0.0,0.0,3,19.0,38.2,147,Overcast,0,0,
27103,2021-05-31 19:54:00,40.64667,-73.92015,1,0,Driver Inattention/Distraction,4422554,20.3,9.3,0.7,0.7,0.0,5.0,51,20.9,40.7,318,Drizzle: Light,1,1,
27104,2021-05-31 13:43:00,40.700478,-73.92534,1,0,Pedestrian/Bicyclist/Other Pedestrian Error/Confusion,4422297,20.3,9.3,0.7,0.7,0.0,5.0,51,20.9,40.7,318,Drizzle: Light,1,1,
27105,2021-05-31 18:23:00,40.64665,-74.014404,0,0,Unspecified,4422642,20.3,9.3,0.7,0.7,0.0,5.0,51,20.9,40.7,318,Drizzle: Light,0,0,
27106,2021-05-30 07:26:00,40.693733,-73.95597,0,0,Turning Improperly,4422940,11.5,8.5,13.7,13.7,0.0,24.0,61,28.1,52.2,22,Rain: Light,0,0,
27107,2021-05-31 00:38:00,40.648567,-73.91781,1,0,Driver Inattention/Distraction,4422547,20.3,9.3,0.7,0.7,0.0,5.0,51,20.9,40.7,318,Drizzle: Light,1,1,
27108,2021-05-31 07:21:00,40.82518,-73.89757,0,0,Steering Failure,4422269,20.3,9.3,0.7,0.7,0.0,5.0,51,20.9,40.7,318,Drizzle: Light,0,0,
27109,2021-05-31 14:30:00,40.761047,-73.83518,1,0,Unsafe Speed,4422349,20.3,9.3,0.7,0.7,0.0,5.0,51,20.9,40.7,318,Drizzle: Light,1,1,
27110,2021-05-29 22:50:00,40.722233,-73.81079,0,0,Unspecified,4422777,11.0,8.5,25.1,25.1,0.0,22.0,63,29.9,56.9,39,Rain: Moderate,0,0,
27111,2021-05-31 00:00:00,40.666008,-73.789536,0,0,Unspecified,4422766,20.3,9.3,0.7,0.7,0.0,5.0,51,20.9,40.7,318,Drizzle: Light,0,0,
27112,2021-05-31 12:50:00,40.648464,-74.00683,1,0,Driver Inattention/Distraction,4422193,20.3,9.3,0.7,0.7,0.0,5.0,51,20.9,40.7,318,Drizzle: Light,1,1,
27113,2021-05-27 16:35:00,40.677208,-73.89723,0,0,Driver Inattention/Distraction,4422981,27.4,18.3,2.4,2.4,0.0,3.0,61,23.5,42.1,313,Rain: Light,0,0,
27114,2021-05-09 15:20:00,40.7005,-73.90116,0,0,Driver Inattention/Distraction,4422820,16.7,5.8,8.6,8.6,0.0,8.0,61,18.9,38.9,250,Rain: Light,0,0,
27115,2021-05-31 22:30:00,40.855385,-73.9181,2,0,Following Too Closely,4422453,20.3,9.3,0.7,0.7,0.0,5.0,51,20.9,40.7,318,Drizzle: Light,2,2,
27116,2021-05-12 14:00:00,40.76294,-73.86067,2,0,Driver Inattention/Distraction,4422899,17.9,5.8,0.0,0.0,0.0,0.0,2,20.0,41.0,317,Partly cloudy,2,2,
27117,2021-05-29 17:30:00,40.677025,-73.95268,1,0,Driver Inattention/Distraction,4422909,11.0,8.5,25.1,25.1,0.0,22.0,63,29.9,56.9,39,Rain: Moderate,1,1,
27118,2021-05-31 13:50:00,40.86261,-73.82679,0,0,Brakes Defective,4422512,20.3,9.3,0.7,0.7,0.0,5.0,51,20.9,40.7,318,Drizzle: Light,0,0,
27119,2021-05-26 19:39:00,40.866333,-73.92501,2,0,Turning Improperly,4422967,29.5,17.4,0.1,0.1,0.0,1.0,51,23.4,45.7,210,Drizzle: Light,2,2,
27120,2021-05-31 15:46:00,40.863705,-73.87207,1,0,Following Too Closely,4422396,20.3,9.3,0.7,0.7,0.0,5.0,51,20.9,40.7,318,Drizzle: Light,1,1,
27121,2021-10-02 10:40:00,40.680016,-73.87743,1,0,Unspecified,4463738,23.7,10.8,0.0,0.0,0.0,0.0,3,17.0,34.2,254,Overcast,1,1,
27122,2021-05-31 15:45:00,40.6586,-74.00339,0,0,Backing Unsafely,4423010,20.3,9.3,0.7,0.7,0.0,5.0,51,20.9,40.7,318,Drizzle: Light,0,0,
27123,2021-05-31 20:19:00,40.636272,-73.9513,2,0,Turning Improperly,4422485,20.3,9.3,0.7,0.7,0.0,5.0,51,20.9,40.7,318,Drizzle: Light,2,2,
27124,2021-05-31 16:45:00,40.67708,-73.79318,5,0,Unspecified,4422336,20.3,9.3,0.7,0.7,0.0,5.0,51,20.9,40.7,318,Drizzle: Light,5,5,
27125,2021-05-31 03:45:00,40.633583,-74.00797,0,0,Unspecified,4422170,20.3,9.3,0.7,0.7,0.0,5.0,51,20.9,40.7,318,Drizzle: Light,0,0,
27126,2021-05-31 10:25:00,40.849907,-73.85225,0,0,Other Vehicular,4422615,20.3,9.3,0.7,0.7,0.0,5.0,51,20.9,40.7,318,Drizzle: Light,0,0,
27127,2021-05-28 09:00:00,40.844204,-73.89742,0,0,Turning Improperly,4422800,19.4,10.6,25.0,25.0,0.0,8.0,63,25.6,47.9,62,Rain: Moderate,0,0,
27128,2021-05-31 21:00:00,40.68821,-73.96583,1,0,Failure to Yield Right-of-Way,4422383,20.3,9.3,0.7,0.7,0.0,5.0,51,20.9,40.7,318,Drizzle: Light,1,1,
27129,2021-05-31 19:30:00,40.665474,-73.74751,0,0,Driver Inattention/Distraction,4422375,20.3,9.3,0.7,0.7,0.0,5.0,51,20.9,40.7,318,Drizzle: Light,0,0,
27130,2021-05-31 23:00:00,40.811787,-73.90465,0,0,Unspecified,4422709,20.3,9.3,0.7,0.7,0.0,5.0,51,20.9,40.7,318,Drizzle: Light,0,0,
27131,2021-05-31 18:30:00,40.681503,-73.904106,1,0,Driver Inattention/Distraction,4422988,20.3,9.3,0.7,0.7,0.0,5.0,51,20.9,40.7,318,Drizzle: Light,1,1,
27132,2021-05-31 20:45:00,40.669895,-73.909386,1,0,,4422415,20.3,9.3,0.7,0.7,0.0,5.0,51,20.9,40.7,318,Drizzle: Light,1,1,
27133,2021-05-31 17:00:00,40.67816,-73.897484,0,0,Driver Inattention/Distraction,4422458,20.3,9.3,0.7,0.7,0.0,5.0,51,20.9,40.7,318,Drizzle: Light,0,0,
27134,2021-05-26 15:23:00,40.75173,-73.88183,1,0,Unspecified,4422929,29.5,17.4,0.1,0.1,0.0,1.0,51,23.4,45.7,210,Drizzle: Light,1,1,
27135,2021-05-19 20:49:00,40.702454,-73.859406,1,0,Driver Inattention/Distraction,4422873,28.2,13.6,0.0,0.0,0.0,0.0,3,19.6,40.3,337,Overcast,1,1,
27136,2021-05-31 14:20:00,40.60097,-73.98762,0,0,Following Too Closely,4422475,20.3,9.3,0.7,0.7,0.0,5.0,51,20.9,40.7,318,Drizzle: Light,0,0,
27137,2021-05-31 18:00:00,40.697575,-73.984055,0,0,Failure to Yield Right-of-Way,4422401,20.3,9.3,0.7,0.7,0.0,5.0,51,20.9,40.7,318,Drizzle: Light,0,0,
27138,2021-05-31 11:07:00,40.62735,-74.078705,0,0,Driver Inattention/Distraction,4422832,20.3,9.3,0.7,0.7,0.0,5.0,51,20.9,40.7,318,Drizzle: Light,0,0,
27139,2021-05-31 23:00:00,40.6271,-74.12514,0,0,Unspecified,4422852,20.3,9.3,0.7,0.7,0.0,5.0,51,20.9,40.7,318,Drizzle: Light,0,0,
27140,2021-05-28 16:35:00,40.723625,-74.00479,1,0,Driver Inattention/Distraction,4422879,19.4,10.6,25.0,25.0,0.0,8.0,63,25.6,47.9,62,Rain: Moderate,1,1,
27141,2021-05-31 14:45:00,40.886448,-73.84577,0,0,Unspecified,4422439,20.3,9.3,0.7,0.7,0.0,5.0,51,20.9,40.7,318,Drizzle: Light,0,0,
27142,2021-10-02 15:00:00,40.67948,-73.75741,1,0,Following Too Closely,4463657,23.7,10.8,0.0,0.0,0.0,0.0,3,17.0,34.2,254,Overcast,1,1,
27143,2021-10-02 21:19:00,40.831944,-73.91987,0,0,Driver Inattention/Distraction,4463355,23.7,10.8,0.0,0.0,0.0,0.0,3,17.0,34.2,254,Overcast,0,0,
27144,2021-09-18 00:00:00,40.897144,-73.88029,1,0,Unspecified,4464016,27.1,19.2,0.2,0.2,0.0,2.0,51,14.6,25.9,349,Drizzle: Light,1,1,
27145,2021-10-02 19:40:00,40.741642,-73.997444,0,0,Driver Inattention/Distraction,4463270,23.7,10.8,0.0,0.0,0.0,0.0,3,17.0,34.2,254,Overcast,0,0,
27146,2021-10-01 08:20:00,40.68951,-73.827545,0,0,Backing Unsafely,4463930,19.4,9.5,0.0,0.0,0.0,0.0,0,13.8,28.1,302,Clear sky,0,0,Sunny/Clear Conditions
27147,2022-03-25 08:00:00,40.74777,-74.000404,0,0,Passing or Lane Usage Improper,4515710,15.6,5.3,5.7,5.7,0.0,4.0,63,27.6,52.2,274,Rain: Moderate,0,0,
27148,2021-10-02 03:30:00,40.76161,-73.97076,2,0,Driver Inattention/Distraction,4463082,23.7,10.8,0.0,0.0,0.0,0.0,3,17.0,34.2,254,Overcast,2,2,
27149,2021-09-29 14:40:00,40.642292,-73.90449,0,0,Failure to Yield Right-of-Way,4463966,19.9,11.3,0.0,0.0,0.0,0.0,3,20.6,41.8,331,Overcast,0,0,
27150,2021-09-30 21:05:00,40.7522,-73.99348,1,0,Turning Improperly,4464100,18.8,13.1,0.0,0.0,0.0,0.0,3,18.1,37.4,330,Overcast,1,1,
27151,2021-10-02 16:41:00,40.759293,-73.92646,1,0,Passing or Lane Usage Improper,4463194,23.7,10.8,0.0,0.0,0.0,0.0,3,17.0,34.2,254,Overcast,1,1,
27152,2021-10-02 16:09:00,40.718094,-74.001335,0,0,Following Too Closely,4463306,23.7,10.8,0.0,0.0,0.0,0.0,3,17.0,34.2,254,Overcast,0,0,
27153,2021-10-02 20:18:00,40.64485,-73.911125,1,0,Driver Inattention/Distraction,4464070,23.7,10.8,0.0,0.0,0.0,0.0,3,17.0,34.2,254,Overcast,1,1,
27154,2021-09-29 11:05:00,40.641186,-73.91956,0,0,Outside Car Distraction,4464009,19.9,11.3,0.0,0.0,0.0,0.0,3,20.6,41.8,331,Overcast,0,0,
27155,2021-10-02 20:45:00,40.81404,-73.9367,2,0,Driver Inattention/Distraction,4463845,23.7,10.8,0.0,0.0,0.0,0.0,3,17.0,34.2,254,Overcast,2,2,
27156,2021-10-02 09:00:00,40.8283,-73.92447,0,0,Unspecified,4463329,23.7,10.8,0.0,0.0,0.0,0.0,3,17.0,34.2,254,Overcast,0,0,
27157,2021-10-01 19:20:00,40.6041,-74.06908,0,0,Unsafe Lane Changing,4464108,19.4,9.5,0.0,0.0,0.0,0.0,0,13.8,28.1,302,Clear sky,0,0,Sunny/Clear Conditions
27158,2021-09-27 12:38:00,40.6874614,-73.9064878,0,0,Failure to Yield Right-of-Way,4464159,25.9,14.6,0.0,0.0,0.0,0.0,3,24.1,45.0,233,Overcast,0,0,
27159,2021-10-02 11:40:00,40.74669,-73.992096,0,0,Unspecified,4463482,23.7,10.8,0.0,0.0,0.0,0.0,3,17.0,34.2,254,Overcast,0,0,
27160,2021-10-02 23:58:00,40.729527,-73.7444,0,0,Driver Inattention/Distraction,4463285,23.7,10.8,0.0,0.0,0.0,0.0,3,17.0,34.2,254,Overcast,0,0,
27161,2021-10-02 17:05:00,40.673992,-73.73508,0,0,Unspecified,4463244,23.7,10.8,0.0,0.0,0.0,0.0,3,17.0,34.2,254,Overcast,0,0,
27162,2021-09-27 04:45:00,40.85586,-73.89462,2,0,Traffic Control Disregarded,4463956,25.9,14.6,0.0,0.0,0.0,0.0,3,24.1,45.0,233,Overcast,2,2,
27163,2021-10-02 03:00:00,40.606686,-73.75015,0,0,Unspecified,4463977,23.7,10.8,0.0,0.0,0.0,0.0,3,17.0,34.2,254,Overcast,0,0,
27164,2021-10-02 13:06:00,40.701527,-73.98957,1,0,Following Too Closely,4463543,23.7,10.8,0.0,0.0,0.0,0.0,3,17.0,34.2,254,Overcast,1,1,
27165,2021-10-02 20:15:00,40.672314,-73.8036,1,0,Failure to Yield Right-of-Way,4463790,23.7,10.8,0.0,0.0,0.0,0.0,3,17.0,34.2,254,Overcast,1,1,
27166,2021-10-02 20:03:00,40.651424,-74.00742,1,0,Driver Inattention/Distraction,4463339,23.7,10.8,0.0,0.0,0.0,0.0,3,17.0,34.2,254,Overcast,1,1,
27167,2021-10-02 09:20:00,40.642006,-73.9646,0,0,Driver Inattention/Distraction,4463416,23.7,10.8,0.0,0.0,0.0,0.0,3,17.0,34.2,254,Overcast,0,0,
27168,2021-10-02 01:00:00,40.60545,-74.092636,0,0,Passing or Lane Usage Improper,4464020,23.7,10.8,0.0,0.0,0.0,0.0,3,17.0,34.2,254,Overcast,0,0,
27169,2021-10-02 03:09:00,40.62015,-74.02301,0,0,Driver Inattention/Distraction,4463907,23.7,10.8,0.0,0.0,0.0,0.0,3,17.0,34.2,254,Overcast,0,0,
27170,2021-10-01 15:30:00,40.884842,-73.91348,0,0,Unspecified,4464073,19.4,9.5,0.0,0.0,0.0,0.0,0,13.8,28.1,302,Clear sky,0,0,Sunny/Clear Conditions
27171,2022-03-27 13:40:00,40.753487,-73.93795,0,0,Driver Inattention/Distraction,4515924,7.5,-1.1,0.3,0.3,0.07,3.0,71,26.4,47.5,288,Snow fall: Light,0,0,Snowy Conditions
27172,2021-09-30 07:35:00,40.68772,-73.79988,1,0,Aggressive Driving/Road Rage,4464055,18.8,13.1,0.0,0.0,0.0,0.0,3,18.1,37.4,330,Overcast,1,1,
27173,2021-09-28 10:45:00,40.72339,-73.95628,0,0,Turning Improperly,4463922,22.1,16.3,12.4,12.4,0.0,9.0,63,19.2,38.5,264,Rain: Moderate,0,0,