,CRASH DATETIME,LATITUDE,LONGITUDE,NUMBER OF PERSONS INJURED,NUMBER OF PERSONS KILLED,CONTRIBUTING FACTOR VEHICLE 1,COLLISION_ID,temperature_2m_max,temperature_2m_min,precipitation_sum,rain_sum,snowfall_sum,precipitation_hours,weather_code,wind_speed_10m_max,wind_gusts_10m_max,wind_direction_10m_dominant,Weather Description,Severity_Score,Total_Affected_Persons,Weather_Category
27174,2021-09-25 07:30:00,40.851723,-73.89165,0,0,Passing or Lane Usage Improper,4464002,22.8,14.0,0.0,0.0,0.0,0.0,3,7.9,15.8,322,Overcast,0,0,
27175,2021-09-08 08:30:00,40.691864,-73.83579,1,0,Driver Inattention/Distraction,4463957,26.4,19.6,0.7,0.7,0.0,6.0,51,26.7,55.8,187,Drizzle: Light,1,1,
27176,2021-10-02 19:05:00,40.73722,-73.9814,0,0,Passing Too Closely,4463269,23.7,10.8,0.0,0.0,0.0,0.0,3,17.0,34.2,254,Overcast,0,0,
27177,2021-10-02 06:55:00,40.818798,-73.89213,1,0,Reaction to Uninvolved Vehicle,4463620,23.7,10.8,0.0,0.0,0.0,0.0,3,17.0,34.2,254,Overcast,1,1,
27178,2021-10-02 06:30:00,40.604218,-74.14058,0,0,Driver Inattention/Distraction,4463188,23.7,10.8,0.0,0.0,0.0,0.0,3,17.0,34.2,254,Overcast,0,0,
27179,2021-10-02 18:50:00,40.65416,-73.92483,1,0,Unspecified,4463587,23.7,10.8,0.0,0.0,0.0,0.0,3,17.0,34.2,254,Overcast,1,1,
27180,2021-10-02 13:22:00,40.605064,-73.74954,0,0,Unspecified,4463981,23.7,10.8,0.0,0.0,0.0,0.0,3,17.0,34.2,254,Overcast,0,0,
27181,2021-10-02 11:33:00,40.789124,-73.94294,0,0,Unspecified,4463352,23.7,10.8,0.0,0.0,0.0,0.0,3,17.0,34.2,254,Overcast,0,0,
27182,2021-10-01 07:09:00,40.75914,-73.968346,0,0,Other Vehicular,4464153,19.4,9.5,0.0,0.0,0.0,0.0,0,13.8,28.1,302,Clear sky,0,0,Sunny/Clear Conditions
27183,2021-10-02 08:20:00,40.7317,-73.87188,1,0,Following Too Closely,4463387,23.7,10.8,0.0,0.0,0.0,0.0,3,17.0,34.2,254,Overcast,1,1,
27184,2021-10-02 07:45:00,40.678402,-73.80769,0,0,Driver Inattention/Distraction,4463772,23.7,10.8,0.0,0.0,0.0,0.0,3,17.0,34.2,254,Overcast,0,0,
27185,2021-10-02 16:00:00,40.88713,-73.863594,0,0,Unsafe Speed,4463510,23.7,10.8,0.0,0.0,0.0,0.0,3,17.0,34.2,254,Overcast,0,0,
27186,2021-10-02 17:45:00,40.72225,-74.00592,0,0,Following Too Closely,4463215,23.7,10.8,0.0,0.0,0.0,0.0,3,17.0,34.2,254,Overcast,0,0,
27187,2022-04-01 20:55:00,0.0,0.0,0,0,Driver Inattention/Distraction,4515597,15.2,5.3,1.4,1.4,0.0,8.0,51,33.1,61.9,277,Drizzle: Light,0,0,
27188,2021-09-25 07:29:00,40.83859,-73.85188,0,0,Unspecified,4464046,22.8,14.0,0.0,0.0,0.0,0.0,3,7.9,15.8,322,Overcast,0,0,
27189,2021-10-02 00:33:00,40.868015,-73.89997,0,0,Turning Improperly,4463130,23.7,10.8,0.0,0.0,0.0,0.0,3,17.0,34.2,254,Overcast,0,0,
27190,2021-10-02 14:25:00,40.72924,-73.8152,0,0,Failure to Yield Right-of-Way,4463298,23.7,10.8,0.0,0.0,0.0,0.0,3,17.0,34.2,254,Overcast,0,0,
27191,2021-10-02 20:17:00,40.86848,-73.918564,0,0,Following Too Closely,4464122,23.7,10.8,0.0,0.0,0.0,0.0,3,17.0,34.2,254,Overcast,0,0,
27192,2021-10-01 21:09:00,40.828278,-73.907036,1,0,Unspecified,4463995,19.4,9.5,0.0,0.0,0.0,0.0,0,13.8,28.1,302,Clear sky,1,1,Sunny/Clear Conditions
27193,2021-08-07 16:30:00,40.678757,-73.95869,0,0,Unspecified,4464080,29.7,19.9,0.0,0.0,0.0,0.0,3,24.2,45.0,198,Overcast,0,0,
27194,2021-10-02 14:00:00,40.657784,-73.77032,0,0,Unsafe Lane Changing,4463217,23.7,10.8,0.0,0.0,0.0,0.0,3,17.0,34.2,254,Overcast,0,0,
27195,2021-10-02 11:50:00,40.826088,-73.86121,1,0,Fatigued/Drowsy,4463247,23.7,10.8,0.0,0.0,0.0,0.0,3,17.0,34.2,254,Overcast,1,1,
27196,2021-10-02 22:09:00,40.66696,-73.89262,0,0,Unspecified,4463791,23.7,10.8,0.0,0.0,0.0,0.0,3,17.0,34.2,254,Overcast,0,0,
27197,2021-10-02 13:29:00,40.5956,-73.94098,0,0,Unspecified,4463681,23.7,10.8,0.0,0.0,0.0,0.0,3,17.0,34.2,254,Overcast,0,0,
27198,2021-10-02 16:19:00,40.66004,-73.91509,1,0,Unspecified,4463702,23.7,10.8,0.0,0.0,0.0,0.0,3,17.0,34.2,254,Overcast,1,1,
27199,2021-10-02 18:10:00,40.69889,-73.91753,0,0,Driver Inattention/Distraction,4464133,23.7,10.8,0.0,0.0,0.0,0.0,3,17.0,34.2,254,Overcast,0,0,
27200,2021-10-02 10:00:00,40.708668,-73.89997,0,0,Unspecified,4463126,23.7,10.8,0.0,0.0,0.0,0.0,3,17.0,34.2,254,Overcast,0,0,
27201,2021-10-02 12:25:00,40.649548,-73.958496,1,0,Unspecified,4463409,23.7,10.8,0.0,0.0,0.0,0.0,3,17.0,34.2,254,Overcast,1,1,
27202,2021-10-02 14:05:00,40.607605,-74.08843,0,0,Turning Improperly,4464145,23.7,10.8,0.0,0.0,0.0,0.0,3,17.0,34.2,254,Overcast,0,0,
27203,2021-10-01 16:46:00,40.674503,-73.83773,0,0,Passing Too Closely,4464203,19.4,9.5,0.0,0.0,0.0,0.0,0,13.8,28.1,302,Clear sky,0,0,Sunny/Clear Conditions
27204,2021-10-02 13:02:00,40.632847,-73.928375,4,0,Driver Inattention/Distraction,4463161,23.7,10.8,0.0,0.0,0.0,0.0,3,17.0,34.2,254,Overcast,4,4,
27205,2021-08-03 03:00:00,40.694546,-73.92724,0,0,Driver Inattention/Distraction,4464141,24.2,15.3,0.0,0.0,0.0,0.0,3,10.7,21.2,7,Overcast,0,0,
27206,2021-10-02 15:15:00,40.68963,-73.98575,0,0,Following Too Closely,4463542,23.7,10.8,0.0,0.0,0.0,0.0,3,17.0,34.2,254,Overcast,0,0,
27207,2022-03-30 14:45:00,40.73814,-74.0056,0,0,Passing Too Closely,4515079,5.9,-3.5,0.0,0.0,0.0,0.0,3,17.0,30.6,215,Overcast,0,0,
27208,2021-10-02 00:56:00,40.725994,-73.89843,1,0,Unsafe Speed,4463099,23.7,10.8,0.0,0.0,0.0,0.0,3,17.0,34.2,254,Overcast,1,1,
27209,2021-10-02 19:41:00,40.749603,-73.97951,0,0,Driver Inexperience,4463255,23.7,10.8,0.0,0.0,0.0,0.0,3,17.0,34.2,254,Overcast,0,0,
27210,2021-10-02 20:34:00,40.71307,-73.75362,0,0,Following Too Closely,4463669,23.7,10.8,0.0,0.0,0.0,0.0,3,17.0,34.2,254,Overcast,0,0,
27211,2021-09-20 16:30:00,40.745796,-73.982285,1,0,Driver Inattention/Distraction,4464091,23.1,14.9,0.0,0.0,0.0,0.0,3,17.0,34.2,116,Overcast,1,1,
27212,2021-10-02 16:44:00,40.885204,-73.857544,0,0,Driver Inattention/Distraction,4463495,23.7,10.8,0.0,0.0,0.0,0.0,3,17.0,34.2,254,Overcast,0,0,
27213,2021-10-02 15:05:00,40.816406,-73.92778,0,0,Other Vehicular,4463208,23.7,10.8,0.0,0.0,0.0,0.0,3,17.0,34.2,254,Overcast,0,0,
27214,2021-09-29 17:00:00,40.827656,-73.8861,0,0,View Obstructed/Limited,4463975,19.9,11.3,0.0,0.0,0.0,0.0,3,20.6,41.8,331,Overcast,0,0,
27215,2021-09-29 16:32:00,40.69308,-73.85372,1,0,Turning Improperly,4463932,19.9,11.3,0.0,0.0,0.0,0.0,3,20.6,41.8,331,Overcast,1,1,
27216,2021-10-02 12:30:00,40.80652,-73.944595,0,0,Other Vehicular,4463313,23.7,10.8,0.0,0.0,0.0,0.0,3,17.0,34.2,254,Overcast,0,0,
27217,2021-10-02 02:49:00,40.71042,-73.85964,1,0,Driver Inattention/Distraction,4464222,23.7,10.8,0.0,0.0,0.0,0.0,3,17.0,34.2,254,Overcast,1,1,
27218,2021-10-02 16:30:00,40.678528,-73.977394,0,0,View Obstructed/Limited,4463279,23.7,10.8,0.0,0.0,0.0,0.0,3,17.0,34.2,254,Overcast,0,0,
27219,2021-10-02 19:00:00,40.66045,-73.86719,0,0,Unspecified,4463813,23.7,10.8,0.0,0.0,0.0,0.0,3,17.0,34.2,254,Overcast,0,0,
27220,2021-10-02 13:30:00,40.67725,-73.826096,0,0,Passing or Lane Usage Improper,4463892,23.7,10.8,0.0,0.0,0.0,0.0,3,17.0,34.2,254,Overcast,0,0,
27221,2021-10-02 22:53:00,40.64479,-74.01433,3,0,Alcohol Involvement,4463334,23.7,10.8,0.0,0.0,0.0,0.0,3,17.0,34.2,254,Overcast,3,3,
27222,2021-10-01 20:48:00,40.842915,-73.9366,0,0,Unspecified,4464242,19.4,9.5,0.0,0.0,0.0,0.0,0,13.8,28.1,302,Clear sky,0,0,Sunny/Clear Conditions
27223,2021-10-01 20:30:00,40.753475,-73.9906,0,0,Unspecified,4464101,19.4,9.5,0.0,0.0,0.0,0.0,0,13.8,28.1,302,Clear sky,0,0,Sunny/Clear Conditions
27224,2021-10-02 04:04:00,40.807808,-73.92384,0,0,Driver Inattention/Distraction,4463197,23.7,10.8,0.0,0.0,0.0,0.0,3,17.0,34.2,254,Overcast,0,0,
27225,2021-10-02 09:05:00,40.756382,-73.96433,1,0,Glare,4463151,23.7,10.8,0.0,0.0,0.0,0.0,3,17.0,34.2,254,Overcast,1,1,
27226,2021-10-02 13:50:00,40.609108,-73.74685,0,0,Driver Inattention/Distraction,4463985,23.7,10.8,0.0,0.0,0.0,0.0,3,17.0,34.2,254,Overcast,0,0,
27227,2021-10-02 22:59:00,40.589108,-73.80101,0,0,Following Too Closely,4463562,23.7,10.8,0.0,0.0,0.0,0.0,3,17.0,34.2,254,Overcast,0,0,
27228,2021-09-27 07:00:00,40.72257,-73.75729,0,0,Backing Unsafely,4464178,25.9,14.6,0.0,0.0,0.0,0.0,3,24.1,45.0,233,Overcast,0,0,
27229,2021-10-02 16:00:00,40.748913,-73.9374,1,0,Driver Inattention/Distraction,4463224,23.7,10.8,0.0,0.0,0.0,0.0,3,17.0,34.2,254,Overcast,1,1,
27230,2021-10-02 13:00:00,40.667522,-73.78063,1,0,Unspecified,4463656,23.7,10.8,0.0,0.0,0.0,0.0,3,17.0,34.2,254,Overcast,1,1,
27231,2021-10-02 18:02:00,40.7224,-73.99165,1,0,Pedestrian/Bicyclist/Other Pedestrian Error/Confusion,4463469,23.7,10.8,0.0,0.0,0.0,0.0,3,17.0,34.2,254,Overcast,1,1,
27232,2021-10-02 13:45:00,40.886967,-73.90856,0,0,Unspecified,4463141,23.7,10.8,0.0,0.0,0.0,0.0,3,17.0,34.2,254,Overcast,0,0,
27233,2021-10-02 02:46:00,40.84497,-73.90247,0,1,Driver Inattention/Distraction,4463262,23.7,10.8,0.0,0.0,0.0,0.0,3,17.0,34.2,254,Overcast,20,1,
27234,2021-10-02 08:20:00,40.84721,-73.93979,1,0,Unspecified,4463382,23.7,10.8,0.0,0.0,0.0,0.0,3,17.0,34.2,254,Overcast,1,1,
27235,2021-10-02 07:44:00,40.692776,-73.95769,1,0,Driver Inattention/Distraction,4463228,23.7,10.8,0.0,0.0,0.0,0.0,3,17.0,34.2,254,Overcast,1,1,
27236,2021-10-02 18:16:00,40.80256,-73.943,1,0,Traffic Control Disregarded,4463943,23.7,10.8,0.0,0.0,0.0,0.0,3,17.0,34.2,254,Overcast,1,1,
27237,2021-10-02 14:00:00,40.64,-73.90194,0,0,Driver Inattention/Distraction,4463967,23.7,10.8,0.0,0.0,0.0,0.0,3,17.0,34.2,254,Overcast,0,0,
27238,2021-10-02 14:36:00,40.812603,-73.94567,2,0,Other Vehicular,4463844,23.7,10.8,0.0,0.0,0.0,0.0,3,17.0,34.2,254,Overcast,2,2,
27239,2021-09-27 07:20:00,40.69663,-73.91857,1,0,Traffic Control Disregarded,4464161,25.9,14.6,0.0,0.0,0.0,0.0,3,24.1,45.0,233,Overcast,1,1,
27240,2021-10-02 01:30:00,40.823982,-73.952255,0,0,Unspecified,4463272,23.7,10.8,0.0,0.0,0.0,0.0,3,17.0,34.2,254,Overcast,0,0,
27241,2021-10-02 20:24:00,40.81883,-73.8171,2,0,Unspecified,4463858,23.7,10.8,0.0,0.0,0.0,0.0,3,17.0,34.2,254,Overcast,2,2,
27242,2021-10-02 17:25:00,40.865383,-73.89348,0,0,Driver Inattention/Distraction,4464030,23.7,10.8,0.0,0.0,0.0,0.0,3,17.0,34.2,254,Overcast,0,0,
27243,2021-10-02 14:20:00,0.0,0.0,1,0,Driver Inattention/Distraction,4463525,23.7,10.8,0.0,0.0,0.0,0.0,3,17.0,34.2,254,Overcast,1,1,
27244,2021-09-03 20:14:00,40.624603,-74.079605,1,0,Unspecified,4464063,21.9,14.0,0.0,0.0,0.0,0.0,3,14.5,30.2,321,Overcast,1,1,
27245,2021-10-01 14:54:00,40.635014,-73.89727,0,0,Backing Unsafely,4464093,19.4,9.5,0.0,0.0,0.0,0.0,0,13.8,28.1,302,Clear sky,0,0,Sunny/Clear Conditions
27246,2021-10-02 13:10:00,40.66153,-73.95149,0,0,Driver Inattention/Distraction,4463626,23.7,10.8,0.0,0.0,0.0,0.0,3,17.0,34.2,254,Overcast,0,0,
27247,2021-10-02 13:30:00,40.751575,-73.982285,0,0,Driver Inattention/Distraction,4463989,23.7,10.8,0.0,0.0,0.0,0.0,3,17.0,34.2,254,Overcast,0,0,
27248,2021-10-02 22:47:00,40.69003,-73.93048,1,0,Driver Inattention/Distraction,4463511,23.7,10.8,0.0,0.0,0.0,0.0,3,17.0,34.2,254,Overcast,1,1,
27249,2021-10-02 13:37:00,40.799976,-73.958626,1,0,Passenger Distraction,4463160,23.7,10.8,0.0,0.0,0.0,0.0,3,17.0,34.2,254,Overcast,1,1,
27250,2021-10-02 12:15:00,40.70736,-73.93978,0,0,Driver Inattention/Distraction,4463218,23.7,10.8,0.0,0.0,0.0,0.0,3,17.0,34.2,254,Overcast,0,0,
27251,2021-10-02 10:30:00,40.858418,-73.88514,0,0,Following Too Closely,4463759,23.7,10.8,0.0,0.0,0.0,0.0,3,17.0,34.2,254,Overcast,0,0,
27252,2021-10-02 17:52:00,40.671925,-73.904526,0,0,Unsafe Speed,4463703,23.7,10.8,0.0,0.0,0.0,0.0,3,17.0,34.2,254,Overcast,0,0,
27253,2021-10-02 03:55:00,40.904293,-73.89989,0,0,Alcohol Involvement,4463133,23.7,10.8,0.0,0.0,0.0,0.0,3,17.0,34.2,254,Overcast,0,0,
27254,2021-10-02 15:00:00,40.592087,-73.786255,0,0,Following Too Closely,4464015,23.7,10.8,0.0,0.0,0.0,0.0,3,17.0,34.2,254,Overcast,0,0,
27255,2021-10-02 20:18:00,40.874638,-73.909744,1,0,Failure to Yield Right-of-Way,4464072,23.7,10.8,0.0,0.0,0.0,0.0,3,17.0,34.2,254,Overcast,1,1,
27256,2021-10-02 07:15:00,40.599537,-74.13154,0,0,Unspecified,4463338,23.7,10.8,0.0,0.0,0.0,0.0,3,17.0,34.2,254,Overcast,0,0,
27257,2021-10-01 13:47:00,40.722424,-73.94094,1,0,Backing Unsafely,4463953,19.4,9.5,0.0,0.0,0.0,0.0,0,13.8,28.1,302,Clear sky,1,1,Sunny/Clear Conditions
27258,2021-09-25 06:00:00,40.767494,-73.95933,0,0,Failure to Yield Right-of-Way,4463959,22.8,14.0,0.0,0.0,0.0,0.0,3,7.9,15.8,322,Overcast,0,0,
27259,2022-03-31 08:13:00,40.862953,-73.89066,1,0,Unspecified,4515049,19.0,3.5,12.0,12.0,0.0,4.0,65,37.8,67.3,194,Rain: Heavy,1,1,
27260,2021-10-02 20:56:00,40.66968,-73.91075,0,0,Failure to Yield Right-of-Way,4463403,23.7,10.8,0.0,0.0,0.0,0.0,3,17.0,34.2,254,Overcast,0,0,
27261,2021-10-02 19:20:00,40.57655,-73.966385,1,0,Failure to Yield Right-of-Way,4463450,23.7,10.8,0.0,0.0,0.0,0.0,3,17.0,34.2,254,Overcast,1,1,
27262,2021-10-02 11:50:00,40.59892,-73.75677,0,0,Unspecified,4464003,23.7,10.8,0.0,0.0,0.0,0.0,3,17.0,34.2,254,Overcast,0,0,
27263,2021-10-01 15:25:00,40.726547,-73.94838,0,0,Driver Inattention/Distraction,4464193,19.4,9.5,0.0,0.0,0.0,0.0,0,13.8,28.1,302,Clear sky,0,0,Sunny/Clear Conditions
27264,2021-10-02 15:20:00,40.754803,-73.84501,0,0,Backing Unsafely,4463267,23.7,10.8,0.0,0.0,0.0,0.0,3,17.0,34.2,254,Overcast,0,0,
27265,2021-10-02 13:08:00,40.661533,-73.878845,0,0,Unspecified,4463773,23.7,10.8,0.0,0.0,0.0,0.0,3,17.0,34.2,254,Overcast,0,0,
27266,2021-10-02 17:30:00,40.770527,-73.892654,0,0,Fell Asleep,4463296,23.7,10.8,0.0,0.0,0.0,0.0,3,17.0,34.2,254,Overcast,0,0,
27267,2021-10-01 17:43:00,40.58037,-74.099525,0,0,Unspecified,4464025,19.4,9.5,0.0,0.0,0.0,0.0,0,13.8,28.1,302,Clear sky,0,0,Sunny/Clear Conditions
27268,2021-09-29 21:00:00,40.686497,-73.9168,0,0,Driver Inattention/Distraction,4464134,19.9,11.3,0.0,0.0,0.0,0.0,3,20.6,41.8,331,Overcast,0,0,
27269,2021-10-02 14:10:00,40.64671,-73.95811,4,0,Aggressive Driving/Road Rage,4463423,23.7,10.8,0.0,0.0,0.0,0.0,3,17.0,34.2,254,Overcast,4,4,
27270,2021-10-02 14:58:00,40.830906,-73.8736,0,0,Driver Inattention/Distraction,4463214,23.7,10.8,0.0,0.0,0.0,0.0,3,17.0,34.2,254,Overcast,0,0,
27271,2021-10-02 02:04:00,40.64883,-73.90492,1,0,Alcohol Involvement,4463124,23.7,10.8,0.0,0.0,0.0,0.0,3,17.0,34.2,254,Overcast,1,1,
27272,2021-10-02 18:15:00,40.65619,-73.930855,1,0,Unspecified,4463588,23.7,10.8,0.0,0.0,0.0,0.0,3,17.0,34.2,254,Overcast,1,1,
27273,2021-10-02 19:00:00,40.664295,-73.83938,6,0,View Obstructed/Limited,4463793,23.7,10.8,0.0,0.0,0.0,0.0,3,17.0,34.2,254,Overcast,6,6,
27274,2021-10-02 13:48:00,40.83236,-73.85329,0,0,Driver Inattention/Distraction,4463248,23.7,10.8,0.0,0.0,0.0,0.0,3,17.0,34.2,254,Overcast,0,0,
27275,2021-10-02 03:48:00,40.82817,-73.86265,0,0,Steering Failure,4463236,23.7,10.8,0.0,0.0,0.0,0.0,3,17.0,34.2,254,Overcast,0,0,
27276,2021-10-02 15:43:00,40.76696,-73.96386,0,0,Passing or Lane Usage Improper,4463682,23.7,10.8,0.0,0.0,0.0,0.0,3,17.0,34.2,254,Overcast,0,0,
27277,2021-09-29 17:48:00,40.86315,-73.90907,2,0,Unsafe Lane Changing,4464019,19.9,11.3,0.0,0.0,0.0,0.0,3,20.6,41.8,331,Overcast,2,2,
27278,2021-09-24 12:30:00,40.753826,-73.7568,0,0,Unspecified,4464252,22.4,15.6,26.0,26.0,0.0,9.0,63,14.2,29.9,274,Rain: Moderate,0,0,
27279,2021-10-02 18:44:00,40.67236,-74.01124,0,0,Unspecified,4463284,23.7,10.8,0.0,0.0,0.0,0.0,3,17.0,34.2,254,Overcast,0,0,
27280,2021-10-02 09:00:00,40.74959,-74.00279,0,0,Unspecified,4463349,23.7,10.8,0.0,0.0,0.0,0.0,3,17.0,34.2,254,Overcast,0,0,
27281,2021-09-18 15:52:00,40.760155,-73.99676,2,0,View Obstructed/Limited,4463980,27.1,19.2,0.2,0.2,0.0,2.0,51,14.6,25.9,349,Drizzle: Light,2,2,
27282,2021-09-19 19:08:00,40.60981,-73.92251,1,0,Failure to Yield Right-of-Way,4463923,23.6,16.8,0.0,0.0,0.0,0.0,2,17.6,35.6,0,Partly cloudy,1,1,
27283,2021-09-27 10:50:00,40.61632,-74.15936,0,0,Unspecified,4464107,25.9,14.6,0.0,0.0,0.0,0.0,3,24.1,45.0,233,Overcast,0,0,
27284,2021-10-02 11:00:00,40.739635,-73.86074,1,0,Following Too Closely,4463386,23.7,10.8,0.0,0.0,0.0,0.0,3,17.0,34.2,254,Overcast,1,1,
27285,2021-10-02 19:43:00,40.588486,-73.98552,0,0,Unsafe Speed,4463274,23.7,10.8,0.0,0.0,0.0,0.0,3,17.0,34.2,254,Overcast,0,0,
27286,2021-10-02 18:00:00,40.835873,-73.8699,0,0,Reaction to Uninvolved Vehicle,4464079,23.7,10.8,0.0,0.0,0.0,0.0,3,17.0,34.2,254,Overcast,0,0,
27287,2021-10-02 02:10:00,40.714066,-73.94938,1,0,Failure to Yield Right-of-Way,4463861,23.7,10.8,0.0,0.0,0.0,0.0,3,17.0,34.2,254,Overcast,1,1,
27288,2021-06-25 10:30:00,40.81782,-73.915276,1,0,Unspecified,4464226,24.7,15.6,0.0,0.0,0.0,0.0,3,20.9,41.0,144,Overcast,1,1,
27289,2021-10-01 17:25:00,40.794613,-73.9321,0,0,Failure to Yield Right-of-Way,4463938,19.4,9.5,0.0,0.0,0.0,0.0,0,13.8,28.1,302,Clear sky,0,0,Sunny/Clear Conditions
27290,2021-10-02 03:00:00,40.61179,-73.987206,0,0,Traffic Control Disregarded,4463314,23.7,10.8,0.0,0.0,0.0,0.0,3,17.0,34.2,254,Overcast,0,0,
27291,2021-10-02 02:25:00,40.603503,-74.0673374,0,0,Alcohol Involvement,4464143,23.7,10.8,0.0,0.0,0.0,0.0,3,17.0,34.2,254,Overcast,0,0,
27292,2021-12-19 23:35:00,40.726444,-73.76579,1,0,Unsafe Lane Changing,4488578,7.1,-1.8,0.5,0.5,0.0,4.0,51,26.4,47.5,327,Drizzle: Light,1,1,
27293,2022-03-30 20:10:00,40.620914,-73.9753,1,0,Unspecified,4514956,5.9,-3.5,0.0,0.0,0.0,0.0,3,17.0,30.6,215,Overcast,1,1,
27294,2022-03-25 15:37:00,40.676548,-73.96354,0,0,Passing Too Closely,4515723,15.6,5.3,5.7,5.7,0.0,4.0,63,27.6,52.2,274,Rain: Moderate,0,0,
27295,2022-03-30 10:00:00,40.640465,-74.08796,0,0,Passing or Lane Usage Improper,4515129,5.9,-3.5,0.0,0.0,0.0,0.0,3,17.0,30.6,215,Overcast,0,0,
27296,2022-03-31 18:50:00,40.822716,-73.9032,1,0,Unspecified,4515206,19.0,3.5,12.0,12.0,0.0,4.0,65,37.8,67.3,194,Rain: Heavy,1,1,
27297,2022-03-20 01:05:00,40.721474,-73.98383,1,0,Backing Unsafely,4515972,14.8,6.9,0.1,0.1,0.0,1.0,51,27.0,49.0,284,Drizzle: Light,1,1,
27298,2022-03-30 18:31:00,40.670403,-73.85629,0,0,Following Too Closely,4514907,5.9,-3.5,0.0,0.0,0.0,0.0,3,17.0,30.6,215,Overcast,0,0,
27299,2022-03-22 06:10:00,40.69985,-73.991035,0,0,Failure to Yield Right-of-Way,4515819,12.8,3.9,0.0,0.0,0.0,0.0,3,23.1,44.3,311,Overcast,0,0,
27300,2022-04-01 01:17:00,40.70281,-73.74387,0,0,Other Vehicular,4515323,15.2,5.3,1.4,1.4,0.0,8.0,51,33.1,61.9,277,Drizzle: Light,0,0,
27301,2022-03-31 15:36:00,40.762283,-73.827446,0,0,Backing Unsafely,4515143,19.0,3.5,12.0,12.0,0.0,4.0,65,37.8,67.3,194,Rain: Heavy,0,0,
27302,2022-03-30 21:30:00,40.666233,-73.761,0,0,Following Too Closely,4515397,5.9,-3.5,0.0,0.0,0.0,0.0,3,17.0,30.6,215,Overcast,0,0,
27303,2022-04-01 10:47:00,40.83677,-73.88597,0,0,Traffic Control Disregarded,4515549,15.2,5.3,1.4,1.4,0.0,8.0,51,33.1,61.9,277,Drizzle: Light,0,0,
27304,2022-03-30 02:30:00,40.688698,-73.942085,1,0,Failure to Yield Right-of-Way,4514742,5.9,-3.5,0.0,0.0,0.0,0.0,3,17.0,30.6,215,Overcast,1,1,
27305,2021-12-11 03:10:00,40.833916,-73.879654,0,0,Failure to Yield Right-of-Way,4486122,17.3,5.0,8.1,8.1,0.0,5.0,63,35.0,67.0,206,Rain: Moderate,0,0,
27306,2021-12-26 23:11:00,40.637096,-73.93465,0,0,Tire Failure/Inadequate,4490597,8.9,3.4,0.0,0.0,0.0,0.0,3,21.9,38.9,316,Overcast,0,0,
27307,2021-12-28 00:00:00,40.837166,-73.88718,0,0,Unsafe Speed,4490447,8.5,2.2,0.0,0.0,0.0,0.0,3,12.5,22.0,271,Overcast,0,0,
27308,2021-12-24 09:16:00,40.894875,-73.88219,1,0,Unspecified,4490837,5.7,-1.1,1.0,0.0,0.7,5.0,73,12.4,21.6,73,Snow fall: Moderate,1,1,Snowy Conditions
27309,2021-12-28 00:25:00,40.760777,-73.95702,1,0,Unsafe Speed,4490084,8.5,2.2,0.0,0.0,0.0,0.0,3,12.5,22.0,271,Overcast,1,1,
27310,2021-12-28 16:00:00,40.762966,-73.973976,0,0,Failure to Yield Right-of-Way,4490411,8.5,2.2,0.0,0.0,0.0,0.0,3,12.5,22.0,271,Overcast,0,0,
27311,2021-12-24 12:22:00,40.613277,-73.9717,0,0,Unspecified,4490657,5.7,-1.1,1.0,0.0,0.7,5.0,73,12.4,21.6,73,Snow fall: Moderate,0,0,Snowy Conditions
27312,2021-12-28 12:55:00,40.76322,-73.77481,0,0,Unspecified,4490510,8.5,2.2,0.0,0.0,0.0,0.0,3,12.5,22.0,271,Overcast,0,0,
27313,2021-12-14 07:35:00,40.677414,-73.93033,0,0,Driver Inattention/Distraction,4490797,10.4,3.1,0.0,0.0,0.0,0.0,3,18.5,31.3,322,Overcast,0,0,
27314,2021-12-28 00:07:00,40.68662,-73.82319,1,0,Failure to Yield Right-of-Way,4490143,8.5,2.2,0.0,0.0,0.0,0.0,3,12.5,22.0,271,Overcast,1,1,
27315,2021-12-28 06:37:00,40.724285,-73.9756,0,0,Driver Inattention/Distraction,4490536,8.5,2.2,0.0,0.0,0.0,0.0,3,12.5,22.0,271,Overcast,0,0,
27316,2021-12-12 19:50:00,40.8666,-73.895454,1,0,Driver Inattention/Distraction,4490752,13.0,3.4,0.5,0.5,0.0,1.0,53,32.4,62.6,284,Drizzle: Moderate,1,1,
27317,2021-12-28 09:30:00,40.684135,-73.82413,1,0,Unsafe Speed,4490211,8.5,2.2,0.0,0.0,0.0,0.0,3,12.5,22.0,271,Overcast,1,1,
27318,2021-12-28 14:40:00,40.653778,-73.931145,1,0,Driver Inattention/Distraction,4490601,8.5,2.2,0.0,0.0,0.0,0.0,3,12.5,22.0,271,Overcast,1,1,
27319,2021-12-26 10:00:00,40.75769,-73.86446,0,0,Other Vehicular,4490618,8.9,3.4,0.0,0.0,0.0,0.0,3,21.9,38.9,316,Overcast,0,0,
27320,2021-12-12 01:00:00,40.706978,-73.813065,0,0,Reaction to Uninvolved Vehicle,4490662,13.0,3.4,0.5,0.5,0.0,1.0,53,32.4,62.6,284,Drizzle: Moderate,0,0,
27321,2021-11-23 10:00:00,40.686203,-73.950745,1,0,Driver Inattention/Distraction,4490690,5.4,-0.4,0.3,0.0,0.21,2.0,71,27.8,52.9,318,Snow fall: Light,1,1,Snowy Conditions
27322,2021-12-28 21:49:00,40.77228,-73.80708,0,0,Passing or Lane Usage Improper,4490314,8.5,2.2,0.0,0.0,0.0,0.0,3,12.5,22.0,271,Overcast,0,0,