,CRASH DATETIME,LATITUDE,LONGITUDE,NUMBER OF PERSONS INJURED,NUMBER OF PERSONS KILLED,CONTRIBUTING FACTOR VEHICLE 1,COLLISION_ID,temperature_2m_max,temperature_2m_min,precipitation_sum,rain_sum,snowfall_sum,precipitation_hours,weather_code,wind_speed_10m_max,wind_gusts_10m_max,wind_direction_10m_dominant,Weather Description,Severity_Score,Total_Affected_Persons,Weather_Category
27323,2021-12-28 09:05:00,40.79009,-73.797485,0,0,Traffic Control Disregarded,4490267,8.5,2.2,0.0,0.0,0.0,0.0,3,12.5,22.0,271,Overcast,0,0,
27324,2021-12-28 12:45:00,40.606762,-74.16583,1,0,Driver Inattention/Distraction,4490299,8.5,2.2,0.0,0.0,0.0,0.0,3,12.5,22.0,271,Overcast,1,1,
27325,2021-12-28 11:09:00,40.77962,-73.80217,0,0,Backing Unsafely,4490268,8.5,2.2,0.0,0.0,0.0,0.0,3,12.5,22.0,271,Overcast,0,0,
27326,2021-12-28 17:58:00,40.734314,-73.93803,2,0,Driver Inattention/Distraction,4490329,8.5,2.2,0.0,0.0,0.0,0.0,3,12.5,22.0,271,Overcast,2,2,
27327,2021-12-28 09:20:00,40.832,-73.89643,1,0,Driver Inattention/Distraction,4490226,8.5,2.2,0.0,0.0,0.0,0.0,3,12.5,22.0,271,Overcast,1,1,
27328,2021-12-28 07:57:00,40.68976,-73.85619,0,0,Unspecified,4490687,8.5,2.2,0.0,0.0,0.0,0.0,3,12.5,22.0,271,Overcast,0,0,
27329,2021-12-28 16:57:00,40.597553,-73.99117,0,0,Failure to Yield Right-of-Way,4490485,8.5,2.2,0.0,0.0,0.0,0.0,3,12.5,22.0,271,Overcast,0,0,
27330,2021-12-24 17:25:00,40.84224,-73.84406,1,0,Unspecified,4490568,5.7,-1.1,1.0,0.0,0.7,5.0,73,12.4,21.6,73,Snow fall: Moderate,1,1,Snowy Conditions
27331,2021-12-24 07:49:00,40.794132,-73.94282,3,0,Failure to Yield Right-of-Way,4490714,5.7,-1.1,1.0,0.0,0.7,5.0,73,12.4,21.6,73,Snow fall: Moderate,3,3,Snowy Conditions
27332,2021-12-10 13:30:00,40.69133,-73.95177,0,0,Unsafe Lane Changing,4490631,8.5,1.6,0.0,0.0,0.0,0.0,3,9.8,20.5,183,Overcast,0,0,
27333,2021-12-28 23:05:00,40.754093,-73.99209,1,0,Backing Unsafely,4490696,8.5,2.2,0.0,0.0,0.0,0.0,3,12.5,22.0,271,Overcast,1,1,
27334,2021-12-28 14:31:00,40.67193,-73.89106,0,0,Passing Too Closely,4490254,8.5,2.2,0.0,0.0,0.0,0.0,3,12.5,22.0,271,Overcast,0,0,
27335,2021-12-28 04:30:00,40.78679,-73.823425,1,0,Passing or Lane Usage Improper,4490321,8.5,2.2,0.0,0.0,0.0,0.0,3,12.5,22.0,271,Overcast,1,1,
27336,2021-12-28 11:41:00,40.735653,-73.851006,1,0,Following Too Closely,4490429,8.5,2.2,0.0,0.0,0.0,0.0,3,12.5,22.0,271,Overcast,1,1,
27337,2021-12-28 19:00:00,40.755978,-73.88144,0,0,Driver Inattention/Distraction,4490617,8.5,2.2,0.0,0.0,0.0,0.0,3,12.5,22.0,271,Overcast,0,0,
27338,2021-12-23 00:26:00,40.67268,-73.953026,0,0,Unsafe Speed,4490828,2.1,-2.3,0.0,0.0,0.0,0.0,3,20.1,35.6,299,Overcast,0,0,
27339,2021-12-28 08:25:00,40.828407,-73.93125,1,0,Turning Improperly,4490342,8.5,2.2,0.0,0.0,0.0,0.0,3,12.5,22.0,271,Overcast,1,1,
27340,2021-12-28 07:40:00,40.83196,-73.9439,0,0,Illnes,4490391,8.5,2.2,0.0,0.0,0.0,0.0,3,12.5,22.0,271,Overcast,0,0,
27341,2021-12-28 23:42:00,40.66955,-73.94497,0,0,Driver Inattention/Distraction,4490796,8.5,2.2,0.0,0.0,0.0,0.0,3,12.5,22.0,271,Overcast,0,0,
27342,2021-12-27 16:47:00,40.6097,-73.965096,1,0,Unspecified,4490648,2.7,-1.4,2.1,0.8,0.91,5.0,73,13.5,23.0,10,Snow fall: Moderate,1,1,Snowy Conditions
27343,2021-12-28 10:00:00,40.810177,-73.91397,0,0,Driver Inattention/Distraction,4490669,8.5,2.2,0.0,0.0,0.0,0.0,3,12.5,22.0,271,Overcast,0,0,
27344,2021-12-27 00:02:00,40.668648,-73.92835,0,0,Unspecified,4490790,2.7,-1.4,2.1,0.8,0.91,5.0,73,13.5,23.0,10,Snow fall: Moderate,0,0,Snowy Conditions
27345,2021-12-28 17:20:00,40.753635,-73.91893,3,0,Drugs (illegal),4490458,8.5,2.2,0.0,0.0,0.0,0.0,3,12.5,22.0,271,Overcast,3,3,
27346,2021-12-22 10:00:00,40.87314,-73.90572,1,0,Failure to Yield Right-of-Way,4490844,8.1,-0.0,4.2,4.2,0.0,9.0,61,26.7,47.9,313,Rain: Light,1,1,
27347,2021-12-28 20:00:00,40.81431,-73.92102,0,0,Unspecified,4490543,8.5,2.2,0.0,0.0,0.0,0.0,3,12.5,22.0,271,Overcast,0,0,
27348,2021-12-21 13:50:00,40.88414,-73.90602,0,0,Unspecified,4490609,5.7,-2.4,0.0,0.0,0.0,0.0,3,13.6,24.5,228,Overcast,0,0,
27349,2021-12-28 19:53:00,40.811043,-73.88073,4,0,Unspecified,4490350,8.5,2.2,0.0,0.0,0.0,0.0,3,12.5,22.0,271,Overcast,4,4,
27350,2021-12-26 14:30:00,40.60805,-74.15736,0,0,Outside Car Distraction,4490816,8.9,3.4,0.0,0.0,0.0,0.0,3,21.9,38.9,316,Overcast,0,0,
27351,2022-03-31 20:15:00,40.665245,-73.73709,0,0,Steering Failure,4515171,19.0,3.5,12.0,12.0,0.0,4.0,65,37.8,67.3,194,Rain: Heavy,0,0,
27352,2021-12-28 18:30:00,40.75906,-73.97262,2,0,Failure to Yield Right-of-Way,4490413,8.5,2.2,0.0,0.0,0.0,0.0,3,12.5,22.0,271,Overcast,2,2,
27353,2021-12-24 17:00:00,40.728943,-73.88299,0,0,Passing or Lane Usage Improper,4490586,5.7,-1.1,1.0,0.0,0.7,5.0,73,12.4,21.6,73,Snow fall: Moderate,0,0,Snowy Conditions
27354,2021-12-28 23:00:00,40.719845,-73.94726,1,0,Unsafe Speed,4490515,8.5,2.2,0.0,0.0,0.0,0.0,3,12.5,22.0,271,Overcast,1,1,
27355,2021-12-21 22:00:00,40.746548,-73.87975,0,0,Driver Inattention/Distraction,4490851,5.7,-2.4,0.0,0.0,0.0,0.0,3,13.6,24.5,228,Overcast,0,0,
27356,2021-12-28 01:52:00,40.820145,-73.890656,0,0,Unspecified,4490087,8.5,2.2,0.0,0.0,0.0,0.0,3,12.5,22.0,271,Overcast,0,0,
27357,2021-12-28 09:00:00,40.599754,-73.750114,0,0,Driver Inexperience,4490384,8.5,2.2,0.0,0.0,0.0,0.0,3,12.5,22.0,271,Overcast,0,0,
27358,2021-06-01 08:08:00,40.76015,-73.9988,0,1,Unspecified,4423067,23.5,9.7,0.0,0.0,0.0,0.0,3,17.6,32.0,221,Overcast,20,1,
27359,2021-12-27 15:45:00,40.699715,-73.96182,0,0,Passing or Lane Usage Improper,4490767,2.7,-1.4,2.1,0.8,0.91,5.0,73,13.5,23.0,10,Snow fall: Moderate,0,0,Snowy Conditions
27360,2021-12-28 07:30:00,40.64366,-73.90067,1,0,View Obstructed/Limited,4490146,8.5,2.2,0.0,0.0,0.0,0.0,3,12.5,22.0,271,Overcast,1,1,
27361,2021-12-28 17:50:00,40.62389,-73.94053,0,0,Driver Inexperience,4490345,8.5,2.2,0.0,0.0,0.0,0.0,3,12.5,22.0,271,Overcast,0,0,
27362,2021-12-28 10:45:00,40.7181,-73.95818,0,0,View Obstructed/Limited,4490517,8.5,2.2,0.0,0.0,0.0,0.0,3,12.5,22.0,271,Overcast,0,0,
27363,2021-12-28 12:00:00,40.838943,-73.938385,0,0,Unspecified,4490404,8.5,2.2,0.0,0.0,0.0,0.0,3,12.5,22.0,271,Overcast,0,0,
27364,2021-12-26 21:25:00,40.87016,-73.89099,0,0,Backing Unsafely,4490747,8.9,3.4,0.0,0.0,0.0,0.0,3,21.9,38.9,316,Overcast,0,0,
27365,2021-12-23 09:20:00,40.804905,-73.91883,1,0,Following Too Closely,4490807,2.1,-2.3,0.0,0.0,0.0,0.0,3,20.1,35.6,299,Overcast,1,1,
27366,2021-12-28 16:11:00,40.605568,-74.03118,0,0,Unspecified,4490448,8.5,2.2,0.0,0.0,0.0,0.0,3,12.5,22.0,271,Overcast,0,0,
27367,2021-12-28 13:15:00,40.578938,-73.98522,0,0,Driver Inattention/Distraction,4490273,8.5,2.2,0.0,0.0,0.0,0.0,3,12.5,22.0,271,Overcast,0,0,
27368,2021-12-16 13:45:00,40.78533,-73.95175,0,0,Unspecified,4490643,14.6,9.9,0.0,0.0,0.0,0.0,3,22.4,38.5,222,Overcast,0,0,
27369,2021-12-28 15:35:00,40.75928,-73.959274,0,0,Driver Inattention/Distraction,4490371,8.5,2.2,0.0,0.0,0.0,0.0,3,12.5,22.0,271,Overcast,0,0,
27370,2021-12-16 07:51:00,40.897808,-73.85262,1,0,Unspecified,4490706,14.6,9.9,0.0,0.0,0.0,0.0,3,22.4,38.5,222,Overcast,1,1,
27371,2021-12-28 10:33:00,40.874214,-73.866104,0,0,Driver Inattention/Distraction,4490260,8.5,2.2,0.0,0.0,0.0,0.0,3,12.5,22.0,271,Overcast,0,0,
27372,2021-12-23 15:49:00,40.65661,-73.93091,1,0,Unspecified,4490596,2.1,-2.3,0.0,0.0,0.0,0.0,3,20.1,35.6,299,Overcast,1,1,
27373,2021-12-28 14:53:00,40.61437,-73.97096,0,0,Unspecified,4490650,8.5,2.2,0.0,0.0,0.0,0.0,3,12.5,22.0,271,Overcast,0,0,
27374,2021-12-28 15:45:00,40.73068,-73.94923,1,0,Failure to Yield Right-of-Way,4490289,8.5,2.2,0.0,0.0,0.0,0.0,3,12.5,22.0,271,Overcast,1,1,
27375,2021-12-28 08:00:00,40.766357,-73.88756,0,0,Driver Inattention/Distraction,4490423,8.5,2.2,0.0,0.0,0.0,0.0,3,12.5,22.0,271,Overcast,0,0,
27376,2021-12-28 17:30:00,40.670887,-73.93649,0,0,Driver Inattention/Distraction,4490829,8.5,2.2,0.0,0.0,0.0,0.0,3,12.5,22.0,271,Overcast,0,0,
27377,2021-12-26 13:46:00,40.748955,-73.87136,0,0,Unspecified,4490717,8.9,3.4,0.0,0.0,0.0,0.0,3,21.9,38.9,316,Overcast,0,0,
27378,2021-12-28 12:30:00,40.760586,-73.84592,0,0,Driver Inattention/Distraction,4490356,8.5,2.2,0.0,0.0,0.0,0.0,3,12.5,22.0,271,Overcast,0,0,
27379,2021-12-28 20:15:00,40.856045,-73.84395,0,0,View Obstructed/Limited,4490435,8.5,2.2,0.0,0.0,0.0,0.0,3,12.5,22.0,271,Overcast,0,0,
27380,2021-12-28 12:00:00,40.743103,-73.879814,0,0,Other Vehicular,4490820,8.5,2.2,0.0,0.0,0.0,0.0,3,12.5,22.0,271,Overcast,0,0,
27381,2021-12-27 08:30:00,40.827362,-73.86019,0,0,Unspecified,4490630,2.7,-1.4,2.1,0.8,0.91,5.0,73,13.5,23.0,10,Snow fall: Moderate,0,0,Snowy Conditions
27382,2021-12-28 03:37:00,40.673183,-73.81425,3,0,Failure to Yield Right-of-Way,4490210,8.5,2.2,0.0,0.0,0.0,0.0,3,12.5,22.0,271,Overcast,3,3,
27383,2021-12-28 14:10:00,40.624268,-74.01948,1,0,Unspecified,4490333,8.5,2.2,0.0,0.0,0.0,0.0,3,12.5,22.0,271,Overcast,1,1,
27384,2021-12-27 20:01:00,40.64091,-73.994316,0,0,Unspecified,4490656,2.7,-1.4,2.1,0.8,0.91,5.0,73,13.5,23.0,10,Snow fall: Moderate,0,0,Snowy Conditions
27385,2021-12-27 00:50:00,40.663124,-73.92237,2,0,Unspecified,4490600,2.7,-1.4,2.1,0.8,0.91,5.0,73,13.5,23.0,10,Snow fall: Moderate,2,2,Snowy Conditions
27386,2021-12-28 14:20:00,40.613655,-73.978,1,0,Driver Inattention/Distraction,4490484,8.5,2.2,0.0,0.0,0.0,0.0,3,12.5,22.0,271,Overcast,1,1,
27387,2021-12-28 19:26:00,40.701912,-73.93699,0,0,Passing Too Closely,4490556,8.5,2.2,0.0,0.0,0.0,0.0,3,12.5,22.0,271,Overcast,0,0,
27388,2021-12-28 09:30:00,40.775738,-73.94882,0,0,Backing Unsafely,4490823,8.5,2.2,0.0,0.0,0.0,0.0,3,12.5,22.0,271,Overcast,0,0,
27389,2021-12-28 04:00:00,40.713974,-73.953094,0,0,Driver Inattention/Distraction,4490390,8.5,2.2,0.0,0.0,0.0,0.0,3,12.5,22.0,271,Overcast,0,0,
27390,2021-12-28 14:30:00,40.880547,-73.86111,1,0,Unsafe Speed,4490707,8.5,2.2,0.0,0.0,0.0,0.0,3,12.5,22.0,271,Overcast,1,1,
27391,2021-12-21 14:30:00,40.67058,-73.93096,0,0,Driver Inattention/Distraction,4490791,5.7,-2.4,0.0,0.0,0.0,0.0,3,13.6,24.5,228,Overcast,0,0,
27392,2021-12-28 09:00:00,40.71512,-73.83224,0,0,Driver Inattention/Distraction,4490433,8.5,2.2,0.0,0.0,0.0,0.0,3,12.5,22.0,271,Overcast,0,0,
27393,2022-04-01 11:30:00,40.67657,-73.94431,0,0,Passing Too Closely,4515823,15.2,5.3,1.4,1.4,0.0,8.0,51,33.1,61.9,277,Drizzle: Light,0,0,
27394,2021-12-28 11:45:00,40.763824,-73.926094,0,0,Other Vehicular,4490223,8.5,2.2,0.0,0.0,0.0,0.0,3,12.5,22.0,271,Overcast,0,0,
27395,2021-12-18 23:12:00,40.876476,-73.904495,0,0,Unspecified,4490577,6.3,4.5,3.8,3.8,0.0,9.0,61,12.3,24.5,35,Rain: Light,0,0,
27396,2021-12-28 21:43:00,40.719013,-73.79419,0,0,Other Vehicular,4490312,8.5,2.2,0.0,0.0,0.0,0.0,3,12.5,22.0,271,Overcast,0,0,
27397,2021-12-12 05:00:00,40.71997,-73.992905,1,0,Driver Inattention/Distraction,4490587,13.0,3.4,0.5,0.5,0.0,1.0,53,32.4,62.6,284,Drizzle: Moderate,1,1,
27398,2021-12-28 11:05:00,40.8477,-73.90097,0,0,Failure to Yield Right-of-Way,4490383,8.5,2.2,0.0,0.0,0.0,0.0,3,12.5,22.0,271,Overcast,0,0,
27399,2021-12-28 17:05:00,40.88809,-73.89254,0,0,Following Too Closely,4490841,8.5,2.2,0.0,0.0,0.0,0.0,3,12.5,22.0,271,Overcast,0,0,
27400,2021-12-28 22:40:00,40.85814,-73.895744,0,0,Aggressive Driving/Road Rage,4490456,8.5,2.2,0.0,0.0,0.0,0.0,3,12.5,22.0,271,Overcast,0,0,
27401,2021-12-28 03:36:00,40.804523,-73.91199,0,0,Driver Inattention/Distraction,4490107,8.5,2.2,0.0,0.0,0.0,0.0,3,12.5,22.0,271,Overcast,0,0,
27402,2021-12-28 04:15:00,40.6606,-74.001274,0,0,Driver Inattention/Distraction,4490766,8.5,2.2,0.0,0.0,0.0,0.0,3,12.5,22.0,271,Overcast,0,0,
27403,2021-12-24 00:02:00,40.639153,-73.99142,0,0,Reaction to Uninvolved Vehicle,4490653,5.7,-1.1,1.0,0.0,0.7,5.0,73,12.4,21.6,73,Snow fall: Moderate,0,0,Snowy Conditions
27404,2021-12-28 09:20:00,0.0,0.0,4,0,Brakes Defective,4490288,8.5,2.2,0.0,0.0,0.0,0.0,3,12.5,22.0,271,Overcast,4,4,
27405,2021-12-28 17:18:00,40.74697,-73.979,1,0,Reaction to Uninvolved Vehicle,4490292,8.5,2.2,0.0,0.0,0.0,0.0,3,12.5,22.0,271,Overcast,1,1,
27406,2021-12-25 23:40:00,40.790165,-73.95411,0,0,Unsafe Speed,4490610,8.8,0.5,6.1,6.1,0.0,14.0,55,14.5,24.8,284,Drizzle: Dense,0,0,
27407,2021-12-28 10:00:00,40.66257,-73.947426,0,0,Driver Inattention/Distraction,4490320,8.5,2.2,0.0,0.0,0.0,0.0,3,12.5,22.0,271,Overcast,0,0,
27408,2021-12-26 19:50:00,40.63578,-73.97597,1,0,Failure to Yield Right-of-Way,4490645,8.9,3.4,0.0,0.0,0.0,0.0,3,21.9,38.9,316,Overcast,1,1,
27409,2021-12-28 12:00:00,40.742786,-73.88264,1,0,Failure to Yield Right-of-Way,4490355,8.5,2.2,0.0,0.0,0.0,0.0,3,12.5,22.0,271,Overcast,1,1,
27410,2022-09-22 06:39:00,40.815304,-73.94371,0,0,Unspecified,4566269,24.9,14.3,9.1,9.1,0.0,7.0,63,24.6,44.6,273,Rain: Moderate,0,0,
27411,2021-04-20 16:22:00,40.674088,-73.79837,1,0,Driver Inexperience,4409152,21.4,6.5,0.0,0.0,0.0,0.0,3,26.0,56.2,223,Overcast,1,1,
27412,2021-06-01 15:08:00,40.62506,-74.13582,1,0,Driver Inattention/Distraction,4422911,23.5,9.7,0.0,0.0,0.0,0.0,3,17.6,32.0,221,Overcast,1,1,
27413,2021-05-31 17:02:00,40.634167,-74.02073,1,0,Failure to Yield Right-of-Way,4423320,20.3,9.3,0.7,0.7,0.0,5.0,51,20.9,40.7,318,Drizzle: Light,1,1,
27414,2021-12-24 10:32:00,40.79483,-73.95035,0,0,Passing Too Closely,4490670,5.7,-1.1,1.0,0.0,0.7,5.0,73,12.4,21.6,73,Snow fall: Moderate,0,0,Snowy Conditions
27415,2021-12-28 07:45:00,40.665627,-73.909706,0,0,Unspecified,4490233,8.5,2.2,0.0,0.0,0.0,0.0,3,12.5,22.0,271,Overcast,0,0,
27416,2021-12-22 14:55:00,40.81051,-73.90658,0,0,Unspecified,4490611,8.1,-0.0,4.2,4.2,0.0,9.0,61,26.7,47.9,313,Rain: Light,0,0,
27417,2021-12-23 05:55:00,40.78588,-73.94884,0,0,Driver Inattention/Distraction,4490664,2.1,-2.3,0.0,0.0,0.0,0.0,3,20.1,35.6,299,Overcast,0,0,
27418,2021-12-21 08:00:00,40.684303,-73.90961,0,0,Driver Inattention/Distraction,4490703,5.7,-2.4,0.0,0.0,0.0,0.0,3,13.6,24.5,228,Overcast,0,0,
27419,2021-12-28 00:09:00,40.87388,-73.8478,1,0,Pavement Slippery,4490263,8.5,2.2,0.0,0.0,0.0,0.0,3,12.5,22.0,271,Overcast,1,1,
27420,2021-12-28 15:00:00,40.6601,-73.947655,0,0,Driver Inattention/Distraction,4490319,8.5,2.2,0.0,0.0,0.0,0.0,3,12.5,22.0,271,Overcast,0,0,
27421,2021-12-28 10:30:00,40.6229,-73.91762,0,0,Unspecified,4490344,8.5,2.2,0.0,0.0,0.0,0.0,3,12.5,22.0,271,Overcast,0,0,
27422,2021-12-28 21:05:00,40.610214,-73.94371,0,0,Unspecified,4490525,8.5,2.2,0.0,0.0,0.0,0.0,3,12.5,22.0,271,Overcast,0,0,
27423,2021-12-28 10:30:00,40.601734,-73.935036,3,0,Reaction to Uninvolved Vehicle,4490272,8.5,2.2,0.0,0.0,0.0,0.0,3,12.5,22.0,271,Overcast,3,3,
27424,2021-12-28 16:25:00,40.852398,-73.86662,0,0,Following Too Closely,4490376,8.5,2.2,0.0,0.0,0.0,0.0,3,12.5,22.0,271,Overcast,0,0,
27425,2021-12-28 04:10:00,40.694836,-73.98393,0,0,Driver Inattention/Distraction,4490336,8.5,2.2,0.0,0.0,0.0,0.0,3,12.5,22.0,271,Overcast,0,0,
27426,2021-12-28 19:33:00,40.662743,-73.926056,0,0,Reaction to Uninvolved Vehicle,4490603,8.5,2.2,0.0,0.0,0.0,0.0,3,12.5,22.0,271,Overcast,0,0,
27427,2021-12-28 09:20:00,40.68281,-74.002846,0,0,Passing Too Closely,4490325,8.5,2.2,0.0,0.0,0.0,0.0,3,12.5,22.0,271,Overcast,0,0,
27428,2021-12-21 21:01:00,40.883038,-73.89964,0,0,Unspecified,4490840,5.7,-2.4,0.0,0.0,0.0,0.0,3,13.6,24.5,228,Overcast,0,0,
27429,2021-12-25 10:20:00,40.78722,-73.952065,0,0,Pavement Slippery,4490671,8.8,0.5,6.1,6.1,0.0,14.0,55,14.5,24.8,284,Drizzle: Dense,0,0,
27430,2021-12-26 18:20:00,40.76152,-73.83293,0,0,Failure to Yield Right-of-Way,4490636,8.9,3.4,0.0,0.0,0.0,0.0,3,21.9,38.9,316,Overcast,0,0,
27431,2021-11-23 16:20:00,40.678585,-73.95207,0,0,Following Too Closely,4490693,5.4,-0.4,0.3,0.0,0.21,2.0,71,27.8,52.9,318,Snow fall: Light,0,0,Snowy Conditions
27432,2021-12-24 18:55:00,40.643646,-73.989784,1,0,Alcohol Involvement,4490659,5.7,-1.1,1.0,0.0,0.7,5.0,73,12.4,21.6,73,Snow fall: Moderate,1,1,Snowy Conditions
27433,2021-12-28 20:55:00,40.58406,-73.96901,0,0,Driver Inattention/Distraction,4490497,8.5,2.2,0.0,0.0,0.0,0.0,3,12.5,22.0,271,Overcast,0,0,
27434,2021-12-28 06:48:00,40.818798,-73.89213,0,0,Unspecified,4490800,8.5,2.2,0.0,0.0,0.0,0.0,3,12.5,22.0,271,Overcast,0,0,
27435,2021-12-28 23:00:00,40.80194,-73.93414,0,0,Unspecified,4490395,8.5,2.2,0.0,0.0,0.0,0.0,3,12.5,22.0,271,Overcast,0,0,
27436,2021-12-16 15:30:00,40.679203,-73.9553,0,0,Unsafe Lane Changing,4490831,14.6,9.9,0.0,0.0,0.0,0.0,3,22.4,38.5,222,Overcast,0,0,
27437,2021-06-01 17:39:00,40.762486,-73.96298,0,0,Driver Inattention/Distraction,4422736,23.5,9.7,0.0,0.0,0.0,0.0,3,17.6,32.0,221,Overcast,0,0,
27438,2021-06-01 19:47:00,40.629883,-73.895775,0,0,Unspecified,4422685,23.5,9.7,0.0,0.0,0.0,0.0,3,17.6,32.0,221,Overcast,0,0,
27439,2021-05-24 17:30:00,40.82488,-73.94472,0,0,Passing Too Closely,4423144,18.9,13.7,0.0,0.0,0.0,0.0,3,22.4,44.3,126,Overcast,0,0,
27440,2021-06-01 19:25:00,40.864254,-73.88813,0,0,Driver Inattention/Distraction,4423059,23.5,9.7,0.0,0.0,0.0,0.0,3,17.6,32.0,221,Overcast,0,0,
27441,2021-06-01 03:02:00,40.749283,-73.756645,0,0,Driver Inattention/Distraction,4422387,23.5,9.7,0.0,0.0,0.0,0.0,3,17.6,32.0,221,Overcast,0,0,
27442,2021-06-01 21:01:00,40.701187,-73.74148,0,0,Driver Inattention/Distraction,4422666,23.5,9.7,0.0,0.0,0.0,0.0,3,17.6,32.0,221,Overcast,0,0,
27443,2021-06-01 15:07:00,40.852535,-73.82799,0,0,Unspecified,4422804,23.5,9.7,0.0,0.0,0.0,0.0,3,17.6,32.0,221,Overcast,0,0,
27444,2021-06-01 13:50:00,40.58862,-73.98373,0,0,Passing or Lane Usage Improper,4422708,23.5,9.7,0.0,0.0,0.0,0.0,3,17.6,32.0,221,Overcast,0,0,
27445,2021-06-01 00:50:00,40.670887,-73.93649,2,0,Unspecified,4422951,23.5,9.7,0.0,0.0,0.0,0.0,3,17.6,32.0,221,Overcast,2,2,
27446,2021-05-26 23:19:00,40.64513,-73.948975,0,0,Driver Inattention/Distraction,4423213,29.5,17.4,0.1,0.1,0.0,1.0,51,23.4,45.7,210,Drizzle: Light,0,0,
27447,2021-06-01 00:38:00,40.69328,-73.9043,0,0,Passing Too Closely,4422421,23.5,9.7,0.0,0.0,0.0,0.0,3,17.6,32.0,221,Overcast,0,0,
27448,2021-06-01 13:15:00,40.58582,-73.96029,0,0,Turning Improperly,4422715,23.5,9.7,0.0,0.0,0.0,0.0,3,17.6,32.0,221,Overcast,0,0,
27449,2021-05-25 13:45:00,40.596878,-74.16226,0,0,Unspecified,4423136,21.9,13.0,0.0,0.0,0.0,0.0,3,24.3,47.9,182,Overcast,0,0,
27450,2021-05-10 23:15:00,40.709396,-73.90931,0,0,Passing or Lane Usage Improper,4423204,14.9,8.3,3.3,3.3,0.0,7.0,55,18.8,58.3,339,Drizzle: Dense,0,0,
27451,2021-06-01 19:55:00,40.59244,-73.78603,0,0,Unsafe Speed,4422881,23.5,9.7,0.0,0.0,0.0,0.0,3,17.6,32.0,221,Overcast,0,0,
27452,2021-06-01 00:01:00,40.656876,-73.895905,0,0,,4422461,23.5,9.7,0.0,0.0,0.0,0.0,3,17.6,32.0,221,Overcast,0,0,
27453,2021-06-01 12:16:00,40.880173,-73.87097,0,0,Turning Improperly,4422610,23.5,9.7,0.0,0.0,0.0,0.0,3,17.6,32.0,221,Overcast,0,0,
27454,2021-06-01 22:10:00,40.66709,-73.76376,0,0,Unspecified,4422741,23.5,9.7,0.0,0.0,0.0,0.0,3,17.6,32.0,221,Overcast,0,0,
27455,2021-06-01 00:00:00,40.83287,-73.90107,0,0,Backing Unsafely,4422757,23.5,9.7,0.0,0.0,0.0,0.0,3,17.6,32.0,221,Overcast,0,0,
27456,2021-06-01 07:55:00,40.824265,-73.94087,0,0,Unspecified,4422837,23.5,9.7,0.0,0.0,0.0,0.0,3,17.6,32.0,221,Overcast,0,0,
27457,2021-06-01 10:22:00,40.719547,-73.9749,4,0,Passing or Lane Usage Improper,4422571,23.5,9.7,0.0,0.0,0.0,0.0,3,17.6,32.0,221,Overcast,4,4,
27458,2021-06-01 09:00:00,40.849743,-73.89837,0,0,Unspecified,4422508,23.5,9.7,0.0,0.0,0.0,0.0,3,17.6,32.0,221,Overcast,0,0,
27459,2021-05-22 08:15:00,40.74531,-74.000626,0,0,Passing or Lane Usage Improper,4423244,30.5,16.5,0.0,0.0,0.0,0.0,3,19.1,36.4,299,Overcast,0,0,
27460,2021-06-01 16:55:00,40.69775,-73.81393,1,0,Following Too Closely,4423297,23.5,9.7,0.0,0.0,0.0,0.0,3,17.6,32.0,221,Overcast,1,1,
27461,2021-06-01 08:10:00,40.836754,-73.875084,0,0,Driver Inexperience,4422559,23.5,9.7,0.0,0.0,0.0,0.0,3,17.6,32.0,221,Overcast,0,0,
27462,2021-06-01 09:00:00,40.79653,-73.97597,0,0,Unspecified,4422511,23.5,9.7,0.0,0.0,0.0,0.0,3,17.6,32.0,221,Overcast,0,0,
27463,2021-05-14 14:05:00,40.666206,-73.92061,0,0,Driver Inexperience,4423166,21.6,7.5,0.0,0.0,0.0,0.0,2,14.3,25.2,276,Partly cloudy,0,0,
27464,2021-06-01 12:45:00,40.68969,-73.99237,0,0,Failure to Yield Right-of-Way,4422599,23.5,9.7,0.0,0.0,0.0,0.0,3,17.6,32.0,221,Overcast,0,0,
27465,2021-06-01 05:30:00,40.591564,-73.96504,0,0,Unspecified,4422479,23.5,9.7,0.0,0.0,0.0,0.0,3,17.6,32.0,221,Overcast,0,0,
27466,2021-06-01 13:16:00,40.80573,-73.93855,1,0,Unspecified,4422836,23.5,9.7,0.0,0.0,0.0,0.0,3,17.6,32.0,221,Overcast,1,1,
27467,2021-06-01 18:15:00,40.885567,-73.879105,0,0,Unspecified,4422697,23.5,9.7,0.0,0.0,0.0,0.0,3,17.6,32.0,221,Overcast,0,0,
27468,2021-06-01 16:22:00,40.702625,-74.01287,0,0,Unspecified,4422721,23.5,9.7,0.0,0.0,0.0,0.0,3,17.6,32.0,221,Overcast,0,0,
27469,2021-06-01 10:50:00,40.83882,-73.94564,0,0,Passing Too Closely,4422857,23.5,9.7,0.0,0.0,0.0,0.0,3,17.6,32.0,221,Overcast,0,0,
27470,2021-06-01 16:00:00,40.724113,-73.79676,0,0,Turning Improperly,4422775,23.5,9.7,0.0,0.0,0.0,0.0,3,17.6,32.0,221,Overcast,0,0,
27471,2021-06-01 08:00:00,40.81394,-73.948425,0,0,Driver Inattention/Distraction,4422844,23.5,9.7,0.0,0.0,0.0,0.0,3,17.6,32.0,221,Overcast,0,0,
27472,2021-06-01 01:22:00,40.825935,-73.85913,0,0,Pavement Defective,4422495,23.5,9.7,0.0,0.0,0.0,0.0,3,17.6,32.0,221,Overcast,0,0,