,CRASH DATETIME,LATITUDE,LONGITUDE,NUMBER OF PERSONS INJURED,NUMBER OF PERSONS KILLED,CONTRIBUTING FACTOR VEHICLE 1,COLLISION_ID,temperature_2m_max,temperature_2m_min,precipitation_sum,rain_sum,snowfall_sum,precipitation_hours,weather_code,wind_speed_10m_max,wind_gusts_10m_max,wind_direction_10m_dominant,Weather Description,Severity_Score,Total_Affected_Persons,Weather_Category
27473,2021-06-01 12:00:00,40.763897,-73.95323,1,0,Driver Inattention/Distraction,4422585,23.5,9.7,0.0,0.0,0.0,0.0,3,17.6,32.0,221,Overcast,1,1,
27474,2021-06-01 18:50:00,40.821697,-73.95292,0,0,Unspecified,4422672,23.5,9.7,0.0,0.0,0.0,0.0,3,17.6,32.0,221,Overcast,0,0,
27475,2021-06-01 22:30:00,40.673767,-73.76381,0,0,Turning Improperly,4423232,23.5,9.7,0.0,0.0,0.0,0.0,3,17.6,32.0,221,Overcast,0,0,
27476,2021-06-01 16:20:00,40.74357,-73.83772,1,0,Unspecified,4422756,23.5,9.7,0.0,0.0,0.0,0.0,3,17.6,32.0,221,Overcast,1,1,
27477,2021-06-01 15:15:00,40.644547,-74.01091,0,0,Unspecified,4422989,23.5,9.7,0.0,0.0,0.0,0.0,3,17.6,32.0,221,Overcast,0,0,
27478,2021-06-01 13:33:00,40.71517,-74.01016,0,0,Driver Inattention/Distraction,4422614,23.5,9.7,0.0,0.0,0.0,0.0,3,17.6,32.0,221,Overcast,0,0,
27479,2021-06-01 12:04:00,0.0,0.0,0,0,Unspecified,4422653,23.5,9.7,0.0,0.0,0.0,0.0,3,17.6,32.0,221,Overcast,0,0,
27480,2021-06-01 15:53:00,40.8156,-73.86163,0,0,Unspecified,4423175,23.5,9.7,0.0,0.0,0.0,0.0,3,17.6,32.0,221,Overcast,0,0,
27481,2021-06-01 06:36:00,40.661545,-73.97941,0,0,Driver Inattention/Distraction,4422531,23.5,9.7,0.0,0.0,0.0,0.0,3,17.6,32.0,221,Overcast,0,0,
27482,2021-06-01 16:36:00,40.860954,-73.92651,0,0,Driver Inattention/Distraction,4422943,23.5,9.7,0.0,0.0,0.0,0.0,3,17.6,32.0,221,Overcast,0,0,
27483,2021-06-01 19:18:00,40.68358,-73.97617,0,0,Unsafe Lane Changing,4422824,23.5,9.7,0.0,0.0,0.0,0.0,3,17.6,32.0,221,Overcast,0,0,
27484,2021-06-01 14:10:00,40.61536,-73.987076,1,0,Following Too Closely,4422918,23.5,9.7,0.0,0.0,0.0,0.0,3,17.6,32.0,221,Overcast,1,1,
27485,2021-12-28 23:08:00,40.83562,-73.927864,0,0,Traffic Control Disregarded,4490386,8.5,2.2,0.0,0.0,0.0,0.0,3,12.5,22.0,271,Overcast,0,0,
27486,2021-06-01 17:17:00,40.607082,-73.94607,1,0,Unspecified,4422692,23.5,9.7,0.0,0.0,0.0,0.0,3,17.6,32.0,221,Overcast,1,1,
27487,2021-06-01 16:55:00,40.809563,-73.92923,2,0,Failure to Yield Right-of-Way,4423076,23.5,9.7,0.0,0.0,0.0,0.0,3,17.6,32.0,221,Overcast,2,2,
27488,2021-06-01 14:20:00,40.818428,-73.847885,0,0,Driver Inattention/Distraction,4422717,23.5,9.7,0.0,0.0,0.0,0.0,3,17.6,32.0,221,Overcast,0,0,
27489,2021-06-01 18:10:00,40.680115,-73.75324,3,0,Unspecified,4422662,23.5,9.7,0.0,0.0,0.0,0.0,3,17.6,32.0,221,Overcast,3,3,
27490,2021-06-01 10:36:00,40.728638,-73.88239,0,0,Driver Inattention/Distraction,4422748,23.5,9.7,0.0,0.0,0.0,0.0,3,17.6,32.0,221,Overcast,0,0,
27491,2021-05-25 18:10:00,40.652786,-73.91997,0,0,Unspecified,4423217,21.9,13.0,0.0,0.0,0.0,0.0,3,24.3,47.9,182,Overcast,0,0,
27492,2021-06-01 12:55:00,40.810627,-73.95828,0,0,Following Too Closely,4422624,23.5,9.7,0.0,0.0,0.0,0.0,3,17.6,32.0,221,Overcast,0,0,
27493,2021-06-01 14:47:00,40.69731,-73.932274,1,0,Following Too Closely,4422963,23.5,9.7,0.0,0.0,0.0,0.0,3,17.6,32.0,221,Overcast,1,1,
27494,2021-05-30 14:00:00,40.67005,-73.94213,0,0,Driver Inattention/Distraction,4423255,11.5,8.5,13.7,13.7,0.0,24.0,61,28.1,52.2,22,Rain: Light,0,0,
27495,2021-06-01 15:30:00,40.771023,-73.95365,0,0,Driver Inattention/Distraction,4422730,23.5,9.7,0.0,0.0,0.0,0.0,3,17.6,32.0,221,Overcast,0,0,
27496,2021-06-01 18:10:00,40.80943,-73.95544,0,0,Failure to Yield Right-of-Way,4422668,23.5,9.7,0.0,0.0,0.0,0.0,3,17.6,32.0,221,Overcast,0,0,
27497,2021-06-01 16:05:00,40.710285,-73.93519,2,0,View Obstructed/Limited,4422731,23.5,9.7,0.0,0.0,0.0,0.0,3,17.6,32.0,221,Overcast,2,2,
27498,2021-12-28 07:00:00,40.759624,-73.99548,0,0,Failure to Yield Right-of-Way,4490175,8.5,2.2,0.0,0.0,0.0,0.0,3,12.5,22.0,271,Overcast,0,0,
27499,2021-06-01 16:55:00,40.746655,-73.856415,0,0,Driver Inattention/Distraction,4423127,23.5,9.7,0.0,0.0,0.0,0.0,3,17.6,32.0,221,Overcast,0,0,
27500,2021-06-01 06:00:00,40.756424,-73.7403,0,0,Following Too Closely,4422402,23.5,9.7,0.0,0.0,0.0,0.0,3,17.6,32.0,221,Overcast,0,0,
27501,2021-06-01 10:30:00,40.59727,-73.99868,0,0,Driver Inattention/Distraction,4423185,23.5,9.7,0.0,0.0,0.0,0.0,3,17.6,32.0,221,Overcast,0,0,
27502,2021-06-01 10:30:00,40.64986,-74.01972,0,0,Unspecified,4422646,23.5,9.7,0.0,0.0,0.0,0.0,3,17.6,32.0,221,Overcast,0,0,
27503,2021-06-01 16:29:00,40.749866,-73.86273,0,0,Passing Too Closely,4422896,23.5,9.7,0.0,0.0,0.0,0.0,3,17.6,32.0,221,Overcast,0,0,
27504,2021-05-20 17:40:00,40.677338,-73.927536,1,0,Turning Improperly,4423254,22.2,12.5,0.0,0.0,0.0,0.0,3,19.0,38.2,147,Overcast,1,1,
27505,2021-06-01 11:25:00,40.756283,-73.77024,0,0,Driver Inattention/Distraction,4423042,23.5,9.7,0.0,0.0,0.0,0.0,3,17.6,32.0,221,Overcast,0,0,
27506,2021-06-01 00:45:00,40.704716,-73.92875,1,0,Driver Inattention/Distraction,4422422,23.5,9.7,0.0,0.0,0.0,0.0,3,17.6,32.0,221,Overcast,1,1,
27507,2021-05-28 14:30:00,40.675198,-73.99936,0,0,Unspecified,4423141,19.4,10.6,25.0,25.0,0.0,8.0,63,25.6,47.9,62,Rain: Moderate,0,0,
27508,2021-06-01 14:30:00,40.710773,-73.74041,1,0,Unsafe Speed,4422623,23.5,9.7,0.0,0.0,0.0,0.0,3,17.6,32.0,221,Overcast,1,1,
27509,2021-06-01 18:30:00,40.80719,-73.92431,0,0,Backing Unsafely,4422711,23.5,9.7,0.0,0.0,0.0,0.0,3,17.6,32.0,221,Overcast,0,0,
27510,2021-05-31 12:00:00,40.65214,-73.944885,0,0,Unspecified,4423206,20.3,9.3,0.7,0.7,0.0,5.0,51,20.9,40.7,318,Drizzle: Light,0,0,
27511,2021-06-01 19:41:00,40.66642,-73.756584,0,0,Unspecified,4422663,23.5,9.7,0.0,0.0,0.0,0.0,3,17.6,32.0,221,Overcast,0,0,
27512,2021-06-01 17:57:00,40.90121,-73.84684,0,0,Unsafe Speed,4422867,23.5,9.7,0.0,0.0,0.0,0.0,3,17.6,32.0,221,Overcast,0,0,
27513,2021-06-01 14:30:00,40.6993,-73.91361,0,0,Unsafe Speed,4422959,23.5,9.7,0.0,0.0,0.0,0.0,3,17.6,32.0,221,Overcast,0,0,
27514,2021-06-01 15:30:00,40.733013,-73.76064,0,0,Unspecified,4422686,23.5,9.7,0.0,0.0,0.0,0.0,3,17.6,32.0,221,Overcast,0,0,
27515,2021-06-01 17:00:00,40.734417,-73.84993,0,0,Unspecified,4423300,23.5,9.7,0.0,0.0,0.0,0.0,3,17.6,32.0,221,Overcast,0,0,
27516,2021-05-31 22:15:00,40.817173,-73.861725,3,0,Unspecified,4423174,20.3,9.3,0.7,0.7,0.0,5.0,51,20.9,40.7,318,Drizzle: Light,3,3,
27517,2021-06-01 00:00:00,40.702763,-73.85692,1,0,Passing or Lane Usage Improper,4422528,23.5,9.7,0.0,0.0,0.0,0.0,3,17.6,32.0,221,Overcast,1,1,
27518,2021-06-01 11:30:00,40.845238,-73.900894,0,0,Turning Improperly,4422779,23.5,9.7,0.0,0.0,0.0,0.0,3,17.6,32.0,221,Overcast,0,0,
27519,2021-06-01 12:18:00,40.672073,-73.91135,0,0,Driver Inexperience,4423264,23.5,9.7,0.0,0.0,0.0,0.0,3,17.6,32.0,221,Overcast,0,0,
27520,2021-06-01 10:30:00,40.83009,-73.94542,2,0,Backing Unsafely,4422639,23.5,9.7,0.0,0.0,0.0,0.0,3,17.6,32.0,221,Overcast,2,2,
27521,2021-06-01 10:07:00,40.84636,-73.84463,0,0,Other Vehicular,4422847,23.5,9.7,0.0,0.0,0.0,0.0,3,17.6,32.0,221,Overcast,0,0,
27522,2021-05-31 03:40:00,40.658836,-73.92046,0,0,Unspecified,4423212,20.3,9.3,0.7,0.7,0.0,5.0,51,20.9,40.7,318,Drizzle: Light,0,0,
27523,2021-06-01 02:23:00,40.836746,-73.86336,0,0,Unspecified,4422496,23.5,9.7,0.0,0.0,0.0,0.0,3,17.6,32.0,221,Overcast,0,0,
27524,2021-06-01 21:42:00,40.70807,-73.94333,0,0,Following Too Closely,4422735,23.5,9.7,0.0,0.0,0.0,0.0,3,17.6,32.0,221,Overcast,0,0,
27525,2021-06-01 19:20:00,40.655487,-73.90287,1,0,Unspecified,4422790,23.5,9.7,0.0,0.0,0.0,0.0,3,17.6,32.0,221,Overcast,1,1,
27526,2021-06-01 09:50:00,40.719746,-73.93941,0,0,Passing Too Closely,4422540,23.5,9.7,0.0,0.0,0.0,0.0,3,17.6,32.0,221,Overcast,0,0,
27527,2021-12-28 17:56:00,40.771656,-73.83153,0,0,Following Too Closely,4490302,8.5,2.2,0.0,0.0,0.0,0.0,3,12.5,22.0,271,Overcast,0,0,
27528,2021-05-29 22:35:00,40.846577,-73.913155,1,0,Unspecified,4423150,11.0,8.5,25.1,25.1,0.0,22.0,63,29.9,56.9,39,Rain: Moderate,1,1,
27529,2021-06-01 09:16:00,40.74579,-73.99072,0,0,Passing Too Closely,4422628,23.5,9.7,0.0,0.0,0.0,0.0,3,17.6,32.0,221,Overcast,0,0,
27530,2021-06-01 22:40:00,40.666348,-73.76093,1,0,Following Too Closely,4422678,23.5,9.7,0.0,0.0,0.0,0.0,3,17.6,32.0,221,Overcast,1,1,
27531,2021-05-04 11:50:00,40.813797,-73.94987,0,0,Other Vehicular,4423235,22.2,11.1,13.2,13.2,0.0,6.0,63,18.9,42.8,74,Rain: Moderate,0,0,
27532,2021-06-01 17:30:00,40.656315,-73.93961,0,0,Unsafe Speed,4422975,23.5,9.7,0.0,0.0,0.0,0.0,3,17.6,32.0,221,Overcast,0,0,
27533,2021-06-01 20:36:00,40.66695,-73.766335,0,0,Unsafe Speed,4422765,23.5,9.7,0.0,0.0,0.0,0.0,3,17.6,32.0,221,Overcast,0,0,
27534,2021-06-01 01:05:00,40.722115,-73.999596,0,0,Unsafe Speed,4422451,23.5,9.7,0.0,0.0,0.0,0.0,3,17.6,32.0,221,Overcast,0,0,
27535,2021-06-01 17:25:00,40.852715,-73.85771,1,0,Other Vehicular,4422841,23.5,9.7,0.0,0.0,0.0,0.0,3,17.6,32.0,221,Overcast,1,1,
27536,2021-06-01 13:49:00,40.686085,-73.982666,1,0,Unsafe Lane Changing,4422600,23.5,9.7,0.0,0.0,0.0,0.0,3,17.6,32.0,221,Overcast,1,1,
27537,2021-06-01 23:20:00,40.84216,-73.831024,0,0,Driver Inexperience,4422802,23.5,9.7,0.0,0.0,0.0,0.0,3,17.6,32.0,221,Overcast,0,0,
27538,2021-12-28 14:46:00,40.83136,-73.86816,0,0,Driver Inattention/Distraction,4490439,8.5,2.2,0.0,0.0,0.0,0.0,3,12.5,22.0,271,Overcast,0,0,
27539,2021-06-01 15:47:00,40.88462,-73.8798,0,0,Unspecified,4422696,23.5,9.7,0.0,0.0,0.0,0.0,3,17.6,32.0,221,Overcast,0,0,
27540,2021-05-14 15:55:00,40.750942,-74.00598,0,0,View Obstructed/Limited,4423163,21.6,7.5,0.0,0.0,0.0,0.0,2,14.3,25.2,276,Partly cloudy,0,0,
27541,2021-06-01 16:31:00,40.826275,-73.85971,0,0,Passing or Lane Usage Improper,4422720,23.5,9.7,0.0,0.0,0.0,0.0,3,17.6,32.0,221,Overcast,0,0,
27542,2021-06-01 17:10:00,40.554417,-74.13047,0,0,Driver Inattention/Distraction,4422978,23.5,9.7,0.0,0.0,0.0,0.0,3,17.6,32.0,221,Overcast,0,0,
27543,2021-06-01 11:25:00,40.664963,-73.98982,0,0,Unspecified,4422650,23.5,9.7,0.0,0.0,0.0,0.0,3,17.6,32.0,221,Overcast,0,0,
27544,2021-06-01 19:30:00,40.802395,-73.936775,0,0,Passing or Lane Usage Improper,4422848,23.5,9.7,0.0,0.0,0.0,0.0,3,17.6,32.0,221,Overcast,0,0,
27545,2021-06-01 14:50:00,40.85533,-73.93332,1,0,Following Too Closely,4422923,23.5,9.7,0.0,0.0,0.0,0.0,3,17.6,32.0,221,Overcast,1,1,
27546,2021-06-01 19:15:00,40.666306,-73.76731,1,0,Driver Inattention/Distraction,4422676,23.5,9.7,0.0,0.0,0.0,0.0,3,17.6,32.0,221,Overcast,1,1,
27547,2021-06-01 03:43:00,40.80853,-73.90497,0,0,Following Too Closely,4422473,23.5,9.7,0.0,0.0,0.0,0.0,3,17.6,32.0,221,Overcast,0,0,
27548,2021-06-01 09:25:00,40.7072,-73.96614,0,0,Driver Inattention/Distraction,4422726,23.5,9.7,0.0,0.0,0.0,0.0,3,17.6,32.0,221,Overcast,0,0,
27549,2021-06-01 10:26:00,40.66542,-73.745995,3,0,Following Too Closely,4422568,23.5,9.7,0.0,0.0,0.0,0.0,3,17.6,32.0,221,Overcast,3,3,
27550,2021-06-01 14:55:00,40.770477,-73.96639,1,0,Unsafe Speed,4422732,23.5,9.7,0.0,0.0,0.0,0.0,3,17.6,32.0,221,Overcast,1,1,
27551,2021-06-01 11:35:00,40.711823,-73.83612,0,0,Driver Inattention/Distraction,4422645,23.5,9.7,0.0,0.0,0.0,0.0,3,17.6,32.0,221,Overcast,0,0,
27552,2021-06-01 20:10:00,40.723625,-74.00479,1,0,Driver Inattention/Distraction,4422724,23.5,9.7,0.0,0.0,0.0,0.0,3,17.6,32.0,221,Overcast,1,1,
27553,2021-06-01 17:36:00,40.604454,-73.96675,0,0,Aggressive Driving/Road Rage,4422689,23.5,9.7,0.0,0.0,0.0,0.0,3,17.6,32.0,221,Overcast,0,0,
27554,2021-05-28 16:48:00,40.57916,-73.98309,1,0,Driver Inattention/Distraction,4423131,19.4,10.6,25.0,25.0,0.0,8.0,63,25.6,47.9,62,Rain: Moderate,1,1,
27555,2021-06-01 12:34:00,40.84521,-73.90845,0,0,Driver Inattention/Distraction,4423193,23.5,9.7,0.0,0.0,0.0,0.0,3,17.6,32.0,221,Overcast,0,0,
27556,2021-06-01 10:20:00,40.67532,-73.79322,0,0,Backing Unsafely,4422886,23.5,9.7,0.0,0.0,0.0,0.0,3,17.6,32.0,221,Overcast,0,0,
27557,2021-05-10 14:55:00,40.695866,-73.96969,0,0,Aggressive Driving/Road Rage,4423281,14.9,8.3,3.3,3.3,0.0,7.0,55,18.8,58.3,339,Drizzle: Dense,0,0,
27558,2021-06-01 19:15:00,40.6234,-74.162,0,0,Driver Inattention/Distraction,4422792,23.5,9.7,0.0,0.0,0.0,0.0,3,17.6,32.0,221,Overcast,0,0,
27559,2021-06-01 08:15:00,40.71786,-73.96223,1,0,Failure to Yield Right-of-Way,4422539,23.5,9.7,0.0,0.0,0.0,0.0,3,17.6,32.0,221,Overcast,1,1,
27560,2021-06-01 15:20:00,40.79536,-73.96942,1,0,Passing or Lane Usage Improper,4423184,23.5,9.7,0.0,0.0,0.0,0.0,3,17.6,32.0,221,Overcast,1,1,
27561,2021-06-01 11:08:00,40.67892,-73.798836,0,0,Reaction to Uninvolved Vehicle,4422584,23.5,9.7,0.0,0.0,0.0,0.0,3,17.6,32.0,221,Overcast,0,0,
27562,2021-06-01 20:38:00,40.69365,-73.98333,0,0,Unspecified,4422780,23.5,9.7,0.0,0.0,0.0,0.0,3,17.6,32.0,221,Overcast,0,0,
27563,2021-06-01 06:50:00,40.659336,-73.92726,0,0,Unspecified,4423216,23.5,9.7,0.0,0.0,0.0,0.0,3,17.6,32.0,221,Overcast,0,0,
27564,2021-06-01 12:03:00,40.844875,-73.8678,0,0,Failure to Yield Right-of-Way,4422627,23.5,9.7,0.0,0.0,0.0,0.0,3,17.6,32.0,221,Overcast,0,0,
27565,2021-06-01 16:20:00,40.85401,-73.87187,0,0,View Obstructed/Limited,4422825,23.5,9.7,0.0,0.0,0.0,0.0,3,17.6,32.0,221,Overcast,0,0,
27566,2021-05-18 06:40:00,40.674576,-73.92206,0,0,Unsafe Speed,4423261,26.1,11.2,0.0,0.0,0.0,0.0,3,15.5,29.2,262,Overcast,0,0,
27567,2021-06-01 00:00:00,40.634792,-73.896965,0,0,Unspecified,4422490,23.5,9.7,0.0,0.0,0.0,0.0,3,17.6,32.0,221,Overcast,0,0,
27568,2021-06-01 13:20:00,40.743935,-73.85749,0,0,Unspecified,4422752,23.5,9.7,0.0,0.0,0.0,0.0,3,17.6,32.0,221,Overcast,0,0,
27569,2021-06-01 22:10:00,40.660656,-73.885796,1,0,Traffic Control Disregarded,4422813,23.5,9.7,0.0,0.0,0.0,0.0,3,17.6,32.0,221,Overcast,1,1,
27570,2021-06-01 16:10:00,40.84827,-73.86713,2,0,Other Vehicular,4422846,23.5,9.7,0.0,0.0,0.0,0.0,3,17.6,32.0,221,Overcast,2,2,
27571,2021-06-01 07:15:00,40.757954,-73.8982,0,0,Traffic Control Disregarded,4422500,23.5,9.7,0.0,0.0,0.0,0.0,3,17.6,32.0,221,Overcast,0,0,
27572,2021-06-01 08:00:00,40.63781,-74.08729,0,0,Unspecified,4422583,23.5,9.7,0.0,0.0,0.0,0.0,3,17.6,32.0,221,Overcast,0,0,
27573,2021-05-28 17:17:00,40.888924,-73.842155,1,0,Driver Inattention/Distraction,4423238,19.4,10.6,25.0,25.0,0.0,8.0,63,25.6,47.9,62,Rain: Moderate,1,1,
27574,2021-05-31 13:30:00,40.65362,-73.933525,0,0,Unspecified,4423251,20.3,9.3,0.7,0.7,0.0,5.0,51,20.9,40.7,318,Drizzle: Light,0,0,
27575,2021-12-16 20:20:00,40.677845,-73.95282,0,0,Following Too Closely,4490787,14.6,9.9,0.0,0.0,0.0,0.0,3,22.4,38.5,222,Overcast,0,0,
27576,2021-06-01 21:47:00,40.816204,-73.91423,0,0,Unspecified,4422712,23.5,9.7,0.0,0.0,0.0,0.0,3,17.6,32.0,221,Overcast,0,0,
27577,2021-06-01 13:00:00,40.76635,-73.95103,1,0,Following Too Closely,4422885,23.5,9.7,0.0,0.0,0.0,0.0,3,17.6,32.0,221,Overcast,1,1,
27578,2021-05-21 19:15:00,40.72185,-73.97919,0,0,Unspecified,4423170,23.9,11.3,0.0,0.0,0.0,0.0,3,19.2,38.5,174,Overcast,0,0,
27579,2021-06-01 10:38:00,40.816307,-73.90806,0,0,Other Vehicular,4422522,23.5,9.7,0.0,0.0,0.0,0.0,3,17.6,32.0,221,Overcast,0,0,
27580,2021-06-01 18:50:00,40.575363,-74.10485,0,0,Turning Improperly,4422640,23.5,9.7,0.0,0.0,0.0,0.0,3,17.6,32.0,221,Overcast,0,0,
27581,2021-06-01 00:00:00,40.82267,-73.92007,1,0,Driver Inattention/Distraction,4422469,23.5,9.7,0.0,0.0,0.0,0.0,3,17.6,32.0,221,Overcast,1,1,
27582,2021-06-01 12:15:00,40.63491,-74.01017,0,0,Unspecified,4422601,23.5,9.7,0.0,0.0,0.0,0.0,3,17.6,32.0,221,Overcast,0,0,
27583,2021-06-01 19:49:00,40.670845,-73.79601,0,0,Passing Too Closely,4422743,23.5,9.7,0.0,0.0,0.0,0.0,3,17.6,32.0,221,Overcast,0,0,
27584,2021-06-01 09:35:00,40.76229,-73.75711,1,0,Driver Inattention/Distraction,4422589,23.5,9.7,0.0,0.0,0.0,0.0,3,17.6,32.0,221,Overcast,1,1,
27585,2021-06-01 06:20:00,40.880535,-73.83212,0,1,Lost Consciousness,4422826,23.5,9.7,0.0,0.0,0.0,0.0,3,17.6,32.0,221,Overcast,20,1,
27586,2021-06-01 17:10:00,40.850494,-73.91546,1,0,Obstruction/Debris,4422664,23.5,9.7,0.0,0.0,0.0,0.0,3,17.6,32.0,221,Overcast,1,1,
27587,2021-06-01 17:36:00,40.68928,-73.86418,0,0,Backing Unsafely,4422778,23.5,9.7,0.0,0.0,0.0,0.0,3,17.6,32.0,221,Overcast,0,0,
27588,2021-06-01 16:22:00,40.81126,-73.943985,0,0,Reaction to Uninvolved Vehicle,4422840,23.5,9.7,0.0,0.0,0.0,0.0,3,17.6,32.0,221,Overcast,0,0,
27589,2021-06-01 10:00:00,40.664894,-73.875946,1,0,Failure to Yield Right-of-Way,4422807,23.5,9.7,0.0,0.0,0.0,0.0,3,17.6,32.0,221,Overcast,1,1,
27590,2021-06-01 16:15:00,40.724255,-73.91251,0,0,Following Too Closely,4422700,23.5,9.7,0.0,0.0,0.0,0.0,3,17.6,32.0,221,Overcast,0,0,
27591,2021-06-01 12:53:00,40.7044,-73.92384,0,0,Passing Too Closely,4422958,23.5,9.7,0.0,0.0,0.0,0.0,3,17.6,32.0,221,Overcast,0,0,
27592,2021-05-31 09:00:00,40.658638,-73.921486,0,0,Unspecified,4423211,20.3,9.3,0.7,0.7,0.0,5.0,51,20.9,40.7,318,Drizzle: Light,0,0,
27593,2021-06-01 11:54:00,40.68558,-73.96423,0,0,View Obstructed/Limited,4422659,23.5,9.7,0.0,0.0,0.0,0.0,3,17.6,32.0,221,Overcast,0,0,
27594,2021-06-01 20:55:00,40.821484,-73.94855,0,0,Unspecified,4423005,23.5,9.7,0.0,0.0,0.0,0.0,3,17.6,32.0,221,Overcast,0,0,
27595,2021-06-01 00:05:00,40.647297,-73.9803,0,0,Unspecified,4422649,23.5,9.7,0.0,0.0,0.0,0.0,3,17.6,32.0,221,Overcast,0,0,
27596,2021-06-01 06:30:00,40.898006,-73.861115,0,0,Driver Inattention/Distraction,4422436,23.5,9.7,0.0,0.0,0.0,0.0,3,17.6,32.0,221,Overcast,0,0,
27597,2021-05-28 13:10:00,40.576885,-74.00323,2,0,Unspecified,4423132,19.4,10.6,25.0,25.0,0.0,8.0,63,25.6,47.9,62,Rain: Moderate,2,2,
27598,2021-06-01 14:29:00,40.736652,-73.9079,0,0,Following Too Closely,4422681,23.5,9.7,0.0,0.0,0.0,0.0,3,17.6,32.0,221,Overcast,0,0,
27599,2021-06-01 11:20:00,40.750637,-73.94283,0,0,Driver Inattention/Distraction,4423309,23.5,9.7,0.0,0.0,0.0,0.0,3,17.6,32.0,221,Overcast,0,0,
27600,2021-06-01 20:30:00,40.781693,-73.839615,0,0,Reaction to Uninvolved Vehicle,4422907,23.5,9.7,0.0,0.0,0.0,0.0,3,17.6,32.0,221,Overcast,0,0,
27601,2021-06-01 11:56:00,40.822018,-73.95368,1,0,Pedestrian/Bicyclist/Other Pedestrian Error/Confusion,4422687,23.5,9.7,0.0,0.0,0.0,0.0,3,17.6,32.0,221,Overcast,1,1,
27602,2021-06-01 21:10:00,40.632885,-73.94771,1,0,Driver Inattention/Distraction,4422739,23.5,9.7,0.0,0.0,0.0,0.0,3,17.6,32.0,221,Overcast,1,1,
27603,2021-06-01 07:35:00,40.74936,-73.88789,1,0,Traffic Control Disregarded,4422928,23.5,9.7,0.0,0.0,0.0,0.0,3,17.6,32.0,221,Overcast,1,1,
27604,2021-06-01 18:07:00,40.764885,-73.8656,2,0,Alcohol Involvement,4422670,23.5,9.7,0.0,0.0,0.0,0.0,3,17.6,32.0,221,Overcast,2,2,
27605,2021-12-28 22:30:00,40.71512,-73.77358,0,0,Unspecified,4490449,8.5,2.2,0.0,0.0,0.0,0.0,3,12.5,22.0,271,Overcast,0,0,
27606,2021-06-01 22:16:00,40.708904,-73.95926,0,0,Failure to Yield Right-of-Way,4423093,23.5,9.7,0.0,0.0,0.0,0.0,3,17.6,32.0,221,Overcast,0,0,
27607,2021-05-28 20:55:00,40.8518,-73.909225,0,0,Failure to Yield Right-of-Way,4423149,19.4,10.6,25.0,25.0,0.0,8.0,63,25.6,47.9,62,Rain: Moderate,0,0,
27608,2021-06-01 14:54:00,40.824707,-73.91552,0,0,Driver Inattention/Distraction,4422763,23.5,9.7,0.0,0.0,0.0,0.0,3,17.6,32.0,221,Overcast,0,0,
27609,2021-06-01 01:18:00,40.682056,-73.990875,0,0,Reaction to Uninvolved Vehicle,4422862,23.5,9.7,0.0,0.0,0.0,0.0,3,17.6,32.0,221,Overcast,0,0,
27610,2021-06-01 22:18:00,40.583797,-73.941315,0,0,Unsafe Speed,4422694,23.5,9.7,0.0,0.0,0.0,0.0,3,17.6,32.0,221,Overcast,0,0,
27611,2021-06-01 13:32:00,40.703842,-73.941795,1,0,Driver Inattention/Distraction,4422727,23.5,9.7,0.0,0.0,0.0,0.0,3,17.6,32.0,221,Overcast,1,1,
27612,2021-05-31 14:45:00,40.6502,-73.91963,0,0,Unspecified,4423215,20.3,9.3,0.7,0.7,0.0,5.0,51,20.9,40.7,318,Drizzle: Light,0,0,
27613,2021-06-01 19:45:00,40.687023,-73.97621,0,0,Passing or Lane Usage Improper,4422971,23.5,9.7,0.0,0.0,0.0,0.0,3,17.6,32.0,221,Overcast,0,0,
27614,2021-05-29 17:55:00,40.69124,-73.98535,0,0,Aggressive Driving/Road Rage,4423290,11.0,8.5,25.1,25.1,0.0,22.0,63,29.9,56.9,39,Rain: Moderate,0,0,
27615,2021-06-01 08:00:00,40.762142,-73.86246,0,0,Unspecified,4422980,23.5,9.7,0.0,0.0,0.0,0.0,3,17.6,32.0,221,Overcast,0,0,
27616,2021-06-01 16:45:00,40.7140707,-73.9543399,2,0,Passing Too Closely,4422733,23.5,9.7,0.0,0.0,0.0,0.0,3,17.6,32.0,221,Overcast,2,2,
27617,2021-06-01 01:29:00,40.746876,-73.95272,1,0,Driver Inattention/Distraction,4422407,23.5,9.7,0.0,0.0,0.0,0.0,3,17.6,32.0,221,Overcast,1,1,
27618,2021-06-01 17:00:00,40.818558,-73.92732,1,0,Backing Unsafely,4423106,23.5,9.7,0.0,0.0,0.0,0.0,3,17.6,32.0,221,Overcast,1,1,
27619,2021-06-01 05:50:00,40.66319,-73.93727,0,0,Driver Inattention/Distraction,4422655,23.5,9.7,0.0,0.0,0.0,0.0,3,17.6,32.0,221,Overcast,0,0,
27620,2021-06-01 20:00:00,40.854942,-73.88941,0,0,Backing Unsafely,4422799,23.5,9.7,0.0,0.0,0.0,0.0,3,17.6,32.0,221,Overcast,0,0,
27621,2021-06-01 07:32:00,40.715763,-73.74654,0,0,Failure to Yield Right-of-Way,4422545,23.5,9.7,0.0,0.0,0.0,0.0,3,17.6,32.0,221,Overcast,0,0,
27622,2021-06-01 15:00:00,40.69761,-73.82005,0,0,Passing or Lane Usage Improper,4422782,23.5,9.7,0.0,0.0,0.0,0.0,3,17.6,32.0,221,Overcast,0,0,
27623,2021-06-01 18:00:00,40.743855,-73.82221,1,0,Failure to Yield Right-of-Way,4422908,23.5,9.7,0.0,0.0,0.0,0.0,3,17.6,32.0,221,Overcast,1,1,
27624,2021-06-01 14:00:00,40.873238,-73.88946,0,0,Driver Inattention/Distraction,4422699,23.5,9.7,0.0,0.0,0.0,0.0,3,17.6,32.0,221,Overcast,0,0,