,CRASH DATETIME,LATITUDE,LONGITUDE,NUMBER OF PERSONS INJURED,NUMBER OF PERSONS KILLED,CONTRIBUTING FACTOR VEHICLE 1,COLLISION_ID,temperature_2m_max,temperature_2m_min,precipitation_sum,rain_sum,snowfall_sum,precipitation_hours,weather_code,wind_speed_10m_max,wind_gusts_10m_max,wind_direction_10m_dominant,Weather Description,Severity_Score,Total_Affected_Persons,Weather_Category
27625,2021-06-01 14:20:00,40.828037,-73.852325,0,0,Unspecified,4422719,23.5,9.7,0.0,0.0,0.0,0.0,3,17.6,32.0,221,Overcast,0,0,
27626,2021-06-01 18:07:00,40.859074,-73.86755,1,0,Unspecified,4422853,23.5,9.7,0.0,0.0,0.0,0.0,3,17.6,32.0,221,Overcast,1,1,
27627,2021-06-01 15:39:00,40.681988,-73.76634,0,0,Passing or Lane Usage Improper,4422745,23.5,9.7,0.0,0.0,0.0,0.0,3,17.6,32.0,221,Overcast,0,0,
27628,2021-06-01 00:07:00,40.680294,-73.76282,0,0,Aggressive Driving/Road Rage,4422588,23.5,9.7,0.0,0.0,0.0,0.0,3,17.6,32.0,221,Overcast,0,0,
27629,2021-06-01 15:00:00,40.813374,-73.956276,1,0,Following Too Closely,4422626,23.5,9.7,0.0,0.0,0.0,0.0,3,17.6,32.0,221,Overcast,1,1,
27630,2021-06-01 01:30:00,40.850933,-73.89589,1,0,Unsafe Speed,4422492,23.5,9.7,0.0,0.0,0.0,0.0,3,17.6,32.0,221,Overcast,1,1,
27631,2021-05-21 12:30:00,40.635853,-74.16619,0,0,Driver Inattention/Distraction,4423222,23.9,11.3,0.0,0.0,0.0,0.0,3,19.2,38.5,174,Overcast,0,0,
27632,2021-05-24 22:40:00,40.78866,-73.778625,3,0,Unsafe Speed,4423183,18.9,13.7,0.0,0.0,0.0,0.0,3,22.4,44.3,126,Overcast,3,3,
27633,2021-06-01 08:27:00,40.697556,-73.80498,1,0,Driver Inattention/Distraction,4422631,23.5,9.7,0.0,0.0,0.0,0.0,3,17.6,32.0,221,Overcast,1,1,
27634,2021-06-01 23:35:00,40.803696,-73.93792,1,0,Unspecified,4422863,23.5,9.7,0.0,0.0,0.0,0.0,3,17.6,32.0,221,Overcast,1,1,
27635,2021-06-01 18:45:00,40.72452,-73.90626,1,0,Traffic Control Disregarded,4422831,23.5,9.7,0.0,0.0,0.0,0.0,3,17.6,32.0,221,Overcast,1,1,
27636,2021-06-01 03:35:00,40.65217,-73.96141,0,0,Unspecified,4422487,23.5,9.7,0.0,0.0,0.0,0.0,3,17.6,32.0,221,Overcast,0,0,
27637,2021-06-01 17:20:00,40.76148,-73.80479,0,0,Unspecified,4422723,23.5,9.7,0.0,0.0,0.0,0.0,3,17.6,32.0,221,Overcast,0,0,
27638,2021-06-01 07:25:00,40.70921,-73.87017,0,0,Failure to Yield Right-of-Way,4422536,23.5,9.7,0.0,0.0,0.0,0.0,3,17.6,32.0,221,Overcast,0,0,
27639,2021-06-01 18:40:00,40.828384,-73.90283,0,0,Unspecified,4422762,23.5,9.7,0.0,0.0,0.0,0.0,3,17.6,32.0,221,Overcast,0,0,
27640,2021-06-01 00:35:00,40.68024,-73.89602,0,0,Passing or Lane Usage Improper,4422463,23.5,9.7,0.0,0.0,0.0,0.0,3,17.6,32.0,221,Overcast,0,0,
27641,2021-06-01 11:00:00,40.73204,-73.87034,0,0,Failure to Yield Right-of-Way,4422644,23.5,9.7,0.0,0.0,0.0,0.0,3,17.6,32.0,221,Overcast,0,0,
27642,2021-06-01 18:00:00,40.65892,-73.889824,2,0,Other Vehicular,4422812,23.5,9.7,0.0,0.0,0.0,0.0,3,17.6,32.0,221,Overcast,2,2,
27643,2021-06-01 12:55:00,40.782055,-73.95373,1,0,Driver Inattention/Distraction,4422742,23.5,9.7,0.0,0.0,0.0,0.0,3,17.6,32.0,221,Overcast,1,1,
27644,2021-06-01 11:50:00,40.78071,-73.948555,1,0,Lost Consciousness,4422582,23.5,9.7,0.0,0.0,0.0,0.0,3,17.6,32.0,221,Overcast,1,1,
27645,2021-06-01 16:30:00,40.64313,-73.99647,0,0,Driver Inattention/Distraction,4423145,23.5,9.7,0.0,0.0,0.0,0.0,3,17.6,32.0,221,Overcast,0,0,
27646,2021-06-01 13:10:00,40.64405,-73.90399,2,0,Aggressive Driving/Road Rage,4423017,23.5,9.7,0.0,0.0,0.0,0.0,3,17.6,32.0,221,Overcast,2,2,
27647,2021-06-01 21:00:00,40.677654,-73.82866,0,0,Backing Unsafely,4422682,23.5,9.7,0.0,0.0,0.0,0.0,3,17.6,32.0,221,Overcast,0,0,
27648,2021-06-01 17:03:00,40.67447,-73.8027,0,0,Following Too Closely,4422665,23.5,9.7,0.0,0.0,0.0,0.0,3,17.6,32.0,221,Overcast,0,0,
27649,2021-06-01 20:30:00,40.674088,-73.79837,0,0,Alcohol Involvement,4422883,23.5,9.7,0.0,0.0,0.0,0.0,3,17.6,32.0,221,Overcast,0,0,
27650,2021-06-01 18:20:00,40.8716,-73.91507,0,0,Unspecified,4422956,23.5,9.7,0.0,0.0,0.0,0.0,3,17.6,32.0,221,Overcast,0,0,
27651,2021-06-01 15:23:00,40.72484,-73.93677,0,0,Unspecified,4422688,23.5,9.7,0.0,0.0,0.0,0.0,3,17.6,32.0,221,Overcast,0,0,
27652,2021-12-27 20:30:00,40.652462,-73.92285,1,0,Failure to Yield Right-of-Way,4490599,2.7,-1.4,2.1,0.8,0.91,5.0,73,13.5,23.0,10,Snow fall: Moderate,1,1,Snowy Conditions
27653,2021-06-01 07:52:00,40.60548,-73.93922,0,0,Unsafe Speed,4422521,23.5,9.7,0.0,0.0,0.0,0.0,3,17.6,32.0,221,Overcast,0,0,
27654,2021-05-30 11:25:00,40.66894,-73.91581,0,0,Other Vehicular,4423167,11.5,8.5,13.7,13.7,0.0,24.0,61,28.1,52.2,22,Rain: Light,0,0,
27655,2021-06-01 19:00:00,40.719475,-73.79263,1,0,Following Too Closely,4422776,23.5,9.7,0.0,0.0,0.0,0.0,3,17.6,32.0,221,Overcast,1,1,
27656,2021-06-01 19:49:00,40.815304,-73.94371,1,0,Failure to Yield Right-of-Way,4422838,23.5,9.7,0.0,0.0,0.0,0.0,3,17.6,32.0,221,Overcast,1,1,
27657,2021-06-01 09:18:00,40.705578,-73.94119,1,0,Passenger Distraction,4422602,23.5,9.7,0.0,0.0,0.0,0.0,3,17.6,32.0,221,Overcast,1,1,
27658,2021-06-01 11:18:00,40.803593,-73.919785,0,0,Following Too Closely,4422707,23.5,9.7,0.0,0.0,0.0,0.0,3,17.6,32.0,221,Overcast,0,0,
27659,2021-06-01 16:00:00,40.836502,-73.825165,0,0,Unspecified,4422805,23.5,9.7,0.0,0.0,0.0,0.0,3,17.6,32.0,221,Overcast,0,0,
27660,2021-06-01 08:28:00,40.707077,-73.954025,1,0,Driver Inattention/Distraction,4422738,23.5,9.7,0.0,0.0,0.0,0.0,3,17.6,32.0,221,Overcast,1,1,
27661,2021-06-01 06:12:00,40.732727,-73.97451,0,0,Passing Too Closely,4422501,23.5,9.7,0.0,0.0,0.0,0.0,3,17.6,32.0,221,Overcast,0,0,
27662,2021-06-01 15:10:00,40.659912,-73.998604,0,0,Unspecified,4422648,23.5,9.7,0.0,0.0,0.0,0.0,3,17.6,32.0,221,Overcast,0,0,
27663,2021-05-29 20:30:00,40.650856,-73.9486,0,0,Failure to Yield Right-of-Way,4423250,11.0,8.5,25.1,25.1,0.0,22.0,63,29.9,56.9,39,Rain: Moderate,0,0,
27664,2021-06-01 14:16:00,40.880466,-73.88384,1,0,Unsafe Lane Changing,4422620,23.5,9.7,0.0,0.0,0.0,0.0,3,17.6,32.0,221,Overcast,1,1,
27665,2021-06-01 20:00:00,40.81636,-73.91876,1,0,Other Vehicular,4422713,23.5,9.7,0.0,0.0,0.0,0.0,3,17.6,32.0,221,Overcast,1,1,
27666,2021-06-01 15:40:00,40.68989,-73.81819,1,0,Failure to Yield Right-of-Way,4423065,23.5,9.7,0.0,0.0,0.0,0.0,3,17.6,32.0,221,Overcast,1,1,
27667,2021-05-31 22:55:00,40.57699,-73.98153,1,0,Failure to Yield Right-of-Way,4423135,20.3,9.3,0.7,0.7,0.0,5.0,51,20.9,40.7,318,Drizzle: Light,1,1,
27668,2021-06-01 12:30:00,40.763344,-73.87731,6,0,Driver Inattention/Distraction,4422898,23.5,9.7,0.0,0.0,0.0,0.0,3,17.6,32.0,221,Overcast,6,6,
27669,2021-05-28 00:09:00,40.64625,-73.918816,0,0,Unsafe Speed,4423208,19.4,10.6,25.0,25.0,0.0,8.0,63,25.6,47.9,62,Rain: Moderate,0,0,
27670,2021-12-27 10:50:00,40.66925,-73.93944,1,0,Following Too Closely,4490792,2.7,-1.4,2.1,0.8,0.91,5.0,73,13.5,23.0,10,Snow fall: Moderate,1,1,Snowy Conditions
27671,2021-06-01 06:13:00,40.669765,-73.94869,0,0,Driver Inattention/Distraction,4422932,23.5,9.7,0.0,0.0,0.0,0.0,3,17.6,32.0,221,Overcast,0,0,
27672,2021-06-01 15:18:00,40.733154,-73.87056,0,0,Traffic Control Disregarded,4422755,23.5,9.7,0.0,0.0,0.0,0.0,3,17.6,32.0,221,Overcast,0,0,
27673,2021-05-27 18:15:00,40.71071,-73.793045,0,0,Driver Inattention/Distraction,4423296,27.4,18.3,2.4,2.4,0.0,3.0,61,23.5,42.1,313,Rain: Light,0,0,
27674,2021-06-01 00:07:00,40.680313,-73.72879,0,0,Unsafe Speed,4422546,23.5,9.7,0.0,0.0,0.0,0.0,3,17.6,32.0,221,Overcast,0,0,
27675,2021-06-01 17:30:00,40.865574,-73.82314,0,0,Alcohol Involvement,4422801,23.5,9.7,0.0,0.0,0.0,0.0,3,17.6,32.0,221,Overcast,0,0,
27676,2021-06-01 15:15:00,40.72619,-73.952156,1,0,Driver Inattention/Distraction,4423182,23.5,9.7,0.0,0.0,0.0,0.0,3,17.6,32.0,221,Overcast,1,1,
27677,2021-06-01 20:40:00,40.782097,-73.79724,1,0,Turning Improperly,4422746,23.5,9.7,0.0,0.0,0.0,0.0,3,17.6,32.0,221,Overcast,1,1,
27678,2021-06-01 09:15:00,40.66878,-73.9785,0,0,Following Too Closely,4422534,23.5,9.7,0.0,0.0,0.0,0.0,3,17.6,32.0,221,Overcast,0,0,
27679,2021-06-01 13:45:00,40.691994,-73.76111,0,0,Driver Inexperience,4422593,23.5,9.7,0.0,0.0,0.0,0.0,3,17.6,32.0,221,Overcast,0,0,
27680,2021-06-01 12:49:00,40.8542,-73.854416,1,0,Failure to Yield Right-of-Way,4422845,23.5,9.7,0.0,0.0,0.0,0.0,3,17.6,32.0,221,Overcast,1,1,
27681,2021-06-01 20:00:00,40.691074,-73.88733,3,0,Following Too Closely,4422834,23.5,9.7,0.0,0.0,0.0,0.0,3,17.6,32.0,221,Overcast,3,3,
27682,2021-06-01 06:45:00,40.86268,-73.90905,0,0,Aggressive Driving/Road Rage,4422494,23.5,9.7,0.0,0.0,0.0,0.0,3,17.6,32.0,221,Overcast,0,0,
27683,2021-05-30 18:12:00,40.65605,-73.92361,1,0,Following Too Closely,4423209,11.5,8.5,13.7,13.7,0.0,24.0,61,28.1,52.2,22,Rain: Light,1,1,
27684,2021-06-01 17:38:00,40.611885,-73.94508,1,0,Failure to Yield Right-of-Way,4422693,23.5,9.7,0.0,0.0,0.0,0.0,3,17.6,32.0,221,Overcast,1,1,
27685,2021-06-01 12:15:00,40.80321,-73.91892,1,0,Other Vehicular,4423077,23.5,9.7,0.0,0.0,0.0,0.0,3,17.6,32.0,221,Overcast,1,1,
27686,2021-12-28 01:07:00,40.7558,-73.86535,2,0,Traffic Control Disregarded,4490422,8.5,2.2,0.0,0.0,0.0,0.0,3,12.5,22.0,271,Overcast,2,2,
27687,2021-06-01 00:45:00,40.6848,-73.9138,0,0,Passing Too Closely,4422417,23.5,9.7,0.0,0.0,0.0,0.0,3,17.6,32.0,221,Overcast,0,0,
27688,2021-05-12 12:00:00,40.673996,-73.92785,0,0,Traffic Control Disregarded,4423256,17.9,5.8,0.0,0.0,0.0,0.0,2,20.0,41.0,317,Partly cloudy,0,0,
27689,2021-06-01 07:30:00,40.708508,-74.01336,0,0,Unspecified,4422722,23.5,9.7,0.0,0.0,0.0,0.0,3,17.6,32.0,221,Overcast,0,0,
27690,2021-06-01 19:30:00,40.71337,-73.934814,0,0,Oversized Vehicle,4422734,23.5,9.7,0.0,0.0,0.0,0.0,3,17.6,32.0,221,Overcast,0,0,
27691,2021-05-31 12:44:00,40.578938,-73.98522,1,0,Passing or Lane Usage Improper,4423202,20.3,9.3,0.7,0.7,0.0,5.0,51,20.9,40.7,318,Drizzle: Light,1,1,
27692,2021-06-01 20:10:00,40.607685,-74.13892,0,0,Reaction to Uninvolved Vehicle,4422855,23.5,9.7,0.0,0.0,0.0,0.0,3,17.6,32.0,221,Overcast,0,0,
27693,2021-06-01 06:31:00,40.666363,-73.935555,0,0,Backing Unsafely,4422673,23.5,9.7,0.0,0.0,0.0,0.0,3,17.6,32.0,221,Overcast,0,0,
27694,2021-05-30 05:15:00,40.609867,-73.74515,0,0,Alcohol Involvement,4423224,11.5,8.5,13.7,13.7,0.0,24.0,61,28.1,52.2,22,Rain: Light,0,0,
27695,2021-06-01 14:50:00,40.712315,-73.957085,0,0,Driver Inattention/Distraction,4422729,23.5,9.7,0.0,0.0,0.0,0.0,3,17.6,32.0,221,Overcast,0,0,
27696,2021-06-01 00:07:00,40.63315,-73.96703,2,0,Driver Inattention/Distraction,4422486,23.5,9.7,0.0,0.0,0.0,0.0,3,17.6,32.0,221,Overcast,2,2,
27697,2021-06-01 13:40:00,40.60242,-74.174675,2,0,Following Too Closely,4422785,23.5,9.7,0.0,0.0,0.0,0.0,3,17.6,32.0,221,Overcast,2,2,
27698,2021-06-01 13:45:00,40.68593,-73.97635,0,0,Unspecified,4422866,23.5,9.7,0.0,0.0,0.0,0.0,3,17.6,32.0,221,Overcast,0,0,
27699,2021-06-01 13:43:00,40.705425,-73.78258,0,0,Passing or Lane Usage Improper,4422632,23.5,9.7,0.0,0.0,0.0,0.0,3,17.6,32.0,221,Overcast,0,0,
27700,2021-06-01 15:55:00,40.72089,-73.84682,0,0,Turning Improperly,4422625,23.5,9.7,0.0,0.0,0.0,0.0,3,17.6,32.0,221,Overcast,0,0,
27701,2021-06-01 09:30:00,40.672665,-73.98828,0,0,Reaction to Uninvolved Vehicle,4422822,23.5,9.7,0.0,0.0,0.0,0.0,3,17.6,32.0,221,Overcast,0,0,
27702,2021-05-30 14:00:00,40.658478,-73.92818,1,0,Driver Inattention/Distraction,4423214,11.5,8.5,13.7,13.7,0.0,24.0,61,28.1,52.2,22,Rain: Light,1,1,
27703,2021-06-01 20:50:00,40.66468,-73.95101,3,0,Driver Inexperience,4422669,23.5,9.7,0.0,0.0,0.0,0.0,3,17.6,32.0,221,Overcast,3,3,
27704,2021-05-27 11:38:00,40.61919,-73.92302,1,0,Failure to Yield Right-of-Way,4423154,27.4,18.3,2.4,2.4,0.0,3.0,61,23.5,42.1,313,Rain: Light,1,1,
27705,2021-06-01 18:00:00,40.608143,-74.00412,0,0,Unspecified,4422985,23.5,9.7,0.0,0.0,0.0,0.0,3,17.6,32.0,221,Overcast,0,0,
27706,2021-06-01 17:52:00,40.754543,-73.83056,0,0,Failure to Yield Right-of-Way,4422718,23.5,9.7,0.0,0.0,0.0,0.0,3,17.6,32.0,221,Overcast,0,0,
27707,2021-06-01 00:30:00,40.67381,-73.754776,0,0,Unspecified,4422661,23.5,9.7,0.0,0.0,0.0,0.0,3,17.6,32.0,221,Overcast,0,0,
27708,2021-06-01 21:50:00,40.68723,-73.941795,0,0,Driver Inattention/Distraction,4422941,23.5,9.7,0.0,0.0,0.0,0.0,3,17.6,32.0,221,Overcast,0,0,
27709,2021-06-01 19:46:00,40.867275,-73.91922,0,0,Unspecified,4422969,23.5,9.7,0.0,0.0,0.0,0.0,3,17.6,32.0,221,Overcast,0,0,
27710,2021-06-01 15:53:00,40.744778,-73.97589,0,0,Driver Inattention/Distraction,4423021,23.5,9.7,0.0,0.0,0.0,0.0,3,17.6,32.0,221,Overcast,0,0,
27711,2021-06-01 17:00:00,40.763344,-73.75791,0,0,Passing or Lane Usage Improper,4422684,23.5,9.7,0.0,0.0,0.0,0.0,3,17.6,32.0,221,Overcast,0,0,
27712,2021-06-01 18:15:00,40.830563,-73.92727,1,0,Passing or Lane Usage Improper,4422698,23.5,9.7,0.0,0.0,0.0,0.0,3,17.6,32.0,221,Overcast,1,1,
27713,2021-12-28 23:08:00,40.77054,-73.93205,1,0,Failure to Yield Right-of-Way,4490363,8.5,2.2,0.0,0.0,0.0,0.0,3,12.5,22.0,271,Overcast,1,1,
27714,2021-12-23 21:09:00,40.8179,-73.86406,1,0,Unsafe Speed,4490628,2.1,-2.3,0.0,0.0,0.0,0.0,3,20.1,35.6,299,Overcast,1,1,
27715,2021-12-28 16:40:00,40.696198,-73.98877,1,0,Following Too Closely,4490732,8.5,2.2,0.0,0.0,0.0,0.0,3,12.5,22.0,271,Overcast,1,1,
27716,2021-12-28 22:56:00,40.81569,-73.958305,1,0,Unspecified,4490476,8.5,2.2,0.0,0.0,0.0,0.0,3,12.5,22.0,271,Overcast,1,1,
27717,2021-12-28 14:52:00,40.714993,-73.99887,0,0,Backing Unsafely,4490579,8.5,2.2,0.0,0.0,0.0,0.0,3,12.5,22.0,271,Overcast,0,0,
27718,2021-11-26 02:51:00,40.749718,-73.86419,1,0,Driver Inattention/Distraction,4490819,7.6,1.6,8.4,8.4,0.0,11.0,61,28.7,53.6,279,Rain: Light,1,1,
27719,2021-12-27 12:02:00,40.639297,-73.98409,1,0,Unspecified,4490588,2.7,-1.4,2.1,0.8,0.91,5.0,73,13.5,23.0,10,Snow fall: Moderate,1,1,Snowy Conditions
27720,2021-12-20 14:00:00,40.673256,-73.9307,1,0,Unspecified,4490826,1.8,-4.4,0.0,0.0,0.0,0.0,2,17.9,32.8,282,Partly cloudy,1,1,
27721,2021-12-28 03:15:00,0.0,0.0,0,0,Unsafe Speed,4490113,8.5,2.2,0.0,0.0,0.0,0.0,3,12.5,22.0,271,Overcast,0,0,
27722,2021-12-25 22:45:00,40.856808,-73.92827,0,0,Driver Inexperience,4490847,8.8,0.5,6.1,6.1,0.0,14.0,55,14.5,24.8,284,Drizzle: Dense,0,0,
27723,2021-12-28 19:20:00,40.703434,-73.96035,0,0,Other Vehicular,4490393,8.5,2.2,0.0,0.0,0.0,0.0,3,12.5,22.0,271,Overcast,0,0,
27724,2021-12-23 13:50:00,40.799046,-73.94133,0,0,Other Vehicular,4490654,2.1,-2.3,0.0,0.0,0.0,0.0,3,20.1,35.6,299,Overcast,0,0,
27725,2021-12-28 19:40:00,40.73578,-73.746544,0,0,Driver Inattention/Distraction,4490293,8.5,2.2,0.0,0.0,0.0,0.0,3,12.5,22.0,271,Overcast,0,0,
27726,2021-12-27 11:30:00,40.638794,-73.97075,0,0,Unspecified,4490646,2.7,-1.4,2.1,0.8,0.91,5.0,73,13.5,23.0,10,Snow fall: Moderate,0,0,Snowy Conditions
27727,2021-12-27 03:30:00,40.674736,-73.925,2,0,Driver Inattention/Distraction,4490788,2.7,-1.4,2.1,0.8,0.91,5.0,73,13.5,23.0,10,Snow fall: Moderate,2,2,Snowy Conditions
27728,2021-12-28 20:02:00,40.671055,-73.98815,0,0,Failure to Yield Right-of-Way,4490491,8.5,2.2,0.0,0.0,0.0,0.0,3,12.5,22.0,271,Overcast,0,0,
27729,2021-12-28 15:17:00,40.75379,-73.91548,2,0,Driver Inattention/Distraction,4490550,8.5,2.2,0.0,0.0,0.0,0.0,3,12.5,22.0,271,Overcast,2,2,
27730,2021-12-26 13:45:00,40.82081,-73.81236,0,0,Unspecified,4490708,8.9,3.4,0.0,0.0,0.0,0.0,3,21.9,38.9,316,Overcast,0,0,
27731,2021-12-28 17:45:00,40.65196,-73.90995,1,0,View Obstructed/Limited,4490605,8.5,2.2,0.0,0.0,0.0,0.0,3,12.5,22.0,271,Overcast,1,1,
27732,2021-12-28 08:30:00,40.745472,-73.8661,0,0,Following Too Closely,4490352,8.5,2.2,0.0,0.0,0.0,0.0,3,12.5,22.0,271,Overcast,0,0,
27733,2021-12-28 12:50:00,40.681286,-73.76979,0,0,Backing Unsafely,4490235,8.5,2.2,0.0,0.0,0.0,0.0,3,12.5,22.0,271,Overcast,0,0,
27734,2021-12-18 10:28:00,40.80549,-73.91031,1,0,Other Vehicular,4490612,6.3,4.5,3.8,3.8,0.0,9.0,61,12.3,24.5,35,Rain: Light,1,1,
27735,2021-12-28 10:30:00,40.669403,-73.94221,0,0,Driver Inattention/Distraction,4490327,8.5,2.2,0.0,0.0,0.0,0.0,3,12.5,22.0,271,Overcast,0,0,
27736,2021-12-28 15:05:00,40.682243,-73.82222,1,0,Failure to Yield Right-of-Way,4490367,8.5,2.2,0.0,0.0,0.0,0.0,3,12.5,22.0,271,Overcast,1,1,
27737,2021-12-23 17:14:00,40.718864,-73.97483,0,0,Unspecified,4490737,2.1,-2.3,0.0,0.0,0.0,0.0,3,20.1,35.6,299,Overcast,0,0,
27738,2021-12-24 20:21:00,40.793552,-73.945335,2,0,Unspecified,4490666,5.7,-1.1,1.0,0.0,0.7,5.0,73,12.4,21.6,73,Snow fall: Moderate,2,2,Snowy Conditions
27739,2021-12-01 08:00:00,40.766876,-73.97908,1,0,Driver Inattention/Distraction,4490678,8.6,1.0,0.1,0.1,0.0,1.0,51,16.6,29.5,254,Drizzle: Light,1,1,
27740,2021-12-28 00:00:00,40.804375,-73.93742,0,0,Passing or Lane Usage Improper,4490228,8.5,2.2,0.0,0.0,0.0,0.0,3,12.5,22.0,271,Overcast,0,0,
27741,2021-12-15 13:13:00,40.83717,-73.8433,0,0,Unspecified,4490571,10.3,1.8,1.0,1.0,0.0,6.0,51,20.6,38.2,104,Drizzle: Light,0,0,
27742,2021-10-03 23:00:00,40.660114,-73.90149,0,0,Unspecified,4463949,25.9,12.8,0.0,0.0,0.0,0.0,3,12.0,24.1,217,Overcast,0,0,
27743,2021-12-28 16:35:00,40.874992,-73.844246,1,0,Unsafe Speed,4490285,8.5,2.2,0.0,0.0,0.0,0.0,3,12.5,22.0,271,Overcast,1,1,
27744,2021-12-24 21:49:00,40.820534,-73.94054,0,0,Alcohol Involvement,4490625,5.7,-1.1,1.0,0.0,0.7,5.0,73,12.4,21.6,73,Snow fall: Moderate,0,0,Snowy Conditions
27745,2021-12-28 07:03:00,40.586296,-74.162994,1,0,Driver Inattention/Distraction,4490213,8.5,2.2,0.0,0.0,0.0,0.0,3,12.5,22.0,271,Overcast,1,1,
27746,2021-12-28 23:15:00,40.74278,-73.82817,2,0,Driver Inattention/Distraction,4490382,8.5,2.2,0.0,0.0,0.0,0.0,3,12.5,22.0,271,Overcast,2,2,
27747,2021-12-23 15:21:00,40.790894,-73.945175,1,0,Driver Inattention/Distraction,4490663,2.1,-2.3,0.0,0.0,0.0,0.0,3,20.1,35.6,299,Overcast,1,1,
27748,2021-12-28 10:00:00,40.644615,-73.926506,0,0,Unspecified,4490602,8.5,2.2,0.0,0.0,0.0,0.0,3,12.5,22.0,271,Overcast,0,0,
27749,2021-12-28 01:50:00,40.75899,-73.83454,0,0,Following Too Closely,4490317,8.5,2.2,0.0,0.0,0.0,0.0,3,12.5,22.0,271,Overcast,0,0,
27750,2021-12-20 16:00:00,40.74713,-73.88869,1,0,Unspecified,4490834,1.8,-4.4,0.0,0.0,0.0,0.0,2,17.9,32.8,282,Partly cloudy,1,1,
27751,2021-12-28 00:00:00,40.824207,-73.87529,0,0,Unspecified,4490440,8.5,2.2,0.0,0.0,0.0,0.0,3,12.5,22.0,271,Overcast,0,0,
27752,2021-12-28 11:30:00,40.762127,-73.99739,0,0,Unspecified,4490410,8.5,2.2,0.0,0.0,0.0,0.0,3,12.5,22.0,271,Overcast,0,0,
27753,2021-12-19 01:00:00,40.864254,-73.88813,2,0,Unsafe Lane Changing,4490756,7.1,-1.8,0.5,0.5,0.0,4.0,51,26.4,47.5,327,Drizzle: Light,2,2,
27754,2021-12-28 06:00:00,40.70648,-73.94449,0,0,Unsafe Speed,4490798,8.5,2.2,0.0,0.0,0.0,0.0,3,12.5,22.0,271,Overcast,0,0,
27755,2021-12-28 13:44:00,40.854626,-73.90882,0,0,Backing Unsafely,4490454,8.5,2.2,0.0,0.0,0.0,0.0,3,12.5,22.0,271,Overcast,0,0,
27756,2021-12-28 15:14:00,40.71717,-73.834946,11,0,Lost Consciousness,4490311,8.5,2.2,0.0,0.0,0.0,0.0,3,12.5,22.0,271,Overcast,11,11,
27757,2021-12-28 15:40:00,40.597713,-73.96665,0,0,Unspecified,4490270,8.5,2.2,0.0,0.0,0.0,0.0,3,12.5,22.0,271,Overcast,0,0,
27758,2021-12-28 19:54:00,40.616413,-74.103516,2,0,Driver Inattention/Distraction,4490635,8.5,2.2,0.0,0.0,0.0,0.0,3,12.5,22.0,271,Overcast,2,2,
27759,2021-12-28 15:15:00,40.68871,-73.95499,1,0,Driver Inattention/Distraction,4490692,8.5,2.2,0.0,0.0,0.0,0.0,3,12.5,22.0,271,Overcast,1,1,
27760,2021-12-28 00:30:00,40.64824,-74.01401,0,0,Traffic Control Disregarded,4490338,8.5,2.2,0.0,0.0,0.0,0.0,3,12.5,22.0,271,Overcast,0,0,
27761,2021-12-28 10:20:00,40.633026,-73.92546,0,0,Driver Inattention/Distraction,4490502,8.5,2.2,0.0,0.0,0.0,0.0,3,12.5,22.0,271,Overcast,0,0,
27762,2021-12-28 20:30:00,40.648254,-73.971405,0,0,Unspecified,4490658,8.5,2.2,0.0,0.0,0.0,0.0,3,12.5,22.0,271,Overcast,0,0,
27763,2021-12-26 19:05:00,40.642254,-73.92742,0,0,Unspecified,4490598,8.9,3.4,0.0,0.0,0.0,0.0,3,21.9,38.9,316,Overcast,0,0,
27764,2021-12-28 09:20:00,40.677048,-73.98004,1,0,Failure to Yield Right-of-Way,4490192,8.5,2.2,0.0,0.0,0.0,0.0,3,12.5,22.0,271,Overcast,1,1,
27765,2021-12-28 20:40:00,40.586536,-73.93345,0,0,Driver Inattention/Distraction,4490527,8.5,2.2,0.0,0.0,0.0,0.0,3,12.5,22.0,271,Overcast,0,0,
27766,2021-12-28 20:50:00,40.713284,-73.7358,1,0,Unspecified,4490343,8.5,2.2,0.0,0.0,0.0,0.0,3,12.5,22.0,271,Overcast,1,1,
27767,2022-04-01 21:00:00,40.729866,-73.87733,0,0,Driver Inattention/Distraction,4515459,15.2,5.3,1.4,1.4,0.0,8.0,51,33.1,61.9,277,Drizzle: Light,0,0,
27768,2021-12-27 13:03:00,40.670887,-73.93649,0,0,Driver Inattention/Distraction,4490786,2.7,-1.4,2.1,0.8,0.91,5.0,73,13.5,23.0,10,Snow fall: Moderate,0,0,Snowy Conditions
27769,2021-12-28 23:55:00,40.632885,-73.94771,0,0,Unspecified,4490397,8.5,2.2,0.0,0.0,0.0,0.0,3,12.5,22.0,271,Overcast,0,0,
27770,2021-12-03 09:45:00,40.671535,-73.957664,1,0,Failure to Yield Right-of-Way,4490794,9.3,0.9,0.0,0.0,0.0,0.0,3,27.6,53.3,301,Overcast,1,1,
27771,2021-12-24 14:49:00,40.683506,-73.97386,2,0,Unspecified,4490616,5.7,-1.1,1.0,0.0,0.7,5.0,73,12.4,21.6,73,Snow fall: Moderate,2,2,Snowy Conditions
27772,2021-12-28 17:38:00,40.85132,-73.90842,3,0,Driver Inattention/Distraction,4490296,8.5,2.2,0.0,0.0,0.0,0.0,3,12.5,22.0,271,Overcast,3,3,
27773,2021-12-20 06:38:00,40.793766,-73.93411,0,0,Driver Inattention/Distraction,4490655,1.8,-4.4,0.0,0.0,0.0,0.0,2,17.9,32.8,282,Partly cloudy,0,0,
27774,2021-12-24 14:03:00,40.650806,-73.94958,1,0,Driver Inattention/Distraction,4490608,5.7,-1.1,1.0,0.0,0.7,5.0,73,12.4,21.6,73,Snow fall: Moderate,1,1,Snowy Conditions