,CRASH DATETIME,LATITUDE,LONGITUDE,NUMBER OF PERSONS INJURED,NUMBER OF PERSONS KILLED,CONTRIBUTING FACTOR VEHICLE 1,COLLISION_ID,temperature_2m_max,temperature_2m_min,precipitation_sum,rain_sum,snowfall_sum,precipitation_hours,weather_code,wind_speed_10m_max,wind_gusts_10m_max,wind_direction_10m_dominant,Weather Description,Severity_Score,Total_Affected_Persons,Weather_Category
27775,2021-12-28 19:25:00,40.659405,-73.9505,3,0,Driver Inattention/Distraction,4490328,8.5,2.2,0.0,0.0,0.0,0.0,3,12.5,22.0,271,Overcast,3,3,
27776,2021-12-20 21:30:00,40.720997,-73.94088,0,0,,4490697,1.8,-4.4,0.0,0.0,0.0,0.0,2,17.9,32.8,282,Partly cloudy,0,0,
27777,2021-12-28 16:00:00,40.541744,-74.207,0,0,Failure to Yield Right-of-Way,4490683,8.5,2.2,0.0,0.0,0.0,0.0,3,12.5,22.0,271,Overcast,0,0,
27778,2021-12-28 15:00:00,40.52418,-74.2348,1,0,Unspecified,4490247,8.5,2.2,0.0,0.0,0.0,0.0,3,12.5,22.0,271,Overcast,1,1,
27779,2021-12-23 19:19:00,40.676937,-73.92183,1,0,Pavement Defective,4490789,2.1,-2.3,0.0,0.0,0.0,0.0,3,20.1,35.6,299,Overcast,1,1,
27780,2021-12-28 08:30:00,40.757824,-73.79006,0,0,Unspecified,4490463,8.5,2.2,0.0,0.0,0.0,0.0,3,12.5,22.0,271,Overcast,0,0,
27781,2021-12-24 19:14:00,40.848938,-73.93708,1,0,Traffic Control Disregarded,4490845,5.7,-1.1,1.0,0.0,0.7,5.0,73,12.4,21.6,73,Snow fall: Moderate,1,1,Snowy Conditions
27782,2021-12-26 18:26:00,40.7338,-73.871414,0,0,Driver Inattention/Distraction,4490849,8.9,3.4,0.0,0.0,0.0,0.0,3,21.9,38.9,316,Overcast,0,0,
27783,2021-12-28 00:15:00,40.859306,-73.89885,4,0,Unspecified,4490137,8.5,2.2,0.0,0.0,0.0,0.0,3,12.5,22.0,271,Overcast,4,4,
27784,2021-12-24 19:50:00,40.8376,-73.8202,0,0,Unspecified,4490569,5.7,-1.1,1.0,0.0,0.7,5.0,73,12.4,21.6,73,Snow fall: Moderate,0,0,Snowy Conditions
27785,2021-12-28 00:51:00,40.722916,-73.990524,0,0,Passing Too Closely,4490589,8.5,2.2,0.0,0.0,0.0,0.0,3,12.5,22.0,271,Overcast,0,0,
27786,2021-12-28 12:14:00,40.709393,-73.94014,0,0,Driver Inattention/Distraction,4490392,8.5,2.2,0.0,0.0,0.0,0.0,3,12.5,22.0,271,Overcast,0,0,
27787,2021-12-27 17:00:00,40.704002,-73.85593,1,0,Failure to Yield Right-of-Way,4490709,2.7,-1.4,2.1,0.8,0.91,5.0,73,13.5,23.0,10,Snow fall: Moderate,1,1,Snowy Conditions
27788,2021-12-28 15:59:00,40.73093,-73.864586,1,0,Driver Inattention/Distraction,4490430,8.5,2.2,0.0,0.0,0.0,0.0,3,12.5,22.0,271,Overcast,1,1,
27789,2021-12-18 20:44:00,40.719418,-74.00194,1,0,Driver Inattention/Distraction,4490582,6.3,4.5,3.8,3.8,0.0,9.0,61,12.3,24.5,35,Rain: Light,1,1,
27790,2021-12-28 12:00:00,40.77079,-73.92079,1,0,Following Too Closely,4490227,8.5,2.2,0.0,0.0,0.0,0.0,3,12.5,22.0,271,Overcast,1,1,
27791,2021-12-26 13:50:00,40.636726,-74.00251,0,0,Unspecified,4490647,8.9,3.4,0.0,0.0,0.0,0.0,3,21.9,38.9,316,Overcast,0,0,
27792,2021-12-19 02:17:00,40.744442,-73.979065,0,0,Failure to Yield Right-of-Way,4490742,7.1,-1.8,0.5,0.5,0.0,4.0,51,26.4,47.5,327,Drizzle: Light,0,0,
27793,2021-12-28 07:45:00,40.812824,-73.923836,1,0,Failure to Yield Right-of-Way,4490368,8.5,2.2,0.0,0.0,0.0,0.0,3,12.5,22.0,271,Overcast,1,1,
27794,2021-12-28 14:30:00,40.693413,-73.940125,0,0,Failure to Yield Right-of-Way,4490351,8.5,2.2,0.0,0.0,0.0,0.0,3,12.5,22.0,271,Overcast,0,0,
27795,2021-12-25 12:10:00,40.788795,-73.93755,1,0,Unsafe Lane Changing,4490667,8.8,0.5,6.1,6.1,0.0,14.0,55,14.5,24.8,284,Drizzle: Dense,1,1,
27796,2021-12-28 17:04:00,40.69841,-73.913315,1,0,Failure to Yield Right-of-Way,4490415,8.5,2.2,0.0,0.0,0.0,0.0,3,12.5,22.0,271,Overcast,1,1,
27797,2021-12-28 19:00:00,40.59981,-74.00857,0,0,Unspecified,4490486,8.5,2.2,0.0,0.0,0.0,0.0,3,12.5,22.0,271,Overcast,0,0,
27798,2021-12-17 09:10:00,40.669403,-73.94221,1,0,Unspecified,4490827,13.9,6.1,0.0,0.0,0.0,0.0,3,21.5,37.1,265,Overcast,1,1,
27799,2021-12-28 19:20:00,40.71407,-73.954346,0,0,Driver Inattention/Distraction,4490399,8.5,2.2,0.0,0.0,0.0,0.0,3,12.5,22.0,271,Overcast,0,0,
27800,2021-12-19 10:00:00,40.678455,-73.949684,0,0,Turning Improperly,4490795,7.1,-1.8,0.5,0.5,0.0,4.0,51,26.4,47.5,327,Drizzle: Light,0,0,
27801,2021-12-23 00:00:00,40.607754,-74.13205,1,0,Failure to Yield Right-of-Way,4490817,2.1,-2.3,0.0,0.0,0.0,0.0,3,20.1,35.6,299,Overcast,1,1,
27802,2021-12-27 06:15:00,40.586105,-74.09109,0,0,Alcohol Involvement,4490835,2.7,-1.4,2.1,0.8,0.91,5.0,73,13.5,23.0,10,Snow fall: Moderate,0,0,Snowy Conditions
27803,2021-12-28 19:00:00,40.58175,-74.10429,0,0,Driver Inattention/Distraction,4490441,8.5,2.2,0.0,0.0,0.0,0.0,3,12.5,22.0,271,Overcast,0,0,
27804,2022-03-29 18:01:00,40.737545,-73.98409,0,0,Driver Inattention/Distraction,4515671,3.3,-5.2,0.0,0.0,0.0,0.0,2,29.3,54.4,311,Partly cloudy,0,0,
27805,2022-03-29 05:24:00,40.776295,-73.98215,1,0,Other Vehicular,4515380,3.3,-5.2,0.0,0.0,0.0,0.0,2,29.3,54.4,311,Partly cloudy,1,1,
27806,2022-03-30 01:45:00,40.64491,-73.95802,0,0,Unspecified,4514933,5.9,-3.5,0.0,0.0,0.0,0.0,3,17.0,30.6,215,Overcast,0,0,
27807,2022-03-28 09:37:00,40.67449,-73.916664,1,0,Other Vehicular,4515619,0.0,-5.2,0.3,0.0,0.21,3.0,71,31.3,59.0,303,Snow fall: Light,1,1,Snowy Conditions
27808,2022-03-30 15:38:00,40.821358,-73.889114,0,0,Unspecified,4515243,5.9,-3.5,0.0,0.0,0.0,0.0,3,17.0,30.6,215,Overcast,0,0,
27809,2022-03-31 17:28:00,40.836273,-73.888435,3,0,Unspecified,4515203,19.0,3.5,12.0,12.0,0.0,4.0,65,37.8,67.3,194,Rain: Heavy,3,3,
27810,2022-03-31 07:30:00,40.66965,-73.89332,0,0,Turning Improperly,4515108,19.0,3.5,12.0,12.0,0.0,4.0,65,37.8,67.3,194,Rain: Heavy,0,0,
27811,2022-04-01 13:07:00,40.73135,-73.98256,1,0,Failure to Yield Right-of-Way,4515591,15.2,5.3,1.4,1.4,0.0,8.0,51,33.1,61.9,277,Drizzle: Light,1,1,
27812,2022-03-31 20:30:00,40.83236,-73.93197,0,0,Passing or Lane Usage Improper,4515423,19.0,3.5,12.0,12.0,0.0,4.0,65,37.8,67.3,194,Rain: Heavy,0,0,
27813,2022-03-31 07:05:00,40.769012,-73.9224,0,0,Fell Asleep,4515333,19.0,3.5,12.0,12.0,0.0,4.0,65,37.8,67.3,194,Rain: Heavy,0,0,
27814,2022-03-27 10:00:00,40.75377,-73.92654,0,0,Unspecified,4515441,7.5,-1.1,0.3,0.3,0.07,3.0,71,26.4,47.5,288,Snow fall: Light,0,0,Snowy Conditions
27815,2022-03-31 10:33:00,40.638786,-73.94538,1,0,Driver Inattention/Distraction,4515640,19.0,3.5,12.0,12.0,0.0,4.0,65,37.8,67.3,194,Rain: Heavy,1,1,
27816,2022-04-01 04:45:00,40.707153,-73.93149,0,0,Traffic Control Disregarded,4515904,15.2,5.3,1.4,1.4,0.0,8.0,51,33.1,61.9,277,Drizzle: Light,0,0,
27817,2021-12-11 14:50:00,40.63075,-73.92425,0,0,Driver Inattention/Distraction,4486158,17.3,5.0,8.1,8.1,0.0,5.0,63,35.0,67.0,206,Rain: Moderate,0,0,
27818,2021-10-01 17:00:00,40.6825692,-73.7820143,0,0,Turning Improperly,4464308,19.4,9.5,0.0,0.0,0.0,0.0,0,13.8,28.1,302,Clear sky,0,0,Sunny/Clear Conditions
27819,2021-12-10 09:30:00,40.839344,-73.834236,0,0,Unspecified,4486143,8.5,1.6,0.0,0.0,0.0,0.0,3,9.8,20.5,183,Overcast,0,0,
27820,2022-03-29 23:37:00,40.60164,-73.820274,0,0,Fell Asleep,4515291,3.3,-5.2,0.0,0.0,0.0,0.0,2,29.3,54.4,311,Partly cloudy,0,0,
27821,2022-04-01 04:09:00,40.748722,-73.89881,1,0,Driver Inattention/Distraction,4515313,15.2,5.3,1.4,1.4,0.0,8.0,51,33.1,61.9,277,Drizzle: Light,1,1,
27822,2022-03-30 00:00:00,40.621216,-73.93539,0,0,Failure to Yield Right-of-Way,4515515,5.9,-3.5,0.0,0.0,0.0,0.0,3,17.0,30.6,215,Overcast,0,0,
27823,2022-04-01 21:50:00,40.73225,-73.92452,0,0,Driver Inattention/Distraction,4515490,15.2,5.3,1.4,1.4,0.0,8.0,51,33.1,61.9,277,Drizzle: Light,0,0,
27824,2022-03-30 14:55:00,40.857903,-73.86468,0,0,Other Vehicular,4514938,5.9,-3.5,0.0,0.0,0.0,0.0,3,17.0,30.6,215,Overcast,0,0,
27825,2022-03-31 17:20:00,40.724167,-74.00113,0,0,Other Vehicular,4515606,19.0,3.5,12.0,12.0,0.0,4.0,65,37.8,67.3,194,Rain: Heavy,0,0,
27826,2022-04-01 03:53:00,40.60954,-74.13226,1,0,Driver Inattention/Distraction,4515267,15.2,5.3,1.4,1.4,0.0,8.0,51,33.1,61.9,277,Drizzle: Light,1,1,
27827,2022-03-31 17:35:00,40.7577,-73.98946,1,0,Unsafe Speed,4515583,19.0,3.5,12.0,12.0,0.0,4.0,65,37.8,67.3,194,Rain: Heavy,1,1,
27828,2022-03-31 09:00:00,40.756298,-73.89893,1,0,Driver Inattention/Distraction,4514997,19.0,3.5,12.0,12.0,0.0,4.0,65,37.8,67.3,194,Rain: Heavy,1,1,
27829,2022-02-25 02:30:00,40.749283,-73.756645,0,0,Unspecified,4505449,6.2,-2.3,17.9,15.3,1.82,13.0,73,25.9,52.9,358,Snow fall: Moderate,0,0,Snowy Conditions
27830,2022-03-31 04:34:00,40.887737,-73.86755,2,0,Unsafe Speed,4515119,19.0,3.5,12.0,12.0,0.0,4.0,65,37.8,67.3,194,Rain: Heavy,2,2,
27831,2022-04-01 17:00:00,40.643124,-74.07705,0,0,Driver Inattention/Distraction,4515802,15.2,5.3,1.4,1.4,0.0,8.0,51,33.1,61.9,277,Drizzle: Light,0,0,
27832,2022-04-01 20:00:00,40.636395,-73.945854,1,0,Passing or Lane Usage Improper,4515627,15.2,5.3,1.4,1.4,0.0,8.0,51,33.1,61.9,277,Drizzle: Light,1,1,
27833,2022-03-30 18:50:00,40.60924,-73.95644,0,0,Backing Unsafely,4514920,5.9,-3.5,0.0,0.0,0.0,0.0,3,17.0,30.6,215,Overcast,0,0,
27834,2022-04-01 09:40:00,40.738686,-73.99588,1,0,Unspecified,4515429,15.2,5.3,1.4,1.4,0.0,8.0,51,33.1,61.9,277,Drizzle: Light,1,1,
27835,2022-03-31 19:59:00,40.680477,-73.951164,1,0,Backing Unsafely,4515757,19.0,3.5,12.0,12.0,0.0,4.0,65,37.8,67.3,194,Rain: Heavy,1,1,
27836,2022-03-31 07:00:00,40.641533,-74.01045,1,0,Passing Too Closely,4515470,19.0,3.5,12.0,12.0,0.0,4.0,65,37.8,67.3,194,Rain: Heavy,1,1,
27837,2022-03-30 16:49:00,40.636505,-74.02176,2,0,Backing Unsafely,4514891,5.9,-3.5,0.0,0.0,0.0,0.0,3,17.0,30.6,215,Overcast,2,2,
27838,2022-03-30 16:28:00,40.606594,-74.0754,1,0,Unspecified,4515158,5.9,-3.5,0.0,0.0,0.0,0.0,3,17.0,30.6,215,Overcast,1,1,
27839,2022-03-31 10:30:00,40.75112,-73.97127,0,0,Passing or Lane Usage Improper,4515178,19.0,3.5,12.0,12.0,0.0,4.0,65,37.8,67.3,194,Rain: Heavy,0,0,
27840,2022-03-20 14:30:00,40.840195,-73.94307,0,0,Turning Improperly,4515635,14.8,6.9,0.1,0.1,0.0,1.0,51,27.0,49.0,284,Drizzle: Light,0,0,
27841,2022-04-01 18:19:00,40.59219,-73.97492,2,0,Unspecified,4515933,15.2,5.3,1.4,1.4,0.0,8.0,51,33.1,61.9,277,Drizzle: Light,2,2,
27842,2022-03-30 16:13:00,40.844486,-73.88692,0,0,Other Vehicular,4515697,5.9,-3.5,0.0,0.0,0.0,0.0,3,17.0,30.6,215,Overcast,0,0,
27843,2022-03-30 07:35:00,40.83005,-73.922424,0,0,Backing Unsafely,4515025,5.9,-3.5,0.0,0.0,0.0,0.0,3,17.0,30.6,215,Overcast,0,0,
27844,2022-03-30 11:30:00,40.71659,-73.74293,0,0,Driver Inexperience,4515096,5.9,-3.5,0.0,0.0,0.0,0.0,3,17.0,30.6,215,Overcast,0,0,
27845,2022-03-30 03:46:00,40.845108,-73.913025,1,0,Outside Car Distraction,4514950,5.9,-3.5,0.0,0.0,0.0,0.0,3,17.0,30.6,215,Overcast,1,1,
27846,2022-03-31 11:57:00,40.825577,-73.918465,1,0,Unsafe Speed,4515276,19.0,3.5,12.0,12.0,0.0,4.0,65,37.8,67.3,194,Rain: Heavy,1,1,
27847,2022-04-01 20:16:00,40.58185,-73.96569,0,0,Backing Unsafely,4515408,15.2,5.3,1.4,1.4,0.0,8.0,51,33.1,61.9,277,Drizzle: Light,0,0,
27848,2022-04-01 21:46:00,40.8541,-73.919106,0,0,Unspecified,4515471,15.2,5.3,1.4,1.4,0.0,8.0,51,33.1,61.9,277,Drizzle: Light,0,0,
27849,2022-03-30 15:00:00,40.720486,-74.00723,0,0,Driver Inattention/Distraction,4514981,5.9,-3.5,0.0,0.0,0.0,0.0,3,17.0,30.6,215,Overcast,0,0,
27850,2022-03-31 12:30:00,40.659355,-73.9992,1,0,Unspecified,4515345,19.0,3.5,12.0,12.0,0.0,4.0,65,37.8,67.3,194,Rain: Heavy,1,1,
27851,2022-03-29 12:00:00,40.782055,-73.95373,0,0,Driver Inattention/Distraction,4515932,3.3,-5.2,0.0,0.0,0.0,0.0,2,29.3,54.4,311,Partly cloudy,0,0,
27852,2022-04-01 10:00:00,40.844788,-73.93705,0,0,Unspecified,4515646,15.2,5.3,1.4,1.4,0.0,8.0,51,33.1,61.9,277,Drizzle: Light,0,0,
27853,2022-03-29 19:00:00,40.678154,-73.94416,0,0,Driver Inattention/Distraction,4515752,3.3,-5.2,0.0,0.0,0.0,0.0,2,29.3,54.4,311,Partly cloudy,0,0,
27854,2022-03-30 20:00:00,40.693485,-73.81087,0,0,Oversized Vehicle,4515962,5.9,-3.5,0.0,0.0,0.0,0.0,3,17.0,30.6,215,Overcast,0,0,
27855,2022-03-29 10:25:00,40.775486,-73.98217,0,0,Passenger Distraction,4515401,3.3,-5.2,0.0,0.0,0.0,0.0,2,29.3,54.4,311,Partly cloudy,0,0,
27856,2022-03-30 16:47:00,40.607258,-74.00265,0,0,Turning Improperly,4515135,5.9,-3.5,0.0,0.0,0.0,0.0,3,17.0,30.6,215,Overcast,0,0,
27857,2022-03-29 08:34:00,40.790627,-73.942444,0,0,Passing or Lane Usage Improper,4515605,3.3,-5.2,0.0,0.0,0.0,0.0,2,29.3,54.4,311,Partly cloudy,0,0,
27858,2022-03-31 01:00:00,40.65912,-74.00181,0,0,Turning Improperly,4515340,19.0,3.5,12.0,12.0,0.0,4.0,65,37.8,67.3,194,Rain: Heavy,0,0,
27859,2022-03-31 22:05:00,40.748974,-73.87111,0,0,Driver Inattention/Distraction,4515247,19.0,3.5,12.0,12.0,0.0,4.0,65,37.8,67.3,194,Rain: Heavy,0,0,
27860,2022-03-30 07:30:00,40.855385,-73.9181,0,0,Following Too Closely,4514986,5.9,-3.5,0.0,0.0,0.0,0.0,3,17.0,30.6,215,Overcast,0,0,
27861,2022-03-13 01:40:00,40.63989,-74.02162,1,0,Driver Inexperience,4515539,2.8,-6.1,0.2,0.0,0.14,2.0,71,33.5,62.6,267,Snow fall: Light,1,1,Snowy Conditions
27862,2022-03-31 00:00:00,40.763298,-73.990555,0,0,Unspecified,4515239,19.0,3.5,12.0,12.0,0.0,4.0,65,37.8,67.3,194,Rain: Heavy,0,0,
27863,2022-03-31 17:00:00,40.743366,-73.942986,0,0,Unspecified,4515139,19.0,3.5,12.0,12.0,0.0,4.0,65,37.8,67.3,194,Rain: Heavy,0,0,
27864,2022-03-30 05:26:00,40.8514,-73.90606,1,0,Driver Inattention/Distraction,4514728,5.9,-3.5,0.0,0.0,0.0,0.0,3,17.0,30.6,215,Overcast,1,1,
27865,2022-03-31 19:53:00,40.684143,-73.86152,1,0,Driver Inattention/Distraction,4515199,19.0,3.5,12.0,12.0,0.0,4.0,65,37.8,67.3,194,Rain: Heavy,1,1,
27866,2022-04-01 17:02:00,40.757286,-73.97812,0,0,Unspecified,4515455,15.2,5.3,1.4,1.4,0.0,8.0,51,33.1,61.9,277,Drizzle: Light,0,0,
27867,2022-09-19 15:16:00,40.901062,-73.86157,1,0,Failure to Yield Right-of-Way,4567120,30.1,19.0,4.9,4.9,0.0,3.0,63,22.4,44.3,241,Rain: Moderate,1,1,
27868,2022-03-30 20:05:00,40.677032,-73.824684,1,0,Failure to Yield Right-of-Way,4514906,5.9,-3.5,0.0,0.0,0.0,0.0,3,17.0,30.6,215,Overcast,1,1,
27869,2022-03-28 15:50:00,40.680115,-73.75324,1,0,Failure to Yield Right-of-Way,4515675,0.0,-5.2,0.3,0.0,0.21,3.0,71,31.3,59.0,303,Snow fall: Light,1,1,Snowy Conditions
27870,2022-03-30 16:55:00,40.798584,-73.93353,0,0,Other Vehicular,4515044,5.9,-3.5,0.0,0.0,0.0,0.0,3,17.0,30.6,215,Overcast,0,0,
27871,2022-03-30 03:28:00,40.717834,-73.75159,0,0,Backing Unsafely,4514832,5.9,-3.5,0.0,0.0,0.0,0.0,3,17.0,30.6,215,Overcast,0,0,
27872,2022-04-01 14:52:00,40.704006,-73.7668,2,0,Failure to Yield Right-of-Way,4515684,15.2,5.3,1.4,1.4,0.0,8.0,51,33.1,61.9,277,Drizzle: Light,2,2,
27873,2022-04-01 13:15:00,40.69913,-73.958954,0,0,Driver Inattention/Distraction,4515419,15.2,5.3,1.4,1.4,0.0,8.0,51,33.1,61.9,277,Drizzle: Light,0,0,
27874,2022-03-30 04:40:00,40.6224,-73.936646,0,0,Driver Inattention/Distraction,4515798,5.9,-3.5,0.0,0.0,0.0,0.0,3,17.0,30.6,215,Overcast,0,0,
27875,2022-04-01 18:50:00,40.75653,-73.966644,1,0,Unspecified,4515436,15.2,5.3,1.4,1.4,0.0,8.0,51,33.1,61.9,277,Drizzle: Light,1,1,
27876,2022-03-27 13:30:00,40.750675,-74.00831,0,0,Driver Inattention/Distraction,4515713,7.5,-1.1,0.3,0.3,0.07,3.0,71,26.4,47.5,288,Snow fall: Light,0,0,Snowy Conditions
27877,2022-04-01 14:17:00,40.850067,-73.90281,0,0,Unspecified,4515372,15.2,5.3,1.4,1.4,0.0,8.0,51,33.1,61.9,277,Drizzle: Light,0,0,
27878,2022-03-31 08:15:00,40.83829,-73.930016,0,0,Unsafe Lane Changing,4515035,19.0,3.5,12.0,12.0,0.0,4.0,65,37.8,67.3,194,Rain: Heavy,0,0,
27879,2022-04-01 07:45:00,40.745068,-73.93826,0,0,Unspecified,4515484,15.2,5.3,1.4,1.4,0.0,8.0,51,33.1,61.9,277,Drizzle: Light,0,0,
27880,2022-04-01 00:20:00,40.74147,-73.82281,0,0,Driver Inattention/Distraction,4515992,15.2,5.3,1.4,1.4,0.0,8.0,51,33.1,61.9,277,Drizzle: Light,0,0,
27881,2022-03-29 12:23:00,40.704308,-73.91924,1,0,Failure to Yield Right-of-Way,4515722,3.3,-5.2,0.0,0.0,0.0,0.0,2,29.3,54.4,311,Partly cloudy,1,1,
27882,2021-09-09 10:00:00,40.80951,-73.94556,0,0,Passing or Lane Usage Improper,4455509,22.4,19.8,18.4,18.4,0.0,15.0,63,17.5,39.2,271,Rain: Moderate,0,0,
27883,2021-09-28 18:45:00,40.612495,-73.97922,1,0,Driver Inattention/Distraction,4462066,22.1,16.3,12.4,12.4,0.0,9.0,63,19.2,38.5,264,Rain: Moderate,1,1,
27884,2021-10-01 16:00:00,40.56895,-74.12491,1,0,Pedestrian/Bicyclist/Other Pedestrian Error/Confusion,4463045,19.4,9.5,0.0,0.0,0.0,0.0,0,13.8,28.1,302,Clear sky,1,1,Sunny/Clear Conditions
27885,2021-10-02 16:40:00,40.576504,-74.1037,1,0,Failure to Yield Right-of-Way,4464044,23.7,10.8,0.0,0.0,0.0,0.0,3,17.0,34.2,254,Overcast,1,1,
27886,2021-10-02 15:15:00,40.745598,-73.864296,0,0,Driver Inattention/Distraction,4464548,23.7,10.8,0.0,0.0,0.0,0.0,3,17.0,34.2,254,Overcast,0,0,
27887,2021-10-03 04:30:00,0.0,0.0,0,0,Driver Inattention/Distraction,4464563,25.9,12.8,0.0,0.0,0.0,0.0,3,12.0,24.1,217,Overcast,0,0,
27888,2021-10-02 15:55:00,40.788586,-73.95529,0,0,Turning Improperly,4464523,23.7,10.8,0.0,0.0,0.0,0.0,3,17.0,34.2,254,Overcast,0,0,
27889,2021-10-01 09:30:00,40.73566,-73.9019,0,0,Driver Inattention/Distraction,4464602,19.4,9.5,0.0,0.0,0.0,0.0,0,13.8,28.1,302,Clear sky,0,0,Sunny/Clear Conditions
27890,2021-09-29 13:30:00,40.820187,-73.890686,0,0,Unspecified,4464551,19.9,11.3,0.0,0.0,0.0,0.0,3,20.6,41.8,331,Overcast,0,0,
27891,2021-09-04 00:21:00,0.0,0.0,0,0,Unspecified,4464577,25.2,14.5,0.0,0.0,0.0,0.0,3,15.4,27.0,289,Overcast,0,0,
27892,2021-10-03 15:26:00,0.0,0.0,1,0,Driver Inattention/Distraction,4464526,25.9,12.8,0.0,0.0,0.0,0.0,3,12.0,24.1,217,Overcast,1,1,
27893,2022-03-30 16:40:00,40.753925,-73.99761,0,0,Unsafe Lane Changing,4515690,5.9,-3.5,0.0,0.0,0.0,0.0,3,17.0,30.6,215,Overcast,0,0,
27894,2022-03-26 12:20:00,40.7494,-73.88425,0,0,Unspecified,4515507,10.1,4.9,6.1,5.8,0.21,8.0,71,21.6,41.0,251,Snow fall: Light,0,0,Snowy Conditions
27895,2022-03-02 09:07:00,40.694485,-73.93735,1,0,Failure to Yield Right-of-Way,4515320,10.3,1.5,0.0,0.0,0.0,0.0,3,17.1,34.6,275,Overcast,1,1,
27896,2021-12-06 06:40:00,0.0,0.0,1,0,Failure to Yield Right-of-Way,4486207,16.3,7.7,6.3,6.3,0.0,10.0,61,35.1,65.5,201,Rain: Light,1,1,
27897,2021-10-03 20:00:00,40.7461,-73.87178,0,0,Unspecified,4463605,25.9,12.8,0.0,0.0,0.0,0.0,3,12.0,24.1,217,Overcast,0,0,
27898,2021-10-03 04:17:00,40.67636,-73.86643,1,0,Other Vehicular,4463792,25.9,12.8,0.0,0.0,0.0,0.0,3,12.0,24.1,217,Overcast,1,1,
27899,2021-10-03 19:09:00,40.68542,-73.76526,1,0,Following Too Closely,4463666,25.9,12.8,0.0,0.0,0.0,0.0,3,12.0,24.1,217,Overcast,1,1,
27900,2021-09-29 21:38:00,40.85779,-73.88264,0,0,Turning Improperly,4464261,19.9,11.3,0.0,0.0,0.0,0.0,3,20.6,41.8,331,Overcast,0,0,
27901,2022-03-31 13:00:00,40.660984,-73.90879,1,0,Driver Inattention/Distraction,4515183,19.0,3.5,12.0,12.0,0.0,4.0,65,37.8,67.3,194,Rain: Heavy,1,1,
27902,2021-10-03 01:41:00,40.72469,-73.7541,1,0,Failure to Yield Right-of-Way,4463287,25.9,12.8,0.0,0.0,0.0,0.0,3,12.0,24.1,217,Overcast,1,1,
27903,2021-10-03 00:00:00,40.72486,-73.98441,1,0,Driver Inattention/Distraction,4463639,25.9,12.8,0.0,0.0,0.0,0.0,3,12.0,24.1,217,Overcast,1,1,
27904,2021-10-03 02:45:00,40.680202,-73.82123,1,0,Passing Too Closely,4463692,25.9,12.8,0.0,0.0,0.0,0.0,3,12.0,24.1,217,Overcast,1,1,
27905,2021-10-03 02:30:00,40.749912,-73.99584,0,0,Unspecified,4464103,25.9,12.8,0.0,0.0,0.0,0.0,3,12.0,24.1,217,Overcast,0,0,
27906,2021-10-03 12:30:00,40.63558,-73.97786,0,0,Driver Inattention/Distraction,4464318,25.9,12.8,0.0,0.0,0.0,0.0,3,12.0,24.1,217,Overcast,0,0,
27907,2021-10-02 10:11:00,40.711838,-73.917496,0,0,Obstruction/Debris,4464425,23.7,10.8,0.0,0.0,0.0,0.0,3,17.0,34.2,254,Overcast,0,0,
27908,2021-10-03 02:08:00,40.741447,-73.84603,0,0,Following Too Closely,4463317,25.9,12.8,0.0,0.0,0.0,0.0,3,12.0,24.1,217,Overcast,0,0,
27909,2022-04-01 14:56:00,40.80922,-73.94683,0,0,Backing Unsafely,4515668,15.2,5.3,1.4,1.4,0.0,8.0,51,33.1,61.9,277,Drizzle: Light,0,0,
27910,2021-10-03 19:00:00,40.687088,-73.96662,0,0,Unspecified,4463581,25.9,12.8,0.0,0.0,0.0,0.0,3,12.0,24.1,217,Overcast,0,0,
27911,2021-10-03 21:57:00,40.655502,-73.88414,0,0,Unspecified,4463814,25.9,12.8,0.0,0.0,0.0,0.0,3,12.0,24.1,217,Overcast,0,0,
27912,2021-10-03 02:10:00,40.816067,-73.91765,2,0,Unspecified,4463867,25.9,12.8,0.0,0.0,0.0,0.0,3,12.0,24.1,217,Overcast,2,2,
27913,2021-10-03 05:30:00,40.696613,-73.832115,0,0,Passing Too Closely,4463921,25.9,12.8,0.0,0.0,0.0,0.0,3,12.0,24.1,217,Overcast,0,0,
27914,2021-10-03 06:30:00,40.635834,-74.0374,0,0,Unspecified,4463537,25.9,12.8,0.0,0.0,0.0,0.0,3,12.0,24.1,217,Overcast,0,0,
27915,2021-10-03 08:45:00,40.723644,-73.81108,0,0,Unspecified,4463420,25.9,12.8,0.0,0.0,0.0,0.0,3,12.0,24.1,217,Overcast,0,0,
27916,2021-10-02 22:01:00,40.772156,-73.95591,0,0,Driver Inattention/Distraction,4464351,23.7,10.8,0.0,0.0,0.0,0.0,3,17.0,34.2,254,Overcast,0,0,
27917,2021-09-29 12:00:00,40.83677,-73.88597,1,0,Unspecified,4464397,19.9,11.3,0.0,0.0,0.0,0.0,3,20.6,41.8,331,Overcast,1,1,
27918,2021-09-26 17:41:00,40.69979,-73.950096,6,0,Traffic Control Disregarded,4464461,21.4,15.6,0.0,0.0,0.0,0.0,3,23.5,45.0,294,Overcast,6,6,
27919,2021-10-03 03:00:00,40.88516,-73.83564,0,0,Unsafe Speed,4463499,25.9,12.8,0.0,0.0,0.0,0.0,3,12.0,24.1,217,Overcast,0,0,
27920,2021-10-03 00:00:00,40.70521,-73.82203,0,0,Unsafe Speed,4463915,25.9,12.8,0.0,0.0,0.0,0.0,3,12.0,24.1,217,Overcast,0,0,
27921,2021-10-03 11:35:00,40.79286,-73.96754,1,0,Failure to Yield Right-of-Way,4463432,25.9,12.8,0.0,0.0,0.0,0.0,3,12.0,24.1,217,Overcast,1,1,