,CRASH DATETIME,LATITUDE,LONGITUDE,NUMBER OF PERSONS INJURED,NUMBER OF PERSONS KILLED,CONTRIBUTING FACTOR VEHICLE 1,COLLISION_ID,temperature_2m_max,temperature_2m_min,precipitation_sum,rain_sum,snowfall_sum,precipitation_hours,weather_code,wind_speed_10m_max,wind_gusts_10m_max,wind_direction_10m_dominant,Weather Description,Severity_Score,Total_Affected_Persons,Weather_Category
27922,2021-10-02 12:00:00,40.82523,-73.939735,0,0,Driver Inattention/Distraction,4464283,23.7,10.8,0.0,0.0,0.0,0.0,3,17.0,34.2,254,Overcast,0,0,
27923,2021-10-03 19:35:00,40.748013,-73.889755,0,0,Driver Inattention/Distraction,4463568,25.9,12.8,0.0,0.0,0.0,0.0,3,12.0,24.1,217,Overcast,0,0,
27924,2021-10-03 01:56:00,40.842503,-73.92797,0,0,Following Too Closely,4463363,25.9,12.8,0.0,0.0,0.0,0.0,3,12.0,24.1,217,Overcast,0,0,
27925,2021-10-03 06:00:00,40.70024,-73.814926,1,0,Driver Inattention/Distraction,4463948,25.9,12.8,0.0,0.0,0.0,0.0,3,12.0,24.1,217,Overcast,1,1,
27926,2021-10-03 12:00:00,40.763966,-73.92267,1,0,Driver Inattention/Distraction,4463686,25.9,12.8,0.0,0.0,0.0,0.0,3,12.0,24.1,217,Overcast,1,1,
27927,2021-10-03 19:30:00,40.76687,-73.959785,0,0,Following Too Closely,4463724,25.9,12.8,0.0,0.0,0.0,0.0,3,12.0,24.1,217,Overcast,0,0,
27928,2021-10-03 11:24:00,40.604275,-73.74571,0,0,Reaction to Uninvolved Vehicle,4464005,25.9,12.8,0.0,0.0,0.0,0.0,3,12.0,24.1,217,Overcast,0,0,
27929,2021-10-03 03:45:00,40.738647,-73.984764,0,0,Unspecified,4463873,25.9,12.8,0.0,0.0,0.0,0.0,3,12.0,24.1,217,Overcast,0,0,
27930,2021-10-03 05:05:00,40.634888,-73.8909,1,0,Alcohol Involvement,4463971,25.9,12.8,0.0,0.0,0.0,0.0,3,12.0,24.1,217,Overcast,1,1,
27931,2021-10-03 11:00:00,40.61384,-73.981445,3,0,Driver Inattention/Distraction,4463397,25.9,12.8,0.0,0.0,0.0,0.0,3,12.0,24.1,217,Overcast,3,3,
27932,2021-10-03 13:40:00,40.713085,-73.94415,1,0,Aggressive Driving/Road Rage,4463550,25.9,12.8,0.0,0.0,0.0,0.0,3,12.0,24.1,217,Overcast,1,1,
27933,2021-10-03 20:20:00,40.677406,-73.983055,1,0,Failure to Yield Right-of-Way,4463648,25.9,12.8,0.0,0.0,0.0,0.0,3,12.0,24.1,217,Overcast,1,1,
27934,2021-08-21 17:30:00,40.716713,-73.99272,0,0,Passing Too Closely,4464338,27.2,23.0,0.8,0.8,0.0,6.0,51,14.3,29.5,109,Drizzle: Light,0,0,
27935,2021-10-02 01:04:00,40.696686,-73.9378,0,0,Passing Too Closely,4464467,23.7,10.8,0.0,0.0,0.0,0.0,3,17.0,34.2,254,Overcast,0,0,
27936,2021-10-03 15:28:00,0.0,0.0,0,0,Driver Inattention/Distraction,4463864,25.9,12.8,0.0,0.0,0.0,0.0,3,12.0,24.1,217,Overcast,0,0,
27937,2021-10-03 00:50:00,40.696335,-73.930504,0,0,Driver Inattention/Distraction,4464167,25.9,12.8,0.0,0.0,0.0,0.0,3,12.0,24.1,217,Overcast,0,0,
27938,2021-09-02 23:30:00,40.832733,-73.89802,1,0,Driver Inattention/Distraction,4464353,24.5,15.0,24.6,24.6,0.0,5.0,65,43.0,83.5,344,Rain: Heavy,1,1,
27939,2021-10-03 21:00:00,40.690468,-73.96932,0,0,Unspecified,4463582,25.9,12.8,0.0,0.0,0.0,0.0,3,12.0,24.1,217,Overcast,0,0,
27940,2021-10-02 17:10:00,40.678116,-73.90787,0,0,Unspecified,4464442,23.7,10.8,0.0,0.0,0.0,0.0,3,17.0,34.2,254,Overcast,0,0,
27941,2021-10-03 11:05:00,40.663605,-73.934395,1,0,Driver Inattention/Distraction,4463623,25.9,12.8,0.0,0.0,0.0,0.0,3,12.0,24.1,217,Overcast,1,1,
27942,2021-10-03 09:40:00,40.613586,-74.08267,0,0,Driver Inattention/Distraction,4464287,25.9,12.8,0.0,0.0,0.0,0.0,3,12.0,24.1,217,Overcast,0,0,
27943,2021-10-03 12:50:00,40.705147,-73.90213,0,0,Unspecified,4463453,25.9,12.8,0.0,0.0,0.0,0.0,3,12.0,24.1,217,Overcast,0,0,
27944,2021-10-03 16:39:00,0.0,0.0,0,0,Driver Inattention/Distraction,4464097,25.9,12.8,0.0,0.0,0.0,0.0,3,12.0,24.1,217,Overcast,0,0,
27945,2021-10-03 09:52:00,40.681046,-73.849304,0,0,Fell Asleep,4463894,25.9,12.8,0.0,0.0,0.0,0.0,3,12.0,24.1,217,Overcast,0,0,
27946,2021-10-03 11:40:00,40.81183,-73.96112,1,0,Unspecified,4463933,25.9,12.8,0.0,0.0,0.0,0.0,3,12.0,24.1,217,Overcast,1,1,
27947,2021-09-30 17:55:00,40.679035,-73.938515,1,0,Failure to Yield Right-of-Way,4464462,18.8,13.1,0.0,0.0,0.0,0.0,3,18.1,37.4,330,Overcast,1,1,
27948,2021-10-03 06:00:00,40.643635,-73.899155,0,0,Driver Inattention/Distraction,4464075,25.9,12.8,0.0,0.0,0.0,0.0,3,12.0,24.1,217,Overcast,0,0,
27949,2021-09-24 04:20:00,40.76619,-73.77237,0,0,Unspecified,4464275,22.4,15.6,26.0,26.0,0.0,9.0,63,14.2,29.9,274,Rain: Moderate,0,0,
27950,2021-10-03 11:00:00,40.7672,-73.887825,1,0,Driver Inattention/Distraction,4463678,25.9,12.8,0.0,0.0,0.0,0.0,3,12.0,24.1,217,Overcast,1,1,
27951,2021-10-03 21:00:00,40.810413,-73.90468,0,0,Unspecified,4464224,25.9,12.8,0.0,0.0,0.0,0.0,3,12.0,24.1,217,Overcast,0,0,
27952,2021-10-03 04:40:00,40.699715,-73.79869,0,0,Driver Inattention/Distraction,4463709,25.9,12.8,0.0,0.0,0.0,0.0,3,12.0,24.1,217,Overcast,0,0,
27953,2021-10-03 21:30:00,40.63415,-74.02964,0,0,Driver Inattention/Distraction,4463634,25.9,12.8,0.0,0.0,0.0,0.0,3,12.0,24.1,217,Overcast,0,0,
27954,2021-10-03 09:05:00,40.799953,-73.95274,1,0,Unspecified,4464328,25.9,12.8,0.0,0.0,0.0,0.0,3,12.0,24.1,217,Overcast,1,1,
27955,2021-10-03 03:10:00,40.646885,-73.94916,0,0,Following Too Closely,4463593,25.9,12.8,0.0,0.0,0.0,0.0,3,12.0,24.1,217,Overcast,0,0,
27956,2021-10-03 20:32:00,40.69419,-73.976,1,0,Passing or Lane Usage Improper,4464136,25.9,12.8,0.0,0.0,0.0,0.0,3,12.0,24.1,217,Overcast,1,1,
27957,2021-10-03 22:30:00,40.8645,-73.91904,0,0,Driver Inattention/Distraction,4464371,25.9,12.8,0.0,0.0,0.0,0.0,3,12.0,24.1,217,Overcast,0,0,
27958,2021-10-03 22:44:00,40.684414,-73.869514,0,0,Unspecified,4463743,25.9,12.8,0.0,0.0,0.0,0.0,3,12.0,24.1,217,Overcast,0,0,
27959,2021-10-03 11:00:00,40.7858,-73.85131,0,0,Unspecified,4463642,25.9,12.8,0.0,0.0,0.0,0.0,3,12.0,24.1,217,Overcast,0,0,
27960,2021-10-03 00:42:00,40.664677,-73.84509,1,0,Unsafe Speed,4463763,25.9,12.8,0.0,0.0,0.0,0.0,3,12.0,24.1,217,Overcast,1,1,
27961,2021-10-03 12:00:00,40.66858,-73.84223,1,0,Driver Inexperience,4463693,25.9,12.8,0.0,0.0,0.0,0.0,3,12.0,24.1,217,Overcast,1,1,
27962,2021-10-03 12:08:00,40.824825,-73.95066,0,0,Unspecified,4464236,25.9,12.8,0.0,0.0,0.0,0.0,3,12.0,24.1,217,Overcast,0,0,
27963,2021-10-03 03:05:00,40.718292,-73.98248,0,0,Passing or Lane Usage Improper,4463288,25.9,12.8,0.0,0.0,0.0,0.0,3,12.0,24.1,217,Overcast,0,0,
27964,2021-09-17 02:20:00,40.72656,-73.83802,1,0,Unspecified,4464298,23.6,20.1,1.0,1.0,0.0,7.0,51,20.3,38.9,59,Drizzle: Light,1,1,
27965,2021-10-03 14:27:00,40.83432,-73.85058,1,0,Unspecified,4464438,25.9,12.8,0.0,0.0,0.0,0.0,3,12.0,24.1,217,Overcast,1,1,
27966,2021-10-03 11:09:00,40.874638,-73.909744,1,0,Unspecified,4464058,25.9,12.8,0.0,0.0,0.0,0.0,3,12.0,24.1,217,Overcast,1,1,
27967,2021-10-03 20:00:00,40.704525,-73.86939,0,0,Unspecified,4464417,25.9,12.8,0.0,0.0,0.0,0.0,3,12.0,24.1,217,Overcast,0,0,
27968,2022-03-30 08:55:00,40.67482,-73.89368,3,0,Unsafe Speed,4515109,5.9,-3.5,0.0,0.0,0.0,0.0,3,17.0,30.6,215,Overcast,3,3,
27969,2021-10-03 20:34:00,40.642624,-73.97987,0,0,Unsafe Lane Changing,4464196,25.9,12.8,0.0,0.0,0.0,0.0,3,12.0,24.1,217,Overcast,0,0,
27970,2021-10-03 03:45:00,40.78944,-73.82045,7,0,Failure to Yield Right-of-Way,4463331,25.9,12.8,0.0,0.0,0.0,0.0,3,12.0,24.1,217,Overcast,7,7,
27971,2021-09-26 13:31:00,40.681625,-74.00132,0,0,Unspecified,4464259,21.4,15.6,0.0,0.0,0.0,0.0,3,23.5,45.0,294,Overcast,0,0,
27972,2021-10-03 19:50:00,40.702892,-73.94422,0,0,Driver Inattention/Distraction,4463592,25.9,12.8,0.0,0.0,0.0,0.0,3,12.0,24.1,217,Overcast,0,0,
27973,2021-10-03 18:00:00,40.69245,-73.811005,0,0,Following Too Closely,4463694,25.9,12.8,0.0,0.0,0.0,0.0,3,12.0,24.1,217,Overcast,0,0,
27974,2021-10-01 17:35:00,40.67875,-73.794,1,0,Traffic Control Disregarded,4464309,19.4,9.5,0.0,0.0,0.0,0.0,0,13.8,28.1,302,Clear sky,1,1,Sunny/Clear Conditions
27975,2021-10-03 02:20:00,40.75829,-73.83431,1,0,Failure to Yield Right-of-Way,4463635,25.9,12.8,0.0,0.0,0.0,0.0,3,12.0,24.1,217,Overcast,1,1,
27976,2021-10-03 14:11:00,40.608776,-74.09113,0,0,Failure to Yield Right-of-Way,4464032,25.9,12.8,0.0,0.0,0.0,0.0,3,12.0,24.1,217,Overcast,0,0,
27977,2021-10-03 08:00:00,40.698166,-73.924614,0,0,Unspecified,4464135,25.9,12.8,0.0,0.0,0.0,0.0,3,12.0,24.1,217,Overcast,0,0,
27978,2021-10-03 01:14:00,40.712803,-73.95417,0,0,Following Too Closely,4463667,25.9,12.8,0.0,0.0,0.0,0.0,3,12.0,24.1,217,Overcast,0,0,
27979,2021-08-02 00:13:00,40.69424,-73.810905,0,0,Traffic Control Disregarded,4464490,26.4,17.2,0.0,0.0,0.0,0.0,3,18.4,37.4,313,Overcast,0,0,
27980,2021-09-28 17:34:00,40.839268,-73.903824,0,0,Unspecified,4464398,22.1,16.3,12.4,12.4,0.0,9.0,63,19.2,38.5,264,Rain: Moderate,0,0,
27981,2021-10-02 09:51:00,40.685673,-73.76338,0,0,Reaction to Uninvolved Vehicle,4464286,23.7,10.8,0.0,0.0,0.0,0.0,3,17.0,34.2,254,Overcast,0,0,
27982,2021-06-26 15:30:00,40.75888,-73.93011,0,0,Unspecified,4464556,26.5,18.6,1.3,1.3,0.0,8.0,51,23.7,52.9,181,Drizzle: Light,0,0,
27983,2021-10-03 01:15:00,40.72293,-73.98865,0,0,Driver Inattention/Distraction,4463452,25.9,12.8,0.0,0.0,0.0,0.0,3,12.0,24.1,217,Overcast,0,0,
27984,2021-10-03 05:09:00,40.89154,-73.83935,0,0,Reaction to Uninvolved Vehicle,4463503,25.9,12.8,0.0,0.0,0.0,0.0,3,12.0,24.1,217,Overcast,0,0,
27985,2021-10-03 00:00:00,40.804695,-73.92239,2,0,Driver Inattention/Distraction,4463881,25.9,12.8,0.0,0.0,0.0,0.0,3,12.0,24.1,217,Overcast,2,2,
27986,2021-09-28 12:55:00,40.69309,-73.94296,0,0,Passing or Lane Usage Improper,4464381,22.1,16.3,12.4,12.4,0.0,9.0,63,19.2,38.5,264,Rain: Moderate,0,0,
27987,2021-10-03 14:34:00,40.891384,-73.83929,0,0,Backing Unsafely,4463606,25.9,12.8,0.0,0.0,0.0,0.0,3,12.0,24.1,217,Overcast,0,0,
27988,2021-10-03 17:15:00,40.747852,-73.99291,0,0,Driver Inattention/Distraction,4463990,25.9,12.8,0.0,0.0,0.0,0.0,3,12.0,24.1,217,Overcast,0,0,
27989,2021-10-03 11:45:00,40.667824,-73.93122,2,0,Driver Inattention/Distraction,4464315,25.9,12.8,0.0,0.0,0.0,0.0,3,12.0,24.1,217,Overcast,2,2,
27990,2021-10-03 03:36:00,40.711628,-73.729385,1,0,Unsafe Speed,4463398,25.9,12.8,0.0,0.0,0.0,0.0,3,12.0,24.1,217,Overcast,1,1,
27991,2021-10-03 22:24:00,40.684414,-73.869514,1,0,Driver Inattention/Distraction,4463779,25.9,12.8,0.0,0.0,0.0,0.0,3,12.0,24.1,217,Overcast,1,1,
27992,2021-10-03 12:40:00,0.0,0.0,3,0,Drugs (illegal),4463905,25.9,12.8,0.0,0.0,0.0,0.0,3,12.0,24.1,217,Overcast,3,3,
27993,2021-10-03 08:20:00,40.622944,-74.15826,0,0,Unspecified,4463474,25.9,12.8,0.0,0.0,0.0,0.0,3,12.0,24.1,217,Overcast,0,0,
27994,2021-10-03 09:34:00,40.772346,-73.824684,0,0,Traffic Control Disregarded,4463645,25.9,12.8,0.0,0.0,0.0,0.0,3,12.0,24.1,217,Overcast,0,0,
27995,2021-10-03 05:45:00,40.69174,-73.91401,0,0,Fell Asleep,4464169,25.9,12.8,0.0,0.0,0.0,0.0,3,12.0,24.1,217,Overcast,0,0,
27996,2021-10-02 21:30:00,40.708004,-73.84458,0,0,Following Too Closely,4464274,23.7,10.8,0.0,0.0,0.0,0.0,3,17.0,34.2,254,Overcast,0,0,
27997,2021-10-03 15:30:00,0.0,0.0,1,0,Unspecified,4464011,25.9,12.8,0.0,0.0,0.0,0.0,3,12.0,24.1,217,Overcast,1,1,
27998,2021-10-03 21:12:00,40.684856,-73.97805,0,0,Following Too Closely,4463601,25.9,12.8,0.0,0.0,0.0,0.0,3,12.0,24.1,217,Overcast,0,0,
27999,2021-10-03 01:30:00,40.674953,-73.80205,0,0,Passing or Lane Usage Improper,4463661,25.9,12.8,0.0,0.0,0.0,0.0,3,12.0,24.1,217,Overcast,0,0,
28000,2021-09-30 15:48:00,40.89317,-73.859085,0,0,Driver Inattention/Distraction,4464480,18.8,13.1,0.0,0.0,0.0,0.0,3,18.1,37.4,330,Overcast,0,0,
28001,2021-10-03 06:10:00,40.682507,-73.94375,0,0,Driver Inattention/Distraction,4464466,25.9,12.8,0.0,0.0,0.0,0.0,3,12.0,24.1,217,Overcast,0,0,
28002,2021-10-02 00:10:00,40.637623,-74.10274,0,0,Turning Improperly,4464340,23.7,10.8,0.0,0.0,0.0,0.0,3,17.0,34.2,254,Overcast,0,0,
28003,2021-10-03 09:50:00,40.89844,-73.87228,0,0,Driver Inattention/Distraction,4464447,25.9,12.8,0.0,0.0,0.0,0.0,3,12.0,24.1,217,Overcast,0,0,
28004,2021-10-03 19:10:00,40.801624,-73.90968,1,0,Other Vehicular,4463871,25.9,12.8,0.0,0.0,0.0,0.0,3,12.0,24.1,217,Overcast,1,1,
28005,2021-10-03 03:59:00,40.749973,-74.002525,0,0,Unsafe Lane Changing,4463354,25.9,12.8,0.0,0.0,0.0,0.0,3,12.0,24.1,217,Overcast,0,0,
28006,2021-10-03 20:30:00,40.83215,-73.84932,0,0,Alcohol Involvement,4463968,25.9,12.8,0.0,0.0,0.0,0.0,3,12.0,24.1,217,Overcast,0,0,
28007,2021-10-03 17:50:00,40.807182,-73.85155,0,0,Unspecified,4463569,25.9,12.8,0.0,0.0,0.0,0.0,3,12.0,24.1,217,Overcast,0,0,
28008,2021-10-03 23:04:00,40.66723,-73.785034,0,0,Driver Inexperience,4464585,25.9,12.8,0.0,0.0,0.0,0.0,3,12.0,24.1,217,Overcast,0,0,
28009,2021-10-03 01:50:00,40.856987,-73.890305,0,0,Unsafe Speed,4463804,25.9,12.8,0.0,0.0,0.0,0.0,3,12.0,24.1,217,Overcast,0,0,
28010,2021-10-03 05:00:00,40.67812,-73.85828,1,0,Traffic Control Disregarded,4463685,25.9,12.8,0.0,0.0,0.0,0.0,3,12.0,24.1,217,Overcast,1,1,
28011,2021-09-30 10:00:00,40.549427,-74.16019,1,0,Driver Inattention/Distraction,4464280,18.8,13.1,0.0,0.0,0.0,0.0,3,18.1,37.4,330,Overcast,1,1,
28012,2021-10-03 18:30:00,40.66447,-73.89593,0,0,Unspecified,4463723,25.9,12.8,0.0,0.0,0.0,0.0,3,12.0,24.1,217,Overcast,0,0,
28013,2021-10-03 09:43:00,40.689598,-73.91025,0,0,Passing Too Closely,4464147,25.9,12.8,0.0,0.0,0.0,0.0,3,12.0,24.1,217,Overcast,0,0,
28014,2021-08-06 15:50:00,40.88102,-73.90331,0,0,Driver Inattention/Distraction,4464504,28.9,17.4,0.0,0.0,0.0,0.0,3,18.1,38.2,188,Overcast,0,0,
28015,2021-10-03 04:40:00,40.663284,-73.96096,0,0,Driver Inattention/Distraction,4463622,25.9,12.8,0.0,0.0,0.0,0.0,3,12.0,24.1,217,Overcast,0,0,
28016,2021-10-03 13:00:00,0.0,0.0,0,0,Unspecified,4463991,25.9,12.8,0.0,0.0,0.0,0.0,3,12.0,24.1,217,Overcast,0,0,
28017,2021-10-03 02:50:00,40.71872,-73.99062,0,0,Unspecified,4464086,25.9,12.8,0.0,0.0,0.0,0.0,3,12.0,24.1,217,Overcast,0,0,
28018,2021-10-03 06:15:00,40.700005,-73.7547,0,0,Failure to Yield Right-of-Way,4463660,25.9,12.8,0.0,0.0,0.0,0.0,3,12.0,24.1,217,Overcast,0,0,
28019,2021-10-03 01:50:00,40.69552,-73.86456,0,0,Passing or Lane Usage Improper,4463920,25.9,12.8,0.0,0.0,0.0,0.0,3,12.0,24.1,217,Overcast,0,0,
28020,2021-10-03 05:20:00,40.84263,-73.90597,0,0,Other Vehicular,4463362,25.9,12.8,0.0,0.0,0.0,0.0,3,12.0,24.1,217,Overcast,0,0,
28021,2021-10-03 18:21:00,40.658413,-73.8861,0,0,Unspecified,4463740,25.9,12.8,0.0,0.0,0.0,0.0,3,12.0,24.1,217,Overcast,0,0,
28022,2021-10-03 12:00:00,40.774853,-73.98067,0,0,Other Vehicular,4463534,25.9,12.8,0.0,0.0,0.0,0.0,3,12.0,24.1,217,Overcast,0,0,
28023,2021-10-03 00:30:00,40.736004,-73.99362,0,0,Following Too Closely,4463776,25.9,12.8,0.0,0.0,0.0,0.0,3,12.0,24.1,217,Overcast,0,0,
28024,2021-10-03 16:41:00,0.0,0.0,0,0,Passenger Distraction,4463610,25.9,12.8,0.0,0.0,0.0,0.0,3,12.0,24.1,217,Overcast,0,0,
28025,2021-10-03 15:15:00,0.0,0.0,1,0,Failure to Yield Right-of-Way,4463739,25.9,12.8,0.0,0.0,0.0,0.0,3,12.0,24.1,217,Overcast,1,1,
28026,2022-03-31 07:30:00,40.646793,-74.013145,0,0,Unspecified,4515433,19.0,3.5,12.0,12.0,0.0,4.0,65,37.8,67.3,194,Rain: Heavy,0,0,
28027,2021-10-03 16:00:00,40.78515,-73.94063,0,0,Other Vehicular,4464210,25.9,12.8,0.0,0.0,0.0,0.0,3,12.0,24.1,217,Overcast,0,0,
28028,2021-10-03 13:49:00,0.0,0.0,1,0,Turning Improperly,4464237,25.9,12.8,0.0,0.0,0.0,0.0,3,12.0,24.1,217,Overcast,1,1,
28029,2021-10-03 02:00:00,40.66706,-73.7392,2,0,Driver Inattention/Distraction,4463289,25.9,12.8,0.0,0.0,0.0,0.0,3,12.0,24.1,217,Overcast,2,2,
28030,2021-10-03 16:10:00,0.0,0.0,0,0,Turning Improperly,4464302,25.9,12.8,0.0,0.0,0.0,0.0,3,12.0,24.1,217,Overcast,0,0,
28031,2021-10-03 06:33:00,40.88768,-73.877556,0,0,Driver Inattention/Distraction,4464038,25.9,12.8,0.0,0.0,0.0,0.0,3,12.0,24.1,217,Overcast,0,0,
28032,2021-09-28 18:30:00,40.60228,-74.140366,0,0,Driver Inattention/Distraction,4464434,22.1,16.3,12.4,12.4,0.0,9.0,63,19.2,38.5,264,Rain: Moderate,0,0,
28033,2021-10-02 01:08:00,40.687347,-73.87516,0,0,Unsafe Speed,4464384,23.7,10.8,0.0,0.0,0.0,0.0,3,17.0,34.2,254,Overcast,0,0,
28034,2022-03-30 22:00:00,40.63465,-73.90733,0,0,Turning Improperly,4514955,5.9,-3.5,0.0,0.0,0.0,0.0,3,17.0,30.6,215,Overcast,0,0,
28035,2021-10-03 13:00:00,40.73599,-73.98946,0,0,Driver Inattention/Distraction,4463471,25.9,12.8,0.0,0.0,0.0,0.0,3,12.0,24.1,217,Overcast,0,0,
28036,2021-10-03 15:05:00,0.0,0.0,1,0,Driver Inattention/Distraction,4463837,25.9,12.8,0.0,0.0,0.0,0.0,3,12.0,24.1,217,Overcast,1,1,
28037,2021-12-18 11:29:00,40.753147,-73.86339,0,0,Unspecified,4515855,6.3,4.5,3.8,3.8,0.0,9.0,61,12.3,24.5,35,Rain: Light,0,0,
28038,2021-10-03 16:00:00,0.0,0.0,0,0,Driver Inattention/Distraction,4463549,25.9,12.8,0.0,0.0,0.0,0.0,3,12.0,24.1,217,Overcast,0,0,
28039,2021-10-03 22:30:00,40.720013,-73.96204,0,0,Driver Inattention/Distraction,4463883,25.9,12.8,0.0,0.0,0.0,0.0,3,12.0,24.1,217,Overcast,0,0,
28040,2021-10-03 19:51:00,40.80327,-73.95812,1,0,Driver Inattention/Distraction,4464326,25.9,12.8,0.0,0.0,0.0,0.0,3,12.0,24.1,217,Overcast,1,1,
28041,2021-10-03 14:35:00,0.0,0.0,0,0,Unspecified,4463598,25.9,12.8,0.0,0.0,0.0,0.0,3,12.0,24.1,217,Overcast,0,0,
28042,2021-10-03 02:35:00,40.817596,-73.95319,0,0,Unsafe Speed,4463934,25.9,12.8,0.0,0.0,0.0,0.0,3,12.0,24.1,217,Overcast,0,0,
28043,2021-09-29 06:03:00,40.68605,-73.831726,0,0,Traffic Control Disregarded,4464376,19.9,11.3,0.0,0.0,0.0,0.0,3,20.6,41.8,331,Overcast,0,0,
28044,2021-10-03 00:25:00,40.71713,-73.7986,0,0,Unspecified,4463392,25.9,12.8,0.0,0.0,0.0,0.0,3,12.0,24.1,217,Overcast,0,0,
28045,2021-10-03 20:22:00,40.621265,-73.952614,1,0,Unspecified,4463839,25.9,12.8,0.0,0.0,0.0,0.0,3,12.0,24.1,217,Overcast,1,1,
28046,2021-10-03 10:00:00,40.692574,-73.81142,2,0,Failure to Yield Right-of-Way,4463928,25.9,12.8,0.0,0.0,0.0,0.0,3,12.0,24.1,217,Overcast,2,2,
28047,2021-10-03 13:30:00,40.612183,-74.08798,0,0,Driver Inattention/Distraction,4463982,25.9,12.8,0.0,0.0,0.0,0.0,3,12.0,24.1,217,Overcast,0,0,
28048,2021-10-03 04:14:00,40.671555,-73.915924,0,0,Backing Unsafely,4463404,25.9,12.8,0.0,0.0,0.0,0.0,3,12.0,24.1,217,Overcast,0,0,
28049,2021-10-03 00:00:00,40.74266,-73.88165,0,0,Unspecified,4463547,25.9,12.8,0.0,0.0,0.0,0.0,3,12.0,24.1,217,Overcast,0,0,
28050,2021-10-03 13:14:00,40.70447,-73.94274,1,0,Driver Inattention/Distraction,4463676,25.9,12.8,0.0,0.0,0.0,0.0,3,12.0,24.1,217,Overcast,1,1,
28051,2021-10-03 03:00:00,40.8311573,-73.8538364,1,0,Driver Inattention/Distraction,4463476,25.9,12.8,0.0,0.0,0.0,0.0,3,12.0,24.1,217,Overcast,1,1,
28052,2021-10-01 15:00:00,40.790997,-73.94931,0,0,Unspecified,4464343,19.4,9.5,0.0,0.0,0.0,0.0,0,13.8,28.1,302,Clear sky,0,0,Sunny/Clear Conditions
28053,2021-10-02 20:00:00,40.835094,-73.88697,0,0,Unspecified,4464367,23.7,10.8,0.0,0.0,0.0,0.0,3,17.0,34.2,254,Overcast,0,0,
28054,2021-10-03 10:00:00,40.88145,-73.91685,0,0,Unspecified,4463589,25.9,12.8,0.0,0.0,0.0,0.0,3,12.0,24.1,217,Overcast,0,0,
28055,2021-10-03 19:34:00,40.76077,-73.91756,1,0,Backing Unsafely,4463695,25.9,12.8,0.0,0.0,0.0,0.0,3,12.0,24.1,217,Overcast,1,1,
28056,2021-10-02 18:30:00,40.70729,-73.804245,0,0,Unsafe Lane Changing,4464330,23.7,10.8,0.0,0.0,0.0,0.0,3,17.0,34.2,254,Overcast,0,0,
28057,2021-10-03 20:15:00,40.59265,-74.10083,1,0,Following Too Closely,4464037,25.9,12.8,0.0,0.0,0.0,0.0,3,12.0,24.1,217,Overcast,1,1,
28058,2021-10-03 05:27:00,40.614582,-74.08547,1,0,Driver Inattention/Distraction,4464285,25.9,12.8,0.0,0.0,0.0,0.0,3,12.0,24.1,217,Overcast,1,1,
28059,2021-10-03 06:50:00,40.589367,-73.98093,0,0,Driver Inattention/Distraction,4463449,25.9,12.8,0.0,0.0,0.0,0.0,3,12.0,24.1,217,Overcast,0,0,
28060,2021-10-03 19:15:00,40.682915,-73.96416,1,0,View Obstructed/Limited,4463608,25.9,12.8,0.0,0.0,0.0,0.0,3,12.0,24.1,217,Overcast,1,1,
28061,2021-10-03 03:50:00,40.75585,-73.88259,0,0,Driver Inattention/Distraction,4463360,25.9,12.8,0.0,0.0,0.0,0.0,3,12.0,24.1,217,Overcast,0,0,
28062,2021-10-03 14:57:00,0.0,0.0,1,0,Driver Inattention/Distraction,4463572,25.9,12.8,0.0,0.0,0.0,0.0,3,12.0,24.1,217,Overcast,1,1,
28063,2021-10-03 18:00:00,40.832367,-73.82971,0,0,Unspecified,4464439,25.9,12.8,0.0,0.0,0.0,0.0,3,12.0,24.1,217,Overcast,0,0,
28064,2021-10-03 11:55:00,40.859642,-73.899826,0,0,Passing or Lane Usage Improper,4463820,25.9,12.8,0.0,0.0,0.0,0.0,3,12.0,24.1,217,Overcast,0,0,
28065,2021-09-26 17:06:00,40.524612,-74.230446,0,0,Failure to Yield Right-of-Way,4464492,21.4,15.6,0.0,0.0,0.0,0.0,3,23.5,45.0,294,Overcast,0,0,
28066,2021-10-03 21:20:00,40.629913,-73.98668,1,0,Unspecified,4464199,25.9,12.8,0.0,0.0,0.0,0.0,3,12.0,24.1,217,Overcast,1,1,
28067,2021-10-03 01:31:00,40.848793,-73.91495,0,0,Driver Inattention/Distraction,4463937,25.9,12.8,0.0,0.0,0.0,0.0,3,12.0,24.1,217,Overcast,0,0,
28068,2021-10-02 16:15:00,40.717464,-74.0053,1,0,Unspecified,4464558,23.7,10.8,0.0,0.0,0.0,0.0,3,17.0,34.2,254,Overcast,1,1,
28069,2021-10-03 04:30:00,40.762875,-73.79516,0,0,Fell Asleep,4463636,25.9,12.8,0.0,0.0,0.0,0.0,3,12.0,24.1,217,Overcast,0,0,
28070,2021-10-03 08:25:00,40.816067,-73.91765,0,0,Unspecified,4463880,25.9,12.8,0.0,0.0,0.0,0.0,3,12.0,24.1,217,Overcast,0,0,
28071,2021-10-03 18:33:00,40.63174,-73.90532,0,0,Driver Inexperience,4463961,25.9,12.8,0.0,0.0,0.0,0.0,3,12.0,24.1,217,Overcast,0,0,
28072,2021-10-03 11:57:00,40.701218,-73.81622,0,0,Turning Improperly,4463917,25.9,12.8,0.0,0.0,0.0,0.0,3,12.0,24.1,217,Overcast,0,0,
28073,2021-10-03 20:15:00,40.77731,-73.91239,1,0,Driver Inexperience,4463689,25.9,12.8,0.0,0.0,0.0,0.0,3,12.0,24.1,217,Overcast,1,1,