,CRASH DATETIME,LATITUDE,LONGITUDE,NUMBER OF PERSONS INJURED,NUMBER OF PERSONS KILLED,CONTRIBUTING FACTOR VEHICLE 1,COLLISION_ID,temperature_2m_max,temperature_2m_min,precipitation_sum,rain_sum,snowfall_sum,precipitation_hours,weather_code,wind_speed_10m_max,wind_gusts_10m_max,wind_direction_10m_dominant,Weather Description,Severity_Score,Total_Affected_Persons,Weather_Category
28074,2021-10-03 15:00:00,40.741394,-73.82303,0,0,Unspecified,4464314,25.9,12.8,0.0,0.0,0.0,0.0,3,12.0,24.1,217,Overcast,0,0,
28075,2021-10-03 10:55:00,40.644306,-74.01804,0,0,Unspecified,4463631,25.9,12.8,0.0,0.0,0.0,0.0,3,12.0,24.1,217,Overcast,0,0,
28076,2021-10-03 18:42:00,40.694687,-73.91112,2,0,Driver Inattention/Distraction,4464170,25.9,12.8,0.0,0.0,0.0,0.0,3,12.0,24.1,217,Overcast,2,2,
28077,2021-10-03 21:04:00,40.82364,-73.89391,0,0,Driver Inattention/Distraction,4463616,25.9,12.8,0.0,0.0,0.0,0.0,3,12.0,24.1,217,Overcast,0,0,
28078,2021-10-03 07:38:00,40.72174,-74.00523,1,0,Unspecified,4463351,25.9,12.8,0.0,0.0,0.0,0.0,3,12.0,24.1,217,Overcast,1,1,
28079,2021-10-03 23:30:00,40.845985,-73.884476,1,0,Driver Inattention/Distraction,4464255,25.9,12.8,0.0,0.0,0.0,0.0,3,12.0,24.1,217,Overcast,1,1,
28080,2021-10-03 14:20:00,0.0,0.0,1,0,Driver Inattention/Distraction,4463506,25.9,12.8,0.0,0.0,0.0,0.0,3,12.0,24.1,217,Overcast,1,1,
28081,2021-10-03 10:20:00,40.68775,-73.79039,0,0,Driver Inattention/Distraction,4463662,25.9,12.8,0.0,0.0,0.0,0.0,3,12.0,24.1,217,Overcast,0,0,
28082,2021-10-01 09:21:00,40.67878,-73.91986,0,0,Unsafe Speed,4464399,19.4,9.5,0.0,0.0,0.0,0.0,0,13.8,28.1,302,Clear sky,0,0,Sunny/Clear Conditions
28083,2021-09-29 11:15:00,0.0,0.0,1,0,Driver Inattention/Distraction,4464310,19.9,11.3,0.0,0.0,0.0,0.0,3,20.6,41.8,331,Overcast,1,1,
28084,2021-10-03 10:18:00,40.61135,-74.09847,2,0,Driver Inattention/Distraction,4464062,25.9,12.8,0.0,0.0,0.0,0.0,3,12.0,24.1,217,Overcast,2,2,
28085,2022-03-26 11:26:00,40.649868,-73.93409,0,0,Unspecified,4515622,10.1,4.9,6.1,5.8,0.21,8.0,71,21.6,41.0,251,Snow fall: Light,0,0,Snowy Conditions
28086,2021-10-03 17:07:00,0.0,0.0,0,0,Passing or Lane Usage Improper,4463671,25.9,12.8,0.0,0.0,0.0,0.0,3,12.0,24.1,217,Overcast,0,0,
28087,2021-10-02 16:20:00,40.680717,-73.9463,0,0,Unsafe Speed,4464465,23.7,10.8,0.0,0.0,0.0,0.0,3,17.0,34.2,254,Overcast,0,0,
28088,2021-10-03 00:45:00,40.84708,-73.8867,0,0,Turning Improperly,4463795,25.9,12.8,0.0,0.0,0.0,0.0,3,12.0,24.1,217,Overcast,0,0,
28089,2021-10-03 02:10:00,40.731983,-73.91912,0,0,Reaction to Uninvolved Vehicle,4464088,25.9,12.8,0.0,0.0,0.0,0.0,3,12.0,24.1,217,Overcast,0,0,
28090,2021-10-03 02:54:00,40.74198,-73.82475,1,0,Passing or Lane Usage Improper,4463644,25.9,12.8,0.0,0.0,0.0,0.0,3,12.0,24.1,217,Overcast,1,1,
28091,2021-10-03 21:30:00,40.751545,-73.87085,1,0,Driver Inattention/Distraction,4463602,25.9,12.8,0.0,0.0,0.0,0.0,3,12.0,24.1,217,Overcast,1,1,
28092,2021-10-03 04:50:00,40.827377,-73.94483,0,0,Following Too Closely,4464230,25.9,12.8,0.0,0.0,0.0,0.0,3,12.0,24.1,217,Overcast,0,0,
28093,2021-10-02 03:21:00,40.66552,-73.74467,0,0,Unspecified,4464271,23.7,10.8,0.0,0.0,0.0,0.0,3,17.0,34.2,254,Overcast,0,0,
28094,2021-10-03 18:45:00,40.818993,-73.909744,0,0,Unspecified,4463870,25.9,12.8,0.0,0.0,0.0,0.0,3,12.0,24.1,217,Overcast,0,0,
28095,2021-10-03 16:15:00,0.0,0.0,0,0,Brakes Defective,4464013,25.9,12.8,0.0,0.0,0.0,0.0,3,12.0,24.1,217,Overcast,0,0,
28096,2021-10-03 00:30:00,40.671932,-73.85165,0,0,Unsafe Lane Changing,4463684,25.9,12.8,0.0,0.0,0.0,0.0,3,12.0,24.1,217,Overcast,0,0,
28097,2021-10-03 07:05:00,40.852318,-73.89258,0,0,Driver Inattention/Distraction,4463741,25.9,12.8,0.0,0.0,0.0,0.0,3,12.0,24.1,217,Overcast,0,0,
28098,2021-10-01 13:50:00,40.80629,-73.95773,1,0,Unsafe Speed,4464325,19.4,9.5,0.0,0.0,0.0,0.0,0,13.8,28.1,302,Clear sky,1,1,Sunny/Clear Conditions
28099,2021-10-01 20:24:00,40.672886,-73.99922,0,0,Following Too Closely,4464415,19.4,9.5,0.0,0.0,0.0,0.0,0,13.8,28.1,302,Clear sky,0,0,Sunny/Clear Conditions
28100,2021-10-03 00:30:00,40.66496,-73.82226,1,0,View Obstructed/Limited,4463777,25.9,12.8,0.0,0.0,0.0,0.0,3,12.0,24.1,217,Overcast,1,1,
28101,2021-09-26 12:50:00,40.5569311,-74.1748459,0,0,Unspecified,4464482,21.4,15.6,0.0,0.0,0.0,0.0,3,23.5,45.0,294,Overcast,0,0,
28102,2021-09-29 12:42:00,40.67732,-73.87871,1,0,Unspecified,4464388,19.9,11.3,0.0,0.0,0.0,0.0,3,20.6,41.8,331,Overcast,1,1,
28103,2021-10-03 06:32:00,40.70409,-73.9265,0,0,Driver Inattention/Distraction,4464160,25.9,12.8,0.0,0.0,0.0,0.0,3,12.0,24.1,217,Overcast,0,0,
28104,2021-10-03 03:00:00,40.718582,-73.99175,0,0,Oversized Vehicle,4463302,25.9,12.8,0.0,0.0,0.0,0.0,3,12.0,24.1,217,Overcast,0,0,
28105,2021-10-03 02:30:00,40.863777,-73.86477,0,0,Driver Inexperience,4464303,25.9,12.8,0.0,0.0,0.0,0.0,3,12.0,24.1,217,Overcast,0,0,
28106,2021-10-03 04:19:00,40.82403,-73.94476,6,0,Alcohol Involvement,4464231,25.9,12.8,0.0,0.0,0.0,0.0,3,12.0,24.1,217,Overcast,6,6,
28107,2021-10-03 14:45:00,40.668293,-73.93952,0,0,Driver Inattention/Distraction,4463625,25.9,12.8,0.0,0.0,0.0,0.0,3,12.0,24.1,217,Overcast,0,0,
28108,2021-10-03 22:45:00,40.758106,-73.85721,0,0,Driver Inattention/Distraction,4463909,25.9,12.8,0.0,0.0,0.0,0.0,3,12.0,24.1,217,Overcast,0,0,
28109,2021-10-03 10:40:00,0.0,0.0,1,0,Unspecified,4463477,25.9,12.8,0.0,0.0,0.0,0.0,3,12.0,24.1,217,Overcast,1,1,
28110,2021-10-03 16:45:00,40.655743,-73.85908,0,0,Passing or Lane Usage Improper,4463885,25.9,12.8,0.0,0.0,0.0,0.0,3,12.0,24.1,217,Overcast,0,0,
28111,2021-09-29 08:38:00,40.85885,-73.885956,2,0,Driver Inattention/Distraction,4464278,19.9,11.3,0.0,0.0,0.0,0.0,3,20.6,41.8,331,Overcast,2,2,
28112,2021-10-03 22:38:00,40.64313,-73.95044,0,0,Backing Unsafely,4464065,25.9,12.8,0.0,0.0,0.0,0.0,3,12.0,24.1,217,Overcast,0,0,
28113,2021-10-03 18:47:00,40.60064,-73.93997,0,0,Turning Improperly,4463688,25.9,12.8,0.0,0.0,0.0,0.0,3,12.0,24.1,217,Overcast,0,0,
28114,2021-10-03 04:00:00,40.6832,-73.82742,0,0,Following Too Closely,4463722,25.9,12.8,0.0,0.0,0.0,0.0,3,12.0,24.1,217,Overcast,0,0,
28115,2021-10-03 04:23:00,40.724667,-73.820786,0,0,Driver Inattention/Distraction,4463997,25.9,12.8,0.0,0.0,0.0,0.0,3,12.0,24.1,217,Overcast,0,0,
28116,2021-10-03 12:47:00,40.845886,-73.915085,0,0,Following Too Closely,4463822,25.9,12.8,0.0,0.0,0.0,0.0,3,12.0,24.1,217,Overcast,0,0,
28117,2021-10-03 19:12:00,40.76522,-73.8719,1,0,Driver Inattention/Distraction,4463560,25.9,12.8,0.0,0.0,0.0,0.0,3,12.0,24.1,217,Overcast,1,1,
28118,2021-10-03 19:55:00,40.70658,-73.954346,1,0,Failure to Yield Right-of-Way,4463596,25.9,12.8,0.0,0.0,0.0,0.0,3,12.0,24.1,217,Overcast,1,1,
28119,2021-09-27 11:00:00,40.805668,-73.93648,0,0,Driver Inattention/Distraction,4464373,25.9,14.6,0.0,0.0,0.0,0.0,3,24.1,45.0,233,Overcast,0,0,
28120,2022-03-31 08:18:00,40.827812,-73.925934,1,0,Traffic Control Disregarded,4515288,19.0,3.5,12.0,12.0,0.0,4.0,65,37.8,67.3,194,Rain: Heavy,1,1,
28121,2021-10-02 04:10:00,40.693005,-73.789856,0,0,Unspecified,4464334,23.7,10.8,0.0,0.0,0.0,0.0,3,17.0,34.2,254,Overcast,0,0,
28122,2021-10-03 04:30:00,40.842182,-73.85105,0,0,Unspecified,4463859,25.9,12.8,0.0,0.0,0.0,0.0,3,12.0,24.1,217,Overcast,0,0,
28123,2021-10-03 22:45:00,40.828114,-73.93107,0,0,Unspecified,4463658,25.9,12.8,0.0,0.0,0.0,0.0,3,12.0,24.1,217,Overcast,0,0,
28124,2021-10-01 17:55:00,40.858406,-73.86792,0,0,Passing or Lane Usage Improper,4464472,19.4,9.5,0.0,0.0,0.0,0.0,0,13.8,28.1,302,Clear sky,0,0,Sunny/Clear Conditions
28125,2021-09-16 18:18:00,40.71382,-73.85676,0,0,Driver Inattention/Distraction,4464296,23.9,19.1,4.0,4.0,0.0,10.0,55,18.8,37.8,38,Drizzle: Dense,0,0,
28126,2021-10-01 18:00:00,40.746567,-73.94789,0,0,Driver Inattention/Distraction,4464432,19.4,9.5,0.0,0.0,0.0,0.0,0,13.8,28.1,302,Clear sky,0,0,Sunny/Clear Conditions
28127,2021-10-03 14:00:00,40.6955916,-73.742008,0,0,Driver Inattention/Distraction,4463565,25.9,12.8,0.0,0.0,0.0,0.0,3,12.0,24.1,217,Overcast,0,0,
28128,2021-06-04 16:05:00,40.754147,-73.722885,0,0,Unspecified,4423500,25.3,17.4,6.5,6.5,0.0,10.0,61,17.9,37.8,235,Rain: Light,0,0,
28129,2021-10-03 01:21:00,40.828114,-73.93107,1,0,Unsafe Speed,4463603,25.9,12.8,0.0,0.0,0.0,0.0,3,12.0,24.1,217,Overcast,1,1,
28130,2021-10-03 15:55:00,0.0,0.0,0,0,Turning Improperly,4464014,25.9,12.8,0.0,0.0,0.0,0.0,3,12.0,24.1,217,Overcast,0,0,
28131,2021-10-03 19:35:00,40.684208,-73.86646,0,0,Passing or Lane Usage Improper,4463929,25.9,12.8,0.0,0.0,0.0,0.0,3,12.0,24.1,217,Overcast,0,0,
28132,2021-10-03 17:35:00,40.733288,-74.005,1,0,Driver Inexperience,4463939,25.9,12.8,0.0,0.0,0.0,0.0,3,12.0,24.1,217,Overcast,1,1,
28133,2021-09-09 19:50:00,40.549606,-74.22105,0,0,Driver Inattention/Distraction,4464483,22.4,19.8,18.4,18.4,0.0,15.0,63,17.5,39.2,271,Rain: Moderate,0,0,
28134,2021-10-03 04:30:00,40.816795,-73.850685,0,0,Unspecified,4463379,25.9,12.8,0.0,0.0,0.0,0.0,3,12.0,24.1,217,Overcast,0,0,
28135,2021-09-02 21:45:00,40.87824,-73.90115,0,0,Unspecified,4464503,24.5,15.0,24.6,24.6,0.0,5.0,65,43.0,83.5,344,Rain: Heavy,0,0,
28136,2021-10-03 00:32:00,40.74579,-73.990715,0,0,Unspecified,4463470,25.9,12.8,0.0,0.0,0.0,0.0,3,12.0,24.1,217,Overcast,0,0,
28137,2021-10-01 09:00:00,40.693604,-73.86143,0,0,Backing Unsafely,4464493,19.4,9.5,0.0,0.0,0.0,0.0,0,13.8,28.1,302,Clear sky,0,0,Sunny/Clear Conditions
28138,2021-10-03 16:50:00,40.817913,-73.911156,1,0,Unspecified,4463869,25.9,12.8,0.0,0.0,0.0,0.0,3,12.0,24.1,217,Overcast,1,1,
28139,2021-10-03 09:45:00,40.75286,-73.87446,2,0,Other Vehicular,4463359,25.9,12.8,0.0,0.0,0.0,0.0,3,12.0,24.1,217,Overcast,2,2,
28140,2021-10-03 22:20:00,40.83406,-73.944885,1,0,Driver Inexperience,4463609,25.9,12.8,0.0,0.0,0.0,0.0,3,12.0,24.1,217,Overcast,1,1,
28141,2021-10-03 17:50:00,40.719215,-73.95701,0,0,Passing Too Closely,4463815,25.9,12.8,0.0,0.0,0.0,0.0,3,12.0,24.1,217,Overcast,0,0,
28142,2021-10-03 16:20:00,40.70145,-73.989624,0,0,Failure to Yield Right-of-Way,4463544,25.9,12.8,0.0,0.0,0.0,0.0,3,12.0,24.1,217,Overcast,0,0,
28143,2021-09-26 15:15:00,40.65814,-74.00356,2,0,Following Too Closely,4464270,21.4,15.6,0.0,0.0,0.0,0.0,3,23.5,45.0,294,Overcast,2,2,
28144,2021-10-03 06:58:00,40.710785,-73.95995,1,0,Failure to Yield Right-of-Way,4463663,25.9,12.8,0.0,0.0,0.0,0.0,3,12.0,24.1,217,Overcast,1,1,
28145,2021-10-03 00:45:00,40.575165,-74.12785,0,0,Unsafe Speed,4464036,25.9,12.8,0.0,0.0,0.0,0.0,3,12.0,24.1,217,Overcast,0,0,
28146,2021-10-03 16:57:00,40.76268,-73.77052,0,0,Passing or Lane Usage Improper,4464131,25.9,12.8,0.0,0.0,0.0,0.0,3,12.0,24.1,217,Overcast,0,0,
28147,2021-10-03 01:05:00,40.703915,-73.94817,0,0,Unsafe Speed,4463673,25.9,12.8,0.0,0.0,0.0,0.0,3,12.0,24.1,217,Overcast,0,0,
28148,2021-10-01 11:15:00,40.642265,-73.99655,0,0,Unspecified,4464459,19.4,9.5,0.0,0.0,0.0,0.0,0,13.8,28.1,302,Clear sky,0,0,Sunny/Clear Conditions
28149,2021-10-03 16:05:00,0.0,0.0,0,0,Driver Inattention/Distraction,4463528,25.9,12.8,0.0,0.0,0.0,0.0,3,12.0,24.1,217,Overcast,0,0,
28150,2021-09-20 18:45:00,40.824398,-73.88306,1,0,Unspecified,4464403,23.1,14.9,0.0,0.0,0.0,0.0,3,17.0,34.2,116,Overcast,1,1,
28151,2021-10-03 11:30:00,0.0,0.0,0,0,Passing Too Closely,4463448,25.9,12.8,0.0,0.0,0.0,0.0,3,12.0,24.1,217,Overcast,0,0,
28152,2021-10-01 23:38:00,40.82929,-73.93501,3,0,Driver Inattention/Distraction,4464284,19.4,9.5,0.0,0.0,0.0,0.0,0,13.8,28.1,302,Clear sky,3,3,Sunny/Clear Conditions
28153,2021-10-03 08:00:00,40.812813,-73.91595,0,0,Unsafe Speed,4463878,25.9,12.8,0.0,0.0,0.0,0.0,3,12.0,24.1,217,Overcast,0,0,
28154,2021-10-03 21:00:00,40.759308,-73.944176,1,0,Unspecified,4464560,25.9,12.8,0.0,0.0,0.0,0.0,3,12.0,24.1,217,Overcast,1,1,
28155,2021-10-03 16:24:00,40.687805,-73.833565,0,0,Following Too Closely,4463954,25.9,12.8,0.0,0.0,0.0,0.0,3,12.0,24.1,217,Overcast,0,0,
28156,2021-10-03 18:55:00,40.757183,-73.85503,1,0,Driver Inattention/Distraction,4463575,25.9,12.8,0.0,0.0,0.0,0.0,3,12.0,24.1,217,Overcast,1,1,
28157,2021-10-03 01:20:00,40.609333,-73.948425,0,0,Failure to Yield Right-of-Way,4463691,25.9,12.8,0.0,0.0,0.0,0.0,3,12.0,24.1,217,Overcast,0,0,
28158,2021-10-03 17:53:00,40.70403,-73.81711,1,0,Traffic Control Disregarded,4463916,25.9,12.8,0.0,0.0,0.0,0.0,3,12.0,24.1,217,Overcast,1,1,
28159,2021-10-03 13:26:00,40.855812,-73.890785,1,0,Driver Inattention/Distraction,4463794,25.9,12.8,0.0,0.0,0.0,0.0,3,12.0,24.1,217,Overcast,1,1,
28160,2021-10-03 11:14:00,40.619434,-74.15082,0,0,Passing Too Closely,4463407,25.9,12.8,0.0,0.0,0.0,0.0,3,12.0,24.1,217,Overcast,0,0,
28161,2021-10-03 06:45:00,40.63528,-73.91047,0,0,Driver Inattention/Distraction,4463353,25.9,12.8,0.0,0.0,0.0,0.0,3,12.0,24.1,217,Overcast,0,0,
28162,2021-10-03 18:00:00,40.814594,-73.88588,0,0,Turning Improperly,4463613,25.9,12.8,0.0,0.0,0.0,0.0,3,12.0,24.1,217,Overcast,0,0,
28163,2021-10-02 02:50:00,40.73235,-73.984955,1,0,Failure to Yield Right-of-Way,4464359,23.7,10.8,0.0,0.0,0.0,0.0,3,17.0,34.2,254,Overcast,1,1,
28164,2021-10-03 17:20:00,40.7605,-73.95699,0,0,Tinted Windows,4463701,25.9,12.8,0.0,0.0,0.0,0.0,3,12.0,24.1,217,Overcast,0,0,
28165,2021-10-03 16:25:00,40.88437,-73.90105,0,0,Traffic Control Disregarded,4463584,25.9,12.8,0.0,0.0,0.0,0.0,3,12.0,24.1,217,Overcast,0,0,
28166,2021-10-03 15:15:00,0.0,0.0,1,0,Unspecified,4464198,25.9,12.8,0.0,0.0,0.0,0.0,3,12.0,24.1,217,Overcast,1,1,
28167,2021-09-28 15:34:00,40.68727,-73.9102,0,0,Passing Too Closely,4464256,22.1,16.3,12.4,12.4,0.0,9.0,63,19.2,38.5,264,Rain: Moderate,0,0,
28168,2021-10-03 20:30:00,40.789696,-73.94026,0,0,Unspecified,4464060,25.9,12.8,0.0,0.0,0.0,0.0,3,12.0,24.1,217,Overcast,0,0,
28169,2021-10-03 11:50:00,40.694767,-73.74698,0,0,Passing or Lane Usage Improper,4464311,25.9,12.8,0.0,0.0,0.0,0.0,3,12.0,24.1,217,Overcast,0,0,
28170,2021-09-30 18:55:00,40.84506,-73.91309,1,0,,4464543,18.8,13.1,0.0,0.0,0.0,0.0,3,18.1,37.4,330,Overcast,1,1,
28171,2021-10-03 23:00:00,40.82615,-73.87766,0,0,Alcohol Involvement,4464092,25.9,12.8,0.0,0.0,0.0,0.0,3,12.0,24.1,217,Overcast,0,0,
28172,2021-10-01 13:00:00,40.762737,-73.9597,0,0,Unspecified,4464347,19.4,9.5,0.0,0.0,0.0,0.0,0,13.8,28.1,302,Clear sky,0,0,Sunny/Clear Conditions
28173,2021-10-03 10:05:00,40.834267,-73.82617,0,0,Unspecified,4463863,25.9,12.8,0.0,0.0,0.0,0.0,3,12.0,24.1,217,Overcast,0,0,
28174,2021-09-25 00:00:00,40.721386,-73.816376,0,0,Unspecified,4464391,22.8,14.0,0.0,0.0,0.0,0.0,3,7.9,15.8,322,Overcast,0,0,
28175,2021-10-03 11:45:00,40.747066,-73.97925,1,0,Driver Inattention/Distraction,4464441,25.9,12.8,0.0,0.0,0.0,0.0,3,12.0,24.1,217,Overcast,1,1,
28176,2021-10-03 00:00:00,40.62243,-73.94197,1,0,Alcohol Involvement,4463491,25.9,12.8,0.0,0.0,0.0,0.0,3,12.0,24.1,217,Overcast,1,1,
28177,2021-10-03 19:50:00,40.74461,-73.996895,2,0,Turning Improperly,4463912,25.9,12.8,0.0,0.0,0.0,0.0,3,12.0,24.1,217,Overcast,2,2,
28178,2021-09-28 23:12:00,40.726295,-73.84619,1,0,Traffic Control Disregarded,4464295,22.1,16.3,12.4,12.4,0.0,9.0,63,19.2,38.5,264,Rain: Moderate,1,1,
28179,2021-10-03 04:28:00,40.81594,-73.945244,0,0,Alcohol Involvement,4463826,25.9,12.8,0.0,0.0,0.0,0.0,3,12.0,24.1,217,Overcast,0,0,
28180,2021-10-03 10:45:00,40.679565,-73.93436,0,0,Driver Inattention/Distraction,4463458,25.9,12.8,0.0,0.0,0.0,0.0,3,12.0,24.1,217,Overcast,0,0,
28181,2021-10-03 19:00:00,40.793556,-73.967026,0,0,Failure to Yield Right-of-Way,4463567,25.9,12.8,0.0,0.0,0.0,0.0,3,12.0,24.1,217,Overcast,0,0,
28182,2021-10-03 16:10:00,40.82906,-73.91001,0,0,Unspecified,4463976,25.9,12.8,0.0,0.0,0.0,0.0,3,12.0,24.1,217,Overcast,0,0,
28183,2021-10-03 19:15:00,40.799305,-73.94324,1,0,Unspecified,4463944,25.9,12.8,0.0,0.0,0.0,0.0,3,12.0,24.1,217,Overcast,1,1,
28184,2021-10-03 11:08:00,40.734943,-73.751396,0,0,Driver Inattention/Distraction,4463396,25.9,12.8,0.0,0.0,0.0,0.0,3,12.0,24.1,217,Overcast,0,0,
28185,2021-10-01 19:40:00,40.680183,-73.7937,4,0,Unsafe Speed,4464312,19.4,9.5,0.0,0.0,0.0,0.0,0,13.8,28.1,302,Clear sky,4,4,Sunny/Clear Conditions
28186,2021-10-03 19:23:00,40.868694,-73.90237,0,0,Reaction to Uninvolved Vehicle,4464069,25.9,12.8,0.0,0.0,0.0,0.0,3,12.0,24.1,217,Overcast,0,0,
28187,2021-09-21 15:00:00,40.679203,-73.9553,0,0,Passing Too Closely,4464468,23.1,16.4,0.0,0.0,0.0,0.0,3,14.2,29.5,108,Overcast,0,0,
28188,2021-10-03 22:25:00,40.760857,-73.961075,0,0,Driver Inattention/Distraction,4463680,25.9,12.8,0.0,0.0,0.0,0.0,3,12.0,24.1,217,Overcast,0,0,
28189,2021-10-03 22:10:00,40.80534,-73.92095,1,0,Unspecified,4464225,25.9,12.8,0.0,0.0,0.0,0.0,3,12.0,24.1,217,Overcast,1,1,
28190,2021-10-03 11:30:00,40.750397,-73.83514,0,0,Other Vehicular,4464232,25.9,12.8,0.0,0.0,0.0,0.0,3,12.0,24.1,217,Overcast,0,0,
28191,2021-10-03 00:27:00,40.72125,-73.99224,0,0,Failure to Yield Right-of-Way,4463303,25.9,12.8,0.0,0.0,0.0,0.0,3,12.0,24.1,217,Overcast,0,0,
28192,2021-10-03 04:13:00,40.660297,-73.947685,1,0,Traffic Control Disregarded,4464372,25.9,12.8,0.0,0.0,0.0,0.0,3,12.0,24.1,217,Overcast,1,1,
28193,2021-10-03 21:03:00,40.762676,-73.954346,0,0,Driver Inattention/Distraction,4463725,25.9,12.8,0.0,0.0,0.0,0.0,3,12.0,24.1,217,Overcast,0,0,
28194,2021-10-03 04:00:00,40.67303,-73.901,0,0,Driver Inattention/Distraction,4463778,25.9,12.8,0.0,0.0,0.0,0.0,3,12.0,24.1,217,Overcast,0,0,
28195,2021-09-30 19:20:00,40.793186,-73.94057,1,0,Traffic Control Disregarded,4464525,18.8,13.1,0.0,0.0,0.0,0.0,3,18.1,37.4,330,Overcast,1,1,
28196,2021-10-03 00:39:00,40.63656,-74.168236,0,0,Driver Inattention/Distraction,4464305,25.9,12.8,0.0,0.0,0.0,0.0,3,12.0,24.1,217,Overcast,0,0,
28197,2021-09-13 02:30:00,40.765755,-73.924515,0,0,Alcohol Involvement,4464604,28.8,21.8,1.1,1.1,0.0,2.0,53,20.1,36.7,277,Drizzle: Moderate,0,0,
28198,2021-10-03 19:26:00,40.65723,-73.96025,0,0,Driver Inattention/Distraction,4463624,25.9,12.8,0.0,0.0,0.0,0.0,3,12.0,24.1,217,Overcast,0,0,
28199,2021-10-03 16:35:00,0.0,0.0,1,0,Passing or Lane Usage Improper,4463998,25.9,12.8,0.0,0.0,0.0,0.0,3,12.0,24.1,217,Overcast,1,1,
28200,2021-10-03 21:39:00,40.66584,-73.75551,0,0,Reaction to Uninvolved Vehicle,4463654,25.9,12.8,0.0,0.0,0.0,0.0,3,12.0,24.1,217,Overcast,0,0,
28201,2021-09-06 01:15:00,40.72378,-73.80227,0,0,Backing Unsafely,4464336,26.9,18.4,0.0,0.0,0.0,0.0,3,19.6,37.8,273,Overcast,0,0,
28202,2021-09-09 12:05:00,40.5528,-74.191444,0,0,Unspecified,4464484,22.4,19.8,18.4,18.4,0.0,15.0,63,17.5,39.2,271,Rain: Moderate,0,0,
28203,2022-03-30 18:22:00,40.73093,-73.864586,4,0,Lost Consciousness,4514971,5.9,-3.5,0.0,0.0,0.0,0.0,3,17.0,30.6,215,Overcast,4,4,
28204,2021-10-03 04:15:00,40.577065,-74.11635,1,0,Driver Inattention/Distraction,4463364,25.9,12.8,0.0,0.0,0.0,0.0,3,12.0,24.1,217,Overcast,1,1,
28205,2021-10-02 11:20:00,40.6913651,-73.926333,0,0,View Obstructed/Limited,4464405,23.7,10.8,0.0,0.0,0.0,0.0,3,17.0,34.2,254,Overcast,0,0,
28206,2021-05-15 11:00:00,40.749744,-73.884315,1,0,Other Vehicular,4423616,22.4,8.7,0.0,0.0,0.0,0.0,3,12.5,23.8,229,Overcast,1,1,
28207,2021-10-03 23:10:00,40.681923,-73.831924,0,0,Driver Inattention/Distraction,4463887,25.9,12.8,0.0,0.0,0.0,0.0,3,12.0,24.1,217,Overcast,0,0,
28208,2021-10-03 16:48:00,0.0,0.0,0,0,Driver Inattention/Distraction,4464027,25.9,12.8,0.0,0.0,0.0,0.0,3,12.0,24.1,217,Overcast,0,0,
28209,2021-10-03 20:40:00,40.734768,-73.87459,0,0,Driver Inattention/Distraction,4463604,25.9,12.8,0.0,0.0,0.0,0.0,3,12.0,24.1,217,Overcast,0,0,
28210,2021-10-03 16:50:00,40.872314,-73.91274,2,0,Driver Inattention/Distraction,4463595,25.9,12.8,0.0,0.0,0.0,0.0,3,12.0,24.1,217,Overcast,2,2,
28211,2021-10-03 23:00:00,40.71258,-73.958115,0,0,Following Too Closely,4463931,25.9,12.8,0.0,0.0,0.0,0.0,3,12.0,24.1,217,Overcast,0,0,
28212,2021-09-30 12:29:00,40.61654,-73.9766,0,0,Driver Inattention/Distraction,4464319,18.8,13.1,0.0,0.0,0.0,0.0,3,18.1,37.4,330,Overcast,0,0,
28213,2021-10-03 11:59:00,40.75097,-73.825775,3,0,Following Too Closely,4463643,25.9,12.8,0.0,0.0,0.0,0.0,3,12.0,24.1,217,Overcast,3,3,
28214,2021-08-28 05:00:00,40.764225,-73.77839,0,0,Driver Inattention/Distraction,4464277,26.2,20.2,3.9,3.9,0.0,18.0,53,23.5,45.0,65,Drizzle: Moderate,0,0,
28215,2021-10-03 19:06:00,40.612434,-74.15366,0,0,Glare,4464164,25.9,12.8,0.0,0.0,0.0,0.0,3,12.0,24.1,217,Overcast,0,0,
28216,2021-10-03 08:30:00,40.697903,-73.9468,0,0,Passing Too Closely,4464463,25.9,12.8,0.0,0.0,0.0,0.0,3,12.0,24.1,217,Overcast,0,0,
28217,2021-10-03 22:30:00,40.57917,-74.10106,0,0,Turning Improperly,4464494,25.9,12.8,0.0,0.0,0.0,0.0,3,12.0,24.1,217,Overcast,0,0,
28218,2021-10-03 16:18:00,40.676437,-73.91246,0,0,Unspecified,4463711,25.9,12.8,0.0,0.0,0.0,0.0,3,12.0,24.1,217,Overcast,0,0,
28219,2021-10-03 22:21:00,40.627598,-74.03821,0,0,Reaction to Uninvolved Vehicle,4463633,25.9,12.8,0.0,0.0,0.0,0.0,3,12.0,24.1,217,Overcast,0,0,
28220,2021-09-30 19:50:00,40.644913,-73.97443,0,0,Unspecified,4464430,18.8,13.1,0.0,0.0,0.0,0.0,3,18.1,37.4,330,Overcast,0,0,
28221,2021-10-03 23:00:00,40.629936,-73.90448,0,0,Unspecified,4464094,25.9,12.8,0.0,0.0,0.0,0.0,3,12.0,24.1,217,Overcast,0,0,
28222,2021-10-03 06:40:00,40.69169,-73.90585,0,0,Driver Inattention/Distraction,4464142,25.9,12.8,0.0,0.0,0.0,0.0,3,12.0,24.1,217,Overcast,0,0,