,CRASH DATETIME,LATITUDE,LONGITUDE,NUMBER OF PERSONS INJURED,NUMBER OF PERSONS KILLED,CONTRIBUTING FACTOR VEHICLE 1,COLLISION_ID,temperature_2m_max,temperature_2m_min,precipitation_sum,rain_sum,snowfall_sum,precipitation_hours,weather_code,wind_speed_10m_max,wind_gusts_10m_max,wind_direction_10m_dominant,Weather Description,Severity_Score,Total_Affected_Persons,Weather_Category
28223,2021-10-03 21:20:00,40.721703,-73.95065,0,0,Traffic Control Disregarded,4464190,25.9,12.8,0.0,0.0,0.0,0.0,3,12.0,24.1,217,Overcast,0,0,
28224,2021-10-03 14:30:00,0.0,0.0,2,0,Failure to Yield Right-of-Way,4463664,25.9,12.8,0.0,0.0,0.0,0.0,3,12.0,24.1,217,Overcast,2,2,
28225,2022-03-30 17:50:00,40.730118,-73.86232,1,0,Driver Inattention/Distraction,4515301,5.9,-3.5,0.0,0.0,0.0,0.0,3,17.0,30.6,215,Overcast,1,1,
28226,2022-03-26 04:42:00,40.752968,-73.83689,1,0,Driver Inattention/Distraction,4515869,10.1,4.9,6.1,5.8,0.21,8.0,71,21.6,41.0,251,Snow fall: Light,1,1,Snowy Conditions
28227,2022-04-01 17:20:00,40.788685,-73.94386,0,0,Following Too Closely,4515516,15.2,5.3,1.4,1.4,0.0,8.0,51,33.1,61.9,277,Drizzle: Light,0,0,
28228,2022-04-01 17:18:00,40.708363,-73.92401,0,0,Reaction to Uninvolved Vehicle,4515404,15.2,5.3,1.4,1.4,0.0,8.0,51,33.1,61.9,277,Drizzle: Light,0,0,
28229,2022-03-31 11:20:00,40.75681,-73.971146,0,0,Driver Inattention/Distraction,4515087,19.0,3.5,12.0,12.0,0.0,4.0,65,37.8,67.3,194,Rain: Heavy,0,0,
28230,2021-11-15 11:00:00,40.76649,-73.95696,2,0,Driver Inattention/Distraction,4479875,8.6,2.4,0.9,0.9,0.0,4.0,53,30.0,56.5,268,Drizzle: Moderate,2,2,
28231,2021-12-08 08:00:00,40.630318,-74.08683,0,0,Traffic Control Disregarded,4484953,4.7,0.9,0.7,0.7,0.0,2.0,51,14.5,24.8,355,Drizzle: Light,0,0,
28232,2021-12-09 09:21:00,40.830994,-73.92291,0,0,Passing or Lane Usage Improper,4486321,3.6,-2.0,0.1,0.0,0.07,1.0,71,19.2,33.8,295,Snow fall: Light,0,0,Snowy Conditions
28233,2022-03-30 10:30:00,40.67264,-73.87281,0,0,Driver Inattention/Distraction,4515009,5.9,-3.5,0.0,0.0,0.0,0.0,3,17.0,30.6,215,Overcast,0,0,
28234,2022-03-30 15:55:00,40.68378,-73.789734,1,0,Traffic Control Disregarded,4514852,5.9,-3.5,0.0,0.0,0.0,0.0,3,17.0,30.6,215,Overcast,1,1,
28235,2022-03-22 21:12:00,40.66188,-73.94557,1,0,Driver Inattention/Distraction,4515475,12.8,3.9,0.0,0.0,0.0,0.0,3,23.1,44.3,311,Overcast,1,1,
28236,2022-03-31 13:10:00,40.81313,-73.89428,0,0,Driver Inattention/Distraction,4515780,19.0,3.5,12.0,12.0,0.0,4.0,65,37.8,67.3,194,Rain: Heavy,0,0,
28237,2022-04-01 16:47:00,40.667236,-73.770004,1,0,Following Too Closely,4515520,15.2,5.3,1.4,1.4,0.0,8.0,51,33.1,61.9,277,Drizzle: Light,1,1,
28238,2022-03-23 14:31:00,40.715233,-74.005424,0,0,Unspecified,4515567,8.4,1.3,2.2,2.2,0.0,3.0,55,19.6,34.6,73,Drizzle: Dense,0,0,
28239,2022-04-01 20:15:00,40.663643,-73.89084,0,0,Traffic Control Disregarded,4515735,15.2,5.3,1.4,1.4,0.0,8.0,51,33.1,61.9,277,Drizzle: Light,0,0,
28240,2022-03-30 01:00:00,40.7158,-73.824486,0,0,Alcohol Involvement,4514885,5.9,-3.5,0.0,0.0,0.0,0.0,3,17.0,30.6,215,Overcast,0,0,
28241,2022-03-31 16:30:00,40.651733,-73.93039,0,0,Driver Inattention/Distraction,4515656,19.0,3.5,12.0,12.0,0.0,4.0,65,37.8,67.3,194,Rain: Heavy,0,0,
28242,2022-03-30 10:40:00,40.805077,-73.91092,0,0,Unspecified,4514787,5.9,-3.5,0.0,0.0,0.0,0.0,3,17.0,30.6,215,Overcast,0,0,
28243,2022-04-01 00:30:00,40.74147,-73.82281,0,0,Following Too Closely,4515762,15.2,5.3,1.4,1.4,0.0,8.0,51,33.1,61.9,277,Drizzle: Light,0,0,
28244,2022-03-31 14:02:00,40.65115,-73.890015,0,0,Driver Inattention/Distraction,4515218,19.0,3.5,12.0,12.0,0.0,4.0,65,37.8,67.3,194,Rain: Heavy,0,0,
28245,2022-03-30 18:30:00,40.665306,-73.883804,1,0,Failure to Yield Right-of-Way,4515016,5.9,-3.5,0.0,0.0,0.0,0.0,3,17.0,30.6,215,Overcast,1,1,
28246,2022-03-31 10:15:00,40.76295,-73.83196,0,0,Passing or Lane Usage Improper,4515765,19.0,3.5,12.0,12.0,0.0,4.0,65,37.8,67.3,194,Rain: Heavy,0,0,
28247,2022-04-01 14:05:00,40.609913,-73.94852,3,0,Lost Consciousness,4515360,15.2,5.3,1.4,1.4,0.0,8.0,51,33.1,61.9,277,Drizzle: Light,3,3,
28248,2022-03-30 18:00:00,40.598694,-74.00592,0,0,Backing Unsafely,4514926,5.9,-3.5,0.0,0.0,0.0,0.0,3,17.0,30.6,215,Overcast,0,0,
28249,2022-03-30 17:42:00,40.830936,-73.91241,0,0,Other Vehicular,4515273,5.9,-3.5,0.0,0.0,0.0,0.0,3,17.0,30.6,215,Overcast,0,0,
28250,2022-03-27 12:30:00,40.769226,-73.98477,0,0,Other Vehicular,4515827,7.5,-1.1,0.3,0.3,0.07,3.0,71,26.4,47.5,288,Snow fall: Light,0,0,Snowy Conditions
28251,2022-03-31 14:00:00,40.824757,-73.87733,0,0,Driver Inattention/Distraction,4515355,19.0,3.5,12.0,12.0,0.0,4.0,65,37.8,67.3,194,Rain: Heavy,0,0,
28252,2022-03-31 11:50:00,40.705246,-73.95908,2,0,Following Too Closely,4515195,19.0,3.5,12.0,12.0,0.0,4.0,65,37.8,67.3,194,Rain: Heavy,2,2,
28253,2022-03-30 12:21:00,40.699364,-73.89495,0,0,Passing Too Closely,4514856,5.9,-3.5,0.0,0.0,0.0,0.0,3,17.0,30.6,215,Overcast,0,0,
28254,2022-03-30 18:58:00,40.68668,-73.97937,0,0,Driver Inattention/Distraction,4514892,5.9,-3.5,0.0,0.0,0.0,0.0,3,17.0,30.6,215,Overcast,0,0,
28255,2022-03-30 19:00:00,40.7432,-73.89589,2,0,Other Vehicular,4515097,5.9,-3.5,0.0,0.0,0.0,0.0,3,17.0,30.6,215,Overcast,2,2,
28256,2022-09-21 05:50:00,40.61913,-73.99019,1,0,Passing or Lane Usage Improper,4566203,26.5,16.0,0.0,0.0,0.0,0.0,3,19.4,36.7,252,Overcast,1,1,
28257,2021-06-04 09:00:00,40.82244,-73.91289,0,0,Other Vehicular,4423751,25.3,17.4,6.5,6.5,0.0,10.0,61,17.9,37.8,235,Rain: Light,0,0,
28258,2022-03-31 06:23:00,40.6818,-73.73257,0,0,Unspecified,4515058,19.0,3.5,12.0,12.0,0.0,4.0,65,37.8,67.3,194,Rain: Heavy,0,0,
28259,2022-04-01 19:39:00,40.826504,-73.93451,1,0,Brakes Defective,4515982,15.2,5.3,1.4,1.4,0.0,8.0,51,33.1,61.9,277,Drizzle: Light,1,1,
28260,2022-03-31 09:40:00,40.755657,-73.86244,1,0,Driver Inattention/Distraction,4515065,19.0,3.5,12.0,12.0,0.0,4.0,65,37.8,67.3,194,Rain: Heavy,1,1,
28261,2022-03-04 00:00:00,40.83872,-73.91378,1,0,Unsafe Speed,4515277,3.2,-7.1,0.0,0.0,0.0,0.0,3,20.3,38.5,280,Overcast,1,1,
28262,2022-03-31 20:36:00,40.80684,-73.9275,2,0,Alcohol Involvement,4515387,19.0,3.5,12.0,12.0,0.0,4.0,65,37.8,67.3,194,Rain: Heavy,2,2,
28263,2022-03-30 04:35:00,40.751972,-73.879974,0,0,Driver Inattention/Distraction,4514784,5.9,-3.5,0.0,0.0,0.0,0.0,3,17.0,30.6,215,Overcast,0,0,
28264,2022-03-31 09:15:00,40.61748,-73.96482,1,0,Unspecified,4515573,19.0,3.5,12.0,12.0,0.0,4.0,65,37.8,67.3,194,Rain: Heavy,1,1,
28265,2022-04-01 06:31:00,40.556534,-74.12813,1,0,Driver Inattention/Distraction,4515316,15.2,5.3,1.4,1.4,0.0,8.0,51,33.1,61.9,277,Drizzle: Light,1,1,
28266,2022-04-01 18:30:00,40.74175,-73.86157,0,0,Driver Inattention/Distraction,4515790,15.2,5.3,1.4,1.4,0.0,8.0,51,33.1,61.9,277,Drizzle: Light,0,0,
28267,2022-03-29 11:25:00,40.66435,-73.95099,0,0,Following Too Closely,4515449,3.3,-5.2,0.0,0.0,0.0,0.0,2,29.3,54.4,311,Partly cloudy,0,0,
28268,2022-04-01 09:58:00,40.629974,-74.00813,0,0,Driver Inattention/Distraction,4515409,15.2,5.3,1.4,1.4,0.0,8.0,51,33.1,61.9,277,Drizzle: Light,0,0,
28269,2022-03-30 08:16:00,40.73228,-73.85183,0,0,Passing Too Closely,4514976,5.9,-3.5,0.0,0.0,0.0,0.0,3,17.0,30.6,215,Overcast,0,0,
28270,2022-03-30 17:45:00,40.63401,-74.16625,3,0,View Obstructed/Limited,4515284,5.9,-3.5,0.0,0.0,0.0,0.0,3,17.0,30.6,215,Overcast,3,3,
28271,2022-04-01 06:00:00,40.748226,-73.75979,0,0,Other Vehicular,4515416,15.2,5.3,1.4,1.4,0.0,8.0,51,33.1,61.9,277,Drizzle: Light,0,0,
28272,2022-03-30 12:57:00,40.721024,-73.981094,1,0,Unspecified,4515563,5.9,-3.5,0.0,0.0,0.0,0.0,3,17.0,30.6,215,Overcast,1,1,
28273,2022-03-27 04:32:00,40.845177,-73.91417,1,0,Driver Inattention/Distraction,4515660,7.5,-1.1,0.3,0.3,0.07,3.0,71,26.4,47.5,288,Snow fall: Light,1,1,Snowy Conditions
28274,2022-04-01 14:00:00,40.718395,-73.826385,2,0,Following Too Closely,4515502,15.2,5.3,1.4,1.4,0.0,8.0,51,33.1,61.9,277,Drizzle: Light,2,2,
28275,2022-03-30 08:11:00,40.678318,-73.94693,0,0,Driver Inexperience,4514824,5.9,-3.5,0.0,0.0,0.0,0.0,3,17.0,30.6,215,Overcast,0,0,
28276,2022-03-30 20:00:00,40.695316,-73.936714,0,0,Unspecified,4515847,5.9,-3.5,0.0,0.0,0.0,0.0,3,17.0,30.6,215,Overcast,0,0,
28277,2022-03-29 13:50:00,40.839622,-73.870285,2,0,Passing Too Closely,4515282,3.3,-5.2,0.0,0.0,0.0,0.0,2,29.3,54.4,311,Partly cloudy,2,2,
28278,2022-03-31 20:41:00,40.622055,-73.955696,1,0,Unspecified,4515760,19.0,3.5,12.0,12.0,0.0,4.0,65,37.8,67.3,194,Rain: Heavy,1,1,
28279,2022-04-01 20:45:00,40.67318,-73.78103,0,0,Failure to Yield Right-of-Way,4515681,15.2,5.3,1.4,1.4,0.0,8.0,51,33.1,61.9,277,Drizzle: Light,0,0,
28280,2022-03-26 09:20:00,40.67655,-73.91465,0,0,Passing or Lane Usage Improper,4515615,10.1,4.9,6.1,5.8,0.21,8.0,71,21.6,41.0,251,Snow fall: Light,0,0,Snowy Conditions
28281,2022-03-30 01:02:00,40.8396,-73.929474,0,0,Passing or Lane Usage Improper,4515024,5.9,-3.5,0.0,0.0,0.0,0.0,3,17.0,30.6,215,Overcast,0,0,
28282,2022-04-01 19:39:00,40.746536,-73.985954,0,0,Driver Inattention/Distraction,4515592,15.2,5.3,1.4,1.4,0.0,8.0,51,33.1,61.9,277,Drizzle: Light,0,0,
28283,2022-03-30 03:00:00,40.736763,-73.97853,0,0,Unspecified,4514753,5.9,-3.5,0.0,0.0,0.0,0.0,3,17.0,30.6,215,Overcast,0,0,
28284,2022-04-01 11:40:00,40.686653,-73.9841,0,0,Driverless/Runaway Vehicle,4515803,15.2,5.3,1.4,1.4,0.0,8.0,51,33.1,61.9,277,Drizzle: Light,0,0,
28285,2022-03-30 06:05:00,40.60487,-74.02955,0,0,Following Too Closely,4514898,5.9,-3.5,0.0,0.0,0.0,0.0,3,17.0,30.6,215,Overcast,0,0,
28286,2022-03-31 08:00:00,40.666115,-73.79358,1,0,Following Too Closely,4515052,19.0,3.5,12.0,12.0,0.0,4.0,65,37.8,67.3,194,Rain: Heavy,1,1,
28287,2022-03-26 10:37:00,40.900143,-73.86919,0,0,Oversized Vehicle,4515332,10.1,4.9,6.1,5.8,0.21,8.0,71,21.6,41.0,251,Snow fall: Light,0,0,Snowy Conditions
28288,2022-03-31 12:00:00,40.752045,-73.85425,0,0,Backing Unsafely,4515255,19.0,3.5,12.0,12.0,0.0,4.0,65,37.8,67.3,194,Rain: Heavy,0,0,
28289,2022-09-23 23:54:00,40.622417,-74.01095,0,0,Driver Inattention/Distraction,4566730,16.4,10.0,0.0,0.0,0.0,0.0,0,31.1,56.9,323,Clear sky,0,0,Sunny/Clear Conditions
28290,2022-03-31 11:28:00,40.63428,-73.9492,1,0,,4515554,19.0,3.5,12.0,12.0,0.0,4.0,65,37.8,67.3,194,Rain: Heavy,1,1,
28291,2022-04-01 11:26:00,40.747078,-73.981346,0,0,Passing or Lane Usage Improper,4515584,15.2,5.3,1.4,1.4,0.0,8.0,51,33.1,61.9,277,Drizzle: Light,0,0,
28292,2022-03-31 15:30:00,40.73498,-73.85581,0,0,Traffic Control Disregarded,4515610,19.0,3.5,12.0,12.0,0.0,4.0,65,37.8,67.3,194,Rain: Heavy,0,0,
28293,2022-03-31 02:50:00,40.65823,-74.00035,0,0,Turning Improperly,4515006,19.0,3.5,12.0,12.0,0.0,4.0,65,37.8,67.3,194,Rain: Heavy,0,0,
28294,2022-04-01 10:36:00,40.658527,-73.939575,0,0,Unspecified,4515444,15.2,5.3,1.4,1.4,0.0,8.0,51,33.1,61.9,277,Drizzle: Light,0,0,
28295,2022-03-30 11:37:00,40.691444,-73.75211,0,0,Failure to Yield Right-of-Way,4514844,5.9,-3.5,0.0,0.0,0.0,0.0,3,17.0,30.6,215,Overcast,0,0,
28296,2022-03-31 00:16:00,40.75875,-73.96864,0,0,Driver Inattention/Distraction,4515177,19.0,3.5,12.0,12.0,0.0,4.0,65,37.8,67.3,194,Rain: Heavy,0,0,
28297,2022-04-01 07:30:00,40.581516,-73.96734,0,0,Driver Inexperience,4515411,15.2,5.3,1.4,1.4,0.0,8.0,51,33.1,61.9,277,Drizzle: Light,0,0,
28298,2022-03-31 14:50:00,40.616413,-74.103516,1,0,Driver Inattention/Distraction,4515144,19.0,3.5,12.0,12.0,0.0,4.0,65,37.8,67.3,194,Rain: Heavy,1,1,
28299,2022-04-01 14:00:00,40.843807,-73.93405,0,0,Unsafe Speed,4515636,15.2,5.3,1.4,1.4,0.0,8.0,51,33.1,61.9,277,Drizzle: Light,0,0,
28300,2022-04-01 09:30:00,40.727253,-73.74808,0,0,Unsafe Speed,4515396,15.2,5.3,1.4,1.4,0.0,8.0,51,33.1,61.9,277,Drizzle: Light,0,0,
28301,2022-03-30 07:45:00,40.76996,-73.82658,0,0,Passing or Lane Usage Improper,4514934,5.9,-3.5,0.0,0.0,0.0,0.0,3,17.0,30.6,215,Overcast,0,0,
28302,2022-03-31 23:43:00,40.788895,-73.81869,1,0,Unspecified,4515309,19.0,3.5,12.0,12.0,0.0,4.0,65,37.8,67.3,194,Rain: Heavy,1,1,
28303,2022-04-01 14:32:00,40.719135,-73.78949,0,0,Driver Inattention/Distraction,4515519,15.2,5.3,1.4,1.4,0.0,8.0,51,33.1,61.9,277,Drizzle: Light,0,0,
28304,2022-03-29 09:00:00,40.776882,-73.92332,0,0,Unspecified,4515496,3.3,-5.2,0.0,0.0,0.0,0.0,2,29.3,54.4,311,Partly cloudy,0,0,
28305,2022-03-26 04:34:00,40.739086,-73.99139,1,0,Unspecified,4515428,10.1,4.9,6.1,5.8,0.21,8.0,71,21.6,41.0,251,Snow fall: Light,1,1,Snowy Conditions
28306,2022-03-31 12:20:00,40.66224,-73.99944,2,0,Unspecified,4515102,19.0,3.5,12.0,12.0,0.0,4.0,65,37.8,67.3,194,Rain: Heavy,2,2,
28307,2022-03-20 07:15:00,40.668797,-73.93113,0,0,Unspecified,4515706,14.8,6.9,0.1,0.1,0.0,1.0,51,27.0,49.0,284,Drizzle: Light,0,0,
28308,2022-04-01 16:50:00,40.657814,-73.89613,2,0,Driver Inattention/Distraction,4515732,15.2,5.3,1.4,1.4,0.0,8.0,51,33.1,61.9,277,Drizzle: Light,2,2,
28309,2022-03-29 17:45:00,40.66747,-73.9396,0,0,Driver Inattention/Distraction,4515474,3.3,-5.2,0.0,0.0,0.0,0.0,2,29.3,54.4,311,Partly cloudy,0,0,
28310,2022-04-01 03:58:00,40.759727,-73.99169,1,0,Driver Inattention/Distraction,4515568,15.2,5.3,1.4,1.4,0.0,8.0,51,33.1,61.9,277,Drizzle: Light,1,1,
28311,2021-10-04 13:30:00,40.712727,-73.72899,0,0,Tire Failure/Inadequate,4464174,20.6,16.4,21.8,21.8,0.0,17.0,63,20.8,42.8,61,Rain: Moderate,0,0,
28312,2022-03-21 17:08:00,40.75694,-73.93464,2,0,Driver Inattention/Distraction,4515442,15.6,5.0,0.0,0.0,0.0,0.0,3,30.0,53.6,299,Overcast,2,2,
28313,2022-03-30 16:45:00,40.66874,-73.99668,1,0,Unsafe Lane Changing,4515914,5.9,-3.5,0.0,0.0,0.0,0.0,3,17.0,30.6,215,Overcast,1,1,
28314,2022-03-31 13:00:00,40.641987,-74.01724,0,0,View Obstructed/Limited,4515128,19.0,3.5,12.0,12.0,0.0,4.0,65,37.8,67.3,194,Rain: Heavy,0,0,
28315,2022-03-30 20:00:00,40.84474,-73.922585,0,0,Following Too Closely,4514941,5.9,-3.5,0.0,0.0,0.0,0.0,3,17.0,30.6,215,Overcast,0,0,
28316,2022-04-01 00:00:00,40.745308,-73.90753,0,0,Driver Inattention/Distraction,4515314,15.2,5.3,1.4,1.4,0.0,8.0,51,33.1,61.9,277,Drizzle: Light,0,0,
28317,2022-04-01 11:15:00,40.735508,-73.99461,1,0,Unsafe Speed,4515576,15.2,5.3,1.4,1.4,0.0,8.0,51,33.1,61.9,277,Drizzle: Light,1,1,
28318,2022-03-31 15:58:00,40.731155,-73.89368,0,0,Passing Too Closely,4515756,19.0,3.5,12.0,12.0,0.0,4.0,65,37.8,67.3,194,Rain: Heavy,0,0,
28319,2022-04-01 16:15:00,40.8585,-73.86783,0,0,Driver Inattention/Distraction,4515467,15.2,5.3,1.4,1.4,0.0,8.0,51,33.1,61.9,277,Drizzle: Light,0,0,
28320,2022-03-31 23:17:00,40.71406,-73.95292,0,0,Unspecified,4515263,19.0,3.5,12.0,12.0,0.0,4.0,65,37.8,67.3,194,Rain: Heavy,0,0,
28321,2022-04-01 12:00:00,40.732403,-73.74357,0,0,Unspecified,4515854,15.2,5.3,1.4,1.4,0.0,8.0,51,33.1,61.9,277,Drizzle: Light,0,0,
28322,2022-03-30 13:40:00,40.777874,-73.95175,1,0,Traffic Control Disregarded,4514840,5.9,-3.5,0.0,0.0,0.0,0.0,3,17.0,30.6,215,Overcast,1,1,
28323,2022-03-30 10:28:00,40.859547,-73.80091,0,0,Unspecified,4514815,5.9,-3.5,0.0,0.0,0.0,0.0,3,17.0,30.6,215,Overcast,0,0,
28324,2022-03-31 10:19:00,40.704876,-73.95571,0,0,Passing or Lane Usage Improper,4515188,19.0,3.5,12.0,12.0,0.0,4.0,65,37.8,67.3,194,Rain: Heavy,0,0,
28325,2022-03-22 01:00:00,40.689964,-73.796776,0,0,Passing or Lane Usage Improper,4515674,12.8,3.9,0.0,0.0,0.0,0.0,3,23.1,44.3,311,Overcast,0,0,
28326,2022-03-30 13:20:00,40.75597,-73.91262,1,0,Driver Inattention/Distraction,4515297,5.9,-3.5,0.0,0.0,0.0,0.0,3,17.0,30.6,215,Overcast,1,1,
28327,2022-04-01 08:42:00,40.83609,-73.92926,0,0,Failure to Yield Right-of-Way,4515336,15.2,5.3,1.4,1.4,0.0,8.0,51,33.1,61.9,277,Drizzle: Light,0,0,
28328,2022-03-31 10:40:00,40.84741,-73.85137,0,0,Unspecified,4515076,19.0,3.5,12.0,12.0,0.0,4.0,65,37.8,67.3,194,Rain: Heavy,0,0,
28329,2022-03-30 15:03:00,40.644623,-73.90709,0,0,Failure to Yield Right-of-Way,4514871,5.9,-3.5,0.0,0.0,0.0,0.0,3,17.0,30.6,215,Overcast,0,0,
28330,2022-03-30 15:11:00,40.61359,-73.97082,1,0,Unspecified,4514957,5.9,-3.5,0.0,0.0,0.0,0.0,3,17.0,30.6,215,Overcast,1,1,
28331,2022-03-31 18:30:00,40.84231,-73.937035,0,0,Unspecified,4515641,19.0,3.5,12.0,12.0,0.0,4.0,65,37.8,67.3,194,Rain: Heavy,0,0,
28332,2022-03-25 12:30:00,40.65881,-73.98172,0,0,Passing Too Closely,4515347,15.6,5.3,5.7,5.7,0.0,4.0,63,27.6,52.2,274,Rain: Moderate,0,0,
28333,2022-03-31 08:00:00,40.872494,-73.88147,1,0,Following Too Closely,4515048,19.0,3.5,12.0,12.0,0.0,4.0,65,37.8,67.3,194,Rain: Heavy,1,1,
28334,2022-03-31 00:15:00,40.64367,-74.015495,1,0,Failure to Yield Right-of-Way,4514996,19.0,3.5,12.0,12.0,0.0,4.0,65,37.8,67.3,194,Rain: Heavy,1,1,
28335,2022-03-28 10:00:00,40.68629,-73.98527,0,0,Driver Inattention/Distraction,4515814,0.0,-5.2,0.3,0.0,0.21,3.0,71,31.3,59.0,303,Snow fall: Light,0,0,Snowy Conditions
28336,2022-04-01 09:50:00,40.676014,-73.90511,0,0,Passing or Lane Usage Improper,4515364,15.2,5.3,1.4,1.4,0.0,8.0,51,33.1,61.9,277,Drizzle: Light,0,0,
28337,2022-03-28 15:07:00,40.828728,-73.914734,1,0,Unspecified,4515975,0.0,-5.2,0.3,0.0,0.21,3.0,71,31.3,59.0,303,Snow fall: Light,1,1,Snowy Conditions
28338,2022-04-01 17:40:00,40.708916,-73.78614,0,0,Driver Inattention/Distraction,4515963,15.2,5.3,1.4,1.4,0.0,8.0,51,33.1,61.9,277,Drizzle: Light,0,0,
28339,2022-03-30 07:55:00,40.60102,-74.004364,0,0,Driver Inattention/Distraction,4514805,5.9,-3.5,0.0,0.0,0.0,0.0,3,17.0,30.6,215,Overcast,0,0,
28340,2022-03-30 03:30:00,40.689766,-73.855255,0,0,Unspecified,4514746,5.9,-3.5,0.0,0.0,0.0,0.0,3,17.0,30.6,215,Overcast,0,0,
28341,2022-03-30 15:55:00,40.847897,-73.92499,0,0,Passing or Lane Usage Improper,4514901,5.9,-3.5,0.0,0.0,0.0,0.0,3,17.0,30.6,215,Overcast,0,0,
28342,2022-04-01 12:06:00,40.827793,-73.89466,3,0,Prescription Medication,4515550,15.2,5.3,1.4,1.4,0.0,8.0,51,33.1,61.9,277,Drizzle: Light,3,3,
28343,2022-03-31 22:00:00,40.67711,-73.78129,0,0,Passing Too Closely,4515229,19.0,3.5,12.0,12.0,0.0,4.0,65,37.8,67.3,194,Rain: Heavy,0,0,
28344,2022-03-30 08:40:00,40.82138,-73.86298,0,0,Unspecified,4514963,5.9,-3.5,0.0,0.0,0.0,0.0,3,17.0,30.6,215,Overcast,0,0,
28345,2022-03-30 18:25:00,40.716923,-73.98322,4,0,Driver Inattention/Distraction,4514875,5.9,-3.5,0.0,0.0,0.0,0.0,3,17.0,30.6,215,Overcast,4,4,
28346,2022-03-29 01:03:00,40.68159,-73.74459,0,0,Failure to Yield Right-of-Way,4515324,3.3,-5.2,0.0,0.0,0.0,0.0,2,29.3,54.4,311,Partly cloudy,0,0,
28347,2022-03-31 16:00:00,40.678467,-73.99597,0,0,Unspecified,4515173,19.0,3.5,12.0,12.0,0.0,4.0,65,37.8,67.3,194,Rain: Heavy,0,0,
28348,2022-03-28 17:18:00,40.78366,-73.98167,1,0,Failure to Yield Right-of-Way,4515379,0.0,-5.2,0.3,0.0,0.21,3.0,71,31.3,59.0,303,Snow fall: Light,1,1,Snowy Conditions
28349,2022-04-01 08:23:00,40.63868,-73.91682,0,0,Traffic Control Disregarded,4515460,15.2,5.3,1.4,1.4,0.0,8.0,51,33.1,61.9,277,Drizzle: Light,0,0,
28350,2022-03-31 11:50:00,40.643894,-74.012825,1,0,Unspecified,4515107,19.0,3.5,12.0,12.0,0.0,4.0,65,37.8,67.3,194,Rain: Heavy,1,1,
28351,2022-03-27 10:49:00,40.846504,-73.89644,0,0,Turning Improperly,4515695,7.5,-1.1,0.3,0.3,0.07,3.0,71,26.4,47.5,288,Snow fall: Light,0,0,Snowy Conditions
28352,2022-04-01 18:00:00,40.76663,-73.88903,1,0,Driver Inattention/Distraction,4515424,15.2,5.3,1.4,1.4,0.0,8.0,51,33.1,61.9,277,Drizzle: Light,1,1,
28353,2022-04-01 17:31:00,40.71192,-73.95625,0,0,Other Vehicular,4515922,15.2,5.3,1.4,1.4,0.0,8.0,51,33.1,61.9,277,Drizzle: Light,0,0,
28354,2022-09-18 11:24:00,40.642845,-73.97826,0,0,Unspecified,4566597,28.7,17.1,0.0,0.0,0.0,0.0,3,20.2,36.7,233,Overcast,0,0,
28355,2022-03-07 07:30:00,40.73957,-73.86705,3,0,Unspecified,4515329,22.7,11.2,4.7,4.7,0.0,4.0,63,37.8,72.0,228,Rain: Moderate,3,3,
28356,2022-03-31 22:11:00,40.60567,-74.030945,0,0,Unspecified,4515726,19.0,3.5,12.0,12.0,0.0,4.0,65,37.8,67.3,194,Rain: Heavy,0,0,
28357,2022-03-30 08:10:00,40.66223,-73.93997,1,0,Unspecified,4515292,5.9,-3.5,0.0,0.0,0.0,0.0,3,17.0,30.6,215,Overcast,1,1,
28358,2022-03-29 01:00:00,40.795822,-73.94686,0,0,Backing Unsafely,4515510,3.3,-5.2,0.0,0.0,0.0,0.0,2,29.3,54.4,311,Partly cloudy,0,0,
28359,2022-04-01 11:05:00,40.705666,-73.818474,2,0,Unspecified,4515491,15.2,5.3,1.4,1.4,0.0,8.0,51,33.1,61.9,277,Drizzle: Light,2,2,
28360,2022-03-30 19:30:00,40.83727,-73.90236,0,0,Unspecified,4514909,5.9,-3.5,0.0,0.0,0.0,0.0,3,17.0,30.6,215,Overcast,0,0,
28361,2022-03-28 10:30:00,40.575302,-73.9766,0,0,Driver Inexperience,4515789,0.0,-5.2,0.3,0.0,0.21,3.0,71,31.3,59.0,303,Snow fall: Light,0,0,Snowy Conditions
28362,2022-03-31 07:21:00,40.89341,-73.85737,0,0,Following Too Closely,4515120,19.0,3.5,12.0,12.0,0.0,4.0,65,37.8,67.3,194,Rain: Heavy,0,0,
28363,2022-03-10 18:15:00,40.788788,-73.78443,1,0,Alcohol Involvement,4509542,9.0,-1.5,0.0,0.0,0.0,0.0,3,12.3,23.8,243,Overcast,1,1,
28364,2022-03-30 16:18:00,40.653416,-73.98146,1,0,Driver Inattention/Distraction,4515017,5.9,-3.5,0.0,0.0,0.0,0.0,3,17.0,30.6,215,Overcast,1,1,
28365,2022-03-31 18:25:00,40.760403,-73.98748,1,0,Unspecified,4515240,19.0,3.5,12.0,12.0,0.0,4.0,65,37.8,67.3,194,Rain: Heavy,1,1,
28366,2022-04-01 20:33:00,40.785805,-73.942856,0,0,Turning Improperly,4515625,15.2,5.3,1.4,1.4,0.0,8.0,51,33.1,61.9,277,Drizzle: Light,0,0,
28367,2022-03-27 15:46:00,40.60981,-73.92251,1,0,Failure to Yield Right-of-Way,4515863,7.5,-1.1,0.3,0.3,0.07,3.0,71,26.4,47.5,288,Snow fall: Light,1,1,Snowy Conditions