,CRASH DATETIME,LATITUDE,LONGITUDE,NUMBER OF PERSONS INJURED,NUMBER OF PERSONS KILLED,CONTRIBUTING FACTOR VEHICLE 1,COLLISION_ID,temperature_2m_max,temperature_2m_min,precipitation_sum,rain_sum,snowfall_sum,precipitation_hours,weather_code,wind_speed_10m_max,wind_gusts_10m_max,wind_direction_10m_dominant,Weather Description,Severity_Score,Total_Affected_Persons,Weather_Category
28368,2022-03-31 21:30:00,40.666862,-73.77837,0,0,Driver Inexperience,4515393,19.0,3.5,12.0,12.0,0.0,4.0,65,37.8,67.3,194,Rain: Heavy,0,0,
28369,2022-03-31 00:00:00,40.81943,-73.88972,0,0,Passing Too Closely,4515256,19.0,3.5,12.0,12.0,0.0,4.0,65,37.8,67.3,194,Rain: Heavy,0,0,
28370,2022-03-17 09:30:00,40.7795,-73.981636,0,0,Unspecified,4515378,12.3,3.9,6.5,6.5,0.0,13.0,61,16.8,31.7,41,Rain: Light,0,0,
28371,2022-03-31 21:34:00,40.823826,-73.86163,0,0,Alcohol Involvement,4515356,19.0,3.5,12.0,12.0,0.0,4.0,65,37.8,67.3,194,Rain: Heavy,0,0,
28372,2022-03-30 13:04:00,40.675854,-73.73163,1,0,Unspecified,4514833,5.9,-3.5,0.0,0.0,0.0,0.0,3,17.0,30.6,215,Overcast,1,1,
28373,2022-03-31 09:15:00,40.807266,-73.93744,0,0,Driver Inattention/Distraction,4515045,19.0,3.5,12.0,12.0,0.0,4.0,65,37.8,67.3,194,Rain: Heavy,0,0,
28374,2022-03-31 18:40:00,40.701008,-73.9424,1,0,Driver Inattention/Distraction,4515193,19.0,3.5,12.0,12.0,0.0,4.0,65,37.8,67.3,194,Rain: Heavy,1,1,
28375,2022-03-30 14:00:00,40.850807,-73.86781,0,0,Other Vehicular,4514823,5.9,-3.5,0.0,0.0,0.0,0.0,3,17.0,30.6,215,Overcast,0,0,
28376,2022-03-30 18:20:00,40.681385,-73.84748,0,0,Driver Inattention/Distraction,4514859,5.9,-3.5,0.0,0.0,0.0,0.0,3,17.0,30.6,215,Overcast,0,0,
28377,2022-03-28 08:11:00,40.868145,-73.833725,0,0,Backing Unsafely,4515351,0.0,-5.2,0.3,0.0,0.21,3.0,71,31.3,59.0,303,Snow fall: Light,0,0,Snowy Conditions
28378,2022-03-30 19:30:00,40.728912,-74.0086,0,0,Driver Inattention/Distraction,4515082,5.9,-3.5,0.0,0.0,0.0,0.0,3,17.0,30.6,215,Overcast,0,0,
28379,2022-03-30 17:00:00,40.8163,-73.80891,0,0,Unspecified,4515066,5.9,-3.5,0.0,0.0,0.0,0.0,3,17.0,30.6,215,Overcast,0,0,
28380,2022-03-30 08:29:00,40.638813,-73.90818,0,0,Driver Inexperience,4514796,5.9,-3.5,0.0,0.0,0.0,0.0,3,17.0,30.6,215,Overcast,0,0,
28381,2022-01-24 20:45:00,40.84506,-73.916855,0,0,Following Too Closely,4515368,0.2,-2.7,0.3,0.0,0.21,2.0,71,15.1,31.0,307,Snow fall: Light,0,0,Snowy Conditions
28382,2022-04-01 08:00:00,40.729256,-73.94605,0,0,Following Too Closely,4515980,15.2,5.3,1.4,1.4,0.0,8.0,51,33.1,61.9,277,Drizzle: Light,0,0,
28383,2022-03-30 06:30:00,40.72098,-73.98696,0,0,Driver Inattention/Distraction,4515205,5.9,-3.5,0.0,0.0,0.0,0.0,3,17.0,30.6,215,Overcast,0,0,
28384,2022-03-31 11:09:00,40.722744,-73.93658,0,0,Passing or Lane Usage Improper,4515319,19.0,3.5,12.0,12.0,0.0,4.0,65,37.8,67.3,194,Rain: Heavy,0,0,
28385,2022-04-01 15:31:00,40.747772,-73.985054,1,0,Passing or Lane Usage Improper,4515596,15.2,5.3,1.4,1.4,0.0,8.0,51,33.1,61.9,277,Drizzle: Light,1,1,
28386,2022-03-25 10:50:00,40.68733,-73.98183,1,0,Backing Unsafely,4515818,15.6,5.3,5.7,5.7,0.0,4.0,63,27.6,52.2,274,Rain: Moderate,1,1,
28387,2022-03-31 21:49:00,40.76536,-73.98759,0,0,Following Too Closely,4515246,19.0,3.5,12.0,12.0,0.0,4.0,65,37.8,67.3,194,Rain: Heavy,0,0,
28388,2022-03-30 19:00:00,40.83078,-73.82631,1,0,Unspecified,4515110,5.9,-3.5,0.0,0.0,0.0,0.0,3,17.0,30.6,215,Overcast,1,1,
28389,2022-03-31 12:03:00,40.830067,-73.92915,0,0,Unsafe Speed,4515272,19.0,3.5,12.0,12.0,0.0,4.0,65,37.8,67.3,194,Rain: Heavy,0,0,
28390,2022-03-30 09:25:00,40.612144,-74.00308,0,0,Driver Inattention/Distraction,4514949,5.9,-3.5,0.0,0.0,0.0,0.0,3,17.0,30.6,215,Overcast,0,0,
28391,2022-03-30 16:40:00,40.589035,-74.08988,1,0,Unspecified,4515157,5.9,-3.5,0.0,0.0,0.0,0.0,3,17.0,30.6,215,Overcast,1,1,
28392,2022-03-31 19:15:00,40.6094,-74.11657,0,0,Turning Improperly,4515164,19.0,3.5,12.0,12.0,0.0,4.0,65,37.8,67.3,194,Rain: Heavy,0,0,
28393,2022-03-30 07:30:00,40.82403,-73.94476,0,0,Passing or Lane Usage Improper,4514731,5.9,-3.5,0.0,0.0,0.0,0.0,3,17.0,30.6,215,Overcast,0,0,
28394,2022-03-31 18:30:00,40.80332,-73.97263,0,0,Driver Inattention/Distraction,4515233,19.0,3.5,12.0,12.0,0.0,4.0,65,37.8,67.3,194,Rain: Heavy,0,0,
28395,2022-03-31 00:05:00,40.734985,-73.85066,1,0,Turning Improperly,4514975,19.0,3.5,12.0,12.0,0.0,4.0,65,37.8,67.3,194,Rain: Heavy,1,1,
28396,2022-03-31 03:07:00,40.634586,-73.97785,0,0,Unspecified,4514988,19.0,3.5,12.0,12.0,0.0,4.0,65,37.8,67.3,194,Rain: Heavy,0,0,
28397,2022-04-01 00:40:00,40.587616,-73.93656,0,0,Unspecified,4515287,15.2,5.3,1.4,1.4,0.0,8.0,51,33.1,61.9,277,Drizzle: Light,0,0,
28398,2022-04-01 23:07:00,40.758224,-73.97844,0,0,Unspecified,4515456,15.2,5.3,1.4,1.4,0.0,8.0,51,33.1,61.9,277,Drizzle: Light,0,0,
28399,2022-04-01 00:09:00,40.743782,-73.97352,0,0,View Obstructed/Limited,4515200,15.2,5.3,1.4,1.4,0.0,8.0,51,33.1,61.9,277,Drizzle: Light,0,0,
28400,2022-03-30 03:30:00,40.68698,-73.789604,0,0,Unsafe Speed,4515304,5.9,-3.5,0.0,0.0,0.0,0.0,3,17.0,30.6,215,Overcast,0,0,
28401,2022-03-30 06:15:00,40.60487,-74.02955,0,0,Passing or Lane Usage Improper,4514905,5.9,-3.5,0.0,0.0,0.0,0.0,3,17.0,30.6,215,Overcast,0,0,
28402,2022-03-31 10:10:00,40.68087,-73.97515,0,0,Driver Inattention/Distraction,4515092,19.0,3.5,12.0,12.0,0.0,4.0,65,37.8,67.3,194,Rain: Heavy,0,0,
28403,2022-04-01 13:30:00,40.74297,-73.71042,1,0,Driver Inattention/Distraction,4515383,15.2,5.3,1.4,1.4,0.0,8.0,51,33.1,61.9,277,Drizzle: Light,1,1,
28404,2022-03-30 11:00:00,40.709442,-73.95252,0,0,Backing Unsafely,4515420,5.9,-3.5,0.0,0.0,0.0,0.0,3,17.0,30.6,215,Overcast,0,0,
28405,2022-03-28 19:48:00,40.7527,-73.92741,0,0,Passing or Lane Usage Improper,4515930,0.0,-5.2,0.3,0.0,0.21,3.0,71,31.3,59.0,303,Snow fall: Light,0,0,Snowy Conditions
28406,2022-04-01 20:00:00,40.741646,-74.00487,2,0,Driver Inexperience,4515691,15.2,5.3,1.4,1.4,0.0,8.0,51,33.1,61.9,277,Drizzle: Light,2,2,
28407,2022-03-28 07:10:00,40.659008,-73.98157,0,0,Unspecified,4515346,0.0,-5.2,0.3,0.0,0.21,3.0,71,31.3,59.0,303,Snow fall: Light,0,0,Snowy Conditions
28408,2022-03-31 08:30:00,40.649635,-73.9379,1,0,Passing or Lane Usage Improper,4515645,19.0,3.5,12.0,12.0,0.0,4.0,65,37.8,67.3,194,Rain: Heavy,1,1,
28409,2022-03-29 11:40:00,40.712852,-73.90486,0,0,Driver Inattention/Distraction,4515753,3.3,-5.2,0.0,0.0,0.0,0.0,2,29.3,54.4,311,Partly cloudy,0,0,
28410,2022-03-30 13:00:00,40.71337,-73.934814,1,0,Driver Inattention/Distraction,4514925,5.9,-3.5,0.0,0.0,0.0,0.0,3,17.0,30.6,215,Overcast,1,1,
28411,2022-04-01 05:55:00,40.7242,-73.93765,1,0,Unsafe Speed,4515993,15.2,5.3,1.4,1.4,0.0,8.0,51,33.1,61.9,277,Drizzle: Light,1,1,
28412,2022-04-01 01:19:00,40.690662,-73.81033,1,0,Driver Inattention/Distraction,4515219,15.2,5.3,1.4,1.4,0.0,8.0,51,33.1,61.9,277,Drizzle: Light,1,1,
28413,2022-04-01 15:00:00,40.585106,-73.943405,1,0,Unspecified,4515361,15.2,5.3,1.4,1.4,0.0,8.0,51,33.1,61.9,277,Drizzle: Light,1,1,
28414,2022-03-25 17:00:00,40.882812,-73.85519,0,0,Backing Unsafely,4515341,15.6,5.3,5.7,5.7,0.0,4.0,63,27.6,52.2,274,Rain: Moderate,0,0,
28415,2022-03-29 18:27:00,40.657856,-73.9165,0,0,Unspecified,4515633,3.3,-5.2,0.0,0.0,0.0,0.0,2,29.3,54.4,311,Partly cloudy,0,0,
28416,2022-03-31 19:55:00,40.6271,-74.12514,0,0,Driver Inexperience,4515806,19.0,3.5,12.0,12.0,0.0,4.0,65,37.8,67.3,194,Rain: Heavy,0,0,
28417,2022-04-01 21:30:00,40.8188,-73.956024,0,0,Traffic Control Disregarded,4515836,15.2,5.3,1.4,1.4,0.0,8.0,51,33.1,61.9,277,Drizzle: Light,0,0,
28418,2022-04-01 17:10:00,40.628643,-74.005936,0,0,Turning Improperly,4515410,15.2,5.3,1.4,1.4,0.0,8.0,51,33.1,61.9,277,Drizzle: Light,0,0,
28419,2022-03-27 21:00:00,40.843002,-73.90359,0,0,Passing or Lane Usage Improper,4515278,7.5,-1.1,0.3,0.3,0.07,3.0,71,26.4,47.5,288,Snow fall: Light,0,0,Snowy Conditions
28420,2022-03-30 22:15:00,40.635277,-73.96756,0,0,Unspecified,4515561,5.9,-3.5,0.0,0.0,0.0,0.0,3,17.0,30.6,215,Overcast,0,0,
28421,2022-04-01 13:50:00,40.6612,-73.85184,0,0,Unsafe Lane Changing,4515373,15.2,5.3,1.4,1.4,0.0,8.0,51,33.1,61.9,277,Drizzle: Light,0,0,
28422,2022-03-27 13:00:00,40.730305,-73.99989,0,0,Unspecified,4515587,7.5,-1.1,0.3,0.3,0.07,3.0,71,26.4,47.5,288,Snow fall: Light,0,0,Snowy Conditions
28423,2022-03-31 16:28:00,40.69268,-73.93998,0,0,Unsafe Speed,4515479,19.0,3.5,12.0,12.0,0.0,4.0,65,37.8,67.3,194,Rain: Heavy,0,0,
28424,2022-03-23 21:30:00,40.80781,-73.945564,0,0,Driver Inattention/Distraction,4515662,8.4,1.3,2.2,2.2,0.0,3.0,55,19.6,34.6,73,Drizzle: Dense,0,0,
28425,2022-03-26 19:50:00,40.719715,-73.9901,0,0,Driver Inattention/Distraction,4515405,10.1,4.9,6.1,5.8,0.21,8.0,71,21.6,41.0,251,Snow fall: Light,0,0,Snowy Conditions
28426,2022-03-30 17:25:00,40.63682,-74.08142,1,0,Unspecified,4515799,5.9,-3.5,0.0,0.0,0.0,0.0,3,17.0,30.6,215,Overcast,1,1,
28427,2022-03-30 15:00:00,40.70808,-74.01445,0,0,Unspecified,4514982,5.9,-3.5,0.0,0.0,0.0,0.0,3,17.0,30.6,215,Overcast,0,0,
28428,2022-03-30 13:13:00,40.642235,-74.00255,0,0,Driver Inattention/Distraction,4514850,5.9,-3.5,0.0,0.0,0.0,0.0,3,17.0,30.6,215,Overcast,0,0,
28429,2022-03-30 06:28:00,40.79826,-73.92955,0,0,Driver Inattention/Distraction,4514779,5.9,-3.5,0.0,0.0,0.0,0.0,3,17.0,30.6,215,Overcast,0,0,
28430,2022-03-30 15:17:00,40.825413,-73.923485,0,0,Failure to Yield Right-of-Way,4515037,5.9,-3.5,0.0,0.0,0.0,0.0,3,17.0,30.6,215,Overcast,0,0,
28431,2022-03-31 05:35:00,40.730442,-73.91367,0,0,Driver Inattention/Distraction,4515098,19.0,3.5,12.0,12.0,0.0,4.0,65,37.8,67.3,194,Rain: Heavy,0,0,
28432,2022-03-30 13:50:00,40.699482,-73.98047,1,0,Pavement Defective,4514893,5.9,-3.5,0.0,0.0,0.0,0.0,3,17.0,30.6,215,Overcast,1,1,
28433,2022-03-30 18:59:00,40.757896,-73.78761,1,0,Failure to Yield Right-of-Way,4514883,5.9,-3.5,0.0,0.0,0.0,0.0,3,17.0,30.6,215,Overcast,1,1,
28434,2022-03-31 20:17:00,40.606842,-74.0155,1,0,Failure to Yield Right-of-Way,4515211,19.0,3.5,12.0,12.0,0.0,4.0,65,37.8,67.3,194,Rain: Heavy,1,1,
28435,2022-04-01 11:57:00,40.66045,-73.86719,1,0,Unspecified,4515736,15.2,5.3,1.4,1.4,0.0,8.0,51,33.1,61.9,277,Drizzle: Light,1,1,
28436,2022-03-24 01:30:00,40.8097,-73.90304,0,0,Driver Inattention/Distraction,4515388,9.9,3.5,21.4,21.4,0.0,16.0,63,27.2,50.8,57,Rain: Moderate,0,0,
28437,2022-04-01 09:30:00,40.735413,-73.91835,1,0,Driver Inattention/Distraction,4515315,15.2,5.3,1.4,1.4,0.0,8.0,51,33.1,61.9,277,Drizzle: Light,1,1,
28438,2022-04-01 21:10:00,40.67544,-73.85322,1,0,Failure to Yield Right-of-Way,4515448,15.2,5.3,1.4,1.4,0.0,8.0,51,33.1,61.9,277,Drizzle: Light,1,1,
28439,2022-04-24 02:00:00,40.67007,-73.89927,1,0,Traffic Control Disregarded,4521529,15.8,7.0,0.0,0.0,0.0,0.0,3,21.7,43.2,114,Overcast,1,1,
28440,2022-04-01 20:40:00,40.76465,-73.823494,0,0,Following Too Closely,4515601,15.2,5.3,1.4,1.4,0.0,8.0,51,33.1,61.9,277,Drizzle: Light,0,0,
28441,2022-03-30 17:00:00,40.60312,-73.960556,0,0,Unspecified,4514919,5.9,-3.5,0.0,0.0,0.0,0.0,3,17.0,30.6,215,Overcast,0,0,
28442,2022-03-30 14:35:00,40.6365,-74.00364,0,0,Unspecified,4514954,5.9,-3.5,0.0,0.0,0.0,0.0,3,17.0,30.6,215,Overcast,0,0,
28443,2022-03-31 01:23:00,40.66302,-73.90582,0,0,Alcohol Involvement,4515182,19.0,3.5,12.0,12.0,0.0,4.0,65,37.8,67.3,194,Rain: Heavy,0,0,
28444,2022-03-31 00:30:00,40.693428,-73.81046,0,0,Driver Inattention/Distraction,4515140,19.0,3.5,12.0,12.0,0.0,4.0,65,37.8,67.3,194,Rain: Heavy,0,0,
28445,2022-03-31 17:03:00,40.900967,-73.90002,0,0,Passing Too Closely,4515266,19.0,3.5,12.0,12.0,0.0,4.0,65,37.8,67.3,194,Rain: Heavy,0,0,
28446,2022-03-29 14:35:00,40.644863,-74.01748,0,0,Following Too Closely,4515432,3.3,-5.2,0.0,0.0,0.0,0.0,2,29.3,54.4,311,Partly cloudy,0,0,
28447,2022-03-31 18:18:00,40.850163,-73.8652,1,0,Driver Inattention/Distraction,4515283,19.0,3.5,12.0,12.0,0.0,4.0,65,37.8,67.3,194,Rain: Heavy,1,1,
28448,2022-03-30 18:47:00,40.72823,-73.83313,1,0,Reaction to Uninvolved Vehicle,4514970,5.9,-3.5,0.0,0.0,0.0,0.0,3,17.0,30.6,215,Overcast,1,1,
28449,2022-04-01 19:00:00,40.616035,-74.0295,0,0,Unspecified,4515415,15.2,5.3,1.4,1.4,0.0,8.0,51,33.1,61.9,277,Drizzle: Light,0,0,
28450,2022-03-28 08:47:00,40.847897,-73.92499,1,0,Passing Too Closely,4515300,0.0,-5.2,0.3,0.0,0.21,3.0,71,31.3,59.0,303,Snow fall: Light,1,1,Snowy Conditions
28451,2022-03-30 15:45:00,40.834667,-73.88936,2,0,Unsafe Speed,4514911,5.9,-3.5,0.0,0.0,0.0,0.0,3,17.0,30.6,215,Overcast,2,2,
28452,2022-03-31 12:41:00,40.708828,-74.016205,0,0,Unspecified,4515250,19.0,3.5,12.0,12.0,0.0,4.0,65,37.8,67.3,194,Rain: Heavy,0,0,
28453,2022-03-30 00:30:00,40.759525,-73.99925,0,0,Oversized Vehicle,4515685,5.9,-3.5,0.0,0.0,0.0,0.0,3,17.0,30.6,215,Overcast,0,0,
28454,2022-04-01 04:20:00,40.763893,-73.915,1,0,Backing Unsafely,4515501,15.2,5.3,1.4,1.4,0.0,8.0,51,33.1,61.9,277,Drizzle: Light,1,1,
28455,2022-03-31 12:30:00,40.70447,-73.94274,1,0,Failure to Yield Right-of-Way,4515950,19.0,3.5,12.0,12.0,0.0,4.0,65,37.8,67.3,194,Rain: Heavy,1,1,
28456,2022-09-23 14:43:00,40.675777,-73.980896,0,0,Passing Too Closely,4567273,16.4,10.0,0.0,0.0,0.0,0.0,0,31.1,56.9,323,Clear sky,0,0,Sunny/Clear Conditions
28457,2022-04-01 15:20:00,40.638523,-73.92607,0,0,Driver Inattention/Distraction,4515655,15.2,5.3,1.4,1.4,0.0,8.0,51,33.1,61.9,277,Drizzle: Light,0,0,
28458,2022-04-01 13:30:00,40.682594,-73.962654,1,0,Obstruction/Debris,4515874,15.2,5.3,1.4,1.4,0.0,8.0,51,33.1,61.9,277,Drizzle: Light,1,1,
28459,2022-03-30 19:15:00,40.754257,-74.00309,0,0,Unspecified,4515714,5.9,-3.5,0.0,0.0,0.0,0.0,3,17.0,30.6,215,Overcast,0,0,
28460,2022-03-30 15:45:00,40.74616,-73.97913,0,0,Passing Too Closely,4515437,5.9,-3.5,0.0,0.0,0.0,0.0,3,17.0,30.6,215,Overcast,0,0,
28461,2022-03-31 10:57:00,40.74249,-73.989815,0,0,Unspecified,4515132,19.0,3.5,12.0,12.0,0.0,4.0,65,37.8,67.3,194,Rain: Heavy,0,0,
28462,2022-03-28 01:30:00,40.637756,-74.00721,1,0,Unspecified,4515581,0.0,-5.2,0.3,0.0,0.21,3.0,71,31.3,59.0,303,Snow fall: Light,1,1,Snowy Conditions
28463,2022-03-31 09:30:00,40.753883,-73.919846,0,0,Passing Too Closely,4515443,19.0,3.5,12.0,12.0,0.0,4.0,65,37.8,67.3,194,Rain: Heavy,0,0,
28464,2022-04-01 14:15:00,40.617943,-74.03332,0,0,Failure to Yield Right-of-Way,4515400,15.2,5.3,1.4,1.4,0.0,8.0,51,33.1,61.9,277,Drizzle: Light,0,0,
28465,2022-03-31 22:53:00,40.827564,-73.83363,1,0,Other Vehicular,4515310,19.0,3.5,12.0,12.0,0.0,4.0,65,37.8,67.3,194,Rain: Heavy,1,1,
28466,2020-08-01 17:16:00,40.840508,-73.85515,0,1,Failure to Yield Right-of-Way,4334713,29.7,20.1,0.0,0.0,0.0,0.0,3,19.5,36.7,180,Overcast,20,1,
28467,2021-05-15 21:15:00,40.665794,-73.7464,3,0,Unspecified,4416708,22.4,8.7,0.0,0.0,0.0,0.0,3,12.5,23.8,229,Overcast,3,3,
28468,2021-05-25 21:51:00,40.617043,-73.89733,2,0,Unspecified,4420684,21.9,13.0,0.0,0.0,0.0,0.0,3,24.3,47.9,182,Overcast,2,2,
28469,2021-05-25 12:55:00,40.830334,-73.91895,2,0,Following Too Closely,4421892,21.9,13.0,0.0,0.0,0.0,0.0,3,24.3,47.9,182,Overcast,2,2,
28470,2022-04-01 08:10:00,40.760662,-73.814,1,0,Unspecified,4515768,15.2,5.3,1.4,1.4,0.0,8.0,51,33.1,61.9,277,Drizzle: Light,1,1,
28471,2022-03-31 10:45:00,40.75225,-73.702095,1,0,Driver Inattention/Distraction,4515145,19.0,3.5,12.0,12.0,0.0,4.0,65,37.8,67.3,194,Rain: Heavy,1,1,
28472,2022-03-30 20:30:00,40.724174,-73.937355,1,0,Unspecified,4514935,5.9,-3.5,0.0,0.0,0.0,0.0,3,17.0,30.6,215,Overcast,1,1,
28473,2022-04-17 19:07:00,40.814735,-73.82421,0,0,Unspecified,4522288,10.0,3.9,0.5,0.5,0.0,2.0,51,30.1,56.5,313,Drizzle: Light,0,0,
28474,2022-04-24 05:45:00,40.649376,-74.0023,1,0,Unspecified,4522029,15.8,7.0,0.0,0.0,0.0,0.0,3,21.7,43.2,114,Overcast,1,1,
28475,2022-04-23 05:00:00,40.751602,-73.88635,1,0,Driver Inattention/Distraction,4522150,14.7,6.3,0.0,0.0,0.0,0.0,3,15.0,29.2,119,Overcast,1,1,
28476,2022-04-24 20:41:00,40.666306,-73.785934,0,0,Unsafe Lane Changing,4521636,15.8,7.0,0.0,0.0,0.0,0.0,3,21.7,43.2,114,Overcast,0,0,
28477,2022-04-24 11:30:00,40.70153,-73.92314,0,0,Passing Too Closely,4521826,15.8,7.0,0.0,0.0,0.0,0.0,3,21.7,43.2,114,Overcast,0,0,
28478,2022-04-24 09:10:00,40.58667,-73.966156,1,0,Passing Too Closely,4522128,15.8,7.0,0.0,0.0,0.0,0.0,3,21.7,43.2,114,Overcast,1,1,
28479,2022-04-24 04:00:00,40.725933,-73.98961,0,0,Other Vehicular,4521930,15.8,7.0,0.0,0.0,0.0,0.0,3,21.7,43.2,114,Overcast,0,0,
28480,2022-04-24 13:22:00,40.61137,-73.973495,0,0,Failure to Yield Right-of-Way,4521511,15.8,7.0,0.0,0.0,0.0,0.0,3,21.7,43.2,114,Overcast,0,0,
28481,2022-04-24 05:00:00,40.743954,-73.87423,2,0,Unsafe Speed,4521457,15.8,7.0,0.0,0.0,0.0,0.0,3,21.7,43.2,114,Overcast,2,2,
28482,2022-04-24 17:30:00,40.685806,-73.80728,0,0,Driver Inattention/Distraction,4521697,15.8,7.0,0.0,0.0,0.0,0.0,3,21.7,43.2,114,Overcast,0,0,
28483,2022-04-24 11:35:00,40.69435,-73.85597,0,0,Turning Improperly,4521839,15.8,7.0,0.0,0.0,0.0,0.0,3,21.7,43.2,114,Overcast,0,0,
28484,2022-04-24 16:50:00,0.0,0.0,0,0,Driver Inattention/Distraction,4521642,15.8,7.0,0.0,0.0,0.0,0.0,3,21.7,43.2,114,Overcast,0,0,
28485,2022-04-23 18:35:00,0.0,0.0,1,0,Unsafe Speed,4522240,14.7,6.3,0.0,0.0,0.0,0.0,3,15.0,29.2,119,Overcast,1,1,
28486,2022-04-23 20:20:00,0.0,0.0,0,0,Alcohol Involvement,4522260,14.7,6.3,0.0,0.0,0.0,0.0,3,15.0,29.2,119,Overcast,0,0,
28487,2022-04-24 16:25:00,40.725388,-73.81579,0,0,Unspecified,4522186,15.8,7.0,0.0,0.0,0.0,0.0,3,21.7,43.2,114,Overcast,0,0,
28488,2022-04-20 15:40:00,40.666393,-73.75177,0,0,Unsafe Lane Changing,4522316,13.9,3.4,0.0,0.0,0.0,0.0,3,26.6,49.0,282,Overcast,0,0,
28489,2022-04-24 04:00:00,40.87631,-73.83068,0,0,Unspecified,4521719,15.8,7.0,0.0,0.0,0.0,0.0,3,21.7,43.2,114,Overcast,0,0,
28490,2022-04-22 14:50:00,40.743397,-73.88388,1,0,Unspecified,4522364,18.1,8.5,0.0,0.0,0.0,0.0,3,21.3,43.2,301,Overcast,1,1,
28491,2022-04-24 10:13:00,40.73619,-73.85806,0,0,Driver Inattention/Distraction,4521559,15.8,7.0,0.0,0.0,0.0,0.0,3,21.7,43.2,114,Overcast,0,0,
28492,2021-06-04 00:15:00,40.756653,-73.98635,0,0,Unspecified,4423781,25.3,17.4,6.5,6.5,0.0,10.0,61,17.9,37.8,235,Rain: Light,0,0,
28493,2021-06-02 17:10:00,40.666603,-73.73605,1,0,Driver Inattention/Distraction,4423002,22.4,13.0,0.0,0.0,0.0,0.0,3,16.7,34.9,176,Overcast,1,1,
28494,2021-06-04 18:55:00,40.679276,-73.92906,0,0,Unspecified,4424044,25.3,17.4,6.5,6.5,0.0,10.0,61,17.9,37.8,235,Rain: Light,0,0,
28495,2021-06-03 19:05:00,40.701958,-73.9239,1,0,Failure to Yield Right-of-Way,4423386,23.0,13.2,11.9,11.9,0.0,10.0,63,13.6,38.9,165,Rain: Moderate,1,1,
28496,2021-06-02 20:30:00,40.751595,-73.98422,1,0,View Obstructed/Limited,4423087,22.4,13.0,0.0,0.0,0.0,0.0,3,16.7,34.9,176,Overcast,1,1,
28497,2021-06-03 10:35:00,40.672848,-73.9675,0,0,Driver Inattention/Distraction,4423971,23.0,13.2,11.9,11.9,0.0,10.0,63,13.6,38.9,165,Rain: Moderate,0,0,
28498,2022-09-13 19:15:00,40.643375,-73.978096,0,0,Unspecified,4566583,26.0,20.5,8.3,8.3,0.0,16.0,61,19.5,33.8,219,Rain: Light,0,0,
28499,2021-06-04 13:11:00,40.699936,-73.91181,0,0,Passing Too Closely,4424140,25.3,17.4,6.5,6.5,0.0,10.0,61,17.9,37.8,235,Rain: Light,0,0,
28500,2021-06-03 11:55:00,40.857784,-73.83081,0,0,Other Vehicular,4423354,23.0,13.2,11.9,11.9,0.0,10.0,63,13.6,38.9,165,Rain: Moderate,0,0,
28501,2021-06-03 14:22:00,40.837368,-73.887764,1,0,Failure to Yield Right-of-Way,4423748,23.0,13.2,11.9,11.9,0.0,10.0,63,13.6,38.9,165,Rain: Moderate,1,1,
28502,2021-06-03 10:00:00,40.7134,-74.008,0,0,Unspecified,4423260,23.0,13.2,11.9,11.9,0.0,10.0,63,13.6,38.9,165,Rain: Moderate,0,0,
28503,2021-06-04 18:30:00,40.66563,-73.73921,0,0,Pavement Slippery,4423489,25.3,17.4,6.5,6.5,0.0,10.0,61,17.9,37.8,235,Rain: Light,0,0,
28504,2021-06-02 16:00:00,40.74477,-73.98179,0,0,Driver Inattention/Distraction,4423234,22.4,13.0,0.0,0.0,0.0,0.0,3,16.7,34.9,176,Overcast,0,0,
28505,2021-06-02 00:50:00,40.737537,-73.929955,1,0,Traffic Control Disregarded,4422680,22.4,13.0,0.0,0.0,0.0,0.0,3,16.7,34.9,176,Overcast,1,1,
28506,2021-06-04 04:30:00,40.70165,-73.88446,0,0,Passing or Lane Usage Improper,4423994,25.3,17.4,6.5,6.5,0.0,10.0,61,17.9,37.8,235,Rain: Light,0,0,
28507,2021-06-04 22:00:00,40.847027,-73.89807,0,0,View Obstructed/Limited,4423595,25.3,17.4,6.5,6.5,0.0,10.0,61,17.9,37.8,235,Rain: Light,0,0,
28508,2021-06-03 08:00:00,40.782185,-73.911575,0,0,Passing or Lane Usage Improper,4423809,23.0,13.2,11.9,11.9,0.0,10.0,63,13.6,38.9,165,Rain: Moderate,0,0,
28509,2021-06-02 21:19:00,40.763668,-73.82303,0,0,Passing or Lane Usage Improper,4423026,22.4,13.0,0.0,0.0,0.0,0.0,3,16.7,34.9,176,Overcast,0,0,
28510,2021-06-04 06:30:00,40.732887,-73.920586,2,0,Following Too Closely,4423502,25.3,17.4,6.5,6.5,0.0,10.0,61,17.9,37.8,235,Rain: Light,2,2,
28511,2021-06-03 10:35:00,40.829247,-73.914444,0,0,Passing Too Closely,4423373,23.0,13.2,11.9,11.9,0.0,10.0,63,13.6,38.9,165,Rain: Moderate,0,0,
28512,2021-06-04 12:00:00,40.607075,-73.9627,1,0,Pedestrian/Bicyclist/Other Pedestrian Error/Confusion,4423429,25.3,17.4,6.5,6.5,0.0,10.0,61,17.9,37.8,235,Rain: Light,1,1,
28513,2021-06-02 17:30:00,40.73856,-73.87912,0,0,Passing or Lane Usage Improper,4423129,22.4,13.0,0.0,0.0,0.0,0.0,3,16.7,34.9,176,Overcast,0,0,
28514,2021-06-04 15:15:00,40.583626,-73.98407,0,0,Driver Inattention/Distraction,4423546,25.3,17.4,6.5,6.5,0.0,10.0,61,17.9,37.8,235,Rain: Light,0,0,
28515,2021-06-03 20:45:00,40.746555,-73.82621,1,0,,4423648,23.0,13.2,11.9,11.9,0.0,10.0,63,13.6,38.9,165,Rain: Moderate,1,1,