,CRASH DATETIME,LATITUDE,LONGITUDE,NUMBER OF PERSONS INJURED,NUMBER OF PERSONS KILLED,CONTRIBUTING FACTOR VEHICLE 1,COLLISION_ID,temperature_2m_max,temperature_2m_min,precipitation_sum,rain_sum,snowfall_sum,precipitation_hours,weather_code,wind_speed_10m_max,wind_gusts_10m_max,wind_direction_10m_dominant,Weather Description,Severity_Score,Total_Affected_Persons,Weather_Category
28516,2021-06-02 22:35:00,40.58552,-73.941925,1,0,Driverless/Runaway Vehicle,4423055,22.4,13.0,0.0,0.0,0.0,0.0,3,16.7,34.9,176,Overcast,1,1,
28517,2021-06-02 17:54:00,40.8967,-73.85969,0,0,Alcohol Involvement,4423839,22.4,13.0,0.0,0.0,0.0,0.0,3,16.7,34.9,176,Overcast,0,0,
28518,2021-05-30 02:35:00,40.63721,-74.12689,0,0,Unspecified,4423905,11.5,8.5,13.7,13.7,0.0,24.0,61,28.1,52.2,22,Rain: Light,0,0,
28519,2021-06-03 11:30:00,40.69519,-73.84296,0,0,Aggressive Driving/Road Rage,4423200,23.0,13.2,11.9,11.9,0.0,10.0,63,13.6,38.9,165,Rain: Moderate,0,0,
28520,2021-06-02 08:50:00,40.712055,-73.75319,0,0,Driver Inattention/Distraction,4423291,22.4,13.0,0.0,0.0,0.0,0.0,3,16.7,34.9,176,Overcast,0,0,
28521,2021-06-02 21:00:00,40.59457,-73.76441,0,0,Unspecified,4423329,22.4,13.0,0.0,0.0,0.0,0.0,3,16.7,34.9,176,Overcast,0,0,
28522,2021-06-02 01:40:00,40.82581,-73.907036,0,0,Unspecified,4422758,22.4,13.0,0.0,0.0,0.0,0.0,3,16.7,34.9,176,Overcast,0,0,
28523,2021-06-04 12:22:00,40.84486,-73.88551,1,0,Reaction to Uninvolved Vehicle,4424249,25.3,17.4,6.5,6.5,0.0,10.0,61,17.9,37.8,235,Rain: Light,1,1,
28524,2021-06-04 09:30:00,40.712505,-73.78818,0,0,Unspecified,4423470,25.3,17.4,6.5,6.5,0.0,10.0,61,17.9,37.8,235,Rain: Light,0,0,
28525,2021-06-02 11:15:00,40.877293,-73.889534,0,0,Backing Unsafely,4423061,22.4,13.0,0.0,0.0,0.0,0.0,3,16.7,34.9,176,Overcast,0,0,
28526,2021-06-02 18:15:00,40.71531,-74.00876,0,0,Unspecified,4423258,22.4,13.0,0.0,0.0,0.0,0.0,3,16.7,34.9,176,Overcast,0,0,
28527,2021-06-02 18:00:00,40.76246,-73.97682,0,0,Driver Inattention/Distraction,4423400,22.4,13.0,0.0,0.0,0.0,0.0,3,16.7,34.9,176,Overcast,0,0,
28528,2021-06-03 21:40:00,40.577366,-74.11145,0,0,Pavement Slippery,4423461,23.0,13.2,11.9,11.9,0.0,10.0,63,13.6,38.9,165,Rain: Moderate,0,0,
28529,2021-06-04 19:58:00,40.70417,-73.81538,2,0,Driver Inattention/Distraction,4423794,25.3,17.4,6.5,6.5,0.0,10.0,61,17.9,37.8,235,Rain: Light,2,2,
28530,2021-05-28 00:45:00,40.64741,-74.018684,1,0,Unspecified,4423532,19.4,10.6,25.0,25.0,0.0,8.0,63,25.6,47.9,62,Rain: Moderate,1,1,
28531,2021-06-04 01:07:00,40.788895,-73.81869,0,0,Unsafe Speed,4423730,25.3,17.4,6.5,6.5,0.0,10.0,61,17.9,37.8,235,Rain: Light,0,0,
28532,2021-06-02 18:10:00,40.58493,-73.95269,2,0,Following Too Closely,4423283,22.4,13.0,0.0,0.0,0.0,0.0,3,16.7,34.9,176,Overcast,2,2,
28533,2021-05-30 00:00:00,40.743763,-73.82463,0,0,Passing Too Closely,4423828,11.5,8.5,13.7,13.7,0.0,24.0,61,28.1,52.2,22,Rain: Light,0,0,
28534,2021-06-02 19:05:00,40.68989,-73.81819,3,0,Other Vehicular,4423179,22.4,13.0,0.0,0.0,0.0,0.0,3,16.7,34.9,176,Overcast,3,3,
28535,2021-05-31 23:30:00,40.61269,-73.982666,0,0,Unsafe Speed,4423696,20.3,9.3,0.7,0.7,0.0,5.0,51,20.9,40.7,318,Drizzle: Light,0,0,
28536,2021-05-28 11:40:00,40.841877,-73.8888,3,0,Unsafe Lane Changing,4424198,19.4,10.6,25.0,25.0,0.0,8.0,63,25.6,47.9,62,Rain: Moderate,3,3,
28537,2021-06-02 07:50:00,40.72062,-73.84607,0,0,Driver Inattention/Distraction,4422796,22.4,13.0,0.0,0.0,0.0,0.0,3,16.7,34.9,176,Overcast,0,0,
28538,2021-05-26 11:37:00,40.71991,-73.7622,0,0,Unspecified,4423406,29.5,17.4,0.1,0.1,0.0,1.0,51,23.4,45.7,210,Drizzle: Light,0,0,
28539,2021-06-02 17:40:00,40.762074,-73.98628,0,0,Driver Inattention/Distraction,4423405,22.4,13.0,0.0,0.0,0.0,0.0,3,16.7,34.9,176,Overcast,0,0,
28540,2021-06-02 13:33:00,40.720375,-74.003265,0,0,Unspecified,4422968,22.4,13.0,0.0,0.0,0.0,0.0,3,16.7,34.9,176,Overcast,0,0,
28541,2021-06-04 12:00:00,40.703724,-73.95979,0,0,Driver Inattention/Distraction,4423560,25.3,17.4,6.5,6.5,0.0,10.0,61,17.9,37.8,235,Rain: Light,0,0,
28542,2021-06-04 17:10:00,40.815422,-73.9161,0,0,Failure to Yield Right-of-Way,4423582,25.3,17.4,6.5,6.5,0.0,10.0,61,17.9,37.8,235,Rain: Light,0,0,
28543,2021-12-11 22:35:00,40.785805,-73.942856,1,0,Failure to Yield Right-of-Way,4485492,17.3,5.0,8.1,8.1,0.0,5.0,63,35.0,67.0,206,Rain: Moderate,1,1,
28544,2021-06-02 22:15:00,40.69613,-73.987114,2,0,Failure to Yield Right-of-Way,4423091,22.4,13.0,0.0,0.0,0.0,0.0,3,16.7,34.9,176,Overcast,2,2,
28545,2021-06-04 17:30:00,40.66447,-73.97829,0,0,Unspecified,4423521,25.3,17.4,6.5,6.5,0.0,10.0,61,17.9,37.8,235,Rain: Light,0,0,
28546,2021-02-06 00:40:00,40.67695,-73.93675,0,0,Passing Too Closely,4424024,4.0,-5.3,0.0,0.0,0.0,0.0,3,27.8,54.4,256,Overcast,0,0,
28547,2021-06-03 14:43:00,40.72032,-73.99404,0,0,Passing or Lane Usage Improper,4423887,23.0,13.2,11.9,11.9,0.0,10.0,63,13.6,38.9,165,Rain: Moderate,0,0,
28548,2021-06-03 10:46:00,40.75829,-73.83431,1,0,Failure to Yield Right-of-Way,4423493,23.0,13.2,11.9,11.9,0.0,10.0,63,13.6,38.9,165,Rain: Moderate,1,1,
28549,2021-06-01 11:00:00,40.657276,-73.92102,0,0,Driver Inattention/Distraction,4424058,23.5,9.7,0.0,0.0,0.0,0.0,3,17.6,32.0,221,Overcast,0,0,
28550,2021-06-01 13:30:00,40.646286,-73.96028,1,0,Unsafe Lane Changing,4423861,23.5,9.7,0.0,0.0,0.0,0.0,3,17.6,32.0,221,Overcast,1,1,
28551,2021-06-01 07:50:00,40.677483,-73.93033,0,0,Unsafe Lane Changing,4423929,23.5,9.7,0.0,0.0,0.0,0.0,3,17.6,32.0,221,Overcast,0,0,
28552,2021-06-03 09:32:00,40.84103,-73.94463,0,0,Backing Unsafely,4423361,23.0,13.2,11.9,11.9,0.0,10.0,63,13.6,38.9,165,Rain: Moderate,0,0,
28553,2021-06-03 10:15:00,40.71161,-73.95754,1,0,Driver Inattention/Distraction,4423567,23.0,13.2,11.9,11.9,0.0,10.0,63,13.6,38.9,165,Rain: Moderate,1,1,
28554,2021-06-02 10:50:00,40.65965,-73.773834,0,0,Passing or Lane Usage Improper,4423107,22.4,13.0,0.0,0.0,0.0,0.0,3,16.7,34.9,176,Overcast,0,0,
28555,2021-06-01 17:40:00,40.66284,-73.99894,2,0,Driver Inattention/Distraction,4423813,23.5,9.7,0.0,0.0,0.0,0.0,3,17.6,32.0,221,Overcast,2,2,
28556,2021-05-06 17:52:00,40.689228,-73.957,0,0,Driver Inattention/Distraction,4424095,17.3,8.7,0.0,0.0,0.0,0.0,3,22.6,43.6,313,Overcast,0,0,
28557,2021-06-02 19:30:00,40.57257,-74.169876,0,0,Driver Inattention/Distraction,4423137,22.4,13.0,0.0,0.0,0.0,0.0,3,16.7,34.9,176,Overcast,0,0,
28558,2021-06-03 17:30:00,40.723362,-73.81738,0,0,Pedestrian/Bicyclist/Other Pedestrian Error/Confusion,4423425,23.0,13.2,11.9,11.9,0.0,10.0,63,13.6,38.9,165,Rain: Moderate,0,0,
28559,2021-06-02 02:52:00,40.685654,-73.86427,0,0,Unspecified,4423155,22.4,13.0,0.0,0.0,0.0,0.0,3,16.7,34.9,176,Overcast,0,0,
28560,2021-06-02 13:18:00,40.757755,-73.77912,0,0,Backing Unsafely,4422942,22.4,13.0,0.0,0.0,0.0,0.0,3,16.7,34.9,176,Overcast,0,0,
28561,2021-04-24 01:48:00,40.722897,-73.91386,0,0,Failure to Yield Right-of-Way,4424003,19.7,6.0,0.0,0.0,0.0,0.0,3,26.7,49.3,232,Overcast,0,0,
28562,2021-06-01 17:33:00,40.72235,-73.99327,1,0,Driver Inattention/Distraction,4423880,23.5,9.7,0.0,0.0,0.0,0.0,3,17.6,32.0,221,Overcast,1,1,
28563,2021-06-03 19:55:00,40.78821,-73.7907,2,0,Failure to Yield Right-of-Way,4424123,23.0,13.2,11.9,11.9,0.0,10.0,63,13.6,38.9,165,Rain: Moderate,2,2,
28564,2021-06-04 08:24:00,40.62359,-74.025055,0,0,Unsafe Speed,4423438,25.3,17.4,6.5,6.5,0.0,10.0,61,17.9,37.8,235,Rain: Light,0,0,
28565,2021-06-02 11:04:00,40.67123,-73.900375,0,0,Backing Unsafely,4422880,22.4,13.0,0.0,0.0,0.0,0.0,3,16.7,34.9,176,Overcast,0,0,
28566,2021-06-02 19:15:00,40.72592,-73.72439,0,0,Following Too Closely,4424274,22.4,13.0,0.0,0.0,0.0,0.0,3,16.7,34.9,176,Overcast,0,0,
28567,2021-06-03 20:50:00,40.62051,-73.99248,0,0,Driver Inattention/Distraction,4423306,23.0,13.2,11.9,11.9,0.0,10.0,63,13.6,38.9,165,Rain: Moderate,0,0,
28568,2021-06-02 21:00:00,40.724667,-73.95232,0,0,Passing Too Closely,4423322,22.4,13.0,0.0,0.0,0.0,0.0,3,16.7,34.9,176,Overcast,0,0,
28569,2021-06-03 21:34:00,40.684177,-73.992195,0,0,Unspecified,4423341,23.0,13.2,11.9,11.9,0.0,10.0,63,13.6,38.9,165,Rain: Moderate,0,0,
28570,2021-06-04 13:22:00,40.63245,-74.146515,0,0,Passing Too Closely,4423457,25.3,17.4,6.5,6.5,0.0,10.0,61,17.9,37.8,235,Rain: Light,0,0,
28571,2021-06-02 14:00:00,40.822285,-73.87772,0,0,Unspecified,4422915,22.4,13.0,0.0,0.0,0.0,0.0,3,16.7,34.9,176,Overcast,0,0,
28572,2021-06-02 08:30:00,40.634747,-74.01752,0,0,Driver Inattention/Distraction,4422882,22.4,13.0,0.0,0.0,0.0,0.0,3,16.7,34.9,176,Overcast,0,0,
28573,2021-06-04 17:00:00,40.731785,-73.81082,0,0,Driver Inattention/Distraction,4423790,25.3,17.4,6.5,6.5,0.0,10.0,61,17.9,37.8,235,Rain: Light,0,0,
28574,2021-06-02 11:15:00,40.755238,-73.782074,0,0,Failure to Yield Right-of-Way,4423270,22.4,13.0,0.0,0.0,0.0,0.0,3,16.7,34.9,176,Overcast,0,0,
28575,2021-05-30 05:45:00,40.73656,-73.79923,0,0,Driver Inattention/Distraction,4423410,11.5,8.5,13.7,13.7,0.0,24.0,61,28.1,52.2,22,Rain: Light,0,0,
28576,2021-06-02 16:00:00,40.54208,-74.157234,0,0,Driver Inattention/Distraction,4422962,22.4,13.0,0.0,0.0,0.0,0.0,3,16.7,34.9,176,Overcast,0,0,
28577,2021-06-03 13:30:00,40.680473,-73.9614,0,0,Traffic Control Disregarded,4423897,23.0,13.2,11.9,11.9,0.0,10.0,63,13.6,38.9,165,Rain: Moderate,0,0,
28578,2021-06-02 03:00:00,40.675346,-73.92198,0,0,Other Vehicular,4422851,22.4,13.0,0.0,0.0,0.0,0.0,3,16.7,34.9,176,Overcast,0,0,
28579,2021-06-03 21:31:00,40.774155,-73.984886,1,0,Other Vehicular,4423628,23.0,13.2,11.9,11.9,0.0,10.0,63,13.6,38.9,165,Rain: Moderate,1,1,
28580,2021-05-29 21:00:00,40.67277,-73.9628,1,0,Driver Inattention/Distraction,4423892,11.0,8.5,25.1,25.1,0.0,22.0,63,29.9,56.9,39,Rain: Moderate,1,1,
28581,2021-06-01 05:45:00,40.718967,-73.88871,0,0,Unspecified,4424006,23.5,9.7,0.0,0.0,0.0,0.0,3,17.6,32.0,221,Overcast,0,0,
28582,2022-09-21 08:17:00,40.714928,-74.00795,1,0,Failure to Yield Right-of-Way,4566949,26.5,16.0,0.0,0.0,0.0,0.0,3,19.4,36.7,252,Overcast,1,1,
28583,2021-06-04 10:40:00,40.58938,-73.81556,0,0,Driver Inattention/Distraction,4423525,25.3,17.4,6.5,6.5,0.0,10.0,61,17.9,37.8,235,Rain: Light,0,0,
28584,2021-06-02 00:00:00,40.667114,-73.834656,3,0,Failure to Yield Right-of-Way,4423050,22.4,13.0,0.0,0.0,0.0,0.0,3,16.7,34.9,176,Overcast,3,3,
28585,2021-05-31 08:00:00,40.646885,-73.94891,0,0,Driver Inattention/Distraction,4423661,20.3,9.3,0.7,0.7,0.0,5.0,51,20.9,40.7,318,Drizzle: Light,0,0,
28586,2021-06-03 21:00:00,40.65217,-73.96141,1,0,Failure to Yield Right-of-Way,4423736,23.0,13.2,11.9,11.9,0.0,10.0,63,13.6,38.9,165,Rain: Moderate,1,1,
28587,2021-06-03 17:25:00,40.78223,-73.77119,0,0,Failure to Yield Right-of-Way,4424117,23.0,13.2,11.9,11.9,0.0,10.0,63,13.6,38.9,165,Rain: Moderate,0,0,
28588,2021-05-28 10:30:00,40.688473,-73.93105,0,0,Driver Inattention/Distraction,4423869,19.4,10.6,25.0,25.0,0.0,8.0,63,25.6,47.9,62,Rain: Moderate,0,0,
28589,2021-06-01 15:18:00,40.74581,-74.00554,0,0,Passing or Lane Usage Improper,4423956,23.5,9.7,0.0,0.0,0.0,0.0,3,17.6,32.0,221,Overcast,0,0,
28590,2021-05-09 17:20:00,40.668495,-73.925606,0,0,Driver Inattention/Distraction,4424029,16.7,5.8,8.6,8.6,0.0,8.0,61,18.9,38.9,250,Rain: Light,0,0,
28591,2021-06-02 23:04:00,40.873947,-73.88341,1,0,Traffic Control Disregarded,4423069,22.4,13.0,0.0,0.0,0.0,0.0,3,16.7,34.9,176,Overcast,1,1,
28592,2021-06-02 15:53:00,40.810303,-73.93942,0,0,Unspecified,4423365,22.4,13.0,0.0,0.0,0.0,0.0,3,16.7,34.9,176,Overcast,0,0,
28593,2021-06-03 15:48:00,40.84036,-73.91807,0,0,View Obstructed/Limited,4423378,23.0,13.2,11.9,11.9,0.0,10.0,63,13.6,38.9,165,Rain: Moderate,0,0,
28594,2021-06-03 07:46:00,40.68587,-73.76349,0,0,Turning Improperly,4423171,23.0,13.2,11.9,11.9,0.0,10.0,63,13.6,38.9,165,Rain: Moderate,0,0,
28595,2021-06-04 17:49:00,40.709988,-73.933304,0,0,Unspecified,4423571,25.3,17.4,6.5,6.5,0.0,10.0,61,17.9,37.8,235,Rain: Light,0,0,
28596,2021-06-02 20:30:00,40.82431,-73.89263,0,0,Turning Improperly,4423481,22.4,13.0,0.0,0.0,0.0,0.0,3,16.7,34.9,176,Overcast,0,0,
28597,2021-06-02 12:18:00,40.675198,-73.789894,0,0,Passing Too Closely,4423112,22.4,13.0,0.0,0.0,0.0,0.0,3,16.7,34.9,176,Overcast,0,0,
28598,2021-06-03 11:45:00,40.724262,-73.93766,1,0,Passing Too Closely,4424062,23.0,13.2,11.9,11.9,0.0,10.0,63,13.6,38.9,165,Rain: Moderate,1,1,
28599,2021-06-02 08:45:00,40.760906,-73.87295,0,0,Failure to Yield Right-of-Way,4423603,22.4,13.0,0.0,0.0,0.0,0.0,3,16.7,34.9,176,Overcast,0,0,
28600,2021-06-02 12:30:00,40.58227,-73.98612,0,0,Unspecified,4423770,22.4,13.0,0.0,0.0,0.0,0.0,3,16.7,34.9,176,Overcast,0,0,
28601,2021-05-14 20:07:00,40.721474,-73.98383,0,0,Other Vehicular,4424165,21.6,7.5,0.0,0.0,0.0,0.0,2,14.3,25.2,276,Partly cloudy,0,0,
28602,2021-06-02 10:00:00,40.823635,-73.93095,0,0,Other Vehicular,4423160,22.4,13.0,0.0,0.0,0.0,0.0,3,16.7,34.9,176,Overcast,0,0,
28603,2021-06-02 09:24:00,40.84211,-73.82557,0,0,Unspecified,4422868,22.4,13.0,0.0,0.0,0.0,0.0,3,16.7,34.9,176,Overcast,0,0,
28604,2021-06-02 18:00:00,40.62448,-73.938835,1,0,Unspecified,4423442,22.4,13.0,0.0,0.0,0.0,0.0,3,16.7,34.9,176,Overcast,1,1,
28605,2021-06-04 19:27:00,40.81401,-73.94466,0,0,Other Vehicular,4424238,25.3,17.4,6.5,6.5,0.0,10.0,61,17.9,37.8,235,Rain: Light,0,0,
28606,2021-06-02 10:08:00,40.61222,-73.918846,1,0,Backing Unsafely,4422952,22.4,13.0,0.0,0.0,0.0,0.0,3,16.7,34.9,176,Overcast,1,1,
28607,2021-06-02 16:00:00,40.74106,-73.946106,2,0,Driver Inattention/Distraction,4423031,22.4,13.0,0.0,0.0,0.0,0.0,3,16.7,34.9,176,Overcast,2,2,
28608,2021-06-04 17:05:00,40.67909,-73.90829,1,0,Failure to Yield Right-of-Way,4423707,25.3,17.4,6.5,6.5,0.0,10.0,61,17.9,37.8,235,Rain: Light,1,1,
28609,2021-06-03 17:50:00,40.65807,-73.960434,0,0,Passing Too Closely,4423302,23.0,13.2,11.9,11.9,0.0,10.0,63,13.6,38.9,165,Rain: Moderate,0,0,
28610,2020-06-04 07:30:00,40.744232,-73.861275,0,0,Unspecified,4423984,28.8,17.9,0.0,0.0,0.0,0.0,3,22.4,45.0,216,Overcast,0,0,
28611,2021-06-03 09:30:00,40.842655,-73.89052,0,0,Driver Inattention/Distraction,4424265,23.0,13.2,11.9,11.9,0.0,10.0,63,13.6,38.9,165,Rain: Moderate,0,0,
28612,2021-06-04 09:59:00,40.66685,-73.73672,1,0,Unspecified,4423437,25.3,17.4,6.5,6.5,0.0,10.0,61,17.9,37.8,235,Rain: Light,1,1,
28613,2021-06-03 02:45:00,40.844982,-73.92067,0,0,Unspecified,4423346,23.0,13.2,11.9,11.9,0.0,10.0,63,13.6,38.9,165,Rain: Moderate,0,0,
28614,2021-06-02 22:40:00,40.712055,-73.96615,1,0,Unsafe Speed,4423105,22.4,13.0,0.0,0.0,0.0,0.0,3,16.7,34.9,176,Overcast,1,1,
28615,2021-06-03 11:20:00,40.8701,-73.8937,0,0,Backing Unsafely,4423227,23.0,13.2,11.9,11.9,0.0,10.0,63,13.6,38.9,165,Rain: Moderate,0,0,
28616,2021-06-03 19:57:00,40.63083,-73.90736,0,0,Unspecified,4423307,23.0,13.2,11.9,11.9,0.0,10.0,63,13.6,38.9,165,Rain: Moderate,0,0,
28617,2021-06-04 08:45:00,40.724453,-73.810234,0,0,Unspecified,4423469,25.3,17.4,6.5,6.5,0.0,10.0,61,17.9,37.8,235,Rain: Light,0,0,
28618,2021-06-02 15:10:00,40.760254,-73.967545,1,0,Following Too Closely,4422973,22.4,13.0,0.0,0.0,0.0,0.0,3,16.7,34.9,176,Overcast,1,1,
28619,2021-06-04 01:51:00,40.769863,-73.947914,0,0,Driver Inattention/Distraction,4423337,25.3,17.4,6.5,6.5,0.0,10.0,61,17.9,37.8,235,Rain: Light,0,0,
28620,2021-06-02 14:28:00,40.745945,-73.95552,0,0,Driver Inattention/Distraction,4423274,22.4,13.0,0.0,0.0,0.0,0.0,3,16.7,34.9,176,Overcast,0,0,
28621,2021-06-02 13:00:00,40.64025,-73.89287,2,0,Traffic Control Disregarded,4422893,22.4,13.0,0.0,0.0,0.0,0.0,3,16.7,34.9,176,Overcast,2,2,
28622,2021-06-04 17:00:00,40.750637,-73.94283,1,0,Driver Inattention/Distraction,4423496,25.3,17.4,6.5,6.5,0.0,10.0,61,17.9,37.8,235,Rain: Light,1,1,
28623,2021-06-04 13:30:00,40.74273,-73.95412,0,0,Driver Inexperience,4423513,25.3,17.4,6.5,6.5,0.0,10.0,61,17.9,37.8,235,Rain: Light,0,0,
28624,2021-06-03 06:46:00,40.644615,-73.962166,0,0,Unspecified,4423122,23.0,13.2,11.9,11.9,0.0,10.0,63,13.6,38.9,165,Rain: Moderate,0,0,
28625,2021-05-27 20:36:00,40.642742,-73.92242,0,0,Unspecified,4423966,27.4,18.3,2.4,2.4,0.0,3.0,61,23.5,42.1,313,Rain: Light,0,0,
28626,2021-06-01 22:29:00,40.739124,-73.85466,0,0,Passing or Lane Usage Improper,4424015,23.5,9.7,0.0,0.0,0.0,0.0,3,17.6,32.0,221,Overcast,0,0,
28627,2021-06-02 16:35:00,40.83801,-73.87329,0,0,Unspecified,4423143,22.4,13.0,0.0,0.0,0.0,0.0,3,16.7,34.9,176,Overcast,0,0,
28628,2021-06-02 20:04:00,40.645546,-73.90566,0,0,Unspecified,4423674,22.4,13.0,0.0,0.0,0.0,0.0,3,16.7,34.9,176,Overcast,0,0,
28629,2021-06-03 06:30:00,40.685078,-73.980064,0,0,Passing Too Closely,4423464,23.0,13.2,11.9,11.9,0.0,10.0,63,13.6,38.9,165,Rain: Moderate,0,0,
28630,2021-06-04 01:53:00,40.674953,-73.80205,0,0,Unspecified,4423342,25.3,17.4,6.5,6.5,0.0,10.0,61,17.9,37.8,235,Rain: Light,0,0,
28631,2021-06-02 06:40:00,40.766834,-73.98105,0,0,Backing Unsafely,4423397,22.4,13.0,0.0,0.0,0.0,0.0,3,16.7,34.9,176,Overcast,0,0,
28632,2021-06-04 16:28:00,40.632446,-73.9685,0,0,Following Too Closely,4423740,25.3,17.4,6.5,6.5,0.0,10.0,61,17.9,37.8,235,Rain: Light,0,0,
28633,2021-06-04 17:21:00,40.758427,-73.99264,0,0,Other Vehicular,4423782,25.3,17.4,6.5,6.5,0.0,10.0,61,17.9,37.8,235,Rain: Light,0,0,
28634,2021-06-02 14:25:00,40.677017,-73.92182,0,0,Driver Inattention/Distraction,4423266,22.4,13.0,0.0,0.0,0.0,0.0,3,16.7,34.9,176,Overcast,0,0,
28635,2022-09-22 13:30:00,40.59628,-73.95497,0,0,Unspecified,4566489,24.9,14.3,9.1,9.1,0.0,7.0,63,24.6,44.6,273,Rain: Moderate,0,0,
28636,2021-06-02 14:30:00,40.69415,-73.94027,0,0,Passing Too Closely,4424105,22.4,13.0,0.0,0.0,0.0,0.0,3,16.7,34.9,176,Overcast,0,0,
28637,2021-06-02 23:05:00,40.830845,-73.947235,0,0,Unspecified,4423046,22.4,13.0,0.0,0.0,0.0,0.0,3,16.7,34.9,176,Overcast,0,0,
28638,2021-06-02 11:35:00,0.0,0.0,1,0,Unsafe Speed,4423241,22.4,13.0,0.0,0.0,0.0,0.0,3,16.7,34.9,176,Overcast,1,1,
28639,2021-06-02 19:29:00,40.878574,-73.88488,0,0,Unspecified,4423062,22.4,13.0,0.0,0.0,0.0,0.0,3,16.7,34.9,176,Overcast,0,0,
28640,2021-06-04 21:30:00,40.78322,-73.84586,0,0,Passing or Lane Usage Improper,4423536,25.3,17.4,6.5,6.5,0.0,10.0,61,17.9,37.8,235,Rain: Light,0,0,
28641,2021-06-02 14:30:00,40.60485,-73.74822,0,0,Driver Inattention/Distraction,4423369,22.4,13.0,0.0,0.0,0.0,0.0,3,16.7,34.9,176,Overcast,0,0,
28642,2021-06-03 02:44:00,40.772434,-73.99238,0,0,Driver Inattention/Distraction,4423633,23.0,13.2,11.9,11.9,0.0,10.0,63,13.6,38.9,165,Rain: Moderate,0,0,
28643,2021-06-01 00:24:00,40.68316,-73.93809,3,0,Unspecified,4424038,23.5,9.7,0.0,0.0,0.0,0.0,3,17.6,32.0,221,Overcast,3,3,
28644,2022-09-22 11:30:00,40.73796,-73.79301,0,0,Unspecified,4566776,24.9,14.3,9.1,9.1,0.0,7.0,63,24.6,44.6,273,Rain: Moderate,0,0,
28645,2021-06-03 15:00:00,40.843906,-73.92413,1,0,Pedestrian/Bicyclist/Other Pedestrian Error/Confusion,4423374,23.0,13.2,11.9,11.9,0.0,10.0,63,13.6,38.9,165,Rain: Moderate,1,1,
28646,2021-06-03 20:10:00,40.68854,-73.92384,0,0,Driver Inattention/Distraction,4424069,23.0,13.2,11.9,11.9,0.0,10.0,63,13.6,38.9,165,Rain: Moderate,0,0,
28647,2021-06-04 16:13:00,40.666935,-73.782715,1,0,Driver Inattention/Distraction,4423501,25.3,17.4,6.5,6.5,0.0,10.0,61,17.9,37.8,235,Rain: Light,1,1,
28648,2021-06-04 10:55:00,40.668243,-73.90651,0,0,Unspecified,4423701,25.3,17.4,6.5,6.5,0.0,10.0,61,17.9,37.8,235,Rain: Light,0,0,
28649,2021-06-04 17:41:00,40.758915,-73.9997,0,0,Brakes Defective,4423977,25.3,17.4,6.5,6.5,0.0,10.0,61,17.9,37.8,235,Rain: Light,0,0,
28650,2021-06-02 11:45:00,40.596325,-73.76673,1,0,Traffic Control Disregarded,4423099,22.4,13.0,0.0,0.0,0.0,0.0,3,16.7,34.9,176,Overcast,1,1,
28651,2021-05-31 00:00:00,40.722095,-73.77772,0,0,Brakes Defective,4423418,20.3,9.3,0.7,0.7,0.0,5.0,51,20.9,40.7,318,Drizzle: Light,0,0,
28652,2021-05-27 15:45:00,40.724876,-73.975174,1,0,Driver Inattention/Distraction,4423843,27.4,18.3,2.4,2.4,0.0,3.0,61,23.5,42.1,313,Rain: Light,1,1,
28653,2021-06-02 14:58:00,40.610844,-73.978264,0,0,Traffic Control Disregarded,4422987,22.4,13.0,0.0,0.0,0.0,0.0,3,16.7,34.9,176,Overcast,0,0,
28654,2021-06-04 17:30:00,40.832047,-73.885704,0,0,Unspecified,4423760,25.3,17.4,6.5,6.5,0.0,10.0,61,17.9,37.8,235,Rain: Light,0,0,
28655,2021-05-27 21:23:00,40.885952,-73.8279,2,0,Failure to Yield Right-of-Way,4424256,27.4,18.3,2.4,2.4,0.0,3.0,61,23.5,42.1,313,Rain: Light,2,2,
28656,2021-06-04 09:00:00,40.87823,-73.864395,0,0,Unspecified,4423850,25.3,17.4,6.5,6.5,0.0,10.0,61,17.9,37.8,235,Rain: Light,0,0,
28657,2021-06-03 09:25:00,40.784325,-73.94225,0,0,Following Too Closely,4423909,23.0,13.2,11.9,11.9,0.0,10.0,63,13.6,38.9,165,Rain: Moderate,0,0,
28658,2021-06-03 00:02:00,40.651985,-73.92073,1,0,View Obstructed/Limited,4423210,23.0,13.2,11.9,11.9,0.0,10.0,63,13.6,38.9,165,Rain: Moderate,1,1,
28659,2021-06-03 08:15:00,40.66408,-73.94817,1,0,Other Vehicular,4423312,23.0,13.2,11.9,11.9,0.0,10.0,63,13.6,38.9,165,Rain: Moderate,1,1,
28660,2021-06-03 00:03:00,40.820965,-73.939575,1,0,Unspecified,4424224,23.0,13.2,11.9,11.9,0.0,10.0,63,13.6,38.9,165,Rain: Moderate,1,1,
28661,2021-06-04 17:20:00,40.576504,-74.1037,1,0,Traffic Control Disregarded,4423474,25.3,17.4,6.5,6.5,0.0,10.0,61,17.9,37.8,235,Rain: Light,1,1,
28662,2021-06-02 09:40:00,40.816032,-73.90809,2,0,Other Vehicular,4423080,22.4,13.0,0.0,0.0,0.0,0.0,3,16.7,34.9,176,Overcast,2,2,