,CRASH DATETIME,LATITUDE,LONGITUDE,NUMBER OF PERSONS INJURED,NUMBER OF PERSONS KILLED,CONTRIBUTING FACTOR VEHICLE 1,COLLISION_ID,temperature_2m_max,temperature_2m_min,precipitation_sum,rain_sum,snowfall_sum,precipitation_hours,weather_code,wind_speed_10m_max,wind_gusts_10m_max,wind_direction_10m_dominant,Weather Description,Severity_Score,Total_Affected_Persons,Weather_Category
28663,2021-06-01 05:00:00,40.74337,-73.87008,0,0,Following Too Closely,4423991,23.5,9.7,0.0,0.0,0.0,0.0,3,17.6,32.0,221,Overcast,0,0,
28664,2021-06-02 03:00:00,40.753494,-73.82987,1,0,Failure to Yield Right-of-Way,4423027,22.4,13.0,0.0,0.0,0.0,0.0,3,16.7,34.9,176,Overcast,1,1,
28665,2021-06-02 12:30:00,40.818794,-73.92213,0,0,Unspecified,4423082,22.4,13.0,0.0,0.0,0.0,0.0,3,16.7,34.9,176,Overcast,0,0,
28666,2021-06-02 08:48:00,40.77694,-73.901085,0,0,Turning Improperly,4423801,22.4,13.0,0.0,0.0,0.0,0.0,3,16.7,34.9,176,Overcast,0,0,
28667,2021-06-03 19:20:00,40.71713,-73.7986,2,0,Driver Inattention/Distraction,4423432,23.0,13.2,11.9,11.9,0.0,10.0,63,13.6,38.9,165,Rain: Moderate,2,2,
28668,2021-06-02 12:58:00,40.680008,-73.82305,1,0,Unsafe Speed,4423056,22.4,13.0,0.0,0.0,0.0,0.0,3,16.7,34.9,176,Overcast,1,1,
28669,2021-06-04 13:30:00,40.65973,-73.74174,1,0,Failure to Yield Right-of-Way,4423449,25.3,17.4,6.5,6.5,0.0,10.0,61,17.9,37.8,235,Rain: Light,1,1,
28670,2021-06-03 12:08:00,40.72592,-73.72439,0,0,Driver Inattention/Distraction,4423278,23.0,13.2,11.9,11.9,0.0,10.0,63,13.6,38.9,165,Rain: Moderate,0,0,
28671,2021-06-04 23:45:00,40.674362,-73.999,0,0,Unspecified,4424155,25.3,17.4,6.5,6.5,0.0,10.0,61,17.9,37.8,235,Rain: Light,0,0,
28672,2021-06-03 20:15:00,40.654488,-73.979034,0,0,Driver Inattention/Distraction,4423528,23.0,13.2,11.9,11.9,0.0,10.0,63,13.6,38.9,165,Rain: Moderate,0,0,
28673,2021-06-03 11:40:00,40.816532,-73.92822,1,0,Failure to Yield Right-of-Way,4423333,23.0,13.2,11.9,11.9,0.0,10.0,63,13.6,38.9,165,Rain: Moderate,1,1,
28674,2021-06-03 15:20:00,40.84782,-73.90756,2,0,Unspecified,4423328,23.0,13.2,11.9,11.9,0.0,10.0,63,13.6,38.9,165,Rain: Moderate,2,2,
28675,2021-06-03 22:15:00,40.737675,-73.930244,0,0,Oversized Vehicle,4423311,23.0,13.2,11.9,11.9,0.0,10.0,63,13.6,38.9,165,Rain: Moderate,0,0,
28676,2021-06-03 14:12:00,40.69802,-73.7623,0,0,Passing or Lane Usage Improper,4423233,23.0,13.2,11.9,11.9,0.0,10.0,63,13.6,38.9,165,Rain: Moderate,0,0,
28677,2021-06-04 16:20:00,40.55234,-74.133194,0,0,Driver Inattention/Distraction,4423473,25.3,17.4,6.5,6.5,0.0,10.0,61,17.9,37.8,235,Rain: Light,0,0,
28678,2021-06-02 02:00:00,40.672848,-73.76405,0,0,Turning Improperly,4422770,22.4,13.0,0.0,0.0,0.0,0.0,3,16.7,34.9,176,Overcast,0,0,
28679,2021-06-03 15:15:00,40.847145,-73.854454,1,0,Other Vehicular,4423259,23.0,13.2,11.9,11.9,0.0,10.0,63,13.6,38.9,165,Rain: Moderate,1,1,
28680,2021-06-02 11:55:00,40.60756,-73.984406,0,0,Unspecified,4422984,22.4,13.0,0.0,0.0,0.0,0.0,3,16.7,34.9,176,Overcast,0,0,
28681,2021-06-02 20:54:00,40.584644,-73.94899,0,0,Unspecified,4423057,22.4,13.0,0.0,0.0,0.0,0.0,3,16.7,34.9,176,Overcast,0,0,
28682,2021-06-04 22:46:00,40.786396,-73.80593,3,0,Unsafe Speed,4423534,25.3,17.4,6.5,6.5,0.0,10.0,61,17.9,37.8,235,Rain: Light,3,3,
28683,2021-06-03 14:07:00,40.553093,-74.142334,2,0,Driver Inattention/Distraction,4423460,23.0,13.2,11.9,11.9,0.0,10.0,63,13.6,38.9,165,Rain: Moderate,2,2,
28684,2021-06-03 01:20:00,40.73835,-73.997055,1,0,Driver Inattention/Distraction,4423832,23.0,13.2,11.9,11.9,0.0,10.0,63,13.6,38.9,165,Rain: Moderate,1,1,
28685,2021-06-03 17:09:00,40.797886,-73.973465,1,0,Driver Inattention/Distraction,4423284,23.0,13.2,11.9,11.9,0.0,10.0,63,13.6,38.9,165,Rain: Moderate,1,1,
28686,2021-06-03 09:21:00,40.53975,-74.20163,0,0,Driver Inattention/Distraction,4423552,23.0,13.2,11.9,11.9,0.0,10.0,63,13.6,38.9,165,Rain: Moderate,0,0,
28687,2021-06-02 14:00:00,40.76985,-73.92295,1,0,Failure to Yield Right-of-Way,4423802,22.4,13.0,0.0,0.0,0.0,0.0,3,16.7,34.9,176,Overcast,1,1,
28688,2021-06-04 17:47:00,40.861813,-73.91053,1,0,View Obstructed/Limited,4423576,25.3,17.4,6.5,6.5,0.0,10.0,61,17.9,37.8,235,Rain: Light,1,1,
28689,2021-05-27 20:40:00,40.677917,-73.93861,0,0,Driver Inattention/Distraction,4424020,27.4,18.3,2.4,2.4,0.0,3.0,61,23.5,42.1,313,Rain: Light,0,0,
28690,2021-06-02 16:51:00,40.748363,-73.98041,0,0,Passing Too Closely,4423023,22.4,13.0,0.0,0.0,0.0,0.0,3,16.7,34.9,176,Overcast,0,0,
28691,2021-06-03 10:00:00,40.689804,-73.98621,1,0,Driver Inattention/Distraction,4423178,23.0,13.2,11.9,11.9,0.0,10.0,63,13.6,38.9,165,Rain: Moderate,1,1,
28692,2021-05-11 22:40:00,40.677338,-73.927536,1,0,Driver Inattention/Distraction,4423972,16.7,8.2,0.0,0.0,0.0,0.0,3,27.0,51.1,292,Overcast,1,1,
28693,2021-06-04 23:15:00,40.66034,-73.92837,2,0,Alcohol Involvement,4424045,25.3,17.4,6.5,6.5,0.0,10.0,61,17.9,37.8,235,Rain: Light,2,2,
28694,2021-05-24 09:05:00,40.61782,-73.94309,0,0,Backing Unsafely,4423402,18.9,13.7,0.0,0.0,0.0,0.0,3,22.4,44.3,126,Overcast,0,0,
28695,2021-06-03 08:25:00,40.87521,-73.833694,0,0,Unspecified,4423205,23.0,13.2,11.9,11.9,0.0,10.0,63,13.6,38.9,165,Rain: Moderate,0,0,
28696,2021-06-03 23:17:00,40.687935,-73.9154,0,0,Physical Disability,4423387,23.0,13.2,11.9,11.9,0.0,10.0,63,13.6,38.9,165,Rain: Moderate,0,0,
28697,2021-06-03 16:45:00,40.70317,-73.9327,0,0,Following Too Closely,4423562,23.0,13.2,11.9,11.9,0.0,10.0,63,13.6,38.9,165,Rain: Moderate,0,0,
28698,2021-06-02 23:42:00,40.662148,-73.72892,2,0,Other Vehicular,4423041,22.4,13.0,0.0,0.0,0.0,0.0,3,16.7,34.9,176,Overcast,2,2,
28699,2021-06-02 21:21:00,40.67612,-73.936005,2,0,Unspecified,4423886,22.4,13.0,0.0,0.0,0.0,0.0,3,16.7,34.9,176,Overcast,2,2,
28700,2021-04-06 10:45:00,40.67416,-73.94732,0,0,Other Vehicular,4424025,18.3,4.8,0.0,0.0,0.0,0.0,1,21.9,38.9,319,Mainly clear,0,0,Sunny/Clear Conditions
28701,2021-06-03 06:40:00,40.860203,-73.82649,1,0,Driver Inattention/Distraction,4423355,23.0,13.2,11.9,11.9,0.0,10.0,63,13.6,38.9,165,Rain: Moderate,1,1,
28702,2021-05-30 22:00:00,40.671303,-73.933685,0,0,Driver Inattention/Distraction,4423928,11.5,8.5,13.7,13.7,0.0,24.0,61,28.1,52.2,22,Rain: Light,0,0,
28703,2021-06-01 21:30:00,40.64499,-73.93549,3,0,Unspecified,4424083,23.5,9.7,0.0,0.0,0.0,0.0,3,17.6,32.0,221,Overcast,3,3,
28704,2022-09-23 23:20:00,40.74577,-73.97043,0,0,Driver Inattention/Distraction,4566718,16.4,10.0,0.0,0.0,0.0,0.0,0,31.1,56.9,323,Clear sky,0,0,Sunny/Clear Conditions
28705,2021-06-03 10:37:00,40.727127,-73.93716,0,0,Passing Too Closely,4423323,23.0,13.2,11.9,11.9,0.0,10.0,63,13.6,38.9,165,Rain: Moderate,0,0,
28706,2021-06-03 14:50:00,40.799328,-73.96099,0,0,Following Too Closely,4423273,23.0,13.2,11.9,11.9,0.0,10.0,63,13.6,38.9,165,Rain: Moderate,0,0,
28707,2021-06-04 11:26:00,40.840866,-73.87281,1,0,Driver Inexperience,4424199,25.3,17.4,6.5,6.5,0.0,10.0,61,17.9,37.8,235,Rain: Light,1,1,
28708,2021-05-31 16:15:00,40.837124,-73.909645,0,0,Driver Inattention/Distraction,4423370,20.3,9.3,0.7,0.7,0.0,5.0,51,20.9,40.7,318,Drizzle: Light,0,0,
28709,2021-06-02 12:05:00,40.72201,-73.853485,0,0,Driver Inattention/Distraction,4422892,22.4,13.0,0.0,0.0,0.0,0.0,3,16.7,34.9,176,Overcast,0,0,
28710,2021-06-02 08:00:00,40.608204,-73.920715,0,0,Unspecified,4422919,22.4,13.0,0.0,0.0,0.0,0.0,3,16.7,34.9,176,Overcast,0,0,
28711,2021-05-27 18:20:00,40.821285,-73.90095,1,0,Unspecified,4423697,27.4,18.3,2.4,2.4,0.0,3.0,61,23.5,42.1,313,Rain: Light,1,1,
28712,2021-06-02 16:30:00,40.632717,-73.96692,0,0,Turning Improperly,4423116,22.4,13.0,0.0,0.0,0.0,0.0,3,16.7,34.9,176,Overcast,0,0,
28713,2021-06-04 21:20:00,40.677853,-73.93026,0,0,Driver Inattention/Distraction,4424067,25.3,17.4,6.5,6.5,0.0,10.0,61,17.9,37.8,235,Rain: Light,0,0,
28714,2021-05-28 18:50:00,40.73791,-73.77444,0,0,Following Too Closely,4423413,19.4,10.6,25.0,25.0,0.0,8.0,63,25.6,47.9,62,Rain: Moderate,0,0,
28715,2021-06-02 10:40:00,40.644455,-74.0183,1,0,Driver Inattention/Distraction,4423003,22.4,13.0,0.0,0.0,0.0,0.0,3,16.7,34.9,176,Overcast,1,1,
28716,2021-04-13 21:40:00,40.810997,-73.905846,0,0,Driver Inattention/Distraction,4423445,18.3,5.8,4.5,4.5,0.0,5.0,61,14.5,28.1,17,Rain: Light,0,0,
28717,2021-06-03 08:00:00,40.86862,-73.892426,0,0,Fell Asleep,4423164,23.0,13.2,11.9,11.9,0.0,10.0,63,13.6,38.9,165,Rain: Moderate,0,0,
28718,2021-05-30 16:29:00,40.607754,-74.13205,0,0,Unspecified,4423428,11.5,8.5,13.7,13.7,0.0,24.0,61,28.1,52.2,22,Rain: Light,0,0,
28719,2021-06-04 00:57:00,40.87745,-73.85179,0,0,Driver Inattention/Distraction,4423851,25.3,17.4,6.5,6.5,0.0,10.0,61,17.9,37.8,235,Rain: Light,0,0,
28720,2021-06-04 14:39:00,40.828236,-73.88602,0,0,Failure to Yield Right-of-Way,4423752,25.3,17.4,6.5,6.5,0.0,10.0,61,17.9,37.8,235,Rain: Light,0,0,
28721,2021-06-03 16:24:00,40.801155,-73.959656,0,0,Failure to Yield Right-of-Way,4423289,23.0,13.2,11.9,11.9,0.0,10.0,63,13.6,38.9,165,Rain: Moderate,0,0,
28722,2021-05-24 08:24:00,40.7033,-73.91078,0,0,Passing Too Closely,4424011,18.9,13.7,0.0,0.0,0.0,0.0,3,22.4,44.3,126,Overcast,0,0,
28723,2021-06-02 00:00:00,40.72106,-73.75945,3,0,Failure to Yield Right-of-Way,4422870,22.4,13.0,0.0,0.0,0.0,0.0,3,16.7,34.9,176,Overcast,3,3,
28724,2021-06-02 18:30:00,40.757145,-73.99357,0,0,Unspecified,4423086,22.4,13.0,0.0,0.0,0.0,0.0,3,16.7,34.9,176,Overcast,0,0,
28725,2021-06-02 13:20:00,40.84115,-73.942696,0,0,Driver Inattention/Distraction,4423123,22.4,13.0,0.0,0.0,0.0,0.0,3,16.7,34.9,176,Overcast,0,0,
28726,2021-06-04 12:50:00,40.57826,-73.95838,0,0,Unspecified,4423450,25.3,17.4,6.5,6.5,0.0,10.0,61,17.9,37.8,235,Rain: Light,0,0,
28727,2021-06-01 15:00:00,40.64934,-73.94264,0,0,Driver Inattention/Distraction,4424059,23.5,9.7,0.0,0.0,0.0,0.0,3,17.6,32.0,221,Overcast,0,0,
28728,2021-06-01 13:50:00,40.734974,-73.97987,2,0,Oversized Vehicle,4423904,23.5,9.7,0.0,0.0,0.0,0.0,3,17.6,32.0,221,Overcast,2,2,
28729,2021-06-02 11:52:00,40.724552,-73.72452,1,0,Following Too Closely,4422904,22.4,13.0,0.0,0.0,0.0,0.0,3,16.7,34.9,176,Overcast,1,1,
28730,2021-06-02 16:15:00,40.7185,-73.73531,1,0,Failure to Yield Right-of-Way,4423030,22.4,13.0,0.0,0.0,0.0,0.0,3,16.7,34.9,176,Overcast,1,1,
28731,2021-06-04 17:40:00,40.544735,-74.14359,2,0,Driver Inattention/Distraction,4423488,25.3,17.4,6.5,6.5,0.0,10.0,61,17.9,37.8,235,Rain: Light,2,2,
28732,2021-06-03 12:05:00,40.865387,-73.893456,0,0,Oversized Vehicle,4423228,23.0,13.2,11.9,11.9,0.0,10.0,63,13.6,38.9,165,Rain: Moderate,0,0,
28733,2021-06-04 18:43:00,40.684082,-73.90864,0,0,Following Too Closely,4424141,25.3,17.4,6.5,6.5,0.0,10.0,61,17.9,37.8,235,Rain: Light,0,0,
28734,2021-06-04 23:40:00,40.769318,-73.8666,0,0,Unspecified,4423617,25.3,17.4,6.5,6.5,0.0,10.0,61,17.9,37.8,235,Rain: Light,0,0,
28735,2024-09-29 09:30:00,40.714104,-73.95322,0,0,Pavement Slippery,4760044,18.0,16.4,2.5,2.5,0.0,11.0,53,18.1,33.5,64,Drizzle: Moderate,0,0,
28736,2021-06-02 17:21:00,40.62731,-73.941826,1,0,Driver Inattention/Distraction,4423505,22.4,13.0,0.0,0.0,0.0,0.0,3,16.7,34.9,176,Overcast,1,1,
28737,2021-06-03 15:54:00,40.610844,-73.978264,0,0,Driver Inattention/Distraction,4423265,23.0,13.2,11.9,11.9,0.0,10.0,63,13.6,38.9,165,Rain: Moderate,0,0,
28738,2021-06-02 09:40:00,40.724545,-73.97994,0,0,Unspecified,4423172,22.4,13.0,0.0,0.0,0.0,0.0,3,16.7,34.9,176,Overcast,0,0,
28739,2021-05-26 07:00:00,40.69584,-73.92959,0,0,Passing or Lane Usage Improper,4423382,29.5,17.4,0.1,0.1,0.0,1.0,51,23.4,45.7,210,Drizzle: Light,0,0,
28740,2021-06-02 09:45:00,40.677265,-73.8262,2,0,Driver Inattention/Distraction,4422994,22.4,13.0,0.0,0.0,0.0,0.0,3,16.7,34.9,176,Overcast,2,2,
28741,2021-06-04 23:26:00,40.650097,-73.960815,0,0,Unspecified,4423742,25.3,17.4,6.5,6.5,0.0,10.0,61,17.9,37.8,235,Rain: Light,0,0,
28742,2021-06-01 21:14:00,40.84615,-73.818344,1,0,Unspecified,4424259,23.5,9.7,0.0,0.0,0.0,0.0,3,17.6,32.0,221,Overcast,1,1,
28743,2021-06-03 11:24:00,40.70166,-73.961464,1,0,Driver Inattention/Distraction,4424163,23.0,13.2,11.9,11.9,0.0,10.0,63,13.6,38.9,165,Rain: Moderate,1,1,
28744,2021-06-04 03:45:00,40.6929,-73.80551,0,0,Turning Improperly,4423456,25.3,17.4,6.5,6.5,0.0,10.0,61,17.9,37.8,235,Rain: Light,0,0,
28745,2021-06-03 16:19:00,40.8451,-73.91878,0,0,Driver Inexperience,4423350,23.0,13.2,11.9,11.9,0.0,10.0,63,13.6,38.9,165,Rain: Moderate,0,0,
28746,2021-06-02 23:05:00,40.767647,-73.92078,0,0,Driver Inattention/Distraction,4423808,22.4,13.0,0.0,0.0,0.0,0.0,3,16.7,34.9,176,Overcast,0,0,
28747,2021-06-04 21:55:00,40.67536,-73.8126,1,0,Driver Inexperience,4423650,25.3,17.4,6.5,6.5,0.0,10.0,61,17.9,37.8,235,Rain: Light,1,1,
28748,2021-06-04 22:50:00,40.700737,-73.99499,1,0,Reaction to Uninvolved Vehicle,4423545,25.3,17.4,6.5,6.5,0.0,10.0,61,17.9,37.8,235,Rain: Light,1,1,
28749,2022-09-22 13:22:00,40.771694,-73.95919,0,0,Driver Inattention/Distraction,4566460,24.9,14.3,9.1,9.1,0.0,7.0,63,24.6,44.6,273,Rain: Moderate,0,0,
28750,2021-06-04 21:50:00,40.693604,-73.93857,0,0,Unspecified,4423514,25.3,17.4,6.5,6.5,0.0,10.0,61,17.9,37.8,235,Rain: Light,0,0,
28751,2021-03-10 13:08:00,40.676094,-73.94992,1,0,Failure to Yield Right-of-Way,4423968,10.9,-1.1,0.0,0.0,0.0,0.0,3,18.7,38.5,109,Overcast,1,1,
28752,2021-06-02 17:30:00,40.872707,-73.8411,0,0,Backing Unsafely,4423838,22.4,13.0,0.0,0.0,0.0,0.0,3,16.7,34.9,176,Overcast,0,0,
28753,2021-06-04 15:12:00,40.805073,-73.92331,0,0,Unspecified,4423583,25.3,17.4,6.5,6.5,0.0,10.0,61,17.9,37.8,235,Rain: Light,0,0,
28754,2022-07-02 08:00:00,40.69644,-73.92228,0,0,Passing or Lane Usage Improper,4542879,30.8,23.1,4.0,4.0,0.0,5.0,61,19.4,40.0,229,Rain: Light,0,0,
28755,2021-06-01 15:05:00,40.67646,-73.9499,0,0,Driver Inattention/Distraction,4423881,23.5,9.7,0.0,0.0,0.0,0.0,3,17.6,32.0,221,Overcast,0,0,
28756,2021-05-17 06:30:00,40.821,-73.8969,0,0,Traffic Control Disregarded,4423477,22.9,9.7,0.0,0.0,0.0,0.0,3,17.7,36.0,224,Overcast,0,0,
28757,2021-06-03 12:56:00,40.851654,-73.91566,2,0,Unspecified,4423345,23.0,13.2,11.9,11.9,0.0,10.0,63,13.6,38.9,165,Rain: Moderate,2,2,
28758,2021-06-02 22:20:00,40.518517,-74.199684,0,0,Unspecified,4423303,22.4,13.0,0.0,0.0,0.0,0.0,3,16.7,34.9,176,Overcast,0,0,
28759,2021-06-03 12:35:00,40.62156,-74.16849,0,0,Driver Inattention/Distraction,4423221,23.0,13.2,11.9,11.9,0.0,10.0,63,13.6,38.9,165,Rain: Moderate,0,0,
28760,2021-06-04 22:30:00,40.723602,-73.731766,0,0,Driver Inattention/Distraction,4423542,25.3,17.4,6.5,6.5,0.0,10.0,61,17.9,37.8,235,Rain: Light,0,0,
28761,2021-06-02 18:50:00,40.670277,-73.92542,1,0,Passing or Lane Usage Improper,4423922,22.4,13.0,0.0,0.0,0.0,0.0,3,16.7,34.9,176,Overcast,1,1,
28762,2021-06-04 18:00:00,40.758327,-73.96894,0,0,Unspecified,4423641,25.3,17.4,6.5,6.5,0.0,10.0,61,17.9,37.8,235,Rain: Light,0,0,
28763,2021-06-03 19:45:00,40.61617,-73.9546,1,0,Failure to Yield Right-of-Way,4423860,23.0,13.2,11.9,11.9,0.0,10.0,63,13.6,38.9,165,Rain: Moderate,1,1,
28764,2021-06-04 17:50:00,40.83761,-73.88106,0,0,Driver Inattention/Distraction,4424250,25.3,17.4,6.5,6.5,0.0,10.0,61,17.9,37.8,235,Rain: Light,0,0,
28765,2021-06-04 03:50:00,40.779495,-73.95559,3,0,Driver Inattention/Distraction,4423338,25.3,17.4,6.5,6.5,0.0,10.0,61,17.9,37.8,235,Rain: Light,3,3,
28766,2021-05-31 04:00:00,40.59011,-73.97422,0,0,Fell Asleep,4423789,20.3,9.3,0.7,0.7,0.0,5.0,51,20.9,40.7,318,Drizzle: Light,0,0,
28767,2021-06-02 11:51:00,40.69385,-73.76643,1,0,Pedestrian/Bicyclist/Other Pedestrian Error/Confusion,4423111,22.4,13.0,0.0,0.0,0.0,0.0,3,16.7,34.9,176,Overcast,1,1,
28768,2021-06-04 03:48:00,40.66895,-73.9339,0,0,Driver Inattention/Distraction,4423899,25.3,17.4,6.5,6.5,0.0,10.0,61,17.9,37.8,235,Rain: Light,0,0,
28769,2021-06-03 11:55:00,40.71572,-73.825745,1,0,Following Too Closely,4423424,23.0,13.2,11.9,11.9,0.0,10.0,63,13.6,38.9,165,Rain: Moderate,1,1,
28770,2021-06-02 08:33:00,40.76411,-73.9885,1,0,Driver Inattention/Distraction,4422795,22.4,13.0,0.0,0.0,0.0,0.0,3,16.7,34.9,176,Overcast,1,1,
28771,2021-06-03 07:00:00,40.74977,-73.987785,0,0,Pavement Slippery,4423158,23.0,13.2,11.9,11.9,0.0,10.0,63,13.6,38.9,165,Rain: Moderate,0,0,
28772,2021-06-02 07:15:00,40.68864,-73.983665,0,0,Following Too Closely,4422964,22.4,13.0,0.0,0.0,0.0,0.0,3,16.7,34.9,176,Overcast,0,0,
28773,2021-06-02 02:52:00,40.700245,-73.92089,0,0,Driver Inattention/Distraction,4423377,22.4,13.0,0.0,0.0,0.0,0.0,3,16.7,34.9,176,Overcast,0,0,
28774,2021-06-03 02:50:00,40.736294,-73.867096,0,0,Backing Unsafely,4423128,23.0,13.2,11.9,11.9,0.0,10.0,63,13.6,38.9,165,Rain: Moderate,0,0,
28775,2021-06-04 18:42:00,40.747543,-73.97079,1,0,Alcohol Involvement,4423678,25.3,17.4,6.5,6.5,0.0,10.0,61,17.9,37.8,235,Rain: Light,1,1,
28776,2021-06-03 02:30:00,40.709698,-73.92161,0,0,Aggressive Driving/Road Rage,4423090,23.0,13.2,11.9,11.9,0.0,10.0,63,13.6,38.9,165,Rain: Moderate,0,0,
28777,2021-05-20 17:00:00,40.899815,-73.85781,0,0,Driver Inattention/Distraction,4424237,22.2,12.5,0.0,0.0,0.0,0.0,3,19.0,38.2,147,Overcast,0,0,
28778,2021-06-04 02:00:00,40.72676,-73.90582,0,0,Driver Inattention/Distraction,4423720,25.3,17.4,6.5,6.5,0.0,10.0,61,17.9,37.8,235,Rain: Light,0,0,
28779,2021-05-30 10:53:00,40.69912,-73.90789,0,0,Passing Too Closely,4424004,11.5,8.5,13.7,13.7,0.0,24.0,61,28.1,52.2,22,Rain: Light,0,0,
28780,2021-06-04 12:15:00,40.756096,-73.74655,1,0,Following Too Closely,4423441,25.3,17.4,6.5,6.5,0.0,10.0,61,17.9,37.8,235,Rain: Light,1,1,
28781,2021-06-04 23:35:00,40.68668,-73.97937,1,0,Following Too Closely,4423520,25.3,17.4,6.5,6.5,0.0,10.0,61,17.9,37.8,235,Rain: Light,1,1,
28782,2021-05-31 21:00:00,40.841347,-73.9169,0,0,Passing Too Closely,4424173,20.3,9.3,0.7,0.7,0.0,5.0,51,20.9,40.7,318,Drizzle: Light,0,0,
28783,2021-06-03 16:19:00,40.859974,-73.900795,0,0,Unsafe Speed,4423349,23.0,13.2,11.9,11.9,0.0,10.0,63,13.6,38.9,165,Rain: Moderate,0,0,
28784,2021-06-03 16:00:00,40.75411,-73.898705,0,0,Driver Inattention/Distraction,4423492,23.0,13.2,11.9,11.9,0.0,10.0,63,13.6,38.9,165,Rain: Moderate,0,0,
28785,2021-06-03 11:25:00,40.768448,-73.77077,1,0,Failure to Yield Right-of-Way,4423269,23.0,13.2,11.9,11.9,0.0,10.0,63,13.6,38.9,165,Rain: Moderate,1,1,
28786,2021-06-03 16:37:00,40.89466,-73.86137,1,0,Driver Inattention/Distraction,4424271,23.0,13.2,11.9,11.9,0.0,10.0,63,13.6,38.9,165,Rain: Moderate,1,1,
28787,2021-06-04 18:15:00,40.66485,-73.94098,0,0,Driver Inattention/Distraction,4423509,25.3,17.4,6.5,6.5,0.0,10.0,61,17.9,37.8,235,Rain: Light,0,0,
28788,2021-06-03 11:10:00,40.616047,-74.025734,0,0,Unspecified,4423223,23.0,13.2,11.9,11.9,0.0,10.0,63,13.6,38.9,165,Rain: Moderate,0,0,
28789,2021-06-03 09:38:00,40.831566,-73.942986,0,0,Traffic Control Disregarded,4423360,23.0,13.2,11.9,11.9,0.0,10.0,63,13.6,38.9,165,Rain: Moderate,0,0,
28790,2021-06-02 10:00:00,40.69614,-73.9734,0,0,Driver Inattention/Distraction,4423013,22.4,13.0,0.0,0.0,0.0,0.0,3,16.7,34.9,176,Overcast,0,0,
28791,2021-06-01 07:57:00,40.755844,-73.964714,0,0,Unspecified,4423593,23.5,9.7,0.0,0.0,0.0,0.0,3,17.6,32.0,221,Overcast,0,0,
28792,2021-06-02 22:00:00,40.74675,-73.99799,0,0,Driver Inattention/Distraction,4423962,22.4,13.0,0.0,0.0,0.0,0.0,3,16.7,34.9,176,Overcast,0,0,
28793,2021-06-02 10:12:00,40.67428,-73.916695,0,0,Other Vehicular,4423165,22.4,13.0,0.0,0.0,0.0,0.0,3,16.7,34.9,176,Overcast,0,0,
28794,2021-06-04 11:00:00,40.70735,-73.959404,0,0,Backing Unsafely,4423566,25.3,17.4,6.5,6.5,0.0,10.0,61,17.9,37.8,235,Rain: Light,0,0,
28795,2021-06-04 03:30:00,40.7666,-73.89117,1,0,Unsafe Speed,4423812,25.3,17.4,6.5,6.5,0.0,10.0,61,17.9,37.8,235,Rain: Light,1,1,
28796,2021-06-04 10:30:00,40.731586,-73.99158,1,0,Aggressive Driving/Road Rage,4423842,25.3,17.4,6.5,6.5,0.0,10.0,61,17.9,37.8,235,Rain: Light,1,1,
28797,2021-03-14 12:30:00,40.689213,-73.97701,1,0,Backing Unsafely,4423497,10.0,-0.8,0.0,0.0,0.0,0.0,3,38.1,73.8,301,Overcast,1,1,
28798,2021-06-04 08:30:00,40.589844,-73.99111,0,0,Unspecified,4423774,25.3,17.4,6.5,6.5,0.0,10.0,61,17.9,37.8,235,Rain: Light,0,0,
28799,2021-06-04 18:00:00,40.692856,-73.74703,0,0,Following Too Closely,4423549,25.3,17.4,6.5,6.5,0.0,10.0,61,17.9,37.8,235,Rain: Light,0,0,
28800,2021-05-27 09:40:00,40.705246,-73.95908,0,0,Following Too Closely,4423769,27.4,18.3,2.4,2.4,0.0,3.0,61,23.5,42.1,313,Rain: Light,0,0,
28801,2021-06-04 18:40:00,40.76031,-73.774315,0,0,Driver Inattention/Distraction,4423510,25.3,17.4,6.5,6.5,0.0,10.0,61,17.9,37.8,235,Rain: Light,0,0,
28802,2021-06-04 00:00:00,40.71256,-73.732994,1,0,Driver Inattention/Distraction,4423669,25.3,17.4,6.5,6.5,0.0,10.0,61,17.9,37.8,235,Rain: Light,1,1,
28803,2021-06-04 17:35:00,40.737194,-73.97447,0,0,Passing or Lane Usage Improper,4423833,25.3,17.4,6.5,6.5,0.0,10.0,61,17.9,37.8,235,Rain: Light,0,0,
28804,2021-06-03 12:47:00,40.76242,-73.82752,1,0,Unspecified,4423577,23.0,13.2,11.9,11.9,0.0,10.0,63,13.6,38.9,165,Rain: Moderate,1,1,
28805,2021-06-02 15:05:00,40.845642,-73.90211,0,0,Unspecified,4423194,22.4,13.0,0.0,0.0,0.0,0.0,3,16.7,34.9,176,Overcast,0,0,
28806,2021-03-27 08:30:00,40.68507,-73.92649,0,0,Unspecified,4423874,17.8,6.8,0.0,0.0,0.0,0.0,3,21.8,43.2,253,Overcast,0,0,
28807,2021-06-02 04:00:00,40.75786,-73.830246,0,0,Turning Improperly,4423034,22.4,13.0,0.0,0.0,0.0,0.0,3,16.7,34.9,176,Overcast,0,0,