,CRASH DATETIME,LATITUDE,LONGITUDE,NUMBER OF PERSONS INJURED,NUMBER OF PERSONS KILLED,CONTRIBUTING FACTOR VEHICLE 1,COLLISION_ID,temperature_2m_max,temperature_2m_min,precipitation_sum,rain_sum,snowfall_sum,precipitation_hours,weather_code,wind_speed_10m_max,wind_gusts_10m_max,wind_direction_10m_dominant,Weather Description,Severity_Score,Total_Affected_Persons,Weather_Category
28808,2021-06-04 15:58:00,40.63939,-73.96852,1,0,Unspecified,4423739,25.3,17.4,6.5,6.5,0.0,10.0,61,17.9,37.8,235,Rain: Light,1,1,
28809,2021-06-04 21:21:00,40.764706,-73.811005,1,0,Alcohol Involvement,4424115,25.3,17.4,6.5,6.5,0.0,10.0,61,17.9,37.8,235,Rain: Light,1,1,
28810,2021-06-03 13:40:00,40.829597,-73.94814,0,0,Unspecified,4423414,23.0,13.2,11.9,11.9,0.0,10.0,63,13.6,38.9,165,Rain: Moderate,0,0,
28811,2021-06-03 19:35:00,40.760353,-73.99124,1,0,Driver Inattention/Distraction,4423785,23.0,13.2,11.9,11.9,0.0,10.0,63,13.6,38.9,165,Rain: Moderate,1,1,
28812,2021-05-17 13:40:00,40.690765,-73.92429,1,0,Unsafe Speed,4423868,22.9,9.7,0.0,0.0,0.0,0.0,3,17.7,36.0,224,Overcast,1,1,
28813,2021-06-01 17:24:00,40.620686,-74.11002,0,0,Driver Inattention/Distraction,4423913,23.5,9.7,0.0,0.0,0.0,0.0,3,17.6,32.0,221,Overcast,0,0,
28814,2021-05-29 18:25:00,40.76496,-73.90532,0,0,Unspecified,4423793,11.0,8.5,25.1,25.1,0.0,22.0,63,29.9,56.9,39,Rain: Moderate,0,0,
28815,2021-05-30 19:16:00,40.826775,-73.89496,0,0,Drugs (illegal),4423478,11.5,8.5,13.7,13.7,0.0,24.0,61,28.1,52.2,22,Rain: Light,0,0,
28816,2021-06-04 00:54:00,40.672413,-73.957344,0,0,Driver Inattention/Distraction,4423894,25.3,17.4,6.5,6.5,0.0,10.0,61,17.9,37.8,235,Rain: Light,0,0,
28817,2021-06-02 09:21:00,40.70085,-73.95894,0,0,Brakes Defective,4422843,22.4,13.0,0.0,0.0,0.0,0.0,3,16.7,34.9,176,Overcast,0,0,
28818,2021-06-02 11:58:00,40.715473,-73.95185,0,0,Passing or Lane Usage Improper,4423075,22.4,13.0,0.0,0.0,0.0,0.0,3,16.7,34.9,176,Overcast,0,0,
28819,2021-06-04 12:20:00,40.697716,-73.96488,2,0,Passing or Lane Usage Improper,4423625,25.3,17.4,6.5,6.5,0.0,10.0,61,17.9,37.8,235,Rain: Light,2,2,
28820,2021-06-02 11:09:00,40.644264,-73.97402,0,0,Aggressive Driving/Road Rage,4422935,22.4,13.0,0.0,0.0,0.0,0.0,3,16.7,34.9,176,Overcast,0,0,
28821,2021-06-04 14:55:00,40.72691,-73.90033,0,0,Reaction to Uninvolved Vehicle,4423997,25.3,17.4,6.5,6.5,0.0,10.0,61,17.9,37.8,235,Rain: Light,0,0,
28822,2021-06-03 18:37:00,40.826042,-73.85933,0,0,Unspecified,4423392,23.0,13.2,11.9,11.9,0.0,10.0,63,13.6,38.9,165,Rain: Moderate,0,0,
28823,2021-06-03 15:00:00,40.584534,-73.82233,0,0,Driver Inattention/Distraction,4423524,23.0,13.2,11.9,11.9,0.0,10.0,63,13.6,38.9,165,Rain: Moderate,0,0,
28824,2021-06-04 14:20:00,40.663517,-73.90238,0,0,Unspecified,4423704,25.3,17.4,6.5,6.5,0.0,10.0,61,17.9,37.8,235,Rain: Light,0,0,
28825,2021-06-02 19:05:00,40.804905,-73.91883,0,0,Unspecified,4423083,22.4,13.0,0.0,0.0,0.0,0.0,3,16.7,34.9,176,Overcast,0,0,
28826,2021-06-02 16:43:00,40.566494,-74.11377,3,0,Failure to Yield Right-of-Way,4423008,22.4,13.0,0.0,0.0,0.0,0.0,3,16.7,34.9,176,Overcast,3,3,
28827,2021-06-03 18:20:00,40.62055,-74.16919,1,0,Failure to Yield Right-of-Way,4423364,23.0,13.2,11.9,11.9,0.0,10.0,63,13.6,38.9,165,Rain: Moderate,1,1,
28828,2021-06-03 01:21:00,40.8651,-73.92189,1,0,Traffic Control Disregarded,4423239,23.0,13.2,11.9,11.9,0.0,10.0,63,13.6,38.9,165,Rain: Moderate,1,1,
28829,2021-06-03 04:00:00,40.742508,-73.91788,0,0,Driver Inattention/Distraction,4423045,23.0,13.2,11.9,11.9,0.0,10.0,63,13.6,38.9,165,Rain: Moderate,0,0,
28830,2021-06-02 16:05:00,40.751522,-73.99396,0,0,Reaction to Uninvolved Vehicle,4423249,22.4,13.0,0.0,0.0,0.0,0.0,3,16.7,34.9,176,Overcast,0,0,
28831,2021-04-08 13:40:00,40.673683,-73.92214,0,0,Driver Inattention/Distraction,4424019,18.2,5.5,0.0,0.0,0.0,0.0,3,18.0,35.3,173,Overcast,0,0,
28832,2021-06-03 13:59:00,40.74455,-73.703094,0,0,Driver Inexperience,4423279,23.0,13.2,11.9,11.9,0.0,10.0,63,13.6,38.9,165,Rain: Moderate,0,0,
28833,2021-06-03 10:00:00,40.83044,-73.89654,0,0,Unspecified,4423759,23.0,13.2,11.9,11.9,0.0,10.0,63,13.6,38.9,165,Rain: Moderate,0,0,
28834,2021-06-03 08:16:00,40.681946,-73.904884,0,0,Passing Too Closely,4423381,23.0,13.2,11.9,11.9,0.0,10.0,63,13.6,38.9,165,Rain: Moderate,0,0,
28835,2021-05-31 23:00:00,40.69296,-73.93106,0,0,Unsafe Speed,4424036,20.3,9.3,0.7,0.7,0.0,5.0,51,20.9,40.7,318,Drizzle: Light,0,0,
28836,2021-06-03 09:15:00,40.73351,-73.87491,0,0,Driver Inattention/Distraction,4423186,23.0,13.2,11.9,11.9,0.0,10.0,63,13.6,38.9,165,Rain: Moderate,0,0,
28837,2022-09-21 02:35:00,40.665474,-73.95231,0,0,Driver Inattention/Distraction,4565870,26.5,16.0,0.0,0.0,0.0,0.0,3,19.4,36.7,252,Overcast,0,0,
28838,2021-06-04 05:24:00,40.75064,-73.73935,0,0,Driver Inattention/Distraction,4423332,25.3,17.4,6.5,6.5,0.0,10.0,61,17.9,37.8,235,Rain: Light,0,0,
28839,2021-06-03 19:45:00,40.701424,-73.94307,0,0,Following Too Closely,4423570,23.0,13.2,11.9,11.9,0.0,10.0,63,13.6,38.9,165,Rain: Moderate,0,0,
28840,2021-05-31 17:00:00,40.75205,-73.92792,0,0,Unspecified,4423797,20.3,9.3,0.7,0.7,0.0,5.0,51,20.9,40.7,318,Drizzle: Light,0,0,
28841,2021-06-01 23:20:00,40.74782,-73.99665,1,0,Failure to Yield Right-of-Way,4423976,23.5,9.7,0.0,0.0,0.0,0.0,3,17.6,32.0,221,Overcast,1,1,
28842,2021-06-01 11:30:00,40.61384,-73.981445,1,0,Driver Inattention/Distraction,4423599,23.5,9.7,0.0,0.0,0.0,0.0,3,17.6,32.0,221,Overcast,1,1,
28843,2021-06-04 13:37:00,40.774223,-73.893715,0,0,Backing Unsafely,4423819,25.3,17.4,6.5,6.5,0.0,10.0,61,17.9,37.8,235,Rain: Light,0,0,
28844,2021-06-04 16:28:00,40.842594,-73.866394,0,0,Backing Unsafely,4423553,25.3,17.4,6.5,6.5,0.0,10.0,61,17.9,37.8,235,Rain: Light,0,0,
28845,2021-05-31 21:37:00,40.737953,-73.85109,1,0,Unsafe Speed,4423990,20.3,9.3,0.7,0.7,0.0,5.0,51,20.9,40.7,318,Drizzle: Light,1,1,
28846,2021-06-04 15:20:00,40.7422,-73.840965,1,0,Driver Inattention/Distraction,4424021,25.3,17.4,6.5,6.5,0.0,10.0,61,17.9,37.8,235,Rain: Light,1,1,
28847,2021-06-04 19:30:00,40.674137,-73.83903,1,0,Driver Inattention/Distraction,4423659,25.3,17.4,6.5,6.5,0.0,10.0,61,17.9,37.8,235,Rain: Light,1,1,
28848,2022-06-25 02:15:00,40.678116,-73.92172,0,0,Unspecified,4567140,32.5,18.1,0.0,0.0,0.0,0.0,2,25.0,47.2,224,Partly cloudy,0,0,
28849,2021-06-03 05:25:00,40.67625,-73.95308,4,0,Driver Inattention/Distraction,4423891,23.0,13.2,11.9,11.9,0.0,10.0,63,13.6,38.9,165,Rain: Moderate,4,4,
28850,2021-05-12 06:59:00,40.69245,-73.811005,0,0,Following Too Closely,4415808,17.9,5.8,0.0,0.0,0.0,0.0,2,20.0,41.0,317,Partly cloudy,0,0,
28851,2021-06-03 18:00:00,40.8541,-73.919106,1,0,Following Too Closely,4423317,23.0,13.2,11.9,11.9,0.0,10.0,63,13.6,38.9,165,Rain: Moderate,1,1,
28852,2021-06-03 15:40:00,40.58531,-73.95353,0,0,Unspecified,4423433,23.0,13.2,11.9,11.9,0.0,10.0,63,13.6,38.9,165,Rain: Moderate,0,0,
28853,2021-05-21 19:35:00,40.7602,-73.996864,0,0,Backing Unsafely,4423955,23.9,11.3,0.0,0.0,0.0,0.0,3,19.2,38.5,174,Overcast,0,0,
28854,2021-06-03 21:26:00,40.623,-73.95905,1,0,Failure to Yield Right-of-Way,4423735,23.0,13.2,11.9,11.9,0.0,10.0,63,13.6,38.9,165,Rain: Moderate,1,1,
28855,2021-06-04 07:35:00,40.80988,-73.90308,0,0,Passing Too Closely,4423446,25.3,17.4,6.5,6.5,0.0,10.0,61,17.9,37.8,235,Rain: Light,0,0,
28856,2021-06-04 15:40:00,40.78417,-73.84675,0,0,Passing or Lane Usage Improper,4423535,25.3,17.4,6.5,6.5,0.0,10.0,61,17.9,37.8,235,Rain: Light,0,0,
28857,2021-06-02 22:00:00,40.840977,-73.916016,1,0,Aggressive Driving/Road Rage,4423451,22.4,13.0,0.0,0.0,0.0,0.0,3,16.7,34.9,176,Overcast,1,1,
28858,2021-06-02 16:43:00,40.677174,-73.924774,0,0,Unsafe Lane Changing,4424075,22.4,13.0,0.0,0.0,0.0,0.0,3,16.7,34.9,176,Overcast,0,0,
28859,2021-06-02 21:45:00,40.84491,-73.93324,0,0,Traffic Control Disregarded,4423124,22.4,13.0,0.0,0.0,0.0,0.0,3,16.7,34.9,176,Overcast,0,0,
28860,2021-06-02 12:36:00,40.71308,-73.72979,0,0,Unspecified,4422903,22.4,13.0,0.0,0.0,0.0,0.0,3,16.7,34.9,176,Overcast,0,0,
28861,2021-06-02 10:40:00,40.660328,-73.73935,0,0,Unspecified,4422905,22.4,13.0,0.0,0.0,0.0,0.0,3,16.7,34.9,176,Overcast,0,0,
28862,2021-06-02 16:40:00,40.778805,-73.947975,0,0,Driver Inattention/Distraction,4423100,22.4,13.0,0.0,0.0,0.0,0.0,3,16.7,34.9,176,Overcast,0,0,
28863,2021-06-02 13:15:00,40.6688,-73.742805,0,0,Failure to Yield Right-of-Way,4423277,22.4,13.0,0.0,0.0,0.0,0.0,3,16.7,34.9,176,Overcast,0,0,
28864,2021-06-02 12:25:00,40.67989,-73.94034,1,0,Accelerator Defective,4422948,22.4,13.0,0.0,0.0,0.0,0.0,3,16.7,34.9,176,Overcast,1,1,
28865,2021-05-28 01:54:00,40.84479,-73.91587,1,0,Driver Inattention/Distraction,4424172,19.4,10.6,25.0,25.0,0.0,8.0,63,25.6,47.9,62,Rain: Moderate,1,1,
28866,2021-06-02 16:23:00,40.621986,-73.95465,0,0,Unspecified,4423118,22.4,13.0,0.0,0.0,0.0,0.0,3,16.7,34.9,176,Overcast,0,0,
28867,2021-06-04 19:45:00,40.850693,-73.92748,0,0,Passing Too Closely,4423925,25.3,17.4,6.5,6.5,0.0,10.0,61,17.9,37.8,235,Rain: Light,0,0,
28868,2021-06-02 13:00:00,40.7155,-73.75532,0,0,Passing Too Closely,4423294,22.4,13.0,0.0,0.0,0.0,0.0,3,16.7,34.9,176,Overcast,0,0,
28869,2021-06-02 14:00:00,40.658134,-73.9896,0,0,Unspecified,4422993,22.4,13.0,0.0,0.0,0.0,0.0,3,16.7,34.9,176,Overcast,0,0,
28870,2021-06-02 06:00:00,40.78426,-73.974945,0,0,Driver Inattention/Distraction,4423632,22.4,13.0,0.0,0.0,0.0,0.0,3,16.7,34.9,176,Overcast,0,0,
28871,2021-06-02 16:55:00,40.695847,-73.81996,0,0,Outside Car Distraction,4423146,22.4,13.0,0.0,0.0,0.0,0.0,3,16.7,34.9,176,Overcast,0,0,
28872,2021-06-03 15:50:00,40.885303,-73.82954,1,0,Unsafe Speed,4423845,23.0,13.2,11.9,11.9,0.0,10.0,63,13.6,38.9,165,Rain: Moderate,1,1,
28873,2021-06-03 15:00:00,40.830437,-73.83748,1,0,Aggressive Driving/Road Rage,4423315,23.0,13.2,11.9,11.9,0.0,10.0,63,13.6,38.9,165,Rain: Moderate,1,1,
28874,2021-06-02 09:00:00,40.61815,-74.03165,1,0,Failure to Yield Right-of-Way,4422860,22.4,13.0,0.0,0.0,0.0,0.0,3,16.7,34.9,176,Overcast,1,1,
28875,2021-06-04 12:57:00,40.7177,-74.00406,0,0,Unspecified,4423465,25.3,17.4,6.5,6.5,0.0,10.0,61,17.9,37.8,235,Rain: Light,0,0,
28876,2021-06-02 16:50:00,40.718555,-73.988205,1,0,Failure to Yield Right-of-Way,4423101,22.4,13.0,0.0,0.0,0.0,0.0,3,16.7,34.9,176,Overcast,1,1,
28877,2021-06-03 10:30:00,40.76737,-73.98445,0,0,Driver Inattention/Distraction,4423396,23.0,13.2,11.9,11.9,0.0,10.0,63,13.6,38.9,165,Rain: Moderate,0,0,
28878,2021-05-31 22:12:00,40.618282,-74.105194,1,0,Failure to Yield Right-of-Way,4423908,20.3,9.3,0.7,0.7,0.0,5.0,51,20.9,40.7,318,Drizzle: Light,1,1,
28879,2021-06-03 11:11:00,40.683933,-73.91228,0,0,Unspecified,4423700,23.0,13.2,11.9,11.9,0.0,10.0,63,13.6,38.9,165,Rain: Moderate,0,0,
28880,2021-06-04 00:00:00,40.668266,-73.84214,1,0,Following Too Closely,4423652,25.3,17.4,6.5,6.5,0.0,10.0,61,17.9,37.8,235,Rain: Light,1,1,
28881,2021-05-24 15:10:00,40.67958,-73.919334,0,0,Unsafe Speed,4424066,18.9,13.7,0.0,0.0,0.0,0.0,3,22.4,44.3,126,Overcast,0,0,
28882,2021-06-04 19:15:00,40.707153,-73.8189,1,0,Unspecified,4423610,25.3,17.4,6.5,6.5,0.0,10.0,61,17.9,37.8,235,Rain: Light,1,1,
28883,2021-06-02 13:30:00,40.67641,-74.00104,0,0,Unsafe Lane Changing,4423139,22.4,13.0,0.0,0.0,0.0,0.0,3,16.7,34.9,176,Overcast,0,0,
28884,2021-04-10 23:30:00,40.8047,-73.91243,0,0,Unspecified,4423444,17.0,7.7,1.2,1.2,0.0,3.0,53,14.4,31.7,166,Drizzle: Moderate,0,0,
28885,2021-05-31 20:00:00,40.89482,-73.85899,0,0,Driver Inattention/Distraction,4423852,20.3,9.3,0.7,0.7,0.0,5.0,51,20.9,40.7,318,Drizzle: Light,0,0,
28886,2021-06-02 17:30:00,40.83349,-73.94158,0,0,Driver Inattention/Distraction,4423162,22.4,13.0,0.0,0.0,0.0,0.0,3,16.7,34.9,176,Overcast,0,0,
28887,2021-06-01 09:00:00,40.61238,-74.07117,0,0,Unspecified,4423907,23.5,9.7,0.0,0.0,0.0,0.0,3,17.6,32.0,221,Overcast,0,0,
28888,2021-08-26 16:20:00,40.598553,-73.997345,0,1,Unspecified,4450832,31.8,22.8,0.1,0.1,0.0,1.0,51,14.8,29.2,228,Drizzle: Light,20,1,
28889,2021-06-02 08:20:00,40.67994,-73.941216,0,0,Backing Unsafely,4422947,22.4,13.0,0.0,0.0,0.0,0.0,3,16.7,34.9,176,Overcast,0,0,
28890,2021-06-04 23:49:00,40.743324,-73.83379,0,0,Unspecified,4424125,25.3,17.4,6.5,6.5,0.0,10.0,61,17.9,37.8,235,Rain: Light,0,0,
28891,2021-06-01 15:27:00,40.745014,-73.86394,0,0,Unsafe Speed,4423989,23.5,9.7,0.0,0.0,0.0,0.0,3,17.6,32.0,221,Overcast,0,0,
28892,2021-06-03 16:40:00,40.5171,-74.233894,0,0,Passing or Lane Usage Improper,4423304,23.0,13.2,11.9,11.9,0.0,10.0,63,13.6,38.9,165,Rain: Moderate,0,0,
28893,2021-05-22 15:40:00,40.677513,-73.95913,1,0,Driver Inattention/Distraction,4423923,30.5,16.5,0.0,0.0,0.0,0.0,3,19.1,36.4,299,Overcast,1,1,
28894,2021-06-03 23:30:00,40.854355,-73.88515,0,0,Turning Improperly,4424251,23.0,13.2,11.9,11.9,0.0,10.0,63,13.6,38.9,165,Rain: Moderate,0,0,
28895,2021-06-04 14:30:00,40.842438,-73.93926,0,0,Oversized Vehicle,4424090,25.3,17.4,6.5,6.5,0.0,10.0,61,17.9,37.8,235,Rain: Light,0,0,
28896,2021-06-03 20:17:00,40.774853,-73.98067,0,0,Other Vehicular,4423636,23.0,13.2,11.9,11.9,0.0,10.0,63,13.6,38.9,165,Rain: Moderate,0,0,
28897,2021-05-30 23:12:00,40.72032,-73.99404,0,0,Driver Inattention/Distraction,4423883,11.5,8.5,13.7,13.7,0.0,24.0,61,28.1,52.2,22,Rain: Light,0,0,
28898,2021-06-03 23:59:00,40.752693,-73.97305,1,0,Driver Inattention/Distraction,4423642,23.0,13.2,11.9,11.9,0.0,10.0,63,13.6,38.9,165,Rain: Moderate,1,1,
28899,2021-12-11 07:09:00,40.644157,-73.976234,0,0,Unspecified,4485619,17.3,5.0,8.1,8.1,0.0,5.0,63,35.0,67.0,206,Rain: Moderate,0,0,
28900,2021-06-02 17:25:00,40.55959,-74.16958,0,0,Unspecified,4422976,22.4,13.0,0.0,0.0,0.0,0.0,3,16.7,34.9,176,Overcast,0,0,
28901,2021-06-02 17:02:00,40.872585,-73.88128,0,0,Traffic Control Disregarded,4423058,22.4,13.0,0.0,0.0,0.0,0.0,3,16.7,34.9,176,Overcast,0,0,
28902,2021-06-03 06:25:00,40.694027,-73.801315,0,0,Driver Inattention/Distraction,4423298,23.0,13.2,11.9,11.9,0.0,10.0,63,13.6,38.9,165,Rain: Moderate,0,0,
28903,2021-06-04 15:40:00,40.878826,-73.8829,0,0,Driver Inattention/Distraction,4423574,25.3,17.4,6.5,6.5,0.0,10.0,61,17.9,37.8,235,Rain: Light,0,0,
28904,2021-06-02 06:30:00,40.73504,-73.982994,1,0,Driver Inattention/Distraction,4423272,22.4,13.0,0.0,0.0,0.0,0.0,3,16.7,34.9,176,Overcast,1,1,
28905,2021-06-02 10:30:00,40.60153,-74.06939,0,0,Passing or Lane Usage Improper,4422889,22.4,13.0,0.0,0.0,0.0,0.0,3,16.7,34.9,176,Overcast,0,0,
28906,2021-04-07 19:00:00,40.74564,-73.97527,0,0,Driver Inexperience,4423434,19.7,6.7,0.5,0.5,0.0,2.0,51,15.5,34.6,14,Drizzle: Light,0,0,
28907,2021-06-03 21:00:00,40.582977,-73.98042,0,0,Driver Inattention/Distraction,4423773,23.0,13.2,11.9,11.9,0.0,10.0,63,13.6,38.9,165,Rain: Moderate,0,0,
28908,2021-06-02 15:54:00,40.79672,-73.97618,0,0,Driver Inattention/Distraction,4423006,22.4,13.0,0.0,0.0,0.0,0.0,3,16.7,34.9,176,Overcast,0,0,
28909,2021-06-04 00:30:00,40.81172,-73.853745,0,0,Passing Too Closely,4423412,25.3,17.4,6.5,6.5,0.0,10.0,61,17.9,37.8,235,Rain: Light,0,0,
28910,2021-06-02 15:16:00,40.829155,-73.93728,1,0,Driver Inattention/Distraction,4423181,22.4,13.0,0.0,0.0,0.0,0.0,3,16.7,34.9,176,Overcast,1,1,
28911,2021-06-02 08:10:00,40.859463,-73.88759,0,0,Failure to Yield Right-of-Way,4422827,22.4,13.0,0.0,0.0,0.0,0.0,3,16.7,34.9,176,Overcast,0,0,
28912,2021-06-02 07:00:00,40.660988,-73.77241,0,0,Unspecified,4423466,22.4,13.0,0.0,0.0,0.0,0.0,3,16.7,34.9,176,Overcast,0,0,
28913,2021-10-04 10:00:00,40.699684,-73.97944,1,0,Following Too Closely,4464121,20.6,16.4,21.8,21.8,0.0,17.0,63,20.8,42.8,61,Rain: Moderate,1,1,
28914,2021-06-02 11:20:00,40.706013,-74.00882,0,0,Turning Improperly,4422965,22.4,13.0,0.0,0.0,0.0,0.0,3,16.7,34.9,176,Overcast,0,0,
28915,2021-06-02 15:15:00,40.779922,-73.98068,1,0,Driver Inattention/Distraction,4423630,22.4,13.0,0.0,0.0,0.0,0.0,3,16.7,34.9,176,Overcast,1,1,
28916,2021-06-02 15:11:00,40.690468,-73.9879,0,0,Turning Improperly,4423334,22.4,13.0,0.0,0.0,0.0,0.0,3,16.7,34.9,176,Overcast,0,0,
28917,2021-06-02 17:00:00,40.70519,-73.91478,0,0,Passing or Lane Usage Improper,4423724,22.4,13.0,0.0,0.0,0.0,0.0,3,16.7,34.9,176,Overcast,0,0,
28918,2021-06-02 13:00:00,40.835552,-73.88566,0,0,Unspecified,4423095,22.4,13.0,0.0,0.0,0.0,0.0,3,16.7,34.9,176,Overcast,0,0,
28919,2021-06-04 18:06:00,40.671364,-73.9845,0,0,Backing Unsafely,4423519,25.3,17.4,6.5,6.5,0.0,10.0,61,17.9,37.8,235,Rain: Light,0,0,
28920,2021-06-02 13:42:00,40.79084,-73.97457,2,0,View Obstructed/Limited,4422955,22.4,13.0,0.0,0.0,0.0,0.0,3,16.7,34.9,176,Overcast,2,2,
28921,2021-06-04 17:16:00,40.82098,-73.89536,0,0,Unspecified,4423487,25.3,17.4,6.5,6.5,0.0,10.0,61,17.9,37.8,235,Rain: Light,0,0,
28922,2021-05-30 14:47:00,40.86879,-73.83168,1,0,Unspecified,4423356,11.5,8.5,13.7,13.7,0.0,24.0,61,28.1,52.2,22,Rain: Light,1,1,
28923,2021-06-03 12:45:00,40.81369,-73.95654,0,0,Other Vehicular,4423237,23.0,13.2,11.9,11.9,0.0,10.0,63,13.6,38.9,165,Rain: Moderate,0,0,
28924,2021-06-01 00:23:00,40.68274,-73.92222,0,0,Animals Action,4424032,23.5,9.7,0.0,0.0,0.0,0.0,3,17.6,32.0,221,Overcast,0,0,
28925,2021-06-02 07:15:00,40.695858,-73.82773,1,0,Obstruction/Debris,4423147,22.4,13.0,0.0,0.0,0.0,0.0,3,16.7,34.9,176,Overcast,1,1,
28926,2021-05-07 21:00:00,40.67934,-73.9305,0,0,Unspecified,4423871,16.4,7.7,0.0,0.0,0.0,0.0,3,15.8,32.4,73,Overcast,0,0,
28927,2021-06-02 08:46:00,40.83057,-73.93072,0,0,Following Too Closely,4423371,22.4,13.0,0.0,0.0,0.0,0.0,3,16.7,34.9,176,Overcast,0,0,
28928,2021-06-03 17:55:00,40.71403,-73.9443,0,0,Driver Inattention/Distraction,4423569,23.0,13.2,11.9,11.9,0.0,10.0,63,13.6,38.9,165,Rain: Moderate,0,0,
28929,2021-06-02 17:17:00,40.7606,-73.96434,1,0,Driver Inattention/Distraction,4423024,22.4,13.0,0.0,0.0,0.0,0.0,3,16.7,34.9,176,Overcast,1,1,
28930,2021-06-02 15:07:00,40.685802,-73.754326,0,0,Passing or Lane Usage Improper,4423114,22.4,13.0,0.0,0.0,0.0,0.0,3,16.7,34.9,176,Overcast,0,0,
28931,2021-06-03 13:15:00,40.644547,-74.01091,0,0,Unspecified,4423816,23.0,13.2,11.9,11.9,0.0,10.0,63,13.6,38.9,165,Rain: Moderate,0,0,
28932,2021-05-29 03:47:00,40.757145,-73.99357,0,0,Other Vehicular,4423975,11.0,8.5,25.1,25.1,0.0,22.0,63,29.9,56.9,39,Rain: Moderate,0,0,
28933,2021-06-04 19:30:00,40.670166,-73.914795,0,0,Unspecified,4423703,25.3,17.4,6.5,6.5,0.0,10.0,61,17.9,37.8,235,Rain: Light,0,0,
28934,2021-06-03 06:02:00,40.8523,-73.8951,0,0,Unsafe Speed,4423157,23.0,13.2,11.9,11.9,0.0,10.0,63,13.6,38.9,165,Rain: Moderate,0,0,
28935,2021-06-04 09:30:00,40.629066,-74.16622,0,0,Driver Inattention/Distraction,4423427,25.3,17.4,6.5,6.5,0.0,10.0,61,17.9,37.8,235,Rain: Light,0,0,
28936,2021-06-03 06:00:00,40.724182,-73.911354,0,0,Driver Inattention/Distraction,4423133,23.0,13.2,11.9,11.9,0.0,10.0,63,13.6,38.9,165,Rain: Moderate,0,0,
28937,2021-05-15 02:10:00,40.72773,-73.90674,0,0,Following Too Closely,4424010,22.4,8.7,0.0,0.0,0.0,0.0,3,12.5,23.8,229,Overcast,0,0,
28938,2021-06-04 19:25:00,40.83472,-73.93517,0,0,Passing or Lane Usage Improper,4424099,25.3,17.4,6.5,6.5,0.0,10.0,61,17.9,37.8,235,Rain: Light,0,0,
28939,2021-06-02 15:50:00,40.59732,-73.928795,0,0,Unspecified,4423053,22.4,13.0,0.0,0.0,0.0,0.0,3,16.7,34.9,176,Overcast,0,0,
28940,2021-06-01 06:30:00,40.88689,-73.8576,0,0,Unspecified,4423837,23.5,9.7,0.0,0.0,0.0,0.0,3,17.6,32.0,221,Overcast,0,0,
28941,2021-06-03 11:15:00,40.750317,-73.99112,1,0,Pedestrian/Bicyclist/Other Pedestrian Error/Confusion,4423203,23.0,13.2,11.9,11.9,0.0,10.0,63,13.6,38.9,165,Rain: Moderate,1,1,
28942,2021-06-03 15:50:00,40.62707,-74.01865,2,0,Driver Inattention/Distraction,4423288,23.0,13.2,11.9,11.9,0.0,10.0,63,13.6,38.9,165,Rain: Moderate,2,2,
28943,2021-05-28 10:00:00,40.73881,-73.85071,0,0,Driver Inattention/Distraction,4424005,19.4,10.6,25.0,25.0,0.0,8.0,63,25.6,47.9,62,Rain: Moderate,0,0,
28944,2021-10-04 14:35:00,40.7684,-73.73755,0,0,Driver Inattention/Distraction,4464273,20.6,16.4,21.8,21.8,0.0,17.0,63,20.8,42.8,61,Rain: Moderate,0,0,
28945,2021-06-02 14:45:00,40.760452,-73.75383,0,0,Unsafe Lane Changing,4423018,22.4,13.0,0.0,0.0,0.0,0.0,3,16.7,34.9,176,Overcast,0,0,
28946,2021-06-02 12:55:00,40.760063,-73.976974,0,0,Driver Inattention/Distraction,4423398,22.4,13.0,0.0,0.0,0.0,0.0,3,16.7,34.9,176,Overcast,0,0,
28947,2021-06-03 09:45:00,40.631935,-73.91321,0,0,Unsafe Speed,4423229,23.0,13.2,11.9,11.9,0.0,10.0,63,13.6,38.9,165,Rain: Moderate,0,0,
28948,2021-05-27 15:20:00,40.703114,-73.921585,1,0,Driver Inattention/Distraction,4423383,27.4,18.3,2.4,2.4,0.0,3.0,61,23.5,42.1,313,Rain: Light,1,1,
28949,2021-06-03 01:13:00,40.686527,-73.83005,0,0,Unspecified,4423618,23.0,13.2,11.9,11.9,0.0,10.0,63,13.6,38.9,165,Rain: Moderate,0,0,
28950,2021-06-03 11:40:00,40.596222,-73.98897,0,0,Following Too Closely,4423252,23.0,13.2,11.9,11.9,0.0,10.0,63,13.6,38.9,165,Rain: Moderate,0,0,
28951,2021-06-01 14:25:00,40.625225,-74.074844,0,0,Driver Inattention/Distraction,4423912,23.5,9.7,0.0,0.0,0.0,0.0,3,17.6,32.0,221,Overcast,0,0,
28952,2021-06-03 19:56:00,40.724968,-74.00158,1,0,Passing Too Closely,4423339,23.0,13.2,11.9,11.9,0.0,10.0,63,13.6,38.9,165,Rain: Moderate,1,1,
28953,2021-06-03 23:20:00,40.60729,-74.14086,1,0,Driver Inattention/Distraction,4424263,23.0,13.2,11.9,11.9,0.0,10.0,63,13.6,38.9,165,Rain: Moderate,1,1,