,CRASH DATETIME,LATITUDE,LONGITUDE,NUMBER OF PERSONS INJURED,NUMBER OF PERSONS KILLED,CONTRIBUTING FACTOR VEHICLE 1,COLLISION_ID,temperature_2m_max,temperature_2m_min,precipitation_sum,rain_sum,snowfall_sum,precipitation_hours,weather_code,wind_speed_10m_max,wind_gusts_10m_max,wind_direction_10m_dominant,Weather Description,Severity_Score,Total_Affected_Persons,Weather_Category
28954,2021-05-29 10:10:00,40.585346,-73.98754,2,0,Driver Inattention/Distraction,4423788,11.0,8.5,25.1,25.1,0.0,22.0,63,29.9,56.9,39,Rain: Moderate,2,2,
28955,2021-06-04 07:55:00,40.703163,-73.81662,0,0,Other Vehicular,4423455,25.3,17.4,6.5,6.5,0.0,10.0,61,17.9,37.8,235,Rain: Light,0,0,
28956,2021-06-02 21:05:00,40.703403,-73.917786,0,0,Backing Unsafely,4423036,22.4,13.0,0.0,0.0,0.0,0.0,3,16.7,34.9,176,Overcast,0,0,
28957,2021-06-03 13:36:00,40.622894,-73.96002,0,0,Oversized Vehicle,4423733,23.0,13.2,11.9,11.9,0.0,10.0,63,13.6,38.9,165,Rain: Moderate,0,0,
28958,2021-06-03 20:35:00,40.67815,-73.83109,1,0,Failure to Yield Right-of-Way,4423324,23.0,13.2,11.9,11.9,0.0,10.0,63,13.6,38.9,165,Rain: Moderate,1,1,
28959,2021-06-02 23:20:00,40.591312,-73.99388,0,0,Unspecified,4423285,22.4,13.0,0.0,0.0,0.0,0.0,3,16.7,34.9,176,Overcast,0,0,
28960,2021-06-03 10:25:00,40.853462,-73.88939,1,0,Failure to Yield Right-of-Way,4423189,23.0,13.2,11.9,11.9,0.0,10.0,63,13.6,38.9,165,Rain: Moderate,1,1,
28961,2021-06-03 23:29:00,40.671364,-73.91975,1,0,Passing Too Closely,4423698,23.0,13.2,11.9,11.9,0.0,10.0,63,13.6,38.9,165,Rain: Moderate,1,1,
28962,2021-06-04 17:20:00,40.84152,-73.8746,0,0,Driver Inattention/Distraction,4424200,25.3,17.4,6.5,6.5,0.0,10.0,61,17.9,37.8,235,Rain: Light,0,0,
28963,2021-06-04 15:20:00,40.734848,-73.90002,0,0,Driver Inattention/Distraction,4423498,25.3,17.4,6.5,6.5,0.0,10.0,61,17.9,37.8,235,Rain: Light,0,0,
28964,2021-06-02 10:53:00,40.677975,-73.91913,1,0,Failure to Yield Right-of-Way,4424049,22.4,13.0,0.0,0.0,0.0,0.0,3,16.7,34.9,176,Overcast,1,1,
28965,2021-06-04 10:25:00,40.77227,-73.90812,0,0,Driver Inattention/Distraction,4423408,25.3,17.4,6.5,6.5,0.0,10.0,61,17.9,37.8,235,Rain: Light,0,0,
28966,2021-06-04 13:19:00,40.640583,-73.91894,1,0,Unspecified,4423515,25.3,17.4,6.5,6.5,0.0,10.0,61,17.9,37.8,235,Rain: Light,1,1,
28967,2021-06-02 12:34:00,40.879204,-73.82601,0,0,Unspecified,4423754,22.4,13.0,0.0,0.0,0.0,0.0,3,16.7,34.9,176,Overcast,0,0,
28968,2021-05-23 15:20:00,40.674576,-73.92206,1,0,Driver Inattention/Distraction,4423969,31.4,19.8,0.0,0.0,0.0,0.0,3,28.5,54.4,322,Overcast,1,1,
28969,2021-05-31 09:30:00,40.64581,-74.00242,0,0,Unspecified,4423366,20.3,9.3,0.7,0.7,0.0,5.0,51,20.9,40.7,318,Drizzle: Light,0,0,
28970,2021-06-04 22:35:00,40.822456,-73.92692,0,0,Unspecified,4424174,25.3,17.4,6.5,6.5,0.0,10.0,61,17.9,37.8,235,Rain: Light,0,0,
28971,2021-06-03 06:10:00,40.832863,-73.84494,0,0,Unspecified,4423388,23.0,13.2,11.9,11.9,0.0,10.0,63,13.6,38.9,165,Rain: Moderate,0,0,
28972,2021-06-04 20:15:00,40.817738,-73.924164,0,0,Unspecified,4423584,25.3,17.4,6.5,6.5,0.0,10.0,61,17.9,37.8,235,Rain: Light,0,0,
28973,2021-06-04 15:15:00,40.713047,-73.95326,0,0,Driver Inattention/Distraction,4423564,25.3,17.4,6.5,6.5,0.0,10.0,61,17.9,37.8,235,Rain: Light,0,0,
28974,2021-06-04 16:24:00,40.717472,-73.95862,0,0,Passing Too Closely,4424060,25.3,17.4,6.5,6.5,0.0,10.0,61,17.9,37.8,235,Rain: Light,0,0,
28975,2021-06-02 12:00:00,40.745617,-73.75496,0,0,Driver Inattention/Distraction,4423043,22.4,13.0,0.0,0.0,0.0,0.0,3,16.7,34.9,176,Overcast,0,0,
28976,2021-06-04 23:28:00,40.663906,-73.95098,0,0,Driver Inattention/Distraction,4423714,25.3,17.4,6.5,6.5,0.0,10.0,61,17.9,37.8,235,Rain: Light,0,0,
28977,2021-05-21 12:07:00,40.83228,-73.90963,0,0,Driver Inattention/Distraction,4423344,23.9,11.3,0.0,0.0,0.0,0.0,3,19.2,38.5,174,Overcast,0,0,
28978,2021-06-02 19:15:00,40.697956,-73.985466,6,0,Driver Inattention/Distraction,4423089,22.4,13.0,0.0,0.0,0.0,0.0,3,16.7,34.9,176,Overcast,6,6,
28979,2021-06-01 11:04:00,40.643986,-73.937004,1,0,Unspecified,4424026,23.5,9.7,0.0,0.0,0.0,0.0,3,17.6,32.0,221,Overcast,1,1,
28980,2021-06-02 12:07:00,40.832764,-73.94583,1,0,Turning Improperly,4423195,22.4,13.0,0.0,0.0,0.0,0.0,3,16.7,34.9,176,Overcast,1,1,
28981,2021-05-04 08:05:00,40.67795,-73.93936,0,0,Passing or Lane Usage Improper,4423900,22.2,11.1,13.2,13.2,0.0,6.0,63,18.9,42.8,74,Rain: Moderate,0,0,
28982,2021-06-04 11:10:00,40.634506,-73.949455,0,0,Failure to Yield Right-of-Way,4423738,25.3,17.4,6.5,6.5,0.0,10.0,61,17.9,37.8,235,Rain: Light,0,0,
28983,2021-06-02 18:00:00,40.727997,-73.73543,1,0,Failure to Yield Right-of-Way,4423029,22.4,13.0,0.0,0.0,0.0,0.0,3,16.7,34.9,176,Overcast,1,1,
28984,2021-06-04 15:36:00,40.62636,-73.91901,0,0,Unspecified,4423504,25.3,17.4,6.5,6.5,0.0,10.0,61,17.9,37.8,235,Rain: Light,0,0,
28985,2021-06-02 21:30:00,40.690937,-73.924576,0,0,Passing or Lane Usage Improper,4424143,22.4,13.0,0.0,0.0,0.0,0.0,3,16.7,34.9,176,Overcast,0,0,
28986,2021-05-27 22:28:00,40.68026,-73.91669,1,0,Traffic Control Device Improper/Non-Working,4423867,27.4,18.3,2.4,2.4,0.0,3.0,61,23.5,42.1,313,Rain: Light,1,1,
28987,2021-06-04 05:14:00,40.669052,-73.993034,0,0,Driver Inattention/Distraction,4423543,25.3,17.4,6.5,6.5,0.0,10.0,61,17.9,37.8,235,Rain: Light,0,0,
28988,2021-06-02 15:48:00,40.65999,-73.7475,0,0,Reaction to Uninvolved Vehicle,4422998,22.4,13.0,0.0,0.0,0.0,0.0,3,16.7,34.9,176,Overcast,0,0,
28989,2021-06-02 17:41:00,40.887882,-73.81244,0,0,Unsafe Speed,4423243,22.4,13.0,0.0,0.0,0.0,0.0,3,16.7,34.9,176,Overcast,0,0,
28990,2021-06-03 15:42:00,40.670116,-73.92248,0,0,Driver Inattention/Distraction,4423263,23.0,13.2,11.9,11.9,0.0,10.0,63,13.6,38.9,165,Rain: Moderate,0,0,
28991,2021-06-04 00:41:00,40.856358,-73.826515,3,0,Unsafe Speed,4423745,25.3,17.4,6.5,6.5,0.0,10.0,61,17.9,37.8,235,Rain: Light,3,3,
28992,2021-06-03 14:15:00,40.72861,-73.88721,2,0,Lost Consciousness,4423983,23.0,13.2,11.9,11.9,0.0,10.0,63,13.6,38.9,165,Rain: Moderate,2,2,
28993,2021-06-03 17:05:00,40.77548,-73.914444,0,0,Unspecified,4423811,23.0,13.2,11.9,11.9,0.0,10.0,63,13.6,38.9,165,Rain: Moderate,0,0,
28994,2021-06-02 10:30:00,40.719025,-73.98978,0,0,Following Too Closely,4423110,22.4,13.0,0.0,0.0,0.0,0.0,3,16.7,34.9,176,Overcast,0,0,
28995,2021-06-02 23:47:00,40.79166,-73.96469,0,0,Failure to Yield Right-of-Way,4423173,22.4,13.0,0.0,0.0,0.0,0.0,3,16.7,34.9,176,Overcast,0,0,
28996,2021-06-02 16:28:00,40.611053,-73.936554,0,0,Driver Inattention/Distraction,4423048,22.4,13.0,0.0,0.0,0.0,0.0,3,16.7,34.9,176,Overcast,0,0,
28997,2021-06-02 18:15:00,40.73031,-73.865616,0,0,Passing Too Closely,4423351,22.4,13.0,0.0,0.0,0.0,0.0,3,16.7,34.9,176,Overcast,0,0,
28998,2021-06-04 15:45:00,40.728474,-73.882614,1,0,Following Too Closely,4423483,25.3,17.4,6.5,6.5,0.0,10.0,61,17.9,37.8,235,Rain: Light,1,1,
28999,2021-10-04 16:00:00,40.827957,-73.872246,1,0,Unspecified,4464683,20.6,16.4,21.8,21.8,0.0,17.0,63,20.8,42.8,61,Rain: Moderate,1,1,
29000,2021-06-02 00:00:00,40.81552,-73.918625,1,0,Failure to Yield Right-of-Way,4423078,22.4,13.0,0.0,0.0,0.0,0.0,3,16.7,34.9,176,Overcast,1,1,
29001,2021-06-03 11:35:00,40.630127,-73.94482,1,0,Failure to Yield Right-of-Way,4423420,23.0,13.2,11.9,11.9,0.0,10.0,63,13.6,38.9,165,Rain: Moderate,1,1,
29002,2021-05-30 18:38:00,40.69334,-73.96689,0,0,Unspecified,4423981,11.5,8.5,13.7,13.7,0.0,24.0,61,28.1,52.2,22,Rain: Light,0,0,
29003,2021-09-24 12:20:00,40.660954,-73.960686,0,0,Driver Inattention/Distraction,4464659,22.4,15.6,26.0,26.0,0.0,9.0,63,14.2,29.9,274,Rain: Moderate,0,0,
29004,2021-06-04 14:44:00,40.832836,-73.88521,0,0,Unsafe Speed,4423763,25.3,17.4,6.5,6.5,0.0,10.0,61,17.9,37.8,235,Rain: Light,0,0,
29005,2021-06-03 10:50:00,40.890648,-73.84875,1,0,Driver Inattention/Distraction,4423853,23.0,13.2,11.9,11.9,0.0,10.0,63,13.6,38.9,165,Rain: Moderate,1,1,
29006,2021-06-02 07:20:00,40.71014,-73.76111,0,0,Unsafe Speed,4423293,22.4,13.0,0.0,0.0,0.0,0.0,3,16.7,34.9,176,Overcast,0,0,
29007,2021-06-01 00:00:00,40.836384,-73.824524,0,0,Unspecified,4424228,23.5,9.7,0.0,0.0,0.0,0.0,3,17.6,32.0,221,Overcast,0,0,
29008,2021-06-04 20:05:00,40.712757,-73.90225,0,0,Driver Inattention/Distraction,4423999,25.3,17.4,6.5,6.5,0.0,10.0,61,17.9,37.8,235,Rain: Light,0,0,
29009,2021-06-01 14:30:00,40.81707,-73.88525,0,0,Unspecified,4423476,23.5,9.7,0.0,0.0,0.0,0.0,3,17.6,32.0,221,Overcast,0,0,
29010,2021-06-02 15:44:00,40.84771,-73.895195,0,0,Passing Too Closely,4424270,22.4,13.0,0.0,0.0,0.0,0.0,3,16.7,34.9,176,Overcast,0,0,
29011,2021-06-02 08:00:00,40.85664,-73.9247,2,0,Alcohol Involvement,4423220,22.4,13.0,0.0,0.0,0.0,0.0,3,16.7,34.9,176,Overcast,2,2,
29012,2021-06-04 13:30:00,40.66772,-73.92951,0,0,Unspecified,4423713,25.3,17.4,6.5,6.5,0.0,10.0,61,17.9,37.8,235,Rain: Light,0,0,
29013,2021-10-04 01:36:00,40.71702,-73.830505,0,0,Driver Inattention/Distraction,4463655,20.6,16.4,21.8,21.8,0.0,17.0,63,20.8,42.8,61,Rain: Moderate,0,0,
29014,2021-06-01 01:00:00,40.728382,-73.80523,0,0,Unspecified,4423415,23.5,9.7,0.0,0.0,0.0,0.0,3,17.6,32.0,221,Overcast,0,0,
29015,2021-06-03 15:12:00,40.8514,-73.90606,4,0,Unspecified,4423327,23.0,13.2,11.9,11.9,0.0,10.0,63,13.6,38.9,165,Rain: Moderate,4,4,
29016,2021-06-02 19:26:00,40.815384,-73.90934,1,0,Failure to Yield Right-of-Way,4423084,22.4,13.0,0.0,0.0,0.0,0.0,3,16.7,34.9,176,Overcast,1,1,
29017,2021-06-03 14:49:00,40.753056,-73.865265,0,0,Backing Unsafely,4423612,23.0,13.2,11.9,11.9,0.0,10.0,63,13.6,38.9,165,Rain: Moderate,0,0,
29018,2021-06-03 23:23:00,40.695137,-73.74014,1,0,Unspecified,4423318,23.0,13.2,11.9,11.9,0.0,10.0,63,13.6,38.9,165,Rain: Moderate,1,1,
29019,2021-06-03 13:03:00,40.683094,-73.80576,0,0,Following Too Closely,4423225,23.0,13.2,11.9,11.9,0.0,10.0,63,13.6,38.9,165,Rain: Moderate,0,0,
29020,2021-06-02 02:10:00,40.80801,-73.91895,0,0,Backing Unsafely,4422716,22.4,13.0,0.0,0.0,0.0,0.0,3,16.7,34.9,176,Overcast,0,0,
29021,2021-06-03 16:13:00,40.702522,-73.98963,0,0,Driver Inattention/Distraction,4423280,23.0,13.2,11.9,11.9,0.0,10.0,63,13.6,38.9,165,Rain: Moderate,0,0,
29022,2021-05-25 16:45:00,40.776104,-73.97975,0,0,Unspecified,4424161,21.9,13.0,0.0,0.0,0.0,0.0,3,24.3,47.9,182,Overcast,0,0,
29023,2021-06-04 17:55:00,40.58729,-73.81317,0,0,Driver Inattention/Distraction,4423526,25.3,17.4,6.5,6.5,0.0,10.0,61,17.9,37.8,235,Rain: Light,0,0,
29024,2021-06-03 12:11:00,40.56895,-74.12491,0,0,Driver Inattention/Distraction,4423459,23.0,13.2,11.9,11.9,0.0,10.0,63,13.6,38.9,165,Rain: Moderate,0,0,
29025,2021-05-27 22:00:00,40.83142,-73.92644,1,0,Failure to Yield Right-of-Way,4423452,27.4,18.3,2.4,2.4,0.0,3.0,61,23.5,42.1,313,Rain: Light,1,1,
29026,2021-06-03 01:45:00,40.89466,-73.86137,0,0,Other Vehicular,4423245,23.0,13.2,11.9,11.9,0.0,10.0,63,13.6,38.9,165,Rain: Moderate,0,0,
29027,2021-06-02 20:10:00,40.610588,-74.01397,0,0,Passing Too Closely,4423016,22.4,13.0,0.0,0.0,0.0,0.0,3,16.7,34.9,176,Overcast,0,0,
29028,2021-06-02 14:25:00,40.76479,-73.98429,0,0,Unspecified,4422906,22.4,13.0,0.0,0.0,0.0,0.0,3,16.7,34.9,176,Overcast,0,0,
29029,2021-06-01 19:42:00,40.76164,-73.9102,0,0,Driver Inattention/Distraction,4423798,23.5,9.7,0.0,0.0,0.0,0.0,3,17.6,32.0,221,Overcast,0,0,
29030,2021-06-03 23:00:00,40.7859,-73.848656,1,0,Failure to Yield Right-of-Way,4423494,23.0,13.2,11.9,11.9,0.0,10.0,63,13.6,38.9,165,Rain: Moderate,1,1,
29031,2021-06-04 00:44:00,40.71302,-73.99447,1,0,Failure to Yield Right-of-Way,4423895,25.3,17.4,6.5,6.5,0.0,10.0,61,17.9,37.8,235,Rain: Light,1,1,
29032,2021-06-04 19:35:00,40.74976,-73.75628,0,0,Driver Inattention/Distraction,4423511,25.3,17.4,6.5,6.5,0.0,10.0,61,17.9,37.8,235,Rain: Light,0,0,
29033,2021-06-03 10:00:00,40.812397,-73.90937,0,0,Driver Inattention/Distraction,4423447,23.0,13.2,11.9,11.9,0.0,10.0,63,13.6,38.9,165,Rain: Moderate,0,0,
29034,2021-05-27 19:00:00,40.663517,-73.957214,0,0,Driver Inattention/Distraction,4423668,27.4,18.3,2.4,2.4,0.0,3.0,61,23.5,42.1,313,Rain: Light,0,0,
29035,2021-06-02 19:50:00,40.639065,-73.95598,1,0,Unspecified,4423119,22.4,13.0,0.0,0.0,0.0,0.0,3,16.7,34.9,176,Overcast,1,1,
29036,2021-06-04 17:13:00,40.85604,-73.85975,0,0,Unspecified,4423554,25.3,17.4,6.5,6.5,0.0,10.0,61,17.9,37.8,235,Rain: Light,0,0,
29037,2021-06-04 09:00:00,40.731716,-73.878716,0,0,Unspecified,4424022,25.3,17.4,6.5,6.5,0.0,10.0,61,17.9,37.8,235,Rain: Light,0,0,
29038,2021-05-29 22:22:00,40.87831,-73.870155,0,0,Driver Inattention/Distraction,4423836,11.0,8.5,25.1,25.1,0.0,22.0,63,29.9,56.9,39,Rain: Moderate,0,0,
29039,2021-06-02 16:30:00,40.75115,-73.93452,0,0,Unspecified,4423804,22.4,13.0,0.0,0.0,0.0,0.0,3,16.7,34.9,176,Overcast,0,0,
29040,2021-06-04 10:20:00,40.69212,-73.98435,0,0,Passing Too Closely,4423578,25.3,17.4,6.5,6.5,0.0,10.0,61,17.9,37.8,235,Rain: Light,0,0,
29041,2021-06-04 09:15:00,40.60009,-73.96591,0,0,Unspecified,4423395,25.3,17.4,6.5,6.5,0.0,10.0,61,17.9,37.8,235,Rain: Light,0,0,
29042,2021-06-02 13:15:00,40.676243,-73.95269,1,0,Other Vehicular,4423268,22.4,13.0,0.0,0.0,0.0,0.0,3,16.7,34.9,176,Overcast,1,1,
29043,2021-06-02 12:20:00,40.637966,-73.981895,1,0,Driver Inattention/Distraction,4423190,22.4,13.0,0.0,0.0,0.0,0.0,3,16.7,34.9,176,Overcast,1,1,
29044,2021-06-01 17:00:00,40.747574,-73.76147,2,0,Outside Car Distraction,4423508,23.5,9.7,0.0,0.0,0.0,0.0,3,17.6,32.0,221,Overcast,2,2,
29045,2021-06-03 14:30:00,40.741623,-73.87918,0,0,Driver Inattention/Distraction,4424053,23.0,13.2,11.9,11.9,0.0,10.0,63,13.6,38.9,165,Rain: Moderate,0,0,
29046,2021-06-04 20:00:00,40.696278,-73.75698,0,0,Unspecified,4423951,25.3,17.4,6.5,6.5,0.0,10.0,61,17.9,37.8,235,Rain: Light,0,0,
29047,2021-06-03 20:20:00,40.65217,-73.96141,1,0,Unspecified,4423734,23.0,13.2,11.9,11.9,0.0,10.0,63,13.6,38.9,165,Rain: Moderate,1,1,
29048,2021-06-04 17:30:00,40.66447,-73.97829,0,0,Unspecified,4423539,25.3,17.4,6.5,6.5,0.0,10.0,61,17.9,37.8,235,Rain: Light,0,0,
29049,2021-06-03 17:53:00,40.62175,-74.138405,1,0,Driver Inattention/Distraction,4423363,23.0,13.2,11.9,11.9,0.0,10.0,63,13.6,38.9,165,Rain: Moderate,1,1,
29050,2021-06-02 22:03:00,40.674896,-73.80745,0,0,Following Too Closely,4423064,22.4,13.0,0.0,0.0,0.0,0.0,3,16.7,34.9,176,Overcast,0,0,
29051,2021-06-04 21:17:00,40.859085,-73.90948,0,0,Unspecified,4423591,25.3,17.4,6.5,6.5,0.0,10.0,61,17.9,37.8,235,Rain: Light,0,0,
29052,2021-06-01 16:15:00,40.813175,-73.89845,2,0,Unspecified,4423479,23.5,9.7,0.0,0.0,0.0,0.0,3,17.6,32.0,221,Overcast,2,2,
29053,2021-06-02 20:50:00,40.677296,-73.92674,1,0,,4424072,22.4,13.0,0.0,0.0,0.0,0.0,3,16.7,34.9,176,Overcast,1,1,
29054,2021-05-28 20:55:00,40.61762,-74.1441,0,0,Driver Inattention/Distraction,4424114,19.4,10.6,25.0,25.0,0.0,8.0,63,25.6,47.9,62,Rain: Moderate,0,0,
29055,2021-06-02 14:48:00,40.667706,-73.90636,2,0,Unspecified,4423168,22.4,13.0,0.0,0.0,0.0,0.0,3,16.7,34.9,176,Overcast,2,2,
29056,2021-06-02 00:00:00,40.828815,-73.90828,0,0,Fatigued/Drowsy,4423096,22.4,13.0,0.0,0.0,0.0,0.0,3,16.7,34.9,176,Overcast,0,0,
29057,2021-06-01 12:14:00,40.598515,-73.97986,1,0,Driver Inattention/Distraction,4423993,23.5,9.7,0.0,0.0,0.0,0.0,3,17.6,32.0,221,Overcast,1,1,
29058,2021-06-02 15:03:00,40.609264,-73.93209,0,0,Unspecified,4422954,22.4,13.0,0.0,0.0,0.0,0.0,3,16.7,34.9,176,Overcast,0,0,
29059,2021-06-04 14:48:00,40.67948,-73.75741,1,0,Following Too Closely,4423548,25.3,17.4,6.5,6.5,0.0,10.0,61,17.9,37.8,235,Rain: Light,1,1,
29060,2021-05-28 11:30:00,40.71364,-73.99514,0,0,Backing Unsafely,4423884,19.4,10.6,25.0,25.0,0.0,8.0,63,25.6,47.9,62,Rain: Moderate,0,0,
29061,2021-06-04 20:20:00,40.605137,-74.01729,0,0,Failure to Yield Right-of-Way,4423598,25.3,17.4,6.5,6.5,0.0,10.0,61,17.9,37.8,235,Rain: Light,0,0,
29062,2021-05-30 18:22:00,40.753624,-73.96944,1,0,Driver Inattention/Distraction,4423643,11.5,8.5,13.7,13.7,0.0,24.0,61,28.1,52.2,22,Rain: Light,1,1,
29063,2021-05-16 13:30:00,40.84366,-73.920044,0,0,Unspecified,4424171,22.3,10.7,0.1,0.1,0.0,1.0,51,23.8,46.1,261,Drizzle: Light,0,0,
29064,2021-06-03 15:09:00,40.89903,-73.86666,0,0,Unspecified,4423846,23.0,13.2,11.9,11.9,0.0,10.0,63,13.6,38.9,165,Rain: Moderate,0,0,
29065,2021-06-02 13:25:00,40.638523,-74.01,1,0,Driver Inattention/Distraction,4422992,22.4,13.0,0.0,0.0,0.0,0.0,3,16.7,34.9,176,Overcast,1,1,
29066,2021-05-29 08:50:00,40.58576,-73.97442,1,0,Driver Inattention/Distraction,4423772,11.0,8.5,25.1,25.1,0.0,22.0,63,29.9,56.9,39,Rain: Moderate,1,1,
29067,2021-06-02 22:24:00,40.853485,-73.82643,2,0,Reaction to Uninvolved Vehicle,4423314,22.4,13.0,0.0,0.0,0.0,0.0,3,16.7,34.9,176,Overcast,2,2,
29068,2021-06-02 10:00:00,40.823647,-73.943855,0,0,Driver Inattention/Distraction,4422864,22.4,13.0,0.0,0.0,0.0,0.0,3,16.7,34.9,176,Overcast,0,0,
29069,2021-06-03 15:00:00,40.750927,-73.88926,0,0,Passing Too Closely,4424248,23.0,13.2,11.9,11.9,0.0,10.0,63,13.6,38.9,165,Rain: Moderate,0,0,
29070,2021-10-04 19:20:00,40.65965,-73.773834,0,0,Following Too Closely,4464177,20.6,16.4,21.8,21.8,0.0,17.0,63,20.8,42.8,61,Rain: Moderate,0,0,
29071,2021-06-02 22:00:00,40.71702,-73.830505,4,0,Unsafe Lane Changing,4423299,22.4,13.0,0.0,0.0,0.0,0.0,3,16.7,34.9,176,Overcast,4,4,
29072,2021-06-02 17:35:00,40.768543,-73.9657,0,0,Following Too Closely,4423102,22.4,13.0,0.0,0.0,0.0,0.0,3,16.7,34.9,176,Overcast,0,0,
29073,2021-05-30 15:37:00,40.676838,-73.91831,2,0,Pavement Slippery,4423877,11.5,8.5,13.7,13.7,0.0,24.0,61,28.1,52.2,22,Rain: Light,2,2,
29074,2021-06-02 06:25:00,40.727833,-73.998505,0,0,Unspecified,4423435,22.4,13.0,0.0,0.0,0.0,0.0,3,16.7,34.9,176,Overcast,0,0,
29075,2021-06-03 20:21:00,40.866444,-73.86117,1,0,Failure to Yield Right-of-Way,4423348,23.0,13.2,11.9,11.9,0.0,10.0,63,13.6,38.9,165,Rain: Moderate,1,1,
29076,2021-06-04 12:10:00,40.856503,-73.93277,1,0,Traffic Control Disregarded,4423914,25.3,17.4,6.5,6.5,0.0,10.0,61,17.9,37.8,235,Rain: Light,1,1,
29077,2021-06-03 18:30:00,40.666405,-73.74661,0,0,Unspecified,4423276,23.0,13.2,11.9,11.9,0.0,10.0,63,13.6,38.9,165,Rain: Moderate,0,0,
29078,2021-06-03 23:15:00,40.59338,-73.778946,0,0,Unspecified,4423331,23.0,13.2,11.9,11.9,0.0,10.0,63,13.6,38.9,165,Rain: Moderate,0,0,
29079,2021-06-02 12:24:00,40.692844,-73.99311,0,0,Unspecified,4422957,22.4,13.0,0.0,0.0,0.0,0.0,3,16.7,34.9,176,Overcast,0,0,
29080,2021-06-02 18:25:00,40.667137,-73.752754,0,0,Driver Inexperience,4422999,22.4,13.0,0.0,0.0,0.0,0.0,3,16.7,34.9,176,Overcast,0,0,
29081,2021-06-03 01:00:00,40.831524,-73.86343,0,0,Unspecified,4423176,23.0,13.2,11.9,11.9,0.0,10.0,63,13.6,38.9,165,Rain: Moderate,0,0,
29082,2021-06-04 12:38:00,40.655273,-74.0105,0,0,Unspecified,4423817,25.3,17.4,6.5,6.5,0.0,10.0,61,17.9,37.8,235,Rain: Light,0,0,
29083,2021-06-02 18:35:00,40.68969,-73.99237,0,0,Backing Unsafely,4423140,22.4,13.0,0.0,0.0,0.0,0.0,3,16.7,34.9,176,Overcast,0,0,
29084,2021-05-23 22:00:00,40.672062,-73.925255,0,0,Following Too Closely,4424018,31.4,19.8,0.0,0.0,0.0,0.0,3,28.5,54.4,322,Overcast,0,0,
29085,2021-06-02 21:42:00,40.70313,-73.816795,1,0,Reaction to Uninvolved Vehicle,4423148,22.4,13.0,0.0,0.0,0.0,0.0,3,16.7,34.9,176,Overcast,1,1,
29086,2021-06-02 13:46:00,40.65965,-73.773834,0,0,Following Too Closely,4423352,22.4,13.0,0.0,0.0,0.0,0.0,3,16.7,34.9,176,Overcast,0,0,
29087,2021-06-04 09:58:00,40.595913,-74.06231,0,0,Reaction to Uninvolved Vehicle,4423462,25.3,17.4,6.5,6.5,0.0,10.0,61,17.9,37.8,235,Rain: Light,0,0,
29088,2021-06-02 05:11:00,40.631615,-74.016335,1,0,Unsafe Lane Changing,4422859,22.4,13.0,0.0,0.0,0.0,0.0,3,16.7,34.9,176,Overcast,1,1,
29089,2021-06-04 12:50:00,40.681263,-73.83954,0,0,Driver Inattention/Distraction,4423653,25.3,17.4,6.5,6.5,0.0,10.0,61,17.9,37.8,235,Rain: Light,0,0,
29090,2021-06-04 06:29:00,40.81751,-73.85921,0,0,Unspecified,4423391,25.3,17.4,6.5,6.5,0.0,10.0,61,17.9,37.8,235,Rain: Light,0,0,
29091,2021-06-03 02:58:00,40.665916,-73.92547,0,0,Driver Inattention/Distraction,4423890,23.0,13.2,11.9,11.9,0.0,10.0,63,13.6,38.9,165,Rain: Moderate,0,0,
29092,2021-06-03 08:51:00,40.674274,-73.98204,0,0,Pedestrian/Bicyclist/Other Pedestrian Error/Confusion,4423523,23.0,13.2,11.9,11.9,0.0,10.0,63,13.6,38.9,165,Rain: Moderate,0,0,
29093,2021-06-04 21:00:00,40.763496,-73.80734,0,0,Unspecified,4424122,25.3,17.4,6.5,6.5,0.0,10.0,61,17.9,37.8,235,Rain: Light,0,0,
29094,2021-06-03 09:50:00,40.82518,-73.88872,0,0,Passing or Lane Usage Improper,4423484,23.0,13.2,11.9,11.9,0.0,10.0,63,13.6,38.9,165,Rain: Moderate,0,0,
29095,2021-06-03 03:20:00,40.720314,-73.9443,1,0,Lost Consciousness,4423071,23.0,13.2,11.9,11.9,0.0,10.0,63,13.6,38.9,165,Rain: Moderate,1,1,
29096,2021-06-02 16:50:00,40.60809,-74.14093,0,0,Failure to Yield Right-of-Way,4423359,22.4,13.0,0.0,0.0,0.0,0.0,3,16.7,34.9,176,Overcast,0,0,
29097,2021-06-03 22:48:00,40.599255,-73.9894,1,0,Driver Inattention/Distraction,4423491,23.0,13.2,11.9,11.9,0.0,10.0,63,13.6,38.9,165,Rain: Moderate,1,1,
29098,2021-06-04 22:16:00,40.77929,-73.98114,1,0,Driver Inattention/Distraction,4423635,25.3,17.4,6.5,6.5,0.0,10.0,61,17.9,37.8,235,Rain: Light,1,1,
29099,2021-06-04 21:30:00,40.68781,-73.9237,0,0,Driver Inattention/Distraction,4424043,25.3,17.4,6.5,6.5,0.0,10.0,61,17.9,37.8,235,Rain: Light,0,0,