,CRASH DATETIME,LATITUDE,LONGITUDE,NUMBER OF PERSONS INJURED,NUMBER OF PERSONS KILLED,CONTRIBUTING FACTOR VEHICLE 1,COLLISION_ID,temperature_2m_max,temperature_2m_min,precipitation_sum,rain_sum,snowfall_sum,precipitation_hours,weather_code,wind_speed_10m_max,wind_gusts_10m_max,wind_direction_10m_dominant,Weather Description,Severity_Score,Total_Affected_Persons,Weather_Category
29100,2021-06-04 08:30:00,40.6934,-73.75602,0,0,Passing or Lane Usage Improper,4423380,25.3,17.4,6.5,6.5,0.0,10.0,61,17.9,37.8,235,Rain: Light,0,0,
29101,2021-10-04 08:30:00,40.72611,-73.82106,0,0,Driver Inattention/Distraction,4464395,20.6,16.4,21.8,21.8,0.0,17.0,63,20.8,42.8,61,Rain: Moderate,0,0,
29102,2021-05-26 21:00:00,40.67607,-73.93043,0,0,Driver Inattention/Distraction,4423924,29.5,17.4,0.1,0.1,0.0,1.0,51,23.4,45.7,210,Drizzle: Light,0,0,
29103,2021-06-04 02:30:00,40.677044,-73.771614,0,0,Following Too Closely,4423357,25.3,17.4,6.5,6.5,0.0,10.0,61,17.9,37.8,235,Rain: Light,0,0,
29104,2021-06-01 13:26:00,40.728535,-73.86076,0,0,Driver Inattention/Distraction,4423870,23.5,9.7,0.0,0.0,0.0,0.0,3,17.6,32.0,221,Overcast,0,0,
29105,2021-05-29 18:00:00,40.776466,-73.92738,0,0,Driver Inattention/Distraction,4423795,11.0,8.5,25.1,25.1,0.0,22.0,63,29.9,56.9,39,Rain: Moderate,0,0,
29106,2021-06-04 23:00:00,40.629124,-74.02371,0,0,Unspecified,4423726,25.3,17.4,6.5,6.5,0.0,10.0,61,17.9,37.8,235,Rain: Light,0,0,
29107,2021-06-02 16:40:00,40.700424,-73.9444,1,0,Traffic Control Disregarded,4423109,22.4,13.0,0.0,0.0,0.0,0.0,3,16.7,34.9,176,Overcast,1,1,
29108,2021-06-03 08:53:00,40.662132,-73.911736,1,0,Failure to Yield Right-of-Way,4423699,23.0,13.2,11.9,11.9,0.0,10.0,63,13.6,38.9,165,Rain: Moderate,1,1,
29109,2021-06-02 09:30:00,40.70417,-73.81538,0,0,Driver Inattention/Distraction,4422816,22.4,13.0,0.0,0.0,0.0,0.0,3,16.7,34.9,176,Overcast,0,0,
29110,2021-05-29 19:35:00,40.642643,-74.07669,0,0,Unspecified,4423901,11.0,8.5,25.1,25.1,0.0,22.0,63,29.9,56.9,39,Rain: Moderate,0,0,
29111,2021-06-02 16:44:00,40.582287,-74.16907,1,0,Driver Inattention/Distraction,4423007,22.4,13.0,0.0,0.0,0.0,0.0,3,16.7,34.9,176,Overcast,1,1,
29112,2021-06-02 19:40:00,40.5832,-73.97304,0,0,Passing or Lane Usage Improper,4423138,22.4,13.0,0.0,0.0,0.0,0.0,3,16.7,34.9,176,Overcast,0,0,
29113,2021-06-04 08:40:00,40.685333,-73.85875,0,0,Following Too Closely,4423407,25.3,17.4,6.5,6.5,0.0,10.0,61,17.9,37.8,235,Rain: Light,0,0,
29114,2021-06-03 12:50:00,40.76211,-73.96016,2,0,Driver Inattention/Distraction,4423335,23.0,13.2,11.9,11.9,0.0,10.0,63,13.6,38.9,165,Rain: Moderate,2,2,
29115,2021-06-04 13:00:00,40.724308,-73.72474,0,0,Unspecified,4423467,25.3,17.4,6.5,6.5,0.0,10.0,61,17.9,37.8,235,Rain: Light,0,0,
29116,2021-06-03 20:17:00,40.774853,-73.98067,0,0,Aggressive Driving/Road Rage,4423629,23.0,13.2,11.9,11.9,0.0,10.0,63,13.6,38.9,165,Rain: Moderate,0,0,
29117,2021-06-02 08:50:00,40.639496,-73.95464,1,0,Unspecified,4422902,22.4,13.0,0.0,0.0,0.0,0.0,3,16.7,34.9,176,Overcast,1,1,
29118,2021-06-01 12:29:00,40.607258,-74.00265,0,0,Backing Unsafely,4423694,23.5,9.7,0.0,0.0,0.0,0.0,3,17.6,32.0,221,Overcast,0,0,
29119,2021-06-04 00:46:00,40.728645,-73.88074,0,0,Reaction to Uninvolved Vehicle,4423725,25.3,17.4,6.5,6.5,0.0,10.0,61,17.9,37.8,235,Rain: Light,0,0,
29120,2021-06-02 23:20:00,40.70092,-73.951294,0,0,Failure to Yield Right-of-Way,4423092,22.4,13.0,0.0,0.0,0.0,0.0,3,16.7,34.9,176,Overcast,0,0,
29121,2021-06-01 00:00:00,40.66774,-73.988594,0,0,Passing Too Closely,4423518,23.5,9.7,0.0,0.0,0.0,0.0,3,17.6,32.0,221,Overcast,0,0,
29122,2021-06-02 14:14:00,40.843143,-73.85575,1,0,Driver Inattention/Distraction,4422944,22.4,13.0,0.0,0.0,0.0,0.0,3,16.7,34.9,176,Overcast,1,1,
29123,2021-05-28 17:52:00,40.88125,-73.86071,1,0,Unsafe Speed,4424253,19.4,10.6,25.0,25.0,0.0,8.0,63,25.6,47.9,62,Rain: Moderate,1,1,
29124,2021-05-30 03:40:00,40.834236,-73.90524,0,0,Driver Inattention/Distraction,4424184,11.5,8.5,13.7,13.7,0.0,24.0,61,28.1,52.2,22,Rain: Light,0,0,
29125,2021-06-03 20:00:00,40.703915,-73.9409,1,0,Failure to Yield Right-of-Way,4424137,23.0,13.2,11.9,11.9,0.0,10.0,63,13.6,38.9,165,Rain: Moderate,1,1,
29126,2021-06-04 00:49:00,40.803486,-73.87405,0,0,Alcohol Involvement,4423486,25.3,17.4,6.5,6.5,0.0,10.0,61,17.9,37.8,235,Rain: Light,0,0,
29127,2021-06-02 12:34:00,40.868473,-73.92404,0,0,Driver Inattention/Distraction,4423230,22.4,13.0,0.0,0.0,0.0,0.0,3,16.7,34.9,176,Overcast,0,0,
29128,2021-06-04 10:00:00,40.88473,-73.81571,3,0,Unspecified,4423746,25.3,17.4,6.5,6.5,0.0,10.0,61,17.9,37.8,235,Rain: Light,3,3,
29129,2021-06-02 17:10:00,40.700516,-73.89838,0,0,Unspecified,4423037,22.4,13.0,0.0,0.0,0.0,0.0,3,16.7,34.9,176,Overcast,0,0,
29130,2021-06-04 20:17:00,40.6026,-74.01491,3,0,Unsafe Speed,4423597,25.3,17.4,6.5,6.5,0.0,10.0,61,17.9,37.8,235,Rain: Light,3,3,
29131,2021-06-03 23:55:00,40.709473,-73.96088,2,0,Following Too Closely,4423568,23.0,13.2,11.9,11.9,0.0,10.0,63,13.6,38.9,165,Rain: Moderate,2,2,
29132,2021-06-02 18:50:00,40.711227,-73.72826,2,0,Driver Inattention/Distraction,4423025,22.4,13.0,0.0,0.0,0.0,0.0,3,16.7,34.9,176,Overcast,2,2,
29133,2021-06-03 08:35:00,40.815975,-73.94322,0,0,Unspecified,4423180,23.0,13.2,11.9,11.9,0.0,10.0,63,13.6,38.9,165,Rain: Moderate,0,0,
29134,2021-05-29 17:10:00,40.661583,-73.993195,0,0,Driver Inattention/Distraction,4423815,11.0,8.5,25.1,25.1,0.0,22.0,63,29.9,56.9,39,Rain: Moderate,0,0,
29135,2021-06-03 15:10:00,40.757698,-73.9694,0,0,Driver Inattention/Distraction,4423844,23.0,13.2,11.9,11.9,0.0,10.0,63,13.6,38.9,165,Rain: Moderate,0,0,
29136,2021-06-04 14:50:00,40.700005,-73.7547,1,0,Unspecified,4423547,25.3,17.4,6.5,6.5,0.0,10.0,61,17.9,37.8,235,Rain: Light,1,1,
29137,2021-05-29 18:43:00,40.693005,-73.789856,0,0,Failure to Yield Right-of-Way,4423646,11.0,8.5,25.1,25.1,0.0,22.0,63,29.9,56.9,39,Rain: Moderate,0,0,
29138,2021-06-04 19:33:00,40.650944,-73.905975,0,0,Driver Inexperience,4423516,25.3,17.4,6.5,6.5,0.0,10.0,61,17.9,37.8,235,Rain: Light,0,0,
29139,2021-06-03 12:50:00,40.668648,-73.92835,0,0,Driver Inexperience,4423970,23.0,13.2,11.9,11.9,0.0,10.0,63,13.6,38.9,165,Rain: Moderate,0,0,
29140,2021-06-02 13:16:00,40.698757,-73.89291,1,0,Fatigued/Drowsy,4423201,22.4,13.0,0.0,0.0,0.0,0.0,3,16.7,34.9,176,Overcast,1,1,
29141,2021-06-02 02:00:00,40.821262,-73.94608,0,0,Unspecified,4423044,22.4,13.0,0.0,0.0,0.0,0.0,3,16.7,34.9,176,Overcast,0,0,
29142,2021-06-04 04:00:00,40.76778,-73.90542,0,0,Unspecified,4423389,25.3,17.4,6.5,6.5,0.0,10.0,61,17.9,37.8,235,Rain: Light,0,0,
29143,2021-05-31 10:30:00,40.733154,-73.87056,1,0,Passing Too Closely,4423988,20.3,9.3,0.7,0.7,0.0,5.0,51,20.9,40.7,318,Drizzle: Light,1,1,
29144,2021-06-04 01:52:00,40.65605,-73.92361,0,0,Driver Inattention/Distraction,4423662,25.3,17.4,6.5,6.5,0.0,10.0,61,17.9,37.8,235,Rain: Light,0,0,
29145,2021-06-04 13:10:00,40.69078,-73.72728,0,0,Unspecified,4423864,25.3,17.4,6.5,6.5,0.0,10.0,61,17.9,37.8,235,Rain: Light,0,0,
29146,2021-05-27 15:15:00,40.68936,-73.92315,0,0,Driver Inattention/Distraction,4424055,27.4,18.3,2.4,2.4,0.0,3.0,61,23.5,42.1,313,Rain: Light,0,0,
29147,2021-06-03 21:30:00,40.711227,-73.72826,1,0,Driver Inattention/Distraction,4423540,23.0,13.2,11.9,11.9,0.0,10.0,63,13.6,38.9,165,Rain: Moderate,1,1,
29148,2021-05-21 22:00:00,40.76163,-73.959015,1,0,Driver Inattention/Distraction,4423945,23.9,11.3,0.0,0.0,0.0,0.0,3,19.2,38.5,174,Overcast,1,1,
29149,2021-06-02 12:27:00,40.756763,-73.96716,1,0,Driver Inattention/Distraction,4422933,22.4,13.0,0.0,0.0,0.0,0.0,3,16.7,34.9,176,Overcast,1,1,
29150,2021-10-04 10:15:00,40.616283,-74.026115,1,0,Driver Inattention/Distraction,4464233,20.6,16.4,21.8,21.8,0.0,17.0,63,20.8,42.8,61,Rain: Moderate,1,1,
29151,2021-06-02 08:25:00,40.738064,-73.88645,0,0,Driver Inattention/Distraction,4422888,22.4,13.0,0.0,0.0,0.0,0.0,3,16.7,34.9,176,Overcast,0,0,
29152,2021-06-03 13:22:00,40.642406,-73.989265,0,0,Unspecified,4423271,23.0,13.2,11.9,11.9,0.0,10.0,63,13.6,38.9,165,Rain: Moderate,0,0,
29153,2021-06-02 16:40:00,40.697823,-73.76799,0,0,Failure to Yield Right-of-Way,4423113,22.4,13.0,0.0,0.0,0.0,0.0,3,16.7,34.9,176,Overcast,0,0,
29154,2021-05-27 23:20:00,40.768616,-73.92508,1,0,Unspecified,4423791,27.4,18.3,2.4,2.4,0.0,3.0,61,23.5,42.1,313,Rain: Light,1,1,
29155,2021-06-02 22:30:00,40.834774,-73.92527,0,0,Reaction to Uninvolved Vehicle,4423372,22.4,13.0,0.0,0.0,0.0,0.0,3,16.7,34.9,176,Overcast,0,0,
29156,2021-06-01 18:20:00,40.735043,-73.767105,0,0,Following Too Closely,4423411,23.5,9.7,0.0,0.0,0.0,0.0,3,17.6,32.0,221,Overcast,0,0,
29157,2021-06-02 23:59:00,40.579197,-73.98195,0,0,Driver Inexperience,4423156,22.4,13.0,0.0,0.0,0.0,0.0,3,16.7,34.9,176,Overcast,0,0,
29158,2021-06-02 08:58:00,40.61384,-73.981445,1,0,Passing or Lane Usage Improper,4422966,22.4,13.0,0.0,0.0,0.0,0.0,3,16.7,34.9,176,Overcast,1,1,
29159,2021-06-02 17:37:00,40.608498,-73.958916,0,0,Unspecified,4423054,22.4,13.0,0.0,0.0,0.0,0.0,3,16.7,34.9,176,Overcast,0,0,
29160,2021-06-04 16:20:00,40.837025,-73.906906,1,0,View Obstructed/Limited,4423758,25.3,17.4,6.5,6.5,0.0,10.0,61,17.9,37.8,235,Rain: Light,1,1,
29161,2021-06-02 23:50:00,40.731777,-73.77011,1,0,Unsafe Speed,4423422,22.4,13.0,0.0,0.0,0.0,0.0,3,16.7,34.9,176,Overcast,1,1,
29162,2021-06-02 18:10:00,40.734604,-73.864784,0,0,Driver Inattention/Distraction,4423130,22.4,13.0,0.0,0.0,0.0,0.0,3,16.7,34.9,176,Overcast,0,0,
29163,2021-06-02 23:40:00,40.700924,-73.96308,0,0,Driver Inattention/Distraction,4423088,22.4,13.0,0.0,0.0,0.0,0.0,3,16.7,34.9,176,Overcast,0,0,
29164,2021-05-31 09:31:00,40.62291,-74.132065,2,0,Driver Inattention/Distraction,4423906,20.3,9.3,0.7,0.7,0.0,5.0,51,20.9,40.7,318,Drizzle: Light,2,2,
29165,2021-05-16 02:58:00,40.70823,-73.9105,0,0,Unspecified,4424009,22.3,10.7,0.1,0.1,0.0,1.0,51,23.8,46.1,261,Drizzle: Light,0,0,
29166,2021-06-04 20:23:00,40.728363,-73.88449,1,0,Following Too Closely,4424002,25.3,17.4,6.5,6.5,0.0,10.0,61,17.9,37.8,235,Rain: Light,1,1,
29167,2021-06-02 10:30:00,40.697556,-73.852776,3,0,Driver Inexperience,4422875,22.4,13.0,0.0,0.0,0.0,0.0,3,16.7,34.9,176,Overcast,3,3,
29168,2021-06-02 14:13:00,40.663654,-73.93551,0,0,Other Vehicular,4423011,22.4,13.0,0.0,0.0,0.0,0.0,3,16.7,34.9,176,Overcast,0,0,
29169,2021-06-04 17:51:00,40.715343,-73.74845,1,0,Failure to Yield Right-of-Way,4423624,25.3,17.4,6.5,6.5,0.0,10.0,61,17.9,37.8,235,Rain: Light,1,1,
29170,2021-06-02 09:55:00,40.75831,-73.96294,1,0,,4422974,22.4,13.0,0.0,0.0,0.0,0.0,3,16.7,34.9,176,Overcast,1,1,
29171,2021-06-02 13:45:00,40.7599,-73.98043,0,0,Following Too Closely,4423399,22.4,13.0,0.0,0.0,0.0,0.0,3,16.7,34.9,176,Overcast,0,0,
29172,2021-06-02 10:30:00,40.725388,-73.90884,0,0,Unspecified,4423236,22.4,13.0,0.0,0.0,0.0,0.0,3,16.7,34.9,176,Overcast,0,0,
29173,2021-06-03 11:48:00,40.80536,-73.96359,0,0,Backing Unsafely,4423253,23.0,13.2,11.9,11.9,0.0,10.0,63,13.6,38.9,165,Rain: Moderate,0,0,
29174,2021-06-04 13:00:00,40.63003,-74.140175,1,0,Driver Inattention/Distraction,4423454,25.3,17.4,6.5,6.5,0.0,10.0,61,17.9,37.8,235,Rain: Light,1,1,
29175,2021-06-02 18:19:00,40.64367,-74.015495,0,0,Unspecified,4423531,22.4,13.0,0.0,0.0,0.0,0.0,3,16.7,34.9,176,Overcast,0,0,
29176,2021-06-03 04:30:00,40.60968,-73.99298,0,0,Driver Inattention/Distraction,4423188,23.0,13.2,11.9,11.9,0.0,10.0,63,13.6,38.9,165,Rain: Moderate,0,0,
29177,2021-06-03 13:30:00,40.772945,-73.91899,0,0,Unspecified,4423810,23.0,13.2,11.9,11.9,0.0,10.0,63,13.6,38.9,165,Rain: Moderate,0,0,
29178,2021-06-04 13:43:00,40.693798,-73.96272,0,0,Unspecified,4423499,25.3,17.4,6.5,6.5,0.0,10.0,61,17.9,37.8,235,Rain: Light,0,0,
29179,2021-05-27 09:34:00,40.679585,-73.96507,0,0,Driver Inattention/Distraction,4423974,27.4,18.3,2.4,2.4,0.0,3.0,61,23.5,42.1,313,Rain: Light,0,0,
29180,2021-06-03 12:00:00,40.76177,-73.979065,1,0,Failure to Yield Right-of-Way,4423404,23.0,13.2,11.9,11.9,0.0,10.0,63,13.6,38.9,165,Rain: Moderate,1,1,
29181,2021-06-03 18:35:00,40.605568,-74.03118,0,0,Following Too Closely,4424103,23.0,13.2,11.9,11.9,0.0,10.0,63,13.6,38.9,165,Rain: Moderate,0,0,
29182,2021-06-03 22:00:00,40.727844,-73.98223,0,0,Driver Inattention/Distraction,4423840,23.0,13.2,11.9,11.9,0.0,10.0,63,13.6,38.9,165,Rain: Moderate,0,0,
29183,2021-06-03 14:00:00,40.813946,-73.93675,0,0,Unspecified,4423367,23.0,13.2,11.9,11.9,0.0,10.0,63,13.6,38.9,165,Rain: Moderate,0,0,
29184,2021-06-04 22:00:00,40.713253,-73.94419,1,0,Unspecified,4423565,25.3,17.4,6.5,6.5,0.0,10.0,61,17.9,37.8,235,Rain: Light,1,1,
29185,2021-04-29 08:40:00,40.716194,-73.996086,1,0,Oversized Vehicle,4423889,22.5,12.9,3.8,3.8,0.0,9.0,53,25.6,50.8,199,Drizzle: Moderate,1,1,
29186,2021-06-03 11:20:00,40.702545,-73.89804,0,0,Passing Too Closely,4423196,23.0,13.2,11.9,11.9,0.0,10.0,63,13.6,38.9,165,Rain: Moderate,0,0,
29187,2021-06-02 22:08:00,40.653805,-73.93061,1,0,Unspecified,4424027,22.4,13.0,0.0,0.0,0.0,0.0,3,16.7,34.9,176,Overcast,1,1,
29188,2021-06-03 20:15:00,40.696846,-73.961754,0,0,Following Too Closely,4423305,23.0,13.2,11.9,11.9,0.0,10.0,63,13.6,38.9,165,Rain: Moderate,0,0,
29189,2021-06-02 23:30:00,40.621464,-74.006226,0,0,Traffic Control Disregarded,4423103,22.4,13.0,0.0,0.0,0.0,0.0,3,16.7,34.9,176,Overcast,0,0,
29190,2021-06-03 20:55:00,40.736984,-73.71001,0,0,Backing Unsafely,4423319,23.0,13.2,11.9,11.9,0.0,10.0,63,13.6,38.9,165,Rain: Moderate,0,0,
29191,2021-06-04 04:05:00,40.65217,-73.96141,0,0,Unspecified,4423737,25.3,17.4,6.5,6.5,0.0,10.0,61,17.9,37.8,235,Rain: Light,0,0,
29192,2021-06-04 08:45:00,40.758377,-73.994385,0,0,Turning Improperly,4423959,25.3,17.4,6.5,6.5,0.0,10.0,61,17.9,37.8,235,Rain: Light,0,0,
29193,2021-06-03 01:00:00,40.76154,-73.9556,0,0,Unsafe Speed,4423336,23.0,13.2,11.9,11.9,0.0,10.0,63,13.6,38.9,165,Rain: Moderate,0,0,
29194,2021-06-03 17:25:00,40.841957,-73.85794,1,0,Other Vehicular,4423453,23.0,13.2,11.9,11.9,0.0,10.0,63,13.6,38.9,165,Rain: Moderate,1,1,
29195,2021-06-03 16:50:00,40.71995,-73.8089,0,0,Driver Inattention/Distraction,4423431,23.0,13.2,11.9,11.9,0.0,10.0,63,13.6,38.9,165,Rain: Moderate,0,0,
29196,2021-06-02 12:15:00,0.0,0.0,3,0,Traffic Control Disregarded,4422912,22.4,13.0,0.0,0.0,0.0,0.0,3,16.7,34.9,176,Overcast,3,3,
29197,2021-06-04 16:10:00,40.63656,-74.16357,1,0,Driver Inattention/Distraction,4424110,25.3,17.4,6.5,6.5,0.0,10.0,61,17.9,37.8,235,Rain: Light,1,1,
29198,2021-06-02 17:55:00,40.766666,-73.9304,1,0,Driver Inattention/Distraction,4423275,22.4,13.0,0.0,0.0,0.0,0.0,3,16.7,34.9,176,Overcast,1,1,
29199,2021-06-03 01:30:00,40.824783,-73.9084,0,0,Outside Car Distraction,4423098,23.0,13.2,11.9,11.9,0.0,10.0,63,13.6,38.9,165,Rain: Moderate,0,0,
29200,2021-06-02 13:30:00,40.690918,-73.7623,0,0,Turning Improperly,4422894,22.4,13.0,0.0,0.0,0.0,0.0,3,16.7,34.9,176,Overcast,0,0,
29201,2021-06-02 14:00:00,40.595966,-74.08715,0,0,Driver Inattention/Distraction,4422961,22.4,13.0,0.0,0.0,0.0,0.0,3,16.7,34.9,176,Overcast,0,0,
29202,2021-06-02 19:32:00,40.68004,-73.92604,0,0,Unspecified,4424065,22.4,13.0,0.0,0.0,0.0,0.0,3,16.7,34.9,176,Overcast,0,0,
29203,2021-06-03 14:30:00,40.708725,-73.81006,0,0,Unspecified,4423426,23.0,13.2,11.9,11.9,0.0,10.0,63,13.6,38.9,165,Rain: Moderate,0,0,
29204,2021-06-04 14:10:00,40.777023,-73.96394,0,0,Unspecified,4424168,25.3,17.4,6.5,6.5,0.0,10.0,61,17.9,37.8,235,Rain: Light,0,0,
29205,2021-06-02 18:16:00,40.835724,-73.92129,1,0,Aggressive Driving/Road Rage,4423161,22.4,13.0,0.0,0.0,0.0,0.0,3,16.7,34.9,176,Overcast,1,1,
29206,2021-06-03 08:00:00,40.85429,-73.90027,0,0,Driver Inattention/Distraction,4423151,23.0,13.2,11.9,11.9,0.0,10.0,63,13.6,38.9,165,Rain: Moderate,0,0,
29207,2021-06-02 09:00:00,40.834976,-73.86405,0,0,Unspecified,4422865,22.4,13.0,0.0,0.0,0.0,0.0,3,16.7,34.9,176,Overcast,0,0,
29208,2021-06-04 01:10:00,40.63082,-73.88636,0,0,Driver Inattention/Distraction,4423443,25.3,17.4,6.5,6.5,0.0,10.0,61,17.9,37.8,235,Rain: Light,0,0,
29209,2021-06-03 21:03:00,40.742096,-73.86748,1,0,Driver Inattention/Distraction,4424016,23.0,13.2,11.9,11.9,0.0,10.0,63,13.6,38.9,165,Rain: Moderate,1,1,
29210,2021-06-04 15:27:00,40.81963,-73.946075,3,0,Driver Inattention/Distraction,4424225,25.3,17.4,6.5,6.5,0.0,10.0,61,17.9,37.8,235,Rain: Light,3,3,
29211,2021-06-03 19:45:00,40.63066,-74.03107,1,0,Driver Inattention/Distraction,4423287,23.0,13.2,11.9,11.9,0.0,10.0,63,13.6,38.9,165,Rain: Moderate,1,1,
29212,2021-06-01 17:00:00,40.840748,-73.93545,1,0,Passing or Lane Usage Improper,4424219,23.5,9.7,0.0,0.0,0.0,0.0,3,17.6,32.0,221,Overcast,1,1,
29213,2021-06-02 14:00:00,40.7568,-73.98085,0,0,Backing Unsafely,4423394,22.4,13.0,0.0,0.0,0.0,0.0,3,16.7,34.9,176,Overcast,0,0,
29214,2021-06-03 11:15:00,40.657803,-73.90868,1,0,Driver Inattention/Distraction,4423702,23.0,13.2,11.9,11.9,0.0,10.0,63,13.6,38.9,165,Rain: Moderate,1,1,
29215,2021-10-02 14:00:00,40.683228,-73.907135,0,0,Pedestrian/Bicyclist/Other Pedestrian Error/Confusion,4464626,23.7,10.8,0.0,0.0,0.0,0.0,3,17.0,34.2,254,Overcast,0,0,
29216,2021-06-04 00:25:00,40.760113,-73.87768,0,0,Driver Inattention/Distraction,4423613,25.3,17.4,6.5,6.5,0.0,10.0,61,17.9,37.8,235,Rain: Light,0,0,
29217,2021-06-04 00:40:00,40.69168,-73.999344,1,0,Following Too Closely,4423326,25.3,17.4,6.5,6.5,0.0,10.0,61,17.9,37.8,235,Rain: Light,1,1,
29218,2021-06-03 09:30:00,40.829533,-73.84733,0,0,Unspecified,4423191,23.0,13.2,11.9,11.9,0.0,10.0,63,13.6,38.9,165,Rain: Moderate,0,0,
29219,2021-06-03 21:10:00,40.865532,-73.86238,1,0,Traffic Control Disregarded,4423347,23.0,13.2,11.9,11.9,0.0,10.0,63,13.6,38.9,165,Rain: Moderate,1,1,
29220,2021-06-02 00:28:00,40.8327,-73.950226,2,0,Unspecified,4423047,22.4,13.0,0.0,0.0,0.0,0.0,3,16.7,34.9,176,Overcast,2,2,
29221,2021-06-02 13:20:00,40.878807,-73.86388,1,0,Driver Inattention/Distraction,4423242,22.4,13.0,0.0,0.0,0.0,0.0,3,16.7,34.9,176,Overcast,1,1,
29222,2021-06-02 00:57:00,40.611584,-73.95374,0,0,Unspecified,4422744,22.4,13.0,0.0,0.0,0.0,0.0,3,16.7,34.9,176,Overcast,0,0,
29223,2021-06-04 00:15:00,40.687344,-73.97985,0,0,Driver Inattention/Distraction,4423313,25.3,17.4,6.5,6.5,0.0,10.0,61,17.9,37.8,235,Rain: Light,0,0,
29224,2021-06-02 18:30:00,40.71469,-73.942696,0,0,Turning Improperly,4423070,22.4,13.0,0.0,0.0,0.0,0.0,3,16.7,34.9,176,Overcast,0,0,
29225,2021-06-04 12:01:00,40.659107,-73.923225,0,0,Unspecified,4424028,25.3,17.4,6.5,6.5,0.0,10.0,61,17.9,37.8,235,Rain: Light,0,0,
29226,2021-06-03 00:00:00,40.691936,-73.919685,0,0,Driver Inattention/Distraction,4423085,23.0,13.2,11.9,11.9,0.0,10.0,63,13.6,38.9,165,Rain: Moderate,0,0,
29227,2021-06-04 04:00:00,40.596626,-74.162186,0,0,Animals Action,4423362,25.3,17.4,6.5,6.5,0.0,10.0,61,17.9,37.8,235,Rain: Light,0,0,
29228,2021-06-04 15:01:00,40.748302,-73.97835,1,0,Tinted Windows,4423527,25.3,17.4,6.5,6.5,0.0,10.0,61,17.9,37.8,235,Rain: Light,1,1,
29229,2021-06-02 11:30:00,40.651974,-73.86542,0,0,Following Too Closely,4423282,22.4,13.0,0.0,0.0,0.0,0.0,3,16.7,34.9,176,Overcast,0,0,
29230,2021-06-03 12:44:00,40.86553,-73.86056,1,0,Following Too Closely,4423379,23.0,13.2,11.9,11.9,0.0,10.0,63,13.6,38.9,165,Rain: Moderate,1,1,
29231,2021-06-04 00:00:00,40.65492,-73.92101,0,0,Unspecified,4424039,25.3,17.4,6.5,6.5,0.0,10.0,61,17.9,37.8,235,Rain: Light,0,0,
29232,2021-06-02 13:38:00,40.67638,-73.911736,0,0,Unspecified,4423169,22.4,13.0,0.0,0.0,0.0,0.0,3,16.7,34.9,176,Overcast,0,0,
29233,2021-06-03 18:45:00,40.596294,-74.09491,0,0,Failure to Yield Right-of-Way,4423458,23.0,13.2,11.9,11.9,0.0,10.0,63,13.6,38.9,165,Rain: Moderate,0,0,
29234,2021-06-04 18:40:00,40.783897,-73.97407,0,0,Other Vehicular,4423495,25.3,17.4,6.5,6.5,0.0,10.0,61,17.9,37.8,235,Rain: Light,0,0,
29235,2021-05-29 15:00:00,40.77543,-73.98398,0,0,Passing or Lane Usage Improper,4423979,11.0,8.5,25.1,25.1,0.0,22.0,63,29.9,56.9,39,Rain: Moderate,0,0,
29236,2021-06-02 20:23:00,40.767963,-73.91169,1,0,Passing or Lane Usage Improper,4423805,22.4,13.0,0.0,0.0,0.0,0.0,3,16.7,34.9,176,Overcast,1,1,
29237,2021-06-02 00:50:00,40.71512,-73.77358,0,0,Unsafe Speed,4423421,22.4,13.0,0.0,0.0,0.0,0.0,3,16.7,34.9,176,Overcast,0,0,
29238,2021-06-04 11:15:00,40.8354,-73.9488,0,0,Backing Unsafely,4424094,25.3,17.4,6.5,6.5,0.0,10.0,61,17.9,37.8,235,Rain: Light,0,0,
29239,2021-06-03 11:20:00,40.83639,-73.88485,0,0,Backing Unsafely,4423762,23.0,13.2,11.9,11.9,0.0,10.0,63,13.6,38.9,165,Rain: Moderate,0,0,
29240,2021-06-04 19:45:00,40.796528,-73.97412,0,0,Driver Inattention/Distraction,4423557,25.3,17.4,6.5,6.5,0.0,10.0,61,17.9,37.8,235,Rain: Light,0,0,
29241,2021-06-02 13:21:00,40.634506,-73.949455,0,0,Unspecified,4423857,22.4,13.0,0.0,0.0,0.0,0.0,3,16.7,34.9,176,Overcast,0,0,
29242,2021-05-03 21:26:00,40.724136,-73.992615,1,0,Driver Inattention/Distraction,4423893,15.8,11.4,5.7,5.7,0.0,7.0,61,14.5,47.2,53,Rain: Light,1,1,
29243,2021-03-24 19:45:00,40.672516,-73.93356,1,0,Driver Inattention/Distraction,4424023,13.3,4.0,28.6,28.6,0.0,10.0,65,16.3,28.8,87,Rain: Heavy,1,1,
29244,2021-06-03 20:38:00,40.660435,-73.94542,0,0,Driver Inexperience,4423301,23.0,13.2,11.9,11.9,0.0,10.0,63,13.6,38.9,165,Rain: Moderate,0,0,
29245,2021-06-04 09:00:00,40.766624,-73.98179,1,0,Driver Inattention/Distraction,4424275,25.3,17.4,6.5,6.5,0.0,10.0,61,17.9,37.8,235,Rain: Light,1,1,