,CRASH DATETIME,LATITUDE,LONGITUDE,NUMBER OF PERSONS INJURED,NUMBER OF PERSONS KILLED,CONTRIBUTING FACTOR VEHICLE 1,COLLISION_ID,temperature_2m_max,temperature_2m_min,precipitation_sum,rain_sum,snowfall_sum,precipitation_hours,weather_code,wind_speed_10m_max,wind_gusts_10m_max,wind_direction_10m_dominant,Weather Description,Severity_Score,Total_Affected_Persons,Weather_Category
29246,2021-06-03 09:34:00,40.607174,-73.930984,0,0,Driver Inattention/Distraction,4423436,23.0,13.2,11.9,11.9,0.0,10.0,63,13.6,38.9,165,Rain: Moderate,0,0,
29247,2021-06-02 18:00:00,40.71865,-73.813644,0,0,Passing or Lane Usage Improper,4423416,22.4,13.0,0.0,0.0,0.0,0.0,3,16.7,34.9,176,Overcast,0,0,
29248,2021-06-04 18:30:00,40.628998,-73.95703,0,0,Aggressive Driving/Road Rage,4423741,25.3,17.4,6.5,6.5,0.0,10.0,61,17.9,37.8,235,Rain: Light,0,0,
29249,2021-06-04 11:30:00,40.820004,-73.95888,1,0,Unspecified,4424119,25.3,17.4,6.5,6.5,0.0,10.0,61,17.9,37.8,235,Rain: Light,1,1,
29250,2021-05-03 12:40:00,40.67672,-73.94708,1,0,Unspecified,4423902,15.8,11.4,5.7,5.7,0.0,7.0,61,14.5,47.2,53,Rain: Light,1,1,
29251,2021-06-03 19:26:00,40.67066,-73.957985,0,0,Failure to Yield Right-of-Way,4423915,23.0,13.2,11.9,11.9,0.0,10.0,63,13.6,38.9,165,Rain: Moderate,0,0,
29252,2021-06-03 10:29:00,40.821075,-73.89286,0,0,Unspecified,4423485,23.0,13.2,11.9,11.9,0.0,10.0,63,13.6,38.9,165,Rain: Moderate,0,0,
29253,2021-06-02 23:17:00,40.69103,-73.78079,1,0,Failure to Yield Right-of-Way,4423353,22.4,13.0,0.0,0.0,0.0,0.0,3,16.7,34.9,176,Overcast,1,1,
29254,2021-06-03 16:50:00,40.7773,-73.99034,0,0,Unsafe Speed,4423634,23.0,13.2,11.9,11.9,0.0,10.0,63,13.6,38.9,165,Rain: Moderate,0,0,
29255,2021-06-04 10:00:00,40.665257,-73.739555,0,0,Unspecified,4423448,25.3,17.4,6.5,6.5,0.0,10.0,61,17.9,37.8,235,Rain: Light,0,0,
29256,2021-06-03 15:30:00,40.856956,-73.88209,0,0,Driver Inattention/Distraction,4424197,23.0,13.2,11.9,11.9,0.0,10.0,63,13.6,38.9,165,Rain: Moderate,0,0,
29257,2021-06-01 12:37:00,40.609463,-74.00632,0,0,Other Vehicular,4423695,23.5,9.7,0.0,0.0,0.0,0.0,3,17.6,32.0,221,Overcast,0,0,
29258,2021-06-01 04:30:00,40.67868,-73.799706,0,0,Other Vehicular,4423551,23.5,9.7,0.0,0.0,0.0,0.0,3,17.6,32.0,221,Overcast,0,0,
29259,2021-06-03 16:25:00,40.75066,-73.987785,0,0,Unspecified,4423779,23.0,13.2,11.9,11.9,0.0,10.0,63,13.6,38.9,165,Rain: Moderate,0,0,
29260,2021-05-30 11:00:00,40.824135,-73.89295,1,0,Backing Unsafely,4423480,11.5,8.5,13.7,13.7,0.0,24.0,61,28.1,52.2,22,Rain: Light,1,1,
29261,2021-04-30 08:30:00,40.732094,-73.81298,0,0,Unspecified,4423896,19.9,7.6,0.4,0.4,0.0,4.0,51,36.9,82.1,289,Drizzle: Light,0,0,
29262,2021-10-01 22:00:00,40.824265,-73.94087,0,0,Unspecified,4464766,19.4,9.5,0.0,0.0,0.0,0.0,0,13.8,28.1,302,Clear sky,0,0,Sunny/Clear Conditions
29263,2021-06-02 02:00:00,40.694576,-73.95615,0,0,Unspecified,4422953,22.4,13.0,0.0,0.0,0.0,0.0,3,16.7,34.9,176,Overcast,0,0,
29264,2021-06-02 05:00:00,40.606693,-74.08371,0,0,Steering Failure,4422856,22.4,13.0,0.0,0.0,0.0,0.0,3,16.7,34.9,176,Overcast,0,0,
29265,2021-06-02 16:27:00,40.655376,-73.96058,0,0,Unspecified,4423120,22.4,13.0,0.0,0.0,0.0,0.0,3,16.7,34.9,176,Overcast,0,0,
29266,2021-06-03 04:15:00,40.834114,-73.86327,1,0,Fell Asleep,4423177,23.0,13.2,11.9,11.9,0.0,10.0,63,13.6,38.9,165,Rain: Moderate,1,1,
29267,2021-06-04 13:00:00,40.683388,-74.00168,1,0,Unspecified,4424156,25.3,17.4,6.5,6.5,0.0,10.0,61,17.9,37.8,235,Rain: Light,1,1,
29268,2021-06-02 18:30:00,40.78094,-73.96117,0,0,Driver Inexperience,4423000,22.4,13.0,0.0,0.0,0.0,0.0,3,16.7,34.9,176,Overcast,0,0,
29269,2021-06-02 04:52:00,40.636574,-74.019196,1,0,Unspecified,4422990,22.4,13.0,0.0,0.0,0.0,0.0,3,16.7,34.9,176,Overcast,1,1,
29270,2021-10-04 00:00:00,40.807186,-73.924286,0,0,Driver Inexperience,4463874,20.6,16.4,21.8,21.8,0.0,17.0,63,20.8,42.8,61,Rain: Moderate,0,0,
29271,2021-06-02 20:40:00,40.661953,-73.731155,0,0,Passing Too Closely,4423292,22.4,13.0,0.0,0.0,0.0,0.0,3,16.7,34.9,176,Overcast,0,0,
29272,2021-06-03 23:00:00,40.87823,-73.864395,0,0,Unspecified,4423847,23.0,13.2,11.9,11.9,0.0,10.0,63,13.6,38.9,165,Rain: Moderate,0,0,
29273,2021-06-02 15:30:00,40.679237,-73.9836,0,0,Following Too Closely,4423522,22.4,13.0,0.0,0.0,0.0,0.0,3,16.7,34.9,176,Overcast,0,0,
29274,2021-06-04 01:00:00,40.821327,-73.86608,0,0,Unspecified,4423390,25.3,17.4,6.5,6.5,0.0,10.0,61,17.9,37.8,235,Rain: Light,0,0,
29275,2021-05-30 06:45:00,40.66982,-73.917114,1,0,Following Too Closely,4423708,11.5,8.5,13.7,13.7,0.0,24.0,61,28.1,52.2,22,Rain: Light,1,1,
29276,2021-06-02 13:15:00,40.667313,-73.73926,1,0,Passing or Lane Usage Improper,4423028,22.4,13.0,0.0,0.0,0.0,0.0,3,16.7,34.9,176,Overcast,1,1,
29277,2021-06-02 20:30:00,40.728962,-73.85523,0,0,Backing Unsafely,4423051,22.4,13.0,0.0,0.0,0.0,0.0,3,16.7,34.9,176,Overcast,0,0,
29278,2021-06-02 18:29:00,40.67058,-73.93096,1,0,Driver Inattention/Distraction,4423267,22.4,13.0,0.0,0.0,0.0,0.0,3,16.7,34.9,176,Overcast,1,1,
29279,2021-06-03 08:30:00,40.87294,-73.88534,1,0,Failure to Yield Right-of-Way,4423226,23.0,13.2,11.9,11.9,0.0,10.0,63,13.6,38.9,165,Rain: Moderate,1,1,
29280,2021-05-19 17:48:00,40.83988,-73.916794,1,0,Passing Too Closely,4423343,28.2,13.6,0.0,0.0,0.0,0.0,3,19.6,40.3,337,Overcast,1,1,
29281,2021-06-04 16:37:00,40.748722,-73.75776,0,0,Unspecified,4423507,25.3,17.4,6.5,6.5,0.0,10.0,61,17.9,37.8,235,Rain: Light,0,0,
29282,2021-06-04 15:30:00,40.751034,-73.85499,1,0,Backing Unsafely,4424030,25.3,17.4,6.5,6.5,0.0,10.0,61,17.9,37.8,235,Rain: Light,1,1,
29283,2021-05-31 23:35:00,40.68085,-73.79907,0,0,Passing Too Closely,4423358,20.3,9.3,0.7,0.7,0.0,5.0,51,20.9,40.7,318,Drizzle: Light,0,0,
29284,2021-06-04 12:45:00,40.594593,-73.99551,2,0,Following Too Closely,4423490,25.3,17.4,6.5,6.5,0.0,10.0,61,17.9,37.8,235,Rain: Light,2,2,
29285,2021-10-04 10:05:00,40.84506,-73.916855,1,0,Passing or Lane Usage Improper,4464243,20.6,16.4,21.8,21.8,0.0,17.0,63,20.8,42.8,61,Rain: Moderate,1,1,
29286,2021-06-02 18:25:00,40.753788,-73.744286,2,0,Following Too Closely,4423020,22.4,13.0,0.0,0.0,0.0,0.0,3,16.7,34.9,176,Overcast,2,2,
29287,2021-06-03 11:15:00,40.82523,-73.94761,0,0,Turning Improperly,4423330,23.0,13.2,11.9,11.9,0.0,10.0,63,13.6,38.9,165,Rain: Moderate,0,0,
29288,2021-06-02 00:01:00,40.775936,-73.90094,1,0,Failure to Yield Right-of-Way,4423800,22.4,13.0,0.0,0.0,0.0,0.0,3,16.7,34.9,176,Overcast,1,1,
29289,2021-06-02 02:50:00,40.85045,-73.93667,0,0,Backing Unsafely,4423197,22.4,13.0,0.0,0.0,0.0,0.0,3,16.7,34.9,176,Overcast,0,0,
29290,2021-06-02 18:49:00,40.71756,-73.9051,0,0,Backing Unsafely,4423992,22.4,13.0,0.0,0.0,0.0,0.0,3,16.7,34.9,176,Overcast,0,0,
29291,2021-06-02 22:00:00,40.753323,-73.868706,1,0,Passing or Lane Usage Improper,4423606,22.4,13.0,0.0,0.0,0.0,0.0,3,16.7,34.9,176,Overcast,1,1,
29292,2021-06-02 19:17:00,40.578682,-74.00595,0,0,Driver Inattention/Distraction,4423771,22.4,13.0,0.0,0.0,0.0,0.0,3,16.7,34.9,176,Overcast,0,0,
29293,2021-06-04 18:00:00,40.759514,-73.99926,0,0,Unspecified,4423964,25.3,17.4,6.5,6.5,0.0,10.0,61,17.9,37.8,235,Rain: Light,0,0,
29294,2021-06-02 01:23:00,40.622692,-73.933105,0,0,Fell Asleep,4423827,22.4,13.0,0.0,0.0,0.0,0.0,3,16.7,34.9,176,Overcast,0,0,
29295,2021-06-04 19:29:00,40.761017,-73.78715,0,0,Outside Car Distraction,4423512,25.3,17.4,6.5,6.5,0.0,10.0,61,17.9,37.8,235,Rain: Light,0,0,
29296,2021-06-03 08:20:00,40.817715,-73.91795,0,0,Driver Inattention/Distraction,4423219,23.0,13.2,11.9,11.9,0.0,10.0,63,13.6,38.9,165,Rain: Moderate,0,0,
29297,2021-06-04 19:57:00,40.724308,-73.842575,1,0,Unspecified,4423677,25.3,17.4,6.5,6.5,0.0,10.0,61,17.9,37.8,235,Rain: Light,1,1,
29298,2021-06-04 16:38:00,40.641727,-73.907646,1,0,Pedestrian/Bicyclist/Other Pedestrian Error/Confusion,4423517,25.3,17.4,6.5,6.5,0.0,10.0,61,17.9,37.8,235,Rain: Light,1,1,
29299,2021-06-04 18:30:00,40.59643,-74.091225,0,0,Driver Inexperience,4423475,25.3,17.4,6.5,6.5,0.0,10.0,61,17.9,37.8,235,Rain: Light,0,0,
29300,2021-06-03 12:12:00,40.758316,-73.91069,0,0,Unspecified,4423385,23.0,13.2,11.9,11.9,0.0,10.0,63,13.6,38.9,165,Rain: Moderate,0,0,
29301,2021-06-01 00:00:00,40.718456,-73.99482,0,0,Unsafe Speed,4423878,23.5,9.7,0.0,0.0,0.0,0.0,3,17.6,32.0,221,Overcast,0,0,
29302,2021-06-03 07:30:00,40.638813,-73.90818,0,0,Failure to Yield Right-of-Way,4423231,23.0,13.2,11.9,11.9,0.0,10.0,63,13.6,38.9,165,Rain: Moderate,0,0,
29303,2021-06-03 16:03:00,40.877033,-73.846375,1,0,Reaction to Uninvolved Vehicle,4424269,23.0,13.2,11.9,11.9,0.0,10.0,63,13.6,38.9,165,Rain: Moderate,1,1,
29304,2021-06-02 20:52:00,40.63082,-73.88636,0,0,Turning Improperly,4423038,22.4,13.0,0.0,0.0,0.0,0.0,3,16.7,34.9,176,Overcast,0,0,
29305,2021-10-04 15:00:00,40.711777,-73.99971,0,0,Driver Inattention/Distraction,4464681,20.6,16.4,21.8,21.8,0.0,17.0,63,20.8,42.8,61,Rain: Moderate,0,0,
29306,2021-10-03 12:00:00,40.840767,-73.8658,5,0,Passing or Lane Usage Improper,4464737,25.9,12.8,0.0,0.0,0.0,0.0,3,12.0,24.1,217,Overcast,5,5,
29307,2021-10-04 19:20:00,40.826427,-73.950455,2,0,Failure to Yield Right-of-Way,4464595,20.6,16.4,21.8,21.8,0.0,17.0,63,20.8,42.8,61,Rain: Moderate,2,2,
29308,2021-10-04 03:17:00,40.815662,-73.88702,0,0,Unsafe Speed,4463902,20.6,16.4,21.8,21.8,0.0,17.0,63,20.8,42.8,61,Rain: Moderate,0,0,
29309,2021-10-04 15:31:00,40.64366,-73.90067,1,0,Unspecified,4464095,20.6,16.4,21.8,21.8,0.0,17.0,63,20.8,42.8,61,Rain: Moderate,1,1,
29310,2021-10-04 08:30:00,40.6293,-74.07661,0,0,Driver Inattention/Distraction,4464288,20.6,16.4,21.8,21.8,0.0,17.0,63,20.8,42.8,61,Rain: Moderate,0,0,
29311,2021-10-04 10:52:00,40.616283,-73.97547,0,0,Unspecified,4464320,20.6,16.4,21.8,21.8,0.0,17.0,63,20.8,42.8,61,Rain: Moderate,0,0,
29312,2021-10-04 08:00:00,40.680367,-73.92226,0,0,Driver Inattention/Distraction,4464404,20.6,16.4,21.8,21.8,0.0,17.0,63,20.8,42.8,61,Rain: Moderate,0,0,
29313,2021-10-04 18:00:00,40.696785,-73.95659,0,0,Driver Inattention/Distraction,4464464,20.6,16.4,21.8,21.8,0.0,17.0,63,20.8,42.8,61,Rain: Moderate,0,0,
29314,2021-10-04 01:35:00,40.739964,-73.89424,1,0,Alcohol Involvement,4464053,20.6,16.4,21.8,21.8,0.0,17.0,63,20.8,42.8,61,Rain: Moderate,1,1,
29315,2021-10-04 10:30:00,40.713436,-73.76119,1,0,Unsafe Speed,4463964,20.6,16.4,21.8,21.8,0.0,17.0,63,20.8,42.8,61,Rain: Moderate,1,1,
29316,2021-10-04 08:42:00,40.760994,-73.82443,0,0,Passing Too Closely,4464809,20.6,16.4,21.8,21.8,0.0,17.0,63,20.8,42.8,61,Rain: Moderate,0,0,
29317,2021-10-03 04:19:00,40.670624,-73.895546,1,0,Driver Inattention/Distraction,4464855,25.9,12.8,0.0,0.0,0.0,0.0,3,12.0,24.1,217,Overcast,1,1,
29318,2021-10-04 00:04:00,40.621246,-74.168884,0,0,Driver Inexperience,4464045,20.6,16.4,21.8,21.8,0.0,17.0,63,20.8,42.8,61,Rain: Moderate,0,0,
29319,2021-10-04 06:39:00,40.703228,-73.727165,0,0,Unspecified,4463965,20.6,16.4,21.8,21.8,0.0,17.0,63,20.8,42.8,61,Rain: Moderate,0,0,
29320,2021-10-04 15:37:00,40.747704,-73.75447,0,0,Backing Unsafely,4464708,20.6,16.4,21.8,21.8,0.0,17.0,63,20.8,42.8,61,Rain: Moderate,0,0,
29321,2021-10-04 12:00:00,40.57924,-73.84483,1,0,Failure to Yield Right-of-Way,4464082,20.6,16.4,21.8,21.8,0.0,17.0,63,20.8,42.8,61,Rain: Moderate,1,1,
29322,2021-10-04 05:59:00,40.74128,-73.90257,1,0,Lane Marking Improper/Inadequate,4463924,20.6,16.4,21.8,21.8,0.0,17.0,63,20.8,42.8,61,Rain: Moderate,1,1,
29323,2021-10-04 22:37:00,40.641323,-73.983,1,0,Unspecified,4464458,20.6,16.4,21.8,21.8,0.0,17.0,63,20.8,42.8,61,Rain: Moderate,1,1,
29324,2021-10-04 07:55:00,40.67584,-73.91655,1,0,Failure to Yield Right-of-Way,4464220,20.6,16.4,21.8,21.8,0.0,17.0,63,20.8,42.8,61,Rain: Moderate,1,1,
29325,2021-10-04 23:00:00,40.738964,-73.85273,0,0,Driver Inattention/Distraction,4464248,20.6,16.4,21.8,21.8,0.0,17.0,63,20.8,42.8,61,Rain: Moderate,0,0,
29326,2021-10-04 13:18:00,40.837246,-73.885704,0,0,Unspecified,4464549,20.6,16.4,21.8,21.8,0.0,17.0,63,20.8,42.8,61,Rain: Moderate,0,0,
29327,2021-10-04 17:00:00,40.702023,-73.95583,1,0,Passing or Lane Usage Improper,4464514,20.6,16.4,21.8,21.8,0.0,17.0,63,20.8,42.8,61,Rain: Moderate,1,1,
29328,2021-10-04 03:00:00,40.630505,-74.143456,0,0,Fell Asleep,4463952,20.6,16.4,21.8,21.8,0.0,17.0,63,20.8,42.8,61,Rain: Moderate,0,0,
29329,2022-09-22 20:45:00,40.75254,-73.85261,1,0,Driver Inattention/Distraction,4566825,24.9,14.3,9.1,9.1,0.0,7.0,63,24.6,44.6,273,Rain: Moderate,1,1,
29330,2021-10-04 10:45:00,40.723774,-73.93754,0,0,Unspecified,4464192,20.6,16.4,21.8,21.8,0.0,17.0,63,20.8,42.8,61,Rain: Moderate,0,0,
29331,2021-10-04 18:42:00,40.574894,-73.98662,1,0,Driver Inattention/Distraction,4464803,20.6,16.4,21.8,21.8,0.0,17.0,63,20.8,42.8,61,Rain: Moderate,1,1,
29332,2021-10-04 20:06:00,40.68085,-73.97112,1,0,Traffic Control Disregarded,4464317,20.6,16.4,21.8,21.8,0.0,17.0,63,20.8,42.8,61,Rain: Moderate,1,1,
29333,2021-09-25 16:40:00,40.867313,-73.90752,0,0,Turning Improperly,4464649,22.8,14.0,0.0,0.0,0.0,0.0,3,7.9,15.8,322,Overcast,0,0,
29334,2021-10-04 15:58:00,40.76295,-73.83196,1,0,Following Too Closely,4464810,20.6,16.4,21.8,21.8,0.0,17.0,63,20.8,42.8,61,Rain: Moderate,1,1,
29335,2021-10-04 15:57:00,40.664375,-73.92376,0,0,Unspecified,4464096,20.6,16.4,21.8,21.8,0.0,17.0,63,20.8,42.8,61,Rain: Moderate,0,0,
29336,2021-10-04 17:42:00,40.65416,-73.91353,0,0,Unspecified,4464155,20.6,16.4,21.8,21.8,0.0,17.0,63,20.8,42.8,61,Rain: Moderate,0,0,
29337,2021-10-04 10:40:00,40.79507,-73.93919,0,0,Following Too Closely,4464724,20.6,16.4,21.8,21.8,0.0,17.0,63,20.8,42.8,61,Rain: Moderate,0,0,
29338,2021-09-29 17:00:00,40.70718,-73.92107,0,0,Driver Inattention/Distraction,4464623,19.9,11.3,0.0,0.0,0.0,0.0,3,20.6,41.8,331,Overcast,0,0,
29339,2021-10-04 07:40:00,40.694576,-73.95615,1,0,Driver Inattention/Distraction,4464378,20.6,16.4,21.8,21.8,0.0,17.0,63,20.8,42.8,61,Rain: Moderate,1,1,
29340,2021-10-04 05:11:00,40.695343,-73.90362,0,0,Unspecified,4464424,20.6,16.4,21.8,21.8,0.0,17.0,63,20.8,42.8,61,Rain: Moderate,0,0,
29341,2021-10-01 01:17:00,40.84224,-73.917694,0,0,Turning Improperly,4464615,19.4,9.5,0.0,0.0,0.0,0.0,0,13.8,28.1,302,Clear sky,0,0,Sunny/Clear Conditions
29342,2021-10-01 16:12:00,40.812073,-73.93604,1,0,Other Vehicular,4464689,19.4,9.5,0.0,0.0,0.0,0.0,0,13.8,28.1,302,Clear sky,1,1,Sunny/Clear Conditions
29343,2021-10-04 15:30:00,40.71137,-73.936966,0,0,Driver Inattention/Distraction,4464216,20.6,16.4,21.8,21.8,0.0,17.0,63,20.8,42.8,61,Rain: Moderate,0,0,
29344,2021-09-29 20:00:00,40.702595,-73.8553,0,0,Backing Unsafely,4464665,19.9,11.3,0.0,0.0,0.0,0.0,3,20.6,41.8,331,Overcast,0,0,
29345,2021-10-04 06:45:00,40.8240665,-73.9087095,1,0,View Obstructed/Limited,4463993,20.6,16.4,21.8,21.8,0.0,17.0,63,20.8,42.8,61,Rain: Moderate,1,1,
29346,2021-10-04 18:40:00,40.738644,-73.887314,0,0,Following Too Closely,4464244,20.6,16.4,21.8,21.8,0.0,17.0,63,20.8,42.8,61,Rain: Moderate,0,0,
29347,2021-10-04 16:30:00,40.69216,-73.914764,2,0,Unsafe Speed,4464173,20.6,16.4,21.8,21.8,0.0,17.0,63,20.8,42.8,61,Rain: Moderate,2,2,
29348,2022-09-16 13:16:00,40.667522,-73.78063,0,0,Following Too Closely,4566989,23.7,11.9,0.0,0.0,0.0,0.0,3,10.3,21.6,336,Overcast,0,0,
29349,2021-10-04 14:00:00,40.582977,-73.98042,0,0,Unspecified,4464793,20.6,16.4,21.8,21.8,0.0,17.0,63,20.8,42.8,61,Rain: Moderate,0,0,
29350,2021-10-04 07:50:00,40.6777,-73.87405,2,0,Unspecified,4464112,20.6,16.4,21.8,21.8,0.0,17.0,63,20.8,42.8,61,Rain: Moderate,2,2,
29351,2021-10-02 12:45:00,40.72475,-73.98043,0,0,Passing Too Closely,4464634,23.7,10.8,0.0,0.0,0.0,0.0,3,17.0,34.2,254,Overcast,0,0,
29352,2021-10-04 19:40:00,40.763382,-73.8303,0,0,Failure to Yield Right-of-Way,4464817,20.6,16.4,21.8,21.8,0.0,17.0,63,20.8,42.8,61,Rain: Moderate,0,0,
29353,2021-10-04 17:00:00,40.750717,-73.85877,0,0,Driver Inattention/Distraction,4464264,20.6,16.4,21.8,21.8,0.0,17.0,63,20.8,42.8,61,Rain: Moderate,0,0,
29354,2021-10-04 16:30:00,40.88647,-73.89603,2,0,Unspecified,4464181,20.6,16.4,21.8,21.8,0.0,17.0,63,20.8,42.8,61,Rain: Moderate,2,2,
29355,2021-10-04 17:35:00,40.75813,-73.85696,0,0,Unspecified,4464265,20.6,16.4,21.8,21.8,0.0,17.0,63,20.8,42.8,61,Rain: Moderate,0,0,
29356,2021-10-04 19:30:00,40.618324,-73.95719,0,0,Driver Inattention/Distraction,4464238,20.6,16.4,21.8,21.8,0.0,17.0,63,20.8,42.8,61,Rain: Moderate,0,0,
29357,2021-09-30 15:20:00,40.700493,-73.90142,0,0,Driver Inattention/Distraction,4464671,18.8,13.1,0.0,0.0,0.0,0.0,3,18.1,37.4,330,Overcast,0,0,
29358,2021-10-04 00:15:00,40.682343,-73.84005,0,0,Alcohol Involvement,4463727,20.6,16.4,21.8,21.8,0.0,17.0,63,20.8,42.8,61,Rain: Moderate,0,0,
29359,2021-10-04 15:50:00,40.84678,-73.85526,0,0,Other Vehicular,4464730,20.6,16.4,21.8,21.8,0.0,17.0,63,20.8,42.8,61,Rain: Moderate,0,0,
29360,2021-10-04 14:30:00,40.752064,-73.97351,1,0,Unspecified,4464130,20.6,16.4,21.8,21.8,0.0,17.0,63,20.8,42.8,61,Rain: Moderate,1,1,
29361,2021-10-04 22:23:00,40.833424,-73.909,1,0,Turning Improperly,4464610,20.6,16.4,21.8,21.8,0.0,17.0,63,20.8,42.8,61,Rain: Moderate,1,1,
29362,2021-10-02 13:00:00,40.778275,-73.906075,0,0,Driver Inattention/Distraction,4464884,23.7,10.8,0.0,0.0,0.0,0.0,3,17.0,34.2,254,Overcast,0,0,
29363,2021-10-04 08:30:00,40.78534,-73.843925,0,0,Driver Inattention/Distraction,4464816,20.6,16.4,21.8,21.8,0.0,17.0,63,20.8,42.8,61,Rain: Moderate,0,0,
29364,2021-10-04 17:30:00,40.859642,-73.90534,0,0,Passing Too Closely,4464655,20.6,16.4,21.8,21.8,0.0,17.0,63,20.8,42.8,61,Rain: Moderate,0,0,
29365,2021-10-04 00:48:00,40.804585,-73.91213,0,0,Driver Inattention/Distraction,4463884,20.6,16.4,21.8,21.8,0.0,17.0,63,20.8,42.8,61,Rain: Moderate,0,0,
29366,2021-10-04 09:19:00,40.667507,-73.88007,1,0,Driver Inattention/Distraction,4464111,20.6,16.4,21.8,21.8,0.0,17.0,63,20.8,42.8,61,Rain: Moderate,1,1,
29367,2021-10-04 18:00:00,40.6483,-73.961914,0,0,Unspecified,4464239,20.6,16.4,21.8,21.8,0.0,17.0,63,20.8,42.8,61,Rain: Moderate,0,0,
29368,2021-09-30 08:21:00,40.77178,-73.9792,1,0,View Obstructed/Limited,4464738,18.8,13.1,0.0,0.0,0.0,0.0,3,18.1,37.4,330,Overcast,1,1,
29369,2021-10-04 19:35:00,40.771347,-73.92285,1,0,Driver Inattention/Distraction,4464584,20.6,16.4,21.8,21.8,0.0,17.0,63,20.8,42.8,61,Rain: Moderate,1,1,
29370,2021-10-03 13:40:00,40.75184,-73.94806,0,0,Backing Unsafely,4464632,25.9,12.8,0.0,0.0,0.0,0.0,3,12.0,24.1,217,Overcast,0,0,
29371,2021-10-04 06:39:00,40.667862,-73.85073,2,0,Aggressive Driving/Road Rage,4464208,20.6,16.4,21.8,21.8,0.0,17.0,63,20.8,42.8,61,Rain: Moderate,2,2,
29372,2021-10-02 05:30:00,40.75383,-73.81841,0,0,Passing Too Closely,4464861,23.7,10.8,0.0,0.0,0.0,0.0,3,17.0,34.2,254,Overcast,0,0,
29373,2021-10-04 18:50:00,40.70898,-73.80418,1,0,Failure to Yield Right-of-Way,4464717,20.6,16.4,21.8,21.8,0.0,17.0,63,20.8,42.8,61,Rain: Moderate,1,1,
29374,2021-10-04 04:40:00,40.747852,-73.99291,0,0,Unspecified,4463992,20.6,16.4,21.8,21.8,0.0,17.0,63,20.8,42.8,61,Rain: Moderate,0,0,
29375,2021-10-04 08:00:00,40.830875,-73.83435,0,0,Reaction to Uninvolved Vehicle,4464047,20.6,16.4,21.8,21.8,0.0,17.0,63,20.8,42.8,61,Rain: Moderate,0,0,
29376,2021-10-04 15:15:00,40.70191,-73.829475,1,0,Failure to Yield Right-of-Way,4464361,20.6,16.4,21.8,21.8,0.0,17.0,63,20.8,42.8,61,Rain: Moderate,1,1,
29377,2021-10-04 16:36:00,40.757725,-73.779274,1,0,Unspecified,4464124,20.6,16.4,21.8,21.8,0.0,17.0,63,20.8,42.8,61,Rain: Moderate,1,1,
29378,2021-10-04 10:40:00,40.73131,-73.984665,1,0,Pedestrian/Bicyclist/Other Pedestrian Error/Confusion,4464518,20.6,16.4,21.8,21.8,0.0,17.0,63,20.8,42.8,61,Rain: Moderate,1,1,
29379,2021-09-29 11:00:00,40.665535,-73.93699,0,0,Driver Inattention/Distraction,4464765,19.9,11.3,0.0,0.0,0.0,0.0,3,20.6,41.8,331,Overcast,0,0,
29380,2021-10-04 07:07:00,40.607147,-74.01157,1,0,Traffic Control Disregarded,4463955,20.6,16.4,21.8,21.8,0.0,17.0,63,20.8,42.8,61,Rain: Moderate,1,1,
29381,2021-10-04 14:21:00,40.695827,-73.855385,0,0,Oversized Vehicle,4464269,20.6,16.4,21.8,21.8,0.0,17.0,63,20.8,42.8,61,Rain: Moderate,0,0,
29382,2021-10-04 11:50:00,40.684704,-73.94419,1,0,Pedestrian/Bicyclist/Other Pedestrian Error/Confusion,4464380,20.6,16.4,21.8,21.8,0.0,17.0,63,20.8,42.8,61,Rain: Moderate,1,1,
29383,2021-10-04 07:00:00,40.792114,-73.941345,0,0,Unspecified,4464007,20.6,16.4,21.8,21.8,0.0,17.0,63,20.8,42.8,61,Rain: Moderate,0,0,
29384,2021-10-04 15:00:00,40.772346,-73.826584,1,0,Backing Unsafely,4464187,20.6,16.4,21.8,21.8,0.0,17.0,63,20.8,42.8,61,Rain: Moderate,1,1,
29385,2022-09-21 21:01:00,40.59938,-73.95141,1,0,Driver Inattention/Distraction,4566181,26.5,16.0,0.0,0.0,0.0,0.0,3,19.4,36.7,252,Overcast,1,1,
29386,2021-10-04 13:40:00,40.81937,-73.884285,0,0,Passing Too Closely,4464555,20.6,16.4,21.8,21.8,0.0,17.0,63,20.8,42.8,61,Rain: Moderate,0,0,
29387,2021-10-04 15:00:00,40.804886,-73.96248,0,0,Driver Inattention/Distraction,4464116,20.6,16.4,21.8,21.8,0.0,17.0,63,20.8,42.8,61,Rain: Moderate,0,0,
29388,2021-10-04 20:11:00,40.68037,-73.84248,1,0,Backing Unsafely,4464202,20.6,16.4,21.8,21.8,0.0,17.0,63,20.8,42.8,61,Rain: Moderate,1,1,
29389,2021-09-18 07:00:00,40.77056,-73.91751,1,0,Following Too Closely,4464641,27.1,19.2,0.2,0.2,0.0,2.0,51,14.6,25.9,349,Drizzle: Light,1,1,
29390,2021-10-04 00:17:00,40.83552,-73.840996,0,0,Aggressive Driving/Road Rage,4464344,20.6,16.4,21.8,21.8,0.0,17.0,63,20.8,42.8,61,Rain: Moderate,0,0,