,CRASH DATETIME,LATITUDE,LONGITUDE,NUMBER OF PERSONS INJURED,NUMBER OF PERSONS KILLED,CONTRIBUTING FACTOR VEHICLE 1,COLLISION_ID,temperature_2m_max,temperature_2m_min,precipitation_sum,rain_sum,snowfall_sum,precipitation_hours,weather_code,wind_speed_10m_max,wind_gusts_10m_max,wind_direction_10m_dominant,Weather Description,Severity_Score,Total_Affected_Persons,Weather_Category
29391,2021-10-04 00:57:00,40.812077,-73.88681,3,0,Following Too Closely,4463901,20.6,16.4,21.8,21.8,0.0,17.0,63,20.8,42.8,61,Rain: Moderate,3,3,
29392,2021-10-04 11:30:00,40.731815,-73.8713,0,0,Passing or Lane Usage Improper,4464507,20.6,16.4,21.8,21.8,0.0,17.0,63,20.8,42.8,61,Rain: Moderate,0,0,
29393,2021-10-04 13:55:00,40.62167,-73.991264,1,0,Unspecified,4464083,20.6,16.4,21.8,21.8,0.0,17.0,63,20.8,42.8,61,Rain: Moderate,1,1,
29394,2021-10-04 08:30:00,40.680202,-73.934525,0,0,View Obstructed/Limited,4464394,20.6,16.4,21.8,21.8,0.0,17.0,63,20.8,42.8,61,Rain: Moderate,0,0,
29395,2021-10-04 20:15:00,40.5953,-74.06287,2,0,Driver Inattention/Distraction,4464282,20.6,16.4,21.8,21.8,0.0,17.0,63,20.8,42.8,61,Rain: Moderate,2,2,
29396,2021-10-04 16:40:00,40.714382,-73.93345,0,0,Driver Inexperience,4464219,20.6,16.4,21.8,21.8,0.0,17.0,63,20.8,42.8,61,Rain: Moderate,0,0,
29397,2021-10-03 19:15:00,40.62037,-73.96538,0,0,Driver Inattention/Distraction,4464696,25.9,12.8,0.0,0.0,0.0,0.0,3,12.0,24.1,217,Overcast,0,0,
29398,2021-10-04 19:46:00,40.742374,-73.88013,0,0,Driver Inattention/Distraction,4464247,20.6,16.4,21.8,21.8,0.0,17.0,63,20.8,42.8,61,Rain: Moderate,0,0,
29399,2021-09-14 08:23:00,40.78028,-73.91387,0,0,Driver Inattention/Distraction,4464643,26.0,19.0,0.2,0.2,0.0,1.0,51,18.0,35.6,138,Drizzle: Light,0,0,
29400,2021-10-04 21:18:00,40.69783,-73.93677,2,0,Driver Inattention/Distraction,4464150,20.6,16.4,21.8,21.8,0.0,17.0,63,20.8,42.8,61,Rain: Moderate,2,2,
29401,2021-10-04 07:39:00,40.72618,-73.99128,0,0,,4464522,20.6,16.4,21.8,21.8,0.0,17.0,63,20.8,42.8,61,Rain: Moderate,0,0,
29402,2021-09-27 15:00:00,40.830994,-73.928116,0,0,Passing Too Closely,4464616,25.9,14.6,0.0,0.0,0.0,0.0,3,24.1,45.0,233,Overcast,0,0,
29403,2021-10-04 19:33:00,40.591255,-73.96378,1,0,Failure to Yield Right-of-Way,4464201,20.6,16.4,21.8,21.8,0.0,17.0,63,20.8,42.8,61,Rain: Moderate,1,1,
29404,2021-10-04 00:00:00,40.67887,-73.92165,0,0,Unspecified,4464402,20.6,16.4,21.8,21.8,0.0,17.0,63,20.8,42.8,61,Rain: Moderate,0,0,
29405,2021-10-04 03:55:00,40.746845,-73.89144,0,0,Failure to Yield Right-of-Way,4463913,20.6,16.4,21.8,21.8,0.0,17.0,63,20.8,42.8,61,Rain: Moderate,0,0,
29406,2021-10-04 19:17:00,40.707954,-73.83715,0,0,Following Too Closely,4464258,20.6,16.4,21.8,21.8,0.0,17.0,63,20.8,42.8,61,Rain: Moderate,0,0,
29407,2021-10-04 08:30:00,40.73984,-73.89766,0,0,View Obstructed/Limited,4464052,20.6,16.4,21.8,21.8,0.0,17.0,63,20.8,42.8,61,Rain: Moderate,0,0,
29408,2021-10-04 20:32:00,40.84353,-73.89401,0,0,Driver Inattention/Distraction,4464266,20.6,16.4,21.8,21.8,0.0,17.0,63,20.8,42.8,61,Rain: Moderate,0,0,
29409,2021-10-04 05:00:00,40.606544,-73.98906,0,0,Driver Inattention/Distraction,4464129,20.6,16.4,21.8,21.8,0.0,17.0,63,20.8,42.8,61,Rain: Moderate,0,0,
29410,2021-10-04 16:05:00,40.7553,-73.97535,0,0,Traffic Control Disregarded,4464253,20.6,16.4,21.8,21.8,0.0,17.0,63,20.8,42.8,61,Rain: Moderate,0,0,
29411,2021-09-30 18:09:00,40.713955,-73.92302,0,0,Following Too Closely,4464664,18.8,13.1,0.0,0.0,0.0,0.0,3,18.1,37.4,330,Overcast,0,0,
29412,2021-10-04 10:30:00,40.80543,-73.92087,1,0,Unspecified,4464215,20.6,16.4,21.8,21.8,0.0,17.0,63,20.8,42.8,61,Rain: Moderate,1,1,
29413,2022-09-20 20:39:00,40.680733,-73.97451,0,0,Passing Too Closely,4566732,25.7,17.7,0.0,0.0,0.0,0.0,3,19.0,35.3,296,Overcast,0,0,
29414,2021-10-04 03:55:00,40.699013,-73.79573,1,0,Traffic Control Disregarded,4463744,20.6,16.4,21.8,21.8,0.0,17.0,63,20.8,42.8,61,Rain: Moderate,1,1,
29415,2021-10-02 19:47:00,40.84438,-73.86583,3,0,Alcohol Involvement,4464731,23.7,10.8,0.0,0.0,0.0,0.0,3,17.0,34.2,254,Overcast,3,3,
29416,2021-10-04 08:15:00,40.72773,-73.90674,0,0,Backing Unsafely,4464607,20.6,16.4,21.8,21.8,0.0,17.0,63,20.8,42.8,61,Rain: Moderate,0,0,
29417,2021-09-22 11:30:00,40.863228,-73.883026,1,0,Driver Inattention/Distraction,4464842,25.3,19.9,5.1,5.1,0.0,15.0,61,29.3,55.1,154,Rain: Light,1,1,
29418,2021-10-04 10:20:00,40.86159,-73.92475,0,0,Driver Inattention/Distraction,4464382,20.6,16.4,21.8,21.8,0.0,17.0,63,20.8,42.8,61,Rain: Moderate,0,0,
29419,2021-10-04 09:30:00,40.67455,-73.89551,0,0,Driver Inexperience,4464004,20.6,16.4,21.8,21.8,0.0,17.0,63,20.8,42.8,61,Rain: Moderate,0,0,
29420,2021-10-04 08:10:00,40.632687,-73.97308,0,0,Unspecified,4464012,20.6,16.4,21.8,21.8,0.0,17.0,63,20.8,42.8,61,Rain: Moderate,0,0,
29421,2022-09-21 11:50:00,40.63833,-73.99006,1,0,Driver Inattention/Distraction,4566602,26.5,16.0,0.0,0.0,0.0,0.0,3,19.4,36.7,252,Overcast,1,1,
29422,2021-10-03 07:50:00,40.5874,-73.97247,0,0,Driver Inattention/Distraction,4464729,25.9,12.8,0.0,0.0,0.0,0.0,3,12.0,24.1,217,Overcast,0,0,
29423,2021-10-04 14:50:00,40.79119,-73.965645,0,0,Passing or Lane Usage Improper,4464059,20.6,16.4,21.8,21.8,0.0,17.0,63,20.8,42.8,61,Rain: Moderate,0,0,
29424,2021-10-04 09:25:00,40.57925,-74.07781,0,0,Following Too Closely,4464363,20.6,16.4,21.8,21.8,0.0,17.0,63,20.8,42.8,61,Rain: Moderate,0,0,
29425,2021-10-01 15:25:00,40.59241,-73.789,1,0,Following Too Closely,4464785,19.4,9.5,0.0,0.0,0.0,0.0,0,13.8,28.1,302,Clear sky,1,1,Sunny/Clear Conditions
29426,2021-10-04 17:50:00,40.57981,-73.837204,0,0,Reaction to Uninvolved Vehicle,4464115,20.6,16.4,21.8,21.8,0.0,17.0,63,20.8,42.8,61,Rain: Moderate,0,0,
29427,2021-10-04 19:34:00,40.634605,-73.9767,1,0,Unspecified,4464428,20.6,16.4,21.8,21.8,0.0,17.0,63,20.8,42.8,61,Rain: Moderate,1,1,
29428,2021-10-02 22:09:00,40.87391,-73.909164,1,0,Unsafe Lane Changing,4464834,23.7,10.8,0.0,0.0,0.0,0.0,3,17.0,34.2,254,Overcast,1,1,
29429,2021-10-04 06:13:00,40.732445,-73.99129,0,0,Reaction to Uninvolved Vehicle,4463941,20.6,16.4,21.8,21.8,0.0,17.0,63,20.8,42.8,61,Rain: Moderate,0,0,
29430,2021-10-04 18:20:00,40.628662,-74.13675,1,0,Failure to Yield Right-of-Way,4464306,20.6,16.4,21.8,21.8,0.0,17.0,63,20.8,42.8,61,Rain: Moderate,1,1,
29431,2021-10-04 18:30:00,40.90617,-73.84913,0,0,Unspecified,4464414,20.6,16.4,21.8,21.8,0.0,17.0,63,20.8,42.8,61,Rain: Moderate,0,0,
29432,2021-10-04 17:00:00,40.70518,-73.95934,0,0,Passing or Lane Usage Improper,4464517,20.6,16.4,21.8,21.8,0.0,17.0,63,20.8,42.8,61,Rain: Moderate,0,0,
29433,2021-10-04 09:50:00,40.617004,-74.00659,0,0,Driver Inattention/Distraction,4463958,20.6,16.4,21.8,21.8,0.0,17.0,63,20.8,42.8,61,Rain: Moderate,0,0,
29434,2021-10-04 04:15:00,40.737064,-74.002144,0,0,Passing Too Closely,4464057,20.6,16.4,21.8,21.8,0.0,17.0,63,20.8,42.8,61,Rain: Moderate,0,0,
29435,2021-09-28 08:00:00,40.587265,-73.983475,0,0,View Obstructed/Limited,4464806,22.1,16.3,12.4,12.4,0.0,9.0,63,19.2,38.5,264,Rain: Moderate,0,0,
29436,2021-09-24 18:30:00,40.724674,-73.80831,0,0,Driver Inattention/Distraction,4464814,22.4,15.6,26.0,26.0,0.0,9.0,63,14.2,29.9,274,Rain: Moderate,0,0,
29437,2021-10-04 17:55:00,40.59506,-73.7944,1,0,Failure to Yield Right-of-Way,4464105,20.6,16.4,21.8,21.8,0.0,17.0,63,20.8,42.8,61,Rain: Moderate,1,1,
29438,2021-10-04 22:24:00,40.63018,-73.960175,2,0,Following Too Closely,4464240,20.6,16.4,21.8,21.8,0.0,17.0,63,20.8,42.8,61,Rain: Moderate,2,2,
29439,2021-09-20 17:00:00,40.85922,-73.88555,0,0,Driver Inattention/Distraction,4464605,23.1,14.9,0.0,0.0,0.0,0.0,3,17.0,34.2,116,Overcast,0,0,
29440,2021-10-01 15:31:00,40.66255,-73.90893,1,0,Unspecified,4464715,19.4,9.5,0.0,0.0,0.0,0.0,0,13.8,28.1,302,Clear sky,1,1,Sunny/Clear Conditions
29441,2021-10-04 02:30:00,40.741013,-73.87057,0,0,Passing Too Closely,4463970,20.6,16.4,21.8,21.8,0.0,17.0,63,20.8,42.8,61,Rain: Moderate,0,0,
29442,2021-10-04 19:55:00,40.704006,-73.7668,1,0,Failure to Yield Right-of-Way,4464125,20.6,16.4,21.8,21.8,0.0,17.0,63,20.8,42.8,61,Rain: Moderate,1,1,
29443,2021-10-04 06:50:00,40.76349,-73.86079,0,0,Driver Inattention/Distraction,4463911,20.6,16.4,21.8,21.8,0.0,17.0,63,20.8,42.8,61,Rain: Moderate,0,0,
29444,2021-10-04 16:50:00,40.613388,-73.995995,0,0,Driver Inexperience,4464084,20.6,16.4,21.8,21.8,0.0,17.0,63,20.8,42.8,61,Rain: Moderate,0,0,
29445,2021-10-04 14:00:00,40.81977,-73.93673,0,0,Outside Car Distraction,4464290,20.6,16.4,21.8,21.8,0.0,17.0,63,20.8,42.8,61,Rain: Moderate,0,0,
29446,2021-10-04 08:35:00,40.64993,-73.93312,1,0,Driver Inattention/Distraction,4464076,20.6,16.4,21.8,21.8,0.0,17.0,63,20.8,42.8,61,Rain: Moderate,1,1,
29447,2021-09-13 06:22:00,40.690937,-73.92457,0,0,Backing Unsafely,4464663,28.8,21.8,1.1,1.1,0.0,2.0,53,20.1,36.7,277,Drizzle: Moderate,0,0,
29448,2021-10-04 12:45:00,40.61872,-73.96945,0,0,Driver Inattention/Distraction,4464429,20.6,16.4,21.8,21.8,0.0,17.0,63,20.8,42.8,61,Rain: Moderate,0,0,
29449,2021-10-04 20:45:00,40.69931,-73.83157,0,0,Driver Inattention/Distraction,4464358,20.6,16.4,21.8,21.8,0.0,17.0,63,20.8,42.8,61,Rain: Moderate,0,0,
29450,2021-10-04 20:43:00,40.59961,-74.00461,0,0,Backing Unsafely,4464400,20.6,16.4,21.8,21.8,0.0,17.0,63,20.8,42.8,61,Rain: Moderate,0,0,
29451,2021-10-04 17:20:00,40.748764,-73.86311,1,0,Driver Inattention/Distraction,4464228,20.6,16.4,21.8,21.8,0.0,17.0,63,20.8,42.8,61,Rain: Moderate,1,1,
29452,2021-10-01 16:09:00,40.59607,-73.98413,0,0,Driver Inattention/Distraction,4464631,19.4,9.5,0.0,0.0,0.0,0.0,0,13.8,28.1,302,Clear sky,0,0,Sunny/Clear Conditions
29453,2021-09-29 08:50:00,40.662674,-73.94562,3,0,Driver Inattention/Distraction,4464763,19.9,11.3,0.0,0.0,0.0,0.0,3,20.6,41.8,331,Overcast,3,3,
29454,2021-09-30 09:45:00,40.775925,-73.90893,0,0,Passing or Lane Usage Improper,4464652,18.8,13.1,0.0,0.0,0.0,0.0,3,18.1,37.4,330,Overcast,0,0,
29455,2021-10-04 11:01:00,40.75898,-73.96244,1,0,Driver Inattention/Distraction,4464149,20.6,16.4,21.8,21.8,0.0,17.0,63,20.8,42.8,61,Rain: Moderate,1,1,
29456,2021-10-04 07:00:00,40.66484,-73.82229,0,0,Following Too Closely,4463890,20.6,16.4,21.8,21.8,0.0,17.0,63,20.8,42.8,61,Rain: Moderate,0,0,
29457,2021-10-04 11:55:00,40.615395,-74.06583,0,0,Failure to Keep Right,4464675,20.6,16.4,21.8,21.8,0.0,17.0,63,20.8,42.8,61,Rain: Moderate,0,0,
29458,2021-10-04 11:57:00,40.809086,-73.94859,0,0,Driver Inattention/Distraction,4464048,20.6,16.4,21.8,21.8,0.0,17.0,63,20.8,42.8,61,Rain: Moderate,0,0,
29459,2021-10-04 17:51:00,40.761234,-73.96389,1,0,Driver Inattention/Distraction,4464204,20.6,16.4,21.8,21.8,0.0,17.0,63,20.8,42.8,61,Rain: Moderate,1,1,
29460,2021-10-04 12:30:00,40.833233,-73.8282,4,0,Unspecified,4464864,20.6,16.4,21.8,21.8,0.0,17.0,63,20.8,42.8,61,Rain: Moderate,4,4,
29461,2021-10-04 16:13:00,40.6221,-73.956955,1,0,Backing Unsafely,4464745,20.6,16.4,21.8,21.8,0.0,17.0,63,20.8,42.8,61,Rain: Moderate,1,1,
29462,2021-10-04 11:25:00,40.843903,-73.927284,0,0,Failure to Yield Right-of-Way,4464612,20.6,16.4,21.8,21.8,0.0,17.0,63,20.8,42.8,61,Rain: Moderate,0,0,
29463,2021-10-04 14:22:00,40.679783,-73.83087,0,0,Passing or Lane Usage Improper,4464209,20.6,16.4,21.8,21.8,0.0,17.0,63,20.8,42.8,61,Rain: Moderate,0,0,
29464,2021-10-04 15:55:00,40.857525,-73.8818,1,0,Driver Inattention/Distraction,4464279,20.6,16.4,21.8,21.8,0.0,17.0,63,20.8,42.8,61,Rain: Moderate,1,1,
29465,2021-10-02 10:42:00,40.597122,-74.00418,1,0,Following Too Closely,4464617,23.7,10.8,0.0,0.0,0.0,0.0,3,17.0,34.2,254,Overcast,1,1,
29466,2021-10-04 08:30:00,40.781647,-73.8367,2,0,Oversized Vehicle,4464186,20.6,16.4,21.8,21.8,0.0,17.0,63,20.8,42.8,61,Rain: Moderate,2,2,
29467,2021-10-04 12:50:00,40.69099,-73.98932,0,0,Traffic Control Disregarded,4464117,20.6,16.4,21.8,21.8,0.0,17.0,63,20.8,42.8,61,Rain: Moderate,0,0,
29468,2021-10-02 15:15:00,40.712646,-73.90597,1,0,Unspecified,4464667,23.7,10.8,0.0,0.0,0.0,0.0,3,17.0,34.2,254,Overcast,1,1,
29469,2021-10-02 11:40:00,40.83335,-73.93524,0,0,Driver Inattention/Distraction,4464686,23.7,10.8,0.0,0.0,0.0,0.0,3,17.0,34.2,254,Overcast,0,0,
29470,2021-10-04 04:25:00,40.79748,-73.94879,0,0,Tire Failure/Inadequate,4464327,20.6,16.4,21.8,21.8,0.0,17.0,63,20.8,42.8,61,Rain: Moderate,0,0,
29471,2022-08-27 09:00:00,40.680798,-73.958405,0,0,Traffic Control Disregarded,4566658,29.3,20.3,0.0,0.0,0.0,0.0,1,12.7,26.3,11,Mainly clear,0,0,Sunny/Clear Conditions
29472,2021-10-04 18:50:00,40.803677,-73.92209,1,0,Failure to Yield Right-of-Way,4464218,20.6,16.4,21.8,21.8,0.0,17.0,63,20.8,42.8,61,Rain: Moderate,1,1,
29473,2021-10-04 11:36:00,40.842594,-73.89305,0,0,Passing Too Closely,4464260,20.6,16.4,21.8,21.8,0.0,17.0,63,20.8,42.8,61,Rain: Moderate,0,0,
29474,2021-07-14 03:01:00,40.875122,-73.905174,0,0,Unsafe Speed,4464779,30.6,21.5,0.8,0.8,0.0,3.0,53,14.5,36.0,191,Drizzle: Moderate,0,0,
29475,2021-09-13 07:00:00,40.767345,-73.91881,0,0,Unspecified,4464636,28.8,21.8,1.1,1.1,0.0,2.0,53,20.1,36.7,277,Drizzle: Moderate,0,0,
29476,2021-09-20 08:30:00,40.76227,-73.99581,0,0,Driver Inattention/Distraction,4464871,23.1,14.9,0.0,0.0,0.0,0.0,3,17.0,34.2,116,Overcast,0,0,
29477,2021-10-04 15:00:00,40.844902,-73.89011,0,0,Driver Inattention/Distraction,4464267,20.6,16.4,21.8,21.8,0.0,17.0,63,20.8,42.8,61,Rain: Moderate,0,0,
29478,2021-09-21 11:50:00,40.768143,-73.92894,0,0,Unspecified,4464647,23.1,16.4,0.0,0.0,0.0,0.0,3,14.2,29.5,108,Overcast,0,0,
29479,2021-10-04 04:00:00,40.627518,-74.010704,0,0,Unsafe Speed,4463821,20.6,16.4,21.8,21.8,0.0,17.0,63,20.8,42.8,61,Rain: Moderate,0,0,
29480,2021-10-04 17:00:00,40.696033,-73.984535,0,0,Driver Inexperience,4464732,20.6,16.4,21.8,21.8,0.0,17.0,63,20.8,42.8,61,Rain: Moderate,0,0,
29481,2021-10-02 12:00:00,40.710464,-73.90898,0,0,Passing Too Closely,4464669,23.7,10.8,0.0,0.0,0.0,0.0,3,17.0,34.2,254,Overcast,0,0,
29482,2021-10-04 04:34:00,40.634945,-73.9325,0,0,Following Too Closely,4464157,20.6,16.4,21.8,21.8,0.0,17.0,63,20.8,42.8,61,Rain: Moderate,0,0,
29483,2021-10-04 12:30:00,40.668327,-73.869606,0,0,Passing or Lane Usage Improper,4464383,20.6,16.4,21.8,21.8,0.0,17.0,63,20.8,42.8,61,Rain: Moderate,0,0,
29484,2021-10-04 07:35:00,40.709255,-73.75004,1,0,Traffic Control Disregarded,4464039,20.6,16.4,21.8,21.8,0.0,17.0,63,20.8,42.8,61,Rain: Moderate,1,1,
29485,2021-10-04 06:30:00,40.856712,-73.93264,0,0,Driver Inattention/Distraction,4464374,20.6,16.4,21.8,21.8,0.0,17.0,63,20.8,42.8,61,Rain: Moderate,0,0,
29486,2021-10-04 11:00:00,40.764267,-73.9158,1,0,Backing Unsafely,4464691,20.6,16.4,21.8,21.8,0.0,17.0,63,20.8,42.8,61,Rain: Moderate,1,1,
29487,2021-10-04 07:45:00,40.843174,-73.91196,0,0,Following Too Closely,4464613,20.6,16.4,21.8,21.8,0.0,17.0,63,20.8,42.8,61,Rain: Moderate,0,0,
29488,2022-09-21 15:10:00,40.632885,-73.94771,0,0,Unspecified,4566345,26.5,16.0,0.0,0.0,0.0,0.0,3,19.4,36.7,252,Overcast,0,0,
29489,2021-10-04 18:05:00,40.746037,-73.990524,1,0,Driver Inattention/Distraction,4464246,20.6,16.4,21.8,21.8,0.0,17.0,63,20.8,42.8,61,Rain: Moderate,1,1,
29490,2021-10-04 15:15:00,40.6887,-73.99286,0,0,Unspecified,4464536,20.6,16.4,21.8,21.8,0.0,17.0,63,20.8,42.8,61,Rain: Moderate,0,0,
29491,2021-10-04 21:30:00,40.674744,-73.76368,0,0,Reaction to Uninvolved Vehicle,4464291,20.6,16.4,21.8,21.8,0.0,17.0,63,20.8,42.8,61,Rain: Moderate,0,0,
29492,2021-10-04 09:00:00,40.89725,-73.855255,1,0,Unsafe Speed,4464068,20.6,16.4,21.8,21.8,0.0,17.0,63,20.8,42.8,61,Rain: Moderate,1,1,
29493,2021-10-04 17:40:00,40.669113,-73.86516,0,0,Unspecified,4464114,20.6,16.4,21.8,21.8,0.0,17.0,63,20.8,42.8,61,Rain: Moderate,0,0,
29494,2021-10-01 17:55:00,40.58405,-73.96332,0,0,Driver Inattention/Distraction,4464800,19.4,9.5,0.0,0.0,0.0,0.0,0,13.8,28.1,302,Clear sky,0,0,Sunny/Clear Conditions
29495,2021-10-04 11:40:00,40.85305,-73.852356,0,0,Driver Inattention/Distraction,4464307,20.6,16.4,21.8,21.8,0.0,17.0,63,20.8,42.8,61,Rain: Moderate,0,0,
29496,2021-10-04 00:00:00,40.582863,-73.97485,0,0,Unsafe Lane Changing,4464727,20.6,16.4,21.8,21.8,0.0,17.0,63,20.8,42.8,61,Rain: Moderate,0,0,
29497,2021-10-04 00:00:00,40.60702,-73.81943,1,0,Pedestrian/Bicyclist/Other Pedestrian Error/Confusion,4464078,20.6,16.4,21.8,21.8,0.0,17.0,63,20.8,42.8,61,Rain: Moderate,1,1,
29498,2021-10-04 16:25:00,40.696033,-73.984535,0,0,Following Too Closely,4464118,20.6,16.4,21.8,21.8,0.0,17.0,63,20.8,42.8,61,Rain: Moderate,0,0,
29499,2021-10-04 12:30:00,40.752975,-73.91024,1,0,Pedestrian/Bicyclist/Other Pedestrian Error/Confusion,4464573,20.6,16.4,21.8,21.8,0.0,17.0,63,20.8,42.8,61,Rain: Moderate,1,1,
29500,2021-10-04 15:15:00,40.639133,-74.08477,0,0,Unspecified,4464419,20.6,16.4,21.8,21.8,0.0,17.0,63,20.8,42.8,61,Rain: Moderate,0,0,
29501,2021-10-04 11:00:00,40.618633,-73.98009,0,0,Unspecified,4464431,20.6,16.4,21.8,21.8,0.0,17.0,63,20.8,42.8,61,Rain: Moderate,0,0,
29502,2021-10-04 05:15:00,40.807182,-73.85155,0,0,Unspecified,4463936,20.6,16.4,21.8,21.8,0.0,17.0,63,20.8,42.8,61,Rain: Moderate,0,0,
29503,2021-10-04 07:30:00,40.631557,-74.00787,0,0,Unspecified,4464250,20.6,16.4,21.8,21.8,0.0,17.0,63,20.8,42.8,61,Rain: Moderate,0,0,
29504,2021-10-04 10:35:00,40.63655,-74.006744,0,0,Unspecified,4464321,20.6,16.4,21.8,21.8,0.0,17.0,63,20.8,42.8,61,Rain: Moderate,0,0,
29505,2021-10-04 02:15:00,40.771305,-73.87664,0,0,Other Vehicular,4463910,20.6,16.4,21.8,21.8,0.0,17.0,63,20.8,42.8,61,Rain: Moderate,0,0,
29506,2021-10-04 20:00:00,40.746887,-73.8347,0,0,Unspecified,4464128,20.6,16.4,21.8,21.8,0.0,17.0,63,20.8,42.8,61,Rain: Moderate,0,0,
29507,2021-10-04 16:00:00,40.87451,-73.85745,1,0,Driver Inattention/Distraction,4464412,20.6,16.4,21.8,21.8,0.0,17.0,63,20.8,42.8,61,Rain: Moderate,1,1,
29508,2021-10-04 13:09:00,40.84543,-73.91399,0,0,Passing or Lane Usage Improper,4464289,20.6,16.4,21.8,21.8,0.0,17.0,63,20.8,42.8,61,Rain: Moderate,0,0,
29509,2021-10-04 12:27:00,40.699635,-73.80312,0,0,Passing Too Closely,4464056,20.6,16.4,21.8,21.8,0.0,17.0,63,20.8,42.8,61,Rain: Moderate,0,0,
29510,2021-10-03 21:30:00,40.68473,-74.00102,0,0,Following Too Closely,4464684,25.9,12.8,0.0,0.0,0.0,0.0,3,12.0,24.1,217,Overcast,0,0,
29511,2021-10-04 19:14:00,40.85937,-73.9068,0,0,Unspecified,4464653,20.6,16.4,21.8,21.8,0.0,17.0,63,20.8,42.8,61,Rain: Moderate,0,0,
29512,2021-10-04 09:36:00,40.76399,-73.958786,0,0,Driver Inattention/Distraction,4464205,20.6,16.4,21.8,21.8,0.0,17.0,63,20.8,42.8,61,Rain: Moderate,0,0,
29513,2021-10-04 19:55:00,40.67243,-73.75637,1,0,Driver Inattention/Distraction,4464176,20.6,16.4,21.8,21.8,0.0,17.0,63,20.8,42.8,61,Rain: Moderate,1,1,
29514,2021-10-04 14:15:00,40.741714,-73.90634,1,0,Failure to Yield Right-of-Way,4464601,20.6,16.4,21.8,21.8,0.0,17.0,63,20.8,42.8,61,Rain: Moderate,1,1,
29515,2021-09-27 19:20:00,40.758972,-73.91901,1,0,Driver Inattention/Distraction,4464630,25.9,14.6,0.0,0.0,0.0,0.0,3,24.1,45.0,233,Overcast,1,1,
29516,2021-10-04 12:14:00,40.71058,-73.96643,0,0,Driver Inattention/Distraction,4464214,20.6,16.4,21.8,21.8,0.0,17.0,63,20.8,42.8,61,Rain: Moderate,0,0,
29517,2021-10-04 09:45:00,40.7538,-73.90213,0,0,Driver Inattention/Distraction,4464051,20.6,16.4,21.8,21.8,0.0,17.0,63,20.8,42.8,61,Rain: Moderate,0,0,
29518,2021-10-02 19:18:00,40.86877,-73.83174,0,0,Turning Improperly,4464865,23.7,10.8,0.0,0.0,0.0,0.0,3,17.0,34.2,254,Overcast,0,0,
29519,2021-10-04 08:00:00,40.82463,-73.85566,0,0,Unspecified,4463969,20.6,16.4,21.8,21.8,0.0,17.0,63,20.8,42.8,61,Rain: Moderate,0,0,
29520,2021-10-04 14:45:00,40.675312,-73.777145,0,0,Passing Too Closely,4464713,20.6,16.4,21.8,21.8,0.0,17.0,63,20.8,42.8,61,Rain: Moderate,0,0,
29521,2022-09-23 23:30:00,40.570835,-74.16983,0,0,Aggressive Driving/Road Rage,4566879,16.4,10.0,0.0,0.0,0.0,0.0,0,31.1,56.9,323,Clear sky,0,0,Sunny/Clear Conditions
29522,2021-10-04 16:27:00,40.810764,-73.9526,0,0,Unspecified,4464471,20.6,16.4,21.8,21.8,0.0,17.0,63,20.8,42.8,61,Rain: Moderate,0,0,
29523,2021-10-04 13:00:00,40.74942,-73.940544,0,0,Unspecified,4464089,20.6,16.4,21.8,21.8,0.0,17.0,63,20.8,42.8,61,Rain: Moderate,0,0,
29524,2021-10-04 16:50:00,40.806614,-73.90769,0,0,Unspecified,4464229,20.6,16.4,21.8,21.8,0.0,17.0,63,20.8,42.8,61,Rain: Moderate,0,0,
29525,2021-10-04 21:59:00,40.86369,-73.91707,2,0,Failure to Yield Right-of-Way,4464396,20.6,16.4,21.8,21.8,0.0,17.0,63,20.8,42.8,61,Rain: Moderate,2,2,
29526,2021-10-04 18:26:00,40.63795,-73.98793,0,0,Unspecified,4464276,20.6,16.4,21.8,21.8,0.0,17.0,63,20.8,42.8,61,Rain: Moderate,0,0,
29527,2021-10-04 01:05:00,40.627247,-74.01429,0,0,Driver Inattention/Distraction,4463900,20.6,16.4,21.8,21.8,0.0,17.0,63,20.8,42.8,61,Rain: Moderate,0,0,
29528,2021-10-04 19:28:00,40.69783,-73.93677,0,0,Other Vehicular,4464139,20.6,16.4,21.8,21.8,0.0,17.0,63,20.8,42.8,61,Rain: Moderate,0,0,
29529,2021-09-14 12:55:00,40.78202,-73.97173,0,0,Other Vehicular,4464813,26.0,19.0,0.2,0.2,0.0,1.0,51,18.0,35.6,138,Drizzle: Light,0,0,
29530,2021-10-04 09:04:00,40.83283,-73.91129,0,0,Driver Inattention/Distraction,4464241,20.6,16.4,21.8,21.8,0.0,17.0,63,20.8,42.8,61,Rain: Moderate,0,0,
29531,2021-10-04 15:25:00,40.648182,-73.93001,0,0,Passing or Lane Usage Improper,4464104,20.6,16.4,21.8,21.8,0.0,17.0,63,20.8,42.8,61,Rain: Moderate,0,0,