,CRASH DATETIME,LATITUDE,LONGITUDE,NUMBER OF PERSONS INJURED,NUMBER OF PERSONS KILLED,CONTRIBUTING FACTOR VEHICLE 1,COLLISION_ID,temperature_2m_max,temperature_2m_min,precipitation_sum,rain_sum,snowfall_sum,precipitation_hours,weather_code,wind_speed_10m_max,wind_gusts_10m_max,wind_direction_10m_dominant,Weather Description,Severity_Score,Total_Affected_Persons,Weather_Category
29532,2021-10-02 19:30:00,40.77051,-73.92547,0,0,Failure to Yield Right-of-Way,4464661,23.7,10.8,0.0,0.0,0.0,0.0,3,17.0,34.2,254,Overcast,0,0,
29533,2021-10-04 20:59:00,40.72136,-73.99716,1,0,Failure to Yield Right-of-Way,4464679,20.6,16.4,21.8,21.8,0.0,17.0,63,20.8,42.8,61,Rain: Moderate,1,1,
29534,2021-10-04 14:19:00,40.838997,-73.91073,0,0,Traffic Control Disregarded,4464611,20.6,16.4,21.8,21.8,0.0,17.0,63,20.8,42.8,61,Rain: Moderate,0,0,
29535,2021-10-04 20:00:00,40.75487,-73.891884,0,0,Unspecified,4464749,20.6,16.4,21.8,21.8,0.0,17.0,63,20.8,42.8,61,Rain: Moderate,0,0,
29536,2021-10-04 06:30:00,40.651863,-73.86536,1,0,Driver Inattention/Distraction,4464165,20.6,16.4,21.8,21.8,0.0,17.0,63,20.8,42.8,61,Rain: Moderate,1,1,
29537,2021-09-15 14:19:00,40.681515,-73.90412,1,0,Failure to Yield Right-of-Way,4464620,29.6,20.7,0.3,0.3,0.0,3.0,51,21.6,40.7,192,Drizzle: Light,1,1,
29538,2021-09-26 20:45:00,40.771667,-73.9867,0,0,Backing Unsafely,4464808,21.4,15.6,0.0,0.0,0.0,0.0,3,23.5,45.0,294,Overcast,0,0,
29539,2021-10-04 14:02:00,40.67546,-73.97163,0,0,Passing Too Closely,4464316,20.6,16.4,21.8,21.8,0.0,17.0,63,20.8,42.8,61,Rain: Moderate,0,0,
29540,2021-09-26 19:00:00,40.61779,-73.99413,0,0,Driver Inattention/Distraction,4464854,21.4,15.6,0.0,0.0,0.0,0.0,3,23.5,45.0,294,Overcast,0,0,
29541,2021-10-04 08:25:00,40.55301,-74.16008,0,0,Reaction to Uninvolved Vehicle,4464043,20.6,16.4,21.8,21.8,0.0,17.0,63,20.8,42.8,61,Rain: Moderate,0,0,
29542,2021-10-04 10:50:00,40.62685,-73.91907,0,0,Driver Inattention/Distraction,4464392,20.6,16.4,21.8,21.8,0.0,17.0,63,20.8,42.8,61,Rain: Moderate,0,0,
29543,2021-10-02 00:04:00,40.583626,-73.98407,1,0,Tinted Windows,4464726,23.7,10.8,0.0,0.0,0.0,0.0,3,17.0,34.2,254,Overcast,1,1,
29544,2021-10-04 07:40:00,40.83263,-73.93544,0,0,Passing Too Closely,4464292,20.6,16.4,21.8,21.8,0.0,17.0,63,20.8,42.8,61,Rain: Moderate,0,0,
29545,2021-10-04 12:15:00,40.72757,-73.94388,0,0,Passing Too Closely,4463994,20.6,16.4,21.8,21.8,0.0,17.0,63,20.8,42.8,61,Rain: Moderate,0,0,
29546,2021-10-04 15:45:00,40.83883,-73.860085,0,0,Unspecified,4464081,20.6,16.4,21.8,21.8,0.0,17.0,63,20.8,42.8,61,Rain: Moderate,0,0,
29547,2021-10-04 16:00:00,40.703655,-73.960594,0,0,Following Too Closely,4464516,20.6,16.4,21.8,21.8,0.0,17.0,63,20.8,42.8,61,Rain: Moderate,0,0,
29548,2022-09-17 09:10:00,40.804585,-73.91213,0,0,Reaction to Uninvolved Vehicle,4567122,22.9,16.8,0.0,0.0,0.0,0.0,3,16.9,32.0,115,Overcast,0,0,
29549,2021-10-04 04:00:00,40.7456,-73.868095,1,0,Failure to Yield Right-of-Way,4463951,20.6,16.4,21.8,21.8,0.0,17.0,63,20.8,42.8,61,Rain: Moderate,1,1,
29550,2021-10-01 14:15:00,40.7456,-73.868095,0,0,Driver Inattention/Distraction,4464762,19.4,9.5,0.0,0.0,0.0,0.0,0,13.8,28.1,302,Clear sky,0,0,Sunny/Clear Conditions
29551,2021-09-20 14:30:00,40.691994,-73.76111,1,0,Unspecified,4464869,23.1,14.9,0.0,0.0,0.0,0.0,3,17.0,34.2,116,Overcast,1,1,
29552,2021-10-04 16:45:00,40.814877,-73.91824,1,0,,4464217,20.6,16.4,21.8,21.8,0.0,17.0,63,20.8,42.8,61,Rain: Moderate,1,1,
29553,2021-10-03 02:56:00,40.7139,-73.90881,0,0,Unsafe Speed,4464666,25.9,12.8,0.0,0.0,0.0,0.0,3,12.0,24.1,217,Overcast,0,0,
29554,2021-09-24 18:41:00,40.694855,-73.89744,0,0,Unspecified,4464670,22.4,15.6,26.0,26.0,0.0,9.0,63,14.2,29.9,274,Rain: Moderate,0,0,
29555,2021-09-03 17:00:00,40.63825,-73.94531,0,0,Unspecified,4464821,21.9,14.0,0.0,0.0,0.0,0.0,3,14.5,30.2,321,Overcast,0,0,
29556,2021-10-04 19:00:00,40.746536,-73.985954,2,0,Failure to Yield Right-of-Way,4464249,20.6,16.4,21.8,21.8,0.0,17.0,63,20.8,42.8,61,Rain: Moderate,2,2,
29557,2021-10-04 14:00:00,40.76164,-73.86723,0,0,Unspecified,4464268,20.6,16.4,21.8,21.8,0.0,17.0,63,20.8,42.8,61,Rain: Moderate,0,0,
29558,2021-10-02 22:34:00,40.85153,-73.8649,2,0,Passing Too Closely,4464736,23.7,10.8,0.0,0.0,0.0,0.0,3,17.0,34.2,254,Overcast,2,2,
29559,2021-10-04 03:12:00,40.63228,-73.937416,3,0,Driver Inexperience,4464156,20.6,16.4,21.8,21.8,0.0,17.0,63,20.8,42.8,61,Rain: Moderate,3,3,
29560,2021-10-04 18:35:00,40.668774,-73.91693,0,0,Unsafe Lane Changing,4464544,20.6,16.4,21.8,21.8,0.0,17.0,63,20.8,42.8,61,Rain: Moderate,0,0,
29561,2021-10-04 19:00:00,40.71537,-73.95823,0,0,Unspecified,4464194,20.6,16.4,21.8,21.8,0.0,17.0,63,20.8,42.8,61,Rain: Moderate,0,0,
29562,2021-09-23 18:25:00,40.5763,-73.96854,0,0,Driver Inattention/Distraction,4464801,26.2,18.0,15.6,15.6,0.0,14.0,63,40.7,77.4,156,Rain: Moderate,0,0,
29563,2021-10-04 12:15:00,40.73398,-73.95995,0,0,Backing Unsafely,4464262,20.6,16.4,21.8,21.8,0.0,17.0,63,20.8,42.8,61,Rain: Moderate,0,0,
29564,2021-10-04 10:50:00,40.652554,-73.92078,0,0,Unspecified,4464066,20.6,16.4,21.8,21.8,0.0,17.0,63,20.8,42.8,61,Rain: Moderate,0,0,
29565,2021-10-04 01:05:00,40.83552,-73.840996,0,0,Driver Inexperience,4463935,20.6,16.4,21.8,21.8,0.0,17.0,63,20.8,42.8,61,Rain: Moderate,0,0,
29566,2021-10-04 19:45:00,40.68837,-73.944916,1,0,Backing Unsafely,4464377,20.6,16.4,21.8,21.8,0.0,17.0,63,20.8,42.8,61,Rain: Moderate,1,1,
29567,2021-10-04 10:15:00,40.776188,-73.90596,0,0,Driver Inattention/Distraction,4464574,20.6,16.4,21.8,21.8,0.0,17.0,63,20.8,42.8,61,Rain: Moderate,0,0,
29568,2021-10-04 17:35:00,40.68993,-73.98148,1,0,View Obstructed/Limited,4464120,20.6,16.4,21.8,21.8,0.0,17.0,63,20.8,42.8,61,Rain: Moderate,1,1,
29569,2021-10-04 07:59:00,40.677578,-73.88602,0,0,Unspecified,4464113,20.6,16.4,21.8,21.8,0.0,17.0,63,20.8,42.8,61,Rain: Moderate,0,0,
29570,2021-10-04 17:20:00,40.63416,-74.12194,2,0,Driver Inexperience,4464421,20.6,16.4,21.8,21.8,0.0,17.0,63,20.8,42.8,61,Rain: Moderate,2,2,
29571,2021-07-15 00:20:00,40.825165,-73.86699,0,0,Other Vehicular,4464777,29.3,21.2,0.1,0.1,0.0,1.0,51,13.7,27.4,212,Drizzle: Light,0,0,
29572,2021-10-04 07:10:00,40.788776,-73.79135,0,0,Obstruction/Debris,4464185,20.6,16.4,21.8,21.8,0.0,17.0,63,20.8,42.8,61,Rain: Moderate,0,0,
29573,2021-10-04 11:30:00,40.814636,-73.920334,0,0,Unspecified,4464221,20.6,16.4,21.8,21.8,0.0,17.0,63,20.8,42.8,61,Rain: Moderate,0,0,
29574,2021-09-29 08:30:00,40.756107,-73.90071,0,0,Unspecified,4464648,19.9,11.3,0.0,0.0,0.0,0.0,3,20.6,41.8,331,Overcast,0,0,
29575,2021-10-04 16:20:00,40.82054,-73.930786,0,0,Backing Unsafely,4464245,20.6,16.4,21.8,21.8,0.0,17.0,63,20.8,42.8,61,Rain: Moderate,0,0,
29576,2021-10-04 13:50:00,40.591312,-73.99388,0,0,Reaction to Uninvolved Vehicle,4464166,20.6,16.4,21.8,21.8,0.0,17.0,63,20.8,42.8,61,Rain: Moderate,0,0,
29577,2021-09-29 16:36:00,40.696823,-73.91487,0,0,Driver Inattention/Distraction,4464622,19.9,11.3,0.0,0.0,0.0,0.0,3,20.6,41.8,331,Overcast,0,0,
29578,2021-10-02 02:53:00,40.72543,-73.99678,1,0,Following Too Closely,4464635,23.7,10.8,0.0,0.0,0.0,0.0,3,17.0,34.2,254,Overcast,1,1,
29579,2021-09-30 19:16:00,40.76853,-73.912346,0,0,Driver Inattention/Distraction,4464654,18.8,13.1,0.0,0.0,0.0,0.0,3,18.1,37.4,330,Overcast,0,0,
29580,2021-10-04 18:57:00,40.761486,-73.96061,1,0,Driver Inattention/Distraction,4464206,20.6,16.4,21.8,21.8,0.0,17.0,63,20.8,42.8,61,Rain: Moderate,1,1,
29581,2021-12-10 17:40:00,40.67645,-73.97411,6,0,Traffic Control Disregarded,4486317,8.5,1.6,0.0,0.0,0.0,0.0,3,9.8,20.5,183,Overcast,6,6,
29582,2021-12-11 19:33:00,40.819572,-73.95175,0,0,Backing Unsafely,4486257,17.3,5.0,8.1,8.1,0.0,5.0,63,35.0,67.0,206,Rain: Moderate,0,0,
29583,2021-12-11 19:00:00,40.617455,-73.98426,0,0,Driver Inattention/Distraction,4486058,17.3,5.0,8.1,8.1,0.0,5.0,63,35.0,67.0,206,Rain: Moderate,0,0,
29584,2021-12-08 21:41:00,40.68305,-73.97377,1,0,Traffic Control Disregarded,4486038,4.7,0.9,0.7,0.7,0.0,2.0,51,14.5,24.8,355,Drizzle: Light,1,1,
29585,2021-12-11 02:10:00,40.762794,-73.83558,1,0,View Obstructed/Limited,4485289,17.3,5.0,8.1,8.1,0.0,5.0,63,35.0,67.0,206,Rain: Moderate,1,1,
29586,2021-12-11 16:42:00,40.757504,-73.92266,1,0,Driver Inattention/Distraction,4485570,17.3,5.0,8.1,8.1,0.0,5.0,63,35.0,67.0,206,Rain: Moderate,1,1,
29587,2021-12-11 15:45:00,40.68217,-73.83105,1,0,Following Too Closely,4485871,17.3,5.0,8.1,8.1,0.0,5.0,63,35.0,67.0,206,Rain: Moderate,1,1,
29588,2021-12-11 10:18:00,40.692356,-73.94282,1,0,Driver Inattention/Distraction,4485665,17.3,5.0,8.1,8.1,0.0,5.0,63,35.0,67.0,206,Rain: Moderate,1,1,
29589,2021-12-08 20:30:00,40.663643,-73.89084,0,0,Driver Inattention/Distraction,4486012,4.7,0.9,0.7,0.7,0.0,2.0,51,14.5,24.8,355,Drizzle: Light,0,0,
29590,2021-12-08 09:30:00,40.824207,-73.858795,1,0,Unspecified,4486107,4.7,0.9,0.7,0.7,0.0,2.0,51,14.5,24.8,355,Drizzle: Light,1,1,
29591,2021-12-11 02:43:00,40.8229,-73.83599,2,0,Reaction to Uninvolved Vehicle,4485313,17.3,5.0,8.1,8.1,0.0,5.0,63,35.0,67.0,206,Rain: Moderate,2,2,
29592,2021-12-11 12:30:00,40.836437,-73.88498,0,0,Backing Unsafely,4485677,17.3,5.0,8.1,8.1,0.0,5.0,63,35.0,67.0,206,Rain: Moderate,0,0,
29593,2021-12-11 12:10:00,40.66827,-73.90263,0,0,Driver Inattention/Distraction,4486056,17.3,5.0,8.1,8.1,0.0,5.0,63,35.0,67.0,206,Rain: Moderate,0,0,
29594,2021-12-10 13:00:00,40.67127,-73.900024,0,0,Driver Inattention/Distraction,4486094,8.5,1.6,0.0,0.0,0.0,0.0,3,9.8,20.5,183,Overcast,0,0,
29595,2021-12-10 18:50:00,40.701054,-73.80787,2,0,Driver Inattention/Distraction,4485990,8.5,1.6,0.0,0.0,0.0,0.0,3,9.8,20.5,183,Overcast,2,2,
29596,2021-12-11 18:36:00,40.686756,-73.9938,1,0,Pedestrian/Bicyclist/Other Pedestrian Error/Confusion,4485467,17.3,5.0,8.1,8.1,0.0,5.0,63,35.0,67.0,206,Rain: Moderate,1,1,
29597,2021-12-08 03:15:00,40.731445,-73.720535,1,0,Failure to Yield Right-of-Way,4486287,4.7,0.9,0.7,0.7,0.0,2.0,51,14.5,24.8,355,Drizzle: Light,1,1,
29598,2021-12-11 22:54:00,40.710262,-73.953865,0,0,Failure to Yield Right-of-Way,4485800,17.3,5.0,8.1,8.1,0.0,5.0,63,35.0,67.0,206,Rain: Moderate,0,0,
29599,2021-12-11 08:50:00,40.713955,-73.95794,1,0,View Obstructed/Limited,4485900,17.3,5.0,8.1,8.1,0.0,5.0,63,35.0,67.0,206,Rain: Moderate,1,1,
29600,2021-12-11 11:40:00,40.844482,-73.87942,0,0,Driver Inattention/Distraction,4485950,17.3,5.0,8.1,8.1,0.0,5.0,63,35.0,67.0,206,Rain: Moderate,0,0,
29601,2021-12-11 16:25:00,40.789433,-73.84558,0,0,Passing or Lane Usage Improper,4485444,17.3,5.0,8.1,8.1,0.0,5.0,63,35.0,67.0,206,Rain: Moderate,0,0,
29602,2021-12-11 01:12:00,40.769817,-73.78237,0,0,Fatigued/Drowsy,4485405,17.3,5.0,8.1,8.1,0.0,5.0,63,35.0,67.0,206,Rain: Moderate,0,0,
29603,2021-12-11 16:01:00,40.787685,-73.97502,1,0,Driver Inattention/Distraction,4486183,17.3,5.0,8.1,8.1,0.0,5.0,63,35.0,67.0,206,Rain: Moderate,1,1,
29604,2021-12-11 10:30:00,40.694138,-73.92649,0,0,Passing or Lane Usage Improper,4485406,17.3,5.0,8.1,8.1,0.0,5.0,63,35.0,67.0,206,Rain: Moderate,0,0,
29605,2022-09-21 00:26:00,40.68067,-73.885826,0,0,Traffic Control Disregarded,4566232,26.5,16.0,0.0,0.0,0.0,0.0,3,19.4,36.7,252,Overcast,0,0,
29606,2022-09-21 07:20:00,40.678783,-73.91094,0,0,Obstruction/Debris,4567017,26.5,16.0,0.0,0.0,0.0,0.0,3,19.4,36.7,252,Overcast,0,0,
29607,2022-08-31 01:49:00,40.89964,-73.85224,0,0,Traffic Control Disregarded,4567090,28.7,20.4,0.8,0.8,0.0,4.0,51,20.6,40.3,289,Drizzle: Light,0,0,
29608,2022-09-21 23:20:00,40.772327,-73.94531,0,0,Traffic Control Disregarded,4566440,26.5,16.0,0.0,0.0,0.0,0.0,3,19.4,36.7,252,Overcast,0,0,
29609,2022-09-20 10:10:00,40.854115,-73.89091,0,0,Following Too Closely,4566526,25.7,17.7,0.0,0.0,0.0,0.0,3,19.0,35.3,296,Overcast,0,0,
29610,2022-09-12 23:19:00,40.608814,-73.973,1,0,Unspecified,4566558,28.0,20.2,8.9,8.9,0.0,7.0,63,14.9,26.6,230,Rain: Moderate,1,1,
29611,2022-09-18 19:44:00,40.68597,-73.92668,1,0,Failure to Yield Right-of-Way,4567101,28.7,17.1,0.0,0.0,0.0,0.0,3,20.2,36.7,233,Overcast,1,1,
29612,2022-09-21 00:12:00,40.831055,-73.905846,1,0,Failure to Yield Right-of-Way,4565930,26.5,16.0,0.0,0.0,0.0,0.0,3,19.4,36.7,252,Overcast,1,1,
29613,2022-09-22 03:17:00,40.815975,-73.94322,0,0,Alcohol Involvement,4567312,24.9,14.3,9.1,9.1,0.0,7.0,63,24.6,44.6,273,Rain: Moderate,0,0,
29614,2022-09-21 18:44:00,40.68442,-73.97839,1,0,Unspecified,4566699,26.5,16.0,0.0,0.0,0.0,0.0,3,19.4,36.7,252,Overcast,1,1,
29615,2022-09-21 20:24:00,40.675644,-73.90145,0,0,Unspecified,4566237,26.5,16.0,0.0,0.0,0.0,0.0,3,19.4,36.7,252,Overcast,0,0,
29616,2022-09-22 19:30:00,40.684116,-73.83273,1,0,Unspecified,4566486,24.9,14.3,9.1,9.1,0.0,7.0,63,24.6,44.6,273,Rain: Moderate,1,1,
29617,2022-09-22 13:00:00,40.723488,-73.99046,0,0,Driver Inattention/Distraction,4566629,24.9,14.3,9.1,9.1,0.0,7.0,63,24.6,44.6,273,Rain: Moderate,0,0,
29618,2022-09-19 10:55:00,40.715813,-73.940025,0,0,Driver Inattention/Distraction,4567318,30.1,19.0,4.9,4.9,0.0,3.0,63,22.4,44.3,241,Rain: Moderate,0,0,
29619,2022-09-23 18:45:00,40.76652,-73.82753,0,0,Aggressive Driving/Road Rage,4566690,16.4,10.0,0.0,0.0,0.0,0.0,0,31.1,56.9,323,Clear sky,0,0,Sunny/Clear Conditions
29620,2022-08-24 17:25:00,40.819267,-73.884865,2,0,Traffic Control Disregarded,4566977,31.1,19.8,0.0,0.0,0.0,0.0,2,14.5,28.4,289,Partly cloudy,2,2,
29621,2022-09-23 00:00:00,40.685947,-73.95943,1,0,Backing Unsafely,4566768,16.4,10.0,0.0,0.0,0.0,0.0,0,31.1,56.9,323,Clear sky,1,1,Sunny/Clear Conditions
29622,2022-09-23 16:50:00,40.69889,-73.91753,0,0,Passing Too Closely,4566928,16.4,10.0,0.0,0.0,0.0,0.0,0,31.1,56.9,323,Clear sky,0,0,Sunny/Clear Conditions
29623,2022-09-12 03:43:00,0.0,0.0,0,0,Traffic Control Disregarded,4566519,28.0,20.2,8.9,8.9,0.0,7.0,63,14.9,26.6,230,Rain: Moderate,0,0,
29624,2022-09-23 13:40:00,40.732677,-74.00477,0,0,Driver Inattention/Distraction,4567007,16.4,10.0,0.0,0.0,0.0,0.0,0,31.1,56.9,323,Clear sky,0,0,Sunny/Clear Conditions
29625,2022-09-21 00:30:00,40.652973,-73.94401,0,0,Unspecified,4566907,26.5,16.0,0.0,0.0,0.0,0.0,3,19.4,36.7,252,Overcast,0,0,
29626,2022-09-22 22:57:00,40.72391,-73.948845,0,0,Alcohol Involvement,4567297,24.9,14.3,9.1,9.1,0.0,7.0,63,24.6,44.6,273,Rain: Moderate,0,0,
29627,2022-09-21 06:26:00,40.711006,-74.003624,0,0,Unspecified,4565942,26.5,16.0,0.0,0.0,0.0,0.0,3,19.4,36.7,252,Overcast,0,0,
29628,2022-09-19 14:40:00,40.881435,-73.82635,0,0,Driver Inexperience,4566635,30.1,19.0,4.9,4.9,0.0,3.0,63,22.4,44.3,241,Rain: Moderate,0,0,
29629,2022-09-22 08:37:00,40.686146,-73.85891,1,0,Driverless/Runaway Vehicle,4566634,24.9,14.3,9.1,9.1,0.0,7.0,63,24.6,44.6,273,Rain: Moderate,1,1,
29630,2022-09-21 12:00:00,40.64316,-74.01922,2,0,Driver Inexperience,4566816,26.5,16.0,0.0,0.0,0.0,0.0,3,19.4,36.7,252,Overcast,2,2,
29631,2022-09-21 16:34:00,40.828976,-73.87641,1,0,Driver Inattention/Distraction,4566276,26.5,16.0,0.0,0.0,0.0,0.0,3,19.4,36.7,252,Overcast,1,1,
29632,2022-09-16 09:30:00,40.755833,-73.92816,0,0,Driver Inattention/Distraction,4566754,23.7,11.9,0.0,0.0,0.0,0.0,3,10.3,21.6,336,Overcast,0,0,
29633,2022-09-18 23:00:00,40.90348,-73.85035,1,0,Driver Inattention/Distraction,4567169,28.7,17.1,0.0,0.0,0.0,0.0,3,20.2,36.7,233,Overcast,1,1,
29634,2022-09-20 23:50:00,40.688793,-73.96071,1,0,Driver Inattention/Distraction,4567066,25.7,17.7,0.0,0.0,0.0,0.0,3,19.0,35.3,296,Overcast,1,1,
29635,2022-09-23 10:33:00,40.74678,-73.919876,1,0,Brakes Defective,4566722,16.4,10.0,0.0,0.0,0.0,0.0,0,31.1,56.9,323,Clear sky,1,1,Sunny/Clear Conditions
29636,2022-09-23 16:55:00,0.0,0.0,1,0,Unspecified,4567041,16.4,10.0,0.0,0.0,0.0,0.0,0,31.1,56.9,323,Clear sky,1,1,Sunny/Clear Conditions
29637,2022-09-18 01:40:00,40.865536,-73.92728,0,0,Unsafe Speed,4567107,28.7,17.1,0.0,0.0,0.0,0.0,3,20.2,36.7,233,Overcast,0,0,
29638,2022-09-15 10:00:00,40.63781,-73.98204,0,0,Unspecified,4566590,21.9,15.6,0.0,0.0,0.0,0.0,1,18.2,37.1,328,Mainly clear,0,0,Sunny/Clear Conditions
29639,2022-09-23 08:00:00,40.571,-74.134285,0,0,Driver Inattention/Distraction,4566801,16.4,10.0,0.0,0.0,0.0,0.0,0,31.1,56.9,323,Clear sky,0,0,Sunny/Clear Conditions
29640,2022-09-22 10:00:00,40.67793,-73.87189,1,0,Unspecified,4566304,24.9,14.3,9.1,9.1,0.0,7.0,63,24.6,44.6,273,Rain: Moderate,1,1,
29641,2022-07-23 05:00:00,40.68484,-73.80607,0,0,Passing or Lane Usage Improper,4566993,35.2,23.1,0.0,0.0,0.0,0.0,3,23.7,47.2,206,Overcast,0,0,
29642,2022-09-23 03:00:00,40.764362,-73.96162,0,0,Following Too Closely,4567245,16.4,10.0,0.0,0.0,0.0,0.0,0,31.1,56.9,323,Clear sky,0,0,Sunny/Clear Conditions
29643,2022-09-21 09:50:00,40.77719,-73.95225,1,0,Driver Inattention/Distraction,4566353,26.5,16.0,0.0,0.0,0.0,0.0,3,19.4,36.7,252,Overcast,1,1,
29644,2022-09-23 13:30:00,40.824703,-73.944275,0,0,Oversized Vehicle,4566654,16.4,10.0,0.0,0.0,0.0,0.0,0,31.1,56.9,323,Clear sky,0,0,Sunny/Clear Conditions
29645,2022-09-21 07:30:00,40.832684,-73.93968,1,0,Failure to Yield Right-of-Way,4566388,26.5,16.0,0.0,0.0,0.0,0.0,3,19.4,36.7,252,Overcast,1,1,
29646,2022-09-21 15:25:00,40.71144,-74.00086,0,0,Unspecified,4566069,26.5,16.0,0.0,0.0,0.0,0.0,3,19.4,36.7,252,Overcast,0,0,
29647,2022-09-21 23:05:00,40.877945,-73.86616,0,0,Backing Unsafely,4567145,26.5,16.0,0.0,0.0,0.0,0.0,3,19.4,36.7,252,Overcast,0,0,
29648,2022-09-11 00:20:00,40.75108,-73.98686,0,0,Turning Improperly,4567057,24.5,18.9,12.9,12.9,0.0,13.0,61,12.4,22.0,205,Rain: Light,0,0,
29649,2022-09-21 14:38:00,40.68087,-73.97515,1,0,Unsafe Lane Changing,4567263,26.5,16.0,0.0,0.0,0.0,0.0,3,19.4,36.7,252,Overcast,1,1,
29650,2022-09-23 10:30:00,40.840225,-73.91769,1,0,Failure to Yield Right-of-Way,4566667,16.4,10.0,0.0,0.0,0.0,0.0,0,31.1,56.9,323,Clear sky,1,1,Sunny/Clear Conditions
29651,2022-09-21 02:40:00,40.75587,-73.972824,0,0,Passing Too Closely,4566022,26.5,16.0,0.0,0.0,0.0,0.0,3,19.4,36.7,252,Overcast,0,0,
29652,2022-09-22 15:59:00,40.724804,-74.003746,0,0,Driver Inattention/Distraction,4566538,24.9,14.3,9.1,9.1,0.0,7.0,63,24.6,44.6,273,Rain: Moderate,0,0,
29653,2022-09-22 17:39:00,40.81307,-73.91998,0,0,Unspecified,4566551,24.9,14.3,9.1,9.1,0.0,7.0,63,24.6,44.6,273,Rain: Moderate,0,0,
29654,2022-09-22 14:30:00,40.78588,-73.94884,0,0,Following Too Closely,4566570,24.9,14.3,9.1,9.1,0.0,7.0,63,24.6,44.6,273,Rain: Moderate,0,0,
29655,2022-09-03 22:45:00,40.69024,-73.9482,0,0,Driver Inattention/Distraction,4566686,26.8,17.3,0.0,0.0,0.0,0.0,3,17.3,32.0,143,Overcast,0,0,
29656,2022-09-21 11:46:00,40.881073,-73.878494,0,0,Backing Unsafely,4566061,26.5,16.0,0.0,0.0,0.0,0.0,3,19.4,36.7,252,Overcast,0,0,
29657,2021-10-05 10:17:00,40.76394,-73.828156,0,0,Turning Improperly,4464354,19.9,15.0,0.0,0.0,0.0,0.0,3,14.5,28.1,46,Overcast,0,0,
29658,2022-09-21 12:45:00,40.768124,-73.90383,0,0,Reaction to Uninvolved Vehicle,4566024,26.5,16.0,0.0,0.0,0.0,0.0,3,19.4,36.7,252,Overcast,0,0,
29659,2022-08-25 02:16:00,40.82255,-73.88573,0,0,Unspecified,4566972,32.2,19.6,0.0,0.0,0.0,0.0,3,19.9,36.0,240,Overcast,0,0,
29660,2022-09-22 09:15:00,40.845985,-73.866394,0,0,Other Vehicular,4566506,24.9,14.3,9.1,9.1,0.0,7.0,63,24.6,44.6,273,Rain: Moderate,0,0,
29661,2022-09-21 17:40:00,40.69112,-73.953575,0,0,Brakes Defective,4566124,26.5,16.0,0.0,0.0,0.0,0.0,3,19.4,36.7,252,Overcast,0,0,
29662,2022-09-16 19:09:00,40.882328,-73.85369,1,0,Failure to Yield Right-of-Way,4567079,23.7,11.9,0.0,0.0,0.0,0.0,3,10.3,21.6,336,Overcast,1,1,
29663,2022-09-21 06:30:00,40.75372,-73.83283,1,0,Unspecified,4565973,26.5,16.0,0.0,0.0,0.0,0.0,3,19.4,36.7,252,Overcast,1,1,
29664,2023-01-15 00:00:00,40.68895,-73.74135,0,0,Driver Inattention/Distraction,4597908,4.7,-2.1,0.0,0.0,0.0,0.0,3,29.5,53.6,354,Overcast,0,0,
29665,2022-09-22 10:21:00,40.83512,-73.94552,1,0,Following Too Closely,4566387,24.9,14.3,9.1,9.1,0.0,7.0,63,24.6,44.6,273,Rain: Moderate,1,1,
29666,2022-09-16 16:09:00,40.8829,-73.84607,0,0,Driver Inattention/Distraction,4567074,23.7,11.9,0.0,0.0,0.0,0.0,3,10.3,21.6,336,Overcast,0,0,
29667,2022-09-22 15:51:00,40.88756,-73.866394,0,0,Backing Unsafely,4567148,24.9,14.3,9.1,9.1,0.0,7.0,63,24.6,44.6,273,Rain: Moderate,0,0,
29668,2022-09-17 13:14:00,40.733524,-73.989876,1,0,Pedestrian/Bicyclist/Other Pedestrian Error/Confusion,4566622,22.9,16.8,0.0,0.0,0.0,0.0,3,16.9,32.0,115,Overcast,1,1,
29669,2022-09-23 20:15:00,40.74423,-73.86105,1,0,Driver Inattention/Distraction,4566759,16.4,10.0,0.0,0.0,0.0,0.0,0,31.1,56.9,323,Clear sky,1,1,Sunny/Clear Conditions
29670,2022-09-21 18:55:00,40.76281,-73.99317,0,0,Unspecified,4566225,26.5,16.0,0.0,0.0,0.0,0.0,3,19.4,36.7,252,Overcast,0,0,
29671,2022-09-23 22:10:00,40.61324,-73.93898,0,0,Unspecified,4566894,16.4,10.0,0.0,0.0,0.0,0.0,0,31.1,56.9,323,Clear sky,0,0,Sunny/Clear Conditions
29672,2022-09-13 07:20:00,40.68437,-73.91304,3,0,Alcohol Involvement,4566935,26.0,20.5,8.3,8.3,0.0,16.0,61,19.5,33.8,219,Rain: Light,3,3,
29673,2022-09-22 09:54:00,40.672768,-73.98672,1,0,Failure to Yield Right-of-Way,4567259,24.9,14.3,9.1,9.1,0.0,7.0,63,24.6,44.6,273,Rain: Moderate,1,1,
29674,2022-09-18 19:15:00,40.522144,-74.234985,0,0,Unspecified,4567045,28.7,17.1,0.0,0.0,0.0,0.0,3,20.2,36.7,233,Overcast,0,0,
29675,2022-09-21 19:37:00,40.689835,-73.93222,0,0,Driver Inexperience,4567111,26.5,16.0,0.0,0.0,0.0,0.0,3,19.4,36.7,252,Overcast,0,0,