,CRASH DATETIME,LATITUDE,LONGITUDE,NUMBER OF PERSONS INJURED,NUMBER OF PERSONS KILLED,CONTRIBUTING FACTOR VEHICLE 1,COLLISION_ID,temperature_2m_max,temperature_2m_min,precipitation_sum,rain_sum,snowfall_sum,precipitation_hours,weather_code,wind_speed_10m_max,wind_gusts_10m_max,wind_direction_10m_dominant,Weather Description,Severity_Score,Total_Affected_Persons,Weather_Category
29676,2022-09-23 23:30:00,40.732887,-73.920586,0,0,Unsafe Speed,4567181,16.4,10.0,0.0,0.0,0.0,0.0,0,31.1,56.9,323,Clear sky,0,0,Sunny/Clear Conditions
29677,2022-09-21 14:14:00,40.74216,-73.804436,0,0,Following Too Closely,4566242,26.5,16.0,0.0,0.0,0.0,0.0,3,19.4,36.7,252,Overcast,0,0,
29678,2022-09-17 23:05:00,40.628876,-73.98043,0,0,Alcohol Involvement,4566594,22.9,16.8,0.0,0.0,0.0,0.0,3,16.9,32.0,115,Overcast,0,0,
29679,2022-09-22 10:40:00,40.640274,-73.99025,0,0,Unspecified,4566607,24.9,14.3,9.1,9.1,0.0,7.0,63,24.6,44.6,273,Rain: Moderate,0,0,
29680,2022-09-21 12:00:00,40.595703,-74.084915,1,0,Driver Inattention/Distraction,4566413,26.5,16.0,0.0,0.0,0.0,0.0,3,19.4,36.7,252,Overcast,1,1,
29681,2022-09-22 17:30:00,40.727207,-73.90742,2,0,Unspecified,4566710,24.9,14.3,9.1,9.1,0.0,7.0,63,24.6,44.6,273,Rain: Moderate,2,2,
29682,2022-06-30 14:50:00,40.719048,-73.99648,0,0,Unspecified,4543224,31.2,17.3,0.0,0.0,0.0,0.0,2,19.1,37.4,274,Partly cloudy,0,0,
29683,2021-05-24 22:46:00,40.675186,-73.933304,2,0,Driver Inattention/Distraction,4421062,18.9,13.7,0.0,0.0,0.0,0.0,3,22.4,44.3,126,Overcast,2,2,
29684,2021-06-01 14:45:00,40.80934,-73.91248,1,0,Failure to Yield Right-of-Way,4422710,23.5,9.7,0.0,0.0,0.0,0.0,3,17.6,32.0,221,Overcast,1,1,
29685,2021-05-31 21:00:00,40.72089,-73.99576,1,0,Driver Inattention/Distraction,4424744,20.3,9.3,0.7,0.7,0.0,5.0,51,20.9,40.7,318,Drizzle: Light,1,1,
29686,2021-06-05 02:38:00,40.71906,-73.995605,0,0,Driver Inattention/Distraction,4424748,31.3,17.3,0.0,0.0,0.0,0.0,2,20.9,43.9,247,Partly cloudy,0,0,
29687,2021-06-04 08:40:00,40.622078,-73.95084,2,0,Unspecified,4424740,25.3,17.4,6.5,6.5,0.0,10.0,61,17.9,37.8,235,Rain: Light,2,2,
29688,2021-05-26 12:10:00,40.760525,-73.97998,1,0,Turning Improperly,4424752,29.5,17.4,0.1,0.1,0.0,1.0,51,23.4,45.7,210,Drizzle: Light,1,1,
29689,2021-06-04 09:30:00,40.714714,-73.992836,0,0,Driver Inattention/Distraction,4424766,25.3,17.4,6.5,6.5,0.0,10.0,61,17.9,37.8,235,Rain: Light,0,0,
29690,2021-04-16 14:30:00,40.72135,-74.00465,0,0,Aggressive Driving/Road Rage,4424762,11.8,3.7,2.9,2.9,0.0,12.0,53,23.5,49.0,307,Drizzle: Moderate,0,0,
29691,2021-06-05 23:04:00,40.592857,-73.77531,0,0,Unspecified,4424741,31.3,17.3,0.0,0.0,0.0,0.0,2,20.9,43.9,247,Partly cloudy,0,0,
29692,2021-06-01 13:45:00,40.716084,-74.001434,0,0,Unsafe Lane Changing,4424765,23.5,9.7,0.0,0.0,0.0,0.0,3,17.6,32.0,221,Overcast,0,0,
29693,2021-06-02 07:45:00,40.74992,-73.87394,0,0,Unspecified,4424763,22.4,13.0,0.0,0.0,0.0,0.0,3,16.7,34.9,176,Overcast,0,0,
29694,2021-05-08 21:00:00,40.58313,-73.9654,0,0,Alcohol Involvement,4424743,11.6,7.7,4.3,4.3,0.0,9.0,61,17.5,36.4,140,Rain: Light,0,0,
29695,2022-09-22 09:45:00,40.595844,-73.97842,2,0,Unspecified,4566320,24.9,14.3,9.1,9.1,0.0,7.0,63,24.6,44.6,273,Rain: Moderate,2,2,
29696,2022-09-22 07:51:00,40.75703,-73.938126,5,0,Failure to Yield Right-of-Way,4567215,24.9,14.3,9.1,9.1,0.0,7.0,63,24.6,44.6,273,Rain: Moderate,5,5,
29697,2022-09-23 14:00:00,40.737797,-73.88272,0,0,Driver Inattention/Distraction,4566832,16.4,10.0,0.0,0.0,0.0,0.0,0,31.1,56.9,323,Clear sky,0,0,Sunny/Clear Conditions
29698,2022-09-11 12:15:00,40.826786,-73.890915,3,0,Unspecified,4566959,24.5,18.9,12.9,12.9,0.0,13.0,61,12.4,22.0,205,Rain: Light,3,3,
29699,2022-09-22 20:56:00,40.845985,-73.884476,1,0,Driver Inattention/Distraction,4567286,24.9,14.3,9.1,9.1,0.0,7.0,63,24.6,44.6,273,Rain: Moderate,1,1,
29700,2022-09-22 08:10:00,40.910633,-73.9047,0,0,Unspecified,4566397,24.9,14.3,9.1,9.1,0.0,7.0,63,24.6,44.6,273,Rain: Moderate,0,0,
29701,2022-09-21 01:30:00,40.8396,-73.929474,0,0,Unsafe Speed,4566010,26.5,16.0,0.0,0.0,0.0,0.0,3,19.4,36.7,252,Overcast,0,0,
29702,2022-09-21 18:30:00,40.828995,-73.860954,1,0,Backing Unsafely,4566671,26.5,16.0,0.0,0.0,0.0,0.0,3,19.4,36.7,252,Overcast,1,1,
29703,2022-09-23 22:00:00,40.811565,-73.942726,1,0,Unspecified,4567309,16.4,10.0,0.0,0.0,0.0,0.0,0,31.1,56.9,323,Clear sky,1,1,Sunny/Clear Conditions
29704,2022-09-21 08:25:00,40.68723,-73.941795,0,0,Reaction to Uninvolved Vehicle,4566084,26.5,16.0,0.0,0.0,0.0,0.0,3,19.4,36.7,252,Overcast,0,0,
29705,2022-09-21 19:10:00,40.77949,-73.95771,1,0,Driver Inattention/Distraction,4566188,26.5,16.0,0.0,0.0,0.0,0.0,3,19.4,36.7,252,Overcast,1,1,
29706,2022-09-14 15:47:00,40.687935,-73.9154,0,0,Passing or Lane Usage Improper,4566917,26.4,15.8,0.0,0.0,0.0,0.0,2,20.1,37.1,283,Partly cloudy,0,0,
29707,2022-09-22 17:00:00,40.847813,-73.90754,1,0,Unspecified,4566534,24.9,14.3,9.1,9.1,0.0,7.0,63,24.6,44.6,273,Rain: Moderate,1,1,
29708,2021-06-05 18:04:00,40.75517,-73.96833,1,0,Driver Inattention/Distraction,4423685,31.3,17.3,0.0,0.0,0.0,0.0,2,20.9,43.9,247,Partly cloudy,1,1,
29709,2021-06-05 14:37:00,40.671474,-73.93088,0,0,Reaction to Uninvolved Vehicle,4423933,31.3,17.3,0.0,0.0,0.0,0.0,2,20.9,43.9,247,Partly cloudy,0,0,
29710,2021-06-05 00:59:00,40.827377,-73.8895,0,0,Unspecified,4423764,31.3,17.3,0.0,0.0,0.0,0.0,2,20.9,43.9,247,Partly cloudy,0,0,
29711,2021-05-31 02:00:00,40.68757,-73.91922,0,0,Driver Inattention/Distraction,4424529,20.3,9.3,0.7,0.7,0.0,5.0,51,20.9,40.7,318,Drizzle: Light,0,0,
29712,2021-05-27 19:05:00,40.78739,-73.938225,0,0,Unspecified,4424496,27.4,18.3,2.4,2.4,0.0,3.0,61,23.5,42.1,313,Rain: Light,0,0,
29713,2021-06-05 19:24:00,40.8349,-73.839966,1,0,Unspecified,4424332,31.3,17.3,0.0,0.0,0.0,0.0,2,20.9,43.9,247,Partly cloudy,1,1,
29714,2021-06-04 20:15:00,40.817883,-73.86025,0,0,Animals Action,4424309,25.3,17.4,6.5,6.5,0.0,10.0,61,17.9,37.8,235,Rain: Light,0,0,
29715,2021-06-05 03:00:00,40.740913,-73.95226,1,0,Driver Inattention/Distraction,4423533,31.3,17.3,0.0,0.0,0.0,0.0,2,20.9,43.9,247,Partly cloudy,1,1,
29716,2021-06-05 23:50:00,40.81616,-73.8944,0,0,Driver Inattention/Distraction,4423721,31.3,17.3,0.0,0.0,0.0,0.0,2,20.9,43.9,247,Partly cloudy,0,0,
29717,2021-06-05 20:51:00,40.756344,-73.91342,0,0,Unspecified,4424708,31.3,17.3,0.0,0.0,0.0,0.0,2,20.9,43.9,247,Partly cloudy,0,0,
29718,2021-06-05 17:05:00,40.6392,-73.938736,0,0,Driver Inattention/Distraction,4424077,31.3,17.3,0.0,0.0,0.0,0.0,2,20.9,43.9,247,Partly cloudy,0,0,
29719,2021-06-05 17:32:00,40.767185,-73.98997,0,0,Backing Unsafely,4424272,31.3,17.3,0.0,0.0,0.0,0.0,2,20.9,43.9,247,Partly cloudy,0,0,
29720,2021-06-04 21:15:00,40.661125,-73.8947,0,0,Unspecified,4424362,25.3,17.4,6.5,6.5,0.0,10.0,61,17.9,37.8,235,Rain: Light,0,0,
29721,2021-06-04 18:00:00,40.61132,-74.114716,0,0,Passing Too Closely,4424446,25.3,17.4,6.5,6.5,0.0,10.0,61,17.9,37.8,235,Rain: Light,0,0,
29722,2021-06-05 03:49:00,40.797867,-73.96758,0,0,Driverless/Runaway Vehicle,4423559,31.3,17.3,0.0,0.0,0.0,0.0,2,20.9,43.9,247,Partly cloudy,0,0,
29723,2022-09-21 05:39:00,40.87617,-73.84904,0,0,Pedestrian/Bicyclist/Other Pedestrian Error/Confusion,4567132,26.5,16.0,0.0,0.0,0.0,0.0,3,19.4,36.7,252,Overcast,0,0,
29724,2021-06-02 21:05:00,40.65906,-73.88459,2,0,Driver Inexperience,4424330,22.4,13.0,0.0,0.0,0.0,0.0,3,16.7,34.9,176,Overcast,2,2,
29725,2021-06-01 21:04:00,40.58116,-73.853,1,0,Failure to Yield Right-of-Way,4424616,23.5,9.7,0.0,0.0,0.0,0.0,3,17.6,32.0,221,Overcast,1,1,
29726,2021-06-04 17:00:00,40.676144,-73.893074,1,0,Failure to Yield Right-of-Way,4424353,25.3,17.4,6.5,6.5,0.0,10.0,61,17.9,37.8,235,Rain: Light,1,1,
29727,2021-06-05 18:20:00,40.807808,-73.92384,0,0,Unspecified,4424211,31.3,17.3,0.0,0.0,0.0,0.0,2,20.9,43.9,247,Partly cloudy,0,0,
29728,2021-06-05 10:34:00,40.75855,-73.82964,1,0,Unspecified,4423580,31.3,17.3,0.0,0.0,0.0,0.0,2,20.9,43.9,247,Partly cloudy,1,1,
29729,2021-06-05 18:00:00,40.611313,-74.09844,0,0,Driver Inattention/Distraction,4424641,31.3,17.3,0.0,0.0,0.0,0.0,2,20.9,43.9,247,Partly cloudy,0,0,
29730,2021-06-04 11:35:00,40.636196,-74.12153,1,0,Unspecified,4424640,25.3,17.4,6.5,6.5,0.0,10.0,61,17.9,37.8,235,Rain: Light,1,1,
29731,2021-06-05 15:35:00,40.616047,-74.025734,0,0,Driver Inattention/Distraction,4423666,31.3,17.3,0.0,0.0,0.0,0.0,2,20.9,43.9,247,Partly cloudy,0,0,
29732,2021-06-04 15:03:00,40.657536,-73.902756,1,0,Unspecified,4424579,25.3,17.4,6.5,6.5,0.0,10.0,61,17.9,37.8,235,Rain: Light,1,1,
29733,2022-09-19 07:15:00,40.72565,-73.93205,1,0,Unspecified,4567322,30.1,19.0,4.9,4.9,0.0,3.0,63,22.4,44.3,241,Rain: Moderate,1,1,
29734,2021-06-05 20:50:00,40.67752,-73.93123,1,0,Following Too Closely,4423941,31.3,17.3,0.0,0.0,0.0,0.0,2,20.9,43.9,247,Partly cloudy,1,1,
29735,2021-05-20 17:50:00,40.761673,-73.9982,1,0,Pedestrian/Bicyclist/Other Pedestrian Error/Confusion,4424508,22.2,12.5,0.0,0.0,0.0,0.0,3,19.0,38.2,147,Overcast,1,1,
29736,2021-06-05 08:30:00,40.67164,-73.95034,0,0,Driver Inexperience,4424017,31.3,17.3,0.0,0.0,0.0,0.0,2,20.9,43.9,247,Partly cloudy,0,0,
29737,2021-06-05 01:27:00,40.676743,-73.99967,0,0,Steering Failure,4424154,31.3,17.3,0.0,0.0,0.0,0.0,2,20.9,43.9,247,Partly cloudy,0,0,
29738,2021-06-05 04:55:00,40.688473,-73.80857,0,0,Following Too Closely,4423644,31.3,17.3,0.0,0.0,0.0,0.0,2,20.9,43.9,247,Partly cloudy,0,0,
29739,2021-06-05 03:30:00,40.76094,-73.86717,0,0,Driver Inexperience,4423605,31.3,17.3,0.0,0.0,0.0,0.0,2,20.9,43.9,247,Partly cloudy,0,0,
29740,2021-06-05 20:55:00,40.65317,-73.866875,1,0,Unspecified,4424377,31.3,17.3,0.0,0.0,0.0,0.0,2,20.9,43.9,247,Partly cloudy,1,1,
29741,2021-06-02 05:55:00,40.803745,-73.955864,1,0,Unsafe Speed,4424431,22.4,13.0,0.0,0.0,0.0,0.0,3,16.7,34.9,176,Overcast,1,1,
29742,2021-06-05 18:00:00,40.57873,-74.09852,0,0,Passing Too Closely,4424469,31.3,17.3,0.0,0.0,0.0,0.0,2,20.9,43.9,247,Partly cloudy,0,0,
29743,2021-06-05 14:09:00,40.7773,-73.99034,0,0,Driver Inattention/Distraction,4423631,31.3,17.3,0.0,0.0,0.0,0.0,2,20.9,43.9,247,Partly cloudy,0,0,
29744,2021-06-05 13:40:00,40.695908,-73.98322,1,0,Passing Too Closely,4423607,31.3,17.3,0.0,0.0,0.0,0.0,2,20.9,43.9,247,Partly cloudy,1,1,
29745,2021-06-03 16:00:00,40.672855,-73.87131,1,0,Unspecified,4424341,23.0,13.2,11.9,11.9,0.0,10.0,63,13.6,38.9,165,Rain: Moderate,1,1,
29746,2021-06-05 10:00:00,40.688354,-73.913826,0,0,Driver Inattention/Distraction,4424648,31.3,17.3,0.0,0.0,0.0,0.0,2,20.9,43.9,247,Partly cloudy,0,0,
29747,2021-06-05 13:37:00,40.667114,-73.834656,0,0,Driver Inattention/Distraction,4423660,31.3,17.3,0.0,0.0,0.0,0.0,2,20.9,43.9,247,Partly cloudy,0,0,
29748,2021-06-05 05:30:00,40.806965,-73.911674,0,0,Unspecified,4423588,31.3,17.3,0.0,0.0,0.0,0.0,2,20.9,43.9,247,Partly cloudy,0,0,
29749,2021-06-05 13:00:00,40.699818,-73.920135,1,0,Driver Inattention/Distraction,4424147,31.3,17.3,0.0,0.0,0.0,0.0,2,20.9,43.9,247,Partly cloudy,1,1,
29750,2021-06-03 19:00:00,40.67354,-73.95695,1,0,Failure to Yield Right-of-Way,4424598,23.0,13.2,11.9,11.9,0.0,10.0,63,13.6,38.9,165,Rain: Moderate,1,1,
29751,2021-06-05 22:40:00,40.69864,-73.93819,0,0,Alcohol Involvement,4423855,31.3,17.3,0.0,0.0,0.0,0.0,2,20.9,43.9,247,Partly cloudy,0,0,
29752,2021-06-05 21:00:00,40.63333,-73.92083,0,0,Driver Inattention/Distraction,4424523,31.3,17.3,0.0,0.0,0.0,0.0,2,20.9,43.9,247,Partly cloudy,0,0,
29753,2022-09-23 08:55:00,40.713177,-73.99251,0,0,Unspecified,4566666,16.4,10.0,0.0,0.0,0.0,0.0,0,31.1,56.9,323,Clear sky,0,0,Sunny/Clear Conditions
29754,2021-06-05 10:30:00,40.844753,-73.90539,1,0,Passing or Lane Usage Improper,4424182,31.3,17.3,0.0,0.0,0.0,0.0,2,20.9,43.9,247,Partly cloudy,1,1,
29755,2021-06-05 09:14:00,40.74574,-73.86765,0,0,Driver Inattention/Distraction,4424035,31.3,17.3,0.0,0.0,0.0,0.0,2,20.9,43.9,247,Partly cloudy,0,0,
29756,2021-06-05 10:15:00,40.60205,-74.01334,0,0,Driver Inattention/Distraction,4423600,31.3,17.3,0.0,0.0,0.0,0.0,2,20.9,43.9,247,Partly cloudy,0,0,
29757,2021-12-31 06:00:00,40.760704,-73.858246,0,0,Unspecified,4491161,11.1,7.1,2.7,2.7,0.0,5.0,55,14.9,29.2,193,Drizzle: Dense,0,0,
29758,2021-05-30 22:01:00,40.793606,-73.94952,1,0,Traffic Control Disregarded,4424725,11.5,8.5,13.7,13.7,0.0,24.0,61,28.1,52.2,22,Rain: Light,1,1,
29759,2021-06-05 13:16:00,40.628803,-73.92793,0,0,Unspecified,4423651,31.3,17.3,0.0,0.0,0.0,0.0,2,20.9,43.9,247,Partly cloudy,0,0,
29760,2021-06-05 07:29:00,40.629986,-73.97157,3,0,Unsafe Lane Changing,4423744,31.3,17.3,0.0,0.0,0.0,0.0,2,20.9,43.9,247,Partly cloudy,3,3,
29761,2021-06-05 16:35:00,40.682724,-73.88539,1,0,Failure to Yield Right-of-Way,4424373,31.3,17.3,0.0,0.0,0.0,0.0,2,20.9,43.9,247,Partly cloudy,1,1,
29762,2021-06-04 17:30:00,40.597317,-73.75427,0,0,Unspecified,4424719,25.3,17.4,6.5,6.5,0.0,10.0,61,17.9,37.8,235,Rain: Light,0,0,
29763,2021-06-05 12:13:00,40.691433,-73.89063,0,0,Failure to Yield Right-of-Way,4424013,31.3,17.3,0.0,0.0,0.0,0.0,2,20.9,43.9,247,Partly cloudy,0,0,
29764,2021-06-04 06:31:00,40.701706,-73.83655,0,0,Traffic Control Disregarded,4424296,25.3,17.4,6.5,6.5,0.0,10.0,61,17.9,37.8,235,Rain: Light,0,0,
29765,2021-06-05 23:30:00,40.666153,-73.89542,0,0,Unspecified,4424378,31.3,17.3,0.0,0.0,0.0,0.0,2,20.9,43.9,247,Partly cloudy,0,0,
29766,2021-06-05 18:30:00,40.625378,-74.00215,1,0,Driver Inattention/Distraction,4423667,31.3,17.3,0.0,0.0,0.0,0.0,2,20.9,43.9,247,Partly cloudy,1,1,
29767,2021-05-27 23:20:00,40.686085,-73.982666,0,0,Unspecified,4424462,27.4,18.3,2.4,2.4,0.0,3.0,61,23.5,42.1,313,Rain: Light,0,0,
29768,2021-06-05 00:23:00,40.679935,-73.91389,0,0,Unspecified,4423705,31.3,17.3,0.0,0.0,0.0,0.0,2,20.9,43.9,247,Partly cloudy,0,0,
29769,2021-06-03 13:57:00,40.67526,-73.88203,0,0,Unspecified,4424345,23.0,13.2,11.9,11.9,0.0,10.0,63,13.6,38.9,165,Rain: Moderate,0,0,
29770,2021-06-05 09:22:00,40.698036,-73.962845,0,0,Unspecified,4423615,31.3,17.3,0.0,0.0,0.0,0.0,2,20.9,43.9,247,Partly cloudy,0,0,
29771,2021-06-05 14:06:00,40.852863,-73.90093,1,0,Unspecified,4424260,31.3,17.3,0.0,0.0,0.0,0.0,2,20.9,43.9,247,Partly cloudy,1,1,
29772,2021-06-05 08:45:00,40.653267,-73.93927,0,0,Unspecified,4424056,31.3,17.3,0.0,0.0,0.0,0.0,2,20.9,43.9,247,Partly cloudy,0,0,
29773,2021-06-05 22:06:00,40.813564,-73.951324,0,0,Other Vehicular,4424129,31.3,17.3,0.0,0.0,0.0,0.0,2,20.9,43.9,247,Partly cloudy,0,0,
29774,2021-06-05 19:50:00,40.5377,-74.15002,0,0,Lane Marking Improper/Inadequate,4424470,31.3,17.3,0.0,0.0,0.0,0.0,2,20.9,43.9,247,Partly cloudy,0,0,
29775,2021-05-22 15:00:00,40.67581,-73.739555,1,0,Unspecified,4424605,30.5,16.5,0.0,0.0,0.0,0.0,3,19.1,36.4,299,Overcast,1,1,
29776,2021-06-05 23:20:00,40.82413,-73.94098,1,0,Driver Inattention/Distraction,4424241,31.3,17.3,0.0,0.0,0.0,0.0,2,20.9,43.9,247,Partly cloudy,1,1,
29777,2021-06-03 01:00:00,40.66855,-73.90079,0,0,Unspecified,4424337,23.0,13.2,11.9,11.9,0.0,10.0,63,13.6,38.9,165,Rain: Moderate,0,0,
29778,2021-06-05 14:00:00,40.586445,-73.98838,0,0,Driver Inattention/Distraction,4423777,31.3,17.3,0.0,0.0,0.0,0.0,2,20.9,43.9,247,Partly cloudy,0,0,
29779,2021-06-04 22:00:00,40.82371,-73.879,0,0,Unspecified,4424317,25.3,17.4,6.5,6.5,0.0,10.0,61,17.9,37.8,235,Rain: Light,0,0,
29780,2021-06-05 11:00:00,40.81725,-73.82244,0,0,Unspecified,4423834,31.3,17.3,0.0,0.0,0.0,0.0,2,20.9,43.9,247,Partly cloudy,0,0,
29781,2021-06-05 14:45:00,40.670902,-73.99686,0,0,Failure to Yield Right-of-Way,4424532,31.3,17.3,0.0,0.0,0.0,0.0,2,20.9,43.9,247,Partly cloudy,0,0,
29782,2021-06-05 01:05:00,40.662052,-73.93149,0,0,Pavement Slippery,4423715,31.3,17.3,0.0,0.0,0.0,0.0,2,20.9,43.9,247,Partly cloudy,0,0,
29783,2021-05-30 16:30:00,40.687458,-73.801575,1,0,Driver Inattention/Distraction,4424547,11.5,8.5,13.7,13.7,0.0,24.0,61,28.1,52.2,22,Rain: Light,1,1,
29784,2021-06-05 16:32:00,40.842068,-73.8975,0,0,Unspecified,4424682,31.3,17.3,0.0,0.0,0.0,0.0,2,20.9,43.9,247,Partly cloudy,0,0,
29785,2021-06-05 04:00:00,40.676144,-73.893074,0,0,Traffic Control Disregarded,4424366,31.3,17.3,0.0,0.0,0.0,0.0,2,20.9,43.9,247,Partly cloudy,0,0,
29786,2021-06-05 19:19:00,40.82207,-73.89034,1,0,Passing Too Closely,4423673,31.3,17.3,0.0,0.0,0.0,0.0,2,20.9,43.9,247,Partly cloudy,1,1,
29787,2021-06-05 03:52:00,40.761036,-73.98702,0,0,Cell Phone (hand-Held),4424280,31.3,17.3,0.0,0.0,0.0,0.0,2,20.9,43.9,247,Partly cloudy,0,0,
29788,2021-06-05 05:50:00,40.750904,-73.74744,0,0,Driver Inattention/Distraction,4423921,31.3,17.3,0.0,0.0,0.0,0.0,2,20.9,43.9,247,Partly cloudy,0,0,
29789,2021-06-05 18:30:00,40.57688,-73.95288,1,0,Failure to Yield Right-of-Way,4424676,31.3,17.3,0.0,0.0,0.0,0.0,2,20.9,43.9,247,Partly cloudy,1,1,
29790,2021-06-05 22:05:00,40.75814,-73.83517,0,0,Passing or Lane Usage Improper,4423728,31.3,17.3,0.0,0.0,0.0,0.0,2,20.9,43.9,247,Partly cloudy,0,0,
29791,2021-06-05 11:05:00,40.61883,-74.082756,0,0,Passing Too Closely,4423926,31.3,17.3,0.0,0.0,0.0,0.0,2,20.9,43.9,247,Partly cloudy,0,0,
29792,2021-06-04 12:19:00,40.602768,-73.75012,0,0,Passing Too Closely,4424711,25.3,17.4,6.5,6.5,0.0,10.0,61,17.9,37.8,235,Rain: Light,0,0,
29793,2021-06-05 17:00:00,40.77077,-73.91727,1,0,Driver Inattention/Distraction,4423821,31.3,17.3,0.0,0.0,0.0,0.0,2,20.9,43.9,247,Partly cloudy,1,1,
29794,2021-06-02 15:00:00,40.657406,-73.89881,0,0,Passing or Lane Usage Improper,4424326,22.4,13.0,0.0,0.0,0.0,0.0,3,16.7,34.9,176,Overcast,0,0,
29795,2021-06-05 00:01:00,40.766396,-73.78092,0,0,Failure to Yield Right-of-Way,4423538,31.3,17.3,0.0,0.0,0.0,0.0,2,20.9,43.9,247,Partly cloudy,0,0,
29796,2021-06-04 11:10:00,40.678955,-73.86516,1,0,Failure to Yield Right-of-Way,4424349,25.3,17.4,6.5,6.5,0.0,10.0,61,17.9,37.8,235,Rain: Light,1,1,
29797,2021-05-27 10:45:00,40.796074,-73.94349,0,0,Unsafe Lane Changing,4424457,27.4,18.3,2.4,2.4,0.0,3.0,61,23.5,42.1,313,Rain: Light,0,0,
29798,2021-06-05 22:00:00,40.69151,-73.7299,2,0,Driver Inattention/Distraction,4423690,31.3,17.3,0.0,0.0,0.0,0.0,2,20.9,43.9,247,Partly cloudy,2,2,
29799,2021-06-05 15:05:00,40.815304,-73.94371,0,0,Reaction to Uninvolved Vehicle,4424220,31.3,17.3,0.0,0.0,0.0,0.0,2,20.9,43.9,247,Partly cloudy,0,0,
29800,2021-05-05 17:15:00,40.575375,-74.18999,0,0,Passing or Lane Usage Improper,4424444,15.1,10.8,9.9,9.9,0.0,17.0,61,21.5,42.5,23,Rain: Light,0,0,
29801,2021-06-04 12:10:00,40.833557,-73.85774,0,0,Unspecified,4424308,25.3,17.4,6.5,6.5,0.0,10.0,61,17.9,37.8,235,Rain: Light,0,0,
29802,2021-06-05 09:18:00,40.66755,-73.773575,0,0,Following Too Closely,4423561,31.3,17.3,0.0,0.0,0.0,0.0,2,20.9,43.9,247,Partly cloudy,0,0,
29803,2021-06-03 17:00:00,40.805553,-73.93811,1,0,Unspecified,4424331,23.0,13.2,11.9,11.9,0.0,10.0,63,13.6,38.9,165,Rain: Moderate,1,1,
29804,2021-06-05 20:13:00,40.813175,-73.89845,0,0,Turning Improperly,4423672,31.3,17.3,0.0,0.0,0.0,0.0,2,20.9,43.9,247,Partly cloudy,0,0,
29805,2021-06-04 14:54:00,40.624397,-74.020325,0,0,Passing Too Closely,4424624,25.3,17.4,6.5,6.5,0.0,10.0,61,17.9,37.8,235,Rain: Light,0,0,
29806,2021-06-05 18:20:00,40.76772,-73.902336,2,0,Driver Inattention/Distraction,4423822,31.3,17.3,0.0,0.0,0.0,0.0,2,20.9,43.9,247,Partly cloudy,2,2,
29807,2021-06-04 16:40:00,40.66342,-73.89854,0,0,Other Vehicular,4424354,25.3,17.4,6.5,6.5,0.0,10.0,61,17.9,37.8,235,Rain: Light,0,0,
29808,2021-06-05 02:02:00,40.660202,-73.96063,0,0,Driver Inattention/Distraction,4423716,31.3,17.3,0.0,0.0,0.0,0.0,2,20.9,43.9,247,Partly cloudy,0,0,
29809,2021-06-05 18:15:00,40.817093,-73.92166,0,0,Unspecified,4424207,31.3,17.3,0.0,0.0,0.0,0.0,2,20.9,43.9,247,Partly cloudy,0,0,
29810,2021-06-05 12:00:00,40.672146,-73.84318,0,0,Driver Inattention/Distraction,4424279,31.3,17.3,0.0,0.0,0.0,0.0,2,20.9,43.9,247,Partly cloudy,0,0,
29811,2021-06-05 21:00:00,40.669476,-73.919975,0,0,Passing or Lane Usage Improper,4424581,31.3,17.3,0.0,0.0,0.0,0.0,2,20.9,43.9,247,Partly cloudy,0,0,
29812,2021-06-01 17:00:00,40.85045,-73.93667,0,0,Unsafe Speed,4424497,23.5,9.7,0.0,0.0,0.0,0.0,3,17.6,32.0,221,Overcast,0,0,
29813,2021-06-04 15:23:00,40.69643,-73.81692,0,0,Pavement Slippery,4424432,25.3,17.4,6.5,6.5,0.0,10.0,61,17.9,37.8,235,Rain: Light,0,0,
29814,2021-06-03 21:20:00,40.667767,-73.8987,0,0,Unspecified,4424344,23.0,13.2,11.9,11.9,0.0,10.0,63,13.6,38.9,165,Rain: Moderate,0,0,
29815,2021-06-01 21:29:00,40.80061,-73.94229,1,0,Aggressive Driving/Road Rage,4424536,23.5,9.7,0.0,0.0,0.0,0.0,3,17.6,32.0,221,Overcast,1,1,
29816,2021-06-05 15:30:00,40.76301,-73.87532,0,0,Driver Inattention/Distraction,4423614,31.3,17.3,0.0,0.0,0.0,0.0,2,20.9,43.9,247,Partly cloudy,0,0,
29817,2021-06-05 14:45:00,40.6957,-73.7933,0,0,Unsafe Speed,4423637,31.3,17.3,0.0,0.0,0.0,0.0,2,20.9,43.9,247,Partly cloudy,0,0,
29818,2021-05-17 00:00:00,40.68576,-73.915504,1,0,Backing Unsafely,4424654,22.9,9.7,0.0,0.0,0.0,0.0,3,17.7,36.0,224,Overcast,1,1,
29819,2021-06-05 12:00:00,40.690098,-73.86115,0,0,Passing Too Closely,4424415,31.3,17.3,0.0,0.0,0.0,0.0,2,20.9,43.9,247,Partly cloudy,0,0,
29820,2021-06-05 16:56:00,40.752693,-73.97305,0,0,Driver Inattention/Distraction,4423686,31.3,17.3,0.0,0.0,0.0,0.0,2,20.9,43.9,247,Partly cloudy,0,0,