,CRASH DATETIME,LATITUDE,LONGITUDE,NUMBER OF PERSONS INJURED,NUMBER OF PERSONS KILLED,CONTRIBUTING FACTOR VEHICLE 1,COLLISION_ID,temperature_2m_max,temperature_2m_min,precipitation_sum,rain_sum,snowfall_sum,precipitation_hours,weather_code,wind_speed_10m_max,wind_gusts_10m_max,wind_direction_10m_dominant,Weather Description,Severity_Score,Total_Affected_Persons,Weather_Category
29821,2021-06-05 03:25:00,40.765724,-73.984535,0,0,Passing Too Closely,4424739,31.3,17.3,0.0,0.0,0.0,0.0,2,20.9,43.9,247,Partly cloudy,0,0,
29822,2021-06-05 01:26:00,40.75991,-73.95882,1,0,Driver Inexperience,4424175,31.3,17.3,0.0,0.0,0.0,0.0,2,20.9,43.9,247,Partly cloudy,1,1,
29823,2021-06-03 06:00:00,40.753304,-73.912575,0,0,Unspecified,4424706,23.0,13.2,11.9,11.9,0.0,10.0,63,13.6,38.9,165,Rain: Moderate,0,0,
29824,2021-06-05 12:57:00,40.802498,-73.94092,0,0,Traffic Control Disregarded,4424359,31.3,17.3,0.0,0.0,0.0,0.0,2,20.9,43.9,247,Partly cloudy,0,0,
29825,2021-06-05 10:45:00,40.643776,-74.008125,1,0,Unspecified,4423601,31.3,17.3,0.0,0.0,0.0,0.0,2,20.9,43.9,247,Partly cloudy,1,1,
29826,2021-06-05 17:04:00,40.736706,-73.97822,0,0,Unspecified,4423932,31.3,17.3,0.0,0.0,0.0,0.0,2,20.9,43.9,247,Partly cloudy,0,0,
29827,2021-06-05 13:30:00,40.878185,-73.88145,0,0,Unspecified,4423622,31.3,17.3,0.0,0.0,0.0,0.0,2,20.9,43.9,247,Partly cloudy,0,0,
29828,2021-06-05 01:10:00,40.636368,-73.961586,0,0,Unspecified,4423743,31.3,17.3,0.0,0.0,0.0,0.0,2,20.9,43.9,247,Partly cloudy,0,0,
29829,2021-06-02 19:05:00,40.68989,-73.81819,3,0,Other Vehicular,4424302,22.4,13.0,0.0,0.0,0.0,0.0,3,16.7,34.9,176,Overcast,3,3,
29830,2021-06-02 21:00:00,40.66406,-73.89869,1,0,Aggressive Driving/Road Rage,4424336,22.4,13.0,0.0,0.0,0.0,0.0,3,16.7,34.9,176,Overcast,1,1,
29831,2021-06-05 15:50:00,40.835724,-73.92129,0,0,Turning Improperly,4424183,31.3,17.3,0.0,0.0,0.0,0.0,2,20.9,43.9,247,Partly cloudy,0,0,
29832,2021-06-04 02:30:00,40.665627,-73.92045,1,0,Driver Inattention/Distraction,4424568,25.3,17.4,6.5,6.5,0.0,10.0,61,17.9,37.8,235,Rain: Light,1,1,
29833,2021-06-05 14:50:00,40.751637,-73.90985,1,0,Driver Inattention/Distraction,4423681,31.3,17.3,0.0,0.0,0.0,0.0,2,20.9,43.9,247,Partly cloudy,1,1,
29834,2021-06-05 06:40:00,40.824066,-73.908714,1,0,Unspecified,4423753,31.3,17.3,0.0,0.0,0.0,0.0,2,20.9,43.9,247,Partly cloudy,1,1,
29835,2021-06-05 11:45:00,40.691883,-73.76412,0,0,Passing or Lane Usage Improper,4424488,31.3,17.3,0.0,0.0,0.0,0.0,2,20.9,43.9,247,Partly cloudy,0,0,
29836,2021-06-05 19:15:00,40.67809,-73.8842,0,0,Unspecified,4424374,31.3,17.3,0.0,0.0,0.0,0.0,2,20.9,43.9,247,Partly cloudy,0,0,
29837,2021-06-05 11:07:00,40.880947,-73.85456,3,0,Traffic Control Disregarded,4424286,31.3,17.3,0.0,0.0,0.0,0.0,2,20.9,43.9,247,Partly cloudy,3,3,
29838,2021-05-21 07:35:00,40.76732,-73.92231,1,0,Failure to Yield Right-of-Way,4424465,23.9,11.3,0.0,0.0,0.0,0.0,3,19.2,38.5,174,Overcast,1,1,
29839,2021-06-05 07:57:00,40.74593,-73.8563,1,0,Unspecified,4424034,31.3,17.3,0.0,0.0,0.0,0.0,2,20.9,43.9,247,Partly cloudy,1,1,
29840,2021-05-30 14:15:00,40.793552,-73.945335,1,0,Traffic Control Disregarded,4424698,11.5,8.5,13.7,13.7,0.0,24.0,61,28.1,52.2,22,Rain: Light,1,1,
29841,2021-06-05 09:52:00,40.6074,-73.95292,1,0,Driver Inattention/Distraction,4423579,31.3,17.3,0.0,0.0,0.0,0.0,2,20.9,43.9,247,Partly cloudy,1,1,
29842,2021-06-05 12:43:00,40.703854,-73.95128,1,0,Traffic Control Disregarded,4424164,31.3,17.3,0.0,0.0,0.0,0.0,2,20.9,43.9,247,Partly cloudy,1,1,
29843,2021-06-04 17:30:00,40.69097,-73.94833,0,0,Backing Unsafely,4424645,25.3,17.4,6.5,6.5,0.0,10.0,61,17.9,37.8,235,Rain: Light,0,0,
29844,2021-06-05 20:15:00,40.86268,-73.90905,1,0,Driver Inattention/Distraction,4423663,31.3,17.3,0.0,0.0,0.0,0.0,2,20.9,43.9,247,Partly cloudy,1,1,
29845,2021-05-31 08:30:00,40.70268,-73.813,0,0,Driver Inexperience,4424550,20.3,9.3,0.7,0.7,0.0,5.0,51,20.9,40.7,318,Drizzle: Light,0,0,
29846,2021-06-05 18:15:00,40.652794,-73.946884,1,0,Reaction to Uninvolved Vehicle,4424076,31.3,17.3,0.0,0.0,0.0,0.0,2,20.9,43.9,247,Partly cloudy,1,1,
29847,2021-06-05 19:45:00,40.669857,-73.95051,1,0,Driver Inattention/Distraction,4423939,31.3,17.3,0.0,0.0,0.0,0.0,2,20.9,43.9,247,Partly cloudy,1,1,
29848,2021-05-28 02:05:00,40.78296,-73.94403,0,0,Following Too Closely,4424724,19.4,10.6,25.0,25.0,0.0,8.0,63,25.6,47.9,62,Rain: Moderate,0,0,
29849,2021-06-05 17:15:00,40.755802,-73.99083,0,0,Driver Inattention/Distraction,4423783,31.3,17.3,0.0,0.0,0.0,0.0,2,20.9,43.9,247,Partly cloudy,0,0,
29850,2021-06-05 12:10:00,40.698387,-73.774895,1,0,Failure to Yield Right-of-Way,4424487,31.3,17.3,0.0,0.0,0.0,0.0,2,20.9,43.9,247,Partly cloudy,1,1,
29851,2021-06-03 08:27:00,40.66475,-73.89405,0,0,Driver Inexperience,4424340,23.0,13.2,11.9,11.9,0.0,10.0,63,13.6,38.9,165,Rain: Moderate,0,0,
29852,2021-06-05 01:28:00,40.898502,-73.84943,0,0,Backing Unsafely,4423854,31.3,17.3,0.0,0.0,0.0,0.0,2,20.9,43.9,247,Partly cloudy,0,0,
29853,2021-06-05 14:45:00,40.895195,-73.88012,0,0,Unsafe Lane Changing,4424293,31.3,17.3,0.0,0.0,0.0,0.0,2,20.9,43.9,247,Partly cloudy,0,0,
29854,2021-06-05 22:35:00,40.86155,-73.92472,0,0,Driver Inattention/Distraction,4424507,31.3,17.3,0.0,0.0,0.0,0.0,2,20.9,43.9,247,Partly cloudy,0,0,
29855,2021-06-05 19:00:00,40.601948,-73.99382,1,0,Pedestrian/Bicyclist/Other Pedestrian Error/Confusion,4423693,31.3,17.3,0.0,0.0,0.0,0.0,2,20.9,43.9,247,Partly cloudy,1,1,
29856,2021-06-05 10:25:00,40.820515,-73.930695,0,0,Unspecified,4424176,31.3,17.3,0.0,0.0,0.0,0.0,2,20.9,43.9,247,Partly cloudy,0,0,
29857,2021-06-05 23:15:00,40.76246,-73.86885,0,0,Unspecified,4424243,31.3,17.3,0.0,0.0,0.0,0.0,2,20.9,43.9,247,Partly cloudy,0,0,
29858,2021-05-25 18:30:00,40.69655,-73.90577,0,0,Driver Inattention/Distraction,4424655,21.9,13.0,0.0,0.0,0.0,0.0,3,24.3,47.9,182,Overcast,0,0,
29859,2021-06-05 18:46:00,40.700626,-73.9868,0,0,Turning Improperly,4424092,31.3,17.3,0.0,0.0,0.0,0.0,2,20.9,43.9,247,Partly cloudy,0,0,
29860,2021-06-05 01:21:00,40.810997,-73.905846,0,0,Alcohol Involvement,4423587,31.3,17.3,0.0,0.0,0.0,0.0,2,20.9,43.9,247,Partly cloudy,0,0,
29861,2021-06-05 09:00:00,40.71591,-73.80443,0,0,Oversized Vehicle,4423898,31.3,17.3,0.0,0.0,0.0,0.0,2,20.9,43.9,247,Partly cloudy,0,0,
29862,2021-06-05 13:15:00,40.86804,-73.879105,0,0,Following Too Closely,4423640,31.3,17.3,0.0,0.0,0.0,0.0,2,20.9,43.9,247,Partly cloudy,0,0,
29863,2021-06-05 20:55:00,40.645027,-73.91998,1,0,Driver Inattention/Distraction,4424595,31.3,17.3,0.0,0.0,0.0,0.0,2,20.9,43.9,247,Partly cloudy,1,1,
29864,2021-06-05 12:00:00,40.86446,-73.91895,0,0,Aggressive Driving/Road Rage,4423927,31.3,17.3,0.0,0.0,0.0,0.0,2,20.9,43.9,247,Partly cloudy,0,0,
29865,2021-06-05 16:10:00,40.64471,-74.07704,3,0,Unspecified,4423689,31.3,17.3,0.0,0.0,0.0,0.0,2,20.9,43.9,247,Partly cloudy,3,3,
29866,2021-06-05 00:11:00,40.5787,-73.98734,0,0,Driver Inattention/Distraction,4423875,31.3,17.3,0.0,0.0,0.0,0.0,2,20.9,43.9,247,Partly cloudy,0,0,
29867,2021-06-04 19:15:00,40.81417,-73.93431,0,0,Unsafe Lane Changing,4424522,25.3,17.4,6.5,6.5,0.0,10.0,61,17.9,37.8,235,Rain: Light,0,0,
29868,2021-05-31 01:00:00,40.60353,-74.01863,0,0,Following Too Closely,4424314,20.3,9.3,0.7,0.7,0.0,5.0,51,20.9,40.7,318,Drizzle: Light,0,0,
29869,2021-06-05 15:40:00,40.573708,-73.99072,0,0,Passing Too Closely,4423776,31.3,17.3,0.0,0.0,0.0,0.0,2,20.9,43.9,247,Partly cloudy,0,0,
29870,2021-06-02 13:00:00,40.6765,-73.88234,0,0,Unspecified,4424327,22.4,13.0,0.0,0.0,0.0,0.0,3,16.7,34.9,176,Overcast,0,0,
29871,2021-06-05 02:05:00,40.842564,-73.83842,0,0,Driver Inattention/Distraction,4423555,31.3,17.3,0.0,0.0,0.0,0.0,2,20.9,43.9,247,Partly cloudy,0,0,
29872,2021-06-04 12:05:00,40.66545,-73.88939,2,0,Failure to Yield Right-of-Way,4424350,25.3,17.4,6.5,6.5,0.0,10.0,61,17.9,37.8,235,Rain: Light,2,2,
29873,2021-06-05 22:00:00,40.71092,-73.75667,0,0,Unspecified,4424555,31.3,17.3,0.0,0.0,0.0,0.0,2,20.9,43.9,247,Partly cloudy,0,0,
29874,2021-06-05 18:55:00,40.8165,-73.946556,1,0,Pedestrian/Bicyclist/Other Pedestrian Error/Confusion,4424216,31.3,17.3,0.0,0.0,0.0,0.0,2,20.9,43.9,247,Partly cloudy,1,1,
29875,2022-04-24 20:25:00,40.58576,-73.974464,3,0,Passing or Lane Usage Improper,4522123,15.8,7.0,0.0,0.0,0.0,0.0,3,21.7,43.2,114,Overcast,3,3,
29876,2021-05-24 17:48:00,40.72325,-73.980545,0,0,Unspecified,4424689,18.9,13.7,0.0,0.0,0.0,0.0,3,22.4,44.3,126,Overcast,0,0,
29877,2021-05-31 17:30:00,40.791176,-73.95337,0,0,Unspecified,4424714,20.3,9.3,0.7,0.7,0.0,5.0,51,20.9,40.7,318,Drizzle: Light,0,0,
29878,2021-06-05 14:30:00,40.719437,-73.94063,0,0,Unspecified,4424064,31.3,17.3,0.0,0.0,0.0,0.0,2,20.9,43.9,247,Partly cloudy,0,0,
29879,2021-06-05 12:05:00,40.691895,-73.97807,1,0,Unsafe Speed,4423621,31.3,17.3,0.0,0.0,0.0,0.0,2,20.9,43.9,247,Partly cloudy,1,1,
29880,2021-06-05 11:17:00,40.6785,-73.743256,0,0,Unspecified,4423623,31.3,17.3,0.0,0.0,0.0,0.0,2,20.9,43.9,247,Partly cloudy,0,0,
29881,2021-06-05 19:08:00,40.87119,-73.85044,1,0,Failure to Yield Right-of-Way,4423960,31.3,17.3,0.0,0.0,0.0,0.0,2,20.9,43.9,247,Partly cloudy,1,1,
29882,2021-06-05 03:57:00,40.802753,-73.93358,0,0,Unspecified,4424348,31.3,17.3,0.0,0.0,0.0,0.0,2,20.9,43.9,247,Partly cloudy,0,0,
29883,2021-06-05 02:30:00,40.793217,-73.824005,0,0,Unsafe Lane Changing,4423649,31.3,17.3,0.0,0.0,0.0,0.0,2,20.9,43.9,247,Partly cloudy,0,0,
29884,2021-06-05 02:51:00,40.651104,-73.94381,0,0,Unsafe Speed,4424051,31.3,17.3,0.0,0.0,0.0,0.0,2,20.9,43.9,247,Partly cloudy,0,0,
29885,2021-06-04 21:55:00,40.67241,-73.863556,1,0,Driver Inexperience,4424365,25.3,17.4,6.5,6.5,0.0,10.0,61,17.9,37.8,235,Rain: Light,1,1,
29886,2021-06-05 12:50:00,40.707256,-73.95458,0,0,Driver Inattention/Distraction,4424138,31.3,17.3,0.0,0.0,0.0,0.0,2,20.9,43.9,247,Partly cloudy,0,0,
29887,2021-05-25 09:27:00,40.661488,-73.89389,0,0,Traffic Control Disregarded,4424396,21.9,13.0,0.0,0.0,0.0,0.0,3,24.3,47.9,182,Overcast,0,0,
29888,2021-05-28 04:00:00,40.666233,-73.761,0,0,Unsafe Speed,4424602,19.4,10.6,25.0,25.0,0.0,8.0,63,25.6,47.9,62,Rain: Moderate,0,0,
29889,2021-06-05 19:35:00,40.625347,-74.15069,1,0,Driver Inattention/Distraction,4424112,31.3,17.3,0.0,0.0,0.0,0.0,2,20.9,43.9,247,Partly cloudy,1,1,
29890,2021-06-04 19:10:00,40.599503,-73.754074,0,0,Unspecified,4424738,25.3,17.4,6.5,6.5,0.0,10.0,61,17.9,37.8,235,Rain: Light,0,0,
29891,2021-06-05 14:30:00,40.722282,-73.98018,0,0,Driver Inattention/Distraction,4424169,31.3,17.3,0.0,0.0,0.0,0.0,2,20.9,43.9,247,Partly cloudy,0,0,
29892,2021-05-29 00:00:00,40.77188,-73.91984,0,0,Alcohol Involvement,4424697,11.0,8.5,25.1,25.1,0.0,22.0,63,29.9,56.9,39,Rain: Moderate,0,0,
29893,2021-06-05 13:56:00,40.76235,-73.778984,0,0,Following Too Closely,4423602,31.3,17.3,0.0,0.0,0.0,0.0,2,20.9,43.9,247,Partly cloudy,0,0,
29894,2021-06-05 15:15:00,40.67689,-73.900055,0,0,Unspecified,4424375,31.3,17.3,0.0,0.0,0.0,0.0,2,20.9,43.9,247,Partly cloudy,0,0,
29895,2021-06-05 11:40:00,40.676003,-73.86783,0,0,Unspecified,4424387,31.3,17.3,0.0,0.0,0.0,0.0,2,20.9,43.9,247,Partly cloudy,0,0,
29896,2021-06-05 03:45:00,40.739086,-73.99139,0,0,Unspecified,4423824,31.3,17.3,0.0,0.0,0.0,0.0,2,20.9,43.9,247,Partly cloudy,0,0,
29897,2021-06-05 04:00:00,40.668747,-73.89938,0,0,Aggressive Driving/Road Rage,4424367,31.3,17.3,0.0,0.0,0.0,0.0,2,20.9,43.9,247,Partly cloudy,0,0,
29898,2021-06-03 18:16:00,40.6698,-73.901115,1,0,Failure to Yield Right-of-Way,4424343,23.0,13.2,11.9,11.9,0.0,10.0,63,13.6,38.9,165,Rain: Moderate,1,1,
29899,2021-06-05 15:30:00,40.76803,-73.87722,1,0,Passing Too Closely,4423611,31.3,17.3,0.0,0.0,0.0,0.0,2,20.9,43.9,247,Partly cloudy,1,1,
29900,2021-06-01 16:09:00,40.795467,-73.94605,2,0,Alcohol Involvement,4424715,23.5,9.7,0.0,0.0,0.0,0.0,3,17.6,32.0,221,Overcast,2,2,
29901,2021-06-05 21:50:00,40.872116,-73.88048,0,0,Unspecified,4423687,31.3,17.3,0.0,0.0,0.0,0.0,2,20.9,43.9,247,Partly cloudy,0,0,
29902,2021-05-20 15:50:00,40.706573,-73.922874,0,0,Driver Inattention/Distraction,4424653,22.2,12.5,0.0,0.0,0.0,0.0,3,19.0,38.2,147,Overcast,0,0,
29903,2021-06-05 02:01:00,40.809048,-73.92856,2,0,Failure to Yield Right-of-Way,4423586,31.3,17.3,0.0,0.0,0.0,0.0,2,20.9,43.9,247,Partly cloudy,2,2,
29904,2021-05-29 23:02:00,40.71042,-73.85964,0,0,Following Too Closely,4424629,11.0,8.5,25.1,25.1,0.0,22.0,63,29.9,56.9,39,Rain: Moderate,0,0,
29905,2021-06-05 18:50:00,40.599052,-73.99808,0,0,Failure to Yield Right-of-Way,4423664,31.3,17.3,0.0,0.0,0.0,0.0,2,20.9,43.9,247,Partly cloudy,0,0,
29906,2021-05-20 10:35:00,40.790623,-73.942444,0,0,Following Too Closely,4424459,22.2,12.5,0.0,0.0,0.0,0.0,3,19.0,38.2,147,Overcast,0,0,
29907,2021-06-05 15:20:00,40.69247,-73.75942,0,0,Driver Inattention/Distraction,4423953,31.3,17.3,0.0,0.0,0.0,0.0,2,20.9,43.9,247,Partly cloudy,0,0,
29908,2022-04-12 08:03:00,40.749825,-73.972206,0,0,Driver Inattention/Distraction,4522298,20.4,7.7,1.6,1.6,0.0,3.0,53,17.8,36.0,271,Drizzle: Moderate,0,0,
29909,2022-04-24 08:54:00,40.72877,-74.007095,0,0,Driver Inattention/Distraction,4521974,15.8,7.0,0.0,0.0,0.0,0.0,3,21.7,43.2,114,Overcast,0,0,
29910,2021-06-05 13:22:00,40.702614,-73.96058,2,0,Following Too Closely,4424139,31.3,17.3,0.0,0.0,0.0,0.0,2,20.9,43.9,247,Partly cloudy,2,2,
29911,2021-06-02 21:26:00,40.717834,-73.95773,1,0,View Obstructed/Limited,4424543,22.4,13.0,0.0,0.0,0.0,0.0,3,16.7,34.9,176,Overcast,1,1,
29912,2021-06-05 08:30:00,40.72628,-73.89476,0,0,Unspecified,4423718,31.3,17.3,0.0,0.0,0.0,0.0,2,20.9,43.9,247,Partly cloudy,0,0,
29913,2021-06-05 10:42:00,40.715553,-73.98976,1,0,Turning Improperly,4424047,31.3,17.3,0.0,0.0,0.0,0.0,2,20.9,43.9,247,Partly cloudy,1,1,
29914,2021-06-05 09:30:00,40.686077,-74.00038,0,0,Failure to Yield Right-of-Way,4424160,31.3,17.3,0.0,0.0,0.0,0.0,2,20.9,43.9,247,Partly cloudy,0,0,
29915,2021-06-04 08:00:00,40.772163,-73.92223,0,0,Unspecified,4424705,25.3,17.4,6.5,6.5,0.0,10.0,61,17.9,37.8,235,Rain: Light,0,0,
29916,2021-06-05 19:20:00,40.652855,-73.945915,2,0,Unspecified,4424079,31.3,17.3,0.0,0.0,0.0,0.0,2,20.9,43.9,247,Partly cloudy,2,2,
29917,2021-06-05 13:19:00,40.722095,-73.77772,1,0,Tire Failure/Inadequate,4423806,31.3,17.3,0.0,0.0,0.0,0.0,2,20.9,43.9,247,Partly cloudy,1,1,
29918,2021-06-05 03:30:00,40.765675,-73.98447,0,0,Driver Inattention/Distraction,4424278,31.3,17.3,0.0,0.0,0.0,0.0,2,20.9,43.9,247,Partly cloudy,0,0,
29919,2021-06-04 18:30:00,40.667923,-73.861465,1,0,Unspecified,4424358,25.3,17.4,6.5,6.5,0.0,10.0,61,17.9,37.8,235,Rain: Light,1,1,
29920,2021-06-01 17:34:00,40.794178,-73.94487,1,0,Following Too Closely,4424723,23.5,9.7,0.0,0.0,0.0,0.0,3,17.6,32.0,221,Overcast,1,1,
29921,2021-06-05 16:51:00,40.669403,-73.912605,0,0,Driver Inattention/Distraction,4423710,31.3,17.3,0.0,0.0,0.0,0.0,2,20.9,43.9,247,Partly cloudy,0,0,
29922,2021-06-05 07:30:00,40.693996,-73.96701,0,0,Unspecified,4424613,31.3,17.3,0.0,0.0,0.0,0.0,2,20.9,43.9,247,Partly cloudy,0,0,
29923,2021-06-04 23:01:00,40.82692,-73.87199,0,0,Unspecified,4424571,25.3,17.4,6.5,6.5,0.0,10.0,61,17.9,37.8,235,Rain: Light,0,0,
29924,2021-06-05 21:25:00,40.613388,-73.995995,1,0,Failure to Yield Right-of-Way,4423692,31.3,17.3,0.0,0.0,0.0,0.0,2,20.9,43.9,247,Partly cloudy,1,1,
29925,2021-06-05 10:35:00,40.77023,-73.87066,0,0,Unspecified,4423563,31.3,17.3,0.0,0.0,0.0,0.0,2,20.9,43.9,247,Partly cloudy,0,0,
29926,2021-06-02 18:34:00,40.667725,-73.89189,0,0,Unspecified,4424328,22.4,13.0,0.0,0.0,0.0,0.0,3,16.7,34.9,176,Overcast,0,0,
29927,2021-06-05 04:15:00,40.563774,-74.15586,0,0,Driver Inattention/Distraction,4424466,31.3,17.3,0.0,0.0,0.0,0.0,2,20.9,43.9,247,Partly cloudy,0,0,
29928,2021-06-05 12:00:00,40.596756,-73.93342,0,0,Backing Unsafely,4423638,31.3,17.3,0.0,0.0,0.0,0.0,2,20.9,43.9,247,Partly cloudy,0,0,
29929,2021-06-05 22:15:00,40.81921,-73.82182,0,0,Unspecified,4423755,31.3,17.3,0.0,0.0,0.0,0.0,2,20.9,43.9,247,Partly cloudy,0,0,
29930,2021-06-04 10:30:00,40.810173,-73.95117,0,0,Driver Inattention/Distraction,4424433,25.3,17.4,6.5,6.5,0.0,10.0,61,17.9,37.8,235,Rain: Light,0,0,
29931,2021-06-04 18:30:00,40.682724,-73.88539,1,0,Unspecified,4424355,25.3,17.4,6.5,6.5,0.0,10.0,61,17.9,37.8,235,Rain: Light,1,1,
29932,2021-06-05 02:20:00,40.822834,-73.941925,0,0,Traffic Control Disregarded,4424223,31.3,17.3,0.0,0.0,0.0,0.0,2,20.9,43.9,247,Partly cloudy,0,0,
29933,2021-06-02 19:30:00,40.693413,-73.940125,0,0,Passing Too Closely,4424644,22.4,13.0,0.0,0.0,0.0,0.0,3,16.7,34.9,176,Overcast,0,0,
29934,2021-06-05 18:50:00,40.622414,-73.896484,2,0,Passing Too Closely,4424584,31.3,17.3,0.0,0.0,0.0,0.0,2,20.9,43.9,247,Partly cloudy,2,2,
29935,2021-06-05 19:20:00,40.70145,-73.989624,0,0,Following Too Closely,4423766,31.3,17.3,0.0,0.0,0.0,0.0,2,20.9,43.9,247,Partly cloudy,0,0,
29936,2021-06-05 10:00:00,40.734264,-73.84444,0,0,Unsafe Lane Changing,4423936,31.3,17.3,0.0,0.0,0.0,0.0,2,20.9,43.9,247,Partly cloudy,0,0,
29937,2021-06-05 08:00:00,40.758747,-73.88312,0,0,Unspecified,4424245,31.3,17.3,0.0,0.0,0.0,0.0,2,20.9,43.9,247,Partly cloudy,0,0,
29938,2021-06-05 18:02:00,40.739082,-73.81611,1,0,Following Too Closely,4423731,31.3,17.3,0.0,0.0,0.0,0.0,2,20.9,43.9,247,Partly cloudy,1,1,
29939,2021-06-05 13:55:00,40.830734,-73.88212,0,0,Unspecified,4424321,31.3,17.3,0.0,0.0,0.0,0.0,2,20.9,43.9,247,Partly cloudy,0,0,
29940,2021-06-03 01:29:00,40.677032,-73.87867,1,0,Other Vehicular,4424335,23.0,13.2,11.9,11.9,0.0,10.0,63,13.6,38.9,165,Rain: Moderate,1,1,
29941,2021-06-05 03:40:00,40.747517,-73.88044,0,0,Driver Inattention/Distraction,4424033,31.3,17.3,0.0,0.0,0.0,0.0,2,20.9,43.9,247,Partly cloudy,0,0,
29942,2021-06-05 14:30:00,40.66929,-73.842445,0,0,Passing or Lane Usage Improper,4424190,31.3,17.3,0.0,0.0,0.0,0.0,2,20.9,43.9,247,Partly cloudy,0,0,
29943,2021-06-05 00:47:00,40.7491,-73.99201,1,0,Following Too Closely,4423780,31.3,17.3,0.0,0.0,0.0,0.0,2,20.9,43.9,247,Partly cloudy,1,1,
29944,2021-06-04 20:40:00,40.67665,-73.780655,0,0,Turning Improperly,4424489,25.3,17.4,6.5,6.5,0.0,10.0,61,17.9,37.8,235,Rain: Light,0,0,
29945,2021-06-05 11:15:00,40.63089,-74.08202,0,0,Unspecified,4423917,31.3,17.3,0.0,0.0,0.0,0.0,2,20.9,43.9,247,Partly cloudy,0,0,
29946,2021-06-05 01:45:00,40.826523,-73.93116,0,0,Following Too Closely,4424690,31.3,17.3,0.0,0.0,0.0,0.0,2,20.9,43.9,247,Partly cloudy,0,0,
29947,2021-06-05 00:00:00,40.65923,-73.89329,1,0,Driver Inattention/Distraction,4424364,31.3,17.3,0.0,0.0,0.0,0.0,2,20.9,43.9,247,Partly cloudy,1,1,
29948,2021-06-04 14:55:00,40.663654,-73.84488,1,0,Following Too Closely,4424282,25.3,17.4,6.5,6.5,0.0,10.0,61,17.9,37.8,235,Rain: Light,1,1,
29949,2021-05-28 20:58:00,40.6866,-73.904976,1,0,Driver Inattention/Distraction,4424656,19.4,10.6,25.0,25.0,0.0,8.0,63,25.6,47.9,62,Rain: Moderate,1,1,
29950,2021-06-04 18:10:00,40.608543,-74.08886,3,0,Unsafe Speed,4424442,25.3,17.4,6.5,6.5,0.0,10.0,61,17.9,37.8,235,Rain: Light,3,3,
29951,2021-06-05 17:56:00,40.8612,-73.93497,0,0,Steering Failure,4423930,31.3,17.3,0.0,0.0,0.0,0.0,2,20.9,43.9,247,Partly cloudy,0,0,
29952,2021-06-04 12:30:00,40.707573,-73.8362,0,0,Following Too Closely,4424294,25.3,17.4,6.5,6.5,0.0,10.0,61,17.9,37.8,235,Rain: Light,0,0,
29953,2021-06-05 08:43:00,40.7179,-73.83202,0,0,Unsafe Lane Changing,4423556,31.3,17.3,0.0,0.0,0.0,0.0,2,20.9,43.9,247,Partly cloudy,0,0,
29954,2021-06-04 15:00:00,40.652397,-73.88374,0,0,Unspecified,4424351,25.3,17.4,6.5,6.5,0.0,10.0,61,17.9,37.8,235,Rain: Light,0,0,
29955,2021-06-01 17:00:00,40.802753,-73.93358,2,0,Failure to Yield Right-of-Way,4424323,23.5,9.7,0.0,0.0,0.0,0.0,3,17.6,32.0,221,Overcast,2,2,
29956,2021-06-05 10:00:00,40.679234,-73.911026,0,0,Unspecified,4423709,31.3,17.3,0.0,0.0,0.0,0.0,2,20.9,43.9,247,Partly cloudy,0,0,
29957,2021-06-05 08:20:00,40.71976,-73.94476,0,0,Following Too Closely,4424068,31.3,17.3,0.0,0.0,0.0,0.0,2,20.9,43.9,247,Partly cloudy,0,0,
29958,2022-09-23 09:10:00,40.736534,-74.00584,0,0,Failure to Yield Right-of-Way,4566575,16.4,10.0,0.0,0.0,0.0,0.0,0,31.1,56.9,323,Clear sky,0,0,Sunny/Clear Conditions
29959,2021-06-05 18:57:00,40.69102,-73.93496,0,0,Driver Inattention/Distraction,4424052,31.3,17.3,0.0,0.0,0.0,0.0,2,20.9,43.9,247,Partly cloudy,0,0,
29960,2021-06-05 16:05:00,40.74886,-73.93755,1,0,Following Too Closely,4423682,31.3,17.3,0.0,0.0,0.0,0.0,2,20.9,43.9,247,Partly cloudy,1,1,
29961,2021-05-28 01:45:00,40.673344,-73.75362,0,0,Failure to Yield Right-of-Way,4424600,19.4,10.6,25.0,25.0,0.0,8.0,63,25.6,47.9,62,Rain: Moderate,0,0,
29962,2021-06-02 20:00:00,40.69103,-73.86882,0,0,Driver Inattention/Distraction,4424339,22.4,13.0,0.0,0.0,0.0,0.0,3,16.7,34.9,176,Overcast,0,0,
29963,2021-06-05 20:38:00,40.697525,-73.746826,3,0,Traffic Control Device Improper/Non-Working,4424236,31.3,17.3,0.0,0.0,0.0,0.0,2,20.9,43.9,247,Partly cloudy,3,3,
29964,2021-06-05 23:39:00,40.868282,-73.90107,1,0,Driver Inattention/Distraction,4423799,31.3,17.3,0.0,0.0,0.0,0.0,2,20.9,43.9,247,Partly cloudy,1,1,
29965,2021-06-04 22:35:00,40.716682,-73.957344,1,0,Driver Inattention/Distraction,4424511,25.3,17.4,6.5,6.5,0.0,10.0,61,17.9,37.8,235,Rain: Light,1,1,
29966,2021-06-05 16:48:00,40.728027,-73.98631,1,0,Passenger Distraction,4423849,31.3,17.3,0.0,0.0,0.0,0.0,2,20.9,43.9,247,Partly cloudy,1,1,