,CRASH DATETIME,LATITUDE,LONGITUDE,NUMBER OF PERSONS INJURED,NUMBER OF PERSONS KILLED,CONTRIBUTING FACTOR VEHICLE 1,COLLISION_ID,temperature_2m_max,temperature_2m_min,precipitation_sum,rain_sum,snowfall_sum,precipitation_hours,weather_code,wind_speed_10m_max,wind_gusts_10m_max,wind_direction_10m_dominant,Weather Description,Severity_Score,Total_Affected_Persons,Weather_Category
29967,2021-05-31 06:30:00,40.696995,-73.80647,0,0,Unspecified,4424549,20.3,9.3,0.7,0.7,0.0,5.0,51,20.9,40.7,318,Drizzle: Light,0,0,
29968,2021-06-05 19:12:00,40.594524,-73.93401,0,0,Unspecified,4424177,31.3,17.3,0.0,0.0,0.0,0.0,2,20.9,43.9,247,Partly cloudy,0,0,
29969,2021-06-05 22:30:00,40.68999,-73.78327,5,0,Turning Improperly,4423954,31.3,17.3,0.0,0.0,0.0,0.0,2,20.9,43.9,247,Partly cloudy,5,5,
29970,2021-06-05 02:00:00,40.674587,-73.80394,0,0,Failure to Yield Right-of-Way,4423655,31.3,17.3,0.0,0.0,0.0,0.0,2,20.9,43.9,247,Partly cloudy,0,0,
29971,2021-06-05 15:25:00,40.865345,-73.90849,1,0,Passing or Lane Usage Improper,4423676,31.3,17.3,0.0,0.0,0.0,0.0,2,20.9,43.9,247,Partly cloudy,1,1,
29972,2021-06-05 19:30:00,40.803123,-73.94045,0,0,Driver Inattention/Distraction,4424395,31.3,17.3,0.0,0.0,0.0,0.0,2,20.9,43.9,247,Partly cloudy,0,0,
29973,2021-06-05 12:26:00,40.7606,-73.96434,0,0,Driver Inattention/Distraction,4423594,31.3,17.3,0.0,0.0,0.0,0.0,2,20.9,43.9,247,Partly cloudy,0,0,
29974,2021-06-05 07:18:00,40.67743,-73.87591,2,0,Other Vehicular,4424368,31.3,17.3,0.0,0.0,0.0,0.0,2,20.9,43.9,247,Partly cloudy,2,2,
29975,2021-06-05 22:20:00,40.618927,-73.98524,0,0,Driver Inattention/Distraction,4423998,31.3,17.3,0.0,0.0,0.0,0.0,2,20.9,43.9,247,Partly cloudy,0,0,
29976,2021-05-29 23:50:00,40.769737,-73.90988,2,0,Unsafe Lane Changing,4424709,11.0,8.5,25.1,25.1,0.0,22.0,63,29.9,56.9,39,Rain: Moderate,2,2,
29977,2021-06-04 20:00:00,40.79814,-73.94051,0,0,Passing or Lane Usage Improper,4424347,25.3,17.4,6.5,6.5,0.0,10.0,61,17.9,37.8,235,Rain: Light,0,0,
29978,2021-06-04 21:50:00,40.865795,-73.920006,0,0,Driver Inexperience,4424453,25.3,17.4,6.5,6.5,0.0,10.0,61,17.9,37.8,235,Rain: Light,0,0,
29979,2021-06-05 02:35:00,40.684258,-73.82216,0,0,Other Vehicular,4423657,31.3,17.3,0.0,0.0,0.0,0.0,2,20.9,43.9,247,Partly cloudy,0,0,
29980,2021-06-05 08:30:00,40.74413,-73.927055,0,0,Driver Inattention/Distraction,4423683,31.3,17.3,0.0,0.0,0.0,0.0,2,20.9,43.9,247,Partly cloudy,0,0,
29981,2021-06-05 15:46:00,40.857933,-73.892876,0,0,Passing Too Closely,4424204,31.3,17.3,0.0,0.0,0.0,0.0,2,20.9,43.9,247,Partly cloudy,0,0,
29982,2021-06-05 10:55:00,40.6228,-74.16527,0,0,Traffic Control Disregarded,4424118,31.3,17.3,0.0,0.0,0.0,0.0,2,20.9,43.9,247,Partly cloudy,0,0,
29983,2021-06-05 01:20:00,40.6975,-73.90952,0,0,Following Too Closely,4424144,31.3,17.3,0.0,0.0,0.0,0.0,2,20.9,43.9,247,Partly cloudy,0,0,
29984,2021-06-03 18:10:00,40.686783,-73.75214,0,0,Driver Inexperience,4424490,23.0,13.2,11.9,11.9,0.0,10.0,63,13.6,38.9,165,Rain: Moderate,0,0,
29985,2021-06-05 04:10:00,40.640373,-73.89702,0,0,Alcohol Involvement,4423590,31.3,17.3,0.0,0.0,0.0,0.0,2,20.9,43.9,247,Partly cloudy,0,0,
29986,2021-06-01 18:40:00,40.638966,-73.94251,1,0,Driver Inexperience,4424591,23.5,9.7,0.0,0.0,0.0,0.0,3,17.6,32.0,221,Overcast,1,1,
29987,2021-06-05 12:35:00,40.619186,-73.9493,1,0,Unspecified,4423859,31.3,17.3,0.0,0.0,0.0,0.0,2,20.9,43.9,247,Partly cloudy,1,1,
29988,2021-06-02 01:26:00,40.74374,-73.88459,0,0,Driver Inattention/Distraction,4424506,22.4,13.0,0.0,0.0,0.0,0.0,3,16.7,34.9,176,Overcast,0,0,
29989,2021-06-05 18:05:00,40.699512,-73.81461,3,0,Aggressive Driving/Road Rage,4424554,31.3,17.3,0.0,0.0,0.0,0.0,2,20.9,43.9,247,Partly cloudy,3,3,
29990,2021-06-05 04:00:00,40.688553,-73.962845,1,0,Alcohol Involvement,4423620,31.3,17.3,0.0,0.0,0.0,0.0,2,20.9,43.9,247,Partly cloudy,1,1,
29991,2021-06-01 20:00:00,40.68457,-73.91919,0,0,Backing Unsafely,4424501,23.5,9.7,0.0,0.0,0.0,0.0,3,17.6,32.0,221,Overcast,0,0,
29992,2021-06-05 03:30:00,40.745525,-73.86282,0,0,Unspecified,4424031,31.3,17.3,0.0,0.0,0.0,0.0,2,20.9,43.9,247,Partly cloudy,0,0,
29993,2021-06-05 18:17:00,40.815266,-73.859726,3,0,Driver Inattention/Distraction,4423688,31.3,17.3,0.0,0.0,0.0,0.0,2,20.9,43.9,247,Partly cloudy,3,3,
29994,2021-06-05 19:22:00,40.638657,-74.1433,1,0,Driver Inattention/Distraction,4424111,31.3,17.3,0.0,0.0,0.0,0.0,2,20.9,43.9,247,Partly cloudy,1,1,
29995,2021-06-05 17:50:00,40.641758,-74.08014,0,0,Unspecified,4424642,31.3,17.3,0.0,0.0,0.0,0.0,2,20.9,43.9,247,Partly cloudy,0,0,
29996,2021-05-27 17:30:00,40.792244,-73.94629,1,0,Failure to Yield Right-of-Way,4424460,27.4,18.3,2.4,2.4,0.0,3.0,61,23.5,42.1,313,Rain: Light,1,1,
29997,2021-06-05 14:33:00,40.76729,-73.96661,0,0,Unsafe Lane Changing,4423949,31.3,17.3,0.0,0.0,0.0,0.0,2,20.9,43.9,247,Partly cloudy,0,0,
29998,2021-06-05 15:10:00,40.827423,-73.86823,0,0,Traffic Control Disregarded,4424334,31.3,17.3,0.0,0.0,0.0,0.0,2,20.9,43.9,247,Partly cloudy,0,0,
29999,2021-06-04 00:27:00,40.689198,-73.852325,1,0,Failure to Yield Right-of-Way,4424305,25.3,17.4,6.5,6.5,0.0,10.0,61,17.9,37.8,235,Rain: Light,1,1,
30000,2021-06-05 23:31:00,40.841873,-73.90195,0,0,Driver Inattention/Distraction,4423756,31.3,17.3,0.0,0.0,0.0,0.0,2,20.9,43.9,247,Partly cloudy,0,0,
30001,2021-06-01 19:05:00,40.718204,-73.98838,0,0,Following Too Closely,4424573,23.5,9.7,0.0,0.0,0.0,0.0,3,17.6,32.0,221,Overcast,0,0,
30002,2021-06-05 16:30:00,0.0,0.0,0,0,Unspecified,4423719,31.3,17.3,0.0,0.0,0.0,0.0,2,20.9,43.9,247,Partly cloudy,0,0,
30003,2022-09-22 09:55:00,40.749825,-73.972206,1,0,Unspecified,4566296,24.9,14.3,9.1,9.1,0.0,7.0,63,24.6,44.6,273,Rain: Moderate,1,1,
30004,2021-06-04 17:50:00,40.763123,-73.99666,0,0,Passing Too Closely,4424277,25.3,17.4,6.5,6.5,0.0,10.0,61,17.9,37.8,235,Rain: Light,0,0,
30005,2021-06-05 08:10:00,40.594616,-73.99743,0,0,Following Too Closely,4423768,31.3,17.3,0.0,0.0,0.0,0.0,2,20.9,43.9,247,Partly cloudy,0,0,
30006,2021-05-08 21:35:00,40.687046,-73.792114,1,0,Driver Inattention/Distraction,4424586,11.6,7.7,4.3,4.3,0.0,9.0,61,17.5,36.4,140,Rain: Light,1,1,
30007,2021-06-05 13:52:00,40.58124,-74.09845,0,0,Outside Car Distraction,4424467,31.3,17.3,0.0,0.0,0.0,0.0,2,20.9,43.9,247,Partly cloudy,0,0,
30008,2021-06-05 16:31:00,40.79539,-73.97707,0,0,Unsafe Lane Changing,4423639,31.3,17.3,0.0,0.0,0.0,0.0,2,20.9,43.9,247,Partly cloudy,0,0,
30009,2021-06-02 23:00:00,40.632187,-74.08576,0,0,Alcohol Involvement,4424439,22.4,13.0,0.0,0.0,0.0,0.0,3,16.7,34.9,176,Overcast,0,0,
30010,2021-06-05 04:20:00,40.709896,-73.83941,0,0,Unsafe Speed,4423608,31.3,17.3,0.0,0.0,0.0,0.0,2,20.9,43.9,247,Partly cloudy,0,0,
30011,2021-06-05 01:01:00,40.8047,-73.91243,1,0,Driver Inattention/Distraction,4423585,31.3,17.3,0.0,0.0,0.0,0.0,2,20.9,43.9,247,Partly cloudy,1,1,
30012,2021-06-03 15:52:00,40.679466,-73.90037,0,0,Unsafe Lane Changing,4424342,23.0,13.2,11.9,11.9,0.0,10.0,63,13.6,38.9,165,Rain: Moderate,0,0,
30013,2021-06-05 03:30:00,40.69798,-73.93704,1,0,Unspecified,4424046,31.3,17.3,0.0,0.0,0.0,0.0,2,20.9,43.9,247,Partly cloudy,1,1,
30014,2021-06-04 21:13:00,40.721733,-73.95806,1,0,Passenger Distraction,4424544,25.3,17.4,6.5,6.5,0.0,10.0,61,17.9,37.8,235,Rain: Light,1,1,
30015,2021-06-05 17:18:00,40.686844,-73.90945,0,0,Driver Inattention/Distraction,4424650,31.3,17.3,0.0,0.0,0.0,0.0,2,20.9,43.9,247,Partly cloudy,0,0,
30016,2021-06-05 18:50:00,40.676834,-74.0108,1,0,Unsafe Speed,4424157,31.3,17.3,0.0,0.0,0.0,0.0,2,20.9,43.9,247,Partly cloudy,1,1,
30017,2021-06-05 18:30:00,40.74061,-73.75898,0,0,Turning Improperly,4423665,31.3,17.3,0.0,0.0,0.0,0.0,2,20.9,43.9,247,Partly cloudy,0,0,
30018,2021-06-05 17:51:00,40.72921,-73.781166,1,0,Following Too Closely,4423807,31.3,17.3,0.0,0.0,0.0,0.0,2,20.9,43.9,247,Partly cloudy,1,1,
30019,2021-05-19 21:30:00,40.78775,-73.947464,1,0,Failure to Yield Right-of-Way,4424695,28.2,13.6,0.0,0.0,0.0,0.0,3,19.6,40.3,337,Overcast,1,1,
30020,2021-06-05 20:49:00,40.647114,-73.92695,1,0,Tire Failure/Inadequate,4424078,31.3,17.3,0.0,0.0,0.0,0.0,2,20.9,43.9,247,Partly cloudy,1,1,
30021,2021-06-05 12:35:00,40.77139,-73.95044,1,0,Failure to Yield Right-of-Way,4423935,31.3,17.3,0.0,0.0,0.0,0.0,2,20.9,43.9,247,Partly cloudy,1,1,
30022,2021-05-21 08:07:00,40.786175,-73.9457,1,0,Traffic Control Disregarded,4424722,23.9,11.3,0.0,0.0,0.0,0.0,3,19.2,38.5,174,Overcast,1,1,
30023,2021-06-05 06:10:00,40.76663,-73.88903,1,0,Unspecified,4423604,31.3,17.3,0.0,0.0,0.0,0.0,2,20.9,43.9,247,Partly cloudy,1,1,
30024,2021-06-05 00:06:00,40.861416,-73.912224,0,0,Alcohol Involvement,4423575,31.3,17.3,0.0,0.0,0.0,0.0,2,20.9,43.9,247,Partly cloudy,0,0,
30025,2021-06-05 16:00:00,40.61107,-74.00131,0,0,Unspecified,4423691,31.3,17.3,0.0,0.0,0.0,0.0,2,20.9,43.9,247,Partly cloudy,0,0,
30026,2021-06-05 13:06:00,40.68767,-73.870285,0,0,Unspecified,4424386,31.3,17.3,0.0,0.0,0.0,0.0,2,20.9,43.9,247,Partly cloudy,0,0,
30027,2021-06-05 14:24:00,40.737545,-73.98409,0,0,Unspecified,4423825,31.3,17.3,0.0,0.0,0.0,0.0,2,20.9,43.9,247,Partly cloudy,0,0,
30028,2021-06-05 02:32:00,40.820057,-73.90086,0,0,Driver Inattention/Distraction,4423670,31.3,17.3,0.0,0.0,0.0,0.0,2,20.9,43.9,247,Partly cloudy,0,0,
30029,2021-06-04 16:52:00,40.606304,-73.819565,3,0,Unsafe Speed,4424615,25.3,17.4,6.5,6.5,0.0,10.0,61,17.9,37.8,235,Rain: Light,3,3,
30030,2021-06-05 08:55:00,40.81662,-73.86571,0,0,Failure to Yield Right-of-Way,4424311,31.3,17.3,0.0,0.0,0.0,0.0,2,20.9,43.9,247,Partly cloudy,0,0,
30031,2021-06-02 18:30:00,40.68022,-73.87121,0,0,Passing or Lane Usage Improper,4424329,22.4,13.0,0.0,0.0,0.0,0.0,3,16.7,34.9,176,Overcast,0,0,
30032,2021-06-04 19:00:00,40.669228,-73.8962,1,0,Failure to Yield Right-of-Way,4424356,25.3,17.4,6.5,6.5,0.0,10.0,61,17.9,37.8,235,Rain: Light,1,1,
30033,2021-06-04 17:47:00,40.59758,-73.99594,0,0,Driver Inattention/Distraction,4424633,25.3,17.4,6.5,6.5,0.0,10.0,61,17.9,37.8,235,Rain: Light,0,0,
30034,2021-06-05 22:00:00,40.796772,-73.934845,0,0,Aggressive Driving/Road Rage,4424525,31.3,17.3,0.0,0.0,0.0,0.0,2,20.9,43.9,247,Partly cloudy,0,0,
30035,2021-06-05 16:51:00,40.66548,-73.913574,0,0,Passing Too Closely,4423711,31.3,17.3,0.0,0.0,0.0,0.0,2,20.9,43.9,247,Partly cloudy,0,0,
30036,2021-06-05 14:05:00,40.845203,-73.88675,0,0,Other Vehicular,4424252,31.3,17.3,0.0,0.0,0.0,0.0,2,20.9,43.9,247,Partly cloudy,0,0,
30037,2021-06-05 17:58:00,40.670998,-73.862236,2,0,Unspecified,4424376,31.3,17.3,0.0,0.0,0.0,0.0,2,20.9,43.9,247,Partly cloudy,2,2,
30038,2022-04-24 09:25:00,0.0,0.0,0,0,View Obstructed/Limited,4521543,15.8,7.0,0.0,0.0,0.0,0.0,3,21.7,43.2,114,Overcast,0,0,
30039,2021-06-05 19:50:00,40.7056,-73.85822,0,0,Driver Inattention/Distraction,4424012,31.3,17.3,0.0,0.0,0.0,0.0,2,20.9,43.9,247,Partly cloudy,0,0,
30040,2021-06-01 08:30:00,40.66735,-73.76994,0,0,Following Too Closely,4424461,23.5,9.7,0.0,0.0,0.0,0.0,3,17.6,32.0,221,Overcast,0,0,
30041,2021-05-31 14:53:00,40.787506,-73.9383,0,0,Reaction to Uninvolved Vehicle,4424710,20.3,9.3,0.7,0.7,0.0,5.0,51,20.9,40.7,318,Drizzle: Light,0,0,
30042,2021-06-05 16:30:00,40.827595,-73.85004,0,0,Driver Inattention/Distraction,4423627,31.3,17.3,0.0,0.0,0.0,0.0,2,20.9,43.9,247,Partly cloudy,0,0,
30043,2021-06-05 14:30:00,40.718678,-73.9405,0,0,Aggressive Driving/Road Rage,4424071,31.3,17.3,0.0,0.0,0.0,0.0,2,20.9,43.9,247,Partly cloudy,0,0,
30044,2021-06-02 08:55:00,40.66322,-73.893654,0,0,Turning Improperly,4424346,22.4,13.0,0.0,0.0,0.0,0.0,3,16.7,34.9,176,Overcast,0,0,
30045,2021-06-05 10:15:00,40.85661,-73.86826,0,0,Driver Inattention/Distraction,4423957,31.3,17.3,0.0,0.0,0.0,0.0,2,20.9,43.9,247,Partly cloudy,0,0,
30046,2021-06-05 16:31:00,40.68498,-73.85026,0,0,Failure to Yield Right-of-Way,4423619,31.3,17.3,0.0,0.0,0.0,0.0,2,20.9,43.9,247,Partly cloudy,0,0,
30047,2021-06-05 13:30:00,40.667114,-73.834656,0,0,Driver Inattention/Distraction,4423658,31.3,17.3,0.0,0.0,0.0,0.0,2,20.9,43.9,247,Partly cloudy,0,0,
30048,2021-06-04 18:42:00,40.792927,-73.94791,1,0,Traffic Control Disregarded,4424704,25.3,17.4,6.5,6.5,0.0,10.0,61,17.9,37.8,235,Rain: Light,1,1,
30049,2021-06-05 11:50:00,40.698837,-73.91407,0,0,Backing Unsafely,4424146,31.3,17.3,0.0,0.0,0.0,0.0,2,20.9,43.9,247,Partly cloudy,0,0,
30050,2021-06-05 11:45:00,40.6266,-74.010185,1,0,Failure to Yield Right-of-Way,4423596,31.3,17.3,0.0,0.0,0.0,0.0,2,20.9,43.9,247,Partly cloudy,1,1,
30051,2021-06-05 22:30:00,40.70808,-74.01445,0,0,Passing Too Closely,4424734,31.3,17.3,0.0,0.0,0.0,0.0,2,20.9,43.9,247,Partly cloudy,0,0,
30052,2021-06-04 17:00:00,40.676594,-73.89038,0,0,Unspecified,4424357,25.3,17.4,6.5,6.5,0.0,10.0,61,17.9,37.8,235,Rain: Light,0,0,
30053,2021-04-05 19:02:00,40.669704,-73.94774,1,0,Driver Inattention/Distraction,4424599,18.0,5.6,0.0,0.0,0.0,0.0,2,25.7,49.0,313,Partly cloudy,1,1,
30054,2021-06-04 08:15:00,40.613243,-74.155304,1,0,Driver Inattention/Distraction,4424441,25.3,17.4,6.5,6.5,0.0,10.0,61,17.9,37.8,235,Rain: Light,1,1,
30055,2021-06-05 19:55:00,40.75334,-73.888626,1,0,Driver Inattention/Distraction,4424239,31.3,17.3,0.0,0.0,0.0,0.0,2,20.9,43.9,247,Partly cloudy,1,1,
30056,2021-06-05 19:00:00,40.57563,-73.96395,0,0,Unspecified,4423778,31.3,17.3,0.0,0.0,0.0,0.0,2,20.9,43.9,247,Partly cloudy,0,0,
30057,2021-06-05 08:45:00,40.835194,-73.874054,0,0,Unsafe Lane Changing,4424320,31.3,17.3,0.0,0.0,0.0,0.0,2,20.9,43.9,247,Partly cloudy,0,0,
30058,2021-06-05 01:36:00,40.79802,-73.971855,0,0,Unspecified,4423558,31.3,17.3,0.0,0.0,0.0,0.0,2,20.9,43.9,247,Partly cloudy,0,0,
30059,2021-06-05 18:58:00,40.800186,-73.94681,0,0,Driver Inattention/Distraction,4424394,31.3,17.3,0.0,0.0,0.0,0.0,2,20.9,43.9,247,Partly cloudy,0,0,
30060,2021-06-05 01:51:00,40.86751,-73.83567,0,0,Driver Inattention/Distraction,4423856,31.3,17.3,0.0,0.0,0.0,0.0,2,20.9,43.9,247,Partly cloudy,0,0,
30061,2021-06-05 12:15:00,40.67043,-73.928185,0,0,Reaction to Uninvolved Vehicle,4423931,31.3,17.3,0.0,0.0,0.0,0.0,2,20.9,43.9,247,Partly cloudy,0,0,
30062,2021-06-04 12:37:00,40.681744,-73.937294,1,0,Driver Inattention/Distraction,4424509,25.3,17.4,6.5,6.5,0.0,10.0,61,17.9,37.8,235,Rain: Light,1,1,
30063,2021-06-04 15:15:00,40.679443,-73.87101,1,0,Unspecified,4424352,25.3,17.4,6.5,6.5,0.0,10.0,61,17.9,37.8,235,Rain: Light,1,1,
30064,2021-06-05 21:47:00,40.712727,-73.77666,0,0,Brakes Defective,4424553,31.3,17.3,0.0,0.0,0.0,0.0,2,20.9,43.9,247,Partly cloudy,0,0,
30065,2021-06-05 10:10:00,40.659756,-73.90628,0,0,Driver Inattention/Distraction,4423706,31.3,17.3,0.0,0.0,0.0,0.0,2,20.9,43.9,247,Partly cloudy,0,0,
30066,2021-06-05 11:34:00,40.84177,-73.92549,0,0,Traffic Control Disregarded,4424179,31.3,17.3,0.0,0.0,0.0,0.0,2,20.9,43.9,247,Partly cloudy,0,0,
30067,2021-06-01 02:30:00,40.787506,-73.9383,0,0,Driver Inattention/Distraction,4424694,23.5,9.7,0.0,0.0,0.0,0.0,3,17.6,32.0,221,Overcast,0,0,
30068,2021-06-05 10:20:00,40.655132,-73.88917,0,0,Failure to Yield Right-of-Way,4424372,31.3,17.3,0.0,0.0,0.0,0.0,2,20.9,43.9,247,Partly cloudy,0,0,
30069,2021-05-31 02:04:00,40.788994,-73.94656,0,0,Alcohol Involvement,4424718,20.3,9.3,0.7,0.7,0.0,5.0,51,20.9,40.7,318,Drizzle: Light,0,0,
30070,2021-05-31 10:35:00,40.75507,-73.89002,1,0,Driver Inattention/Distraction,4424666,20.3,9.3,0.7,0.7,0.0,5.0,51,20.9,40.7,318,Drizzle: Light,1,1,
30071,2021-06-01 00:25:00,40.666405,-73.802635,1,0,Following Too Closely,4424492,23.5,9.7,0.0,0.0,0.0,0.0,3,17.6,32.0,221,Overcast,1,1,
30072,2021-06-05 21:50:00,40.62932,-74.08801,1,0,Drugs (illegal),4423918,31.3,17.3,0.0,0.0,0.0,0.0,2,20.9,43.9,247,Partly cloudy,1,1,
30073,2021-06-05 19:05:00,40.659718,-73.94534,1,0,Unsafe Speed,4423654,31.3,17.3,0.0,0.0,0.0,0.0,2,20.9,43.9,247,Partly cloudy,1,1,
30074,2022-09-22 08:20:00,40.698994,-73.77447,0,0,Obstruction/Debris,4566453,24.9,14.3,9.1,9.1,0.0,7.0,63,24.6,44.6,273,Rain: Moderate,0,0,
30075,2021-06-05 20:22:00,40.7186,-73.977516,0,0,Aggressive Driving/Road Rage,4424054,31.3,17.3,0.0,0.0,0.0,0.0,2,20.9,43.9,247,Partly cloudy,0,0,
30076,2021-06-05 19:28:00,40.84827,-73.88312,1,0,Passing or Lane Usage Improper,4424205,31.3,17.3,0.0,0.0,0.0,0.0,2,20.9,43.9,247,Partly cloudy,1,1,
30077,2021-06-05 21:27:00,40.757668,-73.95915,0,0,Failure to Yield Right-of-Way,4423684,31.3,17.3,0.0,0.0,0.0,0.0,2,20.9,43.9,247,Partly cloudy,0,0,
30078,2021-06-05 17:30:00,40.762386,-73.742935,0,0,Traffic Control Disregarded,4423675,31.3,17.3,0.0,0.0,0.0,0.0,2,20.9,43.9,247,Partly cloudy,0,0,
30079,2021-06-05 20:51:00,40.636124,-74.13811,1,0,Driver Inattention/Distraction,4424121,31.3,17.3,0.0,0.0,0.0,0.0,2,20.9,43.9,247,Partly cloudy,1,1,
30080,2021-06-05 00:25:00,40.675735,-73.89686,0,0,Unspecified,4424363,31.3,17.3,0.0,0.0,0.0,0.0,2,20.9,43.9,247,Partly cloudy,0,0,
30081,2021-06-05 16:30:00,40.648598,-73.923256,0,0,Driver Inattention/Distraction,4424590,31.3,17.3,0.0,0.0,0.0,0.0,2,20.9,43.9,247,Partly cloudy,0,0,
30082,2021-06-05 21:25:00,40.769684,-73.82165,0,0,Traffic Control Disregarded,4423729,31.3,17.3,0.0,0.0,0.0,0.0,2,20.9,43.9,247,Partly cloudy,0,0,
30083,2021-06-05 00:15:00,40.65907,-73.98597,0,0,Driver Inattention/Distraction,4423796,31.3,17.3,0.0,0.0,0.0,0.0,2,20.9,43.9,247,Partly cloudy,0,0,
30084,2021-06-03 06:20:00,40.67254,-73.87754,0,0,Unspecified,4424338,23.0,13.2,11.9,11.9,0.0,10.0,63,13.6,38.9,165,Rain: Moderate,0,0,
30085,2021-06-04 00:47:00,40.684258,-73.84604,1,0,Following Too Closely,4424295,25.3,17.4,6.5,6.5,0.0,10.0,61,17.9,37.8,235,Rain: Light,1,1,
30086,2021-06-05 22:50:00,40.58509,-74.09644,0,0,Failure to Yield Right-of-Way,4424471,31.3,17.3,0.0,0.0,0.0,0.0,2,20.9,43.9,247,Partly cloudy,0,0,
30087,2021-06-05 16:10:00,40.7603,-73.99499,1,0,Driver Inexperience,4424504,31.3,17.3,0.0,0.0,0.0,0.0,2,20.9,43.9,247,Partly cloudy,1,1,
30088,2021-06-05 15:15:00,40.727287,-73.993645,1,0,Failure to Yield Right-of-Way,4423848,31.3,17.3,0.0,0.0,0.0,0.0,2,20.9,43.9,247,Partly cloudy,1,1,
30089,2021-06-05 06:31:00,40.61312,-73.91745,0,0,Other Vehicular,4424548,31.3,17.3,0.0,0.0,0.0,0.0,2,20.9,43.9,247,Partly cloudy,0,0,
30090,2021-06-05 10:50:00,40.672497,-73.91686,0,0,Unspecified,4423712,31.3,17.3,0.0,0.0,0.0,0.0,2,20.9,43.9,247,Partly cloudy,0,0,
30091,2021-06-02 15:15:00,40.742863,-74.003975,0,0,Other Vehicular,4424450,22.4,13.0,0.0,0.0,0.0,0.0,3,16.7,34.9,176,Overcast,0,0,
30092,2021-06-05 23:55:00,40.67472,-73.85839,0,0,Traffic Control Disregarded,4424281,31.3,17.3,0.0,0.0,0.0,0.0,2,20.9,43.9,247,Partly cloudy,0,0,
30093,2021-05-28 09:00:00,40.679817,-73.90843,1,0,Driver Inattention/Distraction,4424577,19.4,10.6,25.0,25.0,0.0,8.0,63,25.6,47.9,62,Rain: Moderate,1,1,
30094,2021-06-05 19:40:00,40.8947,-73.84721,2,0,Traffic Control Disregarded,4424307,31.3,17.3,0.0,0.0,0.0,0.0,2,20.9,43.9,247,Partly cloudy,2,2,
30095,2021-06-05 04:15:00,40.833824,-73.895744,0,0,Fell Asleep,4423757,31.3,17.3,0.0,0.0,0.0,0.0,2,20.9,43.9,247,Partly cloudy,0,0,
30096,2022-04-23 17:05:00,40.84908,-73.90946,0,0,Driver Inattention/Distraction,4522160,14.7,6.3,0.0,0.0,0.0,0.0,3,15.0,29.2,119,Overcast,0,0,
30097,2022-04-20 18:00:00,0.0,0.0,0,0,Unspecified,4522147,13.9,3.4,0.0,0.0,0.0,0.0,3,26.6,49.0,282,Overcast,0,0,
30098,2022-04-24 05:45:00,40.723537,-73.90447,0,0,Alcohol Involvement,4521507,15.8,7.0,0.0,0.0,0.0,0.0,3,21.7,43.2,114,Overcast,0,0,
30099,2022-04-20 17:00:00,40.734314,-73.93803,0,0,Unspecified,4522323,13.9,3.4,0.0,0.0,0.0,0.0,3,26.6,49.0,282,Overcast,0,0,
30100,2022-04-23 22:50:00,40.74705,-73.82906,0,0,Following Too Closely,4522190,14.7,6.3,0.0,0.0,0.0,0.0,3,15.0,29.2,119,Overcast,0,0,
30101,2022-04-24 14:30:00,40.85809,-73.901924,0,0,Unspecified,4521786,15.8,7.0,0.0,0.0,0.0,0.0,3,21.7,43.2,114,Overcast,0,0,
30102,2022-04-13 16:00:00,40.803745,-73.95587,0,0,Driver Inattention/Distraction,4522246,18.9,7.1,0.0,0.0,0.0,0.0,3,18.7,37.4,112,Overcast,0,0,
30103,2022-04-12 19:10:00,40.879074,-73.907265,0,0,Unsafe Speed,4522251,20.4,7.7,1.6,1.6,0.0,3.0,53,17.8,36.0,271,Drizzle: Moderate,0,0,
30104,2022-04-24 01:16:00,40.749073,-73.99946,1,0,Unspecified,4521413,15.8,7.0,0.0,0.0,0.0,0.0,3,21.7,43.2,114,Overcast,1,1,
30105,2022-04-20 15:50:00,40.734993,-73.83644,5,0,View Obstructed/Limited,4522389,13.9,3.4,0.0,0.0,0.0,0.0,3,26.6,49.0,282,Overcast,5,5,
30106,2022-04-24 06:10:00,0.0,0.0,2,0,Reaction to Uninvolved Vehicle,4521855,15.8,7.0,0.0,0.0,0.0,0.0,3,21.7,43.2,114,Overcast,2,2,
30107,2022-04-24 00:19:00,40.835873,-73.8699,2,0,Obstruction/Debris,4521913,15.8,7.0,0.0,0.0,0.0,0.0,3,21.7,43.2,114,Overcast,2,2,
30108,2022-04-24 20:04:00,40.809364,-73.96797,0,0,Failure to Yield Right-of-Way,4522310,15.8,7.0,0.0,0.0,0.0,0.0,3,21.7,43.2,114,Overcast,0,0,
30109,2022-04-24 02:40:00,40.66445,-73.83347,0,0,Obstruction/Debris,4521709,15.8,7.0,0.0,0.0,0.0,0.0,3,21.7,43.2,114,Overcast,0,0,
30110,2022-04-14 15:00:00,40.716644,-73.99582,0,0,Failure to Yield Right-of-Way,4522170,28.1,13.9,0.2,0.2,0.0,2.0,51,25.9,46.1,249,Drizzle: Light,0,0,
30111,2022-04-24 14:30:00,40.849964,-73.91416,0,0,Passing Too Closely,4521752,15.8,7.0,0.0,0.0,0.0,0.0,3,21.7,43.2,114,Overcast,0,0,
30112,2022-04-10 01:15:00,40.729824,-74.010605,0,0,Unsafe Lane Changing,4522356,9.8,3.5,0.0,0.0,0.0,0.0,3,29.3,54.4,307,Overcast,0,0,
30113,2022-04-24 23:59:00,0.0,0.0,1,0,Unspecified,4521872,15.8,7.0,0.0,0.0,0.0,0.0,3,21.7,43.2,114,Overcast,1,1,