,CRASH DATETIME,LATITUDE,LONGITUDE,NUMBER OF PERSONS INJURED,NUMBER OF PERSONS KILLED,CONTRIBUTING FACTOR VEHICLE 1,COLLISION_ID,temperature_2m_max,temperature_2m_min,precipitation_sum,rain_sum,snowfall_sum,precipitation_hours,weather_code,wind_speed_10m_max,wind_gusts_10m_max,wind_direction_10m_dominant,Weather Description,Severity_Score,Total_Affected_Persons,Weather_Category
30114,2022-09-22 17:07:00,40.72089,-73.99576,1,0,Driver Inattention/Distraction,4566539,24.9,14.3,9.1,9.1,0.0,7.0,63,24.6,44.6,273,Rain: Moderate,1,1,
30115,2022-09-21 23:50:00,40.688614,-73.989174,0,0,Alcohol Involvement,4566698,26.5,16.0,0.0,0.0,0.0,0.0,3,19.4,36.7,252,Overcast,0,0,
30116,2022-09-21 16:10:00,40.68572,-73.84762,0,0,Driver Inattention/Distraction,4566132,26.5,16.0,0.0,0.0,0.0,0.0,3,19.4,36.7,252,Overcast,0,0,
30117,2022-09-22 07:23:00,0.0,0.0,1,0,Driver Inattention/Distraction,4566566,24.9,14.3,9.1,9.1,0.0,7.0,63,24.6,44.6,273,Rain: Moderate,1,1,
30118,2022-09-21 23:55:00,40.752563,-73.99319,1,0,Pedestrian/Bicyclist/Other Pedestrian Error/Confusion,4566166,26.5,16.0,0.0,0.0,0.0,0.0,3,19.4,36.7,252,Overcast,1,1,
30119,2022-09-21 10:45:00,40.704494,-73.81743,0,0,Unsafe Lane Changing,4566050,26.5,16.0,0.0,0.0,0.0,0.0,3,19.4,36.7,252,Overcast,0,0,
30120,2022-09-22 15:08:00,40.611286,-73.920204,0,0,Driver Inattention/Distraction,4566439,24.9,14.3,9.1,9.1,0.0,7.0,63,24.6,44.6,273,Rain: Moderate,0,0,
30121,2022-09-16 20:04:00,40.65147,-73.89543,1,0,Other Vehicular,4566725,23.7,11.9,0.0,0.0,0.0,0.0,3,10.3,21.6,336,Overcast,1,1,
30122,2022-09-22 07:55:00,40.718555,-73.988205,0,0,Driver Inattention/Distraction,4566745,24.9,14.3,9.1,9.1,0.0,7.0,63,24.6,44.6,273,Rain: Moderate,0,0,
30123,2022-09-22 09:30:00,40.666946,-73.79712,1,0,Unsafe Speed,4566331,24.9,14.3,9.1,9.1,0.0,7.0,63,24.6,44.6,273,Rain: Moderate,1,1,
30124,2022-09-21 08:25:00,40.848118,-73.93089,0,0,Following Too Closely,4567116,26.5,16.0,0.0,0.0,0.0,0.0,3,19.4,36.7,252,Overcast,0,0,
30125,2022-09-23 15:00:00,40.88245,-73.8536,0,0,Unspecified,4567153,16.4,10.0,0.0,0.0,0.0,0.0,0,31.1,56.9,323,Clear sky,0,0,Sunny/Clear Conditions
30126,2022-09-22 04:40:00,40.75455,-73.74317,0,0,Unsafe Lane Changing,4566368,24.9,14.3,9.1,9.1,0.0,7.0,63,24.6,44.6,273,Rain: Moderate,0,0,
30127,2022-09-17 23:30:00,40.722485,-73.974396,0,0,Driver Inattention/Distraction,4566900,22.9,16.8,0.0,0.0,0.0,0.0,3,16.9,32.0,115,Overcast,0,0,
30128,2022-09-18 18:45:00,40.62455,-74.026634,0,0,Other Vehicular,4566693,28.7,17.1,0.0,0.0,0.0,0.0,3,20.2,36.7,233,Overcast,0,0,
30129,2022-09-23 07:45:00,40.624348,-73.99755,0,0,Driver Inattention/Distraction,4566571,16.4,10.0,0.0,0.0,0.0,0.0,0,31.1,56.9,323,Clear sky,0,0,Sunny/Clear Conditions
30130,2022-09-20 23:43:00,40.724575,-73.987495,1,0,Passenger Distraction,4566626,25.7,17.7,0.0,0.0,0.0,0.0,3,19.0,35.3,296,Overcast,1,1,
30131,2022-07-12 08:00:00,40.663452,-73.92409,0,0,Unspecified,4566943,33.7,19.4,0.3,0.3,0.0,3.0,51,31.2,58.0,219,Drizzle: Light,0,0,
30132,2022-09-09 07:29:00,40.822704,-73.886345,0,0,Following Too Closely,4566967,26.3,16.3,0.0,0.0,0.0,0.0,0,11.8,23.8,63,Clear sky,0,0,Sunny/Clear Conditions
30133,2022-09-21 09:30:00,40.764458,-73.985405,0,0,Glare,4566496,26.5,16.0,0.0,0.0,0.0,0.0,3,19.4,36.7,252,Overcast,0,0,
30134,2022-09-16 14:30:00,40.75199,-73.931274,1,0,Failure to Yield Right-of-Way,4566737,23.7,11.9,0.0,0.0,0.0,0.0,3,10.3,21.6,336,Overcast,1,1,
30135,2022-09-21 11:39:00,40.673622,-73.99551,1,0,Passing or Lane Usage Improper,4567254,26.5,16.0,0.0,0.0,0.0,0.0,3,19.4,36.7,252,Overcast,1,1,
30136,2022-09-21 10:40:00,40.703857,-73.91851,0,0,Backing Unsafely,4566214,26.5,16.0,0.0,0.0,0.0,0.0,3,19.4,36.7,252,Overcast,0,0,
30137,2023-01-15 23:30:00,40.636456,-74.000534,0,0,Unspecified,4598343,4.7,-2.1,0.0,0.0,0.0,0.0,3,29.5,53.6,354,Overcast,0,0,
30138,2022-09-21 21:00:00,40.676785,-73.88674,0,0,Unspecified,4566238,26.5,16.0,0.0,0.0,0.0,0.0,3,19.4,36.7,252,Overcast,0,0,
30139,2022-09-23 14:43:00,40.758793,-73.87256,0,0,Driver Inattention/Distraction,4566771,16.4,10.0,0.0,0.0,0.0,0.0,0,31.1,56.9,323,Clear sky,0,0,Sunny/Clear Conditions
30140,2022-09-22 13:51:00,40.665634,-73.95512,0,0,Driver Inattention/Distraction,4566868,24.9,14.3,9.1,9.1,0.0,7.0,63,24.6,44.6,273,Rain: Moderate,0,0,
30141,2022-09-21 00:00:00,40.76577,-73.919,0,0,Failure to Yield Right-of-Way,4567203,26.5,16.0,0.0,0.0,0.0,0.0,3,19.4,36.7,252,Overcast,0,0,
30142,2022-09-21 15:23:00,40.83317,-73.891365,1,0,Traffic Control Disregarded,4566174,26.5,16.0,0.0,0.0,0.0,0.0,3,19.4,36.7,252,Overcast,1,1,
30143,2022-09-21 15:19:00,40.610977,-73.962585,0,0,Unspecified,4566603,26.5,16.0,0.0,0.0,0.0,0.0,3,19.4,36.7,252,Overcast,0,0,
30144,2022-09-23 17:25:00,40.679794,-73.80982,1,0,Failure to Yield Right-of-Way,4567226,16.4,10.0,0.0,0.0,0.0,0.0,0,31.1,56.9,323,Clear sky,1,1,Sunny/Clear Conditions
30145,2022-09-23 14:15:00,40.634483,-73.91886,0,0,Following Too Closely,4566731,16.4,10.0,0.0,0.0,0.0,0.0,0,31.1,56.9,323,Clear sky,0,0,Sunny/Clear Conditions
30146,2022-09-22 15:31:00,40.646687,-73.95413,1,0,Driver Inattention/Distraction,4566912,24.9,14.3,9.1,9.1,0.0,7.0,63,24.6,44.6,273,Rain: Moderate,1,1,
30147,2022-09-18 16:23:00,40.90348,-73.85035,0,0,Passing Too Closely,4567127,28.7,17.1,0.0,0.0,0.0,0.0,3,20.2,36.7,233,Overcast,0,0,
30148,2022-09-22 07:05:00,40.826836,-73.92263,0,0,Following Too Closely,4566288,24.9,14.3,9.1,9.1,0.0,7.0,63,24.6,44.6,273,Rain: Moderate,0,0,
30149,2022-09-14 00:00:00,40.87356,-73.81853,1,0,Steering Failure,4566647,26.4,15.8,0.0,0.0,0.0,0.0,2,20.1,37.1,283,Partly cloudy,1,1,
30150,2022-09-23 20:25:00,40.67652,-73.91432,1,0,Other Vehicular,4567023,16.4,10.0,0.0,0.0,0.0,0.0,0,31.1,56.9,323,Clear sky,1,1,Sunny/Clear Conditions
30151,2022-08-22 00:40:00,40.84271,-73.885666,0,0,Driver Inattention/Distraction,4566530,24.7,21.5,19.9,19.9,0.0,20.0,63,17.0,34.2,132,Rain: Moderate,0,0,
30152,2022-09-21 15:58:00,40.683,-73.97349,1,0,Driver Inattention/Distraction,4566137,26.5,16.0,0.0,0.0,0.0,0.0,3,19.4,36.7,252,Overcast,1,1,
30153,2022-09-23 22:33:00,40.72911,-74.01068,4,0,Unspecified,4566955,16.4,10.0,0.0,0.0,0.0,0.0,0,31.1,56.9,323,Clear sky,4,4,Sunny/Clear Conditions
30154,2022-09-23 19:40:00,40.709316,-73.93301,1,0,Driver Inattention/Distraction,4567032,16.4,10.0,0.0,0.0,0.0,0.0,0,31.1,56.9,323,Clear sky,1,1,Sunny/Clear Conditions
30155,2022-09-17 23:26:00,40.89341,-73.85737,0,0,Passing or Lane Usage Improper,4567094,22.9,16.8,0.0,0.0,0.0,0.0,3,16.9,32.0,115,Overcast,0,0,
30156,2022-09-21 18:32:00,40.673477,-73.791534,1,0,Passing Too Closely,4566444,26.5,16.0,0.0,0.0,0.0,0.0,3,19.4,36.7,252,Overcast,1,1,
30157,2022-09-22 16:40:00,40.716927,-74.000824,1,0,View Obstructed/Limited,4566543,24.9,14.3,9.1,9.1,0.0,7.0,63,24.6,44.6,273,Rain: Moderate,1,1,
30158,2022-09-20 09:12:00,40.72168,-73.9448,0,0,Steering Failure,4567305,25.7,17.7,0.0,0.0,0.0,0.0,3,19.0,35.3,296,Overcast,0,0,
30159,2022-09-21 16:24:00,40.68405,-73.97746,0,0,Passing Too Closely,4566254,26.5,16.0,0.0,0.0,0.0,0.0,3,19.4,36.7,252,Overcast,0,0,
30160,2022-09-23 18:35:00,40.693863,-73.92971,1,0,Unspecified,4567136,16.4,10.0,0.0,0.0,0.0,0.0,0,31.1,56.9,323,Clear sky,1,1,Sunny/Clear Conditions
30161,2022-09-21 08:45:00,40.801285,-73.95394,1,0,Driver Inattention/Distraction,4566646,26.5,16.0,0.0,0.0,0.0,0.0,3,19.4,36.7,252,Overcast,1,1,
30162,2022-09-21 14:30:00,40.765553,-73.957634,0,0,Backing Unsafely,4566184,26.5,16.0,0.0,0.0,0.0,0.0,3,19.4,36.7,252,Overcast,0,0,
30163,2022-09-22 04:25:00,40.58553,-73.938324,0,0,Driver Inattention/Distraction,4566255,24.9,14.3,9.1,9.1,0.0,7.0,63,24.6,44.6,273,Rain: Moderate,0,0,
30164,2021-12-24 20:00:00,40.660564,-73.89212,0,0,Driver Inattention/Distraction,4491255,5.7,-1.1,1.0,0.0,0.7,5.0,73,12.4,21.6,73,Snow fall: Moderate,0,0,Snowy Conditions
30165,2022-09-16 14:10:00,40.59616,-73.74713,0,0,Traffic Control Disregarded,4566661,23.7,11.9,0.0,0.0,0.0,0.0,3,10.3,21.6,336,Overcast,0,0,
30166,2022-09-21 01:55:00,40.683716,-73.87829,0,0,Passing or Lane Usage Improper,4566233,26.5,16.0,0.0,0.0,0.0,0.0,3,19.4,36.7,252,Overcast,0,0,
30167,2022-09-21 23:11:00,40.810993,-73.95429,1,0,Unsafe Speed,4566481,26.5,16.0,0.0,0.0,0.0,0.0,3,19.4,36.7,252,Overcast,1,1,
30168,2022-09-23 13:25:00,40.875893,-73.88825,0,0,Driver Inattention/Distraction,4566678,16.4,10.0,0.0,0.0,0.0,0.0,0,31.1,56.9,323,Clear sky,0,0,Sunny/Clear Conditions
30169,2022-09-21 00:50:00,40.653633,-73.72538,0,0,View Obstructed/Limited,4565890,26.5,16.0,0.0,0.0,0.0,0.0,3,19.4,36.7,252,Overcast,0,0,
30170,2022-09-08 12:46:00,40.799915,-73.96238,0,0,Driver Inexperience,4566515,23.9,17.7,0.0,0.0,0.0,0.0,3,15.5,30.6,29,Overcast,0,0,
30171,2022-09-16 04:27:00,40.72083,-73.93814,1,0,Unspecified,4567282,23.7,11.9,0.0,0.0,0.0,0.0,3,10.3,21.6,336,Overcast,1,1,
30172,2022-09-21 14:05:00,40.773037,-73.908485,1,0,Passing or Lane Usage Improper,4566763,26.5,16.0,0.0,0.0,0.0,0.0,3,19.4,36.7,252,Overcast,1,1,
30173,2022-09-23 17:58:00,40.557926,-74.16175,1,0,Failure to Yield Right-of-Way,4566789,16.4,10.0,0.0,0.0,0.0,0.0,0,31.1,56.9,323,Clear sky,1,1,Sunny/Clear Conditions
30174,2022-09-22 18:52:00,40.612885,-73.97522,1,0,Unspecified,4566562,24.9,14.3,9.1,9.1,0.0,7.0,63,24.6,44.6,273,Rain: Moderate,1,1,
30175,2022-09-21 12:52:00,40.637634,-73.919205,1,0,Failure to Yield Right-of-Way,4566157,26.5,16.0,0.0,0.0,0.0,0.0,3,19.4,36.7,252,Overcast,1,1,
30176,2022-09-22 15:44:00,40.68292,-73.964264,0,0,Driver Inattention/Distraction,4566426,24.9,14.3,9.1,9.1,0.0,7.0,63,24.6,44.6,273,Rain: Moderate,0,0,
30177,2022-09-15 22:10:00,40.80801,-73.88961,2,0,Unspecified,4566557,21.9,15.6,0.0,0.0,0.0,0.0,1,18.2,37.1,328,Mainly clear,2,2,Sunny/Clear Conditions
30178,2022-09-14 18:10:00,40.844982,-73.88244,1,0,Driver Inattention/Distraction,4566542,26.4,15.8,0.0,0.0,0.0,0.0,2,20.1,37.1,283,Partly cloudy,1,1,
30179,2022-09-22 18:22:00,40.77328,-73.961,0,0,Passing Too Closely,4566459,24.9,14.3,9.1,9.1,0.0,7.0,63,24.6,44.6,273,Rain: Moderate,0,0,
30180,2022-09-23 14:00:00,40.694317,-73.98888,0,0,Passing Too Closely,4566702,16.4,10.0,0.0,0.0,0.0,0.0,0,31.1,56.9,323,Clear sky,0,0,Sunny/Clear Conditions
30181,2022-09-21 00:50:00,40.844982,-73.92067,1,0,Driver Inattention/Distraction,4565931,26.5,16.0,0.0,0.0,0.0,0.0,3,19.4,36.7,252,Overcast,1,1,
30182,2022-09-22 12:10:00,40.610203,-73.96045,0,0,Outside Car Distraction,4566488,24.9,14.3,9.1,9.1,0.0,7.0,63,24.6,44.6,273,Rain: Moderate,0,0,
30183,2022-09-21 10:50:00,40.743046,-73.91776,0,0,Driver Inattention/Distraction,4566136,26.5,16.0,0.0,0.0,0.0,0.0,3,19.4,36.7,252,Overcast,0,0,
30184,2022-09-21 17:26:00,40.822704,-73.886345,1,0,Unspecified,4566630,26.5,16.0,0.0,0.0,0.0,0.0,3,19.4,36.7,252,Overcast,1,1,
30185,2022-09-21 07:06:00,40.680214,-73.901794,1,0,Reaction to Uninvolved Vehicle,4566234,26.5,16.0,0.0,0.0,0.0,0.0,3,19.4,36.7,252,Overcast,1,1,
30186,2022-08-26 00:00:00,40.699192,-73.95519,0,0,Driver Inattention/Distraction,4566769,29.8,21.5,27.1,27.1,0.0,7.0,65,22.1,41.8,213,Rain: Heavy,0,0,
30187,2022-09-23 09:00:00,40.76591,-73.96341,0,0,Passing or Lane Usage Improper,4566689,16.4,10.0,0.0,0.0,0.0,0.0,0,31.1,56.9,323,Clear sky,0,0,Sunny/Clear Conditions
30188,2022-09-22 14:38:00,40.73596,-74.005135,1,0,Driver Inattention/Distraction,4567008,24.9,14.3,9.1,9.1,0.0,7.0,63,24.6,44.6,273,Rain: Moderate,1,1,
30189,2022-09-18 02:00:00,40.71451,-73.822975,0,0,Unspecified,4566520,28.7,17.1,0.0,0.0,0.0,0.0,3,20.2,36.7,233,Overcast,0,0,
30190,2021-10-11 07:21:00,40.74706,-73.929344,0,1,Unsafe Speed,4466536,21.7,16.3,0.0,0.0,0.0,0.0,3,25.7,49.7,41,Overcast,20,1,
30191,2022-06-19 20:03:00,40.71286,-73.96579,2,0,Failure to Yield Right-of-Way,4538934,22.4,12.4,0.0,0.0,0.0,0.0,3,30.3,58.7,324,Overcast,2,2,
30192,2022-06-28 11:30:00,40.75066,-73.987785,0,0,Driver Inattention/Distraction,4543463,27.5,19.1,0.0,0.0,0.0,0.0,3,14.4,28.4,334,Overcast,0,0,
30193,2022-06-23 12:42:00,40.868404,-73.90152,1,0,Driver Inattention/Distraction,4543464,22.6,15.7,0.8,0.8,0.0,6.0,51,15.6,31.3,127,Drizzle: Light,1,1,
30194,2022-07-02 19:26:00,40.704548,-74.0143,0,0,Driver Inattention/Distraction,4543459,30.8,23.1,4.0,4.0,0.0,5.0,61,19.4,40.0,229,Rain: Light,0,0,
30195,2022-06-21 17:44:00,40.74357,-73.83772,2,0,Following Too Closely,4543465,26.0,14.6,1.0,1.0,0.0,3.0,53,13.0,24.1,175,Drizzle: Moderate,2,2,
30196,2022-06-30 12:25:00,40.70722,-74.00747,0,0,Following Too Closely,4543460,31.2,17.3,0.0,0.0,0.0,0.0,2,19.1,37.4,274,Partly cloudy,0,0,
30197,2022-06-29 00:07:00,40.750294,-73.99485,0,0,Pedestrian/Bicyclist/Other Pedestrian Error/Confusion,4543462,29.0,17.7,0.0,0.0,0.0,0.0,3,27.2,51.5,195,Overcast,0,0,
30198,2022-07-04 19:48:00,40.686935,-73.87323,3,0,Lane Marking Improper/Inadequate,4546144,30.9,17.5,0.0,0.0,0.0,0.0,3,15.4,27.4,302,Overcast,3,3,
30199,2022-07-12 14:20:00,40.66675,-73.779945,0,0,Passing or Lane Usage Improper,4545891,33.7,19.4,0.3,0.3,0.0,3.0,51,31.2,58.0,219,Drizzle: Light,0,0,
30200,2022-07-10 09:57:00,40.742912,-73.79463,0,0,Driver Inattention/Distraction,4546210,27.7,18.3,0.0,0.0,0.0,0.0,3,23.2,43.6,106,Overcast,0,0,
30201,2022-07-12 04:33:00,40.698105,-73.93371,4,0,Driver Inattention/Distraction,4545490,33.7,19.4,0.3,0.3,0.0,3.0,51,31.2,58.0,219,Drizzle: Light,4,4,
30202,2022-07-12 22:02:00,40.806812,-73.9175,1,0,Passing or Lane Usage Improper,4545987,33.7,19.4,0.3,0.3,0.0,3.0,51,31.2,58.0,219,Drizzle: Light,1,1,
30203,2022-07-09 10:45:00,40.852215,-73.90761,0,0,Driver Inattention/Distraction,4546015,30.0,20.5,0.0,0.0,0.0,0.0,3,20.7,43.9,63,Overcast,0,0,
30204,2022-07-12 16:00:00,40.79094,-73.947235,0,0,Reaction to Uninvolved Vehicle,4545776,33.7,19.4,0.3,0.3,0.0,3.0,51,31.2,58.0,219,Drizzle: Light,0,0,
30205,2022-07-12 15:58:00,40.678635,-73.885284,0,0,Unspecified,4546103,33.7,19.4,0.3,0.3,0.0,3.0,51,31.2,58.0,219,Drizzle: Light,0,0,
30206,2022-07-12 15:30:00,40.82101,-73.93436,0,0,Unspecified,4545838,33.7,19.4,0.3,0.3,0.0,3.0,51,31.2,58.0,219,Drizzle: Light,0,0,
30207,2022-07-12 20:20:00,40.81366,-73.9412,0,0,Other Vehicular,4545997,33.7,19.4,0.3,0.3,0.0,3.0,51,31.2,58.0,219,Drizzle: Light,0,0,
30208,2022-09-15 09:00:00,40.69299,-73.95583,0,0,Driver Inattention/Distraction,4566791,21.9,15.6,0.0,0.0,0.0,0.0,1,18.2,37.1,328,Mainly clear,0,0,Sunny/Clear Conditions
30209,2022-09-22 09:48:00,40.688564,-73.79781,0,0,Backing Unsafely,4566984,24.9,14.3,9.1,9.1,0.0,7.0,63,24.6,44.6,273,Rain: Moderate,0,0,
30210,2022-09-23 16:50:00,40.647797,-73.97497,2,0,Other Vehicular,4566810,16.4,10.0,0.0,0.0,0.0,0.0,0,31.1,56.9,323,Clear sky,2,2,Sunny/Clear Conditions
30211,2022-09-18 18:50:00,40.88602,-73.834404,0,0,Driver Inexperience,4567163,28.7,17.1,0.0,0.0,0.0,0.0,3,20.2,36.7,233,Overcast,0,0,
30212,2022-09-22 14:19:00,40.642673,-73.90869,0,0,Unsafe Lane Changing,4566421,24.9,14.3,9.1,9.1,0.0,7.0,63,24.6,44.6,273,Rain: Moderate,0,0,
30213,2022-09-21 02:00:00,40.85711,-73.93561,0,0,Animals Action,4567121,26.5,16.0,0.0,0.0,0.0,0.0,3,19.4,36.7,252,Overcast,0,0,
30214,2021-09-11 21:00:00,40.89999,-73.85301,2,0,Failure to Yield Right-of-Way,4456455,24.7,12.9,0.0,0.0,0.0,0.0,3,16.6,34.2,246,Overcast,2,2,
30215,2021-09-29 08:45:00,40.610947,-73.953606,2,0,Driver Inattention/Distraction,4462213,19.9,11.3,0.0,0.0,0.0,0.0,3,20.6,41.8,331,Overcast,2,2,
30216,2021-10-04 13:30:00,40.750763,-73.97445,0,0,Passing or Lane Usage Improper,4464061,20.6,16.4,21.8,21.8,0.0,17.0,63,20.8,42.8,61,Rain: Moderate,0,0,
30217,2021-12-11 20:00:00,40.853844,-73.91592,0,0,Passing Too Closely,4486073,17.3,5.0,8.1,8.1,0.0,5.0,63,35.0,67.0,206,Rain: Moderate,0,0,
30218,2021-12-11 17:30:00,40.556843,-74.15492,3,0,Unspecified,4485455,17.3,5.0,8.1,8.1,0.0,5.0,63,35.0,67.0,206,Rain: Moderate,3,3,
30219,2021-12-11 00:00:00,40.740894,-73.89961,0,0,Unspecified,4485367,17.3,5.0,8.1,8.1,0.0,5.0,63,35.0,67.0,206,Rain: Moderate,0,0,
30220,2021-12-11 10:44:00,40.625893,-73.92661,1,0,Traffic Control Disregarded,4485650,17.3,5.0,8.1,8.1,0.0,5.0,63,35.0,67.0,206,Rain: Moderate,1,1,
30221,2021-12-11 00:00:00,40.67582,-73.930466,0,0,Alcohol Involvement,4485686,17.3,5.0,8.1,8.1,0.0,5.0,63,35.0,67.0,206,Rain: Moderate,0,0,
30222,2021-12-06 17:50:00,40.812073,-73.93604,0,0,Passing Too Closely,4486297,16.3,7.7,6.3,6.3,0.0,10.0,61,35.1,65.5,201,Rain: Light,0,0,
30223,2021-12-01 18:00:00,40.88897,-73.85893,0,0,Unspecified,4485984,8.6,1.0,0.1,0.1,0.0,1.0,51,16.6,29.5,254,Drizzle: Light,0,0,
30224,2021-12-11 05:45:00,40.650806,-73.94958,1,0,Failure to Yield Right-of-Way,4485814,17.3,5.0,8.1,8.1,0.0,5.0,63,35.0,67.0,206,Rain: Moderate,1,1,
30225,2021-12-11 00:10:00,40.67243,-73.75637,0,0,Unsafe Speed,4485395,17.3,5.0,8.1,8.1,0.0,5.0,63,35.0,67.0,206,Rain: Moderate,0,0,
30226,2021-12-11 12:30:00,40.86957,-73.82023,0,0,Driver Inattention/Distraction,4485448,17.3,5.0,8.1,8.1,0.0,5.0,63,35.0,67.0,206,Rain: Moderate,0,0,
30227,2021-12-11 22:21:00,40.63484,-73.904976,0,0,Unspecified,4485588,17.3,5.0,8.1,8.1,0.0,5.0,63,35.0,67.0,206,Rain: Moderate,0,0,
30228,2021-12-10 18:20:00,40.823177,-73.842705,1,0,Unspecified,4486116,8.5,1.6,0.0,0.0,0.0,0.0,3,9.8,20.5,183,Overcast,1,1,
30229,2021-12-11 22:38:00,40.820187,-73.890686,0,0,Unspecified,4485791,17.3,5.0,8.1,8.1,0.0,5.0,63,35.0,67.0,206,Rain: Moderate,0,0,
30230,2021-12-08 07:42:00,40.669804,-73.88155,0,0,Failure to Yield Right-of-Way,4486029,4.7,0.9,0.7,0.7,0.0,2.0,51,14.5,24.8,355,Drizzle: Light,0,0,
30231,2021-12-11 10:25:00,40.822838,-73.928764,0,0,Backing Unsafely,4486123,17.3,5.0,8.1,8.1,0.0,5.0,63,35.0,67.0,206,Rain: Moderate,0,0,
30232,2021-12-11 23:20:00,40.697186,-73.96864,1,0,,4485468,17.3,5.0,8.1,8.1,0.0,5.0,63,35.0,67.0,206,Rain: Moderate,1,1,
30233,2021-12-09 23:00:00,40.616833,-73.98802,0,0,Driver Inattention/Distraction,4486172,3.6,-2.0,0.1,0.0,0.07,1.0,71,19.2,33.8,295,Snow fall: Light,0,0,Snowy Conditions
30234,2021-12-11 21:00:00,40.576706,-73.972824,0,0,Unspecified,4485541,17.3,5.0,8.1,8.1,0.0,5.0,63,35.0,67.0,206,Rain: Moderate,0,0,
30235,2021-12-08 12:15:00,40.661385,-73.8841,1,0,Backing Unsafely,4486084,4.7,0.9,0.7,0.7,0.0,2.0,51,14.5,24.8,355,Drizzle: Light,1,1,
30236,2021-12-11 21:50:00,40.651863,-73.86536,0,0,Unsafe Lane Changing,4486009,17.3,5.0,8.1,8.1,0.0,5.0,63,35.0,67.0,206,Rain: Moderate,0,0,
30237,2021-12-11 16:55:00,40.687992,-73.98962,1,0,Turning Improperly,4485838,17.3,5.0,8.1,8.1,0.0,5.0,63,35.0,67.0,206,Rain: Moderate,1,1,
30238,2021-10-05 13:33:00,40.657696,-73.96236,0,0,Other Vehicular,4464449,19.9,15.0,0.0,0.0,0.0,0.0,3,14.5,28.1,46,Overcast,0,0,
30239,2021-10-05 23:50:00,40.749878,-73.995766,0,0,Unspecified,4464570,19.9,15.0,0.0,0.0,0.0,0.0,3,14.5,28.1,46,Overcast,0,0,
30240,2021-10-05 10:05:00,40.72293,-73.847336,1,0,Driver Inattention/Distraction,4464508,19.9,15.0,0.0,0.0,0.0,0.0,3,14.5,28.1,46,Overcast,1,1,
30241,2021-10-03 21:30:00,40.711834,-73.95215,0,0,Driver Inattention/Distraction,4464909,25.9,12.8,0.0,0.0,0.0,0.0,3,12.0,24.1,217,Overcast,0,0,
30242,2021-10-05 01:30:00,40.889183,-73.88906,1,0,Driver Inattention/Distraction,4464182,19.9,15.0,0.0,0.0,0.0,0.0,3,14.5,28.1,46,Overcast,1,1,
30243,2021-10-05 19:50:00,40.59907,-73.90498,1,0,Unspecified,4464487,19.9,15.0,0.0,0.0,0.0,0.0,3,14.5,28.1,46,Overcast,1,1,
30244,2021-10-05 19:45:00,40.606888,-74.170654,0,0,Driver Inattention/Distraction,4464642,19.9,15.0,0.0,0.0,0.0,0.0,3,14.5,28.1,46,Overcast,0,0,
30245,2021-10-05 08:45:00,40.601795,-73.97257,0,0,Following Too Closely,4464531,19.9,15.0,0.0,0.0,0.0,0.0,3,14.5,28.1,46,Overcast,0,0,
30246,2021-10-05 11:30:00,40.763042,-73.956535,0,0,Driver Inexperience,4464846,19.9,15.0,0.0,0.0,0.0,0.0,3,14.5,28.1,46,Overcast,0,0,
30247,2021-10-05 00:00:00,40.582756,-74.13041,1,0,Pavement Slippery,4464281,19.9,15.0,0.0,0.0,0.0,0.0,3,14.5,28.1,46,Overcast,1,1,
30248,2021-10-05 09:50:00,40.67769,-74.00041,0,0,Turning Improperly,4464537,19.9,15.0,0.0,0.0,0.0,0.0,3,14.5,28.1,46,Overcast,0,0,
30249,2021-09-30 06:55:00,40.606815,-74.18339,0,0,Driver Inattention/Distraction,4464952,18.8,13.1,0.0,0.0,0.0,0.0,3,18.1,37.4,330,Overcast,0,0,
30250,2021-10-03 06:30:00,40.66925,-73.93944,0,0,Driver Inattention/Distraction,4465025,25.9,12.8,0.0,0.0,0.0,0.0,3,12.0,24.1,217,Overcast,0,0,
30251,2021-10-05 11:08:00,40.665115,-73.92931,1,0,Failure to Yield Right-of-Way,4464764,19.9,15.0,0.0,0.0,0.0,0.0,3,14.5,28.1,46,Overcast,1,1,
30252,2021-10-05 06:07:00,40.859646,-73.86176,1,0,Driver Inattention/Distraction,4464313,19.9,15.0,0.0,0.0,0.0,0.0,3,14.5,28.1,46,Overcast,1,1,
30253,2021-10-05 09:55:00,40.90252,-73.85114,0,0,Driver Inexperience,4464420,19.9,15.0,0.0,0.0,0.0,0.0,3,14.5,28.1,46,Overcast,0,0,
30254,2021-10-05 15:30:00,40.734768,-73.86487,0,0,Driver Inattention/Distraction,4464576,19.9,15.0,0.0,0.0,0.0,0.0,3,14.5,28.1,46,Overcast,0,0,
30255,2021-10-05 15:47:00,40.687332,-73.77967,1,0,Other Vehicular,4464596,19.9,15.0,0.0,0.0,0.0,0.0,3,14.5,28.1,46,Overcast,1,1,
30256,2021-10-05 18:10:00,40.641945,-73.99928,0,0,Unspecified,4464692,19.9,15.0,0.0,0.0,0.0,0.0,3,14.5,28.1,46,Overcast,0,0,
30257,2021-10-05 09:30:00,40.68365,-73.87219,1,0,Driver Inexperience,4464387,19.9,15.0,0.0,0.0,0.0,0.0,3,14.5,28.1,46,Overcast,1,1,