,CRASH DATETIME,LATITUDE,LONGITUDE,NUMBER OF PERSONS INJURED,NUMBER OF PERSONS KILLED,CONTRIBUTING FACTOR VEHICLE 1,COLLISION_ID,temperature_2m_max,temperature_2m_min,precipitation_sum,rain_sum,snowfall_sum,precipitation_hours,weather_code,wind_speed_10m_max,wind_gusts_10m_max,wind_direction_10m_dominant,Weather Description,Severity_Score,Total_Affected_Persons,Weather_Category
30258,2021-10-05 08:43:00,40.602356,-73.75953,1,0,Traffic Control Disregarded,4464346,19.9,15.0,0.0,0.0,0.0,0.0,3,14.5,28.1,46,Overcast,1,1,
30259,2021-08-14 14:54:00,40.667908,-73.79474,0,0,Passing Too Closely,4465135,31.3,24.2,2.5,2.5,0.0,5.0,55,16.9,32.8,286,Drizzle: Dense,0,0,
30260,2021-10-05 09:28:00,40.717155,-73.94924,0,0,Following Too Closely,4464369,19.9,15.0,0.0,0.0,0.0,0.0,3,14.5,28.1,46,Overcast,0,0,
30261,2021-10-05 10:00:00,40.713634,-73.94595,0,0,Driver Inattention/Distraction,4464348,19.9,15.0,0.0,0.0,0.0,0.0,3,14.5,28.1,46,Overcast,0,0,
30262,2021-09-28 20:55:00,40.853714,-73.92681,0,1,Unsafe Speed,4464988,22.1,16.3,12.4,12.4,0.0,9.0,63,19.2,38.5,264,Rain: Moderate,20,1,
30263,2022-07-02 15:38:00,40.85071,-73.865906,0,0,Passing Too Closely,4542849,30.8,23.1,4.0,4.0,0.0,5.0,61,19.4,40.0,229,Rain: Light,0,0,
30264,2021-10-05 07:20:00,40.73722,-73.9814,0,0,Failure to Yield Right-of-Way,4464329,19.9,15.0,0.0,0.0,0.0,0.0,3,14.5,28.1,46,Overcast,0,0,
30265,2021-10-05 18:00:00,40.677925,-73.75486,0,0,Passing or Lane Usage Improper,4464688,19.9,15.0,0.0,0.0,0.0,0.0,3,14.5,28.1,46,Overcast,0,0,
30266,2021-10-05 21:27:00,40.72618,-73.99128,0,0,Reaction to Uninvolved Vehicle,4464524,19.9,15.0,0.0,0.0,0.0,0.0,3,14.5,28.1,46,Overcast,0,0,
30267,2021-10-05 19:57:00,40.843643,-73.90676,0,0,Passing Too Closely,4464547,19.9,15.0,0.0,0.0,0.0,0.0,3,14.5,28.1,46,Overcast,0,0,
30268,2021-10-05 18:08:00,40.865314,-73.84911,0,0,Passing or Lane Usage Improper,4464723,19.9,15.0,0.0,0.0,0.0,0.0,3,14.5,28.1,46,Overcast,0,0,
30269,2021-10-05 23:46:00,40.736046,-73.92673,1,0,Driver Inattention/Distraction,4464606,19.9,15.0,0.0,0.0,0.0,0.0,3,14.5,28.1,46,Overcast,1,1,
30270,2021-10-05 14:26:00,40.814053,-73.93484,0,0,Driver Inattention/Distraction,4464697,19.9,15.0,0.0,0.0,0.0,0.0,3,14.5,28.1,46,Overcast,0,0,
30271,2021-10-05 10:30:00,40.785805,-73.942856,0,0,Unspecified,4464339,19.9,15.0,0.0,0.0,0.0,0.0,3,14.5,28.1,46,Overcast,0,0,
30272,2021-10-05 11:09:00,40.615433,-73.99775,0,0,View Obstructed/Limited,4464401,19.9,15.0,0.0,0.0,0.0,0.0,3,14.5,28.1,46,Overcast,0,0,
30273,2021-10-05 14:12:00,40.718555,-73.988205,0,0,Passing Too Closely,4464497,19.9,15.0,0.0,0.0,0.0,0.0,3,14.5,28.1,46,Overcast,0,0,
30274,2021-10-05 09:17:00,40.77543,-73.98398,0,0,Passing Too Closely,4465077,19.9,15.0,0.0,0.0,0.0,0.0,3,14.5,28.1,46,Overcast,0,0,
30275,2021-07-24 05:45:00,40.706573,-73.922874,0,0,Following Too Closely,4464891,26.8,18.2,0.0,0.0,0.0,0.0,3,16.3,31.7,152,Overcast,0,0,
30276,2021-10-02 03:54:00,40.783054,-73.944885,0,0,Backing Unsafely,4465150,23.7,10.8,0.0,0.0,0.0,0.0,3,17.0,34.2,254,Overcast,0,0,
30277,2021-10-05 08:45:00,40.70934,-73.86267,0,0,Other Vehicular,4464422,19.9,15.0,0.0,0.0,0.0,0.0,3,14.5,28.1,46,Overcast,0,0,
30278,2021-10-05 08:01:00,40.688698,-73.942085,1,0,Failure to Yield Right-of-Way,4464469,19.9,15.0,0.0,0.0,0.0,0.0,3,14.5,28.1,46,Overcast,1,1,
30279,2021-10-04 17:20:00,40.718555,-73.988205,1,0,Failure to Yield Right-of-Way,4465000,20.6,16.4,21.8,21.8,0.0,17.0,63,20.8,42.8,61,Rain: Moderate,1,1,
30280,2021-10-05 15:15:00,40.780064,-73.94705,0,0,Unspecified,4464845,19.9,15.0,0.0,0.0,0.0,0.0,3,14.5,28.1,46,Overcast,0,0,
30281,2021-10-05 22:00:00,40.760124,-73.99265,0,0,Backing Unsafely,4464625,19.9,15.0,0.0,0.0,0.0,0.0,3,14.5,28.1,46,Overcast,0,0,
30282,2021-10-05 16:35:00,40.770054,-73.914406,0,0,Turning Improperly,4464673,19.9,15.0,0.0,0.0,0.0,0.0,3,14.5,28.1,46,Overcast,0,0,
30283,2021-10-05 21:25:00,40.876534,-73.87076,0,0,Aggressive Driving/Road Rage,4464823,19.9,15.0,0.0,0.0,0.0,0.0,3,14.5,28.1,46,Overcast,0,0,
30284,2021-10-03 20:15:00,40.704823,-73.92459,0,0,Passing Too Closely,4464967,25.9,12.8,0.0,0.0,0.0,0.0,3,12.0,24.1,217,Overcast,0,0,
30285,2021-10-05 00:00:00,40.7059,-73.963104,1,0,Other Vehicular,4464515,19.9,15.0,0.0,0.0,0.0,0.0,3,14.5,28.1,46,Overcast,1,1,
30286,2021-10-05 00:40:00,40.673183,-74.00262,3,0,Unspecified,4464538,19.9,15.0,0.0,0.0,0.0,0.0,3,14.5,28.1,46,Overcast,3,3,
30287,2021-10-05 14:49:00,40.852337,-73.86393,0,0,Unspecified,4464478,19.9,15.0,0.0,0.0,0.0,0.0,3,14.5,28.1,46,Overcast,0,0,
30288,2021-10-05 18:00:00,40.62332,-73.99713,0,0,View Obstructed/Limited,4464587,19.9,15.0,0.0,0.0,0.0,0.0,3,14.5,28.1,46,Overcast,0,0,
30289,2021-10-05 21:45:00,40.67816,-73.897484,2,0,Unspecified,4465053,19.9,15.0,0.0,0.0,0.0,0.0,3,14.5,28.1,46,Overcast,2,2,
30290,2021-10-05 15:10:00,40.599827,-74.17823,0,0,Driver Inattention/Distraction,4464433,19.9,15.0,0.0,0.0,0.0,0.0,3,14.5,28.1,46,Overcast,0,0,
30291,2021-10-05 20:50:00,40.76224,-73.99186,1,0,Unspecified,4464875,19.9,15.0,0.0,0.0,0.0,0.0,3,14.5,28.1,46,Overcast,1,1,
30292,2021-10-05 23:14:00,40.78069,-73.9466,1,0,Alcohol Involvement,4464562,19.9,15.0,0.0,0.0,0.0,0.0,3,14.5,28.1,46,Overcast,1,1,
30293,2021-10-05 17:23:00,40.62769,-73.935555,0,0,Driver Inattention/Distraction,4464488,19.9,15.0,0.0,0.0,0.0,0.0,3,14.5,28.1,46,Overcast,0,0,
30294,2021-10-05 12:43:00,40.64934,-73.96331,0,0,Unspecified,4464564,19.9,15.0,0.0,0.0,0.0,0.0,3,14.5,28.1,46,Overcast,0,0,
30295,2021-10-05 14:15:00,40.608677,-73.94733,0,0,Unspecified,4464532,19.9,15.0,0.0,0.0,0.0,0.0,3,14.5,28.1,46,Overcast,0,0,
30296,2021-10-05 14:30:00,40.666134,-73.99224,0,0,Driver Inattention/Distraction,4464944,19.9,15.0,0.0,0.0,0.0,0.0,3,14.5,28.1,46,Overcast,0,0,
30297,2021-10-05 03:00:00,40.57982,-74.13478,0,0,Aggressive Driving/Road Rage,4464195,19.9,15.0,0.0,0.0,0.0,0.0,3,14.5,28.1,46,Overcast,0,0,
30298,2021-10-05 15:21:00,40.865795,-73.920006,0,0,Unsafe Lane Changing,4465007,19.9,15.0,0.0,0.0,0.0,0.0,3,14.5,28.1,46,Overcast,0,0,
30299,2021-10-05 05:05:00,40.59455,-73.997574,2,0,Driver Inattention/Distraction,4464455,19.9,15.0,0.0,0.0,0.0,0.0,3,14.5,28.1,46,Overcast,2,2,
30300,2021-10-03 19:54:00,40.776546,-73.92377,0,0,Driver Inattention/Distraction,4464905,25.9,12.8,0.0,0.0,0.0,0.0,3,12.0,24.1,217,Overcast,0,0,
30301,2021-10-05 05:15:00,40.666546,-73.78808,0,0,Following Too Closely,4464293,19.9,15.0,0.0,0.0,0.0,0.0,3,14.5,28.1,46,Overcast,0,0,
30302,2021-10-02 15:30:00,40.607838,-74.0872,0,0,Following Too Closely,4464953,23.7,10.8,0.0,0.0,0.0,0.0,3,17.0,34.2,254,Overcast,0,0,
30303,2021-10-05 11:00:00,40.61996,-73.982285,0,0,Passing or Lane Usage Improper,4464427,19.9,15.0,0.0,0.0,0.0,0.0,3,14.5,28.1,46,Overcast,0,0,
30304,2021-10-05 16:20:00,40.66614,-73.82326,0,0,Following Too Closely,4464533,19.9,15.0,0.0,0.0,0.0,0.0,3,14.5,28.1,46,Overcast,0,0,
30305,2021-09-29 13:00:00,40.668648,-73.92835,1,0,Driver Inattention/Distraction,4465026,19.9,11.3,0.0,0.0,0.0,0.0,3,20.6,41.8,331,Overcast,1,1,
30306,2021-10-05 12:30:00,40.651196,-73.93032,2,0,Driver Inattention/Distraction,4464479,19.9,15.0,0.0,0.0,0.0,0.0,3,14.5,28.1,46,Overcast,2,2,
30307,2021-10-05 08:15:00,40.63932,-74.02356,0,0,Unspecified,4464758,19.9,15.0,0.0,0.0,0.0,0.0,3,14.5,28.1,46,Overcast,0,0,
30308,2021-10-05 03:06:00,40.63739,-73.91038,1,0,Traffic Control Disregarded,4464509,19.9,15.0,0.0,0.0,0.0,0.0,3,14.5,28.1,46,Overcast,1,1,
30309,2021-10-05 07:15:00,40.821167,-73.82262,0,0,Unspecified,4464997,19.9,15.0,0.0,0.0,0.0,0.0,3,14.5,28.1,46,Overcast,0,0,
30310,2021-10-05 08:23:00,40.793377,-73.97086,1,0,Failure to Yield Right-of-Way,4464352,19.9,15.0,0.0,0.0,0.0,0.0,3,14.5,28.1,46,Overcast,1,1,
30311,2021-10-05 08:37:00,40.62258,-74.005066,0,0,Unspecified,4464375,19.9,15.0,0.0,0.0,0.0,0.0,3,14.5,28.1,46,Overcast,0,0,
30312,2021-10-05 13:45:00,40.729446,-74.00518,0,0,Driver Inattention/Distraction,4464618,19.9,15.0,0.0,0.0,0.0,0.0,3,14.5,28.1,46,Overcast,0,0,
30313,2021-10-05 16:30:00,40.60413,-74.02015,0,0,Driver Inattention/Distraction,4464450,19.9,15.0,0.0,0.0,0.0,0.0,3,14.5,28.1,46,Overcast,0,0,
30314,2021-10-05 09:00:00,40.626453,-74.12976,0,0,Unspecified,4464700,19.9,15.0,0.0,0.0,0.0,0.0,3,14.5,28.1,46,Overcast,0,0,
30315,2021-10-03 16:40:00,0.0,0.0,2,0,Traffic Control Disregarded,4465037,25.9,12.8,0.0,0.0,0.0,0.0,3,12.0,24.1,217,Overcast,2,2,
30316,2021-10-05 08:40:00,40.720955,-73.80935,1,0,Driver Inattention/Distraction,4464341,19.9,15.0,0.0,0.0,0.0,0.0,3,14.5,28.1,46,Overcast,1,1,
30317,2021-10-05 20:10:00,40.743416,-73.88873,0,0,Driver Inattention/Distraction,4464568,19.9,15.0,0.0,0.0,0.0,0.0,3,14.5,28.1,46,Overcast,0,0,
30318,2021-10-05 16:48:00,40.699627,-73.923836,0,0,Driver Inattention/Distraction,4464627,19.9,15.0,0.0,0.0,0.0,0.0,3,14.5,28.1,46,Overcast,0,0,
30319,2021-10-05 08:40:00,40.605213,-74.12084,0,0,Unspecified,4464364,19.9,15.0,0.0,0.0,0.0,0.0,3,14.5,28.1,46,Overcast,0,0,
30320,2021-09-17 22:18:00,40.688553,-73.91245,1,0,Failure to Yield Right-of-Way,4464894,23.6,20.1,1.0,1.0,0.0,7.0,51,20.3,38.9,59,Drizzle: Light,1,1,
30321,2021-10-05 15:15:00,40.749073,-73.99946,0,0,Backing Unsafely,4464958,19.9,15.0,0.0,0.0,0.0,0.0,3,14.5,28.1,46,Overcast,0,0,
30322,2021-10-05 17:43:00,40.63001,-74.08173,0,0,Driver Inattention/Distraction,4464733,19.9,15.0,0.0,0.0,0.0,0.0,3,14.5,28.1,46,Overcast,0,0,
30323,2021-10-05 15:16:00,40.74048,-73.99106,0,0,Oversized Vehicle,4464443,19.9,15.0,0.0,0.0,0.0,0.0,3,14.5,28.1,46,Overcast,0,0,
30324,2021-10-05 14:00:00,40.671406,-73.96133,0,0,Following Too Closely,4464501,19.9,15.0,0.0,0.0,0.0,0.0,3,14.5,28.1,46,Overcast,0,0,
30325,2021-09-10 19:00:00,40.900925,-73.88852,0,0,Unspecified,4465093,22.9,16.0,0.0,0.0,0.0,0.0,3,24.2,47.2,314,Overcast,0,0,
30326,2021-10-05 20:00:00,40.710667,-73.93361,1,0,Passing or Lane Usage Improper,4464886,19.9,15.0,0.0,0.0,0.0,0.0,3,14.5,28.1,46,Overcast,1,1,
30327,2021-10-05 14:30:00,40.738205,-73.92823,1,0,Unspecified,4464603,19.9,15.0,0.0,0.0,0.0,0.0,3,14.5,28.1,46,Overcast,1,1,
30328,2021-10-05 00:00:00,40.847485,-73.90553,0,0,Passing Too Closely,4464301,19.9,15.0,0.0,0.0,0.0,0.0,3,14.5,28.1,46,Overcast,0,0,
30329,2021-10-05 06:25:00,40.619728,-74.08358,0,0,Driver Inattention/Distraction,4464695,19.9,15.0,0.0,0.0,0.0,0.0,3,14.5,28.1,46,Overcast,0,0,
30330,2021-10-05 11:10:00,40.877502,-73.86282,0,0,Oversized Vehicle,4464413,19.9,15.0,0.0,0.0,0.0,0.0,3,14.5,28.1,46,Overcast,0,0,
30331,2021-10-05 12:30:00,40.60719,-74.16243,0,0,Unspecified,4464640,19.9,15.0,0.0,0.0,0.0,0.0,3,14.5,28.1,46,Overcast,0,0,
30332,2021-10-05 18:41:00,40.629055,-73.94833,1,0,Unspecified,4464575,19.9,15.0,0.0,0.0,0.0,0.0,3,14.5,28.1,46,Overcast,1,1,
30333,2021-10-05 17:00:00,40.70547,-73.95024,0,0,Driver Inattention/Distraction,4464521,19.9,15.0,0.0,0.0,0.0,0.0,3,14.5,28.1,46,Overcast,0,0,
30334,2021-10-02 18:20:00,40.86159,-73.92475,0,0,Passing or Lane Usage Improper,4464987,23.7,10.8,0.0,0.0,0.0,0.0,3,17.0,34.2,254,Overcast,0,0,
30335,2021-10-05 16:51:00,40.831974,-73.9235,0,0,Passing or Lane Usage Improper,4464546,19.9,15.0,0.0,0.0,0.0,0.0,3,14.5,28.1,46,Overcast,0,0,
30336,2021-10-05 19:18:00,40.685513,-73.97429,2,0,Pavement Defective,4464460,19.9,15.0,0.0,0.0,0.0,0.0,3,14.5,28.1,46,Overcast,2,2,
30337,2021-10-05 14:30:00,40.766273,-73.740074,1,0,Failure to Yield Right-of-Way,4464701,19.9,15.0,0.0,0.0,0.0,0.0,3,14.5,28.1,46,Overcast,1,1,
30338,2021-10-05 18:40:00,40.695854,-73.818924,2,0,Following Too Closely,4464826,19.9,15.0,0.0,0.0,0.0,0.0,3,14.5,28.1,46,Overcast,2,2,
30339,2021-10-05 14:45:00,40.694798,-73.84026,0,0,Passing Too Closely,4464500,19.9,15.0,0.0,0.0,0.0,0.0,3,14.5,28.1,46,Overcast,0,0,
30340,2021-10-05 17:45:00,40.86242,-73.89405,0,0,Unspecified,4464650,19.9,15.0,0.0,0.0,0.0,0.0,3,14.5,28.1,46,Overcast,0,0,
30341,2021-10-05 07:55:00,40.69476,-73.976135,0,0,Unspecified,4464324,19.9,15.0,0.0,0.0,0.0,0.0,3,14.5,28.1,46,Overcast,0,0,
30342,2021-10-05 10:00:00,40.821,-73.8969,1,0,Pedestrian/Bicyclist/Other Pedestrian Error/Confusion,4464554,19.9,15.0,0.0,0.0,0.0,0.0,3,14.5,28.1,46,Overcast,1,1,
30343,2021-10-05 08:15:00,40.68014,-73.88941,2,0,Driver Inattention/Distraction,4464386,19.9,15.0,0.0,0.0,0.0,0.0,3,14.5,28.1,46,Overcast,2,2,
30344,2021-10-05 14:45:00,40.63448,-73.962204,0,0,Unspecified,4464565,19.9,15.0,0.0,0.0,0.0,0.0,3,14.5,28.1,46,Overcast,0,0,
30345,2021-10-05 15:45:00,40.68419,-73.8703,0,0,Unspecified,4464453,19.9,15.0,0.0,0.0,0.0,0.0,3,14.5,28.1,46,Overcast,0,0,
30346,2021-10-05 08:15:00,40.752056,-73.85421,1,0,Failure to Yield Right-of-Way,4464553,19.9,15.0,0.0,0.0,0.0,0.0,3,14.5,28.1,46,Overcast,1,1,
30347,2021-10-05 20:50:00,40.642113,-73.90307,1,0,Failure to Yield Right-of-Way,4464513,19.9,15.0,0.0,0.0,0.0,0.0,3,14.5,28.1,46,Overcast,1,1,
30348,2021-10-05 05:45:00,40.525616,-74.229416,0,0,Passing or Lane Usage Improper,4464947,19.9,15.0,0.0,0.0,0.0,0.0,3,14.5,28.1,46,Overcast,0,0,
30349,2021-10-05 01:00:00,40.712,-73.82546,0,0,Driver Inattention/Distraction,4464251,19.9,15.0,0.0,0.0,0.0,0.0,3,14.5,28.1,46,Overcast,0,0,
30350,2021-10-04 17:25:00,40.675846,-73.945564,1,0,Driver Inattention/Distraction,4465008,20.6,16.4,21.8,21.8,0.0,17.0,63,20.8,42.8,61,Rain: Moderate,1,1,
30351,2021-10-05 17:00:00,40.732582,-73.86806,0,0,Passing Too Closely,4464775,19.9,15.0,0.0,0.0,0.0,0.0,3,14.5,28.1,46,Overcast,0,0,
30352,2021-10-05 16:58:00,40.68665,-73.91315,0,0,Driver Inattention/Distraction,4464628,19.9,15.0,0.0,0.0,0.0,0.0,3,14.5,28.1,46,Overcast,0,0,
30353,2021-10-05 11:25:00,40.586105,-74.09109,0,0,Driver Inattention/Distraction,4464365,19.9,15.0,0.0,0.0,0.0,0.0,3,14.5,28.1,46,Overcast,0,0,
30354,2021-10-05 00:00:00,40.8133,-73.930405,1,0,Unspecified,4464589,19.9,15.0,0.0,0.0,0.0,0.0,3,14.5,28.1,46,Overcast,1,1,
30355,2022-04-24 05:46:00,0.0,0.0,0,0,Alcohol Involvement,4521498,15.8,7.0,0.0,0.0,0.0,0.0,3,21.7,43.2,114,Overcast,0,0,
30356,2021-10-05 12:00:00,40.832176,-73.86534,0,0,Unspecified,4464393,19.9,15.0,0.0,0.0,0.0,0.0,3,14.5,28.1,46,Overcast,0,0,
30357,2021-10-05 18:40:00,40.589565,-73.939804,1,0,Unspecified,4464619,19.9,15.0,0.0,0.0,0.0,0.0,3,14.5,28.1,46,Overcast,1,1,
30358,2021-10-05 17:10:00,40.671207,-73.877235,0,0,Driver Inattention/Distraction,4465052,19.9,15.0,0.0,0.0,0.0,0.0,3,14.5,28.1,46,Overcast,0,0,
30359,2021-10-05 13:04:00,40.807095,-73.945984,1,0,Driver Inattention/Distraction,4464437,19.9,15.0,0.0,0.0,0.0,0.0,3,14.5,28.1,46,Overcast,1,1,
30360,2021-10-05 03:00:00,40.629684,-74.11123,1,0,Animals Action,4464674,19.9,15.0,0.0,0.0,0.0,0.0,3,14.5,28.1,46,Overcast,1,1,
30361,2021-10-05 08:35:00,40.74513,-73.98696,0,0,Following Too Closely,4464333,19.9,15.0,0.0,0.0,0.0,0.0,3,14.5,28.1,46,Overcast,0,0,
30362,2021-10-05 09:30:00,40.80777,-73.9239,1,0,Turning Improperly,4464590,19.9,15.0,0.0,0.0,0.0,0.0,3,14.5,28.1,46,Overcast,1,1,
30363,2021-10-05 09:05:00,40.86941,-73.84264,0,0,Driver Inattention/Distraction,4464658,19.9,15.0,0.0,0.0,0.0,0.0,3,14.5,28.1,46,Overcast,0,0,
30364,2021-10-05 21:02:00,40.626213,-73.97416,0,0,Unspecified,4464699,19.9,15.0,0.0,0.0,0.0,0.0,3,14.5,28.1,46,Overcast,0,0,
30365,2021-10-05 07:05:00,40.7856331,-73.855986,0,0,Unspecified,4464362,19.9,15.0,0.0,0.0,0.0,0.0,3,14.5,28.1,46,Overcast,0,0,
30366,2021-10-05 08:01:00,40.83854,-73.868256,0,0,Driver Inattention/Distraction,4464342,19.9,15.0,0.0,0.0,0.0,0.0,3,14.5,28.1,46,Overcast,0,0,
30367,2021-10-05 12:35:00,40.73873,-73.81428,1,0,Following Too Closely,4464390,19.9,15.0,0.0,0.0,0.0,0.0,3,14.5,28.1,46,Overcast,1,1,
30368,2021-10-02 17:15:00,40.650517,-73.92359,0,0,Unspecified,4465095,23.7,10.8,0.0,0.0,0.0,0.0,3,17.0,34.2,254,Overcast,0,0,
30369,2021-10-05 06:40:00,40.721485,-73.873924,3,0,Drugs (illegal),4464426,19.9,15.0,0.0,0.0,0.0,0.0,3,14.5,28.1,46,Overcast,3,3,
30370,2021-09-24 19:12:00,40.888588,-73.849884,3,0,Traffic Control Disregarded,4465065,22.4,15.6,26.0,26.0,0.0,9.0,63,14.2,29.9,274,Rain: Moderate,3,3,
30371,2021-10-04 22:00:00,40.647102,-74.007614,0,0,Driver Inattention/Distraction,4464991,20.6,16.4,21.8,21.8,0.0,17.0,63,20.8,42.8,61,Rain: Moderate,0,0,
30372,2021-10-05 07:00:00,40.745068,-73.936356,0,0,Passing Too Closely,4464350,19.9,15.0,0.0,0.0,0.0,0.0,3,14.5,28.1,46,Overcast,0,0,
30373,2021-10-05 07:35:00,40.672607,-73.89992,2,0,Unsafe Speed,4464451,19.9,15.0,0.0,0.0,0.0,0.0,3,14.5,28.1,46,Overcast,2,2,
30374,2021-10-05 08:00:00,40.637234,-73.94811,0,0,Failure to Yield Right-of-Way,4464323,19.9,15.0,0.0,0.0,0.0,0.0,3,14.5,28.1,46,Overcast,0,0,
30375,2021-10-05 14:27:00,40.75203,-73.92915,0,0,Driver Inattention/Distraction,4464581,19.9,15.0,0.0,0.0,0.0,0.0,3,14.5,28.1,46,Overcast,0,0,
30376,2021-10-04 20:00:00,40.701008,-73.9424,1,0,Unsafe Speed,4464916,20.6,16.4,21.8,21.8,0.0,17.0,63,20.8,42.8,61,Rain: Moderate,1,1,
30377,2021-10-05 17:20:00,40.716415,-73.91153,0,0,Passing Too Closely,4464676,19.9,15.0,0.0,0.0,0.0,0.0,3,14.5,28.1,46,Overcast,0,0,
30378,2021-10-05 17:38:00,40.900486,-73.85411,1,0,Driver Inattention/Distraction,4464481,19.9,15.0,0.0,0.0,0.0,0.0,3,14.5,28.1,46,Overcast,1,1,
30379,2021-10-05 17:55:00,40.86038,-73.88889,0,0,Following Too Closely,4464609,19.9,15.0,0.0,0.0,0.0,0.0,3,14.5,28.1,46,Overcast,0,0,
30380,2021-10-05 16:45:00,40.624947,-73.97712,0,0,Unspecified,4464694,19.9,15.0,0.0,0.0,0.0,0.0,3,14.5,28.1,46,Overcast,0,0,
30381,2021-10-05 17:30:00,40.597095,-74.18205,1,0,Passing or Lane Usage Improper,4464645,19.9,15.0,0.0,0.0,0.0,0.0,3,14.5,28.1,46,Overcast,1,1,
30382,2021-12-11 03:41:00,40.81394,-73.948425,1,0,Alcohol Involvement,4485935,17.3,5.0,8.1,8.1,0.0,5.0,63,35.0,67.0,206,Rain: Moderate,1,1,
30383,2021-12-11 04:30:00,40.69294,-73.999374,1,0,Tire Failure/Inadequate,4486185,17.3,5.0,8.1,8.1,0.0,5.0,63,35.0,67.0,206,Rain: Moderate,1,1,
30384,2021-05-01 19:10:00,40.686516,-73.78883,0,1,Traffic Control Disregarded,4413106,17.3,5.0,0.0,0.0,0.0,0.0,3,31.7,63.4,302,Overcast,20,1,
30385,2021-06-04 14:26:00,40.767612,-73.950005,2,0,Driver Inattention/Distraction,4423910,25.3,17.4,6.5,6.5,0.0,10.0,61,17.9,37.8,235,Rain: Light,2,2,
30386,2021-05-31 10:00:00,40.743343,-73.97203,0,0,Unsafe Lane Changing,4424500,20.3,9.3,0.7,0.7,0.0,5.0,51,20.9,40.7,318,Drizzle: Light,0,0,
30387,2021-06-06 06:40:00,40.83907,-73.94353,0,0,Unspecified,4424089,31.0,20.0,0.0,0.0,0.0,0.0,1,16.6,32.4,222,Mainly clear,0,0,Sunny/Clear Conditions
30388,2021-06-06 22:35:00,40.882496,-73.86989,0,0,Alcohol Involvement,4424264,31.0,20.0,0.0,0.0,0.0,0.0,1,16.6,32.4,222,Mainly clear,0,0,Sunny/Clear Conditions
30389,2021-06-06 17:52:00,40.76541,-73.96798,1,0,Driver Inattention/Distraction,4424180,31.0,20.0,0.0,0.0,0.0,0.0,1,16.6,32.4,222,Mainly clear,1,1,Sunny/Clear Conditions
30390,2021-06-05 23:40:00,40.80543,-73.92087,0,0,Unsafe Speed,4424213,31.3,17.3,0.0,0.0,0.0,0.0,2,20.9,43.9,247,Partly cloudy,0,0,
30391,2021-06-06 15:26:00,40.68302,-73.81139,0,0,Backing Unsafely,4424771,31.0,20.0,0.0,0.0,0.0,0.0,1,16.6,32.4,222,Mainly clear,0,0,Sunny/Clear Conditions
30392,2021-10-05 19:30:00,40.679863,-73.83884,1,0,Following Too Closely,4464529,19.9,15.0,0.0,0.0,0.0,0.0,3,14.5,28.1,46,Overcast,1,1,
30393,2021-06-06 02:15:00,40.638966,-73.94251,0,0,Driver Inattention/Distraction,4423717,31.0,20.0,0.0,0.0,0.0,0.0,1,16.6,32.4,222,Mainly clear,0,0,Sunny/Clear Conditions
30394,2021-06-06 05:14:00,40.601948,-73.99382,1,0,Following Too Closely,4424134,31.0,20.0,0.0,0.0,0.0,0.0,1,16.6,32.4,222,Mainly clear,1,1,Sunny/Clear Conditions
30395,2021-06-06 20:33:00,40.833366,-73.85139,0,0,Driver Inattention/Distraction,4424390,31.0,20.0,0.0,0.0,0.0,0.0,1,16.6,32.4,222,Mainly clear,0,0,Sunny/Clear Conditions
30396,2021-06-06 01:08:00,40.85377,-73.869194,0,0,Driver Inattention/Distraction,4424526,31.0,20.0,0.0,0.0,0.0,0.0,1,16.6,32.4,222,Mainly clear,0,0,Sunny/Clear Conditions
30397,2021-06-05 10:58:00,40.712864,-73.90531,1,0,Driver Inattention/Distraction,4424864,31.3,17.3,0.0,0.0,0.0,0.0,2,20.9,43.9,247,Partly cloudy,1,1,
30398,2021-06-06 11:02:00,40.63321,-73.92259,1,0,Passing or Lane Usage Improper,4424949,31.0,20.0,0.0,0.0,0.0,0.0,1,16.6,32.4,222,Mainly clear,1,1,Sunny/Clear Conditions
30399,2021-06-06 03:10:00,40.654984,-74.00711,2,0,Unsafe Speed,4423767,31.0,20.0,0.0,0.0,0.0,0.0,1,16.6,32.4,222,Mainly clear,2,2,Sunny/Clear Conditions
30400,2021-06-06 03:15:00,40.814266,-73.912964,4,0,Driver Inattention/Distraction,4424217,31.0,20.0,0.0,0.0,0.0,0.0,1,16.6,32.4,222,Mainly clear,4,4,Sunny/Clear Conditions
30401,2021-06-06 17:25:00,40.76187,-73.99014,0,0,Passing or Lane Usage Improper,4424760,31.0,20.0,0.0,0.0,0.0,0.0,1,16.6,32.4,222,Mainly clear,0,0,Sunny/Clear Conditions
30402,2021-06-04 02:10:00,40.719624,-73.91132,0,0,Traffic Control Disregarded,4424831,25.3,17.4,6.5,6.5,0.0,10.0,61,17.9,37.8,235,Rain: Light,0,0,
30403,2021-06-06 00:00:00,40.58984,-74.08663,0,0,Unspecified,4424472,31.0,20.0,0.0,0.0,0.0,0.0,1,16.6,32.4,222,Mainly clear,0,0,Sunny/Clear Conditions
30404,2021-06-06 15:15:00,40.739983,-73.8652,1,0,Traffic Control Disregarded,4424048,31.0,20.0,0.0,0.0,0.0,0.0,1,16.6,32.4,222,Mainly clear,1,1,Sunny/Clear Conditions