,CRASH DATETIME,LATITUDE,LONGITUDE,NUMBER OF PERSONS INJURED,NUMBER OF PERSONS KILLED,CONTRIBUTING FACTOR VEHICLE 1,COLLISION_ID,temperature_2m_max,temperature_2m_min,precipitation_sum,rain_sum,snowfall_sum,precipitation_hours,weather_code,wind_speed_10m_max,wind_gusts_10m_max,wind_direction_10m_dominant,Weather Description,Severity_Score,Total_Affected_Persons,Weather_Category
30405,2021-06-06 01:30:00,40.66723,-73.82374,0,0,Passing Too Closely,4424283,31.0,20.0,0.0,0.0,0.0,0.0,1,16.6,32.4,222,Mainly clear,0,0,Sunny/Clear Conditions
30406,2021-06-06 00:00:00,40.676144,-73.893074,1,0,Failure to Yield Right-of-Way,4424399,31.0,20.0,0.0,0.0,0.0,0.0,1,16.6,32.4,222,Mainly clear,1,1,Sunny/Clear Conditions
30407,2021-06-06 17:32:00,40.804367,-73.93533,2,0,Unspecified,4424420,31.0,20.0,0.0,0.0,0.0,0.0,1,16.6,32.4,222,Mainly clear,2,2,Sunny/Clear Conditions
30408,2021-06-06 18:00:00,40.693783,-73.987206,0,0,Passing or Lane Usage Improper,4423980,31.0,20.0,0.0,0.0,0.0,0.0,1,16.6,32.4,222,Mainly clear,0,0,Sunny/Clear Conditions
30409,2021-06-06 10:26:00,40.667084,-73.78698,0,0,Driver Inattention/Distraction,4423916,31.0,20.0,0.0,0.0,0.0,0.0,1,16.6,32.4,222,Mainly clear,0,0,Sunny/Clear Conditions
30410,2021-05-21 22:45:00,40.724136,-73.992615,0,0,Driver Inattention/Distraction,4424901,23.9,11.3,0.0,0.0,0.0,0.0,3,19.2,38.5,174,Overcast,0,0,
30411,2021-05-22 19:51:00,40.723022,-73.982704,1,0,Reaction to Uninvolved Vehicle,4425021,30.5,16.5,0.0,0.0,0.0,0.0,3,19.1,36.4,299,Overcast,1,1,
30412,2021-06-06 05:00:00,40.68406,-73.75819,0,0,Driver Inattention/Distraction,4423952,31.0,20.0,0.0,0.0,0.0,0.0,1,16.6,32.4,222,Mainly clear,0,0,Sunny/Clear Conditions
30413,2021-06-06 14:51:00,40.75158,-73.74572,4,0,Failure to Yield Right-of-Way,4423920,31.0,20.0,0.0,0.0,0.0,0.0,1,16.6,32.4,222,Mainly clear,4,4,Sunny/Clear Conditions
30414,2021-05-20 21:53:00,40.75108,-73.98686,0,0,Driver Inattention/Distraction,4424796,22.2,12.5,0.0,0.0,0.0,0.0,3,19.0,38.2,147,Overcast,0,0,
30415,2021-06-06 19:00:00,40.687943,-73.98141,1,0,Passing or Lane Usage Improper,4424037,31.0,20.0,0.0,0.0,0.0,0.0,1,16.6,32.4,222,Mainly clear,1,1,Sunny/Clear Conditions
30416,2021-06-06 10:35:00,40.639305,-73.95898,1,0,Unspecified,4423862,31.0,20.0,0.0,0.0,0.0,0.0,1,16.6,32.4,222,Mainly clear,1,1,Sunny/Clear Conditions
30417,2021-06-06 11:30:00,40.82304,-73.88193,0,0,Reaction to Uninvolved Vehicle,4424414,31.0,20.0,0.0,0.0,0.0,0.0,1,16.6,32.4,222,Mainly clear,0,0,Sunny/Clear Conditions
30418,2021-06-06 03:30:00,40.682285,-73.80805,0,0,Driver Inattention/Distraction,4424195,31.0,20.0,0.0,0.0,0.0,0.0,1,16.6,32.4,222,Mainly clear,0,0,Sunny/Clear Conditions
30419,2021-06-06 21:15:00,40.6112,-73.9626,0,0,Driver Inattention/Distraction,4424230,31.0,20.0,0.0,0.0,0.0,0.0,1,16.6,32.4,222,Mainly clear,0,0,Sunny/Clear Conditions
30420,2021-06-06 22:45:00,40.639286,-73.89869,0,0,Unspecified,4424440,31.0,20.0,0.0,0.0,0.0,0.0,1,16.6,32.4,222,Mainly clear,0,0,Sunny/Clear Conditions
30421,2021-06-06 13:30:00,40.666252,-73.86205,0,0,Driver Inattention/Distraction,4424360,31.0,20.0,0.0,0.0,0.0,0.0,1,16.6,32.4,222,Mainly clear,0,0,Sunny/Clear Conditions
30422,2021-06-06 22:00:00,40.81417,-73.93431,1,0,Reaction to Uninvolved Vehicle,4424425,31.0,20.0,0.0,0.0,0.0,0.0,1,16.6,32.4,222,Mainly clear,1,1,Sunny/Clear Conditions
30423,2021-06-06 02:25:00,40.716194,-73.996086,0,0,Failure to Yield Right-of-Way,4423879,31.0,20.0,0.0,0.0,0.0,0.0,1,16.6,32.4,222,Mainly clear,0,0,Sunny/Clear Conditions
30424,2021-06-06 03:15:00,40.604996,-73.99427,0,0,Driver Inattention/Distraction,4423995,31.0,20.0,0.0,0.0,0.0,0.0,1,16.6,32.4,222,Mainly clear,0,0,Sunny/Clear Conditions
30425,2021-06-06 10:00:00,40.68704,-73.90575,0,0,Driver Inattention/Distraction,4424148,31.0,20.0,0.0,0.0,0.0,0.0,1,16.6,32.4,222,Mainly clear,0,0,Sunny/Clear Conditions
30426,2021-06-06 15:10:00,40.81595,-73.89792,0,0,Driver Inexperience,4424893,31.0,20.0,0.0,0.0,0.0,0.0,1,16.6,32.4,222,Mainly clear,0,0,Sunny/Clear Conditions
30427,2021-06-05 08:24:00,40.764896,-73.97256,1,0,Failure to Yield Right-of-Way,4425028,31.3,17.3,0.0,0.0,0.0,0.0,2,20.9,43.9,247,Partly cloudy,1,1,
30428,2021-06-06 01:22:00,40.69297,-73.81538,1,0,Passing or Lane Usage Improper,4424310,31.0,20.0,0.0,0.0,0.0,0.0,1,16.6,32.4,222,Mainly clear,1,1,Sunny/Clear Conditions
30429,2021-06-06 13:30:00,40.65561,-73.92616,0,0,Unspecified,4424588,31.0,20.0,0.0,0.0,0.0,0.0,1,16.6,32.4,222,Mainly clear,0,0,Sunny/Clear Conditions
30430,2021-06-02 13:40:00,40.67887,-73.92165,1,0,Driver Inattention/Distraction,4424902,22.4,13.0,0.0,0.0,0.0,0.0,3,16.7,34.9,176,Overcast,1,1,
30431,2021-06-06 00:37:00,40.7106,-73.98469,0,0,Driver Inattention/Distraction,4424057,31.0,20.0,0.0,0.0,0.0,0.0,1,16.6,32.4,222,Mainly clear,0,0,Sunny/Clear Conditions
30432,2021-06-01 17:15:00,40.717342,-73.99118,0,0,Other Vehicular,4424999,23.5,9.7,0.0,0.0,0.0,0.0,3,17.6,32.0,221,Overcast,0,0,
30433,2021-06-06 18:28:00,40.754105,-73.72321,0,0,Reaction to Uninvolved Vehicle,4424109,31.0,20.0,0.0,0.0,0.0,0.0,1,16.6,32.4,222,Mainly clear,0,0,Sunny/Clear Conditions
30434,2021-05-25 16:15:00,40.807316,-73.93741,1,0,Driver Inattention/Distraction,4424807,21.9,13.0,0.0,0.0,0.0,0.0,3,24.3,47.9,182,Overcast,1,1,
30435,2021-06-06 12:30:00,40.691895,-73.77822,0,0,Driver Inattention/Distraction,4424520,31.0,20.0,0.0,0.0,0.0,0.0,1,16.6,32.4,222,Mainly clear,0,0,Sunny/Clear Conditions
30436,2021-06-06 01:20:00,40.666595,-73.87176,2,0,Failure to Yield Right-of-Way,4424381,31.0,20.0,0.0,0.0,0.0,0.0,1,16.6,32.4,222,Mainly clear,2,2,Sunny/Clear Conditions
30437,2021-06-06 08:25:00,40.65626,-73.89574,0,0,Backing Unsafely,4424404,31.0,20.0,0.0,0.0,0.0,0.0,1,16.6,32.4,222,Mainly clear,0,0,Sunny/Clear Conditions
30438,2021-05-11 09:49:00,40.72392,-73.985954,0,0,Unspecified,4425022,16.7,8.2,0.0,0.0,0.0,0.0,3,27.0,51.1,292,Overcast,0,0,
30439,2021-12-28 14:30:00,40.75394,-73.92968,0,0,Passing Too Closely,4491410,8.5,2.2,0.0,0.0,0.0,0.0,3,12.5,22.0,271,Overcast,0,0,
30440,2021-05-29 08:36:00,40.750774,-73.97655,1,0,Using On Board Navigation Device,4424779,11.0,8.5,25.1,25.1,0.0,22.0,63,29.9,56.9,39,Rain: Moderate,1,1,
30441,2021-06-06 00:34:00,40.68079,-73.806305,0,0,Alcohol Involvement,4424191,31.0,20.0,0.0,0.0,0.0,0.0,1,16.6,32.4,222,Mainly clear,0,0,Sunny/Clear Conditions
30442,2021-06-06 09:28:00,40.83639,-73.91588,0,0,Unspecified,4424693,31.0,20.0,0.0,0.0,0.0,0.0,1,16.6,32.4,222,Mainly clear,0,0,Sunny/Clear Conditions
30443,2021-06-06 07:00:00,40.68892,-73.99915,0,0,Driver Inattention/Distraction,4424221,31.0,20.0,0.0,0.0,0.0,0.0,1,16.6,32.4,222,Mainly clear,0,0,Sunny/Clear Conditions
30444,2021-06-06 18:47:00,40.64366,-73.90067,0,0,Turning Improperly,4424130,31.0,20.0,0.0,0.0,0.0,0.0,1,16.6,32.4,222,Mainly clear,0,0,Sunny/Clear Conditions
30445,2021-06-06 17:30:00,40.6427,-73.87661,1,0,Following Too Closely,4424297,31.0,20.0,0.0,0.0,0.0,0.0,1,16.6,32.4,222,Mainly clear,1,1,Sunny/Clear Conditions
30446,2021-10-05 22:52:00,40.620914,-73.9753,0,0,Unspecified,4464858,19.9,15.0,0.0,0.0,0.0,0.0,3,14.5,28.1,46,Overcast,0,0,
30447,2021-06-06 18:26:00,40.679325,-73.9193,5,0,Unspecified,4424539,31.0,20.0,0.0,0.0,0.0,0.0,1,16.6,32.4,222,Mainly clear,5,5,Sunny/Clear Conditions
30448,2021-06-06 12:00:00,40.707607,-73.7664,0,0,Passing or Lane Usage Improper,4424913,31.0,20.0,0.0,0.0,0.0,0.0,1,16.6,32.4,222,Mainly clear,0,0,Sunny/Clear Conditions
30449,2021-06-06 03:50:00,40.755173,-73.888954,0,0,Driver Inattention/Distraction,4424242,31.0,20.0,0.0,0.0,0.0,0.0,1,16.6,32.4,222,Mainly clear,0,0,Sunny/Clear Conditions
30450,2021-06-06 18:15:00,40.6146,-73.92448,0,0,Unspecified,4424135,31.0,20.0,0.0,0.0,0.0,0.0,1,16.6,32.4,222,Mainly clear,0,0,Sunny/Clear Conditions
30451,2021-06-06 07:55:00,40.768658,-73.87131,0,0,Driver Inattention/Distraction,4424244,31.0,20.0,0.0,0.0,0.0,0.0,1,16.6,32.4,222,Mainly clear,0,0,Sunny/Clear Conditions
30452,2021-06-06 20:00:00,40.58525,-73.98728,1,0,Driver Inattention/Distraction,4424209,31.0,20.0,0.0,0.0,0.0,0.0,1,16.6,32.4,222,Mainly clear,1,1,Sunny/Clear Conditions
30453,2021-06-06 02:44:00,40.686928,-73.98484,0,0,Turning Improperly,4423722,31.0,20.0,0.0,0.0,0.0,0.0,1,16.6,32.4,222,Mainly clear,0,0,Sunny/Clear Conditions
30454,2021-06-05 07:30:00,40.867046,-73.86036,0,0,Backing Unsafely,4424823,31.3,17.3,0.0,0.0,0.0,0.0,2,20.9,43.9,247,Partly cloudy,0,0,
30455,2021-06-01 19:45:00,40.684814,-73.98353,0,0,Unspecified,4424962,23.5,9.7,0.0,0.0,0.0,0.0,3,17.6,32.0,221,Overcast,0,0,
30456,2021-06-06 16:50:00,40.76465,-73.823494,0,0,Passing or Lane Usage Improper,4424101,31.0,20.0,0.0,0.0,0.0,0.0,1,16.6,32.4,222,Mainly clear,0,0,Sunny/Clear Conditions
30457,2021-06-06 00:15:00,40.677322,-73.790955,0,0,Passing Too Closely,4424491,31.0,20.0,0.0,0.0,0.0,0.0,1,16.6,32.4,222,Mainly clear,0,0,Sunny/Clear Conditions
30458,2021-05-17 10:47:00,40.534325,-74.193016,1,0,Failure to Yield Right-of-Way,4424948,22.9,9.7,0.0,0.0,0.0,0.0,3,17.7,36.0,224,Overcast,1,1,
30459,2021-06-06 07:17:00,40.707176,-73.76443,0,0,Steering Failure,4424912,31.0,20.0,0.0,0.0,0.0,0.0,1,16.6,32.4,222,Mainly clear,0,0,Sunny/Clear Conditions
30460,2021-06-06 00:15:00,40.753788,-73.981606,1,0,Pedestrian/Bicyclist/Other Pedestrian Error/Confusion,4423784,31.0,20.0,0.0,0.0,0.0,0.0,1,16.6,32.4,222,Mainly clear,1,1,Sunny/Clear Conditions
30461,2021-06-06 15:30:00,40.729523,-73.95304,0,0,Lost Consciousness,4424074,31.0,20.0,0.0,0.0,0.0,0.0,1,16.6,32.4,222,Mainly clear,0,0,Sunny/Clear Conditions
30462,2021-06-06 17:30:00,40.58576,-73.97442,1,0,Glare,4424210,31.0,20.0,0.0,0.0,0.0,0.0,1,16.6,32.4,222,Mainly clear,1,1,Sunny/Clear Conditions
30463,2021-06-06 02:08:00,40.66143,-73.91644,0,0,Unspecified,4424833,31.0,20.0,0.0,0.0,0.0,0.0,1,16.6,32.4,222,Mainly clear,0,0,Sunny/Clear Conditions
30464,2021-09-28 16:40:00,40.6771,-73.92479,1,0,Driver Inattention/Distraction,4465034,22.1,16.3,12.4,12.4,0.0,9.0,63,19.2,38.5,264,Rain: Moderate,1,1,
30465,2021-06-06 14:10:00,40.68122,-73.98047,0,0,Driver Inattention/Distraction,4424463,31.0,20.0,0.0,0.0,0.0,0.0,1,16.6,32.4,222,Mainly clear,0,0,Sunny/Clear Conditions
30466,2021-06-06 15:47:00,40.829353,-73.89289,0,0,Unspecified,4424186,31.0,20.0,0.0,0.0,0.0,0.0,1,16.6,32.4,222,Mainly clear,0,0,Sunny/Clear Conditions
30467,2021-06-01 17:52:00,40.670746,-73.91294,0,0,Unspecified,4424935,23.5,9.7,0.0,0.0,0.0,0.0,3,17.6,32.0,221,Overcast,0,0,
30468,2021-06-04 15:05:00,40.758274,-73.93336,1,0,Failure to Yield Right-of-Way,4424804,25.3,17.4,6.5,6.5,0.0,10.0,61,17.9,37.8,235,Rain: Light,1,1,
30469,2021-06-06 15:30:00,40.733913,-73.901085,2,0,Driver Inattention/Distraction,4423938,31.0,20.0,0.0,0.0,0.0,0.0,1,16.6,32.4,222,Mainly clear,2,2,Sunny/Clear Conditions
30470,2021-06-06 15:28:00,40.864002,-73.834045,0,0,Driver Inattention/Distraction,4423961,31.0,20.0,0.0,0.0,0.0,0.0,1,16.6,32.4,222,Mainly clear,0,0,Sunny/Clear Conditions
30471,2021-06-06 15:00:00,40.832893,-73.84944,0,0,Unspecified,4424370,31.0,20.0,0.0,0.0,0.0,0.0,1,16.6,32.4,222,Mainly clear,0,0,Sunny/Clear Conditions
30472,2021-05-27 23:05:00,40.87787,-73.8701,0,0,Unspecified,4424920,27.4,18.3,2.4,2.4,0.0,3.0,61,23.5,42.1,313,Rain: Light,0,0,
30473,2021-06-06 13:55:00,40.886467,-73.85107,1,0,Other Vehicular,4424430,31.0,20.0,0.0,0.0,0.0,0.0,1,16.6,32.4,222,Mainly clear,1,1,Sunny/Clear Conditions
30474,2021-05-23 14:30:00,40.632755,-73.92984,1,0,Traffic Control Disregarded,4424856,31.4,19.8,0.0,0.0,0.0,0.0,3,28.5,54.4,322,Overcast,1,1,
30475,2021-06-06 01:10:00,40.67417,-73.95671,0,0,Driver Inattention/Distraction,4423882,31.0,20.0,0.0,0.0,0.0,0.0,1,16.6,32.4,222,Mainly clear,0,0,Sunny/Clear Conditions
30476,2021-06-06 16:55:00,40.85183,-73.91258,0,0,Aggressive Driving/Road Rage,4424262,31.0,20.0,0.0,0.0,0.0,0.0,1,16.6,32.4,222,Mainly clear,0,0,Sunny/Clear Conditions
30477,2021-06-06 23:19:00,40.662014,-73.886826,1,0,Traffic Control Disregarded,4424382,31.0,20.0,0.0,0.0,0.0,0.0,1,16.6,32.4,222,Mainly clear,1,1,Sunny/Clear Conditions
30478,2021-06-06 03:58:00,40.86258,-73.925385,0,0,Unsafe Speed,4423946,31.0,20.0,0.0,0.0,0.0,0.0,1,16.6,32.4,222,Mainly clear,0,0,Sunny/Clear Conditions
30479,2021-06-06 18:25:00,40.711063,-73.95009,0,0,Driver Inattention/Distraction,4424145,31.0,20.0,0.0,0.0,0.0,0.0,1,16.6,32.4,222,Mainly clear,0,0,Sunny/Clear Conditions
30480,2021-06-06 14:00:00,40.656357,-73.92696,0,0,Unspecified,4424589,31.0,20.0,0.0,0.0,0.0,0.0,1,16.6,32.4,222,Mainly clear,0,0,Sunny/Clear Conditions
30481,2021-06-06 07:35:00,40.6041,-74.06908,0,0,Reaction to Uninvolved Vehicle,4424443,31.0,20.0,0.0,0.0,0.0,0.0,1,16.6,32.4,222,Mainly clear,0,0,Sunny/Clear Conditions
30482,2021-06-06 00:03:00,40.639793,-73.929115,2,0,Following Too Closely,4424085,31.0,20.0,0.0,0.0,0.0,0.0,1,16.6,32.4,222,Mainly clear,2,2,Sunny/Clear Conditions
30483,2021-06-06 19:47:00,40.713207,-73.97739,2,0,Tire Failure/Inadequate,4424153,31.0,20.0,0.0,0.0,0.0,0.0,1,16.6,32.4,222,Mainly clear,2,2,Sunny/Clear Conditions
30484,2021-06-06 23:25:00,40.66216,-73.87284,1,0,,4425039,31.0,20.0,0.0,0.0,0.0,0.0,1,16.6,32.4,222,Mainly clear,1,1,Sunny/Clear Conditions
30485,2021-06-05 20:12:00,40.7756,-73.956345,3,0,Driver Inattention/Distraction,4425027,31.3,17.3,0.0,0.0,0.0,0.0,2,20.9,43.9,247,Partly cloudy,3,3,
30486,2021-06-04 17:00:00,40.813213,-73.88616,0,0,Unspecified,4424894,25.3,17.4,6.5,6.5,0.0,10.0,61,17.9,37.8,235,Rain: Light,0,0,
30487,2021-06-06 16:00:00,40.713398,-73.762505,1,0,Turning Improperly,4424556,31.0,20.0,0.0,0.0,0.0,0.0,1,16.6,32.4,222,Mainly clear,1,1,Sunny/Clear Conditions
30488,2021-06-01 01:00:00,40.716454,-73.98058,0,0,Unspecified,4425000,23.5,9.7,0.0,0.0,0.0,0.0,3,17.6,32.0,221,Overcast,0,0,
30489,2021-06-06 12:30:00,40.59423,-73.908325,0,0,Unsafe Lane Changing,4424333,31.0,20.0,0.0,0.0,0.0,0.0,1,16.6,32.4,222,Mainly clear,0,0,Sunny/Clear Conditions
30490,2021-10-05 07:40:00,40.65661,-73.93091,1,0,Failure to Yield Right-of-Way,4464474,19.9,15.0,0.0,0.0,0.0,0.0,3,14.5,28.1,46,Overcast,1,1,
30491,2021-06-06 04:20:00,40.66457,-73.91237,0,0,Unspecified,4423826,31.0,20.0,0.0,0.0,0.0,0.0,1,16.6,32.4,222,Mainly clear,0,0,Sunny/Clear Conditions
30492,2021-06-06 09:35:00,40.877525,-73.86443,1,0,Unspecified,4424424,31.0,20.0,0.0,0.0,0.0,0.0,1,16.6,32.4,222,Mainly clear,1,1,Sunny/Clear Conditions
30493,2021-06-06 02:55:00,40.736214,-73.85795,0,0,Driver Inattention/Distraction,4424040,31.0,20.0,0.0,0.0,0.0,0.0,1,16.6,32.4,222,Mainly clear,0,0,Sunny/Clear Conditions
30494,2021-10-05 06:30:00,40.756485,-73.94005,0,0,Unspecified,4464897,19.9,15.0,0.0,0.0,0.0,0.0,3,14.5,28.1,46,Overcast,0,0,
30495,2021-06-06 20:30:00,40.8421,-73.92624,0,0,Failure to Yield Right-of-Way,4424194,31.0,20.0,0.0,0.0,0.0,0.0,1,16.6,32.4,222,Mainly clear,0,0,Sunny/Clear Conditions
30496,2021-06-06 15:00:00,40.679653,-73.88556,0,0,Unspecified,4425038,31.0,20.0,0.0,0.0,0.0,0.0,1,16.6,32.4,222,Mainly clear,0,0,Sunny/Clear Conditions
30497,2021-06-05 01:08:00,40.6922,-73.834595,1,0,Unsafe Speed,4424791,31.3,17.3,0.0,0.0,0.0,0.0,2,20.9,43.9,247,Partly cloudy,1,1,
30498,2021-06-06 16:15:00,40.639305,-73.95898,2,0,Following Too Closely,4424229,31.0,20.0,0.0,0.0,0.0,0.0,1,16.6,32.4,222,Mainly clear,2,2,Sunny/Clear Conditions
30499,2021-06-06 23:15:00,40.692528,-73.79096,0,0,Driver Inattention/Distraction,4424558,31.0,20.0,0.0,0.0,0.0,0.0,1,16.6,32.4,222,Mainly clear,0,0,Sunny/Clear Conditions
30500,2021-06-06 15:45:00,40.756134,-73.74047,1,0,Unsafe Lane Changing,4424108,31.0,20.0,0.0,0.0,0.0,0.0,1,16.6,32.4,222,Mainly clear,1,1,Sunny/Clear Conditions
30501,2021-06-06 13:10:00,40.897247,-73.846275,0,0,Unspecified,4424434,31.0,20.0,0.0,0.0,0.0,0.0,1,16.6,32.4,222,Mainly clear,0,0,Sunny/Clear Conditions
30502,2021-06-06 20:30:00,40.692,-73.92646,0,0,Driver Inexperience,4424510,31.0,20.0,0.0,0.0,0.0,0.0,1,16.6,32.4,222,Mainly clear,0,0,Sunny/Clear Conditions
30503,2021-06-06 22:30:00,40.738686,-73.8579,0,0,Unspecified,4424152,31.0,20.0,0.0,0.0,0.0,0.0,1,16.6,32.4,222,Mainly clear,0,0,Sunny/Clear Conditions
30504,2021-06-06 07:00:00,40.659744,-73.87846,0,0,,4424398,31.0,20.0,0.0,0.0,0.0,0.0,1,16.6,32.4,222,Mainly clear,0,0,Sunny/Clear Conditions
30505,2021-06-06 06:03:00,40.764267,-73.722946,1,0,Following Too Closely,4423858,31.0,20.0,0.0,0.0,0.0,0.0,1,16.6,32.4,222,Mainly clear,1,1,Sunny/Clear Conditions
30506,2021-06-06 19:50:00,40.70765,-73.750084,0,0,Unsafe Speed,4424234,31.0,20.0,0.0,0.0,0.0,0.0,1,16.6,32.4,222,Mainly clear,0,0,Sunny/Clear Conditions
30507,2021-06-06 02:29:00,40.695847,-73.96588,0,0,Steering Failure,4423978,31.0,20.0,0.0,0.0,0.0,0.0,1,16.6,32.4,222,Mainly clear,0,0,Sunny/Clear Conditions
30508,2021-06-06 00:28:00,40.60729,-74.14086,2,0,Alcohol Involvement,4424246,31.0,20.0,0.0,0.0,0.0,0.0,1,16.6,32.4,222,Mainly clear,2,2,Sunny/Clear Conditions
30509,2021-06-06 12:06:00,40.77558,-73.84267,1,0,Unspecified,4424100,31.0,20.0,0.0,0.0,0.0,0.0,1,16.6,32.4,222,Mainly clear,1,1,Sunny/Clear Conditions
30510,2021-06-06 16:20:00,40.86932,-73.828255,1,0,Unspecified,4424233,31.0,20.0,0.0,0.0,0.0,0.0,1,16.6,32.4,222,Mainly clear,1,1,Sunny/Clear Conditions
30511,2021-06-06 16:57:00,40.72325,-73.980545,2,0,Alcohol Involvement,4424691,31.0,20.0,0.0,0.0,0.0,0.0,1,16.6,32.4,222,Mainly clear,2,2,Sunny/Clear Conditions
30512,2021-06-06 16:10:00,40.830994,-73.928116,0,0,Driver Inexperience,4424189,31.0,20.0,0.0,0.0,0.0,0.0,1,16.6,32.4,222,Mainly clear,0,0,Sunny/Clear Conditions
30513,2021-06-06 21:45:00,40.575565,-73.98121,1,0,Driver Inattention/Distraction,4424747,31.0,20.0,0.0,0.0,0.0,0.0,1,16.6,32.4,222,Mainly clear,1,1,Sunny/Clear Conditions
30514,2021-06-06 00:15:00,40.593056,-73.77532,3,0,Alcohol Involvement,4423723,31.0,20.0,0.0,0.0,0.0,0.0,1,16.6,32.4,222,Mainly clear,3,3,Sunny/Clear Conditions
30515,2021-06-05 14:15:00,40.73337,-74.00258,0,0,Passenger Distraction,4424824,31.3,17.3,0.0,0.0,0.0,0.0,2,20.9,43.9,247,Partly cloudy,0,0,
30516,2021-06-06 15:00:00,40.646637,-74.01589,1,0,Unspecified,4424481,31.0,20.0,0.0,0.0,0.0,0.0,1,16.6,32.4,222,Mainly clear,1,1,Sunny/Clear Conditions
30517,2021-05-06 14:00:00,40.6792,-73.9553,1,0,Driver Inattention/Distraction,4424921,17.3,8.7,0.0,0.0,0.0,0.0,3,22.6,43.6,313,Overcast,1,1,
30518,2021-06-06 01:45:00,40.683647,-73.87219,0,0,Unsafe Speed,4424383,31.0,20.0,0.0,0.0,0.0,0.0,1,16.6,32.4,222,Mainly clear,0,0,Sunny/Clear Conditions
30519,2021-06-06 03:47:00,40.665916,-73.92547,1,0,Driver Inattention/Distraction,4423944,31.0,20.0,0.0,0.0,0.0,0.0,1,16.6,32.4,222,Mainly clear,1,1,Sunny/Clear Conditions
30520,2021-06-06 15:39:00,40.840057,-73.870964,1,0,Other Vehicular,4424300,31.0,20.0,0.0,0.0,0.0,0.0,1,16.6,32.4,222,Mainly clear,1,1,Sunny/Clear Conditions
30521,2021-06-05 08:50:00,40.621017,-74.13181,1,0,Other Vehicular,4424819,31.3,17.3,0.0,0.0,0.0,0.0,2,20.9,43.9,247,Partly cloudy,1,1,
30522,2021-06-06 12:47:00,40.736744,-73.70488,0,0,Reaction to Uninvolved Vehicle,4423986,31.0,20.0,0.0,0.0,0.0,0.0,1,16.6,32.4,222,Mainly clear,0,0,Sunny/Clear Conditions
30523,2021-06-06 05:39:00,40.824425,-73.87271,0,0,Unspecified,4424371,31.0,20.0,0.0,0.0,0.0,0.0,1,16.6,32.4,222,Mainly clear,0,0,Sunny/Clear Conditions
30524,2021-06-05 11:44:00,40.724007,-73.894165,0,0,Backing Unsafely,4424872,31.3,17.3,0.0,0.0,0.0,0.0,2,20.9,43.9,247,Partly cloudy,0,0,
30525,2021-06-06 06:20:00,40.654137,-73.91234,0,0,Unspecified,4424084,31.0,20.0,0.0,0.0,0.0,0.0,1,16.6,32.4,222,Mainly clear,0,0,Sunny/Clear Conditions
30526,2021-05-06 14:30:00,40.675743,-73.96424,0,0,Driver Inattention/Distraction,4424919,17.3,8.7,0.0,0.0,0.0,0.0,3,22.6,43.6,313,Overcast,0,0,
30527,2022-06-26 00:20:00,40.596123,-73.778305,0,0,Unspecified,4543193,30.8,19.9,0.0,0.0,0.0,0.0,3,30.9,55.8,188,Overcast,0,0,
30528,2021-06-06 19:30:00,40.857903,-73.86468,0,0,Following Too Closely,4424301,31.0,20.0,0.0,0.0,0.0,0.0,1,16.6,32.4,222,Mainly clear,0,0,Sunny/Clear Conditions
30529,2021-06-06 13:59:00,40.669792,-73.8924,0,0,Unspecified,4424401,31.0,20.0,0.0,0.0,0.0,0.0,1,16.6,32.4,222,Mainly clear,0,0,Sunny/Clear Conditions
30530,2021-06-06 10:00:00,40.882576,-73.833145,0,0,Unspecified,4424429,31.0,20.0,0.0,0.0,0.0,0.0,1,16.6,32.4,222,Mainly clear,0,0,Sunny/Clear Conditions
30531,2021-06-06 06:30:00,40.717518,-73.81785,0,0,Passing or Lane Usage Improper,4423888,31.0,20.0,0.0,0.0,0.0,0.0,1,16.6,32.4,222,Mainly clear,0,0,Sunny/Clear Conditions
30532,2021-06-06 13:30:00,40.711227,-73.72826,0,0,Following Too Closely,4423985,31.0,20.0,0.0,0.0,0.0,0.0,1,16.6,32.4,222,Mainly clear,0,0,Sunny/Clear Conditions
30533,2021-06-01 08:40:00,40.72517,-73.97588,0,0,Unspecified,4424895,23.5,9.7,0.0,0.0,0.0,0.0,3,17.6,32.0,221,Overcast,0,0,
30534,2021-06-05 17:31:00,40.696865,-73.794136,0,0,Driver Inattention/Distraction,4424907,31.3,17.3,0.0,0.0,0.0,0.0,2,20.9,43.9,247,Partly cloudy,0,0,
30535,2021-06-06 10:17:00,40.732826,-73.95679,0,0,Unspecified,4424073,31.0,20.0,0.0,0.0,0.0,0.0,1,16.6,32.4,222,Mainly clear,0,0,Sunny/Clear Conditions
30536,2021-06-06 14:10:00,40.82413,-73.94098,0,0,Driver Inattention/Distraction,4424214,31.0,20.0,0.0,0.0,0.0,0.0,1,16.6,32.4,222,Mainly clear,0,0,Sunny/Clear Conditions