,CRASH DATETIME,LATITUDE,LONGITUDE,NUMBER OF PERSONS INJURED,NUMBER OF PERSONS KILLED,CONTRIBUTING FACTOR VEHICLE 1,COLLISION_ID,temperature_2m_max,temperature_2m_min,precipitation_sum,rain_sum,snowfall_sum,precipitation_hours,weather_code,wind_speed_10m_max,wind_gusts_10m_max,wind_direction_10m_dominant,Weather Description,Severity_Score,Total_Affected_Persons,Weather_Category
30537,2021-06-06 02:40:00,40.81094,-73.94318,0,0,Driver Inattention/Distraction,4424882,31.0,20.0,0.0,0.0,0.0,0.0,1,16.6,32.4,222,Mainly clear,0,0,Sunny/Clear Conditions
30538,2021-10-05 02:48:00,40.797836,-73.96946,0,0,Backing Unsafely,4464294,19.9,15.0,0.0,0.0,0.0,0.0,3,14.5,28.1,46,Overcast,0,0,
30539,2021-06-05 12:34:00,40.716778,-73.95602,2,0,Driver Inattention/Distraction,4424803,31.3,17.3,0.0,0.0,0.0,0.0,2,20.9,43.9,247,Partly cloudy,2,2,
30540,2021-06-06 10:25:00,40.735527,-73.93698,0,0,Driver Inattention/Distraction,4423937,31.0,20.0,0.0,0.0,0.0,0.0,1,16.6,32.4,222,Mainly clear,0,0,Sunny/Clear Conditions
30541,2021-06-06 01:03:00,40.8414,-73.94055,0,0,Passing Too Closely,4424096,31.0,20.0,0.0,0.0,0.0,0.0,1,16.6,32.4,222,Mainly clear,0,0,Sunny/Clear Conditions
30542,2021-06-06 09:30:00,40.813374,-73.956276,1,0,Pavement Defective,4423835,31.0,20.0,0.0,0.0,0.0,0.0,1,16.6,32.4,222,Mainly clear,1,1,Sunny/Clear Conditions
30543,2021-06-06 09:36:00,40.746834,-73.87151,0,0,Driver Inexperience,4424041,31.0,20.0,0.0,0.0,0.0,0.0,1,16.6,32.4,222,Mainly clear,0,0,Sunny/Clear Conditions
30544,2021-06-03 18:40:00,0.0,0.0,0,0,Backing Unsafely,4424966,23.0,13.2,11.9,11.9,0.0,10.0,63,13.6,38.9,165,Rain: Moderate,0,0,
30545,2021-06-06 17:30:00,40.846893,-73.92055,0,0,Reaction to Uninvolved Vehicle,4424288,31.0,20.0,0.0,0.0,0.0,0.0,1,16.6,32.4,222,Mainly clear,0,0,Sunny/Clear Conditions
30546,2021-06-06 15:40:00,40.611217,-73.98417,1,0,Failure to Yield Right-of-Way,4424007,31.0,20.0,0.0,0.0,0.0,0.0,1,16.6,32.4,222,Mainly clear,1,1,Sunny/Clear Conditions
30547,2021-06-06 05:55:00,40.80582,-73.90926,1,0,Unsafe Speed,4424662,31.0,20.0,0.0,0.0,0.0,0.0,1,16.6,32.4,222,Mainly clear,1,1,Sunny/Clear Conditions
30548,2021-06-06 19:10:00,40.654533,-73.860916,0,0,Unsafe Speed,4424406,31.0,20.0,0.0,0.0,0.0,0.0,1,16.6,32.4,222,Mainly clear,0,0,Sunny/Clear Conditions
30549,2021-06-06 19:00:00,40.607464,-73.99834,0,0,Driver Inattention/Distraction,4424132,31.0,20.0,0.0,0.0,0.0,0.0,1,16.6,32.4,222,Mainly clear,0,0,Sunny/Clear Conditions
30550,2021-06-06 13:12:00,40.650223,-73.86843,0,0,Driver Inattention/Distraction,4424369,31.0,20.0,0.0,0.0,0.0,0.0,1,16.6,32.4,222,Mainly clear,0,0,Sunny/Clear Conditions
30551,2021-06-06 20:04:00,40.81417,-73.93431,1,0,Failure to Yield Right-of-Way,4424423,31.0,20.0,0.0,0.0,0.0,0.0,1,16.6,32.4,222,Mainly clear,1,1,Sunny/Clear Conditions
30552,2021-06-06 08:30:00,40.666595,-73.87176,1,0,Unspecified,4424397,31.0,20.0,0.0,0.0,0.0,0.0,1,16.6,32.4,222,Mainly clear,1,1,Sunny/Clear Conditions
30553,2021-06-06 20:33:00,40.678806,-73.97806,0,0,Driver Inattention/Distraction,4424533,31.0,20.0,0.0,0.0,0.0,0.0,1,16.6,32.4,222,Mainly clear,0,0,Sunny/Clear Conditions
30554,2021-05-14 13:30:00,40.83767,-73.91921,0,0,Unspecified,4424855,21.6,7.5,0.0,0.0,0.0,0.0,2,14.3,25.2,276,Partly cloudy,0,0,
30555,2021-06-06 14:20:00,40.62566,-74.14036,0,0,Driver Inattention/Distraction,4424120,31.0,20.0,0.0,0.0,0.0,0.0,1,16.6,32.4,222,Mainly clear,0,0,Sunny/Clear Conditions
30556,2021-06-06 12:30:00,40.66411,-73.926346,0,0,Unspecified,4424592,31.0,20.0,0.0,0.0,0.0,0.0,1,16.6,32.4,222,Mainly clear,0,0,Sunny/Clear Conditions
30557,2021-06-06 19:50:00,40.680473,-73.9614,1,0,Following Too Closely,4424107,31.0,20.0,0.0,0.0,0.0,0.0,1,16.6,32.4,222,Mainly clear,1,1,Sunny/Clear Conditions
30558,2021-06-06 02:19:00,40.641327,-74.00709,0,0,Unspecified,4423818,31.0,20.0,0.0,0.0,0.0,0.0,1,16.6,32.4,222,Mainly clear,0,0,Sunny/Clear Conditions
30559,2021-06-06 19:10:00,40.71836,-73.9968,1,0,Driver Inattention/Distraction,4424751,31.0,20.0,0.0,0.0,0.0,0.0,1,16.6,32.4,222,Mainly clear,1,1,Sunny/Clear Conditions
30560,2021-06-06 04:45:00,40.74047,-73.99829,0,0,Driver Inattention/Distraction,4423965,31.0,20.0,0.0,0.0,0.0,0.0,1,16.6,32.4,222,Mainly clear,0,0,Sunny/Clear Conditions
30561,2021-05-28 02:27:00,40.68376,-73.929245,0,0,Passing Too Closely,4424936,19.4,10.6,25.0,25.0,0.0,8.0,63,25.6,47.9,62,Rain: Moderate,0,0,
30562,2021-06-06 04:30:00,40.71204,-73.90342,0,0,Unspecified,4424835,31.0,20.0,0.0,0.0,0.0,0.0,1,16.6,32.4,222,Mainly clear,0,0,Sunny/Clear Conditions
30563,2021-06-06 00:02:00,40.850506,-73.93287,1,0,,4424498,31.0,20.0,0.0,0.0,0.0,0.0,1,16.6,32.4,222,Mainly clear,1,1,Sunny/Clear Conditions
30564,2021-06-06 19:15:00,40.835754,-73.904396,1,0,Pedestrian/Bicyclist/Other Pedestrian Error/Confusion,4424187,31.0,20.0,0.0,0.0,0.0,0.0,1,16.6,32.4,222,Mainly clear,1,1,Sunny/Clear Conditions
30565,2021-06-04 17:36:00,40.64098,-73.8874,1,0,Driver Inattention/Distraction,4425024,25.3,17.4,6.5,6.5,0.0,10.0,61,17.9,37.8,235,Rain: Light,1,1,
30566,2021-06-04 18:34:00,40.77353,-73.98534,0,1,Traffic Control Disregarded,4425001,25.3,17.4,6.5,6.5,0.0,10.0,61,17.9,37.8,235,Rain: Light,20,1,
30567,2021-06-06 19:00:00,40.852524,-73.88432,0,0,Driver Inattention/Distraction,4424267,31.0,20.0,0.0,0.0,0.0,0.0,1,16.6,32.4,222,Mainly clear,0,0,Sunny/Clear Conditions
30568,2021-06-06 17:00:00,40.70028,-73.941154,0,0,Unspecified,4424514,31.0,20.0,0.0,0.0,0.0,0.0,1,16.6,32.4,222,Mainly clear,0,0,Sunny/Clear Conditions
30569,2021-06-06 02:00:00,40.70191,-73.93699,0,0,Driver Inexperience,4424142,31.0,20.0,0.0,0.0,0.0,0.0,1,16.6,32.4,222,Mainly clear,0,0,Sunny/Clear Conditions
30570,2021-06-06 03:51:00,40.649982,-73.91183,0,0,Unspecified,4424086,31.0,20.0,0.0,0.0,0.0,0.0,1,16.6,32.4,222,Mainly clear,0,0,Sunny/Clear Conditions
30571,2021-06-06 15:32:00,40.66851,-73.76626,0,0,Following Too Closely,4424733,31.0,20.0,0.0,0.0,0.0,0.0,1,16.6,32.4,222,Mainly clear,0,0,Sunny/Clear Conditions
30572,2021-05-25 14:00:00,40.751537,-73.991905,0,0,Driver Inattention/Distraction,4424777,21.9,13.0,0.0,0.0,0.0,0.0,3,24.3,47.9,182,Overcast,0,0,
30573,2021-06-06 00:30:00,40.66129,-73.93225,4,0,Unspecified,4424318,31.0,20.0,0.0,0.0,0.0,0.0,1,16.6,32.4,222,Mainly clear,4,4,Sunny/Clear Conditions
30574,2021-06-06 17:05:00,40.667114,-73.834656,0,0,Driver Inexperience,4424193,31.0,20.0,0.0,0.0,0.0,0.0,1,16.6,32.4,222,Mainly clear,0,0,Sunny/Clear Conditions
30575,2021-06-06 17:00:00,0.0,0.0,1,0,Driver Inattention/Distraction,4425043,31.0,20.0,0.0,0.0,0.0,0.0,1,16.6,32.4,222,Mainly clear,1,1,Sunny/Clear Conditions
30576,2021-06-06 21:40:00,40.728024,-73.74764,0,0,Driver Inattention/Distraction,4424235,31.0,20.0,0.0,0.0,0.0,0.0,1,16.6,32.4,222,Mainly clear,0,0,Sunny/Clear Conditions
30577,2021-06-01 11:00:00,40.60915,-74.14987,0,0,Following Too Closely,4424871,23.5,9.7,0.0,0.0,0.0,0.0,3,17.6,32.0,221,Overcast,0,0,
30578,2021-06-06 19:53:00,40.75595,-73.99074,2,0,Driver Inattention/Distraction,4424552,31.0,20.0,0.0,0.0,0.0,0.0,1,16.6,32.4,222,Mainly clear,2,2,Sunny/Clear Conditions
30579,2021-05-11 18:00:00,40.533634,-74.19268,0,0,Unspecified,4424947,16.7,8.2,0.0,0.0,0.0,0.0,3,27.0,51.1,292,Overcast,0,0,
30580,2021-06-06 13:40:00,40.858738,-73.88576,0,0,Driver Inattention/Distraction,4424254,31.0,20.0,0.0,0.0,0.0,0.0,1,16.6,32.4,222,Mainly clear,0,0,Sunny/Clear Conditions
30581,2021-04-28 16:00:00,40.824074,-73.93887,0,0,Unspecified,4424924,26.1,7.9,0.0,0.0,0.0,0.0,3,15.3,34.6,133,Overcast,0,0,
30582,2021-06-06 14:10:00,40.722027,-73.95704,0,0,Passenger Distraction,4424569,31.0,20.0,0.0,0.0,0.0,0.0,1,16.6,32.4,222,Mainly clear,0,0,Sunny/Clear Conditions
30583,2021-06-06 00:15:00,40.59241,-73.789,0,0,Driver Inattention/Distraction,4423727,31.0,20.0,0.0,0.0,0.0,0.0,1,16.6,32.4,222,Mainly clear,0,0,Sunny/Clear Conditions
30584,2021-06-04 13:30:00,40.736668,-73.997345,0,0,Driver Inattention/Distraction,4424828,25.3,17.4,6.5,6.5,0.0,10.0,61,17.9,37.8,235,Rain: Light,0,0,
30585,2021-06-06 00:10:00,40.696163,-73.76881,0,0,Other Vehicular,4424735,31.0,20.0,0.0,0.0,0.0,0.0,1,16.6,32.4,222,Mainly clear,0,0,Sunny/Clear Conditions
30586,2021-06-06 12:47:00,40.78643,-73.793274,1,0,Following Too Closely,4424116,31.0,20.0,0.0,0.0,0.0,0.0,1,16.6,32.4,222,Mainly clear,1,1,Sunny/Clear Conditions
30587,2021-06-06 03:20:00,40.645256,-73.874954,1,0,Driver Inattention/Distraction,4424384,31.0,20.0,0.0,0.0,0.0,0.0,1,16.6,32.4,222,Mainly clear,1,1,Sunny/Clear Conditions
30588,2021-06-06 09:43:00,40.686695,-73.966034,0,0,Driver Inattention/Distraction,4423948,31.0,20.0,0.0,0.0,0.0,0.0,1,16.6,32.4,222,Mainly clear,0,0,Sunny/Clear Conditions
30589,2021-06-06 00:05:00,40.674385,-73.87897,0,0,Passing or Lane Usage Improper,4424379,31.0,20.0,0.0,0.0,0.0,0.0,1,16.6,32.4,222,Mainly clear,0,0,Sunny/Clear Conditions
30590,2021-05-22 00:56:00,40.80405,-73.91737,0,0,Unspecified,4424790,30.5,16.5,0.0,0.0,0.0,0.0,3,19.1,36.4,299,Overcast,0,0,
30591,2021-06-06 17:33:00,40.74408,-73.851845,0,0,Unspecified,4424201,31.0,20.0,0.0,0.0,0.0,0.0,1,16.6,32.4,222,Mainly clear,0,0,Sunny/Clear Conditions
30592,2021-06-06 15:15:00,40.62573,-73.9564,1,0,,4424227,31.0,20.0,0.0,0.0,0.0,0.0,1,16.6,32.4,222,Mainly clear,1,1,Sunny/Clear Conditions
30593,2021-06-06 17:14:00,40.892475,-73.8545,1,0,Driver Inattention/Distraction,4424437,31.0,20.0,0.0,0.0,0.0,0.0,1,16.6,32.4,222,Mainly clear,1,1,Sunny/Clear Conditions
30594,2021-06-06 17:27:00,40.686745,-73.96553,1,0,Traffic Control Disregarded,4424001,31.0,20.0,0.0,0.0,0.0,0.0,1,16.6,32.4,222,Mainly clear,1,1,Sunny/Clear Conditions
30595,2021-06-06 13:40:00,40.65415,-73.949936,0,0,Driver Inattention/Distraction,4424082,31.0,20.0,0.0,0.0,0.0,0.0,1,16.6,32.4,222,Mainly clear,0,0,Sunny/Clear Conditions
30596,2021-09-23 18:00:00,40.607685,-74.13892,0,0,Passing or Lane Usage Improper,4464948,26.2,18.0,15.6,15.6,0.0,14.0,63,40.7,77.4,156,Rain: Moderate,0,0,
30597,2021-04-29 01:00:00,40.677773,-73.93587,0,0,Unsafe Speed,4424886,22.5,12.9,3.8,3.8,0.0,9.0,53,25.6,50.8,199,Drizzle: Moderate,0,0,
30598,2021-06-06 16:00:00,40.852146,-73.91741,0,0,Unspecified,4424303,31.0,20.0,0.0,0.0,0.0,0.0,1,16.6,32.4,222,Mainly clear,0,0,Sunny/Clear Conditions
30599,2021-06-06 19:20:00,40.69499,-73.9073,0,0,Unspecified,4424150,31.0,20.0,0.0,0.0,0.0,0.0,1,16.6,32.4,222,Mainly clear,0,0,Sunny/Clear Conditions
30600,2021-06-02 16:43:00,40.761272,-73.95571,1,0,Driver Inattention/Distraction,4425037,22.4,13.0,0.0,0.0,0.0,0.0,3,16.7,34.9,176,Overcast,1,1,
30601,2021-06-06 12:30:00,40.68556,-73.973946,0,0,Backing Unsafely,4424814,31.0,20.0,0.0,0.0,0.0,0.0,1,16.6,32.4,222,Mainly clear,0,0,Sunny/Clear Conditions
30602,2021-06-03 21:00:00,40.731304,-73.8032,0,0,Driver Inattention/Distraction,4424958,23.0,13.2,11.9,11.9,0.0,10.0,63,13.6,38.9,165,Rain: Moderate,0,0,
30603,2021-06-06 17:50:00,40.61613,-74.00819,0,0,Driver Inexperience,4424008,31.0,20.0,0.0,0.0,0.0,0.0,1,16.6,32.4,222,Mainly clear,0,0,Sunny/Clear Conditions
30604,2021-06-06 17:05:00,40.654137,-73.91234,0,0,Driver Inattention/Distraction,4424087,31.0,20.0,0.0,0.0,0.0,0.0,1,16.6,32.4,222,Mainly clear,0,0,Sunny/Clear Conditions
30605,2021-06-06 23:28:00,40.633858,-73.911446,2,0,Unspecified,4424447,31.0,20.0,0.0,0.0,0.0,0.0,1,16.6,32.4,222,Mainly clear,2,2,Sunny/Clear Conditions
30606,2021-06-06 09:25:00,40.677498,-73.87149,0,0,Unspecified,4424402,31.0,20.0,0.0,0.0,0.0,0.0,1,16.6,32.4,222,Mainly clear,0,0,Sunny/Clear Conditions
30607,2021-06-06 21:03:00,40.6818,-73.88978,1,0,Driver Inexperience,4424407,31.0,20.0,0.0,0.0,0.0,0.0,1,16.6,32.4,222,Mainly clear,1,1,Sunny/Clear Conditions
30608,2021-06-06 09:35:00,40.69078,-73.72728,7,0,Following Too Closely,4423865,31.0,20.0,0.0,0.0,0.0,0.0,1,16.6,32.4,222,Mainly clear,7,7,Sunny/Clear Conditions
30609,2021-06-06 18:50:00,40.827576,-73.82324,0,0,Unspecified,4424232,31.0,20.0,0.0,0.0,0.0,0.0,1,16.6,32.4,222,Mainly clear,0,0,Sunny/Clear Conditions
30610,2021-06-06 05:00:00,40.675583,-73.94041,0,0,Driver Inattention/Distraction,4423943,31.0,20.0,0.0,0.0,0.0,0.0,1,16.6,32.4,222,Mainly clear,0,0,Sunny/Clear Conditions
30611,2021-06-06 23:45:00,40.609917,-73.89746,1,0,Following Too Closely,4424315,31.0,20.0,0.0,0.0,0.0,0.0,1,16.6,32.4,222,Mainly clear,1,1,Sunny/Clear Conditions
30612,2021-06-06 08:35:00,40.696198,-73.98869,0,0,Unspecified,4423830,31.0,20.0,0.0,0.0,0.0,0.0,1,16.6,32.4,222,Mainly clear,0,0,Sunny/Clear Conditions
30613,2021-06-06 00:15:00,40.83516,-73.94561,1,0,Driver Inattention/Distraction,4424097,31.0,20.0,0.0,0.0,0.0,0.0,1,16.6,32.4,222,Mainly clear,1,1,Sunny/Clear Conditions
30614,2021-06-06 12:45:00,40.679096,-73.887314,0,0,Unspecified,4424400,31.0,20.0,0.0,0.0,0.0,0.0,1,16.6,32.4,222,Mainly clear,0,0,Sunny/Clear Conditions
30615,2021-06-05 19:12:00,40.77526,-73.81758,0,0,Steering Failure,4424989,31.3,17.3,0.0,0.0,0.0,0.0,2,20.9,43.9,247,Partly cloudy,0,0,
30616,2021-10-05 12:15:00,40.678154,-73.94416,2,0,Passing Too Closely,4464379,19.9,15.0,0.0,0.0,0.0,0.0,3,14.5,28.1,46,Overcast,2,2,
30617,2021-06-06 15:00:00,40.717926,-73.735374,0,0,Unspecified,4423982,31.0,20.0,0.0,0.0,0.0,0.0,1,16.6,32.4,222,Mainly clear,0,0,Sunny/Clear Conditions
30618,2021-06-04 22:08:00,40.71944,-73.84526,0,0,Unspecified,4424775,25.3,17.4,6.5,6.5,0.0,10.0,61,17.9,37.8,235,Rain: Light,0,0,
30619,2021-06-06 11:21:00,40.65584,-73.919586,0,0,Unspecified,4424593,31.0,20.0,0.0,0.0,0.0,0.0,1,16.6,32.4,222,Mainly clear,0,0,Sunny/Clear Conditions
30620,2021-06-06 21:08:00,40.60205,-74.01334,0,0,Driver Inattention/Distraction,4424133,31.0,20.0,0.0,0.0,0.0,0.0,1,16.6,32.4,222,Mainly clear,0,0,Sunny/Clear Conditions
30621,2021-06-06 12:52:00,40.60595,-74.07601,0,0,Passing or Lane Usage Improper,4424479,31.0,20.0,0.0,0.0,0.0,0.0,1,16.6,32.4,222,Mainly clear,0,0,Sunny/Clear Conditions
30622,2021-06-06 23:30:00,40.67777,-73.928314,0,0,Animals Action,4424531,31.0,20.0,0.0,0.0,0.0,0.0,1,16.6,32.4,222,Mainly clear,0,0,Sunny/Clear Conditions
30623,2021-06-06 00:19:00,40.844677,-73.9245,0,0,Passing or Lane Usage Improper,4424188,31.0,20.0,0.0,0.0,0.0,0.0,1,16.6,32.4,222,Mainly clear,0,0,Sunny/Clear Conditions
30624,2021-06-06 17:45:00,40.75234,-73.87625,0,0,Reaction to Uninvolved Vehicle,4423967,31.0,20.0,0.0,0.0,0.0,0.0,1,16.6,32.4,222,Mainly clear,0,0,Sunny/Clear Conditions
30625,2021-06-03 11:15:00,40.74694,-73.89051,0,0,Other Vehicular,4424938,23.0,13.2,11.9,11.9,0.0,10.0,63,13.6,38.9,165,Rain: Moderate,0,0,
30626,2021-06-06 22:45:00,40.54958,-74.137375,1,0,Following Too Closely,4424799,31.0,20.0,0.0,0.0,0.0,0.0,1,16.6,32.4,222,Mainly clear,1,1,Sunny/Clear Conditions
30627,2021-06-06 04:37:00,40.82548,-73.86294,2,0,Fell Asleep,4424361,31.0,20.0,0.0,0.0,0.0,0.0,1,16.6,32.4,222,Mainly clear,2,2,Sunny/Clear Conditions
30628,2021-06-06 10:21:00,40.898815,-73.86223,0,0,Turning Improperly,4424422,31.0,20.0,0.0,0.0,0.0,0.0,1,16.6,32.4,222,Mainly clear,0,0,Sunny/Clear Conditions
30629,2021-06-06 10:00:00,40.73147,-73.873764,0,0,Unspecified,4424042,31.0,20.0,0.0,0.0,0.0,0.0,1,16.6,32.4,222,Mainly clear,0,0,Sunny/Clear Conditions
30630,2021-06-06 19:30:00,40.819,-73.86432,0,0,View Obstructed/Limited,4424391,31.0,20.0,0.0,0.0,0.0,0.0,1,16.6,32.4,222,Mainly clear,0,0,Sunny/Clear Conditions
30631,2021-06-06 01:30:00,40.845642,-73.89771,1,0,Pedestrian/Bicyclist/Other Pedestrian Error/Confusion,4424266,31.0,20.0,0.0,0.0,0.0,0.0,1,16.6,32.4,222,Mainly clear,1,1,Sunny/Clear Conditions
30632,2021-06-06 06:15:00,40.735645,-73.98546,0,0,Unspecified,4423903,31.0,20.0,0.0,0.0,0.0,0.0,1,16.6,32.4,222,Mainly clear,0,0,Sunny/Clear Conditions
30633,2021-06-06 00:01:00,40.767647,-73.92078,3,0,View Obstructed/Limited,4423823,31.0,20.0,0.0,0.0,0.0,0.0,1,16.6,32.4,222,Mainly clear,3,3,Sunny/Clear Conditions
30634,2021-06-06 18:00:00,40.741833,-73.80545,0,0,Turning Improperly,4424102,31.0,20.0,0.0,0.0,0.0,0.0,1,16.6,32.4,222,Mainly clear,0,0,Sunny/Clear Conditions
30635,2021-05-24 17:30:00,40.650887,-73.96466,1,0,Pedestrian/Bicyclist/Other Pedestrian Error/Confusion,4424906,18.9,13.7,0.0,0.0,0.0,0.0,3,22.4,44.3,126,Overcast,1,1,
30636,2021-06-06 17:00:00,40.584774,-73.96011,3,0,Driver Inattention/Distraction,4424215,31.0,20.0,0.0,0.0,0.0,0.0,1,16.6,32.4,222,Mainly clear,3,3,Sunny/Clear Conditions
30637,2021-06-06 16:30:00,40.717422,-73.93914,0,0,Driver Inattention/Distraction,4424061,31.0,20.0,0.0,0.0,0.0,0.0,1,16.6,32.4,222,Mainly clear,0,0,Sunny/Clear Conditions
30638,2021-06-06 02:25:00,40.612633,-74.128555,0,0,Backing Unsafely,4424643,31.0,20.0,0.0,0.0,0.0,0.0,1,16.6,32.4,222,Mainly clear,0,0,Sunny/Clear Conditions
30639,2021-06-06 02:59:00,40.794243,-73.931145,0,0,Unspecified,4424493,31.0,20.0,0.0,0.0,0.0,0.0,1,16.6,32.4,222,Mainly clear,0,0,Sunny/Clear Conditions
30640,2021-06-03 12:00:00,40.83477,-73.85394,0,0,Driver Inattention/Distraction,4424847,23.0,13.2,11.9,11.9,0.0,10.0,63,13.6,38.9,165,Rain: Moderate,0,0,
30641,2021-06-06 03:06:00,40.78818,-73.81703,0,0,Unsafe Speed,4424127,31.0,20.0,0.0,0.0,0.0,0.0,1,16.6,32.4,222,Mainly clear,0,0,Sunny/Clear Conditions
30642,2021-06-06 23:00:00,40.667522,-73.78063,0,0,Unspecified,4424517,31.0,20.0,0.0,0.0,0.0,0.0,1,16.6,32.4,222,Mainly clear,0,0,Sunny/Clear Conditions
30643,2021-05-27 04:14:00,40.816677,-73.893845,1,0,Unsafe Speed,4424896,27.4,18.3,2.4,2.4,0.0,3.0,61,23.5,42.1,313,Rain: Light,1,1,
30644,2021-06-06 05:23:00,40.69761,-73.82005,1,0,Following Too Closely,4424306,31.0,20.0,0.0,0.0,0.0,0.0,1,16.6,32.4,222,Mainly clear,1,1,Sunny/Clear Conditions
30645,2021-06-06 07:45:00,40.825226,-73.823685,0,0,Unspecified,4424933,31.0,20.0,0.0,0.0,0.0,0.0,1,16.6,32.4,222,Mainly clear,0,0,Sunny/Clear Conditions
30646,2021-10-05 22:15:00,40.661015,-73.90853,1,0,Unspecified,4464502,19.9,15.0,0.0,0.0,0.0,0.0,3,14.5,28.1,46,Overcast,1,1,
30647,2021-06-06 01:15:00,40.66314,-73.88003,0,0,Unspecified,4424385,31.0,20.0,0.0,0.0,0.0,0.0,1,16.6,32.4,222,Mainly clear,0,0,Sunny/Clear Conditions
30648,2021-06-06 12:34:00,0.0,0.0,1,0,Driver Inexperience,4424813,31.0,20.0,0.0,0.0,0.0,0.0,1,16.6,32.4,222,Mainly clear,1,1,Sunny/Clear Conditions
30649,2021-06-06 23:46:00,40.878853,-73.87349,1,0,Driver Inattention/Distraction,4424292,31.0,20.0,0.0,0.0,0.0,0.0,1,16.6,32.4,222,Mainly clear,1,1,Sunny/Clear Conditions
30650,2021-06-06 00:33:00,40.67043,-73.928185,0,0,Passing or Lane Usage Improper,4423942,31.0,20.0,0.0,0.0,0.0,0.0,1,16.6,32.4,222,Mainly clear,0,0,Sunny/Clear Conditions
30651,2021-06-06 09:25:00,40.725517,-73.896416,1,0,Following Too Closely,4424014,31.0,20.0,0.0,0.0,0.0,0.0,1,16.6,32.4,222,Mainly clear,1,1,Sunny/Clear Conditions
30652,2021-06-06 22:00:00,40.824085,-73.874344,0,0,Unsafe Lane Changing,4424412,31.0,20.0,0.0,0.0,0.0,0.0,1,16.6,32.4,222,Mainly clear,0,0,Sunny/Clear Conditions
30653,2021-10-04 13:04:00,40.669735,-73.93104,1,0,Unspecified,4465027,20.6,16.4,21.8,21.8,0.0,17.0,63,20.8,42.8,61,Rain: Moderate,1,1,
30654,2021-06-02 16:05:00,40.712864,-73.90531,1,0,Driver Inattention/Distraction,4424851,22.4,13.0,0.0,0.0,0.0,0.0,3,16.7,34.9,176,Overcast,1,1,
30655,2021-06-06 08:30:00,40.59548,-73.955765,0,0,Passing or Lane Usage Improper,4424503,31.0,20.0,0.0,0.0,0.0,0.0,1,16.6,32.4,222,Mainly clear,0,0,Sunny/Clear Conditions
30656,2021-06-04 06:35:00,40.57892,-73.97497,1,0,Driver Inattention/Distraction,4425033,25.3,17.4,6.5,6.5,0.0,10.0,61,17.9,37.8,235,Rain: Light,1,1,
30657,2021-06-06 03:28:00,40.66929,-73.842445,5,0,Other Vehicular,4424192,31.0,20.0,0.0,0.0,0.0,0.0,1,16.6,32.4,222,Mainly clear,5,5,Sunny/Clear Conditions
30658,2021-06-06 10:00:00,40.764267,-73.9158,0,0,Unspecified,4424712,31.0,20.0,0.0,0.0,0.0,0.0,1,16.6,32.4,222,Mainly clear,0,0,Sunny/Clear Conditions
30659,2021-06-06 19:25:00,40.70753,-73.96443,1,0,Unspecified,4424736,31.0,20.0,0.0,0.0,0.0,0.0,1,16.6,32.4,222,Mainly clear,1,1,Sunny/Clear Conditions
30660,2021-06-06 00:47:00,40.83354,-73.89631,1,0,Traffic Control Disregarded,4423761,31.0,20.0,0.0,0.0,0.0,0.0,1,16.6,32.4,222,Mainly clear,1,1,Sunny/Clear Conditions
30661,2021-06-05 17:00:00,40.680237,-73.96425,1,0,Pedestrian/Bicyclist/Other Pedestrian Error/Confusion,4424915,31.3,17.3,0.0,0.0,0.0,0.0,2,20.9,43.9,247,Partly cloudy,1,1,
30662,2021-06-06 17:51:00,40.632915,-73.95033,0,0,Other Vehicular,4424231,31.0,20.0,0.0,0.0,0.0,0.0,1,16.6,32.4,222,Mainly clear,0,0,Sunny/Clear Conditions
30663,2021-06-06 06:30:00,40.85592,-73.9172,0,0,Unspecified,4424261,31.0,20.0,0.0,0.0,0.0,0.0,1,16.6,32.4,222,Mainly clear,0,0,Sunny/Clear Conditions
30664,2021-05-30 15:00:00,40.686905,-73.94463,0,0,Passing Too Closely,4424830,11.5,8.5,13.7,13.7,0.0,24.0,61,28.1,52.2,22,Rain: Light,0,0,
30665,2021-06-06 02:11:00,40.631542,-74.14891,0,0,Driver Inattention/Distraction,4424113,31.0,20.0,0.0,0.0,0.0,0.0,1,16.6,32.4,222,Mainly clear,0,0,Sunny/Clear Conditions
30666,2021-06-06 18:00:00,40.87443,-73.852165,0,0,Unspecified,4424438,31.0,20.0,0.0,0.0,0.0,0.0,1,16.6,32.4,222,Mainly clear,0,0,Sunny/Clear Conditions
30667,2021-06-06 18:00:00,40.684513,-73.909386,1,0,Driver Inattention/Distraction,4424149,31.0,20.0,0.0,0.0,0.0,0.0,1,16.6,32.4,222,Mainly clear,1,1,Sunny/Clear Conditions
30668,2021-06-03 23:00:00,40.741665,-74.00293,0,0,Backing Unsafely,4424889,23.0,13.2,11.9,11.9,0.0,10.0,63,13.6,38.9,165,Rain: Moderate,0,0,