,CRASH DATETIME,LATITUDE,LONGITUDE,NUMBER OF PERSONS INJURED,NUMBER OF PERSONS KILLED,CONTRIBUTING FACTOR VEHICLE 1,COLLISION_ID,temperature_2m_max,temperature_2m_min,precipitation_sum,rain_sum,snowfall_sum,precipitation_hours,weather_code,wind_speed_10m_max,wind_gusts_10m_max,wind_direction_10m_dominant,Weather Description,Severity_Score,Total_Affected_Persons,Weather_Category
30669,2021-06-06 00:25:00,40.77074,-73.87841,0,0,Driver Inattention/Distraction,4424240,31.0,20.0,0.0,0.0,0.0,0.0,1,16.6,32.4,222,Mainly clear,0,0,Sunny/Clear Conditions
30670,2021-06-06 00:00:00,40.600388,-73.97359,1,0,Lost Consciousness,4424000,31.0,20.0,0.0,0.0,0.0,0.0,1,16.6,32.4,222,Mainly clear,1,1,Sunny/Clear Conditions
30671,2021-06-06 01:45:00,40.67398,-73.899315,0,0,Driver Inattention/Distraction,4424380,31.0,20.0,0.0,0.0,0.0,0.0,1,16.6,32.4,222,Mainly clear,0,0,Sunny/Clear Conditions
30672,2021-06-06 14:50:00,40.751522,-73.99396,1,0,Driver Inattention/Distraction,4424448,31.0,20.0,0.0,0.0,0.0,0.0,1,16.6,32.4,222,Mainly clear,1,1,Sunny/Clear Conditions
30673,2021-06-06 16:57:00,40.688553,-73.962845,1,0,View Obstructed/Limited,4424088,31.0,20.0,0.0,0.0,0.0,0.0,1,16.6,32.4,222,Mainly clear,1,1,Sunny/Clear Conditions
30674,2021-06-06 11:15:00,40.66769,-73.95732,0,0,Driver Inattention/Distraction,4424081,31.0,20.0,0.0,0.0,0.0,0.0,1,16.6,32.4,222,Mainly clear,0,0,Sunny/Clear Conditions
30675,2021-06-06 13:20:00,40.679653,-73.88556,2,0,Backing Unsafely,4424403,31.0,20.0,0.0,0.0,0.0,0.0,1,16.6,32.4,222,Mainly clear,2,2,Sunny/Clear Conditions
30676,2021-06-06 00:00:00,40.556923,-74.17485,0,0,Unsafe Speed,4424865,31.0,20.0,0.0,0.0,0.0,0.0,1,16.6,32.4,222,Mainly clear,0,0,Sunny/Clear Conditions
30677,2021-06-06 18:20:00,40.62601,-73.92471,0,0,Traffic Control Disregarded,4424136,31.0,20.0,0.0,0.0,0.0,0.0,1,16.6,32.4,222,Mainly clear,0,0,Sunny/Clear Conditions
30678,2021-06-06 21:00:00,40.680496,-73.821365,0,0,Alcohol Involvement,4424196,31.0,20.0,0.0,0.0,0.0,0.0,1,16.6,32.4,222,Mainly clear,0,0,Sunny/Clear Conditions
30679,2021-05-26 07:40:00,40.736534,-73.85611,1,0,Following Too Closely,4424784,29.5,17.4,0.1,0.1,0.0,1.0,51,23.4,45.7,210,Drizzle: Light,1,1,
30680,2021-06-06 23:53:00,40.642174,-74.02064,1,0,Driver Inattention/Distraction,4424575,31.0,20.0,0.0,0.0,0.0,0.0,1,16.6,32.4,222,Mainly clear,1,1,Sunny/Clear Conditions
30681,2021-06-05 02:40:00,40.731964,-73.98816,1,0,Driver Inattention/Distraction,4425023,31.3,17.3,0.0,0.0,0.0,0.0,2,20.9,43.9,247,Partly cloudy,1,1,
30682,2021-06-06 03:33:00,40.74456,-73.971375,0,0,Unspecified,4424128,31.0,20.0,0.0,0.0,0.0,0.0,1,16.6,32.4,222,Mainly clear,0,0,Sunny/Clear Conditions
30683,2021-06-06 09:00:00,40.716652,-73.8259,0,0,Following Too Closely,4424956,31.0,20.0,0.0,0.0,0.0,0.0,1,16.6,32.4,222,Mainly clear,0,0,Sunny/Clear Conditions
30684,2021-06-06 17:00:00,40.67439,-73.77939,0,0,Unspecified,4424518,31.0,20.0,0.0,0.0,0.0,0.0,1,16.6,32.4,222,Mainly clear,0,0,Sunny/Clear Conditions
30685,2021-06-06 20:52:00,40.625965,-73.93319,1,0,Passing or Lane Usage Improper,4424545,31.0,20.0,0.0,0.0,0.0,0.0,1,16.6,32.4,222,Mainly clear,1,1,Sunny/Clear Conditions
30686,2021-06-06 10:37:00,40.661446,-73.92829,0,0,Unspecified,4424594,31.0,20.0,0.0,0.0,0.0,0.0,1,16.6,32.4,222,Mainly clear,0,0,Sunny/Clear Conditions
30687,2021-06-06 18:10:00,40.600426,-73.941895,2,0,Unspecified,4424178,31.0,20.0,0.0,0.0,0.0,0.0,1,16.6,32.4,222,Mainly clear,2,2,Sunny/Clear Conditions
30688,2021-10-05 18:00:00,40.78801,-73.844734,0,0,Other Vehicular,4464811,19.9,15.0,0.0,0.0,0.0,0.0,3,14.5,28.1,46,Overcast,0,0,
30689,2021-06-06 01:50:00,40.651398,-73.75888,2,0,Driver Inattention/Distraction,4423863,31.0,20.0,0.0,0.0,0.0,0.0,1,16.6,32.4,222,Mainly clear,2,2,Sunny/Clear Conditions
30690,2021-10-05 00:00:00,40.66188,-73.94557,0,0,Driver Inattention/Distraction,4464510,19.9,15.0,0.0,0.0,0.0,0.0,3,14.5,28.1,46,Overcast,0,0,
30691,2021-10-05 13:15:00,40.81653,-73.88975,0,0,Unspecified,4464572,19.9,15.0,0.0,0.0,0.0,0.0,3,14.5,28.1,46,Overcast,0,0,
30692,2021-10-05 23:00:00,40.64137,-73.87729,1,0,Reaction to Uninvolved Vehicle,4464491,19.9,15.0,0.0,0.0,0.0,0.0,3,14.5,28.1,46,Overcast,1,1,
30693,2021-10-05 08:20:00,40.771477,-73.8173,0,0,Unspecified,4464445,19.9,15.0,0.0,0.0,0.0,0.0,3,14.5,28.1,46,Overcast,0,0,
30694,2021-09-23 07:04:00,40.640625,-74.014984,0,0,Drugs (illegal),4464930,26.2,18.0,15.6,15.6,0.0,14.0,63,40.7,77.4,156,Rain: Moderate,0,0,
30695,2021-10-05 10:26:00,40.648045,-74.00009,1,0,Unspecified,4464956,19.9,15.0,0.0,0.0,0.0,0.0,3,14.5,28.1,46,Overcast,1,1,
30696,2021-10-05 18:24:00,40.852882,-73.91561,1,0,Passing Too Closely,4464598,19.9,15.0,0.0,0.0,0.0,0.0,3,14.5,28.1,46,Overcast,1,1,
30697,2021-10-05 20:40:00,40.634907,-73.96132,1,0,,4464741,19.9,15.0,0.0,0.0,0.0,0.0,3,14.5,28.1,46,Overcast,1,1,
30698,2021-10-05 15:20:00,40.708942,-73.941765,0,0,Driver Inattention/Distraction,4464520,19.9,15.0,0.0,0.0,0.0,0.0,3,14.5,28.1,46,Overcast,0,0,
30699,2021-05-25 22:09:00,40.828514,-73.879974,0,1,Unspecified,4420918,21.9,13.0,0.0,0.0,0.0,0.0,3,24.3,47.9,182,Overcast,20,1,
30700,2021-10-04 21:00:00,40.67994,-73.88468,0,0,Unspecified,4465049,20.6,16.4,21.8,21.8,0.0,17.0,63,20.8,42.8,61,Rain: Moderate,0,0,
30701,2021-10-05 20:15:00,40.771984,-73.91891,1,0,Turning Improperly,4464883,19.9,15.0,0.0,0.0,0.0,0.0,3,14.5,28.1,46,Overcast,1,1,
30702,2021-10-05 17:46:00,40.765606,-73.97203,2,0,Unsafe Lane Changing,4464566,19.9,15.0,0.0,0.0,0.0,0.0,3,14.5,28.1,46,Overcast,2,2,
30703,2021-06-21 06:00:00,40.696903,-73.91907,0,0,Unspecified,4464889,28.0,21.7,0.5,0.5,0.0,2.0,51,24.4,46.8,181,Drizzle: Light,0,0,
30704,2021-10-05 06:20:00,40.758343,-73.73062,0,0,Pavement Slippery,4464263,19.9,15.0,0.0,0.0,0.0,0.0,3,14.5,28.1,46,Overcast,0,0,
30705,2021-10-02 05:30:00,40.68685,-73.92349,0,0,Driver Inattention/Distraction,4464936,23.7,10.8,0.0,0.0,0.0,0.0,3,17.0,34.2,254,Overcast,0,0,
30706,2021-10-05 18:17:00,40.814556,-73.96249,0,0,Unspecified,4464473,19.9,15.0,0.0,0.0,0.0,0.0,3,14.5,28.1,46,Overcast,0,0,
30707,2021-10-05 12:07:00,40.792725,-73.947395,1,0,Backing Unsafely,4464633,19.9,15.0,0.0,0.0,0.0,0.0,3,14.5,28.1,46,Overcast,1,1,
30708,2021-10-05 12:01:00,40.82935,-73.90254,0,0,Unspecified,4464366,19.9,15.0,0.0,0.0,0.0,0.0,3,14.5,28.1,46,Overcast,0,0,
30709,2021-10-05 12:00:00,40.768433,-73.98696,0,0,Unspecified,4464621,19.9,15.0,0.0,0.0,0.0,0.0,3,14.5,28.1,46,Overcast,0,0,
30710,2021-10-05 07:00:00,40.609287,-73.91275,0,0,Unspecified,4464986,19.9,15.0,0.0,0.0,0.0,0.0,3,14.5,28.1,46,Overcast,0,0,
30711,2021-10-05 20:45:00,40.71942,-73.820656,4,0,Unspecified,4464812,19.9,15.0,0.0,0.0,0.0,0.0,3,14.5,28.1,46,Overcast,4,4,
30712,2021-10-05 15:40:00,40.659172,-73.839874,0,0,Passing or Lane Usage Improper,4464528,19.9,15.0,0.0,0.0,0.0,0.0,3,14.5,28.1,46,Overcast,0,0,
30713,2021-10-05 19:30:00,40.661156,-73.90759,1,0,,4464545,19.9,15.0,0.0,0.0,0.0,0.0,3,14.5,28.1,46,Overcast,1,1,
30714,2021-10-05 17:00:00,40.722057,-73.80279,0,0,Driver Inattention/Distraction,4464706,19.9,15.0,0.0,0.0,0.0,0.0,3,14.5,28.1,46,Overcast,0,0,
30715,2021-10-05 16:15:00,40.604244,-73.74342,0,0,Passing Too Closely,4464583,19.9,15.0,0.0,0.0,0.0,0.0,3,14.5,28.1,46,Overcast,0,0,
30716,2021-10-05 09:32:00,40.676937,-73.92183,0,0,Unspecified,4464407,19.9,15.0,0.0,0.0,0.0,0.0,3,14.5,28.1,46,Overcast,0,0,
30717,2021-10-05 10:00:00,40.81351,-73.86019,0,0,Unspecified,4464436,19.9,15.0,0.0,0.0,0.0,0.0,3,14.5,28.1,46,Overcast,0,0,
30718,2021-10-05 08:00:00,40.72867,-73.720924,1,0,Traffic Control Disregarded,4464335,19.9,15.0,0.0,0.0,0.0,0.0,3,14.5,28.1,46,Overcast,1,1,
30719,2021-09-29 20:50:00,40.783844,-73.979996,0,0,Driver Inattention/Distraction,4465069,19.9,11.3,0.0,0.0,0.0,0.0,3,20.6,41.8,331,Overcast,0,0,
30720,2021-10-05 09:59:00,40.810947,-73.927155,2,0,Driver Inattention/Distraction,4464591,19.9,15.0,0.0,0.0,0.0,0.0,3,14.5,28.1,46,Overcast,2,2,
30721,2021-10-05 19:10:00,40.60589,-74.07427,3,0,Following Too Closely,4464499,19.9,15.0,0.0,0.0,0.0,0.0,3,14.5,28.1,46,Overcast,3,3,
30722,2021-10-02 11:00:00,40.8636899,-73.9170643,2,0,Aggressive Driving/Road Rage,4465003,23.7,10.8,0.0,0.0,0.0,0.0,3,17.0,34.2,254,Overcast,2,2,
30723,2021-10-05 13:13:00,40.590527,-73.99292,0,0,Unspecified,4464409,19.9,15.0,0.0,0.0,0.0,0.0,3,14.5,28.1,46,Overcast,0,0,
30724,2021-10-05 08:55:00,40.77883,-73.80136,0,0,Unspecified,4464446,19.9,15.0,0.0,0.0,0.0,0.0,3,14.5,28.1,46,Overcast,0,0,
30725,2021-10-05 17:25:00,40.730064,-73.87157,0,0,Following Too Closely,4464746,19.9,15.0,0.0,0.0,0.0,0.0,3,14.5,28.1,46,Overcast,0,0,
30726,2021-10-05 07:00:00,40.82892,-73.83717,2,0,Driver Inattention/Distraction,4464660,19.9,15.0,0.0,0.0,0.0,0.0,3,14.5,28.1,46,Overcast,2,2,
30727,2022-04-01 17:39:00,40.710243,-73.9584,1,0,Turning Improperly,4515392,15.2,5.3,1.4,1.4,0.0,8.0,51,33.1,61.9,277,Drizzle: Light,1,1,
30728,2021-10-05 08:04:00,40.738216,-73.98568,0,0,Passing Too Closely,4464332,19.9,15.0,0.0,0.0,0.0,0.0,3,14.5,28.1,46,Overcast,0,0,
30729,2021-10-05 06:34:00,40.817753,-73.888664,0,0,Unspecified,4464552,19.9,15.0,0.0,0.0,0.0,0.0,3,14.5,28.1,46,Overcast,0,0,
30730,2021-10-05 00:47:00,40.83648,-73.897736,0,0,Other Vehicular,4464360,19.9,15.0,0.0,0.0,0.0,0.0,3,14.5,28.1,46,Overcast,0,0,
30731,2021-10-05 19:40:00,40.85078,-73.91222,0,0,Oversized Vehicle,4464597,19.9,15.0,0.0,0.0,0.0,0.0,3,14.5,28.1,46,Overcast,0,0,
30732,2021-10-05 05:18:00,40.651108,-73.94283,0,0,Unspecified,4464322,19.9,15.0,0.0,0.0,0.0,0.0,3,14.5,28.1,46,Overcast,0,0,
30733,2021-10-05 13:47:00,40.651974,-73.86542,0,0,Passing or Lane Usage Improper,4464452,19.9,15.0,0.0,0.0,0.0,0.0,3,14.5,28.1,46,Overcast,0,0,
30734,2021-10-05 12:15:00,40.74707,-73.99107,0,0,Driver Inexperience,4464657,19.9,15.0,0.0,0.0,0.0,0.0,3,14.5,28.1,46,Overcast,0,0,
30735,2021-10-05 17:29:00,40.646515,-73.958115,0,0,Unspecified,4464580,19.9,15.0,0.0,0.0,0.0,0.0,3,14.5,28.1,46,Overcast,0,0,
30736,2021-10-05 13:00:00,40.76394,-73.828156,0,0,Driverless/Runaway Vehicle,4464389,19.9,15.0,0.0,0.0,0.0,0.0,3,14.5,28.1,46,Overcast,0,0,
30737,2021-09-29 16:30:00,40.61132,-74.114716,0,0,Reaction to Uninvolved Vehicle,4464955,19.9,11.3,0.0,0.0,0.0,0.0,3,20.6,41.8,331,Overcast,0,0,
30738,2021-10-01 16:50:00,40.753677,-73.914474,1,0,Following Too Closely,4464898,19.4,9.5,0.0,0.0,0.0,0.0,0,13.8,28.1,302,Clear sky,1,1,Sunny/Clear Conditions
30739,2021-10-05 15:15:00,40.626373,-73.99754,0,0,View Obstructed/Limited,4464505,19.9,15.0,0.0,0.0,0.0,0.0,3,14.5,28.1,46,Overcast,0,0,
30740,2021-10-05 18:52:00,40.73705,-73.99285,0,0,Passing Too Closely,4464485,19.9,15.0,0.0,0.0,0.0,0.0,3,14.5,28.1,46,Overcast,0,0,
30741,2021-10-05 00:00:00,40.81151,-73.94649,0,0,Other Vehicular,4464767,19.9,15.0,0.0,0.0,0.0,0.0,3,14.5,28.1,46,Overcast,0,0,
30742,2021-10-05 19:50:00,40.804256,-73.9193,0,0,Turning Improperly,4464852,19.9,15.0,0.0,0.0,0.0,0.0,3,14.5,28.1,46,Overcast,0,0,
30743,2021-10-05 08:40:00,40.645626,-73.89763,0,0,Driver Inattention/Distraction,4464512,19.9,15.0,0.0,0.0,0.0,0.0,3,14.5,28.1,46,Overcast,0,0,
30744,2021-10-05 07:05:00,40.671715,-73.8882,0,0,Unspecified,4464385,19.9,15.0,0.0,0.0,0.0,0.0,3,14.5,28.1,46,Overcast,0,0,
30745,2021-10-05 09:45:00,40.746998,-73.89646,0,0,Driver Inattention/Distraction,4464349,19.9,15.0,0.0,0.0,0.0,0.0,3,14.5,28.1,46,Overcast,0,0,
30746,2021-10-05 08:30:00,40.6572,-74.004684,1,0,Unspecified,4464989,19.9,15.0,0.0,0.0,0.0,0.0,3,14.5,28.1,46,Overcast,1,1,
30747,2021-10-05 09:00:00,40.73807,-73.93756,0,0,Following Too Closely,4464608,19.9,15.0,0.0,0.0,0.0,0.0,3,14.5,28.1,46,Overcast,0,0,
30748,2021-10-05 23:13:00,40.615406,-73.97424,3,0,Alcohol Involvement,4464693,19.9,15.0,0.0,0.0,0.0,0.0,3,14.5,28.1,46,Overcast,3,3,
30749,2021-10-05 09:00:00,40.722622,-73.89368,0,0,Following Too Closely,4464418,19.9,15.0,0.0,0.0,0.0,0.0,3,14.5,28.1,46,Overcast,0,0,
30750,2021-10-05 15:53:00,40.59592,-73.941025,0,0,Unspecified,4464530,19.9,15.0,0.0,0.0,0.0,0.0,3,14.5,28.1,46,Overcast,0,0,
30751,2022-04-02 07:00:00,40.703667,-73.9269,0,0,Passing or Lane Usage Improper,4515709,11.1,1.4,0.0,0.0,0.0,0.0,3,26.3,47.9,286,Overcast,0,0,
30752,2021-10-05 17:00:00,40.74646,-73.878105,0,0,Driver Inattention/Distraction,4464571,19.9,15.0,0.0,0.0,0.0,0.0,3,14.5,28.1,46,Overcast,0,0,
30753,2021-10-05 06:10:00,40.666737,-73.78628,0,0,Following Too Closely,4464300,19.9,15.0,0.0,0.0,0.0,0.0,3,14.5,28.1,46,Overcast,0,0,
30754,2021-10-05 18:45:00,40.73169,-73.80509,1,0,Unspecified,4464456,19.9,15.0,0.0,0.0,0.0,0.0,3,14.5,28.1,46,Overcast,1,1,
30755,2021-10-05 14:30:00,40.73051,-73.94341,0,0,Passing or Lane Usage Improper,4464535,19.9,15.0,0.0,0.0,0.0,0.0,3,14.5,28.1,46,Overcast,0,0,
30756,2021-10-01 11:50:00,40.698544,-73.96236,3,0,Fatigued/Drowsy,4464910,19.4,9.5,0.0,0.0,0.0,0.0,0,13.8,28.1,302,Clear sky,3,3,Sunny/Clear Conditions
30757,2022-04-02 12:15:00,40.695976,-73.808975,0,0,Following Too Closely,4515966,11.1,1.4,0.0,0.0,0.0,0.0,3,26.3,47.9,286,Overcast,0,0,
30758,2021-09-30 11:10:00,40.670887,-73.93649,0,0,Failure to Yield Right-of-Way,4465028,18.8,13.1,0.0,0.0,0.0,0.0,3,18.1,37.4,330,Overcast,0,0,
30759,2021-10-05 12:15:00,40.645622,-73.929726,0,0,Failure to Yield Right-of-Way,4464476,19.9,15.0,0.0,0.0,0.0,0.0,3,14.5,28.1,46,Overcast,0,0,
30760,2021-10-05 10:51:00,40.750744,-73.978676,0,0,Driver Inattention/Distraction,4464829,19.9,15.0,0.0,0.0,0.0,0.0,3,14.5,28.1,46,Overcast,0,0,
30761,2021-10-05 05:45:00,40.712265,-73.95548,0,0,,4465131,19.9,15.0,0.0,0.0,0.0,0.0,3,14.5,28.1,46,Overcast,0,0,
30762,2021-10-05 14:57:00,40.820858,-73.912575,0,0,Driver Inattention/Distraction,4464592,19.9,15.0,0.0,0.0,0.0,0.0,3,14.5,28.1,46,Overcast,0,0,
30763,2021-10-05 10:38:00,40.7198,-73.953476,0,0,Passing Too Closely,4464368,19.9,15.0,0.0,0.0,0.0,0.0,3,14.5,28.1,46,Overcast,0,0,
30764,2021-10-05 17:00:00,40.82615,-73.87766,0,0,Unspecified,4464638,19.9,15.0,0.0,0.0,0.0,0.0,3,14.5,28.1,46,Overcast,0,0,
30765,2022-04-02 00:28:00,40.67019,-73.93935,0,0,Driver Inexperience,4515820,11.1,1.4,0.0,0.0,0.0,0.0,3,26.3,47.9,286,Overcast,0,0,
30766,2021-10-05 21:30:00,40.67165,-73.76382,0,0,Unsafe Speed,4464586,19.9,15.0,0.0,0.0,0.0,0.0,3,14.5,28.1,46,Overcast,0,0,
30767,2021-10-05 07:20:00,40.620125,-73.94081,0,0,Passing or Lane Usage Improper,4464355,19.9,15.0,0.0,0.0,0.0,0.0,3,14.5,28.1,46,Overcast,0,0,
30768,2021-10-05 10:42:00,40.74668,-73.9745,1,0,Driver Inattention/Distraction,4464410,19.9,15.0,0.0,0.0,0.0,0.0,3,14.5,28.1,46,Overcast,1,1,
30769,2021-10-05 18:42:00,40.64512,-74.091225,0,0,Unspecified,4464698,19.9,15.0,0.0,0.0,0.0,0.0,3,14.5,28.1,46,Overcast,0,0,
30770,2021-10-05 21:29:00,40.71843,-74.000534,0,0,Failure to Yield Right-of-Way,4464680,19.9,15.0,0.0,0.0,0.0,0.0,3,14.5,28.1,46,Overcast,0,0,
30771,2021-10-05 09:15:00,40.707966,-74.013596,0,0,Unspecified,4464337,19.9,15.0,0.0,0.0,0.0,0.0,3,14.5,28.1,46,Overcast,0,0,
30772,2021-09-28 19:00:00,40.671032,-73.93927,0,0,Driver Inexperience,4465033,22.1,16.3,12.4,12.4,0.0,9.0,63,19.2,38.5,264,Rain: Moderate,0,0,
30773,2021-10-05 10:30:00,40.750134,-73.80751,0,0,Unspecified,4464815,19.9,15.0,0.0,0.0,0.0,0.0,3,14.5,28.1,46,Overcast,0,0,
30774,2021-10-05 11:35:00,40.726868,-73.988914,0,0,Unspecified,4464519,19.9,15.0,0.0,0.0,0.0,0.0,3,14.5,28.1,46,Overcast,0,0,
30775,2021-10-02 08:50:00,40.82325,-73.88277,0,0,Following Too Closely,4464924,23.7,10.8,0.0,0.0,0.0,0.0,3,17.0,34.2,254,Overcast,0,0,
30776,2021-10-05 05:35:00,40.665558,-73.72985,0,0,Unspecified,4464272,19.9,15.0,0.0,0.0,0.0,0.0,3,14.5,28.1,46,Overcast,0,0,
30777,2021-10-05 20:40:00,40.8451,-73.91878,0,0,Unsafe Lane Changing,4464550,19.9,15.0,0.0,0.0,0.0,0.0,3,14.5,28.1,46,Overcast,0,0,
30778,2021-10-05 16:58:00,40.815,-73.89402,2,0,View Obstructed/Limited,4464567,19.9,15.0,0.0,0.0,0.0,0.0,3,14.5,28.1,46,Overcast,2,2,
30779,2021-09-29 20:25:00,40.666348,-73.76093,0,0,Driver Inattention/Distraction,4465020,19.9,11.3,0.0,0.0,0.0,0.0,3,20.6,41.8,331,Overcast,0,0,
30780,2021-10-05 09:23:00,40.857414,-73.84662,1,0,Driver Inattention/Distraction,4464722,19.9,15.0,0.0,0.0,0.0,0.0,3,14.5,28.1,46,Overcast,1,1,
30781,2021-10-05 16:00:00,40.70215,-73.82033,0,0,Turning Improperly,4464498,19.9,15.0,0.0,0.0,0.0,0.0,3,14.5,28.1,46,Overcast,0,0,
30782,2021-09-24 13:45:00,40.676598,-73.93039,1,0,Pedestrian/Bicyclist/Other Pedestrian Error/Confusion,4465070,22.4,15.6,26.0,26.0,0.0,9.0,63,14.2,29.9,274,Rain: Moderate,1,1,
30783,2021-10-05 17:25:00,40.82099,-73.89589,0,0,Traffic Control Disregarded,4464561,19.9,15.0,0.0,0.0,0.0,0.0,3,14.5,28.1,46,Overcast,0,0,
30784,2021-10-05 13:00:00,40.839996,-73.86832,0,0,Unspecified,4464406,19.9,15.0,0.0,0.0,0.0,0.0,3,14.5,28.1,46,Overcast,0,0,
30785,2021-10-05 08:00:00,40.708927,-73.77733,0,0,Driver Inattention/Distraction,4464331,19.9,15.0,0.0,0.0,0.0,0.0,3,14.5,28.1,46,Overcast,0,0,
30786,2021-10-05 17:30:00,40.755356,-73.977425,1,0,Failure to Yield Right-of-Way,4464624,19.9,15.0,0.0,0.0,0.0,0.0,3,14.5,28.1,46,Overcast,1,1,
30787,2021-10-05 19:00:00,40.76052,-73.87379,1,0,Driver Inattention/Distraction,4464748,19.9,15.0,0.0,0.0,0.0,0.0,3,14.5,28.1,46,Overcast,1,1,
30788,2021-10-05 17:14:00,40.879055,-73.851875,0,0,Passing or Lane Usage Improper,4464448,19.9,15.0,0.0,0.0,0.0,0.0,3,14.5,28.1,46,Overcast,0,0,
30789,2021-10-05 14:50:00,40.83419,-73.84525,0,0,Following Too Closely,4464435,19.9,15.0,0.0,0.0,0.0,0.0,3,14.5,28.1,46,Overcast,0,0,
30790,2021-10-05 19:30:00,40.70245,-73.89837,0,0,Following Too Closely,4464668,19.9,15.0,0.0,0.0,0.0,0.0,3,14.5,28.1,46,Overcast,0,0,
30791,2021-10-05 22:45:00,40.68011,-73.89599,3,0,Driver Inattention/Distraction,4465046,19.9,15.0,0.0,0.0,0.0,0.0,3,14.5,28.1,46,Overcast,3,3,
30792,2021-10-05 13:35:00,40.7088,-73.789474,0,0,Driver Inexperience,4464489,19.9,15.0,0.0,0.0,0.0,0.0,3,14.5,28.1,46,Overcast,0,0,
30793,2021-10-04 15:50:00,40.708668,-73.80393,0,0,Failure to Yield Right-of-Way,4464980,20.6,16.4,21.8,21.8,0.0,17.0,63,20.8,42.8,61,Rain: Moderate,0,0,
30794,2021-07-23 01:53:00,40.707653,-73.921776,0,0,Unspecified,4464890,26.2,17.3,0.0,0.0,0.0,0.0,1,11.3,27.0,340,Mainly clear,0,0,Sunny/Clear Conditions
30795,2021-10-05 12:30:00,40.747066,-73.8569,1,0,Failure to Yield Right-of-Way,4464540,19.9,15.0,0.0,0.0,0.0,0.0,3,14.5,28.1,46,Overcast,1,1,
30796,2021-10-05 11:15:00,40.65166,-73.92841,1,0,Driver Inattention/Distraction,4464477,19.9,15.0,0.0,0.0,0.0,0.0,3,14.5,28.1,46,Overcast,1,1,
30797,2021-10-05 16:11:00,40.742252,-73.97769,1,0,Unspecified,4464832,19.9,15.0,0.0,0.0,0.0,0.0,3,14.5,28.1,46,Overcast,1,1,
30798,2021-10-05 15:28:00,40.854015,-73.843506,1,0,Unspecified,4464880,19.9,15.0,0.0,0.0,0.0,0.0,3,14.5,28.1,46,Overcast,1,1,
30799,2021-10-04 11:15:00,40.70915,-73.93955,0,0,Driver Inattention/Distraction,4464899,20.6,16.4,21.8,21.8,0.0,17.0,63,20.8,42.8,61,Rain: Moderate,0,0,
30800,2021-10-05 16:40:00,40.598976,-73.97602,1,0,,4464506,19.9,15.0,0.0,0.0,0.0,0.0,3,14.5,28.1,46,Overcast,1,1,
30801,2021-12-10 18:00:00,40.66278,-73.88086,2,0,Other Vehicular,4486004,8.5,1.6,0.0,0.0,0.0,0.0,3,9.8,20.5,183,Overcast,2,2,
30802,2022-04-02 00:00:00,40.873806,-73.86929,0,0,Unsafe Speed,4516203,11.1,1.4,0.0,0.0,0.0,0.0,3,26.3,47.9,286,Overcast,0,0,
30803,2022-03-30 23:24:00,40.70041,-73.90368,1,0,Passing or Lane Usage Improper,4516170,5.9,-3.5,0.0,0.0,0.0,0.0,3,17.0,30.6,215,Overcast,1,1,
30804,2022-04-02 01:25:00,40.708763,-73.99929,0,0,Driver Inattention/Distraction,4515440,11.1,1.4,0.0,0.0,0.0,0.0,3,26.3,47.9,286,Overcast,0,0,
30805,2022-04-02 00:53:00,40.724606,-73.8789,1,0,Turning Improperly,4515775,11.1,1.4,0.0,0.0,0.0,0.0,3,26.3,47.9,286,Overcast,1,1,
30806,2022-04-01 06:39:00,40.797676,-73.93729,0,0,Unspecified,4516030,15.2,5.3,1.4,1.4,0.0,8.0,51,33.1,61.9,277,Drizzle: Light,0,0,
30807,2022-04-02 22:39:00,40.795326,-73.9713,0,0,Driver Inattention/Distraction,4515892,11.1,1.4,0.0,0.0,0.0,0.0,3,26.3,47.9,286,Overcast,0,0,
30808,2022-04-01 18:05:00,40.830822,-73.88211,0,0,Traffic Control Disregarded,4516141,15.2,5.3,1.4,1.4,0.0,8.0,51,33.1,61.9,277,Drizzle: Light,0,0,
30809,2022-03-27 14:00:00,40.83823,-73.91866,0,0,Alcohol Involvement,4516283,7.5,-1.1,0.3,0.3,0.07,3.0,71,26.4,47.5,288,Snow fall: Light,0,0,Snowy Conditions
30810,2022-04-02 02:00:00,40.75198,-73.882835,2,0,Driver Inattention/Distraction,4515481,11.1,1.4,0.0,0.0,0.0,0.0,3,26.3,47.9,286,Overcast,2,2,
30811,2022-04-02 16:04:00,40.711903,-73.94902,1,0,Driver Inattention/Distraction,4515905,11.1,1.4,0.0,0.0,0.0,0.0,3,26.3,47.9,286,Overcast,1,1,
30812,2022-03-30 18:44:00,40.821804,-73.87664,0,0,Passing or Lane Usage Improper,4516194,5.9,-3.5,0.0,0.0,0.0,0.0,3,17.0,30.6,215,Overcast,0,0,
30813,2022-03-29 07:20:00,40.732555,-73.92509,0,0,Driver Inattention/Distraction,4516270,3.3,-5.2,0.0,0.0,0.0,0.0,2,29.3,54.4,311,Partly cloudy,0,0,
30814,2022-04-02 22:20:00,40.678738,-73.89887,3,0,Unspecified,4516097,11.1,1.4,0.0,0.0,0.0,0.0,3,26.3,47.9,286,Overcast,3,3,
30815,2022-04-02 11:50:00,40.706917,-73.93972,0,0,Driver Inattention/Distraction,4515495,11.1,1.4,0.0,0.0,0.0,0.0,3,26.3,47.9,286,Overcast,0,0,