,CRASH DATETIME,LATITUDE,LONGITUDE,NUMBER OF PERSONS INJURED,NUMBER OF PERSONS KILLED,CONTRIBUTING FACTOR VEHICLE 1,COLLISION_ID,temperature_2m_max,temperature_2m_min,precipitation_sum,rain_sum,snowfall_sum,precipitation_hours,weather_code,wind_speed_10m_max,wind_gusts_10m_max,wind_direction_10m_dominant,Weather Description,Severity_Score,Total_Affected_Persons,Weather_Category
30816,2022-04-02 09:50:00,40.73662,-73.89417,0,0,Unspecified,4515666,11.1,1.4,0.0,0.0,0.0,0.0,3,26.3,47.9,286,Overcast,0,0,
30817,2022-04-02 10:44:00,40.823257,-73.94293,1,0,Failure to Yield Right-of-Way,4515979,11.1,1.4,0.0,0.0,0.0,0.0,3,26.3,47.9,286,Overcast,1,1,
30818,2022-04-01 05:49:00,40.60555,-73.75629,0,0,Unspecified,4516007,15.2,5.3,1.4,1.4,0.0,8.0,51,33.1,61.9,277,Drizzle: Light,0,0,
30819,2022-04-02 16:44:00,40.72142,-73.99904,0,0,Driver Inattention/Distraction,4516035,11.1,1.4,0.0,0.0,0.0,0.0,3,26.3,47.9,286,Overcast,0,0,
30820,2022-04-02 09:45:00,40.889057,-73.829346,1,0,Illnes,4516048,11.1,1.4,0.0,0.0,0.0,0.0,3,26.3,47.9,286,Overcast,1,1,
30821,2022-04-02 15:38:00,40.762226,-73.81532,1,0,Backing Unsafely,4515602,11.1,1.4,0.0,0.0,0.0,0.0,3,26.3,47.9,286,Overcast,1,1,
30822,2022-04-02 18:15:00,40.691753,-73.966576,0,0,Traffic Control Disregarded,4515529,11.1,1.4,0.0,0.0,0.0,0.0,3,26.3,47.9,286,Overcast,0,0,
30823,2022-04-02 13:20:00,40.83354,-73.89631,1,0,Unspecified,4515559,11.1,1.4,0.0,0.0,0.0,0.0,3,26.3,47.9,286,Overcast,1,1,
30824,2022-04-02 04:10:00,40.69346,-73.9782,0,0,Passing or Lane Usage Improper,4515530,11.1,1.4,0.0,0.0,0.0,0.0,3,26.3,47.9,286,Overcast,0,0,
30825,2022-04-02 18:04:00,40.713043,-73.82334,0,0,Driverless/Runaway Vehicle,4516253,11.1,1.4,0.0,0.0,0.0,0.0,3,26.3,47.9,286,Overcast,0,0,
30826,2022-04-02 19:35:00,40.636448,-73.94513,0,0,Unspecified,4515651,11.1,1.4,0.0,0.0,0.0,0.0,3,26.3,47.9,286,Overcast,0,0,
30827,2022-04-02 14:00:00,40.7568,-73.873665,0,0,Unspecified,4515509,11.1,1.4,0.0,0.0,0.0,0.0,3,26.3,47.9,286,Overcast,0,0,
30828,2022-04-02 23:30:00,40.690247,-73.82497,0,0,Unspecified,4515879,11.1,1.4,0.0,0.0,0.0,0.0,3,26.3,47.9,286,Overcast,0,0,
30829,2022-04-02 03:00:00,40.714455,-73.93502,0,0,Driver Inattention/Distraction,4515912,11.1,1.4,0.0,0.0,0.0,0.0,3,26.3,47.9,286,Overcast,0,0,
30830,2022-03-31 04:55:00,40.654793,-73.88999,1,0,Failure to Yield Right-of-Way,4516082,19.0,3.5,12.0,12.0,0.0,4.0,65,37.8,67.3,194,Rain: Heavy,1,1,
30831,2022-03-25 21:55:00,40.72306,-73.99302,0,0,Driver Inattention/Distraction,4516011,15.6,5.3,5.7,5.7,0.0,4.0,63,27.6,52.2,274,Rain: Moderate,0,0,
30832,2022-04-02 18:20:00,40.660595,-73.995224,0,0,Passing Too Closely,4515524,11.1,1.4,0.0,0.0,0.0,0.0,3,26.3,47.9,286,Overcast,0,0,
30833,2022-04-02 11:30:00,40.66366,-73.90146,0,0,Unspecified,4515621,11.1,1.4,0.0,0.0,0.0,0.0,3,26.3,47.9,286,Overcast,0,0,
30834,2022-04-02 19:00:00,40.746864,-73.87717,0,0,Unsafe Speed,4515788,11.1,1.4,0.0,0.0,0.0,0.0,3,26.3,47.9,286,Overcast,0,0,
30835,2022-03-31 07:40:00,40.605335,-73.75528,0,0,Passing or Lane Usage Improper,4516005,19.0,3.5,12.0,12.0,0.0,4.0,65,37.8,67.3,194,Rain: Heavy,0,0,
30836,2022-03-31 19:00:00,40.889027,-73.86316,0,0,Passing Too Closely,4516158,19.0,3.5,12.0,12.0,0.0,4.0,65,37.8,67.3,194,Rain: Heavy,0,0,
30837,2022-04-02 13:35:00,40.605877,-73.98598,0,0,Unspecified,4515667,11.1,1.4,0.0,0.0,0.0,0.0,3,26.3,47.9,286,Overcast,0,0,
30838,2022-04-02 19:42:00,40.66475,-73.89405,1,0,Driver Inattention/Distraction,4515742,11.1,1.4,0.0,0.0,0.0,0.0,3,26.3,47.9,286,Overcast,1,1,
30839,2022-04-02 16:00:00,40.88379,-73.911606,0,0,Unsafe Speed,4516258,11.1,1.4,0.0,0.0,0.0,0.0,3,26.3,47.9,286,Overcast,0,0,
30840,2022-04-02 14:35:00,40.665848,-73.74822,0,0,Unsafe Lane Changing,4515541,11.1,1.4,0.0,0.0,0.0,0.0,3,26.3,47.9,286,Overcast,0,0,
30841,2022-04-02 03:10:00,40.884064,-73.8513,0,0,Passing or Lane Usage Improper,4516139,11.1,1.4,0.0,0.0,0.0,0.0,3,26.3,47.9,286,Overcast,0,0,
30842,2022-04-01 10:30:00,40.71632,-73.99631,0,0,Unspecified,4516020,15.2,5.3,1.4,1.4,0.0,8.0,51,33.1,61.9,277,Drizzle: Light,0,0,
30843,2022-04-02 02:42:00,40.797943,-73.94003,4,0,Traffic Control Disregarded,4516041,11.1,1.4,0.0,0.0,0.0,0.0,3,26.3,47.9,286,Overcast,4,4,
30844,2022-03-30 19:32:00,40.689857,-73.99842,0,0,Following Too Closely,4516128,5.9,-3.5,0.0,0.0,0.0,0.0,3,17.0,30.6,215,Overcast,0,0,
30845,2022-04-02 15:44:00,40.80834,-73.92775,1,0,Unspecified,4516235,11.1,1.4,0.0,0.0,0.0,0.0,3,26.3,47.9,286,Overcast,1,1,
30846,2022-04-02 19:36:00,40.82451,-73.95186,0,0,Traffic Control Disregarded,4515834,11.1,1.4,0.0,0.0,0.0,0.0,3,26.3,47.9,286,Overcast,0,0,
30847,2022-04-01 18:30:00,40.655632,-73.95987,0,0,Passing or Lane Usage Improper,4516179,15.2,5.3,1.4,1.4,0.0,8.0,51,33.1,61.9,277,Drizzle: Light,0,0,
30848,2022-04-02 22:01:00,40.75887,-73.82064,1,0,Passing or Lane Usage Improper,4515763,11.1,1.4,0.0,0.0,0.0,0.0,3,26.3,47.9,286,Overcast,1,1,
30849,2022-03-30 14:09:00,40.59514,-73.754,0,0,Unspecified,4516000,5.9,-3.5,0.0,0.0,0.0,0.0,3,17.0,30.6,215,Overcast,0,0,
30850,2022-04-02 03:00:00,40.812595,-73.82705,0,0,Backing Unsafely,4516293,11.1,1.4,0.0,0.0,0.0,0.0,3,26.3,47.9,286,Overcast,0,0,
30851,2022-04-02 20:12:00,40.735325,-73.98987,0,0,Driver Inattention/Distraction,4515678,11.1,1.4,0.0,0.0,0.0,0.0,3,26.3,47.9,286,Overcast,0,0,
30852,2022-04-02 01:45:00,40.826794,-73.881615,0,0,Driver Inattention/Distraction,4516146,11.1,1.4,0.0,0.0,0.0,0.0,3,26.3,47.9,286,Overcast,0,0,
30853,2022-03-29 09:00:00,40.744946,-73.99133,1,0,Passing or Lane Usage Improper,4516056,3.3,-5.2,0.0,0.0,0.0,0.0,2,29.3,54.4,311,Partly cloudy,1,1,
30854,2022-04-24 17:01:00,40.62135,-73.91747,1,0,Failure to Yield Right-of-Way,4522068,15.8,7.0,0.0,0.0,0.0,0.0,3,21.7,43.2,114,Overcast,1,1,
30855,2022-04-02 23:10:00,40.76221,-73.92298,0,0,Unsafe Lane Changing,4515948,11.1,1.4,0.0,0.0,0.0,0.0,3,26.3,47.9,286,Overcast,0,0,
30856,2022-04-02 21:50:00,40.75462,-73.99713,0,0,Unspecified,4515778,11.1,1.4,0.0,0.0,0.0,0.0,3,26.3,47.9,286,Overcast,0,0,
30857,2022-04-02 17:50:00,40.68083,-73.827194,2,0,Failure to Yield Right-of-Way,4515949,11.1,1.4,0.0,0.0,0.0,0.0,3,26.3,47.9,286,Overcast,2,2,
30858,2022-04-02 11:52:00,40.714455,-73.935295,0,0,Failure to Yield Right-of-Way,4515897,11.1,1.4,0.0,0.0,0.0,0.0,3,26.3,47.9,286,Overcast,0,0,
30859,2022-04-01 11:15:00,40.659016,-73.95673,1,0,Driver Inattention/Distraction,4516185,15.2,5.3,1.4,1.4,0.0,8.0,51,33.1,61.9,277,Drizzle: Light,1,1,
30860,2022-04-02 01:00:00,40.763245,-73.75806,1,0,Driver Inattention/Distraction,4515451,11.1,1.4,0.0,0.0,0.0,0.0,3,26.3,47.9,286,Overcast,1,1,
30861,2022-03-29 05:35:00,40.553123,-74.177155,1,0,Unsafe Lane Changing,4516263,3.3,-5.2,0.0,0.0,0.0,0.0,2,29.3,54.4,311,Partly cloudy,1,1,
30862,2022-04-02 16:00:00,40.64701,-73.95812,0,0,Passing Too Closely,4515731,11.1,1.4,0.0,0.0,0.0,0.0,3,26.3,47.9,286,Overcast,0,0,
30863,2022-03-28 17:30:00,40.735313,-73.994125,1,0,Driver Inattention/Distraction,4516112,0.0,-5.2,0.3,0.0,0.21,3.0,71,31.3,59.0,303,Snow fall: Light,1,1,Snowy Conditions
30864,2022-04-02 12:15:00,40.666344,-73.95203,1,0,Pedestrian/Bicyclist/Other Pedestrian Error/Confusion,4516169,11.1,1.4,0.0,0.0,0.0,0.0,3,26.3,47.9,286,Overcast,1,1,
30865,2022-04-02 10:55:00,40.51107,-74.24669,0,0,Oversized Vehicle,4515483,11.1,1.4,0.0,0.0,0.0,0.0,3,26.3,47.9,286,Overcast,0,0,
30866,2022-04-02 20:30:00,40.826656,-73.8739,1,0,Alcohol Involvement,4516195,11.1,1.4,0.0,0.0,0.0,0.0,3,26.3,47.9,286,Overcast,1,1,
30867,2022-04-02 08:45:00,40.735214,-73.99172,0,0,Oversized Vehicle,4515677,11.1,1.4,0.0,0.0,0.0,0.0,3,26.3,47.9,286,Overcast,0,0,
30868,2022-04-02 09:00:00,40.70952,-73.95433,0,0,Oversized Vehicle,4515899,11.1,1.4,0.0,0.0,0.0,0.0,3,26.3,47.9,286,Overcast,0,0,
30869,2022-04-02 11:00:00,40.776905,-73.84623,0,0,Unspecified,4515769,11.1,1.4,0.0,0.0,0.0,0.0,3,26.3,47.9,286,Overcast,0,0,
30870,2022-03-30 12:00:00,40.72593,-73.91837,0,0,Turning Improperly,4516092,5.9,-3.5,0.0,0.0,0.0,0.0,3,17.0,30.6,215,Overcast,0,0,
30871,2022-04-02 00:27:00,40.82389,-73.87461,0,0,Unsafe Lane Changing,4516145,11.1,1.4,0.0,0.0,0.0,0.0,3,26.3,47.9,286,Overcast,0,0,
30872,2022-04-02 08:30:00,40.616035,-74.073944,2,0,Brakes Defective,4515821,11.1,1.4,0.0,0.0,0.0,0.0,3,26.3,47.9,286,Overcast,2,2,
30873,2022-04-02 16:39:00,40.733097,-73.804985,0,0,Driver Inexperience,4516257,11.1,1.4,0.0,0.0,0.0,0.0,3,26.3,47.9,286,Overcast,0,0,
30874,2022-04-02 17:16:00,40.544487,-74.176506,1,0,Failure to Yield Right-of-Way,4515537,11.1,1.4,0.0,0.0,0.0,0.0,3,26.3,47.9,286,Overcast,1,1,
30875,2022-04-02 12:29:00,40.755516,-73.98363,1,0,Other Vehicular,4515569,11.1,1.4,0.0,0.0,0.0,0.0,3,26.3,47.9,286,Overcast,1,1,
30876,2022-03-28 18:10:00,40.71771,-73.99952,0,0,Driver Inattention/Distraction,4516016,0.0,-5.2,0.3,0.0,0.21,3.0,71,31.3,59.0,303,Snow fall: Light,0,0,Snowy Conditions
30877,2022-04-02 08:49:00,40.70183,-73.91933,0,0,Driver Inattention/Distraction,4515717,11.1,1.4,0.0,0.0,0.0,0.0,3,26.3,47.9,286,Overcast,0,0,
30878,2022-03-27 03:30:00,40.72911,-74.01068,0,0,Fell Asleep,4516069,7.5,-1.1,0.3,0.3,0.07,3.0,71,26.4,47.5,288,Snow fall: Light,0,0,Snowy Conditions
30879,2020-04-04 15:00:00,40.790295,-73.9694,0,0,Driver Inattention/Distraction,4516281,14.7,6.9,0.6,0.6,0.0,4.0,51,18.9,38.9,23,Drizzle: Light,0,0,
30880,2021-12-14 12:30:00,40.66098,-73.76391,1,0,Aggressive Driving/Road Rage,4487252,10.4,3.1,0.0,0.0,0.0,0.0,3,18.5,31.3,322,Overcast,1,1,
30881,2022-04-02 16:00:00,40.66551,-73.992775,0,0,Unspecified,4515525,11.1,1.4,0.0,0.0,0.0,0.0,3,26.3,47.9,286,Overcast,0,0,
30882,2022-04-02 05:15:00,40.706722,-73.806244,0,0,Unsafe Speed,4515964,11.1,1.4,0.0,0.0,0.0,0.0,3,26.3,47.9,286,Overcast,0,0,
30883,2022-03-29 18:00:00,40.68389,-73.93823,0,0,Driver Inattention/Distraction,4516022,3.3,-5.2,0.0,0.0,0.0,0.0,2,29.3,54.4,311,Partly cloudy,0,0,
30884,2022-04-02 23:25:00,40.756985,-73.987144,0,0,Passing Too Closely,4515545,11.1,1.4,0.0,0.0,0.0,0.0,3,26.3,47.9,286,Overcast,0,0,
30885,2022-03-28 16:55:00,40.64712,-74.01517,1,0,Unspecified,4516162,0.0,-5.2,0.3,0.0,0.21,3.0,71,31.3,59.0,303,Snow fall: Light,1,1,Snowy Conditions
30886,2022-07-02 11:29:00,40.817596,-73.95319,1,0,Turning Improperly,4543014,30.8,23.1,4.0,4.0,0.0,5.0,61,19.4,40.0,229,Rain: Light,1,1,
30887,2022-04-02 08:48:00,40.86315,-73.90907,1,0,,4516083,11.1,1.4,0.0,0.0,0.0,0.0,3,26.3,47.9,286,Overcast,1,1,
30888,2022-04-02 23:49:00,40.836403,-73.875595,0,0,Driver Inattention/Distraction,4515696,11.1,1.4,0.0,0.0,0.0,0.0,3,26.3,47.9,286,Overcast,0,0,
30889,2022-04-02 17:44:00,40.5758,-74.12734,0,0,Unspecified,4515809,11.1,1.4,0.0,0.0,0.0,0.0,3,26.3,47.9,286,Overcast,0,0,
30890,2022-04-02 06:35:00,40.828693,-73.87774,1,0,Alcohol Involvement,4516149,11.1,1.4,0.0,0.0,0.0,0.0,3,26.3,47.9,286,Overcast,1,1,
30891,2022-04-01 23:30:00,40.724136,-73.992615,0,0,Driver Inattention/Distraction,4516010,15.2,5.3,1.4,1.4,0.0,8.0,51,33.1,61.9,277,Drizzle: Light,0,0,
30892,2022-04-02 10:30:00,40.678722,-73.952995,2,0,Other Vehicular,4515494,11.1,1.4,0.0,0.0,0.0,0.0,3,26.3,47.9,286,Overcast,2,2,
30893,2022-03-31 22:30:00,40.809494,-73.935814,0,0,Unsafe Speed,4516029,19.0,3.5,12.0,12.0,0.0,4.0,65,37.8,67.3,194,Rain: Heavy,0,0,
30894,2022-04-02 18:05:00,40.877033,-73.846375,1,0,Traffic Control Disregarded,4515971,11.1,1.4,0.0,0.0,0.0,0.0,3,26.3,47.9,286,Overcast,1,1,
30895,2022-04-02 19:22:00,40.716034,-73.80416,3,0,Driver Inattention/Distraction,4516249,11.1,1.4,0.0,0.0,0.0,0.0,3,26.3,47.9,286,Overcast,3,3,
30896,2022-04-02 12:29:00,40.71052,-73.95821,0,0,Driver Inattention/Distraction,4515910,11.1,1.4,0.0,0.0,0.0,0.0,3,26.3,47.9,286,Overcast,0,0,
30897,2022-04-02 08:41:00,40.826656,-73.8739,1,0,Unsafe Lane Changing,4516150,11.1,1.4,0.0,0.0,0.0,0.0,3,26.3,47.9,286,Overcast,1,1,
30898,2022-04-02 17:42:00,40.68064,-73.95338,1,0,Driver Inattention/Distraction,4515740,11.1,1.4,0.0,0.0,0.0,0.0,3,26.3,47.9,286,Overcast,1,1,
30899,2022-04-01 20:50:00,40.816044,-73.91195,0,0,Unspecified,4516071,15.2,5.3,1.4,1.4,0.0,8.0,51,33.1,61.9,277,Drizzle: Light,0,0,
30900,2022-04-01 10:40:00,40.8205,-73.891075,0,0,Turning Improperly,4516129,15.2,5.3,1.4,1.4,0.0,8.0,51,33.1,61.9,277,Drizzle: Light,0,0,
30901,2022-04-02 12:37:00,40.69538,-73.985115,0,0,Driver Inattention/Distraction,4515805,11.1,1.4,0.0,0.0,0.0,0.0,3,26.3,47.9,286,Overcast,0,0,
30902,2022-04-02 13:40:00,40.754776,-73.892815,1,0,Driver Inexperience,4515508,11.1,1.4,0.0,0.0,0.0,0.0,3,26.3,47.9,286,Overcast,1,1,
30903,2021-12-20 18:56:00,40.779476,-73.97358,0,0,Passing or Lane Usage Improper,4491331,1.8,-4.4,0.0,0.0,0.0,0.0,2,17.9,32.8,282,Partly cloudy,0,0,
30904,2021-12-28 15:00:00,40.617626,-73.92869,0,0,Passing Too Closely,4491312,8.5,2.2,0.0,0.0,0.0,0.0,3,12.5,22.0,271,Overcast,0,0,
30905,2021-12-31 12:10:00,40.615578,-73.994995,1,0,Driver Inattention/Distraction,4490986,11.1,7.1,2.7,2.7,0.0,5.0,55,14.9,29.2,193,Drizzle: Dense,1,1,
30906,2021-12-29 13:06:00,40.730274,-73.88722,0,0,Backing Unsafely,4490711,7.6,4.1,8.1,8.1,0.0,8.0,61,12.2,24.1,52,Rain: Light,0,0,
30907,2021-12-30 19:00:00,40.71094,-73.77885,0,0,Driver Inattention/Distraction,4491632,8.3,5.0,1.8,1.8,0.0,7.0,53,9.9,17.6,22,Drizzle: Moderate,0,0,
30908,2021-12-30 11:00:00,40.789497,-73.78225,1,0,Brakes Defective,4490638,8.3,5.0,1.8,1.8,0.0,7.0,53,9.9,17.6,22,Drizzle: Moderate,1,1,
30909,2021-12-30 06:00:00,40.757393,-73.93547,0,0,Driver Inattention/Distraction,4491113,8.3,5.0,1.8,1.8,0.0,7.0,53,9.9,17.6,22,Drizzle: Moderate,0,0,
30910,2021-12-30 14:35:00,40.636456,-74.000534,0,0,Unspecified,4490968,8.3,5.0,1.8,1.8,0.0,7.0,53,9.9,17.6,22,Drizzle: Moderate,0,0,
30911,2021-12-30 18:35:00,40.840927,-73.912704,1,0,Driver Inattention/Distraction,4490954,8.3,5.0,1.8,1.8,0.0,7.0,53,9.9,17.6,22,Drizzle: Moderate,1,1,
30912,2021-12-28 21:26:00,40.65753,-73.89797,0,0,Unspecified,4491308,8.5,2.2,0.0,0.0,0.0,0.0,3,12.5,22.0,271,Overcast,0,0,
30913,2021-12-30 18:02:00,40.832897,-73.862274,1,0,Unspecified,4490870,8.3,5.0,1.8,1.8,0.0,7.0,53,9.9,17.6,22,Drizzle: Moderate,1,1,
30914,2021-12-31 11:08:00,40.896694,-73.853516,1,0,Driver Inattention/Distraction,4491165,11.1,7.1,2.7,2.7,0.0,5.0,55,14.9,29.2,193,Drizzle: Dense,1,1,
30915,2021-12-31 12:50:00,40.884033,-73.89797,1,0,Other Vehicular,4491102,11.1,7.1,2.7,2.7,0.0,5.0,55,14.9,29.2,193,Drizzle: Dense,1,1,
30916,2021-12-31 00:11:00,40.8617,-73.89139,0,0,Driver Inattention/Distraction,4490855,11.1,7.1,2.7,2.7,0.0,5.0,55,14.9,29.2,193,Drizzle: Dense,0,0,
30917,2021-12-29 00:05:00,40.622204,-73.94405,1,0,Unsafe Speed,4490346,7.6,4.1,8.1,8.1,0.0,8.0,61,12.2,24.1,52,Rain: Light,1,1,
30918,2021-12-20 09:30:00,40.78545,-73.946236,0,0,Unspecified,4491226,1.8,-4.4,0.0,0.0,0.0,0.0,2,17.9,32.8,282,Partly cloudy,0,0,
30919,2021-12-24 16:40:00,40.652626,-74.00617,1,0,Backing Unsafely,4491391,5.7,-1.1,1.0,0.0,0.7,5.0,73,12.4,21.6,73,Snow fall: Moderate,1,1,Snowy Conditions
30920,2021-12-30 05:00:00,40.75585,-73.88259,0,0,Backing Unsafely,4490619,8.3,5.0,1.8,1.8,0.0,7.0,53,9.9,17.6,22,Drizzle: Moderate,0,0,
30921,2021-12-30 11:10:00,40.77652,-73.915924,2,0,Failure to Yield Right-of-Way,4491115,8.3,5.0,1.8,1.8,0.0,7.0,53,9.9,17.6,22,Drizzle: Moderate,2,2,
30922,2021-12-24 10:00:00,40.82269,-73.94947,1,0,View Obstructed/Limited,4490973,5.7,-1.1,1.0,0.0,0.7,5.0,73,12.4,21.6,73,Snow fall: Moderate,1,1,Snowy Conditions
30923,2021-12-31 16:10:00,40.75899,-73.83454,1,0,Failure to Yield Right-of-Way,4491029,11.1,7.1,2.7,2.7,0.0,5.0,55,14.9,29.2,193,Drizzle: Dense,1,1,
30924,2021-12-29 18:37:00,40.878853,-73.87349,0,0,Backing Unsafely,4490749,7.6,4.1,8.1,8.1,0.0,8.0,61,12.2,24.1,52,Rain: Light,0,0,
30925,2021-12-29 15:30:00,40.758152,-73.9724,0,0,Unspecified,4490674,7.6,4.1,8.1,8.1,0.0,8.0,61,12.2,24.1,52,Rain: Light,0,0,
30926,2021-12-29 08:55:00,40.711777,-73.99971,0,0,Fell Asleep,4491429,7.6,4.1,8.1,8.1,0.0,8.0,61,12.2,24.1,52,Rain: Light,0,0,
30927,2021-12-23 17:01:00,40.610146,-74.099884,1,0,Illnes,4491543,2.1,-2.3,0.0,0.0,0.0,0.0,3,20.1,35.6,299,Overcast,1,1,
30928,2021-12-31 05:35:00,40.77279,-73.837135,0,0,Turning Improperly,4490815,11.1,7.1,2.7,2.7,0.0,5.0,55,14.9,29.2,193,Drizzle: Dense,0,0,
30929,2021-12-25 13:00:00,40.911236,-73.90009,3,0,Unspecified,4490897,8.8,0.5,6.1,6.1,0.0,14.0,55,14.5,24.8,284,Drizzle: Dense,3,3,
30930,2021-12-29 13:34:00,40.682823,-73.976585,0,0,Passing or Lane Usage Improper,4491594,7.6,4.1,8.1,8.1,0.0,8.0,61,12.2,24.1,52,Rain: Light,0,0,
30931,2021-12-29 05:15:00,40.710735,-73.961815,0,0,Unsafe Speed,4490400,7.6,4.1,8.1,8.1,0.0,8.0,61,12.2,24.1,52,Rain: Light,0,0,
30932,2021-12-30 00:00:00,40.836708,-73.87527,0,0,Following Too Closely,4491074,8.3,5.0,1.8,1.8,0.0,7.0,53,9.9,17.6,22,Drizzle: Moderate,0,0,
30933,2021-12-30 01:06:00,40.629013,-74.011635,0,0,Drugs (illegal),4490680,8.3,5.0,1.8,1.8,0.0,7.0,53,9.9,17.6,22,Drizzle: Moderate,0,0,
30934,2021-12-30 15:45:00,40.660847,-73.8403,1,0,Driver Inattention/Distraction,4490868,8.3,5.0,1.8,1.8,0.0,7.0,53,9.9,17.6,22,Drizzle: Moderate,1,1,
30935,2021-12-31 13:38:00,40.585747,-73.948845,0,0,Unspecified,4491000,11.1,7.1,2.7,2.7,0.0,5.0,55,14.9,29.2,193,Drizzle: Dense,0,0,
30936,2021-12-30 23:38:00,40.572784,-73.99597,0,0,Unspecified,4491354,8.3,5.0,1.8,1.8,0.0,7.0,53,9.9,17.6,22,Drizzle: Moderate,0,0,
30937,2021-12-31 04:26:00,40.647655,-73.930954,0,0,Unsafe Speed,4491154,11.1,7.1,2.7,2.7,0.0,5.0,55,14.9,29.2,193,Drizzle: Dense,0,0,
30938,2021-12-28 13:46:00,40.58774,-73.809875,0,0,Driver Inattention/Distraction,4491290,8.5,2.2,0.0,0.0,0.0,0.0,3,12.5,22.0,271,Overcast,0,0,
30939,2021-12-23 21:43:00,40.685764,-73.9415,0,0,Failure to Yield Right-of-Way,4490890,2.1,-2.3,0.0,0.0,0.0,0.0,3,20.1,35.6,299,Overcast,0,0,
30940,2021-12-31 12:00:00,40.676014,-73.97947,0,0,Driver Inattention/Distraction,4491423,11.1,7.1,2.7,2.7,0.0,5.0,55,14.9,29.2,193,Drizzle: Dense,0,0,
30941,2021-12-29 03:49:00,40.672062,-73.925255,2,0,Driver Inattention/Distraction,4490793,7.6,4.1,8.1,8.1,0.0,8.0,61,12.2,24.1,52,Rain: Light,2,2,
30942,2021-12-21 08:20:00,40.672344,-73.892746,2,0,Unsafe Speed,4491271,5.7,-2.4,0.0,0.0,0.0,0.0,3,13.6,24.5,228,Overcast,2,2,
30943,2021-12-29 12:29:00,40.766064,-73.93089,0,0,Backing Unsafely,4490459,7.6,4.1,8.1,8.1,0.0,8.0,61,12.2,24.1,52,Rain: Light,0,0,
30944,2021-12-31 17:49:00,40.667915,-73.77523,0,0,Failure to Yield Right-of-Way,4491006,11.1,7.1,2.7,2.7,0.0,5.0,55,14.9,29.2,193,Drizzle: Dense,0,0,
30945,2021-12-31 17:57:00,40.736073,-73.77356,1,0,Driver Inattention/Distraction,4491005,11.1,7.1,2.7,2.7,0.0,5.0,55,14.9,29.2,193,Drizzle: Dense,1,1,
30946,2021-12-30 04:35:00,40.670403,-73.85629,1,0,Reaction to Uninvolved Vehicle,4490554,8.3,5.0,1.8,1.8,0.0,7.0,53,9.9,17.6,22,Drizzle: Moderate,1,1,
30947,2021-12-31 21:10:00,40.64757,-73.89856,0,0,View Obstructed/Limited,4491214,11.1,7.1,2.7,2.7,0.0,5.0,55,14.9,29.2,193,Drizzle: Dense,0,0,
30948,2021-12-30 11:30:00,40.654953,-74.00703,1,0,Driver Inattention/Distraction,4490716,8.3,5.0,1.8,1.8,0.0,7.0,53,9.9,17.6,22,Drizzle: Moderate,1,1,
30949,2021-12-28 23:10:00,40.800278,-73.95353,0,0,Passing or Lane Usage Improper,4491138,8.5,2.2,0.0,0.0,0.0,0.0,3,12.5,22.0,271,Overcast,0,0,
30950,2021-12-31 00:00:00,40.708786,-73.954445,0,0,Aggressive Driving/Road Rage,4491507,11.1,7.1,2.7,2.7,0.0,5.0,55,14.9,29.2,193,Drizzle: Dense,0,0,
30951,2021-12-24 13:00:00,40.570835,-74.16983,1,0,Driver Inattention/Distraction,4491106,5.7,-1.1,1.0,0.0,0.7,5.0,73,12.4,21.6,73,Snow fall: Moderate,1,1,Snowy Conditions
30952,2021-12-28 01:12:00,40.73129,-73.9904,1,0,Failure to Yield Right-of-Way,4491461,8.5,2.2,0.0,0.0,0.0,0.0,3,12.5,22.0,271,Overcast,1,1,
30953,2021-12-26 22:04:00,40.711422,-73.77622,0,0,Unspecified,4491612,8.9,3.4,0.0,0.0,0.0,0.0,3,21.9,38.9,316,Overcast,0,0,
30954,2021-12-31 11:15:00,40.725147,-73.86971,0,0,Driver Inattention/Distraction,4490961,11.1,7.1,2.7,2.7,0.0,5.0,55,14.9,29.2,193,Drizzle: Dense,0,0,
30955,2021-12-25 09:30:00,40.834164,-73.922226,0,0,Unspecified,4491193,8.8,0.5,6.1,6.1,0.0,14.0,55,14.5,24.8,284,Drizzle: Dense,0,0,
30956,2021-12-30 09:30:00,40.765686,-73.82913,0,0,Unspecified,4490728,8.3,5.0,1.8,1.8,0.0,7.0,53,9.9,17.6,22,Drizzle: Moderate,0,0,
30957,2021-12-31 06:31:00,40.76645,-73.9085,0,0,Passenger Distraction,4491401,11.1,7.1,2.7,2.7,0.0,5.0,55,14.9,29.2,193,Drizzle: Dense,0,0,
30958,2021-12-30 13:00:00,40.62072,-74.029205,0,0,Backing Unsafely,4490754,8.3,5.0,1.8,1.8,0.0,7.0,53,9.9,17.6,22,Drizzle: Moderate,0,0,
30959,2021-12-31 13:10:00,40.824215,-73.909195,0,0,Unspecified,4491025,11.1,7.1,2.7,2.7,0.0,5.0,55,14.9,29.2,193,Drizzle: Dense,0,0,
30960,2021-12-30 15:20:00,40.594616,-73.99743,0,0,Brakes Defective,4490769,8.3,5.0,1.8,1.8,0.0,7.0,53,9.9,17.6,22,Drizzle: Moderate,0,0,
30961,2021-12-29 17:13:00,40.664055,-73.9427,0,0,Driver Inattention/Distraction,4490531,7.6,4.1,8.1,8.1,0.0,8.0,61,12.2,24.1,52,Rain: Light,0,0,
30962,2021-12-17 08:45:00,40.677513,-73.95913,1,0,Driver Inattention/Distraction,4491494,13.9,6.1,0.0,0.0,0.0,0.0,3,21.5,37.1,265,Overcast,1,1,
30963,2021-12-25 13:15:00,40.88008,-73.883606,1,0,Pedestrian/Bicyclist/Other Pedestrian Error/Confusion,4491038,8.8,0.5,6.1,6.1,0.0,14.0,55,14.5,24.8,284,Drizzle: Dense,1,1,