,CRASH DATETIME,LATITUDE,LONGITUDE,NUMBER OF PERSONS INJURED,NUMBER OF PERSONS KILLED,CONTRIBUTING FACTOR VEHICLE 1,COLLISION_ID,temperature_2m_max,temperature_2m_min,precipitation_sum,rain_sum,snowfall_sum,precipitation_hours,weather_code,wind_speed_10m_max,wind_gusts_10m_max,wind_direction_10m_dominant,Weather Description,Severity_Score,Total_Affected_Persons,Weather_Category
30964,2021-12-29 19:25:00,0.0,0.0,2,0,Physical Disability,4490501,7.6,4.1,8.1,8.1,0.0,8.0,61,12.2,24.1,52,Rain: Light,2,2,
30965,2021-12-31 08:00:00,40.868282,-73.90108,0,0,Unspecified,4490909,11.1,7.1,2.7,2.7,0.0,5.0,55,14.9,29.2,193,Drizzle: Dense,0,0,
30966,2021-12-29 17:45:00,40.87729,-73.90633,3,0,Passing or Lane Usage Improper,4490922,7.6,4.1,8.1,8.1,0.0,8.0,61,12.2,24.1,52,Rain: Light,3,3,
30967,2021-12-14 00:50:00,40.616035,-74.073944,0,0,Steering Failure,4490941,10.4,3.1,0.0,0.0,0.0,0.0,3,18.5,31.3,322,Overcast,0,0,
30968,2021-12-24 14:00:00,40.652462,-73.87658,1,0,Driver Inattention/Distraction,4491238,5.7,-1.1,1.0,0.0,0.7,5.0,73,12.4,21.6,73,Snow fall: Moderate,1,1,Snowy Conditions
30969,2021-12-31 15:45:00,40.880318,-73.841286,0,0,Unspecified,4491057,11.1,7.1,2.7,2.7,0.0,5.0,55,14.9,29.2,193,Drizzle: Dense,0,0,
30970,2021-12-29 11:20:00,40.776318,-73.962135,1,0,Pavement Slippery,4490523,7.6,4.1,8.1,8.1,0.0,8.0,61,12.2,24.1,52,Rain: Light,1,1,
30971,2021-12-29 19:05:00,40.755745,-73.83076,1,0,Failure to Yield Right-of-Way,4490507,7.6,4.1,8.1,8.1,0.0,8.0,61,12.2,24.1,52,Rain: Light,1,1,
30972,2021-12-28 15:24:00,40.647995,-73.952774,1,0,Unspecified,4491338,8.5,2.2,0.0,0.0,0.0,0.0,3,12.5,22.0,271,Overcast,1,1,
30973,2021-12-30 12:05:00,40.635506,-73.913284,0,0,Turning Improperly,4490878,8.3,5.0,1.8,1.8,0.0,7.0,53,9.9,17.6,22,Drizzle: Moderate,0,0,
30974,2021-12-30 17:40:00,40.56895,-74.12491,0,0,Failure to Yield Right-of-Way,4491010,8.3,5.0,1.8,1.8,0.0,7.0,53,9.9,17.6,22,Drizzle: Moderate,0,0,
30975,2021-12-29 23:40:00,40.723083,-73.72817,0,0,Driver Inattention/Distraction,4490548,7.6,4.1,8.1,8.1,0.0,8.0,61,12.2,24.1,52,Rain: Light,0,0,
30976,2021-12-30 13:00:00,40.682537,-73.95002,4,0,Alcohol Involvement,4491528,8.3,5.0,1.8,1.8,0.0,7.0,53,9.9,17.6,22,Drizzle: Moderate,4,4,
30977,2021-12-29 11:15:00,40.822914,-73.84893,0,0,Accelerator Defective,4490478,7.6,4.1,8.1,8.1,0.0,8.0,61,12.2,24.1,52,Rain: Light,0,0,
30978,2021-12-25 13:20:00,40.66638,-73.86109,1,0,Unspecified,4491243,8.8,0.5,6.1,6.1,0.0,14.0,55,14.5,24.8,284,Drizzle: Dense,1,1,
30979,2021-12-31 11:25:00,40.58774,-73.809875,0,0,Tire Failure/Inadequate,4491514,11.1,7.1,2.7,2.7,0.0,5.0,55,14.9,29.2,193,Drizzle: Dense,0,0,
30980,2021-12-31 12:43:00,40.667847,-73.99404,1,0,Unsafe Lane Changing,4490993,11.1,7.1,2.7,2.7,0.0,5.0,55,14.9,29.2,193,Drizzle: Dense,1,1,
30981,2021-12-31 15:10:00,40.795956,-73.97083,1,0,Driver Inattention/Distraction,4491143,11.1,7.1,2.7,2.7,0.0,5.0,55,14.9,29.2,193,Drizzle: Dense,1,1,
30982,2021-12-30 01:35:00,40.717323,-73.82496,0,0,Alcohol Involvement,4490661,8.3,5.0,1.8,1.8,0.0,7.0,53,9.9,17.6,22,Drizzle: Moderate,0,0,
30983,2021-12-27 17:47:00,40.652767,-73.8863,1,0,Driver Inattention/Distraction,4491260,2.7,-1.4,2.1,0.8,0.91,5.0,73,13.5,23.0,10,Snow fall: Moderate,1,1,Snowy Conditions
30984,2021-12-29 13:45:00,40.670193,-73.88969,0,0,Passing or Lane Usage Improper,4491297,7.6,4.1,8.1,8.1,0.0,8.0,61,12.2,24.1,52,Rain: Light,0,0,
30985,2021-12-31 01:20:00,40.7317,-73.82561,0,0,Driver Inattention/Distraction,4491469,11.1,7.1,2.7,2.7,0.0,5.0,55,14.9,29.2,193,Drizzle: Dense,0,0,
30986,2021-12-30 16:15:00,40.69911,-73.81233,0,0,Driver Inattention/Distraction,4491617,8.3,5.0,1.8,1.8,0.0,7.0,53,9.9,17.6,22,Drizzle: Moderate,0,0,
30987,2021-12-29 06:30:00,40.557568,-74.207,0,0,Pavement Slippery,4490686,7.6,4.1,8.1,8.1,0.0,8.0,61,12.2,24.1,52,Rain: Light,0,0,
30988,2021-09-30 01:30:00,40.821712,-73.90646,0,0,Unspecified,4490965,18.8,13.1,0.0,0.0,0.0,0.0,3,18.1,37.4,330,Overcast,0,0,
30989,2021-12-30 00:05:00,40.589985,-73.95568,1,0,Driver Inexperience,4490978,8.3,5.0,1.8,1.8,0.0,7.0,53,9.9,17.6,22,Drizzle: Moderate,1,1,
30990,2021-12-29 18:30:00,40.73223,-73.77856,1,0,Driver Inattention/Distraction,4490780,7.6,4.1,8.1,8.1,0.0,8.0,61,12.2,24.1,52,Rain: Light,1,1,
30991,2021-12-21 00:00:00,40.89664,-73.88053,2,0,Passing or Lane Usage Improper,4491089,5.7,-2.4,0.0,0.0,0.0,0.0,3,13.6,24.5,228,Overcast,2,2,
30992,2021-12-29 17:14:00,40.693886,-73.999245,1,0,Failure to Yield Right-of-Way,4490733,7.6,4.1,8.1,8.1,0.0,8.0,61,12.2,24.1,52,Rain: Light,1,1,
30993,2021-12-30 09:26:00,40.780754,-73.95258,0,0,Driver Inattention/Distraction,4491230,8.3,5.0,1.8,1.8,0.0,7.0,53,9.9,17.6,22,Drizzle: Moderate,0,0,
30994,2021-12-29 23:57:00,40.643745,-73.97009,1,0,Failure to Yield Right-of-Way,4491322,7.6,4.1,8.1,8.1,0.0,8.0,61,12.2,24.1,52,Rain: Light,1,1,
30995,2021-12-29 15:40:00,40.623886,-73.89559,2,0,Other Vehicular,4490773,7.6,4.1,8.1,8.1,0.0,8.0,61,12.2,24.1,52,Rain: Light,2,2,
30996,2021-12-29 09:05:00,40.622307,-73.94312,1,0,Failure to Yield Right-of-Way,4490494,7.6,4.1,8.1,8.1,0.0,8.0,61,12.2,24.1,52,Rain: Light,1,1,
30997,2021-12-30 11:05:00,40.82413,-73.94098,0,0,View Obstructed/Limited,4490624,8.3,5.0,1.8,1.8,0.0,7.0,53,9.9,17.6,22,Drizzle: Moderate,0,0,
30998,2021-12-28 11:00:00,40.677944,-73.87604,0,0,Backing Unsafely,4491281,8.5,2.2,0.0,0.0,0.0,0.0,3,12.5,22.0,271,Overcast,0,0,
30999,2022-04-08 12:30:00,40.73037,-73.81092,0,0,Unspecified,4522176,16.5,7.1,5.2,5.2,0.0,4.0,63,21.3,42.8,253,Rain: Moderate,0,0,
31000,2021-12-31 03:10:00,40.691444,-73.75211,0,0,Pavement Slippery,4491652,11.1,7.1,2.7,2.7,0.0,5.0,55,14.9,29.2,193,Drizzle: Dense,0,0,
31001,2021-12-31 17:50:00,40.645042,-73.99965,0,0,Alcohol Involvement,4491037,11.1,7.1,2.7,2.7,0.0,5.0,55,14.9,29.2,193,Drizzle: Dense,0,0,
31002,2021-12-31 05:00:00,40.737663,-73.99348,0,0,Steering Failure,4490946,11.1,7.1,2.7,2.7,0.0,5.0,55,14.9,29.2,193,Drizzle: Dense,0,0,
31003,2021-12-30 16:40:00,40.6769,-73.78158,0,0,Unspecified,4490843,8.3,5.0,1.8,1.8,0.0,7.0,53,9.9,17.6,22,Drizzle: Moderate,0,0,
31004,2021-12-31 01:30:00,40.741642,-73.997444,0,0,Driver Inattention/Distraction,4490910,11.1,7.1,2.7,2.7,0.0,5.0,55,14.9,29.2,193,Drizzle: Dense,0,0,
31005,2021-12-31 18:00:00,40.80543,-73.92087,0,0,Unspecified,4491073,11.1,7.1,2.7,2.7,0.0,5.0,55,14.9,29.2,193,Drizzle: Dense,0,0,
31006,2021-12-29 20:15:00,40.667736,-73.826614,1,0,Turning Improperly,4490555,7.6,4.1,8.1,8.1,0.0,8.0,61,12.2,24.1,52,Rain: Light,1,1,
31007,2021-12-24 21:00:00,40.62387,-74.07922,0,0,Driver Inexperience,4490937,5.7,-1.1,1.0,0.0,0.7,5.0,73,12.4,21.6,73,Snow fall: Moderate,0,0,Snowy Conditions
31008,2021-12-30 14:30:00,40.709938,-74.0045,0,0,Unspecified,4490882,8.3,5.0,1.8,1.8,0.0,7.0,53,9.9,17.6,22,Drizzle: Moderate,0,0,
31009,2021-12-29 19:21:00,40.757874,-73.788506,0,0,Following Too Closely,4490513,7.6,4.1,8.1,8.1,0.0,8.0,61,12.2,24.1,52,Rain: Light,0,0,
31010,2021-12-30 20:42:00,40.75388,-73.822815,1,0,Passing Too Closely,4490814,8.3,5.0,1.8,1.8,0.0,7.0,53,9.9,17.6,22,Drizzle: Moderate,1,1,
31011,2021-12-31 18:03:00,40.753284,-73.90691,1,0,,4491109,11.1,7.1,2.7,2.7,0.0,5.0,55,14.9,29.2,193,Drizzle: Dense,1,1,
31012,2021-12-27 11:00:00,40.70951,-73.95088,2,0,Other Vehicular,4491127,2.7,-1.4,2.1,0.8,0.91,5.0,73,13.5,23.0,10,Snow fall: Moderate,2,2,Snowy Conditions
31013,2021-12-28 23:40:00,40.703163,-73.81662,0,0,Driver Inattention/Distraction,4491628,8.5,2.2,0.0,0.0,0.0,0.0,3,12.5,22.0,271,Overcast,0,0,
31014,2021-12-30 21:10:00,40.71312,-73.83376,1,0,Passing or Lane Usage Improper,4490760,8.3,5.0,1.8,1.8,0.0,7.0,53,9.9,17.6,22,Drizzle: Moderate,1,1,
31015,2021-12-27 21:00:00,40.655785,-73.86289,0,0,Passing or Lane Usage Improper,4491264,2.7,-1.4,2.1,0.8,0.91,5.0,73,13.5,23.0,10,Snow fall: Moderate,0,0,Snowy Conditions
31016,2020-10-03 21:10:00,40.85482,-73.9112,1,0,Unspecified,4354571,18.3,10.0,0.0,0.0,0.0,0.0,1,11.8,24.5,315,Mainly clear,1,1,Sunny/Clear Conditions
31017,2021-01-04 17:50:00,40.835724,-73.92129,1,0,Reaction to Uninvolved Vehicle,4381580,6.6,0.5,1.5,1.3,0.14,6.0,71,17.0,31.7,4,Snow fall: Light,1,1,Snowy Conditions
31018,2021-12-31 12:35:00,40.602947,-73.89932,0,0,Driver Inattention/Distraction,4491065,11.1,7.1,2.7,2.7,0.0,5.0,55,14.9,29.2,193,Drizzle: Dense,0,0,
31019,2021-12-27 13:03:00,40.626183,-74.07426,1,0,Unspecified,4490942,2.7,-1.4,2.1,0.8,0.91,5.0,73,13.5,23.0,10,Snow fall: Moderate,1,1,Snowy Conditions
31020,2021-12-30 22:20:00,40.673798,-73.73179,0,0,Driver Inattention/Distraction,4490997,8.3,5.0,1.8,1.8,0.0,7.0,53,9.9,17.6,22,Drizzle: Moderate,0,0,
31021,2021-12-29 12:00:00,40.67772,-73.86486,0,0,Other Vehicular,4491301,7.6,4.1,8.1,8.1,0.0,8.0,61,12.2,24.1,52,Rain: Light,0,0,
31022,2021-12-31 02:30:00,40.763344,-73.75791,0,0,Pavement Slippery,4490809,11.1,7.1,2.7,2.7,0.0,5.0,55,14.9,29.2,193,Drizzle: Dense,0,0,
31023,2021-12-20 08:58:00,40.775013,-73.990776,0,0,Other Vehicular,4491332,1.8,-4.4,0.0,0.0,0.0,0.0,2,17.9,32.8,282,Partly cloudy,0,0,
31024,2021-06-06 03:30:00,40.643604,-73.94301,2,0,Unspecified,4424080,31.0,20.0,0.0,0.0,0.0,0.0,1,16.6,32.4,222,Mainly clear,2,2,Sunny/Clear Conditions
31025,2021-06-05 21:00:00,40.8086,-73.909775,4,0,Unspecified,4424212,31.3,17.3,0.0,0.0,0.0,0.0,2,20.9,43.9,247,Partly cloudy,4,4,
31026,2021-06-04 17:00:00,40.85183,-73.91258,1,0,Backing Unsafely,4425380,25.3,17.4,6.5,6.5,0.0,10.0,61,17.9,37.8,235,Rain: Light,1,1,
31027,2021-05-29 05:50:00,40.829468,-73.874756,0,0,Unspecified,4422101,11.0,8.5,25.1,25.1,0.0,22.0,63,29.9,56.9,39,Rain: Moderate,0,0,
31028,2021-06-07 08:50:00,40.698105,-73.7827,0,0,Failure to Yield Right-of-Way,4424564,31.0,20.7,0.1,0.1,0.0,1.0,51,16.5,34.9,204,Drizzle: Light,0,0,
31029,2021-06-07 14:20:00,40.821075,-73.89004,1,0,Unspecified,4425356,31.0,20.7,0.1,0.1,0.0,1.0,51,16.5,34.9,204,Drizzle: Light,1,1,
31030,2021-06-07 07:05:00,40.83677,-73.88597,1,0,Failure to Yield Right-of-Way,4424681,31.0,20.7,0.1,0.1,0.0,1.0,51,16.5,34.9,204,Drizzle: Light,1,1,
31031,2021-06-07 16:30:00,40.628407,-73.923996,0,0,Traffic Control Disregarded,4424623,31.0,20.7,0.1,0.1,0.0,1.0,51,16.5,34.9,204,Drizzle: Light,0,0,
31032,2021-06-06 21:35:00,40.660824,-73.95065,1,0,Traffic Control Disregarded,4425266,31.0,20.0,0.0,0.0,0.0,0.0,1,16.6,32.4,222,Mainly clear,1,1,Sunny/Clear Conditions
31033,2021-06-03 23:10:00,40.66725,-73.88799,0,0,Unspecified,4425219,23.0,13.2,11.9,11.9,0.0,10.0,63,13.6,38.9,165,Rain: Moderate,0,0,
31034,2021-06-07 15:43:00,40.65371,-73.89246,0,0,Passing or Lane Usage Improper,4425042,31.0,20.7,0.1,0.1,0.0,1.0,51,16.5,34.9,204,Drizzle: Light,0,0,
31035,2021-06-07 00:00:00,40.87932,-73.869804,0,0,Unsafe Speed,4424930,31.0,20.7,0.1,0.1,0.0,1.0,51,16.5,34.9,204,Drizzle: Light,0,0,
31036,2021-06-07 00:05:00,40.697716,-73.967735,1,0,Other Vehicular,4424151,31.0,20.7,0.1,0.1,0.0,1.0,51,16.5,34.9,204,Drizzle: Light,1,1,
31037,2021-06-07 16:42:00,40.69078,-73.72728,0,0,Unspecified,4424606,31.0,20.7,0.1,0.1,0.0,1.0,51,16.5,34.9,204,Drizzle: Light,0,0,
31038,2021-06-06 07:45:00,40.64685,-74.019264,0,0,Unspecified,4425288,31.0,20.0,0.0,0.0,0.0,0.0,1,16.6,32.4,222,Mainly clear,0,0,Sunny/Clear Conditions
31039,2021-06-07 16:07:00,40.848255,-73.90976,1,0,Pedestrian/Bicyclist/Other Pedestrian Error/Confusion,4424774,31.0,20.7,0.1,0.1,0.0,1.0,51,16.5,34.9,204,Drizzle: Light,1,1,
31040,2021-06-07 08:00:00,40.691456,-73.9178,0,0,Driver Inattention/Distraction,4424649,31.0,20.7,0.1,0.1,0.0,1.0,51,16.5,34.9,204,Drizzle: Light,0,0,
31041,2021-06-07 06:00:00,40.607555,-74.08711,0,0,Driver Inattention/Distraction,4424869,31.0,20.7,0.1,0.1,0.0,1.0,51,16.5,34.9,204,Drizzle: Light,0,0,
31042,2021-06-04 14:35:00,40.80777,-73.94549,1,0,Driver Inexperience,4425098,25.3,17.4,6.5,6.5,0.0,10.0,61,17.9,37.8,235,Rain: Light,1,1,
31043,2021-06-06 14:45:00,40.77731,-73.95841,0,0,Driver Inattention/Distraction,4425164,31.0,20.0,0.0,0.0,0.0,0.0,1,16.6,32.4,222,Mainly clear,0,0,Sunny/Clear Conditions
31044,2021-06-07 21:16:00,40.742474,-73.95277,0,0,Driver Inattention/Distraction,4424659,31.0,20.7,0.1,0.1,0.0,1.0,51,16.5,34.9,204,Drizzle: Light,0,0,
31045,2021-06-07 12:55:00,40.668926,-73.88748,0,0,Unspecified,4425040,31.0,20.7,0.1,0.1,0.0,1.0,51,16.5,34.9,204,Drizzle: Light,0,0,
31046,2021-06-06 20:12:00,40.843105,-73.91044,1,0,Following Too Closely,4425404,31.0,20.0,0.0,0.0,0.0,0.0,1,16.6,32.4,222,Mainly clear,1,1,Sunny/Clear Conditions
31047,2021-06-07 09:30:00,40.809605,-73.94981,0,0,Backing Unsafely,4425091,31.0,20.7,0.1,0.1,0.0,1.0,51,16.5,34.9,204,Drizzle: Light,0,0,
31048,2021-12-29 19:18:00,40.645103,-74.01033,1,0,Failure to Yield Right-of-Way,4490874,7.6,4.1,8.1,8.1,0.0,8.0,61,12.2,24.1,52,Rain: Light,1,1,
31049,2021-06-07 00:30:00,40.68056,-73.93458,0,0,Unspecified,4424530,31.0,20.7,0.1,0.1,0.0,1.0,51,16.5,34.9,204,Drizzle: Light,0,0,
31050,2021-06-07 16:04:00,40.66615,-73.80575,0,0,Unsafe Lane Changing,4424686,31.0,20.7,0.1,0.1,0.0,1.0,51,16.5,34.9,204,Drizzle: Light,0,0,
31051,2021-06-05 15:26:00,40.65241,-73.9264,0,0,Driver Inattention/Distraction,4425247,31.3,17.3,0.0,0.0,0.0,0.0,2,20.9,43.9,247,Partly cloudy,0,0,
31052,2021-06-07 16:45:00,40.680523,-73.7633,1,0,Passing or Lane Usage Improper,4424728,31.0,20.7,0.1,0.1,0.0,1.0,51,16.5,34.9,204,Drizzle: Light,1,1,
31053,2021-06-07 01:50:00,40.697536,-73.87106,0,0,Unsafe Speed,4424783,31.0,20.7,0.1,0.1,0.0,1.0,51,16.5,34.9,204,Drizzle: Light,0,0,
31054,2021-06-07 15:25:00,40.585487,-74.093124,0,0,Driver Inattention/Distraction,4424798,31.0,20.7,0.1,0.1,0.0,1.0,51,16.5,34.9,204,Drizzle: Light,0,0,
31055,2021-06-07 10:30:00,40.69252,-73.81693,0,0,Passing Too Closely,4424484,31.0,20.7,0.1,0.1,0.0,1.0,51,16.5,34.9,204,Drizzle: Light,0,0,
31056,2021-06-07 05:47:00,40.815403,-73.85871,1,0,Traffic Control Disregarded,4424413,31.0,20.7,0.1,0.1,0.0,1.0,51,16.5,34.9,204,Drizzle: Light,1,1,
31057,2021-06-04 15:15:00,40.64305,-73.9764,1,0,Driver Inattention/Distraction,4425133,25.3,17.4,6.5,6.5,0.0,10.0,61,17.9,37.8,235,Rain: Light,1,1,
31058,2021-06-04 14:37:00,40.636692,-73.9832,1,0,Unspecified,4425146,25.3,17.4,6.5,6.5,0.0,10.0,61,17.9,37.8,235,Rain: Light,1,1,
31059,2021-06-05 22:10:00,40.707092,-73.89724,2,0,Unspecified,4425194,31.3,17.3,0.0,0.0,0.0,0.0,2,20.9,43.9,247,Partly cloudy,2,2,
31060,2021-06-07 10:40:00,40.711823,-73.83612,0,0,Unspecified,4424464,31.0,20.7,0.1,0.1,0.0,1.0,51,16.5,34.9,204,Drizzle: Light,0,0,
31061,2021-06-07 04:12:00,40.788895,-73.81869,0,0,Pavement Defective,4424417,31.0,20.7,0.1,0.1,0.0,1.0,51,16.5,34.9,204,Drizzle: Light,0,0,
31062,2021-06-07 15:45:00,40.664616,-73.894875,0,0,Driver Inattention/Distraction,4425059,31.0,20.7,0.1,0.1,0.0,1.0,51,16.5,34.9,204,Drizzle: Light,0,0,
31063,2021-05-21 17:50:00,40.66552,-73.74467,1,0,Unspecified,4418953,23.9,11.3,0.0,0.0,0.0,0.0,3,19.2,38.5,174,Overcast,1,1,
31064,2021-06-07 14:00:00,40.67875,-73.794,3,0,Driver Inexperience,4424519,31.0,20.7,0.1,0.1,0.0,1.0,51,16.5,34.9,204,Drizzle: Light,3,3,
31065,2021-06-07 08:25:00,40.86553,-73.86056,0,0,Unspecified,4424299,31.0,20.7,0.1,0.1,0.0,1.0,51,16.5,34.9,204,Drizzle: Light,0,0,
31066,2021-06-07 14:28:00,40.58185,-74.129395,0,0,Driver Inattention/Distraction,4424797,31.0,20.7,0.1,0.1,0.0,1.0,51,16.5,34.9,204,Drizzle: Light,0,0,
31067,2021-06-01 19:41:00,40.57892,-73.97497,0,0,Alcohol Involvement,4425382,23.5,9.7,0.0,0.0,0.0,0.0,3,17.6,32.0,221,Overcast,0,0,
31068,2021-06-07 01:50:00,40.64272,-73.90606,0,0,Driver Inattention/Distraction,4424637,31.0,20.7,0.1,0.1,0.0,1.0,51,16.5,34.9,204,Drizzle: Light,0,0,
31069,2021-06-07 16:30:00,40.625595,-73.9576,0,0,Driver Inattention/Distraction,4424665,31.0,20.7,0.1,0.1,0.0,1.0,51,16.5,34.9,204,Drizzle: Light,0,0,
31070,2021-06-01 20:12:00,40.812775,-73.88701,1,0,Unspecified,4425257,23.5,9.7,0.0,0.0,0.0,0.0,3,17.6,32.0,221,Overcast,1,1,
31071,2021-06-07 08:30:00,40.66777,-73.94514,0,0,Unspecified,4425314,31.0,20.7,0.1,0.1,0.0,1.0,51,16.5,34.9,204,Drizzle: Light,0,0,
31072,2021-06-07 18:50:00,40.616543,-74.07818,0,0,Unspecified,4424820,31.0,20.7,0.1,0.1,0.0,1.0,51,16.5,34.9,204,Drizzle: Light,0,0,
31073,2021-06-07 07:55:00,40.706116,-73.92891,0,0,Passing Too Closely,4424749,31.0,20.7,0.1,0.1,0.0,1.0,51,16.5,34.9,204,Drizzle: Light,0,0,
31074,2021-06-07 16:15:00,40.83302,-73.862724,3,0,Unsafe Speed,4424805,31.0,20.7,0.1,0.1,0.0,1.0,51,16.5,34.9,204,Drizzle: Light,3,3,
31075,2021-06-07 02:25:00,40.679237,-73.867294,0,0,Unspecified,4424408,31.0,20.7,0.1,0.1,0.0,1.0,51,16.5,34.9,204,Drizzle: Light,0,0,
31076,2021-06-07 11:14:00,40.814754,-73.95896,1,0,Driver Inattention/Distraction,4424611,31.0,20.7,0.1,0.1,0.0,1.0,51,16.5,34.9,204,Drizzle: Light,1,1,
31077,2021-06-07 16:18:00,40.581852,-74.092026,0,0,Passing Too Closely,4425126,31.0,20.7,0.1,0.1,0.0,1.0,51,16.5,34.9,204,Drizzle: Light,0,0,
31078,2021-06-06 13:35:00,40.752052,-74.000984,0,0,Turning Improperly,4425205,31.0,20.0,0.0,0.0,0.0,0.0,1,16.6,32.4,222,Mainly clear,0,0,Sunny/Clear Conditions
31079,2021-06-07 13:20:00,40.748203,-73.84962,1,0,Following Too Closely,4424726,31.0,20.7,0.1,0.1,0.0,1.0,51,16.5,34.9,204,Drizzle: Light,1,1,
31080,2021-06-07 00:25:00,40.677414,-73.98607,0,0,Failure to Yield Right-of-Way,4424534,31.0,20.7,0.1,0.1,0.0,1.0,51,16.5,34.9,204,Drizzle: Light,0,0,
31081,2021-06-07 23:12:00,40.705456,-73.90666,0,0,Turning Improperly,4425180,31.0,20.7,0.1,0.1,0.0,1.0,51,16.5,34.9,204,Drizzle: Light,0,0,
31082,2021-06-07 11:24:00,40.664314,-73.907814,0,0,Unspecified,4424580,31.0,20.7,0.1,0.1,0.0,1.0,51,16.5,34.9,204,Drizzle: Light,0,0,
31083,2021-06-07 17:00:00,40.629387,-74.13745,0,0,Driver Inattention/Distraction,4425068,31.0,20.7,0.1,0.1,0.0,1.0,51,16.5,34.9,204,Drizzle: Light,0,0,
31084,2021-06-07 08:40:00,40.739674,-73.934586,0,0,Driver Inattention/Distraction,4424435,31.0,20.7,0.1,0.1,0.0,1.0,51,16.5,34.9,204,Drizzle: Light,0,0,
31085,2021-06-07 02:15:00,40.64423,-74.014915,2,0,Unspecified,4424868,31.0,20.7,0.1,0.1,0.0,1.0,51,16.5,34.9,204,Drizzle: Light,2,2,
31086,2021-06-07 15:00:00,40.717808,-73.99692,0,0,Driver Inattention/Distraction,4424764,31.0,20.7,0.1,0.1,0.0,1.0,51,16.5,34.9,204,Drizzle: Light,0,0,
31087,2021-06-06 20:35:00,40.71235,-73.89129,0,0,Unspecified,4425195,31.0,20.0,0.0,0.0,0.0,0.0,1,16.6,32.4,222,Mainly clear,0,0,Sunny/Clear Conditions
31088,2021-06-07 07:08:00,40.637547,-74.003845,1,0,Unspecified,4425393,31.0,20.7,0.1,0.1,0.0,1.0,51,16.5,34.9,204,Drizzle: Light,1,1,
31089,2021-06-07 21:35:00,40.67907,-73.97385,0,0,Alcohol Involvement,4424860,31.0,20.7,0.1,0.1,0.0,1.0,51,16.5,34.9,204,Drizzle: Light,0,0,
31090,2021-06-07 16:30:00,40.658577,-73.89063,1,0,Driver Inattention/Distraction,4425054,31.0,20.7,0.1,0.1,0.0,1.0,51,16.5,34.9,204,Drizzle: Light,1,1,
31091,2021-06-07 19:20:00,40.69546,-73.99399,0,0,Unspecified,4424631,31.0,20.7,0.1,0.1,0.0,1.0,51,16.5,34.9,204,Drizzle: Light,0,0,
31092,2021-06-07 18:16:00,40.695877,-73.742516,0,0,Backing Unsafely,4424940,31.0,20.7,0.1,0.1,0.0,1.0,51,16.5,34.9,204,Drizzle: Light,0,0,
31093,2021-06-07 15:00:00,40.648266,-73.90581,0,0,Driver Inattention/Distraction,4424660,31.0,20.7,0.1,0.1,0.0,1.0,51,16.5,34.9,204,Drizzle: Light,0,0,
31094,2021-06-07 18:20:00,40.65745,-73.956566,1,0,Unspecified,4425267,31.0,20.7,0.1,0.1,0.0,1.0,51,16.5,34.9,204,Drizzle: Light,1,1,
31095,2021-06-07 17:00:00,40.792362,-73.96418,0,0,Following Too Closely,4424597,31.0,20.7,0.1,0.1,0.0,1.0,51,16.5,34.9,204,Drizzle: Light,0,0,
31096,2021-06-06 19:48:00,40.65711,-74.00152,4,0,Unspecified,4425291,31.0,20.0,0.0,0.0,0.0,0.0,1,16.6,32.4,222,Mainly clear,4,4,Sunny/Clear Conditions
31097,2021-06-01 08:47:00,40.666348,-73.76093,1,0,Following Too Closely,4422567,23.5,9.7,0.0,0.0,0.0,0.0,3,17.6,32.0,221,Overcast,1,1,
31098,2021-06-07 06:33:00,40.827,-73.84359,1,0,Unspecified,4425105,31.0,20.7,0.1,0.1,0.0,1.0,51,16.5,34.9,204,Drizzle: Light,1,1,
31099,2021-06-07 11:00:00,40.71558,-73.960144,0,0,Unspecified,4424541,31.0,20.7,0.1,0.1,0.0,1.0,51,16.5,34.9,204,Drizzle: Light,0,0,
31100,2021-12-31 17:30:00,40.764614,-73.937805,0,0,Traffic Control Disregarded,4491119,11.1,7.1,2.7,2.7,0.0,5.0,55,14.9,29.2,193,Drizzle: Dense,0,0,
31101,2021-06-07 14:00:00,40.588737,-73.974014,0,0,Unspecified,4424673,31.0,20.7,0.1,0.1,0.0,1.0,51,16.5,34.9,204,Drizzle: Light,0,0,
31102,2021-06-07 16:55:00,40.654446,-73.74569,1,0,Driver Inattention/Distraction,4424607,31.0,20.7,0.1,0.1,0.0,1.0,51,16.5,34.9,204,Drizzle: Light,1,1,
31103,2021-06-07 17:41:00,40.7118,-73.94224,2,0,Passing or Lane Usage Improper,4424701,31.0,20.7,0.1,0.1,0.0,1.0,51,16.5,34.9,204,Drizzle: Light,2,2,
31104,2021-06-07 16:20:00,40.609657,-73.95622,0,0,Driver Inattention/Distraction,4424675,31.0,20.7,0.1,0.1,0.0,1.0,51,16.5,34.9,204,Drizzle: Light,0,0,
31105,2021-06-07 14:28:00,40.702255,-73.92008,1,0,Passing or Lane Usage Improper,4424651,31.0,20.7,0.1,0.1,0.0,1.0,51,16.5,34.9,204,Drizzle: Light,1,1,
31106,2021-06-07 11:23:00,40.597122,-74.00418,0,0,Obstruction/Debris,4424994,31.0,20.7,0.1,0.1,0.0,1.0,51,16.5,34.9,204,Drizzle: Light,0,0,
31107,2021-06-07 01:05:00,40.677605,-74.002754,1,0,Unspecified,4424159,31.0,20.7,0.1,0.1,0.0,1.0,51,16.5,34.9,204,Drizzle: Light,1,1,