,CRASH DATETIME,LATITUDE,LONGITUDE,NUMBER OF PERSONS INJURED,NUMBER OF PERSONS KILLED,CONTRIBUTING FACTOR VEHICLE 1,COLLISION_ID,temperature_2m_max,temperature_2m_min,precipitation_sum,rain_sum,snowfall_sum,precipitation_hours,weather_code,wind_speed_10m_max,wind_gusts_10m_max,wind_direction_10m_dominant,Weather Description,Severity_Score,Total_Affected_Persons,Weather_Category
31108,2021-06-07 23:05:00,40.769333,-73.912445,0,0,Unspecified,4425077,31.0,20.7,0.1,0.1,0.0,1.0,51,16.5,34.9,204,Drizzle: Light,0,0,
31109,2021-05-25 23:00:00,40.683464,-73.97569,0,0,Driver Inattention/Distraction,4425171,21.9,13.0,0.0,0.0,0.0,0.0,3,24.3,47.9,182,Overcast,0,0,
31110,2021-06-07 13:00:00,40.717342,-73.99118,1,0,Pedestrian/Bicyclist/Other Pedestrian Error/Confusion,4424572,31.0,20.7,0.1,0.1,0.0,1.0,51,16.5,34.9,204,Drizzle: Light,1,1,
31111,2021-06-07 19:50:00,40.609055,-73.93677,1,0,Driver Inattention/Distraction,4425162,31.0,20.7,0.1,0.1,0.0,1.0,51,16.5,34.9,204,Drizzle: Light,1,1,
31112,2021-06-06 03:47:00,40.630283,-73.97816,2,0,Unspecified,4425137,31.0,20.0,0.0,0.0,0.0,0.0,1,16.6,32.4,222,Mainly clear,2,2,Sunny/Clear Conditions
31113,2021-06-07 06:20:00,40.84744,-73.89968,0,0,Outside Car Distraction,4424255,31.0,20.7,0.1,0.1,0.0,1.0,51,16.5,34.9,204,Drizzle: Light,0,0,
31114,2021-06-07 09:15:00,40.669792,-73.8924,0,0,Unsafe Speed,4425041,31.0,20.7,0.1,0.1,0.0,1.0,51,16.5,34.9,204,Drizzle: Light,0,0,
31115,2021-06-07 09:00:00,40.73068,-73.94923,0,0,Passing or Lane Usage Improper,4424540,31.0,20.7,0.1,0.1,0.0,1.0,51,16.5,34.9,204,Drizzle: Light,0,0,
31116,2021-06-05 21:15:00,40.842667,-73.90685,1,0,Backing Unsafely,4425405,31.3,17.3,0.0,0.0,0.0,0.0,2,20.9,43.9,247,Partly cloudy,1,1,
31117,2021-06-07 13:55:00,40.69808,-73.92536,0,0,Traffic Control Disregarded,4424652,31.0,20.7,0.1,0.1,0.0,1.0,51,16.5,34.9,204,Drizzle: Light,0,0,
31118,2021-06-06 08:30:00,40.801037,-73.95142,0,0,Unspecified,4425092,31.0,20.0,0.0,0.0,0.0,0.0,1,16.6,32.4,222,Mainly clear,0,0,Sunny/Clear Conditions
31119,2021-06-07 19:45:00,40.700123,-73.90622,0,0,Following Too Closely,4424834,31.0,20.7,0.1,0.1,0.0,1.0,51,16.5,34.9,204,Drizzle: Light,0,0,
31120,2021-06-05 16:38:00,40.83639,-73.91588,2,0,Failure to Yield Right-of-Way,4425410,31.3,17.3,0.0,0.0,0.0,0.0,2,20.9,43.9,247,Partly cloudy,2,2,
31121,2021-06-07 13:30:00,40.63948,-74.016174,0,0,Unspecified,4424877,31.0,20.7,0.1,0.1,0.0,1.0,51,16.5,34.9,204,Drizzle: Light,0,0,
31122,2021-06-05 23:28:00,40.79226,-73.93654,0,0,Unspecified,4425367,31.3,17.3,0.0,0.0,0.0,0.0,2,20.9,43.9,247,Partly cloudy,0,0,
31123,2021-06-07 15:57:00,40.61232,-73.93172,2,0,Unspecified,4424626,31.0,20.7,0.1,0.1,0.0,1.0,51,16.5,34.9,204,Drizzle: Light,2,2,
31124,2021-06-06 18:16:00,40.848736,-73.93234,0,0,Failure to Yield Right-of-Way,4425221,31.0,20.0,0.0,0.0,0.0,0.0,1,16.6,32.4,222,Mainly clear,0,0,Sunny/Clear Conditions
31125,2021-06-04 04:30:00,40.638065,-73.97735,0,0,Unspecified,4425147,25.3,17.4,6.5,6.5,0.0,10.0,61,17.9,37.8,235,Rain: Light,0,0,
31126,2021-06-07 15:00:00,40.66811,-73.88215,1,0,Traffic Control Disregarded,4425064,31.0,20.7,0.1,0.1,0.0,1.0,51,16.5,34.9,204,Drizzle: Light,1,1,
31127,2021-06-07 22:30:00,40.671627,-73.96263,0,0,Unspecified,4425268,31.0,20.7,0.1,0.1,0.0,1.0,51,16.5,34.9,204,Drizzle: Light,0,0,
31128,2021-06-07 09:07:00,40.808514,-73.93938,1,0,Unspecified,4424427,31.0,20.7,0.1,0.1,0.0,1.0,51,16.5,34.9,204,Drizzle: Light,1,1,
31129,2021-06-07 07:00:00,40.66159,-73.99686,0,0,Unspecified,4424468,31.0,20.7,0.1,0.1,0.0,1.0,51,16.5,34.9,204,Drizzle: Light,0,0,
31130,2021-06-07 11:05:00,40.724136,-73.992615,0,0,Following Too Closely,4424754,31.0,20.7,0.1,0.1,0.0,1.0,51,16.5,34.9,204,Drizzle: Light,0,0,
31131,2021-05-26 14:30:00,40.651405,-73.758896,0,0,Unspecified,4420701,29.5,17.4,0.1,0.1,0.0,1.0,51,23.4,45.7,210,Drizzle: Light,0,0,
31132,2021-06-07 10:00:00,40.636192,-73.99258,0,0,Unspecified,4425142,31.0,20.7,0.1,0.1,0.0,1.0,51,16.5,34.9,204,Drizzle: Light,0,0,
31133,2021-06-07 15:00:00,40.710403,-73.77146,2,0,Unsafe Speed,4424565,31.0,20.7,0.1,0.1,0.0,1.0,51,16.5,34.9,204,Drizzle: Light,2,2,
31134,2021-06-07 14:40:00,40.576744,-73.98372,2,0,Passing or Lane Usage Improper,4424811,31.0,20.7,0.1,0.1,0.0,1.0,51,16.5,34.9,204,Drizzle: Light,2,2,
31135,2021-06-07 01:30:00,40.665874,-73.89724,0,0,Unspecified,4424409,31.0,20.7,0.1,0.1,0.0,1.0,51,16.5,34.9,204,Drizzle: Light,0,0,
31136,2021-06-07 17:40:00,40.825573,-73.918465,0,0,Passing or Lane Usage Improper,4424680,31.0,20.7,0.1,0.1,0.0,1.0,51,16.5,34.9,204,Drizzle: Light,0,0,
31137,2021-06-07 18:30:00,40.862747,-73.90494,0,0,Unspecified,4424767,31.0,20.7,0.1,0.1,0.0,1.0,51,16.5,34.9,204,Drizzle: Light,0,0,
31138,2021-06-07 07:45:00,40.672527,-73.821266,2,0,Turning Improperly,4424452,31.0,20.7,0.1,0.1,0.0,1.0,51,16.5,34.9,204,Drizzle: Light,2,2,
31139,2021-06-07 19:30:00,40.76631,-73.77341,0,0,Backing Unsafely,4424610,31.0,20.7,0.1,0.1,0.0,1.0,51,16.5,34.9,204,Drizzle: Light,0,0,
31140,2021-06-07 16:45:00,40.75836,-73.99841,0,0,Passing Too Closely,4424900,31.0,20.7,0.1,0.1,0.0,1.0,51,16.5,34.9,204,Drizzle: Light,0,0,
31141,2021-06-07 23:15:00,40.677208,-73.89723,1,0,Driver Inattention/Distraction,4425046,31.0,20.7,0.1,0.1,0.0,1.0,51,16.5,34.9,204,Drizzle: Light,1,1,
31142,2021-06-07 13:40:00,40.620686,-74.11002,2,0,Failure to Yield Right-of-Way,4424821,31.0,20.7,0.1,0.1,0.0,1.0,51,16.5,34.9,204,Drizzle: Light,2,2,
31143,2021-06-04 16:20:00,40.709015,-73.95965,0,0,Driver Inattention/Distraction,4425327,25.3,17.4,6.5,6.5,0.0,10.0,61,17.9,37.8,235,Rain: Light,0,0,
31144,2021-06-07 11:30:00,40.588226,-73.92391,0,0,Unspecified,4424560,31.0,20.7,0.1,0.1,0.0,1.0,51,16.5,34.9,204,Drizzle: Light,0,0,
31145,2021-06-07 09:00:00,40.5837,-73.81705,0,0,Unspecified,4424619,31.0,20.7,0.1,0.1,0.0,1.0,51,16.5,34.9,204,Drizzle: Light,0,0,
31146,2021-06-06 05:30:00,40.654327,-73.9221,0,0,Unspecified,4425212,31.0,20.0,0.0,0.0,0.0,0.0,1,16.6,32.4,222,Mainly clear,0,0,Sunny/Clear Conditions
31147,2021-06-07 08:59:00,40.780178,-73.95721,0,0,Driver Inattention/Distraction,4425200,31.0,20.7,0.1,0.1,0.0,1.0,51,16.5,34.9,204,Drizzle: Light,0,0,
31148,2021-06-06 21:50:00,40.637955,-73.97832,0,0,Backing Unsafely,4425130,31.0,20.0,0.0,0.0,0.0,0.0,1,16.6,32.4,222,Mainly clear,0,0,Sunny/Clear Conditions
31149,2021-06-07 16:45:00,40.817173,-73.94606,1,0,Driver Inexperience,4424881,31.0,20.7,0.1,0.1,0.0,1.0,51,16.5,34.9,204,Drizzle: Light,1,1,
31150,2021-06-07 16:45:00,40.836105,-73.917435,0,0,Unspecified,4425186,31.0,20.7,0.1,0.1,0.0,1.0,51,16.5,34.9,204,Drizzle: Light,0,0,
31151,2021-06-07 06:32:00,40.854874,-73.916794,0,0,Driver Inattention/Distraction,4424737,31.0,20.7,0.1,0.1,0.0,1.0,51,16.5,34.9,204,Drizzle: Light,0,0,
31152,2021-06-07 20:20:00,40.824875,-73.85389,0,0,Driver Inattention/Distraction,4424802,31.0,20.7,0.1,0.1,0.0,1.0,51,16.5,34.9,204,Drizzle: Light,0,0,
31153,2021-05-17 10:30:00,40.66394,-73.73822,0,0,Unsafe Speed,4418952,22.9,9.7,0.0,0.0,0.0,0.0,3,17.7,36.0,224,Overcast,0,0,
31154,2021-06-07 12:20:00,40.685764,-73.981865,0,0,Reaction to Uninvolved Vehicle,4424521,31.0,20.7,0.1,0.1,0.0,1.0,51,16.5,34.9,204,Drizzle: Light,0,0,
31155,2021-12-30 09:45:00,40.639786,-74.0266,1,0,Unspecified,4490681,8.3,5.0,1.8,1.8,0.0,7.0,53,9.9,17.6,22,Drizzle: Moderate,1,1,
31156,2021-05-05 06:50:00,40.68088,-73.9633,0,0,Driver Inattention/Distraction,4425310,15.1,10.8,9.9,9.9,0.0,17.0,61,21.5,42.5,23,Rain: Light,0,0,
31157,2021-06-07 18:36:00,40.66609,-73.82809,1,0,Unsafe Lane Changing,4424773,31.0,20.7,0.1,0.1,0.0,1.0,51,16.5,34.9,204,Drizzle: Light,1,1,
31158,2021-06-07 09:30:00,40.642086,-73.89892,0,0,Passing Too Closely,4424636,31.0,20.7,0.1,0.1,0.0,1.0,51,16.5,34.9,204,Drizzle: Light,0,0,
31159,2021-06-07 03:10:00,40.84989,-73.93332,0,0,Driver Inattention/Distraction,4425211,31.0,20.7,0.1,0.1,0.0,1.0,51,16.5,34.9,204,Drizzle: Light,0,0,
31160,2021-06-07 08:26:00,40.657753,-73.89612,1,0,Unspecified,4425058,31.0,20.7,0.1,0.1,0.0,1.0,51,16.5,34.9,204,Drizzle: Light,1,1,
31161,2021-06-07 16:30:00,40.70942,-73.99319,0,0,Unspecified,4424664,31.0,20.7,0.1,0.1,0.0,1.0,51,16.5,34.9,204,Drizzle: Light,0,0,
31162,2021-06-07 21:45:00,40.834526,-73.89775,0,0,Unspecified,4424883,31.0,20.7,0.1,0.1,0.0,1.0,51,16.5,34.9,204,Drizzle: Light,0,0,
31163,2021-06-07 16:00:00,40.653812,-73.95567,0,0,Unspecified,4425245,31.0,20.7,0.1,0.1,0.0,1.0,51,16.5,34.9,204,Drizzle: Light,0,0,
31164,2021-06-07 08:30:00,40.664837,-73.91343,0,0,Unspecified,4424578,31.0,20.7,0.1,0.1,0.0,1.0,51,16.5,34.9,204,Drizzle: Light,0,0,
31165,2021-06-07 11:25:00,40.7406,-73.989426,0,0,Passing or Lane Usage Improper,4424812,31.0,20.7,0.1,0.1,0.0,1.0,51,16.5,34.9,204,Drizzle: Light,0,0,
31166,2021-06-07 07:21:00,40.583874,-73.823044,0,0,Reaction to Uninvolved Vehicle,4424618,31.0,20.7,0.1,0.1,0.0,1.0,51,16.5,34.9,204,Drizzle: Light,0,0,
31167,2021-06-07 16:15:00,40.722343,-73.77717,0,0,Driver Inattention/Distraction,4424782,31.0,20.7,0.1,0.1,0.0,1.0,51,16.5,34.9,204,Drizzle: Light,0,0,
31168,2021-06-07 07:53:00,40.85029,-73.86555,1,0,Driver Inattention/Distraction,4424298,31.0,20.7,0.1,0.1,0.0,1.0,51,16.5,34.9,204,Drizzle: Light,1,1,
31169,2021-06-07 17:56:00,40.755264,-73.88817,2,0,Driver Inattention/Distraction,4424670,31.0,20.7,0.1,0.1,0.0,1.0,51,16.5,34.9,204,Drizzle: Light,2,2,
31170,2021-06-07 12:01:00,40.8047,-73.91243,0,0,Unspecified,4424483,31.0,20.7,0.1,0.1,0.0,1.0,51,16.5,34.9,204,Drizzle: Light,0,0,
31171,2021-06-07 09:00:00,40.837975,-73.86956,0,0,Backing Unsafely,4424570,31.0,20.7,0.1,0.1,0.0,1.0,51,16.5,34.9,204,Drizzle: Light,0,0,
31172,2021-06-07 07:20:00,40.66698,-73.75488,1,0,Unspecified,4424669,31.0,20.7,0.1,0.1,0.0,1.0,51,16.5,34.9,204,Drizzle: Light,1,1,
31173,2021-06-01 22:10:00,40.658646,-73.923935,0,0,Driver Inattention/Distraction,4425251,23.5,9.7,0.0,0.0,0.0,0.0,3,17.6,32.0,221,Overcast,0,0,
31174,2021-06-07 06:30:00,40.711227,-73.72826,2,0,Unsafe Lane Changing,4424939,31.0,20.7,0.1,0.1,0.0,1.0,51,16.5,34.9,204,Drizzle: Light,2,2,
31175,2021-06-07 19:45:00,40.659584,-73.76785,0,0,Driver Inattention/Distraction,4424630,31.0,20.7,0.1,0.1,0.0,1.0,51,16.5,34.9,204,Drizzle: Light,0,0,
31176,2021-06-07 12:00:00,40.776276,-73.95795,0,0,Other Vehicular,4425029,31.0,20.7,0.1,0.1,0.0,1.0,51,16.5,34.9,204,Drizzle: Light,0,0,
31177,2021-06-07 01:39:00,40.63032,-73.9213,0,0,Unspecified,4424162,31.0,20.7,0.1,0.1,0.0,1.0,51,16.5,34.9,204,Drizzle: Light,0,0,
31178,2021-06-04 22:39:00,40.64452,-73.91207,0,0,Turning Improperly,4425079,25.3,17.4,6.5,6.5,0.0,10.0,61,17.9,37.8,235,Rain: Light,0,0,
31179,2021-06-06 04:19:00,40.60325,-73.99969,0,0,Alcohol Involvement,4425324,31.0,20.0,0.0,0.0,0.0,0.0,1,16.6,32.4,222,Mainly clear,0,0,Sunny/Clear Conditions
31180,2021-06-07 09:30:00,40.72415,-73.89869,3,0,Driver Inexperience,4424843,31.0,20.7,0.1,0.1,0.0,1.0,51,16.5,34.9,204,Drizzle: Light,3,3,
31181,2021-06-07 17:15:00,40.64479,-74.01433,1,0,Failure to Yield Right-of-Way,4425167,31.0,20.7,0.1,0.1,0.0,1.0,51,16.5,34.9,204,Drizzle: Light,1,1,
31182,2021-06-01 14:20:00,40.725304,-73.721085,0,0,Driver Inattention/Distraction,4422622,23.5,9.7,0.0,0.0,0.0,0.0,3,17.6,32.0,221,Overcast,0,0,
31183,2021-06-03 13:14:00,40.637817,-73.97956,0,0,Driver Inattention/Distraction,4425143,23.0,13.2,11.9,11.9,0.0,10.0,63,13.6,38.9,165,Rain: Moderate,0,0,
31184,2021-06-07 18:01:00,40.576885,-74.00323,0,0,Unspecified,4424769,31.0,20.7,0.1,0.1,0.0,1.0,51,16.5,34.9,204,Drizzle: Light,0,0,
31185,2021-06-07 01:24:00,40.747852,-73.99291,0,0,Reaction to Uninvolved Vehicle,4424451,31.0,20.7,0.1,0.1,0.0,1.0,51,16.5,34.9,204,Drizzle: Light,0,0,
31186,2021-06-07 05:20:00,40.70089,-73.94221,2,0,Driver Inattention/Distraction,4424702,31.0,20.7,0.1,0.1,0.0,1.0,51,16.5,34.9,204,Drizzle: Light,2,2,
31187,2021-06-07 01:30:00,40.69832,-73.962265,1,0,Reaction to Uninvolved Vehicle,4425076,31.0,20.7,0.1,0.1,0.0,1.0,51,16.5,34.9,204,Drizzle: Light,1,1,
31188,2021-06-07 08:40:00,40.58672,-73.97234,0,0,Oversized Vehicle,4424494,31.0,20.7,0.1,0.1,0.0,1.0,51,16.5,34.9,204,Drizzle: Light,0,0,
31189,2021-06-07 12:30:00,40.691353,-73.92142,1,0,Driver Inattention/Distraction,4424756,31.0,20.7,0.1,0.1,0.0,1.0,51,16.5,34.9,204,Drizzle: Light,1,1,
31190,2021-05-30 00:55:00,40.759308,-73.944176,1,0,Turning Improperly,4425104,11.5,8.5,13.7,13.7,0.0,24.0,61,28.1,52.2,22,Rain: Light,1,1,
31191,2021-06-07 15:15:00,40.78911,-73.96656,0,0,Passing or Lane Usage Improper,4424559,31.0,20.7,0.1,0.1,0.0,1.0,51,16.5,34.9,204,Drizzle: Light,0,0,
31192,2021-06-07 20:14:00,40.708324,-73.84314,0,0,Passing or Lane Usage Improper,4424792,31.0,20.7,0.1,0.1,0.0,1.0,51,16.5,34.9,204,Drizzle: Light,0,0,
31193,2021-06-07 17:16:00,40.642517,-73.987915,0,0,Unspecified,4425141,31.0,20.7,0.1,0.1,0.0,1.0,51,16.5,34.9,204,Drizzle: Light,0,0,
31194,2021-06-07 00:20:00,40.65812,-73.934006,0,0,Unspecified,4424322,31.0,20.7,0.1,0.1,0.0,1.0,51,16.5,34.9,204,Drizzle: Light,0,0,
31195,2021-06-07 15:35:00,40.698036,-73.962845,0,0,Driver Inattention/Distraction,4424703,31.0,20.7,0.1,0.1,0.0,1.0,51,16.5,34.9,204,Drizzle: Light,0,0,
31196,2021-06-07 20:00:00,40.644093,-73.97635,0,0,Driver Inattention/Distraction,4425391,31.0,20.7,0.1,0.1,0.0,1.0,51,16.5,34.9,204,Drizzle: Light,0,0,
31197,2021-06-07 14:55:00,40.803677,-73.92209,0,0,Unspecified,4424786,31.0,20.7,0.1,0.1,0.0,1.0,51,16.5,34.9,204,Drizzle: Light,0,0,
31198,2021-06-07 20:55:00,40.804012,-73.93097,0,0,Aggressive Driving/Road Rage,4424809,31.0,20.7,0.1,0.1,0.0,1.0,51,16.5,34.9,204,Drizzle: Light,0,0,
31199,2021-06-07 02:24:00,40.649956,-73.884125,2,0,Unsafe Speed,4424410,31.0,20.7,0.1,0.1,0.0,1.0,51,16.5,34.9,204,Drizzle: Light,2,2,
31200,2021-06-07 11:09:00,40.633926,-74.13021,0,0,Driver Inattention/Distraction,4424486,31.0,20.7,0.1,0.1,0.0,1.0,51,16.5,34.9,204,Drizzle: Light,0,0,
31201,2021-06-03 09:51:00,40.62685,-73.97643,1,0,Driver Inattention/Distraction,4425131,23.0,13.2,11.9,11.9,0.0,10.0,63,13.6,38.9,165,Rain: Moderate,1,1,
31202,2021-06-05 16:11:00,40.64337,-73.995346,0,0,Driver Inattention/Distraction,4425136,31.3,17.3,0.0,0.0,0.0,0.0,2,20.9,43.9,247,Partly cloudy,0,0,
31203,2021-06-07 14:34:00,40.807915,-73.937965,0,0,Backing Unsafely,4424538,31.0,20.7,0.1,0.1,0.0,1.0,51,16.5,34.9,204,Drizzle: Light,0,0,
31204,2021-06-07 20:01:00,40.690266,-73.91546,2,0,Failure to Yield Right-of-Way,4424657,31.0,20.7,0.1,0.1,0.0,1.0,51,16.5,34.9,204,Drizzle: Light,2,2,
31205,2021-05-24 18:00:00,40.640263,-74.019035,0,0,Unspecified,4425114,18.9,13.7,0.0,0.0,0.0,0.0,3,22.4,44.3,126,Overcast,0,0,
31206,2021-06-07 16:18:00,40.858433,-73.885124,1,0,Failure to Yield Right-of-Way,4424842,31.0,20.7,0.1,0.1,0.0,1.0,51,16.5,34.9,204,Drizzle: Light,1,1,
31207,2021-06-07 20:10:00,40.68683,-73.86703,1,0,Driver Inattention/Distraction,4425061,31.0,20.7,0.1,0.1,0.0,1.0,51,16.5,34.9,204,Drizzle: Light,1,1,
31208,2021-06-07 08:53:00,40.711212,-73.96339,0,0,Driver Inattention/Distraction,4424421,31.0,20.7,0.1,0.1,0.0,1.0,51,16.5,34.9,204,Drizzle: Light,0,0,
31209,2021-06-07 16:10:00,40.79335,-73.97275,0,0,Driver Inattention/Distraction,4424566,31.0,20.7,0.1,0.1,0.0,1.0,51,16.5,34.9,204,Drizzle: Light,0,0,
31210,2021-06-07 01:20:00,40.861744,-73.911804,2,0,Driver Inattention/Distraction,4424291,31.0,20.7,0.1,0.1,0.0,1.0,51,16.5,34.9,204,Drizzle: Light,2,2,
31211,2021-06-06 10:57:00,40.81859,-73.82221,0,0,Driver Inattention/Distraction,4425414,31.0,20.0,0.0,0.0,0.0,0.0,1,16.6,32.4,222,Mainly clear,0,0,Sunny/Clear Conditions
31212,2021-06-07 10:27:00,40.84733,-73.85131,0,0,Driver Inattention/Distraction,4424527,31.0,20.7,0.1,0.1,0.0,1.0,51,16.5,34.9,204,Drizzle: Light,0,0,
31213,2021-06-07 10:40:00,40.663483,-73.9627,4,0,Failure to Keep Right,4425176,31.0,20.7,0.1,0.1,0.0,1.0,51,16.5,34.9,204,Drizzle: Light,4,4,
31214,2021-06-07 16:30:00,40.843002,-73.90359,1,0,Unspecified,4424688,31.0,20.7,0.1,0.1,0.0,1.0,51,16.5,34.9,204,Drizzle: Light,1,1,
31215,2021-06-07 03:16:00,40.68207,-73.92808,0,0,Traffic Control Disregarded,4424513,31.0,20.7,0.1,0.1,0.0,1.0,51,16.5,34.9,204,Drizzle: Light,0,0,
31216,2021-06-07 14:30:00,40.61476,-74.069016,2,0,Unsafe Speed,4425229,31.0,20.7,0.1,0.1,0.0,1.0,51,16.5,34.9,204,Drizzle: Light,2,2,
31217,2021-06-07 22:40:00,40.696228,-73.97348,0,0,Backing Unsafely,4424932,31.0,20.7,0.1,0.1,0.0,1.0,51,16.5,34.9,204,Drizzle: Light,0,0,
31218,2021-06-07 08:00:00,40.71445,-73.9306,0,0,Driver Inattention/Distraction,4424793,31.0,20.7,0.1,0.1,0.0,1.0,51,16.5,34.9,204,Drizzle: Light,0,0,
31219,2021-06-07 10:55:00,40.66677,-73.77952,0,0,Unspecified,4425271,31.0,20.7,0.1,0.1,0.0,1.0,51,16.5,34.9,204,Drizzle: Light,0,0,
31220,2021-06-07 10:35:00,40.753166,-73.82194,1,0,Failure to Yield Right-of-Way,4424603,31.0,20.7,0.1,0.1,0.0,1.0,51,16.5,34.9,204,Drizzle: Light,1,1,
31221,2021-06-07 17:12:00,40.695415,-73.90806,1,0,Failure to Yield Right-of-Way,4424753,31.0,20.7,0.1,0.1,0.0,1.0,51,16.5,34.9,204,Drizzle: Light,1,1,
31222,2021-06-07 14:00:00,40.827297,-73.86919,0,0,Driver Inattention/Distraction,4424801,31.0,20.7,0.1,0.1,0.0,1.0,51,16.5,34.9,204,Drizzle: Light,0,0,
31223,2021-06-07 12:10:00,40.601974,-73.93278,0,0,Unspecified,4424780,31.0,20.7,0.1,0.1,0.0,1.0,51,16.5,34.9,204,Drizzle: Light,0,0,
31224,2021-06-07 23:44:00,40.823082,-73.86722,3,0,Unsafe Speed,4424646,31.0,20.7,0.1,0.1,0.0,1.0,51,16.5,34.9,204,Drizzle: Light,3,3,
31225,2021-06-07 16:45:00,40.57863,-74.11543,0,0,Outside Car Distraction,4424876,31.0,20.7,0.1,0.1,0.0,1.0,51,16.5,34.9,204,Drizzle: Light,0,0,
31226,2021-06-03 17:11:00,40.80761,-73.95305,0,0,Unspecified,4425096,23.0,13.2,11.9,11.9,0.0,10.0,63,13.6,38.9,165,Rain: Moderate,0,0,
31227,2021-06-07 15:00:00,40.712635,-73.7554,0,0,Passing or Lane Usage Improper,4424585,31.0,20.7,0.1,0.1,0.0,1.0,51,16.5,34.9,204,Drizzle: Light,0,0,
31228,2021-06-05 13:13:00,40.78263,-73.9512,0,0,Driver Inattention/Distraction,4425399,31.3,17.3,0.0,0.0,0.0,0.0,2,20.9,43.9,247,Partly cloudy,0,0,
31229,2021-06-07 09:30:00,40.895374,-73.86356,0,0,Failure to Yield Right-of-Way,4424916,31.0,20.7,0.1,0.1,0.0,1.0,51,16.5,34.9,204,Drizzle: Light,0,0,
31230,2021-06-03 07:40:00,40.706463,-73.96078,0,0,Backing Unsafely,4425345,23.0,13.2,11.9,11.9,0.0,10.0,63,13.6,38.9,165,Rain: Moderate,0,0,
31231,2021-06-07 00:20:00,40.73873,-73.81428,0,0,Unsafe Lane Changing,4424273,31.0,20.7,0.1,0.1,0.0,1.0,51,16.5,34.9,204,Drizzle: Light,0,0,
31232,2021-06-07 14:21:00,40.777504,-73.954956,0,0,Unsafe Lane Changing,4425032,31.0,20.7,0.1,0.1,0.0,1.0,51,16.5,34.9,204,Drizzle: Light,0,0,
31233,2021-06-07 00:40:00,40.65855,-73.91573,1,0,Unspecified,4424576,31.0,20.7,0.1,0.1,0.0,1.0,51,16.5,34.9,204,Drizzle: Light,1,1,
31234,2022-07-02 20:00:00,40.858986,-73.89382,1,0,Failure to Yield Right-of-Way,4543344,30.8,23.1,4.0,4.0,0.0,5.0,61,19.4,40.0,229,Rain: Light,1,1,
31235,2021-06-07 12:30:00,40.585842,-74.09275,0,0,Turning Improperly,4424473,31.0,20.7,0.1,0.1,0.0,1.0,51,16.5,34.9,204,Drizzle: Light,0,0,
31236,2021-06-07 13:24:00,40.73736,-73.934074,0,0,Driver Inattention/Distraction,4424620,31.0,20.7,0.1,0.1,0.0,1.0,51,16.5,34.9,204,Drizzle: Light,0,0,
31237,2021-06-07 02:47:00,40.626823,-73.996796,1,0,Alcohol Involvement,4425148,31.0,20.7,0.1,0.1,0.0,1.0,51,16.5,34.9,204,Drizzle: Light,1,1,
31238,2021-12-30 22:30:00,40.758854,-73.88502,0,0,Unsafe Speed,4491160,8.3,5.0,1.8,1.8,0.0,7.0,53,9.9,17.6,22,Drizzle: Moderate,0,0,
31239,2021-06-07 13:15:00,40.683727,-73.96092,0,0,Unspecified,4424850,31.0,20.7,0.1,0.1,0.0,1.0,51,16.5,34.9,204,Drizzle: Light,0,0,
31240,2021-06-06 08:50:00,40.716824,-73.82019,1,0,Driver Inattention/Distraction,4425260,31.0,20.0,0.0,0.0,0.0,0.0,1,16.6,32.4,222,Mainly clear,1,1,Sunny/Clear Conditions
31241,2021-12-18 11:30:00,40.818394,-73.95089,0,0,Driver Inexperience,4490969,6.3,4.5,3.8,3.8,0.0,9.0,61,12.3,24.5,35,Rain: Light,0,0,
31242,2021-06-07 17:09:00,40.669144,-73.76591,2,0,Failure to Yield Right-of-Way,4424627,31.0,20.7,0.1,0.1,0.0,1.0,51,16.5,34.9,204,Drizzle: Light,2,2,
31243,2021-05-31 17:23:00,40.70485,-73.90562,0,0,Failure to Yield Right-of-Way,4425199,20.3,9.3,0.7,0.7,0.0,5.0,51,20.9,40.7,318,Drizzle: Light,0,0,
31244,2021-06-07 23:26:00,40.842464,-73.92414,2,0,Passing or Lane Usage Improper,4424684,31.0,20.7,0.1,0.1,0.0,1.0,51,16.5,34.9,204,Drizzle: Light,2,2,
31245,2021-06-07 13:00:00,40.677456,-73.97344,0,0,Driver Inattention/Distraction,4424863,31.0,20.7,0.1,0.1,0.0,1.0,51,16.5,34.9,204,Drizzle: Light,0,0,
31246,2021-06-07 18:13:00,40.74874,-73.77832,1,0,Driver Inattention/Distraction,4424609,31.0,20.7,0.1,0.1,0.0,1.0,51,16.5,34.9,204,Drizzle: Light,1,1,
31247,2021-06-07 05:30:00,40.689976,-73.79955,1,0,Reaction to Uninvolved Vehicle,4424561,31.0,20.7,0.1,0.1,0.0,1.0,51,16.5,34.9,204,Drizzle: Light,1,1,
31248,2021-06-07 18:49:00,40.725777,-73.79175,1,0,Unspecified,4424957,31.0,20.7,0.1,0.1,0.0,1.0,51,16.5,34.9,204,Drizzle: Light,1,1,
31249,2021-06-07 18:00:00,40.6468,-73.88496,0,0,Backing Unsafely,4425045,31.0,20.7,0.1,0.1,0.0,1.0,51,16.5,34.9,204,Drizzle: Light,0,0,
31250,2021-06-07 18:30:00,40.849236,-73.86922,0,0,Unspecified,4424732,31.0,20.7,0.1,0.1,0.0,1.0,51,16.5,34.9,204,Drizzle: Light,0,0,