,CRASH DATETIME,LATITUDE,LONGITUDE,NUMBER OF PERSONS INJURED,NUMBER OF PERSONS KILLED,CONTRIBUTING FACTOR VEHICLE 1,COLLISION_ID,temperature_2m_max,temperature_2m_min,precipitation_sum,rain_sum,snowfall_sum,precipitation_hours,weather_code,wind_speed_10m_max,wind_gusts_10m_max,wind_direction_10m_dominant,Weather Description,Severity_Score,Total_Affected_Persons,Weather_Category
31251,2021-06-07 14:55:00,40.639675,-74.11777,0,0,Unspecified,4424822,31.0,20.7,0.1,0.1,0.0,1.0,51,16.5,34.9,204,Drizzle: Light,0,0,
31252,2021-06-07 17:25:00,40.608765,-73.986725,0,0,Backing Unsafely,4424635,31.0,20.7,0.1,0.1,0.0,1.0,51,16.5,34.9,204,Drizzle: Light,0,0,
31253,2021-05-25 20:50:00,40.641804,-73.95154,0,0,Driver Inattention/Distraction,4425213,21.9,13.0,0.0,0.0,0.0,0.0,3,24.3,47.9,182,Overcast,0,0,
31254,2021-06-07 00:50:00,40.608204,-73.920715,0,0,Driver Inattention/Distraction,4424671,31.0,20.7,0.1,0.1,0.0,1.0,51,16.5,34.9,204,Drizzle: Light,0,0,
31255,2021-06-07 17:40:00,40.775593,-73.91135,0,0,Passing Too Closely,4425103,31.0,20.7,0.1,0.1,0.0,1.0,51,16.5,34.9,204,Drizzle: Light,0,0,
31256,2021-05-27 17:13:00,40.752243,-73.70212,0,0,Driver Inattention/Distraction,4421333,27.4,18.3,2.4,2.4,0.0,3.0,61,23.5,42.1,313,Rain: Light,0,0,
31257,2021-06-07 08:00:00,40.598827,-74.16685,0,0,Driver Inattention/Distraction,4425160,31.0,20.7,0.1,0.1,0.0,1.0,51,16.5,34.9,204,Drizzle: Light,0,0,
31258,2021-06-07 13:53:00,40.835705,-73.88875,3,0,Driver Inattention/Distraction,4424678,31.0,20.7,0.1,0.1,0.0,1.0,51,16.5,34.9,204,Drizzle: Light,3,3,
31259,2021-06-07 10:44:00,40.809364,-73.88322,0,0,Backing Unsafely,4424887,31.0,20.7,0.1,0.1,0.0,1.0,51,16.5,34.9,204,Drizzle: Light,0,0,
31260,2021-06-07 00:45:00,40.591534,-73.97401,0,0,Unspecified,4424181,31.0,20.7,0.1,0.1,0.0,1.0,51,16.5,34.9,204,Drizzle: Light,0,0,
31261,2021-06-05 13:44:00,40.800972,-73.947174,1,0,View Obstructed/Limited,4425089,31.3,17.3,0.0,0.0,0.0,0.0,2,20.9,43.9,247,Partly cloudy,1,1,
31262,2021-06-07 09:00:00,40.756104,-73.800804,0,0,Traffic Control Disregarded,4424973,31.0,20.7,0.1,0.1,0.0,1.0,51,16.5,34.9,204,Drizzle: Light,0,0,
31263,2021-06-07 14:00:00,40.753925,-73.99761,0,0,Passing or Lane Usage Improper,4424583,31.0,20.7,0.1,0.1,0.0,1.0,51,16.5,34.9,204,Drizzle: Light,0,0,
31264,2021-06-07 19:10:00,40.68043,-73.842926,1,0,Passing Too Closely,4424770,31.0,20.7,0.1,0.1,0.0,1.0,51,16.5,34.9,204,Drizzle: Light,1,1,
31265,2021-06-07 11:50:00,40.785633,-73.855995,0,0,Unspecified,4424455,31.0,20.7,0.1,0.1,0.0,1.0,51,16.5,34.9,204,Drizzle: Light,0,0,
31266,2021-06-07 14:00:00,40.75276,-73.87539,1,0,Driver Inattention/Distraction,4424758,31.0,20.7,0.1,0.1,0.0,1.0,51,16.5,34.9,204,Drizzle: Light,1,1,
31267,2021-06-07 21:00:00,40.830437,-73.83748,0,0,Unspecified,4425385,31.0,20.7,0.1,0.1,0.0,1.0,51,16.5,34.9,204,Drizzle: Light,0,0,
31268,2021-06-07 09:00:00,40.679485,-73.87929,0,0,Unspecified,4425057,31.0,20.7,0.1,0.1,0.0,1.0,51,16.5,34.9,204,Drizzle: Light,0,0,
31269,2021-06-07 21:00:00,40.812252,-73.955284,0,0,Unspecified,4424639,31.0,20.7,0.1,0.1,0.0,1.0,51,16.5,34.9,204,Drizzle: Light,0,0,
31270,2021-05-22 02:35:00,40.64232,-73.926254,0,0,Unspecified,4425249,30.5,16.5,0.0,0.0,0.0,0.0,3,19.1,36.4,299,Overcast,0,0,
31271,2021-06-07 15:00:00,40.845005,-73.90741,0,0,Driver Inattention/Distraction,4424663,31.0,20.7,0.1,0.1,0.0,1.0,51,16.5,34.9,204,Drizzle: Light,0,0,
31272,2021-06-06 13:00:00,40.660137,-73.983925,0,0,Unspecified,4425304,31.0,20.0,0.0,0.0,0.0,0.0,1,16.6,32.4,222,Mainly clear,0,0,Sunny/Clear Conditions
31273,2021-06-07 12:15:00,40.686108,-73.96644,0,0,Passing Too Closely,4424815,31.0,20.7,0.1,0.1,0.0,1.0,51,16.5,34.9,204,Drizzle: Light,0,0,
31274,2021-06-07 08:32:00,40.706852,-73.948204,0,0,Oversized Vehicle,4424696,31.0,20.7,0.1,0.1,0.0,1.0,51,16.5,34.9,204,Drizzle: Light,0,0,
31275,2021-12-24 21:30:00,40.66364,-73.88469,0,0,Steering Failure,4491247,5.7,-1.1,1.0,0.0,0.7,5.0,73,12.4,21.6,73,Snow fall: Moderate,0,0,Snowy Conditions
31276,2021-06-07 00:00:00,40.70927,-73.797325,1,0,Driver Inattention/Distraction,4424557,31.0,20.7,0.1,0.1,0.0,1.0,51,16.5,34.9,204,Drizzle: Light,1,1,
31277,2021-06-07 08:10:00,40.621353,-73.96993,0,0,Unspecified,4425140,31.0,20.7,0.1,0.1,0.0,1.0,51,16.5,34.9,204,Drizzle: Light,0,0,
31278,2021-06-07 01:30:00,40.69832,-73.962265,1,0,Driver Inattention/Distraction,4424324,31.0,20.7,0.1,0.1,0.0,1.0,51,16.5,34.9,204,Drizzle: Light,1,1,
31279,2021-06-07 17:30:00,40.64828,-73.998955,2,0,Driver Inattention/Distraction,4425117,31.0,20.7,0.1,0.1,0.0,1.0,51,16.5,34.9,204,Drizzle: Light,2,2,
31280,2021-06-07 15:20:00,40.75928,-73.959274,0,0,Following Too Closely,4424707,31.0,20.7,0.1,0.1,0.0,1.0,51,16.5,34.9,204,Drizzle: Light,0,0,
31281,2021-06-05 09:30:00,40.849907,-73.93977,0,0,Unspecified,4425210,31.3,17.3,0.0,0.0,0.0,0.0,2,20.9,43.9,247,Partly cloudy,0,0,
31282,2021-06-07 10:30:00,40.59457,-73.76441,0,0,Unspecified,4425074,31.0,20.7,0.1,0.1,0.0,1.0,51,16.5,34.9,204,Drizzle: Light,0,0,
31283,2021-06-07 19:25:00,40.635544,-74.01123,0,0,Unspecified,4425166,31.0,20.7,0.1,0.1,0.0,1.0,51,16.5,34.9,204,Drizzle: Light,0,0,
31284,2021-06-07 00:55:00,40.675266,-73.78261,0,0,Unsafe Speed,4424515,31.0,20.7,0.1,0.1,0.0,1.0,51,16.5,34.9,204,Drizzle: Light,0,0,
31285,2021-06-07 13:56:00,40.737545,-74.00387,0,0,Driver Inattention/Distraction,4424826,31.0,20.7,0.1,0.1,0.0,1.0,51,16.5,34.9,204,Drizzle: Light,0,0,
31286,2022-06-30 19:00:00,40.66059,-73.931335,1,0,Unspecified,4543318,31.2,17.3,0.0,0.0,0.0,0.0,2,19.1,37.4,274,Partly cloudy,1,1,
31287,2021-06-07 21:00:00,40.703022,-73.83125,1,0,Failure to Yield Right-of-Way,4424787,31.0,20.7,0.1,0.1,0.0,1.0,51,16.5,34.9,204,Drizzle: Light,1,1,
31288,2021-06-07 17:55:00,40.678276,-73.910805,0,0,Unspecified,4424794,31.0,20.7,0.1,0.1,0.0,1.0,51,16.5,34.9,204,Drizzle: Light,0,0,
31289,2021-06-07 13:23:00,40.748398,-73.94479,0,0,Failure to Yield Right-of-Way,4425214,31.0,20.7,0.1,0.1,0.0,1.0,51,16.5,34.9,204,Drizzle: Light,0,0,
31290,2021-06-07 06:39:00,40.62847,-74.002525,1,0,Traffic Control Disregarded,4424319,31.0,20.7,0.1,0.1,0.0,1.0,51,16.5,34.9,204,Drizzle: Light,1,1,
31291,2021-12-29 17:23:00,40.66059,-73.931335,1,0,Failure to Yield Right-of-Way,4490607,7.6,4.1,8.1,8.1,0.0,8.0,61,12.2,24.1,52,Rain: Light,1,1,
31292,2021-06-07 14:14:00,40.64471,-73.957985,0,0,Unspecified,4424668,31.0,20.7,0.1,0.1,0.0,1.0,51,16.5,34.9,204,Drizzle: Light,0,0,
31293,2021-06-07 14:55:00,40.661705,-73.92487,0,0,Unspecified,4425242,31.0,20.7,0.1,0.1,0.0,1.0,51,16.5,34.9,204,Drizzle: Light,0,0,
31294,2021-06-01 17:13:00,40.71799,-73.96424,0,0,Oversized Vehicle,4425323,23.5,9.7,0.0,0.0,0.0,0.0,3,17.6,32.0,221,Overcast,0,0,
31295,2021-06-07 05:55:00,40.644554,-73.916046,0,0,Backing Unsafely,4424449,31.0,20.7,0.1,0.1,0.0,1.0,51,16.5,34.9,204,Drizzle: Light,0,0,
31296,2021-06-03 10:50:00,40.78202,-73.97173,0,0,Driver Inattention/Distraction,4425233,23.0,13.2,11.9,11.9,0.0,10.0,63,13.6,38.9,165,Rain: Moderate,0,0,
31297,2022-04-02 18:33:00,40.60216,-73.94707,0,0,Unspecified,4515936,11.1,1.4,0.0,0.0,0.0,0.0,3,26.3,47.9,286,Overcast,0,0,
31298,2021-06-07 14:30:00,40.82267,-73.92007,0,0,Unspecified,4424785,31.0,20.7,0.1,0.1,0.0,1.0,51,16.5,34.9,204,Drizzle: Light,0,0,
31299,2021-05-21 09:50:00,40.66696,-73.77078,0,0,Unsafe Lane Changing,4418921,23.9,11.3,0.0,0.0,0.0,0.0,3,19.2,38.5,174,Overcast,0,0,
31300,2021-06-07 07:40:00,40.73261,-73.8686,0,0,Following Too Closely,4425178,31.0,20.7,0.1,0.1,0.0,1.0,51,16.5,34.9,204,Drizzle: Light,0,0,
31301,2021-06-07 17:40:00,40.658897,-73.8418,0,0,Failure to Yield Right-of-Way,4424687,31.0,20.7,0.1,0.1,0.0,1.0,51,16.5,34.9,204,Drizzle: Light,0,0,
31302,2021-06-07 10:13:00,40.612442,-74.15922,2,0,Unspecified,4424485,31.0,20.7,0.1,0.1,0.0,1.0,51,16.5,34.9,204,Drizzle: Light,2,2,
31303,2021-06-07 15:00:00,40.676605,-73.88157,0,0,Driver Inattention/Distraction,4425044,31.0,20.7,0.1,0.1,0.0,1.0,51,16.5,34.9,204,Drizzle: Light,0,0,
31304,2021-06-07 14:45:00,40.884617,-73.83195,0,0,Unspecified,4424922,31.0,20.7,0.1,0.1,0.0,1.0,51,16.5,34.9,204,Drizzle: Light,0,0,
31305,2021-06-07 15:55:00,40.738544,-73.90293,1,0,Driver Inattention/Distraction,4424621,31.0,20.7,0.1,0.1,0.0,1.0,51,16.5,34.9,204,Drizzle: Light,1,1,
31306,2021-06-07 10:40:00,40.810917,-73.902725,0,0,Unspecified,4425352,31.0,20.7,0.1,0.1,0.0,1.0,51,16.5,34.9,204,Drizzle: Light,0,0,
31307,2021-06-07 11:54:00,40.711628,-73.729385,0,0,Unsafe Lane Changing,4424604,31.0,20.7,0.1,0.1,0.0,1.0,51,16.5,34.9,204,Drizzle: Light,0,0,
31308,2021-06-07 20:26:00,40.849354,-73.889,0,0,Oversized Vehicle,4424837,31.0,20.7,0.1,0.1,0.0,1.0,51,16.5,34.9,204,Drizzle: Light,0,0,
31309,2021-06-07 08:00:00,40.620438,-74.1672,0,0,Fell Asleep,4424874,31.0,20.7,0.1,0.1,0.0,1.0,51,16.5,34.9,204,Drizzle: Light,0,0,
31310,2021-06-07 21:20:00,40.79525,-73.97321,1,0,Unspecified,4424628,31.0,20.7,0.1,0.1,0.0,1.0,51,16.5,34.9,204,Drizzle: Light,1,1,
31311,2021-05-31 16:12:00,40.783417,-73.956955,0,0,Driver Inattention/Distraction,4425370,20.3,9.3,0.7,0.7,0.0,5.0,51,20.9,40.7,318,Drizzle: Light,0,0,
31312,2021-05-27 20:04:00,40.843136,-73.91097,0,0,Passing Too Closely,4425188,27.4,18.3,2.4,2.4,0.0,3.0,61,23.5,42.1,313,Rain: Light,0,0,
31313,2021-06-07 01:39:00,40.67045,-73.911896,1,0,Unsafe Speed,4424567,31.0,20.7,0.1,0.1,0.0,1.0,51,16.5,34.9,204,Drizzle: Light,1,1,
31314,2021-06-07 07:10:00,40.811638,-73.9316,0,0,Following Too Closely,4424482,31.0,20.7,0.1,0.1,0.0,1.0,51,16.5,34.9,204,Drizzle: Light,0,0,
31315,2021-06-07 22:45:00,40.71217,-74.00557,0,0,Unspecified,4425150,31.0,20.7,0.1,0.1,0.0,1.0,51,16.5,34.9,204,Drizzle: Light,0,0,
31316,2021-06-07 08:31:00,40.82579,-73.941055,1,0,Unsafe Speed,4424419,31.0,20.7,0.1,0.1,0.0,1.0,51,16.5,34.9,204,Drizzle: Light,1,1,
31317,2021-06-07 17:40:00,40.674232,-73.86177,0,0,Driver Inexperience,4425060,31.0,20.7,0.1,0.1,0.0,1.0,51,16.5,34.9,204,Drizzle: Light,0,0,
31318,2021-06-07 15:00:00,40.715034,-73.99681,1,0,Failure to Yield Right-of-Way,4424750,31.0,20.7,0.1,0.1,0.0,1.0,51,16.5,34.9,204,Drizzle: Light,1,1,
31319,2021-06-02 06:10:00,40.666695,-73.767136,0,0,Passing or Lane Usage Improper,4425279,22.4,13.0,0.0,0.0,0.0,0.0,3,16.7,34.9,176,Overcast,0,0,
31320,2021-06-07 13:24:00,40.818592,-73.86731,3,0,Driver Inattention/Distraction,4424800,31.0,20.7,0.1,0.1,0.0,1.0,51,16.5,34.9,204,Drizzle: Light,3,3,
31321,2022-04-02 01:17:00,40.723305,-74.00299,0,0,Pavement Defective,4515594,11.1,1.4,0.0,0.0,0.0,0.0,3,26.3,47.9,286,Overcast,0,0,
31322,2021-06-07 11:05:00,40.58848,-73.991875,1,0,Failure to Yield Right-of-Way,4424776,31.0,20.7,0.1,0.1,0.0,1.0,51,16.5,34.9,204,Drizzle: Light,1,1,
31323,2021-06-07 17:12:00,40.62546,-74.14845,0,0,Driver Inattention/Distraction,4424683,31.0,20.7,0.1,0.1,0.0,1.0,51,16.5,34.9,204,Drizzle: Light,0,0,
31324,2021-06-07 07:30:00,40.65906,-73.88459,5,0,Failure to Yield Right-of-Way,4424411,31.0,20.7,0.1,0.1,0.0,1.0,51,16.5,34.9,204,Drizzle: Light,5,5,
31325,2021-06-07 16:00:00,40.728302,-73.8549,0,0,Turning Improperly,4424574,31.0,20.7,0.1,0.1,0.0,1.0,51,16.5,34.9,204,Drizzle: Light,0,0,
31326,2021-06-05 18:55:00,40.634468,-73.99271,1,0,Unspecified,4425135,31.3,17.3,0.0,0.0,0.0,0.0,2,20.9,43.9,247,Partly cloudy,1,1,
31327,2021-06-07 19:10:00,40.74498,-73.89325,1,0,Driver Inattention/Distraction,4424658,31.0,20.7,0.1,0.1,0.0,1.0,51,16.5,34.9,204,Drizzle: Light,1,1,
31328,2021-06-07 13:45:00,40.668793,-73.97999,0,0,Following Too Closely,4424535,31.0,20.7,0.1,0.1,0.0,1.0,51,16.5,34.9,204,Drizzle: Light,0,0,
31329,2021-06-05 18:38:00,40.842247,-73.91403,1,0,Failure to Yield Right-of-Way,4425403,31.3,17.3,0.0,0.0,0.0,0.0,2,20.9,43.9,247,Partly cloudy,1,1,
31330,2021-06-07 21:10:00,40.898876,-73.85539,1,0,Turning Improperly,4424931,31.0,20.7,0.1,0.1,0.0,1.0,51,16.5,34.9,204,Drizzle: Light,1,1,
31331,2021-06-07 16:05:00,40.57944,-73.979614,1,0,Backing Unsafely,4425036,31.0,20.7,0.1,0.1,0.0,1.0,51,16.5,34.9,204,Drizzle: Light,1,1,
31332,2021-06-07 12:00:00,40.71018,-73.91085,0,0,Passing or Lane Usage Improper,4424845,31.0,20.7,0.1,0.1,0.0,1.0,51,16.5,34.9,204,Drizzle: Light,0,0,
31333,2021-06-03 05:00:00,40.803726,-73.95779,1,0,Driver Inattention/Distraction,4425094,23.0,13.2,11.9,11.9,0.0,10.0,63,13.6,38.9,165,Rain: Moderate,1,1,
31334,2021-06-06 21:35:00,40.828938,-73.82823,0,0,Passing Too Closely,4425415,31.0,20.0,0.0,0.0,0.0,0.0,1,16.6,32.4,222,Mainly clear,0,0,Sunny/Clear Conditions
31335,2021-06-07 10:33:00,40.641724,-73.919624,0,0,Unspecified,4425261,31.0,20.7,0.1,0.1,0.0,1.0,51,16.5,34.9,204,Drizzle: Light,0,0,
31336,2021-06-07 01:45:00,40.64668,-73.92403,0,0,Unsafe Speed,4424587,31.0,20.7,0.1,0.1,0.0,1.0,51,16.5,34.9,204,Drizzle: Light,0,0,
31337,2021-06-07 00:00:00,40.646786,-74.008575,2,0,Unspecified,4424866,31.0,20.7,0.1,0.1,0.0,1.0,51,16.5,34.9,204,Drizzle: Light,2,2,
31338,2021-06-04 10:42:00,40.631596,-73.98494,0,0,Unspecified,4425132,25.3,17.4,6.5,6.5,0.0,10.0,61,17.9,37.8,235,Rain: Light,0,0,
31339,2021-06-07 13:54:00,40.77074,-73.93002,0,0,Unsafe Speed,4424713,31.0,20.7,0.1,0.1,0.0,1.0,51,16.5,34.9,204,Drizzle: Light,0,0,
31340,2021-06-04 16:11:00,40.630688,-73.98947,0,0,Brakes Defective,4425145,25.3,17.4,6.5,6.5,0.0,10.0,61,17.9,37.8,235,Rain: Light,0,0,
31341,2021-06-06 17:30:00,40.726444,-73.90317,0,0,Unsafe Lane Changing,4425179,31.0,20.0,0.0,0.0,0.0,0.0,1,16.6,32.4,222,Mainly clear,0,0,Sunny/Clear Conditions
31342,2021-06-07 11:40:00,40.788055,-73.94433,0,0,Backing Unsafely,4424458,31.0,20.7,0.1,0.1,0.0,1.0,51,16.5,34.9,204,Drizzle: Light,0,0,
31343,2021-06-07 13:28:00,40.731117,-73.985855,0,0,Driver Inattention/Distraction,4424772,31.0,20.7,0.1,0.1,0.0,1.0,51,16.5,34.9,204,Drizzle: Light,0,0,
31344,2021-06-07 13:55:00,40.66118,-73.95696,17,0,Following Too Closely,4425069,31.0,20.7,0.1,0.1,0.0,1.0,51,16.5,34.9,204,Drizzle: Light,17,17,
31345,2021-06-07 12:18:00,40.705482,-73.92826,1,0,Driver Inattention/Distraction,4424699,31.0,20.7,0.1,0.1,0.0,1.0,51,16.5,34.9,204,Drizzle: Light,1,1,
31346,2021-06-07 08:30:00,40.749054,-73.95222,0,0,Driver Inattention/Distraction,4424436,31.0,20.7,0.1,0.1,0.0,1.0,51,16.5,34.9,204,Drizzle: Light,0,0,
31347,2021-06-07 05:50:00,40.667522,-73.78063,0,0,Unspecified,4424516,31.0,20.7,0.1,0.1,0.0,1.0,51,16.5,34.9,204,Drizzle: Light,0,0,
31348,2021-06-07 20:30:00,40.80999,-73.93754,0,0,Driver Inattention/Distraction,4424808,31.0,20.7,0.1,0.1,0.0,1.0,51,16.5,34.9,204,Drizzle: Light,0,0,
31349,2021-06-07 17:00:00,40.59761,-74.084496,0,0,Driver Inattention/Distraction,4424795,31.0,20.7,0.1,0.1,0.0,1.0,51,16.5,34.9,204,Drizzle: Light,0,0,
31350,2021-06-07 08:00:00,40.825573,-73.918465,1,0,Following Too Closely,4424393,31.0,20.7,0.1,0.1,0.0,1.0,51,16.5,34.9,204,Drizzle: Light,1,1,
31351,2021-06-03 07:38:00,40.803726,-73.95779,0,0,Passing or Lane Usage Improper,4425095,23.0,13.2,11.9,11.9,0.0,10.0,63,13.6,38.9,165,Rain: Moderate,0,0,
31352,2021-04-29 15:45:00,40.83955,-73.91595,0,0,Turning Improperly,4425384,22.5,12.9,3.8,3.8,0.0,9.0,53,25.6,50.8,199,Drizzle: Moderate,0,0,
31353,2022-04-02 00:00:00,40.782005,-73.95167,0,0,Unspecified,4515954,11.1,1.4,0.0,0.0,0.0,0.0,3,26.3,47.9,286,Overcast,0,0,
31354,2021-06-07 18:00:00,40.667942,-73.99074,1,0,View Obstructed/Limited,4424853,31.0,20.7,0.1,0.1,0.0,1.0,51,16.5,34.9,204,Drizzle: Light,1,1,
31355,2021-05-22 16:40:00,40.7861,-73.93967,0,0,Unsafe Lane Changing,4425206,30.5,16.5,0.0,0.0,0.0,0.0,3,19.1,36.4,299,Overcast,0,0,
31356,2021-06-07 21:30:00,40.605595,-73.98404,0,0,Driver Inattention/Distraction,4424634,31.0,20.7,0.1,0.1,0.0,1.0,51,16.5,34.9,204,Drizzle: Light,0,0,
31357,2021-06-07 19:30:00,40.71781,-73.80358,0,0,Driver Inattention/Distraction,4424953,31.0,20.7,0.1,0.1,0.0,1.0,51,16.5,34.9,204,Drizzle: Light,0,0,
31358,2021-06-07 08:17:00,40.598976,-73.97602,0,0,Driver Inattention/Distraction,4424992,31.0,20.7,0.1,0.1,0.0,1.0,51,16.5,34.9,204,Drizzle: Light,0,0,
31359,2021-06-07 01:26:00,40.73319,-73.866875,0,0,Driver Inattention/Distraction,4424185,31.0,20.7,0.1,0.1,0.0,1.0,51,16.5,34.9,204,Drizzle: Light,0,0,
31360,2021-06-06 17:39:00,40.61462,-73.968666,1,0,Unspecified,4425139,31.0,20.0,0.0,0.0,0.0,0.0,1,16.6,32.4,222,Mainly clear,1,1,Sunny/Clear Conditions
31361,2021-06-07 22:55:00,40.63677,-73.95,0,0,Backing Unsafely,4424667,31.0,20.7,0.1,0.1,0.0,1.0,51,16.5,34.9,204,Drizzle: Light,0,0,
31362,2021-06-07 14:11:00,40.861744,-73.911804,0,0,Unspecified,4424679,31.0,20.7,0.1,0.1,0.0,1.0,51,16.5,34.9,204,Drizzle: Light,0,0,
31363,2021-06-07 13:20:00,40.639744,-73.92987,0,0,Driver Inattention/Distraction,4425248,31.0,20.7,0.1,0.1,0.0,1.0,51,16.5,34.9,204,Drizzle: Light,0,0,
31364,2021-06-06 00:45:00,40.80133,-73.950195,0,0,Driver Inattention/Distraction,4425090,31.0,20.0,0.0,0.0,0.0,0.0,1,16.6,32.4,222,Mainly clear,0,0,Sunny/Clear Conditions
31365,2021-06-07 14:50:00,40.665398,-73.95093,1,0,Failure to Yield Right-of-Way,4425321,31.0,20.7,0.1,0.1,0.0,1.0,51,16.5,34.9,204,Drizzle: Light,1,1,
31366,2021-06-07 05:25:00,40.648705,-74.01177,0,0,Alcohol Involvement,4424582,31.0,20.7,0.1,0.1,0.0,1.0,51,16.5,34.9,204,Drizzle: Light,0,0,
31367,2021-06-07 21:33:00,40.847546,-73.93565,0,0,Aggressive Driving/Road Rage,4424818,31.0,20.7,0.1,0.1,0.0,1.0,51,16.5,34.9,204,Drizzle: Light,0,0,
31368,2021-06-07 14:25:00,40.587337,-73.81306,1,0,Backing Unsafely,4424612,31.0,20.7,0.1,0.1,0.0,1.0,51,16.5,34.9,204,Drizzle: Light,1,1,
31369,2021-06-07 14:00:00,40.641186,-74.014404,0,0,Driver Inattention/Distraction,4425118,31.0,20.7,0.1,0.1,0.0,1.0,51,16.5,34.9,204,Drizzle: Light,0,0,
31370,2021-05-29 14:50:00,40.672688,-73.73544,0,0,Driver Inattention/Distraction,4421508,11.0,8.5,25.1,25.1,0.0,22.0,63,29.9,56.9,39,Rain: Moderate,0,0,
31371,2021-06-04 18:05:00,40.63509,-74.160255,1,0,Unspecified,4425218,25.3,17.4,6.5,6.5,0.0,10.0,61,17.9,37.8,235,Rain: Light,1,1,
31372,2021-06-07 16:50:00,40.596107,-73.968445,0,0,Driver Inattention/Distraction,4424672,31.0,20.7,0.1,0.1,0.0,1.0,51,16.5,34.9,204,Drizzle: Light,0,0,
31373,2021-06-07 08:10:00,40.761143,-73.75549,0,0,Following Too Closely,4424502,31.0,20.7,0.1,0.1,0.0,1.0,51,16.5,34.9,204,Drizzle: Light,0,0,
31374,2021-06-07 07:35:00,40.623585,-74.00671,0,0,Unspecified,4424316,31.0,20.7,0.1,0.1,0.0,1.0,51,16.5,34.9,204,Drizzle: Light,0,0,
31375,2021-06-07 12:10:00,40.716965,-73.99443,0,0,Passing or Lane Usage Improper,4424759,31.0,20.7,0.1,0.1,0.0,1.0,51,16.5,34.9,204,Drizzle: Light,0,0,
31376,2021-12-29 20:25:00,40.832047,-73.88775,2,0,Unsafe Speed,4490974,7.6,4.1,8.1,8.1,0.0,8.0,61,12.2,24.1,52,Rain: Light,2,2,
31377,2021-06-07 07:37:00,40.703556,-73.78805,0,0,Passing Too Closely,4424563,31.0,20.7,0.1,0.1,0.0,1.0,51,16.5,34.9,204,Drizzle: Light,0,0,
31378,2021-06-07 09:30:00,40.730026,-73.945244,0,0,Passing or Lane Usage Improper,4424542,31.0,20.7,0.1,0.1,0.0,1.0,51,16.5,34.9,204,Drizzle: Light,0,0,
31379,2021-06-07 19:30:00,40.80563,-73.922554,2,0,Oversized Vehicle,4424788,31.0,20.7,0.1,0.1,0.0,1.0,51,16.5,34.9,204,Drizzle: Light,2,2,
31380,2021-06-07 07:30:00,40.64882,-74.00288,0,0,Unspecified,4425099,31.0,20.7,0.1,0.1,0.0,1.0,51,16.5,34.9,204,Drizzle: Light,0,0,
31381,2021-06-06 01:05:00,40.812622,-73.92934,0,0,Passing or Lane Usage Improper,4425377,31.0,20.0,0.0,0.0,0.0,0.0,1,16.6,32.4,222,Mainly clear,0,0,Sunny/Clear Conditions
31382,2021-06-07 19:40:00,40.78597,-73.96885,0,0,Passing Too Closely,4424608,31.0,20.7,0.1,0.1,0.0,1.0,51,16.5,34.9,204,Drizzle: Light,0,0,
31383,2021-06-07 01:30:00,40.764988,-73.82067,0,0,Traffic Control Disregarded,4424638,31.0,20.7,0.1,0.1,0.0,1.0,51,16.5,34.9,204,Drizzle: Light,0,0,
31384,2021-06-07 14:25:00,40.66632,-73.89926,0,0,Traffic Control Disregarded,4425056,31.0,20.7,0.1,0.1,0.0,1.0,51,16.5,34.9,204,Drizzle: Light,0,0,
31385,2021-06-07 23:26:00,40.818615,-73.889175,0,0,Unspecified,4424890,31.0,20.7,0.1,0.1,0.0,1.0,51,16.5,34.9,204,Drizzle: Light,0,0,
31386,2021-06-07 03:50:00,40.715412,-73.912834,0,0,Unsafe Speed,4425196,31.0,20.7,0.1,0.1,0.0,1.0,51,16.5,34.9,204,Drizzle: Light,0,0,
31387,2021-06-07 15:14:00,40.652855,-73.94577,0,0,Unspecified,4425241,31.0,20.7,0.1,0.1,0.0,1.0,51,16.5,34.9,204,Drizzle: Light,0,0,
31388,2021-06-07 00:40:00,40.756367,-73.96012,0,0,Unsafe Speed,4424661,31.0,20.7,0.1,0.1,0.0,1.0,51,16.5,34.9,204,Drizzle: Light,0,0,
31389,2021-06-06 17:58:00,40.80417,-73.966705,1,0,Backing Unsafely,4425292,31.0,20.0,0.0,0.0,0.0,0.0,1,16.6,32.4,222,Mainly clear,1,1,Sunny/Clear Conditions
31390,2021-06-07 13:45:00,40.863266,-73.89203,0,0,Unspecified,4424596,31.0,20.7,0.1,0.1,0.0,1.0,51,16.5,34.9,204,Drizzle: Light,0,0,
31391,2021-06-07 21:26:00,40.726044,-73.90204,3,0,Unsafe Lane Changing,4424867,31.0,20.7,0.1,0.1,0.0,1.0,51,16.5,34.9,204,Drizzle: Light,3,3,
31392,2021-06-07 08:50:00,40.70938,-73.86964,0,0,Oversized Vehicle,4424879,31.0,20.7,0.1,0.1,0.0,1.0,51,16.5,34.9,204,Drizzle: Light,0,0,
31393,2021-05-16 12:45:00,40.82098,-73.89388,0,0,Unspecified,4425354,22.3,10.7,0.1,0.1,0.0,1.0,51,23.8,46.1,261,Drizzle: Light,0,0,
31394,2021-06-07 18:54:00,40.90489,-73.84964,0,0,Unspecified,4424923,31.0,20.7,0.1,0.1,0.0,1.0,51,16.5,34.9,204,Drizzle: Light,0,0,