,CRASH DATETIME,LATITUDE,LONGITUDE,NUMBER OF PERSONS INJURED,NUMBER OF PERSONS KILLED,CONTRIBUTING FACTOR VEHICLE 1,COLLISION_ID,temperature_2m_max,temperature_2m_min,precipitation_sum,rain_sum,snowfall_sum,precipitation_hours,weather_code,wind_speed_10m_max,wind_gusts_10m_max,wind_direction_10m_dominant,Weather Description,Severity_Score,Total_Affected_Persons,Weather_Category
31395,2021-06-07 18:35:00,40.74413,-73.927055,0,0,Driver Inattention/Distraction,4424622,31.0,20.7,0.1,0.1,0.0,1.0,51,16.5,34.9,204,Drizzle: Light,0,0,
31396,2021-12-31 04:20:00,40.757393,-73.93547,2,0,Driver Inattention/Distraction,4491114,11.1,7.1,2.7,2.7,0.0,5.0,55,14.9,29.2,193,Drizzle: Dense,2,2,
31397,2021-12-24 08:00:00,40.652767,-73.8863,0,0,Unspecified,4491276,5.7,-1.1,1.0,0.0,0.7,5.0,73,12.4,21.6,73,Snow fall: Moderate,0,0,Snowy Conditions
31398,2021-12-29 08:51:00,40.702564,-73.790565,1,0,Driver Inattention/Distraction,4491642,7.6,4.1,8.1,8.1,0.0,8.0,61,12.2,24.1,52,Rain: Light,1,1,
31399,2021-12-30 00:05:00,40.614193,-73.8972,0,0,Unsafe Speed,4490722,8.3,5.0,1.8,1.8,0.0,7.0,53,9.9,17.6,22,Drizzle: Moderate,0,0,
31400,2021-12-28 10:30:00,40.68978,-73.98139,0,0,Driver Inattention/Distraction,4491018,8.5,2.2,0.0,0.0,0.0,0.0,3,12.5,22.0,271,Overcast,0,0,
31401,2021-12-31 20:00:00,40.83933,-73.89904,0,0,Unspecified,4491439,11.1,7.1,2.7,2.7,0.0,5.0,55,14.9,29.2,193,Drizzle: Dense,0,0,
31402,2021-12-19 09:45:00,40.88425,-73.900635,0,0,Driver Inattention/Distraction,4490901,7.1,-1.8,0.5,0.5,0.0,4.0,51,26.4,47.5,327,Drizzle: Light,0,0,
31403,2021-12-15 20:10:00,40.7736,-73.98158,1,0,Driver Inattention/Distraction,4491317,10.3,1.8,1.0,1.0,0.0,6.0,51,20.6,38.2,104,Drizzle: Light,1,1,
31404,2021-12-31 08:25:00,40.638542,-73.875694,0,0,Unspecified,4491560,11.1,7.1,2.7,2.7,0.0,5.0,55,14.9,29.2,193,Drizzle: Dense,0,0,
31405,2021-12-31 00:15:00,40.786068,-73.83744,0,0,Passing Too Closely,4490824,11.1,7.1,2.7,2.7,0.0,5.0,55,14.9,29.2,193,Drizzle: Dense,0,0,
31406,2021-12-22 08:00:00,40.879616,-73.9043,0,0,Unspecified,4490914,8.1,-0.0,4.2,4.2,0.0,9.0,61,26.7,47.9,313,Rain: Light,0,0,
31407,2021-12-31 09:50:00,40.816856,-73.92076,1,0,Turning Improperly,4491080,11.1,7.1,2.7,2.7,0.0,5.0,55,14.9,29.2,193,Drizzle: Dense,1,1,
31408,2021-12-30 07:33:00,40.64255,-73.904106,0,0,,4490700,8.3,5.0,1.8,1.8,0.0,7.0,53,9.9,17.6,22,Drizzle: Moderate,0,0,
31409,2021-12-31 03:40:00,40.568764,-74.11149,0,0,Traffic Control Disregarded,4491017,11.1,7.1,2.7,2.7,0.0,5.0,55,14.9,29.2,193,Drizzle: Dense,0,0,
31410,2021-12-30 05:45:00,40.710976,-73.97962,1,0,Driver Inattention/Distraction,4490620,8.3,5.0,1.8,1.8,0.0,7.0,53,9.9,17.6,22,Drizzle: Moderate,1,1,
31411,2021-12-29 20:45:00,40.833218,-73.89946,0,0,Traffic Control Device Improper/Non-Working,4490701,7.6,4.1,8.1,8.1,0.0,8.0,61,12.2,24.1,52,Rain: Light,0,0,
31412,2021-12-31 05:12:00,40.58489,-73.92885,0,0,Unspecified,4491372,11.1,7.1,2.7,2.7,0.0,5.0,55,14.9,29.2,193,Drizzle: Dense,0,0,
31413,2021-12-31 18:35:00,40.667313,-73.73926,0,0,Unspecified,4491032,11.1,7.1,2.7,2.7,0.0,5.0,55,14.9,29.2,193,Drizzle: Dense,0,0,
31414,2021-12-30 05:16:00,40.788795,-73.93755,0,0,Pavement Slippery,4490675,8.3,5.0,1.8,1.8,0.0,7.0,53,9.9,17.6,22,Drizzle: Moderate,0,0,
31415,2021-12-23 10:00:00,40.852272,-73.93881,0,0,Unspecified,4490864,2.1,-2.3,0.0,0.0,0.0,0.0,3,20.1,35.6,299,Overcast,0,0,
31416,2021-12-31 13:45:00,40.62539,-74.135376,0,0,Driver Inattention/Distraction,4491049,11.1,7.1,2.7,2.7,0.0,5.0,55,14.9,29.2,193,Drizzle: Dense,0,0,
31417,2021-12-29 02:45:00,40.820095,-73.89024,0,0,Unspecified,4490348,7.6,4.1,8.1,8.1,0.0,8.0,61,12.2,24.1,52,Rain: Light,0,0,
31418,2021-12-30 18:00:00,40.5466,-74.22888,0,0,Unspecified,4490886,8.3,5.0,1.8,1.8,0.0,7.0,53,9.9,17.6,22,Drizzle: Moderate,0,0,
31419,2021-12-31 13:40:00,40.665348,-73.73066,0,0,Driver Inattention/Distraction,4491149,11.1,7.1,2.7,2.7,0.0,5.0,55,14.9,29.2,193,Drizzle: Dense,0,0,
31420,2021-12-31 03:42:00,40.66485,-73.91501,0,0,Driver Inattention/Distraction,4491177,11.1,7.1,2.7,2.7,0.0,5.0,55,14.9,29.2,193,Drizzle: Dense,0,0,
31421,2021-12-23 21:18:00,40.87526,-73.90227,0,0,Unspecified,4490933,2.1,-2.3,0.0,0.0,0.0,0.0,3,20.1,35.6,299,Overcast,0,0,
31422,2021-12-29 21:00:00,40.73777,-73.85507,0,0,Tire Failure/Inadequate,4490584,7.6,4.1,8.1,8.1,0.0,8.0,61,12.2,24.1,52,Rain: Light,0,0,
31423,2021-12-31 01:45:00,40.661224,-73.76906,1,0,Outside Car Distraction,4490803,11.1,7.1,2.7,2.7,0.0,5.0,55,14.9,29.2,193,Drizzle: Dense,1,1,
31424,2021-12-15 19:15:00,40.87802,-73.90241,0,0,Failure to Yield Right-of-Way,4490928,10.3,1.8,1.0,1.0,0.0,6.0,51,20.6,38.2,104,Drizzle: Light,0,0,
31425,2021-12-25 00:00:00,40.888596,-73.89068,0,0,Unspecified,4490913,8.8,0.5,6.1,6.1,0.0,14.0,55,14.5,24.8,284,Drizzle: Dense,0,0,
31426,2021-12-29 17:10:00,40.692066,-73.7654,0,0,Other Vehicular,4490854,7.6,4.1,8.1,8.1,0.0,8.0,61,12.2,24.1,52,Rain: Light,0,0,
31427,2021-12-31 20:50:00,40.702415,-73.817314,3,0,Alcohol Involvement,4491079,11.1,7.1,2.7,2.7,0.0,5.0,55,14.9,29.2,193,Drizzle: Dense,3,3,
31428,2021-12-29 07:30:00,40.73516,-73.89784,1,0,Driver Inattention/Distraction,4490436,7.6,4.1,8.1,8.1,0.0,8.0,61,12.2,24.1,52,Rain: Light,1,1,
31429,2021-12-20 07:13:00,40.904358,-73.89642,0,0,Unspecified,4490869,1.8,-4.4,0.0,0.0,0.0,0.0,2,17.9,32.8,282,Partly cloudy,0,0,
31430,2021-12-30 04:15:00,40.72754,-73.90799,1,0,Driver Inattention/Distraction,4490559,8.3,5.0,1.8,1.8,0.0,7.0,53,9.9,17.6,22,Drizzle: Moderate,1,1,
31431,2021-12-26 09:22:00,40.609123,-73.9503,1,0,Driver Inattention/Distraction,4491001,8.9,3.4,0.0,0.0,0.0,0.0,3,21.9,38.9,316,Overcast,1,1,
31432,2021-12-30 08:36:00,40.788055,-73.94433,1,0,Driver Inattention/Distraction,4490676,8.3,5.0,1.8,1.8,0.0,7.0,53,9.9,17.6,22,Drizzle: Moderate,1,1,
31433,2021-12-31 23:17:00,40.654045,-73.92673,1,0,Driver Inattention/Distraction,4491155,11.1,7.1,2.7,2.7,0.0,5.0,55,14.9,29.2,193,Drizzle: Dense,1,1,
31434,2021-12-31 14:05:00,40.722977,-74.005066,1,0,Driver Inattention/Distraction,4491060,11.1,7.1,2.7,2.7,0.0,5.0,55,14.9,29.2,193,Drizzle: Dense,1,1,
31435,2021-12-31 15:19:00,40.669216,-73.991615,0,0,Animals Action,4491424,11.1,7.1,2.7,2.7,0.0,5.0,55,14.9,29.2,193,Drizzle: Dense,0,0,
31436,2021-12-25 03:16:00,40.68039,-73.94956,0,0,Alcohol Involvement,4490891,8.8,0.5,6.1,6.1,0.0,14.0,55,14.5,24.8,284,Drizzle: Dense,0,0,
31437,2021-12-31 12:05:00,40.669476,-73.919975,1,0,Unspecified,4491180,11.1,7.1,2.7,2.7,0.0,5.0,55,14.9,29.2,193,Drizzle: Dense,1,1,
31438,2021-12-27 15:36:00,40.59603,-73.93994,0,0,Unspecified,4491378,2.7,-1.4,2.1,0.8,0.91,5.0,73,13.5,23.0,10,Snow fall: Moderate,0,0,Snowy Conditions
31439,2021-12-20 20:09:00,40.516335,-74.23283,0,0,Unspecified,4491209,1.8,-4.4,0.0,0.0,0.0,0.0,2,17.9,32.8,282,Partly cloudy,0,0,
31440,2021-12-30 00:30:00,40.57455,-74.11616,0,0,Driver Inexperience,4490613,8.3,5.0,1.8,1.8,0.0,7.0,53,9.9,17.6,22,Drizzle: Moderate,0,0,
31441,2021-12-31 04:20:00,40.648266,-73.90581,0,0,Unsafe Speed,4490785,11.1,7.1,2.7,2.7,0.0,5.0,55,14.9,29.2,193,Drizzle: Dense,0,0,
31442,2021-12-30 00:15:00,40.78515,-73.94063,0,0,Tire Failure/Inadequate,4491633,8.3,5.0,1.8,1.8,0.0,7.0,53,9.9,17.6,22,Drizzle: Moderate,0,0,
31443,2021-12-31 15:00:00,40.590748,-73.968376,1,0,Traffic Control Disregarded,4491002,11.1,7.1,2.7,2.7,0.0,5.0,55,14.9,29.2,193,Drizzle: Dense,1,1,
31444,2021-12-30 07:55:00,40.60729,-74.14086,0,0,Unspecified,4490822,8.3,5.0,1.8,1.8,0.0,7.0,53,9.9,17.6,22,Drizzle: Moderate,0,0,
31445,2021-12-31 11:34:00,40.681988,-73.83698,1,0,Driver Inattention/Distraction,4490987,11.1,7.1,2.7,2.7,0.0,5.0,55,14.9,29.2,193,Drizzle: Dense,1,1,
31446,2021-12-28 07:13:00,40.80297,-73.96387,0,0,Traffic Control Disregarded,4490955,8.5,2.2,0.0,0.0,0.0,0.0,3,12.5,22.0,271,Overcast,0,0,
31447,2021-12-27 05:00:00,40.710274,-73.77774,0,0,Driver Inattention/Distraction,4491611,2.7,-1.4,2.1,0.8,0.91,5.0,73,13.5,23.0,10,Snow fall: Moderate,0,0,Snowy Conditions
31448,2021-12-31 00:29:00,40.901016,-73.90408,0,0,Unspecified,4490923,11.1,7.1,2.7,2.7,0.0,5.0,55,14.9,29.2,193,Drizzle: Dense,0,0,
31449,2021-12-30 06:30:00,40.609642,-73.89738,1,0,Unsafe Speed,4490881,8.3,5.0,1.8,1.8,0.0,7.0,53,9.9,17.6,22,Drizzle: Moderate,1,1,
31450,2021-12-27 21:45:00,40.726192,-73.723404,0,0,Following Too Closely,4490970,2.7,-1.4,2.1,0.8,0.91,5.0,73,13.5,23.0,10,Snow fall: Moderate,0,0,Snowy Conditions
31451,2021-12-29 15:28:00,40.753647,-73.7444,0,0,Driver Inattention/Distraction,4490512,7.6,4.1,8.1,8.1,0.0,8.0,61,12.2,24.1,52,Rain: Light,0,0,
31452,2021-12-29 17:26:00,40.592205,-73.93551,1,0,Driver Inattention/Distraction,4490526,7.6,4.1,8.1,8.1,0.0,8.0,61,12.2,24.1,52,Rain: Light,1,1,
31453,2021-12-29 11:50:00,40.66804,-73.86055,1,0,Unspecified,4491272,7.6,4.1,8.1,8.1,0.0,8.0,61,12.2,24.1,52,Rain: Light,1,1,
31454,2021-12-31 00:20:00,40.67936,-73.879745,0,0,Unspecified,4491232,11.1,7.1,2.7,2.7,0.0,5.0,55,14.9,29.2,193,Drizzle: Dense,0,0,
31455,2021-12-31 13:18:00,40.71942,-73.979034,1,0,Driver Inattention/Distraction,4491013,11.1,7.1,2.7,2.7,0.0,5.0,55,14.9,29.2,193,Drizzle: Dense,1,1,
31456,2021-12-27 21:13:00,40.80521,-73.967125,0,0,Passing Too Closely,4490918,2.7,-1.4,2.1,0.8,0.91,5.0,73,13.5,23.0,10,Snow fall: Moderate,0,0,Snowy Conditions
31457,2021-12-29 12:00:00,40.597057,-73.78203,0,0,Unspecified,4490576,7.6,4.1,8.1,8.1,0.0,8.0,61,12.2,24.1,52,Rain: Light,0,0,
31458,2021-12-31 07:06:00,40.61156,-74.18877,0,0,Driver Inattention/Distraction,4491045,11.1,7.1,2.7,2.7,0.0,5.0,55,14.9,29.2,193,Drizzle: Dense,0,0,
31459,2021-12-30 21:20:00,40.743916,-73.92519,0,0,Passing Too Closely,4490776,8.3,5.0,1.8,1.8,0.0,7.0,53,9.9,17.6,22,Drizzle: Moderate,0,0,
31460,2021-12-31 08:15:00,40.76407,-73.80914,1,0,Failure to Yield Right-of-Way,4491028,11.1,7.1,2.7,2.7,0.0,5.0,55,14.9,29.2,193,Drizzle: Dense,1,1,
31461,2021-12-30 10:20:00,40.627235,-73.94698,0,0,Passing or Lane Usage Improper,4491313,8.3,5.0,1.8,1.8,0.0,7.0,53,9.9,17.6,22,Drizzle: Moderate,0,0,
31462,2021-12-31 17:43:00,40.619423,-73.91921,1,0,Driver Inattention/Distraction,4491050,11.1,7.1,2.7,2.7,0.0,5.0,55,14.9,29.2,193,Drizzle: Dense,1,1,
31463,2021-12-29 17:50:00,40.648705,-74.010254,0,0,Traffic Control Disregarded,4490498,7.6,4.1,8.1,8.1,0.0,8.0,61,12.2,24.1,52,Rain: Light,0,0,
31464,2021-12-30 10:25:00,40.725727,-73.90037,0,0,Following Too Closely,4490710,8.3,5.0,1.8,1.8,0.0,7.0,53,9.9,17.6,22,Drizzle: Moderate,0,0,
31465,2021-12-30 17:05:00,40.6228,-74.02836,4,0,Failure to Yield Right-of-Way,4490743,8.3,5.0,1.8,1.8,0.0,7.0,53,9.9,17.6,22,Drizzle: Moderate,4,4,
31466,2021-12-29 05:26:00,40.722496,-73.940414,1,0,Unsafe Lane Changing,4490519,7.6,4.1,8.1,8.1,0.0,8.0,61,12.2,24.1,52,Rain: Light,1,1,
31467,2021-12-30 00:16:00,40.827812,-73.925934,0,0,Traffic Control Disregarded,4490623,8.3,5.0,1.8,1.8,0.0,7.0,53,9.9,17.6,22,Drizzle: Moderate,0,0,
31468,2021-12-31 19:30:00,40.70618,-73.92846,1,0,Other Vehicular,4491101,11.1,7.1,2.7,2.7,0.0,5.0,55,14.9,29.2,193,Drizzle: Dense,1,1,
31469,2021-12-30 19:36:00,40.74459,-73.884674,0,0,Driver Inattention/Distraction,4490848,8.3,5.0,1.8,1.8,0.0,7.0,53,9.9,17.6,22,Drizzle: Moderate,0,0,
31470,2021-12-25 13:00:00,40.67816,-73.897484,1,0,Unspecified,4491239,8.8,0.5,6.1,6.1,0.0,14.0,55,14.5,24.8,284,Drizzle: Dense,1,1,
31471,2022-04-02 18:42:00,40.6528,-73.95968,0,0,Unspecified,4515729,11.1,1.4,0.0,0.0,0.0,0.0,3,26.3,47.9,286,Overcast,0,0,
31472,2021-12-31 23:00:00,40.707085,-73.75114,1,0,Physical Disability,4491118,11.1,7.1,2.7,2.7,0.0,5.0,55,14.9,29.2,193,Drizzle: Dense,1,1,
31473,2021-12-13 08:38:00,40.911324,-73.90658,0,0,Driver Inattention/Distraction,4490873,10.2,1.9,0.0,0.0,0.0,0.0,3,19.6,35.3,242,Overcast,0,0,
31474,2021-12-30 02:00:00,40.726055,-73.8083,0,0,Unspecified,4490781,8.3,5.0,1.8,1.8,0.0,7.0,53,9.9,17.6,22,Drizzle: Moderate,0,0,
31475,2021-12-30 14:00:00,40.7497,-73.902565,1,0,Failure to Yield Right-of-Way,4490982,8.3,5.0,1.8,1.8,0.0,7.0,53,9.9,17.6,22,Drizzle: Moderate,1,1,
31476,2021-12-30 03:05:00,40.67819,-73.80144,1,0,Unspecified,4490567,8.3,5.0,1.8,1.8,0.0,7.0,53,9.9,17.6,22,Drizzle: Moderate,1,1,
31477,2021-12-29 19:00:00,40.668816,-73.89895,0,0,Unspecified,4491303,7.6,4.1,8.1,8.1,0.0,8.0,61,12.2,24.1,52,Rain: Light,0,0,
31478,2021-12-31 16:42:00,40.898952,-73.867455,0,0,Unspecified,4491056,11.1,7.1,2.7,2.7,0.0,5.0,55,14.9,29.2,193,Drizzle: Dense,0,0,
31479,2021-12-29 11:40:00,40.824207,-73.858795,0,0,Failure to Yield Right-of-Way,4490632,7.6,4.1,8.1,8.1,0.0,8.0,61,12.2,24.1,52,Rain: Light,0,0,
31480,2021-12-30 07:50:00,40.699535,-73.75647,2,0,Pavement Slippery,4490950,8.3,5.0,1.8,1.8,0.0,7.0,53,9.9,17.6,22,Drizzle: Moderate,2,2,
31481,2021-12-30 18:55:00,40.741234,-73.84573,0,0,Following Too Closely,4491390,8.3,5.0,1.8,1.8,0.0,7.0,53,9.9,17.6,22,Drizzle: Moderate,0,0,
31482,2021-12-25 16:33:00,40.657516,-73.8931,1,0,Unspecified,4491256,8.8,0.5,6.1,6.1,0.0,14.0,55,14.5,24.8,284,Drizzle: Dense,1,1,
31483,2021-12-31 22:22:00,40.867462,-73.8443,0,0,Alcohol Involvement,4491171,11.1,7.1,2.7,2.7,0.0,5.0,55,14.9,29.2,193,Drizzle: Dense,0,0,
31484,2022-04-02 15:40:00,40.583702,-73.944626,1,0,Driver Inattention/Distraction,4515934,11.1,1.4,0.0,0.0,0.0,0.0,3,26.3,47.9,286,Overcast,1,1,
31485,2021-12-30 01:15:00,40.711525,-73.76951,1,0,Driver Inattention/Distraction,4491629,8.3,5.0,1.8,1.8,0.0,7.0,53,9.9,17.6,22,Drizzle: Moderate,1,1,
31486,2021-12-24 22:45:00,40.71975,-73.992165,1,0,Following Too Closely,4491428,5.7,-1.1,1.0,0.0,0.7,5.0,73,12.4,21.6,73,Snow fall: Moderate,1,1,Snowy Conditions
31487,2021-12-31 11:34:00,40.629936,-73.90448,1,0,Unspecified,4491219,11.1,7.1,2.7,2.7,0.0,5.0,55,14.9,29.2,193,Drizzle: Dense,1,1,
31488,2021-12-27 21:52:00,40.872314,-73.91274,0,0,Driver Inattention/Distraction,4491495,2.7,-1.4,2.1,0.8,0.91,5.0,73,13.5,23.0,10,Snow fall: Moderate,0,0,Snowy Conditions
31489,2021-12-31 16:00:00,40.81014,-73.908226,1,0,Reaction to Uninvolved Vehicle,4491083,11.1,7.1,2.7,2.7,0.0,5.0,55,14.9,29.2,193,Drizzle: Dense,1,1,
31490,2021-12-27 12:30:00,40.621017,-74.13181,1,0,Traffic Control Disregarded,4490945,2.7,-1.4,2.1,0.8,0.91,5.0,73,13.5,23.0,10,Snow fall: Moderate,1,1,Snowy Conditions
31491,2021-12-17 09:14:00,40.88809,-73.89254,0,0,Driver Inattention/Distraction,4490906,13.9,6.1,0.0,0.0,0.0,0.0,3,21.5,37.1,265,Overcast,0,0,
31492,2021-12-30 17:50:00,40.80657,-73.936615,0,0,Unspecified,4490832,8.3,5.0,1.8,1.8,0.0,7.0,53,9.9,17.6,22,Drizzle: Moderate,0,0,
31493,2021-12-30 07:00:00,40.605072,-74.004944,1,0,,4491167,8.3,5.0,1.8,1.8,0.0,7.0,53,9.9,17.6,22,Drizzle: Moderate,1,1,
31494,2021-12-28 14:40:00,40.833233,-73.8282,1,0,Unsafe Lane Changing,4491604,8.5,2.2,0.0,0.0,0.0,0.0,3,12.5,22.0,271,Overcast,1,1,
31495,2021-12-24 12:00:00,40.679382,-73.8673,0,0,Unspecified,4491251,5.7,-1.1,1.0,0.0,0.7,5.0,73,12.4,21.6,73,Snow fall: Moderate,0,0,Snowy Conditions
31496,2021-12-18 23:19:00,40.723984,-73.97581,0,0,Unspecified,4491460,6.3,4.5,3.8,3.8,0.0,9.0,61,12.3,24.5,35,Rain: Light,0,0,
31497,2021-12-30 06:40:00,40.61135,-74.09847,1,0,Unspecified,4490938,8.3,5.0,1.8,1.8,0.0,7.0,53,9.9,17.6,22,Drizzle: Moderate,1,1,
31498,2021-12-31 19:40:00,40.831123,-73.89148,0,1,Turning Improperly,4491128,11.1,7.1,2.7,2.7,0.0,5.0,55,14.9,29.2,193,Drizzle: Dense,20,1,
31499,2021-12-27 07:55:00,40.64102,-73.94739,0,0,Passing or Lane Usage Improper,4491337,2.7,-1.4,2.1,0.8,0.91,5.0,73,13.5,23.0,10,Snow fall: Moderate,0,0,Snowy Conditions
31500,2021-12-30 18:10:00,40.750076,-73.77894,0,0,Driver Inexperience,4490731,8.3,5.0,1.8,1.8,0.0,7.0,53,9.9,17.6,22,Drizzle: Moderate,0,0,
31501,2021-12-28 11:00:00,40.581764,-73.83848,4,0,Driver Inattention/Distraction,4491291,8.5,2.2,0.0,0.0,0.0,0.0,3,12.5,22.0,271,Overcast,4,4,
31502,2021-12-29 19:36:00,40.795334,-73.93589,0,0,Unspecified,4491024,7.6,4.1,8.1,8.1,0.0,8.0,61,12.2,24.1,52,Rain: Light,0,0,
31503,2021-12-30 17:00:00,40.69467,-73.83307,0,0,Driver Inattention/Distraction,4490772,8.3,5.0,1.8,1.8,0.0,7.0,53,9.9,17.6,22,Drizzle: Moderate,0,0,
31504,2021-12-30 09:50:00,40.61022,-74.09389,1,0,Unsafe Speed,4491009,8.3,5.0,1.8,1.8,0.0,7.0,53,9.9,17.6,22,Drizzle: Moderate,1,1,
31505,2021-12-29 19:30:00,40.777958,-73.90847,1,0,Driver Inattention/Distraction,4490551,7.6,4.1,8.1,8.1,0.0,8.0,61,12.2,24.1,52,Rain: Light,1,1,
31506,2021-12-29 21:20:00,40.585133,-73.954544,0,0,Unspecified,4490977,7.6,4.1,8.1,8.1,0.0,8.0,61,12.2,24.1,52,Rain: Light,0,0,
31507,2021-12-29 18:22:00,40.861862,-73.91275,2,0,Unspecified,4490748,7.6,4.1,8.1,8.1,0.0,8.0,61,12.2,24.1,52,Rain: Light,2,2,
31508,2021-12-27 01:00:00,40.661835,-73.893105,2,0,Failure to Yield Right-of-Way,4491266,2.7,-1.4,2.1,0.8,0.91,5.0,73,13.5,23.0,10,Snow fall: Moderate,2,2,Snowy Conditions
31509,2021-12-30 13:00:00,40.656643,-74.00527,0,0,Reaction to Uninvolved Vehicle,4490715,8.3,5.0,1.8,1.8,0.0,7.0,53,9.9,17.6,22,Drizzle: Moderate,0,0,
31510,2021-12-31 18:15:00,40.625824,-73.92762,0,0,Passing or Lane Usage Improper,4491041,11.1,7.1,2.7,2.7,0.0,5.0,55,14.9,29.2,193,Drizzle: Dense,0,0,
31511,2021-12-31 06:25:00,40.80297,-73.96387,1,0,Following Too Closely,4491135,11.1,7.1,2.7,2.7,0.0,5.0,55,14.9,29.2,193,Drizzle: Dense,1,1,
31512,2021-12-29 10:40:00,40.63586,-73.981445,1,0,Unspecified,4490652,7.6,4.1,8.1,8.1,0.0,8.0,61,12.2,24.1,52,Rain: Light,1,1,
31513,2021-12-30 21:35:00,40.61536,-73.987076,0,0,Turning Improperly,4490949,8.3,5.0,1.8,1.8,0.0,7.0,53,9.9,17.6,22,Drizzle: Moderate,0,0,
31514,2021-12-19 00:35:00,40.627037,-74.16483,0,0,Unsafe Speed,4491105,7.1,-1.8,0.5,0.5,0.0,4.0,51,26.4,47.5,327,Drizzle: Light,0,0,
31515,2021-12-30 21:00:00,40.686028,-73.82506,1,0,Unsafe Speed,4490877,8.3,5.0,1.8,1.8,0.0,7.0,53,9.9,17.6,22,Drizzle: Moderate,1,1,
31516,2021-12-31 20:55:00,40.69749,-73.92008,1,0,Alcohol Involvement,4491122,11.1,7.1,2.7,2.7,0.0,5.0,55,14.9,29.2,193,Drizzle: Dense,1,1,
31517,2021-12-30 13:29:00,40.773006,-73.96033,1,0,Driver Inattention/Distraction,4490685,8.3,5.0,1.8,1.8,0.0,7.0,53,9.9,17.6,22,Drizzle: Moderate,1,1,
31518,2021-12-31 00:22:00,40.7387,-73.87095,0,0,Unspecified,4490833,11.1,7.1,2.7,2.7,0.0,5.0,55,14.9,29.2,193,Drizzle: Dense,0,0,
31519,2021-12-30 15:00:00,40.71164,-73.83591,0,0,Unsafe Lane Changing,4490960,8.3,5.0,1.8,1.8,0.0,7.0,53,9.9,17.6,22,Drizzle: Moderate,0,0,
31520,2021-12-30 06:53:00,40.756424,-73.7403,2,0,Other Vehicular,4490591,8.3,5.0,1.8,1.8,0.0,7.0,53,9.9,17.6,22,Drizzle: Moderate,2,2,
31521,2021-12-30 16:44:00,40.776604,-73.94663,1,0,Driver Inattention/Distraction,4491224,8.3,5.0,1.8,1.8,0.0,7.0,53,9.9,17.6,22,Drizzle: Moderate,1,1,
31522,2021-12-27 15:30:00,40.708843,-73.7783,0,0,Backing Unsafely,4491622,2.7,-1.4,2.1,0.8,0.91,5.0,73,13.5,23.0,10,Snow fall: Moderate,0,0,Snowy Conditions
31523,2021-06-08 15:40:00,40.587543,-73.958206,1,0,,4425011,30.1,22.0,5.9,5.9,0.0,9.0,61,16.6,34.6,215,Rain: Light,1,1,
31524,2021-12-30 19:28:00,40.740517,-73.89236,0,0,Failure to Yield Right-of-Way,4490777,8.3,5.0,1.8,1.8,0.0,7.0,53,9.9,17.6,22,Drizzle: Moderate,0,0,
31525,2021-12-30 17:00:00,40.680634,-73.94048,0,0,Driver Inattention/Distraction,4491192,8.3,5.0,1.8,1.8,0.0,7.0,53,9.9,17.6,22,Drizzle: Moderate,0,0,
31526,2021-12-30 08:30:00,40.76577,-73.919,1,0,Driver Inattention/Distraction,4491399,8.3,5.0,1.8,1.8,0.0,7.0,53,9.9,17.6,22,Drizzle: Moderate,1,1,
31527,2021-12-30 23:40:00,40.683094,-73.80576,0,0,Unsafe Lane Changing,4491436,8.3,5.0,1.8,1.8,0.0,7.0,53,9.9,17.6,22,Drizzle: Moderate,0,0,
31528,2021-12-30 23:46:00,40.63773,-74.1321,0,0,Driver Inattention/Distraction,4491110,8.3,5.0,1.8,1.8,0.0,7.0,53,9.9,17.6,22,Drizzle: Moderate,0,0,
31529,2021-12-16 16:55:00,40.785492,-73.984116,0,0,Driver Inattention/Distraction,4491326,14.6,9.9,0.0,0.0,0.0,0.0,3,22.4,38.5,222,Overcast,0,0,
31530,2021-12-30 23:48:00,40.668373,-73.92264,1,0,Driver Inattention/Distraction,4491176,8.3,5.0,1.8,1.8,0.0,7.0,53,9.9,17.6,22,Drizzle: Moderate,1,1,
31531,2021-12-18 19:00:00,40.781013,-73.97247,0,0,Reaction to Uninvolved Vehicle,4491320,6.3,4.5,3.8,3.8,0.0,9.0,61,12.3,24.5,35,Rain: Light,0,0,
31532,2021-12-30 03:31:00,40.7024,-73.9605,1,0,Pavement Slippery,4491124,8.3,5.0,1.8,1.8,0.0,7.0,53,9.9,17.6,22,Drizzle: Moderate,1,1,
31533,2021-12-26 21:00:00,40.65822,-73.89146,0,0,Failure to Yield Right-of-Way,4491263,8.9,3.4,0.0,0.0,0.0,0.0,3,21.9,38.9,316,Overcast,0,0,
31534,2021-12-28 12:00:00,40.668102,-73.980576,1,0,Other Vehicular,4491425,8.5,2.2,0.0,0.0,0.0,0.0,3,12.5,22.0,271,Overcast,1,1,
31535,2021-12-31 02:30:00,40.709846,-73.859566,0,0,Driver Inattention/Distraction,4491210,11.1,7.1,2.7,2.7,0.0,5.0,55,14.9,29.2,193,Drizzle: Dense,0,0,
31536,2021-12-29 21:00:00,40.890823,-73.85694,0,0,Driver Inattention/Distraction,4491486,7.6,4.1,8.1,8.1,0.0,8.0,61,12.2,24.1,52,Rain: Light,0,0,
31537,2021-12-29 05:00:00,40.82325,-73.88277,0,0,Unspecified,4490629,7.6,4.1,8.1,8.1,0.0,8.0,61,12.2,24.1,52,Rain: Light,0,0,
31538,2021-12-30 14:30:00,40.67742,-73.89587,0,0,Driver Inattention/Distraction,4491300,8.3,5.0,1.8,1.8,0.0,7.0,53,9.9,17.6,22,Drizzle: Moderate,0,0,
31539,2021-12-29 05:15:00,40.62236,-74.174355,0,0,Passing or Lane Usage Improper,4491014,7.6,4.1,8.1,8.1,0.0,8.0,61,12.2,24.1,52,Rain: Light,0,0,