,CRASH DATETIME,LATITUDE,LONGITUDE,NUMBER OF PERSONS INJURED,NUMBER OF PERSONS KILLED,CONTRIBUTING FACTOR VEHICLE 1,COLLISION_ID,temperature_2m_max,temperature_2m_min,precipitation_sum,rain_sum,snowfall_sum,precipitation_hours,weather_code,wind_speed_10m_max,wind_gusts_10m_max,wind_direction_10m_dominant,Weather Description,Severity_Score,Total_Affected_Persons,Weather_Category
31540,2021-12-22 14:40:00,40.778477,-73.98546,1,0,Other Vehicular,4491333,8.1,-0.0,4.2,4.2,0.0,9.0,61,26.7,47.9,313,Rain: Light,1,1,
31541,2021-12-28 19:57:00,40.71603,-73.80823,0,0,Unsafe Lane Changing,4491468,8.5,2.2,0.0,0.0,0.0,0.0,3,12.5,22.0,271,Overcast,0,0,
31542,2021-12-31 09:16:00,40.83997,-73.87792,1,0,Failure to Yield Right-of-Way,4491580,11.1,7.1,2.7,2.7,0.0,5.0,55,14.9,29.2,193,Drizzle: Dense,1,1,
31543,2021-12-31 19:56:00,40.579052,-73.98415,0,0,Driver Inattention/Distraction,4491353,11.1,7.1,2.7,2.7,0.0,5.0,55,14.9,29.2,193,Drizzle: Dense,0,0,
31544,2021-12-31 21:20:00,40.670044,-73.818115,0,0,Failure to Yield Right-of-Way,4491084,11.1,7.1,2.7,2.7,0.0,5.0,55,14.9,29.2,193,Drizzle: Dense,0,0,
31545,2021-12-30 19:05:00,40.627144,-74.00032,2,0,Unspecified,4490753,8.3,5.0,1.8,1.8,0.0,7.0,53,9.9,17.6,22,Drizzle: Moderate,2,2,
31546,2021-12-31 21:43:00,40.67994,-73.941216,0,0,Driver Inattention/Distraction,4491522,11.1,7.1,2.7,2.7,0.0,5.0,55,14.9,29.2,193,Drizzle: Dense,0,0,
31547,2021-12-29 11:43:00,40.796833,-73.93336,0,0,Driver Inattention/Distraction,4490474,7.6,4.1,8.1,8.1,0.0,8.0,61,12.2,24.1,52,Rain: Light,0,0,
31548,2021-12-29 15:08:00,40.74671,-73.98639,1,0,Driver Inattention/Distraction,4490694,7.6,4.1,8.1,8.1,0.0,8.0,61,12.2,24.1,52,Rain: Light,1,1,
31549,2021-12-24 11:00:00,40.679737,-73.878395,0,0,Unspecified,4491242,5.7,-1.1,1.0,0.0,0.7,5.0,73,12.4,21.6,73,Snow fall: Moderate,0,0,Snowy Conditions
31550,2021-10-06 15:30:00,40.8617,-73.89139,1,0,,4465295,20.3,16.0,0.1,0.1,0.0,1.0,51,6.5,14.0,28,Drizzle: Light,1,1,
31551,2021-12-29 20:40:00,40.640472,-74.01513,2,0,Illnes,4490530,7.6,4.1,8.1,8.1,0.0,8.0,61,12.2,24.1,52,Rain: Light,2,2,
31552,2021-12-29 18:05:00,40.593933,-73.99137,0,0,Unspecified,4490992,7.6,4.1,8.1,8.1,0.0,8.0,61,12.2,24.1,52,Rain: Light,0,0,
31553,2021-12-31 03:30:00,40.743332,-73.99991,0,0,Driver Inattention/Distraction,4491141,11.1,7.1,2.7,2.7,0.0,5.0,55,14.9,29.2,193,Drizzle: Dense,0,0,
31554,2021-12-27 18:45:00,40.664894,-73.875946,0,0,Unspecified,4491280,2.7,-1.4,2.1,0.8,0.91,5.0,73,13.5,23.0,10,Snow fall: Moderate,0,0,Snowy Conditions
31555,2021-12-29 20:00:00,40.83325,-73.890205,0,0,Unsafe Lane Changing,4490702,7.6,4.1,8.1,8.1,0.0,8.0,61,12.2,24.1,52,Rain: Light,0,0,
31556,2021-12-29 15:17:00,40.764248,-73.92763,0,0,Passing or Lane Usage Improper,4490581,7.6,4.1,8.1,8.1,0.0,8.0,61,12.2,24.1,52,Rain: Light,0,0,
31557,2021-12-30 13:30:00,40.679634,-73.94959,1,0,Passing or Lane Usage Improper,4490691,8.3,5.0,1.8,1.8,0.0,7.0,53,9.9,17.6,22,Drizzle: Moderate,1,1,
31558,2021-12-31 11:55:00,40.858707,-73.9037,1,0,Turning Improperly,4490964,11.1,7.1,2.7,2.7,0.0,5.0,55,14.9,29.2,193,Drizzle: Dense,1,1,
31559,2021-12-28 13:10:00,40.867275,-73.91922,0,0,Unspecified,4490858,8.5,2.2,0.0,0.0,0.0,0.0,3,12.5,22.0,271,Overcast,0,0,
31560,2021-12-30 11:35:00,40.765434,-73.86268,1,0,Unsafe Lane Changing,4490642,8.3,5.0,1.8,1.8,0.0,7.0,53,9.9,17.6,22,Drizzle: Moderate,1,1,
31561,2021-12-25 12:27:00,40.85971,-73.85736,2,0,Unsafe Speed,4490865,8.8,0.5,6.1,6.1,0.0,14.0,55,14.5,24.8,284,Drizzle: Dense,2,2,
31562,2021-12-29 05:23:00,40.782887,-73.9439,0,0,Pavement Slippery,4490372,7.6,4.1,8.1,8.1,0.0,8.0,61,12.2,24.1,52,Rain: Light,0,0,
31563,2021-12-31 06:10:00,40.66552,-73.74467,0,0,Driver Inattention/Distraction,4490887,11.1,7.1,2.7,2.7,0.0,5.0,55,14.9,29.2,193,Drizzle: Dense,0,0,
31564,2021-12-28 10:30:00,40.66762,-73.94237,0,0,Following Too Closely,4491316,8.5,2.2,0.0,0.0,0.0,0.0,3,12.5,22.0,271,Overcast,0,0,
31565,2021-12-30 01:30:00,40.60326,-73.96653,1,0,Passing Too Closely,4490981,8.3,5.0,1.8,1.8,0.0,7.0,53,9.9,17.6,22,Drizzle: Moderate,1,1,
31566,2021-12-30 04:15:00,40.71232,-73.73202,0,0,Unsafe Speed,4490802,8.3,5.0,1.8,1.8,0.0,7.0,53,9.9,17.6,22,Drizzle: Moderate,0,0,
31567,2021-12-16 11:15:00,40.606586,-73.755875,0,0,Passing or Lane Usage Improper,4490932,14.6,9.9,0.0,0.0,0.0,0.0,3,22.4,38.5,222,Overcast,0,0,
31568,2021-12-31 18:30:00,40.764816,-73.814964,1,0,Failure to Yield Right-of-Way,4491196,11.1,7.1,2.7,2.7,0.0,5.0,55,14.9,29.2,193,Drizzle: Dense,1,1,
31569,2021-12-23 08:00:00,40.640614,-74.08703,2,0,Failure to Yield Right-of-Way,4491641,2.1,-2.3,0.0,0.0,0.0,0.0,3,20.1,35.6,299,Overcast,2,2,
31570,2021-12-28 16:58:00,40.69816,-73.97834,0,0,Backing Unsafely,4491019,8.5,2.2,0.0,0.0,0.0,0.0,3,12.5,22.0,271,Overcast,0,0,
31571,2021-12-31 06:28:00,40.627724,-73.901924,0,0,Unspecified,4491229,11.1,7.1,2.7,2.7,0.0,5.0,55,14.9,29.2,193,Drizzle: Dense,0,0,
31572,2021-12-28 08:24:00,40.674194,-73.97686,0,0,Passing Too Closely,4491419,8.5,2.2,0.0,0.0,0.0,0.0,3,12.5,22.0,271,Overcast,0,0,
31573,2021-12-26 16:00:00,40.67816,-73.897484,0,0,Driver Inattention/Distraction,4491259,8.9,3.4,0.0,0.0,0.0,0.0,3,21.9,38.9,316,Overcast,0,0,
31574,2021-12-31 18:15:00,40.73691,-73.86784,0,0,Unspecified,4491387,11.1,7.1,2.7,2.7,0.0,5.0,55,14.9,29.2,193,Drizzle: Dense,0,0,
31575,2021-12-18 09:05:00,40.592728,-73.79813,1,0,Failure to Yield Right-of-Way,4491513,6.3,4.5,3.8,3.8,0.0,9.0,61,12.3,24.5,35,Rain: Light,1,1,
31576,2021-12-31 08:50:00,40.715977,-73.81082,1,0,Unsafe Speed,4490919,11.1,7.1,2.7,2.7,0.0,5.0,55,14.9,29.2,193,Drizzle: Dense,1,1,
31577,2021-12-31 17:30:00,40.79184,-73.823524,0,0,Unsafe Lane Changing,4491033,11.1,7.1,2.7,2.7,0.0,5.0,55,14.9,29.2,193,Drizzle: Dense,0,0,
31578,2021-12-22 18:08:00,40.715973,-73.77111,0,0,Turning Improperly,4491616,8.1,-0.0,4.2,4.2,0.0,9.0,61,26.7,47.9,313,Rain: Light,0,0,
31579,2021-12-18 03:07:00,40.66524,-73.86746,0,0,Unspecified,4491296,6.3,4.5,3.8,3.8,0.0,9.0,61,12.3,24.5,35,Rain: Light,0,0,
31580,2021-12-31 06:08:00,40.583447,-74.159935,0,0,Driver Inattention/Distraction,4491046,11.1,7.1,2.7,2.7,0.0,5.0,55,14.9,29.2,193,Drizzle: Dense,0,0,
31581,2021-12-23 10:28:00,40.62948,-73.94447,0,0,Passing Too Closely,4491051,2.1,-2.3,0.0,0.0,0.0,0.0,3,20.1,35.6,299,Overcast,0,0,
31582,2021-12-30 20:23:00,40.754986,-73.74535,0,0,Following Too Closely,4490744,8.3,5.0,1.8,1.8,0.0,7.0,53,9.9,17.6,22,Drizzle: Moderate,0,0,
31583,2021-12-29 16:40:00,40.758663,-73.82906,0,0,Failure to Yield Right-of-Way,4490518,7.6,4.1,8.1,8.1,0.0,8.0,61,12.2,24.1,52,Rain: Light,0,0,
31584,2021-12-29 12:02:00,40.723347,-73.939316,0,0,Driver Inattention/Distraction,4490520,7.6,4.1,8.1,8.1,0.0,8.0,61,12.2,24.1,52,Rain: Light,0,0,
31585,2021-12-30 14:45:00,40.7258,-73.719215,1,0,Tire Failure/Inadequate,4490723,8.3,5.0,1.8,1.8,0.0,7.0,53,9.9,17.6,22,Drizzle: Moderate,1,1,
31586,2021-12-30 15:21:00,40.53171,-74.202896,2,0,Brakes Defective,4490885,8.3,5.0,1.8,1.8,0.0,7.0,53,9.9,17.6,22,Drizzle: Moderate,2,2,
31587,2021-12-29 00:00:00,40.765724,-73.959,1,0,Pedestrian/Bicyclist/Other Pedestrian Error/Confusion,4490538,7.6,4.1,8.1,8.1,0.0,8.0,61,12.2,24.1,52,Rain: Light,1,1,
31588,2021-12-30 17:00:00,40.86358,-73.86642,0,0,Other Vehicular,4490738,8.3,5.0,1.8,1.8,0.0,7.0,53,9.9,17.6,22,Drizzle: Moderate,0,0,
31589,2021-12-31 19:30:00,40.717754,-73.75815,0,0,Other Vehicular,4491610,11.1,7.1,2.7,2.7,0.0,5.0,55,14.9,29.2,193,Drizzle: Dense,0,0,
31590,2021-12-18 16:40:00,40.88568,-73.87901,0,0,Passing Too Closely,4490900,6.3,4.5,3.8,3.8,0.0,9.0,61,12.3,24.5,35,Rain: Light,0,0,
31591,2021-12-29 12:55:00,40.60104,-73.74764,0,0,Failure to Yield Right-of-Way,4490566,7.6,4.1,8.1,8.1,0.0,8.0,61,12.2,24.1,52,Rain: Light,0,0,
31592,2021-12-31 19:10:00,40.68817,-73.98399,0,0,Unsafe Speed,4491246,11.1,7.1,2.7,2.7,0.0,5.0,55,14.9,29.2,193,Drizzle: Dense,0,0,
31593,2021-12-29 00:10:00,40.673107,-73.99959,2,0,Following Too Closely,4490762,7.6,4.1,8.1,8.1,0.0,8.0,61,12.2,24.1,52,Rain: Light,2,2,
31594,2021-12-31 00:00:00,40.598553,-73.997345,1,0,Failure to Yield Right-of-Way,4491444,11.1,7.1,2.7,2.7,0.0,5.0,55,14.9,29.2,193,Drizzle: Dense,1,1,
31595,2021-12-26 19:00:00,40.90647,-73.906784,0,0,Passing Too Closely,4490917,8.9,3.4,0.0,0.0,0.0,0.0,3,21.9,38.9,316,Overcast,0,0,
31596,2021-12-29 03:21:00,40.599052,-73.99808,0,0,Driver Inexperience,4490487,7.6,4.1,8.1,8.1,0.0,8.0,61,12.2,24.1,52,Rain: Light,0,0,
31597,2021-12-31 19:48:00,40.69348,-73.96544,1,0,Backing Unsafely,4491067,11.1,7.1,2.7,2.7,0.0,5.0,55,14.9,29.2,193,Drizzle: Dense,1,1,
31598,2021-12-30 03:20:00,40.738346,-73.73389,1,0,Fell Asleep,4490724,8.3,5.0,1.8,1.8,0.0,7.0,53,9.9,17.6,22,Drizzle: Moderate,1,1,
31599,2021-12-29 21:05:00,40.736004,-73.84991,0,0,Driver Inattention/Distraction,4490996,7.6,4.1,8.1,8.1,0.0,8.0,61,12.2,24.1,52,Rain: Light,0,0,
31600,2021-12-23 15:15:00,40.67765,-73.87058,0,0,Backing Unsafely,4491553,2.1,-2.3,0.0,0.0,0.0,0.0,3,20.1,35.6,299,Overcast,0,0,
31601,2021-12-28 00:49:00,40.645344,-73.87897,0,0,Unspecified,4491275,8.5,2.2,0.0,0.0,0.0,0.0,3,12.5,22.0,271,Overcast,0,0,
31602,2021-12-24 20:00:00,40.64254,-73.87652,1,0,Unspecified,4491257,5.7,-1.1,1.0,0.0,0.7,5.0,73,12.4,21.6,73,Snow fall: Moderate,1,1,Snowy Conditions
31603,2021-12-28 23:40:00,40.676144,-73.893074,3,0,Unspecified,4491233,8.5,2.2,0.0,0.0,0.0,0.0,3,12.5,22.0,271,Overcast,3,3,
31604,2021-12-30 18:52:00,40.71126,-73.95777,0,0,Passing or Lane Usage Improper,4490757,8.3,5.0,1.8,1.8,0.0,7.0,53,9.9,17.6,22,Drizzle: Moderate,0,0,
31605,2021-12-31 03:05:00,40.621216,-73.93539,1,0,Failure to Yield Right-of-Way,4491044,11.1,7.1,2.7,2.7,0.0,5.0,55,14.9,29.2,193,Drizzle: Dense,1,1,
31606,2021-12-29 15:58:00,40.840263,-73.84717,0,0,Unspecified,4491452,7.6,4.1,8.1,8.1,0.0,8.0,61,12.2,24.1,52,Rain: Light,0,0,
31607,2021-12-30 14:20:00,40.743416,-73.95387,1,0,Driver Inattention/Distraction,4490775,8.3,5.0,1.8,1.8,0.0,7.0,53,9.9,17.6,22,Drizzle: Moderate,1,1,
31608,2021-12-23 18:30:00,40.787918,-73.947845,0,0,Unspecified,4491023,2.1,-2.3,0.0,0.0,0.0,0.0,3,20.1,35.6,299,Overcast,0,0,
31609,2021-12-29 07:15:00,40.604538,-73.91352,0,0,Unsafe Speed,4490499,7.6,4.1,8.1,8.1,0.0,8.0,61,12.2,24.1,52,Rain: Light,0,0,
31610,2021-12-29 00:00:00,40.783337,-73.94497,1,0,Driver Inattention/Distraction,4490537,7.6,4.1,8.1,8.1,0.0,8.0,61,12.2,24.1,52,Rain: Light,1,1,
31611,2021-12-29 15:00:00,40.757828,-73.99308,0,0,Passing or Lane Usage Improper,4490907,7.6,4.1,8.1,8.1,0.0,8.0,61,12.2,24.1,52,Rain: Light,0,0,
31612,2021-12-23 19:24:00,40.71231,-73.78521,0,0,Unspecified,4491608,2.1,-2.3,0.0,0.0,0.0,0.0,3,20.1,35.6,299,Overcast,0,0,
31613,2021-12-28 14:24:00,40.67007,-73.89927,1,0,Unsafe Speed,4491250,8.5,2.2,0.0,0.0,0.0,0.0,3,12.5,22.0,271,Overcast,1,1,
31614,2021-12-29 12:17:00,40.872173,-73.912895,1,0,Driverless/Runaway Vehicle,4491496,7.6,4.1,8.1,8.1,0.0,8.0,61,12.2,24.1,52,Rain: Light,1,1,
31615,2021-12-30 17:35:00,40.678234,-73.89753,1,0,Unspecified,4491252,8.3,5.0,1.8,1.8,0.0,7.0,53,9.9,17.6,22,Drizzle: Moderate,1,1,
31616,2021-12-22 22:00:00,40.876877,-73.9034,0,0,Unspecified,4490912,8.1,-0.0,4.2,4.2,0.0,9.0,61,26.7,47.9,313,Rain: Light,0,0,
31617,2021-12-29 14:15:00,40.682537,-73.80716,0,0,Failure to Yield Right-of-Way,4490558,7.6,4.1,8.1,8.1,0.0,8.0,61,12.2,24.1,52,Rain: Light,0,0,
31618,2021-12-30 05:00:00,40.763256,-73.98062,0,0,Unspecified,4490677,8.3,5.0,1.8,1.8,0.0,7.0,53,9.9,17.6,22,Drizzle: Moderate,0,0,
31619,2021-12-26 05:35:00,40.7639,-73.88064,1,0,Unsafe Speed,4490902,8.9,3.4,0.0,0.0,0.0,0.0,3,21.9,38.9,316,Overcast,1,1,
31620,2021-12-30 23:20:00,40.813095,-73.89827,0,0,Unsafe Lane Changing,4490801,8.3,5.0,1.8,1.8,0.0,7.0,53,9.9,17.6,22,Drizzle: Moderate,0,0,
31621,2021-12-28 21:21:00,40.704155,-73.90752,1,0,Driver Inattention/Distraction,4491208,8.5,2.2,0.0,0.0,0.0,0.0,3,12.5,22.0,271,Overcast,1,1,
31622,2021-12-28 14:09:00,40.617424,-73.94315,0,0,Driver Inattention/Distraction,4490880,8.5,2.2,0.0,0.0,0.0,0.0,3,12.5,22.0,271,Overcast,0,0,
31623,2021-12-29 13:50:00,40.70145,-73.989624,1,0,Alcohol Involvement,4490511,7.6,4.1,8.1,8.1,0.0,8.0,61,12.2,24.1,52,Rain: Light,1,1,
31624,2021-12-31 17:34:00,40.753986,-73.80769,2,0,Failure to Yield Right-of-Way,4491034,11.1,7.1,2.7,2.7,0.0,5.0,55,14.9,29.2,193,Drizzle: Dense,2,2,
31625,2021-12-18 13:40:00,40.78542,-73.98399,1,0,Driver Inattention/Distraction,4491325,6.3,4.5,3.8,3.8,0.0,9.0,61,12.3,24.5,35,Rain: Light,1,1,
31626,2021-12-29 12:12:00,40.702614,-73.96058,0,0,Driver Inattention/Distraction,4490578,7.6,4.1,8.1,8.1,0.0,8.0,61,12.2,24.1,52,Rain: Light,0,0,
31627,2021-12-31 16:10:00,40.833397,-73.93538,0,0,Reaction to Uninvolved Vehicle,4491012,11.1,7.1,2.7,2.7,0.0,5.0,55,14.9,29.2,193,Drizzle: Dense,0,0,
31628,2021-12-29 13:00:00,40.745007,-73.91928,1,0,Unspecified,4490471,7.6,4.1,8.1,8.1,0.0,8.0,61,12.2,24.1,52,Rain: Light,1,1,
31629,2021-12-31 19:50:00,40.78928,-73.84095,0,0,Driver Inattention/Distraction,4491070,11.1,7.1,2.7,2.7,0.0,5.0,55,14.9,29.2,193,Drizzle: Dense,0,0,
31630,2021-12-30 18:00:00,40.728794,-73.79868,1,0,Unspecified,4491003,8.3,5.0,1.8,1.8,0.0,7.0,53,9.9,17.6,22,Drizzle: Moderate,1,1,
31631,2021-12-29 14:30:00,40.72106,-73.74026,0,0,Unspecified,4490552,7.6,4.1,8.1,8.1,0.0,8.0,61,12.2,24.1,52,Rain: Light,0,0,
31632,2021-12-26 09:35:00,40.659756,-73.866684,1,0,Brakes Defective,4491245,8.9,3.4,0.0,0.0,0.0,0.0,3,21.9,38.9,316,Overcast,1,1,
31633,2021-12-31 11:54:00,40.60728,-74.00887,0,0,Unspecified,4490934,11.1,7.1,2.7,2.7,0.0,5.0,55,14.9,29.2,193,Drizzle: Dense,0,0,
31634,2021-12-27 12:00:00,40.58388,-73.82305,0,0,Failure to Yield Right-of-Way,4491287,2.7,-1.4,2.1,0.8,0.91,5.0,73,13.5,23.0,10,Snow fall: Moderate,0,0,Snowy Conditions
31635,2021-12-30 19:45:00,40.863113,-73.920616,0,0,Driver Inattention/Distraction,4491500,8.3,5.0,1.8,1.8,0.0,7.0,53,9.9,17.6,22,Drizzle: Moderate,0,0,
31636,2021-12-22 22:45:00,40.765423,-73.89001,0,0,Following Too Closely,4491134,8.1,-0.0,4.2,4.2,0.0,9.0,61,26.7,47.9,313,Rain: Light,0,0,
31637,2021-12-29 17:30:00,40.82206,-73.92041,0,0,Unspecified,4490545,7.6,4.1,8.1,8.1,0.0,8.0,61,12.2,24.1,52,Rain: Light,0,0,
31638,2021-12-30 00:20:00,40.771374,-73.877144,0,0,Unsafe Lane Changing,4491100,8.3,5.0,1.8,1.8,0.0,7.0,53,9.9,17.6,22,Drizzle: Moderate,0,0,
31639,2021-12-31 13:50:00,40.736553,-73.71194,0,0,Following Too Closely,4490956,11.1,7.1,2.7,2.7,0.0,5.0,55,14.9,29.2,193,Drizzle: Dense,0,0,
31640,2021-12-25 17:00:00,40.849308,-73.88481,1,0,Unsafe Speed,4490857,8.8,0.5,6.1,6.1,0.0,14.0,55,14.5,24.8,284,Drizzle: Dense,1,1,
31641,2021-12-27 19:59:00,40.73125,-73.78214,1,0,Failure to Yield Right-of-Way,4491473,2.7,-1.4,2.1,0.8,0.91,5.0,73,13.5,23.0,10,Snow fall: Moderate,1,1,Snowy Conditions
31642,2021-11-18 10:55:00,40.811203,-73.96158,0,0,Unspecified,4490971,18.7,9.2,1.7,1.7,0.0,2.0,55,26.9,46.8,222,Drizzle: Dense,0,0,
31643,2021-12-25 02:05:00,40.69854,-73.94116,1,0,Unspecified,4491195,8.8,0.5,6.1,6.1,0.0,14.0,55,14.5,24.8,284,Drizzle: Dense,1,1,
31644,2021-12-29 11:40:00,40.560825,-74.13482,0,0,Driver Inattention/Distraction,4490614,7.6,4.1,8.1,8.1,0.0,8.0,61,12.2,24.1,52,Rain: Light,0,0,
31645,2021-12-30 00:00:00,40.865467,-73.86541,1,0,Driver Inattention/Distraction,4490735,8.3,5.0,1.8,1.8,0.0,7.0,53,9.9,17.6,22,Drizzle: Moderate,1,1,
31646,2021-12-29 01:30:00,40.76524,-73.95788,0,0,Driver Inattention/Distraction,4491639,7.6,4.1,8.1,8.1,0.0,8.0,61,12.2,24.1,52,Rain: Light,0,0,
31647,2021-12-30 19:40:00,40.665474,-73.86752,0,0,Failure to Yield Right-of-Way,4491278,8.3,5.0,1.8,1.8,0.0,7.0,53,9.9,17.6,22,Drizzle: Moderate,0,0,
31648,2021-12-30 15:30:00,40.691246,-73.85088,2,0,Unsafe Lane Changing,4490771,8.3,5.0,1.8,1.8,0.0,7.0,53,9.9,17.6,22,Drizzle: Moderate,2,2,
31649,2021-12-31 08:40:00,40.765266,-73.81517,1,0,Failure to Yield Right-of-Way,4491027,11.1,7.1,2.7,2.7,0.0,5.0,55,14.9,29.2,193,Drizzle: Dense,1,1,
31650,2021-12-30 16:30:00,40.879253,-73.88313,0,0,Driver Inattention/Distraction,4490751,8.3,5.0,1.8,1.8,0.0,7.0,53,9.9,17.6,22,Drizzle: Moderate,0,0,
31651,2021-12-30 07:30:00,40.724186,-73.898605,0,0,Driver Inattention/Distraction,4490672,8.3,5.0,1.8,1.8,0.0,7.0,53,9.9,17.6,22,Drizzle: Moderate,0,0,
31652,2021-12-31 20:00:00,40.679523,-73.97521,0,0,Passing Too Closely,4491427,11.1,7.1,2.7,2.7,0.0,5.0,55,14.9,29.2,193,Drizzle: Dense,0,0,
31653,2021-12-30 12:00:00,40.62026,-74.16774,0,0,Driver Inattention/Distraction,4490821,8.3,5.0,1.8,1.8,0.0,7.0,53,9.9,17.6,22,Drizzle: Moderate,0,0,
31654,2021-12-29 00:40:00,40.747715,-74.004265,0,0,Passing Too Closely,4490895,7.6,4.1,8.1,8.1,0.0,8.0,61,12.2,24.1,52,Rain: Light,0,0,
31655,2021-12-29 19:46:00,40.61301,-73.93499,0,0,Driver Inattention/Distraction,4491040,7.6,4.1,8.1,8.1,0.0,8.0,61,12.2,24.1,52,Rain: Light,0,0,
31656,2021-12-30 03:52:00,40.650684,-73.92354,0,0,Unspecified,4490595,8.3,5.0,1.8,1.8,0.0,7.0,53,9.9,17.6,22,Drizzle: Moderate,0,0,
31657,2021-12-23 00:25:00,40.634365,-73.88883,1,0,Unspecified,4491576,2.1,-2.3,0.0,0.0,0.0,0.0,3,20.1,35.6,299,Overcast,1,1,
31658,2021-12-31 15:25:00,40.68424,-73.8461,0,0,Passing or Lane Usage Improper,4490998,11.1,7.1,2.7,2.7,0.0,5.0,55,14.9,29.2,193,Drizzle: Dense,0,0,
31659,2021-12-30 06:40:00,40.74744,-73.885796,0,0,Passing or Lane Usage Improper,4490850,8.3,5.0,1.8,1.8,0.0,7.0,53,9.9,17.6,22,Drizzle: Moderate,0,0,
31660,2021-12-25 05:00:00,40.610588,-73.98971,0,0,Unspecified,4490983,8.8,0.5,6.1,6.1,0.0,14.0,55,14.5,24.8,284,Drizzle: Dense,0,0,
31661,2021-12-31 23:38:00,40.68424,-73.83808,2,0,Unspecified,4491077,11.1,7.1,2.7,2.7,0.0,5.0,55,14.9,29.2,193,Drizzle: Dense,2,2,
31662,2021-12-30 05:48:00,40.758255,-73.7772,0,0,Driver Inattention/Distraction,4490590,8.3,5.0,1.8,1.8,0.0,7.0,53,9.9,17.6,22,Drizzle: Moderate,0,0,
31663,2021-12-25 00:15:00,40.67086,-73.863174,1,0,Failure to Yield Right-of-Way,4491240,8.8,0.5,6.1,6.1,0.0,14.0,55,14.5,24.8,284,Drizzle: Dense,1,1,
31664,2021-12-29 09:30:00,40.852356,-73.86489,0,0,Other Vehicular,4490437,7.6,4.1,8.1,8.1,0.0,8.0,61,12.2,24.1,52,Rain: Light,0,0,
31665,2021-12-29 22:41:00,40.86289,-73.85016,1,0,Other Vehicular,4490866,7.6,4.1,8.1,8.1,0.0,8.0,61,12.2,24.1,52,Rain: Light,1,1,
31666,2021-12-31 16:30:00,40.606533,-73.970436,0,0,Unspecified,4491577,11.1,7.1,2.7,2.7,0.0,5.0,55,14.9,29.2,193,Drizzle: Dense,0,0,
31667,2021-12-27 04:05:00,40.63392,-74.12514,0,0,Fatigued/Drowsy,4490939,2.7,-1.4,2.1,0.8,0.91,5.0,73,13.5,23.0,10,Snow fall: Moderate,0,0,Snowy Conditions
31668,2022-04-02 13:32:00,40.668964,-73.95059,0,0,Driver Inattention/Distraction,4516177,11.1,1.4,0.0,0.0,0.0,0.0,3,26.3,47.9,286,Overcast,0,0,
31669,2021-12-29 08:29:00,40.59639,-73.96522,0,0,Unspecified,4490528,7.6,4.1,8.1,8.1,0.0,8.0,61,12.2,24.1,52,Rain: Light,0,0,
31670,2021-12-28 13:45:00,40.781837,-73.979294,1,0,Driver Inattention/Distraction,4491336,8.5,2.2,0.0,0.0,0.0,0.0,3,12.5,22.0,271,Overcast,1,1,
31671,2021-12-30 18:23:00,40.874214,-73.866104,1,0,Traffic Control Disregarded,4491055,8.3,5.0,1.8,1.8,0.0,7.0,53,9.9,17.6,22,Drizzle: Moderate,1,1,
31672,2021-12-30 10:28:00,40.672382,-73.78574,0,0,Traffic Control Disregarded,4490633,8.3,5.0,1.8,1.8,0.0,7.0,53,9.9,17.6,22,Drizzle: Moderate,0,0,
31673,2021-12-31 00:36:00,40.67936,-73.879745,0,0,Alcohol Involvement,4491292,11.1,7.1,2.7,2.7,0.0,5.0,55,14.9,29.2,193,Drizzle: Dense,0,0,
31674,2021-12-28 19:16:00,40.872787,-73.87651,0,0,Unspecified,4490924,8.5,2.2,0.0,0.0,0.0,0.0,3,12.5,22.0,271,Overcast,0,0,
31675,2021-12-30 14:50:00,40.666695,-73.767136,0,0,Unspecified,4490892,8.3,5.0,1.8,1.8,0.0,7.0,53,9.9,17.6,22,Drizzle: Moderate,0,0,
31676,2021-12-30 14:00:00,40.811584,-73.90868,0,0,Unspecified,4490805,8.3,5.0,1.8,1.8,0.0,7.0,53,9.9,17.6,22,Drizzle: Moderate,0,0,
31677,2021-12-27 17:10:00,40.60235,-74.189644,0,0,Driver Inattention/Distraction,4491111,2.7,-1.4,2.1,0.8,0.91,5.0,73,13.5,23.0,10,Snow fall: Moderate,0,0,Snowy Conditions
31678,2021-12-28 04:55:00,40.698544,-73.96236,0,0,Reaction to Uninvolved Vehicle,4491008,8.5,2.2,0.0,0.0,0.0,0.0,3,12.5,22.0,271,Overcast,0,0,
31679,2021-12-31 17:48:00,40.86392,-73.8674,0,0,Passing or Lane Usage Improper,4491130,11.1,7.1,2.7,2.7,0.0,5.0,55,14.9,29.2,193,Drizzle: Dense,0,0,
31680,2021-12-30 05:50:00,40.636074,-73.951096,1,0,Failure to Yield Right-of-Way,4491314,8.3,5.0,1.8,1.8,0.0,7.0,53,9.9,17.6,22,Drizzle: Moderate,1,1,
31681,2022-04-02 14:00:00,40.627285,-74.12366,0,0,Unspecified,4515829,11.1,1.4,0.0,0.0,0.0,0.0,3,26.3,47.9,286,Overcast,0,0,
31682,2021-12-30 01:40:00,40.71181,-73.78785,1,0,Driver Inattention/Distraction,4491630,8.3,5.0,1.8,1.8,0.0,7.0,53,9.9,17.6,22,Drizzle: Moderate,1,1,
31683,2021-12-30 12:53:00,40.640564,-73.99222,0,0,Unspecified,4490966,8.3,5.0,1.8,1.8,0.0,7.0,53,9.9,17.6,22,Drizzle: Moderate,0,0,
31684,2021-12-30 13:27:00,40.678165,-73.84871,0,0,Other Vehicular,4490988,8.3,5.0,1.8,1.8,0.0,7.0,53,9.9,17.6,22,Drizzle: Moderate,0,0,
31685,2021-12-29 19:59:00,40.65187,-73.90456,0,0,Passing or Lane Usage Improper,4491220,7.6,4.1,8.1,8.1,0.0,8.0,61,12.2,24.1,52,Rain: Light,0,0,
31686,2021-12-29 06:22:00,40.84519,-73.9112,2,0,Unspecified,4491188,7.6,4.1,8.1,8.1,0.0,8.0,61,12.2,24.1,52,Rain: Light,2,2,