,CRASH DATETIME,LATITUDE,LONGITUDE,NUMBER OF PERSONS INJURED,NUMBER OF PERSONS KILLED,CONTRIBUTING FACTOR VEHICLE 1,COLLISION_ID,temperature_2m_max,temperature_2m_min,precipitation_sum,rain_sum,snowfall_sum,precipitation_hours,weather_code,wind_speed_10m_max,wind_gusts_10m_max,wind_direction_10m_dominant,Weather Description,Severity_Score,Total_Affected_Persons,Weather_Category
31687,2021-12-30 09:20:00,40.762794,-73.83558,0,0,Following Too Closely,4490640,8.3,5.0,1.8,1.8,0.0,7.0,53,9.9,17.6,22,Drizzle: Moderate,0,0,
31688,2021-12-31 11:30:00,40.625507,-73.91789,0,0,Driver Inattention/Distraction,4491284,11.1,7.1,2.7,2.7,0.0,5.0,55,14.9,29.2,193,Drizzle: Dense,0,0,
31689,2021-12-27 23:45:00,40.628708,-74.11902,0,0,Unspecified,4490944,2.7,-1.4,2.1,0.8,0.91,5.0,73,13.5,23.0,10,Snow fall: Moderate,0,0,Snowy Conditions
31690,2021-12-23 17:00:00,40.662674,-73.89738,0,0,Unspecified,4491267,2.1,-2.3,0.0,0.0,0.0,0.0,3,20.1,35.6,299,Overcast,0,0,
31691,2021-12-30 11:50:00,40.668068,-73.93578,0,0,Driver Inattention/Distraction,4490713,8.3,5.0,1.8,1.8,0.0,7.0,53,9.9,17.6,22,Drizzle: Moderate,0,0,
31692,2021-12-30 21:40:00,40.681515,-73.90412,0,0,Unsafe Speed,4490811,8.3,5.0,1.8,1.8,0.0,7.0,53,9.9,17.6,22,Drizzle: Moderate,0,0,
31693,2021-12-30 16:37:00,40.756557,-73.986115,1,0,Driver Inattention/Distraction,4491534,8.3,5.0,1.8,1.8,0.0,7.0,53,9.9,17.6,22,Drizzle: Moderate,1,1,
31694,2021-12-27 02:29:00,40.669064,-73.86557,2,0,Driver Inattention/Distraction,4491299,2.7,-1.4,2.1,0.8,0.91,5.0,73,13.5,23.0,10,Snow fall: Moderate,2,2,Snowy Conditions
31695,2021-12-29 19:25:00,40.83163,-73.92252,0,0,Passing Too Closely,4490622,7.6,4.1,8.1,8.1,0.0,8.0,61,12.2,24.1,52,Rain: Light,0,0,
31696,2021-12-30 17:37:00,40.69977,-73.755585,0,0,Driver Inattention/Distraction,4491117,8.3,5.0,1.8,1.8,0.0,7.0,53,9.9,17.6,22,Drizzle: Moderate,0,0,
31697,2021-12-18 21:00:00,40.7517,-73.894135,0,0,Unspecified,4491465,6.3,4.5,3.8,3.8,0.0,9.0,61,12.3,24.5,35,Rain: Light,0,0,
31698,2021-12-31 19:00:00,40.754116,-73.858536,1,0,Driver Inattention/Distraction,4491168,11.1,7.1,2.7,2.7,0.0,5.0,55,14.9,29.2,193,Drizzle: Dense,1,1,
31699,2021-12-30 00:28:00,0.0,0.0,0,0,Unsafe Speed,4490570,8.3,5.0,1.8,1.8,0.0,7.0,53,9.9,17.6,22,Drizzle: Moderate,0,0,
31700,2021-12-24 22:00:00,40.884388,-73.90759,0,0,Unspecified,4490861,5.7,-1.1,1.0,0.0,0.7,5.0,73,12.4,21.6,73,Snow fall: Moderate,0,0,Snowy Conditions
31701,2021-12-30 23:30:00,40.74084,-73.72681,1,0,Driver Inexperience,4490872,8.3,5.0,1.8,1.8,0.0,7.0,53,9.9,17.6,22,Drizzle: Moderate,1,1,
31702,2021-12-29 19:00:00,40.66531,-73.890305,0,0,Driver Inattention/Distraction,4491304,7.6,4.1,8.1,8.1,0.0,8.0,61,12.2,24.1,52,Rain: Light,0,0,
31703,2021-12-29 22:45:00,40.668137,-73.783356,0,0,Passing Too Closely,4491649,7.6,4.1,8.1,8.1,0.0,8.0,61,12.2,24.1,52,Rain: Light,0,0,
31704,2021-12-30 19:30:00,40.63413,-73.928505,1,0,Driver Inattention/Distraction,4490730,8.3,5.0,1.8,1.8,0.0,7.0,53,9.9,17.6,22,Drizzle: Moderate,1,1,
31705,2021-12-30 19:00:00,40.732475,-73.77766,0,0,Tire Failure/Inadequate,4490782,8.3,5.0,1.8,1.8,0.0,7.0,53,9.9,17.6,22,Drizzle: Moderate,0,0,
31706,2021-12-29 12:30:00,40.642097,-73.99211,0,0,Unspecified,4490651,7.6,4.1,8.1,8.1,0.0,8.0,61,12.2,24.1,52,Rain: Light,0,0,
31707,2021-12-30 14:40:00,40.85479,-73.84368,1,0,Unspecified,4490951,8.3,5.0,1.8,1.8,0.0,7.0,53,9.9,17.6,22,Drizzle: Moderate,1,1,
31708,2022-03-24 05:40:00,40.5861,-73.97128,0,0,Unspecified,4516187,9.9,3.5,21.4,21.4,0.0,16.0,63,27.2,50.8,57,Rain: Moderate,0,0,
31709,2021-12-31 12:30:00,40.83029,-73.850655,0,0,Following Too Closely,4491093,11.1,7.1,2.7,2.7,0.0,5.0,55,14.9,29.2,193,Drizzle: Dense,0,0,
31710,2021-12-30 12:05:00,40.71832,-73.994415,0,0,Pedestrian/Bicyclist/Other Pedestrian Error/Confusion,4491432,8.3,5.0,1.8,1.8,0.0,7.0,53,9.9,17.6,22,Drizzle: Moderate,0,0,
31711,2021-12-31 21:14:00,40.87126,-73.84992,1,0,Driver Inattention/Distraction,4491169,11.1,7.1,2.7,2.7,0.0,5.0,55,14.9,29.2,193,Drizzle: Dense,1,1,
31712,2021-12-30 09:25:00,40.839832,-73.92392,3,0,Failure to Yield Right-of-Way,4490698,8.3,5.0,1.8,1.8,0.0,7.0,53,9.9,17.6,22,Drizzle: Moderate,3,3,
31713,2021-12-31 20:20:00,40.683437,-73.74787,0,0,Steering Failure,4491020,11.1,7.1,2.7,2.7,0.0,5.0,55,14.9,29.2,193,Drizzle: Dense,0,0,
31714,2021-12-31 20:14:00,40.607464,-74.085144,0,0,Unspecified,4491647,11.1,7.1,2.7,2.7,0.0,5.0,55,14.9,29.2,193,Drizzle: Dense,0,0,
31715,2021-12-31 10:35:00,40.647243,-73.96048,0,0,Outside Car Distraction,4491319,11.1,7.1,2.7,2.7,0.0,5.0,55,14.9,29.2,193,Drizzle: Dense,0,0,
31716,2021-12-31 12:35:00,40.73769,-73.76858,0,0,Unsafe Speed,4491458,11.1,7.1,2.7,2.7,0.0,5.0,55,14.9,29.2,193,Drizzle: Dense,0,0,
31717,2021-12-28 19:40:00,40.70616,-73.75747,1,0,Failure to Yield Right-of-Way,4490899,8.5,2.2,0.0,0.0,0.0,0.0,3,12.5,22.0,271,Overcast,1,1,
31718,2021-12-31 21:05:00,40.81346,-73.90605,0,0,Unspecified,4491082,11.1,7.1,2.7,2.7,0.0,5.0,55,14.9,29.2,193,Drizzle: Dense,0,0,
31719,2021-12-30 18:30:00,40.746624,-73.886604,0,0,Unspecified,4490830,8.3,5.0,1.8,1.8,0.0,7.0,53,9.9,17.6,22,Drizzle: Moderate,0,0,
31720,2022-04-02 01:35:00,40.755566,-73.79172,1,0,Unsafe Speed,4515452,11.1,1.4,0.0,0.0,0.0,0.0,3,26.3,47.9,286,Overcast,1,1,
31721,2021-12-31 16:00:00,40.605553,-74.0837,0,0,Other Vehicular,4491015,11.1,7.1,2.7,2.7,0.0,5.0,55,14.9,29.2,193,Drizzle: Dense,0,0,
31722,2021-12-19 16:36:00,40.90347,-73.88628,0,0,Alcohol Involvement,4490927,7.1,-1.8,0.5,0.5,0.0,4.0,51,26.4,47.5,327,Drizzle: Light,0,0,
31723,2021-12-30 12:47:00,40.824493,-73.91256,1,0,Unsafe Speed,4490704,8.3,5.0,1.8,1.8,0.0,7.0,53,9.9,17.6,22,Drizzle: Moderate,1,1,
31724,2021-12-31 21:54:00,40.666706,-73.871826,0,0,Driver Inattention/Distraction,4491234,11.1,7.1,2.7,2.7,0.0,5.0,55,14.9,29.2,193,Drizzle: Dense,0,0,
31725,2021-12-30 12:30:00,40.748142,-73.87643,0,0,Following Too Closely,4490838,8.3,5.0,1.8,1.8,0.0,7.0,53,9.9,17.6,22,Drizzle: Moderate,0,0,
31726,2021-12-29 02:15:00,40.739494,-73.97663,1,0,Passing or Lane Usage Improper,4490381,7.6,4.1,8.1,8.1,0.0,8.0,61,12.2,24.1,52,Rain: Light,1,1,
31727,2021-12-30 15:00:00,40.666714,-73.75156,1,0,Failure to Yield Right-of-Way,4490888,8.3,5.0,1.8,1.8,0.0,7.0,53,9.9,17.6,22,Drizzle: Moderate,1,1,
31728,2021-12-30 13:39:00,40.760155,-73.9988,0,0,Unsafe Lane Changing,4491144,8.3,5.0,1.8,1.8,0.0,7.0,53,9.9,17.6,22,Drizzle: Moderate,0,0,
31729,2021-12-30 12:00:00,40.89466,-73.86137,0,0,Driver Inattention/Distraction,4491059,8.3,5.0,1.8,1.8,0.0,7.0,53,9.9,17.6,22,Drizzle: Moderate,0,0,
31730,2021-12-31 15:40:00,40.600105,-73.93323,0,0,Failure to Yield Right-of-Way,4491052,11.1,7.1,2.7,2.7,0.0,5.0,55,14.9,29.2,193,Drizzle: Dense,0,0,
31731,2021-12-30 10:00:00,40.595135,-73.75321,0,0,Reaction to Uninvolved Vehicle,4490862,8.3,5.0,1.8,1.8,0.0,7.0,53,9.9,17.6,22,Drizzle: Moderate,0,0,
31732,2021-12-29 01:20:00,40.700653,-73.89628,0,0,Traffic Control Disregarded,4490594,7.6,4.1,8.1,8.1,0.0,8.0,61,12.2,24.1,52,Rain: Light,0,0,
31733,2021-12-30 22:07:00,40.583534,-73.984184,1,0,Driver Inexperience,4491352,8.3,5.0,1.8,1.8,0.0,7.0,53,9.9,17.6,22,Drizzle: Moderate,1,1,
31734,2021-12-29 16:06:00,40.879353,-73.87429,0,0,Passing Too Closely,4490745,7.6,4.1,8.1,8.1,0.0,8.0,61,12.2,24.1,52,Rain: Light,0,0,
31735,2021-12-29 17:30:00,40.733917,-73.9219,0,0,Failure to Yield Right-of-Way,4490521,7.6,4.1,8.1,8.1,0.0,8.0,61,12.2,24.1,52,Rain: Light,0,0,
31736,2021-12-26 02:20:00,40.689186,-73.8207,1,0,Passing or Lane Usage Improper,4491366,8.9,3.4,0.0,0.0,0.0,0.0,3,21.9,38.9,316,Overcast,1,1,
31737,2021-12-23 17:38:00,40.590706,-74.165794,0,0,Driver Inattention/Distraction,4491107,2.1,-2.3,0.0,0.0,0.0,0.0,3,20.1,35.6,299,Overcast,0,0,
31738,2021-12-23 13:40:00,40.68039,-73.94956,1,0,Driver Inattention/Distraction,4491523,2.1,-2.3,0.0,0.0,0.0,0.0,3,20.1,35.6,299,Overcast,1,1,
31739,2021-12-21 16:00:00,40.68161,-73.7964,0,0,Passing Too Closely,4491125,5.7,-2.4,0.0,0.0,0.0,0.0,3,13.6,24.5,228,Overcast,0,0,
31740,2021-12-29 14:38:00,40.665894,-73.97774,0,0,Passing Too Closely,4491420,7.6,4.1,8.1,8.1,0.0,8.0,61,12.2,24.1,52,Rain: Light,0,0,
31741,2021-12-28 12:10:00,40.62633,-74.17498,0,0,Driver Inattention/Distraction,4491047,8.5,2.2,0.0,0.0,0.0,0.0,3,12.5,22.0,271,Overcast,0,0,
31742,2021-12-26 01:30:00,40.679813,-73.87327,0,0,Driver Inattention/Distraction,4491262,8.9,3.4,0.0,0.0,0.0,0.0,3,21.9,38.9,316,Overcast,0,0,
31743,2021-12-29 09:35:00,40.583656,-73.98656,0,0,Driver Inattention/Distraction,4490739,7.6,4.1,8.1,8.1,0.0,8.0,61,12.2,24.1,52,Rain: Light,0,0,
31744,2021-05-19 10:31:00,40.66845,-73.99354,2,0,Driver Inattention/Distraction,4418119,28.2,13.6,0.0,0.0,0.0,0.0,3,19.6,40.3,337,Overcast,2,2,
31745,2021-05-30 01:55:00,40.683037,-73.96478,2,0,Other Vehicular,4422972,11.5,8.5,13.7,13.7,0.0,24.0,61,28.1,52.2,22,Rain: Light,2,2,
31746,2021-06-05 16:53:00,40.68899,-73.94503,0,0,Driver Inattention/Distraction,4423626,31.3,17.3,0.0,0.0,0.0,0.0,2,20.9,43.9,247,Partly cloudy,0,0,
31747,2021-06-05 17:35:00,40.610188,-73.939354,2,0,Traffic Control Disregarded,4423831,31.3,17.3,0.0,0.0,0.0,0.0,2,20.9,43.9,247,Partly cloudy,2,2,
31748,2021-06-06 13:00:00,40.606155,-74.08308,0,0,Passing or Lane Usage Improper,4424480,31.0,20.0,0.0,0.0,0.0,0.0,1,16.6,32.4,222,Mainly clear,0,0,Sunny/Clear Conditions
31749,2021-06-07 16:50:00,40.813587,-73.9273,4,0,Unspecified,4425378,31.0,20.7,0.1,0.1,0.0,1.0,51,16.5,34.9,204,Drizzle: Light,4,4,
31750,2021-06-08 14:00:00,40.783897,-73.97407,1,0,Turning Improperly,4424967,30.1,22.0,5.9,5.9,0.0,9.0,61,16.6,34.6,215,Rain: Light,1,1,
31751,2021-06-08 11:15:00,40.63529,-74.1636,0,0,Driver Inattention/Distraction,4425082,30.1,22.0,5.9,5.9,0.0,9.0,61,16.6,34.6,215,Rain: Light,0,0,
31752,2021-06-08 17:05:00,40.712494,-73.950455,0,0,Other Vehicular,4425010,30.1,22.0,5.9,5.9,0.0,9.0,61,16.6,34.6,215,Rain: Light,0,0,
31753,2021-06-05 15:15:00,40.519424,-74.196205,0,0,Driver Inattention/Distraction,4425658,31.3,17.3,0.0,0.0,0.0,0.0,2,20.9,43.9,247,Partly cloudy,0,0,
31754,2021-06-05 17:35:00,40.69309,-73.94296,0,0,Following Too Closely,4425458,31.3,17.3,0.0,0.0,0.0,0.0,2,20.9,43.9,247,Partly cloudy,0,0,
31755,2021-06-08 14:40:00,40.757725,-73.779274,2,0,Driver Inexperience,4425433,30.1,22.0,5.9,5.9,0.0,9.0,61,16.6,34.6,215,Rain: Light,2,2,
31756,2021-06-08 01:27:00,40.681274,-73.81162,0,0,Tire Failure/Inadequate,4424674,30.1,22.0,5.9,5.9,0.0,9.0,61,16.6,34.6,215,Rain: Light,0,0,
31757,2021-06-08 13:13:00,40.764347,-73.82595,1,0,Failure to Yield Right-of-Way,4424988,30.1,22.0,5.9,5.9,0.0,9.0,61,16.6,34.6,215,Rain: Light,1,1,
31758,2021-06-03 19:00:00,40.655334,-73.93077,0,0,Unspecified,4425702,23.0,13.2,11.9,11.9,0.0,10.0,63,13.6,38.9,165,Rain: Moderate,0,0,
31759,2021-06-08 10:27:00,40.725582,-73.989876,1,0,Other Vehicular,4425161,30.1,22.0,5.9,5.9,0.0,9.0,61,16.6,34.6,215,Rain: Light,1,1,
31760,2021-06-08 19:25:00,40.76685,-73.95376,0,0,Following Too Closely,4425034,30.1,22.0,5.9,5.9,0.0,9.0,61,16.6,34.6,215,Rain: Light,0,0,
31761,2021-06-08 11:23:00,40.66929,-73.842445,1,0,Following Too Closely,4425363,30.1,22.0,5.9,5.9,0.0,9.0,61,16.6,34.6,215,Rain: Light,1,1,
31762,2021-06-04 13:00:00,40.694363,-73.958,0,0,Driver Inattention/Distraction,4425520,25.3,17.4,6.5,6.5,0.0,10.0,61,17.9,37.8,235,Rain: Light,0,0,
31763,2021-06-05 07:30:00,40.704494,-73.81743,1,0,Driver Inexperience,4425602,31.3,17.3,0.0,0.0,0.0,0.0,2,20.9,43.9,247,Partly cloudy,1,1,
31764,2021-06-08 03:10:00,40.674934,-73.80186,1,0,Following Too Closely,4424729,30.1,22.0,5.9,5.9,0.0,9.0,61,16.6,34.6,215,Rain: Light,1,1,
31765,2021-06-08 14:05:00,40.669792,-73.8924,1,0,Unsafe Speed,4425050,30.1,22.0,5.9,5.9,0.0,9.0,61,16.6,34.6,215,Rain: Light,1,1,
31766,2021-06-08 23:45:00,40.70277,-73.82986,0,0,Unsafe Speed,4425454,30.1,22.0,5.9,5.9,0.0,9.0,61,16.6,34.6,215,Rain: Light,0,0,
31767,2021-05-13 10:40:00,40.76161,-73.97076,0,0,Failure to Yield Right-of-Way,4425496,19.1,7.2,0.0,0.0,0.0,0.0,1,15.8,27.4,315,Mainly clear,0,0,Sunny/Clear Conditions
31768,2021-06-08 20:39:00,40.684963,-73.82926,2,0,Pedestrian/Bicyclist/Other Pedestrian Error/Confusion,4425258,30.1,22.0,5.9,5.9,0.0,9.0,61,16.6,34.6,215,Rain: Light,2,2,
31769,2021-06-08 03:11:00,40.75687,-73.85706,0,0,Alcohol Involvement,4424761,30.1,22.0,5.9,5.9,0.0,9.0,61,16.6,34.6,215,Rain: Light,0,0,
31770,2021-12-25 02:15:00,40.543335,-74.164276,2,0,Traffic Control Disregarded,4491184,8.8,0.5,6.1,6.1,0.0,14.0,55,14.5,24.8,284,Drizzle: Dense,2,2,
31771,2021-06-08 13:41:00,40.652954,-74.00215,3,0,Driver Inattention/Distraction,4425087,30.1,22.0,5.9,5.9,0.0,9.0,61,16.6,34.6,215,Rain: Light,3,3,
31772,2021-06-06 12:00:00,40.543728,-74.21876,1,0,Driver Inattention/Distraction,4425667,31.0,20.0,0.0,0.0,0.0,0.0,1,16.6,32.4,222,Mainly clear,1,1,Sunny/Clear Conditions
31773,2021-06-08 16:32:00,40.81207,-73.93603,0,0,Unspecified,4425115,30.1,22.0,5.9,5.9,0.0,9.0,61,16.6,34.6,215,Rain: Light,0,0,
31774,2021-06-08 18:09:00,40.663883,-73.9841,1,0,Driver Inattention/Distraction,4425173,30.1,22.0,5.9,5.9,0.0,9.0,61,16.6,34.6,215,Rain: Light,1,1,
31775,2021-06-08 15:27:00,40.653805,-73.93061,0,0,Unspecified,4425215,30.1,22.0,5.9,5.9,0.0,9.0,61,16.6,34.6,215,Rain: Light,0,0,
31776,2021-06-08 11:00:00,40.64214,-73.95447,0,0,Unspecified,4424905,30.1,22.0,5.9,5.9,0.0,9.0,61,16.6,34.6,215,Rain: Light,0,0,
31777,2021-06-08 12:00:00,40.610264,-73.954704,0,0,Unspecified,4424848,30.1,22.0,5.9,5.9,0.0,9.0,61,16.6,34.6,215,Rain: Light,0,0,
31778,2021-06-03 09:33:00,40.793816,-73.94402,1,0,Passing Too Closely,4425552,23.0,13.2,11.9,11.9,0.0,10.0,63,13.6,38.9,165,Rain: Moderate,1,1,
31779,2021-06-07 18:30:00,40.69789,-73.899376,0,0,Failure to Yield Right-of-Way,4425582,31.0,20.7,0.1,0.1,0.0,1.0,51,16.5,34.9,204,Drizzle: Light,0,0,
31780,2021-06-04 10:45:00,40.733612,-73.999565,1,0,Driver Inattention/Distraction,4425629,25.3,17.4,6.5,6.5,0.0,10.0,61,17.9,37.8,235,Rain: Light,1,1,
31781,2021-06-08 08:15:00,40.752316,-73.985954,0,0,Driver Inattention/Distraction,4424892,30.1,22.0,5.9,5.9,0.0,9.0,61,16.6,34.6,215,Rain: Light,0,0,
31782,2021-06-08 07:28:00,40.683144,-73.76859,0,0,Failure to Yield Right-of-Way,4424849,30.1,22.0,5.9,5.9,0.0,9.0,61,16.6,34.6,215,Rain: Light,0,0,
31783,2021-06-08 05:51:00,40.84518,-73.91417,0,0,Driver Inattention/Distraction,4425470,30.1,22.0,5.9,5.9,0.0,9.0,61,16.6,34.6,215,Rain: Light,0,0,
31784,2021-06-08 15:30:00,40.887695,-73.8627,0,0,Following Too Closely,4424929,30.1,22.0,5.9,5.9,0.0,9.0,61,16.6,34.6,215,Rain: Light,0,0,
31785,2021-06-08 08:00:00,40.85566,-73.869835,0,0,Unspecified,4424816,30.1,22.0,5.9,5.9,0.0,9.0,61,16.6,34.6,215,Rain: Light,0,0,
31786,2021-06-08 06:37:00,40.8386,-73.86469,0,0,Unspecified,4425204,30.1,22.0,5.9,5.9,0.0,9.0,61,16.6,34.6,215,Rain: Light,0,0,
31787,2021-06-05 23:11:00,40.857327,-73.904526,1,0,Failure to Yield Right-of-Way,4425768,31.3,17.3,0.0,0.0,0.0,0.0,2,20.9,43.9,247,Partly cloudy,1,1,
31788,2021-06-08 13:40:00,40.748848,-73.8723,0,0,Passing Too Closely,4425019,30.1,22.0,5.9,5.9,0.0,9.0,61,16.6,34.6,215,Rain: Light,0,0,
31789,2021-06-08 00:30:00,40.672943,-73.892265,0,0,Passing Too Closely,4425062,30.1,22.0,5.9,5.9,0.0,9.0,61,16.6,34.6,215,Rain: Light,0,0,
31790,2021-06-04 07:25:00,40.68515,-73.97741,0,0,Other Vehicular,4425683,25.3,17.4,6.5,6.5,0.0,10.0,61,17.9,37.8,235,Rain: Light,0,0,
31791,2021-06-06 14:00:00,40.650528,-73.95583,0,0,Turning Improperly,4425709,31.0,20.0,0.0,0.0,0.0,0.0,1,16.6,32.4,222,Mainly clear,0,0,Sunny/Clear Conditions
31792,2021-06-08 19:25:00,40.660847,-73.8403,1,0,Following Too Closely,4425236,30.1,22.0,5.9,5.9,0.0,9.0,61,16.6,34.6,215,Rain: Light,1,1,
31793,2021-06-08 07:50:00,40.85901,-73.927635,0,0,View Obstructed/Limited,4425225,30.1,22.0,5.9,5.9,0.0,9.0,61,16.6,34.6,215,Rain: Light,0,0,
31794,2021-06-08 06:45:00,40.684395,-73.97835,1,0,Pedestrian/Bicyclist/Other Pedestrian Error/Confusion,4424839,30.1,22.0,5.9,5.9,0.0,9.0,61,16.6,34.6,215,Rain: Light,1,1,
31795,2021-06-08 16:25:00,40.684177,-73.992195,0,0,View Obstructed/Limited,4424997,30.1,22.0,5.9,5.9,0.0,9.0,61,16.6,34.6,215,Rain: Light,0,0,
31796,2021-05-21 16:10:00,40.69365,-73.98333,0,0,Following Too Closely,4425646,23.9,11.3,0.0,0.0,0.0,0.0,3,19.2,38.5,174,Overcast,0,0,
31797,2021-06-08 10:00:00,40.777756,-73.89871,0,0,Passing Too Closely,4425113,30.1,22.0,5.9,5.9,0.0,9.0,61,16.6,34.6,215,Rain: Light,0,0,
31798,2021-06-08 18:16:00,40.87564,-73.829,0,0,Unspecified,4425417,30.1,22.0,5.9,5.9,0.0,9.0,61,16.6,34.6,215,Rain: Light,0,0,
31799,2021-06-08 19:00:00,40.693882,-73.72966,0,0,Unsafe Speed,4424945,30.1,22.0,5.9,5.9,0.0,9.0,61,16.6,34.6,215,Rain: Light,0,0,
31800,2021-06-01 23:05:00,40.7375,-73.93385,0,0,Passing or Lane Usage Improper,4425619,23.5,9.7,0.0,0.0,0.0,0.0,3,17.6,32.0,221,Overcast,0,0,
31801,2021-06-08 16:50:00,40.760654,-73.7948,0,0,Passing or Lane Usage Improper,4424978,30.1,22.0,5.9,5.9,0.0,9.0,61,16.6,34.6,215,Rain: Light,0,0,
31802,2021-06-08 17:50:00,40.85935,-73.90117,0,0,Unspecified,4425483,30.1,22.0,5.9,5.9,0.0,9.0,61,16.6,34.6,215,Rain: Light,0,0,
31803,2021-06-08 11:30:00,40.8595,-73.84301,0,0,Other Vehicular,4424859,30.1,22.0,5.9,5.9,0.0,9.0,61,16.6,34.6,215,Rain: Light,0,0,
31804,2021-06-08 16:16:00,40.825947,-73.88784,0,0,Unspecified,4425357,30.1,22.0,5.9,5.9,0.0,9.0,61,16.6,34.6,215,Rain: Light,0,0,
31805,2021-06-08 11:25:00,40.685368,-73.9109,0,0,Driver Inexperience,4425153,30.1,22.0,5.9,5.9,0.0,9.0,61,16.6,34.6,215,Rain: Light,0,0,
31806,2021-06-08 13:00:00,40.822456,-73.92692,0,0,Reaction to Uninvolved Vehicle,4425189,30.1,22.0,5.9,5.9,0.0,9.0,61,16.6,34.6,215,Rain: Light,0,0,
31807,2021-06-04 15:00:00,40.732845,-73.995926,1,0,Driver Inattention/Distraction,4425630,25.3,17.4,6.5,6.5,0.0,10.0,61,17.9,37.8,235,Rain: Light,1,1,
31808,2021-06-08 18:14:00,40.831333,-73.92167,1,0,Driver Inattention/Distraction,4425778,30.1,22.0,5.9,5.9,0.0,9.0,61,16.6,34.6,215,Rain: Light,1,1,
31809,2021-06-08 14:05:00,40.73175,-73.94552,0,0,Unspecified,4425329,30.1,22.0,5.9,5.9,0.0,9.0,61,16.6,34.6,215,Rain: Light,0,0,
31810,2021-06-03 22:55:00,40.70806,-73.8073,1,0,Brakes Defective,4425463,23.0,13.2,11.9,11.9,0.0,10.0,63,13.6,38.9,165,Rain: Moderate,1,1,
31811,2021-06-08 16:43:00,40.713493,-73.95153,1,0,Driver Inattention/Distraction,4425015,30.1,22.0,5.9,5.9,0.0,9.0,61,16.6,34.6,215,Rain: Light,1,1,
31812,2021-06-08 23:29:00,40.839268,-73.903824,1,0,Driver Inattention/Distraction,4425439,30.1,22.0,5.9,5.9,0.0,9.0,61,16.6,34.6,215,Rain: Light,1,1,
31813,2021-06-08 17:50:00,40.68464,-73.87584,1,0,Failure to Yield Right-of-Way,4425051,30.1,22.0,5.9,5.9,0.0,9.0,61,16.6,34.6,215,Rain: Light,1,1,
31814,2021-06-08 07:30:00,40.754158,-73.96271,0,0,Driver Inattention/Distraction,4424984,30.1,22.0,5.9,5.9,0.0,9.0,61,16.6,34.6,215,Rain: Light,0,0,
31815,2021-06-06 02:50:00,40.65067,-73.95248,1,0,Traffic Control Disregarded,4425703,31.0,20.0,0.0,0.0,0.0,0.0,1,16.6,32.4,222,Mainly clear,1,1,Sunny/Clear Conditions
31816,2021-06-08 00:51:00,40.75205,-73.92792,0,0,Backing Unsafely,4425107,30.1,22.0,5.9,5.9,0.0,9.0,61,16.6,34.6,215,Rain: Light,0,0,
31817,2021-06-06 21:22:00,40.669006,-73.79459,1,0,Alcohol Involvement,4425531,31.0,20.0,0.0,0.0,0.0,0.0,1,16.6,32.4,222,Mainly clear,1,1,Sunny/Clear Conditions
31818,2021-06-08 06:00:00,40.741917,-73.823425,0,0,Unspecified,4424952,30.1,22.0,5.9,5.9,0.0,9.0,61,16.6,34.6,215,Rain: Light,0,0,
31819,2021-06-05 12:40:00,40.69349,-73.97917,0,0,Driver Inattention/Distraction,4425562,31.3,17.3,0.0,0.0,0.0,0.0,2,20.9,43.9,247,Partly cloudy,0,0,
31820,2021-06-08 17:46:00,40.786423,-73.82394,1,0,Following Too Closely,4424990,30.1,22.0,5.9,5.9,0.0,9.0,61,16.6,34.6,215,Rain: Light,1,1,
31821,2021-06-08 18:43:00,40.58196,-73.959946,1,0,Driver Inattention/Distraction,4425073,30.1,22.0,5.9,5.9,0.0,9.0,61,16.6,34.6,215,Rain: Light,1,1,
31822,2021-06-08 18:34:00,40.749054,-73.99576,0,0,Driver Inattention/Distraction,4425035,30.1,22.0,5.9,5.9,0.0,9.0,61,16.6,34.6,215,Rain: Light,0,0,
31823,2021-04-15 04:03:00,40.725174,-73.97274,0,0,Unspecified,4425449,12.9,7.7,15.9,15.9,0.0,15.0,63,17.3,32.0,166,Rain: Moderate,0,0,
31824,2021-06-08 05:22:00,40.770424,-73.964325,0,0,Unspecified,4424692,30.1,22.0,5.9,5.9,0.0,9.0,61,16.6,34.6,215,Rain: Light,0,0,
31825,2021-05-21 23:30:00,40.722935,-73.994644,0,0,Driver Inattention/Distraction,4425491,23.9,11.3,0.0,0.0,0.0,0.0,3,19.2,38.5,174,Overcast,0,0,
31826,2021-06-08 16:50:00,40.703377,-73.86343,2,0,Pavement Slippery,4425611,30.1,22.0,5.9,5.9,0.0,9.0,61,16.6,34.6,215,Rain: Light,2,2,
31827,2021-06-08 12:49:00,40.76259,-73.80464,0,0,Turning Improperly,4424974,30.1,22.0,5.9,5.9,0.0,9.0,61,16.6,34.6,215,Rain: Light,0,0,
31828,2021-06-08 18:41:00,40.813374,-73.956276,0,0,Unspecified,4425294,30.1,22.0,5.9,5.9,0.0,9.0,61,16.6,34.6,215,Rain: Light,0,0,
31829,2021-12-28 13:35:00,40.68139,-73.97553,1,0,Driver Inattention/Distraction,4491426,8.5,2.2,0.0,0.0,0.0,0.0,3,12.5,22.0,271,Overcast,1,1,
31830,2021-06-07 13:45:00,40.85467,-73.885765,0,0,Driver Inattention/Distraction,4425560,31.0,20.7,0.1,0.1,0.0,1.0,51,16.5,34.9,204,Drizzle: Light,0,0,