,CRASH DATETIME,LATITUDE,LONGITUDE,NUMBER OF PERSONS INJURED,NUMBER OF PERSONS KILLED,CONTRIBUTING FACTOR VEHICLE 1,COLLISION_ID,temperature_2m_max,temperature_2m_min,precipitation_sum,rain_sum,snowfall_sum,precipitation_hours,weather_code,wind_speed_10m_max,wind_gusts_10m_max,wind_direction_10m_dominant,Weather Description,Severity_Score,Total_Affected_Persons,Weather_Category
31831,2021-06-07 22:00:00,40.66428,-73.87004,1,0,Unspecified,4425429,31.0,20.7,0.1,0.1,0.0,1.0,51,16.5,34.9,204,Drizzle: Light,1,1,
31832,2021-06-08 05:29:00,40.759235,-73.97036,0,0,Driver Inattention/Distraction,4424730,30.1,22.0,5.9,5.9,0.0,9.0,61,16.6,34.6,215,Rain: Light,0,0,
31833,2021-06-05 16:10:00,40.725643,-73.99207,1,0,Other Vehicular,4425456,31.3,17.3,0.0,0.0,0.0,0.0,2,20.9,43.9,247,Partly cloudy,1,1,
31834,2021-06-08 14:20:00,0.0,0.0,0,0,Outside Car Distraction,4424951,30.1,22.0,5.9,5.9,0.0,9.0,61,16.6,34.6,215,Rain: Light,0,0,
31835,2021-06-08 09:39:00,40.659546,-73.89823,0,0,Passing Too Closely,4425047,30.1,22.0,5.9,5.9,0.0,9.0,61,16.6,34.6,215,Rain: Light,0,0,
31836,2021-06-05 15:42:00,40.848694,-73.93047,0,0,Driver Inattention/Distraction,4425498,31.3,17.3,0.0,0.0,0.0,0.0,2,20.9,43.9,247,Partly cloudy,0,0,
31837,2021-06-08 19:45:00,40.768383,-73.971054,0,0,Unspecified,4424985,30.1,22.0,5.9,5.9,0.0,9.0,61,16.6,34.6,215,Rain: Light,0,0,
31838,2021-06-08 21:39:00,40.651157,-73.918144,1,0,Driver Inattention/Distraction,4425244,30.1,22.0,5.9,5.9,0.0,9.0,61,16.6,34.6,215,Rain: Light,1,1,
31839,2021-06-08 13:00:00,40.679886,-73.90526,0,0,Unspecified,4425734,30.1,22.0,5.9,5.9,0.0,9.0,61,16.6,34.6,215,Rain: Light,0,0,
31840,2021-06-07 11:49:00,40.516804,-74.23348,0,0,Driver Inattention/Distraction,4425659,31.0,20.7,0.1,0.1,0.0,1.0,51,16.5,34.9,204,Drizzle: Light,0,0,
31841,2021-05-22 14:00:00,40.678448,-73.92467,0,0,Driver Inattention/Distraction,4425585,30.5,16.5,0.0,0.0,0.0,0.0,3,19.1,36.4,299,Overcast,0,0,
31842,2021-06-06 06:30:00,40.841183,-73.91588,0,0,Unspecified,4425474,31.0,20.0,0.0,0.0,0.0,0.0,1,16.6,32.4,222,Mainly clear,0,0,Sunny/Clear Conditions
31843,2021-06-05 03:30:00,40.690014,-73.92399,0,0,Unspecified,4425696,31.3,17.3,0.0,0.0,0.0,0.0,2,20.9,43.9,247,Partly cloudy,0,0,
31844,2021-06-08 08:57:00,40.681927,-73.97611,0,0,Following Too Closely,4424858,30.1,22.0,5.9,5.9,0.0,9.0,61,16.6,34.6,215,Rain: Light,0,0,
31845,2021-06-08 15:30:00,40.699013,-73.82366,0,0,Driver Inexperience,4424898,30.1,22.0,5.9,5.9,0.0,9.0,61,16.6,34.6,215,Rain: Light,0,0,
31846,2021-06-08 23:45:00,40.652954,-74.00215,2,0,Alcohol Involvement,4425124,30.1,22.0,5.9,5.9,0.0,9.0,61,16.6,34.6,215,Rain: Light,2,2,
31847,2021-06-08 14:45:00,40.634552,-73.91477,0,0,Unspecified,4425571,30.1,22.0,5.9,5.9,0.0,9.0,61,16.6,34.6,215,Rain: Light,0,0,
31848,2021-06-08 20:41:00,40.867012,-73.92312,0,0,Unspecified,4425228,30.1,22.0,5.9,5.9,0.0,9.0,61,16.6,34.6,215,Rain: Light,0,0,
31849,2021-05-29 20:15:00,40.8252,-73.867714,1,0,Driver Inattention/Distraction,4425515,11.0,8.5,25.1,25.1,0.0,22.0,63,29.9,56.9,39,Rain: Moderate,1,1,
31850,2021-06-08 08:46:00,40.789734,-73.9661,0,0,Unsafe Speed,4424840,30.1,22.0,5.9,5.9,0.0,9.0,61,16.6,34.6,215,Rain: Light,0,0,
31851,2021-06-08 11:51:00,40.645546,-73.90566,0,0,Driver Inattention/Distraction,4425081,30.1,22.0,5.9,5.9,0.0,9.0,61,16.6,34.6,215,Rain: Light,0,0,
31852,2021-06-08 17:00:00,40.690216,-73.907295,1,0,Traffic Control Disregarded,4425154,30.1,22.0,5.9,5.9,0.0,9.0,61,16.6,34.6,215,Rain: Light,1,1,
31853,2021-06-08 01:52:00,40.819206,-73.947044,0,0,Driver Inattention/Distraction,4424884,30.1,22.0,5.9,5.9,0.0,9.0,61,16.6,34.6,215,Rain: Light,0,0,
31854,2021-06-08 17:30:00,40.61042,-73.98212,0,0,Unspecified,4424996,30.1,22.0,5.9,5.9,0.0,9.0,61,16.6,34.6,215,Rain: Light,0,0,
31855,2021-06-08 12:47:00,40.663853,-73.87516,0,0,Unsafe Speed,4425423,30.1,22.0,5.9,5.9,0.0,9.0,61,16.6,34.6,215,Rain: Light,0,0,
31856,2021-06-02 00:00:00,40.728405,-73.992676,0,0,Driver Inattention/Distraction,4425462,22.4,13.0,0.0,0.0,0.0,0.0,3,16.7,34.9,176,Overcast,0,0,
31857,2021-06-08 19:45:00,40.659645,-73.84869,0,0,Pavement Slippery,4425237,30.1,22.0,5.9,5.9,0.0,9.0,61,16.6,34.6,215,Rain: Light,0,0,
31858,2021-05-08 16:05:00,40.745686,-73.97213,1,0,,4425722,11.6,7.7,4.3,4.3,0.0,9.0,61,17.5,36.4,140,Rain: Light,1,1,
31859,2021-06-08 16:55:00,40.59581,-73.94204,0,0,Unspecified,4425006,30.1,22.0,5.9,5.9,0.0,9.0,61,16.6,34.6,215,Rain: Light,0,0,
31860,2021-06-03 22:48:00,40.5433,-74.16424,0,0,Unspecified,4425654,23.0,13.2,11.9,11.9,0.0,10.0,63,13.6,38.9,165,Rain: Moderate,0,0,
31861,2021-05-14 16:00:00,40.523956,-74.21568,0,0,Driver Inattention/Distraction,4425644,21.6,7.5,0.0,0.0,0.0,0.0,2,14.3,25.2,276,Partly cloudy,0,0,
31862,2021-06-08 13:05:00,40.851093,-73.93244,2,0,Pedestrian/Bicyclist/Other Pedestrian Error/Confusion,4425540,30.1,22.0,5.9,5.9,0.0,9.0,61,16.6,34.6,215,Rain: Light,2,2,
31863,2021-06-08 10:02:00,40.64161,-73.96356,0,0,Unspecified,4425400,30.1,22.0,5.9,5.9,0.0,9.0,61,16.6,34.6,215,Rain: Light,0,0,
31864,2021-06-08 13:50:00,40.707306,-73.87659,0,0,Following Too Closely,4425621,30.1,22.0,5.9,5.9,0.0,9.0,61,16.6,34.6,215,Rain: Light,0,0,
31865,2021-06-08 00:28:00,40.68607,-73.91605,0,0,Backing Unsafely,4424755,30.1,22.0,5.9,5.9,0.0,9.0,61,16.6,34.6,215,Rain: Light,0,0,
31866,2021-06-08 00:01:00,40.858788,-73.92291,0,0,Driver Inattention/Distraction,4425222,30.1,22.0,5.9,5.9,0.0,9.0,61,16.6,34.6,215,Rain: Light,0,0,
31867,2021-06-08 15:00:00,40.68403,-73.91755,0,0,Backing Unsafely,4424937,30.1,22.0,5.9,5.9,0.0,9.0,61,16.6,34.6,215,Rain: Light,0,0,
31868,2021-06-03 17:55:00,40.64893,-73.949135,0,0,Unspecified,4425707,23.0,13.2,11.9,11.9,0.0,10.0,63,13.6,38.9,165,Rain: Moderate,0,0,
31869,2021-06-08 10:00:00,40.579197,-73.98195,0,0,Turning Improperly,4425159,30.1,22.0,5.9,5.9,0.0,9.0,61,16.6,34.6,215,Rain: Light,0,0,
31870,2021-06-08 11:00:00,40.707222,-73.952095,0,0,Aggressive Driving/Road Rage,4425086,30.1,22.0,5.9,5.9,0.0,9.0,61,16.6,34.6,215,Rain: Light,0,0,
31871,2021-06-08 12:00:00,40.70362,-73.953156,0,0,Unsafe Speed,4425018,30.1,22.0,5.9,5.9,0.0,9.0,61,16.6,34.6,215,Rain: Light,0,0,
31872,2021-05-18 12:00:00,40.542603,-74.20835,0,0,Backing Unsafely,4425653,26.1,11.2,0.0,0.0,0.0,0.0,3,15.5,29.2,262,Overcast,0,0,
31873,2021-06-07 07:55:00,40.84721,-73.93979,0,0,Passing or Lane Usage Improper,4425468,31.0,20.7,0.1,0.1,0.0,1.0,51,16.5,34.9,204,Drizzle: Light,0,0,
31874,2021-06-08 20:55:00,40.682747,-73.889755,0,0,Driver Inattention/Distraction,4425055,30.1,22.0,5.9,5.9,0.0,9.0,61,16.6,34.6,215,Rain: Light,0,0,
31875,2021-06-08 23:00:00,40.636086,-73.95091,1,0,Driver Inattention/Distraction,4425401,30.1,22.0,5.9,5.9,0.0,9.0,61,16.6,34.6,215,Rain: Light,1,1,
31876,2021-06-08 19:05:00,40.65616,-73.76736,4,0,Unspecified,4424977,30.1,22.0,5.9,5.9,0.0,9.0,61,16.6,34.6,215,Rain: Light,4,4,
31877,2021-06-08 11:45:00,40.64557,-74.08875,0,0,Unspecified,4425231,30.1,22.0,5.9,5.9,0.0,9.0,61,16.6,34.6,215,Rain: Light,0,0,
31878,2021-06-08 17:36:00,40.733425,-73.95818,0,0,Failure to Yield Right-of-Way,4425330,30.1,22.0,5.9,5.9,0.0,9.0,61,16.6,34.6,215,Rain: Light,0,0,
31879,2021-06-08 16:24:00,40.68405,-73.97746,0,0,Driver Inattention/Distraction,4425172,30.1,22.0,5.9,5.9,0.0,9.0,61,16.6,34.6,215,Rain: Light,0,0,
31880,2021-06-08 09:00:00,40.660706,-73.84129,1,0,Failure to Yield Right-of-Way,4424810,30.1,22.0,5.9,5.9,0.0,9.0,61,16.6,34.6,215,Rain: Light,1,1,
31881,2021-06-08 18:43:00,40.67187,-73.867226,1,0,Other Vehicular,4425067,30.1,22.0,5.9,5.9,0.0,9.0,61,16.6,34.6,215,Rain: Light,1,1,
31882,2021-06-08 10:00:00,40.626472,-73.94958,0,0,Unspecified,4424904,30.1,22.0,5.9,5.9,0.0,9.0,61,16.6,34.6,215,Rain: Light,0,0,
31883,2021-06-04 13:00:00,40.68545,-73.96934,0,0,Unspecified,4425767,25.3,17.4,6.5,6.5,0.0,10.0,61,17.9,37.8,235,Rain: Light,0,0,
31884,2021-06-08 13:20:00,40.595383,-73.779945,0,0,Failure to Yield Right-of-Way,4425075,30.1,22.0,5.9,5.9,0.0,9.0,61,16.6,34.6,215,Rain: Light,0,0,
31885,2021-06-08 09:50:00,40.77332,-73.79396,0,0,Driver Inexperience,4424972,30.1,22.0,5.9,5.9,0.0,9.0,61,16.6,34.6,215,Rain: Light,0,0,
31886,2021-06-08 15:10:00,40.66112,-73.89255,0,0,Unspecified,4425066,30.1,22.0,5.9,5.9,0.0,9.0,61,16.6,34.6,215,Rain: Light,0,0,
31887,2021-05-14 18:43:00,40.707653,-73.93984,0,0,Failure to Yield Right-of-Way,4425682,21.6,7.5,0.0,0.0,0.0,0.0,2,14.3,25.2,276,Partly cloudy,0,0,
31888,2021-06-08 18:45:00,40.595947,-73.739044,1,0,Unspecified,4425438,30.1,22.0,5.9,5.9,0.0,9.0,61,16.6,34.6,215,Rain: Light,1,1,
31889,2021-06-08 16:58:00,40.821053,-73.91246,1,0,Passing or Lane Usage Improper,4425014,30.1,22.0,5.9,5.9,0.0,9.0,61,16.6,34.6,215,Rain: Light,1,1,
31890,2021-06-06 12:00:00,40.838947,-73.916435,0,0,Passing Too Closely,4425451,31.0,20.0,0.0,0.0,0.0,0.0,1,16.6,32.4,222,Mainly clear,0,0,Sunny/Clear Conditions
31891,2021-06-02 21:00:00,40.718018,-73.99996,0,0,Turning Improperly,4425492,22.4,13.0,0.0,0.0,0.0,0.0,3,16.7,34.9,176,Overcast,0,0,
31892,2021-06-08 14:50:00,40.627632,-73.93652,1,0,Failure to Yield Right-of-Way,4425720,30.1,22.0,5.9,5.9,0.0,9.0,61,16.6,34.6,215,Rain: Light,1,1,
31893,2021-06-08 19:50:00,40.69403,-73.98251,0,0,Unspecified,4425263,30.1,22.0,5.9,5.9,0.0,9.0,61,16.6,34.6,215,Rain: Light,0,0,
31894,2021-05-30 17:30:00,40.662846,-73.94284,0,0,Driver Inattention/Distraction,4425610,11.5,8.5,13.7,13.7,0.0,24.0,61,28.1,52.2,22,Rain: Light,0,0,
31895,2021-06-08 17:30:00,40.71362,-73.75508,0,0,Alcohol Involvement,4425575,30.1,22.0,5.9,5.9,0.0,9.0,61,16.6,34.6,215,Rain: Light,0,0,
31896,2021-06-08 18:40:00,40.698696,-73.93477,0,0,Driver Inattention/Distraction,4425155,30.1,22.0,5.9,5.9,0.0,9.0,61,16.6,34.6,215,Rain: Light,0,0,
31897,2021-06-08 00:00:00,40.814102,-73.940865,1,0,Driver Inattention/Distraction,4424885,30.1,22.0,5.9,5.9,0.0,9.0,61,16.6,34.6,215,Rain: Light,1,1,
31898,2021-06-08 09:45:00,0.0,0.0,0,0,Driver Inattention/Distraction,4425108,30.1,22.0,5.9,5.9,0.0,9.0,61,16.6,34.6,215,Rain: Light,0,0,
31899,2021-05-29 13:41:00,40.709484,-73.99403,0,0,Unspecified,4425490,11.0,8.5,25.1,25.1,0.0,22.0,63,29.9,56.9,39,Rain: Moderate,0,0,
31900,2021-06-08 14:45:00,40.629513,-73.97259,0,0,Driver Inexperience,4424910,30.1,22.0,5.9,5.9,0.0,9.0,61,16.6,34.6,215,Rain: Light,0,0,
31901,2021-06-08 08:50:00,40.743675,-73.88711,0,0,Traffic Control Disregarded,4425129,30.1,22.0,5.9,5.9,0.0,9.0,61,16.6,34.6,215,Rain: Light,0,0,
31902,2021-06-03 12:50:00,40.699192,-73.95519,1,0,Driver Inattention/Distraction,4425530,23.0,13.2,11.9,11.9,0.0,10.0,63,13.6,38.9,165,Rain: Moderate,1,1,
31903,2021-06-08 16:55:00,40.69168,-73.999344,0,0,Unspecified,4424960,30.1,22.0,5.9,5.9,0.0,9.0,61,16.6,34.6,215,Rain: Light,0,0,
31904,2021-06-08 23:48:00,40.83562,-73.927864,0,0,Turning Improperly,4425190,30.1,22.0,5.9,5.9,0.0,9.0,61,16.6,34.6,215,Rain: Light,0,0,
31905,2021-06-08 21:31:00,40.639847,-73.91055,1,0,Driver Inattention/Distraction,4425570,30.1,22.0,5.9,5.9,0.0,9.0,61,16.6,34.6,215,Rain: Light,1,1,
31906,2021-06-08 10:34:00,40.703575,-74.011604,0,0,Unspecified,4424827,30.1,22.0,5.9,5.9,0.0,9.0,61,16.6,34.6,215,Rain: Light,0,0,
31907,2021-06-08 15:00:00,40.828075,-73.88543,0,0,Driver Inattention/Distraction,4425109,30.1,22.0,5.9,5.9,0.0,9.0,61,16.6,34.6,215,Rain: Light,0,0,
31908,2021-06-05 19:50:00,40.84434,-73.91475,0,0,Unspecified,4425776,31.3,17.3,0.0,0.0,0.0,0.0,2,20.9,43.9,247,Partly cloudy,0,0,
31909,2021-06-08 02:15:00,40.784237,-73.947075,1,0,Unspecified,4424717,30.1,22.0,5.9,5.9,0.0,9.0,61,16.6,34.6,215,Rain: Light,1,1,
31910,2021-06-08 10:46:00,40.68087,-73.97515,1,0,Failure to Yield Right-of-Way,4425175,30.1,22.0,5.9,5.9,0.0,9.0,61,16.6,34.6,215,Rain: Light,1,1,
31911,2021-06-08 08:40:00,40.857605,-73.93778,2,0,Steering Failure,4425227,30.1,22.0,5.9,5.9,0.0,9.0,61,16.6,34.6,215,Rain: Light,2,2,
31912,2021-06-08 11:26:00,40.696198,-73.98869,0,0,Driver Inattention/Distraction,4424841,30.1,22.0,5.9,5.9,0.0,9.0,61,16.6,34.6,215,Rain: Light,0,0,
31913,2021-06-08 13:58:00,40.696217,-73.78415,0,0,Backing Unsafely,4424909,30.1,22.0,5.9,5.9,0.0,9.0,61,16.6,34.6,215,Rain: Light,0,0,
31914,2021-06-08 14:40:00,40.865364,-73.92439,1,0,Driver Inattention/Distraction,4425541,30.1,22.0,5.9,5.9,0.0,9.0,61,16.6,34.6,215,Rain: Light,1,1,
31915,2021-06-08 22:00:00,40.844807,-73.88211,0,0,Backing Unsafely,4425559,30.1,22.0,5.9,5.9,0.0,9.0,61,16.6,34.6,215,Rain: Light,0,0,
31916,2021-06-08 07:00:00,40.614754,-73.936615,0,0,Unspecified,4424950,30.1,22.0,5.9,5.9,0.0,9.0,61,16.6,34.6,215,Rain: Light,0,0,
31917,2021-06-08 11:08:00,40.668957,-73.898026,1,0,Traffic Control Disregarded,4425048,30.1,22.0,5.9,5.9,0.0,9.0,61,16.6,34.6,215,Rain: Light,1,1,
31918,2021-06-07 12:50:00,40.723625,-74.00479,1,0,Unspecified,4425533,31.0,20.7,0.1,0.1,0.0,1.0,51,16.5,34.9,204,Drizzle: Light,1,1,
31919,2021-06-08 22:20:00,40.663555,-73.93162,3,0,Driver Inattention/Distraction,4425262,30.1,22.0,5.9,5.9,0.0,9.0,61,16.6,34.6,215,Rain: Light,3,3,
31920,2021-06-08 08:37:00,40.665813,-73.97584,0,0,Illnes,4424857,30.1,22.0,5.9,5.9,0.0,9.0,61,16.6,34.6,215,Rain: Light,0,0,
31921,2021-06-08 14:45:00,40.657486,-73.95031,0,0,Driver Inattention/Distraction,4424969,30.1,22.0,5.9,5.9,0.0,9.0,61,16.6,34.6,215,Rain: Light,0,0,
31922,2021-06-08 13:45:00,40.718395,-73.826385,1,0,Driver Inattention/Distraction,4424941,30.1,22.0,5.9,5.9,0.0,9.0,61,16.6,34.6,215,Rain: Light,1,1,
31923,2021-05-06 11:57:00,40.70456,-73.856735,0,0,Following Too Closely,4425613,17.3,8.7,0.0,0.0,0.0,0.0,3,22.6,43.6,313,Overcast,0,0,
31924,2021-06-08 12:30:00,40.57554,-73.979645,0,0,Unspecified,4425100,30.1,22.0,5.9,5.9,0.0,9.0,61,16.6,34.6,215,Rain: Light,0,0,
31925,2021-06-08 10:00:00,40.6911,-73.97342,0,0,Unspecified,4424926,30.1,22.0,5.9,5.9,0.0,9.0,61,16.6,34.6,215,Rain: Light,0,0,
31926,2021-06-08 06:15:00,40.51351,-74.237366,0,0,Reaction to Uninvolved Vehicle,4425660,30.1,22.0,5.9,5.9,0.0,9.0,61,16.6,34.6,215,Rain: Light,0,0,
31927,2021-06-08 16:30:00,40.843124,-73.89796,1,0,Failure to Yield Right-of-Way,4425436,30.1,22.0,5.9,5.9,0.0,9.0,61,16.6,34.6,215,Rain: Light,1,1,
31928,2021-06-08 23:29:00,40.757698,-73.9694,0,0,Passing or Lane Usage Improper,4425191,30.1,22.0,5.9,5.9,0.0,9.0,61,16.6,34.6,215,Rain: Light,0,0,
31929,2021-06-07 20:24:00,40.64209,-73.93018,0,0,Unspecified,4425698,31.0,20.7,0.1,0.1,0.0,1.0,51,16.5,34.9,204,Drizzle: Light,0,0,
31930,2021-06-08 17:15:00,40.74614,-73.81417,0,0,Failure to Yield Right-of-Way,4424986,30.1,22.0,5.9,5.9,0.0,9.0,61,16.6,34.6,215,Rain: Light,0,0,
31931,2021-06-08 18:10:00,40.80118,-73.93975,1,0,Unsafe Lane Changing,4425123,30.1,22.0,5.9,5.9,0.0,9.0,61,16.6,34.6,215,Rain: Light,1,1,
31932,2021-06-08 13:55:00,40.62707,-74.01865,0,0,Unspecified,4425220,30.1,22.0,5.9,5.9,0.0,9.0,61,16.6,34.6,215,Rain: Light,0,0,
31933,2021-06-08 15:45:00,40.66416,-73.990524,0,0,Passing or Lane Usage Improper,4425168,30.1,22.0,5.9,5.9,0.0,9.0,61,16.6,34.6,215,Rain: Light,0,0,
31934,2021-06-08 13:45:00,40.77759,-73.9591,2,0,Driver Inattention/Distraction,4425026,30.1,22.0,5.9,5.9,0.0,9.0,61,16.6,34.6,215,Rain: Light,2,2,
31935,2021-06-08 21:20:00,40.83741,-73.847595,0,0,Aggressive Driving/Road Rage,4425381,30.1,22.0,5.9,5.9,0.0,9.0,61,16.6,34.6,215,Rain: Light,0,0,
31936,2021-06-08 14:14:00,40.5763,-73.84717,1,0,Passing Too Closely,4425508,30.1,22.0,5.9,5.9,0.0,9.0,61,16.6,34.6,215,Rain: Light,1,1,
31937,2021-06-08 07:00:00,40.831398,-73.83097,1,0,Reaction to Uninvolved Vehicle,4424981,30.1,22.0,5.9,5.9,0.0,9.0,61,16.6,34.6,215,Rain: Light,1,1,
31938,2021-06-05 17:58:00,40.663788,-73.86808,0,0,Unspecified,4425425,31.3,17.3,0.0,0.0,0.0,0.0,2,20.9,43.9,247,Partly cloudy,0,0,
31939,2021-06-08 14:35:00,40.67308,-73.91124,0,0,Following Too Closely,4425723,30.1,22.0,5.9,5.9,0.0,9.0,61,16.6,34.6,215,Rain: Light,0,0,
31940,2021-06-08 18:00:00,0.0,0.0,0,0,Failure to Yield Right-of-Way,4424976,30.1,22.0,5.9,5.9,0.0,9.0,61,16.6,34.6,215,Rain: Light,0,0,
31941,2021-12-28 17:30:00,40.733498,-73.87038,1,0,Failure to Yield Right-of-Way,4491388,8.5,2.2,0.0,0.0,0.0,0.0,3,12.5,22.0,271,Overcast,1,1,
31942,2021-05-15 03:00:00,40.72986,-73.98366,0,0,Unspecified,4425452,22.4,8.7,0.0,0.0,0.0,0.0,3,12.5,23.8,229,Overcast,0,0,
31943,2021-06-07 19:00:00,40.819016,-73.84804,0,0,Unspecified,4425623,31.0,20.7,0.1,0.1,0.0,1.0,51,16.5,34.9,204,Drizzle: Light,0,0,
31944,2021-06-08 06:10:00,40.743557,-73.99974,1,0,Unsafe Speed,4424899,30.1,22.0,5.9,5.9,0.0,9.0,61,16.6,34.6,215,Rain: Light,1,1,
31945,2021-06-08 18:45:00,40.586475,-73.94697,2,0,Unspecified,4425007,30.1,22.0,5.9,5.9,0.0,9.0,61,16.6,34.6,215,Rain: Light,2,2,
31946,2021-06-06 05:40:00,40.67889,-73.92221,0,0,Following Too Closely,4425586,31.0,20.0,0.0,0.0,0.0,0.0,1,16.6,32.4,222,Mainly clear,0,0,Sunny/Clear Conditions
31947,2021-04-26 12:30:00,40.76889,-73.9821,1,0,Driver Inattention/Distraction,4425499,13.7,3.7,0.0,0.0,0.0,0.0,2,27.3,52.6,311,Partly cloudy,1,1,
31948,2021-06-08 10:30:00,40.67627,-74.003204,0,0,Driver Inattention/Distraction,4425307,30.1,22.0,5.9,5.9,0.0,9.0,61,16.6,34.6,215,Rain: Light,0,0,
31949,2021-05-30 13:00:00,40.74405,-73.75123,0,0,Unspecified,4425690,11.5,8.5,13.7,13.7,0.0,24.0,61,28.1,52.2,22,Rain: Light,0,0,
31950,2021-06-08 11:38:00,40.653522,-73.90855,0,0,Driver Inattention/Distraction,4425738,30.1,22.0,5.9,5.9,0.0,9.0,61,16.6,34.6,215,Rain: Light,0,0,
31951,2021-06-08 17:21:00,40.69904,-73.95655,1,0,View Obstructed/Limited,4425012,30.1,22.0,5.9,5.9,0.0,9.0,61,16.6,34.6,215,Rain: Light,1,1,
31952,2021-06-04 16:45:00,40.64546,-73.90267,0,0,Unsafe Speed,4425641,25.3,17.4,6.5,6.5,0.0,10.0,61,17.9,37.8,235,Rain: Light,0,0,
31953,2021-06-08 09:00:00,40.607185,-74.16239,0,0,Passing or Lane Usage Improper,4425085,30.1,22.0,5.9,5.9,0.0,9.0,61,16.6,34.6,215,Rain: Light,0,0,
31954,2021-06-08 18:05:00,40.70113,-73.96087,1,0,Failure to Yield Right-of-Way,4425332,30.1,22.0,5.9,5.9,0.0,9.0,61,16.6,34.6,215,Rain: Light,1,1,
31955,2021-06-08 13:07:00,40.61255,-74.00226,0,0,Unspecified,4424995,30.1,22.0,5.9,5.9,0.0,9.0,61,16.6,34.6,215,Rain: Light,0,0,
31956,2021-06-08 17:36:00,40.709923,-73.99047,1,0,Driver Inattention/Distraction,4424963,30.1,22.0,5.9,5.9,0.0,9.0,61,16.6,34.6,215,Rain: Light,1,1,
31957,2021-06-08 15:16:00,40.839767,-73.905396,0,0,Driver Inattention/Distraction,4425442,30.1,22.0,5.9,5.9,0.0,9.0,61,16.6,34.6,215,Rain: Light,0,0,
31958,2021-06-08 19:00:00,40.85876,-73.89736,0,0,Alcohol Involvement,4425461,30.1,22.0,5.9,5.9,0.0,9.0,61,16.6,34.6,215,Rain: Light,0,0,
31959,2021-06-08 09:15:00,40.733536,-73.87035,0,0,Failure to Yield Right-of-Way,4425119,30.1,22.0,5.9,5.9,0.0,9.0,61,16.6,34.6,215,Rain: Light,0,0,
31960,2021-06-08 17:10:00,40.677032,-73.824684,0,0,Following Too Closely,4425238,30.1,22.0,5.9,5.9,0.0,9.0,61,16.6,34.6,215,Rain: Light,0,0,
31961,2021-06-08 14:21:00,40.70386,-73.93838,1,0,Unspecified,4425017,30.1,22.0,5.9,5.9,0.0,9.0,61,16.6,34.6,215,Rain: Light,1,1,
31962,2021-06-07 05:30:00,40.54785,-74.18826,0,0,Other Vehicular,4425655,31.0,20.7,0.1,0.1,0.0,1.0,51,16.5,34.9,204,Drizzle: Light,0,0,
31963,2021-12-17 13:29:00,40.71946,-73.89117,0,0,Unspecified,4491211,13.9,6.1,0.0,0.0,0.0,0.0,3,21.5,37.1,265,Overcast,0,0,
31964,2021-06-04 16:15:00,40.682114,-73.95367,0,0,Failure to Yield Right-of-Way,4425527,25.3,17.4,6.5,6.5,0.0,10.0,61,17.9,37.8,235,Rain: Light,0,0,
31965,2021-06-08 12:20:00,40.63941,-73.98755,0,0,Unspecified,4425394,30.1,22.0,5.9,5.9,0.0,9.0,61,16.6,34.6,215,Rain: Light,0,0,
31966,2021-06-08 16:45:00,40.739674,-73.99095,1,0,Alcohol Involvement,4425592,30.1,22.0,5.9,5.9,0.0,9.0,61,16.6,34.6,215,Rain: Light,1,1,
31967,2021-06-08 11:40:00,40.606224,-73.754,0,0,Backing Unsafely,4425078,30.1,22.0,5.9,5.9,0.0,9.0,61,16.6,34.6,215,Rain: Light,0,0,
31968,2021-06-04 11:15:00,40.708076,-73.78238,1,0,Unspecified,4425580,25.3,17.4,6.5,6.5,0.0,10.0,61,17.9,37.8,235,Rain: Light,1,1,
31969,2021-06-08 22:20:00,40.728035,-73.97183,1,0,Following Too Closely,4425411,30.1,22.0,5.9,5.9,0.0,9.0,61,16.6,34.6,215,Rain: Light,1,1,
31970,2021-06-08 04:00:00,40.74468,-73.884605,0,0,Passing Too Closely,4424721,30.1,22.0,5.9,5.9,0.0,9.0,61,16.6,34.6,215,Rain: Light,0,0,
31971,2021-05-22 08:00:00,40.763588,-73.97142,1,0,Unspecified,4425494,30.5,16.5,0.0,0.0,0.0,0.0,3,19.1,36.4,299,Overcast,1,1,
31972,2021-05-18 21:22:00,40.69731,-73.932274,1,0,Following Too Closely,4425444,26.1,11.2,0.0,0.0,0.0,0.0,3,15.5,29.2,262,Overcast,1,1,
31973,2021-06-08 08:30:00,40.70324,-73.92615,0,0,Passing or Lane Usage Improper,4425156,30.1,22.0,5.9,5.9,0.0,9.0,61,16.6,34.6,215,Rain: Light,0,0,
31974,2021-06-08 12:50:00,40.692066,-73.7654,2,0,Unsafe Speed,4424888,30.1,22.0,5.9,5.9,0.0,9.0,61,16.6,34.6,215,Rain: Light,2,2,
31975,2021-06-08 11:20:00,40.645947,-73.9951,0,0,Unspecified,4425149,30.1,22.0,5.9,5.9,0.0,9.0,61,16.6,34.6,215,Rain: Light,0,0,
31976,2021-06-04 17:40:00,40.832314,-73.93161,0,0,Aggressive Driving/Road Rage,4425775,25.3,17.4,6.5,6.5,0.0,10.0,61,17.9,37.8,235,Rain: Light,0,0,
31977,2020-06-06 22:01:00,40.69642,-73.95978,0,0,Driver Inattention/Distraction,4425467,28.7,20.4,4.4,4.4,0.0,6.0,61,23.6,42.1,284,Rain: Light,0,0,
31978,2021-06-08 22:30:00,40.603245,-73.988815,0,0,Backing Unsafely,4425316,30.1,22.0,5.9,5.9,0.0,9.0,61,16.6,34.6,215,Rain: Light,0,0,