,CRASH DATETIME,LATITUDE,LONGITUDE,NUMBER OF PERSONS INJURED,NUMBER OF PERSONS KILLED,CONTRIBUTING FACTOR VEHICLE 1,COLLISION_ID,temperature_2m_max,temperature_2m_min,precipitation_sum,rain_sum,snowfall_sum,precipitation_hours,weather_code,wind_speed_10m_max,wind_gusts_10m_max,wind_direction_10m_dominant,Weather Description,Severity_Score,Total_Affected_Persons,Weather_Category
31979,2021-06-08 21:45:00,40.788692,-73.93787,2,0,Driver Inattention/Distraction,4425025,30.1,22.0,5.9,5.9,0.0,9.0,61,16.6,34.6,215,Rain: Light,2,2,
31980,2021-06-04 09:00:00,40.704838,-73.9633,0,0,Driver Inexperience,4425671,25.3,17.4,6.5,6.5,0.0,10.0,61,17.9,37.8,235,Rain: Light,0,0,
31981,2021-06-08 20:20:00,40.66937,-73.89523,2,0,Driver Inattention/Distraction,4425053,30.1,22.0,5.9,5.9,0.0,9.0,61,16.6,34.6,215,Rain: Light,2,2,
31982,2021-06-07 08:09:00,40.658394,-73.91557,0,0,Unspecified,4425706,31.0,20.7,0.1,0.1,0.0,1.0,51,16.5,34.9,204,Drizzle: Light,0,0,
31983,2021-06-08 18:40:00,40.62962,-74.07667,0,0,Driver Inattention/Distraction,4425232,30.1,22.0,5.9,5.9,0.0,9.0,61,16.6,34.6,215,Rain: Light,0,0,
31984,2021-06-08 08:30:00,40.66895,-73.9339,0,0,Unsafe Lane Changing,4424918,30.1,22.0,5.9,5.9,0.0,9.0,61,16.6,34.6,215,Rain: Light,0,0,
31985,2021-06-08 18:50:00,40.739162,-73.78556,0,0,Unspecified,4424955,30.1,22.0,5.9,5.9,0.0,9.0,61,16.6,34.6,215,Rain: Light,0,0,
31986,2021-06-08 15:35:00,40.851807,-73.90683,0,0,Unsafe Speed,4425568,30.1,22.0,5.9,5.9,0.0,9.0,61,16.6,34.6,215,Rain: Light,0,0,
31987,2021-06-08 09:00:00,40.659172,-73.839874,1,0,Unsafe Lane Changing,4424832,30.1,22.0,5.9,5.9,0.0,9.0,61,16.6,34.6,215,Rain: Light,1,1,
31988,2021-06-05 06:45:00,40.663685,-73.803085,0,0,Other Vehicular,4425537,31.3,17.3,0.0,0.0,0.0,0.0,2,20.9,43.9,247,Partly cloudy,0,0,
31989,2021-06-08 11:30:00,40.690784,-73.97877,1,0,Unspecified,4425111,30.1,22.0,5.9,5.9,0.0,9.0,61,16.6,34.6,215,Rain: Light,1,1,
31990,2021-06-08 12:45:00,40.602055,-73.94803,0,0,Traffic Control Disregarded,4425004,30.1,22.0,5.9,5.9,0.0,9.0,61,16.6,34.6,215,Rain: Light,0,0,
31991,2021-05-15 16:00:00,40.54132,-74.2005,0,0,Driver Inattention/Distraction,4425652,22.4,8.7,0.0,0.0,0.0,0.0,3,12.5,23.8,229,Overcast,0,0,
31992,2021-06-08 17:05:00,40.700592,-73.85457,1,0,Following Too Closely,4425487,30.1,22.0,5.9,5.9,0.0,9.0,61,16.6,34.6,215,Rain: Light,1,1,
31993,2021-06-04 18:50:00,40.705414,-73.829216,1,0,Passing Too Closely,4425606,25.3,17.4,6.5,6.5,0.0,10.0,61,17.9,37.8,235,Rain: Light,1,1,
31994,2021-06-08 13:10:00,40.73631,-73.98709,0,0,Unspecified,4424927,30.1,22.0,5.9,5.9,0.0,9.0,61,16.6,34.6,215,Rain: Light,0,0,
31995,2021-06-08 20:24:00,40.62938,-74.025665,1,0,Unspecified,4424964,30.1,22.0,5.9,5.9,0.0,9.0,61,16.6,34.6,215,Rain: Light,1,1,
31996,2021-06-08 00:20:00,40.71829,-73.987434,0,0,Turning Improperly,4425240,30.1,22.0,5.9,5.9,0.0,9.0,61,16.6,34.6,215,Rain: Light,0,0,
31997,2021-06-08 09:30:00,40.640034,-73.910286,0,0,Unspecified,4425182,30.1,22.0,5.9,5.9,0.0,9.0,61,16.6,34.6,215,Rain: Light,0,0,
31998,2021-06-08 22:10:00,40.707848,-73.897255,0,0,Unspecified,4425197,30.1,22.0,5.9,5.9,0.0,9.0,61,16.6,34.6,215,Rain: Light,0,0,
31999,2021-06-04 14:35:00,40.54326,-74.19731,1,0,Following Too Closely,4425656,25.3,17.4,6.5,6.5,0.0,10.0,61,17.9,37.8,235,Rain: Light,1,1,
32000,2021-06-08 06:50:00,40.83856,-73.94586,0,0,Other Vehicular,4424825,30.1,22.0,5.9,5.9,0.0,9.0,61,16.6,34.6,215,Rain: Light,0,0,
32001,2021-06-04 00:40:00,40.665245,-73.80204,0,0,Following Too Closely,4425761,25.3,17.4,6.5,6.5,0.0,10.0,61,17.9,37.8,235,Rain: Light,0,0,
32002,2021-06-08 13:25:00,40.679955,-73.86743,0,0,Unspecified,4425065,30.1,22.0,5.9,5.9,0.0,9.0,61,16.6,34.6,215,Rain: Light,0,0,
32003,2021-06-06 14:20:00,40.541553,-74.20989,0,0,Unsafe Lane Changing,4425664,31.0,20.0,0.0,0.0,0.0,0.0,1,16.6,32.4,222,Mainly clear,0,0,Sunny/Clear Conditions
32004,2021-06-08 12:35:00,40.750626,-73.87595,2,0,Driver Inattention/Distraction,4424870,30.1,22.0,5.9,5.9,0.0,9.0,61,16.6,34.6,215,Rain: Light,2,2,
32005,2021-06-06 11:00:00,40.508675,-74.23372,0,0,Unspecified,4425662,31.0,20.0,0.0,0.0,0.0,0.0,1,16.6,32.4,222,Mainly clear,0,0,Sunny/Clear Conditions
32006,2021-06-08 11:55:00,40.68251,-73.96766,1,0,Unspecified,4425116,30.1,22.0,5.9,5.9,0.0,9.0,61,16.6,34.6,215,Rain: Light,1,1,
32007,2021-06-08 04:30:00,40.58665,-73.934456,0,0,Fell Asleep,4424781,30.1,22.0,5.9,5.9,0.0,9.0,61,16.6,34.6,215,Rain: Light,0,0,
32008,2021-06-08 15:00:00,40.658295,-73.93109,0,0,,4424971,30.1,22.0,5.9,5.9,0.0,9.0,61,16.6,34.6,215,Rain: Light,0,0,
32009,2021-06-08 12:43:00,40.677414,-73.98305,1,0,Failure to Yield Right-of-Way,4425174,30.1,22.0,5.9,5.9,0.0,9.0,61,16.6,34.6,215,Rain: Light,1,1,
32010,2021-06-03 11:46:00,40.819065,-73.93892,0,0,Driver Inattention/Distraction,4425614,23.0,13.2,11.9,11.9,0.0,10.0,63,13.6,38.9,165,Rain: Moderate,0,0,
32011,2021-06-08 12:40:00,40.76817,-73.9528,0,0,Passing or Lane Usage Improper,4425088,30.1,22.0,5.9,5.9,0.0,9.0,61,16.6,34.6,215,Rain: Light,0,0,
32012,2021-06-08 12:10:00,40.649506,-73.96293,0,0,Failure to Yield Right-of-Way,4424908,30.1,22.0,5.9,5.9,0.0,9.0,61,16.6,34.6,215,Rain: Light,0,0,
32013,2021-06-07 16:00:00,40.852673,-73.919106,1,0,Unspecified,4425459,31.0,20.7,0.1,0.1,0.0,1.0,51,16.5,34.9,204,Drizzle: Light,1,1,
32014,2021-06-08 19:00:00,40.586205,-73.93417,0,0,Unspecified,4425008,30.1,22.0,5.9,5.9,0.0,9.0,61,16.6,34.6,215,Rain: Light,0,0,
32015,2021-06-08 08:11:00,40.663967,-73.92003,0,0,Unspecified,4425730,30.1,22.0,5.9,5.9,0.0,9.0,61,16.6,34.6,215,Rain: Light,0,0,
32016,2021-06-08 16:30:00,40.78463,-73.83634,0,0,Illnes,4424987,30.1,22.0,5.9,5.9,0.0,9.0,61,16.6,34.6,215,Rain: Light,0,0,
32017,2021-06-08 13:00:00,40.765125,-73.952126,0,0,Driver Inattention/Distraction,4425259,30.1,22.0,5.9,5.9,0.0,9.0,61,16.6,34.6,215,Rain: Light,0,0,
32018,2021-06-08 21:54:00,40.771065,-73.95965,0,0,Driver Inattention/Distraction,4425379,30.1,22.0,5.9,5.9,0.0,9.0,61,16.6,34.6,215,Rain: Light,0,0,
32019,2021-06-08 17:35:00,40.802914,-73.92029,2,0,Unspecified,4425013,30.1,22.0,5.9,5.9,0.0,9.0,61,16.6,34.6,215,Rain: Light,2,2,
32020,2021-06-04 17:55:00,40.69165,-73.779205,0,0,Failure to Yield Right-of-Way,4425755,25.3,17.4,6.5,6.5,0.0,10.0,61,17.9,37.8,235,Rain: Light,0,0,
32021,2021-05-22 12:00:00,40.65329,-73.91919,0,0,Unsafe Speed,4425627,30.5,16.5,0.0,0.0,0.0,0.0,3,19.1,36.4,299,Overcast,0,0,
32022,2021-06-08 08:35:00,40.632355,-73.95084,1,0,Driver Inattention/Distraction,4424903,30.1,22.0,5.9,5.9,0.0,9.0,61,16.6,34.6,215,Rain: Light,1,1,
32023,2021-06-06 00:40:00,40.677055,-73.9224,0,0,Backing Unsafely,4425587,31.0,20.0,0.0,0.0,0.0,0.0,1,16.6,32.4,222,Mainly clear,0,0,Sunny/Clear Conditions
32024,2021-06-08 10:41:00,40.68156,-73.975655,0,0,Following Too Closely,4424854,30.1,22.0,5.9,5.9,0.0,9.0,61,16.6,34.6,215,Rain: Light,0,0,
32025,2021-05-31 22:23:00,40.835724,-73.92129,0,0,Backing Unsafely,4425471,20.3,9.3,0.7,0.7,0.0,5.0,51,20.9,40.7,318,Drizzle: Light,0,0,
32026,2021-06-08 15:15:00,40.796787,-73.937294,2,0,Unspecified,4425122,30.1,22.0,5.9,5.9,0.0,9.0,61,16.6,34.6,215,Rain: Light,2,2,
32027,2021-06-07 11:28:00,40.661446,-73.92829,1,0,Unspecified,4425701,31.0,20.7,0.1,0.1,0.0,1.0,51,16.5,34.9,204,Drizzle: Light,1,1,
32028,2021-06-08 17:20:00,40.746334,-73.89633,0,0,Driver Inattention/Distraction,4425217,30.1,22.0,5.9,5.9,0.0,9.0,61,16.6,34.6,215,Rain: Light,0,0,
32029,2021-06-08 16:45:00,40.621822,-74.04125,0,0,Unspecified,4424942,30.1,22.0,5.9,5.9,0.0,9.0,61,16.6,34.6,215,Rain: Light,0,0,
32030,2021-06-08 09:30:00,40.70334,-73.76666,0,0,Backing Unsafely,4425030,30.1,22.0,5.9,5.9,0.0,9.0,61,16.6,34.6,215,Rain: Light,0,0,
32031,2021-06-08 23:12:00,40.615166,-73.91864,0,0,Driver Inattention/Distraction,4425163,30.1,22.0,5.9,5.9,0.0,9.0,61,16.6,34.6,215,Rain: Light,0,0,
32032,2021-06-08 23:36:00,40.603516,-74.19273,0,0,Driver Inexperience,4425083,30.1,22.0,5.9,5.9,0.0,9.0,61,16.6,34.6,215,Rain: Light,0,0,
32033,2021-06-08 00:00:00,40.82325,-73.88277,0,0,Driver Inattention/Distraction,4424846,30.1,22.0,5.9,5.9,0.0,9.0,61,16.6,34.6,215,Rain: Light,0,0,
32034,2021-06-08 00:09:00,40.700592,-73.950294,1,0,Driver Inattention/Distraction,4424745,30.1,22.0,5.9,5.9,0.0,9.0,61,16.6,34.6,215,Rain: Light,1,1,
32035,2021-06-08 15:00:00,40.736732,-73.85451,1,0,Driver Inattention/Distraction,4424975,30.1,22.0,5.9,5.9,0.0,9.0,61,16.6,34.6,215,Rain: Light,1,1,
32036,2021-06-08 21:15:00,40.845238,-73.900894,0,0,Driver Inattention/Distraction,4425557,30.1,22.0,5.9,5.9,0.0,9.0,61,16.6,34.6,215,Rain: Light,0,0,
32037,2021-06-08 13:29:00,40.67206,-73.869194,1,0,Illnes,4425049,30.1,22.0,5.9,5.9,0.0,9.0,61,16.6,34.6,215,Rain: Light,1,1,
32038,2021-06-08 15:02:00,40.66439,-73.76245,0,0,Unspecified,4424946,30.1,22.0,5.9,5.9,0.0,9.0,61,16.6,34.6,215,Rain: Light,0,0,
32039,2021-04-08 17:18:00,40.724136,-73.992615,0,0,Following Too Closely,4425434,18.2,5.5,0.0,0.0,0.0,0.0,3,18.0,35.3,173,Overcast,0,0,
32040,2021-05-19 18:45:00,40.726257,-73.983406,0,0,Driver Inattention/Distraction,4425453,28.2,13.6,0.0,0.0,0.0,0.0,3,19.6,40.3,337,Overcast,0,0,
32041,2021-06-08 18:40:00,40.73955,-73.94531,0,0,Driver Inattention/Distraction,4425299,30.1,22.0,5.9,5.9,0.0,9.0,61,16.6,34.6,215,Rain: Light,0,0,
32042,2021-05-27 18:30:00,40.691456,-73.98735,1,0,Traffic Control Disregarded,4425691,27.4,18.3,2.4,2.4,0.0,3.0,61,23.5,42.1,313,Rain: Light,1,1,
32043,2021-06-08 14:40:00,40.899895,-73.90668,0,0,Oversized Vehicle,4424982,30.1,22.0,5.9,5.9,0.0,9.0,61,16.6,34.6,215,Rain: Light,0,0,
32044,2021-06-08 23:10:00,40.70775,-73.932304,0,0,Alcohol Involvement,4425336,30.1,22.0,5.9,5.9,0.0,9.0,61,16.6,34.6,215,Rain: Light,0,0,
32045,2021-06-08 22:35:00,40.850906,-73.93829,0,0,Failure to Yield Right-of-Way,4425544,30.1,22.0,5.9,5.9,0.0,9.0,61,16.6,34.6,215,Rain: Light,0,0,
32046,2021-06-04 12:14:00,40.68916,-73.80198,2,0,Failure to Yield Right-of-Way,4425581,25.3,17.4,6.5,6.5,0.0,10.0,61,17.9,37.8,235,Rain: Light,2,2,
32047,2021-06-05 16:30:00,40.705795,-74.00987,0,0,Other Vehicular,4425617,31.3,17.3,0.0,0.0,0.0,0.0,2,20.9,43.9,247,Partly cloudy,0,0,
32048,2021-06-08 08:15:00,40.748436,-73.9962,2,0,Unspecified,4424891,30.1,22.0,5.9,5.9,0.0,9.0,61,16.6,34.6,215,Rain: Light,2,2,
32049,2021-06-08 17:58:00,40.684513,-73.909386,1,0,Driver Inattention/Distraction,4425157,30.1,22.0,5.9,5.9,0.0,9.0,61,16.6,34.6,215,Rain: Light,1,1,
32050,2021-06-08 17:25:00,40.838127,-73.91931,0,0,View Obstructed/Limited,4425485,30.1,22.0,5.9,5.9,0.0,9.0,61,16.6,34.6,215,Rain: Light,0,0,
32051,2021-06-08 10:30:00,40.68852,-73.984856,0,0,Driver Inattention/Distraction,4425102,30.1,22.0,5.9,5.9,0.0,9.0,61,16.6,34.6,215,Rain: Light,0,0,
32052,2021-06-08 09:00:00,40.823635,-73.93095,0,0,Passing Too Closely,4424862,30.1,22.0,5.9,5.9,0.0,9.0,61,16.6,34.6,215,Rain: Light,0,0,
32053,2021-06-08 14:20:00,40.739674,-73.99095,0,0,Unspecified,4424928,30.1,22.0,5.9,5.9,0.0,9.0,61,16.6,34.6,215,Rain: Light,0,0,
32054,2021-06-08 10:25:00,40.859234,-73.931366,1,0,Driver Inattention/Distraction,4425226,30.1,22.0,5.9,5.9,0.0,9.0,61,16.6,34.6,215,Rain: Light,1,1,
32055,2021-06-08 21:00:00,40.786602,-73.956726,0,0,Driver Inattention/Distraction,4425201,30.1,22.0,5.9,5.9,0.0,9.0,61,16.6,34.6,215,Rain: Light,0,0,
32056,2021-06-08 04:40:00,40.84964,-73.89661,2,0,Other Vehicular,4424838,30.1,22.0,5.9,5.9,0.0,9.0,61,16.6,34.6,215,Rain: Light,2,2,
32057,2021-05-27 00:58:00,40.84474,-73.922585,0,0,Failure to Yield Right-of-Way,4425770,27.4,18.3,2.4,2.4,0.0,3.0,61,23.5,42.1,313,Rain: Light,0,0,
32058,2021-06-02 11:35:00,40.681236,-73.928734,0,0,Unspecified,4425588,22.4,13.0,0.0,0.0,0.0,0.0,3,16.7,34.9,176,Overcast,0,0,
32059,2021-06-08 14:30:00,40.66492,-73.94196,0,0,Driver Inattention/Distraction,4425325,30.1,22.0,5.9,5.9,0.0,9.0,61,16.6,34.6,215,Rain: Light,0,0,
32060,2021-06-05 07:00:00,40.827984,-73.84329,0,0,Driver Inattention/Distraction,4425647,31.3,17.3,0.0,0.0,0.0,0.0,2,20.9,43.9,247,Partly cloudy,0,0,
32061,2021-06-08 16:30:00,40.81417,-73.92122,0,0,Unspecified,4425016,30.1,22.0,5.9,5.9,0.0,9.0,61,16.6,34.6,215,Rain: Light,0,0,
32062,2021-06-08 14:30:00,40.82442,-73.90977,0,0,Driver Inattention/Distraction,4425440,30.1,22.0,5.9,5.9,0.0,9.0,61,16.6,34.6,215,Rain: Light,0,0,
32063,2021-06-08 16:21:00,40.68607,-73.91605,1,0,Driver Inattention/Distraction,4425445,30.1,22.0,5.9,5.9,0.0,9.0,61,16.6,34.6,215,Rain: Light,1,1,
32064,2021-06-08 06:00:00,40.79162,-73.94885,0,0,View Obstructed/Limited,4424727,30.1,22.0,5.9,5.9,0.0,9.0,61,16.6,34.6,215,Rain: Light,0,0,
32065,2021-06-03 08:35:00,40.62732,-74.07426,0,0,Aggressive Driving/Road Rage,4425567,23.0,13.2,11.9,11.9,0.0,10.0,63,13.6,38.9,165,Rain: Moderate,0,0,
32066,2021-06-08 10:00:00,40.666595,-73.87176,1,0,Unspecified,4425063,30.1,22.0,5.9,5.9,0.0,9.0,61,16.6,34.6,215,Rain: Light,1,1,
32067,2021-06-08 00:00:00,40.632965,-73.883415,0,0,Backing Unsafely,4425080,30.1,22.0,5.9,5.9,0.0,9.0,61,16.6,34.6,215,Rain: Light,0,0,
32068,2021-06-06 17:10:00,40.711956,-73.95919,0,0,Backing Unsafely,4425670,31.0,20.0,0.0,0.0,0.0,0.0,1,16.6,32.4,222,Mainly clear,0,0,Sunny/Clear Conditions
32069,2021-05-25 05:00:00,40.720673,-73.99679,0,0,Driver Inattention/Distraction,4425495,21.9,13.0,0.0,0.0,0.0,0.0,3,24.3,47.9,182,Overcast,0,0,
32070,2021-06-05 17:05:00,40.700836,-73.99495,0,0,Unsafe Lane Changing,4425716,31.3,17.3,0.0,0.0,0.0,0.0,2,20.9,43.9,247,Partly cloudy,0,0,
32071,2021-06-08 17:00:00,40.707615,-73.74016,1,0,Failure to Yield Right-of-Way,4424979,30.1,22.0,5.9,5.9,0.0,9.0,61,16.6,34.6,215,Rain: Light,1,1,
32072,2021-06-08 16:45:00,40.676956,-73.82428,0,0,Following Too Closely,4425235,30.1,22.0,5.9,5.9,0.0,9.0,61,16.6,34.6,215,Rain: Light,0,0,
32073,2021-06-08 08:05:00,40.71598,-73.97579,0,0,Driver Inattention/Distraction,4424998,30.1,22.0,5.9,5.9,0.0,9.0,61,16.6,34.6,215,Rain: Light,0,0,
32074,2021-06-08 15:50:00,40.6707,-73.77366,0,0,Passing Too Closely,4425538,30.1,22.0,5.9,5.9,0.0,9.0,61,16.6,34.6,215,Rain: Light,0,0,
32075,2021-06-07 15:20:00,40.563446,-74.169754,1,0,Failure to Yield Right-of-Way,4425657,31.0,20.7,0.1,0.1,0.0,1.0,51,16.5,34.9,204,Drizzle: Light,1,1,
32076,2021-06-08 13:00:00,40.6229,-74.14943,0,0,Unspecified,4425071,30.1,22.0,5.9,5.9,0.0,9.0,61,16.6,34.6,215,Rain: Light,0,0,
32077,2021-12-30 16:30:00,40.719578,-73.84325,0,0,Driver Inattention/Distraction,4490995,8.3,5.0,1.8,1.8,0.0,7.0,53,9.9,17.6,22,Drizzle: Moderate,0,0,
32078,2021-06-08 06:25:00,40.770554,-73.83551,0,0,Passing or Lane Usage Improper,4424817,30.1,22.0,5.9,5.9,0.0,9.0,61,16.6,34.6,215,Rain: Light,0,0,
32079,2021-06-08 15:10:00,40.69798,-73.91257,0,0,Brakes Defective,4425151,30.1,22.0,5.9,5.9,0.0,9.0,61,16.6,34.6,215,Rain: Light,0,0,
32080,2021-06-08 22:53:00,40.652462,-73.92285,1,0,Driver Inattention/Distraction,4425243,30.1,22.0,5.9,5.9,0.0,9.0,61,16.6,34.6,215,Rain: Light,1,1,
32081,2021-06-08 18:00:00,40.742043,-73.95436,0,0,Driver Inattention/Distraction,4424965,30.1,22.0,5.9,5.9,0.0,9.0,61,16.6,34.6,215,Rain: Light,0,0,
32082,2021-06-08 09:05:00,40.73436,-73.81478,0,0,Driver Inattention/Distraction,4424954,30.1,22.0,5.9,5.9,0.0,9.0,61,16.6,34.6,215,Rain: Light,0,0,
32083,2021-06-08 16:35:00,40.83718,-73.942604,1,0,Driver Inattention/Distraction,4425184,30.1,22.0,5.9,5.9,0.0,9.0,61,16.6,34.6,215,Rain: Light,1,1,
32084,2021-05-28 10:50:00,0.0,0.0,0,0,Unspecified,4425526,19.4,10.6,25.0,25.0,0.0,8.0,63,25.6,47.9,62,Rain: Moderate,0,0,
32085,2021-06-08 18:30:00,40.75829,-73.83431,1,0,Failure to Yield Right-of-Way,4424991,30.1,22.0,5.9,5.9,0.0,9.0,61,16.6,34.6,215,Rain: Light,1,1,
32086,2021-06-08 14:22:00,40.732243,-73.87013,0,0,Backing Unsafely,4425020,30.1,22.0,5.9,5.9,0.0,9.0,61,16.6,34.6,215,Rain: Light,0,0,
32087,2021-05-28 00:01:00,40.786495,-73.94839,0,0,Passing or Lane Usage Improper,4425465,19.4,10.6,25.0,25.0,0.0,8.0,63,25.6,47.9,62,Rain: Moderate,0,0,
32088,2021-06-08 17:50:00,40.84299,-73.82625,0,0,Unspecified,4425412,30.1,22.0,5.9,5.9,0.0,9.0,61,16.6,34.6,215,Rain: Light,0,0,
32089,2021-06-04 13:30:00,40.5325,-74.222145,0,0,Driver Inattention/Distraction,4425663,25.3,17.4,6.5,6.5,0.0,10.0,61,17.9,37.8,235,Rain: Light,0,0,
32090,2021-06-08 17:00:00,40.663685,-73.89858,0,0,Driver Inattention/Distraction,4425052,30.1,22.0,5.9,5.9,0.0,9.0,61,16.6,34.6,215,Rain: Light,0,0,
32091,2021-06-07 18:55:00,40.64337,-73.938194,0,0,Driver Inattention/Distraction,4425705,31.0,20.7,0.1,0.1,0.0,1.0,51,16.5,34.9,204,Drizzle: Light,0,0,
32092,2021-06-08 10:00:00,40.765125,-73.952126,0,0,Unspecified,4424983,30.1,22.0,5.9,5.9,0.0,9.0,61,16.6,34.6,215,Rain: Light,0,0,
32093,2022-04-01 00:42:00,40.802315,-73.96172,1,0,Pedestrian/Bicyclist/Other Pedestrian Error/Confusion,4516110,15.2,5.3,1.4,1.4,0.0,8.0,51,33.1,61.9,277,Drizzle: Light,1,1,
32094,2021-06-08 20:43:00,40.820305,-73.89083,0,0,Unspecified,4425353,30.1,22.0,5.9,5.9,0.0,9.0,61,16.6,34.6,215,Rain: Light,0,0,
32095,2021-06-08 17:30:00,40.639225,-74.0021,0,0,Unspecified,4425388,30.1,22.0,5.9,5.9,0.0,9.0,61,16.6,34.6,215,Rain: Light,0,0,
32096,2021-06-08 11:55:00,40.66987,-73.90956,0,0,Unspecified,4425731,30.1,22.0,5.9,5.9,0.0,9.0,61,16.6,34.6,215,Rain: Light,0,0,
32097,2021-06-08 01:20:00,40.666443,-73.90026,0,0,Unspecified,4425428,30.1,22.0,5.9,5.9,0.0,9.0,61,16.6,34.6,215,Rain: Light,0,0,
32098,2021-06-08 12:01:00,40.59938,-73.95141,0,0,Unspecified,4425009,30.1,22.0,5.9,5.9,0.0,9.0,61,16.6,34.6,215,Rain: Light,0,0,
32099,2021-12-30 15:07:00,40.676487,-73.82133,0,0,Backing Unsafely,4490876,8.3,5.0,1.8,1.8,0.0,7.0,53,9.9,17.6,22,Drizzle: Moderate,0,0,
32100,2021-12-27 23:15:00,40.701103,-73.939255,1,0,Unsafe Speed,4491121,2.7,-1.4,2.1,0.8,0.91,5.0,73,13.5,23.0,10,Snow fall: Moderate,1,1,Snowy Conditions
32101,2021-12-30 09:00:00,40.859406,-73.84187,0,0,Unspecified,4490668,8.3,5.0,1.8,1.8,0.0,7.0,53,9.9,17.6,22,Drizzle: Moderate,0,0,
32102,2021-12-31 20:49:00,40.718887,-73.76447,1,0,Driver Inattention/Distraction,4491614,11.1,7.1,2.7,2.7,0.0,5.0,55,14.9,29.2,193,Drizzle: Dense,1,1,
32103,2021-12-31 08:19:00,40.66879,-73.88839,1,0,Unspecified,4491293,11.1,7.1,2.7,2.7,0.0,5.0,55,14.9,29.2,193,Drizzle: Dense,1,1,
32104,2021-12-27 12:20:00,40.748383,-73.88893,0,0,Driver Inattention/Distraction,4491162,2.7,-1.4,2.1,0.8,0.91,5.0,73,13.5,23.0,10,Snow fall: Moderate,0,0,Snowy Conditions
32105,2021-12-28 18:38:00,40.85668,-73.90811,3,0,Unsafe Speed,4490963,8.5,2.2,0.0,0.0,0.0,0.0,3,12.5,22.0,271,Overcast,3,3,
32106,2021-12-30 06:50:00,40.773006,-73.96033,0,0,,4490684,8.3,5.0,1.8,1.8,0.0,7.0,53,9.9,17.6,22,Drizzle: Moderate,0,0,
32107,2021-12-30 22:34:00,40.83846,-73.90175,0,0,Driver Inattention/Distraction,4490976,8.3,5.0,1.8,1.8,0.0,7.0,53,9.9,17.6,22,Drizzle: Moderate,0,0,
32108,2021-12-28 11:38:00,40.698494,-73.79159,1,0,Unspecified,4491623,8.5,2.2,0.0,0.0,0.0,0.0,3,12.5,22.0,271,Overcast,1,1,
32109,2021-12-31 14:55:00,40.850807,-73.86781,1,0,Passing or Lane Usage Improper,4491221,11.1,7.1,2.7,2.7,0.0,5.0,55,14.9,29.2,193,Drizzle: Dense,1,1,
32110,2021-12-24 17:00:00,40.718967,-73.96104,1,0,Pavement Slippery,4491086,5.7,-1.1,1.0,0.0,0.7,5.0,73,12.4,21.6,73,Snow fall: Moderate,1,1,Snowy Conditions
32111,2021-12-31 01:30:00,40.728947,-73.92793,1,0,Driver Inattention/Distraction,4490778,11.1,7.1,2.7,2.7,0.0,5.0,55,14.9,29.2,193,Drizzle: Dense,1,1,
32112,2021-12-30 07:10:00,40.710976,-73.97962,1,0,Driver Inattention/Distraction,4490720,8.3,5.0,1.8,1.8,0.0,7.0,53,9.9,17.6,22,Drizzle: Moderate,1,1,
32113,2021-12-29 20:33:00,40.813625,-73.93153,1,0,Unspecified,4490542,7.6,4.1,8.1,8.1,0.0,8.0,61,12.2,24.1,52,Rain: Light,1,1,
32114,2021-12-29 12:29:00,40.872112,-73.91628,0,0,Unspecified,4491497,7.6,4.1,8.1,8.1,0.0,8.0,61,12.2,24.1,52,Rain: Light,0,0,
32115,2021-12-31 09:00:00,40.63819,-73.90472,0,0,Unspecified,4491228,11.1,7.1,2.7,2.7,0.0,5.0,55,14.9,29.2,193,Drizzle: Dense,0,0,
32116,2021-12-24 17:12:00,40.66685,-73.8907,3,0,Unspecified,4491253,5.7,-1.1,1.0,0.0,0.7,5.0,73,12.4,21.6,73,Snow fall: Moderate,3,3,Snowy Conditions
32117,2021-12-25 21:00:00,40.80882,-73.948,0,0,Unsafe Speed,4491445,8.8,0.5,6.1,6.1,0.0,14.0,55,14.5,24.8,284,Drizzle: Dense,0,0,
32118,2021-12-29 22:49:00,40.845177,-73.90235,0,0,Driver Inattention/Distraction,4490565,7.6,4.1,8.1,8.1,0.0,8.0,61,12.2,24.1,52,Rain: Light,0,0,
32119,2021-12-28 14:21:00,40.63257,-73.976295,0,0,Backing Unsafely,4491324,8.5,2.2,0.0,0.0,0.0,0.0,3,12.5,22.0,271,Overcast,0,0,
32120,2021-12-28 17:00:00,40.88425,-73.900635,0,0,Unspecified,4490916,8.5,2.2,0.0,0.0,0.0,0.0,3,12.5,22.0,271,Overcast,0,0,
32121,2021-12-29 11:14:00,40.68295,-74.00635,0,0,Unspecified,4490488,7.6,4.1,8.1,8.1,0.0,8.0,61,12.2,24.1,52,Rain: Light,0,0,
32122,2021-12-31 12:57:00,40.652744,-73.959854,0,0,Unspecified,4491485,11.1,7.1,2.7,2.7,0.0,5.0,55,14.9,29.2,193,Drizzle: Dense,0,0,
32123,2021-12-30 10:25:00,40.59589,-74.085884,0,0,Pavement Slippery,4490903,8.3,5.0,1.8,1.8,0.0,7.0,53,9.9,17.6,22,Drizzle: Moderate,0,0,
32124,2021-12-30 12:30:00,40.65965,-73.773834,1,0,Following Too Closely,4490725,8.3,5.0,1.8,1.8,0.0,7.0,53,9.9,17.6,22,Drizzle: Moderate,1,1,