,CRASH DATETIME,LATITUDE,LONGITUDE,NUMBER OF PERSONS INJURED,NUMBER OF PERSONS KILLED,CONTRIBUTING FACTOR VEHICLE 1,COLLISION_ID,temperature_2m_max,temperature_2m_min,precipitation_sum,rain_sum,snowfall_sum,precipitation_hours,weather_code,wind_speed_10m_max,wind_gusts_10m_max,wind_direction_10m_dominant,Weather Description,Severity_Score,Total_Affected_Persons,Weather_Category
32125,2021-12-15 09:00:00,40.862564,-73.9165,0,0,Driver Inattention/Distraction,4491491,10.3,1.8,1.0,1.0,0.0,6.0,51,20.6,38.2,104,Drizzle: Light,0,0,
32126,2021-12-31 18:06:00,40.75425,-73.827835,1,0,Failure to Yield Right-of-Way,4491035,11.1,7.1,2.7,2.7,0.0,5.0,55,14.9,29.2,193,Drizzle: Dense,1,1,
32127,2021-12-30 07:00:00,40.70166,-73.961464,0,0,Driver Inexperience,4490627,8.3,5.0,1.8,1.8,0.0,7.0,53,9.9,17.6,22,Drizzle: Moderate,0,0,
32128,2021-12-30 16:45:00,40.606327,-73.99647,1,0,Failure to Yield Right-of-Way,4490948,8.3,5.0,1.8,1.8,0.0,7.0,53,9.9,17.6,22,Drizzle: Moderate,1,1,
32129,2021-12-26 23:35:00,40.846863,-73.90142,0,0,Driver Inattention/Distraction,4491581,8.9,3.4,0.0,0.0,0.0,0.0,3,21.9,38.9,316,Overcast,0,0,
32130,2021-12-31 15:15:00,40.78168,-73.84595,2,0,Passing Too Closely,4491030,11.1,7.1,2.7,2.7,0.0,5.0,55,14.9,29.2,193,Drizzle: Dense,2,2,
32131,2021-12-21 19:05:00,40.87229,-73.90096,2,0,Unsafe Speed,4490884,5.7,-2.4,0.0,0.0,0.0,0.0,3,13.6,24.5,228,Overcast,2,2,
32132,2021-12-29 14:30:00,40.893856,-73.896065,1,0,Following Too Closely,4490931,7.6,4.1,8.1,8.1,0.0,8.0,61,12.2,24.1,52,Rain: Light,1,1,
32133,2021-12-29 07:00:00,40.806274,-73.91411,0,0,Unspecified,4490546,7.6,4.1,8.1,8.1,0.0,8.0,61,12.2,24.1,52,Rain: Light,0,0,
32134,2021-12-29 14:45:00,40.83702,-73.8464,0,0,Driver Inexperience,4490572,7.6,4.1,8.1,8.1,0.0,8.0,61,12.2,24.1,52,Rain: Light,0,0,
32135,2021-12-30 10:20:00,40.728275,-73.79179,0,0,Unsafe Speed,4490783,8.3,5.0,1.8,1.8,0.0,7.0,53,9.9,17.6,22,Drizzle: Moderate,0,0,
32136,2021-12-21 22:00:00,40.729553,-74.000885,0,0,Unspecified,4491412,5.7,-2.4,0.0,0.0,0.0,0.0,3,13.6,24.5,228,Overcast,0,0,
32137,2021-12-30 17:30:00,40.70372,-73.94293,0,0,Driver Inattention/Distraction,4490758,8.3,5.0,1.8,1.8,0.0,7.0,53,9.9,17.6,22,Drizzle: Moderate,0,0,
32138,2021-12-29 17:50:00,40.703724,-73.95979,1,0,Driver Inattention/Distraction,4490764,7.6,4.1,8.1,8.1,0.0,8.0,61,12.2,24.1,52,Rain: Light,1,1,
32139,2021-12-17 21:32:00,40.81506,-73.94018,1,0,Brakes Defective,4490952,13.9,6.1,0.0,0.0,0.0,0.0,3,21.5,37.1,265,Overcast,1,1,
32140,2021-12-31 16:55:00,40.843006,-73.84856,1,0,Driver Inattention/Distraction,4491062,11.1,7.1,2.7,2.7,0.0,5.0,55,14.9,29.2,193,Drizzle: Dense,1,1,
32141,2021-12-29 11:00:00,40.89213,-73.85341,0,0,Backing Unsafely,4490482,7.6,4.1,8.1,8.1,0.0,8.0,61,12.2,24.1,52,Rain: Light,0,0,
32142,2021-12-26 11:40:00,40.68012,-73.884094,0,0,Unspecified,4491258,8.9,3.4,0.0,0.0,0.0,0.0,3,21.9,38.9,316,Overcast,0,0,
32143,2021-12-31 01:53:00,40.656914,-73.95315,3,0,Driver Inattention/Distraction,4490991,11.1,7.1,2.7,2.7,0.0,5.0,55,14.9,29.2,193,Drizzle: Dense,3,3,
32144,2021-12-23 00:00:00,40.585304,-73.818054,0,0,Other Vehicular,4491512,2.1,-2.3,0.0,0.0,0.0,0.0,3,20.1,35.6,299,Overcast,0,0,
32145,2021-12-31 13:45:00,40.86543,-73.86737,1,0,Backing Unsafely,4491140,11.1,7.1,2.7,2.7,0.0,5.0,55,14.9,29.2,193,Drizzle: Dense,1,1,
32146,2021-12-31 19:30:00,40.82774,-73.87706,0,0,Driver Inattention/Distraction,4491095,11.1,7.1,2.7,2.7,0.0,5.0,55,14.9,29.2,193,Drizzle: Dense,0,0,
32147,2021-12-29 14:20:00,40.83177,-73.854164,0,0,Unspecified,4490689,7.6,4.1,8.1,8.1,0.0,8.0,61,12.2,24.1,52,Rain: Light,0,0,
32148,2021-12-28 12:50:00,40.68825,-73.971886,1,0,Driver Inattention/Distraction,4490959,8.5,2.2,0.0,0.0,0.0,0.0,3,12.5,22.0,271,Overcast,1,1,
32149,2021-12-27 23:38:00,40.677563,-73.874985,2,0,Passing or Lane Usage Improper,4491249,2.7,-1.4,2.1,0.8,0.91,5.0,73,13.5,23.0,10,Snow fall: Moderate,2,2,Snowy Conditions
32150,2021-12-29 21:40:00,40.585133,-73.954544,0,0,Driver Inattention/Distraction,4490980,7.6,4.1,8.1,8.1,0.0,8.0,61,12.2,24.1,52,Rain: Light,0,0,
32151,2021-12-28 14:25:00,40.65463,-73.92201,0,0,Traffic Control Disregarded,4491328,8.5,2.2,0.0,0.0,0.0,0.0,3,12.5,22.0,271,Overcast,0,0,
32152,2021-12-31 12:00:00,40.711452,-73.8598,0,0,Unspecified,4491207,11.1,7.1,2.7,2.7,0.0,5.0,55,14.9,29.2,193,Drizzle: Dense,0,0,
32153,2021-12-29 17:44:00,40.748276,-73.93918,1,0,Driver Inattention/Distraction,4490516,7.6,4.1,8.1,8.1,0.0,8.0,61,12.2,24.1,52,Rain: Light,1,1,
32154,2021-12-31 20:00:00,40.708576,-73.758644,0,0,Driver Inattention/Distraction,4491609,11.1,7.1,2.7,2.7,0.0,5.0,55,14.9,29.2,193,Drizzle: Dense,0,0,
32155,2021-12-26 19:30:00,40.734768,-73.861595,0,0,Passing or Lane Usage Improper,4490957,8.9,3.4,0.0,0.0,0.0,0.0,3,21.9,38.9,316,Overcast,0,0,
32156,2021-12-31 11:35:00,40.838158,-73.92324,0,0,Unsafe Speed,4491472,11.1,7.1,2.7,2.7,0.0,5.0,55,14.9,29.2,193,Drizzle: Dense,0,0,
32157,2021-12-28 16:40:00,40.68566,-73.84681,2,0,Passing or Lane Usage Improper,4491358,8.5,2.2,0.0,0.0,0.0,0.0,3,12.5,22.0,271,Overcast,2,2,
32158,2021-12-30 01:23:00,40.587444,-73.812164,0,0,Alcohol Involvement,4491289,8.3,5.0,1.8,1.8,0.0,7.0,53,9.9,17.6,22,Drizzle: Moderate,0,0,
32159,2021-12-30 15:50:00,40.878365,-73.85893,0,0,Failure to Yield Right-of-Way,4490729,8.3,5.0,1.8,1.8,0.0,7.0,53,9.9,17.6,22,Drizzle: Moderate,0,0,
32160,2021-12-29 18:45:00,40.853138,-73.9017,1,0,View Obstructed/Limited,4490580,7.6,4.1,8.1,8.1,0.0,8.0,61,12.2,24.1,52,Rain: Light,1,1,
32161,2021-12-31 16:15:00,40.698036,-73.962845,1,0,Driver Inattention/Distraction,4491007,11.1,7.1,2.7,2.7,0.0,5.0,55,14.9,29.2,193,Drizzle: Dense,1,1,
32162,2021-12-30 15:30:00,40.607445,-73.99531,1,0,Traffic Control Disregarded,4490935,8.3,5.0,1.8,1.8,0.0,7.0,53,9.9,17.6,22,Drizzle: Moderate,1,1,
32163,2021-12-28 18:40:00,40.813232,-73.90908,1,0,Driver Inattention/Distraction,4491071,8.5,2.2,0.0,0.0,0.0,0.0,3,12.5,22.0,271,Overcast,1,1,
32164,2021-12-24 22:13:00,40.667637,-73.8996,0,0,Alcohol Involvement,4491244,5.7,-1.1,1.0,0.0,0.7,5.0,73,12.4,21.6,73,Snow fall: Moderate,0,0,Snowy Conditions
32165,2021-12-31 12:37:00,40.77656,-73.95271,0,0,Passing or Lane Usage Improper,4491269,11.1,7.1,2.7,2.7,0.0,5.0,55,14.9,29.2,193,Drizzle: Dense,0,0,
32166,2021-12-24 19:25:00,40.58963,-73.797806,1,0,Driver Inattention/Distraction,4491288,5.7,-1.1,1.0,0.0,0.7,5.0,73,12.4,21.6,73,Snow fall: Moderate,1,1,Snowy Conditions
32167,2021-12-29 20:50:00,40.759037,-73.8879,1,0,Driver Inattention/Distraction,4490718,7.6,4.1,8.1,8.1,0.0,8.0,61,12.2,24.1,52,Rain: Light,1,1,
32168,2021-12-29 15:40:00,40.706806,-73.94878,0,0,Animals Action,4491133,7.6,4.1,8.1,8.1,0.0,8.0,61,12.2,24.1,52,Rain: Light,0,0,
32169,2021-12-29 22:20:00,40.76332,-73.77385,0,0,Alcohol Involvement,4490532,7.6,4.1,8.1,8.1,0.0,8.0,61,12.2,24.1,52,Rain: Light,0,0,
32170,2021-12-21 08:51:00,40.91013,-73.90322,3,0,Unspecified,4490871,5.7,-2.4,0.0,0.0,0.0,0.0,3,13.6,24.5,228,Overcast,3,3,
32171,2021-12-31 07:00:00,40.701683,-73.941696,0,0,Passing or Lane Usage Improper,4491099,11.1,7.1,2.7,2.7,0.0,5.0,55,14.9,29.2,193,Drizzle: Dense,0,0,
32172,2021-12-28 12:56:00,40.65766,-73.89705,3,0,Following Too Closely,4491307,8.5,2.2,0.0,0.0,0.0,0.0,3,12.5,22.0,271,Overcast,3,3,
32173,2021-12-29 14:00:00,40.836407,-73.85519,0,0,Unspecified,4491075,7.6,4.1,8.1,8.1,0.0,8.0,61,12.2,24.1,52,Rain: Light,0,0,
32174,2021-12-29 12:30:00,40.680115,-73.75324,0,0,Passing or Lane Usage Improper,4490634,7.6,4.1,8.1,8.1,0.0,8.0,61,12.2,24.1,52,Rain: Light,0,0,
32175,2022-03-18 05:15:00,40.7081,-73.999405,2,0,Other Vehicular,4516026,20.8,7.4,0.0,0.0,0.0,0.0,3,16.0,31.7,181,Overcast,2,2,
32176,2021-12-22 06:35:00,40.829685,-73.8253,1,0,,4491227,8.1,-0.0,4.2,4.2,0.0,9.0,61,26.7,47.9,313,Rain: Light,1,1,
32177,2021-12-11 23:48:00,40.843903,-73.927284,0,0,Aggressive Driving/Road Rage,4491194,17.3,5.0,8.1,8.1,0.0,5.0,63,35.0,67.0,206,Rain: Moderate,0,0,
32178,2021-12-29 18:00:00,40.60102,-74.004364,0,0,Driver Inattention/Distraction,4490615,7.6,4.1,8.1,8.1,0.0,8.0,61,12.2,24.1,52,Rain: Light,0,0,
32179,2021-12-16 22:26:00,40.759064,-73.91229,1,0,Driver Inattention/Distraction,4491116,14.6,9.9,0.0,0.0,0.0,0.0,3,22.4,38.5,222,Overcast,1,1,
32180,2021-12-29 11:40:00,40.811092,-73.89335,0,0,Pavement Slippery,4490799,7.6,4.1,8.1,8.1,0.0,8.0,61,12.2,24.1,52,Rain: Light,0,0,
32181,2021-12-27 00:56:00,40.760998,-73.94104,0,0,Unspecified,4491409,2.7,-1.4,2.1,0.8,0.91,5.0,73,13.5,23.0,10,Snow fall: Moderate,0,0,Snowy Conditions
32182,2021-12-27 14:13:00,40.576965,-74.16974,0,0,Driver Inexperience,4491442,2.7,-1.4,2.1,0.8,0.91,5.0,73,13.5,23.0,10,Snow fall: Moderate,0,0,Snowy Conditions
32183,2021-12-30 23:37:00,40.676647,-73.91647,0,0,Unsafe Speed,4491174,8.3,5.0,1.8,1.8,0.0,7.0,53,9.9,17.6,22,Drizzle: Moderate,0,0,
32184,2021-12-26 01:30:00,40.66322,-73.893654,3,0,Unsafe Speed,4491254,8.9,3.4,0.0,0.0,0.0,0.0,3,21.9,38.9,316,Overcast,3,3,
32185,2021-12-31 20:48:00,40.855015,-73.869644,1,0,Turning Improperly,4491131,11.1,7.1,2.7,2.7,0.0,5.0,55,14.9,29.2,193,Drizzle: Dense,1,1,
32186,2021-12-30 15:00:00,40.712772,-73.77201,0,0,Unspecified,4491631,8.3,5.0,1.8,1.8,0.0,7.0,53,9.9,17.6,22,Drizzle: Moderate,0,0,
32187,2021-12-29 13:40:00,40.60927,-74.1513,1,0,Unsafe Lane Changing,4490818,7.6,4.1,8.1,8.1,0.0,8.0,61,12.2,24.1,52,Rain: Light,1,1,
32188,2021-12-29 05:10:00,40.731277,-73.871574,1,0,Driver Inattention/Distraction,4490641,7.6,4.1,8.1,8.1,0.0,8.0,61,12.2,24.1,52,Rain: Light,1,1,
32189,2021-12-29 05:48:00,40.728992,-73.95067,0,0,Failure to Yield Right-of-Way,4490989,7.6,4.1,8.1,8.1,0.0,8.0,61,12.2,24.1,52,Rain: Light,0,0,
32190,2021-12-30 00:15:00,40.78515,-73.94063,1,0,Other Vehicular,4491654,8.3,5.0,1.8,1.8,0.0,7.0,53,9.9,17.6,22,Drizzle: Moderate,1,1,
32191,2021-12-25 02:00:00,40.674767,-73.88536,0,0,Unspecified,4491261,8.8,0.5,6.1,6.1,0.0,14.0,55,14.5,24.8,284,Drizzle: Dense,0,0,
32192,2021-12-31 23:34:00,40.730377,-73.98638,0,0,Unspecified,4491462,11.1,7.1,2.7,2.7,0.0,5.0,55,14.9,29.2,193,Drizzle: Dense,0,0,
32193,2021-12-26 13:20:00,40.753986,-73.87215,0,0,Driver Inattention/Distraction,4491164,8.9,3.4,0.0,0.0,0.0,0.0,3,21.9,38.9,316,Overcast,0,0,
32194,2021-12-18 11:20:00,0.0,0.0,1,0,Traffic Control Disregarded,4490940,6.3,4.5,3.8,3.8,0.0,9.0,61,12.3,24.5,35,Rain: Light,1,1,
32195,2021-12-26 12:00:00,40.699017,-73.80696,1,0,Failure to Yield Right-of-Way,4491613,8.9,3.4,0.0,0.0,0.0,0.0,3,21.9,38.9,316,Overcast,1,1,
32196,2021-12-29 19:10:00,40.610695,-73.945816,0,0,Driver Inattention/Distraction,4490529,7.6,4.1,8.1,8.1,0.0,8.0,61,12.2,24.1,52,Rain: Light,0,0,
32197,2021-12-31 03:30:00,40.67834,-73.95521,0,0,Unsafe Speed,4490925,11.1,7.1,2.7,2.7,0.0,5.0,55,14.9,29.2,193,Drizzle: Dense,0,0,
32198,2021-12-29 21:22:00,40.62335,-74.028145,1,0,Failure to Yield Right-of-Way,4490509,7.6,4.1,8.1,8.1,0.0,8.0,61,12.2,24.1,52,Rain: Light,1,1,
32199,2022-04-24 00:15:00,40.627007,-74.13872,0,0,Driver Inattention/Distraction,4521668,15.8,7.0,0.0,0.0,0.0,0.0,3,21.7,43.2,114,Overcast,0,0,
32200,2021-12-30 18:30:00,40.717827,-73.8724,1,0,Failure to Yield Right-of-Way,4490734,8.3,5.0,1.8,1.8,0.0,7.0,53,9.9,17.6,22,Drizzle: Moderate,1,1,
32201,2021-12-26 15:40:00,40.663498,-73.92129,1,0,Backing Unsafely,4491339,8.9,3.4,0.0,0.0,0.0,0.0,3,21.9,38.9,316,Overcast,1,1,
32202,2021-12-29 20:18:00,40.65965,-73.773834,0,0,Unsafe Speed,4490972,7.6,4.1,8.1,8.1,0.0,8.0,61,12.2,24.1,52,Rain: Light,0,0,
32203,2021-12-31 11:25:00,40.57771,-74.11758,0,0,Following Too Closely,4491011,11.1,7.1,2.7,2.7,0.0,5.0,55,14.9,29.2,193,Drizzle: Dense,0,0,
32204,2021-12-29 19:40:00,40.693047,-73.83839,0,0,Passing or Lane Usage Improper,4490770,7.6,4.1,8.1,8.1,0.0,8.0,61,12.2,24.1,52,Rain: Light,0,0,
32205,2021-12-29 19:35:00,40.76354,-73.93332,1,0,Driver Inattention/Distraction,4490553,7.6,4.1,8.1,8.1,0.0,8.0,61,12.2,24.1,52,Rain: Light,1,1,
32206,2021-12-30 11:40:00,40.702625,-73.8794,1,0,Failure to Yield Right-of-Way,4490673,8.3,5.0,1.8,1.8,0.0,7.0,53,9.9,17.6,22,Drizzle: Moderate,1,1,
32207,2021-12-09 12:30:00,40.777905,-73.98209,1,0,Following Too Closely,4491315,3.6,-2.0,0.1,0.0,0.07,1.0,71,19.2,33.8,295,Snow fall: Light,1,1,Snowy Conditions
32208,2021-12-22 04:30:00,40.792244,-73.94629,0,0,Driver Inattention/Distraction,4491022,8.1,-0.0,4.2,4.2,0.0,9.0,61,26.7,47.9,313,Rain: Light,0,0,
32209,2021-12-30 14:52:00,40.630344,-74.03845,0,0,Driver Inexperience,4490750,8.3,5.0,1.8,1.8,0.0,7.0,53,9.9,17.6,22,Drizzle: Moderate,0,0,
32210,2021-12-30 11:40:00,40.721844,-73.90444,1,0,Failure to Yield Right-of-Way,4490712,8.3,5.0,1.8,1.8,0.0,7.0,53,9.9,17.6,22,Drizzle: Moderate,1,1,
32211,2021-12-31 21:15:00,40.75,-73.89924,1,0,Unspecified,4491039,11.1,7.1,2.7,2.7,0.0,5.0,55,14.9,29.2,193,Drizzle: Dense,1,1,
32212,2021-12-29 09:20:00,40.624172,-73.90907,0,0,Turning Improperly,4490500,7.6,4.1,8.1,8.1,0.0,8.0,61,12.2,24.1,52,Rain: Light,0,0,
32213,2021-12-29 06:58:00,40.778862,-73.958176,0,0,Unspecified,4490450,7.6,4.1,8.1,8.1,0.0,8.0,61,12.2,24.1,52,Rain: Light,0,0,
32214,2021-12-29 23:00:00,40.798935,-73.93637,0,0,Passing or Lane Usage Improper,4490585,7.6,4.1,8.1,8.1,0.0,8.0,61,12.2,24.1,52,Rain: Light,0,0,
32215,2021-12-25 01:00:00,40.683132,-73.88259,0,0,Unspecified,4491241,8.8,0.5,6.1,6.1,0.0,14.0,55,14.5,24.8,284,Drizzle: Dense,0,0,
32216,2021-12-21 15:33:00,40.877514,-73.90517,0,0,Unspecified,4490911,5.7,-2.4,0.0,0.0,0.0,0.0,3,13.6,24.5,228,Overcast,0,0,
32217,2021-12-30 05:16:00,40.788795,-73.93755,0,0,Pavement Slippery,4490679,8.3,5.0,1.8,1.8,0.0,7.0,53,9.9,17.6,22,Drizzle: Moderate,0,0,
32218,2021-12-29 11:10:00,40.69987,-73.94043,0,0,Driver Inattention/Distraction,4490557,7.6,4.1,8.1,8.1,0.0,8.0,61,12.2,24.1,52,Rain: Light,0,0,
32219,2021-12-31 15:18:00,40.694805,-73.84754,1,0,Pedestrian/Bicyclist/Other Pedestrian Error/Confusion,4490999,11.1,7.1,2.7,2.7,0.0,5.0,55,14.9,29.2,193,Drizzle: Dense,1,1,
32220,2021-12-28 11:30:00,40.851334,-73.94022,0,0,Unspecified,4490856,8.5,2.2,0.0,0.0,0.0,0.0,3,12.5,22.0,271,Overcast,0,0,
32221,2021-12-30 18:30:00,40.66549,-73.819534,0,0,Unsafe Lane Changing,4490867,8.3,5.0,1.8,1.8,0.0,7.0,53,9.9,17.6,22,Drizzle: Moderate,0,0,
32222,2021-06-09 17:20:00,40.817875,-73.89333,0,0,Unspecified,4425359,30.2,21.4,1.1,1.1,0.0,5.0,51,11.7,28.1,286,Drizzle: Light,0,0,
32223,2021-12-31 08:28:00,40.89024,-73.860306,0,0,Unspecified,4491054,11.1,7.1,2.7,2.7,0.0,5.0,55,14.9,29.2,193,Drizzle: Dense,0,0,
32224,2021-12-31 21:51:00,40.74763,-73.88394,0,0,Turning Improperly,4491152,11.1,7.1,2.7,2.7,0.0,5.0,55,14.9,29.2,193,Drizzle: Dense,0,0,
32225,2021-12-31 00:30:00,40.730278,-73.743965,0,0,Driver Inattention/Distraction,4490804,11.1,7.1,2.7,2.7,0.0,5.0,55,14.9,29.2,193,Drizzle: Dense,0,0,
32226,2021-12-30 17:20:00,40.734737,-73.87227,0,0,Driver Inattention/Distraction,4491392,8.3,5.0,1.8,1.8,0.0,7.0,53,9.9,17.6,22,Drizzle: Moderate,0,0,
32227,2021-12-31 23:56:00,40.590706,-74.165794,1,0,Driver Inattention/Distraction,4491112,11.1,7.1,2.7,2.7,0.0,5.0,55,14.9,29.2,193,Drizzle: Dense,1,1,
32228,2021-12-31 17:00:00,40.761375,-73.98781,1,0,Unspecified,4491635,11.1,7.1,2.7,2.7,0.0,5.0,55,14.9,29.2,193,Drizzle: Dense,1,1,
32229,2021-12-31 08:11:00,40.802116,-73.9361,0,0,Driver Inattention/Distraction,4490893,11.1,7.1,2.7,2.7,0.0,5.0,55,14.9,29.2,193,Drizzle: Dense,0,0,
32230,2021-12-31 03:10:00,40.72294,-73.8002,0,0,Driver Inattention/Distraction,4491004,11.1,7.1,2.7,2.7,0.0,5.0,55,14.9,29.2,193,Drizzle: Dense,0,0,
32231,2021-12-30 15:32:00,40.723648,-73.99103,0,0,Unsafe Lane Changing,4491431,8.3,5.0,1.8,1.8,0.0,7.0,53,9.9,17.6,22,Drizzle: Moderate,0,0,
32232,2021-12-30 13:53:00,40.63143,-73.993744,1,0,Unspecified,4490967,8.3,5.0,1.8,1.8,0.0,7.0,53,9.9,17.6,22,Drizzle: Moderate,1,1,
32233,2021-12-22 18:30:00,40.72575,-73.87756,1,0,Failure to Yield Right-of-Way,4491213,8.1,-0.0,4.2,4.2,0.0,9.0,61,26.7,47.9,313,Rain: Light,1,1,
32234,2021-12-31 17:17:00,40.61879,-73.99426,0,0,Failure to Yield Right-of-Way,4491189,11.1,7.1,2.7,2.7,0.0,5.0,55,14.9,29.2,193,Drizzle: Dense,0,0,
32235,2021-12-29 10:30:00,40.662724,-73.92601,0,0,Unspecified,4490604,7.6,4.1,8.1,8.1,0.0,8.0,61,12.2,24.1,52,Rain: Light,0,0,
32236,2021-12-30 00:32:00,40.57741,-73.83713,0,0,View Obstructed/Limited,4491511,8.3,5.0,1.8,1.8,0.0,7.0,53,9.9,17.6,22,Drizzle: Moderate,0,0,
32237,2021-12-31 03:46:00,40.68445,-73.91062,0,0,Backing Unsafely,4490812,11.1,7.1,2.7,2.7,0.0,5.0,55,14.9,29.2,193,Drizzle: Dense,0,0,
32238,2021-12-30 12:30:00,40.7441,-73.99565,1,0,Pedestrian/Bicyclist/Other Pedestrian Error/Confusion,4490908,8.3,5.0,1.8,1.8,0.0,7.0,53,9.9,17.6,22,Drizzle: Moderate,1,1,
32239,2021-12-30 18:45:00,40.79866,-73.96947,0,0,Passing Too Closely,4490726,8.3,5.0,1.8,1.8,0.0,7.0,53,9.9,17.6,22,Drizzle: Moderate,0,0,
32240,2021-12-29 04:50:00,40.88867,-73.89092,1,0,Unspecified,4490921,7.6,4.1,8.1,8.1,0.0,8.0,61,12.2,24.1,52,Rain: Light,1,1,
32241,2021-12-29 12:00:00,40.663574,-73.89855,0,0,Unspecified,4491298,7.6,4.1,8.1,8.1,0.0,8.0,61,12.2,24.1,52,Rain: Light,0,0,
32242,2021-12-28 11:15:00,40.68771,-73.85037,1,0,Other Vehicular,4491620,8.5,2.2,0.0,0.0,0.0,0.0,3,12.5,22.0,271,Overcast,1,1,
32243,2021-12-28 20:15:00,40.805557,-73.912415,1,0,Unspecified,4491072,8.5,2.2,0.0,0.0,0.0,0.0,3,12.5,22.0,271,Overcast,1,1,
32244,2021-12-20 07:45:00,40.64757,-74.08743,0,0,Turning Improperly,4490936,1.8,-4.4,0.0,0.0,0.0,0.0,2,17.9,32.8,282,Partly cloudy,0,0,
32245,2021-12-31 20:05:00,40.608482,-73.9589,1,0,Backing Unsafely,4491053,11.1,7.1,2.7,2.7,0.0,5.0,55,14.9,29.2,193,Drizzle: Dense,1,1,
32246,2021-12-31 19:15:00,40.74267,-73.82841,1,0,Unsafe Speed,4491031,11.1,7.1,2.7,2.7,0.0,5.0,55,14.9,29.2,193,Drizzle: Dense,1,1,
32247,2021-12-29 01:57:00,40.859444,-73.915985,0,0,Driver Inattention/Distraction,4490522,7.6,4.1,8.1,8.1,0.0,8.0,61,12.2,24.1,52,Rain: Light,0,0,
32248,2021-12-29 17:42:00,40.880657,-73.877625,1,0,Failure to Yield Right-of-Way,4490746,7.6,4.1,8.1,8.1,0.0,8.0,61,12.2,24.1,52,Rain: Light,1,1,
32249,2021-12-21 15:42:00,40.884518,-73.89387,0,0,Unspecified,4490883,5.7,-2.4,0.0,0.0,0.0,0.0,3,13.6,24.5,228,Overcast,0,0,
32250,2021-12-30 08:45:00,40.82852,-73.89796,1,0,Drugs (illegal),4490721,8.3,5.0,1.8,1.8,0.0,7.0,53,9.9,17.6,22,Drizzle: Moderate,1,1,
32251,2021-12-29 16:00:00,40.655598,-73.72644,1,0,Unspecified,4490547,7.6,4.1,8.1,8.1,0.0,8.0,61,12.2,24.1,52,Rain: Light,1,1,
32252,2021-12-31 11:04:00,40.832233,-73.89869,0,0,Unspecified,4491026,11.1,7.1,2.7,2.7,0.0,5.0,55,14.9,29.2,193,Drizzle: Dense,0,0,
32253,2021-12-30 18:00:00,40.68424,-73.8461,4,0,Passing or Lane Usage Improper,4490774,8.3,5.0,1.8,1.8,0.0,7.0,53,9.9,17.6,22,Drizzle: Moderate,4,4,
32254,2021-12-30 03:10:00,40.648243,-74.014114,2,0,Pavement Slippery,4490765,8.3,5.0,1.8,1.8,0.0,7.0,53,9.9,17.6,22,Drizzle: Moderate,2,2,
32255,2021-12-29 12:21:00,40.620815,-73.98986,0,0,Passing Too Closely,4490489,7.6,4.1,8.1,8.1,0.0,8.0,61,12.2,24.1,52,Rain: Light,0,0,
32256,2021-12-28 22:51:00,40.755806,-73.998055,0,0,Backing Unsafely,4490894,8.5,2.2,0.0,0.0,0.0,0.0,3,12.5,22.0,271,Overcast,0,0,
32257,2021-12-31 12:15:00,40.69253,-73.81688,0,0,Passing or Lane Usage Improper,4490994,11.1,7.1,2.7,2.7,0.0,5.0,55,14.9,29.2,193,Drizzle: Dense,0,0,
32258,2021-12-29 16:30:00,40.67601,-73.88567,1,0,Unspecified,4491277,7.6,4.1,8.1,8.1,0.0,8.0,61,12.2,24.1,52,Rain: Light,1,1,
32259,2021-12-31 23:57:00,40.748158,-73.85406,2,0,Failure to Yield Right-of-Way,4491570,11.1,7.1,2.7,2.7,0.0,5.0,55,14.9,29.2,193,Drizzle: Dense,2,2,
32260,2021-12-31 15:40:00,40.660778,-73.89229,1,0,Unspecified,4491235,11.1,7.1,2.7,2.7,0.0,5.0,55,14.9,29.2,193,Drizzle: Dense,1,1,
32261,2021-12-05 15:25:00,40.806313,-73.95987,0,0,Unspecified,4490926,7.6,0.0,0.0,0.0,0.0,0.0,3,15.1,27.0,303,Overcast,0,0,
32262,2021-12-31 01:55:00,40.691227,-73.98214,0,0,Unsafe Lane Changing,4490808,11.1,7.1,2.7,2.7,0.0,5.0,55,14.9,29.2,193,Drizzle: Dense,0,0,
32263,2021-12-30 18:20:00,40.617832,-74.08627,1,0,Unspecified,4490947,8.3,5.0,1.8,1.8,0.0,7.0,53,9.9,17.6,22,Drizzle: Moderate,1,1,
32264,2021-12-29 16:53:00,40.81339,-73.95627,0,0,Unspecified,4490649,7.6,4.1,8.1,8.1,0.0,8.0,61,12.2,24.1,52,Rain: Light,0,0,
32265,2021-12-23 11:30:00,40.904472,-73.90716,0,0,Unspecified,4490860,2.1,-2.3,0.0,0.0,0.0,0.0,3,20.1,35.6,299,Overcast,0,0,
32266,2021-12-29 11:14:00,0.0,0.0,0,0,Driver Inattention/Distraction,4490863,7.6,4.1,8.1,8.1,0.0,8.0,61,12.2,24.1,52,Rain: Light,0,0,
32267,2021-12-30 23:35:00,40.725918,-73.89535,1,0,Failure to Yield Right-of-Way,4490915,8.3,5.0,1.8,1.8,0.0,7.0,53,9.9,17.6,22,Drizzle: Moderate,1,1,
32268,2021-12-29 22:20:00,40.69035,-73.84108,0,0,Alcohol Involvement,4490688,7.6,4.1,8.1,8.1,0.0,8.0,61,12.2,24.1,52,Rain: Light,0,0,
32269,2021-12-29 19:54:00,40.830402,-73.903404,0,0,Unspecified,4490705,7.6,4.1,8.1,8.1,0.0,8.0,61,12.2,24.1,52,Rain: Light,0,0,
32270,2021-12-30 18:00:00,40.687805,-73.833565,0,0,Driver Inattention/Distraction,4490962,8.3,5.0,1.8,1.8,0.0,7.0,53,9.9,17.6,22,Drizzle: Moderate,0,0,
32271,2021-12-31 02:26:00,40.600376,-73.98117,0,0,Alcohol Involvement,4490889,11.1,7.1,2.7,2.7,0.0,5.0,55,14.9,29.2,193,Drizzle: Dense,0,0,