,CRASH DATETIME,LATITUDE,LONGITUDE,NUMBER OF PERSONS INJURED,NUMBER OF PERSONS KILLED,CONTRIBUTING FACTOR VEHICLE 1,COLLISION_ID,temperature_2m_max,temperature_2m_min,precipitation_sum,rain_sum,snowfall_sum,precipitation_hours,weather_code,wind_speed_10m_max,wind_gusts_10m_max,wind_direction_10m_dominant,Weather Description,Severity_Score,Total_Affected_Persons,Weather_Category
32272,2021-12-19 19:00:00,40.853706,-73.871864,0,0,Unspecified,4490979,7.1,-1.8,0.5,0.5,0.0,4.0,51,26.4,47.5,327,Drizzle: Light,0,0,
32273,2021-12-29 04:20:00,40.766777,-73.996765,0,1,Unspecified,4490514,7.6,4.1,8.1,8.1,0.0,8.0,61,12.2,24.1,52,Rain: Light,20,1,
32274,2022-09-23 08:06:00,40.617107,-74.02997,1,0,Driver Inattention/Distraction,4566631,16.4,10.0,0.0,0.0,0.0,0.0,0,31.1,56.9,323,Clear sky,1,1,Sunny/Clear Conditions
32275,2022-04-02 15:17:00,40.744667,-73.931694,1,0,Driver Inattention/Distraction,4515544,11.1,1.4,0.0,0.0,0.0,0.0,3,26.3,47.9,286,Overcast,1,1,
32276,2021-12-30 20:55:00,40.73556,-73.915054,1,0,Failure to Yield Right-of-Way,4490779,8.3,5.0,1.8,1.8,0.0,7.0,53,9.9,17.6,22,Drizzle: Moderate,1,1,
32277,2021-12-31 15:53:00,40.88335,-73.85616,0,0,Driver Inattention/Distraction,4491058,11.1,7.1,2.7,2.7,0.0,5.0,55,14.9,29.2,193,Drizzle: Dense,0,0,
32278,2021-12-27 16:40:00,40.587784,-74.165565,1,0,Failure to Yield Right-of-Way,4491108,2.7,-1.4,2.1,0.8,0.91,5.0,73,13.5,23.0,10,Snow fall: Moderate,1,1,Snowy Conditions
32279,2021-12-31 06:08:00,40.61135,-74.09847,1,0,Tire Failure/Inadequate,4491643,11.1,7.1,2.7,2.7,0.0,5.0,55,14.9,29.2,193,Drizzle: Dense,1,1,
32280,2021-12-31 20:10:00,40.755066,-73.84419,0,0,Driver Inattention/Distraction,4491389,11.1,7.1,2.7,2.7,0.0,5.0,55,14.9,29.2,193,Drizzle: Dense,0,0,
32281,2021-12-31 20:30:00,40.754276,-73.856415,0,0,Reaction to Uninvolved Vehicle,4491021,11.1,7.1,2.7,2.7,0.0,5.0,55,14.9,29.2,193,Drizzle: Dense,0,0,
32282,2021-12-31 00:16:00,40.644142,-73.95564,0,0,Driver Inattention/Distraction,4491318,11.1,7.1,2.7,2.7,0.0,5.0,55,14.9,29.2,193,Drizzle: Dense,0,0,
32283,2021-12-27 13:00:00,40.730377,-73.98638,0,0,Unspecified,4491459,2.7,-1.4,2.1,0.8,0.91,5.0,73,13.5,23.0,10,Snow fall: Moderate,0,0,Snowy Conditions
32284,2021-12-27 21:45:00,40.593124,-73.79148,0,0,Failure to Yield Right-of-Way,4491521,2.7,-1.4,2.1,0.8,0.91,5.0,73,13.5,23.0,10,Snow fall: Moderate,0,0,Snowy Conditions
32285,2021-12-30 10:50:00,40.595135,-73.75321,0,0,Driver Inattention/Distraction,4490626,8.3,5.0,1.8,1.8,0.0,7.0,53,9.9,17.6,22,Drizzle: Moderate,0,0,
32286,2021-12-21 09:50:00,40.880398,-73.907646,1,0,Unspecified,4490904,5.7,-2.4,0.0,0.0,0.0,0.0,3,13.6,24.5,228,Overcast,1,1,
32287,2021-12-31 17:26:00,40.8649,-73.892586,0,0,Unspecified,4491036,11.1,7.1,2.7,2.7,0.0,5.0,55,14.9,29.2,193,Drizzle: Dense,0,0,
32288,2021-12-24 21:35:00,40.596733,-74.07045,0,0,Unspecified,4491016,5.7,-1.1,1.0,0.0,0.7,5.0,73,12.4,21.6,73,Snow fall: Moderate,0,0,Snowy Conditions
32289,2021-12-27 12:00:00,40.65536,-73.89548,0,0,Driver Inattention/Distraction,4491302,2.7,-1.4,2.1,0.8,0.91,5.0,73,13.5,23.0,10,Snow fall: Moderate,0,0,Snowy Conditions
32290,2021-12-24 20:00:00,40.573524,-74.09349,0,0,Unspecified,4491540,5.7,-1.1,1.0,0.0,0.7,5.0,73,12.4,21.6,73,Snow fall: Moderate,0,0,Snowy Conditions
32291,2021-12-30 00:50:00,40.64147,-73.984695,0,0,Unspecified,4491587,8.3,5.0,1.8,1.8,0.0,7.0,53,9.9,17.6,22,Drizzle: Moderate,0,0,
32292,2021-12-29 13:30:00,40.68978,-73.965195,2,0,Driver Inattention/Distraction,4491098,7.6,4.1,8.1,8.1,0.0,8.0,61,12.2,24.1,52,Rain: Light,2,2,
32293,2021-12-29 18:35:00,40.83142,-73.92643,0,0,Passenger Distraction,4490953,7.6,4.1,8.1,8.1,0.0,8.0,61,12.2,24.1,52,Rain: Light,0,0,
32294,2021-12-27 12:49:00,40.652737,-73.8769,0,0,Passing Too Closely,4491248,2.7,-1.4,2.1,0.8,0.91,5.0,73,13.5,23.0,10,Snow fall: Moderate,0,0,Snowy Conditions
32295,2021-12-31 07:05:00,40.61156,-74.18877,0,0,Driver Inattention/Distraction,4491048,11.1,7.1,2.7,2.7,0.0,5.0,55,14.9,29.2,193,Drizzle: Dense,0,0,
32296,2021-09-07 23:40:00,40.819717,-73.94048,1,0,Backing Unsafely,4457216,25.9,15.2,0.0,0.0,0.0,0.0,1,12.5,25.6,259,Mainly clear,1,1,Sunny/Clear Conditions
32297,2021-09-22 13:00:00,40.75584,-73.83448,0,0,Reaction to Uninvolved Vehicle,4459979,25.3,19.9,5.1,5.1,0.0,15.0,61,29.3,55.1,154,Rain: Light,0,0,
32298,2021-09-28 20:00:00,40.71583,-73.81375,2,0,Driver Inattention/Distraction,4462480,22.1,16.3,12.4,12.4,0.0,9.0,63,19.2,38.5,264,Rain: Moderate,2,2,
32299,2021-10-03 01:30:00,40.7357,-73.72497,0,0,Other Vehicular,4463394,25.9,12.8,0.0,0.0,0.0,0.0,3,12.0,24.1,217,Overcast,0,0,
32300,2021-10-03 19:45:00,40.77592,-73.95317,0,0,Passing or Lane Usage Improper,4463742,25.9,12.8,0.0,0.0,0.0,0.0,3,12.0,24.1,217,Overcast,0,0,
32301,2021-10-08 14:00:00,40.829163,-73.93727,0,0,Unspecified,4466035,23.7,14.5,0.0,0.0,0.0,0.0,3,13.0,22.3,94,Overcast,0,0,
32302,2021-09-30 20:20:00,40.71791,-73.95341,1,0,Driver Inattention/Distraction,4464539,18.8,13.1,0.0,0.0,0.0,0.0,3,18.1,37.4,330,Overcast,1,1,
32303,2021-10-01 21:08:00,40.65864,-73.90304,6,0,Unspecified,4464542,19.4,9.5,0.0,0.0,0.0,0.0,0,13.8,28.1,302,Clear sky,6,6,Sunny/Clear Conditions
32304,2021-12-11 23:30:00,40.883118,-73.82518,0,0,Unspecified,4486065,17.3,5.0,8.1,8.1,0.0,5.0,63,35.0,67.0,206,Rain: Moderate,0,0,
32305,2021-12-11 13:04:00,40.82942,-73.91226,0,0,Driver Inattention/Distraction,4485630,17.3,5.0,8.1,8.1,0.0,5.0,63,35.0,67.0,206,Rain: Moderate,0,0,
32306,2021-12-11 21:25:00,40.674072,-73.863,0,0,Unspecified,4486042,17.3,5.0,8.1,8.1,0.0,5.0,63,35.0,67.0,206,Rain: Moderate,0,0,
32307,2021-12-11 21:57:00,40.643127,-73.950676,1,0,Driver Inattention/Distraction,4485679,17.3,5.0,8.1,8.1,0.0,5.0,63,35.0,67.0,206,Rain: Moderate,1,1,
32308,2021-12-11 05:00:00,40.844135,-73.93752,1,0,Unspecified,4485560,17.3,5.0,8.1,8.1,0.0,5.0,63,35.0,67.0,206,Rain: Moderate,1,1,
32309,2021-12-11 18:50:00,40.595886,-73.98315,0,0,Failure to Yield Right-of-Way,4485764,17.3,5.0,8.1,8.1,0.0,5.0,63,35.0,67.0,206,Rain: Moderate,0,0,
32310,2021-12-09 06:58:00,40.83883,-73.86003,0,0,Driver Inattention/Distraction,4486112,3.6,-2.0,0.1,0.0,0.07,1.0,71,19.2,33.8,295,Snow fall: Light,0,0,Snowy Conditions
32311,2021-12-11 17:13:00,40.739914,-73.72469,0,0,Unspecified,4485484,17.3,5.0,8.1,8.1,0.0,5.0,63,35.0,67.0,206,Rain: Moderate,0,0,
32312,2021-12-09 12:50:00,40.678444,-73.86886,0,0,Unspecified,4486016,3.6,-2.0,0.1,0.0,0.07,1.0,71,19.2,33.8,295,Snow fall: Light,0,0,Snowy Conditions
32313,2021-12-08 19:45:00,40.848938,-73.93708,0,0,Driver Inattention/Distraction,4486130,4.7,0.9,0.7,0.7,0.0,2.0,51,14.5,24.8,355,Drizzle: Light,0,0,
32314,2021-12-11 20:00:00,40.75621,-73.92896,0,0,Failure to Yield Right-of-Way,4485571,17.3,5.0,8.1,8.1,0.0,5.0,63,35.0,67.0,206,Rain: Moderate,0,0,
32315,2021-12-11 19:00:00,40.69831,-73.9498,0,0,Following Too Closely,4485666,17.3,5.0,8.1,8.1,0.0,5.0,63,35.0,67.0,206,Rain: Moderate,0,0,
32316,2021-12-10 18:17:00,40.66143,-73.91644,0,0,Unspecified,4486050,8.5,1.6,0.0,0.0,0.0,0.0,3,9.8,20.5,183,Overcast,0,0,
32317,2021-12-11 00:05:00,40.727222,-73.74681,2,0,Driver Inattention/Distraction,4485296,17.3,5.0,8.1,8.1,0.0,5.0,63,35.0,67.0,206,Rain: Moderate,2,2,
32318,2021-12-08 20:49:00,40.66902,-73.89754,0,0,Unspecified,4486090,4.7,0.9,0.7,0.7,0.0,2.0,51,14.5,24.8,355,Drizzle: Light,0,0,
32319,2021-12-11 20:40:00,40.606445,-74.00589,1,0,Failure to Yield Right-of-Way,4486163,17.3,5.0,8.1,8.1,0.0,5.0,63,35.0,67.0,206,Rain: Moderate,1,1,
32320,2021-12-11 01:05:00,40.808796,-73.94473,0,0,Alcohol Involvement,4485515,17.3,5.0,8.1,8.1,0.0,5.0,63,35.0,67.0,206,Rain: Moderate,0,0,
32321,2021-12-08 08:30:00,40.67793,-73.87189,0,0,Unspecified,4485999,4.7,0.9,0.7,0.7,0.0,2.0,51,14.5,24.8,355,Drizzle: Light,0,0,
32322,2021-12-07 17:30:00,40.608562,-73.99414,1,0,Unspecified,4486156,8.6,0.8,0.1,0.1,0.0,1.0,51,27.2,49.3,283,Drizzle: Light,1,1,
32323,2021-12-11 01:38:00,40.878654,-73.824066,0,0,Alcohol Involvement,4485315,17.3,5.0,8.1,8.1,0.0,5.0,63,35.0,67.0,206,Rain: Moderate,0,0,
32324,2021-12-10 22:00:00,40.60567,-74.00005,2,0,Alcohol Involvement,4486057,8.5,1.6,0.0,0.0,0.0,0.0,3,9.8,20.5,183,Overcast,2,2,
32325,2021-12-11 03:18:00,40.830986,-73.91139,1,0,Unsafe Speed,4485482,17.3,5.0,8.1,8.1,0.0,5.0,63,35.0,67.0,206,Rain: Moderate,1,1,
32326,2021-10-08 19:17:00,40.658028,-73.94744,2,0,Driver Inattention/Distraction,4465492,23.7,14.5,0.0,0.0,0.0,0.0,3,13.0,22.3,94,Overcast,2,2,
32327,2021-09-30 00:00:00,40.707714,-73.802795,1,0,Other Vehicular,4465962,18.8,13.1,0.0,0.0,0.0,0.0,3,18.1,37.4,330,Overcast,1,1,
32328,2021-10-06 17:50:00,40.60164,-73.820274,1,0,Unspecified,4464795,20.3,16.0,0.1,0.1,0.0,1.0,51,6.5,14.0,28,Drizzle: Light,1,1,
32329,2021-10-05 04:50:00,40.698677,-73.95886,0,0,Passing Too Closely,4465777,19.9,15.0,0.0,0.0,0.0,0.0,3,14.5,28.1,46,Overcast,0,0,
32330,2021-10-08 12:00:00,40.71476,-73.82104,1,0,Driver Inattention/Distraction,4465471,23.7,14.5,0.0,0.0,0.0,0.0,3,13.0,22.3,94,Overcast,1,1,
32331,2021-10-07 23:10:00,40.66969,-73.995834,0,0,Passing or Lane Usage Improper,4465199,22.4,15.7,0.4,0.4,0.0,4.0,51,10.5,20.5,231,Drizzle: Light,0,0,
32332,2021-10-06 20:00:00,40.718834,-74.00878,0,0,Unspecified,4464920,20.3,16.0,0.1,0.1,0.0,1.0,51,6.5,14.0,28,Drizzle: Light,0,0,
32333,2021-09-30 09:41:00,40.76758,-73.93596,0,0,Unspecified,4465694,18.8,13.1,0.0,0.0,0.0,0.0,3,18.1,37.4,330,Overcast,0,0,
32334,2021-10-07 02:45:00,40.754776,-73.85376,0,0,Fell Asleep,4464859,22.4,15.7,0.4,0.4,0.0,4.0,51,10.5,20.5,231,Drizzle: Light,0,0,
32335,2021-10-08 14:01:00,40.74788,-73.85731,1,0,Driver Inattention/Distraction,4465313,23.7,14.5,0.0,0.0,0.0,0.0,3,13.0,22.3,94,Overcast,1,1,
32336,2021-10-07 10:09:00,40.699165,-73.914925,0,0,Passing or Lane Usage Improper,4465181,22.4,15.7,0.4,0.4,0.0,4.0,51,10.5,20.5,231,Drizzle: Light,0,0,
32337,2021-10-03 01:00:00,40.87535,-73.85721,0,0,Passing or Lane Usage Improper,4465832,25.9,12.8,0.0,0.0,0.0,0.0,3,12.0,24.1,217,Overcast,0,0,
32338,2021-10-03 18:00:00,40.761566,-73.96364,0,0,Unspecified,4466005,25.9,12.8,0.0,0.0,0.0,0.0,3,12.0,24.1,217,Overcast,0,0,
32339,2021-10-08 01:50:00,40.831966,-73.8967,0,0,Alcohol Involvement,4465167,23.7,14.5,0.0,0.0,0.0,0.0,3,13.0,22.3,94,Overcast,0,0,
32340,2021-10-06 12:45:00,40.70663,-73.806595,0,0,Unspecified,4465470,20.3,16.0,0.1,0.1,0.0,1.0,51,6.5,14.0,28,Drizzle: Light,0,0,
32341,2021-10-06 00:50:00,40.78291,-73.98578,0,0,Unsafe Speed,4465078,20.3,16.0,0.1,0.1,0.0,1.0,51,6.5,14.0,28,Drizzle: Light,0,0,
32342,2021-10-08 23:35:00,40.693817,-73.80296,0,0,Driver Inexperience,4465963,23.7,14.5,0.0,0.0,0.0,0.0,3,13.0,22.3,94,Overcast,0,0,
32343,2021-10-06 14:50:00,40.721806,-73.884384,0,0,Backing Unsafely,4465352,20.3,16.0,0.1,0.1,0.0,1.0,51,6.5,14.0,28,Drizzle: Light,0,0,
32344,2021-10-07 21:10:00,40.815643,-73.896904,1,0,Unspecified,4465302,22.4,15.7,0.4,0.4,0.0,4.0,51,10.5,20.5,231,Drizzle: Light,1,1,
32345,2021-10-07 08:20:00,40.664333,-73.89684,0,0,Reaction to Uninvolved Vehicle,4465059,22.4,15.7,0.4,0.4,0.0,4.0,51,10.5,20.5,231,Drizzle: Light,0,0,
32346,2021-10-03 20:00:00,40.701267,-73.98772,0,0,Following Too Closely,4463597,25.9,12.8,0.0,0.0,0.0,0.0,3,12.0,24.1,217,Overcast,0,0,
32347,2021-10-08 11:33:00,40.776016,-73.98724,1,0,View Obstructed/Limited,4465723,23.7,14.5,0.0,0.0,0.0,0.0,3,13.0,22.3,94,Overcast,1,1,
32348,2021-10-07 19:00:00,40.696373,-73.979034,0,0,Driver Inattention/Distraction,4465389,22.4,15.7,0.4,0.4,0.0,4.0,51,10.5,20.5,231,Drizzle: Light,0,0,
32349,2021-10-08 16:55:00,40.765423,-73.89001,3,0,Driver Inexperience,4465527,23.7,14.5,0.0,0.0,0.0,0.0,3,13.0,22.3,94,Overcast,3,3,
32350,2021-10-07 00:00:00,40.75898,-73.96244,1,0,Driver Inattention/Distraction,4464837,22.4,15.7,0.4,0.4,0.0,4.0,51,10.5,20.5,231,Drizzle: Light,1,1,
32351,2021-10-08 11:00:00,40.806614,-73.90769,1,0,Unsafe Lane Changing,4465315,23.7,14.5,0.0,0.0,0.0,0.0,3,13.0,22.3,94,Overcast,1,1,
32352,2021-10-07 11:05:00,40.668007,-73.980644,0,0,Backing Unsafely,4465186,22.4,15.7,0.4,0.4,0.0,4.0,51,10.5,20.5,231,Drizzle: Light,0,0,
32353,2021-10-06 15:10:00,40.758377,-73.994385,1,0,Traffic Control Disregarded,4464968,20.3,16.0,0.1,0.1,0.0,1.0,51,6.5,14.0,28,Drizzle: Light,1,1,
32354,2021-10-08 16:10:00,40.667587,-73.77972,0,0,Passing or Lane Usage Improper,4465357,23.7,14.5,0.0,0.0,0.0,0.0,3,13.0,22.3,94,Overcast,0,0,
32355,2021-10-08 22:11:00,40.69078,-73.72728,0,0,Following Too Closely,4465416,23.7,14.5,0.0,0.0,0.0,0.0,3,13.0,22.3,94,Overcast,0,0,
32356,2021-10-07 11:00:00,40.75203,-73.92915,1,0,Failure to Yield Right-of-Way,4465697,22.4,15.7,0.4,0.4,0.0,4.0,51,10.5,20.5,231,Drizzle: Light,1,1,
32357,2021-10-06 17:56:00,40.85586,-73.86476,0,0,Other Vehicular,4464881,20.3,16.0,0.1,0.1,0.0,1.0,51,6.5,14.0,28,Drizzle: Light,0,0,
32358,2021-10-06 21:35:00,40.817978,-73.91892,0,0,Other Vehicular,4465554,20.3,16.0,0.1,0.1,0.0,1.0,51,6.5,14.0,28,Drizzle: Light,0,0,
32359,2021-10-08 16:40:00,40.63233,-73.98916,0,0,Unspecified,4465649,23.7,14.5,0.0,0.0,0.0,0.0,3,13.0,22.3,94,Overcast,0,0,
32360,2021-10-06 16:42:00,40.887737,-73.86755,0,0,Unsafe Speed,4465036,20.3,16.0,0.1,0.1,0.0,1.0,51,6.5,14.0,28,Drizzle: Light,0,0,
32361,2021-10-07 10:30:00,40.67447,-74.001976,0,0,Turning Improperly,4465107,22.4,15.7,0.4,0.4,0.0,4.0,51,10.5,20.5,231,Drizzle: Light,0,0,
32362,2021-10-07 15:15:00,40.686756,-73.9938,0,0,Unspecified,4465141,22.4,15.7,0.4,0.4,0.0,4.0,51,10.5,20.5,231,Drizzle: Light,0,0,
32363,2021-10-07 16:25:00,40.579826,-73.97622,0,0,Failure to Yield Right-of-Way,4465661,22.4,15.7,0.4,0.4,0.0,4.0,51,10.5,20.5,231,Drizzle: Light,0,0,
32364,2021-10-06 00:00:00,40.804695,-73.92239,0,0,Unspecified,4464594,20.3,16.0,0.1,0.1,0.0,1.0,51,6.5,14.0,28,Drizzle: Light,0,0,
32365,2021-10-06 18:36:00,40.753,-73.969894,0,0,Unspecified,4465916,20.3,16.0,0.1,0.1,0.0,1.0,51,6.5,14.0,28,Drizzle: Light,0,0,
32366,2021-10-08 00:30:00,40.694405,-73.97621,0,0,Unspecified,4465283,23.7,14.5,0.0,0.0,0.0,0.0,3,13.0,22.3,94,Overcast,0,0,
32367,2021-10-06 18:00:00,40.602295,-73.75863,2,0,Alcohol Involvement,4464893,20.3,16.0,0.1,0.1,0.0,1.0,51,6.5,14.0,28,Drizzle: Light,2,2,
32368,2021-10-06 20:04:00,40.73632,-73.85631,3,0,Following Too Closely,4465075,20.3,16.0,0.1,0.1,0.0,1.0,51,6.5,14.0,28,Drizzle: Light,3,3,
32369,2021-10-07 16:41:00,40.895195,-73.859795,0,0,Driver Inattention/Distraction,4465213,22.4,15.7,0.4,0.4,0.0,4.0,51,10.5,20.5,231,Drizzle: Light,0,0,
32370,2021-10-07 15:10:00,40.71717,-73.834946,1,0,Pedestrian/Bicyclist/Other Pedestrian Error/Confusion,4465935,22.4,15.7,0.4,0.4,0.0,4.0,51,10.5,20.5,231,Drizzle: Light,1,1,
32371,2021-10-06 08:00:00,40.689945,-73.80508,4,0,Turning Improperly,4465274,20.3,16.0,0.1,0.1,0.0,1.0,51,6.5,14.0,28,Drizzle: Light,4,4,
32372,2021-10-03 17:42:00,40.749607,-73.966835,1,0,Driver Inattention/Distraction,4465509,25.9,12.8,0.0,0.0,0.0,0.0,3,12.0,24.1,217,Overcast,1,1,
32373,2021-10-05 20:00:00,40.824474,-73.926735,0,0,Unspecified,4465345,19.9,15.0,0.0,0.0,0.0,0.0,3,14.5,28.1,46,Overcast,0,0,
32374,2021-10-07 18:40:00,40.7501,-73.974945,1,0,Driver Inattention/Distraction,4465453,22.4,15.7,0.4,0.4,0.0,4.0,51,10.5,20.5,231,Drizzle: Light,1,1,
32375,2021-10-04 08:45:00,40.661446,-73.92829,0,0,Unspecified,4465539,20.6,16.4,21.8,21.8,0.0,17.0,63,20.8,42.8,61,Rain: Moderate,0,0,
32376,2021-10-07 15:35:00,40.792362,-73.96418,0,0,Passing Too Closely,4465013,22.4,15.7,0.4,0.4,0.0,4.0,51,10.5,20.5,231,Drizzle: Light,0,0,
32377,2021-10-07 16:15:00,40.67443,-73.96694,1,0,Driver Inattention/Distraction,4465880,22.4,15.7,0.4,0.4,0.0,4.0,51,10.5,20.5,231,Drizzle: Light,1,1,
32378,2021-10-06 07:20:00,40.832848,-73.84236,0,0,Unspecified,4464639,20.3,16.0,0.1,0.1,0.0,1.0,51,6.5,14.0,28,Drizzle: Light,0,0,
32379,2021-10-08 08:00:00,40.605427,-74.0762,0,0,Unsafe Lane Changing,4465219,23.7,14.5,0.0,0.0,0.0,0.0,3,13.0,22.3,94,Overcast,0,0,
32380,2021-09-01 08:25:00,40.89416,-73.851776,0,0,Unspecified,4465218,23.2,18.4,121.7,121.7,0.0,18.0,65,43.2,78.5,42,Rain: Heavy,0,0,
32381,2021-10-06 15:28:00,40.75763,-73.782,0,0,Backing Unsafely,4464773,20.3,16.0,0.1,0.1,0.0,1.0,51,6.5,14.0,28,Drizzle: Light,0,0,
32382,2021-10-08 16:13:00,40.742836,-73.91592,0,0,Driver Inattention/Distraction,4465367,23.7,14.5,0.0,0.0,0.0,0.0,3,13.0,22.3,94,Overcast,0,0,
32383,2021-10-08 17:00:00,40.78318,-73.94362,1,0,Driver Inattention/Distraction,4465384,23.7,14.5,0.0,0.0,0.0,0.0,3,13.0,22.3,94,Overcast,1,1,
32384,2021-10-07 02:17:00,40.811512,-73.89053,2,0,Unspecified,4464926,22.4,15.7,0.4,0.4,0.0,4.0,51,10.5,20.5,231,Drizzle: Light,2,2,
32385,2021-10-01 17:45:00,40.681767,-73.96754,0,0,Unspecified,4465760,19.4,9.5,0.0,0.0,0.0,0.0,0,13.8,28.1,302,Clear sky,0,0,Sunny/Clear Conditions
32386,2021-10-08 13:50:00,40.724274,-73.99082,0,0,Driver Inattention/Distraction,4465621,23.7,14.5,0.0,0.0,0.0,0.0,3,13.0,22.3,94,Overcast,0,0,
32387,2021-10-07 19:20:00,40.817795,-73.89319,1,0,Failure to Yield Right-of-Way,4465306,22.4,15.7,0.4,0.4,0.0,4.0,51,10.5,20.5,231,Drizzle: Light,1,1,
32388,2021-10-08 09:30:00,40.674717,-74.01332,1,0,View Obstructed/Limited,4465589,23.7,14.5,0.0,0.0,0.0,0.0,3,13.0,22.3,94,Overcast,1,1,
32389,2021-10-08 18:17:00,40.734432,-73.989914,1,0,Driver Inattention/Distraction,4465673,23.7,14.5,0.0,0.0,0.0,0.0,3,13.0,22.3,94,Overcast,1,1,
32390,2021-10-08 16:17:00,40.782055,-73.95373,1,0,Unsafe Lane Changing,4466009,23.7,14.5,0.0,0.0,0.0,0.0,3,13.0,22.3,94,Overcast,1,1,
32391,2021-10-07 09:01:00,40.831123,-73.89148,1,0,Unspecified,4465174,22.4,15.7,0.4,0.4,0.0,4.0,51,10.5,20.5,231,Drizzle: Light,1,1,
32392,2021-10-08 08:52:00,40.718895,-73.97724,0,0,Unspecified,4465372,23.7,14.5,0.0,0.0,0.0,0.0,3,13.0,22.3,94,Overcast,0,0,
32393,2021-10-02 18:55:00,40.65686,-73.92703,1,0,Unspecified,4465532,23.7,10.8,0.0,0.0,0.0,0.0,3,17.0,34.2,254,Overcast,1,1,
32394,2021-09-29 16:27:00,40.67725,-73.92754,1,0,Traffic Control Disregarded,4465805,19.9,11.3,0.0,0.0,0.0,0.0,3,20.6,41.8,331,Overcast,1,1,
32395,2021-10-07 08:40:00,40.665997,-73.81648,0,0,Passing or Lane Usage Improper,4464972,22.4,15.7,0.4,0.4,0.0,4.0,51,10.5,20.5,231,Drizzle: Light,0,0,
32396,2021-10-07 08:46:00,40.884346,-73.88706,2,0,Traffic Control Disregarded,4465238,22.4,15.7,0.4,0.4,0.0,4.0,51,10.5,20.5,231,Drizzle: Light,2,2,
32397,2021-10-05 15:50:00,40.7133,-73.76456,0,0,Backing Unsafely,4465976,19.9,15.0,0.0,0.0,0.0,0.0,3,14.5,28.1,46,Overcast,0,0,
32398,2021-10-07 08:29:00,40.66552,-73.74467,1,0,Other Vehicular,4464984,22.4,15.7,0.4,0.4,0.0,4.0,51,10.5,20.5,231,Drizzle: Light,1,1,
32399,2021-10-06 06:15:00,40.76663,-73.88903,1,0,Reaction to Uninvolved Vehicle,4464752,20.3,16.0,0.1,0.1,0.0,1.0,51,6.5,14.0,28,Drizzle: Light,1,1,
32400,2021-10-08 18:00:00,40.615852,-74.00318,0,0,Unspecified,4465608,23.7,14.5,0.0,0.0,0.0,0.0,3,13.0,22.3,94,Overcast,0,0,
32401,2021-10-06 18:15:00,40.807907,-73.94584,0,0,Other Vehicular,4465825,20.3,16.0,0.1,0.1,0.0,1.0,51,6.5,14.0,28,Drizzle: Light,0,0,
32402,2021-10-05 10:00:00,40.735413,-73.91835,0,0,Turning Improperly,4465251,19.9,15.0,0.0,0.0,0.0,0.0,3,14.5,28.1,46,Overcast,0,0,
32403,2021-12-23 19:00:00,40.679535,-73.900475,0,0,Following Too Closely,4491270,2.1,-2.3,0.0,0.0,0.0,0.0,3,20.1,35.6,299,Overcast,0,0,
32404,2021-10-08 21:27:00,40.69993,-73.96188,1,0,Driver Inattention/Distraction,4465948,23.7,14.5,0.0,0.0,0.0,0.0,3,13.0,22.3,94,Overcast,1,1,
32405,2021-10-07 14:52:00,40.667236,-73.93525,0,0,Driver Inattention/Distraction,4465119,22.4,15.7,0.4,0.4,0.0,4.0,51,10.5,20.5,231,Drizzle: Light,0,0,
32406,2021-10-07 22:40:00,40.710243,-73.9584,2,0,Passing or Lane Usage Improper,4465133,22.4,15.7,0.4,0.4,0.0,4.0,51,10.5,20.5,231,Drizzle: Light,2,2,
32407,2021-10-07 08:00:00,40.780296,-73.825325,0,0,Reaction to Uninvolved Vehicle,4465154,22.4,15.7,0.4,0.4,0.0,4.0,51,10.5,20.5,231,Drizzle: Light,0,0,
32408,2021-10-06 18:30:00,40.864532,-73.89091,0,0,Unspecified,4465270,20.3,16.0,0.1,0.1,0.0,1.0,51,6.5,14.0,28,Drizzle: Light,0,0,
32409,2021-10-06 11:23:00,40.604427,-73.96067,0,0,Unspecified,4464743,20.3,16.0,0.1,0.1,0.0,1.0,51,6.5,14.0,28,Drizzle: Light,0,0,
32410,2021-10-06 12:30:00,40.688656,-73.79562,2,0,Turning Improperly,4464716,20.3,16.0,0.1,0.1,0.0,1.0,51,6.5,14.0,28,Drizzle: Light,2,2,
32411,2021-10-08 07:28:00,40.708324,-73.84314,0,0,Following Too Closely,4465504,23.7,14.5,0.0,0.0,0.0,0.0,3,13.0,22.3,94,Overcast,0,0,
32412,2021-12-26 17:53:00,40.67069,-73.91703,0,0,Unspecified,4491178,8.9,3.4,0.0,0.0,0.0,0.0,3,21.9,38.9,316,Overcast,0,0,
32413,2021-10-06 16:18:00,40.830208,-73.90324,1,0,Unsafe Speed,4464769,20.3,16.0,0.1,0.1,0.0,1.0,51,6.5,14.0,28,Drizzle: Light,1,1,
32414,2021-10-08 14:00:00,40.62137,-73.951675,1,0,Unspecified,4465640,23.7,14.5,0.0,0.0,0.0,0.0,3,13.0,22.3,94,Overcast,1,1,
32415,2021-10-06 09:20:00,40.785294,-73.969345,0,0,Turning Improperly,4464685,20.3,16.0,0.1,0.1,0.0,1.0,51,6.5,14.0,28,Drizzle: Light,0,0,
32416,2021-10-08 16:55:00,40.61917,-74.02821,0,0,Passing or Lane Usage Improper,4465404,23.7,14.5,0.0,0.0,0.0,0.0,3,13.0,22.3,94,Overcast,0,0,
32417,2021-10-07 07:03:00,40.666492,-73.76536,0,0,Unspecified,4464983,22.4,15.7,0.4,0.4,0.0,4.0,51,10.5,20.5,231,Drizzle: Light,0,0,