,CRASH DATETIME,LATITUDE,LONGITUDE,NUMBER OF PERSONS INJURED,NUMBER OF PERSONS KILLED,CONTRIBUTING FACTOR VEHICLE 1,COLLISION_ID,temperature_2m_max,temperature_2m_min,precipitation_sum,rain_sum,snowfall_sum,precipitation_hours,weather_code,wind_speed_10m_max,wind_gusts_10m_max,wind_direction_10m_dominant,Weather Description,Severity_Score,Total_Affected_Persons,Weather_Category
32418,2021-10-07 23:00:00,40.636074,-73.951096,0,0,Aggressive Driving/Road Rage,4465628,22.4,15.7,0.4,0.4,0.0,4.0,51,10.5,20.5,231,Drizzle: Light,0,0,
32419,2021-10-07 19:22:00,40.640915,-73.97365,0,0,Unspecified,4465739,22.4,15.7,0.4,0.4,0.0,4.0,51,10.5,20.5,231,Drizzle: Light,0,0,
32420,2021-10-08 00:15:00,40.80275,-73.93358,1,0,Driver Inattention/Distraction,4465206,23.7,14.5,0.0,0.0,0.0,0.0,3,13.0,22.3,94,Overcast,1,1,
32421,2021-10-07 19:30:00,40.709415,-73.76293,0,0,Driver Inattention/Distraction,4465338,22.4,15.7,0.4,0.4,0.0,4.0,51,10.5,20.5,231,Drizzle: Light,0,0,
32422,2021-10-07 00:50:00,40.666405,-73.802635,0,0,Following Too Closely,4464874,22.4,15.7,0.4,0.4,0.0,4.0,51,10.5,20.5,231,Drizzle: Light,0,0,
32423,2021-10-08 15:38:00,40.65616,-73.76736,2,0,Failure to Yield Right-of-Way,4465421,23.7,14.5,0.0,0.0,0.0,0.0,3,13.0,22.3,94,Overcast,2,2,
32424,2021-12-31 17:31:00,40.642056,-73.88859,0,0,Steering Failure,4491329,11.1,7.1,2.7,2.7,0.0,5.0,55,14.9,29.2,193,Drizzle: Dense,0,0,
32425,2021-10-03 13:40:00,40.597923,-73.9872,0,0,Driver Inattention/Distraction,4465598,25.9,12.8,0.0,0.0,0.0,0.0,3,12.0,24.1,217,Overcast,0,0,
32426,2021-10-07 16:11:00,40.82054,-73.930786,0,0,Passing Too Closely,4465680,22.4,15.7,0.4,0.4,0.0,4.0,51,10.5,20.5,231,Drizzle: Light,0,0,
32427,2021-10-06 10:00:00,40.69783,-73.93677,0,0,Unspecified,4464902,20.3,16.0,0.1,0.1,0.0,1.0,51,6.5,14.0,28,Drizzle: Light,0,0,
32428,2021-10-07 16:00:00,40.674423,-73.97234,0,0,Driver Inattention/Distraction,4465191,22.4,15.7,0.4,0.4,0.0,4.0,51,10.5,20.5,231,Drizzle: Light,0,0,
32429,2021-10-07 09:55:00,40.803555,-73.969124,0,0,Unspecified,4465004,22.4,15.7,0.4,0.4,0.0,4.0,51,10.5,20.5,231,Drizzle: Light,0,0,
32430,2021-10-08 15:00:00,40.73733,-73.810455,0,0,Passing Too Closely,4465376,23.7,14.5,0.0,0.0,0.0,0.0,3,13.0,22.3,94,Overcast,0,0,
32431,2021-10-04 13:45:00,40.824562,-73.948105,0,0,Passing or Lane Usage Improper,4465294,20.6,16.4,21.8,21.8,0.0,17.0,63,20.8,42.8,61,Rain: Moderate,0,0,
32432,2021-10-07 06:25:00,40.80515,-73.91105,0,0,Failure to Yield Right-of-Way,4464945,22.4,15.7,0.4,0.4,0.0,4.0,51,10.5,20.5,231,Drizzle: Light,0,0,
32433,2021-10-08 22:30:00,40.694805,-73.8982,1,0,Traffic Control Disregarded,4465788,23.7,14.5,0.0,0.0,0.0,0.0,3,13.0,22.3,94,Overcast,1,1,
32434,2021-10-06 17:39:00,40.79383,-73.93702,1,0,Failure to Yield Right-of-Way,4465994,20.3,16.0,0.1,0.1,0.0,1.0,51,6.5,14.0,28,Drizzle: Light,1,1,
32435,2021-10-08 19:03:00,40.743263,-73.91964,0,0,Driver Inattention/Distraction,4465393,23.7,14.5,0.0,0.0,0.0,0.0,3,13.0,22.3,94,Overcast,0,0,
32436,2021-10-08 15:45:00,40.70278,-73.946915,1,0,Driver Inattention/Distraction,4465483,23.7,14.5,0.0,0.0,0.0,0.0,3,13.0,22.3,94,Overcast,1,1,
32437,2021-10-08 18:52:00,40.6358,-73.903595,1,0,Failure to Yield Right-of-Way,4465848,23.7,14.5,0.0,0.0,0.0,0.0,3,13.0,22.3,94,Overcast,1,1,
32438,2021-10-07 08:20:00,40.6082,-73.920715,0,0,Driver Inattention/Distraction,4464993,22.4,15.7,0.4,0.4,0.0,4.0,51,10.5,20.5,231,Drizzle: Light,0,0,
32439,2021-12-31 21:50:00,40.695156,-73.761765,1,0,Unsafe Speed,4491087,11.1,7.1,2.7,2.7,0.0,5.0,55,14.9,29.2,193,Drizzle: Dense,1,1,
32440,2021-10-01 17:00:00,40.70251,-73.80825,1,0,Failure to Yield Right-of-Way,4465255,19.4,9.5,0.0,0.0,0.0,0.0,0,13.8,28.1,302,Clear sky,1,1,Sunny/Clear Conditions
32441,2021-10-08 20:00:00,40.71967,-73.93967,0,0,Unspecified,4465905,23.7,14.5,0.0,0.0,0.0,0.0,3,13.0,22.3,94,Overcast,0,0,
32442,2021-10-06 13:00:00,40.720654,-73.99256,1,0,Following Too Closely,4464756,20.3,16.0,0.1,0.1,0.0,1.0,51,6.5,14.0,28,Drizzle: Light,1,1,
32443,2021-10-08 02:00:00,40.67476,-73.79884,0,0,Passing Too Closely,4465445,23.7,14.5,0.0,0.0,0.0,0.0,3,13.0,22.3,94,Overcast,0,0,
32444,2021-10-07 16:00:00,40.67619,-73.9081,1,0,Reaction to Uninvolved Vehicle,4465115,22.4,15.7,0.4,0.4,0.0,4.0,51,10.5,20.5,231,Drizzle: Light,1,1,
32445,2021-10-07 08:27:00,40.712307,-73.99437,1,0,Driver Inattention/Distraction,4465714,22.4,15.7,0.4,0.4,0.0,4.0,51,10.5,20.5,231,Drizzle: Light,1,1,
32446,2021-10-05 19:58:00,40.66796,-73.77155,1,0,Unsafe Speed,4465939,19.9,15.0,0.0,0.0,0.0,0.0,3,14.5,28.1,46,Overcast,1,1,
32447,2021-10-08 02:30:00,40.742615,-73.88503,0,0,Unspecified,4465250,23.7,14.5,0.0,0.0,0.0,0.0,3,13.0,22.3,94,Overcast,0,0,
32448,2021-10-08 00:00:00,40.77058,-73.84303,0,0,Unspecified,4465159,23.7,14.5,0.0,0.0,0.0,0.0,3,13.0,22.3,94,Overcast,0,0,
32449,2021-10-06 12:54:00,40.84631,-73.91947,0,0,Oversized Vehicle,4464938,20.3,16.0,0.1,0.1,0.0,1.0,51,6.5,14.0,28,Drizzle: Light,0,0,
32450,2021-10-07 15:15:00,40.677834,-73.88509,0,0,Unspecified,4465051,22.4,15.7,0.4,0.4,0.0,4.0,51,10.5,20.5,231,Drizzle: Light,0,0,
32451,2021-10-07 10:40:00,40.665375,-73.95052,0,0,Turning Improperly,4465120,22.4,15.7,0.4,0.4,0.0,4.0,51,10.5,20.5,231,Drizzle: Light,0,0,
32452,2021-10-04 11:20:00,40.709023,-73.798195,0,0,Cell Phone (hands-free),4465282,20.6,16.4,21.8,21.8,0.0,17.0,63,20.8,42.8,61,Rain: Moderate,0,0,
32453,2021-06-08 13:17:00,0.0,0.0,0,0,Unspecified,4425820,30.1,22.0,5.9,5.9,0.0,9.0,61,16.6,34.6,215,Rain: Light,0,0,
32454,2021-10-06 18:42:00,40.71659,-73.86184,0,0,Unsafe Lane Changing,4464776,20.3,16.0,0.1,0.1,0.0,1.0,51,6.5,14.0,28,Drizzle: Light,0,0,
32455,2021-10-07 09:50:00,40.780437,-73.94989,1,0,Driver Inattention/Distraction,4465149,22.4,15.7,0.4,0.4,0.0,4.0,51,10.5,20.5,231,Drizzle: Light,1,1,
32456,2021-10-06 20:55:00,40.834114,-73.86327,0,0,Unspecified,4464819,20.3,16.0,0.1,0.1,0.0,1.0,51,6.5,14.0,28,Drizzle: Light,0,0,
32457,2021-10-06 20:56:00,40.882835,-73.888016,0,0,Unspecified,4465090,20.3,16.0,0.1,0.1,0.0,1.0,51,6.5,14.0,28,Drizzle: Light,0,0,
32458,2021-10-06 07:45:00,40.75484,-73.98412,2,0,Driver Inattention/Distraction,4464721,20.3,16.0,0.1,0.1,0.0,1.0,51,6.5,14.0,28,Drizzle: Light,2,2,
32459,2021-10-07 13:30:00,40.67909,-73.90829,5,0,Failure to Yield Right-of-Way,4465035,22.4,15.7,0.4,0.4,0.0,4.0,51,10.5,20.5,231,Drizzle: Light,5,5,
32460,2021-10-08 07:41:00,40.71307,-73.75362,0,0,Unspecified,4465309,23.7,14.5,0.0,0.0,0.0,0.0,3,13.0,22.3,94,Overcast,0,0,
32461,2021-10-08 22:21:00,40.680405,-73.88764,1,0,Other Vehicular,4466051,23.7,14.5,0.0,0.0,0.0,0.0,3,13.0,22.3,94,Overcast,1,1,
32462,2021-12-31 11:00:00,40.68005,-73.99598,0,0,Unspecified,4491526,11.1,7.1,2.7,2.7,0.0,5.0,55,14.9,29.2,193,Drizzle: Dense,0,0,
32463,2021-10-07 09:05:00,40.73715,-73.930824,1,0,Following Too Closely,4464961,22.4,15.7,0.4,0.4,0.0,4.0,51,10.5,20.5,231,Drizzle: Light,1,1,
32464,2021-12-30 05:20:00,40.64077,-73.90913,1,0,View Obstructed/Limited,4490699,8.3,5.0,1.8,1.8,0.0,7.0,53,9.9,17.6,22,Drizzle: Moderate,1,1,
32465,2021-10-07 13:30:00,40.739082,-73.88954,1,0,Unspecified,4465749,22.4,15.7,0.4,0.4,0.0,4.0,51,10.5,20.5,231,Drizzle: Light,1,1,
32466,2021-10-07 09:53:00,40.756096,-73.74655,1,0,Following Too Closely,4464977,22.4,15.7,0.4,0.4,0.0,4.0,51,10.5,20.5,231,Drizzle: Light,1,1,
32467,2021-10-08 19:27:00,40.64165,-73.90378,1,0,Driver Inattention/Distraction,4465427,23.7,14.5,0.0,0.0,0.0,0.0,3,13.0,22.3,94,Overcast,1,1,
32468,2021-10-08 10:05:00,40.64002,-74.13042,0,0,Driver Inattention/Distraction,4465277,23.7,14.5,0.0,0.0,0.0,0.0,3,13.0,22.3,94,Overcast,0,0,
32469,2021-10-07 10:22:00,40.76471,-73.830696,0,0,Backing Unsafely,4465155,22.4,15.7,0.4,0.4,0.0,4.0,51,10.5,20.5,231,Drizzle: Light,0,0,
32470,2021-09-24 13:46:00,40.835518,-73.86112,1,0,Unspecified,4465210,22.4,15.6,26.0,26.0,0.0,9.0,63,14.2,29.9,274,Rain: Moderate,1,1,
32471,2021-10-08 16:00:00,40.769096,-73.833664,0,0,Passing or Lane Usage Improper,4465463,23.7,14.5,0.0,0.0,0.0,0.0,3,13.0,22.3,94,Overcast,0,0,
32472,2021-10-07 11:50:00,40.893295,-73.857,0,0,Driver Inattention/Distraction,4465024,22.4,15.7,0.4,0.4,0.0,4.0,51,10.5,20.5,231,Drizzle: Light,0,0,
32473,2021-10-06 19:50:00,40.659286,-73.92925,0,0,Unspecified,4465082,20.3,16.0,0.1,0.1,0.0,1.0,51,6.5,14.0,28,Drizzle: Light,0,0,
32474,2021-10-07 15:20:00,40.82196,-73.9085,0,0,Steering Failure,4465319,22.4,15.7,0.4,0.4,0.0,4.0,51,10.5,20.5,231,Drizzle: Light,0,0,
32475,2021-10-08 13:51:00,40.895927,-73.87392,2,0,Following Too Closely,4465813,23.7,14.5,0.0,0.0,0.0,0.0,3,13.0,22.3,94,Overcast,2,2,
32476,2021-10-06 19:11:00,40.673943,-73.86393,1,0,Failure to Yield Right-of-Way,4465063,20.3,16.0,0.1,0.1,0.0,1.0,51,6.5,14.0,28,Drizzle: Light,1,1,
32477,2021-10-06 13:15:00,40.765995,-73.90751,0,0,Driver Inattention/Distraction,4464895,20.3,16.0,0.1,0.1,0.0,1.0,51,6.5,14.0,28,Drizzle: Light,0,0,
32478,2021-10-06 20:34:00,40.84366,-73.92005,2,0,Backing Unsafely,4465348,20.3,16.0,0.1,0.1,0.0,1.0,51,6.5,14.0,28,Drizzle: Light,2,2,
32479,2021-10-07 13:00:00,40.684082,-73.90864,0,0,Driver Inattention/Distraction,4465182,22.4,15.7,0.4,0.4,0.0,4.0,51,10.5,20.5,231,Drizzle: Light,0,0,
32480,2021-10-06 12:47:00,40.685463,-73.9506,0,0,Turning Improperly,4465772,20.3,16.0,0.1,0.1,0.0,1.0,51,6.5,14.0,28,Drizzle: Light,0,0,
32481,2021-10-06 23:00:00,40.79275,-73.97132,0,0,Passing or Lane Usage Improper,4464831,20.3,16.0,0.1,0.1,0.0,1.0,51,6.5,14.0,28,Drizzle: Light,0,0,
32482,2021-10-07 14:50:00,40.691353,-73.92142,0,0,Reaction to Uninvolved Vehicle,4465187,22.4,15.7,0.4,0.4,0.0,4.0,51,10.5,20.5,231,Drizzle: Light,0,0,
32483,2021-10-03 07:10:00,40.668507,-73.92561,0,0,Driver Inattention/Distraction,4465795,25.9,12.8,0.0,0.0,0.0,0.0,3,12.0,24.1,217,Overcast,0,0,
32484,2021-10-08 07:15:00,40.806557,-73.92685,1,0,Unspecified,4465314,23.7,14.5,0.0,0.0,0.0,0.0,3,13.0,22.3,94,Overcast,1,1,
32485,2021-10-07 09:00:00,40.691822,-73.92223,0,0,Passing Too Closely,4465441,22.4,15.7,0.4,0.4,0.0,4.0,51,10.5,20.5,231,Drizzle: Light,0,0,
32486,2021-10-08 19:20:00,40.758053,-73.91864,0,0,Unspecified,4465703,23.7,14.5,0.0,0.0,0.0,0.0,3,13.0,22.3,94,Overcast,0,0,
32487,2021-10-07 07:58:00,40.830944,-73.89766,0,0,Passing Too Closely,4464932,22.4,15.7,0.4,0.4,0.0,4.0,51,10.5,20.5,231,Drizzle: Light,0,0,
32488,2021-10-06 16:00:00,40.835808,-73.93556,0,0,Unspecified,4465231,20.3,16.0,0.1,0.1,0.0,1.0,51,6.5,14.0,28,Drizzle: Light,0,0,
32489,2021-10-08 20:48:00,40.622356,-74.03608,0,0,Unspecified,4465566,23.7,14.5,0.0,0.0,0.0,0.0,3,13.0,22.3,94,Overcast,0,0,
32490,2021-10-07 01:21:00,40.59034,-74.06663,0,0,Driver Inattention/Distraction,4465111,22.4,15.7,0.4,0.4,0.0,4.0,51,10.5,20.5,231,Drizzle: Light,0,0,
32491,2021-10-06 14:00:00,40.78168,-73.84595,0,0,Oversized Vehicle,4464783,20.3,16.0,0.1,0.1,0.0,1.0,51,6.5,14.0,28,Drizzle: Light,0,0,
32492,2021-10-08 20:15:00,40.85422,-73.86773,1,0,Driver Inattention/Distraction,4465478,23.7,14.5,0.0,0.0,0.0,0.0,3,13.0,22.3,94,Overcast,1,1,
32493,2021-10-02 23:42:00,40.735283,-73.85984,5,0,Driver Inattention/Distraction,4465934,23.7,10.8,0.0,0.0,0.0,0.0,3,17.0,34.2,254,Overcast,5,5,
32494,2021-10-08 16:05:00,40.671406,-73.96133,0,0,Driver Inattention/Distraction,4465583,23.7,14.5,0.0,0.0,0.0,0.0,3,13.0,22.3,94,Overcast,0,0,
32495,2021-10-08 17:40:00,40.639698,-73.973404,1,0,Unspecified,4465653,23.7,14.5,0.0,0.0,0.0,0.0,3,13.0,22.3,94,Overcast,1,1,
32496,2021-10-06 00:20:00,40.668472,-73.89603,0,0,Unspecified,4465042,20.3,16.0,0.1,0.1,0.0,1.0,51,6.5,14.0,28,Drizzle: Light,0,0,
32497,2021-10-07 22:36:00,40.69078,-73.72728,0,0,Following Too Closely,4465124,22.4,15.7,0.4,0.4,0.0,4.0,51,10.5,20.5,231,Drizzle: Light,0,0,
32498,2021-10-07 23:30:00,40.73028,-73.84824,0,0,Unspecified,4465895,22.4,15.7,0.4,0.4,0.0,4.0,51,10.5,20.5,231,Drizzle: Light,0,0,
32499,2021-10-07 11:00:00,40.73138,-73.87782,0,0,Unspecified,4465287,22.4,15.7,0.4,0.4,0.0,4.0,51,10.5,20.5,231,Drizzle: Light,0,0,
32500,2021-10-06 15:30:00,40.76242,-73.92391,0,0,Failure to Yield Right-of-Way,4464912,20.3,16.0,0.1,0.1,0.0,1.0,51,6.5,14.0,28,Drizzle: Light,0,0,
32501,2021-10-07 10:55:00,40.721672,-73.992035,1,0,Aggressive Driving/Road Rage,4465719,22.4,15.7,0.4,0.4,0.0,4.0,51,10.5,20.5,231,Drizzle: Light,1,1,
32502,2021-10-07 00:00:00,40.814373,-73.941475,0,0,Following Too Closely,4465230,22.4,15.7,0.4,0.4,0.0,4.0,51,10.5,20.5,231,Drizzle: Light,0,0,
32503,2021-10-06 09:10:00,40.673653,-73.99905,0,0,Fell Asleep,4464839,20.3,16.0,0.1,0.1,0.0,1.0,51,6.5,14.0,28,Drizzle: Light,0,0,
32504,2021-10-06 14:06:00,40.702076,-73.87917,0,0,Turning Improperly,4464913,20.3,16.0,0.1,0.1,0.0,1.0,51,6.5,14.0,28,Drizzle: Light,0,0,
32505,2021-10-08 14:00:00,40.655674,-74.00515,0,0,Unspecified,4465516,23.7,14.5,0.0,0.0,0.0,0.0,3,13.0,22.3,94,Overcast,0,0,
32506,2021-10-08 09:45:00,40.671932,-73.85165,0,0,Unsafe Lane Changing,4465245,23.7,14.5,0.0,0.0,0.0,0.0,3,13.0,22.3,94,Overcast,0,0,
32507,2021-10-06 10:23:00,40.696926,-73.89463,0,0,Backing Unsafely,4464882,20.3,16.0,0.1,0.1,0.0,1.0,51,6.5,14.0,28,Drizzle: Light,0,0,
32508,2021-10-07 15:30:00,40.75066,-73.987785,1,0,Driver Inattention/Distraction,4465071,22.4,15.7,0.4,0.4,0.0,4.0,51,10.5,20.5,231,Drizzle: Light,1,1,
32509,2021-10-07 14:56:00,40.875896,-73.88477,0,0,Backing Unsafely,4465262,22.4,15.7,0.4,0.4,0.0,4.0,51,10.5,20.5,231,Drizzle: Light,0,0,
32510,2021-10-06 00:55:00,40.66895,-73.9339,0,0,Following Too Closely,4464511,20.3,16.0,0.1,0.1,0.0,1.0,51,6.5,14.0,28,Drizzle: Light,0,0,
32511,2021-10-07 14:00:00,40.757072,-73.96986,0,0,Passing Too Closely,4465096,22.4,15.7,0.4,0.4,0.0,4.0,51,10.5,20.5,231,Drizzle: Light,0,0,
32512,2021-10-08 12:16:00,40.880836,-73.86677,0,0,Backing Unsafely,4465838,23.7,14.5,0.0,0.0,0.0,0.0,3,13.0,22.3,94,Overcast,0,0,
32513,2021-10-08 12:50:00,40.73068,-73.77581,1,0,Driver Inexperience,4465341,23.7,14.5,0.0,0.0,0.0,0.0,3,13.0,22.3,94,Overcast,1,1,
32514,2021-09-23 19:40:00,40.71946,-73.89117,1,0,Failure to Yield Right-of-Way,4465361,26.2,18.0,15.6,15.6,0.0,14.0,63,40.7,77.4,156,Rain: Moderate,1,1,
32515,2021-10-06 20:07:00,40.635937,-73.987595,1,0,Unspecified,4465145,20.3,16.0,0.1,0.1,0.0,1.0,51,6.5,14.0,28,Drizzle: Light,1,1,
32516,2021-10-06 21:00:00,40.577007,-73.96704,0,0,Driver Inexperience,4464802,20.3,16.0,0.1,0.1,0.0,1.0,51,6.5,14.0,28,Drizzle: Light,0,0,
32517,2021-10-07 10:30:00,40.88756,-73.866394,1,0,Outside Car Distraction,4465018,22.4,15.7,0.4,0.4,0.0,4.0,51,10.5,20.5,231,Drizzle: Light,1,1,
32518,2021-10-07 14:50:00,40.66036,-73.841194,0,0,Aggressive Driving/Road Rage,4465140,22.4,15.7,0.4,0.4,0.0,4.0,51,10.5,20.5,231,Drizzle: Light,0,0,
32519,2021-10-07 22:50:00,40.734985,-73.85066,1,0,Failure to Yield Right-of-Way,4465123,22.4,15.7,0.4,0.4,0.0,4.0,51,10.5,20.5,231,Drizzle: Light,1,1,
32520,2021-10-06 14:10:00,40.675625,-73.89879,0,0,Unspecified,4465058,20.3,16.0,0.1,0.1,0.0,1.0,51,6.5,14.0,28,Drizzle: Light,0,0,
32521,2021-10-04 23:00:00,40.859642,-73.90534,1,0,Unsafe Speed,4465286,20.6,16.4,21.8,21.8,0.0,17.0,63,20.8,42.8,61,Rain: Moderate,1,1,
32522,2021-10-06 04:00:00,40.667995,-73.786766,0,0,Following Too Closely,4464599,20.3,16.0,0.1,0.1,0.0,1.0,51,6.5,14.0,28,Drizzle: Light,0,0,
32523,2021-09-15 20:06:00,40.848133,-73.88885,1,0,Other Vehicular,4466041,29.6,20.7,0.3,0.3,0.0,3.0,51,21.6,40.7,192,Drizzle: Light,1,1,
32524,2021-12-29 13:58:00,40.815697,-73.91678,1,0,Driver Inattention/Distraction,4490541,7.6,4.1,8.1,8.1,0.0,8.0,61,12.2,24.1,52,Rain: Light,1,1,
32525,2021-10-06 14:50:00,40.780224,-73.80255,1,0,Traffic Control Disregarded,4464781,20.3,16.0,0.1,0.1,0.0,1.0,51,6.5,14.0,28,Drizzle: Light,1,1,
32526,2021-10-07 18:00:00,40.875122,-73.905174,0,0,Passing or Lane Usage Improper,4465214,22.4,15.7,0.4,0.4,0.0,4.0,51,10.5,20.5,231,Drizzle: Light,0,0,
32527,2021-10-06 20:00:00,40.605328,-73.74163,0,0,Failure to Yield Right-of-Way,4464885,20.3,16.0,0.1,0.1,0.0,1.0,51,6.5,14.0,28,Drizzle: Light,0,0,
32528,2021-10-08 09:55:00,40.83,-73.91812,0,0,Driver Inattention/Distraction,4465346,23.7,14.5,0.0,0.0,0.0,0.0,3,13.0,22.3,94,Overcast,0,0,
32529,2021-10-05 07:24:00,40.641747,-74.013824,0,0,Unspecified,4465273,19.9,15.0,0.0,0.0,0.0,0.0,3,14.5,28.1,46,Overcast,0,0,
32530,2021-10-07 23:54:00,40.63771,-73.948166,0,0,Following Too Closely,4465540,22.4,15.7,0.4,0.4,0.0,4.0,51,10.5,20.5,231,Drizzle: Light,0,0,
32531,2021-10-07 21:15:00,40.670223,-73.72855,1,0,Failure to Yield Right-of-Way,4465101,22.4,15.7,0.4,0.4,0.0,4.0,51,10.5,20.5,231,Drizzle: Light,1,1,
32532,2021-10-01 19:28:00,40.697918,-73.9728,1,0,Failure to Yield Right-of-Way,4465363,19.4,9.5,0.0,0.0,0.0,0.0,0,13.8,28.1,302,Clear sky,1,1,Sunny/Clear Conditions
32533,2021-10-08 16:45:00,40.759445,-73.78964,0,0,Driver Inattention/Distraction,4465517,23.7,14.5,0.0,0.0,0.0,0.0,3,13.0,22.3,94,Overcast,0,0,
32534,2021-10-08 19:58:00,40.72135,-74.00465,0,0,Unspecified,4465380,23.7,14.5,0.0,0.0,0.0,0.0,3,13.0,22.3,94,Overcast,0,0,
32535,2021-10-06 19:20:00,40.74088,-73.990074,1,0,Unspecified,4465755,20.3,16.0,0.1,0.1,0.0,1.0,51,6.5,14.0,28,Drizzle: Light,1,1,
32536,2021-10-08 16:25:00,40.675735,-73.89686,0,0,Unspecified,4466055,23.7,14.5,0.0,0.0,0.0,0.0,3,13.0,22.3,94,Overcast,0,0,
32537,2021-10-06 18:15:00,40.68668,-73.97937,1,0,Unsafe Lane Changing,4464833,20.3,16.0,0.1,0.1,0.0,1.0,51,6.5,14.0,28,Drizzle: Light,1,1,
32538,2021-10-03 00:00:00,40.75419,-73.908806,0,0,Unspecified,4465695,25.9,12.8,0.0,0.0,0.0,0.0,3,12.0,24.1,217,Overcast,0,0,
32539,2021-10-08 18:00:00,40.58425,-73.9638,0,0,Following Too Closely,4465779,23.7,14.5,0.0,0.0,0.0,0.0,3,13.0,22.3,94,Overcast,0,0,
32540,2021-10-08 06:13:00,40.895374,-73.86356,1,0,Turning Improperly,4465215,23.7,14.5,0.0,0.0,0.0,0.0,3,13.0,22.3,94,Overcast,1,1,
32541,2021-10-07 15:35:00,40.818394,-73.95089,1,0,Unspecified,4465041,22.4,15.7,0.4,0.4,0.0,4.0,51,10.5,20.5,231,Drizzle: Light,1,1,
32542,2021-10-07 17:40:00,40.858376,-73.89637,0,0,Passing Too Closely,4465200,22.4,15.7,0.4,0.4,0.0,4.0,51,10.5,20.5,231,Drizzle: Light,0,0,
32543,2021-10-08 00:09:00,40.67973,-73.76162,3,0,Traffic Control Disregarded,4465368,23.7,14.5,0.0,0.0,0.0,0.0,3,13.0,22.3,94,Overcast,3,3,
32544,2021-10-06 21:48:00,40.74278,-73.82817,3,0,Following Too Closely,4464860,20.3,16.0,0.1,0.1,0.0,1.0,51,6.5,14.0,28,Drizzle: Light,3,3,
32545,2021-10-07 12:51:00,40.724136,-73.992615,1,0,Oversized Vehicle,4465620,22.4,15.7,0.4,0.4,0.0,4.0,51,10.5,20.5,231,Drizzle: Light,1,1,
32546,2021-10-08 16:14:00,40.61255,-73.96287,0,0,Driver Inattention/Distraction,4465761,23.7,14.5,0.0,0.0,0.0,0.0,3,13.0,22.3,94,Overcast,0,0,
32547,2021-10-07 12:28:00,40.851654,-73.91566,0,0,Passing Too Closely,4465168,22.4,15.7,0.4,0.4,0.0,4.0,51,10.5,20.5,231,Drizzle: Light,0,0,
32548,2021-10-08 12:39:00,40.682243,-73.82222,1,0,Driver Inattention/Distraction,4466006,23.7,14.5,0.0,0.0,0.0,0.0,3,13.0,22.3,94,Overcast,1,1,
32549,2021-10-08 15:04:00,40.68305,-73.97377,0,0,Following Too Closely,4465970,23.7,14.5,0.0,0.0,0.0,0.0,3,13.0,22.3,94,Overcast,0,0,
32550,2021-10-04 15:14:00,40.73669,-73.993126,1,0,Brakes Defective,4465672,20.6,16.4,21.8,21.8,0.0,17.0,63,20.8,42.8,61,Rain: Moderate,1,1,
32551,2021-10-02 10:00:00,40.8161,-73.9535,0,0,Unspecified,4465801,23.7,10.8,0.0,0.0,0.0,0.0,3,17.0,34.2,254,Overcast,0,0,
32552,2021-10-07 06:40:00,40.620914,-73.9753,1,0,Unspecified,4465725,22.4,15.7,0.4,0.4,0.0,4.0,51,10.5,20.5,231,Drizzle: Light,1,1,
32553,2021-10-07 17:58:00,40.68019,-73.75545,1,0,Turning Improperly,4465134,22.4,15.7,0.4,0.4,0.0,4.0,51,10.5,20.5,231,Drizzle: Light,1,1,
32554,2021-10-07 18:16:00,40.75455,-73.74317,0,0,Passing or Lane Usage Improper,4465089,22.4,15.7,0.4,0.4,0.0,4.0,51,10.5,20.5,231,Drizzle: Light,0,0,
32555,2021-10-08 17:17:00,40.887444,-73.878006,1,0,Unspecified,4465885,23.7,14.5,0.0,0.0,0.0,0.0,3,13.0,22.3,94,Overcast,1,1,
32556,2021-10-07 12:07:00,40.671593,-73.9843,0,0,Passing Too Closely,4465183,22.4,15.7,0.4,0.4,0.0,4.0,51,10.5,20.5,231,Drizzle: Light,0,0,
32557,2021-10-06 07:55:00,40.724262,-73.800545,0,0,Unspecified,4464720,20.3,16.0,0.1,0.1,0.0,1.0,51,6.5,14.0,28,Drizzle: Light,0,0,
32558,2021-10-06 12:58:00,40.62701,-73.956635,1,0,Pedestrian/Bicyclist/Other Pedestrian Error/Confusion,4464744,20.3,16.0,0.1,0.1,0.0,1.0,51,6.5,14.0,28,Drizzle: Light,1,1,
32559,2021-10-08 20:24:00,40.755505,-73.86816,0,0,Driver Inattention/Distraction,4465437,23.7,14.5,0.0,0.0,0.0,0.0,3,13.0,22.3,94,Overcast,0,0,
32560,2021-10-07 10:30:00,40.79814,-73.94051,0,0,Unsafe Lane Changing,4464950,22.4,15.7,0.4,0.4,0.0,4.0,51,10.5,20.5,231,Drizzle: Light,0,0,
32561,2021-10-07 18:00:00,40.680847,-73.92563,0,0,Driver Inexperience,4465794,22.4,15.7,0.4,0.4,0.0,4.0,51,10.5,20.5,231,Drizzle: Light,0,0,
32562,2021-10-08 14:00:00,40.730885,-73.87165,0,0,Other Vehicular,4465395,23.7,14.5,0.0,0.0,0.0,0.0,3,13.0,22.3,94,Overcast,0,0,
32563,2021-10-05 18:15:00,40.846977,-73.786385,0,0,Unspecified,4465226,19.9,15.0,0.0,0.0,0.0,0.0,3,14.5,28.1,46,Overcast,0,0,
32564,2021-10-07 15:10:00,40.687016,-73.77487,1,0,Failure to Yield Right-of-Way,4465128,22.4,15.7,0.4,0.4,0.0,4.0,51,10.5,20.5,231,Drizzle: Light,1,1,