,CRASH DATETIME,LATITUDE,LONGITUDE,NUMBER OF PERSONS INJURED,NUMBER OF PERSONS KILLED,CONTRIBUTING FACTOR VEHICLE 1,COLLISION_ID,temperature_2m_max,temperature_2m_min,precipitation_sum,rain_sum,snowfall_sum,precipitation_hours,weather_code,wind_speed_10m_max,wind_gusts_10m_max,wind_direction_10m_dominant,Weather Description,Severity_Score,Total_Affected_Persons,Weather_Category
32565,2021-10-07 09:06:00,40.636406,-73.9673,0,0,Other Vehicular,4465258,22.4,15.7,0.4,0.4,0.0,4.0,51,10.5,20.5,231,Drizzle: Light,0,0,
32566,2021-12-29 08:05:00,40.885303,-73.82954,0,0,View Obstructed/Limited,4490481,7.6,4.1,8.1,8.1,0.0,8.0,61,12.2,24.1,52,Rain: Light,0,0,
32567,2021-10-07 11:00:00,40.815826,-73.947044,0,0,Unspecified,4465241,22.4,15.7,0.4,0.4,0.0,4.0,51,10.5,20.5,231,Drizzle: Light,0,0,
32568,2021-10-08 15:15:00,40.69613,-73.987114,1,0,Driver Inattention/Distraction,4465584,23.7,14.5,0.0,0.0,0.0,0.0,3,13.0,22.3,94,Overcast,1,1,
32569,2021-10-07 21:52:00,40.715702,-73.81069,0,0,Unspecified,4465472,22.4,15.7,0.4,0.4,0.0,4.0,51,10.5,20.5,231,Drizzle: Light,0,0,
32570,2021-10-07 13:18:00,40.634174,-73.96804,0,0,Unspecified,4465263,22.4,15.7,0.4,0.4,0.0,4.0,51,10.5,20.5,231,Drizzle: Light,0,0,
32571,2021-10-07 16:30:00,40.68733,-73.98183,0,0,Passing or Lane Usage Improper,4465106,22.4,15.7,0.4,0.4,0.0,4.0,51,10.5,20.5,231,Drizzle: Light,0,0,
32572,2021-10-08 13:36:00,40.73675,-73.87768,0,0,Driver Inattention/Distraction,4465746,23.7,14.5,0.0,0.0,0.0,0.0,3,13.0,22.3,94,Overcast,0,0,
32573,2021-10-06 07:10:00,40.71407,-73.954346,0,0,Turning Improperly,4464710,20.3,16.0,0.1,0.1,0.0,1.0,51,6.5,14.0,28,Drizzle: Light,0,0,
32574,2021-10-07 06:17:00,40.769634,-73.94841,1,0,Reaction to Uninvolved Vehicle,4464919,22.4,15.7,0.4,0.4,0.0,4.0,51,10.5,20.5,231,Drizzle: Light,1,1,
32575,2021-10-07 08:00:00,40.745827,-73.90111,0,0,Backing Unsafely,4464962,22.4,15.7,0.4,0.4,0.0,4.0,51,10.5,20.5,231,Drizzle: Light,0,0,
32576,2021-10-07 03:45:00,40.70766,-73.913445,0,0,Unspecified,4465784,22.4,15.7,0.4,0.4,0.0,4.0,51,10.5,20.5,231,Drizzle: Light,0,0,
32577,2021-10-05 15:00:00,40.641464,-73.99976,0,0,Unspecified,4465648,19.9,15.0,0.0,0.0,0.0,0.0,3,14.5,28.1,46,Overcast,0,0,
32578,2021-10-06 10:35:00,40.696198,-73.98877,0,0,Passing Too Closely,4464735,20.3,16.0,0.1,0.1,0.0,1.0,51,6.5,14.0,28,Drizzle: Light,0,0,
32579,2021-10-06 18:17:00,40.844986,-73.88136,1,0,Lost Consciousness,4464844,20.3,16.0,0.1,0.1,0.0,1.0,51,6.5,14.0,28,Drizzle: Light,1,1,
32580,2021-10-08 17:34:00,40.59997,-73.96688,1,0,Unspecified,4466025,23.7,14.5,0.0,0.0,0.0,0.0,3,13.0,22.3,94,Overcast,1,1,
32581,2021-10-07 16:43:00,40.77584,-73.922455,1,0,Following Too Closely,4465301,22.4,15.7,0.4,0.4,0.0,4.0,51,10.5,20.5,231,Drizzle: Light,1,1,
32582,2021-10-06 06:55:00,40.676144,-73.893074,0,0,Driver Inattention/Distraction,4465054,20.3,16.0,0.1,0.1,0.0,1.0,51,6.5,14.0,28,Drizzle: Light,0,0,
32583,2021-10-07 15:55:00,40.881264,-73.83875,1,0,Failure to Yield Right-of-Way,4465834,22.4,15.7,0.4,0.4,0.0,4.0,51,10.5,20.5,231,Drizzle: Light,1,1,
32584,2021-10-08 15:22:00,40.617268,-74.01921,0,0,Driver Inattention/Distraction,4465400,23.7,14.5,0.0,0.0,0.0,0.0,3,13.0,22.3,94,Overcast,0,0,
32585,2021-10-07 14:47:00,40.821667,-73.915184,1,0,Unspecified,4465318,22.4,15.7,0.4,0.4,0.0,4.0,51,10.5,20.5,231,Drizzle: Light,1,1,
32586,2021-10-07 16:30:00,40.648792,-73.95228,1,0,Unspecified,4465081,22.4,15.7,0.4,0.4,0.0,4.0,51,10.5,20.5,231,Drizzle: Light,1,1,
32587,2021-10-07 13:45:00,40.733738,-73.97719,1,0,Pedestrian/Bicyclist/Other Pedestrian Error/Confusion,4465005,22.4,15.7,0.4,0.4,0.0,4.0,51,10.5,20.5,231,Drizzle: Light,1,1,
32588,2021-10-07 23:30:00,40.845493,-73.883484,1,0,Driver Inattention/Distraction,4465195,22.4,15.7,0.4,0.4,0.0,4.0,51,10.5,20.5,231,Drizzle: Light,1,1,
32589,2021-10-06 15:30:00,40.704277,-73.74986,0,0,Unspecified,4464789,20.3,16.0,0.1,0.1,0.0,1.0,51,6.5,14.0,28,Drizzle: Light,0,0,
32590,2021-10-08 17:00:00,40.77558,-73.84267,0,0,Unspecified,4465466,23.7,14.5,0.0,0.0,0.0,0.0,3,13.0,22.3,94,Overcast,0,0,
32591,2021-09-07 01:14:00,40.69467,-73.76343,0,0,Passenger Distraction,4465936,25.9,15.2,0.0,0.0,0.0,0.0,1,12.5,25.6,259,Mainly clear,0,0,Sunny/Clear Conditions
32592,2021-10-06 14:58:00,40.722576,-73.94049,1,0,Drugs (illegal),4464851,20.3,16.0,0.1,0.1,0.0,1.0,51,6.5,14.0,28,Drizzle: Light,1,1,
32593,2021-10-07 20:24:00,40.800507,-73.96798,1,0,Failure to Yield Right-of-Way,4465163,22.4,15.7,0.4,0.4,0.0,4.0,51,10.5,20.5,231,Drizzle: Light,1,1,
32594,2021-10-08 16:40:00,40.75975,-73.89087,1,0,Driver Inattention/Distraction,4465525,23.7,14.5,0.0,0.0,0.0,0.0,3,13.0,22.3,94,Overcast,1,1,
32595,2021-10-05 16:50:00,40.670532,-73.91488,0,0,Unspecified,4465417,19.9,15.0,0.0,0.0,0.0,0.0,3,14.5,28.1,46,Overcast,0,0,
32596,2021-09-15 06:11:00,40.8188,-73.956024,2,0,Unspecified,4465808,29.6,20.7,0.3,0.3,0.0,3.0,51,21.6,40.7,192,Drizzle: Light,2,2,
32597,2021-10-06 20:00:00,40.864895,-73.91913,0,0,Driver Inattention/Distraction,4465956,20.3,16.0,0.1,0.1,0.0,1.0,51,6.5,14.0,28,Drizzle: Light,0,0,
32598,2021-09-21 18:45:00,40.559166,-74.18021,1,0,Pedestrian/Bicyclist/Other Pedestrian Error/Confusion,4465327,23.1,16.4,0.0,0.0,0.0,0.0,3,14.2,29.5,108,Overcast,1,1,
32599,2021-10-08 23:09:00,40.619,-74.084785,4,0,Unsafe Speed,4465688,23.7,14.5,0.0,0.0,0.0,0.0,3,13.0,22.3,94,Overcast,4,4,
32600,2021-12-30 09:15:00,40.74959,-73.973724,0,0,Passing Too Closely,4490740,8.3,5.0,1.8,1.8,0.0,7.0,53,9.9,17.6,22,Drizzle: Moderate,0,0,
32601,2021-10-08 16:33:00,40.79174,-73.97475,0,0,Passing Too Closely,4465385,23.7,14.5,0.0,0.0,0.0,0.0,3,13.0,22.3,94,Overcast,0,0,
32602,2021-10-03 15:45:00,0.0,0.0,0,0,Driver Inattention/Distraction,4465609,25.9,12.8,0.0,0.0,0.0,0.0,3,12.0,24.1,217,Overcast,0,0,
32603,2021-10-04 08:25:00,40.693436,-73.97784,1,0,Unsafe Speed,4465290,20.6,16.4,21.8,21.8,0.0,17.0,63,20.8,42.8,61,Rain: Moderate,1,1,
32604,2021-10-02 16:32:00,40.68854,-73.92384,1,0,Driver Inattention/Distraction,4465826,23.7,10.8,0.0,0.0,0.0,0.0,3,17.0,34.2,254,Overcast,1,1,
32605,2021-10-07 16:34:00,40.770706,-73.828636,0,0,Passing Too Closely,4465158,22.4,15.7,0.4,0.4,0.0,4.0,51,10.5,20.5,231,Drizzle: Light,0,0,
32606,2021-10-07 10:28:00,40.68899,-73.85309,0,0,Following Too Closely,4465116,22.4,15.7,0.4,0.4,0.0,4.0,51,10.5,20.5,231,Drizzle: Light,0,0,
32607,2021-10-07 12:30:00,40.665344,-73.900856,0,0,Turning Improperly,4465045,22.4,15.7,0.4,0.4,0.0,4.0,51,10.5,20.5,231,Drizzle: Light,0,0,
32608,2021-10-08 17:05:00,40.801884,-73.97344,0,0,Following Too Closely,4465353,23.7,14.5,0.0,0.0,0.0,0.0,3,13.0,22.3,94,Overcast,0,0,
32609,2021-10-07 22:40:00,40.586124,-73.990715,0,0,Driver Inattention/Distraction,4465662,22.4,15.7,0.4,0.4,0.0,4.0,51,10.5,20.5,231,Drizzle: Light,0,0,
32610,2021-10-08 16:45:00,40.58594,-74.09262,0,0,Unspecified,4465412,23.7,14.5,0.0,0.0,0.0,0.0,3,13.0,22.3,94,Overcast,0,0,
32611,2021-10-08 03:48:00,40.73274,-73.86836,0,0,Driver Inattention/Distraction,4465588,23.7,14.5,0.0,0.0,0.0,0.0,3,13.0,22.3,94,Overcast,0,0,
32612,2021-09-24 15:45:00,40.81962,-73.89983,1,0,Pedestrian/Bicyclist/Other Pedestrian Error/Confusion,4465921,22.4,15.6,26.0,26.0,0.0,9.0,63,14.2,29.9,274,Rain: Moderate,1,1,
32613,2021-10-06 16:12:00,40.783245,-73.94473,0,0,Unspecified,4465151,20.3,16.0,0.1,0.1,0.0,1.0,51,6.5,14.0,28,Drizzle: Light,0,0,
32614,2021-10-08 01:36:00,40.64488,-73.893,0,0,Backing Unsafely,4465501,23.7,14.5,0.0,0.0,0.0,0.0,3,13.0,22.3,94,Overcast,0,0,
32615,2021-10-06 15:15:00,40.71504,-73.95857,1,0,Driver Inattention/Distraction,4464943,20.3,16.0,0.1,0.1,0.0,1.0,51,6.5,14.0,28,Drizzle: Light,1,1,
32616,2021-09-29 17:20:00,40.827103,-73.94996,0,0,Unspecified,4465455,19.9,11.3,0.0,0.0,0.0,0.0,3,20.6,41.8,331,Overcast,0,0,
32617,2021-10-08 18:00:00,40.6104,-73.9586,1,0,Driver Inattention/Distraction,4465641,23.7,14.5,0.0,0.0,0.0,0.0,3,13.0,22.3,94,Overcast,1,1,
32618,2021-09-22 15:40:00,40.821636,-73.93909,1,0,Unspecified,4465237,25.3,19.9,5.1,5.1,0.0,15.0,61,29.3,55.1,154,Rain: Light,1,1,
32619,2021-10-06 07:50:00,40.67973,-73.76162,1,0,Unspecified,4464637,20.3,16.0,0.1,0.1,0.0,1.0,51,6.5,14.0,28,Drizzle: Light,1,1,
32620,2021-10-06 07:34:00,40.622204,-73.94405,2,0,Unspecified,4464992,20.3,16.0,0.1,0.1,0.0,1.0,51,6.5,14.0,28,Drizzle: Light,2,2,
32621,2021-10-08 08:00:00,40.883556,-73.84974,1,0,Traffic Control Disregarded,4465222,23.7,14.5,0.0,0.0,0.0,0.0,3,13.0,22.3,94,Overcast,1,1,
32622,2021-10-06 12:55:00,40.823658,-73.91206,1,0,Passing Too Closely,4464770,20.3,16.0,0.1,0.1,0.0,1.0,51,6.5,14.0,28,Drizzle: Light,1,1,
32623,2021-10-07 17:29:00,40.693863,-73.92971,0,0,Following Too Closely,4465190,22.4,15.7,0.4,0.4,0.0,4.0,51,10.5,20.5,231,Drizzle: Light,0,0,
32624,2021-10-07 08:00:00,40.69221,-73.92293,0,0,Driver Inattention/Distraction,4464966,22.4,15.7,0.4,0.4,0.0,4.0,51,10.5,20.5,231,Drizzle: Light,0,0,
32625,2021-10-08 18:04:00,40.669125,-73.91451,0,0,Unspecified,4465429,23.7,14.5,0.0,0.0,0.0,0.0,3,13.0,22.3,94,Overcast,0,0,
32626,2021-10-08 14:00:00,40.7198,-73.953476,1,0,Passing or Lane Usage Improper,4465904,23.7,14.5,0.0,0.0,0.0,0.0,3,13.0,22.3,94,Overcast,1,1,
32627,2021-10-08 18:25:00,40.821358,-73.889114,0,0,Unspecified,4465449,23.7,14.5,0.0,0.0,0.0,0.0,3,13.0,22.3,94,Overcast,0,0,
32628,2021-10-05 23:20:00,40.553497,-74.17334,0,0,Driver Inattention/Distraction,4465735,19.9,15.0,0.0,0.0,0.0,0.0,3,14.5,28.1,46,Overcast,0,0,
32629,2021-10-08 08:40:00,40.693592,-73.75122,0,0,Reaction to Uninvolved Vehicle,4465254,23.7,14.5,0.0,0.0,0.0,0.0,3,13.0,22.3,94,Overcast,0,0,
32630,2021-10-07 21:38:00,40.862595,-73.83153,3,0,Following Too Closely,4465333,22.4,15.7,0.4,0.4,0.0,4.0,51,10.5,20.5,231,Drizzle: Light,3,3,
32631,2021-10-08 15:22:00,40.609642,-73.89738,1,0,Reaction to Uninvolved Vehicle,4465859,23.7,14.5,0.0,0.0,0.0,0.0,3,13.0,22.3,94,Overcast,1,1,
32632,2021-10-08 03:40:00,40.608253,-73.897835,2,0,Unspecified,4465162,23.7,14.5,0.0,0.0,0.0,0.0,3,13.0,22.3,94,Overcast,2,2,
32633,2021-10-07 15:05:00,40.821068,-73.89894,0,0,Unspecified,4465305,22.4,15.7,0.4,0.4,0.0,4.0,51,10.5,20.5,231,Drizzle: Light,0,0,
32634,2021-10-07 14:25:00,40.641945,-73.916626,0,0,Following Too Closely,4465085,22.4,15.7,0.4,0.4,0.0,4.0,51,10.5,20.5,231,Drizzle: Light,0,0,
32635,2021-10-08 17:25:00,40.63267,-73.93105,0,0,Driver Inattention/Distraction,4465947,23.7,14.5,0.0,0.0,0.0,0.0,3,13.0,22.3,94,Overcast,0,0,
32636,2021-06-05 18:51:00,40.88158,-73.898994,2,0,Unspecified,4465322,31.3,17.3,0.0,0.0,0.0,0.0,2,20.9,43.9,247,Partly cloudy,2,2,
32637,2021-10-06 09:12:00,40.68812,-73.9117,1,0,Unspecified,4464901,20.3,16.0,0.1,0.1,0.0,1.0,51,6.5,14.0,28,Drizzle: Light,1,1,
32638,2021-10-06 11:07:00,40.656693,-73.89464,0,0,Aggressive Driving/Road Rage,4465047,20.3,16.0,0.1,0.1,0.0,1.0,51,6.5,14.0,28,Drizzle: Light,0,0,
32639,2021-10-05 18:00:00,40.832085,-73.89561,0,0,Driver Inattention/Distraction,4465173,19.9,15.0,0.0,0.0,0.0,0.0,3,14.5,28.1,46,Overcast,0,0,
32640,2021-10-06 19:00:00,40.841087,-73.86449,1,0,Unspecified,4464818,20.3,16.0,0.1,0.1,0.0,1.0,51,6.5,14.0,28,Drizzle: Light,1,1,
32641,2021-10-08 14:25:00,40.64511,-73.874886,1,0,Passing or Lane Usage Improper,4465388,23.7,14.5,0.0,0.0,0.0,0.0,3,13.0,22.3,94,Overcast,1,1,
32642,2021-10-07 22:38:00,40.61258,-74.129166,0,0,Driver Inattention/Distraction,4465683,22.4,15.7,0.4,0.4,0.0,4.0,51,10.5,20.5,231,Drizzle: Light,0,0,
32643,2021-10-07 08:05:00,40.83135,-73.82684,1,0,View Obstructed/Limited,4464998,22.4,15.7,0.4,0.4,0.0,4.0,51,10.5,20.5,231,Drizzle: Light,1,1,
32644,2021-12-30 15:05:00,40.726604,-73.81425,2,0,Failure to Yield Right-of-Way,4490784,8.3,5.0,1.8,1.8,0.0,7.0,53,9.9,17.6,22,Drizzle: Moderate,2,2,
32645,2021-09-30 10:40:00,40.65584,-73.919586,0,0,Unspecified,4465531,18.8,13.1,0.0,0.0,0.0,0.0,3,18.1,37.4,330,Overcast,0,0,
32646,2021-10-01 18:10:00,40.784245,-73.9471,0,0,Driver Inattention/Distraction,4465993,19.4,9.5,0.0,0.0,0.0,0.0,0,13.8,28.1,302,Clear sky,0,0,Sunny/Clear Conditions
32647,2021-10-07 07:51:00,40.705128,-73.82819,0,0,Following Too Closely,4465565,22.4,15.7,0.4,0.4,0.0,4.0,51,10.5,20.5,231,Drizzle: Light,0,0,
32648,2021-10-08 10:58:00,40.66563,-73.73921,1,0,Following Too Closely,4465310,23.7,14.5,0.0,0.0,0.0,0.0,3,13.0,22.3,94,Overcast,1,1,
32649,2021-10-08 13:05:00,40.66761,-73.94236,0,0,Passing Too Closely,4465487,23.7,14.5,0.0,0.0,0.0,0.0,3,13.0,22.3,94,Overcast,0,0,
32650,2021-10-08 04:50:00,40.729176,-73.87898,0,0,Driver Inattention/Distraction,4465360,23.7,14.5,0.0,0.0,0.0,0.0,3,13.0,22.3,94,Overcast,0,0,
32651,2021-10-04 16:56:00,40.87367,-73.879234,1,0,Driver Inattention/Distraction,4465482,20.6,16.4,21.8,21.8,0.0,17.0,63,20.8,42.8,61,Rain: Moderate,1,1,
32652,2021-10-01 12:36:00,40.70767,-74.00311,1,0,Backing Unsafely,4465323,19.4,9.5,0.0,0.0,0.0,0.0,0,13.8,28.1,302,Clear sky,1,1,Sunny/Clear Conditions
32653,2021-10-02 11:43:00,40.66423,-73.919106,0,0,Unspecified,4465426,23.7,10.8,0.0,0.0,0.0,0.0,3,17.0,34.2,254,Overcast,0,0,
32654,2021-10-08 13:20:00,40.639584,-73.948364,0,0,Unspecified,4465541,23.7,14.5,0.0,0.0,0.0,0.0,3,13.0,22.3,94,Overcast,0,0,
32655,2021-10-05 14:30:00,40.709904,-74.01554,0,0,Turning Improperly,4465381,19.9,15.0,0.0,0.0,0.0,0.0,3,14.5,28.1,46,Overcast,0,0,
32656,2021-10-07 15:30:00,40.67165,-73.741005,1,0,Failure to Yield Right-of-Way,4465029,22.4,15.7,0.4,0.4,0.0,4.0,51,10.5,20.5,231,Drizzle: Light,1,1,
32657,2021-10-07 05:30:00,40.76241,-73.95443,0,0,Following Too Closely,4464850,22.4,15.7,0.4,0.4,0.0,4.0,51,10.5,20.5,231,Drizzle: Light,0,0,
32658,2021-10-05 22:53:00,40.829082,-73.941086,1,0,Unspecified,4465462,19.9,15.0,0.0,0.0,0.0,0.0,3,14.5,28.1,46,Overcast,1,1,
32659,2021-10-03 15:50:00,0.0,0.0,0,0,Following Too Closely,4465817,25.9,12.8,0.0,0.0,0.0,0.0,3,12.0,24.1,217,Overcast,0,0,
32660,2021-10-07 18:15:00,40.86514,-73.801544,0,0,Brakes Defective,4465227,22.4,15.7,0.4,0.4,0.0,4.0,51,10.5,20.5,231,Drizzle: Light,0,0,
32661,2021-10-06 20:36:00,40.59876,-73.97794,2,0,Driver Inexperience,4465494,20.3,16.0,0.1,0.1,0.0,1.0,51,6.5,14.0,28,Drizzle: Light,2,2,
32662,2021-10-04 19:20:00,40.600136,-73.99087,0,0,Backing Unsafely,4465596,20.6,16.4,21.8,21.8,0.0,17.0,63,20.8,42.8,61,Rain: Moderate,0,0,
32663,2021-09-27 11:17:00,40.82725,-73.91754,1,0,,4465349,25.9,14.6,0.0,0.0,0.0,0.0,3,24.1,45.0,233,Overcast,1,1,
32664,2021-10-04 09:45:00,40.584774,-73.96011,0,0,Following Too Closely,4465657,20.6,16.4,21.8,21.8,0.0,17.0,63,20.8,42.8,61,Rain: Moderate,0,0,
32665,2021-10-08 20:52:00,40.709156,-73.84107,2,0,Alcohol Involvement,4465508,23.7,14.5,0.0,0.0,0.0,0.0,3,13.0,22.3,94,Overcast,2,2,
32666,2021-10-05 00:00:00,40.689735,-73.97611,0,0,Unspecified,4465291,19.9,15.0,0.0,0.0,0.0,0.0,3,14.5,28.1,46,Overcast,0,0,
32667,2021-10-07 09:30:00,40.600384,-73.975365,0,0,Unspecified,4464971,22.4,15.7,0.4,0.4,0.0,4.0,51,10.5,20.5,231,Drizzle: Light,0,0,
32668,2021-09-25 15:19:00,40.68605,-73.831726,1,0,Failure to Yield Right-of-Way,4466007,22.8,14.0,0.0,0.0,0.0,0.0,3,7.9,15.8,322,Overcast,1,1,
32669,2021-10-06 14:30:00,40.779663,-73.80284,0,0,Unspecified,4465631,20.3,16.0,0.1,0.1,0.0,1.0,51,6.5,14.0,28,Drizzle: Light,0,0,
32670,2021-10-06 09:35:00,40.598522,-73.98657,1,0,Traffic Control Disregarded,4464677,20.3,16.0,0.1,0.1,0.0,1.0,51,6.5,14.0,28,Drizzle: Light,1,1,
32671,2021-10-06 22:11:00,40.69149,-73.92557,0,0,Other Vehicular,4464907,20.3,16.0,0.1,0.1,0.0,1.0,51,6.5,14.0,28,Drizzle: Light,0,0,
32672,2021-10-08 16:05:00,40.732822,-73.8684,1,0,Driver Inattention/Distraction,4465403,23.7,14.5,0.0,0.0,0.0,0.0,3,13.0,22.3,94,Overcast,1,1,
32673,2021-10-06 12:50:00,40.7391,-74.001015,1,0,Outside Car Distraction,4464751,20.3,16.0,0.1,0.1,0.0,1.0,51,6.5,14.0,28,Drizzle: Light,1,1,
32674,2021-10-07 16:20:00,40.64545,-73.97311,0,0,Other Vehicular,4465726,22.4,15.7,0.4,0.4,0.0,4.0,51,10.5,20.5,231,Drizzle: Light,0,0,
32675,2021-10-08 07:30:00,40.828224,-73.87624,0,0,Unspecified,4465205,23.7,14.5,0.0,0.0,0.0,0.0,3,13.0,22.3,94,Overcast,0,0,
32676,2021-10-08 08:00:00,40.874992,-73.81846,0,0,Other Vehicular,4465337,23.7,14.5,0.0,0.0,0.0,0.0,3,13.0,22.3,94,Overcast,0,0,
32677,2021-10-08 22:30:00,40.685795,-73.911644,0,0,Driver Inattention/Distraction,4465444,23.7,14.5,0.0,0.0,0.0,0.0,3,13.0,22.3,94,Overcast,0,0,
32678,2021-10-06 18:15:00,40.7133,-73.96742,0,0,Passing Too Closely,4464914,20.3,16.0,0.1,0.1,0.0,1.0,51,6.5,14.0,28,Drizzle: Light,0,0,
32679,2021-10-06 17:30:00,40.57997,-73.97466,1,0,Driver Inexperience,4464799,20.3,16.0,0.1,0.1,0.0,1.0,51,6.5,14.0,28,Drizzle: Light,1,1,
32680,2021-10-06 19:23:00,40.76007,-73.90928,1,0,Pavement Defective,4464906,20.3,16.0,0.1,0.1,0.0,1.0,51,6.5,14.0,28,Drizzle: Light,1,1,
32681,2021-10-05 12:43:00,40.69782,-73.927826,0,0,Passing Too Closely,4465177,19.9,15.0,0.0,0.0,0.0,0.0,3,14.5,28.1,46,Overcast,0,0,
32682,2021-10-06 08:04:00,40.672234,-73.88471,1,0,Drugs (illegal),4465062,20.3,16.0,0.1,0.1,0.0,1.0,51,6.5,14.0,28,Drizzle: Light,1,1,
32683,2021-10-06 16:50:00,40.831074,-73.82464,1,0,Unspecified,4464867,20.3,16.0,0.1,0.1,0.0,1.0,51,6.5,14.0,28,Drizzle: Light,1,1,
32684,2021-10-07 17:17:00,40.79581,-73.96911,1,0,Passing or Lane Usage Improper,4465072,22.4,15.7,0.4,0.4,0.0,4.0,51,10.5,20.5,231,Drizzle: Light,1,1,
32685,2021-10-07 13:40:00,40.748684,-73.98915,0,0,Passing or Lane Usage Improper,4465754,22.4,15.7,0.4,0.4,0.0,4.0,51,10.5,20.5,231,Drizzle: Light,0,0,
32686,2021-10-06 02:57:00,40.736534,-73.85611,1,0,Unsafe Lane Changing,4464569,20.3,16.0,0.1,0.1,0.0,1.0,51,6.5,14.0,28,Drizzle: Light,1,1,
32687,2021-10-07 16:55:00,40.674038,-73.73026,1,0,Unspecified,4465097,22.4,15.7,0.4,0.4,0.0,4.0,51,10.5,20.5,231,Drizzle: Light,1,1,
32688,2021-10-08 20:14:00,40.85088,-73.851814,1,0,Failure to Yield Right-of-Way,4465477,23.7,14.5,0.0,0.0,0.0,0.0,3,13.0,22.3,94,Overcast,1,1,
32689,2021-10-07 16:37:00,40.846096,-73.91919,0,0,Passing Too Closely,4465194,22.4,15.7,0.4,0.4,0.0,4.0,51,10.5,20.5,231,Drizzle: Light,0,0,
32690,2021-10-06 13:00:00,40.692883,-73.95678,0,0,Driver Inattention/Distraction,4465771,20.3,16.0,0.1,0.1,0.0,1.0,51,6.5,14.0,28,Drizzle: Light,0,0,
32691,2021-10-07 14:59:00,40.65973,-73.74174,1,0,Failure to Yield Right-of-Way,4465017,22.4,15.7,0.4,0.4,0.0,4.0,51,10.5,20.5,231,Drizzle: Light,1,1,
32692,2021-10-04 15:35:00,40.84329,-73.865425,0,0,Unspecified,4465342,20.6,16.4,21.8,21.8,0.0,17.0,63,20.8,42.8,61,Rain: Moderate,0,0,
32693,2021-10-06 21:57:00,40.639297,-73.98409,1,0,Failure to Yield Right-of-Way,4465144,20.3,16.0,0.1,0.1,0.0,1.0,51,6.5,14.0,28,Drizzle: Light,1,1,
32694,2021-10-08 14:20:00,40.809547,-73.94183,0,0,Reaction to Uninvolved Vehicle,4466044,23.7,14.5,0.0,0.0,0.0,0.0,3,13.0,22.3,94,Overcast,0,0,
32695,2021-10-08 12:45:00,40.73775,-73.768394,1,0,Following Too Closely,4465375,23.7,14.5,0.0,0.0,0.0,0.0,3,13.0,22.3,94,Overcast,1,1,
32696,2021-10-08 13:20:00,40.692516,-73.85911,0,0,Passing Too Closely,4465512,23.7,14.5,0.0,0.0,0.0,0.0,3,13.0,22.3,94,Overcast,0,0,
32697,2021-10-08 20:57:00,40.82461,-73.910484,0,0,Unsafe Lane Changing,4465701,23.7,14.5,0.0,0.0,0.0,0.0,3,13.0,22.3,94,Overcast,0,0,
32698,2021-10-07 10:01:00,40.608223,-74.1294,2,0,Following Too Closely,4465232,22.4,15.7,0.4,0.4,0.0,4.0,51,10.5,20.5,231,Drizzle: Light,2,2,
32699,2021-10-08 17:08:00,40.762386,-73.742935,2,0,Failure to Yield Right-of-Way,4465392,23.7,14.5,0.0,0.0,0.0,0.0,3,13.0,22.3,94,Overcast,2,2,
32700,2021-10-04 12:30:00,40.662743,-73.921936,0,0,Unspecified,4465536,20.6,16.4,21.8,21.8,0.0,17.0,63,20.8,42.8,61,Rain: Moderate,0,0,
32701,2021-10-07 17:30:00,40.73376,-73.93743,0,0,Passing Too Closely,4465364,22.4,15.7,0.4,0.4,0.0,4.0,51,10.5,20.5,231,Drizzle: Light,0,0,
32702,2021-10-07 14:50:00,40.751656,-73.99014,0,0,Driver Inattention/Distraction,4465757,22.4,15.7,0.4,0.4,0.0,4.0,51,10.5,20.5,231,Drizzle: Light,0,0,
32703,2021-10-02 16:37:00,40.750763,-73.97445,0,0,Following Too Closely,4465420,23.7,10.8,0.0,0.0,0.0,0.0,3,17.0,34.2,254,Overcast,0,0,
32704,2021-09-30 10:40:00,40.662674,-73.94562,1,0,Failure to Yield Right-of-Way,4465520,18.8,13.1,0.0,0.0,0.0,0.0,3,18.1,37.4,330,Overcast,1,1,
32705,2021-10-03 02:40:00,40.667236,-73.770004,0,0,Unsafe Lane Changing,4465626,25.9,12.8,0.0,0.0,0.0,0.0,3,12.0,24.1,217,Overcast,0,0,
32706,2021-10-08 10:00:00,40.67346,-73.97942,0,0,Passing or Lane Usage Improper,4465955,23.7,14.5,0.0,0.0,0.0,0.0,3,13.0,22.3,94,Overcast,0,0,
32707,2021-08-15 19:20:00,40.887592,-73.8572,1,0,Driver Inattention/Distraction,4466069,27.9,20.0,0.0,0.0,0.0,0.0,3,16.6,33.1,25,Overcast,1,1,
32708,2021-10-06 10:00:00,40.845352,-73.92821,0,0,Unsafe Lane Changing,4466002,20.3,16.0,0.1,0.1,0.0,1.0,51,6.5,14.0,28,Drizzle: Light,0,0,
32709,2021-10-07 18:25:00,40.69993,-73.96188,0,0,Passing or Lane Usage Improper,4465129,22.4,15.7,0.4,0.4,0.0,4.0,51,10.5,20.5,231,Drizzle: Light,0,0,
32710,2021-10-06 20:20:00,40.837673,-73.91922,1,0,Traffic Control Disregarded,4465679,20.3,16.0,0.1,0.1,0.0,1.0,51,6.5,14.0,28,Drizzle: Light,1,1,
32711,2021-10-07 19:00:00,40.708694,-73.80362,0,0,Driver Inattention/Distraction,4465458,22.4,15.7,0.4,0.4,0.0,4.0,51,10.5,20.5,231,Drizzle: Light,0,0,
32712,2021-10-08 08:30:00,40.736874,-73.844955,0,0,Following Too Closely,4465259,23.7,14.5,0.0,0.0,0.0,0.0,3,13.0,22.3,94,Overcast,0,0,