,CRASH DATETIME,LATITUDE,LONGITUDE,NUMBER OF PERSONS INJURED,NUMBER OF PERSONS KILLED,CONTRIBUTING FACTOR VEHICLE 1,COLLISION_ID,temperature_2m_max,temperature_2m_min,precipitation_sum,rain_sum,snowfall_sum,precipitation_hours,weather_code,wind_speed_10m_max,wind_gusts_10m_max,wind_direction_10m_dominant,Weather Description,Severity_Score,Total_Affected_Persons,Weather_Category
32713,2021-10-07 20:54:00,40.843906,-73.92413,0,0,Unsafe Speed,4465347,22.4,15.7,0.4,0.4,0.0,4.0,51,10.5,20.5,231,Drizzle: Light,0,0,
32714,2021-10-08 08:05:00,40.70778,-73.79341,0,0,View Obstructed/Limited,4465264,23.7,14.5,0.0,0.0,0.0,0.0,3,13.0,22.3,94,Overcast,0,0,
32715,2021-10-08 10:13:00,40.671787,-73.95311,0,0,Following Too Closely,4465800,23.7,14.5,0.0,0.0,0.0,0.0,3,13.0,22.3,94,Overcast,0,0,
32716,2021-10-07 06:40:00,40.740364,-73.89972,0,0,Driver Inattention/Distraction,4464963,22.4,15.7,0.4,0.4,0.0,4.0,51,10.5,20.5,231,Drizzle: Light,0,0,
32717,2021-10-06 07:09:00,40.646572,-74.08909,0,0,Unspecified,4464734,20.3,16.0,0.1,0.1,0.0,1.0,51,6.5,14.0,28,Drizzle: Light,0,0,
32718,2021-10-06 13:40:00,40.713985,-73.791214,0,0,Unspecified,4464739,20.3,16.0,0.1,0.1,0.0,1.0,51,6.5,14.0,28,Drizzle: Light,0,0,
32719,2021-10-06 16:40:00,40.838017,-73.90452,0,0,Backing Unsafely,4464933,20.3,16.0,0.1,0.1,0.0,1.0,51,6.5,14.0,28,Drizzle: Light,0,0,
32720,2021-10-07 10:08:00,40.62853,-74.016785,0,0,Unspecified,4465094,22.4,15.7,0.4,0.4,0.0,4.0,51,10.5,20.5,231,Drizzle: Light,0,0,
32721,2021-10-06 15:30:00,40.759197,-73.98463,0,0,Driver Inattention/Distraction,4464755,20.3,16.0,0.1,0.1,0.0,1.0,51,6.5,14.0,28,Drizzle: Light,0,0,
32722,2021-10-08 12:18:00,40.70694,-73.91774,0,0,Passing Too Closely,4465857,23.7,14.5,0.0,0.0,0.0,0.0,3,13.0,22.3,94,Overcast,0,0,
32723,2021-10-07 09:46:00,40.763874,-73.92251,1,0,Passenger Distraction,4464957,22.4,15.7,0.4,0.4,0.0,4.0,51,10.5,20.5,231,Drizzle: Light,1,1,
32724,2021-10-07 21:08:00,40.66801,-73.91033,0,0,Unspecified,4465110,22.4,15.7,0.4,0.4,0.0,4.0,51,10.5,20.5,231,Drizzle: Light,0,0,
32725,2021-10-06 17:00:00,40.673992,-73.73508,0,0,Unspecified,4464788,20.3,16.0,0.1,0.1,0.0,1.0,51,6.5,14.0,28,Drizzle: Light,0,0,
32726,2021-10-08 16:40:00,40.61964,-73.91578,0,0,Traffic Control Disregarded,4465407,23.7,14.5,0.0,0.0,0.0,0.0,3,13.0,22.3,94,Overcast,0,0,
32727,2021-10-07 08:15:00,40.746105,-73.7668,0,0,Following Too Closely,4464978,22.4,15.7,0.4,0.4,0.0,4.0,51,10.5,20.5,231,Drizzle: Light,0,0,
32728,2021-10-08 16:10:00,40.757233,-73.9898,1,0,Following Too Closely,4465575,23.7,14.5,0.0,0.0,0.0,0.0,3,13.0,22.3,94,Overcast,1,1,
32729,2021-10-07 20:40:00,40.695995,-73.96742,0,0,Passing or Lane Usage Improper,4465127,22.4,15.7,0.4,0.4,0.0,4.0,51,10.5,20.5,231,Drizzle: Light,0,0,
32730,2021-10-06 09:28:00,40.798794,-73.93795,0,0,Backing Unsafely,4464704,20.3,16.0,0.1,0.1,0.0,1.0,51,6.5,14.0,28,Drizzle: Light,0,0,
32731,2021-10-06 12:00:00,40.636826,-74.011765,0,0,Unspecified,4465278,20.3,16.0,0.1,0.1,0.0,1.0,51,6.5,14.0,28,Drizzle: Light,0,0,
32732,2021-10-06 16:40:00,40.698364,-73.93773,0,0,Driver Inattention/Distraction,4464934,20.3,16.0,0.1,0.1,0.0,1.0,51,6.5,14.0,28,Drizzle: Light,0,0,
32733,2021-09-18 06:00:00,40.832897,-73.862274,0,0,Turning Improperly,4465209,27.1,19.2,0.2,0.2,0.0,2.0,51,14.6,25.9,349,Drizzle: Light,0,0,
32734,2021-10-07 11:38:00,40.728386,-73.9777,0,0,Aggressive Driving/Road Rage,4465652,22.4,15.7,0.4,0.4,0.0,4.0,51,10.5,20.5,231,Drizzle: Light,0,0,
32735,2021-09-28 17:15:00,40.77353,-73.98534,0,0,Unspecified,4465440,22.1,16.3,12.4,12.4,0.0,9.0,63,19.2,38.5,264,Rain: Moderate,0,0,
32736,2021-10-08 07:58:00,40.684032,-73.91742,1,0,Failure to Yield Right-of-Way,4465418,23.7,14.5,0.0,0.0,0.0,0.0,3,13.0,22.3,94,Overcast,1,1,
32737,2021-10-07 09:05:00,40.802483,-73.946754,0,0,Passing Too Closely,4465793,22.4,15.7,0.4,0.4,0.0,4.0,51,10.5,20.5,231,Drizzle: Light,0,0,
32738,2021-10-08 08:11:00,40.711845,-73.859764,1,0,Failure to Yield Right-of-Way,4465396,23.7,14.5,0.0,0.0,0.0,0.0,3,13.0,22.3,94,Overcast,1,1,
32739,2021-10-07 10:00:00,40.82684,-73.916245,0,0,Unspecified,4465996,22.4,15.7,0.4,0.4,0.0,4.0,51,10.5,20.5,231,Drizzle: Light,0,0,
32740,2021-12-29 13:17:00,40.602295,-73.752174,1,0,Oversized Vehicle,4490573,7.6,4.1,8.1,8.1,0.0,8.0,61,12.2,24.1,52,Rain: Light,1,1,
32741,2021-12-29 16:20:00,40.854954,-73.8934,0,0,Passing or Lane Usage Improper,4490564,7.6,4.1,8.1,8.1,0.0,8.0,61,12.2,24.1,52,Rain: Light,0,0,
32742,2021-10-07 07:10:00,40.588215,-73.80515,1,0,Following Too Closely,4465585,22.4,15.7,0.4,0.4,0.0,4.0,51,10.5,20.5,231,Drizzle: Light,1,1,
32743,2021-10-07 08:30:00,40.62343,-73.91023,0,0,Unspecified,4464995,22.4,15.7,0.4,0.4,0.0,4.0,51,10.5,20.5,231,Drizzle: Light,0,0,
32744,2021-10-06 10:00:00,40.814774,-73.94038,1,0,Driver Inattention/Distraction,4465236,20.3,16.0,0.1,0.1,0.0,1.0,51,6.5,14.0,28,Drizzle: Light,1,1,
32745,2021-10-07 10:15:00,40.626858,-73.96824,0,0,Driver Inattention/Distraction,4465651,22.4,15.7,0.4,0.4,0.0,4.0,51,10.5,20.5,231,Drizzle: Light,0,0,
32746,2021-10-06 09:16:00,40.7171,-73.9986,0,0,Failure to Yield Right-of-Way,4464754,20.3,16.0,0.1,0.1,0.0,1.0,51,6.5,14.0,28,Drizzle: Light,0,0,
32747,2021-10-07 11:40:00,40.681934,-73.922554,0,0,Passing Too Closely,4465827,22.4,15.7,0.4,0.4,0.0,4.0,51,10.5,20.5,231,Drizzle: Light,0,0,
32748,2021-10-08 10:30:00,40.71896,-74.00128,0,0,Passing or Lane Usage Improper,4465716,23.7,14.5,0.0,0.0,0.0,0.0,3,13.0,22.3,94,Overcast,0,0,
32749,2021-10-06 18:30:00,40.66135,-73.96122,0,0,Unsafe Lane Changing,4465117,20.3,16.0,0.1,0.1,0.0,1.0,51,6.5,14.0,28,Drizzle: Light,0,0,
32750,2021-10-05 23:10:00,40.640034,-73.877945,0,0,Reaction to Uninvolved Vehicle,4465663,19.9,15.0,0.0,0.0,0.0,0.0,3,14.5,28.1,46,Overcast,0,0,
32751,2021-10-03 13:45:00,0.0,0.0,0,0,Driver Inattention/Distraction,4465923,25.9,12.8,0.0,0.0,0.0,0.0,3,12.0,24.1,217,Overcast,0,0,
32752,2021-09-21 23:20:00,40.676548,-73.96354,0,0,Driver Inattention/Distraction,4465802,23.1,16.4,0.0,0.0,0.0,0.0,3,14.2,29.5,108,Overcast,0,0,
32753,2021-10-08 08:45:00,40.603844,-74.12074,1,0,Passing or Lane Usage Improper,4465411,23.7,14.5,0.0,0.0,0.0,0.0,3,13.0,22.3,94,Overcast,1,1,
32754,2021-10-07 15:30:00,40.607258,-74.00265,0,0,Unspecified,4465611,22.4,15.7,0.4,0.4,0.0,4.0,51,10.5,20.5,231,Drizzle: Light,0,0,
32755,2021-10-08 18:34:00,40.751328,-73.94109,0,0,Unspecified,4465413,23.7,14.5,0.0,0.0,0.0,0.0,3,13.0,22.3,94,Overcast,0,0,
32756,2021-10-07 21:10:00,40.720375,-73.855515,0,0,Failure to Yield Right-of-Way,4465122,22.4,15.7,0.4,0.4,0.0,4.0,51,10.5,20.5,231,Drizzle: Light,0,0,
32757,2021-10-06 08:25:00,40.807,-73.88343,0,0,Backing Unsafely,4464780,20.3,16.0,0.1,0.1,0.0,1.0,51,6.5,14.0,28,Drizzle: Light,0,0,
32758,2021-10-07 05:05:00,40.711166,-73.9489,3,0,Driver Inattention/Distraction,4464887,22.4,15.7,0.4,0.4,0.0,4.0,51,10.5,20.5,231,Drizzle: Light,3,3,
32759,2021-10-07 13:30:00,40.579327,-74.097916,0,0,Driver Inattention/Distraction,4465112,22.4,15.7,0.4,0.4,0.0,4.0,51,10.5,20.5,231,Drizzle: Light,0,0,
32760,2021-10-06 17:00:00,40.701416,-73.99334,0,0,Following Too Closely,4465016,20.3,16.0,0.1,0.1,0.0,1.0,51,6.5,14.0,28,Drizzle: Light,0,0,
32761,2021-10-08 15:00:00,40.71903,-74.00876,0,0,Failure to Yield Right-of-Way,4465379,23.7,14.5,0.0,0.0,0.0,0.0,3,13.0,22.3,94,Overcast,0,0,
32762,2021-10-07 19:10:00,40.64519,-73.948,1,0,Other Vehicular,4465088,22.4,15.7,0.4,0.4,0.0,4.0,51,10.5,20.5,231,Drizzle: Light,1,1,
32763,2021-10-06 07:29:00,40.65559,-73.91187,0,0,Other Vehicular,4464719,20.3,16.0,0.1,0.1,0.0,1.0,51,6.5,14.0,28,Drizzle: Light,0,0,
32764,2021-10-07 21:03:00,40.742805,-73.90428,1,0,Traffic Control Disregarded,4465247,22.4,15.7,0.4,0.4,0.0,4.0,51,10.5,20.5,231,Drizzle: Light,1,1,
32765,2021-12-30 21:25:00,40.663303,-73.960625,1,0,Driver Inattention/Distraction,4490759,8.3,5.0,1.8,1.8,0.0,7.0,53,9.9,17.6,22,Drizzle: Moderate,1,1,
32766,2021-10-06 09:25:00,40.747623,-73.89658,0,0,Unspecified,4464797,20.3,16.0,0.1,0.1,0.0,1.0,51,6.5,14.0,28,Drizzle: Light,0,0,
32767,2021-10-06 13:08:00,40.659355,-73.9992,1,0,Unspecified,4465225,20.3,16.0,0.1,0.1,0.0,1.0,51,6.5,14.0,28,Drizzle: Light,1,1,
32768,2021-10-06 10:00:00,40.725243,-73.933914,0,0,Passing or Lane Usage Improper,4464662,20.3,16.0,0.1,0.1,0.0,1.0,51,6.5,14.0,28,Drizzle: Light,0,0,
32769,2021-10-05 17:39:00,40.65946,-73.991806,2,0,Unspecified,4465279,19.9,15.0,0.0,0.0,0.0,0.0,3,14.5,28.1,46,Overcast,2,2,
32770,2021-10-07 15:50:00,40.877476,-73.83661,0,0,Unspecified,4465216,22.4,15.7,0.4,0.4,0.0,4.0,51,10.5,20.5,231,Drizzle: Light,0,0,
32771,2021-10-06 15:30:00,40.612488,-73.89707,0,0,Driver Inattention/Distraction,4464771,20.3,16.0,0.1,0.1,0.0,1.0,51,6.5,14.0,28,Drizzle: Light,0,0,
32772,2021-10-04 22:36:00,40.61242,-73.94026,0,0,Driver Inattention/Distraction,4465406,20.6,16.4,21.8,21.8,0.0,17.0,63,20.8,42.8,61,Rain: Moderate,0,0,
32773,2021-10-06 18:49:00,40.644913,-73.97443,0,0,Unspecified,4465146,20.3,16.0,0.1,0.1,0.0,1.0,51,6.5,14.0,28,Drizzle: Light,0,0,
32774,2021-10-08 23:12:00,40.687866,-73.96879,1,0,Unsafe Speed,4465450,23.7,14.5,0.0,0.0,0.0,0.0,3,13.0,22.3,94,Overcast,1,1,
32775,2021-12-23 15:04:00,40.869522,-73.8899,1,0,Unspecified,4490898,2.1,-2.3,0.0,0.0,0.0,0.0,3,20.1,35.6,299,Overcast,1,1,
32776,2021-10-06 12:00:00,40.60675,-74.12098,0,0,Driver Inattention/Distraction,4464928,20.3,16.0,0.1,0.1,0.0,1.0,51,6.5,14.0,28,Drizzle: Light,0,0,
32777,2021-10-06 11:05:00,40.72302,-73.97998,0,0,Driver Inattention/Distraction,4465616,20.3,16.0,0.1,0.1,0.0,1.0,51,6.5,14.0,28,Drizzle: Light,0,0,
32778,2021-10-02 00:00:00,40.860855,-73.84145,0,0,Driver Inexperience,4465332,23.7,10.8,0.0,0.0,0.0,0.0,3,17.0,34.2,254,Overcast,0,0,
32779,2021-10-06 16:45:00,40.744465,-73.77179,2,0,Driver Inattention/Distraction,4464760,20.3,16.0,0.1,0.1,0.0,1.0,51,6.5,14.0,28,Drizzle: Light,2,2,
32780,2021-10-07 07:50:00,40.768658,-73.90979,0,0,Glare,4465300,22.4,15.7,0.4,0.4,0.0,4.0,51,10.5,20.5,231,Drizzle: Light,0,0,
32781,2021-10-07 19:10:00,40.58689,-73.94319,3,0,Unspecified,4465169,22.4,15.7,0.4,0.4,0.0,4.0,51,10.5,20.5,231,Drizzle: Light,3,3,
32782,2021-10-01 12:15:00,40.833397,-73.93538,2,0,View Obstructed/Limited,4466037,19.4,9.5,0.0,0.0,0.0,0.0,0,13.8,28.1,302,Clear sky,2,2,Sunny/Clear Conditions
32783,2021-10-04 09:20:00,40.68218,-73.94659,1,0,Failure to Yield Right-of-Way,4465770,20.6,16.4,21.8,21.8,0.0,17.0,63,20.8,42.8,61,Rain: Moderate,1,1,
32784,2021-10-07 09:00:00,40.77146,-73.994354,0,0,Unspecified,4464979,22.4,15.7,0.4,0.4,0.0,4.0,51,10.5,20.5,231,Drizzle: Light,0,0,
32785,2021-10-08 06:50:00,40.618973,-74.00523,1,0,Failure to Yield Right-of-Way,4465600,23.7,14.5,0.0,0.0,0.0,0.0,3,13.0,22.3,94,Overcast,1,1,
32786,2021-10-07 17:45:00,40.676147,-73.98391,1,0,Traffic Control Disregarded,4465184,22.4,15.7,0.4,0.4,0.0,4.0,51,10.5,20.5,231,Drizzle: Light,1,1,
32787,2021-10-08 19:30:00,40.76052,-73.87379,1,0,Driver Inattention/Distraction,4465374,23.7,14.5,0.0,0.0,0.0,0.0,3,13.0,22.3,94,Overcast,1,1,
32788,2021-10-06 19:05:00,40.905018,-73.88631,1,0,Unspecified,4464835,20.3,16.0,0.1,0.1,0.0,1.0,51,6.5,14.0,28,Drizzle: Light,1,1,
32789,2021-10-07 10:25:00,40.625046,-74.02446,1,0,Unspecified,4464949,22.4,15.7,0.4,0.4,0.0,4.0,51,10.5,20.5,231,Drizzle: Light,1,1,
32790,2021-10-03 22:30:00,40.64638,-73.9288,2,0,View Obstructed/Limited,4465534,25.9,12.8,0.0,0.0,0.0,0.0,3,12.0,24.1,217,Overcast,2,2,
32791,2021-10-08 21:38:00,40.6952,-73.92844,0,0,Driver Inattention/Distraction,4465443,23.7,14.5,0.0,0.0,0.0,0.0,3,13.0,22.3,94,Overcast,0,0,
32792,2021-10-06 18:50:00,40.63413,-73.928505,1,0,Unspecified,4464990,20.3,16.0,0.1,0.1,0.0,1.0,51,6.5,14.0,28,Drizzle: Light,1,1,
32793,2021-12-24 09:18:00,40.87609,-73.833435,0,0,Unspecified,4491449,5.7,-1.1,1.0,0.0,0.7,5.0,73,12.4,21.6,73,Snow fall: Moderate,0,0,Snowy Conditions
32794,2021-10-06 21:30:00,40.815205,-73.947495,1,0,Failure to Yield Right-of-Way,4465240,20.3,16.0,0.1,0.1,0.0,1.0,51,6.5,14.0,28,Drizzle: Light,1,1,
32795,2021-10-07 10:00:00,40.610046,-73.97325,0,0,Driver Inattention/Distraction,4464970,22.4,15.7,0.4,0.4,0.0,4.0,51,10.5,20.5,231,Drizzle: Light,0,0,
32796,2021-10-06 17:19:00,40.66929,-73.842445,0,0,Passing or Lane Usage Improper,4464878,20.3,16.0,0.1,0.1,0.0,1.0,51,6.5,14.0,28,Drizzle: Light,0,0,
32797,2021-09-23 17:13:00,40.6572,-73.97402,0,0,Failure to Yield Right-of-Way,4465545,26.2,18.0,15.6,15.6,0.0,14.0,63,40.7,77.4,156,Rain: Moderate,0,0,
32798,2021-10-07 17:10:00,40.881397,-73.85427,0,0,Backing Unsafely,4465039,22.4,15.7,0.4,0.4,0.0,4.0,51,10.5,20.5,231,Drizzle: Light,0,0,
32799,2021-10-07 15:09:00,40.68916,-73.99263,0,0,Unspecified,4465105,22.4,15.7,0.4,0.4,0.0,4.0,51,10.5,20.5,231,Drizzle: Light,0,0,
32800,2021-10-08 13:45:00,40.63188,-73.9954,1,0,Unspecified,4465738,23.7,14.5,0.0,0.0,0.0,0.0,3,13.0,22.3,94,Overcast,1,1,
32801,2021-10-07 22:40:00,40.74833,-73.896095,1,0,Driver Inattention/Distraction,4465253,22.4,15.7,0.4,0.4,0.0,4.0,51,10.5,20.5,231,Drizzle: Light,1,1,
32802,2021-10-06 16:15:00,40.601204,-74.06509,0,0,Driver Inattention/Distraction,4464825,20.3,16.0,0.1,0.1,0.0,1.0,51,6.5,14.0,28,Drizzle: Light,0,0,
32803,2021-10-06 16:07:00,40.636707,-73.97286,0,0,Lost Consciousness,4465655,20.3,16.0,0.1,0.1,0.0,1.0,51,6.5,14.0,28,Drizzle: Light,0,0,
32804,2021-10-07 17:35:00,40.854263,-73.869385,0,0,Passing or Lane Usage Improper,4465211,22.4,15.7,0.4,0.4,0.0,4.0,51,10.5,20.5,231,Drizzle: Light,0,0,
32805,2021-10-06 06:30:00,40.66636,-73.882744,0,0,Unspecified,4465055,20.3,16.0,0.1,0.1,0.0,1.0,51,6.5,14.0,28,Drizzle: Light,0,0,
32806,2021-10-08 01:31:00,40.62501,-74.16144,0,0,Driver Inattention/Distraction,4465196,23.7,14.5,0.0,0.0,0.0,0.0,3,13.0,22.3,94,Overcast,0,0,
32807,2021-10-07 08:50:00,40.80538,-73.93458,1,0,Failure to Yield Right-of-Way,4465285,22.4,15.7,0.4,0.4,0.0,4.0,51,10.5,20.5,231,Drizzle: Light,1,1,
32808,2021-10-08 09:11:00,40.74341,-73.85152,0,0,Failure to Yield Right-of-Way,4465401,23.7,14.5,0.0,0.0,0.0,0.0,3,13.0,22.3,94,Overcast,0,0,
32809,2021-10-06 04:30:00,40.7429,-73.89659,1,0,Driver Inattention/Distraction,4464600,20.3,16.0,0.1,0.1,0.0,1.0,51,6.5,14.0,28,Drizzle: Light,1,1,
32810,2021-10-07 17:10:00,40.6757,-73.89729,0,0,Unsafe Speed,4465073,22.4,15.7,0.4,0.4,0.0,4.0,51,10.5,20.5,231,Drizzle: Light,0,0,
32811,2021-10-06 17:13:00,40.62977,-73.97925,0,0,Lost Consciousness,4465656,20.3,16.0,0.1,0.1,0.0,1.0,51,6.5,14.0,28,Drizzle: Light,0,0,
32812,2021-10-07 07:55:00,40.665794,-73.7464,0,0,Unspecified,4465152,22.4,15.7,0.4,0.4,0.0,4.0,51,10.5,20.5,231,Drizzle: Light,0,0,
32813,2021-10-06 12:10:00,40.834503,-73.93037,0,0,Backing Unsafely,4465343,20.3,16.0,0.1,0.1,0.0,1.0,51,6.5,14.0,28,Drizzle: Light,0,0,
32814,2021-10-03 00:00:00,40.67986,-73.7883,0,0,Passing Too Closely,4465937,25.9,12.8,0.0,0.0,0.0,0.0,3,12.0,24.1,217,Overcast,0,0,
32815,2021-10-06 10:08:00,40.738754,-74.0055,0,0,Unspecified,4464747,20.3,16.0,0.1,0.1,0.0,1.0,51,6.5,14.0,28,Drizzle: Light,0,0,
32816,2021-10-08 15:43:00,40.749485,-73.7756,0,0,Driver Inattention/Distraction,4465500,23.7,14.5,0.0,0.0,0.0,0.0,3,13.0,22.3,94,Overcast,0,0,
32817,2021-10-07 16:19:00,40.64479,-74.01433,1,0,Failure to Yield Right-of-Way,4465268,22.4,15.7,0.4,0.4,0.0,4.0,51,10.5,20.5,231,Drizzle: Light,1,1,
32818,2021-10-06 12:00:00,40.838715,-73.91998,0,0,Passing or Lane Usage Improper,4464853,20.3,16.0,0.1,0.1,0.0,1.0,51,6.5,14.0,28,Drizzle: Light,0,0,
32819,2021-10-08 19:45:00,40.71582,-73.80799,4,0,Unspecified,4465456,23.7,14.5,0.0,0.0,0.0,0.0,3,13.0,22.3,94,Overcast,4,4,
32820,2021-10-07 21:40:00,40.65912,-73.72667,0,0,Backing Unsafely,4465102,22.4,15.7,0.4,0.4,0.0,4.0,51,10.5,20.5,231,Drizzle: Light,0,0,
32821,2021-10-07 18:00:00,40.71186,-73.73554,1,0,Driver Inattention/Distraction,4465021,22.4,15.7,0.4,0.4,0.0,4.0,51,10.5,20.5,231,Drizzle: Light,1,1,
32822,2021-10-08 08:00:00,40.65293,-73.73205,0,0,Unspecified,4465438,23.7,14.5,0.0,0.0,0.0,0.0,3,13.0,22.3,94,Overcast,0,0,
32823,2021-10-08 22:50:00,40.69915,-73.78025,0,0,Unsafe Speed,4465957,23.7,14.5,0.0,0.0,0.0,0.0,3,13.0,22.3,94,Overcast,0,0,
32824,2021-10-08 11:58:00,40.69078,-73.72728,0,0,Unspecified,4465311,23.7,14.5,0.0,0.0,0.0,0.0,3,13.0,22.3,94,Overcast,0,0,
32825,2021-10-06 01:30:00,40.69854,-73.94116,3,0,Driver Inattention/Distraction,4465780,20.3,16.0,0.1,0.1,0.0,1.0,51,6.5,14.0,28,Drizzle: Light,3,3,
32826,2021-09-24 07:00:00,40.82153,-73.87863,0,0,Aggressive Driving/Road Rage,4465221,22.4,15.6,26.0,26.0,0.0,9.0,63,14.2,29.9,274,Rain: Moderate,0,0,
32827,2021-06-01 17:06:00,40.516457,-74.196884,0,0,Unspecified,4465328,23.5,9.7,0.0,0.0,0.0,0.0,3,17.6,32.0,221,Overcast,0,0,
32828,2021-10-08 08:00:00,40.825756,-73.95094,0,0,Passing Too Closely,4465475,23.7,14.5,0.0,0.0,0.0,0.0,3,13.0,22.3,94,Overcast,0,0,
32829,2021-10-08 13:00:00,40.638214,-74.07589,1,0,Driver Inattention/Distraction,4465690,23.7,14.5,0.0,0.0,0.0,0.0,3,13.0,22.3,94,Overcast,1,1,
32830,2021-10-07 18:30:00,40.63679,-74.154144,1,0,Driver Inexperience,4465179,22.4,15.7,0.4,0.4,0.0,4.0,51,10.5,20.5,231,Drizzle: Light,1,1,
32831,2021-10-08 18:15:00,40.60567,-74.030945,0,0,Following Too Closely,4465865,23.7,14.5,0.0,0.0,0.0,0.0,3,13.0,22.3,94,Overcast,0,0,
32832,2021-10-07 13:35:00,40.861942,-73.89373,1,0,Unspecified,4465201,22.4,15.7,0.4,0.4,0.0,4.0,51,10.5,20.5,231,Drizzle: Light,1,1,
32833,2021-10-08 10:00:00,40.639893,-74.00624,0,0,Unspecified,4465386,23.7,14.5,0.0,0.0,0.0,0.0,3,13.0,22.3,94,Overcast,0,0,
32834,2021-10-08 16:30:00,40.765747,-73.86409,0,0,Driver Inattention/Distraction,4465369,23.7,14.5,0.0,0.0,0.0,0.0,3,13.0,22.3,94,Overcast,0,0,
32835,2021-10-07 18:41:00,40.619083,-73.950264,1,0,Driver Inattention/Distraction,4465787,22.4,15.7,0.4,0.4,0.0,4.0,51,10.5,20.5,231,Drizzle: Light,1,1,
32836,2021-10-07 04:25:00,40.71355,-73.73667,0,0,Fell Asleep,4464862,22.4,15.7,0.4,0.4,0.0,4.0,51,10.5,20.5,231,Drizzle: Light,0,0,
32837,2021-10-08 17:43:00,40.813255,-73.89804,1,0,Unspecified,4465448,23.7,14.5,0.0,0.0,0.0,0.0,3,13.0,22.3,94,Overcast,1,1,
32838,2021-10-06 10:00:00,40.725395,-74.00585,0,0,Failure to Yield Right-of-Way,4465157,20.3,16.0,0.1,0.1,0.0,1.0,51,6.5,14.0,28,Drizzle: Light,0,0,
32839,2021-10-08 19:40:00,40.683125,-73.98744,0,0,Driver Inattention/Distraction,4465431,23.7,14.5,0.0,0.0,0.0,0.0,3,13.0,22.3,94,Overcast,0,0,
32840,2021-10-07 00:56:00,40.836296,-73.87369,1,0,Unspecified,4464923,22.4,15.7,0.4,0.4,0.0,4.0,51,10.5,20.5,231,Drizzle: Light,1,1,
32841,2021-10-06 08:25:00,40.68871,-73.95499,1,0,Failure to Yield Right-of-Way,4465762,20.3,16.0,0.1,0.1,0.0,1.0,51,6.5,14.0,28,Drizzle: Light,1,1,
32842,2021-10-06 17:39:00,40.67725,-73.92754,0,0,Driver Inattention/Distraction,4465030,20.3,16.0,0.1,0.1,0.0,1.0,51,6.5,14.0,28,Drizzle: Light,0,0,
32843,2021-10-08 00:00:00,40.65008,-73.96101,1,0,,4465643,23.7,14.5,0.0,0.0,0.0,0.0,3,13.0,22.3,94,Overcast,1,1,
32844,2021-10-05 13:00:00,40.731777,-73.77012,0,0,Driver Inattention/Distraction,4465461,19.9,15.0,0.0,0.0,0.0,0.0,3,14.5,28.1,46,Overcast,0,0,
32845,2021-10-06 21:00:00,40.843296,-73.88685,0,0,Driver Inattention/Distraction,4464841,20.3,16.0,0.1,0.1,0.0,1.0,51,6.5,14.0,28,Drizzle: Light,0,0,
32846,2021-10-07 16:25:00,40.81755,-73.90343,0,0,Unspecified,4465317,22.4,15.7,0.4,0.4,0.0,4.0,51,10.5,20.5,231,Drizzle: Light,0,0,
32847,2021-10-08 09:00:00,40.88599,-73.82792,0,0,Driver Inattention/Distraction,4465835,23.7,14.5,0.0,0.0,0.0,0.0,3,13.0,22.3,94,Overcast,0,0,
32848,2021-10-08 12:51:00,40.71958,-73.83978,0,0,Driver Inattention/Distraction,4465594,23.7,14.5,0.0,0.0,0.0,0.0,3,13.0,22.3,94,Overcast,0,0,
32849,2021-10-08 13:30:00,40.696198,-73.98877,1,0,Passing Too Closely,4465354,23.7,14.5,0.0,0.0,0.0,0.0,3,13.0,22.3,94,Overcast,1,1,
32850,2021-10-06 18:00:00,40.65971,-73.76364,0,0,Unspecified,4464790,20.3,16.0,0.1,0.1,0.0,1.0,51,6.5,14.0,28,Drizzle: Light,0,0,
32851,2021-10-07 16:00:00,40.765087,-73.782875,0,0,Driver Inattention/Distraction,4465066,22.4,15.7,0.4,0.4,0.0,4.0,51,10.5,20.5,231,Drizzle: Light,0,0,
32852,2021-10-07 15:47:00,40.626713,-73.891655,1,0,Unspecified,4465080,22.4,15.7,0.4,0.4,0.0,4.0,51,10.5,20.5,231,Drizzle: Light,1,1,
32853,2021-10-08 14:30:00,40.7555,-73.792725,1,0,Unspecified,4465467,23.7,14.5,0.0,0.0,0.0,0.0,3,13.0,22.3,94,Overcast,1,1,
32854,2021-10-08 15:30:00,40.680923,-73.83544,0,0,Passing Too Closely,4466019,23.7,14.5,0.0,0.0,0.0,0.0,3,13.0,22.3,94,Overcast,0,0,
32855,2021-10-07 18:40:00,40.738686,-73.99588,1,0,Driver Inattention/Distraction,4465713,22.4,15.7,0.4,0.4,0.0,4.0,51,10.5,20.5,231,Drizzle: Light,1,1,
32856,2021-10-03 03:14:00,40.64503,-73.91998,0,0,Alcohol Involvement,4465530,25.9,12.8,0.0,0.0,0.0,0.0,3,12.0,24.1,217,Overcast,0,0,
32857,2021-10-06 23:05:00,40.653862,-74.008286,0,0,Driver Inattention/Distraction,4464942,20.3,16.0,0.1,0.1,0.0,1.0,51,6.5,14.0,28,Drizzle: Light,0,0,
32858,2021-10-06 00:00:00,40.811367,-73.95402,0,0,Following Too Closely,4465009,20.3,16.0,0.1,0.1,0.0,1.0,51,6.5,14.0,28,Drizzle: Light,0,0,
32859,2021-10-06 17:57:00,40.851963,-73.83557,1,0,Unspecified,4464872,20.3,16.0,0.1,0.1,0.0,1.0,51,6.5,14.0,28,Drizzle: Light,1,1,