,CRASH DATETIME,LATITUDE,LONGITUDE,NUMBER OF PERSONS INJURED,NUMBER OF PERSONS KILLED,CONTRIBUTING FACTOR VEHICLE 1,COLLISION_ID,temperature_2m_max,temperature_2m_min,precipitation_sum,rain_sum,snowfall_sum,precipitation_hours,weather_code,wind_speed_10m_max,wind_gusts_10m_max,wind_direction_10m_dominant,Weather Description,Severity_Score,Total_Affected_Persons,Weather_Category
32860,2021-10-08 06:00:00,40.704544,-73.727234,0,0,Following Too Closely,4465164,23.7,14.5,0.0,0.0,0.0,0.0,3,13.0,22.3,94,Overcast,0,0,
32861,2021-10-07 19:30:00,40.667027,-73.81326,0,0,Following Too Closely,4466008,22.4,15.7,0.4,0.4,0.0,4.0,51,10.5,20.5,231,Drizzle: Light,0,0,
32862,2021-10-08 21:50:00,40.815933,-73.90992,0,0,Backing Unsafely,4465557,23.7,14.5,0.0,0.0,0.0,0.0,3,13.0,22.3,94,Overcast,0,0,
32863,2021-10-06 22:51:00,40.651974,-73.86542,3,0,Passing or Lane Usage Improper,4464908,20.3,16.0,0.1,0.1,0.0,1.0,51,6.5,14.0,28,Drizzle: Light,3,3,
32864,2021-10-08 09:10:00,40.703575,-73.93282,1,0,Failure to Yield Right-of-Way,4465233,23.7,14.5,0.0,0.0,0.0,0.0,3,13.0,22.3,94,Overcast,1,1,
32865,2021-10-07 20:04:00,40.83147,-73.90566,2,0,Passenger Distraction,4465710,22.4,15.7,0.4,0.4,0.0,4.0,51,10.5,20.5,231,Drizzle: Light,2,2,
32866,2021-10-07 12:37:00,40.67443,-73.96694,1,0,Following Too Closely,4465803,22.4,15.7,0.4,0.4,0.0,4.0,51,10.5,20.5,231,Drizzle: Light,1,1,
32867,2021-10-07 10:55:00,40.868004,-73.88425,0,0,Backing Unsafely,4465481,22.4,15.7,0.4,0.4,0.0,4.0,51,10.5,20.5,231,Drizzle: Light,0,0,
32868,2021-10-08 18:29:00,40.826427,-73.950455,1,0,Turning Improperly,4465586,23.7,14.5,0.0,0.0,0.0,0.0,3,13.0,22.3,94,Overcast,1,1,
32869,2021-10-07 20:25:00,40.611427,-74.116844,1,0,Pedestrian/Bicyclist/Other Pedestrian Error/Confusion,4465109,22.4,15.7,0.4,0.4,0.0,4.0,51,10.5,20.5,231,Drizzle: Light,1,1,
32870,2021-10-08 02:47:00,40.72042,-73.94128,0,0,Unspecified,4465898,23.7,14.5,0.0,0.0,0.0,0.0,3,13.0,22.3,94,Overcast,0,0,
32871,2021-10-05 08:00:00,40.631805,-73.988304,1,0,Failure to Yield Right-of-Way,4465727,19.9,15.0,0.0,0.0,0.0,0.0,3,14.5,28.1,46,Overcast,1,1,
32872,2021-10-07 17:45:00,40.88078,-73.88347,0,0,Following Too Closely,4465289,22.4,15.7,0.4,0.4,0.0,4.0,51,10.5,20.5,231,Drizzle: Light,0,0,
32873,2021-10-05 15:00:00,40.688408,-73.78236,0,0,Passing Too Closely,4465941,19.9,15.0,0.0,0.0,0.0,0.0,3,14.5,28.1,46,Overcast,0,0,
32874,2021-10-07 10:52:00,40.67274,-73.899,0,0,Turning Improperly,4465044,22.4,15.7,0.4,0.4,0.0,4.0,51,10.5,20.5,231,Drizzle: Light,0,0,
32875,2021-10-02 05:45:00,40.672382,-73.78574,0,0,Reaction to Uninvolved Vehicle,4465447,23.7,10.8,0.0,0.0,0.0,0.0,3,17.0,34.2,254,Overcast,0,0,
32876,2021-10-04 10:11:00,40.652946,-74.002174,1,0,Unspecified,4465228,20.6,16.4,21.8,21.8,0.0,17.0,63,20.8,42.8,61,Rain: Moderate,1,1,
32877,2021-10-06 21:20:00,40.711643,-73.94392,0,0,Driver Inattention/Distraction,4465139,20.3,16.0,0.1,0.1,0.0,1.0,51,6.5,14.0,28,Drizzle: Light,0,0,
32878,2021-10-06 13:12:00,40.70801,-73.95673,1,0,Driver Inattention/Distraction,4464915,20.3,16.0,0.1,0.1,0.0,1.0,51,6.5,14.0,28,Drizzle: Light,1,1,
32879,2021-10-08 14:40:00,40.751736,-73.72102,0,0,Unspecified,4465397,23.7,14.5,0.0,0.0,0.0,0.0,3,13.0,22.3,94,Overcast,0,0,
32880,2021-10-07 19:50:00,40.70787,-73.95759,1,0,Driver Inattention/Distraction,4465130,22.4,15.7,0.4,0.4,0.0,4.0,51,10.5,20.5,231,Drizzle: Light,1,1,
32881,2021-10-06 19:00:00,40.669018,-73.89766,0,0,Driver Inattention/Distraction,4465048,20.3,16.0,0.1,0.1,0.0,1.0,51,6.5,14.0,28,Drizzle: Light,0,0,
32882,2021-10-06 00:09:00,40.65177,-73.95597,1,0,Driver Inattention/Distraction,4464579,20.3,16.0,0.1,0.1,0.0,1.0,51,6.5,14.0,28,Drizzle: Light,1,1,
32883,2021-10-07 18:30:00,40.66561,-73.73568,0,0,Passing or Lane Usage Improper,4465098,22.4,15.7,0.4,0.4,0.0,4.0,51,10.5,20.5,231,Drizzle: Light,0,0,
32884,2021-10-07 14:45:00,40.88415,-73.82607,0,0,Driver Inattention/Distraction,4465843,22.4,15.7,0.4,0.4,0.0,4.0,51,10.5,20.5,231,Drizzle: Light,0,0,
32885,2021-10-07 22:07:00,40.690536,-73.807335,0,0,Unsafe Speed,4465339,22.4,15.7,0.4,0.4,0.0,4.0,51,10.5,20.5,231,Drizzle: Light,0,0,
32886,2021-10-08 11:30:00,40.64936,-74.01284,0,0,Unspecified,4465272,23.7,14.5,0.0,0.0,0.0,0.0,3,13.0,22.3,94,Overcast,0,0,
32887,2021-09-30 17:20:00,40.66047,-73.998024,0,0,Failure to Yield Right-of-Way,4465265,18.8,13.1,0.0,0.0,0.0,0.0,3,18.1,37.4,330,Overcast,0,0,
32888,2021-10-07 16:40:00,40.75576,-73.73939,0,0,Glare,4465067,22.4,15.7,0.4,0.4,0.0,4.0,51,10.5,20.5,231,Drizzle: Light,0,0,
32889,2021-10-06 11:45:00,40.839207,-73.82537,0,0,Driver Inattention/Distraction,4464822,20.3,16.0,0.1,0.1,0.0,1.0,51,6.5,14.0,28,Drizzle: Light,0,0,
32890,2021-10-02 18:00:00,40.681046,-73.849304,1,0,Failure to Yield Right-of-Way,4465507,23.7,10.8,0.0,0.0,0.0,0.0,3,17.0,34.2,254,Overcast,1,1,
32891,2021-10-06 09:00:00,40.72013,-73.79038,1,0,Unspecified,4466046,20.3,16.0,0.1,0.1,0.0,1.0,51,6.5,14.0,28,Drizzle: Light,1,1,
32892,2021-10-07 08:45:00,40.753788,-73.744286,2,0,Following Too Closely,4464964,22.4,15.7,0.4,0.4,0.0,4.0,51,10.5,20.5,231,Drizzle: Light,2,2,
32893,2021-10-06 13:10:00,40.643425,-73.96581,0,0,Other Vehicular,4464740,20.3,16.0,0.1,0.1,0.0,1.0,51,6.5,14.0,28,Drizzle: Light,0,0,
32894,2021-10-08 17:30:00,40.70403,-73.81711,0,0,Driver Inattention/Distraction,4465514,23.7,14.5,0.0,0.0,0.0,0.0,3,13.0,22.3,94,Overcast,0,0,
32895,2021-10-08 09:00:00,40.788273,-73.97239,0,0,Passing Too Closely,4465307,23.7,14.5,0.0,0.0,0.0,0.0,3,13.0,22.3,94,Overcast,0,0,
32896,2021-10-06 06:10:00,40.755745,-73.83076,0,0,Other Vehicular,4465632,20.3,16.0,0.1,0.1,0.0,1.0,51,6.5,14.0,28,Drizzle: Light,0,0,
32897,2021-10-08 13:50:00,40.72012,-74.00293,0,0,Unspecified,4465324,23.7,14.5,0.0,0.0,0.0,0.0,3,13.0,22.3,94,Overcast,0,0,
32898,2021-10-07 05:00:00,40.642254,-73.92742,0,0,Unspecified,4465537,22.4,15.7,0.4,0.4,0.0,4.0,51,10.5,20.5,231,Drizzle: Light,0,0,
32899,2021-10-08 09:15:00,40.734673,-73.87435,1,0,Traffic Control Disregarded,4465260,23.7,14.5,0.0,0.0,0.0,0.0,3,13.0,22.3,94,Overcast,1,1,
32900,2021-10-08 00:50:00,40.684338,-73.914764,1,0,Aggressive Driving/Road Rage,4465423,23.7,14.5,0.0,0.0,0.0,0.0,3,13.0,22.3,94,Overcast,1,1,
32901,2021-10-07 09:51:00,40.849106,-73.89495,1,0,Outside Car Distraction,4464959,22.4,15.7,0.4,0.4,0.0,4.0,51,10.5,20.5,231,Drizzle: Light,1,1,
32902,2021-10-08 15:08:00,40.73572,-73.93677,0,0,Driver Inattention/Distraction,4465365,23.7,14.5,0.0,0.0,0.0,0.0,3,13.0,22.3,94,Overcast,0,0,
32903,2021-10-07 16:50:00,40.696785,-73.95659,0,0,Passing or Lane Usage Improper,4465758,22.4,15.7,0.4,0.4,0.0,4.0,51,10.5,20.5,231,Drizzle: Light,0,0,
32904,2021-10-08 19:30:00,40.643303,-73.9478,0,0,Unspecified,4465542,23.7,14.5,0.0,0.0,0.0,0.0,3,13.0,22.3,94,Overcast,0,0,
32905,2021-10-06 08:10:00,40.66606,-73.95863,1,0,Failure to Yield Right-of-Way,4465521,20.3,16.0,0.1,0.1,0.0,1.0,51,6.5,14.0,28,Drizzle: Light,1,1,
32906,2021-10-08 20:25:00,40.70403,-73.81711,0,0,Unspecified,4465382,23.7,14.5,0.0,0.0,0.0,0.0,3,13.0,22.3,94,Overcast,0,0,
32907,2021-09-29 19:00:00,40.708782,-73.94344,1,0,Driver Inattention/Distraction,4466070,19.9,11.3,0.0,0.0,0.0,0.0,3,20.6,41.8,331,Overcast,1,1,
32908,2021-09-17 08:59:00,40.84059,-73.86637,0,0,Failure to Yield Right-of-Way,4465208,23.6,20.1,1.0,1.0,0.0,7.0,51,20.3,38.9,59,Drizzle: Light,0,0,
32909,2021-10-07 07:00:00,40.633125,-73.915695,0,0,Passing Too Closely,4465084,22.4,15.7,0.4,0.4,0.0,4.0,51,10.5,20.5,231,Drizzle: Light,0,0,
32910,2021-10-02 00:55:00,40.748245,-73.976295,0,0,Brakes Defective,4465495,23.7,10.8,0.0,0.0,0.0,0.0,3,17.0,34.2,254,Overcast,0,0,
32911,2021-10-06 19:17:00,40.6771,-73.92479,1,0,Driver Inattention/Distraction,4465022,20.3,16.0,0.1,0.1,0.0,1.0,51,6.5,14.0,28,Drizzle: Light,1,1,
32912,2021-10-08 14:15:00,40.67416,-73.72756,0,0,Failure to Yield Right-of-Way,4465321,23.7,14.5,0.0,0.0,0.0,0.0,3,13.0,22.3,94,Overcast,0,0,
32913,2021-10-06 15:05:00,40.59272,-73.78338,1,0,Unsafe Speed,4464877,20.3,16.0,0.1,0.1,0.0,1.0,51,6.5,14.0,28,Drizzle: Light,1,1,
32914,2021-08-13 14:35:00,40.67312,-73.94463,1,0,Driver Inattention/Distraction,4465781,33.2,24.8,0.0,0.0,0.0,0.0,3,18.2,34.9,215,Overcast,1,1,
32915,2021-10-05 09:55:00,40.7441,-73.98977,1,0,Pedestrian/Bicyclist/Other Pedestrian Error/Confusion,4465678,19.9,15.0,0.0,0.0,0.0,0.0,3,14.5,28.1,46,Overcast,1,1,
32916,2021-10-07 16:30:00,40.739548,-73.78608,0,0,Unspecified,4465457,22.4,15.7,0.4,0.4,0.0,4.0,51,10.5,20.5,231,Drizzle: Light,0,0,
32917,2021-10-08 12:20:00,40.79539,-73.97707,0,0,Following Too Closely,4465350,23.7,14.5,0.0,0.0,0.0,0.0,3,13.0,22.3,94,Overcast,0,0,
32918,2021-10-08 04:36:00,40.68297,-73.97667,1,0,Following Too Closely,4465176,23.7,14.5,0.0,0.0,0.0,0.0,3,13.0,22.3,94,Overcast,1,1,
32919,2021-10-07 05:47:00,40.642887,-73.95454,2,0,Unspecified,4464900,22.4,15.7,0.4,0.4,0.0,4.0,51,10.5,20.5,231,Drizzle: Light,2,2,
32920,2021-10-07 11:26:00,40.683514,-73.97596,1,0,Following Too Closely,4465189,22.4,15.7,0.4,0.4,0.0,4.0,51,10.5,20.5,231,Drizzle: Light,1,1,
32921,2021-10-05 16:19:00,40.639347,-74.09197,0,0,Unspecified,4465684,19.9,15.0,0.0,0.0,0.0,0.0,3,14.5,28.1,46,Overcast,0,0,
32922,2021-10-08 09:00:00,40.60301,-74.016884,1,0,Driver Inattention/Distraction,4465387,23.7,14.5,0.0,0.0,0.0,0.0,3,13.0,22.3,94,Overcast,1,1,
32923,2021-10-05 23:01:00,40.68631,-73.97445,1,0,Turning Improperly,4465292,19.9,15.0,0.0,0.0,0.0,0.0,3,14.5,28.1,46,Overcast,1,1,
32924,2021-10-04 05:10:00,40.670662,-73.94765,0,0,Driver Inattention/Distraction,4465799,20.6,16.4,21.8,21.8,0.0,17.0,63,20.8,42.8,61,Rain: Moderate,0,0,
32925,2021-10-08 19:20:00,40.81053,-73.96206,0,0,Failure to Yield Right-of-Way,4465815,23.7,14.5,0.0,0.0,0.0,0.0,3,13.0,22.3,94,Overcast,0,0,
32926,2021-10-07 09:30:00,40.8262,-73.821686,1,0,Unspecified,4464999,22.4,15.7,0.4,0.4,0.0,4.0,51,10.5,20.5,231,Drizzle: Light,1,1,
32927,2021-10-06 16:00:00,40.582233,-74.16907,0,0,Driver Inattention/Distraction,4464929,20.3,16.0,0.1,0.1,0.0,1.0,51,6.5,14.0,28,Drizzle: Light,0,0,
32928,2021-10-07 03:53:00,40.78614,-73.93929,1,0,Unsafe Speed,4465721,22.4,15.7,0.4,0.4,0.0,4.0,51,10.5,20.5,231,Drizzle: Light,1,1,
32929,2021-10-06 08:30:00,40.866985,-73.91998,0,0,Unspecified,4464759,20.3,16.0,0.1,0.1,0.0,1.0,51,6.5,14.0,28,Drizzle: Light,0,0,
32930,2021-10-07 17:20:00,40.710728,-73.91863,0,0,Passing or Lane Usage Improper,4465359,22.4,15.7,0.4,0.4,0.0,4.0,51,10.5,20.5,231,Drizzle: Light,0,0,
32931,2021-10-08 16:15:00,40.714382,-73.93345,0,0,Passing or Lane Usage Improper,4465612,23.7,14.5,0.0,0.0,0.0,0.0,3,13.0,22.3,94,Overcast,0,0,
32932,2021-10-08 09:40:00,40.75426,-73.74334,0,0,Unsafe Lane Changing,4465391,23.7,14.5,0.0,0.0,0.0,0.0,3,13.0,22.3,94,Overcast,0,0,
32933,2021-10-08 18:50:00,40.663284,-73.96096,1,0,Unspecified,4465414,23.7,14.5,0.0,0.0,0.0,0.0,3,13.0,22.3,94,Overcast,1,1,
32934,2021-10-01 16:55:00,40.62557,-74.176575,0,0,Unspecified,4465850,19.4,9.5,0.0,0.0,0.0,0.0,0,13.8,28.1,302,Clear sky,0,0,Sunny/Clear Conditions
32935,2021-09-23 15:45:00,40.723835,-73.97357,0,0,Following Too Closely,4465576,26.2,18.0,15.6,15.6,0.0,14.0,63,40.7,77.4,156,Rain: Moderate,0,0,
32936,2021-10-06 15:45:00,40.667313,-73.73926,1,0,Following Too Closely,4464787,20.3,16.0,0.1,0.1,0.0,1.0,51,6.5,14.0,28,Drizzle: Light,1,1,
32937,2021-10-08 09:00:00,40.702614,-73.96058,0,0,Following Too Closely,4465485,23.7,14.5,0.0,0.0,0.0,0.0,3,13.0,22.3,94,Overcast,0,0,
32938,2021-12-26 17:30:00,40.86307,-73.859695,0,0,Other Vehicular,4491139,8.9,3.4,0.0,0.0,0.0,0.0,3,21.9,38.9,316,Overcast,0,0,
32939,2021-10-06 07:15:00,40.722095,-73.77772,0,0,Following Too Closely,4464705,20.3,16.0,0.1,0.1,0.0,1.0,51,6.5,14.0,28,Drizzle: Light,0,0,
32940,2021-10-06 16:56:00,40.759586,-73.968056,1,0,Driver Inattention/Distraction,4465915,20.3,16.0,0.1,0.1,0.0,1.0,51,6.5,14.0,28,Drizzle: Light,1,1,
32941,2021-10-08 07:11:00,40.61117,-73.97702,0,0,Passing Too Closely,4465601,23.7,14.5,0.0,0.0,0.0,0.0,3,13.0,22.3,94,Overcast,0,0,
32942,2021-10-07 10:30:00,40.564762,-74.10083,0,0,Turning Improperly,4465113,22.4,15.7,0.4,0.4,0.0,4.0,51,10.5,20.5,231,Drizzle: Light,0,0,
32943,2021-10-06 00:09:00,40.69595,-73.93764,0,0,Passing or Lane Usage Improper,4464935,20.3,16.0,0.1,0.1,0.0,1.0,51,6.5,14.0,28,Drizzle: Light,0,0,
32944,2021-10-08 20:50:00,40.59922,-73.97376,0,0,Following Too Closely,4465603,23.7,14.5,0.0,0.0,0.0,0.0,3,13.0,22.3,94,Overcast,0,0,
32945,2021-10-08 17:35:00,40.71337,-73.934814,0,0,Passing Too Closely,4465950,23.7,14.5,0.0,0.0,0.0,0.0,3,13.0,22.3,94,Overcast,0,0,
32946,2021-10-04 14:10:00,40.74869,-73.85772,1,0,Unspecified,4465248,20.6,16.4,21.8,21.8,0.0,17.0,63,20.8,42.8,61,Rain: Moderate,1,1,
32947,2021-12-30 15:30:00,40.71772,-73.96202,0,0,Failure to Yield Right-of-Way,4490990,8.3,5.0,1.8,1.8,0.0,7.0,53,9.9,17.6,22,Drizzle: Moderate,0,0,
32948,2021-10-07 18:51:00,40.747242,-73.88766,1,0,Failure to Yield Right-of-Way,4465161,22.4,15.7,0.4,0.4,0.0,4.0,51,10.5,20.5,231,Drizzle: Light,1,1,
32949,2021-10-07 14:42:00,40.584774,-73.96011,0,0,Following Too Closely,4465659,22.4,15.7,0.4,0.4,0.0,4.0,51,10.5,20.5,231,Drizzle: Light,0,0,
32950,2021-10-07 11:00:00,40.86923,-73.89604,0,0,Following Too Closely,4465243,22.4,15.7,0.4,0.4,0.0,4.0,51,10.5,20.5,231,Drizzle: Light,0,0,
32951,2021-10-06 23:12:00,40.87314,-73.90572,0,0,Turning Improperly,4465092,20.3,16.0,0.1,0.1,0.0,1.0,51,6.5,14.0,28,Drizzle: Light,0,0,
32952,2021-10-07 13:50:00,40.67452,-73.80321,0,0,Passing or Lane Usage Improper,4465143,22.4,15.7,0.4,0.4,0.0,4.0,51,10.5,20.5,231,Drizzle: Light,0,0,
32953,2021-12-30 00:05:00,40.665993,-73.8858,0,0,Unsafe Speed,4491282,8.3,5.0,1.8,1.8,0.0,7.0,53,9.9,17.6,22,Drizzle: Moderate,0,0,
32954,2021-10-06 06:00:00,40.746902,-73.871956,0,0,Driver Inexperience,4464761,20.3,16.0,0.1,0.1,0.0,1.0,51,6.5,14.0,28,Drizzle: Light,0,0,
32955,2021-10-06 17:25:00,40.74841,-73.89764,0,0,Unspecified,4464791,20.3,16.0,0.1,0.1,0.0,1.0,51,6.5,14.0,28,Drizzle: Light,0,0,
32956,2021-10-07 12:00:00,40.69474,-73.80625,4,0,Failure to Yield Right-of-Way,4465010,22.4,15.7,0.4,0.4,0.0,4.0,51,10.5,20.5,231,Drizzle: Light,4,4,
32957,2021-10-03 03:35:00,40.637405,-73.93949,0,0,Driver Inattention/Distraction,4465535,25.9,12.8,0.0,0.0,0.0,0.0,3,12.0,24.1,217,Overcast,0,0,
32958,2021-10-07 11:35:00,40.692066,-73.7654,1,0,Failure to Yield Right-of-Way,4464975,22.4,15.7,0.4,0.4,0.0,4.0,51,10.5,20.5,231,Drizzle: Light,1,1,
32959,2021-10-08 18:45:00,40.75045,-73.9873,1,0,Driver Inattention/Distraction,4465753,23.7,14.5,0.0,0.0,0.0,0.0,3,13.0,22.3,94,Overcast,1,1,
32960,2021-12-29 16:09:00,40.840786,-73.9232,0,0,Unspecified,4490621,7.6,4.1,8.1,8.1,0.0,8.0,61,12.2,24.1,52,Rain: Light,0,0,
32961,2021-12-30 00:00:00,40.563663,-74.13252,1,0,Driver Inexperience,4490665,8.3,5.0,1.8,1.8,0.0,7.0,53,9.9,17.6,22,Drizzle: Moderate,1,1,
32962,2021-10-07 17:01:00,40.654457,-73.90878,0,0,Unspecified,4465419,22.4,15.7,0.4,0.4,0.0,4.0,51,10.5,20.5,231,Drizzle: Light,0,0,
32963,2021-10-06 15:05:00,40.80573,-73.93855,0,0,Unspecified,4465204,20.3,16.0,0.1,0.1,0.0,1.0,51,6.5,14.0,28,Drizzle: Light,0,0,
32964,2021-10-08 15:12:00,40.64624,-73.958084,1,0,Pedestrian/Bicyclist/Other Pedestrian Error/Confusion,4465625,23.7,14.5,0.0,0.0,0.0,0.0,3,13.0,22.3,94,Overcast,1,1,
32965,2021-10-07 20:00:00,40.8566,-73.82646,2,0,Unspecified,4465336,22.4,15.7,0.4,0.4,0.0,4.0,51,10.5,20.5,231,Drizzle: Light,2,2,
32966,2021-10-07 17:08:00,40.68995,-73.93124,1,0,Driver Inattention/Distraction,4465823,22.4,15.7,0.4,0.4,0.0,4.0,51,10.5,20.5,231,Drizzle: Light,1,1,
32967,2021-10-06 14:37:00,40.684544,-73.96509,2,0,Unspecified,4465297,20.3,16.0,0.1,0.1,0.0,1.0,51,6.5,14.0,28,Drizzle: Light,2,2,
32968,2021-10-07 00:00:00,40.59145,-73.97652,1,0,Unspecified,4464904,22.4,15.7,0.4,0.4,0.0,4.0,51,10.5,20.5,231,Drizzle: Light,1,1,
32969,2021-10-06 08:30:00,40.59442,-73.95463,0,0,Backing Unsafely,4465172,20.3,16.0,0.1,0.1,0.0,1.0,51,6.5,14.0,28,Drizzle: Light,0,0,
32970,2021-10-08 10:55:00,40.759884,-73.9368,0,0,Driver Inattention/Distraction,4465304,23.7,14.5,0.0,0.0,0.0,0.0,3,13.0,22.3,94,Overcast,0,0,
32971,2021-10-08 11:18:00,40.59241,-74.109116,0,0,Failure to Yield Right-of-Way,4465410,23.7,14.5,0.0,0.0,0.0,0.0,3,13.0,22.3,94,Overcast,0,0,
32972,2021-10-05 08:45:00,40.698643,-73.94697,1,0,Following Too Closely,4465775,19.9,15.0,0.0,0.0,0.0,0.0,3,14.5,28.1,46,Overcast,1,1,
32973,2021-10-02 18:19:00,40.85071,-73.89408,0,0,Pedestrian/Bicyclist/Other Pedestrian Error/Confusion,4465193,23.7,10.8,0.0,0.0,0.0,0.0,3,17.0,34.2,254,Overcast,0,0,
32974,2021-10-08 14:30:00,40.743263,-73.91964,0,0,Driver Inexperience,4465488,23.7,14.5,0.0,0.0,0.0,0.0,3,13.0,22.3,94,Overcast,0,0,
32975,2021-10-05 12:19:00,40.70898,-73.80418,0,0,Unspecified,4465378,19.9,15.0,0.0,0.0,0.0,0.0,3,14.5,28.1,46,Overcast,0,0,
32976,2021-10-08 06:15:00,40.722637,-73.95419,0,0,Backing Unsafely,4466003,23.7,14.5,0.0,0.0,0.0,0.0,3,13.0,22.3,94,Overcast,0,0,
32977,2021-10-06 10:30:00,40.58038,-73.967606,0,0,Driver Inattention/Distraction,4464728,20.3,16.0,0.1,0.1,0.0,1.0,51,6.5,14.0,28,Drizzle: Light,0,0,
32978,2021-06-09 10:10:00,40.67474,-73.99777,1,0,Failure to Yield Right-of-Way,4426638,30.2,21.4,1.1,1.1,0.0,5.0,51,11.7,28.1,286,Drizzle: Light,1,1,
32979,2021-10-07 15:53:00,40.60677,-73.94892,2,0,Unspecified,4465170,22.4,15.7,0.4,0.4,0.0,4.0,51,10.5,20.5,231,Drizzle: Light,2,2,
32980,2021-10-07 16:30:00,40.597923,-73.9872,1,0,Driver Inattention/Distraction,4465599,22.4,15.7,0.4,0.4,0.0,4.0,51,10.5,20.5,231,Drizzle: Light,1,1,
32981,2021-10-07 16:20:00,40.68815,-73.84884,1,0,Traffic Control Disregarded,4465511,22.4,15.7,0.4,0.4,0.0,4.0,51,10.5,20.5,231,Drizzle: Light,1,1,
32982,2021-10-08 09:11:00,40.66705,-73.77417,0,0,Unsafe Lane Changing,4465452,23.7,14.5,0.0,0.0,0.0,0.0,3,13.0,22.3,94,Overcast,0,0,
32983,2021-10-07 08:40:00,40.68424,-73.8461,1,0,Unspecified,4464941,22.4,15.7,0.4,0.4,0.0,4.0,51,10.5,20.5,231,Drizzle: Light,1,1,
32984,2021-10-07 21:39:00,40.748962,-73.89176,0,0,Unspecified,4465439,22.4,15.7,0.4,0.4,0.0,4.0,51,10.5,20.5,231,Drizzle: Light,0,0,
32985,2021-09-29 18:00:00,40.66319,-73.93727,0,0,Driver Inexperience,4465891,19.9,11.3,0.0,0.0,0.0,0.0,3,20.6,41.8,331,Overcast,0,0,
32986,2021-10-06 07:50:00,40.606445,-74.18011,1,0,Fell Asleep,4464646,20.3,16.0,0.1,0.1,0.0,1.0,51,6.5,14.0,28,Drizzle: Light,1,1,
32987,2021-12-17 05:00:00,40.65092,-74.00333,0,0,Unspecified,4490875,13.9,6.1,0.0,0.0,0.0,0.0,3,21.5,37.1,265,Overcast,0,0,
32988,2021-10-07 09:00:00,40.66612,-73.82225,0,0,Following Too Closely,4464973,22.4,15.7,0.4,0.4,0.0,4.0,51,10.5,20.5,231,Drizzle: Light,0,0,
32989,2021-09-23 15:33:00,40.82916,-73.844086,1,0,View Obstructed/Limited,4465220,26.2,18.0,15.6,15.6,0.0,14.0,63,40.7,77.4,156,Rain: Moderate,1,1,
32990,2021-10-07 09:50:00,40.609253,-73.96905,1,0,Unspecified,4465147,22.4,15.7,0.4,0.4,0.0,4.0,51,10.5,20.5,231,Drizzle: Light,1,1,
32991,2021-10-04 22:00:00,40.70269,-73.78145,0,0,Passing or Lane Usage Improper,4465280,20.6,16.4,21.8,21.8,0.0,17.0,63,20.8,42.8,61,Rain: Moderate,0,0,
32992,2021-10-08 11:54:00,40.611603,-73.91971,1,0,Driver Inexperience,4465405,23.7,14.5,0.0,0.0,0.0,0.0,3,13.0,22.3,94,Overcast,1,1,
32993,2021-10-03 11:00:00,0.0,0.0,0,0,Unspecified,4465432,25.9,12.8,0.0,0.0,0.0,0.0,3,12.0,24.1,217,Overcast,0,0,
32994,2021-10-07 06:30:00,40.681465,-73.970535,1,0,Failure to Yield Right-of-Way,4465451,22.4,15.7,0.4,0.4,0.0,4.0,51,10.5,20.5,231,Drizzle: Light,1,1,
32995,2021-10-07 00:10:00,40.86774,-73.85955,1,0,Traffic Control Disregarded,4464927,22.4,15.7,0.4,0.4,0.0,4.0,51,10.5,20.5,231,Drizzle: Light,1,1,
32996,2021-10-08 14:21:00,40.863552,-73.85483,0,0,Unspecified,4465331,23.7,14.5,0.0,0.0,0.0,0.0,3,13.0,22.3,94,Overcast,0,0,
32997,2021-10-06 00:00:00,40.753056,-73.87164,0,0,Unspecified,4464753,20.3,16.0,0.1,0.1,0.0,1.0,51,6.5,14.0,28,Drizzle: Light,0,0,
32998,2021-09-10 20:05:00,40.643204,-73.90929,0,0,Passenger Distraction,4465931,22.9,16.0,0.0,0.0,0.0,0.0,3,24.2,47.2,314,Overcast,0,0,
32999,2021-10-07 09:00:00,40.80123,-73.94996,0,0,Passing Too Closely,4465829,22.4,15.7,0.4,0.4,0.0,4.0,51,10.5,20.5,231,Drizzle: Light,0,0,
33000,2021-10-07 16:10:00,40.66708,-73.81033,0,0,Traffic Control Disregarded,4465079,22.4,15.7,0.4,0.4,0.0,4.0,51,10.5,20.5,231,Drizzle: Light,0,0,
33001,2021-10-08 10:18:00,40.593163,-73.9086,1,0,Driver Inattention/Distraction,4465299,23.7,14.5,0.0,0.0,0.0,0.0,3,13.0,22.3,94,Overcast,1,1,
33002,2021-10-06 13:39:00,40.66278,-73.88086,2,0,Driver Inattention/Distraction,4465056,20.3,16.0,0.1,0.1,0.0,1.0,51,6.5,14.0,28,Drizzle: Light,2,2,
33003,2021-10-07 15:40:00,40.71637,-73.78706,0,0,Unspecified,4465469,22.4,15.7,0.4,0.4,0.0,4.0,51,10.5,20.5,231,Drizzle: Light,0,0,
33004,2021-10-03 20:30:00,40.643005,-74.00533,0,0,Unspecified,4465284,25.9,12.8,0.0,0.0,0.0,0.0,3,12.0,24.1,217,Overcast,0,0,
33005,2021-12-30 17:00:00,40.760586,-73.84592,0,0,Driver Inattention/Distraction,4490842,8.3,5.0,1.8,1.8,0.0,7.0,53,9.9,17.6,22,Drizzle: Moderate,0,0,
33006,2021-10-07 14:30:00,40.57397,-74.16992,0,0,Unsafe Speed,4465197,22.4,15.7,0.4,0.4,0.0,4.0,51,10.5,20.5,231,Drizzle: Light,0,0,