,CRASH DATETIME,LATITUDE,LONGITUDE,NUMBER OF PERSONS INJURED,NUMBER OF PERSONS KILLED,CONTRIBUTING FACTOR VEHICLE 1,COLLISION_ID,temperature_2m_max,temperature_2m_min,precipitation_sum,rain_sum,snowfall_sum,precipitation_hours,weather_code,wind_speed_10m_max,wind_gusts_10m_max,wind_direction_10m_dominant,Weather Description,Severity_Score,Total_Affected_Persons,Weather_Category
33007,2021-10-08 12:10:00,40.776665,-73.78281,1,0,Fatigued/Drowsy,4465390,23.7,14.5,0.0,0.0,0.0,0.0,3,13.0,22.3,94,Overcast,1,1,
33008,2021-10-06 11:00:00,40.66792,-73.98074,0,0,Driver Inattention/Distraction,4464836,20.3,16.0,0.1,0.1,0.0,1.0,51,6.5,14.0,28,Drizzle: Light,0,0,
33009,2021-10-07 16:00:00,40.820564,-73.905235,0,0,Failure to Yield Right-of-Way,4465316,22.4,15.7,0.4,0.4,0.0,4.0,51,10.5,20.5,231,Drizzle: Light,0,0,
33010,2021-10-06 18:30:00,40.74087,-73.98799,0,0,Unspecified,4465014,20.3,16.0,0.1,0.1,0.0,1.0,51,6.5,14.0,28,Drizzle: Light,0,0,
33011,2021-09-30 13:00:00,40.657173,-73.921074,0,0,Unsafe Speed,4465533,18.8,13.1,0.0,0.0,0.0,0.0,3,18.1,37.4,330,Overcast,0,0,
33012,2021-10-05 16:25:00,40.639275,-73.90746,1,0,Driver Inattention/Distraction,4465569,19.9,15.0,0.0,0.0,0.0,0.0,3,14.5,28.1,46,Overcast,1,1,
33013,2021-10-07 08:00:00,40.836945,-73.91532,0,0,Passing or Lane Usage Improper,4465995,22.4,15.7,0.4,0.4,0.0,4.0,51,10.5,20.5,231,Drizzle: Light,0,0,
33014,2021-10-06 19:40:00,40.691914,-73.88332,0,0,Following Too Closely,4465358,20.3,16.0,0.1,0.1,0.0,1.0,51,6.5,14.0,28,Drizzle: Light,0,0,
33015,2021-12-26 13:50:00,40.61572,-74.09624,0,0,Other Vehicular,4490943,8.9,3.4,0.0,0.0,0.0,0.0,3,21.9,38.9,316,Overcast,0,0,
33016,2021-10-05 09:30:00,40.512524,-74.2388,0,0,Unspecified,4465329,19.9,15.0,0.0,0.0,0.0,0.0,3,14.5,28.1,46,Overcast,0,0,
33017,2021-10-08 00:00:00,40.589596,-73.791145,0,0,Other Vehicular,4465692,23.7,14.5,0.0,0.0,0.0,0.0,3,13.0,22.3,94,Overcast,0,0,
33018,2021-10-07 00:00:00,40.87067,-73.85645,0,0,Passing or Lane Usage Improper,4465038,22.4,15.7,0.4,0.4,0.0,4.0,51,10.5,20.5,231,Drizzle: Light,0,0,
33019,2021-10-06 13:30:00,40.65771,-73.76757,0,0,Driver Inattention/Distraction,4464863,20.3,16.0,0.1,0.1,0.0,1.0,51,6.5,14.0,28,Drizzle: Light,0,0,
33020,2021-10-07 12:55:00,40.826324,-73.88351,1,0,Drugs (illegal),4465202,22.4,15.7,0.4,0.4,0.0,4.0,51,10.5,20.5,231,Drizzle: Light,1,1,
33021,2021-10-07 12:25:00,40.802593,-73.95103,0,0,Unsafe Speed,4465828,22.4,15.7,0.4,0.4,0.0,4.0,51,10.5,20.5,231,Drizzle: Light,0,0,
33022,2021-10-06 06:16:00,40.716644,-73.99582,0,0,Failure to Yield Right-of-Way,4465715,20.3,16.0,0.1,0.1,0.0,1.0,51,6.5,14.0,28,Drizzle: Light,0,0,
33023,2021-10-08 21:07:00,40.666695,-73.767136,1,0,Passing Too Closely,4465422,23.7,14.5,0.0,0.0,0.0,0.0,3,13.0,22.3,94,Overcast,1,1,
33024,2021-10-06 08:45:00,40.686996,-73.95685,1,0,Traffic Control Disregarded,4465782,20.3,16.0,0.1,0.1,0.0,1.0,51,6.5,14.0,28,Drizzle: Light,1,1,
33025,2021-10-06 17:55:00,40.72382,-73.908615,0,0,Failure to Yield Right-of-Way,4465351,20.3,16.0,0.1,0.1,0.0,1.0,51,6.5,14.0,28,Drizzle: Light,0,0,
33026,2021-10-07 22:50:00,40.62775,-73.93462,1,0,Driver Inattention/Distraction,4465153,22.4,15.7,0.4,0.4,0.0,4.0,51,10.5,20.5,231,Drizzle: Light,1,1,
33027,2021-10-08 22:30:00,40.675392,-73.98117,1,0,Passing Too Closely,4465972,23.7,14.5,0.0,0.0,0.0,0.0,3,13.0,22.3,94,Overcast,1,1,
33028,2021-10-07 16:20:00,40.736164,-73.97891,1,0,Failure to Yield Right-of-Way,4465676,22.4,15.7,0.4,0.4,0.0,4.0,51,10.5,20.5,231,Drizzle: Light,1,1,
33029,2021-10-06 00:45:00,40.76113,-73.85851,0,0,Driver Inattention/Distraction,4464750,20.3,16.0,0.1,0.1,0.0,1.0,51,6.5,14.0,28,Drizzle: Light,0,0,
33030,2021-10-07 00:00:00,40.68074,-73.76963,0,0,Passing Too Closely,4465137,22.4,15.7,0.4,0.4,0.0,4.0,51,10.5,20.5,231,Drizzle: Light,0,0,
33031,2021-10-06 08:33:00,40.666542,-73.91423,0,0,Other Vehicular,4464718,20.3,16.0,0.1,0.1,0.0,1.0,51,6.5,14.0,28,Drizzle: Light,0,0,
33032,2021-10-07 10:44:00,40.813103,-73.85972,0,0,Unspecified,4464946,22.4,15.7,0.4,0.4,0.0,4.0,51,10.5,20.5,231,Drizzle: Light,0,0,
33033,2021-10-08 12:44:00,40.63949,-73.91017,1,0,Passenger Distraction,4465506,23.7,14.5,0.0,0.0,0.0,0.0,3,13.0,22.3,94,Overcast,1,1,
33034,2021-12-31 21:00:00,40.69821,-73.92406,0,0,Driver Inattention/Distraction,4491120,11.1,7.1,2.7,2.7,0.0,5.0,55,14.9,29.2,193,Drizzle: Dense,0,0,
33035,2021-09-30 11:30:00,40.68443,-73.99491,1,0,Passing Too Closely,4465224,18.8,13.1,0.0,0.0,0.0,0.0,3,18.1,37.4,330,Overcast,1,1,
33036,2021-10-07 08:03:00,40.616848,-73.91169,1,0,Failure to Yield Right-of-Way,4464985,22.4,15.7,0.4,0.4,0.0,4.0,51,10.5,20.5,231,Drizzle: Light,1,1,
33037,2021-10-06 17:00:00,40.76552,-73.98004,0,0,Driver Inattention/Distraction,4464772,20.3,16.0,0.1,0.1,0.0,1.0,51,6.5,14.0,28,Drizzle: Light,0,0,
33038,2021-10-06 07:25:00,40.677773,-73.809906,2,0,Failure to Yield Right-of-Way,4464879,20.3,16.0,0.1,0.1,0.0,1.0,51,6.5,14.0,28,Drizzle: Light,2,2,
33039,2021-10-08 17:15:00,40.82403,-73.94476,0,0,Passing Too Closely,4465476,23.7,14.5,0.0,0.0,0.0,0.0,3,13.0,22.3,94,Overcast,0,0,
33040,2021-10-08 11:05:00,40.547245,-74.180244,1,0,Reaction to Uninvolved Vehicle,4465235,23.7,14.5,0.0,0.0,0.0,0.0,3,13.0,22.3,94,Overcast,1,1,
33041,2021-10-07 11:40:00,40.60897,-73.979866,0,0,Passing or Lane Usage Improper,4464969,22.4,15.7,0.4,0.4,0.0,4.0,51,10.5,20.5,231,Drizzle: Light,0,0,
33042,2021-10-06 19:41:00,40.719128,-74.00517,1,0,Driver Inattention/Distraction,4464921,20.3,16.0,0.1,0.1,0.0,1.0,51,6.5,14.0,28,Drizzle: Light,1,1,
33043,2021-10-08 12:18:00,40.74348,-73.921486,0,0,Reaction to Uninvolved Vehicle,4465252,23.7,14.5,0.0,0.0,0.0,0.0,3,13.0,22.3,94,Overcast,0,0,
33044,2021-10-07 21:15:00,40.634556,-73.973854,0,0,Unspecified,4465740,22.4,15.7,0.4,0.4,0.0,4.0,51,10.5,20.5,231,Drizzle: Light,0,0,
33045,2021-10-05 10:00:00,40.77221,-73.982185,1,0,Failure to Yield Right-of-Way,4465729,19.9,15.0,0.0,0.0,0.0,0.0,3,14.5,28.1,46,Overcast,1,1,
33046,2021-10-06 03:05:00,40.76428,-73.97302,1,0,Unspecified,4464629,20.3,16.0,0.1,0.1,0.0,1.0,51,6.5,14.0,28,Drizzle: Light,1,1,
33047,2021-10-06 20:38:00,40.72773,-73.90674,2,0,Obstruction/Debris,4464805,20.3,16.0,0.1,0.1,0.0,1.0,51,6.5,14.0,28,Drizzle: Light,2,2,
33048,2021-05-21 02:38:00,40.66968,-73.91075,3,0,Traffic Control Disregarded,4419213,23.9,11.3,0.0,0.0,0.0,0.0,3,19.2,38.5,174,Overcast,3,3,
33049,2021-05-20 07:30:00,40.669403,-73.94221,1,0,Following Too Closely,4421067,22.2,12.5,0.0,0.0,0.0,0.0,3,19.0,38.2,147,Overcast,1,1,
33050,2021-05-31 14:30:00,40.720245,-73.9444,1,0,Turning Improperly,4422379,20.3,9.3,0.7,0.7,0.0,5.0,51,20.9,40.7,318,Drizzle: Light,1,1,
33051,2021-05-19 09:30:00,40.702206,-73.89919,1,0,Failure to Yield Right-of-Way,4423996,28.2,13.6,0.0,0.0,0.0,0.0,3,19.6,40.3,337,Overcast,1,1,
33052,2021-06-10 06:38:00,40.826683,-73.935394,0,0,Driver Inattention/Distraction,4426840,26.7,16.8,0.0,0.0,0.0,0.0,3,20.9,40.3,78,Overcast,0,0,
33053,2021-06-08 21:32:00,40.630745,-73.97717,0,0,Alcohol Involvement,4426821,30.1,22.0,5.9,5.9,0.0,9.0,61,16.6,34.6,215,Rain: Light,0,0,
33054,2021-10-07 17:40:00,40.655397,-73.9297608,1,0,Driver Inattention/Distraction,4465087,22.4,15.7,0.4,0.4,0.0,4.0,51,10.5,20.5,231,Drizzle: Light,1,1,
33055,2021-05-28 00:30:00,40.669403,-73.94221,1,0,Aggressive Driving/Road Rage,4426084,19.4,10.6,25.0,25.0,0.0,8.0,63,25.6,47.9,62,Rain: Moderate,1,1,
33056,2021-06-03 14:30:00,40.76393,-73.87837,0,0,Unspecified,4426466,23.0,13.2,11.9,11.9,0.0,10.0,63,13.6,38.9,165,Rain: Moderate,0,0,
33057,2021-06-09 20:26:00,40.60718,-73.94514,2,0,Alcohol Involvement,4425309,30.2,21.4,1.1,1.1,0.0,5.0,51,11.7,28.1,286,Drizzle: Light,2,2,
33058,2021-06-11 14:48:00,40.586254,-73.93608,1,0,Unspecified,4426738,20.7,15.3,1.2,1.2,0.0,3.0,53,13.2,27.0,97,Drizzle: Moderate,1,1,
33059,2021-06-10 21:25:00,40.636086,-73.95091,3,0,Driver Inattention/Distraction,4426326,26.7,16.8,0.0,0.0,0.0,0.0,3,20.9,40.3,78,Overcast,3,3,
33060,2021-06-11 22:37:00,40.7456,-73.868095,1,0,Unsafe Speed,4426704,20.7,15.3,1.2,1.2,0.0,3.0,53,13.2,27.0,97,Drizzle: Moderate,1,1,
33061,2021-06-10 02:00:00,40.66669,-73.88784,0,0,Unsafe Speed,4425431,26.7,16.8,0.0,0.0,0.0,0.0,3,20.9,40.3,78,Overcast,0,0,
33062,2021-06-11 17:45:00,40.67588,-73.748535,0,0,Driver Inattention/Distraction,4426228,20.7,15.3,1.2,1.2,0.0,3.0,53,13.2,27.0,97,Drizzle: Moderate,0,0,
33063,2021-06-06 00:05:00,40.623978,-73.92048,0,0,Other Vehicular,4425915,31.0,20.0,0.0,0.0,0.0,0.0,1,16.6,32.4,222,Mainly clear,0,0,Sunny/Clear Conditions
33064,2021-06-05 20:15:00,40.723076,-73.97649,0,0,Pedestrian/Bicyclist/Other Pedestrian Error/Confusion,4426391,31.3,17.3,0.0,0.0,0.0,0.0,2,20.9,43.9,247,Partly cloudy,0,0,
33065,2021-06-10 20:03:00,40.686363,-73.9207,0,0,Unspecified,4426493,26.7,16.8,0.0,0.0,0.0,0.0,3,20.9,40.3,78,Overcast,0,0,
33066,2021-06-10 19:40:00,40.792095,-73.97366,0,0,Traffic Control Disregarded,4425763,26.7,16.8,0.0,0.0,0.0,0.0,3,20.9,40.3,78,Overcast,0,0,
33067,2021-06-03 15:00:00,40.868164,-73.900536,0,0,Unspecified,4426067,23.0,13.2,11.9,11.9,0.0,10.0,63,13.6,38.9,165,Rain: Moderate,0,0,
33068,2021-06-11 09:00:00,40.904957,-73.85371,1,0,Failure to Yield Right-of-Way,4426731,20.7,15.3,1.2,1.2,0.0,3.0,53,13.2,27.0,97,Drizzle: Moderate,1,1,
33069,2021-06-10 16:25:00,40.75081,-73.89398,1,0,Failure to Yield Right-of-Way,4425628,26.7,16.8,0.0,0.0,0.0,0.0,3,20.9,40.3,78,Overcast,1,1,
33070,2021-06-06 16:16:00,40.68431,-73.95411,0,0,Passing or Lane Usage Improper,4426471,31.0,20.0,0.0,0.0,0.0,0.0,1,16.6,32.4,222,Mainly clear,0,0,Sunny/Clear Conditions
33071,2021-06-08 18:00:00,40.645298,-74.10466,1,0,Following Too Closely,4426564,30.1,22.0,5.9,5.9,0.0,9.0,61,16.6,34.6,215,Rain: Light,1,1,
33072,2021-06-10 16:20:00,40.625816,-73.99812,1,0,Driver Inattention/Distraction,4425904,26.7,16.8,0.0,0.0,0.0,0.0,3,20.9,40.3,78,Overcast,1,1,
33073,2021-06-10 12:15:00,40.8287,-73.84227,1,0,Unspecified,4425601,26.7,16.8,0.0,0.0,0.0,0.0,3,20.9,40.3,78,Overcast,1,1,
33074,2021-06-11 20:14:00,40.668495,-73.925606,1,0,Other Vehicular,4426535,20.7,15.3,1.2,1.2,0.0,3.0,53,13.2,27.0,97,Drizzle: Moderate,1,1,
33075,2021-06-11 05:03:00,40.659477,-73.908134,1,0,Unspecified,4426271,20.7,15.3,1.2,1.2,0.0,3.0,53,13.2,27.0,97,Drizzle: Moderate,1,1,
33076,2021-06-07 01:30:00,40.75276,-73.87539,1,0,Traffic Control Disregarded,4425994,31.0,20.7,0.1,0.1,0.0,1.0,51,16.5,34.9,204,Drizzle: Light,1,1,
33077,2021-06-01 09:58:00,40.84193,-73.9096,1,0,Aggressive Driving/Road Rage,4426108,23.5,9.7,0.0,0.0,0.0,0.0,3,17.6,32.0,221,Overcast,1,1,
33078,2021-06-09 11:20:00,40.593742,-73.96085,0,0,Driver Inattention/Distraction,4425340,30.2,21.4,1.1,1.1,0.0,5.0,51,11.7,28.1,286,Drizzle: Light,0,0,
33079,2021-06-11 15:30:00,40.660934,-73.983246,0,0,Other Vehicular,4425917,20.7,15.3,1.2,1.2,0.0,3.0,53,13.2,27.0,97,Drizzle: Moderate,0,0,
33080,2021-06-10 12:50:00,40.842625,-73.87818,0,0,Driver Inattention/Distraction,4425788,26.7,16.8,0.0,0.0,0.0,0.0,3,20.9,40.3,78,Overcast,0,0,
33081,2021-06-06 11:25:00,40.654137,-73.91234,0,0,Passing or Lane Usage Improper,4426579,31.0,20.0,0.0,0.0,0.0,0.0,1,16.6,32.4,222,Mainly clear,0,0,Sunny/Clear Conditions
33082,2021-06-09 16:27:00,40.761147,-73.97952,1,0,Driver Inattention/Distraction,4425502,30.2,21.4,1.1,1.1,0.0,5.0,51,11.7,28.1,286,Drizzle: Light,1,1,
33083,2021-06-11 08:36:00,40.699207,-73.823,0,0,Aggressive Driving/Road Rage,4425962,20.7,15.3,1.2,1.2,0.0,3.0,53,13.2,27.0,97,Drizzle: Moderate,0,0,
33084,2021-06-09 16:00:00,40.854836,-73.88319,1,0,Passing or Lane Usage Improper,4426021,30.2,21.4,1.1,1.1,0.0,5.0,51,11.7,28.1,286,Drizzle: Light,1,1,
33085,2021-06-09 00:30:00,40.66308,-73.73377,1,0,Unspecified,4426230,30.2,21.4,1.1,1.1,0.0,5.0,51,11.7,28.1,286,Drizzle: Light,1,1,
33086,2021-06-04 15:55:00,40.81632,-73.95783,0,0,View Obstructed/Limited,4426673,25.3,17.4,6.5,6.5,0.0,10.0,61,17.9,37.8,235,Rain: Light,0,0,
33087,2021-06-09 08:45:00,40.636284,-73.98364,0,0,Pedestrian/Bicyclist/Other Pedestrian Error/Confusion,4425386,30.2,21.4,1.1,1.1,0.0,5.0,51,11.7,28.1,286,Drizzle: Light,0,0,
33088,2021-10-08 17:16:00,40.74848,-73.87577,0,0,Unsafe Lane Changing,4465402,23.7,14.5,0.0,0.0,0.0,0.0,3,13.0,22.3,94,Overcast,0,0,
33089,2021-06-11 21:40:00,40.753242,-73.96662,1,0,Driver Inexperience,4426184,20.7,15.3,1.2,1.2,0.0,3.0,53,13.2,27.0,97,Drizzle: Moderate,1,1,
33090,2021-06-10 10:41:00,40.69133,-73.95177,0,0,Traffic Control Disregarded,4425574,26.7,16.8,0.0,0.0,0.0,0.0,3,20.9,40.3,78,Overcast,0,0,
33091,2021-06-10 14:00:00,40.682148,-73.729614,0,0,Driver Inattention/Distraction,4425678,26.7,16.8,0.0,0.0,0.0,0.0,3,20.9,40.3,78,Overcast,0,0,
33092,2021-06-10 07:55:00,40.61525,-73.97636,1,0,Driver Inattention/Distraction,4426814,26.7,16.8,0.0,0.0,0.0,0.0,3,20.9,40.3,78,Overcast,1,1,
33093,2021-06-11 10:00:00,40.84501,-73.93346,0,0,Unspecified,4426632,20.7,15.3,1.2,1.2,0.0,3.0,53,13.2,27.0,97,Drizzle: Moderate,0,0,
33094,2021-05-28 20:41:00,40.80988,-73.90308,0,0,Unspecified,4426197,19.4,10.6,25.0,25.0,0.0,8.0,63,25.6,47.9,62,Rain: Moderate,0,0,
33095,2021-06-09 09:18:00,40.607246,-73.96381,0,0,Unspecified,4425125,30.2,21.4,1.1,1.1,0.0,5.0,51,11.7,28.1,286,Drizzle: Light,0,0,
33096,2021-06-11 10:05:00,40.582737,-73.95605,0,0,Driver Inattention/Distraction,4426429,20.7,15.3,1.2,1.2,0.0,3.0,53,13.2,27.0,97,Drizzle: Moderate,0,0,
33097,2021-06-11 21:01:00,40.723625,-74.00479,0,0,Unspecified,4425885,20.7,15.3,1.2,1.2,0.0,3.0,53,13.2,27.0,97,Drizzle: Moderate,0,0,
33098,2021-06-09 06:30:00,40.827423,-73.836754,0,0,Unspecified,4425396,30.2,21.4,1.1,1.1,0.0,5.0,51,11.7,28.1,286,Drizzle: Light,0,0,
33099,2021-06-10 09:49:00,40.573727,-74.11957,0,0,Passing or Lane Usage Improper,4425625,26.7,16.8,0.0,0.0,0.0,0.0,3,20.9,40.3,78,Overcast,0,0,
33100,2021-06-05 14:00:00,40.827984,-73.83903,0,0,Unspecified,4425815,31.3,17.3,0.0,0.0,0.0,0.0,2,20.9,43.9,247,Partly cloudy,0,0,
33101,2021-06-11 06:58:00,40.85487,-73.89229,0,0,Pedestrian/Bicyclist/Other Pedestrian Error/Confusion,4426443,20.7,15.3,1.2,1.2,0.0,3.0,53,13.2,27.0,97,Drizzle: Moderate,0,0,
33102,2021-06-11 17:50:00,40.704826,-73.79652,1,0,Other Vehicular,4425876,20.7,15.3,1.2,1.2,0.0,3.0,53,13.2,27.0,97,Drizzle: Moderate,1,1,
33103,2021-06-03 13:05:00,40.69816,-73.92528,1,0,Traffic Control Disregarded,4426094,23.0,13.2,11.9,11.9,0.0,10.0,63,13.6,38.9,165,Rain: Moderate,1,1,
33104,2021-06-10 21:49:00,40.862534,-73.89708,0,0,Unspecified,4425950,26.7,16.8,0.0,0.0,0.0,0.0,3,20.9,40.3,78,Overcast,0,0,
33105,2021-05-31 13:15:00,40.833588,-73.91498,0,0,Backing Unsafely,4426053,20.3,9.3,0.7,0.7,0.0,5.0,51,20.9,40.7,318,Drizzle: Light,0,0,
33106,2021-06-10 10:00:00,40.66343,-73.75844,0,0,Passing Too Closely,4425669,26.7,16.8,0.0,0.0,0.0,0.0,3,20.9,40.3,78,Overcast,0,0,
33107,2021-05-23 14:54:00,40.736732,-73.80349,1,0,Driver Inattention/Distraction,4426121,31.4,19.8,0.0,0.0,0.0,0.0,3,28.5,54.4,322,Overcast,1,1,
33108,2021-06-10 10:47:00,40.716473,-73.959984,0,0,Passing Too Closely,4425549,26.7,16.8,0.0,0.0,0.0,0.0,3,20.9,40.3,78,Overcast,0,0,
33109,2021-06-11 06:30:00,40.735413,-73.91835,0,0,Driver Inattention/Distraction,4426036,20.7,15.3,1.2,1.2,0.0,3.0,53,13.2,27.0,97,Drizzle: Moderate,0,0,
33110,2021-06-07 13:25:00,40.64685,-74.019264,0,0,Driver Inattention/Distraction,4426744,31.0,20.7,0.1,0.1,0.0,1.0,51,16.5,34.9,204,Drizzle: Light,0,0,
33111,2021-06-09 16:39:00,40.7668,-73.92118,0,0,Driver Inattention/Distraction,4426412,30.2,21.4,1.1,1.1,0.0,5.0,51,11.7,28.1,286,Drizzle: Light,0,0,
33112,2021-06-09 06:00:00,40.654636,-73.97856,0,0,Tire Failure/Inadequate,4425170,30.2,21.4,1.1,1.1,0.0,5.0,51,11.7,28.1,286,Drizzle: Light,0,0,
33113,2021-06-11 13:05:00,40.63283,-74.00516,0,0,Unspecified,4426829,20.7,15.3,1.2,1.2,0.0,3.0,53,13.2,27.0,97,Drizzle: Moderate,0,0,
33114,2021-06-10 14:57:00,40.84137,-73.826096,1,0,Pedestrian/Bicyclist/Other Pedestrian Error/Confusion,4425821,26.7,16.8,0.0,0.0,0.0,0.0,3,20.9,40.3,78,Overcast,1,1,
33115,2021-06-09 17:25:00,40.66047,-73.998024,0,0,Unsafe Lane Changing,4425290,30.2,21.4,1.1,1.1,0.0,5.0,51,11.7,28.1,286,Drizzle: Light,0,0,
33116,2021-06-09 18:30:00,40.89938,-73.87102,0,0,Driver Inattention/Distraction,4425972,30.2,21.4,1.1,1.1,0.0,5.0,51,11.7,28.1,286,Drizzle: Light,0,0,
33117,2021-06-10 03:15:00,40.880527,-73.901794,0,0,Unspecified,4425989,26.7,16.8,0.0,0.0,0.0,0.0,3,20.9,40.3,78,Overcast,0,0,
33118,2021-06-09 00:00:00,40.837654,-73.89997,0,0,Driver Inattention/Distraction,4425441,30.2,21.4,1.1,1.1,0.0,5.0,51,11.7,28.1,286,Drizzle: Light,0,0,
33119,2021-06-10 06:00:00,40.673206,-73.86896,0,0,Unspecified,4425939,26.7,16.8,0.0,0.0,0.0,0.0,3,20.9,40.3,78,Overcast,0,0,
33120,2021-06-08 09:00:00,40.865524,-73.88968,0,0,Passing Too Closely,4426295,30.1,22.0,5.9,5.9,0.0,9.0,61,16.6,34.6,215,Rain: Light,0,0,
33121,2021-06-10 22:00:00,40.762287,-73.972374,0,0,Oversized Vehicle,4426164,26.7,16.8,0.0,0.0,0.0,0.0,3,20.9,40.3,78,Overcast,0,0,
33122,2021-06-11 19:04:00,40.621006,-74.02861,0,0,Passing or Lane Usage Improper,4425908,20.7,15.3,1.2,1.2,0.0,3.0,53,13.2,27.0,97,Drizzle: Moderate,0,0,
33123,2021-06-11 20:37:00,40.61617,-73.9546,1,0,Driver Inattention/Distraction,4426331,20.7,15.3,1.2,1.2,0.0,3.0,53,13.2,27.0,97,Drizzle: Moderate,1,1,
33124,2021-06-09 07:00:00,40.737923,-73.79033,0,0,Driver Inattention/Distraction,4426145,30.2,21.4,1.1,1.1,0.0,5.0,51,11.7,28.1,286,Drizzle: Light,0,0,
33125,2021-06-08 14:34:00,40.618023,-74.00981,1,0,Failure to Yield Right-of-Way,4426205,30.1,22.0,5.9,5.9,0.0,9.0,61,16.6,34.6,215,Rain: Light,1,1,
33126,2021-06-08 06:05:00,40.69595,-73.93764,0,0,Oversized Vehicle,4426498,30.1,22.0,5.9,5.9,0.0,9.0,61,16.6,34.6,215,Rain: Light,0,0,
33127,2021-06-11 11:40:00,40.69657,-73.95844,0,0,Driver Inexperience,4426544,20.7,15.3,1.2,1.2,0.0,3.0,53,13.2,27.0,97,Drizzle: Moderate,0,0,
33128,2021-06-11 22:20:00,40.765263,-73.95402,1,0,Driver Inattention/Distraction,4426792,20.7,15.3,1.2,1.2,0.0,3.0,53,13.2,27.0,97,Drizzle: Moderate,1,1,
33129,2021-06-10 14:12:00,40.840206,-73.91015,0,0,Following Too Closely,4425773,26.7,16.8,0.0,0.0,0.0,0.0,3,20.9,40.3,78,Overcast,0,0,
33130,2021-06-10 06:45:00,40.610638,-73.956406,0,0,Failure to Yield Right-of-Way,4425977,26.7,16.8,0.0,0.0,0.0,0.0,3,20.9,40.3,78,Overcast,0,0,
33131,2021-06-09 06:30:00,40.85429,-73.90027,0,0,Unspecified,4425469,30.2,21.4,1.1,1.1,0.0,5.0,51,11.7,28.1,286,Drizzle: Light,0,0,
33132,2021-06-11 23:55:00,40.835716,-73.8775,0,0,Unspecified,4426516,20.7,15.3,1.2,1.2,0.0,3.0,53,13.2,27.0,97,Drizzle: Moderate,0,0,
33133,2021-05-28 20:17:00,40.715927,-73.80889,0,0,Driver Inattention/Distraction,4426113,19.4,10.6,25.0,25.0,0.0,8.0,63,25.6,47.9,62,Rain: Moderate,0,0,
33134,2021-06-11 09:15:00,40.71843,-74.000534,0,0,Driver Inattention/Distraction,4426357,20.7,15.3,1.2,1.2,0.0,3.0,53,13.2,27.0,97,Drizzle: Moderate,0,0,
33135,2021-06-09 17:15:00,40.734844,-73.98312,1,0,Failure to Yield Right-of-Way,4425507,30.2,21.4,1.1,1.1,0.0,5.0,51,11.7,28.1,286,Drizzle: Light,1,1,
33136,2021-10-07 23:24:00,40.663605,-73.934395,3,0,Driver Inattention/Distraction,4465121,22.4,15.7,0.4,0.4,0.0,4.0,51,10.5,20.5,231,Drizzle: Light,3,3,
33137,2021-06-11 11:40:00,40.584522,-73.949,0,0,Driver Inattention/Distraction,4425840,20.7,15.3,1.2,1.2,0.0,3.0,53,13.2,27.0,97,Drizzle: Moderate,0,0,
33138,2021-06-06 04:51:00,40.682835,-73.94092,1,0,Cell Phone (hand-Held),4426479,31.0,20.0,0.0,0.0,0.0,0.0,1,16.6,32.4,222,Mainly clear,1,1,Sunny/Clear Conditions
33139,2021-06-05 08:16:00,40.64106,-74.02486,0,0,Backing Unsafely,4426657,31.3,17.3,0.0,0.0,0.0,0.0,2,20.9,43.9,247,Partly cloudy,0,0,
33140,2021-06-09 05:55:00,40.665848,-73.74822,2,0,Following Too Closely,4425274,30.2,21.4,1.1,1.1,0.0,5.0,51,11.7,28.1,286,Drizzle: Light,2,2,
33141,2021-06-11 14:00:00,40.680035,-73.9055,0,0,Turning Improperly,4426276,20.7,15.3,1.2,1.2,0.0,3.0,53,13.2,27.0,97,Drizzle: Moderate,0,0,
33142,2021-06-11 14:27:00,40.677982,-73.791214,0,0,Passing or Lane Usage Improper,4426156,20.7,15.3,1.2,1.2,0.0,3.0,53,13.2,27.0,97,Drizzle: Moderate,0,0,
33143,2021-06-02 18:30:00,40.72179,-73.99986,1,0,Passenger Distraction,4426383,22.4,13.0,0.0,0.0,0.0,0.0,3,16.7,34.9,176,Overcast,1,1,
33144,2021-06-10 06:10:00,40.7731,-73.84566,0,0,Turning Improperly,4425853,26.7,16.8,0.0,0.0,0.0,0.0,3,20.9,40.3,78,Overcast,0,0,
33145,2021-06-09 05:10:00,40.76052,-73.7934,1,0,Drugs (illegal),4425223,30.2,21.4,1.1,1.1,0.0,5.0,51,11.7,28.1,286,Drizzle: Light,1,1,
33146,2021-06-10 21:50:00,40.64802,-73.952194,1,0,Unspecified,4426575,26.7,16.8,0.0,0.0,0.0,0.0,3,20.9,40.3,78,Overcast,1,1,
33147,2021-06-11 10:45:00,40.750458,-73.863,1,0,Driver Inattention/Distraction,4426456,20.7,15.3,1.2,1.2,0.0,3.0,53,13.2,27.0,97,Drizzle: Moderate,1,1,
33148,2021-12-31 12:55:00,40.72844,-73.854454,0,0,Passing Too Closely,4490958,11.1,7.1,2.7,2.7,0.0,5.0,55,14.9,29.2,193,Drizzle: Dense,0,0,
33149,2021-06-09 19:49:00,40.640163,-73.94553,1,0,Driver Inattention/Distraction,4425697,30.2,21.4,1.1,1.1,0.0,5.0,51,11.7,28.1,286,Drizzle: Light,1,1,
33150,2021-06-10 23:45:00,40.74665,-73.969124,0,0,Unsafe Lane Changing,4425721,26.7,16.8,0.0,0.0,0.0,0.0,3,20.9,40.3,78,Overcast,0,0,