,CRASH DATETIME,LATITUDE,LONGITUDE,NUMBER OF PERSONS INJURED,NUMBER OF PERSONS KILLED,CONTRIBUTING FACTOR VEHICLE 1,COLLISION_ID,temperature_2m_max,temperature_2m_min,precipitation_sum,rain_sum,snowfall_sum,precipitation_hours,weather_code,wind_speed_10m_max,wind_gusts_10m_max,wind_direction_10m_dominant,Weather Description,Severity_Score,Total_Affected_Persons,Weather_Category
33151,2021-06-10 17:40:00,40.667397,-73.84458,0,0,Passing or Lane Usage Improper,4425747,26.7,16.8,0.0,0.0,0.0,0.0,3,20.9,40.3,78,Overcast,0,0,
33152,2021-06-10 15:20:00,40.57941,-74.15452,1,0,Driver Inattention/Distraction,4426004,26.7,16.8,0.0,0.0,0.0,0.0,3,20.9,40.3,78,Overcast,1,1,
33153,2021-06-11 15:35:00,40.698116,-73.977325,0,0,Driver Inattention/Distraction,4425872,20.7,15.3,1.2,1.2,0.0,3.0,53,13.2,27.0,97,Drizzle: Moderate,0,0,
33154,2021-06-09 18:30:00,40.719337,-73.985916,0,0,Failure to Yield Right-of-Way,4425265,30.2,21.4,1.1,1.1,0.0,5.0,51,11.7,28.1,286,Drizzle: Light,0,0,
33155,2021-06-09 15:00:00,40.583683,-73.94455,0,0,Driver Inattention/Distraction,4425224,30.2,21.4,1.1,1.1,0.0,5.0,51,11.7,28.1,286,Drizzle: Light,0,0,
33156,2021-02-13 13:15:00,40.6904,-73.92365,0,0,Driver Inattention/Distraction,4426090,-2.7,-7.8,1.2,0.5,0.49,9.0,71,17.2,31.0,23,Snow fall: Light,0,0,Snowy Conditions
33157,2021-06-10 03:47:00,40.670986,-73.984795,0,0,Traffic Control Disregarded,4425639,26.7,16.8,0.0,0.0,0.0,0.0,3,20.9,40.3,78,Overcast,0,0,
33158,2021-06-10 19:12:00,40.830345,-73.86696,0,0,Unspecified,4425825,26.7,16.8,0.0,0.0,0.0,0.0,3,20.9,40.3,78,Overcast,0,0,
33159,2021-06-09 06:40:00,40.68983,-73.97863,0,0,Driver Inattention/Distraction,4425285,30.2,21.4,1.1,1.1,0.0,5.0,51,11.7,28.1,286,Drizzle: Light,0,0,
33160,2021-05-21 11:15:00,40.815865,-73.91987,1,0,Pavement Defective,4426782,23.9,11.3,0.0,0.0,0.0,0.0,3,19.2,38.5,174,Overcast,1,1,
33161,2021-06-10 19:55:00,40.738796,-73.80846,1,0,Unsafe Speed,4426178,26.7,16.8,0.0,0.0,0.0,0.0,3,20.9,40.3,78,Overcast,1,1,
33162,2021-06-09 06:45:00,40.788906,-73.93765,3,0,Unsafe Speed,4425185,30.2,21.4,1.1,1.1,0.0,5.0,51,11.7,28.1,286,Drizzle: Light,3,3,
33163,2021-04-26 00:39:00,40.788795,-73.93755,1,0,Unsafe Lane Changing,4426009,13.7,3.7,0.0,0.0,0.0,0.0,2,27.3,52.6,311,Partly cloudy,1,1,
33164,2021-06-09 18:22:00,40.632492,-73.93415,1,0,Driver Inattention/Distraction,4426168,30.2,21.4,1.1,1.1,0.0,5.0,51,11.7,28.1,286,Drizzle: Light,1,1,
33165,2021-06-11 19:35:00,40.672558,-73.91815,0,0,Driver Inattention/Distraction,4426280,20.7,15.3,1.2,1.2,0.0,3.0,53,13.2,27.0,97,Drizzle: Moderate,0,0,
33166,2021-06-09 23:20:00,40.83156,-73.822716,0,0,Alcohol Involvement,4425808,30.2,21.4,1.1,1.1,0.0,5.0,51,11.7,28.1,286,Drizzle: Light,0,0,
33167,2021-06-10 16:16:00,40.67046,-73.88788,0,0,Driver Inattention/Distraction,4425943,26.7,16.8,0.0,0.0,0.0,0.0,3,20.9,40.3,78,Overcast,0,0,
33168,2021-06-09 17:28:00,40.794178,-73.94487,0,0,Unsafe Lane Changing,4425372,30.2,21.4,1.1,1.1,0.0,5.0,51,11.7,28.1,286,Drizzle: Light,0,0,
33169,2021-06-09 16:21:00,40.84764,-73.901,1,0,Aggressive Driving/Road Rage,4426026,30.2,21.4,1.1,1.1,0.0,5.0,51,11.7,28.1,286,Drizzle: Light,1,1,
33170,2021-06-09 15:22:00,40.88256,-73.91237,0,0,Unspecified,4426058,30.2,21.4,1.1,1.1,0.0,5.0,51,11.7,28.1,286,Drizzle: Light,0,0,
33171,2021-10-06 00:57:00,40.66653,-73.806274,1,1,Unsafe Speed,4464778,20.3,16.0,0.1,0.1,0.0,1.0,51,6.5,14.0,28,Drizzle: Light,21,2,
33172,2021-06-07 17:50:00,40.67043,-73.928185,0,0,Failure to Keep Right,4426503,31.0,20.7,0.1,0.1,0.0,1.0,51,16.5,34.9,204,Drizzle: Light,0,0,
33173,2021-06-11 11:36:00,40.667915,-73.77523,1,0,Traffic Control Disregarded,4426149,20.7,15.3,1.2,1.2,0.0,3.0,53,13.2,27.0,97,Drizzle: Moderate,1,1,
33174,2021-06-11 15:33:00,40.8566,-73.82646,1,0,Unspecified,4426210,20.7,15.3,1.2,1.2,0.0,3.0,53,13.2,27.0,97,Drizzle: Moderate,1,1,
33175,2021-06-06 02:38:00,40.720825,-73.98797,1,0,Passenger Distraction,4426314,31.0,20.0,0.0,0.0,0.0,0.0,1,16.6,32.4,222,Mainly clear,1,1,Sunny/Clear Conditions
33176,2021-06-09 12:37:00,40.633373,-73.96458,0,0,Driver Inattention/Distraction,4425407,30.2,21.4,1.1,1.1,0.0,5.0,51,11.7,28.1,286,Drizzle: Light,0,0,
33177,2021-06-10 16:54:00,40.570465,-74.10977,0,0,Turning Improperly,4425780,26.7,16.8,0.0,0.0,0.0,0.0,3,20.9,40.3,78,Overcast,0,0,
33178,2021-06-07 12:00:00,40.669895,-73.95106,0,0,Unspecified,4426523,31.0,20.7,0.1,0.1,0.0,1.0,51,16.5,34.9,204,Drizzle: Light,0,0,
33179,2021-05-29 11:46:00,40.890675,-73.89777,2,0,Driver Inattention/Distraction,4425793,11.0,8.5,25.1,25.1,0.0,22.0,63,29.9,56.9,39,Rain: Moderate,2,2,
33180,2021-06-10 01:00:00,40.594826,-73.787254,0,0,Unspecified,4425542,26.7,16.8,0.0,0.0,0.0,0.0,3,20.9,40.3,78,Overcast,0,0,
33181,2021-06-09 16:28:00,40.804695,-73.92239,0,0,Aggressive Driving/Road Rage,4426787,30.2,21.4,1.1,1.1,0.0,5.0,51,11.7,28.1,286,Drizzle: Light,0,0,
33182,2021-04-23 18:01:00,40.692764,-73.94579,0,0,Failure to Yield Right-of-Way,4426549,15.5,2.0,0.0,0.0,0.0,0.0,3,28.7,57.2,273,Overcast,0,0,
33183,2021-06-10 15:49:00,40.877033,-73.846375,1,0,Passing or Lane Usage Improper,4425981,26.7,16.8,0.0,0.0,0.0,0.0,3,20.9,40.3,78,Overcast,1,1,
33184,2021-06-11 18:40:00,40.608078,-73.979706,1,0,Passing or Lane Usage Improper,4425896,20.7,15.3,1.2,1.2,0.0,3.0,53,13.2,27.0,97,Drizzle: Moderate,1,1,
33185,2021-06-10 14:58:00,40.756527,-73.994026,1,0,Driver Inattention/Distraction,4426341,26.7,16.8,0.0,0.0,0.0,0.0,3,20.9,40.3,78,Overcast,1,1,
33186,2021-06-11 16:29:00,40.575935,-74.00543,1,0,Other Vehicular,4426483,20.7,15.3,1.2,1.2,0.0,3.0,53,13.2,27.0,97,Drizzle: Moderate,1,1,
33187,2021-06-10 04:03:00,40.841877,-73.8888,0,0,Driver Inattention/Distraction,4426077,26.7,16.8,0.0,0.0,0.0,0.0,3,20.9,40.3,78,Overcast,0,0,
33188,2021-06-11 17:10:00,40.72032,-73.99404,0,0,Driver Inattention/Distraction,4426854,20.7,15.3,1.2,1.2,0.0,3.0,53,13.2,27.0,97,Drizzle: Moderate,0,0,
33189,2021-06-10 08:50:00,40.646786,-74.008575,0,0,Unspecified,4425525,26.7,16.8,0.0,0.0,0.0,0.0,3,20.9,40.3,78,Overcast,0,0,
33190,2021-06-09 00:00:00,40.742504,-73.73431,1,0,Following Too Closely,4425207,30.2,21.4,1.1,1.1,0.0,5.0,51,11.7,28.1,286,Drizzle: Light,1,1,
33191,2021-06-11 13:15:00,40.769844,-73.83656,0,0,Unspecified,4425857,20.7,15.3,1.2,1.2,0.0,3.0,53,13.2,27.0,97,Drizzle: Moderate,0,0,
33192,2021-06-11 13:05:00,40.708942,-73.941765,0,0,Following Too Closely,4426424,20.7,15.3,1.2,1.2,0.0,3.0,53,13.2,27.0,97,Drizzle: Moderate,0,0,
33193,2021-06-09 11:40:00,40.749783,-73.80289,0,0,Passing Too Closely,4425278,30.2,21.4,1.1,1.1,0.0,5.0,51,11.7,28.1,286,Drizzle: Light,0,0,
33194,2021-06-11 18:36:00,40.774624,-73.93316,0,0,Pedestrian/Bicyclist/Other Pedestrian Error/Confusion,4426571,20.7,15.3,1.2,1.2,0.0,3.0,53,13.2,27.0,97,Drizzle: Moderate,0,0,
33195,2021-06-09 23:57:00,40.84148,-73.88853,4,0,Other Vehicular,4425346,30.2,21.4,1.1,1.1,0.0,5.0,51,11.7,28.1,286,Drizzle: Light,4,4,
33196,2021-05-27 04:55:00,40.900005,-73.87919,0,0,Unspecified,4426045,27.4,18.3,2.4,2.4,0.0,3.0,61,23.5,42.1,313,Rain: Light,0,0,
33197,2021-06-09 16:00:00,40.74559,-73.87791,1,0,Passing or Lane Usage Improper,4426693,30.2,21.4,1.1,1.1,0.0,5.0,51,11.7,28.1,286,Drizzle: Light,1,1,
33198,2021-06-10 17:40:00,40.761196,-73.777725,0,0,Driver Inattention/Distraction,4425688,26.7,16.8,0.0,0.0,0.0,0.0,3,20.9,40.3,78,Overcast,0,0,
33199,2021-06-10 23:43:00,40.607178,-73.91642,4,1,Unsafe Speed,4426256,26.7,16.8,0.0,0.0,0.0,0.0,3,20.9,40.3,78,Overcast,24,5,
33200,2021-06-08 04:04:00,40.868496,-73.92173,0,0,Backing Unsafely,4426449,30.1,22.0,5.9,5.9,0.0,9.0,61,16.6,34.6,215,Rain: Light,0,0,
33201,2021-06-11 16:49:00,40.67801,-73.8161,3,0,Other Vehicular,4425852,20.7,15.3,1.2,1.2,0.0,3.0,53,13.2,27.0,97,Drizzle: Moderate,3,3,
33202,2021-06-10 21:00:00,40.81327,-73.905136,0,0,Driver Inexperience,4425752,26.7,16.8,0.0,0.0,0.0,0.0,3,20.9,40.3,78,Overcast,0,0,
33203,2021-06-09 11:29:00,40.852642,-73.908424,1,0,Failure to Yield Right-of-Way,4425466,30.2,21.4,1.1,1.1,0.0,5.0,51,11.7,28.1,286,Drizzle: Light,1,1,
33204,2021-06-09 09:24:00,40.63926,-73.93777,0,0,Unspecified,4425699,30.2,21.4,1.1,1.1,0.0,5.0,51,11.7,28.1,286,Drizzle: Light,0,0,
33205,2021-06-11 17:15:00,40.76229,-73.75711,0,0,Driver Inattention/Distraction,4425884,20.7,15.3,1.2,1.2,0.0,3.0,53,13.2,27.0,97,Drizzle: Moderate,0,0,
33206,2021-06-09 20:16:00,40.817593,-73.95319,1,0,Unspecified,4425293,30.2,21.4,1.1,1.1,0.0,5.0,51,11.7,28.1,286,Drizzle: Light,1,1,
33207,2021-06-11 00:40:00,40.69377,-73.73578,1,0,Driver Inattention/Distraction,4425743,20.7,15.3,1.2,1.2,0.0,3.0,53,13.2,27.0,97,Drizzle: Moderate,1,1,
33208,2021-06-09 13:49:00,40.608143,-74.00412,2,0,Driver Inattention/Distraction,4425322,30.2,21.4,1.1,1.1,0.0,5.0,51,11.7,28.1,286,Drizzle: Light,2,2,
33209,2021-06-10 15:40:00,40.596222,-73.98897,0,0,Driver Inattention/Distraction,4425645,26.7,16.8,0.0,0.0,0.0,0.0,3,20.9,40.3,78,Overcast,0,0,
33210,2021-06-09 10:30:00,40.639633,-73.954185,0,0,Unspecified,4425246,30.2,21.4,1.1,1.1,0.0,5.0,51,11.7,28.1,286,Drizzle: Light,0,0,
33211,2021-06-10 12:30:00,40.709442,-73.9607,1,0,Passing or Lane Usage Improper,4426398,26.7,16.8,0.0,0.0,0.0,0.0,3,20.9,40.3,78,Overcast,1,1,
33212,2023-01-09 11:23:00,40.691708,-73.94849,0,0,Failure to Yield Right-of-Way,4598515,6.9,0.6,1.7,0.9,0.56,5.0,73,17.2,32.0,282,Snow fall: Moderate,0,0,Snowy Conditions
33213,2021-06-10 16:00:00,40.74629,-73.93327,0,0,Driver Inattention/Distraction,4425911,26.7,16.8,0.0,0.0,0.0,0.0,3,20.9,40.3,78,Overcast,0,0,
33214,2021-06-10 12:33:00,40.67269,-73.93909,0,0,Backing Unsafely,4426510,26.7,16.8,0.0,0.0,0.0,0.0,3,20.9,40.3,78,Overcast,0,0,
33215,2021-05-31 16:28:00,40.816196,-73.896,0,0,View Obstructed/Limited,4425930,20.3,9.3,0.7,0.7,0.0,5.0,51,20.9,40.7,318,Drizzle: Light,0,0,
33216,2021-06-09 16:10:00,40.867733,-73.85861,0,0,Passing or Lane Usage Improper,4425486,30.2,21.4,1.1,1.1,0.0,5.0,51,11.7,28.1,286,Drizzle: Light,0,0,
33217,2021-06-01 21:10:00,40.70369,-73.984634,0,0,Driver Inattention/Distraction,4426222,23.5,9.7,0.0,0.0,0.0,0.0,3,17.6,32.0,221,Overcast,0,0,
33218,2021-06-09 07:50:00,0.0,0.0,2,0,Unsafe Speed,4426285,30.2,21.4,1.1,1.1,0.0,5.0,51,11.7,28.1,286,Drizzle: Light,2,2,
33219,2021-06-10 09:10:00,40.671047,-73.892715,0,0,Traffic Control Disregarded,4425513,26.7,16.8,0.0,0.0,0.0,0.0,3,20.9,40.3,78,Overcast,0,0,
33220,2021-06-11 07:25:00,40.631794,-73.90288,0,0,Driver Inattention/Distraction,4426030,20.7,15.3,1.2,1.2,0.0,3.0,53,13.2,27.0,97,Drizzle: Moderate,0,0,
33221,2021-06-11 19:45:00,40.67359,-73.749626,0,0,Driver Inattention/Distraction,4425879,20.7,15.3,1.2,1.2,0.0,3.0,53,13.2,27.0,97,Drizzle: Moderate,0,0,
33222,2021-06-11 16:43:00,40.592186,-73.9777,0,0,Driver Inattention/Distraction,4426742,20.7,15.3,1.2,1.2,0.0,3.0,53,13.2,27.0,97,Drizzle: Moderate,0,0,
33223,2021-06-09 07:50:00,40.84281,-73.84469,0,0,Turning Improperly,4425812,30.2,21.4,1.1,1.1,0.0,5.0,51,11.7,28.1,286,Drizzle: Light,0,0,
33224,2021-05-28 10:15:00,40.877407,-73.902954,0,0,Unspecified,4426062,19.4,10.6,25.0,25.0,0.0,8.0,63,25.6,47.9,62,Rain: Moderate,0,0,
33225,2021-06-09 21:26:00,40.823505,-73.94144,0,0,Driver Inexperience,4425564,30.2,21.4,1.1,1.1,0.0,5.0,51,11.7,28.1,286,Drizzle: Light,0,0,
33226,2021-06-11 08:45:00,40.59601,-73.74267,0,0,Unspecified,4426085,20.7,15.3,1.2,1.2,0.0,3.0,53,13.2,27.0,97,Drizzle: Moderate,0,0,
33227,2021-06-10 11:30:00,40.60148,-73.99306,1,0,Unspecified,4425635,26.7,16.8,0.0,0.0,0.0,0.0,3,20.9,40.3,78,Overcast,1,1,
33228,2021-06-11 16:54:00,40.72785,-73.92657,0,0,Driver Inattention/Distraction,4425923,20.7,15.3,1.2,1.2,0.0,3.0,53,13.2,27.0,97,Drizzle: Moderate,0,0,
33229,2021-06-04 15:01:00,40.57686,-73.98266,1,0,Traffic Control Disregarded,4426366,25.3,17.4,6.5,6.5,0.0,10.0,61,17.9,37.8,235,Rain: Light,1,1,
33230,2021-06-09 02:23:00,40.685448,-73.8324,0,0,Unspecified,4425365,30.2,21.4,1.1,1.1,0.0,5.0,51,11.7,28.1,286,Drizzle: Light,0,0,
33231,2021-06-10 10:50:00,40.631405,-73.95749,0,0,Unsafe Speed,4425608,26.7,16.8,0.0,0.0,0.0,0.0,3,20.9,40.3,78,Overcast,0,0,
33232,2021-06-09 20:00:00,40.843376,-73.8369,2,0,Following Too Closely,4425397,30.2,21.4,1.1,1.1,0.0,5.0,51,11.7,28.1,286,Drizzle: Light,2,2,
33233,2021-06-07 15:00:00,40.88955,-73.84524,0,0,Unspecified,4425953,31.0,20.7,0.1,0.1,0.0,1.0,51,16.5,34.9,204,Drizzle: Light,0,0,
33234,2021-06-11 11:30:00,40.66895,-73.9339,0,0,Turning Improperly,4426529,20.7,15.3,1.2,1.2,0.0,3.0,53,13.2,27.0,97,Drizzle: Moderate,0,0,
33235,2021-06-10 14:15:00,40.741608,-73.88295,0,0,Unspecified,4426700,26.7,16.8,0.0,0.0,0.0,0.0,3,20.9,40.3,78,Overcast,0,0,
33236,2021-06-11 01:50:00,40.6665,-73.9962,1,0,Unspecified,4425784,20.7,15.3,1.2,1.2,0.0,3.0,53,13.2,27.0,97,Drizzle: Moderate,1,1,
33237,2021-05-28 06:30:00,40.869045,-73.89945,0,0,Unspecified,4426013,19.4,10.6,25.0,25.0,0.0,8.0,63,25.6,47.9,62,Rain: Moderate,0,0,
33238,2021-06-09 14:40:00,40.754707,-73.99164,3,0,Unspecified,4426323,30.2,21.4,1.1,1.1,0.0,5.0,51,11.7,28.1,286,Drizzle: Light,3,3,
33239,2021-06-09 17:00:00,40.702568,-73.95026,0,0,Driver Inattention/Distraction,4425335,30.2,21.4,1.1,1.1,0.0,5.0,51,11.7,28.1,286,Drizzle: Light,0,0,
33240,2021-06-09 19:15:00,40.74353,-74.00554,0,0,Reaction to Uninvolved Vehicle,4425789,30.2,21.4,1.1,1.1,0.0,5.0,51,11.7,28.1,286,Drizzle: Light,0,0,
33241,2021-12-11 13:33:00,40.74766,-73.86346,0,0,Unspecified,4485669,17.3,5.0,8.1,8.1,0.0,5.0,63,35.0,67.0,206,Rain: Moderate,0,0,
33242,2021-06-11 22:09:00,40.824066,-73.908714,1,0,Driver Inattention/Distraction,4426349,20.7,15.3,1.2,1.2,0.0,3.0,53,13.2,27.0,97,Drizzle: Moderate,1,1,
33243,2021-05-30 09:00:00,40.693863,-73.92971,0,0,Driver Inattention/Distraction,4426488,11.5,8.5,13.7,13.7,0.0,24.0,61,28.1,52.2,22,Rain: Light,0,0,
33244,2021-05-30 02:38:00,40.729134,-73.931015,0,0,Driver Inattention/Distraction,4425916,11.5,8.5,13.7,13.7,0.0,24.0,61,28.1,52.2,22,Rain: Light,0,0,
33245,2021-06-07 19:30:00,40.845352,-73.92821,0,0,Following Too Closely,4426041,31.0,20.7,0.1,0.1,0.0,1.0,51,16.5,34.9,204,Drizzle: Light,0,0,
33246,2021-06-08 07:00:00,40.639584,-73.948364,0,0,Unspecified,4426585,30.1,22.0,5.9,5.9,0.0,9.0,61,16.6,34.6,215,Rain: Light,0,0,
33247,2021-06-11 18:30:00,40.820053,-73.81934,0,0,Unspecified,4426245,20.7,15.3,1.2,1.2,0.0,3.0,53,13.2,27.0,97,Drizzle: Moderate,0,0,
33248,2021-06-09 14:05:00,40.703976,-73.92309,0,0,Turning Improperly,4425450,30.2,21.4,1.1,1.1,0.0,5.0,51,11.7,28.1,286,Drizzle: Light,0,0,
33249,2021-06-11 12:37:00,40.829895,-73.87759,0,0,Unspecified,4425833,20.7,15.3,1.2,1.2,0.0,3.0,53,13.2,27.0,97,Drizzle: Moderate,0,0,
33250,2021-06-07 22:40:00,40.70188,-73.89054,0,0,Passing or Lane Usage Improper,4426131,31.0,20.7,0.1,0.1,0.0,1.0,51,16.5,34.9,204,Drizzle: Light,0,0,
33251,2021-06-10 13:55:00,40.68792,-73.98025,1,0,Passing or Lane Usage Improper,4425684,26.7,16.8,0.0,0.0,0.0,0.0,3,20.9,40.3,78,Overcast,1,1,
33252,2021-06-09 00:00:00,40.748108,-73.947365,3,0,Driver Inattention/Distraction,4425298,30.2,21.4,1.1,1.1,0.0,5.0,51,11.7,28.1,286,Drizzle: Light,3,3,
33253,2021-06-09 10:49:00,40.642757,-74.00793,0,0,Unspecified,4426073,30.2,21.4,1.1,1.1,0.0,5.0,51,11.7,28.1,286,Drizzle: Light,0,0,
33254,2021-06-10 08:40:00,40.71492,-73.79128,0,0,Unspecified,4426137,26.7,16.8,0.0,0.0,0.0,0.0,3,20.9,40.3,78,Overcast,0,0,
33255,2021-06-06 22:00:00,40.598022,-73.95434,0,0,Unspecified,4426188,31.0,20.0,0.0,0.0,0.0,0.0,1,16.6,32.4,222,Mainly clear,0,0,Sunny/Clear Conditions
33256,2021-06-09 18:40:00,40.70512,-73.767914,1,0,Driver Inattention/Distraction,4425579,30.2,21.4,1.1,1.1,0.0,5.0,51,11.7,28.1,286,Drizzle: Light,1,1,
33257,2021-06-09 16:15:00,40.844524,-73.902725,0,0,Failure to Yield Right-of-Way,4425710,30.2,21.4,1.1,1.1,0.0,5.0,51,11.7,28.1,286,Drizzle: Light,0,0,
33258,2021-06-06 19:46:00,40.7778,-73.91308,1,0,Traffic Control Disregarded,4426557,31.0,20.0,0.0,0.0,0.0,0.0,1,16.6,32.4,222,Mainly clear,1,1,Sunny/Clear Conditions
33259,2021-06-10 20:27:00,40.758705,-73.93793,1,0,Driver Inattention/Distraction,4426419,26.7,16.8,0.0,0.0,0.0,0.0,3,20.9,40.3,78,Overcast,1,1,
33260,2021-06-11 11:20:00,40.6266,-73.98271,0,0,Driver Inattention/Distraction,4426820,20.7,15.3,1.2,1.2,0.0,3.0,53,13.2,27.0,97,Drizzle: Moderate,0,0,
33261,2021-05-25 16:15:00,40.727318,-73.88796,0,0,Following Too Closely,4425889,21.9,13.0,0.0,0.0,0.0,0.0,3,24.3,47.9,182,Overcast,0,0,
33262,2021-06-10 17:40:00,40.646328,-73.91276,1,0,Traffic Control Disregarded,4426263,26.7,16.8,0.0,0.0,0.0,0.0,3,20.9,40.3,78,Overcast,1,1,
33263,2021-06-11 05:10:00,40.834198,-73.85169,0,0,Driver Inattention/Distraction,4425832,20.7,15.3,1.2,1.2,0.0,3.0,53,13.2,27.0,97,Drizzle: Moderate,0,0,
33264,2021-06-09 19:20:00,40.599907,-73.94664,0,0,Unspecified,4425341,30.2,21.4,1.1,1.1,0.0,5.0,51,11.7,28.1,286,Drizzle: Light,0,0,
33265,2021-06-09 08:16:00,40.67798,-73.872116,0,0,Aggressive Driving/Road Rage,4425421,30.2,21.4,1.1,1.1,0.0,5.0,51,11.7,28.1,286,Drizzle: Light,0,0,
33266,2021-06-10 19:21:00,40.700775,-73.91334,0,0,Driver Inattention/Distraction,4426099,26.7,16.8,0.0,0.0,0.0,0.0,3,20.9,40.3,78,Overcast,0,0,
33267,2021-06-09 16:58:00,40.835857,-73.87213,0,0,Unsafe Lane Changing,4425847,30.2,21.4,1.1,1.1,0.0,5.0,51,11.7,28.1,286,Drizzle: Light,0,0,
33268,2021-05-27 19:29:00,40.787064,-73.94194,1,0,Traffic Control Disregarded,4426606,27.4,18.3,2.4,2.4,0.0,3.0,61,23.5,42.1,313,Rain: Light,1,1,
33269,2021-06-09 17:15:00,40.58672,-73.97234,0,0,Driver Inattention/Distraction,4425389,30.2,21.4,1.1,1.1,0.0,5.0,51,11.7,28.1,286,Drizzle: Light,0,0,
33270,2021-06-10 15:55:00,40.72225,-74.00592,0,0,Alcohol Involvement,4425618,26.7,16.8,0.0,0.0,0.0,0.0,3,20.9,40.3,78,Overcast,0,0,
33271,2021-06-10 16:48:00,40.73675,-73.71104,0,0,Driver Inattention/Distraction,4425864,26.7,16.8,0.0,0.0,0.0,0.0,3,20.9,40.3,78,Overcast,0,0,
33272,2021-06-09 05:50:00,40.68534,-73.80431,2,0,Failure to Yield Right-of-Way,4425031,30.2,21.4,1.1,1.1,0.0,5.0,51,11.7,28.1,286,Drizzle: Light,2,2,
33273,2021-06-10 14:35:00,40.62318,-74.14925,0,0,View Obstructed/Limited,4425651,26.7,16.8,0.0,0.0,0.0,0.0,3,20.9,40.3,78,Overcast,0,0,
33274,2021-06-04 18:00:00,40.755783,-73.92803,0,0,Driver Inattention/Distraction,4426394,25.3,17.4,6.5,6.5,0.0,10.0,61,17.9,37.8,235,Rain: Light,0,0,
33275,2021-06-10 17:10:00,40.657738,-73.89596,0,0,Passing or Lane Usage Improper,4425946,26.7,16.8,0.0,0.0,0.0,0.0,3,20.9,40.3,78,Overcast,0,0,
33276,2021-06-09 08:35:00,40.895374,-73.86356,0,0,Unsafe Speed,4425966,30.2,21.4,1.1,1.1,0.0,5.0,51,11.7,28.1,286,Drizzle: Light,0,0,
33277,2021-06-10 18:00:00,40.66929,-73.842445,1,0,Unsafe Lane Changing,4425739,26.7,16.8,0.0,0.0,0.0,0.0,3,20.9,40.3,78,Overcast,1,1,
33278,2021-06-09 11:39:00,40.602325,-73.99445,0,0,Driver Inattention/Distraction,4425317,30.2,21.4,1.1,1.1,0.0,5.0,51,11.7,28.1,286,Drizzle: Light,0,0,
33279,2021-06-10 10:27:00,40.820305,-73.89083,0,0,Unspecified,4425554,26.7,16.8,0.0,0.0,0.0,0.0,3,20.9,40.3,78,Overcast,0,0,
33280,2021-06-10 21:50:00,40.670067,-73.90811,1,0,Driver Inattention/Distraction,4425729,26.7,16.8,0.0,0.0,0.0,0.0,3,20.9,40.3,78,Overcast,1,1,
33281,2021-06-11 05:21:00,40.81914,-73.93719,0,0,Backing Unsafely,4426824,20.7,15.3,1.2,1.2,0.0,3.0,53,13.2,27.0,97,Drizzle: Moderate,0,0,
33282,2021-06-10 10:38:00,40.643894,-73.93826,0,0,Driver Inattention/Distraction,4425708,26.7,16.8,0.0,0.0,0.0,0.0,3,20.9,40.3,78,Overcast,0,0,
33283,2021-06-10 15:49:00,40.82486,-73.85402,1,0,Unspecified,4425599,26.7,16.8,0.0,0.0,0.0,0.0,3,20.9,40.3,78,Overcast,1,1,
33284,2021-06-11 22:00:00,40.818336,-73.847885,0,0,Driver Inattention/Distraction,4425888,20.7,15.3,1.2,1.2,0.0,3.0,53,13.2,27.0,97,Drizzle: Moderate,0,0,
33285,2021-06-09 00:00:00,40.74197,-73.84116,1,0,Driver Inattention/Distraction,4425127,30.2,21.4,1.1,1.1,0.0,5.0,51,11.7,28.1,286,Drizzle: Light,1,1,
33286,2021-05-16 20:00:00,40.687275,-73.97916,0,0,Passing or Lane Usage Improper,4426506,22.3,10.7,0.1,0.1,0.0,1.0,51,23.8,46.1,261,Drizzle: Light,0,0,
33287,2021-06-10 12:49:00,40.608334,-74.10186,1,0,Passing or Lane Usage Improper,4425626,26.7,16.8,0.0,0.0,0.0,0.0,3,20.9,40.3,78,Overcast,1,1,
33288,2021-06-09 17:13:00,40.7461,-73.91406,0,0,Driver Inattention/Distraction,4425297,30.2,21.4,1.1,1.1,0.0,5.0,51,11.7,28.1,286,Drizzle: Light,0,0,
33289,2021-06-09 09:43:00,40.626568,-73.970924,1,0,Unspecified,4425390,30.2,21.4,1.1,1.1,0.0,5.0,51,11.7,28.1,286,Drizzle: Light,1,1,
33290,2021-12-10 00:00:00,40.660797,-73.87183,0,0,Unsafe Speed,4486095,8.5,1.6,0.0,0.0,0.0,0.0,3,9.8,20.5,183,Overcast,0,0,
33291,2021-06-10 19:20:00,40.705425,-73.78258,0,0,Following Too Closely,4425875,26.7,16.8,0.0,0.0,0.0,0.0,3,20.9,40.3,78,Overcast,0,0,
33292,2021-06-10 09:48:00,40.66675,-73.779945,0,0,Unspecified,4425672,26.7,16.8,0.0,0.0,0.0,0.0,3,20.9,40.3,78,Overcast,0,0,
33293,2021-06-08 12:00:00,40.904552,-73.847824,0,0,Unspecified,4425968,30.1,22.0,5.9,5.9,0.0,9.0,61,16.6,34.6,215,Rain: Light,0,0,
33294,2021-06-11 08:40:00,40.70145,-73.989624,0,0,Unspecified,4426100,20.7,15.3,1.2,1.2,0.0,3.0,53,13.2,27.0,97,Drizzle: Moderate,0,0,