,CRASH DATETIME,LATITUDE,LONGITUDE,NUMBER OF PERSONS INJURED,NUMBER OF PERSONS KILLED,CONTRIBUTING FACTOR VEHICLE 1,COLLISION_ID,temperature_2m_max,temperature_2m_min,precipitation_sum,rain_sum,snowfall_sum,precipitation_hours,weather_code,wind_speed_10m_max,wind_gusts_10m_max,wind_direction_10m_dominant,Weather Description,Severity_Score,Total_Affected_Persons,Weather_Category
33295,2021-06-10 16:50:00,40.627052,-74.16485,0,0,Unspecified,4425985,26.7,16.8,0.0,0.0,0.0,0.0,3,20.9,40.3,78,Overcast,0,0,
33296,2021-06-08 14:20:00,40.880657,-73.877625,0,0,Unspecified,4426289,30.1,22.0,5.9,5.9,0.0,9.0,61,16.6,34.6,215,Rain: Light,0,0,
33297,2021-06-11 17:14:00,40.82458,-73.870544,0,0,Unspecified,4426511,20.7,15.3,1.2,1.2,0.0,3.0,53,13.2,27.0,97,Drizzle: Moderate,0,0,
33298,2021-06-09 21:27:00,40.66212,-73.770164,0,0,Unspecified,4425337,30.2,21.4,1.1,1.1,0.0,5.0,51,11.7,28.1,286,Drizzle: Light,0,0,
33299,2021-06-10 11:30:00,40.71917,-73.861275,0,0,Driver Inattention/Distraction,4425548,26.7,16.8,0.0,0.0,0.0,0.0,3,20.9,40.3,78,Overcast,0,0,
33300,2021-06-11 23:30:00,40.66561,-73.73568,1,0,Unspecified,4426229,20.7,15.3,1.2,1.2,0.0,3.0,53,13.2,27.0,97,Drizzle: Moderate,1,1,
33301,2021-06-10 21:59:00,40.61255,-73.96287,1,0,Driver Inattention/Distraction,4426327,26.7,16.8,0.0,0.0,0.0,0.0,3,20.9,40.3,78,Overcast,1,1,
33302,2021-06-05 00:00:00,40.82378,-73.836426,0,0,Unspecified,4425817,31.3,17.3,0.0,0.0,0.0,0.0,2,20.9,43.9,247,Partly cloudy,0,0,
33303,2021-06-09 16:03:00,40.703163,-73.81662,4,0,Driver Inattention/Distraction,4425578,30.2,21.4,1.1,1.1,0.0,5.0,51,11.7,28.1,286,Drizzle: Light,4,4,
33304,2021-06-11 13:15:00,40.648464,-74.00683,1,0,Unspecified,4425802,20.7,15.3,1.2,1.2,0.0,3.0,53,13.2,27.0,97,Drizzle: Moderate,1,1,
33305,2021-06-09 06:40:00,40.892963,-73.86101,0,0,Brakes Defective,4425973,30.2,21.4,1.1,1.1,0.0,5.0,51,11.7,28.1,286,Drizzle: Light,0,0,
33306,2021-06-09 19:25:00,40.68246,-73.830025,1,0,Failure to Yield Right-of-Way,4425360,30.2,21.4,1.1,1.1,0.0,5.0,51,11.7,28.1,286,Drizzle: Light,1,1,
33307,2021-06-11 23:10:00,40.660355,-73.85577,0,0,Driver Inattention/Distraction,4426813,20.7,15.3,1.2,1.2,0.0,3.0,53,13.2,27.0,97,Drizzle: Moderate,0,0,
33308,2021-06-10 15:20:00,40.769863,-73.947914,0,0,Other Vehicular,4426773,26.7,16.8,0.0,0.0,0.0,0.0,3,20.9,40.3,78,Overcast,0,0,
33309,2021-06-11 07:14:00,40.757435,-73.969604,0,0,Driver Inattention/Distraction,4426296,20.7,15.3,1.2,1.2,0.0,3.0,53,13.2,27.0,97,Drizzle: Moderate,0,0,
33310,2021-06-11 16:50:00,40.775642,-73.960526,1,0,Driver Inattention/Distraction,4426785,20.7,15.3,1.2,1.2,0.0,3.0,53,13.2,27.0,97,Drizzle: Moderate,1,1,
33311,2021-06-10 04:30:00,40.690647,-73.90805,1,0,Driver Inattention/Distraction,4425764,26.7,16.8,0.0,0.0,0.0,0.0,3,20.9,40.3,78,Overcast,1,1,
33312,2021-06-11 22:00:00,40.722775,-73.94707,0,0,Aggressive Driving/Road Rage,4426495,20.7,15.3,1.2,1.2,0.0,3.0,53,13.2,27.0,97,Drizzle: Moderate,0,0,
33313,2021-05-18 11:20:00,40.677067,-73.92281,0,0,Turning Improperly,4426472,26.1,11.2,0.0,0.0,0.0,0.0,3,15.5,29.2,262,Overcast,0,0,
33314,2021-06-08 16:55:00,40.62137,-74.135506,0,0,Driver Inattention/Distraction,4426861,30.1,22.0,5.9,5.9,0.0,9.0,61,16.6,34.6,215,Rain: Light,0,0,
33315,2021-06-10 19:17:00,40.71758,-73.99831,0,0,Unspecified,4426353,26.7,16.8,0.0,0.0,0.0,0.0,3,20.9,40.3,78,Overcast,0,0,
33316,2021-06-10 20:45:00,40.744072,-73.86769,0,0,Driver Inattention/Distraction,4426701,26.7,16.8,0.0,0.0,0.0,0.0,3,20.9,40.3,78,Overcast,0,0,
33317,2021-06-10 13:10:00,40.664597,-73.911385,0,0,Unspecified,4426272,26.7,16.8,0.0,0.0,0.0,0.0,3,20.9,40.3,78,Overcast,0,0,
33318,2021-06-11 22:15:00,40.595715,-73.96508,1,0,Unspecified,4426745,20.7,15.3,1.2,1.2,0.0,3.0,53,13.2,27.0,97,Drizzle: Moderate,1,1,
33319,2021-05-26 20:00:00,40.771397,-73.93281,0,0,Unspecified,4426552,29.5,17.4,0.1,0.1,0.0,1.0,51,23.4,45.7,210,Drizzle: Light,0,0,
33320,2021-06-09 09:38:00,40.668377,-73.92012,1,0,Other Vehicular,4425724,30.2,21.4,1.1,1.1,0.0,5.0,51,11.7,28.1,286,Drizzle: Light,1,1,
33321,2021-06-10 18:00:00,40.799957,-73.96053,0,0,Passing Too Closely,4425643,26.7,16.8,0.0,0.0,0.0,0.0,3,20.9,40.3,78,Overcast,0,0,
33322,2021-06-10 02:48:00,40.768566,-73.92495,0,0,Driver Inattention/Distraction,4426413,26.7,16.8,0.0,0.0,0.0,0.0,3,20.9,40.3,78,Overcast,0,0,
33323,2021-06-02 19:26:00,40.757107,-73.997314,0,0,Following Too Closely,4425785,22.4,13.0,0.0,0.0,0.0,0.0,3,16.7,34.9,176,Overcast,0,0,
33324,2021-06-09 13:42:00,40.687378,-73.98598,0,0,Unsafe Lane Changing,4425239,30.2,21.4,1.1,1.1,0.0,5.0,51,11.7,28.1,286,Drizzle: Light,0,0,
33325,2021-06-09 09:08:00,40.693115,-73.96926,0,0,Driver Inattention/Distraction,4425269,30.2,21.4,1.1,1.1,0.0,5.0,51,11.7,28.1,286,Drizzle: Light,0,0,
33326,2021-06-11 06:30:00,40.73715,-73.930824,0,0,Backing Unsafely,4426037,20.7,15.3,1.2,1.2,0.0,3.0,53,13.2,27.0,97,Drizzle: Moderate,0,0,
33327,2021-06-09 16:15:00,40.856487,-73.872406,0,0,Driver Inattention/Distraction,4425480,30.2,21.4,1.1,1.1,0.0,5.0,51,11.7,28.1,286,Drizzle: Light,0,0,
33328,2021-06-11 16:30:00,40.827496,-73.90527,0,0,Unspecified,4426348,20.7,15.3,1.2,1.2,0.0,3.0,53,13.2,27.0,97,Drizzle: Moderate,0,0,
33329,2021-06-08 18:00:00,0.0,0.0,0,0,Driver Inattention/Distraction,4426000,30.1,22.0,5.9,5.9,0.0,9.0,61,16.6,34.6,215,Rain: Light,0,0,
33330,2021-06-10 19:18:00,40.83609,-73.87039,0,0,Unspecified,4425828,26.7,16.8,0.0,0.0,0.0,0.0,3,20.9,40.3,78,Overcast,0,0,
33331,2021-06-10 22:00:00,40.74764,-73.883804,0,0,Unspecified,4425714,26.7,16.8,0.0,0.0,0.0,0.0,3,20.9,40.3,78,Overcast,0,0,
33332,2021-06-09 14:10:00,40.71445,-73.9306,0,0,Driver Inattention/Distraction,4425311,30.2,21.4,1.1,1.1,0.0,5.0,51,11.7,28.1,286,Drizzle: Light,0,0,
33333,2021-06-11 14:28:00,40.7712,-73.83345,0,0,Aggressive Driving/Road Rage,4425860,20.7,15.3,1.2,1.2,0.0,3.0,53,13.2,27.0,97,Drizzle: Moderate,0,0,
33334,2021-06-09 19:12:00,40.719902,-74.00261,1,0,Driver Inattention/Distraction,4425532,30.2,21.4,1.1,1.1,0.0,5.0,51,11.7,28.1,286,Drizzle: Light,1,1,
33335,2021-06-10 18:50:00,40.614414,-73.93282,0,0,Failure to Yield Right-of-Way,4425843,26.7,16.8,0.0,0.0,0.0,0.0,3,20.9,40.3,78,Overcast,0,0,
33336,2021-06-10 08:00:00,40.739082,-73.81611,0,0,Driver Inattention/Distraction,4426138,26.7,16.8,0.0,0.0,0.0,0.0,3,20.9,40.3,78,Overcast,0,0,
33337,2021-06-09 15:30:00,40.62236,-74.174355,0,0,Unspecified,4426069,30.2,21.4,1.1,1.1,0.0,5.0,51,11.7,28.1,286,Drizzle: Light,0,0,
33338,2021-06-11 17:35:00,40.79465,-73.971794,0,0,Following Too Closely,4425865,20.7,15.3,1.2,1.2,0.0,3.0,53,13.2,27.0,97,Drizzle: Moderate,0,0,
33339,2021-06-10 10:05:00,40.666695,-73.767136,0,0,Unsafe Lane Changing,4425677,26.7,16.8,0.0,0.0,0.0,0.0,3,20.9,40.3,78,Overcast,0,0,
33340,2021-06-10 17:30:00,40.66968,-73.91075,0,0,Failure to Yield Right-of-Way,4426283,26.7,16.8,0.0,0.0,0.0,0.0,3,20.9,40.3,78,Overcast,0,0,
33341,2021-06-09 12:27:00,40.761585,-73.76086,2,0,Failure to Yield Right-of-Way,4425208,30.2,21.4,1.1,1.1,0.0,5.0,51,11.7,28.1,286,Drizzle: Light,2,2,
33342,2021-06-10 01:10:00,40.688667,-73.87548,0,0,Traffic Control Disregarded,4425430,26.7,16.8,0.0,0.0,0.0,0.0,3,20.9,40.3,78,Overcast,0,0,
33343,2021-06-09 16:09:00,40.839664,-73.87104,1,0,Driver Inattention/Distraction,4425488,30.2,21.4,1.1,1.1,0.0,5.0,51,11.7,28.1,286,Drizzle: Light,1,1,
33344,2021-12-11 07:00:00,40.836807,-73.946884,0,0,Unspecified,4485561,17.3,5.0,8.1,8.1,0.0,5.0,63,35.0,67.0,206,Rain: Moderate,0,0,
33345,2021-06-11 17:00:00,40.753723,-73.98548,0,0,Driver Inattention/Distraction,4426335,20.7,15.3,1.2,1.2,0.0,3.0,53,13.2,27.0,97,Drizzle: Moderate,0,0,
33346,2021-06-09 13:25:00,40.823956,-73.877144,0,0,Backing Unsafely,4425254,30.2,21.4,1.1,1.1,0.0,5.0,51,11.7,28.1,286,Drizzle: Light,0,0,
33347,2021-06-09 00:15:00,40.68035,-73.9648,0,0,Driver Inattention/Distraction,4426502,30.2,21.4,1.1,1.1,0.0,5.0,51,11.7,28.1,286,Drizzle: Light,0,0,
33348,2021-06-03 11:06:00,40.61312,-73.9894,0,0,Driver Inattention/Distraction,4425903,23.0,13.2,11.9,11.9,0.0,10.0,63,13.6,38.9,165,Rain: Moderate,0,0,
33349,2021-06-09 18:35:00,40.697998,-73.92606,0,0,Unsafe Speed,4425595,30.2,21.4,1.1,1.1,0.0,5.0,51,11.7,28.1,286,Drizzle: Light,0,0,
33350,2021-06-10 16:18:00,40.73329,-73.98719,1,0,Driver Inattention/Distraction,4426392,26.7,16.8,0.0,0.0,0.0,0.0,3,20.9,40.3,78,Overcast,1,1,
33351,2021-05-28 00:39:00,40.881687,-73.90283,2,0,,4426005,19.4,10.6,25.0,25.0,0.0,8.0,63,25.6,47.9,62,Rain: Moderate,2,2,
33352,2021-06-11 14:08:00,40.748276,-73.93918,1,0,Driver Inattention/Distraction,4425922,20.7,15.3,1.2,1.2,0.0,3.0,53,13.2,27.0,97,Drizzle: Moderate,1,1,
33353,2021-06-11 14:12:00,40.905804,-73.85302,1,0,Driver Inattention/Distraction,4426734,20.7,15.3,1.2,1.2,0.0,3.0,53,13.2,27.0,97,Drizzle: Moderate,1,1,
33354,2021-06-09 18:05:00,40.730324,-74.00247,0,0,Unspecified,4425634,30.2,21.4,1.1,1.1,0.0,5.0,51,11.7,28.1,286,Drizzle: Light,0,0,
33355,2021-06-10 00:36:00,40.839985,-73.877426,2,0,Driver Inexperience,4425543,26.7,16.8,0.0,0.0,0.0,0.0,3,20.9,40.3,78,Overcast,2,2,
33356,2021-06-11 13:08:00,40.853386,-73.85377,0,0,Driver Inattention/Distraction,4425797,20.7,15.3,1.2,1.2,0.0,3.0,53,13.2,27.0,97,Drizzle: Moderate,0,0,
33357,2021-06-08 15:50:00,40.86155,-73.92472,0,0,Driver Inattention/Distraction,4426444,30.1,22.0,5.9,5.9,0.0,9.0,61,16.6,34.6,215,Rain: Light,0,0,
33358,2021-06-05 18:00:00,40.77076,-73.92064,0,0,Unspecified,4426397,31.3,17.3,0.0,0.0,0.0,0.0,2,20.9,43.9,247,Partly cloudy,0,0,
33359,2021-06-11 09:50:00,40.709526,-73.768265,1,0,Following Too Closely,4425871,20.7,15.3,1.2,1.2,0.0,3.0,53,13.2,27.0,97,Drizzle: Moderate,1,1,
33360,2021-06-09 23:50:00,40.666435,-73.83478,0,0,Unsafe Speed,4425350,30.2,21.4,1.1,1.1,0.0,5.0,51,11.7,28.1,286,Drizzle: Light,0,0,
33361,2021-06-10 07:38:00,40.6796,-73.80349,0,0,Following Too Closely,4425757,26.7,16.8,0.0,0.0,0.0,0.0,3,20.9,40.3,78,Overcast,0,0,
33362,2021-06-07 22:52:00,40.737778,-73.78925,0,0,Driver Inattention/Distraction,4426107,31.0,20.7,0.1,0.1,0.0,1.0,51,16.5,34.9,204,Drizzle: Light,0,0,
33363,2021-05-29 04:31:00,40.843994,-73.89752,1,0,Passing or Lane Usage Improper,4426022,11.0,8.5,25.1,25.1,0.0,22.0,63,29.9,56.9,39,Rain: Moderate,1,1,
33364,2021-06-10 14:41:00,40.687405,-73.84061,0,0,Passing Too Closely,4425961,26.7,16.8,0.0,0.0,0.0,0.0,3,20.9,40.3,78,Overcast,0,0,
33365,2021-06-08 12:27:00,40.727688,-73.9993,1,0,Driver Inattention/Distraction,4426358,30.1,22.0,5.9,5.9,0.0,9.0,61,16.6,34.6,215,Rain: Light,1,1,
33366,2021-06-11 17:53:00,40.754974,-73.89095,3,0,Driver Inattention/Distraction,4426463,20.7,15.3,1.2,1.2,0.0,3.0,53,13.2,27.0,97,Drizzle: Moderate,3,3,
33367,2021-12-10 14:30:00,40.876633,-73.86412,1,0,Unsafe Speed,4485989,8.5,1.6,0.0,0.0,0.0,0.0,3,9.8,20.5,183,Overcast,1,1,
33368,2021-06-06 06:16:00,40.824223,-73.89281,1,0,Unspecified,4425932,31.0,20.0,0.0,0.0,0.0,0.0,1,16.6,32.4,222,Mainly clear,1,1,Sunny/Clear Conditions
33369,2021-06-11 21:13:00,40.62127,-73.986,0,0,Unspecified,4426830,20.7,15.3,1.2,1.2,0.0,3.0,53,13.2,27.0,97,Drizzle: Moderate,0,0,
33370,2021-06-11 23:58:00,40.73392,-73.9928,1,0,Unspecified,4426719,20.7,15.3,1.2,1.2,0.0,3.0,53,13.2,27.0,97,Drizzle: Moderate,1,1,
33371,2021-06-11 09:55:00,40.7453,-73.986855,0,0,Unsafe Lane Changing,4426223,20.7,15.3,1.2,1.2,0.0,3.0,53,13.2,27.0,97,Drizzle: Moderate,0,0,
33372,2021-06-05 21:20:00,40.66049,-73.962814,2,0,Alcohol Involvement,4426126,31.3,17.3,0.0,0.0,0.0,0.0,2,20.9,43.9,247,Partly cloudy,2,2,
33373,2021-06-04 18:35:00,40.891064,-73.90828,0,0,Unspecified,4425990,25.3,17.4,6.5,6.5,0.0,10.0,61,17.9,37.8,235,Rain: Light,0,0,
33374,2021-06-09 19:00:00,40.667076,-73.78266,2,0,Unspecified,4426157,30.2,21.4,1.1,1.1,0.0,5.0,51,11.7,28.1,286,Drizzle: Light,2,2,
33375,2021-06-11 22:58:00,40.68713,-73.96562,1,0,Fell Asleep,4425892,20.7,15.3,1.2,1.2,0.0,3.0,53,13.2,27.0,97,Drizzle: Moderate,1,1,
33376,2021-06-08 17:00:00,40.866474,-73.932175,3,0,Passing Too Closely,4426385,30.1,22.0,5.9,5.9,0.0,9.0,61,16.6,34.6,215,Rain: Light,3,3,
33377,2021-06-10 22:35:00,40.717014,-73.82971,0,0,Driver Inattention/Distraction,4425751,26.7,16.8,0.0,0.0,0.0,0.0,3,20.9,40.3,78,Overcast,0,0,
33378,2021-06-08 00:50:00,40.659775,-73.929306,0,0,Unspecified,4426576,30.1,22.0,5.9,5.9,0.0,9.0,61,16.6,34.6,215,Rain: Light,0,0,
33379,2021-12-09 08:15:00,40.665207,-73.89315,0,0,Unspecified,4486015,3.6,-2.0,0.1,0.0,0.07,1.0,71,19.2,33.8,295,Snow fall: Light,0,0,Snowy Conditions
33380,2021-06-10 11:30:00,40.742405,-73.75348,1,0,Driver Inattention/Distraction,4425689,26.7,16.8,0.0,0.0,0.0,0.0,3,20.9,40.3,78,Overcast,1,1,
33381,2021-06-10 13:30:00,40.700733,-73.98974,0,0,Passing Too Closely,4425589,26.7,16.8,0.0,0.0,0.0,0.0,3,20.9,40.3,78,Overcast,0,0,
33382,2021-06-10 19:00:00,40.72247,-73.987144,1,0,Driver Inattention/Distraction,4425958,26.7,16.8,0.0,0.0,0.0,0.0,3,20.9,40.3,78,Overcast,1,1,
33383,2021-06-03 17:45:00,40.816532,-73.92822,0,0,Unspecified,4426198,23.0,13.2,11.9,11.9,0.0,10.0,63,13.6,38.9,165,Rain: Moderate,0,0,
33384,2021-05-31 21:48:00,40.877068,-73.906105,0,0,Unspecified,4426017,20.3,9.3,0.7,0.7,0.0,5.0,51,20.9,40.7,318,Drizzle: Light,0,0,
33385,2021-06-06 19:40:00,40.715496,-73.781685,0,0,Backing Unsafely,4426143,31.0,20.0,0.0,0.0,0.0,0.0,1,16.6,32.4,222,Mainly clear,0,0,Sunny/Clear Conditions
33386,2021-06-09 14:50:00,40.83018,-73.83265,0,0,Unspecified,4426859,30.2,21.4,1.1,1.1,0.0,5.0,51,11.7,28.1,286,Drizzle: Light,0,0,
33387,2021-06-05 19:12:00,40.683582,-73.953964,0,0,Following Too Closely,4426435,31.3,17.3,0.0,0.0,0.0,0.0,2,20.9,43.9,247,Partly cloudy,0,0,
33388,2021-06-10 11:00:00,40.67224,-73.80516,0,0,Driver Inattention/Distraction,4425744,26.7,16.8,0.0,0.0,0.0,0.0,3,20.9,40.3,78,Overcast,0,0,
33389,2021-06-11 22:55:00,40.605274,-73.75516,0,0,Driver Inattention/Distraction,4426089,20.7,15.3,1.2,1.2,0.0,3.0,53,13.2,27.0,97,Drizzle: Moderate,0,0,
33390,2021-06-06 21:55:00,40.69642,-73.95978,0,0,Traffic Control Disregarded,4426547,31.0,20.0,0.0,0.0,0.0,0.0,1,16.6,32.4,222,Mainly clear,0,0,Sunny/Clear Conditions
33391,2021-06-09 23:00:00,40.74948,-73.85761,0,0,Driver Inattention/Distraction,4426697,30.2,21.4,1.1,1.1,0.0,5.0,51,11.7,28.1,286,Drizzle: Light,0,0,
33392,2021-06-10 05:33:00,40.799248,-73.93515,0,0,Unspecified,4425476,26.7,16.8,0.0,0.0,0.0,0.0,3,20.9,40.3,78,Overcast,0,0,
33393,2021-06-04 00:00:00,40.886623,-73.910446,0,0,Driver Inexperience,4426054,25.3,17.4,6.5,6.5,0.0,10.0,61,17.9,37.8,235,Rain: Light,0,0,
33394,2021-06-10 17:30:00,40.767834,-73.95817,0,0,Unspecified,4426804,26.7,16.8,0.0,0.0,0.0,0.0,3,20.9,40.3,78,Overcast,0,0,
33395,2021-06-10 14:54:00,40.66223,-73.92274,0,0,Unspecified,4426582,26.7,16.8,0.0,0.0,0.0,0.0,3,20.9,40.3,78,Overcast,0,0,
33396,2021-06-10 09:35:00,40.671585,-73.99843,0,0,Unsafe Lane Changing,4425839,26.7,16.8,0.0,0.0,0.0,0.0,3,20.9,40.3,78,Overcast,0,0,
33397,2021-06-09 02:30:00,40.661522,-74.00008,0,0,Following Too Closely,4425169,30.2,21.4,1.1,1.1,0.0,5.0,51,11.7,28.1,286,Drizzle: Light,0,0,
33398,2021-06-10 09:00:00,40.70091,-73.926094,0,0,Unsafe Speed,4425524,26.7,16.8,0.0,0.0,0.0,0.0,3,20.9,40.3,78,Overcast,0,0,
33399,2021-06-11 07:25:00,40.82699,-73.909294,0,0,Reaction to Uninvolved Vehicle,4425824,20.7,15.3,1.2,1.2,0.0,3.0,53,13.2,27.0,97,Drizzle: Moderate,0,0,
33400,2021-06-09 16:59:00,40.755806,-73.797066,1,0,Traffic Control Disregarded,4425286,30.2,21.4,1.1,1.1,0.0,5.0,51,11.7,28.1,286,Drizzle: Light,1,1,
33401,2021-06-11 12:15:00,40.74709,-73.76325,0,0,Driver Inattention/Distraction,4425792,20.7,15.3,1.2,1.2,0.0,3.0,53,13.2,27.0,97,Drizzle: Moderate,0,0,
33402,2021-06-09 18:00:00,40.739132,-73.98178,0,0,Unspecified,4425500,30.2,21.4,1.1,1.1,0.0,5.0,51,11.7,28.1,286,Drizzle: Light,0,0,
33403,2021-06-09 16:00:00,40.61196,-73.96816,1,0,Unspecified,4426032,30.2,21.4,1.1,1.1,0.0,5.0,51,11.7,28.1,286,Drizzle: Light,1,1,
33404,2021-06-09 22:00:00,40.8375,-73.880684,0,0,Driver Inattention/Distraction,4425437,30.2,21.4,1.1,1.1,0.0,5.0,51,11.7,28.1,286,Drizzle: Light,0,0,
33405,2021-06-09 18:38:00,40.859875,-73.89323,1,0,Following Too Closely,4426422,30.2,21.4,1.1,1.1,0.0,5.0,51,11.7,28.1,286,Drizzle: Light,1,1,
33406,2021-06-10 20:20:00,40.82751,-73.92495,1,0,Backing Unsafely,4426049,26.7,16.8,0.0,0.0,0.0,0.0,3,20.9,40.3,78,Overcast,1,1,
33407,2021-06-10 17:47:00,40.66381,-73.91117,3,0,Traffic Control Disregarded,4426278,26.7,16.8,0.0,0.0,0.0,0.0,3,20.9,40.3,78,Overcast,3,3,
33408,2021-06-11 15:25:00,40.76465,-73.823494,0,0,Unsafe Lane Changing,4425856,20.7,15.3,1.2,1.2,0.0,3.0,53,13.2,27.0,97,Drizzle: Moderate,0,0,
33409,2021-06-10 12:24:00,40.75713,-73.97825,0,0,Driver Inattention/Distraction,4425938,26.7,16.8,0.0,0.0,0.0,0.0,3,20.9,40.3,78,Overcast,0,0,
33410,2021-06-09 15:39:00,40.867733,-73.85861,1,0,Failure to Yield Right-of-Way,4426608,30.2,21.4,1.1,1.1,0.0,5.0,51,11.7,28.1,286,Drizzle: Light,1,1,
33411,2021-06-08 02:28:00,40.768616,-73.92508,0,0,Alcohol Involvement,4426403,30.1,22.0,5.9,5.9,0.0,9.0,61,16.6,34.6,215,Rain: Light,0,0,
33412,2021-06-09 15:14:00,40.780693,-73.9466,0,0,Driver Inattention/Distraction,4425371,30.2,21.4,1.1,1.1,0.0,5.0,51,11.7,28.1,286,Drizzle: Light,0,0,
33413,2021-06-10 14:33:00,40.79507,-73.93919,1,0,Following Too Closely,4425756,26.7,16.8,0.0,0.0,0.0,0.0,3,20.9,40.3,78,Overcast,1,1,
33414,2021-06-11 06:00:00,40.6808,-73.96289,0,0,Unspecified,4425907,20.7,15.3,1.2,1.2,0.0,3.0,53,13.2,27.0,97,Drizzle: Moderate,0,0,
33415,2021-06-10 10:00:00,40.66677,-73.98831,1,0,Failure to Yield Right-of-Way,4425638,26.7,16.8,0.0,0.0,0.0,0.0,3,20.9,40.3,78,Overcast,1,1,
33416,2021-06-10 11:15:00,40.743416,-73.95387,0,0,Unspecified,4426454,26.7,16.8,0.0,0.0,0.0,0.0,3,20.9,40.3,78,Overcast,0,0,
33417,2021-12-30 10:52:00,40.622295,-74.02186,0,0,Unspecified,4490682,8.3,5.0,1.8,1.8,0.0,7.0,53,9.9,17.6,22,Drizzle: Moderate,0,0,
33418,2021-12-09 14:50:00,40.637196,-74.14953,1,0,Driver Inattention/Distraction,4491103,3.6,-2.0,0.1,0.0,0.07,1.0,71,19.2,33.8,295,Snow fall: Light,1,1,Snowy Conditions
33419,2021-06-10 08:46:00,40.82193,-73.88844,2,0,Unsafe Speed,4425926,26.7,16.8,0.0,0.0,0.0,0.0,3,20.9,40.3,78,Overcast,2,2,
33420,2021-06-09 17:20:00,40.83968,-73.929276,0,0,Unsafe Lane Changing,4425406,30.2,21.4,1.1,1.1,0.0,5.0,51,11.7,28.1,286,Drizzle: Light,0,0,
33421,2021-06-10 13:56:00,40.64592,-74.02384,0,0,Unspecified,4425590,26.7,16.8,0.0,0.0,0.0,0.0,3,20.9,40.3,78,Overcast,0,0,
33422,2021-06-11 07:30:00,40.657608,-73.94232,1,0,Driver Inattention/Distraction,4426674,20.7,15.3,1.2,1.2,0.0,3.0,53,13.2,27.0,97,Drizzle: Moderate,1,1,
33423,2021-06-09 06:00:00,40.844715,-73.91228,0,0,Turning Improperly,4425772,30.2,21.4,1.1,1.1,0.0,5.0,51,11.7,28.1,286,Drizzle: Light,0,0,
33424,2021-06-10 09:20:00,40.674236,-73.93209,0,0,Unspecified,4426522,26.7,16.8,0.0,0.0,0.0,0.0,3,20.9,40.3,78,Overcast,0,0,
33425,2021-06-09 23:15:00,40.599766,-73.99483,0,0,Unspecified,4425320,30.2,21.4,1.1,1.1,0.0,5.0,51,11.7,28.1,286,Drizzle: Light,0,0,
33426,2021-06-10 09:35:00,40.799984,-73.94275,1,0,Unspecified,4425534,26.7,16.8,0.0,0.0,0.0,0.0,3,20.9,40.3,78,Overcast,1,1,
33427,2021-06-10 17:20:00,40.585556,-73.95167,0,0,Unspecified,4425976,26.7,16.8,0.0,0.0,0.0,0.0,3,20.9,40.3,78,Overcast,0,0,
33428,2021-06-11 17:30:00,40.855362,-73.89878,0,0,Driver Inattention/Distraction,4426111,20.7,15.3,1.2,1.2,0.0,3.0,53,13.2,27.0,97,Drizzle: Moderate,0,0,
33429,2021-06-11 08:39:00,40.701862,-73.88178,0,0,Passing Too Closely,4426130,20.7,15.3,1.2,1.2,0.0,3.0,53,13.2,27.0,97,Drizzle: Moderate,0,0,
33430,2021-06-11 13:29:00,40.815826,-73.947044,1,0,Driver Inattention/Distraction,4426825,20.7,15.3,1.2,1.2,0.0,3.0,53,13.2,27.0,97,Drizzle: Moderate,1,1,
33431,2021-10-07 22:28:00,40.886658,-73.84765,0,0,Unspecified,4465212,22.4,15.7,0.4,0.4,0.0,4.0,51,10.5,20.5,231,Drizzle: Light,0,0,
33432,2021-05-30 08:15:00,40.668648,-73.92835,0,0,Driver Inexperience,4426081,11.5,8.5,13.7,13.7,0.0,24.0,61,28.1,52.2,22,Rain: Light,0,0,
33433,2021-06-07 15:00:00,40.879845,-73.855156,0,0,Unspecified,4425965,31.0,20.7,0.1,0.1,0.0,1.0,51,16.5,34.9,204,Drizzle: Light,0,0,
33434,2021-10-07 09:00:00,40.68049,-73.89252,0,0,Passing or Lane Usage Improper,4465060,22.4,15.7,0.4,0.4,0.0,4.0,51,10.5,20.5,231,Drizzle: Light,0,0,
33435,2021-06-11 03:00:00,40.816864,-73.882744,0,0,Unspecified,4425927,20.7,15.3,1.2,1.2,0.0,3.0,53,13.2,27.0,97,Drizzle: Moderate,0,0,
33436,2021-06-09 19:00:00,40.73675,-73.87767,0,0,Turning Improperly,4426696,30.2,21.4,1.1,1.1,0.0,5.0,51,11.7,28.1,286,Drizzle: Light,0,0,
33437,2021-06-06 17:55:00,40.874157,-73.899445,1,0,Unspecified,4426029,31.0,20.0,0.0,0.0,0.0,0.0,1,16.6,32.4,222,Mainly clear,1,1,Sunny/Clear Conditions
33438,2021-06-06 09:00:00,40.715984,-73.779396,0,0,Passing Too Closely,4426123,31.0,20.0,0.0,0.0,0.0,0.0,1,16.6,32.4,222,Mainly clear,0,0,Sunny/Clear Conditions
33439,2021-06-11 17:55:00,40.595146,-73.96356,1,0,Unspecified,4426741,20.7,15.3,1.2,1.2,0.0,3.0,53,13.2,27.0,97,Drizzle: Moderate,1,1,
33440,2021-06-11 00:45:00,40.66077,-73.91975,1,0,Driver Inexperience,4426572,20.7,15.3,1.2,1.2,0.0,3.0,53,13.2,27.0,97,Drizzle: Moderate,1,1,