,CRASH DATETIME,LATITUDE,LONGITUDE,NUMBER OF PERSONS INJURED,NUMBER OF PERSONS KILLED,CONTRIBUTING FACTOR VEHICLE 1,COLLISION_ID,temperature_2m_max,temperature_2m_min,precipitation_sum,rain_sum,snowfall_sum,precipitation_hours,weather_code,wind_speed_10m_max,wind_gusts_10m_max,wind_direction_10m_dominant,Weather Description,Severity_Score,Total_Affected_Persons,Weather_Category
33441,2021-06-10 18:25:00,40.872414,-73.839966,1,0,Driver Inattention/Distraction,4425986,26.7,16.8,0.0,0.0,0.0,0.0,3,20.9,40.3,78,Overcast,1,1,
33442,2021-06-09 23:55:00,40.822933,-73.93813,0,0,Driver Inattention/Distraction,4425565,30.2,21.4,1.1,1.1,0.0,5.0,51,11.7,28.1,286,Drizzle: Light,0,0,
33443,2021-06-11 17:47:00,40.68936,-73.7962,0,0,Unsafe Speed,4426153,20.7,15.3,1.2,1.2,0.0,3.0,53,13.2,27.0,97,Drizzle: Moderate,0,0,
33444,2021-05-28 08:06:00,40.87618,-73.90943,0,0,Unspecified,4426061,19.4,10.6,25.0,25.0,0.0,8.0,63,25.6,47.9,62,Rain: Moderate,0,0,
33445,2021-06-10 20:16:00,40.575565,-73.98121,0,0,Driver Inexperience,4426370,26.7,16.8,0.0,0.0,0.0,0.0,3,20.9,40.3,78,Overcast,0,0,
33446,2021-06-10 21:18:00,40.82851,-73.88012,1,0,Driver Inattention/Distraction,4425829,26.7,16.8,0.0,0.0,0.0,0.0,3,20.9,40.3,78,Overcast,1,1,
33447,2021-06-11 08:00:00,40.755028,-73.872696,1,0,Driver Inattention/Distraction,4425993,20.7,15.3,1.2,1.2,0.0,3.0,53,13.2,27.0,97,Drizzle: Moderate,1,1,
33448,2021-06-09 12:10:00,40.7295,-73.953964,0,0,Passing Too Closely,4426482,30.2,21.4,1.1,1.1,0.0,5.0,51,11.7,28.1,286,Drizzle: Light,0,0,
33449,2021-06-11 10:38:00,40.608105,-73.75414,0,0,Driver Inattention/Distraction,4426086,20.7,15.3,1.2,1.2,0.0,3.0,53,13.2,27.0,97,Drizzle: Moderate,0,0,
33450,2021-06-10 06:18:00,40.6742,-73.99984,0,0,Unspecified,4426637,26.7,16.8,0.0,0.0,0.0,0.0,3,20.9,40.3,78,Overcast,0,0,
33451,2021-06-08 17:35:00,40.794178,-73.94487,0,0,Passing or Lane Usage Improper,4426597,30.1,22.0,5.9,5.9,0.0,9.0,61,16.6,34.6,215,Rain: Light,0,0,
33452,2021-06-11 11:33:00,40.680523,-73.7633,1,0,Other Vehicular,4426148,20.7,15.3,1.2,1.2,0.0,3.0,53,13.2,27.0,97,Drizzle: Moderate,1,1,
33453,2021-06-08 15:55:00,40.86967,-73.86527,1,0,Unsafe Speed,4425954,30.1,22.0,5.9,5.9,0.0,9.0,61,16.6,34.6,215,Rain: Light,1,1,
33454,2021-06-07 06:00:00,40.699608,-73.81424,0,0,Driver Inattention/Distraction,4426194,31.0,20.7,0.1,0.1,0.0,1.0,51,16.5,34.9,204,Drizzle: Light,0,0,
33455,2021-05-28 21:30:00,40.70718,-73.92107,1,0,Driver Inattention/Distraction,4426093,19.4,10.6,25.0,25.0,0.0,8.0,63,25.6,47.9,62,Rain: Moderate,1,1,
33456,2021-10-07 17:07:00,40.71401,-73.85965,0,0,Driver Inattention/Distraction,4465074,22.4,15.7,0.4,0.4,0.0,4.0,51,10.5,20.5,231,Drizzle: Light,0,0,
33457,2021-06-10 21:40:00,40.762676,-73.954346,0,0,Driver Inexperience,4426776,26.7,16.8,0.0,0.0,0.0,0.0,3,20.9,40.3,78,Overcast,0,0,
33458,2021-06-08 11:28:00,40.70264,-73.894356,1,0,Following Too Closely,4425893,30.1,22.0,5.9,5.9,0.0,9.0,61,16.6,34.6,215,Rain: Light,1,1,
33459,2021-06-06 21:00:00,40.73883,-73.983154,0,0,Driver Inattention/Distraction,4426592,31.0,20.0,0.0,0.0,0.0,0.0,1,16.6,32.4,222,Mainly clear,0,0,Sunny/Clear Conditions
33460,2021-06-09 16:35:00,40.75067,-73.863106,1,0,Failure to Yield Right-of-Way,4425506,30.2,21.4,1.1,1.1,0.0,5.0,51,11.7,28.1,286,Drizzle: Light,1,1,
33461,2021-06-07 14:30:00,40.734135,-73.9583,1,0,Driver Inattention/Distraction,4426496,31.0,20.7,0.1,0.1,0.0,1.0,51,16.5,34.9,204,Drizzle: Light,1,1,
33462,2021-06-11 19:32:00,40.73736,-73.934074,0,0,Unspecified,4426171,20.7,15.3,1.2,1.2,0.0,3.0,53,13.2,27.0,97,Drizzle: Moderate,0,0,
33463,2021-06-09 08:40:00,40.579197,-73.98195,1,0,View Obstructed/Limited,4425183,30.2,21.4,1.1,1.1,0.0,5.0,51,11.7,28.1,286,Drizzle: Light,1,1,
33464,2021-06-09 20:45:00,40.83369,-73.91386,0,0,Following Too Closely,4425416,30.2,21.4,1.1,1.1,0.0,5.0,51,11.7,28.1,286,Drizzle: Light,0,0,
33465,2021-06-11 14:20:00,40.711166,-73.9489,1,0,Driver Inattention/Distraction,4426665,20.7,15.3,1.2,1.2,0.0,3.0,53,13.2,27.0,97,Drizzle: Moderate,1,1,
33466,2021-06-08 23:10:00,40.789635,-73.94609,0,0,Passing or Lane Usage Improper,4426008,30.1,22.0,5.9,5.9,0.0,9.0,61,16.6,34.6,215,Rain: Light,0,0,
33467,2021-06-09 15:10:00,40.670124,-73.95528,0,0,Driver Inattention/Distraction,4425273,30.2,21.4,1.1,1.1,0.0,5.0,51,11.7,28.1,286,Drizzle: Light,0,0,
33468,2021-06-11 11:30:00,40.83142,-73.92644,0,0,Reaction to Uninvolved Vehicle,4426273,20.7,15.3,1.2,1.2,0.0,3.0,53,13.2,27.0,97,Drizzle: Moderate,0,0,
33469,2021-06-10 07:25:00,40.826183,-73.90975,0,0,Oversized Vehicle,4425807,26.7,16.8,0.0,0.0,0.0,0.0,3,20.9,40.3,78,Overcast,0,0,
33470,2021-06-10 16:22:00,40.663643,-73.89084,2,0,Driver Inattention/Distraction,4425942,26.7,16.8,0.0,0.0,0.0,0.0,3,20.9,40.3,78,Overcast,2,2,
33471,2021-06-04 22:29:00,40.827938,-73.91438,0,0,Passenger Distraction,4426044,25.3,17.4,6.5,6.5,0.0,10.0,61,17.9,37.8,235,Rain: Light,0,0,
33472,2021-06-09 11:00:00,40.669094,-73.89711,0,0,Unspecified,4425422,30.2,21.4,1.1,1.1,0.0,5.0,51,11.7,28.1,286,Drizzle: Light,0,0,
33473,2021-06-09 11:00:00,40.60635,-73.97552,0,0,Unspecified,4425315,30.2,21.4,1.1,1.1,0.0,5.0,51,11.7,28.1,286,Drizzle: Light,0,0,
33474,2021-06-10 15:20:00,40.79799,-73.96199,0,0,Traffic Control Disregarded,4425607,26.7,16.8,0.0,0.0,0.0,0.0,3,20.9,40.3,78,Overcast,0,0,
33475,2021-06-09 11:03:00,40.651806,-73.83806,0,0,Unspecified,4425364,30.2,21.4,1.1,1.1,0.0,5.0,51,11.7,28.1,286,Drizzle: Light,0,0,
33476,2021-06-10 16:00:00,40.738438,-73.89988,2,0,Driver Inattention/Distraction,4425620,26.7,16.8,0.0,0.0,0.0,0.0,3,20.9,40.3,78,Overcast,2,2,
33477,2021-06-08 22:00:00,40.830914,-73.92047,3,0,Traffic Control Disregarded,4426288,30.1,22.0,5.9,5.9,0.0,9.0,61,16.6,34.6,215,Rain: Light,3,3,
33478,2021-06-09 00:15:00,40.631454,-73.893364,1,0,Reaction to Uninvolved Vehicle,4425084,30.2,21.4,1.1,1.1,0.0,5.0,51,11.7,28.1,286,Drizzle: Light,1,1,
33479,2021-06-11 14:45:00,40.683235,-73.86108,1,0,Traffic Control Disregarded,4426849,20.7,15.3,1.2,1.2,0.0,3.0,53,13.2,27.0,97,Drizzle: Moderate,1,1,
33480,2021-06-10 14:23:00,40.67505,-73.95639,0,0,Driver Inattention/Distraction,4426530,26.7,16.8,0.0,0.0,0.0,0.0,3,20.9,40.3,78,Overcast,0,0,
33481,2021-06-09 06:50:00,40.5088,-74.24776,0,0,Unspecified,4425661,30.2,21.4,1.1,1.1,0.0,5.0,51,11.7,28.1,286,Drizzle: Light,0,0,
33482,2021-06-07 15:45:00,40.868282,-73.90107,0,0,Unspecified,4426072,31.0,20.7,0.1,0.1,0.0,1.0,51,16.5,34.9,204,Drizzle: Light,0,0,
33483,2021-06-09 23:45:00,40.761097,-73.9969,0,0,Unspecified,4425796,30.2,21.4,1.1,1.1,0.0,5.0,51,11.7,28.1,286,Drizzle: Light,0,0,
33484,2021-06-09 11:00:00,40.75478,-73.97994,0,0,Passenger Distraction,4426322,30.2,21.4,1.1,1.1,0.0,5.0,51,11.7,28.1,286,Drizzle: Light,0,0,
33485,2021-06-09 11:45:00,40.841774,-73.8722,1,0,Driver Inattention/Distraction,4425553,30.2,21.4,1.1,1.1,0.0,5.0,51,11.7,28.1,286,Drizzle: Light,1,1,
33486,2020-06-11 02:30:00,40.67743,-73.87591,0,0,Turning Improperly,4425947,28.1,22.0,20.2,20.2,0.0,9.0,65,26.0,50.4,199,Rain: Heavy,0,0,
33487,2021-06-09 15:50:00,40.674183,-73.92208,1,0,Unsafe Speed,4425737,30.2,21.4,1.1,1.1,0.0,5.0,51,11.7,28.1,286,Drizzle: Light,1,1,
33488,2021-06-09 00:55:00,40.691704,-73.94849,1,0,Traffic Control Disregarded,4426507,30.2,21.4,1.1,1.1,0.0,5.0,51,11.7,28.1,286,Drizzle: Light,1,1,
33489,2021-06-10 16:34:00,40.597168,-73.97149,1,0,Driver Inattention/Distraction,4425980,26.7,16.8,0.0,0.0,0.0,0.0,3,20.9,40.3,78,Overcast,1,1,
33490,2021-06-06 16:15:00,40.69864,-73.93819,0,0,Passing or Lane Usage Improper,4426096,31.0,20.0,0.0,0.0,0.0,0.0,1,16.6,32.4,222,Mainly clear,0,0,Sunny/Clear Conditions
33491,2021-06-10 20:27:00,40.784534,-73.9736,1,0,Pedestrian/Bicyclist/Other Pedestrian Error/Confusion,4426239,26.7,16.8,0.0,0.0,0.0,0.0,3,20.9,40.3,78,Overcast,1,1,
33492,2021-06-11 15:30:00,40.773335,-73.95506,0,0,Driver Inattention/Distraction,4426781,20.7,15.3,1.2,1.2,0.0,3.0,53,13.2,27.0,97,Drizzle: Moderate,0,0,
33493,2021-06-11 09:15:00,40.825935,-73.85913,0,0,Unspecified,4425834,20.7,15.3,1.2,1.2,0.0,3.0,53,13.2,27.0,97,Drizzle: Moderate,0,0,
33494,2021-06-11 21:24:00,40.88279,-73.869644,0,0,Driver Inattention/Distraction,4426737,20.7,15.3,1.2,1.2,0.0,3.0,53,13.2,27.0,97,Drizzle: Moderate,0,0,
33495,2021-06-07 14:10:00,40.7635,-73.86313,1,0,Driver Inattention/Distraction,4425997,31.0,20.7,0.1,0.1,0.0,1.0,51,16.5,34.9,204,Drizzle: Light,1,1,
33496,2021-06-10 12:42:00,40.629795,-73.99553,0,0,Unspecified,4426819,26.7,16.8,0.0,0.0,0.0,0.0,3,20.9,40.3,78,Overcast,0,0,
33497,2021-06-11 21:03:00,40.795586,-73.950165,0,0,Turning Improperly,4426117,20.7,15.3,1.2,1.2,0.0,3.0,53,13.2,27.0,97,Drizzle: Moderate,0,0,
33498,2021-06-09 17:00:00,40.729794,-74.002144,1,0,Traffic Control Disregarded,4426718,30.2,21.4,1.1,1.1,0.0,5.0,51,11.7,28.1,286,Drizzle: Light,1,1,
33499,2021-06-09 08:00:00,40.900265,-73.841484,2,0,Failure to Yield Right-of-Way,4425969,30.2,21.4,1.1,1.1,0.0,5.0,51,11.7,28.1,286,Drizzle: Light,2,2,
33500,2021-10-07 14:30:00,40.654457,-73.960785,0,0,Driver Inexperience,4465267,22.4,15.7,0.4,0.4,0.0,4.0,51,10.5,20.5,231,Drizzle: Light,0,0,
33501,2021-06-11 18:20:00,40.87686,-73.87232,0,0,Unspecified,4426290,20.7,15.3,1.2,1.2,0.0,3.0,53,13.2,27.0,97,Drizzle: Moderate,0,0,
33502,2021-06-10 17:01:00,40.84009,-73.88036,0,0,Driver Inattention/Distraction,4426025,26.7,16.8,0.0,0.0,0.0,0.0,3,20.9,40.3,78,Overcast,0,0,
33503,2021-05-18 18:17:00,40.58425,-73.9638,0,0,Driver Inattention/Distraction,4426101,26.1,11.2,0.0,0.0,0.0,0.0,3,15.5,29.2,262,Overcast,0,0,
33504,2021-06-11 21:25:00,40.650402,-73.89422,0,0,Alcohol Involvement,4426167,20.7,15.3,1.2,1.2,0.0,3.0,53,13.2,27.0,97,Drizzle: Moderate,0,0,
33505,2021-06-11 15:51:00,40.7548,-73.89268,0,0,Brakes Defective,4426462,20.7,15.3,1.2,1.2,0.0,3.0,53,13.2,27.0,97,Drizzle: Moderate,0,0,
33506,2021-06-10 10:45:00,40.831852,-73.86221,0,0,Unspecified,4426512,26.7,16.8,0.0,0.0,0.0,0.0,3,20.9,40.3,78,Overcast,0,0,
33507,2021-06-07 08:00:00,40.68148,-73.95736,0,0,Driver Inattention/Distraction,4426489,31.0,20.7,0.1,0.1,0.0,1.0,51,16.5,34.9,204,Drizzle: Light,0,0,
33508,2021-06-10 21:21:00,40.794758,-73.94235,0,0,Unspecified,4425715,26.7,16.8,0.0,0.0,0.0,0.0,3,20.9,40.3,78,Overcast,0,0,
33509,2021-10-06 17:38:00,40.843822,-73.91038,1,0,Unspecified,4465344,20.3,16.0,0.1,0.1,0.0,1.0,51,6.5,14.0,28,Drizzle: Light,1,1,
33510,2021-06-09 08:45:00,40.633274,-74.09198,0,0,Unspecified,4426567,30.2,21.4,1.1,1.1,0.0,5.0,51,11.7,28.1,286,Drizzle: Light,0,0,
33511,2021-06-11 17:15:00,40.781685,-73.845024,1,0,Unspecified,4426209,20.7,15.3,1.2,1.2,0.0,3.0,53,13.2,27.0,97,Drizzle: Moderate,1,1,
33512,2021-06-07 15:51:00,40.883766,-73.907814,1,0,Driver Inattention/Distraction,4426057,31.0,20.7,0.1,0.1,0.0,1.0,51,16.5,34.9,204,Drizzle: Light,1,1,
33513,2021-06-11 15:10:00,40.669655,-73.99253,1,0,Failure to Yield Right-of-Way,4425861,20.7,15.3,1.2,1.2,0.0,3.0,53,13.2,27.0,97,Drizzle: Moderate,1,1,
33514,2021-06-11 00:20:00,40.72277,-73.83625,1,0,Unsafe Lane Changing,4425952,20.7,15.3,1.2,1.2,0.0,3.0,53,13.2,27.0,97,Drizzle: Moderate,1,1,
33515,2021-06-11 17:43:00,40.835873,-73.8699,0,0,Following Too Closely,4425866,20.7,15.3,1.2,1.2,0.0,3.0,53,13.2,27.0,97,Drizzle: Moderate,0,0,
33516,2021-06-11 17:00:00,40.716812,-73.99777,2,0,Driver Inattention/Distraction,4426352,20.7,15.3,1.2,1.2,0.0,3.0,53,13.2,27.0,97,Drizzle: Moderate,2,2,
33517,2021-06-10 00:30:00,40.710247,-73.82125,0,0,Driver Inattention/Distraction,4425489,26.7,16.8,0.0,0.0,0.0,0.0,3,20.9,40.3,78,Overcast,0,0,
33518,2021-06-09 14:00:00,40.59325,-74.11065,0,0,Unspecified,4425253,30.2,21.4,1.1,1.1,0.0,5.0,51,11.7,28.1,286,Drizzle: Light,0,0,
33519,2021-06-09 19:20:00,40.700672,-73.92164,0,0,Passing Too Closely,4425455,30.2,21.4,1.1,1.1,0.0,5.0,51,11.7,28.1,286,Drizzle: Light,0,0,
33520,2021-06-10 08:30:00,40.581264,-73.82484,0,0,Failure to Yield Right-of-Way,4425650,26.7,16.8,0.0,0.0,0.0,0.0,3,20.9,40.3,78,Overcast,0,0,
33521,2021-06-09 16:49:00,40.77812,-73.81743,0,0,Following Too Closely,4425277,30.2,21.4,1.1,1.1,0.0,5.0,51,11.7,28.1,286,Drizzle: Light,0,0,
33522,2021-06-09 09:22:00,40.755642,-73.93274,1,0,Backing Unsafely,4426402,30.2,21.4,1.1,1.1,0.0,5.0,51,11.7,28.1,286,Drizzle: Light,1,1,
33523,2021-06-09 10:14:00,40.857365,-73.84657,0,0,Tire Failure/Inadequate,4425481,30.2,21.4,1.1,1.1,0.0,5.0,51,11.7,28.1,286,Drizzle: Light,0,0,
33524,2021-06-11 19:00:00,40.813652,-73.906975,0,0,Unspecified,4426201,20.7,15.3,1.2,1.2,0.0,3.0,53,13.2,27.0,97,Drizzle: Moderate,0,0,
33525,2021-06-10 12:05:00,40.682804,-73.96367,2,0,Failure to Yield Right-of-Way,4425681,26.7,16.8,0.0,0.0,0.0,0.0,3,20.9,40.3,78,Overcast,2,2,
33526,2021-06-09 15:52:00,40.745007,-73.91928,0,0,Unspecified,4425302,30.2,21.4,1.1,1.1,0.0,5.0,51,11.7,28.1,286,Drizzle: Light,0,0,
33527,2021-06-09 18:10:00,40.693584,-73.98197,1,0,Passing or Lane Usage Improper,4425255,30.2,21.4,1.1,1.1,0.0,5.0,51,11.7,28.1,286,Drizzle: Light,1,1,
33528,2021-06-09 16:45:00,40.858707,-73.9037,0,0,Unspecified,4425514,30.2,21.4,1.1,1.1,0.0,5.0,51,11.7,28.1,286,Drizzle: Light,0,0,
33529,2021-06-11 14:00:00,40.729015,-73.900246,1,0,Following Too Closely,4426134,20.7,15.3,1.2,1.2,0.0,3.0,53,13.2,27.0,97,Drizzle: Moderate,1,1,
33530,2021-06-09 23:50:00,40.738064,-73.83657,0,0,Unsafe Speed,4425713,30.2,21.4,1.1,1.1,0.0,5.0,51,11.7,28.1,286,Drizzle: Light,0,0,
33531,2021-06-09 07:59:00,40.8317,-73.85275,0,0,Unspecified,4425198,30.2,21.4,1.1,1.1,0.0,5.0,51,11.7,28.1,286,Drizzle: Light,0,0,
33532,2021-06-11 16:00:00,40.74242,-73.826546,1,0,Following Too Closely,4425880,20.7,15.3,1.2,1.2,0.0,3.0,53,13.2,27.0,97,Drizzle: Moderate,1,1,
33533,2021-06-10 06:38:00,40.69169,-73.90585,0,0,Reaction to Uninvolved Vehicle,4425457,26.7,16.8,0.0,0.0,0.0,0.0,3,20.9,40.3,78,Overcast,0,0,
33534,2021-06-05 18:30:00,40.70606,-73.87593,1,0,Failure to Yield Right-of-Way,4426187,31.3,17.3,0.0,0.0,0.0,0.0,2,20.9,43.9,247,Partly cloudy,1,1,
33535,2021-06-10 14:25:00,40.84258,-73.916,0,0,Passing or Lane Usage Improper,4426040,26.7,16.8,0.0,0.0,0.0,0.0,3,20.9,40.3,78,Overcast,0,0,
33536,2021-05-22 11:05:00,40.788994,-73.94656,0,0,Pedestrian/Bicyclist/Other Pedestrian Error/Confusion,4426023,30.5,16.5,0.0,0.0,0.0,0.0,3,19.1,36.4,299,Overcast,0,0,
33537,2021-10-06 09:56:00,40.898563,-73.85866,1,0,Failure to Yield Right-of-Way,4465019,20.3,16.0,0.1,0.1,0.0,1.0,51,6.5,14.0,28,Drizzle: Light,1,1,
33538,2021-06-09 18:30:00,40.581875,-74.155945,0,0,Driver Inattention/Distraction,4426001,30.2,21.4,1.1,1.1,0.0,5.0,51,11.7,28.1,286,Drizzle: Light,0,0,
33539,2021-05-31 17:00:00,40.69012,-73.92318,0,0,Unspecified,4426486,20.3,9.3,0.7,0.7,0.0,5.0,51,20.9,40.7,318,Drizzle: Light,0,0,
33540,2021-06-10 07:45:00,40.662888,-73.924965,0,0,Unspecified,4426577,26.7,16.8,0.0,0.0,0.0,0.0,3,20.9,40.3,78,Overcast,0,0,
33541,2021-06-09 12:04:00,40.605312,-73.98493,3,0,Brakes Defective,4425510,30.2,21.4,1.1,1.1,0.0,5.0,51,11.7,28.1,286,Drizzle: Light,3,3,
33542,2021-06-11 11:48:00,40.76165,-73.82715,0,0,Unsafe Lane Changing,4425859,20.7,15.3,1.2,1.2,0.0,3.0,53,13.2,27.0,97,Drizzle: Moderate,0,0,
33543,2021-06-11 09:00:00,40.81095,-73.95301,0,0,Unspecified,4426676,20.7,15.3,1.2,1.2,0.0,3.0,53,13.2,27.0,97,Drizzle: Moderate,0,0,
33544,2021-06-09 17:00:00,40.691914,-73.88363,0,0,Oversized Vehicle,4426139,30.2,21.4,1.1,1.1,0.0,5.0,51,11.7,28.1,286,Drizzle: Light,0,0,
33545,2021-06-09 06:25:00,40.85391,-73.88364,0,0,Driver Inattention/Distraction,4425529,30.2,21.4,1.1,1.1,0.0,5.0,51,11.7,28.1,286,Drizzle: Light,0,0,
33546,2021-05-31 18:40:00,40.694912,-73.90388,0,0,Unspecified,4426186,20.3,9.3,0.7,0.7,0.0,5.0,51,20.9,40.7,318,Drizzle: Light,0,0,
33547,2021-06-09 11:30:00,40.63781,-74.08729,0,0,Driver Inattention/Distraction,4425209,30.2,21.4,1.1,1.1,0.0,5.0,51,11.7,28.1,286,Drizzle: Light,0,0,
33548,2021-06-09 11:18:00,40.749783,-73.80289,1,0,Following Too Closely,4425276,30.2,21.4,1.1,1.1,0.0,5.0,51,11.7,28.1,286,Drizzle: Light,1,1,
33549,2021-06-02 19:42:00,40.58196,-73.959946,1,0,Driver Inattention/Distraction,4426387,22.4,13.0,0.0,0.0,0.0,0.0,3,16.7,34.9,176,Overcast,1,1,
33550,2021-10-08 07:20:00,40.651234,-73.91804,0,0,Unspecified,4465529,23.7,14.5,0.0,0.0,0.0,0.0,3,13.0,22.3,94,Overcast,0,0,
33551,2021-06-11 17:36:00,40.817146,-73.92181,1,0,Unspecified,4426199,20.7,15.3,1.2,1.2,0.0,3.0,53,13.2,27.0,97,Drizzle: Moderate,1,1,
33552,2021-06-10 17:20:00,40.86598,-73.91954,0,0,Unspecified,4426436,26.7,16.8,0.0,0.0,0.0,0.0,3,20.9,40.3,78,Overcast,0,0,
33553,2021-05-14 05:19:00,40.71762,-74.00028,0,0,Fell Asleep,4426354,21.6,7.5,0.0,0.0,0.0,0.0,2,14.3,25.2,276,Partly cloudy,0,0,
33554,2021-05-28 10:00:00,40.886375,-73.91399,0,0,Unspecified,4426016,19.4,10.6,25.0,25.0,0.0,8.0,63,25.6,47.9,62,Rain: Moderate,0,0,
33555,2021-06-10 16:00:00,40.614197,-74.03603,0,0,Unspecified,4426158,26.7,16.8,0.0,0.0,0.0,0.0,3,20.9,40.3,78,Overcast,0,0,
33556,2021-05-27 17:09:00,40.792187,-73.9382,1,0,Pedestrian/Bicyclist/Other Pedestrian Error/Confusion,4426018,27.4,18.3,2.4,2.4,0.0,3.0,61,23.5,42.1,313,Rain: Light,1,1,
33557,2021-06-10 16:45:00,40.72032,-73.99404,0,0,Failure to Yield Right-of-Way,4425704,26.7,16.8,0.0,0.0,0.0,0.0,3,20.9,40.3,78,Overcast,0,0,
33558,2021-05-27 15:00:00,40.61593,-74.087425,0,0,Driver Inattention/Distraction,4426560,27.4,18.3,2.4,2.4,0.0,3.0,61,23.5,42.1,313,Rain: Light,0,0,
33559,2021-06-09 16:00:00,40.736572,-73.907715,1,0,Following Too Closely,4425296,30.2,21.4,1.1,1.1,0.0,5.0,51,11.7,28.1,286,Drizzle: Light,1,1,
33560,2021-06-09 15:34:00,40.635033,-74.00879,0,0,Unspecified,4425392,30.2,21.4,1.1,1.1,0.0,5.0,51,11.7,28.1,286,Drizzle: Light,0,0,
33561,2021-06-10 05:35:00,40.711212,-73.96339,0,0,Traffic Control Disregarded,4425685,26.7,16.8,0.0,0.0,0.0,0.0,3,20.9,40.3,78,Overcast,0,0,
33562,2021-06-10 12:06:00,40.696983,-73.935234,1,0,Failure to Yield Right-of-Way,4425551,26.7,16.8,0.0,0.0,0.0,0.0,3,20.9,40.3,78,Overcast,1,1,
33563,2021-06-11 08:15:00,40.606346,-73.95273,1,0,Failure to Yield Right-of-Way,4425984,20.7,15.3,1.2,1.2,0.0,3.0,53,13.2,27.0,97,Drizzle: Moderate,1,1,
33564,2021-06-10 15:36:00,40.660072,-73.93974,0,0,Traffic Control Disregarded,4425642,26.7,16.8,0.0,0.0,0.0,0.0,3,20.9,40.3,78,Overcast,0,0,
33565,2021-06-09 09:35:00,40.637188,-74.11581,0,0,Unspecified,4425234,30.2,21.4,1.1,1.1,0.0,5.0,51,11.7,28.1,286,Drizzle: Light,0,0,
33566,2021-06-11 16:50:00,40.828068,-73.87298,0,0,Driver Inattention/Distraction,4425849,20.7,15.3,1.2,1.2,0.0,3.0,53,13.2,27.0,97,Drizzle: Moderate,0,0,
33567,2021-06-01 12:12:00,40.677845,-73.95282,1,0,Other Vehicular,4426080,23.5,9.7,0.0,0.0,0.0,0.0,3,17.6,32.0,221,Overcast,1,1,
33568,2021-06-09 22:20:00,40.66306,-73.93924,0,0,Driver Inexperience,4425312,30.2,21.4,1.1,1.1,0.0,5.0,51,11.7,28.1,286,Drizzle: Light,0,0,
33569,2021-06-10 20:00:00,40.82487,-73.853935,0,0,Unspecified,4425827,26.7,16.8,0.0,0.0,0.0,0.0,3,20.9,40.3,78,Overcast,0,0,
33570,2021-06-09 11:20:00,40.801918,-73.94344,1,0,Failure to Yield Right-of-Way,4425181,30.2,21.4,1.1,1.1,0.0,5.0,51,11.7,28.1,286,Drizzle: Light,1,1,
33571,2021-06-11 19:35:00,40.668797,-73.93113,1,0,Pedestrian/Bicyclist/Other Pedestrian Error/Confusion,4425881,20.7,15.3,1.2,1.2,0.0,3.0,53,13.2,27.0,97,Drizzle: Moderate,1,1,
33572,2021-06-11 01:00:00,40.671627,-73.93364,0,0,Unspecified,4426528,20.7,15.3,1.2,1.2,0.0,3.0,53,13.2,27.0,97,Drizzle: Moderate,0,0,
33573,2021-06-10 07:37:00,40.828957,-73.842064,1,0,Unspecified,4425818,26.7,16.8,0.0,0.0,0.0,0.0,3,20.9,40.3,78,Overcast,1,1,
33574,2021-06-02 23:30:00,40.794178,-73.94487,1,0,Traffic Control Disregarded,4426011,22.4,13.0,0.0,0.0,0.0,0.0,3,16.7,34.9,176,Overcast,1,1,
33575,2021-06-11 01:00:00,40.76173,-73.79178,0,0,Fell Asleep,4425740,20.7,15.3,1.2,1.2,0.0,3.0,53,13.2,27.0,97,Drizzle: Moderate,0,0,
33576,2021-06-09 17:15:00,40.83163,-73.92252,0,0,Driver Inattention/Distraction,4426050,30.2,21.4,1.1,1.1,0.0,5.0,51,11.7,28.1,286,Drizzle: Light,0,0,
33577,2021-06-07 14:13:00,40.676132,-73.921906,1,0,Unspecified,4426282,31.0,20.7,0.1,0.1,0.0,1.0,51,16.5,34.9,204,Drizzle: Light,1,1,
33578,2021-06-09 11:00:00,40.692196,-73.92488,0,0,Passing Too Closely,4425446,30.2,21.4,1.1,1.1,0.0,5.0,51,11.7,28.1,286,Drizzle: Light,0,0,
33579,2021-06-11 20:14:00,40.678364,-73.77949,1,0,Failure to Yield Right-of-Way,4426160,20.7,15.3,1.2,1.2,0.0,3.0,53,13.2,27.0,97,Drizzle: Moderate,1,1,
33580,2021-06-10 11:00:00,40.674652,-73.87712,0,0,Driver Inattention/Distraction,4425937,26.7,16.8,0.0,0.0,0.0,0.0,3,20.9,40.3,78,Overcast,0,0,
33581,2021-06-11 18:40:00,40.771782,-73.96333,0,0,Driver Inattention/Distraction,4426786,20.7,15.3,1.2,1.2,0.0,3.0,53,13.2,27.0,97,Drizzle: Moderate,0,0,
33582,2021-06-09 20:45:00,40.688553,-73.962845,0,0,Failure to Yield Right-of-Way,4425282,30.2,21.4,1.1,1.1,0.0,5.0,51,11.7,28.1,286,Drizzle: Light,0,0,
33583,2021-06-11 22:40:00,40.755222,-73.96135,1,0,Following Too Closely,4425902,20.7,15.3,1.2,1.2,0.0,3.0,53,13.2,27.0,97,Drizzle: Moderate,1,1,
33584,2021-05-30 13:51:00,40.691517,-73.838905,1,0,Passing or Lane Usage Improper,4426862,11.5,8.5,13.7,13.7,0.0,24.0,61,28.1,52.2,22,Rain: Light,1,1,
33585,2021-06-11 05:53:00,40.680504,-73.90629,2,0,Failure to Yield Right-of-Way,4425765,20.7,15.3,1.2,1.2,0.0,3.0,53,13.2,27.0,97,Drizzle: Moderate,2,2,