,CRASH DATETIME,LATITUDE,LONGITUDE,NUMBER OF PERSONS INJURED,NUMBER OF PERSONS KILLED,CONTRIBUTING FACTOR VEHICLE 1,COLLISION_ID,temperature_2m_max,temperature_2m_min,precipitation_sum,rain_sum,snowfall_sum,precipitation_hours,weather_code,wind_speed_10m_max,wind_gusts_10m_max,wind_direction_10m_dominant,Weather Description,Severity_Score,Total_Affected_Persons,Weather_Category
33586,2021-06-08 14:30:00,40.71992,-73.99106,0,0,Driver Inattention/Distraction,4426860,30.1,22.0,5.9,5.9,0.0,9.0,61,16.6,34.6,215,Rain: Light,0,0,
33587,2021-06-10 10:00:00,40.591175,-73.79798,0,0,Driver Inexperience,4425605,26.7,16.8,0.0,0.0,0.0,0.0,3,20.9,40.3,78,Overcast,0,0,
33588,2021-06-09 17:26:00,40.678238,-73.94415,0,0,Driver Inattention/Distraction,4426505,30.2,21.4,1.1,1.1,0.0,5.0,51,11.7,28.1,286,Drizzle: Light,0,0,
33589,2021-06-08 10:20:00,40.75348,-73.980896,1,0,Unspecified,4426321,30.1,22.0,5.9,5.9,0.0,9.0,61,16.6,34.6,215,Rain: Light,1,1,
33590,2021-06-09 20:44:00,40.816765,-73.848595,2,0,Unspecified,4425516,30.2,21.4,1.1,1.1,0.0,5.0,51,11.7,28.1,286,Drizzle: Light,2,2,
33591,2021-06-08 19:20:00,40.688305,-73.75607,1,0,Unsafe Speed,4426151,30.1,22.0,5.9,5.9,0.0,9.0,61,16.6,34.6,215,Rain: Light,1,1,
33592,2021-10-07 20:30:00,40.745728,-73.86213,1,0,Driver Inattention/Distraction,4466072,22.4,15.7,0.4,0.4,0.0,4.0,51,10.5,20.5,231,Drizzle: Light,1,1,
33593,2021-06-05 16:00:00,40.752644,-74.00428,1,0,Unspecified,4425786,31.3,17.3,0.0,0.0,0.0,0.0,2,20.9,43.9,247,Partly cloudy,1,1,
33594,2021-06-04 17:30:00,40.894066,-73.8384,0,0,Unspecified,4425979,25.3,17.4,6.5,6.5,0.0,10.0,61,17.9,37.8,235,Rain: Light,0,0,
33595,2021-06-09 02:15:00,40.651398,-73.75888,1,0,Unspecified,4425338,30.2,21.4,1.1,1.1,0.0,5.0,51,11.7,28.1,286,Drizzle: Light,1,1,
33596,2021-06-11 12:14:00,40.83283,-73.91129,0,0,Passing or Lane Usage Improper,4426115,20.7,15.3,1.2,1.2,0.0,3.0,53,13.2,27.0,97,Drizzle: Moderate,0,0,
33597,2021-06-11 08:00:00,40.65035,-73.92633,0,0,Unspecified,4426581,20.7,15.3,1.2,1.2,0.0,3.0,53,13.2,27.0,97,Drizzle: Moderate,0,0,
33598,2020-06-06 21:30:00,40.824898,-73.927635,1,0,Traffic Control Disregarded,4426043,28.7,20.4,4.4,4.4,0.0,6.0,61,23.6,42.1,284,Rain: Light,1,1,
33599,2021-06-09 13:30:00,40.690285,-73.95433,0,0,Passing Too Closely,4425523,30.2,21.4,1.1,1.1,0.0,5.0,51,11.7,28.1,286,Drizzle: Light,0,0,
33600,2021-06-10 22:40:00,40.681297,-73.93472,1,0,Driver Inattention/Distraction,4426481,26.7,16.8,0.0,0.0,0.0,0.0,3,20.9,40.3,78,Overcast,1,1,
33601,2021-06-11 16:15:00,40.667477,-73.95623,1,0,Driver Inattention/Distraction,4425842,20.7,15.3,1.2,1.2,0.0,3.0,53,13.2,27.0,97,Drizzle: Moderate,1,1,
33602,2021-06-09 12:37:00,40.788418,-73.97077,1,0,Unsafe Speed,4425504,30.2,21.4,1.1,1.1,0.0,5.0,51,11.7,28.1,286,Drizzle: Light,1,1,
33603,2021-06-04 16:00:00,40.73876,-74.00973,1,0,Failure to Yield Right-of-Way,4426359,25.3,17.4,6.5,6.5,0.0,10.0,61,17.9,37.8,235,Rain: Light,1,1,
33604,2021-06-09 13:00:00,40.763893,-73.96908,0,0,Driver Inattention/Distraction,4425375,30.2,21.4,1.1,1.1,0.0,5.0,51,11.7,28.1,286,Drizzle: Light,0,0,
33605,2021-06-08 20:30:00,40.707375,-73.80969,0,0,Driver Inattention/Distraction,4426125,30.1,22.0,5.9,5.9,0.0,9.0,61,16.6,34.6,215,Rain: Light,0,0,
33606,2021-06-09 21:31:00,40.84619,-73.93846,1,0,Driver Inattention/Distraction,4425577,30.2,21.4,1.1,1.1,0.0,5.0,51,11.7,28.1,286,Drizzle: Light,1,1,
33607,2021-06-10 13:45:00,40.675808,-73.913765,0,0,Driver Inattention/Distraction,4426279,26.7,16.8,0.0,0.0,0.0,0.0,3,20.9,40.3,78,Overcast,0,0,
33608,2021-06-08 14:13:00,40.74947,-73.85056,0,0,Driver Inattention/Distraction,4426688,30.1,22.0,5.9,5.9,0.0,9.0,61,16.6,34.6,215,Rain: Light,0,0,
33609,2021-06-11 11:00:00,40.791313,-73.83896,0,0,Passing or Lane Usage Improper,4425855,20.7,15.3,1.2,1.2,0.0,3.0,53,13.2,27.0,97,Drizzle: Moderate,0,0,
33610,2021-06-09 08:30:00,40.707,-73.9538,1,0,Passenger Distraction,4425331,30.2,21.4,1.1,1.1,0.0,5.0,51,11.7,28.1,286,Drizzle: Light,1,1,
33611,2021-06-10 16:46:00,40.780857,-73.958824,1,0,Driver Inattention/Distraction,4426774,26.7,16.8,0.0,0.0,0.0,0.0,3,20.9,40.3,78,Overcast,1,1,
33612,2021-06-10 13:58:00,40.854183,-73.82961,0,0,Unspecified,4425813,26.7,16.8,0.0,0.0,0.0,0.0,3,20.9,40.3,78,Overcast,0,0,
33613,2021-06-11 21:02:00,40.767372,-73.950066,4,0,Reaction to Uninvolved Vehicle,4426611,20.7,15.3,1.2,1.2,0.0,3.0,53,13.2,27.0,97,Drizzle: Moderate,4,4,
33614,2021-06-11 08:45:00,40.836945,-73.94011,0,0,Passing Too Closely,4426635,20.7,15.3,1.2,1.2,0.0,3.0,53,13.2,27.0,97,Drizzle: Moderate,0,0,
33615,2021-06-10 09:30:00,40.796642,-73.96848,0,0,Unspecified,4425596,26.7,16.8,0.0,0.0,0.0,0.0,3,20.9,40.3,78,Overcast,0,0,
33616,2021-06-10 09:50:00,40.75663,-73.875145,0,0,Turning Improperly,4425798,26.7,16.8,0.0,0.0,0.0,0.0,3,20.9,40.3,78,Overcast,0,0,
33617,2021-06-07 16:15:00,40.713333,-73.91305,0,0,Passing Too Closely,4425887,31.0,20.7,0.1,0.1,0.0,1.0,51,16.5,34.9,204,Drizzle: Light,0,0,
33618,2021-06-09 19:15:00,40.71074,-73.94548,1,0,Pedestrian/Bicyclist/Other Pedestrian Error/Confusion,4425319,30.2,21.4,1.1,1.1,0.0,5.0,51,11.7,28.1,286,Drizzle: Light,1,1,
33619,2021-06-09 00:10:00,40.733536,-73.87035,1,0,Traffic Control Disregarded,4425128,30.2,21.4,1.1,1.1,0.0,5.0,51,11.7,28.1,286,Drizzle: Light,1,1,
33620,2021-06-10 17:23:00,40.586845,-74.08662,0,0,Unspecified,4425622,26.7,16.8,0.0,0.0,0.0,0.0,3,20.9,40.3,78,Overcast,0,0,
33621,2021-06-11 13:45:00,40.705513,-73.80153,0,0,Obstruction/Debris,4426193,20.7,15.3,1.2,1.2,0.0,3.0,53,13.2,27.0,97,Drizzle: Moderate,0,0,
33622,2021-06-10 11:00:00,40.679523,-73.81077,1,0,Driver Inattention/Distraction,4425745,26.7,16.8,0.0,0.0,0.0,0.0,3,20.9,40.3,78,Overcast,1,1,
33623,2021-06-10 14:38:00,40.77279,-73.837135,0,0,Passing or Lane Usage Improper,4425948,26.7,16.8,0.0,0.0,0.0,0.0,3,20.9,40.3,78,Overcast,0,0,
33624,2021-06-09 08:25:00,40.86769,-73.92122,0,0,Turning Improperly,4426448,30.2,21.4,1.1,1.1,0.0,5.0,51,11.7,28.1,286,Drizzle: Light,0,0,
33625,2021-06-09 03:10:00,40.676632,-73.7555,0,0,Driver Inattention/Distraction,4425270,30.2,21.4,1.1,1.1,0.0,5.0,51,11.7,28.1,286,Drizzle: Light,0,0,
33626,2021-06-11 14:40:00,40.608753,-73.76875,0,0,Unspecified,4426088,20.7,15.3,1.2,1.2,0.0,3.0,53,13.2,27.0,97,Drizzle: Moderate,0,0,
33627,2021-06-09 22:57:00,40.587784,-73.93513,1,0,Prescription Medication,4426746,30.2,21.4,1.1,1.1,0.0,5.0,51,11.7,28.1,286,Drizzle: Light,1,1,
33628,2021-06-09 13:07:00,40.81594,-73.887276,0,0,Unspecified,4425351,30.2,21.4,1.1,1.1,0.0,5.0,51,11.7,28.1,286,Drizzle: Light,0,0,
33629,2021-07-11 21:30:00,40.703342,-73.80021,0,0,Unsafe Lane Changing,4426192,24.9,19.8,2.5,2.5,0.0,9.0,53,15.8,35.3,141,Drizzle: Moderate,0,0,
33630,2021-06-11 09:15:00,40.646328,-73.91276,1,0,Unspecified,4426055,20.7,15.3,1.2,1.2,0.0,3.0,53,13.2,27.0,97,Drizzle: Moderate,1,1,
33631,2021-06-09 13:35:00,40.655495,-73.948975,1,0,Driver Inattention/Distraction,4425725,30.2,21.4,1.1,1.1,0.0,5.0,51,11.7,28.1,286,Drizzle: Light,1,1,
33632,2021-06-10 15:10:00,40.67753,-73.73085,0,0,Following Too Closely,4425673,26.7,16.8,0.0,0.0,0.0,0.0,3,20.9,40.3,78,Overcast,0,0,
33633,2021-06-09 08:00:00,40.855408,-73.89176,0,0,Unspecified,4425558,30.2,21.4,1.1,1.1,0.0,5.0,51,11.7,28.1,286,Drizzle: Light,0,0,
33634,2021-06-11 18:26:00,40.754303,-73.89736,1,0,Driver Inexperience,4426464,20.7,15.3,1.2,1.2,0.0,3.0,53,13.2,27.0,97,Drizzle: Moderate,1,1,
33635,2021-06-11 23:45:00,40.740273,-73.89586,0,0,Other Vehicular,4425913,20.7,15.3,1.2,1.2,0.0,3.0,53,13.2,27.0,97,Drizzle: Moderate,0,0,
33636,2021-06-10 21:13:00,40.75409,-73.976395,0,0,Driver Inattention/Distraction,4426328,26.7,16.8,0.0,0.0,0.0,0.0,3,20.9,40.3,78,Overcast,0,0,
33637,2021-05-28 00:20:00,40.70145,-73.989624,0,0,Following Too Closely,4425933,19.4,10.6,25.0,25.0,0.0,8.0,63,25.6,47.9,62,Rain: Moderate,0,0,
33638,2021-06-08 18:42:00,40.640068,-73.986885,1,0,Unspecified,4426831,30.1,22.0,5.9,5.9,0.0,9.0,61,16.6,34.6,215,Rain: Light,1,1,
33639,2021-06-07 08:49:00,40.883106,-73.88097,0,0,Unspecified,4426070,31.0,20.7,0.1,0.1,0.0,1.0,51,16.5,34.9,204,Drizzle: Light,0,0,
33640,2021-06-11 16:15:00,40.67853,-73.821236,1,0,Failure to Yield Right-of-Way,4426224,20.7,15.3,1.2,1.2,0.0,3.0,53,13.2,27.0,97,Drizzle: Moderate,1,1,
33641,2021-06-09 11:50:00,40.675735,-73.89686,0,0,Driver Inattention/Distraction,4425781,30.2,21.4,1.1,1.1,0.0,5.0,51,11.7,28.1,286,Drizzle: Light,0,0,
33642,2021-06-09 12:15:00,40.778774,-73.91445,0,0,Driver Inattention/Distraction,4426406,30.2,21.4,1.1,1.1,0.0,5.0,51,11.7,28.1,286,Drizzle: Light,0,0,
33643,2021-06-11 12:02:00,40.788475,-73.96702,1,0,Unsafe Lane Changing,4425803,20.7,15.3,1.2,1.2,0.0,3.0,53,13.2,27.0,97,Drizzle: Moderate,1,1,
33644,2021-06-10 15:13:00,40.875088,-73.912415,0,0,Unspecified,4425991,26.7,16.8,0.0,0.0,0.0,0.0,3,20.9,40.3,78,Overcast,0,0,
33645,2021-06-06 02:30:00,40.885952,-73.8279,2,0,Unsafe Speed,4425974,31.0,20.0,0.0,0.0,0.0,0.0,1,16.6,32.4,222,Mainly clear,2,2,Sunny/Clear Conditions
33646,2021-06-11 15:40:00,40.7517,-73.986404,1,0,Unspecified,4426338,20.7,15.3,1.2,1.2,0.0,3.0,53,13.2,27.0,97,Drizzle: Moderate,1,1,
33647,2021-06-09 18:15:00,40.68574,-73.82774,0,0,Passing or Lane Usage Improper,4425361,30.2,21.4,1.1,1.1,0.0,5.0,51,11.7,28.1,286,Drizzle: Light,0,0,
33648,2021-06-06 08:22:00,40.875183,-73.90232,0,0,Unspecified,4426048,31.0,20.0,0.0,0.0,0.0,0.0,1,16.6,32.4,222,Mainly clear,0,0,Sunny/Clear Conditions
33649,2021-06-10 12:50:00,40.671932,-73.85165,1,0,Passing or Lane Usage Improper,4425750,26.7,16.8,0.0,0.0,0.0,0.0,3,20.9,40.3,78,Overcast,1,1,
33650,2021-06-04 02:00:00,40.875885,-73.904144,0,0,Following Too Closely,4426033,25.3,17.4,6.5,6.5,0.0,10.0,61,17.9,37.8,235,Rain: Light,0,0,
33651,2021-06-09 15:27:00,40.826797,-73.89132,0,0,Driver Inattention/Distraction,4425435,30.2,21.4,1.1,1.1,0.0,5.0,51,11.7,28.1,286,Drizzle: Light,0,0,
33652,2021-06-06 11:30:00,40.758392,-73.781456,0,0,Unspecified,4426298,31.0,20.0,0.0,0.0,0.0,0.0,1,16.6,32.4,222,Mainly clear,0,0,Sunny/Clear Conditions
33653,2021-06-10 09:15:00,40.81048,-73.94012,0,0,Unspecified,4425566,26.7,16.8,0.0,0.0,0.0,0.0,3,20.9,40.3,78,Overcast,0,0,
33654,2023-01-07 22:15:00,40.8444,-73.90159,0,0,Unsafe Lane Changing,4598501,8.0,0.2,0.0,0.0,0.0,0.0,3,19.2,37.1,293,Overcast,0,0,
33655,2021-06-07 18:59:00,40.878098,-73.905396,0,0,Unspecified,4426060,31.0,20.7,0.1,0.1,0.0,1.0,51,16.5,34.9,204,Drizzle: Light,0,0,
33656,2021-06-10 03:23:00,40.703922,-73.94438,1,0,Unspecified,4425343,26.7,16.8,0.0,0.0,0.0,0.0,3,20.9,40.3,78,Overcast,1,1,
33657,2021-05-16 01:40:00,40.75332,-73.9636,1,0,Failure to Yield Right-of-Way,4425919,22.3,10.7,0.1,0.1,0.0,1.0,51,23.8,46.1,261,Drizzle: Light,1,1,
33658,2021-06-05 02:35:00,40.755634,-73.93594,0,0,Driver Inattention/Distraction,4426393,31.3,17.3,0.0,0.0,0.0,0.0,2,20.9,43.9,247,Partly cloudy,0,0,
33659,2021-06-10 18:10:00,40.736774,-73.80475,0,0,Driver Inattention/Distraction,4426147,26.7,16.8,0.0,0.0,0.0,0.0,3,20.9,40.3,78,Overcast,0,0,
33660,2021-05-21 22:45:00,40.718555,-73.988205,0,0,Driver Inattention/Distraction,4425959,23.9,11.3,0.0,0.0,0.0,0.0,3,19.2,38.5,174,Overcast,0,0,
33661,2021-06-09 15:45:00,40.74953,-73.973564,0,0,Driver Inattention/Distraction,4425305,30.2,21.4,1.1,1.1,0.0,5.0,51,11.7,28.1,286,Drizzle: Light,0,0,
33662,2021-06-10 10:30:00,40.699955,-73.891396,0,0,Unspecified,4425612,26.7,16.8,0.0,0.0,0.0,0.0,3,20.9,40.3,78,Overcast,0,0,
33663,2021-06-09 21:00:00,40.714752,-73.949486,1,0,Physical Disability,4426728,30.2,21.4,1.1,1.1,0.0,5.0,51,11.7,28.1,286,Drizzle: Light,1,1,
33664,2021-06-10 13:14:00,40.68701,-73.93058,0,0,Following Too Closely,4426473,26.7,16.8,0.0,0.0,0.0,0.0,3,20.9,40.3,78,Overcast,0,0,
33665,2021-06-09 15:58:00,40.637043,-74.07621,1,0,Driver Inattention/Distraction,4426566,30.2,21.4,1.1,1.1,0.0,5.0,51,11.7,28.1,286,Drizzle: Light,1,1,
33666,2021-06-03 11:20:00,40.689445,-73.95513,0,0,Following Too Closely,4426501,23.0,13.2,11.9,11.9,0.0,10.0,63,13.6,38.9,165,Rain: Moderate,0,0,
33667,2021-06-10 06:12:00,40.816616,-73.89414,0,1,Unsafe Speed,4426253,26.7,16.8,0.0,0.0,0.0,0.0,3,20.9,40.3,78,Overcast,20,1,
33668,2021-06-03 00:15:00,40.695004,-73.9525,0,0,Unspecified,4426539,23.0,13.2,11.9,11.9,0.0,10.0,63,13.6,38.9,165,Rain: Moderate,0,0,
33669,2021-06-11 02:18:00,40.741512,-73.88292,0,0,Unspecified,4426702,20.7,15.3,1.2,1.2,0.0,3.0,53,13.2,27.0,97,Drizzle: Moderate,0,0,
33670,2021-06-11 12:40:00,40.848877,-73.91615,0,0,Failure to Yield Right-of-Way,4426110,20.7,15.3,1.2,1.2,0.0,3.0,53,13.2,27.0,97,Drizzle: Moderate,0,0,
33671,2021-06-09 15:20:00,40.804066,-73.93267,0,0,Traffic Control Disregarded,4425475,30.2,21.4,1.1,1.1,0.0,5.0,51,11.7,28.1,286,Drizzle: Light,0,0,
33672,2021-06-09 20:39:00,40.86769,-73.92122,0,0,Unspecified,4425545,30.2,21.4,1.1,1.1,0.0,5.0,51,11.7,28.1,286,Drizzle: Light,0,0,
33673,2021-06-09 17:37:00,40.76023,-73.961525,1,0,Failure to Yield Right-of-Way,4425369,30.2,21.4,1.1,1.1,0.0,5.0,51,11.7,28.1,286,Drizzle: Light,1,1,
33674,2021-06-10 12:06:00,40.678364,-73.77949,1,0,Failure to Yield Right-of-Way,4425758,26.7,16.8,0.0,0.0,0.0,0.0,3,20.9,40.3,78,Overcast,1,1,
33675,2021-06-11 15:50:00,40.595642,-73.99676,0,0,Failure to Yield Right-of-Way,4425898,20.7,15.3,1.2,1.2,0.0,3.0,53,13.2,27.0,97,Drizzle: Moderate,0,0,
33676,2021-06-10 17:00:00,40.674324,-73.94173,0,0,Driver Inattention/Distraction,4426518,26.7,16.8,0.0,0.0,0.0,0.0,3,20.9,40.3,78,Overcast,0,0,
33677,2021-06-10 15:25:00,40.811596,-73.92285,1,0,Driver Inexperience,4426789,26.7,16.8,0.0,0.0,0.0,0.0,3,20.9,40.3,78,Overcast,1,1,
33678,2021-06-07 16:18:00,40.695705,-73.94637,0,0,Driver Inexperience,4426497,31.0,20.7,0.1,0.1,0.0,1.0,51,16.5,34.9,204,Drizzle: Light,0,0,
33679,2020-06-08 20:43:00,40.84497,-73.90247,1,0,Driver Inattention/Distraction,4425960,25.3,13.4,0.0,0.0,0.0,0.0,3,14.5,29.9,309,Overcast,1,1,
33680,2021-06-10 23:50:00,40.63781,-74.08729,0,0,Unspecified,4426587,26.7,16.8,0.0,0.0,0.0,0.0,3,20.9,40.3,78,Overcast,0,0,
33681,2021-06-09 15:00:00,40.84277,-73.9102,0,0,Following Too Closely,4425418,30.2,21.4,1.1,1.1,0.0,5.0,51,11.7,28.1,286,Drizzle: Light,0,0,
33682,2021-06-10 14:00:00,40.823135,-73.88225,0,0,Passing Too Closely,4425835,26.7,16.8,0.0,0.0,0.0,0.0,3,20.9,40.3,78,Overcast,0,0,
33683,2021-06-02 01:20:00,40.61377,-74.08655,0,0,Unspecified,4426561,22.4,13.0,0.0,0.0,0.0,0.0,3,16.7,34.9,176,Overcast,0,0,
33684,2021-06-11 21:00:00,40.719048,-73.99648,1,0,Driver Inattention/Distraction,4426355,20.7,15.3,1.2,1.2,0.0,3.0,53,13.2,27.0,97,Drizzle: Moderate,1,1,
33685,2021-10-08 08:13:00,40.753635,-73.91893,1,0,Passing or Lane Usage Improper,4465698,23.7,14.5,0.0,0.0,0.0,0.0,3,13.0,22.3,94,Overcast,1,1,
33686,2021-06-10 14:00:00,40.713226,-73.82343,0,0,Driver Inattention/Distraction,4426141,26.7,16.8,0.0,0.0,0.0,0.0,3,20.9,40.3,78,Overcast,0,0,
33687,2021-06-10 14:50:00,40.617287,-73.97786,1,0,Unspecified,4426808,26.7,16.8,0.0,0.0,0.0,0.0,3,20.9,40.3,78,Overcast,1,1,
33688,2021-06-10 21:14:00,40.65616,-73.76736,0,0,Driver Inattention/Distraction,4425680,26.7,16.8,0.0,0.0,0.0,0.0,3,20.9,40.3,78,Overcast,0,0,
33689,2021-06-10 20:22:00,40.76663,-73.89605,0,0,Other Vehicular,4426421,26.7,16.8,0.0,0.0,0.0,0.0,3,20.9,40.3,78,Overcast,0,0,
33690,2021-06-11 12:30:00,40.66932,-73.91312,0,0,Driver Inexperience,4426274,20.7,15.3,1.2,1.2,0.0,3.0,53,13.2,27.0,97,Drizzle: Moderate,0,0,
33691,2021-06-11 23:15:00,40.695827,-73.98199,0,0,Driver Inattention/Distraction,4426453,20.7,15.3,1.2,1.2,0.0,3.0,53,13.2,27.0,97,Drizzle: Moderate,0,0,
33692,2021-06-09 17:00:00,40.735836,-73.88482,0,0,Driver Inattention/Distraction,4426695,30.2,21.4,1.1,1.1,0.0,5.0,51,11.7,28.1,286,Drizzle: Light,0,0,
33693,2021-06-10 02:00:00,40.75024,-73.998604,1,0,Brakes Defective,4425584,26.7,16.8,0.0,0.0,0.0,0.0,3,20.9,40.3,78,Overcast,1,1,
33694,2021-06-06 04:52:00,40.877068,-73.906105,1,0,Unspecified,4426047,31.0,20.0,0.0,0.0,0.0,0.0,1,16.6,32.4,222,Mainly clear,1,1,Sunny/Clear Conditions
33695,2021-06-10 19:43:00,40.829327,-73.84741,1,0,Unspecified,4425830,26.7,16.8,0.0,0.0,0.0,0.0,3,20.9,40.3,78,Overcast,1,1,
33696,2021-06-04 22:50:00,40.65939,-73.92926,0,0,Unspecified,4426603,25.3,17.4,6.5,6.5,0.0,10.0,61,17.9,37.8,235,Rain: Light,0,0,
33697,2021-06-09 06:20:00,40.707245,-73.94406,0,0,Driver Inattention/Distraction,4425728,30.2,21.4,1.1,1.1,0.0,5.0,51,11.7,28.1,286,Drizzle: Light,0,0,
33698,2021-06-09 12:15:00,40.65749,-73.893074,0,0,Driver Inattention/Distraction,4425424,30.2,21.4,1.1,1.1,0.0,5.0,51,11.7,28.1,286,Drizzle: Light,0,0,
33699,2021-06-10 01:00:00,40.63796,-74.13802,0,0,Driver Inattention/Distraction,4426002,26.7,16.8,0.0,0.0,0.0,0.0,3,20.9,40.3,78,Overcast,0,0,
33700,2021-06-10 15:30:00,40.6742,-73.99984,2,0,Unspecified,4426643,26.7,16.8,0.0,0.0,0.0,0.0,3,20.9,40.3,78,Overcast,2,2,
33701,2021-06-10 18:06:00,40.6764,-73.741325,0,0,Backing Unsafely,4425718,26.7,16.8,0.0,0.0,0.0,0.0,3,20.9,40.3,78,Overcast,0,0,
33702,2021-06-10 12:34:00,40.798626,-73.93953,1,0,Driver Inexperience,4425591,26.7,16.8,0.0,0.0,0.0,0.0,3,20.9,40.3,78,Overcast,1,1,
33703,2021-06-09 06:05:00,40.755966,-73.93027,0,0,Other Vehicular,4425106,30.2,21.4,1.1,1.1,0.0,5.0,51,11.7,28.1,286,Drizzle: Light,0,0,
33704,2021-06-10 13:35:00,40.676647,-73.91647,1,0,Following Too Closely,4425666,26.7,16.8,0.0,0.0,0.0,0.0,3,20.9,40.3,78,Overcast,1,1,
33705,2021-06-07 19:00:00,40.765747,-73.931206,0,0,Unspecified,4426396,31.0,20.7,0.1,0.1,0.0,1.0,51,16.5,34.9,204,Drizzle: Light,0,0,
33706,2021-06-10 17:55:00,40.67818,-73.870705,1,0,Driver Inattention/Distraction,4425944,26.7,16.8,0.0,0.0,0.0,0.0,3,20.9,40.3,78,Overcast,1,1,
33707,2021-06-11 10:48:00,40.710346,-73.76904,0,0,Driver Inattention/Distraction,4425874,20.7,15.3,1.2,1.2,0.0,3.0,53,13.2,27.0,97,Drizzle: Moderate,0,0,
33708,2021-06-09 15:00:00,40.700325,-73.78904,1,0,Unsafe Speed,4425867,30.2,21.4,1.1,1.1,0.0,5.0,51,11.7,28.1,286,Drizzle: Light,1,1,
33709,2021-06-09 16:00:00,40.812744,-73.937645,1,0,Driver Inattention/Distraction,4425615,30.2,21.4,1.1,1.1,0.0,5.0,51,11.7,28.1,286,Drizzle: Light,1,1,
33710,2021-06-09 17:16:00,40.699406,-73.95338,4,0,Passing or Lane Usage Improper,4425328,30.2,21.4,1.1,1.1,0.0,5.0,51,11.7,28.1,286,Drizzle: Light,4,4,
33711,2021-05-14 16:55:00,40.692482,-73.9203,1,0,,4426092,21.6,7.5,0.0,0.0,0.0,0.0,2,14.3,25.2,276,Partly cloudy,1,1,
33712,2021-06-09 15:29:00,40.677128,-73.94,0,0,Driver Inattention/Distraction,4426508,30.2,21.4,1.1,1.1,0.0,5.0,51,11.7,28.1,286,Drizzle: Light,0,0,
33713,2021-06-09 16:00:00,40.763794,-73.973785,0,0,Unspecified,4425493,30.2,21.4,1.1,1.1,0.0,5.0,51,11.7,28.1,286,Drizzle: Light,0,0,
33714,2021-06-10 08:40:00,40.703976,-73.92309,0,0,Backing Unsafely,4426097,26.7,16.8,0.0,0.0,0.0,0.0,3,20.9,40.3,78,Overcast,0,0,
33715,2021-06-10 11:35:00,40.625267,-74.01727,0,0,Unspecified,4425909,26.7,16.8,0.0,0.0,0.0,0.0,3,20.9,40.3,78,Overcast,0,0,
33716,2021-06-11 23:15:00,40.8166,-73.942764,1,0,Driver Inattention/Distraction,4426826,20.7,15.3,1.2,1.2,0.0,3.0,53,13.2,27.0,97,Drizzle: Moderate,1,1,
33717,2021-06-11 14:47:00,40.73204,-73.87034,1,0,Following Too Closely,4426172,20.7,15.3,1.2,1.2,0.0,3.0,53,13.2,27.0,97,Drizzle: Moderate,1,1,
33718,2021-06-11 18:45:00,40.87161,-73.86137,3,0,Driver Inattention/Distraction,4426736,20.7,15.3,1.2,1.2,0.0,3.0,53,13.2,27.0,97,Drizzle: Moderate,3,3,
33719,2021-06-11 21:00:00,40.821163,-73.89691,0,0,Unspecified,4425928,20.7,15.3,1.2,1.2,0.0,3.0,53,13.2,27.0,97,Drizzle: Moderate,0,0,
33720,2021-06-10 10:35:00,40.830936,-73.91241,0,0,Turning Improperly,4426119,26.7,16.8,0.0,0.0,0.0,0.0,3,20.9,40.3,78,Overcast,0,0,
33721,2021-06-11 05:40:00,40.694042,-73.73665,0,0,Unspecified,4425862,20.7,15.3,1.2,1.2,0.0,3.0,53,13.2,27.0,97,Drizzle: Moderate,0,0,
33722,2021-06-06 13:13:00,40.880295,-73.90384,0,0,Unspecified,4426028,31.0,20.0,0.0,0.0,0.0,0.0,1,16.6,32.4,222,Mainly clear,0,0,Sunny/Clear Conditions
33723,2021-06-10 08:41:00,40.668266,-73.84214,1,0,Following Too Closely,4425482,26.7,16.8,0.0,0.0,0.0,0.0,3,20.9,40.3,78,Overcast,1,1,
33724,2021-06-08 21:00:00,40.882328,-73.85369,0,0,Unspecified,4425970,30.1,22.0,5.9,5.9,0.0,9.0,61,16.6,34.6,215,Rain: Light,0,0,
33725,2021-06-09 17:52:00,40.678543,-73.949684,3,0,Driver Inattention/Distraction,4426540,30.2,21.4,1.1,1.1,0.0,5.0,51,11.7,28.1,286,Drizzle: Light,3,3,
33726,2021-06-07 00:05:00,40.868282,-73.90107,1,0,Pedestrian/Bicyclist/Other Pedestrian Error/Confusion,4426293,31.0,20.7,0.1,0.1,0.0,1.0,51,16.5,34.9,204,Drizzle: Light,1,1,
33727,2021-06-09 08:15:00,40.715183,-73.82325,0,0,Passing or Lane Usage Improper,4426124,30.2,21.4,1.1,1.1,0.0,5.0,51,11.7,28.1,286,Drizzle: Light,0,0,
33728,2021-06-11 23:14:00,40.79856,-73.96337,0,0,Unsafe Speed,4426103,20.7,15.3,1.2,1.2,0.0,3.0,53,13.2,27.0,97,Drizzle: Moderate,0,0,
33729,2021-06-10 00:00:00,40.830154,-73.93964,0,0,Failure to Yield Right-of-Way,4425987,26.7,16.8,0.0,0.0,0.0,0.0,3,20.9,40.3,78,Overcast,0,0,
33730,2021-03-09 17:25:00,40.682,-73.96867,0,0,Passing or Lane Usage Improper,4426513,15.7,0.1,0.0,0.0,0.0,0.0,3,21.4,41.8,273,Overcast,0,0,