,CRASH DATETIME,LATITUDE,LONGITUDE,NUMBER OF PERSONS INJURED,NUMBER OF PERSONS KILLED,CONTRIBUTING FACTOR VEHICLE 1,COLLISION_ID,temperature_2m_max,temperature_2m_min,precipitation_sum,rain_sum,snowfall_sum,precipitation_hours,weather_code,wind_speed_10m_max,wind_gusts_10m_max,wind_direction_10m_dominant,Weather Description,Severity_Score,Total_Affected_Persons,Weather_Category
33731,2021-06-08 10:00:00,40.68733,-73.98183,0,0,Oversized Vehicle,4425810,30.1,22.0,5.9,5.9,0.0,9.0,61,16.6,34.6,215,Rain: Light,0,0,
33732,2021-06-09 18:30:00,40.699627,-73.923836,0,0,Unspecified,4425637,30.2,21.4,1.1,1.1,0.0,5.0,51,11.7,28.1,286,Drizzle: Light,0,0,
33733,2021-06-11 12:47:00,40.60393,-73.75235,0,0,Backing Unsafely,4426087,20.7,15.3,1.2,1.2,0.0,3.0,53,13.2,27.0,97,Drizzle: Moderate,0,0,
33734,2021-06-09 18:04:00,40.844105,-73.898,0,0,Driver Inattention/Distraction,4425561,30.2,21.4,1.1,1.1,0.0,5.0,51,11.7,28.1,286,Drizzle: Light,0,0,
33735,2021-06-09 15:52:00,40.81616,-73.8944,0,0,Unspecified,4425925,30.2,21.4,1.1,1.1,0.0,5.0,51,11.7,28.1,286,Drizzle: Light,0,0,
33736,2021-10-07 17:20:00,40.87739,-73.90924,0,0,Unspecified,4465103,22.4,15.7,0.4,0.4,0.0,4.0,51,10.5,20.5,231,Drizzle: Light,0,0,
33737,2021-06-11 16:00:00,40.758533,-73.98885,0,0,Driver Inattention/Distraction,4426329,20.7,15.3,1.2,1.2,0.0,3.0,53,13.2,27.0,97,Drizzle: Moderate,0,0,
33738,2021-06-11 16:59:00,40.626568,-73.970924,1,0,Unspecified,4426834,20.7,15.3,1.2,1.2,0.0,3.0,53,13.2,27.0,97,Drizzle: Moderate,1,1,
33739,2021-06-11 15:26:00,40.785362,-73.80544,0,0,Backing Unsafely,4426208,20.7,15.3,1.2,1.2,0.0,3.0,53,13.2,27.0,97,Drizzle: Moderate,0,0,
33740,2021-06-07 17:15:00,40.88438,-73.86586,0,0,Traffic Control Device Improper/Non-Working,4425955,31.0,20.7,0.1,0.1,0.0,1.0,51,16.5,34.9,204,Drizzle: Light,0,0,
33741,2021-06-09 16:00:00,40.83543,-73.92341,0,0,Turning Improperly,4425777,30.2,21.4,1.1,1.1,0.0,5.0,51,11.7,28.1,286,Drizzle: Light,0,0,
33742,2021-06-09 09:00:00,40.643257,-73.95776,0,0,Passing or Lane Usage Improper,4425402,30.2,21.4,1.1,1.1,0.0,5.0,51,11.7,28.1,286,Drizzle: Light,0,0,
33743,2021-06-10 07:10:00,40.757065,-73.83863,0,0,Driver Inattention/Distraction,4426698,26.7,16.8,0.0,0.0,0.0,0.0,3,20.9,40.3,78,Overcast,0,0,
33744,2021-06-11 11:45:00,40.753555,-73.996735,0,0,Unsafe Lane Changing,4425791,20.7,15.3,1.2,1.2,0.0,3.0,53,13.2,27.0,97,Drizzle: Moderate,0,0,
33745,2021-06-11 04:25:00,40.793907,-73.84068,0,0,Passing or Lane Usage Improper,4426216,20.7,15.3,1.2,1.2,0.0,3.0,53,13.2,27.0,97,Drizzle: Moderate,0,0,
33746,2021-06-11 03:45:00,40.76501,-73.8871,1,0,Driver Inattention/Distraction,4425992,20.7,15.3,1.2,1.2,0.0,3.0,53,13.2,27.0,97,Drizzle: Moderate,1,1,
33747,2021-06-09 19:00:00,40.634003,-74.0984,0,0,Driver Inattention/Distraction,4426570,30.2,21.4,1.1,1.1,0.0,5.0,51,11.7,28.1,286,Drizzle: Light,0,0,
33748,2021-06-09 12:55:00,40.712856,-73.9049,0,0,View Obstructed/Limited,4425894,30.2,21.4,1.1,1.1,0.0,5.0,51,11.7,28.1,286,Drizzle: Light,0,0,
33749,2021-05-07 08:10:00,40.715214,-73.992905,0,0,Oversized Vehicle,4426351,16.4,7.7,0.0,0.0,0.0,0.0,3,15.8,32.4,73,Overcast,0,0,
33750,2021-06-10 20:35:00,40.584137,-73.96386,2,0,Unsafe Speed,4426368,26.7,16.8,0.0,0.0,0.0,0.0,3,20.9,40.3,78,Overcast,2,2,
33751,2021-06-09 16:00:00,40.709084,-74.01311,0,0,Unspecified,4425535,30.2,21.4,1.1,1.1,0.0,5.0,51,11.7,28.1,286,Drizzle: Light,0,0,
33752,2021-06-09 07:00:00,40.70324,-73.92615,0,0,Driver Inattention/Distraction,4425447,30.2,21.4,1.1,1.1,0.0,5.0,51,11.7,28.1,286,Drizzle: Light,0,0,
33753,2021-06-10 21:40:00,40.763897,-73.95323,0,0,Reaction to Uninvolved Vehicle,4426775,26.7,16.8,0.0,0.0,0.0,0.0,3,20.9,40.3,78,Overcast,0,0,
33754,2021-06-10 20:50:00,40.660316,-73.913216,1,0,Unspecified,4426270,26.7,16.8,0.0,0.0,0.0,0.0,3,20.9,40.3,78,Overcast,1,1,
33755,2021-06-09 15:50:00,40.625088,-74.00003,0,0,Driver Inattention/Distraction,4425281,30.2,21.4,1.1,1.1,0.0,5.0,51,11.7,28.1,286,Drizzle: Light,0,0,
33756,2021-06-08 22:00:00,40.890293,-73.86518,0,0,Backing Unsafely,4425964,30.1,22.0,5.9,5.9,0.0,9.0,61,16.6,34.6,215,Rain: Light,0,0,
33757,2021-06-11 19:20:00,40.683094,-73.80596,0,0,Unsafe Lane Changing,4426159,20.7,15.3,1.2,1.2,0.0,3.0,53,13.2,27.0,97,Drizzle: Moderate,0,0,
33758,2021-06-11 10:25:00,40.71445,-73.9306,2,0,Driver Inattention/Distraction,4426670,20.7,15.3,1.2,1.2,0.0,3.0,53,13.2,27.0,97,Drizzle: Moderate,2,2,
33759,2021-06-01 19:06:00,40.87626,-73.90395,0,0,Unspecified,4426019,23.5,9.7,0.0,0.0,0.0,0.0,3,17.6,32.0,221,Overcast,0,0,
33760,2021-06-09 21:50:00,40.865547,-73.92728,1,0,Unspecified,4426401,30.2,21.4,1.1,1.1,0.0,5.0,51,11.7,28.1,286,Drizzle: Light,1,1,
33761,2021-06-11 22:20:00,40.69245,-73.811005,1,0,Following Too Closely,4426135,20.7,15.3,1.2,1.2,0.0,3.0,53,13.2,27.0,97,Drizzle: Moderate,1,1,
33762,2021-06-09 15:25:00,40.736046,-73.92673,2,0,Failure to Yield Right-of-Way,4425301,30.2,21.4,1.1,1.1,0.0,5.0,51,11.7,28.1,286,Drizzle: Light,2,2,
33763,2021-05-31 18:30:00,40.840427,-73.886734,0,0,Driver Inattention/Distraction,4426079,20.3,9.3,0.7,0.7,0.0,5.0,51,20.9,40.7,318,Drizzle: Light,0,0,
33764,2021-06-05 07:54:00,40.896595,-73.86081,1,0,Following Too Closely,4426717,31.3,17.3,0.0,0.0,0.0,0.0,2,20.9,43.9,247,Partly cloudy,1,1,
33765,2021-06-09 17:33:00,40.726135,-73.76318,1,0,Following Too Closely,4425712,30.2,21.4,1.1,1.1,0.0,5.0,51,11.7,28.1,286,Drizzle: Light,1,1,
33766,2021-06-09 11:00:00,40.60233,-73.967735,0,0,Driver Inattention/Distraction,4425202,30.2,21.4,1.1,1.1,0.0,5.0,51,11.7,28.1,286,Drizzle: Light,0,0,
33767,2021-06-09 22:00:00,40.616627,-73.972664,0,0,Unspecified,4426818,30.2,21.4,1.1,1.1,0.0,5.0,51,11.7,28.1,286,Drizzle: Light,0,0,
33768,2021-06-11 11:00:00,40.76861,-73.91113,2,0,Unspecified,4426427,20.7,15.3,1.2,1.2,0.0,3.0,53,13.2,27.0,97,Drizzle: Moderate,2,2,
33769,2021-06-09 15:20:00,40.68049,-73.774704,0,0,Unsafe Lane Changing,4426152,30.2,21.4,1.1,1.1,0.0,5.0,51,11.7,28.1,286,Drizzle: Light,0,0,
33770,2021-06-09 22:00:00,40.70109,-73.94502,0,0,Passing Too Closely,4425686,30.2,21.4,1.1,1.1,0.0,5.0,51,11.7,28.1,286,Drizzle: Light,0,0,
33771,2021-06-09 14:00:00,40.685486,-73.85821,0,0,Following Too Closely,4425460,30.2,21.4,1.1,1.1,0.0,5.0,51,11.7,28.1,286,Drizzle: Light,0,0,
33772,2021-06-09 15:40:00,40.76296,-73.887665,1,0,Driver Inattention/Distraction,4426461,30.2,21.4,1.1,1.1,0.0,5.0,51,11.7,28.1,286,Drizzle: Light,1,1,
33773,2021-06-11 16:55:00,40.825912,-73.857124,0,0,Unspecified,4425850,20.7,15.3,1.2,1.2,0.0,3.0,53,13.2,27.0,97,Drizzle: Moderate,0,0,
33774,2021-06-11 01:40:00,40.654797,-73.93943,1,0,Unspecified,4426573,20.7,15.3,1.2,1.2,0.0,3.0,53,13.2,27.0,97,Drizzle: Moderate,1,1,
33775,2021-06-09 15:55:00,40.675682,-73.816,1,0,Driver Inattention/Distraction,4425348,30.2,21.4,1.1,1.1,0.0,5.0,51,11.7,28.1,286,Drizzle: Light,1,1,
33776,2021-06-11 00:58:00,40.63704,-73.91368,0,0,Backing Unsafely,4425754,20.7,15.3,1.2,1.2,0.0,3.0,53,13.2,27.0,97,Drizzle: Moderate,0,0,
33777,2021-06-06 01:06:00,40.758972,-73.91901,0,0,Unspecified,4426555,31.0,20.0,0.0,0.0,0.0,0.0,1,16.6,32.4,222,Mainly clear,0,0,Sunny/Clear Conditions
33778,2021-06-11 12:20:00,0.0,0.0,3,0,Driver Inattention/Distraction,4426195,20.7,15.3,1.2,1.2,0.0,3.0,53,13.2,27.0,97,Drizzle: Moderate,3,3,
33779,2021-06-07 20:35:00,40.679367,-73.931335,0,0,Unspecified,4425845,31.0,20.7,0.1,0.1,0.0,1.0,51,16.5,34.9,204,Drizzle: Light,0,0,
33780,2021-06-09 23:20:00,40.659744,-73.91708,1,0,Failure to Yield Right-of-Way,4425736,30.2,21.4,1.1,1.1,0.0,5.0,51,11.7,28.1,286,Drizzle: Light,1,1,
33781,2021-06-11 21:48:00,40.686096,-73.99637,0,0,Unspecified,4426628,20.7,15.3,1.2,1.2,0.0,3.0,53,13.2,27.0,97,Drizzle: Moderate,0,0,
33782,2021-06-09 18:10:00,40.685196,-73.97829,0,0,Unspecified,4425283,30.2,21.4,1.1,1.1,0.0,5.0,51,11.7,28.1,286,Drizzle: Light,0,0,
33783,2021-06-10 15:20:00,40.77399,-73.95875,0,0,Unspecified,4426780,26.7,16.8,0.0,0.0,0.0,0.0,3,20.9,40.3,78,Overcast,0,0,
33784,2021-06-09 07:30:00,40.681213,-73.98871,0,0,Passing Too Closely,4425306,30.2,21.4,1.1,1.1,0.0,5.0,51,11.7,28.1,286,Drizzle: Light,0,0,
33785,2021-06-10 10:30:00,40.855587,-73.89068,0,0,Driver Inattention/Distraction,4425546,26.7,16.8,0.0,0.0,0.0,0.0,3,20.9,40.3,78,Overcast,0,0,
33786,2021-10-07 23:02:00,40.877815,-73.868126,0,0,Failure to Yield Right-of-Way,4465217,22.4,15.7,0.4,0.4,0.0,4.0,51,10.5,20.5,231,Drizzle: Light,0,0,
33787,2021-06-10 10:12:00,40.602356,-74.01263,0,0,Driver Inattention/Distraction,4425511,26.7,16.8,0.0,0.0,0.0,0.0,3,20.9,40.3,78,Overcast,0,0,
33788,2021-06-11 00:52:00,40.689144,-73.99071,0,0,Turning Improperly,4426287,20.7,15.3,1.2,1.2,0.0,3.0,53,13.2,27.0,97,Drizzle: Moderate,0,0,
33789,2021-06-10 00:30:00,40.832058,-73.865746,1,0,View Obstructed/Limited,4425517,26.7,16.8,0.0,0.0,0.0,0.0,3,20.9,40.3,78,Overcast,1,1,
33790,2021-06-10 13:00:00,40.699535,-73.75647,1,0,Unspecified,4425759,26.7,16.8,0.0,0.0,0.0,0.0,3,20.9,40.3,78,Overcast,1,1,
33791,2021-06-10 17:34:00,40.713184,-73.767044,1,0,Pedestrian/Bicyclist/Other Pedestrian Error/Confusion,4425877,26.7,16.8,0.0,0.0,0.0,0.0,3,20.9,40.3,78,Overcast,1,1,
33792,2021-06-09 13:00:00,40.71528,-73.97648,1,0,Unsafe Lane Changing,4425193,30.2,21.4,1.1,1.1,0.0,5.0,51,11.7,28.1,286,Drizzle: Light,1,1,
33793,2021-06-10 18:05:00,40.860237,-73.892845,0,0,Failure to Yield Right-of-Way,4426024,26.7,16.8,0.0,0.0,0.0,0.0,3,20.9,40.3,78,Overcast,0,0,
33794,2021-06-10 18:49:00,40.8315,-73.888084,1,0,Turning Improperly,4425806,26.7,16.8,0.0,0.0,0.0,0.0,3,20.9,40.3,78,Overcast,1,1,
33795,2021-06-09 08:45:00,40.627693,-73.90089,0,0,Backing Unsafely,4426166,30.2,21.4,1.1,1.1,0.0,5.0,51,11.7,28.1,286,Drizzle: Light,0,0,
33796,2021-06-10 15:35:00,40.66279,-73.89455,0,0,Unsafe Speed,4425941,26.7,16.8,0.0,0.0,0.0,0.0,3,20.9,40.3,78,Overcast,0,0,
33797,2021-06-04 21:28:00,40.848625,-73.93425,0,0,Backing Unsafely,4426380,25.3,17.4,6.5,6.5,0.0,10.0,61,17.9,37.8,235,Rain: Light,0,0,
33798,2021-06-10 00:05:00,40.63656,-73.92391,0,0,Backing Unsafely,4425899,26.7,16.8,0.0,0.0,0.0,0.0,3,20.9,40.3,78,Overcast,0,0,
33799,2021-06-09 15:29:00,40.71041,-73.98545,1,0,Unsafe Lane Changing,4425409,30.2,21.4,1.1,1.1,0.0,5.0,51,11.7,28.1,286,Drizzle: Light,1,1,
33800,2021-06-10 10:36:00,40.707954,-73.83715,0,0,Failure to Yield Right-of-Way,4426848,26.7,16.8,0.0,0.0,0.0,0.0,3,20.9,40.3,78,Overcast,0,0,
33801,2021-06-01 10:46:00,40.705906,-73.91048,2,0,Driver Inattention/Distraction,4425906,23.5,9.7,0.0,0.0,0.0,0.0,3,17.6,32.0,221,Overcast,2,2,
33802,2021-10-07 14:44:00,40.67125,-73.97134,0,0,Passing Too Closely,4465979,22.4,15.7,0.4,0.4,0.0,4.0,51,10.5,20.5,231,Drizzle: Light,0,0,
33803,2021-05-25 21:20:00,40.766647,-73.902824,0,0,Unspecified,4426551,21.9,13.0,0.0,0.0,0.0,0.0,3,24.3,47.9,182,Overcast,0,0,
33804,2021-06-10 17:19:00,40.65297,-73.95831,0,0,Unspecified,4426325,26.7,16.8,0.0,0.0,0.0,0.0,3,20.9,40.3,78,Overcast,0,0,
33805,2021-10-07 17:35:00,40.881264,-73.83875,1,0,Driver Inattention/Distraction,4465811,22.4,15.7,0.4,0.4,0.0,4.0,51,10.5,20.5,231,Drizzle: Light,1,1,
33806,2021-06-10 13:00:00,40.81417,-73.92122,1,0,Failure to Yield Right-of-Way,4426082,26.7,16.8,0.0,0.0,0.0,0.0,3,20.9,40.3,78,Overcast,1,1,
33807,2021-06-11 07:45:00,40.595238,-73.92988,2,0,Failure to Yield Right-of-Way,4425983,20.7,15.3,1.2,1.2,0.0,3.0,53,13.2,27.0,97,Drizzle: Moderate,2,2,
33808,2021-06-11 10:45:00,40.7192,-73.94813,0,0,Passing Too Closely,4426490,20.7,15.3,1.2,1.2,0.0,3.0,53,13.2,27.0,97,Drizzle: Moderate,0,0,
33809,2021-06-09 16:30:00,40.70284,-73.90529,1,0,Failure to Yield Right-of-Way,4425252,30.2,21.4,1.1,1.1,0.0,5.0,51,11.7,28.1,286,Drizzle: Light,1,1,
33810,2021-06-11 15:10:00,40.690918,-73.7623,0,0,Brakes Defective,4426150,20.7,15.3,1.2,1.2,0.0,3.0,53,13.2,27.0,97,Drizzle: Moderate,0,0,
33811,2021-06-09 10:00:00,40.69816,-73.92528,0,0,Turning Improperly,4426095,30.2,21.4,1.1,1.1,0.0,5.0,51,11.7,28.1,286,Drizzle: Light,0,0,
33812,2021-06-11 15:48:00,40.733967,-73.87177,0,0,Unspecified,4426703,20.7,15.3,1.2,1.2,0.0,3.0,53,13.2,27.0,97,Drizzle: Moderate,0,0,
33813,2021-05-31 14:00:00,40.820515,-73.930695,0,0,Unspecified,4426052,20.3,9.3,0.7,0.7,0.0,5.0,51,20.9,40.7,318,Drizzle: Light,0,0,
33814,2021-06-10 07:48:00,40.835396,-73.92031,0,0,Other Vehicular,4425473,26.7,16.8,0.0,0.0,0.0,0.0,3,20.9,40.3,78,Overcast,0,0,
33815,2021-06-01 19:11:00,40.88419,-73.91147,0,0,Unspecified,4426039,23.5,9.7,0.0,0.0,0.0,0.0,3,17.6,32.0,221,Overcast,0,0,
33816,2021-06-10 06:49:00,40.774128,-73.95086,0,0,Driver Inattention/Distraction,4426779,26.7,16.8,0.0,0.0,0.0,0.0,3,20.9,40.3,78,Overcast,0,0,
33817,2021-06-11 15:55:00,40.703934,-73.959854,0,0,Driver Inattention/Distraction,4426416,20.7,15.3,1.2,1.2,0.0,3.0,53,13.2,27.0,97,Drizzle: Moderate,0,0,
33818,2021-06-09 09:35:00,40.575336,-73.996445,2,0,Traffic Control Disregarded,4425177,30.2,21.4,1.1,1.1,0.0,5.0,51,11.7,28.1,286,Drizzle: Light,2,2,
33819,2021-06-07 14:42:00,40.696033,-73.98453,2,0,Brakes Defective,4426181,31.0,20.7,0.1,0.1,0.0,1.0,51,16.5,34.9,204,Drizzle: Light,2,2,
33820,2021-06-09 16:20:00,40.6093,-73.99233,1,0,Drugs (illegal),4425313,30.2,21.4,1.1,1.1,0.0,5.0,51,11.7,28.1,286,Drizzle: Light,1,1,
33821,2021-06-10 06:05:00,40.748367,-73.89597,0,0,Driver Inattention/Distraction,4425509,26.7,16.8,0.0,0.0,0.0,0.0,3,20.9,40.3,78,Overcast,0,0,
33822,2021-06-06 22:30:00,40.65422,-73.92386,0,0,Unsafe Lane Changing,4426580,31.0,20.0,0.0,0.0,0.0,0.0,1,16.6,32.4,222,Mainly clear,0,0,Sunny/Clear Conditions
33823,2020-06-12 02:08:00,40.668797,-73.93113,1,0,Driver Inattention/Distraction,4426682,27.9,18.8,0.0,0.0,0.0,0.0,3,20.8,39.2,300,Overcast,1,1,
33824,2021-06-10 03:29:00,40.66932,-73.73938,0,0,Unspecified,4425741,26.7,16.8,0.0,0.0,0.0,0.0,3,20.9,40.3,78,Overcast,0,0,
33825,2021-10-08 00:00:00,40.81722,-73.91924,1,0,Driver Inexperience,4465555,23.7,14.5,0.0,0.0,0.0,0.0,3,13.0,22.3,94,Overcast,1,1,
33826,2021-05-20 17:34:00,40.89711,-73.88008,0,0,Unsafe Speed,4426010,22.2,12.5,0.0,0.0,0.0,0.0,3,19.0,38.2,147,Overcast,0,0,
33827,2021-06-10 04:20:00,40.645805,-73.9707,1,0,Unspecified,4426034,26.7,16.8,0.0,0.0,0.0,0.0,3,20.9,40.3,78,Overcast,1,1,
33828,2021-06-07 06:04:00,40.844715,-73.91228,1,0,Alcohol Involvement,4426051,31.0,20.7,0.1,0.1,0.0,1.0,51,16.5,34.9,204,Drizzle: Light,1,1,
33829,2021-06-09 18:20:00,40.86033,-73.898285,1,0,Driver Inattention/Distraction,4425443,30.2,21.4,1.1,1.1,0.0,5.0,51,11.7,28.1,286,Drizzle: Light,1,1,
33830,2021-06-10 01:05:00,40.674683,-73.8946,0,0,Failure to Yield Right-of-Way,4425936,26.7,16.8,0.0,0.0,0.0,0.0,3,20.9,40.3,78,Overcast,0,0,
33831,2021-06-09 07:05:00,40.778614,-73.83977,0,0,Failure to Keep Right,4425275,30.2,21.4,1.1,1.1,0.0,5.0,51,11.7,28.1,286,Drizzle: Light,0,0,
33832,2021-06-11 21:03:00,40.862602,-73.92028,0,0,Passing or Lane Usage Improper,4426437,20.7,15.3,1.2,1.2,0.0,3.0,53,13.2,27.0,97,Drizzle: Moderate,0,0,
33833,2021-06-09 17:54:00,40.749897,-73.93782,0,0,Following Too Closely,4426407,30.2,21.4,1.1,1.1,0.0,5.0,51,11.7,28.1,286,Drizzle: Light,0,0,
33834,2021-06-10 01:30:00,40.596874,-73.79856,0,0,Driver Inattention/Distraction,4426614,26.7,16.8,0.0,0.0,0.0,0.0,3,20.9,40.3,78,Overcast,0,0,
33835,2021-05-25 20:20:00,40.72639,-73.9918,1,0,Driver Inattention/Distraction,4426390,21.9,13.0,0.0,0.0,0.0,0.0,3,24.3,47.9,182,Overcast,1,1,
33836,2021-09-25 09:30:00,40.84536,-73.89684,1,0,Alcohol Involvement,4465180,22.8,14.0,0.0,0.0,0.0,0.0,3,7.9,15.8,322,Overcast,1,1,
33837,2021-06-09 01:50:00,40.734535,-74.005615,0,0,View Obstructed/Limited,4425631,30.2,21.4,1.1,1.1,0.0,5.0,51,11.7,28.1,286,Drizzle: Light,0,0,
33838,2021-06-11 18:30:00,0.0,0.0,0,0,Driver Inattention/Distraction,4425901,20.7,15.3,1.2,1.2,0.0,3.0,53,13.2,27.0,97,Drizzle: Moderate,0,0,
33839,2021-06-09 14:12:00,40.75868,-73.87552,1,0,Lost Consciousness,4425597,30.2,21.4,1.1,1.1,0.0,5.0,51,11.7,28.1,286,Drizzle: Light,1,1,
33840,2021-06-09 08:15:00,40.88785,-73.90355,0,0,Unspecified,4426066,30.2,21.4,1.1,1.1,0.0,5.0,51,11.7,28.1,286,Drizzle: Light,0,0,
33841,2021-06-11 21:05:00,40.688904,-73.980934,0,0,Backing Unsafely,4425886,20.7,15.3,1.2,1.2,0.0,3.0,53,13.2,27.0,97,Drizzle: Moderate,0,0,
33842,2021-06-09 15:38:00,40.82102,-73.88725,0,0,Unspecified,4425355,30.2,21.4,1.1,1.1,0.0,5.0,51,11.7,28.1,286,Drizzle: Light,0,0,
33843,2021-06-11 12:00:00,40.741135,-73.8986,0,0,Driver Inattention/Distraction,4425799,20.7,15.3,1.2,1.2,0.0,3.0,53,13.2,27.0,97,Drizzle: Moderate,0,0,
33844,2021-05-27 09:50:00,40.910515,-73.89663,0,0,Unsafe Speed,4425995,27.4,18.3,2.4,2.4,0.0,3.0,61,23.5,42.1,313,Rain: Light,0,0,
33845,2021-06-10 13:05:00,40.67277,-73.9628,0,0,Driver Inattention/Distraction,4426517,26.7,16.8,0.0,0.0,0.0,0.0,3,20.9,40.3,78,Overcast,0,0,
33846,2021-10-08 05:00:00,40.73396,-73.80735,0,0,Fell Asleep,4465383,23.7,14.5,0.0,0.0,0.0,0.0,3,13.0,22.3,94,Overcast,0,0,
33847,2021-06-09 14:25:00,40.760254,-73.967545,1,0,Driver Inattention/Distraction,4425339,30.2,21.4,1.1,1.1,0.0,5.0,51,11.7,28.1,286,Drizzle: Light,1,1,
33848,2021-06-11 01:40:00,40.6665,-73.9962,1,0,Unsafe Speed,4425918,20.7,15.3,1.2,1.2,0.0,3.0,53,13.2,27.0,97,Drizzle: Moderate,1,1,
33849,2021-06-07 09:46:00,40.70978,-73.82043,0,0,Driver Inattention/Distraction,4426114,31.0,20.7,0.1,0.1,0.0,1.0,51,16.5,34.9,204,Drizzle: Light,0,0,
33850,2021-06-11 19:30:00,40.659447,-73.9312,2,0,Driver Inattention/Distraction,4426578,20.7,15.3,1.2,1.2,0.0,3.0,53,13.2,27.0,97,Drizzle: Moderate,2,2,
33851,2021-06-10 16:16:00,40.71032,-73.89937,1,0,Passing or Lane Usage Improper,4426132,26.7,16.8,0.0,0.0,0.0,0.0,3,20.9,40.3,78,Overcast,1,1,
33852,2021-06-11 16:30:00,40.678967,-73.921616,0,0,Backing Unsafely,4426484,20.7,15.3,1.2,1.2,0.0,3.0,53,13.2,27.0,97,Drizzle: Moderate,0,0,
33853,2021-06-08 22:11:00,40.886185,-73.866974,0,0,Driver Inattention/Distraction,4425963,30.1,22.0,5.9,5.9,0.0,9.0,61,16.6,34.6,215,Rain: Light,0,0,
33854,2021-06-10 04:45:00,40.85241,-73.867775,1,0,Passing Too Closely,4426020,26.7,16.8,0.0,0.0,0.0,0.0,3,20.9,40.3,78,Overcast,1,1,
33855,2021-06-09 09:00:00,40.81295,-73.88418,0,0,Driver Inattention/Distraction,4425934,30.2,21.4,1.1,1.1,0.0,5.0,51,11.7,28.1,286,Drizzle: Light,0,0,
33856,2021-06-11 20:34:00,40.74025,-73.97917,1,0,Unsafe Speed,4426225,20.7,15.3,1.2,1.2,0.0,3.0,53,13.2,27.0,97,Drizzle: Moderate,1,1,
33857,2021-06-11 22:00:00,40.7547,-73.89361,1,0,Driver Inattention/Distraction,4426465,20.7,15.3,1.2,1.2,0.0,3.0,53,13.2,27.0,97,Drizzle: Moderate,1,1,
33858,2021-06-09 18:11:00,40.755516,-73.98363,0,0,Passing or Lane Usage Improper,4425576,30.2,21.4,1.1,1.1,0.0,5.0,51,11.7,28.1,286,Drizzle: Light,0,0,
33859,2021-06-09 00:00:00,40.66615,-73.80575,0,0,Following Too Closely,4425362,30.2,21.4,1.1,1.1,0.0,5.0,51,11.7,28.1,286,Drizzle: Light,0,0,
33860,2021-06-11 13:25:00,40.66345,-73.94554,0,0,Unspecified,4426684,20.7,15.3,1.2,1.2,0.0,3.0,53,13.2,27.0,97,Drizzle: Moderate,0,0,
33861,2021-06-09 16:45:00,40.679344,-73.859535,1,0,Failure to Yield Right-of-Way,4425804,30.2,21.4,1.1,1.1,0.0,5.0,51,11.7,28.1,286,Drizzle: Light,1,1,
33862,2021-06-02 08:15:00,40.580658,-73.985664,1,0,Pedestrian/Bicyclist/Other Pedestrian Error/Confusion,4426389,22.4,13.0,0.0,0.0,0.0,0.0,3,16.7,34.9,176,Overcast,1,1,
33863,2021-06-09 16:10:00,40.831,-73.82652,1,0,Following Too Closely,4426257,30.2,21.4,1.1,1.1,0.0,5.0,51,11.7,28.1,286,Drizzle: Light,1,1,
33864,2021-05-27 18:13:00,40.88742,-73.89449,1,0,Following Too Closely,4426027,27.4,18.3,2.4,2.4,0.0,3.0,61,23.5,42.1,313,Rain: Light,1,1,
33865,2021-06-10 16:06:00,0.0,0.0,0,0,Unspecified,4426146,26.7,16.8,0.0,0.0,0.0,0.0,3,20.9,40.3,78,Overcast,0,0,
33866,2021-06-09 13:00:00,40.68174,-73.95859,0,0,Unsafe Speed,4426563,30.2,21.4,1.1,1.1,0.0,5.0,51,11.7,28.1,286,Drizzle: Light,0,0,
33867,2021-06-11 14:00:00,40.62065,-73.95057,0,0,Unspecified,4426330,20.7,15.3,1.2,1.2,0.0,3.0,53,13.2,27.0,97,Drizzle: Moderate,0,0,
33868,2021-06-08 21:45:00,40.621017,-74.13181,0,0,Following Too Closely,4426565,30.1,22.0,5.9,5.9,0.0,9.0,61,16.6,34.6,215,Rain: Light,0,0,
33869,2021-06-08 21:28:00,40.878807,-73.86388,0,0,Failure to Yield Right-of-Way,4425956,30.1,22.0,5.9,5.9,0.0,9.0,61,16.6,34.6,215,Rain: Light,0,0,
33870,2021-06-10 16:30:00,40.68335,-73.8412,0,0,Failure to Yield Right-of-Way,4425746,26.7,16.8,0.0,0.0,0.0,0.0,3,20.9,40.3,78,Overcast,0,0,
33871,2021-05-28 22:30:00,40.69885,-73.938576,1,0,Pavement Slippery,4426474,19.4,10.6,25.0,25.0,0.0,8.0,63,25.6,47.9,62,Rain: Moderate,1,1,
33872,2021-06-10 18:47:00,40.827705,-73.83051,0,0,Alcohol Involvement,4426206,26.7,16.8,0.0,0.0,0.0,0.0,3,20.9,40.3,78,Overcast,0,0,
33873,2021-06-09 14:00:00,40.65299,-73.73435,0,0,Driver Inattention/Distraction,4425272,30.2,21.4,1.1,1.1,0.0,5.0,51,11.7,28.1,286,Drizzle: Light,0,0,
33874,2021-06-10 22:20:00,40.757442,-73.86747,1,0,Following Too Closely,4425726,26.7,16.8,0.0,0.0,0.0,0.0,3,20.9,40.3,78,Overcast,1,1,
33875,2021-06-11 16:45:00,40.774014,-73.96269,1,0,Driver Inattention/Distraction,4426791,20.7,15.3,1.2,1.2,0.0,3.0,53,13.2,27.0,97,Drizzle: Moderate,1,1,
33876,2021-06-09 14:55:00,40.564705,-74.12721,1,0,Failure to Yield Right-of-Way,4425230,30.2,21.4,1.1,1.1,0.0,5.0,51,11.7,28.1,286,Drizzle: Light,1,1,