,CRASH DATETIME,LATITUDE,LONGITUDE,NUMBER OF PERSONS INJURED,NUMBER OF PERSONS KILLED,CONTRIBUTING FACTOR VEHICLE 1,COLLISION_ID,temperature_2m_max,temperature_2m_min,precipitation_sum,rain_sum,snowfall_sum,precipitation_hours,weather_code,wind_speed_10m_max,wind_gusts_10m_max,wind_direction_10m_dominant,Weather Description,Severity_Score,Total_Affected_Persons,Weather_Category
33877,2021-06-02 08:00:00,40.685047,-73.954254,0,0,Unspecified,4426545,22.4,13.0,0.0,0.0,0.0,0.0,3,16.7,34.9,176,Overcast,0,0,
33878,2021-06-10 11:09:00,40.642292,-73.90449,1,0,Failure to Yield Right-of-Way,4425640,26.7,16.8,0.0,0.0,0.0,0.0,3,20.9,40.3,78,Overcast,1,1,
33879,2021-06-09 19:00:00,40.857903,-73.86468,2,0,Brakes Defective,4425478,30.2,21.4,1.1,1.1,0.0,5.0,51,11.7,28.1,286,Drizzle: Light,2,2,
33880,2021-04-15 14:45:00,40.69798,-73.91257,0,0,Driver Inattention/Distraction,4426091,12.9,7.7,15.9,15.9,0.0,15.0,63,17.3,32.0,166,Rain: Moderate,0,0,
33881,2021-06-10 19:00:00,40.827583,-73.855835,0,0,Unspecified,4425826,26.7,16.8,0.0,0.0,0.0,0.0,3,20.9,40.3,78,Overcast,0,0,
33882,2021-06-10 07:45:00,40.830025,-73.872765,1,0,Unspecified,4425522,26.7,16.8,0.0,0.0,0.0,0.0,3,20.9,40.3,78,Overcast,1,1,
33883,2021-06-09 15:00:00,40.656925,-73.978584,0,0,Unspecified,4425289,30.2,21.4,1.1,1.1,0.0,5.0,51,11.7,28.1,286,Drizzle: Light,0,0,
33884,2021-06-10 21:21:00,40.846725,-73.93563,1,0,Unspecified,4426071,26.7,16.8,0.0,0.0,0.0,0.0,3,20.9,40.3,78,Overcast,1,1,
33885,2021-06-11 14:06:00,40.835556,-73.86203,0,0,Unspecified,4425837,20.7,15.3,1.2,1.2,0.0,3.0,53,13.2,27.0,97,Drizzle: Moderate,0,0,
33886,2021-06-10 03:15:00,40.674644,-73.88618,0,0,Following Too Closely,4425432,26.7,16.8,0.0,0.0,0.0,0.0,3,20.9,40.3,78,Overcast,0,0,
33887,2021-10-07 21:05:00,40.76217,-73.87041,0,0,Driver Inattention/Distraction,4465370,22.4,15.7,0.4,0.4,0.0,4.0,51,10.5,20.5,231,Drizzle: Light,0,0,
33888,2021-06-11 16:50:00,40.686825,-73.7943,0,0,Driver Inattention/Distraction,4426185,20.7,15.3,1.2,1.2,0.0,3.0,53,13.2,27.0,97,Drizzle: Moderate,0,0,
33889,2021-06-10 00:00:00,40.658916,-73.9119,0,0,Unspecified,4426281,26.7,16.8,0.0,0.0,0.0,0.0,3,20.9,40.3,78,Overcast,0,0,
33890,2021-06-11 12:00:00,40.65416,-73.906784,0,0,Backing Unsafely,4426275,20.7,15.3,1.2,1.2,0.0,3.0,53,13.2,27.0,97,Drizzle: Moderate,0,0,
33891,2021-06-09 12:45:00,40.81603,-73.935234,0,0,Unspecified,4425216,30.2,21.4,1.1,1.1,0.0,5.0,51,11.7,28.1,286,Drizzle: Light,0,0,
33892,2021-06-10 18:00:00,40.846046,-73.94025,0,0,Passing Too Closely,4426634,26.7,16.8,0.0,0.0,0.0,0.0,3,20.9,40.3,78,Overcast,0,0,
33893,2021-06-09 02:10:00,40.69939,-73.91938,1,0,Traffic Control Disregarded,4425158,30.2,21.4,1.1,1.1,0.0,5.0,51,11.7,28.1,286,Drizzle: Light,1,1,
33894,2021-06-09 11:00:00,40.601807,-74.00832,0,0,Unspecified,4425318,30.2,21.4,1.1,1.1,0.0,5.0,51,11.7,28.1,286,Drizzle: Light,0,0,
33895,2021-06-10 16:10:00,40.728268,-73.952896,0,0,Unspecified,4426730,26.7,16.8,0.0,0.0,0.0,0.0,3,20.9,40.3,78,Overcast,0,0,
33896,2021-06-06 23:00:00,40.90104,-73.89689,1,0,Unspecified,4426007,31.0,20.0,0.0,0.0,0.0,0.0,1,16.6,32.4,222,Mainly clear,1,1,Sunny/Clear Conditions
33897,2021-06-09 17:30:00,40.65563,-73.92596,0,0,Driver Inattention/Distraction,4425700,30.2,21.4,1.1,1.1,0.0,5.0,51,11.7,28.1,286,Drizzle: Light,0,0,
33898,2021-06-09 20:30:00,40.57761,-73.96145,0,0,Driver Inattention/Distraction,4425395,30.2,21.4,1.1,1.1,0.0,5.0,51,11.7,28.1,286,Drizzle: Light,0,0,
33899,2021-06-04 08:30:00,40.68829,-73.9391,0,0,Passing or Lane Usage Improper,4426500,25.3,17.4,6.5,6.5,0.0,10.0,61,17.9,37.8,235,Rain: Light,0,0,
33900,2021-06-05 14:50:00,40.827423,-73.836754,0,0,Unspecified,4425814,31.3,17.3,0.0,0.0,0.0,0.0,2,20.9,43.9,247,Partly cloudy,0,0,
33901,2021-06-10 15:40:00,40.692318,-73.8609,0,0,Pedestrian/Bicyclist/Other Pedestrian Error/Confusion,4425604,26.7,16.8,0.0,0.0,0.0,0.0,3,20.9,40.3,78,Overcast,0,0,
33902,2021-06-10 04:08:00,40.69676,-73.8993,0,0,Driver Inattention/Distraction,4425624,26.7,16.8,0.0,0.0,0.0,0.0,3,20.9,40.3,78,Overcast,0,0,
33903,2021-06-10 13:40:00,40.710495,-73.76436,2,0,Driver Inattention/Distraction,4425869,26.7,16.8,0.0,0.0,0.0,0.0,3,20.9,40.3,78,Overcast,2,2,
33904,2021-06-09 22:45:00,40.83088,-73.932274,0,0,Passing Too Closely,4425949,30.2,21.4,1.1,1.1,0.0,5.0,51,11.7,28.1,286,Drizzle: Light,0,0,
33905,2021-06-10 12:30:00,40.714622,-73.829704,0,0,Driver Inattention/Distraction,4425555,26.7,16.8,0.0,0.0,0.0,0.0,3,20.9,40.3,78,Overcast,0,0,
33906,2021-06-08 20:27:00,40.70806,-73.8073,1,0,Traffic Control Disregarded,4426109,30.1,22.0,5.9,5.9,0.0,9.0,61,16.6,34.6,215,Rain: Light,1,1,
33907,2021-06-09 10:55:00,40.829147,-73.8793,0,0,Unspecified,4426515,30.2,21.4,1.1,1.1,0.0,5.0,51,11.7,28.1,286,Drizzle: Light,0,0,
33908,2021-06-11 23:56:00,40.82092,-73.94333,0,0,Driver Inattention/Distraction,4426827,20.7,15.3,1.2,1.2,0.0,3.0,53,13.2,27.0,97,Drizzle: Moderate,0,0,
33909,2021-06-11 18:25:00,40.745438,-73.923,0,0,Driver Inattention/Distraction,4425914,20.7,15.3,1.2,1.2,0.0,3.0,53,13.2,27.0,97,Drizzle: Moderate,0,0,
33910,2021-06-11 18:15:00,40.670517,-73.73964,0,0,Passing Too Closely,4426231,20.7,15.3,1.2,1.2,0.0,3.0,53,13.2,27.0,97,Drizzle: Moderate,0,0,
33911,2021-06-10 17:08:00,40.637005,-73.91099,1,0,Driver Inattention/Distraction,4425674,26.7,16.8,0.0,0.0,0.0,0.0,3,20.9,40.3,78,Overcast,1,1,
33912,2021-06-08 10:00:00,40.873695,-73.824394,0,0,Unspecified,4425819,30.1,22.0,5.9,5.9,0.0,9.0,61,16.6,34.6,215,Rain: Light,0,0,
33913,2021-06-10 14:04:00,40.716778,-73.93635,0,0,Failure to Yield Right-of-Way,4426480,26.7,16.8,0.0,0.0,0.0,0.0,3,20.9,40.3,78,Overcast,0,0,
33914,2021-06-08 13:25:00,40.716988,-73.99825,0,0,Unspecified,4426360,30.1,22.0,5.9,5.9,0.0,9.0,61,16.6,34.6,215,Rain: Light,0,0,
33915,2021-06-09 19:10:00,40.72449,-73.820656,0,0,Unspecified,4426128,30.2,21.4,1.1,1.1,0.0,5.0,51,11.7,28.1,286,Drizzle: Light,0,0,
33916,2021-10-06 14:42:00,40.691704,-73.8198,0,0,Aggressive Driving/Road Rage,4464828,20.3,16.0,0.1,0.1,0.0,1.0,51,6.5,14.0,28,Drizzle: Light,0,0,
33917,2021-06-02 06:20:00,40.875298,-73.90617,0,0,Unspecified,4425988,22.4,13.0,0.0,0.0,0.0,0.0,3,16.7,34.9,176,Overcast,0,0,
33918,2021-06-06 03:15:00,40.880623,-73.84047,1,0,Driver Inattention/Distraction,4425975,31.0,20.0,0.0,0.0,0.0,0.0,1,16.6,32.4,222,Mainly clear,1,1,Sunny/Clear Conditions
33919,2021-10-08 11:30:00,40.620094,-73.96328,1,0,Failure to Yield Right-of-Way,4465624,23.7,14.5,0.0,0.0,0.0,0.0,3,13.0,22.3,94,Overcast,1,1,
33920,2021-06-04 17:30:00,40.89409,-73.83825,0,0,Unsafe Speed,4426771,25.3,17.4,6.5,6.5,0.0,10.0,61,17.9,37.8,235,Rain: Light,0,0,
33921,2021-06-11 17:50:00,40.76275,-73.99692,0,0,Backing Unsafely,4426165,20.7,15.3,1.2,1.2,0.0,3.0,53,13.2,27.0,97,Drizzle: Moderate,0,0,
33922,2021-06-10 11:16:00,40.76871,-73.969986,0,0,Traffic Control Disregarded,4425569,26.7,16.8,0.0,0.0,0.0,0.0,3,20.9,40.3,78,Overcast,0,0,
33923,2021-06-09 16:45:00,40.60521,-73.985855,0,0,Driver Inattention/Distraction,4426305,30.2,21.4,1.1,1.1,0.0,5.0,51,11.7,28.1,286,Drizzle: Light,0,0,
33924,2021-06-10 17:50:00,40.597477,-73.986465,0,0,Driver Inattention/Distraction,4425695,26.7,16.8,0.0,0.0,0.0,0.0,3,20.9,40.3,78,Overcast,0,0,
33925,2021-06-09 18:18:00,40.83089,-73.941376,0,0,Driver Inattention/Distraction,4425464,30.2,21.4,1.1,1.1,0.0,5.0,51,11.7,28.1,286,Drizzle: Light,0,0,
33926,2021-06-10 16:30:00,40.609978,-73.92664,2,0,Unspecified,4425719,26.7,16.8,0.0,0.0,0.0,0.0,3,20.9,40.3,78,Overcast,2,2,
33927,2021-06-09 19:20:00,40.677937,-74.012215,0,0,Unspecified,4426639,30.2,21.4,1.1,1.1,0.0,5.0,51,11.7,28.1,286,Drizzle: Light,0,0,
33928,2021-06-04 14:15:00,40.87722,-73.90905,1,0,View Obstructed/Limited,4426059,25.3,17.4,6.5,6.5,0.0,10.0,61,17.9,37.8,235,Rain: Light,1,1,
33929,2021-06-08 22:00:00,40.879204,-73.82601,0,0,Unspecified,4426211,30.1,22.0,5.9,5.9,0.0,9.0,61,16.6,34.6,215,Rain: Light,0,0,
33930,2021-06-11 16:25:00,40.769028,-73.78252,0,0,Driver Inattention/Distraction,4425883,20.7,15.3,1.2,1.2,0.0,3.0,53,13.2,27.0,97,Drizzle: Moderate,0,0,
33931,2021-06-10 23:30:00,40.658154,-73.73815,0,0,Driver Inexperience,4425742,26.7,16.8,0.0,0.0,0.0,0.0,3,20.9,40.3,78,Overcast,0,0,
33932,2021-06-11 08:48:00,40.701588,-73.79488,1,0,Driver Inattention/Distraction,4425868,20.7,15.3,1.2,1.2,0.0,3.0,53,13.2,27.0,97,Drizzle: Moderate,1,1,
33933,2021-06-09 17:15:00,40.663727,-73.95386,2,0,Failure to Yield Right-of-Way,4425264,30.2,21.4,1.1,1.1,0.0,5.0,51,11.7,28.1,286,Drizzle: Light,2,2,
33934,2021-06-10 00:30:00,40.63523,-74.08331,0,0,Unspecified,4426569,26.7,16.8,0.0,0.0,0.0,0.0,3,20.9,40.3,78,Overcast,0,0,
33935,2021-06-06 15:54:00,40.690346,-73.9603,3,0,Driver Inexperience,4426550,31.0,20.0,0.0,0.0,0.0,0.0,1,16.6,32.4,222,Mainly clear,3,3,Sunny/Clear Conditions
33936,2021-06-10 04:12:00,40.854874,-73.916794,2,0,Driver Inattention/Distraction,4425497,26.7,16.8,0.0,0.0,0.0,0.0,3,20.9,40.3,78,Overcast,2,2,
33937,2021-06-10 16:00:00,40.59355,-73.98465,1,0,Driver Inattention/Distraction,4426367,26.7,16.8,0.0,0.0,0.0,0.0,3,20.9,40.3,78,Overcast,1,1,
33938,2021-06-09 16:15:00,40.70406,-73.82445,2,0,Failure to Yield Right-of-Way,4425448,30.2,21.4,1.1,1.1,0.0,5.0,51,11.7,28.1,286,Drizzle: Light,2,2,
33939,2021-06-09 12:37:00,40.733437,-73.86418,0,0,Following Too Closely,4425250,30.2,21.4,1.1,1.1,0.0,5.0,51,11.7,28.1,286,Drizzle: Light,0,0,
33940,2021-06-09 07:00:00,40.65576,-74.008354,0,0,Unspecified,4425284,30.2,21.4,1.1,1.1,0.0,5.0,51,11.7,28.1,286,Drizzle: Light,0,0,
33941,2021-10-07 17:50:00,40.727226,-73.71051,0,0,Failure to Yield Right-of-Way,4465031,22.4,15.7,0.4,0.4,0.0,4.0,51,10.5,20.5,231,Drizzle: Light,0,0,
33942,2021-06-11 17:15:00,40.58396,-73.9253,1,0,Following Too Closely,4425841,20.7,15.3,1.2,1.2,0.0,3.0,53,13.2,27.0,97,Drizzle: Moderate,1,1,
33943,2021-06-10 17:44:00,40.71045,-73.95687,0,0,Passing or Lane Usage Improper,4426399,26.7,16.8,0.0,0.0,0.0,0.0,3,20.9,40.3,78,Overcast,0,0,
33944,2021-06-10 09:04:00,40.843678,-73.89426,0,0,Driver Inattention/Distraction,4425528,26.7,16.8,0.0,0.0,0.0,0.0,3,20.9,40.3,78,Overcast,0,0,
33945,2021-06-09 00:00:00,40.83082,-73.87001,1,0,Unspecified,4425518,30.2,21.4,1.1,1.1,0.0,5.0,51,11.7,28.1,286,Drizzle: Light,1,1,
33946,2021-06-09 11:00:00,40.6099,-73.96307,0,0,Passing Too Closely,4425203,30.2,21.4,1.1,1.1,0.0,5.0,51,11.7,28.1,286,Drizzle: Light,0,0,
33947,2021-06-10 14:45:00,40.75383,-73.81841,1,0,Traffic Control Disregarded,4425858,26.7,16.8,0.0,0.0,0.0,0.0,3,20.9,40.3,78,Overcast,1,1,
33948,2021-06-08 07:47:00,40.68576,-73.915504,0,0,Unspecified,4426286,30.1,22.0,5.9,5.9,0.0,9.0,61,16.6,34.6,215,Rain: Light,0,0,
33949,2021-06-11 05:24:00,40.771725,-73.92633,0,0,Alcohol Involvement,4426420,20.7,15.3,1.2,1.2,0.0,3.0,53,13.2,27.0,97,Drizzle: Moderate,0,0,
33950,2021-06-10 04:00:00,40.665733,-73.755585,1,0,Unspecified,4425675,26.7,16.8,0.0,0.0,0.0,0.0,3,20.9,40.3,78,Overcast,1,1,
33951,2021-06-11 13:00:00,40.703053,-73.942505,1,0,Passenger Distraction,4426417,20.7,15.3,1.2,1.2,0.0,3.0,53,13.2,27.0,97,Drizzle: Moderate,1,1,
33952,2021-06-07 07:15:00,40.833916,-73.92702,0,0,Backing Unsafely,4426042,31.0,20.7,0.1,0.1,0.0,1.0,51,16.5,34.9,204,Drizzle: Light,0,0,
33953,2021-06-08 21:30:00,40.626053,-74.177956,0,0,Driver Inattention/Distraction,4426003,30.1,22.0,5.9,5.9,0.0,9.0,61,16.6,34.6,215,Rain: Light,0,0,
33954,2021-06-11 02:10:00,40.75815,-73.85676,0,0,Fell Asleep,4425727,20.7,15.3,1.2,1.2,0.0,3.0,53,13.2,27.0,97,Drizzle: Moderate,0,0,
33955,2021-06-09 09:10:00,40.819096,-73.94093,0,0,Passing or Lane Usage Improper,4425563,30.2,21.4,1.1,1.1,0.0,5.0,51,11.7,28.1,286,Drizzle: Light,0,0,
33956,2021-06-11 00:40:00,40.80905,-73.90862,0,0,Driver Inattention/Distraction,4425753,20.7,15.3,1.2,1.2,0.0,3.0,53,13.2,27.0,97,Drizzle: Moderate,0,0,
33957,2021-06-09 18:16:00,40.821667,-73.915184,1,0,Failure to Yield Right-of-Way,4425366,30.2,21.4,1.1,1.1,0.0,5.0,51,11.7,28.1,286,Drizzle: Light,1,1,
33958,2021-06-10 05:00:00,40.615826,-73.9577,0,0,Driver Inexperience,4425609,26.7,16.8,0.0,0.0,0.0,0.0,3,20.9,40.3,78,Overcast,0,0,
33959,2021-06-10 15:30:00,40.788418,-73.97077,1,0,Unspecified,4425616,26.7,16.8,0.0,0.0,0.0,0.0,3,20.9,40.3,78,Overcast,1,1,
33960,2021-06-09 00:30:00,40.831875,-73.86636,0,0,Failure to Yield Right-of-Way,4425110,30.2,21.4,1.1,1.1,0.0,5.0,51,11.7,28.1,286,Drizzle: Light,0,0,
33961,2021-06-09 18:30:00,40.63474,-73.9542,0,0,Unspecified,4425408,30.2,21.4,1.1,1.1,0.0,5.0,51,11.7,28.1,286,Drizzle: Light,0,0,
33962,2021-06-07 13:06:00,40.830112,-73.850266,1,0,Unspecified,4426504,31.0,20.7,0.1,0.1,0.0,1.0,51,16.5,34.9,204,Drizzle: Light,1,1,
33963,2021-06-11 13:20:00,40.74249,-73.9847,1,0,Driver Inattention/Distraction,4426312,20.7,15.3,1.2,1.2,0.0,3.0,53,13.2,27.0,97,Drizzle: Moderate,1,1,
33964,2021-06-10 08:28:00,40.8297,-73.91932,0,0,Backing Unsafely,4425774,26.7,16.8,0.0,0.0,0.0,0.0,3,20.9,40.3,78,Overcast,0,0,
33965,2021-06-10 14:45:00,40.66803,-73.87285,1,0,Pedestrian/Bicyclist/Other Pedestrian Error/Confusion,4425945,26.7,16.8,0.0,0.0,0.0,0.0,3,20.9,40.3,78,Overcast,1,1,
33966,2021-06-10 12:50:00,40.541553,-74.20989,1,0,Unspecified,4425668,26.7,16.8,0.0,0.0,0.0,0.0,3,20.9,40.3,78,Overcast,1,1,
33967,2021-05-16 15:30:00,40.685215,-73.95928,1,0,Aggressive Driving/Road Rage,4425794,22.3,10.7,0.1,0.1,0.0,1.0,51,23.8,46.1,261,Drizzle: Light,1,1,
33968,2021-06-09 12:55:00,40.759445,-73.78964,0,0,Passing Too Closely,4425326,30.2,21.4,1.1,1.1,0.0,5.0,51,11.7,28.1,286,Drizzle: Light,0,0,
33969,2021-06-10 17:41:00,40.644405,-73.964096,1,0,Unspecified,4426324,26.7,16.8,0.0,0.0,0.0,0.0,3,20.9,40.3,78,Overcast,1,1,
33970,2021-06-10 11:04:00,40.703587,-74.01312,0,0,Passing Too Closely,4425536,26.7,16.8,0.0,0.0,0.0,0.0,3,20.9,40.3,78,Overcast,0,0,
33971,2021-06-11 19:00:00,40.69051,-73.97872,1,0,Turning Improperly,4425873,20.7,15.3,1.2,1.2,0.0,3.0,53,13.2,27.0,97,Drizzle: Moderate,1,1,
33972,2021-06-05 18:50:00,40.687557,-73.93896,1,0,Following Too Closely,4426478,31.3,17.3,0.0,0.0,0.0,0.0,2,20.9,43.9,247,Partly cloudy,1,1,
33973,2021-06-11 19:00:00,40.713078,-73.98507,0,0,Unspecified,4425910,20.7,15.3,1.2,1.2,0.0,3.0,53,13.2,27.0,97,Drizzle: Moderate,0,0,
33974,2021-06-11 18:20:00,40.584858,-73.81902,0,0,Driver Inattention/Distraction,4426246,20.7,15.3,1.2,1.2,0.0,3.0,53,13.2,27.0,97,Drizzle: Moderate,0,0,
33975,2021-10-04 09:15:00,40.67043,-73.928185,1,0,Passing or Lane Usage Improper,4465763,20.6,16.4,21.8,21.8,0.0,17.0,63,20.8,42.8,61,Rain: Moderate,1,1,
33976,2021-06-10 15:08:00,40.878853,-73.87349,0,0,Unspecified,4426106,26.7,16.8,0.0,0.0,0.0,0.0,3,20.9,40.3,78,Overcast,0,0,
33977,2021-06-11 16:30:00,40.88414,-73.84233,0,0,Passing or Lane Usage Improper,4426735,20.7,15.3,1.2,1.2,0.0,3.0,53,13.2,27.0,97,Drizzle: Moderate,0,0,
33978,2021-06-11 10:00:00,40.83315,-73.852936,0,0,Passing or Lane Usage Improper,4425836,20.7,15.3,1.2,1.2,0.0,3.0,53,13.2,27.0,97,Drizzle: Moderate,0,0,
33979,2021-06-08 17:45:00,40.63426,-74.12064,0,0,Other Vehicular,4426562,30.1,22.0,5.9,5.9,0.0,9.0,61,16.6,34.6,215,Rain: Light,0,0,
33980,2021-06-10 21:15:00,40.715996,-74.0071,1,0,Driver Inattention/Distraction,4426074,26.7,16.8,0.0,0.0,0.0,0.0,3,20.9,40.3,78,Overcast,1,1,
33981,2021-06-09 10:35:00,40.894207,-73.848946,3,0,Unsafe Speed,4425971,30.2,21.4,1.1,1.1,0.0,5.0,51,11.7,28.1,286,Drizzle: Light,3,3,
33982,2021-06-10 19:30:00,40.633465,-73.9805,0,0,Unspecified,4426807,26.7,16.8,0.0,0.0,0.0,0.0,3,20.9,40.3,78,Overcast,0,0,
33983,2021-06-11 23:02:00,40.703686,-73.90918,1,0,Traffic Control Disregarded,4426142,20.7,15.3,1.2,1.2,0.0,3.0,53,13.2,27.0,97,Drizzle: Moderate,1,1,
33984,2021-06-11 16:35:00,40.734398,-73.9223,0,0,Driver Inattention/Distraction,4426170,20.7,15.3,1.2,1.2,0.0,3.0,53,13.2,27.0,97,Drizzle: Moderate,0,0,
33985,2021-06-06 06:55:00,40.77661,-73.9101,0,0,Driver Inattention/Distraction,4426556,31.0,20.0,0.0,0.0,0.0,0.0,1,16.6,32.4,222,Mainly clear,0,0,Sunny/Clear Conditions
33986,2021-06-09 07:10:00,40.883377,-73.87957,0,0,Unspecified,4426294,30.2,21.4,1.1,1.1,0.0,5.0,51,11.7,28.1,286,Drizzle: Light,0,0,
33987,2021-06-11 11:35:00,40.77016,-73.877464,1,0,Driver Inattention/Distraction,4426457,20.7,15.3,1.2,1.2,0.0,3.0,53,13.2,27.0,97,Drizzle: Moderate,1,1,
33988,2021-06-10 03:19:00,40.71086,-73.95801,1,0,Driver Inattention/Distraction,4425347,26.7,16.8,0.0,0.0,0.0,0.0,3,20.9,40.3,78,Overcast,1,1,
33989,2021-06-09 23:00:00,40.685112,-73.94717,0,0,Driver Inattention/Distraction,4426514,30.2,21.4,1.1,1.1,0.0,5.0,51,11.7,28.1,286,Drizzle: Light,0,0,
33990,2021-06-09 23:58:00,40.789635,-73.94609,1,0,Failure to Yield Right-of-Way,4425851,30.2,21.4,1.1,1.1,0.0,5.0,51,11.7,28.1,286,Drizzle: Light,1,1,
33991,2021-06-11 09:26:00,40.61532,-74.1603,0,0,Driver Inattention/Distraction,4426864,20.7,15.3,1.2,1.2,0.0,3.0,53,13.2,27.0,97,Drizzle: Moderate,0,0,
33992,2021-06-11 08:00:00,40.82677,-73.856155,0,0,Unspecified,4425831,20.7,15.3,1.2,1.2,0.0,3.0,53,13.2,27.0,97,Drizzle: Moderate,0,0,
33993,2021-06-04 15:00:00,40.876743,-73.90128,0,0,Unspecified,4426063,25.3,17.4,6.5,6.5,0.0,10.0,61,17.9,37.8,235,Rain: Light,0,0,
33994,2021-06-09 17:15:00,40.579826,-73.97622,1,0,Reaction to Uninvolved Vehicle,4426378,30.2,21.4,1.1,1.1,0.0,5.0,51,11.7,28.1,286,Drizzle: Light,1,1,
33995,2021-06-11 11:00:00,40.713818,-73.79176,0,0,Driver Inattention/Distraction,4426182,20.7,15.3,1.2,1.2,0.0,3.0,53,13.2,27.0,97,Drizzle: Moderate,0,0,
33996,2021-06-11 09:30:00,40.582584,-73.83022,3,0,Failure to Yield Right-of-Way,4426196,20.7,15.3,1.2,1.2,0.0,3.0,53,13.2,27.0,97,Drizzle: Moderate,3,3,
33997,2021-06-09 22:50:00,40.789494,-73.94773,0,0,Backing Unsafely,4426604,30.2,21.4,1.1,1.1,0.0,5.0,51,11.7,28.1,286,Drizzle: Light,0,0,
33998,2021-06-11 20:44:00,40.6223,-73.92142,0,0,Other Vehicular,4425900,20.7,15.3,1.2,1.2,0.0,3.0,53,13.2,27.0,97,Drizzle: Moderate,0,0,
33999,2021-06-10 19:00:00,40.697853,-73.93325,1,0,Failure to Yield Right-of-Way,4425762,26.7,16.8,0.0,0.0,0.0,0.0,3,20.9,40.3,78,Overcast,1,1,
34000,2021-05-30 18:55:00,40.87673,-73.90126,0,0,Other Vehicular,4426014,11.5,8.5,13.7,13.7,0.0,24.0,61,28.1,52.2,22,Rain: Light,0,0,
34001,2021-06-11 07:40:00,40.664883,-73.768074,0,0,Unspecified,4425863,20.7,15.3,1.2,1.2,0.0,3.0,53,13.2,27.0,97,Drizzle: Moderate,0,0,
34002,2021-06-10 17:30:00,40.850906,-73.93829,0,0,Unspecified,4426408,26.7,16.8,0.0,0.0,0.0,0.0,3,20.9,40.3,78,Overcast,0,0,
34003,2021-06-10 13:00:00,40.637157,-73.99111,0,0,Driver Inattention/Distraction,4426035,26.7,16.8,0.0,0.0,0.0,0.0,3,20.9,40.3,78,Overcast,0,0,
34004,2021-06-10 07:15:00,40.757065,-73.83863,0,0,Unspecified,4426699,26.7,16.8,0.0,0.0,0.0,0.0,3,20.9,40.3,78,Overcast,0,0,
34005,2021-06-10 19:20:00,40.69298,-73.860985,0,0,Unspecified,4425967,26.7,16.8,0.0,0.0,0.0,0.0,3,20.9,40.3,78,Overcast,0,0,
34006,2021-06-11 10:04:00,40.67875,-73.8205,1,0,Aggressive Driving/Road Rage,4426083,20.7,15.3,1.2,1.2,0.0,3.0,53,13.2,27.0,97,Drizzle: Moderate,1,1,
34007,2021-06-09 17:00:00,40.71474,-73.88698,0,0,Following Too Closely,4425895,30.2,21.4,1.1,1.1,0.0,5.0,51,11.7,28.1,286,Drizzle: Light,0,0,
34008,2021-06-11 18:02:00,40.691635,-73.936005,1,0,Driver Inattention/Distraction,4426492,20.7,15.3,1.2,1.2,0.0,3.0,53,13.2,27.0,97,Drizzle: Moderate,1,1,
34009,2021-05-10 17:40:00,40.733303,-73.99333,1,0,,4426622,14.9,8.3,3.3,3.3,0.0,7.0,55,18.8,58.3,339,Drizzle: Dense,1,1,
34010,2021-06-09 13:55:00,40.74045,-73.844376,1,0,Following Too Closely,4426177,30.2,21.4,1.1,1.1,0.0,5.0,51,11.7,28.1,286,Drizzle: Light,1,1,
34011,2021-06-11 07:30:00,40.838963,-73.90484,0,0,Passing Too Closely,4426350,20.7,15.3,1.2,1.2,0.0,3.0,53,13.2,27.0,97,Drizzle: Moderate,0,0,
34012,2021-06-10 00:05:00,40.73072,-73.98906,0,0,Driver Inattention/Distraction,4425419,26.7,16.8,0.0,0.0,0.0,0.0,3,20.9,40.3,78,Overcast,0,0,
34013,2023-01-15 19:30:00,40.669735,-73.93104,1,0,Driver Inattention/Distraction,4597939,4.7,-2.1,0.0,0.0,0.0,0.0,3,29.5,53.6,354,Overcast,1,1,
34014,2021-06-09 09:40:00,40.845352,-73.92821,2,0,Passing or Lane Usage Improper,4425192,30.2,21.4,1.1,1.1,0.0,5.0,51,11.7,28.1,286,Drizzle: Light,2,2,
34015,2021-06-09 14:45:00,40.859184,-73.88663,0,0,Following Too Closely,4425547,30.2,21.4,1.1,1.1,0.0,5.0,51,11.7,28.1,286,Drizzle: Light,0,0,
34016,2021-05-29 07:05:00,40.75352,-73.93448,0,0,Unspecified,4426395,11.0,8.5,25.1,25.1,0.0,22.0,63,29.9,56.9,39,Rain: Moderate,0,0,
34017,2021-06-11 23:00:00,40.658997,-73.92186,0,0,Driver Inattention/Distraction,4426586,20.7,15.3,1.2,1.2,0.0,3.0,53,13.2,27.0,97,Drizzle: Moderate,0,0,
34018,2021-06-09 19:47:00,40.74251,-73.90734,0,0,Driver Inattention/Distraction,4425300,30.2,21.4,1.1,1.1,0.0,5.0,51,11.7,28.1,286,Drizzle: Light,0,0,
34019,2021-06-09 15:20:00,40.812378,-73.95241,0,0,Unspecified,4426672,30.2,21.4,1.1,1.1,0.0,5.0,51,11.7,28.1,286,Drizzle: Light,0,0,
34020,2021-10-06 21:22:00,40.6222,-73.966385,0,0,Unspecified,4464937,20.3,16.0,0.1,0.1,0.0,1.0,51,6.5,14.0,28,Drizzle: Light,0,0,
34021,2021-06-10 17:18:00,40.721676,-73.835976,0,0,Passing or Lane Usage Improper,4425679,26.7,16.8,0.0,0.0,0.0,0.0,3,20.9,40.3,78,Overcast,0,0,