,CRASH DATETIME,LATITUDE,LONGITUDE,NUMBER OF PERSONS INJURED,NUMBER OF PERSONS KILLED,CONTRIBUTING FACTOR VEHICLE 1,COLLISION_ID,temperature_2m_max,temperature_2m_min,precipitation_sum,rain_sum,snowfall_sum,precipitation_hours,weather_code,wind_speed_10m_max,wind_gusts_10m_max,wind_direction_10m_dominant,Weather Description,Severity_Score,Total_Affected_Persons,Weather_Category
34022,2021-06-11 15:30:00,40.712856,-73.9049,0,0,Failure to Yield Right-of-Way,4426136,20.7,15.3,1.2,1.2,0.0,3.0,53,13.2,27.0,97,Drizzle: Moderate,0,0,
34023,2021-06-11 19:40:00,40.71512,-73.77358,0,0,Passing or Lane Usage Improper,4425878,20.7,15.3,1.2,1.2,0.0,3.0,53,13.2,27.0,97,Drizzle: Moderate,0,0,
34024,2021-06-11 13:00:00,40.753056,-73.921455,0,0,Unspecified,4426426,20.7,15.3,1.2,1.2,0.0,3.0,53,13.2,27.0,97,Drizzle: Moderate,0,0,
34025,2021-06-10 14:53:00,40.665245,-73.87513,0,0,Unspecified,4425940,26.7,16.8,0.0,0.0,0.0,0.0,3,20.9,40.3,78,Overcast,0,0,
34026,2021-06-07 11:13:00,40.7007,-73.98869,0,0,Passing Too Closely,4425805,31.0,20.7,0.1,0.1,0.0,1.0,51,16.5,34.9,204,Drizzle: Light,0,0,
34027,2021-06-02 00:00:00,40.885918,-73.91144,0,0,Unspecified,4426046,22.4,13.0,0.0,0.0,0.0,0.0,3,16.7,34.9,176,Overcast,0,0,
34028,2021-06-09 18:05:00,40.593014,-73.96472,1,0,Unspecified,4425342,30.2,21.4,1.1,1.1,0.0,5.0,51,11.7,28.1,286,Drizzle: Light,1,1,
34029,2021-06-09 03:00:00,40.806286,-73.9162,0,0,Driver Inattention/Distraction,4425373,30.2,21.4,1.1,1.1,0.0,5.0,51,11.7,28.1,286,Drizzle: Light,0,0,
34030,2021-06-10 12:40:00,40.60589,-73.98972,0,0,Lost Consciousness,4425636,26.7,16.8,0.0,0.0,0.0,0.0,3,20.9,40.3,78,Overcast,0,0,
34031,2021-06-09 21:42:00,40.716908,-73.87225,3,0,Driver Inattention/Distraction,4425593,30.2,21.4,1.1,1.1,0.0,5.0,51,11.7,28.1,286,Drizzle: Light,3,3,
34032,2021-06-10 13:36:00,40.60676,-73.96373,1,0,Failure to Yield Right-of-Way,4425749,26.7,16.8,0.0,0.0,0.0,0.0,3,20.9,40.3,78,Overcast,1,1,
34033,2021-06-11 18:20:00,40.66712,-73.73785,0,0,Passing Too Closely,4426319,20.7,15.3,1.2,1.2,0.0,3.0,53,13.2,27.0,97,Drizzle: Moderate,0,0,
34034,2021-06-09 22:45:00,40.838203,-73.9302,0,0,Following Too Closely,4425769,30.2,21.4,1.1,1.1,0.0,5.0,51,11.7,28.1,286,Drizzle: Light,0,0,
34035,2021-06-09 23:04:00,40.702972,-73.888054,1,0,Unspecified,4425905,30.2,21.4,1.1,1.1,0.0,5.0,51,11.7,28.1,286,Drizzle: Light,1,1,
34036,2021-06-02 07:00:00,40.68333,-73.95612,0,0,Passing Too Closely,4426534,22.4,13.0,0.0,0.0,0.0,0.0,3,16.7,34.9,176,Overcast,0,0,
34037,2021-06-09 16:00:00,40.71472,-73.92961,0,0,Passing Too Closely,4425334,30.2,21.4,1.1,1.1,0.0,5.0,51,11.7,28.1,286,Drizzle: Light,0,0,
34038,2021-06-09 13:00:00,40.67696,-73.94427,0,0,Unspecified,4426526,30.2,21.4,1.1,1.1,0.0,5.0,51,11.7,28.1,286,Drizzle: Light,0,0,
34039,2021-05-28 13:30:00,40.659405,-73.9505,0,0,Driver Inattention/Distraction,4426683,19.4,10.6,25.0,25.0,0.0,8.0,63,25.6,47.9,62,Rain: Moderate,0,0,
34040,2021-05-27 11:00:00,40.672848,-73.9675,0,0,Passing or Lane Usage Improper,4426509,27.4,18.3,2.4,2.4,0.0,3.0,61,23.5,42.1,313,Rain: Light,0,0,
34041,2021-06-09 12:30:00,40.66549,-73.92137,0,0,Unspecified,4425735,30.2,21.4,1.1,1.1,0.0,5.0,51,11.7,28.1,286,Drizzle: Light,0,0,
34042,2021-06-10 19:10:00,40.694305,-73.91852,1,0,Failure to Yield Right-of-Way,4426098,26.7,16.8,0.0,0.0,0.0,0.0,3,20.9,40.3,78,Overcast,1,1,
34043,2021-06-10 19:35:00,40.590305,-73.95265,0,0,Unspecified,4425982,26.7,16.8,0.0,0.0,0.0,0.0,3,20.9,40.3,78,Overcast,0,0,
34044,2021-06-09 14:31:00,40.746414,-73.98184,1,0,Passing or Lane Usage Improper,4425572,30.2,21.4,1.1,1.1,0.0,5.0,51,11.7,28.1,286,Drizzle: Light,1,1,
34045,2021-06-11 14:00:00,40.59487,-73.95056,0,0,Driver Inattention/Distraction,4426739,20.7,15.3,1.2,1.2,0.0,3.0,53,13.2,27.0,97,Drizzle: Moderate,0,0,
34046,2021-06-10 15:55:00,40.65864,-73.91374,2,0,Outside Car Distraction,4426269,26.7,16.8,0.0,0.0,0.0,0.0,3,20.9,40.3,78,Overcast,2,2,
34047,2021-06-08 18:11:00,40.873787,-73.905266,0,0,Unspecified,4425999,30.1,22.0,5.9,5.9,0.0,9.0,61,16.6,34.6,215,Rain: Light,0,0,
34048,2021-06-10 12:00:00,40.853344,-73.881676,0,0,Other Vehicular,4426078,26.7,16.8,0.0,0.0,0.0,0.0,3,20.9,40.3,78,Overcast,0,0,
34049,2021-06-11 14:30:00,40.66607,-73.93052,0,0,Other Vehicular,4426221,20.7,15.3,1.2,1.2,0.0,3.0,53,13.2,27.0,97,Drizzle: Moderate,0,0,
34050,2021-06-11 14:00:00,40.831913,-73.93094,0,0,Backing Unsafely,4426120,20.7,15.3,1.2,1.2,0.0,3.0,53,13.2,27.0,97,Drizzle: Moderate,0,0,
34051,2021-06-10 20:09:00,40.819695,-73.89275,1,0,Unspecified,4425929,26.7,16.8,0.0,0.0,0.0,0.0,3,20.9,40.3,78,Overcast,1,1,
34052,2021-06-09 23:10:00,40.848118,-73.93089,0,0,Other Vehicular,4425583,30.2,21.4,1.1,1.1,0.0,5.0,51,11.7,28.1,286,Drizzle: Light,0,0,
34053,2021-06-08 13:13:00,40.8746,-73.9097,0,0,Unspecified,4426031,30.1,22.0,5.9,5.9,0.0,9.0,61,16.6,34.6,215,Rain: Light,0,0,
34054,2021-06-10 20:30:00,40.60669,-73.75719,1,0,Unspecified,4425935,26.7,16.8,0.0,0.0,0.0,0.0,3,20.9,40.3,78,Overcast,1,1,
34055,2021-06-05 18:45:00,40.721973,-73.88011,1,0,Traffic Control Disregarded,4425890,31.3,17.3,0.0,0.0,0.0,0.0,2,20.9,43.9,247,Partly cloudy,1,1,
34056,2021-06-10 14:40:00,40.639717,-73.99083,0,0,Failure to Yield Right-of-Way,4426815,26.7,16.8,0.0,0.0,0.0,0.0,3,20.9,40.3,78,Overcast,0,0,
34057,2021-06-09 19:00:00,40.74049,-73.92967,0,0,Driver Inattention/Distraction,4425800,30.2,21.4,1.1,1.1,0.0,5.0,51,11.7,28.1,286,Drizzle: Light,0,0,
34058,2021-06-11 19:51:00,40.69955,-73.747734,1,0,Turning Improperly,4426155,20.7,15.3,1.2,1.2,0.0,3.0,53,13.2,27.0,97,Drizzle: Moderate,1,1,
34059,2021-06-10 00:00:00,40.76501,-73.8871,0,0,Backing Unsafely,4425598,26.7,16.8,0.0,0.0,0.0,0.0,3,20.9,40.3,78,Overcast,0,0,
34060,2021-06-10 08:16:00,40.630047,-73.96158,0,0,Backing Unsafely,4426450,26.7,16.8,0.0,0.0,0.0,0.0,3,20.9,40.3,78,Overcast,0,0,
34061,2021-06-09 09:10:00,40.806538,-73.889244,0,0,Passing Too Closely,4425358,30.2,21.4,1.1,1.1,0.0,5.0,51,11.7,28.1,286,Drizzle: Light,0,0,
34062,2021-06-09 17:36:00,40.737682,-73.85206,1,0,Unspecified,4426694,30.2,21.4,1.1,1.1,0.0,5.0,51,11.7,28.1,286,Drizzle: Light,1,1,
34063,2021-06-10 16:00:00,40.64206,-74.075325,0,0,Unspecified,4426574,26.7,16.8,0.0,0.0,0.0,0.0,3,20.9,40.3,78,Overcast,0,0,
34064,2021-10-07 16:10:00,40.699238,-73.95487,0,0,Oversized Vehicle,4465132,22.4,15.7,0.4,0.4,0.0,4.0,51,10.5,20.5,231,Drizzle: Light,0,0,
34065,2021-10-08 23:40:00,40.614582,-74.02962,0,0,Passing Too Closely,4465460,23.7,14.5,0.0,0.0,0.0,0.0,3,13.0,22.3,94,Overcast,0,0,
34066,2021-09-24 19:15:00,40.636623,-74.08179,0,0,Following Too Closely,4465682,22.4,15.6,26.0,26.0,0.0,9.0,63,14.2,29.9,274,Rain: Moderate,0,0,
34067,2021-10-05 14:05:00,40.65543,-74.003265,0,0,Unsafe Lane Changing,4465281,19.9,15.0,0.0,0.0,0.0,0.0,3,14.5,28.1,46,Overcast,0,0,
34068,2021-10-06 16:30:00,40.64411,-73.97635,0,0,Unspecified,4465148,20.3,16.0,0.1,0.1,0.0,1.0,51,6.5,14.0,28,Drizzle: Light,0,0,
34069,2021-10-05 06:40:00,40.664516,-73.99709,0,0,Unspecified,4465266,19.9,15.0,0.0,0.0,0.0,0.0,3,14.5,28.1,46,Overcast,0,0,
34070,2021-10-08 20:08:00,40.67918,-73.92736,0,0,Driver Inattention/Distraction,4465812,23.7,14.5,0.0,0.0,0.0,0.0,3,13.0,22.3,94,Overcast,0,0,
34071,2021-10-08 03:00:00,40.742382,-73.91195,0,0,Driver Inattention/Distraction,4465244,23.7,14.5,0.0,0.0,0.0,0.0,3,13.0,22.3,94,Overcast,0,0,
34072,2021-10-06 12:52:00,40.63393,-73.948784,0,0,Traffic Control Disregarded,4464742,20.3,16.0,0.1,0.1,0.0,1.0,51,6.5,14.0,28,Drizzle: Light,0,0,
34073,2021-10-06 17:39:00,40.79668,-73.93492,1,0,Pedestrian/Bicyclist/Other Pedestrian Error/Confusion,4464965,20.3,16.0,0.1,0.1,0.0,1.0,51,6.5,14.0,28,Drizzle: Light,1,1,
34074,2021-10-08 15:45:00,40.874985,-73.85144,0,0,Driver Inattention/Distraction,4465814,23.7,14.5,0.0,0.0,0.0,0.0,3,13.0,22.3,94,Overcast,0,0,
34075,2021-10-07 17:56:00,40.883194,-73.9143,0,0,Unspecified,4465091,22.4,15.7,0.4,0.4,0.0,4.0,51,10.5,20.5,231,Drizzle: Light,0,0,
34076,2021-10-07 08:35:00,40.678703,-73.781746,0,0,Traffic Control Disregarded,4464931,22.4,15.7,0.4,0.4,0.0,4.0,51,10.5,20.5,231,Drizzle: Light,0,0,
34077,2021-10-06 06:14:00,40.80715,-73.90821,2,0,Unsafe Speed,4464725,20.3,16.0,0.1,0.1,0.0,1.0,51,6.5,14.0,28,Drizzle: Light,2,2,
34078,2021-10-06 18:16:00,40.763126,-73.83125,0,0,Failure to Yield Right-of-Way,4464768,20.3,16.0,0.1,0.1,0.0,1.0,51,6.5,14.0,28,Drizzle: Light,0,0,
34079,2021-10-08 15:40:00,40.692314,-73.88268,0,0,Following Too Closely,4465790,23.7,14.5,0.0,0.0,0.0,0.0,3,13.0,22.3,94,Overcast,0,0,
34080,2021-10-07 14:52:00,40.82481,-73.93679,1,0,Driver Inattention/Distraction,4465239,22.4,15.7,0.4,0.4,0.0,4.0,51,10.5,20.5,231,Drizzle: Light,1,1,
34081,2021-10-05 00:00:00,40.69296,-73.93106,1,0,Driver Inattention/Distraction,4465849,19.9,15.0,0.0,0.0,0.0,0.0,3,14.5,28.1,46,Overcast,1,1,
34082,2021-10-07 13:45:00,40.74006,-73.789894,0,0,Driver Inattention/Distraction,4464994,22.4,15.7,0.4,0.4,0.0,4.0,51,10.5,20.5,231,Drizzle: Light,0,0,
34083,2021-10-07 09:05:00,40.728973,-73.74598,0,0,Unspecified,4464982,22.4,15.7,0.4,0.4,0.0,4.0,51,10.5,20.5,231,Drizzle: Light,0,0,
34084,2021-10-07 10:20:00,40.61891,-73.96116,0,0,Following Too Closely,4465256,22.4,15.7,0.4,0.4,0.0,4.0,51,10.5,20.5,231,Drizzle: Light,0,0,
34085,2021-10-07 15:10:00,40.679375,-73.96408,1,0,Driver Inattention/Distraction,4465752,22.4,15.7,0.4,0.4,0.0,4.0,51,10.5,20.5,231,Drizzle: Light,1,1,
34086,2021-10-06 15:15:00,40.68852,-73.984856,0,0,Passing Too Closely,4465104,20.3,16.0,0.1,0.1,0.0,1.0,51,6.5,14.0,28,Drizzle: Light,0,0,
34087,2021-10-08 11:27:00,40.660027,-73.96061,0,0,Driver Inattention/Distraction,4465892,23.7,14.5,0.0,0.0,0.0,0.0,3,13.0,22.3,94,Overcast,0,0,
34088,2021-09-13 17:13:00,40.837406,-73.86054,0,0,Failure to Yield Right-of-Way,4465207,28.8,21.8,1.1,1.1,0.0,2.0,53,20.1,36.7,277,Drizzle: Moderate,0,0,
34089,2021-10-08 19:07:00,40.681515,-73.90412,1,0,Failure to Yield Right-of-Way,4465442,23.7,14.5,0.0,0.0,0.0,0.0,3,13.0,22.3,94,Overcast,1,1,
34090,2021-10-08 09:20:00,40.62497,-73.978485,0,0,Driver Inattention/Distraction,4465654,23.7,14.5,0.0,0.0,0.0,0.0,3,13.0,22.3,94,Overcast,0,0,
34091,2021-12-31 08:00:00,40.838593,-73.90202,0,0,Unsafe Speed,4490975,11.1,7.1,2.7,2.7,0.0,5.0,55,14.9,29.2,193,Drizzle: Dense,0,0,
34092,2021-10-06 19:55:00,40.886765,-73.86104,0,0,Unspecified,4465023,20.3,16.0,0.1,0.1,0.0,1.0,51,6.5,14.0,28,Drizzle: Light,0,0,
34093,2021-10-07 02:15:00,40.745827,-73.88526,0,0,Driver Inattention/Distraction,4464870,22.4,15.7,0.4,0.4,0.0,4.0,51,10.5,20.5,231,Drizzle: Light,0,0,
34094,2021-10-07 07:04:00,40.89466,-73.86137,0,0,Following Too Closely,4465064,22.4,15.7,0.4,0.4,0.0,4.0,51,10.5,20.5,231,Drizzle: Light,0,0,
34095,2021-10-06 00:48:00,40.69019,-73.7771,0,0,Reaction to Uninvolved Vehicle,4464588,20.3,16.0,0.1,0.1,0.0,1.0,51,6.5,14.0,28,Drizzle: Light,0,0,
34096,2021-10-06 16:30:00,40.651352,-73.89275,0,0,Unsafe Speed,4465125,20.3,16.0,0.1,0.1,0.0,1.0,51,6.5,14.0,28,Drizzle: Light,0,0,
34097,2021-10-06 00:00:00,40.70087,-73.89853,0,0,Turning Improperly,4464903,20.3,16.0,0.1,0.1,0.0,1.0,51,6.5,14.0,28,Drizzle: Light,0,0,
34098,2021-10-03 00:35:00,40.859642,-73.899826,1,0,Turning Improperly,4466036,25.9,12.8,0.0,0.0,0.0,0.0,3,12.0,24.1,217,Overcast,1,1,
34099,2021-10-08 14:46:00,40.671406,-73.96133,0,0,Driver Inattention/Distraction,4465764,23.7,14.5,0.0,0.0,0.0,0.0,3,13.0,22.3,94,Overcast,0,0,
34100,2021-10-06 17:11:00,40.633755,-74.11767,0,0,Unspecified,4464918,20.3,16.0,0.1,0.1,0.0,1.0,51,6.5,14.0,28,Drizzle: Light,0,0,
34101,2021-10-07 13:45:00,40.667336,-73.99124,1,0,Driver Inattention/Distraction,4465175,22.4,15.7,0.4,0.4,0.0,4.0,51,10.5,20.5,231,Drizzle: Light,1,1,
34102,2021-10-04 15:58:00,40.84353,-73.85687,1,0,Failure to Yield Right-of-Way,4465340,20.6,16.4,21.8,21.8,0.0,17.0,63,20.8,42.8,61,Rain: Moderate,1,1,
34103,2021-10-07 20:18:00,40.870388,-73.90153,0,0,Unspecified,4465099,22.4,15.7,0.4,0.4,0.0,4.0,51,10.5,20.5,231,Drizzle: Light,0,0,
34104,2021-10-07 16:00:00,40.67573,-73.9746,1,0,Driver Inattention/Distraction,4465192,22.4,15.7,0.4,0.4,0.0,4.0,51,10.5,20.5,231,Drizzle: Light,1,1,
34105,2021-10-06 10:30:00,40.652332,-73.92722,0,0,Driver Inattention/Distraction,4464820,20.3,16.0,0.1,0.1,0.0,1.0,51,6.5,14.0,28,Drizzle: Light,0,0,
34106,2021-10-05 08:40:00,40.68107,-73.94972,0,0,Passing Too Closely,4465773,19.9,15.0,0.0,0.0,0.0,0.0,3,14.5,28.1,46,Overcast,0,0,
34107,2021-10-07 09:30:00,40.71384,-73.99273,1,0,Failure to Yield Right-of-Way,4465001,22.4,15.7,0.4,0.4,0.0,4.0,51,10.5,20.5,231,Drizzle: Light,1,1,
34108,2021-08-22 22:59:00,40.671585,-73.99843,1,0,Unspecified,4465271,23.9,22.5,56.2,56.2,0.0,21.0,63,19.8,36.0,299,Rain: Moderate,1,1,
34109,2021-10-07 08:19:00,40.696804,-73.79411,3,0,Failure to Yield Right-of-Way,4465974,22.4,15.7,0.4,0.4,0.0,4.0,51,10.5,20.5,231,Drizzle: Light,3,3,
34110,2021-10-04 14:20:00,40.735245,-73.82388,0,0,Pavement Slippery,4465707,20.6,16.4,21.8,21.8,0.0,17.0,63,20.8,42.8,61,Rain: Moderate,0,0,
34111,2021-10-08 14:15:00,40.70403,-73.81711,0,0,Passing Too Closely,4465524,23.7,14.5,0.0,0.0,0.0,0.0,3,13.0,22.3,94,Overcast,0,0,
34112,2021-10-06 22:21:00,40.815304,-73.94371,2,0,Unspecified,4465234,20.3,16.0,0.1,0.1,0.0,1.0,51,6.5,14.0,28,Drizzle: Light,2,2,
34113,2021-09-25 13:55:00,40.69302,-73.93706,1,0,Driver Inattention/Distraction,4465804,22.8,14.0,0.0,0.0,0.0,0.0,3,7.9,15.8,322,Overcast,1,1,
34114,2021-10-06 23:15:00,40.865364,-73.87001,0,0,Passing or Lane Usage Improper,4465479,20.3,16.0,0.1,0.1,0.0,1.0,51,6.5,14.0,28,Drizzle: Light,0,0,
34115,2021-10-07 08:15:00,40.679718,-73.773476,0,0,Driver Inattention/Distraction,4465366,22.4,15.7,0.4,0.4,0.0,4.0,51,10.5,20.5,231,Drizzle: Light,0,0,
34116,2021-10-07 18:00:00,40.701557,-73.9877,0,0,Unspecified,4465587,22.4,15.7,0.4,0.4,0.0,4.0,51,10.5,20.5,231,Drizzle: Light,0,0,
34117,2021-10-08 12:05:00,40.63203,-73.97447,0,0,Unspecified,4465629,23.7,14.5,0.0,0.0,0.0,0.0,3,13.0,22.3,94,Overcast,0,0,
34118,2021-10-08 14:40:00,40.628662,-73.976036,1,0,Passing or Lane Usage Improper,4465759,23.7,14.5,0.0,0.0,0.0,0.0,3,13.0,22.3,94,Overcast,1,1,
34119,2021-10-06 19:06:00,40.83609,-73.87039,1,0,Unspecified,4465114,20.3,16.0,0.1,0.1,0.0,1.0,51,6.5,14.0,28,Drizzle: Light,1,1,
34120,2021-10-08 18:40:00,40.705666,-73.93341,0,0,Passing or Lane Usage Improper,4465949,23.7,14.5,0.0,0.0,0.0,0.0,3,13.0,22.3,94,Overcast,0,0,
34121,2021-10-08 19:00:00,40.734375,-73.87342,1,0,Driver Inattention/Distraction,4466071,23.7,14.5,0.0,0.0,0.0,0.0,3,13.0,22.3,94,Overcast,1,1,
34122,2021-12-29 11:48:00,40.66362,-73.930695,0,0,Driver Inattention/Distraction,4490606,7.6,4.1,8.1,8.1,0.0,8.0,61,12.2,24.1,52,Rain: Light,0,0,
34123,2021-10-08 07:15:00,40.60595,-74.07601,1,0,Following Too Closely,4465229,23.7,14.5,0.0,0.0,0.0,0.0,3,13.0,22.3,94,Overcast,1,1,
34124,2021-10-07 06:20:00,40.787884,-73.84103,1,0,View Obstructed/Limited,4465464,22.4,15.7,0.4,0.4,0.0,4.0,51,10.5,20.5,231,Drizzle: Light,1,1,
34125,2021-10-02 13:40:00,40.803726,-73.95376,0,0,Turning Improperly,4465822,23.7,10.8,0.0,0.0,0.0,0.0,3,17.0,34.2,254,Overcast,0,0,
34126,2021-10-07 12:30:00,40.64557,-73.97279,0,0,Unspecified,4465647,22.4,15.7,0.4,0.4,0.0,4.0,51,10.5,20.5,231,Drizzle: Light,0,0,
34127,2021-10-08 17:40:00,40.739086,-73.99139,0,0,Driver Inexperience,4465660,23.7,14.5,0.0,0.0,0.0,0.0,3,13.0,22.3,94,Overcast,0,0,
34128,2021-10-07 16:50:00,40.867256,-73.88363,1,0,Traffic Control Disregarded,4465298,22.4,15.7,0.4,0.4,0.0,4.0,51,10.5,20.5,231,Drizzle: Light,1,1,
34129,2021-10-07 03:25:00,40.58396,-73.9253,0,0,Other Vehicular,4465166,22.4,15.7,0.4,0.4,0.0,4.0,51,10.5,20.5,231,Drizzle: Light,0,0,
34130,2021-10-08 08:15:00,40.560085,-74.16505,0,0,Following Too Closely,4465409,23.7,14.5,0.0,0.0,0.0,0.0,3,13.0,22.3,94,Overcast,0,0,
34131,2021-10-08 12:15:00,40.716393,-73.98454,1,0,Backing Unsafely,4465261,23.7,14.5,0.0,0.0,0.0,0.0,3,13.0,22.3,94,Overcast,1,1,
34132,2021-10-08 12:08:00,40.759182,-73.86883,1,0,Unspecified,4465873,23.7,14.5,0.0,0.0,0.0,0.0,3,13.0,22.3,94,Overcast,1,1,
34133,2021-10-08 15:15:00,40.68966,-74.00047,0,0,Unspecified,4465433,23.7,14.5,0.0,0.0,0.0,0.0,3,13.0,22.3,94,Overcast,0,0,
34134,2021-10-08 15:00:00,40.715492,-73.834404,0,0,Following Too Closely,4465362,23.7,14.5,0.0,0.0,0.0,0.0,3,13.0,22.3,94,Overcast,0,0,
34135,2021-10-08 16:33:00,40.802395,-73.936775,0,0,Unspecified,4465490,23.7,14.5,0.0,0.0,0.0,0.0,3,13.0,22.3,94,Overcast,0,0,
34136,2021-10-03 07:30:00,40.828785,-73.94235,0,0,Driver Inattention/Distraction,4465293,25.9,12.8,0.0,0.0,0.0,0.0,3,12.0,24.1,217,Overcast,0,0,
34137,2021-10-08 22:00:00,40.72618,-73.93846,0,0,Driver Inattention/Distraction,4466004,23.7,14.5,0.0,0.0,0.0,0.0,3,13.0,22.3,94,Overcast,0,0,
34138,2021-10-08 07:43:00,40.67058,-73.93096,0,0,Passing Too Closely,4465796,23.7,14.5,0.0,0.0,0.0,0.0,3,13.0,22.3,94,Overcast,0,0,
34139,2021-10-06 15:45:00,40.7694,-73.90685,1,0,Driver Inattention/Distraction,4464911,20.3,16.0,0.1,0.1,0.0,1.0,51,6.5,14.0,28,Drizzle: Light,1,1,
34140,2021-10-06 09:49:00,40.716812,-73.99777,0,0,Unsafe Lane Changing,4464757,20.3,16.0,0.1,0.1,0.0,1.0,51,6.5,14.0,28,Drizzle: Light,0,0,
34141,2021-10-06 10:12:00,40.63082,-73.88636,0,0,Unspecified,4464702,20.3,16.0,0.1,0.1,0.0,1.0,51,6.5,14.0,28,Drizzle: Light,0,0,
34142,2021-10-06 18:50:00,40.61656,-73.94024,0,0,Backing Unsafely,4464960,20.3,16.0,0.1,0.1,0.0,1.0,51,6.5,14.0,28,Drizzle: Light,0,0,
34143,2021-10-07 12:37:00,40.737682,-73.85206,1,0,Driver Inattention/Distraction,4465011,22.4,15.7,0.4,0.4,0.0,4.0,51,10.5,20.5,231,Drizzle: Light,1,1,
34144,2021-10-08 13:37:00,40.898308,-73.8503,1,0,Driver Inattention/Distraction,4465842,23.7,14.5,0.0,0.0,0.0,0.0,3,13.0,22.3,94,Overcast,1,1,
34145,2021-12-31 07:39:00,40.809074,-73.85723,0,0,Turning Improperly,4490930,11.1,7.1,2.7,2.7,0.0,5.0,55,14.9,29.2,193,Drizzle: Dense,0,0,
34146,2021-10-06 15:40:00,40.674744,-73.76368,0,0,Texting,4464792,20.3,16.0,0.1,0.1,0.0,1.0,51,6.5,14.0,28,Drizzle: Light,0,0,
34147,2021-10-06 15:30:00,40.785374,-73.840294,0,0,Passing Too Closely,4464784,20.3,16.0,0.1,0.1,0.0,1.0,51,6.5,14.0,28,Drizzle: Light,0,0,
34148,2021-10-07 09:00:00,40.68221,-73.77257,0,0,Failure to Yield Right-of-Way,4464976,22.4,15.7,0.4,0.4,0.0,4.0,51,10.5,20.5,231,Drizzle: Light,0,0,
34149,2021-10-08 23:50:00,40.88756,-73.866394,0,0,Unsafe Speed,4465577,23.7,14.5,0.0,0.0,0.0,0.0,3,13.0,22.3,94,Overcast,0,0,
34150,2021-10-07 10:40:00,40.639137,-74.0202,1,0,Unspecified,4465276,22.4,15.7,0.4,0.4,0.0,4.0,51,10.5,20.5,231,Drizzle: Light,1,1,
34151,2021-10-07 11:30:00,40.715015,-73.94682,0,0,Unspecified,4465906,22.4,15.7,0.4,0.4,0.0,4.0,51,10.5,20.5,231,Drizzle: Light,0,0,
34152,2021-12-31 23:15:00,40.605145,-73.94204,0,0,Alcohol Involvement,4491371,11.1,7.1,2.7,2.7,0.0,5.0,55,14.9,29.2,193,Drizzle: Dense,0,0,
34153,2021-10-05 14:00:00,40.804672,-73.93816,0,0,Passing or Lane Usage Improper,4465203,19.9,15.0,0.0,0.0,0.0,0.0,3,14.5,28.1,46,Overcast,0,0,
34154,2021-10-02 00:30:00,40.670208,-73.79156,0,0,Traffic Control Disregarded,4465446,23.7,10.8,0.0,0.0,0.0,0.0,3,17.0,34.2,254,Overcast,0,0,
34155,2021-10-06 17:38:00,40.682133,-74.00038,1,0,Driver Inattention/Distraction,4464840,20.3,16.0,0.1,0.1,0.0,1.0,51,6.5,14.0,28,Drizzle: Light,1,1,
34156,2021-10-06 13:25:00,40.65122,-73.834984,0,0,Passing or Lane Usage Improper,4464876,20.3,16.0,0.1,0.1,0.0,1.0,51,6.5,14.0,28,Drizzle: Light,0,0,
34157,2021-10-07 08:10:00,40.648922,-73.94938,0,0,Driver Inattention/Distraction,4465083,22.4,15.7,0.4,0.4,0.0,4.0,51,10.5,20.5,231,Drizzle: Light,0,0,
34158,2021-10-07 15:20:00,40.662807,-73.89646,0,0,Backing Unsafely,4465050,22.4,15.7,0.4,0.4,0.0,4.0,51,10.5,20.5,231,Drizzle: Light,0,0,
34159,2021-10-06 19:35:00,40.731968,-73.88478,1,0,Driver Inattention/Distraction,4465156,20.3,16.0,0.1,0.1,0.0,1.0,51,6.5,14.0,28,Drizzle: Light,1,1,
34160,2021-10-08 05:00:00,40.696774,-73.9726,0,0,Unspecified,4465320,23.7,14.5,0.0,0.0,0.0,0.0,3,13.0,22.3,94,Overcast,0,0,
34161,2021-09-27 17:00:00,40.668797,-73.93113,2,0,Driver Inattention/Distraction,4465769,25.9,14.6,0.0,0.0,0.0,0.0,3,24.1,45.0,233,Overcast,2,2,
34162,2021-10-08 06:28:00,40.831745,-73.892426,0,0,Failure to Yield Right-of-Way,4465171,23.7,14.5,0.0,0.0,0.0,0.0,3,13.0,22.3,94,Overcast,0,0,
34163,2021-10-07 00:50:00,40.711216,-73.94043,0,0,Following Too Closely,4464896,22.4,15.7,0.4,0.4,0.0,4.0,51,10.5,20.5,231,Drizzle: Light,0,0,
34164,2021-10-08 12:54:00,40.66454,-73.82276,1,0,Following Too Closely,4465303,23.7,14.5,0.0,0.0,0.0,0.0,3,13.0,22.3,94,Overcast,1,1,
34165,2021-10-07 05:34:00,40.673267,-73.98952,1,0,Failure to Yield Right-of-Way,4465188,22.4,15.7,0.4,0.4,0.0,4.0,51,10.5,20.5,231,Drizzle: Light,1,1,
34166,2021-10-06 20:54:00,40.558773,-74.130165,0,0,Driver Inexperience,4464830,20.3,16.0,0.1,0.1,0.0,1.0,51,6.5,14.0,28,Drizzle: Light,0,0,
34167,2021-10-08 15:30:00,40.84773,-73.91765,0,0,Driver Inattention/Distraction,4466048,23.7,14.5,0.0,0.0,0.0,0.0,3,13.0,22.3,94,Overcast,0,0,
34168,2021-10-07 14:09:00,40.66725,-73.8132,1,0,Following Too Closely,4465142,22.4,15.7,0.4,0.4,0.0,4.0,51,10.5,20.5,231,Drizzle: Light,1,1,