,CRASH DATETIME,LATITUDE,LONGITUDE,NUMBER OF PERSONS INJURED,NUMBER OF PERSONS KILLED,CONTRIBUTING FACTOR VEHICLE 1,COLLISION_ID,temperature_2m_max,temperature_2m_min,precipitation_sum,rain_sum,snowfall_sum,precipitation_hours,weather_code,wind_speed_10m_max,wind_gusts_10m_max,wind_direction_10m_dominant,Weather Description,Severity_Score,Total_Affected_Persons,Weather_Category
34169,2021-10-08 15:30:00,40.68572,-73.84762,1,0,Following Too Closely,4465515,23.7,14.5,0.0,0.0,0.0,0.0,3,13.0,22.3,94,Overcast,1,1,
34170,2021-10-07 12:06:00,0.0,0.0,1,0,Backing Unsafely,4465032,22.4,15.7,0.4,0.4,0.0,4.0,51,10.5,20.5,231,Drizzle: Light,1,1,
34171,2021-10-06 17:35:00,40.78363,-73.94353,0,0,Unspecified,4465720,20.3,16.0,0.1,0.1,0.0,1.0,51,6.5,14.0,28,Drizzle: Light,0,0,
34172,2021-10-04 19:50:00,40.71286,-73.96579,1,0,Failure to Yield Right-of-Way,4465484,20.6,16.4,21.8,21.8,0.0,17.0,63,20.8,42.8,61,Rain: Moderate,1,1,
34173,2021-10-04 07:58:00,40.662033,-73.921135,1,0,,4465538,20.6,16.4,21.8,21.8,0.0,17.0,63,20.8,42.8,61,Rain: Moderate,1,1,
34174,2021-10-08 12:32:00,40.667328,-73.77903,1,0,Failure to Yield Right-of-Way,4465325,23.7,14.5,0.0,0.0,0.0,0.0,3,13.0,22.3,94,Overcast,1,1,
34175,2021-10-06 09:15:00,40.661167,-73.87969,4,0,Driver Inattention/Distraction,4465043,20.3,16.0,0.1,0.1,0.0,1.0,51,6.5,14.0,28,Drizzle: Light,4,4,
34176,2021-10-08 11:10:00,40.855118,-73.8677,1,0,Driver Inattention/Distraction,4465330,23.7,14.5,0.0,0.0,0.0,0.0,3,13.0,22.3,94,Overcast,1,1,
34177,2021-10-05 22:00:00,40.740036,-73.85289,0,0,Turning Improperly,4465288,19.9,15.0,0.0,0.0,0.0,0.0,3,14.5,28.1,46,Overcast,0,0,
34178,2021-10-07 19:00:00,40.70028,-73.941154,1,0,Driver Inattention/Distraction,4465198,22.4,15.7,0.4,0.4,0.0,4.0,51,10.5,20.5,231,Drizzle: Light,1,1,
34179,2021-10-07 20:55:00,40.595104,-74.00091,0,0,Driver Inattention/Distraction,4465606,22.4,15.7,0.4,0.4,0.0,4.0,51,10.5,20.5,231,Drizzle: Light,0,0,
34180,2021-10-06 18:45:00,40.671326,-73.87093,1,0,Failure to Yield Right-of-Way,4465057,20.3,16.0,0.1,0.1,0.0,1.0,51,6.5,14.0,28,Drizzle: Light,1,1,
34181,2021-10-06 23:34:00,40.70437,-73.8177,0,0,Following Too Closely,4464857,20.3,16.0,0.1,0.1,0.0,1.0,51,6.5,14.0,28,Drizzle: Light,0,0,
34182,2022-04-02 18:03:00,40.83419,-73.90019,1,0,Failure to Yield Right-of-Way,4515551,11.1,1.4,0.0,0.0,0.0,0.0,3,26.3,47.9,286,Overcast,1,1,
34183,2021-10-08 13:13:00,40.7365766,-73.8540497,0,0,Unspecified,4465394,23.7,14.5,0.0,0.0,0.0,0.0,3,13.0,22.3,94,Overcast,0,0,
34184,2021-10-08 21:40:00,40.6705751,-73.9098301,0,0,Unspecified,4465428,23.7,14.5,0.0,0.0,0.0,0.0,3,13.0,22.3,94,Overcast,0,0,
34185,2021-10-04 15:00:00,40.7417776,-73.707008,1,0,Unspecified,4465685,20.6,16.4,21.8,21.8,0.0,17.0,63,20.8,42.8,61,Rain: Moderate,1,1,
34186,2021-12-11 20:20:00,40.594524,-73.93401,1,0,Failure to Yield Right-of-Way,4486265,17.3,5.0,8.1,8.1,0.0,5.0,63,35.0,67.0,206,Rain: Moderate,1,1,
34187,2021-12-07 09:20:00,40.80826,-73.956276,0,0,Driver Inattention/Distraction,4486146,8.6,0.8,0.1,0.1,0.0,1.0,51,27.2,49.3,283,Drizzle: Light,0,0,
34188,2021-12-11 13:50:00,40.75862,-73.97739,1,0,Unspecified,4486082,17.3,5.0,8.1,8.1,0.0,5.0,63,35.0,67.0,206,Rain: Moderate,1,1,
34189,2021-12-11 08:45:00,40.858986,-73.89382,2,0,Following Too Closely,4486327,17.3,5.0,8.1,8.1,0.0,5.0,63,35.0,67.0,206,Rain: Moderate,2,2,
34190,2021-12-11 14:37:00,40.7501,-73.974945,1,0,Driver Inattention/Distraction,4485829,17.3,5.0,8.1,8.1,0.0,5.0,63,35.0,67.0,206,Rain: Moderate,1,1,
34191,2021-12-10 18:30:00,40.630684,-73.94542,0,0,Driver Inattention/Distraction,4486138,8.5,1.6,0.0,0.0,0.0,0.0,3,9.8,20.5,183,Overcast,0,0,
34192,2021-12-11 07:16:00,40.782887,-73.9439,1,0,Reaction to Uninvolved Vehicle,4485494,17.3,5.0,8.1,8.1,0.0,5.0,63,35.0,67.0,206,Rain: Moderate,1,1,
34193,2021-12-11 19:54:00,40.847233,-73.882,0,0,Other Vehicular,4485966,17.3,5.0,8.1,8.1,0.0,5.0,63,35.0,67.0,206,Rain: Moderate,0,0,
34194,2021-12-08 08:40:00,40.835857,-73.87213,0,0,Unsafe Lane Changing,4486106,4.7,0.9,0.7,0.7,0.0,2.0,51,14.5,24.8,355,Drizzle: Light,0,0,
34195,2021-12-11 06:19:00,40.625103,-74.14877,2,0,Driver Inattention/Distraction,4485622,17.3,5.0,8.1,8.1,0.0,5.0,63,35.0,67.0,206,Rain: Moderate,2,2,
34196,2021-12-30 13:45:00,40.725727,-73.90037,1,0,Unsafe Lane Changing,4491203,8.3,5.0,1.8,1.8,0.0,7.0,53,9.9,17.6,22,Drizzle: Moderate,1,1,
34197,2021-12-29 12:45:00,40.743767,-73.83748,1,0,Driver Inattention/Distraction,4490813,7.6,4.1,8.1,8.1,0.0,8.0,61,12.2,24.1,52,Rain: Light,1,1,
34198,2022-04-02 13:20:00,40.846878,-73.920616,0,0,Following Too Closely,4516001,11.1,1.4,0.0,0.0,0.0,0.0,3,26.3,47.9,286,Overcast,0,0,
34199,2021-12-30 15:33:00,40.76524,-73.95788,1,0,Failure to Yield Right-of-Way,4491231,8.3,5.0,1.8,1.8,0.0,7.0,53,9.9,17.6,22,Drizzle: Moderate,1,1,
34200,2021-12-29 19:30:00,40.628914,-73.955956,0,0,Passing or Lane Usage Improper,4491323,7.6,4.1,8.1,8.1,0.0,8.0,61,12.2,24.1,52,Rain: Light,0,0,
34201,2021-12-28 15:54:00,40.7073,-73.835464,0,0,Passing Too Closely,4491627,8.5,2.2,0.0,0.0,0.0,0.0,3,12.5,22.0,271,Overcast,0,0,
34202,2021-12-21 03:00:00,40.677753,-73.97539,0,0,Passing Too Closely,4491422,5.7,-2.4,0.0,0.0,0.0,0.0,3,13.6,24.5,228,Overcast,0,0,
34203,2021-12-29 22:35:00,40.71406,-73.95292,1,0,Following Too Closely,4491126,7.6,4.1,8.1,8.1,0.0,8.0,61,12.2,24.1,52,Rain: Light,1,1,
34204,2021-12-31 05:50:00,40.788956,-73.823555,0,0,Pavement Slippery,4490825,11.1,7.1,2.7,2.7,0.0,5.0,55,14.9,29.2,193,Drizzle: Dense,0,0,
34205,2021-12-26 14:47:00,40.65591,-73.89191,1,0,Driver Inattention/Distraction,4491265,8.9,3.4,0.0,0.0,0.0,0.0,3,21.9,38.9,316,Overcast,1,1,
34206,2021-12-31 18:00:00,40.66381,-73.9381,0,0,Backing Unsafely,4491132,11.1,7.1,2.7,2.7,0.0,5.0,55,14.9,29.2,193,Drizzle: Dense,0,0,
34207,2021-12-23 14:00:00,40.819527,-73.91621,0,0,Unspecified,4491081,2.1,-2.3,0.0,0.0,0.0,0.0,3,20.1,35.6,299,Overcast,0,0,
34208,2021-12-31 11:00:00,40.71224,-73.957146,0,0,Unspecified,4490985,11.1,7.1,2.7,2.7,0.0,5.0,55,14.9,29.2,193,Drizzle: Dense,0,0,
34209,2021-12-24 14:35:00,40.672077,-73.941956,1,0,Driver Inattention/Distraction,4491492,5.7,-1.1,1.0,0.0,0.7,5.0,73,12.4,21.6,73,Snow fall: Moderate,1,1,Snowy Conditions
34210,2021-12-28 02:30:00,40.847427,-73.931404,0,0,Traffic Control Disregarded,4490853,8.5,2.2,0.0,0.0,0.0,0.0,3,12.5,22.0,271,Overcast,0,0,
34211,2021-12-30 08:25:00,40.78417,-73.84675,0,0,Pavement Slippery,4490637,8.3,5.0,1.8,1.8,0.0,7.0,53,9.9,17.6,22,Drizzle: Moderate,0,0,
34212,2022-04-02 04:12:00,40.676395,-73.91187,1,0,Unspecified,4515617,11.1,1.4,0.0,0.0,0.0,0.0,3,26.3,47.9,286,Overcast,1,1,
34213,2022-03-21 11:30:00,40.69133,-73.95177,0,0,Driver Inattention/Distraction,4516017,15.6,5.0,0.0,0.0,0.0,0.0,3,30.0,53.6,299,Overcast,0,0,
34214,2022-04-02 07:40:00,40.835777,-73.91648,1,0,Alcohol Involvement,4516292,11.1,1.4,0.0,0.0,0.0,0.0,3,26.3,47.9,286,Overcast,1,1,
34215,2022-04-02 23:45:00,40.616177,-73.96456,1,0,Alcohol Involvement,4515693,11.1,1.4,0.0,0.0,0.0,0.0,3,26.3,47.9,286,Overcast,1,1,
34216,2022-04-02 17:18:00,40.801125,-73.92988,0,0,Unsafe Lane Changing,4516043,11.1,1.4,0.0,0.0,0.0,0.0,3,26.3,47.9,286,Overcast,0,0,
34217,2022-04-02 16:10:00,40.60231,-73.75092,0,0,Driver Inattention/Distraction,4515521,11.1,1.4,0.0,0.0,0.0,0.0,3,26.3,47.9,286,Overcast,0,0,
34218,2022-04-02 23:30:00,40.74044,-74.00203,0,0,Unspecified,4516002,11.1,1.4,0.0,0.0,0.0,0.0,3,26.3,47.9,286,Overcast,0,0,
34219,2022-04-02 05:35:00,40.801754,-73.93121,0,0,Unspecified,4516037,11.1,1.4,0.0,0.0,0.0,0.0,3,26.3,47.9,286,Overcast,0,0,
34220,2022-04-02 12:20:00,40.712597,-73.967735,0,0,Following Too Closely,4516066,11.1,1.4,0.0,0.0,0.0,0.0,3,26.3,47.9,286,Overcast,0,0,
34221,2022-04-02 11:20:00,40.558887,-74.1977,0,0,Failure to Yield Right-of-Way,4515526,11.1,1.4,0.0,0.0,0.0,0.0,3,26.3,47.9,286,Overcast,0,0,
34222,2022-04-02 13:00:00,40.748276,-73.93918,0,0,Unspecified,4515604,11.1,1.4,0.0,0.0,0.0,0.0,3,26.3,47.9,286,Overcast,0,0,
34223,2022-04-02 10:23:00,40.688305,-73.75607,0,0,Following Too Closely,4515676,11.1,1.4,0.0,0.0,0.0,0.0,3,26.3,47.9,286,Overcast,0,0,
34224,2022-04-02 18:55:00,40.669556,-73.84634,1,0,Driver Inattention/Distraction,4515902,11.1,1.4,0.0,0.0,0.0,0.0,3,26.3,47.9,286,Overcast,1,1,
34225,2022-03-31 23:20:00,40.86536,-73.87043,1,0,Driver Inattention/Distraction,4516305,19.0,3.5,12.0,12.0,0.0,4.0,65,37.8,67.3,194,Rain: Heavy,1,1,
34226,2022-04-02 20:00:00,40.730946,-73.993256,0,0,Driver Inattention/Distraction,4516105,11.1,1.4,0.0,0.0,0.0,0.0,3,26.3,47.9,286,Overcast,0,0,
34227,2022-04-02 09:32:00,40.879307,-73.90295,0,0,Driver Inattention/Distraction,4516256,11.1,1.4,0.0,0.0,0.0,0.0,3,26.3,47.9,286,Overcast,0,0,
34228,2022-04-02 23:21:00,40.818707,-73.8089,0,0,Following Too Closely,4515535,11.1,1.4,0.0,0.0,0.0,0.0,3,26.3,47.9,286,Overcast,0,0,
34229,2022-04-02 16:36:00,40.702847,-73.93353,0,0,Failure to Yield Right-of-Way,4515719,11.1,1.4,0.0,0.0,0.0,0.0,3,26.3,47.9,286,Overcast,0,0,
34230,2022-04-02 12:50:00,40.718395,-73.826385,3,0,Following Too Closely,4515506,11.1,1.4,0.0,0.0,0.0,0.0,3,26.3,47.9,286,Overcast,3,3,
34231,2022-04-02 22:00:00,40.837513,-73.91478,0,0,Following Too Closely,4515658,11.1,1.4,0.0,0.0,0.0,0.0,3,26.3,47.9,286,Overcast,0,0,
34232,2022-04-02 13:15:00,40.718918,-73.939514,0,0,Driver Inattention/Distraction,4515987,11.1,1.4,0.0,0.0,0.0,0.0,3,26.3,47.9,286,Overcast,0,0,
34233,2022-03-27 01:20:00,40.669865,-73.95051,1,0,Unspecified,4516175,7.5,-1.1,0.3,0.3,0.07,3.0,71,26.4,47.5,288,Snow fall: Light,1,1,Snowy Conditions
34234,2022-04-02 00:00:00,40.80119,-73.93003,0,0,Unsafe Speed,4516044,11.1,1.4,0.0,0.0,0.0,0.0,3,26.3,47.9,286,Overcast,0,0,
34235,2022-04-02 01:10:00,40.71029,-73.91789,1,0,Unsafe Speed,4515772,11.1,1.4,0.0,0.0,0.0,0.0,3,26.3,47.9,286,Overcast,1,1,
34236,2022-04-02 22:10:00,40.715584,-74.00304,1,0,Driver Inattention/Distraction,4516015,11.1,1.4,0.0,0.0,0.0,0.0,3,26.3,47.9,286,Overcast,1,1,
34237,2022-03-30 22:20:00,40.716644,-73.99582,1,0,Pedestrian/Bicyclist/Other Pedestrian Error/Confusion,4516054,5.9,-3.5,0.0,0.0,0.0,0.0,3,17.0,30.6,215,Overcast,1,1,
34238,2022-04-01 11:25:00,40.812737,-73.93762,2,0,Other Vehicular,4516033,15.2,5.3,1.4,1.4,0.0,8.0,51,33.1,61.9,277,Drizzle: Light,2,2,
34239,2022-04-02 11:24:00,40.785294,-73.969345,0,0,Unspecified,4515890,11.1,1.4,0.0,0.0,0.0,0.0,3,26.3,47.9,286,Overcast,0,0,
34240,2022-04-01 06:15:00,40.823402,-73.88179,1,0,Driver Inattention/Distraction,4516144,15.2,5.3,1.4,1.4,0.0,8.0,51,33.1,61.9,277,Drizzle: Light,1,1,
34241,2022-04-01 18:00:00,40.714146,-73.78989,0,0,Unspecified,4516275,15.2,5.3,1.4,1.4,0.0,8.0,51,33.1,61.9,277,Drizzle: Light,0,0,
34242,2022-04-02 14:00:00,40.68907,-73.874596,0,0,Failure to Yield Right-of-Way,4515745,11.1,1.4,0.0,0.0,0.0,0.0,3,26.3,47.9,286,Overcast,0,0,
34243,2022-03-26 10:25:00,40.663727,-73.95386,0,0,Aggressive Driving/Road Rage,4516163,10.1,4.9,6.1,5.8,0.21,8.0,71,21.6,41.0,251,Snow fall: Light,0,0,Snowy Conditions
34244,2022-04-02 13:35:00,40.677498,-73.87149,0,0,Unspecified,4515739,11.1,1.4,0.0,0.0,0.0,0.0,3,26.3,47.9,286,Overcast,0,0,
34245,2022-04-02 01:40:00,40.746075,-73.901985,1,0,Driver Inattention/Distraction,4515485,11.1,1.4,0.0,0.0,0.0,0.0,3,26.3,47.9,286,Overcast,1,1,
34246,2022-03-16 17:31:00,40.574894,-73.98662,0,0,Unspecified,4516188,16.1,3.2,0.3,0.3,0.0,1.0,51,18.8,36.4,183,Drizzle: Light,0,0,
34247,2022-04-02 03:50:00,40.6406,-73.99434,1,0,Fell Asleep,4515579,11.1,1.4,0.0,0.0,0.0,0.0,3,26.3,47.9,286,Overcast,1,1,
34248,2022-04-02 06:00:00,40.69201,-73.991234,0,0,Other Vehicular,4515810,11.1,1.4,0.0,0.0,0.0,0.0,3,26.3,47.9,286,Overcast,0,0,
34249,2022-03-26 21:10:00,40.61118,-74.15261,0,0,Passing or Lane Usage Improper,4516272,10.1,4.9,6.1,5.8,0.21,8.0,71,21.6,41.0,251,Snow fall: Light,0,0,Snowy Conditions
34250,2022-03-15 08:19:00,40.648354,-73.91001,0,0,Unspecified,4516115,15.8,3.2,0.0,0.0,0.0,0.0,3,21.5,36.4,211,Overcast,0,0,
34251,2022-04-02 19:09:00,40.67164,-73.95034,0,0,Unspecified,4515822,11.1,1.4,0.0,0.0,0.0,0.0,3,26.3,47.9,286,Overcast,0,0,
34252,2022-04-02 09:50:00,40.890587,-73.86332,3,0,Driver Inattention/Distraction,4515970,11.1,1.4,0.0,0.0,0.0,0.0,3,26.3,47.9,286,Overcast,3,3,
34253,2022-07-02 01:40:00,40.613117,-73.92631,0,0,Driver Inattention/Distraction,4542603,30.8,23.1,4.0,4.0,0.0,5.0,61,19.4,40.0,229,Rain: Light,0,0,
34254,2022-04-02 00:53:00,40.81614,-73.894875,0,0,Alcohol Involvement,4515783,11.1,1.4,0.0,0.0,0.0,0.0,3,26.3,47.9,286,Overcast,0,0,
34255,2022-04-02 01:26:00,40.697582,-73.92983,0,0,Unspecified,4515703,11.1,1.4,0.0,0.0,0.0,0.0,3,26.3,47.9,286,Overcast,0,0,
34256,2022-03-31 15:06:00,40.666435,-73.95341,0,0,Passing Too Closely,4516181,19.0,3.5,12.0,12.0,0.0,4.0,65,37.8,67.3,194,Rain: Heavy,0,0,
34257,2022-04-02 02:35:00,40.68815,-73.84884,0,0,Driver Inexperience,4516009,11.1,1.4,0.0,0.0,0.0,0.0,3,26.3,47.9,286,Overcast,0,0,
34258,2022-03-30 15:00:00,40.790554,-73.82255,0,0,Following Too Closely,4516084,5.9,-3.5,0.0,0.0,0.0,0.0,3,17.0,30.6,215,Overcast,0,0,
34259,2022-04-02 10:27:00,40.677998,-74.00415,0,0,Other Vehicular,4515873,11.1,1.4,0.0,0.0,0.0,0.0,3,26.3,47.9,286,Overcast,0,0,
34260,2022-04-02 05:30:00,40.67854,-73.807205,1,0,Traffic Control Disregarded,4515945,11.1,1.4,0.0,0.0,0.0,0.0,3,26.3,47.9,286,Overcast,1,1,
34261,2022-03-31 08:30:00,40.595768,-73.77389,0,0,Failure to Yield Right-of-Way,4516286,19.0,3.5,12.0,12.0,0.0,4.0,65,37.8,67.3,194,Rain: Heavy,0,0,
34262,2022-04-01 21:30:00,40.833496,-73.858246,3,0,Other Vehicular,4516148,15.2,5.3,1.4,1.4,0.0,8.0,51,33.1,61.9,277,Drizzle: Light,3,3,
34263,2022-04-02 16:00:00,40.77716,-73.94794,0,0,Driver Inattention/Distraction,4515956,11.1,1.4,0.0,0.0,0.0,0.0,3,26.3,47.9,286,Overcast,0,0,
34264,2022-04-02 12:00:00,40.67505,-73.95639,0,0,Unspecified,4516154,11.1,1.4,0.0,0.0,0.0,0.0,3,26.3,47.9,286,Overcast,0,0,
34265,2022-03-28 08:33:00,40.618732,-74.17606,1,0,Following Too Closely,4516268,0.0,-5.2,0.3,0.0,0.21,3.0,71,31.3,59.0,303,Snow fall: Light,1,1,Snowy Conditions
34266,2022-03-27 12:35:00,40.57347,-73.99929,0,0,Unspecified,4516182,7.5,-1.1,0.3,0.3,0.07,3.0,71,26.4,47.5,288,Snow fall: Light,0,0,Snowy Conditions
34267,2022-04-02 22:45:00,40.653656,-73.86239,0,0,Unsafe Lane Changing,4515744,11.1,1.4,0.0,0.0,0.0,0.0,3,26.3,47.9,286,Overcast,0,0,
34268,2022-03-18 17:27:00,40.797306,-73.93446,3,0,Unspecified,4516027,20.8,7.4,0.0,0.0,0.0,0.0,3,16.0,31.7,181,Overcast,3,3,
34269,2022-04-02 05:45:00,40.8338,-73.88323,0,0,Following Too Closely,4515557,11.1,1.4,0.0,0.0,0.0,0.0,3,26.3,47.9,286,Overcast,0,0,
34270,2022-04-01 23:22:00,40.713535,-73.99635,2,0,Driver Inattention/Distraction,4516018,15.2,5.3,1.4,1.4,0.0,8.0,51,33.1,61.9,277,Drizzle: Light,2,2,
34271,2022-03-31 16:51:00,40.635445,-73.91065,0,0,Backing Unsafely,4516117,19.0,3.5,12.0,12.0,0.0,4.0,65,37.8,67.3,194,Rain: Heavy,0,0,
34272,2022-04-02 03:17:00,40.79653,-73.97597,0,0,Unspecified,4515889,11.1,1.4,0.0,0.0,0.0,0.0,3,26.3,47.9,286,Overcast,0,0,
34273,2022-04-02 03:24:00,40.710957,-73.951126,1,0,Driver Inattention/Distraction,4515909,11.1,1.4,0.0,0.0,0.0,0.0,3,26.3,47.9,286,Overcast,1,1,
34274,2022-03-27 20:25:00,40.81269,-73.95313,1,0,Driver Inattention/Distraction,4516073,7.5,-1.1,0.3,0.3,0.07,3.0,71,26.4,47.5,288,Snow fall: Light,1,1,Snowy Conditions
34275,2022-04-02 12:40:00,40.716118,-73.96102,0,0,Unspecified,4515989,11.1,1.4,0.0,0.0,0.0,0.0,3,26.3,47.9,286,Overcast,0,0,
34276,2022-04-02 03:33:00,40.840496,-73.94599,1,0,Driver Inattention/Distraction,4515643,11.1,1.4,0.0,0.0,0.0,0.0,3,26.3,47.9,286,Overcast,1,1,
34277,2022-04-02 18:15:00,40.69297,-73.78024,0,0,Failure to Keep Right,4515688,11.1,1.4,0.0,0.0,0.0,0.0,3,26.3,47.9,286,Overcast,0,0,
34278,2022-04-02 17:00:00,40.68762,-73.72789,0,0,Unspecified,4515522,11.1,1.4,0.0,0.0,0.0,0.0,3,26.3,47.9,286,Overcast,0,0,
34279,2022-04-02 20:00:00,40.853027,-73.91827,0,0,Passing Too Closely,4516003,11.1,1.4,0.0,0.0,0.0,0.0,3,26.3,47.9,286,Overcast,0,0,
34280,2022-04-02 07:15:00,40.62413,-74.08368,0,0,Driver Inattention/Distraction,4515804,11.1,1.4,0.0,0.0,0.0,0.0,3,26.3,47.9,286,Overcast,0,0,
34281,2022-03-31 12:31:00,40.87832,-73.90656,0,0,Alcohol Involvement,4516260,19.0,3.5,12.0,12.0,0.0,4.0,65,37.8,67.3,194,Rain: Heavy,0,0,
34282,2022-04-02 01:51:00,40.654675,-73.917046,0,0,Driver Inattention/Distraction,4515649,11.1,1.4,0.0,0.0,0.0,0.0,3,26.3,47.9,286,Overcast,0,0,
34283,2022-04-02 02:10:00,40.693863,-73.92971,0,0,Turning Improperly,4515707,11.1,1.4,0.0,0.0,0.0,0.0,3,26.3,47.9,286,Overcast,0,0,
34284,2022-04-01 08:35:00,40.749184,-73.758194,0,0,Unsafe Lane Changing,4516085,15.2,5.3,1.4,1.4,0.0,8.0,51,33.1,61.9,277,Drizzle: Light,0,0,
34285,2022-04-02 18:25:00,40.71786,-73.98272,1,0,Unspecified,4516038,11.1,1.4,0.0,0.0,0.0,0.0,3,26.3,47.9,286,Overcast,1,1,
34286,2022-04-02 17:27:00,40.867798,-73.89912,1,0,Driver Inattention/Distraction,4516045,11.1,1.4,0.0,0.0,0.0,0.0,3,26.3,47.9,286,Overcast,1,1,
34287,2022-04-02 15:30:00,40.743477,-73.73286,1,0,Unspecified,4515514,11.1,1.4,0.0,0.0,0.0,0.0,3,26.3,47.9,286,Overcast,1,1,
34288,2022-04-02 11:05:00,40.60084,-73.93812,1,0,Driver Inattention/Distraction,4515923,11.1,1.4,0.0,0.0,0.0,0.0,3,26.3,47.9,286,Overcast,1,1,
34289,2022-04-02 15:00:00,40.745327,-73.922066,1,0,Driver Inattention/Distraction,4515543,11.1,1.4,0.0,0.0,0.0,0.0,3,26.3,47.9,286,Overcast,1,1,
34290,2022-03-31 10:45:00,40.69158,-73.86548,0,0,Driver Inexperience,4516008,19.0,3.5,12.0,12.0,0.0,4.0,65,37.8,67.3,194,Rain: Heavy,0,0,
34291,2022-04-02 12:45:00,40.74826,-73.97443,1,0,Driver Inattention/Distraction,4515499,11.1,1.4,0.0,0.0,0.0,0.0,3,26.3,47.9,286,Overcast,1,1,
34292,2022-04-02 22:17:00,40.697315,-73.932274,0,0,Failure to Yield Right-of-Way,4515720,11.1,1.4,0.0,0.0,0.0,0.0,3,26.3,47.9,286,Overcast,0,0,
34293,2022-04-01 21:56:00,40.81417,-73.93431,0,0,Unspecified,4516036,15.2,5.3,1.4,1.4,0.0,8.0,51,33.1,61.9,277,Drizzle: Light,0,0,
34294,2022-04-02 04:22:00,40.72046,-73.93798,0,0,Unspecified,4515986,11.1,1.4,0.0,0.0,0.0,0.0,3,26.3,47.9,286,Overcast,0,0,
34295,2022-04-02 00:00:00,40.75327,-73.79313,0,0,Backing Unsafely,4515603,11.1,1.4,0.0,0.0,0.0,0.0,3,26.3,47.9,286,Overcast,0,0,
34296,2022-04-01 15:25:00,40.576504,-74.1037,1,0,Unspecified,4516212,15.2,5.3,1.4,1.4,0.0,8.0,51,33.1,61.9,277,Drizzle: Light,1,1,
34297,2022-03-27 11:40:00,40.659336,-73.92726,1,0,Traffic Control Disregarded,4516167,7.5,-1.1,0.3,0.3,0.07,3.0,71,26.4,47.5,288,Snow fall: Light,1,1,Snowy Conditions
34298,2022-04-02 11:15:00,40.61135,-74.09847,0,0,Driver Inattention/Distraction,4515812,11.1,1.4,0.0,0.0,0.0,0.0,3,26.3,47.9,286,Overcast,0,0,
34299,2022-04-02 16:50:00,40.729782,-73.89566,0,0,Driver Inexperience,4515774,11.1,1.4,0.0,0.0,0.0,0.0,3,26.3,47.9,286,Overcast,0,0,
34300,2022-04-01 21:00:00,40.835896,-73.855865,0,0,Illnes,4516143,15.2,5.3,1.4,1.4,0.0,8.0,51,33.1,61.9,277,Drizzle: Light,0,0,
34301,2022-04-02 11:25:00,40.613743,-74.11415,0,0,Alcohol Involvement,4515828,11.1,1.4,0.0,0.0,0.0,0.0,3,26.3,47.9,286,Overcast,0,0,
34302,2022-04-02 07:00:00,40.742374,-74.0088,0,0,Unspecified,4515588,11.1,1.4,0.0,0.0,0.0,0.0,3,26.3,47.9,286,Overcast,0,0,
34303,2021-10-09 21:22:00,40.707314,-73.87114,0,0,Unspecified,4465785,20.2,15.2,1.2,1.2,0.0,5.0,51,22.8,42.8,71,Drizzle: Light,0,0,
34304,2022-04-02 16:57:00,40.646095,-74.00928,1,0,Aggressive Driving/Road Rage,4515531,11.1,1.4,0.0,0.0,0.0,0.0,3,26.3,47.9,286,Overcast,1,1,
34305,2022-03-31 23:00:00,40.70673,-73.806274,0,0,Unspecified,4516255,19.0,3.5,12.0,12.0,0.0,4.0,65,37.8,67.3,194,Rain: Heavy,0,0,
34306,2022-03-30 23:30:00,40.724136,-73.992615,0,0,Driver Inattention/Distraction,4516014,5.9,-3.5,0.0,0.0,0.0,0.0,3,17.0,30.6,215,Overcast,0,0,
34307,2022-04-02 13:00:00,40.825848,-73.90993,1,0,View Obstructed/Limited,4515661,11.1,1.4,0.0,0.0,0.0,0.0,3,26.3,47.9,286,Overcast,1,1,
34308,2022-04-02 17:45:00,40.787533,-73.9687,0,0,Unspecified,4515891,11.1,1.4,0.0,0.0,0.0,0.0,3,26.3,47.9,286,Overcast,0,0,
34309,2022-03-31 20:00:00,40.79975,-73.93267,1,0,Alcohol Involvement,4516031,19.0,3.5,12.0,12.0,0.0,4.0,65,37.8,67.3,194,Rain: Heavy,1,1,
34310,2022-04-02 03:00:00,40.69478,-73.79363,0,0,Pavement Defective,4515969,11.1,1.4,0.0,0.0,0.0,0.0,3,26.3,47.9,286,Overcast,0,0,
34311,2022-04-02 20:44:00,40.68815,-73.96986,0,0,Following Too Closely,4515528,11.1,1.4,0.0,0.0,0.0,0.0,3,26.3,47.9,286,Overcast,0,0,
34312,2022-04-02 07:23:00,40.741863,-73.90751,1,0,Driver Inattention/Distraction,4515487,11.1,1.4,0.0,0.0,0.0,0.0,3,26.3,47.9,286,Overcast,1,1,
34313,2022-04-02 19:41:00,40.675735,-73.89686,0,0,Driver Inattention/Distraction,4515733,11.1,1.4,0.0,0.0,0.0,0.0,3,26.3,47.9,286,Overcast,0,0,
34314,2022-04-02 17:50:00,40.6661,-73.85193,1,0,Unspecified,4515903,11.1,1.4,0.0,0.0,0.0,0.0,3,26.3,47.9,286,Overcast,1,1,
34315,2022-04-02 06:21:00,40.742317,-73.99144,0,0,Unspecified,4515670,11.1,1.4,0.0,0.0,0.0,0.0,3,26.3,47.9,286,Overcast,0,0,
34316,2022-03-30 07:50:00,40.70096,-73.88156,0,0,Turning Improperly,4516172,5.9,-3.5,0.0,0.0,0.0,0.0,3,17.0,30.6,215,Overcast,0,0,
34317,2022-03-09 18:48:00,40.632065,-73.91861,1,0,Unspecified,4516114,3.2,0.8,16.8,7.3,6.65,15.0,75,17.6,32.4,69,Snow fall: Heavy,1,1,Snowy Conditions