,CRASH DATETIME,LATITUDE,LONGITUDE,NUMBER OF PERSONS INJURED,NUMBER OF PERSONS KILLED,CONTRIBUTING FACTOR VEHICLE 1,COLLISION_ID,temperature_2m_max,temperature_2m_min,precipitation_sum,rain_sum,snowfall_sum,precipitation_hours,weather_code,wind_speed_10m_max,wind_gusts_10m_max,wind_direction_10m_dominant,Weather Description,Severity_Score,Total_Affected_Persons,Weather_Category
34318,2022-04-01 00:20:00,40.606102,-74.07983,0,0,Reaction to Uninvolved Vehicle,4516273,15.2,5.3,1.4,1.4,0.0,8.0,51,33.1,61.9,277,Drizzle: Light,0,0,
34319,2022-04-02 22:50:00,40.711876,-73.73029,2,0,Following Too Closely,4515747,11.1,1.4,0.0,0.0,0.0,0.0,3,26.3,47.9,286,Overcast,2,2,
34320,2022-03-29 12:33:00,40.8871,-73.8635,0,0,Unspecified,4516134,3.3,-5.2,0.0,0.0,0.0,0.0,2,29.3,54.4,311,Partly cloudy,0,0,
34321,2022-03-30 14:55:00,40.6028,-73.74879,1,0,Unspecified,4516004,5.9,-3.5,0.0,0.0,0.0,0.0,3,17.0,30.6,215,Overcast,1,1,
34322,2022-04-02 11:00:00,40.631706,-73.94649,0,0,Unspecified,4515558,11.1,1.4,0.0,0.0,0.0,0.0,3,26.3,47.9,286,Overcast,0,0,
34323,2022-03-29 16:43:00,40.693672,-73.95099,0,0,Unsafe Speed,4516028,3.3,-5.2,0.0,0.0,0.0,0.0,2,29.3,54.4,311,Partly cloudy,0,0,
34324,2022-04-02 23:10:00,40.88305,-73.89983,1,0,Unspecified,4516259,11.1,1.4,0.0,0.0,0.0,0.0,3,26.3,47.9,286,Overcast,1,1,
34325,2022-03-31 10:24:00,40.85937,-73.9068,1,0,Failure to Yield Right-of-Way,4515999,19.0,3.5,12.0,12.0,0.0,4.0,65,37.8,67.3,194,Rain: Heavy,1,1,
34326,2022-04-02 21:50:00,40.63835,-73.90889,1,0,Unspecified,4515542,11.1,1.4,0.0,0.0,0.0,0.0,3,26.3,47.9,286,Overcast,1,1,
34327,2022-04-02 16:44:00,40.6523,-73.95264,0,0,Unspecified,4515650,11.1,1.4,0.0,0.0,0.0,0.0,3,26.3,47.9,286,Overcast,0,0,
34328,2022-03-30 21:55:00,40.799515,-73.95366,0,0,Other Vehicular,4516057,5.9,-3.5,0.0,0.0,0.0,0.0,3,17.0,30.6,215,Overcast,0,0,
34329,2021-06-03 00:00:00,40.667824,-73.93122,0,0,Unspecified,4427045,23.0,13.2,11.9,11.9,0.0,10.0,63,13.6,38.9,165,Rain: Moderate,0,0,
34330,2022-01-01 07:33:00,40.771477,-73.91824,0,0,Unspecified,4491400,11.7,7.5,19.4,19.4,0.0,19.0,63,13.9,22.3,161,Rain: Moderate,0,0,
34331,2022-03-31 15:00:00,40.717716,-73.811264,0,0,Unspecified,4516274,19.0,3.5,12.0,12.0,0.0,4.0,65,37.8,67.3,194,Rain: Heavy,0,0,
34332,2022-03-25 07:05:00,40.720585,-73.99862,0,0,Unspecified,4516127,15.6,5.3,5.7,5.7,0.0,4.0,63,27.6,52.2,274,Rain: Moderate,0,0,
34333,2022-04-02 12:12:00,40.842506,-73.8453,1,0,Unspecified,4515835,11.1,1.4,0.0,0.0,0.0,0.0,3,26.3,47.9,286,Overcast,1,1,
34334,2022-03-31 18:35:00,40.664856,-73.94078,0,0,Unspecified,4516180,19.0,3.5,12.0,12.0,0.0,4.0,65,37.8,67.3,194,Rain: Heavy,0,0,
34335,2022-03-26 21:29:00,40.669113,-73.95336,0,0,Driver Inattention/Distraction,4516184,10.1,4.9,6.1,5.8,0.21,8.0,71,21.6,41.0,251,Snow fall: Light,0,0,Snowy Conditions
34336,2022-04-02 01:53:00,40.86247,-73.90029,0,0,Turning Improperly,4515477,11.1,1.4,0.0,0.0,0.0,0.0,3,26.3,47.9,286,Overcast,0,0,
34337,2022-04-02 00:00:00,40.704258,-73.9657,0,0,Unsafe Speed,4515918,11.1,1.4,0.0,0.0,0.0,0.0,3,26.3,47.9,286,Overcast,0,0,
34338,2022-04-02 20:00:00,40.70207,-73.78315,0,0,Driver Inattention/Distraction,4515961,11.1,1.4,0.0,0.0,0.0,0.0,3,26.3,47.9,286,Overcast,0,0,
34339,2022-03-28 10:44:00,40.608955,-74.09046,0,0,Driver Inattention/Distraction,4516269,0.0,-5.2,0.3,0.0,0.21,3.0,71,31.3,59.0,303,Snow fall: Light,0,0,Snowy Conditions
34340,2022-04-02 22:21:00,40.715015,-73.741646,0,0,Traffic Control Disregarded,4515743,11.1,1.4,0.0,0.0,0.0,0.0,3,26.3,47.9,286,Overcast,0,0,
34341,2022-03-29 22:00:00,40.739082,-73.79345,1,0,Driver Inattention/Distraction,4516080,3.3,-5.2,0.0,0.0,0.0,0.0,2,29.3,54.4,311,Partly cloudy,1,1,
34342,2022-04-02 18:00:00,40.583664,-73.971756,5,0,Following Too Closely,4515792,11.1,1.4,0.0,0.0,0.0,0.0,3,26.3,47.9,286,Overcast,5,5,
34343,2022-04-02 21:08:00,40.685806,-73.83259,0,0,Alcohol Involvement,4515947,11.1,1.4,0.0,0.0,0.0,0.0,3,26.3,47.9,286,Overcast,0,0,
34344,2022-04-02 02:08:00,40.658398,-73.919975,0,0,Unspecified,4515626,11.1,1.4,0.0,0.0,0.0,0.0,3,26.3,47.9,286,Overcast,0,0,
34345,2022-04-02 14:00:00,40.730335,-73.86763,0,0,Unspecified,4515511,11.1,1.4,0.0,0.0,0.0,0.0,3,26.3,47.9,286,Overcast,0,0,
34346,2022-03-30 07:50:00,40.72272,-73.994156,1,0,Driver Inattention/Distraction,4516087,5.9,-3.5,0.0,0.0,0.0,0.0,3,17.0,30.6,215,Overcast,1,1,
34347,2022-04-02 05:00:00,40.68864,-73.920555,0,0,Unsafe Lane Changing,4515708,11.1,1.4,0.0,0.0,0.0,0.0,3,26.3,47.9,286,Overcast,0,0,
34348,2022-04-02 05:20:00,40.689915,-73.7779,0,0,Fell Asleep,4515682,11.1,1.4,0.0,0.0,0.0,0.0,3,26.3,47.9,286,Overcast,0,0,
34349,2022-03-31 12:15:00,40.716393,-73.98454,0,0,Alcohol Involvement,4516040,19.0,3.5,12.0,12.0,0.0,4.0,65,37.8,67.3,194,Rain: Heavy,0,0,
34350,2022-04-02 16:00:00,40.597794,-73.783104,0,0,Passing Too Closely,4516285,11.1,1.4,0.0,0.0,0.0,0.0,3,26.3,47.9,286,Overcast,0,0,
34351,2022-04-02 05:47:00,40.80432,-73.966606,1,0,Following Too Closely,4515779,11.1,1.4,0.0,0.0,0.0,0.0,3,26.3,47.9,286,Overcast,1,1,
34352,2022-04-02 13:30:00,40.73292,-73.807915,0,0,Unspecified,4515883,11.1,1.4,0.0,0.0,0.0,0.0,3,26.3,47.9,286,Overcast,0,0,
34353,2022-04-02 15:50:00,40.808243,-73.92785,1,0,Unsafe Lane Changing,4516236,11.1,1.4,0.0,0.0,0.0,0.0,3,26.3,47.9,286,Overcast,1,1,
34354,2022-03-20 13:44:00,40.674313,-73.95009,0,0,Driver Inattention/Distraction,4516155,14.8,6.9,0.1,0.1,0.0,1.0,51,27.0,49.0,284,Drizzle: Light,0,0,
34355,2022-07-02 02:25:00,40.745285,-73.98874,1,0,Unspecified,4542970,30.8,23.1,4.0,4.0,0.0,5.0,61,19.4,40.0,229,Rain: Light,1,1,
34356,2022-04-02 02:48:00,40.669044,-73.87578,3,0,Reaction to Uninvolved Vehicle,4515748,11.1,1.4,0.0,0.0,0.0,0.0,3,26.3,47.9,286,Overcast,3,3,
34357,2022-03-30 17:10:00,40.728466,-73.90871,2,0,Following Too Closely,4516138,5.9,-3.5,0.0,0.0,0.0,0.0,3,17.0,30.6,215,Overcast,2,2,
34358,2022-04-02 01:50:00,40.815937,-73.85981,0,0,Unspecified,4516147,11.1,1.4,0.0,0.0,0.0,0.0,3,26.3,47.9,286,Overcast,0,0,
34359,2022-04-02 20:50:00,40.66913,-73.953804,0,0,Backing Unsafely,4516168,11.1,1.4,0.0,0.0,0.0,0.0,3,26.3,47.9,286,Overcast,0,0,
34360,2022-04-02 14:31:00,40.692844,-73.99311,0,0,Unspecified,4515813,11.1,1.4,0.0,0.0,0.0,0.0,3,26.3,47.9,286,Overcast,0,0,
34361,2022-04-24 21:15:00,40.612534,-73.92704,0,0,Driver Inattention/Distraction,4521652,15.8,7.0,0.0,0.0,0.0,0.0,3,21.7,43.2,114,Overcast,0,0,
34362,2022-04-20 15:49:00,40.67712,-73.98326,0,0,Driver Inattention/Distraction,4522142,13.9,3.4,0.0,0.0,0.0,0.0,3,26.6,49.0,282,Overcast,0,0,
34363,2022-04-17 00:15:00,40.632694,-74.02728,1,0,Driver Inattention/Distraction,4522338,10.0,3.9,0.5,0.5,0.0,2.0,51,30.1,56.5,313,Drizzle: Light,1,1,
34364,2022-04-24 17:37:00,40.585342,-73.94157,1,0,Unspecified,4521742,15.8,7.0,0.0,0.0,0.0,0.0,3,21.7,43.2,114,Overcast,1,1,
34365,2022-04-24 04:45:00,0.0,0.0,1,0,Driver Inattention/Distraction,4521820,15.8,7.0,0.0,0.0,0.0,0.0,3,21.7,43.2,114,Overcast,1,1,
34366,2022-04-05 07:56:00,40.66638,-73.86109,0,0,Unspecified,4522283,12.1,1.0,1.7,1.7,0.0,3.0,53,16.8,32.8,121,Drizzle: Moderate,0,0,
34367,2022-04-08 23:15:00,40.880966,-73.90546,0,0,Unspecified,4522230,16.5,7.1,5.2,5.2,0.0,4.0,63,21.3,42.8,253,Rain: Moderate,0,0,
34368,2022-04-24 17:18:00,40.851997,-73.88555,0,0,Driver Inattention/Distraction,4521851,15.8,7.0,0.0,0.0,0.0,0.0,3,21.7,43.2,114,Overcast,0,0,
34369,2022-04-24 17:10:00,40.710907,-73.95165,1,0,Failure to Yield Right-of-Way,4521721,15.8,7.0,0.0,0.0,0.0,0.0,3,21.7,43.2,114,Overcast,1,1,
34370,2022-04-24 02:28:00,40.882153,-73.83193,0,0,Steering Failure,4522206,15.8,7.0,0.0,0.0,0.0,0.0,3,21.7,43.2,114,Overcast,0,0,
34371,2022-04-18 13:00:00,40.881794,-73.90092,4,0,Unspecified,4522223,10.6,1.5,6.1,6.1,0.0,5.0,63,30.8,52.9,90,Rain: Moderate,4,4,
34372,2022-04-20 14:30:00,40.80151,-73.95007,0,0,Driver Inattention/Distraction,4522237,13.9,3.4,0.0,0.0,0.0,0.0,3,26.6,49.0,282,Overcast,0,0,
34373,2022-04-24 10:16:00,40.859745,-73.8958,0,0,Unspecified,4521765,15.8,7.0,0.0,0.0,0.0,0.0,3,21.7,43.2,114,Overcast,0,0,
34374,2022-04-25 03:30:00,40.670776,-73.84788,0,0,Driver Inattention/Distraction,4521962,15.1,6.1,0.0,0.0,0.0,0.0,3,20.9,41.4,119,Overcast,0,0,
34375,2022-04-25 19:21:00,40.65452,-73.882225,2,0,Driver Inattention/Distraction,4522055,15.1,6.1,0.0,0.0,0.0,0.0,3,20.9,41.4,119,Overcast,2,2,
34376,2022-04-25 05:00:00,40.85937,-73.9068,0,0,Passing Too Closely,4521888,15.1,6.1,0.0,0.0,0.0,0.0,3,20.9,41.4,119,Overcast,0,0,
34377,2022-04-25 19:19:00,40.769325,-73.83635,2,0,Passing or Lane Usage Improper,4522023,15.1,6.1,0.0,0.0,0.0,0.0,3,20.9,41.4,119,Overcast,2,2,
34378,2021-05-25 08:00:00,40.66252,-73.84071,1,0,Failure to Yield Right-of-Way,4420181,21.9,13.0,0.0,0.0,0.0,0.0,3,24.3,47.9,182,Overcast,1,1,
34379,2022-06-22 20:00:00,40.701874,-73.78928,0,0,Traffic Control Disregarded,4543229,20.6,16.7,3.3,3.3,0.0,11.0,53,23.2,43.9,127,Drizzle: Moderate,0,0,
34380,2021-06-10 09:17:00,40.598766,-74.00075,1,0,Driver Inattention/Distraction,4425512,26.7,16.8,0.0,0.0,0.0,0.0,3,20.9,40.3,78,Overcast,1,1,
34381,2021-06-11 16:00:00,40.764786,-73.96844,0,0,Tinted Windows,4426784,20.7,15.3,1.2,1.2,0.0,3.0,53,13.2,27.0,97,Drizzle: Moderate,0,0,
34382,2021-06-12 18:00:00,40.61384,-73.981445,1,0,Following Too Closely,4426307,21.2,16.4,0.4,0.4,0.0,3.0,51,15.5,31.3,112,Drizzle: Light,1,1,
34383,2021-06-12 21:40:00,40.67308,-73.93352,0,0,Driver Inattention/Distraction,4426595,21.2,16.4,0.4,0.4,0.0,3.0,51,15.5,31.3,112,Drizzle: Light,0,0,
34384,2021-06-12 01:58:00,40.70784,-73.92722,0,0,Backing Unsafely,4426418,21.2,16.4,0.4,0.4,0.0,3.0,51,15.5,31.3,112,Drizzle: Light,0,0,
34385,2021-06-12 16:50:00,40.668373,-73.92264,0,0,Driver Inattention/Distraction,4427227,21.2,16.4,0.4,0.4,0.0,3.0,51,15.5,31.3,112,Drizzle: Light,0,0,
34386,2021-06-11 19:00:00,40.691948,-73.730675,0,0,Unspecified,4427142,20.7,15.3,1.2,1.2,0.0,3.0,53,13.2,27.0,97,Drizzle: Moderate,0,0,
34387,2021-06-12 17:16:00,40.615433,-73.99775,2,0,Driver Inexperience,4426966,21.2,16.4,0.4,0.4,0.0,3.0,51,15.5,31.3,112,Drizzle: Light,2,2,
34388,2021-06-12 16:05:00,40.57494,-74.10527,0,0,Backing Unsafely,4426942,21.2,16.4,0.4,0.4,0.0,3.0,51,15.5,31.3,112,Drizzle: Light,0,0,
34389,2021-06-12 02:00:00,40.633106,-73.898026,0,0,Driver Inexperience,4425920,21.2,16.4,0.4,0.4,0.0,3.0,51,15.5,31.3,112,Drizzle: Light,0,0,
34390,2021-06-12 21:30:00,40.693123,-73.77279,1,0,Following Too Closely,4426376,21.2,16.4,0.4,0.4,0.0,3.0,51,15.5,31.3,112,Drizzle: Light,1,1,
34391,2021-06-12 00:00:00,40.670364,-73.89063,3,0,Unspecified,4427254,21.2,16.4,0.4,0.4,0.0,3.0,51,15.5,31.3,112,Drizzle: Light,3,3,
34392,2021-06-12 22:34:00,40.607258,-73.96727,8,0,Unsafe Speed,4426755,21.2,16.4,0.4,0.4,0.0,3.0,51,15.5,31.3,112,Drizzle: Light,8,8,
34393,2021-06-12 03:45:00,40.755054,-73.88338,1,0,Driver Inattention/Distraction,4426459,21.2,16.4,0.4,0.4,0.0,3.0,51,15.5,31.3,112,Drizzle: Light,1,1,
34394,2021-06-11 08:30:00,40.675735,-73.89686,1,0,Unspecified,4426903,20.7,15.3,1.2,1.2,0.0,3.0,53,13.2,27.0,97,Drizzle: Moderate,1,1,
34395,2021-06-11 07:52:00,40.87367,-73.879234,0,0,Following Too Closely,4427007,20.7,15.3,1.2,1.2,0.0,3.0,53,13.2,27.0,97,Drizzle: Moderate,0,0,
34396,2021-06-12 14:04:00,40.61488,-73.82164,0,0,Following Too Closely,4427071,21.2,16.4,0.4,0.4,0.0,3.0,51,15.5,31.3,112,Drizzle: Light,0,0,
34397,2021-06-12 01:00:00,40.62515,-74.005135,0,0,Passing Too Closely,4426105,21.2,16.4,0.4,0.4,0.0,3.0,51,15.5,31.3,112,Drizzle: Light,0,0,
34398,2021-06-12 16:40:00,40.677082,-73.92296,0,0,Driver Inattention/Distraction,4426485,21.2,16.4,0.4,0.4,0.0,3.0,51,15.5,31.3,112,Drizzle: Light,0,0,
34399,2021-06-10 15:47:00,40.743427,-73.99613,0,0,Other Vehicular,4426962,26.7,16.8,0.0,0.0,0.0,0.0,3,20.9,40.3,78,Overcast,0,0,
34400,2021-06-11 17:00:00,40.8514,-73.90606,2,0,Failure to Yield Right-of-Way,4426995,20.7,15.3,1.2,1.2,0.0,3.0,53,13.2,27.0,97,Drizzle: Moderate,2,2,
34401,2021-06-11 08:00:00,40.675053,-73.87436,0,0,Driver Inattention/Distraction,4426886,20.7,15.3,1.2,1.2,0.0,3.0,53,13.2,27.0,97,Drizzle: Moderate,0,0,
34402,2021-06-12 11:11:00,40.719334,-73.906845,0,0,Other Vehicular,4426144,21.2,16.4,0.4,0.4,0.0,3.0,51,15.5,31.3,112,Drizzle: Light,0,0,
34403,2021-06-12 18:20:00,40.815845,-73.89544,0,0,Traffic Control Disregarded,4426267,21.2,16.4,0.4,0.4,0.0,3.0,51,15.5,31.3,112,Drizzle: Light,0,0,
34404,2021-06-12 15:15:00,40.73659,-73.71181,0,0,Unspecified,4426615,21.2,16.4,0.4,0.4,0.0,3.0,51,15.5,31.3,112,Drizzle: Light,0,0,
34405,2021-06-04 16:30:00,40.65492,-73.92101,1,0,Unspecified,4427169,25.3,17.4,6.5,6.5,0.0,10.0,61,17.9,37.8,235,Rain: Light,1,1,
34406,2021-06-12 17:40:00,40.668068,-73.935844,0,0,Driver Inattention/Distraction,4426678,21.2,16.4,0.4,0.4,0.0,3.0,51,15.5,31.3,112,Drizzle: Light,0,0,
34407,2021-06-12 02:27:00,40.77071,-73.952896,0,0,Passing Too Closely,4426794,21.2,16.4,0.4,0.4,0.0,3.0,51,15.5,31.3,112,Drizzle: Light,0,0,
34408,2021-06-12 04:00:00,40.623367,-73.989494,0,0,Alcohol Involvement,4426828,21.2,16.4,0.4,0.4,0.0,3.0,51,15.5,31.3,112,Drizzle: Light,0,0,
34409,2021-06-12 17:12:00,40.635185,-73.92862,0,0,Driver Inattention/Distraction,4426244,21.2,16.4,0.4,0.4,0.0,3.0,51,15.5,31.3,112,Drizzle: Light,0,0,
34410,2021-06-12 12:44:00,40.770153,-73.81313,0,0,Passing Too Closely,4426214,21.2,16.4,0.4,0.4,0.0,3.0,51,15.5,31.3,112,Drizzle: Light,0,0,
34411,2021-06-11 17:50:00,40.68358,-73.97617,0,0,Unsafe Lane Changing,4427030,20.7,15.3,1.2,1.2,0.0,3.0,53,13.2,27.0,97,Drizzle: Moderate,0,0,
34412,2021-06-05 17:05:00,40.880337,-73.83824,0,0,Unspecified,4427099,31.3,17.3,0.0,0.0,0.0,0.0,2,20.9,43.9,247,Partly cloudy,0,0,
34413,2021-06-12 10:22:00,40.622272,-73.92827,0,0,Unspecified,4426238,21.2,16.4,0.4,0.4,0.0,3.0,51,15.5,31.3,112,Drizzle: Light,0,0,
34414,2021-06-12 08:00:00,40.769283,-73.82445,0,0,Passing or Lane Usage Improper,4426215,21.2,16.4,0.4,0.4,0.0,3.0,51,15.5,31.3,112,Drizzle: Light,0,0,
34415,2021-06-12 02:00:00,40.693897,-73.85404,0,0,Passing Too Closely,4426977,21.2,16.4,0.4,0.4,0.0,3.0,51,15.5,31.3,112,Drizzle: Light,0,0,
34416,2021-06-12 18:35:00,40.834167,-73.92779,3,0,Failure to Yield Right-of-Way,4426261,21.2,16.4,0.4,0.4,0.0,3.0,51,15.5,31.3,112,Drizzle: Light,3,3,
34417,2021-06-12 06:40:00,40.739674,-73.934586,0,0,Driver Inattention/Distraction,4426173,21.2,16.4,0.4,0.4,0.0,3.0,51,15.5,31.3,112,Drizzle: Light,0,0,
34418,2021-06-12 17:15:00,40.659042,-73.83121,1,0,Brakes Defective,4426817,21.2,16.4,0.4,0.4,0.0,3.0,51,15.5,31.3,112,Drizzle: Light,1,1,
34419,2021-06-12 13:37:00,40.867382,-73.926414,1,0,Driver Inattention/Distraction,4426439,21.2,16.4,0.4,0.4,0.0,3.0,51,15.5,31.3,112,Drizzle: Light,1,1,
34420,2021-06-12 19:30:00,40.833755,-73.87407,1,0,Following Too Closely,4426521,21.2,16.4,0.4,0.4,0.0,3.0,51,15.5,31.3,112,Drizzle: Light,1,1,
34421,2021-06-12 00:49:00,40.78959,-73.81954,0,0,Passing Too Closely,4427213,21.2,16.4,0.4,0.4,0.0,3.0,51,15.5,31.3,112,Drizzle: Light,0,0,
34422,2021-06-10 00:05:00,40.734837,-73.99076,0,0,Traffic Control Disregarded,4427271,26.7,16.8,0.0,0.0,0.0,0.0,3,20.9,40.3,78,Overcast,0,0,
34423,2021-06-10 09:40:00,40.623264,-74.02449,0,0,Unspecified,4426872,26.7,16.8,0.0,0.0,0.0,0.0,3,20.9,40.3,78,Overcast,0,0,
34424,2021-06-12 06:55:00,40.822834,-73.941925,1,0,Unsafe Lane Changing,4426838,21.2,16.4,0.4,0.4,0.0,3.0,51,15.5,31.3,112,Drizzle: Light,1,1,
34425,2021-06-12 16:00:00,40.70921,-73.87017,1,0,Unspecified,4426202,21.2,16.4,0.4,0.4,0.0,3.0,51,15.5,31.3,112,Drizzle: Light,1,1,
34426,2021-06-12 21:08:00,40.7007,-73.98869,0,0,Following Too Closely,4426251,21.2,16.4,0.4,0.4,0.0,3.0,51,15.5,31.3,112,Drizzle: Light,0,0,
34427,2021-06-12 15:45:00,40.66495,-73.993355,3,0,Unspecified,4426386,21.2,16.4,0.4,0.4,0.0,3.0,51,15.5,31.3,112,Drizzle: Light,3,3,
34428,2021-06-11 18:56:00,40.851044,-73.91488,1,0,Driver Inattention/Distraction,4427020,20.7,15.3,1.2,1.2,0.0,3.0,53,13.2,27.0,97,Drizzle: Moderate,1,1,
34429,2021-06-07 17:20:00,40.674572,-73.96314,1,0,Driver Inattention/Distraction,4427127,31.0,20.7,0.1,0.1,0.0,1.0,51,16.5,34.9,204,Drizzle: Light,1,1,
34430,2021-06-12 13:21:00,40.623657,-74.02064,0,0,Unspecified,4426666,21.2,16.4,0.4,0.4,0.0,3.0,51,15.5,31.3,112,Drizzle: Light,0,0,
34431,2021-06-12 21:24:00,40.650764,-73.88481,0,0,Driver Inattention/Distraction,4426915,21.2,16.4,0.4,0.4,0.0,3.0,51,15.5,31.3,112,Drizzle: Light,0,0,
34432,2021-06-12 05:20:00,40.876022,-73.872925,0,0,Driver Inattention/Distraction,4427031,21.2,16.4,0.4,0.4,0.0,3.0,51,15.5,31.3,112,Drizzle: Light,0,0,
34433,2021-06-12 18:25:00,40.74073,-73.981766,1,0,Pedestrian/Bicyclist/Other Pedestrian Error/Confusion,4426268,21.2,16.4,0.4,0.4,0.0,3.0,51,15.5,31.3,112,Drizzle: Light,1,1,
34434,2021-06-12 21:05:00,40.705196,-73.88425,0,0,Driver Inattention/Distraction,4427087,21.2,16.4,0.4,0.4,0.0,3.0,51,15.5,31.3,112,Drizzle: Light,0,0,
34435,2021-06-12 08:46:00,40.749725,-73.98363,4,0,Driver Inattention/Distraction,4426339,21.2,16.4,0.4,0.4,0.0,3.0,51,15.5,31.3,112,Drizzle: Light,4,4,
34436,2021-06-08 03:41:00,40.60507,-73.97913,0,0,Steering Failure,4426983,30.1,22.0,5.9,5.9,0.0,9.0,61,16.6,34.6,215,Rain: Light,0,0,
34437,2021-06-12 13:30:00,40.792854,-73.96753,0,0,Following Too Closely,4426220,21.2,16.4,0.4,0.4,0.0,3.0,51,15.5,31.3,112,Drizzle: Light,0,0,
34438,2021-06-12 08:00:00,40.67911,-73.880615,0,0,Unspecified,4426902,21.2,16.4,0.4,0.4,0.0,3.0,51,15.5,31.3,112,Drizzle: Light,0,0,
34439,2021-06-12 15:35:00,40.8913,-73.8507,1,0,Driver Inattention/Distraction,4426748,21.2,16.4,0.4,0.4,0.0,3.0,51,15.5,31.3,112,Drizzle: Light,1,1,
34440,2021-06-12 14:30:00,40.7606,-73.96434,1,0,Unspecified,4426803,21.2,16.4,0.4,0.4,0.0,3.0,51,15.5,31.3,112,Drizzle: Light,1,1,
34441,2021-05-30 19:18:00,40.88893,-73.86579,0,0,Driver Inattention/Distraction,4427100,11.5,8.5,13.7,13.7,0.0,24.0,61,28.1,52.2,22,Rain: Light,0,0,
34442,2021-06-12 02:55:00,40.659275,-73.889,0,0,Driver Inattention/Distraction,4426897,21.2,16.4,0.4,0.4,0.0,3.0,51,15.5,31.3,112,Drizzle: Light,0,0,
34443,2021-05-22 04:30:00,40.87656,-73.90436,1,0,Driver Inattention/Distraction,4426971,30.5,16.5,0.0,0.0,0.0,0.0,3,19.1,36.4,299,Overcast,1,1,
34444,2021-06-12 12:05:00,40.75371,-73.92109,1,0,Failure to Yield Right-of-Way,4426432,21.2,16.4,0.4,0.4,0.0,3.0,51,15.5,31.3,112,Drizzle: Light,1,1,
34445,2021-06-12 18:00:00,40.83235,-73.92107,0,0,Passing Too Closely,4426948,21.2,16.4,0.4,0.4,0.0,3.0,51,15.5,31.3,112,Drizzle: Light,0,0,
34446,2021-06-12 10:50:00,40.696983,-73.935234,0,0,Turning Improperly,4426487,21.2,16.4,0.4,0.4,0.0,3.0,51,15.5,31.3,112,Drizzle: Light,0,0,
34447,2021-06-11 22:28:00,40.668373,-73.92264,1,0,Unspecified,4427229,20.7,15.3,1.2,1.2,0.0,3.0,53,13.2,27.0,97,Drizzle: Moderate,1,1,
34448,2021-06-12 23:27:00,40.765686,-73.82913,1,0,Aggressive Driving/Road Rage,4426364,21.2,16.4,0.4,0.4,0.0,3.0,51,15.5,31.3,112,Drizzle: Light,1,1,
34449,2021-04-30 20:00:00,40.66748,-73.89726,0,0,Unspecified,4427256,19.9,7.6,0.4,0.4,0.0,4.0,51,36.9,82.1,289,Drizzle: Light,0,0,
34450,2021-06-12 23:18:00,40.748177,-73.970375,1,0,Pedestrian/Bicyclist/Other Pedestrian Error/Confusion,4426640,21.2,16.4,0.4,0.4,0.0,3.0,51,15.5,31.3,112,Drizzle: Light,1,1,
34451,2021-06-12 00:15:00,40.88271,-73.881256,0,0,Driver Inattention/Distraction,4427011,21.2,16.4,0.4,0.4,0.0,3.0,51,15.5,31.3,112,Drizzle: Light,0,0,
34452,2021-06-12 16:00:00,40.665176,-73.88154,0,0,Unspecified,4426908,21.2,16.4,0.4,0.4,0.0,3.0,51,15.5,31.3,112,Drizzle: Light,0,0,
34453,2021-06-11 18:58:00,40.679333,-73.97533,1,0,Traffic Control Disregarded,4427040,20.7,15.3,1.2,1.2,0.0,3.0,53,13.2,27.0,97,Drizzle: Moderate,1,1,
34454,2021-06-12 22:50:00,40.687244,-73.95469,0,0,Following Too Closely,4426548,21.2,16.4,0.4,0.4,0.0,3.0,51,15.5,31.3,112,Drizzle: Light,0,0,
34455,2021-06-12 02:00:00,40.674953,-73.80205,0,0,Passing Too Closely,4426379,21.2,16.4,0.4,0.4,0.0,3.0,51,15.5,31.3,112,Drizzle: Light,0,0,
34456,2021-06-12 13:36:00,40.67983,-73.9583,1,0,Driver Inattention/Distraction,4426553,21.2,16.4,0.4,0.4,0.0,3.0,51,15.5,31.3,112,Drizzle: Light,1,1,
34457,2021-06-12 05:38:00,40.7494,-73.87573,0,0,Driver Inattention/Distraction,4426460,21.2,16.4,0.4,0.4,0.0,3.0,51,15.5,31.3,112,Drizzle: Light,0,0,
34458,2021-06-12 01:15:00,40.809746,-73.93839,1,0,Unspecified,4426954,21.2,16.4,0.4,0.4,0.0,3.0,51,15.5,31.3,112,Drizzle: Light,1,1,
34459,2021-06-12 02:50:00,40.75469,-73.99536,0,0,Driver Inattention/Distraction,4425921,21.2,16.4,0.4,0.4,0.0,3.0,51,15.5,31.3,112,Drizzle: Light,0,0,
34460,2021-06-11 11:17:00,40.607674,-74.00172,0,0,Backing Unsafely,4426987,20.7,15.3,1.2,1.2,0.0,3.0,53,13.2,27.0,97,Drizzle: Moderate,0,0,
34461,2021-06-05 12:50:00,40.684734,-73.950455,0,0,Passing Too Closely,4427077,31.3,17.3,0.0,0.0,0.0,0.0,2,20.9,43.9,247,Partly cloudy,0,0,
34462,2021-06-12 04:33:00,40.615204,-73.96337,0,0,Tire Failure/Inadequate,4426333,21.2,16.4,0.4,0.4,0.0,3.0,51,15.5,31.3,112,Drizzle: Light,0,0,
34463,2021-06-11 14:50:00,40.661835,-73.89311,2,0,Unspecified,4426890,20.7,15.3,1.2,1.2,0.0,3.0,53,13.2,27.0,97,Drizzle: Moderate,2,2,