,CRASH DATETIME,LATITUDE,LONGITUDE,NUMBER OF PERSONS INJURED,NUMBER OF PERSONS KILLED,CONTRIBUTING FACTOR VEHICLE 1,COLLISION_ID,temperature_2m_max,temperature_2m_min,precipitation_sum,rain_sum,snowfall_sum,precipitation_hours,weather_code,wind_speed_10m_max,wind_gusts_10m_max,wind_direction_10m_dominant,Weather Description,Severity_Score,Total_Affected_Persons,Weather_Category
34464,2021-06-05 10:45:00,40.678947,-73.92324,2,0,Following Too Closely,4427068,31.3,17.3,0.0,0.0,0.0,0.0,2,20.9,43.9,247,Partly cloudy,2,2,
34465,2021-06-12 20:49:00,0.0,0.0,0,0,Pedestrian/Bicyclist/Other Pedestrian Error/Confusion,4427034,21.2,16.4,0.4,0.4,0.0,3.0,51,15.5,31.3,112,Drizzle: Light,0,0,
34466,2021-06-12 06:35:00,40.865993,-73.84071,0,0,Unspecified,4426112,21.2,16.4,0.4,0.4,0.0,3.0,51,15.5,31.3,112,Drizzle: Light,0,0,
34467,2021-06-11 14:45:00,40.741302,-74.00207,0,0,Following Too Closely,4426963,20.7,15.3,1.2,1.2,0.0,3.0,53,13.2,27.0,97,Drizzle: Moderate,0,0,
34468,2021-06-12 18:12:00,40.86539,-73.88684,0,0,Passing or Lane Usage Improper,4426291,21.2,16.4,0.4,0.4,0.0,3.0,51,15.5,31.3,112,Drizzle: Light,0,0,
34469,2021-06-12 03:20:00,40.750412,-73.874016,0,0,Driver Inattention/Distraction,4426467,21.2,16.4,0.4,0.4,0.0,3.0,51,15.5,31.3,112,Drizzle: Light,0,0,
34470,2021-06-12 22:31:00,40.851044,-73.91488,0,0,Unsafe Speed,4426996,21.2,16.4,0.4,0.4,0.0,3.0,51,15.5,31.3,112,Drizzle: Light,0,0,
34471,2021-06-12 11:50:00,40.5758,-73.96114,0,0,Passing Too Closely,4426372,21.2,16.4,0.4,0.4,0.0,3.0,51,15.5,31.3,112,Drizzle: Light,0,0,
34472,2021-06-11 08:00:00,40.67743,-73.87591,0,0,Driver Inattention/Distraction,4426885,20.7,15.3,1.2,1.2,0.0,3.0,53,13.2,27.0,97,Drizzle: Moderate,0,0,
34473,2021-06-10 20:10:00,40.803425,-73.93309,3,0,Traffic Control Disregarded,4426907,26.7,16.8,0.0,0.0,0.0,0.0,3,20.9,40.3,78,Overcast,3,3,
34474,2022-07-02 03:49:00,40.763134,-73.92093,1,0,Alcohol Involvement,4543120,30.8,23.1,4.0,4.0,0.0,5.0,61,19.4,40.0,229,Rain: Light,1,1,
34475,2021-06-12 16:51:00,40.68815,-73.72963,0,0,Unspecified,4427143,21.2,16.4,0.4,0.4,0.0,3.0,51,15.5,31.3,112,Drizzle: Light,0,0,
34476,2021-06-01 12:30:00,40.690052,-73.92369,0,0,Driver Inattention/Distraction,4427062,23.5,9.7,0.0,0.0,0.0,0.0,3,17.6,32.0,221,Overcast,0,0,
34477,2021-06-09 23:22:00,40.736275,-73.95852,1,0,Driver Inexperience,4426981,30.2,21.4,1.1,1.1,0.0,5.0,51,11.7,28.1,286,Drizzle: Light,1,1,
34478,2021-06-11 16:47:00,40.77918,-73.9508,1,0,Driver Inattention/Distraction,4427234,20.7,15.3,1.2,1.2,0.0,3.0,53,13.2,27.0,97,Drizzle: Moderate,1,1,
34479,2021-06-12 17:20:00,40.69016,-73.98161,0,0,Unsafe Speed,4426219,21.2,16.4,0.4,0.4,0.0,3.0,51,15.5,31.3,112,Drizzle: Light,0,0,
34480,2021-06-12 18:37:00,40.78722,-73.952065,1,0,Traffic Control Disregarded,4426240,21.2,16.4,0.4,0.4,0.0,3.0,51,15.5,31.3,112,Drizzle: Light,1,1,
34481,2021-06-06 12:00:00,40.658905,-73.95833,1,0,Driver Inattention/Distraction,4427046,31.0,20.0,0.0,0.0,0.0,0.0,1,16.6,32.4,222,Mainly clear,1,1,Sunny/Clear Conditions
34482,2021-06-12 17:57:00,40.608215,-73.99809,1,0,Driver Inattention/Distraction,4426308,21.2,16.4,0.4,0.4,0.0,3.0,51,15.5,31.3,112,Drizzle: Light,1,1,
34483,2022-07-01 23:20:00,40.67015,-73.92325,2,0,Other Vehicular,4543288,33.7,20.2,0.1,0.1,0.0,1.0,51,32.3,58.0,215,Drizzle: Light,2,2,
34484,2021-06-12 21:00:00,40.828854,-73.89932,1,0,Driver Inexperience,4426721,21.2,16.4,0.4,0.4,0.0,3.0,51,15.5,31.3,112,Drizzle: Light,1,1,
34485,2021-06-12 17:00:00,40.692722,-73.98433,0,0,Passing or Lane Usage Improper,4426204,21.2,16.4,0.4,0.4,0.0,3.0,51,15.5,31.3,112,Drizzle: Light,0,0,
34486,2021-06-12 16:16:00,40.867676,-73.85571,0,0,Other Vehicular,4426591,21.2,16.4,0.4,0.4,0.0,3.0,51,15.5,31.3,112,Drizzle: Light,0,0,
34487,2021-06-12 18:59:00,40.88851,-73.86009,1,0,Driver Inattention/Distraction,4426749,21.2,16.4,0.4,0.4,0.0,3.0,51,15.5,31.3,112,Drizzle: Light,1,1,
34488,2021-06-12 23:10:00,40.67189,-73.895874,0,0,Unsafe Speed,4426916,21.2,16.4,0.4,0.4,0.0,3.0,51,15.5,31.3,112,Drizzle: Light,0,0,
34489,2021-06-12 03:20:00,40.742863,-74.003975,0,0,Traffic Control Disregarded,4426970,21.2,16.4,0.4,0.4,0.0,3.0,51,15.5,31.3,112,Drizzle: Light,0,0,
34490,2021-06-09 14:00:00,40.62547,-74.00383,0,0,Unspecified,4426873,30.2,21.4,1.1,1.1,0.0,5.0,51,11.7,28.1,286,Drizzle: Light,0,0,
34491,2021-06-11 21:00:00,40.72359,-73.98918,0,0,Driver Inattention/Distraction,4427275,20.7,15.3,1.2,1.2,0.0,3.0,53,13.2,27.0,97,Drizzle: Moderate,0,0,
34492,2021-06-12 05:55:00,40.72844,-73.87116,1,0,Fatigued/Drowsy,4426301,21.2,16.4,0.4,0.4,0.0,3.0,51,15.5,31.3,112,Drizzle: Light,1,1,
34493,2021-06-12 20:45:00,40.706917,-73.93972,0,0,Failure to Yield Right-of-Way,4426409,21.2,16.4,0.4,0.4,0.0,3.0,51,15.5,31.3,112,Drizzle: Light,0,0,
34494,2021-06-12 16:05:00,40.72416,-73.754974,0,1,Physical Disability,4427132,21.2,16.4,0.4,0.4,0.0,3.0,51,15.5,31.3,112,Drizzle: Light,20,1,
34495,2021-06-06 17:05:00,40.67706,-73.96598,0,0,Driver Inattention/Distraction,4427120,31.0,20.0,0.0,0.0,0.0,0.0,1,16.6,32.4,222,Mainly clear,0,0,Sunny/Clear Conditions
34496,2021-06-12 01:30:00,40.844982,-73.92067,1,0,Unspecified,4427022,21.2,16.4,0.4,0.4,0.0,3.0,51,15.5,31.3,112,Drizzle: Light,1,1,
34497,2021-06-12 20:47:00,40.651863,-73.86536,0,0,Following Too Closely,4426911,21.2,16.4,0.4,0.4,0.0,3.0,51,15.5,31.3,112,Drizzle: Light,0,0,
34498,2021-06-12 18:00:00,40.803715,-73.91588,0,0,Aggressive Driving/Road Rage,4427090,21.2,16.4,0.4,0.4,0.0,3.0,51,15.5,31.3,112,Drizzle: Light,0,0,
34499,2021-06-12 17:57:00,40.73968,-73.849495,1,0,Driver Inattention/Distraction,4426706,21.2,16.4,0.4,0.4,0.0,3.0,51,15.5,31.3,112,Drizzle: Light,1,1,
34500,2021-06-12 10:30:00,40.621998,-73.9743,0,0,Following Too Closely,4426835,21.2,16.4,0.4,0.4,0.0,3.0,51,15.5,31.3,112,Drizzle: Light,0,0,
34501,2021-06-12 15:41:00,40.632725,-73.90017,0,0,Unspecified,4426264,21.2,16.4,0.4,0.4,0.0,3.0,51,15.5,31.3,112,Drizzle: Light,0,0,
34502,2021-06-10 06:05:00,40.672855,-73.87131,1,0,Unspecified,4427259,26.7,16.8,0.0,0.0,0.0,0.0,3,20.9,40.3,78,Overcast,1,1,
34503,2021-06-12 18:52:00,40.848545,-73.86161,1,0,Failure to Yield Right-of-Way,4426610,21.2,16.4,0.4,0.4,0.0,3.0,51,15.5,31.3,112,Drizzle: Light,1,1,
34504,2021-06-12 13:10:00,40.861023,-73.89205,0,0,Driver Inattention/Distraction,4426438,21.2,16.4,0.4,0.4,0.0,3.0,51,15.5,31.3,112,Drizzle: Light,0,0,
34505,2021-06-12 17:11:00,40.676598,-73.93039,1,0,Driver Inattention/Distraction,4427130,21.2,16.4,0.4,0.4,0.0,3.0,51,15.5,31.3,112,Drizzle: Light,1,1,
34506,2021-06-09 15:44:00,40.865158,-73.89648,1,0,Unspecified,4426976,30.2,21.4,1.1,1.1,0.0,5.0,51,11.7,28.1,286,Drizzle: Light,1,1,
34507,2021-06-12 08:44:00,40.81662,-73.86571,0,0,Passing Too Closely,4426520,21.2,16.4,0.4,0.4,0.0,3.0,51,15.5,31.3,112,Drizzle: Light,0,0,
34508,2022-07-02 03:15:00,40.725273,-73.89286,1,0,,4542644,30.8,23.1,4.0,4.0,0.0,5.0,61,19.4,40.0,229,Rain: Light,1,1,
34509,2021-06-12 22:10:00,40.67657,-73.9008,1,0,Unspecified,4426912,21.2,16.4,0.4,0.4,0.0,3.0,51,15.5,31.3,112,Drizzle: Light,1,1,
34510,2021-06-10 02:50:00,40.68546,-73.98515,0,0,Alcohol Involvement,4427168,26.7,16.8,0.0,0.0,0.0,0.0,3,20.9,40.3,78,Overcast,0,0,
34511,2021-06-12 22:08:00,40.633377,-73.9482,1,0,Failure to Yield Right-of-Way,4426337,21.2,16.4,0.4,0.4,0.0,3.0,51,15.5,31.3,112,Drizzle: Light,1,1,
34512,2021-06-12 13:50:00,40.636375,-74.165085,0,0,Driver Inattention/Distraction,4426865,21.2,16.4,0.4,0.4,0.0,3.0,51,15.5,31.3,112,Drizzle: Light,0,0,
34513,2021-06-12 03:40:00,40.670624,-73.895546,0,0,Following Too Closely,4426898,21.2,16.4,0.4,0.4,0.0,3.0,51,15.5,31.3,112,Drizzle: Light,0,0,
34514,2021-06-12 15:20:00,40.70089,-73.94221,0,0,Passing or Lane Usage Improper,4426405,21.2,16.4,0.4,0.4,0.0,3.0,51,15.5,31.3,112,Drizzle: Light,0,0,
34515,2021-06-12 08:10:00,40.77139,-73.95044,0,0,Backing Unsafely,4426793,21.2,16.4,0.4,0.4,0.0,3.0,51,15.5,31.3,112,Drizzle: Light,0,0,
34516,2021-06-12 00:50:00,40.608204,-73.920715,0,0,Unsafe Speed,4426169,21.2,16.4,0.4,0.4,0.0,3.0,51,15.5,31.3,112,Drizzle: Light,0,0,
34517,2021-06-12 20:00:00,40.691914,-73.88332,0,0,Unsafe Speed,4426533,21.2,16.4,0.4,0.4,0.0,3.0,51,15.5,31.3,112,Drizzle: Light,0,0,
34518,2021-06-12 16:00:00,40.69706,-73.91933,0,0,Driver Inattention/Distraction,4426243,21.2,16.4,0.4,0.4,0.0,3.0,51,15.5,31.3,112,Drizzle: Light,0,0,
34519,2021-06-12 15:40:00,40.651226,-73.94096,1,0,Failure to Yield Right-of-Way,4426583,21.2,16.4,0.4,0.4,0.0,3.0,51,15.5,31.3,112,Drizzle: Light,1,1,
34520,2021-06-12 00:13:00,40.665257,-73.739555,1,0,Failure to Yield Right-of-Way,4426315,21.2,16.4,0.4,0.4,0.0,3.0,51,15.5,31.3,112,Drizzle: Light,1,1,
34521,2021-06-12 16:50:00,40.72262,-73.901535,0,0,Alcohol Involvement,4426532,21.2,16.4,0.4,0.4,0.0,3.0,51,15.5,31.3,112,Drizzle: Light,0,0,
34522,2021-06-11 09:30:00,40.74788,-73.87586,0,0,Driver Inattention/Distraction,4427196,20.7,15.3,1.2,1.2,0.0,3.0,53,13.2,27.0,97,Drizzle: Moderate,0,0,
34523,2021-06-12 21:00:00,40.55309,-74.163284,0,0,Passing Too Closely,4426946,21.2,16.4,0.4,0.4,0.0,3.0,51,15.5,31.3,112,Drizzle: Light,0,0,
34524,2021-06-12 16:40:00,40.7666,-73.89117,1,0,Driver Inexperience,4426431,21.2,16.4,0.4,0.4,0.0,3.0,51,15.5,31.3,112,Drizzle: Light,1,1,
34525,2021-06-09 17:20:00,40.634483,-74.02359,0,0,Driver Inattention/Distraction,4426955,30.2,21.4,1.1,1.1,0.0,5.0,51,11.7,28.1,286,Drizzle: Light,0,0,
34526,2021-06-12 01:55:00,40.82005,-73.88698,0,0,Unspecified,4425931,21.2,16.4,0.4,0.4,0.0,3.0,51,15.5,31.3,112,Drizzle: Light,0,0,
34527,2021-06-06 02:44:00,40.695705,-73.94637,1,0,Driver Inexperience,4426988,31.0,20.0,0.0,0.0,0.0,0.0,1,16.6,32.4,222,Mainly clear,1,1,Sunny/Clear Conditions
34528,2021-06-11 05:04:00,0.0,0.0,0,0,Unsafe Lane Changing,4427274,20.7,15.3,1.2,1.2,0.0,3.0,53,13.2,27.0,97,Drizzle: Moderate,0,0,
34529,2021-06-11 15:00:00,40.678444,-73.86886,0,0,Unspecified,4426889,20.7,15.3,1.2,1.2,0.0,3.0,53,13.2,27.0,97,Drizzle: Moderate,0,0,
34530,2021-06-10 23:57:00,40.68138,-73.95352,0,0,Lane Marking Improper/Inadequate,4427075,26.7,16.8,0.0,0.0,0.0,0.0,3,20.9,40.3,78,Overcast,0,0,
34531,2021-06-07 18:53:00,40.667347,-73.9376,0,0,Unspecified,4427047,31.0,20.7,0.1,0.1,0.0,1.0,51,16.5,34.9,204,Drizzle: Light,0,0,
34532,2021-06-12 20:25:00,40.610054,-73.95342,0,0,Driver Inattention/Distraction,4426750,21.2,16.4,0.4,0.4,0.0,3.0,51,15.5,31.3,112,Drizzle: Light,0,0,
34533,2021-06-12 11:50:00,40.664234,-73.74565,0,0,Unspecified,4426232,21.2,16.4,0.4,0.4,0.0,3.0,51,15.5,31.3,112,Drizzle: Light,0,0,
34534,2021-06-12 15:18:00,40.691982,-73.735695,1,0,Passing or Lane Usage Improper,4426234,21.2,16.4,0.4,0.4,0.0,3.0,51,15.5,31.3,112,Drizzle: Light,1,1,
34535,2021-06-12 00:07:00,40.70674,-73.92032,3,0,Driver Inattention/Distraction,4426646,21.2,16.4,0.4,0.4,0.0,3.0,51,15.5,31.3,112,Drizzle: Light,3,3,
34536,2022-04-23 23:27:00,0.0,0.0,2,0,Alcohol Involvement,4522677,14.7,6.3,0.0,0.0,0.0,0.0,3,15.0,29.2,119,Overcast,2,2,
34537,2021-05-24 08:00:00,40.82394,-73.94856,0,0,Unspecified,4426986,18.9,13.7,0.0,0.0,0.0,0.0,3,22.4,44.3,126,Overcast,0,0,
34538,2021-06-12 14:00:00,40.67255,-73.988045,0,0,Following Too Closely,4426250,21.2,16.4,0.4,0.4,0.0,3.0,51,15.5,31.3,112,Drizzle: Light,0,0,
34539,2021-06-12 21:00:00,40.835648,-73.88862,0,0,Unspecified,4426723,21.2,16.4,0.4,0.4,0.0,3.0,51,15.5,31.3,112,Drizzle: Light,0,0,
34540,2021-06-11 20:08:00,40.85965,-73.90312,2,0,Failure to Yield Right-of-Way,4427010,20.7,15.3,1.2,1.2,0.0,3.0,53,13.2,27.0,97,Drizzle: Moderate,2,2,
34541,2021-06-12 22:00:00,40.76229,-73.75711,0,0,Unspecified,4426300,21.2,16.4,0.4,0.4,0.0,3.0,51,15.5,31.3,112,Drizzle: Light,0,0,
34542,2021-06-12 18:00:00,40.68989,-73.81819,1,0,Traffic Control Disregarded,4426809,21.2,16.4,0.4,0.4,0.0,3.0,51,15.5,31.3,112,Drizzle: Light,1,1,
34543,2021-06-12 21:20:00,40.69911,-73.93402,0,0,Unspecified,4426647,21.2,16.4,0.4,0.4,0.0,3.0,51,15.5,31.3,112,Drizzle: Light,0,0,
34544,2021-06-12 18:30:00,40.670864,-73.80753,1,0,Failure to Yield Right-of-Way,4426800,21.2,16.4,0.4,0.4,0.0,3.0,51,15.5,31.3,112,Drizzle: Light,1,1,
34545,2021-06-12 04:00:00,40.850273,-73.82767,0,0,Unspecified,4426845,21.2,16.4,0.4,0.4,0.0,3.0,51,15.5,31.3,112,Drizzle: Light,0,0,
34546,2022-07-02 20:20:00,40.642174,-73.97388,1,0,Unspecified,4543140,30.8,23.1,4.0,4.0,0.0,5.0,61,19.4,40.0,229,Rain: Light,1,1,
34547,2021-06-12 14:10:00,40.686665,-73.86089,1,0,Following Too Closely,4427026,21.2,16.4,0.4,0.4,0.0,3.0,51,15.5,31.3,112,Drizzle: Light,1,1,
34548,2021-06-12 17:54:00,40.84226,-73.87228,0,0,Following Too Closely,4427033,21.2,16.4,0.4,0.4,0.0,3.0,51,15.5,31.3,112,Drizzle: Light,0,0,
34549,2021-06-12 04:25:00,40.678112,-73.90784,0,0,Unspecified,4426284,21.2,16.4,0.4,0.4,0.0,3.0,51,15.5,31.3,112,Drizzle: Light,0,0,
34550,2021-06-12 10:20:00,40.730885,-73.9479,1,0,Pedestrian/Bicyclist/Other Pedestrian Error/Confusion,4427013,21.2,16.4,0.4,0.4,0.0,3.0,51,15.5,31.3,112,Drizzle: Light,1,1,
34551,2021-06-11 11:37:00,40.678738,-73.89887,0,0,Driver Inattention/Distraction,4426888,20.7,15.3,1.2,1.2,0.0,3.0,53,13.2,27.0,97,Drizzle: Moderate,0,0,
34552,2021-06-09 11:07:00,40.88173,-73.88239,1,0,Unsafe Speed,4426979,30.2,21.4,1.1,1.1,0.0,5.0,51,11.7,28.1,286,Drizzle: Light,1,1,
34553,2021-06-12 14:40:00,40.756317,-73.83369,0,0,Failure to Yield Right-of-Way,4426218,21.2,16.4,0.4,0.4,0.0,3.0,51,15.5,31.3,112,Drizzle: Light,0,0,
34554,2021-06-12 16:50:00,40.710464,-73.986626,1,0,Driver Inattention/Distraction,4426311,21.2,16.4,0.4,0.4,0.0,3.0,51,15.5,31.3,112,Drizzle: Light,1,1,
34555,2021-06-12 01:21:00,40.674953,-73.80205,0,0,Unsafe Lane Changing,4426163,21.2,16.4,0.4,0.4,0.0,3.0,51,15.5,31.3,112,Drizzle: Light,0,0,
34556,2021-06-12 20:45:00,40.63038,-73.90379,0,0,Unspecified,4426265,21.2,16.4,0.4,0.4,0.0,3.0,51,15.5,31.3,112,Drizzle: Light,0,0,
34557,2021-06-10 14:55:00,40.68107,-73.94972,0,0,Following Too Closely,4427080,26.7,16.8,0.0,0.0,0.0,0.0,3,20.9,40.3,78,Overcast,0,0,
34558,2021-06-12 00:04:00,40.6742,-73.99984,0,0,Passing Too Closely,4426629,21.2,16.4,0.4,0.4,0.0,3.0,51,15.5,31.3,112,Drizzle: Light,0,0,
34559,2021-06-12 18:00:00,40.737606,-73.74073,0,0,Unspecified,4426255,21.2,16.4,0.4,0.4,0.0,3.0,51,15.5,31.3,112,Drizzle: Light,0,0,
34560,2021-05-30 14:59:00,40.72026,-73.75234,0,0,Passing or Lane Usage Improper,4427149,11.5,8.5,13.7,13.7,0.0,24.0,61,28.1,52.2,22,Rain: Light,0,0,
34561,2022-06-29 00:00:00,40.663906,-73.95098,0,0,Driver Inattention/Distraction,4543338,29.0,17.7,0.0,0.0,0.0,0.0,3,27.2,51.5,195,Overcast,0,0,
34562,2021-06-11 23:30:00,40.76663,-73.88903,0,0,Unspecified,4426469,20.7,15.3,1.2,1.2,0.0,3.0,53,13.2,27.0,97,Drizzle: Moderate,0,0,
34563,2021-06-12 14:20:00,40.705307,-74.00903,0,0,Passing Too Closely,4427239,21.2,16.4,0.4,0.4,0.0,3.0,51,15.5,31.3,112,Drizzle: Light,0,0,
34564,2021-06-12 11:30:00,40.579803,-73.97184,0,0,Driver Inattention/Distraction,4426373,21.2,16.4,0.4,0.4,0.0,3.0,51,15.5,31.3,112,Drizzle: Light,0,0,
34565,2021-06-12 22:22:00,40.741337,-73.85933,0,0,Driver Inattention/Distraction,4426710,21.2,16.4,0.4,0.4,0.0,3.0,51,15.5,31.3,112,Drizzle: Light,0,0,
34566,2021-06-12 16:20:00,40.813145,-73.938614,2,0,Turning Improperly,4426833,21.2,16.4,0.4,0.4,0.0,3.0,51,15.5,31.3,112,Drizzle: Light,2,2,
34567,2021-06-12 23:30:00,40.885757,-73.82837,0,0,Driver Inattention/Distraction,4426764,21.2,16.4,0.4,0.4,0.0,3.0,51,15.5,31.3,112,Drizzle: Light,0,0,
34568,2021-06-12 16:00:00,40.569927,-74.09108,0,0,Following Too Closely,4426451,21.2,16.4,0.4,0.4,0.0,3.0,51,15.5,31.3,112,Drizzle: Light,0,0,
34569,2021-06-12 15:00:00,40.801754,-73.93121,3,0,Unsafe Speed,4426905,21.2,16.4,0.4,0.4,0.0,3.0,51,15.5,31.3,112,Drizzle: Light,3,3,
34570,2021-06-10 16:48:00,40.873016,-73.87488,1,0,Driver Inexperience,4427004,26.7,16.8,0.0,0.0,0.0,0.0,3,20.9,40.3,78,Overcast,1,1,
34571,2021-06-12 14:40:00,40.824066,-73.908714,1,0,Unspecified,4426345,21.2,16.4,0.4,0.4,0.0,3.0,51,15.5,31.3,112,Drizzle: Light,1,1,
34572,2021-06-12 15:45:00,40.668007,-73.89969,0,0,Driver Inattention/Distraction,4426917,21.2,16.4,0.4,0.4,0.0,3.0,51,15.5,31.3,112,Drizzle: Light,0,0,
34573,2021-06-10 11:44:00,40.70083,-73.93314,0,0,Reaction to Uninvolved Vehicle,4427277,26.7,16.8,0.0,0.0,0.0,0.0,3,20.9,40.3,78,Overcast,0,0,
34574,2021-06-12 13:09:00,40.61717,-73.955154,0,0,Unsafe Speed,4426336,21.2,16.4,0.4,0.4,0.0,3.0,51,15.5,31.3,112,Drizzle: Light,0,0,
34575,2021-06-12 00:00:00,40.79162,-73.94885,0,0,Alcohol Involvement,4426118,21.2,16.4,0.4,0.4,0.0,3.0,51,15.5,31.3,112,Drizzle: Light,0,0,
34576,2021-06-11 00:10:00,40.80383,-73.94211,1,0,Unspecified,4426956,20.7,15.3,1.2,1.2,0.0,3.0,53,13.2,27.0,97,Drizzle: Moderate,1,1,
34577,2021-06-09 22:38:00,40.68218,-73.94659,0,0,Driver Inattention/Distraction,4427095,30.2,21.4,1.1,1.1,0.0,5.0,51,11.7,28.1,286,Drizzle: Light,0,0,
34578,2021-06-12 11:40:00,40.680035,-73.9055,2,0,Failure to Yield Right-of-Way,4426241,21.2,16.4,0.4,0.4,0.0,3.0,51,15.5,31.3,112,Drizzle: Light,2,2,
34579,2021-06-07 06:55:00,40.67888,-73.93561,0,0,Driver Inattention/Distraction,4427063,31.0,20.7,0.1,0.1,0.0,1.0,51,16.5,34.9,204,Drizzle: Light,0,0,
34580,2021-06-10 16:35:00,40.849407,-73.900894,1,0,Failure to Yield Right-of-Way,4426997,26.7,16.8,0.0,0.0,0.0,0.0,3,20.9,40.3,78,Overcast,1,1,
34581,2021-06-12 12:50:00,40.798916,-73.94024,0,0,Unspecified,4426892,21.2,16.4,0.4,0.4,0.0,3.0,51,15.5,31.3,112,Drizzle: Light,0,0,
34582,2021-06-09 04:40:00,40.676342,-73.910934,3,0,Unsafe Speed,4427224,30.2,21.4,1.1,1.1,0.0,5.0,51,11.7,28.1,286,Drizzle: Light,3,3,
34583,2021-06-12 18:20:00,40.711216,-73.94831,1,0,Pavement Defective,4426425,21.2,16.4,0.4,0.4,0.0,3.0,51,15.5,31.3,112,Drizzle: Light,1,1,
34584,2021-06-07 18:50:00,40.67105,-73.9233,0,0,Driver Inattention/Distraction,4427119,31.0,20.7,0.1,0.1,0.0,1.0,51,16.5,34.9,204,Drizzle: Light,0,0,
34585,2021-06-12 19:55:00,40.86272,-73.84083,1,0,Failure to Yield Right-of-Way,4426609,21.2,16.4,0.4,0.4,0.0,3.0,51,15.5,31.3,112,Drizzle: Light,1,1,
34586,2021-06-12 05:30:00,40.67911,-73.880615,0,0,Driver Inattention/Distraction,4426899,21.2,16.4,0.4,0.4,0.0,3.0,51,15.5,31.3,112,Drizzle: Light,0,0,
34587,2021-06-12 18:55:00,40.723022,-73.99882,0,0,Driver Inattention/Distraction,4426382,21.2,16.4,0.4,0.4,0.0,3.0,51,15.5,31.3,112,Drizzle: Light,0,0,
34588,2021-06-12 16:49:00,40.734947,-73.845436,0,0,Following Too Closely,4426302,21.2,16.4,0.4,0.4,0.0,3.0,51,15.5,31.3,112,Drizzle: Light,0,0,
34589,2021-06-06 22:20:00,40.73988,-73.99872,0,0,Passing Too Closely,4426969,31.0,20.0,0.0,0.0,0.0,0.0,1,16.6,32.4,222,Mainly clear,0,0,Sunny/Clear Conditions
34590,2021-06-12 12:00:00,40.739124,-73.850075,0,0,Following Too Closely,4426705,21.2,16.4,0.4,0.4,0.0,3.0,51,15.5,31.3,112,Drizzle: Light,0,0,
34591,2021-06-12 18:01:00,40.821705,-73.9568,1,0,Driver Inattention/Distraction,4426874,21.2,16.4,0.4,0.4,0.0,3.0,51,15.5,31.3,112,Drizzle: Light,1,1,
34592,2021-06-12 14:29:00,40.69484,-73.98391,1,0,Traffic Control Disregarded,4426434,21.2,16.4,0.4,0.4,0.0,3.0,51,15.5,31.3,112,Drizzle: Light,1,1,
34593,2021-06-12 18:25:00,40.696846,-73.961754,0,0,Passing or Lane Usage Improper,4427133,21.2,16.4,0.4,0.4,0.0,3.0,51,15.5,31.3,112,Drizzle: Light,0,0,
34594,2021-06-12 22:00:00,40.71018,-73.91085,0,0,Turning Improperly,4426536,21.2,16.4,0.4,0.4,0.0,3.0,51,15.5,31.3,112,Drizzle: Light,0,0,
34595,2021-06-11 08:20:00,40.882496,-73.88283,0,0,Alcohol Involvement,4427009,20.7,15.3,1.2,1.2,0.0,3.0,53,13.2,27.0,97,Drizzle: Moderate,0,0,
34596,2021-06-12 21:22:00,40.6843,-73.87222,0,0,Driver Inattention/Distraction,4426910,21.2,16.4,0.4,0.4,0.0,3.0,51,15.5,31.3,112,Drizzle: Light,0,0,
34597,2021-06-05 08:00:00,40.68005,-73.932594,0,0,Backing Unsafely,4427067,31.3,17.3,0.0,0.0,0.0,0.0,2,20.9,43.9,247,Partly cloudy,0,0,
34598,2021-06-12 22:30:00,40.65422,-73.939384,2,0,Alcohol Involvement,4426584,21.2,16.4,0.4,0.4,0.0,3.0,51,15.5,31.3,112,Drizzle: Light,2,2,
34599,2021-06-12 21:00:00,40.73086,-73.8562,0,0,Unspecified,4427050,21.2,16.4,0.4,0.4,0.0,3.0,51,15.5,31.3,112,Drizzle: Light,0,0,
34600,2021-06-12 22:42:00,40.66957,-73.86198,0,0,Unspecified,4426913,21.2,16.4,0.4,0.4,0.0,3.0,51,15.5,31.3,112,Drizzle: Light,0,0,
34601,2021-06-12 02:50:00,40.68746,-73.906494,0,0,Unsafe Speed,4426102,21.2,16.4,0.4,0.4,0.0,3.0,51,15.5,31.3,112,Drizzle: Light,0,0,
34602,2022-07-02 13:00:00,40.67011,-73.912796,0,0,Unspecified,4543394,30.8,23.1,4.0,4.0,0.0,5.0,61,19.4,40.0,229,Rain: Light,0,0,
34603,2021-06-10 23:10:00,40.798527,-73.93961,0,0,Unspecified,4426952,26.7,16.8,0.0,0.0,0.0,0.0,3,20.9,40.3,78,Overcast,0,0,
34604,2021-06-12 16:55:00,40.834354,-73.90086,1,0,Backing Unsafely,4426344,21.2,16.4,0.4,0.4,0.0,3.0,51,15.5,31.3,112,Drizzle: Light,1,1,
34605,2021-06-12 18:00:00,40.609,-73.95642,0,0,Unspecified,4426751,21.2,16.4,0.4,0.4,0.0,3.0,51,15.5,31.3,112,Drizzle: Light,0,0,
34606,2021-06-12 19:28:00,40.763744,-73.83507,0,0,Unspecified,4426235,21.2,16.4,0.4,0.4,0.0,3.0,51,15.5,31.3,112,Drizzle: Light,0,0,
34607,2021-06-12 08:50:00,40.89183,-73.84324,0,0,Driver Inattention/Distraction,4426743,21.2,16.4,0.4,0.4,0.0,3.0,51,15.5,31.3,112,Drizzle: Light,0,0,