,CRASH DATETIME,LATITUDE,LONGITUDE,NUMBER OF PERSONS INJURED,NUMBER OF PERSONS KILLED,CONTRIBUTING FACTOR VEHICLE 1,COLLISION_ID,temperature_2m_max,temperature_2m_min,precipitation_sum,rain_sum,snowfall_sum,precipitation_hours,weather_code,wind_speed_10m_max,wind_gusts_10m_max,wind_direction_10m_dominant,Weather Description,Severity_Score,Total_Affected_Persons,Weather_Category
34608,2021-06-08 12:00:00,40.61593,-73.91312,2,0,Passing or Lane Usage Improper,4426974,30.1,22.0,5.9,5.9,0.0,9.0,61,16.6,34.6,215,Rain: Light,2,2,
34609,2021-06-12 17:01:00,40.848118,-73.93089,0,0,Unspecified,4426446,21.2,16.4,0.4,0.4,0.0,3.0,51,15.5,31.3,112,Drizzle: Light,0,0,
34610,2021-06-10 18:18:00,40.605568,-74.03118,0,0,Following Too Closely,4427186,26.7,16.8,0.0,0.0,0.0,0.0,3,20.9,40.3,78,Overcast,0,0,
34611,2021-06-09 22:11:00,40.67813,-73.87112,0,0,Unspecified,4427258,30.2,21.4,1.1,1.1,0.0,5.0,51,11.7,28.1,286,Drizzle: Light,0,0,
34612,2021-06-12 19:00:00,40.688698,-73.85409,0,0,Unspecified,4426868,21.2,16.4,0.4,0.4,0.0,3.0,51,15.5,31.3,112,Drizzle: Light,0,0,
34613,2021-06-12 10:15:00,40.679386,-73.99685,0,0,Unspecified,4426630,21.2,16.4,0.4,0.4,0.0,3.0,51,15.5,31.3,112,Drizzle: Light,0,0,
34614,2021-06-12 16:00:00,40.7272,-73.74922,0,0,Following Too Closely,4426254,21.2,16.4,0.4,0.4,0.0,3.0,51,15.5,31.3,112,Drizzle: Light,0,0,
34615,2021-06-12 11:19:00,40.767418,-73.7906,0,0,Failure to Yield Right-of-Way,4426299,21.2,16.4,0.4,0.4,0.0,3.0,51,15.5,31.3,112,Drizzle: Light,0,0,
34616,2021-06-12 12:15:00,40.694588,-73.82591,0,0,Driver Inexperience,4427044,21.2,16.4,0.4,0.4,0.0,3.0,51,15.5,31.3,112,Drizzle: Light,0,0,
34617,2021-06-12 14:10:00,40.700768,-73.990944,0,0,Aggressive Driving/Road Rage,4426189,21.2,16.4,0.4,0.4,0.0,3.0,51,15.5,31.3,112,Drizzle: Light,0,0,
34618,2021-06-12 02:30:00,40.844982,-73.92067,0,0,Driver Inattention/Distraction,4427014,21.2,16.4,0.4,0.4,0.0,3.0,51,15.5,31.3,112,Drizzle: Light,0,0,
34619,2021-06-12 00:00:00,40.69324,-73.92865,2,0,Backing Unsafely,4426651,21.2,16.4,0.4,0.4,0.0,3.0,51,15.5,31.3,112,Drizzle: Light,2,2,
34620,2021-06-12 05:23:00,40.71778,-73.93246,1,0,Other Vehicular,4426404,21.2,16.4,0.4,0.4,0.0,3.0,51,15.5,31.3,112,Drizzle: Light,1,1,
34621,2021-06-12 22:05:00,40.665916,-73.92547,2,0,Unspecified,4427129,21.2,16.4,0.4,0.4,0.0,3.0,51,15.5,31.3,112,Drizzle: Light,2,2,
34622,2021-06-12 12:30:00,40.829185,-73.94472,1,0,Unspecified,4426985,21.2,16.4,0.4,0.4,0.0,3.0,51,15.5,31.3,112,Drizzle: Light,1,1,
34623,2021-06-12 11:51:00,40.736576,-73.85406,0,0,Driver Inattention/Distraction,4427074,21.2,16.4,0.4,0.4,0.0,3.0,51,15.5,31.3,112,Drizzle: Light,0,0,
34624,2021-06-12 19:45:00,40.781693,-73.839615,0,0,Failure to Yield Right-of-Way,4426259,21.2,16.4,0.4,0.4,0.0,3.0,51,15.5,31.3,112,Drizzle: Light,0,0,
34625,2021-06-12 23:10:00,40.72956,-73.87145,0,0,View Obstructed/Limited,4426303,21.2,16.4,0.4,0.4,0.0,3.0,51,15.5,31.3,112,Drizzle: Light,0,0,
34626,2021-06-11 11:00:00,40.63426,-74.14596,0,0,Unspecified,4426882,20.7,15.3,1.2,1.2,0.0,3.0,53,13.2,27.0,97,Drizzle: Moderate,0,0,
34627,2021-06-12 21:35:00,40.677654,-73.82866,0,0,Unsafe Speed,4426801,21.2,16.4,0.4,0.4,0.0,3.0,51,15.5,31.3,112,Drizzle: Light,0,0,
34628,2021-06-07 15:00:00,40.715176,-73.951965,1,0,Failure to Yield Right-of-Way,4427135,31.0,20.7,0.1,0.1,0.0,1.0,51,16.5,34.9,204,Drizzle: Light,1,1,
34629,2021-06-12 01:10:00,40.700424,-73.9444,0,0,Alcohol Involvement,4426175,21.2,16.4,0.4,0.4,0.0,3.0,51,15.5,31.3,112,Drizzle: Light,0,0,
34630,2021-06-12 23:22:00,40.828945,-73.85666,4,0,Traffic Control Disregarded,4426525,21.2,16.4,0.4,0.4,0.0,3.0,51,15.5,31.3,112,Drizzle: Light,4,4,
34631,2021-06-12 11:40:00,40.72276,-73.98595,1,0,Turning Improperly,4427273,21.2,16.4,0.4,0.4,0.0,3.0,51,15.5,31.3,112,Drizzle: Light,1,1,
34632,2021-06-12 16:30:00,40.674896,-73.80745,0,0,Traffic Control Disregarded,4426227,21.2,16.4,0.4,0.4,0.0,3.0,51,15.5,31.3,112,Drizzle: Light,0,0,
34633,2021-06-09 19:00:00,40.69456,-73.93438,0,0,Unspecified,4427152,30.2,21.4,1.1,1.1,0.0,5.0,51,11.7,28.1,286,Drizzle: Light,0,0,
34634,2021-06-12 01:23:00,40.668022,-73.95605,2,0,Following Too Closely,4426680,21.2,16.4,0.4,0.4,0.0,3.0,51,15.5,31.3,112,Drizzle: Light,2,2,
34635,2021-06-12 01:50:00,40.674953,-73.80205,0,0,Following Too Closely,4426162,21.2,16.4,0.4,0.4,0.0,3.0,51,15.5,31.3,112,Drizzle: Light,0,0,
34636,2021-06-12 11:15:00,40.71664,-73.97561,0,0,Unsafe Lane Changing,4426313,21.2,16.4,0.4,0.4,0.0,3.0,51,15.5,31.3,112,Drizzle: Light,0,0,
34637,2021-06-12 21:24:00,40.774895,-73.95391,1,0,Pedestrian/Bicyclist/Other Pedestrian Error/Confusion,4426795,21.2,16.4,0.4,0.4,0.0,3.0,51,15.5,31.3,112,Drizzle: Light,1,1,
34638,2021-06-12 04:30:00,40.701683,-73.90885,1,0,Driver Inattention/Distraction,4427081,21.2,16.4,0.4,0.4,0.0,3.0,51,15.5,31.3,112,Drizzle: Light,1,1,
34639,2021-06-12 23:00:00,40.819622,-73.86835,0,0,Unspecified,4426626,21.2,16.4,0.4,0.4,0.0,3.0,51,15.5,31.3,112,Drizzle: Light,0,0,
34640,2021-06-12 13:59:00,40.88176,-73.82324,4,0,Unspecified,4426247,21.2,16.4,0.4,0.4,0.0,3.0,51,15.5,31.3,112,Drizzle: Light,4,4,
34641,2021-06-12 18:00:00,40.60276,-73.914734,0,0,Passing or Lane Usage Improper,4426968,21.2,16.4,0.4,0.4,0.0,3.0,51,15.5,31.3,112,Drizzle: Light,0,0,
34642,2021-06-12 23:12:00,40.677208,-73.89723,0,0,Unspecified,4426925,21.2,16.4,0.4,0.4,0.0,3.0,51,15.5,31.3,112,Drizzle: Light,0,0,
34643,2021-06-12 01:30:00,40.73603,-73.99781,0,0,Following Too Closely,4426411,21.2,16.4,0.4,0.4,0.0,3.0,51,15.5,31.3,112,Drizzle: Light,0,0,
34644,2021-06-12 11:35:00,40.579803,-73.97184,2,0,Turning Improperly,4426375,21.2,16.4,0.4,0.4,0.0,3.0,51,15.5,31.3,112,Drizzle: Light,2,2,
34645,2021-06-11 09:00:00,40.67158,-73.88911,0,0,Driver Inattention/Distraction,4426887,20.7,15.3,1.2,1.2,0.0,3.0,53,13.2,27.0,97,Drizzle: Moderate,0,0,
34646,2021-06-12 11:30:00,40.675735,-73.89686,0,0,Unspecified,4426904,21.2,16.4,0.4,0.4,0.0,3.0,51,15.5,31.3,112,Drizzle: Light,0,0,
34647,2021-06-12 13:00:00,40.768982,-73.91064,0,0,Driver Inattention/Distraction,4426430,21.2,16.4,0.4,0.4,0.0,3.0,51,15.5,31.3,112,Drizzle: Light,0,0,
34648,2021-06-12 12:00:00,40.702255,-73.92008,0,0,Passing or Lane Usage Improper,4426242,21.2,16.4,0.4,0.4,0.0,3.0,51,15.5,31.3,112,Drizzle: Light,0,0,
34649,2021-06-07 13:00:00,40.694088,-73.93427,0,0,Driver Inattention/Distraction,4427064,31.0,20.7,0.1,0.1,0.0,1.0,51,16.5,34.9,204,Drizzle: Light,0,0,
34650,2021-06-12 16:55:00,40.7712,-73.83345,0,0,Following Too Closely,4426217,21.2,16.4,0.4,0.4,0.0,3.0,51,15.5,31.3,112,Drizzle: Light,0,0,
34651,2021-06-09 10:15:00,40.865086,-73.90049,0,0,Passing Too Closely,4426978,30.2,21.4,1.1,1.1,0.0,5.0,51,11.7,28.1,286,Drizzle: Light,0,0,
34652,2021-06-12 22:55:00,40.736153,-73.86755,1,0,Driver Inattention/Distraction,4426708,21.2,16.4,0.4,0.4,0.0,3.0,51,15.5,31.3,112,Drizzle: Light,1,1,
34653,2021-06-10 19:50:00,40.68401,-73.87837,0,0,Driver Inattention/Distraction,4427249,26.7,16.8,0.0,0.0,0.0,0.0,3,20.9,40.3,78,Overcast,0,0,
34654,2021-06-12 15:50:00,40.584137,-73.96386,2,0,Following Too Closely,4426266,21.2,16.4,0.4,0.4,0.0,3.0,51,15.5,31.3,112,Drizzle: Light,2,2,
34655,2021-06-12 05:00:00,40.754406,-73.85581,1,0,Other Vehicular,4426458,21.2,16.4,0.4,0.4,0.0,3.0,51,15.5,31.3,112,Drizzle: Light,1,1,
34656,2021-06-12 00:10:00,40.67801,-73.84975,4,0,Traffic Control Disregarded,4426763,21.2,16.4,0.4,0.4,0.0,3.0,51,15.5,31.3,112,Drizzle: Light,4,4,
34657,2021-06-12 16:00:00,40.727753,-73.854095,0,0,Driver Inattention/Distraction,4426602,21.2,16.4,0.4,0.4,0.0,3.0,51,15.5,31.3,112,Drizzle: Light,0,0,
34658,2021-06-12 05:10:00,40.743217,-73.83403,3,0,Reaction to Uninvolved Vehicle,4426213,21.2,16.4,0.4,0.4,0.0,3.0,51,15.5,31.3,112,Drizzle: Light,3,3,
34659,2021-06-12 04:10:00,40.771305,-73.87664,4,0,Unsafe Speed,4426133,21.2,16.4,0.4,0.4,0.0,3.0,51,15.5,31.3,112,Drizzle: Light,4,4,
34660,2021-06-12 07:16:00,40.621178,-73.95335,0,0,Accelerator Defective,4426334,21.2,16.4,0.4,0.4,0.0,3.0,51,15.5,31.3,112,Drizzle: Light,0,0,
34661,2021-06-11 18:30:00,40.676468,-73.97647,0,0,Passing Too Closely,4427032,20.7,15.3,1.2,1.2,0.0,3.0,53,13.2,27.0,97,Drizzle: Moderate,0,0,
34662,2021-06-12 10:55:00,40.762386,-73.87322,0,0,Unspecified,4426470,21.2,16.4,0.4,0.4,0.0,3.0,51,15.5,31.3,112,Drizzle: Light,0,0,
34663,2021-06-12 20:17:00,40.805805,-73.97075,0,0,Unsafe Lane Changing,4426277,21.2,16.4,0.4,0.4,0.0,3.0,51,15.5,31.3,112,Drizzle: Light,0,0,
34664,2021-06-06 22:50:00,40.57374,-74.13195,0,0,Passing or Lane Usage Improper,4426943,31.0,20.0,0.0,0.0,0.0,0.0,1,16.6,32.4,222,Mainly clear,0,0,Sunny/Clear Conditions
34665,2021-06-09 07:30:00,40.761044,-73.998825,0,0,Passing Too Closely,4426961,30.2,21.4,1.1,1.1,0.0,5.0,51,11.7,28.1,286,Drizzle: Light,0,0,
34666,2021-06-09 16:45:00,40.86227,-73.8722,0,0,Driver Inattention/Distraction,4427001,30.2,21.4,1.1,1.1,0.0,5.0,51,11.7,28.1,286,Drizzle: Light,0,0,
34667,2021-06-09 22:50:00,40.684032,-73.91742,2,0,Unsafe Speed,4427225,30.2,21.4,1.1,1.1,0.0,5.0,51,11.7,28.1,286,Drizzle: Light,2,2,
34668,2021-06-12 06:20:00,40.669918,-73.91889,0,0,Steering Failure,4426347,21.2,16.4,0.4,0.4,0.0,3.0,51,15.5,31.3,112,Drizzle: Light,0,0,
34669,2021-06-12 08:05:00,40.681892,-73.88227,0,0,Backing Unsafely,4426900,21.2,16.4,0.4,0.4,0.0,3.0,51,15.5,31.3,112,Drizzle: Light,0,0,
34670,2021-06-11 14:13:00,40.668728,-73.986694,1,0,Driver Inattention/Distraction,4427029,20.7,15.3,1.2,1.2,0.0,3.0,53,13.2,27.0,97,Drizzle: Moderate,1,1,
34671,2021-06-12 00:00:00,40.749783,-73.80289,0,0,Unsafe Speed,4426659,21.2,16.4,0.4,0.4,0.0,3.0,51,15.5,31.3,112,Drizzle: Light,0,0,
34672,2021-06-12 18:20:00,40.6263,-73.90067,1,0,Unsafe Speed,4427051,21.2,16.4,0.4,0.4,0.0,3.0,51,15.5,31.3,112,Drizzle: Light,1,1,
34673,2021-06-12 23:40:00,40.682537,-73.95002,1,0,Unsafe Speed,4427083,21.2,16.4,0.4,0.4,0.0,3.0,51,15.5,31.3,112,Drizzle: Light,1,1,
34674,2021-06-12 18:20:00,40.785492,-73.984116,0,0,Driver Inattention/Distraction,4426237,21.2,16.4,0.4,0.4,0.0,3.0,51,15.5,31.3,112,Drizzle: Light,0,0,
34675,2021-06-12 22:20:00,40.588585,-73.94255,0,0,Unsafe Speed,4426752,21.2,16.4,0.4,0.4,0.0,3.0,51,15.5,31.3,112,Drizzle: Light,0,0,
34676,2021-06-12 23:21:00,40.820568,-73.959305,0,0,Driver Inexperience,4426984,21.2,16.4,0.4,0.4,0.0,3.0,51,15.5,31.3,112,Drizzle: Light,0,0,
34677,2021-06-12 17:42:00,40.844463,-73.93829,0,0,Driver Inexperience,4426633,21.2,16.4,0.4,0.4,0.0,3.0,51,15.5,31.3,112,Drizzle: Light,0,0,
34678,2021-06-12 20:58:00,40.760372,-73.815094,1,0,Failure to Yield Right-of-Way,4426260,21.2,16.4,0.4,0.4,0.0,3.0,51,15.5,31.3,112,Drizzle: Light,1,1,
34679,2021-06-12 02:10:00,40.814632,-73.9442,1,0,Aggressive Driving/Road Rage,4426841,21.2,16.4,0.4,0.4,0.0,3.0,51,15.5,31.3,112,Drizzle: Light,1,1,
34680,2021-06-12 15:10:00,40.67406,-73.820786,0,0,Unsafe Speed,4426816,21.2,16.4,0.4,0.4,0.0,3.0,51,15.5,31.3,112,Drizzle: Light,0,0,
34681,2021-06-12 13:00:00,40.690594,-73.79505,0,0,Unspecified,4426191,21.2,16.4,0.4,0.4,0.0,3.0,51,15.5,31.3,112,Drizzle: Light,0,0,
34682,2021-06-10 14:50:00,40.868366,-73.88981,0,0,Passing or Lane Usage Improper,4427003,26.7,16.8,0.0,0.0,0.0,0.0,3,20.9,40.3,78,Overcast,0,0,
34683,2021-06-12 09:00:00,40.68926,-73.937096,0,0,Unspecified,4427065,21.2,16.4,0.4,0.4,0.0,3.0,51,15.5,31.3,112,Drizzle: Light,0,0,
34684,2021-06-10 06:15:00,40.676598,-73.93039,1,0,Driver Inattention/Distraction,4427128,26.7,16.8,0.0,0.0,0.0,0.0,3,20.9,40.3,78,Overcast,1,1,
34685,2021-06-12 15:59:00,40.756474,-73.94727,2,0,Passing Too Closely,4426433,21.2,16.4,0.4,0.4,0.0,3.0,51,15.5,31.3,112,Drizzle: Light,2,2,
34686,2021-06-11 09:00:00,40.62579,-74.00119,0,0,Unspecified,4426949,20.7,15.3,1.2,1.2,0.0,3.0,53,13.2,27.0,97,Drizzle: Moderate,0,0,
34687,2021-06-11 16:50:00,40.798622,-73.94163,1,0,Unspecified,4426953,20.7,15.3,1.2,1.2,0.0,3.0,53,13.2,27.0,97,Drizzle: Moderate,1,1,
34688,2021-06-12 00:45:00,40.63073,-74.01734,5,0,Traffic Control Device Improper/Non-Working,4426104,21.2,16.4,0.4,0.4,0.0,3.0,51,15.5,31.3,112,Drizzle: Light,5,5,
34689,2021-06-11 16:46:00,40.683506,-73.97594,0,0,Unspecified,4427042,20.7,15.3,1.2,1.2,0.0,3.0,53,13.2,27.0,97,Drizzle: Moderate,0,0,
34690,2021-06-12 22:16:00,40.83218,-73.88001,0,0,Turning Improperly,4426524,21.2,16.4,0.4,0.4,0.0,3.0,51,15.5,31.3,112,Drizzle: Light,0,0,
34691,2021-06-12 17:30:00,40.643185,-74.09876,0,0,Unspecified,4426590,21.2,16.4,0.4,0.4,0.0,3.0,51,15.5,31.3,112,Drizzle: Light,0,0,
34692,2021-06-10 14:18:00,40.836155,-73.87179,0,0,Driver Inexperience,4426994,26.7,16.8,0.0,0.0,0.0,0.0,3,20.9,40.3,78,Overcast,0,0,
34693,2021-06-12 12:30:00,40.5945,-73.78806,0,0,Unspecified,4427272,21.2,16.4,0.4,0.4,0.0,3.0,51,15.5,31.3,112,Drizzle: Light,0,0,
34694,2021-06-12 22:18:00,40.647243,-73.96048,2,0,Following Too Closely,4426340,21.2,16.4,0.4,0.4,0.0,3.0,51,15.5,31.3,112,Drizzle: Light,2,2,
34695,2021-06-12 03:00:00,40.693996,-73.85407,0,0,Passing or Lane Usage Improper,4426869,21.2,16.4,0.4,0.4,0.0,3.0,51,15.5,31.3,112,Drizzle: Light,0,0,
34696,2021-06-12 11:19:00,40.84764,-73.901,0,0,Passing or Lane Usage Improper,4426400,21.2,16.4,0.4,0.4,0.0,3.0,51,15.5,31.3,112,Drizzle: Light,0,0,
34697,2021-06-09 21:30:00,40.617584,-74.04048,0,0,Unsafe Speed,4427136,30.2,21.4,1.1,1.1,0.0,5.0,51,11.7,28.1,286,Drizzle: Light,0,0,
34698,2021-06-12 03:55:00,40.75979,-73.98793,0,1,Unspecified,4426252,21.2,16.4,0.4,0.4,0.0,3.0,51,15.5,31.3,112,Drizzle: Light,20,1,
34699,2021-06-12 10:30:00,40.746033,-73.93441,0,0,Following Too Closely,4426174,21.2,16.4,0.4,0.4,0.0,3.0,51,15.5,31.3,112,Drizzle: Light,0,0,
34700,2021-06-12 16:43:00,40.8733,-73.853645,1,0,Driver Inattention/Distraction,4426747,21.2,16.4,0.4,0.4,0.0,3.0,51,15.5,31.3,112,Drizzle: Light,1,1,
34701,2022-07-02 00:30:00,40.764267,-73.9158,1,0,Following Too Closely,4542678,30.8,23.1,4.0,4.0,0.0,5.0,61,19.4,40.0,229,Rain: Light,1,1,
34702,2021-06-12 10:30:00,40.600956,-73.98607,0,0,Unspecified,4426306,21.2,16.4,0.4,0.4,0.0,3.0,51,15.5,31.3,112,Drizzle: Light,0,0,
34703,2021-06-12 10:23:00,40.777946,-73.752884,2,0,Passenger Distraction,4426297,21.2,16.4,0.4,0.4,0.0,3.0,51,15.5,31.3,112,Drizzle: Light,2,2,
34704,2021-06-12 19:55:00,40.761486,-73.96062,0,0,Driver Inattention/Distraction,4426802,21.2,16.4,0.4,0.4,0.0,3.0,51,15.5,31.3,112,Drizzle: Light,0,0,
34705,2021-06-11 18:09:00,40.86268,-73.90905,1,0,Unsafe Lane Changing,4427008,20.7,15.3,1.2,1.2,0.0,3.0,53,13.2,27.0,97,Drizzle: Moderate,1,1,
34706,2021-06-12 18:15:00,40.853462,-73.88939,0,0,Driver Inattention/Distraction,4426440,21.2,16.4,0.4,0.4,0.0,3.0,51,15.5,31.3,112,Drizzle: Light,0,0,
34707,2021-06-12 13:20:00,40.615566,-73.929115,1,0,Unsafe Lane Changing,4426972,21.2,16.4,0.4,0.4,0.0,3.0,51,15.5,31.3,112,Drizzle: Light,1,1,
34708,2021-06-12 23:30:00,40.651676,-73.869225,0,0,Driver Inattention/Distraction,4426914,21.2,16.4,0.4,0.4,0.0,3.0,51,15.5,31.3,112,Drizzle: Light,0,0,
34709,2021-06-12 21:14:00,40.693565,-73.80769,0,0,Alcohol Involvement,4427105,21.2,16.4,0.4,0.4,0.0,3.0,51,15.5,31.3,112,Drizzle: Light,0,0,
34710,2021-06-11 18:44:00,40.687294,-73.938896,0,0,Unspecified,4427153,20.7,15.3,1.2,1.2,0.0,3.0,53,13.2,27.0,97,Drizzle: Moderate,0,0,
34711,2021-06-12 05:30:00,40.69677,-73.93701,0,0,Unspecified,4426491,21.2,16.4,0.4,0.4,0.0,3.0,51,15.5,31.3,112,Drizzle: Light,0,0,
34712,2021-06-03 00:00:00,40.67662,-73.87264,0,0,Unspecified,4427257,23.0,13.2,11.9,11.9,0.0,10.0,63,13.6,38.9,165,Rain: Moderate,0,0,
34713,2021-06-12 00:10:00,40.74147,-73.82281,0,0,Following Too Closely,4426363,21.2,16.4,0.4,0.4,0.0,3.0,51,15.5,31.3,112,Drizzle: Light,0,0,
34714,2021-06-11 13:50:00,40.582108,-73.837135,0,0,Other Vehicular,4427073,20.7,15.3,1.2,1.2,0.0,3.0,53,13.2,27.0,97,Drizzle: Moderate,0,0,
34715,2021-06-12 09:30:00,40.666595,-73.87176,1,0,Unspecified,4426901,21.2,16.4,0.4,0.4,0.0,3.0,51,15.5,31.3,112,Drizzle: Light,1,1,
34716,2021-06-11 15:30:00,40.54387,-74.14445,0,0,Unspecified,4426932,20.7,15.3,1.2,1.2,0.0,3.0,53,13.2,27.0,97,Drizzle: Moderate,0,0,
34717,2021-06-12 00:50:00,40.726986,-73.985756,1,0,Driver Inattention/Distraction,4426414,21.2,16.4,0.4,0.4,0.0,3.0,51,15.5,31.3,112,Drizzle: Light,1,1,
34718,2022-07-02 21:12:00,40.595642,-73.99676,1,0,Unspecified,4542788,30.8,23.1,4.0,4.0,0.0,5.0,61,19.4,40.0,229,Rain: Light,1,1,
34719,2022-07-02 04:25:00,40.841026,-73.887245,0,0,Brakes Defective,4543197,30.8,23.1,4.0,4.0,0.0,5.0,61,19.4,40.0,229,Rain: Light,0,0,
34720,2022-07-01 17:45:00,40.701424,-73.94307,1,0,Passing Too Closely,4543211,33.7,20.2,0.1,0.1,0.0,1.0,51,32.3,58.0,215,Drizzle: Light,1,1,
34721,2022-06-28 09:05:00,40.757233,-73.9898,0,0,Unsafe Lane Changing,4543233,27.5,19.1,0.0,0.0,0.0,0.0,3,14.4,28.4,334,Overcast,0,0,
34722,2022-06-29 06:18:00,40.595608,-73.74388,0,0,Unspecified,4543246,29.0,17.7,0.0,0.0,0.0,0.0,3,27.2,51.5,195,Overcast,0,0,
34723,2022-07-02 18:05:00,40.618416,-73.99093,0,0,Driver Inexperience,4542757,30.8,23.1,4.0,4.0,0.0,5.0,61,19.4,40.0,229,Rain: Light,0,0,
34724,2022-07-02 09:00:00,40.73204,-73.87034,1,0,Fell Asleep,4542705,30.8,23.1,4.0,4.0,0.0,5.0,61,19.4,40.0,229,Rain: Light,1,1,
34725,2022-07-01 17:30:00,40.667614,-73.804276,0,0,Passing or Lane Usage Improper,4543431,33.7,20.2,0.1,0.1,0.0,1.0,51,32.3,58.0,215,Drizzle: Light,0,0,
34726,2022-07-02 17:15:00,40.704082,-73.81641,0,0,Unspecified,4542752,30.8,23.1,4.0,4.0,0.0,5.0,61,19.4,40.0,229,Rain: Light,0,0,
34727,2022-07-02 13:24:00,40.702938,-73.89662,0,0,Unspecified,4542707,30.8,23.1,4.0,4.0,0.0,5.0,61,19.4,40.0,229,Rain: Light,0,0,
34728,2022-07-01 11:38:00,40.840042,-73.863945,0,0,Passing Too Closely,4543361,33.7,20.2,0.1,0.1,0.0,1.0,51,32.3,58.0,215,Drizzle: Light,0,0,
34729,2022-07-02 06:50:00,40.694096,-73.810814,0,0,Unspecified,4542773,30.8,23.1,4.0,4.0,0.0,5.0,61,19.4,40.0,229,Rain: Light,0,0,
34730,2022-07-02 11:20:00,40.729515,-73.8715,0,0,Traffic Control Disregarded,4542686,30.8,23.1,4.0,4.0,0.0,5.0,61,19.4,40.0,229,Rain: Light,0,0,
34731,2022-07-01 17:30:00,40.818954,-73.91404,0,0,Unspecified,4543244,33.7,20.2,0.1,0.1,0.0,1.0,51,32.3,58.0,215,Drizzle: Light,0,0,
34732,2022-07-02 00:00:00,40.845085,-73.815735,0,0,Driver Inattention/Distraction,4543081,30.8,23.1,4.0,4.0,0.0,5.0,61,19.4,40.0,229,Rain: Light,0,0,
34733,2022-07-02 12:49:00,40.67285,-73.97339,0,0,Driver Inattention/Distraction,4543150,30.8,23.1,4.0,4.0,0.0,5.0,61,19.4,40.0,229,Rain: Light,0,0,
34734,2022-06-28 19:35:00,40.71242,-73.923874,0,0,Oversized Vehicle,4543215,27.5,19.1,0.0,0.0,0.0,0.0,3,14.4,28.4,334,Overcast,0,0,
34735,2022-06-30 08:56:00,40.592793,-73.77788,4,0,Unsafe Speed,4543250,31.2,17.3,0.0,0.0,0.0,0.0,2,19.1,37.4,274,Partly cloudy,4,4,
34736,2022-07-02 05:20:00,40.67767,-73.74066,0,0,Unspecified,4542700,30.8,23.1,4.0,4.0,0.0,5.0,61,19.4,40.0,229,Rain: Light,0,0,
34737,2022-07-02 17:58:00,40.676212,-73.755646,0,0,Unspecified,4542761,30.8,23.1,4.0,4.0,0.0,5.0,61,19.4,40.0,229,Rain: Light,0,0,
34738,2022-07-02 21:00:00,40.704155,-73.90752,2,0,Driver Inattention/Distraction,4542993,30.8,23.1,4.0,4.0,0.0,5.0,61,19.4,40.0,229,Rain: Light,2,2,
34739,2022-07-02 18:24:00,40.666267,-73.845726,1,0,Pedestrian/Bicyclist/Other Pedestrian Error/Confusion,4543424,30.8,23.1,4.0,4.0,0.0,5.0,61,19.4,40.0,229,Rain: Light,1,1,
34740,2022-04-03 13:50:00,40.681686,-73.87157,1,0,,4515750,8.3,3.4,3.1,3.1,0.0,5.0,61,21.9,38.2,274,Rain: Light,1,1,
34741,2022-04-03 02:00:00,40.670395,-73.93099,1,0,Driver Inattention/Distraction,4515830,8.3,3.4,3.1,3.1,0.0,5.0,61,21.9,38.2,274,Rain: Light,1,1,
34742,2022-04-25 16:20:00,40.672173,-73.761024,1,0,Cell Phone (hand-Held),4522269,15.1,6.1,0.0,0.0,0.0,0.0,3,20.9,41.4,119,Overcast,1,1,
34743,2022-04-25 16:00:00,40.66696,-73.77078,0,0,Other Vehicular,4522013,15.1,6.1,0.0,0.0,0.0,0.0,3,20.9,41.4,119,Overcast,0,0,
34744,2022-04-19 10:30:00,40.6467,-73.95392,0,0,Driver Inattention/Distraction,4522508,11.0,4.5,27.1,27.1,0.0,9.0,63,41.1,85.0,282,Rain: Moderate,0,0,
34745,2022-04-22 14:00:00,40.879253,-73.91996,0,0,Unspecified,4522430,18.1,8.5,0.0,0.0,0.0,0.0,3,21.3,43.2,301,Overcast,0,0,
34746,2022-04-25 18:10:00,40.71401,-73.92405,0,0,Reaction to Uninvolved Vehicle,4522085,15.1,6.1,0.0,0.0,0.0,0.0,3,20.9,41.4,119,Overcast,0,0,
34747,2021-09-18 10:50:00,40.6476772,-74.0145875,1,1,Illnes,4458446,27.1,19.2,0.2,0.2,0.0,2.0,51,14.6,25.9,349,Drizzle: Light,21,2,
34748,2021-10-08 19:37:00,40.6379069,-73.8877923,1,0,Aggressive Driving/Road Rage,4466265,23.7,14.5,0.0,0.0,0.0,0.0,3,13.0,22.3,94,Overcast,1,1,
34749,2021-09-27 12:20:00,40.7008471,-73.9949415,0,0,Failure to Yield Right-of-Way,4466277,25.9,14.6,0.0,0.0,0.0,0.0,3,24.1,45.0,233,Overcast,0,0,
34750,2021-10-08 13:45:00,40.595921,-73.9410184,1,0,Unspecified,4466286,23.7,14.5,0.0,0.0,0.0,0.0,3,13.0,22.3,94,Overcast,1,1,
34751,2021-10-04 15:42:00,40.76975,-73.96061,0,1,Driver Inattention/Distraction,4464559,20.6,16.4,21.8,21.8,0.0,17.0,63,20.8,42.8,61,Rain: Moderate,20,1,
34752,2021-12-11 07:55:00,40.67632,-73.763435,0,0,Failure to Yield Right-of-Way,4485397,17.3,5.0,8.1,8.1,0.0,5.0,63,35.0,67.0,206,Rain: Moderate,0,0,
34753,2021-12-11 18:00:00,40.66484,-73.82229,0,0,Brakes Defective,4485847,17.3,5.0,8.1,8.1,0.0,5.0,63,35.0,67.0,206,Rain: Moderate,0,0,