,CRASH DATETIME,LATITUDE,LONGITUDE,NUMBER OF PERSONS INJURED,NUMBER OF PERSONS KILLED,CONTRIBUTING FACTOR VEHICLE 1,COLLISION_ID,temperature_2m_max,temperature_2m_min,precipitation_sum,rain_sum,snowfall_sum,precipitation_hours,weather_code,wind_speed_10m_max,wind_gusts_10m_max,wind_direction_10m_dominant,Weather Description,Severity_Score,Total_Affected_Persons,Weather_Category
34754,2021-12-11 17:20:00,40.790855,-73.82215,0,0,Following Too Closely,4485428,17.3,5.0,8.1,8.1,0.0,5.0,63,35.0,67.0,206,Rain: Moderate,0,0,
34755,2021-12-11 04:42:00,40.62021,-74.16078,0,0,Driver Inattention/Distraction,4485579,17.3,5.0,8.1,8.1,0.0,5.0,63,35.0,67.0,206,Rain: Moderate,0,0,
34756,2021-12-08 17:13:00,40.67189,-73.895874,0,0,Unspecified,4486030,4.7,0.9,0.7,0.7,0.0,2.0,51,14.5,24.8,355,Drizzle: Light,0,0,
34757,2021-12-10 00:52:00,40.686222,-74.00017,0,0,Unspecified,4486064,8.5,1.6,0.0,0.0,0.0,0.0,3,9.8,20.5,183,Overcast,0,0,
34758,2021-12-01 18:40:00,40.876583,-73.863914,0,0,Passing or Lane Usage Improper,4485985,8.6,1.0,0.1,0.1,0.0,1.0,51,16.6,29.5,254,Drizzle: Light,0,0,
34759,2021-12-11 11:58:00,40.702286,-73.74592,2,0,Unsafe Speed,4485488,17.3,5.0,8.1,8.1,0.0,5.0,63,35.0,67.0,206,Rain: Moderate,2,2,
34760,2021-12-11 05:45:00,40.71991,-73.809044,0,0,Driver Inattention/Distraction,4485609,17.3,5.0,8.1,8.1,0.0,5.0,63,35.0,67.0,206,Rain: Moderate,0,0,
34761,2021-12-02 11:30:00,40.651108,-73.94283,0,0,Aggressive Driving/Road Rage,4486225,13.2,5.4,3.4,3.4,0.0,10.0,55,28.0,46.8,215,Drizzle: Dense,0,0,
34762,2021-11-22 09:50:00,40.704857,-73.784134,0,0,Backing Unsafely,4486202,11.3,2.4,1.3,1.3,0.0,5.0,51,22.9,42.8,286,Drizzle: Light,0,0,
34763,2021-12-10 00:00:00,40.83029,-73.850655,1,0,Failure to Yield Right-of-Way,4486117,8.5,1.6,0.0,0.0,0.0,0.0,3,9.8,20.5,183,Overcast,1,1,
34764,2021-12-09 08:22:00,40.677578,-73.88602,0,0,Driver Inexperience,4486019,3.6,-2.0,0.1,0.0,0.07,1.0,71,19.2,33.8,295,Snow fall: Light,0,0,Snowy Conditions
34765,2021-11-24 04:00:00,40.837673,-73.86548,0,0,Unspecified,4486174,7.0,-1.6,0.0,0.0,0.0,0.0,3,18.4,33.1,305,Overcast,0,0,
34766,2021-12-11 03:05:00,40.650288,-73.9978,0,0,Driver Inattention/Distraction,4485812,17.3,5.0,8.1,8.1,0.0,5.0,63,35.0,67.0,206,Rain: Moderate,0,0,
34767,2021-12-11 04:12:00,40.84569,-73.8639,0,0,Unspecified,4485339,17.3,5.0,8.1,8.1,0.0,5.0,63,35.0,67.0,206,Rain: Moderate,0,0,
34768,2021-10-09 21:55:00,40.640053,-74.02622,2,0,Unsafe Speed,4465618,20.2,15.2,1.2,1.2,0.0,5.0,51,22.8,42.8,71,Drizzle: Light,2,2,
34769,2021-10-09 20:45:00,40.668842,-73.99437,0,0,Driver Inattention/Distraction,4465980,20.2,15.2,1.2,1.2,0.0,5.0,51,22.8,42.8,71,Drizzle: Light,0,0,
34770,2021-10-06 17:23:00,40.635372,-73.988174,0,0,Lost Consciousness,4466194,20.3,16.0,0.1,0.1,0.0,1.0,51,6.5,14.0,28,Drizzle: Light,0,0,
34771,2021-10-09 00:39:00,40.753624,-73.96944,1,0,Driver Inattention/Distraction,4465425,20.2,15.2,1.2,1.2,0.0,5.0,51,22.8,42.8,71,Drizzle: Light,1,1,
34772,2021-10-09 21:50:00,40.72186,-73.79859,0,0,Alcohol Involvement,4465704,20.2,15.2,1.2,1.2,0.0,5.0,51,22.8,42.8,71,Drizzle: Light,0,0,
34773,2021-10-09 09:03:00,40.895374,-73.86356,1,0,Unspecified,4465837,20.2,15.2,1.2,1.2,0.0,5.0,51,22.8,42.8,71,Drizzle: Light,1,1,
34774,2021-10-07 00:33:00,40.854828,-73.93132,2,0,Traffic Control Disregarded,4466162,22.4,15.7,0.4,0.4,0.0,4.0,51,10.5,20.5,231,Drizzle: Light,2,2,
34775,2021-10-09 08:00:00,40.771126,-73.80158,0,0,Driver Inattention/Distraction,4465465,20.2,15.2,1.2,1.2,0.0,5.0,51,22.8,42.8,71,Drizzle: Light,0,0,
34776,2022-06-26 12:45:00,40.60352,-73.7516,0,0,Vehicle Vandalism,4543210,30.8,19.9,0.0,0.0,0.0,0.0,3,30.9,55.8,188,Overcast,0,0,
34777,2021-10-07 13:30:00,40.708443,-74.00689,0,0,Unspecified,4466137,22.4,15.7,0.4,0.4,0.0,4.0,51,10.5,20.5,231,Drizzle: Light,0,0,
34778,2021-10-09 05:02:00,40.73361,-73.92385,0,0,Driver Inattention/Distraction,4465489,20.2,15.2,1.2,1.2,0.0,5.0,51,22.8,42.8,71,Drizzle: Light,0,0,
34779,2021-10-09 09:47:00,40.689274,-73.99913,1,0,Unspecified,4465590,20.2,15.2,1.2,1.2,0.0,5.0,51,22.8,42.8,71,Drizzle: Light,1,1,
34780,2021-10-09 23:46:00,40.79423,-73.94695,0,0,Driverless/Runaway Vehicle,4465992,20.2,15.2,1.2,1.2,0.0,5.0,51,22.8,42.8,71,Drizzle: Light,0,0,
34781,2021-10-09 22:00:00,40.65245,-73.83821,0,0,Unspecified,4466022,20.2,15.2,1.2,1.2,0.0,5.0,51,22.8,42.8,71,Drizzle: Light,0,0,
34782,2021-10-05 14:58:00,40.846138,-73.93424,1,0,Driver Inattention/Distraction,4466096,19.9,15.0,0.0,0.0,0.0,0.0,3,14.5,28.1,46,Overcast,1,1,
34783,2021-10-07 16:02:00,40.69118,-73.868065,0,0,Other Vehicular,4466111,22.4,15.7,0.4,0.4,0.0,4.0,51,10.5,20.5,231,Drizzle: Light,0,0,
34784,2021-10-09 11:50:00,40.788895,-73.81869,1,0,Reaction to Uninvolved Vehicle,4465563,20.2,15.2,1.2,1.2,0.0,5.0,51,22.8,42.8,71,Drizzle: Light,1,1,
34785,2021-10-09 01:26:00,40.814938,-73.919716,1,0,Unspecified,4465558,20.2,15.2,1.2,1.2,0.0,5.0,51,22.8,42.8,71,Drizzle: Light,1,1,
34786,2021-10-09 14:30:00,40.694187,-73.840004,0,0,Passing or Lane Usage Improper,4465526,20.2,15.2,1.2,1.2,0.0,5.0,51,22.8,42.8,71,Drizzle: Light,0,0,
34787,2022-06-29 22:10:00,40.788315,-73.9765,1,0,Following Too Closely,4543310,29.0,17.7,0.0,0.0,0.0,0.0,3,27.2,51.5,195,Overcast,1,1,
34788,2021-10-09 15:44:00,40.657383,-73.911514,1,0,Unspecified,4465579,20.2,15.2,1.2,1.2,0.0,5.0,51,22.8,42.8,71,Drizzle: Light,1,1,
34789,2021-10-09 03:15:00,40.752563,-73.74328,0,0,Driver Inattention/Distraction,4465498,20.2,15.2,1.2,1.2,0.0,5.0,51,22.8,42.8,71,Drizzle: Light,0,0,
34790,2021-10-09 11:12:00,40.80584,-73.96176,0,0,Unspecified,4465820,20.2,15.2,1.2,1.2,0.0,5.0,51,22.8,42.8,71,Drizzle: Light,0,0,
34791,2021-10-09 06:30:00,40.724773,-73.94824,0,0,Driver Inattention/Distraction,4465899,20.2,15.2,1.2,1.2,0.0,5.0,51,22.8,42.8,71,Drizzle: Light,0,0,
34792,2021-10-09 12:30:00,40.667145,-73.89948,0,0,Unspecified,4466124,20.2,15.2,1.2,1.2,0.0,5.0,51,22.8,42.8,71,Drizzle: Light,0,0,
34793,2021-10-09 14:30:00,40.80489,-73.922844,0,0,Passing or Lane Usage Improper,4466033,20.2,15.2,1.2,1.2,0.0,5.0,51,22.8,42.8,71,Drizzle: Light,0,0,
34794,2021-10-09 03:35:00,40.656116,-73.89666,1,0,Unspecified,4466115,20.2,15.2,1.2,1.2,0.0,5.0,51,22.8,42.8,71,Drizzle: Light,1,1,
34795,2021-10-09 06:15:00,40.707294,-73.85064,0,0,Following Too Closely,4465513,20.2,15.2,1.2,1.2,0.0,5.0,51,22.8,42.8,71,Drizzle: Light,0,0,
34796,2021-10-09 14:30:00,40.68718,-73.79914,1,0,Failure to Yield Right-of-Way,4465570,20.2,15.2,1.2,1.2,0.0,5.0,51,22.8,42.8,71,Drizzle: Light,1,1,
34797,2021-10-09 12:30:00,40.723648,-73.99103,1,0,Unspecified,4465717,20.2,15.2,1.2,1.2,0.0,5.0,51,22.8,42.8,71,Drizzle: Light,1,1,
34798,2021-10-01 09:49:00,40.83405,-73.9429,0,0,Turning Improperly,4466180,19.4,9.5,0.0,0.0,0.0,0.0,0,13.8,28.1,302,Clear sky,0,0,Sunny/Clear Conditions
34799,2021-10-09 09:30:00,40.677097,-74.01541,1,0,Driver Inattention/Distraction,4465591,20.2,15.2,1.2,1.2,0.0,5.0,51,22.8,42.8,71,Drizzle: Light,1,1,
34800,2021-10-09 21:10:00,40.758884,-73.871666,1,0,Driver Inattention/Distraction,4465667,20.2,15.2,1.2,1.2,0.0,5.0,51,22.8,42.8,71,Drizzle: Light,1,1,
34801,2022-07-01 15:50:00,40.675533,-73.81448,0,0,Failure to Yield Right-of-Way,4543432,33.7,20.2,0.1,0.1,0.0,1.0,51,32.3,58.0,215,Drizzle: Light,0,0,
34802,2021-10-09 07:20:00,40.637455,-73.92886,1,0,Unspecified,4465546,20.2,15.2,1.2,1.2,0.0,5.0,51,22.8,42.8,71,Drizzle: Light,1,1,
34803,2021-10-09 00:05:00,40.862595,-73.83153,0,0,Unspecified,4466062,20.2,15.2,1.2,1.2,0.0,5.0,51,22.8,42.8,71,Drizzle: Light,0,0,
34804,2021-10-07 20:30:00,40.827984,-73.84329,0,0,Unspecified,4466101,22.4,15.7,0.4,0.4,0.0,4.0,51,10.5,20.5,231,Drizzle: Light,0,0,
34805,2021-10-07 14:27:00,40.73103,-73.989815,1,0,Backing Unsafely,4466153,22.4,15.7,0.4,0.4,0.0,4.0,51,10.5,20.5,231,Drizzle: Light,1,1,
34806,2022-07-02 21:40:00,40.75455,-73.74317,0,0,Steering Failure,4542797,30.8,23.1,4.0,4.0,0.0,5.0,61,19.4,40.0,229,Rain: Light,0,0,
34807,2021-10-09 10:55:00,40.68865,-73.929375,1,0,Passing or Lane Usage Improper,4465807,20.2,15.2,1.2,1.2,0.0,5.0,51,22.8,42.8,71,Drizzle: Light,1,1,
34808,2021-09-29 13:30:00,40.65801,-73.92078,1,0,Unsafe Speed,4466202,19.9,11.3,0.0,0.0,0.0,0.0,3,20.6,41.8,331,Overcast,1,1,
34809,2021-10-09 22:00:00,40.650528,-73.93415,0,0,Aggressive Driving/Road Rage,4465875,20.2,15.2,1.2,1.2,0.0,5.0,51,22.8,42.8,71,Drizzle: Light,0,0,
34810,2021-10-09 23:56:00,40.734337,-73.91025,0,0,Passing or Lane Usage Improper,4465686,20.2,15.2,1.2,1.2,0.0,5.0,51,22.8,42.8,71,Drizzle: Light,0,0,
34811,2021-10-09 17:05:00,40.681145,-73.84013,1,0,Driver Inattention/Distraction,4466014,20.2,15.2,1.2,1.2,0.0,5.0,51,22.8,42.8,71,Drizzle: Light,1,1,
34812,2021-10-09 04:52:00,40.60301,-74.016884,1,0,Driver Inattention/Distraction,4465604,20.2,15.2,1.2,1.2,0.0,5.0,51,22.8,42.8,71,Drizzle: Light,1,1,
34813,2021-10-05 08:30:00,40.787685,-73.97502,0,0,Other Vehicular,4466167,19.9,15.0,0.0,0.0,0.0,0.0,3,14.5,28.1,46,Overcast,0,0,
34814,2021-10-09 23:30:00,40.696564,-73.79125,0,0,Driver Inattention/Distraction,4465959,20.2,15.2,1.2,1.2,0.0,5.0,51,22.8,42.8,71,Drizzle: Light,0,0,
34815,2021-10-09 20:34:00,40.75443,-73.916084,3,0,Driver Inattention/Distraction,4465708,20.2,15.2,1.2,1.2,0.0,5.0,51,22.8,42.8,71,Drizzle: Light,3,3,
34816,2021-10-09 00:15:00,40.699512,-73.81461,0,0,Backing Unsafely,4465964,20.2,15.2,1.2,1.2,0.0,5.0,51,22.8,42.8,71,Drizzle: Light,0,0,
34817,2021-10-09 18:25:00,40.88471,-73.83131,0,0,Unsafe Speed,4465839,20.2,15.2,1.2,1.2,0.0,5.0,51,22.8,42.8,71,Drizzle: Light,0,0,
34818,2021-10-07 21:38:00,40.698856,-73.904076,0,0,Passing Too Closely,4466226,22.4,15.7,0.4,0.4,0.0,4.0,51,10.5,20.5,231,Drizzle: Light,0,0,
34819,2021-10-09 01:30:00,40.629505,-73.94416,0,0,Alcohol Involvement,4465430,20.2,15.2,1.2,1.2,0.0,5.0,51,22.8,42.8,71,Drizzle: Light,0,0,
34820,2022-07-02 10:50:00,40.89678,-73.868256,0,0,Driver Inattention/Distraction,4542909,30.8,23.1,4.0,4.0,0.0,5.0,61,19.4,40.0,229,Rain: Light,0,0,
34821,2021-10-09 07:35:00,40.62573,-73.9564,1,0,Unspecified,4465635,20.2,15.2,1.2,1.2,0.0,5.0,51,22.8,42.8,71,Drizzle: Light,1,1,
34822,2021-09-26 03:05:00,40.814102,-73.940865,0,0,Alcohol Involvement,4466143,21.4,15.6,0.0,0.0,0.0,0.0,3,23.5,45.0,294,Overcast,0,0,
34823,2021-10-07 08:00:00,40.554695,-74.17314,0,0,Driver Inattention/Distraction,4466189,22.4,15.7,0.4,0.4,0.0,4.0,51,10.5,20.5,231,Drizzle: Light,0,0,
34824,2021-10-09 09:00:00,40.751453,-73.83228,0,0,Unspecified,4465468,20.2,15.2,1.2,1.2,0.0,5.0,51,22.8,42.8,71,Drizzle: Light,0,0,
34825,2022-07-02 17:00:00,40.826275,-73.85971,0,0,Turning Improperly,4543366,30.8,23.1,4.0,4.0,0.0,5.0,61,19.4,40.0,229,Rain: Light,0,0,
34826,2021-10-09 00:50:00,40.61709,-74.0021,0,0,Passing or Lane Usage Improper,4465597,20.2,15.2,1.2,1.2,0.0,5.0,51,22.8,42.8,71,Drizzle: Light,0,0,
34827,2021-10-09 23:00:00,40.888115,-73.831314,0,0,Passing or Lane Usage Improper,4465840,20.2,15.2,1.2,1.2,0.0,5.0,51,22.8,42.8,71,Drizzle: Light,0,0,
34828,2022-07-02 04:00:00,40.878258,-73.90221,0,0,Passing Too Closely,4542722,30.8,23.1,4.0,4.0,0.0,5.0,61,19.4,40.0,229,Rain: Light,0,0,
34829,2021-10-09 00:00:00,40.735126,-73.792,1,0,Traffic Control Disregarded,4465693,20.2,15.2,1.2,1.2,0.0,5.0,51,22.8,42.8,71,Drizzle: Light,1,1,
34830,2021-10-09 18:00:00,40.705772,-74.00887,0,0,Unspecified,4466136,20.2,15.2,1.2,1.2,0.0,5.0,51,22.8,42.8,71,Drizzle: Light,0,0,
34831,2021-10-09 03:55:00,40.702713,-73.87143,0,0,Steering Failure,4465789,20.2,15.2,1.2,1.2,0.0,5.0,51,22.8,42.8,71,Drizzle: Light,0,0,
34832,2022-07-02 10:05:00,40.679306,-73.996635,0,0,Backing Unsafely,4543285,30.8,23.1,4.0,4.0,0.0,5.0,61,19.4,40.0,229,Rain: Light,0,0,
34833,2021-10-09 04:24:00,40.64993,-73.93312,0,0,Unspecified,4465544,20.2,15.2,1.2,1.2,0.0,5.0,51,22.8,42.8,71,Drizzle: Light,0,0,
34834,2021-10-09 09:24:00,40.809044,-73.92856,0,0,Unspecified,4465559,20.2,15.2,1.2,1.2,0.0,5.0,51,22.8,42.8,71,Drizzle: Light,0,0,
34835,2021-10-09 23:17:00,40.860733,-73.88954,0,0,Driver Inattention/Distraction,4466042,20.2,15.2,1.2,1.2,0.0,5.0,51,22.8,42.8,71,Drizzle: Light,0,0,
34836,2021-10-09 02:27:00,40.73253,-73.98949,0,0,Driver Inexperience,4465619,20.2,15.2,1.2,1.2,0.0,5.0,51,22.8,42.8,71,Drizzle: Light,0,0,
34837,2021-10-08 23:55:00,40.665745,-73.89816,1,0,Traffic Control Disregarded,4466120,23.7,14.5,0.0,0.0,0.0,0.0,3,13.0,22.3,94,Overcast,1,1,
34838,2021-10-09 12:52:00,40.749397,-73.887695,1,0,Failure to Yield Right-of-Way,4465518,20.2,15.2,1.2,1.2,0.0,5.0,51,22.8,42.8,71,Drizzle: Light,1,1,
34839,2021-10-09 02:30:00,40.692028,-73.79709,0,0,Unsafe Speed,4465973,20.2,15.2,1.2,1.2,0.0,5.0,51,22.8,42.8,71,Drizzle: Light,0,0,
34840,2021-10-09 20:50:00,40.849236,-73.92371,0,0,Passing or Lane Usage Improper,4466080,20.2,15.2,1.2,1.2,0.0,5.0,51,22.8,42.8,71,Drizzle: Light,0,0,
34841,2021-10-09 07:52:00,40.81813,-73.89101,0,0,Alcohol Involvement,4465550,20.2,15.2,1.2,1.2,0.0,5.0,51,22.8,42.8,71,Drizzle: Light,0,0,
34842,2022-06-25 23:21:00,40.708763,-73.998116,1,0,Unspecified,4543223,32.5,18.1,0.0,0.0,0.0,0.0,2,25.0,47.2,224,Partly cloudy,1,1,
34843,2021-10-07 10:35:00,40.83492,-73.944244,0,0,Driver Inexperience,4466181,22.4,15.7,0.4,0.4,0.0,4.0,51,10.5,20.5,231,Drizzle: Light,0,0,
34844,2021-10-08 18:34:00,40.666706,-73.871826,1,0,Following Too Closely,4466126,23.7,14.5,0.0,0.0,0.0,0.0,3,13.0,22.3,94,Overcast,1,1,
34845,2021-10-09 20:10:00,40.710735,-73.961815,1,0,Driver Inattention/Distraction,4465613,20.2,15.2,1.2,1.2,0.0,5.0,51,22.8,42.8,71,Drizzle: Light,1,1,
34846,2021-10-09 19:25:00,40.626663,-74.07565,1,0,Following Too Closely,4465732,20.2,15.2,1.2,1.2,0.0,5.0,51,22.8,42.8,71,Drizzle: Light,1,1,
34847,2021-10-06 15:10:00,40.59199,-73.93738,1,0,Unspecified,4466174,20.3,16.0,0.1,0.1,0.0,1.0,51,6.5,14.0,28,Drizzle: Light,1,1,
34848,2021-10-09 11:32:00,40.691208,-73.813545,0,0,Passing or Lane Usage Improper,4466028,20.2,15.2,1.2,1.2,0.0,5.0,51,22.8,42.8,71,Drizzle: Light,0,0,
34849,2021-10-09 10:20:00,40.736267,-73.772865,1,0,Fell Asleep,4465480,20.2,15.2,1.2,1.2,0.0,5.0,51,22.8,42.8,71,Drizzle: Light,1,1,
34850,2021-10-09 02:30:00,40.676743,-73.86272,0,0,Unspecified,4466114,20.2,15.2,1.2,1.2,0.0,5.0,51,22.8,42.8,71,Drizzle: Light,0,0,
34851,2021-10-09 16:44:00,40.76217,-73.7568,0,0,Unspecified,4465580,20.2,15.2,1.2,1.2,0.0,5.0,51,22.8,42.8,71,Drizzle: Light,0,0,
34852,2021-09-16 16:15:00,40.697075,-73.93185,1,0,Failure to Yield Right-of-Way,4466089,23.9,19.1,4.0,4.0,0.0,10.0,55,18.8,37.8,38,Drizzle: Dense,1,1,
34853,2021-10-09 16:30:00,40.76598,-73.92435,0,0,Unspecified,4465987,20.2,15.2,1.2,1.2,0.0,5.0,51,22.8,42.8,71,Drizzle: Light,0,0,
34854,2021-10-09 08:25:00,40.88599,-73.82792,0,0,Driver Inattention/Distraction,4465819,20.2,15.2,1.2,1.2,0.0,5.0,51,22.8,42.8,71,Drizzle: Light,0,0,
34855,2021-10-09 10:06:00,40.883095,-73.88999,0,0,Unspecified,4465888,20.2,15.2,1.2,1.2,0.0,5.0,51,22.8,42.8,71,Drizzle: Light,0,0,
34856,2021-10-05 18:30:00,40.54167,-74.20798,1,0,Driver Inattention/Distraction,4466175,19.9,15.0,0.0,0.0,0.0,0.0,3,14.5,28.1,46,Overcast,1,1,
34857,2021-10-09 00:10:00,40.594616,-73.99743,0,0,Driver Inattention/Distraction,4465666,20.2,15.2,1.2,1.2,0.0,5.0,51,22.8,42.8,71,Drizzle: Light,0,0,
34858,2021-10-05 08:36:00,40.671406,-73.87037,0,0,Driver Inattention/Distraction,4466121,19.9,15.0,0.0,0.0,0.0,0.0,3,14.5,28.1,46,Overcast,0,0,
34859,2021-10-09 23:55:00,40.757668,-73.95915,0,0,Other Vehicular,4466155,20.2,15.2,1.2,1.2,0.0,5.0,51,22.8,42.8,71,Drizzle: Light,0,0,
34860,2021-10-09 20:00:00,40.62283,-73.96482,0,0,Unspecified,4465728,20.2,15.2,1.2,1.2,0.0,5.0,51,22.8,42.8,71,Drizzle: Light,0,0,
34861,2021-09-29 22:50:00,40.846153,-73.932335,0,0,Driver Inattention/Distraction,4466095,19.9,11.3,0.0,0.0,0.0,0.0,3,20.6,41.8,331,Overcast,0,0,
34862,2021-10-09 13:35:00,40.76226,-73.75699,1,0,Failure to Yield Right-of-Way,4465497,20.2,15.2,1.2,1.2,0.0,5.0,51,22.8,42.8,71,Drizzle: Light,1,1,
34863,2021-10-09 12:58:00,40.730293,-73.85592,1,0,Driver Inattention/Distraction,4465933,20.2,15.2,1.2,1.2,0.0,5.0,51,22.8,42.8,71,Drizzle: Light,1,1,
34864,2021-10-09 17:24:00,40.701057,-73.83823,0,0,Unspecified,4465562,20.2,15.2,1.2,1.2,0.0,5.0,51,22.8,42.8,71,Drizzle: Light,0,0,
34865,2021-10-09 10:55:00,40.715397,-73.772766,0,0,Driver Inattention/Distraction,4465965,20.2,15.2,1.2,1.2,0.0,5.0,51,22.8,42.8,71,Drizzle: Light,0,0,
34866,2021-10-09 11:05:00,40.64787,-73.95574,0,0,Unspecified,4465634,20.2,15.2,1.2,1.2,0.0,5.0,51,22.8,42.8,71,Drizzle: Light,0,0,
34867,2021-10-09 18:30:00,40.688614,-73.989174,0,0,Following Too Closely,4465922,20.2,15.2,1.2,1.2,0.0,5.0,51,22.8,42.8,71,Drizzle: Light,0,0,
34868,2022-07-01 10:00:00,40.818348,-73.92951,0,0,Unspecified,4543238,33.7,20.2,0.1,0.1,0.0,1.0,51,32.3,58.0,215,Drizzle: Light,0,0,
34869,2021-10-09 05:17:00,40.68729,-73.92176,0,0,Unspecified,4465806,20.2,15.2,1.2,1.2,0.0,5.0,51,22.8,42.8,71,Drizzle: Light,0,0,
34870,2021-09-26 13:30:00,40.7674158,-73.9883002,0,0,Passing or Lane Usage Improper,4466307,21.4,15.6,0.0,0.0,0.0,0.0,3,23.5,45.0,294,Overcast,0,0,
34871,2021-10-07 16:38:00,40.652447,-73.92561,0,0,Turning Improperly,4466243,22.4,15.7,0.4,0.4,0.0,4.0,51,10.5,20.5,231,Drizzle: Light,0,0,
34872,2021-10-09 01:28:00,40.686916,-73.97737,1,0,Driver Inattention/Distraction,4465435,20.2,15.2,1.2,1.2,0.0,5.0,51,22.8,42.8,71,Drizzle: Light,1,1,
34873,2021-09-13 17:02:00,40.81967,-73.94424,0,0,Other Vehicular,4466142,28.8,21.8,1.1,1.1,0.0,2.0,53,20.1,36.7,277,Drizzle: Moderate,0,0,
34874,2021-10-09 00:00:00,40.64094,-74.1319,0,0,Backing Unsafely,4465549,20.2,15.2,1.2,1.2,0.0,5.0,51,22.8,42.8,71,Drizzle: Light,0,0,
34875,2021-10-09 16:30:00,40.60891,-74.17833,3,0,Unsafe Speed,4465551,20.2,15.2,1.2,1.2,0.0,5.0,51,22.8,42.8,71,Drizzle: Light,3,3,
34876,2021-10-09 17:45:00,40.66837,-73.80892,0,0,Failure to Yield Right-of-Way,4466015,20.2,15.2,1.2,1.2,0.0,5.0,51,22.8,42.8,71,Drizzle: Light,0,0,
34877,2021-10-09 16:45:00,40.638264,-74.021095,1,0,Following Too Closely,4465568,20.2,15.2,1.2,1.2,0.0,5.0,51,22.8,42.8,71,Drizzle: Light,1,1,
34878,2021-10-09 22:51:00,40.583656,-73.98656,2,0,Driver Inattention/Distraction,4466047,20.2,15.2,1.2,1.2,0.0,5.0,51,22.8,42.8,71,Drizzle: Light,2,2,
34879,2021-10-09 18:31:00,40.596184,-73.99739,1,0,Driver Inattention/Distraction,4465610,20.2,15.2,1.2,1.2,0.0,5.0,51,22.8,42.8,71,Drizzle: Light,1,1,
34880,2021-10-09 18:30:00,40.80016,-73.93538,1,0,Failure to Yield Right-of-Way,4466102,20.2,15.2,1.2,1.2,0.0,5.0,51,22.8,42.8,71,Drizzle: Light,1,1,
34881,2021-10-09 03:11:00,40.637806,-73.898254,0,0,Unspecified,4465503,20.2,15.2,1.2,1.2,0.0,5.0,51,22.8,42.8,71,Drizzle: Light,0,0,
34882,2021-10-09 05:46:00,40.59106,-73.96063,1,0,Driver Inattention/Distraction,4466016,20.2,15.2,1.2,1.2,0.0,5.0,51,22.8,42.8,71,Drizzle: Light,1,1,
34883,2021-10-03 22:00:00,40.83983,-73.94236,1,0,Driver Inattention/Distraction,4466098,25.9,12.8,0.0,0.0,0.0,0.0,3,12.0,24.1,217,Overcast,1,1,
34884,2021-10-05 14:00:00,40.677296,-73.87682,0,0,Other Vehicular,4466119,19.9,15.0,0.0,0.0,0.0,0.0,3,14.5,28.1,46,Overcast,0,0,
34885,2021-10-09 09:00:00,40.750626,-73.87595,0,0,Driver Inattention/Distraction,4465519,20.2,15.2,1.2,1.2,0.0,5.0,51,22.8,42.8,71,Drizzle: Light,0,0,
34886,2021-10-09 13:56:00,40.637226,-74.03083,1,0,Unspecified,4465567,20.2,15.2,1.2,1.2,0.0,5.0,51,22.8,42.8,71,Drizzle: Light,1,1,
34887,2021-10-09 21:40:00,40.596184,-74.00053,0,0,Driver Inattention/Distraction,4465595,20.2,15.2,1.2,1.2,0.0,5.0,51,22.8,42.8,71,Drizzle: Light,0,0,
34888,2021-10-09 00:00:00,40.635864,-74.16716,0,0,Driver Inattention/Distraction,4465851,20.2,15.2,1.2,1.2,0.0,5.0,51,22.8,42.8,71,Drizzle: Light,0,0,
34889,2021-10-05 15:40:00,40.824757,-73.94052,1,0,Other Vehicular,4466140,19.9,15.0,0.0,0.0,0.0,0.0,3,14.5,28.1,46,Overcast,1,1,
34890,2021-10-09 06:32:00,40.64495,-73.9249,1,0,Unspecified,4465543,20.2,15.2,1.2,1.2,0.0,5.0,51,22.8,42.8,71,Drizzle: Light,1,1,
34891,2021-10-09 13:40:00,40.730076,-73.99285,1,0,Driver Inattention/Distraction,4465622,20.2,15.2,1.2,1.2,0.0,5.0,51,22.8,42.8,71,Drizzle: Light,1,1,
34892,2021-10-09 07:22:00,40.868572,-73.88148,0,0,Unsafe Speed,4465496,20.2,15.2,1.2,1.2,0.0,5.0,51,22.8,42.8,71,Drizzle: Light,0,0,
34893,2021-10-09 10:20:00,40.819317,-73.93032,0,0,Passing or Lane Usage Improper,4466000,20.2,15.2,1.2,1.2,0.0,5.0,51,22.8,42.8,71,Drizzle: Light,0,0,
34894,2022-04-03 18:27:00,40.672794,-73.98329,1,0,Driver Inattention/Distraction,4515856,8.3,3.4,3.1,3.1,0.0,5.0,61,21.9,38.2,274,Rain: Light,1,1,
34895,2022-04-25 16:12:00,40.742676,-73.839516,1,0,Reaction to Uninvolved Vehicle,4522369,15.1,6.1,0.0,0.0,0.0,0.0,3,20.9,41.4,119,Overcast,1,1,
34896,2022-04-23 03:40:00,40.728474,-73.882614,1,0,Driver Inattention/Distraction,4522409,14.7,6.3,0.0,0.0,0.0,0.0,3,15.0,29.2,119,Overcast,1,1,
34897,2022-04-25 23:40:00,40.81423,-73.93444,1,0,Unsafe Lane Changing,4522133,15.1,6.1,0.0,0.0,0.0,0.0,3,20.9,41.4,119,Overcast,1,1,
34898,2021-10-09 15:33:00,40.694782,-73.85258,2,0,Turning Improperly,4465573,20.2,15.2,1.2,1.2,0.0,5.0,51,22.8,42.8,71,Drizzle: Light,2,2,