,CRASH DATETIME,LATITUDE,LONGITUDE,NUMBER OF PERSONS INJURED,NUMBER OF PERSONS KILLED,CONTRIBUTING FACTOR VEHICLE 1,COLLISION_ID,temperature_2m_max,temperature_2m_min,precipitation_sum,rain_sum,snowfall_sum,precipitation_hours,weather_code,wind_speed_10m_max,wind_gusts_10m_max,wind_direction_10m_dominant,Weather Description,Severity_Score,Total_Affected_Persons,Weather_Category
34899,2021-10-09 14:15:00,40.647346,-74.007996,0,0,Unspecified,4466198,20.2,15.2,1.2,1.2,0.0,5.0,51,22.8,42.8,71,Drizzle: Light,0,0,
34900,2021-10-09 02:15:00,40.719204,-73.99037,0,0,Driver Inattention/Distraction,4466103,20.2,15.2,1.2,1.2,0.0,5.0,51,22.8,42.8,71,Drizzle: Light,0,0,
34901,2021-10-09 03:30:00,40.842987,-73.900345,0,0,Alcohol Involvement,4465699,20.2,15.2,1.2,1.2,0.0,5.0,51,22.8,42.8,71,Drizzle: Light,0,0,
34902,2021-10-09 00:43:00,40.817116,-73.94801,0,0,Alcohol Involvement,4466039,20.2,15.2,1.2,1.2,0.0,5.0,51,22.8,42.8,71,Drizzle: Light,0,0,
34903,2021-10-08 15:20:00,40.656944,-73.88082,1,0,Unspecified,4466113,23.7,14.5,0.0,0.0,0.0,0.0,3,13.0,22.3,94,Overcast,1,1,
34904,2021-10-09 15:32:00,40.839176,-73.94114,1,0,Driver Inattention/Distraction,4466094,20.2,15.2,1.2,1.2,0.0,5.0,51,22.8,42.8,71,Drizzle: Light,1,1,
34905,2021-10-09 14:10:00,40.58862,-73.81702,0,0,Driver Inattention/Distraction,4465831,20.2,15.2,1.2,1.2,0.0,5.0,51,22.8,42.8,71,Drizzle: Light,0,0,
34906,2021-10-08 18:00:00,40.77929,-73.98114,0,0,Backing Unsafely,4466165,23.7,14.5,0.0,0.0,0.0,0.0,3,13.0,22.3,94,Overcast,0,0,
34907,2021-10-09 16:25:00,40.741375,-73.8804,0,0,Driver Inattention/Distraction,4465674,20.2,15.2,1.2,1.2,0.0,5.0,51,22.8,42.8,71,Drizzle: Light,0,0,
34908,2021-10-03 18:53:00,40.719395,-74.00189,2,0,Unspecified,4466183,25.9,12.8,0.0,0.0,0.0,0.0,3,12.0,24.1,217,Overcast,2,2,
34909,2021-10-09 00:57:00,40.645237,-73.978714,1,0,Driver Inattention/Distraction,4465658,20.2,15.2,1.2,1.2,0.0,5.0,51,22.8,42.8,71,Drizzle: Light,1,1,
34910,2021-10-09 01:45:00,40.712612,-73.79323,0,0,Unspecified,4465473,20.2,15.2,1.2,1.2,0.0,5.0,51,22.8,42.8,71,Drizzle: Light,0,0,
34911,2021-10-09 16:48:00,40.753563,-73.794586,0,0,Following Too Closely,4465560,20.2,15.2,1.2,1.2,0.0,5.0,51,22.8,42.8,71,Drizzle: Light,0,0,
34912,2021-10-08 23:10:00,40.62417,-73.97048,1,0,Unspecified,4466147,23.7,14.5,0.0,0.0,0.0,0.0,3,13.0,22.3,94,Overcast,1,1,
34913,2021-10-09 07:15:00,40.71009,-73.91453,0,0,Other Vehicular,4465791,20.2,15.2,1.2,1.2,0.0,5.0,51,22.8,42.8,71,Drizzle: Light,0,0,
34914,2021-10-09 04:00:00,40.756676,-73.920876,1,0,Failure to Yield Right-of-Way,4465986,20.2,15.2,1.2,1.2,0.0,5.0,51,22.8,42.8,71,Drizzle: Light,1,1,
34915,2021-10-03 11:55:00,40.866062,-73.92251,0,0,Driver Inattention/Distraction,4466156,25.9,12.8,0.0,0.0,0.0,0.0,3,12.0,24.1,217,Overcast,0,0,
34916,2021-10-09 15:15:00,40.654415,-73.73428,3,0,Unspecified,4465711,20.2,15.2,1.2,1.2,0.0,5.0,51,22.8,42.8,71,Drizzle: Light,3,3,
34917,2021-10-09 21:01:00,40.637417,-74.03126,1,0,Driver Inattention/Distraction,4465614,20.2,15.2,1.2,1.2,0.0,5.0,51,22.8,42.8,71,Drizzle: Light,1,1,
34918,2021-10-08 14:20:00,40.71582,-73.81759,1,0,Driver Inattention/Distraction,4466204,23.7,14.5,0.0,0.0,0.0,0.0,3,13.0,22.3,94,Overcast,1,1,
34919,2021-10-09 22:10:00,40.666138,-73.82422,0,0,Unsafe Lane Changing,4466027,20.2,15.2,1.2,1.2,0.0,5.0,51,22.8,42.8,71,Drizzle: Light,0,0,
34920,2021-10-07 13:20:00,40.53448,-74.198586,0,0,Driver Inattention/Distraction,4466131,22.4,15.7,0.4,0.4,0.0,4.0,51,10.5,20.5,231,Drizzle: Light,0,0,
34921,2021-10-09 05:36:00,40.88519,-73.86529,0,0,Driver Inattention/Distraction,4465818,20.2,15.2,1.2,1.2,0.0,5.0,51,22.8,42.8,71,Drizzle: Light,0,0,
34922,2021-12-11 11:25:00,40.849167,-73.92393,1,0,Following Too Closely,4485954,17.3,5.0,8.1,8.1,0.0,5.0,63,35.0,67.0,206,Rain: Moderate,1,1,
34923,2021-12-11 13:10:00,40.575356,-74.10483,0,0,Driver Inattention/Distraction,4485462,17.3,5.0,8.1,8.1,0.0,5.0,63,35.0,67.0,206,Rain: Moderate,0,0,
34924,2021-06-13 20:50:00,40.82243,-73.87295,1,0,Driver Inattention/Distraction,4427093,23.9,15.0,0.2,0.2,0.0,2.0,51,17.7,35.6,185,Drizzle: Light,1,1,
34925,2021-10-07 14:55:00,40.849285,-73.93894,0,0,Traffic Control Disregarded,4466172,22.4,15.7,0.4,0.4,0.0,4.0,51,10.5,20.5,231,Drizzle: Light,0,0,
34926,2021-10-07 21:53:00,40.854904,-73.92965,0,0,Turning Improperly,4466177,22.4,15.7,0.4,0.4,0.0,4.0,51,10.5,20.5,231,Drizzle: Light,0,0,
34927,2021-10-09 01:15:00,40.766685,-73.892136,2,0,Unspecified,4465436,20.2,15.2,1.2,1.2,0.0,5.0,51,22.8,42.8,71,Drizzle: Light,2,2,
34928,2021-10-09 21:50:00,40.64495,-73.95186,4,0,Traffic Control Disregarded,4466217,20.2,15.2,1.2,1.2,0.0,5.0,51,22.8,42.8,71,Drizzle: Light,4,4,
34929,2021-10-09 18:11:00,40.742645,-73.98246,0,0,Passing or Lane Usage Improper,4465671,20.2,15.2,1.2,1.2,0.0,5.0,51,22.8,42.8,71,Drizzle: Light,0,0,
34930,2021-10-09 20:57:00,40.85179,-73.90279,1,0,Traffic Control Disregarded,4466084,20.2,15.2,1.2,1.2,0.0,5.0,51,22.8,42.8,71,Drizzle: Light,1,1,
34931,2021-10-09 18:45:00,40.760532,-73.89291,0,0,Unsafe Speed,4465553,20.2,15.2,1.2,1.2,0.0,5.0,51,22.8,42.8,71,Drizzle: Light,0,0,
34932,2021-10-09 18:59:00,40.67974,-73.86962,0,0,Driver Inattention/Distraction,4466052,20.2,15.2,1.2,1.2,0.0,5.0,51,22.8,42.8,71,Drizzle: Light,0,0,
34933,2021-10-09 21:33:00,40.63275,-73.98985,0,0,Unspecified,4466150,20.2,15.2,1.2,1.2,0.0,5.0,51,22.8,42.8,71,Drizzle: Light,0,0,
34934,2021-10-09 14:20:00,40.879135,-73.854095,1,0,Driver Inattention/Distraction,4465830,20.2,15.2,1.2,1.2,0.0,5.0,51,22.8,42.8,71,Drizzle: Light,1,1,
34935,2021-10-09 11:05:00,40.88145,-73.91685,0,0,Unspecified,4465887,20.2,15.2,1.2,1.2,0.0,5.0,51,22.8,42.8,71,Drizzle: Light,0,0,
34936,2021-10-06 20:15:00,40.67694,-73.87388,0,0,Unspecified,4466122,20.3,16.0,0.1,0.1,0.0,1.0,51,6.5,14.0,28,Drizzle: Light,0,0,
34937,2021-10-09 12:10:00,40.681087,-73.846344,0,0,Turning Improperly,4466012,20.2,15.2,1.2,1.2,0.0,5.0,51,22.8,42.8,71,Drizzle: Light,0,0,
34938,2021-10-09 18:20:00,40.69287,-73.85456,1,0,Pedestrian/Bicyclist/Other Pedestrian Error/Confusion,4465572,20.2,15.2,1.2,1.2,0.0,5.0,51,22.8,42.8,71,Drizzle: Light,1,1,
34939,2021-10-09 16:55:00,40.615692,-73.99366,0,0,Unspecified,4465607,20.2,15.2,1.2,1.2,0.0,5.0,51,22.8,42.8,71,Drizzle: Light,0,0,
34940,2021-10-09 02:22:00,40.64883,-73.90492,1,0,Failure to Yield Right-of-Way,4465505,20.2,15.2,1.2,1.2,0.0,5.0,51,22.8,42.8,71,Drizzle: Light,1,1,
34941,2021-10-09 18:15:00,40.59256,-73.971565,3,0,Alcohol Involvement,4466017,20.2,15.2,1.2,1.2,0.0,5.0,51,22.8,42.8,71,Drizzle: Light,3,3,
34942,2021-10-09 08:50:00,40.64121,-73.98123,0,0,Unspecified,4465724,20.2,15.2,1.2,1.2,0.0,5.0,51,22.8,42.8,71,Drizzle: Light,0,0,
34943,2021-10-09 21:30:00,40.68668,-73.97937,1,0,Unspecified,4465574,20.2,15.2,1.2,1.2,0.0,5.0,51,22.8,42.8,71,Drizzle: Light,1,1,
34944,2021-10-09 23:50:00,40.62986,-74.02767,1,0,Driver Inattention/Distraction,4465615,20.2,15.2,1.2,1.2,0.0,5.0,51,22.8,42.8,71,Drizzle: Light,1,1,
34945,2021-10-09 11:50:00,40.728603,-74.005325,0,0,Unspecified,4466132,20.2,15.2,1.2,1.2,0.0,5.0,51,22.8,42.8,71,Drizzle: Light,0,0,
34946,2022-04-03 20:00:00,40.709023,-73.800575,0,0,Unspecified,4515862,8.3,3.4,3.1,3.1,0.0,5.0,61,21.9,38.2,274,Rain: Light,0,0,
34947,2022-04-25 20:00:00,0.0,0.0,1,0,Following Too Closely,4522488,15.1,6.1,0.0,0.0,0.0,0.0,3,20.9,41.4,119,Overcast,1,1,
34948,2022-04-15 20:44:00,40.685234,-73.92654,1,0,Unspecified,4522571,19.2,6.3,0.1,0.1,0.0,1.0,51,26.9,46.1,243,Drizzle: Light,1,1,
34949,2022-04-25 12:20:00,40.775284,-73.963745,0,0,Driver Inattention/Distraction,4522075,15.1,6.1,0.0,0.0,0.0,0.0,3,20.9,41.4,119,Overcast,0,0,
34950,2022-04-25 00:02:00,40.597282,-73.907455,0,0,Driver Inattention/Distraction,4522066,15.1,6.1,0.0,0.0,0.0,0.0,3,20.9,41.4,119,Overcast,0,0,
34951,2021-10-07 19:30:00,40.81982,-73.81286,0,0,Unspecified,4466106,22.4,15.7,0.4,0.4,0.0,4.0,51,10.5,20.5,231,Drizzle: Light,0,0,
34952,2021-10-09 14:20:00,40.764263,-73.77134,1,0,Driver Inattention/Distraction,4465502,20.2,15.2,1.2,1.2,0.0,5.0,51,22.8,42.8,71,Drizzle: Light,1,1,
34953,2021-10-09 23:45:00,40.70041,-73.90368,0,0,Following Too Closely,4465919,20.2,15.2,1.2,1.2,0.0,5.0,51,22.8,42.8,71,Drizzle: Light,0,0,
34954,2021-10-09 04:25:00,40.60459,-74.12666,0,0,Alcohol Involvement,4465548,20.2,15.2,1.2,1.2,0.0,5.0,51,22.8,42.8,71,Drizzle: Light,0,0,
34955,2021-10-09 18:32:00,40.85189,-73.894325,5,0,Unsafe Speed,4466023,20.2,15.2,1.2,1.2,0.0,5.0,51,22.8,42.8,71,Drizzle: Light,5,5,
34956,2021-10-09 01:47:00,40.7449,-73.91836,0,0,Driver Inattention/Distraction,4465491,20.2,15.2,1.2,1.2,0.0,5.0,51,22.8,42.8,71,Drizzle: Light,0,0,
34957,2021-10-09 14:30:00,40.631706,-73.94649,0,0,Unspecified,4465630,20.2,15.2,1.2,1.2,0.0,5.0,51,22.8,42.8,71,Drizzle: Light,0,0,
34958,2021-10-08 08:13:00,40.839924,-73.93286,0,0,Driver Inattention/Distraction,4466097,23.7,14.5,0.0,0.0,0.0,0.0,3,13.0,22.3,94,Overcast,0,0,
34959,2021-10-09 16:24:00,40.765835,-73.95737,0,0,Driver Inattention/Distraction,4465999,20.2,15.2,1.2,1.2,0.0,5.0,51,22.8,42.8,71,Drizzle: Light,0,0,
34960,2021-10-09 02:20:00,40.708374,-73.84271,2,0,Brakes Defective,4465564,20.2,15.2,1.2,1.2,0.0,5.0,51,22.8,42.8,71,Drizzle: Light,2,2,
34961,2022-07-01 15:00:00,40.79672,-73.97618,1,0,Unsafe Speed,4543274,33.7,20.2,0.1,0.1,0.0,1.0,51,32.3,58.0,215,Drizzle: Light,1,1,
34962,2021-10-09 15:50:00,40.841713,-73.93558,0,0,Driver Inattention/Distraction,4466185,20.2,15.2,1.2,1.2,0.0,5.0,51,22.8,42.8,71,Drizzle: Light,0,0,
34963,2021-10-09 05:57:00,40.876785,-73.87446,2,0,View Obstructed/Limited,4465744,20.2,15.2,1.2,1.2,0.0,5.0,51,22.8,42.8,71,Drizzle: Light,2,2,
34964,2021-10-09 03:15:00,40.830166,-73.90624,1,0,Driver Inattention/Distraction,4465702,20.2,15.2,1.2,1.2,0.0,5.0,51,22.8,42.8,71,Drizzle: Light,1,1,
34965,2021-10-05 19:15:00,40.835808,-73.93556,0,0,Unspecified,4466139,19.9,15.0,0.0,0.0,0.0,0.0,3,14.5,28.1,46,Overcast,0,0,
34966,2021-10-01 10:28:00,40.774906,-73.97692,0,0,Turning Improperly,4466164,19.4,9.5,0.0,0.0,0.0,0.0,0,13.8,28.1,302,Clear sky,0,0,Sunny/Clear Conditions
34967,2021-10-09 01:15:00,40.72641,-73.90604,0,0,Turning Improperly,4465792,20.2,15.2,1.2,1.2,0.0,5.0,51,22.8,42.8,71,Drizzle: Light,0,0,
34968,2021-10-09 14:30:00,40.849403,-73.871445,0,0,Unsafe Speed,4465528,20.2,15.2,1.2,1.2,0.0,5.0,51,22.8,42.8,71,Drizzle: Light,0,0,
34969,2022-07-01 17:43:00,40.656643,-74.00527,1,0,Unspecified,4543353,33.7,20.2,0.1,0.1,0.0,1.0,51,32.3,58.0,215,Drizzle: Light,1,1,
34970,2021-10-09 23:45:00,40.819195,-73.912506,0,0,Unspecified,4466034,20.2,15.2,1.2,1.2,0.0,5.0,51,22.8,42.8,71,Drizzle: Light,0,0,
34971,2021-10-07 14:50:00,40.72543,-73.99678,1,0,Turning Improperly,4466112,22.4,15.7,0.4,0.4,0.0,4.0,51,10.5,20.5,231,Drizzle: Light,1,1,
34972,2021-10-09 15:20:00,40.66452,-73.92111,0,0,Unspecified,4465582,20.2,15.2,1.2,1.2,0.0,5.0,51,22.8,42.8,71,Drizzle: Light,0,0,
34973,2021-10-09 10:25:00,40.888058,-73.831314,1,0,Pedestrian/Bicyclist/Other Pedestrian Error/Confusion,4465836,20.2,15.2,1.2,1.2,0.0,5.0,51,22.8,42.8,71,Drizzle: Light,1,1,
34974,2021-10-09 19:44:00,40.80275,-73.93358,1,0,Brakes Defective,4466091,20.2,15.2,1.2,1.2,0.0,5.0,51,22.8,42.8,71,Drizzle: Light,1,1,
34975,2021-10-09 04:00:00,40.768806,-73.900345,0,0,Alcohol Involvement,4465985,20.2,15.2,1.2,1.2,0.0,5.0,51,22.8,42.8,71,Drizzle: Light,0,0,
34976,2022-07-02 23:30:00,40.8156,-73.9343,4,0,Unspecified,4543061,30.8,23.1,4.0,4.0,0.0,5.0,61,19.4,40.0,229,Rain: Light,4,4,
34977,2021-10-09 03:08:00,40.71035,-73.7939,0,0,Unspecified,4465474,20.2,15.2,1.2,1.2,0.0,5.0,51,22.8,42.8,71,Drizzle: Light,0,0,
34978,2021-10-09 14:40:00,40.654068,-73.96177,0,0,Driver Inattention/Distraction,4465637,20.2,15.2,1.2,1.2,0.0,5.0,51,22.8,42.8,71,Drizzle: Light,0,0,
34979,2021-10-09 04:34:00,40.705677,-73.926094,0,0,Driver Inattention/Distraction,4465856,20.2,15.2,1.2,1.2,0.0,5.0,51,22.8,42.8,71,Drizzle: Light,0,0,
34980,2021-10-09 22:45:00,40.818974,-73.89145,0,0,Driver Inattention/Distraction,4465593,20.2,15.2,1.2,1.2,0.0,5.0,51,22.8,42.8,71,Drizzle: Light,0,0,
34981,2021-09-26 10:57:00,40.662846,-73.94284,0,0,Driver Inexperience,4466196,21.4,15.6,0.0,0.0,0.0,0.0,3,23.5,45.0,294,Overcast,0,0,
34982,2022-07-02 22:30:00,40.61536,-73.987076,0,0,Unspecified,4543324,30.8,23.1,4.0,4.0,0.0,5.0,61,19.4,40.0,229,Rain: Light,0,0,
34983,2021-10-08 12:31:00,40.750217,-73.979065,0,0,Driver Inattention/Distraction,4466146,23.7,14.5,0.0,0.0,0.0,0.0,3,13.0,22.3,94,Overcast,0,0,
34984,2021-10-09 17:27:00,40.74138,-73.8572,0,0,Brakes Defective,4465675,20.2,15.2,1.2,1.2,0.0,5.0,51,22.8,42.8,71,Drizzle: Light,0,0,
34985,2021-10-03 13:37:00,40.869843,-73.91588,0,0,Unspecified,4466157,25.9,12.8,0.0,0.0,0.0,0.0,3,12.0,24.1,217,Overcast,0,0,
34986,2021-10-09 17:55:00,40.6832,-73.82742,1,0,Driver Inattention/Distraction,4466020,20.2,15.2,1.2,1.2,0.0,5.0,51,22.8,42.8,71,Drizzle: Light,1,1,
34987,2021-10-09 12:12:00,40.804585,-73.91213,1,0,Traffic Control Disregarded,4465556,20.2,15.2,1.2,1.2,0.0,5.0,51,22.8,42.8,71,Drizzle: Light,1,1,
34988,2021-10-08 21:27:00,40.806107,-73.94039,0,0,Unsafe Lane Changing,4466085,23.7,14.5,0.0,0.0,0.0,0.0,3,13.0,22.3,94,Overcast,0,0,
34989,2022-07-02 21:17:00,40.64912,-73.837395,0,0,Unsafe Speed,4543143,30.8,23.1,4.0,4.0,0.0,5.0,61,19.4,40.0,229,Rain: Light,0,0,
34990,2021-10-09 21:00:00,40.664898,-73.820435,0,0,Following Too Closely,4466013,20.2,15.2,1.2,1.2,0.0,5.0,51,22.8,42.8,71,Drizzle: Light,0,0,
34991,2021-10-09 06:35:00,40.599827,-74.17823,0,0,Other Electronic Device,4465547,20.2,15.2,1.2,1.2,0.0,5.0,51,22.8,42.8,71,Drizzle: Light,0,0,
34992,2021-10-09 20:44:00,40.68787,-73.978355,1,0,Driver Inattention/Distraction,4465578,20.2,15.2,1.2,1.2,0.0,5.0,51,22.8,42.8,71,Drizzle: Light,1,1,
34993,2021-10-05 16:17:00,40.73384,-74.00121,1,0,Driver Inattention/Distraction,4466118,19.9,15.0,0.0,0.0,0.0,0.0,3,14.5,28.1,46,Overcast,1,1,
34994,2021-10-05 08:50:00,40.626328,-74.13132,0,0,Driver Inattention/Distraction,4466109,19.9,15.0,0.0,0.0,0.0,0.0,3,14.5,28.1,46,Overcast,0,0,
34995,2021-10-09 09:30:00,40.7011,-73.84157,0,0,Unsafe Speed,4465510,20.2,15.2,1.2,1.2,0.0,5.0,51,22.8,42.8,71,Drizzle: Light,0,0,
34996,2021-09-20 03:30:00,40.810173,-73.937416,1,0,Unspecified,4459473,23.1,14.9,0.0,0.0,0.0,0.0,3,17.0,34.2,116,Overcast,1,1,
34997,2021-10-07 22:12:00,40.73398,-73.99095,1,0,Unspecified,4466152,22.4,15.7,0.4,0.4,0.0,4.0,51,10.5,20.5,231,Drizzle: Light,1,1,
34998,2021-10-09 04:00:00,40.895374,-73.86356,1,0,Driver Inattention/Distraction,4465816,20.2,15.2,1.2,1.2,0.0,5.0,51,22.8,42.8,71,Drizzle: Light,1,1,
34999,2021-10-05 07:36:00,40.64916,-73.94537,0,0,Passing Too Closely,4466203,19.9,15.0,0.0,0.0,0.0,0.0,3,14.5,28.1,46,Overcast,0,0,
35000,2021-09-15 15:30:00,40.66227,-73.952286,0,0,Unspecified,4466219,29.6,20.7,0.3,0.3,0.0,3.0,51,21.6,40.7,192,Drizzle: Light,0,0,
35001,2021-10-09 04:45:00,40.747627,-73.976746,1,0,Driver Inattention/Distraction,4465454,20.2,15.2,1.2,1.2,0.0,5.0,51,22.8,42.8,71,Drizzle: Light,1,1,
35002,2021-10-09 08:15:00,40.73822,-73.95316,1,0,Driver Inattention/Distraction,4465900,20.2,15.2,1.2,1.2,0.0,5.0,51,22.8,42.8,71,Drizzle: Light,1,1,
35003,2021-10-09 13:43:00,40.670357,-73.98872,1,0,Failure to Yield Right-of-Way,4465967,20.2,15.2,1.2,1.2,0.0,5.0,51,22.8,42.8,71,Drizzle: Light,1,1,
35004,2021-10-09 01:00:00,40.585144,-73.98936,1,0,Driver Inattention/Distraction,4465669,20.2,15.2,1.2,1.2,0.0,5.0,51,22.8,42.8,71,Drizzle: Light,1,1,
35005,2021-10-09 09:00:00,40.649193,-73.88768,0,0,Unspecified,4466123,20.2,15.2,1.2,1.2,0.0,5.0,51,22.8,42.8,71,Drizzle: Light,0,0,
35006,2021-10-09 23:40:00,40.794807,-73.94441,0,0,Turning Improperly,4465722,20.2,15.2,1.2,1.2,0.0,5.0,51,22.8,42.8,71,Drizzle: Light,0,0,
35007,2021-10-09 19:46:00,40.70647,-73.838104,1,0,Passing or Lane Usage Improper,4465571,20.2,15.2,1.2,1.2,0.0,5.0,51,22.8,42.8,71,Drizzle: Light,1,1,
35008,2021-10-09 13:45:00,40.74738,-73.76171,0,0,Driver Inattention/Distraction,4465499,20.2,15.2,1.2,1.2,0.0,5.0,51,22.8,42.8,71,Drizzle: Light,0,0,
35009,2021-10-09 19:32:00,40.845776,-73.863464,2,0,Driver Inattention/Distraction,4466060,20.2,15.2,1.2,1.2,0.0,5.0,51,22.8,42.8,71,Drizzle: Light,2,2,
35010,2021-10-09 01:30:00,40.642864,-74.01266,0,0,Unspecified,4466133,20.2,15.2,1.2,1.2,0.0,5.0,51,22.8,42.8,71,Drizzle: Light,0,0,
35011,2021-10-09 14:06:00,40.622234,-73.990685,0,0,Driver Inattention/Distraction,4465605,20.2,15.2,1.2,1.2,0.0,5.0,51,22.8,42.8,71,Drizzle: Light,0,0,
35012,2021-09-23 09:10:00,40.84619,-73.93846,0,0,Unspecified,4466100,26.2,18.0,15.6,15.6,0.0,14.0,63,40.7,77.4,156,Rain: Moderate,0,0,
35013,2021-10-09 16:05:00,40.711857,-73.78742,0,0,Driver Inattention/Distraction,4465709,20.2,15.2,1.2,1.2,0.0,5.0,51,22.8,42.8,71,Drizzle: Light,0,0,
35014,2021-10-09 21:02:00,40.80923,-73.94897,1,0,Unsafe Speed,4465824,20.2,15.2,1.2,1.2,0.0,5.0,51,22.8,42.8,71,Drizzle: Light,1,1,
35015,2021-10-03 19:13:00,40.558887,-74.1977,1,0,Driver Inattention/Distraction,4466178,25.9,12.8,0.0,0.0,0.0,0.0,3,12.0,24.1,217,Overcast,1,1,
35016,2021-10-09 15:25:00,40.65243,-73.953896,0,0,Unspecified,4465876,20.2,15.2,1.2,1.2,0.0,5.0,51,22.8,42.8,71,Drizzle: Light,0,0,
35017,2021-10-09 07:30:00,40.836437,-73.91842,1,0,Pedestrian/Bicyclist/Other Pedestrian Error/Confusion,4465681,20.2,15.2,1.2,1.2,0.0,5.0,51,22.8,42.8,71,Drizzle: Light,1,1,
35018,2021-10-09 14:00:00,40.654415,-73.7339,0,0,Backing Unsafely,4466158,20.2,15.2,1.2,1.2,0.0,5.0,51,22.8,42.8,71,Drizzle: Light,0,0,
35019,2021-09-15 09:26:00,40.74905,-73.97243,1,0,Driver Inattention/Distraction,4466170,29.6,20.7,0.3,0.3,0.0,3.0,51,21.6,40.7,192,Drizzle: Light,1,1,
35020,2021-10-09 22:25:00,40.865795,-73.920006,0,0,Driver Inattention/Distraction,4466187,20.2,15.2,1.2,1.2,0.0,5.0,51,22.8,42.8,71,Drizzle: Light,0,0,
35021,2021-10-09 14:15:00,40.74745,-73.88559,1,0,Driver Inattention/Distraction,4465748,20.2,15.2,1.2,1.2,0.0,5.0,51,22.8,42.8,71,Drizzle: Light,1,1,
35022,2021-10-09 21:20:00,40.6198312,-74.0295626,1,0,Unspecified,4465617,20.2,15.2,1.2,1.2,0.0,5.0,51,22.8,42.8,71,Drizzle: Light,1,1,
35023,2021-10-09 07:15:00,40.841044,-73.9219463,0,0,Unspecified,4466298,20.2,15.2,1.2,1.2,0.0,5.0,51,22.8,42.8,71,Drizzle: Light,0,0,
35024,2021-12-11 15:19:00,40.67858,-73.84216,1,0,Failure to Yield Right-of-Way,4485868,17.3,5.0,8.1,8.1,0.0,5.0,63,35.0,67.0,206,Rain: Moderate,1,1,
35025,2021-12-11 14:30:00,40.61222,-73.918846,0,0,Driver Inattention/Distraction,4485649,17.3,5.0,8.1,8.1,0.0,5.0,63,35.0,67.0,206,Rain: Moderate,0,0,
35026,2021-12-11 20:05:00,40.719204,-73.99037,0,0,Following Too Closely,4486213,17.3,5.0,8.1,8.1,0.0,5.0,63,35.0,67.0,206,Rain: Moderate,0,0,
35027,2021-12-11 22:30:00,40.766697,-73.99462,0,0,Unspecified,4486071,17.3,5.0,8.1,8.1,0.0,5.0,63,35.0,67.0,206,Rain: Moderate,0,0,
35028,2021-12-11 20:15:00,40.670734,-73.93373,1,0,Driver Inattention/Distraction,4485685,17.3,5.0,8.1,8.1,0.0,5.0,63,35.0,67.0,206,Rain: Moderate,1,1,
35029,2022-07-02 16:32:00,40.64113,-73.901955,0,0,Unspecified,4542929,30.8,23.1,4.0,4.0,0.0,5.0,61,19.4,40.0,229,Rain: Light,0,0,
35030,2022-07-01 16:47:00,40.791912,-73.94444,0,0,Unspecified,4543204,33.7,20.2,0.1,0.1,0.0,1.0,51,32.3,58.0,215,Drizzle: Light,0,0,
35031,2021-12-24 18:40:00,40.62625,-73.95163,0,0,Other Vehicular,4489563,5.7,-1.1,1.0,0.0,0.7,5.0,73,12.4,21.6,73,Snow fall: Moderate,0,0,Snowy Conditions
35032,2021-12-23 09:10:00,40.666573,-73.811775,0,0,Driver Inattention/Distraction,4489793,2.1,-2.3,0.0,0.0,0.0,0.0,3,20.1,35.6,299,Overcast,0,0,
35033,2022-01-01 05:17:00,40.74693,-73.84866,1,0,Passing or Lane Usage Improper,4491857,11.7,7.5,19.4,19.4,0.0,19.0,63,13.9,22.3,161,Rain: Moderate,1,1,
35034,2022-07-01 09:21:00,40.714462,-73.98166,1,0,Unspecified,4543412,33.7,20.2,0.1,0.1,0.0,1.0,51,32.3,58.0,215,Drizzle: Light,1,1,
35035,2022-09-22 09:40:00,40.730366,-73.91388,1,0,Driver Inattention/Distraction,4566443,24.9,14.3,9.1,9.1,0.0,7.0,63,24.6,44.6,273,Rain: Moderate,1,1,
35036,2022-07-01 19:01:00,40.86581,-73.88922,1,0,Driver Inattention/Distraction,4543295,33.7,20.2,0.1,0.1,0.0,1.0,51,32.3,58.0,215,Drizzle: Light,1,1,
35037,2022-07-01 14:15:00,40.728306,-73.99276,0,0,Outside Car Distraction,4543440,33.7,20.2,0.1,0.1,0.0,1.0,51,32.3,58.0,215,Drizzle: Light,0,0,
35038,2022-07-02 15:05:00,40.691444,-73.75211,0,0,Traffic Control Disregarded,4543168,30.8,23.1,4.0,4.0,0.0,5.0,61,19.4,40.0,229,Rain: Light,0,0,
35039,2022-07-02 19:06:00,40.595848,-74.0624,0,0,Reaction to Uninvolved Vehicle,4542971,30.8,23.1,4.0,4.0,0.0,5.0,61,19.4,40.0,229,Rain: Light,0,0,
35040,2022-07-02 17:30:00,40.68509,-73.80518,0,0,Passing or Lane Usage Improper,4543171,30.8,23.1,4.0,4.0,0.0,5.0,61,19.4,40.0,229,Rain: Light,0,0,
35041,2022-07-02 14:30:00,40.77278,-73.896484,1,0,Illnes,4543121,30.8,23.1,4.0,4.0,0.0,5.0,61,19.4,40.0,229,Rain: Light,1,1,
35042,2022-06-26 19:24:00,40.726685,-73.82183,2,0,Unspecified,4543332,30.8,19.9,0.0,0.0,0.0,0.0,3,30.9,55.8,188,Overcast,2,2,
35043,2022-07-02 02:55:00,40.72624,-73.93178,0,0,Failure to Yield Right-of-Way,4542604,30.8,23.1,4.0,4.0,0.0,5.0,61,19.4,40.0,229,Rain: Light,0,0,