,CRASH DATETIME,LATITUDE,LONGITUDE,NUMBER OF PERSONS INJURED,NUMBER OF PERSONS KILLED,CONTRIBUTING FACTOR VEHICLE 1,COLLISION_ID,temperature_2m_max,temperature_2m_min,precipitation_sum,rain_sum,snowfall_sum,precipitation_hours,weather_code,wind_speed_10m_max,wind_gusts_10m_max,wind_direction_10m_dominant,Weather Description,Severity_Score,Total_Affected_Persons,Weather_Category
35044,2022-07-02 02:45:00,40.701912,-73.93699,1,0,Other Vehicular,4542874,30.8,23.1,4.0,4.0,0.0,5.0,61,19.4,40.0,229,Rain: Light,1,1,
35045,2022-06-30 05:20:00,40.79286,-73.96754,0,0,Passing or Lane Usage Improper,4543269,31.2,17.3,0.0,0.0,0.0,0.0,2,19.1,37.4,274,Partly cloudy,0,0,
35046,2022-06-10 01:30:00,40.73166,-73.98545,0,0,Driver Inattention/Distraction,4543439,26.1,15.1,0.0,0.0,0.0,0.0,3,21.9,38.5,289,Overcast,0,0,
35047,2022-07-02 16:49:00,40.649693,-73.936966,0,0,Driver Inattention/Distraction,4543317,30.8,23.1,4.0,4.0,0.0,5.0,61,19.4,40.0,229,Rain: Light,0,0,
35048,2022-07-02 03:20:00,40.7485,-73.93853,0,0,Driver Inattention/Distraction,4542650,30.8,23.1,4.0,4.0,0.0,5.0,61,19.4,40.0,229,Rain: Light,0,0,
35049,2022-07-02 17:45:00,40.86177,-73.89868,1,0,Unspecified,4543342,30.8,23.1,4.0,4.0,0.0,5.0,61,19.4,40.0,229,Rain: Light,1,1,
35050,2022-07-02 19:48:00,40.665092,-73.72988,1,0,Unspecified,4542815,30.8,23.1,4.0,4.0,0.0,5.0,61,19.4,40.0,229,Rain: Light,1,1,
35051,2022-06-27 09:00:00,40.672745,-73.90766,0,0,Unspecified,4543395,26.2,19.8,11.7,11.7,0.0,9.0,63,20.5,43.2,224,Rain: Moderate,0,0,
35052,2022-07-02 05:11:00,40.631554,-73.89764,3,0,Unspecified,4542931,30.8,23.1,4.0,4.0,0.0,5.0,61,19.4,40.0,229,Rain: Light,3,3,
35053,2022-06-27 00:17:00,40.79525,-73.97321,0,0,Driver Inattention/Distraction,4543264,26.2,19.8,11.7,11.7,0.0,9.0,63,20.5,43.2,224,Rain: Moderate,0,0,
35054,2022-02-16 11:50:00,40.74284,-74.00028,0,0,Turning Improperly,4504907,6.2,-5.1,0.0,0.0,0.0,0.0,3,21.1,41.0,187,Overcast,0,0,
35055,2022-02-18 00:00:00,40.894978,-73.846375,0,0,Backing Unsafely,4504891,15.6,-2.8,11.9,11.9,0.0,6.0,63,44.1,79.2,261,Rain: Moderate,0,0,
35056,2022-07-01 15:50:00,40.8281,-73.92021,0,0,Driver Inattention/Distraction,4543292,33.7,20.2,0.1,0.1,0.0,1.0,51,32.3,58.0,215,Drizzle: Light,0,0,
35057,2022-01-01 01:30:00,40.819157,-73.96038,0,0,Unspecified,4491344,11.7,7.5,19.4,19.4,0.0,19.0,63,13.9,22.3,161,Rain: Moderate,0,0,
35058,2022-01-01 16:40:00,40.806107,-73.91799,0,0,Unspecified,4491478,11.7,7.5,19.4,19.4,0.0,19.0,63,13.9,22.3,161,Rain: Moderate,0,0,
35059,2022-01-01 13:07:00,40.742737,-73.87643,0,0,Driver Inattention/Distraction,4491843,11.7,7.5,19.4,19.4,0.0,19.0,63,13.9,22.3,161,Rain: Moderate,0,0,
35060,2022-01-01 02:09:00,40.714996,-73.81022,0,0,Following Too Closely,4491064,11.7,7.5,19.4,19.4,0.0,19.0,63,13.9,22.3,161,Rain: Moderate,0,0,
35061,2022-01-01 21:43:00,40.58392,-73.9379,0,0,Unspecified,4491373,11.7,7.5,19.4,19.4,0.0,19.0,63,13.9,22.3,161,Rain: Moderate,0,0,
35062,2022-01-01 02:53:00,40.646034,-73.99678,0,0,Unspecified,4491586,11.7,7.5,19.4,19.4,0.0,19.0,63,13.9,22.3,161,Rain: Moderate,0,0,
35063,2022-01-01 17:02:00,40.71236,-73.99375,0,0,Traffic Control Disregarded,4491430,11.7,7.5,19.4,19.4,0.0,19.0,63,13.9,22.3,161,Rain: Moderate,0,0,
35064,2021-12-20 14:10:00,0.0,0.0,2,0,Unspecified,4491728,1.8,-4.4,0.0,0.0,0.0,0.0,2,17.9,32.8,282,Partly cloudy,2,2,
35065,2022-01-01 03:42:00,40.604618,-74.02771,1,0,Unspecified,4491078,11.7,7.5,19.4,19.4,0.0,19.0,63,13.9,22.3,161,Rain: Moderate,1,1,
35066,2022-01-01 15:19:00,40.83375,-73.90049,0,0,Unspecified,4491440,11.7,7.5,19.4,19.4,0.0,19.0,63,13.9,22.3,161,Rain: Moderate,0,0,
35067,2021-12-18 01:45:00,40.725433,-73.951744,0,0,Passing Too Closely,4491837,6.3,4.5,3.8,3.8,0.0,9.0,61,12.3,24.5,35,Rain: Light,0,0,
35068,2022-01-01 15:00:00,40.85879,-73.907364,0,0,Driver Inattention/Distraction,4491694,11.7,7.5,19.4,19.4,0.0,19.0,63,13.9,22.3,161,Rain: Moderate,0,0,
35069,2022-01-01 03:46:00,40.865795,-73.920006,0,0,Passing Too Closely,4491096,11.7,7.5,19.4,19.4,0.0,19.0,63,13.9,22.3,161,Rain: Moderate,0,0,
35070,2022-01-01 07:30:00,40.655655,-73.87344,0,0,Failure to Yield Right-of-Way,4491305,11.7,7.5,19.4,19.4,0.0,19.0,63,13.9,22.3,161,Rain: Moderate,0,0,
35071,2021-05-19 10:00:00,40.79191,-73.94151,1,0,Failure to Yield Right-of-Way,4418594,28.2,13.6,0.0,0.0,0.0,0.0,3,19.6,40.3,337,Overcast,1,1,
35072,2021-06-03 11:05:00,40.76172,-73.98281,2,0,Driver Inattention/Distraction,4423403,23.0,13.2,11.9,11.9,0.0,10.0,63,13.6,38.9,165,Rain: Moderate,2,2,
35073,2021-06-07 07:10:00,40.753387,-73.99631,1,0,Traffic Control Disregarded,4424287,31.0,20.7,0.1,0.1,0.0,1.0,51,16.5,34.9,204,Drizzle: Light,1,1,
35074,2021-06-10 18:43:00,40.586445,-73.98838,1,0,Alcohol Involvement,4426371,26.7,16.8,0.0,0.0,0.0,0.0,3,20.9,40.3,78,Overcast,1,1,
35075,2021-06-13 15:15:00,40.738644,-73.98751,0,0,Pedestrian/Bicyclist/Other Pedestrian Error/Confusion,4426658,23.9,15.0,0.2,0.2,0.0,2.0,51,17.7,35.6,185,Drizzle: Light,0,0,
35076,2021-06-05 02:58:00,40.719936,-74.001434,0,0,Driver Inattention/Distraction,4427601,31.3,17.3,0.0,0.0,0.0,0.0,2,20.9,43.9,247,Partly cloudy,0,0,
35077,2021-06-13 10:50:00,40.636814,-74.15767,1,0,Steering Failure,4426866,23.9,15.0,0.2,0.2,0.0,2.0,51,17.7,35.6,185,Drizzle: Light,1,1,
35078,2021-06-13 15:32:00,40.724167,-74.00113,0,0,Backing Unsafely,4426733,23.9,15.0,0.2,0.2,0.0,2.0,51,17.7,35.6,185,Drizzle: Light,0,0,
35079,2021-05-22 21:10:00,40.814487,-73.95547,0,0,Cell Phone (hand-Held),4427508,30.5,16.5,0.0,0.0,0.0,0.0,3,19.1,36.4,299,Overcast,0,0,
35080,2021-06-13 21:51:00,40.861862,-73.91282,1,0,Unsafe Speed,4427468,23.9,15.0,0.2,0.2,0.0,2.0,51,17.7,35.6,185,Drizzle: Light,1,1,
35081,2021-06-13 21:11:00,40.685795,-73.911644,0,0,Turning Improperly,4427287,23.9,15.0,0.2,0.2,0.0,2.0,51,17.7,35.6,185,Drizzle: Light,0,0,
35082,2021-06-13 12:55:00,40.663383,-73.90329,2,0,Unspecified,4427228,23.9,15.0,0.2,0.2,0.0,2.0,51,17.7,35.6,185,Drizzle: Light,2,2,
35083,2021-06-13 00:46:00,40.860264,-73.90164,0,0,Unspecified,4426304,23.9,15.0,0.2,0.2,0.0,2.0,51,17.7,35.6,185,Drizzle: Light,0,0,
35084,2021-06-13 00:23:00,40.728832,-73.88052,0,0,Unsafe Lane Changing,4426709,23.9,15.0,0.2,0.2,0.0,2.0,51,17.7,35.6,185,Drizzle: Light,0,0,
35085,2021-06-11 00:50:00,40.748146,-73.90426,0,0,Unsafe Speed,4427522,20.7,15.3,1.2,1.2,0.0,3.0,53,13.2,27.0,97,Drizzle: Moderate,0,0,
35086,2021-06-13 19:05:00,40.556534,-74.12813,1,0,Unspecified,4426945,23.9,15.0,0.2,0.2,0.0,2.0,51,17.7,35.6,185,Drizzle: Light,1,1,
35087,2021-06-13 07:10:00,40.82294,-73.91451,4,0,Alcohol Involvement,4426783,23.9,15.0,0.2,0.2,0.0,2.0,51,17.7,35.6,185,Drizzle: Light,4,4,
35088,2021-06-13 23:30:00,40.643764,-73.87721,0,0,Unsafe Lane Changing,4427134,23.9,15.0,0.2,0.2,0.0,2.0,51,17.7,35.6,185,Drizzle: Light,0,0,
35089,2021-06-07 12:36:00,40.669117,-73.905716,0,0,Driver Inattention/Distraction,4427347,31.0,20.7,0.1,0.1,0.0,1.0,51,16.5,34.9,204,Drizzle: Light,0,0,
35090,2021-06-12 06:35:00,40.851967,-73.897095,1,0,Driver Inattention/Distraction,4427415,21.2,16.4,0.4,0.4,0.0,3.0,51,15.5,31.3,112,Drizzle: Light,1,1,
35091,2021-06-13 00:34:00,40.713062,-73.73994,0,0,Passing Too Closely,4426318,23.9,15.0,0.2,0.2,0.0,2.0,51,17.7,35.6,185,Drizzle: Light,0,0,
35092,2021-06-13 05:00:00,40.67089,-73.840805,0,0,Passing or Lane Usage Improper,4426799,23.9,15.0,0.2,0.2,0.0,2.0,51,17.7,35.6,185,Drizzle: Light,0,0,
35093,2021-06-13 18:15:00,40.6742,-73.99984,1,0,Unspecified,4427283,23.9,15.0,0.2,0.2,0.0,2.0,51,17.7,35.6,185,Drizzle: Light,1,1,
35094,2021-06-10 23:15:00,40.708515,-73.8034,1,0,Driver Inattention/Distraction,4427337,26.7,16.8,0.0,0.0,0.0,0.0,3,20.9,40.3,78,Overcast,1,1,
35095,2021-06-13 21:43:00,40.711704,-73.84477,0,0,Traffic Control Disregarded,4427076,23.9,15.0,0.2,0.2,0.0,2.0,51,17.7,35.6,185,Drizzle: Light,0,0,
35096,2021-06-13 07:47:00,40.75829,-73.83431,1,0,Failure to Yield Right-of-Way,4426365,23.9,15.0,0.2,0.2,0.0,2.0,51,17.7,35.6,185,Drizzle: Light,1,1,
35097,2021-06-13 05:11:00,40.83496,-73.939865,0,0,Unsafe Speed,4426636,23.9,15.0,0.2,0.2,0.0,2.0,51,17.7,35.6,185,Drizzle: Light,0,0,
35098,2021-06-13 03:01:00,40.882595,-73.89796,1,0,Pedestrian/Bicyclist/Other Pedestrian Error/Confusion,4426877,23.9,15.0,0.2,0.2,0.0,2.0,51,17.7,35.6,185,Drizzle: Light,1,1,
35099,2021-06-13 02:55:00,40.722298,-73.89265,0,0,Unsafe Speed,4427494,23.9,15.0,0.2,0.2,0.0,2.0,51,17.7,35.6,185,Drizzle: Light,0,0,
35100,2021-06-13 10:30:00,40.674637,-73.88989,0,0,Unspecified,4426921,23.9,15.0,0.2,0.2,0.0,2.0,51,17.7,35.6,185,Drizzle: Light,0,0,
35101,2021-06-13 13:20:00,40.610455,-73.99576,0,0,Driver Inattention/Distraction,4426960,23.9,15.0,0.2,0.2,0.0,2.0,51,17.7,35.6,185,Drizzle: Light,0,0,
35102,2021-06-13 18:25:00,40.630806,-74.10369,1,0,Driver Inattention/Distraction,4427005,23.9,15.0,0.2,0.2,0.0,2.0,51,17.7,35.6,185,Drizzle: Light,1,1,
35103,2021-06-13 17:40:00,40.86208,-73.86748,0,0,Passing Too Closely,4426607,23.9,15.0,0.2,0.2,0.0,2.0,51,17.7,35.6,185,Drizzle: Light,0,0,
35104,2021-06-13 12:17:00,40.744892,-73.77022,0,0,Following Too Closely,4426477,23.9,15.0,0.2,0.2,0.0,2.0,51,17.7,35.6,185,Drizzle: Light,0,0,
35105,2021-06-13 00:30:00,40.804413,-73.90967,0,0,Unspecified,4427372,23.9,15.0,0.2,0.2,0.0,2.0,51,17.7,35.6,185,Drizzle: Light,0,0,
35106,2021-06-09 06:40:00,40.696686,-73.9378,0,0,Traffic Control Disregarded,4427401,30.2,21.4,1.1,1.1,0.0,5.0,51,11.7,28.1,286,Drizzle: Light,0,0,
35107,2021-06-08 18:41:00,40.674755,-73.91109,0,0,Unspecified,4427444,30.1,22.0,5.9,5.9,0.0,9.0,61,16.6,34.6,215,Rain: Light,0,0,
35108,2021-06-13 10:00:00,40.86158,-73.85491,0,0,Other Vehicular,4426598,23.9,15.0,0.2,0.2,0.0,2.0,51,17.7,35.6,185,Drizzle: Light,0,0,
35109,2021-06-04 09:00:00,40.60652,-74.11913,0,0,Unspecified,4427312,25.3,17.4,6.5,6.5,0.0,10.0,61,17.9,37.8,235,Rain: Light,0,0,
35110,2021-06-13 20:10:00,40.819614,-73.85967,0,0,Unspecified,4426624,23.9,15.0,0.2,0.2,0.0,2.0,51,17.7,35.6,185,Drizzle: Light,0,0,
35111,2021-06-13 08:15:00,40.600204,-74.00284,0,0,Driver Inattention/Distraction,4426388,23.9,15.0,0.2,0.2,0.0,2.0,51,17.7,35.6,185,Drizzle: Light,0,0,
35112,2021-06-13 00:00:00,40.64053,-73.90132,0,0,Passing or Lane Usage Improper,4427002,23.9,15.0,0.2,0.2,0.0,2.0,51,17.7,35.6,185,Drizzle: Light,0,0,
35113,2021-05-26 08:00:00,40.759483,-73.904564,0,0,Unspecified,4427625,29.5,17.4,0.1,0.1,0.0,1.0,51,23.4,45.7,210,Drizzle: Light,0,0,
35114,2021-06-13 03:55:00,40.88024,-73.86326,0,0,Alcohol Involvement,4426767,23.9,15.0,0.2,0.2,0.0,2.0,51,17.7,35.6,185,Drizzle: Light,0,0,
35115,2021-06-13 13:42:00,40.641514,-73.97347,0,0,Passing Too Closely,4426837,23.9,15.0,0.2,0.2,0.0,2.0,51,17.7,35.6,185,Drizzle: Light,0,0,
35116,2021-06-06 22:00:00,40.682194,-73.92261,0,0,Unspecified,4427502,31.0,20.0,0.0,0.0,0.0,0.0,1,16.6,32.4,222,Mainly clear,0,0,Sunny/Clear Conditions
35117,2021-06-08 00:20:00,40.73715,-73.930824,1,0,Driver Inattention/Distraction,4427566,30.1,22.0,5.9,5.9,0.0,9.0,61,16.6,34.6,215,Rain: Light,1,1,
35118,2021-06-13 13:25:00,40.666904,-73.976326,0,0,Unspecified,4427041,23.9,15.0,0.2,0.2,0.0,2.0,51,17.7,35.6,185,Drizzle: Light,0,0,
35119,2021-06-13 14:15:00,40.67689,-73.900055,1,0,Unspecified,4426926,23.9,15.0,0.2,0.2,0.0,2.0,51,17.7,35.6,185,Drizzle: Light,1,1,
35120,2021-06-13 05:00:00,40.8557,-73.91495,0,0,Driver Inattention/Distraction,4427023,23.9,15.0,0.2,0.2,0.0,2.0,51,17.7,35.6,185,Drizzle: Light,0,0,
35121,2021-06-13 05:50:00,40.73931,-73.91947,0,0,Unsafe Speed,4426455,23.9,15.0,0.2,0.2,0.0,2.0,51,17.7,35.6,185,Drizzle: Light,0,0,
35122,2021-06-13 08:59:00,40.73851,-73.70284,2,0,Lost Consciousness,4426617,23.9,15.0,0.2,0.2,0.0,2.0,51,17.7,35.6,185,Drizzle: Light,2,2,
35123,2021-06-13 17:45:00,40.575302,-73.98453,0,0,Backing Unsafely,4426716,23.9,15.0,0.2,0.2,0.0,2.0,51,17.7,35.6,185,Drizzle: Light,0,0,
35124,2021-06-12 06:33:00,40.85429,-73.90027,0,0,Driver Inattention/Distraction,4427360,21.2,16.4,0.4,0.4,0.0,3.0,51,15.5,31.3,112,Drizzle: Light,0,0,
35125,2021-06-12 13:27:00,40.585373,-73.80963,2,0,Unspecified,4427452,21.2,16.4,0.4,0.4,0.0,3.0,51,15.5,31.3,112,Drizzle: Light,2,2,
35126,2021-06-13 09:00:00,40.655983,-73.897575,0,0,Driver Inattention/Distraction,4426920,23.9,15.0,0.2,0.2,0.0,2.0,51,17.7,35.6,185,Drizzle: Light,0,0,
35127,2021-06-13 18:00:00,40.73352,-73.95707,0,0,Unspecified,4427211,23.9,15.0,0.2,0.2,0.0,2.0,51,17.7,35.6,185,Drizzle: Light,0,0,
35128,2021-06-08 13:00:00,40.625347,-74.15081,0,0,Driver Inattention/Distraction,4427377,30.1,22.0,5.9,5.9,0.0,9.0,61,16.6,34.6,215,Rain: Light,0,0,
35129,2021-06-13 15:55:00,40.754707,-73.99164,1,0,Pedestrian/Bicyclist/Other Pedestrian Error/Confusion,4426641,23.9,15.0,0.2,0.2,0.0,2.0,51,17.7,35.6,185,Drizzle: Light,1,1,
35130,2021-06-13 14:24:00,40.828075,-73.88543,0,0,Following Too Closely,4427433,23.9,15.0,0.2,0.2,0.0,2.0,51,17.7,35.6,185,Drizzle: Light,0,0,
35131,2021-06-13 15:45:00,40.624966,-74.033394,0,0,Driver Inattention/Distraction,4426671,23.9,15.0,0.2,0.2,0.0,2.0,51,17.7,35.6,185,Drizzle: Light,0,0,
35132,2021-06-08 08:25:00,40.603493,-74.067345,0,0,Unsafe Lane Changing,4427318,30.1,22.0,5.9,5.9,0.0,9.0,61,16.6,34.6,215,Rain: Light,0,0,
35133,2021-06-13 10:15:00,40.71319,-73.91078,1,0,Failure to Yield Right-of-Way,4426542,23.9,15.0,0.2,0.2,0.0,2.0,51,17.7,35.6,185,Drizzle: Light,1,1,
35134,2021-06-13 19:30:00,40.676216,-73.93764,0,0,Driver Inattention/Distraction,4427126,23.9,15.0,0.2,0.2,0.0,2.0,51,17.7,35.6,185,Drizzle: Light,0,0,
35135,2021-06-13 19:07:00,40.660652,-73.86577,0,0,Driver Inexperience,4426934,23.9,15.0,0.2,0.2,0.0,2.0,51,17.7,35.6,185,Drizzle: Light,0,0,
35136,2021-06-13 10:10:00,40.791046,-73.95138,0,0,Unspecified,4426989,23.9,15.0,0.2,0.2,0.0,2.0,51,17.7,35.6,185,Drizzle: Light,0,0,
35137,2021-06-03 22:15:00,40.672676,-73.90994,1,0,,4427445,23.0,13.2,11.9,11.9,0.0,10.0,63,13.6,38.9,165,Rain: Moderate,1,1,
35138,2021-06-09 12:19:00,40.82748,-73.910866,0,0,Unsafe Lane Changing,4427629,30.2,21.4,1.1,1.1,0.0,5.0,51,11.7,28.1,286,Drizzle: Light,0,0,
35139,2021-06-13 02:20:00,40.702274,-73.81154,0,0,Following Too Closely,4427107,23.9,15.0,0.2,0.2,0.0,2.0,51,17.7,35.6,185,Drizzle: Light,0,0,
35140,2021-06-12 15:22:00,40.83,-73.91812,0,0,Passing Too Closely,4427300,21.2,16.4,0.4,0.4,0.0,3.0,51,15.5,31.3,112,Drizzle: Light,0,0,
35141,2021-06-13 13:35:00,40.606197,-73.95874,0,0,Unspecified,4426759,23.9,15.0,0.2,0.2,0.0,2.0,51,17.7,35.6,185,Drizzle: Light,0,0,
35142,2021-06-13 13:30:00,40.60638,-73.754715,0,0,Unspecified,4427237,23.9,15.0,0.2,0.2,0.0,2.0,51,17.7,35.6,185,Drizzle: Light,0,0,
35143,2021-06-02 23:30:00,40.813198,-73.95825,0,0,Unspecified,4427511,22.4,13.0,0.0,0.0,0.0,0.0,3,16.7,34.9,176,Overcast,0,0,
35144,2021-06-13 23:23:00,40.60307,-74.01667,4,0,Following Too Closely,4426686,23.9,15.0,0.2,0.2,0.0,2.0,51,17.7,35.6,185,Drizzle: Light,4,4,
35145,2021-06-09 16:45:00,40.741585,-73.92281,0,0,Passing or Lane Usage Improper,4427525,30.2,21.4,1.1,1.1,0.0,5.0,51,11.7,28.1,286,Drizzle: Light,0,0,
35146,2021-06-13 21:50:00,40.627365,-74.166565,0,0,Traffic Control Disregarded,4426895,23.9,15.0,0.2,0.2,0.0,2.0,51,17.7,35.6,185,Drizzle: Light,0,0,
35147,2021-06-08 17:00:00,40.66375,-73.90089,0,0,Driver Inattention/Distraction,4427351,30.1,22.0,5.9,5.9,0.0,9.0,61,16.6,34.6,215,Rain: Light,0,0,
35148,2021-06-13 01:25:00,40.695847,-73.908806,1,0,Driver Inattention/Distraction,4426648,23.9,15.0,0.2,0.2,0.0,2.0,51,17.7,35.6,185,Drizzle: Light,1,1,
35149,2021-05-31 20:45:00,40.70722,-73.78957,1,0,Illnes,4427386,20.3,9.3,0.7,0.7,0.0,5.0,51,20.9,40.7,318,Drizzle: Light,1,1,
35150,2021-06-13 12:10:00,40.649944,-73.96703,0,0,Driver Inattention/Distraction,4426851,23.9,15.0,0.2,0.2,0.0,2.0,51,17.7,35.6,185,Drizzle: Light,0,0,
35151,2021-06-13 17:00:00,40.73149,-73.84215,0,0,Unspecified,4426711,23.9,15.0,0.2,0.2,0.0,2.0,51,17.7,35.6,185,Drizzle: Light,0,0,
35152,2021-06-13 16:39:00,40.65319,-73.96622,0,0,Unspecified,4426852,23.9,15.0,0.2,0.2,0.0,2.0,51,17.7,35.6,185,Drizzle: Light,0,0,
35153,2021-06-13 13:21:00,40.805557,-73.91047,2,0,Passenger Distraction,4426790,23.9,15.0,0.2,0.2,0.0,2.0,51,17.7,35.6,185,Drizzle: Light,2,2,
35154,2021-06-13 12:20:00,40.73117,-73.98433,1,0,Driver Inattention/Distraction,4427278,23.9,15.0,0.2,0.2,0.0,2.0,51,17.7,35.6,185,Drizzle: Light,1,1,
35155,2021-06-13 01:34:00,40.75295,-73.96681,0,0,Driver Inattention/Distraction,4426309,23.9,15.0,0.2,0.2,0.0,2.0,51,17.7,35.6,185,Drizzle: Light,0,0,
35156,2021-05-28 20:20:00,40.844524,-73.902725,0,0,Driver Inattention/Distraction,4427329,19.4,10.6,25.0,25.0,0.0,8.0,63,25.6,47.9,62,Rain: Moderate,0,0,
35157,2021-06-12 20:07:00,40.691967,-73.78251,1,0,Unsafe Speed,4427424,21.2,16.4,0.4,0.4,0.0,3.0,51,15.5,31.3,112,Drizzle: Light,1,1,
35158,2021-06-13 14:44:00,40.70986,-73.96696,0,0,Backing Unsafely,4426664,23.9,15.0,0.2,0.2,0.0,2.0,51,17.7,35.6,185,Drizzle: Light,0,0,
35159,2021-06-12 10:21:00,40.84689,-73.8853,0,0,Passing Too Closely,4427413,21.2,16.4,0.4,0.4,0.0,3.0,51,15.5,31.3,112,Drizzle: Light,0,0,
35160,2022-01-01 18:21:00,40.890648,-73.84875,1,0,Pavement Slippery,4491488,11.7,7.5,19.4,19.4,0.0,19.0,63,13.9,22.3,161,Rain: Moderate,1,1,
35161,2021-06-13 09:05:00,40.67069,-73.91703,1,0,Other Vehicular,4427226,23.9,15.0,0.2,0.2,0.0,2.0,51,17.7,35.6,185,Drizzle: Light,1,1,
35162,2021-06-13 01:45:00,40.65979,-73.773476,0,0,Brakes Defective,4426320,23.9,15.0,0.2,0.2,0.0,2.0,51,17.7,35.6,185,Drizzle: Light,0,0,
35163,2021-06-13 18:29:00,40.68943,-73.99688,0,0,Driver Inattention/Distraction,4427286,23.9,15.0,0.2,0.2,0.0,2.0,51,17.7,35.6,185,Drizzle: Light,0,0,
35164,2021-06-13 17:30:00,40.693523,-73.980316,0,0,Passing or Lane Usage Improper,4426645,23.9,15.0,0.2,0.2,0.0,2.0,51,17.7,35.6,185,Drizzle: Light,0,0,
35165,2021-06-08 12:00:00,40.752937,-73.940414,0,0,Unspecified,4427653,30.1,22.0,5.9,5.9,0.0,9.0,61,16.6,34.6,215,Rain: Light,0,0,
35166,2021-06-13 15:00:00,40.80489,-73.922844,0,0,Unsafe Speed,4426796,23.9,15.0,0.2,0.2,0.0,2.0,51,17.7,35.6,185,Drizzle: Light,0,0,
35167,2021-06-13 17:00:00,40.594616,-73.99743,0,0,Unsafe Lane Changing,4427338,23.9,15.0,0.2,0.2,0.0,2.0,51,17.7,35.6,185,Drizzle: Light,0,0,
35168,2021-06-13 19:15:00,40.64212,-73.94381,0,0,Driver Inattention/Distraction,4426687,23.9,15.0,0.2,0.2,0.0,2.0,51,17.7,35.6,185,Drizzle: Light,0,0,
35169,2021-06-13 21:40:00,40.685013,-73.929474,0,0,Backing Unsafely,4427069,23.9,15.0,0.2,0.2,0.0,2.0,51,17.7,35.6,185,Drizzle: Light,0,0,
35170,2021-06-10 14:40:00,40.758602,-73.91379,1,0,,4427655,26.7,16.8,0.0,0.0,0.0,0.0,3,20.9,40.3,78,Overcast,1,1,
35171,2021-06-13 18:50:00,40.664417,-73.76975,0,0,Driver Inattention/Distraction,4427148,23.9,15.0,0.2,0.2,0.0,2.0,51,17.7,35.6,185,Drizzle: Light,0,0,
35172,2021-06-13 05:08:00,40.614082,-74.14263,0,0,Unspecified,4427602,23.9,15.0,0.2,0.2,0.0,2.0,51,17.7,35.6,185,Drizzle: Light,0,0,
35173,2021-06-13 03:41:00,40.607338,-73.96189,1,0,Alcohol Involvement,4426753,23.9,15.0,0.2,0.2,0.0,2.0,51,17.7,35.6,185,Drizzle: Light,1,1,
35174,2021-06-10 18:30:00,40.826042,-73.85933,2,0,Driver Inattention/Distraction,4427473,26.7,16.8,0.0,0.0,0.0,0.0,3,20.9,40.3,78,Overcast,2,2,
35175,2021-06-08 13:20:00,40.79423,-73.94695,0,0,Unspecified,4427403,30.1,22.0,5.9,5.9,0.0,9.0,61,16.6,34.6,215,Rain: Light,0,0,
35176,2021-05-25 05:40:00,40.717754,-73.75815,0,0,Passing or Lane Usage Improper,4427512,21.9,13.0,0.0,0.0,0.0,0.0,3,24.3,47.9,182,Overcast,0,0,
35177,2021-06-13 00:36:00,40.7008,-73.907364,0,0,Alcohol Involvement,4426541,23.9,15.0,0.2,0.2,0.0,2.0,51,17.7,35.6,185,Drizzle: Light,0,0,
35178,2021-06-13 14:00:00,40.848362,-73.86252,1,0,Driver Inexperience,4426599,23.9,15.0,0.2,0.2,0.0,2.0,51,17.7,35.6,185,Drizzle: Light,1,1,
35179,2021-06-13 16:30:00,40.653755,-73.88173,0,0,Unspecified,4426929,23.9,15.0,0.2,0.2,0.0,2.0,51,17.7,35.6,185,Drizzle: Light,0,0,
35180,2021-06-13 16:45:00,40.701824,-73.753494,4,0,Unspecified,4427395,23.9,15.0,0.2,0.2,0.0,2.0,51,17.7,35.6,185,Drizzle: Light,4,4,
35181,2021-06-13 16:28:00,40.739872,-73.996895,0,0,View Obstructed/Limited,4426660,23.9,15.0,0.2,0.2,0.0,2.0,51,17.7,35.6,185,Drizzle: Light,0,0,
35182,2021-06-13 04:25:00,40.751404,-74.00518,1,0,Traffic Control Disregarded,4427027,23.9,15.0,0.2,0.2,0.0,2.0,51,17.7,35.6,185,Drizzle: Light,1,1,
35183,2021-06-11 16:21:00,40.851467,-73.89557,0,0,Driver Inexperience,4427345,20.7,15.3,1.2,1.2,0.0,3.0,53,13.2,27.0,97,Drizzle: Moderate,0,0,
35184,2021-06-13 02:55:00,40.772156,-73.94541,1,0,Driver Inattention/Distraction,4426863,23.9,15.0,0.2,0.2,0.0,2.0,51,17.7,35.6,185,Drizzle: Light,1,1,
35185,2021-06-13 15:30:00,40.677887,-73.89796,0,0,Brakes Defective,4426935,23.9,15.0,0.2,0.2,0.0,2.0,51,17.7,35.6,185,Drizzle: Light,0,0,
35186,2021-06-13 12:03:00,40.631176,-74.120285,0,0,Unspecified,4426589,23.9,15.0,0.2,0.2,0.0,2.0,51,17.7,35.6,185,Drizzle: Light,0,0,
35187,2021-06-13 22:30:00,40.78913,-73.97638,0,0,Backing Unsafely,4426715,23.9,15.0,0.2,0.2,0.0,2.0,51,17.7,35.6,185,Drizzle: Light,0,0,
35188,2021-06-13 20:00:00,40.763695,-73.81911,0,0,Passing or Lane Usage Improper,4427212,23.9,15.0,0.2,0.2,0.0,2.0,51,17.7,35.6,185,Drizzle: Light,0,0,