,CRASH DATETIME,LATITUDE,LONGITUDE,NUMBER OF PERSONS INJURED,NUMBER OF PERSONS KILLED,CONTRIBUTING FACTOR VEHICLE 1,COLLISION_ID,temperature_2m_max,temperature_2m_min,precipitation_sum,rain_sum,snowfall_sum,precipitation_hours,weather_code,wind_speed_10m_max,wind_gusts_10m_max,wind_direction_10m_dominant,Weather Description,Severity_Score,Total_Affected_Persons,Weather_Category
35189,2020-05-21 12:00:00,40.68484,-73.90672,0,0,Passing or Lane Usage Improper,4427297,17.0,5.8,0.0,0.0,0.0,0.0,0,16.1,35.6,143,Clear sky,0,0,Sunny/Clear Conditions
35190,2021-06-13 16:08:00,40.86155,-73.92472,1,0,Turning Improperly,4427048,23.9,15.0,0.2,0.2,0.0,2.0,51,17.7,35.6,185,Drizzle: Light,1,1,
35191,2021-06-12 14:00:00,40.74656,-73.89413,0,0,Driver Inexperience,4427585,21.2,16.4,0.4,0.4,0.0,3.0,51,15.5,31.3,112,Drizzle: Light,0,0,
35192,2021-06-13 16:40:00,40.698757,-73.91885,0,0,Passing Too Closely,4426653,23.9,15.0,0.2,0.2,0.0,2.0,51,17.7,35.6,185,Drizzle: Light,0,0,
35193,2021-06-13 20:55:00,40.833416,-73.90709,0,0,Traffic Control Disregarded,4426726,23.9,15.0,0.2,0.2,0.0,2.0,51,17.7,35.6,185,Drizzle: Light,0,0,
35194,2021-06-10 17:42:00,40.862717,-73.9023,0,0,Unspecified,4427460,26.7,16.8,0.0,0.0,0.0,0.0,3,20.9,40.3,78,Overcast,0,0,
35195,2021-06-13 02:15:00,40.82656,-73.82208,0,0,,4427451,23.9,15.0,0.2,0.2,0.0,2.0,51,17.7,35.6,185,Drizzle: Light,0,0,
35196,2021-06-02 23:20:00,40.68319,-73.8663,1,0,Failure to Yield Right-of-Way,4427363,22.4,13.0,0.0,0.0,0.0,0.0,3,16.7,34.9,176,Overcast,1,1,
35197,2021-06-13 13:49:00,40.655563,-73.87974,1,0,Driver Inattention/Distraction,4426924,23.9,15.0,0.2,0.2,0.0,2.0,51,17.7,35.6,185,Drizzle: Light,1,1,
35198,2021-06-13 04:00:00,40.606014,-74.00517,0,0,Driver Inattention/Distraction,4426361,23.9,15.0,0.2,0.2,0.0,2.0,51,17.7,35.6,185,Drizzle: Light,0,0,
35199,2021-06-13 00:00:00,40.850395,-73.9228,0,0,Unspecified,4427021,23.9,15.0,0.2,0.2,0.0,2.0,51,17.7,35.6,185,Drizzle: Light,0,0,
35200,2021-06-13 09:00:00,40.748405,-73.97094,0,0,Unspecified,4426625,23.9,15.0,0.2,0.2,0.0,2.0,51,17.7,35.6,185,Drizzle: Light,0,0,
35201,2021-06-10 22:11:00,40.737152,-73.90602,1,0,Driver Inexperience,4427565,26.7,16.8,0.0,0.0,0.0,0.0,3,20.9,40.3,78,Overcast,1,1,
35202,2021-06-13 15:05:00,40.66879,-73.88839,1,0,Unspecified,4426939,23.9,15.0,0.2,0.2,0.0,2.0,51,17.7,35.6,185,Drizzle: Light,1,1,
35203,2021-06-13 18:55:00,40.88437,-73.89582,0,0,Unspecified,4426876,23.9,15.0,0.2,0.2,0.0,2.0,51,17.7,35.6,185,Drizzle: Light,0,0,
35204,2021-06-13 05:14:00,40.895496,-73.852295,0,0,Driver Inattention/Distraction,4426765,23.9,15.0,0.2,0.2,0.0,2.0,51,17.7,35.6,185,Drizzle: Light,0,0,
35205,2021-06-11 18:01:00,40.853683,-73.86917,1,0,View Obstructed/Limited,4427459,20.7,15.3,1.2,1.2,0.0,3.0,53,13.2,27.0,97,Drizzle: Moderate,1,1,
35206,2021-06-11 21:52:00,40.680923,-73.85503,0,0,Backing Unsafely,4427310,20.7,15.3,1.2,1.2,0.0,3.0,53,13.2,27.0,97,Drizzle: Moderate,0,0,
35207,2021-06-13 01:00:00,40.686073,-73.81564,0,0,Passing or Lane Usage Improper,4426823,23.9,15.0,0.2,0.2,0.0,2.0,51,17.7,35.6,185,Drizzle: Light,0,0,
35208,2021-06-01 13:36:00,40.685215,-73.982475,0,0,Passing Too Closely,4427491,23.5,9.7,0.0,0.0,0.0,0.0,3,17.6,32.0,221,Overcast,0,0,
35209,2022-01-01 00:20:00,40.75478,-73.97994,0,0,Unspecified,4491535,11.7,7.5,19.4,19.4,0.0,19.0,63,13.9,22.3,161,Rain: Moderate,0,0,
35210,2021-06-13 09:20:00,40.75548,-73.74173,0,0,Driver Inattention/Distraction,4427028,23.9,15.0,0.2,0.2,0.0,2.0,51,17.7,35.6,185,Drizzle: Light,0,0,
35211,2021-06-13 00:00:00,40.703163,-73.81662,1,0,Driver Inattention/Distraction,4427109,23.9,15.0,0.2,0.2,0.0,2.0,51,17.7,35.6,185,Drizzle: Light,1,1,
35212,2021-06-13 16:25:00,40.82712,-73.909744,0,0,Unspecified,4426725,23.9,15.0,0.2,0.2,0.0,2.0,51,17.7,35.6,185,Drizzle: Light,0,0,
35213,2021-06-13 05:13:00,40.60366,-73.94734,1,0,Alcohol Involvement,4426958,23.9,15.0,0.2,0.2,0.0,2.0,51,17.7,35.6,185,Drizzle: Light,1,1,
35214,2021-06-13 00:27:00,40.639023,-73.90462,0,0,Driver Inattention/Distraction,4426377,23.9,15.0,0.2,0.2,0.0,2.0,51,17.7,35.6,185,Drizzle: Light,0,0,
35215,2021-06-13 07:00:00,40.8205,-73.81183,0,0,Unspecified,4426846,23.9,15.0,0.2,0.2,0.0,2.0,51,17.7,35.6,185,Drizzle: Light,0,0,
35216,2021-06-13 15:46:00,40.686436,-73.9292,2,0,Following Too Closely,4426605,23.9,15.0,0.2,0.2,0.0,2.0,51,17.7,35.6,185,Drizzle: Light,2,2,
35217,2021-06-08 19:00:00,0.0,0.0,0,0,Turning Improperly,4427624,30.1,22.0,5.9,5.9,0.0,9.0,61,16.6,34.6,215,Rain: Light,0,0,
35218,2021-06-13 15:45:00,40.855686,-73.89594,0,0,Passing or Lane Usage Improper,4426853,23.9,15.0,0.2,0.2,0.0,2.0,51,17.7,35.6,185,Drizzle: Light,0,0,
35219,2021-06-13 12:54:00,40.706047,-73.94129,0,0,Driver Inattention/Distraction,4426663,23.9,15.0,0.2,0.2,0.0,2.0,51,17.7,35.6,185,Drizzle: Light,0,0,
35220,2021-06-13 13:15:00,40.85441,-73.88139,1,0,Driver Inattention/Distraction,4426844,23.9,15.0,0.2,0.2,0.0,2.0,51,17.7,35.6,185,Drizzle: Light,1,1,
35221,2021-03-27 15:25:00,40.6915,-73.90956,0,0,Driver Inattention/Distraction,4427500,17.8,6.8,0.0,0.0,0.0,0.0,3,21.8,43.2,253,Overcast,0,0,
35222,2021-06-13 07:47:00,40.60158,-73.7409,0,0,Driver Inattention/Distraction,4427236,23.9,15.0,0.2,0.2,0.0,2.0,51,17.7,35.6,185,Drizzle: Light,0,0,
35223,2021-06-13 14:00:00,40.602478,-73.96636,1,0,Driver Inexperience,4426758,23.9,15.0,0.2,0.2,0.0,2.0,51,17.7,35.6,185,Drizzle: Light,1,1,
35224,2021-06-13 23:08:00,40.72383,-73.983795,0,0,Passing or Lane Usage Improper,4427279,23.9,15.0,0.2,0.2,0.0,2.0,51,17.7,35.6,185,Drizzle: Light,0,0,
35225,2021-06-13 03:17:00,40.75582,-73.970764,1,0,Driver Inattention/Distraction,4426310,23.9,15.0,0.2,0.2,0.0,2.0,51,17.7,35.6,185,Drizzle: Light,1,1,
35226,2022-01-01 05:55:00,40.693344,-73.80228,1,0,Driver Inattention/Distraction,4491624,11.7,7.5,19.4,19.4,0.0,19.0,63,13.9,22.3,161,Rain: Moderate,1,1,
35227,2021-06-11 14:00:00,40.721943,-73.95545,0,0,Passing Too Closely,4427574,20.7,15.3,1.2,1.2,0.0,3.0,53,13.2,27.0,97,Drizzle: Moderate,0,0,
35228,2021-06-13 21:30:00,40.74223,-73.95885,1,0,Failure to Yield Right-of-Way,4427088,23.9,15.0,0.2,0.2,0.0,2.0,51,17.7,35.6,185,Drizzle: Light,1,1,
35229,2021-05-29 07:00:00,40.82181,-73.939514,0,0,Backing Unsafely,4427422,11.0,8.5,25.1,25.1,0.0,22.0,63,29.9,56.9,39,Rain: Moderate,0,0,
35230,2021-06-12 20:05:00,40.687485,-73.75057,0,0,Passing Too Closely,4427396,21.2,16.4,0.4,0.4,0.0,3.0,51,15.5,31.3,112,Drizzle: Light,0,0,
35231,2021-06-13 14:00:00,40.683193,-73.891266,0,0,,4426936,23.9,15.0,0.2,0.2,0.0,2.0,51,17.7,35.6,185,Drizzle: Light,0,0,
35232,2021-06-13 07:00:00,40.626842,-74.12697,2,0,Glare,4426588,23.9,15.0,0.2,0.2,0.0,2.0,51,17.7,35.6,185,Drizzle: Light,2,2,
35233,2021-06-13 22:57:00,40.80256,-73.943,1,0,Traffic Control Disregarded,4426896,23.9,15.0,0.2,0.2,0.0,2.0,51,17.7,35.6,185,Drizzle: Light,1,1,
35234,2021-06-06 04:45:00,40.71985,-73.994255,0,0,Following Too Closely,4427325,31.0,20.0,0.0,0.0,0.0,0.0,1,16.6,32.4,222,Mainly clear,0,0,Sunny/Clear Conditions
35235,2021-06-13 08:28:00,40.69787,-73.743034,2,0,Traffic Control Disregarded,4426616,23.9,15.0,0.2,0.2,0.0,2.0,51,17.7,35.6,185,Drizzle: Light,2,2,
35236,2021-06-13 00:00:00,40.669456,-73.86284,0,0,Turning Improperly,4426930,23.9,15.0,0.2,0.2,0.0,2.0,51,17.7,35.6,185,Drizzle: Light,0,0,
35237,2021-05-25 19:30:00,40.666653,-73.90275,0,0,Passing Too Closely,4427350,21.9,13.0,0.0,0.0,0.0,0.0,3,24.3,47.9,182,Overcast,0,0,
35238,2021-06-13 13:30:00,40.703545,-73.92234,0,0,Driver Inattention/Distraction,4426652,23.9,15.0,0.2,0.2,0.0,2.0,51,17.7,35.6,185,Drizzle: Light,0,0,
35239,2021-06-13 13:50:00,40.79378,-73.945175,1,0,Pedestrian/Bicyclist/Other Pedestrian Error/Confusion,4426990,23.9,15.0,0.2,0.2,0.0,2.0,51,17.7,35.6,185,Drizzle: Light,1,1,
35240,2021-06-12 19:10:00,40.688656,-73.760704,0,0,Unsafe Speed,4427394,21.2,16.4,0.4,0.4,0.0,3.0,51,15.5,31.3,112,Drizzle: Light,0,0,
35241,2021-06-13 01:40:00,40.865795,-73.920006,0,0,Driver Inattention/Distraction,4426445,23.9,15.0,0.2,0.2,0.0,2.0,51,17.7,35.6,185,Drizzle: Light,0,0,
35242,2021-06-13 08:00:00,40.625046,-74.16651,0,0,Driver Inattention/Distraction,4426906,23.9,15.0,0.2,0.2,0.0,2.0,51,17.7,35.6,185,Drizzle: Light,0,0,
35243,2021-06-13 09:30:00,40.76843,-73.9354,0,0,Unspecified,4427628,23.9,15.0,0.2,0.2,0.0,2.0,51,17.7,35.6,185,Drizzle: Light,0,0,
35244,2021-06-13 21:00:00,40.62469,-73.93634,0,0,Unspecified,4426975,23.9,15.0,0.2,0.2,0.0,2.0,51,17.7,35.6,185,Drizzle: Light,0,0,
35245,2021-06-13 00:15:00,40.854874,-73.916794,0,0,Alcohol Involvement,4427025,23.9,15.0,0.2,0.2,0.0,2.0,51,17.7,35.6,185,Drizzle: Light,0,0,
35246,2021-06-13 02:35:00,40.679367,-73.931335,1,0,Outside Car Distraction,4426475,23.9,15.0,0.2,0.2,0.0,2.0,51,17.7,35.6,185,Drizzle: Light,1,1,
35247,2021-06-13 15:15:00,40.677883,-73.74561,0,0,Unspecified,4426613,23.9,15.0,0.2,0.2,0.0,2.0,51,17.7,35.6,185,Drizzle: Light,0,0,
35248,2021-06-11 12:00:00,40.678135,-73.98492,0,0,Passing Too Closely,4427366,20.7,15.3,1.2,1.2,0.0,3.0,53,13.2,27.0,97,Drizzle: Moderate,0,0,
35249,2021-06-13 17:04:00,40.60548,-73.999725,0,0,Aggressive Driving/Road Rage,4426644,23.9,15.0,0.2,0.2,0.0,2.0,51,17.7,35.6,185,Drizzle: Light,0,0,
35250,2021-06-13 19:17:00,40.67233,-73.84019,0,0,Passing Too Closely,4426797,23.9,15.0,0.2,0.2,0.0,2.0,51,17.7,35.6,185,Drizzle: Light,0,0,
35251,2021-06-09 08:49:00,40.676247,-73.907135,0,0,Unspecified,4427352,30.2,21.4,1.1,1.1,0.0,5.0,51,11.7,28.1,286,Drizzle: Light,0,0,
35252,2021-06-13 05:22:00,40.728413,-73.88078,0,0,Driver Inattention/Distraction,4427079,23.9,15.0,0.2,0.2,0.0,2.0,51,17.7,35.6,185,Drizzle: Light,0,0,
35253,2021-06-13 21:55:00,40.70084,-73.824585,0,0,Aggressive Driving/Road Rage,4427314,23.9,15.0,0.2,0.2,0.0,2.0,51,17.7,35.6,185,Drizzle: Light,0,0,
35254,2021-06-13 14:04:00,40.835648,-73.855545,1,0,Passing or Lane Usage Improper,4426527,23.9,15.0,0.2,0.2,0.0,2.0,51,17.7,35.6,185,Drizzle: Light,1,1,
35255,2021-06-13 22:00:00,40.754707,-73.99164,0,0,Unsafe Speed,4426661,23.9,15.0,0.2,0.2,0.0,2.0,51,17.7,35.6,185,Drizzle: Light,0,0,
35256,2021-06-13 05:00:00,40.630535,-73.8884,1,0,Traffic Control Disregarded,4426374,23.9,15.0,0.2,0.2,0.0,2.0,51,17.7,35.6,185,Drizzle: Light,1,1,
35257,2021-06-13 20:00:00,40.81891,-73.86819,0,0,Unspecified,4426627,23.9,15.0,0.2,0.2,0.0,2.0,51,17.7,35.6,185,Drizzle: Light,0,0,
35258,2021-06-12 17:35:00,40.695255,-73.75554,1,0,Unsafe Speed,4427428,21.2,16.4,0.4,0.4,0.0,3.0,51,15.5,31.3,112,Drizzle: Light,1,1,
35259,2022-01-01 17:00:00,40.701195,-73.91409,0,0,Passing Too Closely,4491660,11.7,7.5,19.4,19.4,0.0,19.0,63,13.9,22.3,161,Rain: Moderate,0,0,
35260,2021-06-13 17:30:00,40.678226,-73.742386,0,0,Driver Inattention/Distraction,4426620,23.9,15.0,0.2,0.2,0.0,2.0,51,17.7,35.6,185,Drizzle: Light,0,0,
35261,2021-06-12 16:34:00,40.643215,-74.098305,1,0,Unspecified,4427478,21.2,16.4,0.4,0.4,0.0,3.0,51,15.5,31.3,112,Drizzle: Light,1,1,
35262,2021-06-13 14:14:00,40.66633,-73.91571,0,0,Driver Inattention/Distraction,4427235,23.9,15.0,0.2,0.2,0.0,2.0,51,17.7,35.6,185,Drizzle: Light,0,0,
35263,2021-06-08 10:00:00,40.693104,-73.966835,0,0,Unspecified,4427514,30.1,22.0,5.9,5.9,0.0,9.0,61,16.6,34.6,215,Rain: Light,0,0,
35264,2021-06-13 23:01:00,40.845108,-73.913025,1,0,Reaction to Uninvolved Vehicle,4426690,23.9,15.0,0.2,0.2,0.0,2.0,51,17.7,35.6,185,Drizzle: Light,1,1,
35265,2021-06-13 11:55:00,40.673946,-73.86966,2,0,Driver Inattention/Distraction,4426928,23.9,15.0,0.2,0.2,0.0,2.0,51,17.7,35.6,185,Drizzle: Light,2,2,
35266,2021-06-13 23:25:00,40.852703,-73.921844,0,0,Driver Inattention/Distraction,4427019,23.9,15.0,0.2,0.2,0.0,2.0,51,17.7,35.6,185,Drizzle: Light,0,0,
35267,2021-06-13 01:45:00,40.60739,-74.007454,0,0,Alcohol Involvement,4426957,23.9,15.0,0.2,0.2,0.0,2.0,51,17.7,35.6,185,Drizzle: Light,0,0,
35268,2021-06-13 13:44:00,40.877033,-73.846375,1,0,Failure to Yield Right-of-Way,4426770,23.9,15.0,0.2,0.2,0.0,2.0,51,17.7,35.6,185,Drizzle: Light,1,1,
35269,2021-06-13 03:00:00,40.67235,-73.75269,0,0,Driver Inattention/Distraction,4427141,23.9,15.0,0.2,0.2,0.0,2.0,51,17.7,35.6,185,Drizzle: Light,0,0,
35270,2021-06-11 23:40:00,40.857056,-73.88326,0,0,Driver Inattention/Distraction,4427344,20.7,15.3,1.2,1.2,0.0,3.0,53,13.2,27.0,97,Drizzle: Moderate,0,0,
35271,2021-06-13 22:00:00,40.771946,-73.734406,0,0,Driver Inattention/Distraction,4426679,23.9,15.0,0.2,0.2,0.0,2.0,51,17.7,35.6,185,Drizzle: Light,0,0,
35272,2021-06-13 16:30:00,40.767998,-73.830864,0,0,Passing Too Closely,4427215,23.9,15.0,0.2,0.2,0.0,2.0,51,17.7,35.6,185,Drizzle: Light,0,0,
35273,2021-06-12 22:00:00,40.63195,-74.14667,2,0,Driver Inattention/Distraction,4427589,21.2,16.4,0.4,0.4,0.0,3.0,51,15.5,31.3,112,Drizzle: Light,2,2,
35274,2023-01-15 12:55:00,40.790936,-73.968925,2,0,Pedestrian/Bicyclist/Other Pedestrian Error/Confusion,4597985,4.7,-2.1,0.0,0.0,0.0,0.0,3,29.5,53.6,354,Overcast,2,2,
35275,2021-06-13 05:20:00,40.60309,-73.99262,0,0,Driver Inattention/Distraction,4426332,23.9,15.0,0.2,0.2,0.0,2.0,51,17.7,35.6,185,Drizzle: Light,0,0,
35276,2021-06-13 06:28:00,40.830223,-73.834045,0,0,Unspecified,4427438,23.9,15.0,0.2,0.2,0.0,2.0,51,17.7,35.6,185,Drizzle: Light,0,0,
35277,2021-06-13 15:30:00,40.610455,-73.99576,0,0,Driver Inattention/Distraction,4426600,23.9,15.0,0.2,0.2,0.0,2.0,51,17.7,35.6,185,Drizzle: Light,0,0,
35278,2021-06-13 16:24:00,40.635696,-73.903465,0,0,Turning Improperly,4426727,23.9,15.0,0.2,0.2,0.0,2.0,51,17.7,35.6,185,Drizzle: Light,0,0,
35279,2021-06-13 04:10:00,40.753933,-73.86122,1,0,Pedestrian/Bicyclist/Other Pedestrian Error/Confusion,4427404,23.9,15.0,0.2,0.2,0.0,2.0,51,17.7,35.6,185,Drizzle: Light,1,1,
35280,2021-06-13 11:50:00,40.779476,-73.97358,1,0,Other Vehicular,4427101,23.9,15.0,0.2,0.2,0.0,2.0,51,17.7,35.6,185,Drizzle: Light,1,1,
35281,2021-06-08 16:16:00,40.61449,-73.92789,1,0,Driver Inattention/Distraction,4427503,30.1,22.0,5.9,5.9,0.0,9.0,61,16.6,34.6,215,Rain: Light,1,1,
35282,2021-06-09 00:30:00,40.720707,-73.981316,1,0,Driver Inattention/Distraction,4427607,30.2,21.4,1.1,1.1,0.0,5.0,51,11.7,28.1,286,Drizzle: Light,1,1,
35283,2021-06-13 03:20:00,40.60566,-73.966965,0,0,Unspecified,4426756,23.9,15.0,0.2,0.2,0.0,2.0,51,17.7,35.6,185,Drizzle: Light,0,0,
35284,2021-06-13 08:28:00,40.863106,-73.82572,2,0,Unspecified,4427449,23.9,15.0,0.2,0.2,0.0,2.0,51,17.7,35.6,185,Drizzle: Light,2,2,
35285,2021-06-13 23:20:00,40.6905,-73.86353,0,0,Fell Asleep,4426875,23.9,15.0,0.2,0.2,0.0,2.0,51,17.7,35.6,185,Drizzle: Light,0,0,
35286,2021-06-13 13:29:00,40.70752,-73.7641,1,0,Brakes Defective,4427110,23.9,15.0,0.2,0.2,0.0,2.0,51,17.7,35.6,185,Drizzle: Light,1,1,
35287,2021-06-13 21:15:00,40.73673,-73.85625,1,0,Driver Inattention/Distraction,4426713,23.9,15.0,0.2,0.2,0.0,2.0,51,17.7,35.6,185,Drizzle: Light,1,1,
35288,2021-06-13 19:45:00,40.699024,-73.91623,1,0,Driver Inexperience,4426654,23.9,15.0,0.2,0.2,0.0,2.0,51,17.7,35.6,185,Drizzle: Light,1,1,
35289,2021-06-13 22:35:00,40.596,-73.77067,0,0,Driver Inattention/Distraction,4427247,23.9,15.0,0.2,0.2,0.0,2.0,51,17.7,35.6,185,Drizzle: Light,0,0,
35290,2021-06-10 17:00:00,40.721676,-73.98061,0,0,Following Too Closely,4427289,26.7,16.8,0.0,0.0,0.0,0.0,3,20.9,40.3,78,Overcast,0,0,
35291,2021-06-13 13:30:00,40.670254,-73.85728,0,0,Driver Inattention/Distraction,4426923,23.9,15.0,0.2,0.2,0.0,2.0,51,17.7,35.6,185,Drizzle: Light,0,0,
35292,2021-06-13 01:35:00,40.760902,-73.98713,2,0,Unspecified,4427052,23.9,15.0,0.2,0.2,0.0,2.0,51,17.7,35.6,185,Drizzle: Light,2,2,
35293,2021-06-13 20:15:00,40.5837,-73.94259,0,0,Unsafe Speed,4426761,23.9,15.0,0.2,0.2,0.0,2.0,51,17.7,35.6,185,Drizzle: Light,0,0,
35294,2021-06-10 20:22:00,40.861862,-73.91282,0,0,Traffic Control Disregarded,4427462,26.7,16.8,0.0,0.0,0.0,0.0,3,20.9,40.3,78,Overcast,0,0,
35295,2021-06-13 20:46:00,40.85638,-73.82631,2,0,Unspecified,4426847,23.9,15.0,0.2,0.2,0.0,2.0,51,17.7,35.6,185,Drizzle: Light,2,2,
35296,2021-06-12 12:30:00,40.675316,-73.90714,0,0,Driver Inattention/Distraction,4427349,21.2,16.4,0.4,0.4,0.0,3.0,51,15.5,31.3,112,Drizzle: Light,0,0,
35297,2021-06-11 11:00:00,40.852524,-73.88432,0,0,Passing Too Closely,4427412,20.7,15.3,1.2,1.2,0.0,3.0,53,13.2,27.0,97,Drizzle: Moderate,0,0,
35298,2021-06-13 22:05:00,40.698257,-73.82039,0,0,Other Vehicular,4426856,23.9,15.0,0.2,0.2,0.0,2.0,51,17.7,35.6,185,Drizzle: Light,0,0,
35299,2021-06-12 21:35:00,40.687485,-73.75057,1,0,Unspecified,4427399,21.2,16.4,0.4,0.4,0.0,3.0,51,15.5,31.3,112,Drizzle: Light,1,1,
35300,2021-06-13 05:00:00,40.736057,-73.87941,0,0,Passing Too Closely,4427195,23.9,15.0,0.2,0.2,0.0,2.0,51,17.7,35.6,185,Drizzle: Light,0,0,
35301,2021-06-13 03:00:00,40.651627,-73.73399,0,0,Unspecified,4426316,23.9,15.0,0.2,0.2,0.0,2.0,51,17.7,35.6,185,Drizzle: Light,0,0,
35302,2021-06-04 20:30:00,40.73372,-73.766365,1,0,Following Too Closely,4427335,25.3,17.4,6.5,6.5,0.0,10.0,61,17.9,37.8,235,Rain: Light,1,1,
35303,2021-06-13 19:43:00,40.67398,-73.899315,0,0,Traffic Control Disregarded,4427253,23.9,15.0,0.2,0.2,0.0,2.0,51,17.7,35.6,185,Drizzle: Light,0,0,
35304,2021-06-13 14:25:00,40.71803,-73.989426,0,0,Driver Inattention/Distraction,4426677,23.9,15.0,0.2,0.2,0.0,2.0,51,17.7,35.6,185,Drizzle: Light,0,0,
35305,2021-06-13 22:40:00,40.663643,-73.87395,1,0,Driver Inattention/Distraction,4426937,23.9,15.0,0.2,0.2,0.0,2.0,51,17.7,35.6,185,Drizzle: Light,1,1,
35306,2021-06-13 17:19:00,40.778084,-73.82688,1,0,Following Too Closely,4426594,23.9,15.0,0.2,0.2,0.0,2.0,51,17.7,35.6,185,Drizzle: Light,1,1,
35307,2021-06-13 03:00:00,40.662582,-73.896385,0,0,Unsafe Speed,4426931,23.9,15.0,0.2,0.2,0.0,2.0,51,17.7,35.6,185,Drizzle: Light,0,0,
35308,2021-06-10 13:15:00,40.765106,-73.931465,0,0,Unspecified,4427627,26.7,16.8,0.0,0.0,0.0,0.0,3,20.9,40.3,78,Overcast,0,0,
35309,2021-06-13 19:29:00,40.681885,-73.85165,1,0,Failure to Yield Right-of-Way,4427308,23.9,15.0,0.2,0.2,0.0,2.0,51,17.7,35.6,185,Drizzle: Light,1,1,
35310,2021-06-13 05:35:00,40.705425,-73.78258,0,0,Driver Inattention/Distraction,4427104,23.9,15.0,0.2,0.2,0.0,2.0,51,17.7,35.6,185,Drizzle: Light,0,0,
35311,2021-06-13 12:00:00,40.87989,-73.83797,1,0,Unspecified,4426769,23.9,15.0,0.2,0.2,0.0,2.0,51,17.7,35.6,185,Drizzle: Light,1,1,
35312,2021-06-13 16:30:00,40.700245,-73.92089,0,0,Unspecified,4427499,23.9,15.0,0.2,0.2,0.0,2.0,51,17.7,35.6,185,Drizzle: Light,0,0,
35313,2021-06-13 11:40:00,40.767117,-73.956505,0,0,Unspecified,4426811,23.9,15.0,0.2,0.2,0.0,2.0,51,17.7,35.6,185,Drizzle: Light,0,0,
35314,2021-06-09 16:50:00,40.67887,-73.92165,1,0,Driver Inattention/Distraction,4427547,30.2,21.4,1.1,1.1,0.0,5.0,51,11.7,28.1,286,Drizzle: Light,1,1,
35315,2021-06-13 13:00:00,40.862755,-73.901085,1,0,Unsafe Lane Changing,4427035,23.9,15.0,0.2,0.2,0.0,2.0,51,17.7,35.6,185,Drizzle: Light,1,1,
35316,2021-06-13 12:21:00,40.881794,-73.89881,1,0,Driver Inattention/Distraction,4426880,23.9,15.0,0.2,0.2,0.0,2.0,51,17.7,35.6,185,Drizzle: Light,1,1,
35317,2021-06-13 12:09:00,40.66561,-73.73568,0,0,Unspecified,4426619,23.9,15.0,0.2,0.2,0.0,2.0,51,17.7,35.6,185,Drizzle: Light,0,0,
35318,2021-06-13 14:15:00,40.689922,-73.92281,0,0,Driver Inattention/Distraction,4426650,23.9,15.0,0.2,0.2,0.0,2.0,51,17.7,35.6,185,Drizzle: Light,0,0,
35319,2021-06-12 23:55:00,40.66871,-73.91731,0,0,Vehicle Vandalism,4427389,21.2,16.4,0.4,0.4,0.0,3.0,51,15.5,31.3,112,Drizzle: Light,0,0,
35320,2021-06-13 04:16:00,40.868248,-73.916145,0,0,Unsafe Speed,4426447,23.9,15.0,0.2,0.2,0.0,2.0,51,17.7,35.6,185,Drizzle: Light,0,0,
35321,2021-06-09 12:00:00,40.67392,-73.91012,0,0,Unspecified,4427353,30.2,21.4,1.1,1.1,0.0,5.0,51,11.7,28.1,286,Drizzle: Light,0,0,
35322,2021-06-13 02:03:00,40.810173,-73.937416,0,0,Unsafe Speed,4426918,23.9,15.0,0.2,0.2,0.0,2.0,51,17.7,35.6,185,Drizzle: Light,0,0,
35323,2021-06-13 04:59:00,40.842678,-73.899376,0,0,Failure to Yield Right-of-Way,4426724,23.9,15.0,0.2,0.2,0.0,2.0,51,17.7,35.6,185,Drizzle: Light,0,0,
35324,2021-06-13 22:20:00,40.7108,-74.00342,0,0,Driver Inattention/Distraction,4427455,23.9,15.0,0.2,0.2,0.0,2.0,51,17.7,35.6,185,Drizzle: Light,0,0,
35325,2021-06-08 00:15:00,40.719685,-73.997154,0,0,Outside Car Distraction,4427324,30.1,22.0,5.9,5.9,0.0,9.0,61,16.6,34.6,215,Rain: Light,0,0,
35326,2021-06-12 21:00:00,40.785027,-73.91382,0,0,Unspecified,4427421,21.2,16.4,0.4,0.4,0.0,3.0,51,15.5,31.3,112,Drizzle: Light,0,0,
35327,2021-06-13 16:12:00,40.685024,-73.98612,0,0,Driver Inattention/Distraction,4426621,23.9,15.0,0.2,0.2,0.0,2.0,51,17.7,35.6,185,Drizzle: Light,0,0,
35328,2021-06-13 05:52:00,40.74677,-73.9837,0,0,Driver Inattention/Distraction,4426655,23.9,15.0,0.2,0.2,0.0,2.0,51,17.7,35.6,185,Drizzle: Light,0,0,
35329,2021-06-13 15:30:00,40.76713,-73.99373,1,0,Unspecified,4427053,23.9,15.0,0.2,0.2,0.0,2.0,51,17.7,35.6,185,Drizzle: Light,1,1,
35330,2021-06-13 13:36:00,40.719864,-73.94486,2,0,Passing Too Closely,4426980,23.9,15.0,0.2,0.2,0.0,2.0,51,17.7,35.6,185,Drizzle: Light,2,2,
35331,2021-06-13 08:48:00,40.844864,-73.92256,1,0,Driver Inattention/Distraction,4426998,23.9,15.0,0.2,0.2,0.0,2.0,51,17.7,35.6,185,Drizzle: Light,1,1,
35332,2021-06-10 20:05:00,40.864132,-73.89132,0,0,Failure to Yield Right-of-Way,4427463,26.7,16.8,0.0,0.0,0.0,0.0,3,20.9,40.3,78,Overcast,0,0,