,CRASH DATETIME,LATITUDE,LONGITUDE,NUMBER OF PERSONS INJURED,NUMBER OF PERSONS KILLED,CONTRIBUTING FACTOR VEHICLE 1,COLLISION_ID,temperature_2m_max,temperature_2m_min,precipitation_sum,rain_sum,snowfall_sum,precipitation_hours,weather_code,wind_speed_10m_max,wind_gusts_10m_max,wind_direction_10m_dominant,Weather Description,Severity_Score,Total_Affected_Persons,Weather_Category
35333,2021-06-13 00:52:00,40.73261,-73.8686,0,0,Driver Inattention/Distraction,4426441,23.9,15.0,0.2,0.2,0.0,2.0,51,17.7,35.6,185,Drizzle: Light,0,0,
35334,2021-06-11 14:07:00,40.63762,-74.00734,0,0,Driver Inattention/Distraction,4427614,20.7,15.3,1.2,1.2,0.0,3.0,53,13.2,27.0,97,Drizzle: Moderate,0,0,
35335,2021-06-13 04:23:00,40.63272,-73.90886,0,0,Unspecified,4426843,23.9,15.0,0.2,0.2,0.0,2.0,51,17.7,35.6,185,Drizzle: Light,0,0,
35336,2021-06-10 16:47:00,40.731194,-73.95781,0,0,Driver Inattention/Distraction,4427573,26.7,16.8,0.0,0.0,0.0,0.0,3,20.9,40.3,78,Overcast,0,0,
35337,2021-06-13 12:57:00,40.68519,-73.75484,0,0,Driver Inattention/Distraction,4426558,23.9,15.0,0.2,0.2,0.0,2.0,51,17.7,35.6,185,Drizzle: Light,0,0,
35338,2021-06-09 17:14:00,40.619774,-74.0777,1,0,Driver Inattention/Distraction,4427479,30.2,21.4,1.1,1.1,0.0,5.0,51,11.7,28.1,286,Drizzle: Light,1,1,
35339,2021-06-13 10:45:00,40.66127,-73.896065,0,0,Unspecified,4426922,23.9,15.0,0.2,0.2,0.0,2.0,51,17.7,35.6,185,Drizzle: Light,0,0,
35340,2021-06-13 04:20:00,40.75829,-73.83431,0,0,Failure to Yield Right-of-Way,4426369,23.9,15.0,0.2,0.2,0.0,2.0,51,17.7,35.6,185,Drizzle: Light,0,0,
35341,2021-06-13 12:25:00,40.706284,-73.960594,0,0,Passenger Distraction,4426662,23.9,15.0,0.2,0.2,0.0,2.0,51,17.7,35.6,185,Drizzle: Light,0,0,
35342,2021-06-13 04:07:00,40.614166,-73.92886,1,0,Other Vehicular,4426973,23.9,15.0,0.2,0.2,0.0,2.0,51,17.7,35.6,185,Drizzle: Light,1,1,
35343,2021-06-04 13:53:00,40.821068,-73.89894,1,0,Unsafe Speed,4427430,25.3,17.4,6.5,6.5,0.0,10.0,61,17.9,37.8,235,Rain: Light,1,1,
35344,2021-06-13 02:24:00,40.89711,-73.88008,0,0,Unspecified,4426878,23.9,15.0,0.2,0.2,0.0,2.0,51,17.7,35.6,185,Drizzle: Light,0,0,
35345,2021-06-13 18:50:00,40.74089,-73.92201,1,0,Unspecified,4426612,23.9,15.0,0.2,0.2,0.0,2.0,51,17.7,35.6,185,Drizzle: Light,1,1,
35346,2021-06-13 15:00:00,40.67029,-73.915405,0,0,Driver Inattention/Distraction,4427220,23.9,15.0,0.2,0.2,0.0,2.0,51,17.7,35.6,185,Drizzle: Light,0,0,
35347,2021-06-13 17:35:00,40.761272,-73.95571,1,0,Driver Inattention/Distraction,4426691,23.9,15.0,0.2,0.2,0.0,2.0,51,17.7,35.6,185,Drizzle: Light,1,1,
35348,2021-06-13 17:02:00,40.679634,-73.94959,2,0,Aggressive Driving/Road Rage,4427078,23.9,15.0,0.2,0.2,0.0,2.0,51,17.7,35.6,185,Drizzle: Light,2,2,
35349,2021-06-13 02:00:00,40.77872,-73.9893,0,0,Unsafe Speed,4427140,23.9,15.0,0.2,0.2,0.0,2.0,51,17.7,35.6,185,Drizzle: Light,0,0,
35350,2021-06-13 00:00:00,40.609,-73.957726,0,0,Unspecified,4426757,23.9,15.0,0.2,0.2,0.0,2.0,51,17.7,35.6,185,Drizzle: Light,0,0,
35351,2021-06-13 15:54:00,40.62577,-73.97983,0,0,Unspecified,4427608,23.9,15.0,0.2,0.2,0.0,2.0,51,17.7,35.6,185,Drizzle: Light,0,0,
35352,2021-05-14 13:40:00,40.759037,-73.8879,1,0,Driver Inattention/Distraction,4427408,21.6,7.5,0.0,0.0,0.0,0.0,2,14.3,25.2,276,Partly cloudy,1,1,
35353,2021-06-13 10:00:00,40.77279,-73.837135,0,0,Failure to Yield Right-of-Way,4426499,23.9,15.0,0.2,0.2,0.0,2.0,51,17.7,35.6,185,Drizzle: Light,0,0,
35354,2021-06-11 22:30:00,40.55057,-74.16758,2,0,Driver Inattention/Distraction,4427313,20.7,15.3,1.2,1.2,0.0,3.0,53,13.2,27.0,97,Drizzle: Moderate,2,2,
35355,2021-06-13 13:35:00,40.675888,-73.89523,1,0,Unspecified,4426927,23.9,15.0,0.2,0.2,0.0,2.0,51,17.7,35.6,185,Drizzle: Light,1,1,
35356,2021-06-06 12:50:00,40.77622,-73.97596,1,0,Passenger Distraction,4427519,31.0,20.0,0.0,0.0,0.0,0.0,1,16.6,32.4,222,Mainly clear,1,1,Sunny/Clear Conditions
35357,2022-01-01 08:00:00,40.75081,-73.89398,1,0,Driver Inexperience,4491163,11.7,7.5,19.4,19.4,0.0,19.0,63,13.9,22.3,161,Rain: Moderate,1,1,
35358,2021-06-13 05:50:00,40.844246,-73.93372,0,0,Alcohol Involvement,4426631,23.9,15.0,0.2,0.2,0.0,2.0,51,17.7,35.6,185,Drizzle: Light,0,0,
35359,2021-06-13 18:00:00,40.84036,-73.91807,1,0,Driver Inexperience,4426778,23.9,15.0,0.2,0.2,0.0,2.0,51,17.7,35.6,185,Drizzle: Light,1,1,
35360,2021-06-13 01:00:00,40.56477,-74.127655,0,0,Unspecified,4426947,23.9,15.0,0.2,0.2,0.0,2.0,51,17.7,35.6,185,Drizzle: Light,0,0,
35361,2021-06-13 17:00:00,40.8485,-73.820496,0,0,Unspecified,4426867,23.9,15.0,0.2,0.2,0.0,2.0,51,17.7,35.6,185,Drizzle: Light,0,0,
35362,2021-06-13 11:37:00,40.760532,-73.753716,4,0,Following Too Closely,4426476,23.9,15.0,0.2,0.2,0.0,2.0,51,17.7,35.6,185,Drizzle: Light,4,4,
35363,2021-06-13 00:06:00,40.666187,-73.916664,4,0,Traffic Control Disregarded,4426346,23.9,15.0,0.2,0.2,0.0,2.0,51,17.7,35.6,185,Drizzle: Light,4,4,
35364,2021-06-13 21:30:00,40.70602,-73.96148,0,0,Driver Inattention/Distraction,4426667,23.9,15.0,0.2,0.2,0.0,2.0,51,17.7,35.6,185,Drizzle: Light,0,0,
35365,2021-06-13 21:45:00,40.755486,-73.82472,0,0,Following Too Closely,4427378,23.9,15.0,0.2,0.2,0.0,2.0,51,17.7,35.6,185,Drizzle: Light,0,0,
35366,2021-06-13 00:00:00,40.8144,-73.91069,0,0,Unspecified,4426798,23.9,15.0,0.2,0.2,0.0,2.0,51,17.7,35.6,185,Drizzle: Light,0,0,
35367,2021-06-13 18:00:00,40.60342,-73.98865,0,0,Unspecified,4426642,23.9,15.0,0.2,0.2,0.0,2.0,51,17.7,35.6,185,Drizzle: Light,0,0,
35368,2021-06-13 17:30:00,40.618584,-73.95474,0,0,Unspecified,4427231,23.9,15.0,0.2,0.2,0.0,2.0,51,17.7,35.6,185,Drizzle: Light,0,0,
35369,2021-06-13 17:30:00,40.69193,-73.91031,1,0,Traffic Control Disregarded,4427282,23.9,15.0,0.2,0.2,0.0,2.0,51,17.7,35.6,185,Drizzle: Light,1,1,
35370,2021-06-13 11:40:00,40.610508,-74.09576,0,0,Reaction to Uninvolved Vehicle,4427341,23.9,15.0,0.2,0.2,0.0,2.0,51,17.7,35.6,185,Drizzle: Light,0,0,
35371,2021-06-11 11:44:00,40.711845,-73.859764,2,0,Failure to Yield Right-of-Way,4427506,20.7,15.3,1.2,1.2,0.0,3.0,53,13.2,27.0,97,Drizzle: Moderate,2,2,
35372,2021-06-13 00:15:00,40.663227,-73.93159,0,0,Unspecified,4426681,23.9,15.0,0.2,0.2,0.0,2.0,51,17.7,35.6,185,Drizzle: Light,0,0,
35373,2021-06-13 03:20:00,40.675385,-73.95337,0,0,Driver Inattention/Distraction,4427118,23.9,15.0,0.2,0.2,0.0,2.0,51,17.7,35.6,185,Drizzle: Light,0,0,
35374,2021-06-13 19:45:00,40.68175,-73.96748,1,0,Failure to Yield Right-of-Way,4427367,23.9,15.0,0.2,0.2,0.0,2.0,51,17.7,35.6,185,Drizzle: Light,1,1,
35375,2021-06-13 03:00:00,40.682938,-73.86717,0,0,Unspecified,4426919,23.9,15.0,0.2,0.2,0.0,2.0,51,17.7,35.6,185,Drizzle: Light,0,0,
35376,2021-06-09 08:35:00,40.854763,-73.90765,0,0,Oversized Vehicle,4427400,30.2,21.4,1.1,1.1,0.0,5.0,51,11.7,28.1,286,Drizzle: Light,0,0,
35377,2021-06-13 08:12:00,40.681362,-73.79728,0,0,Following Too Closely,4427432,23.9,15.0,0.2,0.2,0.0,2.0,51,17.7,35.6,185,Drizzle: Light,0,0,
35378,2021-06-13 14:00:00,40.675926,-73.95608,1,0,Unspecified,4426596,23.9,15.0,0.2,0.2,0.0,2.0,51,17.7,35.6,185,Drizzle: Light,1,1,
35379,2021-06-13 00:50:00,40.676495,-73.8636,3,0,Traffic Control Disregarded,4426938,23.9,15.0,0.2,0.2,0.0,2.0,51,17.7,35.6,185,Drizzle: Light,3,3,
35380,2021-06-10 16:15:00,40.71673,-74.00208,0,0,Driver Inattention/Distraction,4427322,26.7,16.8,0.0,0.0,0.0,0.0,3,20.9,40.3,78,Overcast,0,0,
35381,2021-06-13 12:30:00,40.591793,-74.136536,0,0,Unsafe Speed,4426881,23.9,15.0,0.2,0.2,0.0,2.0,51,17.7,35.6,185,Drizzle: Light,0,0,
35382,2021-06-13 13:10:00,40.76698,-73.9169,0,0,Unspecified,4426543,23.9,15.0,0.2,0.2,0.0,2.0,51,17.7,35.6,185,Drizzle: Light,0,0,
35383,2021-06-13 03:10:00,40.679363,-73.7973,0,1,Unsafe Speed,4426623,23.9,15.0,0.2,0.2,0.0,2.0,51,17.7,35.6,185,Drizzle: Light,20,1,
35384,2021-06-13 18:00:00,40.632965,-73.883415,0,0,Unspecified,4427000,23.9,15.0,0.2,0.2,0.0,2.0,51,17.7,35.6,185,Drizzle: Light,0,0,
35385,2021-06-13 08:30:00,40.684956,-73.96519,0,0,Unspecified,4426452,23.9,15.0,0.2,0.2,0.0,2.0,51,17.7,35.6,185,Drizzle: Light,0,0,
35386,2021-06-12 23:48:00,40.71604,-73.80504,0,0,Driver Inattention/Distraction,4427343,21.2,16.4,0.4,0.4,0.0,3.0,51,15.5,31.3,112,Drizzle: Light,0,0,
35387,2022-01-01 00:55:00,40.673107,-73.99959,0,0,Unspecified,4491201,11.7,7.5,19.4,19.4,0.0,19.0,63,13.9,22.3,161,Rain: Moderate,0,0,
35388,2021-06-12 14:00:00,40.75583,-73.861565,0,0,Unspecified,4427410,21.2,16.4,0.4,0.4,0.0,3.0,51,15.5,31.3,112,Drizzle: Light,0,0,
35389,2021-06-13 20:59:00,40.683567,-73.94106,1,0,Turning Improperly,4427094,23.9,15.0,0.2,0.2,0.0,2.0,51,17.7,35.6,185,Drizzle: Light,1,1,
35390,2021-06-06 21:45:00,40.759308,-73.944176,1,0,Unspecified,4427650,31.0,20.0,0.0,0.0,0.0,0.0,1,16.6,32.4,222,Mainly clear,1,1,Sunny/Clear Conditions
35391,2021-06-13 20:33:00,40.8541,-73.919106,1,0,Following Too Closely,4427024,23.9,15.0,0.2,0.2,0.0,2.0,51,17.7,35.6,185,Drizzle: Light,1,1,
35392,2022-09-13 10:00:00,40.726543,-73.97534,0,0,Unspecified,4566616,26.0,20.5,8.3,8.3,0.0,16.0,61,19.5,33.8,219,Rain: Light,0,0,
35393,2021-06-13 00:00:00,40.69158,-73.79319,0,0,Driver Inattention/Distraction,4427106,23.9,15.0,0.2,0.2,0.0,2.0,51,17.7,35.6,185,Drizzle: Light,0,0,
35394,2021-05-31 18:05:00,40.67533,-73.93609,0,0,Driver Inattention/Distraction,4427454,20.3,9.3,0.7,0.7,0.0,5.0,51,20.9,40.7,318,Drizzle: Light,0,0,
35395,2021-06-13 16:16:00,40.59618,-73.960754,0,0,Driver Inattention/Distraction,4426760,23.9,15.0,0.2,0.2,0.0,2.0,51,17.7,35.6,185,Drizzle: Light,0,0,
35396,2021-06-13 09:20:00,40.6915,-73.90956,0,0,Driver Inattention/Distraction,4427270,23.9,15.0,0.2,0.2,0.0,2.0,51,17.7,35.6,185,Drizzle: Light,0,0,
35397,2021-06-13 03:59:00,40.707436,-73.727554,0,0,Following Too Closely,4426317,23.9,15.0,0.2,0.2,0.0,2.0,51,17.7,35.6,185,Drizzle: Light,0,0,
35398,2021-06-11 14:48:00,40.537865,-74.19192,0,0,Unspecified,4427387,20.7,15.3,1.2,1.2,0.0,3.0,53,13.2,27.0,97,Drizzle: Moderate,0,0,
35399,2021-06-13 03:30:00,40.81401,-73.94466,0,0,Driver Inattention/Distraction,4426839,23.9,15.0,0.2,0.2,0.0,2.0,51,17.7,35.6,185,Drizzle: Light,0,0,
35400,2021-06-13 04:10:00,40.83801,-73.87329,0,0,Driver Inattention/Distraction,4426857,23.9,15.0,0.2,0.2,0.0,2.0,51,17.7,35.6,185,Drizzle: Light,0,0,
35401,2022-01-01 01:50:00,40.895718,-73.849525,2,0,Traffic Control Disregarded,4491166,11.7,7.5,19.4,19.4,0.0,19.0,63,13.9,22.3,161,Rain: Moderate,2,2,
35402,2021-06-09 22:05:00,40.72493,-73.95147,0,0,Reaction to Uninvolved Vehicle,4427572,30.2,21.4,1.1,1.1,0.0,5.0,51,11.7,28.1,286,Drizzle: Light,0,0,
35403,2021-06-13 17:30:00,40.74975,-73.75485,0,0,Outside Car Distraction,4426675,23.9,15.0,0.2,0.2,0.0,2.0,51,17.7,35.6,185,Drizzle: Light,0,0,
35404,2021-06-13 16:27:00,40.86272,-73.9085,0,0,Following Too Closely,4427036,23.9,15.0,0.2,0.2,0.0,2.0,51,17.7,35.6,185,Drizzle: Light,0,0,
35405,2021-06-13 03:30:00,40.831585,-73.89956,0,0,Unspecified,4426722,23.9,15.0,0.2,0.2,0.0,2.0,51,17.7,35.6,185,Drizzle: Light,0,0,
35406,2021-06-07 09:00:00,40.678303,-73.86525,0,0,Unspecified,4427354,31.0,20.7,0.1,0.1,0.0,1.0,51,16.5,34.9,204,Drizzle: Light,0,0,
35407,2021-06-10 18:16:00,40.86418,-73.90119,0,0,Other Vehicular,4427464,26.7,16.8,0.0,0.0,0.0,0.0,3,20.9,40.3,78,Overcast,0,0,
35408,2021-06-13 04:30:00,40.68484,-73.83596,1,0,Unsafe Lane Changing,4426850,23.9,15.0,0.2,0.2,0.0,2.0,51,17.7,35.6,185,Drizzle: Light,1,1,
35409,2021-06-13 11:35:00,40.732933,-73.71654,0,0,Passing Too Closely,4426618,23.9,15.0,0.2,0.2,0.0,2.0,51,17.7,35.6,185,Drizzle: Light,0,0,
35410,2021-06-13 02:17:00,40.723988,-73.98504,1,0,Unspecified,4426428,23.9,15.0,0.2,0.2,0.0,2.0,51,17.7,35.6,185,Drizzle: Light,1,1,
35411,2021-06-13 18:15:00,40.67325,-73.886734,3,0,Driver Inattention/Distraction,4426933,23.9,15.0,0.2,0.2,0.0,2.0,51,17.7,35.6,185,Drizzle: Light,3,3,
35412,2021-06-13 04:15:00,40.76732,-73.98433,0,0,Unspecified,4427060,23.9,15.0,0.2,0.2,0.0,2.0,51,17.7,35.6,185,Drizzle: Light,0,0,
35413,2021-06-13 20:30:00,40.772305,-73.77349,3,0,Failure to Yield Right-of-Way,4426656,23.9,15.0,0.2,0.2,0.0,2.0,51,17.7,35.6,185,Drizzle: Light,3,3,
35414,2021-06-13 21:45:00,40.82416,-73.87816,0,0,Driver Inattention/Distraction,4426982,23.9,15.0,0.2,0.2,0.0,2.0,51,17.7,35.6,185,Drizzle: Light,0,0,
35415,2021-06-13 09:22:00,40.7201,-73.79038,1,0,View Obstructed/Limited,4427348,23.9,15.0,0.2,0.2,0.0,2.0,51,17.7,35.6,185,Drizzle: Light,1,1,
35416,2021-06-13 16:07:00,40.640522,-73.99447,0,0,Unspecified,4427609,23.9,15.0,0.2,0.2,0.0,2.0,51,17.7,35.6,185,Drizzle: Light,0,0,
35417,2021-06-13 02:50:00,40.6944,-73.91255,2,0,Other Vehicular,4426649,23.9,15.0,0.2,0.2,0.0,2.0,51,17.7,35.6,185,Drizzle: Light,2,2,
35418,2021-06-13 22:30:00,40.75085,-73.858284,0,0,Unspecified,4426712,23.9,15.0,0.2,0.2,0.0,2.0,51,17.7,35.6,185,Drizzle: Light,0,0,
35419,2021-06-13 03:33:00,40.844917,-73.926384,1,0,Tire Failure/Inadequate,4426768,23.9,15.0,0.2,0.2,0.0,2.0,51,17.7,35.6,185,Drizzle: Light,1,1,
35420,2021-06-12 15:00:00,40.717464,-73.99835,0,0,Driver Inattention/Distraction,4427301,21.2,16.4,0.4,0.4,0.0,3.0,51,15.5,31.3,112,Drizzle: Light,0,0,
35421,2021-06-12 16:40:00,40.668568,-73.91827,0,0,Unspecified,4427447,21.2,16.4,0.4,0.4,0.0,3.0,51,15.5,31.3,112,Drizzle: Light,0,0,
35422,2021-06-11 12:40:00,40.616547,-74.02607,0,0,Failure to Keep Right,4427487,20.7,15.3,1.2,1.2,0.0,3.0,53,13.2,27.0,97,Drizzle: Moderate,0,0,
35423,2021-06-13 16:50:00,40.65804,-73.83572,1,0,Reaction to Uninvolved Vehicle,4426806,23.9,15.0,0.2,0.2,0.0,2.0,51,17.7,35.6,185,Drizzle: Light,1,1,
35424,2021-06-10 17:30:00,40.653633,-73.72538,0,0,Unspecified,4427537,26.7,16.8,0.0,0.0,0.0,0.0,3,20.9,40.3,78,Overcast,0,0,
35425,2021-06-13 21:46:00,40.620304,-73.989,0,0,Driver Inattention/Distraction,4426685,23.9,15.0,0.2,0.2,0.0,2.0,51,17.7,35.6,185,Drizzle: Light,0,0,
35426,2021-06-10 01:32:00,40.683094,-73.80596,2,0,Unsafe Speed,4427418,26.7,16.8,0.0,0.0,0.0,0.0,3,20.9,40.3,78,Overcast,2,2,
35427,2021-06-13 14:09:00,40.659176,-73.92033,0,0,Unspecified,4427122,23.9,15.0,0.2,0.2,0.0,2.0,51,17.7,35.6,185,Drizzle: Light,0,0,
35428,2021-06-13 00:00:00,40.66077,-73.91975,2,0,Turning Improperly,4427170,23.9,15.0,0.2,0.2,0.0,2.0,51,17.7,35.6,185,Drizzle: Light,2,2,
35429,2021-06-09 16:00:00,40.570877,-74.16984,1,0,Following Too Closely,4427599,30.2,21.4,1.1,1.1,0.0,5.0,51,11.7,28.1,286,Drizzle: Light,1,1,
35430,2021-06-13 23:16:00,40.672752,-73.92171,0,0,Unspecified,4427221,23.9,15.0,0.2,0.2,0.0,2.0,51,17.7,35.6,185,Drizzle: Light,0,0,
35431,2021-06-13 07:00:00,40.71024,-74.00418,0,0,Unspecified,4426732,23.9,15.0,0.2,0.2,0.0,2.0,51,17.7,35.6,185,Drizzle: Light,0,0,
35432,2022-01-01 12:22:00,40.666134,-73.88492,1,0,Unspecified,4491279,11.7,7.5,19.4,19.4,0.0,19.0,63,13.9,22.3,161,Rain: Moderate,1,1,
35433,2022-01-01 01:40:00,40.73422,-73.97483,0,0,Unsafe Speed,4491136,11.7,7.5,19.4,19.4,0.0,19.0,63,13.9,22.3,161,Rain: Moderate,0,0,
35434,2022-01-01 12:21:00,40.684937,-73.91014,3,0,Driver Inattention/Distraction,4491659,11.7,7.5,19.4,19.4,0.0,19.0,63,13.9,22.3,161,Rain: Moderate,3,3,
35435,2022-01-01 18:25:00,40.718513,-73.756386,0,0,Alcohol Involvement,4491415,11.7,7.5,19.4,19.4,0.0,19.0,63,13.9,22.3,161,Rain: Moderate,0,0,
35436,2022-01-01 17:00:00,40.596745,-73.985275,1,0,Driver Inattention/Distraction,4491448,11.7,7.5,19.4,19.4,0.0,19.0,63,13.9,22.3,161,Rain: Moderate,1,1,
35437,2021-12-24 10:42:00,40.744194,-73.97133,0,0,Unspecified,4491684,5.7,-1.1,1.0,0.0,0.7,5.0,73,12.4,21.6,73,Snow fall: Moderate,0,0,Snowy Conditions
35438,2022-01-01 20:25:00,40.65483,-73.89442,0,0,Passing or Lane Usage Improper,4491554,11.7,7.5,19.4,19.4,0.0,19.0,63,13.9,22.3,161,Rain: Moderate,0,0,
35439,2022-01-01 02:30:00,40.80641,-73.9502,0,0,Traffic Control Disregarded,4491670,11.7,7.5,19.4,19.4,0.0,19.0,63,13.9,22.3,161,Rain: Moderate,0,0,
35440,2022-01-01 08:16:00,40.737335,-73.70833,0,0,Unspecified,4491153,11.7,7.5,19.4,19.4,0.0,19.0,63,13.9,22.3,161,Rain: Moderate,0,0,
35441,2022-01-01 04:48:00,40.715237,-74.01339,0,0,Alcohol Involvement,4491382,11.7,7.5,19.4,19.4,0.0,19.0,63,13.9,22.3,161,Rain: Moderate,0,0,
35442,2022-01-01 06:45:00,40.756496,-73.97237,1,0,Traffic Control Disregarded,4491530,11.7,7.5,19.4,19.4,0.0,19.0,63,13.9,22.3,161,Rain: Moderate,1,1,
35443,2021-12-31 20:55:00,40.760685,-73.862206,0,0,Driver Inattention/Distraction,4491757,11.1,7.1,2.7,2.7,0.0,5.0,55,14.9,29.2,193,Drizzle: Dense,0,0,
35444,2022-01-01 10:20:00,40.669884,-73.899216,0,0,Driver Inattention/Distraction,4491306,11.7,7.5,19.4,19.4,0.0,19.0,63,13.9,22.3,161,Rain: Moderate,0,0,
35445,2022-01-01 05:05:00,40.663105,-73.90518,0,0,Unspecified,4491182,11.7,7.5,19.4,19.4,0.0,19.0,63,13.9,22.3,161,Rain: Moderate,0,0,
35446,2021-12-29 03:34:00,40.756462,-73.987946,0,0,Passing or Lane Usage Improper,4491727,7.6,4.1,8.1,8.1,0.0,8.0,61,12.2,24.1,52,Rain: Light,0,0,
35447,2022-01-01 06:30:00,40.684494,-73.83719,0,0,Following Too Closely,4491568,11.7,7.5,19.4,19.4,0.0,19.0,63,13.9,22.3,161,Rain: Moderate,0,0,
35448,2022-01-01 20:45:00,40.68185,-73.8545,0,0,,4491640,11.7,7.5,19.4,19.4,0.0,19.0,63,13.9,22.3,161,Rain: Moderate,0,0,
35449,2021-12-30 20:10:00,40.59813,-74.005,0,0,Traffic Control Disregarded,4491713,8.3,5.0,1.8,1.8,0.0,7.0,53,9.9,17.6,22,Drizzle: Moderate,0,0,
35450,2021-12-29 11:27:00,40.66266,-73.932976,1,0,Turning Improperly,4491856,7.6,4.1,8.1,8.1,0.0,8.0,61,12.2,24.1,52,Rain: Light,1,1,
35451,2022-01-01 14:43:00,40.769993,-73.915825,0,0,Unspecified,4491406,11.7,7.5,19.4,19.4,0.0,19.0,63,13.9,22.3,161,Rain: Moderate,0,0,
35452,2021-12-31 00:30:00,40.78515,-73.94063,0,0,Unsafe Speed,4491808,11.1,7.1,2.7,2.7,0.0,5.0,55,14.9,29.2,193,Drizzle: Dense,0,0,
35453,2022-01-01 20:24:00,40.603695,-74.01517,1,0,Failure to Yield Right-of-Way,4491441,11.7,7.5,19.4,19.4,0.0,19.0,63,13.9,22.3,161,Rain: Moderate,1,1,
35454,2022-01-01 19:04:00,40.69595,-73.86237,0,0,Unsafe Speed,4491364,11.7,7.5,19.4,19.4,0.0,19.0,63,13.9,22.3,161,Rain: Moderate,0,0,
35455,2022-01-01 13:45:00,40.703,-73.94425,0,0,Backing Unsafely,4491506,11.7,7.5,19.4,19.4,0.0,19.0,63,13.9,22.3,161,Rain: Moderate,0,0,
35456,2022-01-01 10:50:00,40.67327,-73.9474,0,0,Driver Inattention/Distraction,4491321,11.7,7.5,19.4,19.4,0.0,19.0,63,13.9,22.3,161,Rain: Moderate,0,0,
35457,2022-01-01 17:00:00,40.825165,-73.86699,0,0,Brakes Defective,4491732,11.7,7.5,19.4,19.4,0.0,19.0,63,13.9,22.3,161,Rain: Moderate,0,0,
35458,2022-01-01 21:20:00,40.65723,-73.84138,0,0,Unspecified,4491466,11.7,7.5,19.4,19.4,0.0,19.0,63,13.9,22.3,161,Rain: Moderate,0,0,
35459,2022-01-01 23:45:00,40.71438,-73.73744,0,0,Animals Action,4491375,11.7,7.5,19.4,19.4,0.0,19.0,63,13.9,22.3,161,Rain: Moderate,0,0,
35460,2022-07-02 20:00:00,40.832695,-73.86367,1,0,Unsafe Lane Changing,4543364,30.8,23.1,4.0,4.0,0.0,5.0,61,19.4,40.0,229,Rain: Light,1,1,
35461,2022-01-01 21:40:00,40.7447,-74.008354,0,0,Traffic Control Disregarded,4491434,11.7,7.5,19.4,19.4,0.0,19.0,63,13.9,22.3,161,Rain: Moderate,0,0,
35462,2021-12-29 04:00:00,40.76428,-73.9921,0,0,Unspecified,4491825,7.6,4.1,8.1,8.1,0.0,8.0,61,12.2,24.1,52,Rain: Light,0,0,
35463,2022-01-01 01:04:00,40.702763,-73.87074,0,0,Alcohol Involvement,4491066,11.7,7.5,19.4,19.4,0.0,19.0,63,13.9,22.3,161,Rain: Moderate,0,0,
35464,2022-01-01 21:06:00,40.75958,-73.76894,0,0,Driver Inattention/Distraction,4491349,11.7,7.5,19.4,19.4,0.0,19.0,63,13.9,22.3,161,Rain: Moderate,0,0,
35465,2022-01-01 22:45:00,40.8617,-73.89139,1,0,Failure to Yield Right-of-Way,4491700,11.7,7.5,19.4,19.4,0.0,19.0,63,13.9,22.3,161,Rain: Moderate,1,1,
35466,2021-01-02 10:45:00,40.74603,-73.913376,1,0,Driver Inattention/Distraction,4491789,9.9,1.4,3.9,3.9,0.0,6.0,61,29.7,54.4,306,Rain: Light,1,1,
35467,2022-01-01 03:37:00,40.685013,-73.819565,0,0,Alcohol Involvement,4491085,11.7,7.5,19.4,19.4,0.0,19.0,63,13.9,22.3,161,Rain: Moderate,0,0,
35468,2022-01-01 14:33:00,40.759945,-73.8387,0,0,Unspecified,4491841,11.7,7.5,19.4,19.4,0.0,19.0,63,13.9,22.3,161,Rain: Moderate,0,0,
35469,2022-01-01 08:00:00,40.65548,-73.87384,0,0,Unspecified,4491311,11.7,7.5,19.4,19.4,0.0,19.0,63,13.9,22.3,161,Rain: Moderate,0,0,
35470,2022-01-01 16:50:00,40.68512,-73.78044,0,0,Passing or Lane Usage Improper,4491435,11.7,7.5,19.4,19.4,0.0,19.0,63,13.9,22.3,161,Rain: Moderate,0,0,
35471,2022-01-01 03:06:00,40.690247,-73.82497,0,0,Passing or Lane Usage Improper,4491365,11.7,7.5,19.4,19.4,0.0,19.0,63,13.9,22.3,161,Rain: Moderate,0,0,
35472,2021-12-30 09:00:00,40.610508,-74.09576,2,0,Unsafe Speed,4491691,8.3,5.0,1.8,1.8,0.0,7.0,53,9.9,17.6,22,Drizzle: Moderate,2,2,
35473,2022-01-01 06:00:00,40.82304,-73.88193,0,0,Pavement Slippery,4491731,11.7,7.5,19.4,19.4,0.0,19.0,63,13.9,22.3,161,Rain: Moderate,0,0,
35474,2022-01-01 01:57:00,40.676647,-73.91647,0,0,Unspecified,4491179,11.7,7.5,19.4,19.4,0.0,19.0,63,13.9,22.3,161,Rain: Moderate,0,0,
35475,2022-01-01 11:13:00,40.736164,-73.97891,0,0,Traffic Control Disregarded,4491204,11.7,7.5,19.4,19.4,0.0,19.0,63,13.9,22.3,161,Rain: Moderate,0,0,
35476,2022-01-01 05:00:00,40.667904,-73.89431,2,0,,4491557,11.7,7.5,19.4,19.4,0.0,19.0,63,13.9,22.3,161,Rain: Moderate,2,2,
35477,2022-01-01 02:37:00,40.71885,-73.98923,1,0,Driver Inattention/Distraction,4491345,11.7,7.5,19.4,19.4,0.0,19.0,63,13.9,22.3,161,Rain: Moderate,1,1,