,CRASH DATETIME,LATITUDE,LONGITUDE,NUMBER OF PERSONS INJURED,NUMBER OF PERSONS KILLED,CONTRIBUTING FACTOR VEHICLE 1,COLLISION_ID,temperature_2m_max,temperature_2m_min,precipitation_sum,rain_sum,snowfall_sum,precipitation_hours,weather_code,wind_speed_10m_max,wind_gusts_10m_max,wind_direction_10m_dominant,Weather Description,Severity_Score,Total_Affected_Persons,Weather_Category
35478,2022-01-01 13:00:00,40.532425,-74.192024,0,0,Unsafe Lane Changing,4491676,11.7,7.5,19.4,19.4,0.0,19.0,63,13.9,22.3,161,Rain: Moderate,0,0,
35479,2022-01-01 05:50:00,40.6359,-73.940254,0,0,Driver Inattention/Distraction,4491156,11.7,7.5,19.4,19.4,0.0,19.0,63,13.9,22.3,161,Rain: Moderate,0,0,
35480,2022-01-01 08:19:00,40.62958,-74.01212,0,0,Driver Inattention/Distraction,4491476,11.7,7.5,19.4,19.4,0.0,19.0,63,13.9,22.3,161,Rain: Moderate,0,0,
35481,2022-01-01 17:00:00,40.743896,-73.85714,0,0,Driver Inattention/Distraction,4491571,11.7,7.5,19.4,19.4,0.0,19.0,63,13.9,22.3,161,Rain: Moderate,0,0,
35482,2022-01-01 04:45:00,40.64647,-74.01258,1,0,Driver Inattention/Distraction,4491197,11.7,7.5,19.4,19.4,0.0,19.0,63,13.9,22.3,161,Rain: Moderate,1,1,
35483,2022-01-01 03:00:00,40.7159,-74.01649,0,0,Unspecified,4491381,11.7,7.5,19.4,19.4,0.0,19.0,63,13.9,22.3,161,Rain: Moderate,0,0,
35484,2022-01-01 21:50:00,40.75126,-73.87167,1,0,Failure to Yield Right-of-Way,4491758,11.7,7.5,19.4,19.4,0.0,19.0,63,13.9,22.3,161,Rain: Moderate,1,1,
35485,2022-01-01 14:49:00,40.6523,-73.95264,0,0,Following Too Closely,4491340,11.7,7.5,19.4,19.4,0.0,19.0,63,13.9,22.3,161,Rain: Moderate,0,0,
35486,2022-01-01 20:44:00,40.82215,-73.88751,0,0,Passing Too Closely,4491394,11.7,7.5,19.4,19.4,0.0,19.0,63,13.9,22.3,161,Rain: Moderate,0,0,
35487,2021-01-03 16:35:00,40.65414,-73.88732,0,0,Driver Inattention/Distraction,4491739,3.6,-1.5,6.8,6.4,0.28,12.0,73,23.4,42.1,39,Snow fall: Moderate,0,0,Snowy Conditions
35488,2022-01-01 18:30:00,40.564285,-74.12652,1,0,Driver Inattention/Distraction,4491546,11.7,7.5,19.4,19.4,0.0,19.0,63,13.9,22.3,161,Rain: Moderate,1,1,
35489,2022-01-01 00:45:00,40.83394,-73.9087,0,0,Unsafe Speed,4491094,11.7,7.5,19.4,19.4,0.0,19.0,63,13.9,22.3,161,Rain: Moderate,0,0,
35490,2021-12-12 19:30:00,40.806686,-73.94693,0,0,Passing Too Closely,4491669,13.0,3.4,0.5,0.5,0.0,1.0,53,32.4,62.6,284,Drizzle: Moderate,0,0,
35491,2022-01-01 02:00:00,40.63027,-73.93199,0,0,Driver Inattention/Distraction,4491285,11.7,7.5,19.4,19.4,0.0,19.0,63,13.9,22.3,161,Rain: Moderate,0,0,
35492,2022-01-01 04:55:00,40.620914,-73.9753,1,0,Unspecified,4491585,11.7,7.5,19.4,19.4,0.0,19.0,63,13.9,22.3,161,Rain: Moderate,1,1,
35493,2022-01-01 05:55:00,40.87155,-73.86428,1,0,Other Vehicular,4491487,11.7,7.5,19.4,19.4,0.0,19.0,63,13.9,22.3,161,Rain: Moderate,1,1,
35494,2022-01-01 17:20:00,40.744965,-73.87833,0,0,Alcohol Involvement,4491413,11.7,7.5,19.4,19.4,0.0,19.0,63,13.9,22.3,161,Rain: Moderate,0,0,
35495,2021-10-10 15:53:00,40.73818,-73.779,0,0,Driver Inattention/Distraction,4466059,18.5,16.0,2.4,2.4,0.0,8.0,53,27.2,52.6,52,Drizzle: Moderate,0,0,
35496,2022-01-01 17:36:00,40.60063,-73.9831,1,0,Unspecified,4491447,11.7,7.5,19.4,19.4,0.0,19.0,63,13.9,22.3,161,Rain: Moderate,1,1,
35497,2021-01-01 20:00:00,40.83398,-73.82635,0,0,Pavement Slippery,4491746,3.6,-2.5,8.4,8.4,0.0,6.0,63,18.4,33.5,45,Rain: Moderate,0,0,
35498,2022-01-01 07:00:00,40.579525,-73.95586,0,0,Other Vehicular,4491355,11.7,7.5,19.4,19.4,0.0,19.0,63,13.9,22.3,161,Rain: Moderate,0,0,
35499,2021-12-31 18:35:00,40.532158,-74.16766,0,0,Failure to Yield Right-of-Way,4491677,11.1,7.1,2.7,2.7,0.0,5.0,55,14.9,29.2,193,Drizzle: Dense,0,0,
35500,2022-01-01 06:00:00,40.85005,-73.91606,0,0,Unsafe Speed,4491714,11.7,7.5,19.4,19.4,0.0,19.0,63,13.9,22.3,161,Rain: Moderate,0,0,
35501,2022-01-01 16:00:00,40.822144,-73.887825,3,0,Unspecified,4491386,11.7,7.5,19.4,19.4,0.0,19.0,63,13.9,22.3,161,Rain: Moderate,3,3,
35502,2022-01-01 19:30:00,40.75539,-73.99518,0,0,Pedestrian/Bicyclist/Other Pedestrian Error/Confusion,4491607,11.7,7.5,19.4,19.4,0.0,19.0,63,13.9,22.3,161,Rain: Moderate,0,0,
35503,2022-01-01 02:15:00,40.66173,-73.96078,0,0,Passing or Lane Usage Improper,4491129,11.7,7.5,19.4,19.4,0.0,19.0,63,13.9,22.3,161,Rain: Moderate,0,0,
35504,2022-01-01 00:00:00,40.6602,-73.90929,0,0,Unspecified,4491456,11.7,7.5,19.4,19.4,0.0,19.0,63,13.9,22.3,161,Rain: Moderate,0,0,
35505,2022-01-01 11:14:00,40.712696,-73.900604,1,0,Traffic Control Disregarded,4491212,11.7,7.5,19.4,19.4,0.0,19.0,63,13.9,22.3,161,Rain: Moderate,1,1,
35506,2022-01-01 20:00:00,40.706932,-73.825,0,0,Following Too Closely,4491471,11.7,7.5,19.4,19.4,0.0,19.0,63,13.9,22.3,161,Rain: Moderate,0,0,
35507,2022-01-01 21:17:00,40.78503,-73.94058,0,0,Passing Too Closely,4491348,11.7,7.5,19.4,19.4,0.0,19.0,63,13.9,22.3,161,Rain: Moderate,0,0,
35508,2022-01-01 05:00:00,40.663918,-73.92124,0,0,Unspecified,4491455,11.7,7.5,19.4,19.4,0.0,19.0,63,13.9,22.3,161,Rain: Moderate,0,0,
35509,2021-12-02 05:31:00,40.637215,-74.018524,1,0,Failure to Yield Right-of-Way,4491804,13.2,5.4,3.4,3.4,0.0,10.0,55,28.0,46.8,215,Drizzle: Dense,1,1,
35510,2022-01-01 12:50:00,40.74297,-73.87568,0,0,Following Too Closely,4491405,11.7,7.5,19.4,19.4,0.0,19.0,63,13.9,22.3,161,Rain: Moderate,0,0,
35511,2021-12-31 11:00:00,40.823536,-73.8939,0,0,Unspecified,4491826,11.1,7.1,2.7,2.7,0.0,5.0,55,14.9,29.2,193,Drizzle: Dense,0,0,
35512,2022-01-01 05:15:00,40.66552,-73.74467,1,0,Unspecified,4491068,11.7,7.5,19.4,19.4,0.0,19.0,63,13.9,22.3,161,Rain: Moderate,1,1,
35513,2021-12-22 19:36:00,40.625103,-74.14877,0,0,Unspecified,4491698,8.1,-0.0,4.2,4.2,0.0,9.0,61,26.7,47.9,313,Rain: Light,0,0,
35514,2022-01-01 04:14:00,40.667065,-73.83444,1,0,Unsafe Speed,4491572,11.7,7.5,19.4,19.4,0.0,19.0,63,13.9,22.3,161,Rain: Moderate,1,1,
35515,2022-01-01 06:19:00,40.758373,-73.971,3,0,Unspecified,4491191,11.7,7.5,19.4,19.4,0.0,19.0,63,13.9,22.3,161,Rain: Moderate,3,3,
35516,2022-01-01 09:15:00,40.645424,-74.01689,1,0,Pavement Slippery,4491198,11.7,7.5,19.4,19.4,0.0,19.0,63,13.9,22.3,161,Rain: Moderate,1,1,
35517,2022-01-01 04:00:00,40.736046,-73.92673,0,0,Driver Inattention/Distraction,4491516,11.7,7.5,19.4,19.4,0.0,19.0,63,13.9,22.3,161,Rain: Moderate,0,0,
35518,2022-01-01 07:10:00,40.707294,-73.85064,3,0,Unsafe Speed,4491218,11.7,7.5,19.4,19.4,0.0,19.0,63,13.9,22.3,161,Rain: Moderate,3,3,
35519,2022-01-01 22:55:00,40.66216,-73.87284,0,0,Unsafe Speed,4491558,11.7,7.5,19.4,19.4,0.0,19.0,63,13.9,22.3,161,Rain: Moderate,0,0,
35520,2022-01-01 11:00:00,40.688686,-73.8044,0,0,Unsafe Speed,4491644,11.7,7.5,19.4,19.4,0.0,19.0,63,13.9,22.3,161,Rain: Moderate,0,0,
35521,2022-01-01 03:15:00,40.68892,-73.99915,0,0,Following Too Closely,4491524,11.7,7.5,19.4,19.4,0.0,19.0,63,13.9,22.3,161,Rain: Moderate,0,0,
35522,2022-01-01 00:00:00,40.723854,-73.94884,0,0,Passing Too Closely,4491675,11.7,7.5,19.4,19.4,0.0,19.0,63,13.9,22.3,161,Rain: Moderate,0,0,
35523,2022-01-01 08:35:00,40.808853,-73.936264,0,0,Driver Inattention/Distraction,4491158,11.7,7.5,19.4,19.4,0.0,19.0,63,13.9,22.3,161,Rain: Moderate,0,0,
35524,2022-01-01 04:30:00,40.679478,-73.89458,0,0,Unspecified,4491310,11.7,7.5,19.4,19.4,0.0,19.0,63,13.9,22.3,161,Rain: Moderate,0,0,
35525,2022-01-01 09:21:00,40.82319,-73.91439,0,0,Fell Asleep,4491437,11.7,7.5,19.4,19.4,0.0,19.0,63,13.9,22.3,161,Rain: Moderate,0,0,
35526,2021-12-26 18:12:00,40.62534,-74.13542,0,0,Passing or Lane Usage Improper,4491697,8.9,3.4,0.0,0.0,0.0,0.0,3,21.9,38.9,316,Overcast,0,0,
35527,2022-01-01 03:18:00,40.81339,-73.95627,1,0,Unspecified,4491346,11.7,7.5,19.4,19.4,0.0,19.0,63,13.9,22.3,161,Rain: Moderate,1,1,
35528,2022-01-01 02:16:00,40.700718,-73.929794,0,0,Unsafe Speed,4491123,11.7,7.5,19.4,19.4,0.0,19.0,63,13.9,22.3,161,Rain: Moderate,0,0,
35529,2022-01-01 06:30:00,40.707294,-73.85064,0,0,Reaction to Uninvolved Vehicle,4491294,11.7,7.5,19.4,19.4,0.0,19.0,63,13.9,22.3,161,Rain: Moderate,0,0,
35530,2022-01-01 23:30:00,40.709003,-73.92234,1,0,Driver Inattention/Distraction,4491493,11.7,7.5,19.4,19.4,0.0,19.0,63,13.9,22.3,161,Rain: Moderate,1,1,
35531,2022-01-01 08:00:00,40.687366,-73.86819,0,0,Unspecified,4491236,11.7,7.5,19.4,19.4,0.0,19.0,63,13.9,22.3,161,Rain: Moderate,0,0,
35532,2021-12-13 16:53:00,40.811714,-73.92671,1,0,Failure to Yield Right-of-Way,4491803,10.2,1.9,0.0,0.0,0.0,0.0,3,19.6,35.3,242,Overcast,1,1,
35533,2022-01-01 23:50:00,40.712498,-73.97776,0,0,Unspecified,4491369,11.7,7.5,19.4,19.4,0.0,19.0,63,13.9,22.3,161,Rain: Moderate,0,0,
35534,2022-01-01 07:00:00,40.68086,-73.864685,0,0,Unspecified,4491556,11.7,7.5,19.4,19.4,0.0,19.0,63,13.9,22.3,161,Rain: Moderate,0,0,
35535,2021-12-28 09:15:00,40.834503,-73.93037,0,0,Backing Unsafely,4491666,8.5,2.2,0.0,0.0,0.0,0.0,3,12.5,22.0,271,Overcast,0,0,
35536,2022-01-01 20:00:00,40.8448,-73.92264,0,0,Driver Inattention/Distraction,4491602,11.7,7.5,19.4,19.4,0.0,19.0,63,13.9,22.3,161,Rain: Moderate,0,0,
35537,2022-01-01 20:55:00,40.863945,-73.86452,1,0,Failure to Yield Right-of-Way,4491418,11.7,7.5,19.4,19.4,0.0,19.0,63,13.9,22.3,161,Rain: Moderate,1,1,
35538,2021-12-24 16:51:00,40.841278,-73.86359,2,0,Driver Inattention/Distraction,4491730,5.7,-1.1,1.0,0.0,0.7,5.0,73,12.4,21.6,73,Snow fall: Moderate,2,2,Snowy Conditions
35539,2022-01-01 19:30:00,40.872803,-73.85428,0,0,Backing Unsafely,4491360,11.7,7.5,19.4,19.4,0.0,19.0,63,13.9,22.3,161,Rain: Moderate,0,0,
35540,2022-01-01 14:50:00,40.75933,-73.88511,0,0,Other Vehicular,4491759,11.7,7.5,19.4,19.4,0.0,19.0,63,13.9,22.3,161,Rain: Moderate,0,0,
35541,2022-01-01 06:00:00,40.72391,-73.948845,0,0,Driver Inattention/Distraction,4491833,11.7,7.5,19.4,19.4,0.0,19.0,63,13.9,22.3,161,Rain: Moderate,0,0,
35542,2022-01-01 10:34:00,40.735764,-73.97491,0,0,Following Too Closely,4491205,11.7,7.5,19.4,19.4,0.0,19.0,63,13.9,22.3,161,Rain: Moderate,0,0,
35543,2022-01-01 15:31:00,40.744747,-73.86489,1,0,View Obstructed/Limited,4491396,11.7,7.5,19.4,19.4,0.0,19.0,63,13.9,22.3,161,Rain: Moderate,1,1,
35544,2022-01-01 05:16:00,40.75658,-73.929756,5,0,Driver Inattention/Distraction,4491403,11.7,7.5,19.4,19.4,0.0,19.0,63,13.9,22.3,161,Rain: Moderate,5,5,
35545,2022-01-01 15:00:00,40.81655,-73.91955,2,0,Failure to Yield Right-of-Way,4491717,11.7,7.5,19.4,19.4,0.0,19.0,63,13.9,22.3,161,Rain: Moderate,2,2,
35546,2022-01-01 04:20:00,40.644306,-74.01804,1,0,Traffic Control Disregarded,4491380,11.7,7.5,19.4,19.4,0.0,19.0,63,13.9,22.3,161,Rain: Moderate,1,1,
35547,2022-01-01 15:16:00,40.733425,-73.97447,1,0,Tire Failure/Inadequate,4491341,11.7,7.5,19.4,19.4,0.0,19.0,63,13.9,22.3,161,Rain: Moderate,1,1,
35548,2021-12-24 19:10:00,40.714928,-74.00795,1,0,Unspecified,4491814,5.7,-1.1,1.0,0.0,0.7,5.0,73,12.4,21.6,73,Snow fall: Moderate,1,1,Snowy Conditions
35549,2022-07-02 10:25:00,40.64902,-74.00625,0,0,Unspecified,4542721,30.8,23.1,4.0,4.0,0.0,5.0,61,19.4,40.0,229,Rain: Light,0,0,
35550,2022-01-01 12:25:00,40.553314,-74.1634,1,0,Driver Inattention/Distraction,4491542,11.7,7.5,19.4,19.4,0.0,19.0,63,13.9,22.3,161,Rain: Moderate,1,1,
35551,2022-01-01 19:50:00,40.759884,-73.9368,0,0,Driver Inattention/Distraction,4491408,11.7,7.5,19.4,19.4,0.0,19.0,63,13.9,22.3,161,Rain: Moderate,0,0,
35552,2022-01-01 20:35:00,40.741272,-73.97535,1,0,Unspecified,4491457,11.7,7.5,19.4,19.4,0.0,19.0,63,13.9,22.3,161,Rain: Moderate,1,1,
35553,2022-01-01 20:40:00,40.82483,-73.85424,0,0,Driver Inattention/Distraction,4491735,11.7,7.5,19.4,19.4,0.0,19.0,63,13.9,22.3,161,Rain: Moderate,0,0,
35554,2022-01-01 08:15:00,40.738842,-73.81404,0,0,Pavement Slippery,4491474,11.7,7.5,19.4,19.4,0.0,19.0,63,13.9,22.3,161,Rain: Moderate,0,0,
35555,2022-01-01 22:50:00,40.665634,-73.75817,0,0,Driver Inattention/Distraction,4491750,11.7,7.5,19.4,19.4,0.0,19.0,63,13.9,22.3,161,Rain: Moderate,0,0,
35556,2022-01-01 04:55:00,40.66552,-73.74467,0,0,Unspecified,4491069,11.7,7.5,19.4,19.4,0.0,19.0,63,13.9,22.3,161,Rain: Moderate,0,0,
35557,2021-12-31 01:09:00,40.741028,-73.99417,2,0,Failure to Yield Right-of-Way,4491815,11.1,7.1,2.7,2.7,0.0,5.0,55,14.9,29.2,193,Drizzle: Dense,2,2,
35558,2022-01-01 17:36:00,40.68424,-73.8461,0,0,Traffic Control Disregarded,4491359,11.7,7.5,19.4,19.4,0.0,19.0,63,13.9,22.3,161,Rain: Moderate,0,0,
35559,2022-01-01 00:15:00,40.681755,-73.81695,0,0,Following Too Closely,4491573,11.7,7.5,19.4,19.4,0.0,19.0,63,13.9,22.3,161,Rain: Moderate,0,0,
35560,2022-01-01 02:20:00,40.70198,-73.74105,0,0,Alcohol Involvement,4491199,11.7,7.5,19.4,19.4,0.0,19.0,63,13.9,22.3,161,Rain: Moderate,0,0,
35561,2022-01-01 04:32:00,40.719997,-73.83379,1,0,Unspecified,4491563,11.7,7.5,19.4,19.4,0.0,19.0,63,13.9,22.3,161,Rain: Moderate,1,1,
35562,2021-01-02 21:30:00,40.755913,-73.98669,0,0,Passing or Lane Usage Improper,4491707,9.9,1.4,3.9,3.9,0.0,6.0,61,29.7,54.4,306,Rain: Light,0,0,
35563,2022-01-01 15:12:00,40.855072,-73.85065,0,0,Unspecified,4491417,11.7,7.5,19.4,19.4,0.0,19.0,63,13.9,22.3,161,Rain: Moderate,0,0,
35564,2022-01-01 20:08:00,40.802074,-73.94979,1,0,Pedestrian/Bicyclist/Other Pedestrian Error/Confusion,4491446,11.7,7.5,19.4,19.4,0.0,19.0,63,13.9,22.3,161,Rain: Moderate,1,1,
35565,2021-12-28 16:52:00,40.67202,-73.91377,0,0,Unspecified,4491680,8.5,2.2,0.0,0.0,0.0,0.0,3,12.5,22.0,271,Overcast,0,0,
35566,2022-01-01 12:00:00,40.728657,-73.863266,1,0,Turning Improperly,4491498,11.7,7.5,19.4,19.4,0.0,19.0,63,13.9,22.3,161,Rain: Moderate,1,1,
35567,2022-01-01 11:30:00,40.87356,-73.81853,0,0,Unspecified,4491225,11.7,7.5,19.4,19.4,0.0,19.0,63,13.9,22.3,161,Rain: Moderate,0,0,
35568,2022-01-01 05:18:00,40.614872,-73.82165,2,0,Unsafe Speed,4491330,11.7,7.5,19.4,19.4,0.0,19.0,63,13.9,22.3,161,Rain: Moderate,2,2,
35569,2021-06-14 02:07:00,40.698452,-73.92176,0,0,Tire Failure/Inadequate,4427291,21.4,17.5,21.7,21.7,0.0,11.0,65,21.1,48.6,154,Rain: Heavy,0,0,
35570,2022-01-01 23:00:00,40.738266,-73.79706,0,0,Pavement Slippery,4491384,11.7,7.5,19.4,19.4,0.0,19.0,63,13.9,22.3,161,Rain: Moderate,0,0,
35571,2022-01-01 06:03:00,40.675735,-73.89686,1,0,Driver Inattention/Distraction,4491237,11.7,7.5,19.4,19.4,0.0,19.0,63,13.9,22.3,161,Rain: Moderate,1,1,
35572,2022-01-01 15:18:00,40.73635,-73.97502,1,0,Reaction to Uninvolved Vehicle,4491342,11.7,7.5,19.4,19.4,0.0,19.0,63,13.9,22.3,161,Rain: Moderate,1,1,
35573,2021-12-31 08:15:00,40.620663,-74.167145,0,0,Reaction to Uninvolved Vehicle,4491689,11.1,7.1,2.7,2.7,0.0,5.0,55,14.9,29.2,193,Drizzle: Dense,0,0,
35574,2022-01-01 13:32:00,40.664986,-73.92224,0,0,Unspecified,4491655,11.7,7.5,19.4,19.4,0.0,19.0,63,13.9,22.3,161,Rain: Moderate,0,0,
35575,2022-01-01 03:58:00,40.8315,-73.82697,1,0,Turning Improperly,4491142,11.7,7.5,19.4,19.4,0.0,19.0,63,13.9,22.3,161,Rain: Moderate,1,1,
35576,2022-01-01 14:00:00,40.66827,-73.90263,0,0,Unspecified,4491454,11.7,7.5,19.4,19.4,0.0,19.0,63,13.9,22.3,161,Rain: Moderate,0,0,
35577,2022-01-01 08:26:00,40.835968,-73.87,1,0,Driver Inattention/Distraction,4491190,11.7,7.5,19.4,19.4,0.0,19.0,63,13.9,22.3,161,Rain: Moderate,1,1,
35578,2022-01-01 07:30:00,40.67681,-73.91273,0,0,Driver Inattention/Distraction,4491538,11.7,7.5,19.4,19.4,0.0,19.0,63,13.9,22.3,161,Rain: Moderate,0,0,
35579,2022-01-01 02:35:00,40.825455,-73.84954,0,0,Pedestrian/Bicyclist/Other Pedestrian Error/Confusion,4491097,11.7,7.5,19.4,19.4,0.0,19.0,63,13.9,22.3,161,Rain: Moderate,0,0,
35580,2022-01-01 17:20:00,40.812454,-73.96066,0,0,Unsafe Speed,4491347,11.7,7.5,19.4,19.4,0.0,19.0,63,13.9,22.3,161,Rain: Moderate,0,0,
35581,2022-01-01 18:33:00,40.762333,-73.983475,2,0,Driver Inattention/Distraction,4491625,11.7,7.5,19.4,19.4,0.0,19.0,63,13.9,22.3,161,Rain: Moderate,2,2,
35582,2022-01-01 12:30:00,40.71368,-73.908424,0,0,Driver Inattention/Distraction,4491490,11.7,7.5,19.4,19.4,0.0,19.0,63,13.9,22.3,161,Rain: Moderate,0,0,
35583,2022-01-01 08:47:00,40.70299,-73.82519,1,0,Traffic Control Disregarded,4491216,11.7,7.5,19.4,19.4,0.0,19.0,63,13.9,22.3,161,Rain: Moderate,1,1,
35584,2021-12-29 00:22:00,40.671997,-73.87742,1,0,Traffic Control Disregarded,4491850,7.6,4.1,8.1,8.1,0.0,8.0,61,12.2,24.1,52,Rain: Light,1,1,
35585,2021-12-03 11:45:00,40.756535,-73.876076,1,0,Other Vehicular,4491763,9.3,0.9,0.0,0.0,0.0,0.0,3,27.6,53.3,301,Overcast,1,1,
35586,2022-01-01 18:34:00,40.734882,-73.97484,1,0,Pavement Slippery,4491397,11.7,7.5,19.4,19.4,0.0,19.0,63,13.9,22.3,161,Rain: Moderate,1,1,
35587,2022-01-01 23:50:00,40.584366,-73.9271,0,0,Unspecified,4491370,11.7,7.5,19.4,19.4,0.0,19.0,63,13.9,22.3,161,Rain: Moderate,0,0,
35588,2021-12-31 17:30:00,40.582233,-74.16907,0,0,Unspecified,4491696,11.1,7.1,2.7,2.7,0.0,5.0,55,14.9,29.2,193,Drizzle: Dense,0,0,
35589,2021-12-30 15:30:00,40.822678,-73.842575,0,0,Unspecified,4491729,8.3,5.0,1.8,1.8,0.0,7.0,53,9.9,17.6,22,Drizzle: Moderate,0,0,
35590,2022-01-01 18:26:00,40.820663,-73.89591,0,0,Unspecified,4491404,11.7,7.5,19.4,19.4,0.0,19.0,63,13.9,22.3,161,Rain: Moderate,0,0,
35591,2022-01-01 09:00:00,40.814373,-73.941475,0,0,Unspecified,4491206,11.7,7.5,19.4,19.4,0.0,19.0,63,13.9,22.3,161,Rain: Moderate,0,0,
35592,2022-01-01 04:35:00,40.828316,-73.937935,0,0,Driver Inexperience,4491170,11.7,7.5,19.4,19.4,0.0,19.0,63,13.9,22.3,161,Rain: Moderate,0,0,
35593,2022-07-02 18:34:00,40.711533,-73.73573,1,0,Pedestrian/Bicyclist/Other Pedestrian Error/Confusion,4542753,30.8,23.1,4.0,4.0,0.0,5.0,61,19.4,40.0,229,Rain: Light,1,1,
35594,2022-01-01 22:36:00,40.69663,-73.91857,0,0,Backing Unsafely,4491661,11.7,7.5,19.4,19.4,0.0,19.0,63,13.9,22.3,161,Rain: Moderate,0,0,
35595,2022-01-01 10:30:00,40.668346,-73.892975,0,0,Driver Inattention/Distraction,4491295,11.7,7.5,19.4,19.4,0.0,19.0,63,13.9,22.3,161,Rain: Moderate,0,0,
35596,2022-01-01 17:30:00,40.75895,-73.96849,1,0,Driver Inattention/Distraction,4491421,11.7,7.5,19.4,19.4,0.0,19.0,63,13.9,22.3,161,Rain: Moderate,1,1,
35597,2022-01-01 03:02:00,40.75705,-73.92167,0,0,Traffic Control Disregarded,4491599,11.7,7.5,19.4,19.4,0.0,19.0,63,13.9,22.3,161,Rain: Moderate,0,0,
35598,2022-01-01 07:28:00,40.80661,-73.921,0,0,Unspecified,4491481,11.7,7.5,19.4,19.4,0.0,19.0,63,13.9,22.3,161,Rain: Moderate,0,0,
35599,2022-07-01 23:33:00,40.72364,-73.993774,0,0,Driver Inattention/Distraction,4543218,33.7,20.2,0.1,0.1,0.0,1.0,51,32.3,58.0,215,Drizzle: Light,0,0,
35600,2022-01-01 21:15:00,40.73992,-73.81513,1,0,Failure to Yield Right-of-Way,4491350,11.7,7.5,19.4,19.4,0.0,19.0,63,13.9,22.3,161,Rain: Moderate,1,1,
35601,2022-01-01 21:30:00,40.83332,-73.89676,0,0,Turning Improperly,4491438,11.7,7.5,19.4,19.4,0.0,19.0,63,13.9,22.3,161,Rain: Moderate,0,0,
35602,2022-01-01 03:00:00,40.671066,-73.901436,1,0,Unspecified,4491309,11.7,7.5,19.4,19.4,0.0,19.0,63,13.9,22.3,161,Rain: Moderate,1,1,
35603,2021-12-31 18:00:00,40.68508,-73.83512,0,0,Passing or Lane Usage Improper,4491798,11.1,7.1,2.7,2.7,0.0,5.0,55,14.9,29.2,193,Drizzle: Dense,0,0,
35604,2021-12-23 11:29:00,40.733955,-73.95826,0,0,Passing Too Closely,4491836,2.1,-2.3,0.0,0.0,0.0,0.0,3,20.1,35.6,299,Overcast,0,0,
35605,2022-01-01 14:49:00,40.879253,-73.88313,0,0,Unspecified,4491701,11.7,7.5,19.4,19.4,0.0,19.0,63,13.9,22.3,161,Rain: Moderate,0,0,
35606,2022-01-01 22:10:00,40.72293,-73.847336,1,0,Turning Improperly,4491361,11.7,7.5,19.4,19.4,0.0,19.0,63,13.9,22.3,161,Rain: Moderate,1,1,
35607,2021-12-19 23:00:00,40.656784,-73.91379,2,0,Unspecified,4491721,7.1,-1.8,0.5,0.5,0.0,4.0,51,26.4,47.5,327,Drizzle: Light,2,2,
35608,2022-01-01 13:30:00,40.788795,-73.93755,0,0,Unspecified,4491527,11.7,7.5,19.4,19.4,0.0,19.0,63,13.9,22.3,161,Rain: Moderate,0,0,
35609,2022-01-01 02:13:00,40.629086,-73.97686,0,0,Unspecified,4491582,11.7,7.5,19.4,19.4,0.0,19.0,63,13.9,22.3,161,Rain: Moderate,0,0,
35610,2022-01-01 14:46:00,40.716038,-73.86123,2,0,Following Too Closely,4491499,11.7,7.5,19.4,19.4,0.0,19.0,63,13.9,22.3,161,Rain: Moderate,2,2,
35611,2022-01-01 00:00:00,40.680492,-73.915695,0,0,Unsafe Speed,4491183,11.7,7.5,19.4,19.4,0.0,19.0,63,13.9,22.3,161,Rain: Moderate,0,0,
35612,2022-01-01 11:02:00,40.782887,-73.9439,0,0,Driver Inexperience,4491268,11.7,7.5,19.4,19.4,0.0,19.0,63,13.9,22.3,161,Rain: Moderate,0,0,
35613,2021-12-31 01:30:00,40.808445,-73.945,0,0,Following Too Closely,4491671,11.1,7.1,2.7,2.7,0.0,5.0,55,14.9,29.2,193,Drizzle: Dense,0,0,
35614,2022-01-01 22:25:00,40.596256,-73.76684,0,0,Passing or Lane Usage Improper,4491656,11.7,7.5,19.4,19.4,0.0,19.0,63,13.9,22.3,161,Rain: Moderate,0,0,
35615,2022-01-01 06:24:00,40.668983,-73.75367,3,0,Outside Car Distraction,4491147,11.7,7.5,19.4,19.4,0.0,19.0,63,13.9,22.3,161,Rain: Moderate,3,3,
35616,2022-07-02 15:12:00,40.853058,-73.867744,1,0,Passing or Lane Usage Improper,4542854,30.8,23.1,4.0,4.0,0.0,5.0,61,19.4,40.0,229,Rain: Light,1,1,
35617,2022-01-01 17:00:00,40.767593,-73.912,1,0,Backing Unsafely,4491407,11.7,7.5,19.4,19.4,0.0,19.0,63,13.9,22.3,161,Rain: Moderate,1,1,
35618,2022-01-01 18:46:00,40.607254,-73.96728,2,0,,4491811,11.7,7.5,19.4,19.4,0.0,19.0,63,13.9,22.3,161,Rain: Moderate,2,2,
35619,2021-12-21 18:20:00,40.688572,-73.991104,0,0,Passing or Lane Usage Improper,4491820,5.7,-2.4,0.0,0.0,0.0,0.0,3,13.6,24.5,228,Overcast,0,0,
35620,2022-01-01 21:58:00,40.843822,-73.9275,2,0,Passing or Lane Usage Improper,4491475,11.7,7.5,19.4,19.4,0.0,19.0,63,13.9,22.3,161,Rain: Moderate,2,2,