,CRASH DATETIME,LATITUDE,LONGITUDE,NUMBER OF PERSONS INJURED,NUMBER OF PERSONS KILLED,CONTRIBUTING FACTOR VEHICLE 1,COLLISION_ID,temperature_2m_max,temperature_2m_min,precipitation_sum,rain_sum,snowfall_sum,precipitation_hours,weather_code,wind_speed_10m_max,wind_gusts_10m_max,wind_direction_10m_dominant,Weather Description,Severity_Score,Total_Affected_Persons,Weather_Category
35621,2022-01-01 05:29:00,40.57558,-73.969925,0,0,Unspecified,4491357,11.7,7.5,19.4,19.4,0.0,19.0,63,13.9,22.3,161,Rain: Moderate,0,0,
35622,2021-12-30 13:15:00,40.73908,-74.00309,0,0,Failure to Yield Right-of-Way,4491682,8.3,5.0,1.8,1.8,0.0,7.0,53,9.9,17.6,22,Drizzle: Moderate,0,0,
35623,2021-09-25 12:08:00,40.6527684,-73.8862898,1,0,Failure to Yield Right-of-Way,4461074,22.8,14.0,0.0,0.0,0.0,0.0,3,7.9,15.8,322,Overcast,1,1,
35624,2021-10-04 12:55:00,40.8183517,-73.8959724,1,0,Unspecified,4466688,20.6,16.4,21.8,21.8,0.0,17.0,63,20.8,42.8,61,Rain: Moderate,1,1,
35625,2021-12-11 14:57:00,40.6697,-73.87494,2,0,Driver Inattention/Distraction,4486020,17.3,5.0,8.1,8.1,0.0,5.0,63,35.0,67.0,206,Rain: Moderate,2,2,
35626,2021-12-11 21:18:00,40.721077,-74.004265,1,0,Driver Inattention/Distraction,4486281,17.3,5.0,8.1,8.1,0.0,5.0,63,35.0,67.0,206,Rain: Moderate,1,1,
35627,2021-12-11 23:30:00,40.638607,-73.993546,0,0,Unspecified,4485531,17.3,5.0,8.1,8.1,0.0,5.0,63,35.0,67.0,206,Rain: Moderate,0,0,
35628,2021-12-11 18:20:00,40.889427,-73.86295,0,0,Following Too Closely,4485972,17.3,5.0,8.1,8.1,0.0,5.0,63,35.0,67.0,206,Rain: Moderate,0,0,
35629,2021-12-11 03:55:00,40.651863,-73.86536,0,0,Following Too Closely,4486005,17.3,5.0,8.1,8.1,0.0,5.0,63,35.0,67.0,206,Rain: Moderate,0,0,
35630,2021-12-11 05:15:00,40.71572,-73.825745,0,0,Pavement Slippery,4485605,17.3,5.0,8.1,8.1,0.0,5.0,63,35.0,67.0,206,Rain: Moderate,0,0,
35631,2021-12-11 10:50:00,40.820747,-73.906006,1,0,Failure to Yield Right-of-Way,4485896,17.3,5.0,8.1,8.1,0.0,5.0,63,35.0,67.0,206,Rain: Moderate,1,1,
35632,2021-12-11 09:35:00,40.758327,-73.96894,0,0,Unspecified,4485353,17.3,5.0,8.1,8.1,0.0,5.0,63,35.0,67.0,206,Rain: Moderate,0,0,
35633,2021-12-11 08:00:00,40.67356,-73.93627,0,0,Unsafe Lane Changing,4485698,17.3,5.0,8.1,8.1,0.0,5.0,63,35.0,67.0,206,Rain: Moderate,0,0,
35634,2021-12-11 20:30:00,40.75644,-73.87701,2,0,Reaction to Uninvolved Vehicle,4485443,17.3,5.0,8.1,8.1,0.0,5.0,63,35.0,67.0,206,Rain: Moderate,2,2,
35635,2021-12-11 20:20:00,40.640503,-73.95564,0,0,Unspecified,4485508,17.3,5.0,8.1,8.1,0.0,5.0,63,35.0,67.0,206,Rain: Moderate,0,0,
35636,2021-12-11 18:52:00,40.75218,-73.85201,0,0,Unspecified,4485693,17.3,5.0,8.1,8.1,0.0,5.0,63,35.0,67.0,206,Rain: Moderate,0,0,
35637,2021-12-09 22:00:00,40.731018,-73.985916,1,0,Driver Inattention/Distraction,4486295,3.6,-2.0,0.1,0.0,0.07,1.0,71,19.2,33.8,295,Snow fall: Light,1,1,Snowy Conditions
35638,2021-12-10 10:15:00,40.67482,-73.89368,0,0,Unspecified,4486041,8.5,1.6,0.0,0.0,0.0,0.0,3,9.8,20.5,183,Overcast,0,0,
35639,2021-12-11 12:30:00,40.758305,-74.000145,2,0,Oversized Vehicle,4485627,17.3,5.0,8.1,8.1,0.0,5.0,63,35.0,67.0,206,Rain: Moderate,2,2,
35640,2021-12-07 15:00:00,40.59455,-73.997574,0,0,Driver Inattention/Distraction,4486052,8.6,0.8,0.1,0.1,0.0,1.0,51,27.2,49.3,283,Drizzle: Light,0,0,
35641,2021-12-09 07:40:00,40.675735,-73.89686,1,0,Unspecified,4486091,3.6,-2.0,0.1,0.0,0.07,1.0,71,19.2,33.8,295,Snow fall: Light,1,1,Snowy Conditions
35642,2021-12-08 01:30:00,40.655174,-73.88808,0,0,Backing Unsafely,4485998,4.7,0.9,0.7,0.7,0.0,2.0,51,14.5,24.8,355,Drizzle: Light,0,0,
35643,2021-12-02 13:50:00,40.735203,-73.98791,0,0,Alcohol Involvement,4486162,13.2,5.4,3.4,3.4,0.0,10.0,55,28.0,46.8,215,Drizzle: Dense,0,0,
35644,2021-12-11 12:40:00,40.631275,-73.97606,0,0,Other Vehicular,4486139,17.3,5.0,8.1,8.1,0.0,5.0,63,35.0,67.0,206,Rain: Moderate,0,0,
35645,2021-12-11 12:00:00,40.682106,-73.84584,1,0,Driver Inattention/Distraction,4485855,17.3,5.0,8.1,8.1,0.0,5.0,63,35.0,67.0,206,Rain: Moderate,1,1,
35646,2021-12-11 00:53:00,40.72545,-73.837776,0,0,Following Too Closely,4485425,17.3,5.0,8.1,8.1,0.0,5.0,63,35.0,67.0,206,Rain: Moderate,0,0,
35647,2022-01-01 02:00:00,40.719215,-73.94365,0,0,Driver Inattention/Distraction,4491383,11.7,7.5,19.4,19.4,0.0,19.0,63,13.9,22.3,161,Rain: Moderate,0,0,
35648,2022-01-01 17:00:00,40.71143,-73.72845,1,0,Unsafe Speed,4491463,11.7,7.5,19.4,19.4,0.0,19.0,63,13.9,22.3,161,Rain: Moderate,1,1,
35649,2022-01-01 10:42:00,40.823673,-73.87233,1,0,Unsafe Speed,4491223,11.7,7.5,19.4,19.4,0.0,19.0,63,13.9,22.3,161,Rain: Moderate,1,1,
35650,2022-01-01 03:48:00,40.688316,-74.00113,0,0,Alcohol Involvement,4491137,11.7,7.5,19.4,19.4,0.0,19.0,63,13.9,22.3,161,Rain: Moderate,0,0,
35651,2021-10-10 20:15:00,40.59907,-73.90498,0,0,Other Vehicular,4465896,18.5,16.0,2.4,2.4,0.0,8.0,53,27.2,52.6,52,Drizzle: Moderate,0,0,
35652,2021-10-10 11:00:00,40.68949,-73.92207,1,0,Failure to Yield Right-of-Way,4466088,18.5,16.0,2.4,2.4,0.0,8.0,53,27.2,52.6,52,Drizzle: Moderate,1,1,
35653,2021-10-10 10:34:00,40.694183,-73.80544,1,0,Turning Improperly,4465975,18.5,16.0,2.4,2.4,0.0,8.0,53,27.2,52.6,52,Drizzle: Moderate,1,1,
35654,2022-01-01 15:55:00,40.68354,-73.81065,0,0,Failure to Yield Right-of-Way,4491567,11.7,7.5,19.4,19.4,0.0,19.0,63,13.9,22.3,161,Rain: Moderate,0,0,
35655,2021-10-10 02:15:00,40.718555,-73.988205,0,0,Failure to Yield Right-of-Way,4465623,18.5,16.0,2.4,2.4,0.0,8.0,53,27.2,52.6,52,Drizzle: Moderate,0,0,
35656,2021-10-10 21:00:00,40.765266,-73.81517,3,0,Passing Too Closely,4465928,18.5,16.0,2.4,2.4,0.0,8.0,53,27.2,52.6,52,Drizzle: Moderate,3,3,
35657,2021-10-10 22:00:00,40.82138,-73.91174,0,0,Turning Improperly,4466240,18.5,16.0,2.4,2.4,0.0,8.0,53,27.2,52.6,52,Drizzle: Moderate,0,0,
35658,2021-10-10 15:40:00,40.803593,-73.919785,3,0,Unspecified,4466031,18.5,16.0,2.4,2.4,0.0,8.0,53,27.2,52.6,52,Drizzle: Moderate,3,3,
35659,2022-01-01 14:40:00,40.85228,-73.87159,0,0,Driver Inattention/Distraction,4491343,11.7,7.5,19.4,19.4,0.0,19.0,63,13.9,22.3,161,Rain: Moderate,0,0,
35660,2022-01-01 17:50:00,40.75415,-73.88112,1,0,Driver Inattention/Distraction,4491327,11.7,7.5,19.4,19.4,0.0,19.0,63,13.9,22.3,161,Rain: Moderate,1,1,
35661,2021-10-10 00:10:00,40.63184,-73.95463,0,0,Driver Inattention/Distraction,4465642,18.5,16.0,2.4,2.4,0.0,8.0,53,27.2,52.6,52,Drizzle: Moderate,0,0,
35662,2021-10-10 15:15:00,40.743397,-73.88388,0,0,Unspecified,4466049,18.5,16.0,2.4,2.4,0.0,8.0,53,27.2,52.6,52,Drizzle: Moderate,0,0,
35663,2022-01-01 17:07:00,40.767815,-73.98951,1,0,Unspecified,4491637,11.7,7.5,19.4,19.4,0.0,19.0,63,13.9,22.3,161,Rain: Moderate,1,1,
35664,2022-01-01 02:18:00,40.689137,-73.990715,0,0,Passing or Lane Usage Improper,4491379,11.7,7.5,19.4,19.4,0.0,19.0,63,13.9,22.3,161,Rain: Moderate,0,0,
35665,2022-01-01 01:37:00,40.865505,-73.863525,1,0,Passing Too Closely,4491416,11.7,7.5,19.4,19.4,0.0,19.0,63,13.9,22.3,161,Rain: Moderate,1,1,
35666,2021-10-10 02:30:00,40.74121,-73.84277,0,0,Driver Inattention/Distraction,4465677,18.5,16.0,2.4,2.4,0.0,8.0,53,27.2,52.6,52,Drizzle: Moderate,0,0,
35667,2021-10-10 09:30:00,40.761703,-73.88175,1,0,Other Vehicular,4465872,18.5,16.0,2.4,2.4,0.0,8.0,53,27.2,52.6,52,Drizzle: Moderate,1,1,
35668,2021-10-10 16:34:00,40.795464,-73.96381,0,0,Driver Inattention/Distraction,4466105,18.5,16.0,2.4,2.4,0.0,8.0,53,27.2,52.6,52,Drizzle: Moderate,0,0,
35669,2021-10-10 20:30:00,40.623596,-73.90996,0,0,Alcohol Involvement,4466151,18.5,16.0,2.4,2.4,0.0,8.0,53,27.2,52.6,52,Drizzle: Moderate,0,0,
35670,2022-01-01 02:25:00,40.846153,-73.932335,0,0,Driver Inattention/Distraction,4491755,11.7,7.5,19.4,19.4,0.0,19.0,63,13.9,22.3,161,Rain: Moderate,0,0,
35671,2022-01-01 17:58:00,40.834423,-73.90389,1,0,Driver Inattention/Distraction,4491443,11.7,7.5,19.4,19.4,0.0,19.0,63,13.9,22.3,161,Rain: Moderate,1,1,
35672,2022-01-01 02:42:00,40.731216,-73.8696,0,0,Unsafe Speed,4491362,11.7,7.5,19.4,19.4,0.0,19.0,63,13.9,22.3,161,Rain: Moderate,0,0,
35673,2022-09-19 07:30:00,40.60069,-74.010056,0,0,Traffic Control Disregarded,4566796,30.1,19.0,4.9,4.9,0.0,3.0,63,22.4,44.3,241,Rain: Moderate,0,0,
35674,2021-10-10 01:52:00,40.634823,-74.160286,1,0,Alcohol Involvement,4465852,18.5,16.0,2.4,2.4,0.0,8.0,53,27.2,52.6,52,Drizzle: Moderate,1,1,
35675,2021-10-10 09:19:00,40.76141,-73.84462,0,0,Driver Inexperience,4465750,18.5,16.0,2.4,2.4,0.0,8.0,53,27.2,52.6,52,Drizzle: Moderate,0,0,
35676,2021-12-28 15:30:00,40.752117,-73.977684,0,0,Unsafe Lane Changing,4491725,8.5,2.2,0.0,0.0,0.0,0.0,3,12.5,22.0,271,Overcast,0,0,
35677,2021-11-26 21:29:00,40.75332,-73.972595,1,0,Unsafe Lane Changing,4491788,7.6,1.6,8.4,8.4,0.0,11.0,61,28.7,53.6,279,Rain: Light,1,1,
35678,2021-10-10 16:52:00,40.877033,-73.846375,0,0,Reaction to Uninvolved Vehicle,4465833,18.5,16.0,2.4,2.4,0.0,8.0,53,27.2,52.6,52,Drizzle: Moderate,0,0,
35679,2021-10-10 07:30:00,40.744118,-73.8801,0,0,Driver Inattention/Distraction,4465751,18.5,16.0,2.4,2.4,0.0,8.0,53,27.2,52.6,52,Drizzle: Moderate,0,0,
35680,2022-01-01 18:38:00,40.74608,-73.85577,0,0,Driver Inattention/Distraction,4491398,11.7,7.5,19.4,19.4,0.0,19.0,63,13.9,22.3,161,Rain: Moderate,0,0,
35681,2021-10-10 19:15:00,40.651264,-74.003914,1,0,Unspecified,4465868,18.5,16.0,2.4,2.4,0.0,8.0,53,27.2,52.6,52,Drizzle: Moderate,1,1,
35682,2021-10-10 01:20:00,40.77077,-73.91727,2,0,Alcohol Involvement,4465705,18.5,16.0,2.4,2.4,0.0,8.0,53,27.2,52.6,52,Drizzle: Moderate,2,2,
35683,2022-02-20 04:45:00,40.57397,-74.16992,1,0,Driver Inattention/Distraction,4504306,2.4,-6.6,0.0,0.0,0.0,0.0,3,23.4,44.3,250,Overcast,1,1,
35684,2021-10-10 11:25:00,40.738495,-73.81387,0,0,Driver Inattention/Distraction,4466018,18.5,16.0,2.4,2.4,0.0,8.0,53,27.2,52.6,52,Drizzle: Moderate,0,0,
35685,2021-10-10 23:50:00,40.673107,-73.99959,0,0,Passing or Lane Usage Improper,4466058,18.5,16.0,2.4,2.4,0.0,8.0,53,27.2,52.6,52,Drizzle: Moderate,0,0,
35686,2021-06-09 16:00:00,40.741623,-73.87918,1,0,Following Too Closely,4426692,30.2,21.4,1.1,1.1,0.0,5.0,51,11.7,28.1,286,Drizzle: Light,1,1,
35687,2021-06-10 11:50:00,40.653793,-73.96405,0,0,Driver Inattention/Distraction,4427921,26.7,16.8,0.0,0.0,0.0,0.0,3,20.9,40.3,78,Overcast,0,0,
35688,2021-06-14 19:06:00,40.761173,-73.95789,2,0,Unspecified,4427913,21.4,17.5,21.7,21.7,0.0,11.0,65,21.1,48.6,154,Rain: Heavy,2,2,
35689,2021-05-25 19:00:00,40.802914,-73.92029,0,0,Driver Inattention/Distraction,4427926,21.9,13.0,0.0,0.0,0.0,0.0,3,24.3,47.9,182,Overcast,0,0,
35690,2021-06-14 12:00:00,40.583057,-73.973114,0,0,Traffic Control Disregarded,4427875,21.4,17.5,21.7,21.7,0.0,11.0,65,21.1,48.6,154,Rain: Heavy,0,0,
35691,2021-05-28 12:01:00,40.700726,-73.94194,1,0,View Obstructed/Limited,4427969,19.4,10.6,25.0,25.0,0.0,8.0,63,25.6,47.9,62,Rain: Moderate,1,1,
35692,2021-06-14 20:18:00,40.58525,-73.98728,1,0,Failure to Yield Right-of-Way,4427965,21.4,17.5,21.7,21.7,0.0,11.0,65,21.1,48.6,154,Rain: Heavy,1,1,
35693,2021-06-14 14:15:00,40.704006,-73.7668,1,0,Passing or Lane Usage Improper,4427915,21.4,17.5,21.7,21.7,0.0,11.0,65,21.1,48.6,154,Rain: Heavy,1,1,
35694,2021-06-14 19:01:00,40.714085,-73.98871,0,0,Passing Too Closely,4427874,21.4,17.5,21.7,21.7,0.0,11.0,65,21.1,48.6,154,Rain: Heavy,0,0,
35695,2022-02-20 16:30:00,40.745228,-73.882576,1,0,Driver Inattention/Distraction,4504362,2.4,-6.6,0.0,0.0,0.0,0.0,3,23.4,44.3,250,Overcast,1,1,
35696,2021-10-10 21:03:00,40.801235,-73.941826,1,0,Unsafe Speed,4466182,18.5,16.0,2.4,2.4,0.0,8.0,53,27.2,52.6,52,Drizzle: Moderate,1,1,
35697,2022-02-03 22:50:00,40.695114,-73.90322,0,0,Unspecified,4504817,9.2,2.3,13.1,13.1,0.0,17.0,61,14.9,23.8,194,Rain: Light,0,0,
35698,2021-10-10 09:08:00,40.63489,-74.019035,0,0,Unspecified,4465741,18.5,16.0,2.4,2.4,0.0,8.0,53,27.2,52.6,52,Drizzle: Moderate,0,0,
35699,2021-10-10 09:00:00,40.690266,-73.91546,0,0,Driver Inattention/Distraction,4465858,18.5,16.0,2.4,2.4,0.0,8.0,53,27.2,52.6,52,Drizzle: Moderate,0,0,
35700,2021-10-10 23:35:00,40.641453,-73.96389,5,0,Unspecified,4465942,18.5,16.0,2.4,2.4,0.0,8.0,53,27.2,52.6,52,Drizzle: Moderate,5,5,
35701,2021-06-14 21:00:00,40.687225,-73.821625,1,0,Failure to Yield Right-of-Way,4427206,21.4,17.5,21.7,21.7,0.0,11.0,65,21.1,48.6,154,Rain: Heavy,1,1,
35702,2021-06-08 12:00:00,40.830936,-73.91241,1,0,Traffic Control Disregarded,4427736,30.1,22.0,5.9,5.9,0.0,9.0,61,16.6,34.6,215,Rain: Light,1,1,
35703,2021-06-13 19:40:00,40.5517,-74.18382,0,0,Unspecified,4427683,23.9,15.0,0.2,0.2,0.0,2.0,51,17.7,35.6,185,Drizzle: Light,0,0,
35704,2021-06-14 01:18:00,40.621548,-74.024704,1,0,Alcohol Involvement,4426689,21.4,17.5,21.7,21.7,0.0,11.0,65,21.1,48.6,154,Rain: Heavy,1,1,
35705,2021-06-14 16:05:00,40.606876,-73.94795,2,0,Unspecified,4427188,21.4,17.5,21.7,21.7,0.0,11.0,65,21.1,48.6,154,Rain: Heavy,2,2,
35706,2021-06-14 10:30:00,40.855595,-73.92733,0,0,Passing or Lane Usage Improper,4427361,21.4,17.5,21.7,21.7,0.0,11.0,65,21.1,48.6,154,Rain: Heavy,0,0,
35707,2021-06-14 20:16:00,40.723305,-74.00299,0,0,Unspecified,4427242,21.4,17.5,21.7,21.7,0.0,11.0,65,21.1,48.6,154,Rain: Heavy,0,0,
35708,2021-06-14 21:27:00,40.622047,-73.98886,0,0,Unspecified,4427616,21.4,17.5,21.7,21.7,0.0,11.0,65,21.1,48.6,154,Rain: Heavy,0,0,
35709,2021-06-09 05:15:00,40.876495,-73.88321,1,0,Unspecified,4427824,30.2,21.4,1.1,1.1,0.0,5.0,51,11.7,28.1,286,Drizzle: Light,1,1,
35710,2021-06-14 01:10:00,40.74128,-73.90257,0,0,Driver Inattention/Distraction,4426871,21.4,17.5,21.7,21.7,0.0,11.0,65,21.1,48.6,154,Rain: Heavy,0,0,
35711,2021-06-14 11:20:00,40.667385,-73.88709,0,0,Unspecified,4427250,21.4,17.5,21.7,21.7,0.0,11.0,65,21.1,48.6,154,Rain: Heavy,0,0,
35712,2021-06-14 18:00:00,40.84518,-73.91417,1,0,Failure to Yield Right-of-Way,4427726,21.4,17.5,21.7,21.7,0.0,11.0,65,21.1,48.6,154,Rain: Heavy,1,1,
35713,2021-06-01 15:50:00,40.646255,-73.93081,0,0,Driver Inattention/Distraction,4427809,23.5,9.7,0.0,0.0,0.0,0.0,3,17.6,32.0,221,Overcast,0,0,
35714,2021-06-14 17:00:00,40.812622,-73.96302,0,0,Driver Inattention/Distraction,4427509,21.4,17.5,21.7,21.7,0.0,11.0,65,21.1,48.6,154,Rain: Heavy,0,0,
35715,2021-06-14 08:19:00,40.740395,-73.97909,0,0,Unspecified,4426964,21.4,17.5,21.7,21.7,0.0,11.0,65,21.1,48.6,154,Rain: Heavy,0,0,
35716,2021-06-14 07:37:00,40.7736,-73.98158,1,0,Driver Inattention/Distraction,4427137,21.4,17.5,21.7,21.7,0.0,11.0,65,21.1,48.6,154,Rain: Heavy,1,1,
35717,2021-06-14 15:51:00,40.684513,-73.909386,1,0,Driver Inattention/Distraction,4427295,21.4,17.5,21.7,21.7,0.0,11.0,65,21.1,48.6,154,Rain: Heavy,1,1,
35718,2021-06-14 18:20:00,40.687534,-73.85966,0,0,Unsafe Speed,4427319,21.4,17.5,21.7,21.7,0.0,11.0,65,21.1,48.6,154,Rain: Heavy,0,0,
35719,2021-06-14 11:30:00,40.673946,-73.9804,0,0,Passing Too Closely,4427371,21.4,17.5,21.7,21.7,0.0,11.0,65,21.1,48.6,154,Rain: Heavy,0,0,
35720,2021-06-14 00:00:00,40.687622,-73.77881,1,0,Obstruction/Debris,4427420,21.4,17.5,21.7,21.7,0.0,11.0,65,21.1,48.6,154,Rain: Heavy,1,1,
35721,2021-06-14 15:20:00,40.751026,-73.87055,0,0,Unspecified,4427103,21.4,17.5,21.7,21.7,0.0,11.0,65,21.1,48.6,154,Rain: Heavy,0,0,
35722,2021-06-14 11:26:00,40.7485,-73.974976,1,0,Failure to Yield Right-of-Way,4427055,21.4,17.5,21.7,21.7,0.0,11.0,65,21.1,48.6,154,Rain: Heavy,1,1,
35723,2021-06-14 10:48:00,40.826275,-73.85971,1,0,Aggressive Driving/Road Rage,4427091,21.4,17.5,21.7,21.7,0.0,11.0,65,21.1,48.6,154,Rain: Heavy,1,1,
35724,2021-05-07 20:20:00,40.683018,-73.95885,0,0,Following Too Closely,4427756,16.4,7.7,0.0,0.0,0.0,0.0,3,15.8,32.4,73,Overcast,0,0,
35725,2021-06-14 01:00:00,40.638542,-73.92604,0,0,Unspecified,4427123,21.4,17.5,21.7,21.7,0.0,11.0,65,21.1,48.6,154,Rain: Heavy,0,0,
35726,2021-06-14 01:00:00,40.848057,-73.90199,0,0,Unsafe Speed,4426999,21.4,17.5,21.7,21.7,0.0,11.0,65,21.1,48.6,154,Rain: Heavy,0,0,
35727,2021-06-14 08:28:00,40.678997,-73.79311,2,0,Failure to Yield Right-of-Way,4427419,21.4,17.5,21.7,21.7,0.0,11.0,65,21.1,48.6,154,Rain: Heavy,2,2,
35728,2021-06-14 10:40:00,40.768524,-73.83345,0,0,Backing Unsafely,4427222,21.4,17.5,21.7,21.7,0.0,11.0,65,21.1,48.6,154,Rain: Heavy,0,0,
35729,2021-06-14 13:52:00,40.67956,-73.8989,1,0,Failure to Yield Right-of-Way,4427261,21.4,17.5,21.7,21.7,0.0,11.0,65,21.1,48.6,154,Rain: Heavy,1,1,
35730,2021-06-14 18:00:00,40.69345,-73.806305,1,0,Unsafe Speed,4427470,21.4,17.5,21.7,21.7,0.0,11.0,65,21.1,48.6,154,Rain: Heavy,1,1,
35731,2021-06-14 16:00:00,40.83281,-73.85558,0,0,Unspecified,4427326,21.4,17.5,21.7,21.7,0.0,11.0,65,21.1,48.6,154,Rain: Heavy,0,0,
35732,2021-06-14 16:28:00,40.825947,-73.88784,0,0,Unspecified,4427435,21.4,17.5,21.7,21.7,0.0,11.0,65,21.1,48.6,154,Rain: Heavy,0,0,
35733,2021-06-14 08:35:00,40.868366,-73.88981,0,0,Unspecified,4427039,21.4,17.5,21.7,21.7,0.0,11.0,65,21.1,48.6,154,Rain: Heavy,0,0,
35734,2021-06-14 09:45:00,40.788994,-73.94656,1,0,Driver Inattention/Distraction,4427113,21.4,17.5,21.7,21.7,0.0,11.0,65,21.1,48.6,154,Rain: Heavy,1,1,
35735,2021-06-14 09:00:00,40.657776,-73.83756,0,0,Unsafe Speed,4427194,21.4,17.5,21.7,21.7,0.0,11.0,65,21.1,48.6,154,Rain: Heavy,0,0,
35736,2021-06-14 21:30:00,40.601204,-74.06509,1,0,Fell Asleep,4427317,21.4,17.5,21.7,21.7,0.0,11.0,65,21.1,48.6,154,Rain: Heavy,1,1,
35737,2021-06-14 18:00:00,40.801205,-73.94568,0,0,Driver Inattention/Distraction,4427661,21.4,17.5,21.7,21.7,0.0,11.0,65,21.1,48.6,154,Rain: Heavy,0,0,
35738,2021-06-14 19:00:00,40.699226,-73.89808,0,0,Traffic Control Disregarded,4427138,21.4,17.5,21.7,21.7,0.0,11.0,65,21.1,48.6,154,Rain: Heavy,0,0,
35739,2021-06-14 17:35:00,40.650856,-73.9486,0,0,Unspecified,4427172,21.4,17.5,21.7,21.7,0.0,11.0,65,21.1,48.6,154,Rain: Heavy,0,0,
35740,2021-06-07 17:45:00,40.88082,-73.90344,1,0,Driver Inexperience,4427770,31.0,20.7,0.1,0.1,0.0,1.0,51,16.5,34.9,204,Drizzle: Light,1,1,
35741,2021-06-14 09:15:00,40.689274,-73.92399,1,0,Driver Inattention/Distraction,4427066,21.4,17.5,21.7,21.7,0.0,11.0,65,21.1,48.6,154,Rain: Heavy,1,1,
35742,2021-06-14 19:10:00,40.61701,-73.969124,0,0,Unspecified,4427615,21.4,17.5,21.7,21.7,0.0,11.0,65,21.1,48.6,154,Rain: Heavy,0,0,
35743,2021-06-14 09:00:00,40.765137,-73.81944,0,0,Backing Unsafely,4427216,21.4,17.5,21.7,21.7,0.0,11.0,65,21.1,48.6,154,Rain: Heavy,0,0,
35744,2021-06-14 14:14:00,40.836555,-73.87135,1,0,Driver Inexperience,4427694,21.4,17.5,21.7,21.7,0.0,11.0,65,21.1,48.6,154,Rain: Heavy,1,1,
35745,2021-06-14 09:56:00,40.68464,-73.87584,0,0,Unspecified,4427251,21.4,17.5,21.7,21.7,0.0,11.0,65,21.1,48.6,154,Rain: Heavy,0,0,
35746,2021-06-14 19:02:00,40.705017,-73.94948,0,0,Backing Unsafely,4427180,21.4,17.5,21.7,21.7,0.0,11.0,65,21.1,48.6,154,Rain: Heavy,0,0,
35747,2021-06-14 17:47:00,40.835884,-73.88341,0,0,Unspecified,4427304,21.4,17.5,21.7,21.7,0.0,11.0,65,21.1,48.6,154,Rain: Heavy,0,0,
35748,2021-06-14 13:05:00,40.666393,-73.75177,1,0,Turning Improperly,4427146,21.4,17.5,21.7,21.7,0.0,11.0,65,21.1,48.6,154,Rain: Heavy,1,1,
35749,2021-10-10 00:00:00,40.6813829,-73.953515,0,0,Unsafe Speed,4466543,18.5,16.0,2.4,2.4,0.0,8.0,53,27.2,52.6,52,Drizzle: Moderate,0,0,
35750,2021-06-14 13:16:00,40.857418,-73.899956,0,0,Unspecified,4427269,21.4,17.5,21.7,21.7,0.0,11.0,65,21.1,48.6,154,Rain: Heavy,0,0,
35751,2021-06-14 22:28:00,40.59424,-73.96809,0,0,Driver Inexperience,4427189,21.4,17.5,21.7,21.7,0.0,11.0,65,21.1,48.6,154,Rain: Heavy,0,0,
35752,2021-06-14 00:00:00,40.764683,-73.99179,1,0,Passing or Lane Usage Improper,4427276,21.4,17.5,21.7,21.7,0.0,11.0,65,21.1,48.6,154,Rain: Heavy,1,1,
35753,2021-06-14 09:00:00,40.85809,-73.901924,0,0,Unspecified,4427243,21.4,17.5,21.7,21.7,0.0,11.0,65,21.1,48.6,154,Rain: Heavy,0,0,
35754,2021-10-10 08:50:00,40.62717,-73.996704,0,0,Driver Inattention/Distraction,4466149,18.5,16.0,2.4,2.4,0.0,8.0,53,27.2,52.6,52,Drizzle: Moderate,0,0,
35755,2021-06-08 11:45:00,40.618374,-73.9097,0,0,Backing Unsafely,4427782,30.1,22.0,5.9,5.9,0.0,9.0,61,16.6,34.6,215,Rain: Light,0,0,
35756,2021-06-14 00:00:00,40.63059,-74.028145,1,0,Unspecified,4427163,21.4,17.5,21.7,21.7,0.0,11.0,65,21.1,48.6,154,Rain: Heavy,1,1,
35757,2021-06-14 00:00:00,40.73931,-73.91947,0,0,Alcohol Involvement,4427550,21.4,17.5,21.7,21.7,0.0,11.0,65,21.1,48.6,154,Rain: Heavy,0,0,
35758,2021-06-14 15:25:00,40.84787,-73.93641,0,0,View Obstructed/Limited,4427679,21.4,17.5,21.7,21.7,0.0,11.0,65,21.1,48.6,154,Rain: Heavy,0,0,
35759,2021-06-14 08:10:00,40.799286,-73.945366,0,0,Following Too Closely,4426884,21.4,17.5,21.7,21.7,0.0,11.0,65,21.1,48.6,154,Rain: Heavy,0,0,
35760,2021-06-14 18:22:00,40.829185,-73.928764,1,0,Driver Inattention/Distraction,4427729,21.4,17.5,21.7,21.7,0.0,11.0,65,21.1,48.6,154,Rain: Heavy,1,1,
35761,2021-06-14 01:32:00,40.688644,-73.734406,1,0,Traffic Control Disregarded,4427145,21.4,17.5,21.7,21.7,0.0,11.0,65,21.1,48.6,154,Rain: Heavy,1,1,
35762,2021-06-14 16:51:00,40.664047,-73.888115,1,0,Unspecified,4427244,21.4,17.5,21.7,21.7,0.0,11.0,65,21.1,48.6,154,Rain: Heavy,1,1,
35763,2021-06-07 13:56:00,40.65152,-73.909454,1,0,Unspecified,4427811,31.0,20.7,0.1,0.1,0.0,1.0,51,16.5,34.9,204,Drizzle: Light,1,1,
35764,2021-06-14 17:30:00,40.70839,-73.939964,0,0,Driver Inexperience,4427181,21.4,17.5,21.7,21.7,0.0,11.0,65,21.1,48.6,154,Rain: Heavy,0,0,