,CRASH DATETIME,LATITUDE,LONGITUDE,NUMBER OF PERSONS INJURED,NUMBER OF PERSONS KILLED,CONTRIBUTING FACTOR VEHICLE 1,COLLISION_ID,temperature_2m_max,temperature_2m_min,precipitation_sum,rain_sum,snowfall_sum,precipitation_hours,weather_code,wind_speed_10m_max,wind_gusts_10m_max,wind_direction_10m_dominant,Weather Description,Severity_Score,Total_Affected_Persons,Weather_Category
35765,2021-06-14 15:20:00,40.814297,-73.95308,1,0,Unspecified,4427507,21.4,17.5,21.7,21.7,0.0,11.0,65,21.1,48.6,154,Rain: Heavy,1,1,
35766,2021-06-14 09:30:00,40.752193,-73.93686,0,0,Driver Inattention/Distraction,4427635,21.4,17.5,21.7,21.7,0.0,11.0,65,21.1,48.6,154,Rain: Heavy,0,0,
35767,2021-06-14 17:30:00,40.65445,-73.84547,0,0,Following Too Closely,4427208,21.4,17.5,21.7,21.7,0.0,11.0,65,21.1,48.6,154,Rain: Heavy,0,0,
35768,2021-06-09 12:30:00,40.897144,-73.88029,5,0,Unspecified,4427765,30.2,21.4,1.1,1.1,0.0,5.0,51,11.7,28.1,286,Drizzle: Light,5,5,
35769,2021-06-14 03:45:00,40.684753,-73.917625,0,0,Unspecified,4427061,21.4,17.5,21.7,21.7,0.0,11.0,65,21.1,48.6,154,Rain: Heavy,0,0,
35770,2021-06-14 09:51:00,40.83626,-73.85516,0,0,Driver Inattention/Distraction,4427092,21.4,17.5,21.7,21.7,0.0,11.0,65,21.1,48.6,154,Rain: Heavy,0,0,
35771,2021-06-14 15:00:00,40.64759,-74.01142,0,0,Unspecified,4427330,21.4,17.5,21.7,21.7,0.0,11.0,65,21.1,48.6,154,Rain: Heavy,0,0,
35772,2021-06-14 13:23:00,40.872494,-73.83314,0,0,Unspecified,4427450,21.4,17.5,21.7,21.7,0.0,11.0,65,21.1,48.6,154,Rain: Heavy,0,0,
35773,2021-06-08 08:18:00,40.658295,-73.93109,1,0,Unspecified,4427816,30.1,22.0,5.9,5.9,0.0,9.0,61,16.6,34.6,215,Rain: Light,1,1,
35774,2021-06-14 10:20:00,40.67571,-73.97864,0,0,Passing Too Closely,4427043,21.4,17.5,21.7,21.7,0.0,11.0,65,21.1,48.6,154,Rain: Heavy,0,0,
35775,2021-06-14 03:24:00,40.68789,-73.90724,0,0,Driver Inattention/Distraction,4427290,21.4,17.5,21.7,21.7,0.0,11.0,65,21.1,48.6,154,Rain: Heavy,0,0,
35776,2021-06-14 14:50:00,40.844864,-73.88861,0,0,Unspecified,4427346,21.4,17.5,21.7,21.7,0.0,11.0,65,21.1,48.6,154,Rain: Heavy,0,0,
35777,2021-06-14 12:50:00,40.724792,-73.9088,0,0,Following Too Closely,4427084,21.4,17.5,21.7,21.7,0.0,11.0,65,21.1,48.6,154,Rain: Heavy,0,0,
35778,2021-06-14 08:30:00,40.666893,-73.80546,0,0,Reaction to Uninvolved Vehicle,4427193,21.4,17.5,21.7,21.7,0.0,11.0,65,21.1,48.6,154,Rain: Heavy,0,0,
35779,2021-06-14 19:28:00,40.801342,-73.94598,1,0,Driver Inattention/Distraction,4427664,21.4,17.5,21.7,21.7,0.0,11.0,65,21.1,48.6,154,Rain: Heavy,1,1,
35780,2021-06-14 11:14:00,40.63093,-74.1115,0,0,Driver Inattention/Distraction,4427480,21.4,17.5,21.7,21.7,0.0,11.0,65,21.1,48.6,154,Rain: Heavy,0,0,
35781,2021-06-14 19:04:00,40.655384,-73.95084,1,0,Driver Inattention/Distraction,4427154,21.4,17.5,21.7,21.7,0.0,11.0,65,21.1,48.6,154,Rain: Heavy,1,1,
35782,2021-06-14 15:40:00,40.735573,-73.88111,0,0,Driver Inattention/Distraction,4427200,21.4,17.5,21.7,21.7,0.0,11.0,65,21.1,48.6,154,Rain: Heavy,0,0,
35783,2021-06-14 13:14:00,40.607586,-74.00318,1,0,Backing Unsafely,4427323,21.4,17.5,21.7,21.7,0.0,11.0,65,21.1,48.6,154,Rain: Heavy,1,1,
35784,2021-06-14 07:18:00,0.0,0.0,1,0,Driver Inattention/Distraction,4426959,21.4,17.5,21.7,21.7,0.0,11.0,65,21.1,48.6,154,Rain: Heavy,1,1,
35785,2021-06-14 05:48:00,40.813175,-73.89845,1,0,Traffic Control Device Improper/Non-Working,4427429,21.4,17.5,21.7,21.7,0.0,11.0,65,21.1,48.6,154,Rain: Heavy,1,1,
35786,2021-06-14 05:51:00,40.65415,-73.949936,2,0,Unspecified,4427124,21.4,17.5,21.7,21.7,0.0,11.0,65,21.1,48.6,154,Rain: Heavy,2,2,
35787,2021-06-14 23:35:00,40.73937,-73.79189,1,0,Driver Inattention/Distraction,4427358,21.4,17.5,21.7,21.7,0.0,11.0,65,21.1,48.6,154,Rain: Heavy,1,1,
35788,2021-06-14 15:03:00,40.701958,-73.9239,0,0,Passing or Lane Usage Improper,4427294,21.4,17.5,21.7,21.7,0.0,11.0,65,21.1,48.6,154,Rain: Heavy,0,0,
35789,2021-06-14 06:34:00,40.787582,-73.849655,0,0,Unspecified,4427219,21.4,17.5,21.7,21.7,0.0,11.0,65,21.1,48.6,154,Rain: Heavy,0,0,
35790,2021-06-07 13:50:00,40.68837,-73.944916,1,0,Driver Inattention/Distraction,4427752,31.0,20.7,0.1,0.1,0.0,1.0,51,16.5,34.9,204,Drizzle: Light,1,1,
35791,2021-06-14 16:14:00,40.66459,-73.87663,1,0,Pedestrian/Bicyclist/Other Pedestrian Error/Confusion,4427260,21.4,17.5,21.7,21.7,0.0,11.0,65,21.1,48.6,154,Rain: Heavy,1,1,
35792,2021-06-14 18:30:00,40.80259,-73.935265,0,0,Driver Inattention/Distraction,4427658,21.4,17.5,21.7,21.7,0.0,11.0,65,21.1,48.6,154,Rain: Heavy,0,0,
35793,2021-06-14 17:30:00,40.65503,-73.95002,2,0,Driver Inattention/Distraction,4427171,21.4,17.5,21.7,21.7,0.0,11.0,65,21.1,48.6,154,Rain: Heavy,2,2,
35794,2021-06-14 16:22:00,40.876976,-73.88966,0,0,Unspecified,4427461,21.4,17.5,21.7,21.7,0.0,11.0,65,21.1,48.6,154,Rain: Heavy,0,0,
35795,2021-06-14 19:34:00,40.633617,-73.977715,0,0,Unspecified,4427610,21.4,17.5,21.7,21.7,0.0,11.0,65,21.1,48.6,154,Rain: Heavy,0,0,
35796,2021-06-14 18:34:00,40.738197,-73.865456,0,0,Unspecified,4427199,21.4,17.5,21.7,21.7,0.0,11.0,65,21.1,48.6,154,Rain: Heavy,0,0,
35797,2021-06-14 10:32:00,40.605732,-73.985016,0,0,Driver Inattention/Distraction,4426991,21.4,17.5,21.7,21.7,0.0,11.0,65,21.1,48.6,154,Rain: Heavy,0,0,
35798,2021-06-14 19:45:00,40.667168,-73.88087,0,0,Unspecified,4427265,21.4,17.5,21.7,21.7,0.0,11.0,65,21.1,48.6,154,Rain: Heavy,0,0,
35799,2021-06-14 15:00:00,40.72389,-73.84655,0,0,Passing Too Closely,4427102,21.4,17.5,21.7,21.7,0.0,11.0,65,21.1,48.6,154,Rain: Heavy,0,0,
35800,2021-06-14 18:08:00,40.73329,-73.98719,1,0,Oversized Vehicle,4427280,21.4,17.5,21.7,21.7,0.0,11.0,65,21.1,48.6,154,Rain: Heavy,1,1,
35801,2021-06-14 10:00:00,40.636105,-74.02292,0,0,Unsafe Lane Changing,4427162,21.4,17.5,21.7,21.7,0.0,11.0,65,21.1,48.6,154,Rain: Heavy,0,0,
35802,2021-06-14 19:38:00,40.651863,-73.86536,1,0,Unsafe Lane Changing,4427264,21.4,17.5,21.7,21.7,0.0,11.0,65,21.1,48.6,154,Rain: Heavy,1,1,
35803,2021-06-04 13:40:00,40.692356,-73.94282,0,0,Backing Unsafely,4427693,25.3,17.4,6.5,6.5,0.0,10.0,61,17.9,37.8,235,Rain: Light,0,0,
35804,2021-06-14 13:20:00,40.778625,-73.77587,0,0,Backing Unsafely,4427214,21.4,17.5,21.7,21.7,0.0,11.0,65,21.1,48.6,154,Rain: Heavy,0,0,
35805,2021-06-06 15:00:00,40.696354,-73.94071,0,0,Driver Inattention/Distraction,4427719,31.0,20.0,0.0,0.0,0.0,0.0,1,16.6,32.4,222,Mainly clear,0,0,Sunny/Clear Conditions
35806,2021-06-14 00:10:00,40.59281,-73.97877,0,0,Other Vehicular,4426762,21.4,17.5,21.7,21.7,0.0,11.0,65,21.1,48.6,154,Rain: Heavy,0,0,
35807,2021-06-03 15:30:00,40.698406,-73.80647,1,0,Unspecified,4427793,23.0,13.2,11.9,11.9,0.0,10.0,63,13.6,38.9,165,Rain: Moderate,1,1,
35808,2021-06-14 01:08:00,40.724495,-73.72469,1,0,Failure to Keep Right,4427534,21.4,17.5,21.7,21.7,0.0,11.0,65,21.1,48.6,154,Rain: Heavy,1,1,
35809,2021-06-14 11:50:00,40.71646,-73.79235,0,0,Driver Inattention/Distraction,4427355,21.4,17.5,21.7,21.7,0.0,11.0,65,21.1,48.6,154,Rain: Heavy,0,0,
35810,2021-06-14 03:39:00,40.702667,-73.86516,1,0,Other Vehicular,4427082,21.4,17.5,21.7,21.7,0.0,11.0,65,21.1,48.6,154,Rain: Heavy,1,1,
35811,2021-06-14 14:25:00,40.740875,-73.89962,0,0,Passing or Lane Usage Improper,4427085,21.4,17.5,21.7,21.7,0.0,11.0,65,21.1,48.6,154,Rain: Heavy,0,0,
35812,2021-06-14 17:15:00,40.84125,-73.9094,0,0,Following Too Closely,4427305,21.4,17.5,21.7,21.7,0.0,11.0,65,21.1,48.6,154,Rain: Heavy,0,0,
35813,2021-06-08 17:25:00,40.66379,-73.95295,1,0,Driver Inattention/Distraction,4427781,30.1,22.0,5.9,5.9,0.0,9.0,61,16.6,34.6,215,Rain: Light,1,1,
35814,2021-06-14 19:49:00,40.856087,-73.85569,0,0,Other Vehicular,4427331,21.4,17.5,21.7,21.7,0.0,11.0,65,21.1,48.6,154,Rain: Heavy,0,0,
35815,2021-06-14 12:33:00,40.614643,-73.936806,0,0,Unspecified,4427151,21.4,17.5,21.7,21.7,0.0,11.0,65,21.1,48.6,154,Rain: Heavy,0,0,
35816,2021-06-14 21:50:00,40.63501,-73.914055,1,0,Alcohol Involvement,4427391,21.4,17.5,21.7,21.7,0.0,11.0,65,21.1,48.6,154,Rain: Heavy,1,1,
35817,2021-06-10 23:18:00,40.697098,-73.95386,1,0,Passing or Lane Usage Improper,4427978,26.7,16.8,0.0,0.0,0.0,0.0,3,20.9,40.3,78,Overcast,1,1,
35818,2021-06-14 10:00:00,40.846893,-73.92055,0,0,Reaction to Uninvolved Vehicle,4427018,21.4,17.5,21.7,21.7,0.0,11.0,65,21.1,48.6,154,Rain: Heavy,0,0,
35819,2021-06-14 15:40:00,40.83874,-73.913765,0,0,Other Vehicular,4427307,21.4,17.5,21.7,21.7,0.0,11.0,65,21.1,48.6,154,Rain: Heavy,0,0,
35820,2021-06-14 13:43:00,40.75035,-73.81885,2,0,Passing or Lane Usage Improper,4427380,21.4,17.5,21.7,21.7,0.0,11.0,65,21.1,48.6,154,Rain: Heavy,2,2,
35821,2021-06-14 11:30:00,40.675236,-73.919945,0,0,Unspecified,4427446,21.4,17.5,21.7,21.7,0.0,11.0,65,21.1,48.6,154,Rain: Heavy,0,0,
35822,2021-06-14 00:40:00,40.86955,-73.91519,0,0,Passing or Lane Usage Improper,4427049,21.4,17.5,21.7,21.7,0.0,11.0,65,21.1,48.6,154,Rain: Heavy,0,0,
35823,2021-06-14 14:20:00,40.703674,-73.79087,0,0,Driver Inattention/Distraction,4427111,21.4,17.5,21.7,21.7,0.0,11.0,65,21.1,48.6,154,Rain: Heavy,0,0,
35824,2021-06-13 23:40:00,40.66796,-73.77155,0,0,Traffic Control Disregarded,4427919,23.9,15.0,0.2,0.2,0.0,2.0,51,17.7,35.6,185,Drizzle: Light,0,0,
35825,2021-06-14 03:00:00,40.65909,-73.75986,0,0,Unsafe Speed,4427144,21.4,17.5,21.7,21.7,0.0,11.0,65,21.1,48.6,154,Rain: Heavy,0,0,
35826,2021-06-14 17:35:00,40.678234,-73.89753,0,0,Reaction to Uninvolved Vehicle,4427245,21.4,17.5,21.7,21.7,0.0,11.0,65,21.1,48.6,154,Rain: Heavy,0,0,
35827,2021-06-08 12:30:00,40.673107,-73.99959,1,0,Driver Inattention/Distraction,4427876,30.1,22.0,5.9,5.9,0.0,9.0,61,16.6,34.6,215,Rain: Light,1,1,
35828,2021-06-14 06:40:00,40.732162,-73.73598,0,0,Driver Inattention/Distraction,4427533,21.4,17.5,21.7,21.7,0.0,11.0,65,21.1,48.6,154,Rain: Heavy,0,0,
35829,2021-06-06 15:50:00,40.694576,-73.95615,0,0,Failure to Yield Right-of-Way,4427763,31.0,20.0,0.0,0.0,0.0,0.0,1,16.6,32.4,222,Mainly clear,0,0,Sunny/Clear Conditions
35830,2021-06-14 13:06:00,40.76269,-73.98581,1,0,Unspecified,4427059,21.4,17.5,21.7,21.7,0.0,11.0,65,21.1,48.6,154,Rain: Heavy,1,1,
35831,2021-06-14 17:45:00,40.631924,-74.016495,0,0,Unspecified,4427160,21.4,17.5,21.7,21.7,0.0,11.0,65,21.1,48.6,154,Rain: Heavy,0,0,
35832,2021-06-14 05:00:00,40.720825,-74.00525,0,0,Unspecified,4426967,21.4,17.5,21.7,21.7,0.0,11.0,65,21.1,48.6,154,Rain: Heavy,0,0,
35833,2021-06-14 09:07:00,40.67357,-73.95294,1,0,Unspecified,4427125,21.4,17.5,21.7,21.7,0.0,11.0,65,21.1,48.6,154,Rain: Heavy,1,1,
35834,2021-06-14 04:25:00,40.596096,-73.76976,1,0,Passing or Lane Usage Improper,4427298,21.4,17.5,21.7,21.7,0.0,11.0,65,21.1,48.6,154,Rain: Heavy,1,1,
35835,2021-06-14 17:40:00,40.658234,-73.9321,0,0,Driver Inattention/Distraction,4427116,21.4,17.5,21.7,21.7,0.0,11.0,65,21.1,48.6,154,Rain: Heavy,0,0,
35836,2021-06-11 11:43:00,40.711018,-74.0108,1,0,Failure to Yield Right-of-Way,4427691,20.7,15.3,1.2,1.2,0.0,3.0,53,13.2,27.0,97,Drizzle: Moderate,1,1,
35837,2021-06-14 01:00:00,40.75595,-73.88165,0,0,Passing or Lane Usage Improper,4427405,21.4,17.5,21.7,21.7,0.0,11.0,65,21.1,48.6,154,Rain: Heavy,0,0,
35838,2021-06-14 01:00:00,40.709225,-73.843155,0,0,Failure to Yield Right-of-Way,4427182,21.4,17.5,21.7,21.7,0.0,11.0,65,21.1,48.6,154,Rain: Heavy,0,0,
35839,2021-06-14 17:35:00,40.82731,-73.87794,1,0,Unspecified,4427328,21.4,17.5,21.7,21.7,0.0,11.0,65,21.1,48.6,154,Rain: Heavy,1,1,
35840,2021-06-14 23:33:00,40.68509,-73.80518,2,0,Reaction to Uninvolved Vehicle,4427427,21.4,17.5,21.7,21.7,0.0,11.0,65,21.1,48.6,154,Rain: Heavy,2,2,
35841,2021-06-14 22:35:00,40.663822,-73.98224,0,0,Driver Inattention/Distraction,4427369,21.4,17.5,21.7,21.7,0.0,11.0,65,21.1,48.6,154,Rain: Heavy,0,0,
35842,2021-06-14 21:22:00,40.638626,-73.958855,1,0,Unspecified,4427233,21.4,17.5,21.7,21.7,0.0,11.0,65,21.1,48.6,154,Rain: Heavy,1,1,
35843,2021-06-14 06:12:00,40.760296,-73.90141,1,0,Driver Inattention/Distraction,4427632,21.4,17.5,21.7,21.7,0.0,11.0,65,21.1,48.6,154,Rain: Heavy,1,1,
35844,2021-06-14 13:00:00,40.655273,-73.93178,1,0,Failure to Yield Right-of-Way,4427815,21.4,17.5,21.7,21.7,0.0,11.0,65,21.1,48.6,154,Rain: Heavy,1,1,
35845,2021-06-14 06:25:00,40.7106,-73.98469,1,0,Driver Inattention/Distraction,4427176,21.4,17.5,21.7,21.7,0.0,11.0,65,21.1,48.6,154,Rain: Heavy,1,1,
35846,2021-06-10 16:12:00,40.811993,-73.909515,0,0,Unspecified,4427666,26.7,16.8,0.0,0.0,0.0,0.0,3,20.9,40.3,78,Overcast,0,0,
35847,2021-06-14 17:20:00,40.71277,-73.98849,1,0,Unspecified,4427167,21.4,17.5,21.7,21.7,0.0,11.0,65,21.1,48.6,154,Rain: Heavy,1,1,
35848,2021-06-14 05:20:00,40.61704,-74.00366,0,0,Fell Asleep,4426940,21.4,17.5,21.7,21.7,0.0,11.0,65,21.1,48.6,154,Rain: Heavy,0,0,
35849,2021-06-08 12:00:00,40.593388,-73.99477,0,0,Unspecified,4427723,30.1,22.0,5.9,5.9,0.0,9.0,61,16.6,34.6,215,Rain: Light,0,0,
35850,2021-06-14 14:46:00,40.82615,-73.87766,1,0,Turning Improperly,4427097,21.4,17.5,21.7,21.7,0.0,11.0,65,21.1,48.6,154,Rain: Heavy,1,1,
35851,2021-06-14 19:05:00,40.699165,-73.95548,1,0,Unspecified,4427202,21.4,17.5,21.7,21.7,0.0,11.0,65,21.1,48.6,154,Rain: Heavy,1,1,
35852,2021-06-13 16:25:00,40.6481,-73.91474,0,0,Driver Inattention/Distraction,4427812,23.9,15.0,0.2,0.2,0.0,2.0,51,17.7,35.6,185,Drizzle: Light,0,0,
35853,2021-06-14 06:04:00,40.74886,-73.93755,0,0,Failure to Yield Right-of-Way,4427564,21.4,17.5,21.7,21.7,0.0,11.0,65,21.1,48.6,154,Rain: Heavy,0,0,
35854,2021-06-14 12:41:00,40.734688,-73.95247,0,0,Passing or Lane Usage Improper,4427209,21.4,17.5,21.7,21.7,0.0,11.0,65,21.1,48.6,154,Rain: Heavy,0,0,
35855,2021-06-14 15:11:00,40.70042,-73.93452,2,0,Unsafe Speed,4427293,21.4,17.5,21.7,21.7,0.0,11.0,65,21.1,48.6,154,Rain: Heavy,2,2,
35856,2021-06-14 17:22:00,40.644615,-73.992905,0,0,Unspecified,4427611,21.4,17.5,21.7,21.7,0.0,11.0,65,21.1,48.6,154,Rain: Heavy,0,0,
35857,2021-06-14 12:40:00,40.680275,-73.8417,1,0,Backing Unsafely,4427192,21.4,17.5,21.7,21.7,0.0,11.0,65,21.1,48.6,154,Rain: Heavy,1,1,
35858,2021-06-14 00:00:00,40.69024,-73.99437,0,0,Passing Too Closely,4427155,21.4,17.5,21.7,21.7,0.0,11.0,65,21.1,48.6,154,Rain: Heavy,0,0,
35859,2021-06-09 19:50:00,40.68871,-73.95499,1,0,Driver Inexperience,4427698,30.2,21.4,1.1,1.1,0.0,5.0,51,11.7,28.1,286,Drizzle: Light,1,1,
35860,2021-06-10 16:43:00,40.581264,-74.11221,1,0,Unspecified,4427742,26.7,16.8,0.0,0.0,0.0,0.0,3,20.9,40.3,78,Overcast,1,1,
35861,2021-06-14 11:00:00,40.783897,-73.97407,0,0,Passing Too Closely,4427492,21.4,17.5,21.7,21.7,0.0,11.0,65,21.1,48.6,154,Rain: Heavy,0,0,
35862,2021-06-14 18:30:00,40.663174,-73.90477,0,0,Backing Unsafely,4427218,21.4,17.5,21.7,21.7,0.0,11.0,65,21.1,48.6,154,Rain: Heavy,0,0,
35863,2021-06-14 16:30:00,40.678238,-73.89454,0,0,Driver Inattention/Distraction,4427266,21.4,17.5,21.7,21.7,0.0,11.0,65,21.1,48.6,154,Rain: Heavy,0,0,
35864,2021-06-12 11:15:00,40.697018,-73.9976,0,0,Driver Inattention/Distraction,4427865,21.2,16.4,0.4,0.4,0.0,3.0,51,15.5,31.3,112,Drizzle: Light,0,0,
35865,2021-06-14 21:48:00,40.797,-73.93778,1,0,Unspecified,4427648,21.4,17.5,21.7,21.7,0.0,11.0,65,21.1,48.6,154,Rain: Heavy,1,1,
35866,2021-06-14 12:15:00,40.67619,-73.9081,0,0,Unspecified,4427284,21.4,17.5,21.7,21.7,0.0,11.0,65,21.1,48.6,154,Rain: Heavy,0,0,
35867,2021-06-14 20:00:00,40.693638,-73.913315,0,0,Unspecified,4427659,21.4,17.5,21.7,21.7,0.0,11.0,65,21.1,48.6,154,Rain: Heavy,0,0,
35868,2021-06-14 02:26:00,40.66929,-73.842445,0,0,Unsafe Lane Changing,4426822,21.4,17.5,21.7,21.7,0.0,11.0,65,21.1,48.6,154,Rain: Heavy,0,0,
35869,2022-02-18 15:15:00,40.81505,-73.92427,1,0,Unspecified,4504781,15.6,-2.8,11.9,11.9,0.0,6.0,63,44.1,79.2,261,Rain: Moderate,1,1,
35870,2021-06-14 12:10:00,40.669476,-73.919975,0,0,Driver Inattention/Distraction,4427699,21.4,17.5,21.7,21.7,0.0,11.0,65,21.1,48.6,154,Rain: Heavy,0,0,
35871,2021-06-14 16:15:00,40.636505,-73.94416,1,0,Traffic Control Disregarded,4427174,21.4,17.5,21.7,21.7,0.0,11.0,65,21.1,48.6,154,Rain: Heavy,1,1,
35872,2021-06-14 12:15:00,40.73887,-73.81036,1,0,Driver Inattention/Distraction,4427356,21.4,17.5,21.7,21.7,0.0,11.0,65,21.1,48.6,154,Rain: Heavy,1,1,
35873,2021-06-14 06:48:00,40.74441,-73.89881,0,0,Unspecified,4427086,21.4,17.5,21.7,21.7,0.0,11.0,65,21.1,48.6,154,Rain: Heavy,0,0,
35874,2021-06-14 13:30:00,40.846863,-73.90142,2,0,Other Vehicular,4427332,21.4,17.5,21.7,21.7,0.0,11.0,65,21.1,48.6,154,Rain: Heavy,2,2,
35875,2021-06-14 11:40:00,40.700443,-73.95077,1,0,Illnes,4427577,21.4,17.5,21.7,21.7,0.0,11.0,65,21.1,48.6,154,Rain: Heavy,1,1,
35876,2021-06-14 07:30:00,40.67158,-73.88911,0,0,Unspecified,4427255,21.4,17.5,21.7,21.7,0.0,11.0,65,21.1,48.6,154,Rain: Heavy,0,0,
35877,2021-06-14 15:40:00,40.880657,-73.877625,0,0,Aggressive Driving/Road Rage,4427465,21.4,17.5,21.7,21.7,0.0,11.0,65,21.1,48.6,154,Rain: Heavy,0,0,
35878,2021-06-14 09:30:00,40.592484,-73.78417,0,0,Illnes,4427299,21.4,17.5,21.7,21.7,0.0,11.0,65,21.1,48.6,154,Rain: Heavy,0,0,
35879,2021-06-14 10:00:00,40.66119,-73.933586,0,0,Driver Inattention/Distraction,4427115,21.4,17.5,21.7,21.7,0.0,11.0,65,21.1,48.6,154,Rain: Heavy,0,0,
35880,2021-06-14 14:00:00,40.627,-73.94476,0,0,Driver Inattention/Distraction,4427150,21.4,17.5,21.7,21.7,0.0,11.0,65,21.1,48.6,154,Rain: Heavy,0,0,
35881,2021-06-12 12:15:00,40.844376,-73.92178,0,0,Unspecified,4427975,21.2,16.4,0.4,0.4,0.0,3.0,51,15.5,31.3,112,Drizzle: Light,0,0,
35882,2021-06-14 13:05:00,40.5916,-73.960686,0,0,Unspecified,4427037,21.4,17.5,21.7,21.7,0.0,11.0,65,21.1,48.6,154,Rain: Heavy,0,0,
35883,2021-06-14 22:15:00,40.746937,-73.89862,0,0,Driver Inattention/Distraction,4427883,21.4,17.5,21.7,21.7,0.0,11.0,65,21.1,48.6,154,Rain: Heavy,0,0,
35884,2021-06-14 21:00:00,40.695824,-73.8211,0,0,Unspecified,4427309,21.4,17.5,21.7,21.7,0.0,11.0,65,21.1,48.6,154,Rain: Heavy,0,0,
35885,2021-06-14 16:44:00,40.744457,-73.88816,0,0,Unspecified,4427198,21.4,17.5,21.7,21.7,0.0,11.0,65,21.1,48.6,154,Rain: Heavy,0,0,
35886,2021-06-07 17:17:00,40.710396,-74.00561,0,0,Unspecified,4427774,31.0,20.7,0.1,0.1,0.0,1.0,51,16.5,34.9,204,Drizzle: Light,0,0,
35887,2024-10-07 19:30:00,40.68668,-73.95958,0,0,Passing or Lane Usage Improper,4763285,23.0,14.9,6.2,6.2,0.0,7.0,63,18.7,36.0,281,Rain: Moderate,0,0,
35888,2021-06-14 09:57:00,40.61661,-73.956856,0,0,Driver Inattention/Distraction,4427117,21.4,17.5,21.7,21.7,0.0,11.0,65,21.1,48.6,154,Rain: Heavy,0,0,
35889,2021-06-14 19:10:00,40.610523,-74.00806,1,0,Driver Inexperience,4427156,21.4,17.5,21.7,21.7,0.0,11.0,65,21.1,48.6,154,Rain: Heavy,1,1,
35890,2021-06-14 23:20:00,40.71935,-73.91233,0,0,Oversized Vehicle,4427493,21.4,17.5,21.7,21.7,0.0,11.0,65,21.1,48.6,154,Rain: Heavy,0,0,
35891,2021-06-14 09:48:00,40.753765,-73.80489,1,0,Failure to Yield Right-of-Way,4427381,21.4,17.5,21.7,21.7,0.0,11.0,65,21.1,48.6,154,Rain: Heavy,1,1,
35892,2021-06-14 19:45:00,40.75472,-73.87384,0,0,Driver Inattention/Distraction,4427406,21.4,17.5,21.7,21.7,0.0,11.0,65,21.1,48.6,154,Rain: Heavy,0,0,
35893,2021-06-14 07:08:00,40.827133,-73.81973,0,0,Unspecified,4427016,21.4,17.5,21.7,21.7,0.0,11.0,65,21.1,48.6,154,Rain: Heavy,0,0,
35894,2022-07-01 04:15:00,40.707783,-73.932076,1,0,Fell Asleep,4543404,33.7,20.2,0.1,0.1,0.0,1.0,51,32.3,58.0,215,Drizzle: Light,1,1,
35895,2021-06-14 10:54:00,40.592846,-73.79616,0,0,Following Too Closely,4427072,21.4,17.5,21.7,21.7,0.0,11.0,65,21.1,48.6,154,Rain: Heavy,0,0,
35896,2021-06-14 03:15:00,40.737885,-73.98091,0,0,Unspecified,4426965,21.4,17.5,21.7,21.7,0.0,11.0,65,21.1,48.6,154,Rain: Heavy,0,0,
35897,2021-06-14 08:00:00,40.618786,-74.00807,0,0,Driver Inattention/Distraction,4427161,21.4,17.5,21.7,21.7,0.0,11.0,65,21.1,48.6,154,Rain: Heavy,0,0,
35898,2021-06-14 14:01:00,40.62495,-74.14521,0,0,Passing Too Closely,4427376,21.4,17.5,21.7,21.7,0.0,11.0,65,21.1,48.6,154,Rain: Heavy,0,0,
35899,2021-06-14 13:40:00,40.689365,-73.9058,0,0,Passing Too Closely,4427296,21.4,17.5,21.7,21.7,0.0,11.0,65,21.1,48.6,154,Rain: Heavy,0,0,
35900,2021-06-14 14:10:00,40.826275,-73.85971,0,0,Unspecified,4427108,21.4,17.5,21.7,21.7,0.0,11.0,65,21.1,48.6,154,Rain: Heavy,0,0,
35901,2021-06-03 14:16:00,40.620472,-74.15271,1,0,Driver Inattention/Distraction,4427741,23.0,13.2,11.9,11.9,0.0,10.0,63,13.6,38.9,165,Rain: Moderate,1,1,
35902,2021-06-14 15:53:00,40.830154,-73.93964,1,0,Illnes,4427677,21.4,17.5,21.7,21.7,0.0,11.0,65,21.1,48.6,154,Rain: Heavy,1,1,
35903,2021-06-14 06:50:00,40.699047,-73.95649,0,0,Passing Too Closely,4427203,21.4,17.5,21.7,21.7,0.0,11.0,65,21.1,48.6,154,Rain: Heavy,0,0,
35904,2021-06-14 22:15:00,40.67063,-73.75643,1,0,Unspecified,4427183,21.4,17.5,21.7,21.7,0.0,11.0,65,21.1,48.6,154,Rain: Heavy,1,1,
35905,2021-06-14 09:44:00,40.742188,-73.91891,1,0,Driver Inattention/Distraction,4427526,21.4,17.5,21.7,21.7,0.0,11.0,65,21.1,48.6,154,Rain: Heavy,1,1,
35906,2021-06-14 12:03:00,40.6867,-73.9982,0,0,Unspecified,4427619,21.4,17.5,21.7,21.7,0.0,11.0,65,21.1,48.6,154,Rain: Heavy,0,0,
35907,2021-06-14 11:40:00,40.72127,-73.94547,0,0,Driver Inattention/Distraction,4427210,21.4,17.5,21.7,21.7,0.0,11.0,65,21.1,48.6,154,Rain: Heavy,0,0,
35908,2021-06-14 10:00:00,40.885952,-73.8279,0,0,Unsafe Lane Changing,4427098,21.4,17.5,21.7,21.7,0.0,11.0,65,21.1,48.6,154,Rain: Heavy,0,0,