,CRASH DATETIME,LATITUDE,LONGITUDE,NUMBER OF PERSONS INJURED,NUMBER OF PERSONS KILLED,CONTRIBUTING FACTOR VEHICLE 1,COLLISION_ID,temperature_2m_max,temperature_2m_min,precipitation_sum,rain_sum,snowfall_sum,precipitation_hours,weather_code,wind_speed_10m_max,wind_gusts_10m_max,wind_direction_10m_dominant,Weather Description,Severity_Score,Total_Affected_Persons,Weather_Category
35909,2021-06-14 03:34:00,40.86114,-73.91894,0,0,Unsafe Speed,4427057,21.4,17.5,21.7,21.7,0.0,11.0,65,21.1,48.6,154,Rain: Heavy,0,0,
35910,2021-06-14 13:20:00,40.593742,-73.96085,0,0,Driver Inattention/Distraction,4427762,21.4,17.5,21.7,21.7,0.0,11.0,65,21.1,48.6,154,Rain: Heavy,0,0,
35911,2021-06-14 18:56:00,40.833614,-73.860855,0,0,Unspecified,4427327,21.4,17.5,21.7,21.7,0.0,11.0,65,21.1,48.6,154,Rain: Heavy,0,0,
35912,2021-06-14 13:50:00,40.66709,-73.76376,0,0,Failure to Yield Right-of-Way,4427426,21.4,17.5,21.7,21.7,0.0,11.0,65,21.1,48.6,154,Rain: Heavy,0,0,
35913,2021-06-14 15:45:00,40.743114,-73.77114,0,0,Following Too Closely,4427131,21.4,17.5,21.7,21.7,0.0,11.0,65,21.1,48.6,154,Rain: Heavy,0,0,
35914,2021-06-14 16:00:00,40.579247,-74.16917,1,0,Driver Inattention/Distraction,4427238,21.4,17.5,21.7,21.7,0.0,11.0,65,21.1,48.6,154,Rain: Heavy,1,1,
35915,2021-06-14 18:00:00,40.79996,-73.94698,0,0,Following Too Closely,4427368,21.4,17.5,21.7,21.7,0.0,11.0,65,21.1,48.6,154,Rain: Heavy,0,0,
35916,2021-06-14 15:00:00,40.68556,-73.90719,0,0,Driver Inattention/Distraction,4427292,21.4,17.5,21.7,21.7,0.0,11.0,65,21.1,48.6,154,Rain: Heavy,0,0,
35917,2021-06-14 08:13:00,40.753387,-73.99631,0,0,Driver Inattention/Distraction,4426951,21.4,17.5,21.7,21.7,0.0,11.0,65,21.1,48.6,154,Rain: Heavy,0,0,
35918,2021-06-14 18:40:00,40.761913,-73.76713,0,0,Unspecified,4427164,21.4,17.5,21.7,21.7,0.0,11.0,65,21.1,48.6,154,Rain: Heavy,0,0,
35919,2021-06-14 18:28:00,40.63003,-73.990166,1,0,Unspecified,4427944,21.4,17.5,21.7,21.7,0.0,11.0,65,21.1,48.6,154,Rain: Heavy,1,1,
35920,2021-06-14 00:45:00,40.850456,-73.899315,0,0,Unspecified,4427248,21.4,17.5,21.7,21.7,0.0,11.0,65,21.1,48.6,154,Rain: Heavy,0,0,
35921,2021-06-14 17:20:00,40.622414,-73.896484,0,0,Following Too Closely,4427139,21.4,17.5,21.7,21.7,0.0,11.0,65,21.1,48.6,154,Rain: Heavy,0,0,
35922,2021-06-14 02:46:00,40.66755,-73.773575,1,0,Driver Inattention/Distraction,4427686,21.4,17.5,21.7,21.7,0.0,11.0,65,21.1,48.6,154,Rain: Heavy,1,1,
35923,2021-06-11 13:45:00,40.68431,-73.95411,1,0,Unsafe Speed,4427725,20.7,15.3,1.2,1.2,0.0,3.0,53,13.2,27.0,97,Drizzle: Moderate,1,1,
35924,2021-06-14 14:19:00,40.688877,-73.98991,0,0,Driver Inattention/Distraction,4427560,21.4,17.5,21.7,21.7,0.0,11.0,65,21.1,48.6,154,Rain: Heavy,0,0,
35925,2021-06-05 09:30:00,40.678543,-73.949684,1,0,Driver Inexperience,4427813,31.3,17.3,0.0,0.0,0.0,0.0,2,20.9,43.9,247,Partly cloudy,1,1,
35926,2021-06-14 17:20:00,40.75411,-73.898705,0,0,Driver Inattention/Distraction,4427178,21.4,17.5,21.7,21.7,0.0,11.0,65,21.1,48.6,154,Rain: Heavy,0,0,
35927,2021-06-14 21:49:00,40.63836,-73.981476,0,0,Unspecified,4427612,21.4,17.5,21.7,21.7,0.0,11.0,65,21.1,48.6,154,Rain: Heavy,0,0,
35928,2021-06-13 21:39:00,40.767647,-73.92078,0,0,Driver Inattention/Distraction,4427920,23.9,15.0,0.2,0.2,0.0,2.0,51,17.7,35.6,185,Drizzle: Light,0,0,
35929,2021-06-14 17:00:00,40.58455,-74.109985,0,0,Unspecified,4427316,21.4,17.5,21.7,21.7,0.0,11.0,65,21.1,48.6,154,Rain: Heavy,0,0,
35930,2021-06-14 06:00:00,40.702663,-73.86553,0,0,Unspecified,4427089,21.4,17.5,21.7,21.7,0.0,11.0,65,21.1,48.6,154,Rain: Heavy,0,0,
35931,2021-06-14 16:05:00,40.712784,-73.7833,0,0,Driver Inattention/Distraction,4427357,21.4,17.5,21.7,21.7,0.0,11.0,65,21.1,48.6,154,Rain: Heavy,0,0,
35932,2021-06-14 08:49:00,40.88031,-73.91854,1,0,Unspecified,4427772,21.4,17.5,21.7,21.7,0.0,11.0,65,21.1,48.6,154,Rain: Heavy,1,1,
35933,2021-06-14 08:06:00,40.82407,-73.902596,0,0,View Obstructed/Limited,4427303,21.4,17.5,21.7,21.7,0.0,11.0,65,21.1,48.6,154,Rain: Heavy,0,0,
35934,2021-06-14 09:30:00,40.614563,-73.994804,0,0,Unspecified,4427070,21.4,17.5,21.7,21.7,0.0,11.0,65,21.1,48.6,154,Rain: Heavy,0,0,
35935,2021-06-14 17:00:00,40.638367,-73.95584,0,0,Unspecified,4427121,21.4,17.5,21.7,21.7,0.0,11.0,65,21.1,48.6,154,Rain: Heavy,0,0,
35936,2021-06-14 16:00:00,40.667427,-73.91892,0,0,Unspecified,4427442,21.4,17.5,21.7,21.7,0.0,11.0,65,21.1,48.6,154,Rain: Heavy,0,0,
35937,2021-06-14 17:14:00,40.843678,-73.89426,0,0,Driver Inattention/Distraction,4427417,21.4,17.5,21.7,21.7,0.0,11.0,65,21.1,48.6,154,Rain: Heavy,0,0,
35938,2021-06-14 09:20:00,40.862717,-73.9023,0,0,Driver Inattention/Distraction,4427038,21.4,17.5,21.7,21.7,0.0,11.0,65,21.1,48.6,154,Rain: Heavy,0,0,
35939,2021-06-07 15:42:00,40.639614,-73.93202,1,0,Unspecified,4427814,31.0,20.7,0.1,0.1,0.0,1.0,51,16.5,34.9,204,Drizzle: Light,1,1,
35940,2021-06-14 14:40:00,40.760624,-73.81769,1,0,Failure to Yield Right-of-Way,4427217,21.4,17.5,21.7,21.7,0.0,11.0,65,21.1,48.6,154,Rain: Heavy,1,1,
35941,2021-06-12 16:21:00,40.7011,-73.84157,1,0,Pedestrian/Bicyclist/Other Pedestrian Error/Confusion,4427696,21.2,16.4,0.4,0.4,0.0,3.0,51,15.5,31.3,112,Drizzle: Light,1,1,
35942,2021-06-11 18:40:00,40.752308,-73.86808,1,0,Following Too Closely,4427702,20.7,15.3,1.2,1.2,0.0,3.0,53,13.2,27.0,97,Drizzle: Moderate,1,1,
35943,2021-06-14 06:24:00,40.844154,-73.89443,0,0,Driver Inattention/Distraction,4426870,21.4,17.5,21.7,21.7,0.0,11.0,65,21.1,48.6,154,Rain: Heavy,0,0,
35944,2021-06-08 10:00:00,40.681137,-73.95567,0,0,Driver Inattention/Distraction,4427970,30.1,22.0,5.9,5.9,0.0,9.0,61,16.6,34.6,215,Rain: Light,0,0,
35945,2021-06-14 18:15:00,40.65749,-73.893074,0,0,Reaction to Uninvolved Vehicle,4427262,21.4,17.5,21.7,21.7,0.0,11.0,65,21.1,48.6,154,Rain: Heavy,0,0,
35946,2021-06-14 15:00:00,40.681057,-74.00856,1,0,Driver Inattention/Distraction,4427285,21.4,17.5,21.7,21.7,0.0,11.0,65,21.1,48.6,154,Rain: Heavy,1,1,
35947,2021-06-13 04:50:00,40.642197,-73.94284,0,0,Unspecified,4427808,23.9,15.0,0.2,0.2,0.0,2.0,51,17.7,35.6,185,Drizzle: Light,0,0,
35948,2022-07-02 04:19:00,40.66552,-73.74467,0,0,Pavement Defective,4542702,30.8,23.1,4.0,4.0,0.0,5.0,61,19.4,40.0,229,Rain: Light,0,0,
35949,2021-06-14 14:40:00,40.869804,-73.87928,0,0,Reaction to Uninvolved Vehicle,4427467,21.4,17.5,21.7,21.7,0.0,11.0,65,21.1,48.6,154,Rain: Heavy,0,0,
35950,2021-06-14 17:50:00,40.666588,-73.80809,1,0,Unsafe Lane Changing,4427197,21.4,17.5,21.7,21.7,0.0,11.0,65,21.1,48.6,154,Rain: Heavy,1,1,
35951,2021-06-03 13:30:00,40.711338,-73.92513,0,0,Passing Too Closely,4427890,23.0,13.2,11.9,11.9,0.0,10.0,63,13.6,38.9,165,Rain: Moderate,0,0,
35952,2021-06-14 22:00:00,40.653454,-73.88466,0,0,Following Too Closely,4427267,21.4,17.5,21.7,21.7,0.0,11.0,65,21.1,48.6,154,Rain: Heavy,0,0,
35953,2021-06-14 08:49:00,40.63464,-74.14087,2,0,Failure to Yield Right-of-Way,4427012,21.4,17.5,21.7,21.7,0.0,11.0,65,21.1,48.6,154,Rain: Heavy,2,2,
35954,2021-06-14 10:15:00,40.638268,-74.14368,0,0,Driver Inattention/Distraction,4427339,21.4,17.5,21.7,21.7,0.0,11.0,65,21.1,48.6,154,Rain: Heavy,0,0,
35955,2021-06-14 23:25:00,40.71935,-73.91233,0,0,Unspecified,4427495,21.4,17.5,21.7,21.7,0.0,11.0,65,21.1,48.6,154,Rain: Heavy,0,0,
35956,2021-06-14 11:55:00,40.623043,-74.02939,0,0,Unspecified,4427157,21.4,17.5,21.7,21.7,0.0,11.0,65,21.1,48.6,154,Rain: Heavy,0,0,
35957,2021-06-14 15:18:00,40.74425,-73.7334,0,0,Following Too Closely,4427147,21.4,17.5,21.7,21.7,0.0,11.0,65,21.1,48.6,154,Rain: Heavy,0,0,
35958,2021-06-14 22:10:00,40.71388,-73.75404,3,0,Driver Inattention/Distraction,4427384,21.4,17.5,21.7,21.7,0.0,11.0,65,21.1,48.6,154,Rain: Heavy,3,3,
35959,2021-06-14 17:00:00,40.814575,-73.90191,0,0,Unspecified,4427840,21.4,17.5,21.7,21.7,0.0,11.0,65,21.1,48.6,154,Rain: Heavy,0,0,
35960,2021-06-14 06:50:00,40.689144,-73.99071,0,0,Driver Inexperience,4427191,21.4,17.5,21.7,21.7,0.0,11.0,65,21.1,48.6,154,Rain: Heavy,0,0,
35961,2021-06-14 14:10:00,40.775444,-73.828445,0,0,Tire Failure/Inadequate,4427223,21.4,17.5,21.7,21.7,0.0,11.0,65,21.1,48.6,154,Rain: Heavy,0,0,
35962,2021-06-14 01:44:00,40.69862,-73.920135,0,0,Alcohol Involvement,4427660,21.4,17.5,21.7,21.7,0.0,11.0,65,21.1,48.6,154,Rain: Heavy,0,0,
35963,2022-07-02 10:40:00,40.826412,-73.9406,0,0,Driver Inattention/Distraction,4543189,30.8,23.1,4.0,4.0,0.0,5.0,61,19.4,40.0,229,Rain: Light,0,0,
35964,2021-06-14 12:00:00,40.674255,-73.89749,0,0,Unspecified,4427252,21.4,17.5,21.7,21.7,0.0,11.0,65,21.1,48.6,154,Rain: Heavy,0,0,
35965,2021-06-14 21:00:00,40.745594,-73.9034,1,0,Failure to Yield Right-of-Way,4427179,21.4,17.5,21.7,21.7,0.0,11.0,65,21.1,48.6,154,Rain: Heavy,1,1,
35966,2021-06-14 20:35:00,40.83489,-73.93776,2,0,Driver Inattention/Distraction,4427678,21.4,17.5,21.7,21.7,0.0,11.0,65,21.1,48.6,154,Rain: Heavy,2,2,
35967,2021-06-14 23:30:00,40.675762,-73.81688,1,0,Reaction to Uninvolved Vehicle,4427205,21.4,17.5,21.7,21.7,0.0,11.0,65,21.1,48.6,154,Rain: Heavy,1,1,
35968,2021-10-10 16:55:00,40.75855,-73.89253,1,0,Driver Inexperience,4465874,18.5,16.0,2.4,2.4,0.0,8.0,53,27.2,52.6,52,Drizzle: Moderate,1,1,
35969,2021-10-10 09:00:00,40.649395,-73.9417,0,0,Unsafe Speed,4465912,18.5,16.0,2.4,2.4,0.0,8.0,53,27.2,52.6,52,Drizzle: Moderate,0,0,
35970,2021-10-10 13:28:00,40.797714,-73.96132,0,0,Passing Too Closely,4465768,18.5,16.0,2.4,2.4,0.0,8.0,53,27.2,52.6,52,Drizzle: Moderate,0,0,
35971,2022-07-02 09:00:00,40.698673,-73.94006,0,0,Passing or Lane Usage Improper,4542989,30.8,23.1,4.0,4.0,0.0,5.0,61,19.4,40.0,229,Rain: Light,0,0,
35972,2021-10-10 12:25:00,40.635727,-73.99629,0,0,Unspecified,4466195,18.5,16.0,2.4,2.4,0.0,8.0,53,27.2,52.6,52,Drizzle: Moderate,0,0,
35973,2022-07-02 03:01:00,40.66112,-73.920135,1,0,Unspecified,4543313,30.8,23.1,4.0,4.0,0.0,5.0,61,19.4,40.0,229,Rain: Light,1,1,
35974,2022-06-30 13:10:00,40.65477,-74.00708,2,0,Other Vehicular,4543352,31.2,17.3,0.0,0.0,0.0,0.0,2,19.1,37.4,274,Partly cloudy,2,2,
35975,2021-10-10 19:45:00,40.78009,-73.9194,0,0,Driver Inattention/Distraction,4465989,18.5,16.0,2.4,2.4,0.0,8.0,53,27.2,52.6,52,Drizzle: Moderate,0,0,
35976,2022-07-01 22:18:00,40.84023,-73.880104,0,1,Unspecified,4543260,33.7,20.2,0.1,0.1,0.0,1.0,51,32.3,58.0,215,Drizzle: Light,20,1,
35977,2021-10-10 14:48:00,40.638878,-74.00605,1,0,Unspecified,4466050,18.5,16.0,2.4,2.4,0.0,8.0,53,27.2,52.6,52,Drizzle: Moderate,1,1,
35978,2021-10-10 23:25:00,40.640827,-73.950424,1,0,,4465924,18.5,16.0,2.4,2.4,0.0,8.0,53,27.2,52.6,52,Drizzle: Moderate,1,1,
35979,2021-10-10 11:30:00,40.67227,-73.89596,0,0,Driver Inattention/Distraction,4466128,18.5,16.0,2.4,2.4,0.0,8.0,53,27.2,52.6,52,Drizzle: Moderate,0,0,
35980,2022-07-02 22:55:00,40.756287,-73.860725,2,0,Alcohol Involvement,4542834,30.8,23.1,4.0,4.0,0.0,5.0,61,19.4,40.0,229,Rain: Light,2,2,
35981,2021-10-10 18:22:00,40.665257,-73.739555,1,0,Unspecified,4465881,18.5,16.0,2.4,2.4,0.0,8.0,53,27.2,52.6,52,Drizzle: Moderate,1,1,
35982,2022-07-02 13:23:00,40.62577,-73.9113,0,0,Other Vehicular,4543002,30.8,23.1,4.0,4.0,0.0,5.0,61,19.4,40.0,229,Rain: Light,0,0,
35983,2022-07-02 20:55:00,40.64424,-73.953514,0,0,Unspecified,4543305,30.8,23.1,4.0,4.0,0.0,5.0,61,19.4,40.0,229,Rain: Light,0,0,
35984,2021-10-10 19:00:00,40.73815,-73.86543,0,0,Driver Inattention/Distraction,4466075,18.5,16.0,2.4,2.4,0.0,8.0,53,27.2,52.6,52,Drizzle: Moderate,0,0,
35985,2021-10-10 22:40:00,40.789024,-73.8077,0,0,,4465929,18.5,16.0,2.4,2.4,0.0,8.0,53,27.2,52.6,52,Drizzle: Moderate,0,0,
35986,2021-10-10 17:58:00,40.747375,-73.87912,1,0,Pedestrian/Bicyclist/Other Pedestrian Error/Confusion,4466077,18.5,16.0,2.4,2.4,0.0,8.0,53,27.2,52.6,52,Drizzle: Moderate,1,1,
35987,2021-10-10 02:36:00,40.5432177,-74.1498384,0,0,Unsafe Speed,4466396,18.5,16.0,2.4,2.4,0.0,8.0,53,27.2,52.6,52,Drizzle: Moderate,0,0,
35988,2021-10-10 01:30:00,40.69423,-73.737274,1,0,Unsafe Speed,4465627,18.5,16.0,2.4,2.4,0.0,8.0,53,27.2,52.6,52,Drizzle: Moderate,1,1,
35989,2022-06-26 14:00:00,40.593056,-73.77532,0,0,Unspecified,4543214,30.8,19.9,0.0,0.0,0.0,0.0,3,30.9,55.8,188,Overcast,0,0,
35990,2021-10-10 04:00:00,40.76265,-73.77755,0,0,Driver Inattention/Distraction,4465908,18.5,16.0,2.4,2.4,0.0,8.0,53,27.2,52.6,52,Drizzle: Moderate,0,0,
35991,2022-07-02 09:16:00,40.62368,-74.028,1,0,Illnes,4542668,30.8,23.1,4.0,4.0,0.0,5.0,61,19.4,40.0,229,Rain: Light,1,1,
35992,2022-06-30 15:45:00,40.603134,-73.75527,0,0,Passing Too Closely,4543249,31.2,17.3,0.0,0.0,0.0,0.0,2,19.1,37.4,274,Partly cloudy,0,0,
35993,2022-07-02 18:20:00,40.705746,-73.8097,1,0,Driver Inexperience,4542778,30.8,23.1,4.0,4.0,0.0,5.0,61,19.4,40.0,229,Rain: Light,1,1,
35994,2022-06-27 15:48:00,40.595257,-73.74849,1,0,Unsafe Speed,4543228,26.2,19.8,11.7,11.7,0.0,9.0,63,20.5,43.2,224,Rain: Moderate,1,1,
35995,2021-10-10 02:02:00,40.81505,-73.92427,4,0,Driver Inattention/Distraction,4465645,18.5,16.0,2.4,2.4,0.0,8.0,53,27.2,52.6,52,Drizzle: Moderate,4,4,
35996,2022-06-24 15:44:00,40.609856,-73.75458,0,0,Driver Inattention/Distraction,4543196,26.7,14.6,1.0,1.0,0.0,6.0,51,19.2,37.4,204,Drizzle: Light,0,0,
35997,2021-10-10 11:30:00,40.64531,-73.94608,0,0,Unspecified,4465879,18.5,16.0,2.4,2.4,0.0,8.0,53,27.2,52.6,52,Drizzle: Moderate,0,0,
35998,2021-10-10 10:51:00,40.730114,-73.802376,0,0,Tire Failure/Inadequate,4466038,18.5,16.0,2.4,2.4,0.0,8.0,53,27.2,52.6,52,Drizzle: Moderate,0,0,
35999,2022-07-02 09:27:00,40.8315,-73.82697,3,0,Unspecified,4543080,30.8,23.1,4.0,4.0,0.0,5.0,61,19.4,40.0,229,Rain: Light,3,3,
36000,2021-10-10 01:24:00,40.815845,-73.95287,0,0,Passing or Lane Usage Improper,4465925,18.5,16.0,2.4,2.4,0.0,8.0,53,27.2,52.6,52,Drizzle: Moderate,0,0,
36001,2022-06-30 10:20:00,0.0,0.0,0,0,Unspecified,4543360,31.2,17.3,0.0,0.0,0.0,0.0,2,19.1,37.4,274,Partly cloudy,0,0,
36002,2022-07-02 18:51:00,40.7032,-73.7892,0,0,Alcohol Involvement,4543149,30.8,23.1,4.0,4.0,0.0,5.0,61,19.4,40.0,229,Rain: Light,0,0,
36003,2021-10-10 19:25:00,40.682377,-73.767166,1,0,Passing Too Closely,4465977,18.5,16.0,2.4,2.4,0.0,8.0,53,27.2,52.6,52,Drizzle: Moderate,1,1,
36004,2022-07-01 16:16:00,40.78202,-73.97173,0,0,Driver Inattention/Distraction,4543307,33.7,20.2,0.1,0.1,0.0,1.0,51,32.3,58.0,215,Drizzle: Light,0,0,
36005,2022-07-02 16:49:00,40.595932,-73.75963,2,0,Unspecified,4543256,30.8,23.1,4.0,4.0,0.0,5.0,61,19.4,40.0,229,Rain: Light,2,2,
36006,2021-10-10 02:40:00,40.676895,-73.93593,0,0,Driver Inattention/Distraction,4465767,18.5,16.0,2.4,2.4,0.0,8.0,53,27.2,52.6,52,Drizzle: Moderate,0,0,
36007,2021-10-10 17:45:00,40.877636,-73.867424,0,0,Driver Inattention/Distraction,4465841,18.5,16.0,2.4,2.4,0.0,8.0,53,27.2,52.6,52,Drizzle: Moderate,0,0,
36008,2022-06-04 04:59:00,40.71702,-73.830505,2,0,Driver Inattention/Distraction,4543275,27.0,13.4,0.0,0.0,0.0,0.0,1,20.9,40.0,244,Mainly clear,2,2,Sunny/Clear Conditions
36009,2021-10-10 06:07:00,40.71458,-73.943954,0,0,Unspecified,4465901,18.5,16.0,2.4,2.4,0.0,8.0,53,27.2,52.6,52,Drizzle: Moderate,0,0,
36010,2021-10-10 13:46:00,40.635323,-74.02025,0,0,Driver Inattention/Distraction,4465742,18.5,16.0,2.4,2.4,0.0,8.0,53,27.2,52.6,52,Drizzle: Moderate,0,0,
36011,2021-10-10 23:55:00,40.692196,-73.92488,0,0,Driver Inattention/Distraction,4466083,18.5,16.0,2.4,2.4,0.0,8.0,53,27.2,52.6,52,Drizzle: Moderate,0,0,
36012,2021-10-10 11:50:00,40.65207,-74.00676,1,0,Failure to Yield Right-of-Way,4466199,18.5,16.0,2.4,2.4,0.0,8.0,53,27.2,52.6,52,Drizzle: Moderate,1,1,
36013,2021-10-06 07:03:00,40.6918236,-73.9222292,0,0,Unspecified,4466361,20.3,16.0,0.1,0.1,0.0,1.0,51,6.5,14.0,28,Drizzle: Light,0,0,
36014,2021-10-10 05:45:00,40.69759,-73.90194,1,0,Other Vehicular,4465786,18.5,16.0,2.4,2.4,0.0,8.0,53,27.2,52.6,52,Drizzle: Moderate,1,1,
36015,2021-10-10 15:40:00,40.644657,-73.95664,5,0,Unspecified,4465938,18.5,16.0,2.4,2.4,0.0,8.0,53,27.2,52.6,52,Drizzle: Moderate,5,5,
36016,2022-07-02 23:55:00,40.716793,-73.92155,1,0,Unspecified,4542998,30.8,23.1,4.0,4.0,0.0,5.0,61,19.4,40.0,229,Rain: Light,1,1,
36017,2022-06-28 12:55:00,40.595787,-73.76761,3,0,Driver Inattention/Distraction,4543232,27.5,19.1,0.0,0.0,0.0,0.0,3,14.4,28.4,334,Overcast,3,3,
36018,2021-10-10 18:40:00,40.884827,-73.8261,0,0,Unsafe Speed,4465889,18.5,16.0,2.4,2.4,0.0,8.0,53,27.2,52.6,52,Drizzle: Moderate,0,0,
36019,2021-10-10 06:30:00,40.69119,-73.78409,0,0,Failure to Yield Right-of-Way,4465953,18.5,16.0,2.4,2.4,0.0,8.0,53,27.2,52.6,52,Drizzle: Moderate,0,0,
36020,2022-07-02 16:44:00,40.8382,-73.92371,1,0,Traffic Control Disregarded,4543164,30.8,23.1,4.0,4.0,0.0,5.0,61,19.4,40.0,229,Rain: Light,1,1,
36021,2022-07-02 14:04:00,40.610703,-73.97959,1,0,Brakes Defective,4542756,30.8,23.1,4.0,4.0,0.0,5.0,61,19.4,40.0,229,Rain: Light,1,1,
36022,2021-10-10 22:30:00,40.78202,-73.97173,0,0,Traffic Control Disregarded,4466171,18.5,16.0,2.4,2.4,0.0,8.0,53,27.2,52.6,52,Drizzle: Moderate,0,0,
36023,2022-07-02 19:40:00,40.69931,-73.75736,1,0,Unsafe Speed,4543173,30.8,23.1,4.0,4.0,0.0,5.0,61,19.4,40.0,229,Rain: Light,1,1,
36024,2021-10-10 18:45:00,40.7448,-73.953415,1,0,Driver Inattention/Distraction,4465869,18.5,16.0,2.4,2.4,0.0,8.0,53,27.2,52.6,52,Drizzle: Moderate,1,1,
36025,2021-10-10 22:24:00,40.651264,-74.003914,0,0,Unspecified,4466218,18.5,16.0,2.4,2.4,0.0,8.0,53,27.2,52.6,52,Drizzle: Moderate,0,0,
36026,2021-10-10 05:53:00,40.674034,-73.85803,0,0,Animals Action,4466010,18.5,16.0,2.4,2.4,0.0,8.0,53,27.2,52.6,52,Drizzle: Moderate,0,0,
36027,2022-07-02 14:59:00,40.6952,-73.92844,1,0,Following Too Closely,4542871,30.8,23.1,4.0,4.0,0.0,5.0,61,19.4,40.0,229,Rain: Light,1,1,
36028,2021-10-10 15:00:00,40.66798,-73.893845,0,0,Driver Inattention/Distraction,4466057,18.5,16.0,2.4,2.4,0.0,8.0,53,27.2,52.6,52,Drizzle: Moderate,0,0,
36029,2022-07-02 00:00:00,40.693005,-73.789856,0,0,Driver Inattention/Distraction,4543154,30.8,23.1,4.0,4.0,0.0,5.0,61,19.4,40.0,229,Rain: Light,0,0,
36030,2021-10-10 10:11:00,40.654594,-73.93461,0,0,Unspecified,4465911,18.5,16.0,2.4,2.4,0.0,8.0,53,27.2,52.6,52,Drizzle: Moderate,0,0,
36031,2022-07-02 17:20:00,40.781666,-73.986694,0,0,Unspecified,4543323,30.8,23.1,4.0,4.0,0.0,5.0,61,19.4,40.0,229,Rain: Light,0,0,
36032,2022-07-02 20:00:00,40.721397,-73.95605,0,0,Unspecified,4543040,30.8,23.1,4.0,4.0,0.0,5.0,61,19.4,40.0,229,Rain: Light,0,0,
36033,2021-10-10 21:43:00,40.6769,-73.78158,0,0,Following Too Closely,4465952,18.5,16.0,2.4,2.4,0.0,8.0,53,27.2,52.6,52,Drizzle: Moderate,0,0,
36034,2022-06-29 14:30:00,40.867916,-73.84132,0,0,Driver Inattention/Distraction,4543333,29.0,17.7,0.0,0.0,0.0,0.0,3,27.2,51.5,195,Overcast,0,0,
36035,2021-10-10 01:50:00,40.84219,-73.89411,0,0,Aggressive Driving/Road Rage,4465696,18.5,16.0,2.4,2.4,0.0,8.0,53,27.2,52.6,52,Drizzle: Moderate,0,0,
36036,2021-10-10 18:15:00,40.87746,-73.853745,0,0,Failure to Yield Right-of-Way,4466064,18.5,16.0,2.4,2.4,0.0,8.0,53,27.2,52.6,52,Drizzle: Moderate,0,0,
36037,2021-10-10 12:34:00,40.705513,-73.93808,0,0,Driver Inattention/Distraction,4465846,18.5,16.0,2.4,2.4,0.0,8.0,53,27.2,52.6,52,Drizzle: Moderate,0,0,
36038,2022-07-02 01:19:00,40.689735,-73.72674,1,0,Unsafe Lane Changing,4542607,30.8,23.1,4.0,4.0,0.0,5.0,61,19.4,40.0,229,Rain: Light,1,1,
36039,2021-10-10 15:50:00,40.71576,-73.74655,0,0,Unspecified,4465907,18.5,16.0,2.4,2.4,0.0,8.0,53,27.2,52.6,52,Drizzle: Moderate,0,0,
36040,2021-10-10 14:37:00,40.721188,-73.77653,0,0,Backing Unsafely,4466063,18.5,16.0,2.4,2.4,0.0,8.0,53,27.2,52.6,52,Drizzle: Moderate,0,0,
36041,2021-10-10 09:04:00,40.750977,-73.934746,1,0,Unspecified,4465988,18.5,16.0,2.4,2.4,0.0,8.0,53,27.2,52.6,52,Drizzle: Moderate,1,1,
36042,2021-10-10 02:00:00,40.667236,-73.770004,2,0,Driver Inattention/Distraction,4465633,18.5,16.0,2.4,2.4,0.0,8.0,53,27.2,52.6,52,Drizzle: Moderate,2,2,
36043,2021-10-10 23:15:00,40.79166,-73.96469,1,0,Failure to Yield Right-of-Way,4466206,18.5,16.0,2.4,2.4,0.0,8.0,53,27.2,52.6,52,Drizzle: Moderate,1,1,
36044,2021-10-10 08:56:00,40.579826,-73.97622,0,0,Unspecified,4465778,18.5,16.0,2.4,2.4,0.0,8.0,53,27.2,52.6,52,Drizzle: Moderate,0,0,
36045,2021-10-10 03:42:00,40.808163,-73.95263,1,0,Driver Inattention/Distraction,4465797,18.5,16.0,2.4,2.4,0.0,8.0,53,27.2,52.6,52,Drizzle: Moderate,1,1,
36046,2021-10-10 22:30:00,40.689262,-73.869774,0,0,Steering Failure,4466129,18.5,16.0,2.4,2.4,0.0,8.0,53,27.2,52.6,52,Drizzle: Moderate,0,0,
36047,2021-10-10 17:22:00,40.82194,-73.85875,0,0,Driverless/Runaway Vehicle,4465855,18.5,16.0,2.4,2.4,0.0,8.0,53,27.2,52.6,52,Drizzle: Moderate,0,0,
36048,2021-10-10 21:28:00,40.756157,-73.99125,0,0,Driver Inattention/Distraction,4466191,18.5,16.0,2.4,2.4,0.0,8.0,53,27.2,52.6,52,Drizzle: Moderate,0,0,
36049,2021-10-10 17:10:00,40.747078,-73.981346,1,0,Failure to Yield Right-of-Way,4465884,18.5,16.0,2.4,2.4,0.0,8.0,53,27.2,52.6,52,Drizzle: Moderate,1,1,
36050,2021-10-10 06:00:00,40.640743,-74.12003,0,0,Unspecified,4465733,18.5,16.0,2.4,2.4,0.0,8.0,53,27.2,52.6,52,Drizzle: Moderate,0,0,
36051,2021-10-10 17:30:00,40.725792,-74.01103,0,0,Unspecified,4466138,18.5,16.0,2.4,2.4,0.0,8.0,53,27.2,52.6,52,Drizzle: Moderate,0,0,
36052,2021-10-10 00:45:00,40.86315,-73.90907,0,0,Passing Too Closely,4465745,18.5,16.0,2.4,2.4,0.0,8.0,53,27.2,52.6,52,Drizzle: Moderate,0,0,