,CRASH DATETIME,LATITUDE,LONGITUDE,NUMBER OF PERSONS INJURED,NUMBER OF PERSONS KILLED,CONTRIBUTING FACTOR VEHICLE 1,COLLISION_ID,temperature_2m_max,temperature_2m_min,precipitation_sum,rain_sum,snowfall_sum,precipitation_hours,weather_code,wind_speed_10m_max,wind_gusts_10m_max,wind_direction_10m_dominant,Weather Description,Severity_Score,Total_Affected_Persons,Weather_Category
36053,2022-02-20 21:36:00,40.71407,-73.954346,1,0,Following Too Closely,4504341,2.4,-6.6,0.0,0.0,0.0,0.0,3,23.4,44.3,250,Overcast,1,1,
36054,2022-02-16 19:10:00,40.694775,-73.84774,1,0,Failure to Yield Right-of-Way,4504676,6.2,-5.1,0.0,0.0,0.0,0.0,3,21.1,41.0,187,Overcast,1,1,
36055,2022-02-20 06:44:00,40.814228,-73.945206,0,0,Other Vehicular,4504407,2.4,-6.6,0.0,0.0,0.0,0.0,3,23.4,44.3,250,Overcast,0,0,
36056,2022-02-19 18:43:00,40.841522,-73.87885,1,0,Failure to Yield Right-of-Way,4504743,3.3,-5.5,0.4,0.0,0.28,4.0,71,35.3,64.4,260,Snow fall: Light,1,1,Snowy Conditions
36057,2022-02-20 02:55:00,40.619926,-74.00066,1,0,Fell Asleep,4504053,2.4,-6.6,0.0,0.0,0.0,0.0,3,23.4,44.3,250,Overcast,1,1,
36058,2022-02-20 16:28:00,40.716908,-73.96363,0,0,Unspecified,4504428,2.4,-6.6,0.0,0.0,0.0,0.0,3,23.4,44.3,250,Overcast,0,0,
36059,2022-02-18 04:40:00,40.70313,-73.816795,0,0,Reaction to Uninvolved Vehicle,4504815,15.6,-2.8,11.9,11.9,0.0,6.0,63,44.1,79.2,261,Rain: Moderate,0,0,
36060,2022-02-18 19:35:00,40.87617,-73.84904,0,0,Driver Inattention/Distraction,4504725,15.6,-2.8,11.9,11.9,0.0,6.0,63,44.1,79.2,261,Rain: Moderate,0,0,
36061,2022-02-20 03:30:00,40.61726,-74.102104,0,0,Driver Inattention/Distraction,4504107,2.4,-6.6,0.0,0.0,0.0,0.0,3,23.4,44.3,250,Overcast,0,0,
36062,2022-02-20 22:10:00,40.692104,-73.74273,0,0,Unspecified,4504284,2.4,-6.6,0.0,0.0,0.0,0.0,3,23.4,44.3,250,Overcast,0,0,
36063,2022-02-20 18:40:00,40.643604,-73.94301,3,0,Driver Inattention/Distraction,4504519,2.4,-6.6,0.0,0.0,0.0,0.0,3,23.4,44.3,250,Overcast,3,3,
36064,2022-07-02 11:30:00,40.665066,-73.91348,0,0,Passing Too Closely,4543388,30.8,23.1,4.0,4.0,0.0,5.0,61,19.4,40.0,229,Rain: Light,0,0,
36065,2022-06-29 17:00:00,40.790813,-73.976456,0,0,Passing Too Closely,4543268,29.0,17.7,0.0,0.0,0.0,0.0,3,27.2,51.5,195,Overcast,0,0,
36066,2021-10-10 07:20:00,40.65295,-73.911026,1,0,Unspecified,4465878,18.5,16.0,2.4,2.4,0.0,8.0,53,27.2,52.6,52,Drizzle: Moderate,1,1,
36067,2021-10-10 04:20:00,40.7011,-73.84157,0,0,Fell Asleep,4466040,18.5,16.0,2.4,2.4,0.0,8.0,53,27.2,52.6,52,Drizzle: Moderate,0,0,
36068,2022-07-01 14:00:00,40.700493,-73.9439,4,0,Passing or Lane Usage Improper,4543225,33.7,20.2,0.1,0.1,0.0,1.0,51,32.3,58.0,215,Drizzle: Light,4,4,
36069,2022-07-02 13:30:00,40.68892,-73.99915,1,0,Driver Inattention/Distraction,4542748,30.8,23.1,4.0,4.0,0.0,5.0,61,19.4,40.0,229,Rain: Light,1,1,
36070,2021-10-10 12:03:00,40.581543,-73.83895,0,0,Unsafe Speed,4465765,18.5,16.0,2.4,2.4,0.0,8.0,53,27.2,52.6,52,Drizzle: Moderate,0,0,
36071,2021-10-10 15:30:00,40.715,-73.952446,0,0,Driver Inattention/Distraction,4465902,18.5,16.0,2.4,2.4,0.0,8.0,53,27.2,52.6,52,Drizzle: Moderate,0,0,
36072,2021-10-10 03:00:00,40.790997,-73.95143,0,0,Following Too Closely,4465691,18.5,16.0,2.4,2.4,0.0,8.0,53,27.2,52.6,52,Drizzle: Moderate,0,0,
36073,2021-10-10 20:10:00,40.73555,-73.934784,0,0,Driver Inattention/Distraction,4465870,18.5,16.0,2.4,2.4,0.0,8.0,53,27.2,52.6,52,Drizzle: Moderate,0,0,
36074,2021-10-10 09:00:00,40.659813,-73.87867,0,0,Driver Inattention/Distraction,4466116,18.5,16.0,2.4,2.4,0.0,8.0,53,27.2,52.6,52,Drizzle: Moderate,0,0,
36075,2021-10-10 14:20:00,40.626015,-73.90995,0,0,Failure to Yield Right-of-Way,4465862,18.5,16.0,2.4,2.4,0.0,8.0,53,27.2,52.6,52,Drizzle: Moderate,0,0,
36076,2022-06-24 17:30:00,40.84022,-73.873276,1,0,Other Vehicular,4543205,26.7,14.6,1.0,1.0,0.0,6.0,51,19.2,37.4,204,Drizzle: Light,1,1,
36077,2022-06-24 12:15:00,40.83709,-73.83416,0,0,Turning Improperly,4543383,26.7,14.6,1.0,1.0,0.0,6.0,51,19.2,37.4,204,Drizzle: Light,0,0,
36078,2021-10-10 09:33:00,40.81001,-73.958725,0,0,Unspecified,4465926,18.5,16.0,2.4,2.4,0.0,8.0,53,27.2,52.6,52,Drizzle: Moderate,0,0,
36079,2021-10-10 04:30:00,40.854904,-73.92965,0,0,Unspecified,4466188,18.5,16.0,2.4,2.4,0.0,8.0,53,27.2,52.6,52,Drizzle: Moderate,0,0,
36080,2022-07-02 04:00:00,40.78076,-73.825424,0,0,Other Vehicular,4542760,30.8,23.1,4.0,4.0,0.0,5.0,61,19.4,40.0,229,Rain: Light,0,0,
36081,2022-06-25 03:00:00,40.723274,-73.99122,1,0,Driver Inattention/Distraction,4543220,32.5,18.1,0.0,0.0,0.0,0.0,2,25.0,47.2,224,Partly cloudy,1,1,
36082,2021-10-10 07:15:00,40.838844,-73.87817,1,0,Brakes Defective,4466029,18.5,16.0,2.4,2.4,0.0,8.0,53,27.2,52.6,52,Drizzle: Moderate,1,1,
36083,2022-06-24 08:13:00,40.70476,-73.94986,0,0,Driver Inattention/Distraction,4543411,26.7,14.6,1.0,1.0,0.0,6.0,51,19.2,37.4,204,Drizzle: Light,0,0,
36084,2022-07-02 20:08:00,40.67236,-74.01124,0,0,Unspecified,4542823,30.8,23.1,4.0,4.0,0.0,5.0,61,19.4,40.0,229,Rain: Light,0,0,
36085,2021-10-10 11:55:00,40.82523,-73.8976,0,0,Unspecified,4465917,18.5,16.0,2.4,2.4,0.0,8.0,53,27.2,52.6,52,Drizzle: Moderate,0,0,
36086,2022-06-28 23:00:00,40.60098,-73.75555,0,0,Passing Too Closely,4543239,27.5,19.1,0.0,0.0,0.0,0.0,3,14.4,28.4,334,Overcast,0,0,
36087,2021-10-10 20:01:00,40.62149,-74.02622,0,0,Driver Inattention/Distraction,4465910,18.5,16.0,2.4,2.4,0.0,8.0,53,27.2,52.6,52,Drizzle: Moderate,0,0,
36088,2021-10-10 00:25:00,40.624245,-74.02008,0,0,Alcohol Involvement,4465646,18.5,16.0,2.4,2.4,0.0,8.0,53,27.2,52.6,52,Drizzle: Moderate,0,0,
36089,2021-10-10 01:25:00,40.677414,-73.93033,1,0,Unspecified,4465844,18.5,16.0,2.4,2.4,0.0,8.0,53,27.2,52.6,52,Drizzle: Moderate,1,1,
36090,2021-10-10 16:08:00,40.679028,-73.80399,0,0,Unspecified,4465954,18.5,16.0,2.4,2.4,0.0,8.0,53,27.2,52.6,52,Drizzle: Moderate,0,0,
36091,2021-10-10 04:30:00,40.72151,-74.00452,1,0,Unspecified,4466661,18.5,16.0,2.4,2.4,0.0,8.0,53,27.2,52.6,52,Drizzle: Moderate,1,1,
36092,2022-06-30 17:37:00,40.756977,-73.99123,0,0,Unspecified,4543448,31.2,17.3,0.0,0.0,0.0,0.0,2,19.1,37.4,274,Partly cloudy,0,0,
36093,2022-07-02 00:00:00,40.66397,-73.99777,1,0,Unsafe Lane Changing,4542696,30.8,23.1,4.0,4.0,0.0,5.0,61,19.4,40.0,229,Rain: Light,1,1,
36094,2021-10-10 21:50:00,40.716312,-73.81938,0,0,Unspecified,4465982,18.5,16.0,2.4,2.4,0.0,8.0,53,27.2,52.6,52,Drizzle: Moderate,0,0,
36095,2021-10-10 20:06:00,40.7968,-73.929375,1,0,Following Too Closely,4466093,18.5,16.0,2.4,2.4,0.0,8.0,53,27.2,52.6,52,Drizzle: Moderate,1,1,
36096,2022-06-28 23:41:00,40.8523,-73.8951,0,0,Unspecified,4543206,27.5,19.1,0.0,0.0,0.0,0.0,3,14.4,28.4,334,Overcast,0,0,
36097,2021-10-10 01:45:00,40.632717,-73.89138,1,0,Traffic Control Disregarded,4465932,18.5,16.0,2.4,2.4,0.0,8.0,53,27.2,52.6,52,Drizzle: Moderate,1,1,
36098,2021-10-10 20:40:00,40.617477,-74.02508,0,0,Following Too Closely,4465890,18.5,16.0,2.4,2.4,0.0,8.0,53,27.2,52.6,52,Drizzle: Moderate,0,0,
36099,2022-07-01 21:35:00,40.810726,-73.92465,3,0,Unspecified,4543235,33.7,20.2,0.1,0.1,0.0,1.0,51,32.3,58.0,215,Drizzle: Light,3,3,
36100,2022-06-30 22:22:00,40.6034,-73.74575,1,0,Unspecified,4543252,31.2,17.3,0.0,0.0,0.0,0.0,2,19.1,37.4,274,Partly cloudy,1,1,
36101,2021-10-10 12:55:00,40.783146,-73.97833,0,0,Turning Improperly,4466168,18.5,16.0,2.4,2.4,0.0,8.0,53,27.2,52.6,52,Drizzle: Moderate,0,0,
36102,2022-07-02 09:20:00,40.671085,-73.736275,0,0,Passing Too Closely,4542703,30.8,23.1,4.0,4.0,0.0,5.0,61,19.4,40.0,229,Rain: Light,0,0,
36103,2021-10-10 06:40:00,40.791405,-73.93569,0,0,Unspecified,4466001,18.5,16.0,2.4,2.4,0.0,8.0,53,27.2,52.6,52,Drizzle: Moderate,0,0,
36104,2021-10-10 22:21:00,40.876583,-73.863914,0,0,Driver Inattention/Distraction,4466067,18.5,16.0,2.4,2.4,0.0,8.0,53,27.2,52.6,52,Drizzle: Moderate,0,0,
36105,2022-07-02 04:03:00,40.7731,-73.84566,0,0,Backing Unsafely,4542759,30.8,23.1,4.0,4.0,0.0,5.0,61,19.4,40.0,229,Rain: Light,0,0,
36106,2022-07-02 02:20:00,40.66386,-73.82297,1,0,Following Too Closely,4543426,30.8,23.1,4.0,4.0,0.0,5.0,61,19.4,40.0,229,Rain: Light,1,1,
36107,2022-06-25 15:30:00,40.718815,-73.97474,0,0,Unspecified,4543437,32.5,18.1,0.0,0.0,0.0,0.0,2,25.0,47.2,224,Partly cloudy,0,0,
36108,2022-07-02 09:50:00,40.60719,-74.16243,0,0,Driver Inattention/Distraction,4542804,30.8,23.1,4.0,4.0,0.0,5.0,61,19.4,40.0,229,Rain: Light,0,0,
36109,2022-07-02 02:45:00,40.768887,-73.90691,0,0,Unspecified,4543123,30.8,23.1,4.0,4.0,0.0,5.0,61,19.4,40.0,229,Rain: Light,0,0,
36110,2022-07-01 09:40:00,40.71424,-73.98795,0,0,Backing Unsafely,4543415,33.7,20.2,0.1,0.1,0.0,1.0,51,32.3,58.0,215,Drizzle: Light,0,0,
36111,2021-10-10 01:40:00,40.724804,-73.82983,4,0,Pavement Defective,4465638,18.5,16.0,2.4,2.4,0.0,8.0,53,27.2,52.6,52,Drizzle: Moderate,4,4,
36112,2022-06-29 16:00:00,40.795456,-73.96564,0,0,Driver Inattention/Distraction,4543267,29.0,17.7,0.0,0.0,0.0,0.0,3,27.2,51.5,195,Overcast,0,0,
36113,2021-10-10 00:00:00,40.758007,-73.96625,1,0,Driver Inattention/Distraction,4465914,18.5,16.0,2.4,2.4,0.0,8.0,53,27.2,52.6,52,Drizzle: Moderate,1,1,
36114,2021-10-10 00:00:00,40.576656,-74.118454,0,0,Driver Inattention/Distraction,4466209,18.5,16.0,2.4,2.4,0.0,8.0,53,27.2,52.6,52,Drizzle: Moderate,0,0,
36115,2021-10-10 10:37:00,40.572548,-74.16997,0,0,Driver Inattention/Distraction,4465798,18.5,16.0,2.4,2.4,0.0,8.0,53,27.2,52.6,52,Drizzle: Moderate,0,0,
36116,2021-10-10 14:24:00,40.609417,-73.9677,0,0,Unspecified,4466192,18.5,16.0,2.4,2.4,0.0,8.0,53,27.2,52.6,52,Drizzle: Moderate,0,0,
36117,2022-07-02 01:30:00,40.765663,-73.76997,1,0,Alcohol Involvement,4542711,30.8,23.1,4.0,4.0,0.0,5.0,61,19.4,40.0,229,Rain: Light,1,1,
36118,2022-07-02 21:50:00,40.665634,-73.75817,2,0,Traffic Control Disregarded,4542859,30.8,23.1,4.0,4.0,0.0,5.0,61,19.4,40.0,229,Rain: Light,2,2,
36119,2022-07-02 06:00:00,40.60922,-73.97376,0,0,Driver Inattention/Distraction,4542681,30.8,23.1,4.0,4.0,0.0,5.0,61,19.4,40.0,229,Rain: Light,0,0,
36120,2022-07-02 01:20:00,40.732323,-73.810776,0,0,Unsafe Speed,4542786,30.8,23.1,4.0,4.0,0.0,5.0,61,19.4,40.0,229,Rain: Light,0,0,
36121,2021-10-10 13:13:00,40.845764,-73.88177,1,0,Failure to Yield Right-of-Way,4466026,18.5,16.0,2.4,2.4,0.0,8.0,53,27.2,52.6,52,Drizzle: Moderate,1,1,
36122,2021-10-10 13:36:00,40.68814,-73.99751,0,0,Unspecified,4466056,18.5,16.0,2.4,2.4,0.0,8.0,53,27.2,52.6,52,Drizzle: Moderate,0,0,
36123,2022-06-28 23:51:00,40.85586,-73.89462,0,0,Driver Inattention/Distraction,4543199,27.5,19.1,0.0,0.0,0.0,0.0,3,14.4,28.4,334,Overcast,0,0,
36124,2021-10-10 14:00:00,40.658215,-73.873566,0,0,Unspecified,4466125,18.5,16.0,2.4,2.4,0.0,8.0,53,27.2,52.6,52,Drizzle: Moderate,0,0,
36125,2021-10-10 12:00:00,40.629528,-73.943954,0,0,Turning Improperly,4465861,18.5,16.0,2.4,2.4,0.0,8.0,53,27.2,52.6,52,Drizzle: Moderate,0,0,
36126,2022-07-02 12:13:00,40.68488,-73.91396,0,0,Unspecified,4542766,30.8,23.1,4.0,4.0,0.0,5.0,61,19.4,40.0,229,Rain: Light,0,0,
36127,2022-06-24 18:00:00,40.783897,-73.97407,1,0,Driver Inattention/Distraction,4543321,26.7,14.6,1.0,1.0,0.0,6.0,51,19.2,37.4,204,Drizzle: Light,1,1,
36128,2021-10-10 03:53:00,40.65161,-74.01062,1,0,Unspecified,4465734,18.5,16.0,2.4,2.4,0.0,8.0,53,27.2,52.6,52,Drizzle: Moderate,1,1,
36129,2022-07-01 16:30:00,40.804585,-73.91213,0,0,Unspecified,4543240,33.7,20.2,0.1,0.1,0.0,1.0,51,32.3,58.0,215,Drizzle: Light,0,0,
36130,2021-10-10 07:45:00,40.809692,-73.94409,0,0,Driver Inattention/Distraction,4466141,18.5,16.0,2.4,2.4,0.0,8.0,53,27.2,52.6,52,Drizzle: Moderate,0,0,
36131,2021-10-10 22:56:00,40.709305,-73.84369,0,0,Unspecified,4465951,18.5,16.0,2.4,2.4,0.0,8.0,53,27.2,52.6,52,Drizzle: Moderate,0,0,
36132,2022-07-02 10:20:00,40.691853,-73.9975,1,0,Aggressive Driving/Road Rage,4542936,30.8,23.1,4.0,4.0,0.0,5.0,61,19.4,40.0,229,Rain: Light,1,1,
36133,2021-10-10 12:30:00,40.697315,-73.932274,0,0,Unsafe Speed,4465863,18.5,16.0,2.4,2.4,0.0,8.0,53,27.2,52.6,52,Drizzle: Moderate,0,0,
36134,2021-10-10 20:43:00,40.636826,-74.011765,1,0,Driver Inattention/Distraction,4465893,18.5,16.0,2.4,2.4,0.0,8.0,53,27.2,52.6,52,Drizzle: Moderate,1,1,
36135,2022-06-03 18:00:00,40.71924,-73.99997,0,0,Driver Inattention/Distraction,4543217,25.3,18.0,0.5,0.5,0.0,4.0,51,14.2,32.0,84,Drizzle: Light,0,0,
36136,2022-06-29 13:00:00,40.60457,-73.75355,1,0,Unspecified,4543248,29.0,17.7,0.0,0.0,0.0,0.0,3,27.2,51.5,195,Overcast,1,1,
36137,2021-10-10 08:29:00,40.744934,-73.975784,1,0,Driver Inattention/Distraction,4465731,18.5,16.0,2.4,2.4,0.0,8.0,53,27.2,52.6,52,Drizzle: Moderate,1,1,
36138,2021-10-10 14:40:00,40.721504,-73.93844,0,0,Turning Improperly,4466061,18.5,16.0,2.4,2.4,0.0,8.0,53,27.2,52.6,52,Drizzle: Moderate,0,0,
36139,2021-10-10 12:45:00,40.69217,-73.95194,0,0,Driver Inattention/Distraction,4465776,18.5,16.0,2.4,2.4,0.0,8.0,53,27.2,52.6,52,Drizzle: Moderate,0,0,
36140,2021-10-10 01:15:00,40.735413,-73.91835,1,0,Traffic Control Disregarded,4466154,18.5,16.0,2.4,2.4,0.0,8.0,53,27.2,52.6,52,Drizzle: Moderate,1,1,
36141,2021-10-10 10:00:00,40.632675,-74.116844,0,0,Unspecified,4465689,18.5,16.0,2.4,2.4,0.0,8.0,53,27.2,52.6,52,Drizzle: Moderate,0,0,
36142,2021-10-10 15:23:00,40.718666,-73.9635,1,0,Driver Inattention/Distraction,4465903,18.5,16.0,2.4,2.4,0.0,8.0,53,27.2,52.6,52,Drizzle: Moderate,1,1,
36143,2021-10-10 20:00:00,40.709568,-73.95196,0,0,Driver Inattention/Distraction,4466108,18.5,16.0,2.4,2.4,0.0,8.0,53,27.2,52.6,52,Drizzle: Moderate,0,0,
36144,2021-10-10 12:00:00,40.7670445,-73.9828659,0,0,Driver Inexperience,4466337,18.5,16.0,2.4,2.4,0.0,8.0,53,27.2,52.6,52,Drizzle: Moderate,0,0,
36145,2021-10-10 13:35:00,40.803566,-73.96715,1,0,Unsafe Speed,4465853,18.5,16.0,2.4,2.4,0.0,8.0,53,27.2,52.6,52,Drizzle: Moderate,1,1,
36146,2022-07-01 12:30:00,40.747276,-73.989624,0,0,Driver Inexperience,4543231,33.7,20.2,0.1,0.1,0.0,1.0,51,32.3,58.0,215,Drizzle: Light,0,0,
36147,2021-10-10 01:18:00,40.706123,-73.78914,1,0,Pedestrian/Bicyclist/Other Pedestrian Error/Confusion,4465958,18.5,16.0,2.4,2.4,0.0,8.0,53,27.2,52.6,52,Drizzle: Moderate,1,1,
36148,2021-10-10 14:50:00,40.75372,-73.83283,1,0,Pedestrian/Bicyclist/Other Pedestrian Error/Confusion,4465927,18.5,16.0,2.4,2.4,0.0,8.0,53,27.2,52.6,52,Drizzle: Moderate,1,1,
36149,2022-06-17 08:30:00,40.607685,-74.13892,0,0,Unsafe Lane Changing,4543290,31.8,19.1,0.0,0.0,0.0,0.0,3,30.4,55.4,268,Overcast,0,0,
36150,2022-06-26 09:00:00,40.71063,-73.95817,0,0,Passing Too Closely,4543403,30.8,19.9,0.0,0.0,0.0,0.0,3,30.9,55.8,188,Overcast,0,0,
36151,2021-10-10 05:15:00,40.700726,-73.94194,1,0,Driver Inattention/Distraction,4465984,18.5,16.0,2.4,2.4,0.0,8.0,53,27.2,52.6,52,Drizzle: Moderate,1,1,
36152,2022-07-02 19:39:00,40.6301,-73.90227,0,0,Backing Unsafely,4542922,30.8,23.1,4.0,4.0,0.0,5.0,61,19.4,40.0,229,Rain: Light,0,0,
36153,2021-10-10 09:00:00,40.631237,-73.9563,0,0,Other Vehicular,4465756,18.5,16.0,2.4,2.4,0.0,8.0,53,27.2,52.6,52,Drizzle: Moderate,0,0,
36154,2022-06-27 20:00:00,40.63633,-73.94705,0,0,Unspecified,4543314,26.2,19.8,11.7,11.7,0.0,9.0,63,20.5,43.2,224,Rain: Moderate,0,0,
36155,2021-10-10 22:15:00,40.74037,-73.98946,0,0,Alcohol Involvement,4466186,18.5,16.0,2.4,2.4,0.0,8.0,53,27.2,52.6,52,Drizzle: Moderate,0,0,
36156,2022-07-02 15:50:00,40.69798,-73.91257,0,0,Driver Inattention/Distraction,4542876,30.8,23.1,4.0,4.0,0.0,5.0,61,19.4,40.0,229,Rain: Light,0,0,
36157,2021-10-10 16:27:00,40.74729,-73.92832,0,0,Driver Inattention/Distraction,4465871,18.5,16.0,2.4,2.4,0.0,8.0,53,27.2,52.6,52,Drizzle: Moderate,0,0,
36158,2021-10-10 13:20:00,40.856796,-73.88992,0,0,Driver Inattention/Distraction,4466030,18.5,16.0,2.4,2.4,0.0,8.0,53,27.2,52.6,52,Drizzle: Moderate,0,0,
36159,2021-10-10 19:22:00,40.691753,-73.966576,1,0,Unspecified,4466252,18.5,16.0,2.4,2.4,0.0,8.0,53,27.2,52.6,52,Drizzle: Moderate,1,1,
36160,2021-10-10 20:31:00,40.803696,-73.93792,1,0,Failure to Yield Right-of-Way,4466092,18.5,16.0,2.4,2.4,0.0,8.0,53,27.2,52.6,52,Drizzle: Moderate,1,1,
36161,2021-10-10 10:40:00,40.74121,-73.84277,1,0,Following Too Closely,4465747,18.5,16.0,2.4,2.4,0.0,8.0,53,27.2,52.6,52,Drizzle: Moderate,1,1,
36162,2021-10-10 04:26:00,40.76401,-73.881226,0,0,Turning Improperly,4465668,18.5,16.0,2.4,2.4,0.0,8.0,53,27.2,52.6,52,Drizzle: Moderate,0,0,
36163,2022-07-02 08:36:00,40.750977,-73.934746,1,0,Turning Improperly,4542664,30.8,23.1,4.0,4.0,0.0,5.0,61,19.4,40.0,229,Rain: Light,1,1,
36164,2022-07-01 16:00:00,40.87459,-73.84921,0,0,Backing Unsafely,4543335,33.7,20.2,0.1,0.1,0.0,1.0,51,32.3,58.0,215,Drizzle: Light,0,0,
36165,2022-07-02 19:26:00,40.63701,-73.91495,0,0,Aggressive Driving/Road Rage,4542754,30.8,23.1,4.0,4.0,0.0,5.0,61,19.4,40.0,229,Rain: Light,0,0,
36166,2021-10-10 12:18:00,40.714462,-73.98166,1,0,Pedestrian/Bicyclist/Other Pedestrian Error/Confusion,4465877,18.5,16.0,2.4,2.4,0.0,8.0,53,27.2,52.6,52,Drizzle: Moderate,1,1,
36167,2022-07-02 06:00:00,40.628574,-73.93564,0,0,Driver Inattention/Distraction,4543004,30.8,23.1,4.0,4.0,0.0,5.0,61,19.4,40.0,229,Rain: Light,0,0,
36168,2022-06-24 10:00:00,40.654434,-73.90898,0,0,Unspecified,4543397,26.7,14.6,1.0,1.0,0.0,6.0,51,19.2,37.4,204,Drizzle: Light,0,0,
36169,2022-06-11 04:40:00,40.81801,-73.96149,0,0,Driver Inattention/Distraction,4543271,24.0,15.8,0.2,0.2,0.0,2.0,51,11.4,22.7,280,Drizzle: Light,0,0,
36170,2021-10-10 20:35:00,40.81228,-73.90361,1,0,Unspecified,4465918,18.5,16.0,2.4,2.4,0.0,8.0,53,27.2,52.6,52,Drizzle: Moderate,1,1,
36171,2022-07-02 17:22:00,40.724327,-73.95515,1,0,Driver Inattention/Distraction,4543032,30.8,23.1,4.0,4.0,0.0,5.0,61,19.4,40.0,229,Rain: Light,1,1,
36172,2022-06-24 11:41:00,40.602455,-73.76079,0,0,Unspecified,4543195,26.7,14.6,1.0,1.0,0.0,6.0,51,19.2,37.4,204,Drizzle: Light,0,0,
36173,2021-10-10 16:33:00,40.63867,-73.97182,1,0,Failure to Yield Right-of-Way,4466148,18.5,16.0,2.4,2.4,0.0,8.0,53,27.2,52.6,52,Drizzle: Moderate,1,1,
36174,2022-07-02 12:50:00,40.802204,-73.967804,0,0,Unsafe Lane Changing,4543276,30.8,23.1,4.0,4.0,0.0,5.0,61,19.4,40.0,229,Rain: Light,0,0,
36175,2021-10-10 14:05:00,40.871876,-73.84163,2,0,Driver Inattention/Distraction,4465809,18.5,16.0,2.4,2.4,0.0,8.0,53,27.2,52.6,52,Drizzle: Moderate,2,2,
36176,2021-10-10 15:30:00,40.68661,-73.80616,0,0,Driver Inattention/Distraction,4466215,18.5,16.0,2.4,2.4,0.0,8.0,53,27.2,52.6,52,Drizzle: Moderate,0,0,
36177,2022-07-02 16:00:00,40.637207,-73.95657,0,0,Unspecified,4542981,30.8,23.1,4.0,4.0,0.0,5.0,61,19.4,40.0,229,Rain: Light,0,0,
36178,2021-10-10 04:00:00,40.682163,-73.889015,0,0,Driver Inattention/Distraction,4466127,18.5,16.0,2.4,2.4,0.0,8.0,53,27.2,52.6,52,Drizzle: Moderate,0,0,
36179,2021-10-10 13:35:00,40.690563,-73.94536,2,0,Driver Inexperience,4465774,18.5,16.0,2.4,2.4,0.0,8.0,53,27.2,52.6,52,Drizzle: Moderate,2,2,
36180,2021-10-10 17:18:00,40.602688,-73.933556,0,0,Failure to Yield Right-of-Way,4465864,18.5,16.0,2.4,2.4,0.0,8.0,53,27.2,52.6,52,Drizzle: Moderate,0,0,
36181,2022-07-02 13:00:00,40.694214,-73.95932,2,0,Driver Inattention/Distraction,4542835,30.8,23.1,4.0,4.0,0.0,5.0,61,19.4,40.0,229,Rain: Light,2,2,
36182,2022-07-01 05:08:00,40.73664,-73.86584,0,0,Unspecified,4543326,33.7,20.2,0.1,0.1,0.0,1.0,51,32.3,58.0,215,Drizzle: Light,0,0,
36183,2021-10-10 12:30:00,40.753227,-73.94672,2,0,Driver Inattention/Distraction,4465736,18.5,16.0,2.4,2.4,0.0,8.0,53,27.2,52.6,52,Drizzle: Moderate,2,2,
36184,2022-07-01 20:35:00,40.84843,-73.91299,0,0,Backing Unsafely,4543348,33.7,20.2,0.1,0.1,0.0,1.0,51,32.3,58.0,215,Drizzle: Light,0,0,
36185,2022-06-28 13:20:00,40.708942,-73.941765,0,0,Driver Inattention/Distraction,4543213,27.5,19.1,0.0,0.0,0.0,0.0,3,14.4,28.4,334,Overcast,0,0,
36186,2022-06-30 22:01:00,40.81053,-73.96206,0,0,Turning Improperly,4543261,31.2,17.3,0.0,0.0,0.0,0.0,2,19.1,37.4,274,Partly cloudy,0,0,
36187,2021-10-10 11:30:00,40.827824,-73.91934,0,0,Driver Inattention/Distraction,4465997,18.5,16.0,2.4,2.4,0.0,8.0,53,27.2,52.6,52,Drizzle: Moderate,0,0,
36188,2022-07-02 11:36:00,40.808853,-73.936264,0,0,Aggressive Driving/Road Rage,4543063,30.8,23.1,4.0,4.0,0.0,5.0,61,19.4,40.0,229,Rain: Light,0,0,
36189,2022-07-02 19:46:00,40.84097,-73.92867,0,0,Unsafe Lane Changing,4543166,30.8,23.1,4.0,4.0,0.0,5.0,61,19.4,40.0,229,Rain: Light,0,0,
36190,2021-10-10 05:02:00,40.639305,-73.95898,2,0,Unspecified,4465639,18.5,16.0,2.4,2.4,0.0,8.0,53,27.2,52.6,52,Drizzle: Moderate,2,2,
36191,2022-06-30 17:20:00,40.646515,-73.974655,1,0,Unspecified,4543408,31.2,17.3,0.0,0.0,0.0,0.0,2,19.1,37.4,274,Partly cloudy,1,1,
36192,2021-10-10 15:07:00,40.852383,-73.90365,0,0,Passing Too Closely,4466081,18.5,16.0,2.4,2.4,0.0,8.0,53,27.2,52.6,52,Drizzle: Moderate,0,0,
36193,2021-10-10 15:01:00,40.747295,-73.97405,1,0,Pavement Slippery,4465913,18.5,16.0,2.4,2.4,0.0,8.0,53,27.2,52.6,52,Drizzle: Moderate,1,1,
36194,2022-07-02 18:30:00,40.746906,-73.90161,0,0,Driver Inattention/Distraction,4543175,30.8,23.1,4.0,4.0,0.0,5.0,61,19.4,40.0,229,Rain: Light,0,0,
36195,2021-10-10 19:46:00,40.7027,-73.75591,0,0,Unsafe Speed,4465946,18.5,16.0,2.4,2.4,0.0,8.0,53,27.2,52.6,52,Drizzle: Moderate,0,0,
36196,2022-07-02 12:02:00,40.7874,-73.97522,0,0,Driver Inattention/Distraction,4543308,30.8,23.1,4.0,4.0,0.0,5.0,61,19.4,40.0,229,Rain: Light,0,0,