,CRASH DATETIME,LATITUDE,LONGITUDE,NUMBER OF PERSONS INJURED,NUMBER OF PERSONS KILLED,CONTRIBUTING FACTOR VEHICLE 1,COLLISION_ID,temperature_2m_max,temperature_2m_min,precipitation_sum,rain_sum,snowfall_sum,precipitation_hours,weather_code,wind_speed_10m_max,wind_gusts_10m_max,wind_direction_10m_dominant,Weather Description,Severity_Score,Total_Affected_Persons,Weather_Category
36197,2022-09-21 16:05:00,40.737682,-73.85206,1,0,Unspecified,4566206,26.5,16.0,0.0,0.0,0.0,0.0,3,19.4,36.7,252,Overcast,1,1,
36198,2022-07-02 22:08:00,40.753895,-73.862114,2,0,Driver Inattention/Distraction,4543297,30.8,23.1,4.0,4.0,0.0,5.0,61,19.4,40.0,229,Rain: Light,2,2,
36199,2021-10-10 18:40:00,40.749718,-73.86419,1,0,Driver Inattention/Distraction,4466073,18.5,16.0,2.4,2.4,0.0,8.0,53,27.2,52.6,52,Drizzle: Moderate,1,1,
36200,2021-10-10 11:35:00,40.618603,-73.93247,0,0,Driver Inattention/Distraction,4465860,18.5,16.0,2.4,2.4,0.0,8.0,53,27.2,52.6,52,Drizzle: Moderate,0,0,
36201,2021-10-10 02:03:00,40.834843,-73.89588,0,0,Drugs (illegal),4465706,18.5,16.0,2.4,2.4,0.0,8.0,53,27.2,52.6,52,Drizzle: Moderate,0,0,
36202,2021-10-10 14:08:00,40.617588,-73.96382,1,0,Unspecified,4466193,18.5,16.0,2.4,2.4,0.0,8.0,53,27.2,52.6,52,Drizzle: Moderate,1,1,
36203,2021-10-10 21:12:00,40.64505,-74.01173,1,0,Unspecified,4465894,18.5,16.0,2.4,2.4,0.0,8.0,53,27.2,52.6,52,Drizzle: Moderate,1,1,
36204,2021-10-10 19:27:00,40.749054,-73.99576,1,0,Unspecified,4465882,18.5,16.0,2.4,2.4,0.0,8.0,53,27.2,52.6,52,Drizzle: Moderate,1,1,
36205,2022-07-02 10:00:00,40.654457,-73.90878,0,0,Unspecified,4543390,30.8,23.1,4.0,4.0,0.0,5.0,61,19.4,40.0,229,Rain: Light,0,0,
36206,2021-10-10 17:00:00,40.602905,-74.00003,0,0,Unspecified,4465930,18.5,16.0,2.4,2.4,0.0,8.0,53,27.2,52.6,52,Drizzle: Moderate,0,0,
36207,2021-10-10 18:11:00,40.58371,-73.94739,4,0,Driver Inattention/Distraction,4466024,18.5,16.0,2.4,2.4,0.0,8.0,53,27.2,52.6,52,Drizzle: Moderate,4,4,
36208,2021-10-10 07:00:00,40.67213,-73.876495,0,0,Driver Inattention/Distraction,4466054,18.5,16.0,2.4,2.4,0.0,8.0,53,27.2,52.6,52,Drizzle: Moderate,0,0,
36209,2021-10-10 06:43:00,40.826218,-73.88882,0,0,Unspecified,4465920,18.5,16.0,2.4,2.4,0.0,8.0,53,27.2,52.6,52,Drizzle: Moderate,0,0,
36210,2021-10-10 02:16:00,40.68127,-73.982666,0,0,Driver Inexperience,4465960,18.5,16.0,2.4,2.4,0.0,8.0,53,27.2,52.6,52,Drizzle: Moderate,0,0,
36211,2021-12-11 23:00:00,40.591442,-73.96067,0,0,Driver Inattention/Distraction,4485765,17.3,5.0,8.1,8.1,0.0,5.0,63,35.0,67.0,206,Rain: Moderate,0,0,
36212,2021-10-10 15:00:00,40.7215899,-74.0031956,4,0,Following Too Closely,4466379,18.5,16.0,2.4,2.4,0.0,8.0,53,27.2,52.6,52,Drizzle: Moderate,4,4,
36213,2021-10-10 17:30:00,40.5907529,-74.0883648,0,0,Turning Improperly,4466401,18.5,16.0,2.4,2.4,0.0,8.0,53,27.2,52.6,52,Drizzle: Moderate,0,0,
36214,2021-10-08 16:47:00,40.5792123,-73.9762585,1,0,Backing Unsafely,4466420,23.7,14.5,0.0,0.0,0.0,0.0,3,13.0,22.3,94,Overcast,1,1,
36215,2021-10-10 21:00:00,40.8315891,-73.9003883,0,0,Passing Too Closely,4466427,18.5,16.0,2.4,2.4,0.0,8.0,53,27.2,52.6,52,Drizzle: Moderate,0,0,
36216,2021-10-07 18:03:00,40.5962568,-73.766834,0,0,Passing or Lane Usage Improper,4466439,22.4,15.7,0.4,0.4,0.0,4.0,51,10.5,20.5,231,Drizzle: Light,0,0,
36217,2021-12-08 15:41:00,40.646065,-73.87979,0,0,Passing or Lane Usage Improper,4486089,4.7,0.9,0.7,0.7,0.0,2.0,51,14.5,24.8,355,Drizzle: Light,0,0,
36218,2021-12-11 18:45:00,40.69768,-73.98703,0,0,Driver Inattention/Distraction,4485447,17.3,5.0,8.1,8.1,0.0,5.0,63,35.0,67.0,206,Rain: Moderate,0,0,
36219,2021-12-11 21:07:00,40.790154,-73.93675,0,0,Unspecified,4485831,17.3,5.0,8.1,8.1,0.0,5.0,63,35.0,67.0,206,Rain: Moderate,0,0,
36220,2021-12-09 08:19:00,40.836407,-73.87678,0,0,Other Vehicular,4486110,3.6,-2.0,0.1,0.0,0.07,1.0,71,19.2,33.8,295,Snow fall: Light,0,0,Snowy Conditions
36221,2021-12-11 20:34:00,40.81094,-73.94318,0,0,Other Vehicular,4485936,17.3,5.0,8.1,8.1,0.0,5.0,63,35.0,67.0,206,Rain: Moderate,0,0,
36222,2021-12-02 17:10:00,40.670734,-73.93373,0,0,Driver Inattention/Distraction,4486137,13.2,5.4,3.4,3.4,0.0,10.0,55,28.0,46.8,215,Drizzle: Dense,0,0,
36223,2021-12-11 00:25:00,40.730366,-73.91388,0,0,Driver Inattention/Distraction,4485387,17.3,5.0,8.1,8.1,0.0,5.0,63,35.0,67.0,206,Rain: Moderate,0,0,
36224,2021-12-11 18:48:00,40.609333,-73.948425,1,0,Failure to Yield Right-of-Way,4485769,17.3,5.0,8.1,8.1,0.0,5.0,63,35.0,67.0,206,Rain: Moderate,1,1,
36225,2022-06-09 14:00:00,40.7406,-73.879326,1,0,Unspecified,4543327,28.0,18.5,13.3,13.3,0.0,11.0,63,28.1,52.2,252,Rain: Moderate,1,1,
36226,2022-07-02 11:03:00,40.588066,-73.95342,0,0,Driver Inattention/Distraction,4542920,30.8,23.1,4.0,4.0,0.0,5.0,61,19.4,40.0,229,Rain: Light,0,0,
36227,2022-07-02 19:03:00,40.716778,-73.93635,0,0,Driver Inattention/Distraction,4543226,30.8,23.1,4.0,4.0,0.0,5.0,61,19.4,40.0,229,Rain: Light,0,0,
36228,2022-07-02 15:15:00,40.631813,-74.00983,0,0,Driver Inattention/Distraction,4542749,30.8,23.1,4.0,4.0,0.0,5.0,61,19.4,40.0,229,Rain: Light,0,0,
36229,2022-06-29 14:39:00,40.70942,-73.99319,0,0,Driver Inattention/Distraction,4543221,29.0,17.7,0.0,0.0,0.0,0.0,3,27.2,51.5,195,Overcast,0,0,
36230,2022-07-02 06:27:00,40.65799,-73.996925,0,0,Backing Unsafely,4543357,30.8,23.1,4.0,4.0,0.0,5.0,61,19.4,40.0,229,Rain: Light,0,0,
36231,2022-06-30 18:25:00,40.79286,-73.96754,0,0,Following Too Closely,4543272,31.2,17.3,0.0,0.0,0.0,0.0,2,19.1,37.4,274,Partly cloudy,0,0,
36232,2022-07-02 12:25:00,40.764034,-73.97243,1,0,Driver Inattention/Distraction,4543088,30.8,23.1,4.0,4.0,0.0,5.0,61,19.4,40.0,229,Rain: Light,1,1,
36233,2022-07-02 12:28:00,40.634953,-73.98144,1,0,Unspecified,4543148,30.8,23.1,4.0,4.0,0.0,5.0,61,19.4,40.0,229,Rain: Light,1,1,
36234,2022-06-30 09:05:00,40.767612,-73.950005,1,0,Following Too Closely,4543257,31.2,17.3,0.0,0.0,0.0,0.0,2,19.1,37.4,274,Partly cloudy,1,1,
36235,2022-07-01 21:00:00,40.845028,-73.89001,0,0,Driver Inattention/Distraction,4543200,33.7,20.2,0.1,0.1,0.0,1.0,51,32.3,58.0,215,Drizzle: Light,0,0,
36236,2022-07-02 16:30:00,40.763844,-73.769455,0,0,Driver Inattention/Distraction,4542764,30.8,23.1,4.0,4.0,0.0,5.0,61,19.4,40.0,229,Rain: Light,0,0,
36237,2022-07-02 22:20:00,40.662434,-73.74913,0,0,Other Vehicular,4542818,30.8,23.1,4.0,4.0,0.0,5.0,61,19.4,40.0,229,Rain: Light,0,0,
36238,2022-06-14 14:31:00,40.846313,-73.88516,2,0,Reaction to Uninvolved Vehicle,4543442,29.0,18.6,0.0,0.0,0.0,0.0,3,19.1,40.0,10,Overcast,2,2,
36239,2022-07-02 03:55:00,40.624336,-73.91747,0,0,Driver Inattention/Distraction,4542698,30.8,23.1,4.0,4.0,0.0,5.0,61,19.4,40.0,229,Rain: Light,0,0,
36240,2022-07-01 23:40:00,40.72073,-73.988914,0,0,Backing Unsafely,4543416,33.7,20.2,0.1,0.1,0.0,1.0,51,32.3,58.0,215,Drizzle: Light,0,0,
36241,2022-06-25 07:10:00,40.59952,-73.75622,0,0,Unspecified,4543207,32.5,18.1,0.0,0.0,0.0,0.0,2,25.0,47.2,224,Partly cloudy,0,0,
36242,2022-07-02 06:00:00,40.704678,-73.90534,0,0,Unspecified,4542996,30.8,23.1,4.0,4.0,0.0,5.0,61,19.4,40.0,229,Rain: Light,0,0,
36243,2022-07-02 18:27:00,40.701355,-73.88794,1,0,Driver Inattention/Distraction,4543374,30.8,23.1,4.0,4.0,0.0,5.0,61,19.4,40.0,229,Rain: Light,1,1,
36244,2022-07-02 17:04:00,40.7606,-73.964325,0,0,Driver Inattention/Distraction,4542770,30.8,23.1,4.0,4.0,0.0,5.0,61,19.4,40.0,229,Rain: Light,0,0,
36245,2022-07-02 08:00:00,40.85667,-73.86569,0,0,Unspecified,4542847,30.8,23.1,4.0,4.0,0.0,5.0,61,19.4,40.0,229,Rain: Light,0,0,
36246,2022-07-01 10:40:00,40.638966,-73.94251,1,0,Traffic Control Disregarded,4543262,33.7,20.2,0.1,0.1,0.0,1.0,51,32.3,58.0,215,Drizzle: Light,1,1,
36247,2022-07-01 09:40:00,40.747772,-73.985054,0,0,Unspecified,4543236,33.7,20.2,0.1,0.1,0.0,1.0,51,32.3,58.0,215,Drizzle: Light,0,0,
36248,2022-06-25 10:30:00,40.816532,-73.92822,0,0,Driver Inattention/Distraction,4543242,32.5,18.1,0.0,0.0,0.0,0.0,2,25.0,47.2,224,Partly cloudy,0,0,
36249,2022-07-02 15:00:00,40.69691,-73.81124,0,0,Failure to Yield Right-of-Way,4543153,30.8,23.1,4.0,4.0,0.0,5.0,61,19.4,40.0,229,Rain: Light,0,0,
36250,2022-07-02 12:00:00,40.66549,-73.755165,3,0,Unspecified,4542743,30.8,23.1,4.0,4.0,0.0,5.0,61,19.4,40.0,229,Rain: Light,3,3,
36251,2022-06-26 13:40:00,40.714287,-73.96515,0,0,Passing or Lane Usage Improper,4543212,30.8,19.9,0.0,0.0,0.0,0.0,3,30.9,55.8,188,Overcast,0,0,
36252,2022-01-01 00:20:00,40.837643,-73.90334,0,0,Failure to Yield Right-of-Way,4491708,11.7,7.5,19.4,19.4,0.0,19.0,63,13.9,22.3,161,Rain: Moderate,0,0,
36253,2021-12-27 18:30:00,40.59423,-73.908325,0,0,Driver Inattention/Distraction,4492041,2.7,-1.4,2.1,0.8,0.91,5.0,73,13.5,23.0,10,Snow fall: Moderate,0,0,Snowy Conditions
36254,2021-01-04 08:08:00,40.762486,-73.96298,0,0,Driver Inexperience,4492011,6.6,0.5,1.5,1.3,0.14,6.0,71,17.0,31.7,4,Snow fall: Light,0,0,Snowy Conditions
36255,2022-01-02 12:50:00,40.735065,-73.88184,0,0,Unspecified,4492016,13.1,2.7,16.0,16.0,0.0,8.0,65,25.1,52.6,318,Rain: Heavy,0,0,
36256,2021-12-22 23:40:00,40.671608,-73.91695,1,0,Failure to Yield Right-of-Way,4492005,8.1,-0.0,4.2,4.2,0.0,9.0,61,26.7,47.9,313,Rain: Light,1,1,
36257,2021-12-28 07:00:00,40.70274,-73.79842,1,0,Driver Inattention/Distraction,4492031,8.5,2.2,0.0,0.0,0.0,0.0,3,12.5,22.0,271,Overcast,1,1,
36258,2021-12-28 12:51:00,40.72409,-73.99743,1,0,Passenger Distraction,4492040,8.5,2.2,0.0,0.0,0.0,0.0,3,12.5,22.0,271,Overcast,1,1,
36259,2022-02-20 15:11:00,40.679874,-73.89122,1,0,Other Vehicular,4504589,2.4,-6.6,0.0,0.0,0.0,0.0,3,23.4,44.3,250,Overcast,1,1,
36260,2022-02-14 13:00:00,40.898876,-73.85539,0,0,Unspecified,4504683,-3.4,-10.4,0.0,0.0,0.0,0.0,3,26.4,49.3,316,Overcast,0,0,
36261,2022-02-20 05:30:00,40.744965,-73.87833,0,0,Driver Inattention/Distraction,4504166,2.4,-6.6,0.0,0.0,0.0,0.0,3,23.4,44.3,250,Overcast,0,0,
36262,2022-02-20 00:30:00,40.68947,-73.86515,0,0,Unsafe Speed,4504239,2.4,-6.6,0.0,0.0,0.0,0.0,3,23.4,44.3,250,Overcast,0,0,
36263,2022-02-20 05:00:00,40.746033,-73.88015,0,0,Driver Inattention/Distraction,4504175,2.4,-6.6,0.0,0.0,0.0,0.0,3,23.4,44.3,250,Overcast,0,0,
36264,2022-02-20 17:54:00,40.69539,-73.898895,1,0,Following Too Closely,4504271,2.4,-6.6,0.0,0.0,0.0,0.0,3,23.4,44.3,250,Overcast,1,1,
36265,2022-02-20 01:00:00,40.63932,-74.02356,0,0,Unsafe Speed,4504116,2.4,-6.6,0.0,0.0,0.0,0.0,3,23.4,44.3,250,Overcast,0,0,
36266,2022-02-19 20:50:00,40.724693,-73.99419,1,0,Unspecified,4504700,3.3,-5.5,0.4,0.0,0.28,4.0,71,35.3,64.4,260,Snow fall: Light,1,1,Snowy Conditions
36267,2022-02-20 18:21:00,40.602467,-73.96638,0,0,Failure to Yield Right-of-Way,4504382,2.4,-6.6,0.0,0.0,0.0,0.0,3,23.4,44.3,250,Overcast,0,0,
36268,2022-02-20 12:48:00,40.710957,-73.951126,0,0,Passing or Lane Usage Improper,4504453,2.4,-6.6,0.0,0.0,0.0,0.0,3,23.4,44.3,250,Overcast,0,0,
36269,2022-02-19 22:15:00,0.0,0.0,1,0,Driver Inattention/Distraction,4504717,3.3,-5.5,0.4,0.0,0.28,4.0,71,35.3,64.4,260,Snow fall: Light,1,1,Snowy Conditions
36270,2022-02-20 08:30:00,40.71702,-73.830505,1,0,Glare,4504600,2.4,-6.6,0.0,0.0,0.0,0.0,3,23.4,44.3,250,Overcast,1,1,
36271,2022-07-02 03:21:00,40.618946,-73.99904,0,0,Unspecified,4542680,30.8,23.1,4.0,4.0,0.0,5.0,61,19.4,40.0,229,Rain: Light,0,0,
36272,2022-07-02 08:13:00,40.84275,-73.92283,0,0,Failure to Yield Right-of-Way,4542870,30.8,23.1,4.0,4.0,0.0,5.0,61,19.4,40.0,229,Rain: Light,0,0,
36273,2021-06-11 14:40:00,40.79777,-73.94435,0,0,Unspecified,4428153,20.7,15.3,1.2,1.2,0.0,3.0,53,13.2,27.0,97,Drizzle: Moderate,0,0,
36274,2022-06-30 23:15:00,40.75734,-73.98602,0,0,Following Too Closely,4543234,31.2,17.3,0.0,0.0,0.0,0.0,2,19.1,37.4,274,Partly cloudy,0,0,
36275,2022-07-01 09:20:00,40.846657,-73.89619,1,0,Failure to Yield Right-of-Way,4543198,33.7,20.2,0.1,0.1,0.0,1.0,51,32.3,58.0,215,Drizzle: Light,1,1,
36276,2022-07-02 14:50:00,40.774414,-73.79786,2,0,Driver Inattention/Distraction,4542758,30.8,23.1,4.0,4.0,0.0,5.0,61,19.4,40.0,229,Rain: Light,2,2,
36277,2022-01-02 00:30:00,40.69919,-73.91469,0,0,Turning Improperly,4491657,13.1,2.7,16.0,16.0,0.0,8.0,65,25.1,52.6,318,Rain: Heavy,0,0,
36278,2022-01-01 06:00:00,40.888596,-73.89068,2,0,Unsafe Speed,4491920,11.7,7.5,19.4,19.4,0.0,19.0,63,13.9,22.3,161,Rain: Moderate,2,2,
36279,2022-01-02 08:44:00,40.842224,-73.88776,0,0,Driver Inexperience,4491839,13.1,2.7,16.0,16.0,0.0,8.0,65,25.1,52.6,318,Rain: Heavy,0,0,
36280,2022-01-02 04:15:00,40.74321,-73.89608,0,0,Unspecified,4491367,13.1,2.7,16.0,16.0,0.0,8.0,65,25.1,52.6,318,Rain: Heavy,0,0,
36281,2021-12-31 18:55:00,40.642563,-73.90633,1,0,Traffic Control Disregarded,4491877,11.1,7.1,2.7,2.7,0.0,5.0,55,14.9,29.2,193,Drizzle: Dense,1,1,
36282,2022-07-02 22:07:00,40.846687,-73.905594,1,0,Driver Inattention/Distraction,4543347,30.8,23.1,4.0,4.0,0.0,5.0,61,19.4,40.0,229,Rain: Light,1,1,
36283,2021-12-25 22:40:00,40.832695,-73.86367,0,0,Unsafe Lane Changing,4491892,8.8,0.5,6.1,6.1,0.0,14.0,55,14.5,24.8,284,Drizzle: Dense,0,0,
36284,2022-01-02 03:00:00,40.76294,-73.86067,0,0,Driver Inattention/Distraction,4491464,13.1,2.7,16.0,16.0,0.0,8.0,65,25.1,52.6,318,Rain: Heavy,0,0,
36285,2022-01-02 08:40:00,40.842117,-73.88786,0,0,Driver Inattention/Distraction,4491595,13.1,2.7,16.0,16.0,0.0,8.0,65,25.1,52.6,318,Rain: Heavy,0,0,
36286,2022-01-01 05:55:00,40.84984,-73.934975,0,0,Unspecified,4491933,11.7,7.5,19.4,19.4,0.0,19.0,63,13.9,22.3,161,Rain: Moderate,0,0,
36287,2022-01-01 04:00:00,40.83417,-73.94837,0,0,Unspecified,4491960,11.7,7.5,19.4,19.4,0.0,19.0,63,13.9,22.3,161,Rain: Moderate,0,0,
36288,2021-06-10 17:41:00,40.727432,-73.90713,0,0,Unspecified,4425912,26.7,16.8,0.0,0.0,0.0,0.0,3,20.9,40.3,78,Overcast,0,0,
36289,2021-06-06 14:10:00,40.754055,-73.99583,0,0,Following Too Closely,4426076,31.0,20.0,0.0,0.0,0.0,0.0,1,16.6,32.4,222,Mainly clear,0,0,Sunny/Clear Conditions
36290,2021-06-12 20:38:00,40.721935,-73.98533,1,0,Backing Unsafely,4426423,21.2,16.4,0.4,0.4,0.0,3.0,51,15.5,31.3,112,Drizzle: Light,1,1,
36291,2021-06-09 23:50:00,40.731705,-74.00096,0,0,Passing or Lane Usage Improper,4426720,30.2,21.4,1.1,1.1,0.0,5.0,51,11.7,28.1,286,Drizzle: Light,0,0,
36292,2021-06-13 07:11:00,40.860176,-73.891754,0,0,Unspecified,4426879,23.9,15.0,0.2,0.2,0.0,2.0,51,17.7,35.6,185,Drizzle: Light,0,0,
36293,2021-06-08 13:25:00,40.72773,-73.90674,1,0,View Obstructed/Limited,4427497,30.1,22.0,5.9,5.9,0.0,9.0,61,16.6,34.6,215,Rain: Light,1,1,
36294,2021-06-15 09:00:00,40.759495,-73.762405,0,0,Driver Inattention/Distraction,4427516,25.1,17.4,1.0,1.0,0.0,4.0,53,17.7,33.8,295,Drizzle: Moderate,0,0,
36295,2021-06-15 12:00:00,40.824482,-73.914764,0,0,Driver Inattention/Distraction,4427630,25.1,17.4,1.0,1.0,0.0,4.0,53,17.7,33.8,295,Drizzle: Moderate,0,0,
36296,2021-06-15 10:00:00,40.58428,-73.92529,0,0,Failure to Yield Right-of-Way,4427557,25.1,17.4,1.0,1.0,0.0,4.0,53,17.7,33.8,295,Drizzle: Moderate,0,0,
36297,2021-06-12 17:38:00,40.759357,-73.9582,0,0,Following Too Closely,4428238,21.2,16.4,0.4,0.4,0.0,3.0,51,15.5,31.3,112,Drizzle: Light,0,0,
36298,2021-06-15 22:15:00,40.836555,-73.87135,0,0,Unspecified,4428020,25.1,17.4,1.0,1.0,0.0,4.0,53,17.7,33.8,295,Drizzle: Moderate,0,0,
36299,2021-06-15 12:40:00,40.580223,-73.95753,0,0,Driver Inattention/Distraction,4427967,25.1,17.4,1.0,1.0,0.0,4.0,53,17.7,33.8,295,Drizzle: Moderate,0,0,
36300,2021-06-15 00:13:00,40.654797,-73.93943,2,0,Failure to Yield Right-of-Way,4427175,25.1,17.4,1.0,1.0,0.0,4.0,53,17.7,33.8,295,Drizzle: Moderate,2,2,
36301,2021-06-15 17:33:00,40.667313,-73.73926,1,0,Following Too Closely,4427542,25.1,17.4,1.0,1.0,0.0,4.0,53,17.7,33.8,295,Drizzle: Moderate,1,1,
36302,2021-06-15 23:30:00,40.74226,-73.99126,0,0,Unspecified,4427703,25.1,17.4,1.0,1.0,0.0,4.0,53,17.7,33.8,295,Drizzle: Moderate,0,0,
36303,2021-06-15 10:35:00,40.684383,-73.823265,0,0,Following Too Closely,4427579,25.1,17.4,1.0,1.0,0.0,4.0,53,17.7,33.8,295,Drizzle: Moderate,0,0,
36304,2021-06-15 10:54:00,40.723515,-73.75264,0,0,Following Too Closely,4427827,25.1,17.4,1.0,1.0,0.0,4.0,53,17.7,33.8,295,Drizzle: Moderate,0,0,
36305,2021-06-15 17:45:00,40.713516,-73.88682,0,0,Unspecified,4428082,25.1,17.4,1.0,1.0,0.0,4.0,53,17.7,33.8,295,Drizzle: Moderate,0,0,
36306,2021-06-15 06:05:00,40.67189,-73.895874,0,0,Unsafe Speed,4427241,25.1,17.4,1.0,1.0,0.0,4.0,53,17.7,33.8,295,Drizzle: Moderate,0,0,
36307,2021-06-15 04:00:00,40.836193,-73.86521,0,0,Unspecified,4427590,25.1,17.4,1.0,1.0,0.0,4.0,53,17.7,33.8,295,Drizzle: Moderate,0,0,
36308,2021-06-15 15:10:00,40.862064,-73.89484,0,0,Driver Inexperience,4428017,25.1,17.4,1.0,1.0,0.0,4.0,53,17.7,33.8,295,Drizzle: Moderate,0,0,
36309,2021-06-15 17:55:00,40.67731,-73.89913,0,0,Driver Inattention/Distraction,4427789,25.1,17.4,1.0,1.0,0.0,4.0,53,17.7,33.8,295,Drizzle: Moderate,0,0,
36310,2021-06-15 03:30:00,40.68866,-73.829185,0,0,Outside Car Distraction,4427311,25.1,17.4,1.0,1.0,0.0,4.0,53,17.7,33.8,295,Drizzle: Moderate,0,0,
36311,2021-06-15 12:35:00,40.619465,-74.02288,1,0,Traffic Control Disregarded,4427484,25.1,17.4,1.0,1.0,0.0,4.0,53,17.7,33.8,295,Drizzle: Moderate,1,1,
36312,2021-06-15 16:35:00,40.859097,-73.83813,0,0,Unsafe Speed,4427638,25.1,17.4,1.0,1.0,0.0,4.0,53,17.7,33.8,295,Drizzle: Moderate,0,0,
36313,2021-06-14 07:00:00,40.710575,-74.00848,0,0,Passing Too Closely,4428300,21.4,17.5,21.7,21.7,0.0,11.0,65,21.1,48.6,154,Rain: Heavy,0,0,
36314,2021-06-15 00:17:00,40.8076,-73.93719,1,0,Alcohol Involvement,4427662,25.1,17.4,1.0,1.0,0.0,4.0,53,17.7,33.8,295,Drizzle: Moderate,1,1,
36315,2021-06-15 15:50:00,40.676327,-73.97822,6,0,Following Too Closely,4427711,25.1,17.4,1.0,1.0,0.0,4.0,53,17.7,33.8,295,Drizzle: Moderate,6,6,
36316,2021-06-15 14:30:00,40.837864,-73.9114,0,0,Following Too Closely,4427733,25.1,17.4,1.0,1.0,0.0,4.0,53,17.7,33.8,295,Drizzle: Moderate,0,0,
36317,2021-06-15 12:10:00,40.7293,-73.862854,1,0,Backing Unsafely,4427456,25.1,17.4,1.0,1.0,0.0,4.0,53,17.7,33.8,295,Drizzle: Moderate,1,1,
36318,2021-06-15 08:20:00,40.780178,-73.95721,0,0,Driver Inattention/Distraction,4427397,25.1,17.4,1.0,1.0,0.0,4.0,53,17.7,33.8,295,Drizzle: Moderate,0,0,
36319,2021-06-12 14:25:00,40.815826,-73.947044,0,0,Pavement Defective,4428106,21.2,16.4,0.4,0.4,0.0,3.0,51,15.5,31.3,112,Drizzle: Light,0,0,
36320,2021-06-15 03:15:00,40.710182,-73.78336,0,0,Driver Inattention/Distraction,4428139,25.1,17.4,1.0,1.0,0.0,4.0,53,17.7,33.8,295,Drizzle: Moderate,0,0,
36321,2021-06-13 19:20:00,40.645103,-74.01033,0,0,Alcohol Involvement,4428184,23.9,15.0,0.2,0.2,0.0,2.0,51,17.7,35.6,185,Drizzle: Light,0,0,
36322,2021-06-15 10:20:00,40.600822,-73.97355,0,0,Driver Inattention/Distraction,4427440,25.1,17.4,1.0,1.0,0.0,4.0,53,17.7,33.8,295,Drizzle: Moderate,0,0,
36323,2021-06-15 09:50:00,40.598415,-73.967,0,0,Unspecified,4427398,25.1,17.4,1.0,1.0,0.0,4.0,53,17.7,33.8,295,Drizzle: Moderate,0,0,
36324,2021-06-15 21:10:00,40.748333,-73.87735,0,0,Driver Inattention/Distraction,4428041,25.1,17.4,1.0,1.0,0.0,4.0,53,17.7,33.8,295,Drizzle: Moderate,0,0,
36325,2021-06-15 10:00:00,40.655685,-73.899414,0,0,Unspecified,4427477,25.1,17.4,1.0,1.0,0.0,4.0,53,17.7,33.8,295,Drizzle: Moderate,0,0,
36326,2021-06-15 09:24:00,40.67974,-73.89213,1,0,Unspecified,4427364,25.1,17.4,1.0,1.0,0.0,4.0,53,17.7,33.8,295,Drizzle: Moderate,1,1,
36327,2021-06-15 13:00:00,40.836094,-73.92927,0,0,Unspecified,4427731,25.1,17.4,1.0,1.0,0.0,4.0,53,17.7,33.8,295,Drizzle: Moderate,0,0,
36328,2021-06-15 21:00:00,40.702614,-73.96058,0,0,Driver Inattention/Distraction,4427570,25.1,17.4,1.0,1.0,0.0,4.0,53,17.7,33.8,295,Drizzle: Moderate,0,0,
36329,2021-06-15 16:00:00,40.78257,-73.94522,1,0,Aggressive Driving/Road Rage,4427596,25.1,17.4,1.0,1.0,0.0,4.0,53,17.7,33.8,295,Drizzle: Moderate,1,1,
36330,2021-06-13 07:37:00,40.85219,-73.88201,1,0,Other Vehicular,4428320,23.9,15.0,0.2,0.2,0.0,2.0,51,17.7,35.6,185,Drizzle: Light,1,1,
36331,2021-06-15 11:15:00,40.910633,-73.9047,0,0,Unspecified,4427771,25.1,17.4,1.0,1.0,0.0,4.0,53,17.7,33.8,295,Drizzle: Moderate,0,0,
36332,2021-06-15 21:11:00,40.813786,-73.911476,1,0,View Obstructed/Limited,4427668,25.1,17.4,1.0,1.0,0.0,4.0,53,17.7,33.8,295,Drizzle: Moderate,1,1,
36333,2021-06-15 09:01:00,40.632023,-73.88773,0,0,Backing Unsafely,4427383,25.1,17.4,1.0,1.0,0.0,4.0,53,17.7,33.8,295,Drizzle: Moderate,0,0,
36334,2021-06-15 01:20:00,40.880283,-73.88269,0,0,Fell Asleep,4427469,25.1,17.4,1.0,1.0,0.0,4.0,53,17.7,33.8,295,Drizzle: Moderate,0,0,
36335,2021-06-15 03:36:00,40.71997,-73.992905,0,1,Unspecified,4427548,25.1,17.4,1.0,1.0,0.0,4.0,53,17.7,33.8,295,Drizzle: Moderate,20,1,
36336,2021-06-15 23:32:00,40.668106,-73.95143,0,0,Passing Too Closely,4428099,25.1,17.4,1.0,1.0,0.0,4.0,53,17.7,33.8,295,Drizzle: Moderate,0,0,
36337,2021-06-13 18:15:00,40.699627,-73.923836,0,0,Unspecified,4428194,23.9,15.0,0.2,0.2,0.0,2.0,51,17.7,35.6,185,Drizzle: Light,0,0,
36338,2021-06-15 13:43:00,40.807034,-73.939705,0,0,Unspecified,4427654,25.1,17.4,1.0,1.0,0.0,4.0,53,17.7,33.8,295,Drizzle: Moderate,0,0,
36339,2021-06-15 16:20:00,40.81612,-73.926636,0,0,Alcohol Involvement,4427922,25.1,17.4,1.0,1.0,0.0,4.0,53,17.7,33.8,295,Drizzle: Moderate,0,0,
36340,2021-06-15 08:05:00,40.812813,-73.94181,0,0,Unspecified,4428107,25.1,17.4,1.0,1.0,0.0,4.0,53,17.7,33.8,295,Drizzle: Moderate,0,0,