,CRASH DATETIME,LATITUDE,LONGITUDE,NUMBER OF PERSONS INJURED,NUMBER OF PERSONS KILLED,CONTRIBUTING FACTOR VEHICLE 1,COLLISION_ID,temperature_2m_max,temperature_2m_min,precipitation_sum,rain_sum,snowfall_sum,precipitation_hours,weather_code,wind_speed_10m_max,wind_gusts_10m_max,wind_direction_10m_dominant,Weather Description,Severity_Score,Total_Affected_Persons,Weather_Category
36341,2021-06-15 10:25:00,40.60793,-73.81605,0,0,Oversized Vehicle,4427485,25.1,17.4,1.0,1.0,0.0,4.0,53,17.7,33.8,295,Drizzle: Moderate,0,0,
36342,2021-06-15 20:28:00,40.71112,-73.778915,1,0,Brakes Defective,4428173,25.1,17.4,1.0,1.0,0.0,4.0,53,17.7,33.8,295,Drizzle: Moderate,1,1,
36343,2021-06-15 14:00:00,40.745388,-73.71508,0,0,Unspecified,4427529,25.1,17.4,1.0,1.0,0.0,4.0,53,17.7,33.8,295,Drizzle: Moderate,0,0,
36344,2021-06-13 16:00:00,40.66423,-73.919106,0,0,Unspecified,4428054,23.9,15.0,0.2,0.2,0.0,2.0,51,17.7,35.6,185,Drizzle: Light,0,0,
36345,2021-06-15 12:00:00,40.694145,-73.82774,1,0,Passing or Lane Usage Improper,4427411,25.1,17.4,1.0,1.0,0.0,4.0,53,17.7,33.8,295,Drizzle: Moderate,1,1,
36346,2021-06-15 23:00:00,40.870224,-73.88717,0,0,Failure to Yield Right-of-Way,4427823,25.1,17.4,1.0,1.0,0.0,4.0,53,17.7,33.8,295,Drizzle: Moderate,0,0,
36347,2021-06-15 18:30:00,40.683483,-73.773506,0,0,Unspecified,4427685,25.1,17.4,1.0,1.0,0.0,4.0,53,17.7,33.8,295,Drizzle: Moderate,0,0,
36348,2021-06-15 10:00:00,40.665287,-73.99301,0,0,Unspecified,4428187,25.1,17.4,1.0,1.0,0.0,4.0,53,17.7,33.8,295,Drizzle: Moderate,0,0,
36349,2021-06-15 00:50:00,40.652554,-73.92078,2,0,Unspecified,4427817,25.1,17.4,1.0,1.0,0.0,4.0,53,17.7,33.8,295,Drizzle: Moderate,2,2,
36350,2021-06-12 10:00:00,40.875076,-73.86612,0,0,Other Vehicular,4428035,21.2,16.4,0.4,0.4,0.0,3.0,51,15.5,31.3,112,Drizzle: Light,0,0,
36351,2021-06-01 19:45:00,40.6952,-73.92844,1,0,Pedestrian/Bicyclist/Other Pedestrian Error/Confusion,4427987,23.5,9.7,0.0,0.0,0.0,0.0,3,17.6,32.0,221,Overcast,1,1,
36352,2021-06-15 17:23:00,40.634506,-73.949455,0,0,Unsafe Lane Changing,4427591,25.1,17.4,1.0,1.0,0.0,4.0,53,17.7,33.8,295,Drizzle: Moderate,0,0,
36353,2021-06-15 22:00:00,40.68406,-73.72873,0,0,Failure to Yield Right-of-Way,4427538,25.1,17.4,1.0,1.0,0.0,4.0,53,17.7,33.8,295,Drizzle: Moderate,0,0,
36354,2021-06-04 16:30:00,40.58695,-74.16416,1,0,Driver Inattention/Distraction,4428090,25.3,17.4,6.5,6.5,0.0,10.0,61,17.9,37.8,235,Rain: Light,1,1,
36355,2021-06-15 08:45:00,40.689598,-73.91025,0,0,Driver Inattention/Distraction,4427496,25.1,17.4,1.0,1.0,0.0,4.0,53,17.7,33.8,295,Drizzle: Moderate,0,0,
36356,2021-06-15 18:06:00,40.62709,-73.94403,1,0,Driver Inattention/Distraction,4427854,25.1,17.4,1.0,1.0,0.0,4.0,53,17.7,33.8,295,Drizzle: Moderate,1,1,
36357,2021-06-03 12:32:00,40.683464,-73.97569,0,0,Driver Inattention/Distraction,4428120,23.0,13.2,11.9,11.9,0.0,10.0,63,13.6,38.9,165,Rain: Moderate,0,0,
36358,2021-06-15 15:00:00,40.634544,-73.97273,0,0,Unspecified,4427617,25.1,17.4,1.0,1.0,0.0,4.0,53,17.7,33.8,295,Drizzle: Moderate,0,0,
36359,2021-06-15 20:54:00,40.73191,-73.87124,0,0,Following Too Closely,4427543,25.1,17.4,1.0,1.0,0.0,4.0,53,17.7,33.8,295,Drizzle: Moderate,0,0,
36360,2021-06-15 14:30:00,40.600216,-73.743706,0,0,Passing Too Closely,4427618,25.1,17.4,1.0,1.0,0.0,4.0,53,17.7,33.8,295,Drizzle: Moderate,0,0,
36361,2021-06-15 17:15:00,40.585136,-73.95918,0,0,Unspecified,4427580,25.1,17.4,1.0,1.0,0.0,4.0,53,17.7,33.8,295,Drizzle: Moderate,0,0,
36362,2021-06-15 05:00:00,40.700737,-73.99499,1,0,Following Too Closely,4427190,25.1,17.4,1.0,1.0,0.0,4.0,53,17.7,33.8,295,Drizzle: Moderate,1,1,
36363,2021-06-15 16:50:00,40.670532,-73.91488,0,0,Passing or Lane Usage Improper,4428064,25.1,17.4,1.0,1.0,0.0,4.0,53,17.7,33.8,295,Drizzle: Moderate,0,0,
36364,2021-06-14 14:20:00,40.75355,-73.98505,0,0,Passing or Lane Usage Improper,4428167,21.4,17.5,21.7,21.7,0.0,11.0,65,21.1,48.6,154,Rain: Heavy,0,0,
36365,2021-06-15 09:30:00,40.748993,-73.89687,1,0,Driver Inattention/Distraction,4427523,25.1,17.4,1.0,1.0,0.0,4.0,53,17.7,33.8,295,Drizzle: Moderate,1,1,
36366,2021-06-15 14:00:00,40.668785,-73.87758,0,0,Unspecified,4427799,25.1,17.4,1.0,1.0,0.0,4.0,53,17.7,33.8,295,Drizzle: Moderate,0,0,
36367,2021-06-02 12:00:00,40.798492,-73.94923,0,0,Unspecified,4428150,22.4,13.0,0.0,0.0,0.0,0.0,3,16.7,34.9,176,Overcast,0,0,
36368,2021-06-11 23:10:00,40.883556,-73.84974,1,0,Driver Inattention/Distraction,4428112,20.7,15.3,1.2,1.2,0.0,3.0,53,13.2,27.0,97,Drizzle: Moderate,1,1,
36369,2021-06-15 07:50:00,40.76142,-73.97243,1,0,Driver Inattention/Distraction,4427951,25.1,17.4,1.0,1.0,0.0,4.0,53,17.7,33.8,295,Drizzle: Moderate,1,1,
36370,2021-06-15 03:04:00,40.675735,-73.89686,1,0,Unspecified,4427246,25.1,17.4,1.0,1.0,0.0,4.0,53,17.7,33.8,295,Drizzle: Moderate,1,1,
36371,2021-06-14 19:30:00,40.69642,-73.95978,0,0,Backing Unsafely,4428018,21.4,17.5,21.7,21.7,0.0,11.0,65,21.1,48.6,154,Rain: Heavy,0,0,
36372,2021-06-15 10:35:00,40.692547,-73.990974,0,0,Backing Unsafely,4427490,25.1,17.4,1.0,1.0,0.0,4.0,53,17.7,33.8,295,Drizzle: Moderate,0,0,
36373,2021-06-15 14:25:00,40.747204,-73.816925,0,0,Turning Improperly,4427582,25.1,17.4,1.0,1.0,0.0,4.0,53,17.7,33.8,295,Drizzle: Moderate,0,0,
36374,2021-06-13 01:01:00,40.556454,-74.20777,0,0,Unspecified,4428075,23.9,15.0,0.2,0.2,0.0,2.0,51,17.7,35.6,185,Drizzle: Light,0,0,
36375,2022-01-02 11:15:00,40.676003,-73.865395,0,0,Driver Inattention/Distraction,4491561,13.1,2.7,16.0,16.0,0.0,8.0,65,25.1,52.6,318,Rain: Heavy,0,0,
36376,2021-06-15 16:07:00,40.682125,-73.87752,0,0,Other Vehicular,4427788,25.1,17.4,1.0,1.0,0.0,4.0,53,17.7,33.8,295,Drizzle: Moderate,0,0,
36377,2021-06-15 18:43:00,40.812214,-73.885895,2,0,Failure to Yield Right-of-Way,4427841,25.1,17.4,1.0,1.0,0.0,4.0,53,17.7,33.8,295,Drizzle: Moderate,2,2,
36378,2021-06-15 16:20:00,40.66923,-73.997154,1,0,Following Too Closely,4427558,25.1,17.4,1.0,1.0,0.0,4.0,53,17.7,33.8,295,Drizzle: Moderate,1,1,
36379,2021-06-15 17:15:00,40.622414,-73.896484,1,0,Following Too Closely,4428239,25.1,17.4,1.0,1.0,0.0,4.0,53,17.7,33.8,295,Drizzle: Moderate,1,1,
36380,2021-06-01 15:40:00,40.70722,-73.78957,0,0,Unspecified,4428140,23.5,9.7,0.0,0.0,0.0,0.0,3,17.6,32.0,221,Overcast,0,0,
36381,2022-01-02 16:00:00,40.695827,-73.855385,0,0,Backing Unsafely,4491510,13.1,2.7,16.0,16.0,0.0,8.0,65,25.1,52.6,318,Rain: Heavy,0,0,
36382,2022-01-02 15:05:00,40.59075,-74.08837,2,0,Failure to Yield Right-of-Way,4491548,13.1,2.7,16.0,16.0,0.0,8.0,65,25.1,52.6,318,Rain: Heavy,2,2,
36383,2021-06-15 11:30:00,40.863033,-73.85781,1,0,Driver Inattention/Distraction,4427409,25.1,17.4,1.0,1.0,0.0,4.0,53,17.7,33.8,295,Drizzle: Moderate,1,1,
36384,2021-06-15 11:49:00,40.67027,-73.91807,1,0,Driver Inattention/Distraction,4427441,25.1,17.4,1.0,1.0,0.0,4.0,53,17.7,33.8,295,Drizzle: Moderate,1,1,
36385,2020-12-12 16:14:00,40.864857,-73.92572,0,0,Passing or Lane Usage Improper,4428130,12.5,2.5,1.2,1.2,0.0,5.0,51,13.7,25.2,181,Drizzle: Light,0,0,
36386,2021-06-15 16:50:00,40.74947,-73.7564,1,0,Following Too Closely,4427517,25.1,17.4,1.0,1.0,0.0,4.0,53,17.7,33.8,295,Drizzle: Moderate,1,1,
36387,2021-06-15 12:00:00,40.563774,-74.15586,1,0,Reaction to Uninvolved Vehicle,4427744,25.1,17.4,1.0,1.0,0.0,4.0,53,17.7,33.8,295,Drizzle: Moderate,1,1,
36388,2021-06-15 12:50:00,40.730137,-73.92693,1,0,Following Too Closely,4428081,25.1,17.4,1.0,1.0,0.0,4.0,53,17.7,33.8,295,Drizzle: Moderate,1,1,
36389,2021-06-15 07:50:00,40.58062,-73.95472,1,0,Failure to Yield Right-of-Way,4427390,25.1,17.4,1.0,1.0,0.0,4.0,53,17.7,33.8,295,Drizzle: Moderate,1,1,
36390,2021-06-15 00:00:00,40.674,-74.000275,0,0,Failure to Yield Right-of-Way,4427623,25.1,17.4,1.0,1.0,0.0,4.0,53,17.7,33.8,295,Drizzle: Moderate,0,0,
36391,2021-06-15 09:28:00,40.69279,-73.76522,1,0,Failure to Yield Right-of-Way,4427425,25.1,17.4,1.0,1.0,0.0,4.0,53,17.7,33.8,295,Drizzle: Moderate,1,1,
36392,2021-06-15 16:00:00,40.659718,-73.94534,1,0,Unspecified,4427546,25.1,17.4,1.0,1.0,0.0,4.0,53,17.7,33.8,295,Drizzle: Moderate,1,1,
36393,2021-06-15 16:00:00,40.6266,-73.98271,0,0,Unspecified,4427930,25.1,17.4,1.0,1.0,0.0,4.0,53,17.7,33.8,295,Drizzle: Moderate,0,0,
36394,2021-06-14 03:45:00,40.753254,-73.88021,0,0,Driver Inattention/Distraction,4428034,21.4,17.5,21.7,21.7,0.0,11.0,65,21.1,48.6,154,Rain: Heavy,0,0,
36395,2021-06-15 17:55:00,40.71654,-73.996994,0,0,Turning Improperly,4427779,25.1,17.4,1.0,1.0,0.0,4.0,53,17.7,33.8,295,Drizzle: Moderate,0,0,
36396,2021-06-15 07:30:00,40.713287,-73.87163,1,0,Failure to Yield Right-of-Way,4427505,25.1,17.4,1.0,1.0,0.0,4.0,53,17.7,33.8,295,Drizzle: Moderate,1,1,
36397,2021-06-15 21:50:00,40.606247,-73.97645,1,0,Following Too Closely,4427553,25.1,17.4,1.0,1.0,0.0,4.0,53,17.7,33.8,295,Drizzle: Moderate,1,1,
36398,2021-06-09 15:38:00,40.65502,-73.94712,1,0,Unspecified,4428210,30.2,21.4,1.1,1.1,0.0,5.0,51,11.7,28.1,286,Drizzle: Light,1,1,
36399,2021-06-15 17:05:00,40.65925,-73.988434,0,0,Other Vehicular,4428192,25.1,17.4,1.0,1.0,0.0,4.0,53,17.7,33.8,295,Drizzle: Moderate,0,0,
36400,2021-06-11 22:15:00,40.818516,-73.93765,0,0,Other Vehicular,4428102,20.7,15.3,1.2,1.2,0.0,3.0,53,13.2,27.0,97,Drizzle: Moderate,0,0,
36401,2021-06-15 21:30:00,40.710045,-73.96853,0,0,Turning Improperly,4427889,25.1,17.4,1.0,1.0,0.0,4.0,53,17.7,33.8,295,Drizzle: Moderate,0,0,
36402,2021-06-11 01:05:00,40.694107,-73.89737,0,0,Passing or Lane Usage Improper,4428176,20.7,15.3,1.2,1.2,0.0,3.0,53,13.2,27.0,97,Drizzle: Moderate,0,0,
36403,2021-06-15 16:34:00,40.80543,-73.92087,1,0,Alcohol Involvement,4427667,25.1,17.4,1.0,1.0,0.0,4.0,53,17.7,33.8,295,Drizzle: Moderate,1,1,
36404,2021-06-15 08:27:00,40.69433,-73.82697,0,0,Driver Inexperience,4427306,25.1,17.4,1.0,1.0,0.0,4.0,53,17.7,33.8,295,Drizzle: Moderate,0,0,
36405,2021-06-15 13:45:00,40.580208,-74.09975,0,0,Following Too Closely,4427738,25.1,17.4,1.0,1.0,0.0,4.0,53,17.7,33.8,295,Drizzle: Moderate,0,0,
36406,2021-06-15 10:10:00,40.719566,-73.91239,0,0,Unspecified,4427701,25.1,17.4,1.0,1.0,0.0,4.0,53,17.7,33.8,295,Drizzle: Moderate,0,0,
36407,2021-06-15 11:40:00,40.77731,-73.91239,0,0,Pedestrian/Bicyclist/Other Pedestrian Error/Confusion,4427637,25.1,17.4,1.0,1.0,0.0,4.0,53,17.7,33.8,295,Drizzle: Moderate,0,0,
36408,2021-06-15 22:00:00,40.70831,-73.940735,0,0,Driver Inattention/Distraction,4427569,25.1,17.4,1.0,1.0,0.0,4.0,53,17.7,33.8,295,Drizzle: Moderate,0,0,
36409,2021-06-14 07:45:00,40.72277,-73.83625,1,0,Passing or Lane Usage Improper,4428209,21.4,17.5,21.7,21.7,0.0,11.0,65,21.1,48.6,154,Rain: Heavy,1,1,
36410,2021-06-15 13:30:00,40.75999,-73.87,0,0,Driver Inattention/Distraction,4428040,25.1,17.4,1.0,1.0,0.0,4.0,53,17.7,33.8,295,Drizzle: Moderate,0,0,
36411,2021-06-15 15:40:00,40.594917,-74.15943,0,0,Reaction to Uninvolved Vehicle,4427595,25.1,17.4,1.0,1.0,0.0,4.0,53,17.7,33.8,295,Drizzle: Moderate,0,0,
36412,2021-06-15 09:00:00,40.701332,-73.98201,0,0,Following Too Closely,4427900,25.1,17.4,1.0,1.0,0.0,4.0,53,17.7,33.8,295,Drizzle: Moderate,0,0,
36413,2021-06-15 11:50:00,40.55168,-74.14479,1,0,Unsafe Speed,4428296,25.1,17.4,1.0,1.0,0.0,4.0,53,17.7,33.8,295,Drizzle: Moderate,1,1,
36414,2021-06-15 18:05:00,40.690296,-73.744675,1,0,Unspecified,4427528,25.1,17.4,1.0,1.0,0.0,4.0,53,17.7,33.8,295,Drizzle: Moderate,1,1,
36415,2021-06-15 11:30:00,40.737885,-73.98091,0,0,Driver Inattention/Distraction,4427758,25.1,17.4,1.0,1.0,0.0,4.0,53,17.7,33.8,295,Drizzle: Moderate,0,0,
36416,2021-06-15 00:00:00,40.654034,-73.930626,1,0,Unspecified,4427818,25.1,17.4,1.0,1.0,0.0,4.0,53,17.7,33.8,295,Drizzle: Moderate,1,1,
36417,2021-06-15 13:50:00,40.612286,-74.01098,0,0,Unspecified,4427552,25.1,17.4,1.0,1.0,0.0,4.0,53,17.7,33.8,295,Drizzle: Moderate,0,0,
36418,2021-06-15 11:30:00,40.671345,-73.98027,1,0,Unspecified,4427710,25.1,17.4,1.0,1.0,0.0,4.0,53,17.7,33.8,295,Drizzle: Moderate,1,1,
36419,2021-06-15 10:53:00,40.660797,-73.87183,1,0,Failure to Yield Right-of-Way,4427362,25.1,17.4,1.0,1.0,0.0,4.0,53,17.7,33.8,295,Drizzle: Moderate,1,1,
36420,2021-06-15 12:00:00,40.778484,-73.94526,0,0,Unspecified,4427604,25.1,17.4,1.0,1.0,0.0,4.0,53,17.7,33.8,295,Drizzle: Moderate,0,0,
36421,2021-06-15 10:00:00,40.715233,-74.005424,0,0,Passing or Lane Usage Improper,4427453,25.1,17.4,1.0,1.0,0.0,4.0,53,17.7,33.8,295,Drizzle: Moderate,0,0,
36422,2021-06-15 13:28:00,40.6732,-74.00798,0,0,Unspecified,4427620,25.1,17.4,1.0,1.0,0.0,4.0,53,17.7,33.8,295,Drizzle: Moderate,0,0,
36423,2021-06-15 10:20:00,40.751434,-73.94725,0,0,Driver Inattention/Distraction,4427521,25.1,17.4,1.0,1.0,0.0,4.0,53,17.7,33.8,295,Drizzle: Moderate,0,0,
36424,2021-06-15 09:00:00,40.783245,-73.94473,1,0,Traffic Control Disregarded,4427603,25.1,17.4,1.0,1.0,0.0,4.0,53,17.7,33.8,295,Drizzle: Moderate,1,1,
36425,2021-06-12 15:03:00,40.663662,-73.93562,2,0,Driver Inattention/Distraction,4428318,21.2,16.4,0.4,0.4,0.0,3.0,51,15.5,31.3,112,Drizzle: Light,2,2,
36426,2021-06-15 13:25:00,40.86235,-73.89997,0,0,Driver Inattention/Distraction,4427986,25.1,17.4,1.0,1.0,0.0,4.0,53,17.7,33.8,295,Drizzle: Moderate,0,0,
36427,2021-06-15 16:10:00,40.840836,-73.87258,0,0,Driver Inattention/Distraction,4427562,25.1,17.4,1.0,1.0,0.0,4.0,53,17.7,33.8,295,Drizzle: Moderate,0,0,
36428,2021-06-15 09:30:00,40.758484,-73.82005,0,0,Passing Too Closely,4428005,25.1,17.4,1.0,1.0,0.0,4.0,53,17.7,33.8,295,Drizzle: Moderate,0,0,
36429,2021-06-15 03:00:00,40.736317,-73.857605,0,0,Failure to Yield Right-of-Way,4427204,25.1,17.4,1.0,1.0,0.0,4.0,53,17.7,33.8,295,Drizzle: Moderate,0,0,
36430,2021-06-14 12:03:00,40.64091,-73.994316,2,0,Unspecified,4428065,21.4,17.5,21.7,21.7,0.0,11.0,65,21.1,48.6,154,Rain: Heavy,2,2,
36431,2021-06-15 17:30:00,40.65317,-73.866875,1,0,Unspecified,4427798,25.1,17.4,1.0,1.0,0.0,4.0,53,17.7,33.8,295,Drizzle: Moderate,1,1,
36432,2021-06-13 02:20:00,40.74456,-73.983185,0,0,Following Too Closely,4428165,23.9,15.0,0.2,0.2,0.0,2.0,51,17.7,35.6,185,Drizzle: Light,0,0,
36433,2021-06-15 07:00:00,40.844685,-73.9408,0,0,Driver Inattention/Distraction,4427689,25.1,17.4,1.0,1.0,0.0,4.0,53,17.7,33.8,295,Drizzle: Moderate,0,0,
36434,2021-06-15 07:10:00,40.823647,-73.943855,1,0,Following Too Closely,4427423,25.1,17.4,1.0,1.0,0.0,4.0,53,17.7,33.8,295,Drizzle: Moderate,1,1,
36435,2021-06-15 05:45:00,40.811157,-73.884636,0,0,Unspecified,4427431,25.1,17.4,1.0,1.0,0.0,4.0,53,17.7,33.8,295,Drizzle: Moderate,0,0,
36436,2021-06-15 20:04:00,40.85493,-73.82617,2,0,Unspecified,4427644,25.1,17.4,1.0,1.0,0.0,4.0,53,17.7,33.8,295,Drizzle: Moderate,2,2,
36437,2021-06-15 23:44:00,40.67398,-73.911156,0,0,Unspecified,4428061,25.1,17.4,1.0,1.0,0.0,4.0,53,17.7,33.8,295,Drizzle: Moderate,0,0,
36438,2021-06-15 08:35:00,40.86951,-73.89175,1,0,Driver Inattention/Distraction,4427466,25.1,17.4,1.0,1.0,0.0,4.0,53,17.7,33.8,295,Drizzle: Moderate,1,1,
36439,2021-06-15 16:23:00,40.854153,-73.88876,1,0,View Obstructed/Limited,4427681,25.1,17.4,1.0,1.0,0.0,4.0,53,17.7,33.8,295,Drizzle: Moderate,1,1,
36440,2021-06-01 21:12:00,40.675888,-73.88649,0,0,Alcohol Involvement,4428089,23.5,9.7,0.0,0.0,0.0,0.0,3,17.6,32.0,221,Overcast,0,0,
36441,2021-06-15 17:05:00,40.70588,-73.86875,0,0,Following Too Closely,4427504,25.1,17.4,1.0,1.0,0.0,4.0,53,17.7,33.8,295,Drizzle: Moderate,0,0,
36442,2021-06-15 19:45:00,40.712914,-73.734436,0,0,Unspecified,4427718,25.1,17.4,1.0,1.0,0.0,4.0,53,17.7,33.8,295,Drizzle: Moderate,0,0,
36443,2021-06-01 20:40:00,40.882877,-73.902,1,0,Unsafe Speed,4428129,23.5,9.7,0.0,0.0,0.0,0.0,3,17.6,32.0,221,Overcast,1,1,
36444,2021-06-15 06:45:00,40.81608,-73.917694,0,0,Unspecified,4427374,25.1,17.4,1.0,1.0,0.0,4.0,53,17.7,33.8,295,Drizzle: Moderate,0,0,
36445,2021-06-15 16:53:00,40.75605,-73.94766,2,0,Driver Inattention/Distraction,4427645,25.1,17.4,1.0,1.0,0.0,4.0,53,17.7,33.8,295,Drizzle: Moderate,2,2,
36446,2021-06-15 14:55:00,40.66278,-73.88086,0,0,Driver Inattention/Distraction,4427713,25.1,17.4,1.0,1.0,0.0,4.0,53,17.7,33.8,295,Drizzle: Moderate,0,0,
36447,2021-06-15 10:00:00,40.543346,-74.14371,0,0,Passing or Lane Usage Improper,4427743,25.1,17.4,1.0,1.0,0.0,4.0,53,17.7,33.8,295,Drizzle: Moderate,0,0,
36448,2021-06-15 08:57:00,40.58309,-73.98637,1,0,Lost Consciousness,4427392,25.1,17.4,1.0,1.0,0.0,4.0,53,17.7,33.8,295,Drizzle: Moderate,1,1,
36449,2021-06-15 08:55:00,40.714138,-73.834915,0,0,Driver Inattention/Distraction,4427458,25.1,17.4,1.0,1.0,0.0,4.0,53,17.7,33.8,295,Drizzle: Moderate,0,0,
36450,2021-06-07 22:50:00,40.80929,-73.945045,0,0,Driver Inattention/Distraction,4428103,31.0,20.7,0.1,0.1,0.0,1.0,51,16.5,34.9,204,Drizzle: Light,0,0,
36451,2021-06-11 20:29:00,40.811775,-73.94126,0,0,Following Too Closely,4428110,20.7,15.3,1.2,1.2,0.0,3.0,53,13.2,27.0,97,Drizzle: Moderate,0,0,
36452,2021-06-15 17:12:00,40.63396,-74.01476,0,0,Following Too Closely,4427488,25.1,17.4,1.0,1.0,0.0,4.0,53,17.7,33.8,295,Drizzle: Moderate,0,0,
36453,2021-06-15 12:45:00,40.676937,-73.89907,0,0,Driver Inattention/Distraction,4427797,25.1,17.4,1.0,1.0,0.0,4.0,53,17.7,33.8,295,Drizzle: Moderate,0,0,
36454,2021-06-15 14:00:00,40.762352,-73.89325,0,0,Unsafe Speed,4428045,25.1,17.4,1.0,1.0,0.0,4.0,53,17.7,33.8,295,Drizzle: Moderate,0,0,
36455,2021-06-15 01:32:00,40.771305,-73.87664,0,0,Driver Inattention/Distraction,4427407,25.1,17.4,1.0,1.0,0.0,4.0,53,17.7,33.8,295,Drizzle: Moderate,0,0,
36456,2021-06-15 12:11:00,40.777092,-73.98211,1,0,Driver Inattention/Distraction,4427518,25.1,17.4,1.0,1.0,0.0,4.0,53,17.7,33.8,295,Drizzle: Moderate,1,1,
36457,2021-06-15 07:53:00,40.716354,-73.78419,0,0,Driver Inexperience,4427359,25.1,17.4,1.0,1.0,0.0,4.0,53,17.7,33.8,295,Drizzle: Moderate,0,0,
36458,2021-06-15 08:52:00,40.57859,-73.85347,0,0,Failure to Yield Right-of-Way,4427482,25.1,17.4,1.0,1.0,0.0,4.0,53,17.7,33.8,295,Drizzle: Moderate,0,0,
36459,2021-06-06 08:36:00,40.701103,-73.88789,0,0,Backing Unsafely,4428169,31.0,20.0,0.0,0.0,0.0,0.0,1,16.6,32.4,222,Mainly clear,0,0,Sunny/Clear Conditions
36460,2021-06-15 10:31:00,40.620064,-73.956566,1,0,Backing Unsafely,4427474,25.1,17.4,1.0,1.0,0.0,4.0,53,17.7,33.8,295,Drizzle: Moderate,1,1,
36461,2021-05-19 23:10:00,40.65771,-73.89668,0,0,Driver Inattention/Distraction,4428242,28.2,13.6,0.0,0.0,0.0,0.0,3,19.6,40.3,337,Overcast,0,0,
36462,2021-06-15 18:30:00,40.622234,-74.00901,1,0,Alcohol Involvement,4427976,25.1,17.4,1.0,1.0,0.0,4.0,53,17.7,33.8,295,Drizzle: Moderate,1,1,
36463,2021-06-15 10:38:00,40.82698,-73.830795,0,0,Unspecified,4427724,25.1,17.4,1.0,1.0,0.0,4.0,53,17.7,33.8,295,Drizzle: Moderate,0,0,
36464,2021-06-15 19:30:00,40.628567,-73.888794,1,0,Driver Inattention/Distraction,4427540,25.1,17.4,1.0,1.0,0.0,4.0,53,17.7,33.8,295,Drizzle: Moderate,1,1,
36465,2021-06-15 14:00:00,40.76871,-73.969986,0,0,Driver Inattention/Distraction,4427673,25.1,17.4,1.0,1.0,0.0,4.0,53,17.7,33.8,295,Drizzle: Moderate,0,0,
36466,2021-06-15 16:00:00,40.843365,-73.91545,0,0,Passing or Lane Usage Improper,4427735,25.1,17.4,1.0,1.0,0.0,4.0,53,17.7,33.8,295,Drizzle: Moderate,0,0,
36467,2021-06-15 19:30:00,40.691433,-73.89063,0,0,Failure to Yield Right-of-Way,4427705,25.1,17.4,1.0,1.0,0.0,4.0,53,17.7,33.8,295,Drizzle: Moderate,0,0,
36468,2021-06-15 18:40:00,40.716206,-73.9661,1,0,Driver Inattention/Distraction,4427576,25.1,17.4,1.0,1.0,0.0,4.0,53,17.7,33.8,295,Drizzle: Moderate,1,1,
36469,2021-06-15 15:21:00,40.821762,-73.88563,1,0,Unspecified,4427839,25.1,17.4,1.0,1.0,0.0,4.0,53,17.7,33.8,295,Drizzle: Moderate,1,1,
36470,2021-06-10 01:05:00,40.68888,-73.960014,0,0,Driver Inattention/Distraction,4428079,26.7,16.8,0.0,0.0,0.0,0.0,3,20.9,40.3,78,Overcast,0,0,
36471,2021-06-15 13:39:00,40.666393,-73.75177,1,0,Driver Inattention/Distraction,4427532,25.1,17.4,1.0,1.0,0.0,4.0,53,17.7,33.8,295,Drizzle: Moderate,1,1,
36472,2021-06-15 22:50:00,40.62273,-73.98842,0,0,Unspecified,4427938,25.1,17.4,1.0,1.0,0.0,4.0,53,17.7,33.8,295,Drizzle: Moderate,0,0,
36473,2021-06-15 19:20:00,40.745438,-73.923,1,0,Unspecified,4427527,25.1,17.4,1.0,1.0,0.0,4.0,53,17.7,33.8,295,Drizzle: Moderate,1,1,
36474,2021-06-15 00:45:00,40.666374,-73.88321,0,0,Backing Unsafely,4427268,25.1,17.4,1.0,1.0,0.0,4.0,53,17.7,33.8,295,Drizzle: Moderate,0,0,
36475,2021-06-10 23:30:00,40.747833,-73.83301,0,0,,4428007,26.7,16.8,0.0,0.0,0.0,0.0,3,20.9,40.3,78,Overcast,0,0,
36476,2021-06-08 15:04:00,40.79149,-73.93577,0,0,Outside Car Distraction,4428177,30.1,22.0,5.9,5.9,0.0,9.0,61,16.6,34.6,215,Rain: Light,0,0,
36477,2021-06-15 11:16:00,40.66297,-73.91684,0,0,Unspecified,4427443,25.1,17.4,1.0,1.0,0.0,4.0,53,17.7,33.8,295,Drizzle: Moderate,0,0,
36478,2021-06-15 20:10:00,40.58774,-73.809875,0,0,Driver Inattention/Distraction,4427554,25.1,17.4,1.0,1.0,0.0,4.0,53,17.7,33.8,295,Drizzle: Moderate,0,0,
36479,2021-06-07 00:00:00,40.90199,-73.844765,0,0,Unspecified,4428076,31.0,20.7,0.1,0.1,0.0,1.0,51,16.5,34.9,204,Drizzle: Light,0,0,
36480,2021-06-15 15:40:00,40.65414,-73.88732,2,0,Unspecified,4427801,25.1,17.4,1.0,1.0,0.0,4.0,53,17.7,33.8,295,Drizzle: Moderate,2,2,
36481,2021-06-14 09:30:00,40.665535,-73.93699,1,0,Failure to Yield Right-of-Way,4428323,21.4,17.5,21.7,21.7,0.0,11.0,65,21.1,48.6,154,Rain: Heavy,1,1,
36482,2021-06-15 16:57:00,40.84541,-73.902245,1,0,View Obstructed/Limited,4427559,25.1,17.4,1.0,1.0,0.0,4.0,53,17.7,33.8,295,Drizzle: Moderate,1,1,