,CRASH DATETIME,LATITUDE,LONGITUDE,NUMBER OF PERSONS INJURED,NUMBER OF PERSONS KILLED,CONTRIBUTING FACTOR VEHICLE 1,COLLISION_ID,temperature_2m_max,temperature_2m_min,precipitation_sum,rain_sum,snowfall_sum,precipitation_hours,weather_code,wind_speed_10m_max,wind_gusts_10m_max,wind_direction_10m_dominant,Weather Description,Severity_Score,Total_Affected_Persons,Weather_Category
36483,2021-06-15 16:00:00,40.834667,-73.88936,0,0,Unspecified,4427634,25.1,17.4,1.0,1.0,0.0,4.0,53,17.7,33.8,295,Drizzle: Moderate,0,0,
36484,2021-06-15 10:04:00,40.64953,-73.91633,1,0,Driver Inattention/Distraction,4427819,25.1,17.4,1.0,1.0,0.0,4.0,53,17.7,33.8,295,Drizzle: Moderate,1,1,
36485,2021-06-15 20:59:00,40.621265,-73.9288,0,0,Other Vehicular,4427545,25.1,17.4,1.0,1.0,0.0,4.0,53,17.7,33.8,295,Drizzle: Moderate,0,0,
36486,2021-06-15 01:55:00,40.811264,-73.95782,1,0,Unsafe Speed,4427510,25.1,17.4,1.0,1.0,0.0,4.0,53,17.7,33.8,295,Drizzle: Moderate,1,1,
36487,2021-06-14 05:18:00,40.78211,-73.955795,0,0,Unspecified,4427996,21.4,17.5,21.7,21.7,0.0,11.0,65,21.1,48.6,154,Rain: Heavy,0,0,
36488,2021-06-14 19:45:00,40.618732,-74.17606,2,0,Reaction to Uninvolved Vehicle,4428027,21.4,17.5,21.7,21.7,0.0,11.0,65,21.1,48.6,154,Rain: Heavy,2,2,
36489,2021-06-15 17:17:00,40.807472,-73.91139,0,0,Unspecified,4427665,25.1,17.4,1.0,1.0,0.0,4.0,53,17.7,33.8,295,Drizzle: Moderate,0,0,
36490,2021-06-15 11:40:00,40.662014,-73.886826,0,0,Following Too Closely,4427783,25.1,17.4,1.0,1.0,0.0,4.0,53,17.7,33.8,295,Drizzle: Moderate,0,0,
36491,2021-06-15 22:43:00,40.707493,-73.94153,0,0,Failure to Yield Right-of-Way,4427568,25.1,17.4,1.0,1.0,0.0,4.0,53,17.7,33.8,295,Drizzle: Moderate,0,0,
36492,2021-06-15 16:24:00,40.686142,-73.97069,0,0,Unspecified,4428211,25.1,17.4,1.0,1.0,0.0,4.0,53,17.7,33.8,295,Drizzle: Moderate,0,0,
36493,2021-06-15 12:25:00,40.764885,-73.98647,0,0,Driver Inattention/Distraction,4427605,25.1,17.4,1.0,1.0,0.0,4.0,53,17.7,33.8,295,Drizzle: Moderate,0,0,
36494,2021-06-14 10:27:00,40.675735,-73.89686,0,0,Unspecified,4428088,21.4,17.5,21.7,21.7,0.0,11.0,65,21.1,48.6,154,Rain: Heavy,0,0,
36495,2021-06-15 10:55:00,40.707653,-73.93984,1,0,Driver Inattention/Distraction,4427886,25.1,17.4,1.0,1.0,0.0,4.0,53,17.7,33.8,295,Drizzle: Moderate,1,1,
36496,2021-06-15 17:16:00,40.88473,-73.81571,0,0,Unspecified,4428149,25.1,17.4,1.0,1.0,0.0,4.0,53,17.7,33.8,295,Drizzle: Moderate,0,0,
36497,2021-06-15 15:43:00,40.67905,-74.01127,0,0,Unspecified,4427621,25.1,17.4,1.0,1.0,0.0,4.0,53,17.7,33.8,295,Drizzle: Moderate,0,0,
36498,2021-06-15 16:50:00,40.702312,-73.93535,0,0,Passing Too Closely,4428132,25.1,17.4,1.0,1.0,0.0,4.0,53,17.7,33.8,295,Drizzle: Moderate,0,0,
36499,2021-06-15 09:00:00,40.75991,-73.95882,1,0,Driver Inattention/Distraction,4427911,25.1,17.4,1.0,1.0,0.0,4.0,53,17.7,33.8,295,Drizzle: Moderate,1,1,
36500,2021-06-14 12:11:00,40.868366,-73.86624,0,0,Unspecified,4428066,21.4,17.5,21.7,21.7,0.0,11.0,65,21.1,48.6,154,Rain: Heavy,0,0,
36501,2021-06-15 13:30:00,40.785374,-73.840294,0,0,Passing or Lane Usage Improper,4428000,25.1,17.4,1.0,1.0,0.0,4.0,53,17.7,33.8,295,Drizzle: Moderate,0,0,
36502,2021-06-15 13:54:00,40.748245,-73.976295,0,0,Driver Inattention/Distraction,4427531,25.1,17.4,1.0,1.0,0.0,4.0,53,17.7,33.8,295,Drizzle: Moderate,0,0,
36503,2021-06-15 10:26:00,40.723515,-73.97615,0,0,Unspecified,4427692,25.1,17.4,1.0,1.0,0.0,4.0,53,17.7,33.8,295,Drizzle: Moderate,0,0,
36504,2021-06-15 10:58:00,40.62606,-73.997025,1,0,Failure to Yield Right-of-Way,4427436,25.1,17.4,1.0,1.0,0.0,4.0,53,17.7,33.8,295,Drizzle: Moderate,1,1,
36505,2021-06-15 09:30:00,40.847458,-73.944244,0,0,Passing or Lane Usage Improper,4427682,25.1,17.4,1.0,1.0,0.0,4.0,53,17.7,33.8,295,Drizzle: Moderate,0,0,
36506,2021-06-15 07:00:00,40.74945,-73.88711,0,0,Driver Inattention/Distraction,4428037,25.1,17.4,1.0,1.0,0.0,4.0,53,17.7,33.8,295,Drizzle: Moderate,0,0,
36507,2021-06-15 22:45:00,40.67677,-73.88949,1,0,Failure to Yield Right-of-Way,4427802,25.1,17.4,1.0,1.0,0.0,4.0,53,17.7,33.8,295,Drizzle: Moderate,1,1,
36508,2021-06-15 17:30:00,40.713085,-73.936035,0,0,Driver Inattention/Distraction,4427575,25.1,17.4,1.0,1.0,0.0,4.0,53,17.7,33.8,295,Drizzle: Moderate,0,0,
36509,2021-06-15 18:32:00,40.668797,-73.93113,1,0,Failure to Yield Right-of-Way,4428316,25.1,17.4,1.0,1.0,0.0,4.0,53,17.7,33.8,295,Drizzle: Moderate,1,1,
36510,2021-06-15 22:46:00,40.83256,-73.86943,0,0,Unspecified,4427593,25.1,17.4,1.0,1.0,0.0,4.0,53,17.7,33.8,295,Drizzle: Moderate,0,0,
36511,2022-01-02 18:53:00,40.68484,-73.83596,0,0,Unspecified,4491515,13.1,2.7,16.0,16.0,0.0,8.0,65,25.1,52.6,318,Rain: Heavy,0,0,
36512,2021-06-15 11:50:00,40.668266,-73.84214,0,0,Passing Too Closely,4427760,25.1,17.4,1.0,1.0,0.0,4.0,53,17.7,33.8,295,Drizzle: Moderate,0,0,
36513,2021-06-15 14:49:00,40.770527,-73.92731,1,0,Other Vehicular,4427641,25.1,17.4,1.0,1.0,0.0,4.0,53,17.7,33.8,295,Drizzle: Moderate,1,1,
36514,2021-06-15 16:01:00,40.822124,-73.85736,0,0,Unspecified,4427472,25.1,17.4,1.0,1.0,0.0,4.0,53,17.7,33.8,295,Drizzle: Moderate,0,0,
36515,2021-06-15 13:08:00,40.699165,-73.914925,0,0,Driver Inattention/Distraction,4427501,25.1,17.4,1.0,1.0,0.0,4.0,53,17.7,33.8,295,Drizzle: Moderate,0,0,
36516,2021-06-15 19:30:00,40.821968,-73.94574,0,0,Driver Inattention/Distraction,4428125,25.1,17.4,1.0,1.0,0.0,4.0,53,17.7,33.8,295,Drizzle: Moderate,0,0,
36517,2021-06-15 08:00:00,40.81505,-73.92427,1,0,Following Too Closely,4427375,25.1,17.4,1.0,1.0,0.0,4.0,53,17.7,33.8,295,Drizzle: Moderate,1,1,
36518,2021-06-04 15:45:00,40.624958,-74.145775,0,0,Driver Inattention/Distraction,4428094,25.3,17.4,6.5,6.5,0.0,10.0,61,17.9,37.8,235,Rain: Light,0,0,
36519,2021-06-15 21:20:00,40.742275,-73.91105,2,0,Driver Inattention/Distraction,4427551,25.1,17.4,1.0,1.0,0.0,4.0,53,17.7,33.8,295,Drizzle: Moderate,2,2,
36520,2021-06-13 19:34:00,40.79069,-73.94861,1,0,Unspecified,4428206,23.9,15.0,0.2,0.2,0.0,2.0,51,17.7,35.6,185,Drizzle: Light,1,1,
36521,2021-06-15 16:38:00,40.67141,-73.916954,1,0,Unspecified,4428060,25.1,17.4,1.0,1.0,0.0,4.0,53,17.7,33.8,295,Drizzle: Moderate,1,1,
36522,2021-06-09 07:40:00,40.802532,-73.95303,1,0,Traffic Control Disregarded,4428159,30.2,21.4,1.1,1.1,0.0,5.0,51,11.7,28.1,286,Drizzle: Light,1,1,
36523,2021-06-15 11:32:00,40.649548,-73.958496,1,0,Driver Inattention/Distraction,4427475,25.1,17.4,1.0,1.0,0.0,4.0,53,17.7,33.8,295,Drizzle: Moderate,1,1,
36524,2021-06-15 12:40:00,40.68266,-73.963005,1,0,Passing or Lane Usage Improper,4427513,25.1,17.4,1.0,1.0,0.0,4.0,53,17.7,33.8,295,Drizzle: Moderate,1,1,
36525,2021-06-15 13:00:00,40.675735,-73.89686,1,0,Failure to Yield Right-of-Way,4427784,25.1,17.4,1.0,1.0,0.0,4.0,53,17.7,33.8,295,Drizzle: Moderate,1,1,
36526,2021-06-15 23:45:00,40.651688,-73.88877,2,0,Following Too Closely,4427714,25.1,17.4,1.0,1.0,0.0,4.0,53,17.7,33.8,295,Drizzle: Moderate,2,2,
36527,2021-06-14 14:00:00,40.654327,-73.9221,1,0,Unspecified,4428221,21.4,17.5,21.7,21.7,0.0,11.0,65,21.1,48.6,154,Rain: Heavy,1,1,
36528,2021-06-15 07:23:00,40.819897,-73.91327,1,0,Passing or Lane Usage Improper,4427373,25.1,17.4,1.0,1.0,0.0,4.0,53,17.7,33.8,295,Drizzle: Moderate,1,1,
36529,2021-06-15 19:25:00,40.767612,-73.950005,0,0,Driver Inattention/Distraction,4427600,25.1,17.4,1.0,1.0,0.0,4.0,53,17.7,33.8,295,Drizzle: Moderate,0,0,
36530,2021-06-11 13:30:00,40.666428,-73.93691,0,0,Driver Inattention/Distraction,4428285,20.7,15.3,1.2,1.2,0.0,3.0,53,13.2,27.0,97,Drizzle: Moderate,0,0,
36531,2021-06-15 02:07:00,40.845837,-73.892006,0,0,Driver Inattention/Distraction,4427416,25.1,17.4,1.0,1.0,0.0,4.0,53,17.7,33.8,295,Drizzle: Moderate,0,0,
36532,2021-06-08 13:53:00,40.677715,-73.97326,1,0,Failure to Yield Right-of-Way,4428258,30.1,22.0,5.9,5.9,0.0,9.0,61,16.6,34.6,215,Rain: Light,1,1,
36533,2021-06-15 13:00:00,40.808163,-73.92653,0,0,Following Too Closely,4427663,25.1,17.4,1.0,1.0,0.0,4.0,53,17.7,33.8,295,Drizzle: Moderate,0,0,
36534,2021-06-15 08:15:00,40.84022,-73.873276,0,0,Passing or Lane Usage Improper,4427333,25.1,17.4,1.0,1.0,0.0,4.0,53,17.7,33.8,295,Drizzle: Moderate,0,0,
36535,2021-06-15 17:10:00,40.75184,-73.90358,1,0,Illnes,4427520,25.1,17.4,1.0,1.0,0.0,4.0,53,17.7,33.8,295,Drizzle: Moderate,1,1,
36536,2021-06-15 13:00:00,40.66685,-73.8907,1,0,Failure to Yield Right-of-Way,4427712,25.1,17.4,1.0,1.0,0.0,4.0,53,17.7,33.8,295,Drizzle: Moderate,1,1,
36537,2021-06-14 12:43:00,40.722065,-73.88554,0,0,Unspecified,4428170,21.4,17.5,21.7,21.7,0.0,11.0,65,21.1,48.6,154,Rain: Heavy,0,0,
36538,2021-06-15 15:00:00,40.85228,-73.8436,0,0,Driver Inattention/Distraction,4427639,25.1,17.4,1.0,1.0,0.0,4.0,53,17.7,33.8,295,Drizzle: Moderate,0,0,
36539,2021-06-15 10:00:00,40.74045,-73.844376,0,0,Following Too Closely,4427457,25.1,17.4,1.0,1.0,0.0,4.0,53,17.7,33.8,295,Drizzle: Moderate,0,0,
36540,2021-06-15 15:00:00,40.85999,-73.89686,0,0,Unspecified,4428021,25.1,17.4,1.0,1.0,0.0,4.0,53,17.7,33.8,295,Drizzle: Moderate,0,0,
36541,2021-06-15 08:10:00,40.647068,-73.993935,3,0,Driver Inattention/Distraction,4427939,25.1,17.4,1.0,1.0,0.0,4.0,53,17.7,33.8,295,Drizzle: Moderate,3,3,
36542,2021-06-15 08:11:00,40.676617,-73.8579,1,0,Unsafe Speed,4427555,25.1,17.4,1.0,1.0,0.0,4.0,53,17.7,33.8,295,Drizzle: Moderate,1,1,
36543,2021-06-15 17:50:00,40.634632,-73.91463,0,0,Unspecified,4427541,25.1,17.4,1.0,1.0,0.0,4.0,53,17.7,33.8,295,Drizzle: Moderate,0,0,
36544,2021-06-15 22:10:00,40.693295,-73.80802,2,0,Passing or Lane Usage Improper,4427794,25.1,17.4,1.0,1.0,0.0,4.0,53,17.7,33.8,295,Drizzle: Moderate,2,2,
36545,2021-06-15 08:30:00,40.69699,-73.73992,0,0,Unspecified,4427831,25.1,17.4,1.0,1.0,0.0,4.0,53,17.7,33.8,295,Drizzle: Moderate,0,0,
36546,2021-06-15 17:00:00,40.83936,-73.87281,0,0,Driver Inattention/Distraction,4427561,25.1,17.4,1.0,1.0,0.0,4.0,53,17.7,33.8,295,Drizzle: Moderate,0,0,
36547,2021-06-15 13:00:00,40.86902,-73.91392,0,0,Backing Unsafely,4428180,25.1,17.4,1.0,1.0,0.0,4.0,53,17.7,33.8,295,Drizzle: Moderate,0,0,
36548,2021-06-15 10:58:00,40.8228,-73.82755,0,0,Driver Inattention/Distraction,4427448,25.1,17.4,1.0,1.0,0.0,4.0,53,17.7,33.8,295,Drizzle: Moderate,0,0,
36549,2021-06-15 11:40:00,40.83005,-73.922424,0,0,Passing Too Closely,4427402,25.1,17.4,1.0,1.0,0.0,4.0,53,17.7,33.8,295,Drizzle: Moderate,0,0,
36550,2022-09-23 21:25:00,40.698246,-73.98055,1,0,Unspecified,4567065,16.4,10.0,0.0,0.0,0.0,0.0,0,31.1,56.9,323,Clear sky,1,1,Sunny/Clear Conditions
36551,2021-06-15 12:50:00,40.71808,-73.94781,1,0,Following Too Closely,4427671,25.1,17.4,1.0,1.0,0.0,4.0,53,17.7,33.8,295,Drizzle: Moderate,1,1,
36552,2021-06-15 00:00:00,40.831333,-73.92167,1,0,Unspecified,4427734,25.1,17.4,1.0,1.0,0.0,4.0,53,17.7,33.8,295,Drizzle: Moderate,1,1,
36553,2021-06-15 09:02:00,40.63552,-74.0167,0,0,Driver Inattention/Distraction,4427483,25.1,17.4,1.0,1.0,0.0,4.0,53,17.7,33.8,295,Drizzle: Moderate,0,0,
36554,2021-06-15 17:15:00,40.848038,-73.93285,0,0,Unspecified,4427704,25.1,17.4,1.0,1.0,0.0,4.0,53,17.7,33.8,295,Drizzle: Moderate,0,0,
36555,2021-06-15 08:40:00,40.834255,-73.90404,0,0,Driver Inattention/Distraction,4427633,25.1,17.4,1.0,1.0,0.0,4.0,53,17.7,33.8,295,Drizzle: Moderate,0,0,
36556,2021-06-15 11:00:00,40.695396,-73.81656,0,0,Driver Inattention/Distraction,4427393,25.1,17.4,1.0,1.0,0.0,4.0,53,17.7,33.8,295,Drizzle: Moderate,0,0,
36557,2021-06-15 00:30:00,40.831768,-73.90803,0,0,Driver Inattention/Distraction,4427302,25.1,17.4,1.0,1.0,0.0,4.0,53,17.7,33.8,295,Drizzle: Moderate,0,0,
36558,2021-06-15 08:55:00,40.748722,-73.89881,0,0,Driver Inattention/Distraction,4427524,25.1,17.4,1.0,1.0,0.0,4.0,53,17.7,33.8,295,Drizzle: Moderate,0,0,
36559,2021-06-15 19:24:00,40.80986,-73.94453,0,0,Unsafe Speed,4428108,25.1,17.4,1.0,1.0,0.0,4.0,53,17.7,33.8,295,Drizzle: Moderate,0,0,
36560,2021-06-15 12:30:00,40.76223,-73.84228,0,0,Driver Inattention/Distraction,4427587,25.1,17.4,1.0,1.0,0.0,4.0,53,17.7,33.8,295,Drizzle: Moderate,0,0,
36561,2021-06-15 14:15:00,40.581917,-73.82978,0,0,Failure to Yield Right-of-Way,4427486,25.1,17.4,1.0,1.0,0.0,4.0,53,17.7,33.8,295,Drizzle: Moderate,0,0,
36562,2021-06-15 15:50:00,40.58309,-73.98637,0,0,Backing Unsafely,4427968,25.1,17.4,1.0,1.0,0.0,4.0,53,17.7,33.8,295,Drizzle: Moderate,0,0,
36563,2021-06-13 13:33:00,40.66418,-73.93433,1,0,Unsafe Speed,4428016,23.9,15.0,0.2,0.2,0.0,2.0,51,17.7,35.6,185,Drizzle: Light,1,1,
36564,2022-01-02 22:30:00,40.766884,-73.921394,1,0,Driver Inattention/Distraction,4491588,13.1,2.7,16.0,16.0,0.0,8.0,65,25.1,52.6,318,Rain: Heavy,1,1,
36565,2021-06-10 16:50:00,40.700424,-73.9444,0,0,Passing Too Closely,4428077,26.7,16.8,0.0,0.0,0.0,0.0,3,20.9,40.3,78,Overcast,0,0,
36566,2021-06-15 05:50:00,40.665257,-73.739555,3,0,Unsafe Speed,4427535,25.1,17.4,1.0,1.0,0.0,4.0,53,17.7,33.8,295,Drizzle: Moderate,3,3,
36567,2021-06-15 14:30:00,40.64213,-73.92936,0,0,Unspecified,4427821,25.1,17.4,1.0,1.0,0.0,4.0,53,17.7,33.8,295,Drizzle: Moderate,0,0,
36568,2021-06-15 20:11:00,40.89549,-73.8506,2,0,Driver Inattention/Distraction,4428104,25.1,17.4,1.0,1.0,0.0,4.0,53,17.7,33.8,295,Drizzle: Moderate,2,2,
36569,2021-06-06 18:25:00,40.809063,-73.95068,0,0,Unspecified,4428136,31.0,20.0,0.0,0.0,0.0,0.0,1,16.6,32.4,222,Mainly clear,0,0,Sunny/Clear Conditions
36570,2021-06-12 08:16:00,40.694107,-73.89737,0,0,Unspecified,4428171,21.2,16.4,0.4,0.4,0.0,3.0,51,15.5,31.3,112,Drizzle: Light,0,0,
36571,2021-06-15 13:33:00,40.869335,-73.8255,0,0,Unspecified,4427437,25.1,17.4,1.0,1.0,0.0,4.0,53,17.7,33.8,295,Drizzle: Moderate,0,0,
36572,2021-06-15 18:00:00,40.68816,-73.848854,0,0,Failure to Yield Right-of-Way,4427697,25.1,17.4,1.0,1.0,0.0,4.0,53,17.7,33.8,295,Drizzle: Moderate,0,0,
36573,2021-06-15 17:15:00,40.683933,-73.91228,0,0,Driver Inattention/Distraction,4428059,25.1,17.4,1.0,1.0,0.0,4.0,53,17.7,33.8,295,Drizzle: Moderate,0,0,
36574,2021-06-15 16:44:00,40.85162,-73.82653,0,0,Unspecified,4427642,25.1,17.4,1.0,1.0,0.0,4.0,53,17.7,33.8,295,Drizzle: Moderate,0,0,
36575,2021-06-15 10:35:00,0.0,0.0,0,0,Backing Unsafely,4427414,25.1,17.4,1.0,1.0,0.0,4.0,53,17.7,33.8,295,Drizzle: Moderate,0,0,
36576,2021-06-15 12:36:00,40.60981,-73.92251,0,0,Passing Too Closely,4427476,25.1,17.4,1.0,1.0,0.0,4.0,53,17.7,33.8,295,Drizzle: Moderate,0,0,
36577,2021-06-15 19:00:00,40.57805,-74.079155,2,0,Aggressive Driving/Road Rage,4427740,25.1,17.4,1.0,1.0,0.0,4.0,53,17.7,33.8,295,Drizzle: Moderate,2,2,
36578,2021-06-15 12:38:00,40.84442,-73.92505,0,0,Driver Inattention/Distraction,4427730,25.1,17.4,1.0,1.0,0.0,4.0,53,17.7,33.8,295,Drizzle: Moderate,0,0,
36579,2021-06-15 09:20:00,40.78876,-73.852066,0,0,Backing Unsafely,4427379,25.1,17.4,1.0,1.0,0.0,4.0,53,17.7,33.8,295,Drizzle: Moderate,0,0,
36580,2021-06-09 22:18:00,40.69897,-73.95702,1,0,Aggressive Driving/Road Rage,4428078,30.2,21.4,1.1,1.1,0.0,5.0,51,11.7,28.1,286,Drizzle: Light,1,1,
36581,2021-06-15 21:00:00,40.886612,-73.84771,1,0,View Obstructed/Limited,4428148,25.1,17.4,1.0,1.0,0.0,4.0,53,17.7,33.8,295,Drizzle: Moderate,1,1,
36582,2021-06-15 07:33:00,40.66356,-73.92696,0,0,Unspecified,4427810,25.1,17.4,1.0,1.0,0.0,4.0,53,17.7,33.8,295,Drizzle: Moderate,0,0,
36583,2021-06-09 07:40:00,40.714466,-73.73457,0,0,Unspecified,4428197,30.2,21.4,1.1,1.1,0.0,5.0,51,11.7,28.1,286,Drizzle: Light,0,0,
36584,2021-06-15 19:00:00,40.691505,-73.986305,0,0,Unspecified,4427567,25.1,17.4,1.0,1.0,0.0,4.0,53,17.7,33.8,295,Drizzle: Moderate,0,0,
36585,2021-06-12 15:56:00,40.6915,-73.90956,1,0,Driver Inattention/Distraction,4427992,21.2,16.4,0.4,0.4,0.0,3.0,51,15.5,31.3,112,Drizzle: Light,1,1,
36586,2021-06-15 18:50:00,0.0,0.0,0,0,Aggressive Driving/Road Rage,4428001,25.1,17.4,1.0,1.0,0.0,4.0,53,17.7,33.8,295,Drizzle: Moderate,0,0,
36587,2021-06-05 14:55:00,40.687954,-73.93541,0,0,Unspecified,4428123,31.3,17.3,0.0,0.0,0.0,0.0,2,20.9,43.9,247,Partly cloudy,0,0,
36588,2021-06-15 13:30:00,40.77855,-73.951256,0,0,Driver Inattention/Distraction,4427597,25.1,17.4,1.0,1.0,0.0,4.0,53,17.7,33.8,295,Drizzle: Moderate,0,0,
36589,2021-06-15 17:38:00,40.86296,-73.85391,1,0,Driver Inattention/Distraction,4427622,25.1,17.4,1.0,1.0,0.0,4.0,53,17.7,33.8,295,Drizzle: Moderate,1,1,
36590,2021-06-13 05:30:00,40.66139,-73.94146,0,0,Unspecified,4428313,23.9,15.0,0.2,0.2,0.0,2.0,51,17.7,35.6,185,Drizzle: Light,0,0,
36591,2021-06-15 13:31:00,40.71405,-73.99683,1,0,Unspecified,4428073,25.1,17.4,1.0,1.0,0.0,4.0,53,17.7,33.8,295,Drizzle: Moderate,1,1,
36592,2021-06-15 11:35:00,40.68103,-73.74286,1,0,Unspecified,4427530,25.1,17.4,1.0,1.0,0.0,4.0,53,17.7,33.8,295,Drizzle: Moderate,1,1,
36593,2021-06-15 02:50:00,40.68706,-73.93682,0,0,Unsafe Speed,4427764,25.1,17.4,1.0,1.0,0.0,4.0,53,17.7,33.8,295,Drizzle: Moderate,0,0,
36594,2021-06-15 15:00:00,40.63063,-74.00923,0,0,Driver Inattention/Distraction,4427549,25.1,17.4,1.0,1.0,0.0,4.0,53,17.7,33.8,295,Drizzle: Moderate,0,0,
36595,2021-04-16 15:25:00,40.6889,-73.98583,1,0,Alcohol Involvement,4428095,11.8,3.7,2.9,2.9,0.0,12.0,53,23.5,49.0,307,Drizzle: Moderate,1,1,
36596,2021-06-15 21:49:00,40.75455,-73.74317,1,0,Reaction to Uninvolved Vehicle,4428228,25.1,17.4,1.0,1.0,0.0,4.0,53,17.7,33.8,295,Drizzle: Moderate,1,1,
36597,2021-06-15 22:06:00,40.761272,-73.95571,1,0,Driver Inexperience,4427606,25.1,17.4,1.0,1.0,0.0,4.0,53,17.7,33.8,295,Drizzle: Moderate,1,1,
36598,2021-06-15 14:45:00,40.703293,-73.7961,2,0,Following Too Closely,4427471,25.1,17.4,1.0,1.0,0.0,4.0,53,17.7,33.8,295,Drizzle: Moderate,2,2,
36599,2021-06-15 08:45:00,40.67833,-73.869606,0,0,Driver Inattention/Distraction,4427365,25.1,17.4,1.0,1.0,0.0,4.0,53,17.7,33.8,295,Drizzle: Moderate,0,0,
36600,2021-06-15 21:50:00,40.850243,-73.89314,2,0,Alcohol Involvement,4427684,25.1,17.4,1.0,1.0,0.0,4.0,53,17.7,33.8,295,Drizzle: Moderate,2,2,
36601,2021-06-15 10:20:00,40.675735,-73.89686,0,0,Unspecified,4427787,25.1,17.4,1.0,1.0,0.0,4.0,53,17.7,33.8,295,Drizzle: Moderate,0,0,
36602,2021-06-15 16:30:00,40.744465,-73.77179,2,0,Passing or Lane Usage Improper,4427515,25.1,17.4,1.0,1.0,0.0,4.0,53,17.7,33.8,295,Drizzle: Moderate,2,2,
36603,2021-06-15 08:30:00,40.698772,-73.92233,0,0,Passing Too Closely,4427498,25.1,17.4,1.0,1.0,0.0,4.0,53,17.7,33.8,295,Drizzle: Moderate,0,0,
36604,2021-06-15 16:20:00,40.69268,-73.73231,1,0,Unspecified,4427716,25.1,17.4,1.0,1.0,0.0,4.0,53,17.7,33.8,295,Drizzle: Moderate,1,1,
36605,2021-06-15 13:00:00,40.57645,-73.96979,0,0,Driver Inattention/Distraction,4428086,25.1,17.4,1.0,1.0,0.0,4.0,53,17.7,33.8,295,Drizzle: Moderate,0,0,
36606,2021-06-15 00:00:00,40.616814,-73.94396,0,0,Backing Unsafely,4427544,25.1,17.4,1.0,1.0,0.0,4.0,53,17.7,33.8,295,Drizzle: Moderate,0,0,
36607,2021-06-15 19:00:00,40.71441,-73.966934,1,0,Traffic Control Disregarded,4427571,25.1,17.4,1.0,1.0,0.0,4.0,53,17.7,33.8,295,Drizzle: Moderate,1,1,
36608,2021-06-15 23:10:00,40.764706,-73.868805,0,0,Driver Inattention/Distraction,4428036,25.1,17.4,1.0,1.0,0.0,4.0,53,17.7,33.8,295,Drizzle: Moderate,0,0,
36609,2021-06-15 21:19:00,40.767776,-73.903595,0,0,Unspecified,4427918,25.1,17.4,1.0,1.0,0.0,4.0,53,17.7,33.8,295,Drizzle: Moderate,0,0,
36610,2021-06-15 10:55:00,40.66495,-73.993355,0,0,Unspecified,4428188,25.1,17.4,1.0,1.0,0.0,4.0,53,17.7,33.8,295,Drizzle: Moderate,0,0,
36611,2021-06-15 20:00:00,40.65777,-73.93962,0,0,Driver Inattention/Distraction,4428273,25.1,17.4,1.0,1.0,0.0,4.0,53,17.7,33.8,295,Drizzle: Moderate,0,0,
36612,2021-06-15 20:36:00,40.618206,-73.96103,0,0,Unspecified,4427592,25.1,17.4,1.0,1.0,0.0,4.0,53,17.7,33.8,295,Drizzle: Moderate,0,0,
36613,2022-01-02 12:58:00,40.634735,-74.02941,0,0,Passing Too Closely,4491480,13.1,2.7,16.0,16.0,0.0,8.0,65,25.1,52.6,318,Rain: Heavy,0,0,
36614,2021-06-05 22:59:00,40.80949,-73.95167,4,0,Alcohol Involvement,4428157,31.3,17.3,0.0,0.0,0.0,0.0,2,20.9,43.9,247,Partly cloudy,4,4,
36615,2021-06-15 21:02:00,40.869884,-73.88185,1,0,Backing Unsafely,4427822,25.1,17.4,1.0,1.0,0.0,4.0,53,17.7,33.8,295,Drizzle: Moderate,1,1,
36616,2021-06-15 17:30:00,40.73436,-73.710144,0,0,Unspecified,4427856,25.1,17.4,1.0,1.0,0.0,4.0,53,17.7,33.8,295,Drizzle: Moderate,0,0,
36617,2021-06-15 21:39:00,40.675198,-73.789894,0,0,Passing Too Closely,4427942,25.1,17.4,1.0,1.0,0.0,4.0,53,17.7,33.8,295,Drizzle: Moderate,0,0,
36618,2021-06-15 08:23:00,40.64018,-74.02179,1,0,Driver Inattention/Distraction,4427556,25.1,17.4,1.0,1.0,0.0,4.0,53,17.7,33.8,295,Drizzle: Moderate,1,1,
36619,2021-12-31 01:10:00,40.77039,-73.954124,1,0,Traffic Control Disregarded,4491866,11.1,7.1,2.7,2.7,0.0,5.0,55,14.9,29.2,193,Drizzle: Dense,1,1,
36620,2022-01-02 16:47:00,40.599617,-73.911316,1,0,Following Too Closely,4491905,13.1,2.7,16.0,16.0,0.0,8.0,65,25.1,52.6,318,Rain: Heavy,1,1,
36621,2021-12-19 15:45:00,40.59565,-73.908165,1,0,Reaction to Uninvolved Vehicle,4491995,7.1,-1.8,0.5,0.5,0.0,4.0,51,26.4,47.5,327,Drizzle: Light,1,1,
36622,2022-01-02 18:20:00,40.708416,-73.94736,0,0,Driver Inattention/Distraction,4491504,13.1,2.7,16.0,16.0,0.0,8.0,65,25.1,52.6,318,Rain: Heavy,0,0,
36623,2022-01-02 16:46:00,40.73745,-73.863045,0,0,Unspecified,4491569,13.1,2.7,16.0,16.0,0.0,8.0,65,25.1,52.6,318,Rain: Heavy,0,0,