,CRASH DATETIME,LATITUDE,LONGITUDE,NUMBER OF PERSONS INJURED,NUMBER OF PERSONS KILLED,CONTRIBUTING FACTOR VEHICLE 1,COLLISION_ID,temperature_2m_max,temperature_2m_min,precipitation_sum,rain_sum,snowfall_sum,precipitation_hours,weather_code,wind_speed_10m_max,wind_gusts_10m_max,wind_direction_10m_dominant,Weather Description,Severity_Score,Total_Affected_Persons,Weather_Category
36916,2022-04-03 06:10:00,40.717724,-73.98577,2,0,Alcohol Involvement,4515841,8.3,3.4,3.1,3.1,0.0,5.0,61,21.9,38.2,274,Rain: Light,2,2,
36917,2021-10-11 16:50:00,40.828114,-73.93107,0,0,Passing or Lane Usage Improper,4466223,21.7,16.3,0.0,0.0,0.0,0.0,3,25.7,49.7,41,Overcast,0,0,
36918,2022-04-03 02:30:00,40.729084,-73.93104,1,0,Driver Inattention/Distraction,4515953,8.3,3.4,3.1,3.1,0.0,5.0,61,21.9,38.2,274,Rain: Light,1,1,
36919,2021-10-11 15:00:00,40.75513,-73.96525,1,0,Unsafe Speed,4466245,21.7,16.3,0.0,0.0,0.0,0.0,3,25.7,49.7,41,Overcast,1,1,
36920,2022-04-01 04:35:00,40.813095,-73.89827,0,0,Turning Improperly,4516661,15.2,5.3,1.4,1.4,0.0,8.0,51,33.1,61.9,277,Drizzle: Light,0,0,
36921,2021-10-11 08:00:00,40.675724,-73.875496,0,0,Unspecified,4466117,21.7,16.3,0.0,0.0,0.0,0.0,3,25.7,49.7,41,Overcast,0,0,
36922,2022-04-03 12:44:00,40.58412,-73.98187,0,0,Backing Unsafely,4516183,8.3,3.4,3.1,3.1,0.0,5.0,61,21.9,38.2,274,Rain: Light,0,0,
36923,2022-03-27 01:45:00,40.827057,-73.95202,0,0,Unspecified,4516410,7.5,-1.1,0.3,0.3,0.07,3.0,71,26.4,47.5,288,Snow fall: Light,0,0,Snowy Conditions
36924,2021-10-11 20:48:00,40.8011327,-73.9298758,0,0,Brakes Defective,4466293,21.7,16.3,0.0,0.0,0.0,0.0,3,25.7,49.7,41,Overcast,0,0,
36925,2021-10-11 10:55:00,40.843678,-73.871956,0,0,Reaction to Uninvolved Vehicle,4466222,21.7,16.3,0.0,0.0,0.0,0.0,3,25.7,49.7,41,Overcast,0,0,
36926,2022-03-31 14:00:00,40.623886,-73.89559,0,0,Unsafe Lane Changing,4516561,19.0,3.5,12.0,12.0,0.0,4.0,65,37.8,67.3,194,Rain: Heavy,0,0,
36927,2022-04-03 18:48:00,40.701786,-73.89803,0,0,Alcohol Involvement,4515864,8.3,3.4,3.1,3.1,0.0,5.0,61,21.9,38.2,274,Rain: Light,0,0,
36928,2022-03-19 21:43:00,40.540184,-74.22359,1,0,Alcohol Involvement,4516621,18.3,6.6,9.3,9.3,0.0,3.0,65,16.3,32.8,146,Rain: Heavy,1,1,
36929,2022-04-03 13:48:00,40.749485,-73.97539,1,0,Driver Inattention/Distraction,4515913,8.3,3.4,3.1,3.1,0.0,5.0,61,21.9,38.2,274,Rain: Light,1,1,
36930,2022-03-30 21:25:00,40.778164,-73.98862,0,0,Following Too Closely,4516485,5.9,-3.5,0.0,0.0,0.0,0.0,3,17.0,30.6,215,Overcast,0,0,
36931,2022-04-03 04:42:00,40.719063,-73.892,0,0,Steering Failure,4515776,8.3,3.4,3.1,3.1,0.0,5.0,61,21.9,38.2,274,Rain: Light,0,0,
36932,2022-04-02 20:20:00,40.860176,-73.891754,1,0,Driver Inattention/Distraction,4516397,11.1,1.4,0.0,0.0,0.0,0.0,3,26.3,47.9,286,Overcast,1,1,
36933,2021-10-11 08:50:00,40.585655,-73.951706,0,0,Driver Inattention/Distraction,4466173,21.7,16.3,0.0,0.0,0.0,0.0,3,25.7,49.7,41,Overcast,0,0,
36934,2021-10-11 04:15:00,40.740616,-73.85857,0,0,Driver Inattention/Distraction,4466074,21.7,16.3,0.0,0.0,0.0,0.0,3,25.7,49.7,41,Overcast,0,0,
36935,2021-10-11 19:30:00,40.711693,-73.95124,0,0,Driver Inattention/Distraction,4466233,21.7,16.3,0.0,0.0,0.0,0.0,3,25.7,49.7,41,Overcast,0,0,
36936,2022-04-01 23:45:00,40.69111,-73.91697,0,0,Driver Inattention/Distraction,4516332,15.2,5.3,1.4,1.4,0.0,8.0,51,33.1,61.9,277,Drizzle: Light,0,0,
36937,2022-03-26 16:40:00,40.742493,-73.87337,0,0,Unspecified,4516643,10.1,4.9,6.1,5.8,0.21,8.0,71,21.6,41.0,251,Snow fall: Light,0,0,Snowy Conditions
36938,2022-04-02 15:30:00,40.841293,-73.8828,1,0,Backing Unsafely,4516389,11.1,1.4,0.0,0.0,0.0,0.0,3,26.3,47.9,286,Overcast,1,1,
36939,2022-03-11 08:45:00,40.77428,-73.97738,0,0,Driver Inattention/Distraction,4516465,10.7,-1.0,0.0,0.0,0.0,0.0,3,20.5,39.2,178,Overcast,0,0,
36940,2022-04-03 08:05:00,40.671352,-73.88182,0,0,Unspecified,4516023,8.3,3.4,3.1,3.1,0.0,5.0,61,21.9,38.2,274,Rain: Light,0,0,
36941,2022-03-23 08:00:00,40.663902,-73.93993,0,0,Unspecified,4516438,8.4,1.3,2.2,2.2,0.0,3.0,55,19.6,34.6,73,Drizzle: Dense,0,0,
36942,2022-04-03 15:45:00,40.723698,-74.00792,0,0,Aggressive Driving/Road Rage,4516070,8.3,3.4,3.1,3.1,0.0,5.0,61,21.9,38.2,274,Rain: Light,0,0,
36943,2022-04-03 05:30:00,40.586205,-73.93417,0,0,Driver Inattention/Distraction,4515929,8.3,3.4,3.1,3.1,0.0,5.0,61,21.9,38.2,274,Rain: Light,0,0,
36944,2022-04-03 19:13:00,40.826275,-73.85971,1,0,Driver Inattention/Distraction,4516152,8.3,3.4,3.1,3.1,0.0,5.0,61,21.9,38.2,274,Rain: Light,1,1,
36945,2022-04-03 15:00:00,40.814144,-73.95571,0,0,Unspecified,4516540,8.3,3.4,3.1,3.1,0.0,5.0,61,21.9,38.2,274,Rain: Light,0,0,
36946,2022-04-03 16:22:00,40.68603,-73.97635,1,0,Backing Unsafely,4515870,8.3,3.4,3.1,3.1,0.0,5.0,61,21.9,38.2,274,Rain: Light,1,1,
36947,2022-04-02 21:43:00,40.681778,-73.78156,0,0,Unsafe Lane Changing,4516402,11.1,1.4,0.0,0.0,0.0,0.0,3,26.3,47.9,286,Overcast,0,0,
36948,2022-03-28 11:10:00,40.700836,-73.99495,0,0,Driver Inattention/Distraction,4516565,0.0,-5.2,0.3,0.0,0.21,3.0,71,31.3,59.0,303,Snow fall: Light,0,0,Snowy Conditions
36949,2021-10-11 09:30:00,40.7303024,-73.8108998,0,0,Driver Inattention/Distraction,4466145,21.7,16.3,0.0,0.0,0.0,0.0,3,25.7,49.7,41,Overcast,0,0,
36950,2021-10-11 06:30:00,40.694973,-73.84676,0,0,Passing Too Closely,4466043,21.7,16.3,0.0,0.0,0.0,0.0,3,25.7,49.7,41,Overcast,0,0,
36951,2022-04-03 15:19:00,40.67189,-73.895874,0,0,Unspecified,4516098,8.3,3.4,3.1,3.1,0.0,5.0,61,21.9,38.2,274,Rain: Light,0,0,
36952,2021-10-11 16:29:00,40.887512,-73.90598,0,0,Unspecified,4466213,21.7,16.3,0.0,0.0,0.0,0.0,3,25.7,49.7,41,Overcast,0,0,
36953,2022-04-03 12:52:00,40.682003,-73.81606,0,0,Passing or Lane Usage Improper,4515943,8.3,3.4,3.1,3.1,0.0,5.0,61,21.9,38.2,274,Rain: Light,0,0,
36954,2022-04-03 19:54:00,40.67385,-73.89155,1,0,Driver Inattention/Distraction,4516099,8.3,3.4,3.1,3.1,0.0,5.0,61,21.9,38.2,274,Rain: Light,1,1,
36955,2022-04-03 06:20:00,40.862812,-73.907555,2,0,Traffic Control Disregarded,4516059,8.3,3.4,3.1,3.1,0.0,5.0,61,21.9,38.2,274,Rain: Light,2,2,
36956,2022-04-03 21:19:00,40.622456,-73.91954,0,0,Unsafe Speed,4516444,8.3,3.4,3.1,3.1,0.0,5.0,61,21.9,38.2,274,Rain: Light,0,0,
36957,2022-04-03 04:10:00,40.629032,-74.00194,0,0,Unspecified,4515546,8.3,3.4,3.1,3.1,0.0,5.0,61,21.9,38.2,274,Rain: Light,0,0,
36958,2022-04-03 19:30:00,40.878315,-73.83271,0,0,Unspecified,4516491,8.3,3.4,3.1,3.1,0.0,5.0,61,21.9,38.2,274,Rain: Light,0,0,
36959,2022-03-25 06:40:00,40.873344,-73.85654,0,0,Alcohol Involvement,4516613,15.6,5.3,5.7,5.7,0.0,4.0,63,27.6,52.2,274,Rain: Moderate,0,0,
36960,2021-10-11 14:20:00,40.694836,-73.98393,0,0,Unspecified,4466247,21.7,16.3,0.0,0.0,0.0,0.0,3,25.7,49.7,41,Overcast,0,0,
36961,2022-04-03 12:45:00,40.67052,-73.81026,0,0,Driver Inexperience,4515896,8.3,3.4,3.1,3.1,0.0,5.0,61,21.9,38.2,274,Rain: Light,0,0,
36962,2022-03-28 21:18:00,40.645638,-73.946106,0,0,Unspecified,4516375,0.0,-5.2,0.3,0.0,0.21,3.0,71,31.3,59.0,303,Snow fall: Light,0,0,Snowy Conditions
36963,2022-03-26 08:20:00,40.637634,-74.121315,0,0,Driver Inattention/Distraction,4516604,10.1,4.9,6.1,5.8,0.21,8.0,71,21.6,41.0,251,Snow fall: Light,0,0,Snowy Conditions
36964,2022-04-02 01:20:00,40.640034,-73.877945,0,0,Passing or Lane Usage Improper,4516564,11.1,1.4,0.0,0.0,0.0,0.0,3,26.3,47.9,286,Overcast,0,0,
36965,2022-04-02 10:30:00,40.67567,-73.89785,0,0,Passing or Lane Usage Improper,4516425,11.1,1.4,0.0,0.0,0.0,0.0,3,26.3,47.9,286,Overcast,0,0,
36966,2022-04-03 04:53:00,40.73425,-73.86336,0,0,Tire Failure/Inadequate,4515609,8.3,3.4,3.1,3.1,0.0,5.0,61,21.9,38.2,274,Rain: Light,0,0,
36967,2022-04-02 23:50:00,40.771038,-73.89869,0,0,Driver Inattention/Distraction,4516459,11.1,1.4,0.0,0.0,0.0,0.0,3,26.3,47.9,286,Overcast,0,0,
36968,2022-04-03 16:55:00,40.63063,-74.00923,0,0,Driver Inattention/Distraction,4515868,8.3,3.4,3.1,3.1,0.0,5.0,61,21.9,38.2,274,Rain: Light,0,0,
36969,2022-04-03 04:10:00,40.863785,-73.90028,0,0,Unspecified,4516060,8.3,3.4,3.1,3.1,0.0,5.0,61,21.9,38.2,274,Rain: Light,0,0,
36970,2022-03-27 16:38:00,40.64453,-73.94599,0,0,Driver Inexperience,4516507,7.5,-1.1,0.3,0.3,0.07,3.0,71,26.4,47.5,288,Snow fall: Light,0,0,Snowy Conditions
36971,2022-04-03 06:45:00,40.7431,-73.974014,1,0,Driver Inattention/Distraction,4515931,8.3,3.4,3.1,3.1,0.0,5.0,61,21.9,38.2,274,Rain: Light,1,1,
36972,2022-04-02 15:50:00,40.68405,-73.97746,1,0,Turning Improperly,4516369,11.1,1.4,0.0,0.0,0.0,0.0,3,26.3,47.9,286,Overcast,1,1,
36973,2021-10-11 09:10:00,40.718647,-73.83771,1,0,Passing or Lane Usage Improper,4466208,21.7,16.3,0.0,0.0,0.0,0.0,3,25.7,49.7,41,Overcast,1,1,
36974,2022-01-03 12:00:00,40.651646,-73.93233,1,0,Driver Inattention/Distraction,4492121,2.0,-4.4,1.4,0.0,0.98,6.0,73,29.3,55.4,359,Snow fall: Moderate,1,1,Snowy Conditions
36975,2022-04-03 15:00:00,40.578106,-74.156876,0,0,Unsafe Speed,4516401,8.3,3.4,3.1,3.1,0.0,5.0,61,21.9,38.2,274,Rain: Light,0,0,
36976,2022-04-03 00:00:00,40.702374,-73.920265,0,0,Driver Inattention/Distraction,4515996,8.3,3.4,3.1,3.1,0.0,5.0,61,21.9,38.2,274,Rain: Light,0,0,
36977,2021-10-04 14:20:00,40.87877,-73.87283,0,0,Following Too Closely,4516681,20.6,16.4,21.8,21.8,0.0,17.0,63,20.8,42.8,61,Rain: Moderate,0,0,
36978,2022-04-02 22:00:00,40.75898,-73.96244,1,0,Failure to Yield Right-of-Way,4516592,11.1,1.4,0.0,0.0,0.0,0.0,3,26.3,47.9,286,Overcast,1,1,
36979,2022-03-30 15:40:00,40.78377,-73.98391,0,0,Passing or Lane Usage Improper,4516483,5.9,-3.5,0.0,0.0,0.0,0.0,3,17.0,30.6,215,Overcast,0,0,
36980,2022-04-03 12:28:00,40.765347,-73.8354,0,0,Turning Improperly,4515767,8.3,3.4,3.1,3.1,0.0,5.0,61,21.9,38.2,274,Rain: Light,0,0,
36981,2021-10-11 18:09:00,40.685226,-73.978294,0,0,Failure to Yield Right-of-Way,4466227,21.7,16.3,0.0,0.0,0.0,0.0,3,25.7,49.7,41,Overcast,0,0,
36982,2021-10-11 14:30:00,40.65249,-73.92179,0,0,Unspecified,4466244,21.7,16.3,0.0,0.0,0.0,0.0,3,25.7,49.7,41,Overcast,0,0,
36983,2021-10-11 01:28:00,40.688507,-73.86962,0,0,Unspecified,4466130,21.7,16.3,0.0,0.0,0.0,0.0,3,25.7,49.7,41,Overcast,0,0,
36984,2022-03-24 16:20:00,40.696663,-73.98085,1,0,Aggressive Driving/Road Rage,4516569,9.9,3.5,21.4,21.4,0.0,16.0,63,27.2,50.8,57,Rain: Moderate,1,1,
36985,2022-04-03 00:55:00,40.674953,-73.80205,0,0,Following Too Closely,4515885,8.3,3.4,3.1,3.1,0.0,5.0,61,21.9,38.2,274,Rain: Light,0,0,
36986,2022-04-01 18:50:00,40.856743,-73.89527,0,0,Aggressive Driving/Road Rage,4516359,15.2,5.3,1.4,1.4,0.0,8.0,51,33.1,61.9,277,Drizzle: Light,0,0,
36987,2021-10-11 10:00:00,40.7497,-73.80072,0,0,Following Too Closely,4466229,21.7,16.3,0.0,0.0,0.0,0.0,3,25.7,49.7,41,Overcast,0,0,
36988,2022-04-02 12:40:00,40.815876,-73.90051,0,0,Driver Inattention/Distraction,4516524,11.1,1.4,0.0,0.0,0.0,0.0,3,26.3,47.9,286,Overcast,0,0,
36989,2022-04-03 11:53:00,40.72543,-73.99678,1,0,Driver Inattention/Distraction,4515705,8.3,3.4,3.1,3.1,0.0,5.0,61,21.9,38.2,274,Rain: Light,1,1,
36990,2022-04-03 01:00:00,40.66685,-73.8907,0,0,Unspecified,4516109,8.3,3.4,3.1,3.1,0.0,5.0,61,21.9,38.2,274,Rain: Light,0,0,
36991,2022-04-03 17:49:00,40.615307,-74.15799,1,0,Following Too Closely,4516278,8.3,3.4,3.1,3.1,0.0,5.0,61,21.9,38.2,274,Rain: Light,1,1,
36992,2021-10-11 06:22:00,40.680325,-73.82898,0,0,Traffic Control Disregarded,4466107,21.7,16.3,0.0,0.0,0.0,0.0,3,25.7,49.7,41,Overcast,0,0,
36993,2022-04-03 00:15:00,40.582024,-73.96564,0,0,Unspecified,4515794,8.3,3.4,3.1,3.1,0.0,5.0,61,21.9,38.2,274,Rain: Light,0,0,
36994,2021-10-11 00:20:00,40.675186,-73.933304,0,0,Traffic Control Disregarded,4466197,21.7,16.3,0.0,0.0,0.0,0.0,3,25.7,49.7,41,Overcast,0,0,
36995,2022-04-03 14:30:00,40.75303,-73.92163,0,0,Backing Unsafely,4515951,8.3,3.4,3.1,3.1,0.0,5.0,61,21.9,38.2,274,Rain: Light,0,0,
36996,2022-04-03 04:45:00,40.70089,-73.75708,0,0,Unsafe Speed,4516411,8.3,3.4,3.1,3.1,0.0,5.0,61,21.9,38.2,274,Rain: Light,0,0,
36997,2022-04-03 08:30:00,40.882923,-73.90828,0,0,Driver Inattention/Distraction,4516464,8.3,3.4,3.1,3.1,0.0,5.0,61,21.9,38.2,274,Rain: Light,0,0,
36998,2021-10-11 17:45:00,40.748466,-73.99247,1,0,Driver Inattention/Distraction,4466221,21.7,16.3,0.0,0.0,0.0,0.0,3,25.7,49.7,41,Overcast,1,1,
36999,2022-04-03 20:00:00,40.744457,-73.90596,0,0,Unspecified,4515876,8.3,3.4,3.1,3.1,0.0,5.0,61,21.9,38.2,274,Rain: Light,0,0,
37000,2022-04-03 13:30:00,40.760525,-73.97998,1,0,Driver Inexperience,4515973,8.3,3.4,3.1,3.1,0.0,5.0,61,21.9,38.2,274,Rain: Light,1,1,
37001,2022-04-03 02:05:00,40.682564,-73.968765,0,0,Unspecified,4516671,8.3,3.4,3.1,3.1,0.0,5.0,61,21.9,38.2,274,Rain: Light,0,0,
37002,2022-04-03 18:30:00,40.70648,-73.96375,0,0,Turning Improperly,4516652,8.3,3.4,3.1,3.1,0.0,5.0,61,21.9,38.2,274,Rain: Light,0,0,
37003,2022-04-01 04:20:00,40.696648,-73.76175,0,0,Passing or Lane Usage Improper,4516405,15.2,5.3,1.4,1.4,0.0,8.0,51,33.1,61.9,277,Drizzle: Light,0,0,
37004,2022-03-30 18:10:00,40.73093,-73.864586,1,0,Traffic Control Disregarded,4516631,5.9,-3.5,0.0,0.0,0.0,0.0,3,17.0,30.6,215,Overcast,1,1,
37005,2022-04-03 23:20:00,40.75455,-73.96252,3,0,Pedestrian/Bicyclist/Other Pedestrian Error/Confusion,4516219,8.3,3.4,3.1,3.1,0.0,5.0,61,21.9,38.2,274,Rain: Light,3,3,
37006,2022-04-03 05:25:00,40.632378,-73.90353,0,0,Driver Inattention/Distraction,4515613,8.3,3.4,3.1,3.1,0.0,5.0,61,21.9,38.2,274,Rain: Light,0,0,
37007,2021-10-11 06:10:00,40.750763,-73.97445,0,0,Turning Improperly,4466169,21.7,16.3,0.0,0.0,0.0,0.0,3,25.7,49.7,41,Overcast,0,0,
37008,2022-04-01 04:02:00,40.672832,-73.96908,0,0,Driver Inattention/Distraction,4516353,15.2,5.3,1.4,1.4,0.0,8.0,51,33.1,61.9,277,Drizzle: Light,0,0,
37009,2022-04-03 16:30:00,40.691135,-73.98347,0,0,Passenger Distraction,4515859,8.3,3.4,3.1,3.1,0.0,5.0,61,21.9,38.2,274,Rain: Light,0,0,
37010,2021-10-11 20:20:00,40.70312,-73.96443,1,0,Following Too Closely,4466234,21.7,16.3,0.0,0.0,0.0,0.0,3,25.7,49.7,41,Overcast,1,1,
37011,2022-04-03 09:45:00,40.81772,-73.89545,0,0,Fell Asleep,4516122,8.3,3.4,3.1,3.1,0.0,5.0,61,21.9,38.2,274,Rain: Light,0,0,
37012,2022-04-03 13:50:00,40.750988,-73.99063,0,0,Driver Inattention/Distraction,4516032,8.3,3.4,3.1,3.1,0.0,5.0,61,21.9,38.2,274,Rain: Light,0,0,
37013,2022-03-30 12:36:00,40.696205,-73.97249,0,0,Passing or Lane Usage Improper,4516668,5.9,-3.5,0.0,0.0,0.0,0.0,3,17.0,30.6,215,Overcast,0,0,
37014,2021-10-11 09:13:00,40.73021,-73.81509,1,0,Driver Inattention/Distraction,4466159,21.7,16.3,0.0,0.0,0.0,0.0,3,25.7,49.7,41,Overcast,1,1,
37015,2021-10-11 01:13:00,40.650337,-73.86849,0,1,Following Too Closely,4466053,21.7,16.3,0.0,0.0,0.0,0.0,3,25.7,49.7,41,Overcast,20,1,
37016,2022-03-28 04:00:00,40.765198,-73.91395,1,0,Backing Unsafely,4516474,0.0,-5.2,0.3,0.0,0.21,3.0,71,31.3,59.0,303,Snow fall: Light,1,1,Snowy Conditions
37017,2022-04-03 22:40:00,40.606853,-73.747856,0,0,Unspecified,4516081,8.3,3.4,3.1,3.1,0.0,5.0,61,21.9,38.2,274,Rain: Light,0,0,
37018,2022-04-03 18:08:00,40.70683,-73.9684,0,0,Alcohol Involvement,4515911,8.3,3.4,3.1,3.1,0.0,5.0,61,21.9,38.2,274,Rain: Light,0,0,
37019,2022-04-01 13:30:00,40.7968,-73.929375,1,0,Following Too Closely,4516360,15.2,5.3,1.4,1.4,0.0,8.0,51,33.1,61.9,277,Drizzle: Light,1,1,
37020,2022-03-30 00:14:00,40.826077,-73.81808,0,0,Unspecified,4516392,5.9,-3.5,0.0,0.0,0.0,0.0,3,17.0,30.6,215,Overcast,0,0,
37021,2022-04-03 05:50:00,40.715916,-73.756775,1,0,Passing or Lane Usage Improper,4515967,8.3,3.4,3.1,3.1,0.0,5.0,61,21.9,38.2,274,Rain: Light,1,1,
37022,2022-03-31 23:30:00,40.85294,-73.88309,1,0,Alcohol Involvement,4516316,19.0,3.5,12.0,12.0,0.0,4.0,65,37.8,67.3,194,Rain: Heavy,1,1,
37023,2022-01-03 19:36:00,40.819267,-73.91378,1,0,Unspecified,4492206,2.0,-4.4,1.4,0.0,0.98,6.0,73,29.3,55.4,359,Snow fall: Moderate,1,1,Snowy Conditions
37024,2022-04-03 02:50:00,40.651104,-73.94381,0,0,Passing or Lane Usage Improper,4515630,8.3,3.4,3.1,3.1,0.0,5.0,61,21.9,38.2,274,Rain: Light,0,0,
37025,2022-04-03 16:41:00,40.655785,-73.86289,1,0,Driver Inattention/Distraction,4516094,8.3,3.4,3.1,3.1,0.0,5.0,61,21.9,38.2,274,Rain: Light,1,1,
37026,2022-04-03 00:00:00,40.82451,-73.95186,0,0,Unspecified,4515833,8.3,3.4,3.1,3.1,0.0,5.0,61,21.9,38.2,274,Rain: Light,0,0,
37027,2022-04-03 23:10:00,40.67624,-73.866104,0,0,Unspecified,4516100,8.3,3.4,3.1,3.1,0.0,5.0,61,21.9,38.2,274,Rain: Light,0,0,
37028,2022-04-03 17:35:00,40.6807,-73.84465,0,0,Following Too Closely,4515895,8.3,3.4,3.1,3.1,0.0,5.0,61,21.9,38.2,274,Rain: Light,0,0,
37029,2021-10-11 02:53:00,40.728424,-73.880516,0,0,Driver Inexperience,4466184,21.7,16.3,0.0,0.0,0.0,0.0,3,25.7,49.7,41,Overcast,0,0,
37030,2021-10-11 13:50:00,40.743225,-73.83778,1,0,Following Too Closely,4466230,21.7,16.3,0.0,0.0,0.0,0.0,3,25.7,49.7,41,Overcast,1,1,
37031,2022-04-03 18:00:00,40.670727,-73.88609,2,0,Alcohol Involvement,4516093,8.3,3.4,3.1,3.1,0.0,5.0,61,21.9,38.2,274,Rain: Light,2,2,
37032,2022-03-30 14:00:00,40.774967,-73.9568,0,0,Failure to Yield Right-of-Way,4516436,5.9,-3.5,0.0,0.0,0.0,0.0,3,17.0,30.6,215,Overcast,0,0,
37033,2021-10-11 07:55:00,40.72135,-74.00465,0,0,Unspecified,4466134,21.7,16.3,0.0,0.0,0.0,0.0,3,25.7,49.7,41,Overcast,0,0,
37034,2022-04-03 06:52:00,40.723686,-73.99648,1,0,Driver Inattention/Distraction,4516012,8.3,3.4,3.1,3.1,0.0,5.0,61,21.9,38.2,274,Rain: Light,1,1,
37035,2022-04-03 09:59:00,40.7544,-73.86669,0,0,Unspecified,4516446,8.3,3.4,3.1,3.1,0.0,5.0,61,21.9,38.2,274,Rain: Light,0,0,
37036,2022-04-03 00:40:00,40.75682,-73.749596,1,0,Pedestrian/Bicyclist/Other Pedestrian Error/Confusion,4515562,8.3,3.4,3.1,3.1,0.0,5.0,61,21.9,38.2,274,Rain: Light,1,1,
37037,2022-04-02 02:24:00,40.816097,-73.9178,0,0,Aggressive Driving/Road Rage,4516493,11.1,1.4,0.0,0.0,0.0,0.0,3,26.3,47.9,286,Overcast,0,0,
37038,2022-03-31 08:25:00,40.675434,-73.97797,1,0,View Obstructed/Limited,4516373,19.0,3.5,12.0,12.0,0.0,4.0,65,37.8,67.3,194,Rain: Heavy,1,1,
37039,2021-10-11 02:45:00,40.754463,-73.78147,0,0,Driver Inattention/Distraction,4465981,21.7,16.3,0.0,0.0,0.0,0.0,3,25.7,49.7,41,Overcast,0,0,
37040,2022-03-30 17:50:00,40.54013,-74.21769,0,0,Driver Inattention/Distraction,4516612,5.9,-3.5,0.0,0.0,0.0,0.0,3,17.0,30.6,215,Overcast,0,0,
37041,2022-04-02 08:50:00,40.71152,-73.78402,0,0,Driver Inattention/Distraction,4516573,11.1,1.4,0.0,0.0,0.0,0.0,3,26.3,47.9,286,Overcast,0,0,
37042,2022-04-03 13:20:00,40.835396,-73.92031,0,0,Passing or Lane Usage Improper,4516291,8.3,3.4,3.1,3.1,0.0,5.0,61,21.9,38.2,274,Rain: Light,0,0,
37043,2022-04-03 11:25:00,40.820187,-73.890686,1,0,Unspecified,4515787,8.3,3.4,3.1,3.1,0.0,5.0,61,21.9,38.2,274,Rain: Light,1,1,
37044,2022-04-03 19:30:00,40.82583,-73.85777,0,0,Unspecified,4516153,8.3,3.4,3.1,3.1,0.0,5.0,61,21.9,38.2,274,Rain: Light,0,0,
37045,2022-03-30 23:00:00,40.8285,-73.93779,1,0,Following Too Closely,4516489,5.9,-3.5,0.0,0.0,0.0,0.0,3,17.0,30.6,215,Overcast,1,1,
37046,2022-04-03 07:10:00,40.864574,-73.83503,1,0,Other Vehicular,4515840,8.3,3.4,3.1,3.1,0.0,5.0,61,21.9,38.2,274,Rain: Light,1,1,
37047,2021-10-11 10:00:00,40.697838,-73.97078,0,0,Unspecified,4466225,21.7,16.3,0.0,0.0,0.0,0.0,3,25.7,49.7,41,Overcast,0,0,
37048,2021-10-11 03:52:00,40.703674,-73.91513,0,0,Driver Inattention/Distraction,4466087,21.7,16.3,0.0,0.0,0.0,0.0,3,25.7,49.7,41,Overcast,0,0,
37049,2022-04-03 23:17:00,40.878,-73.90408,0,0,Unsafe Lane Changing,4516264,8.3,3.4,3.1,3.1,0.0,5.0,61,21.9,38.2,274,Rain: Light,0,0,
37050,2021-10-11 12:56:00,40.756134,-73.74047,0,0,Unspecified,4466249,21.7,16.3,0.0,0.0,0.0,0.0,3,25.7,49.7,41,Overcast,0,0,
37051,2021-10-11 18:23:00,40.62323,-73.92735,1,0,Driver Inattention/Distraction,4466242,21.7,16.3,0.0,0.0,0.0,0.0,3,25.7,49.7,41,Overcast,1,1,
37052,2021-10-11 18:50:00,40.678574,-73.8281139,1,0,Failure to Yield Right-of-Way,4466271,21.7,16.3,0.0,0.0,0.0,0.0,3,25.7,49.7,41,Overcast,1,1,
37053,2021-10-11 13:10:00,40.7648401,-73.9704958,0,0,Driver Inattention/Distraction,4466282,21.7,16.3,0.0,0.0,0.0,0.0,3,25.7,49.7,41,Overcast,0,0,
37054,2021-10-11 18:00:00,40.829138,-73.9113909,0,0,Driver Inexperience,4466299,21.7,16.3,0.0,0.0,0.0,0.0,3,25.7,49.7,41,Overcast,0,0,
37055,2021-10-11 14:46:00,40.6295919,-73.9475338,0,0,Unspecified,4466323,21.7,16.3,0.0,0.0,0.0,0.0,3,25.7,49.7,41,Overcast,0,0,
37056,2021-10-11 14:15:00,40.7804561,-73.9168286,0,0,Traffic Control Disregarded,4466353,21.7,16.3,0.0,0.0,0.0,0.0,3,25.7,49.7,41,Overcast,0,0,
37057,2021-10-11 13:00:00,40.6732477,-73.8867271,0,0,Unspecified,4466513,21.7,16.3,0.0,0.0,0.0,0.0,3,25.7,49.7,41,Overcast,0,0,
37058,2021-10-11 23:30:00,40.7973382,-73.9624344,1,0,Failure to Yield Right-of-Way,4466692,21.7,16.3,0.0,0.0,0.0,0.0,3,25.7,49.7,41,Overcast,1,1,
37059,2021-10-07 17:30:00,40.7533873,-73.996304,0,0,Following Too Closely,4466706,22.4,15.7,0.4,0.4,0.0,4.0,51,10.5,20.5,231,Drizzle: Light,0,0,
37060,2021-10-11 17:45:00,40.8544707,-73.9100739,2,0,Unspecified,4466713,21.7,16.3,0.0,0.0,0.0,0.0,3,25.7,49.7,41,Overcast,2,2,
37061,2021-10-05 08:20:00,40.7279629,-73.950073,0,0,Turning Improperly,4466728,19.9,15.0,0.0,0.0,0.0,0.0,3,14.5,28.1,46,Overcast,0,0,
37062,2021-12-11 01:00:00,40.84797,-73.924774,0,0,Following Too Closely,4485924,17.3,5.0,8.1,8.1,0.0,5.0,63,35.0,67.0,206,Rain: Moderate,0,0,
37063,2021-10-09 17:17:00,40.8530276,-73.918256,1,0,Driver Inattention/Distraction,4466882,20.2,15.2,1.2,1.2,0.0,5.0,51,22.8,42.8,71,Drizzle: Light,1,1,