,CRASH DATETIME,LATITUDE,LONGITUDE,NUMBER OF PERSONS INJURED,NUMBER OF PERSONS KILLED,CONTRIBUTING FACTOR VEHICLE 1,COLLISION_ID,temperature_2m_max,temperature_2m_min,precipitation_sum,rain_sum,snowfall_sum,precipitation_hours,weather_code,wind_speed_10m_max,wind_gusts_10m_max,wind_direction_10m_dominant,Weather Description,Severity_Score,Total_Affected_Persons,Weather_Category
37064,2021-10-10 15:18:00,40.6390218,-74.022464,0,0,Following Too Closely,4466792,18.5,16.0,2.4,2.4,0.0,8.0,53,27.2,52.6,52,Drizzle: Moderate,0,0,
37065,2021-12-11 23:00:00,40.758816,-73.90128,1,0,Driver Inattention/Distraction,4485964,17.3,5.0,8.1,8.1,0.0,5.0,63,35.0,67.0,206,Rain: Moderate,1,1,
37066,2021-12-11 10:57:00,40.85365,-73.871704,0,0,Failure to Yield Right-of-Way,4485401,17.3,5.0,8.1,8.1,0.0,5.0,63,35.0,67.0,206,Rain: Moderate,0,0,
37067,2021-12-11 04:40:00,40.75539,-73.828285,1,0,,4485446,17.3,5.0,8.1,8.1,0.0,5.0,63,35.0,67.0,206,Rain: Moderate,1,1,
37068,2021-06-15 14:30:00,40.544315,-74.19587,0,0,Oversized Vehicle,4428418,25.1,17.4,1.0,1.0,0.0,4.0,53,17.7,33.8,295,Drizzle: Moderate,0,0,
37069,2021-12-11 00:15:00,40.806026,-73.85453,0,0,Driver Inattention/Distraction,4486118,17.3,5.0,8.1,8.1,0.0,5.0,63,35.0,67.0,206,Rain: Moderate,0,0,
37070,2021-11-25 03:33:00,40.841087,-73.86449,5,0,Traffic Control Disregarded,4486128,11.7,1.2,0.0,0.0,0.0,0.0,3,12.0,22.0,241,Overcast,5,5,
37071,2021-12-11 16:57:00,40.61732,-73.94408,3,0,Brakes Defective,4485474,17.3,5.0,8.1,8.1,0.0,5.0,63,35.0,67.0,206,Rain: Moderate,3,3,
37072,2021-12-11 08:04:00,40.62143,-74.07451,0,0,Driver Inattention/Distraction,4485671,17.3,5.0,8.1,8.1,0.0,5.0,63,35.0,67.0,206,Rain: Moderate,0,0,
37073,2021-12-09 17:40:00,40.8283,-73.88296,1,0,Pedestrian/Bicyclist/Other Pedestrian Error/Confusion,4486113,3.6,-2.0,0.1,0.0,0.07,1.0,71,19.2,33.8,295,Snow fall: Light,1,1,Snowy Conditions
37074,2021-12-11 05:21:00,40.625603,-74.075035,0,0,Backing Unsafely,4486081,17.3,5.0,8.1,8.1,0.0,5.0,63,35.0,67.0,206,Rain: Moderate,0,0,
37075,2021-12-11 09:30:00,40.640827,-73.950424,0,0,View Obstructed/Limited,4485413,17.3,5.0,8.1,8.1,0.0,5.0,63,35.0,67.0,206,Rain: Moderate,0,0,
37076,2021-12-11 04:45:00,40.679035,-73.998985,0,0,Passing Too Closely,4485350,17.3,5.0,8.1,8.1,0.0,5.0,63,35.0,67.0,206,Rain: Moderate,0,0,
37077,2021-12-20 10:40:00,40.67641,-73.98047,0,1,Failure to Yield Right-of-Way,4488262,1.8,-4.4,0.0,0.0,0.0,0.0,2,17.9,32.8,282,Partly cloudy,20,1,
37078,2021-12-29 17:18:00,40.636333,-73.97102,3,0,Driver Inattention/Distraction,4490660,7.6,4.1,8.1,8.1,0.0,8.0,61,12.2,24.1,52,Rain: Light,3,3,
37079,2021-12-20 08:35:00,40.747963,-73.86337,1,0,Unspecified,4491854,1.8,-4.4,0.0,0.0,0.0,0.0,2,17.9,32.8,282,Partly cloudy,1,1,
37080,2021-12-24 12:38:00,40.846657,-73.89619,0,0,Driver Inattention/Distraction,4492366,5.7,-1.1,1.0,0.0,0.7,5.0,73,12.4,21.6,73,Snow fall: Moderate,0,0,Snowy Conditions
37081,2022-02-19 03:13:00,40.87645,-73.848175,1,0,Alcohol Involvement,4504913,3.3,-5.5,0.4,0.0,0.28,4.0,71,35.3,64.4,260,Snow fall: Light,1,1,Snowy Conditions
37082,2022-02-20 19:00:00,40.67236,-74.01124,2,0,Unspecified,4504292,2.4,-6.6,0.0,0.0,0.0,0.0,3,23.4,44.3,250,Overcast,2,2,
37083,2022-02-19 20:03:00,40.61895,-73.92689,0,1,Unspecified,4504756,3.3,-5.5,0.4,0.0,0.28,4.0,71,35.3,64.4,260,Snow fall: Light,20,1,Snowy Conditions
37084,2022-02-20 21:30:00,40.57663,-74.00556,0,0,Driver Inattention/Distraction,4504485,2.4,-6.6,0.0,0.0,0.0,0.0,3,23.4,44.3,250,Overcast,0,0,
37085,2022-02-20 12:25:00,40.70919,-73.96848,1,0,Driver Inattention/Distraction,4504342,2.4,-6.6,0.0,0.0,0.0,0.0,3,23.4,44.3,250,Overcast,1,1,
37086,2022-02-20 21:16:00,40.613525,-74.11685,1,0,Driver Inexperience,4504494,2.4,-6.6,0.0,0.0,0.0,0.0,3,23.4,44.3,250,Overcast,1,1,
37087,2022-02-20 03:50:00,40.595257,-73.74851,0,0,Fell Asleep,4504411,2.4,-6.6,0.0,0.0,0.0,0.0,3,23.4,44.3,250,Overcast,0,0,
37088,2022-02-20 19:41:00,40.574787,-74.118546,0,0,Unspecified,4504804,2.4,-6.6,0.0,0.0,0.0,0.0,3,23.4,44.3,250,Overcast,0,0,
37089,2022-02-20 00:00:00,40.6338,-73.8897,0,0,Driver Inattention/Distraction,4504009,2.4,-6.6,0.0,0.0,0.0,0.0,3,23.4,44.3,250,Overcast,0,0,
37090,2022-02-20 21:16:00,40.690086,-73.751205,0,0,View Obstructed/Limited,4504315,2.4,-6.6,0.0,0.0,0.0,0.0,3,23.4,44.3,250,Overcast,0,0,
37091,2022-02-10 08:49:00,0.0,0.0,0,0,Alcohol Involvement,4504729,10.8,-0.2,0.0,0.0,0.0,0.0,3,32.6,59.4,244,Overcast,0,0,
37092,2022-02-19 21:16:00,40.677364,-73.90798,1,0,Pedestrian/Bicyclist/Other Pedestrian Error/Confusion,4504779,3.3,-5.5,0.4,0.0,0.28,4.0,71,35.3,64.4,260,Snow fall: Light,1,1,Snowy Conditions
37093,2022-02-20 05:00:00,40.808292,-73.94883,0,0,Driver Inattention/Distraction,4504059,2.4,-6.6,0.0,0.0,0.0,0.0,3,23.4,44.3,250,Overcast,0,0,
37094,2022-02-04 04:39:00,40.707466,-73.7887,1,0,Alcohol Involvement,4504816,12.5,-2.3,26.6,26.5,0.07,23.0,71,29.7,50.4,313,Snow fall: Light,1,1,Snowy Conditions
37095,2022-02-20 21:00:00,40.74059,-73.94433,0,0,Driver Inattention/Distraction,4504291,2.4,-6.6,0.0,0.0,0.0,0.0,3,23.4,44.3,250,Overcast,0,0,
37096,2022-02-20 03:12:00,40.806442,-73.92652,0,0,Passing or Lane Usage Improper,4504413,2.4,-6.6,0.0,0.0,0.0,0.0,3,23.4,44.3,250,Overcast,0,0,
37097,2022-02-18 01:12:00,40.90008,-73.85761,0,0,Unsafe Speed,4504893,15.6,-2.8,11.9,11.9,0.0,6.0,63,44.1,79.2,261,Rain: Moderate,0,0,
37098,2022-02-20 01:20:00,40.710785,-73.95995,0,0,Passing Too Closely,4504334,2.4,-6.6,0.0,0.0,0.0,0.0,3,23.4,44.3,250,Overcast,0,0,
37099,2022-02-18 05:15:00,40.728176,-73.98486,0,0,Driver Inattention/Distraction,4504724,15.6,-2.8,11.9,11.9,0.0,6.0,63,44.1,79.2,261,Rain: Moderate,0,0,
37100,2022-02-22 08:05:00,40.605324,-73.971245,1,0,Unsafe Speed,4504880,13.6,-0.2,4.7,4.7,0.0,8.0,61,38.4,76.0,175,Rain: Light,1,1,
37101,2022-04-03 13:30:00,40.68657,-73.93875,0,0,Following Too Closely,4516534,8.3,3.4,3.1,3.1,0.0,5.0,61,21.9,38.2,274,Rain: Light,0,0,
37102,2021-06-14 18:20:00,40.80259,-73.935265,0,0,Unspecified,4428441,21.4,17.5,21.7,21.7,0.0,11.0,65,21.1,48.6,154,Rain: Heavy,0,0,
37103,2022-01-03 18:58:00,40.74942,-73.940544,0,0,Driver Inattention/Distraction,4491793,2.0,-4.4,1.4,0.0,0.98,6.0,73,29.3,55.4,359,Snow fall: Moderate,0,0,Snowy Conditions
37104,2021-12-22 09:45:00,40.829082,-73.941086,0,0,Passing or Lane Usage Improper,4492064,8.1,-0.0,4.2,4.2,0.0,9.0,61,26.7,47.9,313,Rain: Light,0,0,
37105,2022-01-03 00:00:00,40.8165,-73.946556,0,0,Driver Inattention/Distraction,4491870,2.0,-4.4,1.4,0.0,0.98,6.0,73,29.3,55.4,359,Snow fall: Moderate,0,0,Snowy Conditions
37106,2021-12-03 08:45:00,0.0,0.0,0,0,Backing Unsafely,4492339,9.3,0.9,0.0,0.0,0.0,0.0,3,27.6,53.3,301,Overcast,0,0,
37107,2021-12-13 18:39:00,40.628098,-73.99575,1,0,Unspecified,4492303,10.2,1.9,0.0,0.0,0.0,0.0,3,19.6,35.3,242,Overcast,1,1,
37108,2022-01-03 01:30:00,40.69245,-73.811005,0,0,Following Too Closely,4491564,2.0,-4.4,1.4,0.0,0.98,6.0,73,29.3,55.4,359,Snow fall: Moderate,0,0,Snowy Conditions
37109,2022-01-03 14:48:00,40.68238,-73.90565,0,0,Passing Too Closely,4491831,2.0,-4.4,1.4,0.0,0.98,6.0,73,29.3,55.4,359,Snow fall: Moderate,0,0,Snowy Conditions
37110,2022-01-03 18:25:00,40.70942,-73.7749,1,0,Driver Inattention/Distraction,4491936,2.0,-4.4,1.4,0.0,0.98,6.0,73,29.3,55.4,359,Snow fall: Moderate,1,1,Snowy Conditions
37111,2022-01-03 07:00:00,40.582447,-73.955925,0,0,Other Vehicular,4492229,2.0,-4.4,1.4,0.0,0.98,6.0,73,29.3,55.4,359,Snow fall: Moderate,0,0,Snowy Conditions
37112,2022-01-03 01:30:00,40.714428,-73.73962,0,0,Driver Inattention/Distraction,4491598,2.0,-4.4,1.4,0.0,0.98,6.0,73,29.3,55.4,359,Snow fall: Moderate,0,0,Snowy Conditions
37113,2022-01-03 16:50:00,40.726494,-74.00236,0,0,,4491943,2.0,-4.4,1.4,0.0,0.98,6.0,73,29.3,55.4,359,Snow fall: Moderate,0,0,Snowy Conditions
37114,2022-01-03 14:00:00,40.593155,-74.16262,0,0,Driver Inattention/Distraction,4492332,2.0,-4.4,1.4,0.0,0.98,6.0,73,29.3,55.4,359,Snow fall: Moderate,0,0,Snowy Conditions
37115,2021-12-15 05:00:00,40.69635,-73.94071,0,0,Driver Inattention/Distraction,4492195,10.3,1.8,1.0,1.0,0.0,6.0,51,20.6,38.2,104,Drizzle: Light,0,0,
37116,2022-01-03 05:30:00,40.75455,-73.74317,0,0,Failure to Yield Right-of-Way,4491674,2.0,-4.4,1.4,0.0,0.98,6.0,73,29.3,55.4,359,Snow fall: Moderate,0,0,Snowy Conditions
37117,2022-01-03 10:10:00,40.66438,-73.90261,0,0,Unspecified,4491776,2.0,-4.4,1.4,0.0,0.98,6.0,73,29.3,55.4,359,Snow fall: Moderate,0,0,Snowy Conditions
37118,2021-12-23 09:00:00,40.825138,-73.9514,0,0,Unspecified,4492073,2.1,-2.3,0.0,0.0,0.0,0.0,3,20.1,35.6,299,Overcast,0,0,
37119,2022-01-03 13:25:00,40.875675,-73.90069,0,0,Unspecified,4492096,2.0,-4.4,1.4,0.0,0.98,6.0,73,29.3,55.4,359,Snow fall: Moderate,0,0,Snowy Conditions
37120,2022-01-03 22:00:00,40.81344,-73.94135,0,0,Unspecified,4492132,2.0,-4.4,1.4,0.0,0.98,6.0,73,29.3,55.4,359,Snow fall: Moderate,0,0,Snowy Conditions
37121,2022-01-03 13:39:00,40.80332,-73.956795,0,0,Driver Inattention/Distraction,4492159,2.0,-4.4,1.4,0.0,0.98,6.0,73,29.3,55.4,359,Snow fall: Moderate,0,0,Snowy Conditions
37122,2022-01-03 19:16:00,40.630577,-74.00751,0,0,Unspecified,4491753,2.0,-4.4,1.4,0.0,0.98,6.0,73,29.3,55.4,359,Snow fall: Moderate,0,0,Snowy Conditions
37123,2022-01-03 14:00:00,40.79147,-73.83988,1,0,Failure to Yield Right-of-Way,4491718,2.0,-4.4,1.4,0.0,0.98,6.0,73,29.3,55.4,359,Snow fall: Moderate,1,1,Snowy Conditions
37124,2022-01-03 17:45:00,40.79087,-73.972694,0,0,Passing or Lane Usage Improper,4491745,2.0,-4.4,1.4,0.0,0.98,6.0,73,29.3,55.4,359,Snow fall: Moderate,0,0,Snowy Conditions
37125,2022-01-03 12:02:00,40.818504,-73.91448,1,0,Unspecified,4491719,2.0,-4.4,1.4,0.0,0.98,6.0,73,29.3,55.4,359,Snow fall: Moderate,1,1,Snowy Conditions
37126,2022-01-03 08:15:00,40.645733,-74.020424,0,0,Unspecified,4491771,2.0,-4.4,1.4,0.0,0.98,6.0,73,29.3,55.4,359,Snow fall: Moderate,0,0,Snowy Conditions
37127,2022-01-03 01:48:00,40.828613,-73.90692,0,0,Unspecified,4491693,2.0,-4.4,1.4,0.0,0.98,6.0,73,29.3,55.4,359,Snow fall: Moderate,0,0,Snowy Conditions
37128,2022-01-02 12:59:00,40.670383,-73.90604,0,0,Unspecified,4492157,13.1,2.7,16.0,16.0,0.0,8.0,65,25.1,52.6,318,Rain: Heavy,0,0,
37129,2022-01-03 12:38:00,40.7605,-73.95699,3,0,Following Too Closely,4491895,2.0,-4.4,1.4,0.0,0.98,6.0,73,29.3,55.4,359,Snow fall: Moderate,3,3,Snowy Conditions
37130,2022-01-03 18:30:00,40.72973,-73.91183,0,0,Unspecified,4491966,2.0,-4.4,1.4,0.0,0.98,6.0,73,29.3,55.4,359,Snow fall: Moderate,0,0,Snowy Conditions
37131,2021-12-24 21:25:00,40.69979,-73.950096,1,0,Passing or Lane Usage Improper,4492185,5.7,-1.1,1.0,0.0,0.7,5.0,73,12.4,21.6,73,Snow fall: Moderate,1,1,Snowy Conditions
37132,2022-01-03 02:30:00,40.671024,-73.76921,0,0,Passing Too Closely,4492102,2.0,-4.4,1.4,0.0,0.98,6.0,73,29.3,55.4,359,Snow fall: Moderate,0,0,Snowy Conditions
37133,2022-01-01 05:44:00,40.844845,-73.93519,0,0,Unspecified,4492167,11.7,7.5,19.4,19.4,0.0,19.0,63,13.9,22.3,161,Rain: Moderate,0,0,
37134,2022-01-03 07:08:00,40.69687,-73.78072,0,0,Unsafe Speed,4491710,2.0,-4.4,1.4,0.0,0.98,6.0,73,29.3,55.4,359,Snow fall: Moderate,0,0,Snowy Conditions
37135,2022-01-03 18:03:00,40.769955,-73.836426,0,0,Failure to Yield Right-of-Way,4491765,2.0,-4.4,1.4,0.0,0.98,6.0,73,29.3,55.4,359,Snow fall: Moderate,0,0,Snowy Conditions
37136,2022-01-03 16:14:00,40.67386,-73.88259,0,0,Traffic Control Disregarded,4491846,2.0,-4.4,1.4,0.0,0.98,6.0,73,29.3,55.4,359,Snow fall: Moderate,0,0,Snowy Conditions
37137,2021-12-30 00:00:00,40.825756,-73.95094,1,0,Pedestrian/Bicyclist/Other Pedestrian Error/Confusion,4492095,8.3,5.0,1.8,1.8,0.0,7.0,53,9.9,17.6,22,Drizzle: Moderate,1,1,
37138,2021-05-03 00:13:00,40.667477,-73.95623,1,0,Driver Inattention/Distraction,4492284,15.8,11.4,5.7,5.7,0.0,7.0,61,14.5,47.2,53,Rain: Light,1,1,
37139,2022-01-03 09:00:00,40.666744,-73.90217,0,0,Unspecified,4491777,2.0,-4.4,1.4,0.0,0.98,6.0,73,29.3,55.4,359,Snow fall: Moderate,0,0,Snowy Conditions
37140,2022-01-03 11:48:00,40.79672,-73.97618,1,0,Passing or Lane Usage Improper,4491724,2.0,-4.4,1.4,0.0,0.98,6.0,73,29.3,55.4,359,Snow fall: Moderate,1,1,Snowy Conditions
37141,2021-12-28 09:27:00,40.754974,-73.89095,0,0,Driver Inattention/Distraction,4492227,8.5,2.2,0.0,0.0,0.0,0.0,3,12.5,22.0,271,Overcast,0,0,
37142,2021-12-31 00:50:00,0.0,0.0,0,0,Unspecified,4492113,11.1,7.1,2.7,2.7,0.0,5.0,55,14.9,29.2,193,Drizzle: Dense,0,0,
37143,2022-01-03 00:00:00,40.867027,-73.89111,0,0,View Obstructed/Limited,4492145,2.0,-4.4,1.4,0.0,0.98,6.0,73,29.3,55.4,359,Snow fall: Moderate,0,0,Snowy Conditions
37144,2022-01-01 17:18:00,40.71146,-73.79647,1,0,Failure to Yield Right-of-Way,4492358,11.7,7.5,19.4,19.4,0.0,19.0,63,13.9,22.3,161,Rain: Moderate,1,1,
37145,2022-01-03 10:13:00,40.78641,-73.94625,1,0,Unspecified,4491884,2.0,-4.4,1.4,0.0,0.98,6.0,73,29.3,55.4,359,Snow fall: Moderate,1,1,Snowy Conditions
37146,2022-01-03 16:40:00,40.639885,-73.97898,0,0,Prescription Medication,4492308,2.0,-4.4,1.4,0.0,0.98,6.0,73,29.3,55.4,359,Snow fall: Moderate,0,0,Snowy Conditions
37147,2022-01-03 12:00:00,40.70355,-73.781296,0,0,Unspecified,4491944,2.0,-4.4,1.4,0.0,0.98,6.0,73,29.3,55.4,359,Snow fall: Moderate,0,0,Snowy Conditions
37148,2022-01-03 22:16:00,40.76172,-73.98281,0,0,Driver Inattention/Distraction,4491827,2.0,-4.4,1.4,0.0,0.98,6.0,73,29.3,55.4,359,Snow fall: Moderate,0,0,Snowy Conditions
37149,2021-12-29 23:55:00,40.82682,-73.94154,0,0,Unsafe Speed,4492085,7.6,4.1,8.1,8.1,0.0,8.0,61,12.2,24.1,52,Rain: Light,0,0,
37150,2022-01-03 18:38:00,40.684814,-73.999084,1,0,Unspecified,4491782,2.0,-4.4,1.4,0.0,0.98,6.0,73,29.3,55.4,359,Snow fall: Moderate,1,1,Snowy Conditions
37151,2021-12-29 13:00:00,40.774734,-73.98818,0,0,Backing Unsafely,4492243,7.6,4.1,8.1,8.1,0.0,8.0,61,12.2,24.1,52,Rain: Light,0,0,
37152,2022-01-03 00:00:00,40.820984,-73.91294,0,0,Unspecified,4492014,2.0,-4.4,1.4,0.0,0.98,6.0,73,29.3,55.4,359,Snow fall: Moderate,0,0,Snowy Conditions
37153,2022-01-03 20:30:00,40.8481,-73.90145,2,0,Driver Inattention/Distraction,4491832,2.0,-4.4,1.4,0.0,0.98,6.0,73,29.3,55.4,359,Snow fall: Moderate,2,2,Snowy Conditions
37154,2022-01-03 17:45:00,40.82546,-73.89036,0,0,Unspecified,4492019,2.0,-4.4,1.4,0.0,0.98,6.0,73,29.3,55.4,359,Snow fall: Moderate,0,0,Snowy Conditions
37155,2022-01-03 20:09:00,40.81235,-73.88497,3,0,Unspecified,4491937,2.0,-4.4,1.4,0.0,0.98,6.0,73,29.3,55.4,359,Snow fall: Moderate,3,3,Snowy Conditions
37156,2022-01-01 21:17:00,40.642384,-73.98042,1,0,Failure to Yield Right-of-Way,4492317,11.7,7.5,19.4,19.4,0.0,19.0,63,13.9,22.3,161,Rain: Moderate,1,1,
37157,2022-01-03 01:45:00,40.613052,-73.94913,0,0,Unspecified,4491574,2.0,-4.4,1.4,0.0,0.98,6.0,73,29.3,55.4,359,Snow fall: Moderate,0,0,Snowy Conditions
37158,2022-01-03 18:00:00,40.668884,-73.81173,1,0,Failure to Yield Right-of-Way,4491801,2.0,-4.4,1.4,0.0,0.98,6.0,73,29.3,55.4,359,Snow fall: Moderate,1,1,Snowy Conditions
37159,2021-12-27 21:00:00,40.8349,-73.839966,0,0,Other Vehicular,4492201,2.7,-1.4,2.1,0.8,0.91,5.0,73,13.5,23.0,10,Snow fall: Moderate,0,0,Snowy Conditions
37160,2022-01-03 19:54:00,40.808662,-73.921875,0,0,Unspecified,4492300,2.0,-4.4,1.4,0.0,0.98,6.0,73,29.3,55.4,359,Snow fall: Moderate,0,0,Snowy Conditions
37161,2022-01-03 01:10:00,40.69405,-73.82802,0,0,Alcohol Involvement,4491600,2.0,-4.4,1.4,0.0,0.98,6.0,73,29.3,55.4,359,Snow fall: Moderate,0,0,Snowy Conditions
37162,2021-12-31 11:25:00,40.84899,-73.85035,0,0,Driver Inattention/Distraction,4492338,11.1,7.1,2.7,2.7,0.0,5.0,55,14.9,29.2,193,Drizzle: Dense,0,0,
37163,2022-01-03 19:51:00,40.632538,-73.883194,0,0,Unspecified,4491781,2.0,-4.4,1.4,0.0,0.98,6.0,73,29.3,55.4,359,Snow fall: Moderate,0,0,Snowy Conditions
37164,2022-01-03 06:30:00,40.703114,-73.921585,0,0,Unspecified,4491828,2.0,-4.4,1.4,0.0,0.98,6.0,73,29.3,55.4,359,Snow fall: Moderate,0,0,Snowy Conditions
37165,2022-01-01 13:35:00,40.680088,-73.94398,1,0,Pedestrian/Bicyclist/Other Pedestrian Error/Confusion,4492194,11.7,7.5,19.4,19.4,0.0,19.0,63,13.9,22.3,161,Rain: Moderate,1,1,
37166,2022-01-03 11:01:00,40.63837,-74.09075,0,0,Driver Inattention/Distraction,4491871,2.0,-4.4,1.4,0.0,0.98,6.0,73,29.3,55.4,359,Snow fall: Moderate,0,0,Snowy Conditions
37167,2022-01-03 13:30:00,40.731064,-74.00142,0,0,Driver Inattention/Distraction,4491723,2.0,-4.4,1.4,0.0,0.98,6.0,73,29.3,55.4,359,Snow fall: Moderate,0,0,Snowy Conditions
37168,2022-01-03 00:00:00,40.74705,-73.75565,0,0,Driver Inattention/Distraction,4491747,2.0,-4.4,1.4,0.0,0.98,6.0,73,29.3,55.4,359,Snow fall: Moderate,0,0,Snowy Conditions
37169,2022-01-02 20:00:00,40.666405,-73.802635,3,0,Passing or Lane Usage Improper,4492108,13.1,2.7,16.0,16.0,0.0,8.0,65,25.1,52.6,318,Rain: Heavy,3,3,
37170,2022-01-03 09:55:00,40.732376,-73.79344,1,0,Driver Inattention/Distraction,4491794,2.0,-4.4,1.4,0.0,0.98,6.0,73,29.3,55.4,359,Snow fall: Moderate,1,1,Snowy Conditions
37171,2022-01-02 08:15:00,40.83923,-73.94555,0,0,Unspecified,4492171,13.1,2.7,16.0,16.0,0.0,8.0,65,25.1,52.6,318,Rain: Heavy,0,0,
37172,2022-01-03 10:00:00,40.81464,-73.885574,0,0,Unspecified,4491712,2.0,-4.4,1.4,0.0,0.98,6.0,73,29.3,55.4,359,Snow fall: Moderate,0,0,Snowy Conditions
37173,2022-01-03 18:22:00,40.632736,-74.1355,1,0,Driver Inattention/Distraction,4492052,2.0,-4.4,1.4,0.0,0.98,6.0,73,29.3,55.4,359,Snow fall: Moderate,1,1,Snowy Conditions
37174,2022-01-01 06:03:00,40.643063,-73.95166,2,0,Unspecified,4492116,11.7,7.5,19.4,19.4,0.0,19.0,63,13.9,22.3,161,Rain: Moderate,2,2,
37175,2022-01-03 14:55:00,40.66717,-73.88086,1,0,Passing Too Closely,4491738,2.0,-4.4,1.4,0.0,0.98,6.0,73,29.3,55.4,359,Snow fall: Moderate,1,1,Snowy Conditions
37176,2022-01-03 15:00:00,40.74094,-73.870865,0,0,Driver Inattention/Distraction,4491845,2.0,-4.4,1.4,0.0,0.98,6.0,73,29.3,55.4,359,Snow fall: Moderate,0,0,Snowy Conditions
37177,2022-01-03 16:00:00,40.748436,-73.984566,0,0,Driver Inattention/Distraction,4492288,2.0,-4.4,1.4,0.0,0.98,6.0,73,29.3,55.4,359,Snow fall: Moderate,0,0,Snowy Conditions
37178,2022-01-03 18:25:00,40.59136,-74.08785,0,0,Turning Improperly,4491786,2.0,-4.4,1.4,0.0,0.98,6.0,73,29.3,55.4,359,Snow fall: Moderate,0,0,Snowy Conditions
37179,2022-01-03 17:55:00,40.76473,-73.91211,0,0,Driver Inattention/Distraction,4491851,2.0,-4.4,1.4,0.0,0.98,6.0,73,29.3,55.4,359,Snow fall: Moderate,0,0,Snowy Conditions
37180,2021-12-31 21:40:00,40.84985,-73.92671,0,0,Unsafe Speed,4492258,11.1,7.1,2.7,2.7,0.0,5.0,55,14.9,29.2,193,Drizzle: Dense,0,0,
37181,2021-12-20 12:55:00,40.826427,-73.950455,0,0,Traffic Control Disregarded,4492101,1.8,-4.4,0.0,0.0,0.0,0.0,2,17.9,32.8,282,Partly cloudy,0,0,
37182,2022-01-03 06:20:00,40.62495,-74.14127,0,0,Unspecified,4491651,2.0,-4.4,1.4,0.0,0.98,6.0,73,29.3,55.4,359,Snow fall: Moderate,0,0,Snowy Conditions
37183,2022-01-01 04:00:00,40.839237,-73.94688,3,0,Tire Failure/Inadequate,4492166,11.7,7.5,19.4,19.4,0.0,19.0,63,13.9,22.3,161,Rain: Moderate,3,3,
37184,2022-01-03 19:15:00,40.66188,-73.94557,0,0,Alcohol Involvement,4491772,2.0,-4.4,1.4,0.0,0.98,6.0,73,29.3,55.4,359,Snow fall: Moderate,0,0,Snowy Conditions
37185,2022-01-03 22:53:00,40.64437,-73.93061,0,0,Traffic Control Disregarded,4492120,2.0,-4.4,1.4,0.0,0.98,6.0,73,29.3,55.4,359,Snow fall: Moderate,0,0,Snowy Conditions
37186,2022-01-02 17:48:00,40.716434,-73.88845,0,0,Reaction to Uninvolved Vehicle,4492071,13.1,2.7,16.0,16.0,0.0,8.0,65,25.1,52.6,318,Rain: Heavy,0,0,
37187,2022-01-03 07:30:00,40.60567,-74.030945,0,0,Unspecified,4491893,2.0,-4.4,1.4,0.0,0.98,6.0,73,29.3,55.4,359,Snow fall: Moderate,0,0,Snowy Conditions
37188,2021-12-15 10:40:00,40.851566,-73.89589,0,0,Turning Improperly,4492365,10.3,1.8,1.0,1.0,0.0,6.0,51,20.6,38.2,104,Drizzle: Light,0,0,
37189,2022-01-03 21:35:00,40.891838,-73.86275,0,0,Fatigued/Drowsy,4491951,2.0,-4.4,1.4,0.0,0.98,6.0,73,29.3,55.4,359,Snow fall: Moderate,0,0,Snowy Conditions
37190,2022-01-02 14:50:00,40.681137,-73.95567,1,0,Pedestrian/Bicyclist/Other Pedestrian Error/Confusion,4492266,13.1,2.7,16.0,16.0,0.0,8.0,65,25.1,52.6,318,Rain: Heavy,1,1,
37191,2022-01-03 17:44:00,40.594223,-73.96089,0,0,Passing Too Closely,4491807,2.0,-4.4,1.4,0.0,0.98,6.0,73,29.3,55.4,359,Snow fall: Moderate,0,0,Snowy Conditions
37192,2022-01-02 15:21:00,40.843212,-73.83894,1,0,Failure to Yield Right-of-Way,4492178,13.1,2.7,16.0,16.0,0.0,8.0,65,25.1,52.6,318,Rain: Heavy,1,1,
37193,2021-12-04 08:00:00,40.849728,-73.94079,0,0,Unsafe Speed,4492209,8.3,-0.7,0.0,0.0,0.0,0.0,3,13.5,25.9,231,Overcast,0,0,
37194,2022-01-03 19:43:00,40.655655,-73.87344,0,0,Unspecified,4491849,2.0,-4.4,1.4,0.0,0.98,6.0,73,29.3,55.4,359,Snow fall: Moderate,0,0,Snowy Conditions
37195,2022-01-03 07:05:00,40.79024,-73.97315,0,0,Passing or Lane Usage Improper,4491686,2.0,-4.4,1.4,0.0,0.98,6.0,73,29.3,55.4,359,Snow fall: Moderate,0,0,Snowy Conditions
37196,2022-01-03 09:30:00,40.69168,-73.999344,0,0,Passing or Lane Usage Improper,4491994,2.0,-4.4,1.4,0.0,0.98,6.0,73,29.3,55.4,359,Snow fall: Moderate,0,0,Snowy Conditions
37197,2022-01-03 18:14:00,40.66584,-73.75551,2,0,Driver Inattention/Distraction,4491752,2.0,-4.4,1.4,0.0,0.98,6.0,73,29.3,55.4,359,Snow fall: Moderate,2,2,Snowy Conditions