,CRASH DATETIME,LATITUDE,LONGITUDE,NUMBER OF PERSONS INJURED,NUMBER OF PERSONS KILLED,CONTRIBUTING FACTOR VEHICLE 1,COLLISION_ID,temperature_2m_max,temperature_2m_min,precipitation_sum,rain_sum,snowfall_sum,precipitation_hours,weather_code,wind_speed_10m_max,wind_gusts_10m_max,wind_direction_10m_dominant,Weather Description,Severity_Score,Total_Affected_Persons,Weather_Category
37198,2022-01-03 13:00:00,40.635403,-73.95718,2,0,Driver Inattention/Distraction,4492023,2.0,-4.4,1.4,0.0,0.98,6.0,73,29.3,55.4,359,Snow fall: Moderate,2,2,Snowy Conditions
37199,2022-01-03 20:20:00,40.66691,-73.822014,0,0,Following Too Closely,4491799,2.0,-4.4,1.4,0.0,0.98,6.0,73,29.3,55.4,359,Snow fall: Moderate,0,0,Snowy Conditions
37200,2022-01-03 17:03:00,40.73011,-73.86509,1,0,Driver Inattention/Distraction,4491988,2.0,-4.4,1.4,0.0,0.98,6.0,73,29.3,55.4,359,Snow fall: Moderate,1,1,Snowy Conditions
37201,2021-12-28 09:47:00,40.611702,-73.97046,1,0,Unspecified,4492307,8.5,2.2,0.0,0.0,0.0,0.0,3,12.5,22.0,271,Overcast,1,1,
37202,2022-01-03 18:25:00,40.784245,-73.9471,0,0,Backing Unsafely,4491883,2.0,-4.4,1.4,0.0,0.98,6.0,73,29.3,55.4,359,Snow fall: Moderate,0,0,Snowy Conditions
37203,2022-01-03 15:00:00,40.613186,-73.9749,1,0,Unspecified,4492319,2.0,-4.4,1.4,0.0,0.98,6.0,73,29.3,55.4,359,Snow fall: Moderate,1,1,Snowy Conditions
37204,2022-01-03 00:15:00,40.634045,-73.88934,0,0,Driver Inattention/Distraction,4491589,2.0,-4.4,1.4,0.0,0.98,6.0,73,29.3,55.4,359,Snow fall: Moderate,0,0,Snowy Conditions
37205,2022-01-03 17:00:00,40.8262,-73.85286,0,0,Unspecified,4492199,2.0,-4.4,1.4,0.0,0.98,6.0,73,29.3,55.4,359,Snow fall: Moderate,0,0,Snowy Conditions
37206,2022-01-01 19:00:00,40.639984,-73.94842,1,0,Unspecified,4492117,11.7,7.5,19.4,19.4,0.0,19.0,63,13.9,22.3,161,Rain: Moderate,1,1,
37207,2022-01-03 14:14:00,40.67226,-73.87557,0,0,Traffic Control Disregarded,4491737,2.0,-4.4,1.4,0.0,0.98,6.0,73,29.3,55.4,359,Snow fall: Moderate,0,0,Snowy Conditions
37208,2022-01-01 05:50:00,40.827103,-73.94996,1,0,Following Too Closely,4492086,11.7,7.5,19.4,19.4,0.0,19.0,63,13.9,22.3,161,Rain: Moderate,1,1,
37209,2022-01-03 06:30:00,40.764343,-73.88319,0,0,Unspecified,4491762,2.0,-4.4,1.4,0.0,0.98,6.0,73,29.3,55.4,359,Snow fall: Moderate,0,0,Snowy Conditions
37210,2021-12-15 17:00:00,40.65463,-73.92201,0,0,Unspecified,4492109,10.3,1.8,1.0,1.0,0.0,6.0,51,20.6,38.2,104,Drizzle: Light,0,0,
37211,2022-01-03 17:00:00,40.60557,-73.91465,0,0,Driver Inattention/Distraction,4491785,2.0,-4.4,1.4,0.0,0.98,6.0,73,29.3,55.4,359,Snow fall: Moderate,0,0,Snowy Conditions
37212,2022-01-03 14:00:00,40.655106,-73.95548,2,0,Driver Inattention/Distraction,4492146,2.0,-4.4,1.4,0.0,0.98,6.0,73,29.3,55.4,359,Snow fall: Moderate,2,2,Snowy Conditions
37213,2022-01-03 11:10:00,40.847576,-73.90633,0,0,Unsafe Speed,4491704,2.0,-4.4,1.4,0.0,0.98,6.0,73,29.3,55.4,359,Snow fall: Moderate,0,0,Snowy Conditions
37214,2022-01-02 20:55:00,40.71599,-73.87209,1,0,Pavement Defective,4492135,13.1,2.7,16.0,16.0,0.0,8.0,65,25.1,52.6,318,Rain: Heavy,1,1,
37215,2022-01-01 12:20:00,40.835808,-73.949455,0,0,Passenger Distraction,4492170,11.7,7.5,19.4,19.4,0.0,19.0,63,13.9,22.3,161,Rain: Moderate,0,0,
37216,2022-01-03 08:10:00,40.635185,-73.92862,0,0,Passing or Lane Usage Improper,4491715,2.0,-4.4,1.4,0.0,0.98,6.0,73,29.3,55.4,359,Snow fall: Moderate,0,0,Snowy Conditions
37217,2022-01-03 15:00:00,40.75592,-73.87598,0,0,Oversized Vehicle,4491756,2.0,-4.4,1.4,0.0,0.98,6.0,73,29.3,55.4,359,Snow fall: Moderate,0,0,Snowy Conditions
37218,2022-01-03 16:27:00,40.87683,-73.86472,0,0,Unspecified,4491780,2.0,-4.4,1.4,0.0,0.98,6.0,73,29.3,55.4,359,Snow fall: Moderate,0,0,Snowy Conditions
37219,2022-01-03 10:45:00,40.756287,-73.860725,0,0,Driver Inattention/Distraction,4491941,2.0,-4.4,1.4,0.0,0.98,6.0,73,29.3,55.4,359,Snow fall: Moderate,0,0,Snowy Conditions
37220,2021-12-31 03:00:00,40.6951,-73.949165,0,0,View Obstructed/Limited,4492198,11.1,7.1,2.7,2.7,0.0,5.0,55,14.9,29.2,193,Drizzle: Dense,0,0,
37221,2022-01-03 13:00:00,40.73635,-73.993385,0,0,Driver Inattention/Distraction,4491722,2.0,-4.4,1.4,0.0,0.98,6.0,73,29.3,55.4,359,Snow fall: Moderate,0,0,Snowy Conditions
37222,2022-01-03 13:00:00,40.66297,-73.94097,0,0,Driver Inexperience,4491773,2.0,-4.4,1.4,0.0,0.98,6.0,73,29.3,55.4,359,Snow fall: Moderate,0,0,Snowy Conditions
37223,2021-12-28 02:06:00,40.83301,-73.95027,0,0,Driver Inattention/Distraction,4492080,8.5,2.2,0.0,0.0,0.0,0.0,3,12.5,22.0,271,Overcast,0,0,
37224,2022-01-03 15:17:00,40.637962,-74.01058,0,0,Passing or Lane Usage Improper,4491768,2.0,-4.4,1.4,0.0,0.98,6.0,73,29.3,55.4,359,Snow fall: Moderate,0,0,Snowy Conditions
37225,2022-01-01 05:21:00,40.61999,-73.98392,0,0,Unspecified,4492306,11.7,7.5,19.4,19.4,0.0,19.0,63,13.9,22.3,161,Rain: Moderate,0,0,
37226,2021-01-04 06:45:00,40.66522,-73.94746,0,0,Driver Inattention/Distraction,4492148,6.6,0.5,1.5,1.3,0.14,6.0,71,17.0,31.7,4,Snow fall: Light,0,0,Snowy Conditions
37227,2022-01-03 11:00:00,40.697315,-73.932274,0,0,Turning Improperly,4491829,2.0,-4.4,1.4,0.0,0.98,6.0,73,29.3,55.4,359,Snow fall: Moderate,0,0,Snowy Conditions
37228,2022-01-03 18:50:00,40.63469,-74.1062,0,0,Driver Inattention/Distraction,4492104,2.0,-4.4,1.4,0.0,0.98,6.0,73,29.3,55.4,359,Snow fall: Moderate,0,0,Snowy Conditions
37229,2022-01-01 01:50:00,40.833668,-73.94006,0,0,Unspecified,4492165,11.7,7.5,19.4,19.4,0.0,19.0,63,13.9,22.3,161,Rain: Moderate,0,0,
37230,2021-12-31 12:00:00,40.75199,-73.895164,0,0,Unspecified,4492127,11.1,7.1,2.7,2.7,0.0,5.0,55,14.9,29.2,193,Drizzle: Dense,0,0,
37231,2022-01-03 23:55:00,40.772156,-73.94541,1,0,Driver Inexperience,4491926,2.0,-4.4,1.4,0.0,0.98,6.0,73,29.3,55.4,359,Snow fall: Moderate,1,1,Snowy Conditions
37232,2021-12-30 02:13:00,40.847427,-73.931404,1,0,Traffic Control Disregarded,4492233,8.3,5.0,1.8,1.8,0.0,7.0,53,9.9,17.6,22,Drizzle: Moderate,1,1,
37233,2022-01-03 23:49:00,40.61372,-73.952126,0,0,Traffic Control Disregarded,4491821,2.0,-4.4,1.4,0.0,0.98,6.0,73,29.3,55.4,359,Snow fall: Moderate,0,0,Snowy Conditions
37234,2022-01-02 22:30:00,40.66871,-73.91731,0,0,Driver Inattention/Distraction,4492289,13.1,2.7,16.0,16.0,0.0,8.0,65,25.1,52.6,318,Rain: Heavy,0,0,
37235,2022-01-03 18:25:00,40.586536,-73.946434,1,0,Unspecified,4491806,2.0,-4.4,1.4,0.0,0.98,6.0,73,29.3,55.4,359,Snow fall: Moderate,1,1,Snowy Conditions
37236,2022-01-03 06:26:00,40.825935,-73.83637,0,0,Illnes,4491606,2.0,-4.4,1.4,0.0,0.98,6.0,73,29.3,55.4,359,Snow fall: Moderate,0,0,Snowy Conditions
37237,2022-01-01 21:30:00,40.624893,-73.984406,0,0,Unspecified,4492322,11.7,7.5,19.4,19.4,0.0,19.0,63,13.9,22.3,161,Rain: Moderate,0,0,
37238,2022-01-03 04:35:00,40.85108,-73.8948,0,0,Driver Inattention/Distraction,4491862,2.0,-4.4,1.4,0.0,0.98,6.0,73,29.3,55.4,359,Snow fall: Moderate,0,0,Snowy Conditions
37239,2021-12-31 20:30:00,40.707664,-73.78772,1,0,Following Too Closely,4492203,11.1,7.1,2.7,2.7,0.0,5.0,55,14.9,29.2,193,Drizzle: Dense,1,1,
37240,2022-01-03 18:22:00,40.705772,-73.89997,1,0,Pavement Slippery,4491872,2.0,-4.4,1.4,0.0,0.98,6.0,73,29.3,55.4,359,Snow fall: Moderate,1,1,Snowy Conditions
37241,2022-04-03 03:57:00,40.73367,-73.85766,1,0,Driver Inattention/Distraction,4515875,8.3,3.4,3.1,3.1,0.0,5.0,61,21.9,38.2,274,Rain: Light,1,1,
37242,2021-01-05 06:20:00,40.873283,-73.870384,0,0,Pavement Slippery,4492211,4.9,0.8,0.0,0.0,0.0,0.0,3,11.3,22.0,353,Overcast,0,0,
37243,2022-01-03 13:00:00,40.746685,-73.856316,0,0,Driver Inattention/Distraction,4491844,2.0,-4.4,1.4,0.0,0.98,6.0,73,29.3,55.4,359,Snow fall: Moderate,0,0,Snowy Conditions
37244,2022-01-03 18:00:00,40.6217,-73.904564,1,0,Driver Inattention/Distraction,4491787,2.0,-4.4,1.4,0.0,0.98,6.0,73,29.3,55.4,359,Snow fall: Moderate,1,1,Snowy Conditions
37245,2022-01-03 13:31:00,40.642384,-73.98042,0,0,Unspecified,4492312,2.0,-4.4,1.4,0.0,0.98,6.0,73,29.3,55.4,359,Snow fall: Moderate,0,0,Snowy Conditions
37246,2022-01-01 17:04:00,40.712883,-73.79715,0,0,Unspecified,4492352,11.7,7.5,19.4,19.4,0.0,19.0,63,13.9,22.3,161,Rain: Moderate,0,0,
37247,2021-11-30 07:15:00,40.8232,-73.94515,0,0,Unspecified,4492099,4.7,-2.4,0.1,0.1,0.0,1.0,51,19.1,34.9,245,Drizzle: Light,0,0,
37248,2022-01-02 16:30:00,40.55554,-74.17562,0,0,Passing or Lane Usage Improper,4492190,13.1,2.7,16.0,16.0,0.0,8.0,65,25.1,52.6,318,Rain: Heavy,0,0,
37249,2022-01-03 07:40:00,40.69832,-73.962265,0,0,Following Too Closely,4491999,2.0,-4.4,1.4,0.0,0.98,6.0,73,29.3,55.4,359,Snow fall: Moderate,0,0,Snowy Conditions
37250,2021-12-28 15:00:00,40.863163,-73.91988,0,0,Unsafe Lane Changing,4492255,8.5,2.2,0.0,0.0,0.0,0.0,3,12.5,22.0,271,Overcast,0,0,
37251,2021-12-31 20:00:00,40.760242,-73.82144,0,0,Backing Unsafely,4492045,11.1,7.1,2.7,2.7,0.0,5.0,55,14.9,29.2,193,Drizzle: Dense,0,0,
37252,2022-01-02 00:00:00,40.862392,-73.91802,0,0,Driver Inattention/Distraction,4492267,13.1,2.7,16.0,16.0,0.0,8.0,65,25.1,52.6,318,Rain: Heavy,0,0,
37253,2022-01-03 01:30:00,40.622414,-73.896484,1,0,Unspecified,4491590,2.0,-4.4,1.4,0.0,0.98,6.0,73,29.3,55.4,359,Snow fall: Moderate,1,1,Snowy Conditions
37254,2021-12-30 18:30:00,40.62717,-73.98214,1,0,Unspecified,4492314,8.3,5.0,1.8,1.8,0.0,7.0,53,9.9,17.6,22,Drizzle: Moderate,1,1,
37255,2022-01-03 00:30:00,40.69168,-73.999344,0,0,Following Too Closely,4491818,2.0,-4.4,1.4,0.0,0.98,6.0,73,29.3,55.4,359,Snow fall: Moderate,0,0,Snowy Conditions
37256,2021-12-24 14:35:00,40.682304,-73.92596,0,0,Other Vehicular,4492118,5.7,-1.1,1.0,0.0,0.7,5.0,73,12.4,21.6,73,Snow fall: Moderate,0,0,Snowy Conditions
37257,2021-12-14 15:50:00,40.652096,-73.90857,0,0,Unspecified,4492110,10.4,3.1,0.0,0.0,0.0,0.0,3,18.5,31.3,322,Overcast,0,0,
37258,2022-01-01 01:28:00,40.858707,-73.9037,2,0,Driver Inattention/Distraction,4492364,11.7,7.5,19.4,19.4,0.0,19.0,63,13.9,22.3,161,Rain: Moderate,2,2,
37259,2021-12-20 16:00:00,40.699406,-73.95338,0,0,Passing Too Closely,4492204,1.8,-4.4,0.0,0.0,0.0,0.0,2,17.9,32.8,282,Partly cloudy,0,0,
37260,2022-01-03 09:30:00,40.609566,-73.759415,0,0,Unsafe Speed,4491902,2.0,-4.4,1.4,0.0,0.98,6.0,73,29.3,55.4,359,Snow fall: Moderate,0,0,Snowy Conditions
37261,2022-01-03 09:50:00,40.811195,-73.90882,0,0,Passing Too Closely,4491949,2.0,-4.4,1.4,0.0,0.98,6.0,73,29.3,55.4,359,Snow fall: Moderate,0,0,Snowy Conditions
37262,2022-01-02 12:00:00,40.863773,-73.87039,0,0,Unspecified,4492179,13.1,2.7,16.0,16.0,0.0,8.0,65,25.1,52.6,318,Rain: Heavy,0,0,
37263,2021-12-30 09:03:00,40.830265,-73.95131,0,0,Unspecified,4492081,8.3,5.0,1.8,1.8,0.0,7.0,53,9.9,17.6,22,Drizzle: Moderate,0,0,
37264,2022-01-03 05:22:00,40.73706,-73.85266,0,0,Unsafe Speed,4491706,2.0,-4.4,1.4,0.0,0.98,6.0,73,29.3,55.4,359,Snow fall: Moderate,0,0,Snowy Conditions
37265,2022-01-01 15:15:00,40.881996,-73.89618,0,0,Unspecified,4492088,11.7,7.5,19.4,19.4,0.0,19.0,63,13.9,22.3,161,Rain: Moderate,0,0,
37266,2022-01-03 19:04:00,40.674786,-73.8762,0,0,Unspecified,4491848,2.0,-4.4,1.4,0.0,0.98,6.0,73,29.3,55.4,359,Snow fall: Moderate,0,0,Snowy Conditions
37267,2022-01-03 20:00:00,40.660767,-73.757416,3,0,Traffic Control Disregarded,4491769,2.0,-4.4,1.4,0.0,0.98,6.0,73,29.3,55.4,359,Snow fall: Moderate,3,3,Snowy Conditions
37268,2022-01-03 11:06:00,40.73931,-73.91947,0,0,Driver Inattention/Distraction,4491790,2.0,-4.4,1.4,0.0,0.98,6.0,73,29.3,55.4,359,Snow fall: Moderate,0,0,Snowy Conditions
37269,2022-01-03 01:15:00,40.61023,-74.10529,0,0,Reaction to Uninvolved Vehicle,4492191,2.0,-4.4,1.4,0.0,0.98,6.0,73,29.3,55.4,359,Snow fall: Moderate,0,0,Snowy Conditions
37270,2022-01-03 07:27:00,40.871002,-73.893845,1,0,Driver Inattention/Distraction,4492150,2.0,-4.4,1.4,0.0,0.98,6.0,73,29.3,55.4,359,Snow fall: Moderate,1,1,Snowy Conditions
37271,2022-01-03 09:30:00,40.780144,-73.84876,0,0,Passing or Lane Usage Improper,4491703,2.0,-4.4,1.4,0.0,0.98,6.0,73,29.3,55.4,359,Snow fall: Moderate,0,0,Snowy Conditions
37272,2022-01-03 20:18:00,40.715263,-73.976326,2,0,Fatigued/Drowsy,4491975,2.0,-4.4,1.4,0.0,0.98,6.0,73,29.3,55.4,359,Snow fall: Moderate,2,2,Snowy Conditions
37273,2022-01-03 10:00:00,40.82066,-73.84213,0,0,Unspecified,4491736,2.0,-4.4,1.4,0.0,0.98,6.0,73,29.3,55.4,359,Snow fall: Moderate,0,0,Snowy Conditions
37274,2021-12-26 19:00:00,40.819424,-73.955574,0,0,Unspecified,4492098,8.9,3.4,0.0,0.0,0.0,0.0,3,21.9,38.9,316,Overcast,0,0,
37275,2022-01-03 05:45:00,40.747902,-73.8242,0,0,Backing Unsafely,4491681,2.0,-4.4,1.4,0.0,0.98,6.0,73,29.3,55.4,359,Snow fall: Moderate,0,0,Snowy Conditions
37276,2022-01-03 18:08:00,40.63552,-74.0167,1,0,Driver Inattention/Distraction,4491797,2.0,-4.4,1.4,0.0,0.98,6.0,73,29.3,55.4,359,Snow fall: Moderate,1,1,Snowy Conditions
37277,2022-01-03 09:00:00,40.8149,-73.9075,0,0,Other Vehicular,4492133,2.0,-4.4,1.4,0.0,0.98,6.0,73,29.3,55.4,359,Snow fall: Moderate,0,0,Snowy Conditions
37278,2021-12-24 14:30:00,40.821926,-73.95376,1,0,Failure to Yield Right-of-Way,4492079,5.7,-1.1,1.0,0.0,0.7,5.0,73,12.4,21.6,73,Snow fall: Moderate,1,1,Snowy Conditions
37279,2022-01-03 20:07:00,40.74427,-73.87137,0,0,Driver Inexperience,4491754,2.0,-4.4,1.4,0.0,0.98,6.0,73,29.3,55.4,359,Snow fall: Moderate,0,0,Snowy Conditions
37280,2021-12-31 17:00:00,40.700123,-73.90622,1,0,Driver Inexperience,4492346,11.1,7.1,2.7,2.7,0.0,5.0,55,14.9,29.2,193,Drizzle: Dense,1,1,
37281,2021-12-31 15:04:00,40.657383,-73.911514,2,0,Failure to Yield Right-of-Way,4492290,11.1,7.1,2.7,2.7,0.0,5.0,55,14.9,29.2,193,Drizzle: Dense,2,2,
37282,2022-01-03 14:20:00,40.84468,-73.88968,0,0,Driver Inattention/Distraction,4491865,2.0,-4.4,1.4,0.0,0.98,6.0,73,29.3,55.4,359,Snow fall: Moderate,0,0,Snowy Conditions
37283,2022-01-03 16:30:00,40.697124,-73.91106,0,0,Unspecified,4491830,2.0,-4.4,1.4,0.0,0.98,6.0,73,29.3,55.4,359,Snow fall: Moderate,0,0,Snowy Conditions
37284,2022-01-01 16:05:00,40.69819,-73.96191,0,0,Following Too Closely,4492197,11.7,7.5,19.4,19.4,0.0,19.0,63,13.9,22.3,161,Rain: Moderate,0,0,
37285,2022-01-03 14:25:00,40.578938,-73.98522,0,0,Driver Inexperience,4492230,2.0,-4.4,1.4,0.0,0.98,6.0,73,29.3,55.4,359,Snow fall: Moderate,0,0,Snowy Conditions
37286,2022-01-03 05:27:00,40.683105,-73.798134,0,0,Driver Inattention/Distraction,4491882,2.0,-4.4,1.4,0.0,0.98,6.0,73,29.3,55.4,359,Snow fall: Moderate,0,0,Snowy Conditions
37287,2022-01-03 14:00:00,40.87561,-73.84773,0,0,Passing or Lane Usage Improper,4491749,2.0,-4.4,1.4,0.0,0.98,6.0,73,29.3,55.4,359,Snow fall: Moderate,0,0,Snowy Conditions
37288,2022-01-03 13:12:00,40.68728,-73.97979,1,0,Unspecified,4491720,2.0,-4.4,1.4,0.0,0.98,6.0,73,29.3,55.4,359,Snow fall: Moderate,1,1,Snowy Conditions
37289,2022-01-03 21:00:00,40.626392,-74.130356,0,0,Unspecified,4492103,2.0,-4.4,1.4,0.0,0.98,6.0,73,29.3,55.4,359,Snow fall: Moderate,0,0,Snowy Conditions
37290,2021-12-30 18:35:00,40.83569,-73.93739,1,0,Driver Inattention/Distraction,4492164,8.3,5.0,1.8,1.8,0.0,7.0,53,9.9,17.6,22,Drizzle: Moderate,1,1,
37291,2022-01-03 09:30:00,40.684868,-73.97317,0,0,Unspecified,4491774,2.0,-4.4,1.4,0.0,0.98,6.0,73,29.3,55.4,359,Snow fall: Moderate,0,0,Snowy Conditions
37292,2022-01-03 17:00:00,40.607243,-73.98726,0,0,Unspecified,4491935,2.0,-4.4,1.4,0.0,0.98,6.0,73,29.3,55.4,359,Snow fall: Moderate,0,0,Snowy Conditions
37293,2022-01-03 09:20:00,40.63385,-73.94097,0,0,Unspecified,4492122,2.0,-4.4,1.4,0.0,0.98,6.0,73,29.3,55.4,359,Snow fall: Moderate,0,0,Snowy Conditions
37294,2022-01-03 12:40:00,40.746555,-73.82621,0,0,Following Too Closely,4491716,2.0,-4.4,1.4,0.0,0.98,6.0,73,29.3,55.4,359,Snow fall: Moderate,0,0,Snowy Conditions
37295,2022-01-03 06:33:00,40.666355,-73.80163,2,0,Accelerator Defective,4491646,2.0,-4.4,1.4,0.0,0.98,6.0,73,29.3,55.4,359,Snow fall: Moderate,2,2,Snowy Conditions
37296,2022-01-03 18:14:00,40.60913,-73.95741,0,0,Driver Inattention/Distraction,4491805,2.0,-4.4,1.4,0.0,0.98,6.0,73,29.3,55.4,359,Snow fall: Moderate,0,0,Snowy Conditions
37297,2022-01-03 20:10:00,40.711994,-74.00811,0,0,Unspecified,4491942,2.0,-4.4,1.4,0.0,0.98,6.0,73,29.3,55.4,359,Snow fall: Moderate,0,0,Snowy Conditions
37298,2022-01-03 18:06:00,40.86997,-73.83587,0,0,Backing Unsafely,4491779,2.0,-4.4,1.4,0.0,0.98,6.0,73,29.3,55.4,359,Snow fall: Moderate,0,0,Snowy Conditions
37299,2022-01-02 20:24:00,40.635715,-73.97661,1,0,Pedestrian/Bicyclist/Other Pedestrian Error/Confusion,4492323,13.1,2.7,16.0,16.0,0.0,8.0,65,25.1,52.6,318,Rain: Heavy,1,1,
37300,2021-12-16 16:45:00,40.68039,-73.94956,0,0,Passing or Lane Usage Improper,4492202,14.6,9.9,0.0,0.0,0.0,0.0,3,22.4,38.5,222,Overcast,0,0,
37301,2022-01-03 18:08:00,40.763103,-73.98613,0,0,Driver Inattention/Distraction,4491823,2.0,-4.4,1.4,0.0,0.98,6.0,73,29.3,55.4,359,Snow fall: Moderate,0,0,Snowy Conditions
37302,2021-12-24 18:19:00,40.85901,-73.927635,0,0,Passing Too Closely,4492217,5.7,-1.1,1.0,0.0,0.7,5.0,73,12.4,21.6,73,Snow fall: Moderate,0,0,Snowy Conditions
37303,2021-12-31 19:35:00,40.873672,-73.90176,2,0,Driver Inattention/Distraction,4492092,11.1,7.1,2.7,2.7,0.0,5.0,55,14.9,29.2,193,Drizzle: Dense,2,2,
37304,2022-01-03 14:00:00,40.687416,-73.972694,1,0,Driver Inattention/Distraction,4491744,2.0,-4.4,1.4,0.0,0.98,6.0,73,29.3,55.4,359,Snow fall: Moderate,1,1,Snowy Conditions
37305,2022-01-03 04:36:00,40.65067,-73.95248,2,0,Unspecified,4492119,2.0,-4.4,1.4,0.0,0.98,6.0,73,29.3,55.4,359,Snow fall: Moderate,2,2,Snowy Conditions
37306,2021-12-28 16:48:00,40.865536,-73.92728,0,0,Turning Improperly,4492084,8.5,2.2,0.0,0.0,0.0,0.0,3,12.5,22.0,271,Overcast,0,0,
37307,2022-01-03 16:05:00,40.65545,-73.863335,0,0,Unspecified,4491733,2.0,-4.4,1.4,0.0,0.98,6.0,73,29.3,55.4,359,Snow fall: Moderate,0,0,Snowy Conditions
37308,2022-02-17 16:50:00,0.0,0.0,0,1,Driver Inattention/Distraction,4504755,16.7,5.1,2.2,2.2,0.0,2.0,61,31.8,56.5,201,Rain: Light,20,1,
37309,2022-01-03 00:45:00,40.649094,-74.01694,0,0,Unspecified,4491770,2.0,-4.4,1.4,0.0,0.98,6.0,73,29.3,55.4,359,Snow fall: Moderate,0,0,Snowy Conditions
37310,2022-01-01 17:13:00,40.839176,-73.94114,0,0,Failure to Yield Right-of-Way,4492168,11.7,7.5,19.4,19.4,0.0,19.0,63,13.9,22.3,161,Rain: Moderate,0,0,
37311,2022-01-03 11:00:00,40.665134,-73.78155,0,0,Backing Unsafely,4491709,2.0,-4.4,1.4,0.0,0.98,6.0,73,29.3,55.4,359,Snow fall: Moderate,0,0,Snowy Conditions
37312,2022-01-03 22:15:00,40.64361,-73.94285,3,0,Unspecified,4492205,2.0,-4.4,1.4,0.0,0.98,6.0,73,29.3,55.4,359,Snow fall: Moderate,3,3,Snowy Conditions
37313,2022-01-03 10:55:00,40.67678,-73.98348,1,0,Unsafe Speed,4491886,2.0,-4.4,1.4,0.0,0.98,6.0,73,29.3,55.4,359,Snow fall: Moderate,1,1,Snowy Conditions
37314,2022-01-03 13:01:00,40.626114,-73.97886,0,0,Unspecified,4492311,2.0,-4.4,1.4,0.0,0.98,6.0,73,29.3,55.4,359,Snow fall: Moderate,0,0,Snowy Conditions
37315,2022-01-02 23:55:00,40.63223,-73.99504,1,0,Unspecified,4492316,13.1,2.7,16.0,16.0,0.0,8.0,65,25.1,52.6,318,Rain: Heavy,1,1,
37316,2021-10-08 19:34:00,40.6919944,-73.7611009,1,0,Following Too Closely,4467206,23.7,14.5,0.0,0.0,0.0,0.0,3,13.0,22.3,94,Overcast,1,1,
37317,2021-10-02 22:55:00,40.6213645,-74.0219785,0,0,Unspecified,4467224,23.7,10.8,0.0,0.0,0.0,0.0,3,17.0,34.2,254,Overcast,0,0,
37318,2021-10-11 16:15:00,40.844644,-73.9057681,0,0,Unspecified,4467235,21.7,16.3,0.0,0.0,0.0,0.0,3,25.7,49.7,41,Overcast,0,0,
37319,2021-10-10 05:20:00,40.8283988,-73.9452966,0,0,Driver Inattention/Distraction,4467237,18.5,16.0,2.4,2.4,0.0,8.0,53,27.2,52.6,52,Drizzle: Moderate,0,0,
37320,2021-10-05 15:05:00,40.6667077,-73.8718221,1,0,Driver Inattention/Distraction,4467249,19.9,15.0,0.0,0.0,0.0,0.0,3,14.5,28.1,46,Overcast,1,1,
37321,2021-09-14 16:00:00,40.6805489,-73.9732592,0,0,Unspecified,4467244,26.0,19.0,0.2,0.2,0.0,1.0,51,18.0,35.6,138,Drizzle: Light,0,0,
37322,2021-10-12 14:20:00,40.7431681,-73.9427049,0,0,Backing Unsafely,4467195,21.6,15.2,0.0,0.0,0.0,0.0,3,11.8,23.8,81,Overcast,0,0,
37323,2021-12-11 16:20:00,40.599052,-74.08223,1,0,Backing Unsafely,4485465,17.3,5.0,8.1,8.1,0.0,5.0,63,35.0,67.0,206,Rain: Moderate,1,1,
37324,2021-12-08 20:10:00,40.601948,-73.99382,0,0,Failure to Yield Right-of-Way,4486166,4.7,0.9,0.7,0.7,0.0,2.0,51,14.5,24.8,355,Drizzle: Light,0,0,
37325,2021-12-11 04:30:00,40.86159,-73.92475,0,0,Following Too Closely,4485761,17.3,5.0,8.1,8.1,0.0,5.0,63,35.0,67.0,206,Rain: Moderate,0,0,
37326,2021-12-11 19:50:00,40.683037,-73.96478,0,0,Unspecified,4485451,17.3,5.0,8.1,8.1,0.0,5.0,63,35.0,67.0,206,Rain: Moderate,0,0,
37327,2021-12-11 10:00:00,40.619194,-73.9795,3,0,Driver Inattention/Distraction,4486271,17.3,5.0,8.1,8.1,0.0,5.0,63,35.0,67.0,206,Rain: Moderate,3,3,
37328,2021-12-09 09:00:00,40.674397,-73.896515,0,0,Unspecified,4486040,3.6,-2.0,0.1,0.0,0.07,1.0,71,19.2,33.8,295,Snow fall: Light,0,0,Snowy Conditions
37329,2021-12-11 11:50:00,40.825573,-73.94121,1,0,Passenger Distraction,4485937,17.3,5.0,8.1,8.1,0.0,5.0,63,35.0,67.0,206,Rain: Moderate,1,1,
37330,2021-12-11 01:00:00,40.76132,-73.9171,0,0,Alcohol Involvement,4485563,17.3,5.0,8.1,8.1,0.0,5.0,63,35.0,67.0,206,Rain: Moderate,0,0,
37331,2021-12-11 08:30:00,40.840836,-73.87258,0,0,Driver Inattention/Distraction,4485821,17.3,5.0,8.1,8.1,0.0,5.0,63,35.0,67.0,206,Rain: Moderate,0,0,