,CRASH DATETIME,LATITUDE,LONGITUDE,NUMBER OF PERSONS INJURED,NUMBER OF PERSONS KILLED,CONTRIBUTING FACTOR VEHICLE 1,COLLISION_ID,temperature_2m_max,temperature_2m_min,precipitation_sum,rain_sum,snowfall_sum,precipitation_hours,weather_code,wind_speed_10m_max,wind_gusts_10m_max,wind_direction_10m_dominant,Weather Description,Severity_Score,Total_Affected_Persons,Weather_Category
37332,2021-12-11 04:00:00,40.84797,-73.924774,0,0,Driver Inattention/Distraction,4485953,17.3,5.0,8.1,8.1,0.0,5.0,63,35.0,67.0,206,Rain: Moderate,0,0,
37333,2021-12-11 04:45:00,40.700726,-73.94194,0,0,Driver Inattention/Distraction,4485892,17.3,5.0,8.1,8.1,0.0,5.0,63,35.0,67.0,206,Rain: Moderate,0,0,
37334,2021-12-11 22:00:00,40.678417,-73.729225,4,0,Unspecified,4485659,17.3,5.0,8.1,8.1,0.0,5.0,63,35.0,67.0,206,Rain: Moderate,4,4,
37335,2022-01-03 01:47:00,40.725777,-73.98661,0,0,Driverless/Runaway Vehicle,4491597,2.0,-4.4,1.4,0.0,0.98,6.0,73,29.3,55.4,359,Snow fall: Moderate,0,0,Snowy Conditions
37336,2022-01-03 20:43:00,40.745438,-73.923,0,0,Unspecified,4491969,2.0,-4.4,1.4,0.0,0.98,6.0,73,29.3,55.4,359,Snow fall: Moderate,0,0,Snowy Conditions
37337,2022-01-03 23:47:00,40.592484,-73.99494,0,0,Driver Inexperience,4491816,2.0,-4.4,1.4,0.0,0.98,6.0,73,29.3,55.4,359,Snow fall: Moderate,0,0,Snowy Conditions
37338,2022-01-03 19:31:00,40.745712,-73.972206,0,0,Driver Inattention/Distraction,4492180,2.0,-4.4,1.4,0.0,0.98,6.0,73,29.3,55.4,359,Snow fall: Moderate,0,0,Snowy Conditions
37339,2022-01-03 04:10:00,40.74508,-73.86438,1,0,Driver Inattention/Distraction,4491847,2.0,-4.4,1.4,0.0,0.98,6.0,73,29.3,55.4,359,Snow fall: Moderate,1,1,Snowy Conditions
37340,2022-01-03 19:46:00,40.578026,-73.95413,0,0,Driver Inattention/Distraction,4492010,2.0,-4.4,1.4,0.0,0.98,6.0,73,29.3,55.4,359,Snow fall: Moderate,0,0,Snowy Conditions
37341,2022-01-03 14:49:00,40.682316,-73.977135,0,0,Passing Too Closely,4491766,2.0,-4.4,1.4,0.0,0.98,6.0,73,29.3,55.4,359,Snow fall: Moderate,0,0,Snowy Conditions
37342,2022-01-03 07:35:00,40.67189,-73.895874,0,0,Unsafe Speed,4491695,2.0,-4.4,1.4,0.0,0.98,6.0,73,29.3,55.4,359,Snow fall: Moderate,0,0,Snowy Conditions
37343,2021-12-29 19:40:00,40.65257,-73.95132,0,0,Unspecified,4492112,7.6,4.1,8.1,8.1,0.0,8.0,61,12.2,24.1,52,Rain: Light,0,0,
37344,2022-01-03 04:50:00,40.748913,-73.9374,0,0,Driver Inattention/Distraction,4491792,2.0,-4.4,1.4,0.0,0.98,6.0,73,29.3,55.4,359,Snow fall: Moderate,0,0,Snowy Conditions
37345,2022-01-03 21:35:00,40.69157,-73.99921,0,0,Unsafe Lane Changing,4491783,2.0,-4.4,1.4,0.0,0.98,6.0,73,29.3,55.4,359,Snow fall: Moderate,0,0,Snowy Conditions
37346,2021-12-26 00:15:00,40.702484,-73.85981,0,0,Unspecified,4492142,8.9,3.4,0.0,0.0,0.0,0.0,3,21.9,38.9,316,Overcast,0,0,
37347,2022-01-03 10:42:00,40.750977,-73.934746,1,0,Unspecified,4491834,2.0,-4.4,1.4,0.0,0.98,6.0,73,29.3,55.4,359,Snow fall: Moderate,1,1,Snowy Conditions
37348,2022-01-03 21:50:00,40.72775,-73.97619,0,0,Driver Inattention/Distraction,4491900,2.0,-4.4,1.4,0.0,0.98,6.0,73,29.3,55.4,359,Snow fall: Moderate,0,0,Snowy Conditions
37349,2022-01-03 08:00:00,40.738403,-73.93864,0,0,Driver Inattention/Distraction,4492363,2.0,-4.4,1.4,0.0,0.98,6.0,73,29.3,55.4,359,Snow fall: Moderate,0,0,Snowy Conditions
37350,2022-01-03 23:54:00,40.668797,-73.93113,4,0,Traffic Control Disregarded,4492283,2.0,-4.4,1.4,0.0,0.98,6.0,73,29.3,55.4,359,Snow fall: Moderate,4,4,Snowy Conditions
37351,2022-01-03 20:30:00,40.710583,-73.78356,1,0,Traffic Control Disregarded,4491945,2.0,-4.4,1.4,0.0,0.98,6.0,73,29.3,55.4,359,Snow fall: Moderate,1,1,Snowy Conditions
37352,2022-01-03 19:30:00,40.759163,-73.988396,0,0,Driver Inattention/Distraction,4491824,2.0,-4.4,1.4,0.0,0.98,6.0,73,29.3,55.4,359,Snow fall: Moderate,0,0,Snowy Conditions
37353,2021-12-29 15:00:00,40.855366,-73.940254,0,0,Passing or Lane Usage Improper,4492226,7.6,4.1,8.1,8.1,0.0,8.0,61,12.2,24.1,52,Rain: Light,0,0,
37354,2022-01-02 03:29:00,40.66112,-74.00061,0,0,Unspecified,4492246,13.1,2.7,16.0,16.0,0.0,8.0,65,25.1,52.6,318,Rain: Heavy,0,0,
37355,2021-12-18 18:30:00,40.673107,-73.99959,4,0,Driver Inattention/Distraction,4492294,6.3,4.5,3.8,3.8,0.0,9.0,61,12.3,24.5,35,Rain: Light,4,4,
37356,2022-01-03 17:00:00,40.84504,-73.853584,0,0,Other Vehicular,4491869,2.0,-4.4,1.4,0.0,0.98,6.0,73,29.3,55.4,359,Snow fall: Moderate,0,0,Snowy Conditions
37357,2022-02-20 02:00:00,40.630608,-73.97202,0,0,Unspecified,4504368,2.4,-6.6,0.0,0.0,0.0,0.0,3,23.4,44.3,250,Overcast,0,0,
37358,2022-02-14 20:54:00,40.779366,-73.95527,0,0,Driver Inexperience,4504865,-3.4,-10.4,0.0,0.0,0.0,0.0,3,26.4,49.3,316,Overcast,0,0,
37359,2022-02-20 11:38:00,40.74457,-73.858986,0,0,Driver Inattention/Distraction,4504181,2.4,-6.6,0.0,0.0,0.0,0.0,3,23.4,44.3,250,Overcast,0,0,
37360,2022-02-20 16:30:00,40.698574,-73.82523,0,0,Unspecified,4504240,2.4,-6.6,0.0,0.0,0.0,0.0,3,23.4,44.3,250,Overcast,0,0,
37361,2022-04-03 00:00:00,40.689648,-73.9184,0,0,Driver Inattention/Distraction,4516333,8.3,3.4,3.1,3.1,0.0,5.0,61,21.9,38.2,274,Rain: Light,0,0,
37362,2022-04-01 15:00:00,40.66015,-73.85333,0,0,Driver Inattention/Distraction,4516568,15.2,5.3,1.4,1.4,0.0,8.0,51,33.1,61.9,277,Drizzle: Light,0,0,
37363,2022-04-03 01:30:00,40.836403,-73.875595,0,0,Failure to Yield Right-of-Way,4515698,8.3,3.4,3.1,3.1,0.0,5.0,61,21.9,38.2,274,Rain: Light,0,0,
37364,2022-04-03 14:06:00,40.679047,-73.95857,0,0,Unsafe Speed,4516159,8.3,3.4,3.1,3.1,0.0,5.0,61,21.9,38.2,274,Rain: Light,0,0,
37365,2022-03-31 12:45:00,40.718704,-73.98526,1,0,Unspecified,4516328,19.0,3.5,12.0,12.0,0.0,4.0,65,37.8,67.3,194,Rain: Heavy,1,1,
37366,2022-04-03 00:29:00,40.67942,-73.96823,1,0,Unsafe Speed,4516358,8.3,3.4,3.1,3.1,0.0,5.0,61,21.9,38.2,274,Rain: Light,1,1,
37367,2022-04-03 05:20:00,40.69579,-73.93313,0,0,Driver Inattention/Distraction,4515721,8.3,3.4,3.1,3.1,0.0,5.0,61,21.9,38.2,274,Rain: Light,0,0,
37368,2022-04-03 18:30:00,40.744526,-73.77161,0,0,Driver Inattention/Distraction,4515839,8.3,3.4,3.1,3.1,0.0,5.0,61,21.9,38.2,274,Rain: Light,0,0,
37369,2022-03-31 01:30:00,40.585056,-73.928894,1,0,Unsafe Speed,4516558,19.0,3.5,12.0,12.0,0.0,4.0,65,37.8,67.3,194,Rain: Heavy,1,1,
37370,2022-03-31 11:50:00,40.630577,-73.88591,2,0,Unsafe Speed,4516563,19.0,3.5,12.0,12.0,0.0,4.0,65,37.8,67.3,194,Rain: Heavy,2,2,
37371,2022-04-03 20:52:00,40.862778,-73.906166,0,0,Driver Inattention/Distraction,4516061,8.3,3.4,3.1,3.1,0.0,5.0,61,21.9,38.2,274,Rain: Light,0,0,
37372,2022-04-01 07:40:00,40.813564,-73.951324,0,0,Driver Inexperience,4516541,15.2,5.3,1.4,1.4,0.0,8.0,51,33.1,61.9,277,Drizzle: Light,0,0,
37373,2022-03-30 10:56:00,40.778606,-73.98163,0,0,Driver Inattention/Distraction,4516482,5.9,-3.5,0.0,0.0,0.0,0.0,3,17.0,30.6,215,Overcast,0,0,
37374,2022-04-03 09:53:00,40.73885,-73.810356,0,0,Following Too Closely,4515766,8.3,3.4,3.1,3.1,0.0,5.0,61,21.9,38.2,274,Rain: Light,0,0,
37375,2022-04-03 00:00:00,40.670666,-73.80103,0,0,Following Too Closely,4515886,8.3,3.4,3.1,3.1,0.0,5.0,61,21.9,38.2,274,Rain: Light,0,0,
37376,2022-04-03 02:45:00,40.650078,-73.94757,0,0,Unsafe Speed,4515628,8.3,3.4,3.1,3.1,0.0,5.0,61,21.9,38.2,274,Rain: Light,0,0,
37377,2022-04-03 14:00:00,40.7418,-73.72815,1,0,Following Too Closely,4515860,8.3,3.4,3.1,3.1,0.0,5.0,61,21.9,38.2,274,Rain: Light,1,1,
37378,2022-04-01 04:50:00,40.516335,-74.23283,2,0,Fatigued/Drowsy,4516614,15.2,5.3,1.4,1.4,0.0,8.0,51,33.1,61.9,277,Drizzle: Light,2,2,
37379,2022-04-03 13:26:00,40.888454,-73.84197,0,0,Failure to Yield Right-of-Way,4516137,8.3,3.4,3.1,3.1,0.0,5.0,61,21.9,38.2,274,Rain: Light,0,0,
37380,2022-04-03 16:40:00,40.61223,-73.9304,0,0,Driver Inattention/Distraction,4515849,8.3,3.4,3.1,3.1,0.0,5.0,61,21.9,38.2,274,Rain: Light,0,0,
37381,2022-03-20 01:44:00,40.75424,-73.897934,0,0,Passing Too Closely,4516430,14.8,6.9,0.1,0.1,0.0,1.0,51,27.0,49.0,284,Drizzle: Light,0,0,
37382,2022-04-03 09:04:00,40.76635,-73.95103,1,0,Passing or Lane Usage Improper,4515939,8.3,3.4,3.1,3.1,0.0,5.0,61,21.9,38.2,274,Rain: Light,1,1,
37383,2022-04-02 18:30:00,40.68251,-73.976326,0,0,Following Too Closely,4516352,11.1,1.4,0.0,0.0,0.0,0.0,3,26.3,47.9,286,Overcast,0,0,
37384,2022-04-01 14:40:00,40.84854,-73.85526,1,0,Turning Improperly,4516314,15.2,5.3,1.4,1.4,0.0,8.0,51,33.1,61.9,277,Drizzle: Light,1,1,
37385,2021-10-12 10:30:00,40.6583141,-74.0035249,0,0,Unspecified,4466589,21.6,15.2,0.0,0.0,0.0,0.0,3,11.8,23.8,81,Overcast,0,0,
37386,2022-04-03 04:05:00,40.73831,-73.98775,0,0,Following Too Closely,4516051,8.3,3.4,3.1,3.1,0.0,5.0,61,21.9,38.2,274,Rain: Light,0,0,
37387,2022-04-02 08:30:00,40.63512,-74.15312,0,0,Driver Inattention/Distraction,4516400,11.1,1.4,0.0,0.0,0.0,0.0,3,26.3,47.9,286,Overcast,0,0,
37388,2022-03-27 03:08:00,40.836617,-73.87377,0,0,Driver Inattention/Distraction,4516518,7.5,-1.1,0.3,0.3,0.07,3.0,71,26.4,47.5,288,Snow fall: Light,0,0,Snowy Conditions
37389,2022-04-03 01:15:00,40.713974,-73.953094,2,0,Unsafe Speed,4515920,8.3,3.4,3.1,3.1,0.0,5.0,61,21.9,38.2,274,Rain: Light,2,2,
37390,2022-04-01 14:55:00,40.831177,-73.942085,1,0,Passing or Lane Usage Improper,4516413,15.2,5.3,1.4,1.4,0.0,8.0,51,33.1,61.9,277,Drizzle: Light,1,1,
37391,2022-04-03 21:32:00,40.698677,-73.95886,2,0,Driver Inattention/Distraction,4515906,8.3,3.4,3.1,3.1,0.0,5.0,61,21.9,38.2,274,Rain: Light,2,2,
37392,2022-04-03 03:10:00,40.73611,-73.85639,0,0,Driver Inattention/Distraction,4515611,8.3,3.4,3.1,3.1,0.0,5.0,61,21.9,38.2,274,Rain: Light,0,0,
37393,2022-04-03 22:35:00,40.751545,-73.87085,1,0,Unspecified,4516447,8.3,3.4,3.1,3.1,0.0,5.0,61,21.9,38.2,274,Rain: Light,1,1,
37394,2022-04-03 22:03:00,40.740017,-73.84565,2,0,Unsafe Speed,4516636,8.3,3.4,3.1,3.1,0.0,5.0,61,21.9,38.2,274,Rain: Light,2,2,
37395,2022-04-03 17:40:00,40.670734,-73.93373,0,0,Driver Inattention/Distraction,4515831,8.3,3.4,3.1,3.1,0.0,5.0,61,21.9,38.2,274,Rain: Light,0,0,
37396,2022-04-03 03:47:00,40.636333,-73.99883,0,0,Unspecified,4515981,8.3,3.4,3.1,3.1,0.0,5.0,61,21.9,38.2,274,Rain: Light,0,0,
37397,2022-03-25 15:54:00,40.771927,-73.95774,0,0,Driver Inattention/Distraction,4516595,15.6,5.3,5.7,5.7,0.0,4.0,63,27.6,52.2,274,Rain: Moderate,0,0,
37398,2022-04-01 14:25:00,40.642586,-73.94193,0,0,Unspecified,4516508,15.2,5.3,1.4,1.4,0.0,8.0,51,33.1,61.9,277,Drizzle: Light,0,0,
37399,2022-03-28 18:40:00,40.635876,-74.16751,0,0,Driver Inattention/Distraction,4516383,0.0,-5.2,0.3,0.0,0.21,3.0,71,31.3,59.0,303,Snow fall: Light,0,0,Snowy Conditions
37400,2022-04-03 15:05:00,40.68875,-73.974915,0,0,Unspecified,4515998,8.3,3.4,3.1,3.1,0.0,5.0,61,21.9,38.2,274,Rain: Light,0,0,
37401,2022-04-03 23:20:00,40.645767,-73.98529,0,0,Failure to Yield Right-of-Way,4516647,8.3,3.4,3.1,3.1,0.0,5.0,61,21.9,38.2,274,Rain: Light,0,0,
37402,2022-04-03 18:15:00,40.733738,-73.95485,1,0,Failure to Yield Right-of-Way,4516121,8.3,3.4,3.1,3.1,0.0,5.0,61,21.9,38.2,274,Rain: Light,1,1,
37403,2022-03-30 23:20:00,40.84414,-73.900536,0,0,Passing Too Closely,4516394,5.9,-3.5,0.0,0.0,0.0,0.0,3,17.0,30.6,215,Overcast,0,0,
37404,2022-04-03 05:15:00,40.681004,-73.81257,1,0,Traffic Control Disregarded,4515946,8.3,3.4,3.1,3.1,0.0,5.0,61,21.9,38.2,274,Rain: Light,1,1,
37405,2022-04-03 17:34:00,40.693382,-73.83039,1,0,Passing or Lane Usage Improper,4515880,8.3,3.4,3.1,3.1,0.0,5.0,61,21.9,38.2,274,Rain: Light,1,1,
37406,2022-04-03 23:59:00,40.60981,-73.92251,0,0,Driver Inattention/Distraction,4516441,8.3,3.4,3.1,3.1,0.0,5.0,61,21.9,38.2,274,Rain: Light,0,0,
37407,2022-04-03 14:40:00,40.67553,-73.96319,2,0,Other Vehicular,4516200,8.3,3.4,3.1,3.1,0.0,5.0,61,21.9,38.2,274,Rain: Light,2,2,
37408,2022-04-01 14:40:00,40.68342,-73.97545,0,0,Driver Inattention/Distraction,4516366,15.2,5.3,1.4,1.4,0.0,8.0,51,33.1,61.9,277,Drizzle: Light,0,0,
37409,2022-04-03 19:00:00,40.850067,-73.9449,0,0,Unspecified,4516025,8.3,3.4,3.1,3.1,0.0,5.0,61,21.9,38.2,274,Rain: Light,0,0,
37410,2022-04-02 04:15:00,40.738495,-73.90274,1,0,Driver Inattention/Distraction,4516673,11.1,1.4,0.0,0.0,0.0,0.0,3,26.3,47.9,286,Overcast,1,1,
37411,2022-04-03 18:26:00,40.66638,-73.86109,1,0,Driver Inattention/Distraction,4516095,8.3,3.4,3.1,3.1,0.0,5.0,61,21.9,38.2,274,Rain: Light,1,1,
37412,2022-04-03 00:21:00,40.695114,-73.93194,1,0,Unspecified,4516533,8.3,3.4,3.1,3.1,0.0,5.0,61,21.9,38.2,274,Rain: Light,1,1,
37413,2022-03-28 12:35:00,40.695496,-73.78394,1,0,Passing Too Closely,4516404,0.0,-5.2,0.3,0.0,0.21,3.0,71,31.3,59.0,303,Snow fall: Light,1,1,Snowy Conditions
37414,2022-03-31 07:14:00,40.62962,-74.07667,1,0,Unspecified,4516603,19.0,3.5,12.0,12.0,0.0,4.0,65,37.8,67.3,194,Rain: Heavy,1,1,
37415,2022-04-03 02:55:00,40.68559,-73.87207,0,0,Driver Inattention/Distraction,4516103,8.3,3.4,3.1,3.1,0.0,5.0,61,21.9,38.2,274,Rain: Light,0,0,
37416,2022-04-02 22:25:00,40.651047,-73.86689,0,0,Following Too Closely,4516577,11.1,1.4,0.0,0.0,0.0,0.0,3,26.3,47.9,286,Overcast,0,0,
37417,2022-03-23 07:30:00,40.607605,-74.16246,0,0,Backing Unsafely,4516407,8.4,1.3,2.2,2.2,0.0,3.0,55,19.6,34.6,73,Drizzle: Dense,0,0,
37418,2022-04-03 00:16:00,40.752197,-73.981834,1,0,Following Too Closely,4515585,8.3,3.4,3.1,3.1,0.0,5.0,61,21.9,38.2,274,Rain: Light,1,1,
37419,2022-03-31 16:12:00,40.708927,-73.77733,0,0,Driver Inattention/Distraction,4516495,19.0,3.5,12.0,12.0,0.0,4.0,65,37.8,67.3,194,Rain: Heavy,0,0,
37420,2022-04-03 17:30:00,40.62617,-73.94193,0,0,Driver Inattention/Distraction,4516442,8.3,3.4,3.1,3.1,0.0,5.0,61,21.9,38.2,274,Rain: Light,0,0,
37421,2022-04-03 17:30:00,40.702408,-73.94751,0,0,Driver Inattention/Distraction,4515919,8.3,3.4,3.1,3.1,0.0,5.0,61,21.9,38.2,274,Rain: Light,0,0,
37422,2022-04-02 18:05:00,40.706406,-74.00456,1,0,Unspecified,4516306,11.1,1.4,0.0,0.0,0.0,0.0,3,26.3,47.9,286,Overcast,1,1,
37423,2022-04-03 10:55:00,40.554287,-74.132805,0,0,Driver Inattention/Distraction,4515811,8.3,3.4,3.1,3.1,0.0,5.0,61,21.9,38.2,274,Rain: Light,0,0,
37424,2022-04-03 13:33:00,40.88261,-73.89257,0,0,Unspecified,4516266,8.3,3.4,3.1,3.1,0.0,5.0,61,21.9,38.2,274,Rain: Light,0,0,
37425,2022-04-01 19:20:00,40.582233,-74.16907,0,0,Driver Inattention/Distraction,4516384,15.2,5.3,1.4,1.4,0.0,8.0,51,33.1,61.9,277,Drizzle: Light,0,0,
37426,2022-04-03 18:42:00,40.81626,-73.91421,3,0,Other Vehicular,4516078,8.3,3.4,3.1,3.1,0.0,5.0,61,21.9,38.2,274,Rain: Light,3,3,
37427,2022-04-03 21:40:00,40.871014,-73.84423,1,0,Unspecified,4516140,8.3,3.4,3.1,3.1,0.0,5.0,61,21.9,38.2,274,Rain: Light,1,1,
37428,2022-04-03 17:00:00,40.74803,-73.83315,0,0,Turning Improperly,4515843,8.3,3.4,3.1,3.1,0.0,5.0,61,21.9,38.2,274,Rain: Light,0,0,
37429,2022-04-03 09:51:00,40.683697,-73.97099,0,0,Unspecified,4515872,8.3,3.4,3.1,3.1,0.0,5.0,61,21.9,38.2,274,Rain: Light,0,0,
37430,2022-03-27 08:20:00,40.6517,-73.97698,1,0,Driver Inattention/Distraction,4516567,7.5,-1.1,0.3,0.3,0.07,3.0,71,26.4,47.5,288,Snow fall: Light,1,1,Snowy Conditions
37431,2022-04-03 12:30:00,40.75632,-73.999275,0,0,Outside Car Distraction,4515699,8.3,3.4,3.1,3.1,0.0,5.0,61,21.9,38.2,274,Rain: Light,0,0,
37432,2022-04-03 17:03:00,40.814144,-73.95571,3,0,Alcohol Involvement,4516542,8.3,3.4,3.1,3.1,0.0,5.0,61,21.9,38.2,274,Rain: Light,3,3,
37433,2022-04-03 08:30:00,40.575924,-73.99114,0,0,Driver Inattention/Distraction,4516171,8.3,3.4,3.1,3.1,0.0,5.0,61,21.9,38.2,274,Rain: Light,0,0,
37434,2022-04-03 20:15:00,40.698406,-73.80647,1,0,Driver Inattention/Distraction,4515957,8.3,3.4,3.1,3.1,0.0,5.0,61,21.9,38.2,274,Rain: Light,1,1,
37435,2021-10-12 19:30:00,40.7431388,-73.8297229,0,0,Obstruction/Debris,4466595,21.6,15.2,0.0,0.0,0.0,0.0,3,11.8,23.8,81,Overcast,0,0,
37436,2022-03-28 07:00:00,40.766434,-73.921776,0,0,Unspecified,4516667,0.0,-5.2,0.3,0.0,0.21,3.0,71,31.3,59.0,303,Snow fall: Light,0,0,Snowy Conditions
37437,2022-03-30 07:30:00,40.534325,-74.193016,2,0,Unsafe Lane Changing,4516609,5.9,-3.5,0.0,0.0,0.0,0.0,3,17.0,30.6,215,Overcast,2,2,
37438,2022-04-03 14:30:00,40.69973,-73.9402,0,0,Driver Inattention/Distraction,4515852,8.3,3.4,3.1,3.1,0.0,5.0,61,21.9,38.2,274,Rain: Light,0,0,
37439,2022-04-03 09:55:00,40.73483,-73.802055,0,0,Driver Inattention/Distraction,4515881,8.3,3.4,3.1,3.1,0.0,5.0,61,21.9,38.2,274,Rain: Light,0,0,
37440,2022-04-01 14:36:00,40.68342,-73.97545,0,0,Driver Inexperience,4516367,15.2,5.3,1.4,1.4,0.0,8.0,51,33.1,61.9,277,Drizzle: Light,0,0,
37441,2022-04-03 06:00:00,40.828358,-73.888016,0,0,Driver Inattention/Distraction,4516329,8.3,3.4,3.1,3.1,0.0,5.0,61,21.9,38.2,274,Rain: Light,0,0,
37442,2022-03-29 00:11:00,40.671383,-73.97454,4,0,Alcohol Involvement,4516342,3.3,-5.2,0.0,0.0,0.0,0.0,2,29.3,54.4,311,Partly cloudy,4,4,
37443,2022-03-10 12:19:00,40.80934,-73.91248,4,0,Driver Inattention/Distraction,4516674,9.0,-1.5,0.0,0.0,0.0,0.0,3,12.3,23.8,243,Overcast,4,4,
37444,2022-04-03 08:46:00,40.599335,-73.99412,0,0,Traffic Control Disregarded,4515669,8.3,3.4,3.1,3.1,0.0,5.0,61,21.9,38.2,274,Rain: Light,0,0,
37445,2022-04-03 12:50:00,40.605133,-73.94216,0,0,Unspecified,4516091,8.3,3.4,3.1,3.1,0.0,5.0,61,21.9,38.2,274,Rain: Light,0,0,
37446,2022-04-03 01:00:00,40.77861,-73.836365,0,0,Turning Improperly,4515786,8.3,3.4,3.1,3.1,0.0,5.0,61,21.9,38.2,274,Rain: Light,0,0,
37447,2021-10-12 13:25:00,40.758327,-73.96894,0,0,Unsafe Lane Changing,4466530,21.6,15.2,0.0,0.0,0.0,0.0,3,11.8,23.8,81,Overcast,0,0,
37448,2022-04-03 07:10:00,40.667233,-73.95158,0,0,Backing Unsafely,4516190,8.3,3.4,3.1,3.1,0.0,5.0,61,21.9,38.2,274,Rain: Light,0,0,
37449,2022-04-03 09:12:00,40.753525,-73.994545,0,0,Driver Inattention/Distraction,4515620,8.3,3.4,3.1,3.1,0.0,5.0,61,21.9,38.2,274,Rain: Light,0,0,
37450,2022-04-03 21:42:00,40.79653,-73.97597,0,0,Failure to Yield Right-of-Way,4515893,8.3,3.4,3.1,3.1,0.0,5.0,61,21.9,38.2,274,Rain: Light,0,0,
37451,2022-03-31 13:00:00,40.719933,-73.97876,0,0,Unspecified,4516327,19.0,3.5,12.0,12.0,0.0,4.0,65,37.8,67.3,194,Rain: Heavy,0,0,
37452,2022-04-02 05:30:00,40.88773,-73.82843,0,0,Passing or Lane Usage Improper,4516616,11.1,1.4,0.0,0.0,0.0,0.0,3,26.3,47.9,286,Overcast,0,0,
37453,2022-04-03 03:03:00,40.695854,-73.82095,0,0,Unsafe Speed,4516132,8.3,3.4,3.1,3.1,0.0,5.0,61,21.9,38.2,274,Rain: Light,0,0,
37454,2022-04-03 15:24:00,40.75693,-73.77902,0,0,Driver Inattention/Distraction,4515838,8.3,3.4,3.1,3.1,0.0,5.0,61,21.9,38.2,274,Rain: Light,0,0,
37455,2022-04-03 01:42:00,40.652626,-74.00617,0,0,Driver Inexperience,4516417,8.3,3.4,3.1,3.1,0.0,5.0,61,21.9,38.2,274,Rain: Light,0,0,
37456,2022-04-03 14:00:00,40.649887,-73.961815,0,0,Unspecified,4515988,8.3,3.4,3.1,3.1,0.0,5.0,61,21.9,38.2,274,Rain: Light,0,0,
37457,2022-04-03 14:00:00,40.590294,-73.952866,0,0,Driver Inattention/Distraction,4515940,8.3,3.4,3.1,3.1,0.0,5.0,61,21.9,38.2,274,Rain: Light,0,0,
37458,2022-04-03 14:20:00,40.72857,-73.85809,1,0,Failure to Yield Right-of-Way,4516371,8.3,3.4,3.1,3.1,0.0,5.0,61,21.9,38.2,274,Rain: Light,1,1,
37459,2022-03-30 11:35:00,40.59131,-74.16122,2,0,Driver Inattention/Distraction,4516399,5.9,-3.5,0.0,0.0,0.0,0.0,3,17.0,30.6,215,Overcast,2,2,
37460,2022-04-03 21:19:00,40.804585,-73.91213,0,0,Driver Inattention/Distraction,4516006,8.3,3.4,3.1,3.1,0.0,5.0,61,21.9,38.2,274,Rain: Light,0,0,
37461,2022-03-16 08:02:00,40.630516,-74.076645,0,0,Backing Unsafely,4516639,16.1,3.2,0.3,0.3,0.0,1.0,51,18.8,36.4,183,Drizzle: Light,0,0,
37462,2022-04-03 10:28:00,40.827057,-73.95202,1,0,Pedestrian/Bicyclist/Other Pedestrian Error/Confusion,4515832,8.3,3.4,3.1,3.1,0.0,5.0,61,21.9,38.2,274,Rain: Light,1,1,
37463,2022-03-26 21:20:00,40.64129,-74.08978,1,0,Driver Inattention/Distraction,4516601,10.1,4.9,6.1,5.8,0.21,8.0,71,21.6,41.0,251,Snow fall: Light,1,1,Snowy Conditions
37464,2022-04-03 14:20:00,40.665363,-73.73102,1,0,Pavement Slippery,4515751,8.3,3.4,3.1,3.1,0.0,5.0,61,21.9,38.2,274,Rain: Light,1,1,
37465,2022-03-28 10:00:00,40.778095,-73.9783,0,0,Unspecified,4516480,0.0,-5.2,0.3,0.0,0.21,3.0,71,31.3,59.0,303,Snow fall: Light,0,0,Snowy Conditions
37466,2022-04-01 11:17:00,40.66959,-73.9959,0,0,Traffic Control Disregarded,4516351,15.2,5.3,1.4,1.4,0.0,8.0,51,33.1,61.9,277,Drizzle: Light,0,0,
37467,2022-04-03 14:35:00,40.622646,-74.00666,0,0,Driver Inattention/Distraction,4515861,8.3,3.4,3.1,3.1,0.0,5.0,61,21.9,38.2,274,Rain: Light,0,0,
37468,2022-04-03 16:15:00,40.743797,-73.98902,1,0,Unspecified,4516052,8.3,3.4,3.1,3.1,0.0,5.0,61,21.9,38.2,274,Rain: Light,1,1,
37469,2022-04-03 20:50:00,40.842762,-73.88919,0,0,Driver Inattention/Distraction,4516312,8.3,3.4,3.1,3.1,0.0,5.0,61,21.9,38.2,274,Rain: Light,0,0,
37470,2022-04-03 02:49:00,40.809044,-73.92856,3,0,Tire Failure/Inadequate,4516119,8.3,3.4,3.1,3.1,0.0,5.0,61,21.9,38.2,274,Rain: Light,3,3,
37471,2022-04-03 01:20:00,40.718502,-73.73527,0,0,Unspecified,4515746,8.3,3.4,3.1,3.1,0.0,5.0,61,21.9,38.2,274,Rain: Light,0,0,
37472,2022-04-03 06:03:00,40.63574,-73.90853,0,0,Tire Failure/Inadequate,4515612,8.3,3.4,3.1,3.1,0.0,5.0,61,21.9,38.2,274,Rain: Light,0,0,
37473,2022-04-03 20:14:00,40.684002,-73.81603,1,0,Traffic Control Disregarded,4515901,8.3,3.4,3.1,3.1,0.0,5.0,61,21.9,38.2,274,Rain: Light,1,1,
37474,2022-04-03 01:53:00,40.662743,-73.921936,0,0,Unspecified,4516065,8.3,3.4,3.1,3.1,0.0,5.0,61,21.9,38.2,274,Rain: Light,0,0,
37475,2022-04-03 18:30:00,40.710316,-73.75247,0,0,Following Too Closely,4515865,8.3,3.4,3.1,3.1,0.0,5.0,61,21.9,38.2,274,Rain: Light,0,0,