,CRASH DATETIME,LATITUDE,LONGITUDE,NUMBER OF PERSONS INJURED,NUMBER OF PERSONS KILLED,CONTRIBUTING FACTOR VEHICLE 1,COLLISION_ID,temperature_2m_max,temperature_2m_min,precipitation_sum,rain_sum,snowfall_sum,precipitation_hours,weather_code,wind_speed_10m_max,wind_gusts_10m_max,wind_direction_10m_dominant,Weather Description,Severity_Score,Total_Affected_Persons,Weather_Category
37476,2022-03-28 12:42:00,40.886223,-73.851234,0,0,Passing Too Closely,4516451,0.0,-5.2,0.3,0.0,0.21,3.0,71,31.3,59.0,303,Snow fall: Light,0,0,Snowy Conditions
37477,2022-03-06 16:25:00,40.730415,-74.00252,1,0,Other Vehicular,4516510,19.5,3.0,1.6,1.6,0.0,7.0,53,30.0,54.7,222,Drizzle: Moderate,1,1,
37478,2022-04-03 04:15:00,40.585957,-73.93233,0,0,Brakes Defective,4515925,8.3,3.4,3.1,3.1,0.0,5.0,61,21.9,38.2,274,Rain: Light,0,0,
37479,2022-03-31 08:35:00,40.639866,-73.87788,0,0,Unspecified,4516559,19.0,3.5,12.0,12.0,0.0,4.0,65,37.8,67.3,194,Rain: Heavy,0,0,
37480,2022-04-03 20:45:00,40.57944,-73.979614,1,0,Driver Inattention/Distraction,4516176,8.3,3.4,3.1,3.1,0.0,5.0,61,21.9,38.2,274,Rain: Light,1,1,
37481,2022-03-24 17:50:00,40.671474,-73.93088,1,0,Pedestrian/Bicyclist/Other Pedestrian Error/Confusion,4516580,9.9,3.5,21.4,21.4,0.0,16.0,63,27.2,50.8,57,Rain: Moderate,1,1,
37482,2022-04-03 03:50:00,40.75684,-73.74961,1,0,Driver Inattention/Distraction,4516617,8.3,3.4,3.1,3.1,0.0,5.0,61,21.9,38.2,274,Rain: Light,1,1,
37483,2022-04-03 14:40:00,40.64953,-73.91633,0,0,Unspecified,4515824,8.3,3.4,3.1,3.1,0.0,5.0,61,21.9,38.2,274,Rain: Light,0,0,
37484,2020-06-19 17:21:00,40.62183,-73.98693,0,0,Unspecified,4429239,25.0,18.7,1.1,1.1,0.0,7.0,51,16.6,34.9,188,Drizzle: Light,0,0,
37485,2022-04-03 17:04:00,40.720856,-74.00288,1,0,Following Too Closely,4516307,8.3,3.4,3.1,3.1,0.0,5.0,61,21.9,38.2,274,Rain: Light,1,1,
37486,2022-04-03 16:00:00,40.870014,-73.832436,0,0,Unspecified,4516486,8.3,3.4,3.1,3.1,0.0,5.0,61,21.9,38.2,274,Rain: Light,0,0,
37487,2022-04-03 05:30:00,40.833496,-73.858246,0,0,Driver Inattention/Distraction,4516151,8.3,3.4,3.1,3.1,0.0,5.0,61,21.9,38.2,274,Rain: Light,0,0,
37488,2022-04-03 07:57:00,40.70089,-73.89336,0,0,Failure to Yield Right-of-Way,4515777,8.3,3.4,3.1,3.1,0.0,5.0,61,21.9,38.2,274,Rain: Light,0,0,
37489,2022-04-03 01:50:00,40.666134,-73.99224,2,0,Brakes Defective,4515853,8.3,3.4,3.1,3.1,0.0,5.0,61,21.9,38.2,274,Rain: Light,2,2,
37490,2022-03-30 23:40:00,40.68297,-73.97667,0,0,Unspecified,4516357,5.9,-3.5,0.0,0.0,0.0,0.0,3,17.0,30.6,215,Overcast,0,0,
37491,2022-03-29 13:17:00,40.675755,-73.97143,1,0,Unsafe Lane Changing,4516343,3.3,-5.2,0.0,0.0,0.0,0.0,2,29.3,54.4,311,Partly cloudy,1,1,
37492,2022-04-03 00:30:00,40.677765,-73.90793,0,0,Driver Inattention/Distraction,4515702,8.3,3.4,3.1,3.1,0.0,5.0,61,21.9,38.2,274,Rain: Light,0,0,
37493,2022-03-28 15:30:00,40.749397,-73.88425,0,0,Driver Inattention/Distraction,4516511,0.0,-5.2,0.3,0.0,0.21,3.0,71,31.3,59.0,303,Snow fall: Light,0,0,Snowy Conditions
37494,2022-03-26 09:30:00,40.607235,-74.069,0,0,Unspecified,4516602,10.1,4.9,6.1,5.8,0.21,8.0,71,21.6,41.0,251,Snow fall: Light,0,0,Snowy Conditions
37495,2022-04-01 17:38:00,40.61959,-73.96792,0,0,Unspecified,4516385,15.2,5.3,1.4,1.4,0.0,8.0,51,33.1,61.9,277,Drizzle: Light,0,0,
37496,2022-04-02 08:46:00,40.80801,-73.88961,0,0,Unspecified,4516662,11.1,1.4,0.0,0.0,0.0,0.0,3,26.3,47.9,286,Overcast,0,0,
37497,2022-04-03 01:49:00,40.71793,-74.00099,1,0,Alcohol Involvement,4516024,8.3,3.4,3.1,3.1,0.0,5.0,61,21.9,38.2,274,Rain: Light,1,1,
37498,2022-03-25 18:51:00,40.598392,-73.90629,0,0,Unsafe Lane Changing,4516439,15.6,5.3,5.7,5.7,0.0,4.0,63,27.6,52.2,274,Rain: Moderate,0,0,
37499,2022-04-03 00:00:00,40.62488,-73.93434,0,0,Driver Inattention/Distraction,4516443,8.3,3.4,3.1,3.1,0.0,5.0,61,21.9,38.2,274,Rain: Light,0,0,
37500,2022-04-03 03:40:00,40.76542,-73.98383,2,0,Driver Inattention/Distraction,4515586,8.3,3.4,3.1,3.1,0.0,5.0,61,21.9,38.2,274,Rain: Light,2,2,
37501,2022-03-26 11:00:00,40.58369,-73.92157,0,0,Reaction to Uninvolved Vehicle,4516566,10.1,4.9,6.1,5.8,0.21,8.0,71,21.6,41.0,251,Snow fall: Light,0,0,Snowy Conditions
37502,2022-04-03 13:05:00,40.725433,-73.951744,1,0,Driver Inattention/Distraction,4516090,8.3,3.4,3.1,3.1,0.0,5.0,61,21.9,38.2,274,Rain: Light,1,1,
37503,2022-04-03 12:45:00,40.726524,-73.99585,0,0,Driver Inattention/Distraction,4516104,8.3,3.4,3.1,3.1,0.0,5.0,61,21.9,38.2,274,Rain: Light,0,0,
37504,2022-03-26 16:29:00,40.706764,-73.85471,1,0,Driver Inattention/Distraction,4516498,10.1,4.9,6.1,5.8,0.21,8.0,71,21.6,41.0,251,Snow fall: Light,1,1,Snowy Conditions
37505,2022-04-03 02:51:00,40.71539,-73.933914,1,0,Unspecified,4515917,8.3,3.4,3.1,3.1,0.0,5.0,61,21.9,38.2,274,Rain: Light,1,1,
37506,2022-03-10 00:00:00,40.559437,-74.12481,0,0,Steering Failure,4516363,9.0,-1.5,0.0,0.0,0.0,0.0,3,12.3,23.8,243,Overcast,0,0,
37507,2022-04-03 04:57:00,40.87673,-73.847305,0,0,Unspecified,4515955,8.3,3.4,3.1,3.1,0.0,5.0,61,21.9,38.2,274,Rain: Light,0,0,
37508,2022-03-21 00:00:00,40.823845,-73.896866,1,0,Failure to Yield Right-of-Way,4516543,15.6,5.0,0.0,0.0,0.0,0.0,3,30.0,53.6,299,Overcast,1,1,
37509,2022-03-29 14:30:00,40.87314,-73.90572,1,0,Driver Inattention/Distraction,4516677,3.3,-5.2,0.0,0.0,0.0,0.0,2,29.3,54.4,311,Partly cloudy,1,1,
37510,2022-04-03 18:15:00,40.677036,-73.878654,0,0,Driver Inattention/Distraction,4516096,8.3,3.4,3.1,3.1,0.0,5.0,61,21.9,38.2,274,Rain: Light,0,0,
37511,2022-01-04 09:03:00,40.67984,-73.80265,0,0,Other Vehicular,4492381,0.7,-6.7,0.0,0.0,0.0,0.0,3,20.0,36.4,287,Overcast,0,0,
37512,2021-06-11 17:10:00,40.831287,-73.88173,1,0,Driver Inattention/Distraction,4425848,20.7,15.3,1.2,1.2,0.0,3.0,53,13.2,27.0,97,Drizzle: Moderate,1,1,
37513,2021-06-10 18:24:00,40.779392,-73.95941,2,0,Other Vehicular,4426772,26.7,16.8,0.0,0.0,0.0,0.0,3,20.9,40.3,78,Overcast,2,2,
37514,2021-06-11 21:26:00,40.665726,-73.884224,2,0,Driver Inexperience,4426891,20.7,15.3,1.2,1.2,0.0,3.0,53,13.2,27.0,97,Drizzle: Moderate,2,2,
37515,2021-06-18 08:59:00,40.62577,-74.134735,0,0,Driver Inattention/Distraction,4429331,27.4,13.8,0.0,0.0,0.0,0.0,3,20.5,40.3,210,Overcast,0,0,
37516,2021-06-18 18:22:00,40.768383,-73.971054,0,0,Driver Inattention/Distraction,4429339,27.4,13.8,0.0,0.0,0.0,0.0,3,20.5,40.3,210,Overcast,0,0,
37517,2022-04-03 14:15:00,40.733376,-73.86665,0,0,Unspecified,4515842,8.3,3.4,3.1,3.1,0.0,5.0,61,21.9,38.2,274,Rain: Light,0,0,
37518,2022-04-03 02:51:00,40.659336,-73.92726,3,0,Traffic Control Disregarded,4515654,8.3,3.4,3.1,3.1,0.0,5.0,61,21.9,38.2,274,Rain: Light,3,3,
37519,2022-04-03 04:30:00,40.727013,-73.81079,0,0,Driver Inattention/Distraction,4516276,8.3,3.4,3.1,3.1,0.0,5.0,61,21.9,38.2,274,Rain: Light,0,0,
37520,2022-03-31 00:30:00,40.66642,-73.97534,1,0,Passing or Lane Usage Improper,4516368,19.0,3.5,12.0,12.0,0.0,4.0,65,37.8,67.3,194,Rain: Heavy,1,1,
37521,2022-04-03 22:30:00,40.73934,-73.7857,0,0,Unspecified,4515882,8.3,3.4,3.1,3.1,0.0,5.0,61,21.9,38.2,274,Rain: Light,0,0,
37522,2022-04-03 08:30:00,40.692802,-73.97279,0,0,Following Too Closely,4515871,8.3,3.4,3.1,3.1,0.0,5.0,61,21.9,38.2,274,Rain: Light,0,0,
37523,2022-03-29 17:30:00,40.733612,-73.999565,0,0,Unspecified,4516330,3.3,-5.2,0.0,0.0,0.0,0.0,2,29.3,54.4,311,Partly cloudy,0,0,
37524,2022-03-30 14:10:00,40.697613,-73.93639,0,0,Unspecified,4516532,5.9,-3.5,0.0,0.0,0.0,0.0,3,17.0,30.6,215,Overcast,0,0,
37525,2022-04-03 09:30:00,40.670757,-73.84173,0,0,Failure to Yield Right-of-Way,4515944,8.3,3.4,3.1,3.1,0.0,5.0,61,21.9,38.2,274,Rain: Light,0,0,
37526,2022-04-03 12:16:00,40.881966,-73.90335,0,0,Turning Improperly,4516466,8.3,3.4,3.1,3.1,0.0,5.0,61,21.9,38.2,274,Rain: Light,0,0,
37527,2022-04-01 19:30:00,40.625103,-74.14877,1,0,Driver Inattention/Distraction,4516408,15.2,5.3,1.4,1.4,0.0,8.0,51,33.1,61.9,277,Drizzle: Light,1,1,
37528,2022-03-23 17:13:00,40.824127,-73.8919,1,0,Unspecified,4516646,8.4,1.3,2.2,2.2,0.0,3.0,55,19.6,34.6,73,Drizzle: Dense,1,1,
37529,2022-04-03 16:24:00,40.806156,-73.9226,0,0,Other Vehicular,4516072,8.3,3.4,3.1,3.1,0.0,5.0,61,21.9,38.2,274,Rain: Light,0,0,
37530,2022-04-03 05:50:00,40.9036,-73.85024,0,0,Aggressive Driving/Road Rage,4515926,8.3,3.4,3.1,3.1,0.0,5.0,61,21.9,38.2,274,Rain: Light,0,0,
37531,2022-03-31 11:15:00,40.52418,-74.2348,0,0,Driver Inattention/Distraction,4516608,19.0,3.5,12.0,12.0,0.0,4.0,65,37.8,67.3,194,Rain: Heavy,0,0,
37532,2022-04-03 20:29:00,40.859875,-73.89323,1,0,Failure to Yield Right-of-Way,4516396,8.3,3.4,3.1,3.1,0.0,5.0,61,21.9,38.2,274,Rain: Light,1,1,
37533,2022-03-30 10:30:00,40.698616,-73.77664,0,0,Backing Unsafely,4516403,5.9,-3.5,0.0,0.0,0.0,0.0,3,17.0,30.6,215,Overcast,0,0,
37534,2022-03-28 02:42:00,40.650948,-74.00793,0,0,Unspecified,4516419,0.0,-5.2,0.3,0.0,0.21,3.0,71,31.3,59.0,303,Snow fall: Light,0,0,Snowy Conditions
37535,2022-04-03 02:15:00,40.754204,-73.83584,0,0,Unsafe Speed,4515990,8.3,3.4,3.1,3.1,0.0,5.0,61,21.9,38.2,274,Rain: Light,0,0,
37536,2022-09-18 16:30:00,40.688625,-73.93618,0,0,Driver Inattention/Distraction,4567106,28.7,17.1,0.0,0.0,0.0,0.0,3,20.2,36.7,233,Overcast,0,0,
37537,2022-09-17 19:20:00,40.802467,-73.958694,1,0,Driver Inattention/Distraction,4567239,22.9,16.8,0.0,0.0,0.0,0.0,3,16.9,32.0,115,Overcast,1,1,
37538,2021-06-18 16:06:00,40.7712,-73.83345,0,0,Following Too Closely,4428568,27.4,13.8,0.0,0.0,0.0,0.0,3,20.5,40.3,210,Overcast,0,0,
37539,2021-06-14 19:05:00,40.677917,-73.93861,0,0,Driver Inattention/Distraction,4428968,21.4,17.5,21.7,21.7,0.0,11.0,65,21.1,48.6,154,Rain: Heavy,0,0,
37540,2021-06-16 17:38:00,40.620712,-73.98509,0,0,Unspecified,4427843,23.1,15.1,0.0,0.0,0.0,0.0,1,20.2,40.0,317,Mainly clear,0,0,Sunny/Clear Conditions
37541,2021-06-18 04:02:00,40.728794,-74.00044,0,0,Passing Too Closely,4428832,27.4,13.8,0.0,0.0,0.0,0.0,3,20.5,40.3,210,Overcast,0,0,
37542,2021-06-18 23:03:00,40.69246,-73.726875,0,0,Following Too Closely,4428547,27.4,13.8,0.0,0.0,0.0,0.0,3,20.5,40.3,210,Overcast,0,0,
37543,2021-06-18 14:35:00,40.721474,-73.98383,1,0,Passing or Lane Usage Improper,4429284,27.4,13.8,0.0,0.0,0.0,0.0,3,20.5,40.3,210,Overcast,1,1,
37544,2021-06-18 00:16:00,40.743595,-73.8848,0,0,Unsafe Speed,4428275,27.4,13.8,0.0,0.0,0.0,0.0,3,20.5,40.3,210,Overcast,0,0,
37545,2021-06-16 08:10:00,40.632355,-73.98015,0,0,Passing Too Closely,4427933,23.1,15.1,0.0,0.0,0.0,0.0,1,20.2,40.0,317,Mainly clear,0,0,Sunny/Clear Conditions
37546,2021-06-17 17:17:00,40.76189,-73.82967,1,0,Passenger Distraction,4428741,23.9,12.1,0.0,0.0,0.0,0.0,3,13.4,27.4,311,Overcast,1,1,
37547,2021-06-16 15:00:00,40.743084,-73.9358,0,0,Unspecified,4427881,23.1,15.1,0.0,0.0,0.0,0.0,1,20.2,40.0,317,Mainly clear,0,0,Sunny/Clear Conditions
37548,2021-06-17 18:48:00,40.69119,-73.9978,0,0,Failure to Yield Right-of-Way,4428255,23.9,12.1,0.0,0.0,0.0,0.0,3,13.4,27.4,311,Overcast,0,0,
37549,2021-06-15 10:07:00,40.843246,-73.937355,0,0,Passing Too Closely,4428884,25.1,17.4,1.0,1.0,0.0,4.0,53,17.7,33.8,295,Drizzle: Moderate,0,0,
37550,2021-06-10 12:45:00,40.6884,-73.95118,0,0,Passing Too Closely,4428992,26.7,16.8,0.0,0.0,0.0,0.0,3,20.9,40.3,78,Overcast,0,0,
37551,2021-06-17 13:40:00,40.654484,-73.886536,1,0,Other Vehicular,4428240,23.9,12.1,0.0,0.0,0.0,0.0,3,13.4,27.4,311,Overcast,1,1,
37552,2021-06-18 23:05:00,40.69078,-73.72728,2,0,Driver Inattention/Distraction,4428546,27.4,13.8,0.0,0.0,0.0,0.0,3,20.5,40.3,210,Overcast,2,2,
37553,2021-06-18 20:30:00,40.60235,-74.189606,1,0,Driver Inattention/Distraction,4429323,27.4,13.8,0.0,0.0,0.0,0.0,3,20.5,40.3,210,Overcast,1,1,
37554,2021-06-17 10:30:00,40.666946,-73.79712,1,0,Following Too Closely,4428114,23.9,12.1,0.0,0.0,0.0,0.0,3,13.4,27.4,311,Overcast,1,1,
37555,2021-06-16 14:30:00,40.71359,-73.92966,0,0,Driver Inexperience,4428969,23.1,15.1,0.0,0.0,0.0,0.0,1,20.2,40.0,317,Mainly clear,0,0,Sunny/Clear Conditions
37556,2021-06-17 03:15:00,40.549046,-74.223305,0,0,Fell Asleep,4428436,23.9,12.1,0.0,0.0,0.0,0.0,3,13.4,27.4,311,Overcast,0,0,
37557,2021-06-02 14:00:00,40.708435,-73.91386,0,0,Driver Inattention/Distraction,4429109,22.4,13.0,0.0,0.0,0.0,0.0,3,16.7,34.9,176,Overcast,0,0,
37558,2021-06-18 10:30:00,40.661358,-73.89276,0,0,Passing or Lane Usage Improper,4428386,27.4,13.8,0.0,0.0,0.0,0.0,3,20.5,40.3,210,Overcast,0,0,
37559,2021-06-18 21:50:00,40.895226,-73.85494,0,0,Backing Unsafely,4429065,27.4,13.8,0.0,0.0,0.0,0.0,3,20.5,40.3,210,Overcast,0,0,
37560,2021-06-16 01:45:00,40.75426,-73.74334,0,0,Unsafe Speed,4427581,23.1,15.1,0.0,0.0,0.0,0.0,1,20.2,40.0,317,Mainly clear,0,0,Sunny/Clear Conditions
37561,2021-06-18 02:40:00,40.64213,-73.92936,1,0,Aggressive Driving/Road Rage,4428769,27.4,13.8,0.0,0.0,0.0,0.0,3,20.5,40.3,210,Overcast,1,1,
37562,2021-06-17 09:05:00,40.629078,-74.02876,0,0,Driver Inattention/Distraction,4428473,23.9,12.1,0.0,0.0,0.0,0.0,3,13.4,27.4,311,Overcast,0,0,
37563,2021-12-08 14:30:00,40.674503,-73.89265,0,0,Unspecified,4486014,4.7,0.9,0.7,0.7,0.0,2.0,51,14.5,24.8,355,Drizzle: Light,0,0,
37564,2021-06-16 19:05:00,40.82384,-73.89188,0,0,Unspecified,4427864,23.1,15.1,0.0,0.0,0.0,0.0,1,20.2,40.0,317,Mainly clear,0,0,Sunny/Clear Conditions
37565,2021-06-18 08:45:00,40.719383,-73.96319,0,0,Passing or Lane Usage Improper,4428399,27.4,13.8,0.0,0.0,0.0,0.0,3,20.5,40.3,210,Overcast,0,0,
37566,2021-06-16 21:43:00,40.71772,-73.96202,1,0,Driver Inattention/Distraction,4428261,23.1,15.1,0.0,0.0,0.0,0.0,1,20.2,40.0,317,Mainly clear,1,1,Sunny/Clear Conditions
37567,2021-06-14 09:00:00,40.667686,-73.94339,0,0,Driver Inattention/Distraction,4428326,21.4,17.5,21.7,21.7,0.0,11.0,65,21.1,48.6,154,Rain: Heavy,0,0,
37568,2021-06-04 17:00:00,40.65576,-74.008354,0,0,Unspecified,4429169,25.3,17.4,6.5,6.5,0.0,10.0,61,17.9,37.8,235,Rain: Light,0,0,
37569,2021-06-16 12:00:00,40.71329,-73.998184,0,0,Driver Inexperience,4427979,23.1,15.1,0.0,0.0,0.0,0.0,1,20.2,40.0,317,Mainly clear,0,0,Sunny/Clear Conditions
37570,2021-06-16 12:13:00,40.625015,-73.94073,3,0,Failure to Yield Right-of-Way,4428500,23.1,15.1,0.0,0.0,0.0,0.0,1,20.2,40.0,317,Mainly clear,3,3,Sunny/Clear Conditions
37571,2021-06-14 19:25:00,40.732243,-73.87013,2,0,Driver Inattention/Distraction,4429249,21.4,17.5,21.7,21.7,0.0,11.0,65,21.1,48.6,154,Rain: Heavy,2,2,
37572,2021-06-16 16:10:00,40.708546,-73.92287,1,0,Brakes Defective,4427899,23.1,15.1,0.0,0.0,0.0,0.0,1,20.2,40.0,317,Mainly clear,1,1,Sunny/Clear Conditions
37573,2021-06-17 14:35:00,40.666725,-73.86977,2,0,Unspecified,4428610,23.9,12.1,0.0,0.0,0.0,0.0,3,13.4,27.4,311,Overcast,2,2,
37574,2021-06-18 22:51:00,40.818558,-73.92732,0,0,Passing or Lane Usage Improper,4428677,27.4,13.8,0.0,0.0,0.0,0.0,3,20.5,40.3,210,Overcast,0,0,
37575,2021-06-16 01:00:00,40.769318,-73.8666,1,0,Driver Inattention/Distraction,4428050,23.1,15.1,0.0,0.0,0.0,0.0,1,20.2,40.0,317,Mainly clear,1,1,Sunny/Clear Conditions
37576,2021-06-17 14:30:00,40.833393,-73.85939,0,0,Unspecified,4428158,23.9,12.1,0.0,0.0,0.0,0.0,3,13.4,27.4,311,Overcast,0,0,
37577,2021-06-16 14:35:00,40.86908,-73.884125,0,0,Passing Too Closely,4429226,23.1,15.1,0.0,0.0,0.0,0.0,1,20.2,40.0,317,Mainly clear,0,0,Sunny/Clear Conditions
37578,2021-06-16 21:00:00,40.72857,-73.85809,3,0,Turning Improperly,4428208,23.1,15.1,0.0,0.0,0.0,0.0,1,20.2,40.0,317,Mainly clear,3,3,Sunny/Clear Conditions
37579,2021-06-17 21:45:00,40.6026,-74.01491,2,0,Following Too Closely,4428696,23.9,12.1,0.0,0.0,0.0,0.0,3,13.4,27.4,311,Overcast,2,2,
37580,2021-06-14 16:31:00,40.829197,-73.914444,0,0,Outside Car Distraction,4428367,21.4,17.5,21.7,21.7,0.0,11.0,65,21.1,48.6,154,Rain: Heavy,0,0,
37581,2021-06-16 18:48:00,40.67472,-73.85839,0,0,Failure to Yield Right-of-Way,4427905,23.1,15.1,0.0,0.0,0.0,0.0,1,20.2,40.0,317,Mainly clear,0,0,Sunny/Clear Conditions
37582,2021-06-16 02:04:00,40.82092,-73.94333,0,0,Driver Inattention/Distraction,4428111,23.1,15.1,0.0,0.0,0.0,0.0,1,20.2,40.0,317,Mainly clear,0,0,Sunny/Clear Conditions
37583,2021-06-17 18:40:00,40.817513,-73.91712,1,0,,4428290,23.9,12.1,0.0,0.0,0.0,0.0,3,13.4,27.4,311,Overcast,1,1,
37584,2021-06-16 01:00:00,40.726376,-73.76624,0,0,Driver Inattention/Distraction,4428943,23.1,15.1,0.0,0.0,0.0,0.0,1,20.2,40.0,317,Mainly clear,0,0,Sunny/Clear Conditions
37585,2021-06-15 23:50:00,40.690308,-73.99881,0,0,Unspecified,4428358,25.1,17.4,1.0,1.0,0.0,4.0,53,17.7,33.8,295,Drizzle: Moderate,0,0,
37586,2021-06-04 13:30:00,40.698807,-73.91837,0,0,Driver Inattention/Distraction,4428578,25.3,17.4,6.5,6.5,0.0,10.0,61,17.9,37.8,235,Rain: Light,0,0,
37587,2021-06-15 06:40:00,40.552948,-74.168106,1,0,Traffic Control Disregarded,4428429,25.1,17.4,1.0,1.0,0.0,4.0,53,17.7,33.8,295,Drizzle: Moderate,1,1,
37588,2021-06-18 15:00:00,40.642868,-73.917656,1,0,Pedestrian/Bicyclist/Other Pedestrian Error/Confusion,4428532,27.4,13.8,0.0,0.0,0.0,0.0,3,20.5,40.3,210,Overcast,1,1,
37589,2021-06-18 05:40:00,40.675735,-73.89686,2,0,Traffic Control Disregarded,4428604,27.4,13.8,0.0,0.0,0.0,0.0,3,20.5,40.3,210,Overcast,2,2,
37590,2021-06-16 02:00:00,40.86028,-73.89405,0,0,Unspecified,4428025,23.1,15.1,0.0,0.0,0.0,0.0,1,20.2,40.0,317,Mainly clear,0,0,Sunny/Clear Conditions
37591,2021-06-18 13:16:00,40.697006,-73.72905,0,0,Passing Too Closely,4428515,27.4,13.8,0.0,0.0,0.0,0.0,3,20.5,40.3,210,Overcast,0,0,
37592,2021-06-16 06:39:00,40.85533,-73.93332,1,0,Driver Inattention/Distraction,4428916,23.1,15.1,0.0,0.0,0.0,0.0,1,20.2,40.0,317,Mainly clear,1,1,Sunny/Clear Conditions
37593,2021-06-16 00:38:00,40.848392,-73.937675,1,0,Driver Inattention/Distraction,4427680,23.1,15.1,0.0,0.0,0.0,0.0,1,20.2,40.0,317,Mainly clear,1,1,Sunny/Clear Conditions
37594,2021-06-17 23:01:00,40.706985,-73.95509,0,0,Driver Inattention/Distraction,4428297,23.9,12.1,0.0,0.0,0.0,0.0,3,13.4,27.4,311,Overcast,0,0,
37595,2021-06-17 22:10:00,40.602135,-74.114876,1,0,Following Too Closely,4428295,23.9,12.1,0.0,0.0,0.0,0.0,3,13.4,27.4,311,Overcast,1,1,
37596,2021-06-16 09:40:00,40.878674,-73.880295,0,0,Unspecified,4427825,23.1,15.1,0.0,0.0,0.0,0.0,1,20.2,40.0,317,Mainly clear,0,0,Sunny/Clear Conditions
37597,2021-06-17 11:55:00,40.690697,-73.75473,6,0,Driver Inattention/Distraction,4428451,23.9,12.1,0.0,0.0,0.0,0.0,3,13.4,27.4,311,Overcast,6,6,
37598,2021-06-15 16:00:00,40.735844,-74.00597,0,0,Unspecified,4428468,25.1,17.4,1.0,1.0,0.0,4.0,53,17.7,33.8,295,Drizzle: Moderate,0,0,
37599,2021-06-16 14:20:00,40.71312,-73.93589,1,0,Obstruction/Debris,4428813,23.1,15.1,0.0,0.0,0.0,0.0,1,20.2,40.0,317,Mainly clear,1,1,Sunny/Clear Conditions
37600,2021-06-17 10:15:00,40.667076,-73.78266,0,0,Passing Too Closely,4428651,23.9,12.1,0.0,0.0,0.0,0.0,3,13.4,27.4,311,Overcast,0,0,
37601,2021-06-17 20:12:00,40.735435,-73.97956,1,0,Pedestrian/Bicyclist/Other Pedestrian Error/Confusion,4428390,23.9,12.1,0.0,0.0,0.0,0.0,3,13.4,27.4,311,Overcast,1,1,
37602,2021-06-18 00:01:00,40.695004,-73.9525,0,0,Driver Inattention/Distraction,4428628,27.4,13.8,0.0,0.0,0.0,0.0,3,20.5,40.3,210,Overcast,0,0,
37603,2021-06-14 20:10:00,40.668224,-73.953445,1,0,Driver Inattention/Distraction,4428712,21.4,17.5,21.7,21.7,0.0,11.0,65,21.1,48.6,154,Rain: Heavy,1,1,
37604,2021-06-17 20:05:00,40.709095,-73.99622,0,0,Driver Inattention/Distraction,4428997,23.9,12.1,0.0,0.0,0.0,0.0,3,13.4,27.4,311,Overcast,0,0,
37605,2021-06-17 18:24:00,40.644756,-74.099724,1,0,Driver Inattention/Distraction,4429072,23.9,12.1,0.0,0.0,0.0,0.0,3,13.4,27.4,311,Overcast,1,1,
37606,2021-06-18 01:07:00,40.677834,-73.88509,5,0,Unspecified,4428248,27.4,13.8,0.0,0.0,0.0,0.0,3,20.5,40.3,210,Overcast,5,5,
37607,2021-06-18 03:17:00,40.864807,-73.895355,1,0,,4428456,27.4,13.8,0.0,0.0,0.0,0.0,3,20.5,40.3,210,Overcast,1,1,
37608,2021-06-16 19:35:00,40.74227,-73.86991,1,0,Unspecified,4427954,23.1,15.1,0.0,0.0,0.0,0.0,1,20.2,40.0,317,Mainly clear,1,1,Sunny/Clear Conditions
37609,2021-06-15 09:25:00,40.640564,-74.07672,0,0,Unspecified,4429053,25.1,17.4,1.0,1.0,0.0,4.0,53,17.7,33.8,295,Drizzle: Moderate,0,0,
37610,2021-06-11 18:20:00,40.833233,-73.8282,0,0,Unspecified,4428596,20.7,15.3,1.2,1.2,0.0,3.0,53,13.2,27.0,97,Drizzle: Moderate,0,0,
37611,2021-03-24 13:50:00,40.679657,-73.93594,0,0,Following Too Closely,4428855,13.3,4.0,28.6,28.6,0.0,10.0,65,16.3,28.8,87,Rain: Heavy,0,0,
37612,2021-06-16 16:19:00,40.85114,-73.788475,1,0,Unspecified,4427983,23.1,15.1,0.0,0.0,0.0,0.0,1,20.2,40.0,317,Mainly clear,1,1,Sunny/Clear Conditions
37613,2021-06-17 18:00:00,40.661743,-73.94784,0,0,Passing or Lane Usage Improper,4428321,23.9,12.1,0.0,0.0,0.0,0.0,3,13.4,27.4,311,Overcast,0,0,
37614,2021-06-16 16:40:00,40.67117,-73.92534,0,0,Unspecified,4428977,23.1,15.1,0.0,0.0,0.0,0.0,1,20.2,40.0,317,Mainly clear,0,0,Sunny/Clear Conditions
37615,2021-06-16 13:34:00,40.84744,-73.89968,1,0,Failure to Yield Right-of-Way,4427998,23.1,15.1,0.0,0.0,0.0,0.0,1,20.2,40.0,317,Mainly clear,1,1,Sunny/Clear Conditions
37616,2021-06-17 11:54:00,40.645386,-73.99569,1,0,Failure to Yield Right-of-Way,4429245,23.9,12.1,0.0,0.0,0.0,0.0,3,13.4,27.4,311,Overcast,1,1,
37617,2021-06-16 12:17:00,40.60289,-73.75036,0,0,Backing Unsafely,4427778,23.1,15.1,0.0,0.0,0.0,0.0,1,20.2,40.0,317,Mainly clear,0,0,Sunny/Clear Conditions