,CRASH DATETIME,LATITUDE,LONGITUDE,NUMBER OF PERSONS INJURED,NUMBER OF PERSONS KILLED,CONTRIBUTING FACTOR VEHICLE 1,COLLISION_ID,temperature_2m_max,temperature_2m_min,precipitation_sum,rain_sum,snowfall_sum,precipitation_hours,weather_code,wind_speed_10m_max,wind_gusts_10m_max,wind_direction_10m_dominant,Weather Description,Severity_Score,Total_Affected_Persons,Weather_Category
37618,2021-06-18 16:55:00,40.791557,-73.93866,0,0,Driver Inexperience,4428782,27.4,13.8,0.0,0.0,0.0,0.0,3,20.5,40.3,210,Overcast,0,0,
37619,2021-06-18 19:00:00,40.59019,-73.95958,0,0,Other Vehicular,4428642,27.4,13.8,0.0,0.0,0.0,0.0,3,20.5,40.3,210,Overcast,0,0,
37620,2021-06-18 17:23:00,40.67887,-73.92165,1,0,Unspecified,4428875,27.4,13.8,0.0,0.0,0.0,0.0,3,20.5,40.3,210,Overcast,1,1,
37621,2021-06-18 06:50:00,40.68804,-73.83275,0,0,Failure to Yield Right-of-Way,4428335,27.4,13.8,0.0,0.0,0.0,0.0,3,20.5,40.3,210,Overcast,0,0,
37622,2021-06-16 09:45:00,40.740173,-73.999435,0,0,Unspecified,4427737,23.1,15.1,0.0,0.0,0.0,0.0,1,20.2,40.0,317,Mainly clear,0,0,Sunny/Clear Conditions
37623,2021-06-16 22:36:00,40.683567,-73.94106,0,0,Aggressive Driving/Road Rage,4429162,23.1,15.1,0.0,0.0,0.0,0.0,1,20.2,40.0,317,Mainly clear,0,0,Sunny/Clear Conditions
37624,2021-06-15 23:20:00,40.671535,-73.957664,0,0,Unspecified,4428956,25.1,17.4,1.0,1.0,0.0,4.0,53,17.7,33.8,295,Drizzle: Moderate,0,0,
37625,2021-06-16 17:14:00,40.701096,-73.886024,0,0,Other Vehicular,4428179,23.1,15.1,0.0,0.0,0.0,0.0,1,20.2,40.0,317,Mainly clear,0,0,Sunny/Clear Conditions
37626,2021-06-17 13:47:00,40.743256,-73.718414,1,0,Unspecified,4428200,23.9,12.1,0.0,0.0,0.0,0.0,3,13.4,27.4,311,Overcast,1,1,
37627,2021-06-17 18:50:00,40.618057,-74.02053,1,0,Driver Inattention/Distraction,4428224,23.9,12.1,0.0,0.0,0.0,0.0,3,13.4,27.4,311,Overcast,1,1,
37628,2021-06-16 13:00:00,40.726173,-74.01099,0,0,Unspecified,4428483,23.1,15.1,0.0,0.0,0.0,0.0,1,20.2,40.0,317,Mainly clear,0,0,Sunny/Clear Conditions
37629,2021-06-16 15:17:00,40.823647,-73.943855,1,0,Driver Inattention/Distraction,4428354,23.1,15.1,0.0,0.0,0.0,0.0,1,20.2,40.0,317,Mainly clear,1,1,Sunny/Clear Conditions
37630,2021-06-16 12:39:00,40.74405,-73.989655,0,0,Backing Unsafely,4427769,23.1,15.1,0.0,0.0,0.0,0.0,1,20.2,40.0,317,Mainly clear,0,0,Sunny/Clear Conditions
37631,2021-06-16 09:30:00,40.63532,-74.02324,0,0,Failure to Yield Right-of-Way,4427748,23.1,15.1,0.0,0.0,0.0,0.0,1,20.2,40.0,317,Mainly clear,0,0,Sunny/Clear Conditions
37632,2021-06-18 06:45:00,40.782536,-73.81182,2,0,Failure to Yield Right-of-Way,4428574,27.4,13.8,0.0,0.0,0.0,0.0,3,20.5,40.3,210,Overcast,2,2,
37633,2021-06-16 22:47:00,40.819267,-73.884865,1,0,Unspecified,4428124,23.1,15.1,0.0,0.0,0.0,0.0,1,20.2,40.0,317,Mainly clear,1,1,Sunny/Clear Conditions
37634,2021-06-17 18:51:00,40.608807,-73.9532,2,0,Driver Inattention/Distraction,4428302,23.9,12.1,0.0,0.0,0.0,0.0,3,13.4,27.4,311,Overcast,2,2,
37635,2021-06-16 06:32:00,40.674103,-73.871895,2,0,Passing or Lane Usage Improper,4427804,23.1,15.1,0.0,0.0,0.0,0.0,1,20.2,40.0,317,Mainly clear,2,2,Sunny/Clear Conditions
37636,2021-06-16 07:05:00,40.70051,-73.90015,0,0,Unspecified,4427700,23.1,15.1,0.0,0.0,0.0,0.0,1,20.2,40.0,317,Mainly clear,0,0,Sunny/Clear Conditions
37637,2021-06-18 17:15:00,40.6952,-73.92844,0,0,Turning Improperly,4428488,27.4,13.8,0.0,0.0,0.0,0.0,3,20.5,40.3,210,Overcast,0,0,
37638,2021-06-16 17:35:00,40.73602,-73.98228,1,0,Failure to Yield Right-of-Way,4427997,23.1,15.1,0.0,0.0,0.0,0.0,1,20.2,40.0,317,Mainly clear,1,1,Sunny/Clear Conditions
37639,2021-06-17 06:22:00,40.666008,-73.789536,1,0,Failure to Yield Right-of-Way,4428655,23.9,12.1,0.0,0.0,0.0,0.0,3,13.4,27.4,311,Overcast,1,1,
37640,2021-06-17 14:13:00,40.64169,-73.96949,0,0,Other Vehicular,4428795,23.9,12.1,0.0,0.0,0.0,0.0,3,13.4,27.4,311,Overcast,0,0,
37641,2021-06-17 19:10:00,40.710262,-73.953865,1,0,Driver Inexperience,4428282,23.9,12.1,0.0,0.0,0.0,0.0,3,13.4,27.4,311,Overcast,1,1,
37642,2021-06-11 23:38:00,40.514202,-74.236015,0,0,Driver Inattention/Distraction,4428422,20.7,15.3,1.2,1.2,0.0,3.0,53,13.2,27.0,97,Drizzle: Moderate,0,0,
37643,2021-06-16 19:39:00,40.701942,-73.961754,1,0,Turning Improperly,4427894,23.1,15.1,0.0,0.0,0.0,0.0,1,20.2,40.0,317,Mainly clear,1,1,Sunny/Clear Conditions
37644,2021-06-15 18:32:00,40.74026,-74.005875,0,0,Backing Unsafely,4428505,25.1,17.4,1.0,1.0,0.0,4.0,53,17.7,33.8,295,Drizzle: Moderate,0,0,
37645,2021-06-18 23:00:00,40.753525,-73.994545,0,0,View Obstructed/Limited,4428537,27.4,13.8,0.0,0.0,0.0,0.0,3,20.5,40.3,210,Overcast,0,0,
37646,2021-06-18 23:10:00,40.657536,-73.902756,0,0,Unspecified,4428871,27.4,13.8,0.0,0.0,0.0,0.0,3,20.5,40.3,210,Overcast,0,0,
37647,2021-06-16 10:06:00,40.659477,-73.908134,1,0,Passing or Lane Usage Improper,4429003,23.1,15.1,0.0,0.0,0.0,0.0,1,20.2,40.0,317,Mainly clear,1,1,Sunny/Clear Conditions
37648,2021-06-18 19:15:00,40.722286,-73.957466,2,0,Driver Inattention/Distraction,4428632,27.4,13.8,0.0,0.0,0.0,0.0,3,20.5,40.3,210,Overcast,2,2,
37649,2021-06-18 08:50:00,40.606384,-74.00121,0,0,Driver Inattention/Distraction,4428718,27.4,13.8,0.0,0.0,0.0,0.0,3,20.5,40.3,210,Overcast,0,0,
37650,2021-06-18 08:20:00,40.83639,-73.88834,1,0,Driver Inattention/Distraction,4428821,27.4,13.8,0.0,0.0,0.0,0.0,3,20.5,40.3,210,Overcast,1,1,
37651,2021-06-16 23:00:00,40.672264,-73.81899,0,0,Passing or Lane Usage Improper,4427910,23.1,15.1,0.0,0.0,0.0,0.0,1,20.2,40.0,317,Mainly clear,0,0,Sunny/Clear Conditions
37652,2022-09-16 22:42:00,40.69359,-73.94015,0,0,Unspecified,4567141,23.7,11.9,0.0,0.0,0.0,0.0,3,10.3,21.6,336,Overcast,0,0,
37653,2021-06-13 13:00:00,40.64491,-74.07969,0,0,Backing Unsafely,4429057,23.9,15.0,0.2,0.2,0.0,2.0,51,17.7,35.6,185,Drizzle: Light,0,0,
37654,2021-06-17 22:00:00,40.725887,-73.94155,0,0,Passing or Lane Usage Improper,4428266,23.9,12.1,0.0,0.0,0.0,0.0,3,13.4,27.4,311,Overcast,0,0,
37655,2021-06-16 17:50:00,40.85582,-73.89264,1,0,Driver Inattention/Distraction,4428014,23.1,15.1,0.0,0.0,0.0,0.0,1,20.2,40.0,317,Mainly clear,1,1,Sunny/Clear Conditions
37656,2021-06-18 12:00:00,40.631084,-74.08221,0,0,Driver Inattention/Distraction,4429076,27.4,13.8,0.0,0.0,0.0,0.0,3,20.5,40.3,210,Overcast,0,0,
37657,2021-06-18 12:01:00,40.819267,-73.884865,0,0,Unspecified,4428460,27.4,13.8,0.0,0.0,0.0,0.0,3,20.5,40.3,210,Overcast,0,0,
37658,2021-06-15 20:20:00,40.64205,-74.07533,1,0,Backing Unsafely,4428378,25.1,17.4,1.0,1.0,0.0,4.0,53,17.7,33.8,295,Drizzle: Moderate,1,1,
37659,2021-06-13 16:30:00,40.577213,-73.96329,1,0,Driver Inattention/Distraction,4428840,23.9,15.0,0.2,0.2,0.0,2.0,51,17.7,35.6,185,Drizzle: Light,1,1,
37660,2021-06-17 08:00:00,40.70453,-73.817245,0,0,Failure to Yield Right-of-Way,4428982,23.9,12.1,0.0,0.0,0.0,0.0,3,13.4,27.4,311,Overcast,0,0,
37661,2021-06-17 18:40:00,40.70311,-73.86655,0,0,Traffic Control Disregarded,4428477,23.9,12.1,0.0,0.0,0.0,0.0,3,13.4,27.4,311,Overcast,0,0,
37662,2021-06-18 13:45:00,40.603077,-73.74757,0,0,Unspecified,4428561,27.4,13.8,0.0,0.0,0.0,0.0,3,20.5,40.3,210,Overcast,0,0,
37663,2021-06-17 17:24:00,40.65727,-73.91223,0,0,Driver Inattention/Distraction,4428898,23.9,12.1,0.0,0.0,0.0,0.0,3,13.4,27.4,311,Overcast,0,0,
37664,2021-06-16 12:34:00,40.77109,-73.80536,1,0,Failure to Yield Right-of-Way,4428006,23.1,15.1,0.0,0.0,0.0,0.0,1,20.2,40.0,317,Mainly clear,1,1,Sunny/Clear Conditions
37665,2021-06-16 08:30:00,40.704033,-73.81711,0,0,Following Too Closely,4427721,23.1,15.1,0.0,0.0,0.0,0.0,1,20.2,40.0,317,Mainly clear,0,0,Sunny/Clear Conditions
37666,2021-06-16 22:50:00,40.660656,-73.885796,1,0,Failure to Yield Right-of-Way,4427958,23.1,15.1,0.0,0.0,0.0,0.0,1,20.2,40.0,317,Mainly clear,1,1,Sunny/Clear Conditions
37667,2021-06-18 07:20:00,40.720432,-74.00675,0,0,Passing Too Closely,4428339,27.4,13.8,0.0,0.0,0.0,0.0,3,20.5,40.3,210,Overcast,0,0,
37668,2021-06-18 21:50:00,40.85533,-73.93332,0,0,Passing Too Closely,4428931,27.4,13.8,0.0,0.0,0.0,0.0,3,20.5,40.3,210,Overcast,0,0,
37669,2021-06-16 05:10:00,40.67674,-73.88968,0,0,Driver Inattention/Distraction,4427790,23.1,15.1,0.0,0.0,0.0,0.0,1,20.2,40.0,317,Mainly clear,0,0,Sunny/Clear Conditions
37670,2021-06-16 11:00:00,40.745243,-73.9848,1,0,Failure to Yield Right-of-Way,4429142,23.1,15.1,0.0,0.0,0.0,0.0,1,20.2,40.0,317,Mainly clear,1,1,Sunny/Clear Conditions
37671,2021-06-16 16:25:00,40.641365,-73.94179,0,0,Unspecified,4427870,23.1,15.1,0.0,0.0,0.0,0.0,1,20.2,40.0,317,Mainly clear,0,0,Sunny/Clear Conditions
37672,2021-06-14 14:03:00,40.591755,-73.9083,0,0,Driver Inattention/Distraction,4428524,21.4,17.5,21.7,21.7,0.0,11.0,65,21.1,48.6,154,Rain: Heavy,0,0,
37673,2021-06-17 23:00:00,40.636982,-73.97526,0,0,Unspecified,4429267,23.9,12.1,0.0,0.0,0.0,0.0,3,13.4,27.4,311,Overcast,0,0,
37674,2021-06-17 08:58:00,40.72522,-73.894745,1,0,Following Too Closely,4428172,23.9,12.1,0.0,0.0,0.0,0.0,3,13.4,27.4,311,Overcast,1,1,
37675,2021-06-18 14:40:00,40.63447,-73.94012,0,0,Following Too Closely,4428760,27.4,13.8,0.0,0.0,0.0,0.0,3,20.5,40.3,210,Overcast,0,0,
37676,2021-06-16 12:30:00,40.726376,-73.76624,0,0,Driver Inattention/Distraction,4428949,23.1,15.1,0.0,0.0,0.0,0.0,1,20.2,40.0,317,Mainly clear,0,0,Sunny/Clear Conditions
37677,2021-06-17 21:45:00,40.689247,-73.80546,0,0,Unspecified,4428230,23.9,12.1,0.0,0.0,0.0,0.0,3,13.4,27.4,311,Overcast,0,0,
37678,2021-06-16 14:30:00,40.655495,-73.88833,1,0,Unspecified,4427953,23.1,15.1,0.0,0.0,0.0,0.0,1,20.2,40.0,317,Mainly clear,1,1,Sunny/Clear Conditions
37679,2021-06-16 12:30:00,40.847824,-73.8663,0,0,Unspecified,4428068,23.1,15.1,0.0,0.0,0.0,0.0,1,20.2,40.0,317,Mainly clear,0,0,Sunny/Clear Conditions
37680,2021-06-16 14:30:00,40.742508,-73.91788,1,0,Failure to Yield Right-of-Way,4428181,23.1,15.1,0.0,0.0,0.0,0.0,1,20.2,40.0,317,Mainly clear,1,1,Sunny/Clear Conditions
37681,2021-06-17 12:00:00,40.69657,-73.95844,0,0,Driver Inattention/Distraction,4428366,23.9,12.1,0.0,0.0,0.0,0.0,3,13.4,27.4,311,Overcast,0,0,
37682,2021-06-16 12:36:00,40.744183,-73.7329,2,0,Driver Inattention/Distraction,4427826,23.1,15.1,0.0,0.0,0.0,0.0,1,20.2,40.0,317,Mainly clear,2,2,Sunny/Clear Conditions
37683,2021-06-16 21:13:00,40.65538,-73.9203,0,0,Driver Inattention/Distraction,4428219,23.1,15.1,0.0,0.0,0.0,0.0,1,20.2,40.0,317,Mainly clear,0,0,Sunny/Clear Conditions
37684,2021-06-16 15:30:00,40.668552,-73.8205,1,0,Steering Failure,4427852,23.1,15.1,0.0,0.0,0.0,0.0,1,20.2,40.0,317,Mainly clear,1,1,Sunny/Clear Conditions
37685,2021-06-17 07:17:00,40.6818,-73.90852,0,0,Aggressive Driving/Road Rage,4428133,23.9,12.1,0.0,0.0,0.0,0.0,3,13.4,27.4,311,Overcast,0,0,
37686,2021-06-16 08:50:00,40.642242,-73.910774,1,0,Driver Inattention/Distraction,4427754,23.1,15.1,0.0,0.0,0.0,0.0,1,20.2,40.0,317,Mainly clear,1,1,Sunny/Clear Conditions
37687,2021-06-16 15:00:00,40.755657,-73.884445,1,0,Driver Inattention/Distraction,4428049,23.1,15.1,0.0,0.0,0.0,0.0,1,20.2,40.0,317,Mainly clear,1,1,Sunny/Clear Conditions
37688,2021-06-06 19:00:00,40.747395,-73.853546,1,0,Pedestrian/Bicyclist/Other Pedestrian Error/Confusion,4428393,31.0,20.0,0.0,0.0,0.0,0.0,1,16.6,32.4,222,Mainly clear,1,1,Sunny/Clear Conditions
37689,2021-06-18 20:10:00,40.797478,-73.9488,0,0,Failure to Yield Right-of-Way,4429023,27.4,13.8,0.0,0.0,0.0,0.0,3,20.5,40.3,210,Overcast,0,0,
37690,2021-06-06 21:23:00,40.686913,-73.79438,1,0,Following Too Closely,4428410,31.0,20.0,0.0,0.0,0.0,0.0,1,16.6,32.4,222,Mainly clear,1,1,Sunny/Clear Conditions
37691,2021-06-16 21:00:00,40.736214,-73.85795,0,0,Driver Inattention/Distraction,4427966,23.1,15.1,0.0,0.0,0.0,0.0,1,20.2,40.0,317,Mainly clear,0,0,Sunny/Clear Conditions
37692,2021-06-14 16:00:00,40.713123,-73.95351,1,0,Passing or Lane Usage Improper,4428802,21.4,17.5,21.7,21.7,0.0,11.0,65,21.1,48.6,154,Rain: Heavy,1,1,
37693,2021-06-17 06:30:00,40.707344,-74.01203,0,0,Steering Failure,4427990,23.9,12.1,0.0,0.0,0.0,0.0,3,13.4,27.4,311,Overcast,0,0,
37694,2021-06-18 05:21:00,40.70207,-73.78315,1,0,Turning Improperly,4428509,27.4,13.8,0.0,0.0,0.0,0.0,3,20.5,40.3,210,Overcast,1,1,
37695,2021-06-17 18:39:00,40.697823,-73.90803,1,0,Passing or Lane Usage Improper,4428361,23.9,12.1,0.0,0.0,0.0,0.0,3,13.4,27.4,311,Overcast,1,1,
37696,2021-06-17 18:30:00,40.70547,-73.95024,0,0,Driver Inattention/Distraction,4428287,23.9,12.1,0.0,0.0,0.0,0.0,3,13.4,27.4,311,Overcast,0,0,
37697,2021-06-18 20:36:00,40.565254,-74.1301,1,0,Failure to Yield Right-of-Way,4428541,27.4,13.8,0.0,0.0,0.0,0.0,3,20.5,40.3,210,Overcast,1,1,
37698,2021-06-16 10:40:00,40.85876,-73.89736,1,0,Driver Inattention/Distraction,4428039,23.1,15.1,0.0,0.0,0.0,0.0,1,20.2,40.0,317,Mainly clear,1,1,Sunny/Clear Conditions
37699,2021-06-17 16:15:00,40.788784,-73.79116,1,0,Following Too Closely,4428569,23.9,12.1,0.0,0.0,0.0,0.0,3,13.4,27.4,311,Overcast,1,1,
37700,2022-09-19 11:47:00,40.804054,-73.91369,1,0,Failure to Yield Right-of-Way,4566552,30.1,19.0,4.9,4.9,0.0,3.0,63,22.4,44.3,241,Rain: Moderate,1,1,
37701,2021-06-18 06:30:00,40.850494,-73.91546,0,0,Alcohol Involvement,4428403,27.4,13.8,0.0,0.0,0.0,0.0,3,20.5,40.3,210,Overcast,0,0,
37702,2021-06-18 12:56:00,40.69324,-73.92865,0,0,Driver Inattention/Distraction,4428863,27.4,13.8,0.0,0.0,0.0,0.0,3,20.5,40.3,210,Overcast,0,0,
37703,2021-06-16 23:12:00,40.69412,-73.918175,0,0,Unsafe Speed,4427888,23.1,15.1,0.0,0.0,0.0,0.0,1,20.2,40.0,317,Mainly clear,0,0,Sunny/Clear Conditions
37704,2021-06-16 22:00:00,40.621925,-74.14166,0,0,Unspecified,4428092,23.1,15.1,0.0,0.0,0.0,0.0,1,20.2,40.0,317,Mainly clear,0,0,Sunny/Clear Conditions
37705,2021-06-16 12:45:00,40.680496,-73.821365,0,0,Following Too Closely,4427906,23.1,15.1,0.0,0.0,0.0,0.0,1,20.2,40.0,317,Mainly clear,0,0,Sunny/Clear Conditions
37706,2021-06-15 18:30:00,40.52864,-74.21685,1,0,Failure to Yield Right-of-Way,4428432,25.1,17.4,1.0,1.0,0.0,4.0,53,17.7,33.8,295,Drizzle: Moderate,1,1,
37707,2021-06-15 19:05:00,40.62494,-74.078545,0,0,Driver Inattention/Distraction,4429061,25.1,17.4,1.0,1.0,0.0,4.0,53,17.7,33.8,295,Drizzle: Moderate,0,0,
37708,2021-06-17 22:30:00,40.721592,-73.97477,0,0,Passing Too Closely,4429275,23.9,12.1,0.0,0.0,0.0,0.0,3,13.4,27.4,311,Overcast,0,0,
37709,2021-06-17 18:10:00,40.667324,-73.852554,0,0,Passing or Lane Usage Improper,4428256,23.9,12.1,0.0,0.0,0.0,0.0,3,13.4,27.4,311,Overcast,0,0,
37710,2021-06-17 06:45:00,40.608852,-74.15334,1,0,Driver Inattention/Distraction,4428492,23.9,12.1,0.0,0.0,0.0,0.0,3,13.4,27.4,311,Overcast,1,1,
37711,2021-06-18 14:45:00,40.710735,-73.961815,10,0,Failure to Yield Right-of-Way,4428828,27.4,13.8,0.0,0.0,0.0,0.0,3,20.5,40.3,210,Overcast,10,10,
37712,2021-06-16 17:51:00,40.71444,-73.83127,0,0,Driver Inattention/Distraction,4427860,23.1,15.1,0.0,0.0,0.0,0.0,1,20.2,40.0,317,Mainly clear,0,0,Sunny/Clear Conditions
37713,2021-06-17 12:00:00,40.716385,-73.96143,0,0,Unspecified,4428262,23.9,12.1,0.0,0.0,0.0,0.0,3,13.4,27.4,311,Overcast,0,0,
37714,2021-06-17 20:30:00,40.75734,-73.98602,0,0,Unsafe Lane Changing,4429126,23.9,12.1,0.0,0.0,0.0,0.0,3,13.4,27.4,311,Overcast,0,0,
37715,2021-06-18 10:55:00,40.7563,-73.92007,1,0,Backing Unsafely,4428844,27.4,13.8,0.0,0.0,0.0,0.0,3,20.5,40.3,210,Overcast,1,1,
37716,2021-06-17 19:30:00,40.741394,-73.82303,0,0,Driver Inattention/Distraction,4428985,23.9,12.1,0.0,0.0,0.0,0.0,3,13.4,27.4,311,Overcast,0,0,
37717,2021-06-18 07:50:00,40.71626,-73.830734,1,0,Driver Inattention/Distraction,4428398,27.4,13.8,0.0,0.0,0.0,0.0,3,20.5,40.3,210,Overcast,1,1,
37718,2021-06-18 14:30:00,40.82304,-73.88193,1,0,Obstruction/Debris,4428520,27.4,13.8,0.0,0.0,0.0,0.0,3,20.5,40.3,210,Overcast,1,1,
37719,2021-06-18 14:10:00,40.861862,-73.91282,2,0,Passenger Distraction,4429180,27.4,13.8,0.0,0.0,0.0,0.0,3,20.5,40.3,210,Overcast,2,2,
37720,2021-06-18 22:27:00,40.84328,-73.92492,1,0,Unspecified,4428755,27.4,13.8,0.0,0.0,0.0,0.0,3,20.5,40.3,210,Overcast,1,1,
37721,2021-06-16 18:00:00,40.597317,-73.75427,0,0,Pedestrian/Bicyclist/Other Pedestrian Error/Confusion,4427946,23.1,15.1,0.0,0.0,0.0,0.0,1,20.2,40.0,317,Mainly clear,0,0,Sunny/Clear Conditions
37722,2021-06-17 08:15:00,40.60869,-73.75174,0,0,Unspecified,4428310,23.9,12.1,0.0,0.0,0.0,0.0,3,13.4,27.4,311,Overcast,0,0,
37723,2021-06-17 12:48:00,40.62973,-73.922226,0,0,Obstruction/Debris,4428163,23.9,12.1,0.0,0.0,0.0,0.0,3,13.4,27.4,311,Overcast,0,0,
37724,2021-06-16 11:00:00,40.72667,-73.72915,0,0,Unspecified,4427832,23.1,15.1,0.0,0.0,0.0,0.0,1,20.2,40.0,317,Mainly clear,0,0,Sunny/Clear Conditions
37725,2021-06-18 19:30:00,40.594845,-73.761925,0,0,Driver Inattention/Distraction,4428557,27.4,13.8,0.0,0.0,0.0,0.0,3,20.5,40.3,210,Overcast,0,0,
37726,2021-06-15 22:20:00,40.71568,-73.792694,1,0,Driver Inattention/Distraction,4428942,25.1,17.4,1.0,1.0,0.0,4.0,53,17.7,33.8,295,Drizzle: Moderate,1,1,
37727,2021-06-18 00:00:00,40.66937,-73.89523,0,0,Traffic Control Disregarded,4428620,27.4,13.8,0.0,0.0,0.0,0.0,3,20.5,40.3,210,Overcast,0,0,
37728,2021-06-18 17:15:00,40.86539,-73.86913,1,0,Driver Inattention/Distraction,4428686,27.4,13.8,0.0,0.0,0.0,0.0,3,20.5,40.3,210,Overcast,1,1,
37729,2021-06-16 09:00:00,40.604008,-74.12074,0,0,Unspecified,4428055,23.1,15.1,0.0,0.0,0.0,0.0,1,20.2,40.0,317,Mainly clear,0,0,Sunny/Clear Conditions
37730,2021-06-16 20:35:00,40.655834,-73.98123,0,0,Unspecified,4428186,23.1,15.1,0.0,0.0,0.0,0.0,1,20.2,40.0,317,Mainly clear,0,0,Sunny/Clear Conditions
37731,2021-06-08 07:30:00,40.764267,-73.722946,1,0,Unsafe Lane Changing,4429091,30.1,22.0,5.9,5.9,0.0,9.0,61,16.6,34.6,215,Rain: Light,1,1,
37732,2021-06-17 00:35:00,40.66172,-74.00011,0,0,Unspecified,4428927,23.9,12.1,0.0,0.0,0.0,0.0,3,13.4,27.4,311,Overcast,0,0,
37733,2021-06-12 18:40:00,40.83142,-73.91831,0,0,Using On Board Navigation Device,4428371,21.2,16.4,0.4,0.4,0.0,3.0,51,15.5,31.3,112,Drizzle: Light,0,0,
37734,2021-06-16 21:30:00,40.76736,-73.9371,0,0,Driver Inattention/Distraction,4427925,23.1,15.1,0.0,0.0,0.0,0.0,1,20.2,40.0,317,Mainly clear,0,0,Sunny/Clear Conditions
37735,2021-06-17 17:25:00,40.65584,-73.91526,0,0,Driver Inattention/Distraction,4428765,23.9,12.1,0.0,0.0,0.0,0.0,3,13.4,27.4,311,Overcast,0,0,
37736,2021-06-16 17:21:00,40.833237,-73.94291,1,0,Other Vehicular,4428309,23.1,15.1,0.0,0.0,0.0,0.0,1,20.2,40.0,317,Mainly clear,1,1,Sunny/Clear Conditions
37737,2021-06-16 22:21:00,40.745617,-73.75496,0,0,Unspecified,4427866,23.1,15.1,0.0,0.0,0.0,0.0,1,20.2,40.0,317,Mainly clear,0,0,Sunny/Clear Conditions
37738,2021-06-16 16:00:00,40.770306,-73.91901,0,0,Driver Inattention/Distraction,4427927,23.1,15.1,0.0,0.0,0.0,0.0,1,20.2,40.0,317,Mainly clear,0,0,Sunny/Clear Conditions
37739,2021-06-17 14:30:00,40.645542,-73.97592,1,0,Driver Inattention/Distraction,4429241,23.9,12.1,0.0,0.0,0.0,0.0,3,13.4,27.4,311,Overcast,1,1,
37740,2021-06-17 00:53:00,40.844456,-73.94253,0,0,Driver Inattention/Distraction,4428329,23.9,12.1,0.0,0.0,0.0,0.0,3,13.4,27.4,311,Overcast,0,0,
37741,2021-06-18 19:40:00,40.680313,-73.842026,0,0,Failure to Yield Right-of-Way,4429200,27.4,13.8,0.0,0.0,0.0,0.0,3,20.5,40.3,210,Overcast,0,0,
37742,2021-06-16 22:27:00,40.69078,-73.72728,0,0,Unspecified,4427901,23.1,15.1,0.0,0.0,0.0,0.0,1,20.2,40.0,317,Mainly clear,0,0,Sunny/Clear Conditions
37743,2021-06-16 16:25:00,40.89696,-73.854355,0,0,Driver Inattention/Distraction,4428100,23.1,15.1,0.0,0.0,0.0,0.0,1,20.2,40.0,317,Mainly clear,0,0,Sunny/Clear Conditions
37744,2021-06-16 15:42:00,40.68607,-73.91605,0,0,Passing Too Closely,4428346,23.1,15.1,0.0,0.0,0.0,0.0,1,20.2,40.0,317,Mainly clear,0,0,Sunny/Clear Conditions
37745,2021-06-16 05:50:00,40.705437,-73.956345,0,0,Driver Inattention/Distraction,4427583,23.1,15.1,0.0,0.0,0.0,0.0,1,20.2,40.0,317,Mainly clear,0,0,Sunny/Clear Conditions
37746,2021-06-17 12:00:00,40.824432,-73.873604,0,0,Unspecified,4428138,23.9,12.1,0.0,0.0,0.0,0.0,3,13.4,27.4,311,Overcast,0,0,
37747,2021-06-15 19:20:00,40.577995,-73.95964,1,0,Turning Improperly,4428891,25.1,17.4,1.0,1.0,0.0,4.0,53,17.7,33.8,295,Drizzle: Moderate,1,1,
37748,2021-06-17 23:00:00,40.82419,-73.91385,0,0,Unspecified,4428425,23.9,12.1,0.0,0.0,0.0,0.0,3,13.4,27.4,311,Overcast,0,0,
37749,2021-06-17 19:15:00,40.691452,-73.733955,0,0,Unspecified,4428215,23.9,12.1,0.0,0.0,0.0,0.0,3,13.4,27.4,311,Overcast,0,0,
37750,2021-06-16 11:15:00,40.591736,-73.79137,0,0,Passing or Lane Usage Improper,4427848,23.1,15.1,0.0,0.0,0.0,0.0,1,20.2,40.0,317,Mainly clear,0,0,Sunny/Clear Conditions
37751,2021-06-17 03:05:00,40.684227,-73.93531,2,0,Other Vehicular,4428030,23.9,12.1,0.0,0.0,0.0,0.0,3,13.4,27.4,311,Overcast,2,2,
37752,2021-06-17 17:00:00,40.734768,-73.861595,0,0,Following Too Closely,4428207,23.9,12.1,0.0,0.0,0.0,0.0,3,13.4,27.4,311,Overcast,0,0,
37753,2021-06-16 16:48:00,40.638733,-74.01337,0,0,Failure to Yield Right-of-Way,4428185,23.1,15.1,0.0,0.0,0.0,0.0,1,20.2,40.0,317,Mainly clear,0,0,Sunny/Clear Conditions
37754,2021-06-16 19:40:00,40.689102,-73.94507,1,0,Unsafe Speed,4428080,23.1,15.1,0.0,0.0,0.0,0.0,1,20.2,40.0,317,Mainly clear,1,1,Sunny/Clear Conditions
37755,2021-06-12 22:27:00,40.843174,-73.904236,0,0,Unsafe Speed,4428370,21.2,16.4,0.4,0.4,0.0,3.0,51,15.5,31.3,112,Drizzle: Light,0,0,
37756,2021-06-16 09:38:00,40.784992,-73.98261,0,0,Passing or Lane Usage Improper,4429014,23.1,15.1,0.0,0.0,0.0,0.0,1,20.2,40.0,317,Mainly clear,0,0,Sunny/Clear Conditions