,CRASH DATETIME,LATITUDE,LONGITUDE,NUMBER OF PERSONS INJURED,NUMBER OF PERSONS KILLED,CONTRIBUTING FACTOR VEHICLE 1,COLLISION_ID,temperature_2m_max,temperature_2m_min,precipitation_sum,rain_sum,snowfall_sum,precipitation_hours,weather_code,wind_speed_10m_max,wind_gusts_10m_max,wind_direction_10m_dominant,Weather Description,Severity_Score,Total_Affected_Persons,Weather_Category
37757,2021-06-17 07:35:00,40.746296,-73.97169,0,0,Driver Inattention/Distraction,4428113,23.9,12.1,0.0,0.0,0.0,0.0,3,13.4,27.4,311,Overcast,0,0,
37758,2021-06-16 02:17:00,40.691277,-73.746254,3,0,Unspecified,4427830,23.1,15.1,0.0,0.0,0.0,0.0,1,20.2,40.0,317,Mainly clear,3,3,Sunny/Clear Conditions
37759,2021-06-17 11:03:00,40.81175,-73.93144,1,0,Driver Inattention/Distraction,4428291,23.9,12.1,0.0,0.0,0.0,0.0,3,13.4,27.4,311,Overcast,1,1,
37760,2021-06-17 04:00:00,40.724693,-73.7541,0,0,Driver Inattention/Distraction,4427902,23.9,12.1,0.0,0.0,0.0,0.0,3,13.4,27.4,311,Overcast,0,0,
37761,2021-06-15 11:00:00,40.51605,-74.24364,0,0,Unspecified,4428430,25.1,17.4,1.0,1.0,0.0,4.0,53,17.7,33.8,295,Drizzle: Moderate,0,0,
37762,2021-06-18 23:15:00,40.668495,-73.925606,1,0,Turning Improperly,4429067,27.4,13.8,0.0,0.0,0.0,0.0,3,20.5,40.3,210,Overcast,1,1,
37763,2021-06-16 21:15:00,40.67468,-74.016045,0,0,Aggressive Driving/Road Rage,4428357,23.1,15.1,0.0,0.0,0.0,0.0,1,20.2,40.0,317,Mainly clear,0,0,Sunny/Clear Conditions
37764,2021-06-18 08:00:00,40.676144,-73.893074,2,0,Driver Inattention/Distraction,4428605,27.4,13.8,0.0,0.0,0.0,0.0,3,20.5,40.3,210,Overcast,2,2,
37765,2021-06-16 02:45:00,40.825966,-73.82568,0,0,Unspecified,4428147,23.1,15.1,0.0,0.0,0.0,0.0,1,20.2,40.0,317,Mainly clear,0,0,Sunny/Clear Conditions
37766,2021-06-16 16:18:00,40.867928,-73.88907,1,0,Unsafe Speed,4428447,23.1,15.1,0.0,0.0,0.0,0.0,1,20.2,40.0,317,Mainly clear,1,1,Sunny/Clear Conditions
37767,2021-06-18 10:01:00,40.842052,-73.83613,0,0,Unspecified,4428587,27.4,13.8,0.0,0.0,0.0,0.0,3,20.5,40.3,210,Overcast,0,0,
37768,2021-06-18 14:52:00,40.522976,-74.23491,0,0,Unspecified,4428464,27.4,13.8,0.0,0.0,0.0,0.0,3,20.5,40.3,210,Overcast,0,0,
37769,2021-06-18 15:40:00,40.698036,-73.962845,0,0,Turning Improperly,4428807,27.4,13.8,0.0,0.0,0.0,0.0,3,20.5,40.3,210,Overcast,0,0,
37770,2021-06-11 14:00:00,40.664333,-73.89684,1,0,Failure to Yield Right-of-Way,4429042,20.7,15.3,1.2,1.2,0.0,3.0,53,13.2,27.0,97,Drizzle: Moderate,1,1,
37771,2021-06-16 13:30:00,40.685234,-73.92654,1,0,Pedestrian/Bicyclist/Other Pedestrian Error/Confusion,4427861,23.1,15.1,0.0,0.0,0.0,0.0,1,20.2,40.0,317,Mainly clear,1,1,Sunny/Clear Conditions
37772,2021-06-16 11:15:00,40.60595,-74.07601,0,0,Brakes Defective,4428024,23.1,15.1,0.0,0.0,0.0,0.0,1,20.2,40.0,317,Mainly clear,0,0,Sunny/Clear Conditions
37773,2021-06-18 17:20:00,40.789528,-73.820435,0,0,Following Too Closely,4428742,27.4,13.8,0.0,0.0,0.0,0.0,3,20.5,40.3,210,Overcast,0,0,
37774,2021-06-13 20:00:00,40.75832,-73.92506,0,0,Driver Inattention/Distraction,4428833,23.9,15.0,0.2,0.2,0.0,2.0,51,17.7,35.6,185,Drizzle: Light,0,0,
37775,2021-06-18 00:00:00,40.820114,-73.92307,0,0,Driver Inattention/Distraction,4428292,27.4,13.8,0.0,0.0,0.0,0.0,3,20.5,40.3,210,Overcast,0,0,
37776,2021-06-17 07:45:00,40.760605,-73.98362,0,0,Driver Inattention/Distraction,4428053,23.9,12.1,0.0,0.0,0.0,0.0,3,13.4,27.4,311,Overcast,0,0,
37777,2021-06-18 03:50:00,40.734375,-73.87342,0,0,Unspecified,4428276,27.4,13.8,0.0,0.0,0.0,0.0,3,20.5,40.3,210,Overcast,0,0,
37778,2021-06-18 11:30:00,40.69447,-73.78147,0,0,Turning Improperly,4428452,27.4,13.8,0.0,0.0,0.0,0.0,3,20.5,40.3,210,Overcast,0,0,
37779,2021-06-17 02:30:00,40.731304,-73.925964,3,0,Passing or Lane Usage Improper,4427882,23.9,12.1,0.0,0.0,0.0,0.0,3,13.4,27.4,311,Overcast,3,3,
37780,2021-06-16 14:45:00,40.680115,-73.75324,0,0,Passing Too Closely,4428650,23.1,15.1,0.0,0.0,0.0,0.0,1,20.2,40.0,317,Mainly clear,0,0,Sunny/Clear Conditions
37781,2021-06-18 12:30:00,40.823578,-73.91418,0,0,Unsafe Speed,4428815,27.4,13.8,0.0,0.0,0.0,0.0,3,20.5,40.3,210,Overcast,0,0,
37782,2021-06-17 13:00:00,40.67365,-73.87496,0,0,Unspecified,4428241,23.9,12.1,0.0,0.0,0.0,0.0,3,13.4,27.4,311,Overcast,0,0,
37783,2021-06-18 18:08:00,40.71602,-73.998276,0,0,Unspecified,4428993,27.4,13.8,0.0,0.0,0.0,0.0,3,20.5,40.3,210,Overcast,0,0,
37784,2021-06-18 15:00:00,40.8775,-73.86399,0,0,Unspecified,4429095,27.4,13.8,0.0,0.0,0.0,0.0,3,20.5,40.3,210,Overcast,0,0,
37785,2021-06-16 19:05:00,40.713158,-73.79727,1,0,,4428970,23.1,15.1,0.0,0.0,0.0,0.0,1,20.2,40.0,317,Mainly clear,1,1,Sunny/Clear Conditions
37786,2021-06-18 17:42:00,40.82734,-73.82297,1,0,Turning Improperly,4428707,27.4,13.8,0.0,0.0,0.0,0.0,3,20.5,40.3,210,Overcast,1,1,
37787,2021-05-22 01:35:00,40.677055,-73.9224,1,0,Backing Unsafely,4428848,30.5,16.5,0.0,0.0,0.0,0.0,3,19.1,36.4,299,Overcast,1,1,
37788,2021-06-17 12:35:00,40.63785,-73.993774,1,0,Unspecified,4429276,23.9,12.1,0.0,0.0,0.0,0.0,3,13.4,27.4,311,Overcast,1,1,
37789,2021-06-18 10:56:00,40.654102,-73.9258,0,0,Driver Inattention/Distraction,4428770,27.4,13.8,0.0,0.0,0.0,0.0,3,20.5,40.3,210,Overcast,0,0,
37790,2021-06-18 14:00:00,40.63089,-74.08202,0,0,Unspecified,4429080,27.4,13.8,0.0,0.0,0.0,0.0,3,20.5,40.3,210,Overcast,0,0,
37791,2021-06-17 16:20:00,40.711437,-73.74779,1,0,Failure to Yield Right-of-Way,4428201,23.9,12.1,0.0,0.0,0.0,0.0,3,13.4,27.4,311,Overcast,1,1,
37792,2021-06-16 14:45:00,40.72992,-73.74243,0,0,Failure to Yield Right-of-Way,4428128,23.1,15.1,0.0,0.0,0.0,0.0,1,20.2,40.0,317,Mainly clear,0,0,Sunny/Clear Conditions
37793,2021-06-17 13:22:00,40.86114,-73.91894,1,0,Driver Inattention/Distraction,4428917,23.9,12.1,0.0,0.0,0.0,0.0,3,13.4,27.4,311,Overcast,1,1,
37794,2022-09-14 13:02:00,40.63141,-73.9831,0,0,Backing Unsafely,4566599,26.4,15.8,0.0,0.0,0.0,0.0,2,20.1,37.1,283,Partly cloudy,0,0,
37795,2021-06-16 10:01:00,40.727875,-74.00543,1,0,Unspecified,4427773,23.1,15.1,0.0,0.0,0.0,0.0,1,20.2,40.0,317,Mainly clear,1,1,Sunny/Clear Conditions
37796,2021-06-18 15:08:00,40.74003,-73.72412,1,0,Unspecified,4428516,27.4,13.8,0.0,0.0,0.0,0.0,3,20.5,40.3,210,Overcast,1,1,
37797,2021-06-17 02:59:00,40.657555,-73.894196,0,0,Unspecified,4427961,23.9,12.1,0.0,0.0,0.0,0.0,3,13.4,27.4,311,Overcast,0,0,
37798,2021-06-18 07:00:00,40.767445,-73.92064,0,0,Unspecified,4428843,27.4,13.8,0.0,0.0,0.0,0.0,3,20.5,40.3,210,Overcast,0,0,
37799,2021-06-15 14:30:00,40.71615,-74.00874,0,0,Unspecified,4428479,25.1,17.4,1.0,1.0,0.0,4.0,53,17.7,33.8,295,Drizzle: Moderate,0,0,
37800,2021-06-17 11:29:00,0.0,0.0,1,0,Failure to Yield Right-of-Way,4428305,23.9,12.1,0.0,0.0,0.0,0.0,3,13.4,27.4,311,Overcast,1,1,
37801,2021-06-16 16:53:00,40.651512,-74.00734,0,0,Traffic Control Disregarded,4428195,23.1,15.1,0.0,0.0,0.0,0.0,1,20.2,40.0,317,Mainly clear,0,0,Sunny/Clear Conditions
37802,2021-06-16 18:00:00,40.6501,-73.960785,0,0,Driver Inattention/Distraction,4427844,23.1,15.1,0.0,0.0,0.0,0.0,1,20.2,40.0,317,Mainly clear,0,0,Sunny/Clear Conditions
37803,2021-06-06 23:00:00,40.70219,-73.928345,0,0,Driver Inattention/Distraction,4428342,31.0,20.0,0.0,0.0,0.0,0.0,1,16.6,32.4,222,Mainly clear,0,0,Sunny/Clear Conditions
37804,2021-06-16 14:32:00,40.83959,-73.88268,0,0,Failure to Yield Right-of-Way,4428010,23.1,15.1,0.0,0.0,0.0,0.0,1,20.2,40.0,317,Mainly clear,0,0,Sunny/Clear Conditions
37805,2021-06-17 15:35:00,40.68443,-73.9661,1,0,Unspecified,4428549,23.9,12.1,0.0,0.0,0.0,0.0,3,13.4,27.4,311,Overcast,1,1,
37806,2021-06-14 12:00:00,40.775562,-73.95035,0,0,Unspecified,4428347,21.4,17.5,21.7,21.7,0.0,11.0,65,21.1,48.6,154,Rain: Heavy,0,0,
37807,2021-06-17 13:45:00,40.738796,-73.97716,1,0,Passing or Lane Usage Improper,4428156,23.9,12.1,0.0,0.0,0.0,0.0,3,13.4,27.4,311,Overcast,1,1,
37808,2021-06-17 11:55:00,40.708904,-73.95926,0,0,Passing or Lane Usage Improper,4428799,23.9,12.1,0.0,0.0,0.0,0.0,3,13.4,27.4,311,Overcast,0,0,
37809,2021-06-16 11:15:00,40.703655,-73.822464,1,0,Passing or Lane Usage Improper,4427722,23.1,15.1,0.0,0.0,0.0,0.0,1,20.2,40.0,317,Mainly clear,1,1,Sunny/Clear Conditions
37810,2021-06-16 16:30:00,40.768875,-73.90852,0,0,Following Too Closely,4427932,23.1,15.1,0.0,0.0,0.0,0.0,1,20.2,40.0,317,Mainly clear,0,0,Sunny/Clear Conditions
37811,2021-06-16 09:45:00,40.82499,-73.91662,0,0,Driver Inattention/Distraction,4427971,23.1,15.1,0.0,0.0,0.0,0.0,1,20.2,40.0,317,Mainly clear,0,0,Sunny/Clear Conditions
37812,2021-06-17 13:35:00,40.769245,-73.919044,1,0,Unspecified,4428838,23.9,12.1,0.0,0.0,0.0,0.0,3,13.4,27.4,311,Overcast,1,1,
37813,2021-06-18 23:10:00,40.813484,-73.90704,0,0,Unspecified,4428675,27.4,13.8,0.0,0.0,0.0,0.0,3,20.5,40.3,210,Overcast,0,0,
37814,2021-06-16 09:20:00,40.82325,-73.88277,0,0,Unspecified,4427761,23.1,15.1,0.0,0.0,0.0,0.0,1,20.2,40.0,317,Mainly clear,0,0,Sunny/Clear Conditions
37815,2021-06-16 13:25:00,40.63658,-73.93747,0,0,Unspecified,4427869,23.1,15.1,0.0,0.0,0.0,0.0,1,20.2,40.0,317,Mainly clear,0,0,Sunny/Clear Conditions
37816,2021-06-18 10:10:00,40.788166,-73.9721,0,0,Passing Too Closely,4428385,27.4,13.8,0.0,0.0,0.0,0.0,3,20.5,40.3,210,Overcast,0,0,
37817,2021-06-17 00:24:00,40.840775,-73.87246,0,0,Driver Inattention/Distraction,4428069,23.9,12.1,0.0,0.0,0.0,0.0,3,13.4,27.4,311,Overcast,0,0,
37818,2021-06-16 16:30:00,40.64029,-73.994804,0,0,Unspecified,4428889,23.1,15.1,0.0,0.0,0.0,0.0,1,20.2,40.0,317,Mainly clear,0,0,Sunny/Clear Conditions
37819,2021-06-17 13:30:00,40.720165,-73.844795,1,0,Driver Inattention/Distraction,4428484,23.9,12.1,0.0,0.0,0.0,0.0,3,13.4,27.4,311,Overcast,1,1,
37820,2021-06-18 08:16:00,40.692135,-73.83485,3,0,Traffic Control Disregarded,4428402,27.4,13.8,0.0,0.0,0.0,0.0,3,20.5,40.3,210,Overcast,3,3,
37821,2021-06-17 07:47:00,40.86906,-73.88914,0,0,Passing or Lane Usage Improper,4429327,23.9,12.1,0.0,0.0,0.0,0.0,3,13.4,27.4,311,Overcast,0,0,
37822,2021-06-17 06:40:00,40.73425,-73.86336,2,0,Following Too Closely,4428117,23.9,12.1,0.0,0.0,0.0,0.0,3,13.4,27.4,311,Overcast,2,2,
37823,2021-06-17 12:31:00,40.831635,-73.91894,1,0,Backing Unsafely,4428270,23.9,12.1,0.0,0.0,0.0,0.0,3,13.4,27.4,311,Overcast,1,1,
37824,2021-06-16 08:30:00,40.740875,-73.89962,0,0,Driver Inattention/Distraction,4427836,23.1,15.1,0.0,0.0,0.0,0.0,1,20.2,40.0,317,Mainly clear,0,0,Sunny/Clear Conditions
37825,2021-06-18 08:52:00,0.0,0.0,2,0,Passing Too Closely,4428543,27.4,13.8,0.0,0.0,0.0,0.0,3,20.5,40.3,210,Overcast,2,2,
37826,2021-06-16 10:00:00,40.72587,-73.76129,0,0,Following Too Closely,4428944,23.1,15.1,0.0,0.0,0.0,0.0,1,20.2,40.0,317,Mainly clear,0,0,Sunny/Clear Conditions
37827,2021-06-18 17:50:00,40.667156,-73.9101,0,0,Passing or Lane Usage Improper,4428897,27.4,13.8,0.0,0.0,0.0,0.0,3,20.5,40.3,210,Overcast,0,0,
37828,2021-06-17 23:15:00,40.86446,-73.91895,0,0,Unspecified,4428353,23.9,12.1,0.0,0.0,0.0,0.0,3,13.4,27.4,311,Overcast,0,0,
37829,2021-06-16 14:00:00,40.61987,-74.02632,0,0,Passing Too Closely,4428234,23.1,15.1,0.0,0.0,0.0,0.0,1,20.2,40.0,317,Mainly clear,0,0,Sunny/Clear Conditions
37830,2021-06-17 18:40:00,40.632492,-73.933975,1,0,Unspecified,4428501,23.9,12.1,0.0,0.0,0.0,0.0,3,13.4,27.4,311,Overcast,1,1,
37831,2021-06-18 16:05:00,40.693615,-73.93843,1,0,Unspecified,4428856,27.4,13.8,0.0,0.0,0.0,0.0,3,20.5,40.3,210,Overcast,1,1,
37832,2021-06-14 08:00:00,40.674,-73.960396,0,0,Passing Too Closely,4428963,21.4,17.5,21.7,21.7,0.0,11.0,65,21.1,48.6,154,Rain: Heavy,0,0,
37833,2021-06-17 11:49:00,40.761787,-73.95745,1,0,Driver Inattention/Distraction,4428379,23.9,12.1,0.0,0.0,0.0,0.0,3,13.4,27.4,311,Overcast,1,1,
37834,2021-06-17 13:03:00,40.692123,-73.75541,1,0,Backing Unsafely,4428411,23.9,12.1,0.0,0.0,0.0,0.0,3,13.4,27.4,311,Overcast,1,1,
37835,2021-06-17 18:15:00,40.748398,-73.99995,1,0,Unspecified,4429314,23.9,12.1,0.0,0.0,0.0,0.0,3,13.4,27.4,311,Overcast,1,1,
37836,2021-06-17 18:30:00,40.667625,-73.99424,0,0,Unspecified,4428728,23.9,12.1,0.0,0.0,0.0,0.0,3,13.4,27.4,311,Overcast,0,0,
37837,2021-06-16 18:25:00,40.74071,-74.00903,1,0,Following Too Closely,4428469,23.1,15.1,0.0,0.0,0.0,0.0,1,20.2,40.0,317,Mainly clear,1,1,Sunny/Clear Conditions
37838,2021-06-12 13:12:00,40.83554,-73.818054,0,0,Other Vehicular,4428644,21.2,16.4,0.4,0.4,0.0,3.0,51,15.5,31.3,112,Drizzle: Light,0,0,
37839,2021-06-18 06:23:00,40.83988,-73.916794,1,0,Unsafe Speed,4428374,27.4,13.8,0.0,0.0,0.0,0.0,3,20.5,40.3,210,Overcast,1,1,
37840,2021-06-11 10:30:00,40.689133,-73.92513,0,0,Unspecified,4428877,20.7,15.3,1.2,1.2,0.0,3.0,53,13.2,27.0,97,Drizzle: Moderate,0,0,
37841,2021-06-17 17:15:00,40.762264,-73.78527,0,0,Passing or Lane Usage Improper,4428229,23.9,12.1,0.0,0.0,0.0,0.0,3,13.4,27.4,311,Overcast,0,0,
37842,2021-06-04 16:49:00,40.681137,-73.95567,0,0,Passing Too Closely,4429163,25.3,17.4,6.5,6.5,0.0,10.0,61,17.9,37.8,235,Rain: Light,0,0,
37843,2021-06-16 21:00:00,40.60915,-73.96998,1,0,Unspecified,4429266,23.1,15.1,0.0,0.0,0.0,0.0,1,20.2,40.0,317,Mainly clear,1,1,Sunny/Clear Conditions
37844,2021-06-17 14:00:00,40.702396,-73.78018,0,0,Passing Too Closely,4428174,23.9,12.1,0.0,0.0,0.0,0.0,3,13.4,27.4,311,Overcast,0,0,
37845,2021-06-17 14:20:00,40.516754,-74.23339,0,0,Driver Inattention/Distraction,4428437,23.9,12.1,0.0,0.0,0.0,0.0,3,13.4,27.4,311,Overcast,0,0,
37846,2022-09-21 12:10:00,40.631157,-74.14692,1,0,Driver Inattention/Distraction,4566049,26.5,16.0,0.0,0.0,0.0,0.0,3,19.4,36.7,252,Overcast,1,1,
37847,2021-06-18 12:00:00,40.645348,-74.01375,1,0,Unspecified,4428496,27.4,13.8,0.0,0.0,0.0,0.0,3,20.5,40.3,210,Overcast,1,1,
37848,2021-05-12 08:02:00,40.69909,-73.95608,1,0,Passing Too Closely,4428627,17.9,5.8,0.0,0.0,0.0,0.0,2,20.0,41.0,317,Partly cloudy,1,1,
37849,2021-06-14 17:46:00,40.744644,-73.77041,1,0,Following Too Closely,4428939,21.4,17.5,21.7,21.7,0.0,11.0,65,21.1,48.6,154,Rain: Heavy,1,1,
37850,2021-06-17 07:31:00,40.651142,-73.92164,0,0,Passing Too Closely,4428220,23.9,12.1,0.0,0.0,0.0,0.0,3,13.4,27.4,311,Overcast,0,0,
37851,2021-06-18 00:20:00,40.763496,-73.80734,1,0,Failure to Yield Right-of-Way,4428573,27.4,13.8,0.0,0.0,0.0,0.0,3,20.5,40.3,210,Overcast,1,1,
37852,2021-06-12 20:20:00,40.87831,-73.870155,0,0,Traffic Control Disregarded,4429075,21.2,16.4,0.4,0.4,0.0,3.0,51,15.5,31.3,112,Drizzle: Light,0,0,
37853,2021-06-16 10:48:00,40.643147,-73.99802,0,0,Following Too Closely,4429272,23.1,15.1,0.0,0.0,0.0,0.0,1,20.2,40.0,317,Mainly clear,0,0,Sunny/Clear Conditions
37854,2021-06-16 20:20:00,40.66182,-73.88015,0,0,Driver Inattention/Distraction,4427957,23.1,15.1,0.0,0.0,0.0,0.0,1,20.2,40.0,317,Mainly clear,0,0,Sunny/Clear Conditions
37855,2021-06-18 17:47:00,40.735676,-73.90284,2,0,Using On Board Navigation Device,4428533,27.4,13.8,0.0,0.0,0.0,0.0,3,20.5,40.3,210,Overcast,2,2,
37856,2022-09-21 09:50:00,40.868137,-73.9005,0,0,Following Too Closely,4566062,26.5,16.0,0.0,0.0,0.0,0.0,3,19.4,36.7,252,Overcast,0,0,
37857,2021-06-14 01:09:00,40.861862,-73.91282,5,0,Turning Improperly,4429178,21.4,17.5,21.7,21.7,0.0,11.0,65,21.1,48.6,154,Rain: Heavy,5,5,
37858,2021-06-17 17:07:00,40.85078,-73.91222,0,0,Driver Inexperience,4428319,23.9,12.1,0.0,0.0,0.0,0.0,3,13.4,27.4,311,Overcast,0,0,
37859,2021-06-16 03:50:00,40.764538,-73.90439,0,0,Backing Unsafely,4427676,23.1,15.1,0.0,0.0,0.0,0.0,1,20.2,40.0,317,Mainly clear,0,0,Sunny/Clear Conditions
37860,2021-06-17 09:44:00,40.599907,-73.94664,1,0,Passing or Lane Usage Improper,4428301,23.9,12.1,0.0,0.0,0.0,0.0,3,13.4,27.4,311,Overcast,1,1,
37861,2021-06-16 11:45:00,40.677998,-73.88272,0,0,Unspecified,4427805,23.1,15.1,0.0,0.0,0.0,0.0,1,20.2,40.0,317,Mainly clear,0,0,Sunny/Clear Conditions
37862,2021-06-17 15:46:00,40.725906,-73.9354,1,0,Failure to Yield Right-of-Way,4428265,23.9,12.1,0.0,0.0,0.0,0.0,3,13.4,27.4,311,Overcast,1,1,
37863,2021-06-17 00:10:00,40.857117,-73.89907,0,0,Unspecified,4427977,23.9,12.1,0.0,0.0,0.0,0.0,3,13.4,27.4,311,Overcast,0,0,
37864,2021-06-18 12:30:00,40.70916,-73.728546,0,0,Unspecified,4428511,27.4,13.8,0.0,0.0,0.0,0.0,3,20.5,40.3,210,Overcast,0,0,
37865,2021-06-16 17:50:00,40.8086,-73.909775,0,0,Driver Inattention/Distraction,4427936,23.1,15.1,0.0,0.0,0.0,0.0,1,20.2,40.0,317,Mainly clear,0,0,Sunny/Clear Conditions
37866,2021-06-15 14:15:00,40.655834,-73.98123,0,0,Tow Hitch Defective,4428930,25.1,17.4,1.0,1.0,0.0,4.0,53,17.7,33.8,295,Drizzle: Moderate,0,0,
37867,2021-06-18 16:41:00,40.761143,-73.75549,0,0,Passing or Lane Usage Improper,4428528,27.4,13.8,0.0,0.0,0.0,0.0,3,20.5,40.3,210,Overcast,0,0,
37868,2021-06-18 18:33:00,40.62553,-73.932434,1,0,Driver Inattention/Distraction,4428787,27.4,13.8,0.0,0.0,0.0,0.0,3,20.5,40.3,210,Overcast,1,1,
37869,2021-06-17 15:30:00,40.84046,-73.88596,0,0,Oversized Vehicle,4428338,23.9,12.1,0.0,0.0,0.0,0.0,3,13.4,27.4,311,Overcast,0,0,
37870,2021-06-14 19:20:00,40.6099,-73.96307,0,0,Unspecified,4428417,21.4,17.5,21.7,21.7,0.0,11.0,65,21.1,48.6,154,Rain: Heavy,0,0,
37871,2021-06-18 23:48:00,40.583485,-73.95014,1,0,Lane Marking Improper/Inadequate,4429206,27.4,13.8,0.0,0.0,0.0,0.0,3,20.5,40.3,210,Overcast,1,1,
37872,2021-06-14 12:42:00,40.855568,-73.93796,0,0,Backing Unsafely,4428910,21.4,17.5,21.7,21.7,0.0,11.0,65,21.1,48.6,154,Rain: Heavy,0,0,
37873,2021-06-16 16:03:00,40.710625,-73.96678,0,0,Following Too Closely,4427893,23.1,15.1,0.0,0.0,0.0,0.0,1,20.2,40.0,317,Mainly clear,0,0,Sunny/Clear Conditions
37874,2021-06-17 16:00:00,40.68627,-73.97813,0,0,Passing Too Closely,4428233,23.9,12.1,0.0,0.0,0.0,0.0,3,13.4,27.4,311,Overcast,0,0,
37875,2021-06-17 13:30:00,40.70547,-73.95024,0,0,Obstruction/Debris,4428389,23.9,12.1,0.0,0.0,0.0,0.0,3,13.4,27.4,311,Overcast,0,0,
37876,2021-06-17 09:00:00,40.692024,-73.9391,0,0,Unspecified,4428122,23.9,12.1,0.0,0.0,0.0,0.0,3,13.4,27.4,311,Overcast,0,0,
37877,2021-06-16 19:15:00,40.67082,-73.935135,0,0,Driver Inattention/Distraction,4428952,23.1,15.1,0.0,0.0,0.0,0.0,1,20.2,40.0,317,Mainly clear,0,0,Sunny/Clear Conditions
37878,2021-06-17 21:16:00,40.688995,-73.78581,1,0,Turning Improperly,4429319,23.9,12.1,0.0,0.0,0.0,0.0,3,13.4,27.4,311,Overcast,1,1,
37879,2021-06-17 18:45:00,40.828594,-73.9045,0,0,Failure to Yield Right-of-Way,4428406,23.9,12.1,0.0,0.0,0.0,0.0,3,13.4,27.4,311,Overcast,0,0,
37880,2021-06-16 19:28:00,40.671196,-73.84296,2,0,Glare,4427909,23.1,15.1,0.0,0.0,0.0,0.0,1,20.2,40.0,317,Mainly clear,2,2,Sunny/Clear Conditions
37881,2021-06-16 08:50:00,40.67137,-73.913155,0,0,Unspecified,4428062,23.1,15.1,0.0,0.0,0.0,0.0,1,20.2,40.0,317,Mainly clear,0,0,Sunny/Clear Conditions
37882,2021-06-17 23:00:00,40.647816,-73.88612,0,0,Unspecified,4428247,23.9,12.1,0.0,0.0,0.0,0.0,3,13.4,27.4,311,Overcast,0,0,
37883,2021-06-06 19:40:00,40.608982,-74.088135,2,0,Driver Inattention/Distraction,4429056,31.0,20.0,0.0,0.0,0.0,0.0,1,16.6,32.4,222,Mainly clear,2,2,Sunny/Clear Conditions
37884,2021-06-16 17:40:00,40.666573,-73.811775,2,0,Following Too Closely,4427851,23.1,15.1,0.0,0.0,0.0,0.0,1,20.2,40.0,317,Mainly clear,2,2,Sunny/Clear Conditions
37885,2021-06-18 08:15:00,40.6321,-74.03048,1,0,Unspecified,4428472,27.4,13.8,0.0,0.0,0.0,0.0,3,20.5,40.3,210,Overcast,1,1,
37886,2021-06-17 20:45:00,40.6374,-74.01116,0,0,Driver Inattention/Distraction,4428721,23.9,12.1,0.0,0.0,0.0,0.0,3,13.4,27.4,311,Overcast,0,0,
37887,2021-06-16 12:50:00,40.85437,-73.892044,0,0,Unspecified,4428011,23.1,15.1,0.0,0.0,0.0,0.0,1,20.2,40.0,317,Mainly clear,0,0,Sunny/Clear Conditions
37888,2021-06-18 14:00:00,40.860287,-73.90494,1,0,Other Vehicular,4428455,27.4,13.8,0.0,0.0,0.0,0.0,3,20.5,40.3,210,Overcast,1,1,
37889,2021-06-18 12:00:00,40.69603,-73.943535,2,0,Alcohol Involvement,4428595,27.4,13.8,0.0,0.0,0.0,0.0,3,20.5,40.3,210,Overcast,2,2,
37890,2021-05-09 11:25:00,40.686577,-73.947464,0,0,Passing or Lane Usage Improper,4428613,16.7,5.8,8.6,8.6,0.0,8.0,61,18.9,38.9,250,Rain: Light,0,0,
37891,2021-06-18 06:30:00,40.7502,-73.83518,0,0,Unsafe Lane Changing,4428394,27.4,13.8,0.0,0.0,0.0,0.0,3,20.5,40.3,210,Overcast,0,0,
37892,2021-06-18 19:50:00,40.851967,-73.897095,1,0,Pedestrian/Bicyclist/Other Pedestrian Error/Confusion,4428565,27.4,13.8,0.0,0.0,0.0,0.0,3,20.5,40.3,210,Overcast,1,1,
37893,2021-06-18 07:40:00,40.869495,-73.85566,0,0,Other Vehicular,4428444,27.4,13.8,0.0,0.0,0.0,0.0,3,20.5,40.3,210,Overcast,0,0,
37894,2021-06-18 02:08:00,40.721226,-73.8267,2,0,Unsafe Lane Changing,4428560,27.4,13.8,0.0,0.0,0.0,0.0,3,20.5,40.3,210,Overcast,2,2,
37895,2021-06-18 10:00:00,40.69612,-73.74619,1,0,Failure to Yield Right-of-Way,4428407,27.4,13.8,0.0,0.0,0.0,0.0,3,20.5,40.3,210,Overcast,1,1,
37896,2021-06-17 23:35:00,40.74884,-73.86296,0,0,Alcohol Involvement,4429271,23.9,12.1,0.0,0.0,0.0,0.0,3,13.4,27.4,311,Overcast,0,0,
37897,2021-06-18 01:00:00,40.69775,-73.81393,0,0,Driver Inattention/Distraction,4428508,27.4,13.8,0.0,0.0,0.0,0.0,3,20.5,40.3,210,Overcast,0,0,
37898,2021-06-18 11:37:00,40.64612,-74.01803,0,0,Backing Unsafely,4428606,27.4,13.8,0.0,0.0,0.0,0.0,3,20.5,40.3,210,Overcast,0,0,
37899,2021-06-15 00:20:00,40.75228,-73.9897,0,0,Unsafe Lane Changing,4429150,25.1,17.4,1.0,1.0,0.0,4.0,53,17.7,33.8,295,Drizzle: Moderate,0,0,
37900,2022-09-21 23:59:00,40.64317,-73.92948,0,0,Driver Inattention/Distraction,4566908,26.5,16.0,0.0,0.0,0.0,0.0,3,19.4,36.7,252,Overcast,0,0,