,CRASH DATETIME,LATITUDE,LONGITUDE,NUMBER OF PERSONS INJURED,NUMBER OF PERSONS KILLED,CONTRIBUTING FACTOR VEHICLE 1,COLLISION_ID,temperature_2m_max,temperature_2m_min,precipitation_sum,rain_sum,snowfall_sum,precipitation_hours,weather_code,wind_speed_10m_max,wind_gusts_10m_max,wind_direction_10m_dominant,Weather Description,Severity_Score,Total_Affected_Persons,Weather_Category
37901,2021-06-17 00:10:00,40.752846,-73.86425,0,0,Following Too Closely,4428043,23.9,12.1,0.0,0.0,0.0,0.0,3,13.4,27.4,311,Overcast,0,0,
37902,2021-06-18 15:15:00,40.594074,-73.960884,0,0,View Obstructed/Limited,4428639,27.4,13.8,0.0,0.0,0.0,0.0,3,20.5,40.3,210,Overcast,0,0,
37903,2021-06-16 19:00:00,40.743156,-73.97213,1,0,Driver Inattention/Distraction,4427873,23.1,15.1,0.0,0.0,0.0,0.0,1,20.2,40.0,317,Mainly clear,1,1,Sunny/Clear Conditions
37904,2021-06-03 23:30:00,40.673565,-73.90788,3,0,Unspecified,4428870,23.0,13.2,11.9,11.9,0.0,10.0,63,13.6,38.9,165,Rain: Moderate,3,3,
37905,2021-06-17 17:15:00,40.78028,-73.957146,1,0,Brakes Defective,4428306,23.9,12.1,0.0,0.0,0.0,0.0,3,13.4,27.4,311,Overcast,1,1,
37906,2021-06-17 18:46:00,40.686085,-73.982666,0,0,Unspecified,4429193,23.9,12.1,0.0,0.0,0.0,0.0,3,13.4,27.4,311,Overcast,0,0,
37907,2021-06-18 16:20:00,40.731842,-73.95978,0,0,Driver Inattention/Distraction,4428631,27.4,13.8,0.0,0.0,0.0,0.0,3,20.5,40.3,210,Overcast,0,0,
37908,2021-06-18 11:22:00,40.780605,-73.95225,1,0,Unsafe Speed,4428433,27.4,13.8,0.0,0.0,0.0,0.0,3,20.5,40.3,210,Overcast,1,1,
37909,2021-06-18 20:00:00,40.851093,-73.847534,0,0,Other Vehicular,4428693,27.4,13.8,0.0,0.0,0.0,0.0,3,20.5,40.3,210,Overcast,0,0,
37910,2021-06-17 18:25:00,40.687557,-73.93896,0,0,Following Too Closely,4428577,23.9,12.1,0.0,0.0,0.0,0.0,3,13.4,27.4,311,Overcast,0,0,
37911,2021-06-17 12:00:00,40.69412,-73.96017,0,0,Driver Inattention/Distraction,4428375,23.9,12.1,0.0,0.0,0.0,0.0,3,13.4,27.4,311,Overcast,0,0,
37912,2021-06-18 17:03:00,40.860516,-73.9146,0,0,Unspecified,4429189,27.4,13.8,0.0,0.0,0.0,0.0,3,20.5,40.3,210,Overcast,0,0,
37913,2021-06-16 08:48:00,40.6952,-73.92844,1,0,Following Too Closely,4427982,23.1,15.1,0.0,0.0,0.0,0.0,1,20.2,40.0,317,Mainly clear,1,1,Sunny/Clear Conditions
37914,2021-06-14 13:30:00,40.663517,-73.90238,2,0,Unspecified,4428995,21.4,17.5,21.7,21.7,0.0,11.0,65,21.1,48.6,154,Rain: Heavy,2,2,
37915,2021-06-15 20:00:00,0.0,0.0,1,0,Failure to Yield Right-of-Way,4428657,25.1,17.4,1.0,1.0,0.0,4.0,53,17.7,33.8,295,Drizzle: Moderate,1,1,
37916,2021-06-16 06:30:00,40.836555,-73.87135,0,0,Unspecified,4427695,23.1,15.1,0.0,0.0,0.0,0.0,1,20.2,40.0,317,Mainly clear,0,0,Sunny/Clear Conditions
37917,2021-06-16 08:20:00,40.769604,-73.91139,0,0,Driver Inattention/Distraction,4427917,23.1,15.1,0.0,0.0,0.0,0.0,1,20.2,40.0,317,Mainly clear,0,0,Sunny/Clear Conditions
37918,2022-09-22 04:50:00,40.724037,-73.812546,0,0,Other Vehicular,4566325,24.9,14.3,9.1,9.1,0.0,7.0,63,24.6,44.6,273,Rain: Moderate,0,0,
37919,2021-06-18 13:20:00,40.69149,-73.92557,0,0,Unspecified,4428487,27.4,13.8,0.0,0.0,0.0,0.0,3,20.5,40.3,210,Overcast,0,0,
37920,2021-06-18 16:20:00,40.650517,-73.92359,0,0,Driver Inattention/Distraction,4428771,27.4,13.8,0.0,0.0,0.0,0.0,3,20.5,40.3,210,Overcast,0,0,
37921,2021-06-14 06:10:00,40.717762,-73.91806,0,0,Passing Too Closely,4428523,21.4,17.5,21.7,21.7,0.0,11.0,65,21.1,48.6,154,Rain: Heavy,0,0,
37922,2021-06-16 00:40:00,40.62543,-73.98531,0,0,Unspecified,4427928,23.1,15.1,0.0,0.0,0.0,0.0,1,20.2,40.0,317,Mainly clear,0,0,Sunny/Clear Conditions
37923,2021-06-16 17:03:00,40.785156,-73.97901,1,0,Failure to Yield Right-of-Way,4427847,23.1,15.1,0.0,0.0,0.0,0.0,1,20.2,40.0,317,Mainly clear,1,1,Sunny/Clear Conditions
37924,2021-06-16 07:19:00,40.769737,-73.91244,1,0,Traffic Control Disregarded,4427916,23.1,15.1,0.0,0.0,0.0,0.0,1,20.2,40.0,317,Mainly clear,1,1,Sunny/Clear Conditions
37925,2021-06-17 22:43:00,40.663517,-73.957214,1,0,Unsafe Lane Changing,4428251,23.9,12.1,0.0,0.0,0.0,0.0,3,13.4,27.4,311,Overcast,1,1,
37926,2021-06-17 05:00:00,40.705532,-73.738365,0,0,Driver Inattention/Distraction,4428087,23.9,12.1,0.0,0.0,0.0,0.0,3,13.4,27.4,311,Overcast,0,0,
37927,2021-06-16 18:00:00,40.71242,-73.92387,0,0,Driver Inexperience,4427887,23.1,15.1,0.0,0.0,0.0,0.0,1,20.2,40.0,317,Mainly clear,0,0,Sunny/Clear Conditions
37928,2021-06-16 10:00:00,40.75433,-73.96527,1,0,Aggressive Driving/Road Rage,4428101,23.1,15.1,0.0,0.0,0.0,0.0,1,20.2,40.0,317,Mainly clear,1,1,Sunny/Clear Conditions
37929,2021-06-17 23:00:00,40.82855,-73.90959,0,0,Driver Inattention/Distraction,4428806,23.9,12.1,0.0,0.0,0.0,0.0,3,13.4,27.4,311,Overcast,0,0,
37930,2022-07-08 18:38:00,40.660847,-73.8403,1,0,Following Too Closely,4567223,29.6,19.3,1.8,1.8,0.0,8.0,51,15.0,31.0,187,Drizzle: Light,1,1,
37931,2021-06-16 10:45:00,40.626686,-74.103355,0,0,Unsafe Speed,4429062,23.1,15.1,0.0,0.0,0.0,0.0,1,20.2,40.0,317,Mainly clear,0,0,Sunny/Clear Conditions
37932,2021-06-16 14:33:00,40.712055,-73.75319,0,0,Turning Improperly,4428141,23.1,15.1,0.0,0.0,0.0,0.0,1,20.2,40.0,317,Mainly clear,0,0,Sunny/Clear Conditions
37933,2021-06-17 17:49:00,40.665882,-73.99642,0,0,Unspecified,4428556,23.9,12.1,0.0,0.0,0.0,0.0,3,13.4,27.4,311,Overcast,0,0,
37934,2021-06-16 17:00:00,40.718994,-73.95368,0,0,Unspecified,4428269,23.1,15.1,0.0,0.0,0.0,0.0,1,20.2,40.0,317,Mainly clear,0,0,Sunny/Clear Conditions
37935,2021-06-17 22:00:00,40.84554,-73.93278,0,0,Driver Inattention/Distraction,4428825,23.9,12.1,0.0,0.0,0.0,0.0,3,13.4,27.4,311,Overcast,0,0,
37936,2021-06-16 12:00:00,40.821693,-73.87743,0,0,Unspecified,4428029,23.1,15.1,0.0,0.0,0.0,0.0,1,20.2,40.0,317,Mainly clear,0,0,Sunny/Clear Conditions
37937,2021-06-17 19:46:00,40.835884,-73.88341,0,0,Passing or Lane Usage Improper,4428426,23.9,12.1,0.0,0.0,0.0,0.0,3,13.4,27.4,311,Overcast,0,0,
37938,2021-06-17 20:00:00,0.0,0.0,0,0,Unspecified,4428214,23.9,12.1,0.0,0.0,0.0,0.0,3,13.4,27.4,311,Overcast,0,0,
37939,2021-06-17 23:38:00,40.77303,-73.97829,2,0,Driver Inattention/Distraction,4429016,23.9,12.1,0.0,0.0,0.0,0.0,3,13.4,27.4,311,Overcast,2,2,
37940,2021-06-17 20:30:00,40.81853,-73.8989,1,0,Unspecified,4428459,23.9,12.1,0.0,0.0,0.0,0.0,3,13.4,27.4,311,Overcast,1,1,
37941,2021-06-18 22:29:00,40.69535,-73.91632,1,0,Driver Inattention/Distraction,4428580,27.4,13.8,0.0,0.0,0.0,0.0,3,20.5,40.3,210,Overcast,1,1,
37942,2021-06-18 23:22:00,40.866047,-73.87207,0,1,Unsafe Speed,4428754,27.4,13.8,0.0,0.0,0.0,0.0,3,20.5,40.3,210,Overcast,20,1,
37943,2021-06-18 01:00:00,40.771305,-73.87664,0,0,Unsafe Speed,4428311,27.4,13.8,0.0,0.0,0.0,0.0,3,20.5,40.3,210,Overcast,0,0,
37944,2021-06-17 13:40:00,40.73978,-73.97952,0,0,Unspecified,4428476,23.9,12.1,0.0,0.0,0.0,0.0,3,13.4,27.4,311,Overcast,0,0,
37945,2021-06-18 16:09:00,40.818233,-73.95273,1,0,Other Vehicular,4428601,27.4,13.8,0.0,0.0,0.0,0.0,3,20.5,40.3,210,Overcast,1,1,
37946,2021-06-17 11:40:00,40.624035,-73.91969,2,0,Driver Inattention/Distraction,4428448,23.9,12.1,0.0,0.0,0.0,0.0,3,13.4,27.4,311,Overcast,2,2,
37947,2021-06-17 12:15:00,40.784527,-73.979485,0,0,Driver Inattention/Distraction,4429088,23.9,12.1,0.0,0.0,0.0,0.0,3,13.4,27.4,311,Overcast,0,0,
37948,2021-06-17 13:10:00,40.651196,-73.93032,0,0,Failure to Yield Right-of-Way,4428764,23.9,12.1,0.0,0.0,0.0,0.0,3,13.4,27.4,311,Overcast,0,0,
37949,2021-06-17 15:20:00,40.82244,-73.90199,3,0,Driver Inattention/Distraction,4428808,23.9,12.1,0.0,0.0,0.0,0.0,3,13.4,27.4,311,Overcast,3,3,
37950,2021-06-18 16:40:00,40.593163,-73.9086,2,0,Unsafe Speed,4428504,27.4,13.8,0.0,0.0,0.0,0.0,3,20.5,40.3,210,Overcast,2,2,
37951,2021-06-18 12:25:00,40.682507,-73.94375,1,0,Driver Inattention/Distraction,4428588,27.4,13.8,0.0,0.0,0.0,0.0,3,20.5,40.3,210,Overcast,1,1,
37952,2021-06-18 23:52:00,40.69447,-73.78147,0,0,Traffic Control Disregarded,4428654,27.4,13.8,0.0,0.0,0.0,0.0,3,20.5,40.3,210,Overcast,0,0,
37953,2021-06-15 16:10:00,40.67019,-73.93935,0,0,Following Too Closely,4428962,25.1,17.4,1.0,1.0,0.0,4.0,53,17.7,33.8,295,Drizzle: Moderate,0,0,
37954,2021-06-16 13:15:00,40.616547,-74.02607,0,0,Unsafe Lane Changing,4428986,23.1,15.1,0.0,0.0,0.0,0.0,1,20.2,40.0,317,Mainly clear,0,0,Sunny/Clear Conditions
37955,2021-06-17 18:00:00,40.653873,-74.008156,1,0,Driver Inattention/Distraction,4428196,23.9,12.1,0.0,0.0,0.0,0.0,3,13.4,27.4,311,Overcast,1,1,
37956,2021-06-17 13:10:00,40.599003,-73.74117,0,0,Failure to Yield Right-of-Way,4428330,23.9,12.1,0.0,0.0,0.0,0.0,3,13.4,27.4,311,Overcast,0,0,
37957,2021-05-28 17:15:00,40.794205,-73.93516,0,0,Passing or Lane Usage Improper,4429125,19.4,10.6,25.0,25.0,0.0,8.0,63,25.6,47.9,62,Rain: Moderate,0,0,
37958,2021-06-17 19:39:00,40.600204,-74.00284,1,0,Unspecified,4428717,23.9,12.1,0.0,0.0,0.0,0.0,3,13.4,27.4,311,Overcast,1,1,
37959,2021-06-03 17:15:00,40.68175,-73.96748,1,0,Turning Improperly,4428536,23.0,13.2,11.9,11.9,0.0,10.0,63,13.6,38.9,165,Rain: Moderate,1,1,
37960,2021-06-16 03:30:00,40.69706,-73.91933,0,0,Unsafe Speed,4428343,23.1,15.1,0.0,0.0,0.0,0.0,1,20.2,40.0,317,Mainly clear,0,0,Sunny/Clear Conditions
37961,2021-06-15 10:00:00,40.546955,-74.18129,0,0,Driver Inattention/Distraction,4428431,25.1,17.4,1.0,1.0,0.0,4.0,53,17.7,33.8,295,Drizzle: Moderate,0,0,
37962,2022-12-30 07:35:00,40.63405,-73.98598,1,0,Pedestrian/Bicyclist/Other Pedestrian Error/Confusion,4598426,13.1,2.1,0.0,0.0,0.0,0.0,3,13.7,25.9,211,Overcast,1,1,
37963,2021-06-13 00:00:00,40.684902,-73.92946,1,0,Driver Inattention/Distraction,4428847,23.9,15.0,0.2,0.2,0.0,2.0,51,17.7,35.6,185,Drizzle: Light,1,1,
37964,2021-06-16 12:00:00,40.578938,-73.98522,0,0,Driver Inexperience,4427972,23.1,15.1,0.0,0.0,0.0,0.0,1,20.2,40.0,317,Mainly clear,0,0,Sunny/Clear Conditions
37965,2021-06-16 13:00:00,40.737553,-73.97806,0,0,Oversized Vehicle,4427759,23.1,15.1,0.0,0.0,0.0,0.0,1,20.2,40.0,317,Mainly clear,0,0,Sunny/Clear Conditions
37966,2021-06-16 02:50:00,40.843655,-73.901344,1,0,Unspecified,4427766,23.1,15.1,0.0,0.0,0.0,0.0,1,20.2,40.0,317,Mainly clear,1,1,Sunny/Clear Conditions
37967,2021-06-16 16:55:00,40.73838,-73.85465,0,0,Passing Too Closely,4427947,23.1,15.1,0.0,0.0,0.0,0.0,1,20.2,40.0,317,Mainly clear,0,0,Sunny/Clear Conditions
37968,2021-06-17 09:50:00,40.722164,-73.98729,0,0,Other Vehicular,4428137,23.9,12.1,0.0,0.0,0.0,0.0,3,13.4,27.4,311,Overcast,0,0,
37969,2021-06-16 13:45:00,40.667168,-73.88087,1,0,Failure to Yield Right-of-Way,4427786,23.1,15.1,0.0,0.0,0.0,0.0,1,20.2,40.0,317,Mainly clear,1,1,Sunny/Clear Conditions
37970,2021-06-17 14:16:00,40.66578,-73.91942,1,0,Failure to Yield Right-of-Way,4428904,23.9,12.1,0.0,0.0,0.0,0.0,3,13.4,27.4,311,Overcast,1,1,
37971,2021-06-16 10:20:00,40.76922,-73.98478,1,0,Unspecified,4427962,23.1,15.1,0.0,0.0,0.0,0.0,1,20.2,40.0,317,Mainly clear,1,1,Sunny/Clear Conditions
37972,2021-06-18 09:15:00,40.839603,-73.918144,0,0,Unsafe Speed,4428706,27.4,13.8,0.0,0.0,0.0,0.0,3,20.5,40.3,210,Overcast,0,0,
37973,2021-06-16 18:15:00,40.81244,-73.95255,0,0,Unsafe Speed,4428162,23.1,15.1,0.0,0.0,0.0,0.0,1,20.2,40.0,317,Mainly clear,0,0,Sunny/Clear Conditions
37974,2021-06-16 15:10:00,40.68308,-73.96886,1,0,Unspecified,4427835,23.1,15.1,0.0,0.0,0.0,0.0,1,20.2,40.0,317,Mainly clear,1,1,Sunny/Clear Conditions
37975,2021-06-18 15:30:00,40.769703,-73.914,0,0,Following Too Closely,4428491,27.4,13.8,0.0,0.0,0.0,0.0,3,20.5,40.3,210,Overcast,0,0,
37976,2021-06-16 14:44:00,40.700623,-73.93645,0,0,Turning Improperly,4427991,23.1,15.1,0.0,0.0,0.0,0.0,1,20.2,40.0,317,Mainly clear,0,0,Sunny/Clear Conditions
37977,2021-06-18 07:10:00,40.67719,-73.88754,0,0,Passing Too Closely,4428616,27.4,13.8,0.0,0.0,0.0,0.0,3,20.5,40.3,210,Overcast,0,0,
37978,2021-06-16 10:56:00,40.646458,-74.01609,0,0,Passing Too Closely,4428193,23.1,15.1,0.0,0.0,0.0,0.0,1,20.2,40.0,317,Mainly clear,0,0,Sunny/Clear Conditions
37979,2021-06-16 08:53:00,40.780537,-73.958084,0,0,Unspecified,4427708,23.1,15.1,0.0,0.0,0.0,0.0,1,20.2,40.0,317,Mainly clear,0,0,Sunny/Clear Conditions
37980,2021-06-17 19:30:00,40.833412,-73.85906,0,0,Unspecified,4428362,23.9,12.1,0.0,0.0,0.0,0.0,3,13.4,27.4,311,Overcast,0,0,
37981,2021-06-17 02:00:00,40.742245,-73.85326,0,0,Unspecified,4427948,23.9,12.1,0.0,0.0,0.0,0.0,3,13.4,27.4,311,Overcast,0,0,
37982,2021-06-17 13:00:00,40.66955,-73.94497,3,0,Unsafe Speed,4428286,23.9,12.1,0.0,0.0,0.0,0.0,3,13.4,27.4,311,Overcast,3,3,
37983,2021-06-17 09:30:00,40.81858,-73.89387,1,0,Following Too Closely,4428682,23.9,12.1,0.0,0.0,0.0,0.0,3,13.4,27.4,311,Overcast,1,1,
37984,2021-06-18 05:30:00,40.781933,-73.94428,0,0,Driver Inattention/Distraction,4428519,27.4,13.8,0.0,0.0,0.0,0.0,3,20.5,40.3,210,Overcast,0,0,
37985,2020-06-15 20:05:00,40.688877,-73.98991,1,0,Driver Inattention/Distraction,4428502,22.6,14.4,0.0,0.0,0.0,0.0,3,16.4,32.8,93,Overcast,1,1,
37986,2021-06-17 23:50:00,40.755714,-73.92056,0,0,Unspecified,4428842,23.9,12.1,0.0,0.0,0.0,0.0,3,13.4,27.4,311,Overcast,0,0,
37987,2021-06-18 12:00:00,40.727184,-74.00335,0,0,Driver Inattention/Distraction,4428480,27.4,13.8,0.0,0.0,0.0,0.0,3,20.5,40.3,210,Overcast,0,0,
37988,2021-06-17 20:20:00,40.71604,-73.80504,3,0,Unsafe Lane Changing,4428984,23.9,12.1,0.0,0.0,0.0,0.0,3,13.4,27.4,311,Overcast,3,3,
37989,2021-06-16 18:30:00,40.692627,-73.959,0,0,Passing or Lane Usage Improper,4429164,23.1,15.1,0.0,0.0,0.0,0.0,1,20.2,40.0,317,Mainly clear,0,0,Sunny/Clear Conditions
37990,2021-06-14 19:52:00,40.691265,-73.9051,0,0,Traffic Control Disregarded,4428341,21.4,17.5,21.7,21.7,0.0,11.0,65,21.1,48.6,154,Rain: Heavy,0,0,
37991,2021-06-18 04:00:00,40.767204,-73.910095,2,0,Driver Inattention/Distraction,4429253,27.4,13.8,0.0,0.0,0.0,0.0,3,20.5,40.3,210,Overcast,2,2,
37992,2021-06-18 18:05:00,40.660656,-73.885796,0,0,Failure to Yield Right-of-Way,4428624,27.4,13.8,0.0,0.0,0.0,0.0,3,20.5,40.3,210,Overcast,0,0,
37993,2021-06-16 15:11:00,40.769844,-73.83656,0,0,Following Too Closely,4428009,23.1,15.1,0.0,0.0,0.0,0.0,1,20.2,40.0,317,Mainly clear,0,0,Sunny/Clear Conditions
37994,2021-06-17 18:21:00,40.66978,-73.94932,0,0,Following Too Closely,4428317,23.9,12.1,0.0,0.0,0.0,0.0,3,13.4,27.4,311,Overcast,0,0,
37995,2021-06-18 15:30:00,40.685196,-73.97829,0,0,Passing or Lane Usage Improper,4428679,27.4,13.8,0.0,0.0,0.0,0.0,3,20.5,40.3,210,Overcast,0,0,
37996,2021-06-16 09:10:00,40.679096,-73.79822,0,0,Passing or Lane Usage Improper,4427727,23.1,15.1,0.0,0.0,0.0,0.0,1,20.2,40.0,317,Mainly clear,0,0,Sunny/Clear Conditions
37997,2021-06-16 01:20:00,40.67816,-73.897484,0,0,Traffic Control Disregarded,4427785,23.1,15.1,0.0,0.0,0.0,0.0,1,20.2,40.0,317,Mainly clear,0,0,Sunny/Clear Conditions
37998,2021-06-18 09:20:00,40.84115,-73.942696,0,0,Driver Inattention/Distraction,4428880,27.4,13.8,0.0,0.0,0.0,0.0,3,20.5,40.3,210,Overcast,0,0,
37999,2021-06-18 00:00:00,40.654278,-73.92292,2,0,Unspecified,4428763,27.4,13.8,0.0,0.0,0.0,0.0,3,20.5,40.3,210,Overcast,2,2,
38000,2021-06-16 23:12:00,40.7031,-73.859795,0,0,Animals Action,4428175,23.1,15.1,0.0,0.0,0.0,0.0,1,20.2,40.0,317,Mainly clear,0,0,Sunny/Clear Conditions
38001,2021-06-15 15:43:00,40.708923,-73.81877,1,0,Backing Unsafely,4428940,25.1,17.4,1.0,1.0,0.0,4.0,53,17.7,33.8,295,Drizzle: Moderate,1,1,
38002,2021-06-14 01:00:00,40.68337,-73.93634,0,0,Unspecified,4428849,21.4,17.5,21.7,21.7,0.0,11.0,65,21.1,48.6,154,Rain: Heavy,0,0,
38003,2022-09-21 20:15:00,40.595364,-74.09723,1,0,Driver Inattention/Distraction,4566642,26.5,16.0,0.0,0.0,0.0,0.0,3,19.4,36.7,252,Overcast,1,1,
38004,2021-06-18 16:30:00,40.57323,-74.14702,0,0,Driver Inattention/Distraction,4428645,27.4,13.8,0.0,0.0,0.0,0.0,3,20.5,40.3,210,Overcast,0,0,
38005,2021-06-17 16:20:00,40.643288,-74.0122,1,0,Backing Unsafely,4428497,23.9,12.1,0.0,0.0,0.0,0.0,3,13.4,27.4,311,Overcast,1,1,
38006,2021-06-16 09:40:00,40.651676,-74.010635,1,0,Driver Inattention/Distraction,4428183,23.1,15.1,0.0,0.0,0.0,0.0,1,20.2,40.0,317,Mainly clear,1,1,Sunny/Clear Conditions
38007,2021-06-03 07:00:00,40.89675,-73.86864,0,0,Unspecified,4429098,23.0,13.2,11.9,11.9,0.0,10.0,63,13.6,38.9,165,Rain: Moderate,0,0,
38008,2021-06-16 01:55:00,40.681473,-73.72776,1,0,Unspecified,4427829,23.1,15.1,0.0,0.0,0.0,0.0,1,20.2,40.0,317,Mainly clear,1,1,Sunny/Clear Conditions
38009,2021-06-17 15:10:00,40.67007,-73.91591,0,0,Passing or Lane Usage Improper,4428164,23.9,12.1,0.0,0.0,0.0,0.0,3,13.4,27.4,311,Overcast,0,0,
38010,2021-06-16 11:00:00,40.610508,-74.09576,1,0,Unsafe Lane Changing,4428028,23.1,15.1,0.0,0.0,0.0,0.0,1,20.2,40.0,317,Mainly clear,1,1,Sunny/Clear Conditions
38011,2021-06-17 22:30:00,40.708027,-73.877594,0,0,Driver Inattention/Distraction,4428463,23.9,12.1,0.0,0.0,0.0,0.0,3,13.4,27.4,311,Overcast,0,0,
38012,2021-06-17 09:15:00,40.673588,-73.73351,0,0,Unspecified,4428127,23.9,12.1,0.0,0.0,0.0,0.0,3,13.4,27.4,311,Overcast,0,0,
38013,2021-06-16 08:15:00,40.648354,-73.91001,0,0,Unspecified,4427750,23.1,15.1,0.0,0.0,0.0,0.0,1,20.2,40.0,317,Mainly clear,0,0,Sunny/Clear Conditions
38014,2021-06-18 14:45:00,40.82804,-73.94251,1,0,Failure to Yield Right-of-Way,4428564,27.4,13.8,0.0,0.0,0.0,0.0,3,20.5,40.3,210,Overcast,1,1,
38015,2021-06-16 07:22:00,40.784355,-73.98117,0,0,Driver Inattention/Distraction,4427845,23.1,15.1,0.0,0.0,0.0,0.0,1,20.2,40.0,317,Mainly clear,0,0,Sunny/Clear Conditions
38016,2021-06-16 08:26:00,40.666405,-73.802635,1,0,Following Too Closely,4427690,23.1,15.1,0.0,0.0,0.0,0.0,1,20.2,40.0,317,Mainly clear,1,1,Sunny/Clear Conditions
38017,2021-06-17 14:34:00,40.829685,-73.87401,0,0,Driver Inattention/Distraction,4428363,23.9,12.1,0.0,0.0,0.0,0.0,3,13.4,27.4,311,Overcast,0,0,
38018,2021-06-18 18:24:00,40.90304,-73.849556,0,0,Unspecified,4429059,27.4,13.8,0.0,0.0,0.0,0.0,3,20.5,40.3,210,Overcast,0,0,
38019,2021-06-18 06:18:00,40.674145,-73.93062,0,0,View Obstructed/Limited,4428293,27.4,13.8,0.0,0.0,0.0,0.0,3,20.5,40.3,210,Overcast,0,0,
38020,2021-06-16 19:34:00,40.689144,-73.99071,1,0,Driver Inattention/Distraction,4428490,23.1,15.1,0.0,0.0,0.0,0.0,1,20.2,40.0,317,Mainly clear,1,1,Sunny/Clear Conditions
38021,2022-09-22 00:00:00,40.697296,-73.92378,0,0,Driver Inattention/Distraction,4566547,24.9,14.3,9.1,9.1,0.0,7.0,63,24.6,44.6,273,Rain: Moderate,0,0,
38022,2021-06-18 16:11:00,40.63376,-73.963776,1,0,Unsafe Speed,4428798,27.4,13.8,0.0,0.0,0.0,0.0,3,20.5,40.3,210,Overcast,1,1,
38023,2021-06-16 11:40:00,40.815975,-73.91102,2,0,Driver Inattention/Distraction,4427941,23.1,15.1,0.0,0.0,0.0,0.0,1,20.2,40.0,317,Mainly clear,2,2,Sunny/Clear Conditions
38024,2021-06-18 15:15:00,40.68199,-73.788414,0,0,Following Too Closely,4428648,27.4,13.8,0.0,0.0,0.0,0.0,3,20.5,40.3,210,Overcast,0,0,
38025,2021-06-16 13:00:00,40.694313,-73.80794,1,0,Failure to Yield Right-of-Way,4427795,23.1,15.1,0.0,0.0,0.0,0.0,1,20.2,40.0,317,Mainly clear,1,1,Sunny/Clear Conditions
38026,2021-06-16 13:27:00,40.82751,-73.92495,0,0,Passing Too Closely,4428085,23.1,15.1,0.0,0.0,0.0,0.0,1,20.2,40.0,317,Mainly clear,0,0,Sunny/Clear Conditions
38027,2021-06-16 17:54:00,40.74021,-73.71036,1,0,Unspecified,4427903,23.1,15.1,0.0,0.0,0.0,0.0,1,20.2,40.0,317,Mainly clear,1,1,Sunny/Clear Conditions
38028,2021-06-12 03:20:00,40.682373,-73.96162,1,0,Driver Inattention/Distraction,4429011,21.2,16.4,0.4,0.4,0.0,3.0,51,15.5,31.3,112,Drizzle: Light,1,1,
38029,2021-06-11 12:15:00,40.83863,-73.93348,0,0,Driver Inattention/Distraction,4428824,20.7,15.3,1.2,1.2,0.0,3.0,53,13.2,27.0,97,Drizzle: Moderate,0,0,
38030,2021-06-16 17:14:00,40.681946,-73.904884,0,0,Driver Inattention/Distraction,4427993,23.1,15.1,0.0,0.0,0.0,0.0,1,20.2,40.0,317,Mainly clear,0,0,Sunny/Clear Conditions
38031,2021-06-17 10:00:00,40.732468,-73.953186,0,0,View Obstructed/Limited,4428634,23.9,12.1,0.0,0.0,0.0,0.0,3,13.4,27.4,311,Overcast,0,0,
38032,2021-06-18 08:35:00,40.88734,-73.824615,0,0,Passing or Lane Usage Improper,4429074,27.4,13.8,0.0,0.0,0.0,0.0,3,20.5,40.3,210,Overcast,0,0,
38033,2021-06-17 19:00:00,40.674465,-73.97547,1,0,Unspecified,4428259,23.9,12.1,0.0,0.0,0.0,0.0,3,13.4,27.4,311,Overcast,1,1,
38034,2021-06-17 19:03:00,40.826065,-73.88784,0,0,Driver Inattention/Distraction,4428458,23.9,12.1,0.0,0.0,0.0,0.0,3,13.4,27.4,311,Overcast,0,0,
38035,2022-09-21 17:24:00,40.78015,-73.84421,0,0,Unspecified,4566151,26.5,16.0,0.0,0.0,0.0,0.0,3,19.4,36.7,252,Overcast,0,0,
38036,2021-06-16 00:20:00,40.66314,-73.88003,2,0,Unspecified,4427960,23.1,15.1,0.0,0.0,0.0,0.0,1,20.2,40.0,317,Mainly clear,2,2,Sunny/Clear Conditions
38037,2021-06-18 16:50:00,40.6997,-73.94425,0,0,Driver Inattention/Distraction,4428598,27.4,13.8,0.0,0.0,0.0,0.0,3,20.5,40.3,210,Overcast,0,0,
38038,2021-06-18 14:30:00,40.797916,-73.96385,0,0,Oversized Vehicle,4428749,27.4,13.8,0.0,0.0,0.0,0.0,3,20.5,40.3,210,Overcast,0,0,
38039,2021-06-12 00:26:00,40.861862,-73.91282,0,0,Unspecified,4429176,21.2,16.4,0.4,0.4,0.0,3.0,51,15.5,31.3,112,Drizzle: Light,0,0,
38040,2021-06-17 10:53:00,40.712006,-73.919266,0,0,Driver Inattention/Distraction,4428522,23.9,12.1,0.0,0.0,0.0,0.0,3,13.4,27.4,311,Overcast,0,0,
38041,2022-09-23 07:00:00,40.82463,-73.85566,0,0,View Obstructed/Limited,4566674,16.4,10.0,0.0,0.0,0.0,0.0,0,31.1,56.9,323,Clear sky,0,0,Sunny/Clear Conditions