,CRASH DATETIME,LATITUDE,LONGITUDE,NUMBER OF PERSONS INJURED,NUMBER OF PERSONS KILLED,CONTRIBUTING FACTOR VEHICLE 1,COLLISION_ID,temperature_2m_max,temperature_2m_min,precipitation_sum,rain_sum,snowfall_sum,precipitation_hours,weather_code,wind_speed_10m_max,wind_gusts_10m_max,wind_direction_10m_dominant,Weather Description,Severity_Score,Total_Affected_Persons,Weather_Category
38042,2021-06-17 18:20:00,40.66213,-73.95458,2,0,Driver Inattention/Distraction,4428324,23.9,12.1,0.0,0.0,0.0,0.0,3,13.4,27.4,311,Overcast,2,2,
38043,2021-06-16 16:59:00,40.72032,-73.99404,0,0,Aggressive Driving/Road Rage,4427981,23.1,15.1,0.0,0.0,0.0,0.0,1,20.2,40.0,317,Mainly clear,0,0,Sunny/Clear Conditions
38044,2021-06-18 18:50:00,40.765957,-73.91551,0,0,Unspecified,4428858,27.4,13.8,0.0,0.0,0.0,0.0,3,20.5,40.3,210,Overcast,0,0,
38045,2021-06-18 08:30:00,40.675667,-73.86436,1,0,Driver Inattention/Distraction,4428608,27.4,13.8,0.0,0.0,0.0,0.0,3,20.5,40.3,210,Overcast,1,1,
38046,2021-06-16 23:15:00,40.677483,-73.93033,1,0,Following Too Closely,4428052,23.1,15.1,0.0,0.0,0.0,0.0,1,20.2,40.0,317,Mainly clear,1,1,Sunny/Clear Conditions
38047,2021-06-17 13:00:00,40.718826,-73.98424,0,0,Turning Improperly,4428155,23.9,12.1,0.0,0.0,0.0,0.0,3,13.4,27.4,311,Overcast,0,0,
38048,2021-06-14 12:30:00,40.617554,-73.94206,0,0,Unsafe Lane Changing,4428789,21.4,17.5,21.7,21.7,0.0,11.0,65,21.1,48.6,154,Rain: Heavy,0,0,
38049,2021-06-17 21:50:00,40.725582,-73.989876,0,0,Driver Inattention/Distraction,4429265,23.9,12.1,0.0,0.0,0.0,0.0,3,13.4,27.4,311,Overcast,0,0,
38050,2021-06-17 20:39:00,40.842625,-73.87818,1,0,Traffic Control Disregarded,4428337,23.9,12.1,0.0,0.0,0.0,0.0,3,13.4,27.4,311,Overcast,1,1,
38051,2021-06-16 14:40:00,40.739494,-73.7928,0,0,Backing Unsafely,4427857,23.1,15.1,0.0,0.0,0.0,0.0,1,20.2,40.0,317,Mainly clear,0,0,Sunny/Clear Conditions
38052,2021-06-18 21:49:00,40.607445,-73.99531,1,0,Driver Inattention/Distraction,4428689,27.4,13.8,0.0,0.0,0.0,0.0,3,20.5,40.3,210,Overcast,1,1,
38053,2021-06-17 10:51:00,40.816868,-73.92072,0,0,Driver Inattention/Distraction,4428288,23.9,12.1,0.0,0.0,0.0,0.0,3,13.4,27.4,311,Overcast,0,0,
38054,2021-06-16 22:07:00,40.70653,-73.94389,1,0,Driver Inattention/Distraction,4427897,23.1,15.1,0.0,0.0,0.0,0.0,1,20.2,40.0,317,Mainly clear,1,1,Sunny/Clear Conditions
38055,2021-06-10 18:50:00,40.878853,-73.87349,1,0,Failure to Yield Right-of-Way,4429215,26.7,16.8,0.0,0.0,0.0,0.0,3,20.9,40.3,78,Overcast,1,1,
38056,2021-06-17 17:00:00,40.775246,-73.94763,1,0,Driver Inattention/Distraction,4429233,23.9,12.1,0.0,0.0,0.0,0.0,3,13.4,27.4,311,Overcast,1,1,
38057,2021-06-17 19:42:00,40.714073,-73.95534,0,0,Driver Inattention/Distraction,4428271,23.9,12.1,0.0,0.0,0.0,0.0,3,13.4,27.4,311,Overcast,0,0,
38058,2021-06-13 07:40:00,40.844173,-73.91746,1,0,Unsafe Speed,4428369,23.9,15.0,0.2,0.2,0.0,2.0,51,17.7,35.6,185,Drizzle: Light,1,1,
38059,2021-06-16 19:00:00,40.69245,-73.811005,0,0,Passing or Lane Usage Improper,4427850,23.1,15.1,0.0,0.0,0.0,0.0,1,20.2,40.0,317,Mainly clear,0,0,Sunny/Clear Conditions
38060,2021-06-18 13:00:00,40.688934,-73.905045,0,0,Driver Inattention/Distraction,4428485,27.4,13.8,0.0,0.0,0.0,0.0,3,20.5,40.3,210,Overcast,0,0,
38061,2021-06-16 06:38:00,40.80321,-73.91892,0,0,Driver Inattention/Distraction,4427672,23.1,15.1,0.0,0.0,0.0,0.0,1,20.2,40.0,317,Mainly clear,0,0,Sunny/Clear Conditions
38062,2021-06-16 00:15:00,40.81719,-73.93447,0,0,Unsafe Speed,4428105,23.1,15.1,0.0,0.0,0.0,0.0,1,20.2,40.0,317,Mainly clear,0,0,Sunny/Clear Conditions
38063,2021-06-18 20:00:00,40.608006,-73.99473,0,0,Unsafe Speed,4428692,27.4,13.8,0.0,0.0,0.0,0.0,3,20.5,40.3,210,Overcast,0,0,
38064,2021-06-13 00:00:00,40.50773,-74.230064,0,0,Steering Failure,4428427,23.9,15.0,0.2,0.2,0.0,2.0,51,17.7,35.6,185,Drizzle: Light,0,0,
38065,2021-06-12 14:50:00,40.718815,-73.793274,0,0,Driver Inattention/Distraction,4428947,21.2,16.4,0.4,0.4,0.0,3.0,51,15.5,31.3,112,Drizzle: Light,0,0,
38066,2021-06-16 12:45:00,40.706142,-74.00603,1,0,Unsafe Speed,4427775,23.1,15.1,0.0,0.0,0.0,0.0,1,20.2,40.0,317,Mainly clear,1,1,Sunny/Clear Conditions
38067,2021-06-17 08:50:00,40.690796,-73.95637,0,0,Driver Inattention/Distraction,4428572,23.9,12.1,0.0,0.0,0.0,0.0,3,13.4,27.4,311,Overcast,0,0,
38068,2021-06-17 21:53:00,40.862602,-73.92028,1,0,Turning Improperly,4428352,23.9,12.1,0.0,0.0,0.0,0.0,3,13.4,27.4,311,Overcast,1,1,
38069,2021-06-17 01:10:00,40.63532,-74.02324,1,0,Driver Inattention/Distraction,4427878,23.9,12.1,0.0,0.0,0.0,0.0,3,13.4,27.4,311,Overcast,1,1,
38070,2021-06-13 23:19:00,40.801186,-73.94768,0,0,Unspecified,4428534,23.9,15.0,0.2,0.2,0.0,2.0,51,17.7,35.6,185,Drizzle: Light,0,0,
38071,2021-06-17 14:45:00,40.658264,-73.72862,0,0,Driver Inattention/Distraction,4428202,23.9,12.1,0.0,0.0,0.0,0.0,3,13.4,27.4,311,Overcast,0,0,
38072,2021-06-16 20:55:00,40.790417,-73.95184,0,0,Passing or Lane Usage Improper,4428151,23.1,15.1,0.0,0.0,0.0,0.0,1,20.2,40.0,317,Mainly clear,0,0,Sunny/Clear Conditions
38073,2021-06-17 06:20:00,40.819016,-73.84804,0,0,Unsafe Speed,4428032,23.9,12.1,0.0,0.0,0.0,0.0,3,13.4,27.4,311,Overcast,0,0,
38074,2021-06-10 11:30:00,40.733562,-73.79025,0,0,Driver Inattention/Distraction,4428919,26.7,16.8,0.0,0.0,0.0,0.0,3,20.9,40.3,78,Overcast,0,0,
38075,2021-06-13 07:18:00,40.67295,-73.92517,3,0,Traffic Control Disregarded,4428964,23.9,15.0,0.2,0.2,0.0,2.0,51,17.7,35.6,185,Drizzle: Light,3,3,
38076,2021-06-18 11:16:00,40.667522,-73.78063,0,0,Passing or Lane Usage Improper,4428395,27.4,13.8,0.0,0.0,0.0,0.0,3,20.5,40.3,210,Overcast,0,0,
38077,2021-06-03 23:05:00,40.758972,-73.91901,1,0,,4428834,23.0,13.2,11.9,11.9,0.0,10.0,63,13.6,38.9,165,Rain: Moderate,1,1,
38078,2021-06-17 16:25:00,40.704964,-73.928116,0,0,Other Vehicular,4428299,23.9,12.1,0.0,0.0,0.0,0.0,3,13.4,27.4,311,Overcast,0,0,
38079,2021-06-17 00:00:00,40.69297,-73.78024,0,0,Traffic Control Disregarded,4428412,23.9,12.1,0.0,0.0,0.0,0.0,3,13.4,27.4,311,Overcast,0,0,
38080,2021-06-12 06:00:00,40.68157,-73.96452,0,0,Fell Asleep,4428550,21.2,16.4,0.4,0.4,0.0,3.0,51,15.5,31.3,112,Drizzle: Light,0,0,
38081,2021-06-15 12:14:00,40.66839,-73.88032,0,0,Failure to Yield Right-of-Way,4428731,25.1,17.4,1.0,1.0,0.0,4.0,53,17.7,33.8,295,Drizzle: Moderate,0,0,
38082,2021-06-17 11:19:00,40.68489,-73.82148,3,0,Traffic Control Disregarded,4428253,23.9,12.1,0.0,0.0,0.0,0.0,3,13.4,27.4,311,Overcast,3,3,
38083,2021-06-18 10:46:00,40.85901,-73.927635,0,0,Driver Inattention/Distraction,4428912,27.4,13.8,0.0,0.0,0.0,0.0,3,20.5,40.3,210,Overcast,0,0,
38084,2021-06-17 11:50:00,40.742214,-73.86871,0,0,Unspecified,4428277,23.9,12.1,0.0,0.0,0.0,0.0,3,13.4,27.4,311,Overcast,0,0,
38085,2021-06-16 19:48:00,40.734577,-74.010025,1,0,Unspecified,4428470,23.1,15.1,0.0,0.0,0.0,0.0,1,20.2,40.0,317,Mainly clear,1,1,Sunny/Clear Conditions
38086,2021-06-18 04:50:00,40.85512,-73.872215,1,0,Following Too Closely,4428453,27.4,13.8,0.0,0.0,0.0,0.0,3,20.5,40.3,210,Overcast,1,1,
38087,2021-06-17 16:09:00,40.75399,-73.90031,1,0,Driver Inattention/Distraction,4428839,23.9,12.1,0.0,0.0,0.0,0.0,3,13.4,27.4,311,Overcast,1,1,
38088,2021-06-16 00:30:00,40.705227,-73.949844,0,0,Backing Unsafely,4427884,23.1,15.1,0.0,0.0,0.0,0.0,1,20.2,40.0,317,Mainly clear,0,0,Sunny/Clear Conditions
38089,2021-06-18 15:19:00,40.761585,-73.76086,0,0,Failure to Yield Right-of-Way,4428527,27.4,13.8,0.0,0.0,0.0,0.0,3,20.5,40.3,210,Overcast,0,0,
38090,2021-06-17 11:00:00,40.77532,-73.77521,0,0,Driver Inattention/Distraction,4428227,23.9,12.1,0.0,0.0,0.0,0.0,3,13.4,27.4,311,Overcast,0,0,
38091,2022-09-23 09:18:00,40.699017,-73.80696,1,0,Unspecified,4566657,16.4,10.0,0.0,0.0,0.0,0.0,0,31.1,56.9,323,Clear sky,1,1,Sunny/Clear Conditions
38092,2021-06-16 16:11:00,40.636703,-73.99038,0,0,Unspecified,4427935,23.1,15.1,0.0,0.0,0.0,0.0,1,20.2,40.0,317,Mainly clear,0,0,Sunny/Clear Conditions
38093,2021-06-17 07:00:00,40.83334,-73.89978,0,0,Unspecified,4428817,23.9,12.1,0.0,0.0,0.0,0.0,3,13.4,27.4,311,Overcast,0,0,
38094,2021-06-17 05:20:00,40.750874,-73.862236,0,0,Unspecified,4428044,23.9,12.1,0.0,0.0,0.0,0.0,3,13.4,27.4,311,Overcast,0,0,
38095,2021-06-18 22:22:00,40.74701,-73.977196,0,0,Unspecified,4428671,27.4,13.8,0.0,0.0,0.0,0.0,3,20.5,40.3,210,Overcast,0,0,
38096,2021-06-14 19:30:00,40.686817,-73.97821,1,0,Passing or Lane Usage Improper,4428539,21.4,17.5,21.7,21.7,0.0,11.0,65,21.1,48.6,154,Rain: Heavy,1,1,
38097,2021-06-16 14:30:00,40.817593,-73.95319,0,0,Unspecified,4427868,23.1,15.1,0.0,0.0,0.0,0.0,1,20.2,40.0,317,Mainly clear,0,0,Sunny/Clear Conditions
38098,2021-06-17 20:05:00,40.67708,-73.79318,1,0,Failure to Keep Right,4428401,23.9,12.1,0.0,0.0,0.0,0.0,3,13.4,27.4,311,Overcast,1,1,
38099,2021-06-17 21:08:00,40.666744,-73.91292,1,0,Driver Inexperience,4428890,23.9,12.1,0.0,0.0,0.0,0.0,3,13.4,27.4,311,Overcast,1,1,
38100,2021-06-18 16:30:00,40.683567,-73.94106,0,0,Passing or Lane Usage Improper,4428630,27.4,13.8,0.0,0.0,0.0,0.0,3,20.5,40.3,210,Overcast,0,0,
38101,2021-06-16 09:28:00,40.74094,-73.91725,0,0,Driver Inattention/Distraction,4427837,23.1,15.1,0.0,0.0,0.0,0.0,1,20.2,40.0,317,Mainly clear,0,0,Sunny/Clear Conditions
38102,2021-06-16 22:40:00,40.817875,-73.89333,0,0,View Obstructed/Limited,4428096,23.1,15.1,0.0,0.0,0.0,0.0,1,20.2,40.0,317,Mainly clear,0,0,Sunny/Clear Conditions
38103,2021-06-16 21:30:00,40.73873,-73.81428,0,0,Following Too Closely,4428116,23.1,15.1,0.0,0.0,0.0,0.0,1,20.2,40.0,317,Mainly clear,0,0,Sunny/Clear Conditions
38104,2021-06-17 16:45:00,40.57577,-74.16981,0,0,Following Too Closely,4429321,23.9,12.1,0.0,0.0,0.0,0.0,3,13.4,27.4,311,Overcast,0,0,
38105,2021-06-14 15:30:00,40.677483,-73.93033,1,0,Following Too Closely,4428973,21.4,17.5,21.7,21.7,0.0,11.0,65,21.1,48.6,154,Rain: Heavy,1,1,
38106,2021-06-16 18:37:00,40.70432,-73.89055,0,0,Unsafe Speed,4429112,23.1,15.1,0.0,0.0,0.0,0.0,1,20.2,40.0,317,Mainly clear,0,0,Sunny/Clear Conditions
38107,2021-06-18 19:36:00,40.590893,-73.80114,1,0,Driver Inattention/Distraction,4428544,27.4,13.8,0.0,0.0,0.0,0.0,3,20.5,40.3,210,Overcast,1,1,
38108,2021-06-17 19:15:00,40.652462,-73.92285,1,0,Traffic Control Disregarded,4428759,23.9,12.1,0.0,0.0,0.0,0.0,3,13.4,27.4,311,Overcast,1,1,
38109,2021-06-16 14:48:00,40.615837,-74.08473,7,0,Driver Inattention/Distraction,4429068,23.1,15.1,0.0,0.0,0.0,0.0,1,20.2,40.0,317,Mainly clear,7,7,Sunny/Clear Conditions
38110,2021-06-18 05:56:00,40.72656,-73.972046,0,0,Reaction to Uninvolved Vehicle,4429282,27.4,13.8,0.0,0.0,0.0,0.0,3,20.5,40.3,210,Overcast,0,0,
38111,2021-06-18 23:58:00,40.873695,-73.824394,1,0,Unspecified,4428594,27.4,13.8,0.0,0.0,0.0,0.0,3,20.5,40.3,210,Overcast,1,1,
38112,2021-06-16 19:33:00,40.68067,-73.885826,2,0,Unspecified,4427956,23.1,15.1,0.0,0.0,0.0,0.0,1,20.2,40.0,317,Mainly clear,2,2,Sunny/Clear Conditions
38113,2021-06-16 12:31:00,40.820747,-73.86766,0,0,Unspecified,4428019,23.1,15.1,0.0,0.0,0.0,0.0,1,20.2,40.0,317,Mainly clear,0,0,Sunny/Clear Conditions
38114,2021-06-16 13:15:00,40.708942,-73.95942,1,0,Pedestrian/Bicyclist/Other Pedestrian Error/Confusion,4427892,23.1,15.1,0.0,0.0,0.0,0.0,1,20.2,40.0,317,Mainly clear,1,1,Sunny/Clear Conditions
38115,2021-06-17 16:24:00,40.750248,-73.950516,0,0,Unspecified,4428235,23.9,12.1,0.0,0.0,0.0,0.0,3,13.4,27.4,311,Overcast,0,0,
38116,2021-06-18 05:02:00,40.86679,-73.932495,0,0,Unspecified,4428380,27.4,13.8,0.0,0.0,0.0,0.0,3,20.5,40.3,210,Overcast,0,0,
38117,2021-06-14 01:38:00,40.611313,-74.09844,1,0,Traffic Control Disregarded,4429055,21.4,17.5,21.7,21.7,0.0,11.0,65,21.1,48.6,154,Rain: Heavy,1,1,
38118,2021-06-16 07:27:00,40.65622,-73.913155,1,0,Driver Inattention/Distraction,4428996,23.1,15.1,0.0,0.0,0.0,0.0,1,20.2,40.0,317,Mainly clear,1,1,Sunny/Clear Conditions
38119,2021-05-12 18:00:00,40.693203,-73.953995,0,0,Passing Too Closely,4428612,17.9,5.8,0.0,0.0,0.0,0.0,2,20.0,41.0,317,Partly cloudy,0,0,
38120,2021-06-18 20:18:00,40.86552,-73.88972,0,0,Passing Too Closely,4429186,27.4,13.8,0.0,0.0,0.0,0.0,3,20.5,40.3,210,Overcast,0,0,
38121,2021-06-16 14:00:00,40.632294,-73.96678,1,0,Failure to Yield Right-of-Way,4427923,23.1,15.1,0.0,0.0,0.0,0.0,1,20.2,40.0,317,Mainly clear,1,1,Sunny/Clear Conditions
38122,2021-06-17 12:40:00,40.850456,-73.899315,1,0,Driver Inattention/Distraction,4428312,23.9,12.1,0.0,0.0,0.0,0.0,3,13.4,27.4,311,Overcast,1,1,
38123,2021-06-12 16:20:00,40.877697,-73.86762,0,0,Passing Too Closely,4429099,21.2,16.4,0.4,0.4,0.0,3.0,51,15.5,31.3,112,Drizzle: Light,0,0,
38124,2021-06-18 19:00:00,40.76615,-73.919785,1,0,Traffic Control Disregarded,4428850,27.4,13.8,0.0,0.0,0.0,0.0,3,20.5,40.3,210,Overcast,1,1,
38125,2022-09-23 23:26:00,40.711643,-73.94392,1,0,Driver Inattention/Distraction,4567033,16.4,10.0,0.0,0.0,0.0,0.0,0,31.1,56.9,323,Clear sky,1,1,Sunny/Clear Conditions
38126,2021-06-17 15:22:00,40.691147,-73.90891,0,0,Failure to Yield Right-of-Way,4428161,23.9,12.1,0.0,0.0,0.0,0.0,3,13.4,27.4,311,Overcast,0,0,
38127,2021-06-15 17:15:00,40.657425,-73.99751,1,0,Unspecified,4428929,25.1,17.4,1.0,1.0,0.0,4.0,53,17.7,33.8,295,Drizzle: Moderate,1,1,
38128,2023-01-11 03:23:00,40.881687,-73.90283,1,0,Alcohol Involvement,4598554,3.3,-1.5,0.0,0.0,0.0,0.0,3,13.2,23.4,50,Overcast,1,1,
38129,2021-06-16 08:40:00,40.691704,-73.94849,1,0,Following Too Closely,4428373,23.1,15.1,0.0,0.0,0.0,0.0,1,20.2,40.0,317,Mainly clear,1,1,Sunny/Clear Conditions
38130,2021-06-17 21:30:00,40.584923,-73.982,0,0,Driver Inattention/Distraction,4429270,23.9,12.1,0.0,0.0,0.0,0.0,3,13.4,27.4,311,Overcast,0,0,
38131,2021-06-16 14:00:00,40.71699,-73.82402,1,0,Driver Inattention/Distraction,4428951,23.1,15.1,0.0,0.0,0.0,0.0,1,20.2,40.0,317,Mainly clear,1,1,Sunny/Clear Conditions
38132,2021-06-18 10:10:00,40.619686,-74.03844,0,0,Unspecified,4428526,27.4,13.8,0.0,0.0,0.0,0.0,3,20.5,40.3,210,Overcast,0,0,
38133,2021-06-17 23:59:00,40.8523,-73.91189,0,0,Driver Inattention/Distraction,4428307,23.9,12.1,0.0,0.0,0.0,0.0,3,13.4,27.4,311,Overcast,0,0,
38134,2021-06-18 15:00:00,40.666893,-73.80546,0,0,Unsafe Lane Changing,4429194,27.4,13.8,0.0,0.0,0.0,0.0,3,20.5,40.3,210,Overcast,0,0,
38135,2021-06-17 17:40:00,40.695957,-73.742744,0,0,Following Too Closely,4428205,23.9,12.1,0.0,0.0,0.0,0.0,3,13.4,27.4,311,Overcast,0,0,
38136,2021-06-16 12:45:00,40.69936,-73.775024,0,0,Passing Too Closely,4427929,23.1,15.1,0.0,0.0,0.0,0.0,1,20.2,40.0,317,Mainly clear,0,0,Sunny/Clear Conditions
38137,2021-06-18 13:40:00,40.714928,-74.00795,1,0,Passing or Lane Usage Improper,4428481,27.4,13.8,0.0,0.0,0.0,0.0,3,20.5,40.3,210,Overcast,1,1,
38138,2021-06-17 08:40:00,40.72495,-73.99492,1,0,Driver Inattention/Distraction,4429244,23.9,12.1,0.0,0.0,0.0,0.0,3,13.4,27.4,311,Overcast,1,1,
38139,2021-06-17 12:15:00,40.721462,-73.75013,0,0,Unspecified,4428198,23.9,12.1,0.0,0.0,0.0,0.0,3,13.4,27.4,311,Overcast,0,0,
38140,2021-06-16 14:00:00,40.667885,-73.97413,0,0,Driver Inattention/Distraction,4428063,23.1,15.1,0.0,0.0,0.0,0.0,1,20.2,40.0,317,Mainly clear,0,0,Sunny/Clear Conditions
38141,2021-06-16 05:50:00,40.856045,-73.84395,0,0,Unspecified,4427631,23.1,15.1,0.0,0.0,0.0,0.0,1,20.2,40.0,317,Mainly clear,0,0,Sunny/Clear Conditions
38142,2021-06-17 09:30:00,40.69775,-73.81393,2,0,Following Too Closely,4428142,23.9,12.1,0.0,0.0,0.0,0.0,3,13.4,27.4,311,Overcast,2,2,
38143,2021-05-31 17:25:00,40.66172,-73.914536,3,0,Unspecified,4428894,20.3,9.3,0.7,0.7,0.0,5.0,51,20.9,40.7,318,Drizzle: Light,3,3,
38144,2021-06-17 13:00:00,40.762287,-73.97027,0,0,Passing Too Closely,4428423,23.9,12.1,0.0,0.0,0.0,0.0,3,13.4,27.4,311,Overcast,0,0,
38145,2021-06-18 00:46:00,40.684937,-73.91014,1,0,Failure to Yield Right-of-Way,4428349,27.4,13.8,0.0,0.0,0.0,0.0,3,20.5,40.3,210,Overcast,1,1,
38146,2021-06-17 08:30:00,40.792725,-73.973206,0,0,Backing Unsafely,4428097,23.9,12.1,0.0,0.0,0.0,0.0,3,13.4,27.4,311,Overcast,0,0,
38147,2021-06-16 18:20:00,40.745983,-73.95301,0,0,Driver Inattention/Distraction,4427855,23.1,15.1,0.0,0.0,0.0,0.0,1,20.2,40.0,317,Mainly clear,0,0,Sunny/Clear Conditions
38148,2021-06-18 17:20:00,40.603188,-74.06724,0,0,Driver Inattention/Distraction,4428576,27.4,13.8,0.0,0.0,0.0,0.0,3,20.5,40.3,210,Overcast,0,0,
38149,2021-06-18 23:30:00,40.776897,-73.97547,1,0,Driver Inattention/Distraction,4429018,27.4,13.8,0.0,0.0,0.0,0.0,3,20.5,40.3,210,Overcast,1,1,
38150,2021-06-16 15:03:00,40.88273,-73.91606,0,0,Unspecified,4427767,23.1,15.1,0.0,0.0,0.0,0.0,1,20.2,40.0,317,Mainly clear,0,0,Sunny/Clear Conditions
38151,2021-06-03 23:45:00,40.856358,-73.826515,0,0,Unsafe Speed,4428584,23.0,13.2,11.9,11.9,0.0,10.0,63,13.6,38.9,165,Rain: Moderate,0,0,
38152,2021-06-14 12:05:00,40.739166,-73.97997,1,0,Traffic Control Disregarded,4428391,21.4,17.5,21.7,21.7,0.0,11.0,65,21.1,48.6,154,Rain: Heavy,1,1,
38153,2021-06-18 15:49:00,40.674934,-73.80186,0,0,Unsafe Lane Changing,4428658,27.4,13.8,0.0,0.0,0.0,0.0,3,20.5,40.3,210,Overcast,0,0,
38154,2021-06-16 19:45:00,40.839294,-73.88418,1,0,Driver Inattention/Distraction,4429329,23.1,15.1,0.0,0.0,0.0,0.0,1,20.2,40.0,317,Mainly clear,1,1,Sunny/Clear Conditions
38155,2021-06-17 22:30:00,40.671566,-73.78466,1,0,Reaction to Uninvolved Vehicle,4428408,23.9,12.1,0.0,0.0,0.0,0.0,3,13.4,27.4,311,Overcast,1,1,
38156,2021-06-18 13:45:00,40.661232,-73.87957,0,0,Driver Inattention/Distraction,4428602,27.4,13.8,0.0,0.0,0.0,0.0,3,20.5,40.3,210,Overcast,0,0,
38157,2021-05-27 15:52:00,40.70245,-73.92693,0,0,Backing Unsafely,4428344,27.4,18.3,2.4,2.4,0.0,3.0,61,23.5,42.1,313,Rain: Light,0,0,
38158,2021-06-17 23:11:00,40.700436,-73.81534,1,0,Driver Inattention/Distraction,4428507,23.9,12.1,0.0,0.0,0.0,0.0,3,13.4,27.4,311,Overcast,1,1,
38159,2021-06-16 16:43:00,40.76452,-73.98078,0,0,Backing Unsafely,4427963,23.1,15.1,0.0,0.0,0.0,0.0,1,20.2,40.0,317,Mainly clear,0,0,Sunny/Clear Conditions
38160,2021-06-17 20:45:00,40.86223,-73.91116,0,0,Unspecified,4428449,23.9,12.1,0.0,0.0,0.0,0.0,3,13.4,27.4,311,Overcast,0,0,
38161,2021-06-16 20:00:00,40.611313,-74.09844,2,0,Passenger Distraction,4429069,23.1,15.1,0.0,0.0,0.0,0.0,1,20.2,40.0,317,Mainly clear,2,2,Sunny/Clear Conditions
38162,2021-06-17 18:00:00,40.833393,-73.89806,0,0,Other Vehicular,4428810,23.9,12.1,0.0,0.0,0.0,0.0,3,13.4,27.4,311,Overcast,0,0,
38163,2021-06-16 10:00:00,40.643005,-74.00533,0,0,Unspecified,4428607,23.1,15.1,0.0,0.0,0.0,0.0,1,20.2,40.0,317,Mainly clear,0,0,Sunny/Clear Conditions
38164,2021-06-17 06:30:00,40.837402,-73.84896,0,0,Unspecified,4428589,23.9,12.1,0.0,0.0,0.0,0.0,3,13.4,27.4,311,Overcast,0,0,
38165,2021-06-17 19:21:00,40.743893,-73.9717,1,0,Driver Inattention/Distraction,4428466,23.9,12.1,0.0,0.0,0.0,0.0,3,13.4,27.4,311,Overcast,1,1,
38166,2021-06-18 14:15:00,40.68792,-73.98025,2,0,Unspecified,4429048,27.4,13.8,0.0,0.0,0.0,0.0,3,20.5,40.3,210,Overcast,2,2,
38167,2021-06-17 09:40:00,40.679565,-73.93436,0,0,Unspecified,4428121,23.9,12.1,0.0,0.0,0.0,0.0,3,13.4,27.4,311,Overcast,0,0,
38168,2021-06-18 11:47:00,0.0,0.0,0,0,Unsafe Lane Changing,4428571,27.4,13.8,0.0,0.0,0.0,0.0,3,20.5,40.3,210,Overcast,0,0,
38169,2021-06-16 22:25:00,40.88534,-73.895096,1,0,Pedestrian/Bicyclist/Other Pedestrian Error/Confusion,4428033,23.1,15.1,0.0,0.0,0.0,0.0,1,20.2,40.0,317,Mainly clear,1,1,Sunny/Clear Conditions
38170,2021-06-10 15:55:00,40.825687,-73.86102,1,0,Unspecified,4428405,26.7,16.8,0.0,0.0,0.0,0.0,3,20.9,40.3,78,Overcast,1,1,
38171,2021-06-16 11:59:00,40.667915,-73.95606,0,0,Driver Inattention/Distraction,4427896,23.1,15.1,0.0,0.0,0.0,0.0,1,20.2,40.0,317,Mainly clear,0,0,Sunny/Clear Conditions
38172,2021-06-17 07:00:00,40.762386,-73.911804,1,0,Unspecified,4428835,23.9,12.1,0.0,0.0,0.0,0.0,3,13.4,27.4,311,Overcast,1,1,
38173,2021-06-17 23:28:00,40.594616,-73.99743,0,0,Following Too Closely,4428716,23.9,12.1,0.0,0.0,0.0,0.0,3,13.4,27.4,311,Overcast,0,0,
38174,2021-06-17 23:10:00,40.759624,-73.970085,0,0,Driver Inattention/Distraction,4428535,23.9,12.1,0.0,0.0,0.0,0.0,3,13.4,27.4,311,Overcast,0,0,
38175,2021-06-17 01:00:00,40.54814,-74.17559,0,0,View Obstructed/Limited,4428434,23.9,12.1,0.0,0.0,0.0,0.0,3,13.4,27.4,311,Overcast,0,0,
38176,2021-06-16 01:50:00,40.618526,-74.11819,0,0,Unspecified,4429063,23.1,15.1,0.0,0.0,0.0,0.0,1,20.2,40.0,317,Mainly clear,0,0,Sunny/Clear Conditions
38177,2021-06-17 17:00:00,40.669228,-73.9556,1,0,Driver Inattention/Distraction,4428250,23.9,12.1,0.0,0.0,0.0,0.0,3,13.4,27.4,311,Overcast,1,1,
38178,2021-06-16 20:12:00,40.83577,-73.88655,0,0,Backing Unsafely,4427908,23.1,15.1,0.0,0.0,0.0,0.0,1,20.2,40.0,317,Mainly clear,0,0,Sunny/Clear Conditions
38179,2021-06-16 16:23:00,40.631756,-73.989716,0,0,Unspecified,4429273,23.1,15.1,0.0,0.0,0.0,0.0,1,20.2,40.0,317,Mainly clear,0,0,Sunny/Clear Conditions
38180,2021-06-17 09:30:00,40.72045,-73.95271,0,0,Driver Inattention/Distraction,4428264,23.9,12.1,0.0,0.0,0.0,0.0,3,13.4,27.4,311,Overcast,0,0,
38181,2021-06-18 22:54:00,40.659668,-73.99518,1,0,Other Vehicular,4428722,27.4,13.8,0.0,0.0,0.0,0.0,3,20.5,40.3,210,Overcast,1,1,
38182,2021-06-12 03:58:00,40.71319,-73.91078,0,0,Driver Inattention/Distraction,4428471,21.2,16.4,0.4,0.4,0.0,3.0,51,15.5,31.3,112,Drizzle: Light,0,0,
38183,2021-06-15 11:29:00,40.751575,-73.982285,0,0,Backing Unsafely,4429129,25.1,17.4,1.0,1.0,0.0,4.0,53,17.7,33.8,295,Drizzle: Moderate,0,0,