,CRASH DATETIME,LATITUDE,LONGITUDE,NUMBER OF PERSONS INJURED,NUMBER OF PERSONS KILLED,CONTRIBUTING FACTOR VEHICLE 1,COLLISION_ID,temperature_2m_max,temperature_2m_min,precipitation_sum,rain_sum,snowfall_sum,precipitation_hours,weather_code,wind_speed_10m_max,wind_gusts_10m_max,wind_direction_10m_dominant,Weather Description,Severity_Score,Total_Affected_Persons,Weather_Category
38184,2021-06-17 10:50:00,40.854168,-73.93371,0,0,Unspecified,4428376,23.9,12.1,0.0,0.0,0.0,0.0,3,13.4,27.4,311,Overcast,0,0,
38185,2021-06-17 00:58:00,40.678364,-73.90822,0,0,Unspecified,4428867,23.9,12.1,0.0,0.0,0.0,0.0,3,13.4,27.4,311,Overcast,0,0,
38186,2021-06-16 17:25:00,40.697556,-73.852776,1,0,Traffic Control Disregarded,4428012,23.1,15.1,0.0,0.0,0.0,0.0,1,20.2,40.0,317,Mainly clear,1,1,Sunny/Clear Conditions
38187,2021-06-18 04:58:00,40.648922,-73.94938,0,0,Driver Inexperience,4428768,27.4,13.8,0.0,0.0,0.0,0.0,3,20.5,40.3,210,Overcast,0,0,
38188,2021-06-16 00:00:00,40.666393,-73.75177,0,0,Driver Inattention/Distraction,4427792,23.1,15.1,0.0,0.0,0.0,0.0,1,20.2,40.0,317,Mainly clear,0,0,Sunny/Clear Conditions
38189,2021-06-18 17:42:00,40.683777,-73.76975,0,0,Unspecified,4428646,27.4,13.8,0.0,0.0,0.0,0.0,3,20.5,40.3,210,Overcast,0,0,
38190,2021-06-14 09:30:00,40.734818,-73.98865,0,0,Unspecified,4428475,21.4,17.5,21.7,21.7,0.0,11.0,65,21.1,48.6,154,Rain: Heavy,0,0,
38191,2021-06-18 22:30:00,40.75254,-73.85261,0,0,Driver Inattention/Distraction,4429247,27.4,13.8,0.0,0.0,0.0,0.0,3,20.5,40.3,210,Overcast,0,0,
38192,2021-06-18 09:20:00,40.6687,-73.9965,1,0,Passing Too Closely,4428498,27.4,13.8,0.0,0.0,0.0,0.0,3,20.5,40.3,210,Overcast,1,1,
38193,2021-06-17 19:55:00,40.669895,-73.909386,0,0,Backing Unsafely,4428903,23.9,12.1,0.0,0.0,0.0,0.0,3,13.4,27.4,311,Overcast,0,0,
38194,2021-06-18 11:30:00,40.665485,-73.75137,1,0,Unspecified,4428618,27.4,13.8,0.0,0.0,0.0,0.0,3,20.5,40.3,210,Overcast,1,1,
38195,2021-06-16 09:45:00,40.82924,-73.93484,2,0,Unsafe Speed,4427834,23.1,15.1,0.0,0.0,0.0,0.0,1,20.2,40.0,317,Mainly clear,2,2,Sunny/Clear Conditions
38196,2021-05-19 17:00:00,40.68039,-73.94956,1,0,Following Too Closely,4428563,28.2,13.6,0.0,0.0,0.0,0.0,3,19.6,40.3,337,Overcast,1,1,
38197,2021-06-18 22:15:00,40.575512,-73.98241,4,0,Unsafe Speed,4429289,27.4,13.8,0.0,0.0,0.0,0.0,3,20.5,40.3,210,Overcast,4,4,
38198,2021-06-16 18:02:00,40.68502,-73.97123,0,0,Driver Inattention/Distraction,4428191,23.1,15.1,0.0,0.0,0.0,0.0,1,20.2,40.0,317,Mainly clear,0,0,Sunny/Clear Conditions
38199,2021-06-16 08:00:00,40.780537,-73.958084,0,0,Driver Inattention/Distraction,4427709,23.1,15.1,0.0,0.0,0.0,0.0,1,20.2,40.0,317,Mainly clear,0,0,Sunny/Clear Conditions
38200,2021-06-18 14:48:00,40.585197,-73.95289,0,0,Driver Inattention/Distraction,4428636,27.4,13.8,0.0,0.0,0.0,0.0,3,20.5,40.3,210,Overcast,0,0,
38201,2021-06-16 16:24:00,40.84675,-73.848724,1,0,Driver Inattention/Distraction,4428166,23.1,15.1,0.0,0.0,0.0,0.0,1,20.2,40.0,317,Mainly clear,1,1,Sunny/Clear Conditions
38202,2021-06-16 15:51:00,40.71546,-74.00594,0,0,Unspecified,4427949,23.1,15.1,0.0,0.0,0.0,0.0,1,20.2,40.0,317,Mainly clear,0,0,Sunny/Clear Conditions
38203,2021-06-18 15:49:00,40.584003,-73.93588,0,0,Driver Inattention/Distraction,4428640,27.4,13.8,0.0,0.0,0.0,0.0,3,20.5,40.3,210,Overcast,0,0,
38204,2021-06-18 15:00:00,40.67695,-73.93675,0,0,Driver Inattention/Distraction,4428959,27.4,13.8,0.0,0.0,0.0,0.0,3,20.5,40.3,210,Overcast,0,0,
38205,2021-06-14 23:08:00,40.642548,-74.016655,0,0,Driver Inexperience,4429155,21.4,17.5,21.7,21.7,0.0,11.0,65,21.1,48.6,154,Rain: Heavy,0,0,
38206,2021-06-16 23:30:00,40.73295,-73.85217,0,0,Failure to Yield Right-of-Way,4427872,23.1,15.1,0.0,0.0,0.0,0.0,1,20.2,40.0,317,Mainly clear,0,0,Sunny/Clear Conditions
38207,2021-06-17 19:30:00,40.582195,-74.1103,0,0,Following Too Closely,4428232,23.9,12.1,0.0,0.0,0.0,0.0,3,13.4,27.4,311,Overcast,0,0,
38208,2021-06-17 12:30:00,40.782703,-73.97123,0,0,Driver Inattention/Distraction,4429089,23.9,12.1,0.0,0.0,0.0,0.0,3,13.4,27.4,311,Overcast,0,0,
38209,2021-06-12 06:30:00,40.85476,-73.86294,0,0,Driver Inexperience,4428694,21.2,16.4,0.4,0.4,0.0,3.0,51,15.5,31.3,112,Drizzle: Light,0,0,
38210,2021-06-17 20:54:00,40.841843,-73.94539,0,0,Driver Inattention/Distraction,4428327,23.9,12.1,0.0,0.0,0.0,0.0,3,13.4,27.4,311,Overcast,0,0,
38211,2021-06-17 14:00:00,40.6698,-73.89634,1,0,Unspecified,4428135,23.9,12.1,0.0,0.0,0.0,0.0,3,13.4,27.4,311,Overcast,1,1,
38212,2021-06-17 19:40:00,40.687534,-73.9775,0,0,Unsafe Lane Changing,4428213,23.9,12.1,0.0,0.0,0.0,0.0,3,13.4,27.4,311,Overcast,0,0,
38213,2021-06-16 16:40:00,40.591187,-73.940125,0,0,Unspecified,4429218,23.1,15.1,0.0,0.0,0.0,0.0,1,20.2,40.0,317,Mainly clear,0,0,Sunny/Clear Conditions
38214,2021-06-16 16:00:00,40.69577,-73.788246,0,0,Reaction to Uninvolved Vehicle,4427796,23.1,15.1,0.0,0.0,0.0,0.0,1,20.2,40.0,317,Mainly clear,0,0,Sunny/Clear Conditions
38215,2021-06-16 16:05:00,40.542423,-74.14592,3,0,Failure to Yield Right-of-Way,4427838,23.1,15.1,0.0,0.0,0.0,0.0,1,20.2,40.0,317,Mainly clear,3,3,Sunny/Clear Conditions
38216,2021-06-15 19:22:00,40.8485,-73.820496,0,0,Unspecified,4428599,25.1,17.4,1.0,1.0,0.0,4.0,53,17.7,33.8,295,Drizzle: Moderate,0,0,
38217,2021-06-17 09:50:00,0.0,0.0,0,0,Unspecified,4428805,23.9,12.1,0.0,0.0,0.0,0.0,3,13.4,27.4,311,Overcast,0,0,
38218,2021-06-17 00:07:00,40.689407,-73.913956,1,0,Unsafe Speed,4427994,23.9,12.1,0.0,0.0,0.0,0.0,3,13.4,27.4,311,Overcast,1,1,
38219,2021-06-17 18:05:00,40.748222,-73.943886,0,0,Driver Inattention/Distraction,4428236,23.9,12.1,0.0,0.0,0.0,0.0,3,13.4,27.4,311,Overcast,0,0,
38220,2021-06-16 20:21:00,40.680542,-73.99466,0,0,Unspecified,4428359,23.1,15.1,0.0,0.0,0.0,0.0,1,20.2,40.0,317,Mainly clear,0,0,Sunny/Clear Conditions
38221,2021-06-16 08:15:00,40.785343,-73.95764,1,0,Driver Inattention/Distraction,4427707,23.1,15.1,0.0,0.0,0.0,0.0,1,20.2,40.0,317,Mainly clear,1,1,Sunny/Clear Conditions
38222,2021-06-15 08:35:00,40.732403,-74.0102,1,0,Backing Unsafely,4428503,25.1,17.4,1.0,1.0,0.0,4.0,53,17.7,33.8,295,Drizzle: Moderate,1,1,
38223,2021-06-17 11:50:00,40.70753,-73.96443,0,0,Driver Inexperience,4428280,23.9,12.1,0.0,0.0,0.0,0.0,3,13.4,27.4,311,Overcast,0,0,
38224,2021-06-18 20:52:00,40.686104,-73.794586,0,0,Passing or Lane Usage Improper,4428653,27.4,13.8,0.0,0.0,0.0,0.0,3,20.5,40.3,210,Overcast,0,0,
38225,2021-06-17 23:25:00,40.761036,-73.98702,0,0,Following Too Closely,4428420,23.9,12.1,0.0,0.0,0.0,0.0,3,13.4,27.4,311,Overcast,0,0,
38226,2021-06-17 18:22:00,40.693825,-73.93422,0,0,Unspecified,4428874,23.9,12.1,0.0,0.0,0.0,0.0,3,13.4,27.4,311,Overcast,0,0,
38227,2021-06-16 14:00:00,40.847412,-73.93331,0,0,Unspecified,4428381,23.1,15.1,0.0,0.0,0.0,0.0,1,20.2,40.0,317,Mainly clear,0,0,Sunny/Clear Conditions
38228,2021-06-16 18:07:00,40.77175,-73.94916,0,0,Driver Inattention/Distraction,4427914,23.1,15.1,0.0,0.0,0.0,0.0,1,20.2,40.0,317,Mainly clear,0,0,Sunny/Clear Conditions
38229,2021-06-17 13:50:00,40.682983,-73.88157,0,0,Unspecified,4428246,23.9,12.1,0.0,0.0,0.0,0.0,3,13.4,27.4,311,Overcast,0,0,
38230,2021-06-18 10:40:00,40.710533,-73.95514,0,0,Oversized Vehicle,4428388,27.4,13.8,0.0,0.0,0.0,0.0,3,20.5,40.3,210,Overcast,0,0,
38231,2021-06-17 23:30:00,40.658413,-74.00357,1,0,Traffic Control Disregarded,4428494,23.9,12.1,0.0,0.0,0.0,0.0,3,13.4,27.4,311,Overcast,1,1,
38232,2021-06-18 20:30:00,40.629795,-74.074715,0,0,Unspecified,4429078,27.4,13.8,0.0,0.0,0.0,0.0,3,20.5,40.3,210,Overcast,0,0,
38233,2021-06-17 18:51:00,40.732838,-74.00213,0,0,Driver Inattention/Distraction,4428831,23.9,12.1,0.0,0.0,0.0,0.0,3,13.4,27.4,311,Overcast,0,0,
38234,2021-06-17 21:50:00,40.716385,-73.96143,0,0,Unspecified,4428268,23.9,12.1,0.0,0.0,0.0,0.0,3,13.4,27.4,311,Overcast,0,0,
38235,2021-06-17 08:00:00,40.697582,-73.94965,0,0,Unspecified,4428566,23.9,12.1,0.0,0.0,0.0,0.0,3,13.4,27.4,311,Overcast,0,0,
38236,2021-06-17 14:45:00,40.73372,-73.766365,0,0,Unspecified,4428462,23.9,12.1,0.0,0.0,0.0,0.0,3,13.4,27.4,311,Overcast,0,0,
38237,2021-06-18 08:00:00,40.71071,-73.793045,0,0,Turning Improperly,4428990,27.4,13.8,0.0,0.0,0.0,0.0,3,20.5,40.3,210,Overcast,0,0,
38238,2021-06-16 11:43:00,40.852486,-73.927704,0,0,Driver Inattention/Distraction,4427757,23.1,15.1,0.0,0.0,0.0,0.0,1,20.2,40.0,317,Mainly clear,0,0,Sunny/Clear Conditions
38239,2021-06-09 16:29:00,40.735462,-73.91749,0,0,Backing Unsafely,4428705,30.2,21.4,1.1,1.1,0.0,5.0,51,11.7,28.1,286,Drizzle: Light,0,0,
38240,2021-06-17 10:10:00,40.667564,-73.89478,0,0,Driver Inattention/Distraction,4428244,23.9,12.1,0.0,0.0,0.0,0.0,3,13.4,27.4,311,Overcast,0,0,
38241,2021-06-11 11:29:00,40.716484,-73.95704,1,0,Driver Inattention/Distraction,4428633,20.7,15.3,1.2,1.2,0.0,3.0,53,13.2,27.0,97,Drizzle: Moderate,1,1,
38242,2021-06-17 14:10:00,40.69822,-73.943954,1,0,Driver Inattention/Distraction,4428579,23.9,12.1,0.0,0.0,0.0,0.0,3,13.4,27.4,311,Overcast,1,1,
38243,2021-06-18 23:25:00,40.730103,-73.98657,0,0,Driver Inattention/Distraction,4429283,27.4,13.8,0.0,0.0,0.0,0.0,3,20.5,40.3,210,Overcast,0,0,
38244,2021-06-17 17:30:00,40.641514,-73.91741,3,0,Other Vehicular,4428531,23.9,12.1,0.0,0.0,0.0,0.0,3,13.4,27.4,311,Overcast,3,3,
38245,2021-06-16 18:50:00,40.65591,-73.89191,0,0,Other Vehicular,4427955,23.1,15.1,0.0,0.0,0.0,0.0,1,20.2,40.0,317,Mainly clear,0,0,Sunny/Clear Conditions
38246,2021-06-17 15:30:00,40.755222,-73.96135,0,0,Driver Inattention/Distraction,4428518,23.9,12.1,0.0,0.0,0.0,0.0,3,13.4,27.4,311,Overcast,0,0,
38247,2021-06-10 15:30:00,40.730045,-73.802376,0,0,Aggressive Driving/Road Rage,4428920,26.7,16.8,0.0,0.0,0.0,0.0,3,20.9,40.3,78,Overcast,0,0,
38248,2021-06-16 08:43:00,40.83516,-73.94561,0,0,Passing Too Closely,4427688,23.1,15.1,0.0,0.0,0.0,0.0,1,20.2,40.0,317,Mainly clear,0,0,Sunny/Clear Conditions
38249,2021-06-18 12:45:00,40.818794,-73.92213,0,0,Unspecified,4428673,27.4,13.8,0.0,0.0,0.0,0.0,3,20.5,40.3,210,Overcast,0,0,
38250,2021-06-16 09:30:00,40.632435,-73.88818,1,0,Failure to Yield Right-of-Way,4427846,23.1,15.1,0.0,0.0,0.0,0.0,1,20.2,40.0,317,Mainly clear,1,1,Sunny/Clear Conditions
38251,2021-06-16 23:00:00,40.8451,-73.91878,0,0,Driver Inattention/Distraction,4427984,23.1,15.1,0.0,0.0,0.0,0.0,1,20.2,40.0,317,Mainly clear,0,0,Sunny/Clear Conditions
38252,2021-06-18 17:26:00,40.868546,-73.88832,0,0,Unspecified,4429175,27.4,13.8,0.0,0.0,0.0,0.0,3,20.5,40.3,210,Overcast,0,0,
38253,2021-06-17 15:01:00,40.700813,-73.95447,1,0,Driver Inattention/Distraction,4428298,23.9,12.1,0.0,0.0,0.0,0.0,3,13.4,27.4,311,Overcast,1,1,
38254,2021-06-14 18:00:00,40.757874,-73.91769,0,0,Unspecified,4429254,21.4,17.5,21.7,21.7,0.0,11.0,65,21.1,48.6,154,Rain: Heavy,0,0,
38255,2021-06-17 19:26:00,40.67652,-73.73711,2,0,Unspecified,4428217,23.9,12.1,0.0,0.0,0.0,0.0,3,13.4,27.4,311,Overcast,2,2,
38256,2021-06-18 05:30:00,40.830063,-73.844284,0,0,Unspecified,4428364,27.4,13.8,0.0,0.0,0.0,0.0,3,20.5,40.3,210,Overcast,0,0,
38257,2021-06-18 16:25:00,40.689228,-73.9847,0,0,Unspecified,4428489,27.4,13.8,0.0,0.0,0.0,0.0,3,20.5,40.3,210,Overcast,0,0,
38258,2021-06-18 14:30:00,40.667313,-73.73926,1,0,Unspecified,4428513,27.4,13.8,0.0,0.0,0.0,0.0,3,20.5,40.3,210,Overcast,1,1,
38259,2021-06-16 12:30:00,40.646378,-73.97085,1,0,Passing or Lane Usage Improper,4427940,23.1,15.1,0.0,0.0,0.0,0.0,1,20.2,40.0,317,Mainly clear,1,1,Sunny/Clear Conditions
38260,2021-06-18 12:17:00,40.827393,-73.85159,0,0,Unsafe Speed,4428415,27.4,13.8,0.0,0.0,0.0,0.0,3,20.5,40.3,210,Overcast,0,0,
38261,2021-06-16 14:00:00,40.620502,-73.998604,0,0,Driver Inattention/Distraction,4427780,23.1,15.1,0.0,0.0,0.0,0.0,1,20.2,40.0,317,Mainly clear,0,0,Sunny/Clear Conditions
38262,2021-06-15 21:00:00,40.720898,-73.823456,0,0,Unspecified,4428941,25.1,17.4,1.0,1.0,0.0,4.0,53,17.7,33.8,295,Drizzle: Moderate,0,0,
38263,2021-06-03 23:35:00,40.761272,-73.95571,0,0,Driver Inattention/Distraction,4428913,23.0,13.2,11.9,11.9,0.0,10.0,63,13.6,38.9,165,Rain: Moderate,0,0,
38264,2021-06-16 23:05:00,40.865257,-73.9096,2,0,Driver Inexperience,4429216,23.1,15.1,0.0,0.0,0.0,0.0,1,20.2,40.0,317,Mainly clear,2,2,Sunny/Clear Conditions
38265,2021-06-15 09:50:00,40.746906,-73.90161,0,0,Driver Inattention/Distraction,4428883,25.1,17.4,1.0,1.0,0.0,4.0,53,17.7,33.8,295,Drizzle: Moderate,0,0,
38266,2021-06-17 05:26:00,40.670074,-73.90818,0,0,Unspecified,4428115,23.9,12.1,0.0,0.0,0.0,0.0,3,13.4,27.4,311,Overcast,0,0,
38267,2021-06-17 23:50:00,40.729553,-73.91188,1,0,Driver Inattention/Distraction,4428383,23.9,12.1,0.0,0.0,0.0,0.0,3,13.4,27.4,311,Overcast,1,1,
38268,2021-06-16 21:16:00,40.848957,-73.86024,1,0,Failure to Yield Right-of-Way,4428071,23.1,15.1,0.0,0.0,0.0,0.0,1,20.2,40.0,317,Mainly clear,1,1,Sunny/Clear Conditions
38269,2021-06-17 19:30:00,40.724693,-73.7541,0,0,Driver Inattention/Distraction,4428545,23.9,12.1,0.0,0.0,0.0,0.0,3,13.4,27.4,311,Overcast,0,0,
38270,2021-06-15 14:12:00,40.8398,-73.928665,0,0,Failure to Yield Right-of-Way,4428368,25.1,17.4,1.0,1.0,0.0,4.0,53,17.7,33.8,295,Drizzle: Moderate,0,0,
38271,2021-06-16 18:00:00,40.713207,-73.97739,1,0,Driver Inattention/Distraction,4427879,23.1,15.1,0.0,0.0,0.0,0.0,1,20.2,40.0,317,Mainly clear,1,1,Sunny/Clear Conditions
38272,2021-06-17 13:32:00,40.835297,-73.91291,1,0,Unsafe Lane Changing,4428272,23.9,12.1,0.0,0.0,0.0,0.0,3,13.4,27.4,311,Overcast,1,1,
38273,2021-06-18 04:10:00,40.631615,-74.016335,0,0,Reaction to Uninvolved Vehicle,4428474,27.4,13.8,0.0,0.0,0.0,0.0,3,20.5,40.3,210,Overcast,0,0,
38274,2021-06-14 20:50:00,40.613564,-74.07918,0,0,Unspecified,4429054,21.4,17.5,21.7,21.7,0.0,11.0,65,21.1,48.6,154,Rain: Heavy,0,0,
38275,2021-06-16 18:00:00,40.86661,-73.90121,1,0,,4428457,23.1,15.1,0.0,0.0,0.0,0.0,1,20.2,40.0,317,Mainly clear,1,1,Sunny/Clear Conditions
38276,2021-06-16 17:10:00,40.679276,-73.92906,0,0,Driver Inattention/Distraction,4427863,23.1,15.1,0.0,0.0,0.0,0.0,1,20.2,40.0,317,Mainly clear,0,0,Sunny/Clear Conditions
38277,2021-06-18 11:00:00,40.72499,-73.94945,0,0,Passing or Lane Usage Improper,4428400,27.4,13.8,0.0,0.0,0.0,0.0,3,20.5,40.3,210,Overcast,0,0,
38278,2021-06-16 14:30:00,40.8218,-73.87664,1,0,Unspecified,4428026,23.1,15.1,0.0,0.0,0.0,0.0,1,20.2,40.0,317,Mainly clear,1,1,Sunny/Clear Conditions
38279,2021-06-17 17:04:00,40.818638,-73.81003,0,0,Unspecified,4428597,23.9,12.1,0.0,0.0,0.0,0.0,3,13.4,27.4,311,Overcast,0,0,
38280,2021-06-11 10:45:00,40.6298,-73.91837,1,0,Driver Inattention/Distraction,4429167,20.7,15.3,1.2,1.2,0.0,3.0,53,13.2,27.0,97,Drizzle: Moderate,1,1,
38281,2021-06-18 15:32:00,40.67253,-73.89152,0,0,Unspecified,4428615,27.4,13.8,0.0,0.0,0.0,0.0,3,20.5,40.3,210,Overcast,0,0,
38282,2021-06-18 17:50:00,40.73765,-73.90557,0,0,Unspecified,4428499,27.4,13.8,0.0,0.0,0.0,0.0,3,20.5,40.3,210,Overcast,0,0,
38283,2021-06-17 10:48:00,40.8339,-73.883514,0,0,Driver Inattention/Distraction,4428413,23.9,12.1,0.0,0.0,0.0,0.0,3,13.4,27.4,311,Overcast,0,0,
38284,2021-06-18 18:55:00,40.844715,-73.91228,0,0,Other Vehicular,4428736,27.4,13.8,0.0,0.0,0.0,0.0,3,20.5,40.3,210,Overcast,0,0,
38285,2021-06-17 15:00:00,40.678543,-73.949684,0,0,Passing or Lane Usage Improper,4428967,23.9,12.1,0.0,0.0,0.0,0.0,3,13.4,27.4,311,Overcast,0,0,
38286,2021-06-16 18:30:00,40.763546,-73.88209,0,0,Unspecified,4428051,23.1,15.1,0.0,0.0,0.0,0.0,1,20.2,40.0,317,Mainly clear,0,0,Sunny/Clear Conditions
38287,2021-06-16 15:18:00,40.70712,-73.94551,1,0,Driver Inattention/Distraction,4427885,23.1,15.1,0.0,0.0,0.0,0.0,1,20.2,40.0,317,Mainly clear,1,1,Sunny/Clear Conditions
38288,2021-06-07 09:50:00,40.58667,-73.966156,0,0,Unspecified,4429259,31.0,20.7,0.1,0.1,0.0,1.0,51,16.5,34.9,204,Drizzle: Light,0,0,
38289,2021-06-17 22:55:00,40.754864,-73.85255,1,0,Driver Inattention/Distraction,4428278,23.9,12.1,0.0,0.0,0.0,0.0,3,13.4,27.4,311,Overcast,1,1,
38290,2021-06-18 20:30:00,40.83516,-73.94561,1,0,Failure to Yield Right-of-Way,4428881,27.4,13.8,0.0,0.0,0.0,0.0,3,20.5,40.3,210,Overcast,1,1,
38291,2021-06-14 16:16:00,40.66331,-73.92106,0,0,Unspecified,4428761,21.4,17.5,21.7,21.7,0.0,11.0,65,21.1,48.6,154,Rain: Heavy,0,0,
38292,2021-06-17 17:10:00,40.740856,-74.005165,1,0,Unspecified,4428506,23.9,12.1,0.0,0.0,0.0,0.0,3,13.4,27.4,311,Overcast,1,1,
38293,2021-06-05 13:05:00,40.680088,-73.94398,1,0,Failure to Yield Right-of-Way,4428629,31.3,17.3,0.0,0.0,0.0,0.0,2,20.9,43.9,247,Partly cloudy,1,1,
38294,2021-06-18 11:52:00,40.67227,-73.99935,0,0,Driver Inexperience,4429103,27.4,13.8,0.0,0.0,0.0,0.0,3,20.5,40.3,210,Overcast,0,0,
38295,2021-06-16 04:00:00,40.752975,-73.91024,1,0,Driver Inattention/Distraction,4428836,23.1,15.1,0.0,0.0,0.0,0.0,1,20.2,40.0,317,Mainly clear,1,1,Sunny/Clear Conditions
38296,2021-06-17 17:30:00,40.70307,-73.87864,3,0,Traffic Control Disregarded,4429111,23.9,12.1,0.0,0.0,0.0,0.0,3,13.4,27.4,311,Overcast,3,3,
38297,2021-06-18 12:55:00,40.539177,-74.19543,1,0,Passing or Lane Usage Improper,4428435,27.4,13.8,0.0,0.0,0.0,0.0,3,20.5,40.3,210,Overcast,1,1,
38298,2021-06-17 14:20:00,40.622643,-74.028435,0,0,Passing or Lane Usage Improper,4428223,23.9,12.1,0.0,0.0,0.0,0.0,3,13.4,27.4,311,Overcast,0,0,
38299,2021-06-09 10:00:00,40.666443,-73.924255,0,0,Unspecified,4428975,30.2,21.4,1.1,1.1,0.0,5.0,51,11.7,28.1,286,Drizzle: Light,0,0,
38300,2021-06-17 22:45:00,40.615005,-73.980225,1,0,Traffic Control Disregarded,4428715,23.9,12.1,0.0,0.0,0.0,0.0,3,13.4,27.4,311,Overcast,1,1,
38301,2021-06-16 09:10:00,40.838593,-73.83556,0,0,Driver Inattention/Distraction,4427776,23.1,15.1,0.0,0.0,0.0,0.0,1,20.2,40.0,317,Mainly clear,0,0,Sunny/Clear Conditions
38302,2021-06-17 17:24:00,40.678204,-73.72793,0,0,Driver Inattention/Distraction,4428203,23.9,12.1,0.0,0.0,0.0,0.0,3,13.4,27.4,311,Overcast,0,0,
38303,2021-06-16 11:00:00,40.68945,-73.85145,1,0,Failure to Yield Right-of-Way,4427749,23.1,15.1,0.0,0.0,0.0,0.0,1,20.2,40.0,317,Mainly clear,1,1,Sunny/Clear Conditions
38304,2021-06-17 19:35:00,40.613525,-74.11685,0,0,Driver Inattention/Distraction,4429073,23.9,12.1,0.0,0.0,0.0,0.0,3,13.4,27.4,311,Overcast,0,0,
38305,2021-06-17 09:16:00,40.67543,-73.73389,1,0,Unspecified,4428126,23.9,12.1,0.0,0.0,0.0,0.0,3,13.4,27.4,311,Overcast,1,1,
38306,2021-06-16 21:52:00,40.76161,-73.97076,2,0,Failure to Yield Right-of-Way,4427959,23.1,15.1,0.0,0.0,0.0,0.0,1,20.2,40.0,317,Mainly clear,2,2,Sunny/Clear Conditions
38307,2021-06-18 08:24:00,40.761166,-73.82938,0,0,Unspecified,4428575,27.4,13.8,0.0,0.0,0.0,0.0,3,20.5,40.3,210,Overcast,0,0,
38308,2021-06-16 06:00:00,40.730137,-73.92693,0,0,Driver Inattention/Distraction,4428260,23.1,15.1,0.0,0.0,0.0,0.0,1,20.2,40.0,317,Mainly clear,0,0,Sunny/Clear Conditions
38309,2021-06-17 17:20:00,40.764385,-73.96358,1,0,Driver Inattention/Distraction,4428303,23.9,12.1,0.0,0.0,0.0,0.0,3,13.4,27.4,311,Overcast,1,1,
38310,2021-06-16 23:40:00,40.74209,-73.984985,0,0,Driver Inattention/Distraction,4427999,23.1,15.1,0.0,0.0,0.0,0.0,1,20.2,40.0,317,Mainly clear,0,0,Sunny/Clear Conditions
38311,2021-06-16 12:13:00,40.868694,-73.90237,1,0,Passing or Lane Usage Improper,4427820,23.1,15.1,0.0,0.0,0.0,0.0,1,20.2,40.0,317,Mainly clear,1,1,Sunny/Clear Conditions
38312,2021-06-17 00:10:00,40.710842,-73.95237,1,0,Turning Improperly,4427898,23.9,12.1,0.0,0.0,0.0,0.0,3,13.4,27.4,311,Overcast,1,1,
38313,2021-06-17 00:00:00,40.84519,-73.9112,0,0,Driver Inattention/Distraction,4428315,23.9,12.1,0.0,0.0,0.0,0.0,3,13.4,27.4,311,Overcast,0,0,
38314,2021-06-16 15:15:00,40.851936,-73.91078,0,0,Unspecified,4427980,23.1,15.1,0.0,0.0,0.0,0.0,1,20.2,40.0,317,Mainly clear,0,0,Sunny/Clear Conditions
38315,2021-06-16 16:30:00,40.706593,-73.76161,0,0,Glare,4427934,23.1,15.1,0.0,0.0,0.0,0.0,1,20.2,40.0,317,Mainly clear,0,0,Sunny/Clear Conditions
38316,2021-04-26 18:00:00,40.817738,-73.924164,0,0,Unspecified,4428678,13.7,3.7,0.0,0.0,0.0,0.0,2,27.3,52.6,311,Partly cloudy,0,0,
38317,2021-06-16 14:00:00,0.0,0.0,1,0,Driver Inattention/Distraction,4428336,23.1,15.1,0.0,0.0,0.0,0.0,1,20.2,40.0,317,Mainly clear,1,1,Sunny/Clear Conditions
38318,2021-06-17 14:25:00,40.645794,-73.9602,1,0,Brakes Defective,4428796,23.9,12.1,0.0,0.0,0.0,0.0,3,13.4,27.4,311,Overcast,1,1,
38319,2021-06-18 23:05:00,40.659336,-73.92726,0,0,Reaction to Uninvolved Vehicle,4428775,27.4,13.8,0.0,0.0,0.0,0.0,3,20.5,40.3,210,Overcast,0,0,
38320,2021-06-16 11:55:00,40.79525,-73.97321,0,0,Driver Inattention/Distraction,4427732,23.1,15.1,0.0,0.0,0.0,0.0,1,20.2,40.0,317,Mainly clear,0,0,Sunny/Clear Conditions
38321,2021-06-18 16:25:00,40.775623,-73.952484,0,0,Driver Inattention/Distraction,4429232,27.4,13.8,0.0,0.0,0.0,0.0,3,20.5,40.3,210,Overcast,0,0,
38322,2021-06-16 04:00:00,40.84497,-73.90247,2,0,Driver Inattention/Distraction,4427675,23.1,15.1,0.0,0.0,0.0,0.0,1,20.2,40.0,317,Mainly clear,2,2,Sunny/Clear Conditions
38323,2021-06-16 09:34:00,40.752445,-73.96461,0,0,Driver Inattention/Distraction,4427849,23.1,15.1,0.0,0.0,0.0,0.0,1,20.2,40.0,317,Mainly clear,0,0,Sunny/Clear Conditions
38324,2021-06-18 12:45:00,40.624958,-74.145775,1,0,Driver Inattention/Distraction,4429322,27.4,13.8,0.0,0.0,0.0,0.0,3,20.5,40.3,210,Overcast,1,1,