,CRASH DATETIME,LATITUDE,LONGITUDE,NUMBER OF PERSONS INJURED,NUMBER OF PERSONS KILLED,CONTRIBUTING FACTOR VEHICLE 1,COLLISION_ID,temperature_2m_max,temperature_2m_min,precipitation_sum,rain_sum,snowfall_sum,precipitation_hours,weather_code,wind_speed_10m_max,wind_gusts_10m_max,wind_direction_10m_dominant,Weather Description,Severity_Score,Total_Affected_Persons,Weather_Category
38325,2021-06-18 11:52:00,40.68949,-73.92207,1,0,Failure to Yield Right-of-Way,4428486,27.4,13.8,0.0,0.0,0.0,0.0,3,20.5,40.3,210,Overcast,1,1,
38326,2021-06-16 10:00:00,40.863194,-73.91742,1,0,Failure to Yield Right-of-Way,4428182,23.1,15.1,0.0,0.0,0.0,0.0,1,20.2,40.0,317,Mainly clear,1,1,Sunny/Clear Conditions
38327,2021-06-16 17:00:00,40.727955,-73.733765,0,0,Driver Inattention/Distraction,4427904,23.1,15.1,0.0,0.0,0.0,0.0,1,20.2,40.0,317,Mainly clear,0,0,Sunny/Clear Conditions
38328,2021-06-16 17:00:00,40.67546,-73.73385,0,0,Unspecified,4427828,23.1,15.1,0.0,0.0,0.0,0.0,1,20.2,40.0,317,Mainly clear,0,0,Sunny/Clear Conditions
38329,2021-06-16 15:10:00,40.81969,-73.90161,0,0,Driver Inattention/Distraction,4428289,23.1,15.1,0.0,0.0,0.0,0.0,1,20.2,40.0,317,Mainly clear,0,0,Sunny/Clear Conditions
38330,2021-06-16 20:36:00,40.831947,-73.91987,0,0,Following Too Closely,4428084,23.1,15.1,0.0,0.0,0.0,0.0,1,20.2,40.0,317,Mainly clear,0,0,Sunny/Clear Conditions
38331,2022-09-20 13:30:00,40.81614,-73.894875,0,0,Passing Too Closely,4566951,25.7,17.7,0.0,0.0,0.0,0.0,3,19.0,35.3,296,Overcast,0,0,
38332,2021-06-15 14:20:00,40.543575,-74.17002,0,0,Unspecified,4428428,25.1,17.4,1.0,1.0,0.0,4.0,53,17.7,33.8,295,Drizzle: Moderate,0,0,
38333,2021-06-16 16:15:00,40.82864,-73.85344,0,0,Unspecified,4428031,23.1,15.1,0.0,0.0,0.0,0.0,1,20.2,40.0,317,Mainly clear,0,0,Sunny/Clear Conditions
38334,2021-06-16 19:12:00,40.611427,-74.116844,1,0,Glare,4429052,23.1,15.1,0.0,0.0,0.0,0.0,1,20.2,40.0,317,Mainly clear,1,1,Sunny/Clear Conditions
38335,2021-06-18 11:08:00,40.60886,-73.965065,1,0,Pedestrian/Bicyclist/Other Pedestrian Error/Confusion,4428396,27.4,13.8,0.0,0.0,0.0,0.0,3,20.5,40.3,210,Overcast,1,1,
38336,2021-06-17 22:25:00,40.783665,-73.80862,0,0,Unsafe Speed,4428745,23.9,12.1,0.0,0.0,0.0,0.0,3,13.4,27.4,311,Overcast,0,0,
38337,2021-06-17 13:52:00,40.79166,-73.96469,1,0,Turning Improperly,4428152,23.9,12.1,0.0,0.0,0.0,0.0,3,13.4,27.4,311,Overcast,1,1,
38338,2021-06-17 18:00:00,40.75158,-73.74572,0,0,Passing or Lane Usage Improper,4428294,23.9,12.1,0.0,0.0,0.0,0.0,3,13.4,27.4,311,Overcast,0,0,
38339,2021-06-17 04:40:00,40.669018,-73.93502,0,0,Driver Inattention/Distraction,4428978,23.9,12.1,0.0,0.0,0.0,0.0,3,13.4,27.4,311,Overcast,0,0,
38340,2021-06-01 10:00:00,40.68879,-73.928276,0,0,Driver Inattention/Distraction,4428859,23.5,9.7,0.0,0.0,0.0,0.0,3,17.6,32.0,221,Overcast,0,0,
38341,2021-06-18 23:20:00,40.658577,-73.89063,0,0,Unspecified,4428611,27.4,13.8,0.0,0.0,0.0,0.0,3,20.5,40.3,210,Overcast,0,0,
38342,2021-06-17 23:55:00,40.66669,-73.81173,0,0,Unsafe Speed,4428254,23.9,12.1,0.0,0.0,0.0,0.0,3,13.4,27.4,311,Overcast,0,0,
38343,2021-06-16 07:33:00,40.75457,-73.97169,0,0,Driver Inattention/Distraction,4428467,23.1,15.1,0.0,0.0,0.0,0.0,1,20.2,40.0,317,Mainly clear,0,0,Sunny/Clear Conditions
38344,2021-06-17 18:00:00,40.675312,-73.777145,0,0,Turning Improperly,4428454,23.9,12.1,0.0,0.0,0.0,0.0,3,13.4,27.4,311,Overcast,0,0,
38345,2021-06-16 17:00:00,40.757874,-73.788506,0,0,Unspecified,4427858,23.1,15.1,0.0,0.0,0.0,0.0,1,20.2,40.0,317,Mainly clear,0,0,Sunny/Clear Conditions
38346,2021-06-15 14:30:00,40.679737,-73.76162,0,0,Passing Too Closely,4428652,25.1,17.4,1.0,1.0,0.0,4.0,53,17.7,33.8,295,Drizzle: Moderate,0,0,
38347,2021-06-17 07:13:00,40.833412,-73.85906,0,0,Pedestrian/Bicyclist/Other Pedestrian Error/Confusion,4428046,23.9,12.1,0.0,0.0,0.0,0.0,3,13.4,27.4,311,Overcast,0,0,
38348,2021-06-18 07:22:00,40.83848,-73.900986,1,0,Unspecified,4428818,27.4,13.8,0.0,0.0,0.0,0.0,3,20.5,40.3,210,Overcast,1,1,
38349,2021-06-16 11:00:00,40.726967,-73.89655,0,0,Traffic Control Disregarded,4428178,23.1,15.1,0.0,0.0,0.0,0.0,1,20.2,40.0,317,Mainly clear,0,0,Sunny/Clear Conditions
38350,2021-06-17 13:40:00,40.70114,-73.73827,1,0,Traffic Control Disregarded,4428199,23.9,12.1,0.0,0.0,0.0,0.0,3,13.4,27.4,311,Overcast,1,1,
38351,2021-06-16 18:50:00,40.60929,-73.968765,0,0,Unspecified,4429243,23.1,15.1,0.0,0.0,0.0,0.0,1,20.2,40.0,317,Mainly clear,0,0,Sunny/Clear Conditions
38352,2021-06-05 20:06:00,40.691563,-73.96953,1,0,Passing or Lane Usage Improper,4428538,31.3,17.3,0.0,0.0,0.0,0.0,2,20.9,43.9,247,Partly cloudy,1,1,
38353,2021-06-17 23:00:00,40.618244,-74.0024,1,0,Driver Inattention/Distraction,4428720,23.9,12.1,0.0,0.0,0.0,0.0,3,13.4,27.4,311,Overcast,1,1,
38354,2021-06-17 14:47:00,40.826855,-73.922676,1,0,Fatigued/Drowsy,4428365,23.9,12.1,0.0,0.0,0.0,0.0,3,13.4,27.4,311,Overcast,1,1,
38355,2021-06-17 18:45:00,40.502773,-74.25184,0,0,Unspecified,4428218,23.9,12.1,0.0,0.0,0.0,0.0,3,13.4,27.4,311,Overcast,0,0,
38356,2021-06-10 19:55:00,40.764305,-73.9688,1,0,Unspecified,4428350,26.7,16.8,0.0,0.0,0.0,0.0,3,20.9,40.3,78,Overcast,1,1,
38357,2021-06-10 08:00:00,40.680607,-73.91953,0,0,Unspecified,4428860,26.7,16.8,0.0,0.0,0.0,0.0,3,20.9,40.3,78,Overcast,0,0,
38358,2021-06-17 16:03:00,40.841843,-73.94539,1,0,Driver Inattention/Distraction,4428328,23.9,12.1,0.0,0.0,0.0,0.0,3,13.4,27.4,311,Overcast,1,1,
38359,2021-06-16 09:58:00,40.81821,-73.96144,0,0,Following Too Closely,4427768,23.1,15.1,0.0,0.0,0.0,0.0,1,20.2,40.0,317,Mainly clear,0,0,Sunny/Clear Conditions
38360,2021-06-15 16:07:00,40.75595,-73.99074,0,0,Pedestrian/Bicyclist/Other Pedestrian Error/Confusion,4429127,25.1,17.4,1.0,1.0,0.0,4.0,53,17.7,33.8,295,Drizzle: Moderate,0,0,
38361,2021-06-18 21:40:00,40.640053,-74.08018,1,0,Driver Inattention/Distraction,4429077,27.4,13.8,0.0,0.0,0.0,0.0,3,20.5,40.3,210,Overcast,1,1,
38362,2021-06-16 18:33:00,40.829185,-73.928764,1,0,Failure to Yield Right-of-Way,4427974,23.1,15.1,0.0,0.0,0.0,0.0,1,20.2,40.0,317,Mainly clear,1,1,Sunny/Clear Conditions
38363,2021-06-18 23:24:00,40.57741,-73.96237,0,0,Unsafe Lane Changing,4428864,27.4,13.8,0.0,0.0,0.0,0.0,3,20.5,40.3,210,Overcast,0,0,
38364,2021-06-17 13:42:00,40.66478,-73.88642,1,0,Driver Inattention/Distraction,4428134,23.9,12.1,0.0,0.0,0.0,0.0,3,13.4,27.4,311,Overcast,1,1,
38365,2021-06-17 06:05:00,40.8047,-73.91243,1,0,Following Too Closely,4427945,23.9,12.1,0.0,0.0,0.0,0.0,3,13.4,27.4,311,Overcast,1,1,
38366,2021-06-16 12:00:00,40.69816,-73.92528,0,0,Failure to Yield Right-of-Way,4427755,23.1,15.1,0.0,0.0,0.0,0.0,1,20.2,40.0,317,Mainly clear,0,0,Sunny/Clear Conditions
38367,2021-06-16 09:10:00,40.673946,-73.87297,0,0,Other Vehicular,4427803,23.1,15.1,0.0,0.0,0.0,0.0,1,20.2,40.0,317,Mainly clear,0,0,Sunny/Clear Conditions
38368,2021-06-18 17:12:00,40.575428,-73.977875,0,0,Turning Improperly,4428841,27.4,13.8,0.0,0.0,0.0,0.0,3,20.5,40.3,210,Overcast,0,0,
38369,2021-06-17 09:00:00,40.852673,-73.919106,0,0,Reaction to Uninvolved Vehicle,4428322,23.9,12.1,0.0,0.0,0.0,0.0,3,13.4,27.4,311,Overcast,0,0,
38370,2021-06-17 17:00:00,40.67428,-73.916695,0,0,Unspecified,4428901,23.9,12.1,0.0,0.0,0.0,0.0,3,13.4,27.4,311,Overcast,0,0,
38371,2021-06-16 22:49:00,40.754375,-73.8234,1,0,Failure to Yield Right-of-Way,4428008,23.1,15.1,0.0,0.0,0.0,0.0,1,20.2,40.0,317,Mainly clear,1,1,Sunny/Clear Conditions
38372,2021-06-16 13:16:00,40.78126,-73.949265,0,0,Driver Inattention/Distraction,4427995,23.1,15.1,0.0,0.0,0.0,0.0,1,20.2,40.0,317,Mainly clear,0,0,Sunny/Clear Conditions
38373,2021-05-30 00:00:00,40.693874,-73.91777,0,0,Driver Inattention/Distraction,4428340,11.5,8.5,13.7,13.7,0.0,24.0,61,28.1,52.2,22,Rain: Light,0,0,
38374,2021-06-18 13:40:00,40.70321,-73.94626,0,0,Driver Inattention/Distraction,4428803,27.4,13.8,0.0,0.0,0.0,0.0,3,20.5,40.3,210,Overcast,0,0,
38375,2021-06-16 13:50:00,40.66175,-73.99562,0,0,Other Vehicular,4428928,23.1,15.1,0.0,0.0,0.0,0.0,1,20.2,40.0,317,Mainly clear,0,0,Sunny/Clear Conditions
38376,2021-06-17 14:30:00,40.795532,-73.975845,0,0,Turning Improperly,4428154,23.9,12.1,0.0,0.0,0.0,0.0,3,13.4,27.4,311,Overcast,0,0,
38377,2021-06-18 13:04:00,40.855133,-73.93688,0,0,Driver Inattention/Distraction,4428924,27.4,13.8,0.0,0.0,0.0,0.0,3,20.5,40.3,210,Overcast,0,0,
38378,2021-06-17 13:00:00,40.71142,-73.95313,0,0,Passing or Lane Usage Improper,4428283,23.9,12.1,0.0,0.0,0.0,0.0,3,13.4,27.4,311,Overcast,0,0,
38379,2021-06-15 19:00:00,40.733555,-73.89499,0,0,Following Too Closely,4428521,25.1,17.4,1.0,1.0,0.0,4.0,53,17.7,33.8,295,Drizzle: Moderate,0,0,
38380,2021-06-18 17:14:00,40.616913,-73.98187,0,0,Driver Inattention/Distraction,4428688,27.4,13.8,0.0,0.0,0.0,0.0,3,20.5,40.3,210,Overcast,0,0,
38381,2021-06-18 11:00:00,40.748386,-73.89897,0,0,Unspecified,4428482,27.4,13.8,0.0,0.0,0.0,0.0,3,20.5,40.3,210,Overcast,0,0,
38382,2021-06-17 17:30:00,40.70558,-73.739716,2,0,Reaction to Uninvolved Vehicle,4428204,23.9,12.1,0.0,0.0,0.0,0.0,3,13.4,27.4,311,Overcast,2,2,
38383,2021-06-17 00:15:00,40.752262,-73.87719,0,0,Driver Inattention/Distraction,4428038,23.9,12.1,0.0,0.0,0.0,0.0,3,13.4,27.4,311,Overcast,0,0,
38384,2021-06-17 19:10:00,40.63787,-73.90963,1,0,Failure to Yield Right-of-Way,4428231,23.9,12.1,0.0,0.0,0.0,0.0,3,13.4,27.4,311,Overcast,1,1,
38385,2021-06-16 08:09:00,40.703156,-73.94731,0,0,Passing Too Closely,4427891,23.1,15.1,0.0,0.0,0.0,0.0,1,20.2,40.0,317,Mainly clear,0,0,Sunny/Clear Conditions
38386,2021-06-16 10:15:00,40.605305,-74.162224,0,0,Driver Inattention/Distraction,4428093,23.1,15.1,0.0,0.0,0.0,0.0,1,20.2,40.0,317,Mainly clear,0,0,Sunny/Clear Conditions
38387,2021-06-17 07:43:00,40.814304,-73.89653,0,0,Lane Marking Improper/Inadequate,4428098,23.9,12.1,0.0,0.0,0.0,0.0,3,13.4,27.4,311,Overcast,0,0,
38388,2021-06-16 00:10:00,40.72515,-73.95261,0,0,Traffic Control Disregarded,4427657,23.1,15.1,0.0,0.0,0.0,0.0,1,20.2,40.0,317,Mainly clear,0,0,Sunny/Clear Conditions
38389,2021-06-16 14:44:00,40.662804,-73.98834,0,0,Unspecified,4428189,23.1,15.1,0.0,0.0,0.0,0.0,1,20.2,40.0,317,Mainly clear,0,0,Sunny/Clear Conditions
38390,2021-06-16 13:40:00,40.76849,-73.95157,0,0,Driver Inattention/Distraction,4427912,23.1,15.1,0.0,0.0,0.0,0.0,1,20.2,40.0,317,Mainly clear,0,0,Sunny/Clear Conditions
38391,2021-06-18 14:25:00,40.720726,-73.760185,0,0,Unspecified,4429005,27.4,13.8,0.0,0.0,0.0,0.0,3,20.5,40.3,210,Overcast,0,0,
38392,2021-06-18 06:15:00,40.828236,-73.88602,0,0,Driver Inattention/Distraction,4428819,27.4,13.8,0.0,0.0,0.0,0.0,3,20.5,40.3,210,Overcast,0,0,
38393,2021-06-16 16:19:00,40.760345,-73.92008,1,0,Driver Inattention/Distraction,4427931,23.1,15.1,0.0,0.0,0.0,0.0,1,20.2,40.0,317,Mainly clear,1,1,Sunny/Clear Conditions
38394,2021-06-17 10:45:00,40.694275,-73.99243,0,0,Passing or Lane Usage Improper,4428249,23.9,12.1,0.0,0.0,0.0,0.0,3,13.4,27.4,311,Overcast,0,0,
38395,2021-06-15 19:00:00,40.761036,-73.98702,0,0,Failure to Yield Right-of-Way,4428424,25.1,17.4,1.0,1.0,0.0,4.0,53,17.7,33.8,295,Drizzle: Moderate,0,0,
38396,2021-06-17 11:10:00,40.64193,-73.95841,1,0,Backing Unsafely,4428143,23.9,12.1,0.0,0.0,0.0,0.0,3,13.4,27.4,311,Overcast,1,1,
38397,2021-06-17 21:53:00,40.834187,-73.909584,0,0,Unspecified,4428267,23.9,12.1,0.0,0.0,0.0,0.0,3,13.4,27.4,311,Overcast,0,0,
38398,2021-06-16 17:36:00,40.648056,-73.89162,1,0,Driver Inattention/Distraction,4427853,23.1,15.1,0.0,0.0,0.0,0.0,1,20.2,40.0,317,Mainly clear,1,1,Sunny/Clear Conditions
38399,2021-06-18 08:10:00,40.602528,-74.015114,0,0,Driver Inattention/Distraction,4428830,27.4,13.8,0.0,0.0,0.0,0.0,3,20.5,40.3,210,Overcast,0,0,
38400,2021-06-16 17:15:00,40.703022,-73.83768,0,0,Other Vehicular,4428013,23.1,15.1,0.0,0.0,0.0,0.0,1,20.2,40.0,317,Mainly clear,0,0,Sunny/Clear Conditions
38401,2021-06-17 07:54:00,40.84321,-73.85591,0,0,Passing Too Closely,4428355,23.9,12.1,0.0,0.0,0.0,0.0,3,13.4,27.4,311,Overcast,0,0,
38402,2021-06-17 00:40:00,40.67765,-73.949776,0,0,Failure to Yield Right-of-Way,4428976,23.9,12.1,0.0,0.0,0.0,0.0,3,13.4,27.4,311,Overcast,0,0,
38403,2021-06-17 20:00:00,40.623253,-74.08383,0,0,Failure to Yield Right-of-Way,4428392,23.9,12.1,0.0,0.0,0.0,0.0,3,13.4,27.4,311,Overcast,0,0,
38404,2021-06-17 18:53:00,40.822002,-73.82015,1,0,Unspecified,4428590,23.9,12.1,0.0,0.0,0.0,0.0,3,13.4,27.4,311,Overcast,1,1,
38405,2021-06-18 12:30:00,40.861347,-73.897736,0,0,Driver Inattention/Distraction,4429328,27.4,13.8,0.0,0.0,0.0,0.0,3,20.5,40.3,210,Overcast,0,0,
38406,2021-06-17 08:30:00,40.65806,-73.93497,0,0,Driver Inattention/Distraction,4428314,23.9,12.1,0.0,0.0,0.0,0.0,3,13.4,27.4,311,Overcast,0,0,
38407,2021-06-13 04:05:00,40.677338,-73.927536,0,0,Unsafe Speed,4428854,23.9,15.0,0.2,0.2,0.0,2.0,51,17.7,35.6,185,Drizzle: Light,0,0,
38408,2021-06-18 21:42:00,40.67693,-74.00211,0,0,Unspecified,4429101,27.4,13.8,0.0,0.0,0.0,0.0,3,20.5,40.3,210,Overcast,0,0,
38409,2021-06-18 13:58:00,40.60457,-73.75355,0,0,Failure to Yield Right-of-Way,4428558,27.4,13.8,0.0,0.0,0.0,0.0,3,20.5,40.3,210,Overcast,0,0,
38410,2021-06-17 19:37:00,40.861877,-73.89316,0,0,Unspecified,4428450,23.9,12.1,0.0,0.0,0.0,0.0,3,13.4,27.4,311,Overcast,0,0,
38411,2022-09-23 12:10:00,40.8604,-73.90585,0,0,Passing Too Closely,4566679,16.4,10.0,0.0,0.0,0.0,0.0,0,31.1,56.9,323,Clear sky,0,0,Sunny/Clear Conditions
38412,2021-06-17 19:40:00,40.692936,-73.75774,0,0,Traffic Control Disregarded,4428656,23.9,12.1,0.0,0.0,0.0,0.0,3,13.4,27.4,311,Overcast,0,0,
38413,2021-06-18 17:50:00,40.872066,-73.85525,0,0,Driver Inattention/Distraction,4429090,27.4,13.8,0.0,0.0,0.0,0.0,3,20.5,40.3,210,Overcast,0,0,
38414,2021-06-16 22:38:00,40.636627,-73.94226,1,0,Driver Inattention/Distraction,4427871,23.1,15.1,0.0,0.0,0.0,0.0,1,20.2,40.0,317,Mainly clear,1,1,Sunny/Clear Conditions
38415,2021-06-18 23:30:00,40.821552,-73.90567,0,0,Traffic Control Disregarded,4428812,27.4,13.8,0.0,0.0,0.0,0.0,3,20.5,40.3,210,Overcast,0,0,
38416,2021-06-17 15:40:00,40.69579,-73.93313,1,0,Turning Improperly,4428168,23.9,12.1,0.0,0.0,0.0,0.0,3,13.4,27.4,311,Overcast,1,1,
38417,2021-06-14 11:30:00,40.67295,-73.92517,0,0,Driver Inattention/Distraction,4428958,21.4,17.5,21.7,21.7,0.0,11.0,65,21.1,48.6,154,Rain: Heavy,0,0,
38418,2021-03-25 17:00:00,40.68272,-73.96321,0,0,Unspecified,4429051,19.5,9.1,1.8,1.8,0.0,3.0,55,17.6,36.0,124,Drizzle: Dense,0,0,
38419,2021-06-18 04:35:00,40.72711,-73.94958,1,0,Following Too Closely,4428333,27.4,13.8,0.0,0.0,0.0,0.0,3,20.5,40.3,210,Overcast,1,1,
38420,2021-06-17 23:00:00,40.702568,-73.95026,2,0,Following Too Closely,4428308,23.9,12.1,0.0,0.0,0.0,0.0,3,13.4,27.4,311,Overcast,2,2,
38421,2021-06-18 21:20:00,40.621418,-73.92614,0,0,Following Too Closely,4428542,27.4,13.8,0.0,0.0,0.0,0.0,3,20.5,40.3,210,Overcast,0,0,
38422,2021-06-17 20:00:00,40.682236,-73.913536,0,0,Unspecified,4428873,23.9,12.1,0.0,0.0,0.0,0.0,3,13.4,27.4,311,Overcast,0,0,
38423,2021-06-10 15:00:00,40.81455,-73.92917,1,0,Unspecified,4428674,26.7,16.8,0.0,0.0,0.0,0.0,3,20.9,40.3,78,Overcast,1,1,
38424,2021-06-17 07:50:00,40.601,-73.979385,1,0,Traffic Control Disregarded,4428695,23.9,12.1,0.0,0.0,0.0,0.0,3,13.4,27.4,311,Overcast,1,1,
38425,2021-06-18 20:30:00,40.6679,-73.84204,1,0,Unsafe Lane Changing,4429199,27.4,13.8,0.0,0.0,0.0,0.0,3,20.5,40.3,210,Overcast,1,1,
38426,2021-06-18 08:40:00,40.742855,-73.942635,0,0,Driver Inattention/Distraction,4428382,27.4,13.8,0.0,0.0,0.0,0.0,3,20.5,40.3,210,Overcast,0,0,
38427,2021-06-16 21:00:00,40.61515,-74.00204,2,0,Unspecified,4428237,23.1,15.1,0.0,0.0,0.0,0.0,1,20.2,40.0,317,Mainly clear,2,2,Sunny/Clear Conditions
38428,2021-06-18 15:11:00,40.685074,-73.9779,0,0,Passing Too Closely,4428493,27.4,13.8,0.0,0.0,0.0,0.0,3,20.5,40.3,210,Overcast,0,0,
38429,2021-06-13 02:15:00,40.688988,-73.84591,2,0,Following Too Closely,4428345,23.9,15.0,0.2,0.2,0.0,2.0,51,17.7,35.6,185,Drizzle: Light,2,2,
38430,2021-06-14 11:13:00,40.86446,-73.91895,1,0,Following Too Closely,4428914,21.4,17.5,21.7,21.7,0.0,11.0,65,21.1,48.6,154,Rain: Heavy,1,1,
38431,2021-06-18 11:55:00,40.673588,-73.73351,2,0,Unspecified,4428514,27.4,13.8,0.0,0.0,0.0,0.0,3,20.5,40.3,210,Overcast,2,2,
38432,2021-06-15 00:20:00,40.620476,-73.96634,0,0,Unspecified,4429274,25.1,17.4,1.0,1.0,0.0,4.0,53,17.7,33.8,295,Drizzle: Moderate,0,0,
38433,2021-06-16 17:13:00,40.862755,-73.901085,0,0,Turning Improperly,4428446,23.1,15.1,0.0,0.0,0.0,0.0,1,20.2,40.0,317,Mainly clear,0,0,Sunny/Clear Conditions
38434,2021-06-16 21:00:00,40.780148,-73.847855,1,0,Unspecified,4428567,23.1,15.1,0.0,0.0,0.0,0.0,1,20.2,40.0,317,Mainly clear,1,1,Sunny/Clear Conditions
38435,2021-06-18 02:01:00,40.847412,-73.93331,2,0,Traffic Control Disregarded,4428377,27.4,13.8,0.0,0.0,0.0,0.0,3,20.5,40.3,210,Overcast,2,2,
38436,2021-06-13 21:53:00,40.72291,-73.80468,1,0,Reaction to Uninvolved Vehicle,4428991,23.9,15.0,0.2,0.2,0.0,2.0,51,17.7,35.6,185,Drizzle: Light,1,1,
38437,2021-06-18 12:45:00,40.884014,-73.8791,0,0,Turning Improperly,4429217,27.4,13.8,0.0,0.0,0.0,0.0,3,20.5,40.3,210,Overcast,0,0,
38438,2021-06-18 18:58:00,40.645134,-73.90232,0,0,Driver Inattention/Distraction,4428659,27.4,13.8,0.0,0.0,0.0,0.0,3,20.5,40.3,210,Overcast,0,0,
38439,2021-06-18 09:55:00,40.7791,-73.91799,0,0,Steering Failure,4428845,27.4,13.8,0.0,0.0,0.0,0.0,3,20.5,40.3,210,Overcast,0,0,
38440,2021-06-16 12:37:00,40.694378,-73.803764,0,0,Traffic Control Disregarded,4427791,23.1,15.1,0.0,0.0,0.0,0.0,1,20.2,40.0,317,Mainly clear,0,0,Sunny/Clear Conditions
38441,2021-06-16 09:45:00,40.740173,-73.999435,0,0,Unspecified,4427706,23.1,15.1,0.0,0.0,0.0,0.0,1,20.2,40.0,317,Mainly clear,0,0,Sunny/Clear Conditions
38442,2021-06-16 18:25:00,40.762917,-73.98566,0,0,Failure to Yield Right-of-Way,4427964,23.1,15.1,0.0,0.0,0.0,0.0,1,20.2,40.0,317,Mainly clear,0,0,Sunny/Clear Conditions
38443,2021-06-17 23:42:00,0.0,0.0,0,0,Driver Inattention/Distraction,4428892,23.9,12.1,0.0,0.0,0.0,0.0,3,13.4,27.4,311,Overcast,0,0,
38444,2021-06-16 11:15:00,40.818905,-73.89022,0,0,Passing Too Closely,4427842,23.1,15.1,0.0,0.0,0.0,0.0,1,20.2,40.0,317,Mainly clear,0,0,Sunny/Clear Conditions
38445,2021-06-16 11:15:00,40.666138,-73.948074,1,0,Driver Inattention/Distraction,4427833,23.1,15.1,0.0,0.0,0.0,0.0,1,20.2,40.0,317,Mainly clear,1,1,Sunny/Clear Conditions
38446,2021-06-17 18:30:00,40.63225,-74.00577,0,0,Unspecified,4429248,23.9,12.1,0.0,0.0,0.0,0.0,3,13.4,27.4,311,Overcast,0,0,
38447,2021-06-17 00:45:00,40.853477,-73.82622,1,0,Unspecified,4427989,23.9,12.1,0.0,0.0,0.0,0.0,3,13.4,27.4,311,Overcast,1,1,
38448,2021-06-17 14:00:00,40.710876,-74.01439,0,0,Unspecified,4428160,23.9,12.1,0.0,0.0,0.0,0.0,3,13.4,27.4,311,Overcast,0,0,
38449,2021-06-18 09:45:00,40.68059,-73.86618,0,0,Unspecified,4428619,27.4,13.8,0.0,0.0,0.0,0.0,3,20.5,40.3,210,Overcast,0,0,
38450,2021-06-17 20:46:00,40.847363,-73.8579,0,0,Driver Inattention/Distraction,4428360,23.9,12.1,0.0,0.0,0.0,0.0,3,13.4,27.4,311,Overcast,0,0,
38451,2021-06-18 22:20:00,40.744465,-73.77179,0,0,Reaction to Uninvolved Vehicle,4428933,27.4,13.8,0.0,0.0,0.0,0.0,3,20.5,40.3,210,Overcast,0,0,
38452,2021-06-06 18:50:00,40.714104,-73.949036,0,0,Driver Inattention/Distraction,4428419,31.0,20.0,0.0,0.0,0.0,0.0,1,16.6,32.4,222,Mainly clear,0,0,Sunny/Clear Conditions
38453,2021-06-18 01:15:00,40.751682,-73.836006,0,0,Driver Inattention/Distraction,4428279,27.4,13.8,0.0,0.0,0.0,0.0,3,20.5,40.3,210,Overcast,0,0,
38454,2021-06-18 00:00:00,40.61752,-74.01963,0,0,Unspecified,4428525,27.4,13.8,0.0,0.0,0.0,0.0,3,20.5,40.3,210,Overcast,0,0,
38455,2021-06-16 17:30:00,40.615356,-73.976234,3,0,Unspecified,4427867,23.1,15.1,0.0,0.0,0.0,0.0,1,20.2,40.0,317,Mainly clear,3,3,Sunny/Clear Conditions
38456,2021-06-16 21:36:00,40.59616,-73.96104,0,0,Unspecified,4427895,23.1,15.1,0.0,0.0,0.0,0.0,1,20.2,40.0,317,Mainly clear,0,0,Sunny/Clear Conditions
38457,2021-06-16 23:30:00,40.752693,-73.97305,0,0,Driver Inattention/Distraction,4428119,23.1,15.1,0.0,0.0,0.0,0.0,1,20.2,40.0,317,Mainly clear,0,0,Sunny/Clear Conditions
38458,2021-06-17 08:10:00,40.831493,-73.85444,0,0,Unsafe Lane Changing,4428067,23.9,12.1,0.0,0.0,0.0,0.0,3,13.4,27.4,311,Overcast,0,0,
38459,2021-06-17 13:00:00,40.754105,-73.72321,1,0,Driver Inattention/Distraction,4428226,23.9,12.1,0.0,0.0,0.0,0.0,3,13.4,27.4,311,Overcast,1,1,
38460,2021-06-17 16:50:00,40.684254,-73.762405,0,0,Unspecified,4428404,23.9,12.1,0.0,0.0,0.0,0.0,3,13.4,27.4,311,Overcast,0,0,
38461,2021-06-18 12:30:00,40.827656,-73.8861,0,0,Unspecified,4428822,27.4,13.8,0.0,0.0,0.0,0.0,3,20.5,40.3,210,Overcast,0,0,
38462,2021-06-16 12:00:00,40.827755,-73.9117,0,0,Unspecified,4427907,23.1,15.1,0.0,0.0,0.0,0.0,1,20.2,40.0,317,Mainly clear,0,0,Sunny/Clear Conditions
38463,2021-06-12 12:50:00,40.533253,-74.192474,0,0,Turning Improperly,4428387,21.2,16.4,0.4,0.4,0.0,3.0,51,15.5,31.3,112,Drizzle: Light,0,0,
38464,2021-06-15 19:55:00,40.63237,-74.13017,0,0,Unspecified,4429064,25.1,17.4,1.0,1.0,0.0,4.0,53,17.7,33.8,295,Drizzle: Moderate,0,0,
38465,2021-06-16 16:30:00,40.724262,-73.93745,1,0,Driver Inattention/Distraction,4428263,23.1,15.1,0.0,0.0,0.0,0.0,1,20.2,40.0,317,Mainly clear,1,1,Sunny/Clear Conditions
38466,2021-06-16 17:14:00,40.6338,-73.8897,0,0,Unspecified,4427859,23.1,15.1,0.0,0.0,0.0,0.0,1,20.2,40.0,317,Mainly clear,0,0,Sunny/Clear Conditions