,CRASH DATETIME,LATITUDE,LONGITUDE,NUMBER OF PERSONS INJURED,NUMBER OF PERSONS KILLED,CONTRIBUTING FACTOR VEHICLE 1,COLLISION_ID,temperature_2m_max,temperature_2m_min,precipitation_sum,rain_sum,snowfall_sum,precipitation_hours,weather_code,wind_speed_10m_max,wind_gusts_10m_max,wind_direction_10m_dominant,Weather Description,Severity_Score,Total_Affected_Persons,Weather_Category
38467,2021-06-15 16:39:00,40.611313,-74.09844,1,0,Unspecified,4429058,25.1,17.4,1.0,1.0,0.0,4.0,53,17.7,33.8,295,Drizzle: Moderate,1,1,
38468,2021-06-16 12:00:00,40.636425,-74.00501,1,0,Driver Inattention/Distraction,4429255,23.1,15.1,0.0,0.0,0.0,0.0,1,20.2,40.0,317,Mainly clear,1,1,Sunny/Clear Conditions
38469,2021-06-18 11:02:00,40.792244,-73.94419,1,0,Backing Unsafely,4429021,27.4,13.8,0.0,0.0,0.0,0.0,3,20.5,40.3,210,Overcast,1,1,
38470,2021-06-16 18:25:00,40.69596,-73.964096,0,0,Unspecified,4428212,23.1,15.1,0.0,0.0,0.0,0.0,1,20.2,40.0,317,Mainly clear,0,0,Sunny/Clear Conditions
38471,2021-06-18 02:10:00,40.699406,-73.95338,0,0,Traffic Control Disregarded,4428585,27.4,13.8,0.0,0.0,0.0,0.0,3,20.5,40.3,210,Overcast,0,0,
38472,2021-06-16 03:20:00,40.76165,-73.8673,0,0,Alcohol Involvement,4428048,23.1,15.1,0.0,0.0,0.0,0.0,1,20.2,40.0,317,Mainly clear,0,0,Sunny/Clear Conditions
38473,2021-06-17 07:20:00,40.663227,-73.93159,1,0,Unspecified,4428766,23.9,12.1,0.0,0.0,0.0,0.0,3,13.4,27.4,311,Overcast,1,1,
38474,2021-06-16 12:30:00,40.729046,-74.01073,0,0,Unspecified,4428478,23.1,15.1,0.0,0.0,0.0,0.0,1,20.2,40.0,317,Mainly clear,0,0,Sunny/Clear Conditions
38475,2021-06-16 07:47:00,40.825813,-73.94229,0,0,Unspecified,4428562,23.1,15.1,0.0,0.0,0.0,0.0,1,20.2,40.0,317,Mainly clear,0,0,Sunny/Clear Conditions
38476,2021-05-17 23:48:00,40.641987,-74.01724,0,0,Alcohol Involvement,4428723,22.9,9.7,0.0,0.0,0.0,0.0,3,17.7,36.0,224,Overcast,0,0,
38477,2021-06-18 21:32:00,40.672394,-73.869255,1,0,Other Vehicular,4428603,27.4,13.8,0.0,0.0,0.0,0.0,3,20.5,40.3,210,Overcast,1,1,
38478,2021-06-14 08:45:00,40.68199,-73.788414,0,0,Turning Improperly,4428409,21.4,17.5,21.7,21.7,0.0,11.0,65,21.1,48.6,154,Rain: Heavy,0,0,
38479,2021-06-18 18:10:00,40.70636,-73.792534,1,0,Glare,4428510,27.4,13.8,0.0,0.0,0.0,0.0,3,20.5,40.3,210,Overcast,1,1,
38480,2021-06-18 01:14:00,40.82781,-73.90885,0,0,Other Vehicular,4428414,27.4,13.8,0.0,0.0,0.0,0.0,3,20.5,40.3,210,Overcast,0,0,
38481,2021-06-17 14:30:00,40.817863,-73.905014,1,0,Unspecified,4428372,23.9,12.1,0.0,0.0,0.0,0.0,3,13.4,27.4,311,Overcast,1,1,
38482,2021-06-17 22:26:00,40.83711,-73.913734,0,0,Passing or Lane Usage Improper,4428274,23.9,12.1,0.0,0.0,0.0,0.0,3,13.4,27.4,311,Overcast,0,0,
38483,2021-06-18 23:10:00,40.58683,-73.935455,0,0,Unspecified,4428641,27.4,13.8,0.0,0.0,0.0,0.0,3,20.5,40.3,210,Overcast,0,0,
38484,2021-06-17 10:15:00,40.701157,-73.81619,0,0,Driver Inexperience,4428072,23.9,12.1,0.0,0.0,0.0,0.0,3,13.4,27.4,311,Overcast,0,0,
38485,2021-06-16 13:37:00,40.705185,-73.811714,0,0,Driver Inattention/Distraction,4428950,23.1,15.1,0.0,0.0,0.0,0.0,1,20.2,40.0,317,Mainly clear,0,0,Sunny/Clear Conditions
38486,2021-06-16 23:00:00,40.749844,-73.938995,0,0,Driver Inattention/Distraction,4427880,23.1,15.1,0.0,0.0,0.0,0.0,1,20.2,40.0,317,Mainly clear,0,0,Sunny/Clear Conditions
38487,2021-06-18 10:00:00,40.573708,-73.99072,0,0,Other Vehicular,4429269,27.4,13.8,0.0,0.0,0.0,0.0,3,20.5,40.3,210,Overcast,0,0,
38488,2021-06-14 12:30:00,40.65823,-74.00035,1,0,Following Too Closely,4429156,21.4,17.5,21.7,21.7,0.0,11.0,65,21.1,48.6,154,Rain: Heavy,1,1,
38489,2022-09-18 01:30:00,40.838844,-73.87817,0,0,Turning Improperly,4566525,28.7,17.1,0.0,0.0,0.0,0.0,3,20.2,36.7,233,Overcast,0,0,
38490,2022-09-23 20:00:00,40.888454,-73.84197,0,0,Turning Improperly,4567152,16.4,10.0,0.0,0.0,0.0,0.0,0,31.1,56.9,323,Clear sky,0,0,Sunny/Clear Conditions
38491,2022-09-21 12:15:00,40.57557,-73.981224,0,0,View Obstructed/Limited,4566012,26.5,16.0,0.0,0.0,0.0,0.0,3,19.4,36.7,252,Overcast,0,0,
38492,2022-09-22 00:22:00,40.81748,-73.94211,0,0,Backing Unsafely,4566268,24.9,14.3,9.1,9.1,0.0,7.0,63,24.6,44.6,273,Rain: Moderate,0,0,
38493,2022-09-21 01:35:00,40.801754,-73.93121,2,0,Driver Inattention/Distraction,4566335,26.5,16.0,0.0,0.0,0.0,0.0,3,19.4,36.7,252,Overcast,2,2,
38494,2022-07-03 12:23:00,40.624344,-73.96315,0,0,Unspecified,4542985,31.2,21.0,0.0,0.0,0.0,0.0,3,15.8,31.3,341,Overcast,0,0,
38495,2021-10-12 12:27:00,40.8617006,-73.8913807,1,0,Driver Inexperience,4466477,21.6,15.2,0.0,0.0,0.0,0.0,3,11.8,23.8,81,Overcast,1,1,
38496,2021-12-21 19:00:00,40.661385,-73.8841,3,0,Unspecified,4491283,5.7,-2.4,0.0,0.0,0.0,0.0,3,13.6,24.5,228,Overcast,3,3,
38497,2022-02-20 09:00:00,40.663017,-73.94003,1,0,Driver Inattention/Distraction,4504633,2.4,-6.6,0.0,0.0,0.0,0.0,3,23.4,44.3,250,Overcast,1,1,
38498,2022-02-20 11:35:00,40.589066,-74.138626,2,0,Aggressive Driving/Road Rage,4504308,2.4,-6.6,0.0,0.0,0.0,0.0,3,23.4,44.3,250,Overcast,2,2,
38499,2022-02-20 16:53:00,40.73053,-73.98859,0,0,Unsafe Speed,4504713,2.4,-6.6,0.0,0.0,0.0,0.0,3,23.4,44.3,250,Overcast,0,0,
38500,2022-02-14 22:05:00,40.74189,-74.00471,0,0,Passing or Lane Usage Improper,4504906,-3.4,-10.4,0.0,0.0,0.0,0.0,3,26.4,49.3,316,Overcast,0,0,
38501,2022-02-20 12:30:00,40.696014,-73.98414,0,0,Passing or Lane Usage Improper,4504145,2.4,-6.6,0.0,0.0,0.0,0.0,3,23.4,44.3,250,Overcast,0,0,
38502,2022-02-20 00:00:00,40.626663,-74.07565,0,0,Failure to Yield Right-of-Way,4504508,2.4,-6.6,0.0,0.0,0.0,0.0,3,23.4,44.3,250,Overcast,0,0,
38503,2022-02-20 01:35:00,40.717426,-73.95561,0,0,Animals Action,4504662,2.4,-6.6,0.0,0.0,0.0,0.0,3,23.4,44.3,250,Overcast,0,0,
38504,2022-02-20 14:40:00,40.701767,-73.734344,1,0,Unspecified,4504201,2.4,-6.6,0.0,0.0,0.0,0.0,3,23.4,44.3,250,Overcast,1,1,
38505,2022-02-20 01:35:00,40.785923,-73.955124,0,0,Driver Inattention/Distraction,4504348,2.4,-6.6,0.0,0.0,0.0,0.0,3,23.4,44.3,250,Overcast,0,0,
38506,2022-02-17 13:20:00,40.88891,-73.877235,0,0,Unspecified,4504774,16.7,5.1,2.2,2.2,0.0,2.0,61,31.8,56.5,201,Rain: Light,0,0,
38507,2022-02-19 12:10:00,40.70379,-73.98756,0,0,Driver Inattention/Distraction,4504822,3.3,-5.5,0.4,0.0,0.28,4.0,71,35.3,64.4,260,Snow fall: Light,0,0,Snowy Conditions
38508,2022-02-20 00:01:00,40.85586,-73.89462,0,0,Aggressive Driving/Road Rage,4504719,2.4,-6.6,0.0,0.0,0.0,0.0,3,23.4,44.3,250,Overcast,0,0,
38509,2022-02-20 22:14:00,40.78896,-73.97595,1,0,Driver Inattention/Distraction,4504298,2.4,-6.6,0.0,0.0,0.0,0.0,3,23.4,44.3,250,Overcast,1,1,
38510,2022-02-20 15:10:00,40.677654,-73.82866,1,0,Driver Inattention/Distraction,4504358,2.4,-6.6,0.0,0.0,0.0,0.0,3,23.4,44.3,250,Overcast,1,1,
38511,2022-02-20 00:00:00,40.87143,-73.88702,0,0,Driver Inexperience,4504765,2.4,-6.6,0.0,0.0,0.0,0.0,3,23.4,44.3,250,Overcast,0,0,
38512,2022-02-20 02:00:00,40.765736,-73.762375,0,0,Unspecified,4504597,2.4,-6.6,0.0,0.0,0.0,0.0,3,23.4,44.3,250,Overcast,0,0,
38513,2022-02-20 08:00:00,40.616413,-74.103516,0,0,Unspecified,4504106,2.4,-6.6,0.0,0.0,0.0,0.0,3,23.4,44.3,250,Overcast,0,0,
38514,2022-02-14 05:30:00,40.71813,-74.00141,0,0,Driver Inattention/Distraction,4504705,-3.4,-10.4,0.0,0.0,0.0,0.0,3,26.4,49.3,316,Overcast,0,0,
38515,2022-02-20 01:33:00,40.70283,-73.809364,0,0,Driver Inattention/Distraction,4504274,2.4,-6.6,0.0,0.0,0.0,0.0,3,23.4,44.3,250,Overcast,0,0,
38516,2022-02-14 00:00:00,40.73572,-73.93677,0,0,Oversized Vehicle,4504675,-3.4,-10.4,0.0,0.0,0.0,0.0,3,26.4,49.3,316,Overcast,0,0,
38517,2022-02-20 16:45:00,40.66362,-73.930695,1,0,Driver Inattention/Distraction,4504518,2.4,-6.6,0.0,0.0,0.0,0.0,3,23.4,44.3,250,Overcast,1,1,
38518,2022-02-20 17:17:00,40.58263,-73.95408,0,0,Unsafe Speed,4504381,2.4,-6.6,0.0,0.0,0.0,0.0,3,23.4,44.3,250,Overcast,0,0,
38519,2022-02-17 17:00:00,40.67643,-73.89128,1,0,Unspecified,4504837,16.7,5.1,2.2,2.2,0.0,2.0,61,31.8,56.5,201,Rain: Light,1,1,
38520,2022-02-20 00:00:00,40.658318,-73.90516,0,0,Unspecified,4504440,2.4,-6.6,0.0,0.0,0.0,0.0,3,23.4,44.3,250,Overcast,0,0,
38521,2022-02-16 15:35:00,40.87515,-73.909096,0,0,Failure to Yield Right-of-Way,4504767,6.2,-5.1,0.0,0.0,0.0,0.0,3,21.1,41.0,187,Overcast,0,0,
38522,2021-12-02 17:45:00,40.824562,-73.87259,1,0,Passing or Lane Usage Improper,4486103,13.2,5.4,3.4,3.4,0.0,10.0,55,28.0,46.8,215,Drizzle: Dense,1,1,
38523,2021-10-12 16:05:00,40.7205667,-73.8458956,0,0,Tire Failure/Inadequate,4466569,21.6,15.2,0.0,0.0,0.0,0.0,3,11.8,23.8,81,Overcast,0,0,
38524,2021-10-12 18:42:00,40.6689504,-73.9338885,2,0,Unspecified,4466590,21.6,15.2,0.0,0.0,0.0,0.0,3,11.8,23.8,81,Overcast,2,2,
38525,2021-10-12 21:49:00,40.737222,-73.9813911,1,0,Unspecified,4466601,21.6,15.2,0.0,0.0,0.0,0.0,3,11.8,23.8,81,Overcast,1,1,
38526,2021-10-12 23:15:00,40.6666971,-73.7671284,0,0,Driver Inattention/Distraction,4466619,21.6,15.2,0.0,0.0,0.0,0.0,3,11.8,23.8,81,Overcast,0,0,
38527,2021-12-11 14:26:00,40.76635,-73.873024,0,0,Driver Inattention/Distraction,4485546,17.3,5.0,8.1,8.1,0.0,5.0,63,35.0,67.0,206,Rain: Moderate,0,0,
38528,2021-10-12 19:14:00,40.7765594,-73.95055,0,0,Unsafe Speed,4466637,21.6,15.2,0.0,0.0,0.0,0.0,3,11.8,23.8,81,Overcast,0,0,
38529,2021-10-12 12:00:00,40.7149303,-73.9428822,1,0,Passing Too Closely,4466644,21.6,15.2,0.0,0.0,0.0,0.0,3,11.8,23.8,81,Overcast,1,1,
38530,2021-12-10 18:24:00,40.658264,-73.89133,0,0,Failure to Yield Right-of-Way,4486031,8.5,1.6,0.0,0.0,0.0,0.0,3,9.8,20.5,183,Overcast,0,0,
38531,2021-12-11 04:54:00,40.637863,-73.96841,0,0,Unspecified,4485530,17.3,5.0,8.1,8.1,0.0,5.0,63,35.0,67.0,206,Rain: Moderate,0,0,
38532,2021-12-11 07:15:00,40.66309,-73.962395,1,0,Pavement Slippery,4485322,17.3,5.0,8.1,8.1,0.0,5.0,63,35.0,67.0,206,Rain: Moderate,1,1,
38533,2021-12-10 20:09:00,40.70904,-73.84146,1,0,Turning Improperly,4486175,8.5,1.6,0.0,0.0,0.0,0.0,3,9.8,20.5,183,Overcast,1,1,
38534,2021-12-11 16:30:00,40.656765,-73.91815,0,0,Unspecified,4485441,17.3,5.0,8.1,8.1,0.0,5.0,63,35.0,67.0,206,Rain: Moderate,0,0,
38535,2021-12-11 09:50:00,40.874992,-73.81846,1,0,Pavement Slippery,4486147,17.3,5.0,8.1,8.1,0.0,5.0,63,35.0,67.0,206,Rain: Moderate,1,1,
38536,2021-11-27 12:00:00,40.81979,-73.87995,2,0,Unspecified,4486096,4.4,0.0,0.0,0.0,0.0,0.0,3,28.5,56.5,295,Overcast,2,2,
38537,2021-12-08 09:00:00,40.67956,-73.8989,0,0,Unspecified,4486001,4.7,0.9,0.7,0.7,0.0,2.0,51,14.5,24.8,355,Drizzle: Light,0,0,
38538,2021-12-09 18:45:00,40.8037,-73.93582,0,0,Passing or Lane Usage Improper,4486298,3.6,-2.0,0.1,0.0,0.07,1.0,71,19.2,33.8,295,Snow fall: Light,0,0,Snowy Conditions
38539,2021-12-11 12:35:00,40.588955,-74.167595,0,0,Failure to Yield Right-of-Way,4485623,17.3,5.0,8.1,8.1,0.0,5.0,63,35.0,67.0,206,Rain: Moderate,0,0,
38540,2021-12-09 17:00:00,40.805096,-73.95488,1,0,Driver Inattention/Distraction,4486195,3.6,-2.0,0.1,0.0,0.07,1.0,71,19.2,33.8,295,Snow fall: Light,1,1,Snowy Conditions
38541,2021-12-11 20:00:00,40.741047,-73.91818,0,0,Driver Inattention/Distraction,4485746,17.3,5.0,8.1,8.1,0.0,5.0,63,35.0,67.0,206,Rain: Moderate,0,0,
38542,2021-12-11 05:25:00,40.64254,-73.87652,2,0,Driver Inattention/Distraction,4486006,17.3,5.0,8.1,8.1,0.0,5.0,63,35.0,67.0,206,Rain: Moderate,2,2,
38543,2021-12-11 04:10:00,40.763893,-73.915,0,0,Unspecified,4485573,17.3,5.0,8.1,8.1,0.0,5.0,63,35.0,67.0,206,Rain: Moderate,0,0,
38544,2021-12-11 13:30:00,40.664722,-73.76907,1,0,Failure to Yield Right-of-Way,4485489,17.3,5.0,8.1,8.1,0.0,5.0,63,35.0,67.0,206,Rain: Moderate,1,1,
38545,2021-12-11 04:30:00,40.706142,-73.83177,1,0,Passing or Lane Usage Improper,4486045,17.3,5.0,8.1,8.1,0.0,5.0,63,35.0,67.0,206,Rain: Moderate,1,1,
38546,2022-01-04 14:07:00,40.820282,-73.89212,0,0,Driver Inattention/Distraction,4492013,0.7,-6.7,0.0,0.0,0.0,0.0,3,20.0,36.4,287,Overcast,0,0,
38547,2022-01-04 15:40:00,40.695004,-73.9525,1,0,Passing or Lane Usage Improper,4492264,0.7,-6.7,0.0,0.0,0.0,0.0,3,20.0,36.4,287,Overcast,1,1,
38548,2022-01-04 23:10:00,40.816032,-73.90809,0,0,Passing Too Closely,4492072,0.7,-6.7,0.0,0.0,0.0,0.0,3,20.0,36.4,287,Overcast,0,0,
38549,2022-01-04 18:00:00,40.710785,-73.95995,1,0,View Obstructed/Limited,4492548,0.7,-6.7,0.0,0.0,0.0,0.0,3,20.0,36.4,287,Overcast,1,1,
38550,2022-01-04 01:03:00,40.66653,-73.806274,1,0,Reaction to Uninvolved Vehicle,4491800,0.7,-6.7,0.0,0.0,0.0,0.0,3,20.0,36.4,287,Overcast,1,1,
38551,2022-01-04 16:35:00,40.765057,-73.81293,0,0,Following Too Closely,4492046,0.7,-6.7,0.0,0.0,0.0,0.0,3,20.0,36.4,287,Overcast,0,0,
38552,2022-01-04 20:44:00,40.709415,-73.87022,0,0,Failure to Yield Right-of-Way,4492141,0.7,-6.7,0.0,0.0,0.0,0.0,3,20.0,36.4,287,Overcast,0,0,
38553,2022-01-02 07:00:00,40.835808,-73.949455,1,0,Unspecified,4492465,13.1,2.7,16.0,16.0,0.0,8.0,65,25.1,52.6,318,Rain: Heavy,1,1,
38554,2022-01-04 02:00:00,40.672234,-73.88471,0,0,Failure to Yield Right-of-Way,4491852,0.7,-6.7,0.0,0.0,0.0,0.0,3,20.0,36.4,287,Overcast,0,0,
38555,2022-01-04 10:11:00,40.655678,-73.95909,0,0,Unspecified,4492155,0.7,-6.7,0.0,0.0,0.0,0.0,3,20.0,36.4,287,Overcast,0,0,
38556,2021-01-06 07:00:00,40.661934,-73.76048,0,0,Unspecified,4492543,4.6,-1.0,0.0,0.0,0.0,0.0,3,21.9,42.1,327,Overcast,0,0,
38557,2022-01-04 07:20:00,40.67936,-73.879745,0,0,Unspecified,4492437,0.7,-6.7,0.0,0.0,0.0,0.0,3,20.0,36.4,287,Overcast,0,0,
38558,2022-01-04 06:31:00,40.61516,-74.023964,0,0,Failure to Yield Right-of-Way,4491879,0.7,-6.7,0.0,0.0,0.0,0.0,3,20.0,36.4,287,Overcast,0,0,
38559,2022-01-04 00:35:00,40.732563,-73.99159,0,0,Driver Inattention/Distraction,4491991,0.7,-6.7,0.0,0.0,0.0,0.0,3,20.0,36.4,287,Overcast,0,0,
38560,2022-01-04 10:30:00,40.659725,-73.95681,0,0,Following Too Closely,4492278,0.7,-6.7,0.0,0.0,0.0,0.0,3,20.0,36.4,287,Overcast,0,0,
38561,2022-01-01 18:54:00,40.721996,-73.9004,1,0,Alcohol Involvement,4492408,11.7,7.5,19.4,19.4,0.0,19.0,63,13.9,22.3,161,Rain: Moderate,1,1,
38562,2022-01-04 15:00:00,40.826523,-73.93116,0,0,Driver Inattention/Distraction,4491972,0.7,-6.7,0.0,0.0,0.0,0.0,3,20.0,36.4,287,Overcast,0,0,
38563,2022-01-04 12:15:00,40.761147,-73.97952,2,0,Driver Inattention/Distraction,4491925,0.7,-6.7,0.0,0.0,0.0,0.0,3,20.0,36.4,287,Overcast,2,2,
38564,2022-01-04 09:50:00,40.740276,-73.92782,0,0,Driver Inattention/Distraction,4491965,0.7,-6.7,0.0,0.0,0.0,0.0,3,20.0,36.4,287,Overcast,0,0,
38565,2022-01-04 07:42:00,0.0,0.0,0,0,Unsafe Lane Changing,4491927,0.7,-6.7,0.0,0.0,0.0,0.0,3,20.0,36.4,287,Overcast,0,0,
38566,2022-01-02 15:28:00,40.636566,-74.031586,0,0,Turning Improperly,4492577,13.1,2.7,16.0,16.0,0.0,8.0,65,25.1,52.6,318,Rain: Heavy,0,0,
38567,2022-01-04 21:50:00,40.778603,-73.846115,0,0,Unspecified,4491986,0.7,-6.7,0.0,0.0,0.0,0.0,3,20.0,36.4,287,Overcast,0,0,
38568,2022-01-04 08:31:00,40.698013,-73.90265,2,0,Unspecified,4491897,0.7,-6.7,0.0,0.0,0.0,0.0,3,20.0,36.4,287,Overcast,2,2,
38569,2022-01-04 09:05:00,40.65434,-73.94704,0,0,Driver Inattention/Distraction,4492123,0.7,-6.7,0.0,0.0,0.0,0.0,3,20.0,36.4,287,Overcast,0,0,
38570,2022-01-04 18:30:00,40.705322,-74.00888,0,0,Passing or Lane Usage Improper,4492181,0.7,-6.7,0.0,0.0,0.0,0.0,3,20.0,36.4,287,Overcast,0,0,
38571,2022-01-04 07:15:00,40.74091,-73.83727,0,0,Reaction to Uninvolved Vehicle,4492359,0.7,-6.7,0.0,0.0,0.0,0.0,3,20.0,36.4,287,Overcast,0,0,
38572,2022-01-01 17:26:00,40.713062,-73.90891,0,0,Unspecified,4492413,11.7,7.5,19.4,19.4,0.0,19.0,63,13.9,22.3,161,Rain: Moderate,0,0,
38573,2022-01-04 08:50:00,40.71697,-73.9608,0,0,Driver Inattention/Distraction,4491921,0.7,-6.7,0.0,0.0,0.0,0.0,3,20.0,36.4,287,Overcast,0,0,
38574,2022-01-04 00:00:00,40.649975,-73.97772,0,0,Driver Inattention/Distraction,4491980,0.7,-6.7,0.0,0.0,0.0,0.0,3,20.0,36.4,287,Overcast,0,0,
38575,2022-01-04 19:00:00,40.843956,-73.8978,1,0,Following Too Closely,4492056,0.7,-6.7,0.0,0.0,0.0,0.0,3,20.0,36.4,287,Overcast,1,1,
38576,2022-01-04 17:40:00,40.864235,-73.86452,0,0,Other Vehicular,4492337,0.7,-6.7,0.0,0.0,0.0,0.0,3,20.0,36.4,287,Overcast,0,0,
38577,2021-11-29 20:47:00,40.826275,-73.85971,1,0,Reaction to Uninvolved Vehicle,4492488,5.8,-0.8,0.4,0.4,0.0,3.0,51,20.6,38.2,312,Drizzle: Light,1,1,
38578,2022-01-04 06:13:00,40.730972,-73.92204,2,0,Driver Inattention/Distraction,4491992,0.7,-6.7,0.0,0.0,0.0,0.0,3,20.0,36.4,287,Overcast,2,2,
38579,2022-01-04 15:05:00,40.750965,-73.94027,0,0,Unspecified,4492027,0.7,-6.7,0.0,0.0,0.0,0.0,3,20.0,36.4,287,Overcast,0,0,
38580,2021-12-26 13:15:00,40.81373,-73.9221,1,0,Failure to Yield Right-of-Way,4492597,8.9,3.4,0.0,0.0,0.0,0.0,3,21.9,38.9,316,Overcast,1,1,
38581,2022-01-04 13:37:00,40.660137,-73.983925,2,0,Unsafe Lane Changing,4491950,0.7,-6.7,0.0,0.0,0.0,0.0,3,20.0,36.4,287,Overcast,2,2,
38582,2022-01-01 07:22:00,40.845432,-73.93658,0,0,Unspecified,4492464,11.7,7.5,19.4,19.4,0.0,19.0,63,13.9,22.3,161,Rain: Moderate,0,0,
38583,2022-01-01 18:46:00,40.877106,-73.90616,1,0,Pavement Slippery,4492374,11.7,7.5,19.4,19.4,0.0,19.0,63,13.9,22.3,161,Rain: Moderate,1,1,
38584,2021-01-05 13:56:00,40.743397,-73.9384,1,0,View Obstructed/Limited,4492399,4.9,0.8,0.0,0.0,0.0,0.0,3,11.3,22.0,353,Overcast,1,1,
38585,2022-01-04 19:00:00,40.674385,-73.88795,0,0,Unsafe Lane Changing,4492456,0.7,-6.7,0.0,0.0,0.0,0.0,3,20.0,36.4,287,Overcast,0,0,
38586,2022-01-04 05:18:00,40.70739,-73.95054,1,0,Traffic Control Device Improper/Non-Working,4492555,0.7,-6.7,0.0,0.0,0.0,0.0,3,20.0,36.4,287,Overcast,1,1,
38587,2022-01-04 00:00:00,40.82523,-73.94761,1,0,Passing Too Closely,4492089,0.7,-6.7,0.0,0.0,0.0,0.0,3,20.0,36.4,287,Overcast,1,1,
38588,2022-01-04 12:48:00,40.672226,-73.94472,2,0,Driver Inattention/Distraction,4492517,0.7,-6.7,0.0,0.0,0.0,0.0,3,20.0,36.4,287,Overcast,2,2,
38589,2022-01-04 10:30:00,40.655632,-73.95987,0,0,Turning Improperly,4492156,0.7,-6.7,0.0,0.0,0.0,0.0,3,20.0,36.4,287,Overcast,0,0,
38590,2022-01-04 11:40:00,40.61441,-73.941505,0,0,Unspecified,4492034,0.7,-6.7,0.0,0.0,0.0,0.0,3,20.0,36.4,287,Overcast,0,0,
38591,2022-01-04 19:00:00,40.804585,-73.91213,0,0,Unspecified,4492298,0.7,-6.7,0.0,0.0,0.0,0.0,3,20.0,36.4,287,Overcast,0,0,
38592,2022-01-04 10:40:00,40.80684,-73.9275,0,0,Driver Inattention/Distraction,4491998,0.7,-6.7,0.0,0.0,0.0,0.0,3,20.0,36.4,287,Overcast,0,0,
38593,2021-12-31 17:00:00,40.838207,-73.93723,0,0,Unspecified,4492472,11.1,7.1,2.7,2.7,0.0,5.0,55,14.9,29.2,193,Drizzle: Dense,0,0,
38594,2022-01-04 15:00:00,40.76877,-73.82754,1,0,Failure to Yield Right-of-Way,4492235,0.7,-6.7,0.0,0.0,0.0,0.0,3,20.0,36.4,287,Overcast,1,1,
38595,2022-01-04 04:00:00,40.843517,-73.83384,0,0,Driver Inattention/Distraction,4492048,0.7,-6.7,0.0,0.0,0.0,0.0,3,20.0,36.4,287,Overcast,0,0,
38596,2022-01-04 21:35:00,40.6405,-73.88814,3,0,Unspecified,4492238,0.7,-6.7,0.0,0.0,0.0,0.0,3,20.0,36.4,287,Overcast,3,3,
38597,2021-10-13 10:00:00,40.8323449,-73.9044514,0,0,Passing Too Closely,4466854,21.7,14.8,0.1,0.1,0.0,1.0,51,12.2,23.0,200,Drizzle: Light,0,0,
38598,2022-01-04 03:15:00,40.862442,-73.89715,0,0,Alcohol Involvement,4492147,0.7,-6.7,0.0,0.0,0.0,0.0,3,20.0,36.4,287,Overcast,0,0,
38599,2022-01-04 17:40:00,40.820213,-73.90053,1,0,Unspecified,4492527,0.7,-6.7,0.0,0.0,0.0,0.0,3,20.0,36.4,287,Overcast,1,1,
38600,2022-01-04 21:22:00,40.754066,-73.915276,0,0,Driver Inattention/Distraction,4492615,0.7,-6.7,0.0,0.0,0.0,0.0,3,20.0,36.4,287,Overcast,0,0,
38601,2022-01-04 11:10:00,40.737694,-73.85721,0,0,Driver Inattention/Distraction,4492021,0.7,-6.7,0.0,0.0,0.0,0.0,3,20.0,36.4,287,Overcast,0,0,
38602,2022-09-21 12:00:00,40.770214,-73.90235,0,0,Unsafe Speed,4567213,26.5,16.0,0.0,0.0,0.0,0.0,3,19.4,36.7,252,Overcast,0,0,
38603,2022-01-04 02:45:00,40.873592,-73.88506,0,0,Unspecified,4492494,0.7,-6.7,0.0,0.0,0.0,0.0,3,20.0,36.4,287,Overcast,0,0,
38604,2022-01-04 05:06:00,40.7767,-73.93427,0,0,Backing Unsafely,4491853,0.7,-6.7,0.0,0.0,0.0,0.0,3,20.0,36.4,287,Overcast,0,0,
38605,2022-01-02 20:55:00,40.700424,-73.9444,0,0,Failure to Yield Right-of-Way,4492547,13.1,2.7,16.0,16.0,0.0,8.0,65,25.1,52.6,318,Rain: Heavy,0,0,
38606,2022-01-04 13:00:00,40.60485,-74.02559,2,0,Reaction to Uninvolved Vehicle,4491997,0.7,-6.7,0.0,0.0,0.0,0.0,3,20.0,36.4,287,Overcast,2,2,
38607,2022-01-04 08:51:00,40.66626,-73.95957,0,0,Unspecified,4492149,0.7,-6.7,0.0,0.0,0.0,0.0,3,20.0,36.4,287,Overcast,0,0,
38608,2022-01-04 14:39:00,40.610188,-73.939354,2,0,Driver Inattention/Distraction,4492035,0.7,-6.7,0.0,0.0,0.0,0.0,3,20.0,36.4,287,Overcast,2,2,
38609,2022-01-04 07:00:00,40.680904,-73.86765,0,0,Unspecified,4492436,0.7,-6.7,0.0,0.0,0.0,0.0,3,20.0,36.4,287,Overcast,0,0,
38610,2022-01-03 00:01:00,40.84552,-73.93469,0,0,Unspecified,4492470,2.0,-4.4,1.4,0.0,0.98,6.0,73,29.3,55.4,359,Snow fall: Moderate,0,0,Snowy Conditions
38611,2022-01-04 12:45:00,40.729515,-73.8715,3,0,Failure to Yield Right-of-Way,4492074,0.7,-6.7,0.0,0.0,0.0,0.0,3,20.0,36.4,287,Overcast,3,3,
38612,2022-01-04 22:50:00,40.709896,-73.83941,0,0,Unspecified,4492586,0.7,-6.7,0.0,0.0,0.0,0.0,3,20.0,36.4,287,Overcast,0,0,
38613,2022-01-04 07:45:00,40.69678,-73.78375,0,0,Turning Improperly,4491946,0.7,-6.7,0.0,0.0,0.0,0.0,3,20.0,36.4,287,Overcast,0,0,
38614,2022-01-04 13:30:00,40.740894,-73.89961,0,0,Turning Improperly,4491967,0.7,-6.7,0.0,0.0,0.0,0.0,3,20.0,36.4,287,Overcast,0,0,