,CRASH DATETIME,LATITUDE,LONGITUDE,NUMBER OF PERSONS INJURED,NUMBER OF PERSONS KILLED,CONTRIBUTING FACTOR VEHICLE 1,COLLISION_ID,temperature_2m_max,temperature_2m_min,precipitation_sum,rain_sum,snowfall_sum,precipitation_hours,weather_code,wind_speed_10m_max,wind_gusts_10m_max,wind_direction_10m_dominant,Weather Description,Severity_Score,Total_Affected_Persons,Weather_Category
38615,2022-01-04 18:14:00,40.737602,-73.79583,0,0,Backing Unsafely,4492362,0.7,-6.7,0.0,0.0,0.0,0.0,3,20.0,36.4,287,Overcast,0,0,
38616,2022-01-04 10:00:00,40.74163,-73.880714,0,0,Unspecified,4492015,0.7,-6.7,0.0,0.0,0.0,0.0,3,20.0,36.4,287,Overcast,0,0,
38617,2022-01-04 08:48:00,40.86314,-73.8636,1,0,Failure to Yield Right-of-Way,4491922,0.7,-6.7,0.0,0.0,0.0,0.0,3,20.0,36.4,287,Overcast,1,1,
38618,2022-01-04 17:45:00,40.682343,-73.800835,0,0,Other Vehicular,4492376,0.7,-6.7,0.0,0.0,0.0,0.0,3,20.0,36.4,287,Overcast,0,0,
38619,2022-01-04 16:45:00,40.59285,-73.97381,1,0,Unspecified,4491961,0.7,-6.7,0.0,0.0,0.0,0.0,3,20.0,36.4,287,Overcast,1,1,
38620,2022-01-04 17:32:00,40.847775,-73.88916,0,0,Turning Improperly,4492055,0.7,-6.7,0.0,0.0,0.0,0.0,3,20.0,36.4,287,Overcast,0,0,
38621,2021-12-28 00:34:00,40.824425,-73.87271,2,0,Unspecified,4492489,8.5,2.2,0.0,0.0,0.0,0.0,3,12.5,22.0,271,Overcast,2,2,
38622,2022-01-03 13:00:00,40.706512,-73.9309,0,0,Driver Inattention/Distraction,4492554,2.0,-4.4,1.4,0.0,0.98,6.0,73,29.3,55.4,359,Snow fall: Moderate,0,0,Snowy Conditions
38623,2021-12-16 23:00:00,40.63326,-74.095184,0,0,Unspecified,4492421,14.6,9.9,0.0,0.0,0.0,0.0,3,22.4,38.5,222,Overcast,0,0,
38624,2022-01-04 13:55:00,40.66479,-73.91532,2,0,Unspecified,4492006,0.7,-6.7,0.0,0.0,0.0,0.0,3,20.0,36.4,287,Overcast,2,2,
38625,2022-01-04 03:24:00,40.732513,-73.853645,0,0,Alcohol Involvement,4492063,0.7,-6.7,0.0,0.0,0.0,0.0,3,20.0,36.4,287,Overcast,0,0,
38626,2022-01-03 17:58:00,40.844154,-73.84591,0,0,Turning Improperly,4492475,2.0,-4.4,1.4,0.0,0.98,6.0,73,29.3,55.4,359,Snow fall: Moderate,0,0,Snowy Conditions
38627,2022-01-04 08:55:00,40.731426,-73.79867,0,0,Unspecified,4492354,0.7,-6.7,0.0,0.0,0.0,0.0,3,20.0,36.4,287,Overcast,0,0,
38628,2022-01-04 05:30:00,40.80641,-73.94227,1,0,Unspecified,4491878,0.7,-6.7,0.0,0.0,0.0,0.0,3,20.0,36.4,287,Overcast,1,1,
38629,2021-12-31 14:50:00,40.718555,-73.91518,2,0,Oversized Vehicle,4492412,11.1,7.1,2.7,2.7,0.0,5.0,55,14.9,29.2,193,Drizzle: Dense,2,2,
38630,2022-01-04 09:34:00,40.696198,-73.98877,0,0,Driver Inattention/Distraction,4491987,0.7,-6.7,0.0,0.0,0.0,0.0,3,20.0,36.4,287,Overcast,0,0,
38631,2022-01-04 16:00:00,40.69447,-73.78147,0,0,Failure to Yield Right-of-Way,4492380,0.7,-6.7,0.0,0.0,0.0,0.0,3,20.0,36.4,287,Overcast,0,0,
38632,2022-01-04 08:00:00,40.863235,-73.92693,0,0,Passing or Lane Usage Improper,4492276,0.7,-6.7,0.0,0.0,0.0,0.0,3,20.0,36.4,287,Overcast,0,0,
38633,2022-01-04 14:50:00,40.630924,-74.07728,0,0,Driver Inattention/Distraction,4492106,0.7,-6.7,0.0,0.0,0.0,0.0,3,20.0,36.4,287,Overcast,0,0,
38634,2022-01-04 10:04:00,40.594425,-73.995316,1,0,Unsafe Lane Changing,4492173,0.7,-6.7,0.0,0.0,0.0,0.0,3,20.0,36.4,287,Overcast,1,1,
38635,2022-01-04 13:00:00,40.6772,-73.92661,2,0,Driver Inattention/Distraction,4492477,0.7,-6.7,0.0,0.0,0.0,0.0,3,20.0,36.4,287,Overcast,2,2,
38636,2022-01-04 17:44:00,40.76229,-73.974464,0,0,Driver Inattention/Distraction,4492025,0.7,-6.7,0.0,0.0,0.0,0.0,3,20.0,36.4,287,Overcast,0,0,
38637,2022-01-04 21:56:00,40.58406,-73.96901,0,0,Animals Action,4492417,0.7,-6.7,0.0,0.0,0.0,0.0,3,20.0,36.4,287,Overcast,0,0,
38638,2022-01-02 21:00:00,40.665474,-73.9,0,0,Turning Improperly,4492457,13.1,2.7,16.0,16.0,0.0,8.0,65,25.1,52.6,318,Rain: Heavy,0,0,
38639,2022-01-04 21:09:00,40.82881,-73.90828,0,0,Unspecified,4492062,0.7,-6.7,0.0,0.0,0.0,0.0,3,20.0,36.4,287,Overcast,0,0,
38640,2021-12-23 17:40:00,40.853306,-73.89613,0,0,Driver Inattention/Distraction,4492385,2.1,-2.3,0.0,0.0,0.0,0.0,3,20.1,35.6,299,Overcast,0,0,
38641,2022-01-04 08:50:00,40.764706,-73.811005,0,0,Failure to Yield Right-of-Way,4491891,0.7,-6.7,0.0,0.0,0.0,0.0,3,20.0,36.4,287,Overcast,0,0,
38642,2022-01-04 14:45:00,40.90651,-73.84889,0,0,Glare,4492212,0.7,-6.7,0.0,0.0,0.0,0.0,3,20.0,36.4,287,Overcast,0,0,
38643,2022-01-04 17:01:00,40.749237,-73.77547,0,0,Driver Inattention/Distraction,4491971,0.7,-6.7,0.0,0.0,0.0,0.0,3,20.0,36.4,287,Overcast,0,0,
38644,2022-01-04 19:30:00,40.842163,-73.88902,1,0,Driver Inattention/Distraction,4492241,0.7,-6.7,0.0,0.0,0.0,0.0,3,20.0,36.4,287,Overcast,1,1,
38645,2022-01-04 08:20:00,40.766666,-73.9304,1,0,View Obstructed/Limited,4492020,0.7,-6.7,0.0,0.0,0.0,0.0,3,20.0,36.4,287,Overcast,1,1,
38646,2022-01-04 16:15:00,40.712532,-74.007675,1,0,Alcohol Involvement,4492187,0.7,-6.7,0.0,0.0,0.0,0.0,3,20.0,36.4,287,Overcast,1,1,
38647,2021-12-18 10:27:00,40.888477,-73.841835,1,0,Accelerator Defective,4492514,6.3,4.5,3.8,3.8,0.0,9.0,61,12.3,24.5,35,Rain: Light,1,1,
38648,2022-01-04 16:35:00,40.84825,-73.90975,0,0,Backing Unsafely,4492083,0.7,-6.7,0.0,0.0,0.0,0.0,3,20.0,36.4,287,Overcast,0,0,
38649,2021-12-17 15:00:00,40.693394,-73.78894,0,0,Driver Inattention/Distraction,4492538,13.9,6.1,0.0,0.0,0.0,0.0,3,21.5,37.1,265,Overcast,0,0,
38650,2022-02-20 22:00:00,40.666306,-73.79171,0,0,Following Too Closely,4504319,2.4,-6.6,0.0,0.0,0.0,0.0,3,23.4,44.3,250,Overcast,0,0,
38651,2021-06-19 23:56:00,40.886,-73.86264,0,0,Fell Asleep,4429117,31.5,19.5,1.2,1.2,0.0,3.0,53,21.1,38.2,243,Drizzle: Moderate,0,0,
38652,2022-01-04 05:03:00,40.80549,-73.91031,1,0,Driver Inattention/Distraction,4491813,0.7,-6.7,0.0,0.0,0.0,0.0,3,20.0,36.4,287,Overcast,1,1,
38653,2022-01-02 19:00:00,40.67643,-73.89128,0,0,Unspecified,4492440,13.1,2.7,16.0,16.0,0.0,8.0,65,25.1,52.6,318,Rain: Heavy,0,0,
38654,2021-12-23 00:00:00,40.680946,-73.79225,0,0,Backing Unsafely,4492377,2.1,-2.3,0.0,0.0,0.0,0.0,3,20.1,35.6,299,Overcast,0,0,
38655,2022-01-04 15:40:00,40.716278,-74.00454,0,0,Drugs (illegal),4491959,0.7,-6.7,0.0,0.0,0.0,0.0,3,20.0,36.4,287,Overcast,0,0,
38656,2022-01-04 16:29:00,40.63923,-73.99756,0,0,Passing Too Closely,4492305,0.7,-6.7,0.0,0.0,0.0,0.0,3,20.0,36.4,287,Overcast,0,0,
38657,2022-01-03 18:30:00,40.768887,-73.90691,1,0,Unspecified,4492611,2.0,-4.4,1.4,0.0,0.98,6.0,73,29.3,55.4,359,Snow fall: Moderate,1,1,Snowy Conditions
38658,2022-01-04 19:00:00,40.75744,-73.7735,0,0,Driver Inattention/Distraction,4491979,0.7,-6.7,0.0,0.0,0.0,0.0,3,20.0,36.4,287,Overcast,0,0,
38659,2021-12-31 10:00:00,40.83872,-73.91378,0,0,Aggressive Driving/Road Rage,4492371,11.1,7.1,2.7,2.7,0.0,5.0,55,14.9,29.2,193,Drizzle: Dense,0,0,
38660,2022-01-04 04:30:00,40.636078,-74.019714,0,0,Other Vehicular,4492003,0.7,-6.7,0.0,0.0,0.0,0.0,3,20.0,36.4,287,Overcast,0,0,
38661,2022-01-04 13:00:00,40.579052,-73.98415,0,0,Other Vehicular,4492402,0.7,-6.7,0.0,0.0,0.0,0.0,3,20.0,36.4,287,Overcast,0,0,
38662,2022-01-04 16:10:00,40.62202,-73.98726,0,0,Unspecified,4492313,0.7,-6.7,0.0,0.0,0.0,0.0,3,20.0,36.4,287,Overcast,0,0,
38663,2022-01-02 09:30:00,40.724136,-73.98191,0,0,Other Vehicular,4492390,13.1,2.7,16.0,16.0,0.0,8.0,65,25.1,52.6,318,Rain: Heavy,0,0,
38664,2022-01-02 02:07:00,40.7338,-73.81481,0,0,Unsafe Speed,4492415,13.1,2.7,16.0,16.0,0.0,8.0,65,25.1,52.6,318,Rain: Heavy,0,0,
38665,2022-01-04 07:15:00,40.744667,-73.971146,0,0,Alcohol Involvement,4491923,0.7,-6.7,0.0,0.0,0.0,0.0,3,20.0,36.4,287,Overcast,0,0,
38666,2022-01-04 12:57:00,40.716682,-73.98244,1,0,Unspecified,4491977,0.7,-6.7,0.0,0.0,0.0,0.0,3,20.0,36.4,287,Overcast,1,1,
38667,2022-01-04 19:07:00,40.880405,-73.87873,0,0,Unspecified,4492151,0.7,-6.7,0.0,0.0,0.0,0.0,3,20.0,36.4,287,Overcast,0,0,
38668,2022-01-04 14:25:00,40.65393,-73.86744,1,0,,4492439,0.7,-6.7,0.0,0.0,0.0,0.0,3,20.0,36.4,287,Overcast,1,1,
38669,2022-01-04 06:00:00,0.0,0.0,1,0,Failure to Yield Right-of-Way,4492582,0.7,-6.7,0.0,0.0,0.0,0.0,3,20.0,36.4,287,Overcast,1,1,
38670,2022-01-04 07:50:00,40.60915,-74.14987,2,0,Glare,4491930,0.7,-6.7,0.0,0.0,0.0,0.0,3,20.0,36.4,287,Overcast,2,2,
38671,2022-01-04 09:45:00,40.73916,-73.857956,0,0,Driver Inattention/Distraction,4492017,0.7,-6.7,0.0,0.0,0.0,0.0,3,20.0,36.4,287,Overcast,0,0,
38672,2022-01-04 06:30:00,40.8205,-73.891075,0,0,Unspecified,4491890,0.7,-6.7,0.0,0.0,0.0,0.0,3,20.0,36.4,287,Overcast,0,0,
38673,2022-01-04 16:10:00,40.65768,-73.9503,0,0,Driver Inattention/Distraction,4492280,0.7,-6.7,0.0,0.0,0.0,0.0,3,20.0,36.4,287,Overcast,0,0,
38674,2022-01-04 09:55:00,40.742935,-73.82773,0,0,Failure to Yield Right-of-Way,4491983,0.7,-6.7,0.0,0.0,0.0,0.0,3,20.0,36.4,287,Overcast,0,0,
38675,2022-01-04 13:35:00,40.759617,-73.961975,0,0,Driver Inattention/Distraction,4492507,0.7,-6.7,0.0,0.0,0.0,0.0,3,20.0,36.4,287,Overcast,0,0,
38676,2022-09-17 21:20:00,40.87647,-73.87058,0,0,Unspecified,4567089,22.9,16.8,0.0,0.0,0.0,0.0,3,16.9,32.0,115,Overcast,0,0,
38677,2022-01-04 13:20:00,40.68777,-73.98701,1,0,Failure to Yield Right-of-Way,4491989,0.7,-6.7,0.0,0.0,0.0,0.0,3,20.0,36.4,287,Overcast,1,1,
38678,2022-01-04 16:45:00,40.576706,-73.972824,0,0,Driver Inattention/Distraction,4492404,0.7,-6.7,0.0,0.0,0.0,0.0,3,20.0,36.4,287,Overcast,0,0,
38679,2022-01-04 15:38:00,40.699436,-73.91229,1,0,Unspecified,4492036,0.7,-6.7,0.0,0.0,0.0,0.0,3,20.0,36.4,287,Overcast,1,1,
38680,2022-01-04 14:06:00,40.739162,-73.78556,0,0,Unspecified,4492361,0.7,-6.7,0.0,0.0,0.0,0.0,3,20.0,36.4,287,Overcast,0,0,
38681,2022-01-03 01:00:00,40.721626,-73.90312,0,0,Failure to Yield Right-of-Way,4492410,2.0,-4.4,1.4,0.0,0.98,6.0,73,29.3,55.4,359,Snow fall: Moderate,0,0,Snowy Conditions
38682,2022-01-04 00:54:00,40.6483,-73.92807,0,0,Unspecified,4492126,0.7,-6.7,0.0,0.0,0.0,0.0,3,20.0,36.4,287,Overcast,0,0,
38683,2022-01-02 20:45:00,40.835484,-73.9494,0,0,Reaction to Uninvolved Vehicle,4492469,13.1,2.7,16.0,16.0,0.0,8.0,65,25.1,52.6,318,Rain: Heavy,0,0,
38684,2022-01-04 23:39:00,40.70591,-73.809105,0,0,Driver Inattention/Distraction,4492030,0.7,-6.7,0.0,0.0,0.0,0.0,3,20.0,36.4,287,Overcast,0,0,
38685,2022-01-04 18:00:00,40.82311,-73.88076,0,0,Unspecified,4492490,0.7,-6.7,0.0,0.0,0.0,0.0,3,20.0,36.4,287,Overcast,0,0,
38686,2022-01-04 15:00:00,40.766285,-73.98186,0,0,Driver Inattention/Distraction,4492024,0.7,-6.7,0.0,0.0,0.0,0.0,3,20.0,36.4,287,Overcast,0,0,
38687,2022-01-04 08:30:00,40.636784,-74.018974,1,0,Unspecified,4491874,0.7,-6.7,0.0,0.0,0.0,0.0,3,20.0,36.4,287,Overcast,1,1,
38688,2021-12-24 15:55:00,40.710316,-73.77173,0,0,Passing or Lane Usage Improper,4492539,5.7,-1.1,1.0,0.0,0.7,5.0,73,12.4,21.6,73,Snow fall: Moderate,0,0,Snowy Conditions
38689,2022-01-04 13:17:00,40.735596,-73.89901,0,0,Driver Inattention/Distraction,4491968,0.7,-6.7,0.0,0.0,0.0,0.0,3,20.0,36.4,287,Overcast,0,0,
38690,2022-01-04 10:45:00,40.827316,-73.91035,0,0,Unspecified,4492065,0.7,-6.7,0.0,0.0,0.0,0.0,3,20.0,36.4,287,Overcast,0,0,
38691,2022-01-04 13:22:00,0.0,0.0,0,0,Traffic Control Disregarded,4492444,0.7,-6.7,0.0,0.0,0.0,0.0,3,20.0,36.4,287,Overcast,0,0,
38692,2022-01-04 21:10:00,40.767494,-73.95933,1,0,Driver Inattention/Distraction,4492078,0.7,-6.7,0.0,0.0,0.0,0.0,3,20.0,36.4,287,Overcast,1,1,
38693,2022-01-03 14:15:00,40.882538,-73.82697,0,0,Unspecified,4492458,2.0,-4.4,1.4,0.0,0.98,6.0,73,29.3,55.4,359,Snow fall: Moderate,0,0,Snowy Conditions
38694,2022-01-04 11:25:00,40.795895,-73.93253,0,0,Unsafe Lane Changing,4492054,0.7,-6.7,0.0,0.0,0.0,0.0,3,20.0,36.4,287,Overcast,0,0,
38695,2022-01-04 18:15:00,40.6104,-73.9586,0,0,Unsafe Lane Changing,4492007,0.7,-6.7,0.0,0.0,0.0,0.0,3,20.0,36.4,287,Overcast,0,0,
38696,2022-01-02 20:25:00,40.67597,-73.933235,0,0,Driver Inattention/Distraction,4492520,13.1,2.7,16.0,16.0,0.0,8.0,65,25.1,52.6,318,Rain: Heavy,0,0,
38697,2022-01-04 22:50:00,40.708675,-73.94454,0,0,Driver Inattention/Distraction,4492551,0.7,-6.7,0.0,0.0,0.0,0.0,3,20.0,36.4,287,Overcast,0,0,
38698,2022-01-04 10:00:00,40.63758,-73.962654,0,0,Driver Inattention/Distraction,4492351,0.7,-6.7,0.0,0.0,0.0,0.0,3,20.0,36.4,287,Overcast,0,0,
38699,2021-12-31 12:00:00,40.613777,-74.08359,0,0,Driver Inattention/Distraction,4492422,11.1,7.1,2.7,2.7,0.0,5.0,55,14.9,29.2,193,Drizzle: Dense,0,0,
38700,2022-01-04 07:05:00,40.66709,-73.76376,0,0,Following Too Closely,4492100,0.7,-6.7,0.0,0.0,0.0,0.0,3,20.0,36.4,287,Overcast,0,0,
38701,2022-01-04 12:00:00,40.89718,-73.854195,0,0,Unspecified,4492214,0.7,-6.7,0.0,0.0,0.0,0.0,3,20.0,36.4,287,Overcast,0,0,
38702,2021-06-18 08:25:00,40.63272,-74.1617,0,0,Unspecified,4429346,27.4,13.8,0.0,0.0,0.0,0.0,3,20.5,40.3,210,Overcast,0,0,
38703,2021-10-14 10:12:00,40.7388389,-73.9799517,0,0,Unspecified,4467062,25.0,15.4,0.0,0.0,0.0,0.0,3,15.4,29.9,328,Overcast,0,0,
38704,2022-01-04 08:35:00,40.841076,-73.93977,2,0,Driver Inattention/Distraction,4492474,0.7,-6.7,0.0,0.0,0.0,0.0,3,20.0,36.4,287,Overcast,2,2,
38705,2022-02-18 01:50:00,40.721474,-73.98383,1,0,Failure to Yield Right-of-Way,4504714,15.6,-2.8,11.9,11.9,0.0,6.0,63,44.1,79.2,261,Rain: Moderate,1,1,
38706,2021-10-14 08:30:00,40.6212541,-74.0028565,1,0,Driver Inattention/Distraction,4467111,25.0,15.4,0.0,0.0,0.0,0.0,3,15.4,29.9,328,Overcast,1,1,
38707,2021-12-11 02:49:00,40.8733,-73.853645,0,0,Passing or Lane Usage Improper,4485986,17.3,5.0,8.1,8.1,0.0,5.0,63,35.0,67.0,206,Rain: Moderate,0,0,
38708,2021-12-11 02:35:00,40.687557,-73.93896,1,0,Traffic Control Disregarded,4485643,17.3,5.0,8.1,8.1,0.0,5.0,63,35.0,67.0,206,Rain: Moderate,1,1,
38709,2021-12-11 13:52:00,40.659023,-73.93118,0,0,Unsafe Lane Changing,4485702,17.3,5.0,8.1,8.1,0.0,5.0,63,35.0,67.0,206,Rain: Moderate,0,0,
38710,2021-12-09 06:45:00,40.8311,-73.85716,1,0,Driver Inattention/Distraction,4486109,3.6,-2.0,0.1,0.0,0.07,1.0,71,19.2,33.8,295,Snow fall: Light,1,1,Snowy Conditions
38711,2021-12-11 03:45:00,40.668987,-73.89514,0,0,Unspecified,4486018,17.3,5.0,8.1,8.1,0.0,5.0,63,35.0,67.0,206,Rain: Moderate,0,0,
38712,2021-11-30 07:11:00,40.85206,-73.934784,2,0,Driver Inattention/Distraction,4486153,4.7,-2.4,0.1,0.1,0.0,1.0,51,19.1,34.9,245,Drizzle: Light,2,2,
38713,2021-12-11 19:45:00,40.741234,-73.84573,0,0,Following Too Closely,4485718,17.3,5.0,8.1,8.1,0.0,5.0,63,35.0,67.0,206,Rain: Moderate,0,0,
38714,2021-11-24 14:29:00,40.822075,-73.84711,0,0,Unspecified,4486141,7.0,-1.6,0.0,0.0,0.0,0.0,3,18.4,33.1,305,Overcast,0,0,
38715,2021-12-10 00:00:00,40.685696,-73.87161,0,0,Unspecified,4486021,8.5,1.6,0.0,0.0,0.0,0.0,3,9.8,20.5,183,Overcast,0,0,
38716,2021-12-11 01:45:00,40.665855,-73.750046,1,0,Unspecified,4485306,17.3,5.0,8.1,8.1,0.0,5.0,63,35.0,67.0,206,Rain: Moderate,1,1,
38717,2021-12-09 10:45:00,40.654686,-73.87772,0,0,Reaction to Uninvolved Vehicle,4486092,3.6,-2.0,0.1,0.0,0.07,1.0,71,19.2,33.8,295,Snow fall: Light,0,0,Snowy Conditions
38718,2021-12-11 21:14:00,40.59654,-73.93538,0,0,Unspecified,4486047,17.3,5.0,8.1,8.1,0.0,5.0,63,35.0,67.0,206,Rain: Moderate,0,0,
38719,2021-12-11 00:00:00,40.753693,-73.89831,1,0,Pavement Slippery,4485545,17.3,5.0,8.1,8.1,0.0,5.0,63,35.0,67.0,206,Rain: Moderate,1,1,
38720,2021-12-11 05:00:00,40.664993,-73.80229,1,0,Following Too Closely,4485864,17.3,5.0,8.1,8.1,0.0,5.0,63,35.0,67.0,206,Rain: Moderate,1,1,
38721,2021-12-11 00:00:00,40.711464,-73.945854,0,0,Driver Inattention/Distraction,4485432,17.3,5.0,8.1,8.1,0.0,5.0,63,35.0,67.0,206,Rain: Moderate,0,0,
38722,2021-12-11 17:54:00,40.734566,-73.72269,0,0,Unspecified,4485835,17.3,5.0,8.1,8.1,0.0,5.0,63,35.0,67.0,206,Rain: Moderate,0,0,
38723,2021-12-11 23:35:00,40.854874,-73.916794,0,0,Other Vehicular,4486069,17.3,5.0,8.1,8.1,0.0,5.0,63,35.0,67.0,206,Rain: Moderate,0,0,
38724,2021-12-09 15:30:00,40.667114,-73.899734,1,0,Driver Inattention/Distraction,4486002,3.6,-2.0,0.1,0.0,0.07,1.0,71,19.2,33.8,295,Snow fall: Light,1,1,Snowy Conditions
38725,2021-12-11 07:22:00,40.83062,-73.903145,0,0,Driver Inattention/Distraction,4485656,17.3,5.0,8.1,8.1,0.0,5.0,63,35.0,67.0,206,Rain: Moderate,0,0,
38726,2021-12-11 23:15:00,40.711033,-73.7281,0,0,Unspecified,4486293,17.3,5.0,8.1,8.1,0.0,5.0,63,35.0,67.0,206,Rain: Moderate,0,0,
38727,2021-12-11 23:55:00,40.649868,-73.93409,0,0,Unspecified,4485681,17.3,5.0,8.1,8.1,0.0,5.0,63,35.0,67.0,206,Rain: Moderate,0,0,
38728,2021-12-11 18:00:00,40.7422,-73.840965,0,0,Driver Inattention/Distraction,4485977,17.3,5.0,8.1,8.1,0.0,5.0,63,35.0,67.0,206,Rain: Moderate,0,0,
38729,2021-12-11 14:20:00,40.85882,-73.9368,1,0,Unspecified,4485762,17.3,5.0,8.1,8.1,0.0,5.0,63,35.0,67.0,206,Rain: Moderate,1,1,
38730,2022-01-04 21:49:00,40.70412,-73.85405,0,0,Pavement Slippery,4492245,0.7,-6.7,0.0,0.0,0.0,0.0,3,20.0,36.4,287,Overcast,0,0,
38731,2022-01-04 12:36:00,40.876476,-73.904495,1,0,Unsafe Speed,4492480,0.7,-6.7,0.0,0.0,0.0,0.0,3,20.0,36.4,287,Overcast,1,1,
38732,2022-01-04 00:42:00,40.72083,-73.93814,1,1,Unsafe Speed,4491817,0.7,-6.7,0.0,0.0,0.0,0.0,3,20.0,36.4,287,Overcast,21,2,
38733,2021-12-26 22:30:00,0.0,0.0,0,0,Unspecified,4490583,8.9,3.4,0.0,0.0,0.0,0.0,3,21.9,38.9,316,Overcast,0,0,
38734,2022-01-02 09:50:00,40.674,-73.960396,0,0,Passing Too Closely,4492521,13.1,2.7,16.0,16.0,0.0,8.0,65,25.1,52.6,318,Rain: Heavy,0,0,
38735,2022-01-04 22:30:00,40.74533,-73.99105,0,0,Oversized Vehicle,4492029,0.7,-6.7,0.0,0.0,0.0,0.0,3,20.0,36.4,287,Overcast,0,0,
38736,2022-01-03 07:10:00,40.839622,-73.870285,1,0,Unspecified,4492378,2.0,-4.4,1.4,0.0,0.98,6.0,73,29.3,55.4,359,Snow fall: Moderate,1,1,Snowy Conditions
38737,2022-01-04 15:47:00,40.62524,-74.00947,0,0,Driver Inattention/Distraction,4491963,0.7,-6.7,0.0,0.0,0.0,0.0,3,20.0,36.4,287,Overcast,0,0,
38738,2022-01-01 13:00:00,40.836624,-73.92612,0,0,Passing or Lane Usage Improper,4492372,11.7,7.5,19.4,19.4,0.0,19.0,63,13.9,22.3,161,Rain: Moderate,0,0,
38739,2022-01-04 14:30:00,40.708755,-73.946815,0,0,Driver Inattention/Distraction,4492557,0.7,-6.7,0.0,0.0,0.0,0.0,3,20.0,36.4,287,Overcast,0,0,
38740,2022-01-04 13:32:00,40.650017,-73.87057,1,0,Driver Inattention/Distraction,4492452,0.7,-6.7,0.0,0.0,0.0,0.0,3,20.0,36.4,287,Overcast,1,1,
38741,2022-01-04 10:10:00,40.64632,-73.92981,1,0,Unspecified,4492125,0.7,-6.7,0.0,0.0,0.0,0.0,3,20.0,36.4,287,Overcast,1,1,
38742,2022-01-04 10:15:00,40.768177,-73.95692,0,0,Passing Too Closely,4492172,0.7,-6.7,0.0,0.0,0.0,0.0,3,20.0,36.4,287,Overcast,0,0,
38743,2022-01-04 20:30:00,40.682568,-73.79266,1,0,Failure to Yield Right-of-Way,4492418,0.7,-6.7,0.0,0.0,0.0,0.0,3,20.0,36.4,287,Overcast,1,1,
38744,2022-01-04 17:02:00,40.669865,-73.95051,0,0,Turning Improperly,4492281,0.7,-6.7,0.0,0.0,0.0,0.0,3,20.0,36.4,287,Overcast,0,0,
38745,2022-01-04 21:20:00,40.73642,-73.88939,0,0,Driver Inattention/Distraction,4491982,0.7,-6.7,0.0,0.0,0.0,0.0,3,20.0,36.4,287,Overcast,0,0,
38746,2022-01-04 19:21:00,40.58038,-73.967606,0,1,Unspecified,4492002,0.7,-6.7,0.0,0.0,0.0,0.0,3,20.0,36.4,287,Overcast,20,1,
38747,2022-01-04 08:30:00,40.858242,-73.88868,0,0,Driver Inattention/Distraction,4491917,0.7,-6.7,0.0,0.0,0.0,0.0,3,20.0,36.4,287,Overcast,0,0,
38748,2022-01-04 15:59:00,40.61462,-73.968666,4,0,Physical Disability,4492320,0.7,-6.7,0.0,0.0,0.0,0.0,3,20.0,36.4,287,Overcast,4,4,
38749,2022-01-04 12:00:00,40.599525,-73.74708,0,0,Unspecified,4492059,0.7,-6.7,0.0,0.0,0.0,0.0,3,20.0,36.4,287,Overcast,0,0,
38750,2021-01-06 08:30:00,40.741547,-73.86755,0,0,Driver Inattention/Distraction,4492605,4.6,-1.0,0.0,0.0,0.0,0.0,3,21.9,42.1,327,Overcast,0,0,
38751,2022-01-04 15:00:00,40.745125,-73.83143,1,0,Failure to Yield Right-of-Way,4491984,0.7,-6.7,0.0,0.0,0.0,0.0,3,20.0,36.4,287,Overcast,1,1,
38752,2022-01-04 17:20:00,40.763428,-73.96522,1,0,Driver Inattention/Distraction,4492009,0.7,-6.7,0.0,0.0,0.0,0.0,3,20.0,36.4,287,Overcast,1,1,
38753,2021-12-14 20:50:00,40.604397,-74.069,1,0,Driver Inattention/Distraction,4492433,10.4,3.1,0.0,0.0,0.0,0.0,3,18.5,31.3,322,Overcast,1,1,
38754,2022-01-04 19:40:00,40.755432,-73.815346,0,0,Passing Too Closely,4492396,0.7,-6.7,0.0,0.0,0.0,0.0,3,20.0,36.4,287,Overcast,0,0,
38755,2021-12-26 19:10:00,40.63823,-74.078316,0,0,Unspecified,4492405,8.9,3.4,0.0,0.0,0.0,0.0,3,21.9,38.9,316,Overcast,0,0,
38756,2022-01-04 07:00:00,40.831024,-73.9027,0,0,Backing Unsafely,4491903,0.7,-6.7,0.0,0.0,0.0,0.0,3,20.0,36.4,287,Overcast,0,0,
38757,2022-01-04 22:30:00,40.849182,-73.85386,0,0,Turning Improperly,4492186,0.7,-6.7,0.0,0.0,0.0,0.0,3,20.0,36.4,287,Overcast,0,0,
38758,2022-01-04 09:50:00,40.87932,-73.869804,1,0,Tire Failure/Inadequate,4491953,0.7,-6.7,0.0,0.0,0.0,0.0,3,20.0,36.4,287,Overcast,1,1,
38759,2022-01-04 15:00:00,40.723183,-73.90706,0,0,Passing Too Closely,4492347,0.7,-6.7,0.0,0.0,0.0,0.0,3,20.0,36.4,287,Overcast,0,0,
38760,2022-01-04 07:05:00,40.804066,-73.93117,0,0,Failure to Yield Right-of-Way,4491887,0.7,-6.7,0.0,0.0,0.0,0.0,3,20.0,36.4,287,Overcast,0,0,
38761,2022-01-04 16:45:00,40.818375,-73.8908,1,0,Unspecified,4492018,0.7,-6.7,0.0,0.0,0.0,0.0,3,20.0,36.4,287,Overcast,1,1,
38762,2022-01-04 12:18:00,40.667744,-73.95902,0,0,Driver Inattention/Distraction,4492279,0.7,-6.7,0.0,0.0,0.0,0.0,3,20.0,36.4,287,Overcast,0,0,
38763,2022-01-04 15:37:00,40.757797,-73.79123,0,0,Driver Inattention/Distraction,4491973,0.7,-6.7,0.0,0.0,0.0,0.0,3,20.0,36.4,287,Overcast,0,0,
38764,2022-01-02 21:00:00,40.706917,-73.93972,1,0,Unspecified,4492550,13.1,2.7,16.0,16.0,0.0,8.0,65,25.1,52.6,318,Rain: Heavy,1,1,