,CRASH DATETIME,LATITUDE,LONGITUDE,NUMBER OF PERSONS INJURED,NUMBER OF PERSONS KILLED,CONTRIBUTING FACTOR VEHICLE 1,COLLISION_ID,temperature_2m_max,temperature_2m_min,precipitation_sum,rain_sum,snowfall_sum,precipitation_hours,weather_code,wind_speed_10m_max,wind_gusts_10m_max,wind_direction_10m_dominant,Weather Description,Severity_Score,Total_Affected_Persons,Weather_Category
38765,2022-01-04 15:15:00,40.595203,-73.75603,0,0,Failure to Yield Right-of-Way,4492066,0.7,-6.7,0.0,0.0,0.0,0.0,3,20.0,36.4,287,Overcast,0,0,
38766,2022-01-04 18:55:00,40.704308,-73.91924,0,0,Passing or Lane Usage Improper,4492038,0.7,-6.7,0.0,0.0,0.0,0.0,3,20.0,36.4,287,Overcast,0,0,
38767,2022-01-04 09:58:00,40.67924,-73.89889,0,0,Unspecified,4492438,0.7,-6.7,0.0,0.0,0.0,0.0,3,20.0,36.4,287,Overcast,0,0,
38768,2022-01-01 19:40:00,40.83512,-73.94552,0,0,Failure to Yield Right-of-Way,4492468,11.7,7.5,19.4,19.4,0.0,19.0,63,13.9,22.3,161,Rain: Moderate,0,0,
38769,2022-01-04 21:00:00,40.844864,-73.92256,0,0,Unsafe Speed,4492082,0.7,-6.7,0.0,0.0,0.0,0.0,3,20.0,36.4,287,Overcast,0,0,
38770,2022-01-04 16:39:00,40.762676,-73.954346,1,0,Driver Inattention/Distraction,4491970,0.7,-6.7,0.0,0.0,0.0,0.0,3,20.0,36.4,287,Overcast,1,1,
38771,2022-01-04 10:10:00,40.639824,-73.91432,0,0,Unspecified,4491929,0.7,-6.7,0.0,0.0,0.0,0.0,3,20.0,36.4,287,Overcast,0,0,
38772,2022-01-02 04:45:00,40.72075,-73.98804,0,0,Driver Inattention/Distraction,4492580,13.1,2.7,16.0,16.0,0.0,8.0,65,25.1,52.6,318,Rain: Heavy,0,0,
38773,2022-01-04 05:50:00,40.72506,-73.75898,0,0,Unspecified,4492360,0.7,-6.7,0.0,0.0,0.0,0.0,3,20.0,36.4,287,Overcast,0,0,
38774,2022-01-01 05:53:00,40.69278,-73.902405,0,0,Unspecified,4492409,11.7,7.5,19.4,19.4,0.0,19.0,63,13.9,22.3,161,Rain: Moderate,0,0,
38775,2022-01-04 22:40:00,40.735645,-73.853584,1,0,Driver Inattention/Distraction,4491990,0.7,-6.7,0.0,0.0,0.0,0.0,3,20.0,36.4,287,Overcast,1,1,
38776,2022-01-04 14:35:00,40.769283,-73.82445,0,0,Failure to Yield Right-of-Way,4492136,0.7,-6.7,0.0,0.0,0.0,0.0,3,20.0,36.4,287,Overcast,0,0,
38777,2021-11-02 09:00:00,40.800217,-73.94045,0,0,Unspecified,4492382,11.4,7.0,0.6,0.6,0.0,4.0,51,14.1,28.1,271,Drizzle: Light,0,0,
38778,2022-01-04 18:35:00,40.68174,-73.95859,1,0,Unsafe Speed,4492265,0.7,-6.7,0.0,0.0,0.0,0.0,3,20.0,36.4,287,Overcast,1,1,
38779,2022-01-04 08:30:00,40.56527,-74.134605,1,0,Driver Inattention/Distraction,4491876,0.7,-6.7,0.0,0.0,0.0,0.0,3,20.0,36.4,287,Overcast,1,1,
38780,2022-01-04 09:15:00,40.76116,-73.93041,0,0,Driver Inattention/Distraction,4492022,0.7,-6.7,0.0,0.0,0.0,0.0,3,20.0,36.4,287,Overcast,0,0,
38781,2022-01-04 08:07:00,40.66644,-73.95361,3,0,Other Vehicular,4492152,0.7,-6.7,0.0,0.0,0.0,0.0,3,20.0,36.4,287,Overcast,3,3,
38782,2021-06-10 06:00:00,40.698406,-73.80647,0,0,Driver Inattention/Distraction,4429511,26.7,16.8,0.0,0.0,0.0,0.0,3,20.9,40.3,78,Overcast,0,0,
38783,2022-01-04 17:30:00,40.660286,-73.74298,0,0,Driverless/Runaway Vehicle,4491993,0.7,-6.7,0.0,0.0,0.0,0.0,3,20.0,36.4,287,Overcast,0,0,
38784,2022-01-02 04:30:00,40.759075,-73.86985,0,0,Traffic Control Disregarded,4492502,13.1,2.7,16.0,16.0,0.0,8.0,65,25.1,52.6,318,Rain: Heavy,0,0,
38785,2021-12-29 19:51:00,40.717834,-73.77491,1,0,Following Too Closely,4492540,7.6,4.1,8.1,8.1,0.0,8.0,61,12.2,24.1,52,Rain: Light,1,1,
38786,2022-01-04 00:00:00,40.66475,-73.89405,0,0,Unspecified,4492442,0.7,-6.7,0.0,0.0,0.0,0.0,3,20.0,36.4,287,Overcast,0,0,
38787,2022-01-04 16:46:00,40.73602,-73.98228,0,0,Pedestrian/Bicyclist/Other Pedestrian Error/Confusion,4492032,0.7,-6.7,0.0,0.0,0.0,0.0,3,20.0,36.4,287,Overcast,0,0,
38788,2022-01-04 15:54:00,40.60567,-74.030945,0,0,Unspecified,4492462,0.7,-6.7,0.0,0.0,0.0,0.0,3,20.0,36.4,287,Overcast,0,0,
38789,2022-01-04 09:30:00,40.640736,-73.98344,0,0,Unspecified,4492321,0.7,-6.7,0.0,0.0,0.0,0.0,3,20.0,36.4,287,Overcast,0,0,
38790,2022-01-04 04:55:00,40.605568,-74.03118,0,0,Passing or Lane Usage Improper,4491964,0.7,-6.7,0.0,0.0,0.0,0.0,3,20.0,36.4,287,Overcast,0,0,
38791,2021-12-31 14:10:00,40.86543,-73.86737,1,0,,4492379,11.1,7.1,2.7,2.7,0.0,5.0,55,14.9,29.2,193,Drizzle: Dense,1,1,
38792,2022-01-04 20:24:00,40.670124,-73.95528,2,0,Driver Inattention/Distraction,4492282,0.7,-6.7,0.0,0.0,0.0,0.0,3,20.0,36.4,287,Overcast,2,2,
38793,2022-01-04 06:15:00,40.879753,-73.85338,0,0,Unspecified,4491952,0.7,-6.7,0.0,0.0,0.0,0.0,3,20.0,36.4,287,Overcast,0,0,
38794,2022-01-04 14:32:00,40.76394,-73.828156,0,0,Passing Too Closely,4491985,0.7,-6.7,0.0,0.0,0.0,0.0,3,20.0,36.4,287,Overcast,0,0,
38795,2022-01-03 17:15:00,40.693844,-73.90119,0,0,Other Vehicular,4492414,2.0,-4.4,1.4,0.0,0.98,6.0,73,29.3,55.4,359,Snow fall: Moderate,0,0,Snowy Conditions
38796,2021-12-31 18:25:00,40.721485,-73.86658,0,0,Passing or Lane Usage Improper,4492406,11.1,7.1,2.7,2.7,0.0,5.0,55,14.9,29.2,193,Drizzle: Dense,0,0,
38797,2022-01-04 03:25:00,40.888065,-73.88772,1,0,Unspecified,4491918,0.7,-6.7,0.0,0.0,0.0,0.0,3,20.0,36.4,287,Overcast,1,1,
38798,2022-01-04 18:30:00,40.6496,-73.88371,0,0,Unspecified,4492453,0.7,-6.7,0.0,0.0,0.0,0.0,3,20.0,36.4,287,Overcast,0,0,
38799,2022-01-04 19:35:00,40.765724,-73.89239,1,0,Unspecified,4492090,0.7,-6.7,0.0,0.0,0.0,0.0,3,20.0,36.4,287,Overcast,1,1,
38800,2022-01-03 08:30:00,40.585,-73.82622,0,0,Unspecified,4492519,2.0,-4.4,1.4,0.0,0.98,6.0,73,29.3,55.4,359,Snow fall: Moderate,0,0,Snowy Conditions
38801,2022-01-03 13:00:00,40.67443,-73.96694,0,0,Driver Inattention/Distraction,4492522,2.0,-4.4,1.4,0.0,0.98,6.0,73,29.3,55.4,359,Snow fall: Moderate,0,0,Snowy Conditions
38802,2022-01-04 00:05:00,40.78729,-73.81345,1,0,Unsafe Speed,4491838,0.7,-6.7,0.0,0.0,0.0,0.0,3,20.0,36.4,287,Overcast,1,1,
38803,2022-01-04 23:00:00,40.708237,-74.0047,0,0,Driverless/Runaway Vehicle,4492182,0.7,-6.7,0.0,0.0,0.0,0.0,3,20.0,36.4,287,Overcast,0,0,
38804,2022-01-04 16:12:00,40.576504,-74.1037,0,0,Failure to Yield Right-of-Way,4492249,0.7,-6.7,0.0,0.0,0.0,0.0,3,20.0,36.4,287,Overcast,0,0,
38805,2022-01-04 12:55:00,40.647602,-73.955734,1,0,Unspecified,4492028,0.7,-6.7,0.0,0.0,0.0,0.0,3,20.0,36.4,287,Overcast,1,1,
38806,2022-01-04 15:30:00,40.61152,-74.098625,1,0,Driver Inattention/Distraction,4492419,0.7,-6.7,0.0,0.0,0.0,0.0,3,20.0,36.4,287,Overcast,1,1,
38807,2022-01-04 12:35:00,40.85579,-73.881,0,0,Driver Inattention/Distraction,4492058,0.7,-6.7,0.0,0.0,0.0,0.0,3,20.0,36.4,287,Overcast,0,0,
38808,2022-01-04 18:30:00,40.70377,-73.80522,0,0,View Obstructed/Limited,4492232,0.7,-6.7,0.0,0.0,0.0,0.0,3,20.0,36.4,287,Overcast,0,0,
38809,2022-01-04 00:43:00,40.72536,-73.93971,1,0,Unsafe Speed,4491899,0.7,-6.7,0.0,0.0,0.0,0.0,3,20.0,36.4,287,Overcast,1,1,
38810,2022-01-02 12:00:00,40.828114,-73.93107,0,0,Unspecified,4492373,13.1,2.7,16.0,16.0,0.0,8.0,65,25.1,52.6,318,Rain: Heavy,0,0,
38811,2022-01-01 03:04:00,40.850475,-73.915436,1,0,Traffic Control Disregarded,4492434,11.7,7.5,19.4,19.4,0.0,19.0,63,13.9,22.3,161,Rain: Moderate,1,1,
38812,2022-01-04 23:00:00,40.763363,-73.95925,0,0,Unspecified,4492012,0.7,-6.7,0.0,0.0,0.0,0.0,3,20.0,36.4,287,Overcast,0,0,
38813,2022-01-04 17:20:00,40.670403,-73.85629,0,0,Failure to Yield Right-of-Way,4492000,0.7,-6.7,0.0,0.0,0.0,0.0,3,20.0,36.4,287,Overcast,0,0,
38814,2022-01-03 17:25:00,40.62619,-74.11968,0,0,Unspecified,4492398,2.0,-4.4,1.4,0.0,0.98,6.0,73,29.3,55.4,359,Snow fall: Moderate,0,0,Snowy Conditions
38815,2022-01-04 04:00:00,40.618927,-74.16268,0,0,Driver Inattention/Distraction,4492053,0.7,-6.7,0.0,0.0,0.0,0.0,3,20.0,36.4,287,Overcast,0,0,
38816,2022-01-04 11:50:00,40.639977,-73.92623,1,0,Driver Inattention/Distraction,4492124,0.7,-6.7,0.0,0.0,0.0,0.0,3,20.0,36.4,287,Overcast,1,1,
38817,2022-01-04 16:10:00,40.715733,-73.96448,1,0,Failure to Yield Right-of-Way,4492556,0.7,-6.7,0.0,0.0,0.0,0.0,3,20.0,36.4,287,Overcast,1,1,
38818,2021-12-28 15:05:00,40.839405,-73.858574,0,0,Unspecified,4492487,8.5,2.2,0.0,0.0,0.0,0.0,3,12.5,22.0,271,Overcast,0,0,
38819,2022-01-04 17:00:00,40.80766,-73.94316,0,0,Driver Inattention/Distraction,4492160,0.7,-6.7,0.0,0.0,0.0,0.0,3,20.0,36.4,287,Overcast,0,0,
38820,2022-01-04 23:20:00,40.644512,-73.963135,0,0,Following Too Closely,4492033,0.7,-6.7,0.0,0.0,0.0,0.0,3,20.0,36.4,287,Overcast,0,0,
38821,2022-01-03 18:15:00,40.841652,-73.94115,0,0,Unspecified,4492473,2.0,-4.4,1.4,0.0,0.98,6.0,73,29.3,55.4,359,Snow fall: Moderate,0,0,Snowy Conditions
38822,2021-12-31 10:03:00,40.83981,-73.91314,0,0,Driver Inattention/Distraction,4492493,11.1,7.1,2.7,2.7,0.0,5.0,55,14.9,29.2,193,Drizzle: Dense,0,0,
38823,2022-01-04 22:05:00,40.72028,-73.963135,1,0,Aggressive Driving/Road Rage,4492067,0.7,-6.7,0.0,0.0,0.0,0.0,3,20.0,36.4,287,Overcast,1,1,
38824,2022-02-17 23:00:00,40.8466,-73.88346,0,0,Driver Inattention/Distraction,4504736,16.7,5.1,2.2,2.2,0.0,2.0,61,31.8,56.5,201,Rain: Light,0,0,
38825,2022-02-20 17:25:00,40.674576,-73.84844,0,0,Following Too Closely,4504356,2.4,-6.6,0.0,0.0,0.0,0.0,3,23.4,44.3,250,Overcast,0,0,
38826,2022-02-16 11:00:00,40.642845,-73.97826,1,0,Unspecified,4504681,6.2,-5.1,0.0,0.0,0.0,0.0,3,21.1,41.0,187,Overcast,1,1,
38827,2022-02-20 11:05:00,40.651733,-73.93039,1,0,Driver Inexperience,4504113,2.4,-6.6,0.0,0.0,0.0,0.0,3,23.4,44.3,250,Overcast,1,1,
38828,2022-02-20 18:15:00,40.71241,-73.83468,0,0,Other Vehicular,4504469,2.4,-6.6,0.0,0.0,0.0,0.0,3,23.4,44.3,250,Overcast,0,0,
38829,2022-02-20 19:40:00,40.755207,-73.86705,0,0,Driver Inattention/Distraction,4504248,2.4,-6.6,0.0,0.0,0.0,0.0,3,23.4,44.3,250,Overcast,0,0,
38830,2022-02-20 23:00:00,40.6094,-74.09011,2,0,Reaction to Uninvolved Vehicle,4504496,2.4,-6.6,0.0,0.0,0.0,0.0,3,23.4,44.3,250,Overcast,2,2,
38831,2021-03-13 22:18:00,40.83365,-73.845146,0,0,Unspecified,4399662,9.3,-1.6,0.0,0.0,0.0,0.0,0,30.8,56.5,304,Clear sky,0,0,Sunny/Clear Conditions
38832,2021-06-14 17:40:00,40.659485,-73.918304,1,0,Unspecified,4427173,21.4,17.5,21.7,21.7,0.0,11.0,65,21.1,48.6,154,Rain: Heavy,1,1,
38833,2021-06-19 04:39:00,40.79653,-73.97597,0,0,Following Too Closely,4428752,31.5,19.5,1.2,1.2,0.0,3.0,53,21.1,38.2,243,Drizzle: Moderate,0,0,
38834,2021-06-14 15:12:00,40.718678,-73.9405,0,0,Passing Too Closely,4429640,21.4,17.5,21.7,21.7,0.0,11.0,65,21.1,48.6,154,Rain: Heavy,0,0,
38835,2021-06-19 20:30:00,40.68651,-73.954544,0,0,Driver Inattention/Distraction,4428988,31.5,19.5,1.2,1.2,0.0,3.0,53,21.1,38.2,243,Drizzle: Moderate,0,0,
38836,2021-06-19 21:17:00,40.57548,-74.12265,1,0,Following Too Closely,4429541,31.5,19.5,1.2,1.2,0.0,3.0,53,21.1,38.2,243,Drizzle: Moderate,1,1,
38837,2021-06-19 01:25:00,40.76548,-73.913704,1,0,Unspecified,4428861,31.5,19.5,1.2,1.2,0.0,3.0,53,21.1,38.2,243,Drizzle: Moderate,1,1,
38838,2021-06-17 22:30:00,40.741665,-74.00114,0,0,Driver Inattention/Distraction,4429377,23.9,12.1,0.0,0.0,0.0,0.0,3,13.4,27.4,311,Overcast,0,0,
38839,2021-06-17 15:51:00,40.82146,-73.94461,0,0,Other Vehicular,4429353,23.9,12.1,0.0,0.0,0.0,0.0,3,13.4,27.4,311,Overcast,0,0,
38840,2021-06-19 03:30:00,40.68922,-73.72908,1,0,Driver Inattention/Distraction,4428548,31.5,19.5,1.2,1.2,0.0,3.0,53,21.1,38.2,243,Drizzle: Moderate,1,1,
38841,2021-06-19 21:27:00,40.6337,-73.96719,0,0,Failure to Yield Right-of-Way,4428804,31.5,19.5,1.2,1.2,0.0,3.0,53,21.1,38.2,243,Drizzle: Moderate,0,0,
38842,2021-06-18 12:35:00,40.5433,-74.16424,0,0,Unsafe Speed,4429549,27.4,13.8,0.0,0.0,0.0,0.0,3,20.5,40.3,210,Overcast,0,0,
38843,2021-06-19 10:00:00,40.671925,-73.904526,0,0,Unspecified,4428905,31.5,19.5,1.2,1.2,0.0,3.0,53,21.1,38.2,243,Drizzle: Moderate,0,0,
38844,2021-06-19 20:24:00,40.828953,-73.837,0,0,Unspecified,4429304,31.5,19.5,1.2,1.2,0.0,3.0,53,21.1,38.2,243,Drizzle: Moderate,0,0,
38845,2021-06-15 17:06:00,40.609463,-73.97419,1,0,Brakes Defective,4429412,25.1,17.4,1.0,1.0,0.0,4.0,53,17.7,33.8,295,Drizzle: Moderate,1,1,
38846,2021-06-19 19:00:00,40.84137,-73.84996,0,0,Unspecified,4429463,31.5,19.5,1.2,1.2,0.0,3.0,53,21.1,38.2,243,Drizzle: Moderate,0,0,
38847,2021-06-19 00:00:00,40.69285,-73.90355,0,0,Unsafe Speed,4428581,31.5,19.5,1.2,1.2,0.0,3.0,53,21.1,38.2,243,Drizzle: Moderate,0,0,
38848,2021-06-19 12:30:00,40.715954,-73.986725,0,0,Unsafe Lane Changing,4428911,31.5,19.5,1.2,1.2,0.0,3.0,53,21.1,38.2,243,Drizzle: Moderate,0,0,
38849,2021-06-15 12:56:00,40.747234,-73.99337,0,0,Passing or Lane Usage Improper,4429373,25.1,17.4,1.0,1.0,0.0,4.0,53,17.7,33.8,295,Drizzle: Moderate,0,0,
38850,2021-06-18 18:33:00,40.722584,-74.00636,0,0,Traffic Control Disregarded,4429690,27.4,13.8,0.0,0.0,0.0,0.0,3,20.5,40.3,210,Overcast,0,0,
38851,2021-06-18 07:00:00,40.70847,-73.81969,0,0,Driver Inexperience,4429404,27.4,13.8,0.0,0.0,0.0,0.0,3,20.5,40.3,210,Overcast,0,0,
38852,2021-06-19 23:40:00,40.741234,-73.84573,0,0,Following Too Closely,4429252,31.5,19.5,1.2,1.2,0.0,3.0,53,21.1,38.2,243,Drizzle: Moderate,0,0,
38853,2021-06-19 00:10:00,40.665176,-73.89122,0,0,Traffic Control Disregarded,4428622,31.5,19.5,1.2,1.2,0.0,3.0,53,21.1,38.2,243,Drizzle: Moderate,0,0,
38854,2021-06-19 01:15:00,40.764053,-73.99225,0,0,Failure to Yield Right-of-Way,4429701,31.5,19.5,1.2,1.2,0.0,3.0,53,21.1,38.2,243,Drizzle: Moderate,0,0,
38855,2021-05-23 15:51:00,40.762806,-73.993164,0,0,Unspecified,4429700,31.4,19.8,0.0,0.0,0.0,0.0,3,28.5,54.4,322,Overcast,0,0,
38856,2021-06-19 17:30:00,40.635853,-74.031876,0,0,Unspecified,4428733,31.5,19.5,1.2,1.2,0.0,3.0,53,21.1,38.2,243,Drizzle: Moderate,0,0,
38857,2021-06-19 14:08:00,40.73986,-73.995026,0,0,Failure to Yield Right-of-Way,4429008,31.5,19.5,1.2,1.2,0.0,3.0,53,21.1,38.2,243,Drizzle: Moderate,0,0,
38858,2021-06-19 18:56:00,40.717133,-74.00458,0,0,Unspecified,4429529,31.5,19.5,1.2,1.2,0.0,3.0,53,21.1,38.2,243,Drizzle: Moderate,0,0,
38859,2021-06-19 09:30:00,40.89999,-73.85301,0,0,Unspecified,4429066,31.5,19.5,1.2,1.2,0.0,3.0,53,21.1,38.2,243,Drizzle: Moderate,0,0,
38860,2021-06-19 23:00:00,40.77124,-73.84371,0,0,Reaction to Uninvolved Vehicle,4429134,31.5,19.5,1.2,1.2,0.0,3.0,53,21.1,38.2,243,Drizzle: Moderate,0,0,
38861,2021-06-19 04:15:00,40.66929,-73.842445,0,0,Reaction to Uninvolved Vehicle,4429202,31.5,19.5,1.2,1.2,0.0,3.0,53,21.1,38.2,243,Drizzle: Moderate,0,0,
38862,2021-06-19 15:20:00,40.74539,-73.90559,0,0,Driver Inattention/Distraction,4428704,31.5,19.5,1.2,1.2,0.0,3.0,53,21.1,38.2,243,Drizzle: Moderate,0,0,
38863,2021-06-19 12:55:00,0.0,0.0,0,0,Passing or Lane Usage Improper,4428666,31.5,19.5,1.2,1.2,0.0,3.0,53,21.1,38.2,243,Drizzle: Moderate,0,0,
38864,2021-06-19 14:35:00,40.751816,-73.89606,1,0,Backing Unsafely,4429433,31.5,19.5,1.2,1.2,0.0,3.0,53,21.1,38.2,243,Drizzle: Moderate,1,1,
38865,2021-06-14 02:51:00,40.670147,-73.98549,0,0,Passing Too Closely,4429454,21.4,17.5,21.7,21.7,0.0,11.0,65,21.1,48.6,154,Rain: Heavy,0,0,
38866,2021-06-19 12:45:00,40.55554,-74.17562,1,0,Following Too Closely,4429485,31.5,19.5,1.2,1.2,0.0,3.0,53,21.1,38.2,243,Drizzle: Moderate,1,1,
38867,2021-06-19 16:30:00,40.700592,-73.85457,1,0,Unspecified,4428698,31.5,19.5,1.2,1.2,0.0,3.0,53,21.1,38.2,243,Drizzle: Moderate,1,1,
38868,2021-06-19 14:00:00,40.787884,-73.84103,1,0,Turning Improperly,4428667,31.5,19.5,1.2,1.2,0.0,3.0,53,21.1,38.2,243,Drizzle: Moderate,1,1,
38869,2021-06-16 09:45:00,40.740173,-73.999435,0,0,Passing Too Closely,4429391,23.1,15.1,0.0,0.0,0.0,0.0,1,20.2,40.0,317,Mainly clear,0,0,Sunny/Clear Conditions
38870,2021-06-19 17:50:00,40.667786,-73.88442,0,0,Unspecified,4428727,31.5,19.5,1.2,1.2,0.0,3.0,53,21.1,38.2,243,Drizzle: Moderate,0,0,
38871,2021-06-19 02:55:00,40.58369,-73.94808,0,0,Backing Unsafely,4428638,31.5,19.5,1.2,1.2,0.0,3.0,53,21.1,38.2,243,Drizzle: Moderate,0,0,
38872,2021-06-19 02:04:00,40.68714,-73.80801,6,0,Other Vehicular,4429201,31.5,19.5,1.2,1.2,0.0,3.0,53,21.1,38.2,243,Drizzle: Moderate,6,6,
38873,2021-06-19 14:40:00,40.741028,-73.87697,0,0,Driver Inexperience,4429672,31.5,19.5,1.2,1.2,0.0,3.0,53,21.1,38.2,243,Drizzle: Moderate,0,0,
38874,2021-06-19 00:32:00,40.67619,-73.9081,0,0,Unspecified,4428893,31.5,19.5,1.2,1.2,0.0,3.0,53,21.1,38.2,243,Drizzle: Moderate,0,0,
38875,2021-06-19 22:00:00,40.660255,-73.95968,0,0,Unsafe Lane Changing,4428925,31.5,19.5,1.2,1.2,0.0,3.0,53,21.1,38.2,243,Drizzle: Moderate,0,0,
38876,2021-06-18 11:30:00,40.570465,-74.10977,0,0,Unspecified,4429538,27.4,13.8,0.0,0.0,0.0,0.0,3,20.5,40.3,210,Overcast,0,0,
38877,2021-06-19 13:00:00,40.82403,-73.94476,1,0,Failure to Keep Right,4429583,31.5,19.5,1.2,1.2,0.0,3.0,53,21.1,38.2,243,Drizzle: Moderate,1,1,
38878,2021-06-19 01:00:00,40.59449,-73.77892,0,0,Unspecified,4429231,31.5,19.5,1.2,1.2,0.0,3.0,53,21.1,38.2,243,Drizzle: Moderate,0,0,
38879,2021-06-19 00:35:00,40.631252,-74.126884,0,0,Animals Action,4429081,31.5,19.5,1.2,1.2,0.0,3.0,53,21.1,38.2,243,Drizzle: Moderate,0,0,
38880,2021-06-19 13:00:00,40.702045,-73.9156,0,0,Passing Too Closely,4428662,31.5,19.5,1.2,1.2,0.0,3.0,53,21.1,38.2,243,Drizzle: Moderate,0,0,
38881,2021-06-19 15:30:00,40.766857,-73.76269,0,0,Failure to Yield Right-of-Way,4428711,31.5,19.5,1.2,1.2,0.0,3.0,53,21.1,38.2,243,Drizzle: Moderate,0,0,
38882,2021-06-19 22:08:00,40.711224,-73.92859,0,0,Driver Inattention/Distraction,4428823,31.5,19.5,1.2,1.2,0.0,3.0,53,21.1,38.2,243,Drizzle: Moderate,0,0,
38883,2021-06-18 13:38:00,40.79821,-73.93984,0,0,Unspecified,4429429,27.4,13.8,0.0,0.0,0.0,0.0,3,20.5,40.3,210,Overcast,0,0,
38884,2021-06-18 16:30:00,40.725822,-73.79162,0,0,Unspecified,4429495,27.4,13.8,0.0,0.0,0.0,0.0,3,20.5,40.3,210,Overcast,0,0,
38885,2021-06-19 23:30:00,40.68528,-73.87735,0,0,Unspecified,4429044,31.5,19.5,1.2,1.2,0.0,3.0,53,21.1,38.2,243,Drizzle: Moderate,0,0,
38886,2021-06-11 05:45:00,40.75543,-73.87776,0,0,Unspecified,4429436,20.7,15.3,1.2,1.2,0.0,3.0,53,13.2,27.0,97,Drizzle: Moderate,0,0,
38887,2021-06-19 10:30:00,40.623383,-74.02221,0,0,Driver Inattention/Distraction,4428734,31.5,19.5,1.2,1.2,0.0,3.0,53,21.1,38.2,243,Drizzle: Moderate,0,0,
38888,2021-06-17 15:15:00,40.738903,-73.98731,0,0,Unspecified,4429475,23.9,12.1,0.0,0.0,0.0,0.0,3,13.4,27.4,311,Overcast,0,0,
38889,2021-06-19 11:35:00,40.659336,-73.92726,0,0,Unspecified,4428778,31.5,19.5,1.2,1.2,0.0,3.0,53,21.1,38.2,243,Drizzle: Moderate,0,0,
38890,2021-06-16 09:10:00,40.80142,-73.93446,0,0,Unsafe Lane Changing,4429395,23.1,15.1,0.0,0.0,0.0,0.0,1,20.2,40.0,317,Mainly clear,0,0,Sunny/Clear Conditions
38891,2021-06-19 16:00:00,40.684666,-73.96404,0,0,Unspecified,4428680,31.5,19.5,1.2,1.2,0.0,3.0,53,21.1,38.2,243,Drizzle: Moderate,0,0,
38892,2021-06-19 16:40:00,40.82212,-73.911575,1,0,Driver Inattention/Distraction,4429297,31.5,19.5,1.2,1.2,0.0,3.0,53,21.1,38.2,243,Drizzle: Moderate,1,1,
38893,2021-06-19 16:44:00,40.66947,-74.00958,0,0,Unspecified,4429104,31.5,19.5,1.2,1.2,0.0,3.0,53,21.1,38.2,243,Drizzle: Moderate,0,0,
38894,2021-06-18 09:53:00,40.761158,-73.99512,0,0,Passing or Lane Usage Improper,4429687,27.4,13.8,0.0,0.0,0.0,0.0,3,20.5,40.3,210,Overcast,0,0,
38895,2021-06-19 15:00:00,40.80623,-73.91206,2,0,Aggressive Driving/Road Rage,4429285,31.5,19.5,1.2,1.2,0.0,3.0,53,21.1,38.2,243,Drizzle: Moderate,2,2,
38896,2021-06-18 15:14:00,40.82705,-73.87104,0,0,Unspecified,4429387,27.4,13.8,0.0,0.0,0.0,0.0,3,20.5,40.3,210,Overcast,0,0,
38897,2021-06-19 17:38:00,40.681587,-73.91905,0,0,Passing Too Closely,4428876,31.5,19.5,1.2,1.2,0.0,3.0,53,21.1,38.2,243,Drizzle: Moderate,0,0,
38898,2021-06-18 16:12:00,40.823566,-73.93768,0,0,Other Vehicular,4429358,27.4,13.8,0.0,0.0,0.0,0.0,3,20.5,40.3,210,Overcast,0,0,
38899,2021-06-19 14:00:00,40.715954,-73.986725,1,0,Unspecified,4428915,31.5,19.5,1.2,1.2,0.0,3.0,53,21.1,38.2,243,Drizzle: Moderate,1,1,
38900,2021-06-19 23:10:00,40.648254,-73.971405,1,0,Driver Inattention/Distraction,4429027,31.5,19.5,1.2,1.2,0.0,3.0,53,21.1,38.2,243,Drizzle: Moderate,1,1,
38901,2021-06-17 12:35:00,40.58153,-73.96195,0,0,Passing or Lane Usage Improper,4429422,23.9,12.1,0.0,0.0,0.0,0.0,3,13.4,27.4,311,Overcast,0,0,
38902,2022-09-21 12:40:00,40.60855,-74.13216,0,0,Driver Inattention/Distraction,4566055,26.5,16.0,0.0,0.0,0.0,0.0,3,19.4,36.7,252,Overcast,0,0,
38903,2021-06-19 04:40:00,40.86268,-73.90905,1,0,Alcohol Involvement,4429326,31.5,19.5,1.2,1.2,0.0,3.0,53,21.1,38.2,243,Drizzle: Moderate,1,1,
38904,2021-06-13 20:03:00,40.85394,-73.91468,2,0,Turning Improperly,4429440,23.9,15.0,0.2,0.2,0.0,2.0,51,17.7,35.6,185,Drizzle: Light,2,2,
38905,2021-06-19 17:28:00,40.81881,-73.92828,1,0,View Obstructed/Limited,4428957,31.5,19.5,1.2,1.2,0.0,3.0,53,21.1,38.2,243,Drizzle: Moderate,1,1,
38906,2021-06-19 05:55:00,40.83933,-73.89904,0,0,Steering Failure,4428809,31.5,19.5,1.2,1.2,0.0,3.0,53,21.1,38.2,243,Drizzle: Moderate,0,0,
38907,2021-06-19 16:43:00,40.676598,-73.93039,0,0,Unspecified,4428960,31.5,19.5,1.2,1.2,0.0,3.0,53,21.1,38.2,243,Drizzle: Moderate,0,0,
38908,2021-06-19 10:52:00,40.657063,-73.90751,0,0,Unspecified,4428906,31.5,19.5,1.2,1.2,0.0,3.0,53,21.1,38.2,243,Drizzle: Moderate,0,0,
38909,2021-06-19 22:13:00,40.85482,-73.9112,1,0,Other Vehicular,4429366,31.5,19.5,1.2,1.2,0.0,3.0,53,21.1,38.2,243,Drizzle: Moderate,1,1,
38910,2021-06-19 02:20:00,40.755505,-73.96807,0,0,Passing or Lane Usage Improper,4428552,31.5,19.5,1.2,1.2,0.0,3.0,53,21.1,38.2,243,Drizzle: Moderate,0,0,