,CRASH DATETIME,LATITUDE,LONGITUDE,NUMBER OF PERSONS INJURED,NUMBER OF PERSONS KILLED,CONTRIBUTING FACTOR VEHICLE 1,COLLISION_ID,temperature_2m_max,temperature_2m_min,precipitation_sum,rain_sum,snowfall_sum,precipitation_hours,weather_code,wind_speed_10m_max,wind_gusts_10m_max,wind_direction_10m_dominant,Weather Description,Severity_Score,Total_Affected_Persons,Weather_Category
38911,2021-06-18 17:40:00,40.684456,-73.85966,0,0,Other Vehicular,4429400,27.4,13.8,0.0,0.0,0.0,0.0,3,20.5,40.3,210,Overcast,0,0,
38912,2021-06-17 14:12:00,40.69474,-73.93741,2,0,Driver Inattention/Distraction,4429467,23.9,12.1,0.0,0.0,0.0,0.0,3,13.4,27.4,311,Overcast,2,2,
38913,2021-06-19 02:55:00,40.653267,-73.93927,1,0,Pavement Slippery,4428773,31.5,19.5,1.2,1.2,0.0,3.0,53,21.1,38.2,243,Drizzle: Moderate,1,1,
38914,2021-06-19 15:40:00,40.768036,-73.905266,0,0,Following Too Closely,4429262,31.5,19.5,1.2,1.2,0.0,3.0,53,21.1,38.2,243,Drizzle: Moderate,0,0,
38915,2021-06-18 19:00:00,40.680267,-73.93454,1,0,Following Too Closely,4429462,27.4,13.8,0.0,0.0,0.0,0.0,3,20.5,40.3,210,Overcast,1,1,
38916,2021-06-17 15:20:00,40.823505,-73.94144,0,0,Driver Inattention/Distraction,4429352,23.9,12.1,0.0,0.0,0.0,0.0,3,13.4,27.4,311,Overcast,0,0,
38917,2021-06-19 02:58:00,40.701103,-73.92239,0,0,Driver Inattention/Distraction,4428582,31.5,19.5,1.2,1.2,0.0,3.0,53,21.1,38.2,243,Drizzle: Moderate,0,0,
38918,2021-06-16 08:22:00,40.74769,-74.00417,0,0,Backing Unsafely,4429374,23.1,15.1,0.0,0.0,0.0,0.0,1,20.2,40.0,317,Mainly clear,0,0,Sunny/Clear Conditions
38919,2021-06-19 14:45:00,40.66549,-73.75236,0,0,Driver Inexperience,4428738,31.5,19.5,1.2,1.2,0.0,3.0,53,21.1,38.2,243,Drizzle: Moderate,0,0,
38920,2021-06-19 03:15:00,40.70983,-74.01468,0,0,Driver Inattention/Distraction,4429691,31.5,19.5,1.2,1.2,0.0,3.0,53,21.1,38.2,243,Drizzle: Moderate,0,0,
38921,2022-09-21 19:50:00,40.764126,-73.97104,0,0,Unspecified,4566187,26.5,16.0,0.0,0.0,0.0,0.0,3,19.4,36.7,252,Overcast,0,0,
38922,2021-06-17 07:20:00,40.706985,-73.83782,0,0,Fell Asleep,4429405,23.9,12.1,0.0,0.0,0.0,0.0,3,13.4,27.4,311,Overcast,0,0,
38923,2021-06-19 22:45:00,40.67399,-73.73506,0,0,Unspecified,4428793,31.5,19.5,1.2,1.2,0.0,3.0,53,21.1,38.2,243,Drizzle: Moderate,0,0,
38924,2021-06-19 17:55:00,40.596085,-73.76216,0,0,Unspecified,4429250,31.5,19.5,1.2,1.2,0.0,3.0,53,21.1,38.2,243,Drizzle: Moderate,0,0,
38925,2021-06-16 17:34:00,40.726437,-74.00566,1,0,Unspecified,4429693,23.1,15.1,0.0,0.0,0.0,0.0,1,20.2,40.0,317,Mainly clear,1,1,Sunny/Clear Conditions
38926,2021-06-19 13:12:00,40.853474,-73.906456,0,0,Driver Inattention/Distraction,4429318,31.5,19.5,1.2,1.2,0.0,3.0,53,21.1,38.2,243,Drizzle: Moderate,0,0,
38927,2021-06-17 16:00:00,40.667324,-73.852554,0,0,Passing or Lane Usage Improper,4429643,23.9,12.1,0.0,0.0,0.0,0.0,3,13.4,27.4,311,Overcast,0,0,
38928,2021-06-19 06:29:00,40.678574,-73.916306,0,0,Unspecified,4428865,31.5,19.5,1.2,1.2,0.0,3.0,53,21.1,38.2,243,Drizzle: Moderate,0,0,
38929,2021-06-18 17:20:00,40.705746,-73.8097,0,0,Driver Inattention/Distraction,4429512,27.4,13.8,0.0,0.0,0.0,0.0,3,20.5,40.3,210,Overcast,0,0,
38930,2021-06-19 17:30:00,40.663483,-73.9627,0,0,Driver Inattention/Distraction,4429455,31.5,19.5,1.2,1.2,0.0,3.0,53,21.1,38.2,243,Drizzle: Moderate,0,0,
38931,2021-06-17 15:10:00,40.75898,-73.99595,0,0,Passing Too Closely,4429394,23.9,12.1,0.0,0.0,0.0,0.0,3,13.4,27.4,311,Overcast,0,0,
38932,2021-06-18 16:30:00,40.563915,-74.11637,0,0,Failure to Yield Right-of-Way,4429543,27.4,13.8,0.0,0.0,0.0,0.0,3,20.5,40.3,210,Overcast,0,0,
38933,2021-06-19 02:07:00,40.807213,-73.92841,0,0,Unspecified,4428676,31.5,19.5,1.2,1.2,0.0,3.0,53,21.1,38.2,243,Drizzle: Moderate,0,0,
38934,2021-06-19 12:20:00,40.62707,-74.01865,0,0,Unspecified,4428699,31.5,19.5,1.2,1.2,0.0,3.0,53,21.1,38.2,243,Drizzle: Moderate,0,0,
38935,2021-06-19 22:00:00,40.90049,-73.84479,0,0,Backing Unsafely,4429085,31.5,19.5,1.2,1.2,0.0,3.0,53,21.1,38.2,243,Drizzle: Moderate,0,0,
38936,2021-06-19 23:00:00,40.71074,-73.94548,0,0,Unspecified,4428753,31.5,19.5,1.2,1.2,0.0,3.0,53,21.1,38.2,243,Drizzle: Moderate,0,0,
38937,2021-06-19 11:40:00,40.68329,-73.81153,4,0,Traffic Control Disregarded,4429223,31.5,19.5,1.2,1.2,0.0,3.0,53,21.1,38.2,243,Drizzle: Moderate,4,4,
38938,2021-06-19 14:43:00,40.829407,-73.87307,0,0,Unspecified,4429410,31.5,19.5,1.2,1.2,0.0,3.0,53,21.1,38.2,243,Drizzle: Moderate,0,0,
38939,2021-06-19 07:05:00,40.7673,-73.794556,0,0,Pavement Slippery,4428663,31.5,19.5,1.2,1.2,0.0,3.0,53,21.1,38.2,243,Drizzle: Moderate,0,0,
38940,2021-06-19 16:10:00,40.677483,-73.93033,0,0,Driver Inattention/Distraction,4428981,31.5,19.5,1.2,1.2,0.0,3.0,53,21.1,38.2,243,Drizzle: Moderate,0,0,
38941,2021-06-19 12:51:00,40.67632,-74.01142,0,0,Unspecified,4429105,31.5,19.5,1.2,1.2,0.0,3.0,53,21.1,38.2,243,Drizzle: Moderate,0,0,
38942,2021-06-19 03:50:00,40.85543,-73.855354,0,0,Unsafe Speed,4428685,31.5,19.5,1.2,1.2,0.0,3.0,53,21.1,38.2,243,Drizzle: Moderate,0,0,
38943,2021-06-19 22:30:00,40.833416,-73.90709,1,0,Driver Inattention/Distraction,4428820,31.5,19.5,1.2,1.2,0.0,3.0,53,21.1,38.2,243,Drizzle: Moderate,1,1,
38944,2021-06-13 10:25:00,40.5953,-74.1619,1,0,Reaction to Uninvolved Vehicle,4429347,23.9,15.0,0.2,0.2,0.0,2.0,51,17.7,35.6,185,Drizzle: Light,1,1,
38945,2021-06-19 16:36:00,40.63916,-74.0874,1,0,Backing Unsafely,4429383,31.5,19.5,1.2,1.2,0.0,3.0,53,21.1,38.2,243,Drizzle: Moderate,1,1,
38946,2021-06-19 13:32:00,40.765865,-73.95742,0,0,Driver Inattention/Distraction,4429236,31.5,19.5,1.2,1.2,0.0,3.0,53,21.1,38.2,243,Drizzle: Moderate,0,0,
38947,2021-06-15 19:20:00,40.664707,-73.92824,0,0,Driver Inattention/Distraction,4429612,25.1,17.4,1.0,1.0,0.0,4.0,53,17.7,33.8,295,Drizzle: Moderate,0,0,
38948,2021-06-19 11:00:00,40.7135,-73.7518,0,0,Backing Unsafely,4428747,31.5,19.5,1.2,1.2,0.0,3.0,53,21.1,38.2,243,Drizzle: Moderate,0,0,
38949,2021-06-19 05:30:00,40.764297,-73.90304,0,0,Driver Inexperience,4428851,31.5,19.5,1.2,1.2,0.0,3.0,53,21.1,38.2,243,Drizzle: Moderate,0,0,
38950,2021-06-19 11:30:00,40.589493,-74.149734,1,0,Steering Failure,4429502,31.5,19.5,1.2,1.2,0.0,3.0,53,21.1,38.2,243,Drizzle: Moderate,1,1,
38951,2021-06-19 21:21:00,40.640373,-73.89702,1,0,Unspecified,4429491,31.5,19.5,1.2,1.2,0.0,3.0,53,21.1,38.2,243,Drizzle: Moderate,1,1,
38952,2021-06-17 10:50:00,40.750137,-73.8806,0,0,Backing Unsafely,4429430,23.9,12.1,0.0,0.0,0.0,0.0,3,13.4,27.4,311,Overcast,0,0,
38953,2021-06-12 19:40:00,40.84645,-73.91439,0,0,Driver Inattention/Distraction,4429340,21.2,16.4,0.4,0.4,0.0,3.0,51,15.5,31.3,112,Drizzle: Light,0,0,
38954,2021-06-18 02:15:00,40.69706,-73.91933,0,0,Driver Inattention/Distraction,4429477,27.4,13.8,0.0,0.0,0.0,0.0,3,20.5,40.3,210,Overcast,0,0,
38955,2021-06-19 10:40:00,40.72626,-73.95522,3,0,Driver Inattention/Distraction,4429079,31.5,19.5,1.2,1.2,0.0,3.0,53,21.1,38.2,243,Drizzle: Moderate,3,3,
38956,2021-06-19 06:27:00,40.67526,-73.88203,1,0,Other Vehicular,4428617,31.5,19.5,1.2,1.2,0.0,3.0,53,21.1,38.2,243,Drizzle: Moderate,1,1,
38957,2021-06-19 04:37:00,40.832623,-73.92537,0,0,Failure to Yield Right-of-Way,4429212,31.5,19.5,1.2,1.2,0.0,3.0,53,21.1,38.2,243,Drizzle: Moderate,0,0,
38958,2021-06-19 01:19:00,40.642303,-74.01324,1,0,Unspecified,4428729,31.5,19.5,1.2,1.2,0.0,3.0,53,21.1,38.2,243,Drizzle: Moderate,1,1,
38959,2021-06-16 06:45:00,40.821117,-73.957466,2,0,Passing or Lane Usage Improper,4429582,23.1,15.1,0.0,0.0,0.0,0.0,1,20.2,40.0,317,Mainly clear,2,2,Sunny/Clear Conditions
38960,2021-06-19 16:18:00,40.87137,-73.836586,0,0,Driver Inattention/Distraction,4429115,31.5,19.5,1.2,1.2,0.0,3.0,53,21.1,38.2,243,Drizzle: Moderate,0,0,
38961,2021-06-19 22:42:00,40.739506,-73.98476,0,0,Driver Inexperience,4429006,31.5,19.5,1.2,1.2,0.0,3.0,53,21.1,38.2,243,Drizzle: Moderate,0,0,
38962,2021-06-19 20:00:00,40.83196,-73.9439,0,0,Passing Too Closely,4428887,31.5,19.5,1.2,1.2,0.0,3.0,53,21.1,38.2,243,Drizzle: Moderate,0,0,
38963,2021-06-18 17:00:00,40.725975,-73.7575,0,0,Driver Inattention/Distraction,4429499,27.4,13.8,0.0,0.0,0.0,0.0,3,20.5,40.3,210,Overcast,0,0,
38964,2021-06-18 21:50:00,40.841087,-73.86447,0,0,Unspecified,4429390,27.4,13.8,0.0,0.0,0.0,0.0,3,20.5,40.3,210,Overcast,0,0,
38965,2021-06-19 18:45:00,40.72048,-73.98904,0,0,Driver Inexperience,4428922,31.5,19.5,1.2,1.2,0.0,3.0,53,21.1,38.2,243,Drizzle: Moderate,0,0,
38966,2021-06-18 07:35:00,40.624958,-74.145775,0,0,Driver Inattention/Distraction,4429341,27.4,13.8,0.0,0.0,0.0,0.0,3,20.5,40.3,210,Overcast,0,0,
38967,2021-06-18 23:17:00,40.72084,-74.00066,1,0,Driver Inattention/Distraction,4429528,27.4,13.8,0.0,0.0,0.0,0.0,3,20.5,40.3,210,Overcast,1,1,
38968,2021-06-19 16:15:00,40.646175,-73.920105,0,0,Unspecified,4428777,31.5,19.5,1.2,1.2,0.0,3.0,53,21.1,38.2,243,Drizzle: Moderate,0,0,
38969,2021-06-19 23:10:00,40.677006,-73.81261,0,0,Passing or Lane Usage Improper,4429225,31.5,19.5,1.2,1.2,0.0,3.0,53,21.1,38.2,243,Drizzle: Moderate,0,0,
38970,2021-06-19 12:30:00,40.744072,-73.86769,2,0,Failure to Yield Right-of-Way,4429291,31.5,19.5,1.2,1.2,0.0,3.0,53,21.1,38.2,243,Drizzle: Moderate,2,2,
38971,2021-06-19 18:00:00,40.7058,-73.94391,0,0,Driver Inattention/Distraction,4428829,31.5,19.5,1.2,1.2,0.0,3.0,53,21.1,38.2,243,Drizzle: Moderate,0,0,
38972,2021-06-19 17:30:00,40.598515,-74.00562,0,0,Unspecified,4429124,31.5,19.5,1.2,1.2,0.0,3.0,53,21.1,38.2,243,Drizzle: Moderate,0,0,
38973,2021-06-19 07:00:00,40.620186,-73.92506,0,0,Unspecified,4428637,31.5,19.5,1.2,1.2,0.0,3.0,53,21.1,38.2,243,Drizzle: Moderate,0,0,
38974,2021-06-19 13:20:00,40.68532,-73.98071,1,0,Pedestrian/Bicyclist/Other Pedestrian Error/Confusion,4428946,31.5,19.5,1.2,1.2,0.0,3.0,53,21.1,38.2,243,Drizzle: Moderate,1,1,
38975,2021-06-19 03:32:00,40.840927,-73.912704,1,0,Unsafe Speed,4428702,31.5,19.5,1.2,1.2,0.0,3.0,53,21.1,38.2,243,Drizzle: Moderate,1,1,
38976,2021-06-19 12:10:00,40.747913,-73.86551,0,0,Unspecified,4429667,31.5,19.5,1.2,1.2,0.0,3.0,53,21.1,38.2,243,Drizzle: Moderate,0,0,
38977,2021-06-19 16:03:00,40.80543,-73.92087,2,0,Unspecified,4428961,31.5,19.5,1.2,1.2,0.0,3.0,53,21.1,38.2,243,Drizzle: Moderate,2,2,
38978,2021-06-19 18:40:00,40.76631,-73.77341,0,0,Passing or Lane Usage Improper,4428767,31.5,19.5,1.2,1.2,0.0,3.0,53,21.1,38.2,243,Drizzle: Moderate,0,0,
38979,2021-06-19 17:00:00,40.87225,-73.919464,0,0,Unspecified,4428937,31.5,19.5,1.2,1.2,0.0,3.0,53,21.1,38.2,243,Drizzle: Moderate,0,0,
38980,2021-06-19 16:17:00,40.69145,-73.81261,1,0,Turning Improperly,4429535,31.5,19.5,1.2,1.2,0.0,3.0,53,21.1,38.2,243,Drizzle: Moderate,1,1,
38981,2021-06-18 00:20:00,40.81401,-73.94466,1,0,Passing or Lane Usage Improper,4429357,27.4,13.8,0.0,0.0,0.0,0.0,3,20.5,40.3,210,Overcast,1,1,
38982,2021-06-19 17:50:00,40.668377,-73.92012,0,0,Driver Inattention/Distraction,4428872,31.5,19.5,1.2,1.2,0.0,3.0,53,21.1,38.2,243,Drizzle: Moderate,0,0,
38983,2021-06-14 10:54:00,40.75806,-73.99768,0,0,Passing Too Closely,4429367,21.4,17.5,21.7,21.7,0.0,11.0,65,21.1,48.6,154,Rain: Heavy,0,0,
38984,2021-06-19 00:10:00,40.755505,-73.96807,1,0,Pedestrian/Bicyclist/Other Pedestrian Error/Confusion,4428553,31.5,19.5,1.2,1.2,0.0,3.0,53,21.1,38.2,243,Drizzle: Moderate,1,1,
38985,2021-06-18 19:08:00,40.82829,-73.87528,1,0,Passing or Lane Usage Improper,4429401,27.4,13.8,0.0,0.0,0.0,0.0,3,20.5,40.3,210,Overcast,1,1,
38986,2021-06-16 00:50:00,40.7605,-73.95699,0,0,Driver Inexperience,4429609,23.1,15.1,0.0,0.0,0.0,0.0,1,20.2,40.0,317,Mainly clear,0,0,Sunny/Clear Conditions
38987,2021-06-19 18:50:00,40.639256,-73.968796,1,0,Unspecified,4429258,31.5,19.5,1.2,1.2,0.0,3.0,53,21.1,38.2,243,Drizzle: Moderate,1,1,
38988,2021-06-16 07:53:00,40.677483,-73.93033,1,0,Following Too Closely,4429466,23.1,15.1,0.0,0.0,0.0,0.0,1,20.2,40.0,317,Mainly clear,1,1,Sunny/Clear Conditions
38989,2021-06-17 18:00:00,40.89802,-73.86958,0,0,Driver Inexperience,4429450,23.9,12.1,0.0,0.0,0.0,0.0,3,13.4,27.4,311,Overcast,0,0,
38990,2021-06-19 14:00:00,40.684387,-74.00302,0,0,Passing Too Closely,4429106,31.5,19.5,1.2,1.2,0.0,3.0,53,21.1,38.2,243,Drizzle: Moderate,0,0,
38991,2021-06-19 16:32:00,40.64312,-73.90921,1,0,Unspecified,4428684,31.5,19.5,1.2,1.2,0.0,3.0,53,21.1,38.2,243,Drizzle: Moderate,1,1,
38992,2021-06-19 11:27:00,40.842464,-73.86664,0,0,Unspecified,4428687,31.5,19.5,1.2,1.2,0.0,3.0,53,21.1,38.2,243,Drizzle: Moderate,0,0,
38993,2021-06-19 12:06:00,40.6491,-73.94649,0,0,Unspecified,4429032,31.5,19.5,1.2,1.2,0.0,3.0,53,21.1,38.2,243,Drizzle: Moderate,0,0,
38994,2021-06-17 09:10:00,40.798393,-73.939,0,0,Unspecified,4429399,23.9,12.1,0.0,0.0,0.0,0.0,3,13.4,27.4,311,Overcast,0,0,
38995,2021-06-19 18:28:00,40.757225,-73.96636,0,0,Passing or Lane Usage Improper,4428710,31.5,19.5,1.2,1.2,0.0,3.0,53,21.1,38.2,243,Drizzle: Moderate,0,0,
38996,2021-06-19 04:50:00,40.889126,-73.843994,0,0,Unsafe Speed,4429096,31.5,19.5,1.2,1.2,0.0,3.0,53,21.1,38.2,243,Drizzle: Moderate,0,0,
38997,2021-06-18 14:30:00,40.60309,-73.99262,0,0,Driver Inattention/Distraction,4429415,27.4,13.8,0.0,0.0,0.0,0.0,3,20.5,40.3,210,Overcast,0,0,
38998,2021-06-19 20:10:00,40.761406,-73.80385,1,0,Failure to Yield Right-of-Way,4428746,31.5,19.5,1.2,1.2,0.0,3.0,53,21.1,38.2,243,Drizzle: Moderate,1,1,
38999,2021-06-19 13:20:00,40.866383,-73.88515,0,0,Passing Too Closely,4429182,31.5,19.5,1.2,1.2,0.0,3.0,53,21.1,38.2,243,Drizzle: Moderate,0,0,
39000,2021-06-18 13:50:00,40.663483,-73.9627,0,0,Driver Inattention/Distraction,4429444,27.4,13.8,0.0,0.0,0.0,0.0,3,20.5,40.3,210,Overcast,0,0,
39001,2021-06-19 03:10:00,40.67667,-73.790665,2,0,Backing Unsafely,4428649,31.5,19.5,1.2,1.2,0.0,3.0,53,21.1,38.2,243,Drizzle: Moderate,2,2,
39002,2021-06-19 16:04:00,40.716385,-73.96143,0,0,Unspecified,4429034,31.5,19.5,1.2,1.2,0.0,3.0,53,21.1,38.2,243,Drizzle: Moderate,0,0,
39003,2021-06-12 18:03:00,40.763485,-73.98895,1,0,Unspecified,4429686,21.2,16.4,0.4,0.4,0.0,3.0,51,15.5,31.3,112,Drizzle: Light,1,1,
39004,2021-06-19 08:00:00,40.659264,-74.002396,0,0,Unsafe Lane Changing,4429149,31.5,19.5,1.2,1.2,0.0,3.0,53,21.1,38.2,243,Drizzle: Moderate,0,0,
39005,2021-06-19 21:00:00,40.660503,-73.8306,0,0,Passing or Lane Usage Improper,4429222,31.5,19.5,1.2,1.2,0.0,3.0,53,21.1,38.2,243,Drizzle: Moderate,0,0,
39006,2021-06-19 11:50:00,40.773773,-73.824684,0,0,Passing or Lane Usage Improper,4428664,31.5,19.5,1.2,1.2,0.0,3.0,53,21.1,38.2,243,Drizzle: Moderate,0,0,
39007,2021-06-19 15:44:00,40.757637,-73.96342,0,0,Driver Inattention/Distraction,4428709,31.5,19.5,1.2,1.2,0.0,3.0,53,21.1,38.2,243,Drizzle: Moderate,0,0,
39008,2021-06-18 16:51:00,40.80256,-73.943,1,0,Passing or Lane Usage Improper,4429431,27.4,13.8,0.0,0.0,0.0,0.0,3,20.5,40.3,210,Overcast,1,1,
39009,2022-09-23 17:05:00,40.73718,-73.932014,0,0,Reaction to Uninvolved Vehicle,4566717,16.4,10.0,0.0,0.0,0.0,0.0,0,31.1,56.9,323,Clear sky,0,0,Sunny/Clear Conditions
39010,2021-06-19 23:00:00,40.66386,-73.91092,0,0,Unspecified,4428908,31.5,19.5,1.2,1.2,0.0,3.0,53,21.1,38.2,243,Drizzle: Moderate,0,0,
39011,2021-06-18 13:04:00,40.802498,-73.94092,0,0,Traffic Control Disregarded,4429425,27.4,13.8,0.0,0.0,0.0,0.0,3,20.5,40.3,210,Overcast,0,0,
39012,2021-06-19 16:55:00,40.76736,-73.9371,0,0,Unspecified,4429257,31.5,19.5,1.2,1.2,0.0,3.0,53,21.1,38.2,243,Drizzle: Moderate,0,0,
39013,2021-06-19 09:45:00,40.748436,-73.984566,1,0,Failure to Yield Right-of-Way,4429393,31.5,19.5,1.2,1.2,0.0,3.0,53,21.1,38.2,243,Drizzle: Moderate,1,1,
39014,2021-06-19 14:14:00,40.71142,-73.99608,0,0,Backing Unsafely,4428672,31.5,19.5,1.2,1.2,0.0,3.0,53,21.1,38.2,243,Drizzle: Moderate,0,0,
39015,2021-06-19 03:15:00,40.810993,-73.95429,0,0,Driver Inexperience,4428758,31.5,19.5,1.2,1.2,0.0,3.0,53,21.1,38.2,243,Drizzle: Moderate,0,0,
39016,2021-06-17 19:00:00,40.824196,-73.94224,0,0,Driver Inattention/Distraction,4428351,23.9,12.1,0.0,0.0,0.0,0.0,3,13.4,27.4,311,Overcast,0,0,
39017,2021-06-19 02:00:00,40.7571,-73.98246,0,0,Driver Inattention/Distraction,4429695,31.5,19.5,1.2,1.2,0.0,3.0,53,21.1,38.2,243,Drizzle: Moderate,0,0,
39018,2021-06-19 11:06:00,40.642776,-74.02003,0,0,Backing Unsafely,4428730,31.5,19.5,1.2,1.2,0.0,3.0,53,21.1,38.2,243,Drizzle: Moderate,0,0,
39019,2021-06-14 18:54:00,40.801575,-73.93438,0,0,Backing Unsafely,4429468,21.4,17.5,21.7,21.7,0.0,11.0,65,21.1,48.6,154,Rain: Heavy,0,0,
39020,2021-06-19 15:40:00,40.776104,-73.97975,0,0,Driver Inattention/Distraction,4429015,31.5,19.5,1.2,1.2,0.0,3.0,53,21.1,38.2,243,Drizzle: Moderate,0,0,
39021,2021-06-19 19:30:00,40.610523,-74.00806,0,0,Unspecified,4428719,31.5,19.5,1.2,1.2,0.0,3.0,53,21.1,38.2,243,Drizzle: Moderate,0,0,
39022,2021-06-19 23:20:00,40.707264,-73.773476,0,0,Passing or Lane Usage Improper,4429514,31.5,19.5,1.2,1.2,0.0,3.0,53,21.1,38.2,243,Drizzle: Moderate,0,0,
39023,2021-05-26 11:25:00,40.786358,-73.94419,1,0,Aggressive Driving/Road Rage,4429355,29.5,17.4,0.1,0.1,0.0,1.0,51,23.4,45.7,210,Drizzle: Light,1,1,
39024,2021-06-19 11:00:00,40.873676,-73.90815,0,0,Driver Inattention/Distraction,4429187,31.5,19.5,1.2,1.2,0.0,3.0,53,21.1,38.2,243,Drizzle: Moderate,0,0,
39025,2021-06-18 14:30:00,40.56763,-74.11263,1,0,Failure to Yield Right-of-Way,4429544,27.4,13.8,0.0,0.0,0.0,0.0,3,20.5,40.3,210,Overcast,1,1,
39026,2021-06-19 09:05:00,40.644722,-73.96122,1,0,Brakes Defective,4428800,31.5,19.5,1.2,1.2,0.0,3.0,53,21.1,38.2,243,Drizzle: Moderate,1,1,
39027,2021-06-19 05:05:00,40.614925,-74.11699,1,0,Fell Asleep,4429083,31.5,19.5,1.2,1.2,0.0,3.0,53,21.1,38.2,243,Drizzle: Moderate,1,1,
39028,2022-09-22 19:10:00,40.631615,-74.016335,1,0,Driver Inattention/Distraction,4566454,24.9,14.3,9.1,9.1,0.0,7.0,63,24.6,44.6,273,Rain: Moderate,1,1,
39029,2021-06-19 10:00:00,40.663956,-73.95032,1,0,Pedestrian/Bicyclist/Other Pedestrian Error/Confusion,4429122,31.5,19.5,1.2,1.2,0.0,3.0,53,21.1,38.2,243,Drizzle: Moderate,1,1,
39030,2021-06-19 01:58:00,40.65883,-73.91245,0,0,Unspecified,4428899,31.5,19.5,1.2,1.2,0.0,3.0,53,21.1,38.2,243,Drizzle: Moderate,0,0,
39031,2021-06-19 20:30:00,40.618916,-74.08369,0,0,Driver Inattention/Distraction,4429312,31.5,19.5,1.2,1.2,0.0,3.0,53,21.1,38.2,243,Drizzle: Moderate,0,0,
39032,2021-06-19 16:31:00,40.637455,-73.92886,1,0,Turning Improperly,4428781,31.5,19.5,1.2,1.2,0.0,3.0,53,21.1,38.2,243,Drizzle: Moderate,1,1,
39033,2021-06-19 15:19:00,40.763454,-73.985275,0,0,Unspecified,4429688,31.5,19.5,1.2,1.2,0.0,3.0,53,21.1,38.2,243,Drizzle: Moderate,0,0,
39034,2021-06-14 23:10:00,40.75649,-73.997765,0,0,Failure to Yield Right-of-Way,4429348,21.4,17.5,21.7,21.7,0.0,11.0,65,21.1,48.6,154,Rain: Heavy,0,0,
39035,2021-06-17 18:00:00,40.781143,-73.961754,0,0,Failure to Yield Right-of-Way,4429621,23.9,12.1,0.0,0.0,0.0,0.0,3,13.4,27.4,311,Overcast,0,0,
39036,2021-06-19 14:02:00,40.64124,-73.943726,2,0,Traffic Control Disregarded,4428776,31.5,19.5,1.2,1.2,0.0,3.0,53,21.1,38.2,243,Drizzle: Moderate,2,2,
39037,2021-06-19 02:54:00,40.688553,-73.91245,1,0,Pedestrian/Bicyclist/Other Pedestrian Error/Confusion,4428583,31.5,19.5,1.2,1.2,0.0,3.0,53,21.1,38.2,243,Drizzle: Moderate,1,1,
39038,2021-06-15 19:42:00,40.743866,-73.99952,0,0,Following Too Closely,4429368,25.1,17.4,1.0,1.0,0.0,4.0,53,17.7,33.8,295,Drizzle: Moderate,0,0,
39039,2021-06-17 15:40:00,40.620438,-74.1672,3,0,Following Too Closely,4429483,23.9,12.1,0.0,0.0,0.0,0.0,3,13.4,27.4,311,Overcast,3,3,
39040,2021-06-19 15:47:00,40.625652,-74.02422,0,0,Reaction to Uninvolved Vehicle,4428700,31.5,19.5,1.2,1.2,0.0,3.0,53,21.1,38.2,243,Drizzle: Moderate,0,0,
39041,2021-06-19 11:53:00,40.69862,-73.940544,0,0,Unspecified,4428852,31.5,19.5,1.2,1.2,0.0,3.0,53,21.1,38.2,243,Drizzle: Moderate,0,0,
39042,2021-06-19 17:30:00,40.68251,-73.976326,0,0,Driver Inattention/Distraction,4429456,31.5,19.5,1.2,1.2,0.0,3.0,53,21.1,38.2,243,Drizzle: Moderate,0,0,
39043,2021-06-18 10:00:00,40.72081,-73.99076,0,0,Unspecified,4429657,27.4,13.8,0.0,0.0,0.0,0.0,3,20.5,40.3,210,Overcast,0,0,
39044,2021-06-19 00:00:00,40.68191,-73.935974,0,0,Unspecified,4428866,31.5,19.5,1.2,1.2,0.0,3.0,53,21.1,38.2,243,Drizzle: Moderate,0,0,
39045,2021-06-19 17:50:00,40.67983,-73.9583,3,0,Following Too Closely,4429001,31.5,19.5,1.2,1.2,0.0,3.0,53,21.1,38.2,243,Drizzle: Moderate,3,3,
39046,2021-06-19 06:00:00,40.81846,-73.91489,0,0,Unspecified,4429292,31.5,19.5,1.2,1.2,0.0,3.0,53,21.1,38.2,243,Drizzle: Moderate,0,0,
39047,2021-06-19 07:30:00,40.709755,-73.95707,0,0,Driver Inattention/Distraction,4428814,31.5,19.5,1.2,1.2,0.0,3.0,53,21.1,38.2,243,Drizzle: Moderate,0,0,
39048,2021-06-19 20:00:00,40.666416,-73.88297,0,0,Unspecified,4428748,31.5,19.5,1.2,1.2,0.0,3.0,53,21.1,38.2,243,Drizzle: Moderate,0,0,
39049,2021-06-18 20:11:00,40.817173,-73.94606,1,0,Pedestrian/Bicyclist/Other Pedestrian Error/Confusion,4429362,27.4,13.8,0.0,0.0,0.0,0.0,3,20.5,40.3,210,Overcast,1,1,
39050,2021-06-18 13:20:00,40.754616,-73.997116,0,0,Driver Inattention/Distraction,4429381,27.4,13.8,0.0,0.0,0.0,0.0,3,20.5,40.3,210,Overcast,0,0,
39051,2021-06-19 05:12:00,40.880108,-73.86133,0,0,Passing or Lane Usage Improper,4429071,31.5,19.5,1.2,1.2,0.0,3.0,53,21.1,38.2,243,Drizzle: Moderate,0,0,
39052,2021-06-19 19:37:00,40.776237,-73.95587,1,0,Driver Inattention/Distraction,4429237,31.5,19.5,1.2,1.2,0.0,3.0,53,21.1,38.2,243,Drizzle: Moderate,1,1,