,CRASH DATETIME,LATITUDE,LONGITUDE,NUMBER OF PERSONS INJURED,NUMBER OF PERSONS KILLED,CONTRIBUTING FACTOR VEHICLE 1,COLLISION_ID,temperature_2m_max,temperature_2m_min,precipitation_sum,rain_sum,snowfall_sum,precipitation_hours,weather_code,wind_speed_10m_max,wind_gusts_10m_max,wind_direction_10m_dominant,Weather Description,Severity_Score,Total_Affected_Persons,Weather_Category
39053,2021-06-19 00:30:00,40.841076,-73.93977,1,0,Pedestrian/Bicyclist/Other Pedestrian Error/Confusion,4428886,31.5,19.5,1.2,1.2,0.0,3.0,53,21.1,38.2,243,Drizzle: Moderate,1,1,
39054,2021-06-18 15:00:00,40.68369,-73.85657,0,0,Backing Unsafely,4429503,27.4,13.8,0.0,0.0,0.0,0.0,3,20.5,40.3,210,Overcast,0,0,
39055,2021-06-19 07:28:00,40.672226,-73.94472,1,0,Traffic Control Disregarded,4428953,31.5,19.5,1.2,1.2,0.0,3.0,53,21.1,38.2,243,Drizzle: Moderate,1,1,
39056,2021-06-19 01:30:00,40.846893,-73.92055,0,0,Unspecified,4429338,31.5,19.5,1.2,1.2,0.0,3.0,53,21.1,38.2,243,Drizzle: Moderate,0,0,
39057,2021-06-13 04:56:00,40.873394,-73.90671,0,0,Alcohol Involvement,4429460,23.9,15.0,0.2,0.2,0.0,2.0,51,17.7,35.6,185,Drizzle: Light,0,0,
39058,2021-06-19 18:52:00,40.80265,-73.91351,0,0,Unspecified,4428965,31.5,19.5,1.2,1.2,0.0,3.0,53,21.1,38.2,243,Drizzle: Moderate,0,0,
39059,2021-06-19 20:40:00,40.668823,-73.97333,0,0,Following Too Closely,4429452,31.5,19.5,1.2,1.2,0.0,3.0,53,21.1,38.2,243,Drizzle: Moderate,0,0,
39060,2021-06-19 17:57:00,40.69143,-73.78871,0,0,Backing Unsafely,4429342,31.5,19.5,1.2,1.2,0.0,3.0,53,21.1,38.2,243,Drizzle: Moderate,0,0,
39061,2021-06-18 18:37:00,40.82681,-73.85361,0,0,Following Too Closely,4429402,27.4,13.8,0.0,0.0,0.0,0.0,3,20.5,40.3,210,Overcast,0,0,
39062,2021-06-19 21:53:00,40.66059,-73.931335,0,0,Reaction to Uninvolved Vehicle,4428780,31.5,19.5,1.2,1.2,0.0,3.0,53,21.1,38.2,243,Drizzle: Moderate,0,0,
39063,2021-06-19 06:35:00,40.712227,-73.88436,0,0,Following Too Closely,4429108,31.5,19.5,1.2,1.2,0.0,3.0,53,21.1,38.2,243,Drizzle: Moderate,0,0,
39064,2021-06-19 00:20:00,40.6131,-73.97858,0,0,Obstruction/Debris,4428690,31.5,19.5,1.2,1.2,0.0,3.0,53,21.1,38.2,243,Drizzle: Moderate,0,0,
39065,2021-06-19 20:10:00,40.881264,-73.83875,0,0,Failure to Yield Right-of-Way,4429097,31.5,19.5,1.2,1.2,0.0,3.0,53,21.1,38.2,243,Drizzle: Moderate,0,0,
39066,2022-09-22 08:15:00,40.665565,-73.98932,1,0,Turning Improperly,4567274,24.9,14.3,9.1,9.1,0.0,7.0,63,24.6,44.6,273,Rain: Moderate,1,1,
39067,2021-06-18 19:33:00,40.836555,-73.87135,0,0,Unspecified,4429389,27.4,13.8,0.0,0.0,0.0,0.0,3,20.5,40.3,210,Overcast,0,0,
39068,2021-06-19 13:30:00,40.647068,-73.993935,0,0,Unspecified,4429279,31.5,19.5,1.2,1.2,0.0,3.0,53,21.1,38.2,243,Drizzle: Moderate,0,0,
39069,2021-06-19 23:55:00,40.66727,-73.91975,0,0,Tinted Windows,4428896,31.5,19.5,1.2,1.2,0.0,3.0,53,21.1,38.2,243,Drizzle: Moderate,0,0,
39070,2021-06-06 14:15:00,40.72548,-73.76559,1,0,Failure to Yield Right-of-Way,4429534,31.0,20.0,0.0,0.0,0.0,0.0,1,16.6,32.4,222,Mainly clear,1,1,Sunny/Clear Conditions
39071,2021-06-19 10:03:00,40.641747,-74.013824,1,0,Unspecified,4428921,31.5,19.5,1.2,1.2,0.0,3.0,53,21.1,38.2,243,Drizzle: Moderate,1,1,
39072,2022-09-22 14:50:00,40.75613,-73.81559,0,0,Backing Unsafely,4566842,24.9,14.3,9.1,9.1,0.0,7.0,63,24.6,44.6,273,Rain: Moderate,0,0,
39073,2021-06-18 12:30:00,40.62929,-73.94611,4,0,Backing Unsafely,4429581,27.4,13.8,0.0,0.0,0.0,0.0,3,20.5,40.3,210,Overcast,4,4,
39074,2021-06-19 01:05:00,40.767612,-73.950005,3,0,Driver Inattention/Distraction,4429227,31.5,19.5,1.2,1.2,0.0,3.0,53,21.1,38.2,243,Drizzle: Moderate,3,3,
39075,2021-06-19 15:08:00,40.693405,-73.96629,0,0,Unsafe Lane Changing,4429017,31.5,19.5,1.2,1.2,0.0,3.0,53,21.1,38.2,243,Drizzle: Moderate,0,0,
39076,2021-06-19 18:00:00,40.646626,-73.90399,0,0,Passing or Lane Usage Improper,4428714,31.5,19.5,1.2,1.2,0.0,3.0,53,21.1,38.2,243,Drizzle: Moderate,0,0,
39077,2021-06-19 03:35:00,40.778614,-73.83977,0,0,Failure to Yield Right-of-Way,4428744,31.5,19.5,1.2,1.2,0.0,3.0,53,21.1,38.2,243,Drizzle: Moderate,0,0,
39078,2021-06-19 16:00:00,40.684258,-73.84604,1,0,Driver Inattention/Distraction,4429443,31.5,19.5,1.2,1.2,0.0,3.0,53,21.1,38.2,243,Drizzle: Moderate,1,1,
39079,2021-06-19 07:26:00,40.701763,-73.9276,0,0,Passing or Lane Usage Improper,4428660,31.5,19.5,1.2,1.2,0.0,3.0,53,21.1,38.2,243,Drizzle: Moderate,0,0,
39080,2021-06-18 13:22:00,40.797943,-73.94003,1,0,Passing or Lane Usage Improper,4429427,27.4,13.8,0.0,0.0,0.0,0.0,3,20.5,40.3,210,Overcast,1,1,
39081,2021-06-19 21:25:00,40.675495,-73.8997,3,0,Unspecified,4429035,31.5,19.5,1.2,1.2,0.0,3.0,53,21.1,38.2,243,Drizzle: Moderate,3,3,
39082,2021-06-19 10:40:00,40.584522,-73.949,0,0,Driver Inattention/Distraction,4428827,31.5,19.5,1.2,1.2,0.0,3.0,53,21.1,38.2,243,Drizzle: Moderate,0,0,
39083,2021-06-18 19:00:00,40.73283,-73.79291,0,0,Unspecified,4429498,27.4,13.8,0.0,0.0,0.0,0.0,3,20.5,40.3,210,Overcast,0,0,
39084,2021-06-17 17:35:00,40.749054,-73.99576,0,0,Unsafe Lane Changing,4429397,23.9,12.1,0.0,0.0,0.0,0.0,3,13.4,27.4,311,Overcast,0,0,
39085,2021-06-12 12:00:00,40.685184,-73.93551,0,0,Driver Inattention/Distraction,4429465,21.2,16.4,0.4,0.4,0.0,3.0,51,15.5,31.3,112,Drizzle: Light,0,0,
39086,2021-06-19 14:47:00,40.660656,-73.8809,0,0,Unspecified,4428725,31.5,19.5,1.2,1.2,0.0,3.0,53,21.1,38.2,243,Drizzle: Moderate,0,0,
39087,2021-06-19 21:56:00,40.745174,-73.93726,0,0,Following Too Closely,4428750,31.5,19.5,1.2,1.2,0.0,3.0,53,21.1,38.2,243,Drizzle: Moderate,0,0,
39088,2021-06-19 16:57:00,40.59892,-73.7637,0,0,Unspecified,4429240,31.5,19.5,1.2,1.2,0.0,3.0,53,21.1,38.2,243,Drizzle: Moderate,0,0,
39089,2021-06-19 09:40:00,40.584137,-73.96386,0,0,Driver Inattention/Distraction,4429151,31.5,19.5,1.2,1.2,0.0,3.0,53,21.1,38.2,243,Drizzle: Moderate,0,0,
39090,2021-06-15 08:01:00,40.674946,-73.9194,0,0,Passing or Lane Usage Improper,4429506,25.1,17.4,1.0,1.0,0.0,4.0,53,17.7,33.8,295,Drizzle: Moderate,0,0,
39091,2021-06-19 07:20:00,40.74914,-73.91561,0,0,Driver Inattention/Distraction,4428647,31.5,19.5,1.2,1.2,0.0,3.0,53,21.1,38.2,243,Drizzle: Moderate,0,0,
39092,2021-06-14 02:07:00,40.88809,-73.89254,0,0,Unspecified,4429666,21.4,17.5,21.7,21.7,0.0,11.0,65,21.1,48.6,154,Rain: Heavy,0,0,
39093,2021-06-19 08:38:00,40.86155,-73.92472,1,0,Failure to Yield Right-of-Way,4428935,31.5,19.5,1.2,1.2,0.0,3.0,53,21.1,38.2,243,Drizzle: Moderate,1,1,
39094,2021-06-19 16:44:00,40.692165,-73.80638,0,0,Driver Inattention/Distraction,4429523,31.5,19.5,1.2,1.2,0.0,3.0,53,21.1,38.2,243,Drizzle: Moderate,0,0,
39095,2021-06-09 17:49:00,40.695908,-73.98322,1,0,Unspecified,4429589,30.2,21.4,1.1,1.1,0.0,5.0,51,11.7,28.1,286,Drizzle: Light,1,1,
39096,2021-06-19 14:00:00,40.84698,-73.91065,0,0,Driver Inattention/Distraction,4428683,31.5,19.5,1.2,1.2,0.0,3.0,53,21.1,38.2,243,Drizzle: Moderate,0,0,
39097,2021-06-19 14:25:00,40.694546,-73.80212,1,0,Failure to Yield Right-of-Way,4429517,31.5,19.5,1.2,1.2,0.0,3.0,53,21.1,38.2,243,Drizzle: Moderate,1,1,
39098,2021-06-19 05:45:00,40.90022,-73.8535,0,0,Driver Inattention/Distraction,4429070,31.5,19.5,1.2,1.2,0.0,3.0,53,21.1,38.2,243,Drizzle: Moderate,0,0,
39099,2021-06-19 07:39:00,40.8499,-73.90919,3,0,Driver Inattention/Distraction,4428623,31.5,19.5,1.2,1.2,0.0,3.0,53,21.1,38.2,243,Drizzle: Moderate,3,3,
39100,2021-06-19 23:00:00,40.76071,-73.79072,0,0,Steering Failure,4428762,31.5,19.5,1.2,1.2,0.0,3.0,53,21.1,38.2,243,Drizzle: Moderate,0,0,
39101,2021-06-16 22:50:00,40.766533,-73.9783,1,0,Driver Inattention/Distraction,4429705,23.1,15.1,0.0,0.0,0.0,0.0,1,20.2,40.0,317,Mainly clear,1,1,Sunny/Clear Conditions
39102,2021-06-19 19:24:00,40.69835,-73.91103,0,0,Other Vehicular,4429469,31.5,19.5,1.2,1.2,0.0,3.0,53,21.1,38.2,243,Drizzle: Moderate,0,0,
39103,2021-06-19 01:04:00,40.687492,-73.96262,0,0,Passenger Distraction,4429009,31.5,19.5,1.2,1.2,0.0,3.0,53,21.1,38.2,243,Drizzle: Moderate,0,0,
39104,2021-06-19 17:00:00,40.85162,-73.82653,1,0,Illnes,4428708,31.5,19.5,1.2,1.2,0.0,3.0,53,21.1,38.2,243,Drizzle: Moderate,1,1,
39105,2021-06-17 23:53:00,40.75742,-73.99993,0,0,Passing Too Closely,4429378,23.9,12.1,0.0,0.0,0.0,0.0,3,13.4,27.4,311,Overcast,0,0,
39106,2021-06-17 14:10:00,40.58789,-74.15319,1,0,Backing Unsafely,4429350,23.9,12.1,0.0,0.0,0.0,0.0,3,13.4,27.4,311,Overcast,1,1,
39107,2021-06-19 10:55:00,40.756058,-73.94283,0,0,Failure to Yield Right-of-Way,4428853,31.5,19.5,1.2,1.2,0.0,3.0,53,21.1,38.2,243,Drizzle: Moderate,0,0,
39108,2021-06-19 12:04:00,40.83639,-73.88485,0,0,Driver Inexperience,4429623,31.5,19.5,1.2,1.2,0.0,3.0,53,21.1,38.2,243,Drizzle: Moderate,0,0,
39109,2021-06-19 16:45:00,40.632088,-73.96891,0,0,Unspecified,4428801,31.5,19.5,1.2,1.2,0.0,3.0,53,21.1,38.2,243,Drizzle: Moderate,0,0,
39110,2021-06-19 00:07:00,40.751602,-73.93384,0,0,Pavement Defective,4429256,31.5,19.5,1.2,1.2,0.0,3.0,53,21.1,38.2,243,Drizzle: Moderate,0,0,
39111,2021-06-19 20:25:00,40.85208,-73.82685,0,0,Unspecified,4429308,31.5,19.5,1.2,1.2,0.0,3.0,53,21.1,38.2,243,Drizzle: Moderate,0,0,
39112,2021-06-19 17:35:00,40.575924,-73.99114,0,0,Other Lighting Defects,4428868,31.5,19.5,1.2,1.2,0.0,3.0,53,21.1,38.2,243,Drizzle: Moderate,0,0,
39113,2021-06-17 06:19:00,40.87898,-73.909035,1,0,Unspecified,4429662,23.9,12.1,0.0,0.0,0.0,0.0,3,13.4,27.4,311,Overcast,1,1,
39114,2021-06-17 13:05:00,40.61898,-74.163895,0,0,Driver Inattention/Distraction,4429484,23.9,12.1,0.0,0.0,0.0,0.0,3,13.4,27.4,311,Overcast,0,0,
39115,2021-06-19 10:00:00,40.756096,-73.74655,0,0,Following Too Closely,4428701,31.5,19.5,1.2,1.2,0.0,3.0,53,21.1,38.2,243,Drizzle: Moderate,0,0,
39116,2021-06-18 13:30:00,40.685093,-73.8596,0,0,Passing Too Closely,4429457,27.4,13.8,0.0,0.0,0.0,0.0,3,20.5,40.3,210,Overcast,0,0,
39117,2021-06-19 14:00:00,40.724236,-73.997795,0,0,Driver Inattention/Distraction,4428669,31.5,19.5,1.2,1.2,0.0,3.0,53,21.1,38.2,243,Drizzle: Moderate,0,0,
39118,2021-06-15 13:00:00,40.749146,-74.00368,0,0,Passing Too Closely,4429392,25.1,17.4,1.0,1.0,0.0,4.0,53,17.7,33.8,295,Drizzle: Moderate,0,0,
39119,2021-06-19 19:36:00,40.883476,-73.868256,9,0,Driver Inexperience,4429082,31.5,19.5,1.2,1.2,0.0,3.0,53,21.1,38.2,243,Drizzle: Moderate,9,9,
39120,2021-06-19 14:00:00,40.577168,-74.11804,0,0,Driver Inattention/Distraction,4429545,31.5,19.5,1.2,1.2,0.0,3.0,53,21.1,38.2,243,Drizzle: Moderate,0,0,
39121,2021-06-17 11:50:00,40.73549,-73.859634,0,0,Driver Inattention/Distraction,4428118,23.9,12.1,0.0,0.0,0.0,0.0,3,13.4,27.4,311,Overcast,0,0,
39122,2021-06-19 20:25:00,40.585163,-73.95641,0,0,Driver Inattention/Distraction,4429203,31.5,19.5,1.2,1.2,0.0,3.0,53,21.1,38.2,243,Drizzle: Moderate,0,0,
39123,2021-06-19 08:30:00,40.672638,-73.758575,0,0,Unspecified,4428732,31.5,19.5,1.2,1.2,0.0,3.0,53,21.1,38.2,243,Drizzle: Moderate,0,0,
39124,2021-06-19 20:10:00,40.66687,-73.90814,0,0,Unspecified,4428900,31.5,19.5,1.2,1.2,0.0,3.0,53,21.1,38.2,243,Drizzle: Moderate,0,0,
39125,2022-09-21 00:51:00,40.7566,-73.92072,0,0,Backing Unsafely,4566736,26.5,16.0,0.0,0.0,0.0,0.0,3,19.4,36.7,252,Overcast,0,0,
39126,2021-06-19 16:23:00,40.843204,-73.91196,0,0,Following Too Closely,4428989,31.5,19.5,1.2,1.2,0.0,3.0,53,21.1,38.2,243,Drizzle: Moderate,0,0,
39127,2021-06-19 09:33:00,40.788692,-73.85061,0,0,Animals Action,4428665,31.5,19.5,1.2,1.2,0.0,3.0,53,21.1,38.2,243,Drizzle: Moderate,0,0,
39128,2021-06-19 05:40:00,40.64974,-73.998314,0,0,Driver Inattention/Distraction,4428600,31.5,19.5,1.2,1.2,0.0,3.0,53,21.1,38.2,243,Drizzle: Moderate,0,0,
39129,2021-06-19 05:40:00,40.650227,-73.946594,0,0,Fell Asleep,4428774,31.5,19.5,1.2,1.2,0.0,3.0,53,21.1,38.2,243,Drizzle: Moderate,0,0,
39130,2021-05-29 00:39:00,40.72475,-73.773155,0,0,Failure to Yield Right-of-Way,4429437,11.0,8.5,25.1,25.1,0.0,22.0,63,29.9,56.9,39,Rain: Moderate,0,0,
39131,2021-06-19 20:40:00,40.66157,-73.91548,0,0,Failure to Yield Right-of-Way,4428909,31.5,19.5,1.2,1.2,0.0,3.0,53,21.1,38.2,243,Drizzle: Moderate,0,0,
39132,2021-06-19 20:15:00,40.682747,-73.812355,0,0,Driver Inattention/Distraction,4428735,31.5,19.5,1.2,1.2,0.0,3.0,53,21.1,38.2,243,Drizzle: Moderate,0,0,
39133,2021-06-19 15:22:00,40.761036,-73.98702,0,0,Unspecified,4429689,31.5,19.5,1.2,1.2,0.0,3.0,53,21.1,38.2,243,Drizzle: Moderate,0,0,
39134,2021-06-17 13:00:00,40.817844,-73.94185,0,0,Other Vehicular,4429354,23.9,12.1,0.0,0.0,0.0,0.0,3,13.4,27.4,311,Overcast,0,0,
39135,2021-06-19 23:00:00,40.81977,-73.93673,1,0,Driver Inattention/Distraction,4429370,31.5,19.5,1.2,1.2,0.0,3.0,53,21.1,38.2,243,Drizzle: Moderate,1,1,
39136,2021-06-19 18:55:00,40.59626,-73.76773,0,0,Following Too Closely,4429264,31.5,19.5,1.2,1.2,0.0,3.0,53,21.1,38.2,243,Drizzle: Moderate,0,0,
39137,2021-06-19 05:44:00,40.830124,-73.86442,0,0,Unspecified,4429407,31.5,19.5,1.2,1.2,0.0,3.0,53,21.1,38.2,243,Drizzle: Moderate,0,0,
39138,2021-06-19 23:45:00,40.76359,-73.98144,0,0,Unsafe Lane Changing,4429697,31.5,19.5,1.2,1.2,0.0,3.0,53,21.1,38.2,243,Drizzle: Moderate,0,0,
39139,2021-06-19 19:47:00,40.56494,-74.15512,0,0,Turning Improperly,4429540,31.5,19.5,1.2,1.2,0.0,3.0,53,21.1,38.2,243,Drizzle: Moderate,0,0,
39140,2021-06-19 00:48:00,40.79292,-73.94579,0,0,Traffic Control Disregarded,4428783,31.5,19.5,1.2,1.2,0.0,3.0,53,21.1,38.2,243,Drizzle: Moderate,0,0,
39141,2021-06-19 17:15:00,40.579197,-73.98195,1,0,Driver Inattention/Distraction,4429293,31.5,19.5,1.2,1.2,0.0,3.0,53,21.1,38.2,243,Drizzle: Moderate,1,1,
39142,2021-06-19 04:29:00,40.79826,-73.92955,1,0,Other Vehicular,4429432,31.5,19.5,1.2,1.2,0.0,3.0,53,21.1,38.2,243,Drizzle: Moderate,1,1,
39143,2021-06-19 20:28:00,40.674812,-73.86363,0,0,Alcohol Involvement,4429037,31.5,19.5,1.2,1.2,0.0,3.0,53,21.1,38.2,243,Drizzle: Moderate,0,0,
39144,2021-06-18 09:20:00,40.670986,-73.984795,0,0,Passing or Lane Usage Improper,4429453,27.4,13.8,0.0,0.0,0.0,0.0,3,20.5,40.3,210,Overcast,0,0,
39145,2021-06-15 07:00:00,40.702953,-73.91706,0,0,Passing Too Closely,4429470,25.1,17.4,1.0,1.0,0.0,4.0,53,17.7,33.8,295,Drizzle: Moderate,0,0,
39146,2021-06-19 08:51:00,40.867504,-73.84618,0,0,Unspecified,4428691,31.5,19.5,1.2,1.2,0.0,3.0,53,21.1,38.2,243,Drizzle: Moderate,0,0,
39147,2021-06-19 11:30:00,40.905876,-73.84994,1,0,Turning Improperly,4429113,31.5,19.5,1.2,1.2,0.0,3.0,53,21.1,38.2,243,Drizzle: Moderate,1,1,
39148,2021-06-19 19:02:00,40.785625,-73.948204,1,0,Driverless/Runaway Vehicle,4429020,31.5,19.5,1.2,1.2,0.0,3.0,53,21.1,38.2,243,Drizzle: Moderate,1,1,
39149,2021-06-19 13:00:00,40.68603,-73.96643,0,0,Unspecified,4428681,31.5,19.5,1.2,1.2,0.0,3.0,53,21.1,38.2,243,Drizzle: Moderate,0,0,
39150,2021-06-19 15:45:00,40.674797,-73.867,0,0,Unspecified,4428726,31.5,19.5,1.2,1.2,0.0,3.0,53,21.1,38.2,243,Drizzle: Moderate,0,0,
39151,2021-06-19 01:40:00,40.760536,-73.95836,2,0,Unspecified,4429220,31.5,19.5,1.2,1.2,0.0,3.0,53,21.1,38.2,243,Drizzle: Moderate,2,2,
39152,2021-06-19 18:50:00,40.679253,-73.81871,1,0,Failure to Yield Right-of-Way,4429196,31.5,19.5,1.2,1.2,0.0,3.0,53,21.1,38.2,243,Drizzle: Moderate,1,1,
39153,2021-06-19 06:20:00,40.69939,-73.91938,0,0,Passing or Lane Usage Improper,4428661,31.5,19.5,1.2,1.2,0.0,3.0,53,21.1,38.2,243,Drizzle: Moderate,0,0,
39154,2021-06-19 02:15:00,40.836296,-73.87369,0,0,Unsafe Lane Changing,4429408,31.5,19.5,1.2,1.2,0.0,3.0,53,21.1,38.2,243,Drizzle: Moderate,0,0,
39155,2021-06-18 15:57:00,40.67412,-73.972534,1,0,Passing or Lane Usage Improper,4429458,27.4,13.8,0.0,0.0,0.0,0.0,3,20.5,40.3,210,Overcast,1,1,
39156,2021-06-19 15:56:00,40.59387,-73.9818,0,0,Unspecified,4429280,31.5,19.5,1.2,1.2,0.0,3.0,53,21.1,38.2,243,Drizzle: Moderate,0,0,
39157,2021-06-19 14:00:00,40.844597,-73.94247,0,0,Passing or Lane Usage Improper,4428878,31.5,19.5,1.2,1.2,0.0,3.0,53,21.1,38.2,243,Drizzle: Moderate,0,0,
39158,2021-06-14 02:00:00,40.755116,-74.00248,0,0,Failure to Yield Right-of-Way,4429359,21.4,17.5,21.7,21.7,0.0,11.0,65,21.1,48.6,154,Rain: Heavy,0,0,
39159,2021-06-18 14:55:00,40.749985,-74.00375,1,0,Driver Inattention/Distraction,4429365,27.4,13.8,0.0,0.0,0.0,0.0,3,20.5,40.3,210,Overcast,1,1,
39160,2021-06-19 05:04:00,40.723198,-73.73358,1,0,Brakes Defective,4428555,31.5,19.5,1.2,1.2,0.0,3.0,53,21.1,38.2,243,Drizzle: Moderate,1,1,
39161,2021-06-19 13:30:00,40.848114,-73.901474,0,0,Passing Too Closely,4429441,31.5,19.5,1.2,1.2,0.0,3.0,53,21.1,38.2,243,Drizzle: Moderate,0,0,
39162,2021-06-19 06:05:00,40.7265,-73.75571,0,0,Unsafe Speed,4428932,31.5,19.5,1.2,1.2,0.0,3.0,53,21.1,38.2,243,Drizzle: Moderate,0,0,
39163,2021-06-17 15:08:00,40.81207,-73.93603,1,0,Turning Improperly,4429533,23.9,12.1,0.0,0.0,0.0,0.0,3,13.4,27.4,311,Overcast,1,1,
39164,2021-06-18 20:30:00,40.756527,-73.994026,0,0,Passing or Lane Usage Improper,4429403,27.4,13.8,0.0,0.0,0.0,0.0,3,20.5,40.3,210,Overcast,0,0,
39165,2021-06-19 13:00:00,40.676224,-73.74357,0,0,Unspecified,4429586,31.5,19.5,1.2,1.2,0.0,3.0,53,21.1,38.2,243,Drizzle: Moderate,0,0,
39166,2021-06-19 15:45:00,40.649982,-73.91183,0,0,Driver Inattention/Distraction,4428779,31.5,19.5,1.2,1.2,0.0,3.0,53,21.1,38.2,243,Drizzle: Moderate,0,0,
39167,2021-06-19 04:00:00,40.78029,-73.94386,0,0,Driver Inexperience,4429228,31.5,19.5,1.2,1.2,0.0,3.0,53,21.1,38.2,243,Drizzle: Moderate,0,0,
39168,2021-06-19 03:18:00,40.84503,-73.94508,0,0,Pavement Slippery,4428826,31.5,19.5,1.2,1.2,0.0,3.0,53,21.1,38.2,243,Drizzle: Moderate,0,0,
39169,2021-06-15 18:59:00,40.748596,-73.89532,0,0,Unspecified,4429428,25.1,17.4,1.0,1.0,0.0,4.0,53,17.7,33.8,295,Drizzle: Moderate,0,0,
39170,2021-06-17 18:01:00,40.85927,-73.90931,0,0,Unspecified,4429509,23.9,12.1,0.0,0.0,0.0,0.0,3,13.4,27.4,311,Overcast,0,0,
39171,2021-06-19 14:59:00,40.68896,-73.93326,0,0,Driver Inattention/Distraction,4428955,31.5,19.5,1.2,1.2,0.0,3.0,53,21.1,38.2,243,Drizzle: Moderate,0,0,
39172,2021-06-19 01:00:00,40.642002,-73.898834,0,0,Passing or Lane Usage Improper,4428713,31.5,19.5,1.2,1.2,0.0,3.0,53,21.1,38.2,243,Drizzle: Moderate,0,0,
39173,2021-06-19 00:00:00,40.851963,-73.83557,0,0,Unspecified,4428643,31.5,19.5,1.2,1.2,0.0,3.0,53,21.1,38.2,243,Drizzle: Moderate,0,0,
39174,2021-06-19 06:25:00,40.67578,-74.0014,0,0,Fell Asleep,4429102,31.5,19.5,1.2,1.2,0.0,3.0,53,21.1,38.2,243,Drizzle: Moderate,0,0,
39175,2021-06-19 07:38:00,40.608307,-73.75517,0,0,Passing Too Closely,4429242,31.5,19.5,1.2,1.2,0.0,3.0,53,21.1,38.2,243,Drizzle: Moderate,0,0,
39176,2021-06-19 20:30:00,40.73955,-73.94531,1,0,Driver Inattention/Distraction,4428751,31.5,19.5,1.2,1.2,0.0,3.0,53,21.1,38.2,243,Drizzle: Moderate,1,1,
39177,2021-06-19 20:00:00,40.67699,-73.74308,1,0,Unspecified,4428740,31.5,19.5,1.2,1.2,0.0,3.0,53,21.1,38.2,243,Drizzle: Moderate,1,1,
39178,2021-06-19 01:00:00,40.583733,-73.91969,0,0,Alcohol Involvement,4429153,31.5,19.5,1.2,1.2,0.0,3.0,53,21.1,38.2,243,Drizzle: Moderate,0,0,
39179,2021-06-11 15:34:00,40.90414,-73.905014,0,0,Unspecified,4429664,20.7,15.3,1.2,1.2,0.0,3.0,53,13.2,27.0,97,Drizzle: Moderate,0,0,
39180,2021-06-19 00:12:00,40.66451,-73.91723,0,0,Unspecified,4428895,31.5,19.5,1.2,1.2,0.0,3.0,53,21.1,38.2,243,Drizzle: Moderate,0,0,
39181,2021-06-18 18:47:00,40.83553,-73.86317,0,0,Driver Inattention/Distraction,4429388,27.4,13.8,0.0,0.0,0.0,0.0,3,20.5,40.3,210,Overcast,0,0,
39182,2021-06-12 01:08:00,40.607754,-74.13205,1,0,Following Too Closely,4429344,21.2,16.4,0.4,0.4,0.0,3.0,51,15.5,31.3,112,Drizzle: Light,1,1,
39183,2021-06-18 15:50:00,40.61069,-74.1184,0,0,Unsafe Lane Changing,4429487,27.4,13.8,0.0,0.0,0.0,0.0,3,20.5,40.3,210,Overcast,0,0,
39184,2021-06-19 18:40:00,40.687508,-73.80666,4,0,Traffic Control Disregarded,4429518,31.5,19.5,1.2,1.2,0.0,3.0,53,21.1,38.2,243,Drizzle: Moderate,4,4,
39185,2021-06-19 22:55:00,40.721474,-73.98764,0,0,Unspecified,4428918,31.5,19.5,1.2,1.2,0.0,3.0,53,21.1,38.2,243,Drizzle: Moderate,0,0,
39186,2021-06-19 20:45:00,40.642384,-73.92539,1,0,Driver Inattention/Distraction,4429574,31.5,19.5,1.2,1.2,0.0,3.0,53,21.1,38.2,243,Drizzle: Moderate,1,1,
39187,2021-06-19 21:00:00,40.71512,-73.83224,1,0,Unspecified,4428784,31.5,19.5,1.2,1.2,0.0,3.0,53,21.1,38.2,243,Drizzle: Moderate,1,1,
39188,2021-05-22 10:39:00,40.68783,-73.93004,0,0,Driver Inattention/Distraction,4429464,30.5,16.5,0.0,0.0,0.0,0.0,3,19.1,36.4,299,Overcast,0,0,
39189,2021-06-19 17:36:00,40.584343,-73.962,0,0,Driver Inattention/Distraction,4429296,31.5,19.5,1.2,1.2,0.0,3.0,53,21.1,38.2,243,Drizzle: Moderate,0,0,
39190,2021-06-19 08:49:00,40.84219,-73.89411,1,0,Illnes,4429333,31.5,19.5,1.2,1.2,0.0,3.0,53,21.1,38.2,243,Drizzle: Moderate,1,1,
39191,2021-06-19 10:46:00,40.6828,-73.90638,1,0,Following Too Closely,4429632,31.5,19.5,1.2,1.2,0.0,3.0,53,21.1,38.2,243,Drizzle: Moderate,1,1,
39192,2021-06-19 09:50:00,40.628246,-74.16043,0,0,Driver Inexperience,4429351,31.5,19.5,1.2,1.2,0.0,3.0,53,21.1,38.2,243,Drizzle: Moderate,0,0,
39193,2021-06-19 08:30:00,40.82734,-73.89386,1,0,View Obstructed/Limited,4428811,31.5,19.5,1.2,1.2,0.0,3.0,53,21.1,38.2,243,Drizzle: Moderate,1,1,
39194,2022-09-22 15:40:00,40.700726,-73.94194,0,0,Failure to Yield Right-of-Way,4566493,24.9,14.3,9.1,9.1,0.0,7.0,63,24.6,44.6,273,Rain: Moderate,0,0,
39195,2022-09-22 04:45:00,40.556534,-74.12813,1,0,Animals Action,4566415,24.9,14.3,9.1,9.1,0.0,7.0,63,24.6,44.6,273,Rain: Moderate,1,1,