,CRASH DATETIME,LATITUDE,LONGITUDE,NUMBER OF PERSONS INJURED,NUMBER OF PERSONS KILLED,CONTRIBUTING FACTOR VEHICLE 1,COLLISION_ID,temperature_2m_max,temperature_2m_min,precipitation_sum,rain_sum,snowfall_sum,precipitation_hours,weather_code,wind_speed_10m_max,wind_gusts_10m_max,wind_direction_10m_dominant,Weather Description,Severity_Score,Total_Affected_Persons,Weather_Category
39196,2022-09-21 23:30:00,40.78297,-73.98591,1,0,Unsafe Speed,4566611,26.5,16.0,0.0,0.0,0.0,0.0,3,19.4,36.7,252,Overcast,1,1,
39197,2022-09-21 11:18:00,40.61405,-74.013916,1,0,Following Too Closely,4566144,26.5,16.0,0.0,0.0,0.0,0.0,3,19.4,36.7,252,Overcast,1,1,
39198,2022-09-23 09:00:00,40.810886,-73.8817,0,0,Unsafe Speed,4566946,16.4,10.0,0.0,0.0,0.0,0.0,0,31.1,56.9,323,Clear sky,0,0,Sunny/Clear Conditions
39199,2022-09-21 10:55:00,40.715065,-73.9462,0,0,Passing Too Closely,4567319,26.5,16.0,0.0,0.0,0.0,0.0,3,19.4,36.7,252,Overcast,0,0,
39200,2022-09-22 13:55:00,40.725098,-73.95157,1,0,Driver Inattention/Distraction,4567285,24.9,14.3,9.1,9.1,0.0,7.0,63,24.6,44.6,273,Rain: Moderate,1,1,
39201,2022-09-12 16:00:00,40.699375,-73.94711,0,0,Driver Inattention/Distraction,4566685,28.0,20.2,8.9,8.9,0.0,7.0,63,14.9,26.6,230,Rain: Moderate,0,0,
39202,2022-09-22 01:00:00,40.76249,-73.839584,0,0,Reaction to Uninvolved Vehicle,4566193,24.9,14.3,9.1,9.1,0.0,7.0,63,24.6,44.6,273,Rain: Moderate,0,0,
39203,2022-09-20 08:40:00,40.635757,-73.99486,0,0,Unspecified,4566579,25.7,17.7,0.0,0.0,0.0,0.0,3,19.0,35.3,296,Overcast,0,0,
39204,2022-09-23 05:00:00,40.700935,-73.751114,0,0,Passing Too Closely,4566988,16.4,10.0,0.0,0.0,0.0,0.0,0,31.1,56.9,323,Clear sky,0,0,Sunny/Clear Conditions
39205,2022-09-22 23:30:00,40.838192,-73.91228,0,0,Passing Too Closely,4566782,24.9,14.3,9.1,9.1,0.0,7.0,63,24.6,44.6,273,Rain: Moderate,0,0,
39206,2022-09-19 08:56:00,40.684937,-73.91014,0,0,Passing Too Closely,4567331,30.1,19.0,4.9,4.9,0.0,3.0,63,22.4,44.3,241,Rain: Moderate,0,0,
39207,2022-09-23 08:55:00,40.719025,-73.98978,0,0,Unspecified,4566746,16.4,10.0,0.0,0.0,0.0,0.0,0,31.1,56.9,323,Clear sky,0,0,Sunny/Clear Conditions
39208,2022-09-23 19:26:00,40.814266,-73.912964,0,0,Unsafe Speed,4567117,16.4,10.0,0.0,0.0,0.0,0.0,0,31.1,56.9,323,Clear sky,0,0,Sunny/Clear Conditions
39209,2022-09-19 08:31:00,40.758137,-73.99787,1,0,Driver Inattention/Distraction,4567013,30.1,19.0,4.9,4.9,0.0,3.0,63,22.4,44.3,241,Rain: Moderate,1,1,
39210,2022-09-11 13:07:00,40.74715,-73.985504,0,0,Other Vehicular,4567059,24.5,18.9,12.9,12.9,0.0,13.0,61,12.4,22.0,205,Rain: Light,0,0,
39211,2022-09-22 15:50:00,40.81801,-73.96149,0,0,Unspecified,4566706,24.9,14.3,9.1,9.1,0.0,7.0,63,24.6,44.6,273,Rain: Moderate,0,0,
39212,2022-09-21 17:00:00,40.86804,-73.879105,0,0,Turning Improperly,4567267,26.5,16.0,0.0,0.0,0.0,0.0,3,19.4,36.7,252,Overcast,0,0,
39213,2022-09-21 12:08:00,40.70579,-74.003876,1,0,Failure to Yield Right-of-Way,4566535,26.5,16.0,0.0,0.0,0.0,0.0,3,19.4,36.7,252,Overcast,1,1,
39214,2022-09-22 15:15:00,40.69108,-73.72911,1,0,Pedestrian/Bicyclist/Other Pedestrian Error/Confusion,4566449,24.9,14.3,9.1,9.1,0.0,7.0,63,24.6,44.6,273,Rain: Moderate,1,1,
39215,2022-09-23 16:30:00,40.729607,-73.82489,0,0,Driver Inattention/Distraction,4566777,16.4,10.0,0.0,0.0,0.0,0.0,0,31.1,56.9,323,Clear sky,0,0,Sunny/Clear Conditions
39216,2022-07-03 17:00:00,40.882687,-73.8574,0,0,Unsafe Speed,4567102,31.2,21.0,0.0,0.0,0.0,0.0,3,15.8,31.3,341,Overcast,0,0,
39217,2022-09-20 17:50:00,40.624493,-74.14034,0,0,Unspecified,4566874,25.7,17.7,0.0,0.0,0.0,0.0,3,19.0,35.3,296,Overcast,0,0,
39218,2022-09-23 19:34:00,40.704525,-73.74891,1,0,Unspecified,4567040,16.4,10.0,0.0,0.0,0.0,0.0,0,31.1,56.9,323,Clear sky,1,1,Sunny/Clear Conditions
39219,2022-09-22 00:00:00,40.721172,-73.9557,0,0,Driver Inexperience,4567313,24.9,14.3,9.1,9.1,0.0,7.0,63,24.6,44.6,273,Rain: Moderate,0,0,
39220,2022-09-19 03:51:00,40.8068,-73.92157,1,0,Driver Inattention/Distraction,4566567,30.1,19.0,4.9,4.9,0.0,3.0,63,22.4,44.3,241,Rain: Moderate,1,1,
39221,2022-08-31 05:49:00,40.815662,-73.88702,0,0,Unspecified,4566971,28.7,20.4,0.8,0.8,0.0,4.0,51,20.6,40.3,289,Drizzle: Light,0,0,
39222,2022-09-22 00:12:00,40.687046,-73.792114,1,0,Traffic Control Disregarded,4566317,24.9,14.3,9.1,9.1,0.0,7.0,63,24.6,44.6,273,Rain: Moderate,1,1,
39223,2022-09-16 14:46:00,40.661873,-73.93146,1,0,Driver Inattention/Distraction,4566930,23.7,11.9,0.0,0.0,0.0,0.0,3,10.3,21.6,336,Overcast,1,1,
39224,2022-09-15 17:43:00,40.882046,-73.86863,1,0,Unsafe Speed,4567080,21.9,15.6,0.0,0.0,0.0,0.0,1,18.2,37.1,328,Mainly clear,1,1,Sunny/Clear Conditions
39225,2022-09-22 19:00:00,40.71072,-73.834885,0,0,Unspecified,4566653,24.9,14.3,9.1,9.1,0.0,7.0,63,24.6,44.6,273,Rain: Moderate,0,0,
39226,2022-01-05 06:15:00,40.57761,-74.11188,2,0,Pavement Slippery,4492131,6.9,-2.1,0.5,0.5,0.0,4.0,51,21.8,38.2,216,Drizzle: Light,2,2,
39227,2022-09-21 08:00:00,40.758377,-73.994385,1,0,Failure to Yield Right-of-Way,4565936,26.5,16.0,0.0,0.0,0.0,0.0,3,19.4,36.7,252,Overcast,1,1,
39228,2022-09-21 13:40:00,40.69657,-73.95844,1,0,Driver Inattention/Distraction,4566394,26.5,16.0,0.0,0.0,0.0,0.0,3,19.4,36.7,252,Overcast,1,1,
39229,2022-09-17 20:53:00,40.80797,-73.94598,1,0,Passing or Lane Usage Improper,4566638,22.9,16.8,0.0,0.0,0.0,0.0,3,16.9,32.0,115,Overcast,1,1,
39230,2022-09-21 08:38:00,40.743416,-73.95387,1,0,Driver Inattention/Distraction,4566126,26.5,16.0,0.0,0.0,0.0,0.0,3,19.4,36.7,252,Overcast,1,1,
39231,2022-09-22 09:39:00,40.6308,-74.00177,0,0,Pedestrian/Bicyclist/Other Pedestrian Error/Confusion,4566606,24.9,14.3,9.1,9.1,0.0,7.0,63,24.6,44.6,273,Rain: Moderate,0,0,
39232,2022-09-21 11:04:00,40.620876,-73.96443,0,0,Backing Unsafely,4566344,26.5,16.0,0.0,0.0,0.0,0.0,3,19.4,36.7,252,Overcast,0,0,
39233,2022-09-16 13:35:00,40.70589,-74.00719,0,0,Turning Improperly,4566902,23.7,11.9,0.0,0.0,0.0,0.0,3,10.3,21.6,336,Overcast,0,0,
39234,2022-09-22 00:15:00,40.741364,-73.92096,1,0,Unspecified,4566272,24.9,14.3,9.1,9.1,0.0,7.0,63,24.6,44.6,273,Rain: Moderate,1,1,
39235,2022-09-23 00:00:00,40.86038,-73.88889,0,0,Driver Inattention/Distraction,4567308,16.4,10.0,0.0,0.0,0.0,0.0,0,31.1,56.9,323,Clear sky,0,0,Sunny/Clear Conditions
39236,2022-09-18 04:30:00,40.814438,-73.89308,1,0,Driver Inattention/Distraction,4566922,28.7,17.1,0.0,0.0,0.0,0.0,3,20.2,36.7,233,Overcast,1,1,
39237,2022-09-23 21:32:00,40.757885,-73.89894,0,0,Unspecified,4567146,16.4,10.0,0.0,0.0,0.0,0.0,0,31.1,56.9,323,Clear sky,0,0,Sunny/Clear Conditions
39238,2022-09-03 20:08:00,40.697838,-73.960075,2,0,Failure to Yield Right-of-Way,4566670,26.8,17.3,0.0,0.0,0.0,0.0,3,17.3,32.0,143,Overcast,2,2,
39239,2022-09-15 04:20:00,40.759884,-73.9368,0,0,Failure to Yield Right-of-Way,4566753,21.9,15.6,0.0,0.0,0.0,0.0,1,18.2,37.1,328,Mainly clear,0,0,Sunny/Clear Conditions
39240,2022-09-17 01:50:00,40.715927,-73.957634,0,0,Driver Inattention/Distraction,4567293,22.9,16.8,0.0,0.0,0.0,0.0,3,16.9,32.0,115,Overcast,0,0,
39241,2022-09-21 06:47:00,40.862797,-73.865906,0,0,Driver Inattention/Distraction,4566222,26.5,16.0,0.0,0.0,0.0,0.0,3,19.4,36.7,252,Overcast,0,0,
39242,2022-09-18 22:00:00,40.612236,-73.96555,0,0,Unspecified,4566578,28.7,17.1,0.0,0.0,0.0,0.0,3,20.2,36.7,233,Overcast,0,0,
39243,2022-09-22 20:55:00,40.750763,-73.97445,1,0,Illnes,4566721,24.9,14.3,9.1,9.1,0.0,7.0,63,24.6,44.6,273,Rain: Moderate,1,1,
39244,2022-09-21 16:20:00,40.73698,-73.98085,0,0,Passing Too Closely,4566503,26.5,16.0,0.0,0.0,0.0,0.0,3,19.4,36.7,252,Overcast,0,0,
39245,2022-09-18 21:00:00,40.73207,-73.94462,1,0,Failure to Yield Right-of-Way,4567325,28.7,17.1,0.0,0.0,0.0,0.0,3,20.2,36.7,233,Overcast,1,1,
39246,2022-09-23 13:17:00,40.614788,-73.94658,1,0,Driver Inattention/Distraction,4566741,16.4,10.0,0.0,0.0,0.0,0.0,0,31.1,56.9,323,Clear sky,1,1,Sunny/Clear Conditions
39247,2022-09-22 06:50:00,40.67717,-73.87583,0,0,Other Vehicular,4566241,24.9,14.3,9.1,9.1,0.0,7.0,63,24.6,44.6,273,Rain: Moderate,0,0,
39248,2022-09-22 11:00:00,40.735626,-73.73694,1,0,Driver Inattention/Distraction,4566450,24.9,14.3,9.1,9.1,0.0,7.0,63,24.6,44.6,273,Rain: Moderate,1,1,
39249,2022-09-12 16:08:00,40.639297,-74.00559,0,0,Unspecified,4566589,28.0,20.2,8.9,8.9,0.0,7.0,63,14.9,26.6,230,Rain: Moderate,0,0,
39250,2022-09-21 16:00:00,40.635296,-74.02918,0,0,Driver Inattention/Distraction,4566165,26.5,16.0,0.0,0.0,0.0,0.0,3,19.4,36.7,252,Overcast,0,0,
39251,2022-09-23 08:04:00,40.790253,-73.93685,1,0,Unsafe Speed,4566823,16.4,10.0,0.0,0.0,0.0,0.0,0,31.1,56.9,323,Clear sky,1,1,Sunny/Clear Conditions
39252,2021-06-20 05:15:00,40.84106,-73.92851,1,0,Unsafe Speed,4429092,28.7,17.3,0.3,0.3,0.0,2.0,51,19.5,40.0,212,Drizzle: Light,1,1,
39253,2022-04-04 07:36:00,40.696033,-73.984535,0,0,Driver Inattention/Distraction,4516294,12.2,2.6,0.1,0.1,0.0,1.0,51,23.7,41.4,304,Drizzle: Light,0,0,
39254,2022-09-08 15:00:00,40.81865,-73.92729,1,0,Unspecified,4567113,23.9,17.7,0.0,0.0,0.0,0.0,3,15.5,30.6,29,Overcast,1,1,
39255,2022-09-22 15:45:00,40.72389,-73.84655,1,0,Failure to Yield Right-of-Way,4566406,24.9,14.3,9.1,9.1,0.0,7.0,63,24.6,44.6,273,Rain: Moderate,1,1,
39256,2022-09-22 21:45:00,40.593716,-74.08479,2,0,Traffic Control Disregarded,4566800,24.9,14.3,9.1,9.1,0.0,7.0,63,24.6,44.6,273,Rain: Moderate,2,2,
39257,2022-09-21 08:28:00,40.72568,-73.8904,0,0,Backing Unsafely,4567364,26.5,16.0,0.0,0.0,0.0,0.0,3,19.4,36.7,252,Overcast,0,0,
39258,2022-09-22 14:00:00,40.670536,-73.922424,0,0,Unspecified,4567021,24.9,14.3,9.1,9.1,0.0,7.0,63,24.6,44.6,273,Rain: Moderate,0,0,
39259,2022-09-23 23:50:00,40.63082,-73.88636,1,0,Driver Inexperience,4566726,16.4,10.0,0.0,0.0,0.0,0.0,0,31.1,56.9,323,Clear sky,1,1,Sunny/Clear Conditions
39260,2022-09-12 20:13:00,40.81228,-73.89628,0,0,Driver Inattention/Distraction,4566963,28.0,20.2,8.9,8.9,0.0,7.0,63,14.9,26.6,230,Rain: Moderate,0,0,
39261,2022-09-16 22:47:00,40.812393,-73.9032,2,0,Unsafe Speed,4566958,23.7,11.9,0.0,0.0,0.0,0.0,3,10.3,21.6,336,Overcast,2,2,
39262,2022-09-22 21:40:00,40.584873,-73.92705,0,0,Unspecified,4566742,24.9,14.3,9.1,9.1,0.0,7.0,63,24.6,44.6,273,Rain: Moderate,0,0,
39263,2022-09-23 07:02:00,40.69613,-73.987114,1,0,Unspecified,4566899,16.4,10.0,0.0,0.0,0.0,0.0,0,31.1,56.9,323,Clear sky,1,1,Sunny/Clear Conditions
39264,2022-09-09 22:49:00,40.592815,-73.90808,2,0,Unsafe Speed,4567009,26.3,16.3,0.0,0.0,0.0,0.0,0,11.8,23.8,63,Clear sky,2,2,Sunny/Clear Conditions
39265,2022-09-22 03:46:00,40.642204,-74.01336,2,0,Unspecified,4566811,24.9,14.3,9.1,9.1,0.0,7.0,63,24.6,44.6,273,Rain: Moderate,2,2,
39266,2022-09-22 20:50:00,40.714554,-73.83147,4,0,Driver Inattention/Distraction,4566434,24.9,14.3,9.1,9.1,0.0,7.0,63,24.6,44.6,273,Rain: Moderate,4,4,
39267,2022-09-23 20:10:00,40.527393,-74.220276,0,0,Driver Inattention/Distraction,4567050,16.4,10.0,0.0,0.0,0.0,0.0,0,31.1,56.9,323,Clear sky,0,0,Sunny/Clear Conditions
39268,2022-09-21 18:55:00,40.73675,-73.87768,2,0,Driver Inattention/Distraction,4566192,26.5,16.0,0.0,0.0,0.0,0.0,3,19.4,36.7,252,Overcast,2,2,
39269,2022-09-20 12:48:00,40.665,-73.92444,1,0,Driver Inattention/Distraction,4566941,25.7,17.7,0.0,0.0,0.0,0.0,3,19.0,35.3,296,Overcast,1,1,
39270,2022-09-23 17:04:00,40.866066,-73.89851,0,0,Following Too Closely,4567258,16.4,10.0,0.0,0.0,0.0,0.0,0,31.1,56.9,323,Clear sky,0,0,Sunny/Clear Conditions
39271,2022-09-09 18:51:00,40.819965,-73.886955,0,0,Driver Inattention/Distraction,4566968,26.3,16.3,0.0,0.0,0.0,0.0,0,11.8,23.8,63,Clear sky,0,0,Sunny/Clear Conditions
39272,2022-09-19 10:33:00,40.54886,-74.20017,1,0,Driver Inattention/Distraction,4567044,30.1,19.0,4.9,4.9,0.0,3.0,63,22.4,44.3,241,Rain: Moderate,1,1,
39273,2022-09-22 10:52:00,40.833916,-73.93136,0,0,Unsafe Lane Changing,4566773,24.9,14.3,9.1,9.1,0.0,7.0,63,24.6,44.6,273,Rain: Moderate,0,0,
39274,2022-09-14 00:10:00,40.849285,-73.93894,0,0,Unsafe Lane Changing,4567098,26.4,15.8,0.0,0.0,0.0,0.0,2,20.1,37.1,283,Partly cloudy,0,0,
39275,2022-08-25 00:00:00,40.813095,-73.89827,0,0,Driver Inattention/Distraction,4566975,32.2,19.6,0.0,0.0,0.0,0.0,3,19.9,36.0,240,Overcast,0,0,
39276,2022-09-21 11:45:00,40.81839,-73.95632,0,0,Backing Unsafely,4566707,26.5,16.0,0.0,0.0,0.0,0.0,3,19.4,36.7,252,Overcast,0,0,
39277,2022-09-21 18:11:00,40.750168,-73.86066,0,0,Unsafe Speed,4566349,26.5,16.0,0.0,0.0,0.0,0.0,3,19.4,36.7,252,Overcast,0,0,
39278,2021-10-14 19:00:00,40.8690581,-73.8796321,0,0,Following Too Closely,4467420,25.0,15.4,0.0,0.0,0.0,0.0,3,15.4,29.9,328,Overcast,0,0,
39279,2022-09-16 18:12:00,40.893627,-73.84585,0,0,Passing Too Closely,4567076,23.7,11.9,0.0,0.0,0.0,0.0,3,10.3,21.6,336,Overcast,0,0,
39280,2022-09-21 07:56:00,40.689598,-73.91025,0,0,Driver Inexperience,4565966,26.5,16.0,0.0,0.0,0.0,0.0,3,19.4,36.7,252,Overcast,0,0,
39281,2022-09-21 23:20:00,40.61526,-74.16017,1,0,Driver Inattention/Distraction,4566248,26.5,16.0,0.0,0.0,0.0,0.0,3,19.4,36.7,252,Overcast,1,1,
39282,2022-09-23 08:15:00,0.0,0.0,0,0,Following Too Closely,4566851,16.4,10.0,0.0,0.0,0.0,0.0,0,31.1,56.9,323,Clear sky,0,0,Sunny/Clear Conditions
39283,2022-09-21 14:00:00,40.707928,-73.78383,2,0,Failure to Yield Right-of-Way,4566065,26.5,16.0,0.0,0.0,0.0,0.0,3,19.4,36.7,252,Overcast,2,2,
39284,2022-09-16 12:53:00,40.881077,-73.84072,2,0,Passing or Lane Usage Improper,4567142,23.7,11.9,0.0,0.0,0.0,0.0,3,10.3,21.6,336,Overcast,2,2,
39285,2022-09-22 12:34:00,40.740036,-73.85289,0,0,Unspecified,4566758,24.9,14.3,9.1,9.1,0.0,7.0,63,24.6,44.6,273,Rain: Moderate,0,0,
39286,2022-09-15 20:00:00,40.663204,-73.923805,0,0,Unspecified,4566916,21.9,15.6,0.0,0.0,0.0,0.0,1,18.2,37.1,328,Mainly clear,0,0,Sunny/Clear Conditions
39287,2022-09-22 02:30:00,40.67134,-73.88195,0,0,Failure to Yield Right-of-Way,4566256,24.9,14.3,9.1,9.1,0.0,7.0,63,24.6,44.6,273,Rain: Moderate,0,0,
39288,2022-09-21 16:00:00,40.59423,-73.908325,1,0,Unspecified,4566155,26.5,16.0,0.0,0.0,0.0,0.0,3,19.4,36.7,252,Overcast,1,1,
39289,2022-09-21 13:40:00,40.793385,-73.94693,1,0,Obstruction/Debris,4566246,26.5,16.0,0.0,0.0,0.0,0.0,3,19.4,36.7,252,Overcast,1,1,
39290,2022-09-17 16:24:00,40.646717,-73.99789,1,0,Driver Inattention/Distraction,4566593,22.9,16.8,0.0,0.0,0.0,0.0,3,16.9,32.0,115,Overcast,1,1,
39291,2022-09-21 07:53:00,40.707478,-73.96076,0,0,Failure to Yield Right-of-Way,4566212,26.5,16.0,0.0,0.0,0.0,0.0,3,19.4,36.7,252,Overcast,0,0,
39292,2022-09-22 20:15:00,40.780174,-73.95932,3,0,Following Too Closely,4566482,24.9,14.3,9.1,9.1,0.0,7.0,63,24.6,44.6,273,Rain: Moderate,3,3,
39293,2022-09-20 16:30:00,40.885616,-73.82883,1,0,Passing or Lane Usage Improper,4567160,25.7,17.7,0.0,0.0,0.0,0.0,3,19.0,35.3,296,Overcast,1,1,
39294,2022-09-21 01:35:00,40.761383,-73.83885,1,0,Driver Inattention/Distraction,4565902,26.5,16.0,0.0,0.0,0.0,0.0,3,19.4,36.7,252,Overcast,1,1,
39295,2022-09-23 06:11:00,40.812862,-73.93458,1,0,Unspecified,4566516,16.4,10.0,0.0,0.0,0.0,0.0,0,31.1,56.9,323,Clear sky,1,1,Sunny/Clear Conditions
39296,2022-09-18 02:45:00,40.820503,-73.8881,0,0,Oversized Vehicle,4566954,28.7,17.1,0.0,0.0,0.0,0.0,3,20.2,36.7,233,Overcast,0,0,
39297,2022-09-23 11:30:00,40.790253,-73.94564,0,0,Backing Unsafely,4566610,16.4,10.0,0.0,0.0,0.0,0.0,0,31.1,56.9,323,Clear sky,0,0,Sunny/Clear Conditions
39298,2022-09-23 11:10:00,40.749825,-73.972206,1,0,Driver Inattention/Distraction,4567197,16.4,10.0,0.0,0.0,0.0,0.0,0,31.1,56.9,323,Clear sky,1,1,Sunny/Clear Conditions
39299,2022-09-21 18:30:00,40.687977,-73.99974,0,0,Driver Inattention/Distraction,4566425,26.5,16.0,0.0,0.0,0.0,0.0,3,19.4,36.7,252,Overcast,0,0,
39300,2022-09-21 18:00:00,40.694576,-73.95615,0,0,Driver Inattention/Distraction,4566764,26.5,16.0,0.0,0.0,0.0,0.0,3,19.4,36.7,252,Overcast,0,0,
39301,2022-09-06 01:15:00,40.85638,-73.82631,2,0,Unspecified,4566561,22.4,20.3,31.1,31.1,0.0,20.0,63,19.9,35.6,120,Rain: Moderate,2,2,
39302,2022-09-20 18:10:00,40.602673,-73.89933,1,0,Following Too Closely,4566804,25.7,17.7,0.0,0.0,0.0,0.0,3,19.0,35.3,296,Overcast,1,1,
39303,2022-04-04 15:20:00,40.683094,-73.80596,1,0,Following Too Closely,4516420,12.2,2.6,0.1,0.1,0.0,1.0,51,23.7,41.4,304,Drizzle: Light,1,1,
39304,2022-09-09 03:24:00,40.814632,-73.89339,0,0,Unspecified,4566980,26.3,16.3,0.0,0.0,0.0,0.0,0,11.8,23.8,63,Clear sky,0,0,Sunny/Clear Conditions
39305,2022-09-09 11:15:00,40.89193,-73.848076,1,0,Aggressive Driving/Road Rage,4567126,26.3,16.3,0.0,0.0,0.0,0.0,0,11.8,23.8,63,Clear sky,1,1,Sunny/Clear Conditions
39306,2022-09-20 16:13:00,40.810173,-73.95117,0,0,Driver Inattention/Distraction,4566648,25.7,17.7,0.0,0.0,0.0,0.0,3,19.0,35.3,296,Overcast,0,0,
39307,2022-09-09 13:40:00,40.737427,-73.883865,1,0,Unspecified,4566831,26.3,16.3,0.0,0.0,0.0,0.0,0,11.8,23.8,63,Clear sky,1,1,Sunny/Clear Conditions
39308,2022-09-23 14:43:00,40.61497,-73.92844,0,0,Driver Inattention/Distraction,4567000,16.4,10.0,0.0,0.0,0.0,0.0,0,31.1,56.9,323,Clear sky,0,0,Sunny/Clear Conditions
39309,2022-09-21 15:10:00,40.599945,-73.90318,0,0,Unsafe Lane Changing,4566792,26.5,16.0,0.0,0.0,0.0,0.0,3,19.4,36.7,252,Overcast,0,0,
39310,2022-09-21 14:25:00,40.686638,-73.93877,0,0,Alcohol Involvement,4567135,26.5,16.0,0.0,0.0,0.0,0.0,3,19.4,36.7,252,Overcast,0,0,
39311,2022-09-23 14:25:00,40.586716,-73.911194,1,0,Following Too Closely,4566893,16.4,10.0,0.0,0.0,0.0,0.0,0,31.1,56.9,323,Clear sky,1,1,Sunny/Clear Conditions
39312,2022-09-23 10:35:00,40.694534,-73.74783,0,0,Failure to Yield Right-of-Way,4566985,16.4,10.0,0.0,0.0,0.0,0.0,0,31.1,56.9,323,Clear sky,0,0,Sunny/Clear Conditions
39313,2022-09-16 16:03:00,40.89417,-73.856964,1,0,Reaction to Uninvolved Vehicle,4567073,23.7,11.9,0.0,0.0,0.0,0.0,3,10.3,21.6,336,Overcast,1,1,
39314,2022-09-15 16:56:00,40.768528,-73.9816,0,0,View Obstructed/Limited,4567330,21.9,15.6,0.0,0.0,0.0,0.0,1,18.2,37.1,328,Mainly clear,0,0,Sunny/Clear Conditions
39315,2022-09-17 23:10:00,40.683228,-73.907135,1,0,Fell Asleep,4566548,22.9,16.8,0.0,0.0,0.0,0.0,3,16.9,32.0,115,Overcast,1,1,
39316,2022-09-10 04:30:00,40.609535,-73.75372,0,0,Unspecified,4566662,27.4,15.3,0.0,0.0,0.0,0.0,3,12.6,24.8,209,Overcast,0,0,
39317,2022-06-04 14:15:00,40.68902,-73.92122,1,0,Driver Inattention/Distraction,4567110,27.0,13.4,0.0,0.0,0.0,0.0,1,20.9,40.0,244,Mainly clear,1,1,Sunny/Clear Conditions
39318,2022-09-21 17:35:00,40.643604,-73.94301,0,0,Unspecified,4566934,26.5,16.0,0.0,0.0,0.0,0.0,3,19.4,36.7,252,Overcast,0,0,
39319,2022-09-23 08:10:00,40.813747,-73.858116,0,0,Unsafe Speed,4566675,16.4,10.0,0.0,0.0,0.0,0.0,0,31.1,56.9,323,Clear sky,0,0,Sunny/Clear Conditions
39320,2022-09-20 12:38:00,40.751575,-73.85584,0,0,Unspecified,4566770,25.7,17.7,0.0,0.0,0.0,0.0,3,19.0,35.3,296,Overcast,0,0,
39321,2022-09-23 14:12:00,40.722355,-73.99327,0,0,Driver Inattention/Distraction,4566680,16.4,10.0,0.0,0.0,0.0,0.0,0,31.1,56.9,323,Clear sky,0,0,Sunny/Clear Conditions
39322,2022-09-17 13:00:00,40.802433,-73.946594,0,0,Passing Too Closely,4567238,22.9,16.8,0.0,0.0,0.0,0.0,3,16.9,32.0,115,Overcast,0,0,
39323,2022-09-21 10:15:00,40.801,-73.94621,0,0,Backing Unsafely,4566336,26.5,16.0,0.0,0.0,0.0,0.0,3,19.4,36.7,252,Overcast,0,0,
39324,2022-09-21 15:30:00,40.51159,-74.24934,0,0,Unspecified,4566054,26.5,16.0,0.0,0.0,0.0,0.0,3,19.4,36.7,252,Overcast,0,0,
39325,2022-09-21 13:15:00,40.762764,-73.79706,1,0,Failure to Yield Right-of-Way,4566056,26.5,16.0,0.0,0.0,0.0,0.0,3,19.4,36.7,252,Overcast,1,1,
39326,2022-09-21 23:15:00,40.84126,-73.92805,0,0,Backing Unsafely,4566289,26.5,16.0,0.0,0.0,0.0,0.0,3,19.4,36.7,252,Overcast,0,0,
39327,2021-06-20 00:45:00,40.597057,-73.759254,0,0,Alcohol Involvement,4429281,28.7,17.3,0.3,0.3,0.0,2.0,51,19.5,40.0,212,Drizzle: Light,0,0,
39328,2022-07-03 17:45:00,40.75578,-74.00199,0,0,View Obstructed/Limited,4543535,31.2,21.0,0.0,0.0,0.0,0.0,3,15.8,31.3,341,Overcast,0,0,
39329,2021-10-07 19:00:00,40.7376736,-74.0017682,1,0,Unspecified,4467494,22.4,15.7,0.4,0.4,0.0,4.0,51,10.5,20.5,231,Drizzle: Light,1,1,
39330,2022-09-23 02:02:00,40.728474,-73.85174,0,0,Backing Unsafely,4566514,16.4,10.0,0.0,0.0,0.0,0.0,0,31.1,56.9,323,Clear sky,0,0,Sunny/Clear Conditions
39331,2022-09-21 10:00:00,40.68871,-73.95499,0,0,Driver Inattention/Distraction,4566083,26.5,16.0,0.0,0.0,0.0,0.0,3,19.4,36.7,252,Overcast,0,0,
39332,2022-09-18 00:23:00,40.719864,-73.94486,0,0,Reaction to Uninvolved Vehicle,4567292,28.7,17.1,0.0,0.0,0.0,0.0,3,20.2,36.7,233,Overcast,0,0,
39333,2022-09-21 16:03:00,40.739822,-73.82243,1,0,Unspecified,4566326,26.5,16.0,0.0,0.0,0.0,0.0,3,19.4,36.7,252,Overcast,1,1,
39334,2022-04-23 07:00:00,40.687103,-73.936455,0,0,Driver Inexperience,4567105,14.7,6.3,0.0,0.0,0.0,0.0,3,15.0,29.2,119,Overcast,0,0,
39335,2022-09-23 04:00:00,40.707657,-73.818794,0,0,Alcohol Involvement,4566529,16.4,10.0,0.0,0.0,0.0,0.0,0,31.1,56.9,323,Clear sky,0,0,Sunny/Clear Conditions
39336,2022-09-21 06:59:00,40.777264,-73.9642,1,0,Driver Inattention/Distraction,4566140,26.5,16.0,0.0,0.0,0.0,0.0,3,19.4,36.7,252,Overcast,1,1,
39337,2022-09-22 22:00:00,40.662575,-73.93448,0,0,Driver Inattention/Distraction,4566867,24.9,14.3,9.1,9.1,0.0,7.0,63,24.6,44.6,273,Rain: Moderate,0,0,
39338,2022-09-21 08:01:00,40.7426,-73.78752,1,0,Failure to Yield Right-of-Way,4566369,26.5,16.0,0.0,0.0,0.0,0.0,3,19.4,36.7,252,Overcast,1,1,