,CRASH DATETIME,LATITUDE,LONGITUDE,NUMBER OF PERSONS INJURED,NUMBER OF PERSONS KILLED,CONTRIBUTING FACTOR VEHICLE 1,COLLISION_ID,temperature_2m_max,temperature_2m_min,precipitation_sum,rain_sum,snowfall_sum,precipitation_hours,weather_code,wind_speed_10m_max,wind_gusts_10m_max,wind_direction_10m_dominant,Weather Description,Severity_Score,Total_Affected_Persons,Weather_Category
39339,2022-09-22 08:00:00,40.672348,-73.91409,2,0,,4567025,24.9,14.3,9.1,9.1,0.0,7.0,63,24.6,44.6,273,Rain: Moderate,2,2,
39340,2022-09-21 15:00:00,40.843822,-73.91038,1,0,Driver Inattention/Distraction,4566546,26.5,16.0,0.0,0.0,0.0,0.0,3,19.4,36.7,252,Overcast,1,1,
39341,2022-09-21 08:23:00,40.832897,-73.862274,0,0,Traffic Control Disregarded,4566000,26.5,16.0,0.0,0.0,0.0,0.0,3,19.4,36.7,252,Overcast,0,0,
39342,2022-09-01 19:02:00,40.726322,-73.717224,0,0,Passing or Lane Usage Improper,4566694,29.3,19.5,0.0,0.0,0.0,0.0,1,18.0,35.6,295,Mainly clear,0,0,Sunny/Clear Conditions
39343,2022-09-21 14:41:00,40.826923,-73.913635,0,0,Driver Inattention/Distraction,4566292,26.5,16.0,0.0,0.0,0.0,0.0,3,19.4,36.7,252,Overcast,0,0,
39344,2023-01-15 10:25:00,40.691235,-73.79401,0,0,Driver Inattention/Distraction,4598037,4.7,-2.1,0.0,0.0,0.0,0.0,3,29.5,53.6,354,Overcast,0,0,
39345,2022-08-12 21:39:00,40.863113,-73.920616,1,0,Failure to Yield Right-of-Way,4567093,28.9,21.1,0.0,0.0,0.0,0.0,3,21.3,40.7,4,Overcast,1,1,
39346,2022-09-20 19:49:00,40.643246,-73.94877,1,0,,4566911,25.7,17.7,0.0,0.0,0.0,0.0,3,19.0,35.3,296,Overcast,1,1,
39347,2022-09-13 14:26:00,40.646515,-73.974655,0,0,Following Too Closely,4566885,26.0,20.5,8.3,8.3,0.0,16.0,61,19.5,33.8,219,Rain: Light,0,0,
39348,2022-09-23 10:05:00,40.752403,-73.92442,1,0,Unsafe Speed,4567217,16.4,10.0,0.0,0.0,0.0,0.0,0,31.1,56.9,323,Clear sky,1,1,Sunny/Clear Conditions
39349,2022-09-23 17:30:00,40.585342,-73.94157,0,0,Unsafe Speed,4566836,16.4,10.0,0.0,0.0,0.0,0.0,0,31.1,56.9,323,Clear sky,0,0,Sunny/Clear Conditions
39350,2022-09-21 18:06:00,40.757362,-73.96068,1,0,Driver Inattention/Distraction,4566356,26.5,16.0,0.0,0.0,0.0,0.0,3,19.4,36.7,252,Overcast,1,1,
39351,2022-09-23 05:29:00,40.63851,-74.021225,1,0,Driver Inexperience,4566673,16.4,10.0,0.0,0.0,0.0,0.0,0,31.1,56.9,323,Clear sky,1,1,Sunny/Clear Conditions
39352,2022-09-23 16:20:00,40.707596,-73.96187,1,0,Unspecified,4567036,16.4,10.0,0.0,0.0,0.0,0.0,0,31.1,56.9,323,Clear sky,1,1,Sunny/Clear Conditions
39353,2022-09-21 18:44:00,40.69412,-73.96017,0,0,Backing Unsafely,4566402,26.5,16.0,0.0,0.0,0.0,0.0,3,19.4,36.7,252,Overcast,0,0,
39354,2022-09-23 12:00:00,40.78878,-73.955734,0,0,Pedestrian/Bicyclist/Other Pedestrian Error/Confusion,4566652,16.4,10.0,0.0,0.0,0.0,0.0,0,31.1,56.9,323,Clear sky,0,0,Sunny/Clear Conditions
39355,2022-09-21 06:55:00,40.723454,-73.86959,0,0,Unspecified,4566013,26.5,16.0,0.0,0.0,0.0,0.0,3,19.4,36.7,252,Overcast,0,0,
39356,2022-09-21 11:00:00,40.69268,-73.93998,0,0,Driver Inattention/Distraction,4566082,26.5,16.0,0.0,0.0,0.0,0.0,3,19.4,36.7,252,Overcast,0,0,
39357,2022-09-22 15:40:00,40.67343,-73.98458,1,0,Driver Inattention/Distraction,4567268,24.9,14.3,9.1,9.1,0.0,7.0,63,24.6,44.6,273,Rain: Moderate,1,1,
39358,2022-09-09 03:00:00,40.684086,-73.929955,0,0,Unspecified,4567134,26.3,16.3,0.0,0.0,0.0,0.0,0,11.8,23.8,63,Clear sky,0,0,Sunny/Clear Conditions
39359,2022-09-22 10:15:00,40.70589,-74.00719,0,0,Unspecified,4566536,24.9,14.3,9.1,9.1,0.0,7.0,63,24.6,44.6,273,Rain: Moderate,0,0,
39360,2022-06-04 10:00:00,40.677414,-73.93033,1,0,Following Too Closely,4567103,27.0,13.4,0.0,0.0,0.0,0.0,1,20.9,40.0,244,Mainly clear,1,1,Sunny/Clear Conditions
39361,2022-09-15 18:30:00,40.718372,-73.96463,0,0,Driver Inattention/Distraction,4567315,21.9,15.6,0.0,0.0,0.0,0.0,1,18.2,37.1,328,Mainly clear,0,0,Sunny/Clear Conditions
39362,2022-09-23 09:49:00,40.60805,-74.15736,0,0,Unspecified,4566873,16.4,10.0,0.0,0.0,0.0,0.0,0,31.1,56.9,323,Clear sky,0,0,Sunny/Clear Conditions
39363,2022-09-23 17:38:00,40.756374,-73.98672,1,0,Pedestrian/Bicyclist/Other Pedestrian Error/Confusion,4567060,16.4,10.0,0.0,0.0,0.0,0.0,0,31.1,56.9,323,Clear sky,1,1,Sunny/Clear Conditions
39364,2022-09-22 17:45:00,40.626713,-74.16214,1,0,Turning Improperly,4566875,24.9,14.3,9.1,9.1,0.0,7.0,63,24.6,44.6,273,Rain: Moderate,1,1,
39365,2022-09-22 20:05:00,40.857525,-73.8818,0,0,Driver Inattention/Distraction,4566541,24.9,14.3,9.1,9.1,0.0,7.0,63,24.6,44.6,273,Rain: Moderate,0,0,
39366,2022-09-21 15:00:00,40.682804,-73.96367,1,0,Unspecified,4566134,26.5,16.0,0.0,0.0,0.0,0.0,3,19.4,36.7,252,Overcast,1,1,
39367,2022-09-22 00:55:00,40.84016,-73.88347,0,0,Other Vehicular,4566531,24.9,14.3,9.1,9.1,0.0,7.0,63,24.6,44.6,273,Rain: Moderate,0,0,
39368,2022-09-21 23:50:00,40.63693,-73.907295,0,0,Unspecified,4566424,26.5,16.0,0.0,0.0,0.0,0.0,3,19.4,36.7,252,Overcast,0,0,
39369,2022-09-21 15:35:00,40.66279,-73.99887,1,0,Passing Too Closely,4566808,26.5,16.0,0.0,0.0,0.0,0.0,3,19.4,36.7,252,Overcast,1,1,
39370,2022-09-22 13:25:00,40.86551,-73.85962,0,0,Driver Inattention/Distraction,4566508,24.9,14.3,9.1,9.1,0.0,7.0,63,24.6,44.6,273,Rain: Moderate,0,0,
39371,2022-09-21 02:40:00,40.74388,-73.98157,2,0,Unspecified,4566047,26.5,16.0,0.0,0.0,0.0,0.0,3,19.4,36.7,252,Overcast,2,2,
39372,2022-09-19 08:19:00,40.682114,-73.95367,1,0,Pedestrian/Bicyclist/Other Pedestrian Error/Confusion,4566663,30.1,19.0,4.9,4.9,0.0,3.0,63,22.4,44.3,241,Rain: Moderate,1,1,
39373,2022-09-11 22:01:00,40.822144,-73.887825,0,0,Driver Inattention/Distraction,4566962,24.5,18.9,12.9,12.9,0.0,13.0,61,12.4,22.0,205,Rain: Light,0,0,
39374,2022-09-21 22:17:00,40.663456,-73.929306,0,0,Driverless/Runaway Vehicle,4566153,26.5,16.0,0.0,0.0,0.0,0.0,3,19.4,36.7,252,Overcast,0,0,
39375,2023-01-15 07:50:00,40.678005,-73.74945,0,0,Unspecified,4598145,4.7,-2.1,0.0,0.0,0.0,0.0,3,29.5,53.6,354,Overcast,0,0,
39376,2022-09-21 00:55:00,40.707954,-73.83715,0,0,Passing or Lane Usage Improper,4565957,26.5,16.0,0.0,0.0,0.0,0.0,3,19.4,36.7,252,Overcast,0,0,
39377,2023-01-15 20:45:00,40.661953,-73.73235,0,0,Unspecified,4597950,4.7,-2.1,0.0,0.0,0.0,0.0,3,29.5,53.6,354,Overcast,0,0,
39378,2022-09-21 14:40:00,40.746998,-73.92173,1,0,Driver Inattention/Distraction,4566127,26.5,16.0,0.0,0.0,0.0,0.0,3,19.4,36.7,252,Overcast,1,1,
39379,2022-09-23 17:20:00,40.67066,-73.957985,1,0,Driver Inattention/Distraction,4566864,16.4,10.0,0.0,0.0,0.0,0.0,0,31.1,56.9,323,Clear sky,1,1,Sunny/Clear Conditions
39380,2022-09-19 10:20:00,40.699192,-73.95519,0,0,Passing Too Closely,4566563,30.1,19.0,4.9,4.9,0.0,3.0,63,22.4,44.3,241,Rain: Moderate,0,0,
39381,2022-07-02 03:02:00,40.679897,-73.85043,0,0,Alcohol Involvement,4543693,30.8,23.1,4.0,4.0,0.0,5.0,61,19.4,40.0,229,Rain: Light,0,0,
39382,2022-07-27 22:53:00,40.63477,-73.94494,0,0,Unsafe Speed,4566924,28.7,18.0,0.0,0.0,0.0,0.0,3,20.5,39.2,188,Overcast,0,0,
39383,2022-09-23 01:05:00,40.89163,-73.85184,0,0,Passing or Lane Usage Improper,4567151,16.4,10.0,0.0,0.0,0.0,0.0,0,31.1,56.9,323,Clear sky,0,0,Sunny/Clear Conditions
39384,2022-09-21 09:20:00,40.853813,-73.90734,1,0,Unspecified,4566280,26.5,16.0,0.0,0.0,0.0,0.0,3,19.4,36.7,252,Overcast,1,1,
39385,2022-09-23 14:00:00,40.75595,-73.99074,1,0,Pedestrian/Bicyclist/Other Pedestrian Error/Confusion,4567062,16.4,10.0,0.0,0.0,0.0,0.0,0,31.1,56.9,323,Clear sky,1,1,Sunny/Clear Conditions
39386,2022-09-09 11:58:00,40.718376,-73.97959,0,0,Unspecified,4566752,26.3,16.3,0.0,0.0,0.0,0.0,0,11.8,23.8,63,Clear sky,0,0,Sunny/Clear Conditions
39387,2022-09-21 15:45:00,40.857975,-73.909256,0,0,Unspecified,4566112,26.5,16.0,0.0,0.0,0.0,0.0,3,19.4,36.7,252,Overcast,0,0,
39388,2022-09-22 16:25:00,40.74701,-73.977196,0,0,Failure to Yield Right-of-Way,4566716,24.9,14.3,9.1,9.1,0.0,7.0,63,24.6,44.6,273,Rain: Moderate,0,0,
39389,2022-09-14 03:40:00,40.636353,-73.99432,0,0,Unspecified,4566585,26.4,15.8,0.0,0.0,0.0,0.0,2,20.1,37.1,283,Partly cloudy,0,0,
39390,2022-09-22 08:40:00,40.77882,-73.953995,1,0,Driver Inattention/Distraction,4566463,24.9,14.3,9.1,9.1,0.0,7.0,63,24.6,44.6,273,Rain: Moderate,1,1,
39391,2022-09-13 18:20:00,40.6078,-73.81932,1,0,Failure to Yield Right-of-Way,4567191,26.0,20.5,8.3,8.3,0.0,16.0,61,19.5,33.8,219,Rain: Light,1,1,
39392,2022-09-21 09:00:00,40.67651,-73.73304,0,0,Unspecified,4566375,26.5,16.0,0.0,0.0,0.0,0.0,3,19.4,36.7,252,Overcast,0,0,
39393,2022-09-02 00:30:00,40.623444,-74.14917,0,0,Backing Unsafely,4567047,25.2,15.5,0.0,0.0,0.0,0.0,3,14.8,28.8,66,Overcast,0,0,
39394,2022-09-19 16:33:00,40.627155,-73.96563,1,0,Passing or Lane Usage Improper,4566600,30.1,19.0,4.9,4.9,0.0,3.0,63,22.4,44.3,241,Rain: Moderate,1,1,
39395,2022-09-15 21:45:00,40.695705,-73.94637,0,0,Passing Too Closely,4566803,21.9,15.6,0.0,0.0,0.0,0.0,1,18.2,37.1,328,Mainly clear,0,0,Sunny/Clear Conditions
39396,2022-09-21 21:20:00,40.696217,-73.7436,0,0,Driver Inexperience,4566176,26.5,16.0,0.0,0.0,0.0,0.0,3,19.4,36.7,252,Overcast,0,0,
39397,2022-09-21 20:14:00,40.570835,-74.16983,1,0,Traffic Control Disregarded,4566323,26.5,16.0,0.0,0.0,0.0,0.0,3,19.4,36.7,252,Overcast,1,1,
39398,2022-09-23 17:25:00,40.614643,-73.936806,1,0,Glare,4566997,16.4,10.0,0.0,0.0,0.0,0.0,0,31.1,56.9,323,Clear sky,1,1,Sunny/Clear Conditions
39399,2022-09-20 04:40:00,40.874702,-73.85803,0,0,Following Too Closely,4567124,25.7,17.7,0.0,0.0,0.0,0.0,3,19.0,35.3,296,Overcast,0,0,
39400,2022-09-13 18:15:00,40.648983,-73.94841,0,0,Other Vehicular,4566915,26.0,20.5,8.3,8.3,0.0,16.0,61,19.5,33.8,219,Rain: Light,0,0,
39401,2022-02-24 09:30:00,0.0,0.0,1,0,Failure to Yield Right-of-Way,4505574,2.1,-1.8,0.0,0.0,0.0,0.0,3,23.3,41.0,13,Overcast,1,1,
39402,2022-03-28 19:58:00,40.678364,-73.77949,0,0,Passing or Lane Usage Improper,4514426,0.0,-5.2,0.3,0.0,0.21,3.0,71,31.3,59.0,303,Snow fall: Light,0,0,Snowy Conditions
39403,2022-03-29 09:45:00,40.755745,-73.83076,0,0,Unspecified,4514496,3.3,-5.2,0.0,0.0,0.0,0.0,2,29.3,54.4,311,Partly cloudy,0,0,
39404,2022-04-01 14:38:00,40.686527,-73.83678,1,0,Illnes,4515366,15.2,5.3,1.4,1.4,0.0,8.0,51,33.1,61.9,277,Drizzle: Light,1,1,
39405,2022-03-27 17:35:00,40.812603,-73.887924,0,0,Driver Inattention/Distraction,4516130,7.5,-1.1,0.3,0.3,0.07,3.0,71,26.4,47.5,288,Snow fall: Light,0,0,Snowy Conditions
39406,2022-04-04 00:00:00,40.633602,-74.01421,0,0,View Obstructed/Limited,4516222,12.2,2.6,0.1,0.1,0.0,1.0,51,23.7,41.4,304,Drizzle: Light,0,0,
39407,2022-04-02 05:10:00,40.683514,-73.97596,1,0,Following Too Closely,4516922,11.1,1.4,0.0,0.0,0.0,0.0,3,26.3,47.9,286,Overcast,1,1,
39408,2022-04-04 11:12:00,40.850857,-73.90765,1,0,Passing Too Closely,4516362,12.2,2.6,0.1,0.1,0.0,1.0,51,23.7,41.4,304,Drizzle: Light,1,1,
39409,2022-04-04 08:25:00,40.646515,-73.958115,0,0,Aggressive Driving/Road Rage,4516290,12.2,2.6,0.1,0.1,0.0,1.0,51,23.7,41.4,304,Drizzle: Light,0,0,
39410,2022-04-01 13:39:00,40.776722,-73.979294,1,0,Pedestrian/Bicyclist/Other Pedestrian Error/Confusion,4516794,15.2,5.3,1.4,1.4,0.0,8.0,51,33.1,61.9,277,Drizzle: Light,1,1,
39411,2022-04-04 00:20:00,40.704063,-73.85444,0,0,Passing Too Closely,4515877,12.2,2.6,0.1,0.1,0.0,1.0,51,23.7,41.4,304,Drizzle: Light,0,0,
39412,2022-04-04 15:34:00,40.713,-73.78237,0,0,Unspecified,4516250,12.2,2.6,0.1,0.1,0.0,1.0,51,23.7,41.4,304,Drizzle: Light,0,0,
39413,2022-04-04 08:20:00,0.0,0.0,0,0,Driver Inattention/Distraction,4516468,12.2,2.6,0.1,0.1,0.0,1.0,51,23.7,41.4,304,Drizzle: Light,0,0,
39414,2022-04-04 08:29:00,0.0,0.0,1,0,Driver Inattention/Distraction,4516313,12.2,2.6,0.1,0.1,0.0,1.0,51,23.7,41.4,304,Drizzle: Light,1,1,
39415,2022-04-04 23:28:00,40.781456,-73.84142,0,0,Driver Inexperience,4516710,12.2,2.6,0.1,0.1,0.0,1.0,51,23.7,41.4,304,Drizzle: Light,0,0,
39416,2022-04-04 02:11:00,40.689243,-73.84501,0,0,Unsafe Speed,4516013,12.2,2.6,0.1,0.1,0.0,1.0,51,23.7,41.4,304,Drizzle: Light,0,0,
39417,2022-04-04 15:30:00,40.84543,-73.91399,0,0,Unsafe Lane Changing,4516322,12.2,2.6,0.1,0.1,0.0,1.0,51,23.7,41.4,304,Drizzle: Light,0,0,
39418,2022-04-02 16:00:00,40.698753,-73.89726,1,0,Failure to Yield Right-of-Way,4516792,11.1,1.4,0.0,0.0,0.0,0.0,3,26.3,47.9,286,Overcast,1,1,
39419,2022-03-17 16:46:00,40.748245,-73.976295,1,0,Following Too Closely,4516868,12.3,3.9,6.5,6.5,0.0,13.0,61,16.8,31.7,41,Rain: Light,1,1,
39420,2022-04-04 10:40:00,40.81259,-73.90251,0,0,Backing Unsafely,4516660,12.2,2.6,0.1,0.1,0.0,1.0,51,23.7,41.4,304,Drizzle: Light,0,0,
39421,2022-04-04 07:00:00,40.872494,-73.88147,0,0,Turning Improperly,4516064,12.2,2.6,0.1,0.1,0.0,1.0,51,23.7,41.4,304,Drizzle: Light,0,0,
39422,2022-04-04 15:05:00,40.77452,-73.84824,1,0,Unspecified,4516206,12.2,2.6,0.1,0.1,0.0,1.0,51,23.7,41.4,304,Drizzle: Light,1,1,
39423,2022-04-04 19:12:00,40.83516,-73.93973,1,0,Driver Inattention/Distraction,4516378,12.2,2.6,0.1,0.1,0.0,1.0,51,23.7,41.4,304,Drizzle: Light,1,1,
39424,2022-04-04 12:05:00,40.66406,-73.89869,0,0,Unspecified,4516421,12.2,2.6,0.1,0.1,0.0,1.0,51,23.7,41.4,304,Drizzle: Light,0,0,
39425,2022-04-04 18:20:00,40.850693,-73.85051,1,0,Driver Inattention/Distraction,4516488,12.2,2.6,0.1,0.1,0.0,1.0,51,23.7,41.4,304,Drizzle: Light,1,1,
39426,2022-04-04 17:31:00,40.731983,-73.91912,1,0,Driver Inattention/Distraction,4516539,12.2,2.6,0.1,0.1,0.0,1.0,51,23.7,41.4,304,Drizzle: Light,1,1,
39427,2022-04-04 16:30:00,40.703213,-73.90133,0,0,Unspecified,4516173,12.2,2.6,0.1,0.1,0.0,1.0,51,23.7,41.4,304,Drizzle: Light,0,0,
39428,2022-04-04 09:38:00,40.628597,-73.9024,1,0,Reaction to Uninvolved Vehicle,4516113,12.2,2.6,0.1,0.1,0.0,1.0,51,23.7,41.4,304,Drizzle: Light,1,1,
39429,2022-04-04 12:00:00,40.89163,-73.85184,0,0,Driver Inattention/Distraction,4516160,12.2,2.6,0.1,0.1,0.0,1.0,51,23.7,41.4,304,Drizzle: Light,0,0,
39430,2022-04-04 10:38:00,40.853523,-73.90273,0,0,Passing Too Closely,4516118,12.2,2.6,0.1,0.1,0.0,1.0,51,23.7,41.4,304,Drizzle: Light,0,0,
39431,2022-02-11 00:32:00,40.668507,-73.92561,1,0,Driver Inattention/Distraction,4516817,11.8,-3.7,0.0,0.0,0.0,0.0,3,26.6,47.5,188,Overcast,1,1,
39432,2022-04-04 08:14:00,40.73091,-73.86084,1,0,Failure to Yield Right-of-Way,4516201,12.2,2.6,0.1,0.1,0.0,1.0,51,23.7,41.4,304,Drizzle: Light,1,1,
39433,2022-04-04 09:50:00,40.764473,-73.99522,0,0,Passing or Lane Usage Improper,4516076,12.2,2.6,0.1,0.1,0.0,1.0,51,23.7,41.4,304,Drizzle: Light,0,0,
39434,2022-04-04 12:45:00,40.68603,-73.92967,0,0,Driver Inattention/Distraction,4516531,12.2,2.6,0.1,0.1,0.0,1.0,51,23.7,41.4,304,Drizzle: Light,0,0,
39435,2022-04-04 16:10:00,40.839676,-73.871216,1,0,Driver Inattention/Distraction,4516302,12.2,2.6,0.1,0.1,0.0,1.0,51,23.7,41.4,304,Drizzle: Light,1,1,
39436,2022-04-04 09:20:00,40.681946,-73.904884,0,0,Failure to Yield Right-of-Way,4516334,12.2,2.6,0.1,0.1,0.0,1.0,51,23.7,41.4,304,Drizzle: Light,0,0,
39437,2022-04-04 21:25:00,40.57475,-74.00174,1,0,Unspecified,4516598,12.2,2.6,0.1,0.1,0.0,1.0,51,23.7,41.4,304,Drizzle: Light,1,1,
39438,2022-04-04 16:36:00,40.624817,-74.142845,0,0,Driver Inattention/Distraction,4516431,12.2,2.6,0.1,0.1,0.0,1.0,51,23.7,41.4,304,Drizzle: Light,0,0,
39439,2022-04-04 08:30:00,40.61018,-74.03548,0,0,Driver Inattention/Distraction,4516571,12.2,2.6,0.1,0.1,0.0,1.0,51,23.7,41.4,304,Drizzle: Light,0,0,
39440,2022-04-04 06:50:00,40.675755,-73.88738,0,0,Unspecified,4516106,12.2,2.6,0.1,0.1,0.0,1.0,51,23.7,41.4,304,Drizzle: Light,0,0,
39441,2022-04-04 00:30:00,40.68077,-74.00369,0,0,Driver Inattention/Distraction,4516192,12.2,2.6,0.1,0.1,0.0,1.0,51,23.7,41.4,304,Drizzle: Light,0,0,
39442,2022-04-04 20:20:00,40.725876,-73.97754,1,0,Passing or Lane Usage Improper,4516265,12.2,2.6,0.1,0.1,0.0,1.0,51,23.7,41.4,304,Drizzle: Light,1,1,
39443,2022-09-21 09:22:00,40.719177,-73.79223,1,0,Following Too Closely,4566390,26.5,16.0,0.0,0.0,0.0,0.0,3,19.4,36.7,252,Overcast,1,1,
39444,2022-04-04 12:10:00,40.757797,-73.79494,0,0,Backing Unsafely,4516207,12.2,2.6,0.1,0.1,0.0,1.0,51,23.7,41.4,304,Drizzle: Light,0,0,
39445,2022-04-04 17:15:00,40.714382,-73.93345,0,0,Driver Inattention/Distraction,4516234,12.2,2.6,0.1,0.1,0.0,1.0,51,23.7,41.4,304,Drizzle: Light,0,0,
39446,2022-04-04 16:18:00,40.863632,-73.87168,0,0,Tire Failure/Inadequate,4516833,12.2,2.6,0.1,0.1,0.0,1.0,51,23.7,41.4,304,Drizzle: Light,0,0,
39447,2022-04-04 09:00:00,40.608353,-73.99078,0,0,Unspecified,4516125,12.2,2.6,0.1,0.1,0.0,1.0,51,23.7,41.4,304,Drizzle: Light,0,0,
39448,2022-04-02 18:00:00,40.74063,-73.9789,0,0,Driver Inattention/Distraction,4516703,11.1,1.4,0.0,0.0,0.0,0.0,3,26.3,47.9,286,Overcast,0,0,
39449,2022-04-04 09:40:00,40.746845,-73.89144,1,0,Unspecified,4516449,12.2,2.6,0.1,0.1,0.0,1.0,51,23.7,41.4,304,Drizzle: Light,1,1,
39450,2022-04-04 20:15:00,40.6062,-74.01001,0,0,Driver Inattention/Distraction,4516509,12.2,2.6,0.1,0.1,0.0,1.0,51,23.7,41.4,304,Drizzle: Light,0,0,
39451,2022-04-01 08:59:00,40.740894,-73.89961,1,0,Driver Inattention/Distraction,4516694,15.2,5.3,1.4,1.4,0.0,8.0,51,33.1,61.9,277,Drizzle: Light,1,1,
39452,2022-03-30 19:20:00,40.701054,-73.80888,1,0,Unspecified,4516811,5.9,-3.5,0.0,0.0,0.0,0.0,3,17.0,30.6,215,Overcast,1,1,
39453,2022-04-04 17:20:00,40.753994,-73.94244,1,0,,4516774,12.2,2.6,0.1,0.1,0.0,1.0,51,23.7,41.4,304,Drizzle: Light,1,1,
39454,2022-04-04 09:20:00,40.71878,-73.986206,0,0,Unspecified,4516324,12.2,2.6,0.1,0.1,0.0,1.0,51,23.7,41.4,304,Drizzle: Light,0,0,
39455,2022-04-04 15:28:00,40.838196,-73.901184,0,0,Turning Improperly,4516244,12.2,2.6,0.1,0.1,0.0,1.0,51,23.7,41.4,304,Drizzle: Light,0,0,
39456,2022-04-04 07:43:00,40.84271,-73.885666,1,0,Driver Inattention/Distraction,4516390,12.2,2.6,0.1,0.1,0.0,1.0,51,23.7,41.4,304,Drizzle: Light,1,1,
39457,2022-03-27 19:29:00,40.823032,-73.95738,2,0,Unsafe Speed,4516928,7.5,-1.1,0.3,0.3,0.07,3.0,71,26.4,47.5,288,Snow fall: Light,2,2,Snowy Conditions
39458,2022-04-04 12:14:00,40.544144,-74.15364,1,0,Unspecified,4516211,12.2,2.6,0.1,0.1,0.0,1.0,51,23.7,41.4,304,Drizzle: Light,1,1,
39459,2021-09-24 10:30:00,40.836502,-73.825165,0,0,Unspecified,4516728,22.4,15.6,26.0,26.0,0.0,9.0,63,14.2,29.9,274,Rain: Moderate,0,0,
39460,2022-04-04 14:25:00,40.857975,-73.86249,1,0,Driver Inexperience,4516345,12.2,2.6,0.1,0.1,0.0,1.0,51,23.7,41.4,304,Drizzle: Light,1,1,
39461,2022-01-06 18:35:00,40.678364,-73.77949,1,0,Failure to Yield Right-of-Way,4492663,4.1,-0.7,0.0,0.0,0.0,0.0,3,20.2,38.2,269,Overcast,1,1,
39462,2022-02-20 16:50:00,40.66709,-73.76376,0,0,Driver Inattention/Distraction,4504313,2.4,-6.6,0.0,0.0,0.0,0.0,3,23.4,44.3,250,Overcast,0,0,
39463,2022-02-20 02:39:00,40.82256,-73.87101,0,0,Driver Inattention/Distraction,4504463,2.4,-6.6,0.0,0.0,0.0,0.0,3,23.4,44.3,250,Overcast,0,0,
39464,2022-02-18 23:21:00,40.67883,-73.88816,0,0,Driver Inattention/Distraction,4504791,15.6,-2.8,11.9,11.9,0.0,6.0,63,44.1,79.2,261,Rain: Moderate,0,0,
39465,2022-02-20 10:30:00,40.61498,-73.972015,0,0,Unspecified,4504373,2.4,-6.6,0.0,0.0,0.0,0.0,3,23.4,44.3,250,Overcast,0,0,
39466,2022-02-18 20:21:00,40.73914,-73.709,1,0,Failure to Yield Right-of-Way,4504808,15.6,-2.8,11.9,11.9,0.0,6.0,63,44.1,79.2,261,Rain: Moderate,1,1,
39467,2022-02-20 00:15:00,0.0,0.0,0,0,Passing Too Closely,4504010,2.4,-6.6,0.0,0.0,0.0,0.0,3,23.4,44.3,250,Overcast,0,0,
39468,2022-02-18 09:24:00,40.61115,-73.95141,1,0,Driver Inattention/Distraction,4504882,15.6,-2.8,11.9,11.9,0.0,6.0,63,44.1,79.2,261,Rain: Moderate,1,1,
39469,2022-02-18 21:30:00,40.881786,-73.84966,0,0,Passing or Lane Usage Improper,4504728,15.6,-2.8,11.9,11.9,0.0,6.0,63,44.1,79.2,261,Rain: Moderate,0,0,
39470,2022-02-20 21:30:00,40.82194,-73.90743,0,0,Other Vehicular,4504663,2.4,-6.6,0.0,0.0,0.0,0.0,3,23.4,44.3,250,Overcast,0,0,
39471,2022-02-20 09:43:00,40.727474,-73.7398,0,0,Driver Inattention/Distraction,4504200,2.4,-6.6,0.0,0.0,0.0,0.0,3,23.4,44.3,250,Overcast,0,0,
39472,2022-02-20 13:33:00,40.74831,-73.70954,1,0,Unspecified,4504202,2.4,-6.6,0.0,0.0,0.0,0.0,3,23.4,44.3,250,Overcast,1,1,
39473,2022-02-20 16:10:00,40.663544,-73.86949,0,0,Unspecified,4504568,2.4,-6.6,0.0,0.0,0.0,0.0,3,23.4,44.3,250,Overcast,0,0,
39474,2022-02-15 18:25:00,40.88885,-73.85857,0,0,Passing Too Closely,4504877,-0.2,-9.2,0.0,0.0,0.0,0.0,3,12.9,28.4,276,Overcast,0,0,
39475,2022-02-20 20:15:00,40.739166,-73.76362,2,0,Failure to Yield Right-of-Way,4504253,2.4,-6.6,0.0,0.0,0.0,0.0,3,23.4,44.3,250,Overcast,2,2,
39476,2022-02-20 14:28:00,40.74357,-73.83772,2,0,Driver Inexperience,4504636,2.4,-6.6,0.0,0.0,0.0,0.0,3,23.4,44.3,250,Overcast,2,2,
39477,2022-02-16 06:50:00,40.835396,-73.92031,0,0,Unspecified,4504912,6.2,-5.1,0.0,0.0,0.0,0.0,3,21.1,41.0,187,Overcast,0,0,
39478,2022-02-20 04:25:00,40.751453,-73.83228,0,0,Other Vehicular,4504297,2.4,-6.6,0.0,0.0,0.0,0.0,3,23.4,44.3,250,Overcast,0,0,
39479,2022-02-11 11:35:00,40.873283,-73.85555,0,0,Brakes Defective,4504693,11.8,-3.7,0.0,0.0,0.0,0.0,3,26.6,47.5,188,Overcast,0,0,
39480,2022-02-20 11:20:00,40.748913,-73.9374,0,0,Driver Inattention/Distraction,4504128,2.4,-6.6,0.0,0.0,0.0,0.0,3,23.4,44.3,250,Overcast,0,0,
39481,2022-02-20 01:10:00,40.65613,-73.886894,1,0,Unsafe Speed,4504577,2.4,-6.6,0.0,0.0,0.0,0.0,3,23.4,44.3,250,Overcast,1,1,
39482,2022-02-18 00:10:00,40.733326,-73.989426,0,0,Backing Unsafely,4504712,15.6,-2.8,11.9,11.9,0.0,6.0,63,44.1,79.2,261,Rain: Moderate,0,0,