,CRASH DATETIME,LATITUDE,LONGITUDE,NUMBER OF PERSONS INJURED,NUMBER OF PERSONS KILLED,CONTRIBUTING FACTOR VEHICLE 1,COLLISION_ID,temperature_2m_max,temperature_2m_min,precipitation_sum,rain_sum,snowfall_sum,precipitation_hours,weather_code,wind_speed_10m_max,wind_gusts_10m_max,wind_direction_10m_dominant,Weather Description,Severity_Score,Total_Affected_Persons,Weather_Category
39483,2022-02-20 01:00:00,40.626255,-73.96256,0,0,Other Vehicular,4504149,2.4,-6.6,0.0,0.0,0.0,0.0,3,23.4,44.3,250,Overcast,0,0,
39484,2022-02-20 15:42:00,40.678276,-73.91076,1,0,Failure to Yield Right-of-Way,4504252,2.4,-6.6,0.0,0.0,0.0,0.0,3,23.4,44.3,250,Overcast,1,1,
39485,2022-02-20 18:39:00,40.608253,-73.897835,2,0,Unsafe Lane Changing,4504290,2.4,-6.6,0.0,0.0,0.0,0.0,3,23.4,44.3,250,Overcast,2,2,
39486,2022-04-04 17:25:00,40.832016,-73.90882,1,0,Driver Inattention/Distraction,4516251,12.2,2.6,0.1,0.1,0.0,1.0,51,23.7,41.4,304,Drizzle: Light,1,1,
39487,2022-04-04 16:50:00,40.69608,-73.9694,0,0,Driver Inattention/Distraction,4516348,12.2,2.6,0.1,0.1,0.0,1.0,51,23.7,41.4,304,Drizzle: Light,0,0,
39488,2021-06-16 02:35:00,40.829407,-73.88546,3,0,Driver Inattention/Distraction,4427598,23.1,15.1,0.0,0.0,0.0,0.0,1,20.2,40.0,317,Mainly clear,3,3,Sunny/Clear Conditions
39489,2021-06-18 13:34:00,40.69822,-73.943954,1,0,Failure to Yield Right-of-Way,4428592,27.4,13.8,0.0,0.0,0.0,0.0,3,20.5,40.3,210,Overcast,1,1,
39490,2021-06-20 14:50:00,40.88756,-73.866394,1,0,Unsafe Lane Changing,4429130,28.7,17.3,0.3,0.3,0.0,2.0,51,19.5,40.0,212,Drizzle: Light,1,1,
39491,2021-06-20 19:30:00,40.577244,-74.00004,2,0,Driver Inattention/Distraction,4429306,28.7,17.3,0.3,0.3,0.0,2.0,51,19.5,40.0,212,Drizzle: Light,2,2,
39492,2021-06-20 18:10:00,40.658703,-73.854904,1,0,Obstruction/Debris,4429184,28.7,17.3,0.3,0.3,0.0,2.0,51,19.5,40.0,212,Drizzle: Light,1,1,
39493,2021-06-16 18:00:00,40.754185,-73.87566,0,0,Unspecified,4429991,23.1,15.1,0.0,0.0,0.0,0.0,1,20.2,40.0,317,Mainly clear,0,0,Sunny/Clear Conditions
39494,2021-06-17 13:57:00,40.75484,-73.98412,1,0,Driver Inattention/Distraction,4429749,23.9,12.1,0.0,0.0,0.0,0.0,3,13.4,27.4,311,Overcast,1,1,
39495,2021-06-20 04:00:00,40.866062,-73.92251,1,0,Driver Inattention/Distraction,4429717,28.7,17.3,0.3,0.3,0.0,2.0,51,19.5,40.0,212,Drizzle: Light,1,1,
39496,2021-06-20 03:35:00,40.75645,-73.97032,0,0,Brakes Defective,4428785,28.7,17.3,0.3,0.3,0.0,2.0,51,19.5,40.0,212,Drizzle: Light,0,0,
39497,2021-06-20 04:20:00,40.818752,-73.850105,0,0,Unspecified,4429419,28.7,17.3,0.3,0.3,0.0,2.0,51,19.5,40.0,212,Drizzle: Light,0,0,
39498,2021-06-20 17:35:00,40.678173,-73.85749,0,0,Turning Improperly,4429224,28.7,17.3,0.3,0.3,0.0,2.0,51,19.5,40.0,212,Drizzle: Light,0,0,
39499,2021-06-20 22:45:00,40.63447,-74.13001,0,0,Driver Inattention/Distraction,4429677,28.7,17.3,0.3,0.3,0.0,2.0,51,19.5,40.0,212,Drizzle: Light,0,0,
39500,2021-06-11 11:43:00,40.61815,-73.91689,1,0,Driver Inattention/Distraction,4429813,20.7,15.3,1.2,1.2,0.0,3.0,53,13.2,27.0,97,Drizzle: Moderate,1,1,
39501,2021-06-18 19:35:00,40.767612,-73.950005,0,0,Driver Inattention/Distraction,4429936,27.4,13.8,0.0,0.0,0.0,0.0,3,20.5,40.3,210,Overcast,0,0,
39502,2021-06-20 03:00:00,40.69141,-73.72668,0,0,Reaction to Uninvolved Vehicle,4428794,28.7,17.3,0.3,0.3,0.0,2.0,51,19.5,40.0,212,Drizzle: Light,0,0,
39503,2021-06-20 15:04:00,40.7611,-73.93999,0,0,Failure to Yield Right-of-Way,4429260,28.7,17.3,0.3,0.3,0.0,2.0,51,19.5,40.0,212,Drizzle: Light,0,0,
39504,2021-06-20 18:00:00,40.736546,-73.98905,0,0,Unspecified,4429743,28.7,17.3,0.3,0.3,0.0,2.0,51,19.5,40.0,212,Drizzle: Light,0,0,
39505,2021-06-08 10:20:00,40.80333,-73.94873,1,0,Driver Inattention/Distraction,4429795,30.1,22.0,5.9,5.9,0.0,9.0,61,16.6,34.6,215,Rain: Light,1,1,
39506,2021-06-20 01:30:00,40.843903,-73.9427,0,0,Failure to Yield Right-of-Way,4428879,28.7,17.3,0.3,0.3,0.0,2.0,51,19.5,40.0,212,Drizzle: Light,0,0,
39507,2021-06-20 11:08:00,40.602066,-73.75773,0,0,Passing or Lane Usage Improper,4429313,28.7,17.3,0.3,0.3,0.0,2.0,51,19.5,40.0,212,Drizzle: Light,0,0,
39508,2021-06-20 13:30:00,40.67229,-73.79391,0,0,Passing Too Closely,4429345,28.7,17.3,0.3,0.3,0.0,2.0,51,19.5,40.0,212,Drizzle: Light,0,0,
39509,2021-06-20 02:21:00,40.756683,-73.85793,0,0,Driver Inattention/Distraction,4429434,28.7,17.3,0.3,0.3,0.0,2.0,51,19.5,40.0,212,Drizzle: Light,0,0,
39510,2021-06-20 23:00:00,40.88447,-73.83539,0,0,Unspecified,4429481,28.7,17.3,0.3,0.3,0.0,2.0,51,19.5,40.0,212,Drizzle: Light,0,0,
39511,2021-06-20 16:54:00,40.678234,-73.89753,0,0,Unspecified,4429036,28.7,17.3,0.3,0.3,0.0,2.0,51,19.5,40.0,212,Drizzle: Light,0,0,
39512,2021-06-20 19:22:00,40.648308,-74.01412,2,0,Failure to Yield Right-of-Way,4429158,28.7,17.3,0.3,0.3,0.0,2.0,51,19.5,40.0,212,Drizzle: Light,2,2,
39513,2021-06-20 13:45:00,40.61466,-74.034706,0,0,Following Too Closely,4428987,28.7,17.3,0.3,0.3,0.0,2.0,51,19.5,40.0,212,Drizzle: Light,0,0,
39514,2021-06-19 17:43:00,40.755833,-73.86154,0,0,Driver Inattention/Distraction,4429841,31.5,19.5,1.2,1.2,0.0,3.0,53,21.1,38.2,243,Drizzle: Moderate,0,0,
39515,2021-06-17 00:00:00,40.685436,-73.79326,0,0,Unspecified,4429912,23.9,12.1,0.0,0.0,0.0,0.0,3,13.4,27.4,311,Overcast,0,0,
39516,2021-06-20 10:33:00,40.63195,-74.00248,0,0,Unspecified,4429975,28.7,17.3,0.3,0.3,0.0,2.0,51,19.5,40.0,212,Drizzle: Light,0,0,
39517,2021-06-20 16:00:00,40.629272,-73.97308,0,0,Driver Inattention/Distraction,4429028,28.7,17.3,0.3,0.3,0.0,2.0,51,19.5,40.0,212,Drizzle: Light,0,0,
39518,2021-06-20 14:00:00,40.66262,-73.9084,0,0,Unspecified,4428994,28.7,17.3,0.3,0.3,0.0,2.0,51,19.5,40.0,212,Drizzle: Light,0,0,
39519,2021-05-02 20:18:00,40.67841,-73.97911,1,0,Driver Inattention/Distraction,4429770,26.3,11.3,0.0,0.0,0.0,0.0,3,23.0,43.9,251,Overcast,1,1,
39520,2021-06-20 15:55:00,40.67202,-73.93362,0,0,Unsafe Speed,4429060,28.7,17.3,0.3,0.3,0.0,2.0,51,19.5,40.0,212,Drizzle: Light,0,0,
39521,2021-06-20 02:23:00,40.666187,-73.916664,1,0,Traffic Control Disregarded,4428902,28.7,17.3,0.3,0.3,0.0,2.0,51,19.5,40.0,212,Drizzle: Light,1,1,
39522,2021-06-20 01:50:00,40.867474,-73.89741,1,0,Other Vehicular,4429479,28.7,17.3,0.3,0.3,0.0,2.0,51,19.5,40.0,212,Drizzle: Light,1,1,
39523,2021-06-20 17:00:00,40.59568,-73.96099,1,0,Unspecified,4429209,28.7,17.3,0.3,0.3,0.0,2.0,51,19.5,40.0,212,Drizzle: Light,1,1,
39524,2021-06-20 04:55:00,40.703163,-73.81662,0,0,Driver Inattention/Distraction,4429524,28.7,17.3,0.3,0.3,0.0,2.0,51,19.5,40.0,212,Drizzle: Light,0,0,
39525,2021-06-20 16:35:00,40.685356,-73.79723,1,0,Failure to Yield Right-of-Way,4429363,28.7,17.3,0.3,0.3,0.0,2.0,51,19.5,40.0,212,Drizzle: Light,1,1,
39526,2021-06-20 09:30:00,40.81408,-73.90879,0,0,Unsafe Speed,4428954,28.7,17.3,0.3,0.3,0.0,2.0,51,19.5,40.0,212,Drizzle: Light,0,0,
39527,2021-06-20 01:31:00,40.67189,-73.895874,1,0,Unsafe Speed,4429041,28.7,17.3,0.3,0.3,0.0,2.0,51,19.5,40.0,212,Drizzle: Light,1,1,
39528,2021-06-20 13:30:00,40.616276,-73.93863,0,0,Unspecified,4429168,28.7,17.3,0.3,0.3,0.0,2.0,51,19.5,40.0,212,Drizzle: Light,0,0,
39529,2022-04-04 15:30:00,40.67625,-73.88405,0,0,Turning Improperly,4516315,12.2,2.6,0.1,0.1,0.0,1.0,51,23.7,41.4,304,Drizzle: Light,0,0,
39530,2021-06-20 10:00:00,40.633278,-73.983185,0,0,Unspecified,4429982,28.7,17.3,0.3,0.3,0.0,2.0,51,19.5,40.0,212,Drizzle: Light,0,0,
39531,2021-06-20 10:54:00,40.604755,-73.76076,0,0,Unspecified,4429343,28.7,17.3,0.3,0.3,0.0,2.0,51,19.5,40.0,212,Drizzle: Light,0,0,
39532,2021-06-19 20:02:00,40.863018,-73.917564,1,0,Passing or Lane Usage Improper,4429709,31.5,19.5,1.2,1.2,0.0,3.0,53,21.1,38.2,243,Drizzle: Moderate,1,1,
39533,2021-06-20 14:20:00,40.754986,-73.74535,1,0,Alcohol Involvement,4429093,28.7,17.3,0.3,0.3,0.0,2.0,51,19.5,40.0,212,Drizzle: Light,1,1,
39534,2021-06-17 12:00:00,40.63529,-74.00009,1,0,Unspecified,4429965,23.9,12.1,0.0,0.0,0.0,0.0,3,13.4,27.4,311,Overcast,1,1,
39535,2021-06-20 15:00:00,40.663742,-73.8938,2,0,Failure to Yield Right-of-Way,4429140,28.7,17.3,0.3,0.3,0.0,2.0,51,19.5,40.0,212,Drizzle: Light,2,2,
39536,2021-06-19 13:50:00,40.691982,-73.735695,0,0,Pavement Defective,4429776,31.5,19.5,1.2,1.2,0.0,3.0,53,21.1,38.2,243,Drizzle: Moderate,0,0,
39537,2021-06-20 02:55:00,40.66796,-73.77155,1,0,Driver Inattention/Distraction,4429010,28.7,17.3,0.3,0.3,0.0,2.0,51,19.5,40.0,212,Drizzle: Light,1,1,
39538,2021-06-20 23:22:00,40.586315,-73.80653,0,1,Unsafe Speed,4429676,28.7,17.3,0.3,0.3,0.0,2.0,51,19.5,40.0,212,Drizzle: Light,20,1,
39539,2021-06-20 23:21:00,40.595886,-73.76386,0,0,Alcohol Involvement,4429385,28.7,17.3,0.3,0.3,0.0,2.0,51,19.5,40.0,212,Drizzle: Light,0,0,
39540,2021-06-20 16:17:00,40.691536,-73.85419,4,0,Traffic Control Disregarded,4429459,28.7,17.3,0.3,0.3,0.0,2.0,51,19.5,40.0,212,Drizzle: Light,4,4,
39541,2021-06-19 22:50:00,40.63578,-73.97597,1,0,Unspecified,4429977,31.5,19.5,1.2,1.2,0.0,3.0,53,21.1,38.2,243,Drizzle: Moderate,1,1,
39542,2021-06-20 18:58:00,40.720394,-73.75033,0,0,Driver Inattention/Distraction,4429595,28.7,17.3,0.3,0.3,0.0,2.0,51,19.5,40.0,212,Drizzle: Light,0,0,
39543,2021-05-26 14:09:00,40.678722,-73.952995,1,0,Failure to Yield Right-of-Way,4429754,29.5,17.4,0.1,0.1,0.0,1.0,51,23.4,45.7,210,Drizzle: Light,1,1,
39544,2021-06-20 18:30:00,40.666096,-73.81742,1,0,Failure to Yield Right-of-Way,4429197,28.7,17.3,0.3,0.3,0.0,2.0,51,19.5,40.0,212,Drizzle: Light,1,1,
39545,2021-06-20 02:45:00,40.831974,-73.9235,0,0,Driver Inattention/Distraction,4429725,28.7,17.3,0.3,0.3,0.0,2.0,51,19.5,40.0,212,Drizzle: Light,0,0,
39546,2021-06-20 15:52:00,40.768467,-73.90607,1,0,Traffic Control Disregarded,4429261,28.7,17.3,0.3,0.3,0.0,2.0,51,19.5,40.0,212,Drizzle: Light,1,1,
39547,2021-06-20 22:30:00,40.764866,-73.811966,2,0,Traffic Control Disregarded,4429148,28.7,17.3,0.3,0.3,0.0,2.0,51,19.5,40.0,212,Drizzle: Light,2,2,
39548,2021-06-20 00:44:00,40.876976,-73.88966,1,0,Passing Too Closely,4429325,28.7,17.3,0.3,0.3,0.0,2.0,51,19.5,40.0,212,Drizzle: Light,1,1,
39549,2021-06-20 01:15:00,40.759197,-73.86596,0,0,Passing Too Closely,4429829,28.7,17.3,0.3,0.3,0.0,2.0,51,19.5,40.0,212,Drizzle: Light,0,0,
39550,2021-06-20 12:04:00,40.724895,-73.89215,0,0,Driver Inattention/Distraction,4429110,28.7,17.3,0.3,0.3,0.0,2.0,51,19.5,40.0,212,Drizzle: Light,0,0,
39551,2021-06-20 10:51:00,40.754826,-73.97569,0,0,Turning Improperly,4429696,28.7,17.3,0.3,0.3,0.0,2.0,51,19.5,40.0,212,Drizzle: Light,0,0,
39552,2021-06-14 03:35:00,40.780136,-73.988266,5,0,Unsafe Speed,4429857,21.4,17.5,21.7,21.7,0.0,11.0,65,21.1,48.6,154,Rain: Heavy,5,5,
39553,2021-06-20 11:40:00,40.72996,-73.9922,0,0,Backing Unsafely,4429299,28.7,17.3,0.3,0.3,0.0,2.0,51,19.5,40.0,212,Drizzle: Light,0,0,
39554,2022-04-04 17:30:00,40.69945,-73.822136,0,0,Failure to Yield Right-of-Way,4516784,12.2,2.6,0.1,0.1,0.0,1.0,51,23.7,41.4,304,Drizzle: Light,0,0,
39555,2021-06-20 14:30:00,40.578823,-73.98628,0,0,Unspecified,4429300,28.7,17.3,0.3,0.3,0.0,2.0,51,19.5,40.0,212,Drizzle: Light,0,0,
39556,2022-04-04 00:55:00,40.8007,-73.96427,0,0,Unspecified,4515894,12.2,2.6,0.1,0.1,0.0,1.0,51,23.7,41.4,304,Drizzle: Light,0,0,
39557,2021-06-19 22:50:00,40.826427,-73.950455,0,0,Driver Inattention/Distraction,4429735,31.5,19.5,1.2,1.2,0.0,3.0,53,21.1,38.2,243,Drizzle: Moderate,0,0,
39558,2021-06-20 01:40:00,40.67134,-73.73638,0,0,Unsafe Lane Changing,4428786,28.7,17.3,0.3,0.3,0.0,2.0,51,19.5,40.0,212,Drizzle: Light,0,0,
39559,2021-06-20 23:20:00,40.720707,-73.981316,2,0,Traffic Control Disregarded,4429782,28.7,17.3,0.3,0.3,0.0,2.0,51,19.5,40.0,212,Drizzle: Light,2,2,
39560,2021-06-20 11:57:00,40.807556,-73.919235,1,0,Driver Inattention/Distraction,4429953,28.7,17.3,0.3,0.3,0.0,2.0,51,19.5,40.0,212,Drizzle: Light,1,1,
39561,2021-06-20 00:30:00,40.667904,-73.883606,0,0,Unspecified,4429136,28.7,17.3,0.3,0.3,0.0,2.0,51,19.5,40.0,212,Drizzle: Light,0,0,
39562,2021-06-20 23:00:00,40.66028,-73.92576,0,0,Driver Inattention/Distraction,4429572,28.7,17.3,0.3,0.3,0.0,2.0,51,19.5,40.0,212,Drizzle: Light,0,0,
39563,2021-06-20 23:54:00,40.680374,-73.80445,0,0,Following Too Closely,4429932,28.7,17.3,0.3,0.3,0.0,2.0,51,19.5,40.0,212,Drizzle: Light,0,0,
39564,2021-06-20 16:00:00,40.743366,-73.82765,0,0,Following Too Closely,4429856,28.7,17.3,0.3,0.3,0.0,2.0,51,19.5,40.0,212,Drizzle: Light,0,0,
39565,2021-06-20 19:00:00,40.86147,-73.925,0,0,Unspecified,4429716,28.7,17.3,0.3,0.3,0.0,2.0,51,19.5,40.0,212,Drizzle: Light,0,0,
39566,2021-06-20 02:27:00,40.71035,-73.93495,0,0,Driver Inattention/Distraction,4428797,28.7,17.3,0.3,0.3,0.0,2.0,51,19.5,40.0,212,Drizzle: Light,0,0,
39567,2021-06-20 18:20:00,40.73914,-73.98294,0,0,Traffic Control Disregarded,4429745,28.7,17.3,0.3,0.3,0.0,2.0,51,19.5,40.0,212,Drizzle: Light,0,0,
39568,2021-06-20 18:43:00,40.7375,-73.93385,0,0,Driver Inattention/Distraction,4429107,28.7,17.3,0.3,0.3,0.0,2.0,51,19.5,40.0,212,Drizzle: Light,0,0,
39569,2021-06-20 05:37:00,40.77373,-73.96402,0,0,Unspecified,4429234,28.7,17.3,0.3,0.3,0.0,2.0,51,19.5,40.0,212,Drizzle: Light,0,0,
39570,2021-06-03 08:22:00,40.893284,-73.84193,0,0,Driver Inattention/Distraction,4429796,23.0,13.2,11.9,11.9,0.0,10.0,63,13.6,38.9,165,Rain: Moderate,0,0,
39571,2021-06-20 18:05:00,40.59075,-74.08837,1,0,Unspecified,4429552,28.7,17.3,0.3,0.3,0.0,2.0,51,19.5,40.0,212,Drizzle: Light,1,1,
39572,2021-06-20 02:35:00,40.76155,-73.99408,0,0,Unspecified,4429685,28.7,17.3,0.3,0.3,0.0,2.0,51,19.5,40.0,212,Drizzle: Light,0,0,
39573,2021-06-20 15:51:00,40.862717,-73.9023,1,0,Passing or Lane Usage Improper,4429188,28.7,17.3,0.3,0.3,0.0,2.0,51,19.5,40.0,212,Drizzle: Light,1,1,
39574,2021-06-20 21:55:00,40.759525,-73.883255,2,0,Unspecified,4429992,28.7,17.3,0.3,0.3,0.0,2.0,51,19.5,40.0,212,Drizzle: Light,2,2,
39575,2021-06-18 00:02:00,40.67865,-73.791466,0,0,Passing or Lane Usage Improper,4429913,27.4,13.8,0.0,0.0,0.0,0.0,3,20.5,40.3,210,Overcast,0,0,
39576,2021-05-06 13:55:00,40.67034,-73.98873,0,0,Driver Inattention/Distraction,4429773,17.3,8.7,0.0,0.0,0.0,0.0,3,22.6,43.6,313,Overcast,0,0,
39577,2021-06-20 00:20:00,40.732346,-73.98495,0,0,Failure to Yield Right-of-Way,4429007,28.7,17.3,0.3,0.3,0.0,2.0,51,19.5,40.0,212,Drizzle: Light,0,0,
39578,2021-06-20 17:40:00,40.722897,-73.91386,0,0,View Obstructed/Limited,4429029,28.7,17.3,0.3,0.3,0.0,2.0,51,19.5,40.0,212,Drizzle: Light,0,0,
39579,2021-06-20 23:10:00,40.6068,-73.7648,1,0,Fell Asleep,4429372,28.7,17.3,0.3,0.3,0.0,2.0,51,19.5,40.0,212,Drizzle: Light,1,1,
39580,2021-06-18 03:00:00,40.73989,-73.89391,0,0,Driver Inattention/Distraction,4429902,27.4,13.8,0.0,0.0,0.0,0.0,3,20.5,40.3,210,Overcast,0,0,
39581,2021-06-20 20:48:00,40.70823,-73.945076,0,0,Unsafe Speed,4429131,28.7,17.3,0.3,0.3,0.0,2.0,51,19.5,40.0,212,Drizzle: Light,0,0,
39582,2021-06-20 17:00:00,40.713497,-73.75714,0,0,Driver Inattention/Distraction,4429515,28.7,17.3,0.3,0.3,0.0,2.0,51,19.5,40.0,212,Drizzle: Light,0,0,
39583,2021-06-16 13:20:00,40.623177,-73.93748,0,0,Driver Inattention/Distraction,4429812,23.1,15.1,0.0,0.0,0.0,0.0,1,20.2,40.0,317,Mainly clear,0,0,Sunny/Clear Conditions
39584,2021-06-20 10:05:00,40.675053,-73.947235,0,0,Driver Inattention/Distraction,4428966,28.7,17.3,0.3,0.3,0.0,2.0,51,19.5,40.0,212,Drizzle: Light,0,0,
39585,2021-06-20 13:55:00,40.83917,-73.83629,4,0,Driver Inexperience,4429305,28.7,17.3,0.3,0.3,0.0,2.0,51,19.5,40.0,212,Drizzle: Light,4,4,
39586,2021-06-20 00:39:00,40.85535,-73.91836,2,0,Unsafe Speed,4429386,28.7,17.3,0.3,0.3,0.0,2.0,51,19.5,40.0,212,Drizzle: Light,2,2,
39587,2021-06-20 11:20:00,40.787506,-73.9383,1,0,Passing or Lane Usage Improper,4429022,28.7,17.3,0.3,0.3,0.0,2.0,51,19.5,40.0,212,Drizzle: Light,1,1,
39588,2021-06-20 21:45:00,40.726814,-73.83846,1,0,Passing or Lane Usage Improper,4429165,28.7,17.3,0.3,0.3,0.0,2.0,51,19.5,40.0,212,Drizzle: Light,1,1,
39589,2021-06-17 12:45:00,40.723747,-74.00612,0,0,Unspecified,4429711,23.9,12.1,0.0,0.0,0.0,0.0,3,13.4,27.4,311,Overcast,0,0,
39590,2021-06-19 01:00:00,40.749706,-73.99157,1,0,Passenger Distraction,4429753,31.5,19.5,1.2,1.2,0.0,3.0,53,21.1,38.2,243,Drizzle: Moderate,1,1,
39591,2021-06-20 14:00:00,40.70382,-73.814064,0,0,Unspecified,4429525,28.7,17.3,0.3,0.3,0.0,2.0,51,19.5,40.0,212,Drizzle: Light,0,0,
39592,2021-06-20 03:46:00,40.896687,-73.84511,1,0,Driver Inattention/Distraction,4429119,28.7,17.3,0.3,0.3,0.0,2.0,51,19.5,40.0,212,Drizzle: Light,1,1,
39593,2021-06-20 10:10:00,40.757072,-73.96986,0,0,Driver Inattention/Distraction,4429174,28.7,17.3,0.3,0.3,0.0,2.0,51,19.5,40.0,212,Drizzle: Light,0,0,
39594,2021-06-18 13:43:00,40.767185,-73.88356,0,0,Unspecified,4429987,27.4,13.8,0.0,0.0,0.0,0.0,3,20.5,40.3,210,Overcast,0,0,
39595,2021-06-20 04:55:00,40.76021,-73.86021,0,0,Driver Inattention/Distraction,4429981,28.7,17.3,0.3,0.3,0.0,2.0,51,19.5,40.0,212,Drizzle: Light,0,0,
39596,2022-04-04 10:15:00,40.725582,-74.004745,0,0,Backing Unsafely,4516687,12.2,2.6,0.1,0.1,0.0,1.0,51,23.7,41.4,304,Drizzle: Light,0,0,
39597,2021-06-20 09:30:00,40.761196,-73.99128,0,0,Unspecified,4429702,28.7,17.3,0.3,0.3,0.0,2.0,51,19.5,40.0,212,Drizzle: Light,0,0,
39598,2021-06-20 18:40:00,40.596325,-73.76673,0,0,Traffic Control Disregarded,4429360,28.7,17.3,0.3,0.3,0.0,2.0,51,19.5,40.0,212,Drizzle: Light,0,0,
39599,2021-06-20 01:08:00,40.65473,-73.90692,0,0,Following Too Closely,4428869,28.7,17.3,0.3,0.3,0.0,2.0,51,19.5,40.0,212,Drizzle: Light,0,0,
39600,2021-06-20 17:15:00,40.634354,-73.910675,0,0,Driver Inattention/Distraction,4429494,28.7,17.3,0.3,0.3,0.0,2.0,51,19.5,40.0,212,Drizzle: Light,0,0,
39601,2021-06-20 02:08:00,40.889923,-73.85931,0,0,Traffic Control Disregarded,4429084,28.7,17.3,0.3,0.3,0.0,2.0,51,19.5,40.0,212,Drizzle: Light,0,0,
39602,2021-06-20 15:40:00,40.836018,-73.85524,0,0,Unspecified,4429418,28.7,17.3,0.3,0.3,0.0,2.0,51,19.5,40.0,212,Drizzle: Light,0,0,
39603,2021-06-20 20:00:00,40.614197,-73.947464,1,0,Failure to Yield Right-of-Way,4429311,28.7,17.3,0.3,0.3,0.0,2.0,51,19.5,40.0,212,Drizzle: Light,1,1,
39604,2021-06-20 15:08:00,40.583797,-73.9413,0,0,Unspecified,4429208,28.7,17.3,0.3,0.3,0.0,2.0,51,19.5,40.0,212,Drizzle: Light,0,0,
39605,2021-06-15 20:59:00,40.74662,-73.89359,1,0,Driver Inattention/Distraction,4429986,25.1,17.4,1.0,1.0,0.0,4.0,53,17.7,33.8,295,Drizzle: Moderate,1,1,
39606,2021-06-15 20:30:00,40.736546,-73.98905,0,0,Unspecified,4429768,25.1,17.4,1.0,1.0,0.0,4.0,53,17.7,33.8,295,Drizzle: Moderate,0,0,
39607,2021-06-20 02:00:00,40.733944,-73.86492,0,0,Driver Inattention/Distraction,4429278,28.7,17.3,0.3,0.3,0.0,2.0,51,19.5,40.0,212,Drizzle: Light,0,0,
39608,2021-06-20 05:30:00,40.765114,-73.974945,0,0,Backing Unsafely,4429703,28.7,17.3,0.3,0.3,0.0,2.0,51,19.5,40.0,212,Drizzle: Light,0,0,
39609,2021-06-20 12:45:00,40.74217,-73.79903,0,0,Passing or Lane Usage Improper,4429139,28.7,17.3,0.3,0.3,0.0,2.0,51,19.5,40.0,212,Drizzle: Light,0,0,
39610,2021-06-20 16:30:00,40.67069,-73.91703,0,0,Unspecified,4429516,28.7,17.3,0.3,0.3,0.0,2.0,51,19.5,40.0,212,Drizzle: Light,0,0,
39611,2021-06-20 11:33:00,40.725945,-73.85977,0,0,Unspecified,4429606,28.7,17.3,0.3,0.3,0.0,2.0,51,19.5,40.0,212,Drizzle: Light,0,0,
39612,2021-06-20 05:35:00,40.669098,-73.93666,1,0,Driver Inattention/Distraction,4429173,28.7,17.3,0.3,0.3,0.0,2.0,51,19.5,40.0,212,Drizzle: Light,1,1,
39613,2021-06-20 21:24:00,40.827595,-73.85004,0,0,Driver Inattention/Distraction,4429424,28.7,17.3,0.3,0.3,0.0,2.0,51,19.5,40.0,212,Drizzle: Light,0,0,
39614,2021-06-20 03:27:00,40.83804,-73.94076,1,0,Illnes,4428888,28.7,17.3,0.3,0.3,0.0,2.0,51,19.5,40.0,212,Drizzle: Light,1,1,
39615,2021-06-20 16:20:00,40.819355,-73.91829,3,0,Unspecified,4429294,28.7,17.3,0.3,0.3,0.0,2.0,51,19.5,40.0,212,Drizzle: Light,3,3,
39616,2021-06-20 14:00:00,40.64383,-74.011635,0,0,Unspecified,4429033,28.7,17.3,0.3,0.3,0.0,2.0,51,19.5,40.0,212,Drizzle: Light,0,0,
39617,2021-06-20 17:45:00,40.575512,-73.98241,0,0,Aggressive Driving/Road Rage,4429301,28.7,17.3,0.3,0.3,0.0,2.0,51,19.5,40.0,212,Drizzle: Light,0,0,
39618,2021-06-20 16:40:00,40.78665,-73.8264,0,0,Following Too Closely,4429135,28.7,17.3,0.3,0.3,0.0,2.0,51,19.5,40.0,212,Drizzle: Light,0,0,
39619,2021-06-20 09:00:00,40.74598,-73.87698,0,0,Driver Inattention/Distraction,4429288,28.7,17.3,0.3,0.3,0.0,2.0,51,19.5,40.0,212,Drizzle: Light,0,0,
39620,2021-06-20 16:35:00,40.878643,-73.871605,0,0,Driver Inattention/Distraction,4429192,28.7,17.3,0.3,0.3,0.0,2.0,51,19.5,40.0,212,Drizzle: Light,0,0,
39621,2021-06-06 11:10:00,40.754055,-73.99583,1,0,Driver Inattention/Distraction,4429737,31.0,20.0,0.0,0.0,0.0,0.0,1,16.6,32.4,222,Mainly clear,1,1,Sunny/Clear Conditions
39622,2020-06-21 09:30:00,40.67114,-73.76741,0,0,Unspecified,4429784,28.0,19.3,0.0,0.0,0.0,0.0,3,18.8,37.4,194,Overcast,0,0,
39623,2021-06-20 21:42:00,40.656643,-73.91836,6,0,Backing Unsafely,4429570,28.7,17.3,0.3,0.3,0.0,2.0,51,19.5,40.0,212,Drizzle: Light,6,6,
39624,2021-06-15 14:13:00,40.815697,-73.91678,1,0,Driver Inattention/Distraction,4429948,25.1,17.4,1.0,1.0,0.0,4.0,53,17.7,33.8,295,Drizzle: Moderate,1,1,
39625,2021-06-19 23:55:00,40.7104,-73.83974,3,0,Following Too Closely,4429907,31.5,19.5,1.2,1.2,0.0,3.0,53,21.1,38.2,243,Drizzle: Moderate,3,3,