,CRASH DATETIME,LATITUDE,LONGITUDE,NUMBER OF PERSONS INJURED,NUMBER OF PERSONS KILLED,CONTRIBUTING FACTOR VEHICLE 1,COLLISION_ID,temperature_2m_max,temperature_2m_min,precipitation_sum,rain_sum,snowfall_sum,precipitation_hours,weather_code,wind_speed_10m_max,wind_gusts_10m_max,wind_direction_10m_dominant,Weather Description,Severity_Score,Total_Affected_Persons,Weather_Category
39626,2021-06-20 00:50:00,40.83076,-73.87586,0,0,Driver Inattention/Distraction,4429411,28.7,17.3,0.3,0.3,0.0,2.0,51,19.5,40.0,212,Drizzle: Light,0,0,
39627,2021-06-20 13:28:00,40.59143,-73.99037,0,0,Driver Inattention/Distraction,4429019,28.7,17.3,0.3,0.3,0.0,2.0,51,19.5,40.0,212,Drizzle: Light,0,0,
39628,2021-06-20 10:17:00,40.618706,-73.95378,0,0,Unspecified,4429024,28.7,17.3,0.3,0.3,0.0,2.0,51,19.5,40.0,212,Drizzle: Light,0,0,
39629,2021-06-20 22:50:00,40.84664,-73.89606,0,0,Other Vehicular,4429330,28.7,17.3,0.3,0.3,0.0,2.0,51,19.5,40.0,212,Drizzle: Light,0,0,
39630,2021-06-18 08:00:00,40.728127,-73.99366,0,0,Unspecified,4429781,27.4,13.8,0.0,0.0,0.0,0.0,3,20.5,40.3,210,Overcast,0,0,
39631,2021-06-20 00:40:00,40.677834,-73.88509,0,0,Following Too Closely,4429040,28.7,17.3,0.3,0.3,0.0,2.0,51,19.5,40.0,212,Drizzle: Light,0,0,
39632,2021-06-20 02:30:00,40.60174,-73.990395,0,0,Driver Inattention/Distraction,4429375,28.7,17.3,0.3,0.3,0.0,2.0,51,19.5,40.0,212,Drizzle: Light,0,0,
39633,2021-06-17 19:51:00,40.748352,-73.89174,0,0,Unspecified,4429828,23.9,12.1,0.0,0.0,0.0,0.0,3,13.4,27.4,311,Overcast,0,0,
39634,2022-03-29 00:48:00,40.65159,-73.98112,0,0,Other Vehicular,4516765,3.3,-5.2,0.0,0.0,0.0,0.0,2,29.3,54.4,311,Partly cloudy,0,0,
39635,2021-06-20 03:20:00,40.70196,-73.944016,0,0,Alcohol Involvement,4428938,28.7,17.3,0.3,0.3,0.0,2.0,51,19.5,40.0,212,Drizzle: Light,0,0,
39636,2021-06-20 11:11:00,40.84576,-73.89186,1,0,Failure to Yield Right-of-Way,4429332,28.7,17.3,0.3,0.3,0.0,2.0,51,19.5,40.0,212,Drizzle: Light,1,1,
39637,2021-06-20 06:15:00,40.711823,-73.83612,0,0,Unsafe Speed,4429445,28.7,17.3,0.3,0.3,0.0,2.0,51,19.5,40.0,212,Drizzle: Light,0,0,
39638,2021-06-20 01:15:00,40.690056,-73.799644,0,0,Fell Asleep,4429513,28.7,17.3,0.3,0.3,0.0,2.0,51,19.5,40.0,212,Drizzle: Light,0,0,
39639,2021-06-20 04:36:00,40.69382,-73.72694,3,0,Fell Asleep,4428971,28.7,17.3,0.3,0.3,0.0,2.0,51,19.5,40.0,212,Drizzle: Light,3,3,
39640,2021-06-20 02:15:00,40.67091,-73.89364,2,0,Unsafe Speed,4429039,28.7,17.3,0.3,0.3,0.0,2.0,51,19.5,40.0,212,Drizzle: Light,2,2,
39641,2021-06-18 00:32:00,40.755066,-73.8853,0,0,Unsafe Speed,4429838,27.4,13.8,0.0,0.0,0.0,0.0,3,20.5,40.3,210,Overcast,0,0,
39642,2021-06-18 17:30:00,40.711323,-73.95464,0,0,Passing Too Closely,4429854,27.4,13.8,0.0,0.0,0.0,0.0,3,20.5,40.3,210,Overcast,0,0,
39643,2021-06-20 14:54:00,40.68635,-73.96241,0,0,Animals Action,4429100,28.7,17.3,0.3,0.3,0.0,2.0,51,19.5,40.0,212,Drizzle: Light,0,0,
39644,2021-06-20 00:01:00,40.682404,-73.75181,1,0,Driver Inattention/Distraction,4428788,28.7,17.3,0.3,0.3,0.0,2.0,51,19.5,40.0,212,Drizzle: Light,1,1,
39645,2021-06-20 19:47:00,40.83142,-73.91831,0,0,Driver Inattention/Distraction,4429235,28.7,17.3,0.3,0.3,0.0,2.0,51,19.5,40.0,212,Drizzle: Light,0,0,
39646,2021-06-18 17:30:00,40.80812,-73.96011,1,0,Failure to Yield Right-of-Way,4429830,27.4,13.8,0.0,0.0,0.0,0.0,3,20.5,40.3,210,Overcast,1,1,
39647,2021-06-20 16:00:00,40.644432,-73.9296,0,0,Unsafe Speed,4429566,28.7,17.3,0.3,0.3,0.0,2.0,51,19.5,40.0,212,Drizzle: Light,0,0,
39648,2021-06-17 09:35:00,40.68207,-73.97988,0,0,Passing or Lane Usage Improper,4429772,23.9,12.1,0.0,0.0,0.0,0.0,3,13.4,27.4,311,Overcast,0,0,
39649,2021-06-20 00:05:00,40.669476,-73.919975,1,0,Driver Inattention/Distraction,4429004,28.7,17.3,0.3,0.3,0.0,2.0,51,19.5,40.0,212,Drizzle: Light,1,1,
39650,2021-06-20 19:19:00,40.7112,-73.94861,1,0,Failure to Yield Right-of-Way,4429132,28.7,17.3,0.3,0.3,0.0,2.0,51,19.5,40.0,212,Drizzle: Light,1,1,
39651,2021-06-20 05:37:00,40.838425,-73.941696,0,0,Passing or Lane Usage Improper,4428885,28.7,17.3,0.3,0.3,0.0,2.0,51,19.5,40.0,212,Drizzle: Light,0,0,
39652,2021-06-20 04:15:00,40.904243,-73.852165,0,0,Outside Car Distraction,4429086,28.7,17.3,0.3,0.3,0.0,2.0,51,19.5,40.0,212,Drizzle: Light,0,0,
39653,2021-06-15 12:51:00,40.82124,-73.90992,1,0,Unspecified,4429957,25.1,17.4,1.0,1.0,0.0,4.0,53,17.7,33.8,295,Drizzle: Moderate,1,1,
39654,2021-06-20 22:30:00,40.75126,-73.94227,0,0,Driver Inattention/Distraction,4429316,28.7,17.3,0.3,0.3,0.0,2.0,51,19.5,40.0,212,Drizzle: Light,0,0,
39655,2021-06-20 14:08:00,40.672714,-73.89032,0,0,Driver Inattention/Distraction,4429046,28.7,17.3,0.3,0.3,0.0,2.0,51,19.5,40.0,212,Drizzle: Light,0,0,
39656,2021-06-20 19:21:00,40.75169,-73.88562,0,0,Driver Inexperience,4429993,28.7,17.3,0.3,0.3,0.0,2.0,51,19.5,40.0,212,Drizzle: Light,0,0,
39657,2021-06-14 21:25:00,40.859303,-73.89884,1,0,Failure to Yield Right-of-Way,4429721,21.4,17.5,21.7,21.7,0.0,11.0,65,21.1,48.6,154,Rain: Heavy,1,1,
39658,2021-06-20 23:01:00,40.69825,-73.92997,0,0,Unspecified,4429473,28.7,17.3,0.3,0.3,0.0,2.0,51,19.5,40.0,212,Drizzle: Light,0,0,
39659,2021-06-20 16:40:00,40.584755,-73.94712,0,0,Following Too Closely,4429154,28.7,17.3,0.3,0.3,0.0,2.0,51,19.5,40.0,212,Drizzle: Light,0,0,
39660,2021-06-20 15:09:00,40.701164,-73.75023,0,0,Traffic Control Disregarded,4429371,28.7,17.3,0.3,0.3,0.0,2.0,51,19.5,40.0,212,Drizzle: Light,0,0,
39661,2021-06-20 16:10:00,40.640583,-73.91894,0,0,Driver Inattention/Distraction,4429493,28.7,17.3,0.3,0.3,0.0,2.0,51,19.5,40.0,212,Drizzle: Light,0,0,
39662,2021-06-20 19:28:00,40.83728,-73.85812,1,0,Driver Inexperience,4429421,28.7,17.3,0.3,0.3,0.0,2.0,51,19.5,40.0,212,Drizzle: Light,1,1,
39663,2021-06-20 19:13:00,40.718227,-73.950714,0,0,Passing Too Closely,4429214,28.7,17.3,0.3,0.3,0.0,2.0,51,19.5,40.0,212,Drizzle: Light,0,0,
39664,2021-06-20 00:17:00,40.76229,-73.986115,0,0,Driver Inattention/Distraction,4429684,28.7,17.3,0.3,0.3,0.0,2.0,51,19.5,40.0,212,Drizzle: Light,0,0,
39665,2021-06-19 15:30:00,40.84678,-73.85526,1,0,Unspecified,4429810,31.5,19.5,1.2,1.2,0.0,3.0,53,21.1,38.2,243,Drizzle: Moderate,1,1,
39666,2021-06-20 21:43:00,40.790253,-73.94564,1,0,Traffic Control Disregarded,4429145,28.7,17.3,0.3,0.3,0.0,2.0,51,19.5,40.0,212,Drizzle: Light,1,1,
39667,2021-06-19 01:30:00,40.707603,-74.00573,0,0,Vehicle Vandalism,4429712,31.5,19.5,1.2,1.2,0.0,3.0,53,21.1,38.2,243,Drizzle: Moderate,0,0,
39668,2021-06-20 06:45:00,40.74643,-73.80336,0,0,Other Vehicular,4429138,28.7,17.3,0.3,0.3,0.0,2.0,51,19.5,40.0,212,Drizzle: Light,0,0,
39669,2021-06-20 01:45:00,40.69885,-73.95783,3,0,Driver Inattention/Distraction,4428816,28.7,17.3,0.3,0.3,0.0,2.0,51,19.5,40.0,212,Drizzle: Light,3,3,
39670,2021-06-19 11:34:00,40.850956,-73.8519,1,0,Pedestrian/Bicyclist/Other Pedestrian Error/Confusion,4429741,31.5,19.5,1.2,1.2,0.0,3.0,53,21.1,38.2,243,Drizzle: Moderate,1,1,
39671,2021-06-18 17:10:00,40.61403,-73.974,3,0,Aggressive Driving/Road Rage,4429972,27.4,13.8,0.0,0.0,0.0,0.0,3,20.5,40.3,210,Overcast,3,3,
39672,2021-06-20 09:18:00,40.649277,-73.943474,0,0,Passing Too Closely,4429030,28.7,17.3,0.3,0.3,0.0,2.0,51,19.5,40.0,212,Drizzle: Light,0,0,
39673,2021-06-20 12:19:00,40.866726,-73.89799,1,0,Unsafe Speed,4429177,28.7,17.3,0.3,0.3,0.0,2.0,51,19.5,40.0,212,Drizzle: Light,1,1,
39674,2021-06-18 17:05:00,40.802753,-73.93358,0,0,Failure to Yield Right-of-Way,4429798,27.4,13.8,0.0,0.0,0.0,0.0,3,20.5,40.3,210,Overcast,0,0,
39675,2021-06-20 16:56:00,40.666077,-73.995224,0,0,Turning Improperly,4429585,28.7,17.3,0.3,0.3,0.0,2.0,51,19.5,40.0,212,Drizzle: Light,0,0,
39676,2021-06-20 02:40:00,40.66496,-73.82226,0,0,View Obstructed/Limited,4429190,28.7,17.3,0.3,0.3,0.0,2.0,51,19.5,40.0,212,Drizzle: Light,0,0,
39677,2021-06-19 00:15:00,40.760704,-73.858246,0,0,Driver Inattention/Distraction,4429980,31.5,19.5,1.2,1.2,0.0,3.0,53,21.1,38.2,243,Drizzle: Moderate,0,0,
39678,2021-06-20 23:00:00,40.902485,-73.852516,2,0,Traffic Control Disregarded,4429310,28.7,17.3,0.3,0.3,0.0,2.0,51,19.5,40.0,212,Drizzle: Light,2,2,
39679,2021-06-20 15:25:00,40.787025,-73.793,0,0,Following Too Closely,4429617,28.7,17.3,0.3,0.3,0.0,2.0,51,19.5,40.0,212,Drizzle: Light,0,0,
39680,2021-06-20 17:15:00,40.72293,-73.847336,1,0,Driver Inattention/Distraction,4429161,28.7,17.3,0.3,0.3,0.0,2.0,51,19.5,40.0,212,Drizzle: Light,1,1,
39681,2021-06-20 13:30:00,40.885315,-73.82726,0,0,Unspecified,4429120,28.7,17.3,0.3,0.3,0.0,2.0,51,19.5,40.0,212,Drizzle: Light,0,0,
39682,2021-06-16 19:10:00,40.835598,-73.9138,0,0,Reaction to Uninvolved Vehicle,4429729,23.1,15.1,0.0,0.0,0.0,0.0,1,20.2,40.0,317,Mainly clear,0,0,Sunny/Clear Conditions
39683,2021-06-18 19:30:00,40.75034,-73.983185,0,0,Passing Too Closely,4429752,27.4,13.8,0.0,0.0,0.0,0.0,3,20.5,40.3,210,Overcast,0,0,
39684,2021-06-20 17:45:00,40.844982,-73.92067,0,0,Unspecified,4429356,28.7,17.3,0.3,0.3,0.0,2.0,51,19.5,40.0,212,Drizzle: Light,0,0,
39685,2021-06-20 20:00:00,40.665848,-73.74822,0,0,Unsafe Speed,4429526,28.7,17.3,0.3,0.3,0.0,2.0,51,19.5,40.0,212,Drizzle: Light,0,0,
39686,2021-06-20 15:05:00,40.603127,-73.95431,1,0,Unspecified,4429207,28.7,17.3,0.3,0.3,0.0,2.0,51,19.5,40.0,212,Drizzle: Light,1,1,
39687,2021-06-12 20:15:00,40.748417,-73.87649,0,0,Following Too Closely,4429988,21.2,16.4,0.4,0.4,0.0,3.0,51,15.5,31.3,112,Drizzle: Light,0,0,
39688,2021-06-20 15:07:00,40.85857,-73.88542,0,0,Unsafe Speed,4429295,28.7,17.3,0.3,0.3,0.0,2.0,51,19.5,40.0,212,Drizzle: Light,0,0,
39689,2021-06-20 12:43:00,40.709476,-73.76393,1,0,Driver Inattention/Distraction,4429820,28.7,17.3,0.3,0.3,0.0,2.0,51,19.5,40.0,212,Drizzle: Light,1,1,
39690,2021-06-20 17:15:00,40.76552,-73.98004,1,0,Pedestrian/Bicyclist/Other Pedestrian Error/Confusion,4429699,28.7,17.3,0.3,0.3,0.0,2.0,51,19.5,40.0,212,Drizzle: Light,1,1,
39691,2022-04-04 08:40:00,40.749283,-73.756645,0,0,Unspecified,4516021,12.2,2.6,0.1,0.1,0.0,1.0,51,23.7,41.4,304,Drizzle: Light,0,0,
39692,2021-06-20 21:45:00,40.74331,-73.87451,0,0,Driver Inattention/Distraction,4429302,28.7,17.3,0.3,0.3,0.0,2.0,51,19.5,40.0,212,Drizzle: Light,0,0,
39693,2021-06-20 04:50:00,40.696663,-73.726906,2,0,Alcohol Involvement,4429909,28.7,17.3,0.3,0.3,0.0,2.0,51,19.5,40.0,212,Drizzle: Light,2,2,
39694,2021-06-19 16:45:00,40.78775,-73.947464,0,0,Passing Too Closely,4429707,31.5,19.5,1.2,1.2,0.0,3.0,53,21.1,38.2,243,Drizzle: Moderate,0,0,
39695,2021-06-20 00:05:00,40.71616,-73.744774,0,0,Driver Inattention/Distraction,4428791,28.7,17.3,0.3,0.3,0.0,2.0,51,19.5,40.0,212,Drizzle: Light,0,0,
39696,2021-06-19 16:00:00,40.724236,-73.997795,0,0,Unspecified,4429785,31.5,19.5,1.2,1.2,0.0,3.0,53,21.1,38.2,243,Drizzle: Moderate,0,0,
39697,2021-06-20 04:40:00,40.771286,-73.9467,0,0,Reaction to Uninvolved Vehicle,4429732,28.7,17.3,0.3,0.3,0.0,2.0,51,19.5,40.0,212,Drizzle: Light,0,0,
39698,2021-06-20 21:18:00,40.68148,-73.87775,1,0,Failure to Yield Right-of-Way,4429143,28.7,17.3,0.3,0.3,0.0,2.0,51,19.5,40.0,212,Drizzle: Light,1,1,
39699,2021-06-20 12:00:00,40.83393,-73.860916,0,0,Unspecified,4429416,28.7,17.3,0.3,0.3,0.0,2.0,51,19.5,40.0,212,Drizzle: Light,0,0,
39700,2021-06-20 12:07:00,40.629986,-73.97157,1,0,Following Too Closely,4429025,28.7,17.3,0.3,0.3,0.0,2.0,51,19.5,40.0,212,Drizzle: Light,1,1,
39701,2021-06-20 07:58:00,40.785805,-73.94286,1,0,Failure to Yield Right-of-Way,4429379,28.7,17.3,0.3,0.3,0.0,2.0,51,19.5,40.0,212,Drizzle: Light,1,1,
39702,2021-06-20 02:25:00,40.801754,-73.93121,1,0,Turning Improperly,4429761,28.7,17.3,0.3,0.3,0.0,2.0,51,19.5,40.0,212,Drizzle: Light,1,1,
39703,2021-06-20 14:42:00,40.76745,-73.78011,2,0,Driver Inattention/Distraction,4429592,28.7,17.3,0.3,0.3,0.0,2.0,51,19.5,40.0,212,Drizzle: Light,2,2,
39704,2021-06-20 17:28:00,40.73185,-73.9596,0,0,Driver Inattention/Distraction,4429213,28.7,17.3,0.3,0.3,0.0,2.0,51,19.5,40.0,212,Drizzle: Light,0,0,
39705,2021-06-20 03:30:00,40.84724,-73.89088,0,0,Passing Too Closely,4429268,28.7,17.3,0.3,0.3,0.0,2.0,51,19.5,40.0,212,Drizzle: Light,0,0,
39706,2021-06-20 15:34:00,40.701992,-73.80996,1,0,Pedestrian/Bicyclist/Other Pedestrian Error/Confusion,4429519,28.7,17.3,0.3,0.3,0.0,2.0,51,19.5,40.0,212,Drizzle: Light,1,1,
39707,2021-06-20 03:07:00,40.66883,-73.793655,0,0,Fatigued/Drowsy,4429320,28.7,17.3,0.3,0.3,0.0,2.0,51,19.5,40.0,212,Drizzle: Light,0,0,
39708,2021-06-20 07:00:00,40.669724,-73.86097,0,0,Driver Inattention/Distraction,4429045,28.7,17.3,0.3,0.3,0.0,2.0,51,19.5,40.0,212,Drizzle: Light,0,0,
39709,2021-06-20 14:50:00,40.904312,-73.85233,0,0,Unspecified,4429116,28.7,17.3,0.3,0.3,0.0,2.0,51,19.5,40.0,212,Drizzle: Light,0,0,
39710,2021-06-15 08:00:00,40.853706,-73.871864,0,0,Driver Inattention/Distraction,4429879,25.1,17.4,1.0,1.0,0.0,4.0,53,17.7,33.8,295,Drizzle: Moderate,0,0,
39711,2021-06-20 01:45:00,40.867012,-73.92312,0,0,Turning Improperly,4428945,28.7,17.3,0.3,0.3,0.0,2.0,51,19.5,40.0,212,Drizzle: Light,0,0,
39712,2021-06-16 10:56:00,40.69968,-73.79864,1,0,Driver Inattention/Distraction,4429831,23.1,15.1,0.0,0.0,0.0,0.0,1,20.2,40.0,317,Mainly clear,1,1,Sunny/Clear Conditions
39713,2021-06-20 17:15:00,40.85219,-73.88201,1,0,Driver Inattention/Distraction,4429335,28.7,17.3,0.3,0.3,0.0,2.0,51,19.5,40.0,212,Drizzle: Light,1,1,
39714,2021-06-20 15:39:00,40.743893,-73.9717,0,0,Backing Unsafely,4429172,28.7,17.3,0.3,0.3,0.0,2.0,51,19.5,40.0,212,Drizzle: Light,0,0,
39715,2021-06-05 02:00:00,40.753937,-73.8603,0,0,Driver Inattention/Distraction,4429985,31.3,17.3,0.0,0.0,0.0,0.0,2,20.9,43.9,247,Partly cloudy,0,0,
39716,2021-06-15 14:45:00,40.666862,-73.77837,0,0,Driver Inattention/Distraction,4429779,25.1,17.4,1.0,1.0,0.0,4.0,53,17.7,33.8,295,Drizzle: Moderate,0,0,
39717,2021-05-31 10:00:00,40.82196,-73.944664,0,0,Unspecified,4429942,20.3,9.3,0.7,0.7,0.0,5.0,51,20.9,40.7,318,Drizzle: Light,0,0,
39718,2021-06-20 18:16:00,40.69788,-73.971794,1,0,Aggressive Driving/Road Rage,4429049,28.7,17.3,0.3,0.3,0.0,2.0,51,19.5,40.0,212,Drizzle: Light,1,1,
39719,2021-06-20 06:00:00,40.87167,-73.8486,0,0,Unsafe Speed,4429123,28.7,17.3,0.3,0.3,0.0,2.0,51,19.5,40.0,212,Drizzle: Light,0,0,
39720,2021-06-20 05:30:00,40.69576,-73.788216,0,0,Driver Inattention/Distraction,4429530,28.7,17.3,0.3,0.3,0.0,2.0,51,19.5,40.0,212,Drizzle: Light,0,0,
39721,2021-06-20 15:10:00,40.67486,-73.9765,0,0,Unspecified,4429447,28.7,17.3,0.3,0.3,0.0,2.0,51,19.5,40.0,212,Drizzle: Light,0,0,
39722,2021-06-20 19:15:00,40.688213,-73.919815,0,0,Passing or Lane Usage Improper,4429474,28.7,17.3,0.3,0.3,0.0,2.0,51,19.5,40.0,212,Drizzle: Light,0,0,
39723,2021-06-19 02:15:00,40.761375,-73.87978,1,0,Driver Inattention/Distraction,4429989,31.5,19.5,1.2,1.2,0.0,3.0,53,21.1,38.2,243,Drizzle: Moderate,1,1,
39724,2021-06-20 01:35:00,40.743576,-73.862,0,0,Driver Inexperience,4429287,28.7,17.3,0.3,0.3,0.0,2.0,51,19.5,40.0,212,Drizzle: Light,0,0,
39725,2021-06-20 17:00:00,40.70259,-73.95646,0,0,Driver Inattention/Distraction,4429013,28.7,17.3,0.3,0.3,0.0,2.0,51,19.5,40.0,212,Drizzle: Light,0,0,
39726,2021-06-18 23:46:00,40.738316,-73.98773,0,0,Pedestrian/Bicyclist/Other Pedestrian Error/Confusion,4429995,27.4,13.8,0.0,0.0,0.0,0.0,3,20.5,40.3,210,Overcast,0,0,
39727,2021-06-20 12:40:00,40.60638,-73.754715,1,0,Passing or Lane Usage Improper,4429349,28.7,17.3,0.3,0.3,0.0,2.0,51,19.5,40.0,212,Drizzle: Light,1,1,
39728,2021-06-20 01:45:00,40.835323,-73.9421,0,0,Driver Inexperience,4428882,28.7,17.3,0.3,0.3,0.0,2.0,51,19.5,40.0,212,Drizzle: Light,0,0,
39729,2021-06-20 18:25:00,40.70166,-73.961464,0,0,Driver Inattention/Distraction,4429133,28.7,17.3,0.3,0.3,0.0,2.0,51,19.5,40.0,212,Drizzle: Light,0,0,
39730,2021-06-19 23:30:00,40.821617,-73.91334,0,0,Unspecified,4429959,31.5,19.5,1.2,1.2,0.0,3.0,53,21.1,38.2,243,Drizzle: Moderate,0,0,
39731,2021-06-20 23:52:00,40.85669,-73.864746,1,0,Passing Too Closely,4429315,28.7,17.3,0.3,0.3,0.0,2.0,51,19.5,40.0,212,Drizzle: Light,1,1,
39732,2021-06-20 02:30:00,40.64404,-73.877525,1,0,Driver Inexperience,4429038,28.7,17.3,0.3,0.3,0.0,2.0,51,19.5,40.0,212,Drizzle: Light,1,1,
39733,2022-04-04 18:09:00,40.698883,-73.90816,0,0,Other Vehicular,4516793,12.2,2.6,0.1,0.1,0.0,1.0,51,23.7,41.4,304,Drizzle: Light,0,0,
39734,2021-06-18 13:15:00,40.722584,-74.00636,0,0,View Obstructed/Limited,4429713,27.4,13.8,0.0,0.0,0.0,0.0,3,20.5,40.3,210,Overcast,0,0,
39735,2021-06-20 14:35:00,40.86273,-73.90357,0,0,Aggressive Driving/Road Rage,4429179,28.7,17.3,0.3,0.3,0.0,2.0,51,19.5,40.0,212,Drizzle: Light,0,0,
39736,2021-06-20 15:15:00,40.66047,-73.998024,0,0,Driver Inattention/Distraction,4429157,28.7,17.3,0.3,0.3,0.0,2.0,51,19.5,40.0,212,Drizzle: Light,0,0,
39737,2021-06-20 02:30:00,40.60174,-73.990395,0,0,Driver Inattention/Distraction,4429558,28.7,17.3,0.3,0.3,0.0,2.0,51,19.5,40.0,212,Drizzle: Light,0,0,
39738,2021-06-20 02:46:00,40.83836,-73.91271,6,0,Unsafe Speed,4429679,28.7,17.3,0.3,0.3,0.0,2.0,51,19.5,40.0,212,Drizzle: Light,6,6,
39739,2021-06-20 12:00:00,40.67129,-73.838066,1,0,Failure to Keep Right,4429191,28.7,17.3,0.3,0.3,0.0,2.0,51,19.5,40.0,212,Drizzle: Light,1,1,
39740,2021-06-19 09:35:00,40.63837,-73.97457,0,0,Unspecified,4429973,31.5,19.5,1.2,1.2,0.0,3.0,53,21.1,38.2,243,Drizzle: Moderate,0,0,
39741,2021-06-20 02:00:00,40.65002,-73.91555,0,0,Unspecified,4429031,28.7,17.3,0.3,0.3,0.0,2.0,51,19.5,40.0,212,Drizzle: Light,0,0,
39742,2021-06-16 16:05:00,40.729534,-73.98389,1,0,Passing or Lane Usage Improper,4429922,23.1,15.1,0.0,0.0,0.0,0.0,1,20.2,40.0,317,Mainly clear,1,1,Sunny/Clear Conditions
39743,2021-06-20 09:31:00,40.71782,-73.99516,1,0,Driver Inattention/Distraction,4429002,28.7,17.3,0.3,0.3,0.0,2.0,51,19.5,40.0,212,Drizzle: Light,1,1,
39744,2021-05-25 00:00:00,40.66954,-73.98941,0,0,Driver Inattention/Distraction,4429771,21.9,13.0,0.0,0.0,0.0,0.0,3,24.3,47.9,182,Overcast,0,0,
39745,2021-06-20 16:30:00,40.848328,-73.91842,0,0,Driver Inattention/Distraction,4429369,28.7,17.3,0.3,0.3,0.0,2.0,51,19.5,40.0,212,Drizzle: Light,0,0,
39746,2021-06-20 16:10:00,40.85914,-73.81824,3,0,Driver Inattention/Distraction,4429492,28.7,17.3,0.3,0.3,0.0,2.0,51,19.5,40.0,212,Drizzle: Light,3,3,
39747,2021-06-20 17:37:00,40.753788,-73.744286,0,0,Following Too Closely,4429087,28.7,17.3,0.3,0.3,0.0,2.0,51,19.5,40.0,212,Drizzle: Light,0,0,
39748,2021-06-20 05:00:00,40.678173,-73.85749,0,0,Passing or Lane Usage Improper,4429221,28.7,17.3,0.3,0.3,0.0,2.0,51,19.5,40.0,212,Drizzle: Light,0,0,
39749,2021-06-20 16:56:00,40.8193,-73.84596,1,0,Unsafe Speed,4429420,28.7,17.3,0.3,0.3,0.0,2.0,51,19.5,40.0,212,Drizzle: Light,1,1,
39750,2021-06-20 22:00:00,40.582874,-73.98053,0,0,Driver Inattention/Distraction,4429309,28.7,17.3,0.3,0.3,0.0,2.0,51,19.5,40.0,212,Drizzle: Light,0,0,
39751,2021-06-20 04:50:00,40.696663,-73.726906,2,0,Alcohol Involvement,4428972,28.7,17.3,0.3,0.3,0.0,2.0,51,19.5,40.0,212,Drizzle: Light,2,2,
39752,2021-06-20 01:15:00,40.75967,-73.92725,0,0,Outside Car Distraction,4428862,28.7,17.3,0.3,0.3,0.0,2.0,51,19.5,40.0,212,Drizzle: Light,0,0,
39753,2021-06-20 16:22:00,40.67898,-73.8763,0,0,Passing Too Closely,4429137,28.7,17.3,0.3,0.3,0.0,2.0,51,19.5,40.0,212,Drizzle: Light,0,0,
39754,2021-06-20 20:00:00,40.757668,-73.95915,0,0,Steering Failure,4429848,28.7,17.3,0.3,0.3,0.0,2.0,51,19.5,40.0,212,Drizzle: Light,0,0,
39755,2021-06-20 15:10:00,40.77012,-73.95741,0,0,Driver Inattention/Distraction,4429238,28.7,17.3,0.3,0.3,0.0,2.0,51,19.5,40.0,212,Drizzle: Light,0,0,
39756,2021-06-20 18:25:00,40.892513,-73.84543,1,0,Traffic Control Disregarded,4429094,28.7,17.3,0.3,0.3,0.0,2.0,51,19.5,40.0,212,Drizzle: Light,1,1,
39757,2021-06-16 20:30:00,40.845642,-73.90211,0,0,Unspecified,4429719,23.1,15.1,0.0,0.0,0.0,0.0,1,20.2,40.0,317,Mainly clear,0,0,Sunny/Clear Conditions
39758,2021-06-18 09:22:00,40.738316,-73.98773,0,0,Driver Inattention/Distraction,4429742,27.4,13.8,0.0,0.0,0.0,0.0,3,20.5,40.3,210,Overcast,0,0,
39759,2021-06-20 10:09:00,40.666546,-73.78808,0,0,Unsafe Lane Changing,4429576,28.7,17.3,0.3,0.3,0.0,2.0,51,19.5,40.0,212,Drizzle: Light,0,0,
39760,2021-06-17 18:21:00,40.721966,-74.00824,1,0,Driver Inattention/Distraction,4429800,23.9,12.1,0.0,0.0,0.0,0.0,3,13.4,27.4,311,Overcast,1,1,
39761,2022-04-04 00:40:00,40.756725,-73.96,1,0,Unsafe Speed,4516210,12.2,2.6,0.1,0.1,0.0,1.0,51,23.7,41.4,304,Drizzle: Light,1,1,
39762,2021-06-20 11:00:00,40.707027,-73.9236,0,0,Passing Too Closely,4429628,28.7,17.3,0.3,0.3,0.0,2.0,51,19.5,40.0,212,Drizzle: Light,0,0,
39763,2021-06-17 14:30:00,40.750412,-73.87308,0,0,Unspecified,4429839,23.9,12.1,0.0,0.0,0.0,0.0,3,13.4,27.4,311,Overcast,0,0,
39764,2021-06-20 06:47:00,40.861347,-73.897736,1,0,Driver Inattention/Distraction,4429336,28.7,17.3,0.3,0.3,0.0,2.0,51,19.5,40.0,212,Drizzle: Light,1,1,
39765,2021-06-20 05:00:00,40.666233,-73.761,0,0,Passing or Lane Usage Improper,4429911,28.7,17.3,0.3,0.3,0.0,2.0,51,19.5,40.0,212,Drizzle: Light,0,0,
39766,2021-06-13 00:27:00,40.808163,-73.92653,0,0,Passing or Lane Usage Improper,4429962,23.9,15.0,0.2,0.2,0.0,2.0,51,17.7,35.6,185,Drizzle: Light,0,0,
39767,2021-06-20 13:11:00,40.61814,-73.954956,1,0,Driver Inattention/Distraction,4429026,28.7,17.3,0.3,0.3,0.0,2.0,51,19.5,40.0,212,Drizzle: Light,1,1,