,CRASH DATETIME,LATITUDE,LONGITUDE,NUMBER OF PERSONS INJURED,NUMBER OF PERSONS KILLED,CONTRIBUTING FACTOR VEHICLE 1,COLLISION_ID,temperature_2m_max,temperature_2m_min,precipitation_sum,rain_sum,snowfall_sum,precipitation_hours,weather_code,wind_speed_10m_max,wind_gusts_10m_max,wind_direction_10m_dominant,Weather Description,Severity_Score,Total_Affected_Persons,Weather_Category
39768,2021-06-20 11:00:00,40.83205,-73.88115,0,0,Unspecified,4429417,28.7,17.3,0.3,0.3,0.0,2.0,51,19.5,40.0,212,Drizzle: Light,0,0,
39769,2021-06-20 14:00:00,40.719406,-73.74239,0,0,Backing Unsafely,4429778,28.7,17.3,0.3,0.3,0.0,2.0,51,19.5,40.0,212,Drizzle: Light,0,0,
39770,2021-06-20 04:08:00,40.59594,-73.75924,0,0,Reaction to Uninvolved Vehicle,4429324,28.7,17.3,0.3,0.3,0.0,2.0,51,19.5,40.0,212,Drizzle: Light,0,0,
39771,2021-06-20 15:59:00,40.705482,-73.92826,0,0,Driver Inattention/Distraction,4429012,28.7,17.3,0.3,0.3,0.0,2.0,51,19.5,40.0,212,Drizzle: Light,0,0,
39772,2021-06-20 16:30:00,40.724552,-73.72452,0,0,Unspecified,4429050,28.7,17.3,0.3,0.3,0.0,2.0,51,19.5,40.0,212,Drizzle: Light,0,0,
39773,2021-06-20 15:15:00,40.70145,-73.989624,1,0,Reaction to Uninvolved Vehicle,4429508,28.7,17.3,0.3,0.3,0.0,2.0,51,19.5,40.0,212,Drizzle: Light,1,1,
39774,2021-06-20 18:15:00,40.704308,-73.91924,1,0,Failure to Yield Right-of-Way,4429478,28.7,17.3,0.3,0.3,0.0,2.0,51,19.5,40.0,212,Drizzle: Light,1,1,
39775,2021-06-18 19:00:00,40.88715,-73.86365,0,0,Unspecified,4429807,27.4,13.8,0.0,0.0,0.0,0.0,3,20.5,40.3,210,Overcast,0,0,
39776,2021-06-18 14:34:00,40.867474,-73.89741,1,0,Driver Inattention/Distraction,4429926,27.4,13.8,0.0,0.0,0.0,0.0,3,20.5,40.3,210,Overcast,1,1,
39777,2021-06-17 07:30:00,40.753933,-73.86122,1,0,Glare,4429984,23.9,12.1,0.0,0.0,0.0,0.0,3,13.4,27.4,311,Overcast,1,1,
39778,2021-06-20 21:28:00,40.585228,-73.94155,1,0,Other Vehicular,4429204,28.7,17.3,0.3,0.3,0.0,2.0,51,19.5,40.0,212,Drizzle: Light,1,1,
39779,2021-06-19 21:46:00,40.826298,-73.94808,0,0,Backing Unsafely,4429733,31.5,19.5,1.2,1.2,0.0,3.0,53,21.1,38.2,243,Drizzle: Moderate,0,0,
39780,2021-06-20 01:05:00,40.591393,-73.907875,0,0,Unspecified,4428792,28.7,17.3,0.3,0.3,0.0,2.0,51,19.5,40.0,212,Drizzle: Light,0,0,
39781,2021-06-19 12:00:00,40.706554,-73.95832,0,0,Driver Inattention/Distraction,4429874,31.5,19.5,1.2,1.2,0.0,3.0,53,21.1,38.2,243,Drizzle: Moderate,0,0,
39782,2021-06-20 00:55:00,40.845238,-73.900894,2,0,Driver Inattention/Distraction,4429286,28.7,17.3,0.3,0.3,0.0,2.0,51,19.5,40.0,212,Drizzle: Light,2,2,
39783,2021-06-20 16:00:00,40.573708,-73.99072,0,0,Passing Too Closely,4429303,28.7,17.3,0.3,0.3,0.0,2.0,51,19.5,40.0,212,Drizzle: Light,0,0,
39784,2021-06-18 13:20:00,40.688953,-73.75985,0,0,Failure to Yield Right-of-Way,4429789,27.4,13.8,0.0,0.0,0.0,0.0,3,20.5,40.3,210,Overcast,0,0,
39785,2021-06-20 00:00:00,40.66852,-73.890175,0,0,Driver Inattention/Distraction,4429141,28.7,17.3,0.3,0.3,0.0,2.0,51,19.5,40.0,212,Drizzle: Light,0,0,
39786,2021-06-20 21:52:00,40.709476,-73.76393,1,0,Failure to Yield Right-of-Way,4429520,28.7,17.3,0.3,0.3,0.0,2.0,51,19.5,40.0,212,Drizzle: Light,1,1,
39787,2021-06-20 22:45:00,40.734314,-73.93803,0,0,Driver Inattention/Distraction,4429170,28.7,17.3,0.3,0.3,0.0,2.0,51,19.5,40.0,212,Drizzle: Light,0,0,
39788,2021-06-20 08:58:00,40.761276,-73.88074,0,0,Unspecified,4429834,28.7,17.3,0.3,0.3,0.0,2.0,51,19.5,40.0,212,Drizzle: Light,0,0,
39789,2021-06-19 19:00:00,40.751614,-73.88641,0,0,Unspecified,4429990,31.5,19.5,1.2,1.2,0.0,3.0,53,21.1,38.2,243,Drizzle: Moderate,0,0,
39790,2021-06-20 10:45:00,40.745754,-73.87285,0,0,Driver Inattention/Distraction,4429298,28.7,17.3,0.3,0.3,0.0,2.0,51,19.5,40.0,212,Drizzle: Light,0,0,
39791,2021-06-20 15:20:00,40.66478,-73.88642,0,0,Unspecified,4429043,28.7,17.3,0.3,0.3,0.0,2.0,51,19.5,40.0,212,Drizzle: Light,0,0,
39792,2021-06-20 09:00:00,40.720234,-73.98448,0,0,Passing or Lane Usage Improper,4428923,28.7,17.3,0.3,0.3,0.0,2.0,51,19.5,40.0,212,Drizzle: Light,0,0,
39793,2021-06-20 22:43:00,40.608654,-73.754,0,0,Failure to Yield Right-of-Way,4429382,28.7,17.3,0.3,0.3,0.0,2.0,51,19.5,40.0,212,Drizzle: Light,0,0,
39794,2021-06-20 20:03:00,40.573704,-74.10652,0,0,Backing Unsafely,4429546,28.7,17.3,0.3,0.3,0.0,2.0,51,19.5,40.0,212,Drizzle: Light,0,0,
39795,2021-06-20 20:39:00,40.88619,-73.857994,1,0,Steering Failure,4429114,28.7,17.3,0.3,0.3,0.0,2.0,51,19.5,40.0,212,Drizzle: Light,1,1,
39796,2021-06-20 14:57:00,40.67486,-73.9765,1,0,Unspecified,4429451,28.7,17.3,0.3,0.3,0.0,2.0,51,19.5,40.0,212,Drizzle: Light,1,1,
39797,2021-06-13 03:26:00,40.627113,-73.932594,1,0,Alcohol Involvement,4429814,23.9,15.0,0.2,0.2,0.0,2.0,51,17.7,35.6,185,Drizzle: Light,1,1,
39798,2021-06-20 02:45:00,40.685047,-73.954254,0,0,Fell Asleep,4429160,28.7,17.3,0.3,0.3,0.0,2.0,51,19.5,40.0,212,Drizzle: Light,0,0,
39799,2021-06-20 21:34:00,40.837425,-73.90275,1,0,Traffic Control Disregarded,4429211,28.7,17.3,0.3,0.3,0.0,2.0,51,19.5,40.0,212,Drizzle: Light,1,1,
39800,2021-06-19 19:45:00,40.75045,-73.9873,0,0,Passing Too Closely,4429755,31.5,19.5,1.2,1.2,0.0,3.0,53,21.1,38.2,243,Drizzle: Moderate,0,0,
39801,2021-06-20 13:03:00,40.727028,-74.007385,0,0,Driver Inattention/Distraction,4429708,28.7,17.3,0.3,0.3,0.0,2.0,51,19.5,40.0,212,Drizzle: Light,0,0,
39802,2021-06-20 14:00:00,40.645947,-73.9951,0,0,Unspecified,4429978,28.7,17.3,0.3,0.3,0.0,2.0,51,19.5,40.0,212,Drizzle: Light,0,0,
39803,2021-06-20 15:14:00,40.83887,-73.87811,0,0,Passing or Lane Usage Improper,4429263,28.7,17.3,0.3,0.3,0.0,2.0,51,19.5,40.0,212,Drizzle: Light,0,0,
39804,2021-06-15 14:00:00,40.73976,-73.86609,0,0,Driver Inexperience,4429940,25.1,17.4,1.0,1.0,0.0,4.0,53,17.7,33.8,295,Drizzle: Moderate,0,0,
39805,2021-06-20 22:39:00,40.68109,-73.90338,2,0,Following Too Closely,4429630,28.7,17.3,0.3,0.3,0.0,2.0,51,19.5,40.0,212,Drizzle: Light,2,2,
39806,2021-06-20 09:07:00,40.763737,-73.97583,0,0,Following Too Closely,4429698,28.7,17.3,0.3,0.3,0.0,2.0,51,19.5,40.0,212,Drizzle: Light,0,0,
39807,2021-06-20 16:40:00,40.66614,-73.82326,0,0,Unsafe Lane Changing,4429183,28.7,17.3,0.3,0.3,0.0,2.0,51,19.5,40.0,212,Drizzle: Light,0,0,
39808,2022-04-04 23:47:00,40.67811,-73.89762,0,0,Unspecified,4516317,12.2,2.6,0.1,0.1,0.0,1.0,51,23.7,41.4,304,Drizzle: Light,0,0,
39809,2022-04-03 00:00:00,40.793777,-73.9459,0,0,Driver Inattention/Distraction,4516883,8.3,3.4,3.1,3.1,0.0,5.0,61,21.9,38.2,274,Rain: Light,0,0,
39810,2022-04-04 19:35:00,40.60678,-73.96579,1,0,Driver Inattention/Distraction,4516245,12.2,2.6,0.1,0.1,0.0,1.0,51,23.7,41.4,304,Drizzle: Light,1,1,
39811,2022-04-04 00:00:00,40.5916,-73.960686,1,0,Unspecified,4516659,12.2,2.6,0.1,0.1,0.0,1.0,51,23.7,41.4,304,Drizzle: Light,1,1,
39812,2022-03-28 18:00:00,40.79428,-73.94902,1,0,Failure to Yield Right-of-Way,4516724,0.0,-5.2,0.3,0.0,0.21,3.0,71,31.3,59.0,303,Snow fall: Light,1,1,Snowy Conditions
39813,2022-04-04 09:40:00,40.742283,-73.95181,0,0,Backing Unsafely,4516830,12.2,2.6,0.1,0.1,0.0,1.0,51,23.7,41.4,304,Drizzle: Light,0,0,
39814,2022-04-04 14:05:00,40.824135,-73.89296,1,0,Driver Inattention/Distraction,4516124,12.2,2.6,0.1,0.1,0.0,1.0,51,23.7,41.4,304,Drizzle: Light,1,1,
39815,2022-04-04 14:10:00,40.64713,-74.00463,0,0,Passing Too Closely,4516161,12.2,2.6,0.1,0.1,0.0,1.0,51,23.7,41.4,304,Drizzle: Light,0,0,
39816,2022-04-04 17:16:00,40.744465,-73.77179,0,0,Traffic Control Disregarded,4516223,12.2,2.6,0.1,0.1,0.0,1.0,51,23.7,41.4,304,Drizzle: Light,0,0,
39817,2022-04-04 19:30:00,40.704697,-73.79681,0,0,Driver Inattention/Distraction,4516578,12.2,2.6,0.1,0.1,0.0,1.0,51,23.7,41.4,304,Drizzle: Light,0,0,
39818,2022-03-29 15:12:00,40.821224,-73.91719,0,0,Unspecified,4516912,3.3,-5.2,0.0,0.0,0.0,0.0,2,29.3,54.4,311,Partly cloudy,0,0,
39819,2022-04-04 09:00:00,40.668724,-73.89953,0,0,Unspecified,4516107,12.2,2.6,0.1,0.1,0.0,1.0,51,23.7,41.4,304,Drizzle: Light,0,0,
39820,2022-09-18 13:00:00,40.720154,-73.87531,2,0,Traffic Control Disregarded,4567363,28.7,17.1,0.0,0.0,0.0,0.0,3,20.2,36.7,233,Overcast,2,2,
39821,2022-04-04 11:20:00,40.75807,-73.88204,1,0,View Obstructed/Limited,4516450,12.2,2.6,0.1,0.1,0.0,1.0,51,23.7,41.4,304,Drizzle: Light,1,1,
39822,2022-04-04 11:31:00,40.702515,-73.85449,0,0,Passing or Lane Usage Improper,4516136,12.2,2.6,0.1,0.1,0.0,1.0,51,23.7,41.4,304,Drizzle: Light,0,0,
39823,2022-04-04 17:20:00,40.76525,-73.995094,0,0,Driver Inattention/Distraction,4516261,12.2,2.6,0.1,0.1,0.0,1.0,51,23.7,41.4,304,Drizzle: Light,0,0,
39824,2022-04-01 10:10:00,40.70332,-73.81794,0,0,Unspecified,4516753,15.2,5.3,1.4,1.4,0.0,8.0,51,33.1,61.9,277,Drizzle: Light,0,0,
39825,2022-04-01 17:06:00,40.71346,-73.91522,1,0,Passing Too Closely,4516799,15.2,5.3,1.4,1.4,0.0,8.0,51,33.1,61.9,277,Drizzle: Light,1,1,
39826,2022-04-04 00:00:00,40.507736,-74.251305,0,0,Unspecified,4516610,12.2,2.6,0.1,0.1,0.0,1.0,51,23.7,41.4,304,Drizzle: Light,0,0,
39827,2022-04-04 16:10:00,40.68631,-73.97445,0,0,Driver Inattention/Distraction,4516217,12.2,2.6,0.1,0.1,0.0,1.0,51,23.7,41.4,304,Drizzle: Light,0,0,
39828,2022-04-04 12:00:00,40.75337,-73.974655,0,0,Unspecified,4516284,12.2,2.6,0.1,0.1,0.0,1.0,51,23.7,41.4,304,Drizzle: Light,0,0,
39829,2022-04-01 07:07:00,40.88619,-73.857994,2,0,Following Too Closely,4516733,15.2,5.3,1.4,1.4,0.0,8.0,51,33.1,61.9,277,Drizzle: Light,2,2,
39830,2022-04-04 00:00:00,40.661385,-73.8841,1,0,Unspecified,4516427,12.2,2.6,0.1,0.1,0.0,1.0,51,23.7,41.4,304,Drizzle: Light,1,1,
39831,2022-04-04 06:54:00,40.640163,-73.94553,0,0,Glare,4516063,12.2,2.6,0.1,0.1,0.0,1.0,51,23.7,41.4,304,Drizzle: Light,0,0,
39832,2022-04-04 10:53:00,40.72778,-73.86518,0,0,Driver Inattention/Distraction,4516202,12.2,2.6,0.1,0.1,0.0,1.0,51,23.7,41.4,304,Drizzle: Light,0,0,
39833,2022-04-04 18:45:00,40.745106,-73.908646,0,0,Alcohol Involvement,4516463,12.2,2.6,0.1,0.1,0.0,1.0,51,23.7,41.4,304,Drizzle: Light,0,0,
39834,2022-04-04 17:42:00,40.861828,-73.89286,0,0,Unspecified,4516301,12.2,2.6,0.1,0.1,0.0,1.0,51,23.7,41.4,304,Drizzle: Light,0,0,
39835,2022-03-27 02:00:00,40.676937,-73.92183,1,0,Following Too Closely,4516816,7.5,-1.1,0.3,0.3,0.07,3.0,71,26.4,47.5,288,Snow fall: Light,1,1,Snowy Conditions
39836,2022-04-04 17:35:00,40.828915,-73.83841,0,0,Driver Inattention/Distraction,4516331,12.2,2.6,0.1,0.1,0.0,1.0,51,23.7,41.4,304,Drizzle: Light,0,0,
39837,2020-08-13 19:44:00,40.905018,-73.88631,0,0,Other Vehicular,4516741,26.2,23.1,4.8,4.8,0.0,10.0,61,12.9,23.8,66,Rain: Light,0,0,
39838,2022-04-04 18:20:00,40.7064,-73.95036,0,0,Pedestrian/Bicyclist/Other Pedestrian Error/Confusion,4516233,12.2,2.6,0.1,0.1,0.0,1.0,51,23.7,41.4,304,Drizzle: Light,0,0,
39839,2022-04-04 16:00:00,40.707863,-73.7953,0,0,Passing Too Closely,4516579,12.2,2.6,0.1,0.1,0.0,1.0,51,23.7,41.4,304,Drizzle: Light,0,0,
39840,2022-04-04 22:55:00,40.794735,-73.96988,0,0,Driver Inattention/Distraction,4516282,12.2,2.6,0.1,0.1,0.0,1.0,51,23.7,41.4,304,Drizzle: Light,0,0,
39841,2022-04-04 13:00:00,40.851936,-73.91078,1,0,Driver Inattention/Distraction,4516479,12.2,2.6,0.1,0.1,0.0,1.0,51,23.7,41.4,304,Drizzle: Light,1,1,
39842,2022-04-04 10:15:00,40.764153,-73.992195,0,0,Passing or Lane Usage Improper,4516075,12.2,2.6,0.1,0.1,0.0,1.0,51,23.7,41.4,304,Drizzle: Light,0,0,
39843,2022-04-04 00:00:00,40.661125,-73.9507,1,0,Driver Inattention/Distraction,4516340,12.2,2.6,0.1,0.1,0.0,1.0,51,23.7,41.4,304,Drizzle: Light,1,1,
39844,2022-04-04 17:16:00,40.593685,-73.969894,1,0,Driver Inattention/Distraction,4516166,12.2,2.6,0.1,0.1,0.0,1.0,51,23.7,41.4,304,Drizzle: Light,1,1,
39845,2022-04-04 15:50:00,40.858162,-73.91699,0,0,Driver Inattention/Distraction,4516349,12.2,2.6,0.1,0.1,0.0,1.0,51,23.7,41.4,304,Drizzle: Light,0,0,
39846,2022-04-04 12:00:00,40.698994,-73.96161,1,0,Driver Inattention/Distraction,4516228,12.2,2.6,0.1,0.1,0.0,1.0,51,23.7,41.4,304,Drizzle: Light,1,1,
39847,2022-04-04 16:51:00,40.820435,-73.93623,0,0,Passing or Lane Usage Improper,4516339,12.2,2.6,0.1,0.1,0.0,1.0,51,23.7,41.4,304,Drizzle: Light,0,0,
39848,2022-04-02 00:54:00,40.70253,-73.81404,1,0,Turning Improperly,4516773,11.1,1.4,0.0,0.0,0.0,0.0,3,26.3,47.9,286,Overcast,1,1,
39849,2022-04-04 17:00:00,40.719616,-73.94065,0,0,Unspecified,4516297,12.2,2.6,0.1,0.1,0.0,1.0,51,23.7,41.4,304,Drizzle: Light,0,0,
39850,2022-03-29 18:15:00,40.79423,-73.94695,4,0,Traffic Control Disregarded,4516785,3.3,-5.2,0.0,0.0,0.0,0.0,2,29.3,54.4,311,Partly cloudy,4,4,
39851,2022-04-04 01:40:00,40.72903,-73.881775,1,0,Reaction to Uninvolved Vehicle,4515898,12.2,2.6,0.1,0.1,0.0,1.0,51,23.7,41.4,304,Drizzle: Light,1,1,
39852,2022-04-04 13:00:00,40.665592,-73.88568,0,0,Passing or Lane Usage Improper,4516852,12.2,2.6,0.1,0.1,0.0,1.0,51,23.7,41.4,304,Drizzle: Light,0,0,
39853,2022-03-25 18:00:00,40.842285,-73.89251,0,0,Driver Inexperience,4516686,15.6,5.3,5.7,5.7,0.0,4.0,63,27.6,52.2,274,Rain: Moderate,0,0,
39854,2022-04-04 16:30:00,40.771347,-73.92285,1,0,Failure to Yield Right-of-Way,4516452,12.2,2.6,0.1,0.1,0.0,1.0,51,23.7,41.4,304,Drizzle: Light,1,1,
39855,2022-04-04 10:30:00,40.80573,-73.93855,0,0,Passing or Lane Usage Improper,4516135,12.2,2.6,0.1,0.1,0.0,1.0,51,23.7,41.4,304,Drizzle: Light,0,0,
39856,2022-04-04 07:50:00,40.873657,-73.87142,0,0,Unsafe Speed,4516142,12.2,2.6,0.1,0.1,0.0,1.0,51,23.7,41.4,304,Drizzle: Light,0,0,
39857,2022-04-04 00:00:00,40.587444,-73.812164,0,0,Unspecified,4516409,12.2,2.6,0.1,0.1,0.0,1.0,51,23.7,41.4,304,Drizzle: Light,0,0,
39858,2022-04-04 14:12:00,40.86794,-73.87221,3,0,Driver Inattention/Distraction,4516836,12.2,2.6,0.1,0.1,0.0,1.0,51,23.7,41.4,304,Drizzle: Light,3,3,
39859,2022-04-04 07:50:00,40.67066,-73.957985,0,0,Reaction to Uninvolved Vehicle,4516191,12.2,2.6,0.1,0.1,0.0,1.0,51,23.7,41.4,304,Drizzle: Light,0,0,
39860,2022-04-04 15:40:00,40.616848,-73.91169,0,0,Unsafe Speed,4516440,12.2,2.6,0.1,0.1,0.0,1.0,51,23.7,41.4,304,Drizzle: Light,0,0,
39861,2022-04-04 02:23:00,40.657406,-73.74507,0,0,Passing or Lane Usage Improper,4516927,12.2,2.6,0.1,0.1,0.0,1.0,51,23.7,41.4,304,Drizzle: Light,0,0,
39862,2022-04-04 15:11:00,40.681564,-73.96658,0,0,Following Too Closely,4516216,12.2,2.6,0.1,0.1,0.0,1.0,51,23.7,41.4,304,Drizzle: Light,0,0,
39863,2022-04-04 06:47:00,40.817116,-73.88307,1,0,Pedestrian/Bicyclist/Other Pedestrian Error/Confusion,4516515,12.2,2.6,0.1,0.1,0.0,1.0,51,23.7,41.4,304,Drizzle: Light,1,1,
39864,2022-04-04 11:10:00,40.7267,-73.731224,1,0,View Obstructed/Limited,4516086,12.2,2.6,0.1,0.1,0.0,1.0,51,23.7,41.4,304,Drizzle: Light,1,1,
39865,2022-04-04 07:20:00,40.83432,-73.850395,1,0,Driver Inattention/Distraction,4516412,12.2,2.6,0.1,0.1,0.0,1.0,51,23.7,41.4,304,Drizzle: Light,1,1,
39866,2022-04-04 16:59:00,40.749825,-73.972206,2,0,Other Vehicular,4516492,12.2,2.6,0.1,0.1,0.0,1.0,51,23.7,41.4,304,Drizzle: Light,2,2,
39867,2022-04-04 08:18:00,40.71314,-73.78179,0,0,Following Too Closely,4516575,12.2,2.6,0.1,0.1,0.0,1.0,51,23.7,41.4,304,Drizzle: Light,0,0,
39868,2022-04-04 03:00:00,40.67341,-73.86761,0,0,Unspecified,4516108,12.2,2.6,0.1,0.1,0.0,1.0,51,23.7,41.4,304,Drizzle: Light,0,0,
39869,2022-04-04 14:00:00,40.581825,-73.96418,0,0,Driver Inattention/Distraction,4516178,12.2,2.6,0.1,0.1,0.0,1.0,51,23.7,41.4,304,Drizzle: Light,0,0,
39870,2022-04-04 17:30:00,40.768753,-73.813065,1,0,Passing or Lane Usage Improper,4516209,12.2,2.6,0.1,0.1,0.0,1.0,51,23.7,41.4,304,Drizzle: Light,1,1,
39871,2022-04-04 22:29:00,40.651974,-73.86542,1,0,Driver Inattention/Distraction,4516318,12.2,2.6,0.1,0.1,0.0,1.0,51,23.7,41.4,304,Drizzle: Light,1,1,
39872,2022-04-04 14:34:00,40.8674,-73.89488,0,0,Driver Inattention/Distraction,4516678,12.2,2.6,0.1,0.1,0.0,1.0,51,23.7,41.4,304,Drizzle: Light,0,0,
39873,2022-04-02 07:46:00,40.67297,-73.96745,1,0,Driver Inattention/Distraction,4516819,11.1,1.4,0.0,0.0,0.0,0.0,3,26.3,47.9,286,Overcast,1,1,
39874,2022-04-04 03:20:00,40.81277,-73.88221,0,0,Alcohol Involvement,4516123,12.2,2.6,0.1,0.1,0.0,1.0,51,23.7,41.4,304,Drizzle: Light,0,0,
39875,2022-04-04 20:30:00,40.63422,-74.01088,1,0,Failure to Yield Right-of-Way,4516224,12.2,2.6,0.1,0.1,0.0,1.0,51,23.7,41.4,304,Drizzle: Light,1,1,
39876,2022-04-04 02:02:00,40.63814,-73.89741,0,0,Unspecified,4516074,12.2,2.6,0.1,0.1,0.0,1.0,51,23.7,41.4,304,Drizzle: Light,0,0,
39877,2021-06-21 02:35:00,40.604618,-74.07204,0,0,Unspecified,4429550,28.0,21.7,0.5,0.5,0.0,2.0,51,24.4,46.8,181,Drizzle: Light,0,0,
39878,2021-10-14 13:35:00,40.6390218,-74.022464,0,0,Driverless/Runaway Vehicle,4468029,25.0,15.4,0.0,0.0,0.0,0.0,3,15.4,29.9,328,Overcast,0,0,
39879,2022-04-04 15:55:00,40.72857,-73.85809,1,0,Failure to Yield Right-of-Way,4516204,12.2,2.6,0.1,0.1,0.0,1.0,51,23.7,41.4,304,Drizzle: Light,1,1,
39880,2022-04-04 19:00:00,40.655754,-73.92403,0,0,Unspecified,4516381,12.2,2.6,0.1,0.1,0.0,1.0,51,23.7,41.4,304,Drizzle: Light,0,0,
39881,2022-04-04 16:11:00,40.715347,-73.74845,0,0,Passing or Lane Usage Improper,4516197,12.2,2.6,0.1,0.1,0.0,1.0,51,23.7,41.4,304,Drizzle: Light,0,0,
39882,2022-04-02 13:28:00,40.90347,-73.88628,1,0,Reaction to Uninvolved Vehicle,4516771,11.1,1.4,0.0,0.0,0.0,0.0,3,26.3,47.9,286,Overcast,1,1,
39883,2022-04-04 12:00:00,40.80304,-73.868904,0,0,Passing Too Closely,4516520,12.2,2.6,0.1,0.1,0.0,1.0,51,23.7,41.4,304,Drizzle: Light,0,0,
39884,2022-04-04 08:30:00,40.588596,-73.92321,0,0,Unspecified,4516246,12.2,2.6,0.1,0.1,0.0,1.0,51,23.7,41.4,304,Drizzle: Light,0,0,
39885,2022-04-04 19:40:00,40.704494,-73.81743,0,0,Driver Inattention/Distraction,4516433,12.2,2.6,0.1,0.1,0.0,1.0,51,23.7,41.4,304,Drizzle: Light,0,0,
39886,2022-04-04 17:00:00,40.71123,-73.85575,1,0,Failure to Yield Right-of-Way,4516556,12.2,2.6,0.1,0.1,0.0,1.0,51,23.7,41.4,304,Drizzle: Light,1,1,
39887,2022-04-04 19:13:00,40.774612,-73.92399,0,0,Turning Improperly,4516477,12.2,2.6,0.1,0.1,0.0,1.0,51,23.7,41.4,304,Drizzle: Light,0,0,
39888,2022-04-04 16:00:00,40.690495,-73.868904,4,0,Failure to Yield Right-of-Way,4516308,12.2,2.6,0.1,0.1,0.0,1.0,51,23.7,41.4,304,Drizzle: Light,4,4,
39889,2022-04-01 16:49:00,40.700954,-73.825676,1,0,Following Too Closely,4516719,15.2,5.3,1.4,1.4,0.0,8.0,51,33.1,61.9,277,Drizzle: Light,1,1,
39890,2022-04-02 17:40:00,40.871487,-73.869194,1,0,Pedestrian/Bicyclist/Other Pedestrian Error/Confusion,4516903,11.1,1.4,0.0,0.0,0.0,0.0,3,26.3,47.9,286,Overcast,1,1,
39891,2022-04-04 12:00:00,40.68817,-73.998116,0,0,Unspecified,4516239,12.2,2.6,0.1,0.1,0.0,1.0,51,23.7,41.4,304,Drizzle: Light,0,0,
39892,2022-04-02 15:20:00,40.71632,-73.99631,0,0,Driver Inexperience,4516756,11.1,1.4,0.0,0.0,0.0,0.0,3,26.3,47.9,286,Overcast,0,0,
39893,2022-04-04 15:57:00,40.806534,-73.90758,0,0,Unspecified,4516232,12.2,2.6,0.1,0.1,0.0,1.0,51,23.7,41.4,304,Drizzle: Light,0,0,
39894,2022-04-02 17:11:00,40.64437,-73.93061,0,0,Unspecified,4516786,11.1,1.4,0.0,0.0,0.0,0.0,3,26.3,47.9,286,Overcast,0,0,
39895,2022-04-04 14:15:00,40.636044,-73.890686,1,0,Failure to Yield Right-of-Way,4516164,12.2,2.6,0.1,0.1,0.0,1.0,51,23.7,41.4,304,Drizzle: Light,1,1,
39896,2022-04-04 22:09:00,40.61949,-73.94652,1,0,Unspecified,4516287,12.2,2.6,0.1,0.1,0.0,1.0,51,23.7,41.4,304,Drizzle: Light,1,1,
39897,2022-03-27 11:50:00,40.802204,-73.967804,0,0,Backing Unsafely,4516897,7.5,-1.1,0.3,0.3,0.07,3.0,71,26.4,47.5,288,Snow fall: Light,0,0,Snowy Conditions
39898,2022-03-28 11:15:00,40.72255,-74.00631,0,0,Unspecified,4516689,0.0,-5.2,0.3,0.0,0.21,3.0,71,31.3,59.0,303,Snow fall: Light,0,0,Snowy Conditions
39899,2022-04-04 07:05:00,40.85386,-73.85515,1,0,Traffic Control Disregarded,4516295,12.2,2.6,0.1,0.1,0.0,1.0,51,23.7,41.4,304,Drizzle: Light,1,1,
39900,2022-04-04 13:25:00,40.847355,-73.93518,1,0,Driver Inattention/Distraction,4516376,12.2,2.6,0.1,0.1,0.0,1.0,51,23.7,41.4,304,Drizzle: Light,1,1,
39901,2022-04-03 04:29:00,40.72545,-73.837776,1,0,Unsafe Speed,4516698,8.3,3.4,3.1,3.1,0.0,5.0,61,21.9,38.2,274,Rain: Light,1,1,
39902,2022-04-04 17:04:00,40.77364,-73.95986,0,0,Driver Inattention/Distraction,4516254,12.2,2.6,0.1,0.1,0.0,1.0,51,23.7,41.4,304,Drizzle: Light,0,0,
39903,2022-04-04 13:00:00,40.749157,-73.9727,0,0,Driver Inattention/Distraction,4516218,12.2,2.6,0.1,0.1,0.0,1.0,51,23.7,41.4,304,Drizzle: Light,0,0,
39904,2021-10-14 19:19:00,40.7445322,-73.9888703,0,0,Unspecified,4468148,25.0,15.4,0.0,0.0,0.0,0.0,3,15.4,29.9,328,Overcast,0,0,
39905,2022-04-04 17:14:00,40.650948,-73.94668,1,0,Unspecified,4516778,12.2,2.6,0.1,0.1,0.0,1.0,51,23.7,41.4,304,Drizzle: Light,1,1,
39906,2022-04-04 17:00:00,40.672897,-73.90192,0,0,Driver Inattention/Distraction,4516426,12.2,2.6,0.1,0.1,0.0,1.0,51,23.7,41.4,304,Drizzle: Light,0,0,
39907,2022-04-04 00:00:00,40.781853,-73.82523,0,0,Aggressive Driving/Road Rage,4516611,12.2,2.6,0.1,0.1,0.0,1.0,51,23.7,41.4,304,Drizzle: Light,0,0,
39908,2022-04-04 07:20:00,40.881073,-73.878494,0,0,Following Too Closely,4516300,12.2,2.6,0.1,0.1,0.0,1.0,51,23.7,41.4,304,Drizzle: Light,0,0,
39909,2022-04-04 06:12:00,40.655216,-73.96194,0,0,Unspecified,4516341,12.2,2.6,0.1,0.1,0.0,1.0,51,23.7,41.4,304,Drizzle: Light,0,0,
39910,2022-03-29 09:40:00,40.70198,-73.74105,1,0,Illnes,4516926,3.3,-5.2,0.0,0.0,0.0,0.0,2,29.3,54.4,311,Partly cloudy,1,1,
39911,2022-04-04 13:00:00,40.886383,-73.85597,0,0,Unspecified,4516731,12.2,2.6,0.1,0.1,0.0,1.0,51,23.7,41.4,304,Drizzle: Light,0,0,