,CRASH DATETIME,LATITUDE,LONGITUDE,NUMBER OF PERSONS INJURED,NUMBER OF PERSONS KILLED,CONTRIBUTING FACTOR VEHICLE 1,COLLISION_ID,temperature_2m_max,temperature_2m_min,precipitation_sum,rain_sum,snowfall_sum,precipitation_hours,weather_code,wind_speed_10m_max,wind_gusts_10m_max,wind_direction_10m_dominant,Weather Description,Severity_Score,Total_Affected_Persons,Weather_Category
39912,2022-04-04 14:55:00,40.671112,-73.96008,0,0,Driver Inattention/Distraction,4516350,12.2,2.6,0.1,0.1,0.0,1.0,51,23.7,41.4,304,Drizzle: Light,0,0,
39913,2022-03-30 12:00:00,40.72225,-74.00592,1,0,Unspecified,4516742,5.9,-3.5,0.0,0.0,0.0,0.0,3,17.0,30.6,215,Overcast,1,1,
39914,2022-04-04 03:45:00,40.74623,-73.89037,1,0,Failure to Yield Right-of-Way,4515900,12.2,2.6,0.1,0.1,0.0,1.0,51,23.7,41.4,304,Drizzle: Light,1,1,
39915,2022-04-03 19:00:00,40.67189,-73.895874,1,0,Unspecified,4516861,8.3,3.4,3.1,3.1,0.0,5.0,61,21.9,38.2,274,Rain: Light,1,1,
39916,2022-03-29 01:05:00,40.80964,-73.947845,0,0,Unsafe Speed,4516780,3.3,-5.2,0.0,0.0,0.0,0.0,2,29.3,54.4,311,Partly cloudy,0,0,
39917,2022-04-04 21:20:00,40.668556,-73.84714,0,0,Passing or Lane Usage Improper,4516238,12.2,2.6,0.1,0.1,0.0,1.0,51,23.7,41.4,304,Drizzle: Light,0,0,
39918,2022-04-04 01:19:00,40.768227,-73.929146,0,0,Passing or Lane Usage Improper,4516455,12.2,2.6,0.1,0.1,0.0,1.0,51,23.7,41.4,304,Drizzle: Light,0,0,
39919,2022-04-04 09:20:00,40.879463,-73.85249,1,0,Unsafe Speed,4516156,12.2,2.6,0.1,0.1,0.0,1.0,51,23.7,41.4,304,Drizzle: Light,1,1,
39920,2022-04-04 00:34:00,40.60981,-73.92251,0,0,Backing Unsafely,4516445,12.2,2.6,0.1,0.1,0.0,1.0,51,23.7,41.4,304,Drizzle: Light,0,0,
39921,2022-09-23 07:30:00,40.710342,-73.79161,1,0,Unspecified,4566656,16.4,10.0,0.0,0.0,0.0,0.0,0,31.1,56.9,323,Clear sky,1,1,Sunny/Clear Conditions
39922,2022-03-30 16:58:00,40.846462,-73.893684,0,0,Other Vehicular,4516690,5.9,-3.5,0.0,0.0,0.0,0.0,3,17.0,30.6,215,Overcast,0,0,
39923,2022-04-04 23:13:00,40.716682,-73.98244,2,0,Driver Inattention/Distraction,4516326,12.2,2.6,0.1,0.1,0.0,1.0,51,23.7,41.4,304,Drizzle: Light,2,2,
39924,2022-04-04 13:56:00,40.696033,-73.984535,0,0,Driver Inattention/Distraction,4516585,12.2,2.6,0.1,0.1,0.0,1.0,51,23.7,41.4,304,Drizzle: Light,0,0,
39925,2022-04-04 15:01:00,40.633347,-73.99387,1,0,Failure to Yield Right-of-Way,4516386,12.2,2.6,0.1,0.1,0.0,1.0,51,23.7,41.4,304,Drizzle: Light,1,1,
39926,2022-04-04 16:30:00,40.580574,-73.95359,0,0,Driver Inexperience,4516196,12.2,2.6,0.1,0.1,0.0,1.0,51,23.7,41.4,304,Drizzle: Light,0,0,
39927,2022-04-04 12:25:00,40.6958,-73.96369,0,0,Unspecified,4516215,12.2,2.6,0.1,0.1,0.0,1.0,51,23.7,41.4,304,Drizzle: Light,0,0,
39928,2022-04-04 09:25:00,40.588867,-73.98826,0,0,Driver Inattention/Distraction,4516089,12.2,2.6,0.1,0.1,0.0,1.0,51,23.7,41.4,304,Drizzle: Light,0,0,
39929,2022-04-04 10:30:00,40.729,-73.781845,0,0,Backing Unsafely,4516280,12.2,2.6,0.1,0.1,0.0,1.0,51,23.7,41.4,304,Drizzle: Light,0,0,
39930,2022-04-04 17:10:00,40.657005,-73.87224,2,0,Failure to Yield Right-of-Way,4516304,12.2,2.6,0.1,0.1,0.0,1.0,51,23.7,41.4,304,Drizzle: Light,2,2,
39931,2022-04-04 04:15:00,40.666386,-73.80178,2,0,Following Too Closely,4516415,12.2,2.6,0.1,0.1,0.0,1.0,51,23.7,41.4,304,Drizzle: Light,2,2,
39932,2022-04-04 17:00:00,40.85228,-73.87159,0,0,Driver Inattention/Distraction,4516835,12.2,2.6,0.1,0.1,0.0,1.0,51,23.7,41.4,304,Drizzle: Light,0,0,
39933,2022-04-04 18:40:00,40.709297,-73.739395,0,0,Driver Inattention/Distraction,4516198,12.2,2.6,0.1,0.1,0.0,1.0,51,23.7,41.4,304,Drizzle: Light,0,0,
39934,2022-04-04 13:09:00,40.638687,-74.032234,0,0,Backing Unsafely,4516220,12.2,2.6,0.1,0.1,0.0,1.0,51,23.7,41.4,304,Drizzle: Light,0,0,
39935,2022-04-04 19:25:00,40.753048,-73.89155,1,0,Failure to Yield Right-of-Way,4516494,12.2,2.6,0.1,0.1,0.0,1.0,51,23.7,41.4,304,Drizzle: Light,1,1,
39936,2022-04-04 09:35:00,40.822697,-73.886444,0,0,Passing Too Closely,4516521,12.2,2.6,0.1,0.1,0.0,1.0,51,23.7,41.4,304,Drizzle: Light,0,0,
39937,2022-04-04 08:58:00,0.0,0.0,1,0,Failure to Yield Right-of-Way,4516079,12.2,2.6,0.1,0.1,0.0,1.0,51,23.7,41.4,304,Drizzle: Light,1,1,
39938,2022-04-04 14:05:00,40.87998,-73.876175,1,0,Unspecified,4516338,12.2,2.6,0.1,0.1,0.0,1.0,51,23.7,41.4,304,Drizzle: Light,1,1,
39939,2022-04-04 13:26:00,40.801125,-73.92988,0,0,Unspecified,4516133,12.2,2.6,0.1,0.1,0.0,1.0,51,23.7,41.4,304,Drizzle: Light,0,0,
39940,2022-04-04 22:45:00,40.67562,-73.88826,0,0,Unspecified,4516422,12.2,2.6,0.1,0.1,0.0,1.0,51,23.7,41.4,304,Drizzle: Light,0,0,
39941,2022-04-04 08:45:00,40.87918,-73.88208,0,0,Unspecified,4516068,12.2,2.6,0.1,0.1,0.0,1.0,51,23.7,41.4,304,Drizzle: Light,0,0,
39942,2022-04-04 23:58:00,40.74198,-73.82475,1,0,Unsafe Speed,4516225,12.2,2.6,0.1,0.1,0.0,1.0,51,23.7,41.4,304,Drizzle: Light,1,1,
39943,2022-04-04 19:51:00,40.86877,-73.83174,1,0,Unspecified,4516490,12.2,2.6,0.1,0.1,0.0,1.0,51,23.7,41.4,304,Drizzle: Light,1,1,
39944,2022-04-04 12:30:00,40.595932,-73.75963,2,0,Backing Unsafely,4516380,12.2,2.6,0.1,0.1,0.0,1.0,51,23.7,41.4,304,Drizzle: Light,2,2,
39945,2022-04-04 15:23:00,40.691433,-73.89063,0,0,Failure to Yield Right-of-Way,4516174,12.2,2.6,0.1,0.1,0.0,1.0,51,23.7,41.4,304,Drizzle: Light,0,0,
39946,2022-04-02 18:10:00,40.685276,-73.77241,0,0,Failure to Yield Right-of-Way,4516795,11.1,1.4,0.0,0.0,0.0,0.0,3,26.3,47.9,286,Overcast,0,0,
39947,2022-04-02 06:25:00,40.754528,-73.87737,0,0,Unspecified,4516758,11.1,1.4,0.0,0.0,0.0,0.0,3,26.3,47.9,286,Overcast,0,0,
39948,2022-04-04 23:50:00,40.631138,-73.966484,0,0,Unspecified,4516288,12.2,2.6,0.1,0.1,0.0,1.0,51,23.7,41.4,304,Drizzle: Light,0,0,
39949,2022-04-04 18:00:00,40.835705,-73.888756,0,0,Failure to Yield Right-of-Way,4516247,12.2,2.6,0.1,0.1,0.0,1.0,51,23.7,41.4,304,Drizzle: Light,0,0,
39950,2022-04-04 16:40:00,40.627674,-73.96092,0,0,Driver Inattention/Distraction,4516675,12.2,2.6,0.1,0.1,0.0,1.0,51,23.7,41.4,304,Drizzle: Light,0,0,
39951,2022-03-27 11:56:00,40.798126,-73.94832,1,0,Aggressive Driving/Road Rage,4516715,7.5,-1.1,0.3,0.3,0.07,3.0,71,26.4,47.5,288,Snow fall: Light,1,1,Snowy Conditions
39952,2022-04-04 12:30:00,40.716965,-73.954834,0,0,Turning Improperly,4516296,12.2,2.6,0.1,0.1,0.0,1.0,51,23.7,41.4,304,Drizzle: Light,0,0,
39953,2022-04-04 17:15:00,40.87485,-73.86425,0,0,Driver Inattention/Distraction,4516165,12.2,2.6,0.1,0.1,0.0,1.0,51,23.7,41.4,304,Drizzle: Light,0,0,
39954,2022-04-04 13:21:00,40.57979,-74.1275,0,0,Following Too Closely,4516120,12.2,2.6,0.1,0.1,0.0,1.0,51,23.7,41.4,304,Drizzle: Light,0,0,
39955,2022-03-24 11:00:00,40.67058,-73.93096,1,0,Unspecified,4516818,9.9,3.5,21.4,21.4,0.0,16.0,63,27.2,50.8,57,Rain: Moderate,1,1,
39956,2022-04-04 15:00:00,40.681,-73.85472,0,0,Passing Too Closely,4516432,12.2,2.6,0.1,0.1,0.0,1.0,51,23.7,41.4,304,Drizzle: Light,0,0,
39957,2022-04-04 18:10:00,40.728596,-73.89086,0,0,Alcohol Involvement,4516554,12.2,2.6,0.1,0.1,0.0,1.0,51,23.7,41.4,304,Drizzle: Light,0,0,
39958,2022-04-04 14:48:00,40.76718,-73.811646,1,0,Reaction to Uninvolved Vehicle,4516205,12.2,2.6,0.1,0.1,0.0,1.0,51,23.7,41.4,304,Drizzle: Light,1,1,
39959,2021-06-21 17:10:00,40.74424,-73.84717,0,0,Following Too Closely,4429675,28.0,21.7,0.5,0.5,0.0,2.0,51,24.4,46.8,181,Drizzle: Light,0,0,
39960,2022-04-04 17:20:00,40.723625,-74.00479,0,0,Unspecified,4516309,12.2,2.6,0.1,0.1,0.0,1.0,51,23.7,41.4,304,Drizzle: Light,0,0,
39961,2022-04-04 16:45:00,40.751957,-73.93475,0,0,Unspecified,4516476,12.2,2.6,0.1,0.1,0.0,1.0,51,23.7,41.4,304,Drizzle: Light,0,0,
39962,2022-04-04 15:09:00,40.648182,-73.93001,0,0,Unspecified,4516374,12.2,2.6,0.1,0.1,0.0,1.0,51,23.7,41.4,304,Drizzle: Light,0,0,
39963,2022-04-04 10:39:00,40.63747,-73.91918,2,0,Traffic Control Disregarded,4516111,12.2,2.6,0.1,0.1,0.0,1.0,51,23.7,41.4,304,Drizzle: Light,2,2,
39964,2022-04-04 05:28:00,40.643303,-73.9478,0,0,Unspecified,4516062,12.2,2.6,0.1,0.1,0.0,1.0,51,23.7,41.4,304,Drizzle: Light,0,0,
39965,2022-04-04 08:04:00,40.666573,-73.811775,1,0,Reaction to Uninvolved Vehicle,4516230,12.2,2.6,0.1,0.1,0.0,1.0,51,23.7,41.4,304,Drizzle: Light,1,1,
39966,2022-04-04 08:15:00,40.84046,-73.88596,0,0,Passing or Lane Usage Improper,4516321,12.2,2.6,0.1,0.1,0.0,1.0,51,23.7,41.4,304,Drizzle: Light,0,0,
39967,2022-04-04 18:29:00,40.77223,-73.829575,0,0,Passing or Lane Usage Improper,4516208,12.2,2.6,0.1,0.1,0.0,1.0,51,23.7,41.4,304,Drizzle: Light,0,0,
39968,2023-01-06 06:20:00,40.884098,-73.90121,1,0,Failure to Yield Right-of-Way,4598541,8.2,3.2,7.9,7.9,0.0,13.0,61,16.6,28.8,311,Rain: Light,1,1,
39969,2022-04-02 23:29:00,40.694263,-73.95235,0,0,Driver Inattention/Distraction,4516770,11.1,1.4,0.0,0.0,0.0,0.0,3,26.3,47.9,286,Overcast,0,0,
39970,2022-04-01 03:40:00,40.70416,-73.85617,0,0,Unsafe Speed,4516787,15.2,5.3,1.4,1.4,0.0,8.0,51,33.1,61.9,277,Drizzle: Light,0,0,
39971,2022-04-01 15:09:00,40.83957,-73.88279,1,0,Other Vehicular,4516688,15.2,5.3,1.4,1.4,0.0,8.0,51,33.1,61.9,277,Drizzle: Light,1,1,
39972,2022-04-02 17:37:00,40.744263,-73.876755,1,0,Unspecified,4516901,11.1,1.4,0.0,0.0,0.0,0.0,3,26.3,47.9,286,Overcast,1,1,
39973,2022-04-04 20:20:00,40.63083,-73.90736,0,0,Unspecified,4516240,12.2,2.6,0.1,0.1,0.0,1.0,51,23.7,41.4,304,Drizzle: Light,0,0,
39974,2022-03-23 12:31:00,40.728287,-73.84722,0,0,Driver Inattention/Distraction,4516699,8.4,1.3,2.2,2.2,0.0,3.0,55,19.6,34.6,73,Drizzle: Dense,0,0,
39975,2022-04-04 23:40:00,40.645073,-73.97438,0,0,Unspecified,4516416,12.2,2.6,0.1,0.1,0.0,1.0,51,23.7,41.4,304,Drizzle: Light,0,0,
39976,2022-04-04 14:57:00,40.75028,-73.98113,0,0,Unspecified,4516157,12.2,2.6,0.1,0.1,0.0,1.0,51,23.7,41.4,304,Drizzle: Light,0,0,
39977,2022-04-04 09:37:00,40.659504,-73.76878,0,0,Driver Inexperience,4516457,12.2,2.6,0.1,0.1,0.0,1.0,51,23.7,41.4,304,Drizzle: Light,0,0,
39978,2022-03-06 00:15:00,40.812138,-73.96636,1,0,Unspecified,4516834,19.5,3.0,1.6,1.6,0.0,7.0,53,30.0,54.7,222,Drizzle: Moderate,1,1,
39979,2022-04-04 08:00:00,40.586117,-73.93604,0,0,Pavement Defective,4516126,12.2,2.6,0.1,0.1,0.0,1.0,51,23.7,41.4,304,Drizzle: Light,0,0,
39980,2022-04-04 16:20:00,40.665504,-73.75694,0,0,Following Too Closely,4516199,12.2,2.6,0.1,0.1,0.0,1.0,51,23.7,41.4,304,Drizzle: Light,0,0,
39981,2022-04-04 14:32:00,40.58489,-73.92885,0,0,Driver Inattention/Distraction,4516572,12.2,2.6,0.1,0.1,0.0,1.0,51,23.7,41.4,304,Drizzle: Light,0,0,
39982,2022-04-04 12:50:00,40.69431,-73.93134,0,0,Unspecified,4516526,12.2,2.6,0.1,0.1,0.0,1.0,51,23.7,41.4,304,Drizzle: Light,0,0,
39983,2022-04-04 02:22:00,40.73736,-73.99685,0,0,Passing or Lane Usage Improper,4516101,12.2,2.6,0.1,0.1,0.0,1.0,51,23.7,41.4,304,Drizzle: Light,0,0,
39984,2022-04-03 23:00:00,40.87139,-73.86427,0,0,Driver Inattention/Distraction,4516902,8.3,3.4,3.1,3.1,0.0,5.0,61,21.9,38.2,274,Rain: Light,0,0,
39985,2022-09-21 18:00:00,40.749866,-73.86273,1,0,,4566348,26.5,16.0,0.0,0.0,0.0,0.0,3,19.4,36.7,252,Overcast,1,1,
39986,2021-10-08 08:30:00,40.7909056,-73.9391302,1,0,Glare,4465991,23.7,14.5,0.0,0.0,0.0,0.0,3,13.0,22.3,94,Overcast,1,1,
39987,2022-04-03 11:15:00,40.503876,-74.24901,0,0,Driver Inattention/Distraction,4516692,8.3,3.4,3.1,3.1,0.0,5.0,61,21.9,38.2,274,Rain: Light,0,0,
39988,2022-04-04 17:45:00,40.71578,-73.94631,0,0,Unspecified,4516299,12.2,2.6,0.1,0.1,0.0,1.0,51,23.7,41.4,304,Drizzle: Light,0,0,
39989,2022-03-30 10:45:00,40.703823,-73.8088,1,0,Traffic Control Disregarded,4516776,5.9,-3.5,0.0,0.0,0.0,0.0,3,17.0,30.6,215,Overcast,1,1,
39990,2022-04-04 09:30:00,40.802315,-73.95041,0,0,Aggressive Driving/Road Rage,4516781,12.2,2.6,0.1,0.1,0.0,1.0,51,23.7,41.4,304,Drizzle: Light,0,0,
39991,2022-04-04 03:05:00,40.7712,-73.83345,0,0,Passing or Lane Usage Improper,4515991,12.2,2.6,0.1,0.1,0.0,1.0,51,23.7,41.4,304,Drizzle: Light,0,0,
39992,2022-04-04 16:40:00,40.834152,-73.90001,0,0,Turning Improperly,4516336,12.2,2.6,0.1,0.1,0.0,1.0,51,23.7,41.4,304,Drizzle: Light,0,0,
39993,2022-04-04 15:27:00,40.671383,-73.97454,1,0,Driver Inattention/Distraction,4516354,12.2,2.6,0.1,0.1,0.0,1.0,51,23.7,41.4,304,Drizzle: Light,1,1,
39994,2022-03-29 22:05:00,40.74835,-73.967865,1,0,Driver Inattention/Distraction,4516863,3.3,-5.2,0.0,0.0,0.0,0.0,2,29.3,54.4,311,Partly cloudy,1,1,
39995,2022-04-04 18:19:00,40.66858,-73.84223,0,0,Traffic Control Disregarded,4516237,12.2,2.6,0.1,0.1,0.0,1.0,51,23.7,41.4,304,Drizzle: Light,0,0,
39996,2022-04-04 13:03:00,40.691536,-73.99912,1,0,Following Too Closely,4516586,12.2,2.6,0.1,0.1,0.0,1.0,51,23.7,41.4,304,Drizzle: Light,1,1,
39997,2022-04-04 14:36:00,40.880547,-73.92234,0,0,Backing Unsafely,4516279,12.2,2.6,0.1,0.1,0.0,1.0,51,23.7,41.4,304,Drizzle: Light,0,0,
39998,2022-04-04 11:45:00,40.68342,-73.97545,1,0,Other Vehicular,4516344,12.2,2.6,0.1,0.1,0.0,1.0,51,23.7,41.4,304,Drizzle: Light,1,1,
39999,2022-04-04 14:23:00,40.829502,-73.87462,0,0,Turning Improperly,4516193,12.2,2.6,0.1,0.1,0.0,1.0,51,23.7,41.4,304,Drizzle: Light,0,0,
40000,2022-04-04 08:23:00,40.778137,-73.95449,0,0,Following Too Closely,4516077,12.2,2.6,0.1,0.1,0.0,1.0,51,23.7,41.4,304,Drizzle: Light,0,0,
40001,2022-04-04 05:55:00,40.769318,-73.8666,2,0,Reaction to Uninvolved Vehicle,4516448,12.2,2.6,0.1,0.1,0.0,1.0,51,23.7,41.4,304,Drizzle: Light,2,2,
40002,2022-04-04 11:10:00,40.803566,-73.96715,0,0,Following Too Closely,4516656,12.2,2.6,0.1,0.1,0.0,1.0,51,23.7,41.4,304,Drizzle: Light,0,0,
40003,2022-09-22 16:30:00,40.764362,-73.96162,0,0,Failure to Yield Right-of-Way,4567247,24.9,14.3,9.1,9.1,0.0,7.0,63,24.6,44.6,273,Rain: Moderate,0,0,
40004,2022-04-04 20:45:00,40.60769,-74.08945,1,0,Traffic Control Disregarded,4516213,12.2,2.6,0.1,0.1,0.0,1.0,51,23.7,41.4,304,Drizzle: Light,1,1,
40005,2022-04-04 14:50:00,40.63178,-73.945625,0,0,Turning Improperly,4516497,12.2,2.6,0.1,0.1,0.0,1.0,51,23.7,41.4,304,Drizzle: Light,0,0,
40006,2022-03-31 20:21:00,40.68185,-73.98004,1,0,Unsafe Speed,4516923,19.0,3.5,12.0,12.0,0.0,4.0,65,37.8,67.3,194,Rain: Heavy,1,1,
40007,2022-04-04 15:00:00,40.720978,-73.809074,1,0,Unspecified,4516252,12.2,2.6,0.1,0.1,0.0,1.0,51,23.7,41.4,304,Drizzle: Light,1,1,
40008,2022-04-04 09:00:00,40.705185,-74.00638,0,0,Unspecified,4516303,12.2,2.6,0.1,0.1,0.0,1.0,51,23.7,41.4,304,Drizzle: Light,0,0,
40009,2022-04-01 16:58:00,40.783974,-73.97031,1,0,Driver Inattention/Distraction,4516813,15.2,5.3,1.4,1.4,0.0,8.0,51,33.1,61.9,277,Drizzle: Light,1,1,
40010,2022-03-30 17:04:00,40.695995,-73.782776,1,0,Failure to Yield Right-of-Way,4516745,5.9,-3.5,0.0,0.0,0.0,0.0,3,17.0,30.6,215,Overcast,1,1,
40011,2022-04-04 19:40:00,40.71997,-73.992905,1,0,Traffic Control Disregarded,4516325,12.2,2.6,0.1,0.1,0.0,1.0,51,23.7,41.4,304,Drizzle: Light,1,1,
40012,2022-04-04 09:25:00,40.828392,-73.90851,0,0,View Obstructed/Limited,4516243,12.2,2.6,0.1,0.1,0.0,1.0,51,23.7,41.4,304,Drizzle: Light,0,0,
40013,2022-03-27 14:00:00,40.837673,-73.91922,1,0,Alcohol Involvement,4516702,7.5,-1.1,0.3,0.3,0.07,3.0,71,26.4,47.5,288,Snow fall: Light,1,1,Snowy Conditions
40014,2022-03-28 18:12:00,40.750206,-74.00234,0,0,Passing or Lane Usage Improper,4516729,0.0,-5.2,0.3,0.0,0.21,3.0,71,31.3,59.0,303,Snow fall: Light,0,0,Snowy Conditions
40015,2022-04-04 17:20:00,40.604782,-73.754005,0,0,Failure to Yield Right-of-Way,4516289,12.2,2.6,0.1,0.1,0.0,1.0,51,23.7,41.4,304,Drizzle: Light,0,0,
40016,2022-09-21 21:20:00,40.76093,-73.96914,0,0,Unsafe Speed,4566229,26.5,16.0,0.0,0.0,0.0,0.0,3,19.4,36.7,252,Overcast,0,0,
40017,2022-09-23 15:00:00,40.633217,-73.92941,0,0,Passing or Lane Usage Improper,4567012,16.4,10.0,0.0,0.0,0.0,0.0,0,31.1,56.9,323,Clear sky,0,0,Sunny/Clear Conditions
40018,2022-09-22 22:00:00,40.736145,-73.92651,0,0,Driver Inattention/Distraction,4566442,24.9,14.3,9.1,9.1,0.0,7.0,63,24.6,44.6,273,Rain: Moderate,0,0,
40019,2022-09-20 13:15:00,40.752335,-73.867966,1,0,Unspecified,4566524,25.7,17.7,0.0,0.0,0.0,0.0,3,19.0,35.3,296,Overcast,1,1,
40020,2022-09-20 20:30:00,40.88561,-73.84837,0,0,Unsafe Speed,4567147,25.7,17.7,0.0,0.0,0.0,0.0,3,19.0,35.3,296,Overcast,0,0,
40021,2022-09-22 16:28:00,40.83283,-73.91129,0,0,Oversized Vehicle,4566669,24.9,14.3,9.1,9.1,0.0,7.0,63,24.6,44.6,273,Rain: Moderate,0,0,
40022,2022-09-21 18:40:00,0.0,0.0,0,0,Failure to Yield Right-of-Way,4566169,26.5,16.0,0.0,0.0,0.0,0.0,3,19.4,36.7,252,Overcast,0,0,
40023,2022-09-18 16:00:00,40.895374,-73.86356,0,0,Passing or Lane Usage Improper,4567096,28.7,17.1,0.0,0.0,0.0,0.0,3,20.2,36.7,233,Overcast,0,0,
40024,2022-09-21 21:02:00,40.72857,-73.991135,1,0,Driver Inattention/Distraction,4566627,26.5,16.0,0.0,0.0,0.0,0.0,3,19.4,36.7,252,Overcast,1,1,
40025,2022-09-22 16:45:00,40.85482,-73.9112,0,0,Following Too Closely,4566456,24.9,14.3,9.1,9.1,0.0,7.0,63,24.6,44.6,273,Rain: Moderate,0,0,
40026,2022-09-23 00:45:00,40.775826,-73.991264,0,0,Reaction to Uninvolved Vehicle,4566612,16.4,10.0,0.0,0.0,0.0,0.0,0,31.1,56.9,323,Clear sky,0,0,Sunny/Clear Conditions
40027,2022-08-18 20:45:00,40.840836,-73.87258,1,0,Unspecified,4566701,30.7,17.3,0.0,0.0,0.0,0.0,3,17.5,35.3,292,Overcast,1,1,
40028,2022-09-21 07:30:00,40.822357,-73.911674,0,0,Unspecified,4566159,26.5,16.0,0.0,0.0,0.0,0.0,3,19.4,36.7,252,Overcast,0,0,
40029,2022-09-23 16:47:00,40.756176,-73.80173,0,0,Unspecified,4566844,16.4,10.0,0.0,0.0,0.0,0.0,0,31.1,56.9,323,Clear sky,0,0,Sunny/Clear Conditions
40030,2022-09-21 00:00:00,40.6644,-73.993935,1,0,Driver Inattention/Distraction,4565933,26.5,16.0,0.0,0.0,0.0,0.0,3,19.4,36.7,252,Overcast,1,1,
40031,2022-09-22 01:20:00,40.64793,-73.84579,0,0,Unsafe Speed,4566483,24.9,14.3,9.1,9.1,0.0,7.0,63,24.6,44.6,273,Rain: Moderate,0,0,
40032,2022-09-17 22:00:00,40.813652,-73.906975,0,0,Unspecified,4567097,22.9,16.8,0.0,0.0,0.0,0.0,3,16.9,32.0,115,Overcast,0,0,
40033,2022-09-22 22:38:00,40.7879,-73.953674,1,0,Following Too Closely,4566568,24.9,14.3,9.1,9.1,0.0,7.0,63,24.6,44.6,273,Rain: Moderate,1,1,
40034,2022-09-23 09:55:00,40.756237,-73.93336,1,0,Following Too Closely,4566766,16.4,10.0,0.0,0.0,0.0,0.0,0,31.1,56.9,323,Clear sky,1,1,Sunny/Clear Conditions
40035,2022-09-23 20:10:00,40.719864,-73.94486,2,0,Following Too Closely,4567320,16.4,10.0,0.0,0.0,0.0,0.0,0,31.1,56.9,323,Clear sky,2,2,Sunny/Clear Conditions
40036,2022-09-21 11:15:00,40.69513,-73.81231,0,0,Following Too Closely,4566063,26.5,16.0,0.0,0.0,0.0,0.0,3,19.4,36.7,252,Overcast,0,0,
40037,2022-09-07 08:22:00,40.814934,-73.89765,1,0,Other Vehicular,4566970,22.7,18.4,1.9,1.9,0.0,4.0,55,21.8,38.9,48,Drizzle: Dense,1,1,
40038,2022-09-15 19:55:00,40.6972,-73.952934,0,0,Passing or Lane Usage Improper,4566684,21.9,15.6,0.0,0.0,0.0,0.0,1,18.2,37.1,328,Mainly clear,0,0,Sunny/Clear Conditions
40039,2022-09-22 05:32:00,40.644295,-73.90139,0,0,Driver Inattention/Distraction,4566194,24.9,14.3,9.1,9.1,0.0,7.0,63,24.6,44.6,273,Rain: Moderate,0,0,
40040,2022-09-15 09:23:00,40.65605,-73.92361,0,0,Unspecified,4566932,21.9,15.6,0.0,0.0,0.0,0.0,1,18.2,37.1,328,Mainly clear,0,0,Sunny/Clear Conditions
40041,2022-09-22 22:20:00,40.828236,-73.88602,0,0,Turning Improperly,4566553,24.9,14.3,9.1,9.1,0.0,7.0,63,24.6,44.6,273,Rain: Moderate,0,0,
40042,2022-09-22 20:00:00,40.751575,-73.85584,0,0,Driver Inattention/Distraction,4566521,24.9,14.3,9.1,9.1,0.0,7.0,63,24.6,44.6,273,Rain: Moderate,0,0,
40043,2022-09-21 11:18:00,40.67251,-73.99905,0,0,Unspecified,4566428,26.5,16.0,0.0,0.0,0.0,0.0,3,19.4,36.7,252,Overcast,0,0,
40044,2022-06-17 21:20:00,40.658577,-73.89063,0,0,Unspecified,4539156,31.8,19.1,0.0,0.0,0.0,0.0,3,30.4,55.4,268,Overcast,0,0,
40045,2022-07-01 02:28:00,40.588978,-73.94943,0,0,Unspecified,4542527,33.7,20.2,0.1,0.1,0.0,1.0,51,32.3,58.0,215,Drizzle: Light,0,0,
40046,2022-07-03 06:30:00,40.700565,-73.81087,0,0,Driver Inattention/Distraction,4543144,31.2,21.0,0.0,0.0,0.0,0.0,3,15.8,31.3,341,Overcast,0,0,
40047,2022-06-25 12:45:00,40.801155,-73.959656,0,0,Driver Inattention/Distraction,4543489,32.5,18.1,0.0,0.0,0.0,0.0,2,25.0,47.2,224,Partly cloudy,0,0,
40048,2022-07-03 16:15:00,40.874737,-73.855255,2,0,Failure to Yield Right-of-Way,4543331,31.2,21.0,0.0,0.0,0.0,0.0,3,15.8,31.3,341,Overcast,2,2,
40049,2022-07-01 18:50:00,40.68416,-73.96907,3,0,Unspecified,4543643,33.7,20.2,0.1,0.1,0.0,1.0,51,32.3,58.0,215,Drizzle: Light,3,3,
40050,2022-07-03 08:00:00,40.842987,-73.900345,0,0,Unspecified,4543245,31.2,21.0,0.0,0.0,0.0,0.0,3,15.8,31.3,341,Overcast,0,0,
40051,2022-07-03 03:09:00,40.67619,-73.9081,0,0,Unspecified,4543396,31.2,21.0,0.0,0.0,0.0,0.0,3,15.8,31.3,341,Overcast,0,0,
40052,2022-07-03 19:00:00,40.75843,-73.973076,2,0,Other Vehicular,4543751,31.2,21.0,0.0,0.0,0.0,0.0,3,15.8,31.3,341,Overcast,2,2,
40053,2022-07-01 23:00:00,40.661,-73.8979,0,0,Unspecified,4543812,33.7,20.2,0.1,0.1,0.0,1.0,51,32.3,58.0,215,Drizzle: Light,0,0,
40054,2022-07-03 05:25:00,40.677883,-73.74561,0,0,Traffic Control Disregarded,4542862,31.2,21.0,0.0,0.0,0.0,0.0,3,15.8,31.3,341,Overcast,0,0,
40055,2022-07-03 17:40:00,40.758762,-73.98745,0,0,Other Vehicular,4543449,31.2,21.0,0.0,0.0,0.0,0.0,3,15.8,31.3,341,Overcast,0,0,
40056,2022-06-27 17:34:00,40.730003,-73.98354,1,0,Brakes Defective,4543739,26.2,19.8,11.7,11.7,0.0,9.0,63,20.5,43.2,224,Rain: Moderate,1,1,
40057,2022-07-03 20:30:00,40.82657,-73.944824,0,0,Unspecified,4543586,31.2,21.0,0.0,0.0,0.0,0.0,3,15.8,31.3,341,Overcast,0,0,