,CRASH DATETIME,LATITUDE,LONGITUDE,NUMBER OF PERSONS INJURED,NUMBER OF PERSONS KILLED,CONTRIBUTING FACTOR VEHICLE 1,COLLISION_ID,temperature_2m_max,temperature_2m_min,precipitation_sum,rain_sum,snowfall_sum,precipitation_hours,weather_code,wind_speed_10m_max,wind_gusts_10m_max,wind_direction_10m_dominant,Weather Description,Severity_Score,Total_Affected_Persons,Weather_Category
40058,2022-07-03 00:12:00,40.841274,-73.91762,1,0,Passing or Lane Usage Improper,4542881,31.2,21.0,0.0,0.0,0.0,0.0,3,15.8,31.3,341,Overcast,1,1,
40059,2022-07-03 18:55:00,40.68512,-73.73222,0,0,Failure to Yield Right-of-Way,4543102,31.2,21.0,0.0,0.0,0.0,0.0,3,15.8,31.3,341,Overcast,0,0,
40060,2022-07-03 03:55:00,40.721523,-73.941795,0,0,Driver Inexperience,4543497,31.2,21.0,0.0,0.0,0.0,0.0,3,15.8,31.3,341,Overcast,0,0,
40061,2022-07-01 17:03:00,40.693314,-73.92496,4,0,Driver Inattention/Distraction,4543514,33.7,20.2,0.1,0.1,0.0,1.0,51,32.3,58.0,215,Drizzle: Light,4,4,
40062,2022-07-02 13:12:00,40.760704,-73.858246,4,0,Unspecified,4543558,30.8,23.1,4.0,4.0,0.0,5.0,61,19.4,40.0,229,Rain: Light,4,4,
40063,2022-07-03 14:18:00,40.788982,-73.93039,0,0,Driver Inattention/Distraction,4543064,31.2,21.0,0.0,0.0,0.0,0.0,3,15.8,31.3,341,Overcast,0,0,
40064,2022-07-03 13:19:00,40.8442,-73.93566,1,0,Traffic Control Disregarded,4542950,31.2,21.0,0.0,0.0,0.0,0.0,3,15.8,31.3,341,Overcast,1,1,
40065,2022-07-03 00:45:00,40.679535,-73.900475,0,0,Driver Inattention/Distraction,4543772,31.2,21.0,0.0,0.0,0.0,0.0,3,15.8,31.3,341,Overcast,0,0,
40066,2022-07-02 16:45:00,40.681442,-73.86962,0,0,Unspecified,4543795,30.8,23.1,4.0,4.0,0.0,5.0,61,19.4,40.0,229,Rain: Light,0,0,
40067,2022-07-03 06:10:00,40.870907,-73.90725,0,0,Unsafe Speed,4543019,31.2,21.0,0.0,0.0,0.0,0.0,3,15.8,31.3,341,Overcast,0,0,
40068,2022-07-03 13:35:00,40.68372,-73.78468,0,0,Unsafe Lane Changing,4542952,31.2,21.0,0.0,0.0,0.0,0.0,3,15.8,31.3,341,Overcast,0,0,
40069,2022-06-27 10:37:00,40.766666,-73.95929,0,0,Driver Inattention/Distraction,4543715,26.2,19.8,11.7,11.7,0.0,9.0,63,20.5,43.2,224,Rain: Moderate,0,0,
40070,2022-07-03 05:00:00,40.71802,-73.815926,0,0,Driver Inattention/Distraction,4543097,31.2,21.0,0.0,0.0,0.0,0.0,3,15.8,31.3,341,Overcast,0,0,
40071,2022-07-03 11:19:00,40.706306,-73.919586,0,0,Passing Too Closely,4542904,31.2,21.0,0.0,0.0,0.0,0.0,3,15.8,31.3,341,Overcast,0,0,
40072,2022-06-03 15:56:00,40.590202,-73.95361,0,0,Backing Unsafely,4543555,25.3,18.0,0.5,0.5,0.0,4.0,51,14.2,32.0,84,Drizzle: Light,0,0,
40073,2022-07-03 14:52:00,40.76527,-73.95213,0,0,Driver Inexperience,4543467,31.2,21.0,0.0,0.0,0.0,0.0,3,15.8,31.3,341,Overcast,0,0,
40074,2022-07-01 19:32:00,40.853874,-73.94049,1,0,Obstruction/Debris,4543577,33.7,20.2,0.1,0.1,0.0,1.0,51,32.3,58.0,215,Drizzle: Light,1,1,
40075,2022-06-15 13:45:00,40.83144,-73.93825,0,0,Unspecified,4543518,27.7,17.4,0.0,0.0,0.0,0.0,3,27.2,51.5,142,Overcast,0,0,
40076,2022-07-02 20:25:00,40.75254,-73.85261,1,0,Driver Inattention/Distraction,4543562,30.8,23.1,4.0,4.0,0.0,5.0,61,19.4,40.0,229,Rain: Light,1,1,
40077,2022-07-03 12:56:00,40.642242,-73.910774,0,0,Unspecified,4542937,31.2,21.0,0.0,0.0,0.0,0.0,3,15.8,31.3,341,Overcast,0,0,
40078,2022-07-03 07:50:00,40.68067,-73.75059,0,0,Unsafe Speed,4543069,31.2,21.0,0.0,0.0,0.0,0.0,3,15.8,31.3,341,Overcast,0,0,
40079,2022-07-03 03:15:00,40.86283,-73.89418,0,0,Unsafe Lane Changing,4543291,31.2,21.0,0.0,0.0,0.0,0.0,3,15.8,31.3,341,Overcast,0,0,
40080,2022-07-01 18:45:00,40.647625,-73.97727,1,0,Unspecified,4543764,33.7,20.2,0.1,0.1,0.0,1.0,51,32.3,58.0,215,Drizzle: Light,1,1,
40081,2022-07-02 11:29:00,40.693832,-73.909615,0,0,Following Too Closely,4543513,30.8,23.1,4.0,4.0,0.0,5.0,61,19.4,40.0,229,Rain: Light,0,0,
40082,2022-07-03 00:45:00,40.67901,-73.881004,0,0,Driver Inattention/Distraction,4543773,31.2,21.0,0.0,0.0,0.0,0.0,3,15.8,31.3,341,Overcast,0,0,
40083,2022-07-03 01:10:00,40.84741,-73.93723,0,0,Driver Inattention/Distraction,4543104,31.2,21.0,0.0,0.0,0.0,0.0,3,15.8,31.3,341,Overcast,0,0,
40084,2022-07-03 18:40:00,40.697517,-73.75556,0,0,Failure to Yield Right-of-Way,4543183,31.2,21.0,0.0,0.0,0.0,0.0,3,15.8,31.3,341,Overcast,0,0,
40085,2022-06-26 17:17:00,40.57698,-73.981575,0,0,Unspecified,4543720,30.8,19.9,0.0,0.0,0.0,0.0,3,30.9,55.8,188,Overcast,0,0,
40086,2022-07-01 23:40:00,40.59148,-73.98133,0,0,Driver Inexperience,4543609,33.7,20.2,0.1,0.1,0.0,1.0,51,32.3,58.0,215,Drizzle: Light,0,0,
40087,2022-06-13 14:00:00,40.688614,-73.999435,0,0,Turning Improperly,4543526,27.7,17.8,6.8,6.8,0.0,9.0,63,12.1,32.0,254,Rain: Moderate,0,0,
40088,2022-04-05 06:00:00,40.74947,-73.7564,0,0,Unspecified,4516514,12.1,1.0,1.7,1.7,0.0,3.0,53,16.8,32.8,121,Drizzle: Moderate,0,0,
40089,2022-06-30 13:29:00,40.849995,-73.93866,0,0,Passing Too Closely,4543548,31.2,17.3,0.0,0.0,0.0,0.0,2,19.1,37.4,274,Partly cloudy,0,0,
40090,2022-07-02 15:25:00,40.625786,-73.89309,0,0,Following Too Closely,4543603,30.8,23.1,4.0,4.0,0.0,5.0,61,19.4,40.0,229,Rain: Light,0,0,
40091,2022-07-03 00:06:00,40.679333,-73.818474,1,0,Unsafe Speed,4543704,31.2,21.0,0.0,0.0,0.0,0.0,3,15.8,31.3,341,Overcast,1,1,
40092,2022-07-03 00:07:00,40.82389,-73.87461,0,0,Driver Inattention/Distraction,4543365,31.2,21.0,0.0,0.0,0.0,0.0,3,15.8,31.3,341,Overcast,0,0,
40093,2022-06-27 07:20:00,40.746483,-73.708755,0,0,Passing or Lane Usage Improper,4543652,26.2,19.8,11.7,11.7,0.0,9.0,63,20.5,43.2,224,Rain: Moderate,0,0,
40094,2022-09-21 23:48:00,40.6481,-73.91474,2,0,Driver Inattention/Distraction,4566909,26.5,16.0,0.0,0.0,0.0,0.0,3,19.4,36.7,252,Overcast,2,2,
40095,2022-07-03 09:50:00,40.820435,-73.93623,0,0,Unsafe Lane Changing,4543192,31.2,21.0,0.0,0.0,0.0,0.0,3,15.8,31.3,341,Overcast,0,0,
40096,2022-07-01 14:30:00,40.712,-73.82546,0,0,Driver Inexperience,4543503,33.7,20.2,0.1,0.1,0.0,1.0,51,32.3,58.0,215,Drizzle: Light,0,0,
40097,2022-07-02 17:00:00,40.761868,-73.99869,0,0,Passing Too Closely,4543758,30.8,23.1,4.0,4.0,0.0,5.0,61,19.4,40.0,229,Rain: Light,0,0,
40098,2022-07-03 16:16:00,40.698544,-73.96236,2,0,Following Too Closely,4543115,31.2,21.0,0.0,0.0,0.0,0.0,3,15.8,31.3,341,Overcast,2,2,
40099,2022-06-12 00:27:00,40.89134,-73.85852,1,0,Driver Inattention/Distraction,4543615,22.7,16.0,9.3,9.3,0.0,10.0,61,23.5,44.6,179,Rain: Light,1,1,
40100,2022-07-03 23:40:00,40.68464,-73.87584,0,0,Driver Inattention/Distraction,4543777,31.2,21.0,0.0,0.0,0.0,0.0,3,15.8,31.3,341,Overcast,0,0,
40101,2022-07-01 11:00:00,40.750317,-73.99112,0,0,Driver Inattention/Distraction,4543479,33.7,20.2,0.1,0.1,0.0,1.0,51,32.3,58.0,215,Drizzle: Light,0,0,
40102,2022-07-03 07:46:00,40.73851,-73.8065,2,0,Unsafe Speed,4543254,31.2,21.0,0.0,0.0,0.0,0.0,3,15.8,31.3,341,Overcast,2,2,
40103,2022-07-03 11:50:00,40.591393,-73.907875,0,0,Unsafe Lane Changing,4543406,31.2,21.0,0.0,0.0,0.0,0.0,3,15.8,31.3,341,Overcast,0,0,
40104,2022-06-28 21:00:00,40.80536,-73.88122,0,0,Driver Inattention/Distraction,4543671,27.5,19.1,0.0,0.0,0.0,0.0,3,14.4,28.4,334,Overcast,0,0,
40105,2022-07-03 00:40:00,40.729736,-73.833725,2,0,Driver Inattention/Distraction,4542801,31.2,21.0,0.0,0.0,0.0,0.0,3,15.8,31.3,341,Overcast,2,2,
40106,2022-07-03 06:15:00,40.71245,-73.91853,2,0,Failure to Yield Right-of-Way,4543726,31.2,21.0,0.0,0.0,0.0,0.0,3,15.8,31.3,341,Overcast,2,2,
40107,2021-06-21 01:45:00,40.830112,-73.850266,5,0,Unsafe Speed,4430244,28.0,21.7,0.5,0.5,0.0,2.0,51,24.4,46.8,181,Drizzle: Light,5,5,
40108,2021-06-20 17:30:00,40.655907,-73.92152,0,0,Driver Inattention/Distraction,4430209,28.7,17.3,0.3,0.3,0.0,2.0,51,19.5,40.0,212,Drizzle: Light,0,0,
40109,2021-06-21 22:00:00,40.743687,-73.90164,0,0,Unspecified,4430289,28.0,21.7,0.5,0.5,0.0,2.0,51,24.4,46.8,181,Drizzle: Light,0,0,
40110,2021-06-21 12:30:00,40.834793,-73.942726,0,0,Passing or Lane Usage Improper,4430310,28.0,21.7,0.5,0.5,0.0,2.0,51,24.4,46.8,181,Drizzle: Light,0,0,
40111,2021-06-19 09:00:00,40.837864,-73.9114,0,0,Unsafe Speed,4430279,31.5,19.5,1.2,1.2,0.0,3.0,53,21.1,38.2,243,Drizzle: Moderate,0,0,
40112,2021-06-21 12:50:00,40.678574,-74.00358,0,0,Passing Too Closely,4430302,28.0,21.7,0.5,0.5,0.0,2.0,51,24.4,46.8,181,Drizzle: Light,0,0,
40113,2022-07-03 14:15:00,40.75815,-73.8109,0,0,Backing Unsafely,4543162,31.2,21.0,0.0,0.0,0.0,0.0,3,15.8,31.3,341,Overcast,0,0,
40114,2021-06-21 07:13:00,40.747627,-73.976746,0,0,Driver Inattention/Distraction,4429599,28.0,21.7,0.5,0.5,0.0,2.0,51,24.4,46.8,181,Drizzle: Light,0,0,
40115,2021-06-21 23:44:00,40.617397,-74.00879,0,0,Alcohol Involvement,4429738,28.0,21.7,0.5,0.5,0.0,2.0,51,24.4,46.8,181,Drizzle: Light,0,0,
40116,2021-06-21 10:35:00,40.666214,-73.85116,0,0,Turning Improperly,4429647,28.0,21.7,0.5,0.5,0.0,2.0,51,24.4,46.8,181,Drizzle: Light,0,0,
40117,2021-06-21 06:00:00,40.84181,-73.879425,0,0,Driver Inattention/Distraction,4430087,28.0,21.7,0.5,0.5,0.0,2.0,51,24.4,46.8,181,Drizzle: Light,0,0,
40118,2021-06-19 02:30:00,40.83584,-73.8364,0,0,Unspecified,4430064,31.5,19.5,1.2,1.2,0.0,3.0,53,21.1,38.2,243,Drizzle: Moderate,0,0,
40119,2021-06-21 01:09:00,40.751442,-73.97606,0,0,Driver Inattention/Distraction,4429171,28.0,21.7,0.5,0.5,0.0,2.0,51,24.4,46.8,181,Drizzle: Light,0,0,
40120,2021-06-21 15:40:00,40.60981,-73.92251,0,0,Backing Unsafely,4429625,28.0,21.7,0.5,0.5,0.0,2.0,51,24.4,46.8,181,Drizzle: Light,0,0,
40121,2021-06-21 09:40:00,40.746666,-73.8749,0,0,Unspecified,4429669,28.0,21.7,0.5,0.5,0.0,2.0,51,24.4,46.8,181,Drizzle: Light,0,0,
40122,2021-06-21 07:30:00,40.61289,-74.082985,0,0,Unspecified,4430036,28.0,21.7,0.5,0.5,0.0,2.0,51,24.4,46.8,181,Drizzle: Light,0,0,
40123,2021-06-21 14:00:00,40.850773,-73.93543,0,0,Turning Improperly,4430138,28.0,21.7,0.5,0.5,0.0,2.0,51,24.4,46.8,181,Drizzle: Light,0,0,
40124,2021-06-21 00:08:00,40.80734,-73.91873,1,0,Driver Inattention/Distraction,4429290,28.0,21.7,0.5,0.5,0.0,2.0,51,24.4,46.8,181,Drizzle: Light,1,1,
40125,2021-06-21 14:25:00,0.0,0.0,0,0,Passing or Lane Usage Improper,4430080,28.0,21.7,0.5,0.5,0.0,2.0,51,24.4,46.8,181,Drizzle: Light,0,0,
40126,2021-06-21 05:50:00,40.813175,-73.94662,1,0,Unspecified,4430125,28.0,21.7,0.5,0.5,0.0,2.0,51,24.4,46.8,181,Drizzle: Light,1,1,
40127,2021-06-21 21:31:00,40.684258,-73.84604,2,0,Passing or Lane Usage Improper,4430011,28.0,21.7,0.5,0.5,0.0,2.0,51,24.4,46.8,181,Drizzle: Light,2,2,
40128,2021-06-21 04:57:00,40.62139,-73.99555,0,0,Driver Inattention/Distraction,4429398,28.0,21.7,0.5,0.5,0.0,2.0,51,24.4,46.8,181,Drizzle: Light,0,0,
40129,2021-06-21 14:15:00,40.776016,-73.78441,0,0,Driver Inattention/Distraction,4429577,28.0,21.7,0.5,0.5,0.0,2.0,51,24.4,46.8,181,Drizzle: Light,0,0,
40130,2021-06-21 23:20:00,40.73695,-73.93131,0,0,Other Vehicular,4429756,28.0,21.7,0.5,0.5,0.0,2.0,51,24.4,46.8,181,Drizzle: Light,0,0,
40131,2021-06-21 15:43:00,40.862747,-73.90494,1,0,Unspecified,4429805,28.0,21.7,0.5,0.5,0.0,2.0,51,24.4,46.8,181,Drizzle: Light,1,1,
40132,2021-06-21 21:56:00,40.663998,-73.7318,0,0,Unsafe Speed,4429905,28.0,21.7,0.5,0.5,0.0,2.0,51,24.4,46.8,181,Drizzle: Light,0,0,
40133,2021-06-21 14:09:00,40.635757,-73.99486,1,0,Unspecified,4429969,28.0,21.7,0.5,0.5,0.0,2.0,51,24.4,46.8,181,Drizzle: Light,1,1,
40134,2021-06-21 13:55:00,40.602722,-73.99515,0,0,Driver Inattention/Distraction,4429557,28.0,21.7,0.5,0.5,0.0,2.0,51,24.4,46.8,181,Drizzle: Light,0,0,
40135,2021-06-11 00:00:00,40.820984,-73.891624,1,0,Traffic Control Disregarded,4430163,20.7,15.3,1.2,1.2,0.0,3.0,53,13.2,27.0,97,Drizzle: Moderate,1,1,
40136,2021-06-21 10:45:00,40.572422,-74.14111,0,0,Driver Inattention/Distraction,4429548,28.0,21.7,0.5,0.5,0.0,2.0,51,24.4,46.8,181,Drizzle: Light,0,0,
40137,2021-06-21 11:00:00,40.846565,-73.92589,0,0,Unspecified,4429504,28.0,21.7,0.5,0.5,0.0,2.0,51,24.4,46.8,181,Drizzle: Light,0,0,
40138,2021-06-21 09:00:00,40.757423,-73.92247,1,0,Unspecified,4430100,28.0,21.7,0.5,0.5,0.0,2.0,51,24.4,46.8,181,Drizzle: Light,1,1,
40139,2021-06-21 16:00:00,40.577366,-74.11145,0,0,Driver Inattention/Distraction,4429569,28.0,21.7,0.5,0.5,0.0,2.0,51,24.4,46.8,181,Drizzle: Light,0,0,
40140,2021-06-21 07:05:00,40.693127,-73.83134,0,0,Following Too Closely,4429448,28.0,21.7,0.5,0.5,0.0,2.0,51,24.4,46.8,181,Drizzle: Light,0,0,
40141,2021-06-21 22:47:00,40.66563,-73.73921,1,0,Reaction to Uninvolved Vehicle,4429658,28.0,21.7,0.5,0.5,0.0,2.0,51,24.4,46.8,181,Drizzle: Light,1,1,
40142,2021-06-21 19:00:00,40.706787,-74.00512,0,0,Unspecified,4429694,28.0,21.7,0.5,0.5,0.0,2.0,51,24.4,46.8,181,Drizzle: Light,0,0,
40143,2021-06-21 13:24:00,40.76872,-73.86822,1,0,Driver Inattention/Distraction,4429842,28.0,21.7,0.5,0.5,0.0,2.0,51,24.4,46.8,181,Drizzle: Light,1,1,
40144,2021-06-21 17:22:00,40.637413,-73.9991,1,0,Steering Failure,4429976,28.0,21.7,0.5,0.5,0.0,2.0,51,24.4,46.8,181,Drizzle: Light,1,1,
40145,2021-06-21 07:40:00,40.60518,-73.98018,0,0,Unspecified,4429482,28.0,21.7,0.5,0.5,0.0,2.0,51,24.4,46.8,181,Drizzle: Light,0,0,
40146,2021-06-21 17:25:00,40.735306,-74.00037,0,0,Passing or Lane Usage Improper,4429562,28.0,21.7,0.5,0.5,0.0,2.0,51,24.4,46.8,181,Drizzle: Light,0,0,
40147,2021-06-19 19:45:00,40.793896,-73.96786,0,0,Passing Too Closely,4430155,31.5,19.5,1.2,1.2,0.0,3.0,53,21.1,38.2,243,Drizzle: Moderate,0,0,
40148,2021-06-21 21:28:00,40.601204,-74.06509,3,0,Unsafe Speed,4429801,28.0,21.7,0.5,0.5,0.0,2.0,51,24.4,46.8,181,Drizzle: Light,3,3,
40149,2021-06-20 19:14:00,40.829224,-73.826225,0,0,Alcohol Involvement,4430053,28.7,17.3,0.3,0.3,0.0,2.0,51,19.5,40.0,212,Drizzle: Light,0,0,
40150,2021-06-20 08:30:00,40.821255,-73.89167,0,0,Unspecified,4430164,28.7,17.3,0.3,0.3,0.0,2.0,51,19.5,40.0,212,Drizzle: Light,0,0,
40151,2021-06-21 11:45:00,40.83045,-73.8509,2,0,Following Too Closely,4429578,28.0,21.7,0.5,0.5,0.0,2.0,51,24.4,46.8,181,Drizzle: Light,2,2,
40152,2021-06-21 21:55:00,40.61424,-73.98824,1,0,Driver Inattention/Distraction,4429610,28.0,21.7,0.5,0.5,0.0,2.0,51,24.4,46.8,181,Drizzle: Light,1,1,
40153,2021-06-20 00:31:00,40.607876,-73.92554,0,0,Reaction to Uninvolved Vehicle,4430105,28.7,17.3,0.3,0.3,0.0,2.0,51,19.5,40.0,212,Drizzle: Light,0,0,
40154,2021-06-21 09:00:00,40.716694,-73.76059,0,0,Unsafe Speed,4429521,28.0,21.7,0.5,0.5,0.0,2.0,51,24.4,46.8,181,Drizzle: Light,0,0,
40155,2021-06-18 14:00:00,40.63472,-74.10894,1,0,Failure to Yield Right-of-Way,4430035,27.4,13.8,0.0,0.0,0.0,0.0,3,20.5,40.3,210,Overcast,1,1,
40156,2021-06-21 21:30:00,40.663227,-73.93159,0,0,Unspecified,4429860,28.0,21.7,0.5,0.5,0.0,2.0,51,24.4,46.8,181,Drizzle: Light,0,0,
40157,2021-06-21 20:22:00,40.76635,-73.95103,0,0,Reaction to Uninvolved Vehicle,4429945,28.0,21.7,0.5,0.5,0.0,2.0,51,24.4,46.8,181,Drizzle: Light,0,0,
40158,2021-06-21 16:00:00,40.575512,-73.98241,0,0,Steering Failure,4430020,28.0,21.7,0.5,0.5,0.0,2.0,51,24.4,46.8,181,Drizzle: Light,0,0,
40159,2021-06-18 11:44:00,40.757156,-73.928185,0,0,Following Too Closely,4430096,27.4,13.8,0.0,0.0,0.0,0.0,3,20.5,40.3,210,Overcast,0,0,
40160,2021-06-21 01:52:00,40.59034,-73.972084,0,0,Unspecified,4429652,28.0,21.7,0.5,0.5,0.0,2.0,51,24.4,46.8,181,Drizzle: Light,0,0,
40161,2021-06-07 16:34:00,40.9075,-73.89774,0,0,Unspecified,4430071,31.0,20.7,0.1,0.1,0.0,1.0,51,16.5,34.9,204,Drizzle: Light,0,0,
40162,2021-06-21 14:30:00,40.742786,-73.88264,1,0,Driver Inattention/Distraction,4429680,28.0,21.7,0.5,0.5,0.0,2.0,51,24.4,46.8,181,Drizzle: Light,1,1,
40163,2021-06-21 19:15:00,40.76465,-73.823494,0,0,Passing or Lane Usage Improper,4429618,28.0,21.7,0.5,0.5,0.0,2.0,51,24.4,46.8,181,Drizzle: Light,0,0,
40164,2021-06-21 10:56:00,40.666294,-73.79899,0,0,Driver Inattention/Distraction,4429786,28.0,21.7,0.5,0.5,0.0,2.0,51,24.4,46.8,181,Drizzle: Light,0,0,
40165,2021-06-21 09:08:00,40.718887,-73.8416,1,0,Driver Inattention/Distraction,4430147,28.0,21.7,0.5,0.5,0.0,2.0,51,24.4,46.8,181,Drizzle: Light,1,1,
40166,2021-06-21 19:20:00,40.55848,-74.121605,1,0,Driver Inattention/Distraction,4429587,28.0,21.7,0.5,0.5,0.0,2.0,51,24.4,46.8,181,Drizzle: Light,1,1,
40167,2021-06-20 09:30:00,40.628937,-74.117645,0,0,Passing Too Closely,4430043,28.7,17.3,0.3,0.3,0.0,2.0,51,19.5,40.0,212,Drizzle: Light,0,0,
40168,2021-06-21 07:00:00,40.680305,-73.844536,0,0,Turning Improperly,4430181,28.0,21.7,0.5,0.5,0.0,2.0,51,24.4,46.8,181,Drizzle: Light,0,0,
40169,2021-06-21 10:40:00,40.83932,-73.91503,0,0,Unspecified,4429727,28.0,21.7,0.5,0.5,0.0,2.0,51,24.4,46.8,181,Drizzle: Light,0,0,
40170,2021-06-21 21:31:00,40.61664,-73.918915,0,0,Driver Inattention/Distraction,4429626,28.0,21.7,0.5,0.5,0.0,2.0,51,24.4,46.8,181,Drizzle: Light,0,0,
40171,2021-06-21 15:00:00,40.874184,-73.86577,0,0,Unspecified,4429728,28.0,21.7,0.5,0.5,0.0,2.0,51,24.4,46.8,181,Drizzle: Light,0,0,
40172,2021-06-21 16:38:00,40.741337,-73.85933,0,0,Unspecified,4429670,28.0,21.7,0.5,0.5,0.0,2.0,51,24.4,46.8,181,Drizzle: Light,0,0,
40173,2021-06-18 18:56:00,40.8827,-73.892845,0,0,Unspecified,4430076,27.4,13.8,0.0,0.0,0.0,0.0,3,20.5,40.3,210,Overcast,0,0,
40174,2021-06-21 02:00:00,40.88078,-73.88347,1,0,Failure to Yield Right-of-Way,4429185,28.0,21.7,0.5,0.5,0.0,2.0,51,24.4,46.8,181,Drizzle: Light,1,1,
40175,2021-06-21 17:40:00,40.611073,-74.00896,0,0,Driver Inattention/Distraction,4430116,28.0,21.7,0.5,0.5,0.0,2.0,51,24.4,46.8,181,Drizzle: Light,0,0,
40176,2021-06-15 15:30:00,40.589367,-73.98093,0,0,Unspecified,4430015,25.1,17.4,1.0,1.0,0.0,4.0,53,17.7,33.8,295,Drizzle: Moderate,0,0,
40177,2021-06-14 04:23:00,40.623764,-73.92425,1,0,Other Vehicular,4430239,21.4,17.5,21.7,21.7,0.0,11.0,65,21.1,48.6,154,Rain: Heavy,1,1,
40178,2021-06-21 17:20:00,40.644985,-74.01769,1,0,,4430180,28.0,21.7,0.5,0.5,0.0,2.0,51,24.4,46.8,181,Drizzle: Light,1,1,
40179,2021-06-21 04:12:00,40.742607,-73.893776,0,0,Driver Inattention/Distraction,4429317,28.0,21.7,0.5,0.5,0.0,2.0,51,24.4,46.8,181,Drizzle: Light,0,0,
40180,2021-06-20 08:50:00,40.667473,-73.79388,0,0,Passing Too Closely,4430085,28.7,17.3,0.3,0.3,0.0,2.0,51,19.5,40.0,212,Drizzle: Light,0,0,
40181,2021-06-21 00:00:00,40.618652,-73.9317,0,0,Outside Car Distraction,4429584,28.0,21.7,0.5,0.5,0.0,2.0,51,24.4,46.8,181,Drizzle: Light,0,0,
40182,2021-06-21 01:50:00,40.744637,-73.857285,0,0,Following Too Closely,4429671,28.0,21.7,0.5,0.5,0.0,2.0,51,24.4,46.8,181,Drizzle: Light,0,0,
40183,2021-06-18 09:09:00,40.81401,-73.94466,0,0,Other Vehicular,4430126,27.4,13.8,0.0,0.0,0.0,0.0,3,20.5,40.3,210,Overcast,0,0,
40184,2021-06-21 12:16:00,40.641003,-73.90817,0,0,Unspecified,4429619,28.0,21.7,0.5,0.5,0.0,2.0,51,24.4,46.8,181,Drizzle: Light,0,0,
40185,2021-05-26 18:55:00,40.71507,-74.01227,0,0,Unspecified,4430010,29.5,17.4,0.1,0.1,0.0,1.0,51,23.4,45.7,210,Drizzle: Light,0,0,
40186,2021-06-19 03:10:00,40.637466,-74.12461,3,0,Driver Inexperience,4430042,31.5,19.5,1.2,1.2,0.0,3.0,53,21.1,38.2,243,Drizzle: Moderate,3,3,
40187,2021-06-21 13:38:00,40.670628,-73.84742,1,0,Following Too Closely,4429648,28.0,21.7,0.5,0.5,0.0,2.0,51,24.4,46.8,181,Drizzle: Light,1,1,
40188,2021-06-21 11:00:00,40.61254,-74.03309,0,0,Unspecified,4430211,28.0,21.7,0.5,0.5,0.0,2.0,51,24.4,46.8,181,Drizzle: Light,0,0,
40189,2021-06-08 03:00:00,40.844448,-73.82846,0,0,Unspecified,4430061,30.1,22.0,5.9,5.9,0.0,9.0,61,16.6,34.6,215,Rain: Light,0,0,
40190,2022-07-02 22:50:00,40.82156,-73.95836,2,0,Reaction to Uninvolved Vehicle,4543593,30.8,23.1,4.0,4.0,0.0,5.0,61,19.4,40.0,229,Rain: Light,2,2,
40191,2021-06-21 10:50:00,40.777332,-73.922745,0,0,Driver Inattention/Distraction,4430103,28.0,21.7,0.5,0.5,0.0,2.0,51,24.4,46.8,181,Drizzle: Light,0,0,
40192,2021-06-21 12:20:00,40.844177,-73.90292,0,0,Passing Too Closely,4429510,28.0,21.7,0.5,0.5,0.0,2.0,51,24.4,46.8,181,Drizzle: Light,0,0,
40193,2021-06-21 16:35:00,40.64028,-73.94363,0,0,Failure to Yield Right-of-Way,4429851,28.0,21.7,0.5,0.5,0.0,2.0,51,24.4,46.8,181,Drizzle: Light,0,0,
40194,2021-06-14 11:30:00,40.645676,-73.92007,0,0,Unspecified,4430203,21.4,17.5,21.7,21.7,0.0,11.0,65,21.1,48.6,154,Rain: Heavy,0,0,
40195,2021-06-21 21:00:00,40.665257,-73.739555,0,0,Failure to Yield Right-of-Way,4429600,28.0,21.7,0.5,0.5,0.0,2.0,51,24.4,46.8,181,Drizzle: Light,0,0,
40196,2021-05-24 00:00:00,40.72634,-73.76508,1,0,Driver Inattention/Distraction,4429999,18.9,13.7,0.0,0.0,0.0,0.0,3,22.4,44.3,126,Overcast,1,1,
40197,2021-06-21 17:20:00,40.745922,-73.97011,1,0,Unsafe Lane Changing,4430135,28.0,21.7,0.5,0.5,0.0,2.0,51,24.4,46.8,181,Drizzle: Light,1,1,
40198,2021-06-21 12:30:00,0.0,0.0,0,0,Unspecified,4429489,28.0,21.7,0.5,0.5,0.0,2.0,51,24.4,46.8,181,Drizzle: Light,0,0,
40199,2021-06-21 03:40:00,40.82804,-73.94251,0,0,Backing Unsafely,4429736,28.0,21.7,0.5,0.5,0.0,2.0,51,24.4,46.8,181,Drizzle: Light,0,0,
40200,2021-06-21 22:55:00,40.646557,-73.92593,0,0,Alcohol Involvement,4429865,28.0,21.7,0.5,0.5,0.0,2.0,51,24.4,46.8,181,Drizzle: Light,0,0,
40201,2021-06-21 13:17:00,40.717865,-74.00565,0,0,Unspecified,4429532,28.0,21.7,0.5,0.5,0.0,2.0,51,24.4,46.8,181,Drizzle: Light,0,0,
40202,2021-06-21 06:50:00,40.706306,-73.919586,0,0,Backing Unsafely,4429633,28.0,21.7,0.5,0.5,0.0,2.0,51,24.4,46.8,181,Drizzle: Light,0,0,
40203,2021-06-19 18:25:00,40.87397,-73.906494,0,0,Unspecified,4430055,31.5,19.5,1.2,1.2,0.0,3.0,53,21.1,38.2,243,Drizzle: Moderate,0,0,