,CRASH DATETIME,LATITUDE,LONGITUDE,NUMBER OF PERSONS INJURED,NUMBER OF PERSONS KILLED,CONTRIBUTING FACTOR VEHICLE 1,COLLISION_ID,temperature_2m_max,temperature_2m_min,precipitation_sum,rain_sum,snowfall_sum,precipitation_hours,weather_code,wind_speed_10m_max,wind_gusts_10m_max,wind_direction_10m_dominant,Weather Description,Severity_Score,Total_Affected_Persons,Weather_Category
40204,2021-06-21 00:44:00,40.75982,-73.9139,1,0,Alcohol Involvement,4430095,28.0,21.7,0.5,0.5,0.0,2.0,51,24.4,46.8,181,Drizzle: Light,1,1,
40205,2021-06-19 17:20:00,40.726234,-73.78877,0,0,Reaction to Uninvolved Vehicle,4430005,31.5,19.5,1.2,1.2,0.0,3.0,53,21.1,38.2,243,Drizzle: Moderate,0,0,
40206,2021-06-21 17:00:00,40.763245,-73.75806,1,0,Following Too Closely,4429593,28.0,21.7,0.5,0.5,0.0,2.0,51,24.4,46.8,181,Drizzle: Light,1,1,
40207,2021-06-21 10:35:00,40.816032,-73.90809,0,0,Unspecified,4429639,28.0,21.7,0.5,0.5,0.0,2.0,51,24.4,46.8,181,Drizzle: Light,0,0,
40208,2021-06-16 12:50:00,40.81533,-73.88767,1,0,Backing Unsafely,4430309,23.1,15.1,0.0,0.0,0.0,0.0,1,20.2,40.0,317,Mainly clear,1,1,Sunny/Clear Conditions
40209,2021-06-17 16:45:00,40.815845,-73.89544,0,0,Traffic Control Disregarded,4430156,23.9,12.1,0.0,0.0,0.0,0.0,3,13.4,27.4,311,Overcast,0,0,
40210,2021-06-21 20:15:00,40.85429,-73.90027,1,0,Pedestrian/Bicyclist/Other Pedestrian Error/Confusion,4430047,28.0,21.7,0.5,0.5,0.0,2.0,51,24.4,46.8,181,Drizzle: Light,1,1,
40211,2021-05-21 18:00:00,40.825382,-73.926186,1,0,Driver Inattention/Distraction,4430280,23.9,11.3,0.0,0.0,0.0,0.0,3,19.2,38.5,174,Overcast,1,1,
40212,2021-06-21 19:24:00,40.75758,-73.85841,1,0,Passing or Lane Usage Improper,4429840,28.0,21.7,0.5,0.5,0.0,2.0,51,24.4,46.8,181,Drizzle: Light,1,1,
40213,2021-06-21 04:17:00,40.69169,-73.83898,0,0,Unsafe Speed,4429384,28.0,21.7,0.5,0.5,0.0,2.0,51,24.4,46.8,181,Drizzle: Light,0,0,
40214,2021-06-21 00:08:00,40.636993,-73.97619,0,0,Unspecified,4429974,28.0,21.7,0.5,0.5,0.0,2.0,51,24.4,46.8,181,Drizzle: Light,0,0,
40215,2021-06-21 00:39:00,40.65605,-73.92361,0,0,Alcohol Involvement,4429571,28.0,21.7,0.5,0.5,0.0,2.0,51,24.4,46.8,181,Drizzle: Light,0,0,
40216,2021-06-21 07:50:00,40.651863,-73.86536,1,0,Driver Inattention/Distraction,4429875,28.0,21.7,0.5,0.5,0.0,2.0,51,24.4,46.8,181,Drizzle: Light,1,1,
40217,2021-06-21 16:00:00,40.834114,-73.86327,1,0,Unspecified,4429747,28.0,21.7,0.5,0.5,0.0,2.0,51,24.4,46.8,181,Drizzle: Light,1,1,
40218,2021-06-21 20:42:00,40.87028,-73.878395,1,0,Other Vehicular,4429656,28.0,21.7,0.5,0.5,0.0,2.0,51,24.4,46.8,181,Drizzle: Light,1,1,
40219,2021-06-21 08:18:00,40.722324,-74.01178,2,0,Driver Inattention/Distraction,4429692,28.0,21.7,0.5,0.5,0.0,2.0,51,24.4,46.8,181,Drizzle: Light,2,2,
40220,2021-06-18 14:49:00,40.828125,-73.84105,0,0,Unspecified,4430050,27.4,13.8,0.0,0.0,0.0,0.0,3,20.5,40.3,210,Overcast,0,0,
40221,2021-06-21 00:20:00,40.699013,-73.79573,2,0,Driver Inattention/Distraction,4429608,28.0,21.7,0.5,0.5,0.0,2.0,51,24.4,46.8,181,Drizzle: Light,2,2,
40222,2021-06-19 06:10:00,40.6972,-73.952934,1,0,Passing Too Closely,4430022,31.5,19.5,1.2,1.2,0.0,3.0,53,21.1,38.2,243,Drizzle: Moderate,1,1,
40223,2021-06-21 18:00:00,40.818336,-73.907005,1,0,Driver Inattention/Distraction,4429637,28.0,21.7,0.5,0.5,0.0,2.0,51,24.4,46.8,181,Drizzle: Light,1,1,
40224,2021-06-21 12:44:00,40.606384,-74.00121,0,0,Fell Asleep,4429896,28.0,21.7,0.5,0.5,0.0,2.0,51,24.4,46.8,181,Drizzle: Light,0,0,
40225,2021-06-21 09:10:00,40.607147,-74.01157,0,0,Driver Inexperience,4429435,28.0,21.7,0.5,0.5,0.0,2.0,51,24.4,46.8,181,Drizzle: Light,0,0,
40226,2021-06-21 00:00:00,40.66479,-73.91532,0,0,Unspecified,4429718,28.0,21.7,0.5,0.5,0.0,2.0,51,24.4,46.8,181,Drizzle: Light,0,0,
40227,2021-06-21 08:00:00,40.841526,-73.84189,0,0,Unspecified,4429556,28.0,21.7,0.5,0.5,0.0,2.0,51,24.4,46.8,181,Drizzle: Light,0,0,
40228,2021-06-21 21:53:00,40.83163,-73.92252,0,0,Driver Inattention/Distraction,4429730,28.0,21.7,0.5,0.5,0.0,2.0,51,24.4,46.8,181,Drizzle: Light,0,0,
40229,2021-06-21 18:07:00,40.754875,-73.96853,1,0,Passenger Distraction,4429603,28.0,21.7,0.5,0.5,0.0,2.0,51,24.4,46.8,181,Drizzle: Light,1,1,
40230,2021-06-21 11:35:00,40.616352,-73.98245,0,0,Driver Inattention/Distraction,4429714,28.0,21.7,0.5,0.5,0.0,2.0,51,24.4,46.8,181,Drizzle: Light,0,0,
40231,2021-06-21 17:27:00,40.68297,-73.97667,1,0,Traffic Control Disregarded,4429651,28.0,21.7,0.5,0.5,0.0,2.0,51,24.4,46.8,181,Drizzle: Light,1,1,
40232,2021-06-19 03:49:00,40.892223,-73.88464,0,0,Unspecified,4430077,31.5,19.5,1.2,1.2,0.0,3.0,53,21.1,38.2,243,Drizzle: Moderate,0,0,
40233,2021-06-21 00:04:00,40.6334,-74.02699,0,0,Unspecified,4429198,28.0,21.7,0.5,0.5,0.0,2.0,51,24.4,46.8,181,Drizzle: Light,0,0,
40234,2021-06-19 23:00:00,40.82309,-73.956345,1,0,Unspecified,4430118,31.5,19.5,1.2,1.2,0.0,3.0,53,21.1,38.2,243,Drizzle: Moderate,1,1,
40235,2021-06-19 15:35:00,40.579975,-73.97464,0,0,Unsafe Speed,4430014,31.5,19.5,1.2,1.2,0.0,3.0,53,21.1,38.2,243,Drizzle: Moderate,0,0,
40236,2021-06-20 22:00:00,40.76268,-73.77052,1,0,Other Vehicular,4430259,28.7,17.3,0.3,0.3,0.0,2.0,51,19.5,40.0,212,Drizzle: Light,1,1,
40237,2021-06-15 14:25:00,40.649982,-73.91183,2,0,Driver Inattention/Distraction,4430204,25.1,17.4,1.0,1.0,0.0,4.0,53,17.7,33.8,295,Drizzle: Moderate,2,2,
40238,2021-06-21 16:00:00,40.647243,-74.00633,0,0,Unspecified,4429869,28.0,21.7,0.5,0.5,0.0,2.0,51,24.4,46.8,181,Drizzle: Light,0,0,
40239,2021-06-21 13:28:00,40.696564,-73.79125,0,0,Driver Inattention/Distraction,4429531,28.0,21.7,0.5,0.5,0.0,2.0,51,24.4,46.8,181,Drizzle: Light,0,0,
40240,2021-06-21 11:50:00,40.681606,-73.85536,2,0,Traffic Control Disregarded,4429536,28.0,21.7,0.5,0.5,0.0,2.0,51,24.4,46.8,181,Drizzle: Light,2,2,
40241,2021-06-21 01:30:00,40.74967,-73.98158,5,0,Traffic Control Disregarded,4429787,28.0,21.7,0.5,0.5,0.0,2.0,51,24.4,46.8,181,Drizzle: Light,5,5,
40242,2021-06-23 06:20:00,40.737797,-73.8507,2,0,Unsafe Lane Changing,4430000,23.1,12.2,0.0,0.0,0.0,0.0,3,16.5,31.7,309,Overcast,2,2,
40243,2022-07-03 22:40:00,40.6697,-73.87494,0,0,Alcohol Involvement,4543804,31.2,21.0,0.0,0.0,0.0,0.0,3,15.8,31.3,341,Overcast,0,0,
40244,2021-06-19 12:45:00,40.726376,-73.76624,3,0,Failure to Yield Right-of-Way,4430114,31.5,19.5,1.2,1.2,0.0,3.0,53,21.1,38.2,243,Drizzle: Moderate,3,3,
40245,2021-06-21 17:10:00,40.72393,-73.99113,0,0,Following Too Closely,4429561,28.0,21.7,0.5,0.5,0.0,2.0,51,24.4,46.8,181,Drizzle: Light,0,0,
40246,2021-06-21 14:02:00,40.711246,-73.947975,1,0,Driver Inattention/Distraction,4429853,28.0,21.7,0.5,0.5,0.0,2.0,51,24.4,46.8,181,Drizzle: Light,1,1,
40247,2021-06-21 15:18:00,40.856503,-73.93277,1,0,Driver Inattention/Distraction,4430145,28.0,21.7,0.5,0.5,0.0,2.0,51,24.4,46.8,181,Drizzle: Light,1,1,
40248,2021-06-21 18:50:00,40.689144,-73.99071,0,0,Following Too Closely,4429591,28.0,21.7,0.5,0.5,0.0,2.0,51,24.4,46.8,181,Drizzle: Light,0,0,
40249,2021-06-21 17:15:00,40.722584,-74.00636,1,0,Traffic Control Disregarded,4429950,28.0,21.7,0.5,0.5,0.0,2.0,51,24.4,46.8,181,Drizzle: Light,1,1,
40250,2021-06-19 10:40:00,40.64519,-73.948,1,0,Unspecified,4430202,31.5,19.5,1.2,1.2,0.0,3.0,53,21.1,38.2,243,Drizzle: Moderate,1,1,
40251,2021-06-21 00:41:00,40.696983,-73.935234,0,0,Unspecified,4429472,28.0,21.7,0.5,0.5,0.0,2.0,51,24.4,46.8,181,Drizzle: Light,0,0,
40252,2021-06-21 16:39:00,40.685276,-73.77241,1,0,Reaction to Uninvolved Vehicle,4429788,28.0,21.7,0.5,0.5,0.0,2.0,51,24.4,46.8,181,Drizzle: Light,1,1,
40253,2021-06-21 18:00:00,40.591103,-73.97173,0,0,Passing Too Closely,4429919,28.0,21.7,0.5,0.5,0.0,2.0,51,24.4,46.8,181,Drizzle: Light,0,0,
40254,2021-06-19 11:00:00,40.68218,-73.94659,0,0,Driver Inattention/Distraction,4429997,31.5,19.5,1.2,1.2,0.0,3.0,53,21.1,38.2,243,Drizzle: Moderate,0,0,
40255,2021-06-21 07:36:00,40.853813,-73.90734,1,0,Unspecified,4429490,28.0,21.7,0.5,0.5,0.0,2.0,51,24.4,46.8,181,Drizzle: Light,1,1,
40256,2021-06-21 11:15:00,40.790752,-73.98137,0,0,Following Too Closely,4429560,28.0,21.7,0.5,0.5,0.0,2.0,51,24.4,46.8,181,Drizzle: Light,0,0,
40257,2021-06-19 22:01:00,40.79599,-73.96896,1,0,Failure to Yield Right-of-Way,4430158,31.5,19.5,1.2,1.2,0.0,3.0,53,21.1,38.2,243,Drizzle: Moderate,1,1,
40258,2021-06-21 21:57:00,40.613453,-73.82044,1,0,Alcohol Involvement,4430172,28.0,21.7,0.5,0.5,0.0,2.0,51,24.4,46.8,181,Drizzle: Light,1,1,
40259,2021-06-21 16:10:00,40.608215,-73.99809,2,0,Traffic Control Disregarded,4429580,28.0,21.7,0.5,0.5,0.0,2.0,51,24.4,46.8,181,Drizzle: Light,2,2,
40260,2021-06-21 16:20:00,40.765297,-73.83967,1,0,Unspecified,4429673,28.0,21.7,0.5,0.5,0.0,2.0,51,24.4,46.8,181,Drizzle: Light,1,1,
40261,2021-06-02 07:14:00,40.81802,-73.88881,0,0,Unspecified,4430152,22.4,13.0,0.0,0.0,0.0,0.0,3,16.7,34.9,176,Overcast,0,0,
40262,2021-06-21 20:00:00,40.70317,-73.754105,0,0,Passing Too Closely,4430013,28.0,21.7,0.5,0.5,0.0,2.0,51,24.4,46.8,181,Drizzle: Light,0,0,
40263,2021-06-21 11:00:00,40.755234,-73.941246,0,0,Driver Inattention/Distraction,4430102,28.0,21.7,0.5,0.5,0.0,2.0,51,24.4,46.8,181,Drizzle: Light,0,0,
40264,2021-06-21 08:28:00,40.68623,-73.91786,0,0,Unspecified,4429507,28.0,21.7,0.5,0.5,0.0,2.0,51,24.4,46.8,181,Drizzle: Light,0,0,
40265,2021-06-21 17:45:00,40.691715,-73.73483,0,0,Unspecified,4429601,28.0,21.7,0.5,0.5,0.0,2.0,51,24.4,46.8,181,Drizzle: Light,0,0,
40266,2021-06-21 00:27:00,40.833202,-73.86762,0,0,Driver Inexperience,4429426,28.0,21.7,0.5,0.5,0.0,2.0,51,24.4,46.8,181,Drizzle: Light,0,0,
40267,2021-06-21 13:51:00,40.687637,-73.97077,0,0,Following Too Closely,4429573,28.0,21.7,0.5,0.5,0.0,2.0,51,24.4,46.8,181,Drizzle: Light,0,0,
40268,2021-06-21 11:50:00,40.76256,-73.967026,0,0,Backing Unsafely,4430272,28.0,21.7,0.5,0.5,0.0,2.0,51,24.4,46.8,181,Drizzle: Light,0,0,
40269,2021-06-21 13:20:00,40.792545,-73.94104,0,0,Backing Unsafely,4429760,28.0,21.7,0.5,0.5,0.0,2.0,51,24.4,46.8,181,Drizzle: Light,0,0,
40270,2021-06-21 15:10:00,40.653717,-73.93188,0,0,Driver Inattention/Distraction,4429565,28.0,21.7,0.5,0.5,0.0,2.0,51,24.4,46.8,181,Drizzle: Light,0,0,
40271,2021-06-21 18:21:00,40.893425,-73.88347,2,0,Unspecified,4430067,28.0,21.7,0.5,0.5,0.0,2.0,51,24.4,46.8,181,Drizzle: Light,2,2,
40272,2022-07-03 23:46:00,40.653454,-73.88466,2,0,Traffic Control Disregarded,4543776,31.2,21.0,0.0,0.0,0.0,0.0,3,15.8,31.3,341,Overcast,2,2,
40273,2021-06-21 06:30:00,40.704876,-73.93209,1,0,Driver Inattention/Distraction,4429849,28.0,21.7,0.5,0.5,0.0,2.0,51,24.4,46.8,181,Drizzle: Light,1,1,
40274,2021-06-21 17:15:00,40.641933,-73.97245,0,0,Unspecified,4429971,28.0,21.7,0.5,0.5,0.0,2.0,51,24.4,46.8,181,Drizzle: Light,0,0,
40275,2021-06-21 15:00:00,40.67948,-73.93291,0,0,Driver Inattention/Distraction,4429892,28.0,21.7,0.5,0.5,0.0,2.0,51,24.4,46.8,181,Drizzle: Light,0,0,
40276,2021-06-21 13:51:00,40.718727,-74.00028,0,0,Driver Inattention/Distraction,4429663,28.0,21.7,0.5,0.5,0.0,2.0,51,24.4,46.8,181,Drizzle: Light,0,0,
40277,2021-06-18 18:36:00,40.614594,-74.08212,0,0,Unspecified,4430039,27.4,13.8,0.0,0.0,0.0,0.0,3,20.5,40.3,210,Overcast,0,0,
40278,2022-06-25 21:10:00,40.685738,-73.96532,0,0,Unspecified,4543642,32.5,18.1,0.0,0.0,0.0,0.0,2,25.0,47.2,224,Partly cloudy,0,0,
40279,2021-06-21 16:11:00,40.712208,-73.98072,1,0,Unspecified,4429614,28.0,21.7,0.5,0.5,0.0,2.0,51,24.4,46.8,181,Drizzle: Light,1,1,
40280,2021-06-20 21:10:00,40.67655,-73.91484,0,0,Unspecified,4430056,28.7,17.3,0.3,0.3,0.0,2.0,51,19.5,40.0,212,Drizzle: Light,0,0,
40281,2021-06-21 16:33:00,40.712578,-73.777534,0,0,Failure to Yield Right-of-Way,4429607,28.0,21.7,0.5,0.5,0.0,2.0,51,24.4,46.8,181,Drizzle: Light,0,0,
40282,2021-06-21 02:45:00,40.844105,-73.898,1,0,Driver Inexperience,4429334,28.0,21.7,0.5,0.5,0.0,2.0,51,24.4,46.8,181,Drizzle: Light,1,1,
40283,2021-06-18 13:07:00,40.626778,-74.16309,0,0,Unspecified,4430078,27.4,13.8,0.0,0.0,0.0,0.0,3,20.5,40.3,210,Overcast,0,0,
40284,2021-06-16 13:00:00,40.825573,-73.918465,0,0,Unspecified,4430281,23.1,15.1,0.0,0.0,0.0,0.0,1,20.2,40.0,317,Mainly clear,0,0,Sunny/Clear Conditions
40285,2021-06-21 09:00:00,40.602135,-74.114876,0,0,Unspecified,4429551,28.0,21.7,0.5,0.5,0.0,2.0,51,24.4,46.8,181,Drizzle: Light,0,0,
40286,2021-06-21 18:58:00,40.807808,-73.92384,2,0,Unspecified,4429642,28.0,21.7,0.5,0.5,0.0,2.0,51,24.4,46.8,181,Drizzle: Light,2,2,
40287,2021-06-20 18:45:00,40.636806,-73.939186,0,0,Unspecified,4430212,28.7,17.3,0.3,0.3,0.0,2.0,51,19.5,40.0,212,Drizzle: Light,0,0,
40288,2021-06-18 12:55:00,40.753876,-73.96809,1,0,Unspecified,4430127,27.4,13.8,0.0,0.0,0.0,0.0,3,20.5,40.3,210,Overcast,1,1,
40289,2021-06-21 13:30:00,40.580658,-73.985664,0,0,Unspecified,4430017,28.0,21.7,0.5,0.5,0.0,2.0,51,24.4,46.8,181,Drizzle: Light,0,0,
40290,2021-06-21 16:00:00,40.674,-73.982285,0,0,Following Too Closely,4429649,28.0,21.7,0.5,0.5,0.0,2.0,51,24.4,46.8,181,Drizzle: Light,0,0,
40291,2021-06-21 10:00:00,40.675297,-74.009926,0,0,Passing Too Closely,4430306,28.0,21.7,0.5,0.5,0.0,2.0,51,24.4,46.8,181,Drizzle: Light,0,0,
40292,2021-06-21 13:30:00,40.825165,-73.87742,0,0,Unspecified,4429746,28.0,21.7,0.5,0.5,0.0,2.0,51,24.4,46.8,181,Drizzle: Light,0,0,
40293,2021-06-04 20:40:00,40.69632,-73.960625,0,0,Following Too Closely,4430023,25.3,17.4,6.5,6.5,0.0,10.0,61,17.9,37.8,235,Rain: Light,0,0,
40294,2021-06-21 00:00:00,40.882427,-73.8237,2,0,Unspecified,4429631,28.0,21.7,0.5,0.5,0.0,2.0,51,24.4,46.8,181,Drizzle: Light,2,2,
40295,2021-06-21 15:55:00,40.66606,-73.95863,0,0,View Obstructed/Limited,4429596,28.0,21.7,0.5,0.5,0.0,2.0,51,24.4,46.8,181,Drizzle: Light,0,0,
40296,2021-06-13 09:20:00,40.87802,-73.90241,0,0,Driver Inattention/Distraction,4430073,23.9,15.0,0.2,0.2,0.0,2.0,51,17.7,35.6,185,Drizzle: Light,0,0,
40297,2021-05-07 20:46:00,40.766994,-73.904144,0,0,Unspecified,4430094,16.4,7.7,0.0,0.0,0.0,0.0,3,15.8,32.4,73,Overcast,0,0,
40298,2021-06-21 03:10:00,40.78168,-73.84777,1,0,Passing Too Closely,4429821,28.0,21.7,0.5,0.5,0.0,2.0,51,24.4,46.8,181,Drizzle: Light,1,1,
40299,2021-05-29 19:10:00,40.721233,-74.002525,0,0,Outside Car Distraction,4430007,11.0,8.5,25.1,25.1,0.0,22.0,63,29.9,56.9,39,Rain: Moderate,0,0,
40300,2021-06-21 20:55:00,40.608536,-73.94541,3,0,Turning Improperly,4429654,28.0,21.7,0.5,0.5,0.0,2.0,51,24.4,46.8,181,Drizzle: Light,3,3,
40301,2021-06-19 21:40:00,40.702744,-73.80592,1,0,Failure to Yield Right-of-Way,4430141,31.5,19.5,1.2,1.2,0.0,3.0,53,21.1,38.2,243,Drizzle: Moderate,1,1,
40302,2021-06-19 22:24:00,40.63173,-74.1249,0,0,Unsafe Lane Changing,4430045,31.5,19.5,1.2,1.2,0.0,3.0,53,21.1,38.2,243,Drizzle: Moderate,0,0,
40303,2021-06-21 06:00:00,40.90348,-73.85035,2,0,Unsafe Speed,4429731,28.0,21.7,0.5,0.5,0.0,2.0,51,24.4,46.8,181,Drizzle: Light,2,2,
40304,2021-06-20 06:10:00,40.651108,-73.94283,1,0,Following Too Closely,4430205,28.7,17.3,0.3,0.3,0.0,2.0,51,19.5,40.0,212,Drizzle: Light,1,1,
40305,2021-06-19 11:50:00,40.8779,-73.91094,0,0,Driver Inexperience,4430051,31.5,19.5,1.2,1.2,0.0,3.0,53,21.1,38.2,243,Drizzle: Moderate,0,0,
40306,2021-06-21 01:11:00,40.8304,-73.90616,0,0,Other Vehicular,4429210,28.0,21.7,0.5,0.5,0.0,2.0,51,24.4,46.8,181,Drizzle: Light,0,0,
40307,2021-06-21 19:25:00,40.634792,-73.896965,1,0,Aggressive Driving/Road Rage,4430121,28.0,21.7,0.5,0.5,0.0,2.0,51,24.4,46.8,181,Drizzle: Light,1,1,
40308,2021-06-21 06:25:00,40.66659,-73.87132,0,0,Driver Inattention/Distraction,4430074,28.0,21.7,0.5,0.5,0.0,2.0,51,24.4,46.8,181,Drizzle: Light,0,0,
40309,2022-07-03 03:30:00,40.666416,-73.738495,0,0,Unspecified,4542863,31.2,21.0,0.0,0.0,0.0,0.0,3,15.8,31.3,341,Overcast,0,0,
40310,2021-06-21 10:20:00,40.635494,-74.00957,1,0,Unspecified,4429870,28.0,21.7,0.5,0.5,0.0,2.0,51,24.4,46.8,181,Drizzle: Light,1,1,
40311,2021-06-21 10:00:00,40.83134,-73.85092,1,0,Passing or Lane Usage Improper,4429537,28.0,21.7,0.5,0.5,0.0,2.0,51,24.4,46.8,181,Drizzle: Light,1,1,
40312,2021-06-21 04:35:00,40.759346,-73.91981,0,0,Reaction to Uninvolved Vehicle,4430098,28.0,21.7,0.5,0.5,0.0,2.0,51,24.4,46.8,181,Drizzle: Light,0,0,
40313,2021-06-21 14:00:00,40.585976,-73.98799,2,0,Driver Inattention/Distraction,4430018,28.0,21.7,0.5,0.5,0.0,2.0,51,24.4,46.8,181,Drizzle: Light,2,2,
40314,2021-06-21 21:15:00,40.69067,-73.73134,0,0,Following Too Closely,4429661,28.0,21.7,0.5,0.5,0.0,2.0,51,24.4,46.8,181,Drizzle: Light,0,0,
40315,2021-06-21 22:10:00,40.735424,-73.84466,0,0,Unspecified,4429682,28.0,21.7,0.5,0.5,0.0,2.0,51,24.4,46.8,181,Drizzle: Light,0,0,
40316,2021-06-15 06:00:00,40.741455,-73.84258,1,0,Passing or Lane Usage Improper,4430001,25.1,17.4,1.0,1.0,0.0,4.0,53,17.7,33.8,295,Drizzle: Moderate,1,1,
40317,2021-06-21 05:00:00,40.66552,-73.74467,0,0,Unspecified,4429775,28.0,21.7,0.5,0.5,0.0,2.0,51,24.4,46.8,181,Drizzle: Light,0,0,
40318,2021-06-21 17:30:00,40.763626,-73.88116,0,0,Unspecified,4429564,28.0,21.7,0.5,0.5,0.0,2.0,51,24.4,46.8,181,Drizzle: Light,0,0,
40319,2021-06-21 14:15:00,40.66838,-73.94108,0,0,Driver Inattention/Distraction,4429590,28.0,21.7,0.5,0.5,0.0,2.0,51,24.4,46.8,181,Drizzle: Light,0,0,
40320,2021-05-23 15:20:00,40.75777,-73.854164,0,0,Reaction to Uninvolved Vehicle,4430193,31.4,19.8,0.0,0.0,0.0,0.0,3,28.5,54.4,322,Overcast,0,0,
40321,2021-06-21 11:10:00,40.716484,-73.95704,0,0,Driver Inexperience,4429476,28.0,21.7,0.5,0.5,0.0,2.0,51,24.4,46.8,181,Drizzle: Light,0,0,
40322,2021-06-21 21:00:00,0.0,0.0,0,0,Unspecified,4430153,28.0,21.7,0.5,0.5,0.0,2.0,51,24.4,46.8,181,Drizzle: Light,0,0,
40323,2021-06-21 21:49:00,40.67354,-73.78021,0,0,Unspecified,4429797,28.0,21.7,0.5,0.5,0.0,2.0,51,24.4,46.8,181,Drizzle: Light,0,0,
40324,2021-06-21 15:17:00,40.81056,-73.92627,0,0,Unspecified,4429636,28.0,21.7,0.5,0.5,0.0,2.0,51,24.4,46.8,181,Drizzle: Light,0,0,
40325,2021-06-19 14:00:00,40.647114,-73.94338,0,0,Unspecified,4430254,31.5,19.5,1.2,1.2,0.0,3.0,53,21.1,38.2,243,Drizzle: Moderate,0,0,
40326,2021-06-21 11:43:00,40.644215,-73.94308,1,0,Following Too Closely,4429567,28.0,21.7,0.5,0.5,0.0,2.0,51,24.4,46.8,181,Drizzle: Light,1,1,
40327,2021-06-21 11:30:00,40.755505,-73.96807,0,0,Following Too Closely,4429597,28.0,21.7,0.5,0.5,0.0,2.0,51,24.4,46.8,181,Drizzle: Light,0,0,
40328,2021-06-21 19:00:00,40.69169,-73.83898,0,0,Backing Unsafely,4430008,28.0,21.7,0.5,0.5,0.0,2.0,51,24.4,46.8,181,Drizzle: Light,0,0,
40329,2021-06-21 19:30:00,40.717995,-73.96094,1,0,Pedestrian/Bicyclist/Other Pedestrian Error/Confusion,4429929,28.0,21.7,0.5,0.5,0.0,2.0,51,24.4,46.8,181,Drizzle: Light,1,1,
40330,2021-06-21 21:45:00,40.741524,-73.78456,1,0,Driver Inattention/Distraction,4429958,28.0,21.7,0.5,0.5,0.0,2.0,51,24.4,46.8,181,Drizzle: Light,1,1,
40331,2021-06-21 10:08:00,40.668854,-73.89863,0,0,Unspecified,4429461,28.0,21.7,0.5,0.5,0.0,2.0,51,24.4,46.8,181,Drizzle: Light,0,0,
40332,2021-06-21 16:25:00,40.734974,-73.97987,0,0,Following Too Closely,4429710,28.0,21.7,0.5,0.5,0.0,2.0,51,24.4,46.8,181,Drizzle: Light,0,0,
40333,2021-06-21 12:50:00,40.72106,-73.74026,1,0,Failure to Yield Right-of-Way,4429527,28.0,21.7,0.5,0.5,0.0,2.0,51,24.4,46.8,181,Drizzle: Light,1,1,
40334,2021-06-21 16:14:00,40.71343,-73.780594,1,0,Driver Inattention/Distraction,4429818,28.0,21.7,0.5,0.5,0.0,2.0,51,24.4,46.8,181,Drizzle: Light,1,1,
40335,2021-06-21 05:07:00,40.85053,-73.905136,0,0,Unsafe Speed,4429423,28.0,21.7,0.5,0.5,0.0,2.0,51,24.4,46.8,181,Drizzle: Light,0,0,
40336,2021-06-21 20:06:00,40.68373,-73.75127,1,0,Unspecified,4429602,28.0,21.7,0.5,0.5,0.0,2.0,51,24.4,46.8,181,Drizzle: Light,1,1,
40337,2021-06-21 09:55:00,40.703613,-73.749565,1,0,Reaction to Uninvolved Vehicle,4429916,28.0,21.7,0.5,0.5,0.0,2.0,51,24.4,46.8,181,Drizzle: Light,1,1,
40338,2021-06-18 06:00:00,0.0,0.0,0,0,Passing or Lane Usage Improper,4430274,27.4,13.8,0.0,0.0,0.0,0.0,3,20.5,40.3,210,Overcast,0,0,
40339,2021-06-21 16:50:00,40.7487,-73.89617,1,0,Unspecified,4429759,28.0,21.7,0.5,0.5,0.0,2.0,51,24.4,46.8,181,Drizzle: Light,1,1,
40340,2021-06-21 16:35:00,40.79653,-73.97597,0,0,Following Too Closely,4429559,28.0,21.7,0.5,0.5,0.0,2.0,51,24.4,46.8,181,Drizzle: Light,0,0,
40341,2021-06-11 12:50:00,40.709476,-73.76393,4,0,Failure to Yield Right-of-Way,4430089,20.7,15.3,1.2,1.2,0.0,3.0,53,13.2,27.0,97,Drizzle: Moderate,4,4,
40342,2021-06-17 06:13:00,40.672447,-73.910484,0,0,Unspecified,4430059,23.9,12.1,0.0,0.0,0.0,0.0,3,13.4,27.4,311,Overcast,0,0,
40343,2021-06-21 21:56:00,40.674465,-73.84942,2,0,Driver Inattention/Distraction,4429644,28.0,21.7,0.5,0.5,0.0,2.0,51,24.4,46.8,181,Drizzle: Light,2,2,
40344,2021-06-21 20:10:00,40.837654,-73.89997,0,0,Passing Too Closely,4429624,28.0,21.7,0.5,0.5,0.0,2.0,51,24.4,46.8,181,Drizzle: Light,0,0,
40345,2021-06-20 03:00:00,40.69718,-73.84628,0,0,Unsafe Speed,4430012,28.7,17.3,0.3,0.3,0.0,2.0,51,19.5,40.0,212,Drizzle: Light,0,0,
40346,2021-05-30 23:40:00,40.76728,-73.99211,0,0,Unspecified,4430038,11.5,8.5,13.7,13.7,0.0,24.0,61,28.1,52.2,22,Rain: Light,0,0,
40347,2021-06-21 18:00:00,40.67968,-73.97826,2,0,Driver Inattention/Distraction,4429650,28.0,21.7,0.5,0.5,0.0,2.0,51,24.4,46.8,181,Drizzle: Light,2,2,
40348,2021-06-19 08:56:00,40.844917,-73.926384,0,0,Unsafe Lane Changing,4430282,31.5,19.5,1.2,1.2,0.0,3.0,53,21.1,38.2,243,Drizzle: Moderate,0,0,