,CRASH DATETIME,LATITUDE,LONGITUDE,NUMBER OF PERSONS INJURED,NUMBER OF PERSONS KILLED,CONTRIBUTING FACTOR VEHICLE 1,COLLISION_ID,temperature_2m_max,temperature_2m_min,precipitation_sum,rain_sum,snowfall_sum,precipitation_hours,weather_code,wind_speed_10m_max,wind_gusts_10m_max,wind_direction_10m_dominant,Weather Description,Severity_Score,Total_Affected_Persons,Weather_Category
40349,2021-06-21 15:15:00,40.57333,-74.117836,0,0,Driver Inattention/Distraction,4429554,28.0,21.7,0.5,0.5,0.0,2.0,51,24.4,46.8,181,Drizzle: Light,0,0,
40350,2021-06-21 03:50:00,40.651733,-73.93039,1,0,,4430213,28.0,21.7,0.5,0.5,0.0,2.0,51,24.4,46.8,181,Drizzle: Light,1,1,
40351,2021-06-21 13:30:00,40.862114,-73.91331,1,0,Backing Unsafely,4429505,28.0,21.7,0.5,0.5,0.0,2.0,51,24.4,46.8,181,Drizzle: Light,1,1,
40352,2021-06-21 18:30:00,40.700737,-73.99499,1,0,Passing or Lane Usage Improper,4430101,28.0,21.7,0.5,0.5,0.0,2.0,51,24.4,46.8,181,Drizzle: Light,1,1,
40353,2021-06-21 08:00:00,40.749004,-73.73079,0,0,Driver Inattention/Distraction,4429846,28.0,21.7,0.5,0.5,0.0,2.0,51,24.4,46.8,181,Drizzle: Light,0,0,
40354,2021-06-21 12:25:00,40.646057,-73.98006,1,0,Pedestrian/Bicyclist/Other Pedestrian Error/Confusion,4429970,28.0,21.7,0.5,0.5,0.0,2.0,51,24.4,46.8,181,Drizzle: Light,1,1,
40355,2021-06-21 01:30:00,40.660107,-73.924324,0,0,Driver Inattention/Distraction,4429575,28.0,21.7,0.5,0.5,0.0,2.0,51,24.4,46.8,181,Drizzle: Light,0,0,
40356,2021-06-21 15:00:00,40.793186,-73.94057,0,0,Failure to Yield Right-of-Way,4429665,28.0,21.7,0.5,0.5,0.0,2.0,51,24.4,46.8,181,Drizzle: Light,0,0,
40357,2021-06-21 12:00:00,40.683582,-73.922844,0,0,Unspecified,4429891,28.0,21.7,0.5,0.5,0.0,2.0,51,24.4,46.8,181,Drizzle: Light,0,0,
40358,2021-06-21 15:24:00,40.843212,-73.83894,0,0,Brakes Defective,4429740,28.0,21.7,0.5,0.5,0.0,2.0,51,24.4,46.8,181,Drizzle: Light,0,0,
40359,2021-06-21 11:45:00,40.687008,-73.82219,0,0,Passing Too Closely,4429500,28.0,21.7,0.5,0.5,0.0,2.0,51,24.4,46.8,181,Drizzle: Light,0,0,
40360,2021-06-21 06:54:00,40.752895,-73.98925,0,0,Driver Inattention/Distraction,4429376,28.0,21.7,0.5,0.5,0.0,2.0,51,24.4,46.8,181,Drizzle: Light,0,0,
40361,2021-06-21 22:03:00,40.74211,-73.78325,0,0,Driver Inattention/Distraction,4429605,28.0,21.7,0.5,0.5,0.0,2.0,51,24.4,46.8,181,Drizzle: Light,0,0,
40362,2021-06-19 03:25:00,40.54783,-74.13952,3,0,Failure to Yield Right-of-Way,4430166,31.5,19.5,1.2,1.2,0.0,3.0,53,21.1,38.2,243,Drizzle: Moderate,3,3,
40363,2021-06-21 17:31:00,40.596184,-74.00053,2,0,Following Too Closely,4429579,28.0,21.7,0.5,0.5,0.0,2.0,51,24.4,46.8,181,Drizzle: Light,2,2,
40364,2021-05-16 15:00:00,40.894222,-73.89651,0,0,Backing Unsafely,4430066,22.3,10.7,0.1,0.1,0.0,1.0,51,23.8,46.1,261,Drizzle: Light,0,0,
40365,2021-06-21 16:55:00,40.83801,-73.87329,0,0,Driver Inattention/Distraction,4430079,28.0,21.7,0.5,0.5,0.0,2.0,51,24.4,46.8,181,Drizzle: Light,0,0,
40366,2021-06-20 20:30:00,40.57281,-73.99916,0,0,Passing Too Closely,4430016,28.7,17.3,0.3,0.3,0.0,2.0,51,19.5,40.0,212,Drizzle: Light,0,0,
40367,2021-06-21 06:31:00,40.858753,-73.93161,0,0,Passing or Lane Usage Improper,4430128,28.0,21.7,0.5,0.5,0.0,2.0,51,24.4,46.8,181,Drizzle: Light,0,0,
40368,2021-06-21 05:45:00,40.780693,-73.80671,0,0,Failure to Yield Right-of-Way,4429615,28.0,21.7,0.5,0.5,0.0,2.0,51,24.4,46.8,181,Drizzle: Light,0,0,
40369,2021-06-17 12:58:00,40.76326,-73.9747,1,0,Driver Inattention/Distraction,4430032,23.9,12.1,0.0,0.0,0.0,0.0,3,13.4,27.4,311,Overcast,1,1,
40370,2021-06-21 07:40:00,40.818592,-73.90003,1,0,Other Vehicular,4430162,28.0,21.7,0.5,0.5,0.0,2.0,51,24.4,46.8,181,Drizzle: Light,1,1,
40371,2021-06-21 10:20:00,40.758427,-73.99264,0,0,Failure to Yield Right-of-Way,4429799,28.0,21.7,0.5,0.5,0.0,2.0,51,24.4,46.8,181,Drizzle: Light,0,0,
40372,2021-06-21 06:00:00,40.644215,-73.94306,0,0,Unspecified,4430208,28.0,21.7,0.5,0.5,0.0,2.0,51,24.4,46.8,181,Drizzle: Light,0,0,
40373,2021-06-21 09:30:00,40.712948,-73.85467,0,0,Failure to Yield Right-of-Way,4430278,28.0,21.7,0.5,0.5,0.0,2.0,51,24.4,46.8,181,Drizzle: Light,0,0,
40374,2021-06-21 09:18:00,40.586105,-74.09109,0,0,Unspecified,4429547,28.0,21.7,0.5,0.5,0.0,2.0,51,24.4,46.8,181,Drizzle: Light,0,0,
40375,2021-06-21 15:15:00,40.58588,-73.912704,0,0,Following Too Closely,4429873,28.0,21.7,0.5,0.5,0.0,2.0,51,24.4,46.8,181,Drizzle: Light,0,0,
40376,2021-06-21 18:30:00,40.773067,-73.93393,1,0,Unspecified,4430108,28.0,21.7,0.5,0.5,0.0,2.0,51,24.4,46.8,181,Drizzle: Light,1,1,
40377,2021-06-21 22:00:00,40.691456,-73.73092,0,0,Unspecified,4429777,28.0,21.7,0.5,0.5,0.0,2.0,51,24.4,46.8,181,Drizzle: Light,0,0,
40378,2021-06-21 12:10:00,40.714016,-73.7389,0,0,Passing or Lane Usage Improper,4429522,28.0,21.7,0.5,0.5,0.0,2.0,51,24.4,46.8,181,Drizzle: Light,0,0,
40379,2021-06-21 17:05:00,40.551598,-74.14901,0,0,Driver Inexperience,4429568,28.0,21.7,0.5,0.5,0.0,2.0,51,24.4,46.8,181,Drizzle: Light,0,0,
40380,2021-06-21 23:30:00,40.76329,-73.87705,2,0,Other Vehicular,4429994,28.0,21.7,0.5,0.5,0.0,2.0,51,24.4,46.8,181,Drizzle: Light,2,2,
40381,2021-06-21 08:53:00,40.636982,-74.004425,0,0,Unspecified,4429967,28.0,21.7,0.5,0.5,0.0,2.0,51,24.4,46.8,181,Drizzle: Light,0,0,
40382,2021-06-17 18:45:00,40.809692,-73.94213,0,0,Driver Inattention/Distraction,4430129,23.9,12.1,0.0,0.0,0.0,0.0,3,13.4,27.4,311,Overcast,0,0,
40383,2021-06-15 15:53:00,40.76155,-73.96659,0,0,Unspecified,4430215,25.1,17.4,1.0,1.0,0.0,4.0,53,17.7,33.8,295,Drizzle: Moderate,0,0,
40384,2021-06-14 13:30:00,40.68871,-73.95499,1,0,Passing Too Closely,4430019,21.4,17.5,21.7,21.7,0.0,11.0,65,21.1,48.6,154,Rain: Heavy,1,1,
40385,2021-06-21 14:50:00,40.68052,-73.97352,0,0,Passing or Lane Usage Improper,4429653,28.0,21.7,0.5,0.5,0.0,2.0,51,24.4,46.8,181,Drizzle: Light,0,0,
40386,2021-06-10 17:00:00,40.757378,-73.93884,0,0,Driver Inattention/Distraction,4430072,26.7,16.8,0.0,0.0,0.0,0.0,3,20.9,40.3,78,Overcast,0,0,
40387,2021-06-17 14:50:00,40.88424,-73.89767,0,0,Drugs (illegal),4430075,23.9,12.1,0.0,0.0,0.0,0.0,3,13.4,27.4,311,Overcast,0,0,
40388,2021-06-21 00:50:00,40.710262,-73.95802,1,0,Driver Inattention/Distraction,4429230,28.0,21.7,0.5,0.5,0.0,2.0,51,24.4,46.8,181,Drizzle: Light,1,1,
40389,2021-06-18 12:45:00,40.75169,-73.88562,3,0,Unspecified,4430192,27.4,13.8,0.0,0.0,0.0,0.0,3,20.5,40.3,210,Overcast,3,3,
40390,2021-06-21 00:00:00,40.7642,-73.9829,0,0,Other Vehicular,4429704,28.0,21.7,0.5,0.5,0.0,2.0,51,24.4,46.8,181,Drizzle: Light,0,0,
40391,2021-06-21 04:16:00,40.8166,-73.942764,2,0,Traffic Control Disregarded,4430124,28.0,21.7,0.5,0.5,0.0,2.0,51,24.4,46.8,181,Drizzle: Light,2,2,
40392,2021-06-21 21:22:00,40.662712,-73.99568,0,0,Failure to Yield Right-of-Way,4429611,28.0,21.7,0.5,0.5,0.0,2.0,51,24.4,46.8,181,Drizzle: Light,0,0,
40393,2021-06-19 10:20:00,40.72291,-73.80468,1,0,Driver Inattention/Distraction,4430002,31.5,19.5,1.2,1.2,0.0,3.0,53,21.1,38.2,243,Drizzle: Moderate,1,1,
40394,2021-06-21 10:00:00,40.821396,-73.92095,0,0,Following Too Closely,4429635,28.0,21.7,0.5,0.5,0.0,2.0,51,24.4,46.8,181,Drizzle: Light,0,0,
40395,2021-06-02 10:38:00,40.819397,-73.901436,0,0,Unspecified,4430154,22.4,13.0,0.0,0.0,0.0,0.0,3,16.7,34.9,176,Overcast,0,0,
40396,2021-06-21 12:15:00,40.672073,-73.91135,0,0,Turning Improperly,4429563,28.0,21.7,0.5,0.5,0.0,2.0,51,24.4,46.8,181,Drizzle: Light,0,0,
40397,2021-06-21 04:00:00,40.629368,-74.00876,0,0,Driver Inattention/Distraction,4429449,28.0,21.7,0.5,0.5,0.0,2.0,51,24.4,46.8,181,Drizzle: Light,0,0,
40398,2021-06-21 11:00:00,40.784904,-73.970566,0,0,Passing or Lane Usage Improper,4429859,28.0,21.7,0.5,0.5,0.0,2.0,51,24.4,46.8,181,Drizzle: Light,0,0,
40399,2021-06-21 22:30:00,40.693787,-73.81173,0,0,Following Too Closely,4430009,28.0,21.7,0.5,0.5,0.0,2.0,51,24.4,46.8,181,Drizzle: Light,0,0,
40400,2021-06-21 16:47:00,40.766235,-73.95633,1,0,Driver Inattention/Distraction,4429598,28.0,21.7,0.5,0.5,0.0,2.0,51,24.4,46.8,181,Drizzle: Light,1,1,
40401,2021-06-21 20:15:00,40.67826,-73.897934,0,0,Turning Improperly,4429588,28.0,21.7,0.5,0.5,0.0,2.0,51,24.4,46.8,181,Drizzle: Light,0,0,
40402,2021-06-21 22:00:00,40.772846,-73.95996,0,0,Accelerator Defective,4429944,28.0,21.7,0.5,0.5,0.0,2.0,51,24.4,46.8,181,Drizzle: Light,0,0,
40403,2021-06-21 02:20:00,40.819717,-73.94048,1,0,Unspecified,4430139,28.0,21.7,0.5,0.5,0.0,2.0,51,24.4,46.8,181,Drizzle: Light,1,1,
40404,2021-06-21 16:44:00,40.68708,-73.913895,0,0,Driver Inattention/Distraction,4429629,28.0,21.7,0.5,0.5,0.0,2.0,51,24.4,46.8,181,Drizzle: Light,0,0,
40405,2021-06-21 15:55:00,40.87662,-73.91056,1,0,Unspecified,4429660,28.0,21.7,0.5,0.5,0.0,2.0,51,24.4,46.8,181,Drizzle: Light,1,1,
40406,2021-06-18 14:55:00,40.753338,-73.92028,1,0,View Obstructed/Limited,4430097,27.4,13.8,0.0,0.0,0.0,0.0,3,20.5,40.3,210,Overcast,1,1,
40407,2021-06-19 01:05:00,40.695824,-73.8211,0,0,Following Too Closely,4430052,31.5,19.5,1.2,1.2,0.0,3.0,53,21.1,38.2,243,Drizzle: Moderate,0,0,
40408,2021-06-15 17:20:00,40.68115,-74.00458,0,0,Unspecified,4430305,25.1,17.4,1.0,1.0,0.0,4.0,53,17.7,33.8,295,Drizzle: Moderate,0,0,
40409,2021-06-21 15:35:00,40.895992,-73.86634,1,0,Driver Inattention/Distraction,4429681,28.0,21.7,0.5,0.5,0.0,2.0,51,24.4,46.8,181,Drizzle: Light,1,1,
40410,2021-06-21 04:00:00,40.755764,-73.834595,0,0,Failure to Keep Right,4429616,28.0,21.7,0.5,0.5,0.0,2.0,51,24.4,46.8,181,Drizzle: Light,0,0,
40411,2021-06-16 17:05:00,40.65855,-73.76616,1,0,View Obstructed/Limited,4430249,23.1,15.1,0.0,0.0,0.0,0.0,1,20.2,40.0,317,Mainly clear,1,1,Sunny/Clear Conditions
40412,2021-06-18 07:50:00,40.846592,-73.881065,1,0,Unspecified,4430034,27.4,13.8,0.0,0.0,0.0,0.0,3,20.5,40.3,210,Overcast,1,1,
40413,2021-06-20 07:00:00,40.612244,-74.10627,0,0,Driver Inattention/Distraction,4430044,28.7,17.3,0.3,0.3,0.0,2.0,51,19.5,40.0,212,Drizzle: Light,0,0,
40414,2021-06-19 00:50:00,40.869045,-73.90299,0,0,Alcohol Involvement,4430060,31.5,19.5,1.2,1.2,0.0,3.0,53,21.1,38.2,243,Drizzle: Moderate,0,0,
40415,2021-06-21 07:50:00,40.596325,-73.76673,0,0,Passing or Lane Usage Improper,4429646,28.0,21.7,0.5,0.5,0.0,2.0,51,24.4,46.8,181,Drizzle: Light,0,0,
40416,2022-06-25 05:50:00,40.63082,-73.88636,0,0,Unspecified,4543690,32.5,18.1,0.0,0.0,0.0,0.0,2,25.0,47.2,224,Partly cloudy,0,0,
40417,2022-07-03 00:00:00,40.68735,-73.973175,0,0,Unspecified,4543114,31.2,21.0,0.0,0.0,0.0,0.0,3,15.8,31.3,341,Overcast,0,0,
40418,2022-09-22 10:10:00,40.823254,-73.93892,0,0,Driver Inattention/Distraction,4567301,24.9,14.3,9.1,9.1,0.0,7.0,63,24.6,44.6,273,Rain: Moderate,0,0,
40419,2022-07-01 15:35:00,40.76099,-73.99077,2,0,Unspecified,4543741,33.7,20.2,0.1,0.1,0.0,1.0,51,32.3,58.0,215,Drizzle: Light,2,2,
40420,2022-07-03 00:00:00,40.85192,-73.89694,1,0,Driver Inattention/Distraction,4543201,31.2,21.0,0.0,0.0,0.0,0.0,3,15.8,31.3,341,Overcast,1,1,
40421,2022-07-02 19:25:00,40.8612,-73.93497,2,0,Driver Inattention/Distraction,4543583,30.8,23.1,4.0,4.0,0.0,5.0,61,19.4,40.0,229,Rain: Light,2,2,
40422,2022-07-03 14:20:00,40.825798,-73.88972,0,0,Unspecified,4543614,31.2,21.0,0.0,0.0,0.0,0.0,3,15.8,31.3,341,Overcast,0,0,
40423,2022-07-02 03:00:00,40.66852,-73.890175,0,0,Unsafe Speed,4543796,30.8,23.1,4.0,4.0,0.0,5.0,61,19.4,40.0,229,Rain: Light,0,0,
40424,2022-07-03 12:00:00,40.678425,-73.92744,0,0,Unsafe Speed,4542966,31.2,21.0,0.0,0.0,0.0,0.0,3,15.8,31.3,341,Overcast,0,0,
40425,2022-07-03 14:00:00,40.71982,-73.94863,0,0,Passing Too Closely,4543020,31.2,21.0,0.0,0.0,0.0,0.0,3,15.8,31.3,341,Overcast,0,0,
40426,2022-06-26 15:22:00,40.830242,-73.9497,2,0,Failure to Yield Right-of-Way,4543521,30.8,19.9,0.0,0.0,0.0,0.0,3,30.9,55.8,188,Overcast,2,2,
40427,2022-07-03 19:00:00,40.659706,-73.743546,1,0,Failure to Yield Right-of-Way,4543339,31.2,21.0,0.0,0.0,0.0,0.0,3,15.8,31.3,341,Overcast,1,1,
40428,2022-07-01 18:10:00,40.66645,-73.89642,0,0,Driver Inattention/Distraction,4543791,33.7,20.2,0.1,0.1,0.0,1.0,51,32.3,58.0,215,Drizzle: Light,0,0,
40429,2022-07-03 04:38:00,40.69457,-73.78871,0,0,Driver Inattention/Distraction,4543145,31.2,21.0,0.0,0.0,0.0,0.0,3,15.8,31.3,341,Overcast,0,0,
40430,2022-07-01 21:00:00,40.705425,-73.78258,0,0,Driver Inattention/Distraction,4543567,33.7,20.2,0.1,0.1,0.0,1.0,51,32.3,58.0,215,Drizzle: Light,0,0,
40431,2022-07-03 04:29:00,40.643158,-73.91796,0,0,Backing Unsafely,4542938,31.2,21.0,0.0,0.0,0.0,0.0,3,15.8,31.3,341,Overcast,0,0,
40432,2022-06-25 21:50:00,40.756985,-73.987144,0,0,Aggressive Driving/Road Rage,4543484,32.5,18.1,0.0,0.0,0.0,0.0,2,25.0,47.2,224,Partly cloudy,0,0,
40433,2022-06-30 02:10:00,40.757732,-73.99686,0,0,Traffic Control Disregarded,4543527,31.2,17.3,0.0,0.0,0.0,0.0,2,19.1,37.4,274,Partly cloudy,0,0,
40434,2022-07-03 19:35:00,40.68039,-73.974625,0,0,Unspecified,4543007,31.2,21.0,0.0,0.0,0.0,0.0,3,15.8,31.3,341,Overcast,0,0,
40435,2022-07-03 01:54:00,40.852325,-73.86379,0,0,Driver Inattention/Distraction,4543286,31.2,21.0,0.0,0.0,0.0,0.0,3,15.8,31.3,341,Overcast,0,0,
40436,2022-06-18 06:29:00,40.680367,-73.92226,1,0,Unspecified,4543632,21.6,15.3,0.0,0.0,0.0,0.0,3,30.9,59.4,320,Overcast,1,1,
40437,2022-07-02 12:30:00,40.68319,-73.814644,0,0,Aggressive Driving/Road Rage,4543702,30.8,23.1,4.0,4.0,0.0,5.0,61,19.4,40.0,229,Rain: Light,0,0,
40438,2022-07-01 22:28:00,40.647163,-74.08811,4,0,Physical Disability,4543578,33.7,20.2,0.1,0.1,0.0,1.0,51,32.3,58.0,215,Drizzle: Light,4,4,
40439,2022-07-03 03:14:00,40.750977,-73.934746,1,0,Driver Inattention/Distraction,4543126,31.2,21.0,0.0,0.0,0.0,0.0,3,15.8,31.3,341,Overcast,1,1,
40440,2022-07-03 21:04:00,40.862717,-73.9023,1,0,Driver Inattention/Distraction,4543300,31.2,21.0,0.0,0.0,0.0,0.0,3,15.8,31.3,341,Overcast,1,1,
40441,2022-07-01 19:50:00,40.66893,-73.8665,0,0,Failure to Yield Right-of-Way,4543769,33.7,20.2,0.1,0.1,0.0,1.0,51,32.3,58.0,215,Drizzle: Light,0,0,
40442,2022-06-20 18:30:00,40.59213,-73.788956,0,0,Following Too Closely,4543622,26.5,12.9,0.0,0.0,0.0,0.0,3,18.4,31.7,308,Overcast,0,0,
40443,2022-06-19 18:00:00,40.826427,-73.950455,1,0,Driver Inattention/Distraction,4543517,22.4,12.4,0.0,0.0,0.0,0.0,3,30.3,58.7,324,Overcast,1,1,
40444,2022-07-03 08:17:00,40.70153,-73.92314,0,0,Passing Too Closely,4542877,31.2,21.0,0.0,0.0,0.0,0.0,3,15.8,31.3,341,Overcast,0,0,
40445,2022-07-01 22:00:00,40.64384,-74.08308,0,0,Unspecified,4543561,33.7,20.2,0.1,0.1,0.0,1.0,51,32.3,58.0,215,Drizzle: Light,0,0,
40446,2022-07-03 12:00:00,40.731205,-73.76454,0,0,Reaction to Uninvolved Vehicle,4543098,31.2,21.0,0.0,0.0,0.0,0.0,3,15.8,31.3,341,Overcast,0,0,
40447,2022-07-01 13:10:00,40.67864,-73.97352,0,0,Failure to Yield Right-of-Way,4543532,33.7,20.2,0.1,0.1,0.0,1.0,51,32.3,58.0,215,Drizzle: Light,0,0,
40448,2022-07-01 19:15:00,40.749687,-73.99344,0,0,Pedestrian/Bicyclist/Other Pedestrian Error/Confusion,4543496,33.7,20.2,0.1,0.1,0.0,1.0,51,32.3,58.0,215,Drizzle: Light,0,0,
40449,2022-07-03 15:00:00,40.82226,-73.84564,0,0,Backing Unsafely,4543371,31.2,21.0,0.0,0.0,0.0,0.0,3,15.8,31.3,341,Overcast,0,0,
40450,2022-06-19 00:05:00,40.582687,-73.98627,0,0,Driver Inattention/Distraction,4543714,22.4,12.4,0.0,0.0,0.0,0.0,3,30.3,58.7,324,Overcast,0,0,
40451,2022-07-03 13:29:00,40.893856,-73.896065,2,0,Pedestrian/Bicyclist/Other Pedestrian Error/Confusion,4543466,31.2,21.0,0.0,0.0,0.0,0.0,3,15.8,31.3,341,Overcast,2,2,
40452,2022-01-07 16:35:00,40.745968,-73.9923,0,0,Backing Unsafely,4493281,-0.0,-5.7,9.0,0.0,6.3,11.0,75,26.8,48.6,313,Snow fall: Heavy,0,0,Snowy Conditions
40453,2021-03-27 21:12:00,40.888596,-73.89068,0,1,Unspecified,4403290,17.8,6.8,0.0,0.0,0.0,0.0,3,21.8,43.2,253,Overcast,20,1,
40454,2021-05-27 17:48:00,40.609642,-74.014946,1,0,Unspecified,4423321,27.4,18.3,2.4,2.4,0.0,3.0,61,23.5,42.1,313,Rain: Light,1,1,
40455,2021-10-26 21:31:00,40.769394,-73.90998,2,0,Unsafe Lane Changing,4471335,16.9,13.8,84.5,84.5,0.0,17.0,65,28.7,53.6,87,Rain: Heavy,2,2,
40456,2021-11-11 13:40:00,40.722916,-73.73151,0,0,Failure to Yield Right-of-Way,4476431,15.0,4.2,0.3,0.3,0.0,2.0,51,22.6,38.2,85,Drizzle: Light,0,0,
40457,2021-12-17 13:34:00,40.667477,-73.95623,2,0,Traffic Control Disregarded,4487304,13.9,6.1,0.0,0.0,0.0,0.0,3,21.5,37.1,265,Overcast,2,2,
40458,2021-12-16 23:33:00,40.84954,-73.93641,1,0,Unsafe Lane Changing,4488726,14.6,9.9,0.0,0.0,0.0,0.0,3,22.4,38.5,222,Overcast,1,1,
40459,2021-12-27 08:27:00,40.783897,-73.97407,0,0,Driver Inexperience,4490276,2.7,-1.4,2.1,0.8,0.91,5.0,73,13.5,23.0,10,Snow fall: Moderate,0,0,Snowy Conditions
40460,2021-12-31 16:30:00,40.667915,-73.77523,0,0,Unspecified,4491090,11.1,7.1,2.7,2.7,0.0,5.0,55,14.9,29.2,193,Drizzle: Dense,0,0,
40461,2022-01-01 04:35:00,40.775707,-73.84633,0,0,Unspecified,4491151,11.7,7.5,19.4,19.4,0.0,19.0,63,13.9,22.3,161,Rain: Moderate,0,0,
40462,2022-01-02 04:25:00,40.69875,-73.9834,0,0,Failure to Yield Right-of-Way,4491385,13.1,2.7,16.0,16.0,0.0,8.0,65,25.1,52.6,318,Rain: Heavy,0,0,
40463,2022-01-07 03:09:00,40.600735,-73.98218,0,0,Alcohol Involvement,4493360,-0.0,-5.7,9.0,0.0,6.3,11.0,75,26.8,48.6,313,Snow fall: Heavy,0,0,Snowy Conditions
40464,2016-06-02 07:28:00,40.633427,-73.95298,1,0,Unspecified,3456194,23.7,15.3,0.0,0.0,0.0,0.0,3,14.0,30.2,103,Overcast,1,1,
40465,2022-01-07 13:50:00,40.602192,-73.75523,0,0,Passing Too Closely,4493347,-0.0,-5.7,9.0,0.0,6.3,11.0,75,26.8,48.6,313,Snow fall: Heavy,0,0,Snowy Conditions
40466,2022-01-04 07:00:00,40.77074,-73.99455,0,0,Driver Inattention/Distraction,4493353,0.7,-6.7,0.0,0.0,0.0,0.0,3,20.0,36.4,287,Overcast,0,0,
40467,2022-01-07 10:44:00,40.592735,-73.76405,0,0,Unsafe Speed,4493355,-0.0,-5.7,9.0,0.0,6.3,11.0,75,26.8,48.6,313,Snow fall: Heavy,0,0,Snowy Conditions
40468,2022-06-29 11:28:00,40.591537,-73.78959,0,0,Passing Too Closely,4543623,29.0,17.7,0.0,0.0,0.0,0.0,3,27.2,51.5,195,Overcast,0,0,
40469,2022-02-20 15:50:00,40.817593,-73.816376,1,0,Unspecified,4504420,2.4,-6.6,0.0,0.0,0.0,0.0,3,23.4,44.3,250,Overcast,1,1,
40470,2022-02-19 16:28:00,40.89029,-73.85782,1,0,Backing Unsafely,4504914,3.3,-5.5,0.4,0.0,0.28,4.0,71,35.3,64.4,260,Snow fall: Light,1,1,Snowy Conditions
40471,2022-02-20 15:21:00,40.86789,-73.88279,0,0,Driver Inattention/Distraction,4504727,2.4,-6.6,0.0,0.0,0.0,0.0,3,23.4,44.3,250,Overcast,0,0,
40472,2022-02-19 23:35:00,40.7828,-73.947685,0,0,Unspecified,4504863,3.3,-5.5,0.4,0.0,0.28,4.0,71,35.3,64.4,260,Snow fall: Light,0,0,Snowy Conditions
40473,2022-07-03 06:35:00,40.736668,-73.90279,1,0,Driver Inattention/Distraction,4543177,31.2,21.0,0.0,0.0,0.0,0.0,3,15.8,31.3,341,Overcast,1,1,
40474,2022-06-30 10:25:00,40.58464,-73.96017,0,0,Unsafe Lane Changing,4543604,31.2,17.3,0.0,0.0,0.0,0.0,2,19.1,37.4,274,Partly cloudy,0,0,
40475,2022-07-03 15:17:00,40.620247,-74.13793,1,0,Unspecified,4543299,31.2,21.0,0.0,0.0,0.0,0.0,3,15.8,31.3,341,Overcast,1,1,
40476,2022-06-28 12:45:00,40.848625,-73.92753,0,0,Driver Inattention/Distraction,4543540,27.5,19.1,0.0,0.0,0.0,0.0,3,14.4,28.4,334,Overcast,0,0,
40477,2022-07-03 05:00:00,40.619217,-74.160355,0,0,Driver Inattention/Distraction,4542888,31.2,21.0,0.0,0.0,0.0,0.0,3,15.8,31.3,341,Overcast,0,0,
40478,2022-01-07 14:44:00,40.843822,-73.9275,0,0,Reaction to Uninvolved Vehicle,4493086,-0.0,-5.7,9.0,0.0,6.3,11.0,75,26.8,48.6,313,Snow fall: Heavy,0,0,Snowy Conditions
40479,2022-01-05 16:45:00,40.754505,-73.965706,0,0,Driver Inattention/Distraction,4492237,6.9,-2.1,0.5,0.5,0.0,4.0,51,21.8,38.2,216,Drizzle: Light,0,0,
40480,2022-01-06 23:19:00,40.58381,-73.96938,0,0,Unspecified,4493063,4.1,-0.7,0.0,0.0,0.0,0.0,3,20.2,38.2,269,Overcast,0,0,
40481,2022-01-06 16:14:00,40.72714,-73.792305,0,0,Alcohol Involvement,4492703,4.1,-0.7,0.0,0.0,0.0,0.0,3,20.2,38.2,269,Overcast,0,0,
40482,2022-01-05 15:24:00,40.865475,-73.85774,1,0,Failure to Yield Right-of-Way,4492375,6.9,-2.1,0.5,0.5,0.0,4.0,51,21.8,38.2,216,Drizzle: Light,1,1,
40483,2022-01-05 14:30:00,40.657497,-73.83947,0,0,Turning Improperly,4492295,6.9,-2.1,0.5,0.5,0.0,4.0,51,21.8,38.2,216,Drizzle: Light,0,0,
40484,2021-12-30 09:00:00,40.765015,-73.98484,0,0,Passing or Lane Usage Improper,4492822,8.3,5.0,1.8,1.8,0.0,7.0,53,9.9,17.6,22,Drizzle: Moderate,0,0,
40485,2022-01-07 07:10:00,40.802086,-73.93701,0,0,Driver Inexperience,4492671,-0.0,-5.7,9.0,0.0,6.3,11.0,75,26.8,48.6,313,Snow fall: Heavy,0,0,Snowy Conditions
40486,2022-01-07 08:00:00,40.847355,-73.93518,1,0,Driver Inattention/Distraction,4493060,-0.0,-5.7,9.0,0.0,6.3,11.0,75,26.8,48.6,313,Snow fall: Heavy,1,1,Snowy Conditions
40487,2022-01-05 20:18:00,40.70568,-73.77114,0,0,Traffic Control Disregarded,4492579,6.9,-2.1,0.5,0.5,0.0,4.0,51,21.8,38.2,216,Drizzle: Light,0,0,
40488,2022-01-06 19:15:00,40.67819,-73.80144,0,0,Passing or Lane Usage Improper,4492809,4.1,-0.7,0.0,0.0,0.0,0.0,3,20.2,38.2,269,Overcast,0,0,
40489,2022-01-06 08:00:00,40.711422,-73.95954,0,0,Driver Inattention/Distraction,4492562,4.1,-0.7,0.0,0.0,0.0,0.0,3,20.2,38.2,269,Overcast,0,0,
40490,2022-01-05 00:20:00,40.703632,-73.85587,0,0,Pavement Slippery,4492004,6.9,-2.1,0.5,0.5,0.0,4.0,51,21.8,38.2,216,Drizzle: Light,0,0,
40491,2022-01-06 13:00:00,40.738228,-73.98782,0,0,Passing Too Closely,4492953,4.1,-0.7,0.0,0.0,0.0,0.0,3,20.2,38.2,269,Overcast,0,0,
40492,2022-01-02 15:27:00,40.68178,-73.98192,0,0,Passing Too Closely,4493113,13.1,2.7,16.0,16.0,0.0,8.0,65,25.1,52.6,318,Rain: Heavy,0,0,