,CRASH DATETIME,LATITUDE,LONGITUDE,NUMBER OF PERSONS INJURED,NUMBER OF PERSONS KILLED,CONTRIBUTING FACTOR VEHICLE 1,COLLISION_ID,temperature_2m_max,temperature_2m_min,precipitation_sum,rain_sum,snowfall_sum,precipitation_hours,weather_code,wind_speed_10m_max,wind_gusts_10m_max,wind_direction_10m_dominant,Weather Description,Severity_Score,Total_Affected_Persons,Weather_Category
40493,2022-01-05 05:46:00,40.86287,-73.934784,0,0,Pavement Slippery,4492270,6.9,-2.1,0.5,0.5,0.0,4.0,51,21.8,38.2,216,Drizzle: Light,0,0,
40494,2022-01-07 16:31:00,40.781406,-73.778175,1,0,Backing Unsafely,4492826,-0.0,-5.7,9.0,0.0,6.3,11.0,75,26.8,48.6,313,Snow fall: Heavy,1,1,Snowy Conditions
40495,2022-01-04 04:25:00,40.689445,-73.95513,0,0,Fell Asleep,4492746,0.7,-6.7,0.0,0.0,0.0,0.0,3,20.0,36.4,287,Overcast,0,0,
40496,2022-01-06 07:00:00,40.665863,-73.86478,0,0,Driver Inexperience,4492451,4.1,-0.7,0.0,0.0,0.0,0.0,3,20.2,38.2,269,Overcast,0,0,
40497,2022-01-05 16:04:00,40.603245,-73.95214,2,0,Driver Inattention/Distraction,4492886,6.9,-2.1,0.5,0.5,0.0,4.0,51,21.8,38.2,216,Drizzle: Light,2,2,
40498,2022-01-06 09:17:00,40.617252,-74.00703,0,0,Driver Inattention/Distraction,4492994,4.1,-0.7,0.0,0.0,0.0,0.0,3,20.2,38.2,269,Overcast,0,0,
40499,2022-01-05 13:32:00,40.785805,-73.942856,0,0,Unsafe Lane Changing,4492328,6.9,-2.1,0.5,0.5,0.0,4.0,51,21.8,38.2,216,Drizzle: Light,0,0,
40500,2022-01-06 09:00:00,40.760254,-73.88717,0,0,Unspecified,4493150,4.1,-0.7,0.0,0.0,0.0,0.0,3,20.2,38.2,269,Overcast,0,0,
40501,2022-01-05 23:40:00,40.542427,-74.14591,0,0,Pavement Defective,4492613,6.9,-2.1,0.5,0.5,0.0,4.0,51,21.8,38.2,216,Drizzle: Light,0,0,
40502,2022-01-05 10:15:00,40.853462,-73.88939,0,0,View Obstructed/Limited,4492646,6.9,-2.1,0.5,0.5,0.0,4.0,51,21.8,38.2,216,Drizzle: Light,0,0,
40503,2022-01-07 06:00:00,40.816868,-73.91639,1,0,Pavement Slippery,4493312,-0.0,-5.7,9.0,0.0,6.3,11.0,75,26.8,48.6,313,Snow fall: Heavy,1,1,Snowy Conditions
40504,2022-01-05 00:15:00,40.703632,-73.85587,2,0,Pavement Slippery,4492042,6.9,-2.1,0.5,0.5,0.0,4.0,51,21.8,38.2,216,Drizzle: Light,2,2,
40505,2022-01-07 13:53:00,40.845024,-73.92632,1,0,Pavement Slippery,4492790,-0.0,-5.7,9.0,0.0,6.3,11.0,75,26.8,48.6,313,Snow fall: Heavy,1,1,Snowy Conditions
40506,2022-01-05 17:14:00,40.76432,-73.9772,0,0,Driver Inattention/Distraction,4492334,6.9,-2.1,0.5,0.5,0.0,4.0,51,21.8,38.2,216,Drizzle: Light,0,0,
40507,2022-01-05 08:50:00,40.62305,-74.02114,0,0,Pavement Slippery,4492576,6.9,-2.1,0.5,0.5,0.0,4.0,51,21.8,38.2,216,Drizzle: Light,0,0,
40508,2022-01-07 14:12:00,40.636024,-73.89506,3,0,Failure to Yield Right-of-Way,4492717,-0.0,-5.7,9.0,0.0,6.3,11.0,75,26.8,48.6,313,Snow fall: Heavy,3,3,Snowy Conditions
40509,2022-01-04 00:45:00,40.69365,-73.98333,0,0,Unspecified,4492780,0.7,-6.7,0.0,0.0,0.0,0.0,3,20.0,36.4,287,Overcast,0,0,
40510,2022-01-05 14:30:00,40.77242,-73.97873,0,0,Passing Too Closely,4492872,6.9,-2.1,0.5,0.5,0.0,4.0,51,21.8,38.2,216,Drizzle: Light,0,0,
40511,2022-01-05 07:43:00,40.841133,-73.924,0,0,Backing Unsafely,4493036,6.9,-2.1,0.5,0.5,0.0,4.0,51,21.8,38.2,216,Drizzle: Light,0,0,
40512,2022-01-07 06:15:00,40.733116,-73.87058,0,0,Driver Inattention/Distraction,4492604,-0.0,-5.7,9.0,0.0,6.3,11.0,75,26.8,48.6,313,Snow fall: Heavy,0,0,Snowy Conditions
40513,2022-01-07 23:45:00,40.758846,-73.996056,0,0,Driver Inexperience,4493129,-0.0,-5.7,9.0,0.0,6.3,11.0,75,26.8,48.6,313,Snow fall: Heavy,0,0,Snowy Conditions
40514,2022-01-06 01:42:00,40.63082,-73.88636,0,0,Backing Unsafely,4492511,4.1,-0.7,0.0,0.0,0.0,0.0,3,20.2,38.2,269,Overcast,0,0,
40515,2022-01-04 17:45:00,40.65768,-73.925415,1,0,,4493014,0.7,-6.7,0.0,0.0,0.0,0.0,3,20.0,36.4,287,Overcast,1,1,
40516,2022-01-05 05:55:00,40.828842,-73.84035,1,0,Pavement Slippery,4492051,6.9,-2.1,0.5,0.5,0.0,4.0,51,21.8,38.2,216,Drizzle: Light,1,1,
40517,2022-01-01 17:58:00,40.710243,-73.9584,2,0,Failure to Yield Right-of-Way,4492722,11.7,7.5,19.4,19.4,0.0,19.0,63,13.9,22.3,161,Rain: Moderate,2,2,
40518,2022-01-05 06:00:00,40.88599,-73.82792,0,0,Pavement Slippery,4492215,6.9,-2.1,0.5,0.5,0.0,4.0,51,21.8,38.2,216,Drizzle: Light,0,0,
40519,2021-12-17 16:00:00,40.601707,-74.08025,3,0,Failure to Yield Right-of-Way,4492905,13.9,6.1,0.0,0.0,0.0,0.0,3,21.5,37.1,265,Overcast,3,3,
40520,2022-01-07 12:09:00,40.83575,-73.90218,0,0,Backing Unsafely,4492944,-0.0,-5.7,9.0,0.0,6.3,11.0,75,26.8,48.6,313,Snow fall: Heavy,0,0,Snowy Conditions
40521,2022-01-06 08:10:00,40.673298,-74.00835,0,0,Unspecified,4492391,4.1,-0.7,0.0,0.0,0.0,0.0,3,20.2,38.2,269,Overcast,0,0,
40522,2022-01-01 20:26:00,40.68603,-73.93268,0,0,Traffic Control Disregarded,4492859,11.7,7.5,19.4,19.4,0.0,19.0,63,13.9,22.3,161,Rain: Moderate,0,0,
40523,2022-01-04 23:55:00,40.76169,-73.89689,0,0,Unspecified,4492813,0.7,-6.7,0.0,0.0,0.0,0.0,3,20.0,36.4,287,Overcast,0,0,
40524,2022-01-07 17:24:00,40.77369,-73.741875,0,0,Unspecified,4493173,-0.0,-5.7,9.0,0.0,6.3,11.0,75,26.8,48.6,313,Snow fall: Heavy,0,0,Snowy Conditions
40525,2022-01-06 16:00:00,40.848778,-73.8579,0,0,Driver Inattention/Distraction,4493332,4.1,-0.7,0.0,0.0,0.0,0.0,3,20.2,38.2,269,Overcast,0,0,
40526,2022-01-07 06:15:00,40.764988,-73.82067,0,0,Pavement Slippery,4492678,-0.0,-5.7,9.0,0.0,6.3,11.0,75,26.8,48.6,313,Snow fall: Heavy,0,0,Snowy Conditions
40527,2022-01-01 21:09:00,40.67715,-73.92559,0,0,Unspecified,4492922,11.7,7.5,19.4,19.4,0.0,19.0,63,13.9,22.3,161,Rain: Moderate,0,0,
40528,2022-01-06 07:45:00,40.595203,-73.75603,0,0,Unsafe Lane Changing,4492424,4.1,-0.7,0.0,0.0,0.0,0.0,3,20.2,38.2,269,Overcast,0,0,
40529,2021-12-11 02:00:00,40.68037,-73.98654,0,0,Unspecified,4493120,17.3,5.0,8.1,8.1,0.0,5.0,63,35.0,67.0,206,Rain: Moderate,0,0,
40530,2022-01-05 15:00:00,40.863163,-73.8942,0,0,Turning Improperly,4492460,6.9,-2.1,0.5,0.5,0.0,4.0,51,21.8,38.2,216,Drizzle: Light,0,0,
40531,2022-01-06 14:10:00,40.685463,-73.9506,0,0,Traffic Control Disregarded,4492742,4.1,-0.7,0.0,0.0,0.0,0.0,3,20.2,38.2,269,Overcast,0,0,
40532,2022-01-06 01:07:00,40.743294,-73.97989,1,0,Driver Inattention/Distraction,4492484,4.1,-0.7,0.0,0.0,0.0,0.0,3,20.2,38.2,269,Overcast,1,1,
40533,2022-01-05 09:42:00,40.722576,-73.94049,0,0,Unspecified,4492174,6.9,-2.1,0.5,0.5,0.0,4.0,51,21.8,38.2,216,Drizzle: Light,0,0,
40534,2022-01-06 15:20:00,40.89588,-73.85715,0,0,Driver Inattention/Distraction,4493190,4.1,-0.7,0.0,0.0,0.0,0.0,3,20.2,38.2,269,Overcast,0,0,
40535,2022-01-07 03:59:00,40.669865,-73.95051,0,0,Driver Inattention/Distraction,4492755,-0.0,-5.7,9.0,0.0,6.3,11.0,75,26.8,48.6,313,Snow fall: Heavy,0,0,Snowy Conditions
40536,2022-01-05 08:48:00,40.67794,-73.8023,1,0,Traffic Control Disregarded,4492111,6.9,-2.1,0.5,0.5,0.0,4.0,51,21.8,38.2,216,Drizzle: Light,1,1,
40537,2022-01-06 16:09:00,0.0,0.0,1,0,Unspecified,4492626,4.1,-0.7,0.0,0.0,0.0,0.0,3,20.2,38.2,269,Overcast,1,1,
40538,2022-01-06 10:00:00,40.730373,-73.73761,0,0,Failure to Yield Right-of-Way,4492639,4.1,-0.7,0.0,0.0,0.0,0.0,3,20.2,38.2,269,Overcast,0,0,
40539,2022-01-07 07:51:00,40.625683,-73.93344,0,0,Pavement Slippery,4492658,-0.0,-5.7,9.0,0.0,6.3,11.0,75,26.8,48.6,313,Snow fall: Heavy,0,0,Snowy Conditions
40540,2022-01-06 18:58:00,40.60205,-74.01334,0,0,Unspecified,4492972,4.1,-0.7,0.0,0.0,0.0,0.0,3,20.2,38.2,269,Overcast,0,0,
40541,2022-01-07 16:41:00,40.74128,-73.90257,1,0,Driver Inattention/Distraction,4492775,-0.0,-5.7,9.0,0.0,6.3,11.0,75,26.8,48.6,313,Snow fall: Heavy,1,1,Snowy Conditions
40542,2022-01-05 08:00:00,40.77417,-73.82934,0,0,Failure to Yield Right-of-Way,4492158,6.9,-2.1,0.5,0.5,0.0,4.0,51,21.8,38.2,216,Drizzle: Light,0,0,
40543,2022-01-05 09:45:00,40.698566,-73.769585,0,0,Failure to Yield Right-of-Way,4492114,6.9,-2.1,0.5,0.5,0.0,4.0,51,21.8,38.2,216,Drizzle: Light,0,0,
40544,2021-01-08 19:18:00,40.587402,-73.991615,2,0,Other Vehicular,4493093,5.2,-3.8,0.0,0.0,0.0,0.0,3,21.6,37.8,352,Overcast,2,2,
40545,2022-01-06 23:00:00,40.840836,-73.87258,0,0,Following Too Closely,4492727,4.1,-0.7,0.0,0.0,0.0,0.0,3,20.2,38.2,269,Overcast,0,0,
40546,2022-01-05 15:45:00,40.689102,-73.94507,0,0,View Obstructed/Limited,4492207,6.9,-2.1,0.5,0.5,0.0,4.0,51,21.8,38.2,216,Drizzle: Light,0,0,
40547,2021-12-16 15:55:00,40.679337,-73.94405,0,0,Driver Inexperience,4493242,14.6,9.9,0.0,0.0,0.0,0.0,3,22.4,38.5,222,Overcast,0,0,
40548,2022-01-05 05:30:00,40.735504,-73.95264,0,0,Pavement Slippery,4492068,6.9,-2.1,0.5,0.5,0.0,4.0,51,21.8,38.2,216,Drizzle: Light,0,0,
40549,2022-01-06 13:45:00,40.762276,-73.926056,0,0,Driver Inattention/Distraction,4492978,4.1,-0.7,0.0,0.0,0.0,0.0,3,20.2,38.2,269,Overcast,0,0,
40550,2022-01-06 17:18:00,40.898895,-73.85392,0,0,Backing Unsafely,4493212,4.1,-0.7,0.0,0.0,0.0,0.0,3,20.2,38.2,269,Overcast,0,0,
40551,2022-01-07 00:30:00,40.87626,-73.90395,0,0,Pavement Slippery,4492864,-0.0,-5.7,9.0,0.0,6.3,11.0,75,26.8,48.6,313,Snow fall: Heavy,0,0,Snowy Conditions
40552,2022-01-05 06:37:00,40.62826,-73.99915,0,0,Pavement Slippery,4492318,6.9,-2.1,0.5,0.5,0.0,4.0,51,21.8,38.2,216,Drizzle: Light,0,0,
40553,2022-01-07 00:10:00,40.733524,-73.989876,0,0,Driver Inattention/Distraction,4493001,-0.0,-5.7,9.0,0.0,6.3,11.0,75,26.8,48.6,313,Snow fall: Heavy,0,0,Snowy Conditions
40554,2021-12-27 17:45:00,40.73482,-73.86686,0,0,Unspecified,4493047,2.7,-1.4,2.1,0.8,0.91,5.0,73,13.5,23.0,10,Snow fall: Moderate,0,0,Snowy Conditions
40555,2022-01-07 03:14:00,40.640472,-74.09521,1,0,Pavement Slippery,4493180,-0.0,-5.7,9.0,0.0,6.3,11.0,75,26.8,48.6,313,Snow fall: Heavy,1,1,Snowy Conditions
40556,2022-01-02 19:00:00,40.832916,-73.92939,0,0,Unspecified,4493343,13.1,2.7,16.0,16.0,0.0,8.0,65,25.1,52.6,318,Rain: Heavy,0,0,
40557,2022-01-05 11:29:00,40.739388,-73.87121,0,0,Unspecified,4492342,6.9,-2.1,0.5,0.5,0.0,4.0,51,21.8,38.2,216,Drizzle: Light,0,0,
40558,2021-12-06 14:20:00,40.73083,-73.94443,0,0,Backing Unsafely,4492682,16.3,7.7,6.3,6.3,0.0,10.0,61,35.1,65.5,201,Rain: Light,0,0,
40559,2022-01-06 22:50:00,40.814972,-73.883446,1,0,View Obstructed/Limited,4492695,4.1,-0.7,0.0,0.0,0.0,0.0,3,20.2,38.2,269,Overcast,1,1,
40560,2022-01-06 00:00:00,40.742252,-73.97769,0,0,Driver Inattention/Distraction,4492504,4.1,-0.7,0.0,0.0,0.0,0.0,3,20.2,38.2,269,Overcast,0,0,
40561,2022-01-05 16:37:00,40.789528,-73.820435,2,0,Unsafe Lane Changing,4492927,6.9,-2.1,0.5,0.5,0.0,4.0,51,21.8,38.2,216,Drizzle: Light,2,2,
40562,2021-12-16 16:30:00,40.676468,-73.91301,0,0,Unspecified,4492801,14.6,9.9,0.0,0.0,0.0,0.0,3,22.4,38.5,222,Overcast,0,0,
40563,2022-01-05 16:51:00,40.846783,-73.907394,1,0,Unspecified,4492428,6.9,-2.1,0.5,0.5,0.0,4.0,51,21.8,38.2,216,Drizzle: Light,1,1,
40564,2022-01-07 15:30:00,40.730587,-73.97425,0,0,Unspecified,4492963,-0.0,-5.7,9.0,0.0,6.3,11.0,75,26.8,48.6,313,Snow fall: Heavy,0,0,Snowy Conditions
40565,2022-01-04 17:30:00,40.656044,-73.90724,0,0,Unspecified,4493077,0.7,-6.7,0.0,0.0,0.0,0.0,3,20.0,36.4,287,Overcast,0,0,
40566,2022-01-05 13:48:00,40.876194,-73.88704,0,0,Other Vehicular,4492495,6.9,-2.1,0.5,0.5,0.0,4.0,51,21.8,38.2,216,Drizzle: Light,0,0,
40567,2022-01-05 09:05:00,40.598553,-73.997345,1,0,Driver Inattention/Distraction,4492094,6.9,-2.1,0.5,0.5,0.0,4.0,51,21.8,38.2,216,Drizzle: Light,1,1,
40568,2022-01-02 13:00:00,40.692875,-73.83219,1,0,Traffic Control Disregarded,4492759,13.1,2.7,16.0,16.0,0.0,8.0,65,25.1,52.6,318,Rain: Heavy,1,1,
40569,2022-01-05 08:10:00,40.693005,-73.789856,0,0,Traffic Control Disregarded,4492183,6.9,-2.1,0.5,0.5,0.0,4.0,51,21.8,38.2,216,Drizzle: Light,0,0,
40570,2022-01-05 12:08:00,40.868687,-73.92344,1,0,Following Too Closely,4492275,6.9,-2.1,0.5,0.5,0.0,4.0,51,21.8,38.2,216,Drizzle: Light,1,1,
40571,2021-12-23 14:36:00,40.739388,-73.87121,1,0,Driver Inattention/Distraction,4493024,2.1,-2.3,0.0,0.0,0.0,0.0,3,20.1,35.6,299,Overcast,1,1,
40572,2021-09-05 05:00:00,40.83389,-73.85466,1,0,Unspecified,4492622,24.5,16.9,1.0,1.0,0.0,6.0,51,15.5,42.5,204,Drizzle: Light,1,1,
40573,2022-01-07 18:47:00,40.683216,-73.96377,1,0,Passing Too Closely,4492754,-0.0,-5.7,9.0,0.0,6.3,11.0,75,26.8,48.6,313,Snow fall: Heavy,1,1,Snowy Conditions
40574,2022-01-05 07:10:00,40.642242,-74.0752,0,0,Pedestrian/Bicyclist/Other Pedestrian Error/Confusion,4492423,6.9,-2.1,0.5,0.5,0.0,4.0,51,21.8,38.2,216,Drizzle: Light,0,0,
40575,2022-01-07 06:10:00,40.825935,-73.85913,0,0,Pavement Slippery,4492627,-0.0,-5.7,9.0,0.0,6.3,11.0,75,26.8,48.6,313,Snow fall: Heavy,0,0,Snowy Conditions
40576,2022-01-07 08:17:00,40.84843,-73.91299,0,0,Pavement Slippery,4492789,-0.0,-5.7,9.0,0.0,6.3,11.0,75,26.8,48.6,313,Snow fall: Heavy,0,0,Snowy Conditions
40577,2022-01-05 06:00:00,40.88599,-73.82792,2,0,Reaction to Uninvolved Vehicle,4492216,6.9,-2.1,0.5,0.5,0.0,4.0,51,21.8,38.2,216,Drizzle: Light,2,2,
40578,2022-01-05 17:50:00,40.687016,-73.77487,2,0,Failure to Yield Right-of-Way,4492654,6.9,-2.1,0.5,0.5,0.0,4.0,51,21.8,38.2,216,Drizzle: Light,2,2,
40579,2022-01-05 17:45:00,40.57161,-74.09418,0,0,Failure to Yield Right-of-Way,4492253,6.9,-2.1,0.5,0.5,0.0,4.0,51,21.8,38.2,216,Drizzle: Light,0,0,
40580,2022-01-06 22:00:00,40.676113,-73.84883,4,0,Failure to Yield Right-of-Way,4492594,4.1,-0.7,0.0,0.0,0.0,0.0,3,20.2,38.2,269,Overcast,4,4,
40581,2022-01-06 13:30:00,40.64177,-74.024574,0,0,Unspecified,4492532,4.1,-0.7,0.0,0.0,0.0,0.0,3,20.2,38.2,269,Overcast,0,0,
40582,2022-01-07 07:55:00,40.726177,-73.8981,0,0,Unspecified,4492817,-0.0,-5.7,9.0,0.0,6.3,11.0,75,26.8,48.6,313,Snow fall: Heavy,0,0,Snowy Conditions
40583,2022-01-07 23:41:00,40.665974,-73.74061,0,0,Driver Inattention/Distraction,4492846,-0.0,-5.7,9.0,0.0,6.3,11.0,75,26.8,48.6,313,Snow fall: Heavy,0,0,Snowy Conditions
40584,2022-01-05 16:00:00,40.658577,-73.89063,0,0,Unspecified,4492445,6.9,-2.1,0.5,0.5,0.0,4.0,51,21.8,38.2,216,Drizzle: Light,0,0,
40585,2022-01-05 21:20:00,40.843464,-73.83683,1,0,Unspecified,4492476,6.9,-2.1,0.5,0.5,0.0,4.0,51,21.8,38.2,216,Drizzle: Light,1,1,
40586,2022-01-06 16:43:00,40.617672,-73.99542,0,0,Driver Inexperience,4493006,4.1,-0.7,0.0,0.0,0.0,0.0,3,20.2,38.2,269,Overcast,0,0,
40587,2022-01-07 16:45:00,40.68159,-74.007935,0,0,Unspecified,4492783,-0.0,-5.7,9.0,0.0,6.3,11.0,75,26.8,48.6,313,Snow fall: Heavy,0,0,Snowy Conditions
40588,2022-01-07 02:30:00,40.667522,-73.78063,0,0,Turning Improperly,4492659,-0.0,-5.7,9.0,0.0,6.3,11.0,75,26.8,48.6,313,Snow fall: Heavy,0,0,Snowy Conditions
40589,2022-01-07 14:00:00,40.755116,-74.00248,0,0,Unspecified,4492714,-0.0,-5.7,9.0,0.0,6.3,11.0,75,26.8,48.6,313,Snow fall: Heavy,0,0,Snowy Conditions
40590,2022-01-07 04:00:00,40.834187,-73.909584,0,0,Pavement Slippery,4493054,-0.0,-5.7,9.0,0.0,6.3,11.0,75,26.8,48.6,313,Snow fall: Heavy,0,0,Snowy Conditions
40591,2022-01-06 16:15:00,40.609653,-73.91145,0,0,Unspecified,4492526,4.1,-0.7,0.0,0.0,0.0,0.0,3,20.2,38.2,269,Overcast,0,0,
40592,2022-01-06 19:51:00,40.575428,-73.977875,0,0,Driver Inattention/Distraction,4493087,4.1,-0.7,0.0,0.0,0.0,0.0,3,20.2,38.2,269,Overcast,0,0,
40593,2022-01-06 19:39:00,40.668865,-73.781944,0,0,Failure to Yield Right-of-Way,4492831,4.1,-0.7,0.0,0.0,0.0,0.0,3,20.2,38.2,269,Overcast,0,0,
40594,2022-01-05 07:45:00,40.62444,-73.9304,1,0,Unspecified,4492302,6.9,-2.1,0.5,0.5,0.0,4.0,51,21.8,38.2,216,Drizzle: Light,1,1,
40595,2022-01-06 13:55:00,40.61833,-74.01667,0,0,Brakes Defective,4492566,4.1,-0.7,0.0,0.0,0.0,0.0,3,20.2,38.2,269,Overcast,0,0,
40596,2022-01-05 08:00:00,40.745796,-73.88385,1,0,Driver Inattention/Distraction,4492335,6.9,-2.1,0.5,0.5,0.0,4.0,51,21.8,38.2,216,Drizzle: Light,1,1,
40597,2022-01-07 02:20:00,40.755875,-73.882454,1,0,Driver Inattention/Distraction,4492686,-0.0,-5.7,9.0,0.0,6.3,11.0,75,26.8,48.6,313,Snow fall: Heavy,1,1,Snowy Conditions
40598,2022-01-07 04:34:00,40.736877,-74.00554,0,0,Unspecified,4492984,-0.0,-5.7,9.0,0.0,6.3,11.0,75,26.8,48.6,313,Snow fall: Heavy,0,0,Snowy Conditions
40599,2022-01-05 17:40:00,40.67948,-73.93291,0,0,Driver Inattention/Distraction,4492261,6.9,-2.1,0.5,0.5,0.0,4.0,51,21.8,38.2,216,Drizzle: Light,0,0,
40600,2022-01-06 13:43:00,40.731438,-73.866,1,0,Driver Inattention/Distraction,4492691,4.1,-0.7,0.0,0.0,0.0,0.0,3,20.2,38.2,269,Overcast,1,1,
40601,2022-01-07 10:40:00,40.776535,-73.840805,0,0,Unspecified,4492825,-0.0,-5.7,9.0,0.0,6.3,11.0,75,26.8,48.6,313,Snow fall: Heavy,0,0,Snowy Conditions
40602,2022-01-06 17:16:00,40.651253,-73.94964,0,0,Unspecified,4493019,4.1,-0.7,0.0,0.0,0.0,0.0,3,20.2,38.2,269,Overcast,0,0,
40603,2022-01-06 07:10:00,40.781277,-73.80325,1,0,Driver Inattention/Distraction,4492397,4.1,-0.7,0.0,0.0,0.0,0.0,3,20.2,38.2,269,Overcast,1,1,
40604,2022-01-07 00:00:00,40.733955,-73.92172,0,0,Following Too Closely,4492735,-0.0,-5.7,9.0,0.0,6.3,11.0,75,26.8,48.6,313,Snow fall: Heavy,0,0,Snowy Conditions
40605,2021-12-28 18:59:00,40.794178,-73.94487,0,0,Driver Inattention/Distraction,4493157,8.5,2.2,0.0,0.0,0.0,0.0,3,12.5,22.0,271,Overcast,0,0,
40606,2022-01-04 08:09:00,40.873222,-73.80849,0,0,Unspecified,4492618,0.7,-6.7,0.0,0.0,0.0,0.0,3,20.0,36.4,287,Overcast,0,0,
40607,2022-01-05 06:00:00,40.898273,-73.867325,0,0,Pavement Slippery,4492221,6.9,-2.1,0.5,0.5,0.0,4.0,51,21.8,38.2,216,Drizzle: Light,0,0,
40608,2022-01-02 18:58:00,40.67308,-73.91124,0,0,Other Vehicular,4493071,13.1,2.7,16.0,16.0,0.0,8.0,65,25.1,52.6,318,Rain: Heavy,0,0,
40609,2022-01-07 07:30:00,40.80243,-73.91507,0,0,Unspecified,4493164,-0.0,-5.7,9.0,0.0,6.3,11.0,75,26.8,48.6,313,Snow fall: Heavy,0,0,Snowy Conditions
40610,2022-01-04 20:34:00,40.806828,-73.88448,0,0,Unspecified,4493295,0.7,-6.7,0.0,0.0,0.0,0.0,3,20.0,36.4,287,Overcast,0,0,
40611,2022-01-06 09:50:00,40.71343,-73.780594,0,0,Unspecified,4492537,4.1,-0.7,0.0,0.0,0.0,0.0,3,20.2,38.2,269,Overcast,0,0,
40612,2022-01-06 14:36:00,40.85381,-73.91386,0,0,Unspecified,4492631,4.1,-0.7,0.0,0.0,0.0,0.0,3,20.2,38.2,269,Overcast,0,0,
40613,2022-01-05 18:00:00,40.710827,-73.79413,0,0,Driver Inattention/Distraction,4492356,6.9,-2.1,0.5,0.5,0.0,4.0,51,21.8,38.2,216,Drizzle: Light,0,0,
40614,2021-01-07 20:10:00,40.74052,-73.70259,0,0,Driver Inattention/Distraction,4492734,5.9,-1.8,0.0,0.0,0.0,0.0,1,17.4,34.2,326,Mainly clear,0,0,Sunny/Clear Conditions
40615,2022-01-05 05:46:00,40.86287,-73.934784,0,0,Pavement Slippery,4492271,6.9,-2.1,0.5,0.5,0.0,4.0,51,21.8,38.2,216,Drizzle: Light,0,0,
40616,2022-01-05 21:15:00,40.70719,-73.81873,0,0,Driver Inattention/Distraction,4492357,6.9,-2.1,0.5,0.5,0.0,4.0,51,21.8,38.2,216,Drizzle: Light,0,0,
40617,2022-01-06 22:34:00,40.70667,-73.9424,1,0,Unspecified,4492749,4.1,-0.7,0.0,0.0,0.0,0.0,3,20.2,38.2,269,Overcast,1,1,
40618,2022-01-05 20:15:00,40.781387,-73.95213,0,0,Aggressive Driving/Road Rage,4492329,6.9,-2.1,0.5,0.5,0.0,4.0,51,21.8,38.2,216,Drizzle: Light,0,0,
40619,2022-01-06 16:45:00,40.545753,-74.151634,0,0,Turning Improperly,4492571,4.1,-0.7,0.0,0.0,0.0,0.0,3,20.2,38.2,269,Overcast,0,0,
40620,2022-01-07 06:30:00,40.698193,-73.98558,0,0,Unsafe Speed,4492766,-0.0,-5.7,9.0,0.0,6.3,11.0,75,26.8,48.6,313,Snow fall: Heavy,0,0,Snowy Conditions
40621,2022-01-05 00:50:00,40.75332,-73.74477,1,0,Unsafe Speed,4492008,6.9,-2.1,0.5,0.5,0.0,4.0,51,21.8,38.2,216,Drizzle: Light,1,1,
40622,2022-01-05 18:07:00,40.741344,-73.95459,1,0,Driver Inattention/Distraction,4492599,6.9,-2.1,0.5,0.5,0.0,4.0,51,21.8,38.2,216,Drizzle: Light,1,1,
40623,2021-12-28 18:05:00,40.689022,-73.92611,0,0,Driver Inattention/Distraction,4492867,8.5,2.2,0.0,0.0,0.0,0.0,3,12.5,22.0,271,Overcast,0,0,
40624,2022-01-04 22:50:00,40.59587,-73.963715,0,0,Drugs (illegal),4492890,0.7,-6.7,0.0,0.0,0.0,0.0,3,20.0,36.4,287,Overcast,0,0,
40625,2021-12-31 19:47:00,40.680477,-73.7921,1,0,Passing Too Closely,4492650,11.1,7.1,2.7,2.7,0.0,5.0,55,14.9,29.2,193,Drizzle: Dense,1,1,
40626,2022-01-05 18:32:00,40.886044,-73.85756,0,0,Unspecified,4492247,6.9,-2.1,0.5,0.5,0.0,4.0,51,21.8,38.2,216,Drizzle: Light,0,0,
40627,2022-01-06 10:21:00,40.893623,-73.85525,0,0,Unsafe Speed,4492516,4.1,-0.7,0.0,0.0,0.0,0.0,3,20.2,38.2,269,Overcast,0,0,
40628,2022-01-06 09:00:00,40.675014,-73.7528,2,0,Unspecified,4492645,4.1,-0.7,0.0,0.0,0.0,0.0,3,20.2,38.2,269,Overcast,2,2,
40629,2022-01-04 09:00:00,40.753994,-73.94244,0,0,Driver Inattention/Distraction,4492630,0.7,-6.7,0.0,0.0,0.0,0.0,3,20.0,36.4,287,Overcast,0,0,
40630,2022-01-06 02:40:00,40.709183,-73.956825,0,0,Unsafe Speed,4492561,4.1,-0.7,0.0,0.0,0.0,0.0,3,20.2,38.2,269,Overcast,0,0,
40631,2022-01-07 03:00:00,40.674805,-73.81085,0,0,Passing or Lane Usage Improper,4492793,-0.0,-5.7,9.0,0.0,6.3,11.0,75,26.8,48.6,313,Snow fall: Heavy,0,0,Snowy Conditions
40632,2022-01-05 00:14:00,40.703632,-73.85587,3,0,Pavement Slippery,4492043,6.9,-2.1,0.5,0.5,0.0,4.0,51,21.8,38.2,216,Drizzle: Light,3,3,
40633,2022-01-06 17:00:00,40.665703,-73.94256,1,0,Failure to Yield Right-of-Way,4492578,4.1,-0.7,0.0,0.0,0.0,0.0,3,20.2,38.2,269,Overcast,1,1,
40634,2022-01-05 06:00:00,40.88599,-73.82792,0,0,Pavement Slippery,4492220,6.9,-2.1,0.5,0.5,0.0,4.0,51,21.8,38.2,216,Drizzle: Light,0,0,
40635,2022-01-05 12:00:00,40.58618,-74.08989,0,0,Unspecified,4492718,6.9,-2.1,0.5,0.5,0.0,4.0,51,21.8,38.2,216,Drizzle: Light,0,0,
40636,2022-01-05 18:30:00,40.773335,-73.95506,1,0,Driver Inattention/Distraction,4492330,6.9,-2.1,0.5,0.5,0.0,4.0,51,21.8,38.2,216,Drizzle: Light,1,1,