,CRASH DATETIME,LATITUDE,LONGITUDE,NUMBER OF PERSONS INJURED,NUMBER OF PERSONS KILLED,CONTRIBUTING FACTOR VEHICLE 1,COLLISION_ID,temperature_2m_max,temperature_2m_min,precipitation_sum,rain_sum,snowfall_sum,precipitation_hours,weather_code,wind_speed_10m_max,wind_gusts_10m_max,wind_direction_10m_dominant,Weather Description,Severity_Score,Total_Affected_Persons,Weather_Category
40637,2022-01-05 21:13:00,40.68096,-73.93765,1,0,Unsafe Speed,4492873,6.9,-2.1,0.5,0.5,0.0,4.0,51,21.8,38.2,216,Drizzle: Light,1,1,
40638,2022-01-07 12:11:00,40.694836,-73.98393,0,0,Unspecified,4492779,-0.0,-5.7,9.0,0.0,6.3,11.0,75,26.8,48.6,313,Snow fall: Heavy,0,0,Snowy Conditions
40639,2021-12-31 18:32:00,40.825817,-73.95302,0,0,Brakes Defective,4493130,11.1,7.1,2.7,2.7,0.0,5.0,55,14.9,29.2,193,Drizzle: Dense,0,0,
40640,2022-01-06 14:50:00,40.743332,-73.85496,0,0,Passing Too Closely,4492606,4.1,-0.7,0.0,0.0,0.0,0.0,3,20.2,38.2,269,Overcast,0,0,
40641,2022-01-06 11:30:00,40.878937,-73.82677,0,0,Unspecified,4492900,4.1,-0.7,0.0,0.0,0.0,0.0,3,20.2,38.2,269,Overcast,0,0,
40642,2022-01-06 11:54:00,40.807842,-73.955574,0,0,Driver Inattention/Distraction,4493105,4.1,-0.7,0.0,0.0,0.0,0.0,3,20.2,38.2,269,Overcast,0,0,
40643,2022-01-06 10:05:00,40.856606,-73.86835,0,0,Driver Inattention/Distraction,4492510,4.1,-0.7,0.0,0.0,0.0,0.0,3,20.2,38.2,269,Overcast,0,0,
40644,2022-01-07 04:00:00,40.598934,-74.06377,0,0,Pavement Slippery,4492719,-0.0,-5.7,9.0,0.0,6.3,11.0,75,26.8,48.6,313,Snow fall: Heavy,0,0,Snowy Conditions
40645,2022-01-05 17:37:00,40.62392,-73.9216,0,0,Backing Unsafely,4492536,6.9,-2.1,0.5,0.5,0.0,4.0,51,21.8,38.2,216,Drizzle: Light,0,0,
40646,2022-01-05 13:30:00,40.776188,-73.90596,0,0,Traffic Control Disregarded,4492704,6.9,-2.1,0.5,0.5,0.0,4.0,51,21.8,38.2,216,Drizzle: Light,0,0,
40647,2022-01-05 19:46:00,40.6163,-74.01762,0,0,Unspecified,4492906,6.9,-2.1,0.5,0.5,0.0,4.0,51,21.8,38.2,216,Drizzle: Light,0,0,
40648,2022-01-05 14:00:00,40.684383,-73.823265,0,0,Following Too Closely,4492296,6.9,-2.1,0.5,0.5,0.0,4.0,51,21.8,38.2,216,Drizzle: Light,0,0,
40649,2022-01-05 06:30:00,40.9046,-73.852936,2,0,Pavement Slippery,4493203,6.9,-2.1,0.5,0.5,0.0,4.0,51,21.8,38.2,216,Drizzle: Light,2,2,
40650,2022-01-07 08:35:00,40.821754,-73.86021,0,0,View Obstructed/Limited,4492672,-0.0,-5.7,9.0,0.0,6.3,11.0,75,26.8,48.6,313,Snow fall: Heavy,0,0,Snowy Conditions
40651,2022-01-07 19:15:00,40.869423,-73.825745,1,0,Unspecified,4493328,-0.0,-5.7,9.0,0.0,6.3,11.0,75,26.8,48.6,313,Snow fall: Heavy,1,1,Snowy Conditions
40652,2022-01-06 16:53:00,40.741188,-73.709755,1,0,View Obstructed/Limited,4492640,4.1,-0.7,0.0,0.0,0.0,0.0,3,20.2,38.2,269,Overcast,1,1,
40653,2022-01-06 09:50:00,40.72297,-73.84448,0,0,Driver Inattention/Distraction,4492593,4.1,-0.7,0.0,0.0,0.0,0.0,3,20.2,38.2,269,Overcast,0,0,
40654,2022-01-03 11:45:00,40.65476,-74.00724,0,0,Backing Unsafely,4492687,2.0,-4.4,1.4,0.0,0.98,6.0,73,29.3,55.4,359,Snow fall: Moderate,0,0,Snowy Conditions
40655,2022-01-05 07:50:00,40.75076,-73.757835,2,0,Pavement Slippery,4492129,6.9,-2.1,0.5,0.5,0.0,4.0,51,21.8,38.2,216,Drizzle: Light,2,2,
40656,2022-01-05 11:16:00,40.74053,-73.9819,0,0,Failure to Yield Right-of-Way,4492161,6.9,-2.1,0.5,0.5,0.0,4.0,51,21.8,38.2,216,Drizzle: Light,0,0,
40657,2022-01-05 21:45:00,40.652878,-73.93053,0,0,Unspecified,4493015,6.9,-2.1,0.5,0.5,0.0,4.0,51,21.8,38.2,216,Drizzle: Light,0,0,
40658,2022-01-05 05:05:00,40.6421,-74.087685,0,0,Unspecified,4492431,6.9,-2.1,0.5,0.5,0.0,4.0,51,21.8,38.2,216,Drizzle: Light,0,0,
40659,2022-01-07 18:25:00,40.598244,-73.98264,0,0,Driver Inattention/Distraction,4492967,-0.0,-5.7,9.0,0.0,6.3,11.0,75,26.8,48.6,313,Snow fall: Heavy,0,0,Snowy Conditions
40660,2022-01-07 05:45:00,40.711075,-73.77601,0,0,Passing Too Closely,4492730,-0.0,-5.7,9.0,0.0,6.3,11.0,75,26.8,48.6,313,Snow fall: Heavy,0,0,Snowy Conditions
40661,2022-01-06 06:30:00,40.71431,-73.90801,0,0,Unspecified,4492635,4.1,-0.7,0.0,0.0,0.0,0.0,3,20.2,38.2,269,Overcast,0,0,
40662,2022-01-05 14:04:00,40.649025,-73.89635,1,0,Failure to Yield Right-of-Way,4492239,6.9,-2.1,0.5,0.5,0.0,4.0,51,21.8,38.2,216,Drizzle: Light,1,1,
40663,2022-01-07 19:15:00,40.70437,-73.83283,0,0,Unspecified,4492762,-0.0,-5.7,9.0,0.0,6.3,11.0,75,26.8,48.6,313,Snow fall: Heavy,0,0,Snowy Conditions
40664,2022-01-05 10:15:00,40.551815,-74.217354,0,0,Failure to Yield Right-of-Way,4492499,6.9,-2.1,0.5,0.5,0.0,4.0,51,21.8,38.2,216,Drizzle: Light,0,0,
40665,2022-01-06 12:02:00,40.700726,-73.94194,1,0,Driver Inattention/Distraction,4492745,4.1,-0.7,0.0,0.0,0.0,0.0,3,20.2,38.2,269,Overcast,1,1,
40666,2022-01-06 23:00:00,40.587013,-74.159454,0,0,Driver Inattention/Distraction,4493167,4.1,-0.7,0.0,0.0,0.0,0.0,3,20.2,38.2,269,Overcast,0,0,
40667,2022-01-06 08:00:00,40.677868,-73.90332,0,0,Turning Improperly,4493066,4.1,-0.7,0.0,0.0,0.0,0.0,3,20.2,38.2,269,Overcast,0,0,
40668,2022-01-06 12:54:00,40.751602,-73.93384,0,0,Driver Inattention/Distraction,4492612,4.1,-0.7,0.0,0.0,0.0,0.0,3,20.2,38.2,269,Overcast,0,0,
40669,2022-01-05 07:12:00,40.908146,-73.901855,0,0,Pavement Slippery,4492097,6.9,-2.1,0.5,0.5,0.0,4.0,51,21.8,38.2,216,Drizzle: Light,0,0,
40670,2022-01-05 21:48:00,40.7538,-73.90213,0,0,Unspecified,4492370,6.9,-2.1,0.5,0.5,0.0,4.0,51,21.8,38.2,216,Drizzle: Light,0,0,
40671,2022-01-05 17:50:00,40.67809,-73.8842,1,0,Unspecified,4492446,6.9,-2.1,0.5,0.5,0.0,4.0,51,21.8,38.2,216,Drizzle: Light,1,1,
40672,2022-01-07 15:00:00,40.67153,-73.82639,0,0,Turning Improperly,4493278,-0.0,-5.7,9.0,0.0,6.3,11.0,75,26.8,48.6,313,Snow fall: Heavy,0,0,Snowy Conditions
40673,2022-01-05 06:02:00,40.860283,-73.9364,1,0,Pavement Slippery,4492274,6.9,-2.1,0.5,0.5,0.0,4.0,51,21.8,38.2,216,Drizzle: Light,1,1,
40674,2022-01-07 16:00:00,40.563145,-74.10787,1,0,Pavement Slippery,4492808,-0.0,-5.7,9.0,0.0,6.3,11.0,75,26.8,48.6,313,Snow fall: Heavy,1,1,Snowy Conditions
40675,2022-01-04 14:45:00,40.628803,-73.97404,1,0,Unspecified,4492973,0.7,-6.7,0.0,0.0,0.0,0.0,3,20.0,36.4,287,Overcast,1,1,
40676,2021-12-15 09:00:00,40.68121,-73.773,0,0,Passing Too Closely,4492830,10.3,1.8,1.0,1.0,0.0,6.0,51,20.6,38.2,104,Drizzle: Light,0,0,
40677,2022-01-07 00:08:00,40.64528,-74.01969,0,0,Backing Unsafely,4492584,-0.0,-5.7,9.0,0.0,6.3,11.0,75,26.8,48.6,313,Snow fall: Heavy,0,0,Snowy Conditions
40678,2022-01-06 12:45:00,40.71122,-73.72827,2,0,Tire Failure/Inadequate,4492505,4.1,-0.7,0.0,0.0,0.0,0.0,3,20.2,38.2,269,Overcast,2,2,
40679,2022-01-07 07:11:00,40.73025,-73.89706,0,0,Passing Too Closely,4492699,-0.0,-5.7,9.0,0.0,6.3,11.0,75,26.8,48.6,313,Snow fall: Heavy,0,0,Snowy Conditions
40680,2022-01-05 14:33:00,40.87829,-73.87006,1,0,Following Too Closely,4492225,6.9,-2.1,0.5,0.5,0.0,4.0,51,21.8,38.2,216,Drizzle: Light,1,1,
40681,2022-01-07 00:33:00,40.837315,-73.92331,1,0,Passing or Lane Usage Improper,4493056,-0.0,-5.7,9.0,0.0,6.3,11.0,75,26.8,48.6,313,Snow fall: Heavy,1,1,Snowy Conditions
40682,2022-01-05 18:56:00,40.69613,-73.987114,0,0,Turning Improperly,4492287,6.9,-2.1,0.5,0.5,0.0,4.0,51,21.8,38.2,216,Drizzle: Light,0,0,
40683,2022-01-02 03:45:00,40.862213,-73.9297,2,0,Unsafe Speed,4492667,13.1,2.7,16.0,16.0,0.0,8.0,65,25.1,52.6,318,Rain: Heavy,2,2,
40684,2022-01-05 19:00:00,40.602303,-73.989815,0,0,Passing Too Closely,4492995,6.9,-2.1,0.5,0.5,0.0,4.0,51,21.8,38.2,216,Drizzle: Light,0,0,
40685,2022-01-07 04:45:00,40.696686,-73.9378,0,0,Other Vehicular,4492883,-0.0,-5.7,9.0,0.0,6.3,11.0,75,26.8,48.6,313,Snow fall: Heavy,0,0,Snowy Conditions
40686,2022-01-07 17:00:00,40.606445,-74.08735,1,0,Following Too Closely,4492851,-0.0,-5.7,9.0,0.0,6.3,11.0,75,26.8,48.6,313,Snow fall: Heavy,1,1,Snowy Conditions
40687,2021-01-08 20:59:00,40.62131,-73.9845,0,0,Unspecified,4493148,5.2,-3.8,0.0,0.0,0.0,0.0,3,21.6,37.8,352,Overcast,0,0,
40688,2022-01-07 20:35:00,40.82439,-73.902405,0,0,Driver Inattention/Distraction,4492945,-0.0,-5.7,9.0,0.0,6.3,11.0,75,26.8,48.6,313,Snow fall: Heavy,0,0,Snowy Conditions
40689,2022-01-07 21:20:00,40.88668,-73.85433,0,0,Failure to Yield Right-of-Way,4493193,-0.0,-5.7,9.0,0.0,6.3,11.0,75,26.8,48.6,313,Snow fall: Heavy,0,0,Snowy Conditions
40690,2022-01-07 18:15:00,40.762108,-73.90652,0,0,Driver Inattention/Distraction,4492797,-0.0,-5.7,9.0,0.0,6.3,11.0,75,26.8,48.6,313,Snow fall: Heavy,0,0,Snowy Conditions
40691,2022-01-07 09:07:00,40.681038,-74.00187,0,0,Unspecified,4492662,-0.0,-5.7,9.0,0.0,6.3,11.0,75,26.8,48.6,313,Snow fall: Heavy,0,0,Snowy Conditions
40692,2022-01-06 14:00:00,40.822857,-73.909325,0,0,Turning Improperly,4492623,4.1,-0.7,0.0,0.0,0.0,0.0,3,20.2,38.2,269,Overcast,0,0,
40693,2022-01-06 16:23:00,40.73849,-73.7253,0,0,Unspecified,4492544,4.1,-0.7,0.0,0.0,0.0,0.0,3,20.2,38.2,269,Overcast,0,0,
40694,2022-01-07 04:03:00,40.77303,-73.97829,0,0,Driver Inattention/Distraction,4492880,-0.0,-5.7,9.0,0.0,6.3,11.0,75,26.8,48.6,313,Snow fall: Heavy,0,0,Snowy Conditions
40695,2022-01-05 16:30:00,40.60768,-73.75206,0,0,,4493317,6.9,-2.1,0.5,0.5,0.0,4.0,51,21.8,38.2,216,Drizzle: Light,0,0,
40696,2022-01-05 14:00:00,40.64872,-73.96491,0,0,Unspecified,4492988,6.9,-2.1,0.5,0.5,0.0,4.0,51,21.8,38.2,216,Drizzle: Light,0,0,
40697,2022-01-07 20:00:00,40.60599,-74.103455,0,0,Turning Improperly,4493172,-0.0,-5.7,9.0,0.0,6.3,11.0,75,26.8,48.6,313,Snow fall: Heavy,0,0,Snowy Conditions
40698,2022-01-06 21:25:00,40.667522,-73.78063,2,0,Unspecified,4492655,4.1,-0.7,0.0,0.0,0.0,0.0,3,20.2,38.2,269,Overcast,2,2,
40699,2022-01-07 12:25:00,40.660313,-73.902504,0,0,Unspecified,4493092,-0.0,-5.7,9.0,0.0,6.3,11.0,75,26.8,48.6,313,Snow fall: Heavy,0,0,Snowy Conditions
40700,2022-01-06 07:25:00,40.694496,-73.91482,0,0,Driver Inexperience,4492427,4.1,-0.7,0.0,0.0,0.0,0.0,3,20.2,38.2,269,Overcast,0,0,
40701,2022-01-05 12:22:00,40.843174,-73.91196,0,0,Backing Unsafely,4493037,6.9,-2.1,0.5,0.5,0.0,4.0,51,21.8,38.2,216,Drizzle: Light,0,0,
40702,2022-01-07 20:00:00,40.766342,-73.819466,0,0,Unspecified,4493249,-0.0,-5.7,9.0,0.0,6.3,11.0,75,26.8,48.6,313,Snow fall: Heavy,0,0,Snowy Conditions
40703,2022-01-05 15:22:00,40.683582,-73.953964,1,0,Pedestrian/Bicyclist/Other Pedestrian Error/Confusion,4492741,6.9,-2.1,0.5,0.5,0.0,4.0,51,21.8,38.2,216,Drizzle: Light,1,1,
40704,2022-01-05 06:24:00,40.843464,-73.83683,0,0,Pavement Slippery,4492049,6.9,-2.1,0.5,0.5,0.0,4.0,51,21.8,38.2,216,Drizzle: Light,0,0,
40705,2022-01-05 09:45:00,40.897144,-73.88029,0,0,Pavement Slippery,4492491,6.9,-2.1,0.5,0.5,0.0,4.0,51,21.8,38.2,216,Drizzle: Light,0,0,
40706,2022-01-07 15:10:00,40.804993,-73.911354,0,0,Pavement Slippery,4492726,-0.0,-5.7,9.0,0.0,6.3,11.0,75,26.8,48.6,313,Snow fall: Heavy,0,0,Snowy Conditions
40707,2022-01-05 13:30:00,40.68885,-73.84133,0,0,Traffic Control Disregarded,4492208,6.9,-2.1,0.5,0.5,0.0,4.0,51,21.8,38.2,216,Drizzle: Light,0,0,
40708,2022-01-07 08:35:00,40.836796,-73.91949,0,0,Pavement Slippery,4492694,-0.0,-5.7,9.0,0.0,6.3,11.0,75,26.8,48.6,313,Snow fall: Heavy,0,0,Snowy Conditions
40709,2021-06-17 08:26:00,40.74658,-73.99756,0,1,Failure to Yield Right-of-Way,4428465,23.9,12.1,0.0,0.0,0.0,0.0,3,13.4,27.4,311,Overcast,20,1,
40710,2021-06-21 14:15:00,40.72118,-73.95866,2,0,Unspecified,4429928,28.0,21.7,0.5,0.5,0.0,2.0,51,24.4,46.8,181,Drizzle: Light,2,2,
40711,2021-06-22 10:32:00,40.64697,-73.9135,1,0,Unspecified,4429880,24.2,15.1,8.5,8.5,0.0,9.0,63,22.2,43.2,305,Rain: Moderate,1,1,
40712,2021-06-22 00:00:00,40.872143,-73.818695,0,0,Unspecified,4430058,24.2,15.1,8.5,8.5,0.0,9.0,63,22.2,43.2,305,Rain: Moderate,0,0,
40713,2021-06-22 15:59:00,40.861862,-73.91282,1,0,Unspecified,4429931,24.2,15.1,8.5,8.5,0.0,9.0,63,22.2,43.2,305,Rain: Moderate,1,1,
40714,2021-06-22 12:31:00,40.715744,-73.95881,0,0,Passing or Lane Usage Improper,4430671,24.2,15.1,8.5,8.5,0.0,9.0,63,22.2,43.2,305,Rain: Moderate,0,0,
40715,2021-06-19 23:00:00,40.805725,-73.95442,0,0,Driver Inattention/Distraction,4430442,31.5,19.5,1.2,1.2,0.0,3.0,53,21.1,38.2,243,Drizzle: Moderate,0,0,
40716,2021-06-13 13:29:00,40.771084,-73.908226,1,0,Driver Inattention/Distraction,4430421,23.9,15.0,0.2,0.2,0.0,2.0,51,17.7,35.6,185,Drizzle: Light,1,1,
40717,2021-06-22 02:55:00,40.828545,-73.8919,0,0,Other Vehicular,4429622,24.2,15.1,8.5,8.5,0.0,9.0,63,22.2,43.2,305,Rain: Moderate,0,0,
40718,2021-06-22 22:00:00,40.64556,-73.931694,1,0,Unspecified,4429906,24.2,15.1,8.5,8.5,0.0,9.0,63,22.2,43.2,305,Rain: Moderate,1,1,
40719,2021-06-22 16:44:00,40.61132,-74.114716,0,0,Passing or Lane Usage Improper,4430230,24.2,15.1,8.5,8.5,0.0,9.0,63,22.2,43.2,305,Rain: Moderate,0,0,
40720,2021-06-22 19:00:00,40.803474,-73.91954,0,0,Unsafe Lane Changing,4429956,24.2,15.1,8.5,8.5,0.0,9.0,63,22.2,43.2,305,Rain: Moderate,0,0,
40721,2021-06-15 18:15:00,40.651325,-73.95692,0,0,Driver Inattention/Distraction,4430381,25.1,17.4,1.0,1.0,0.0,4.0,53,17.7,33.8,295,Drizzle: Moderate,0,0,
40722,2021-06-21 14:20:00,40.72713,-73.81248,1,0,Failure to Yield Right-of-Way,4430482,28.0,21.7,0.5,0.5,0.0,2.0,51,24.4,46.8,181,Drizzle: Light,1,1,
40723,2021-06-22 05:26:00,40.66615,-73.80575,0,0,Passing Too Closely,4429655,24.2,15.1,8.5,8.5,0.0,9.0,63,22.2,43.2,305,Rain: Moderate,0,0,
40724,2021-06-22 10:20:00,40.859745,-73.8958,1,0,Driver Inattention/Distraction,4429983,24.2,15.1,8.5,8.5,0.0,9.0,63,22.2,43.2,305,Rain: Moderate,1,1,
40725,2021-06-10 16:30:00,40.80047,-73.95777,1,0,Failure to Yield Right-of-Way,4430440,26.7,16.8,0.0,0.0,0.0,0.0,3,20.9,40.3,78,Overcast,1,1,
40726,2021-06-16 08:00:00,40.75274,-73.94206,0,0,Unspecified,4430471,23.1,15.1,0.0,0.0,0.0,0.0,1,20.2,40.0,317,Mainly clear,0,0,Sunny/Clear Conditions
40727,2021-06-19 12:27:00,40.698185,-73.9374,1,0,Failure to Yield Right-of-Way,4430358,31.5,19.5,1.2,1.2,0.0,3.0,53,21.1,38.2,243,Drizzle: Moderate,1,1,
40728,2021-06-22 07:40:00,40.863,-73.893005,0,0,Unspecified,4429739,24.2,15.1,8.5,8.5,0.0,9.0,63,22.2,43.2,305,Rain: Moderate,0,0,
40729,2021-06-22 08:15:00,40.71197,-73.96104,0,0,Passing or Lane Usage Improper,4429855,24.2,15.1,8.5,8.5,0.0,9.0,63,22.2,43.2,305,Rain: Moderate,0,0,
40730,2021-06-22 19:00:00,40.885433,-73.82924,1,0,Driver Inattention/Distraction,4430068,24.2,15.1,8.5,8.5,0.0,9.0,63,22.2,43.2,305,Rain: Moderate,1,1,
40731,2021-06-22 17:50:00,40.67864,-73.97352,0,0,Following Too Closely,4430119,24.2,15.1,8.5,8.5,0.0,9.0,63,22.2,43.2,305,Rain: Moderate,0,0,
40732,2021-06-22 16:46:00,40.740326,-73.97312,1,0,Failure to Yield Right-of-Way,4430301,24.2,15.1,8.5,8.5,0.0,9.0,63,22.2,43.2,305,Rain: Moderate,1,1,
40733,2021-06-22 04:40:00,40.763687,-73.81444,0,0,Traffic Control Disregarded,4429822,24.2,15.1,8.5,8.5,0.0,9.0,63,22.2,43.2,305,Rain: Moderate,0,0,
40734,2021-06-21 08:59:00,40.664192,-73.87759,2,0,Driver Inattention/Distraction,4430506,28.0,21.7,0.5,0.5,0.0,2.0,51,24.4,46.8,181,Drizzle: Light,2,2,
40735,2021-06-16 13:44:00,40.882835,-73.888016,1,0,Accelerator Defective,4430532,23.1,15.1,0.0,0.0,0.0,0.0,1,20.2,40.0,317,Mainly clear,1,1,Sunny/Clear Conditions
40736,2021-06-22 22:00:00,40.72899,-74.00345,0,0,Unspecified,4430596,24.2,15.1,8.5,8.5,0.0,9.0,63,22.2,43.2,305,Rain: Moderate,0,0,
40737,2021-06-22 16:00:00,40.570465,-74.10977,0,0,Failure to Yield Right-of-Way,4429811,24.2,15.1,8.5,8.5,0.0,9.0,63,22.2,43.2,305,Rain: Moderate,0,0,
40738,2021-06-22 11:00:00,40.635895,-74.01631,0,0,Unsafe Lane Changing,4429783,24.2,15.1,8.5,8.5,0.0,9.0,63,22.2,43.2,305,Rain: Moderate,0,0,
40739,2021-06-13 11:50:00,40.80086,-73.95291,0,0,Passing Too Closely,4430450,23.9,15.0,0.2,0.2,0.0,2.0,51,17.7,35.6,185,Drizzle: Light,0,0,
40740,2021-06-22 14:00:00,40.69802,-73.97499,1,0,Backing Unsafely,4429844,24.2,15.1,8.5,8.5,0.0,9.0,63,22.2,43.2,305,Rain: Moderate,1,1,
40741,2021-06-22 23:53:00,40.777504,-73.954956,3,0,Traffic Control Disregarded,4430294,24.2,15.1,8.5,8.5,0.0,9.0,63,22.2,43.2,305,Rain: Moderate,3,3,
40742,2021-06-22 22:05:00,40.821198,-73.86595,0,0,Unspecified,4430027,24.2,15.1,8.5,8.5,0.0,9.0,63,22.2,43.2,305,Rain: Moderate,0,0,
40743,2021-06-22 19:55:00,40.63787,-73.90963,1,0,Driver Inattention/Distraction,4430337,24.2,15.1,8.5,8.5,0.0,9.0,63,22.2,43.2,305,Rain: Moderate,1,1,
40744,2021-06-22 16:47:00,40.650528,-73.95583,1,0,Pedestrian/Bicyclist/Other Pedestrian Error/Confusion,4430146,24.2,15.1,8.5,8.5,0.0,9.0,63,22.2,43.2,305,Rain: Moderate,1,1,
40745,2021-06-21 17:50:00,40.830154,-73.93964,0,0,Passenger Distraction,4430318,28.0,21.7,0.5,0.5,0.0,2.0,51,24.4,46.8,181,Drizzle: Light,0,0,
40746,2021-06-22 12:30:00,40.714485,-73.77619,1,0,Driver Inattention/Distraction,4429826,24.2,15.1,8.5,8.5,0.0,9.0,63,22.2,43.2,305,Rain: Moderate,1,1,
40747,2021-06-22 16:59:00,40.592514,-73.95231,0,0,Traffic Control Disregarded,4429918,24.2,15.1,8.5,8.5,0.0,9.0,63,22.2,43.2,305,Rain: Moderate,0,0,
40748,2021-06-20 03:00:00,40.716293,-73.99632,0,0,Following Too Closely,4430494,28.7,17.3,0.3,0.3,0.0,2.0,51,19.5,40.0,212,Drizzle: Light,0,0,
40749,2021-06-20 15:20:00,40.706448,-74.01277,0,0,Backing Unsafely,4430636,28.7,17.3,0.3,0.3,0.0,2.0,51,19.5,40.0,212,Drizzle: Light,0,0,
40750,2021-06-22 22:20:00,40.758972,-73.91901,1,0,Driver Inattention/Distraction,4430115,24.2,15.1,8.5,8.5,0.0,9.0,63,22.2,43.2,305,Rain: Moderate,1,1,
40751,2021-06-21 13:50:00,40.679073,-73.92527,1,0,Driver Inexperience,4430411,28.0,21.7,0.5,0.5,0.0,2.0,51,24.4,46.8,181,Drizzle: Light,1,1,
40752,2021-06-06 21:18:00,40.633865,-73.919815,0,0,Driver Inattention/Distraction,4430508,31.0,20.0,0.0,0.0,0.0,0.0,1,16.6,32.4,222,Mainly clear,0,0,Sunny/Clear Conditions
40753,2021-06-22 14:05:00,40.645504,-73.955086,1,0,Driver Inattention/Distraction,4429861,24.2,15.1,8.5,8.5,0.0,9.0,63,22.2,43.2,305,Rain: Moderate,1,1,
40754,2021-06-22 17:48:00,40.728065,-73.99896,3,0,Driver Inattention/Distraction,4430587,24.2,15.1,8.5,8.5,0.0,9.0,63,22.2,43.2,305,Rain: Moderate,3,3,
40755,2021-06-22 14:30:00,40.68017,-73.93151,0,0,Failure to Yield Right-of-Way,4429893,24.2,15.1,8.5,8.5,0.0,9.0,63,22.2,43.2,305,Rain: Moderate,0,0,
40756,2021-06-22 17:29:00,40.80084,-73.94906,0,0,Unspecified,4430455,24.2,15.1,8.5,8.5,0.0,9.0,63,22.2,43.2,305,Rain: Moderate,0,0,
40757,2021-06-22 07:13:00,40.885952,-73.8279,0,0,Driver Inattention/Distraction,4429793,24.2,15.1,8.5,8.5,0.0,9.0,63,22.2,43.2,305,Rain: Moderate,0,0,
40758,2021-06-17 22:30:00,40.754066,-73.915276,0,0,View Obstructed/Limited,4430380,23.9,12.1,0.0,0.0,0.0,0.0,3,13.4,27.4,311,Overcast,0,0,
40759,2021-06-22 21:31:00,40.68947,-73.96911,0,0,View Obstructed/Limited,4430185,24.2,15.1,8.5,8.5,0.0,9.0,63,22.2,43.2,305,Rain: Moderate,0,0,
40760,2021-06-22 22:05:00,40.677513,-73.85726,0,0,Passing or Lane Usage Improper,4430271,24.2,15.1,8.5,8.5,0.0,9.0,63,22.2,43.2,305,Rain: Moderate,0,0,
40761,2021-06-21 10:53:00,40.671627,-73.96263,1,0,Driver Inattention/Distraction,4430603,28.0,21.7,0.5,0.5,0.0,2.0,51,24.4,46.8,181,Drizzle: Light,1,1,
40762,2021-06-19 01:05:00,40.861107,-73.89028,0,0,Failure to Yield Right-of-Way,4430373,31.5,19.5,1.2,1.2,0.0,3.0,53,21.1,38.2,243,Drizzle: Moderate,0,0,
40763,2021-06-17 16:30:00,40.79926,-73.95244,0,0,Unspecified,4430446,23.9,12.1,0.0,0.0,0.0,0.0,3,13.4,27.4,311,Overcast,0,0,
40764,2021-06-22 07:50:00,40.732826,-73.88381,0,0,Driver Inexperience,4429939,24.2,15.1,8.5,8.5,0.0,9.0,63,22.2,43.2,305,Rain: Moderate,0,0,
40765,2021-06-21 01:30:00,40.667847,-73.99404,0,0,Alcohol Involvement,4430426,28.0,21.7,0.5,0.5,0.0,2.0,51,24.4,46.8,181,Drizzle: Light,0,0,
40766,2021-06-22 07:00:00,40.85352,-73.85272,0,0,Unspecified,4429998,24.2,15.1,8.5,8.5,0.0,9.0,63,22.2,43.2,305,Rain: Moderate,0,0,
40767,2021-06-22 03:22:00,40.64366,-73.90067,0,0,Unspecified,4429900,24.2,15.1,8.5,8.5,0.0,9.0,63,22.2,43.2,305,Rain: Moderate,0,0,
40768,2021-06-22 08:30:00,40.840664,-73.88152,0,0,Passing or Lane Usage Improper,4430088,24.2,15.1,8.5,8.5,0.0,9.0,63,22.2,43.2,305,Rain: Moderate,0,0,
40769,2021-06-12 13:23:00,40.744152,-73.71742,0,0,Unspecified,4430489,21.2,16.4,0.4,0.4,0.0,3.0,51,15.5,31.3,112,Drizzle: Light,0,0,
40770,2021-06-22 15:27:00,40.652855,-73.945915,1,0,Driver Inattention/Distraction,4429866,24.2,15.1,8.5,8.5,0.0,9.0,63,22.2,43.2,305,Rain: Moderate,1,1,
40771,2021-06-20 22:15:00,40.525745,-74.22751,0,0,Driver Inattention/Distraction,4430400,28.7,17.3,0.3,0.3,0.0,2.0,51,19.5,40.0,212,Drizzle: Light,0,0,
40772,2021-06-11 05:40:00,40.81894,-73.886986,0,0,Unspecified,4430514,20.7,15.3,1.2,1.2,0.0,3.0,53,13.2,27.0,97,Drizzle: Moderate,0,0,
40773,2021-06-22 19:35:00,40.629467,-74.112434,1,0,Unspecified,4430040,24.2,15.1,8.5,8.5,0.0,9.0,63,22.2,43.2,305,Rain: Moderate,1,1,
40774,2021-06-22 20:00:00,40.789017,-73.81865,1,0,Following Too Closely,4429908,24.2,15.1,8.5,8.5,0.0,9.0,63,22.2,43.2,305,Rain: Moderate,1,1,
40775,2021-06-22 19:10:00,40.57655,-73.966385,1,0,Failure to Yield Right-of-Way,4430041,24.2,15.1,8.5,8.5,0.0,9.0,63,22.2,43.2,305,Rain: Moderate,1,1,
40776,2021-06-15 14:15:00,0.0,0.0,1,0,Failure to Yield Right-of-Way,4430436,25.1,17.4,1.0,1.0,0.0,4.0,53,17.7,33.8,295,Drizzle: Moderate,1,1,
40777,2021-06-22 02:27:00,40.837654,-73.89997,1,0,Traffic Control Disregarded,4429627,24.2,15.1,8.5,8.5,0.0,9.0,63,22.2,43.2,305,Rain: Moderate,1,1,