,CRASH DATETIME,LATITUDE,LONGITUDE,NUMBER OF PERSONS INJURED,NUMBER OF PERSONS KILLED,CONTRIBUTING FACTOR VEHICLE 1,COLLISION_ID,temperature_2m_max,temperature_2m_min,precipitation_sum,rain_sum,snowfall_sum,precipitation_hours,weather_code,wind_speed_10m_max,wind_gusts_10m_max,wind_direction_10m_dominant,Weather Description,Severity_Score,Total_Affected_Persons,Weather_Category
40778,2021-06-15 11:21:00,40.561077,-74.16984,1,0,Passing or Lane Usage Improper,4430461,25.1,17.4,1.0,1.0,0.0,4.0,53,17.7,33.8,295,Drizzle: Moderate,1,1,
40779,2021-06-16 18:40:00,40.82386,-73.89824,1,0,Unspecified,4430573,23.1,15.1,0.0,0.0,0.0,0.0,1,20.2,40.0,317,Mainly clear,1,1,Sunny/Clear Conditions
40780,2021-06-22 19:21:00,40.61834,-74.03018,1,0,Unspecified,4429887,24.2,15.1,8.5,8.5,0.0,9.0,63,22.2,43.2,305,Rain: Moderate,1,1,
40781,2021-06-22 10:00:00,40.597572,-73.93844,0,0,Unspecified,4430364,24.2,15.1,8.5,8.5,0.0,9.0,63,22.2,43.2,305,Rain: Moderate,0,0,
40782,2021-06-19 13:00:00,40.714314,-73.77688,0,0,Driver Inattention/Distraction,4430546,31.5,19.5,1.2,1.2,0.0,3.0,53,21.1,38.2,243,Drizzle: Moderate,0,0,
40783,2021-06-12 20:50:00,40.70543,-73.9181,0,0,Unspecified,4430511,21.2,16.4,0.4,0.4,0.0,3.0,51,15.5,31.3,112,Drizzle: Light,0,0,
40784,2021-06-20 10:32:00,40.50773,-74.230064,1,0,Unspecified,4430418,28.7,17.3,0.3,0.3,0.0,2.0,51,19.5,40.0,212,Drizzle: Light,1,1,
40785,2021-06-22 04:27:00,40.66795,-73.876076,0,0,Driver Inattention/Distraction,4429659,24.2,15.1,8.5,8.5,0.0,9.0,63,22.2,43.2,305,Rain: Moderate,0,0,
40786,2021-06-10 18:00:00,40.801205,-73.95256,0,0,Unspecified,4430441,26.7,16.8,0.0,0.0,0.0,0.0,3,20.9,40.3,78,Overcast,0,0,
40787,2021-06-22 08:21:00,40.64664,-73.9246,2,0,Unspecified,4429864,24.2,15.1,8.5,8.5,0.0,9.0,63,22.2,43.2,305,Rain: Moderate,2,2,
40788,2021-06-22 16:51:00,40.803677,-73.92209,3,0,Unspecified,4429961,24.2,15.1,8.5,8.5,0.0,9.0,63,22.2,43.2,305,Rain: Moderate,3,3,
40789,2021-06-20 19:00:00,40.751034,-73.87053,0,0,Backing Unsafely,4430473,28.7,17.3,0.3,0.3,0.0,2.0,51,19.5,40.0,212,Drizzle: Light,0,0,
40790,2021-06-22 21:10:00,40.66876,-73.75669,0,0,Driver Inattention/Distraction,4429901,24.2,15.1,8.5,8.5,0.0,9.0,63,22.2,43.2,305,Rain: Moderate,0,0,
40791,2021-06-22 17:04:00,40.7025,-73.91633,2,0,Passing Too Closely,4430355,24.2,15.1,8.5,8.5,0.0,9.0,63,22.2,43.2,305,Rain: Moderate,2,2,
40792,2021-06-22 15:44:00,40.685654,-73.828636,1,0,Unspecified,4429933,24.2,15.1,8.5,8.5,0.0,9.0,63,22.2,43.2,305,Rain: Moderate,1,1,
40793,2021-06-22 10:05:00,40.68096,-73.93765,0,0,Passing Too Closely,4430673,24.2,15.1,8.5,8.5,0.0,9.0,63,22.2,43.2,305,Rain: Moderate,0,0,
40794,2021-06-22 05:00:00,40.66149,-73.95182,0,0,Unspecified,4430536,24.2,15.1,8.5,8.5,0.0,9.0,63,22.2,43.2,305,Rain: Moderate,0,0,
40795,2021-06-22 14:35:00,40.81119,-73.95044,0,0,Unspecified,4430453,24.2,15.1,8.5,8.5,0.0,9.0,63,22.2,43.2,305,Rain: Moderate,0,0,
40796,2021-06-22 12:31:00,40.893715,-73.85842,1,0,Driver Inexperience,4429792,24.2,15.1,8.5,8.5,0.0,9.0,63,22.2,43.2,305,Rain: Moderate,1,1,
40797,2021-06-22 13:25:00,40.81179,-73.93625,0,0,Unspecified,4429815,24.2,15.1,8.5,8.5,0.0,9.0,63,22.2,43.2,305,Rain: Moderate,0,0,
40798,2021-06-22 11:00:00,40.82256,-73.88755,0,0,Unspecified,4430161,24.2,15.1,8.5,8.5,0.0,9.0,63,22.2,43.2,305,Rain: Moderate,0,0,
40799,2021-06-22 11:00:00,40.74906,-73.89083,0,0,Unspecified,4430519,24.2,15.1,8.5,8.5,0.0,9.0,63,22.2,43.2,305,Rain: Moderate,0,0,
40800,2021-06-22 15:00:00,40.564384,-74.13186,0,0,Driver Inattention/Distraction,4429881,24.2,15.1,8.5,8.5,0.0,9.0,63,22.2,43.2,305,Rain: Moderate,0,0,
40801,2021-06-16 14:20:00,40.754604,-73.89453,1,0,Driver Inattention/Distraction,4430326,23.1,15.1,0.0,0.0,0.0,0.0,1,20.2,40.0,317,Mainly clear,1,1,Sunny/Clear Conditions
40802,2021-06-16 17:10:00,40.71582,-73.81759,4,0,Driver Inattention/Distraction,4430481,23.1,15.1,0.0,0.0,0.0,0.0,1,20.2,40.0,317,Mainly clear,4,4,Sunny/Clear Conditions
40803,2021-06-22 10:00:00,40.59287,-73.99607,0,0,Unspecified,4429767,24.2,15.1,8.5,8.5,0.0,9.0,63,22.2,43.2,305,Rain: Moderate,0,0,
40804,2021-06-22 13:45:00,40.832386,-73.86457,1,0,Unsafe Speed,4430188,24.2,15.1,8.5,8.5,0.0,9.0,63,22.2,43.2,305,Rain: Moderate,1,1,
40805,2021-06-22 11:06:00,40.62095,-73.9555,0,0,Driver Inattention/Distraction,4429804,24.2,15.1,8.5,8.5,0.0,9.0,63,22.2,43.2,305,Rain: Moderate,0,0,
40806,2021-06-22 17:30:00,40.689373,-73.7937,0,0,Failure to Yield Right-of-Way,4429917,24.2,15.1,8.5,8.5,0.0,9.0,63,22.2,43.2,305,Rain: Moderate,0,0,
40807,2021-06-21 16:45:00,40.50877,-74.222626,1,0,Failure to Yield Right-of-Way,4430412,28.0,21.7,0.5,0.5,0.0,2.0,51,24.4,46.8,181,Drizzle: Light,1,1,
40808,2021-06-07 22:10:00,40.802467,-73.958694,0,0,Driver Inattention/Distraction,4430445,31.0,20.7,0.1,0.1,0.0,1.0,51,16.5,34.9,204,Drizzle: Light,0,0,
40809,2022-01-06 07:00:00,40.673782,-73.87405,1,0,Failure to Yield Right-of-Way,4492450,4.1,-0.7,0.0,0.0,0.0,0.0,3,20.2,38.2,269,Overcast,1,1,
40810,2021-06-22 11:40:00,40.666233,-73.761,0,0,Following Too Closely,4429872,24.2,15.1,8.5,8.5,0.0,9.0,63,22.2,43.2,305,Rain: Moderate,0,0,
40811,2021-06-22 14:30:00,40.86558,-73.89888,0,0,Driver Inattention/Distraction,4429924,24.2,15.1,8.5,8.5,0.0,9.0,63,22.2,43.2,305,Rain: Moderate,0,0,
40812,2021-06-20 01:10:00,40.767242,-73.986206,0,0,Traffic Control Disregarded,4430654,28.7,17.3,0.3,0.3,0.0,2.0,51,19.5,40.0,212,Drizzle: Light,0,0,
40813,2021-06-21 10:26:00,40.66173,-73.96078,1,0,Pedestrian/Bicyclist/Other Pedestrian Error/Confusion,4430632,28.0,21.7,0.5,0.5,0.0,2.0,51,24.4,46.8,181,Drizzle: Light,1,1,
40814,2021-06-20 20:35:00,40.692123,-73.75541,0,0,Other Vehicular,4430496,28.7,17.3,0.3,0.3,0.0,2.0,51,19.5,40.0,212,Drizzle: Light,0,0,
40815,2021-06-20 18:47:00,40.6802,-73.953285,1,0,Pedestrian/Bicyclist/Other Pedestrian Error/Confusion,4430403,28.7,17.3,0.3,0.3,0.0,2.0,51,19.5,40.0,212,Drizzle: Light,1,1,
40816,2021-06-21 11:00:00,40.73272,-74.00462,0,0,Unspecified,4430589,28.0,21.7,0.5,0.5,0.0,2.0,51,24.4,46.8,181,Drizzle: Light,0,0,
40817,2021-06-22 22:00:00,40.712414,-73.76262,0,0,Driver Inattention/Distraction,4430143,24.2,15.1,8.5,8.5,0.0,9.0,63,22.2,43.2,305,Rain: Moderate,0,0,
40818,2021-06-21 16:00:00,40.833477,-73.94348,0,0,Driver Inattention/Distraction,4430317,28.0,21.7,0.5,0.5,0.0,2.0,51,24.4,46.8,181,Drizzle: Light,0,0,
40819,2021-06-22 17:19:00,40.752434,-73.74126,1,0,Failure to Yield Right-of-Way,4429847,24.2,15.1,8.5,8.5,0.0,9.0,63,22.2,43.2,305,Rain: Moderate,1,1,
40820,2021-06-22 15:00:00,40.61054,-74.103455,1,0,Unsafe Lane Changing,4430229,24.2,15.1,8.5,8.5,0.0,9.0,63,22.2,43.2,305,Rain: Moderate,1,1,
40821,2021-06-22 18:30:00,40.902836,-73.85329,1,0,Driver Inattention/Distraction,4430065,24.2,15.1,8.5,8.5,0.0,9.0,63,22.2,43.2,305,Rain: Moderate,1,1,
40822,2021-06-22 15:30:00,40.76975,-73.96061,1,0,Steering Failure,4429946,24.2,15.1,8.5,8.5,0.0,9.0,63,22.2,43.2,305,Rain: Moderate,1,1,
40823,2021-06-22 13:20:00,40.726814,-73.95355,0,0,Driver Inattention/Distraction,4430651,24.2,15.1,8.5,8.5,0.0,9.0,63,22.2,43.2,305,Rain: Moderate,0,0,
40824,2021-06-17 15:55:00,40.800552,-73.958206,1,0,Unsafe Speed,4430449,23.9,12.1,0.0,0.0,0.0,0.0,3,13.4,27.4,311,Overcast,1,1,
40825,2021-06-22 09:45:00,40.59011,-73.97422,0,0,Driver Inattention/Distraction,4430025,24.2,15.1,8.5,8.5,0.0,9.0,63,22.2,43.2,305,Rain: Moderate,0,0,
40826,2021-06-21 00:00:00,40.695705,-73.94637,1,0,Driver Inattention/Distraction,4430405,28.0,21.7,0.5,0.5,0.0,2.0,51,24.4,46.8,181,Drizzle: Light,1,1,
40827,2021-06-22 16:52:00,40.617462,-74.01039,1,0,Driver Inattention/Distraction,4429890,24.2,15.1,8.5,8.5,0.0,9.0,63,22.2,43.2,305,Rain: Moderate,1,1,
40828,2021-06-21 04:55:00,40.76296,-73.884834,0,0,Driver Inattention/Distraction,4430328,28.0,21.7,0.5,0.5,0.0,2.0,51,24.4,46.8,181,Drizzle: Light,0,0,
40829,2021-06-20 03:10:00,40.841293,-73.8828,1,0,Driver Inattention/Distraction,4430374,28.7,17.3,0.3,0.3,0.0,2.0,51,19.5,40.0,212,Drizzle: Light,1,1,
40830,2021-06-22 00:00:00,40.724285,-73.9756,2,0,Failure to Yield Right-of-Way,4429923,24.2,15.1,8.5,8.5,0.0,9.0,63,22.2,43.2,305,Rain: Moderate,2,2,
40831,2021-06-22 23:00:00,40.772507,-73.809944,0,0,Passing Too Closely,4430238,24.2,15.1,8.5,8.5,0.0,9.0,63,22.2,43.2,305,Rain: Moderate,0,0,
40832,2021-06-22 19:30:00,40.57987,-73.95667,0,0,Unsafe Speed,4430031,24.2,15.1,8.5,8.5,0.0,9.0,63,22.2,43.2,305,Rain: Moderate,0,0,
40833,2021-06-22 03:45:00,40.708595,-73.7969,0,0,Turning Improperly,4429819,24.2,15.1,8.5,8.5,0.0,9.0,63,22.2,43.2,305,Rain: Moderate,0,0,
40834,2021-06-22 06:30:00,40.67807,-73.94139,0,0,Passing Too Closely,4430046,24.2,15.1,8.5,8.5,0.0,9.0,63,22.2,43.2,305,Rain: Moderate,0,0,
40835,2021-06-22 17:05:00,40.625343,-74.03617,1,0,Unspecified,4429886,24.2,15.1,8.5,8.5,0.0,9.0,63,22.2,43.2,305,Rain: Moderate,1,1,
40836,2021-06-22 12:15:00,40.57587,-73.95948,1,0,Driver Inattention/Distraction,4430030,24.2,15.1,8.5,8.5,0.0,9.0,63,22.2,43.2,305,Rain: Moderate,1,1,
40837,2021-06-21 07:05:00,40.765224,-73.92275,1,0,Unspecified,4430425,28.0,21.7,0.5,0.5,0.0,2.0,51,24.4,46.8,181,Drizzle: Light,1,1,
40838,2021-06-22 14:30:00,40.733536,-73.87035,2,0,Passing or Lane Usage Improper,4429938,24.2,15.1,8.5,8.5,0.0,9.0,63,22.2,43.2,305,Rain: Moderate,2,2,
40839,2021-06-08 14:16:00,40.80014,-73.95319,1,0,Driver Inattention/Distraction,4430437,30.1,22.0,5.9,5.9,0.0,9.0,61,16.6,34.6,215,Rain: Light,1,1,
40840,2021-06-22 00:30:00,40.807213,-73.92841,0,0,Backing Unsafely,4429638,24.2,15.1,8.5,8.5,0.0,9.0,63,22.2,43.2,305,Rain: Moderate,0,0,
40841,2021-06-22 21:45:00,40.87965,-73.84236,0,0,Following Too Closely,4430462,24.2,15.1,8.5,8.5,0.0,9.0,63,22.2,43.2,305,Rain: Moderate,0,0,
40842,2021-06-19 19:10:00,40.587315,-74.15494,0,0,Driver Inattention/Distraction,4430363,31.5,19.5,1.2,1.2,0.0,3.0,53,21.1,38.2,243,Drizzle: Moderate,0,0,
40843,2021-06-22 18:59:00,40.75455,-73.96252,2,0,Alcohol Involvement,4430565,24.2,15.1,8.5,8.5,0.0,9.0,63,22.2,43.2,305,Rain: Moderate,2,2,
40844,2021-06-21 15:01:00,40.706554,-73.95832,1,0,Driver Inattention/Distraction,4430522,28.0,21.7,0.5,0.5,0.0,2.0,51,24.4,46.8,181,Drizzle: Light,1,1,
40845,2021-06-22 17:02:00,40.681126,-73.96446,0,0,Passing or Lane Usage Improper,4430189,24.2,15.1,8.5,8.5,0.0,9.0,63,22.2,43.2,305,Rain: Moderate,0,0,
40846,2021-06-22 00:30:00,40.54638,-74.14727,0,0,Unsafe Speed,4429803,24.2,15.1,8.5,8.5,0.0,9.0,63,22.2,43.2,305,Rain: Moderate,0,0,
40847,2021-06-22 14:47:00,40.62893,-73.971375,0,0,Driver Inattention/Distraction,4429806,24.2,15.1,8.5,8.5,0.0,9.0,63,22.2,43.2,305,Rain: Moderate,0,0,
40848,2021-06-22 17:00:00,40.604046,-73.756996,1,0,Failure to Yield Right-of-Way,4430090,24.2,15.1,8.5,8.5,0.0,9.0,63,22.2,43.2,305,Rain: Moderate,1,1,
40849,2021-06-21 05:50:00,40.889217,-73.866875,1,0,Other Vehicular,4430460,28.0,21.7,0.5,0.5,0.0,2.0,51,24.4,46.8,181,Drizzle: Light,1,1,
40850,2021-06-22 19:50:00,40.58729,-73.81317,0,0,Unspecified,4430176,24.2,15.1,8.5,8.5,0.0,9.0,63,22.2,43.2,305,Rain: Moderate,0,0,
40851,2021-06-14 05:30:00,40.676792,-73.737946,1,0,Alcohol Involvement,4430487,21.4,17.5,21.7,21.7,0.0,11.0,65,21.1,48.6,154,Rain: Heavy,1,1,
40852,2021-06-22 13:19:00,40.665474,-73.74751,0,0,Unsafe Lane Changing,4429871,24.2,15.1,8.5,8.5,0.0,9.0,63,22.2,43.2,305,Rain: Moderate,0,0,
40853,2021-06-22 17:15:00,40.70854,-73.927414,0,0,Failure to Yield Right-of-Way,4430276,24.2,15.1,8.5,8.5,0.0,9.0,63,22.2,43.2,305,Rain: Moderate,0,0,
40854,2021-06-16 17:00:00,40.748245,-73.976295,1,0,Pedestrian/Bicyclist/Other Pedestrian Error/Confusion,4430518,23.1,15.1,0.0,0.0,0.0,0.0,1,20.2,40.0,317,Mainly clear,1,1,Sunny/Clear Conditions
40855,2021-06-22 12:00:00,40.66544,-73.83519,0,0,Backing Unsafely,4429763,24.2,15.1,8.5,8.5,0.0,9.0,63,22.2,43.2,305,Rain: Moderate,0,0,
40856,2021-06-22 19:39:00,40.635426,-73.92474,0,0,Driver Inattention/Distraction,4430106,24.2,15.1,8.5,8.5,0.0,9.0,63,22.2,43.2,305,Rain: Moderate,0,0,
40857,2021-06-22 16:29:00,40.60166,-73.94214,1,0,Unspecified,4430261,24.2,15.1,8.5,8.5,0.0,9.0,63,22.2,43.2,305,Rain: Moderate,1,1,
40858,2021-06-08 16:10:00,40.78917,-73.95275,1,0,Unsafe Speed,4430323,30.1,22.0,5.9,5.9,0.0,9.0,61,16.6,34.6,215,Rain: Light,1,1,
40859,2021-06-22 09:30:00,40.6009,-73.937546,0,0,Unspecified,4429769,24.2,15.1,8.5,8.5,0.0,9.0,63,22.2,43.2,305,Rain: Moderate,0,0,
40860,2021-06-22 11:20:00,40.791855,-73.850746,1,0,Failure to Yield Right-of-Way,4429824,24.2,15.1,8.5,8.5,0.0,9.0,63,22.2,43.2,305,Rain: Moderate,1,1,
40861,2021-06-22 22:35:00,40.82319,-73.889496,2,0,Unspecified,4430502,24.2,15.1,8.5,8.5,0.0,9.0,63,22.2,43.2,305,Rain: Moderate,2,2,
40862,2021-06-12 21:36:00,40.614803,-73.94458,2,0,Pedestrian/Bicyclist/Other Pedestrian Error/Confusion,4430510,21.2,16.4,0.4,0.4,0.0,3.0,51,15.5,31.3,112,Drizzle: Light,2,2,
40863,2021-06-22 14:32:00,40.65152,-73.909454,2,0,Unspecified,4429863,24.2,15.1,8.5,8.5,0.0,9.0,63,22.2,43.2,305,Rain: Moderate,2,2,
40864,2021-06-22 18:47:00,40.634506,-73.949455,0,0,Driver Inattention/Distraction,4429963,24.2,15.1,8.5,8.5,0.0,9.0,63,22.2,43.2,305,Rain: Moderate,0,0,
40865,2021-06-21 11:35:00,40.71766,-73.99223,1,0,Driver Inexperience,4430491,28.0,21.7,0.5,0.5,0.0,2.0,51,24.4,46.8,181,Drizzle: Light,1,1,
40866,2021-06-22 15:30:00,40.80602,-73.954216,1,0,View Obstructed/Limited,4430452,24.2,15.1,8.5,8.5,0.0,9.0,63,22.2,43.2,305,Rain: Moderate,1,1,
40867,2021-06-22 12:15:00,40.878643,-73.871605,0,0,Driver Inexperience,4429791,24.2,15.1,8.5,8.5,0.0,9.0,63,22.2,43.2,305,Rain: Moderate,0,0,
40868,2021-06-22 17:20:00,40.709007,-73.75686,1,0,Unsafe Speed,4429884,24.2,15.1,8.5,8.5,0.0,9.0,63,22.2,43.2,305,Rain: Moderate,1,1,
40869,2021-06-22 00:30:00,40.7847,-73.83854,0,0,Unspecified,4429748,24.2,15.1,8.5,8.5,0.0,9.0,63,22.2,43.2,305,Rain: Moderate,0,0,
40870,2021-06-22 11:20:00,40.70022,-73.96219,1,0,Following Too Closely,4429850,24.2,15.1,8.5,8.5,0.0,9.0,63,22.2,43.2,305,Rain: Moderate,1,1,
40871,2021-06-08 15:00:00,40.62738,-74.08085,0,0,Unspecified,4430578,30.1,22.0,5.9,5.9,0.0,9.0,61,16.6,34.6,215,Rain: Light,0,0,
40872,2021-06-22 16:41:00,40.83995,-73.87682,0,0,Failure to Yield Right-of-Way,4430082,24.2,15.1,8.5,8.5,0.0,9.0,63,22.2,43.2,305,Rain: Moderate,0,0,
40873,2021-06-22 13:15:00,40.70569,-73.806145,1,0,Failure to Yield Right-of-Way,4429833,24.2,15.1,8.5,8.5,0.0,9.0,63,22.2,43.2,305,Rain: Moderate,1,1,
40874,2020-06-23 17:44:00,40.74206,-73.82453,0,0,Driver Inattention/Distraction,4430678,27.8,20.5,0.0,0.0,0.0,0.0,3,24.1,47.5,172,Overcast,0,0,
40875,2021-06-17 17:28:00,40.7563,-73.92007,1,0,Unspecified,4430424,23.9,12.1,0.0,0.0,0.0,0.0,3,13.4,27.4,311,Overcast,1,1,
40876,2021-06-22 19:58:00,40.74515,-73.71922,0,0,Driver Inattention/Distraction,4429903,24.2,15.1,8.5,8.5,0.0,9.0,63,22.2,43.2,305,Rain: Moderate,0,0,
40877,2021-06-22 06:31:00,40.810734,-73.88838,0,0,Unspecified,4430157,24.2,15.1,8.5,8.5,0.0,9.0,63,22.2,43.2,305,Rain: Moderate,0,0,
40878,2021-06-22 07:40:00,40.683453,-73.9883,2,0,Unsafe Speed,4430307,24.2,15.1,8.5,8.5,0.0,9.0,63,22.2,43.2,305,Rain: Moderate,2,2,
40879,2021-06-22 13:00:00,40.780224,-73.80255,1,0,Failure to Yield Right-of-Way,4430235,24.2,15.1,8.5,8.5,0.0,9.0,63,22.2,43.2,305,Rain: Moderate,1,1,
40880,2021-06-22 06:20:00,40.806164,-73.909134,2,0,Traffic Control Disregarded,4429952,24.2,15.1,8.5,8.5,0.0,9.0,63,22.2,43.2,305,Rain: Moderate,2,2,
40881,2021-06-21 17:05:00,40.771515,-73.93128,0,0,Unspecified,4430383,28.0,21.7,0.5,0.5,0.0,2.0,51,24.4,46.8,181,Drizzle: Light,0,0,
40882,2021-06-21 00:00:00,40.71234,-73.788605,1,0,Traffic Control Disregarded,4430480,28.0,21.7,0.5,0.5,0.0,2.0,51,24.4,46.8,181,Drizzle: Light,1,1,
40883,2021-06-22 23:22:00,40.63029,-73.974335,0,0,Driver Inattention/Distraction,4429897,24.2,15.1,8.5,8.5,0.0,9.0,63,22.2,43.2,305,Rain: Moderate,0,0,
40884,2021-06-15 13:30:00,40.552135,-74.2121,0,0,Unspecified,4430413,25.1,17.4,1.0,1.0,0.0,4.0,53,17.7,33.8,295,Drizzle: Moderate,0,0,
40885,2021-06-22 14:31:00,40.634617,-74.02353,0,0,Passing or Lane Usage Improper,4429889,24.2,15.1,8.5,8.5,0.0,9.0,63,22.2,43.2,305,Rain: Moderate,0,0,
40886,2021-06-09 00:01:00,40.79867,-73.95347,1,0,Unspecified,4430438,30.2,21.4,1.1,1.1,0.0,5.0,51,11.7,28.1,286,Drizzle: Light,1,1,
40887,2021-06-21 21:15:00,40.73305,-74.01014,0,0,Driver Inattention/Distraction,4430590,28.0,21.7,0.5,0.5,0.0,2.0,51,24.4,46.8,181,Drizzle: Light,0,0,
40888,2021-06-22 15:00:00,40.57437,-74.10584,1,0,Driver Inexperience,4429816,24.2,15.1,8.5,8.5,0.0,9.0,63,22.2,43.2,305,Rain: Moderate,1,1,
40889,2021-06-22 16:25:00,40.867878,-73.893005,1,0,Passing Too Closely,4429925,24.2,15.1,8.5,8.5,0.0,9.0,63,22.2,43.2,305,Rain: Moderate,1,1,
40890,2021-06-22 16:44:00,40.65764,-73.94162,0,0,Unspecified,4430538,24.2,15.1,8.5,8.5,0.0,9.0,63,22.2,43.2,305,Rain: Moderate,0,0,
40891,2021-06-22 17:55:00,40.801754,-73.93121,1,0,Driver Inattention/Distraction,4430476,24.2,15.1,8.5,8.5,0.0,9.0,63,22.2,43.2,305,Rain: Moderate,1,1,
40892,2021-06-21 18:40:00,40.701332,-73.92684,1,0,Failure to Yield Right-of-Way,4430367,28.0,21.7,0.5,0.5,0.0,2.0,51,24.4,46.8,181,Drizzle: Light,1,1,
40893,2021-05-29 16:39:00,40.668518,-73.96196,0,0,Driverless/Runaway Vehicle,4430605,11.0,8.5,25.1,25.1,0.0,22.0,63,29.9,56.9,39,Rain: Moderate,0,0,
40894,2021-06-22 22:20:00,40.879383,-73.86007,0,0,Driver Inattention/Distraction,4430063,24.2,15.1,8.5,8.5,0.0,9.0,63,22.2,43.2,305,Rain: Moderate,0,0,
40895,2021-06-21 06:20:00,40.843735,-73.895905,2,0,Driver Inattention/Distraction,4430375,28.0,21.7,0.5,0.5,0.0,2.0,51,24.4,46.8,181,Drizzle: Light,2,2,
40896,2021-06-22 14:25:00,40.673008,-73.78809,0,0,Following Too Closely,4429915,24.2,15.1,8.5,8.5,0.0,9.0,63,22.2,43.2,305,Rain: Moderate,0,0,
40897,2021-06-22 17:30:00,40.83801,-73.87329,1,0,Driver Inattention/Distraction,4429876,24.2,15.1,8.5,8.5,0.0,9.0,63,22.2,43.2,305,Rain: Moderate,1,1,
40898,2021-06-10 15:30:00,40.807102,-73.95381,0,0,Unspecified,4430431,26.7,16.8,0.0,0.0,0.0,0.0,3,20.9,40.3,78,Overcast,0,0,
40899,2021-06-21 10:37:00,40.801384,-73.95388,0,0,Unspecified,4430444,28.0,21.7,0.5,0.5,0.0,2.0,51,24.4,46.8,181,Drizzle: Light,0,0,
40900,2021-06-22 15:15:00,40.81838,-73.94699,2,0,Pavement Slippery,4430134,24.2,15.1,8.5,8.5,0.0,9.0,63,22.2,43.2,305,Rain: Moderate,2,2,
40901,2021-06-19 00:00:00,40.841293,-73.8828,1,0,Driver Inattention/Distraction,4430350,31.5,19.5,1.2,1.2,0.0,3.0,53,21.1,38.2,243,Drizzle: Moderate,1,1,
40902,2022-07-03 13:08:00,40.895374,-73.86356,1,0,Lost Consciousness,4543472,31.2,21.0,0.0,0.0,0.0,0.0,3,15.8,31.3,341,Overcast,1,1,
40903,2022-07-03 03:45:00,40.736828,-73.98418,0,0,Unspecified,4543058,31.2,21.0,0.0,0.0,0.0,0.0,3,15.8,31.3,341,Overcast,0,0,
40904,2021-06-22 15:20:00,40.76552,-73.98004,0,0,Unsafe Lane Changing,4430033,24.2,15.1,8.5,8.5,0.0,9.0,63,22.2,43.2,305,Rain: Moderate,0,0,
40905,2021-06-21 15:08:00,40.66677,-73.98831,1,0,Failure to Yield Right-of-Way,4430486,28.0,21.7,0.5,0.5,0.0,2.0,51,24.4,46.8,181,Drizzle: Light,1,1,
40906,2021-06-21 06:52:00,40.65738,-73.945984,1,0,Passing or Lane Usage Improper,4430542,28.0,21.7,0.5,0.5,0.0,2.0,51,24.4,46.8,181,Drizzle: Light,1,1,
40907,2021-06-22 14:40:00,40.68324,-73.9439,0,0,Following Too Closely,4430048,24.2,15.1,8.5,8.5,0.0,9.0,63,22.2,43.2,305,Rain: Moderate,0,0,
40908,2021-06-21 10:38:00,40.682915,-73.94674,2,0,Lost Consciousness,4430528,28.0,21.7,0.5,0.5,0.0,2.0,51,24.4,46.8,181,Drizzle: Light,2,2,
40909,2021-06-22 19:50:00,40.686375,-73.94931,0,0,Driver Inexperience,4430406,24.2,15.1,8.5,8.5,0.0,9.0,63,22.2,43.2,305,Rain: Moderate,0,0,
40910,2021-06-22 00:00:00,40.81361,-73.913345,0,0,Traffic Control Disregarded,4429641,24.2,15.1,8.5,8.5,0.0,9.0,63,22.2,43.2,305,Rain: Moderate,0,0,
40911,2021-06-13 21:00:00,40.76948,-73.931046,0,0,Passing or Lane Usage Improper,4430468,23.9,15.0,0.2,0.2,0.0,2.0,51,17.7,35.6,185,Drizzle: Light,0,0,
40912,2021-06-11 12:15:00,40.801403,-73.95814,0,0,Passing Too Closely,4430432,20.7,15.3,1.2,1.2,0.0,3.0,53,13.2,27.0,97,Drizzle: Moderate,0,0,
40913,2021-06-22 15:20:00,40.65612,-73.9386,0,0,Driver Inattention/Distraction,4429895,24.2,15.1,8.5,8.5,0.0,9.0,63,22.2,43.2,305,Rain: Moderate,0,0,
40914,2021-06-22 11:00:00,40.696053,-73.978935,0,0,Unspecified,4430190,24.2,15.1,8.5,8.5,0.0,9.0,63,22.2,43.2,305,Rain: Moderate,0,0,
40915,2021-06-22 15:25:00,40.871315,-73.860374,1,0,Driver Inattention/Distraction,4429808,24.2,15.1,8.5,8.5,0.0,9.0,63,22.2,43.2,305,Rain: Moderate,1,1,
40916,2021-06-22 17:00:00,40.637756,-74.00721,0,0,Unspecified,4430177,24.2,15.1,8.5,8.5,0.0,9.0,63,22.2,43.2,305,Rain: Moderate,0,0,
40917,2021-06-18 20:00:00,40.800392,-73.95461,0,0,Driver Inattention/Distraction,4430448,27.4,13.8,0.0,0.0,0.0,0.0,3,20.5,40.3,210,Overcast,0,0,
40918,2021-06-22 15:00:00,40.62615,-74.15741,0,0,Driver Inattention/Distraction,4430368,24.2,15.1,8.5,8.5,0.0,9.0,63,22.2,43.2,305,Rain: Moderate,0,0,
40919,2021-06-22 18:00:00,40.72584,-74.00757,0,0,Aggressive Driving/Road Rage,4429951,24.2,15.1,8.5,8.5,0.0,9.0,63,22.2,43.2,305,Rain: Moderate,0,0,
40920,2021-06-22 07:30:00,40.57741,-73.96237,0,0,Other Vehicular,4430024,24.2,15.1,8.5,8.5,0.0,9.0,63,22.2,43.2,305,Rain: Moderate,0,0,