,CRASH DATETIME,LATITUDE,LONGITUDE,NUMBER OF PERSONS INJURED,NUMBER OF PERSONS KILLED,CONTRIBUTING FACTOR VEHICLE 1,COLLISION_ID,temperature_2m_max,temperature_2m_min,precipitation_sum,rain_sum,snowfall_sum,precipitation_hours,weather_code,wind_speed_10m_max,wind_gusts_10m_max,wind_direction_10m_dominant,Weather Description,Severity_Score,Total_Affected_Persons,Weather_Category
40921,2021-06-13 17:30:00,40.69406,-73.74953,0,0,Traffic Control Disregarded,4430335,23.9,15.0,0.2,0.2,0.0,2.0,51,17.7,35.6,185,Drizzle: Light,0,0,
40922,2021-06-22 00:01:00,40.84377,-73.88956,0,0,Driver Inattention/Distraction,4430083,24.2,15.1,8.5,8.5,0.0,9.0,63,22.2,43.2,305,Rain: Moderate,0,0,
40923,2021-06-22 12:59:00,40.70612,-73.799835,0,0,Passing Too Closely,4429832,24.2,15.1,8.5,8.5,0.0,9.0,63,22.2,43.2,305,Rain: Moderate,0,0,
40924,2021-06-22 15:20:00,40.666077,-73.995224,0,0,Unspecified,4429868,24.2,15.1,8.5,8.5,0.0,9.0,63,22.2,43.2,305,Rain: Moderate,0,0,
40925,2021-06-21 17:14:00,40.745724,-73.97813,1,0,Reaction to Uninvolved Vehicle,4430517,28.0,21.7,0.5,0.5,0.0,2.0,51,24.4,46.8,181,Drizzle: Light,1,1,
40926,2021-06-22 08:45:00,40.671463,-73.97881,0,0,Passing Too Closely,4429764,24.2,15.1,8.5,8.5,0.0,9.0,63,22.2,43.2,305,Rain: Moderate,0,0,
40927,2021-06-17 14:43:00,40.709095,-73.99622,0,0,Driver Inattention/Distraction,4430492,23.9,12.1,0.0,0.0,0.0,0.0,3,13.4,27.4,311,Overcast,0,0,
40928,2021-06-22 05:12:00,40.776062,-73.90876,0,0,Driver Inexperience,4430109,24.2,15.1,8.5,8.5,0.0,9.0,63,22.2,43.2,305,Rain: Moderate,0,0,
40929,2021-06-22 14:50:00,40.59752,-73.941345,0,0,Unspecified,4429921,24.2,15.1,8.5,8.5,0.0,9.0,63,22.2,43.2,305,Rain: Moderate,0,0,
40930,2021-06-22 23:06:00,40.71665,-73.94474,0,0,Driver Inattention/Distraction,4430639,24.2,15.1,8.5,8.5,0.0,9.0,63,22.2,43.2,305,Rain: Moderate,0,0,
40931,2021-06-14 07:15:00,40.707233,-73.7865,0,0,Traffic Control Disregarded,4430457,21.4,17.5,21.7,21.7,0.0,11.0,65,21.1,48.6,154,Rain: Heavy,0,0,
40932,2021-06-22 14:25:00,40.6411,-73.90463,1,0,Following Too Closely,4430554,24.2,15.1,8.5,8.5,0.0,9.0,63,22.2,43.2,305,Rain: Moderate,1,1,
40933,2021-06-22 17:30:00,40.5595,-74.1667,0,0,Following Too Closely,4429836,24.2,15.1,8.5,8.5,0.0,9.0,63,22.2,43.2,305,Rain: Moderate,0,0,
40934,2021-06-22 17:17:00,40.748363,-73.98041,1,0,View Obstructed/Limited,4429877,24.2,15.1,8.5,8.5,0.0,9.0,63,22.2,43.2,305,Rain: Moderate,1,1,
40935,2021-06-22 16:50:00,40.681,-73.97443,0,0,Passing Too Closely,4430352,24.2,15.1,8.5,8.5,0.0,9.0,63,22.2,43.2,305,Rain: Moderate,0,0,
40936,2021-06-22 19:22:00,40.679832,-73.8516,0,0,Backing Unsafely,4430266,24.2,15.1,8.5,8.5,0.0,9.0,63,22.2,43.2,305,Rain: Moderate,0,0,
40937,2021-06-22 11:40:00,40.837124,-73.909645,1,0,Failure to Yield Right-of-Way,4430291,24.2,15.1,8.5,8.5,0.0,9.0,63,22.2,43.2,305,Rain: Moderate,1,1,
40938,2021-06-21 08:45:00,40.69822,-73.984955,0,0,Turning Improperly,4430656,28.0,21.7,0.5,0.5,0.0,2.0,51,24.4,46.8,181,Drizzle: Light,0,0,
40939,2021-06-22 09:43:00,40.62143,-74.02299,0,0,Failure to Yield Right-of-Way,4429762,24.2,15.1,8.5,8.5,0.0,9.0,63,22.2,43.2,305,Rain: Moderate,0,0,
40940,2021-06-22 07:50:00,40.58902,-74.13867,1,0,Fatigued/Drowsy,4429802,24.2,15.1,8.5,8.5,0.0,9.0,63,22.2,43.2,305,Rain: Moderate,1,1,
40941,2021-06-21 01:30:00,40.608505,-74.133125,0,0,Driver Inattention/Distraction,4430682,28.0,21.7,0.5,0.5,0.0,2.0,51,24.4,46.8,181,Drizzle: Light,0,0,
40942,2021-06-22 11:30:00,40.668102,-73.980576,1,0,Unspecified,4430120,24.2,15.1,8.5,8.5,0.0,9.0,63,22.2,43.2,305,Rain: Moderate,1,1,
40943,2021-06-22 09:00:00,40.765686,-73.82913,0,0,Following Too Closely,4429744,24.2,15.1,8.5,8.5,0.0,9.0,63,22.2,43.2,305,Rain: Moderate,0,0,
40944,2021-06-22 12:00:00,40.62025,-74.03237,0,0,Driver Inattention/Distraction,4429885,24.2,15.1,8.5,8.5,0.0,9.0,63,22.2,43.2,305,Rain: Moderate,0,0,
40945,2021-06-22 13:00:00,40.621162,-74.037895,0,0,Unspecified,4430256,24.2,15.1,8.5,8.5,0.0,9.0,63,22.2,43.2,305,Rain: Moderate,0,0,
40946,2021-06-21 14:16:00,40.6323,-74.077126,4,0,Unspecified,4430580,28.0,21.7,0.5,0.5,0.0,2.0,51,24.4,46.8,181,Drizzle: Light,4,4,
40947,2021-06-22 08:40:00,40.755486,-73.82472,0,0,Passing Too Closely,4429823,24.2,15.1,8.5,8.5,0.0,9.0,63,22.2,43.2,305,Rain: Moderate,0,0,
40948,2021-06-19 19:00:00,40.80066,-73.9544,0,0,Unspecified,4430443,31.5,19.5,1.2,1.2,0.0,3.0,53,21.1,38.2,243,Drizzle: Moderate,0,0,
40949,2021-06-21 18:01:00,40.76862,-73.911156,1,0,Unspecified,4430416,28.0,21.7,0.5,0.5,0.0,2.0,51,24.4,46.8,181,Drizzle: Light,1,1,
40950,2021-06-22 13:55:00,40.717648,-73.98868,0,0,Other Vehicular,4429927,24.2,15.1,8.5,8.5,0.0,9.0,63,22.2,43.2,305,Rain: Moderate,0,0,
40951,2021-06-22 19:58:00,40.69787,-73.743034,1,0,Driver Inexperience,4429904,24.2,15.1,8.5,8.5,0.0,9.0,63,22.2,43.2,305,Rain: Moderate,1,1,
40952,2021-06-22 15:15:00,40.62435,-74.13927,0,0,Driver Inattention/Distraction,4430360,24.2,15.1,8.5,8.5,0.0,9.0,63,22.2,43.2,305,Rain: Moderate,0,0,
40953,2021-06-06 23:15:00,40.642586,-73.998604,0,0,Unspecified,4430382,31.0,20.0,0.0,0.0,0.0,0.0,1,16.6,32.4,222,Mainly clear,0,0,Sunny/Clear Conditions
40954,2021-06-22 22:25:00,40.678173,-73.85749,0,0,Alcohol Involvement,4429935,24.2,15.1,8.5,8.5,0.0,9.0,63,22.2,43.2,305,Rain: Moderate,0,0,
40955,2021-06-21 16:10:00,40.74425,-73.7334,0,0,Following Too Closely,4430592,28.0,21.7,0.5,0.5,0.0,2.0,51,24.4,46.8,181,Drizzle: Light,0,0,
40956,2021-06-22 14:10:00,40.56169,-74.124626,0,0,Passing or Lane Usage Improper,4429817,24.2,15.1,8.5,8.5,0.0,9.0,63,22.2,43.2,305,Rain: Moderate,0,0,
40957,2021-06-20 08:52:00,40.771667,-73.9867,0,0,Passing Too Closely,4430539,28.7,17.3,0.3,0.3,0.0,2.0,51,19.5,40.0,212,Drizzle: Light,0,0,
40958,2021-06-22 10:40:00,40.68753,-73.78495,3,0,Passing or Lane Usage Improper,4429790,24.2,15.1,8.5,8.5,0.0,9.0,63,22.2,43.2,305,Rain: Moderate,3,3,
40959,2021-06-16 01:33:00,40.802532,-73.95303,2,0,Following Too Closely,4430451,23.1,15.1,0.0,0.0,0.0,0.0,1,20.2,40.0,317,Mainly clear,2,2,Sunny/Clear Conditions
40960,2021-06-22 15:00:00,40.750942,-74.00598,0,0,Passing Too Closely,4430148,24.2,15.1,8.5,8.5,0.0,9.0,63,22.2,43.2,305,Rain: Moderate,0,0,
40961,2021-06-22 06:25:00,40.746002,-73.99427,1,0,Unspecified,4430304,24.2,15.1,8.5,8.5,0.0,9.0,63,22.2,43.2,305,Rain: Moderate,1,1,
40962,2021-06-22 15:25:00,40.80543,-73.92087,0,0,Passing or Lane Usage Improper,4429955,24.2,15.1,8.5,8.5,0.0,9.0,63,22.2,43.2,305,Rain: Moderate,0,0,
40963,2021-06-22 12:30:00,40.75896,-73.82985,1,0,Failure to Yield Right-of-Way,4430233,24.2,15.1,8.5,8.5,0.0,9.0,63,22.2,43.2,305,Rain: Moderate,1,1,
40964,2021-06-22 17:00:00,40.883575,-73.86281,0,0,Driver Inattention/Distraction,4430062,24.2,15.1,8.5,8.5,0.0,9.0,63,22.2,43.2,305,Rain: Moderate,0,0,
40965,2021-06-22 12:29:00,40.878643,-73.871605,0,0,Passing Too Closely,4429774,24.2,15.1,8.5,8.5,0.0,9.0,63,22.2,43.2,305,Rain: Moderate,0,0,
40966,2021-06-22 07:00:00,40.707752,-74.01171,0,0,Unspecified,4429706,24.2,15.1,8.5,8.5,0.0,9.0,63,22.2,43.2,305,Rain: Moderate,0,0,
40967,2021-06-22 14:14:00,40.622574,-74.03142,2,0,Following Too Closely,4429888,24.2,15.1,8.5,8.5,0.0,9.0,63,22.2,43.2,305,Rain: Moderate,2,2,
40968,2021-06-22 13:13:00,40.859303,-73.89884,0,0,Unspecified,4429979,24.2,15.1,8.5,8.5,0.0,9.0,63,22.2,43.2,305,Rain: Moderate,0,0,
40969,2021-06-22 15:45:00,40.63021,-73.93294,0,0,Unspecified,4429862,24.2,15.1,8.5,8.5,0.0,9.0,63,22.2,43.2,305,Rain: Moderate,0,0,
40970,2022-01-07 11:40:00,40.65354,-73.91019,0,0,Unspecified,4493029,-0.0,-5.7,9.0,0.0,6.3,11.0,75,26.8,48.6,313,Snow fall: Heavy,0,0,Snowy Conditions
40971,2021-06-09 19:45:00,40.80322,-73.95253,0,0,Driver Inattention/Distraction,4430439,30.2,21.4,1.1,1.1,0.0,5.0,51,11.7,28.1,286,Drizzle: Light,0,0,
40972,2022-01-06 20:40:00,40.7161,-73.79646,0,0,Unspecified,4492758,4.1,-0.7,0.0,0.0,0.0,0.0,3,20.2,38.2,269,Overcast,0,0,
40973,2021-06-22 19:49:00,40.63459,-73.93825,1,0,Driver Inattention/Distraction,4429898,24.2,15.1,8.5,8.5,0.0,9.0,63,22.2,43.2,305,Rain: Moderate,1,1,
40974,2021-06-22 16:48:00,40.708694,-73.92071,1,0,Failure to Yield Right-of-Way,4430376,24.2,15.1,8.5,8.5,0.0,9.0,63,22.2,43.2,305,Rain: Moderate,1,1,
40975,2021-06-22 12:09:00,40.690975,-73.753815,0,0,Passing Too Closely,4430503,24.2,15.1,8.5,8.5,0.0,9.0,63,22.2,43.2,305,Rain: Moderate,0,0,
40976,2021-06-22 10:00:00,40.769096,-73.92472,1,0,Passing or Lane Usage Improper,4430110,24.2,15.1,8.5,8.5,0.0,9.0,63,22.2,43.2,305,Rain: Moderate,1,1,
40977,2021-06-22 07:00:00,40.69051,-73.97872,0,0,Unspecified,4430531,24.2,15.1,8.5,8.5,0.0,9.0,63,22.2,43.2,305,Rain: Moderate,0,0,
40978,2021-06-22 18:37:00,40.638268,-74.0788,0,0,Brakes Defective,4430581,24.2,15.1,8.5,8.5,0.0,9.0,63,22.2,43.2,305,Rain: Moderate,0,0,
40979,2021-06-22 14:50:00,40.79147,-73.97411,0,0,Unspecified,4429809,24.2,15.1,8.5,8.5,0.0,9.0,63,22.2,43.2,305,Rain: Moderate,0,0,
40980,2021-06-22 16:20:00,40.734604,-73.70828,0,0,Unspecified,4430221,24.2,15.1,8.5,8.5,0.0,9.0,63,22.2,43.2,305,Rain: Moderate,0,0,
40981,2021-06-22 13:30:00,40.867958,-73.887695,1,0,,4430084,24.2,15.1,8.5,8.5,0.0,9.0,63,22.2,43.2,305,Rain: Moderate,1,1,
40982,2021-06-22 11:30:00,40.66484,-73.82229,2,0,Fell Asleep,4429794,24.2,15.1,8.5,8.5,0.0,9.0,63,22.2,43.2,305,Rain: Moderate,2,2,
40983,2021-06-22 15:30:00,40.737156,-73.87941,1,0,Driver Inattention/Distraction,4429843,24.2,15.1,8.5,8.5,0.0,9.0,63,22.2,43.2,305,Rain: Moderate,1,1,
40984,2021-06-20 08:20:00,40.83696,-73.93818,0,0,Driver Inattention/Distraction,4430321,28.7,17.3,0.3,0.3,0.0,2.0,51,19.5,40.0,212,Drizzle: Light,0,0,
40985,2021-06-22 11:10:00,40.830563,-73.92727,1,0,Driver Inattention/Distraction,4430292,24.2,15.1,8.5,8.5,0.0,9.0,63,22.2,43.2,305,Rain: Moderate,1,1,
40986,2021-06-22 08:05:00,40.865997,-73.89981,0,0,Passing or Lane Usage Improper,4429765,24.2,15.1,8.5,8.5,0.0,9.0,63,22.2,43.2,305,Rain: Moderate,0,0,
40987,2021-06-16 09:00:00,40.78031,-73.98569,1,0,Pedestrian/Bicyclist/Other Pedestrian Error/Confusion,4430540,23.1,15.1,0.0,0.0,0.0,0.0,1,20.2,40.0,317,Mainly clear,1,1,Sunny/Clear Conditions
40988,2021-06-22 12:34:00,40.69764,-73.92932,1,0,Traffic Control Disregarded,4430371,24.2,15.1,8.5,8.5,0.0,9.0,63,22.2,43.2,305,Rain: Moderate,1,1,
40989,2021-06-19 19:35:00,40.722584,-74.00636,0,0,Unspecified,4430638,31.5,19.5,1.2,1.2,0.0,3.0,53,21.1,38.2,243,Drizzle: Moderate,0,0,
40990,2021-06-22 09:50:00,40.744167,-73.889015,1,0,Backing Unsafely,4429941,24.2,15.1,8.5,8.5,0.0,9.0,63,22.2,43.2,305,Rain: Moderate,1,1,
40991,2021-03-27 02:00:00,40.754055,-73.99583,0,0,Backing Unsafely,4430427,17.8,6.8,0.0,0.0,0.0,0.0,3,21.8,43.2,253,Overcast,0,0,
40992,2021-06-18 15:00:00,40.804333,-73.95305,0,0,Unspecified,4430433,27.4,13.8,0.0,0.0,0.0,0.0,3,20.5,40.3,210,Overcast,0,0,
40993,2021-06-22 00:05:00,40.666138,-73.82422,0,0,Unsafe Speed,4429645,24.2,15.1,8.5,8.5,0.0,9.0,63,22.2,43.2,305,Rain: Moderate,0,0,
40994,2021-06-21 12:05:00,40.82319,-73.889496,0,0,Unspecified,4430515,28.0,21.7,0.5,0.5,0.0,2.0,51,24.4,46.8,181,Drizzle: Light,0,0,
40995,2021-06-22 13:00:00,40.830048,-73.86983,0,0,Unspecified,4430054,24.2,15.1,8.5,8.5,0.0,9.0,63,22.2,43.2,305,Rain: Moderate,0,0,
40996,2021-06-21 04:55:00,40.7084,-73.89801,0,0,Driver Inattention/Distraction,4430470,28.0,21.7,0.5,0.5,0.0,2.0,51,24.4,46.8,181,Drizzle: Light,0,0,
40997,2021-06-22 16:05:00,40.691826,-73.930824,2,0,Unsafe Speed,4429894,24.2,15.1,8.5,8.5,0.0,9.0,63,22.2,43.2,305,Rain: Moderate,2,2,
40998,2021-06-19 00:00:00,40.688995,-73.78581,1,0,Failure to Yield Right-of-Way,4430336,31.5,19.5,1.2,1.2,0.0,3.0,53,21.1,38.2,243,Drizzle: Moderate,1,1,
40999,2021-06-22 18:55:00,40.58466,-73.95086,0,0,Driver Inattention/Distraction,4429920,24.2,15.1,8.5,8.5,0.0,9.0,63,22.2,43.2,305,Rain: Moderate,0,0,
41000,2021-06-22 09:50:00,40.721504,-73.93844,0,0,Passing Too Closely,4430669,24.2,15.1,8.5,8.5,0.0,9.0,63,22.2,43.2,305,Rain: Moderate,0,0,
41001,2021-06-22 10:20:00,40.76588,-73.99464,0,0,Following Too Closely,4430037,24.2,15.1,8.5,8.5,0.0,9.0,63,22.2,43.2,305,Rain: Moderate,0,0,
41002,2021-06-22 16:10:00,40.711117,-73.77603,0,0,Tire Failure/Inadequate,4429827,24.2,15.1,8.5,8.5,0.0,9.0,63,22.2,43.2,305,Rain: Moderate,0,0,
41003,2021-06-22 09:50:00,40.744453,-73.92983,3,0,Traffic Control Disregarded,4429758,24.2,15.1,8.5,8.5,0.0,9.0,63,22.2,43.2,305,Rain: Moderate,3,3,
41004,2021-06-22 16:58:00,40.665825,-73.957466,1,0,Driver Inattention/Distraction,4430183,24.2,15.1,8.5,8.5,0.0,9.0,63,22.2,43.2,305,Rain: Moderate,1,1,
41005,2021-06-20 02:30:00,40.71957,-73.75394,0,0,Unspecified,4430353,28.7,17.3,0.3,0.3,0.0,2.0,51,19.5,40.0,212,Drizzle: Light,0,0,
41006,2021-06-22 03:15:00,40.804066,-73.93117,1,0,Traffic Control Disregarded,4429878,24.2,15.1,8.5,8.5,0.0,9.0,63,22.2,43.2,305,Rain: Moderate,1,1,
41007,2021-06-22 10:00:00,40.650288,-73.9978,0,0,Unspecified,4429867,24.2,15.1,8.5,8.5,0.0,9.0,63,22.2,43.2,305,Rain: Moderate,0,0,
41008,2021-06-22 11:50:00,40.765545,-73.95471,0,0,Driver Inattention/Distraction,4430270,24.2,15.1,8.5,8.5,0.0,9.0,63,22.2,43.2,305,Rain: Moderate,0,0,
41009,2021-06-21 18:40:00,40.713642,-73.80694,1,0,Driver Inattention/Distraction,4430483,28.0,21.7,0.5,0.5,0.0,2.0,51,24.4,46.8,181,Drizzle: Light,1,1,
41010,2021-06-22 09:30:00,40.73195,-73.863434,0,0,Backing Unsafely,4429910,24.2,15.1,8.5,8.5,0.0,9.0,63,22.2,43.2,305,Rain: Moderate,0,0,
41011,2021-06-22 10:30:00,40.767494,-73.95933,0,0,Traffic Control Device Improper/Non-Working,4429949,24.2,15.1,8.5,8.5,0.0,9.0,63,22.2,43.2,305,Rain: Moderate,0,0,
41012,2021-06-17 21:12:00,40.802917,-73.94969,0,0,Unsafe Speed,4430447,23.9,12.1,0.0,0.0,0.0,0.0,3,13.4,27.4,311,Overcast,0,0,
41013,2021-06-21 05:25:00,40.509205,-74.24639,0,0,Unspecified,4430408,28.0,21.7,0.5,0.5,0.0,2.0,51,24.4,46.8,181,Drizzle: Light,0,0,
41014,2021-02-22 15:38:00,40.667477,-73.95623,1,0,Driver Inattention/Distraction,4430604,2.3,-6.6,14.0,7.0,4.9,9.0,75,23.8,42.5,216,Snow fall: Heavy,1,1,Snowy Conditions
41015,2021-06-18 14:16:00,40.59605,-74.14188,0,0,Driver Inattention/Distraction,4430688,27.4,13.8,0.0,0.0,0.0,0.0,3,20.5,40.3,210,Overcast,0,0,
41016,2021-06-22 11:19:00,40.70628,-74.01789,0,0,Unspecified,4430006,24.2,15.1,8.5,8.5,0.0,9.0,63,22.2,43.2,305,Rain: Moderate,0,0,
41017,2021-06-22 22:50:00,40.698807,-73.91837,0,0,Glare,4429899,24.2,15.1,8.5,8.5,0.0,9.0,63,22.2,43.2,305,Rain: Moderate,0,0,
41018,2021-06-22 23:00:00,40.79278,-73.94754,0,0,Unspecified,4430553,24.2,15.1,8.5,8.5,0.0,9.0,63,22.2,43.2,305,Rain: Moderate,0,0,
41019,2021-06-21 14:30:00,40.843822,-73.892494,0,0,Driver Inattention/Distraction,4430379,28.0,21.7,0.5,0.5,0.0,2.0,51,24.4,46.8,181,Drizzle: Light,0,0,
41020,2021-06-21 02:00:00,40.822163,-73.94242,0,0,Other Vehicular,4430401,28.0,21.7,0.5,0.5,0.0,2.0,51,24.4,46.8,181,Drizzle: Light,0,0,
41021,2021-06-18 15:00:00,40.51583,-74.233536,0,0,Driver Inattention/Distraction,4430417,27.4,13.8,0.0,0.0,0.0,0.0,3,20.5,40.3,210,Overcast,0,0,
41022,2021-06-22 16:35:00,40.7246,-73.93959,0,0,Driver Inattention/Distraction,4429930,24.2,15.1,8.5,8.5,0.0,9.0,63,22.2,43.2,305,Rain: Moderate,0,0,
41023,2022-01-02 11:44:00,40.785492,-73.984116,1,0,Reaction to Uninvolved Vehicle,4492858,13.1,2.7,16.0,16.0,0.0,8.0,65,25.1,52.6,318,Rain: Heavy,1,1,
41024,2022-01-05 22:23:00,40.641808,-73.99429,1,0,Unspecified,4492315,6.9,-2.1,0.5,0.5,0.0,4.0,51,21.8,38.2,216,Drizzle: Light,1,1,
41025,2022-01-07 08:17:00,40.746037,-73.71854,0,0,Following Too Closely,4492666,-0.0,-5.7,9.0,0.0,6.3,11.0,75,26.8,48.6,313,Snow fall: Heavy,0,0,Snowy Conditions
41026,2022-01-07 19:49:00,40.68794,-73.789635,0,0,Unspecified,4492812,-0.0,-5.7,9.0,0.0,6.3,11.0,75,26.8,48.6,313,Snow fall: Heavy,0,0,Snowy Conditions
41027,2022-01-06 15:20:00,40.686085,-73.982666,0,0,Passing or Lane Usage Improper,4492589,4.1,-0.7,0.0,0.0,0.0,0.0,3,20.2,38.2,269,Overcast,0,0,
41028,2022-01-07 15:00:00,40.855675,-73.85549,0,0,Following Too Closely,4492836,-0.0,-5.7,9.0,0.0,6.3,11.0,75,26.8,48.6,313,Snow fall: Heavy,0,0,Snowy Conditions
41029,2022-01-05 07:20:00,40.63359,-74.15812,0,0,Pavement Slippery,4492341,6.9,-2.1,0.5,0.5,0.0,4.0,51,21.8,38.2,216,Drizzle: Light,0,0,
41030,2022-01-06 16:13:00,40.857784,-73.83081,0,0,Backing Unsafely,4492545,4.1,-0.7,0.0,0.0,0.0,0.0,3,20.2,38.2,269,Overcast,0,0,
41031,2022-01-07 08:30:00,40.77526,-73.819664,0,0,Backing Unsafely,4492677,-0.0,-5.7,9.0,0.0,6.3,11.0,75,26.8,48.6,313,Snow fall: Heavy,0,0,Snowy Conditions
41032,2022-01-06 12:02:00,40.741478,-73.99147,0,0,Backing Unsafely,4492952,4.1,-0.7,0.0,0.0,0.0,0.0,3,20.2,38.2,269,Overcast,0,0,
41033,2022-01-05 22:15:00,40.74206,-73.82453,1,0,Unsafe Lane Changing,4492921,6.9,-2.1,0.5,0.5,0.0,4.0,51,21.8,38.2,216,Drizzle: Light,1,1,
41034,2022-01-04 23:19:00,40.680267,-73.9747,0,0,Following Too Closely,4493118,0.7,-6.7,0.0,0.0,0.0,0.0,3,20.0,36.4,287,Overcast,0,0,
41035,2022-01-07 15:13:00,40.598553,-73.997345,1,0,Driver Inattention/Distraction,4493155,-0.0,-5.7,9.0,0.0,6.3,11.0,75,26.8,48.6,313,Snow fall: Heavy,1,1,Snowy Conditions
41036,2022-01-06 02:40:00,40.69789,-73.899376,1,0,Unsafe Speed,4492818,4.1,-0.7,0.0,0.0,0.0,0.0,3,20.2,38.2,269,Overcast,1,1,
41037,2022-01-07 06:50:00,40.867767,-73.92593,0,0,Turning Improperly,4493081,-0.0,-5.7,9.0,0.0,6.3,11.0,75,26.8,48.6,313,Snow fall: Heavy,0,0,Snowy Conditions
41038,2022-01-06 16:30:00,40.599922,-73.93985,0,0,Unspecified,4492889,4.1,-0.7,0.0,0.0,0.0,0.0,3,20.2,38.2,269,Overcast,0,0,
41039,2022-01-06 12:37:00,40.865364,-73.92439,1,0,Traffic Control Disregarded,4493075,4.1,-0.7,0.0,0.0,0.0,0.0,3,20.2,38.2,269,Overcast,1,1,
41040,2022-01-03 12:00:00,40.654984,-74.00711,0,0,Unsafe Speed,4492838,2.0,-4.4,1.4,0.0,0.98,6.0,73,29.3,55.4,359,Snow fall: Moderate,0,0,Snowy Conditions
41041,2022-01-06 16:15:00,40.727287,-74.00064,0,0,Failure to Yield Right-of-Way,4493005,4.1,-0.7,0.0,0.0,0.0,0.0,3,20.2,38.2,269,Overcast,0,0,
41042,2022-01-02 19:50:00,40.69603,-73.943535,0,0,Driver Inexperience,4493137,13.1,2.7,16.0,16.0,0.0,8.0,65,25.1,52.6,318,Rain: Heavy,0,0,
41043,2022-01-01 17:30:00,40.838947,-73.916435,0,0,Driver Inattention/Distraction,4492936,11.7,7.5,19.4,19.4,0.0,19.0,63,13.9,22.3,161,Rain: Moderate,0,0,
41044,2022-01-06 08:15:00,40.82066,-73.887825,0,0,Unspecified,4492528,4.1,-0.7,0.0,0.0,0.0,0.0,3,20.2,38.2,269,Overcast,0,0,
41045,2022-01-05 15:30:00,40.676743,-73.93316,0,0,Driver Inattention/Distraction,4493186,6.9,-2.1,0.5,0.5,0.0,4.0,51,21.8,38.2,216,Drizzle: Light,0,0,
41046,2022-01-05 11:15:00,40.689224,-73.99894,1,0,Following Too Closely,4492286,6.9,-2.1,0.5,0.5,0.0,4.0,51,21.8,38.2,216,Drizzle: Light,1,1,
41047,2022-01-05 14:00:00,40.744625,-73.88122,0,0,Driver Inattention/Distraction,4493051,6.9,-2.1,0.5,0.5,0.0,4.0,51,21.8,38.2,216,Drizzle: Light,0,0,
41048,2022-01-07 07:00:00,40.70967,-73.77404,0,0,Unsafe Speed,4492731,-0.0,-5.7,9.0,0.0,6.3,11.0,75,26.8,48.6,313,Snow fall: Heavy,0,0,Snowy Conditions
41049,2022-01-06 15:00:00,40.582977,-73.98042,1,0,Driver Inattention/Distraction,4493088,4.1,-0.7,0.0,0.0,0.0,0.0,3,20.2,38.2,269,Overcast,1,1,
41050,2022-01-07 04:35:00,40.640263,-74.08799,0,0,Pavement Slippery,4493179,-0.0,-5.7,9.0,0.0,6.3,11.0,75,26.8,48.6,313,Snow fall: Heavy,0,0,Snowy Conditions
41051,2022-01-07 17:40:00,40.718555,-73.988205,0,0,Driver Inattention/Distraction,4492876,-0.0,-5.7,9.0,0.0,6.3,11.0,75,26.8,48.6,313,Snow fall: Heavy,0,0,Snowy Conditions
41052,2021-12-09 22:15:00,40.731018,-73.985916,1,0,Driver Inattention/Distraction,4493306,3.6,-2.0,0.1,0.0,0.07,1.0,71,19.2,33.8,295,Snow fall: Light,1,1,Snowy Conditions
41053,2022-01-06 18:10:00,40.814934,-73.91496,1,0,Unspecified,4493097,4.1,-0.7,0.0,0.0,0.0,0.0,3,20.2,38.2,269,Overcast,1,1,
41054,2022-01-07 07:20:00,40.789253,-73.85182,0,0,Unspecified,4492798,-0.0,-5.7,9.0,0.0,6.3,11.0,75,26.8,48.6,313,Snow fall: Heavy,0,0,Snowy Conditions
41055,2022-01-05 12:50:00,40.83406,-73.944885,1,0,,4492459,6.9,-2.1,0.5,0.5,0.0,4.0,51,21.8,38.2,216,Drizzle: Light,1,1,
41056,2022-01-06 09:00:00,40.631542,-74.14891,0,0,Driver Inattention/Distraction,4493223,4.1,-0.7,0.0,0.0,0.0,0.0,3,20.2,38.2,269,Overcast,0,0,
41057,2022-01-05 09:05:00,40.702374,-73.87544,1,0,Failure to Yield Right-of-Way,4492349,6.9,-2.1,0.5,0.5,0.0,4.0,51,21.8,38.2,216,Drizzle: Light,1,1,
41058,2022-01-06 21:55:00,40.624073,-73.94928,1,0,Driver Inattention/Distraction,4492976,4.1,-0.7,0.0,0.0,0.0,0.0,3,20.2,38.2,269,Overcast,1,1,
41059,2022-01-05 12:05:00,40.838844,-73.87817,0,0,Driver Inattention/Distraction,4492169,6.9,-2.1,0.5,0.5,0.0,4.0,51,21.8,38.2,216,Drizzle: Light,0,0,
41060,2022-01-07 11:20:00,40.752064,-73.97351,0,0,Driver Inexperience,4492709,-0.0,-5.7,9.0,0.0,6.3,11.0,75,26.8,48.6,313,Snow fall: Heavy,0,0,Snowy Conditions
41061,2022-01-07 20:10:00,40.897144,-73.88029,1,0,Other Vehicular,4492862,-0.0,-5.7,9.0,0.0,6.3,11.0,75,26.8,48.6,313,Snow fall: Heavy,1,1,Snowy Conditions
41062,2022-01-06 17:00:00,40.734375,-73.87342,1,0,Following Too Closely,4493022,4.1,-0.7,0.0,0.0,0.0,0.0,3,20.2,38.2,269,Overcast,1,1,
41063,2022-01-05 12:00:00,40.720074,-73.988365,1,0,Driver Inattention/Distraction,4492367,6.9,-2.1,0.5,0.5,0.0,4.0,51,21.8,38.2,216,Drizzle: Light,1,1,