,CRASH DATETIME,LATITUDE,LONGITUDE,NUMBER OF PERSONS INJURED,NUMBER OF PERSONS KILLED,CONTRIBUTING FACTOR VEHICLE 1,COLLISION_ID,temperature_2m_max,temperature_2m_min,precipitation_sum,rain_sum,snowfall_sum,precipitation_hours,weather_code,wind_speed_10m_max,wind_gusts_10m_max,wind_direction_10m_dominant,Weather Description,Severity_Score,Total_Affected_Persons,Weather_Category
41064,2022-01-05 10:33:00,40.650482,-74.01168,0,0,Unspecified,4492244,6.9,-2.1,0.5,0.5,0.0,4.0,51,21.8,38.2,216,Drizzle: Light,0,0,
41065,2022-01-05 12:00:00,40.72028,-73.86548,1,0,Following Too Closely,4492348,6.9,-2.1,0.5,0.5,0.0,4.0,51,21.8,38.2,216,Drizzle: Light,1,1,
41066,2022-01-06 02:34:00,40.86065,-73.91966,0,0,Backing Unsafely,4492681,4.1,-0.7,0.0,0.0,0.0,0.0,3,20.2,38.2,269,Overcast,0,0,
41067,2022-01-06 13:50:00,40.70479,-73.961876,1,0,Traffic Control Disregarded,4492565,4.1,-0.7,0.0,0.0,0.0,0.0,3,20.2,38.2,269,Overcast,1,1,
41068,2022-01-05 20:11:00,40.686398,-73.84719,0,0,Driver Inattention/Distraction,4492301,6.9,-2.1,0.5,0.5,0.0,4.0,51,21.8,38.2,216,Drizzle: Light,0,0,
41069,2022-01-06 14:50:00,40.58124,-74.09845,0,0,Failure to Yield Right-of-Way,4492573,4.1,-0.7,0.0,0.0,0.0,0.0,3,20.2,38.2,269,Overcast,0,0,
41070,2022-01-05 06:10:00,40.5119,-74.24963,0,0,Backing Unsafely,4492026,6.9,-2.1,0.5,0.5,0.0,4.0,51,21.8,38.2,216,Drizzle: Light,0,0,
41071,2022-01-06 20:10:00,40.755833,-73.92816,1,0,Failure to Yield Right-of-Way,4492601,4.1,-0.7,0.0,0.0,0.0,0.0,3,20.2,38.2,269,Overcast,1,1,
41072,2022-01-01 10:57:00,40.681644,-73.91205,0,0,Unspecified,4493069,11.7,7.5,19.4,19.4,0.0,19.0,63,13.9,22.3,161,Rain: Moderate,0,0,
41073,2022-01-07 08:50:00,40.690266,-73.74287,3,0,Pavement Slippery,4492698,-0.0,-5.7,9.0,0.0,6.3,11.0,75,26.8,48.6,313,Snow fall: Heavy,3,3,Snowy Conditions
41074,2022-01-05 23:50:00,40.891838,-73.86275,0,0,Unsafe Speed,4492515,6.9,-2.1,0.5,0.5,0.0,4.0,51,21.8,38.2,216,Drizzle: Light,0,0,
41075,2021-12-28 01:54:00,40.68577,-73.920616,0,0,Backing Unsafely,4492869,8.5,2.2,0.0,0.0,0.0,0.0,3,12.5,22.0,271,Overcast,0,0,
41076,2022-01-04 11:45:00,40.670887,-73.76078,0,0,Unsafe Speed,4492649,0.7,-6.7,0.0,0.0,0.0,0.0,3,20.0,36.4,287,Overcast,0,0,
41077,2021-12-31 09:00:00,40.769684,-73.82165,0,0,Unspecified,4492926,11.1,7.1,2.7,2.7,0.0,5.0,55,14.9,29.2,193,Drizzle: Dense,0,0,
41078,2022-01-07 12:18:00,40.640697,-73.975685,0,0,Unspecified,4493101,-0.0,-5.7,9.0,0.0,6.3,11.0,75,26.8,48.6,313,Snow fall: Heavy,0,0,Snowy Conditions
41079,2022-01-07 11:00:00,40.74355,-73.958405,0,0,Unspecified,4492736,-0.0,-5.7,9.0,0.0,6.3,11.0,75,26.8,48.6,313,Snow fall: Heavy,0,0,Snowy Conditions
41080,2022-01-06 19:18:00,40.73503,-73.97974,0,0,Unspecified,4492962,4.1,-0.7,0.0,0.0,0.0,0.0,3,20.2,38.2,269,Overcast,0,0,
41081,2021-01-07 15:25:00,40.753925,-73.99761,0,0,Oversized Vehicle,4493124,5.9,-1.8,0.0,0.0,0.0,0.0,1,17.4,34.2,326,Mainly clear,0,0,Sunny/Clear Conditions
41082,2022-01-06 14:50:00,40.827675,-73.8409,0,0,Unspecified,4492901,4.1,-0.7,0.0,0.0,0.0,0.0,3,20.2,38.2,269,Overcast,0,0,
41083,2021-12-24 19:05:00,40.725773,-73.9948,0,0,Driver Inattention/Distraction,4493000,5.7,-1.1,1.0,0.0,0.7,5.0,73,12.4,21.6,73,Snow fall: Moderate,0,0,Snowy Conditions
41084,2022-01-07 22:00:00,40.850643,-73.93737,0,0,Driver Inattention/Distraction,4493106,-0.0,-5.7,9.0,0.0,6.3,11.0,75,26.8,48.6,313,Snow fall: Heavy,0,0,Snowy Conditions
41085,2022-01-07 17:30:00,40.88619,-73.857994,1,0,Driver Inattention/Distraction,4493210,-0.0,-5.7,9.0,0.0,6.3,11.0,75,26.8,48.6,313,Snow fall: Heavy,1,1,Snowy Conditions
41086,2022-01-07 01:20:00,40.766155,-73.89226,0,0,Passing Too Closely,4492636,-0.0,-5.7,9.0,0.0,6.3,11.0,75,26.8,48.6,313,Snow fall: Heavy,0,0,Snowy Conditions
41087,2022-01-07 16:00:00,40.704876,-73.95571,1,0,Failure to Yield Right-of-Way,4492750,-0.0,-5.7,9.0,0.0,6.3,11.0,75,26.8,48.6,313,Snow fall: Heavy,1,1,Snowy Conditions
41088,2022-01-07 15:00:00,40.838192,-73.91228,0,0,Driver Inattention/Distraction,4493339,-0.0,-5.7,9.0,0.0,6.3,11.0,75,26.8,48.6,313,Snow fall: Heavy,0,0,Snowy Conditions
41089,2022-01-06 15:42:00,40.709007,-73.832634,0,0,Unspecified,4492763,4.1,-0.7,0.0,0.0,0.0,0.0,3,20.2,38.2,269,Overcast,0,0,
41090,2022-01-05 18:50:00,40.666294,-73.89445,2,0,Unspecified,4492447,6.9,-2.1,0.5,0.5,0.0,4.0,51,21.8,38.2,216,Drizzle: Light,2,2,
41091,2022-01-05 07:00:00,40.690453,-73.91176,0,0,Passing or Lane Usage Improper,4492138,6.9,-2.1,0.5,0.5,0.0,4.0,51,21.8,38.2,216,Drizzle: Light,0,0,
41092,2022-01-05 10:50:00,40.688786,-73.98358,1,0,Driver Inattention/Distraction,4492143,6.9,-2.1,0.5,0.5,0.0,4.0,51,21.8,38.2,216,Drizzle: Light,1,1,
41093,2022-01-05 17:22:00,40.646664,-74.088936,0,0,Unspecified,4492400,6.9,-2.1,0.5,0.5,0.0,4.0,51,21.8,38.2,216,Drizzle: Light,0,0,
41094,2022-01-07 05:10:00,40.739586,-73.8737,0,0,Unspecified,4492598,-0.0,-5.7,9.0,0.0,6.3,11.0,75,26.8,48.6,313,Snow fall: Heavy,0,0,Snowy Conditions
41095,2022-07-01 14:00:00,40.637638,-74.16127,1,0,Unsafe Speed,4543481,33.7,20.2,0.1,0.1,0.0,1.0,51,32.3,58.0,215,Drizzle: Light,1,1,
41096,2022-01-05 20:35:00,40.823135,-73.88225,0,0,Unsafe Lane Changing,4492432,6.9,-2.1,0.5,0.5,0.0,4.0,51,21.8,38.2,216,Drizzle: Light,0,0,
41097,2022-01-04 16:35:00,40.600838,-73.98125,0,0,Failure to Yield Right-of-Way,4493324,0.7,-6.7,0.0,0.0,0.0,0.0,3,20.0,36.4,287,Overcast,0,0,
41098,2022-01-05 07:00:00,40.89276,-73.85256,0,0,Pavement Slippery,4492224,6.9,-2.1,0.5,0.5,0.0,4.0,51,21.8,38.2,216,Drizzle: Light,0,0,
41099,2022-01-07 08:04:00,40.78459,-73.94198,0,0,Unsafe Speed,4492982,-0.0,-5.7,9.0,0.0,6.3,11.0,75,26.8,48.6,313,Snow fall: Heavy,0,0,Snowy Conditions
41100,2022-01-06 10:35:00,40.710705,-73.76346,1,0,Failure to Yield Right-of-Way,4492478,4.1,-0.7,0.0,0.0,0.0,0.0,3,20.2,38.2,269,Overcast,1,1,
41101,2022-01-05 16:30:00,40.707264,-73.90792,0,0,Failure to Yield Right-of-Way,4493160,6.9,-2.1,0.5,0.5,0.0,4.0,51,21.8,38.2,216,Drizzle: Light,0,0,
41102,2022-01-06 16:50:00,40.691914,-73.88363,0,0,Driver Inexperience,4492634,4.1,-0.7,0.0,0.0,0.0,0.0,3,20.2,38.2,269,Overcast,0,0,
41103,2022-01-05 08:07:00,40.812737,-73.93762,1,0,Failure to Yield Right-of-Way,4492077,6.9,-2.1,0.5,0.5,0.0,4.0,51,21.8,38.2,216,Drizzle: Light,1,1,
41104,2022-01-06 17:00:00,40.630886,-73.92219,0,0,Unspecified,4492713,4.1,-0.7,0.0,0.0,0.0,0.0,3,20.2,38.2,269,Overcast,0,0,
41105,2022-01-06 12:00:00,40.818913,-73.893555,0,0,Unspecified,4493293,4.1,-0.7,0.0,0.0,0.0,0.0,3,20.2,38.2,269,Overcast,0,0,
41106,2022-01-06 19:55:00,40.65661,-73.93091,0,0,Unspecified,4493018,4.1,-0.7,0.0,0.0,0.0,0.0,3,20.2,38.2,269,Overcast,0,0,
41107,2022-01-07 10:40:00,40.624653,-73.99933,1,0,Driver Inattention/Distraction,4492998,-0.0,-5.7,9.0,0.0,6.3,11.0,75,26.8,48.6,313,Snow fall: Heavy,1,1,Snowy Conditions
41108,2021-12-25 14:37:00,40.652294,-73.95625,0,0,Unspecified,4492969,8.8,0.5,6.1,6.1,0.0,14.0,55,14.5,24.8,284,Drizzle: Dense,0,0,
41109,2022-01-05 16:53:00,40.86815,-73.88437,1,0,View Obstructed/Limited,4492466,6.9,-2.1,0.5,0.5,0.0,4.0,51,21.8,38.2,216,Drizzle: Light,1,1,
41110,2022-01-07 21:27:00,40.707294,-73.85064,0,0,Unsafe Speed,4492761,-0.0,-5.7,9.0,0.0,6.3,11.0,75,26.8,48.6,313,Snow fall: Heavy,0,0,Snowy Conditions
41111,2022-01-07 08:57:00,40.668507,-73.92561,0,0,Other Vehicular,4493168,-0.0,-5.7,9.0,0.0,6.3,11.0,75,26.8,48.6,313,Snow fall: Heavy,0,0,Snowy Conditions
41112,2022-01-05 05:45:00,40.614246,-74.15379,0,0,Pavement Slippery,4492497,6.9,-2.1,0.5,0.5,0.0,4.0,51,21.8,38.2,216,Drizzle: Light,0,0,
41113,2022-01-03 14:00:00,40.694214,-73.95932,0,0,Following Too Closely,4492740,2.0,-4.4,1.4,0.0,0.98,6.0,73,29.3,55.4,359,Snow fall: Moderate,0,0,Snowy Conditions
41114,2022-01-05 10:45:00,40.811092,-73.89335,0,0,Unspecified,4493290,6.9,-2.1,0.5,0.5,0.0,4.0,51,21.8,38.2,216,Drizzle: Light,0,0,
41115,2022-01-05 06:30:00,40.883648,-73.8952,0,0,Passing or Lane Usage Improper,4492105,6.9,-2.1,0.5,0.5,0.0,4.0,51,21.8,38.2,216,Drizzle: Light,0,0,
41116,2022-01-05 12:34:00,40.788795,-73.93755,0,0,Driver Inexperience,4492176,6.9,-2.1,0.5,0.5,0.0,4.0,51,21.8,38.2,216,Drizzle: Light,0,0,
41117,2022-01-06 09:45:00,40.84089,-73.89817,0,0,Unspecified,4492624,4.1,-0.7,0.0,0.0,0.0,0.0,3,20.2,38.2,269,Overcast,0,0,
41118,2022-01-05 18:04:00,40.63524,-73.967636,0,0,Unspecified,4493319,6.9,-2.1,0.5,0.5,0.0,4.0,51,21.8,38.2,216,Drizzle: Light,0,0,
41119,2022-01-05 22:15:00,40.596054,-73.99725,0,0,Unspecified,4492987,6.9,-2.1,0.5,0.5,0.0,4.0,51,21.8,38.2,216,Drizzle: Light,0,0,
41120,2022-01-07 19:00:00,40.87146,-73.86827,0,0,Driver Inattention/Distraction,4493196,-0.0,-5.7,9.0,0.0,6.3,11.0,75,26.8,48.6,313,Snow fall: Heavy,0,0,Snowy Conditions
41121,2022-01-07 17:10:00,40.63323,-73.964806,1,0,Driver Inexperience,4492989,-0.0,-5.7,9.0,0.0,6.3,11.0,75,26.8,48.6,313,Snow fall: Heavy,1,1,Snowy Conditions
41122,2022-01-06 18:40:00,40.864655,-73.813866,0,0,Alcohol Involvement,4492629,4.1,-0.7,0.0,0.0,0.0,0.0,3,20.2,38.2,269,Overcast,0,0,
41123,2022-01-05 07:10:00,40.9049,-73.849144,0,0,Pavement Slippery,4492219,6.9,-2.1,0.5,0.5,0.0,4.0,51,21.8,38.2,216,Drizzle: Light,0,0,
41124,2022-01-05 15:21:00,40.822235,-73.88746,0,0,Unspecified,4492331,6.9,-2.1,0.5,0.5,0.0,4.0,51,21.8,38.2,216,Drizzle: Light,0,0,
41125,2022-01-06 13:00:00,40.842976,-73.844826,0,0,Turning Improperly,4492619,4.1,-0.7,0.0,0.0,0.0,0.0,3,20.2,38.2,269,Overcast,0,0,
41126,2022-01-06 12:13:00,40.570465,-74.10977,1,0,Turning Improperly,4492513,4.1,-0.7,0.0,0.0,0.0,0.0,3,20.2,38.2,269,Overcast,1,1,
41127,2022-01-07 23:30:00,40.591446,-74.145454,1,0,Reaction to Uninvolved Vehicle,4492932,-0.0,-5.7,9.0,0.0,6.3,11.0,75,26.8,48.6,313,Snow fall: Heavy,1,1,Snowy Conditions
41128,2022-01-05 09:55:00,40.655037,-73.935585,1,0,Pavement Slippery,4492128,6.9,-2.1,0.5,0.5,0.0,4.0,51,21.8,38.2,216,Drizzle: Light,1,1,
41129,2022-01-07 00:00:00,40.65741,-73.72839,0,0,Driver Inattention/Distraction,4492751,-0.0,-5.7,9.0,0.0,6.3,11.0,75,26.8,48.6,313,Snow fall: Heavy,0,0,Snowy Conditions
41130,2022-01-07 07:09:00,40.586308,-73.96943,0,0,Pavement Slippery,4493080,-0.0,-5.7,9.0,0.0,6.3,11.0,75,26.8,48.6,313,Snow fall: Heavy,0,0,Snowy Conditions
41131,2022-01-05 18:28:00,40.789783,-73.81419,0,0,Passing Too Closely,4492240,6.9,-2.1,0.5,0.5,0.0,4.0,51,21.8,38.2,216,Drizzle: Light,0,0,
41132,2022-01-07 16:00:00,40.62359,-74.025055,1,0,Failure to Yield Right-of-Way,4492729,-0.0,-5.7,9.0,0.0,6.3,11.0,75,26.8,48.6,313,Snow fall: Heavy,1,1,Snowy Conditions
41133,2022-01-06 16:29:00,40.638866,-73.886314,1,0,Failure to Yield Right-of-Way,4492786,4.1,-0.7,0.0,0.0,0.0,0.0,3,20.2,38.2,269,Overcast,1,1,
41134,2022-01-06 18:30:00,40.607838,-74.0872,0,0,Following Too Closely,4492720,4.1,-0.7,0.0,0.0,0.0,0.0,3,20.2,38.2,269,Overcast,0,0,
41135,2022-01-05 00:20:00,40.896614,-73.860954,0,0,Tire Failure/Inadequate,4492210,6.9,-2.1,0.5,0.5,0.0,4.0,51,21.8,38.2,216,Drizzle: Light,0,0,
41136,2022-01-07 07:30:00,40.63456,-73.96909,1,0,Unspecified,4492981,-0.0,-5.7,9.0,0.0,6.3,11.0,75,26.8,48.6,313,Snow fall: Heavy,1,1,Snowy Conditions
41137,2021-12-31 00:20:00,40.69733,-73.76202,1,0,Failure to Yield Right-of-Way,4492651,11.1,7.1,2.7,2.7,0.0,5.0,55,14.9,29.2,193,Drizzle: Dense,1,1,
41138,2022-01-05 15:56:00,40.83341,-73.91301,0,0,Driver Inattention/Distraction,4493031,6.9,-2.1,0.5,0.5,0.0,4.0,51,21.8,38.2,216,Drizzle: Light,0,0,
41139,2022-01-05 17:20:00,40.648907,-74.01514,0,0,Unspecified,4492393,6.9,-2.1,0.5,0.5,0.0,4.0,51,21.8,38.2,216,Drizzle: Light,0,0,
41140,2021-12-31 09:29:00,40.88263,-73.839516,1,0,Physical Disability,4493202,11.1,7.1,2.7,2.7,0.0,5.0,55,14.9,29.2,193,Drizzle: Dense,1,1,
41141,2022-01-01 22:31:00,40.78809,-73.98271,1,0,Pavement Slippery,4492857,11.7,7.5,19.4,19.4,0.0,19.0,63,13.9,22.3,161,Rain: Moderate,1,1,
41142,2022-01-05 08:08:00,40.551292,-74.150375,0,0,Pavement Slippery,4492192,6.9,-2.1,0.5,0.5,0.0,4.0,51,21.8,38.2,216,Drizzle: Light,0,0,
41143,2022-01-07 07:46:00,40.830967,-73.86185,0,0,Passing Too Closely,4492673,-0.0,-5.7,9.0,0.0,6.3,11.0,75,26.8,48.6,313,Snow fall: Heavy,0,0,Snowy Conditions
41144,2022-01-06 12:24:00,40.7118,-73.94224,0,0,Driver Inattention/Distraction,4492564,4.1,-0.7,0.0,0.0,0.0,0.0,3,20.2,38.2,269,Overcast,0,0,
41145,2022-01-06 10:15:00,40.703674,-73.79087,0,0,Driver Inattention/Distraction,4492479,4.1,-0.7,0.0,0.0,0.0,0.0,3,20.2,38.2,269,Overcast,0,0,
41146,2022-01-07 15:30:00,40.626537,-74.12921,1,0,Driver Inattention/Distraction,4493182,-0.0,-5.7,9.0,0.0,6.3,11.0,75,26.8,48.6,313,Snow fall: Heavy,1,1,Snowy Conditions
41147,2022-01-06 23:55:00,40.755253,-73.89874,0,0,Driver Inattention/Distraction,4492688,4.1,-0.7,0.0,0.0,0.0,0.0,3,20.2,38.2,269,Overcast,0,0,
41148,2022-01-07 01:00:00,40.75919,-73.80981,0,0,Unspecified,4492925,-0.0,-5.7,9.0,0.0,6.3,11.0,75,26.8,48.6,313,Snow fall: Heavy,0,0,Snowy Conditions
41149,2022-01-05 19:21:00,40.68397,-73.944046,0,0,Driver Inattention/Distraction,4492263,6.9,-2.1,0.5,0.5,0.0,4.0,51,21.8,38.2,216,Drizzle: Light,0,0,
41150,2022-01-06 04:30:00,40.579052,-73.98415,1,0,Driver Inattention/Distraction,4492430,4.1,-0.7,0.0,0.0,0.0,0.0,3,20.2,38.2,269,Overcast,1,1,
41151,2022-01-05 18:27:00,40.750202,-73.870056,1,0,Driver Inattention/Distraction,4493122,6.9,-2.1,0.5,0.5,0.0,4.0,51,21.8,38.2,216,Drizzle: Light,1,1,
41152,2022-01-06 07:40:00,40.746548,-73.86491,1,0,Driver Inattention/Distraction,4493021,4.1,-0.7,0.0,0.0,0.0,0.0,3,20.2,38.2,269,Overcast,1,1,
41153,2022-01-05 00:53:00,40.873787,-73.905266,0,0,Outside Car Distraction,4492486,6.9,-2.1,0.5,0.5,0.0,4.0,51,21.8,38.2,216,Drizzle: Light,0,0,
41154,2022-01-06 10:35:00,40.681137,-73.95567,1,0,Pedestrian/Bicyclist/Other Pedestrian Error/Confusion,4492744,4.1,-0.7,0.0,0.0,0.0,0.0,3,20.2,38.2,269,Overcast,1,1,
41155,2022-01-05 06:50:00,40.66313,-73.86028,1,0,Failure to Yield Right-of-Way,4492455,6.9,-2.1,0.5,0.5,0.0,4.0,51,21.8,38.2,216,Drizzle: Light,1,1,
41156,2022-01-05 23:16:00,40.74045,-73.844376,0,0,Tire Failure/Inadequate,4492326,6.9,-2.1,0.5,0.5,0.0,4.0,51,21.8,38.2,216,Drizzle: Light,0,0,
41157,2021-12-20 20:19:00,40.636147,-73.99097,1,0,Unspecified,4493143,1.8,-4.4,0.0,0.0,0.0,0.0,2,17.9,32.8,282,Partly cloudy,1,1,
41158,2022-01-06 17:00:00,40.699787,-73.813644,0,0,Passing or Lane Usage Improper,4492535,4.1,-0.7,0.0,0.0,0.0,0.0,3,20.2,38.2,269,Overcast,0,0,
41159,2022-01-06 09:15:00,40.583683,-74.10792,1,0,Lost Consciousness,4492610,4.1,-0.7,0.0,0.0,0.0,0.0,3,20.2,38.2,269,Overcast,1,1,
41160,2022-01-07 07:00:00,40.709373,-73.81014,0,0,Unspecified,4492757,-0.0,-5.7,9.0,0.0,6.3,11.0,75,26.8,48.6,313,Snow fall: Heavy,0,0,Snowy Conditions
41161,2022-07-03 17:01:00,40.776657,-73.827415,2,0,Failure to Yield Right-of-Way,4543161,31.2,21.0,0.0,0.0,0.0,0.0,3,15.8,31.3,341,Overcast,2,2,
41162,2021-12-27 06:08:00,40.706085,-73.8085,0,0,Fell Asleep,4493299,2.7,-1.4,2.1,0.8,0.91,5.0,73,13.5,23.0,10,Snow fall: Moderate,0,0,Snowy Conditions
41163,2022-01-07 12:05:00,40.62475,-74.01358,0,0,Unspecified,4492715,-0.0,-5.7,9.0,0.0,6.3,11.0,75,26.8,48.6,313,Snow fall: Heavy,0,0,Snowy Conditions
41164,2022-01-05 17:30:00,40.706345,-73.957375,0,0,Unspecified,4492558,6.9,-2.1,0.5,0.5,0.0,4.0,51,21.8,38.2,216,Drizzle: Light,0,0,
41165,2022-01-06 11:00:00,40.71438,-73.90111,0,0,Passing Too Closely,4492700,4.1,-0.7,0.0,0.0,0.0,0.0,3,20.2,38.2,269,Overcast,0,0,
41166,2022-01-07 22:05:00,40.85154,-73.918335,0,0,Unspecified,4492792,-0.0,-5.7,9.0,0.0,6.3,11.0,75,26.8,48.6,313,Snow fall: Heavy,0,0,Snowy Conditions
41167,2022-01-05 07:27:00,40.57125,-74.1199,0,0,Pavement Slippery,4492250,6.9,-2.1,0.5,0.5,0.0,4.0,51,21.8,38.2,216,Drizzle: Light,0,0,
41168,2022-01-04 11:05:00,40.7533,-73.91476,0,0,Driver Inattention/Distraction,4492974,0.7,-6.7,0.0,0.0,0.0,0.0,3,20.0,36.4,287,Overcast,0,0,
41169,2022-01-07 06:45:00,40.7111,-73.776,0,0,Driver Inattention/Distraction,4493303,-0.0,-5.7,9.0,0.0,6.3,11.0,75,26.8,48.6,313,Snow fall: Heavy,0,0,Snowy Conditions
41170,2022-01-07 06:45:00,40.825935,-73.85913,0,0,Pavement Slippery,4492656,-0.0,-5.7,9.0,0.0,6.3,11.0,75,26.8,48.6,313,Snow fall: Heavy,0,0,Snowy Conditions
41171,2022-01-03 14:00:00,40.679367,-73.931335,0,0,Steering Failure,4492870,2.0,-4.4,1.4,0.0,0.98,6.0,73,29.3,55.4,359,Snow fall: Moderate,0,0,Snowy Conditions
41172,2022-01-05 11:20:00,40.699047,-73.95649,0,0,Following Too Closely,4492162,6.9,-2.1,0.5,0.5,0.0,4.0,51,21.8,38.2,216,Drizzle: Light,0,0,
41173,2022-01-05 18:45:00,40.712463,-73.99241,1,0,Failure to Yield Right-of-Way,4493090,6.9,-2.1,0.5,0.5,0.0,4.0,51,21.8,38.2,216,Drizzle: Light,1,1,
41174,2022-01-05 22:35:00,40.627243,-74.02357,3,0,Unsafe Speed,4492291,6.9,-2.1,0.5,0.5,0.0,4.0,51,21.8,38.2,216,Drizzle: Light,3,3,
41175,2022-01-05 15:00:00,40.825577,-73.918465,1,0,Driver Inattention/Distraction,4493038,6.9,-2.1,0.5,0.5,0.0,4.0,51,21.8,38.2,216,Drizzle: Light,1,1,
41176,2022-01-06 23:40:00,40.71393,-73.732315,0,0,Failure to Yield Right-of-Way,4492641,4.1,-0.7,0.0,0.0,0.0,0.0,3,20.2,38.2,269,Overcast,0,0,
41177,2022-01-06 16:21:00,40.809105,-73.9229,0,0,Unspecified,4492607,4.1,-0.7,0.0,0.0,0.0,0.0,3,20.2,38.2,269,Overcast,0,0,
41178,2022-01-06 08:06:00,40.6709,-73.95319,0,0,Driver Inattention/Distraction,4492523,4.1,-0.7,0.0,0.0,0.0,0.0,3,20.2,38.2,269,Overcast,0,0,
41179,2022-01-06 00:50:00,40.657173,-73.921074,0,0,Other Vehicular,4493016,4.1,-0.7,0.0,0.0,0.0,0.0,3,20.2,38.2,269,Overcast,0,0,
41180,2022-01-06 10:05:00,40.770805,-73.735405,0,0,Driver Inattention/Distraction,4492819,4.1,-0.7,0.0,0.0,0.0,0.0,3,20.2,38.2,269,Overcast,0,0,
41181,2022-01-07 12:45:00,40.8396,-73.929474,0,0,Following Too Closely,4492725,-0.0,-5.7,9.0,0.0,6.3,11.0,75,26.8,48.6,313,Snow fall: Heavy,0,0,Snowy Conditions
41182,2022-01-07 22:00:00,40.55243,-74.1437,0,0,Obstruction/Debris,4492852,-0.0,-5.7,9.0,0.0,6.3,11.0,75,26.8,48.6,313,Snow fall: Heavy,0,0,Snowy Conditions
41183,2022-01-06 14:10:00,40.66827,-73.90263,1,0,Unspecified,4493067,4.1,-0.7,0.0,0.0,0.0,0.0,3,20.2,38.2,269,Overcast,1,1,
41184,2022-07-02 09:35:00,40.807636,-73.921524,0,0,Unspecified,4543471,30.8,23.1,4.0,4.0,0.0,5.0,61,19.4,40.0,229,Rain: Light,0,0,
41185,2022-01-07 00:05:00,40.836437,-73.88498,0,0,Unspecified,4492946,-0.0,-5.7,9.0,0.0,6.3,11.0,75,26.8,48.6,313,Snow fall: Heavy,0,0,Snowy Conditions
41186,2022-01-07 11:25:00,40.693413,-73.940125,2,0,Unspecified,4492917,-0.0,-5.7,9.0,0.0,6.3,11.0,75,26.8,48.6,313,Snow fall: Heavy,2,2,Snowy Conditions
41187,2022-01-05 16:00:00,40.66496,-73.82226,0,0,Passing or Lane Usage Improper,4492297,6.9,-2.1,0.5,0.5,0.0,4.0,51,21.8,38.2,216,Drizzle: Light,0,0,
41188,2022-01-07 22:29:00,40.64964,-73.93768,0,0,Driver Inattention/Distraction,4493027,-0.0,-5.7,9.0,0.0,6.3,11.0,75,26.8,48.6,313,Snow fall: Heavy,0,0,Snowy Conditions
41189,2022-01-07 04:00:00,40.58635,-73.89665,0,0,Pavement Slippery,4492661,-0.0,-5.7,9.0,0.0,6.3,11.0,75,26.8,48.6,313,Snow fall: Heavy,0,0,Snowy Conditions
41190,2022-01-05 06:08:00,40.875122,-73.905174,1,0,Unspecified,4492388,6.9,-2.1,0.5,0.5,0.0,4.0,51,21.8,38.2,216,Drizzle: Light,1,1,
41191,2022-01-05 15:11:00,40.674313,-73.95009,1,0,Driver Inattention/Distraction,4492529,6.9,-2.1,0.5,0.5,0.0,4.0,51,21.8,38.2,216,Drizzle: Light,1,1,
41192,2022-01-05 18:52:00,40.724335,-73.72464,0,0,Alcohol Involvement,4493263,6.9,-2.1,0.5,0.5,0.0,4.0,51,21.8,38.2,216,Drizzle: Light,0,0,
41193,2022-01-06 01:11:00,40.832626,-73.925385,1,0,Following Too Closely,4493050,4.1,-0.7,0.0,0.0,0.0,0.0,3,20.2,38.2,269,Overcast,1,1,
41194,2022-01-05 06:22:00,40.860283,-73.9364,0,0,Pavement Slippery,4492273,6.9,-2.1,0.5,0.5,0.0,4.0,51,21.8,38.2,216,Drizzle: Light,0,0,
41195,2022-01-07 19:55:00,40.903122,-73.888084,0,0,Unspecified,4492829,-0.0,-5.7,9.0,0.0,6.3,11.0,75,26.8,48.6,313,Snow fall: Heavy,0,0,Snowy Conditions
41196,2022-01-06 07:45:00,40.64419,-73.93349,1,0,Unspecified,4493011,4.1,-0.7,0.0,0.0,0.0,0.0,3,20.2,38.2,269,Overcast,1,1,
41197,2022-01-05 16:15:00,40.633858,-74.12596,1,0,Driver Inattention/Distraction,4493178,6.9,-2.1,0.5,0.5,0.0,4.0,51,21.8,38.2,216,Drizzle: Light,1,1,
41198,2021-12-22 11:44:00,40.61313,-73.94625,1,0,Unspecified,4492881,8.1,-0.0,4.2,4.2,0.0,9.0,61,26.7,47.9,313,Rain: Light,1,1,
41199,2022-01-05 11:55:00,40.757534,-73.86658,0,0,Unspecified,4492228,6.9,-2.1,0.5,0.5,0.0,4.0,51,21.8,38.2,216,Drizzle: Light,0,0,
41200,2022-01-06 17:00:00,40.740894,-73.89961,1,0,Unspecified,4492568,4.1,-0.7,0.0,0.0,0.0,0.0,3,20.2,38.2,269,Overcast,1,1,
41201,2022-01-06 18:35:00,40.661427,-73.99333,1,0,Turning Improperly,4492583,4.1,-0.7,0.0,0.0,0.0,0.0,3,20.2,38.2,269,Overcast,1,1,
41202,2022-01-07 20:43:00,40.83872,-73.91378,1,0,Backing Unsafely,4493057,-0.0,-5.7,9.0,0.0,6.3,11.0,75,26.8,48.6,313,Snow fall: Heavy,1,1,Snowy Conditions
41203,2022-01-05 06:20:00,40.683514,-73.97596,0,0,Following Too Closely,4493116,6.9,-2.1,0.5,0.5,0.0,4.0,51,21.8,38.2,216,Drizzle: Light,0,0,
41204,2022-01-05 15:01:00,40.82482,-73.86865,1,0,Reaction to Uninvolved Vehicle,4492426,6.9,-2.1,0.5,0.5,0.0,4.0,51,21.8,38.2,216,Drizzle: Light,1,1,
41205,2022-01-05 11:50:00,40.77402,-73.95457,0,0,Turning Improperly,4492506,6.9,-2.1,0.5,0.5,0.0,4.0,51,21.8,38.2,216,Drizzle: Light,0,0,