,CRASH DATETIME,LATITUDE,LONGITUDE,NUMBER OF PERSONS INJURED,NUMBER OF PERSONS KILLED,CONTRIBUTING FACTOR VEHICLE 1,COLLISION_ID,temperature_2m_max,temperature_2m_min,precipitation_sum,rain_sum,snowfall_sum,precipitation_hours,weather_code,wind_speed_10m_max,wind_gusts_10m_max,wind_direction_10m_dominant,Weather Description,Severity_Score,Total_Affected_Persons,Weather_Category
41206,2022-01-05 18:24:00,40.643326,-73.9998,1,0,Unspecified,4492310,6.9,-2.1,0.5,0.5,0.0,4.0,51,21.8,38.2,216,Drizzle: Light,1,1,
41207,2022-01-05 05:48:00,40.56345,-74.169754,1,0,Pavement Slippery,4492668,6.9,-2.1,0.5,0.5,0.0,4.0,51,21.8,38.2,216,Drizzle: Light,1,1,
41208,2022-01-07 10:47:00,40.627464,-73.89956,0,0,Driver Inattention/Distraction,4492803,-0.0,-5.7,9.0,0.0,6.3,11.0,75,26.8,48.6,313,Snow fall: Heavy,0,0,Snowy Conditions
41209,2022-01-06 18:00:00,40.76623,-73.915306,0,0,Unspecified,4493153,4.1,-0.7,0.0,0.0,0.0,0.0,3,20.2,38.2,269,Overcast,0,0,
41210,2022-01-06 12:30:00,40.596756,-73.93342,1,0,Driver Inattention/Distraction,4492882,4.1,-0.7,0.0,0.0,0.0,0.0,3,20.2,38.2,269,Overcast,1,1,
41211,2022-01-05 19:51:00,40.908222,-73.89803,0,0,Backing Unsafely,4492350,6.9,-2.1,0.5,0.5,0.0,4.0,51,21.8,38.2,216,Drizzle: Light,0,0,
41212,2022-01-07 18:15:00,40.63147,-73.91955,2,0,Unspecified,4492737,-0.0,-5.7,9.0,0.0,6.3,11.0,75,26.8,48.6,313,Snow fall: Heavy,2,2,Snowy Conditions
41213,2022-01-06 15:00:00,40.67551,-73.910324,0,0,Reaction to Uninvolved Vehicle,4493073,4.1,-0.7,0.0,0.0,0.0,0.0,3,20.2,38.2,269,Overcast,0,0,
41214,2021-12-12 11:40:00,40.677414,-73.93033,0,0,Other Vehicular,4493169,13.0,3.4,0.5,0.5,0.0,1.0,53,32.4,62.6,284,Drizzle: Moderate,0,0,
41215,2022-01-05 13:10:00,40.86235,-73.89997,0,0,Unspecified,4492616,6.9,-2.1,0.5,0.5,0.0,4.0,51,21.8,38.2,216,Drizzle: Light,0,0,
41216,2022-01-07 17:21:00,40.76923,-73.91033,0,0,Pavement Slippery,4492796,-0.0,-5.7,9.0,0.0,6.3,11.0,75,26.8,48.6,313,Snow fall: Heavy,0,0,Snowy Conditions
41217,2022-01-06 02:45:00,40.660027,-73.96061,4,0,Unsafe Speed,4492542,4.1,-0.7,0.0,0.0,0.0,0.0,3,20.2,38.2,269,Overcast,4,4,
41218,2022-01-07 14:56:00,40.639984,-73.94842,1,0,Passing Too Closely,4493026,-0.0,-5.7,9.0,0.0,6.3,11.0,75,26.8,48.6,313,Snow fall: Heavy,1,1,Snowy Conditions
41219,2022-01-07 07:03:00,40.71108,-73.775986,0,0,Pavement Slippery,4492732,-0.0,-5.7,9.0,0.0,6.3,11.0,75,26.8,48.6,313,Snow fall: Heavy,0,0,Snowy Conditions
41220,2022-01-07 05:15:00,40.66856,-73.75672,0,0,Unspecified,4492644,-0.0,-5.7,9.0,0.0,6.3,11.0,75,26.8,48.6,313,Snow fall: Heavy,0,0,Snowy Conditions
41221,2022-01-05 18:22:00,40.74016,-73.89525,0,0,Driver Inattention/Distraction,4492368,6.9,-2.1,0.5,0.5,0.0,4.0,51,21.8,38.2,216,Drizzle: Light,0,0,
41222,2021-06-23 21:00:00,40.87015,-73.84562,0,0,Turning Improperly,4430464,23.1,12.2,0.0,0.0,0.0,0.0,3,16.5,31.7,309,Overcast,0,0,
41223,2022-01-06 16:50:00,40.606457,-73.76098,0,0,Unsafe Speed,4492637,4.1,-0.7,0.0,0.0,0.0,0.0,3,20.2,38.2,269,Overcast,0,0,
41224,2022-01-06 14:20:00,40.76394,-73.828156,0,0,Failure to Yield Right-of-Way,4492546,4.1,-0.7,0.0,0.0,0.0,0.0,3,20.2,38.2,269,Overcast,0,0,
41225,2022-01-05 00:11:00,40.636074,-73.951096,0,0,Unspecified,4492037,6.9,-2.1,0.5,0.5,0.0,4.0,51,21.8,38.2,216,Drizzle: Light,0,0,
41226,2021-12-29 19:26:00,40.6871,-73.920845,0,0,Driver Inattention/Distraction,4492865,7.6,4.1,8.1,8.1,0.0,8.0,61,12.2,24.1,52,Rain: Light,0,0,
41227,2022-01-06 18:00:00,40.722897,-73.91386,0,0,Driver Inattention/Distraction,4492777,4.1,-0.7,0.0,0.0,0.0,0.0,3,20.2,38.2,269,Overcast,0,0,
41228,2022-01-04 13:30:00,40.687992,-73.98962,0,0,Unspecified,4492769,0.7,-6.7,0.0,0.0,0.0,0.0,3,20.0,36.4,287,Overcast,0,0,
41229,2022-01-06 08:40:00,40.69349,-73.97917,0,0,Unspecified,4492569,4.1,-0.7,0.0,0.0,0.0,0.0,3,20.2,38.2,269,Overcast,0,0,
41230,2022-01-05 19:00:00,40.698452,-73.730316,0,0,Unspecified,4492256,6.9,-2.1,0.5,0.5,0.0,4.0,51,21.8,38.2,216,Drizzle: Light,0,0,
41231,2022-01-04 21:10:00,40.575573,-73.99432,1,0,Driver Inattention/Distraction,4493096,0.7,-6.7,0.0,0.0,0.0,0.0,3,20.0,36.4,287,Overcast,1,1,
41232,2022-01-05 21:14:00,40.670326,-73.87796,0,0,Driver Inattention/Distraction,4492448,6.9,-2.1,0.5,0.5,0.0,4.0,51,21.8,38.2,216,Drizzle: Light,0,0,
41233,2022-01-05 11:01:00,40.689243,-73.98873,1,0,Driver Inattention/Distraction,4492144,6.9,-2.1,0.5,0.5,0.0,4.0,51,21.8,38.2,216,Drizzle: Light,1,1,
41234,2022-01-07 17:25:00,40.74592,-73.986404,0,0,Driver Inattention/Distraction,4493102,-0.0,-5.7,9.0,0.0,6.3,11.0,75,26.8,48.6,313,Snow fall: Heavy,0,0,Snowy Conditions
41235,2022-01-04 14:40:00,40.701164,-73.75023,0,0,Traffic Control Disregarded,4492815,0.7,-6.7,0.0,0.0,0.0,0.0,3,20.0,36.4,287,Overcast,0,0,
41236,2022-01-07 11:30:00,40.668484,-73.92532,0,0,Driver Inattention/Distraction,4493227,-0.0,-5.7,9.0,0.0,6.3,11.0,75,26.8,48.6,313,Snow fall: Heavy,0,0,Snowy Conditions
41237,2021-12-27 15:00:00,40.585342,-73.94157,0,0,Unsafe Speed,4492839,2.7,-1.4,2.1,0.8,0.91,5.0,73,13.5,23.0,10,Snow fall: Moderate,0,0,Snowy Conditions
41238,2022-01-06 16:25:00,40.797718,-73.94938,0,0,Pedestrian/Bicyclist/Other Pedestrian Error/Confusion,4493125,4.1,-0.7,0.0,0.0,0.0,0.0,3,20.2,38.2,269,Overcast,0,0,
41239,2022-01-06 20:30:00,40.70874,-73.830635,0,0,Following Too Closely,4492764,4.1,-0.7,0.0,0.0,0.0,0.0,3,20.2,38.2,269,Overcast,0,0,
41240,2021-01-06 12:45:00,40.727287,-74.00064,1,0,Driver Inattention/Distraction,4493004,4.6,-1.0,0.0,0.0,0.0,0.0,3,21.9,42.1,327,Overcast,1,1,
41241,2022-01-06 09:23:00,40.72218,-73.938736,0,0,Passing or Lane Usage Improper,4492435,4.1,-0.7,0.0,0.0,0.0,0.0,3,20.2,38.2,269,Overcast,0,0,
41242,2022-01-06 19:55:00,40.63937,-73.9948,1,0,Unspecified,4493142,4.1,-0.7,0.0,0.0,0.0,0.0,3,20.2,38.2,269,Overcast,1,1,
41243,2022-01-01 06:25:00,40.689774,-73.922585,0,0,Driver Inattention/Distraction,4493107,11.7,7.5,19.4,19.4,0.0,19.0,63,13.9,22.3,161,Rain: Moderate,0,0,
41244,2022-01-04 15:25:00,40.819317,-73.93032,0,0,Driver Inattention/Distraction,4492937,0.7,-6.7,0.0,0.0,0.0,0.0,3,20.0,36.4,287,Overcast,0,0,
41245,2022-01-07 13:40:00,40.79348,-73.96686,0,0,Passing Too Closely,4492712,-0.0,-5.7,9.0,0.0,6.3,11.0,75,26.8,48.6,313,Snow fall: Heavy,0,0,Snowy Conditions
41246,2022-01-06 14:07:00,40.717834,-73.95773,1,0,Driver Inattention/Distraction,4492588,4.1,-0.7,0.0,0.0,0.0,0.0,3,20.2,38.2,269,Overcast,1,1,
41247,2022-01-06 15:00:00,40.69677,-73.93701,0,0,Driver Inattention/Distraction,4493089,4.1,-0.7,0.0,0.0,0.0,0.0,3,20.2,38.2,269,Overcast,0,0,
41248,2022-01-06 16:40:00,40.629036,-74.01164,0,0,Passing or Lane Usage Improper,4492524,4.1,-0.7,0.0,0.0,0.0,0.0,3,20.2,38.2,269,Overcast,0,0,
41249,2022-01-05 08:30:00,40.887547,-73.81512,0,0,Driver Inattention/Distraction,4492834,6.9,-2.1,0.5,0.5,0.0,4.0,51,21.8,38.2,216,Drizzle: Light,0,0,
41250,2022-01-05 17:40:00,40.642685,-73.99122,1,0,Unspecified,4492325,6.9,-2.1,0.5,0.5,0.0,4.0,51,21.8,38.2,216,Drizzle: Light,1,1,
41251,2022-01-07 07:01:00,40.84088,-73.83938,1,0,Unspecified,4493336,-0.0,-5.7,9.0,0.0,6.3,11.0,75,26.8,48.6,313,Snow fall: Heavy,1,1,Snowy Conditions
41252,2022-01-06 11:20:00,40.830143,-73.92858,1,0,Unspecified,4493039,4.1,-0.7,0.0,0.0,0.0,0.0,3,20.2,38.2,269,Overcast,1,1,
41253,2022-01-01 13:45:00,40.69268,-73.93998,1,0,Alcohol Involvement,4492877,11.7,7.5,19.4,19.4,0.0,19.0,63,13.9,22.3,161,Rain: Moderate,1,1,
41254,2022-01-07 09:16:00,40.764263,-73.77134,0,0,Driver Inattention/Distraction,4492680,-0.0,-5.7,9.0,0.0,6.3,11.0,75,26.8,48.6,313,Snow fall: Heavy,0,0,Snowy Conditions
41255,2022-01-05 08:14:00,40.60242,-74.13329,0,0,Pavement Slippery,4492340,6.9,-2.1,0.5,0.5,0.0,4.0,51,21.8,38.2,216,Drizzle: Light,0,0,
41256,2021-12-16 16:49:00,40.819057,-73.92923,1,0,Driver Inattention/Distraction,4492693,14.6,9.9,0.0,0.0,0.0,0.0,3,22.4,38.5,222,Overcast,1,1,
41257,2022-01-07 11:30:00,40.828945,-73.90503,1,0,Backing Unsafely,4492948,-0.0,-5.7,9.0,0.0,6.3,11.0,75,26.8,48.6,313,Snow fall: Heavy,1,1,Snowy Conditions
41258,2022-01-07 17:25:00,40.74464,-73.83355,1,0,Turning Improperly,4492799,-0.0,-5.7,9.0,0.0,6.3,11.0,75,26.8,48.6,313,Snow fall: Heavy,1,1,Snowy Conditions
41259,2022-01-05 05:05:00,40.701847,-73.85727,2,0,Aggressive Driving/Road Rage,4492394,6.9,-2.1,0.5,0.5,0.0,4.0,51,21.8,38.2,216,Drizzle: Light,2,2,
41260,2022-01-05 14:00:00,40.854443,-73.86482,1,0,Backing Unsafely,4492188,6.9,-2.1,0.5,0.5,0.0,4.0,51,21.8,38.2,216,Drizzle: Light,1,1,
41261,2022-01-05 09:31:00,40.58466,-73.95086,0,0,Following Too Closely,4492888,6.9,-2.1,0.5,0.5,0.0,4.0,51,21.8,38.2,216,Drizzle: Light,0,0,
41262,2022-01-06 16:34:00,40.87167,-73.8486,0,0,Unspecified,4493201,4.1,-0.7,0.0,0.0,0.0,0.0,3,20.2,38.2,269,Overcast,0,0,
41263,2022-01-07 23:58:00,40.73828,-73.80296,1,0,Unsafe Speed,4492955,-0.0,-5.7,9.0,0.0,6.3,11.0,75,26.8,48.6,313,Snow fall: Heavy,1,1,Snowy Conditions
41264,2022-01-04 17:42:00,40.592484,-73.99494,2,0,Following Too Closely,4492991,0.7,-6.7,0.0,0.0,0.0,0.0,3,20.0,36.4,287,Overcast,2,2,
41265,2022-01-07 07:00:00,40.706753,-73.91437,0,0,Driver Inexperience,4493161,-0.0,-5.7,9.0,0.0,6.3,11.0,75,26.8,48.6,313,Snow fall: Heavy,0,0,Snowy Conditions
41266,2022-01-05 06:00:00,40.88599,-73.82792,0,0,Pavement Slippery,4492223,6.9,-2.1,0.5,0.5,0.0,4.0,51,21.8,38.2,216,Drizzle: Light,0,0,
41267,2022-01-06 20:40:00,40.595203,-73.75603,0,0,Backing Unsafely,4492633,4.1,-0.7,0.0,0.0,0.0,0.0,3,20.2,38.2,269,Overcast,0,0,
41268,2022-01-05 07:07:00,40.86505,-73.83001,1,0,Unspecified,4492091,6.9,-2.1,0.5,0.5,0.0,4.0,51,21.8,38.2,216,Drizzle: Light,1,1,
41269,2022-01-07 17:55:00,40.634533,-74.0867,1,0,Driver Inattention/Distraction,4493183,-0.0,-5.7,9.0,0.0,6.3,11.0,75,26.8,48.6,313,Snow fall: Heavy,1,1,Snowy Conditions
41270,2022-01-07 04:19:00,40.83313,-73.8715,0,0,Other Vehicular,4492620,-0.0,-5.7,9.0,0.0,6.3,11.0,75,26.8,48.6,313,Snow fall: Heavy,0,0,Snowy Conditions
41271,2022-01-06 07:50:00,40.73133,-73.70805,2,0,Failure to Yield Right-of-Way,4492403,4.1,-0.7,0.0,0.0,0.0,0.0,3,20.2,38.2,269,Overcast,2,2,
41272,2022-01-04 13:26:00,40.669273,-73.922554,0,0,Driver Inattention/Distraction,4493187,0.7,-6.7,0.0,0.0,0.0,0.0,3,20.0,36.4,287,Overcast,0,0,
41273,2022-01-07 05:50:00,40.75998,-73.72388,0,0,Driver Inattention/Distraction,4492752,-0.0,-5.7,9.0,0.0,6.3,11.0,75,26.8,48.6,313,Snow fall: Heavy,0,0,Snowy Conditions
41274,2022-01-05 13:55:00,40.656185,-73.95121,0,0,Physical Disability,4492285,6.9,-2.1,0.5,0.5,0.0,4.0,51,21.8,38.2,216,Drizzle: Light,0,0,
41275,2022-01-07 08:40:00,40.792534,-73.827255,0,0,Pavement Slippery,4492665,-0.0,-5.7,9.0,0.0,6.3,11.0,75,26.8,48.6,313,Snow fall: Heavy,0,0,Snowy Conditions
41276,2022-01-07 15:44:00,40.806065,-73.90905,1,0,Alcohol Involvement,4493308,-0.0,-5.7,9.0,0.0,6.3,11.0,75,26.8,48.6,313,Snow fall: Heavy,1,1,Snowy Conditions
41277,2022-01-07 20:40:00,40.731415,-73.91723,0,0,Driver Inattention/Distraction,4492747,-0.0,-5.7,9.0,0.0,6.3,11.0,75,26.8,48.6,313,Snow fall: Heavy,0,0,Snowy Conditions
41278,2022-01-06 21:05:00,40.819054,-73.90994,2,0,Unspecified,4492596,4.1,-0.7,0.0,0.0,0.0,0.0,3,20.2,38.2,269,Overcast,2,2,
41279,2021-12-31 18:15:00,40.679653,-73.77724,0,0,Passing or Lane Usage Improper,4492648,11.1,7.1,2.7,2.7,0.0,5.0,55,14.9,29.2,193,Drizzle: Dense,0,0,
41280,2022-01-05 11:06:00,40.742123,-73.99097,0,0,Driver Inattention/Distraction,4492196,6.9,-2.1,0.5,0.5,0.0,4.0,51,21.8,38.2,216,Drizzle: Light,0,0,
41281,2022-01-05 23:38:00,40.683647,-73.94688,1,0,Driver Inattention/Distraction,4492508,6.9,-2.1,0.5,0.5,0.0,4.0,51,21.8,38.2,216,Drizzle: Light,1,1,
41282,2022-01-05 06:55:00,40.74959,-74.00279,0,0,Failure to Yield Right-of-Way,4493123,6.9,-2.1,0.5,0.5,0.0,4.0,51,21.8,38.2,216,Drizzle: Light,0,0,
41283,2022-01-05 22:19:00,40.863647,-73.8918,1,0,Unsafe Speed,4492467,6.9,-2.1,0.5,0.5,0.0,4.0,51,21.8,38.2,216,Drizzle: Light,1,1,
41284,2022-01-05 20:43:00,40.797916,-73.96385,0,0,Turning Improperly,4492481,6.9,-2.1,0.5,0.5,0.0,4.0,51,21.8,38.2,216,Drizzle: Light,0,0,
41285,2022-01-05 00:00:00,40.804905,-73.91883,3,0,Unspecified,4492669,6.9,-2.1,0.5,0.5,0.0,4.0,51,21.8,38.2,216,Drizzle: Light,3,3,
41286,2022-01-01 01:39:00,40.750687,-73.752235,0,0,Unsafe Speed,4492781,11.7,7.5,19.4,19.4,0.0,19.0,63,13.9,22.3,161,Rain: Moderate,0,0,
41287,2022-01-05 08:15:00,40.806408,-73.94016,2,0,Driver Inattention/Distraction,4492076,6.9,-2.1,0.5,0.5,0.0,4.0,51,21.8,38.2,216,Drizzle: Light,2,2,
41288,2022-01-06 13:30:00,40.726524,-73.99585,1,0,Passenger Distraction,4492999,4.1,-0.7,0.0,0.0,0.0,0.0,3,20.2,38.2,269,Overcast,1,1,
41289,2022-01-07 01:00:00,40.75513,-73.96525,0,0,Pedestrian/Bicyclist/Other Pedestrian Error/Confusion,4492708,-0.0,-5.7,9.0,0.0,6.3,11.0,75,26.8,48.6,313,Snow fall: Heavy,0,0,Snowy Conditions
41290,2022-01-06 23:00:00,40.87413,-73.83796,1,0,Unsafe Speed,4493209,4.1,-0.7,0.0,0.0,0.0,0.0,3,20.2,38.2,269,Overcast,1,1,
41291,2021-12-31 03:40:00,40.67878,-73.91986,0,0,Driver Inattention/Distraction,4492861,11.1,7.1,2.7,2.7,0.0,5.0,55,14.9,29.2,193,Drizzle: Dense,0,0,
41292,2022-01-05 06:25:00,40.839622,-73.870285,0,0,Pavement Slippery,4492345,6.9,-2.1,0.5,0.5,0.0,4.0,51,21.8,38.2,216,Drizzle: Light,0,0,
41293,2022-01-07 04:16:00,40.704308,-73.91924,0,0,Pavement Slippery,4492676,-0.0,-5.7,9.0,0.0,6.3,11.0,75,26.8,48.6,313,Snow fall: Heavy,0,0,Snowy Conditions
41294,2022-01-07 14:50:00,40.681656,-73.76238,0,0,Unspecified,4492811,-0.0,-5.7,9.0,0.0,6.3,11.0,75,26.8,48.6,313,Snow fall: Heavy,0,0,Snowy Conditions
41295,2022-01-05 13:58:00,40.651363,-73.96345,0,0,Unspecified,4492986,6.9,-2.1,0.5,0.5,0.0,4.0,51,21.8,38.2,216,Drizzle: Light,0,0,
41296,2022-01-01 02:05:00,40.696735,-73.93481,0,0,Driver Inattention/Distraction,4493083,11.7,7.5,19.4,19.4,0.0,19.0,63,13.9,22.3,161,Rain: Moderate,0,0,
41297,2021-11-23 08:35:00,40.692184,-73.93136,0,0,Passing Too Closely,4492930,5.4,-0.4,0.3,0.0,0.21,2.0,71,27.8,52.9,318,Snow fall: Light,0,0,Snowy Conditions
41298,2022-01-05 08:10:00,40.77926,-73.81932,0,0,Passing Too Closely,4492137,6.9,-2.1,0.5,0.5,0.0,4.0,51,21.8,38.2,216,Drizzle: Light,0,0,
41299,2022-01-02 12:27:00,40.643574,-73.97166,1,0,Driver Inattention/Distraction,4493321,13.1,2.7,16.0,16.0,0.0,8.0,65,25.1,52.6,318,Rain: Heavy,1,1,
41300,2022-01-06 14:22:00,40.69535,-73.91632,1,0,Backing Unsafely,4492674,4.1,-0.7,0.0,0.0,0.0,0.0,3,20.2,38.2,269,Overcast,1,1,
41301,2022-01-07 08:50:00,40.640263,-74.08799,0,0,Unspecified,4493181,-0.0,-5.7,9.0,0.0,6.3,11.0,75,26.8,48.6,313,Snow fall: Heavy,0,0,Snowy Conditions
41302,2022-01-06 22:20:00,40.616184,-73.9713,0,0,Unspecified,4493100,4.1,-0.7,0.0,0.0,0.0,0.0,3,20.2,38.2,269,Overcast,0,0,
41303,2022-01-07 15:10:00,40.73664,-73.86584,1,0,Turning Improperly,4493033,-0.0,-5.7,9.0,0.0,6.3,11.0,75,26.8,48.6,313,Snow fall: Heavy,1,1,Snowy Conditions
41304,2022-01-05 19:25:00,40.585026,-73.958275,0,0,Oversized Vehicle,4492425,6.9,-2.1,0.5,0.5,0.0,4.0,51,21.8,38.2,216,Drizzle: Light,0,0,
41305,2022-01-05 18:05:00,40.654133,-73.91234,0,0,Unspecified,4493017,6.9,-2.1,0.5,0.5,0.0,4.0,51,21.8,38.2,216,Drizzle: Light,0,0,
41306,2022-01-05 06:20:00,40.73796,-73.93588,0,0,Driver Inattention/Distraction,4492057,6.9,-2.1,0.5,0.5,0.0,4.0,51,21.8,38.2,216,Drizzle: Light,0,0,
41307,2022-01-07 10:30:00,40.673805,-73.83739,0,0,Pavement Slippery,4493270,-0.0,-5.7,9.0,0.0,6.3,11.0,75,26.8,48.6,313,Snow fall: Heavy,0,0,Snowy Conditions
41308,2022-01-05 08:00:00,40.520916,-74.235115,1,0,Pavement Slippery,4492242,6.9,-2.1,0.5,0.5,0.0,4.0,51,21.8,38.2,216,Drizzle: Light,1,1,
41309,2022-01-05 06:20:00,40.62707,-74.01865,1,0,Pavement Slippery,4492461,6.9,-2.1,0.5,0.5,0.0,4.0,51,21.8,38.2,216,Drizzle: Light,1,1,
41310,2022-01-07 11:00:00,40.555454,-74.16389,1,0,Failure to Yield Right-of-Way,4492724,-0.0,-5.7,9.0,0.0,6.3,11.0,75,26.8,48.6,313,Snow fall: Heavy,1,1,Snowy Conditions
41311,2022-01-06 18:01:00,40.86242,-73.89405,0,0,Turning Improperly,4492652,4.1,-0.7,0.0,0.0,0.0,0.0,3,20.2,38.2,269,Overcast,0,0,
41312,2022-01-07 14:40:00,40.846565,-73.92589,0,0,Glare,4492787,-0.0,-5.7,9.0,0.0,6.3,11.0,75,26.8,48.6,313,Snow fall: Heavy,0,0,Snowy Conditions
41313,2021-12-29 13:00:00,40.79241,-73.94405,0,0,Unsafe Lane Changing,4492980,7.6,4.1,8.1,8.1,0.0,8.0,61,12.2,24.1,52,Rain: Light,0,0,
41314,2022-01-05 00:06:00,40.64076,-73.930214,0,0,Fell Asleep,4493012,6.9,-2.1,0.5,0.5,0.0,4.0,51,21.8,38.2,216,Drizzle: Light,0,0,
41315,2022-01-07 14:14:00,40.83381,-73.918396,0,0,Passing Too Closely,4493032,-0.0,-5.7,9.0,0.0,6.3,11.0,75,26.8,48.6,313,Snow fall: Heavy,0,0,Snowy Conditions
41316,2022-01-05 18:34:00,40.680187,-73.967964,0,0,Passing Too Closely,4492392,6.9,-2.1,0.5,0.5,0.0,4.0,51,21.8,38.2,216,Drizzle: Light,0,0,
41317,2021-12-21 07:30:00,40.6827,-73.929016,0,0,Backing Unsafely,4492856,5.7,-2.4,0.0,0.0,0.0,0.0,3,13.6,24.5,228,Overcast,0,0,
41318,2022-01-05 11:00:00,40.721504,-73.93844,0,0,Unspecified,4492175,6.9,-2.1,0.5,0.5,0.0,4.0,51,21.8,38.2,216,Drizzle: Light,0,0,
41319,2022-01-07 16:53:00,40.691433,-73.89063,2,0,Following Too Closely,4492806,-0.0,-5.7,9.0,0.0,6.3,11.0,75,26.8,48.6,313,Snow fall: Heavy,2,2,Snowy Conditions
41320,2022-01-05 10:50:00,40.70082,-73.958984,0,0,Unspecified,4492559,6.9,-2.1,0.5,0.5,0.0,4.0,51,21.8,38.2,216,Drizzle: Light,0,0,
41321,2022-01-06 20:36:00,40.830154,-73.93964,1,0,Unspecified,4493059,4.1,-0.7,0.0,0.0,0.0,0.0,3,20.2,38.2,269,Overcast,1,1,
41322,2022-01-06 07:30:00,40.855667,-73.89968,0,0,Unspecified,4492791,4.1,-0.7,0.0,0.0,0.0,0.0,3,20.2,38.2,269,Overcast,0,0,
41323,2022-01-05 18:25:00,40.620865,-73.935,0,0,Driver Inattention/Distraction,4492292,6.9,-2.1,0.5,0.5,0.0,4.0,51,21.8,38.2,216,Drizzle: Light,0,0,
41324,2021-10-14 16:02:00,40.7079009,-73.8488839,1,0,Following Too Closely,4467132,25.0,15.4,0.0,0.0,0.0,0.0,3,15.4,29.9,328,Overcast,1,1,
41325,2022-01-07 06:36:00,40.754055,-73.99583,0,0,Other Vehicular,4492701,-0.0,-5.7,9.0,0.0,6.3,11.0,75,26.8,48.6,313,Snow fall: Heavy,0,0,Snowy Conditions
41326,2022-01-01 19:30:00,40.69369,-73.93121,1,0,Driver Inattention/Distraction,4492923,11.7,7.5,19.4,19.4,0.0,19.0,63,13.9,22.3,161,Rain: Moderate,1,1,
41327,2022-01-05 19:40:00,40.836502,-73.825165,1,0,Unspecified,4492269,6.9,-2.1,0.5,0.5,0.0,4.0,51,21.8,38.2,216,Drizzle: Light,1,1,
41328,2021-10-14 13:00:00,40.8408464,-73.8725723,3,0,Driver Inattention/Distraction,4468040,25.0,15.4,0.0,0.0,0.0,0.0,3,15.4,29.9,328,Overcast,3,3,
41329,2022-01-02 14:57:00,40.88661,-73.90704,0,0,Passing or Lane Usage Improper,4492828,13.1,2.7,16.0,16.0,0.0,8.0,65,25.1,52.6,318,Rain: Heavy,0,0,
41330,2021-10-13 14:26:00,40.8583759,-73.896364,0,0,Passing Too Closely,4466890,21.7,14.8,0.1,0.1,0.0,1.0,51,12.2,23.0,200,Drizzle: Light,0,0,
41331,2021-10-14 10:30:00,40.6601705,-73.7738971,0,0,Driver Inattention/Distraction,4467393,25.0,15.4,0.0,0.0,0.0,0.0,3,15.4,29.9,328,Overcast,0,0,
41332,2021-10-15 17:53:00,40.7166831,-73.9824286,0,0,Unspecified,4467710,25.0,14.5,0.0,0.0,0.0,0.0,3,16.8,28.4,182,Overcast,0,0,
41333,2021-10-14 15:30:00,40.9022935,-73.9068383,0,0,Unspecified,4467303,25.0,15.4,0.0,0.0,0.0,0.0,3,15.4,29.9,328,Overcast,0,0,
41334,2021-10-14 14:00:00,40.7041807,-73.8948076,0,0,Passing Too Closely,4467435,25.0,15.4,0.0,0.0,0.0,0.0,3,15.4,29.9,328,Overcast,0,0,
41335,2021-10-15 16:00:00,40.7224015,-73.9916483,1,0,Driver Inattention/Distraction,4468270,25.0,14.5,0.0,0.0,0.0,0.0,3,16.8,28.4,182,Overcast,1,1,
41336,2021-12-11 14:00:00,40.6839,-73.96699,2,0,Following Too Closely,4485450,17.3,5.0,8.1,8.1,0.0,5.0,63,35.0,67.0,206,Rain: Moderate,2,2,
41337,2021-12-11 18:30:00,40.665257,-73.735344,0,0,Driver Inattention/Distraction,4485486,17.3,5.0,8.1,8.1,0.0,5.0,63,35.0,67.0,206,Rain: Moderate,0,0,
41338,2021-12-11 16:15:00,40.864655,-73.813866,3,0,Unspecified,4486134,17.3,5.0,8.1,8.1,0.0,5.0,63,35.0,67.0,206,Rain: Moderate,3,3,
41339,2021-12-11 02:15:00,40.60481,-74.023964,2,0,Unsafe Speed,4485392,17.3,5.0,8.1,8.1,0.0,5.0,63,35.0,67.0,206,Rain: Moderate,2,2,
41340,2021-12-10 15:41:00,40.82153,-73.87863,1,0,Turning Improperly,4486114,8.5,1.6,0.0,0.0,0.0,0.0,3,9.8,20.5,183,Overcast,1,1,
41341,2021-12-11 12:30:00,40.673485,-73.97296,0,0,Oversized Vehicle,4485776,17.3,5.0,8.1,8.1,0.0,5.0,63,35.0,67.0,206,Rain: Moderate,0,0,
41342,2021-12-11 23:10:00,40.56152,-74.17186,1,0,,4485598,17.3,5.0,8.1,8.1,0.0,5.0,63,35.0,67.0,206,Rain: Moderate,1,1,
41343,2021-12-11 20:10:00,40.715954,-73.986725,1,0,Unspecified,4486212,17.3,5.0,8.1,8.1,0.0,5.0,63,35.0,67.0,206,Rain: Moderate,1,1,
41344,2022-01-06 08:40:00,40.645164,-73.898346,0,0,Unspecified,4492512,4.1,-0.7,0.0,0.0,0.0,0.0,3,20.2,38.2,269,Overcast,0,0,
41345,2022-01-01 21:10:00,40.67887,-73.92165,2,0,Driver Inattention/Distraction,4493121,11.7,7.5,19.4,19.4,0.0,19.0,63,13.9,22.3,161,Rain: Moderate,2,2,
41346,2022-01-05 16:43:00,40.70776,-73.897575,0,0,Failure to Yield Right-of-Way,4493158,6.9,-2.1,0.5,0.5,0.0,4.0,51,21.8,38.2,216,Drizzle: Light,0,0,
41347,2022-01-05 21:00:00,40.588753,-73.97394,0,0,Unspecified,4492887,6.9,-2.1,0.5,0.5,0.0,4.0,51,21.8,38.2,216,Drizzle: Light,0,0,
41348,2021-11-07 03:00:00,40.682194,-73.92261,0,0,Backing Unsafely,4492993,12.1,2.6,0.0,0.0,0.0,0.0,3,10.0,20.5,358,Overcast,0,0,