,CRASH DATETIME,LATITUDE,LONGITUDE,NUMBER OF PERSONS INJURED,NUMBER OF PERSONS KILLED,CONTRIBUTING FACTOR VEHICLE 1,COLLISION_ID,temperature_2m_max,temperature_2m_min,precipitation_sum,rain_sum,snowfall_sum,precipitation_hours,weather_code,wind_speed_10m_max,wind_gusts_10m_max,wind_direction_10m_dominant,Weather Description,Severity_Score,Total_Affected_Persons,Weather_Category
41349,2021-12-29 17:53:00,40.772797,-73.9822,1,0,Driver Inattention/Distraction,4492853,7.6,4.1,8.1,8.1,0.0,8.0,61,12.2,24.1,52,Rain: Light,1,1,
41350,2022-01-06 15:50:00,40.770313,-73.87603,1,0,Unspecified,4492534,4.1,-0.7,0.0,0.0,0.0,0.0,3,20.2,38.2,269,Overcast,1,1,
41351,2022-01-05 19:40:00,40.817574,-73.90359,0,0,Driver Inattention/Distraction,4492299,6.9,-2.1,0.5,0.5,0.0,4.0,51,21.8,38.2,216,Drizzle: Light,0,0,
41352,2022-01-07 07:00:00,40.70902,-73.81011,0,0,Unspecified,4492706,-0.0,-5.7,9.0,0.0,6.3,11.0,75,26.8,48.6,313,Snow fall: Heavy,0,0,Snowy Conditions
41353,2022-01-06 18:00:00,40.61269,-73.982666,1,0,Unsafe Speed,4493002,4.1,-0.7,0.0,0.0,0.0,0.0,3,20.2,38.2,269,Overcast,1,1,
41354,2022-01-07 21:50:00,40.692165,-73.80638,0,0,Following Too Closely,4493174,-0.0,-5.7,9.0,0.0,6.3,11.0,75,26.8,48.6,313,Snow fall: Heavy,0,0,Snowy Conditions
41355,2022-01-05 05:46:00,40.78031,-73.98569,0,0,Other Vehicular,4492878,6.9,-2.1,0.5,0.5,0.0,4.0,51,21.8,38.2,216,Drizzle: Light,0,0,
41356,2022-01-06 18:49:00,40.684082,-73.90864,1,0,Traffic Control Disregarded,4492657,4.1,-0.7,0.0,0.0,0.0,0.0,3,20.2,38.2,269,Overcast,1,1,
41357,2022-01-05 13:00:00,40.83369,-73.91386,0,0,Driver Inexperience,4493334,6.9,-2.1,0.5,0.5,0.0,4.0,51,21.8,38.2,216,Drizzle: Light,0,0,
41358,2022-01-05 11:25:00,40.691017,-73.954475,0,0,Traffic Control Disregarded,4492163,6.9,-2.1,0.5,0.5,0.0,4.0,51,21.8,38.2,216,Drizzle: Light,0,0,
41359,2022-01-06 23:40:00,40.66747,-73.9396,1,0,Driver Inattention/Distraction,4492642,4.1,-0.7,0.0,0.0,0.0,0.0,3,20.2,38.2,269,Overcast,1,1,
41360,2022-01-05 07:49:00,40.70554,-73.78867,1,0,Tinted Windows,4492115,6.9,-2.1,0.5,0.5,0.0,4.0,51,21.8,38.2,216,Drizzle: Light,1,1,
41361,2022-01-06 13:13:00,40.767967,-73.96822,0,0,Driver Inexperience,4492591,4.1,-0.7,0.0,0.0,0.0,0.0,3,20.2,38.2,269,Overcast,0,0,
41362,2022-01-05 18:40:00,40.82851,-73.88012,0,0,Failure to Yield Right-of-Way,4492429,6.9,-2.1,0.5,0.5,0.0,4.0,51,21.8,38.2,216,Drizzle: Light,0,0,
41363,2022-01-04 05:40:00,40.67398,-73.911156,1,0,Unspecified,4493095,0.7,-6.7,0.0,0.0,0.0,0.0,3,20.0,36.4,287,Overcast,1,1,
41364,2022-01-07 06:00:00,40.748512,-73.875565,0,0,Unsafe Speed,4492689,-0.0,-5.7,9.0,0.0,6.3,11.0,75,26.8,48.6,313,Snow fall: Heavy,0,0,Snowy Conditions
41365,2022-01-07 14:55:00,40.772327,-73.94531,0,0,Other Vehicular,4492728,-0.0,-5.7,9.0,0.0,6.3,11.0,75,26.8,48.6,313,Snow fall: Heavy,0,0,Snowy Conditions
41366,2022-01-06 07:15:00,40.582874,-73.98053,0,0,Driver Inattention/Distraction,4492485,4.1,-0.7,0.0,0.0,0.0,0.0,3,20.2,38.2,269,Overcast,0,0,
41367,2022-01-05 06:15:00,40.873283,-73.870384,0,0,Pavement Slippery,4492213,6.9,-2.1,0.5,0.5,0.0,4.0,51,21.8,38.2,216,Drizzle: Light,0,0,
41368,2022-01-05 23:20:00,40.74045,-73.844376,1,0,Unsafe Lane Changing,4492327,6.9,-2.1,0.5,0.5,0.0,4.0,51,21.8,38.2,216,Drizzle: Light,1,1,
41369,2022-01-07 10:57:00,40.67472,-73.91058,0,0,Pavement Slippery,4493068,-0.0,-5.7,9.0,0.0,6.3,11.0,75,26.8,48.6,313,Snow fall: Heavy,0,0,Snowy Conditions
41370,2022-01-05 13:35:00,40.649918,-74.01226,0,0,Unspecified,4492739,6.9,-2.1,0.5,0.5,0.0,4.0,51,21.8,38.2,216,Drizzle: Light,0,0,
41371,2022-01-05 01:32:00,40.67743,-73.87591,0,0,Unspecified,4492454,6.9,-2.1,0.5,0.5,0.0,4.0,51,21.8,38.2,216,Drizzle: Light,0,0,
41372,2022-01-06 00:50:00,40.679363,-73.7973,0,0,Traffic Control Disregarded,4492384,4.1,-0.7,0.0,0.0,0.0,0.0,3,20.2,38.2,269,Overcast,0,0,
41373,2022-01-07 16:40:00,40.77461,-73.94809,0,0,Driver Inattention/Distraction,4493286,-0.0,-5.7,9.0,0.0,6.3,11.0,75,26.8,48.6,313,Snow fall: Heavy,0,0,Snowy Conditions
41374,2022-01-07 14:50:00,40.66602,-73.92947,0,0,Driver Inattention/Distraction,4492756,-0.0,-5.7,9.0,0.0,6.3,11.0,75,26.8,48.6,313,Snow fall: Heavy,0,0,Snowy Conditions
41375,2022-01-05 06:17:00,40.87847,-73.90363,2,0,Pavement Slippery,4492107,6.9,-2.1,0.5,0.5,0.0,4.0,51,21.8,38.2,216,Drizzle: Light,2,2,
41376,2022-01-05 05:33:00,40.69078,-73.72728,0,0,Aggressive Driving/Road Rage,4492047,6.9,-2.1,0.5,0.5,0.0,4.0,51,21.8,38.2,216,Drizzle: Light,0,0,
41377,2022-01-05 19:58:00,40.730442,-73.91367,0,0,Driver Inattention/Distraction,4492248,6.9,-2.1,0.5,0.5,0.0,4.0,51,21.8,38.2,216,Drizzle: Light,0,0,
41378,2022-01-04 15:00:00,40.77444,-73.92232,0,0,Unspecified,4492975,0.7,-6.7,0.0,0.0,0.0,0.0,3,20.0,36.4,287,Overcast,0,0,
41379,2021-12-31 17:50:00,40.845886,-73.83044,0,0,Unspecified,4492628,11.1,7.1,2.7,2.7,0.0,5.0,55,14.9,29.2,193,Drizzle: Dense,0,0,
41380,2022-01-05 19:39:00,40.809628,-73.890045,3,0,Unspecified,4492333,6.9,-2.1,0.5,0.5,0.0,4.0,51,21.8,38.2,216,Drizzle: Light,3,3,
41381,2022-01-05 07:00:00,40.89,-73.849106,1,0,Driver Inattention/Distraction,4492218,6.9,-2.1,0.5,0.5,0.0,4.0,51,21.8,38.2,216,Drizzle: Light,1,1,
41382,2022-01-07 13:01:00,40.653828,-74.01116,1,0,Unspecified,4492716,-0.0,-5.7,9.0,0.0,6.3,11.0,75,26.8,48.6,313,Snow fall: Heavy,1,1,Snowy Conditions
41383,2022-01-06 06:00:00,40.70933,-73.92249,0,0,Passing Too Closely,4492563,4.1,-0.7,0.0,0.0,0.0,0.0,3,20.2,38.2,269,Overcast,0,0,
41384,2022-01-06 18:08:00,40.565884,-74.1089,1,0,Failure to Yield Right-of-Way,4492575,4.1,-0.7,0.0,0.0,0.0,0.0,3,20.2,38.2,269,Overcast,1,1,
41385,2022-01-03 05:45:00,40.787685,-73.97502,0,0,Driver Inattention/Distraction,4492871,2.0,-4.4,1.4,0.0,0.98,6.0,73,29.3,55.4,359,Snow fall: Moderate,0,0,Snowy Conditions
41386,2022-01-05 02:56:00,40.67034,-73.942116,1,0,Aggressive Driving/Road Rage,4492518,6.9,-2.1,0.5,0.5,0.0,4.0,51,21.8,38.2,216,Drizzle: Light,1,1,
41387,2022-01-06 16:00:00,40.673485,-73.97296,0,0,Failure to Yield Right-of-Way,4493115,4.1,-0.7,0.0,0.0,0.0,0.0,3,20.2,38.2,269,Overcast,0,0,
41388,2022-01-06 22:37:00,40.601517,-73.8203,1,0,Unsafe Speed,4492821,4.1,-0.7,0.0,0.0,0.0,0.0,3,20.2,38.2,269,Overcast,1,1,
41389,2022-01-06 17:50:00,40.766777,-73.98091,0,0,Backing Unsafely,4492608,4.1,-0.7,0.0,0.0,0.0,0.0,3,20.2,38.2,269,Overcast,0,0,
41390,2022-01-07 04:20:00,40.70982,-73.9402,0,0,Following Too Closely,4492721,-0.0,-5.7,9.0,0.0,6.3,11.0,75,26.8,48.6,313,Snow fall: Heavy,0,0,Snowy Conditions
41391,2022-01-04 18:00:00,40.620968,-74.12374,0,0,Driver Inattention/Distraction,4493151,0.7,-6.7,0.0,0.0,0.0,0.0,3,20.0,36.4,287,Overcast,0,0,
41392,2022-01-07 08:00:00,40.76217,-73.7568,0,0,Pavement Slippery,4492684,-0.0,-5.7,9.0,0.0,6.3,11.0,75,26.8,48.6,313,Snow fall: Heavy,0,0,Snowy Conditions
41393,2022-01-06 15:00:00,40.718967,-73.96104,0,0,Driver Inattention/Distraction,4492939,4.1,-0.7,0.0,0.0,0.0,0.0,3,20.2,38.2,269,Overcast,0,0,
41394,2022-01-05 16:37:00,40.789528,-73.820435,0,0,Reaction to Uninvolved Vehicle,4492920,6.9,-2.1,0.5,0.5,0.0,4.0,51,21.8,38.2,216,Drizzle: Light,0,0,
41395,2022-01-05 08:45:00,40.76745,-73.78011,2,0,Failure to Yield Right-of-Way,4492259,6.9,-2.1,0.5,0.5,0.0,4.0,51,21.8,38.2,216,Drizzle: Light,2,2,
41396,2022-01-05 00:00:00,40.90304,-73.849556,0,0,Unspecified,4493207,6.9,-2.1,0.5,0.5,0.0,4.0,51,21.8,38.2,216,Drizzle: Light,0,0,
41397,2022-01-06 16:50:00,40.625294,-74.0285,0,0,Unspecified,4492530,4.1,-0.7,0.0,0.0,0.0,0.0,3,20.2,38.2,269,Overcast,0,0,
41398,2022-01-06 17:34:00,40.809933,-73.85332,1,0,Driver Inattention/Distraction,4492625,4.1,-0.7,0.0,0.0,0.0,0.0,3,20.2,38.2,269,Overcast,1,1,
41399,2022-01-05 16:24:00,40.71599,-73.87209,1,0,Following Too Closely,4492411,6.9,-2.1,0.5,0.5,0.0,4.0,51,21.8,38.2,216,Drizzle: Light,1,1,
41400,2022-01-07 06:58:00,40.71085,-73.901276,0,0,Pavement Slippery,4492638,-0.0,-5.7,9.0,0.0,6.3,11.0,75,26.8,48.6,313,Snow fall: Heavy,0,0,Snowy Conditions
41401,2022-01-05 09:00:00,40.830936,-73.91241,0,0,Driver Inattention/Distraction,4493049,6.9,-2.1,0.5,0.5,0.0,4.0,51,21.8,38.2,216,Drizzle: Light,0,0,
41402,2022-01-04 12:44:00,40.660797,-73.87183,2,0,Unspecified,4493346,0.7,-6.7,0.0,0.0,0.0,0.0,3,20.0,36.4,287,Overcast,2,2,
41403,2022-01-07 22:00:00,40.85154,-73.918335,0,0,Unspecified,4492788,-0.0,-5.7,9.0,0.0,6.3,11.0,75,26.8,48.6,313,Snow fall: Heavy,0,0,Snowy Conditions
41404,2022-01-01 22:58:00,40.724804,-73.82983,1,0,Pavement Slippery,4492770,11.7,7.5,19.4,19.4,0.0,19.0,63,13.9,22.3,161,Rain: Moderate,1,1,
41405,2022-01-07 13:30:00,40.623985,-73.92034,0,0,Unspecified,4492748,-0.0,-5.7,9.0,0.0,6.3,11.0,75,26.8,48.6,313,Snow fall: Heavy,0,0,Snowy Conditions
41406,2022-01-05 11:24:00,40.729996,-73.91187,1,0,Reaction to Uninvolved Vehicle,4492154,6.9,-2.1,0.5,0.5,0.0,4.0,51,21.8,38.2,216,Drizzle: Light,1,1,
41407,2022-01-05 21:00:00,40.670326,-73.88878,1,0,Traffic Control Disregarded,4492449,6.9,-2.1,0.5,0.5,0.0,4.0,51,21.8,38.2,216,Drizzle: Light,1,1,
41408,2022-01-06 07:04:00,40.674137,-73.83903,2,0,Failure to Yield Right-of-Way,4492595,4.1,-0.7,0.0,0.0,0.0,0.0,3,20.2,38.2,269,Overcast,2,2,
41409,2022-01-05 20:18:00,40.73973,-73.81762,0,0,Following Too Closely,4492395,6.9,-2.1,0.5,0.5,0.0,4.0,51,21.8,38.2,216,Drizzle: Light,0,0,
41410,2022-01-05 09:14:00,40.688904,-73.980934,0,0,Driver Inattention/Distraction,4492134,6.9,-2.1,0.5,0.5,0.0,4.0,51,21.8,38.2,216,Drizzle: Light,0,0,
41411,2022-01-05 14:20:00,40.64531,-73.94608,0,0,Driver Inattention/Distraction,4492200,6.9,-2.1,0.5,0.5,0.0,4.0,51,21.8,38.2,216,Drizzle: Light,0,0,
41412,2022-01-05 07:50:00,40.678318,-73.94693,0,0,Unsafe Lane Changing,4492743,6.9,-2.1,0.5,0.5,0.0,4.0,51,21.8,38.2,216,Drizzle: Light,0,0,
41413,2022-01-05 21:44:00,40.644623,-73.90709,2,0,Driver Inattention/Distraction,4492496,6.9,-2.1,0.5,0.5,0.0,4.0,51,21.8,38.2,216,Drizzle: Light,2,2,
41414,2022-01-05 18:54:00,40.63917,-73.91604,1,0,Driver Inattention/Distraction,4492482,6.9,-2.1,0.5,0.5,0.0,4.0,51,21.8,38.2,216,Drizzle: Light,1,1,
41415,2022-01-05 00:07:00,40.877304,-73.90062,0,0,Unspecified,4492093,6.9,-2.1,0.5,0.5,0.0,4.0,51,21.8,38.2,216,Drizzle: Light,0,0,
41416,2022-01-07 08:55:00,40.702873,-73.817055,1,0,Pavement Slippery,4492760,-0.0,-5.7,9.0,0.0,6.3,11.0,75,26.8,48.6,313,Snow fall: Heavy,1,1,Snowy Conditions
41417,2022-01-06 00:00:00,40.818348,-73.92951,0,0,Unspecified,4492609,4.1,-0.7,0.0,0.0,0.0,0.0,3,20.2,38.2,269,Overcast,0,0,
41418,2022-01-07 12:50:00,40.87724,-73.88658,0,0,Other Vehicular,4492711,-0.0,-5.7,9.0,0.0,6.3,11.0,75,26.8,48.6,313,Snow fall: Heavy,0,0,Snowy Conditions
41419,2022-01-07 07:15:00,40.64513,-73.948975,0,0,View Obstructed/Limited,4493020,-0.0,-5.7,9.0,0.0,6.3,11.0,75,26.8,48.6,313,Snow fall: Heavy,0,0,Snowy Conditions
41420,2022-01-07 23:51:00,40.71459,-73.757935,0,0,Accelerator Defective,4493298,-0.0,-5.7,9.0,0.0,6.3,11.0,75,26.8,48.6,313,Snow fall: Heavy,0,0,Snowy Conditions
41421,2021-12-30 16:57:00,40.63515,-73.948906,0,0,Unspecified,4492971,8.3,5.0,1.8,1.8,0.0,7.0,53,9.9,17.6,22,Drizzle: Moderate,0,0,
41422,2022-01-07 05:05:00,40.70558,-73.739716,0,0,View Obstructed/Limited,4492643,-0.0,-5.7,9.0,0.0,6.3,11.0,75,26.8,48.6,313,Snow fall: Heavy,0,0,Snowy Conditions
41423,2022-01-07 06:03:00,40.68573,-74.002365,0,0,Unspecified,4492664,-0.0,-5.7,9.0,0.0,6.3,11.0,75,26.8,48.6,313,Snow fall: Heavy,0,0,Snowy Conditions
41424,2022-01-05 06:10:00,40.63311,-73.97217,1,0,Unspecified,4492309,6.9,-2.1,0.5,0.5,0.0,4.0,51,21.8,38.2,216,Drizzle: Light,1,1,
41425,2022-01-06 11:30:00,40.73225,-73.92452,0,0,Driver Inattention/Distraction,4492567,4.1,-0.7,0.0,0.0,0.0,0.0,3,20.2,38.2,269,Overcast,0,0,
41426,2021-10-16 01:40:00,40.7400388,-73.9790656,0,0,Unspecified,4467789,24.3,15.0,17.5,17.5,0.0,9.0,63,25.7,46.4,195,Rain: Moderate,0,0,
41427,2022-01-06 18:00:00,40.550766,-74.15017,1,0,Driver Inattention/Distraction,4492570,4.1,-0.7,0.0,0.0,0.0,0.0,3,20.2,38.2,269,Overcast,1,1,
41428,2022-01-05 04:30:00,40.730442,-73.91367,0,0,Unsafe Lane Changing,4492039,6.9,-2.1,0.5,0.5,0.0,4.0,51,21.8,38.2,216,Drizzle: Light,0,0,
41429,2022-01-05 05:50:00,40.846264,-73.920586,1,0,Other Vehicular,4492632,6.9,-2.1,0.5,0.5,0.0,4.0,51,21.8,38.2,216,Drizzle: Light,1,1,
41430,2022-01-05 05:53:00,40.704594,-73.90826,0,0,Failure to Yield Right-of-Way,4492343,6.9,-2.1,0.5,0.5,0.0,4.0,51,21.8,38.2,216,Drizzle: Light,0,0,
41431,2022-01-06 00:00:00,40.740982,-73.946304,0,0,Accelerator Defective,4492369,4.1,-0.7,0.0,0.0,0.0,0.0,3,20.2,38.2,269,Overcast,0,0,
41432,2022-01-07 07:25:00,40.75019,-73.80821,0,0,Pavement Slippery,4492679,-0.0,-5.7,9.0,0.0,6.3,11.0,75,26.8,48.6,313,Snow fall: Heavy,0,0,Snowy Conditions
41433,2021-12-03 15:02:00,40.867012,-73.92312,0,0,Unspecified,4492866,9.3,0.9,0.0,0.0,0.0,0.0,3,27.6,53.3,301,Overcast,0,0,
41434,2022-01-06 14:30:00,40.81165,-73.92104,0,0,Unspecified,4492603,4.1,-0.7,0.0,0.0,0.0,0.0,3,20.2,38.2,269,Overcast,0,0,
41435,2022-01-07 07:06:00,40.70559,-73.85824,0,0,Pavement Slippery,4492696,-0.0,-5.7,9.0,0.0,6.3,11.0,75,26.8,48.6,313,Snow fall: Heavy,0,0,Snowy Conditions
41436,2022-01-05 17:55:00,40.66352,-73.73135,1,0,Alcohol Involvement,4492254,6.9,-2.1,0.5,0.5,0.0,4.0,51,21.8,38.2,216,Drizzle: Light,1,1,
41437,2022-01-06 12:44:00,40.62425,-73.99404,0,0,Backing Unsafely,4492503,4.1,-0.7,0.0,0.0,0.0,0.0,3,20.2,38.2,269,Overcast,0,0,
41438,2022-01-07 19:00:00,40.73802,-73.93824,0,0,Unspecified,4492776,-0.0,-5.7,9.0,0.0,6.3,11.0,75,26.8,48.6,313,Snow fall: Heavy,0,0,Snowy Conditions
41439,2021-12-20 23:25:00,40.691277,-73.746254,0,0,Failure to Yield Right-of-Way,4492816,1.8,-4.4,0.0,0.0,0.0,0.0,2,17.9,32.8,282,Partly cloudy,0,0,
41440,2022-01-05 18:16:00,40.75495,-73.990265,0,0,Following Too Closely,4493109,6.9,-2.1,0.5,0.5,0.0,4.0,51,21.8,38.2,216,Drizzle: Light,0,0,
41441,2022-01-07 14:30:00,40.75999,-73.72371,0,0,Unspecified,4492738,-0.0,-5.7,9.0,0.0,6.3,11.0,75,26.8,48.6,313,Snow fall: Heavy,0,0,Snowy Conditions
41442,2022-01-06 14:04:00,40.675266,-73.90415,0,0,Driver Inattention/Distraction,4493072,4.1,-0.7,0.0,0.0,0.0,0.0,3,20.2,38.2,269,Overcast,0,0,
41443,2022-01-07 19:45:00,40.600834,-74.09622,0,0,Unspecified,4492904,-0.0,-5.7,9.0,0.0,6.3,11.0,75,26.8,48.6,313,Snow fall: Heavy,0,0,Snowy Conditions
41444,2021-12-27 15:09:00,40.669735,-73.93104,0,0,Other Vehicular,4493170,2.7,-1.4,2.1,0.8,0.91,5.0,73,13.5,23.0,10,Snow fall: Moderate,0,0,Snowy Conditions
41445,2022-01-07 07:11:00,40.63997,-74.13185,0,0,Driver Inattention/Distraction,4493217,-0.0,-5.7,9.0,0.0,6.3,11.0,75,26.8,48.6,313,Snow fall: Heavy,0,0,Snowy Conditions
41446,2022-01-05 13:40:00,40.826744,-73.880646,0,0,Unspecified,4492621,6.9,-2.1,0.5,0.5,0.0,4.0,51,21.8,38.2,216,Drizzle: Light,0,0,
41447,2022-01-07 21:10:00,40.729664,-73.85028,0,0,Pavement Slippery,4492753,-0.0,-5.7,9.0,0.0,6.3,11.0,75,26.8,48.6,313,Snow fall: Heavy,0,0,Snowy Conditions
41448,2021-12-02 17:15:00,40.70253,-73.8143,1,0,Unspecified,4492733,13.2,5.4,3.4,3.4,0.0,10.0,55,28.0,46.8,215,Drizzle: Dense,1,1,
41449,2022-01-07 01:16:00,40.839237,-73.94688,2,0,Unspecified,4493055,-0.0,-5.7,9.0,0.0,6.3,11.0,75,26.8,48.6,313,Snow fall: Heavy,2,2,Snowy Conditions
41450,2022-01-07 22:25:00,40.68382,-73.80673,1,0,Following Too Closely,4493271,-0.0,-5.7,9.0,0.0,6.3,11.0,75,26.8,48.6,313,Snow fall: Heavy,1,1,Snowy Conditions
41451,2022-01-07 21:43:00,40.857277,-73.888466,0,0,Pavement Slippery,4493311,-0.0,-5.7,9.0,0.0,6.3,11.0,75,26.8,48.6,313,Snow fall: Heavy,0,0,Snowy Conditions
41452,2022-01-06 02:20:00,40.66925,-73.93944,1,0,Unsafe Speed,4492805,4.1,-0.7,0.0,0.0,0.0,0.0,3,20.2,38.2,269,Overcast,1,1,
41453,2022-01-06 23:35:00,40.68789,-73.90724,1,0,Alcohol Involvement,4492670,4.1,-0.7,0.0,0.0,0.0,0.0,3,20.2,38.2,269,Overcast,1,1,
41454,2022-01-07 08:30:00,40.604637,-73.97614,0,0,Driver Inattention/Distraction,4492985,-0.0,-5.7,9.0,0.0,6.3,11.0,75,26.8,48.6,313,Snow fall: Heavy,0,0,Snowy Conditions
41455,2022-01-07 07:15:00,40.698193,-73.98558,0,0,Unspecified,4492765,-0.0,-5.7,9.0,0.0,6.3,11.0,75,26.8,48.6,313,Snow fall: Heavy,0,0,Snowy Conditions
41456,2022-01-05 05:00:00,40.65219,-73.9102,1,0,Backing Unsafely,4493013,6.9,-2.1,0.5,0.5,0.0,4.0,51,21.8,38.2,216,Drizzle: Light,1,1,
41457,2022-01-05 16:38:00,40.67975,-73.92866,0,0,Driver Inexperience,4492892,6.9,-2.1,0.5,0.5,0.0,4.0,51,21.8,38.2,216,Drizzle: Light,0,0,
41458,2021-01-06 18:04:00,40.709095,-73.99622,0,0,Driver Inattention/Distraction,4493085,4.6,-1.0,0.0,0.0,0.0,0.0,3,21.9,42.1,327,Overcast,0,0,
41459,2022-01-06 16:00:00,40.6709,-73.95319,0,0,Unspecified,4493228,4.1,-0.7,0.0,0.0,0.0,0.0,3,20.2,38.2,269,Overcast,0,0,
41460,2022-01-05 08:00:00,40.716877,-73.810905,0,0,Driver Inattention/Distraction,4492355,6.9,-2.1,0.5,0.5,0.0,4.0,51,21.8,38.2,216,Drizzle: Light,0,0,
41461,2022-01-05 12:26:00,40.71517,-73.77339,0,0,Driver Inattention/Distraction,4492184,6.9,-2.1,0.5,0.5,0.0,4.0,51,21.8,38.2,216,Drizzle: Light,0,0,
41462,2022-01-05 06:55:00,40.635685,-74.012955,0,0,Driver Inattention/Distraction,4492075,6.9,-2.1,0.5,0.5,0.0,4.0,51,21.8,38.2,216,Drizzle: Light,0,0,
41463,2022-01-05 07:08:00,40.68071,-73.89566,1,0,Pavement Slippery,4492443,6.9,-2.1,0.5,0.5,0.0,4.0,51,21.8,38.2,216,Drizzle: Light,1,1,
41464,2022-07-03 14:47:00,40.852673,-73.919106,3,0,Driver Inattention/Distraction,4543345,31.2,21.0,0.0,0.0,0.0,0.0,3,15.8,31.3,341,Overcast,3,3,
41465,2022-01-05 15:00:00,40.711067,-73.78159,1,0,Passing Too Closely,4492236,6.9,-2.1,0.5,0.5,0.0,4.0,51,21.8,38.2,216,Drizzle: Light,1,1,
41466,2022-01-05 07:05:00,40.900986,-73.867836,1,0,Pavement Slippery,4492222,6.9,-2.1,0.5,0.5,0.0,4.0,51,21.8,38.2,216,Drizzle: Light,1,1,
41467,2022-01-05 19:17:00,40.841255,-73.9378,2,0,Other Vehicular,4492471,6.9,-2.1,0.5,0.5,0.0,4.0,51,21.8,38.2,216,Drizzle: Light,2,2,
41468,2022-01-05 11:55:00,40.759438,-73.91309,1,0,Driver Inexperience,4492614,6.9,-2.1,0.5,0.5,0.0,4.0,51,21.8,38.2,216,Drizzle: Light,1,1,
41469,2022-01-07 15:55:00,40.710773,-73.89962,2,0,Driver Inattention/Distraction,4493162,-0.0,-5.7,9.0,0.0,6.3,11.0,75,26.8,48.6,313,Snow fall: Heavy,2,2,Snowy Conditions
41470,2022-01-07 10:25:00,40.683685,-73.98892,0,0,Pavement Slippery,4492782,-0.0,-5.7,9.0,0.0,6.3,11.0,75,26.8,48.6,313,Snow fall: Heavy,0,0,Snowy Conditions
41471,2022-01-02 14:10:00,40.8843,-73.90332,0,0,Unspecified,4492860,13.1,2.7,16.0,16.0,0.0,8.0,65,25.1,52.6,318,Rain: Heavy,0,0,
41472,2022-01-07 06:30:00,40.709373,-73.81014,0,0,Unspecified,4492707,-0.0,-5.7,9.0,0.0,6.3,11.0,75,26.8,48.6,313,Snow fall: Heavy,0,0,Snowy Conditions
41473,2022-01-07 09:00:00,40.745403,-73.855484,0,0,Driver Inattention/Distraction,4493025,-0.0,-5.7,9.0,0.0,6.3,11.0,75,26.8,48.6,313,Snow fall: Heavy,0,0,Snowy Conditions
41474,2022-01-05 20:06:00,40.68221,-73.958694,0,0,Reaction to Uninvolved Vehicle,4492272,6.9,-2.1,0.5,0.5,0.0,4.0,51,21.8,38.2,216,Drizzle: Light,0,0,
41475,2022-01-05 14:00:00,40.625973,-73.97624,0,0,Unspecified,4492324,6.9,-2.1,0.5,0.5,0.0,4.0,51,21.8,38.2,216,Drizzle: Light,0,0,
41476,2022-01-06 18:10:00,40.81626,-73.91421,1,0,Alcohol Involvement,4492587,4.1,-0.7,0.0,0.0,0.0,0.0,3,20.2,38.2,269,Overcast,1,1,
41477,2022-01-05 15:58:00,40.714573,-73.960236,0,0,Passing Too Closely,4492549,6.9,-2.1,0.5,0.5,0.0,4.0,51,21.8,38.2,216,Drizzle: Light,0,0,
41478,2022-01-07 05:20:00,40.683342,-73.80433,0,0,Pavement Slippery,4492660,-0.0,-5.7,9.0,0.0,6.3,11.0,75,26.8,48.6,313,Snow fall: Heavy,0,0,Snowy Conditions
41479,2022-01-07 15:45:00,40.847363,-73.8579,0,0,Driver Inattention/Distraction,4492833,-0.0,-5.7,9.0,0.0,6.3,11.0,75,26.8,48.6,313,Snow fall: Heavy,0,0,Snowy Conditions
41480,2021-12-16 20:24:00,40.700054,-73.92459,1,0,Driver Inattention/Distraction,4492675,14.6,9.9,0.0,0.0,0.0,0.0,3,22.4,38.5,222,Overcast,1,1,
41481,2022-01-05 15:10:00,40.85278,-73.853294,0,0,Unspecified,4492336,6.9,-2.1,0.5,0.5,0.0,4.0,51,21.8,38.2,216,Drizzle: Light,0,0,
41482,2022-01-06 17:30:00,40.679363,-73.7973,0,0,Passing or Lane Usage Improper,4492810,4.1,-0.7,0.0,0.0,0.0,0.0,3,20.2,38.2,269,Overcast,0,0,
41483,2022-01-07 07:15:00,40.8639,-73.83385,1,0,Driver Inattention/Distraction,4492692,-0.0,-5.7,9.0,0.0,6.3,11.0,75,26.8,48.6,313,Snow fall: Heavy,1,1,Snowy Conditions
41484,2022-01-05 15:20:00,40.764267,-73.722946,0,0,Failure to Yield Right-of-Way,4492260,6.9,-2.1,0.5,0.5,0.0,4.0,51,21.8,38.2,216,Drizzle: Light,0,0,
41485,2022-01-06 17:00:00,40.723343,-73.73166,0,0,Unspecified,4492647,4.1,-0.7,0.0,0.0,0.0,0.0,3,20.2,38.2,269,Overcast,0,0,
41486,2022-01-06 17:00:00,40.804714,-73.95826,2,0,Alcohol Involvement,4493103,4.1,-0.7,0.0,0.0,0.0,0.0,3,20.2,38.2,269,Overcast,2,2,
41487,2022-01-07 15:58:00,40.839348,-73.84362,0,0,Unspecified,4492929,-0.0,-5.7,9.0,0.0,6.3,11.0,75,26.8,48.6,313,Snow fall: Heavy,0,0,Snowy Conditions
41488,2022-01-06 09:45:00,40.651604,-74.01051,0,0,Unspecified,4492531,4.1,-0.7,0.0,0.0,0.0,0.0,3,20.2,38.2,269,Overcast,0,0,
41489,2022-01-06 20:15:00,40.73378,-73.98065,1,0,Failure to Yield Right-of-Way,4492965,4.1,-0.7,0.0,0.0,0.0,0.0,3,20.2,38.2,269,Overcast,1,1,
41490,2022-01-07 09:00:00,40.85611,-73.93141,0,0,Unspecified,4493078,-0.0,-5.7,9.0,0.0,6.3,11.0,75,26.8,48.6,313,Snow fall: Heavy,0,0,Snowy Conditions