,CRASH DATETIME,LATITUDE,LONGITUDE,NUMBER OF PERSONS INJURED,NUMBER OF PERSONS KILLED,CONTRIBUTING FACTOR VEHICLE 1,COLLISION_ID,temperature_2m_max,temperature_2m_min,precipitation_sum,rain_sum,snowfall_sum,precipitation_hours,weather_code,wind_speed_10m_max,wind_gusts_10m_max,wind_direction_10m_dominant,Weather Description,Severity_Score,Total_Affected_Persons,Weather_Category
41491,2022-01-06 04:40:00,40.75326,-74.00383,0,0,Brakes Defective,4493128,4.1,-0.7,0.0,0.0,0.0,0.0,3,20.2,38.2,269,Overcast,0,0,
41492,2022-01-07 03:00:00,40.808437,-73.904724,0,0,Driver Inattention/Distraction,4492841,-0.0,-5.7,9.0,0.0,6.3,11.0,75,26.8,48.6,313,Snow fall: Heavy,0,0,Snowy Conditions
41493,2022-01-05 14:14:00,40.658234,-73.9321,1,0,Driver Inattention/Distraction,4492541,6.9,-2.1,0.5,0.5,0.0,4.0,51,21.8,38.2,216,Drizzle: Light,1,1,
41494,2022-01-07 17:15:00,40.610447,-73.98497,0,0,Driver Inattention/Distraction,4493008,-0.0,-5.7,9.0,0.0,6.3,11.0,75,26.8,48.6,313,Snow fall: Heavy,0,0,Snowy Conditions
41495,2022-01-04 16:38:00,40.68942,-73.92197,0,0,Driver Inattention/Distraction,4492855,0.7,-6.7,0.0,0.0,0.0,0.0,3,20.0,36.4,287,Overcast,0,0,
41496,2022-01-05 14:05:00,40.78163,-73.917534,0,0,Driver Inattention/Distraction,4492795,6.9,-2.1,0.5,0.5,0.0,4.0,51,21.8,38.2,216,Drizzle: Light,0,0,
41497,2022-01-07 07:54:00,40.677357,-73.843925,0,0,Following Too Closely,4492702,-0.0,-5.7,9.0,0.0,6.3,11.0,75,26.8,48.6,313,Snow fall: Heavy,0,0,Snowy Conditions
41498,2022-01-06 13:28:00,40.67416,-73.94732,1,0,Driver Inexperience,4493188,4.1,-0.7,0.0,0.0,0.0,0.0,3,20.2,38.2,269,Overcast,1,1,
41499,2022-01-06 10:17:00,40.699177,-73.9605,0,0,Failure to Yield Right-of-Way,4492560,4.1,-0.7,0.0,0.0,0.0,0.0,3,20.2,38.2,269,Overcast,0,0,
41500,2022-01-05 23:50:00,40.666836,-73.7664,1,0,Unsafe Lane Changing,4492293,6.9,-2.1,0.5,0.5,0.0,4.0,51,21.8,38.2,216,Drizzle: Light,1,1,
41501,2022-02-20 06:00:00,40.744965,-73.87833,0,0,Passing or Lane Usage Improper,4504178,2.4,-6.6,0.0,0.0,0.0,0.0,3,23.4,44.3,250,Overcast,0,0,
41502,2022-02-20 16:00:00,40.626846,-74.142006,0,0,Backing Unsafely,4504309,2.4,-6.6,0.0,0.0,0.0,0.0,3,23.4,44.3,250,Overcast,0,0,
41503,2022-02-20 03:53:00,40.733032,-73.98445,1,0,Unspecified,4504111,2.4,-6.6,0.0,0.0,0.0,0.0,3,23.4,44.3,250,Overcast,1,1,
41504,2022-07-01 23:00:00,40.645107,-73.97989,1,0,Unspecified,4543678,33.7,20.2,0.1,0.1,0.0,1.0,51,32.3,58.0,215,Drizzle: Light,1,1,
41505,2022-07-03 00:34:00,40.67903,-73.9246,0,0,Unspecified,4542811,31.2,21.0,0.0,0.0,0.0,0.0,3,15.8,31.3,341,Overcast,0,0,
41506,2022-06-27 14:50:00,40.726246,-73.89481,2,0,Driver Inattention/Distraction,4543730,26.2,19.8,11.7,11.7,0.0,9.0,63,20.5,43.2,224,Rain: Moderate,2,2,
41507,2022-07-03 02:20:00,40.858147,-73.927986,0,0,Passing or Lane Usage Improper,4543591,31.2,21.0,0.0,0.0,0.0,0.0,3,15.8,31.3,341,Overcast,0,0,
41508,2022-07-01 14:30:00,40.65256,-73.876686,0,0,Unspecified,4543792,33.7,20.2,0.1,0.1,0.0,1.0,51,32.3,58.0,215,Drizzle: Light,0,0,
41509,2022-06-30 14:35:00,40.757828,-73.99308,1,0,Driver Inexperience,4543528,31.2,17.3,0.0,0.0,0.0,0.0,2,19.1,37.4,274,Partly cloudy,1,1,
41510,2022-07-03 17:31:00,40.744724,-73.881134,0,0,Driver Inexperience,4542999,31.2,21.0,0.0,0.0,0.0,0.0,3,15.8,31.3,341,Overcast,0,0,
41511,2022-07-03 19:00:00,40.758484,-73.82005,1,0,Failure to Yield Right-of-Way,4543008,31.2,21.0,0.0,0.0,0.0,0.0,3,15.8,31.3,341,Overcast,1,1,
41512,2022-07-02 00:05:00,40.69336,-73.85295,0,0,Backing Unsafely,4543504,30.8,23.1,4.0,4.0,0.0,5.0,61,19.4,40.0,229,Rain: Light,0,0,
41513,2022-07-03 19:00:00,40.70333,-73.906136,0,0,Unspecified,4543724,31.2,21.0,0.0,0.0,0.0,0.0,3,15.8,31.3,341,Overcast,0,0,
41514,2022-07-03 19:30:00,40.559486,-74.12246,1,0,Driver Inattention/Distraction,4543068,31.2,21.0,0.0,0.0,0.0,0.0,3,15.8,31.3,341,Overcast,1,1,
41515,2022-06-30 15:40:00,40.822258,-73.95616,0,0,Unsafe Lane Changing,4543522,31.2,17.3,0.0,0.0,0.0,0.0,2,19.1,37.4,274,Partly cloudy,0,0,
41516,2022-07-03 18:30:00,40.698696,-73.93477,1,0,Driver Inattention/Distraction,4543757,31.2,21.0,0.0,0.0,0.0,0.0,3,15.8,31.3,341,Overcast,1,1,
41517,2022-07-03 08:30:00,40.75434,-73.93602,0,0,Passing Too Closely,4543124,31.2,21.0,0.0,0.0,0.0,0.0,3,15.8,31.3,341,Overcast,0,0,
41518,2022-07-02 01:12:00,40.767765,-73.86499,1,0,Alcohol Involvement,4543549,30.8,23.1,4.0,4.0,0.0,5.0,61,19.4,40.0,229,Rain: Light,1,1,
41519,2022-07-01 14:30:00,40.668682,-73.86814,0,0,Unspecified,4543790,33.7,20.2,0.1,0.1,0.0,1.0,51,32.3,58.0,215,Drizzle: Light,0,0,
41520,2022-07-03 12:00:00,40.706306,-73.919586,0,0,Unspecified,4542925,31.2,21.0,0.0,0.0,0.0,0.0,3,15.8,31.3,341,Overcast,0,0,
41521,2022-06-27 13:30:00,40.711548,-73.82657,0,0,Backing Unsafely,4543505,26.2,19.8,11.7,11.7,0.0,9.0,63,20.5,43.2,224,Rain: Moderate,0,0,
41522,2022-07-03 16:30:00,40.614006,-73.820915,1,0,Following Too Closely,4543543,31.2,21.0,0.0,0.0,0.0,0.0,3,15.8,31.3,341,Overcast,1,1,
41523,2022-07-02 18:30:00,40.765064,-73.882355,0,0,Driver Inattention/Distraction,4543565,30.8,23.1,4.0,4.0,0.0,5.0,61,19.4,40.0,229,Rain: Light,0,0,
41524,2022-07-03 11:20:00,40.66012,-73.95058,0,0,Backing Unsafely,4542939,31.2,21.0,0.0,0.0,0.0,0.0,3,15.8,31.3,341,Overcast,0,0,
41525,2022-07-03 18:40:00,40.63268,-74.02664,1,0,Unspecified,4543067,31.2,21.0,0.0,0.0,0.0,0.0,3,15.8,31.3,341,Overcast,1,1,
41526,2022-07-01 22:26:00,40.666878,-73.89847,1,0,Failure to Yield Right-of-Way,4543770,33.7,20.2,0.1,0.1,0.0,1.0,51,32.3,58.0,215,Drizzle: Light,1,1,
41527,2022-06-03 10:45:00,40.663708,-73.88474,0,0,Unspecified,4543775,25.3,18.0,0.5,0.5,0.0,4.0,51,14.2,32.0,84,Drizzle: Light,0,0,
41528,2022-07-03 00:40:00,40.7606,-73.964325,0,0,Unspecified,4543112,31.2,21.0,0.0,0.0,0.0,0.0,3,15.8,31.3,341,Overcast,0,0,
41529,2022-04-01 21:32:00,40.679787,-73.93844,0,0,Passing Too Closely,4516949,15.2,5.3,1.4,1.4,0.0,8.0,51,33.1,61.9,277,Drizzle: Light,0,0,
41530,2021-10-15 12:50:00,40.8742312,-73.8764997,0,0,Driver Inattention/Distraction,4468393,25.0,14.5,0.0,0.0,0.0,0.0,3,16.8,28.4,182,Overcast,0,0,
41531,2022-07-01 12:15:00,40.630894,-73.992836,1,0,Unspecified,4543760,33.7,20.2,0.1,0.1,0.0,1.0,51,32.3,58.0,215,Drizzle: Light,1,1,
41532,2022-07-02 01:20:00,40.82778,-73.9512,0,0,Driver Inattention/Distraction,4543588,30.8,23.1,4.0,4.0,0.0,5.0,61,19.4,40.0,229,Rain: Light,0,0,
41533,2022-06-23 18:00:00,40.575775,-73.961945,0,0,Driver Inattention/Distraction,4543718,22.6,15.7,0.8,0.8,0.0,6.0,51,15.6,31.3,127,Drizzle: Light,0,0,
41534,2022-07-03 00:00:00,40.737194,-73.97447,1,0,Unsafe Speed,4542965,31.2,21.0,0.0,0.0,0.0,0.0,3,15.8,31.3,341,Overcast,1,1,
41535,2022-07-03 06:20:00,40.681274,-73.81162,1,0,Turning Improperly,4543156,31.2,21.0,0.0,0.0,0.0,0.0,3,15.8,31.3,341,Overcast,1,1,
41536,2022-07-03 08:00:00,40.616035,-74.163925,0,0,Driver Inattention/Distraction,4542887,31.2,21.0,0.0,0.0,0.0,0.0,3,15.8,31.3,341,Overcast,0,0,
41537,2022-07-02 07:30:00,40.682774,-73.84324,0,0,Passing Too Closely,4543499,30.8,23.1,4.0,4.0,0.0,5.0,61,19.4,40.0,229,Rain: Light,0,0,
41538,2022-07-03 22:30:00,40.866802,-73.88444,0,0,Driver Inattention/Distraction,4543075,31.2,21.0,0.0,0.0,0.0,0.0,3,15.8,31.3,341,Overcast,0,0,
41539,2022-07-03 14:00:00,40.83509,-73.945854,0,0,Driver Inattention/Distraction,4543649,31.2,21.0,0.0,0.0,0.0,0.0,3,15.8,31.3,341,Overcast,0,0,
41540,2022-07-03 15:40:00,40.60547,-73.96074,0,0,Driver Inattention/Distraction,4543550,31.2,21.0,0.0,0.0,0.0,0.0,3,15.8,31.3,341,Overcast,0,0,
41541,2022-07-03 21:40:00,40.8399,-73.87562,0,0,Unsafe Speed,4543202,31.2,21.0,0.0,0.0,0.0,0.0,3,15.8,31.3,341,Overcast,0,0,
41542,2022-06-26 12:40:00,40.8188,-73.956024,3,0,View Obstructed/Limited,4543520,30.8,19.9,0.0,0.0,0.0,0.0,3,30.9,55.8,188,Overcast,3,3,
41543,2022-06-28 10:00:00,40.753407,-73.89349,0,0,Driver Inattention/Distraction,4543560,27.5,19.1,0.0,0.0,0.0,0.0,3,14.4,28.4,334,Overcast,0,0,
41544,2022-06-26 19:33:00,40.856712,-73.93264,1,0,Driver Inattention/Distraction,4543538,30.8,19.9,0.0,0.0,0.0,0.0,3,30.9,55.8,188,Overcast,1,1,
41545,2022-07-03 06:21:00,40.67229,-73.913124,1,0,Unspecified,4543389,31.2,21.0,0.0,0.0,0.0,0.0,3,15.8,31.3,341,Overcast,1,1,
41546,2022-06-29 20:37:00,40.817966,-73.89451,0,0,Unspecified,4543613,29.0,17.7,0.0,0.0,0.0,0.0,3,27.2,51.5,195,Overcast,0,0,
41547,2022-06-23 14:21:00,40.74188,-73.85989,1,0,Driver Inattention/Distraction,4543749,22.6,15.7,0.8,0.8,0.0,6.0,51,15.6,31.3,127,Drizzle: Light,1,1,
41548,2022-07-03 04:30:00,40.814632,-73.9442,1,0,Aggressive Driving/Road Rage,4543187,31.2,21.0,0.0,0.0,0.0,0.0,3,15.8,31.3,341,Overcast,1,1,
41549,2022-06-22 00:00:00,40.6924,-73.92719,1,0,Driver Inattention/Distraction,4543633,20.6,16.7,3.3,3.3,0.0,11.0,53,23.2,43.9,127,Drizzle: Moderate,1,1,
41550,2022-07-03 15:35:00,40.69782,-73.927826,4,0,Aggressive Driving/Road Rage,4543176,31.2,21.0,0.0,0.0,0.0,0.0,3,15.8,31.3,341,Overcast,4,4,
41551,2022-07-03 05:24:00,40.744263,-73.876755,0,0,Traffic Control Disregarded,4542866,31.2,21.0,0.0,0.0,0.0,0.0,3,15.8,31.3,341,Overcast,0,0,
41552,2022-06-28 04:02:00,40.63357,-73.978745,0,0,Driver Inattention/Distraction,4543679,27.5,19.1,0.0,0.0,0.0,0.0,3,14.4,28.4,334,Overcast,0,0,
41553,2022-07-03 20:30:00,40.856537,-73.87257,1,0,Reaction to Uninvolved Vehicle,4543021,31.2,21.0,0.0,0.0,0.0,0.0,3,15.8,31.3,341,Overcast,1,1,
41554,2022-07-03 22:18:00,40.64213,-73.92936,0,0,Unspecified,4543303,31.2,21.0,0.0,0.0,0.0,0.0,3,15.8,31.3,341,Overcast,0,0,
41555,2022-09-21 17:53:00,40.77622,-73.97596,0,0,Unsafe Lane Changing,4567334,26.5,16.0,0.0,0.0,0.0,0.0,3,19.4,36.7,252,Overcast,0,0,
41556,2022-07-03 07:30:00,40.67148,-73.898674,2,0,Traffic Control Disregarded,4543797,31.2,21.0,0.0,0.0,0.0,0.0,3,15.8,31.3,341,Overcast,2,2,
41557,2022-07-02 01:49:00,40.763588,-73.97142,0,0,Driver Inattention/Distraction,4543742,30.8,23.1,4.0,4.0,0.0,5.0,61,19.4,40.0,229,Rain: Light,0,0,
41558,2022-07-02 22:30:00,40.849285,-73.93894,1,0,Traffic Control Disregarded,4543596,30.8,23.1,4.0,4.0,0.0,5.0,61,19.4,40.0,229,Rain: Light,1,1,
41559,2022-07-03 21:00:00,40.745422,-73.990974,0,0,Unspecified,4543340,31.2,21.0,0.0,0.0,0.0,0.0,3,15.8,31.3,341,Overcast,0,0,
41560,2022-07-03 15:35:00,40.625786,-73.89309,0,0,Passing or Lane Usage Improper,4543605,31.2,21.0,0.0,0.0,0.0,0.0,3,15.8,31.3,341,Overcast,0,0,
41561,2022-07-03 04:25:00,40.67007,-73.74631,0,0,Driver Inattention/Distraction,4543283,31.2,21.0,0.0,0.0,0.0,0.0,3,15.8,31.3,341,Overcast,0,0,
41562,2022-07-03 18:00:00,40.62417,-73.97048,0,0,Reaction to Uninvolved Vehicle,4543131,31.2,21.0,0.0,0.0,0.0,0.0,3,15.8,31.3,341,Overcast,0,0,
41563,2022-07-02 21:45:00,40.68902,-73.98617,1,0,Other Vehicular,4543660,30.8,23.1,4.0,4.0,0.0,5.0,61,19.4,40.0,229,Rain: Light,1,1,
41564,2022-06-26 13:30:00,40.79944,-73.95531,1,0,Reaction to Uninvolved Vehicle,4543516,30.8,19.9,0.0,0.0,0.0,0.0,3,30.9,55.8,188,Overcast,1,1,
41565,2022-06-28 02:50:00,40.58872,-73.99234,2,0,Tire Failure/Inadequate,4543473,27.5,19.1,0.0,0.0,0.0,0.0,3,14.4,28.4,334,Overcast,2,2,
41566,2022-06-29 09:00:00,40.69793,-73.91028,0,0,Passing Too Closely,4543754,29.0,17.7,0.0,0.0,0.0,0.0,3,27.2,51.5,195,Overcast,0,0,
41567,2022-06-26 13:45:00,40.588047,-73.81221,0,0,Backing Unsafely,4543621,30.8,19.9,0.0,0.0,0.0,0.0,3,30.9,55.8,188,Overcast,0,0,
41568,2022-07-03 20:34:00,40.679535,-73.900475,0,0,Unspecified,4543800,31.2,21.0,0.0,0.0,0.0,0.0,3,15.8,31.3,341,Overcast,0,0,
41569,2022-06-27 08:10:00,40.757847,-73.991234,0,0,Driver Inattention/Distraction,4543482,26.2,19.8,11.7,11.7,0.0,9.0,63,20.5,43.2,224,Rain: Moderate,0,0,
41570,2022-07-02 04:30:00,40.668118,-73.89292,1,0,Unspecified,4543793,30.8,23.1,4.0,4.0,0.0,5.0,61,19.4,40.0,229,Rain: Light,1,1,
41571,2022-06-29 21:20:00,40.609337,-73.81908,0,0,Following Too Closely,4543624,29.0,17.7,0.0,0.0,0.0,0.0,3,27.2,51.5,195,Overcast,0,0,
41572,2022-07-03 02:19:00,40.612545,-73.97928,1,0,Driver Inattention/Distraction,4542812,31.2,21.0,0.0,0.0,0.0,0.0,3,15.8,31.3,341,Overcast,1,1,
41573,2022-06-28 05:55:00,40.81766,-73.93076,0,0,Unspecified,4543732,27.5,19.1,0.0,0.0,0.0,0.0,3,14.4,28.4,334,Overcast,0,0,
41574,2022-06-24 17:20:00,40.844788,-73.93705,0,0,Unspecified,4543664,26.7,14.6,1.0,1.0,0.0,6.0,51,19.2,37.4,204,Drizzle: Light,0,0,
41575,2022-07-03 03:42:00,40.74855,-73.89582,0,0,Driver Inattention/Distraction,4543185,31.2,21.0,0.0,0.0,0.0,0.0,3,15.8,31.3,341,Overcast,0,0,
41576,2022-07-02 11:30:00,40.75767,-73.99483,1,0,Turning Improperly,4543529,30.8,23.1,4.0,4.0,0.0,5.0,61,19.4,40.0,229,Rain: Light,1,1,
41577,2022-07-03 14:20:00,40.700478,-73.92534,0,0,Passing Too Closely,4543009,31.2,21.0,0.0,0.0,0.0,0.0,3,15.8,31.3,341,Overcast,0,0,
41578,2022-06-28 16:45:00,40.757732,-73.99686,0,0,Turning Improperly,4543523,27.5,19.1,0.0,0.0,0.0,0.0,3,14.4,28.4,334,Overcast,0,0,
41579,2022-09-15 00:52:00,40.804886,-73.96248,0,0,Passing Too Closely,4567208,21.9,15.6,0.0,0.0,0.0,0.0,1,18.2,37.1,328,Mainly clear,0,0,Sunny/Clear Conditions
41580,2022-07-01 15:50:00,40.74855,-73.89582,1,0,Brakes Defective,4543598,33.7,20.2,0.1,0.1,0.0,1.0,51,32.3,58.0,215,Drizzle: Light,1,1,
41581,2022-07-03 23:20:00,40.663105,-73.90518,0,0,Unspecified,4543386,31.2,21.0,0.0,0.0,0.0,0.0,3,15.8,31.3,341,Overcast,0,0,
41582,2022-07-03 12:25:00,40.61111,-73.9526,1,0,Traffic Control Disregarded,4543458,31.2,21.0,0.0,0.0,0.0,0.0,3,15.8,31.3,341,Overcast,1,1,
41583,2022-07-03 22:36:00,40.646885,-73.94916,0,0,Unspecified,4543573,31.2,21.0,0.0,0.0,0.0,0.0,3,15.8,31.3,341,Overcast,0,0,
41584,2021-10-16 17:41:00,40.8345141,-73.9177042,1,0,Following Too Closely,4468629,24.3,15.0,17.5,17.5,0.0,9.0,63,25.7,46.4,195,Rain: Moderate,1,1,
41585,2021-10-14 07:09:00,40.7439732,-73.8850947,1,0,Unspecified,4467913,25.0,15.4,0.0,0.0,0.0,0.0,3,15.4,29.9,328,Overcast,1,1,
41586,2021-10-16 02:30:00,40.6916212,-73.7833297,1,0,Unsafe Speed,4468599,24.3,15.0,17.5,17.5,0.0,9.0,63,25.7,46.4,195,Rain: Moderate,1,1,
41587,2021-12-08 07:00:00,40.677166,-73.87775,1,0,Pedestrian/Bicyclist/Other Pedestrian Error/Confusion,4486088,4.7,0.9,0.7,0.7,0.0,2.0,51,14.5,24.8,355,Drizzle: Light,1,1,
41588,2021-12-11 20:20:00,40.60023,-73.9956,0,0,Failure to Yield Right-of-Way,4486161,17.3,5.0,8.1,8.1,0.0,5.0,63,35.0,67.0,206,Rain: Moderate,0,0,
41589,2021-12-11 16:00:00,40.739895,-73.89391,0,0,Driver Inattention/Distraction,4485453,17.3,5.0,8.1,8.1,0.0,5.0,63,35.0,67.0,206,Rain: Moderate,0,0,
41590,2021-12-11 13:10:00,40.73817,-73.71352,0,0,Unspecified,4485490,17.3,5.0,8.1,8.1,0.0,5.0,63,35.0,67.0,206,Rain: Moderate,0,0,
41591,2021-12-10 17:15:00,40.876377,-73.84601,0,0,Reaction to Uninvolved Vehicle,4485987,8.5,1.6,0.0,0.0,0.0,0.0,3,9.8,20.5,183,Overcast,0,0,
41592,2021-12-11 12:39:00,40.595985,-73.763,0,0,Failure to Yield Right-of-Way,4485930,17.3,5.0,8.1,8.1,0.0,5.0,63,35.0,67.0,206,Rain: Moderate,0,0,
41593,2021-12-03 14:13:00,40.625866,-74.00747,0,0,Driver Inattention/Distraction,4486241,9.3,0.9,0.0,0.0,0.0,0.0,3,27.6,53.3,301,Overcast,0,0,
41594,2021-12-11 02:22:00,40.74855,-73.89582,0,0,Driver Inattention/Distraction,4485373,17.3,5.0,8.1,8.1,0.0,5.0,63,35.0,67.0,206,Rain: Moderate,0,0,
41595,2021-12-11 22:14:00,40.681713,-73.96732,0,0,Other Vehicular,4485689,17.3,5.0,8.1,8.1,0.0,5.0,63,35.0,67.0,206,Rain: Moderate,0,0,
41596,2021-12-02 10:50:00,40.679203,-73.9072,0,0,Unspecified,4486280,13.2,5.4,3.4,3.4,0.0,10.0,55,28.0,46.8,215,Drizzle: Dense,0,0,
41597,2021-12-11 22:45:00,40.7163,-74.01097,0,0,Unspecified,4486275,17.3,5.0,8.1,8.1,0.0,5.0,63,35.0,67.0,206,Rain: Moderate,0,0,
41598,2021-12-11 04:44:00,40.659473,-74.00244,0,0,Unspecified,4485808,17.3,5.0,8.1,8.1,0.0,5.0,63,35.0,67.0,206,Rain: Moderate,0,0,
41599,2021-12-11 07:00:00,40.758537,-73.97721,0,0,Driver Inattention/Distraction,4485347,17.3,5.0,8.1,8.1,0.0,5.0,63,35.0,67.0,206,Rain: Moderate,0,0,
41600,2021-12-11 05:00:00,40.790745,-73.947365,0,0,Backing Unsafely,4485500,17.3,5.0,8.1,8.1,0.0,5.0,63,35.0,67.0,206,Rain: Moderate,0,0,
41601,2021-12-11 01:00:00,40.87519,-73.8596,0,0,Fell Asleep,4485908,17.3,5.0,8.1,8.1,0.0,5.0,63,35.0,67.0,206,Rain: Moderate,0,0,
41602,2021-12-09 19:04:00,40.60714,-73.9978,1,0,Driver Inattention/Distraction,4486167,3.6,-2.0,0.1,0.0,0.07,1.0,71,19.2,33.8,295,Snow fall: Light,1,1,Snowy Conditions
41603,2021-12-11 04:11:00,40.86369,-73.91707,1,0,Driver Inattention/Distraction,4485760,17.3,5.0,8.1,8.1,0.0,5.0,63,35.0,67.0,206,Rain: Moderate,1,1,
41604,2022-07-02 18:35:00,40.70153,-73.82341,1,0,Turning Improperly,4543500,30.8,23.1,4.0,4.0,0.0,5.0,61,19.4,40.0,229,Rain: Light,1,1,
41605,2022-07-03 05:15:00,40.77904,-73.9435,0,0,Traffic Control Disregarded,4543072,31.2,21.0,0.0,0.0,0.0,0.0,3,15.8,31.3,341,Overcast,0,0,
41606,2022-07-03 02:02:00,40.761223,-73.9238,1,0,Passenger Distraction,4543118,31.2,21.0,0.0,0.0,0.0,0.0,3,15.8,31.3,341,Overcast,1,1,
41607,2022-07-01 17:30:00,40.674923,-73.870834,0,0,Driver Inattention/Distraction,4543789,33.7,20.2,0.1,0.1,0.0,1.0,51,32.3,58.0,215,Drizzle: Light,0,0,
41608,2022-07-03 02:30:00,40.637627,-73.903076,0,0,Fell Asleep,4542932,31.2,21.0,0.0,0.0,0.0,0.0,3,15.8,31.3,341,Overcast,0,0,
41609,2022-07-03 19:40:00,40.617004,-73.96912,1,0,Driver Inattention/Distraction,4543762,31.2,21.0,0.0,0.0,0.0,0.0,3,15.8,31.3,341,Overcast,1,1,
41610,2022-07-03 08:15:00,40.780704,-73.980125,0,0,Other Electronic Device,4543508,31.2,21.0,0.0,0.0,0.0,0.0,3,15.8,31.3,341,Overcast,0,0,
41611,2022-07-03 11:32:00,40.59291,-74.185104,0,0,Driver Inattention/Distraction,4543298,31.2,21.0,0.0,0.0,0.0,0.0,3,15.8,31.3,341,Overcast,0,0,
41612,2022-07-02 14:00:00,40.582977,-73.98042,2,0,Other Vehicular,4543723,30.8,23.1,4.0,4.0,0.0,5.0,61,19.4,40.0,229,Rain: Light,2,2,
41613,2022-07-03 05:23:00,40.682587,-73.886314,1,0,Unspecified,4543814,31.2,21.0,0.0,0.0,0.0,0.0,3,15.8,31.3,341,Overcast,1,1,
41614,2022-07-03 16:35:00,40.77656,-73.95271,0,0,Driver Inattention/Distraction,4543089,31.2,21.0,0.0,0.0,0.0,0.0,3,15.8,31.3,341,Overcast,0,0,
41615,2022-07-03 00:54:00,40.690662,-73.81033,1,0,Fatigued/Drowsy,4543133,31.2,21.0,0.0,0.0,0.0,0.0,3,15.8,31.3,341,Overcast,1,1,
41616,2022-06-25 18:00:00,40.631233,-74.02073,0,0,Other Vehicular,4543580,32.5,18.1,0.0,0.0,0.0,0.0,2,25.0,47.2,224,Partly cloudy,0,0,
41617,2022-06-30 18:15:00,40.762177,-73.89227,0,0,Unspecified,4543545,31.2,17.3,0.0,0.0,0.0,0.0,2,19.1,37.4,274,Partly cloudy,0,0,
41618,2022-06-24 05:20:00,40.755165,-73.8891,0,0,Driver Inattention/Distraction,4543551,26.7,14.6,1.0,1.0,0.0,6.0,51,19.2,37.4,204,Drizzle: Light,0,0,
41619,2022-07-03 00:00:00,40.66135,-73.96122,1,0,View Obstructed/Limited,4542911,31.2,21.0,0.0,0.0,0.0,0.0,3,15.8,31.3,341,Overcast,1,1,
41620,2022-06-19 21:30:00,40.77706,-73.957855,0,0,Unspecified,4543469,22.4,12.4,0.0,0.0,0.0,0.0,3,30.3,58.7,324,Overcast,0,0,
41621,2022-07-03 14:30:00,40.638447,-73.95117,1,0,Unspecified,4542991,31.2,21.0,0.0,0.0,0.0,0.0,3,15.8,31.3,341,Overcast,1,1,
41622,2022-03-13 05:00:00,40.695377,-73.94921,0,0,Unsafe Speed,4511714,2.8,-6.1,0.2,0.0,0.14,2.0,71,33.5,62.6,267,Snow fall: Light,0,0,Snowy Conditions
41623,2022-04-04 08:00:00,40.82186,-73.88834,0,0,Driver Inattention/Distraction,4516815,12.2,2.6,0.1,0.1,0.0,1.0,51,23.7,41.4,304,Drizzle: Light,0,0,
41624,2022-04-05 17:20:00,40.76363,-73.9533,0,0,Driver Inattention/Distraction,4516594,12.1,1.0,1.7,1.7,0.0,3.0,53,16.8,32.8,121,Drizzle: Moderate,0,0,
41625,2022-04-05 14:00:00,40.702744,-74.01221,0,0,Unspecified,4516755,12.1,1.0,1.7,1.7,0.0,3.0,53,16.8,32.8,121,Drizzle: Moderate,0,0,
41626,2022-04-05 13:45:00,40.60638,-73.754715,0,0,Following Too Closely,4516657,12.1,1.0,1.7,1.7,0.0,3.0,53,16.8,32.8,121,Drizzle: Moderate,0,0,
41627,2022-03-31 13:20:00,40.636562,-73.94323,1,0,,4517072,19.0,3.5,12.0,12.0,0.0,4.0,65,37.8,67.3,194,Rain: Heavy,1,1,
41628,2022-04-04 08:50:00,40.87437,-73.85698,0,0,Driver Inattention/Distraction,4517046,12.2,2.6,0.1,0.1,0.0,1.0,51,23.7,41.4,304,Drizzle: Light,0,0,
41629,2022-04-05 00:05:00,40.65626,-73.89574,2,0,Unspecified,4516319,12.1,1.0,1.7,1.7,0.0,3.0,53,16.8,32.8,121,Drizzle: Moderate,2,2,
41630,2022-04-05 06:35:00,40.73594,-73.85887,0,0,Passing or Lane Usage Improper,4516633,12.1,1.0,1.7,1.7,0.0,3.0,53,16.8,32.8,121,Drizzle: Moderate,0,0,
41631,2021-10-16 05:00:00,40.8880975,-73.8925325,2,0,Unspecified,4467566,24.3,15.0,17.5,17.5,0.0,9.0,63,25.7,46.4,195,Rain: Moderate,2,2,
41632,2022-04-05 13:30:00,40.8278,-73.95322,2,0,Driver Inattention/Distraction,4516936,12.1,1.0,1.7,1.7,0.0,3.0,53,16.8,32.8,121,Drizzle: Moderate,2,2,
41633,2022-04-05 14:37:00,40.739426,-73.93464,0,0,Driver Inattention/Distraction,4516693,12.1,1.0,1.7,1.7,0.0,3.0,53,16.8,32.8,121,Drizzle: Moderate,0,0,
41634,2022-04-01 19:07:00,40.692604,-73.92751,1,0,Driver Inattention/Distraction,4517015,15.2,5.3,1.4,1.4,0.0,8.0,51,33.1,61.9,277,Drizzle: Light,1,1,
41635,2022-04-05 07:20:00,40.629353,-73.884766,0,0,Outside Car Distraction,4516391,12.1,1.0,1.7,1.7,0.0,3.0,53,16.8,32.8,121,Drizzle: Moderate,0,0,
41636,2022-04-05 00:14:00,40.740112,-73.98222,0,0,Unspecified,4516707,12.1,1.0,1.7,1.7,0.0,3.0,53,16.8,32.8,121,Drizzle: Moderate,0,0,
41637,2022-04-05 08:58:00,40.719204,-73.99037,1,0,Unspecified,4517070,12.1,1.0,1.7,1.7,0.0,3.0,53,16.8,32.8,121,Drizzle: Moderate,1,1,