,CRASH DATETIME,LATITUDE,LONGITUDE,NUMBER OF PERSONS INJURED,NUMBER OF PERSONS KILLED,CONTRIBUTING FACTOR VEHICLE 1,COLLISION_ID,temperature_2m_max,temperature_2m_min,precipitation_sum,rain_sum,snowfall_sum,precipitation_hours,weather_code,wind_speed_10m_max,wind_gusts_10m_max,wind_direction_10m_dominant,Weather Description,Severity_Score,Total_Affected_Persons,Weather_Category
41638,2022-04-05 23:15:00,40.861637,-73.82433,1,0,Backing Unsafely,4517198,12.1,1.0,1.7,1.7,0.0,3.0,53,16.8,32.8,121,Drizzle: Moderate,1,1,
41639,2022-03-29 09:21:00,40.787224,-73.95417,1,0,Failure to Yield Right-of-Way,4516991,3.3,-5.2,0.0,0.0,0.0,0.0,2,29.3,54.4,311,Partly cloudy,1,1,
41640,2022-04-05 16:00:00,40.724686,-73.81067,0,0,Unspecified,4516555,12.1,1.0,1.7,1.7,0.0,3.0,53,16.8,32.8,121,Drizzle: Moderate,0,0,
41641,2022-04-05 21:39:00,40.660217,-73.89675,2,0,Unspecified,4516855,12.1,1.0,1.7,1.7,0.0,3.0,53,16.8,32.8,121,Drizzle: Moderate,2,2,
41642,2022-04-02 07:50:00,40.678776,-73.90447,0,0,Driver Inattention/Distraction,4516965,11.1,1.4,0.0,0.0,0.0,0.0,3,26.3,47.9,286,Overcast,0,0,
41643,2022-04-05 16:27:00,40.891567,-73.83101,0,0,Passing or Lane Usage Improper,4516529,12.1,1.0,1.7,1.7,0.0,3.0,53,16.8,32.8,121,Drizzle: Moderate,0,0,
41644,2022-04-05 11:40:00,40.646378,-73.97085,0,0,Driver Inattention/Distraction,4516496,12.1,1.0,1.7,1.7,0.0,3.0,53,16.8,32.8,121,Drizzle: Moderate,0,0,
41645,2022-04-05 14:15:00,40.676,-73.90485,0,0,Passing Too Closely,4516519,12.1,1.0,1.7,1.7,0.0,3.0,53,16.8,32.8,121,Drizzle: Moderate,0,0,
41646,2022-04-05 07:25:00,40.662132,-73.98723,1,0,Unspecified,4516500,12.1,1.0,1.7,1.7,0.0,3.0,53,16.8,32.8,121,Drizzle: Moderate,1,1,
41647,2022-04-05 11:17:00,40.813255,-73.89804,0,0,Unspecified,4517097,12.1,1.0,1.7,1.7,0.0,3.0,53,16.8,32.8,121,Drizzle: Moderate,0,0,
41648,2022-04-05 07:52:00,40.75895,-73.83192,1,0,Traffic Control Disregarded,4516550,12.1,1.0,1.7,1.7,0.0,3.0,53,16.8,32.8,121,Drizzle: Moderate,1,1,
41649,2022-04-05 07:35:00,40.668224,-73.953445,0,0,Driver Inattention/Distraction,4516454,12.1,1.0,1.7,1.7,0.0,3.0,53,16.8,32.8,121,Drizzle: Moderate,0,0,
41650,2022-04-05 12:00:00,40.75394,-73.86891,0,0,Unspecified,4516964,12.1,1.0,1.7,1.7,0.0,3.0,53,16.8,32.8,121,Drizzle: Moderate,0,0,
41651,2022-04-05 14:16:00,40.61659,-74.0059,0,0,Backing Unsafely,4516676,12.1,1.0,1.7,1.7,0.0,3.0,53,16.8,32.8,121,Drizzle: Moderate,0,0,
41652,2022-04-05 16:03:00,40.839565,-73.865524,0,0,Driver Inattention/Distraction,4516720,12.1,1.0,1.7,1.7,0.0,3.0,53,16.8,32.8,121,Drizzle: Moderate,0,0,
41653,2022-03-28 15:04:00,40.65849,-73.90982,0,0,Other Vehicular,4516980,0.0,-5.2,0.3,0.0,0.21,3.0,71,31.3,59.0,303,Snow fall: Light,0,0,Snowy Conditions
41654,2022-04-05 19:26:00,40.749615,-73.76853,0,0,Fell Asleep,4516875,12.1,1.0,1.7,1.7,0.0,3.0,53,16.8,32.8,121,Drizzle: Moderate,0,0,
41655,2022-04-03 14:25:00,40.670868,-73.9198,0,0,Unspecified,4516969,8.3,3.4,3.1,3.1,0.0,5.0,61,21.9,38.2,274,Rain: Light,0,0,
41656,2021-06-05 00:00:00,40.660656,-73.93033,0,0,Unspecified,4431106,31.3,17.3,0.0,0.0,0.0,0.0,2,20.9,43.9,247,Partly cloudy,0,0,
41657,2022-04-05 09:20:00,40.777874,-73.95175,0,0,Passing or Lane Usage Improper,4516472,12.1,1.0,1.7,1.7,0.0,3.0,53,16.8,32.8,121,Drizzle: Moderate,0,0,
41658,2022-04-05 16:15:00,40.73842,-73.8989,3,0,Failure to Yield Right-of-Way,4516537,12.1,1.0,1.7,1.7,0.0,3.0,53,16.8,32.8,121,Drizzle: Moderate,3,3,
41659,2022-04-05 17:15:00,40.734097,-73.886894,0,0,Animals Action,4516641,12.1,1.0,1.7,1.7,0.0,3.0,53,16.8,32.8,121,Drizzle: Moderate,0,0,
41660,2022-04-05 21:50:00,40.67624,-73.866104,1,0,Driver Inattention/Distraction,4516854,12.1,1.0,1.7,1.7,0.0,3.0,53,16.8,32.8,121,Drizzle: Moderate,1,1,
41661,2022-04-05 20:22:00,40.602276,-73.93566,0,0,Driver Inattention/Distraction,4517039,12.1,1.0,1.7,1.7,0.0,3.0,53,16.8,32.8,121,Drizzle: Moderate,0,0,
41662,2022-04-05 11:45:00,40.737682,-73.85206,1,0,Driver Inattention/Distraction,4516557,12.1,1.0,1.7,1.7,0.0,3.0,53,16.8,32.8,121,Drizzle: Moderate,1,1,
41663,2022-04-05 17:24:00,40.700462,-73.83593,2,0,Failure to Yield Right-of-Way,4516619,12.1,1.0,1.7,1.7,0.0,3.0,53,16.8,32.8,121,Drizzle: Moderate,2,2,
41664,2022-04-03 00:45:00,40.74694,-73.89051,0,0,Driver Inattention/Distraction,4517145,8.3,3.4,3.1,3.1,0.0,5.0,61,21.9,38.2,274,Rain: Light,0,0,
41665,2022-04-05 13:20:00,40.67816,-73.897484,0,0,Unspecified,4516504,12.1,1.0,1.7,1.7,0.0,3.0,53,16.8,32.8,121,Drizzle: Moderate,0,0,
41666,2022-04-05 11:00:00,40.689106,-73.92539,0,0,Unsafe Speed,4517014,12.1,1.0,1.7,1.7,0.0,3.0,53,16.8,32.8,121,Drizzle: Moderate,0,0,
41667,2022-04-05 14:30:00,40.732613,-73.95804,0,0,Passing Too Closely,4516905,12.1,1.0,1.7,1.7,0.0,3.0,53,16.8,32.8,121,Drizzle: Moderate,0,0,
41668,2022-03-23 06:00:00,40.66224,-73.9186,0,0,Unspecified,4516956,8.4,1.3,2.2,2.2,0.0,3.0,55,19.6,34.6,73,Drizzle: Dense,0,0,
41669,2022-04-02 09:30:00,40.71786,-73.948326,1,0,Driver Inattention/Distraction,4517008,11.1,1.4,0.0,0.0,0.0,0.0,3,26.3,47.9,286,Overcast,1,1,
41670,2022-04-03 00:15:00,40.592484,-73.99494,0,0,Unsafe Speed,4517082,8.3,3.4,3.1,3.1,0.0,5.0,61,21.9,38.2,274,Rain: Light,0,0,
41671,2022-04-05 12:30:00,40.61364,-74.08482,0,0,Unspecified,4516666,12.1,1.0,1.7,1.7,0.0,3.0,53,16.8,32.8,121,Drizzle: Moderate,0,0,
41672,2022-04-04 13:48:00,40.830334,-73.91895,0,0,Passing or Lane Usage Improper,4517056,12.2,2.6,0.1,0.1,0.0,1.0,51,23.7,41.4,304,Drizzle: Light,0,0,
41673,2022-04-05 22:20:00,40.66771,-73.80912,0,0,Unsafe Speed,4516627,12.1,1.0,1.7,1.7,0.0,3.0,53,16.8,32.8,121,Drizzle: Moderate,0,0,
41674,2022-04-05 15:55:00,40.70253,-73.8143,0,0,Unspecified,4516582,12.1,1.0,1.7,1.7,0.0,3.0,53,16.8,32.8,121,Drizzle: Moderate,0,0,
41675,2022-06-26 18:55:00,40.581604,-73.83077,1,0,Failure to Yield Right-of-Way,4543515,30.8,19.9,0.0,0.0,0.0,0.0,3,30.9,55.8,188,Overcast,1,1,
41676,2022-04-05 16:37:00,40.69835,-73.91103,0,0,Passing Too Closely,4516735,12.1,1.0,1.7,1.7,0.0,3.0,53,16.8,32.8,121,Drizzle: Moderate,0,0,
41677,2022-04-05 21:10:00,40.696667,-73.92824,0,0,Following Too Closely,4516738,12.1,1.0,1.7,1.7,0.0,3.0,53,16.8,32.8,121,Drizzle: Moderate,0,0,
41678,2022-04-02 13:41:00,40.8375,-73.91061,1,0,Unsafe Speed,4517066,11.1,1.4,0.0,0.0,0.0,0.0,3,26.3,47.9,286,Overcast,1,1,
41679,2022-04-05 04:05:00,40.70753,-73.96443,1,0,Driver Inattention/Distraction,4516320,12.1,1.0,1.7,1.7,0.0,3.0,53,16.8,32.8,121,Drizzle: Moderate,1,1,
41680,2022-04-01 06:25:00,40.76118,-73.95791,0,0,Unspecified,4517170,15.2,5.3,1.4,1.4,0.0,8.0,51,33.1,61.9,277,Drizzle: Light,0,0,
41681,2022-04-05 07:09:00,40.576042,-73.99008,0,0,Driver Inattention/Distraction,4516606,12.1,1.0,1.7,1.7,0.0,3.0,53,16.8,32.8,121,Drizzle: Moderate,0,0,
41682,2021-06-25 19:38:00,40.65117,-73.9419,1,0,Unspecified,4431141,24.7,15.6,0.0,0.0,0.0,0.0,3,20.9,41.0,144,Overcast,1,1,
41683,2022-04-01 22:48:00,40.706596,-73.908585,1,0,Failure to Yield Right-of-Way,4516998,15.2,5.3,1.4,1.4,0.0,8.0,51,33.1,61.9,277,Drizzle: Light,1,1,
41684,2022-04-05 09:10:00,40.63574,-73.90853,0,0,Unspecified,4516393,12.1,1.0,1.7,1.7,0.0,3.0,53,16.8,32.8,121,Drizzle: Moderate,0,0,
41685,2022-04-05 20:30:00,40.71649,-73.98854,1,0,Unspecified,4517071,12.1,1.0,1.7,1.7,0.0,3.0,53,16.8,32.8,121,Drizzle: Moderate,1,1,
41686,2022-04-05 15:00:00,40.70858,-73.7979,0,0,Driver Inexperience,4516581,12.1,1.0,1.7,1.7,0.0,3.0,53,16.8,32.8,121,Drizzle: Moderate,0,0,
41687,2022-04-05 17:05:00,40.71574,-73.83673,0,0,Passing Too Closely,4516700,12.1,1.0,1.7,1.7,0.0,3.0,53,16.8,32.8,121,Drizzle: Moderate,0,0,
41688,2022-04-05 10:57:00,40.666096,-73.85197,1,0,Failure to Yield Right-of-Way,4516628,12.1,1.0,1.7,1.7,0.0,3.0,53,16.8,32.8,121,Drizzle: Moderate,1,1,
41689,2022-03-10 15:48:00,40.669003,-73.91839,0,0,Unspecified,4516986,9.0,-1.5,0.0,0.0,0.0,0.0,3,12.3,23.8,243,Overcast,0,0,
41690,2022-03-31 18:10:00,40.741135,-73.8986,1,0,Driver Inattention/Distraction,4517022,19.0,3.5,12.0,12.0,0.0,4.0,65,37.8,67.3,194,Rain: Heavy,1,1,
41691,2022-04-05 15:03:00,40.601048,-73.951744,0,0,Driver Inattention/Distraction,4516658,12.1,1.0,1.7,1.7,0.0,3.0,53,16.8,32.8,121,Drizzle: Moderate,0,0,
41692,2022-04-04 21:40:00,40.568695,-74.13621,0,0,Unspecified,4517132,12.2,2.6,0.1,0.1,0.0,1.0,51,23.7,41.4,304,Drizzle: Light,0,0,
41693,2022-04-05 08:47:00,40.675625,-73.89879,1,0,Unsafe Speed,4516503,12.1,1.0,1.7,1.7,0.0,3.0,53,16.8,32.8,121,Drizzle: Moderate,1,1,
41694,2022-04-05 13:33:00,40.758007,-73.96625,1,0,Driver Inattention/Distraction,4516522,12.1,1.0,1.7,1.7,0.0,3.0,53,16.8,32.8,121,Drizzle: Moderate,1,1,
41695,2022-04-05 11:25:00,40.84024,-73.900764,0,0,Unspecified,4516888,12.1,1.0,1.7,1.7,0.0,3.0,53,16.8,32.8,121,Drizzle: Moderate,0,0,
41696,2022-04-05 11:44:00,40.691048,-73.966415,0,0,Driver Inattention/Distraction,4516596,12.1,1.0,1.7,1.7,0.0,3.0,53,16.8,32.8,121,Drizzle: Moderate,0,0,
41697,2022-04-02 07:31:00,40.712204,-73.88638,0,0,Unspecified,4516973,11.1,1.4,0.0,0.0,0.0,0.0,3,26.3,47.9,286,Overcast,0,0,
41698,2022-04-05 13:00:00,40.665257,-73.739555,0,0,Unspecified,4516478,12.1,1.0,1.7,1.7,0.0,3.0,53,16.8,32.8,121,Drizzle: Moderate,0,0,
41699,2022-04-05 17:48:00,40.642292,-73.90449,0,0,Failure to Yield Right-of-Way,4516749,12.1,1.0,1.7,1.7,0.0,3.0,53,16.8,32.8,121,Drizzle: Moderate,0,0,
41700,2022-04-05 18:00:00,40.61372,-73.96208,0,0,Unsafe Speed,4516916,12.1,1.0,1.7,1.7,0.0,3.0,53,16.8,32.8,121,Drizzle: Moderate,0,0,
41701,2022-04-05 09:00:00,40.757374,-73.7475,0,0,Following Too Closely,4516513,12.1,1.0,1.7,1.7,0.0,3.0,53,16.8,32.8,121,Drizzle: Moderate,0,0,
41702,2022-04-05 11:35:00,40.737114,-73.87922,0,0,Driver Inattention/Distraction,4516640,12.1,1.0,1.7,1.7,0.0,3.0,53,16.8,32.8,121,Drizzle: Moderate,0,0,
41703,2022-04-05 07:40:00,40.650517,-73.92359,1,0,Unspecified,4517079,12.1,1.0,1.7,1.7,0.0,3.0,53,16.8,32.8,121,Drizzle: Moderate,1,1,
41704,2022-04-01 16:30:00,40.660328,-73.91126,0,0,Unspecified,4516981,15.2,5.3,1.4,1.4,0.0,8.0,51,33.1,61.9,277,Drizzle: Light,0,0,
41705,2022-04-05 18:30:00,40.742485,-73.95668,0,0,Driver Inattention/Distraction,4516588,12.1,1.0,1.7,1.7,0.0,3.0,53,16.8,32.8,121,Drizzle: Moderate,0,0,
41706,2022-04-05 14:00:00,40.711834,-73.949814,1,0,Driver Inattention/Distraction,4516650,12.1,1.0,1.7,1.7,0.0,3.0,53,16.8,32.8,121,Drizzle: Moderate,1,1,
41707,2022-04-05 21:50:00,40.868095,-73.90027,1,0,Driver Inattention/Distraction,4517027,12.1,1.0,1.7,1.7,0.0,3.0,53,16.8,32.8,121,Drizzle: Moderate,1,1,
41708,2022-04-05 15:00:00,40.666008,-73.87132,0,0,Unspecified,4516862,12.1,1.0,1.7,1.7,0.0,3.0,53,16.8,32.8,121,Drizzle: Moderate,0,0,
41709,2022-04-05 03:50:00,40.663155,-73.897514,0,0,Unspecified,4516423,12.1,1.0,1.7,1.7,0.0,3.0,53,16.8,32.8,121,Drizzle: Moderate,0,0,
41710,2022-03-18 18:30:00,40.67131,-73.91309,0,0,Unspecified,4516968,20.8,7.4,0.0,0.0,0.0,0.0,3,16.0,31.7,181,Overcast,0,0,
41711,2022-04-02 21:00:00,40.64544,-73.999214,1,0,Unspecified,4516931,11.1,1.4,0.0,0.0,0.0,0.0,3,26.3,47.9,286,Overcast,1,1,
41712,2022-04-05 16:30:00,40.68488,-73.92311,0,0,Driver Inattention/Distraction,4516789,12.1,1.0,1.7,1.7,0.0,3.0,53,16.8,32.8,121,Drizzle: Moderate,0,0,
41713,2022-04-05 19:35:00,40.736046,-73.92673,0,0,Driver Inattention/Distraction,4516672,12.1,1.0,1.7,1.7,0.0,3.0,53,16.8,32.8,121,Drizzle: Moderate,0,0,
41714,2022-04-05 15:45:00,40.733963,-73.988785,0,0,Passing Too Closely,4517093,12.1,1.0,1.7,1.7,0.0,3.0,53,16.8,32.8,121,Drizzle: Moderate,0,0,
41715,2022-04-05 20:35:00,40.651157,-73.918144,1,0,Unspecified,4516718,12.1,1.0,1.7,1.7,0.0,3.0,53,16.8,32.8,121,Drizzle: Moderate,1,1,
41716,2022-04-05 15:15:00,40.826836,-73.92263,0,0,Driver Inattention/Distraction,4517029,12.1,1.0,1.7,1.7,0.0,3.0,53,16.8,32.8,121,Drizzle: Moderate,0,0,
41717,2022-04-05 18:27:00,40.7488,-73.96986,1,0,Driver Inattention/Distraction,4516618,12.1,1.0,1.7,1.7,0.0,3.0,53,16.8,32.8,121,Drizzle: Moderate,1,1,
41718,2022-04-04 08:00:00,40.665348,-73.922325,1,0,Unsafe Speed,4516974,12.2,2.6,0.1,0.1,0.0,1.0,51,23.7,41.4,304,Drizzle: Light,1,1,
41719,2022-03-31 09:00:00,40.68603,-73.93268,1,0,Traffic Control Disregarded,4517009,19.0,3.5,12.0,12.0,0.0,4.0,65,37.8,67.3,194,Rain: Heavy,1,1,
41720,2022-04-05 20:50:00,40.821358,-73.889114,0,0,Unspecified,4516648,12.1,1.0,1.7,1.7,0.0,3.0,53,16.8,32.8,121,Drizzle: Moderate,0,0,
41721,2022-03-20 02:19:00,40.813606,-73.94868,0,0,Alcohol Involvement,4516948,14.8,6.9,0.1,0.1,0.0,1.0,51,27.0,49.0,284,Drizzle: Light,0,0,
41722,2022-04-05 11:20:00,40.66537,-73.73254,1,0,Unsafe Lane Changing,4516453,12.1,1.0,1.7,1.7,0.0,3.0,53,16.8,32.8,121,Drizzle: Moderate,1,1,
41723,2022-04-05 07:40:00,40.846443,-73.826004,1,0,Driver Inexperience,4516726,12.1,1.0,1.7,1.7,0.0,3.0,53,16.8,32.8,121,Drizzle: Moderate,1,1,
41724,2022-04-05 07:33:00,40.677414,-73.93033,1,0,Turning Improperly,4516527,12.1,1.0,1.7,1.7,0.0,3.0,53,16.8,32.8,121,Drizzle: Moderate,1,1,
41725,2022-04-05 19:09:00,40.65029,-73.97872,1,0,Pedestrian/Bicyclist/Other Pedestrian Error/Confusion,4516743,12.1,1.0,1.7,1.7,0.0,3.0,53,16.8,32.8,121,Drizzle: Moderate,1,1,
41726,2022-04-05 07:30:00,40.588116,-73.97261,0,0,Brakes Defective,4516600,12.1,1.0,1.7,1.7,0.0,3.0,53,16.8,32.8,121,Drizzle: Moderate,0,0,
41727,2022-04-05 21:47:00,40.831924,-73.85104,0,0,Passing Too Closely,4516725,12.1,1.0,1.7,1.7,0.0,3.0,53,16.8,32.8,121,Drizzle: Moderate,0,0,
41728,2022-04-03 11:02:00,40.823624,-73.92308,0,0,Driver Inattention/Distraction,4517055,8.3,3.4,3.1,3.1,0.0,5.0,61,21.9,38.2,274,Rain: Light,0,0,
41729,2022-04-05 14:07:00,40.60821,-73.76554,0,0,Backing Unsafely,4516665,12.1,1.0,1.7,1.7,0.0,3.0,53,16.8,32.8,121,Drizzle: Moderate,0,0,
41730,2022-03-18 23:20:00,40.843777,-73.90947,0,0,Passing or Lane Usage Improper,4517067,20.8,7.4,0.0,0.0,0.0,0.0,3,16.0,31.7,181,Overcast,0,0,
41731,2022-04-05 07:25:00,40.696823,-73.91487,0,0,Following Too Closely,4516335,12.1,1.0,1.7,1.7,0.0,3.0,53,16.8,32.8,121,Drizzle: Moderate,0,0,
41732,2022-04-05 16:40:00,40.652767,-73.95606,1,0,Unspecified,4516917,12.1,1.0,1.7,1.7,0.0,3.0,53,16.8,32.8,121,Drizzle: Moderate,1,1,
41733,2022-04-05 09:55:00,40.663292,-73.92543,1,0,Failure to Yield Right-of-Way,4516512,12.1,1.0,1.7,1.7,0.0,3.0,53,16.8,32.8,121,Drizzle: Moderate,1,1,
41734,2021-12-18 20:22:00,40.71747,-73.80021,0,0,Driver Inattention/Distraction,4493592,6.3,4.5,3.8,3.8,0.0,9.0,61,12.3,24.5,35,Rain: Light,0,0,
41735,2021-12-28 01:24:00,40.801125,-73.92988,1,0,Pavement Slippery,4493582,8.5,2.2,0.0,0.0,0.0,0.0,3,12.5,22.0,271,Overcast,1,1,
41736,2022-01-07 17:00:00,40.847546,-73.86724,1,0,Failure to Yield Right-of-Way,4493622,-0.0,-5.7,9.0,0.0,6.3,11.0,75,26.8,48.6,313,Snow fall: Heavy,1,1,Snowy Conditions
41737,2022-01-07 19:38:00,40.834164,-73.922226,1,0,Failure to Yield Right-of-Way,4493637,-0.0,-5.7,9.0,0.0,6.3,11.0,75,26.8,48.6,313,Snow fall: Heavy,1,1,Snowy Conditions
41738,2021-01-07 10:01:00,40.811398,-73.90777,0,0,Unspecified,4493606,5.9,-1.8,0.0,0.0,0.0,0.0,1,17.4,34.2,326,Mainly clear,0,0,Sunny/Clear Conditions
41739,2021-12-31 16:30:00,40.71818,-73.780334,1,0,Driver Inattention/Distraction,4493586,11.1,7.1,2.7,2.7,0.0,5.0,55,14.9,29.2,193,Drizzle: Dense,1,1,
41740,2022-01-07 09:45:00,40.777523,-73.90899,0,0,Failure to Yield Right-of-Way,4493634,-0.0,-5.7,9.0,0.0,6.3,11.0,75,26.8,48.6,313,Snow fall: Heavy,0,0,Snowy Conditions
41741,2022-01-06 06:30:00,40.81782,-73.88816,0,0,Unspecified,4493605,4.1,-0.7,0.0,0.0,0.0,0.0,3,20.2,38.2,269,Overcast,0,0,
41742,2020-01-10 00:00:00,40.804707,-73.91914,0,0,Unsafe Lane Changing,4493620,10.9,-1.3,0.0,0.0,0.0,0.0,3,23.3,42.1,221,Overcast,0,0,
41743,2022-01-03 03:24:00,40.75892,-73.92566,2,0,Driver Inattention/Distraction,4493633,2.0,-4.4,1.4,0.0,0.98,6.0,73,29.3,55.4,359,Snow fall: Moderate,2,2,Snowy Conditions
41744,2021-12-12 18:13:00,40.80897,-73.94833,1,0,Driver Inattention/Distraction,4493574,13.0,3.4,0.5,0.5,0.0,1.0,53,32.4,62.6,284,Drizzle: Moderate,1,1,
41745,2022-02-20 00:26:00,40.69882,-73.7908,0,0,Driver Inattention/Distraction,4504279,2.4,-6.6,0.0,0.0,0.0,0.0,3,23.4,44.3,250,Overcast,0,0,
41746,2022-02-20 20:00:00,40.76471,-73.830696,0,0,Passing or Lane Usage Improper,4504539,2.4,-6.6,0.0,0.0,0.0,0.0,3,23.4,44.3,250,Overcast,0,0,
41747,2022-02-20 01:40:00,40.704067,-73.93861,0,0,Driver Inattention/Distraction,4504262,2.4,-6.6,0.0,0.0,0.0,0.0,3,23.4,44.3,250,Overcast,0,0,
41748,2022-02-20 20:10:00,40.882893,-73.89464,1,0,Unspecified,4504788,2.4,-6.6,0.0,0.0,0.0,0.0,3,23.4,44.3,250,Overcast,1,1,
41749,2022-02-20 22:00:00,40.70047,-73.75289,0,0,Passing Too Closely,4504694,2.4,-6.6,0.0,0.0,0.0,0.0,3,23.4,44.3,250,Overcast,0,0,
41750,2022-02-20 18:15:00,40.692482,-73.9203,1,0,Reaction to Uninvolved Vehicle,4504339,2.4,-6.6,0.0,0.0,0.0,0.0,3,23.4,44.3,250,Overcast,1,1,
41751,2022-02-20 21:45:00,40.77056,-73.91751,0,0,Following Too Closely,4504625,2.4,-6.6,0.0,0.0,0.0,0.0,3,23.4,44.3,250,Overcast,0,0,
41752,2021-02-19 14:15:00,40.724285,-73.9756,0,0,Reaction to Uninvolved Vehicle,4504703,-0.4,-3.6,5.8,0.0,4.06,22.0,73,16.8,29.9,16,Snow fall: Moderate,0,0,Snowy Conditions
41753,2022-02-19 10:06:00,40.86955,-73.88175,0,0,Unspecified,4504679,3.3,-5.5,0.4,0.0,0.28,4.0,71,35.3,64.4,260,Snow fall: Light,0,0,Snowy Conditions
41754,2022-02-20 23:30:00,40.816025,-73.93947,1,0,Driver Inattention/Distraction,4504405,2.4,-6.6,0.0,0.0,0.0,0.0,3,23.4,44.3,250,Overcast,1,1,
41755,2022-02-19 17:27:00,40.749546,-73.99875,0,0,Passing or Lane Usage Improper,4504754,3.3,-5.5,0.4,0.0,0.28,4.0,71,35.3,64.4,260,Snow fall: Light,0,0,Snowy Conditions
41756,2022-02-12 20:30:00,40.755806,-73.99809,0,0,Backing Unsafely,4504905,13.1,5.9,0.0,0.0,0.0,0.0,3,25.0,44.3,252,Overcast,0,0,
41757,2022-02-20 20:50:00,40.61269,-73.982666,1,0,Other Vehicular,4504325,2.4,-6.6,0.0,0.0,0.0,0.0,3,23.4,44.3,250,Overcast,1,1,
41758,2022-02-20 14:20:00,40.64106,-73.972275,1,0,Unspecified,4504775,2.4,-6.6,0.0,0.0,0.0,0.0,3,23.4,44.3,250,Overcast,1,1,
41759,2022-02-20 07:35:00,40.698566,-73.769585,0,0,Failure to Yield Right-of-Way,4504317,2.4,-6.6,0.0,0.0,0.0,0.0,3,23.4,44.3,250,Overcast,0,0,
41760,2022-02-20 08:00:00,40.641468,-73.95938,1,0,Unspecified,4504085,2.4,-6.6,0.0,0.0,0.0,0.0,3,23.4,44.3,250,Overcast,1,1,
41761,2022-01-08 09:08:00,40.617813,-74.00644,0,0,Driver Inattention/Distraction,4493003,-3.3,-8.4,0.0,0.0,0.0,0.0,1,21.6,37.8,277,Mainly clear,0,0,Sunny/Clear Conditions
41762,2022-01-08 19:45:00,40.60792,-73.970695,0,0,Unspecified,4493284,-3.3,-8.4,0.0,0.0,0.0,0.0,1,21.6,37.8,277,Mainly clear,0,0,Sunny/Clear Conditions
41763,2022-01-08 15:56:00,40.804417,-73.955376,0,0,Failure to Yield Right-of-Way,4493126,-3.3,-8.4,0.0,0.0,0.0,0.0,1,21.6,37.8,277,Mainly clear,0,0,Sunny/Clear Conditions
41764,2022-01-08 18:26:00,40.65452,-73.882225,1,0,Unspecified,4493540,-3.3,-8.4,0.0,0.0,0.0,0.0,1,21.6,37.8,277,Mainly clear,1,1,Sunny/Clear Conditions
41765,2022-01-08 01:50:00,40.718292,-73.98248,0,0,Unspecified,4492772,-3.3,-8.4,0.0,0.0,0.0,0.0,1,21.6,37.8,277,Mainly clear,0,0,Sunny/Clear Conditions
41766,2022-01-08 10:30:00,40.73285,-73.956726,0,0,Unspecified,4493062,-3.3,-8.4,0.0,0.0,0.0,0.0,1,21.6,37.8,277,Mainly clear,0,0,Sunny/Clear Conditions
41767,2022-01-04 15:30:00,40.584904,-73.95831,1,0,Steering Failure,4493407,0.7,-6.7,0.0,0.0,0.0,0.0,3,20.0,36.4,287,Overcast,1,1,
41768,2022-01-08 09:16:00,40.61135,-74.09847,0,0,Driver Inattention/Distraction,4493185,-3.3,-8.4,0.0,0.0,0.0,0.0,1,21.6,37.8,277,Mainly clear,0,0,Sunny/Clear Conditions
41769,2022-01-07 00:45:00,40.67362,-73.884224,0,0,Traffic Control Disregarded,4493516,-0.0,-5.7,9.0,0.0,6.3,11.0,75,26.8,48.6,313,Snow fall: Heavy,0,0,Snowy Conditions
41770,2022-01-08 06:30:00,40.60707,-74.09241,0,0,Unsafe Speed,4492823,-3.3,-8.4,0.0,0.0,0.0,0.0,1,21.6,37.8,277,Mainly clear,0,0,Sunny/Clear Conditions
41771,2022-01-08 02:41:00,40.896687,-73.84511,0,0,Unsafe Speed,4493211,-3.3,-8.4,0.0,0.0,0.0,0.0,1,21.6,37.8,277,Mainly clear,0,0,Sunny/Clear Conditions
41772,2022-01-08 10:15:00,40.74779,-73.94985,0,0,Unspecified,4492837,-3.3,-8.4,0.0,0.0,0.0,0.0,1,21.6,37.8,277,Mainly clear,0,0,Sunny/Clear Conditions
41773,2022-01-08 02:50:00,40.73775,-73.768394,0,0,Unsafe Speed,4492956,-3.3,-8.4,0.0,0.0,0.0,0.0,1,21.6,37.8,277,Mainly clear,0,0,Sunny/Clear Conditions
41774,2022-01-08 05:55:00,40.698586,-73.814186,0,0,Following Too Closely,4493297,-3.3,-8.4,0.0,0.0,0.0,0.0,1,21.6,37.8,277,Mainly clear,0,0,Sunny/Clear Conditions
41775,2022-01-08 09:10:00,40.727207,-73.90742,0,0,Driver Inattention/Distraction,4493363,-3.3,-8.4,0.0,0.0,0.0,0.0,1,21.6,37.8,277,Mainly clear,0,0,Sunny/Clear Conditions
41776,2022-01-08 17:00:00,40.86315,-73.90907,0,0,Turning Improperly,4493416,-3.3,-8.4,0.0,0.0,0.0,0.0,1,21.6,37.8,277,Mainly clear,0,0,Sunny/Clear Conditions
41777,2022-01-08 11:45:00,40.694714,-73.93122,0,0,Unspecified,4492885,-3.3,-8.4,0.0,0.0,0.0,0.0,1,21.6,37.8,277,Mainly clear,0,0,Sunny/Clear Conditions
41778,2022-01-08 15:40:00,40.64875,-74.02088,0,0,Failure to Yield Right-of-Way,4492910,-3.3,-8.4,0.0,0.0,0.0,0.0,1,21.6,37.8,277,Mainly clear,0,0,Sunny/Clear Conditions
41779,2022-01-08 12:18:00,40.836544,-73.87365,1,0,Driver Inattention/Distraction,4492891,-3.3,-8.4,0.0,0.0,0.0,0.0,1,21.6,37.8,277,Mainly clear,1,1,Sunny/Clear Conditions