,CRASH DATETIME,LATITUDE,LONGITUDE,NUMBER OF PERSONS INJURED,NUMBER OF PERSONS KILLED,CONTRIBUTING FACTOR VEHICLE 1,COLLISION_ID,temperature_2m_max,temperature_2m_min,precipitation_sum,rain_sum,snowfall_sum,precipitation_hours,weather_code,wind_speed_10m_max,wind_gusts_10m_max,wind_direction_10m_dominant,Weather Description,Severity_Score,Total_Affected_Persons,Weather_Category
41780,2022-01-08 18:35:00,40.69599,-73.98322,1,0,Following Too Closely,4492940,-3.3,-8.4,0.0,0.0,0.0,0.0,1,21.6,37.8,277,Mainly clear,1,1,Sunny/Clear Conditions
41781,2022-01-08 00:07:00,40.881668,-73.87534,0,0,Unspecified,4492844,-3.3,-8.4,0.0,0.0,0.0,0.0,1,21.6,37.8,277,Mainly clear,0,0,Sunny/Clear Conditions
41782,2022-01-06 19:10:00,40.609505,-74.181885,0,0,Unsafe Lane Changing,4493445,4.1,-0.7,0.0,0.0,0.0,0.0,3,20.2,38.2,269,Overcast,0,0,
41783,2022-01-08 14:00:00,40.626568,-73.970924,0,0,Unspecified,4493145,-3.3,-8.4,0.0,0.0,0.0,0.0,1,21.6,37.8,277,Mainly clear,0,0,Sunny/Clear Conditions
41784,2022-01-08 20:35:00,40.71206,-73.94737,0,0,Driver Inattention/Distraction,4493234,-3.3,-8.4,0.0,0.0,0.0,0.0,1,21.6,37.8,277,Mainly clear,0,0,Sunny/Clear Conditions
41785,2022-01-08 22:46:00,40.797306,-73.93446,1,0,Traffic Control Disregarded,4493462,-3.3,-8.4,0.0,0.0,0.0,0.0,1,21.6,37.8,277,Mainly clear,1,1,Sunny/Clear Conditions
41786,2022-01-01 07:23:00,40.62368,-73.99772,0,0,Driver Inattention/Distraction,4493371,11.7,7.5,19.4,19.4,0.0,19.0,63,13.9,22.3,161,Rain: Moderate,0,0,
41787,2022-01-07 10:23:00,40.8076,-73.93719,0,0,Unspecified,4493453,-0.0,-5.7,9.0,0.0,6.3,11.0,75,26.8,48.6,313,Snow fall: Heavy,0,0,Snowy Conditions
41788,2022-01-08 17:25:00,40.78322,-73.84586,0,0,Following Too Closely,4492854,-3.3,-8.4,0.0,0.0,0.0,0.0,1,21.6,37.8,277,Mainly clear,0,0,Sunny/Clear Conditions
41789,2022-01-08 13:14:00,40.75855,-73.82964,0,0,Passing Too Closely,4492924,-3.3,-8.4,0.0,0.0,0.0,0.0,1,21.6,37.8,277,Mainly clear,0,0,Sunny/Clear Conditions
41790,2022-01-08 19:00:00,40.668694,-73.90856,0,0,Unspecified,4493076,-3.3,-8.4,0.0,0.0,0.0,0.0,1,21.6,37.8,277,Mainly clear,0,0,Sunny/Clear Conditions
41791,2022-01-05 18:30:00,40.609463,-73.97419,0,0,Driver Inexperience,4493362,6.9,-2.1,0.5,0.5,0.0,4.0,51,21.8,38.2,216,Drizzle: Light,0,0,
41792,2022-01-08 16:00:00,40.65452,-73.882225,0,0,Other Vehicular,4493531,-3.3,-8.4,0.0,0.0,0.0,0.0,1,21.6,37.8,277,Mainly clear,0,0,Sunny/Clear Conditions
41793,2022-01-08 06:08:00,40.73951,-73.98475,0,0,Unspecified,4492957,-3.3,-8.4,0.0,0.0,0.0,0.0,1,21.6,37.8,277,Mainly clear,0,0,Sunny/Clear Conditions
41794,2022-01-08 09:45:00,40.741688,-73.872086,0,0,Driver Inattention/Distraction,4493041,-3.3,-8.4,0.0,0.0,0.0,0.0,1,21.6,37.8,277,Mainly clear,0,0,Sunny/Clear Conditions
41795,2022-01-08 16:00:00,40.673107,-73.99959,0,0,Driver Inattention/Distraction,4492896,-3.3,-8.4,0.0,0.0,0.0,0.0,1,21.6,37.8,277,Mainly clear,0,0,Sunny/Clear Conditions
41796,2022-01-06 11:20:00,40.679077,-73.86323,0,0,Following Too Closely,4493515,4.1,-0.7,0.0,0.0,0.0,0.0,3,20.2,38.2,269,Overcast,0,0,
41797,2022-01-05 12:30:00,40.86592,-73.89106,0,0,Passing Too Closely,4493396,6.9,-2.1,0.5,0.5,0.0,4.0,51,21.8,38.2,216,Drizzle: Light,0,0,
41798,2022-01-08 07:20:00,40.674057,-73.89886,0,0,Unspecified,4493429,-3.3,-8.4,0.0,0.0,0.0,0.0,1,21.6,37.8,277,Mainly clear,0,0,Sunny/Clear Conditions
41799,2022-04-05 14:35:00,40.67563,-73.90151,1,0,Unspecified,4516849,12.1,1.0,1.7,1.7,0.0,3.0,53,16.8,32.8,121,Drizzle: Moderate,1,1,
41800,2022-01-08 23:10:00,40.71143,-73.72845,1,0,Driver Inattention/Distraction,4493138,-3.3,-8.4,0.0,0.0,0.0,0.0,1,21.6,37.8,277,Mainly clear,1,1,Sunny/Clear Conditions
41801,2022-01-08 13:04:00,40.655037,-73.935585,1,0,Unspecified,4493052,-3.3,-8.4,0.0,0.0,0.0,0.0,1,21.6,37.8,277,Mainly clear,1,1,Sunny/Clear Conditions
41802,2022-01-08 01:41:00,40.837124,-73.909645,0,0,Aggressive Driving/Road Rage,4493337,-3.3,-8.4,0.0,0.0,0.0,0.0,1,21.6,37.8,277,Mainly clear,0,0,Sunny/Clear Conditions
41803,2022-01-08 14:00:00,40.73978,-73.97951,1,0,Unspecified,4492964,-3.3,-8.4,0.0,0.0,0.0,0.0,1,21.6,37.8,277,Mainly clear,1,1,Sunny/Clear Conditions
41804,2022-01-04 12:04:00,40.68419,-73.8703,0,0,Unsafe Speed,4493520,0.7,-6.7,0.0,0.0,0.0,0.0,3,20.0,36.4,287,Overcast,0,0,
41805,2022-01-08 22:00:00,40.719948,-73.94326,0,0,Driver Inexperience,4493257,-3.3,-8.4,0.0,0.0,0.0,0.0,1,21.6,37.8,277,Mainly clear,0,0,Sunny/Clear Conditions
41806,2022-01-08 12:48:00,40.712532,-74.007675,1,0,Failure to Yield Right-of-Way,4493064,-3.3,-8.4,0.0,0.0,0.0,0.0,1,21.6,37.8,277,Mainly clear,1,1,Sunny/Clear Conditions
41807,2022-01-08 22:07:00,40.701916,-73.72712,1,0,Unspecified,4493264,-3.3,-8.4,0.0,0.0,0.0,0.0,1,21.6,37.8,277,Mainly clear,1,1,Sunny/Clear Conditions
41808,2022-01-08 16:00:00,40.87135,-73.8385,0,0,Driver Inexperience,4493192,-3.3,-8.4,0.0,0.0,0.0,0.0,1,21.6,37.8,277,Mainly clear,0,0,Sunny/Clear Conditions
41809,2022-01-07 19:10:00,40.711845,-73.859764,0,0,Failure to Yield Right-of-Way,4493570,-0.0,-5.7,9.0,0.0,6.3,11.0,75,26.8,48.6,313,Snow fall: Heavy,0,0,Snowy Conditions
41810,2022-01-08 00:55:00,40.69297,-73.81538,0,0,Following Too Closely,4492778,-3.3,-8.4,0.0,0.0,0.0,0.0,1,21.6,37.8,277,Mainly clear,0,0,Sunny/Clear Conditions
41811,2022-01-08 21:00:00,40.607235,-73.99194,1,0,Failure to Yield Right-of-Way,4493030,-3.3,-8.4,0.0,0.0,0.0,0.0,1,21.6,37.8,277,Mainly clear,1,1,Sunny/Clear Conditions
41812,2022-01-06 18:16:00,40.83411,-73.86336,1,0,Failure to Yield Right-of-Way,4493493,4.1,-0.7,0.0,0.0,0.0,0.0,3,20.2,38.2,269,Overcast,1,1,
41813,2022-01-08 17:30:00,40.652767,-73.8863,1,0,Unspecified,4493539,-3.3,-8.4,0.0,0.0,0.0,0.0,1,21.6,37.8,277,Mainly clear,1,1,Sunny/Clear Conditions
41814,2022-01-08 04:15:00,40.728947,-73.92793,0,0,Unspecified,4492824,-3.3,-8.4,0.0,0.0,0.0,0.0,1,21.6,37.8,277,Mainly clear,0,0,Sunny/Clear Conditions
41815,2022-01-08 21:00:00,40.71025,-73.799866,2,0,Driver Inattention/Distraction,4492960,-3.3,-8.4,0.0,0.0,0.0,0.0,1,21.6,37.8,277,Mainly clear,2,2,Sunny/Clear Conditions
41816,2022-01-08 11:40:00,40.78794,-73.84289,0,0,Brakes Defective,4493198,-3.3,-8.4,0.0,0.0,0.0,0.0,1,21.6,37.8,277,Mainly clear,0,0,Sunny/Clear Conditions
41817,2022-01-08 17:25:00,40.6462,-73.93175,0,0,Unspecified,4493053,-3.3,-8.4,0.0,0.0,0.0,0.0,1,21.6,37.8,277,Mainly clear,0,0,Sunny/Clear Conditions
41818,2022-01-07 06:30:00,40.837162,-73.8509,0,0,Unspecified,4493472,-0.0,-5.7,9.0,0.0,6.3,11.0,75,26.8,48.6,313,Snow fall: Heavy,0,0,Snowy Conditions
41819,2022-01-07 17:00:00,40.66219,-73.8923,0,0,Unspecified,4493519,-0.0,-5.7,9.0,0.0,6.3,11.0,75,26.8,48.6,313,Snow fall: Heavy,0,0,Snowy Conditions
41820,2022-01-08 17:58:00,40.749157,-73.86943,2,0,Following Too Closely,4493127,-3.3,-8.4,0.0,0.0,0.0,0.0,1,21.6,37.8,277,Mainly clear,2,2,Sunny/Clear Conditions
41821,2022-01-07 04:06:00,40.824535,-73.876335,1,0,Driver Inattention/Distraction,4493387,-0.0,-5.7,9.0,0.0,6.3,11.0,75,26.8,48.6,313,Snow fall: Heavy,1,1,Snowy Conditions
41822,2022-01-08 09:03:00,40.614002,-73.98636,0,0,Unspecified,4493007,-3.3,-8.4,0.0,0.0,0.0,0.0,1,21.6,37.8,277,Mainly clear,0,0,Sunny/Clear Conditions
41823,2022-01-08 13:00:00,40.88265,-73.889496,0,0,Unspecified,4492863,-3.3,-8.4,0.0,0.0,0.0,0.0,1,21.6,37.8,277,Mainly clear,0,0,Sunny/Clear Conditions
41824,2022-01-08 14:55:00,40.58945,-73.960526,1,0,Driver Inattention/Distraction,4493283,-3.3,-8.4,0.0,0.0,0.0,0.0,1,21.6,37.8,277,Mainly clear,1,1,Sunny/Clear Conditions
41825,2022-01-07 09:30:00,40.721054,-73.8552,1,0,Pavement Slippery,4493398,-0.0,-5.7,9.0,0.0,6.3,11.0,75,26.8,48.6,313,Snow fall: Heavy,1,1,Snowy Conditions
41826,2022-01-08 18:09:00,40.54585,-74.164604,1,0,Unsafe Speed,4492903,-3.3,-8.4,0.0,0.0,0.0,0.0,1,21.6,37.8,277,Mainly clear,1,1,Sunny/Clear Conditions
41827,2022-01-08 13:05:00,40.834167,-73.92779,0,0,Other Vehicular,4493074,-3.3,-8.4,0.0,0.0,0.0,0.0,1,21.6,37.8,277,Mainly clear,0,0,Sunny/Clear Conditions
41828,2022-01-07 10:33:00,40.652767,-73.8863,0,0,Unspecified,4493533,-0.0,-5.7,9.0,0.0,6.3,11.0,75,26.8,48.6,313,Snow fall: Heavy,0,0,Snowy Conditions
41829,2022-01-07 12:30:00,40.814026,-73.88959,0,0,Unspecified,4493466,-0.0,-5.7,9.0,0.0,6.3,11.0,75,26.8,48.6,313,Snow fall: Heavy,0,0,Snowy Conditions
41830,2022-01-08 12:30:00,40.753075,-73.92139,0,0,Turning Improperly,4492979,-3.3,-8.4,0.0,0.0,0.0,0.0,1,21.6,37.8,277,Mainly clear,0,0,Sunny/Clear Conditions
41831,2022-01-08 13:17:00,40.80465,-73.922264,0,0,Backing Unsafely,4493112,-3.3,-8.4,0.0,0.0,0.0,0.0,1,21.6,37.8,277,Mainly clear,0,0,Sunny/Clear Conditions
41832,2022-01-06 04:00:00,40.666134,-73.88492,0,0,Unsafe Speed,4493524,4.1,-0.7,0.0,0.0,0.0,0.0,3,20.2,38.2,269,Overcast,0,0,
41833,2022-01-07 07:05:00,40.645397,-73.91893,0,0,Reaction to Uninvolved Vehicle,4493369,-0.0,-5.7,9.0,0.0,6.3,11.0,75,26.8,48.6,313,Snow fall: Heavy,0,0,Snowy Conditions
41834,2022-01-08 11:06:00,40.75539,-73.969765,0,0,Oversized Vehicle,4492835,-3.3,-8.4,0.0,0.0,0.0,0.0,1,21.6,37.8,277,Mainly clear,0,0,Sunny/Clear Conditions
41835,2022-01-08 23:45:00,40.7488,-73.96986,2,0,Other Vehicular,4492942,-3.3,-8.4,0.0,0.0,0.0,0.0,1,21.6,37.8,277,Mainly clear,2,2,Sunny/Clear Conditions
41836,2022-01-07 21:20:00,40.586918,-73.96387,0,0,Passing or Lane Usage Improper,4493405,-0.0,-5.7,9.0,0.0,6.3,11.0,75,26.8,48.6,313,Snow fall: Heavy,0,0,Snowy Conditions
41837,2022-01-08 10:20:00,40.820137,-73.89029,0,0,Unsafe Speed,4493296,-3.3,-8.4,0.0,0.0,0.0,0.0,1,21.6,37.8,277,Mainly clear,0,0,Sunny/Clear Conditions
41838,2022-01-08 23:30:00,40.640068,-73.986885,1,0,Unsafe Lane Changing,4493144,-3.3,-8.4,0.0,0.0,0.0,0.0,1,21.6,37.8,277,Mainly clear,1,1,Sunny/Clear Conditions
41839,2022-03-29 14:35:00,40.77373,-73.96402,0,0,Unspecified,4517169,3.3,-5.2,0.0,0.0,0.0,0.0,2,29.3,54.4,311,Partly cloudy,0,0,
41840,2022-01-05 11:28:00,40.677155,-73.86887,1,0,Following Too Closely,4493528,6.9,-2.1,0.5,0.5,0.0,4.0,51,21.8,38.2,216,Drizzle: Light,1,1,
41841,2022-01-08 07:00:00,40.742096,-73.86748,1,0,Failure to Yield Right-of-Way,4493040,-3.3,-8.4,0.0,0.0,0.0,0.0,1,21.6,37.8,277,Mainly clear,1,1,Sunny/Clear Conditions
41842,2022-01-08 20:11:00,40.798374,-73.941025,0,0,Driver Inattention/Distraction,4493458,-3.3,-8.4,0.0,0.0,0.0,0.0,1,21.6,37.8,277,Mainly clear,0,0,Sunny/Clear Conditions
41843,2022-01-07 19:45:00,40.675735,-73.89686,0,0,Driver Inattention/Distraction,4493506,-0.0,-5.7,9.0,0.0,6.3,11.0,75,26.8,48.6,313,Snow fall: Heavy,0,0,Snowy Conditions
41844,2022-01-08 14:00:00,40.749367,-73.984695,3,0,Reaction to Uninvolved Vehicle,4493108,-3.3,-8.4,0.0,0.0,0.0,0.0,1,21.6,37.8,277,Mainly clear,3,3,Sunny/Clear Conditions
41845,2022-04-05 15:15:00,40.742874,-73.933945,0,0,Unspecified,4516536,12.1,1.0,1.7,1.7,0.0,3.0,53,16.8,32.8,121,Drizzle: Moderate,0,0,
41846,2022-01-08 05:18:00,40.81005,-73.88724,1,1,Alcohol Involvement,4492843,-3.3,-8.4,0.0,0.0,0.0,0.0,1,21.6,37.8,277,Mainly clear,21,2,Sunny/Clear Conditions
41847,2022-01-08 11:00:00,40.65201,-74.0101,0,0,Unspecified,4493247,-3.3,-8.4,0.0,0.0,0.0,0.0,1,21.6,37.8,277,Mainly clear,0,0,Sunny/Clear Conditions
41848,2022-01-08 21:24:00,40.703823,-73.8088,0,0,Aggressive Driving/Road Rage,4492914,-3.3,-8.4,0.0,0.0,0.0,0.0,1,21.6,37.8,277,Mainly clear,0,0,Sunny/Clear Conditions
41849,2022-01-08 00:00:00,40.660175,-73.9282,0,0,Traffic Control Disregarded,4493028,-3.3,-8.4,0.0,0.0,0.0,0.0,1,21.6,37.8,277,Mainly clear,0,0,Sunny/Clear Conditions
41850,2022-01-08 15:40:00,40.64875,-74.02088,0,0,Failure to Yield Right-of-Way,4493246,-3.3,-8.4,0.0,0.0,0.0,0.0,1,21.6,37.8,277,Mainly clear,0,0,Sunny/Clear Conditions
41851,2022-01-08 06:00:00,40.67576,-73.896645,1,0,Turning Improperly,4493549,-3.3,-8.4,0.0,0.0,0.0,0.0,1,21.6,37.8,277,Mainly clear,1,1,Sunny/Clear Conditions
41852,2022-01-08 12:50:00,40.68039,-73.94956,1,0,Failure to Yield Right-of-Way,4493133,-3.3,-8.4,0.0,0.0,0.0,0.0,1,21.6,37.8,277,Mainly clear,1,1,Sunny/Clear Conditions
41853,2022-01-07 08:00:00,40.799816,-73.956184,3,0,Pavement Slippery,4493573,-0.0,-5.7,9.0,0.0,6.3,11.0,75,26.8,48.6,313,Snow fall: Heavy,3,3,Snowy Conditions
41854,2022-01-08 02:25:00,40.69195,-73.97897,0,0,Driver Inattention/Distraction,4492785,-3.3,-8.4,0.0,0.0,0.0,0.0,1,21.6,37.8,277,Mainly clear,0,0,Sunny/Clear Conditions
41855,2022-01-06 18:40:00,40.674786,-73.8762,1,0,Failure to Yield Right-of-Way,4493490,4.1,-0.7,0.0,0.0,0.0,0.0,3,20.2,38.2,269,Overcast,1,1,
41856,2022-01-03 11:00:00,40.733433,-73.86418,0,0,Unspecified,4493400,2.0,-4.4,1.4,0.0,0.98,6.0,73,29.3,55.4,359,Snow fall: Moderate,0,0,Snowy Conditions
41857,2022-01-08 00:00:00,40.719025,-73.98978,0,0,Unspecified,4492899,-3.3,-8.4,0.0,0.0,0.0,0.0,1,21.6,37.8,277,Mainly clear,0,0,Sunny/Clear Conditions
41858,2022-01-08 19:35:00,40.69351,-73.73087,0,0,Unspecified,4492907,-3.3,-8.4,0.0,0.0,0.0,0.0,1,21.6,37.8,277,Mainly clear,0,0,Sunny/Clear Conditions
41859,2022-01-08 12:25:00,40.865364,-73.85139,2,0,Lost Consciousness,4493338,-3.3,-8.4,0.0,0.0,0.0,0.0,1,21.6,37.8,277,Mainly clear,2,2,Sunny/Clear Conditions
41860,2022-01-08 16:39:00,40.760166,-73.83262,0,0,Following Too Closely,4492919,-3.3,-8.4,0.0,0.0,0.0,0.0,1,21.6,37.8,277,Mainly clear,0,0,Sunny/Clear Conditions
41861,2021-12-25 03:16:00,40.737682,-73.85206,3,0,Aggressive Driving/Road Rage,4493388,8.8,0.5,6.1,6.1,0.0,14.0,55,14.5,24.8,284,Drizzle: Dense,3,3,
41862,2022-01-08 08:45:00,40.771347,-73.92285,0,0,Driver Inattention/Distraction,4492977,-3.3,-8.4,0.0,0.0,0.0,0.0,1,21.6,37.8,277,Mainly clear,0,0,Sunny/Clear Conditions
41863,2022-01-06 21:00:00,40.74524,-73.90037,0,0,Unspecified,4493433,4.1,-0.7,0.0,0.0,0.0,0.0,3,20.2,38.2,269,Overcast,0,0,
41864,2022-01-08 00:40:00,40.712727,-73.72899,0,0,Unspecified,4492848,-3.3,-8.4,0.0,0.0,0.0,0.0,1,21.6,37.8,277,Mainly clear,0,0,Sunny/Clear Conditions
41865,2022-01-08 16:25:00,40.881992,-73.87718,0,0,Unspecified,4493348,-3.3,-8.4,0.0,0.0,0.0,0.0,1,21.6,37.8,277,Mainly clear,0,0,Sunny/Clear Conditions
41866,2021-10-16 11:06:00,40.748302,-73.9783384,1,0,Driver Inattention/Distraction,4467807,24.3,15.0,17.5,17.5,0.0,9.0,63,25.7,46.4,195,Rain: Moderate,1,1,
41867,2021-10-16 00:15:00,40.8006946,-73.9411094,1,0,Traffic Control Disregarded,4468357,24.3,15.0,17.5,17.5,0.0,9.0,63,25.7,46.4,195,Rain: Moderate,1,1,
41868,2021-12-11 20:44:00,40.759106,-73.834145,1,0,Unspecified,4485445,17.3,5.0,8.1,8.1,0.0,5.0,63,35.0,67.0,206,Rain: Moderate,1,1,
41869,2021-12-11 18:30:00,40.597267,-73.998665,0,0,Driver Inattention/Distraction,4486059,17.3,5.0,8.1,8.1,0.0,5.0,63,35.0,67.0,206,Rain: Moderate,0,0,
41870,2021-12-04 15:43:00,40.64455,-73.879944,1,0,,4486032,8.3,-0.7,0.0,0.0,0.0,0.0,3,13.5,25.9,231,Overcast,1,1,
41871,2021-12-11 14:23:00,40.688995,-73.78581,0,0,Unspecified,4485616,17.3,5.0,8.1,8.1,0.0,5.0,63,35.0,67.0,206,Rain: Moderate,0,0,
41872,2021-12-11 03:10:00,40.753036,-73.94062,0,0,Reaction to Uninvolved Vehicle,4485564,17.3,5.0,8.1,8.1,0.0,5.0,63,35.0,67.0,206,Rain: Moderate,0,0,
41873,2021-12-10 13:00:00,40.70647,-73.787605,0,0,Passing Too Closely,4485992,8.5,1.6,0.0,0.0,0.0,0.0,3,9.8,20.5,183,Overcast,0,0,
41874,2021-12-09 04:00:00,40.677868,-73.876945,0,0,Unspecified,4486013,3.6,-2.0,0.1,0.0,0.07,1.0,71,19.2,33.8,295,Snow fall: Light,0,0,Snowy Conditions
41875,2021-12-11 06:00:00,40.65023,-73.964226,0,0,Unspecified,4486178,17.3,5.0,8.1,8.1,0.0,5.0,63,35.0,67.0,206,Rain: Moderate,0,0,
41876,2021-12-11 21:11:00,40.649277,-73.94361,1,0,Unspecified,4485442,17.3,5.0,8.1,8.1,0.0,5.0,63,35.0,67.0,206,Rain: Moderate,1,1,
41877,2021-12-11 16:05:00,40.871563,-73.82481,1,0,Unspecified,4486148,17.3,5.0,8.1,8.1,0.0,5.0,63,35.0,67.0,206,Rain: Moderate,1,1,
41878,2021-12-11 08:05:00,40.649986,-73.93215,2,0,Passing or Lane Usage Improper,4485412,17.3,5.0,8.1,8.1,0.0,5.0,63,35.0,67.0,206,Rain: Moderate,2,2,
41879,2021-12-08 16:40:00,40.83863,-73.84938,0,0,Unspecified,4486074,4.7,0.9,0.7,0.7,0.0,2.0,51,14.5,24.8,355,Drizzle: Light,0,0,
41880,2021-12-11 11:44:00,40.840836,-73.87258,0,0,Driver Inattention/Distraction,4485819,17.3,5.0,8.1,8.1,0.0,5.0,63,35.0,67.0,206,Rain: Moderate,0,0,
41881,2021-12-11 00:15:00,40.83761,-73.88106,2,0,Unsafe Speed,4485952,17.3,5.0,8.1,8.1,0.0,5.0,63,35.0,67.0,206,Rain: Moderate,2,2,
41882,2021-12-11 21:19:00,40.70489,-73.94617,0,0,Reaction to Uninvolved Vehicle,4485466,17.3,5.0,8.1,8.1,0.0,5.0,63,35.0,67.0,206,Rain: Moderate,0,0,
41883,2021-12-11 17:48:00,40.83472,-73.89846,0,0,Unsafe Speed,4485662,17.3,5.0,8.1,8.1,0.0,5.0,63,35.0,67.0,206,Rain: Moderate,0,0,
41884,2021-12-27 12:15:00,40.673107,-73.99959,0,0,Failure to Yield Right-of-Way,4493421,2.7,-1.4,2.1,0.8,0.91,5.0,73,13.5,23.0,10,Snow fall: Moderate,0,0,Snowy Conditions
41885,2022-01-08 00:00:00,40.80641,-73.94227,0,0,Traffic Control Disregarded,4493456,-3.3,-8.4,0.0,0.0,0.0,0.0,1,21.6,37.8,277,Mainly clear,0,0,Sunny/Clear Conditions
41886,2020-12-01 08:45:00,40.655094,-73.934654,1,0,Turning Improperly,4372543,14.8,3.2,0.9,0.9,0.0,6.0,51,27.9,54.7,225,Drizzle: Light,1,1,
41887,2021-06-16 10:30:00,40.67398,-73.899315,0,0,Unspecified,4427806,23.1,15.1,0.0,0.0,0.0,0.0,1,20.2,40.0,317,Mainly clear,0,0,Sunny/Clear Conditions
41888,2021-06-16 15:14:00,40.6643,-73.92918,2,0,Brakes Defective,4428252,23.1,15.1,0.0,0.0,0.0,0.0,1,20.2,40.0,317,Mainly clear,2,2,Sunny/Clear Conditions
41889,2021-06-19 20:00:00,40.683235,-73.86108,1,0,Failure to Yield Right-of-Way,4428974,31.5,19.5,1.2,1.2,0.0,3.0,53,21.1,38.2,243,Drizzle: Moderate,1,1,
41890,2021-06-19 12:37:00,40.592205,-73.93551,3,0,Unspecified,4429205,31.5,19.5,1.2,1.2,0.0,3.0,53,21.1,38.2,243,Drizzle: Moderate,3,3,
41891,2022-01-08 17:47:00,40.783566,-73.77733,0,0,Passing or Lane Usage Improper,4492868,-3.3,-8.4,0.0,0.0,0.0,0.0,1,21.6,37.8,277,Mainly clear,0,0,Sunny/Clear Conditions
41892,2021-06-25 05:41:00,40.692234,-73.987305,0,0,Driver Inattention/Distraction,4430996,24.7,15.6,0.0,0.0,0.0,0.0,3,20.9,41.0,144,Overcast,0,0,
41893,2021-06-06 02:50:00,40.902157,-73.847626,1,0,Driver Inattention/Distraction,4431408,31.0,20.0,0.0,0.0,0.0,0.0,1,16.6,32.4,222,Mainly clear,1,1,Sunny/Clear Conditions
41894,2021-06-25 22:15:00,40.64215,-74.11504,0,0,Driver Inattention/Distraction,4431283,24.7,15.6,0.0,0.0,0.0,0.0,3,20.9,41.0,144,Overcast,0,0,
41895,2021-06-25 23:13:00,40.74998,-73.9054,1,0,Passing Too Closely,4430975,24.7,15.6,0.0,0.0,0.0,0.0,3,20.9,41.0,144,Overcast,1,1,
41896,2021-06-24 18:45:00,40.84543,-73.91399,0,0,Unspecified,4430711,23.2,13.5,0.0,0.0,0.0,0.0,3,19.7,40.0,145,Overcast,0,0,
41897,2021-06-19 16:18:00,40.680187,-73.755486,1,0,Unspecified,4431191,31.5,19.5,1.2,1.2,0.0,3.0,53,21.1,38.2,243,Drizzle: Moderate,1,1,
41898,2021-06-23 15:30:00,40.717186,-74.0129,1,0,Unspecified,4430285,23.1,12.2,0.0,0.0,0.0,0.0,3,16.5,31.7,309,Overcast,1,1,
41899,2021-06-24 13:45:00,40.635506,-73.913284,3,0,Unspecified,4430825,23.2,13.5,0.0,0.0,0.0,0.0,3,19.7,40.0,145,Overcast,3,3,
41900,2021-06-23 14:20:00,40.85185,-73.902725,0,0,Driver Inattention/Distraction,4430693,23.1,12.2,0.0,0.0,0.0,0.0,3,16.5,31.7,309,Overcast,0,0,
41901,2021-06-17 15:15:00,40.671337,-73.9448,1,0,Unspecified,4431336,23.9,12.1,0.0,0.0,0.0,0.0,3,13.4,27.4,311,Overcast,1,1,
41902,2021-06-23 13:30:00,40.813374,-73.956276,1,0,Pavement Defective,4431439,23.1,12.2,0.0,0.0,0.0,0.0,3,16.5,31.7,309,Overcast,1,1,
41903,2021-06-24 12:08:00,40.605988,-73.75864,0,0,Backing Unsafely,4430676,23.2,13.5,0.0,0.0,0.0,0.0,3,19.7,40.0,145,Overcast,0,0,
41904,2021-06-25 07:25:00,40.72878,-73.926155,0,0,Backing Unsafely,4430974,24.7,15.6,0.0,0.0,0.0,0.0,3,20.9,41.0,144,Overcast,0,0,
41905,2021-06-24 17:40:00,40.70792,-73.784225,0,0,Backing Unsafely,4430569,23.2,13.5,0.0,0.0,0.0,0.0,3,19.7,40.0,145,Overcast,0,0,
41906,2021-06-22 13:00:00,40.73648,-73.874275,1,0,Unspecified,4431409,24.2,15.1,8.5,8.5,0.0,9.0,63,22.2,43.2,305,Rain: Moderate,1,1,
41907,2021-06-25 00:56:00,40.758297,-73.80429,0,0,Passing or Lane Usage Improper,4430864,24.7,15.6,0.0,0.0,0.0,0.0,3,20.9,41.0,144,Overcast,0,0,
41908,2021-06-25 19:58:00,40.702103,-73.788605,0,0,Driver Inattention/Distraction,4431543,24.7,15.6,0.0,0.0,0.0,0.0,3,20.9,41.0,144,Overcast,0,0,
41909,2021-06-22 00:00:00,40.823833,-73.87807,1,0,Unspecified,4430814,24.2,15.1,8.5,8.5,0.0,9.0,63,22.2,43.2,305,Rain: Moderate,1,1,
41910,2021-06-22 16:37:00,40.717827,-73.8724,0,0,Failure to Yield Right-of-Way,4431499,24.2,15.1,8.5,8.5,0.0,9.0,63,22.2,43.2,305,Rain: Moderate,0,0,
41911,2021-06-23 00:56:00,40.66929,-73.842445,0,0,View Obstructed/Limited,4429937,23.1,12.2,0.0,0.0,0.0,0.0,3,16.5,31.7,309,Overcast,0,0,
41912,2021-06-25 11:12:00,40.722576,-73.94049,0,0,Driver Inattention/Distraction,4431225,24.7,15.6,0.0,0.0,0.0,0.0,3,20.9,41.0,144,Overcast,0,0,
41913,2021-06-20 19:09:00,40.82942,-73.91226,1,0,Traffic Control Disregarded,4430901,28.7,17.3,0.3,0.3,0.0,2.0,51,19.5,40.0,212,Drizzle: Light,1,1,
41914,2021-06-24 16:38:00,40.645374,-74.004745,1,0,Unspecified,4431022,23.2,13.5,0.0,0.0,0.0,0.0,3,19.7,40.0,145,Overcast,1,1,
41915,2021-06-23 23:25:00,40.62578,-74.02416,2,0,Failure to Yield Right-of-Way,4430257,23.1,12.2,0.0,0.0,0.0,0.0,3,16.5,31.7,309,Overcast,2,2,