,CRASH DATETIME,LATITUDE,LONGITUDE,NUMBER OF PERSONS INJURED,NUMBER OF PERSONS KILLED,CONTRIBUTING FACTOR VEHICLE 1,COLLISION_ID,temperature_2m_max,temperature_2m_min,precipitation_sum,rain_sum,snowfall_sum,precipitation_hours,weather_code,wind_speed_10m_max,wind_gusts_10m_max,wind_direction_10m_dominant,Weather Description,Severity_Score,Total_Affected_Persons,Weather_Category
41916,2021-06-24 22:10:00,40.629208,-73.90126,1,0,Failure to Yield Right-of-Way,4430827,23.2,13.5,0.0,0.0,0.0,0.0,3,19.7,40.0,145,Overcast,1,1,
41917,2021-06-19 17:49:00,40.71112,-73.79742,0,0,Driver Inattention/Distraction,4430698,31.5,19.5,1.2,1.2,0.0,3.0,53,21.1,38.2,243,Drizzle: Moderate,0,0,
41918,2021-06-25 15:23:00,40.832367,-73.82971,1,0,Reaction to Uninvolved Vehicle,4431608,24.7,15.6,0.0,0.0,0.0,0.0,3,20.9,41.0,144,Overcast,1,1,
41919,2021-06-24 07:55:00,40.755928,-73.91928,1,0,Driver Inattention/Distraction,4430399,23.2,13.5,0.0,0.0,0.0,0.0,3,19.7,40.0,145,Overcast,1,1,
41920,2021-06-23 15:00:00,40.766815,-73.83038,0,0,Failure to Yield Right-of-Way,4430869,23.1,12.2,0.0,0.0,0.0,0.0,3,16.5,31.7,309,Overcast,0,0,
41921,2021-06-21 12:45:00,40.673714,-73.892456,1,0,Traffic Control Disregarded,4430928,28.0,21.7,0.5,0.5,0.0,2.0,51,24.4,46.8,181,Drizzle: Light,1,1,
41922,2021-06-24 23:38:00,40.642017,-73.96266,0,0,Unspecified,4431195,23.2,13.5,0.0,0.0,0.0,0.0,3,19.7,40.0,145,Overcast,0,0,
41923,2021-06-25 23:45:00,0.0,0.0,1,0,Traffic Control Disregarded,4431690,24.7,15.6,0.0,0.0,0.0,0.0,3,20.9,41.0,144,Overcast,1,1,
41924,2021-06-23 14:15:00,40.86284,-73.8468,0,0,Driverless/Runaway Vehicle,4430311,23.1,12.2,0.0,0.0,0.0,0.0,3,16.5,31.7,309,Overcast,0,0,
41925,2021-06-24 08:50:00,40.72085,-74.00394,1,0,Unspecified,4431061,23.2,13.5,0.0,0.0,0.0,0.0,3,19.7,40.0,145,Overcast,1,1,
41926,2021-06-24 19:05:00,40.651764,-73.94854,4,0,Failure to Yield Right-of-Way,4431123,23.2,13.5,0.0,0.0,0.0,0.0,3,19.7,40.0,145,Overcast,4,4,
41927,2021-06-23 17:00:00,40.712406,-73.966,1,0,Failure to Yield Right-of-Way,4430524,23.1,12.2,0.0,0.0,0.0,0.0,3,16.5,31.7,309,Overcast,1,1,
41928,2021-06-23 16:51:00,40.734856,-73.93849,0,0,Unspecified,4430608,23.1,12.2,0.0,0.0,0.0,0.0,3,16.5,31.7,309,Overcast,0,0,
41929,2021-06-25 17:16:00,40.817593,-73.945145,0,0,Driver Inexperience,4431664,24.7,15.6,0.0,0.0,0.0,0.0,3,20.9,41.0,144,Overcast,0,0,
41930,2021-06-24 21:35:00,40.770424,-73.964325,0,0,Following Too Closely,4430644,23.2,13.5,0.0,0.0,0.0,0.0,3,19.7,40.0,145,Overcast,0,0,
41931,2021-06-24 20:45:00,40.655457,-73.92883,1,0,Driver Inattention/Distraction,4431140,23.2,13.5,0.0,0.0,0.0,0.0,3,19.7,40.0,145,Overcast,1,1,
41932,2021-06-23 00:30:00,40.716175,-73.949715,1,0,Driver Inattention/Distraction,4430026,23.1,12.2,0.0,0.0,0.0,0.0,3,16.5,31.7,309,Overcast,1,1,
41933,2021-06-24 08:30:00,40.642303,-74.01324,0,0,Unspecified,4431376,23.2,13.5,0.0,0.0,0.0,0.0,3,19.7,40.0,145,Overcast,0,0,
41934,2021-06-24 07:00:00,40.67256,-73.840256,0,0,Passing Too Closely,4430316,23.2,13.5,0.0,0.0,0.0,0.0,3,19.7,40.0,145,Overcast,0,0,
41935,2021-06-23 18:00:00,40.700016,-73.80129,0,0,Unspecified,4430567,23.1,12.2,0.0,0.0,0.0,0.0,3,16.5,31.7,309,Overcast,0,0,
41936,2021-06-24 14:15:00,40.510056,-74.247826,0,0,Backing Unsafely,4430725,23.2,13.5,0.0,0.0,0.0,0.0,3,19.7,40.0,145,Overcast,0,0,
41937,2021-06-23 14:30:00,40.687103,-73.89251,1,0,Unsafe Lane Changing,4431383,23.1,12.2,0.0,0.0,0.0,0.0,3,16.5,31.7,309,Overcast,1,1,
41938,2021-06-23 16:00:00,40.67591,-73.89492,0,0,Unspecified,4430786,23.1,12.2,0.0,0.0,0.0,0.0,3,16.5,31.7,309,Overcast,0,0,
41939,2021-06-25 15:00:00,40.71042,-73.85964,0,0,Following Too Closely,4430960,24.7,15.6,0.0,0.0,0.0,0.0,3,20.9,41.0,144,Overcast,0,0,
41940,2021-06-24 17:30:00,40.668648,-73.92835,0,0,Driver Inattention/Distraction,4430598,23.2,13.5,0.0,0.0,0.0,0.0,3,19.7,40.0,145,Overcast,0,0,
41941,2021-06-21 14:13:00,40.75337,-73.974655,0,0,Driver Inattention/Distraction,4431037,28.0,21.7,0.5,0.5,0.0,2.0,51,24.4,46.8,181,Drizzle: Light,0,0,
41942,2021-06-24 13:26:00,40.72084,-74.00066,1,0,Pedestrian/Bicyclist/Other Pedestrian Error/Confusion,4430495,23.2,13.5,0.0,0.0,0.0,0.0,3,19.7,40.0,145,Overcast,1,1,
41943,2021-06-24 23:20:00,40.666294,-73.89445,1,0,Unspecified,4430943,23.2,13.5,0.0,0.0,0.0,0.0,3,19.7,40.0,145,Overcast,1,1,
41944,2021-06-25 12:40:00,40.669476,-73.919975,0,0,Failure to Yield Right-of-Way,4431354,24.7,15.6,0.0,0.0,0.0,0.0,3,20.9,41.0,144,Overcast,0,0,
41945,2021-06-23 09:30:00,40.743767,-73.83748,0,0,Unsafe Lane Changing,4430092,23.1,12.2,0.0,0.0,0.0,0.0,3,16.5,31.7,309,Overcast,0,0,
41946,2021-06-15 16:30:00,40.683422,-73.77942,0,0,Passing or Lane Usage Improper,4430730,25.1,17.4,1.0,1.0,0.0,4.0,53,17.7,33.8,295,Drizzle: Moderate,0,0,
41947,2021-06-23 14:34:00,40.64457,-73.94502,0,0,Unspecified,4430206,23.1,12.2,0.0,0.0,0.0,0.0,3,16.5,31.7,309,Overcast,0,0,
41948,2021-06-24 17:24:00,40.851963,-73.83557,1,0,Unspecified,4430879,23.2,13.5,0.0,0.0,0.0,0.0,3,19.7,40.0,145,Overcast,1,1,
41949,2021-06-23 13:39:00,40.679176,-73.98184,0,0,Failure to Yield Right-of-Way,4430896,23.1,12.2,0.0,0.0,0.0,0.0,3,16.5,31.7,309,Overcast,0,0,
41950,2021-06-23 18:10:00,40.86264,-73.88226,1,0,Driver Inattention/Distraction,4430348,23.1,12.2,0.0,0.0,0.0,0.0,3,16.5,31.7,309,Overcast,1,1,
41951,2021-06-10 15:30:00,40.6742,-73.99984,1,0,Unspecified,4430846,26.7,16.8,0.0,0.0,0.0,0.0,3,20.9,40.3,78,Overcast,1,1,
41952,2021-06-24 12:33:00,40.75149,-73.93862,0,0,Driver Inattention/Distraction,4431262,23.2,13.5,0.0,0.0,0.0,0.0,3,19.7,40.0,145,Overcast,0,0,
41953,2021-06-23 18:50:00,40.75845,-73.89348,5,0,Driver Inattention/Distraction,4430818,23.1,12.2,0.0,0.0,0.0,0.0,3,16.5,31.7,309,Overcast,5,5,
41954,2021-06-19 22:00:00,40.619442,-73.96923,1,0,Unspecified,4431288,31.5,19.5,1.2,1.2,0.0,3.0,53,21.1,38.2,243,Drizzle: Moderate,1,1,
41955,2021-06-15 19:39:00,40.81881,-73.92828,5,0,Failure to Yield Right-of-Way,4431079,25.1,17.4,1.0,1.0,0.0,4.0,53,17.7,33.8,295,Drizzle: Moderate,5,5,
41956,2021-06-23 18:27:00,40.829914,-73.89361,0,0,Driver Inattention/Distraction,4431153,23.1,12.2,0.0,0.0,0.0,0.0,3,16.5,31.7,309,Overcast,0,0,
41957,2021-06-24 16:44:00,40.803894,-73.95821,3,0,Driver Inattention/Distraction,4431443,23.2,13.5,0.0,0.0,0.0,0.0,3,19.7,40.0,145,Overcast,3,3,
41958,2021-06-21 15:50:00,40.692623,-73.93398,1,0,,4431511,28.0,21.7,0.5,0.5,0.0,2.0,51,24.4,46.8,181,Drizzle: Light,1,1,
41959,2021-06-25 06:30:00,40.607033,-73.76075,0,0,Backing Unsafely,4430685,24.7,15.6,0.0,0.0,0.0,0.0,3,20.9,41.0,144,Overcast,0,0,
41960,2021-06-23 08:20:00,40.70154,-73.93837,0,0,Passing Too Closely,4430372,23.1,12.2,0.0,0.0,0.0,0.0,3,16.5,31.7,309,Overcast,0,0,
41961,2021-06-25 19:00:00,40.654434,-73.92139,1,0,Unspecified,4431479,24.7,15.6,0.0,0.0,0.0,0.0,3,20.9,41.0,144,Overcast,1,1,
41962,2021-06-24 13:30:00,40.651226,-73.97891,0,0,Other Vehicular,4431028,23.2,13.5,0.0,0.0,0.0,0.0,3,19.7,40.0,145,Overcast,0,0,
41963,2021-06-21 06:40:00,40.753986,-73.80769,0,0,Passing Too Closely,4431307,28.0,21.7,0.5,0.5,0.0,2.0,51,24.4,46.8,181,Drizzle: Light,0,0,
41964,2021-06-23 08:20:00,40.69451,-73.930885,1,0,Driver Inattention/Distraction,4430410,23.1,12.2,0.0,0.0,0.0,0.0,3,16.5,31.7,309,Overcast,1,1,
41965,2021-06-24 21:25:00,40.796,-73.93542,0,0,Passing Too Closely,4430750,23.2,13.5,0.0,0.0,0.0,0.0,3,19.7,40.0,145,Overcast,0,0,
41966,2021-06-23 20:40:00,40.74403,-73.85869,1,0,Turning Improperly,4431416,23.1,12.2,0.0,0.0,0.0,0.0,3,16.5,31.7,309,Overcast,1,1,
41967,2021-06-23 10:15:00,40.80556,-73.94495,0,0,Unspecified,4430454,23.1,12.2,0.0,0.0,0.0,0.0,3,16.5,31.7,309,Overcast,0,0,
41968,2021-06-24 16:15:00,40.815094,-73.81155,0,0,Driver Inattention/Distraction,4431679,23.2,13.5,0.0,0.0,0.0,0.0,3,19.7,40.0,145,Overcast,0,0,
41969,2021-06-23 09:00:00,40.79611,-73.96145,0,0,Passing Too Closely,4430179,23.1,12.2,0.0,0.0,0.0,0.0,3,16.5,31.7,309,Overcast,0,0,
41970,2021-06-24 18:20:00,40.578312,-73.96808,1,0,View Obstructed/Limited,4431241,23.2,13.5,0.0,0.0,0.0,0.0,3,19.7,40.0,145,Overcast,1,1,
41971,2021-05-27 17:49:00,40.727192,-73.89328,1,0,Driver Inattention/Distraction,4431095,27.4,18.3,2.4,2.4,0.0,3.0,61,23.5,42.1,313,Rain: Light,1,1,
41972,2021-06-22 14:00:00,40.677513,-73.95913,0,0,Other Vehicular,4431330,24.2,15.1,8.5,8.5,0.0,9.0,63,22.2,43.2,305,Rain: Moderate,0,0,
41973,2021-06-24 11:55:00,40.834415,-73.92854,0,0,Reaction to Uninvolved Vehicle,4430763,23.2,13.5,0.0,0.0,0.0,0.0,3,19.7,40.0,145,Overcast,0,0,
41974,2021-06-23 13:00:00,40.70927,-74.016495,0,0,Unspecified,4430140,23.1,12.2,0.0,0.0,0.0,0.0,3,16.5,31.7,309,Overcast,0,0,
41975,2021-06-25 02:00:00,40.724228,-74.00423,0,0,Unspecified,4431597,24.7,15.6,0.0,0.0,0.0,0.0,3,20.9,41.0,144,Overcast,0,0,
41976,2021-06-24 21:23:00,40.87916,-73.86856,1,0,Alcohol Involvement,4431393,23.2,13.5,0.0,0.0,0.0,0.0,3,19.7,40.0,145,Overcast,1,1,
41977,2021-06-25 01:11:00,40.864872,-73.90253,3,0,Traffic Control Disregarded,4430620,24.7,15.6,0.0,0.0,0.0,0.0,3,20.9,41.0,144,Overcast,3,3,
41978,2021-06-24 02:38:00,40.720318,-74.012184,0,0,Unspecified,4430634,23.2,13.5,0.0,0.0,0.0,0.0,3,19.7,40.0,145,Overcast,0,0,
41979,2021-06-24 19:00:00,40.806835,-73.924355,0,0,Unspecified,4430660,23.2,13.5,0.0,0.0,0.0,0.0,3,19.7,40.0,145,Overcast,0,0,
41980,2021-06-23 22:35:00,40.670135,-73.858055,0,0,Backing Unsafely,4430911,23.1,12.2,0.0,0.0,0.0,0.0,3,16.5,31.7,309,Overcast,0,0,
41981,2021-06-25 06:51:00,40.82815,-73.93491,0,0,Following Too Closely,4430782,24.7,15.6,0.0,0.0,0.0,0.0,3,20.9,41.0,144,Overcast,0,0,
41982,2021-06-23 10:52:00,40.79216,-73.9777,1,0,Unsafe Speed,4430171,23.1,12.2,0.0,0.0,0.0,0.0,3,16.5,31.7,309,Overcast,1,1,
41983,2021-06-23 02:20:00,40.705494,-73.776535,0,0,Driver Inattention/Distraction,4430142,23.1,12.2,0.0,0.0,0.0,0.0,3,16.5,31.7,309,Overcast,0,0,
41984,2021-06-25 08:00:00,40.660347,-73.767975,1,0,Unspecified,4431005,24.7,15.6,0.0,0.0,0.0,0.0,3,20.9,41.0,144,Overcast,1,1,
41985,2021-06-24 21:05:00,40.69999,-73.788666,0,0,Driver Inexperience,4430579,23.2,13.5,0.0,0.0,0.0,0.0,3,19.7,40.0,145,Overcast,0,0,
41986,2021-06-18 20:10:00,40.67774,-73.79755,0,0,Passing Too Closely,4430735,27.4,13.8,0.0,0.0,0.0,0.0,3,20.5,40.3,210,Overcast,0,0,
41987,2021-06-23 10:50:00,40.673626,-73.76384,0,0,Aggressive Driving/Road Rage,4430198,23.1,12.2,0.0,0.0,0.0,0.0,3,16.5,31.7,309,Overcast,0,0,
41988,2021-06-25 18:00:00,40.65526,-73.93192,0,0,Unspecified,4431116,24.7,15.6,0.0,0.0,0.0,0.0,3,20.9,41.0,144,Overcast,0,0,
41989,2021-06-23 07:25:00,40.753284,-73.90691,0,0,Passing or Lane Usage Improper,4430111,23.1,12.2,0.0,0.0,0.0,0.0,3,16.5,31.7,309,Overcast,0,0,
41990,2021-06-24 17:30:00,40.655037,-73.88797,0,0,Unspecified,4430916,23.2,13.5,0.0,0.0,0.0,0.0,3,19.7,40.0,145,Overcast,0,0,
41991,2021-06-23 21:55:00,40.637447,-74.01997,1,0,Following Too Closely,4430435,23.1,12.2,0.0,0.0,0.0,0.0,3,16.5,31.7,309,Overcast,1,1,
41992,2021-06-24 10:00:00,40.655106,-73.955246,0,0,Driver Inattention/Distraction,4431110,23.2,13.5,0.0,0.0,0.0,0.0,3,19.7,40.0,145,Overcast,0,0,
41993,2021-06-25 15:20:00,40.583023,-73.95736,0,0,Unspecified,4431245,24.7,15.6,0.0,0.0,0.0,0.0,3,20.9,41.0,144,Overcast,0,0,
41994,2021-06-20 23:35:00,40.722095,-73.77772,5,0,Fatigued/Drowsy,4430718,28.7,17.3,0.3,0.3,0.0,2.0,51,19.5,40.0,212,Drizzle: Light,5,5,
41995,2021-06-18 10:00:00,40.675354,-73.952774,0,2,Unsafe Lane Changing,4430850,27.4,13.8,0.0,0.0,0.0,0.0,3,20.5,40.3,210,Overcast,40,2,
41996,2021-06-23 19:37:00,40.80476,-73.92417,0,0,Driver Inattention/Distraction,4430298,23.1,12.2,0.0,0.0,0.0,0.0,3,16.5,31.7,309,Overcast,0,0,
41997,2021-06-22 13:50:00,40.665474,-73.9,0,0,Driver Inexperience,4430933,24.2,15.1,8.5,8.5,0.0,9.0,63,22.2,43.2,305,Rain: Moderate,0,0,
41998,2021-06-25 16:13:00,40.826275,-73.85971,0,0,Unspecified,4430965,24.7,15.6,0.0,0.0,0.0,0.0,3,20.9,41.0,144,Overcast,0,0,
41999,2021-04-22 14:16:00,40.720497,-73.9959,1,0,View Obstructed/Limited,4431323,7.9,1.3,0.0,0.0,0.0,0.0,3,34.0,64.4,289,Overcast,1,1,
42000,2021-06-04 18:40:00,40.72547,-73.72039,0,0,Driver Inattention/Distraction,4431447,25.3,17.4,6.5,6.5,0.0,10.0,61,17.9,37.8,235,Rain: Light,0,0,
42001,2021-06-25 23:36:00,40.809284,-73.92927,0,0,Unspecified,4431083,24.7,15.6,0.0,0.0,0.0,0.0,3,20.9,41.0,144,Overcast,0,0,
42002,2021-06-25 18:00:00,40.767647,-73.92078,1,0,Unspecified,4431267,24.7,15.6,0.0,0.0,0.0,0.0,3,20.9,41.0,144,Overcast,1,1,
42003,2021-06-24 05:26:00,40.7553,-73.87009,1,0,Driver Inattention/Distraction,4430325,23.2,13.5,0.0,0.0,0.0,0.0,3,19.7,40.0,145,Overcast,1,1,
42004,2021-06-24 12:00:00,40.81963,-73.946075,0,0,Driver Inattention/Distraction,4430690,23.2,13.5,0.0,0.0,0.0,0.0,3,19.7,40.0,145,Overcast,0,0,
42005,2021-06-19 06:35:00,40.72671,-73.889305,1,0,Following Too Closely,4431488,31.5,19.5,1.2,1.2,0.0,3.0,53,21.1,38.2,243,Drizzle: Moderate,1,1,
42006,2021-06-16 17:55:00,40.715706,-73.81023,0,0,Passing or Lane Usage Improper,4430703,23.1,15.1,0.0,0.0,0.0,0.0,1,20.2,40.0,317,Mainly clear,0,0,Sunny/Clear Conditions
42007,2021-06-24 10:49:00,40.645134,-73.90232,0,0,Unspecified,4430475,23.2,13.5,0.0,0.0,0.0,0.0,3,19.7,40.0,145,Overcast,0,0,
42008,2021-06-21 16:44:00,40.67879,-73.920395,2,0,Drugs (illegal),4431517,28.0,21.7,0.5,0.5,0.0,2.0,51,24.4,46.8,181,Drizzle: Light,2,2,
42009,2021-06-25 10:30:00,40.685524,-73.74998,0,0,Driver Inattention/Distraction,4430888,24.7,15.6,0.0,0.0,0.0,0.0,3,20.9,41.0,144,Overcast,0,0,
42010,2021-06-25 10:29:00,40.764683,-73.758606,0,0,Driver Inattention/Distraction,4430806,24.7,15.6,0.0,0.0,0.0,0.0,3,20.9,41.0,144,Overcast,0,0,
42011,2021-06-23 15:28:00,40.751976,-73.93197,1,0,Unspecified,4430385,23.1,12.2,0.0,0.0,0.0,0.0,3,16.5,31.7,309,Overcast,1,1,
42012,2021-06-25 14:25:00,40.742455,-73.86424,0,0,Unspecified,4431420,24.7,15.6,0.0,0.0,0.0,0.0,3,20.9,41.0,144,Overcast,0,0,
42013,2021-06-25 05:30:00,40.674377,-73.8669,0,0,Unspecified,4430905,24.7,15.6,0.0,0.0,0.0,0.0,3,20.9,41.0,144,Overcast,0,0,
42014,2021-06-25 19:00:00,40.688377,-73.733536,0,0,Unspecified,4430985,24.7,15.6,0.0,0.0,0.0,0.0,3,20.9,41.0,144,Overcast,0,0,
42015,2021-06-24 09:00:00,40.673065,-73.95586,0,0,Driver Inattention/Distraction,4431345,23.2,13.5,0.0,0.0,0.0,0.0,3,19.7,40.0,145,Overcast,0,0,
42016,2021-06-23 13:46:00,40.812744,-73.937645,0,0,Driver Inattention/Distraction,4430131,23.1,12.2,0.0,0.0,0.0,0.0,3,16.5,31.7,309,Overcast,0,0,
42017,2021-06-24 23:04:00,40.844604,-73.90348,0,0,Driver Inattention/Distraction,4430767,23.2,13.5,0.0,0.0,0.0,0.0,3,19.7,40.0,145,Overcast,0,0,
42018,2021-06-24 03:10:00,40.676495,-73.913704,1,0,Unspecified,4431372,23.2,13.5,0.0,0.0,0.0,0.0,3,19.7,40.0,145,Overcast,1,1,
42019,2021-06-23 10:00:00,40.76298,-73.735725,0,0,Backing Unsafely,4430187,23.1,12.2,0.0,0.0,0.0,0.0,3,16.5,31.7,309,Overcast,0,0,
42020,2021-06-25 17:25:00,40.69401,-73.9611,1,0,Passing or Lane Usage Improper,4431569,24.7,15.6,0.0,0.0,0.0,0.0,3,20.9,41.0,144,Overcast,1,1,
42021,2021-06-23 11:30:00,40.761173,-73.95789,0,0,Other Vehicular,4430264,23.1,12.2,0.0,0.0,0.0,0.0,3,16.5,31.7,309,Overcast,0,0,
42022,2021-06-25 03:16:00,40.60459,-74.02212,1,0,Fell Asleep,4430616,24.7,15.6,0.0,0.0,0.0,0.0,3,20.9,41.0,144,Overcast,1,1,
42023,2021-06-24 21:46:00,40.639305,-73.96213,1,0,Unspecified,4431210,23.2,13.5,0.0,0.0,0.0,0.0,3,19.7,40.0,145,Overcast,1,1,
42024,2021-06-24 09:30:00,40.889343,-73.83422,0,0,Unspecified,4431387,23.2,13.5,0.0,0.0,0.0,0.0,3,19.7,40.0,145,Overcast,0,0,
42025,2021-06-17 10:00:00,40.82499,-73.91662,0,0,Other Vehicular,4430762,23.9,12.1,0.0,0.0,0.0,0.0,3,13.4,27.4,311,Overcast,0,0,
42026,2021-06-24 19:25:00,40.81462,-73.908585,0,0,Unspecified,4430665,23.2,13.5,0.0,0.0,0.0,0.0,3,19.7,40.0,145,Overcast,0,0,
42027,2021-06-24 08:25:00,40.69149,-73.92557,1,0,Failure to Yield Right-of-Way,4430370,23.2,13.5,0.0,0.0,0.0,0.0,3,19.7,40.0,145,Overcast,1,1,
42028,2021-06-24 13:40:00,40.742443,-73.93023,0,0,Driver Inattention/Distraction,4430543,23.2,13.5,0.0,0.0,0.0,0.0,3,19.7,40.0,145,Overcast,0,0,
42029,2021-06-23 11:58:00,40.72227,-73.9411,0,0,Driver Inattention/Distraction,4430621,23.1,12.2,0.0,0.0,0.0,0.0,3,16.5,31.7,309,Overcast,0,0,
42030,2021-06-20 14:00:00,40.68149,-73.87972,1,0,Unspecified,4430794,28.7,17.3,0.3,0.3,0.0,2.0,51,19.5,40.0,212,Drizzle: Light,1,1,
42031,2021-06-23 14:24:00,40.65823,-74.00035,1,0,Other Vehicular,4430207,23.1,12.2,0.0,0.0,0.0,0.0,3,16.5,31.7,309,Overcast,1,1,
42032,2021-06-24 15:20:00,40.758644,-73.981346,0,0,Driver Inattention/Distraction,4430653,23.2,13.5,0.0,0.0,0.0,0.0,3,19.7,40.0,145,Overcast,0,0,
42033,2021-06-23 01:40:00,40.825165,-73.86699,1,0,Unsafe Speed,4430243,23.1,12.2,0.0,0.0,0.0,0.0,3,16.5,31.7,309,Overcast,1,1,
42034,2021-06-23 17:38:00,40.613792,-74.0667,0,0,Driver Inattention/Distraction,4430585,23.1,12.2,0.0,0.0,0.0,0.0,3,16.5,31.7,309,Overcast,0,0,
42035,2021-06-23 12:00:00,40.73191,-73.87124,0,0,Driver Inattention/Distraction,4430151,23.1,12.2,0.0,0.0,0.0,0.0,3,16.5,31.7,309,Overcast,0,0,
42036,2021-06-24 11:15:00,40.70089,-73.94221,0,0,Driver Inattention/Distraction,4430523,23.2,13.5,0.0,0.0,0.0,0.0,3,19.7,40.0,145,Overcast,0,0,
42037,2021-06-23 20:00:00,40.629322,-73.902596,0,0,Unspecified,4430821,23.1,12.2,0.0,0.0,0.0,0.0,3,16.5,31.7,309,Overcast,0,0,
42038,2021-06-11 22:00:00,40.727978,-73.871025,1,0,Turning Improperly,4431469,20.7,15.3,1.2,1.2,0.0,3.0,53,13.2,27.0,97,Drizzle: Moderate,1,1,
42039,2021-06-21 14:45:00,40.69223,-73.76027,1,0,Passing or Lane Usage Improper,4430838,28.0,21.7,0.5,0.5,0.0,2.0,51,24.4,46.8,181,Drizzle: Light,1,1,
42040,2021-06-23 17:25:00,40.77224,-73.92744,0,0,Unspecified,4430393,23.1,12.2,0.0,0.0,0.0,0.0,3,16.5,31.7,309,Overcast,0,0,
42041,2021-06-25 12:26:00,40.84068,-73.89828,0,0,Passing Too Closely,4431172,24.7,15.6,0.0,0.0,0.0,0.0,3,20.9,41.0,144,Overcast,0,0,
42042,2021-06-21 02:00:00,40.578117,-73.992645,0,0,Passing Too Closely,4431253,28.0,21.7,0.5,0.5,0.0,2.0,51,24.4,46.8,181,Drizzle: Light,0,0,
42043,2021-06-23 15:24:00,40.759724,-73.92061,3,0,Driver Inattention/Distraction,4430423,23.1,12.2,0.0,0.0,0.0,0.0,3,16.5,31.7,309,Overcast,3,3,
42044,2021-06-20 14:00:00,40.68257,-73.870865,0,0,Unspecified,4430937,28.7,17.3,0.3,0.3,0.0,2.0,51,19.5,40.0,212,Drizzle: Light,0,0,
42045,2021-06-22 23:45:00,40.65768,-73.887794,0,0,Unspecified,4430789,24.2,15.1,8.5,8.5,0.0,9.0,63,22.2,43.2,305,Rain: Moderate,0,0,
42046,2021-06-25 01:30:00,40.813255,-73.93028,0,0,Passing or Lane Usage Improper,4430661,24.7,15.6,0.0,0.0,0.0,0.0,3,20.9,41.0,144,Overcast,0,0,
42047,2022-07-03 10:00:00,40.617413,-74.15609,1,0,Driver Inattention/Distraction,4542885,31.2,21.0,0.0,0.0,0.0,0.0,3,15.8,31.3,341,Overcast,1,1,
42048,2021-06-22 02:59:00,40.728092,-73.78064,0,0,Driver Inattention/Distraction,4430722,24.2,15.1,8.5,8.5,0.0,9.0,63,22.2,43.2,305,Rain: Moderate,0,0,
42049,2021-06-22 21:30:00,40.734478,-73.8917,0,0,Driver Inattention/Distraction,4430969,24.2,15.1,8.5,8.5,0.0,9.0,63,22.2,43.2,305,Rain: Moderate,0,0,
42050,2021-06-25 22:00:00,40.743427,-73.775475,1,0,Other Vehicular,4430997,24.7,15.6,0.0,0.0,0.0,0.0,3,20.9,41.0,144,Overcast,1,1,
42051,2021-06-23 11:30:00,40.846474,-73.86559,0,0,Other Vehicular,4430574,23.1,12.2,0.0,0.0,0.0,0.0,3,16.5,31.7,309,Overcast,0,0,
42052,2021-06-25 09:50:00,40.828407,-73.84392,0,0,Reaction to Uninvolved Vehicle,4430831,24.7,15.6,0.0,0.0,0.0,0.0,3,20.9,41.0,144,Overcast,0,0,
42053,2021-06-23 15:50:00,40.658672,-73.90019,0,0,Unspecified,4431316,23.1,12.2,0.0,0.0,0.0,0.0,3,16.5,31.7,309,Overcast,0,0,
42054,2021-06-24 02:30:00,40.82247,-73.91677,0,0,Driver Inattention/Distraction,4430293,23.2,13.5,0.0,0.0,0.0,0.0,3,19.7,40.0,145,Overcast,0,0,
42055,2021-06-23 18:24:00,40.68838,-73.80559,1,0,Driver Inattention/Distraction,4430557,23.1,12.2,0.0,0.0,0.0,0.0,3,16.5,31.7,309,Overcast,1,1,
42056,2021-06-23 09:15:00,40.84854,-73.93753,0,0,Passing or Lane Usage Improper,4430319,23.1,12.2,0.0,0.0,0.0,0.0,3,16.5,31.7,309,Overcast,0,0,
42057,2021-06-15 20:55:00,40.83566,-73.840034,1,0,Unspecified,4430860,25.1,17.4,1.0,1.0,0.0,4.0,53,17.7,33.8,295,Drizzle: Moderate,1,1,
42058,2021-06-25 12:09:00,40.72935,-73.910194,1,0,Unsafe Lane Changing,4431494,24.7,15.6,0.0,0.0,0.0,0.0,3,20.9,41.0,144,Overcast,1,1,
42059,2021-06-16 10:00:00,40.718445,-73.808624,3,0,Driver Inattention/Distraction,4430694,23.1,15.1,0.0,0.0,0.0,0.0,1,20.2,40.0,317,Mainly clear,3,3,Sunny/Clear Conditions
42060,2021-06-25 08:30:00,40.675045,-73.892235,0,0,Following Too Closely,4430920,24.7,15.6,0.0,0.0,0.0,0.0,3,20.9,41.0,144,Overcast,0,0,
42061,2021-06-07 23:18:00,40.69165,-73.779205,0,0,Passing Too Closely,4431277,31.0,20.7,0.1,0.1,0.0,1.0,51,16.5,34.9,204,Drizzle: Light,0,0,
42062,2021-06-16 07:08:00,40.670734,-73.93373,0,0,Passing or Lane Usage Improper,4431554,23.1,15.1,0.0,0.0,0.0,0.0,1,20.2,40.0,317,Mainly clear,0,0,Sunny/Clear Conditions
42063,2021-06-23 07:54:00,40.679184,-73.941284,0,0,Unsafe Speed,4431296,23.1,12.2,0.0,0.0,0.0,0.0,3,16.5,31.7,309,Overcast,0,0,
42064,2021-06-23 17:00:00,40.640774,-74.02917,0,0,Unspecified,4431427,23.1,12.2,0.0,0.0,0.0,0.0,3,16.5,31.7,309,Overcast,0,0,