,CRASH DATETIME,LATITUDE,LONGITUDE,NUMBER OF PERSONS INJURED,NUMBER OF PERSONS KILLED,CONTRIBUTING FACTOR VEHICLE 1,COLLISION_ID,temperature_2m_max,temperature_2m_min,precipitation_sum,rain_sum,snowfall_sum,precipitation_hours,weather_code,wind_speed_10m_max,wind_gusts_10m_max,wind_direction_10m_dominant,Weather Description,Severity_Score,Total_Affected_Persons,Weather_Category
42065,2021-06-24 22:21:00,40.63418,-73.89792,2,0,Traffic Control Disregarded,4430826,23.2,13.5,0.0,0.0,0.0,0.0,3,19.7,40.0,145,Overcast,2,2,
42066,2021-06-25 17:35:00,40.663567,-73.734474,0,0,Passing or Lane Usage Improper,4430948,24.7,15.6,0.0,0.0,0.0,0.0,3,20.9,41.0,144,Overcast,0,0,
42067,2021-06-25 17:29:00,40.760822,-73.99832,0,0,Oversized Vehicle,4431617,24.7,15.6,0.0,0.0,0.0,0.0,3,20.9,41.0,144,Overcast,0,0,
42068,2021-06-25 01:25:00,40.63529,-73.958206,1,0,Unspecified,4431203,24.7,15.6,0.0,0.0,0.0,0.0,3,20.9,41.0,144,Overcast,1,1,
42069,2021-06-23 17:20:00,40.706573,-73.922874,0,0,Driver Inattention/Distraction,4430357,23.1,12.2,0.0,0.0,0.0,0.0,3,16.5,31.7,309,Overcast,0,0,
42070,2021-06-24 16:12:00,40.741234,-73.84573,0,0,Unspecified,4430743,23.2,13.5,0.0,0.0,0.0,0.0,3,19.7,40.0,145,Overcast,0,0,
42071,2021-06-24 20:53:00,40.817875,-73.89333,0,0,Unspecified,4431065,23.2,13.5,0.0,0.0,0.0,0.0,3,19.7,40.0,145,Overcast,0,0,
42072,2021-06-24 16:00:00,40.65603,-73.84974,1,0,Traffic Control Disregarded,4430612,23.2,13.5,0.0,0.0,0.0,0.0,3,19.7,40.0,145,Overcast,1,1,
42073,2021-06-23 13:10:00,40.784103,-73.84854,0,0,Passing Too Closely,4430217,23.1,12.2,0.0,0.0,0.0,0.0,3,16.5,31.7,309,Overcast,0,0,
42074,2021-06-22 14:30:00,40.665535,-73.93699,0,0,Other Vehicular,4430981,24.2,15.1,8.5,8.5,0.0,9.0,63,22.2,43.2,305,Rain: Moderate,0,0,
42075,2021-06-21 10:00:00,40.70008,-73.89951,4,0,Traffic Control Disregarded,4431381,28.0,21.7,0.5,0.5,0.0,2.0,51,24.4,46.8,181,Drizzle: Light,4,4,
42076,2021-06-25 23:15:00,40.761272,-73.95571,0,0,Following Too Closely,4431071,24.7,15.6,0.0,0.0,0.0,0.0,3,20.9,41.0,144,Overcast,0,0,
42077,2021-06-25 09:40:00,40.634827,-73.9344,1,0,Unspecified,4431127,24.7,15.6,0.0,0.0,0.0,0.0,3,20.9,41.0,144,Overcast,1,1,
42078,2021-06-24 10:00:00,40.717754,-73.75815,1,0,Following Too Closely,4430529,23.2,13.5,0.0,0.0,0.0,0.0,3,19.7,40.0,145,Overcast,1,1,
42079,2021-06-24 23:23:00,40.668568,-73.944046,1,0,Unsafe Speed,4430625,23.2,13.5,0.0,0.0,0.0,0.0,3,19.7,40.0,145,Overcast,1,1,
42080,2021-06-18 15:20:00,40.6974,-73.80952,0,0,Driver Inattention/Distraction,4431534,27.4,13.8,0.0,0.0,0.0,0.0,3,20.5,40.3,210,Overcast,0,0,
42081,2021-06-23 17:30:00,40.667473,-73.90796,1,0,Aggressive Driving/Road Rage,4431368,23.1,12.2,0.0,0.0,0.0,0.0,3,16.5,31.7,309,Overcast,1,1,
42082,2021-06-22 17:20:00,40.85458,-73.9162,1,0,Failure to Yield Right-of-Way,4430799,24.2,15.1,8.5,8.5,0.0,9.0,63,22.2,43.2,305,Rain: Moderate,1,1,
42083,2022-01-08 15:55:00,40.76027,-73.83049,1,0,Failure to Yield Right-of-Way,4492918,-3.3,-8.4,0.0,0.0,0.0,0.0,1,21.6,37.8,277,Mainly clear,1,1,Sunny/Clear Conditions
42084,2021-06-25 22:00:00,40.82406,-73.92815,1,0,Passing or Lane Usage Improper,4431216,24.7,15.6,0.0,0.0,0.0,0.0,3,20.9,41.0,144,Overcast,1,1,
42085,2021-06-23 21:30:00,40.74673,-73.853226,0,0,Passing Too Closely,4430742,23.1,12.2,0.0,0.0,0.0,0.0,3,16.5,31.7,309,Overcast,0,0,
42086,2021-06-24 00:56:00,40.814487,-73.95547,1,0,Following Too Closely,4430258,23.2,13.5,0.0,0.0,0.0,0.0,3,19.7,40.0,145,Overcast,1,1,
42087,2021-06-23 23:47:00,40.68657,-73.83794,0,0,Passing or Lane Usage Improper,4430338,23.1,12.2,0.0,0.0,0.0,0.0,3,16.5,31.7,309,Overcast,0,0,
42088,2021-06-25 18:49:00,40.84267,-73.8543,1,0,Other Vehicular,4431014,24.7,15.6,0.0,0.0,0.0,0.0,3,20.9,41.0,144,Overcast,1,1,
42089,2021-06-24 17:50:00,40.82572,-73.92716,0,0,Turning Improperly,4430757,23.2,13.5,0.0,0.0,0.0,0.0,3,19.7,40.0,145,Overcast,0,0,
42090,2021-06-25 11:01:00,40.810352,-73.9457,3,0,Driver Inattention/Distraction,4431649,24.7,15.6,0.0,0.0,0.0,0.0,3,20.9,41.0,144,Overcast,3,3,
42091,2021-06-23 14:05:00,40.723835,-73.97357,0,0,Following Too Closely,4430312,23.1,12.2,0.0,0.0,0.0,0.0,3,16.5,31.7,309,Overcast,0,0,
42092,2021-06-24 16:49:00,40.74119,-73.79279,0,0,Turning Improperly,4430562,23.2,13.5,0.0,0.0,0.0,0.0,3,19.7,40.0,145,Overcast,0,0,
42093,2021-06-21 11:00:00,40.781113,-73.953415,0,0,Following Too Closely,4430774,28.0,21.7,0.5,0.5,0.0,2.0,51,24.4,46.8,181,Drizzle: Light,0,0,
42094,2021-06-23 02:58:00,40.63761,-73.96754,0,0,Alcohol Involvement,4429964,23.1,12.2,0.0,0.0,0.0,0.0,3,16.5,31.7,309,Overcast,0,0,
42095,2021-06-24 23:00:00,40.71232,-73.73202,0,0,Driver Inattention/Distraction,4430593,23.2,13.5,0.0,0.0,0.0,0.0,3,19.7,40.0,145,Overcast,0,0,
42096,2021-06-19 13:30:00,40.879414,-73.833565,0,0,Unspecified,4431341,31.5,19.5,1.2,1.2,0.0,3.0,53,21.1,38.2,243,Drizzle: Moderate,0,0,
42097,2021-06-24 18:44:00,40.73832,-73.70374,4,0,Driver Inattention/Distraction,4430853,23.2,13.5,0.0,0.0,0.0,0.0,3,19.7,40.0,145,Overcast,4,4,
42098,2021-06-24 23:15:00,40.824352,-73.82022,2,0,Unspecified,4430873,23.2,13.5,0.0,0.0,0.0,0.0,3,19.7,40.0,145,Overcast,2,2,
42099,2021-06-24 12:30:00,40.762966,-73.973976,0,0,Driver Inattention/Distraction,4430648,23.2,13.5,0.0,0.0,0.0,0.0,3,19.7,40.0,145,Overcast,0,0,
42100,2021-06-23 11:05:00,40.793716,-73.80704,1,0,Pedestrian/Bicyclist/Other Pedestrian Error/Confusion,4430236,23.1,12.2,0.0,0.0,0.0,0.0,3,16.5,31.7,309,Overcast,1,1,
42101,2021-06-23 15:43:00,40.56111,-74.16194,1,0,Failure to Yield Right-of-Way,4430500,23.1,12.2,0.0,0.0,0.0,0.0,3,16.5,31.7,309,Overcast,1,1,
42102,2021-06-24 13:35:00,40.719624,-74.00864,0,0,Backing Unsafely,4430643,23.2,13.5,0.0,0.0,0.0,0.0,3,19.7,40.0,145,Overcast,0,0,
42103,2021-06-24 17:26:00,40.86268,-73.90905,0,0,Unsafe Speed,4430624,23.2,13.5,0.0,0.0,0.0,0.0,3,19.7,40.0,145,Overcast,0,0,
42104,2021-06-24 10:00:00,40.642864,-74.01266,0,0,Unspecified,4430550,23.2,13.5,0.0,0.0,0.0,0.0,3,19.7,40.0,145,Overcast,0,0,
42105,2021-06-23 12:10:00,40.86226,-73.89589,1,0,Traffic Control Disregarded,4430798,23.1,12.2,0.0,0.0,0.0,0.0,3,16.5,31.7,309,Overcast,1,1,
42106,2021-06-23 04:30:00,40.6893,-73.943405,0,0,Unspecified,4430049,23.1,12.2,0.0,0.0,0.0,0.0,3,16.5,31.7,309,Overcast,0,0,
42107,2021-06-25 08:20:00,40.7267,-73.90034,0,0,Failure to Yield Right-of-Way,4431461,24.7,15.6,0.0,0.0,0.0,0.0,3,20.9,41.0,144,Overcast,0,0,
42108,2021-06-24 18:10:00,40.707016,-73.79826,0,0,Unsafe Speed,4430568,23.2,13.5,0.0,0.0,0.0,0.0,3,19.7,40.0,145,Overcast,0,0,
42109,2021-06-23 10:49:00,40.770153,-73.81313,1,0,Failure to Yield Right-of-Way,4430216,23.1,12.2,0.0,0.0,0.0,0.0,3,16.5,31.7,309,Overcast,1,1,
42110,2021-06-23 15:00:00,40.60242,-73.99459,0,0,Unspecified,4430313,23.1,12.2,0.0,0.0,0.0,0.0,3,16.5,31.7,309,Overcast,0,0,
42111,2021-06-23 08:50:00,40.702976,-73.85876,0,0,Glare,4431501,23.1,12.2,0.0,0.0,0.0,0.0,3,16.5,31.7,309,Overcast,0,0,
42112,2021-06-23 18:00:00,40.660656,-73.885796,1,0,Failure to Yield Right-of-Way,4430785,23.1,12.2,0.0,0.0,0.0,0.0,3,16.5,31.7,309,Overcast,1,1,
42113,2021-06-25 23:30:00,40.557735,-74.1807,0,0,Driver Inattention/Distraction,4431043,24.7,15.6,0.0,0.0,0.0,0.0,3,20.9,41.0,144,Overcast,0,0,
42114,2021-06-24 14:15:00,40.84935,-73.8712,0,0,Driver Inattention/Distraction,4430599,23.2,13.5,0.0,0.0,0.0,0.0,3,19.7,40.0,145,Overcast,0,0,
42115,2021-06-25 11:30:00,40.781506,-73.816956,0,0,Passing or Lane Usage Improper,4430875,24.7,15.6,0.0,0.0,0.0,0.0,3,20.9,41.0,144,Overcast,0,0,
42116,2021-06-24 21:30:00,40.709087,-74.00781,0,0,Unspecified,4431015,23.2,13.5,0.0,0.0,0.0,0.0,3,19.7,40.0,145,Overcast,0,0,
42117,2021-06-25 15:30:00,40.750256,-73.938644,0,0,Driver Inattention/Distraction,4430892,24.7,15.6,0.0,0.0,0.0,0.0,3,20.9,41.0,144,Overcast,0,0,
42118,2021-06-24 08:30:00,40.75325,-73.9123,0,0,Unspecified,4431258,23.2,13.5,0.0,0.0,0.0,0.0,3,19.7,40.0,145,Overcast,0,0,
42119,2021-06-23 17:55:00,40.69811,-73.91713,0,0,Driver Inattention/Distraction,4430252,23.1,12.2,0.0,0.0,0.0,0.0,3,16.5,31.7,309,Overcast,0,0,
42120,2021-06-24 10:30:00,40.59366,-73.98469,0,0,Passing Too Closely,4430490,23.2,13.5,0.0,0.0,0.0,0.0,3,19.7,40.0,145,Overcast,0,0,
42121,2021-06-24 16:42:00,40.666008,-73.789536,1,0,Passing Too Closely,4431192,23.2,13.5,0.0,0.0,0.0,0.0,3,19.7,40.0,145,Overcast,1,1,
42122,2021-06-25 13:25:00,40.645462,-73.974266,0,0,Unspecified,4431284,24.7,15.6,0.0,0.0,0.0,0.0,3,20.9,41.0,144,Overcast,0,0,
42123,2021-06-23 05:59:00,40.730537,-73.8013,0,0,Driver Inattention/Distraction,4430727,23.1,12.2,0.0,0.0,0.0,0.0,3,16.5,31.7,309,Overcast,0,0,
42124,2021-06-24 16:25:00,40.567642,-74.10421,0,0,Unspecified,4430527,23.2,13.5,0.0,0.0,0.0,0.0,3,19.7,40.0,145,Overcast,0,0,
42125,2021-06-24 20:58:00,40.86268,-73.90905,0,0,Alcohol Involvement,4430712,23.2,13.5,0.0,0.0,0.0,0.0,3,19.7,40.0,145,Overcast,0,0,
42126,2021-06-25 12:40:00,40.777653,-73.81143,1,0,Failure to Yield Right-of-Way,4430880,24.7,15.6,0.0,0.0,0.0,0.0,3,20.9,41.0,144,Overcast,1,1,
42127,2021-06-23 15:10:00,40.731575,-73.92484,0,0,Driverless/Runaway Vehicle,4430286,23.1,12.2,0.0,0.0,0.0,0.0,3,16.5,31.7,309,Overcast,0,0,
42128,2021-06-24 14:10:00,40.654137,-73.91234,0,0,Failure to Yield Right-of-Way,4431105,23.2,13.5,0.0,0.0,0.0,0.0,3,19.7,40.0,145,Overcast,0,0,
42129,2021-06-25 07:44:00,40.757374,-73.90369,0,0,Unspecified,4431263,24.7,15.6,0.0,0.0,0.0,0.0,3,20.9,41.0,144,Overcast,0,0,
42130,2021-06-24 15:45:00,40.78176,-73.944145,0,0,Passing or Lane Usage Improper,4430677,23.2,13.5,0.0,0.0,0.0,0.0,3,19.7,40.0,145,Overcast,0,0,
42131,2021-06-25 14:10:00,40.64445,-74.07683,0,0,Passing or Lane Usage Improper,4431440,24.7,15.6,0.0,0.0,0.0,0.0,3,20.9,41.0,144,Overcast,0,0,
42132,2021-06-25 01:27:00,40.841843,-73.94539,0,0,Driver Inattention/Distraction,4431536,24.7,15.6,0.0,0.0,0.0,0.0,3,20.9,41.0,144,Overcast,0,0,
42133,2021-06-22 07:28:00,40.884968,-73.830345,0,0,Driver Inattention/Distraction,4431411,24.2,15.1,8.5,8.5,0.0,9.0,63,22.2,43.2,305,Rain: Moderate,0,0,
42134,2021-06-18 22:40:00,40.726524,-73.99585,0,0,Turning Improperly,4431151,27.4,13.8,0.0,0.0,0.0,0.0,3,20.5,40.3,210,Overcast,0,0,
42135,2021-06-24 22:18:00,40.640556,-73.999756,0,0,Accelerator Defective,4431303,23.2,13.5,0.0,0.0,0.0,0.0,3,19.7,40.0,145,Overcast,0,0,
42136,2021-06-25 17:57:00,40.62048,-73.91736,1,0,Unspecified,4431524,24.7,15.6,0.0,0.0,0.0,0.0,3,20.9,41.0,144,Overcast,1,1,
42137,2021-06-24 09:13:00,40.78274,-73.94755,0,0,Driver Inattention/Distraction,4430635,23.2,13.5,0.0,0.0,0.0,0.0,3,19.7,40.0,145,Overcast,0,0,
42138,2021-06-23 14:15:00,40.630302,-74.08141,1,0,Driver Inattention/Distraction,4430584,23.1,12.2,0.0,0.0,0.0,0.0,3,16.5,31.7,309,Overcast,1,1,
42139,2021-06-22 09:00:00,40.681625,-73.912346,0,0,Unspecified,4431357,24.2,15.1,8.5,8.5,0.0,9.0,63,22.2,43.2,305,Rain: Moderate,0,0,
42140,2021-06-16 12:00:00,40.70963,-73.814545,0,0,Passing or Lane Usage Improper,4430695,23.1,15.1,0.0,0.0,0.0,0.0,1,20.2,40.0,317,Mainly clear,0,0,Sunny/Clear Conditions
42141,2021-06-23 08:00:00,40.728806,-73.84033,0,0,Reaction to Uninvolved Vehicle,4430150,23.1,12.2,0.0,0.0,0.0,0.0,3,16.5,31.7,309,Overcast,0,0,
42142,2021-06-23 12:06:00,40.617924,-73.93174,0,0,Unspecified,4430173,23.1,12.2,0.0,0.0,0.0,0.0,3,16.5,31.7,309,Overcast,0,0,
42143,2021-06-24 10:20:00,40.66838,-73.885475,0,0,Unsafe Speed,4430944,23.2,13.5,0.0,0.0,0.0,0.0,3,19.7,40.0,145,Overcast,0,0,
42144,2021-06-23 20:30:00,40.64301,-73.96382,0,0,Driver Inattention/Distraction,4430389,23.1,12.2,0.0,0.0,0.0,0.0,3,16.5,31.7,309,Overcast,0,0,
42145,2021-06-24 23:58:00,40.626568,-73.970924,0,0,Unspecified,4431295,23.2,13.5,0.0,0.0,0.0,0.0,3,19.7,40.0,145,Overcast,0,0,
42146,2021-06-21 18:30:00,40.658577,-73.89063,0,0,Unsafe Lane Changing,4430907,28.0,21.7,0.5,0.5,0.0,2.0,51,24.4,46.8,181,Drizzle: Light,0,0,
42147,2021-06-23 08:40:00,40.801754,-73.93121,1,0,Failure to Yield Right-of-Way,4430738,23.1,12.2,0.0,0.0,0.0,0.0,3,16.5,31.7,309,Overcast,1,1,
42148,2021-06-24 17:00:00,40.716698,-73.95134,0,0,Driver Inattention/Distraction,4430629,23.2,13.5,0.0,0.0,0.0,0.0,3,19.7,40.0,145,Overcast,0,0,
42149,2021-06-25 08:40:00,40.713436,-73.76119,1,0,Failure to Yield Right-of-Way,4430770,24.7,15.6,0.0,0.0,0.0,0.0,3,20.9,41.0,144,Overcast,1,1,
42150,2021-06-23 19:00:00,40.75977,-73.91378,0,0,Unspecified,4430467,23.1,12.2,0.0,0.0,0.0,0.0,3,16.5,31.7,309,Overcast,0,0,
42151,2021-06-22 19:20:00,40.608543,-74.08886,0,0,Passing or Lane Usage Improper,4430753,24.2,15.1,8.5,8.5,0.0,9.0,63,22.2,43.2,305,Rain: Moderate,0,0,
42152,2021-06-25 20:50:00,40.610077,-74.00732,1,0,Unspecified,4431072,24.7,15.6,0.0,0.0,0.0,0.0,3,20.9,41.0,144,Overcast,1,1,
42153,2021-06-25 23:33:00,40.6707,-73.77366,2,0,Failure to Yield Right-of-Way,4430977,24.7,15.6,0.0,0.0,0.0,0.0,3,20.9,41.0,144,Overcast,2,2,
42154,2021-06-21 13:16:00,40.763897,-73.95323,0,0,Driver Inattention/Distraction,4430775,28.0,21.7,0.5,0.5,0.0,2.0,51,24.4,46.8,181,Drizzle: Light,0,0,
42155,2021-06-25 00:50:00,40.724968,-73.840355,0,0,Unspecified,4430607,24.7,15.6,0.0,0.0,0.0,0.0,3,20.9,41.0,144,Overcast,0,0,
42156,2021-06-25 18:15:00,40.58036,-73.96761,0,0,Unspecified,4431249,24.7,15.6,0.0,0.0,0.0,0.0,3,20.9,41.0,144,Overcast,0,0,
42157,2021-06-23 13:15:00,40.70789,-73.84652,0,0,Traffic Control Disregarded,4430132,23.1,12.2,0.0,0.0,0.0,0.0,3,16.5,31.7,309,Overcast,0,0,
42158,2021-06-23 13:52:00,40.68097,-73.98364,0,0,Backing Unsafely,4430343,23.1,12.2,0.0,0.0,0.0,0.0,3,16.5,31.7,309,Overcast,0,0,
42159,2021-06-24 00:20:00,40.7684,-73.99093,0,0,Driver Inattention/Distraction,4430394,23.2,13.5,0.0,0.0,0.0,0.0,3,19.7,40.0,145,Overcast,0,0,
42160,2021-06-25 20:32:00,40.64412,-73.98907,0,0,Unspecified,4431289,24.7,15.6,0.0,0.0,0.0,0.0,3,20.9,41.0,144,Overcast,0,0,
42161,2021-06-25 14:30:00,40.59565,-73.908165,1,0,Following Too Closely,4431122,24.7,15.6,0.0,0.0,0.0,0.0,3,20.9,41.0,144,Overcast,1,1,
42162,2021-06-23 14:25:00,40.553314,-74.1634,1,0,Failure to Yield Right-of-Way,4430167,23.1,12.2,0.0,0.0,0.0,0.0,3,16.5,31.7,309,Overcast,1,1,
42163,2021-06-24 00:54:00,40.682228,-73.814156,0,0,Steering Failure,4430263,23.2,13.5,0.0,0.0,0.0,0.0,3,19.7,40.0,145,Overcast,0,0,
42164,2021-06-24 17:46:00,40.666935,-73.77734,1,0,Driver Inattention/Distraction,4431446,23.2,13.5,0.0,0.0,0.0,0.0,3,19.7,40.0,145,Overcast,1,1,
42165,2021-06-19 16:15:00,40.667465,-73.77176,0,0,Following Too Closely,4430813,31.5,19.5,1.2,1.2,0.0,3.0,53,21.1,38.2,243,Drizzle: Moderate,0,0,
42166,2021-06-24 15:07:00,40.816864,-73.882744,0,0,Unspecified,4430544,23.2,13.5,0.0,0.0,0.0,0.0,3,19.7,40.0,145,Overcast,0,0,
42167,2021-06-24 06:40:00,40.66077,-73.89231,0,0,Unspecified,4430912,23.2,13.5,0.0,0.0,0.0,0.0,3,19.7,40.0,145,Overcast,0,0,
42168,2021-06-25 10:40:00,40.816284,-73.8453,0,0,Unspecified,4430830,24.7,15.6,0.0,0.0,0.0,0.0,3,20.9,41.0,144,Overcast,0,0,
42169,2021-06-24 15:19:00,40.62111,-74.00565,0,0,Unspecified,4430572,23.2,13.5,0.0,0.0,0.0,0.0,3,19.7,40.0,145,Overcast,0,0,
42170,2021-06-23 13:20:00,40.66437,-73.769875,0,0,Driver Inattention/Distraction,4430222,23.1,12.2,0.0,0.0,0.0,0.0,3,16.5,31.7,309,Overcast,0,0,
42171,2021-06-25 21:35:00,40.832767,-73.82932,1,0,Unspecified,4430971,24.7,15.6,0.0,0.0,0.0,0.0,3,20.9,41.0,144,Overcast,1,1,
42172,2021-06-06 19:00:00,40.88302,-73.85325,1,0,Unspecified,4431385,31.0,20.0,0.0,0.0,0.0,0.0,1,16.6,32.4,222,Mainly clear,1,1,Sunny/Clear Conditions
42173,2021-06-24 16:00:00,40.658417,-73.90978,0,0,Unspecified,4431344,23.2,13.5,0.0,0.0,0.0,0.0,3,19.7,40.0,145,Overcast,0,0,
42174,2021-06-24 13:27:00,40.824184,-73.937225,0,0,Other Vehicular,4430781,23.2,13.5,0.0,0.0,0.0,0.0,3,19.7,40.0,145,Overcast,0,0,
42175,2021-06-24 04:14:00,40.867393,-73.89487,0,0,Other Vehicular,4430273,23.2,13.5,0.0,0.0,0.0,0.0,3,19.7,40.0,145,Overcast,0,0,
42176,2021-06-24 16:45:00,40.698414,-73.984,0,0,Backing Unsafely,4430670,23.2,13.5,0.0,0.0,0.0,0.0,3,19.7,40.0,145,Overcast,0,0,
42177,2021-06-25 13:05:00,40.648533,-74.01752,0,0,Turning Improperly,4431021,24.7,15.6,0.0,0.0,0.0,0.0,3,20.9,41.0,144,Overcast,0,0,
42178,2021-06-21 19:35:00,40.66127,-73.896065,0,0,Failure to Yield Right-of-Way,4430929,28.0,21.7,0.5,0.5,0.0,2.0,51,24.4,46.8,181,Drizzle: Light,0,0,
42179,2021-06-24 19:19:00,40.69822,-73.943954,1,0,Failure to Yield Right-of-Way,4431309,23.2,13.5,0.0,0.0,0.0,0.0,3,19.7,40.0,145,Overcast,1,1,
42180,2021-06-13 20:05:00,40.903763,-73.84325,0,0,Traffic Control Disregarded,4431403,23.9,15.0,0.2,0.2,0.0,2.0,51,17.7,35.6,185,Drizzle: Light,0,0,
42181,2021-06-20 13:50:00,40.739964,-73.70071,0,0,Unspecified,4430807,28.7,17.3,0.3,0.3,0.0,2.0,51,19.5,40.0,212,Drizzle: Light,0,0,
42182,2021-06-25 06:39:00,40.713795,-74.008835,0,0,Unspecified,4430839,24.7,15.6,0.0,0.0,0.0,0.0,3,20.9,41.0,144,Overcast,0,0,
42183,2021-06-25 10:10:00,40.738796,-73.97716,0,0,Driver Inattention/Distraction,4431179,24.7,15.6,0.0,0.0,0.0,0.0,3,20.9,41.0,144,Overcast,0,0,
42184,2021-06-25 13:00:00,40.70359,-74.01254,0,0,Passing or Lane Usage Improper,4431059,24.7,15.6,0.0,0.0,0.0,0.0,3,20.9,41.0,144,Overcast,0,0,
42185,2021-06-25 14:55:00,40.662743,-73.981735,1,0,Lost Consciousness,4430897,24.7,15.6,0.0,0.0,0.0,0.0,3,20.9,41.0,144,Overcast,1,1,
42186,2021-06-25 19:00:00,40.676132,-73.81924,1,0,Following Too Closely,4431096,24.7,15.6,0.0,0.0,0.0,0.0,3,20.9,41.0,144,Overcast,1,1,
42187,2021-06-23 06:40:00,40.744465,-73.77179,0,0,Unspecified,4431331,23.1,12.2,0.0,0.0,0.0,0.0,3,16.5,31.7,309,Overcast,0,0,
42188,2021-06-24 17:15:00,40.760773,-73.984474,1,0,Following Too Closely,4430664,23.2,13.5,0.0,0.0,0.0,0.0,3,19.7,40.0,145,Overcast,1,1,
42189,2021-06-18 23:35:00,40.84211,-73.82557,0,0,Unspecified,4431603,27.4,13.8,0.0,0.0,0.0,0.0,3,20.5,40.3,210,Overcast,0,0,
42190,2021-06-25 00:10:00,40.747814,-73.9405,0,0,Driver Inattention/Distraction,4430617,24.7,15.6,0.0,0.0,0.0,0.0,3,20.9,41.0,144,Overcast,0,0,
42191,2021-06-24 17:00:00,40.667236,-73.770004,0,0,Following Too Closely,4430534,23.2,13.5,0.0,0.0,0.0,0.0,3,19.7,40.0,145,Overcast,0,0,
42192,2021-06-25 15:05:00,40.67298,-73.88852,0,0,Traffic Control Disregarded,4430924,24.7,15.6,0.0,0.0,0.0,0.0,3,20.9,41.0,144,Overcast,0,0,
42193,2021-06-17 14:30:00,40.81457,-73.931,0,0,Driver Inexperience,4431078,23.9,12.1,0.0,0.0,0.0,0.0,3,13.4,27.4,311,Overcast,0,0,
42194,2021-06-24 23:53:00,40.6599,-73.916046,1,0,Failure to Yield Right-of-Way,4431377,23.2,13.5,0.0,0.0,0.0,0.0,3,19.7,40.0,145,Overcast,1,1,
42195,2021-06-24 13:20:00,40.804993,-73.911354,0,0,Other Vehicular,4430657,23.2,13.5,0.0,0.0,0.0,0.0,3,19.7,40.0,145,Overcast,0,0,
42196,2021-06-25 10:22:00,40.85569,-73.881035,1,0,Other Vehicular,4431004,24.7,15.6,0.0,0.0,0.0,0.0,3,20.9,41.0,144,Overcast,1,1,
42197,2021-06-22 11:24:00,40.681686,-73.92469,0,0,Unspecified,4431516,24.2,15.1,8.5,8.5,0.0,9.0,63,22.2,43.2,305,Rain: Moderate,0,0,
42198,2021-06-25 19:15:00,40.7315,-73.872086,0,0,Other Vehicular,4430961,24.7,15.6,0.0,0.0,0.0,0.0,3,20.9,41.0,144,Overcast,0,0,
42199,2021-06-25 00:10:00,40.649277,-73.94361,0,0,Unspecified,4431118,24.7,15.6,0.0,0.0,0.0,0.0,3,20.9,41.0,144,Overcast,0,0,
42200,2021-06-21 18:51:00,40.8178,-73.9456,0,0,Driver Inattention/Distraction,4431613,28.0,21.7,0.5,0.5,0.0,2.0,51,24.4,46.8,181,Drizzle: Light,0,0,
42201,2021-06-24 16:20:00,40.832695,-73.94972,0,0,Driver Inattention/Distraction,4430749,23.2,13.5,0.0,0.0,0.0,0.0,3,19.7,40.0,145,Overcast,0,0,
42202,2021-06-23 13:40:00,40.88839,-73.84666,1,0,Driver Inattention/Distraction,4430463,23.1,12.2,0.0,0.0,0.0,0.0,3,16.5,31.7,309,Overcast,1,1,
42203,2021-06-23 13:12:00,40.607628,-73.9639,3,0,Unspecified,4431691,23.1,12.2,0.0,0.0,0.0,0.0,3,16.5,31.7,309,Overcast,3,3,
42204,2021-06-24 14:50:00,40.699596,-73.7632,1,0,Following Too Closely,4430734,23.2,13.5,0.0,0.0,0.0,0.0,3,19.7,40.0,145,Overcast,1,1,
42205,2021-06-23 08:00:00,40.805767,-73.88515,0,0,Unspecified,4430199,23.1,12.2,0.0,0.0,0.0,0.0,3,16.5,31.7,309,Overcast,0,0,
42206,2021-06-09 10:14:00,40.71523,-73.822945,0,0,Unspecified,4430702,30.2,21.4,1.1,1.1,0.0,5.0,51,11.7,28.1,286,Drizzle: Light,0,0,
42207,2021-06-23 22:30:00,40.72088,-73.98797,0,0,Driver Inattention/Distraction,4430398,23.1,12.2,0.0,0.0,0.0,0.0,3,16.5,31.7,309,Overcast,0,0,
42208,2021-06-23 22:31:00,40.68341,-73.87304,1,0,Driver Inattention/Distraction,4430939,23.1,12.2,0.0,0.0,0.0,0.0,3,16.5,31.7,309,Overcast,1,1,
42209,2021-06-23 14:12:00,40.6634,-73.97785,0,0,Tire Failure/Inadequate,4430347,23.1,12.2,0.0,0.0,0.0,0.0,3,16.5,31.7,309,Overcast,0,0,
42210,2021-06-02 20:17:00,40.6784,-73.91308,0,0,Failure to Yield Right-of-Way,4431371,22.4,13.0,0.0,0.0,0.0,0.0,3,16.7,34.9,176,Overcast,0,0,
42211,2021-06-16 19:20:00,40.710777,-73.86502,2,0,Failure to Yield Right-of-Way,4430956,23.1,15.1,0.0,0.0,0.0,0.0,1,20.2,40.0,317,Mainly clear,2,2,Sunny/Clear Conditions
42212,2021-06-25 07:00:00,40.58209,-73.955185,1,0,Driver Inattention/Distraction,4431243,24.7,15.6,0.0,0.0,0.0,0.0,3,20.9,41.0,144,Overcast,1,1,
42213,2021-06-23 20:20:00,40.83511,-73.91945,0,0,Steering Failure,4430766,23.1,12.2,0.0,0.0,0.0,0.0,3,16.5,31.7,309,Overcast,0,0,
42214,2021-06-18 19:40:00,40.70509,-74.016464,1,0,Following Too Closely,4430845,27.4,13.8,0.0,0.0,0.0,0.0,3,20.5,40.3,210,Overcast,1,1,