,CRASH DATETIME,LATITUDE,LONGITUDE,NUMBER OF PERSONS INJURED,NUMBER OF PERSONS KILLED,CONTRIBUTING FACTOR VEHICLE 1,COLLISION_ID,temperature_2m_max,temperature_2m_min,precipitation_sum,rain_sum,snowfall_sum,precipitation_hours,weather_code,wind_speed_10m_max,wind_gusts_10m_max,wind_direction_10m_dominant,Weather Description,Severity_Score,Total_Affected_Persons,Weather_Category
42215,2021-06-25 16:10:00,40.829155,-73.93728,2,0,Pedestrian/Bicyclist/Other Pedestrian Error/Confusion,4431650,24.7,15.6,0.0,0.0,0.0,0.0,3,20.9,41.0,144,Overcast,2,2,
42216,2021-06-22 14:05:00,40.86258,-73.925385,0,0,Backing Unsafely,4431350,24.2,15.1,8.5,8.5,0.0,9.0,63,22.2,43.2,305,Rain: Moderate,0,0,
42217,2021-06-23 19:00:00,40.809677,-73.92021,0,0,Other Vehicular,4430297,23.1,12.2,0.0,0.0,0.0,0.0,3,16.5,31.7,309,Overcast,0,0,
42218,2021-06-25 01:00:00,40.71655,-73.94569,0,0,Unspecified,4430668,24.7,15.6,0.0,0.0,0.0,0.0,3,20.9,41.0,144,Overcast,0,0,
42219,2021-06-24 17:50:00,40.76657,-73.888466,1,0,Driver Inattention/Distraction,4430817,23.2,13.5,0.0,0.0,0.0,0.0,3,19.7,40.0,145,Overcast,1,1,
42220,2021-06-24 19:16:00,40.73028,-73.84824,0,0,Passing or Lane Usage Improper,4430577,23.2,13.5,0.0,0.0,0.0,0.0,3,19.7,40.0,145,Overcast,0,0,
42221,2021-06-23 16:30:00,40.87307,-73.84424,2,0,Unspecified,4431390,23.1,12.2,0.0,0.0,0.0,0.0,3,16.5,31.7,309,Overcast,2,2,
42222,2021-06-25 14:35:00,40.805042,-73.936935,0,0,Unspecified,4430834,24.7,15.6,0.0,0.0,0.0,0.0,3,20.9,41.0,144,Overcast,0,0,
42223,2021-06-24 01:05:00,40.75232,-73.85959,0,0,Driver Inattention/Distraction,4430324,23.2,13.5,0.0,0.0,0.0,0.0,3,19.7,40.0,145,Overcast,0,0,
42224,2021-06-24 18:20:00,40.580727,-74.0991,1,0,Failure to Yield Right-of-Way,4430535,23.2,13.5,0.0,0.0,0.0,0.0,3,19.7,40.0,145,Overcast,1,1,
42225,2022-01-08 16:30:00,40.74271,-73.99297,0,0,Unspecified,4492959,-3.3,-8.4,0.0,0.0,0.0,0.0,1,21.6,37.8,277,Mainly clear,0,0,Sunny/Clear Conditions
42226,2021-06-24 17:24:00,40.547794,-74.2171,2,0,Failure to Yield Right-of-Way,4430684,23.2,13.5,0.0,0.0,0.0,0.0,3,19.7,40.0,145,Overcast,2,2,
42227,2021-06-23 16:45:00,40.719448,-73.91193,0,0,Failure to Yield Right-of-Way,4431487,23.1,12.2,0.0,0.0,0.0,0.0,3,16.5,31.7,309,Overcast,0,0,
42228,2021-06-23 18:00:00,40.682373,-73.96162,1,0,Failure to Yield Right-of-Way,4430242,23.1,12.2,0.0,0.0,0.0,0.0,3,16.5,31.7,309,Overcast,1,1,
42229,2021-06-17 13:58:00,40.845104,-73.91494,0,0,Driver Inattention/Distraction,4430900,23.9,12.1,0.0,0.0,0.0,0.0,3,13.4,27.4,311,Overcast,0,0,
42230,2021-06-14 14:34:00,40.726986,-73.985756,0,0,Pedestrian/Bicyclist/Other Pedestrian Error/Confusion,4431165,21.4,17.5,21.7,21.7,0.0,11.0,65,21.1,48.6,154,Rain: Heavy,0,0,
42231,2021-06-24 05:52:00,40.8575,-73.849365,1,0,Failure to Yield Right-of-Way,4430469,23.2,13.5,0.0,0.0,0.0,0.0,3,19.7,40.0,145,Overcast,1,1,
42232,2021-06-20 01:35:00,40.825176,-73.83526,0,0,Unspecified,4430883,28.7,17.3,0.3,0.3,0.0,2.0,51,19.5,40.0,212,Drizzle: Light,0,0,
42233,2021-06-18 12:50:00,40.63981,-74.00761,1,0,Unspecified,4431027,27.4,13.8,0.0,0.0,0.0,0.0,3,20.5,40.3,210,Overcast,1,1,
42234,2021-06-25 10:00:00,40.74662,-73.89359,1,0,Driver Inattention/Distraction,4431419,24.7,15.6,0.0,0.0,0.0,0.0,3,20.9,41.0,144,Overcast,1,1,
42235,2021-06-13 02:18:00,40.812386,-73.90329,0,0,Driver Inattention/Distraction,4431064,23.9,15.0,0.2,0.2,0.0,2.0,51,17.7,35.6,185,Drizzle: Light,0,0,
42236,2021-06-19 03:40:00,40.63082,-73.88636,1,0,Unspecified,4430822,31.5,19.5,1.2,1.2,0.0,3.0,53,21.1,38.2,243,Drizzle: Moderate,1,1,
42237,2021-06-25 14:45:00,40.872585,-73.88128,1,0,Pedestrian/Bicyclist/Other Pedestrian Error/Confusion,4430992,24.7,15.6,0.0,0.0,0.0,0.0,3,20.9,41.0,144,Overcast,1,1,
42238,2021-06-24 22:40:00,40.784348,-73.84487,0,0,Passing or Lane Usage Improper,4430872,23.2,13.5,0.0,0.0,0.0,0.0,3,19.7,40.0,145,Overcast,0,0,
42239,2021-06-25 22:50:00,40.665257,-73.735344,0,0,Failure to Yield Right-of-Way,4430984,24.7,15.6,0.0,0.0,0.0,0.0,3,20.9,41.0,144,Overcast,0,0,
42240,2021-06-25 14:40:00,40.797813,-73.971344,0,0,Passing Too Closely,4430835,24.7,15.6,0.0,0.0,0.0,0.0,3,20.9,41.0,144,Overcast,0,0,
42241,2022-01-08 09:30:00,40.895725,-73.87482,0,0,Unspecified,4493204,-3.3,-8.4,0.0,0.0,0.0,0.0,1,21.6,37.8,277,Mainly clear,0,0,Sunny/Clear Conditions
42242,2021-06-23 11:20:00,40.68176,-73.88322,0,0,Unspecified,4430936,23.1,12.2,0.0,0.0,0.0,0.0,3,16.5,31.7,309,Overcast,0,0,
42243,2021-05-26 14:57:00,40.647644,-73.91924,0,0,Turning Improperly,4431572,29.5,17.4,0.1,0.1,0.0,1.0,51,23.4,45.7,210,Drizzle: Light,0,0,
42244,2021-06-23 14:40:00,40.731983,-73.91912,2,0,Driver Inattention/Distraction,4430893,23.1,12.2,0.0,0.0,0.0,0.0,3,16.5,31.7,309,Overcast,2,2,
42245,2021-06-24 08:07:00,40.728653,-73.895584,1,0,Unspecified,4430513,23.2,13.5,0.0,0.0,0.0,0.0,3,19.7,40.0,145,Overcast,1,1,
42246,2021-06-21 16:25:00,40.74783,-73.88208,1,0,Failure to Yield Right-of-Way,4431091,28.0,21.7,0.5,0.5,0.0,2.0,51,24.4,46.8,181,Drizzle: Light,1,1,
42247,2021-06-23 22:00:00,40.674587,-73.85931,0,0,Failure to Yield Right-of-Way,4430269,23.1,12.2,0.0,0.0,0.0,0.0,3,16.5,31.7,309,Overcast,0,0,
42248,2021-06-16 14:15:00,40.700607,-73.89692,1,0,Failure to Yield Right-of-Way,4430968,23.1,15.1,0.0,0.0,0.0,0.0,1,20.2,40.0,317,Mainly clear,1,1,Sunny/Clear Conditions
42249,2021-06-21 14:00:00,40.655853,-73.910126,0,0,Unspecified,4431321,28.0,21.7,0.5,0.5,0.0,2.0,51,24.4,46.8,181,Drizzle: Light,0,0,
42250,2021-06-23 13:53:00,40.799843,-73.94668,1,0,Traffic Control Disregarded,4430739,23.1,12.2,0.0,0.0,0.0,0.0,3,16.5,31.7,309,Overcast,1,1,
42251,2021-06-25 10:00:00,40.76641,-73.95868,0,0,Passing Too Closely,4430999,24.7,15.6,0.0,0.0,0.0,0.0,3,20.9,41.0,144,Overcast,0,0,
42252,2021-06-25 13:25:00,40.88671,-73.81529,3,0,Other Vehicular,4431670,24.7,15.6,0.0,0.0,0.0,0.0,3,20.9,41.0,144,Overcast,3,3,
42253,2021-06-25 20:00:00,40.809574,-73.91806,0,0,Unspecified,4431638,24.7,15.6,0.0,0.0,0.0,0.0,3,20.9,41.0,144,Overcast,0,0,
42254,2021-06-25 21:45:00,40.8229,-73.919075,0,0,Alcohol Involvement,4431082,24.7,15.6,0.0,0.0,0.0,0.0,3,20.9,41.0,144,Overcast,0,0,
42255,2021-06-15 05:37:00,40.789577,-73.78414,0,0,Driver Inattention/Distraction,4430861,25.1,17.4,1.0,1.0,0.0,4.0,53,17.7,33.8,295,Drizzle: Moderate,0,0,
42256,2021-06-24 13:45:00,40.777847,-73.81383,1,0,Failure to Yield Right-of-Way,4431134,23.2,13.5,0.0,0.0,0.0,0.0,3,19.7,40.0,145,Overcast,1,1,
42257,2021-06-24 09:30:00,40.856213,-73.861015,0,0,Illnes,4431008,23.2,13.5,0.0,0.0,0.0,0.0,3,19.7,40.0,145,Overcast,0,0,
42258,2021-06-25 12:42:00,40.861874,-73.89194,0,0,Passing or Lane Usage Improper,4430803,24.7,15.6,0.0,0.0,0.0,0.0,3,20.9,41.0,144,Overcast,0,0,
42259,2021-06-25 22:32:00,40.861107,-73.89028,1,0,Following Too Closely,4431634,24.7,15.6,0.0,0.0,0.0,0.0,3,20.9,41.0,144,Overcast,1,1,
42260,2021-06-24 08:26:00,40.54326,-74.19731,0,0,Driver Inattention/Distraction,4430409,23.2,13.5,0.0,0.0,0.0,0.0,3,19.7,40.0,145,Overcast,0,0,
42261,2021-06-25 12:30:00,40.637474,-74.11322,0,0,Unspecified,4431441,24.7,15.6,0.0,0.0,0.0,0.0,3,20.9,41.0,144,Overcast,0,0,
42262,2021-06-24 16:00:00,40.652527,-73.94297,0,0,Unspecified,4431112,23.2,13.5,0.0,0.0,0.0,0.0,3,19.7,40.0,145,Overcast,0,0,
42263,2021-06-23 12:09:00,40.60874,-73.74764,0,0,Failure to Yield Right-of-Way,4430107,23.1,12.2,0.0,0.0,0.0,0.0,3,16.5,31.7,309,Overcast,0,0,
42264,2021-06-23 18:10:00,40.595203,-73.75603,2,0,Failure to Yield Right-of-Way,4430331,23.1,12.2,0.0,0.0,0.0,0.0,3,16.5,31.7,309,Overcast,2,2,
42265,2021-06-25 21:03:00,40.58084,-73.938995,0,0,Unspecified,4431686,24.7,15.6,0.0,0.0,0.0,0.0,3,20.9,41.0,144,Overcast,0,0,
42266,2021-06-24 09:37:00,40.65753,-73.89797,0,0,Following Too Closely,4430915,23.2,13.5,0.0,0.0,0.0,0.0,3,19.7,40.0,145,Overcast,0,0,
42267,2021-06-23 07:48:00,40.641186,-74.02094,0,0,Unspecified,4430178,23.1,12.2,0.0,0.0,0.0,0.0,3,16.5,31.7,309,Overcast,0,0,
42268,2021-05-25 11:30:00,40.58848,-73.991875,0,0,Driver Inattention/Distraction,4431233,21.9,13.0,0.0,0.0,0.0,0.0,3,24.3,47.9,182,Overcast,0,0,
42269,2021-06-20 21:30:00,40.73945,-73.79078,0,0,Unspecified,4430717,28.7,17.3,0.3,0.3,0.0,2.0,51,19.5,40.0,212,Drizzle: Light,0,0,
42270,2021-06-17 07:20:00,40.84487,-73.92068,0,0,Following Too Closely,4430849,23.9,12.1,0.0,0.0,0.0,0.0,3,13.4,27.4,311,Overcast,0,0,
42271,2021-06-14 08:20:00,40.70458,-73.896,0,0,Unsafe Speed,4430951,21.4,17.5,21.7,21.7,0.0,11.0,65,21.1,48.6,154,Rain: Heavy,0,0,
42272,2021-06-23 22:00:00,40.695232,-73.859856,0,0,Backing Unsafely,4430339,23.1,12.2,0.0,0.0,0.0,0.0,3,16.5,31.7,309,Overcast,0,0,
42273,2021-06-23 20:15:00,40.70509,-73.7907,0,0,Passing or Lane Usage Improper,4430234,23.1,12.2,0.0,0.0,0.0,0.0,3,16.5,31.7,309,Overcast,0,0,
42274,2021-06-24 00:30:00,40.755753,-73.883514,0,0,Driver Inattention/Distraction,4430330,23.2,13.5,0.0,0.0,0.0,0.0,3,19.7,40.0,145,Overcast,0,0,
42275,2021-06-15 17:58:00,40.814102,-73.940865,0,0,Failure to Yield Right-of-Way,4430689,25.1,17.4,1.0,1.0,0.0,4.0,53,17.7,33.8,295,Drizzle: Moderate,0,0,
42276,2021-06-24 00:00:00,40.759,-73.97054,0,0,Unspecified,4430556,23.2,13.5,0.0,0.0,0.0,0.0,3,19.7,40.0,145,Overcast,0,0,
42277,2021-06-24 04:30:00,40.876976,-73.88966,0,0,Unsafe Speed,4430290,23.2,13.5,0.0,0.0,0.0,0.0,3,19.7,40.0,145,Overcast,0,0,
42278,2021-06-24 17:50:00,40.748344,-73.75872,0,0,Backing Unsafely,4430563,23.2,13.5,0.0,0.0,0.0,0.0,3,19.7,40.0,145,Overcast,0,0,
42279,2021-06-20 02:20:00,40.705765,-73.896576,3,0,Alcohol Involvement,4431495,28.7,17.3,0.3,0.3,0.0,2.0,51,19.5,40.0,212,Drizzle: Light,3,3,
42280,2021-06-24 22:51:00,40.682373,-73.96162,1,0,Unsafe Lane Changing,4430594,23.2,13.5,0.0,0.0,0.0,0.0,3,19.7,40.0,145,Overcast,1,1,
42281,2021-06-21 14:40:00,40.661873,-73.96158,0,0,Driver Inattention/Distraction,4430980,28.0,21.7,0.5,0.5,0.0,2.0,51,24.4,46.8,181,Drizzle: Light,0,0,
42282,2021-06-25 23:00:00,40.75514,-73.92213,0,0,Unspecified,4431270,24.7,15.6,0.0,0.0,0.0,0.0,3,20.9,41.0,144,Overcast,0,0,
42283,2021-06-23 17:26:00,40.536625,-74.15462,0,0,Unspecified,4430499,23.1,12.2,0.0,0.0,0.0,0.0,3,16.5,31.7,309,Overcast,0,0,
42284,2021-06-23 20:47:00,40.691456,-73.98735,1,0,Failure to Yield Right-of-Way,4430854,23.1,12.2,0.0,0.0,0.0,0.0,3,16.5,31.7,309,Overcast,1,1,
42285,2021-06-24 10:30:00,40.758537,-73.97721,0,0,Driver Inattention/Distraction,4430647,23.2,13.5,0.0,0.0,0.0,0.0,3,19.7,40.0,145,Overcast,0,0,
42286,2021-05-21 17:40:00,40.714417,-73.9011,1,0,Driver Inattention/Distraction,4431463,23.9,11.3,0.0,0.0,0.0,0.0,3,19.2,38.5,174,Overcast,1,1,
42287,2021-06-20 07:14:00,40.649582,-73.73702,1,0,Other Vehicular,4430887,28.7,17.3,0.3,0.3,0.0,2.0,51,19.5,40.0,212,Drizzle: Light,1,1,
42288,2021-06-21 11:50:00,40.683094,-73.80576,0,0,Passing Too Closely,4431011,28.0,21.7,0.5,0.5,0.0,2.0,51,24.4,46.8,181,Drizzle: Light,0,0,
42289,2021-06-24 00:00:00,40.643787,-73.969795,0,0,Driver Inattention/Distraction,4431201,23.2,13.5,0.0,0.0,0.0,0.0,3,19.7,40.0,145,Overcast,0,0,
42290,2021-06-24 20:00:00,40.736893,-73.86494,1,0,Driver Inexperience,4430744,23.2,13.5,0.0,0.0,0.0,0.0,3,19.7,40.0,145,Overcast,1,1,
42291,2021-06-25 15:21:00,40.666153,-73.89542,0,0,Driver Inattention/Distraction,4430904,24.7,15.6,0.0,0.0,0.0,0.0,3,20.9,41.0,144,Overcast,0,0,
42292,2021-06-25 22:30:00,40.68733,-73.98183,2,0,Alcohol Involvement,4431034,24.7,15.6,0.0,0.0,0.0,0.0,3,20.9,41.0,144,Overcast,2,2,
42293,2021-06-23 21:27:00,40.742737,-73.812965,1,0,Failure to Yield Right-of-Way,4430876,23.1,12.2,0.0,0.0,0.0,0.0,3,16.5,31.7,309,Overcast,1,1,
42294,2021-06-25 23:53:00,40.740017,-73.84565,0,0,Following Too Closely,4431529,24.7,15.6,0.0,0.0,0.0,0.0,3,20.9,41.0,144,Overcast,0,0,
42295,2021-06-25 22:44:00,40.684,-73.95031,1,0,Illnes,4431214,24.7,15.6,0.0,0.0,0.0,0.0,3,20.9,41.0,144,Overcast,1,1,
42296,2022-01-08 17:22:00,40.71617,-73.882385,0,0,Failure to Yield Right-of-Way,4493489,-3.3,-8.4,0.0,0.0,0.0,0.0,1,21.6,37.8,277,Mainly clear,0,0,Sunny/Clear Conditions
42297,2021-06-22 08:45:00,40.672607,-73.89992,0,0,Passing or Lane Usage Improper,4430932,24.2,15.1,8.5,8.5,0.0,9.0,63,22.2,43.2,305,Rain: Moderate,0,0,
42298,2021-06-24 11:30:00,40.676647,-73.91647,2,0,Traffic Control Disregarded,4431017,23.2,13.5,0.0,0.0,0.0,0.0,3,19.7,40.0,145,Overcast,2,2,
42299,2021-06-23 14:58:00,40.647495,-73.93286,1,0,Unspecified,4431109,23.1,12.2,0.0,0.0,0.0,0.0,3,16.5,31.7,309,Overcast,1,1,
42300,2021-06-24 15:00:00,40.888252,-73.83129,0,0,Driver Inattention/Distraction,4431402,23.2,13.5,0.0,0.0,0.0,0.0,3,19.7,40.0,145,Overcast,0,0,
42301,2021-06-22 16:30:00,40.705467,-73.90974,0,0,Failure to Yield Right-of-Way,4431473,24.2,15.1,8.5,8.5,0.0,9.0,63,22.2,43.2,305,Rain: Moderate,0,0,
42302,2021-06-25 12:18:00,40.629776,-73.994,1,0,Driver Inattention/Distraction,4431434,24.7,15.6,0.0,0.0,0.0,0.0,3,20.9,41.0,144,Overcast,1,1,
42303,2021-06-24 09:48:00,40.718987,-73.94635,0,0,Unsafe Lane Changing,4430630,23.2,13.5,0.0,0.0,0.0,0.0,3,19.7,40.0,145,Overcast,0,0,
42304,2021-06-24 23:24:00,40.843903,-73.927284,0,0,Following Too Closely,4430758,23.2,13.5,0.0,0.0,0.0,0.0,3,19.7,40.0,145,Overcast,0,0,
42305,2021-06-24 01:10:00,40.671474,-73.93088,0,0,Other Vehicular,4431553,23.2,13.5,0.0,0.0,0.0,0.0,3,19.7,40.0,145,Overcast,0,0,
42306,2021-06-24 10:00:00,40.83281,-73.88525,0,0,Passing Too Closely,4431157,23.2,13.5,0.0,0.0,0.0,0.0,3,19.7,40.0,145,Overcast,0,0,
42307,2021-06-22 20:00:00,40.71839,-73.90417,3,0,Failure to Yield Right-of-Way,4430964,24.2,15.1,8.5,8.5,0.0,9.0,63,22.2,43.2,305,Rain: Moderate,3,3,
42308,2021-06-25 09:34:00,40.603394,-73.74586,0,0,Unspecified,4430771,24.7,15.6,0.0,0.0,0.0,0.0,3,20.9,41.0,144,Overcast,0,0,
42309,2021-06-25 08:46:00,40.767612,-73.950005,0,0,Following Too Closely,4430776,24.7,15.6,0.0,0.0,0.0,0.0,3,20.9,41.0,144,Overcast,0,0,
42310,2021-06-25 14:49:00,40.628983,-74.00033,0,0,Unspecified,4431301,24.7,15.6,0.0,0.0,0.0,0.0,3,20.9,41.0,144,Overcast,0,0,
42311,2021-06-24 05:30:00,40.768547,-73.90464,0,0,Passing or Lane Usage Improper,4430395,23.2,13.5,0.0,0.0,0.0,0.0,3,19.7,40.0,145,Overcast,0,0,
42312,2021-06-23 00:00:00,40.81666,-73.888,1,0,Unspecified,4430165,23.1,12.2,0.0,0.0,0.0,0.0,3,16.5,31.7,309,Overcast,1,1,
42313,2021-06-23 13:29:00,40.595726,-74.08326,0,0,Unspecified,4430168,23.1,12.2,0.0,0.0,0.0,0.0,3,16.5,31.7,309,Overcast,0,0,
42314,2021-06-23 14:45:00,40.582287,-74.16907,0,0,Turning Improperly,4430359,23.1,12.2,0.0,0.0,0.0,0.0,3,16.5,31.7,309,Overcast,0,0,
42315,2021-06-24 10:15:00,40.69802,-73.97499,0,0,Passing Too Closely,4430591,23.2,13.5,0.0,0.0,0.0,0.0,3,19.7,40.0,145,Overcast,0,0,
42316,2021-06-23 10:00:00,40.761204,-73.75539,0,0,Following Too Closely,4430186,23.1,12.2,0.0,0.0,0.0,0.0,3,16.5,31.7,309,Overcast,0,0,
42317,2021-06-25 18:35:00,40.881542,-73.838036,0,0,Driver Inattention/Distraction,4431348,24.7,15.6,0.0,0.0,0.0,0.0,3,20.9,41.0,144,Overcast,0,0,
42318,2021-06-24 21:15:00,40.752064,-73.97351,1,0,Failure to Yield Right-of-Way,4431150,23.2,13.5,0.0,0.0,0.0,0.0,3,19.7,40.0,145,Overcast,1,1,
42319,2021-06-24 16:56:00,40.67461,-73.80428,1,0,Unsafe Speed,4430611,23.2,13.5,0.0,0.0,0.0,0.0,3,19.7,40.0,145,Overcast,1,1,
42320,2021-06-23 18:03:00,40.76031,-73.774315,1,0,Driver Inattention/Distraction,4430220,23.1,12.2,0.0,0.0,0.0,0.0,3,16.5,31.7,309,Overcast,1,1,
42321,2021-06-25 07:10:00,40.667664,-73.873695,0,0,Unspecified,4430919,24.7,15.6,0.0,0.0,0.0,0.0,3,20.9,41.0,144,Overcast,0,0,
42322,2021-06-24 00:00:00,40.81079,-73.88744,0,0,Alcohol Involvement,4431067,23.2,13.5,0.0,0.0,0.0,0.0,3,19.7,40.0,145,Overcast,0,0,
42323,2021-06-24 16:30:00,40.727947,-73.93999,0,0,Unspecified,4430628,23.2,13.5,0.0,0.0,0.0,0.0,3,19.7,40.0,145,Overcast,0,0,
42324,2021-06-23 12:39:00,40.617672,-73.99542,0,0,Driver Inattention/Distraction,4430122,23.1,12.2,0.0,0.0,0.0,0.0,3,16.5,31.7,309,Overcast,0,0,
42325,2021-06-23 15:56:00,40.67432,-73.89708,0,0,Unspecified,4430790,23.1,12.2,0.0,0.0,0.0,0.0,3,16.5,31.7,309,Overcast,0,0,
42326,2021-06-23 17:31:00,40.702,-73.93205,1,0,Unspecified,4430361,23.1,12.2,0.0,0.0,0.0,0.0,3,16.5,31.7,309,Overcast,1,1,
42327,2021-06-22 02:50:00,40.74318,-73.8355,0,0,Driver Inattention/Distraction,4430721,24.2,15.1,8.5,8.5,0.0,9.0,63,22.2,43.2,305,Rain: Moderate,0,0,
42328,2021-06-24 23:30:00,40.604927,-74.02372,0,0,Failure to Yield Right-of-Way,4431126,23.2,13.5,0.0,0.0,0.0,0.0,3,19.7,40.0,145,Overcast,0,0,
42329,2021-06-23 12:30:00,40.66803,-73.87285,0,0,Unspecified,4430947,23.1,12.2,0.0,0.0,0.0,0.0,3,16.5,31.7,309,Overcast,0,0,
42330,2021-06-21 23:04:00,40.67086,-73.87424,0,0,Unspecified,4430930,28.0,21.7,0.5,0.5,0.0,2.0,51,24.4,46.8,181,Drizzle: Light,0,0,
42331,2021-06-18 19:20:00,40.638313,-74.00663,2,0,Driver Inattention/Distraction,4431294,27.4,13.8,0.0,0.0,0.0,0.0,3,20.5,40.3,210,Overcast,2,2,
42332,2021-06-22 01:13:00,40.67492,-73.87528,1,0,Failure to Yield Right-of-Way,4430908,24.2,15.1,8.5,8.5,0.0,9.0,63,22.2,43.2,305,Rain: Moderate,1,1,
42333,2021-06-23 14:50:00,40.633713,-74.01143,0,0,Failure to Yield Right-of-Way,4431426,23.1,12.2,0.0,0.0,0.0,0.0,3,16.5,31.7,309,Overcast,0,0,
42334,2021-06-21 18:00:00,40.819523,-73.809074,0,0,Unspecified,4431605,28.0,21.7,0.5,0.5,0.0,2.0,51,24.4,46.8,181,Drizzle: Light,0,0,
42335,2021-06-23 16:10:00,40.679276,-73.92906,1,0,Traffic Control Disregarded,4430415,23.1,12.2,0.0,0.0,0.0,0.0,3,16.5,31.7,309,Overcast,1,1,
42336,2021-06-24 11:11:00,40.825424,-73.923485,1,0,Unsafe Speed,4430769,23.2,13.5,0.0,0.0,0.0,0.0,3,19.7,40.0,145,Overcast,1,1,
42337,2021-06-09 08:00:00,40.808163,-73.92653,0,0,Driver Inexperience,4431075,30.2,21.4,1.1,1.1,0.0,5.0,51,11.7,28.1,286,Drizzle: Light,0,0,
42338,2021-06-24 05:45:00,40.841904,-73.86972,0,0,Unspecified,4430466,23.2,13.5,0.0,0.0,0.0,0.0,3,19.7,40.0,145,Overcast,0,0,
42339,2021-06-24 10:30:00,40.867794,-73.929985,0,0,Turning Improperly,4430748,23.2,13.5,0.0,0.0,0.0,0.0,3,19.7,40.0,145,Overcast,0,0,
42340,2021-06-25 19:43:00,40.644974,-73.92099,0,0,Passing or Lane Usage Improper,4431125,24.7,15.6,0.0,0.0,0.0,0.0,3,20.9,41.0,144,Overcast,0,0,
42341,2021-06-23 07:47:00,40.82815,-73.93491,0,0,Following Too Closely,4430136,23.1,12.2,0.0,0.0,0.0,0.0,3,16.5,31.7,309,Overcast,0,0,
42342,2021-06-23 07:00:00,40.762905,-73.753975,0,0,Following Too Closely,4430184,23.1,12.2,0.0,0.0,0.0,0.0,3,16.5,31.7,309,Overcast,0,0,
42343,2021-06-25 00:35:00,40.6745,-73.9537,0,0,Driver Inattention/Distraction,4431333,24.7,15.6,0.0,0.0,0.0,0.0,3,20.9,41.0,144,Overcast,0,0,
42344,2021-06-25 12:00:00,0.0,0.0,0,0,Unsafe Lane Changing,4431213,24.7,15.6,0.0,0.0,0.0,0.0,3,20.9,41.0,144,Overcast,0,0,
42345,2021-06-23 00:00:00,40.71469,-73.942696,0,0,Driver Inattention/Distraction,4430618,23.1,12.2,0.0,0.0,0.0,0.0,3,16.5,31.7,309,Overcast,0,0,
42346,2021-06-25 23:00:00,40.762394,-73.97861,0,0,Unspecified,4431146,24.7,15.6,0.0,0.0,0.0,0.0,3,20.9,41.0,144,Overcast,0,0,
42347,2021-06-24 22:40:00,40.87002,-73.86337,0,0,View Obstructed/Limited,4431378,23.2,13.5,0.0,0.0,0.0,0.0,3,19.7,40.0,145,Overcast,0,0,
42348,2021-06-24 22:45:00,40.63743,-73.979485,0,0,Driver Inexperience,4431304,23.2,13.5,0.0,0.0,0.0,0.0,3,19.7,40.0,145,Overcast,0,0,
42349,2021-06-25 14:30:00,40.672882,-73.89808,0,0,Following Too Closely,4430923,24.7,15.6,0.0,0.0,0.0,0.0,3,20.9,41.0,144,Overcast,0,0,
42350,2021-06-25 16:00:00,40.66653,-73.806274,1,0,Other Vehicular,4431101,24.7,15.6,0.0,0.0,0.0,0.0,3,20.9,41.0,144,Overcast,1,1,
42351,2021-06-25 15:07:00,40.66937,-73.89523,2,0,Unspecified,4430925,24.7,15.6,0.0,0.0,0.0,0.0,3,20.9,41.0,144,Overcast,2,2,
42352,2021-06-24 17:28:00,40.87314,-73.90572,3,0,Unsafe Speed,4430623,23.2,13.5,0.0,0.0,0.0,0.0,3,19.7,40.0,145,Overcast,3,3,
42353,2021-06-25 07:10:00,40.693935,-73.80026,0,0,Unsafe Speed,4431537,24.7,15.6,0.0,0.0,0.0,0.0,3,20.9,41.0,144,Overcast,0,0,
42354,2021-06-23 14:40:00,40.639404,-73.92588,0,0,Driver Inattention/Distraction,4430214,23.1,12.2,0.0,0.0,0.0,0.0,3,16.5,31.7,309,Overcast,0,0,
42355,2021-06-23 00:28:00,40.60058,-73.99161,0,0,Driver Inattention/Distraction,4430314,23.1,12.2,0.0,0.0,0.0,0.0,3,16.5,31.7,309,Overcast,0,0,
42356,2021-06-24 22:00:00,40.682243,-73.82222,1,0,Failure to Yield Right-of-Way,4430613,23.2,13.5,0.0,0.0,0.0,0.0,3,19.7,40.0,145,Overcast,1,1,
42357,2021-06-24 11:30:00,40.76781,-73.96202,0,0,Unspecified,4430498,23.2,13.5,0.0,0.0,0.0,0.0,3,19.7,40.0,145,Overcast,0,0,
42358,2021-06-25 17:33:00,40.66546,-73.76389,0,0,Driver Inattention/Distraction,4430891,24.7,15.6,0.0,0.0,0.0,0.0,3,20.9,41.0,144,Overcast,0,0,
42359,2021-06-23 15:00:00,40.611423,-74.085655,2,0,Prescription Medication,4430583,23.1,12.2,0.0,0.0,0.0,0.0,3,16.5,31.7,309,Overcast,2,2,
42360,2021-06-23 08:30:00,40.709225,-73.843155,1,0,Unspecified,4430149,23.1,12.2,0.0,0.0,0.0,0.0,3,16.5,31.7,309,Overcast,1,1,
42361,2021-06-23 23:00:00,40.835598,-73.9138,3,0,Alcohol Involvement,4430759,23.1,12.2,0.0,0.0,0.0,0.0,3,16.5,31.7,309,Overcast,3,3,
42362,2021-06-25 21:00:00,40.880062,-73.871,0,0,Alcohol Involvement,4430991,24.7,15.6,0.0,0.0,0.0,0.0,3,20.9,41.0,144,Overcast,0,0,
42363,2021-06-23 13:00:00,40.702843,-73.80836,1,0,Unspecified,4430231,23.1,12.2,0.0,0.0,0.0,0.0,3,16.5,31.7,309,Overcast,1,1,