,CRASH DATETIME,LATITUDE,LONGITUDE,NUMBER OF PERSONS INJURED,NUMBER OF PERSONS KILLED,CONTRIBUTING FACTOR VEHICLE 1,COLLISION_ID,temperature_2m_max,temperature_2m_min,precipitation_sum,rain_sum,snowfall_sum,precipitation_hours,weather_code,wind_speed_10m_max,wind_gusts_10m_max,wind_direction_10m_dominant,Weather Description,Severity_Score,Total_Affected_Persons,Weather_Category
42364,2021-06-23 11:52:00,40.75624,-73.87887,2,0,Unspecified,4430104,23.1,12.2,0.0,0.0,0.0,0.0,3,16.5,31.7,309,Overcast,2,2,
42365,2021-06-19 21:00:00,40.671062,-73.87624,0,0,Unsafe Speed,4430791,31.5,19.5,1.2,1.2,0.0,3.0,53,21.1,38.2,243,Drizzle: Moderate,0,0,
42366,2021-06-18 08:54:00,40.703342,-73.855385,0,0,Following Too Closely,4431493,27.4,13.8,0.0,0.0,0.0,0.0,3,20.5,40.3,210,Overcast,0,0,
42367,2021-06-23 14:30:00,40.6927,-73.78735,0,0,Following Too Closely,4430200,23.1,12.2,0.0,0.0,0.0,0.0,3,16.5,31.7,309,Overcast,0,0,
42368,2021-06-25 01:29:00,40.68064,-73.89672,0,0,Unspecified,4430918,24.7,15.6,0.0,0.0,0.0,0.0,3,20.9,41.0,144,Overcast,0,0,
42369,2021-06-24 05:00:00,40.772655,-73.95556,0,0,Unsafe Speed,4430649,23.2,13.5,0.0,0.0,0.0,0.0,3,19.7,40.0,145,Overcast,0,0,
42370,2022-01-08 19:50:00,40.690838,-73.822876,0,0,Unspecified,4492894,-3.3,-8.4,0.0,0.0,0.0,0.0,1,21.6,37.8,277,Mainly clear,0,0,Sunny/Clear Conditions
42371,2021-06-25 16:29:00,40.582874,-73.98053,1,0,Driver Inattention/Distraction,4431248,24.7,15.6,0.0,0.0,0.0,0.0,3,20.9,41.0,144,Overcast,1,1,
42372,2021-06-24 14:35:00,40.65801,-73.92078,0,0,Traffic Control Disregarded,4431103,23.2,13.5,0.0,0.0,0.0,0.0,3,19.7,40.0,145,Overcast,0,0,
42373,2021-06-25 09:30:00,40.701576,-74.01215,0,0,Reaction to Uninvolved Vehicle,4430844,24.7,15.6,0.0,0.0,0.0,0.0,3,20.9,41.0,144,Overcast,0,0,
42374,2021-06-23 16:00:00,40.697872,-73.802376,3,0,Unsafe Lane Changing,4430195,23.1,12.2,0.0,0.0,0.0,0.0,3,16.5,31.7,309,Overcast,3,3,
42375,2021-06-23 10:30:00,40.574905,-74.121735,1,0,Driver Inattention/Distraction,4430812,23.1,12.2,0.0,0.0,0.0,0.0,3,16.5,31.7,309,Overcast,1,1,
42376,2021-06-24 10:31:00,40.737797,-73.8507,0,0,Reaction to Uninvolved Vehicle,4430679,23.2,13.5,0.0,0.0,0.0,0.0,3,19.7,40.0,145,Overcast,0,0,
42377,2021-06-23 19:40:00,40.644863,-73.91113,1,0,,4430555,23.1,12.2,0.0,0.0,0.0,0.0,3,16.5,31.7,309,Overcast,1,1,
42378,2021-06-25 16:20:00,40.71274,-73.73884,0,0,Unspecified,4431455,24.7,15.6,0.0,0.0,0.0,0.0,3,20.9,41.0,144,Overcast,0,0,
42379,2021-06-25 22:00:00,40.770054,-73.914406,0,0,Unspecified,4431269,24.7,15.6,0.0,0.0,0.0,0.0,3,20.9,41.0,144,Overcast,0,0,
42380,2021-06-23 14:00:00,40.74156,-73.88065,1,0,Backing Unsafely,4430429,23.1,12.2,0.0,0.0,0.0,0.0,3,16.5,31.7,309,Overcast,1,1,
42381,2021-06-25 16:21:00,40.754414,-73.87854,1,0,Driver Inattention/Distraction,4431087,24.7,15.6,0.0,0.0,0.0,0.0,3,20.9,41.0,144,Overcast,1,1,
42382,2021-06-25 03:25:00,40.69423,-73.93311,0,0,Driver Inattention/Distraction,4431513,24.7,15.6,0.0,0.0,0.0,0.0,3,20.9,41.0,144,Overcast,0,0,
42383,2021-06-17 16:45:00,40.70918,-73.81916,0,0,Following Too Closely,4430696,23.9,12.1,0.0,0.0,0.0,0.0,3,13.4,27.4,311,Overcast,0,0,
42384,2021-06-25 16:15:00,40.826855,-73.922676,0,0,Accelerator Defective,4430886,24.7,15.6,0.0,0.0,0.0,0.0,3,20.9,41.0,144,Overcast,0,0,
42385,2021-06-23 08:15:00,40.65067,-73.95248,0,0,Unspecified,4430253,23.1,12.2,0.0,0.0,0.0,0.0,3,16.5,31.7,309,Overcast,0,0,
42386,2021-06-23 19:26:00,40.76275,-73.99692,0,0,Driver Inattention/Distraction,4430388,23.1,12.2,0.0,0.0,0.0,0.0,3,16.5,31.7,309,Overcast,0,0,
42387,2021-06-25 15:05:00,40.74084,-73.72681,2,0,Other Vehicular,4431032,24.7,15.6,0.0,0.0,0.0,0.0,3,20.9,41.0,144,Overcast,2,2,
42388,2021-06-24 20:40:00,40.632603,-73.96617,1,0,Driver Inattention/Distraction,4431200,23.2,13.5,0.0,0.0,0.0,0.0,3,19.7,40.0,145,Overcast,1,1,
42389,2021-06-25 23:04:00,40.84766,-73.83151,1,0,Unspecified,4431612,24.7,15.6,0.0,0.0,0.0,0.0,3,20.9,41.0,144,Overcast,1,1,
42390,2021-06-25 18:22:00,40.68267,-73.966736,1,0,Driver Inattention/Distraction,4430950,24.7,15.6,0.0,0.0,0.0,0.0,3,20.9,41.0,144,Overcast,1,1,
42391,2021-06-23 15:06:00,40.881264,-73.83875,0,0,Driver Inattention/Distraction,4430459,23.1,12.2,0.0,0.0,0.0,0.0,3,16.5,31.7,309,Overcast,0,0,
42392,2021-06-25 03:30:00,40.74312,-73.867485,0,0,Passing or Lane Usage Improper,4431418,24.7,15.6,0.0,0.0,0.0,0.0,3,20.9,41.0,144,Overcast,0,0,
42393,2021-06-24 16:00:00,40.685318,-73.958305,1,0,Driver Inattention/Distraction,4431310,23.2,13.5,0.0,0.0,0.0,0.0,3,19.7,40.0,145,Overcast,1,1,
42394,2021-06-25 13:30:00,40.699844,-73.76111,3,0,Aggressive Driving/Road Rage,4431054,24.7,15.6,0.0,0.0,0.0,0.0,3,20.9,41.0,144,Overcast,3,3,
42395,2021-06-24 13:15:00,40.70297,-73.94333,0,0,Driver Inattention/Distraction,4430526,23.2,13.5,0.0,0.0,0.0,0.0,3,19.7,40.0,145,Overcast,0,0,
42396,2021-06-24 22:40:00,40.665257,-73.735344,0,0,Failure to Yield Right-of-Way,4430606,23.2,13.5,0.0,0.0,0.0,0.0,3,19.7,40.0,145,Overcast,0,0,
42397,2021-06-25 13:00:00,40.58382,-73.970856,0,0,Lost Consciousness,4431244,24.7,15.6,0.0,0.0,0.0,0.0,3,20.9,41.0,144,Overcast,0,0,
42398,2021-06-23 14:19:00,40.840874,-73.91979,0,0,Unsafe Lane Changing,4430765,23.1,12.2,0.0,0.0,0.0,0.0,3,16.5,31.7,309,Overcast,0,0,
42399,2021-06-23 11:35:00,40.714027,-73.73824,1,0,Backing Unsafely,4430247,23.1,12.2,0.0,0.0,0.0,0.0,3,16.5,31.7,309,Overcast,1,1,
42400,2021-06-22 10:00:00,40.734196,-73.78355,0,0,Turning Improperly,4430723,24.2,15.1,8.5,8.5,0.0,9.0,63,22.2,43.2,305,Rain: Moderate,0,0,
42401,2022-01-08 10:35:00,40.59651,-73.98423,0,0,Unspecified,4493010,-3.3,-8.4,0.0,0.0,0.0,0.0,1,21.6,37.8,277,Mainly clear,0,0,Sunny/Clear Conditions
42402,2021-06-24 08:30:00,40.75533,-73.83432,0,0,Turning Improperly,4430545,23.2,13.5,0.0,0.0,0.0,0.0,3,19.7,40.0,145,Overcast,0,0,
42403,2021-06-20 21:30:00,40.72417,-73.7742,0,0,Unspecified,4430708,28.7,17.3,0.3,0.3,0.0,2.0,51,19.5,40.0,212,Drizzle: Light,0,0,
42404,2021-06-25 07:50:00,40.717014,-73.82971,1,0,Tire Failure/Inadequate,4430797,24.7,15.6,0.0,0.0,0.0,0.0,3,20.9,41.0,144,Overcast,1,1,
42405,2021-06-23 13:59:00,40.611637,-73.91287,0,0,Failure to Yield Right-of-Way,4430241,23.1,12.2,0.0,0.0,0.0,0.0,3,16.5,31.7,309,Overcast,0,0,
42406,2021-06-24 06:40:00,40.67818,-73.870705,0,0,Driver Inattention/Distraction,4430913,23.2,13.5,0.0,0.0,0.0,0.0,3,19.7,40.0,145,Overcast,0,0,
42407,2021-06-24 19:00:00,40.75826,-73.76829,0,0,Following Too Closely,4430564,23.2,13.5,0.0,0.0,0.0,0.0,3,19.7,40.0,145,Overcast,0,0,
42408,2021-06-24 23:35:00,40.787174,-73.81349,0,0,Following Too Closely,4431132,23.2,13.5,0.0,0.0,0.0,0.0,3,19.7,40.0,145,Overcast,0,0,
42409,2021-06-24 18:00:00,40.821167,-73.91356,2,0,Unsafe Speed,4430658,23.2,13.5,0.0,0.0,0.0,0.0,3,19.7,40.0,145,Overcast,2,2,
42410,2021-06-25 14:00:00,40.696175,-73.98036,0,0,Traffic Control Disregarded,4430855,24.7,15.6,0.0,0.0,0.0,0.0,3,20.9,41.0,144,Overcast,0,0,
42411,2021-06-23 08:15:00,40.65576,-74.008354,0,0,Oversized Vehicle,4430174,23.1,12.2,0.0,0.0,0.0,0.0,3,16.5,31.7,309,Overcast,0,0,
42412,2021-06-25 18:50:00,40.8617,-73.89139,0,0,Other Vehicular,4431003,24.7,15.6,0.0,0.0,0.0,0.0,3,20.9,41.0,144,Overcast,0,0,
42413,2021-06-24 19:11:00,40.596607,-73.99453,0,0,Following Too Closely,4430780,23.2,13.5,0.0,0.0,0.0,0.0,3,19.7,40.0,145,Overcast,0,0,
42414,2021-06-23 17:20:00,40.701122,-73.942604,1,0,Driver Inattention/Distraction,4430275,23.1,12.2,0.0,0.0,0.0,0.0,3,16.5,31.7,309,Overcast,1,1,
42415,2021-06-25 20:15:00,40.841133,-73.924,0,0,Other Vehicular,4430962,24.7,15.6,0.0,0.0,0.0,0.0,3,20.9,41.0,144,Overcast,0,0,
42416,2021-06-24 19:45:00,40.773785,-73.95825,0,0,Driver Inattention/Distraction,4430637,23.2,13.5,0.0,0.0,0.0,0.0,3,19.7,40.0,145,Overcast,0,0,
42417,2021-06-24 10:45:00,40.68049,-73.774704,1,0,Following Too Closely,4430504,23.2,13.5,0.0,0.0,0.0,0.0,3,19.7,40.0,145,Overcast,1,1,
42418,2021-06-25 10:45:00,40.663292,-73.874756,2,0,Unspecified,4430945,24.7,15.6,0.0,0.0,0.0,0.0,3,20.9,41.0,144,Overcast,2,2,
42419,2021-06-18 22:28:00,40.714676,-73.88506,2,0,Failure to Yield Right-of-Way,4431363,27.4,13.8,0.0,0.0,0.0,0.0,3,20.5,40.3,210,Overcast,2,2,
42420,2021-06-19 10:00:00,40.88449,-73.84913,0,0,Other Vehicular,4431405,31.5,19.5,1.2,1.2,0.0,3.0,53,21.1,38.2,243,Drizzle: Moderate,0,0,
42421,2021-06-24 21:42:00,40.83605,-73.85513,0,0,Unspecified,4430823,23.2,13.5,0.0,0.0,0.0,0.0,3,19.7,40.0,145,Overcast,0,0,
42422,2021-06-24 07:50:00,40.64431,-73.98796,1,0,Unspecified,4431285,23.2,13.5,0.0,0.0,0.0,0.0,3,19.7,40.0,145,Overcast,1,1,
42423,2021-06-24 14:28:00,40.84148,-73.88853,3,0,Unsafe Speed,4430733,23.2,13.5,0.0,0.0,0.0,0.0,3,19.7,40.0,145,Overcast,3,3,
42424,2021-06-21 21:03:00,40.663284,-73.96096,1,0,Driver Inattention/Distraction,4430978,28.0,21.7,0.5,0.5,0.0,2.0,51,24.4,46.8,181,Drizzle: Light,1,1,
42425,2021-06-25 20:15:00,40.57776,-73.83606,0,0,Driver Inattention/Distraction,4431183,24.7,15.6,0.0,0.0,0.0,0.0,3,20.9,41.0,144,Overcast,0,0,
42426,2021-06-19 04:30:00,40.817116,-73.94801,0,0,Unspecified,4430691,31.5,19.5,1.2,1.2,0.0,3.0,53,21.1,38.2,243,Drizzle: Moderate,0,0,
42427,2021-06-24 11:36:00,40.674435,-73.919464,1,0,Unspecified,4431351,23.2,13.5,0.0,0.0,0.0,0.0,3,19.7,40.0,145,Overcast,1,1,
42428,2021-06-23 19:00:00,40.84543,-73.91399,0,0,Unspecified,4430713,23.1,12.2,0.0,0.0,0.0,0.0,3,16.5,31.7,309,Overcast,0,0,
42429,2021-06-17 05:20:00,40.8313,-73.92657,0,0,Unsafe Speed,4430898,23.9,12.1,0.0,0.0,0.0,0.0,3,13.4,27.4,311,Overcast,0,0,
42430,2021-06-25 14:00:00,40.765182,-73.81414,1,0,Passing or Lane Usage Improper,4430881,24.7,15.6,0.0,0.0,0.0,0.0,3,20.9,41.0,144,Overcast,1,1,
42431,2021-06-14 00:49:00,40.68986,-73.95147,2,0,Unsafe Speed,4431290,21.4,17.5,21.7,21.7,0.0,11.0,65,21.1,48.6,154,Rain: Heavy,2,2,
42432,2021-06-23 17:37:00,40.728855,-73.92782,1,0,Driver Inattention/Distraction,4430287,23.1,12.2,0.0,0.0,0.0,0.0,3,16.5,31.7,309,Overcast,1,1,
42433,2021-06-23 21:46:00,40.830112,-73.850266,1,0,Drugs (illegal),4430955,23.1,12.2,0.0,0.0,0.0,0.0,3,16.5,31.7,309,Overcast,1,1,
42434,2021-06-23 23:05:00,40.69613,-73.987114,0,0,Driver Inattention/Distraction,4430663,23.1,12.2,0.0,0.0,0.0,0.0,3,16.5,31.7,309,Overcast,0,0,
42435,2021-06-23 20:20:00,40.66564,-73.89228,0,0,Unspecified,4430940,23.1,12.2,0.0,0.0,0.0,0.0,3,16.5,31.7,309,Overcast,0,0,
42436,2021-06-24 01:00:00,40.683186,-73.784035,0,0,Backing Unsafely,4430346,23.2,13.5,0.0,0.0,0.0,0.0,3,19.7,40.0,145,Overcast,0,0,
42437,2021-06-25 10:20:00,40.768047,-73.91382,0,0,Passing or Lane Usage Improper,4431264,24.7,15.6,0.0,0.0,0.0,0.0,3,20.9,41.0,144,Overcast,0,0,
42438,2021-06-24 17:35:00,40.6545,-73.9445,1,0,Following Too Closely,4431119,23.2,13.5,0.0,0.0,0.0,0.0,3,19.7,40.0,145,Overcast,1,1,
42439,2021-06-18 18:17:00,40.722042,-73.91329,0,0,Passing Too Closely,4430967,27.4,13.8,0.0,0.0,0.0,0.0,3,20.5,40.3,210,Overcast,0,0,
42440,2021-06-23 18:18:00,40.58466,-73.95086,0,0,Unspecified,4430262,23.1,12.2,0.0,0.0,0.0,0.0,3,16.5,31.7,309,Overcast,0,0,
42441,2021-06-19 19:17:00,40.839676,-73.871216,0,1,Driver Inattention/Distraction,4430829,31.5,19.5,1.2,1.2,0.0,3.0,53,21.1,38.2,243,Drizzle: Moderate,20,1,
42442,2021-06-21 20:50:00,40.849525,-73.939926,0,0,Driver Inattention/Distraction,4431340,28.0,21.7,0.5,0.5,0.0,2.0,51,24.4,46.8,181,Drizzle: Light,0,0,
42443,2021-06-25 21:50:00,40.806076,-73.92564,1,0,Unspecified,4431081,24.7,15.6,0.0,0.0,0.0,0.0,3,20.9,41.0,144,Overcast,1,1,
42444,2021-06-23 18:35:00,40.67545,-73.73852,0,0,Driver Inattention/Distraction,4430224,23.1,12.2,0.0,0.0,0.0,0.0,3,16.5,31.7,309,Overcast,0,0,
42445,2021-06-24 16:20:00,40.742508,-73.91788,1,0,Alcohol Involvement,4430559,23.2,13.5,0.0,0.0,0.0,0.0,3,19.7,40.0,145,Overcast,1,1,
42446,2021-06-24 20:50:00,40.815018,-73.95648,0,0,Unspecified,4430571,23.2,13.5,0.0,0.0,0.0,0.0,3,19.7,40.0,145,Overcast,0,0,
42447,2021-06-23 19:40:00,40.881554,-73.85903,0,0,Driver Inexperience,4431413,23.1,12.2,0.0,0.0,0.0,0.0,3,16.5,31.7,309,Overcast,0,0,
42448,2021-06-21 19:50:00,40.84554,-73.93278,0,0,Driver Inattention/Distraction,4431552,28.0,21.7,0.5,0.5,0.0,2.0,51,24.4,46.8,181,Drizzle: Light,0,0,
42449,2021-04-06 02:58:00,40.71184,-73.905594,0,0,Alcohol Involvement,4430972,18.3,4.8,0.0,0.0,0.0,0.0,1,21.9,38.9,319,Mainly clear,0,0,Sunny/Clear Conditions
42450,2021-06-22 20:44:00,40.65942,-73.761116,1,0,Reaction to Uninvolved Vehicle,4431445,24.2,15.1,8.5,8.5,0.0,9.0,63,22.2,43.2,305,Rain: Moderate,1,1,
42451,2021-06-25 16:29:00,40.647766,-73.95816,1,0,Unspecified,4431208,24.7,15.6,0.0,0.0,0.0,0.0,3,20.9,41.0,144,Overcast,1,1,
42452,2021-06-22 22:00:00,40.701046,-73.89153,1,0,Traffic Control Disregarded,4431503,24.2,15.1,8.5,8.5,0.0,9.0,63,22.2,43.2,305,Rain: Moderate,1,1,
42453,2021-06-24 16:00:00,40.681503,-73.974236,1,0,View Obstructed/Limited,4431025,23.2,13.5,0.0,0.0,0.0,0.0,3,19.7,40.0,145,Overcast,1,1,
42454,2021-06-23 00:20:00,40.71585,-73.81183,0,0,Unsafe Lane Changing,4430484,23.1,12.2,0.0,0.0,0.0,0.0,3,16.5,31.7,309,Overcast,0,0,
42455,2021-06-23 21:20:00,40.711823,-73.83612,1,0,Following Too Closely,4430296,23.1,12.2,0.0,0.0,0.0,0.0,3,16.5,31.7,309,Overcast,1,1,
42456,2021-06-24 05:30:00,40.682037,-74.00232,0,0,Passing or Lane Usage Improper,4430672,23.2,13.5,0.0,0.0,0.0,0.0,3,19.7,40.0,145,Overcast,0,0,
42457,2022-07-12 17:45:00,40.709362,-73.9943,0,0,Unsafe Lane Changing,4545914,33.7,19.4,0.3,0.3,0.0,3.0,51,31.2,58.0,219,Drizzle: Light,0,0,
42458,2021-06-23 15:00:00,40.713463,-73.89872,0,0,Unspecified,4431486,23.1,12.2,0.0,0.0,0.0,0.0,3,16.5,31.7,309,Overcast,0,0,
42459,2021-06-18 10:45:00,40.61351,-74.12722,0,0,Failure to Yield Right-of-Way,4431442,27.4,13.8,0.0,0.0,0.0,0.0,3,20.5,40.3,210,Overcast,0,0,
42460,2021-06-25 16:39:00,40.821415,-73.88933,0,0,Unspecified,4431063,24.7,15.6,0.0,0.0,0.0,0.0,3,20.9,41.0,144,Overcast,0,0,
42461,2021-06-22 09:25:00,40.689144,-73.99071,0,0,Failure to Yield Right-of-Way,4430867,24.2,15.1,8.5,8.5,0.0,9.0,63,22.2,43.2,305,Rain: Moderate,0,0,
42462,2021-06-19 05:10:00,40.818558,-73.92732,2,0,Traffic Control Disregarded,4431630,31.5,19.5,1.2,1.2,0.0,3.0,53,21.1,38.2,243,Drizzle: Moderate,2,2,
42463,2021-06-24 17:00:00,40.734135,-73.86918,0,0,Driver Inattention/Distraction,4430745,23.2,13.5,0.0,0.0,0.0,0.0,3,19.7,40.0,145,Overcast,0,0,
42464,2021-06-25 13:30:00,40.701458,-73.80414,0,0,Driver Inexperience,4431538,24.7,15.6,0.0,0.0,0.0,0.0,3,20.9,41.0,144,Overcast,0,0,
42465,2021-06-24 04:58:00,40.68064,-73.95338,0,0,Traffic Control Disregarded,4431206,23.2,13.5,0.0,0.0,0.0,0.0,3,19.7,40.0,145,Overcast,0,0,
42466,2021-06-25 05:30:00,40.81573,-73.86262,0,0,Unspecified,4431305,24.7,15.6,0.0,0.0,0.0,0.0,3,20.9,41.0,144,Overcast,0,0,
42467,2021-06-25 23:59:00,40.748108,-73.947365,4,0,Driver Inattention/Distraction,4430983,24.7,15.6,0.0,0.0,0.0,0.0,3,20.9,41.0,144,Overcast,4,4,
42468,2021-04-29 20:45:00,40.80992,-73.90722,0,0,Unsafe Lane Changing,4431076,22.5,12.9,3.8,3.8,0.0,9.0,53,25.6,50.8,199,Drizzle: Moderate,0,0,
42469,2021-06-24 20:30:00,40.68034,-73.80787,0,0,Unsafe Speed,4430610,23.2,13.5,0.0,0.0,0.0,0.0,3,19.7,40.0,145,Overcast,0,0,
42470,2021-06-24 06:06:00,40.668377,-73.92012,1,0,Unspecified,4431370,23.2,13.5,0.0,0.0,0.0,0.0,3,19.7,40.0,145,Overcast,1,1,
42471,2021-06-23 20:25:00,40.637077,-73.92638,0,0,Unspecified,4430801,23.1,12.2,0.0,0.0,0.0,0.0,3,16.5,31.7,309,Overcast,0,0,
42472,2021-06-24 09:00:00,40.69802,-73.97499,0,0,Following Too Closely,4430533,23.2,13.5,0.0,0.0,0.0,0.0,3,19.7,40.0,145,Overcast,0,0,
42473,2021-06-18 14:40:00,40.709682,-73.89891,0,0,Driver Inattention/Distraction,4430954,27.4,13.8,0.0,0.0,0.0,0.0,3,20.5,40.3,210,Overcast,0,0,
42474,2021-06-23 16:06:00,40.80118,-73.93975,1,0,Unspecified,4430740,23.1,12.2,0.0,0.0,0.0,0.0,3,16.5,31.7,309,Overcast,1,1,
42475,2021-06-25 19:35:00,40.74238,-73.88189,1,0,Unspecified,4431646,24.7,15.6,0.0,0.0,0.0,0.0,3,20.9,41.0,144,Overcast,1,1,
42476,2021-06-24 08:00:00,40.74766,-73.88257,0,0,Driver Inattention/Distraction,4430341,23.2,13.5,0.0,0.0,0.0,0.0,3,19.7,40.0,145,Overcast,0,0,
42477,2021-06-22 12:02:00,40.665245,-73.87513,0,0,Unspecified,4430909,24.2,15.1,8.5,8.5,0.0,9.0,63,22.2,43.2,305,Rain: Moderate,0,0,
42478,2021-06-23 19:21:00,40.669113,-73.95336,0,0,Unsafe Lane Changing,4430537,23.1,12.2,0.0,0.0,0.0,0.0,3,16.5,31.7,309,Overcast,0,0,
42479,2021-06-23 06:35:00,40.79591,-73.93738,0,0,Unspecified,4430004,23.1,12.2,0.0,0.0,0.0,0.0,3,16.5,31.7,309,Overcast,0,0,
42480,2021-06-23 02:17:00,40.735313,-73.994125,1,0,Unspecified,4430595,23.1,12.2,0.0,0.0,0.0,0.0,3,16.5,31.7,309,Overcast,1,1,
42481,2021-06-25 16:05:00,40.66563,-73.91361,0,0,Unspecified,4431343,24.7,15.6,0.0,0.0,0.0,0.0,3,20.9,41.0,144,Overcast,0,0,
42482,2021-06-24 22:00:00,40.82256,-73.87101,0,0,Following Too Closely,4430851,23.2,13.5,0.0,0.0,0.0,0.0,3,19.7,40.0,145,Overcast,0,0,
42483,2022-01-08 02:05:00,40.628147,-73.92013,0,0,Unspecified,4492842,-3.3,-8.4,0.0,0.0,0.0,0.0,1,21.6,37.8,277,Mainly clear,0,0,Sunny/Clear Conditions
42484,2021-06-24 13:30:00,40.68816,-73.848854,0,0,Pedestrian/Bicyclist/Other Pedestrian Error/Confusion,4430777,23.2,13.5,0.0,0.0,0.0,0.0,3,19.7,40.0,145,Overcast,0,0,
42485,2021-06-24 19:30:00,40.554893,-74.139,1,0,Unspecified,4430560,23.2,13.5,0.0,0.0,0.0,0.0,3,19.7,40.0,145,Overcast,1,1,
42486,2021-06-23 08:30:00,40.673588,-73.73351,1,0,Failure to Yield Right-of-Way,4430246,23.1,12.2,0.0,0.0,0.0,0.0,3,16.5,31.7,309,Overcast,1,1,
42487,2021-06-23 14:30:00,40.87066,-73.85643,0,0,Unsafe Lane Changing,4431007,23.1,12.2,0.0,0.0,0.0,0.0,3,16.5,31.7,309,Overcast,0,0,
42488,2021-06-23 23:17:00,40.700516,-73.89799,1,0,Passing or Lane Usage Improper,4431465,23.1,12.2,0.0,0.0,0.0,0.0,3,16.5,31.7,309,Overcast,1,1,
42489,2024-10-09 09:58:00,40.73937,-73.79189,0,0,Unspecified,4762112,19.2,9.2,0.0,0.0,0.0,0.0,3,21.9,37.4,294,Overcast,0,0,
42490,2021-06-23 14:39:00,40.566383,-74.101555,1,0,Pedestrian/Bicyclist/Other Pedestrian Error/Confusion,4430169,23.1,12.2,0.0,0.0,0.0,0.0,3,16.5,31.7,309,Overcast,1,1,
42491,2021-06-25 08:43:00,40.852955,-73.84316,1,0,Backing Unsafely,4431012,24.7,15.6,0.0,0.0,0.0,0.0,3,20.9,41.0,144,Overcast,1,1,
42492,2021-06-25 12:30:00,40.701588,-73.7544,1,0,Traffic Control Disregarded,4430819,24.7,15.6,0.0,0.0,0.0,0.0,3,20.9,41.0,144,Overcast,1,1,
42493,2021-06-24 14:35:00,40.658524,-73.92136,0,0,Passing Too Closely,4431113,23.2,13.5,0.0,0.0,0.0,0.0,3,19.7,40.0,145,Overcast,0,0,
42494,2021-06-25 13:00:00,40.71315,-73.910225,0,0,Turning Improperly,4430836,24.7,15.6,0.0,0.0,0.0,0.0,3,20.9,41.0,144,Overcast,0,0,
42495,2021-06-25 09:47:00,40.716015,-74.00883,1,0,Unspecified,4431035,24.7,15.6,0.0,0.0,0.0,0.0,3,20.9,41.0,144,Overcast,1,1,
42496,2021-06-22 00:00:00,40.66878,-73.88215,0,0,Unspecified,4430935,24.2,15.1,8.5,8.5,0.0,9.0,63,22.2,43.2,305,Rain: Moderate,0,0,
42497,2021-06-23 17:05:00,0.0,0.0,1,0,Failure to Yield Right-of-Way,4430391,23.1,12.2,0.0,0.0,0.0,0.0,3,16.5,31.7,309,Overcast,1,1,
42498,2021-06-24 10:55:00,40.84206,-73.823425,1,0,Unspecified,4430877,23.2,13.5,0.0,0.0,0.0,0.0,3,19.7,40.0,145,Overcast,1,1,
42499,2021-06-25 01:00:00,40.713287,-73.87163,0,0,Unspecified,4431505,24.7,15.6,0.0,0.0,0.0,0.0,3,20.9,41.0,144,Overcast,0,0,
42500,2021-06-24 10:59:00,40.756485,-73.94005,0,0,Unsafe Lane Changing,4431260,23.2,13.5,0.0,0.0,0.0,0.0,3,19.7,40.0,145,Overcast,0,0,
42501,2021-06-25 18:39:00,40.646255,-73.908905,1,0,Unspecified,4431053,24.7,15.6,0.0,0.0,0.0,0.0,3,20.9,41.0,144,Overcast,1,1,
42502,2021-06-25 08:09:00,40.739674,-73.934586,1,0,Following Too Closely,4431018,24.7,15.6,0.0,0.0,0.0,0.0,3,20.9,41.0,144,Overcast,1,1,
42503,2021-10-17 00:50:00,40.7582225,-73.9198072,0,0,Unspecified,4467902,17.3,11.1,0.2,0.2,0.0,2.0,51,23.9,43.9,293,Drizzle: Light,0,0,
42504,2021-06-22 14:30:00,40.677227,-73.97842,0,0,Passing or Lane Usage Improper,4430894,24.2,15.1,8.5,8.5,0.0,9.0,63,22.2,43.2,305,Rain: Moderate,0,0,
42505,2021-06-22 14:11:00,40.720715,-73.80319,2,0,Failure to Yield Right-of-Way,4430720,24.2,15.1,8.5,8.5,0.0,9.0,63,22.2,43.2,305,Rain: Moderate,2,2,
42506,2021-06-24 17:23:00,40.72293,-73.847336,0,0,Passing or Lane Usage Improper,4430576,23.2,13.5,0.0,0.0,0.0,0.0,3,19.7,40.0,145,Overcast,0,0,
42507,2021-06-24 14:00:00,40.755505,-73.96807,0,0,Driver Inattention/Distraction,4430505,23.2,13.5,0.0,0.0,0.0,0.0,3,19.7,40.0,145,Overcast,0,0,
42508,2021-06-24 16:33:00,40.800663,-73.946465,1,0,Unspecified,4430833,23.2,13.5,0.0,0.0,0.0,0.0,3,19.7,40.0,145,Overcast,1,1,
42509,2021-06-24 00:00:00,40.820297,-73.90411,0,0,Unspecified,4430300,23.2,13.5,0.0,0.0,0.0,0.0,3,19.7,40.0,145,Overcast,0,0,
42510,2021-06-24 19:40:00,40.61364,-74.08482,0,0,Backing Unsafely,4431286,23.2,13.5,0.0,0.0,0.0,0.0,3,19.7,40.0,145,Overcast,0,0,
42511,2021-06-24 08:50:00,40.82839,-73.895065,1,0,Passing or Lane Usage Improper,4431156,23.2,13.5,0.0,0.0,0.0,0.0,3,19.7,40.0,145,Overcast,1,1,
42512,2021-06-25 12:07:00,40.61146,-73.92437,0,0,Unspecified,4430963,24.7,15.6,0.0,0.0,0.0,0.0,3,20.9,41.0,144,Overcast,0,0,
42513,2021-06-24 14:50:00,40.75895,-73.83192,0,0,Passing or Lane Usage Improper,4430862,23.2,13.5,0.0,0.0,0.0,0.0,3,19.7,40.0,145,Overcast,0,0,