,CRASH DATETIME,LATITUDE,LONGITUDE,NUMBER OF PERSONS INJURED,NUMBER OF PERSONS KILLED,CONTRIBUTING FACTOR VEHICLE 1,COLLISION_ID,temperature_2m_max,temperature_2m_min,precipitation_sum,rain_sum,snowfall_sum,precipitation_hours,weather_code,wind_speed_10m_max,wind_gusts_10m_max,wind_direction_10m_dominant,Weather Description,Severity_Score,Total_Affected_Persons,Weather_Category
42514,2021-06-13 22:57:00,40.64491,-73.92192,0,0,Turning Improperly,4431497,23.9,15.0,0.2,0.2,0.0,2.0,51,17.7,35.6,185,Drizzle: Light,0,0,
42515,2021-06-24 10:50:00,40.610653,-73.95355,1,0,Passing or Lane Usage Improper,4430687,23.2,13.5,0.0,0.0,0.0,0.0,3,19.7,40.0,145,Overcast,1,1,
42516,2021-06-23 19:09:00,40.723648,-73.99103,3,0,Traffic Control Disregarded,4430322,23.1,12.2,0.0,0.0,0.0,0.0,3,16.5,31.7,309,Overcast,3,3,
42517,2021-06-12 08:20:00,40.70918,-73.81916,0,0,Unspecified,4430701,21.2,16.4,0.4,0.4,0.0,3.0,51,15.5,31.3,112,Drizzle: Light,0,0,
42518,2021-06-25 14:10:00,40.722214,-73.83892,0,0,Driver Inattention/Distraction,4431166,24.7,15.6,0.0,0.0,0.0,0.0,3,20.9,41.0,144,Overcast,0,0,
42519,2022-01-08 10:00:00,40.83539,-73.887825,0,0,Unspecified,4492947,-3.3,-8.4,0.0,0.0,0.0,0.0,1,21.6,37.8,277,Mainly clear,0,0,Sunny/Clear Conditions
42520,2021-06-15 17:00:00,40.737553,-73.85089,0,0,Following Too Closely,4431565,25.1,17.4,1.0,1.0,0.0,4.0,53,17.7,33.8,295,Drizzle: Moderate,0,0,
42521,2021-06-25 08:19:00,40.880657,-73.877625,0,0,Steering Failure,4430804,24.7,15.6,0.0,0.0,0.0,0.0,3,20.9,41.0,144,Overcast,0,0,
42522,2021-06-25 14:00:00,40.8352,-73.86599,0,0,Following Too Closely,4431300,24.7,15.6,0.0,0.0,0.0,0.0,3,20.9,41.0,144,Overcast,0,0,
42523,2021-06-24 11:45:00,40.764603,-73.960266,0,0,Unspecified,4431320,23.2,13.5,0.0,0.0,0.0,0.0,3,19.7,40.0,145,Overcast,0,0,
42524,2021-06-23 18:37:00,40.844875,-73.8678,1,0,Driver Inexperience,4430472,23.1,12.2,0.0,0.0,0.0,0.0,3,16.5,31.7,309,Overcast,1,1,
42525,2021-06-23 02:48:00,40.69627,-73.90956,0,0,Driver Inattention/Distraction,4430354,23.1,12.2,0.0,0.0,0.0,0.0,3,16.5,31.7,309,Overcast,0,0,
42526,2021-06-24 15:30:00,40.830986,-73.91139,1,0,Aggressive Driving/Road Rage,4431219,23.2,13.5,0.0,0.0,0.0,0.0,3,19.7,40.0,145,Overcast,1,1,
42527,2021-06-23 17:30:00,40.800964,-73.971016,0,0,Other Vehicular,4430194,23.1,12.2,0.0,0.0,0.0,0.0,3,16.5,31.7,309,Overcast,0,0,
42528,2021-06-25 17:59:00,40.670864,-73.80753,0,0,Failure to Yield Right-of-Way,4431102,24.7,15.6,0.0,0.0,0.0,0.0,3,20.9,41.0,144,Overcast,0,0,
42529,2022-07-10 10:10:00,40.67066,-73.957985,1,0,Following Too Closely,4546195,27.7,18.3,0.0,0.0,0.0,0.0,3,23.2,43.6,106,Overcast,1,1,
42530,2021-06-23 02:30:00,40.67816,-73.897484,0,0,Driver Inattention/Distraction,4430903,23.1,12.2,0.0,0.0,0.0,0.0,3,16.5,31.7,309,Overcast,0,0,
42531,2021-06-25 20:22:00,40.607082,-73.94607,0,0,Unspecified,4431688,24.7,15.6,0.0,0.0,0.0,0.0,3,20.9,41.0,144,Overcast,0,0,
42532,2021-06-20 22:30:00,40.66647,-73.882515,1,0,Driver Inattention/Distraction,4430926,28.7,17.3,0.3,0.3,0.0,2.0,51,19.5,40.0,212,Drizzle: Light,1,1,
42533,2021-06-25 13:38:00,40.677017,-73.92182,0,0,Driver Inattention/Distraction,4431347,24.7,15.6,0.0,0.0,0.0,0.0,3,20.9,41.0,144,Overcast,0,0,
42534,2021-06-25 16:00:00,40.843616,-73.87182,4,0,Following Too Closely,4431069,24.7,15.6,0.0,0.0,0.0,0.0,3,20.9,41.0,144,Overcast,4,4,
42535,2021-06-23 17:15:00,40.783398,-73.80459,0,0,Glare,4430219,23.1,12.2,0.0,0.0,0.0,0.0,3,16.5,31.7,309,Overcast,0,0,
42536,2021-06-25 11:30:00,40.862534,-73.89708,3,0,Turning Improperly,4430990,24.7,15.6,0.0,0.0,0.0,0.0,3,20.9,41.0,144,Overcast,3,3,
42537,2021-06-24 13:39:00,40.882217,-73.88046,0,0,Unspecified,4430627,23.2,13.5,0.0,0.0,0.0,0.0,3,19.7,40.0,145,Overcast,0,0,
42538,2021-06-23 11:45:00,40.578823,-73.98628,1,0,Driver Inattention/Distraction,4430123,23.1,12.2,0.0,0.0,0.0,0.0,3,16.5,31.7,309,Overcast,1,1,
42539,2021-06-25 18:11:00,40.657246,-73.90062,4,0,Lost Consciousness,4431374,24.7,15.6,0.0,0.0,0.0,0.0,3,20.9,41.0,144,Overcast,4,4,
42540,2021-06-25 20:00:00,40.74962,-73.86665,1,0,Failure to Yield Right-of-Way,4431088,24.7,15.6,0.0,0.0,0.0,0.0,3,20.9,41.0,144,Overcast,1,1,
42541,2021-06-24 07:50:00,40.69328,-73.9043,0,0,Passing Too Closely,4430365,23.2,13.5,0.0,0.0,0.0,0.0,3,19.7,40.0,145,Overcast,0,0,
42542,2021-06-25 17:30:00,40.584366,-73.9271,0,0,Following Too Closely,4431093,24.7,15.6,0.0,0.0,0.0,0.0,3,20.9,41.0,144,Overcast,0,0,
42543,2021-06-24 21:45:00,40.892475,-73.8545,0,0,Driver Inattention/Distraction,4431397,23.2,13.5,0.0,0.0,0.0,0.0,3,19.7,40.0,145,Overcast,0,0,
42544,2021-06-24 18:00:00,40.5232,-74.234886,0,0,Unspecified,4430760,23.2,13.5,0.0,0.0,0.0,0.0,3,19.7,40.0,145,Overcast,0,0,
42545,2021-06-25 17:13:00,40.846725,-73.93563,0,0,Driver Inattention/Distraction,4431580,24.7,15.6,0.0,0.0,0.0,0.0,3,20.9,41.0,144,Overcast,0,0,
42546,2021-06-24 17:32:00,40.80582,-73.90926,1,0,Following Too Closely,4430667,23.2,13.5,0.0,0.0,0.0,0.0,3,19.7,40.0,145,Overcast,1,1,
42547,2021-06-25 08:10:00,40.838688,-73.93779,0,0,Unspecified,4431532,24.7,15.6,0.0,0.0,0.0,0.0,3,20.9,41.0,144,Overcast,0,0,
42548,2021-06-24 22:21:00,40.840496,-73.94599,0,0,Driver Inattention/Distraction,4430755,23.2,13.5,0.0,0.0,0.0,0.0,3,19.7,40.0,145,Overcast,0,0,
42549,2021-06-24 00:30:00,40.734756,-73.99279,0,0,Driver Inexperience,4430588,23.2,13.5,0.0,0.0,0.0,0.0,3,19.7,40.0,145,Overcast,0,0,
42550,2021-06-24 08:20:00,40.592987,-73.78905,0,0,Unsafe Speed,4430646,23.2,13.5,0.0,0.0,0.0,0.0,3,19.7,40.0,145,Overcast,0,0,
42551,2021-06-23 14:47:00,40.696575,-73.77619,0,0,Failure to Yield Right-of-Way,4430196,23.1,12.2,0.0,0.0,0.0,0.0,3,16.5,31.7,309,Overcast,0,0,
42552,2021-06-23 19:30:00,40.76502,-73.9174,0,0,Unspecified,4430225,23.1,12.2,0.0,0.0,0.0,0.0,3,16.5,31.7,309,Overcast,0,0,
42553,2021-06-23 14:10:00,40.886955,-73.86298,1,0,Backing Unsafely,4430485,23.1,12.2,0.0,0.0,0.0,0.0,3,16.5,31.7,309,Overcast,1,1,
42554,2021-06-25 23:30:00,40.753788,-73.744286,3,0,Turning Improperly,4431033,24.7,15.6,0.0,0.0,0.0,0.0,3,20.9,41.0,144,Overcast,3,3,
42555,2021-06-24 08:37:00,40.78961,-73.97362,0,0,Passing Too Closely,4430419,23.2,13.5,0.0,0.0,0.0,0.0,3,19.7,40.0,145,Overcast,0,0,
42556,2021-06-22 03:00:00,40.765995,-73.90886,0,0,Passing or Lane Usage Improper,4431255,24.2,15.1,8.5,8.5,0.0,9.0,63,22.2,43.2,305,Rain: Moderate,0,0,
42557,2021-06-24 06:00:00,40.74181,-73.91993,1,0,Driver Inattention/Distraction,4430430,23.2,13.5,0.0,0.0,0.0,0.0,3,19.7,40.0,145,Overcast,1,1,
42558,2021-06-23 06:25:00,40.730198,-73.954254,1,0,Driver Inexperience,4430674,23.1,12.2,0.0,0.0,0.0,0.0,3,16.5,31.7,309,Overcast,1,1,
42559,2021-01-16 13:16:00,40.672577,-73.88481,0,0,Unspecified,4430787,7.8,2.1,21.7,21.7,0.0,11.0,63,35.3,70.2,324,Rain: Moderate,0,0,
42560,2021-06-22 05:50:00,40.675735,-73.89686,0,0,Unspecified,4430931,24.2,15.1,8.5,8.5,0.0,9.0,63,22.2,43.2,305,Rain: Moderate,0,0,
42561,2021-06-23 12:44:00,40.719757,-73.809685,0,0,Driver Inattention/Distraction,4430716,23.1,12.2,0.0,0.0,0.0,0.0,3,16.5,31.7,309,Overcast,0,0,
42562,2021-06-23 22:45:00,40.655754,-73.94442,0,0,Unspecified,4431108,23.1,12.2,0.0,0.0,0.0,0.0,3,16.5,31.7,309,Overcast,0,0,
42563,2021-06-18 01:20:00,40.677048,-73.9387,1,0,Driver Inattention/Distraction,4431329,27.4,13.8,0.0,0.0,0.0,0.0,3,20.5,40.3,210,Overcast,1,1,
42564,2021-06-25 05:00:00,40.651264,-74.003914,0,0,Unspecified,4430809,24.7,15.6,0.0,0.0,0.0,0.0,3,20.9,41.0,144,Overcast,0,0,
42565,2021-06-24 00:41:00,40.755657,-73.884445,1,0,Driver Inexperience,4430329,23.2,13.5,0.0,0.0,0.0,0.0,3,19.7,40.0,145,Overcast,1,1,
42566,2021-06-24 22:45:00,40.629295,-74.151596,0,0,Backing Unsafely,4430683,23.2,13.5,0.0,0.0,0.0,0.0,3,19.7,40.0,145,Overcast,0,0,
42567,2021-06-23 23:20:00,40.826427,-73.950455,1,0,Turning Improperly,4430816,23.1,12.2,0.0,0.0,0.0,0.0,3,16.5,31.7,309,Overcast,1,1,
42568,2021-06-25 12:55:00,40.657463,-73.89851,0,0,Unspecified,4430922,24.7,15.6,0.0,0.0,0.0,0.0,3,20.9,41.0,144,Overcast,0,0,
42569,2021-06-20 23:10:00,40.674145,-73.93062,3,0,Driver Inattention/Distraction,4431520,28.7,17.3,0.3,0.3,0.0,2.0,51,19.5,40.0,212,Drizzle: Light,3,3,
42570,2021-06-24 11:30:00,40.641182,-73.9712,4,0,Unspecified,4431282,23.2,13.5,0.0,0.0,0.0,0.0,3,19.7,40.0,145,Overcast,4,4,
42571,2021-06-23 23:20:00,40.84519,-73.9112,1,0,Unspecified,4430705,23.1,12.2,0.0,0.0,0.0,0.0,3,16.5,31.7,309,Overcast,1,1,
42572,2021-06-25 11:30:00,40.665558,-73.72985,1,0,Following Too Closely,4430890,24.7,15.6,0.0,0.0,0.0,0.0,3,20.9,41.0,144,Overcast,1,1,
42573,2021-06-25 13:10:00,40.64412,-73.98907,0,0,Unspecified,4431436,24.7,15.6,0.0,0.0,0.0,0.0,3,20.9,41.0,144,Overcast,0,0,
42574,2021-06-23 11:48:00,40.832333,-73.884735,0,0,Unspecified,4430160,23.1,12.2,0.0,0.0,0.0,0.0,3,16.5,31.7,309,Overcast,0,0,
42575,2021-06-21 20:14:00,40.749172,-73.967026,1,0,Driver Inattention/Distraction,4431149,28.0,21.7,0.5,0.5,0.0,2.0,51,24.4,46.8,181,Drizzle: Light,1,1,
42576,2021-06-25 00:35:00,40.744465,-73.77179,0,0,Other Vehicular,4430680,24.7,15.6,0.0,0.0,0.0,0.0,3,20.9,41.0,144,Overcast,0,0,
42577,2021-06-25 11:00:00,40.815697,-73.91678,0,0,Driver Inattention/Distraction,4431084,24.7,15.6,0.0,0.0,0.0,0.0,3,20.9,41.0,144,Overcast,0,0,
42578,2021-06-23 10:25:00,40.692455,-73.76814,0,0,Following Too Closely,4431010,23.1,12.2,0.0,0.0,0.0,0.0,3,16.5,31.7,309,Overcast,0,0,
42579,2021-06-25 18:23:00,40.695026,-73.75643,0,0,Passing or Lane Usage Improper,4430959,24.7,15.6,0.0,0.0,0.0,0.0,3,20.9,41.0,144,Overcast,0,0,
42580,2021-06-23 17:33:00,40.84701,-73.89602,0,0,Aggressive Driving/Road Rage,4430377,23.1,12.2,0.0,0.0,0.0,0.0,3,16.5,31.7,309,Overcast,0,0,
42581,2021-06-25 14:30:00,40.668808,-73.86728,0,0,Unspecified,4430946,24.7,15.6,0.0,0.0,0.0,0.0,3,20.9,41.0,144,Overcast,0,0,
42582,2021-06-25 14:25:00,40.665627,-73.909706,0,0,Unspecified,4431365,24.7,15.6,0.0,0.0,0.0,0.0,3,20.9,41.0,144,Overcast,0,0,
42583,2021-06-23 08:00:00,40.589012,-73.788246,0,0,Backing Unsafely,4430093,23.1,12.2,0.0,0.0,0.0,0.0,3,16.5,31.7,309,Overcast,0,0,
42584,2021-06-25 15:32:00,40.649242,-73.9443,0,0,Unspecified,4431120,24.7,15.6,0.0,0.0,0.0,0.0,3,20.9,41.0,144,Overcast,0,0,
42585,2021-06-23 15:12:00,40.697243,-73.813324,1,0,Driver Inattention/Distraction,4430232,23.1,12.2,0.0,0.0,0.0,0.0,3,16.5,31.7,309,Overcast,1,1,
42586,2021-06-23 00:48:00,40.689297,-73.93033,0,0,Traffic Control Disregarded,4430414,23.1,12.2,0.0,0.0,0.0,0.0,3,16.5,31.7,309,Overcast,0,0,
42587,2021-06-24 06:30:00,40.847794,-73.82671,1,0,Unspecified,4431611,23.2,13.5,0.0,0.0,0.0,0.0,3,19.7,40.0,145,Overcast,1,1,
42588,2021-06-24 22:07:00,40.84539,-73.88108,0,0,Traffic Control Disregarded,4430732,23.2,13.5,0.0,0.0,0.0,0.0,3,19.7,40.0,145,Overcast,0,0,
42589,2021-06-02 03:45:00,40.665257,-73.739555,0,0,Driver Inattention/Distraction,4422871,22.4,13.0,0.0,0.0,0.0,0.0,3,16.7,34.9,176,Overcast,0,0,
42590,2021-06-21 09:30:00,40.67086,-73.87424,0,0,Unspecified,4430792,28.0,21.7,0.5,0.5,0.0,2.0,51,24.4,46.8,181,Drizzle: Light,0,0,
42591,2021-06-24 20:05:00,40.664146,-73.88186,0,0,Unsafe Speed,4430917,23.2,13.5,0.0,0.0,0.0,0.0,3,19.7,40.0,145,Overcast,0,0,
42592,2021-06-24 18:05:00,40.675735,-73.89686,0,0,Driver Inattention/Distraction,4430941,23.2,13.5,0.0,0.0,0.0,0.0,3,19.7,40.0,145,Overcast,0,0,
42593,2021-06-25 19:20:00,40.794735,-73.96988,0,0,Passing or Lane Usage Improper,4430958,24.7,15.6,0.0,0.0,0.0,0.0,3,20.9,41.0,144,Overcast,0,0,
42594,2021-06-23 15:52:00,40.663483,-73.9627,0,0,Unspecified,4430349,23.1,12.2,0.0,0.0,0.0,0.0,3,16.5,31.7,309,Overcast,0,0,
42595,2021-06-25 10:25:00,40.721004,-74.001656,0,0,Unspecified,4430843,24.7,15.6,0.0,0.0,0.0,0.0,3,20.9,41.0,144,Overcast,0,0,
42596,2021-06-23 00:47:00,40.78291,-73.98578,1,0,Driver Inattention/Distraction,4430182,23.1,12.2,0.0,0.0,0.0,0.0,3,16.5,31.7,309,Overcast,1,1,
42597,2021-06-25 16:37:00,40.888577,-73.82814,0,0,Following Too Closely,4431379,24.7,15.6,0.0,0.0,0.0,0.0,3,20.9,41.0,144,Overcast,0,0,
42598,2021-06-21 18:35:00,40.6715,-73.91505,1,0,Unspecified,4431352,28.0,21.7,0.5,0.5,0.0,2.0,51,24.4,46.8,181,Drizzle: Light,1,1,
42599,2021-06-25 00:00:00,40.873825,-73.86263,0,0,Driver Inattention/Distraction,4431656,24.7,15.6,0.0,0.0,0.0,0.0,3,20.9,41.0,144,Overcast,0,0,
42600,2021-06-24 16:00:00,40.671967,-73.96395,3,0,Following Too Closely,4431335,23.2,13.5,0.0,0.0,0.0,0.0,3,19.7,40.0,145,Overcast,3,3,
42601,2021-06-24 19:40:00,40.637108,-74.02711,0,0,Driver Inattention/Distraction,4430570,23.2,13.5,0.0,0.0,0.0,0.0,3,19.7,40.0,145,Overcast,0,0,
42602,2021-06-25 08:00:00,40.60718,-74.10145,0,0,Unsafe Speed,4430811,24.7,15.6,0.0,0.0,0.0,0.0,3,20.9,41.0,144,Overcast,0,0,
42603,2021-06-23 21:24:00,40.711853,-73.77123,0,0,Driver Inexperience,4430547,23.1,12.2,0.0,0.0,0.0,0.0,3,16.5,31.7,309,Overcast,0,0,
42604,2021-06-24 23:00:00,40.721035,-73.98874,0,0,Unspecified,4430973,23.2,13.5,0.0,0.0,0.0,0.0,3,19.7,40.0,145,Overcast,0,0,
42605,2021-06-23 13:48:00,40.710938,-73.92671,0,0,Unspecified,4430277,23.1,12.2,0.0,0.0,0.0,0.0,3,16.5,31.7,309,Overcast,0,0,
42606,2021-06-22 22:00:00,40.672855,-73.87131,0,0,Turning Improperly,4430902,24.2,15.1,8.5,8.5,0.0,9.0,63,22.2,43.2,305,Rain: Moderate,0,0,
42607,2021-06-21 00:12:00,40.70401,-73.88184,0,0,Unspecified,4431484,28.0,21.7,0.5,0.5,0.0,2.0,51,24.4,46.8,181,Drizzle: Light,0,0,
42608,2021-06-24 01:25:00,40.77323,-73.76513,0,0,Tire Failure/Inadequate,4430255,23.2,13.5,0.0,0.0,0.0,0.0,3,19.7,40.0,145,Overcast,0,0,
42609,2021-06-18 12:15:00,40.63082,-73.88636,0,0,Driver Inattention/Distraction,4430828,27.4,13.8,0.0,0.0,0.0,0.0,3,20.5,40.3,210,Overcast,0,0,
42610,2021-06-25 00:00:00,40.86879,-73.83168,0,0,Unspecified,4431606,24.7,15.6,0.0,0.0,0.0,0.0,3,20.9,41.0,144,Overcast,0,0,
42611,2021-06-21 09:12:00,40.820305,-73.89083,0,0,Passing Too Closely,4431066,28.0,21.7,0.5,0.5,0.0,2.0,51,24.4,46.8,181,Drizzle: Light,0,0,
42612,2021-06-25 19:18:00,40.741493,-73.87503,1,0,Failure to Yield Right-of-Way,4431421,24.7,15.6,0.0,0.0,0.0,0.0,3,20.9,41.0,144,Overcast,1,1,
42613,2021-06-21 10:09:00,40.65114,-73.89,0,0,Driver Inattention/Distraction,4430927,28.0,21.7,0.5,0.5,0.0,2.0,51,24.4,46.8,181,Drizzle: Light,0,0,
42614,2021-06-24 18:52:00,40.665257,-73.735344,2,0,Turning Improperly,4430841,23.2,13.5,0.0,0.0,0.0,0.0,3,19.7,40.0,145,Overcast,2,2,
42615,2021-06-18 02:30:00,40.682583,-73.788864,0,0,Traffic Control Disregarded,4431190,27.4,13.8,0.0,0.0,0.0,0.0,3,20.5,40.3,210,Overcast,0,0,
42616,2021-06-22 09:30:00,40.746902,-73.871956,0,0,Unspecified,4431406,24.2,15.1,8.5,8.5,0.0,9.0,63,22.2,43.2,305,Rain: Moderate,0,0,
42617,2021-06-23 10:00:00,40.706573,-73.95907,0,0,Passing or Lane Usage Improper,4430525,23.1,12.2,0.0,0.0,0.0,0.0,3,16.5,31.7,309,Overcast,0,0,
42618,2021-06-23 22:30:00,40.729584,-73.92257,2,0,Driver Inattention/Distraction,4430288,23.1,12.2,0.0,0.0,0.0,0.0,3,16.5,31.7,309,Overcast,2,2,
42619,2021-06-15 14:44:00,40.66696,-73.77078,1,0,Following Too Closely,4427539,25.1,17.4,1.0,1.0,0.0,4.0,53,17.7,33.8,295,Drizzle: Moderate,1,1,
42620,2021-06-21 22:11:00,40.741394,-73.82303,1,0,Passing or Lane Usage Improper,4430714,28.0,21.7,0.5,0.5,0.0,2.0,51,24.4,46.8,181,Drizzle: Light,1,1,
42621,2021-06-21 03:00:00,40.678722,-73.952995,0,0,Driver Inattention/Distraction,4431334,28.0,21.7,0.5,0.5,0.0,2.0,51,24.4,46.8,181,Drizzle: Light,0,0,
42622,2021-06-25 10:00:00,40.823624,-73.92308,0,0,Passing or Lane Usage Improper,4431211,24.7,15.6,0.0,0.0,0.0,0.0,3,20.9,41.0,144,Overcast,0,0,
42623,2021-06-22 16:00:00,40.677864,-73.872574,0,0,Unspecified,4430934,24.2,15.1,8.5,8.5,0.0,9.0,63,22.2,43.2,305,Rain: Moderate,0,0,
42624,2021-06-25 17:12:00,40.81888,-73.916504,3,0,Driver Inattention/Distraction,4431080,24.7,15.6,0.0,0.0,0.0,0.0,3,20.9,41.0,144,Overcast,3,3,
42625,2021-06-23 17:00:00,40.84603,-73.93034,0,0,Backing Unsafely,4431542,23.1,12.2,0.0,0.0,0.0,0.0,3,16.5,31.7,309,Overcast,0,0,
42626,2021-06-25 11:45:00,40.637756,-74.00721,1,0,Unspecified,4431287,24.7,15.6,0.0,0.0,0.0,0.0,3,20.9,41.0,144,Overcast,1,1,
42627,2021-06-25 00:00:00,40.84503,-73.94508,1,0,Obstruction/Debris,4431549,24.7,15.6,0.0,0.0,0.0,0.0,3,20.9,41.0,144,Overcast,1,1,
42628,2021-06-24 20:25:00,40.81612,-73.926636,0,0,Driver Inattention/Distraction,4430659,23.2,13.5,0.0,0.0,0.0,0.0,3,19.7,40.0,145,Overcast,0,0,
42629,2021-06-24 14:16:00,40.884388,-73.833145,0,0,Driver Inattention/Distraction,4431414,23.2,13.5,0.0,0.0,0.0,0.0,3,19.7,40.0,145,Overcast,0,0,
42630,2021-06-23 17:44:00,40.82463,-73.91059,1,0,Driver Inattention/Distraction,4431155,23.1,12.2,0.0,0.0,0.0,0.0,3,16.5,31.7,309,Overcast,1,1,
42631,2021-06-23 00:00:00,40.645664,-74.00974,0,0,Passing Too Closely,4430175,23.1,12.2,0.0,0.0,0.0,0.0,3,16.5,31.7,309,Overcast,0,0,
42632,2021-06-24 12:02:00,40.8236,-73.9497,0,0,Passing Too Closely,4430640,23.2,13.5,0.0,0.0,0.0,0.0,3,19.7,40.0,145,Overcast,0,0,
42633,2021-06-15 17:50:00,40.742485,-73.95668,0,0,Driver Inattention/Distraction,4431512,25.1,17.4,1.0,1.0,0.0,4.0,53,17.7,33.8,295,Drizzle: Moderate,0,0,
42634,2021-06-23 13:00:00,40.6315,-74.08775,2,0,Following Too Closely,4430582,23.1,12.2,0.0,0.0,0.0,0.0,3,16.5,31.7,309,Overcast,2,2,
42635,2021-06-23 19:45:00,40.76712,-73.99173,0,0,Glare,4430387,23.1,12.2,0.0,0.0,0.0,0.0,3,16.5,31.7,309,Overcast,0,0,
42636,2021-06-25 18:50:00,40.852066,-73.868614,1,0,Other Vehicular,4431006,24.7,15.6,0.0,0.0,0.0,0.0,3,20.9,41.0,144,Overcast,1,1,
42637,2021-06-24 21:25:00,40.83302,-73.862724,1,0,Unspecified,4430697,23.2,13.5,0.0,0.0,0.0,0.0,3,19.7,40.0,145,Overcast,1,1,
42638,2021-06-23 17:50:00,40.66684,-73.78941,0,0,Passing or Lane Usage Improper,4430736,23.1,12.2,0.0,0.0,0.0,0.0,3,16.5,31.7,309,Overcast,0,0,
42639,2021-06-23 18:55:00,40.82261,-73.88711,1,0,Pedestrian/Bicyclist/Other Pedestrian Error/Confusion,4430201,23.1,12.2,0.0,0.0,0.0,0.0,3,16.5,31.7,309,Overcast,1,1,
42640,2021-06-23 13:54:00,40.674145,-74.00601,0,0,Passing Too Closely,4430308,23.1,12.2,0.0,0.0,0.0,0.0,3,16.5,31.7,309,Overcast,0,0,
42641,2021-06-24 17:10:00,40.666084,-73.95366,0,0,Driver Inattention/Distraction,4430979,23.2,13.5,0.0,0.0,0.0,0.0,3,19.7,40.0,145,Overcast,0,0,
42642,2021-06-25 07:30:00,40.726337,-73.93181,0,0,Oversized Vehicle,4430747,24.7,15.6,0.0,0.0,0.0,0.0,3,20.9,41.0,144,Overcast,0,0,
42643,2021-06-24 09:08:00,40.79725,-73.96805,0,0,Backing Unsafely,4430404,23.2,13.5,0.0,0.0,0.0,0.0,3,19.7,40.0,145,Overcast,0,0,
42644,2021-06-23 19:30:00,40.68175,-73.96748,2,0,Driver Inattention/Distraction,4430345,23.1,12.2,0.0,0.0,0.0,0.0,3,16.5,31.7,309,Overcast,2,2,
42645,2021-06-25 19:00:00,40.653862,-73.91828,0,0,Unspecified,4431124,24.7,15.6,0.0,0.0,0.0,0.0,3,20.9,41.0,144,Overcast,0,0,
42646,2021-06-23 02:18:00,40.819042,-73.93075,0,0,Unspecified,4430764,23.1,12.2,0.0,0.0,0.0,0.0,3,16.5,31.7,309,Overcast,0,0,
42647,2021-06-25 16:45:00,40.578312,-73.96808,0,0,Failure to Yield Right-of-Way,4431247,24.7,15.6,0.0,0.0,0.0,0.0,3,20.9,41.0,144,Overcast,0,0,
42648,2021-06-24 14:45:00,40.580772,-73.96556,1,0,Failure to Keep Right,4431238,23.2,13.5,0.0,0.0,0.0,0.0,3,19.7,40.0,145,Overcast,1,1,
42649,2021-06-23 12:00:00,40.819046,-73.944695,0,0,Driver Inattention/Distraction,4430137,23.1,12.2,0.0,0.0,0.0,0.0,3,16.5,31.7,309,Overcast,0,0,
42650,2021-06-25 21:55:00,40.815304,-73.94371,1,0,Traffic Control Disregarded,4431665,24.7,15.6,0.0,0.0,0.0,0.0,3,20.9,41.0,144,Overcast,1,1,
42651,2021-06-23 09:09:00,40.673393,-73.79048,1,0,Failure to Yield Right-of-Way,4430086,23.1,12.2,0.0,0.0,0.0,0.0,3,16.5,31.7,309,Overcast,1,1,
42652,2021-06-23 22:09:00,40.641422,-73.94086,1,0,Unspecified,4430458,23.1,12.2,0.0,0.0,0.0,0.0,3,16.5,31.7,309,Overcast,1,1,
42653,2021-06-24 14:07:00,40.667835,-73.89484,0,0,Unspecified,4430914,23.2,13.5,0.0,0.0,0.0,0.0,3,19.7,40.0,145,Overcast,0,0,
42654,2021-06-23 14:15:00,40.59622,-73.78465,0,0,Passing Too Closely,4430315,23.1,12.2,0.0,0.0,0.0,0.0,3,16.5,31.7,309,Overcast,0,0,
42655,2021-06-23 17:41:00,40.6228,-74.02836,0,0,Reaction to Uninvolved Vehicle,4430210,23.1,12.2,0.0,0.0,0.0,0.0,3,16.5,31.7,309,Overcast,0,0,
42656,2021-06-25 23:50:00,40.712276,-73.72867,3,0,Unsafe Speed,4431444,24.7,15.6,0.0,0.0,0.0,0.0,3,20.9,41.0,144,Overcast,3,3,
42657,2021-06-22 22:25:00,40.72839,-73.83302,0,0,Driver Inattention/Distraction,4430724,24.2,15.1,8.5,8.5,0.0,9.0,63,22.2,43.2,305,Rain: Moderate,0,0,
42658,2021-06-24 11:00:00,40.649326,-74.01882,0,0,Unspecified,4430552,23.2,13.5,0.0,0.0,0.0,0.0,3,19.7,40.0,145,Overcast,0,0,
42659,2021-06-23 18:20:00,40.693638,-73.80464,1,0,Unspecified,4430566,23.1,12.2,0.0,0.0,0.0,0.0,3,16.5,31.7,309,Overcast,1,1,
42660,2021-06-25 01:19:00,40.622005,-74.00108,0,0,Driver Inexperience,4430779,24.7,15.6,0.0,0.0,0.0,0.0,3,20.9,41.0,144,Overcast,0,0,
42661,2021-06-25 16:15:00,40.686085,-73.982666,2,0,Failure to Yield Right-of-Way,4430856,24.7,15.6,0.0,0.0,0.0,0.0,3,20.9,41.0,144,Overcast,2,2,
42662,2021-06-23 18:54:00,40.81218,-73.9011,1,0,Unspecified,4430501,23.1,12.2,0.0,0.0,0.0,0.0,3,16.5,31.7,309,Overcast,1,1,
42663,2021-06-18 13:17:00,40.648354,-73.91001,0,0,Unsafe Speed,4431024,27.4,13.8,0.0,0.0,0.0,0.0,3,20.5,40.3,210,Overcast,0,0,