,CRASH DATETIME,LATITUDE,LONGITUDE,NUMBER OF PERSONS INJURED,NUMBER OF PERSONS KILLED,CONTRIBUTING FACTOR VEHICLE 1,COLLISION_ID,temperature_2m_max,temperature_2m_min,precipitation_sum,rain_sum,snowfall_sum,precipitation_hours,weather_code,wind_speed_10m_max,wind_gusts_10m_max,wind_direction_10m_dominant,Weather Description,Severity_Score,Total_Affected_Persons,Weather_Category
42664,2021-06-23 16:50:00,40.691433,-73.89063,0,0,Following Too Closely,4431477,23.1,12.2,0.0,0.0,0.0,0.0,3,16.5,31.7,309,Overcast,0,0,
42665,2021-06-24 21:50:00,40.823956,-73.877144,1,0,Unspecified,4430824,23.2,13.5,0.0,0.0,0.0,0.0,3,19.7,40.0,145,Overcast,1,1,
42666,2021-06-24 23:00:00,40.611126,-73.96259,0,0,Driver Inattention/Distraction,4431197,23.2,13.5,0.0,0.0,0.0,0.0,3,19.7,40.0,145,Overcast,0,0,
42667,2021-06-23 02:50:00,40.66434,-73.93155,0,0,Turning Improperly,4430601,23.1,12.2,0.0,0.0,0.0,0.0,3,16.5,31.7,309,Overcast,0,0,
42668,2021-06-25 06:50:00,40.84133,-73.87635,1,0,Reaction to Uninvolved Vehicle,4430729,24.7,15.6,0.0,0.0,0.0,0.0,3,20.9,41.0,144,Overcast,1,1,
42669,2021-06-23 22:50:00,40.745502,-73.888374,1,0,Driver Inattention/Distraction,4431417,23.1,12.2,0.0,0.0,0.0,0.0,3,16.5,31.7,309,Overcast,1,1,
42670,2021-06-23 06:45:00,40.64908,-73.90549,0,0,Unspecified,4431312,23.1,12.2,0.0,0.0,0.0,0.0,3,16.5,31.7,309,Overcast,0,0,
42671,2021-06-25 09:22:00,40.817677,-73.89543,0,0,Unspecified,4431062,24.7,15.6,0.0,0.0,0.0,0.0,3,20.9,41.0,144,Overcast,0,0,
42672,2021-06-24 15:05:00,40.83761,-73.88106,0,0,Passing or Lane Usage Improper,4430692,23.2,13.5,0.0,0.0,0.0,0.0,3,19.7,40.0,145,Overcast,0,0,
42673,2022-01-08 11:30:00,40.81722,-73.91924,1,0,Driver Inattention/Distraction,4493316,-3.3,-8.4,0.0,0.0,0.0,0.0,1,21.6,37.8,277,Mainly clear,1,1,Sunny/Clear Conditions
42674,2021-06-25 06:15:00,40.639744,-73.92984,0,0,Unspecified,4431107,24.7,15.6,0.0,0.0,0.0,0.0,3,20.9,41.0,144,Overcast,0,0,
42675,2021-06-23 16:41:00,40.70982,-73.9402,3,0,Driver Inattention/Distraction,4430520,23.1,12.2,0.0,0.0,0.0,0.0,3,16.5,31.7,309,Overcast,3,3,
42676,2021-06-25 12:27:00,40.768436,-73.91996,0,0,Backing Unsafely,4431265,24.7,15.6,0.0,0.0,0.0,0.0,3,20.9,41.0,144,Overcast,0,0,
42677,2021-06-24 18:30:00,40.8677,-73.8852,0,0,Driver Inattention/Distraction,4430619,23.2,13.5,0.0,0.0,0.0,0.0,3,19.7,40.0,145,Overcast,0,0,
42678,2021-06-23 23:19:00,40.628975,-74.18495,0,0,Driver Inattention/Distraction,4430369,23.1,12.2,0.0,0.0,0.0,0.0,3,16.5,31.7,309,Overcast,0,0,
42679,2021-06-23 14:00:00,40.687523,-73.95476,0,0,Unspecified,4430633,23.1,12.2,0.0,0.0,0.0,0.0,3,16.5,31.7,309,Overcast,0,0,
42680,2021-06-24 03:30:00,40.817863,-73.83852,0,0,Unspecified,4431673,23.2,13.5,0.0,0.0,0.0,0.0,3,19.7,40.0,145,Overcast,0,0,
42681,2021-06-21 09:50:00,40.713135,-73.87528,0,0,Failure to Yield Right-of-Way,4430966,28.0,21.7,0.5,0.5,0.0,2.0,51,24.4,46.8,181,Drizzle: Light,0,0,
42682,2021-06-08 22:00:00,40.72547,-73.98396,0,0,Unspecified,4431164,30.1,22.0,5.9,5.9,0.0,9.0,61,16.6,34.6,215,Rain: Light,0,0,
42683,2021-06-23 12:35:00,40.672195,-73.902664,1,0,View Obstructed/Limited,4430793,23.1,12.2,0.0,0.0,0.0,0.0,3,16.5,31.7,309,Overcast,1,1,
42684,2021-06-24 07:30:00,40.80761,-73.91341,0,0,Reaction to Uninvolved Vehicle,4430652,23.2,13.5,0.0,0.0,0.0,0.0,3,19.7,40.0,145,Overcast,0,0,
42685,2021-06-24 18:46:00,40.611767,-73.97638,1,0,Failure to Yield Right-of-Way,4430778,23.2,13.5,0.0,0.0,0.0,0.0,3,19.7,40.0,145,Overcast,1,1,
42686,2021-06-23 07:00:00,40.63082,-73.88636,0,0,Following Too Closely,4431313,23.1,12.2,0.0,0.0,0.0,0.0,3,16.5,31.7,309,Overcast,0,0,
42687,2021-06-23 15:05:00,40.837177,-73.90799,4,0,Passing or Lane Usage Improper,4430756,23.1,12.2,0.0,0.0,0.0,0.0,3,16.5,31.7,309,Overcast,4,4,
42688,2021-06-23 15:25:00,40.58179,-74.11128,2,0,Failure to Yield Right-of-Way,4430170,23.1,12.2,0.0,0.0,0.0,0.0,3,16.5,31.7,309,Overcast,2,2,
42689,2021-06-13 02:25:00,40.677624,-73.93308,2,0,Unsafe Speed,4431558,23.9,15.0,0.2,0.2,0.0,2.0,51,17.7,35.6,185,Drizzle: Light,2,2,
42690,2021-06-21 19:25:00,40.688786,-73.93323,0,0,Unspecified,4431518,28.0,21.7,0.5,0.5,0.0,2.0,51,24.4,46.8,181,Drizzle: Light,0,0,
42691,2021-06-24 03:50:00,40.770054,-73.914406,0,0,Unsafe Speed,4430397,23.2,13.5,0.0,0.0,0.0,0.0,3,19.7,40.0,145,Overcast,0,0,
42692,2021-06-25 03:55:00,40.676853,-73.91877,0,0,Unspecified,4431318,24.7,15.6,0.0,0.0,0.0,0.0,3,20.9,41.0,144,Overcast,0,0,
42693,2021-06-24 04:40:00,40.62998,-74.08033,0,0,Turning Improperly,4430586,23.2,13.5,0.0,0.0,0.0,0.0,3,19.7,40.0,145,Overcast,0,0,
42694,2021-06-23 16:59:00,40.70068,-73.93849,2,0,Driver Inattention/Distraction,4430356,23.1,12.2,0.0,0.0,0.0,0.0,3,16.5,31.7,309,Overcast,2,2,
42695,2021-06-23 09:40:00,40.827656,-73.8861,0,0,Unspecified,4430159,23.1,12.2,0.0,0.0,0.0,0.0,3,16.5,31.7,309,Overcast,0,0,
42696,2021-06-23 15:30:00,40.69165,-73.779205,0,0,Failure to Yield Right-of-Way,4430197,23.1,12.2,0.0,0.0,0.0,0.0,3,16.5,31.7,309,Overcast,0,0,
42697,2021-06-23 13:02:00,40.82842,-73.86068,0,0,Unspecified,4431293,23.1,12.2,0.0,0.0,0.0,0.0,3,16.5,31.7,309,Overcast,0,0,
42698,2021-06-25 03:39:00,40.807034,-73.939705,1,0,Unsafe Lane Changing,4430751,24.7,15.6,0.0,0.0,0.0,0.0,3,20.9,41.0,144,Overcast,1,1,
42699,2021-06-18 14:26:00,40.67268,-73.953026,2,0,Following Too Closely,4431346,27.4,13.8,0.0,0.0,0.0,0.0,3,20.5,40.3,210,Overcast,2,2,
42700,2021-06-24 11:40:00,40.632572,-74.02361,1,0,Pedestrian/Bicyclist/Other Pedestrian Error/Confusion,4430465,23.2,13.5,0.0,0.0,0.0,0.0,3,19.7,40.0,145,Overcast,1,1,
42701,2022-01-08 12:24:00,40.865402,-73.85414,0,0,Passing or Lane Usage Improper,4492933,-3.3,-8.4,0.0,0.0,0.0,0.0,1,21.6,37.8,277,Mainly clear,0,0,Sunny/Clear Conditions
42702,2021-06-23 08:20:00,40.82815,-73.93491,0,0,Failure to Yield Right-of-Way,4430130,23.1,12.2,0.0,0.0,0.0,0.0,3,16.5,31.7,309,Overcast,0,0,
42703,2021-06-24 13:45:00,40.83267,-73.92687,0,0,Passing or Lane Usage Improper,4430768,23.2,13.5,0.0,0.0,0.0,0.0,3,19.7,40.0,145,Overcast,0,0,
42704,2021-06-12 23:30:00,40.75253,-73.94384,0,0,Passing or Lane Usage Improper,4431254,21.2,16.4,0.4,0.4,0.0,3.0,51,15.5,31.3,112,Drizzle: Light,0,0,
42705,2021-06-25 18:35:00,40.66719,-73.919716,1,0,Failure to Yield Right-of-Way,4431369,24.7,15.6,0.0,0.0,0.0,0.0,3,20.9,41.0,144,Overcast,1,1,
42706,2021-06-23 20:10:00,40.669098,-73.93666,1,0,Pedestrian/Bicyclist/Other Pedestrian Error/Confusion,4430602,23.1,12.2,0.0,0.0,0.0,0.0,3,16.5,31.7,309,Overcast,1,1,
42707,2021-06-23 20:47:00,40.658783,-73.91283,0,0,Traffic Control Disregarded,4431366,23.1,12.2,0.0,0.0,0.0,0.0,3,16.5,31.7,309,Overcast,0,0,
42708,2021-06-20 12:00:00,40.72085,-73.7778,0,0,Passing Too Closely,4430719,28.7,17.3,0.3,0.3,0.0,2.0,51,19.5,40.0,212,Drizzle: Light,0,0,
42709,2021-06-22 16:50:00,40.70145,-73.989624,1,0,Following Too Closely,4431128,24.2,15.1,8.5,8.5,0.0,9.0,63,22.2,43.2,305,Rain: Moderate,1,1,
42710,2021-06-23 09:00:00,40.65478,-73.889984,2,0,Unspecified,4430910,23.1,12.2,0.0,0.0,0.0,0.0,3,16.5,31.7,309,Overcast,2,2,
42711,2021-06-24 10:38:00,40.777504,-73.954956,1,0,Backing Unsafely,4430641,23.2,13.5,0.0,0.0,0.0,0.0,3,19.7,40.0,145,Overcast,1,1,
42712,2021-06-24 11:23:00,40.608593,-74.00486,0,0,Backing Unsafely,4430507,23.2,13.5,0.0,0.0,0.0,0.0,3,19.7,40.0,145,Overcast,0,0,
42713,2021-06-23 16:39:00,40.81667,-73.91997,0,0,Unspecified,4430666,23.1,12.2,0.0,0.0,0.0,0.0,3,16.5,31.7,309,Overcast,0,0,
42714,2021-06-23 09:05:00,40.808273,-73.92095,0,0,Unspecified,4430295,23.1,12.2,0.0,0.0,0.0,0.0,3,16.5,31.7,309,Overcast,0,0,
42715,2021-06-24 19:45:00,40.56854,-74.11431,0,0,Driver Inattention/Distraction,4430558,23.2,13.5,0.0,0.0,0.0,0.0,3,19.7,40.0,145,Overcast,0,0,
42716,2021-06-24 16:04:00,40.75904,-73.77423,0,0,Turning Improperly,4430561,23.2,13.5,0.0,0.0,0.0,0.0,3,19.7,40.0,145,Overcast,0,0,
42717,2021-06-23 04:40:00,40.68174,-73.95859,0,0,Driver Inattention/Distraction,4430021,23.1,12.2,0.0,0.0,0.0,0.0,3,16.5,31.7,309,Overcast,0,0,
42718,2021-06-25 04:53:00,40.867676,-73.88625,0,0,Backing Unsafely,4430626,24.7,15.6,0.0,0.0,0.0,0.0,3,20.9,41.0,144,Overcast,0,0,
42719,2021-06-23 12:50:00,40.82113,-73.92565,0,0,Unsafe Lane Changing,4430327,23.1,12.2,0.0,0.0,0.0,0.0,3,16.5,31.7,309,Overcast,0,0,
42720,2021-06-03 15:45:00,40.694813,-73.73522,0,0,Unspecified,4431448,23.0,13.2,11.9,11.9,0.0,10.0,63,13.6,38.9,165,Rain: Moderate,0,0,
42721,2021-06-25 16:13:00,40.763893,-73.915,0,0,Unspecified,4431266,24.7,15.6,0.0,0.0,0.0,0.0,3,20.9,41.0,144,Overcast,0,0,
42722,2021-06-24 17:52:00,40.58369,-73.94808,0,0,Driver Inattention/Distraction,4430686,23.2,13.5,0.0,0.0,0.0,0.0,3,19.7,40.0,145,Overcast,0,0,
42723,2021-06-24 20:36:00,40.63329,-73.91214,3,0,Unspecified,4430852,23.2,13.5,0.0,0.0,0.0,0.0,3,19.7,40.0,145,Overcast,3,3,
42724,2021-06-24 21:35:00,40.667576,-73.93125,0,0,Reaction to Uninvolved Vehicle,4430597,23.2,13.5,0.0,0.0,0.0,0.0,3,19.7,40.0,145,Overcast,0,0,
42725,2021-06-23 12:30:00,40.84869,-73.90329,0,0,Passing or Lane Usage Improper,4430704,23.1,12.2,0.0,0.0,0.0,0.0,3,16.5,31.7,309,Overcast,0,0,
42726,2021-06-23 14:50:00,40.830135,-73.891884,1,0,Driver Inattention/Distraction,4430245,23.1,12.2,0.0,0.0,0.0,0.0,3,16.5,31.7,309,Overcast,1,1,
42727,2021-06-24 10:00:00,40.644768,-73.971886,0,0,Unspecified,4431281,23.2,13.5,0.0,0.0,0.0,0.0,3,19.7,40.0,145,Overcast,0,0,
42728,2021-06-23 23:15:00,40.833412,-73.85906,0,0,Driver Inattention/Distraction,4430474,23.1,12.2,0.0,0.0,0.0,0.0,3,16.5,31.7,309,Overcast,0,0,
42729,2021-06-25 10:40:00,40.824757,-73.94052,0,0,Oversized Vehicle,4430783,24.7,15.6,0.0,0.0,0.0,0.0,3,20.9,41.0,144,Overcast,0,0,
42730,2021-06-23 22:18:00,40.88492,-73.84883,1,0,Reaction to Uninvolved Vehicle,4431415,23.1,12.2,0.0,0.0,0.0,0.0,3,16.5,31.7,309,Overcast,1,1,
42731,2021-06-24 13:30:00,40.841278,-73.86359,0,0,Unspecified,4430820,23.2,13.5,0.0,0.0,0.0,0.0,3,19.7,40.0,145,Overcast,0,0,
42732,2021-06-24 19:57:00,40.648643,-73.96075,1,0,Turning Improperly,4431205,23.2,13.5,0.0,0.0,0.0,0.0,3,19.7,40.0,145,Overcast,1,1,
42733,2022-01-08 21:00:00,40.667416,-73.87671,0,0,Unspecified,4493542,-3.3,-8.4,0.0,0.0,0.0,0.0,1,21.6,37.8,277,Mainly clear,0,0,Sunny/Clear Conditions
42734,2021-06-21 10:10:00,40.78168,-73.84777,0,0,Passing Too Closely,4431306,28.0,21.7,0.5,0.5,0.0,2.0,51,24.4,46.8,181,Drizzle: Light,0,0,
42735,2021-06-25 14:18:00,40.847355,-73.93518,2,0,Outside Car Distraction,4431539,24.7,15.6,0.0,0.0,0.0,0.0,3,20.9,41.0,144,Overcast,2,2,
42736,2021-06-25 12:08:00,40.65777,-73.93962,1,0,Other Vehicular,4430982,24.7,15.6,0.0,0.0,0.0,0.0,3,20.9,41.0,144,Overcast,1,1,
42737,2021-06-24 17:25:00,40.786083,-73.796455,1,0,Reaction to Uninvolved Vehicle,4430878,23.2,13.5,0.0,0.0,0.0,0.0,3,19.7,40.0,145,Overcast,1,1,
42738,2021-06-25 02:52:00,40.803944,-73.91068,0,0,Unspecified,4431077,24.7,15.6,0.0,0.0,0.0,0.0,3,20.9,41.0,144,Overcast,0,0,
42739,2021-06-24 10:22:00,40.66365,-73.922966,3,0,Driver Inattention/Distraction,4431111,23.2,13.5,0.0,0.0,0.0,0.0,3,19.7,40.0,145,Overcast,3,3,
42740,2021-06-23 12:20:00,40.774654,-73.9541,0,0,Driver Inattention/Distraction,4430265,23.1,12.2,0.0,0.0,0.0,0.0,3,16.5,31.7,309,Overcast,0,0,
42741,2021-06-24 12:30:00,40.773964,-73.9228,0,0,Unspecified,4431261,23.2,13.5,0.0,0.0,0.0,0.0,3,19.7,40.0,145,Overcast,0,0,
42742,2021-06-25 22:30:00,40.72861,-73.88721,0,0,Passing or Lane Usage Improper,4431475,24.7,15.6,0.0,0.0,0.0,0.0,3,20.9,41.0,144,Overcast,0,0,
42743,2021-06-23 18:00:00,40.843063,-73.90954,0,0,Turning Improperly,4430761,23.1,12.2,0.0,0.0,0.0,0.0,3,16.5,31.7,309,Overcast,0,0,
42744,2021-06-24 00:00:00,40.720707,-73.981316,1,0,Failure to Yield Right-of-Way,4430970,23.2,13.5,0.0,0.0,0.0,0.0,3,19.7,40.0,145,Overcast,1,1,
42745,2021-06-25 07:45:00,40.715157,-74.00212,0,0,Unspecified,4431326,24.7,15.6,0.0,0.0,0.0,0.0,3,20.9,41.0,144,Overcast,0,0,
42746,2021-06-25 15:50:00,40.635887,-73.87999,2,0,Following Too Closely,4431121,24.7,15.6,0.0,0.0,0.0,0.0,3,20.9,41.0,144,Overcast,2,2,
42747,2021-06-24 00:00:00,40.651157,-73.918144,1,0,Unspecified,4431139,23.2,13.5,0.0,0.0,0.0,0.0,3,19.7,40.0,145,Overcast,1,1,
42748,2021-06-25 18:30:00,40.854305,-73.88732,0,0,Driver Inattention/Distraction,4431647,24.7,15.6,0.0,0.0,0.0,0.0,3,20.9,41.0,144,Overcast,0,0,
42749,2021-06-25 06:30:00,40.55403,-74.14052,0,0,Unspecified,4430810,24.7,15.6,0.0,0.0,0.0,0.0,3,20.9,41.0,144,Overcast,0,0,
42750,2021-06-24 00:14:00,40.73351,-73.95719,1,0,Unspecified,4430675,23.2,13.5,0.0,0.0,0.0,0.0,3,19.7,40.0,145,Overcast,1,1,
42751,2021-06-25 11:00:00,40.668613,-73.86857,0,0,Unspecified,4430921,24.7,15.6,0.0,0.0,0.0,0.0,3,20.9,41.0,144,Overcast,0,0,
42752,2021-06-25 09:50:00,40.865387,-73.893456,1,0,Steering Failure,4430773,24.7,15.6,0.0,0.0,0.0,0.0,3,20.9,41.0,144,Overcast,1,1,
42753,2021-06-24 01:45:00,40.863163,-73.91988,0,0,Failure to Yield Right-of-Way,4431353,23.2,13.5,0.0,0.0,0.0,0.0,3,19.7,40.0,145,Overcast,0,0,
42754,2021-06-24 21:35:00,40.654533,-73.860916,1,0,Unsafe Speed,4430942,23.2,13.5,0.0,0.0,0.0,0.0,3,19.7,40.0,145,Overcast,1,1,
42755,2021-06-25 07:15:00,40.761448,-73.80288,1,0,Turning Improperly,4430874,24.7,15.6,0.0,0.0,0.0,0.0,3,20.9,41.0,144,Overcast,1,1,
42756,2021-06-25 00:55:00,40.70145,-73.989624,0,0,Unspecified,4430995,24.7,15.6,0.0,0.0,0.0,0.0,3,20.9,41.0,144,Overcast,0,0,
42757,2021-06-25 12:25:00,40.80476,-73.93716,0,0,Unspecified,4430805,24.7,15.6,0.0,0.0,0.0,0.0,3,20.9,41.0,144,Overcast,0,0,
42758,2021-06-16 16:33:00,40.80297,-73.96387,1,0,Driver Inattention/Distraction,4431438,23.1,15.1,0.0,0.0,0.0,0.0,1,20.2,40.0,317,Mainly clear,1,1,Sunny/Clear Conditions
42759,2021-06-25 06:40:00,40.77656,-73.95271,1,0,Other Vehicular,4431657,24.7,15.6,0.0,0.0,0.0,0.0,3,20.9,41.0,144,Overcast,1,1,
42760,2021-06-24 08:14:00,40.665512,-73.926384,0,0,Following Too Closely,4431115,23.2,13.5,0.0,0.0,0.0,0.0,3,19.7,40.0,145,Overcast,0,0,
42761,2021-06-24 12:34:00,40.638103,-74.00326,0,0,Other Vehicular,4431297,23.2,13.5,0.0,0.0,0.0,0.0,3,19.7,40.0,145,Overcast,0,0,
42762,2021-06-23 03:45:00,40.595932,-73.75963,0,0,Failure to Yield Right-of-Way,4430333,23.1,12.2,0.0,0.0,0.0,0.0,3,16.5,31.7,309,Overcast,0,0,
42763,2021-06-23 15:00:00,40.831684,-73.85562,0,0,Unspecified,4430191,23.1,12.2,0.0,0.0,0.0,0.0,3,16.5,31.7,309,Overcast,0,0,
42764,2021-06-23 08:00:00,40.7666,-73.89117,0,0,Passing or Lane Usage Improper,4430112,23.1,12.2,0.0,0.0,0.0,0.0,3,16.5,31.7,309,Overcast,0,0,
42765,2021-06-23 17:10:00,40.767582,-73.91201,1,0,Driver Inattention/Distraction,4430392,23.1,12.2,0.0,0.0,0.0,0.0,3,16.5,31.7,309,Overcast,1,1,
42766,2021-06-23 07:30:00,40.66555,-73.77889,0,0,Unsafe Speed,4430488,23.1,12.2,0.0,0.0,0.0,0.0,3,16.5,31.7,309,Overcast,0,0,
42767,2021-06-25 16:00:00,40.668987,-73.915436,0,0,Unspecified,4431342,24.7,15.6,0.0,0.0,0.0,0.0,3,20.9,41.0,144,Overcast,0,0,
42768,2022-01-08 17:30:00,40.648243,-74.014114,0,0,Aggressive Driving/Road Rage,4493438,-3.3,-8.4,0.0,0.0,0.0,0.0,1,21.6,37.8,277,Mainly clear,0,0,Sunny/Clear Conditions
42769,2021-05-19 16:58:00,40.83867,-73.906456,0,0,Passing Too Closely,4431628,28.2,13.6,0.0,0.0,0.0,0.0,3,19.6,40.3,337,Overcast,0,0,
42770,2021-06-23 17:20:00,40.75831,-73.96294,0,0,Driver Inattention/Distraction,4430218,23.1,12.2,0.0,0.0,0.0,0.0,3,16.5,31.7,309,Overcast,0,0,
42771,2021-06-25 21:20:00,40.59592,-73.941025,0,0,Unspecified,4431689,24.7,15.6,0.0,0.0,0.0,0.0,3,20.9,41.0,144,Overcast,0,0,
42772,2021-06-23 11:00:00,40.53448,-74.198586,0,0,Unspecified,4430420,23.1,12.2,0.0,0.0,0.0,0.0,3,16.5,31.7,309,Overcast,0,0,
42773,2021-06-24 16:00:00,40.65766,-73.83371,1,0,Pedestrian/Bicyclist/Other Pedestrian Error/Confusion,4430609,23.2,13.5,0.0,0.0,0.0,0.0,3,19.7,40.0,145,Overcast,1,1,
42774,2021-06-25 16:45:00,40.824383,-73.82396,0,0,Reaction to Uninvolved Vehicle,4431070,24.7,15.6,0.0,0.0,0.0,0.0,3,20.9,41.0,144,Overcast,0,0,
42775,2021-06-22 12:40:00,40.66278,-73.88086,0,0,Driver Inattention/Distraction,4430788,24.2,15.1,8.5,8.5,0.0,9.0,63,22.2,43.2,305,Rain: Moderate,0,0,
42776,2021-06-11 16:10:00,40.678276,-73.910805,0,0,Unspecified,4431373,20.7,15.3,1.2,1.2,0.0,3.0,53,13.2,27.0,97,Drizzle: Moderate,0,0,
42777,2021-06-25 09:38:00,40.84474,-73.922585,0,0,Unsafe Lane Changing,4430847,24.7,15.6,0.0,0.0,0.0,0.0,3,20.9,41.0,144,Overcast,0,0,
42778,2021-06-24 21:15:00,40.72921,-73.781166,1,0,Failure to Yield Right-of-Way,4430715,23.2,13.5,0.0,0.0,0.0,0.0,3,19.7,40.0,145,Overcast,1,1,
42779,2021-06-25 21:00:00,40.722916,-73.73151,1,0,Traffic Control Disregarded,4430953,24.7,15.6,0.0,0.0,0.0,0.0,3,20.9,41.0,144,Overcast,1,1,
42780,2023-01-13 09:00:00,40.698246,-73.92997,0,0,Driver Inattention/Distraction,4598454,12.6,3.1,2.2,2.2,0.0,12.0,53,26.2,47.2,243,Drizzle: Moderate,0,0,
42781,2021-06-23 19:00:00,40.81505,-73.92427,0,0,Other Vehicular,4430299,23.1,12.2,0.0,0.0,0.0,0.0,3,16.5,31.7,309,Overcast,0,0,
42782,2021-06-24 19:08:00,40.71958,-73.83978,0,0,Unspecified,4430575,23.2,13.5,0.0,0.0,0.0,0.0,3,19.7,40.0,145,Overcast,0,0,
42783,2021-06-24 16:10:00,40.657867,-73.938156,0,0,Driver Inexperience,4430541,23.2,13.5,0.0,0.0,0.0,0.0,3,19.7,40.0,145,Overcast,0,0,
42784,2021-06-25 02:14:00,40.811638,-73.9316,0,0,Tire Failure/Inadequate,4430662,24.7,15.6,0.0,0.0,0.0,0.0,3,20.9,41.0,144,Overcast,0,0,
42785,2021-06-25 21:00:00,40.75705,-73.91283,0,0,Unspecified,4431268,24.7,15.6,0.0,0.0,0.0,0.0,3,20.9,41.0,144,Overcast,0,0,
42786,2021-06-24 11:00:00,40.63739,-74.14823,2,0,Backing Unsafely,4430681,23.2,13.5,0.0,0.0,0.0,0.0,3,19.7,40.0,145,Overcast,2,2,
42787,2021-06-23 11:30:00,40.844246,-73.93372,0,0,Driver Inattention/Distraction,4430320,23.1,12.2,0.0,0.0,0.0,0.0,3,16.5,31.7,309,Overcast,0,0,
42788,2021-06-24 14:42:00,40.83553,-73.86317,1,0,Failure to Yield Right-of-Way,4430815,23.2,13.5,0.0,0.0,0.0,0.0,3,19.7,40.0,145,Overcast,1,1,
42789,2021-06-14 05:30:00,40.727432,-73.90713,1,0,Failure to Yield Right-of-Way,4431498,21.4,17.5,21.7,21.7,0.0,11.0,65,21.1,48.6,154,Rain: Heavy,1,1,
42790,2021-06-19 22:54:00,40.735394,-73.77983,0,0,Backing Unsafely,4430700,31.5,19.5,1.2,1.2,0.0,3.0,53,21.1,38.2,243,Drizzle: Moderate,0,0,
42791,2021-06-23 20:32:00,40.75669,-73.808266,0,0,Following Too Closely,4430250,23.1,12.2,0.0,0.0,0.0,0.0,3,16.5,31.7,309,Overcast,0,0,
42792,2021-06-18 14:44:00,40.691433,-73.89063,0,0,Passing or Lane Usage Improper,4431492,27.4,13.8,0.0,0.0,0.0,0.0,3,20.5,40.3,210,Overcast,0,0,
42793,2021-06-06 11:04:00,40.667236,-73.770004,1,0,Unspecified,4423866,31.0,20.0,0.0,0.0,0.0,0.0,1,16.6,32.4,222,Mainly clear,1,1,Sunny/Clear Conditions
42794,2021-06-23 20:10:00,40.66514,-73.92459,1,0,Passing or Lane Usage Improper,4431468,23.1,12.2,0.0,0.0,0.0,0.0,3,16.5,31.7,309,Overcast,1,1,
42795,2021-06-25 00:35:00,40.766895,-73.95668,0,0,Traffic Control Disregarded,4430645,24.7,15.6,0.0,0.0,0.0,0.0,3,20.9,41.0,144,Overcast,0,0,
42796,2021-06-21 05:00:00,40.67253,-73.77119,0,0,Passing Too Closely,4431013,28.0,21.7,0.5,0.5,0.0,2.0,51,24.4,46.8,181,Drizzle: Light,0,0,
42797,2021-06-24 12:00:00,40.704544,-73.727234,0,0,Driver Inattention/Distraction,4430889,23.2,13.5,0.0,0.0,0.0,0.0,3,19.7,40.0,145,Overcast,0,0,
42798,2021-06-24 00:00:00,40.709003,-73.92234,0,0,Oversized Vehicle,4430521,23.2,13.5,0.0,0.0,0.0,0.0,3,19.7,40.0,145,Overcast,0,0,
42799,2021-06-24 08:48:00,40.6665,-73.9962,0,0,Following Too Closely,4431218,23.2,13.5,0.0,0.0,0.0,0.0,3,19.7,40.0,145,Overcast,0,0,
42800,2021-06-21 14:30:00,40.68423,-73.870125,0,0,Driver Inattention/Distraction,4430906,28.0,21.7,0.5,0.5,0.0,2.0,51,24.4,46.8,181,Drizzle: Light,0,0,
42801,2021-06-25 15:40:00,40.6722,-73.734604,2,0,Driver Inexperience,4430986,24.7,15.6,0.0,0.0,0.0,0.0,3,20.9,41.0,144,Overcast,2,2,
42802,2021-06-24 14:50:00,40.827904,-73.91218,0,0,Driver Inattention/Distraction,4431171,23.2,13.5,0.0,0.0,0.0,0.0,3,19.7,40.0,145,Overcast,0,0,
42803,2021-06-25 12:10:00,40.62679,-73.92576,0,0,Unspecified,4431036,24.7,15.6,0.0,0.0,0.0,0.0,3,20.9,41.0,144,Overcast,0,0,
42804,2021-06-25 14:29:00,40.68999,-73.78327,1,0,Failure to Yield Right-of-Way,4430837,24.7,15.6,0.0,0.0,0.0,0.0,3,20.9,41.0,144,Overcast,1,1,
42805,2021-06-24 15:32:00,40.65616,-73.76736,0,0,Following Too Closely,4430530,23.2,13.5,0.0,0.0,0.0,0.0,3,19.7,40.0,145,Overcast,0,0,
42806,2021-06-23 17:45:00,40.6853,-73.871506,0,0,Unspecified,4430938,23.1,12.2,0.0,0.0,0.0,0.0,3,16.5,31.7,309,Overcast,0,0,
42807,2021-06-25 10:50:00,40.704952,-74.00906,0,0,,4430842,24.7,15.6,0.0,0.0,0.0,0.0,3,20.9,41.0,144,Overcast,0,0,
42808,2021-06-24 16:42:00,40.63837,-73.92402,0,0,Unspecified,4430800,23.2,13.5,0.0,0.0,0.0,0.0,3,19.7,40.0,145,Overcast,0,0,
42809,2021-06-24 10:15:00,40.712532,-73.8154,2,0,Failure to Yield Right-of-Way,4430710,23.2,13.5,0.0,0.0,0.0,0.0,3,19.7,40.0,145,Overcast,2,2,
42810,2021-06-13 12:15:00,40.727432,-73.90713,1,0,Failure to Yield Right-of-Way,4431094,23.9,15.0,0.2,0.2,0.0,2.0,51,17.7,35.6,185,Drizzle: Light,1,1,
42811,2021-06-24 10:00:00,40.630264,-73.901146,1,0,Lost Consciousness,4430548,23.2,13.5,0.0,0.0,0.0,0.0,3,19.7,40.0,145,Overcast,1,1,
42812,2021-06-24 23:48:00,40.869846,-73.8446,0,0,Failure to Yield Right-of-Way,4431388,23.2,13.5,0.0,0.0,0.0,0.0,3,19.7,40.0,145,Overcast,0,0,
42813,2021-06-23 14:44:00,40.80321,-73.918106,0,0,Unspecified,4430284,23.1,12.2,0.0,0.0,0.0,0.0,3,16.5,31.7,309,Overcast,0,0,