,CRASH DATETIME,LATITUDE,LONGITUDE,NUMBER OF PERSONS INJURED,NUMBER OF PERSONS KILLED,CONTRIBUTING FACTOR VEHICLE 1,COLLISION_ID,temperature_2m_max,temperature_2m_min,precipitation_sum,rain_sum,snowfall_sum,precipitation_hours,weather_code,wind_speed_10m_max,wind_gusts_10m_max,wind_direction_10m_dominant,Weather Description,Severity_Score,Total_Affected_Persons,Weather_Category
42814,2022-01-08 16:00:00,40.830536,-73.91948,0,0,Turning Improperly,4493058,-3.3,-8.4,0.0,0.0,0.0,0.0,1,21.6,37.8,277,Mainly clear,0,0,Sunny/Clear Conditions
42815,2022-01-05 14:00:00,40.738304,-73.94018,0,0,Driver Inattention/Distraction,4493379,6.9,-2.1,0.5,0.5,0.0,4.0,51,21.8,38.2,216,Drizzle: Light,0,0,
42816,2022-01-07 20:40:00,40.8724,-73.88981,1,0,Pavement Slippery,4493411,-0.0,-5.7,9.0,0.0,6.3,11.0,75,26.8,48.6,313,Snow fall: Heavy,1,1,Snowy Conditions
42817,2022-01-08 08:40:00,40.70233,-73.87604,0,0,Pavement Slippery,4493159,-3.3,-8.4,0.0,0.0,0.0,0.0,1,21.6,37.8,277,Mainly clear,0,0,Sunny/Clear Conditions
42818,2022-01-07 10:30:00,40.68016,-73.893196,0,0,Pavement Slippery,4493518,-0.0,-5.7,9.0,0.0,6.3,11.0,75,26.8,48.6,313,Snow fall: Heavy,0,0,Snowy Conditions
42819,2022-01-08 12:15:00,40.644604,-73.91996,1,0,Unspecified,4493044,-3.3,-8.4,0.0,0.0,0.0,0.0,1,21.6,37.8,277,Mainly clear,1,1,Sunny/Clear Conditions
42820,2022-01-07 15:44:00,40.676636,-73.88144,0,0,Driver Inattention/Distraction,4493536,-0.0,-5.7,9.0,0.0,6.3,11.0,75,26.8,48.6,313,Snow fall: Heavy,0,0,Snowy Conditions
42821,2022-01-08 19:44:00,40.654797,-73.93943,0,0,Following Too Closely,4493035,-3.3,-8.4,0.0,0.0,0.0,0.0,1,21.6,37.8,277,Mainly clear,0,0,Sunny/Clear Conditions
42822,2022-01-08 11:30:00,40.592815,-73.90808,0,0,Driver Inattention/Distraction,4492827,-3.3,-8.4,0.0,0.0,0.0,0.0,1,21.6,37.8,277,Mainly clear,0,0,Sunny/Clear Conditions
42823,2022-01-08 20:45:00,40.694305,-73.973145,0,0,Driver Inattention/Distraction,4492912,-3.3,-8.4,0.0,0.0,0.0,0.0,1,21.6,37.8,277,Mainly clear,0,0,Sunny/Clear Conditions
42824,2022-01-08 16:40:00,40.86258,-73.925385,0,0,Turning Improperly,4493114,-3.3,-8.4,0.0,0.0,0.0,0.0,1,21.6,37.8,277,Mainly clear,0,0,Sunny/Clear Conditions
42825,2021-12-30 12:36:00,40.67221,-73.92802,0,0,Passing Too Closely,4493499,8.3,5.0,1.8,1.8,0.0,7.0,53,9.9,17.6,22,Drizzle: Moderate,0,0,
42826,2022-01-08 20:25:00,40.75296,-73.873535,0,0,Driver Inattention/Distraction,4493131,-3.3,-8.4,0.0,0.0,0.0,0.0,1,21.6,37.8,277,Mainly clear,0,0,Sunny/Clear Conditions
42827,2022-01-08 19:18:00,40.769737,-73.96271,1,0,Driver Inattention/Distraction,4493287,-3.3,-8.4,0.0,0.0,0.0,0.0,1,21.6,37.8,277,Mainly clear,1,1,Sunny/Clear Conditions
42828,2022-01-06 11:01:00,40.67386,-73.88259,2,0,Backing Unsafely,4493509,4.1,-0.7,0.0,0.0,0.0,0.0,3,20.2,38.2,269,Overcast,2,2,
42829,2022-01-08 12:00:00,40.674477,-73.904205,0,0,Outside Car Distraction,4493070,-3.3,-8.4,0.0,0.0,0.0,0.0,1,21.6,37.8,277,Mainly clear,0,0,Sunny/Clear Conditions
42830,2022-01-08 07:00:00,40.65222,-73.95787,0,0,Unspecified,4492990,-3.3,-8.4,0.0,0.0,0.0,0.0,1,21.6,37.8,277,Mainly clear,0,0,Sunny/Clear Conditions
42831,2021-12-19 15:09:00,40.694065,-73.80142,1,0,Traffic Control Disregarded,4493564,7.1,-1.8,0.5,0.5,0.0,4.0,51,26.4,47.5,327,Drizzle: Light,1,1,
42832,2022-01-08 16:00:00,40.743057,-73.87769,0,0,Failure to Yield Right-of-Way,4493602,-3.3,-8.4,0.0,0.0,0.0,0.0,1,21.6,37.8,277,Mainly clear,0,0,Sunny/Clear Conditions
42833,2022-01-07 04:30:00,40.745197,-73.900406,0,0,Driver Inattention/Distraction,4493367,-0.0,-5.7,9.0,0.0,6.3,11.0,75,26.8,48.6,313,Snow fall: Heavy,0,0,Snowy Conditions
42834,2022-01-07 12:30:00,40.814026,-73.88959,0,0,Unspecified,4493467,-0.0,-5.7,9.0,0.0,6.3,11.0,75,26.8,48.6,313,Snow fall: Heavy,0,0,Snowy Conditions
42835,2022-01-08 10:25:00,40.62445,-73.968025,0,0,Unspecified,4493141,-3.3,-8.4,0.0,0.0,0.0,0.0,1,21.6,37.8,277,Mainly clear,0,0,Sunny/Clear Conditions
42836,2022-01-08 20:04:00,40.743473,-73.97677,0,0,Driver Inattention/Distraction,4493251,-3.3,-8.4,0.0,0.0,0.0,0.0,1,21.6,37.8,277,Mainly clear,0,0,Sunny/Clear Conditions
42837,2022-01-07 06:10:00,40.671047,-73.892715,0,0,Unspecified,4493523,-0.0,-5.7,9.0,0.0,6.3,11.0,75,26.8,48.6,313,Snow fall: Heavy,0,0,Snowy Conditions
42838,2022-01-08 16:05:00,40.676815,-73.82338,1,0,Failure to Yield Right-of-Way,4493273,-3.3,-8.4,0.0,0.0,0.0,0.0,1,21.6,37.8,277,Mainly clear,1,1,Sunny/Clear Conditions
42839,2022-01-07 06:20:00,40.67949,-73.87927,0,0,Unspecified,4493529,-0.0,-5.7,9.0,0.0,6.3,11.0,75,26.8,48.6,313,Snow fall: Heavy,0,0,Snowy Conditions
42840,2022-01-08 01:49:00,40.749317,-73.8852,0,0,Backing Unsafely,4492814,-3.3,-8.4,0.0,0.0,0.0,0.0,1,21.6,37.8,277,Mainly clear,0,0,Sunny/Clear Conditions
42841,2022-01-05 11:00:00,40.636692,-74.085884,4,0,Passing Too Closely,4493565,6.9,-2.1,0.5,0.5,0.0,4.0,51,21.8,38.2,216,Drizzle: Light,4,4,
42842,2022-01-08 15:47:00,40.74901,-73.83465,0,0,Following Too Closely,4493043,-3.3,-8.4,0.0,0.0,0.0,0.0,1,21.6,37.8,277,Mainly clear,0,0,Sunny/Clear Conditions
42843,2022-01-08 14:35:00,40.862778,-73.906166,0,0,Unspecified,4493402,-3.3,-8.4,0.0,0.0,0.0,0.0,1,21.6,37.8,277,Mainly clear,0,0,Sunny/Clear Conditions
42844,2022-01-08 22:00:00,40.66343,-73.74079,1,0,Pavement Slippery,4492908,-3.3,-8.4,0.0,0.0,0.0,0.0,1,21.6,37.8,277,Mainly clear,1,1,Sunny/Clear Conditions
42845,2022-01-08 06:25:00,40.822163,-73.842445,0,0,Failure to Yield Right-of-Way,4493393,-3.3,-8.4,0.0,0.0,0.0,0.0,1,21.6,37.8,277,Mainly clear,0,0,Sunny/Clear Conditions
42846,2022-01-04 09:05:00,40.853806,-73.855286,1,0,Traffic Control Disregarded,4493619,0.7,-6.7,0.0,0.0,0.0,0.0,3,20.0,36.4,287,Overcast,1,1,
42847,2022-01-08 02:30:00,40.67058,-73.93096,0,0,Oversized Vehicle,4493500,-3.3,-8.4,0.0,0.0,0.0,0.0,1,21.6,37.8,277,Mainly clear,0,0,Sunny/Clear Conditions
42848,2022-01-08 21:03:00,40.712086,-73.731026,0,0,Following Too Closely,4493154,-3.3,-8.4,0.0,0.0,0.0,0.0,1,21.6,37.8,277,Mainly clear,0,0,Sunny/Clear Conditions
42849,2022-01-08 08:25:00,40.70636,-73.95192,1,0,Pedestrian/Bicyclist/Other Pedestrian Error/Confusion,4493232,-3.3,-8.4,0.0,0.0,0.0,0.0,1,21.6,37.8,277,Mainly clear,1,1,Sunny/Clear Conditions
42850,2022-01-08 20:00:00,40.804066,-73.93117,0,0,Unsafe Speed,4493459,-3.3,-8.4,0.0,0.0,0.0,0.0,1,21.6,37.8,277,Mainly clear,0,0,Sunny/Clear Conditions
42851,2022-01-08 19:40:00,40.844177,-73.89744,1,0,Driver Inattention/Distraction,4493325,-3.3,-8.4,0.0,0.0,0.0,0.0,1,21.6,37.8,277,Mainly clear,1,1,Sunny/Clear Conditions
42852,2022-01-08 22:02:00,40.69596,-73.964096,0,0,Following Too Closely,4492931,-3.3,-8.4,0.0,0.0,0.0,0.0,1,21.6,37.8,277,Mainly clear,0,0,Sunny/Clear Conditions
42853,2022-01-08 08:40:00,40.607765,-73.98255,0,0,Passing Too Closely,4492968,-3.3,-8.4,0.0,0.0,0.0,0.0,1,21.6,37.8,277,Mainly clear,0,0,Sunny/Clear Conditions
42854,2022-01-08 10:00:00,40.839447,-73.88384,0,0,Unspecified,4493356,-3.3,-8.4,0.0,0.0,0.0,0.0,1,21.6,37.8,277,Mainly clear,0,0,Sunny/Clear Conditions
42855,2022-01-08 23:00:00,40.72125,-73.99224,0,0,Following Too Closely,4493084,-3.3,-8.4,0.0,0.0,0.0,0.0,1,21.6,37.8,277,Mainly clear,0,0,Sunny/Clear Conditions
42856,2022-01-08 21:50:00,40.605335,-73.91355,0,0,Driver Inattention/Distraction,4492934,-3.3,-8.4,0.0,0.0,0.0,0.0,1,21.6,37.8,277,Mainly clear,0,0,Sunny/Clear Conditions
42857,2022-01-08 09:10:00,40.64507,-73.95803,0,0,Turning Improperly,4492992,-3.3,-8.4,0.0,0.0,0.0,0.0,1,21.6,37.8,277,Mainly clear,0,0,Sunny/Clear Conditions
42858,2021-12-23 11:00:00,40.71048,-73.9655,0,0,Following Too Closely,4493468,2.1,-2.3,0.0,0.0,0.0,0.0,3,20.1,35.6,299,Overcast,0,0,
42859,2022-01-06 14:40:00,40.677155,-73.88773,0,0,Following Too Closely,4493427,4.1,-0.7,0.0,0.0,0.0,0.0,3,20.2,38.2,269,Overcast,0,0,
42860,2022-01-08 08:30:00,40.83836,-73.92493,0,0,Driver Inattention/Distraction,4493440,-3.3,-8.4,0.0,0.0,0.0,0.0,1,21.6,37.8,277,Mainly clear,0,0,Sunny/Clear Conditions
42861,2022-01-08 14:30:00,40.691093,-73.72683,0,0,Following Too Closely,4492847,-3.3,-8.4,0.0,0.0,0.0,0.0,1,21.6,37.8,277,Mainly clear,0,0,Sunny/Clear Conditions
42862,2022-01-08 16:22:00,40.704346,-73.940956,1,0,Failure to Yield Right-of-Way,4493241,-3.3,-8.4,0.0,0.0,0.0,0.0,1,21.6,37.8,277,Mainly clear,1,1,Sunny/Clear Conditions
42863,2022-01-08 17:00:00,40.75727,-73.74765,0,0,Following Too Closely,4492898,-3.3,-8.4,0.0,0.0,0.0,0.0,1,21.6,37.8,277,Mainly clear,0,0,Sunny/Clear Conditions
42864,2021-12-30 03:34:00,40.647114,-73.94338,1,0,Driver Inattention/Distraction,4493365,8.3,5.0,1.8,1.8,0.0,7.0,53,9.9,17.6,22,Drizzle: Moderate,1,1,
42865,2022-01-08 11:20:00,40.769543,-73.98961,0,0,Driver Inattention/Distraction,4492840,-3.3,-8.4,0.0,0.0,0.0,0.0,1,21.6,37.8,277,Mainly clear,0,0,Sunny/Clear Conditions
42866,2022-01-08 09:00:00,40.604637,-73.97614,0,0,Driver Inattention/Distraction,4493023,-3.3,-8.4,0.0,0.0,0.0,0.0,1,21.6,37.8,277,Mainly clear,0,0,Sunny/Clear Conditions
42867,2022-01-07 18:43:00,40.875225,-73.873535,0,0,Pavement Slippery,4493420,-0.0,-5.7,9.0,0.0,6.3,11.0,75,26.8,48.6,313,Snow fall: Heavy,0,0,Snowy Conditions
42868,2022-01-08 22:00:00,40.743664,-73.856064,2,0,Failure to Yield Right-of-Way,4493309,-3.3,-8.4,0.0,0.0,0.0,0.0,1,21.6,37.8,277,Mainly clear,2,2,Sunny/Clear Conditions
42869,2022-01-08 17:00:00,40.72878,-73.926155,4,0,Driver Inattention/Distraction,4492916,-3.3,-8.4,0.0,0.0,0.0,0.0,1,21.6,37.8,277,Mainly clear,4,4,Sunny/Clear Conditions
42870,2022-01-07 09:00:00,40.72812,-73.819435,0,0,Driver Inattention/Distraction,4493594,-0.0,-5.7,9.0,0.0,6.3,11.0,75,26.8,48.6,313,Snow fall: Heavy,0,0,Snowy Conditions
42871,2022-01-07 21:35:00,40.67134,-73.89959,0,0,Unspecified,4493537,-0.0,-5.7,9.0,0.0,6.3,11.0,75,26.8,48.6,313,Snow fall: Heavy,0,0,Snowy Conditions
42872,2022-01-08 23:15:00,40.848118,-73.93089,0,0,Unspecified,4493117,-3.3,-8.4,0.0,0.0,0.0,0.0,1,21.6,37.8,277,Mainly clear,0,0,Sunny/Clear Conditions
42873,2022-01-08 02:49:00,40.837864,-73.9114,2,0,Unsafe Speed,4493061,-3.3,-8.4,0.0,0.0,0.0,0.0,1,21.6,37.8,277,Mainly clear,2,2,Sunny/Clear Conditions
42874,2021-12-31 11:30:00,40.719845,-73.94726,0,0,Unspecified,4493483,11.1,7.1,2.7,2.7,0.0,5.0,55,14.9,29.2,193,Drizzle: Dense,0,0,
42875,2022-01-06 16:15:00,40.662766,-73.89353,0,0,Pavement Slippery,4493517,4.1,-0.7,0.0,0.0,0.0,0.0,3,20.2,38.2,269,Overcast,0,0,
42876,2022-01-08 12:40:00,40.769363,-73.87538,2,0,Driver Inattention/Distraction,4493132,-3.3,-8.4,0.0,0.0,0.0,0.0,1,21.6,37.8,277,Mainly clear,2,2,Sunny/Clear Conditions
42877,2022-01-08 03:40:00,40.68372,-73.96491,0,0,Unspecified,4492913,-3.3,-8.4,0.0,0.0,0.0,0.0,1,21.6,37.8,277,Mainly clear,0,0,Sunny/Clear Conditions
42878,2024-09-29 08:00:00,40.739933,-73.84579,1,0,Driver Inattention/Distraction,4760026,18.0,16.4,2.5,2.5,0.0,11.0,53,18.1,33.5,64,Drizzle: Moderate,1,1,
42879,2022-01-08 12:15:00,40.66641,-73.78467,1,0,Pavement Slippery,4492893,-3.3,-8.4,0.0,0.0,0.0,0.0,1,21.6,37.8,277,Mainly clear,1,1,Sunny/Clear Conditions
42880,2022-01-05 12:35:00,40.59039,-73.99155,0,0,Pavement Slippery,4493630,6.9,-2.1,0.5,0.5,0.0,4.0,51,21.8,38.2,216,Drizzle: Light,0,0,
42881,2022-01-08 04:53:00,40.662846,-73.94284,0,0,Driver Inattention/Distraction,4493372,-3.3,-8.4,0.0,0.0,0.0,0.0,1,21.6,37.8,277,Mainly clear,0,0,Sunny/Clear Conditions
42882,2022-01-08 04:05:00,40.61456,-74.156555,0,0,Alcohol Involvement,4493447,-3.3,-8.4,0.0,0.0,0.0,0.0,1,21.6,37.8,277,Mainly clear,0,0,Sunny/Clear Conditions
42883,2022-01-08 01:30:00,40.639057,-74.08325,0,0,Unspecified,4493184,-3.3,-8.4,0.0,0.0,0.0,0.0,1,21.6,37.8,277,Mainly clear,0,0,Sunny/Clear Conditions
42884,2022-01-07 15:30:00,40.877827,-73.879585,0,0,Unspecified,4493409,-0.0,-5.7,9.0,0.0,6.3,11.0,75,26.8,48.6,313,Snow fall: Heavy,0,0,Snowy Conditions
42885,2022-01-08 19:00:00,40.596172,-73.96658,0,0,Driver Inattention/Distraction,4493285,-3.3,-8.4,0.0,0.0,0.0,0.0,1,21.6,37.8,277,Mainly clear,0,0,Sunny/Clear Conditions
42886,2022-01-08 01:30:00,40.774113,-73.98863,0,0,Unsafe Lane Changing,4492884,-3.3,-8.4,0.0,0.0,0.0,0.0,1,21.6,37.8,277,Mainly clear,0,0,Sunny/Clear Conditions
42887,2022-01-08 11:32:00,40.60226,-74.003075,0,0,Backing Unsafely,4492832,-3.3,-8.4,0.0,0.0,0.0,0.0,1,21.6,37.8,277,Mainly clear,0,0,Sunny/Clear Conditions
42888,2022-01-08 15:00:00,40.648182,-73.93001,0,0,Driver Inattention/Distraction,4493034,-3.3,-8.4,0.0,0.0,0.0,0.0,1,21.6,37.8,277,Mainly clear,0,0,Sunny/Clear Conditions
42889,2022-01-08 19:20:00,40.696033,-73.984535,1,0,Unspecified,4493208,-3.3,-8.4,0.0,0.0,0.0,0.0,1,21.6,37.8,277,Mainly clear,1,1,Sunny/Clear Conditions
42890,2022-01-08 11:45:00,40.711037,-73.814445,0,0,Driver Inattention/Distraction,4492958,-3.3,-8.4,0.0,0.0,0.0,0.0,1,21.6,37.8,277,Mainly clear,0,0,Sunny/Clear Conditions
42891,2021-12-10 14:30:00,40.678787,-73.89613,1,0,Driver Inattention/Distraction,4493541,8.5,1.6,0.0,0.0,0.0,0.0,3,9.8,20.5,183,Overcast,1,1,
42892,2022-01-03 17:55:00,40.76155,-73.96659,0,0,Driver Inattention/Distraction,4493581,2.0,-4.4,1.4,0.0,0.98,6.0,73,29.3,55.4,359,Snow fall: Moderate,0,0,Snowy Conditions
42893,2021-10-17 19:30:00,40.7219605,-73.9869544,0,0,Unspecified,4468142,17.3,11.1,0.2,0.2,0.0,2.0,51,23.9,43.9,293,Drizzle: Light,0,0,
42894,2022-01-07 01:55:00,40.668667,-73.868324,1,0,Unspecified,4493496,-0.0,-5.7,9.0,0.0,6.3,11.0,75,26.8,48.6,313,Snow fall: Heavy,1,1,Snowy Conditions
42895,2022-01-08 13:07:00,40.611263,-74.007645,0,0,Passing Too Closely,4493045,-3.3,-8.4,0.0,0.0,0.0,0.0,1,21.6,37.8,277,Mainly clear,0,0,Sunny/Clear Conditions
42896,2022-01-06 21:33:00,40.678844,-73.86609,0,0,Driver Inexperience,4493510,4.1,-0.7,0.0,0.0,0.0,0.0,3,20.2,38.2,269,Overcast,0,0,
42897,2022-01-08 15:42:00,40.59623,-73.74645,0,0,Unspecified,4493361,-3.3,-8.4,0.0,0.0,0.0,0.0,1,21.6,37.8,277,Mainly clear,0,0,Sunny/Clear Conditions
42898,2022-01-08 21:54:00,40.86229,-73.83104,0,0,Alcohol Involvement,4492909,-3.3,-8.4,0.0,0.0,0.0,0.0,1,21.6,37.8,277,Mainly clear,0,0,Sunny/Clear Conditions
42899,2021-12-17 20:51:00,40.72145,-73.84399,0,0,Brakes Defective,4493404,13.9,6.1,0.0,0.0,0.0,0.0,3,21.5,37.1,265,Overcast,0,0,
42900,2022-01-05 16:35:00,40.66552,-73.74467,0,0,Following Too Closely,4492257,6.9,-2.1,0.5,0.5,0.0,4.0,51,21.8,38.2,216,Drizzle: Light,0,0,
42901,2022-01-08 07:15:00,40.832573,-73.91052,0,0,Backing Unsafely,4493335,-3.3,-8.4,0.0,0.0,0.0,0.0,1,21.6,37.8,277,Mainly clear,0,0,Sunny/Clear Conditions
42902,2022-01-08 18:07:00,40.664963,-73.98982,1,0,Failure to Yield Right-of-Way,4492938,-3.3,-8.4,0.0,0.0,0.0,0.0,1,21.6,37.8,277,Mainly clear,1,1,Sunny/Clear Conditions
42903,2022-01-07 14:27:00,40.806187,-73.940315,0,0,Backing Unsafely,4493455,-0.0,-5.7,9.0,0.0,6.3,11.0,75,26.8,48.6,313,Snow fall: Heavy,0,0,Snowy Conditions
42904,2022-01-03 21:38:00,40.632435,-73.88818,3,0,Failure to Yield Right-of-Way,4493442,2.0,-4.4,1.4,0.0,0.98,6.0,73,29.3,55.4,359,Snow fall: Moderate,3,3,Snowy Conditions
42905,2022-01-08 12:25:00,40.736156,-73.71371,0,0,Driver Inattention/Distraction,4492850,-3.3,-8.4,0.0,0.0,0.0,0.0,1,21.6,37.8,277,Mainly clear,0,0,Sunny/Clear Conditions
42906,2022-01-08 08:00:00,40.666145,-73.759125,0,0,Unspecified,4493139,-3.3,-8.4,0.0,0.0,0.0,0.0,1,21.6,37.8,277,Mainly clear,0,0,Sunny/Clear Conditions
42907,2021-10-02 19:45:00,40.588593,-73.985695,0,0,Backing Unsafely,4493557,23.7,10.8,0.0,0.0,0.0,0.0,3,17.0,34.2,254,Overcast,0,0,
42908,2022-01-08 14:00:00,40.67268,-73.953026,0,0,Backing Unsafely,4493566,-3.3,-8.4,0.0,0.0,0.0,0.0,1,21.6,37.8,277,Mainly clear,0,0,Sunny/Clear Conditions
42909,2022-01-08 04:55:00,40.68815,-73.84884,0,0,Following Too Closely,4492820,-3.3,-8.4,0.0,0.0,0.0,0.0,1,21.6,37.8,277,Mainly clear,0,0,Sunny/Clear Conditions
42910,2022-01-08 23:39:00,40.78922,-73.83909,2,0,Failure to Yield Right-of-Way,4493240,-3.3,-8.4,0.0,0.0,0.0,0.0,1,21.6,37.8,277,Mainly clear,2,2,Sunny/Clear Conditions
42911,2022-01-08 10:41:00,40.761856,-73.96343,0,0,Failure to Yield Right-of-Way,4493280,-3.3,-8.4,0.0,0.0,0.0,0.0,1,21.6,37.8,277,Mainly clear,0,0,Sunny/Clear Conditions
42912,2022-01-08 14:43:00,40.659336,-73.92726,4,0,Pavement Slippery,4493042,-3.3,-8.4,0.0,0.0,0.0,0.0,1,21.6,37.8,277,Mainly clear,4,4,Sunny/Clear Conditions
42913,2022-01-07 17:45:00,40.55924,-74.171684,1,0,Pavement Slippery,4493460,-0.0,-5.7,9.0,0.0,6.3,11.0,75,26.8,48.6,313,Snow fall: Heavy,1,1,Snowy Conditions
42914,2022-01-08 05:00:00,40.826622,-73.930984,0,0,Unsafe Speed,4493082,-3.3,-8.4,0.0,0.0,0.0,0.0,1,21.6,37.8,277,Mainly clear,0,0,Sunny/Clear Conditions
42915,2022-01-08 03:16:00,40.720238,-73.94441,1,0,Alcohol Involvement,4493256,-3.3,-8.4,0.0,0.0,0.0,0.0,1,21.6,37.8,277,Mainly clear,1,1,Sunny/Clear Conditions
42916,2022-01-08 09:00:00,40.791733,-73.81017,0,0,Failure to Yield Right-of-Way,4492928,-3.3,-8.4,0.0,0.0,0.0,0.0,1,21.6,37.8,277,Mainly clear,0,0,Sunny/Clear Conditions
42917,2021-12-21 16:07:00,40.672363,-73.9308,1,0,Failure to Yield Right-of-Way,4493504,5.7,-2.4,0.0,0.0,0.0,0.0,3,13.6,24.5,228,Overcast,1,1,
42918,2022-02-19 14:15:00,40.74464,-73.83355,0,0,Unsafe Speed,4504812,3.3,-5.5,0.4,0.0,0.28,4.0,71,35.3,64.4,260,Snow fall: Light,0,0,Snowy Conditions
42919,2021-10-17 16:34:00,40.8410655,-73.8412578,1,0,Unspecified,4468284,17.3,11.1,0.2,0.2,0.0,2.0,51,23.9,43.9,293,Drizzle: Light,1,1,
42920,2022-01-08 12:25:00,40.83029,-73.850655,1,0,Following Too Closely,4493395,-3.3,-8.4,0.0,0.0,0.0,0.0,1,21.6,37.8,277,Mainly clear,1,1,Sunny/Clear Conditions
42921,2022-01-08 04:10:00,40.70695,-73.83785,0,0,Unsafe Speed,4493469,-3.3,-8.4,0.0,0.0,0.0,0.0,1,21.6,37.8,277,Mainly clear,0,0,Sunny/Clear Conditions
42922,2022-01-08 15:00:00,40.72394,-73.77845,1,0,Driver Inattention/Distraction,4492996,-3.3,-8.4,0.0,0.0,0.0,0.0,1,21.6,37.8,277,Mainly clear,1,1,Sunny/Clear Conditions
42923,2022-01-06 14:00:00,40.664497,-73.8778,0,0,Unspecified,4493428,4.1,-0.7,0.0,0.0,0.0,0.0,3,20.2,38.2,269,Overcast,0,0,
42924,2022-01-08 17:53:00,40.72425,-74.002205,1,0,Unsafe Lane Changing,4493065,-3.3,-8.4,0.0,0.0,0.0,0.0,1,21.6,37.8,277,Mainly clear,1,1,Sunny/Clear Conditions
42925,2022-01-08 20:00:00,40.74664,-73.891396,1,0,Backing Unsafely,4493149,-3.3,-8.4,0.0,0.0,0.0,0.0,1,21.6,37.8,277,Mainly clear,1,1,Sunny/Clear Conditions
42926,2022-01-07 21:45:00,40.67046,-73.88788,1,0,Driver Inattention/Distraction,4493530,-0.0,-5.7,9.0,0.0,6.3,11.0,75,26.8,48.6,313,Snow fall: Heavy,1,1,Snowy Conditions
42927,2022-01-08 13:30:00,40.699715,-73.96182,0,0,Failure to Yield Right-of-Way,4493229,-3.3,-8.4,0.0,0.0,0.0,0.0,1,21.6,37.8,277,Mainly clear,0,0,Sunny/Clear Conditions
42928,2022-01-08 18:50:00,40.73485,-73.87956,1,0,Failure to Yield Right-of-Way,4493048,-3.3,-8.4,0.0,0.0,0.0,0.0,1,21.6,37.8,277,Mainly clear,1,1,Sunny/Clear Conditions
42929,2022-01-07 22:45:00,40.64542,-73.90266,1,0,Following Too Closely,4493513,-0.0,-5.7,9.0,0.0,6.3,11.0,75,26.8,48.6,313,Snow fall: Heavy,1,1,Snowy Conditions
42930,2022-01-07 02:42:00,40.67189,-73.895874,1,0,Following Too Closely,4493522,-0.0,-5.7,9.0,0.0,6.3,11.0,75,26.8,48.6,313,Snow fall: Heavy,1,1,Snowy Conditions
42931,2022-01-08 13:08:00,40.676144,-73.893074,0,0,Unspecified,4493538,-3.3,-8.4,0.0,0.0,0.0,0.0,1,21.6,37.8,277,Mainly clear,0,0,Sunny/Clear Conditions
42932,2022-01-08 00:28:00,40.668293,-73.97924,0,0,Unspecified,4493119,-3.3,-8.4,0.0,0.0,0.0,0.0,1,21.6,37.8,277,Mainly clear,0,0,Sunny/Clear Conditions
42933,2022-02-20 19:04:00,40.753788,-73.744286,0,0,Driver Inattention/Distraction,4504241,2.4,-6.6,0.0,0.0,0.0,0.0,3,23.4,44.3,250,Overcast,0,0,
42934,2022-02-20 14:12:00,40.62625,-73.95163,0,0,Unspecified,4504359,2.4,-6.6,0.0,0.0,0.0,0.0,3,23.4,44.3,250,Overcast,0,0,
42935,2022-02-20 01:00:00,40.69205,-73.982544,0,0,Unsafe Lane Changing,4504897,2.4,-6.6,0.0,0.0,0.0,0.0,3,23.4,44.3,250,Overcast,0,0,
42936,2022-02-17 15:00:00,40.722496,-73.940414,1,0,Following Too Closely,4504731,16.7,5.1,2.2,2.2,0.0,2.0,61,31.8,56.5,201,Rain: Light,1,1,
42937,2022-02-20 18:00:00,40.836937,-73.927124,0,0,Passing Too Closely,4504371,2.4,-6.6,0.0,0.0,0.0,0.0,3,23.4,44.3,250,Overcast,0,0,
42938,2022-02-20 06:06:00,40.651688,-73.9314,0,0,Unspecified,4504512,2.4,-6.6,0.0,0.0,0.0,0.0,3,23.4,44.3,250,Overcast,0,0,
42939,2022-02-19 19:00:00,40.847713,-73.89182,0,0,Passing Too Closely,4504737,3.3,-5.5,0.4,0.0,0.28,4.0,71,35.3,64.4,260,Snow fall: Light,0,0,Snowy Conditions
42940,2022-02-20 18:00:00,40.69821,-73.92406,1,0,Driver Inattention/Distraction,4504344,2.4,-6.6,0.0,0.0,0.0,0.0,3,23.4,44.3,250,Overcast,1,1,
42941,2022-02-20 05:26:00,40.542576,-74.16726,0,0,Pedestrian/Bicyclist/Other Pedestrian Error/Confusion,4504299,2.4,-6.6,0.0,0.0,0.0,0.0,3,23.4,44.3,250,Overcast,0,0,
42942,2022-01-19 22:57:00,40.74371,-73.97332,1,0,Unspecified,4504800,7.6,-4.9,0.0,0.0,0.0,0.0,3,23.5,43.2,208,Overcast,1,1,
42943,2022-02-11 06:07:00,40.696133,-73.90225,0,0,Unspecified,4504819,11.8,-3.7,0.0,0.0,0.0,0.0,3,26.6,47.5,188,Overcast,0,0,
42944,2021-10-17 00:17:00,40.6071903,-74.1624214,2,0,Driver Inattention/Distraction,4468367,17.3,11.1,0.2,0.2,0.0,2.0,51,23.9,43.9,293,Drizzle: Light,2,2,