,CRASH DATETIME,LATITUDE,LONGITUDE,NUMBER OF PERSONS INJURED,NUMBER OF PERSONS KILLED,CONTRIBUTING FACTOR VEHICLE 1,COLLISION_ID,temperature_2m_max,temperature_2m_min,precipitation_sum,rain_sum,snowfall_sum,precipitation_hours,weather_code,wind_speed_10m_max,wind_gusts_10m_max,wind_direction_10m_dominant,Weather Description,Severity_Score,Total_Affected_Persons,Weather_Category
42945,2022-04-05 20:00:00,40.82406,-73.8998,0,0,Driver Inattention/Distraction,4516891,12.1,1.0,1.7,1.7,0.0,3.0,53,16.8,32.8,121,Drizzle: Moderate,0,0,
42946,2022-04-05 15:35:00,40.7493,-73.949425,0,0,Driver Inattention/Distraction,4516587,12.1,1.0,1.7,1.7,0.0,3.0,53,16.8,32.8,121,Drizzle: Moderate,0,0,
42947,2022-03-26 16:00:00,40.76055,-73.869064,0,0,Unspecified,4516958,10.1,4.9,6.1,5.8,0.21,8.0,71,21.6,41.0,251,Snow fall: Light,0,0,Snowy Conditions
42948,2022-04-05 07:52:00,40.769062,-73.96112,0,0,Passing or Lane Usage Improper,4516469,12.1,1.0,1.7,1.7,0.0,3.0,53,16.8,32.8,121,Drizzle: Moderate,0,0,
42949,2022-04-05 15:50:00,40.654686,-73.87772,0,0,Driver Inattention/Distraction,4516850,12.1,1.0,1.7,1.7,0.0,3.0,53,16.8,32.8,121,Drizzle: Moderate,0,0,
42950,2022-04-03 01:13:00,40.67392,-73.91012,0,0,Unspecified,4516951,8.3,3.4,3.1,3.1,0.0,5.0,61,21.9,38.2,274,Rain: Light,0,0,
42951,2022-04-04 16:40:00,40.660675,-73.91527,2,0,Passing or Lane Usage Improper,4516972,12.2,2.6,0.1,0.1,0.0,1.0,51,23.7,41.4,304,Drizzle: Light,2,2,
42952,2022-04-05 12:03:00,40.688305,-73.75607,0,0,Unspecified,4516481,12.1,1.0,1.7,1.7,0.0,3.0,53,16.8,32.8,121,Drizzle: Moderate,0,0,
42953,2022-04-05 03:58:00,40.81339,-73.95627,1,0,Unsafe Speed,4516535,12.1,1.0,1.7,1.7,0.0,3.0,53,16.8,32.8,121,Drizzle: Moderate,1,1,
42954,2022-04-05 00:00:00,40.651863,-73.86536,1,0,Driver Inattention/Distraction,4516576,12.1,1.0,1.7,1.7,0.0,3.0,53,16.8,32.8,121,Drizzle: Moderate,1,1,
42955,2022-04-05 17:41:00,40.819057,-73.92923,0,0,Unspecified,4516701,12.1,1.0,1.7,1.7,0.0,3.0,53,16.8,32.8,121,Drizzle: Moderate,0,0,
42956,2022-03-25 20:00:00,40.720917,-73.902916,0,0,Passing or Lane Usage Improper,4516996,15.6,5.3,5.7,5.7,0.0,4.0,63,27.6,52.2,274,Rain: Moderate,0,0,
42957,2022-04-05 10:00:00,40.648586,-73.979355,0,0,Unspecified,4516502,12.1,1.0,1.7,1.7,0.0,3.0,53,16.8,32.8,121,Drizzle: Moderate,0,0,
42958,2022-04-05 08:45:00,40.817596,-73.95319,1,0,Driver Inexperience,4516597,12.1,1.0,1.7,1.7,0.0,3.0,53,16.8,32.8,121,Drizzle: Moderate,1,1,
42959,2022-04-05 10:54:00,40.579376,-73.96311,0,0,Failure to Yield Right-of-Way,4516552,12.1,1.0,1.7,1.7,0.0,3.0,53,16.8,32.8,121,Drizzle: Moderate,0,0,
42960,2022-04-05 06:57:00,40.568707,-74.11793,0,0,Fell Asleep,4516821,12.1,1.0,1.7,1.7,0.0,3.0,53,16.8,32.8,121,Drizzle: Moderate,0,0,
42961,2022-04-05 14:20:00,40.75122,-73.70266,0,0,Driver Inattention/Distraction,4516545,12.1,1.0,1.7,1.7,0.0,3.0,53,16.8,32.8,121,Drizzle: Moderate,0,0,
42962,2022-04-04 12:45:00,40.831944,-73.91987,0,0,Reaction to Uninvolved Vehicle,4517049,12.2,2.6,0.1,0.1,0.0,1.0,51,23.7,41.4,304,Drizzle: Light,0,0,
42963,2022-04-03 05:37:00,40.831978,-73.93515,0,0,Reaction to Uninvolved Vehicle,4516959,8.3,3.4,3.1,3.1,0.0,5.0,61,21.9,38.2,274,Rain: Light,0,0,
42964,2022-04-05 21:24:00,40.667362,-73.84419,0,0,Passing or Lane Usage Improper,4516629,12.1,1.0,1.7,1.7,0.0,3.0,53,16.8,32.8,121,Drizzle: Moderate,0,0,
42965,2022-04-05 06:00:00,40.701572,-73.9313,0,0,Passing Too Closely,4516886,12.1,1.0,1.7,1.7,0.0,3.0,53,16.8,32.8,121,Drizzle: Moderate,0,0,
42966,2022-03-27 02:00:00,40.71891,-73.89228,0,0,Unspecified,4516967,7.5,-1.1,0.3,0.3,0.07,3.0,71,26.4,47.5,288,Snow fall: Light,0,0,Snowy Conditions
42967,2022-03-30 10:46:00,40.794807,-73.94441,0,0,Following Too Closely,4516941,5.9,-3.5,0.0,0.0,0.0,0.0,3,17.0,30.6,215,Overcast,0,0,
42968,2022-04-05 18:00:00,40.794613,-73.9321,0,0,Passing Too Closely,4516684,12.1,1.0,1.7,1.7,0.0,3.0,53,16.8,32.8,121,Drizzle: Moderate,0,0,
42969,2022-04-05 21:04:00,40.84771,-73.93798,1,0,Driver Inattention/Distraction,4517020,12.1,1.0,1.7,1.7,0.0,3.0,53,16.8,32.8,121,Drizzle: Moderate,1,1,
42970,2022-01-09 04:45:00,40.757908,-73.9893,0,0,Aggressive Driving/Road Rage,4493110,4.0,-5.3,5.1,5.1,0.0,12.0,53,23.8,42.1,220,Drizzle: Moderate,0,0,
42971,2022-04-05 06:30:00,40.726357,-73.76388,0,0,Unspecified,4516623,12.1,1.0,1.7,1.7,0.0,3.0,53,16.8,32.8,121,Drizzle: Moderate,0,0,
42972,2022-04-05 12:50:00,40.887444,-73.907166,0,0,Unspecified,4517042,12.1,1.0,1.7,1.7,0.0,3.0,53,16.8,32.8,121,Drizzle: Moderate,0,0,
42973,2022-04-05 08:20:00,40.786358,-73.794685,0,0,Failure to Yield Right-of-Way,4516615,12.1,1.0,1.7,1.7,0.0,3.0,53,16.8,32.8,121,Drizzle: Moderate,0,0,
42974,2022-04-05 08:10:00,40.72293,-73.847336,0,0,Other Vehicular,4516414,12.1,1.0,1.7,1.7,0.0,3.0,53,16.8,32.8,121,Drizzle: Moderate,0,0,
42975,2022-04-01 16:55:00,40.84443,-73.83059,3,0,Unspecified,4517068,15.2,5.3,1.4,1.4,0.0,8.0,51,33.1,61.9,277,Drizzle: Light,3,3,
42976,2022-04-05 08:30:00,40.818798,-73.89213,0,0,Passing Too Closely,4516523,12.1,1.0,1.7,1.7,0.0,3.0,53,16.8,32.8,121,Drizzle: Moderate,0,0,
42977,2022-04-05 23:18:00,40.706,-73.95698,1,0,Driver Inattention/Distraction,4516653,12.1,1.0,1.7,1.7,0.0,3.0,53,16.8,32.8,121,Drizzle: Moderate,1,1,
42978,2022-04-04 20:10:00,40.835968,-73.87,0,0,Driver Inattention/Distraction,4517002,12.2,2.6,0.1,0.1,0.0,1.0,51,23.7,41.4,304,Drizzle: Light,0,0,
42979,2022-04-05 09:14:00,40.817795,-73.89319,0,0,Passing or Lane Usage Improper,4516663,12.1,1.0,1.7,1.7,0.0,3.0,53,16.8,32.8,121,Drizzle: Moderate,0,0,
42980,2022-04-05 13:00:00,40.76591,-73.96341,0,0,Unspecified,4516777,12.1,1.0,1.7,1.7,0.0,3.0,53,16.8,32.8,121,Drizzle: Moderate,0,0,
42981,2022-03-28 18:50:00,40.888382,-73.90875,1,0,Failure to Yield Right-of-Way,4517010,0.0,-5.2,0.3,0.0,0.21,3.0,71,31.3,59.0,303,Snow fall: Light,1,1,Snowy Conditions
42982,2022-04-05 16:20:00,40.73794,-73.866394,0,0,Driver Inattention/Distraction,4516637,12.1,1.0,1.7,1.7,0.0,3.0,53,16.8,32.8,121,Drizzle: Moderate,0,0,
42983,2022-04-05 19:20:00,40.679554,-73.751,2,0,Failure to Yield Right-of-Way,4516589,12.1,1.0,1.7,1.7,0.0,3.0,53,16.8,32.8,121,Drizzle: Moderate,2,2,
42984,2022-04-05 12:00:00,40.758904,-73.9012,0,0,Driver Inattention/Distraction,4517060,12.1,1.0,1.7,1.7,0.0,3.0,53,16.8,32.8,121,Drizzle: Moderate,0,0,
42985,2022-04-05 08:30:00,40.666443,-73.90026,0,0,Passing Too Closely,4516858,12.1,1.0,1.7,1.7,0.0,3.0,53,16.8,32.8,121,Drizzle: Moderate,0,0,
42986,2022-04-05 08:00:00,40.65474,-73.90693,0,0,Unsafe Lane Changing,4516982,12.1,1.0,1.7,1.7,0.0,3.0,53,16.8,32.8,121,Drizzle: Moderate,0,0,
42987,2022-04-05 23:18:00,40.807255,-73.92721,0,0,Turning Improperly,4516670,12.1,1.0,1.7,1.7,0.0,3.0,53,16.8,32.8,121,Drizzle: Moderate,0,0,
42988,2022-04-05 23:25:00,40.841187,-73.93215,0,0,Following Too Closely,4516727,12.1,1.0,1.7,1.7,0.0,3.0,53,16.8,32.8,121,Drizzle: Moderate,0,0,
42989,2022-03-30 18:44:00,40.82054,-73.930786,0,0,Unsafe Lane Changing,4517026,5.9,-3.5,0.0,0.0,0.0,0.0,3,17.0,30.6,215,Overcast,0,0,
42990,2022-04-05 21:04:00,40.698254,-73.90878,1,0,Failure to Yield Right-of-Way,4516746,12.1,1.0,1.7,1.7,0.0,3.0,53,16.8,32.8,121,Drizzle: Moderate,1,1,
42991,2022-04-01 15:05:00,40.828915,-73.83841,0,0,Unspecified,4517031,15.2,5.3,1.4,1.4,0.0,8.0,51,33.1,61.9,277,Drizzle: Light,0,0,
42992,2022-04-05 07:55:00,40.645256,-73.94682,1,0,Unspecified,4516379,12.1,1.0,1.7,1.7,0.0,3.0,53,16.8,32.8,121,Drizzle: Moderate,1,1,
42993,2022-04-02 06:25:00,40.700657,-73.757965,0,0,Unsafe Speed,4517173,11.1,1.4,0.0,0.0,0.0,0.0,3,26.3,47.9,286,Overcast,0,0,
42994,2022-03-27 17:20:00,40.763763,-73.93098,0,0,Unspecified,4517061,7.5,-1.1,0.3,0.3,0.07,3.0,71,26.4,47.5,288,Snow fall: Light,0,0,Snowy Conditions
42995,2022-04-05 23:50:00,40.5385,-74.19778,0,0,View Obstructed/Limited,4516622,12.1,1.0,1.7,1.7,0.0,3.0,53,16.8,32.8,121,Drizzle: Moderate,0,0,
42996,2022-04-05 22:18:00,40.87829,-73.87006,1,0,Unsafe Lane Changing,4516919,12.1,1.0,1.7,1.7,0.0,3.0,53,16.8,32.8,121,Drizzle: Moderate,1,1,
42997,2022-04-05 05:37:00,40.72773,-73.90674,0,0,Unspecified,4516516,12.1,1.0,1.7,1.7,0.0,3.0,53,16.8,32.8,121,Drizzle: Moderate,0,0,
42998,2022-04-05 18:30:00,40.766697,-73.99462,0,0,Passing Too Closely,4516896,12.1,1.0,1.7,1.7,0.0,3.0,53,16.8,32.8,121,Drizzle: Moderate,0,0,
42999,2022-04-05 18:40:00,40.585693,-73.968254,1,0,Unspecified,4517092,12.1,1.0,1.7,1.7,0.0,3.0,53,16.8,32.8,121,Drizzle: Moderate,1,1,
43000,2022-04-05 13:25:00,40.833015,-73.86371,0,0,Unspecified,4517003,12.1,1.0,1.7,1.7,0.0,3.0,53,16.8,32.8,121,Drizzle: Moderate,0,0,
43001,2022-04-05 07:45:00,40.80487,-73.93859,0,0,Passing Too Closely,4516683,12.1,1.0,1.7,1.7,0.0,3.0,53,16.8,32.8,121,Drizzle: Moderate,0,0,
43002,2022-04-05 05:33:00,40.64829,-73.944496,0,0,Unspecified,4516717,12.1,1.0,1.7,1.7,0.0,3.0,53,16.8,32.8,121,Drizzle: Moderate,0,0,
43003,2022-02-22 18:53:00,40.665627,-73.909706,0,0,Unspecified,4516976,13.6,-0.2,4.7,4.7,0.0,8.0,61,38.4,76.0,175,Rain: Light,0,0,
43004,2022-04-05 11:37:00,40.609142,-74.11835,0,0,Unspecified,4516822,12.1,1.0,1.7,1.7,0.0,3.0,53,16.8,32.8,121,Drizzle: Moderate,0,0,
43005,2022-04-05 17:00:00,40.697777,-73.745865,1,0,Unspecified,4516544,12.1,1.0,1.7,1.7,0.0,3.0,53,16.8,32.8,121,Drizzle: Moderate,1,1,
43006,2022-04-05 14:44:00,40.678722,-73.952995,1,0,Turning Improperly,4516584,12.1,1.0,1.7,1.7,0.0,3.0,53,16.8,32.8,121,Drizzle: Moderate,1,1,
43007,2022-04-05 07:57:00,40.703045,-73.92985,0,0,Driver Inattention/Distraction,4516470,12.1,1.0,1.7,1.7,0.0,3.0,53,16.8,32.8,121,Drizzle: Moderate,0,0,
43008,2022-04-05 15:40:00,40.658882,-73.89738,0,0,Following Too Closely,4516851,12.1,1.0,1.7,1.7,0.0,3.0,53,16.8,32.8,121,Drizzle: Moderate,0,0,
43009,2022-04-05 08:30:00,40.7677,-73.981964,0,0,Alcohol Involvement,4516645,12.1,1.0,1.7,1.7,0.0,3.0,53,16.8,32.8,121,Drizzle: Moderate,0,0,
43010,2022-04-03 15:00:00,40.66563,-73.73921,0,0,Driver Inattention/Distraction,4517164,8.3,3.4,3.1,3.1,0.0,5.0,61,21.9,38.2,274,Rain: Light,0,0,
43011,2022-04-05 16:53:00,40.7826,-73.79446,0,0,,4516548,12.1,1.0,1.7,1.7,0.0,3.0,53,16.8,32.8,121,Drizzle: Moderate,0,0,
43012,2022-04-05 16:19:00,40.661175,-73.9886,0,0,Unspecified,4516590,12.1,1.0,1.7,1.7,0.0,3.0,53,16.8,32.8,121,Drizzle: Moderate,0,0,
43013,2022-04-04 07:50:00,40.67265,-73.91963,0,0,Passing or Lane Usage Improper,4516983,12.2,2.6,0.1,0.1,0.0,1.0,51,23.7,41.4,304,Drizzle: Light,0,0,
43014,2022-04-02 20:32:00,40.823566,-73.93768,0,0,Passing or Lane Usage Improper,4516952,11.1,1.4,0.0,0.0,0.0,0.0,3,26.3,47.9,286,Overcast,0,0,
43015,2022-04-03 09:15:00,40.76164,-73.86723,1,0,Failure to Yield Right-of-Way,4516961,8.3,3.4,3.1,3.1,0.0,5.0,61,21.9,38.2,274,Rain: Light,1,1,
43016,2022-04-05 08:42:00,40.674744,-73.76368,1,0,Unspecified,4516467,12.1,1.0,1.7,1.7,0.0,3.0,53,16.8,32.8,121,Drizzle: Moderate,1,1,
43017,2022-04-05 10:40:00,40.652767,-73.8863,0,0,Unspecified,4516506,12.1,1.0,1.7,1.7,0.0,3.0,53,16.8,32.8,121,Drizzle: Moderate,0,0,
43018,2022-04-05 21:00:00,40.67624,-73.866104,0,0,Driver Inattention/Distraction,4516856,12.1,1.0,1.7,1.7,0.0,3.0,53,16.8,32.8,121,Drizzle: Moderate,0,0,
43019,2022-04-05 07:40:00,40.68425,-73.86257,0,0,Following Too Closely,4516434,12.1,1.0,1.7,1.7,0.0,3.0,53,16.8,32.8,121,Drizzle: Moderate,0,0,
43020,2022-04-05 19:51:00,40.627426,-74.0309,0,0,Driver Inattention/Distraction,4516599,12.1,1.0,1.7,1.7,0.0,3.0,53,16.8,32.8,121,Drizzle: Moderate,0,0,
43021,2022-03-04 20:30:00,40.818947,-73.95221,0,0,Driver Inattention/Distraction,4516950,3.2,-7.1,0.0,0.0,0.0,0.0,3,20.3,38.5,280,Overcast,0,0,
43022,2022-04-05 20:27:00,40.8332,-73.81702,0,0,Unspecified,4516807,12.1,1.0,1.7,1.7,0.0,3.0,53,16.8,32.8,121,Drizzle: Moderate,0,0,
43023,2022-04-05 15:08:00,40.69595,-73.86237,2,0,Following Too Closely,4516530,12.1,1.0,1.7,1.7,0.0,3.0,53,16.8,32.8,121,Drizzle: Moderate,2,2,
43024,2022-04-05 21:40:00,40.718555,-73.988205,2,0,Turning Improperly,4517076,12.1,1.0,1.7,1.7,0.0,3.0,53,16.8,32.8,121,Drizzle: Moderate,2,2,
43025,2022-04-05 09:27:00,40.710587,-73.95511,1,0,Failure to Yield Right-of-Way,4516654,12.1,1.0,1.7,1.7,0.0,3.0,53,16.8,32.8,121,Drizzle: Moderate,1,1,
43026,2022-04-05 16:25:00,40.63611,-74.07591,0,0,Unsafe Lane Changing,4516632,12.1,1.0,1.7,1.7,0.0,3.0,53,16.8,32.8,121,Drizzle: Moderate,0,0,
43027,2022-04-02 10:53:00,40.708595,-73.87326,0,0,Unspecified,4516995,11.1,1.4,0.0,0.0,0.0,0.0,3,26.3,47.9,286,Overcast,0,0,
43028,2022-04-05 01:07:00,40.6827,-73.929016,0,0,Unspecified,4517018,12.1,1.0,1.7,1.7,0.0,3.0,53,16.8,32.8,121,Drizzle: Moderate,0,0,
43029,2022-04-05 10:30:00,40.81813,-73.89101,0,0,Driver Inattention/Distraction,4516664,12.1,1.0,1.7,1.7,0.0,3.0,53,16.8,32.8,121,Drizzle: Moderate,0,0,
43030,2022-04-05 01:50:00,40.667118,-73.88889,1,0,Backing Unsafely,4516501,12.1,1.0,1.7,1.7,0.0,3.0,53,16.8,32.8,121,Drizzle: Moderate,1,1,
43031,2022-04-05 15:15:00,40.707275,-73.79265,0,0,Driver Inattention/Distraction,4517102,12.1,1.0,1.7,1.7,0.0,3.0,53,16.8,32.8,121,Drizzle: Moderate,0,0,
43032,2022-04-05 07:55:00,40.825287,-73.90493,1,0,Unspecified,4516884,12.1,1.0,1.7,1.7,0.0,3.0,53,16.8,32.8,121,Drizzle: Moderate,1,1,
43033,2022-03-21 17:17:00,40.676342,-73.910934,1,0,Unspecified,4516966,15.6,5.0,0.0,0.0,0.0,0.0,3,30.0,53.6,299,Overcast,1,1,
43034,2022-04-05 12:56:00,40.703247,-73.90844,1,0,Traffic Control Disregarded,4516553,12.1,1.0,1.7,1.7,0.0,3.0,53,16.8,32.8,121,Drizzle: Moderate,1,1,
43035,2022-04-05 15:12:00,40.84571,-73.88941,0,0,Driver Inattention/Distraction,4516685,12.1,1.0,1.7,1.7,0.0,3.0,53,16.8,32.8,121,Drizzle: Moderate,0,0,
43036,2022-03-23 10:45:00,40.81106,-73.95119,1,0,Passing or Lane Usage Improper,4516938,8.4,1.3,2.2,2.2,0.0,3.0,55,19.6,34.6,73,Drizzle: Dense,1,1,
43037,2022-04-05 13:20:00,40.7366,-73.98185,0,0,Unspecified,4516762,12.1,1.0,1.7,1.7,0.0,3.0,53,16.8,32.8,121,Drizzle: Moderate,0,0,
43038,2022-04-05 10:45:00,40.87321,-73.85339,0,0,Backing Unsafely,4516484,12.1,1.0,1.7,1.7,0.0,3.0,53,16.8,32.8,121,Drizzle: Moderate,0,0,
43039,2022-04-05 07:15:00,40.847286,-73.861145,0,0,Driver Inexperience,4516418,12.1,1.0,1.7,1.7,0.0,3.0,53,16.8,32.8,121,Drizzle: Moderate,0,0,
43040,2022-04-05 18:17:00,40.579357,-73.98046,1,0,Driver Inattention/Distraction,4516607,12.1,1.0,1.7,1.7,0.0,3.0,53,16.8,32.8,121,Drizzle: Moderate,1,1,
43041,2022-04-05 07:15:00,40.65477,-74.00708,0,0,Driver Inattention/Distraction,4516574,12.1,1.0,1.7,1.7,0.0,3.0,53,16.8,32.8,121,Drizzle: Moderate,0,0,
43042,2022-04-05 11:40:00,40.717663,-73.98556,0,0,Backing Unsafely,4517069,12.1,1.0,1.7,1.7,0.0,3.0,53,16.8,32.8,121,Drizzle: Moderate,0,0,
43043,2022-04-04 13:30:00,40.71018,-73.86103,0,0,Unspecified,4516999,12.2,2.6,0.1,0.1,0.0,1.0,51,23.7,41.4,304,Drizzle: Light,0,0,
43044,2022-04-02 20:36:00,40.688164,-73.9331,1,0,Driverless/Runaway Vehicle,4517011,11.1,1.4,0.0,0.0,0.0,0.0,3,26.3,47.9,286,Overcast,1,1,
43045,2022-04-05 17:05:00,40.65545,-73.863335,0,0,Driver Inattention/Distraction,4516853,12.1,1.0,1.7,1.7,0.0,3.0,53,16.8,32.8,121,Drizzle: Moderate,0,0,
43046,2022-04-05 14:34:00,40.722225,-73.904495,1,0,Unspecified,4516517,12.1,1.0,1.7,1.7,0.0,3.0,53,16.8,32.8,121,Drizzle: Moderate,1,1,
43047,2022-03-31 17:50:00,40.63557,-74.000595,0,0,Unspecified,4516930,19.0,3.5,12.0,12.0,0.0,4.0,65,37.8,67.3,194,Rain: Heavy,0,0,
43048,2022-04-05 13:00:00,40.743793,-73.88603,0,0,Driver Inattention/Distraction,4517147,12.1,1.0,1.7,1.7,0.0,3.0,53,16.8,32.8,121,Drizzle: Moderate,0,0,
43049,2022-04-05 06:30:00,40.72604,-73.71829,1,0,Pavement Slippery,4516824,12.1,1.0,1.7,1.7,0.0,3.0,53,16.8,32.8,121,Drizzle: Moderate,1,1,
43050,2022-04-05 11:40:00,40.664898,-73.88131,0,0,Other Vehicular,4516505,12.1,1.0,1.7,1.7,0.0,3.0,53,16.8,32.8,121,Drizzle: Moderate,0,0,
43051,2022-04-05 04:55:00,40.74198,-73.82475,0,0,Unspecified,4516549,12.1,1.0,1.7,1.7,0.0,3.0,53,16.8,32.8,121,Drizzle: Moderate,0,0,
43052,2022-03-27 02:30:00,40.722942,-73.90357,0,0,Passing Too Closely,4516971,7.5,-1.1,0.3,0.3,0.07,3.0,71,26.4,47.5,288,Snow fall: Light,0,0,Snowy Conditions
43053,2022-03-03 18:50:00,40.66785,-73.92103,0,0,Driver Inattention/Distraction,4516962,5.2,-3.0,3.9,3.9,0.0,6.0,55,24.7,45.0,305,Drizzle: Dense,0,0,
43054,2022-04-05 09:29:00,40.773335,-73.95506,0,0,View Obstructed/Limited,4516471,12.1,1.0,1.7,1.7,0.0,3.0,53,16.8,32.8,121,Drizzle: Moderate,0,0,
43055,2022-04-03 10:30:00,40.71837,-73.84057,1,0,Driver Inattention/Distraction,4517007,8.3,3.4,3.1,3.1,0.0,5.0,61,21.9,38.2,274,Rain: Light,1,1,
43056,2022-04-05 17:53:00,40.862766,-73.843445,0,0,Driver Inattention/Distraction,4516669,12.1,1.0,1.7,1.7,0.0,3.0,53,16.8,32.8,121,Drizzle: Moderate,0,0,
43057,2022-03-28 18:10:00,40.709682,-73.89891,1,0,Physical Disability,4517058,0.0,-5.2,0.3,0.0,0.21,3.0,71,31.3,59.0,303,Snow fall: Light,1,1,Snowy Conditions
43058,2022-03-29 12:21:00,40.827812,-73.925934,0,0,Failure to Yield Right-of-Way,4517065,3.3,-5.2,0.0,0.0,0.0,0.0,2,29.3,54.4,311,Partly cloudy,0,0,
43059,2022-04-05 00:04:00,40.640278,-73.91102,0,0,Tire Failure/Inadequate,4516388,12.1,1.0,1.7,1.7,0.0,3.0,53,16.8,32.8,121,Drizzle: Moderate,0,0,
43060,2022-04-05 10:00:00,40.82373,-73.85867,0,0,Unspecified,4516721,12.1,1.0,1.7,1.7,0.0,3.0,53,16.8,32.8,121,Drizzle: Moderate,0,0,
43061,2022-04-05 16:07:00,40.67045,-73.793335,3,0,Traffic Control Disregarded,4516747,12.1,1.0,1.7,1.7,0.0,3.0,53,16.8,32.8,121,Drizzle: Moderate,3,3,
43062,2022-03-29 17:20:00,40.836403,-73.875595,0,0,Reaction to Uninvolved Vehicle,4517175,3.3,-5.2,0.0,0.0,0.0,0.0,2,29.3,54.4,311,Partly cloudy,0,0,
43063,2022-04-05 21:00:00,40.704494,-73.81743,0,0,Driver Inexperience,4516620,12.1,1.0,1.7,1.7,0.0,3.0,53,16.8,32.8,121,Drizzle: Moderate,0,0,
43064,2022-03-21 15:25:00,40.668575,-73.913376,0,0,Unspecified,4516978,15.6,5.0,0.0,0.0,0.0,0.0,3,30.0,53.6,299,Overcast,0,0,
43065,2022-04-05 09:20:00,40.73686,-73.85579,0,0,Following Too Closely,4516644,12.1,1.0,1.7,1.7,0.0,3.0,53,16.8,32.8,121,Drizzle: Moderate,0,0,
43066,2022-04-05 07:00:00,40.68949,-73.92207,0,0,Passing Too Closely,4516732,12.1,1.0,1.7,1.7,0.0,3.0,53,16.8,32.8,121,Drizzle: Moderate,0,0,
43067,2022-04-05 10:49:00,40.740425,-73.89671,0,0,Turning Improperly,4516538,12.1,1.0,1.7,1.7,0.0,3.0,53,16.8,32.8,121,Drizzle: Moderate,0,0,
43068,2022-04-05 05:15:00,40.662006,-73.7546,0,0,Alcohol Involvement,4516458,12.1,1.0,1.7,1.7,0.0,3.0,53,16.8,32.8,121,Drizzle: Moderate,0,0,
43069,2022-07-03 22:15:00,40.764847,-73.77336,0,0,Alcohol Involvement,4543159,31.2,21.0,0.0,0.0,0.0,0.0,3,15.8,31.3,341,Overcast,0,0,
43070,2022-03-26 09:45:00,40.65769,-73.90769,0,0,Unspecified,4516984,10.1,4.9,6.1,5.8,0.21,8.0,71,21.6,41.0,251,Snow fall: Light,0,0,Snowy Conditions
43071,2022-04-05 18:28:00,40.769222,-73.967316,0,0,Driver Inattention/Distraction,4516593,12.1,1.0,1.7,1.7,0.0,3.0,53,16.8,32.8,121,Drizzle: Moderate,0,0,
43072,2021-10-12 13:10:00,40.75855,-73.82964,0,0,Backing Unsafely,4466596,21.6,15.2,0.0,0.0,0.0,0.0,3,11.8,23.8,81,Overcast,0,0,
43073,2016-06-06 14:56:00,40.6581825,-73.9246436,0,0,Unspecified,3460534,27.6,17.9,0.0,0.0,0.0,0.0,3,17.3,34.9,246,Overcast,0,0,
43074,2016-09-26 16:58:00,40.6582119,-73.9304718,0,0,Driver Inattention/Distraction,3528065,21.2,11.2,0.0,0.0,0.0,0.0,3,14.9,33.8,147,Overcast,0,0,
43075,2022-04-05 18:05:00,40.712727,-73.72899,0,0,Following Too Closely,4516583,12.1,1.0,1.7,1.7,0.0,3.0,53,16.8,32.8,121,Drizzle: Moderate,0,0,
43076,2022-03-05 17:35:00,40.66157,-73.91548,0,0,Unspecified,4516953,5.8,-4.4,0.1,0.1,0.0,1.0,51,17.8,31.7,176,Drizzle: Light,0,0,
43077,2022-04-05 18:00:00,40.704067,-73.93861,0,0,Unsafe Speed,4516635,12.1,1.0,1.7,1.7,0.0,3.0,53,16.8,32.8,121,Drizzle: Moderate,0,0,
43078,2022-04-05 15:00:00,40.86764,-73.89237,0,0,Backing Unsafely,4516679,12.1,1.0,1.7,1.7,0.0,3.0,53,16.8,32.8,121,Drizzle: Moderate,0,0,
43079,2022-04-05 23:46:00,40.583534,-73.984184,0,0,Unsafe Speed,4517083,12.1,1.0,1.7,1.7,0.0,3.0,53,16.8,32.8,121,Drizzle: Moderate,0,0,
43080,2022-04-05 15:00:00,40.644638,-73.92644,2,0,Driver Inattention/Distraction,4516716,12.1,1.0,1.7,1.7,0.0,3.0,53,16.8,32.8,121,Drizzle: Moderate,2,2,
43081,2022-04-04 21:10:00,40.896114,-73.89677,1,0,Driver Inattention/Distraction,4517025,12.2,2.6,0.1,0.1,0.0,1.0,51,23.7,41.4,304,Drizzle: Light,1,1,
43082,2022-04-05 23:40:00,40.87218,-73.86823,0,0,Passing or Lane Usage Improper,4517044,12.1,1.0,1.7,1.7,0.0,3.0,53,16.8,32.8,121,Drizzle: Moderate,0,0,
43083,2022-04-05 16:30:00,40.714252,-73.947235,0,0,Reaction to Uninvolved Vehicle,4516655,12.1,1.0,1.7,1.7,0.0,3.0,53,16.8,32.8,121,Drizzle: Moderate,0,0,
43084,2022-06-29 16:35:00,40.850227,-73.93982,0,0,Unspecified,4543542,29.0,17.7,0.0,0.0,0.0,0.0,3,27.2,51.5,195,Overcast,0,0,
43085,2022-07-03 20:16:00,40.69288,-73.85453,2,0,Passing Too Closely,4543498,31.2,21.0,0.0,0.0,0.0,0.0,3,15.8,31.3,341,Overcast,2,2,
43086,2022-07-03 14:35:00,40.629646,-74.010704,0,0,Driver Inattention/Distraction,4543065,31.2,21.0,0.0,0.0,0.0,0.0,3,15.8,31.3,341,Overcast,0,0,
43087,2022-07-03 07:05:00,40.670647,-73.83527,0,0,Driver Inattention/Distraction,4543700,31.2,21.0,0.0,0.0,0.0,0.0,3,15.8,31.3,341,Overcast,0,0,
43088,2022-07-03 03:00:00,40.8603,-73.86368,0,0,Unspecified,4543640,31.2,21.0,0.0,0.0,0.0,0.0,3,15.8,31.3,341,Overcast,0,0,