,CRASH DATETIME,LATITUDE,LONGITUDE,NUMBER OF PERSONS INJURED,NUMBER OF PERSONS KILLED,CONTRIBUTING FACTOR VEHICLE 1,COLLISION_ID,temperature_2m_max,temperature_2m_min,precipitation_sum,rain_sum,snowfall_sum,precipitation_hours,weather_code,wind_speed_10m_max,wind_gusts_10m_max,wind_direction_10m_dominant,Weather Description,Severity_Score,Total_Affected_Persons,Weather_Category
43089,2022-07-03 13:00:00,40.643005,-73.95263,0,0,Driver Inattention/Distraction,4543306,31.2,21.0,0.0,0.0,0.0,0.0,3,15.8,31.3,341,Overcast,0,0,
43090,2022-07-03 03:15:00,40.819588,-73.9105,0,0,Unspecified,4543241,31.2,21.0,0.0,0.0,0.0,0.0,3,15.8,31.3,341,Overcast,0,0,
43091,2022-06-30 23:10:00,40.80647,-73.94644,0,0,Driver Inattention/Distraction,4543587,31.2,17.3,0.0,0.0,0.0,0.0,2,19.1,37.4,274,Partly cloudy,0,0,
43092,2022-06-28 15:11:00,40.808952,-73.88792,0,0,Unspecified,4543612,27.5,19.1,0.0,0.0,0.0,0.0,3,14.4,28.4,334,Overcast,0,0,
43093,2022-07-03 16:52:00,40.856388,-73.90177,1,0,Traffic Control Disregarded,4543343,31.2,21.0,0.0,0.0,0.0,0.0,3,15.8,31.3,341,Overcast,1,1,
43094,2022-07-03 00:25:00,40.7243,-73.84517,0,0,Failure to Yield Right-of-Way,4543050,31.2,21.0,0.0,0.0,0.0,0.0,3,15.8,31.3,341,Overcast,0,0,
43095,2022-07-03 18:00:00,40.672882,-73.89808,1,0,Traffic Control Disregarded,4543798,31.2,21.0,0.0,0.0,0.0,0.0,3,15.8,31.3,341,Overcast,1,1,
43096,2022-07-03 14:00:00,40.73149,-73.84215,0,0,Unspecified,4542959,31.2,21.0,0.0,0.0,0.0,0.0,3,15.8,31.3,341,Overcast,0,0,
43097,2022-07-01 19:30:00,40.763844,-73.769455,0,0,Driver Inattention/Distraction,4543717,33.7,20.2,0.1,0.1,0.0,1.0,51,32.3,58.0,215,Drizzle: Light,0,0,
43098,2022-06-25 22:45:00,40.828728,-73.95221,1,0,Driver Inexperience,4543519,32.5,18.1,0.0,0.0,0.0,0.0,2,25.0,47.2,224,Partly cloudy,1,1,
43099,2022-07-02 19:45:00,40.75092,-73.86224,1,0,Driver Inattention/Distraction,4543559,30.8,23.1,4.0,4.0,0.0,5.0,61,19.4,40.0,229,Rain: Light,1,1,
43100,2022-07-03 21:58:00,40.72381,-73.76636,0,0,Unspecified,4543100,31.2,21.0,0.0,0.0,0.0,0.0,3,15.8,31.3,341,Overcast,0,0,
43101,2022-07-03 14:29:00,40.66381,-73.91117,0,0,Unspecified,4543391,31.2,21.0,0.0,0.0,0.0,0.0,3,15.8,31.3,341,Overcast,0,0,
43102,2022-06-26 19:20:00,40.8668,-73.92374,0,0,Following Too Closely,4543537,30.8,19.9,0.0,0.0,0.0,0.0,3,30.9,55.8,188,Overcast,0,0,
43103,2022-06-28 23:17:00,40.722572,-73.8628,0,0,Unspecified,4543491,27.5,19.1,0.0,0.0,0.0,0.0,3,14.4,28.4,334,Overcast,0,0,
43104,2022-07-03 03:35:00,40.668648,-73.92835,0,0,Driver Inattention/Distraction,4542949,31.2,21.0,0.0,0.0,0.0,0.0,3,15.8,31.3,341,Overcast,0,0,
43105,2022-07-03 02:30:00,40.6992,-73.92309,0,0,Driver Inexperience,4542873,31.2,21.0,0.0,0.0,0.0,0.0,3,15.8,31.3,341,Overcast,0,0,
43106,2022-07-03 03:37:00,40.740173,-73.926926,0,0,Driver Inattention/Distraction,4543174,31.2,21.0,0.0,0.0,0.0,0.0,3,15.8,31.3,341,Overcast,0,0,
43107,2022-07-03 04:45:00,40.67628,-73.892166,0,0,Driver Inattention/Distraction,4543774,31.2,21.0,0.0,0.0,0.0,0.0,3,15.8,31.3,341,Overcast,0,0,
43108,2022-07-03 11:58:00,40.85476,-73.888245,0,0,Driver Inattention/Distraction,4543446,31.2,21.0,0.0,0.0,0.0,0.0,3,15.8,31.3,341,Overcast,0,0,
43109,2022-07-03 21:50:00,40.748985,-73.979965,0,0,Driver Inattention/Distraction,4543111,31.2,21.0,0.0,0.0,0.0,0.0,3,15.8,31.3,341,Overcast,0,0,
43110,2022-06-23 16:10:00,40.694107,-73.93128,0,0,Unspecified,4543644,22.6,15.7,0.8,0.8,0.0,6.0,51,15.6,31.3,127,Drizzle: Light,0,0,
43111,2022-06-11 18:44:00,40.63285,-73.89119,0,0,Driver Inattention/Distraction,4543685,24.0,15.8,0.2,0.2,0.0,2.0,51,11.4,22.7,280,Drizzle: Light,0,0,
43112,2022-07-03 08:00:00,40.82312,-73.9505,0,0,Unspecified,4543594,31.2,21.0,0.0,0.0,0.0,0.0,3,15.8,31.3,341,Overcast,0,0,
43113,2022-06-25 15:09:00,40.770294,-73.98769,0,0,Backing Unsafely,4543746,32.5,18.1,0.0,0.0,0.0,0.0,2,25.0,47.2,224,Partly cloudy,0,0,
43114,2022-07-03 12:56:00,40.810207,-73.93951,1,0,Driver Inattention/Distraction,4543188,31.2,21.0,0.0,0.0,0.0,0.0,3,15.8,31.3,341,Overcast,1,1,
43115,2022-07-03 04:30:00,40.86114,-73.91894,1,0,Alcohol Involvement,4543606,31.2,21.0,0.0,0.0,0.0,0.0,3,15.8,31.3,341,Overcast,1,1,
43116,2022-07-02 09:48:00,40.680664,-73.902626,0,0,Driver Inattention/Distraction,4543771,30.8,23.1,4.0,4.0,0.0,5.0,61,19.4,40.0,229,Rain: Light,0,0,
43117,2022-07-03 19:15:00,40.588,-73.80729,2,0,Driver Inattention/Distraction,4543510,31.2,21.0,0.0,0.0,0.0,0.0,3,15.8,31.3,341,Overcast,2,2,
43118,2022-06-30 21:00:00,40.67811,-73.89762,1,0,Unspecified,4543794,31.2,17.3,0.0,0.0,0.0,0.0,2,19.1,37.4,274,Partly cloudy,1,1,
43119,2022-07-03 18:10:00,40.67801,-73.94138,1,0,Driver Inattention/Distraction,4543018,31.2,21.0,0.0,0.0,0.0,0.0,3,15.8,31.3,341,Overcast,1,1,
43120,2022-07-02 14:30:00,40.580975,-74.00402,0,0,Driver Inexperience,4543722,30.8,23.1,4.0,4.0,0.0,5.0,61,19.4,40.0,229,Rain: Light,0,0,
43121,2022-07-03 15:20:00,40.68771,-73.832565,1,0,Following Too Closely,4543502,31.2,21.0,0.0,0.0,0.0,0.0,3,15.8,31.3,341,Overcast,1,1,
43122,2022-07-03 13:45:00,40.667053,-73.93212,0,0,Unspecified,4542990,31.2,21.0,0.0,0.0,0.0,0.0,3,15.8,31.3,341,Overcast,0,0,
43123,2022-07-03 04:00:00,40.712055,-73.800964,0,0,Unspecified,4543096,31.2,21.0,0.0,0.0,0.0,0.0,3,15.8,31.3,341,Overcast,0,0,
43124,2022-06-27 11:00:00,40.75639,-73.859726,0,0,Driver Inattention/Distraction,4543564,26.2,19.8,11.7,11.7,0.0,9.0,63,20.5,43.2,224,Rain: Moderate,0,0,
43125,2022-01-03 18:10:00,40.64433,-73.919914,1,0,,4493725,2.0,-4.4,1.4,0.0,0.98,6.0,73,29.3,55.4,359,Snow fall: Moderate,1,1,Snowy Conditions
43126,2022-07-02 02:50:00,40.75169,-73.88562,0,0,Steering Failure,4543554,30.8,23.1,4.0,4.0,0.0,5.0,61,19.4,40.0,229,Rain: Light,0,0,
43127,2022-07-03 13:44:00,40.73897,-73.919556,0,0,Unspecified,4542933,31.2,21.0,0.0,0.0,0.0,0.0,3,15.8,31.3,341,Overcast,0,0,
43128,2022-06-29 13:45:00,40.765675,-73.97624,0,0,Driver Inattention/Distraction,4543748,29.0,17.7,0.0,0.0,0.0,0.0,3,27.2,51.5,195,Overcast,0,0,
43129,2022-07-03 21:38:00,40.68429,-73.8744,0,0,Unspecified,4543799,31.2,21.0,0.0,0.0,0.0,0.0,3,15.8,31.3,341,Overcast,0,0,
43130,2022-07-03 05:40:00,40.865795,-73.920006,1,0,Traffic Control Disregarded,4543602,31.2,21.0,0.0,0.0,0.0,0.0,3,15.8,31.3,341,Overcast,1,1,
43131,2022-07-03 13:20:00,40.8381,-73.85929,0,0,Passing or Lane Usage Improper,4543367,31.2,21.0,0.0,0.0,0.0,0.0,3,15.8,31.3,341,Overcast,0,0,
43132,2022-06-04 13:25:00,40.750053,-73.88133,0,0,Driver Inattention/Distraction,4543659,27.0,13.4,0.0,0.0,0.0,0.0,1,20.9,40.0,244,Mainly clear,0,0,Sunny/Clear Conditions
43133,2021-06-03 20:50:00,40.60009,-73.96591,0,0,Unsafe Speed,4425978,23.0,13.2,11.9,11.9,0.0,10.0,63,13.6,38.9,165,Rain: Moderate,0,0,
43134,2021-06-25 14:10:00,40.685192,-73.977036,0,0,Driver Inattention/Distraction,4431020,24.7,15.6,0.0,0.0,0.0,0.0,3,20.9,41.0,144,Overcast,0,0,
43135,2021-06-25 06:30:00,40.678097,-74.00235,0,0,Traffic Control Disregarded,4432033,24.7,15.6,0.0,0.0,0.0,0.0,3,20.9,41.0,144,Overcast,0,0,
43136,2021-06-26 04:13:00,40.889866,-73.862724,0,0,Driver Inattention/Distraction,4431400,26.5,18.6,1.3,1.3,0.0,8.0,51,23.7,52.9,181,Drizzle: Light,0,0,
43137,2021-06-26 17:54:00,40.83369,-73.91386,0,0,Passing or Lane Usage Improper,4431228,26.5,18.6,1.3,1.3,0.0,8.0,51,23.7,52.9,181,Drizzle: Light,0,0,
43138,2021-06-18 11:30:00,40.710716,-73.95359,0,0,Driver Inattention/Distraction,4431994,27.4,13.8,0.0,0.0,0.0,0.0,3,20.5,40.3,210,Overcast,0,0,
43139,2021-06-26 01:15:00,40.72293,-73.98865,1,0,Driver Inattention/Distraction,4431953,26.5,18.6,1.3,1.3,0.0,8.0,51,23.7,52.9,181,Drizzle: Light,1,1,
43140,2021-06-26 01:20:00,40.789055,-73.94861,0,0,Passing or Lane Usage Improper,4431768,26.5,18.6,1.3,1.3,0.0,8.0,51,23.7,52.9,181,Drizzle: Light,0,0,
43141,2021-06-25 21:58:00,40.76039,-73.98938,1,0,Unsafe Speed,4431744,24.7,15.6,0.0,0.0,0.0,0.0,3,20.9,41.0,144,Overcast,1,1,
43142,2021-06-26 00:30:00,40.73361,-73.92385,2,0,Driver Inattention/Distraction,4430976,26.5,18.6,1.3,1.3,0.0,8.0,51,23.7,52.9,181,Drizzle: Light,2,2,
43143,2021-06-26 02:10:00,40.61848,-73.96107,0,0,Alcohol Involvement,4431204,26.5,18.6,1.3,1.3,0.0,8.0,51,23.7,52.9,181,Drizzle: Light,0,0,
43144,2021-06-26 17:00:00,40.707973,-73.950645,0,0,Passing or Lane Usage Improper,4431999,26.5,18.6,1.3,1.3,0.0,8.0,51,23.7,52.9,181,Drizzle: Light,0,0,
43145,2021-06-26 13:00:00,40.747536,-73.884865,0,0,Driver Inattention/Distraction,4431545,26.5,18.6,1.3,1.3,0.0,8.0,51,23.7,52.9,181,Drizzle: Light,0,0,
43146,2021-06-26 13:15:00,40.681988,-73.76634,0,0,Turning Improperly,4431280,26.5,18.6,1.3,1.3,0.0,8.0,51,23.7,52.9,181,Drizzle: Light,0,0,
43147,2021-06-26 03:30:00,40.7615,-73.997826,0,0,Unspecified,4431722,26.5,18.6,1.3,1.3,0.0,8.0,51,23.7,52.9,181,Drizzle: Light,0,0,
43148,2021-06-25 16:10:00,40.704483,-73.81419,0,0,Unspecified,4431880,24.7,15.6,0.0,0.0,0.0,0.0,3,20.9,41.0,144,Overcast,0,0,
43149,2021-06-26 03:20:00,40.713135,-74.00407,1,0,Alcohol Involvement,4430998,26.5,18.6,1.3,1.3,0.0,8.0,51,23.7,52.9,181,Drizzle: Light,1,1,
43150,2021-06-26 16:15:00,40.68061,-73.90814,1,0,Unspecified,4431315,26.5,18.6,1.3,1.3,0.0,8.0,51,23.7,52.9,181,Drizzle: Light,1,1,
43151,2021-06-25 11:13:00,40.807095,-73.945984,1,0,Unspecified,4431766,24.7,15.6,0.0,0.0,0.0,0.0,3,20.9,41.0,144,Overcast,1,1,
43152,2021-06-19 15:45:00,40.73403,-73.723656,2,0,Driver Inattention/Distraction,4428739,31.5,19.5,1.2,1.2,0.0,3.0,53,21.1,38.2,243,Drizzle: Moderate,2,2,
43153,2021-06-24 10:00:00,40.882767,-73.88864,0,0,Unspecified,4431796,23.2,13.5,0.0,0.0,0.0,0.0,3,19.7,40.0,145,Overcast,0,0,
43154,2021-06-26 18:10:00,40.587383,-73.95422,1,0,Pedestrian/Bicyclist/Other Pedestrian Error/Confusion,4431692,26.5,18.6,1.3,1.3,0.0,8.0,51,23.7,52.9,181,Drizzle: Light,1,1,
43155,2021-06-26 10:10:00,40.69821,-73.737526,0,0,Traffic Control Disregarded,4431023,26.5,18.6,1.3,1.3,0.0,8.0,51,23.7,52.9,181,Drizzle: Light,0,0,
43156,2021-06-26 16:34:00,40.758255,-73.7772,0,0,Driver Inattention/Distraction,4431145,26.5,18.6,1.3,1.3,0.0,8.0,51,23.7,52.9,181,Drizzle: Light,0,0,
43157,2021-06-26 10:25:00,40.618595,-74.035995,1,0,Failure to Yield Right-of-Way,4431424,26.5,18.6,1.3,1.3,0.0,8.0,51,23.7,52.9,181,Drizzle: Light,1,1,
43158,2021-06-23 22:00:00,40.70577,-73.9368,0,0,Driver Inattention/Distraction,4431984,23.1,12.2,0.0,0.0,0.0,0.0,3,16.5,31.7,309,Overcast,0,0,
43159,2021-06-26 18:15:00,40.658836,-73.92046,0,0,Unspecified,4431570,26.5,18.6,1.3,1.3,0.0,8.0,51,23.7,52.9,181,Drizzle: Light,0,0,
43160,2021-06-26 20:00:00,40.828075,-73.840065,0,0,Unspecified,4431609,26.5,18.6,1.3,1.3,0.0,8.0,51,23.7,52.9,181,Drizzle: Light,0,0,
43161,2021-06-26 14:30:00,40.68811,-73.819336,0,0,Driver Inattention/Distraction,4431099,26.5,18.6,1.3,1.3,0.0,8.0,51,23.7,52.9,181,Drizzle: Light,0,0,
43162,2021-06-26 11:25:00,40.7483,-73.73825,1,0,Driver Inattention/Distraction,4431050,26.5,18.6,1.3,1.3,0.0,8.0,51,23.7,52.9,181,Drizzle: Light,1,1,
43163,2021-06-25 16:00:00,40.820297,-73.854645,0,0,Unspecified,4431831,24.7,15.6,0.0,0.0,0.0,0.0,3,20.9,41.0,144,Overcast,0,0,
43164,2022-06-30 09:00:00,40.62051,-73.92511,0,0,Driver Inattention/Distraction,4543670,31.2,17.3,0.0,0.0,0.0,0.0,2,19.1,37.4,274,Partly cloudy,0,0,
43165,2021-06-26 00:12:00,40.754387,-73.89653,1,0,Unspecified,4431089,26.5,18.6,1.3,1.3,0.0,8.0,51,23.7,52.9,181,Drizzle: Light,1,1,
43166,2021-06-26 13:58:00,40.739567,-73.75771,0,0,Backing Unsafely,4431051,26.5,18.6,1.3,1.3,0.0,8.0,51,23.7,52.9,181,Drizzle: Light,0,0,
43167,2021-06-26 21:45:00,40.795437,-73.943954,1,0,Failure to Yield Right-of-Way,4431778,26.5,18.6,1.3,1.3,0.0,8.0,51,23.7,52.9,181,Drizzle: Light,1,1,
43168,2021-06-26 10:10:00,40.76155,-73.96659,0,0,Passing or Lane Usage Improper,4431038,26.5,18.6,1.3,1.3,0.0,8.0,51,23.7,52.9,181,Drizzle: Light,0,0,
43169,2021-06-26 00:00:00,40.86261,-73.82679,3,0,Unsafe Speed,4431607,26.5,18.6,1.3,1.3,0.0,8.0,51,23.7,52.9,181,Drizzle: Light,3,3,
43170,2021-06-26 20:42:00,40.863113,-73.920616,0,0,Unsafe Lane Changing,4432051,26.5,18.6,1.3,1.3,0.0,8.0,51,23.7,52.9,181,Drizzle: Light,0,0,
43171,2021-06-26 15:26:00,40.76282,-73.92029,0,0,Unspecified,4431273,26.5,18.6,1.3,1.3,0.0,8.0,51,23.7,52.9,181,Drizzle: Light,0,0,
43172,2021-06-26 09:00:00,40.678345,-73.94623,0,0,Driver Inattention/Distraction,4431337,26.5,18.6,1.3,1.3,0.0,8.0,51,23.7,52.9,181,Drizzle: Light,0,0,
43173,2021-06-25 10:45:00,40.70113,-73.96087,0,0,Following Too Closely,4431991,24.7,15.6,0.0,0.0,0.0,0.0,3,20.9,41.0,144,Overcast,0,0,
43174,2021-06-24 00:00:00,40.701397,-73.95808,0,0,Unspecified,4432009,23.2,13.5,0.0,0.0,0.0,0.0,3,19.7,40.0,145,Overcast,0,0,
43175,2021-06-26 14:42:00,40.81789,-73.93999,0,0,Unspecified,4431666,26.5,18.6,1.3,1.3,0.0,8.0,51,23.7,52.9,181,Drizzle: Light,0,0,
43176,2021-06-26 22:43:00,40.699883,-73.90831,0,0,Driverless/Runaway Vehicle,4431506,26.5,18.6,1.3,1.3,0.0,8.0,51,23.7,52.9,181,Drizzle: Light,0,0,
43177,2021-06-26 19:10:00,40.842987,-73.900345,1,0,Traffic Control Disregarded,4431625,26.5,18.6,1.3,1.3,0.0,8.0,51,23.7,52.9,181,Drizzle: Light,1,1,
43178,2021-06-26 11:45:00,40.55542,-74.182976,1,0,Driver Inattention/Distraction,4431045,26.5,18.6,1.3,1.3,0.0,8.0,51,23.7,52.9,181,Drizzle: Light,1,1,
43179,2021-06-26 17:05:00,40.64546,-74.00638,1,0,Driver Inattention/Distraction,4431117,26.5,18.6,1.3,1.3,0.0,8.0,51,23.7,52.9,181,Drizzle: Light,1,1,
43180,2021-06-26 16:53:00,40.820515,-73.930695,0,0,Passing or Lane Usage Improper,4431217,26.5,18.6,1.3,1.3,0.0,8.0,51,23.7,52.9,181,Drizzle: Light,0,0,
43181,2021-06-25 02:00:00,40.687283,-73.827415,0,0,Unspecified,4431922,24.7,15.6,0.0,0.0,0.0,0.0,3,20.9,41.0,144,Overcast,0,0,
43182,2021-06-26 20:09:00,40.711838,-73.917496,0,0,Driver Inattention/Distraction,4431460,26.5,18.6,1.3,1.3,0.0,8.0,51,23.7,52.9,181,Drizzle: Light,0,0,
43183,2021-06-22 10:15:00,40.76636,-73.97789,0,0,Driver Inattention/Distraction,4431736,24.2,15.1,8.5,8.5,0.0,9.0,63,22.2,43.2,305,Rain: Moderate,0,0,
43184,2021-06-26 22:45:00,40.669415,-73.88231,0,0,Unspecified,4431834,26.5,18.6,1.3,1.3,0.0,8.0,51,23.7,52.9,181,Drizzle: Light,0,0,
43185,2021-06-26 15:05:00,40.75776,-73.7834,0,0,Driver Inattention/Distraction,4431147,26.5,18.6,1.3,1.3,0.0,8.0,51,23.7,52.9,181,Drizzle: Light,0,0,
43186,2021-06-24 09:25:00,40.667095,-73.92276,0,0,Turning Improperly,4431889,23.2,13.5,0.0,0.0,0.0,0.0,3,19.7,40.0,145,Overcast,0,0,
43187,2021-06-26 22:00:00,40.687992,-73.98962,0,0,Unspecified,4431184,26.5,18.6,1.3,1.3,0.0,8.0,51,23.7,52.9,181,Drizzle: Light,0,0,
43188,2021-06-25 22:25:00,40.860264,-73.90164,0,0,Unsafe Speed,4431782,24.7,15.6,0.0,0.0,0.0,0.0,3,20.9,41.0,144,Overcast,0,0,
43189,2021-06-26 02:30:00,40.72445,-74.00404,0,0,Unspecified,4431057,26.5,18.6,1.3,1.3,0.0,8.0,51,23.7,52.9,181,Drizzle: Light,0,0,
43190,2021-06-26 05:05:00,40.76571,-73.991035,0,0,Alcohol Involvement,4431719,26.5,18.6,1.3,1.3,0.0,8.0,51,23.7,52.9,181,Drizzle: Light,0,0,
43191,2022-07-03 00:54:00,40.78503,-73.94058,1,0,Following Too Closely,4542813,31.2,21.0,0.0,0.0,0.0,0.0,3,15.8,31.3,341,Overcast,1,1,
43192,2021-06-26 21:40:00,40.710815,-73.98326,0,0,Alcohol Involvement,4431594,26.5,18.6,1.3,1.3,0.0,8.0,51,23.7,52.9,181,Drizzle: Light,0,0,
43193,2021-06-04 19:50:00,40.745796,-73.88385,1,0,Driver Inattention/Distraction,4431904,25.3,17.4,6.5,6.5,0.0,10.0,61,17.9,37.8,235,Rain: Light,1,1,
43194,2021-06-19 16:11:00,40.61074,-74.09583,1,0,Following Too Closely,4431708,31.5,19.5,1.2,1.2,0.0,3.0,53,21.1,38.2,243,Drizzle: Moderate,1,1,
43195,2021-06-21 12:15:00,40.795147,-73.94523,0,0,Backing Unsafely,4431773,28.0,21.7,0.5,0.5,0.0,2.0,51,24.4,46.8,181,Drizzle: Light,0,0,
43196,2021-06-26 16:20:00,40.579975,-73.97464,0,0,Backing Unsafely,4431251,26.5,18.6,1.3,1.3,0.0,8.0,51,23.7,52.9,181,Drizzle: Light,0,0,
43197,2021-06-26 23:15:00,40.827206,-73.94246,1,0,Driver Inattention/Distraction,4431750,26.5,18.6,1.3,1.3,0.0,8.0,51,23.7,52.9,181,Drizzle: Light,1,1,
43198,2021-06-26 17:11:00,40.65473,-73.90692,1,0,Unspecified,4431319,26.5,18.6,1.3,1.3,0.0,8.0,51,23.7,52.9,181,Drizzle: Light,1,1,
43199,2021-06-26 08:37:00,40.652187,-73.95847,0,0,Other Vehicular,4431196,26.5,18.6,1.3,1.3,0.0,8.0,51,23.7,52.9,181,Drizzle: Light,0,0,
43200,2021-06-24 17:08:00,40.70082,-73.957466,0,0,Driver Inexperience,4432000,23.2,13.5,0.0,0.0,0.0,0.0,3,19.7,40.0,145,Overcast,0,0,
43201,2021-06-26 11:34:00,40.72325,-73.733315,0,0,Passing or Lane Usage Improper,4431449,26.5,18.6,1.3,1.3,0.0,8.0,51,23.7,52.9,181,Drizzle: Light,0,0,
43202,2021-06-26 17:40:00,40.85477,-73.90299,0,0,Unspecified,4431812,26.5,18.6,1.3,1.3,0.0,8.0,51,23.7,52.9,181,Drizzle: Light,0,0,
43203,2021-06-26 12:51:00,40.69832,-73.962265,1,0,Unspecified,4431159,26.5,18.6,1.3,1.3,0.0,8.0,51,23.7,52.9,181,Drizzle: Light,1,1,
43204,2021-06-26 17:41:00,40.719395,-74.00189,1,0,Driver Inattention/Distraction,4431727,26.5,18.6,1.3,1.3,0.0,8.0,51,23.7,52.9,181,Drizzle: Light,1,1,
43205,2021-06-26 20:00:00,40.685184,-73.920456,0,0,Prescription Medication,4431859,26.5,18.6,1.3,1.3,0.0,8.0,51,23.7,52.9,181,Drizzle: Light,0,0,
43206,2021-06-26 09:00:00,40.905975,-73.85034,0,0,Unspecified,4431382,26.5,18.6,1.3,1.3,0.0,8.0,51,23.7,52.9,181,Drizzle: Light,0,0,
43207,2021-06-26 19:31:00,40.710365,-73.90493,1,0,Unspecified,4431384,26.5,18.6,1.3,1.3,0.0,8.0,51,23.7,52.9,181,Drizzle: Light,1,1,
43208,2021-06-26 00:49:00,40.692425,-73.96075,1,0,Alcohol Involvement,4431291,26.5,18.6,1.3,1.3,0.0,8.0,51,23.7,52.9,181,Drizzle: Light,1,1,
43209,2021-06-24 17:21:00,40.743427,-73.99613,0,0,Passing Too Closely,4431759,23.2,13.5,0.0,0.0,0.0,0.0,3,19.7,40.0,145,Overcast,0,0,
43210,2021-06-26 00:40:00,40.670624,-73.895546,0,0,Unspecified,4430987,26.5,18.6,1.3,1.3,0.0,8.0,51,23.7,52.9,181,Drizzle: Light,0,0,
43211,2021-06-26 08:25:00,40.848637,-73.91169,1,0,Unspecified,4431787,26.5,18.6,1.3,1.3,0.0,8.0,51,23.7,52.9,181,Drizzle: Light,1,1,
43212,2021-06-26 05:00:00,40.71146,-73.79647,0,0,Driver Inattention/Distraction,4431885,26.5,18.6,1.3,1.3,0.0,8.0,51,23.7,52.9,181,Drizzle: Light,0,0,
43213,2021-06-26 22:47:00,40.649895,-73.90762,1,0,Passing or Lane Usage Improper,4431177,26.5,18.6,1.3,1.3,0.0,8.0,51,23.7,52.9,181,Drizzle: Light,1,1,
43214,2021-06-26 15:50:00,40.758167,-73.91857,0,0,Backing Unsafely,4431696,26.5,18.6,1.3,1.3,0.0,8.0,51,23.7,52.9,181,Drizzle: Light,0,0,
43215,2021-06-25 07:30:00,40.718643,-73.76625,0,0,Backing Unsafely,4431879,24.7,15.6,0.0,0.0,0.0,0.0,3,20.9,41.0,144,Overcast,0,0,
43216,2021-06-26 19:20:00,40.688232,-73.933105,1,0,Unspecified,4431858,26.5,18.6,1.3,1.3,0.0,8.0,51,23.7,52.9,181,Drizzle: Light,1,1,
43217,2021-06-24 18:06:00,40.86369,-73.91707,1,0,Aggressive Driving/Road Rage,4431742,23.2,13.5,0.0,0.0,0.0,0.0,3,19.7,40.0,145,Overcast,1,1,
43218,2021-06-24 19:20:00,40.797478,-73.9488,1,0,Turning Improperly,4431767,23.2,13.5,0.0,0.0,0.0,0.0,3,19.7,40.0,145,Overcast,1,1,
43219,2021-06-26 07:45:00,40.727676,-73.98182,0,0,Unspecified,4431154,26.5,18.6,1.3,1.3,0.0,8.0,51,23.7,52.9,181,Drizzle: Light,0,0,
43220,2021-06-26 01:00:00,40.833466,-73.85057,0,0,Alcohol Involvement,4431298,26.5,18.6,1.3,1.3,0.0,8.0,51,23.7,52.9,181,Drizzle: Light,0,0,
43221,2021-06-24 15:50:00,40.876316,-73.90165,0,0,Passing Too Closely,4431797,23.2,13.5,0.0,0.0,0.0,0.0,3,19.7,40.0,145,Overcast,0,0,
43222,2021-06-26 20:18:00,40.83945,-73.88393,0,0,Turning Improperly,4431684,26.5,18.6,1.3,1.3,0.0,8.0,51,23.7,52.9,181,Drizzle: Light,0,0,
43223,2021-06-26 02:10:00,40.75892,-73.97426,0,0,Driver Inattention/Distraction,4431726,26.5,18.6,1.3,1.3,0.0,8.0,51,23.7,52.9,181,Drizzle: Light,0,0,
43224,2021-06-21 20:57:00,40.69168,-73.99965,0,0,Unspecified,4432036,28.0,21.7,0.5,0.5,0.0,2.0,51,24.4,46.8,181,Drizzle: Light,0,0,
43225,2021-06-26 03:40:00,40.861217,-73.90437,1,0,Unspecified,4431229,26.5,18.6,1.3,1.3,0.0,8.0,51,23.7,52.9,181,Drizzle: Light,1,1,
43226,2021-06-14 10:10:00,40.6849,-73.97961,0,0,Failure to Yield Right-of-Way,4431955,21.4,17.5,21.7,21.7,0.0,11.0,65,21.1,48.6,154,Rain: Heavy,0,0,
43227,2021-06-24 05:18:00,40.714935,-73.81636,1,0,Unspecified,4431873,23.2,13.5,0.0,0.0,0.0,0.0,3,19.7,40.0,145,Overcast,1,1,
43228,2021-06-25 19:30:00,40.850018,-73.9107,0,0,Driver Inattention/Distraction,4431781,24.7,15.6,0.0,0.0,0.0,0.0,3,20.9,41.0,144,Overcast,0,0,
43229,2021-06-26 14:10:00,40.617764,-73.95003,2,0,Turning Improperly,4431207,26.5,18.6,1.3,1.3,0.0,8.0,51,23.7,52.9,181,Drizzle: Light,2,2,
43230,2021-12-30 08:00:00,40.700123,-73.91632,0,0,Unsafe Speed,4493764,8.3,5.0,1.8,1.8,0.0,7.0,53,9.9,17.6,22,Drizzle: Moderate,0,0,
43231,2021-06-26 14:15:00,40.71453,-73.9444,0,0,Driver Inattention/Distraction,4431996,26.5,18.6,1.3,1.3,0.0,8.0,51,23.7,52.9,181,Drizzle: Light,0,0,
43232,2021-06-26 14:45:00,40.853943,-73.858665,0,0,Unspecified,4431056,26.5,18.6,1.3,1.3,0.0,8.0,51,23.7,52.9,181,Drizzle: Light,0,0,
43233,2021-06-26 17:00:00,40.757507,-73.88193,1,0,Pedestrian/Bicyclist/Other Pedestrian Error/Confusion,4431090,26.5,18.6,1.3,1.3,0.0,8.0,51,23.7,52.9,181,Drizzle: Light,1,1,
43234,2021-06-26 07:00:00,40.68275,-73.922,0,0,Unspecified,4431519,26.5,18.6,1.3,1.3,0.0,8.0,51,23.7,52.9,181,Drizzle: Light,0,0,