,CRASH DATETIME,LATITUDE,LONGITUDE,NUMBER OF PERSONS INJURED,NUMBER OF PERSONS KILLED,CONTRIBUTING FACTOR VEHICLE 1,COLLISION_ID,temperature_2m_max,temperature_2m_min,precipitation_sum,rain_sum,snowfall_sum,precipitation_hours,weather_code,wind_speed_10m_max,wind_gusts_10m_max,wind_direction_10m_dominant,Weather Description,Severity_Score,Total_Affected_Persons,Weather_Category
43235,2021-06-26 14:10:00,40.743942,-73.983635,1,0,Failure to Yield Right-of-Way,4431866,26.5,18.6,1.3,1.3,0.0,8.0,51,23.7,52.9,181,Drizzle: Light,1,1,
43236,2021-06-26 21:30:00,40.834705,-73.88936,0,0,Unspecified,4431173,26.5,18.6,1.3,1.3,0.0,8.0,51,23.7,52.9,181,Drizzle: Light,0,0,
43237,2021-06-26 18:35:00,40.812664,-73.906334,0,0,Traffic Control Disregarded,4431642,26.5,18.6,1.3,1.3,0.0,8.0,51,23.7,52.9,181,Drizzle: Light,0,0,
43238,2021-06-24 20:57:00,40.8617,-73.89139,0,0,Unspecified,4431806,23.2,13.5,0.0,0.0,0.0,0.0,3,19.7,40.0,145,Overcast,0,0,
43239,2021-06-26 08:20:00,40.616047,-74.025734,0,0,Failure to Yield Right-of-Way,4431047,26.5,18.6,1.3,1.3,0.0,8.0,51,23.7,52.9,181,Drizzle: Light,0,0,
43240,2021-06-26 09:39:00,40.670555,-73.85634,1,0,Failure to Yield Right-of-Way,4431527,26.5,18.6,1.3,1.3,0.0,8.0,51,23.7,52.9,181,Drizzle: Light,1,1,
43241,2021-06-26 05:40:00,40.60461,-73.99826,0,0,Driver Inexperience,4431073,26.5,18.6,1.3,1.3,0.0,8.0,51,23.7,52.9,181,Drizzle: Light,0,0,
43242,2021-06-26 00:00:00,40.65121,-73.95893,1,0,Driver Inattention/Distraction,4431215,26.5,18.6,1.3,1.3,0.0,8.0,51,23.7,52.9,181,Drizzle: Light,1,1,
43243,2021-06-25 15:35:00,40.810726,-73.92465,0,0,Backing Unsafely,4431772,24.7,15.6,0.0,0.0,0.0,0.0,3,20.9,41.0,144,Overcast,0,0,
43244,2021-06-21 14:15:00,40.792244,-73.94419,1,0,Driver Inattention/Distraction,4432025,28.0,21.7,0.5,0.5,0.0,2.0,51,24.4,46.8,181,Drizzle: Light,1,1,
43245,2021-06-26 16:10:00,40.68821,-73.96583,1,0,Unspecified,4431163,26.5,18.6,1.3,1.3,0.0,8.0,51,23.7,52.9,181,Drizzle: Light,1,1,
43246,2021-06-26 06:10:00,40.678394,-73.94692,0,0,Driver Inattention/Distraction,4431223,26.5,18.6,1.3,1.3,0.0,8.0,51,23.7,52.9,181,Drizzle: Light,0,0,
43247,2021-06-21 10:54:00,40.644753,-73.92493,0,0,Traffic Control Disregarded,4431931,28.0,21.7,0.5,0.5,0.0,2.0,51,24.4,46.8,181,Drizzle: Light,0,0,
43248,2021-06-25 14:15:00,40.696384,-73.86017,0,0,Unspecified,4431920,24.7,15.6,0.0,0.0,0.0,0.0,3,20.9,41.0,144,Overcast,0,0,
43249,2021-06-26 08:10:00,40.85407,-73.89932,0,0,Failure to Yield Right-of-Way,4431824,26.5,18.6,1.3,1.3,0.0,8.0,51,23.7,52.9,181,Drizzle: Light,0,0,
43250,2021-06-21 14:00:00,40.862614,-73.928604,0,0,Unspecified,4431731,28.0,21.7,0.5,0.5,0.0,2.0,51,24.4,46.8,181,Drizzle: Light,0,0,
43251,2021-06-18 15:00:00,40.675385,-73.95337,0,0,Driver Inattention/Distraction,4431890,27.4,13.8,0.0,0.0,0.0,0.0,3,20.5,40.3,210,Overcast,0,0,
43252,2021-06-26 09:04:00,40.702145,-73.89672,0,0,Driver Inattention/Distraction,4431504,26.5,18.6,1.3,1.3,0.0,8.0,51,23.7,52.9,181,Drizzle: Light,0,0,
43253,2021-06-26 10:15:00,40.765114,-73.98503,0,0,Driver Inattention/Distraction,4431019,26.5,18.6,1.3,1.3,0.0,8.0,51,23.7,52.9,181,Drizzle: Light,0,0,
43254,2021-06-26 13:15:00,40.757732,-73.99686,0,0,Failure to Yield Right-of-Way,4431616,26.5,18.6,1.3,1.3,0.0,8.0,51,23.7,52.9,181,Drizzle: Light,0,0,
43255,2021-06-26 15:17:00,40.697052,-73.75734,1,0,Traffic Control Disregarded,4431142,26.5,18.6,1.3,1.3,0.0,8.0,51,23.7,52.9,181,Drizzle: Light,1,1,
43256,2021-06-25 12:04:00,40.710716,-73.95359,1,0,Following Too Closely,4432007,24.7,15.6,0.0,0.0,0.0,0.0,3,20.9,41.0,144,Overcast,1,1,
43257,2021-06-26 01:13:00,40.848446,-73.9393,0,0,Driver Inattention/Distraction,4431544,26.5,18.6,1.3,1.3,0.0,8.0,51,23.7,52.9,181,Drizzle: Light,0,0,
43258,2021-06-26 23:37:00,40.616985,-74.01716,0,0,Fell Asleep,4431423,26.5,18.6,1.3,1.3,0.0,8.0,51,23.7,52.9,181,Drizzle: Light,0,0,
43259,2021-06-22 10:30:00,40.636448,-73.94513,0,0,Turning Improperly,4431930,24.2,15.1,8.5,8.5,0.0,9.0,63,22.2,43.2,305,Rain: Moderate,0,0,
43260,2021-06-25 12:45:00,40.79292,-73.94579,0,0,View Obstructed/Limited,4431777,24.7,15.6,0.0,0.0,0.0,0.0,3,20.9,41.0,144,Overcast,0,0,
43261,2021-06-26 05:10:00,40.72032,-73.99404,1,0,Failure to Yield Right-of-Way,4431327,26.5,18.6,1.3,1.3,0.0,8.0,51,23.7,52.9,181,Drizzle: Light,1,1,
43262,2021-06-25 18:45:00,40.763485,-73.98895,1,0,Failure to Yield Right-of-Way,4431733,24.7,15.6,0.0,0.0,0.0,0.0,3,20.9,41.0,144,Overcast,1,1,
43263,2021-06-24 10:15:00,40.70166,-73.961464,0,0,Other Vehicular,4431979,23.2,13.5,0.0,0.0,0.0,0.0,3,19.7,40.0,145,Overcast,0,0,
43264,2022-07-01 16:27:00,40.652287,-73.887405,0,0,Driver Inattention/Distraction,4543788,33.7,20.2,0.1,0.1,0.0,1.0,51,32.3,58.0,215,Drizzle: Light,0,0,
43265,2021-06-26 19:28:00,40.868336,-73.90127,4,0,Failure to Yield Right-of-Way,4431643,26.5,18.6,1.3,1.3,0.0,8.0,51,23.7,52.9,181,Drizzle: Light,4,4,
43266,2021-06-26 14:20:00,40.834507,-73.91772,0,0,Passing or Lane Usage Improper,4431222,26.5,18.6,1.3,1.3,0.0,8.0,51,23.7,52.9,181,Drizzle: Light,0,0,
43267,2021-06-26 19:15:00,40.661278,-73.9536,0,0,Driver Inattention/Distraction,4431563,26.5,18.6,1.3,1.3,0.0,8.0,51,23.7,52.9,181,Drizzle: Light,0,0,
43268,2021-06-26 09:00:00,40.666546,-73.78808,2,0,Driver Inattention/Distraction,4431031,26.5,18.6,1.3,1.3,0.0,8.0,51,23.7,52.9,181,Drizzle: Light,2,2,
43269,2021-06-26 05:15:00,40.68489,-73.82148,1,0,Unsafe Speed,4431098,26.5,18.6,1.3,1.3,0.0,8.0,51,23.7,52.9,181,Drizzle: Light,1,1,
43270,2021-06-25 15:40:00,40.868885,-73.91569,0,0,Turning Improperly,4432049,24.7,15.6,0.0,0.0,0.0,0.0,3,20.9,41.0,144,Overcast,0,0,
43271,2021-06-26 00:00:00,40.694107,-73.96703,0,0,Alcohol Involvement,4431391,26.5,18.6,1.3,1.3,0.0,8.0,51,23.7,52.9,181,Drizzle: Light,0,0,
43272,2021-06-26 18:18:00,40.640728,-73.90521,1,0,Following Too Closely,4431176,26.5,18.6,1.3,1.3,0.0,8.0,51,23.7,52.9,181,Drizzle: Light,1,1,
43273,2021-06-26 23:14:00,40.676342,-73.910934,1,0,Failure to Yield Right-of-Way,4431356,26.5,18.6,1.3,1.3,0.0,8.0,51,23.7,52.9,181,Drizzle: Light,1,1,
43274,2021-06-24 16:21:00,40.707333,-73.94321,0,0,Turning Improperly,4431990,23.2,13.5,0.0,0.0,0.0,0.0,3,19.7,40.0,145,Overcast,0,0,
43275,2021-06-20 12:45:00,40.743717,-74.00417,0,0,Following Too Closely,4431749,28.7,17.3,0.3,0.3,0.0,2.0,51,19.5,40.0,212,Drizzle: Light,0,0,
43276,2021-06-24 20:40:00,40.824043,-73.93884,0,0,Unspecified,4431760,23.2,13.5,0.0,0.0,0.0,0.0,3,19.7,40.0,145,Overcast,0,0,
43277,2021-06-26 02:10:00,40.72387,-73.75541,2,0,Unspecified,4430988,26.5,18.6,1.3,1.3,0.0,8.0,51,23.7,52.9,181,Drizzle: Light,2,2,
43278,2021-06-26 10:51:00,40.850857,-73.90765,1,0,Driver Inattention/Distraction,4431788,26.5,18.6,1.3,1.3,0.0,8.0,51,23.7,52.9,181,Drizzle: Light,1,1,
43279,2021-06-16 11:15:00,40.79292,-73.94579,0,0,Unsafe Lane Changing,4432024,23.1,15.1,0.0,0.0,0.0,0.0,1,20.2,40.0,317,Mainly clear,0,0,Sunny/Clear Conditions
43280,2021-06-26 02:37:00,40.725975,-73.7575,1,0,Unsafe Speed,4431883,26.5,18.6,1.3,1.3,0.0,8.0,51,23.7,52.9,181,Drizzle: Light,1,1,
43281,2021-06-23 10:00:00,40.704132,-73.815895,0,0,Unspecified,4431868,23.1,12.2,0.0,0.0,0.0,0.0,3,16.5,31.7,309,Overcast,0,0,
43282,2021-06-26 14:10:00,40.864002,-73.834045,0,0,Following Too Closely,4431068,26.5,18.6,1.3,1.3,0.0,8.0,51,23.7,52.9,181,Drizzle: Light,0,0,
43283,2021-06-26 14:45:00,40.639366,-73.9113,2,0,Driver Inexperience,4431074,26.5,18.6,1.3,1.3,0.0,8.0,51,23.7,52.9,181,Drizzle: Light,2,2,
43284,2021-06-26 22:35:00,40.71256,-73.732994,0,0,Driver Inattention/Distraction,4431450,26.5,18.6,1.3,1.3,0.0,8.0,51,23.7,52.9,181,Drizzle: Light,0,0,
43285,2021-06-26 03:17:00,40.84768,-73.91237,1,0,Driver Inattention/Distraction,4431786,26.5,18.6,1.3,1.3,0.0,8.0,51,23.7,52.9,181,Drizzle: Light,1,1,
43286,2021-06-26 12:42:00,40.63778,-74.01794,1,0,Unsafe Speed,4431114,26.5,18.6,1.3,1.3,0.0,8.0,51,23.7,52.9,181,Drizzle: Light,1,1,
43287,2021-06-26 16:52:00,40.591393,-73.907875,0,0,Driver Inattention/Distraction,4431521,26.5,18.6,1.3,1.3,0.0,8.0,51,23.7,52.9,181,Drizzle: Light,0,0,
43288,2021-06-25 16:36:00,40.861942,-73.89373,0,0,Unspecified,4431810,24.7,15.6,0.0,0.0,0.0,0.0,3,20.9,41.0,144,Overcast,0,0,
43289,2021-06-23 00:00:00,40.716526,-73.82308,0,0,Unspecified,4431865,23.1,12.2,0.0,0.0,0.0,0.0,3,16.5,31.7,309,Overcast,0,0,
43290,2021-06-26 02:45:00,40.62764,-73.89022,0,0,Driver Inexperience,4431041,26.5,18.6,1.3,1.3,0.0,8.0,51,23.7,52.9,181,Drizzle: Light,0,0,
43291,2021-06-26 14:27:00,40.722466,-73.73692,1,0,Failure to Yield Right-of-Way,4431452,26.5,18.6,1.3,1.3,0.0,8.0,51,23.7,52.9,181,Drizzle: Light,1,1,
43292,2021-06-26 17:11:00,40.879215,-73.885284,0,0,Reaction to Uninvolved Vehicle,4431631,26.5,18.6,1.3,1.3,0.0,8.0,51,23.7,52.9,181,Drizzle: Light,0,0,
43293,2021-06-26 06:30:00,40.641567,-73.91895,0,0,Unspecified,4431048,26.5,18.6,1.3,1.3,0.0,8.0,51,23.7,52.9,181,Drizzle: Light,0,0,
43294,2021-06-26 17:00:00,40.642384,-73.92539,1,0,Following Too Closely,4431104,26.5,18.6,1.3,1.3,0.0,8.0,51,23.7,52.9,181,Drizzle: Light,1,1,
43295,2021-06-23 21:00:00,40.85814,-73.895744,0,0,Unspecified,4431825,23.1,12.2,0.0,0.0,0.0,0.0,3,16.5,31.7,309,Overcast,0,0,
43296,2021-06-06 14:30:00,40.670326,-73.79244,0,0,Glare,4431847,31.0,20.0,0.0,0.0,0.0,0.0,1,16.6,32.4,222,Mainly clear,0,0,Sunny/Clear Conditions
43297,2021-06-26 17:20:00,40.614063,-74.01393,0,0,Failure to Yield Right-of-Way,4431152,26.5,18.6,1.3,1.3,0.0,8.0,51,23.7,52.9,181,Drizzle: Light,0,0,
43298,2021-06-26 04:50:00,40.833702,-73.870674,0,0,Unspecified,4431299,26.5,18.6,1.3,1.3,0.0,8.0,51,23.7,52.9,181,Drizzle: Light,0,0,
43299,2021-06-17 13:03:00,40.879063,-73.90913,1,0,Backing Unsafely,4431813,23.9,12.1,0.0,0.0,0.0,0.0,3,13.4,27.4,311,Overcast,1,1,
43300,2021-06-26 00:57:00,40.596977,-73.97324,0,0,Unspecified,4431694,26.5,18.6,1.3,1.3,0.0,8.0,51,23.7,52.9,181,Drizzle: Light,0,0,
43301,2021-06-25 19:35:00,40.84543,-73.91399,0,0,Backing Unsafely,4431780,24.7,15.6,0.0,0.0,0.0,0.0,3,20.9,41.0,144,Overcast,0,0,
43302,2021-06-26 14:05:00,40.692703,-73.75857,0,0,Passing Too Closely,4431055,26.5,18.6,1.3,1.3,0.0,8.0,51,23.7,52.9,181,Drizzle: Light,0,0,
43303,2021-06-26 08:26:00,40.74223,-73.95885,0,0,Unspecified,4431174,26.5,18.6,1.3,1.3,0.0,8.0,51,23.7,52.9,181,Drizzle: Light,0,0,
43304,2022-04-06 13:20:00,40.78214,-73.824844,0,0,Pavement Slippery,4516791,12.5,6.2,17.5,17.5,0.0,14.0,61,31.2,62.3,55,Rain: Light,0,0,
43305,2021-06-26 00:02:00,40.663124,-73.96244,0,0,Passing or Lane Usage Improper,4431030,26.5,18.6,1.3,1.3,0.0,8.0,51,23.7,52.9,181,Drizzle: Light,0,0,
43306,2021-06-26 18:58:00,40.67663,-73.77774,0,0,Driver Inattention/Distraction,4431143,26.5,18.6,1.3,1.3,0.0,8.0,51,23.7,52.9,181,Drizzle: Light,0,0,
43307,2021-06-26 08:40:00,40.71146,-73.79647,0,0,Driver Inattention/Distraction,4431886,26.5,18.6,1.3,1.3,0.0,8.0,51,23.7,52.9,181,Drizzle: Light,0,0,
43308,2021-06-26 18:10:00,40.75968,-73.864075,0,0,Driver Inattention/Distraction,4431430,26.5,18.6,1.3,1.3,0.0,8.0,51,23.7,52.9,181,Drizzle: Light,0,0,
43309,2021-06-26 03:01:00,40.789677,-73.85167,0,0,Fell Asleep,4431133,26.5,18.6,1.3,1.3,0.0,8.0,51,23.7,52.9,181,Drizzle: Light,0,0,
43310,2021-06-25 14:34:00,40.53734,-74.21195,0,0,Failure to Yield Right-of-Way,4431748,24.7,15.6,0.0,0.0,0.0,0.0,3,20.9,41.0,144,Overcast,0,0,
43311,2021-06-26 08:28:00,40.872143,-73.818695,1,0,Following Too Closely,4431600,26.5,18.6,1.3,1.3,0.0,8.0,51,23.7,52.9,181,Drizzle: Light,1,1,
43312,2021-06-26 19:50:00,40.62226,-73.96084,0,0,Unspecified,4431199,26.5,18.6,1.3,1.3,0.0,8.0,51,23.7,52.9,181,Drizzle: Light,0,0,
43313,2021-06-26 09:40:00,40.684227,-73.93531,0,0,Outside Car Distraction,4431514,26.5,18.6,1.3,1.3,0.0,8.0,51,23.7,52.9,181,Drizzle: Light,0,0,
43314,2021-06-26 19:30:00,40.748363,-73.98041,0,0,Unspecified,4431614,26.5,18.6,1.3,1.3,0.0,8.0,51,23.7,52.9,181,Drizzle: Light,0,0,
43315,2021-06-26 23:00:00,40.747906,-73.863235,0,0,Driver Inattention/Distraction,4431547,26.5,18.6,1.3,1.3,0.0,8.0,51,23.7,52.9,181,Drizzle: Light,0,0,
43316,2021-06-26 12:00:00,40.76844,-73.927155,1,0,Failure to Yield Right-of-Way,4431278,26.5,18.6,1.3,1.3,0.0,8.0,51,23.7,52.9,181,Drizzle: Light,1,1,
43317,2021-06-26 00:00:00,40.756245,-73.97758,0,0,Driver Inattention/Distraction,4431725,26.5,18.6,1.3,1.3,0.0,8.0,51,23.7,52.9,181,Drizzle: Light,0,0,
43318,2021-06-23 16:35:00,40.875427,-73.906166,1,0,Failure to Yield Right-of-Way,4431805,23.1,12.2,0.0,0.0,0.0,0.0,3,16.5,31.7,309,Overcast,1,1,
43319,2021-06-26 22:00:00,40.76802,-73.826225,0,0,Passing or Lane Usage Improper,4431189,26.5,18.6,1.3,1.3,0.0,8.0,51,23.7,52.9,181,Drizzle: Light,0,0,
43320,2021-06-26 23:00:00,40.763344,-73.75791,2,0,Unspecified,4431181,26.5,18.6,1.3,1.3,0.0,8.0,51,23.7,52.9,181,Drizzle: Light,2,2,
43321,2021-06-26 00:45:00,40.82077,-73.95459,0,0,Driver Inattention/Distraction,4431002,26.5,18.6,1.3,1.3,0.0,8.0,51,23.7,52.9,181,Drizzle: Light,0,0,
43322,2021-06-26 14:17:00,40.621483,-73.9252,2,0,Traffic Control Disregarded,4431763,26.5,18.6,1.3,1.3,0.0,8.0,51,23.7,52.9,181,Drizzle: Light,2,2,
43323,2021-06-26 17:50:00,40.72176,-73.76001,1,0,Following Too Closely,4431891,26.5,18.6,1.3,1.3,0.0,8.0,51,23.7,52.9,181,Drizzle: Light,1,1,
43324,2021-06-26 12:40:00,40.71793,-73.881256,0,0,Reaction to Uninvolved Vehicle,4431092,26.5,18.6,1.3,1.3,0.0,8.0,51,23.7,52.9,181,Drizzle: Light,0,0,
43325,2021-06-26 10:00:00,40.64254,-73.87652,6,0,Driver Inattention/Distraction,4431224,26.5,18.6,1.3,1.3,0.0,8.0,51,23.7,52.9,181,Drizzle: Light,6,6,
43326,2021-06-24 08:30:00,40.713547,-73.79548,0,0,Unspecified,4431874,23.2,13.5,0.0,0.0,0.0,0.0,3,19.7,40.0,145,Overcast,0,0,
43327,2021-06-26 16:48:00,40.73074,-73.71305,1,0,Driver Inattention/Distraction,4431799,26.5,18.6,1.3,1.3,0.0,8.0,51,23.7,52.9,181,Drizzle: Light,1,1,
43328,2021-06-26 22:39:00,40.84497,-73.90247,0,0,Driver Inattention/Distraction,4431702,26.5,18.6,1.3,1.3,0.0,8.0,51,23.7,52.9,181,Drizzle: Light,0,0,
43329,2021-06-26 00:00:00,40.705482,-73.92826,0,0,Traffic Control Disregarded,4431992,26.5,18.6,1.3,1.3,0.0,8.0,51,23.7,52.9,181,Drizzle: Light,0,0,
43330,2021-06-24 13:00:00,40.865547,-73.92728,0,0,Driver Inattention/Distraction,4432038,23.2,13.5,0.0,0.0,0.0,0.0,3,19.7,40.0,145,Overcast,0,0,
43331,2021-06-26 22:14:00,40.862747,-73.90494,1,0,Driver Inattention/Distraction,4431231,26.5,18.6,1.3,1.3,0.0,8.0,51,23.7,52.9,181,Drizzle: Light,1,1,
43332,2021-06-26 00:30:00,40.59359,-73.79726,0,0,Unspecified,4431915,26.5,18.6,1.3,1.3,0.0,8.0,51,23.7,52.9,181,Drizzle: Light,0,0,
43333,2021-06-26 00:05:00,40.88942,-73.844894,0,0,Alcohol Involvement,4431410,26.5,18.6,1.3,1.3,0.0,8.0,51,23.7,52.9,181,Drizzle: Light,0,0,
43334,2021-06-26 17:30:00,40.66214,-73.98224,0,0,Passing or Lane Usage Improper,4431714,26.5,18.6,1.3,1.3,0.0,8.0,51,23.7,52.9,181,Drizzle: Light,0,0,
43335,2021-06-26 21:00:00,40.633114,-73.94928,0,0,Passing Too Closely,4431212,26.5,18.6,1.3,1.3,0.0,8.0,51,23.7,52.9,181,Drizzle: Light,0,0,
43336,2021-06-23 09:15:00,40.75578,-74.00199,1,0,Driver Inattention/Distraction,4431755,23.1,12.2,0.0,0.0,0.0,0.0,3,16.5,31.7,309,Overcast,1,1,
43337,2021-06-25 20:50:00,40.80729,-73.91268,0,0,Unspecified,4431771,24.7,15.6,0.0,0.0,0.0,0.0,3,20.9,41.0,144,Overcast,0,0,
43338,2021-06-26 20:00:00,40.636364,-73.93747,0,0,Driver Inattention/Distraction,4431478,26.5,18.6,1.3,1.3,0.0,8.0,51,23.7,52.9,181,Drizzle: Light,0,0,
43339,2021-06-26 14:42:00,40.841824,-73.843735,0,0,Unspecified,4431668,26.5,18.6,1.3,1.3,0.0,8.0,51,23.7,52.9,181,Drizzle: Light,0,0,
43340,2021-06-26 06:30:00,40.75832,-73.92506,0,0,Unspecified,4431271,26.5,18.6,1.3,1.3,0.0,8.0,51,23.7,52.9,181,Drizzle: Light,0,0,
43341,2021-06-26 18:00:00,40.755665,-73.795204,0,0,Driver Inexperience,4431936,26.5,18.6,1.3,1.3,0.0,8.0,51,23.7,52.9,181,Drizzle: Light,0,0,
43342,2021-06-26 13:15:00,40.66514,-73.90236,0,0,Other Vehicular,4431375,26.5,18.6,1.3,1.3,0.0,8.0,51,23.7,52.9,181,Drizzle: Light,0,0,
43343,2021-06-26 04:00:00,40.845467,-73.92813,2,0,Unspecified,4431809,26.5,18.6,1.3,1.3,0.0,8.0,51,23.7,52.9,181,Drizzle: Light,2,2,
43344,2021-06-25 10:00:00,40.72143,-73.99362,0,0,Driver Inattention/Distraction,4431730,24.7,15.6,0.0,0.0,0.0,0.0,3,20.9,41.0,144,Overcast,0,0,
43345,2021-06-26 13:41:00,40.87125,-73.85662,0,0,Driver Inattention/Distraction,4431396,26.5,18.6,1.3,1.3,0.0,8.0,51,23.7,52.9,181,Drizzle: Light,0,0,
43346,2021-06-21 11:35:00,40.78713,-73.945015,0,0,Unspecified,4431869,28.0,21.7,0.5,0.5,0.0,2.0,51,24.4,46.8,181,Drizzle: Light,0,0,
43347,2021-06-25 23:00:00,40.76737,-73.98445,0,0,Driver Inattention/Distraction,4431734,24.7,15.6,0.0,0.0,0.0,0.0,3,20.9,41.0,144,Overcast,0,0,
43348,2022-06-28 13:05:00,40.771023,-73.95365,0,0,Driver Inattention/Distraction,4543468,27.5,19.1,0.0,0.0,0.0,0.0,3,14.4,28.4,334,Overcast,0,0,
43349,2021-06-25 17:50:00,40.850822,-73.90147,0,0,Driver Inexperience,4431789,24.7,15.6,0.0,0.0,0.0,0.0,3,20.9,41.0,144,Overcast,0,0,
43350,2021-06-26 21:08:00,40.767284,-73.81301,0,0,Passing Too Closely,4431188,26.5,18.6,1.3,1.3,0.0,8.0,51,23.7,52.9,181,Drizzle: Light,0,0,
43351,2021-06-26 01:30:00,40.70213,-73.80445,1,0,Unspecified,4431531,26.5,18.6,1.3,1.3,0.0,8.0,51,23.7,52.9,181,Drizzle: Light,1,1,
43352,2021-06-26 13:30:00,40.804695,-73.92239,0,0,Driver Inattention/Distraction,4431085,26.5,18.6,1.3,1.3,0.0,8.0,51,23.7,52.9,181,Drizzle: Light,0,0,
43353,2021-06-26 19:00:00,40.625652,-73.930534,1,0,Unspecified,4431522,26.5,18.6,1.3,1.3,0.0,8.0,51,23.7,52.9,181,Drizzle: Light,1,1,
43354,2021-06-25 15:08:00,40.676594,-73.91555,0,0,Passing or Lane Usage Improper,4432059,24.7,15.6,0.0,0.0,0.0,0.0,3,20.9,41.0,144,Overcast,0,0,
43355,2021-06-25 13:50:00,40.79157,-73.94469,0,0,Passing or Lane Usage Improper,4431775,24.7,15.6,0.0,0.0,0.0,0.0,3,20.9,41.0,144,Overcast,0,0,
43356,2021-06-26 00:36:00,40.618824,-74.15786,2,0,Driver Inattention/Distraction,4431703,26.5,18.6,1.3,1.3,0.0,8.0,51,23.7,52.9,181,Drizzle: Light,2,2,
43357,2021-06-26 15:25:00,40.751976,-73.93197,1,0,Failure to Yield Right-of-Way,4431276,26.5,18.6,1.3,1.3,0.0,8.0,51,23.7,52.9,181,Drizzle: Light,1,1,
43358,2021-06-24 16:49:00,40.675552,-73.839714,0,0,Obstruction/Debris,4431988,23.2,13.5,0.0,0.0,0.0,0.0,3,19.7,40.0,145,Overcast,0,0,
43359,2021-06-26 13:00:00,40.775642,-73.960526,0,0,Passenger Distraction,4431325,26.5,18.6,1.3,1.3,0.0,8.0,51,23.7,52.9,181,Drizzle: Light,0,0,
43360,2022-06-30 12:17:00,40.75142,-73.987656,0,0,Pedestrian/Bicyclist/Other Pedestrian Error/Confusion,4543483,31.2,17.3,0.0,0.0,0.0,0.0,2,19.1,37.4,274,Partly cloudy,0,0,
43361,2021-06-26 09:49:00,40.809692,-73.94409,1,0,Other Vehicular,4431652,26.5,18.6,1.3,1.3,0.0,8.0,51,23.7,52.9,181,Drizzle: Light,1,1,
43362,2022-06-20 14:12:00,40.711433,-73.78768,0,0,Driver Inattention/Distraction,4543736,26.5,12.9,0.0,0.0,0.0,0.0,3,18.4,31.7,308,Overcast,0,0,
43363,2021-06-26 02:06:00,40.659264,-74.002396,3,0,Driver Inattention/Distraction,4431131,26.5,18.6,1.3,1.3,0.0,8.0,51,23.7,52.9,181,Drizzle: Light,3,3,
43364,2021-06-26 15:05:00,40.828533,-73.90693,0,0,Unspecified,4431161,26.5,18.6,1.3,1.3,0.0,8.0,51,23.7,52.9,181,Drizzle: Light,0,0,
43365,2021-06-23 06:55:00,40.730053,-73.79353,4,0,Driver Inattention/Distraction,4431864,23.1,12.2,0.0,0.0,0.0,0.0,3,16.5,31.7,309,Overcast,4,4,
43366,2021-06-26 10:30:00,40.631798,-73.901596,1,0,Unspecified,4431042,26.5,18.6,1.3,1.3,0.0,8.0,51,23.7,52.9,181,Drizzle: Light,1,1,
43367,2021-06-26 23:26:00,40.880135,-73.903946,1,0,Unspecified,4431818,26.5,18.6,1.3,1.3,0.0,8.0,51,23.7,52.9,181,Drizzle: Light,1,1,
43368,2021-06-26 16:50:00,40.667313,-73.73926,3,0,Unspecified,4431453,26.5,18.6,1.3,1.3,0.0,8.0,51,23.7,52.9,181,Drizzle: Light,3,3,
43369,2021-06-26 03:00:00,40.818558,-73.92732,0,0,Unspecified,4431221,26.5,18.6,1.3,1.3,0.0,8.0,51,23.7,52.9,181,Drizzle: Light,0,0,
43370,2021-06-24 15:44:00,40.68816,-73.848854,0,0,Failure to Yield Right-of-Way,4431925,23.2,13.5,0.0,0.0,0.0,0.0,3,19.7,40.0,145,Overcast,0,0,
43371,2021-06-25 20:23:00,40.716824,-73.82019,0,0,Other Vehicular,4431882,24.7,15.6,0.0,0.0,0.0,0.0,3,20.9,41.0,144,Overcast,0,0,
43372,2021-06-26 10:51:00,40.746902,-73.834694,0,0,Aggressive Driving/Road Rage,4431135,26.5,18.6,1.3,1.3,0.0,8.0,51,23.7,52.9,181,Drizzle: Light,0,0,
43373,2021-06-26 15:30:00,40.80119,-73.93003,1,0,Driver Inattention/Distraction,4431168,26.5,18.6,1.3,1.3,0.0,8.0,51,23.7,52.9,181,Drizzle: Light,1,1,
43374,2021-06-26 23:15:00,40.84372,-73.81508,0,0,Unspecified,4431602,26.5,18.6,1.3,1.3,0.0,8.0,51,23.7,52.9,181,Drizzle: Light,0,0,
43375,2021-06-25 19:20:00,40.75652,-73.821434,0,0,Unspecified,4431937,24.7,15.6,0.0,0.0,0.0,0.0,3,20.9,41.0,144,Overcast,0,0,
43376,2021-06-26 10:27:00,40.751713,-73.97266,1,0,Driver Inattention/Distraction,4431040,26.5,18.6,1.3,1.3,0.0,8.0,51,23.7,52.9,181,Drizzle: Light,1,1,
43377,2021-06-26 21:20:00,40.586296,-74.162994,1,0,Failure to Yield Right-of-Way,4432046,26.5,18.6,1.3,1.3,0.0,8.0,51,23.7,52.9,181,Drizzle: Light,1,1,
43378,2021-06-26 18:40:00,40.719112,-73.9792,1,0,Failure to Yield Right-of-Way,4431586,26.5,18.6,1.3,1.3,0.0,8.0,51,23.7,52.9,181,Drizzle: Light,1,1,