,CRASH DATETIME,LATITUDE,LONGITUDE,NUMBER OF PERSONS INJURED,NUMBER OF PERSONS KILLED,CONTRIBUTING FACTOR VEHICLE 1,COLLISION_ID,temperature_2m_max,temperature_2m_min,precipitation_sum,rain_sum,snowfall_sum,precipitation_hours,weather_code,wind_speed_10m_max,wind_gusts_10m_max,wind_direction_10m_dominant,Weather Description,Severity_Score,Total_Affected_Persons,Weather_Category
43379,2021-06-26 12:30:00,40.663456,-73.91598,0,0,Other Vehicular,4431355,26.5,18.6,1.3,1.3,0.0,8.0,51,23.7,52.9,181,Drizzle: Light,0,0,
43380,2021-06-22 13:00:00,40.710785,-73.95995,0,0,Passing Too Closely,4432012,24.2,15.1,8.5,8.5,0.0,9.0,63,22.2,43.2,305,Rain: Moderate,0,0,
43381,2021-06-26 13:30:00,40.737194,-73.98328,0,0,View Obstructed/Limited,4431060,26.5,18.6,1.3,1.3,0.0,8.0,51,23.7,52.9,181,Drizzle: Light,0,0,
43382,2021-06-25 12:20:00,40.695908,-73.98322,0,0,Oversized Vehicle,4431958,24.7,15.6,0.0,0.0,0.0,0.0,3,20.9,41.0,144,Overcast,0,0,
43383,2021-06-26 23:30:00,40.54315,-74.17378,0,0,Fell Asleep,4431467,26.5,18.6,1.3,1.3,0.0,8.0,51,23.7,52.9,181,Drizzle: Light,0,0,
43384,2021-06-26 01:22:00,40.68405,-73.97746,1,0,Following Too Closely,4431026,26.5,18.6,1.3,1.3,0.0,8.0,51,23.7,52.9,181,Drizzle: Light,1,1,
43385,2021-06-26 18:30:00,40.748295,-73.91019,0,0,Driver Inattention/Distraction,4431175,26.5,18.6,1.3,1.3,0.0,8.0,51,23.7,52.9,181,Drizzle: Light,0,0,
43386,2021-06-26 12:00:00,40.844013,-73.8619,0,0,Other Vehicular,4431574,26.5,18.6,1.3,1.3,0.0,8.0,51,23.7,52.9,181,Drizzle: Light,0,0,
43387,2021-06-26 07:45:00,40.744644,-73.77041,2,0,Unspecified,4431887,26.5,18.6,1.3,1.3,0.0,8.0,51,23.7,52.9,181,Drizzle: Light,2,2,
43388,2021-06-24 19:21:00,40.811844,-73.92572,0,0,Unspecified,4431770,23.2,13.5,0.0,0.0,0.0,0.0,3,19.7,40.0,145,Overcast,0,0,
43389,2021-06-26 14:25:00,40.81417,-73.93431,0,0,Unsafe Lane Changing,4431739,26.5,18.6,1.3,1.3,0.0,8.0,51,23.7,52.9,181,Drizzle: Light,0,0,
43390,2021-06-25 13:00:00,40.68293,-74.005684,0,0,Illnes,4432031,24.7,15.6,0.0,0.0,0.0,0.0,3,20.9,41.0,144,Overcast,0,0,
43391,2021-06-26 11:40:00,40.64364,-73.95462,1,0,Unspecified,4431202,26.5,18.6,1.3,1.3,0.0,8.0,51,23.7,52.9,181,Drizzle: Light,1,1,
43392,2021-06-26 16:25:00,40.58369,-73.94808,1,0,Unspecified,4431693,26.5,18.6,1.3,1.3,0.0,8.0,51,23.7,52.9,181,Drizzle: Light,1,1,
43393,2021-06-26 04:47:00,40.763416,-73.97906,0,0,Driver Inattention/Distraction,4431723,26.5,18.6,1.3,1.3,0.0,8.0,51,23.7,52.9,181,Drizzle: Light,0,0,
43394,2021-06-26 18:50:00,40.87647,-73.87579,0,0,Passing Too Closely,4431235,26.5,18.6,1.3,1.3,0.0,8.0,51,23.7,52.9,181,Drizzle: Light,0,0,
43395,2021-06-26 19:40:00,40.730015,-73.82348,0,0,Driver Inattention/Distraction,4432039,26.5,18.6,1.3,1.3,0.0,8.0,51,23.7,52.9,181,Drizzle: Light,0,0,
43396,2021-06-25 16:50:00,40.760468,-73.73256,1,0,Driver Inattention/Distraction,4431901,24.7,15.6,0.0,0.0,0.0,0.0,3,20.9,41.0,144,Overcast,1,1,
43397,2022-07-03 18:20:00,40.6952,-73.92844,1,0,Driver Inattention/Distraction,4543184,31.2,21.0,0.0,0.0,0.0,0.0,3,15.8,31.3,341,Overcast,1,1,
43398,2021-06-24 12:45:00,40.724693,-73.76481,1,0,Failure to Yield Right-of-Way,4431876,23.2,13.5,0.0,0.0,0.0,0.0,3,19.7,40.0,145,Overcast,1,1,
43399,2021-06-26 13:45:00,40.631397,-73.90369,0,0,Unsafe Speed,4431052,26.5,18.6,1.3,1.3,0.0,8.0,51,23.7,52.9,181,Drizzle: Light,0,0,
43400,2021-06-26 23:29:00,40.858994,-73.90573,0,0,Unspecified,4431779,26.5,18.6,1.3,1.3,0.0,8.0,51,23.7,52.9,181,Drizzle: Light,0,0,
43401,2021-06-26 17:24:00,40.65482,-73.91843,0,0,Other Vehicular,4431508,26.5,18.6,1.3,1.3,0.0,8.0,51,23.7,52.9,181,Drizzle: Light,0,0,
43402,2021-06-24 13:30:00,40.711903,-73.94902,0,0,Following Too Closely,4431998,23.2,13.5,0.0,0.0,0.0,0.0,3,19.7,40.0,145,Overcast,0,0,
43403,2021-06-27 13:24:00,40.639496,-74.010086,0,0,Unspecified,4431967,29.2,22.2,0.5,0.5,0.0,4.0,51,19.6,45.4,196,Drizzle: Light,0,0,
43404,2021-06-26 21:26:00,40.87356,-73.81853,0,0,Unspecified,4431610,26.5,18.6,1.3,1.3,0.0,8.0,51,23.7,52.9,181,Drizzle: Light,0,0,
43405,2021-06-26 17:49:00,40.85223,-73.87141,1,0,Driver Inexperience,4431144,26.5,18.6,1.3,1.3,0.0,8.0,51,23.7,52.9,181,Drizzle: Light,1,1,
43406,2021-06-26 13:30:00,40.692356,-73.94282,1,0,Traffic Control Disregarded,4431279,26.5,18.6,1.3,1.3,0.0,8.0,51,23.7,52.9,181,Drizzle: Light,1,1,
43407,2021-06-26 17:15:00,40.74925,-73.858025,0,0,Driver Inattention/Distraction,4431546,26.5,18.6,1.3,1.3,0.0,8.0,51,23.7,52.9,181,Drizzle: Light,0,0,
43408,2021-06-26 01:15:00,40.88117,-73.86303,0,0,Unsafe Speed,4431404,26.5,18.6,1.3,1.3,0.0,8.0,51,23.7,52.9,181,Drizzle: Light,0,0,
43409,2021-06-26 11:12:00,40.75766,-73.77989,0,0,Backing Unsafely,4431049,26.5,18.6,1.3,1.3,0.0,8.0,51,23.7,52.9,181,Drizzle: Light,0,0,
43410,2021-06-26 07:00:00,40.724403,-74.00408,0,0,Unspecified,4431016,26.5,18.6,1.3,1.3,0.0,8.0,51,23.7,52.9,181,Drizzle: Light,0,0,
43411,2021-06-26 18:00:00,40.74578,-73.99185,0,0,Unspecified,4431180,26.5,18.6,1.3,1.3,0.0,8.0,51,23.7,52.9,181,Drizzle: Light,0,0,
43412,2021-06-26 21:30:00,40.683582,-73.953964,0,0,Following Too Closely,4431311,26.5,18.6,1.3,1.3,0.0,8.0,51,23.7,52.9,181,Drizzle: Light,0,0,
43413,2021-06-26 16:00:00,40.75548,-73.74173,0,0,Driver Inattention/Distraction,4431148,26.5,18.6,1.3,1.3,0.0,8.0,51,23.7,52.9,181,Drizzle: Light,0,0,
43414,2021-06-26 00:10:00,40.762184,-73.993614,0,0,Following Too Closely,4431745,26.5,18.6,1.3,1.3,0.0,8.0,51,23.7,52.9,181,Drizzle: Light,0,0,
43415,2021-06-24 12:53:00,40.80202,-73.94969,1,0,Following Too Closely,4431765,23.2,13.5,0.0,0.0,0.0,0.0,3,19.7,40.0,145,Overcast,1,1,
43416,2022-06-30 18:20:00,40.863235,-73.92693,1,0,Failure to Yield Right-of-Way,4543575,31.2,17.3,0.0,0.0,0.0,0.0,2,19.1,37.4,274,Partly cloudy,1,1,
43417,2021-06-26 03:00:00,40.880527,-73.901794,0,0,Other Vehicular,4431801,26.5,18.6,1.3,1.3,0.0,8.0,51,23.7,52.9,181,Drizzle: Light,0,0,
43418,2021-06-25 05:30:00,40.71445,-73.9306,0,0,Driver Inattention/Distraction,4431993,24.7,15.6,0.0,0.0,0.0,0.0,3,20.9,41.0,144,Overcast,0,0,
43419,2021-06-26 02:28:00,40.68111,-73.761185,0,0,Following Too Closely,4431193,26.5,18.6,1.3,1.3,0.0,8.0,51,23.7,52.9,181,Drizzle: Light,0,0,
43420,2022-07-03 14:57:00,40.83202,-73.87323,0,1,Traffic Control Disregarded,4543294,31.2,21.0,0.0,0.0,0.0,0.0,3,15.8,31.3,341,Overcast,20,1,
43421,2021-06-24 10:35:00,40.88243,-73.902306,0,0,Unspecified,4431826,23.2,13.5,0.0,0.0,0.0,0.0,3,19.7,40.0,145,Overcast,0,0,
43422,2021-06-26 18:51:00,40.812008,-73.951515,0,0,Unsafe Speed,4431456,26.5,18.6,1.3,1.3,0.0,8.0,51,23.7,52.9,181,Drizzle: Light,0,0,
43423,2021-06-23 19:45:00,40.72531,-73.802574,0,0,Backing Unsafely,4431870,23.1,12.2,0.0,0.0,0.0,0.0,3,16.5,31.7,309,Overcast,0,0,
43424,2021-06-26 02:00:00,40.67058,-73.93096,3,0,Traffic Control Disregarded,4431888,26.5,18.6,1.3,1.3,0.0,8.0,51,23.7,52.9,181,Drizzle: Light,3,3,
43425,2021-06-26 16:00:00,40.63082,-73.88636,0,0,Unspecified,4431086,26.5,18.6,1.3,1.3,0.0,8.0,51,23.7,52.9,181,Drizzle: Light,0,0,
43426,2021-06-26 17:21:00,40.70197,-73.8019,1,0,Driver Inattention/Distraction,4431535,26.5,18.6,1.3,1.3,0.0,8.0,51,23.7,52.9,181,Drizzle: Light,1,1,
43427,2021-06-26 15:15:00,40.754025,-73.882256,1,0,Driver Inattention/Distraction,4431433,26.5,18.6,1.3,1.3,0.0,8.0,51,23.7,52.9,181,Drizzle: Light,1,1,
43428,2021-06-26 13:30:00,40.722553,-74.00141,0,0,Passenger Distraction,4431058,26.5,18.6,1.3,1.3,0.0,8.0,51,23.7,52.9,181,Drizzle: Light,0,0,
43429,2021-06-26 14:00:00,40.76259,-73.80464,0,0,Other Vehicular,4431137,26.5,18.6,1.3,1.3,0.0,8.0,51,23.7,52.9,181,Drizzle: Light,0,0,
43430,2021-06-26 15:08:00,40.841496,-73.92486,1,0,Failure to Yield Right-of-Way,4431629,26.5,18.6,1.3,1.3,0.0,8.0,51,23.7,52.9,181,Drizzle: Light,1,1,
43431,2021-06-26 06:59:00,40.868847,-73.8233,0,0,Driver Inattention/Distraction,4431604,26.5,18.6,1.3,1.3,0.0,8.0,51,23.7,52.9,181,Drizzle: Light,0,0,
43432,2021-06-26 08:52:00,40.84301,-73.86573,0,0,Driver Inattention/Distraction,4431044,26.5,18.6,1.3,1.3,0.0,8.0,51,23.7,52.9,181,Drizzle: Light,0,0,
43433,2021-06-21 00:00:00,40.88939,-73.89839,0,0,Backing Unsafely,4431802,28.0,21.7,0.5,0.5,0.0,2.0,51,24.4,46.8,181,Drizzle: Light,0,0,
43434,2021-04-13 13:50:00,40.766018,-73.98121,0,0,Turning Improperly,4432053,18.3,5.8,4.5,4.5,0.0,5.0,61,14.5,28.1,17,Rain: Light,0,0,
43435,2021-06-24 15:50:00,40.72848,-73.80523,0,0,Driver Inexperience,4431877,23.2,13.5,0.0,0.0,0.0,0.0,3,19.7,40.0,145,Overcast,0,0,
43436,2021-06-26 23:58:00,40.582382,-73.9837,0,0,Passing Too Closely,4431252,26.5,18.6,1.3,1.3,0.0,8.0,51,23.7,52.9,181,Drizzle: Light,0,0,
43437,2021-06-23 14:29:00,40.809574,-73.91806,1,0,Backing Unsafely,4431757,23.1,12.2,0.0,0.0,0.0,0.0,3,16.5,31.7,309,Overcast,1,1,
43438,2021-06-26 00:00:00,40.69365,-73.98333,0,0,Passing or Lane Usage Improper,4430994,26.5,18.6,1.3,1.3,0.0,8.0,51,23.7,52.9,181,Drizzle: Light,0,0,
43439,2021-06-21 11:00:00,40.690563,-73.94536,0,0,Driver Inattention/Distraction,4431861,28.0,21.7,0.5,0.5,0.0,2.0,51,24.4,46.8,181,Drizzle: Light,0,0,
43440,2021-06-26 15:00:00,40.881504,-73.83234,0,0,Unspecified,4431349,26.5,18.6,1.3,1.3,0.0,8.0,51,23.7,52.9,181,Drizzle: Light,0,0,
43441,2021-06-26 15:05:00,40.874683,-73.840195,2,0,Unsafe Speed,4431398,26.5,18.6,1.3,1.3,0.0,8.0,51,23.7,52.9,181,Drizzle: Light,2,2,
43442,2021-06-25 13:30:00,40.703762,-73.94262,0,0,Passing Too Closely,4431985,24.7,15.6,0.0,0.0,0.0,0.0,3,20.9,41.0,144,Overcast,0,0,
43443,2021-06-25 19:12:00,40.84919,-73.91729,0,0,Turning Improperly,4431792,24.7,15.6,0.0,0.0,0.0,0.0,3,20.9,41.0,144,Overcast,0,0,
43444,2021-06-24 15:30:00,40.699715,-73.96182,0,0,Unsafe Lane Changing,4432010,23.2,13.5,0.0,0.0,0.0,0.0,3,19.7,40.0,145,Overcast,0,0,
43445,2021-06-26 10:08:00,40.751835,-73.82427,1,0,Failure to Yield Right-of-Way,4431187,26.5,18.6,1.3,1.3,0.0,8.0,51,23.7,52.9,181,Drizzle: Light,1,1,
43446,2021-06-26 14:20:00,40.817173,-73.94606,0,0,Driver Inexperience,4431661,26.5,18.6,1.3,1.3,0.0,8.0,51,23.7,52.9,181,Drizzle: Light,0,0,
43447,2021-06-26 10:00:00,40.64254,-73.87652,0,0,Driver Inattention/Distraction,4431220,26.5,18.6,1.3,1.3,0.0,8.0,51,23.7,52.9,181,Drizzle: Light,0,0,
43448,2021-06-24 17:17:00,40.850494,-73.91546,1,0,Unspecified,4431820,23.2,13.5,0.0,0.0,0.0,0.0,3,19.7,40.0,145,Overcast,1,1,
43449,2021-06-22 19:00:00,40.760925,-73.96705,0,0,Failure to Yield Right-of-Way,4431942,24.2,15.1,8.5,8.5,0.0,9.0,63,22.2,43.2,305,Rain: Moderate,0,0,
43450,2021-06-26 08:30:00,40.884693,-73.83592,2,0,Driver Inattention/Distraction,4431380,26.5,18.6,1.3,1.3,0.0,8.0,51,23.7,52.9,181,Drizzle: Light,2,2,
43451,2021-06-26 10:01:00,40.65432,-73.91788,0,0,Unspecified,4431129,26.5,18.6,1.3,1.3,0.0,8.0,51,23.7,52.9,181,Drizzle: Light,0,0,
43452,2021-06-26 21:05:00,40.680687,-73.84459,2,0,Following Too Closely,4431525,26.5,18.6,1.3,1.3,0.0,8.0,51,23.7,52.9,181,Drizzle: Light,2,2,
43453,2021-06-26 14:00:00,40.852978,-73.888916,0,0,Passing or Lane Usage Improper,4431680,26.5,18.6,1.3,1.3,0.0,8.0,51,23.7,52.9,181,Drizzle: Light,0,0,
43454,2021-06-26 15:50:00,40.833076,-73.89731,0,0,Unsafe Speed,4431160,26.5,18.6,1.3,1.3,0.0,8.0,51,23.7,52.9,181,Drizzle: Light,0,0,
43455,2021-06-26 21:45:00,40.72247,-73.987144,0,0,Unspecified,4431593,26.5,18.6,1.3,1.3,0.0,8.0,51,23.7,52.9,181,Drizzle: Light,0,0,
43456,2021-06-26 20:50:00,40.87167,-73.897804,0,0,Unspecified,4431808,26.5,18.6,1.3,1.3,0.0,8.0,51,23.7,52.9,181,Drizzle: Light,0,0,
43457,2021-06-26 09:30:00,40.60529,-73.953766,0,0,Passing or Lane Usage Improper,4432041,26.5,18.6,1.3,1.3,0.0,8.0,51,23.7,52.9,181,Drizzle: Light,0,0,
43458,2021-06-26 05:00:00,40.65298,-73.95811,0,0,Unspecified,4431209,26.5,18.6,1.3,1.3,0.0,8.0,51,23.7,52.9,181,Drizzle: Light,0,0,
43459,2021-06-26 09:00:00,40.77211,-73.93013,0,0,Unspecified,4431274,26.5,18.6,1.3,1.3,0.0,8.0,51,23.7,52.9,181,Drizzle: Light,0,0,
43460,2021-06-21 10:00:00,40.790894,-73.945175,0,0,Passing Too Closely,4431774,28.0,21.7,0.5,0.5,0.0,2.0,51,24.4,46.8,181,Drizzle: Light,0,0,
43461,2021-06-26 01:20:00,40.621624,-73.92301,0,0,Driver Inattention/Distraction,4431906,26.5,18.6,1.3,1.3,0.0,8.0,51,23.7,52.9,181,Drizzle: Light,0,0,
43462,2021-06-21 14:18:00,40.651325,-73.93906,2,0,Driver Inattention/Distraction,4431964,28.0,21.7,0.5,0.5,0.0,2.0,51,24.4,46.8,181,Drizzle: Light,2,2,
43463,2021-06-26 00:15:00,40.76023,-73.961525,0,0,Oversized Vehicle,4431324,26.5,18.6,1.3,1.3,0.0,8.0,51,23.7,52.9,181,Drizzle: Light,0,0,
43464,2021-06-26 02:00:00,40.845222,-73.86613,0,0,Following Too Closely,4431194,26.5,18.6,1.3,1.3,0.0,8.0,51,23.7,52.9,181,Drizzle: Light,0,0,
43465,2021-06-25 18:24:00,40.717014,-73.7994,5,0,Following Too Closely,4431881,24.7,15.6,0.0,0.0,0.0,0.0,3,20.9,41.0,144,Overcast,5,5,
43466,2021-06-25 10:59:00,40.76951,-73.988266,1,0,Unsafe Lane Changing,4431718,24.7,15.6,0.0,0.0,0.0,0.0,3,20.9,41.0,144,Overcast,1,1,
43467,2021-06-23 11:12:00,40.764057,-73.97738,0,0,Driver Inattention/Distraction,4431729,23.1,12.2,0.0,0.0,0.0,0.0,3,16.5,31.7,309,Overcast,0,0,
43468,2021-06-24 19:00:00,40.678818,-74.00948,0,0,Unspecified,4432032,23.2,13.5,0.0,0.0,0.0,0.0,3,19.7,40.0,145,Overcast,0,0,
43469,2021-06-26 02:00:00,40.75843,-73.973076,1,0,Driver Inattention/Distraction,4431741,26.5,18.6,1.3,1.3,0.0,8.0,51,23.7,52.9,181,Drizzle: Light,1,1,
43470,2021-06-26 20:49:00,40.860287,-73.90494,0,0,Backing Unsafely,4431227,26.5,18.6,1.3,1.3,0.0,8.0,51,23.7,52.9,181,Drizzle: Light,0,0,
43471,2022-06-29 15:02:00,40.70519,-73.91478,0,0,Unspecified,4543763,29.0,17.7,0.0,0.0,0.0,0.0,3,27.2,51.5,195,Overcast,0,0,
43472,2022-07-01 14:00:00,40.637638,-74.16127,0,0,Unsafe Speed,4543477,33.7,20.2,0.1,0.1,0.0,1.0,51,32.3,58.0,215,Drizzle: Light,0,0,
43473,2022-07-03 18:30:00,40.672062,-73.925255,0,0,Unspecified,4543070,31.2,21.0,0.0,0.0,0.0,0.0,3,15.8,31.3,341,Overcast,0,0,
43474,2022-07-03 11:00:00,40.622635,-74.03729,1,0,Driver Inattention/Distraction,4542907,31.2,21.0,0.0,0.0,0.0,0.0,3,15.8,31.3,341,Overcast,1,1,
43475,2022-07-01 14:10:00,40.825756,-73.95094,0,0,Unspecified,4543524,33.7,20.2,0.1,0.1,0.0,1.0,51,32.3,58.0,215,Drizzle: Light,0,0,
43476,2022-07-02 09:22:00,40.85238,-73.9315,1,0,Failure to Yield Right-of-Way,4543582,30.8,23.1,4.0,4.0,0.0,5.0,61,19.4,40.0,229,Rain: Light,1,1,
43477,2023-01-15 16:00:00,40.759922,-73.859276,1,0,Driver Inattention/Distraction,4598480,4.7,-2.1,0.0,0.0,0.0,0.0,3,29.5,53.6,354,Overcast,1,1,
43478,2022-07-03 20:35:00,40.69336,-73.97585,1,0,Pedestrian/Bicyclist/Other Pedestrian Error/Confusion,4543116,31.2,21.0,0.0,0.0,0.0,0.0,3,15.8,31.3,341,Overcast,1,1,
43479,2022-06-27 01:06:00,40.86739,-73.91679,2,0,Turning Improperly,4543547,26.2,19.8,11.7,11.7,0.0,9.0,63,20.5,43.2,224,Rain: Moderate,2,2,
43480,2022-07-01 17:12:00,40.760117,-73.98484,1,0,Unspecified,4543752,33.7,20.2,0.1,0.1,0.0,1.0,51,32.3,58.0,215,Drizzle: Light,1,1,
43481,2022-07-03 14:53:00,40.62973,-73.922226,1,0,Unspecified,4543282,31.2,21.0,0.0,0.0,0.0,0.0,3,15.8,31.3,341,Overcast,1,1,
43482,2022-06-30 12:11:00,40.681145,-73.84013,0,0,Unspecified,4543706,31.2,17.3,0.0,0.0,0.0,0.0,2,19.1,37.4,274,Partly cloudy,0,0,
43483,2022-06-25 13:00:00,40.58699,-73.8098,0,0,Passing or Lane Usage Improper,4543625,32.5,18.1,0.0,0.0,0.0,0.0,2,25.0,47.2,224,Partly cloudy,0,0,
43484,2022-07-03 20:27:00,40.700245,-73.92089,0,0,Passing Too Closely,4543456,31.2,21.0,0.0,0.0,0.0,0.0,3,15.8,31.3,341,Overcast,0,0,
43485,2022-07-03 01:50:00,40.822308,-73.93859,1,0,Unspecified,4543191,31.2,21.0,0.0,0.0,0.0,0.0,3,15.8,31.3,341,Overcast,1,1,
43486,2022-06-26 23:31:00,40.6845,-73.88194,0,0,Driver Inexperience,4543813,30.8,19.9,0.0,0.0,0.0,0.0,3,30.9,55.8,188,Overcast,0,0,
43487,2022-07-03 16:32:00,40.792686,-73.93941,0,0,Unspecified,4543620,31.2,21.0,0.0,0.0,0.0,0.0,3,15.8,31.3,341,Overcast,0,0,
43488,2022-07-03 13:40:00,40.64037,-73.93887,0,0,Driver Inattention/Distraction,4543320,31.2,21.0,0.0,0.0,0.0,0.0,3,15.8,31.3,341,Overcast,0,0,
43489,2022-07-12 11:00:00,40.846138,-73.93424,3,0,Traffic Control Disregarded,4545787,33.7,19.4,0.3,0.3,0.0,3.0,51,31.2,58.0,219,Drizzle: Light,3,3,
43490,2022-07-12 02:00:00,40.549232,-74.15342,0,0,Unspecified,4546152,33.7,19.4,0.3,0.3,0.0,3.0,51,31.2,58.0,219,Drizzle: Light,0,0,
43491,2022-07-12 15:00:00,40.831768,-73.86671,2,0,Alcohol Involvement,4546177,33.7,19.4,0.3,0.3,0.0,3.0,51,31.2,58.0,219,Drizzle: Light,2,2,
43492,2022-07-06 10:25:00,40.668648,-73.92835,1,0,Unspecified,4546200,31.6,21.7,0.2,0.2,0.0,1.0,51,19.0,37.1,299,Drizzle: Light,1,1,
43493,2022-07-12 18:53:00,40.6305,-73.96631,0,0,Unspecified,4545852,33.7,19.4,0.3,0.3,0.0,3.0,51,31.2,58.0,219,Drizzle: Light,0,0,
43494,2022-09-22 18:09:00,40.760365,-73.97377,1,0,Traffic Control Disregarded,4566747,24.9,14.3,9.1,9.1,0.0,7.0,63,24.6,44.6,273,Rain: Moderate,1,1,
43495,2022-09-19 14:50:00,40.813095,-73.89827,0,0,Other Vehicular,4566952,30.1,19.0,4.9,4.9,0.0,3.0,63,22.4,44.3,241,Rain: Moderate,0,0,
43496,2022-09-18 03:43:00,40.636284,-73.98364,1,0,Unspecified,4566595,28.7,17.1,0.0,0.0,0.0,0.0,3,20.2,36.7,233,Overcast,1,1,
43497,2022-09-21 10:00:00,40.809402,-73.94531,0,0,Backing Unsafely,4567294,26.5,16.0,0.0,0.0,0.0,0.0,3,19.4,36.7,252,Overcast,0,0,
43498,2022-09-19 07:30:00,40.57253,-74.14024,0,0,Driver Inattention/Distraction,4566617,30.1,19.0,4.9,4.9,0.0,3.0,63,22.4,44.3,241,Rain: Moderate,0,0,
43499,2022-09-23 19:28:00,40.785866,-73.950935,0,0,Following Too Closely,4566819,16.4,10.0,0.0,0.0,0.0,0.0,0,31.1,56.9,323,Clear sky,0,0,Sunny/Clear Conditions
43500,2022-09-21 08:25:00,40.752403,-73.92442,0,0,Unspecified,4567214,26.5,16.0,0.0,0.0,0.0,0.0,3,19.4,36.7,252,Overcast,0,0,
43501,2021-10-17 00:00:00,40.7549943,-73.7453486,0,0,Alcohol Involvement,4467752,17.3,11.1,0.2,0.2,0.0,2.0,51,23.9,43.9,293,Drizzle: Light,0,0,
43502,2022-01-07 09:00:00,40.657,-73.91403,1,0,Failure to Yield Right-of-Way,4493913,-0.0,-5.7,9.0,0.0,6.3,11.0,75,26.8,48.6,313,Snow fall: Heavy,1,1,Snowy Conditions
43503,2022-01-07 14:53:00,40.725193,-73.98705,0,0,Aggressive Driving/Road Rage,4493901,-0.0,-5.7,9.0,0.0,6.3,11.0,75,26.8,48.6,313,Snow fall: Heavy,0,0,Snowy Conditions
43504,2022-01-06 21:33:00,40.715847,-73.994934,0,0,Passing Too Closely,4493933,4.1,-0.7,0.0,0.0,0.0,0.0,3,20.2,38.2,269,Overcast,0,0,
43505,2022-01-05 23:50:00,40.797447,-73.94671,0,0,Reaction to Uninvolved Vehicle,4493902,6.9,-2.1,0.5,0.5,0.0,4.0,51,21.8,38.2,216,Drizzle: Light,0,0,
43506,2021-12-31 19:45:00,40.59938,-73.99773,0,0,Alcohol Involvement,4493912,11.1,7.1,2.7,2.7,0.0,5.0,55,14.9,29.2,193,Drizzle: Dense,0,0,
43507,2022-09-22 03:05:00,40.732243,-73.87013,0,0,Driver Inattention/Distraction,4566209,24.9,14.3,9.1,9.1,0.0,7.0,63,24.6,44.6,273,Rain: Moderate,0,0,
43508,2022-01-07 04:11:00,40.610508,-74.09576,0,0,Unsafe Speed,4493903,-0.0,-5.7,9.0,0.0,6.3,11.0,75,26.8,48.6,313,Snow fall: Heavy,0,0,Snowy Conditions
43509,2022-01-09 11:00:00,40.64295,-73.977325,0,0,Unspecified,4493931,4.0,-5.3,5.1,5.1,0.0,12.0,53,23.8,42.1,220,Drizzle: Moderate,0,0,
43510,2021-01-11 18:45:00,40.80522,-73.93214,0,0,Brakes Defective,4493883,1.9,-4.5,0.0,0.0,0.0,0.0,3,9.7,17.3,286,Overcast,0,0,
43511,2021-12-19 02:11:00,40.807228,-73.92723,0,0,Unspecified,4493905,7.1,-1.8,0.5,0.5,0.0,4.0,51,26.4,47.5,327,Drizzle: Light,0,0,
43512,2022-01-09 13:30:00,40.724422,-74.00892,0,0,Driver Inattention/Distraction,4493908,4.0,-5.3,5.1,5.1,0.0,12.0,53,23.8,42.1,220,Drizzle: Moderate,0,0,
43513,2022-01-07 12:00:00,40.682655,-73.842186,0,0,Passing or Lane Usage Improper,4493894,-0.0,-5.7,9.0,0.0,6.3,11.0,75,26.8,48.6,313,Snow fall: Heavy,0,0,Snowy Conditions
43514,2022-01-08 11:15:00,40.644913,-73.97443,0,0,Driver Inattention/Distraction,4493920,-3.3,-8.4,0.0,0.0,0.0,0.0,1,21.6,37.8,277,Mainly clear,0,0,Sunny/Clear Conditions
43515,2022-01-11 13:00:00,40.716278,-73.80313,1,0,Driver Inattention/Distraction,4493909,-4.2,-8.8,0.0,0.0,0.0,0.0,1,26.7,50.8,316,Mainly clear,1,1,Sunny/Clear Conditions
43516,2022-02-20 18:00:00,40.720413,-73.76095,1,0,Unspecified,4504595,2.4,-6.6,0.0,0.0,0.0,0.0,3,23.4,44.3,250,Overcast,1,1,
43517,2022-02-20 14:25:00,40.609043,-73.95099,1,0,Backing Unsafely,4504380,2.4,-6.6,0.0,0.0,0.0,0.0,3,23.4,44.3,250,Overcast,1,1,
43518,2022-02-20 17:57:00,40.709606,-73.82873,0,0,Passing Too Closely,4504475,2.4,-6.6,0.0,0.0,0.0,0.0,3,23.4,44.3,250,Overcast,0,0,
43519,2022-02-18 08:15:00,40.74601,-74.00224,0,0,Unspecified,4504910,15.6,-2.8,11.9,11.9,0.0,6.0,63,44.1,79.2,261,Rain: Moderate,0,0,
43520,2022-02-20 19:25:00,40.65264,-73.949776,1,0,Unspecified,4504762,2.4,-6.6,0.0,0.0,0.0,0.0,3,23.4,44.3,250,Overcast,1,1,
43521,2022-02-20 21:16:00,40.61242,-74.09936,0,0,Driver Inattention/Distraction,4504498,2.4,-6.6,0.0,0.0,0.0,0.0,3,23.4,44.3,250,Overcast,0,0,
43522,2022-02-11 16:30:00,40.870766,-73.90046,0,0,Unspecified,4504768,11.8,-3.7,0.0,0.0,0.0,0.0,3,26.6,47.5,188,Overcast,0,0,
43523,2022-02-20 01:10:00,40.785805,-73.942856,0,0,Unsafe Speed,4504044,2.4,-6.6,0.0,0.0,0.0,0.0,3,23.4,44.3,250,Overcast,0,0,
43524,2022-02-18 17:10:00,40.59065,-73.96931,1,0,Passing or Lane Usage Improper,4504884,15.6,-2.8,11.9,11.9,0.0,6.0,63,44.1,79.2,261,Rain: Moderate,1,1,
43525,2022-02-16 12:54:00,40.741394,-73.82303,0,0,Driver Inattention/Distraction,4504801,6.2,-5.1,0.0,0.0,0.0,0.0,3,21.1,41.0,187,Overcast,0,0,