,CRASH DATETIME,LATITUDE,LONGITUDE,NUMBER OF PERSONS INJURED,NUMBER OF PERSONS KILLED,CONTRIBUTING FACTOR VEHICLE 1,COLLISION_ID,temperature_2m_max,temperature_2m_min,precipitation_sum,rain_sum,snowfall_sum,precipitation_hours,weather_code,wind_speed_10m_max,wind_gusts_10m_max,wind_direction_10m_dominant,Weather Description,Severity_Score,Total_Affected_Persons,Weather_Category
43526,2022-02-20 03:02:00,40.773808,-73.8929,0,0,Driver Inattention/Distraction,4504324,2.4,-6.6,0.0,0.0,0.0,0.0,3,23.4,44.3,250,Overcast,0,0,
43527,2022-09-23 12:14:00,40.69169,-73.90585,0,0,Fell Asleep,4566920,16.4,10.0,0.0,0.0,0.0,0.0,0,31.1,56.9,323,Clear sky,0,0,Sunny/Clear Conditions
43528,2022-01-09 10:15:00,40.64503,-73.90756,0,0,Driver Inattention/Distraction,4493507,4.0,-5.3,5.1,5.1,0.0,12.0,53,23.8,42.1,220,Drizzle: Moderate,0,0,
43529,2022-01-09 14:45:00,40.59829,-74.000046,0,0,Driver Inattention/Distraction,4493354,4.0,-5.3,5.1,5.1,0.0,12.0,53,23.8,42.1,220,Drizzle: Moderate,0,0,
43530,2022-01-08 14:49:00,40.508144,-74.24998,0,0,Passing Too Closely,4493831,-3.3,-8.4,0.0,0.0,0.0,0.0,1,21.6,37.8,277,Mainly clear,0,0,Sunny/Clear Conditions
43531,2022-01-07 16:35:00,40.87829,-73.87006,2,0,Driver Inattention/Distraction,4493809,-0.0,-5.7,9.0,0.0,6.3,11.0,75,26.8,48.6,313,Snow fall: Heavy,2,2,Snowy Conditions
43532,2022-01-09 00:20:00,40.69845,-73.98572,0,0,Passing or Lane Usage Improper,4492941,4.0,-5.3,5.1,5.1,0.0,12.0,53,23.8,42.1,220,Drizzle: Moderate,0,0,
43533,2022-01-09 19:27:00,40.63882,-73.95405,1,0,Unspecified,4493326,4.0,-5.3,5.1,5.1,0.0,12.0,53,23.8,42.1,220,Drizzle: Moderate,1,1,
43534,2021-12-30 22:46:00,40.82265,-73.95131,0,0,Driver Inattention/Distraction,4493660,8.3,5.0,1.8,1.8,0.0,7.0,53,9.9,17.6,22,Drizzle: Moderate,0,0,
43535,2022-01-09 13:10:00,40.716427,-73.840775,0,0,Unspecified,4493401,4.0,-5.3,5.1,5.1,0.0,12.0,53,23.8,42.1,220,Drizzle: Moderate,0,0,
43536,2022-01-07 13:00:00,40.726387,-73.727486,0,0,Unspecified,4493762,-0.0,-5.7,9.0,0.0,6.3,11.0,75,26.8,48.6,313,Snow fall: Heavy,0,0,Snowy Conditions
43537,2022-01-09 03:45:00,40.652084,-73.96439,0,0,Pavement Slippery,4492983,4.0,-5.3,5.1,5.1,0.0,12.0,53,23.8,42.1,220,Drizzle: Moderate,0,0,
43538,2022-01-09 19:50:00,40.822697,-73.87001,0,0,Following Too Closely,4493414,4.0,-5.3,5.1,5.1,0.0,12.0,53,23.8,42.1,220,Drizzle: Moderate,0,0,
43539,2022-01-07 15:07:00,40.546017,-74.18312,0,0,Unspecified,4493829,-0.0,-5.7,9.0,0.0,6.3,11.0,75,26.8,48.6,313,Snow fall: Heavy,0,0,Snowy Conditions
43540,2022-01-06 21:35:00,40.756996,-73.88657,0,0,Driver Inattention/Distraction,4493729,4.1,-0.7,0.0,0.0,0.0,0.0,3,20.2,38.2,269,Overcast,0,0,
43541,2022-01-09 05:05:00,40.7847,-73.83854,0,0,Passing or Lane Usage Improper,4493250,4.0,-5.3,5.1,5.1,0.0,12.0,53,23.8,42.1,220,Drizzle: Moderate,0,0,
43542,2022-01-09 20:19:00,40.67896,-73.877235,1,0,Unspecified,4493521,4.0,-5.3,5.1,5.1,0.0,12.0,53,23.8,42.1,220,Drizzle: Moderate,1,1,
43543,2022-01-09 21:39:00,40.71638,-73.89751,0,0,Passing or Lane Usage Improper,4493568,4.0,-5.3,5.1,5.1,0.0,12.0,53,23.8,42.1,220,Drizzle: Moderate,0,0,
43544,2022-01-03 18:00:00,40.69165,-73.779205,0,0,Passing Too Closely,4493666,2.0,-4.4,1.4,0.0,0.98,6.0,73,29.3,55.4,359,Snow fall: Moderate,0,0,Snowy Conditions
43545,2022-01-08 18:30:00,40.668446,-73.77193,0,0,Passing or Lane Usage Improper,4493684,-3.3,-8.4,0.0,0.0,0.0,0.0,1,21.6,37.8,277,Mainly clear,0,0,Sunny/Clear Conditions
43546,2022-01-09 17:55:00,40.595596,-74.063126,1,0,Traffic Control Disregarded,4493224,4.0,-5.3,5.1,5.1,0.0,12.0,53,23.8,42.1,220,Drizzle: Moderate,1,1,
43547,2022-01-09 11:35:00,40.635365,-73.92571,1,0,Failure to Yield Right-of-Way,4493176,4.0,-5.3,5.1,5.1,0.0,12.0,53,23.8,42.1,220,Drizzle: Moderate,1,1,
43548,2022-01-09 15:00:00,40.694363,-73.958,1,0,Driver Inattention/Distraction,4493216,4.0,-5.3,5.1,5.1,0.0,12.0,53,23.8,42.1,220,Drizzle: Moderate,1,1,
43549,2022-01-09 08:30:00,40.608776,-74.09113,0,0,Pavement Slippery,4493177,4.0,-5.3,5.1,5.1,0.0,12.0,53,23.8,42.1,220,Drizzle: Moderate,0,0,
43550,2022-01-08 23:00:00,40.634125,-74.12232,0,0,Unspecified,4493855,-3.3,-8.4,0.0,0.0,0.0,0.0,1,21.6,37.8,277,Mainly clear,0,0,Sunny/Clear Conditions
43551,2022-01-09 18:29:00,40.709515,-73.96701,1,0,Failure to Yield Right-of-Way,4493243,4.0,-5.3,5.1,5.1,0.0,12.0,53,23.8,42.1,220,Drizzle: Moderate,1,1,
43552,2022-01-09 10:00:00,40.7462,-73.71354,1,0,Unspecified,4493140,4.0,-5.3,5.1,5.1,0.0,12.0,53,23.8,42.1,220,Drizzle: Moderate,1,1,
43553,2022-01-09 05:20:00,40.68525,-73.77383,0,0,Driverless/Runaway Vehicle,4493683,4.0,-5.3,5.1,5.1,0.0,12.0,53,23.8,42.1,220,Drizzle: Moderate,0,0,
43554,2022-01-09 21:15:00,40.66188,-73.94557,1,0,Turning Improperly,4493377,4.0,-5.3,5.1,5.1,0.0,12.0,53,23.8,42.1,220,Drizzle: Moderate,1,1,
43555,2022-01-09 09:21:00,40.66183,-73.92094,1,0,Driver Inattention/Distraction,4493426,4.0,-5.3,5.1,5.1,0.0,12.0,53,23.8,42.1,220,Drizzle: Moderate,1,1,
43556,2022-01-09 23:30:00,40.757923,-73.85842,0,0,Following Too Closely,4493714,4.0,-5.3,5.1,5.1,0.0,12.0,53,23.8,42.1,220,Drizzle: Moderate,0,0,
43557,2022-01-09 16:17:00,40.70752,-73.806435,0,0,View Obstructed/Limited,4493595,4.0,-5.3,5.1,5.1,0.0,12.0,53,23.8,42.1,220,Drizzle: Moderate,0,0,
43558,2022-01-09 18:15:00,40.78744,-73.94478,1,0,Failure to Yield Right-of-Way,4493694,4.0,-5.3,5.1,5.1,0.0,12.0,53,23.8,42.1,220,Drizzle: Moderate,1,1,
43559,2022-01-09 08:18:00,40.65505,-73.95631,1,0,Driver Inattention/Distraction,4493165,4.0,-5.3,5.1,5.1,0.0,12.0,53,23.8,42.1,220,Drizzle: Moderate,1,1,
43560,2022-01-09 11:30:00,40.703777,-73.89638,0,0,Unspecified,4493231,4.0,-5.3,5.1,5.1,0.0,12.0,53,23.8,42.1,220,Drizzle: Moderate,0,0,
43561,2022-01-09 11:21:00,40.829002,-73.91557,0,0,Driver Inattention/Distraction,4493340,4.0,-5.3,5.1,5.1,0.0,12.0,53,23.8,42.1,220,Drizzle: Moderate,0,0,
43562,2022-01-09 18:51:00,40.660656,-73.885796,0,0,Unspecified,4493548,4.0,-5.3,5.1,5.1,0.0,12.0,53,23.8,42.1,220,Drizzle: Moderate,0,0,
43563,2022-01-08 00:00:00,40.697407,-73.93601,0,0,Driver Inattention/Distraction,4493776,-3.3,-8.4,0.0,0.0,0.0,0.0,1,21.6,37.8,277,Mainly clear,0,0,Sunny/Clear Conditions
43564,2022-01-09 17:55:00,40.790554,-73.82255,0,0,Following Too Closely,4493252,4.0,-5.3,5.1,5.1,0.0,12.0,53,23.8,42.1,220,Drizzle: Moderate,0,0,
43565,2022-01-09 22:29:00,40.666397,-73.91185,0,0,Unsafe Speed,4493294,4.0,-5.3,5.1,5.1,0.0,12.0,53,23.8,42.1,220,Drizzle: Moderate,0,0,
43566,2022-01-09 18:20:00,40.87844,-73.84411,1,0,,4493865,4.0,-5.3,5.1,5.1,0.0,12.0,53,23.8,42.1,220,Drizzle: Moderate,1,1,
43567,2022-01-09 14:35:00,40.746693,-73.87676,0,0,Backing Unsafely,4493195,4.0,-5.3,5.1,5.1,0.0,12.0,53,23.8,42.1,220,Drizzle: Moderate,0,0,
43568,2022-01-07 14:17:00,40.624165,-73.917755,0,0,Driver Inexperience,4493754,-0.0,-5.7,9.0,0.0,6.3,11.0,75,26.8,48.6,313,Snow fall: Heavy,0,0,Snowy Conditions
43569,2022-01-09 00:00:00,40.653976,-73.952835,0,0,Failure to Yield Right-of-Way,4493644,4.0,-5.3,5.1,5.1,0.0,12.0,53,23.8,42.1,220,Drizzle: Moderate,0,0,
43570,2021-12-28 07:00:00,40.815594,-73.80814,0,0,Reaction to Uninvolved Vehicle,4493678,8.5,2.2,0.0,0.0,0.0,0.0,3,12.5,22.0,271,Overcast,0,0,
43571,2022-01-06 07:04:00,40.50234,-74.24078,0,0,Unspecified,4493741,4.1,-0.7,0.0,0.0,0.0,0.0,3,20.2,38.2,269,Overcast,0,0,
43572,2022-01-06 21:57:00,40.64939,-73.975296,0,0,Unspecified,4493850,4.1,-0.7,0.0,0.0,0.0,0.0,3,20.2,38.2,269,Overcast,0,0,
43573,2022-01-09 23:05:00,40.739902,-73.972855,0,0,Reaction to Uninvolved Vehicle,4493366,4.0,-5.3,5.1,5.1,0.0,12.0,53,23.8,42.1,220,Drizzle: Moderate,0,0,
43574,2022-01-09 16:00:00,40.884857,-73.87848,0,0,Passing Too Closely,4493417,4.0,-5.3,5.1,5.1,0.0,12.0,53,23.8,42.1,220,Drizzle: Moderate,0,0,
43575,2022-01-09 13:50:00,40.61977,-73.966194,0,0,Driver Inattention/Distraction,4493318,4.0,-5.3,5.1,5.1,0.0,12.0,53,23.8,42.1,220,Drizzle: Moderate,0,0,
43576,2022-01-09 22:47:00,40.6427,-73.87661,1,0,Unspecified,4493535,4.0,-5.3,5.1,5.1,0.0,12.0,53,23.8,42.1,220,Drizzle: Moderate,1,1,
43577,2022-01-09 07:20:00,40.58466,-73.95086,0,0,Steering Failure,4493258,4.0,-5.3,5.1,5.1,0.0,12.0,53,23.8,42.1,220,Drizzle: Moderate,0,0,
43578,2022-01-07 22:22:00,40.70183,-73.91933,1,0,Driver Inattention/Distraction,4493766,-0.0,-5.7,9.0,0.0,6.3,11.0,75,26.8,48.6,313,Snow fall: Heavy,1,1,Snowy Conditions
43579,2022-01-09 12:08:00,40.8076,-73.93719,1,0,Lost Consciousness,4493461,4.0,-5.3,5.1,5.1,0.0,12.0,53,23.8,42.1,220,Drizzle: Moderate,1,1,
43580,2022-01-09 20:22:00,40.650112,-73.9607,1,0,Unspecified,4493327,4.0,-5.3,5.1,5.1,0.0,12.0,53,23.8,42.1,220,Drizzle: Moderate,1,1,
43581,2022-01-09 17:30:00,40.80383,-73.94211,0,0,Unspecified,4493463,4.0,-5.3,5.1,5.1,0.0,12.0,53,23.8,42.1,220,Drizzle: Moderate,0,0,
43582,2022-01-09 04:18:00,40.716713,-73.82782,0,0,Reaction to Uninvolved Vehicle,4493403,4.0,-5.3,5.1,5.1,0.0,12.0,53,23.8,42.1,220,Drizzle: Moderate,0,0,
43583,2021-12-23 18:24:00,40.78542,-73.98399,0,0,Unsafe Speed,4493825,2.1,-2.3,0.0,0.0,0.0,0.0,3,20.1,35.6,299,Overcast,0,0,
43584,2022-01-09 03:10:00,40.749607,-73.89687,0,0,Driver Inattention/Distraction,4492943,4.0,-5.3,5.1,5.1,0.0,12.0,53,23.8,42.1,220,Drizzle: Moderate,0,0,
43585,2021-12-21 16:20:00,40.6468,-73.88496,0,0,Unspecified,4493877,5.7,-2.4,0.0,0.0,0.0,0.0,3,13.6,24.5,228,Overcast,0,0,
43586,2022-01-09 05:30:00,40.715958,-73.74565,0,0,Unsafe Speed,4493288,4.0,-5.3,5.1,5.1,0.0,12.0,53,23.8,42.1,220,Drizzle: Moderate,0,0,
43587,2022-01-05 18:07:00,40.757755,-73.862816,1,0,Unspecified,4493734,6.9,-2.1,0.5,0.5,0.0,4.0,51,21.8,38.2,216,Drizzle: Light,1,1,
43588,2022-01-09 18:00:00,40.87601,-73.86214,1,0,Failure to Yield Right-of-Way,4493801,4.0,-5.3,5.1,5.1,0.0,12.0,53,23.8,42.1,220,Drizzle: Moderate,1,1,
43589,2022-01-09 04:35:00,40.74623,-73.89737,0,0,Alcohol Involvement,4492997,4.0,-5.3,5.1,5.1,0.0,12.0,53,23.8,42.1,220,Drizzle: Moderate,0,0,
43590,2022-01-08 14:10:00,40.52128,-74.23946,0,0,Turning Improperly,4493830,-3.3,-8.4,0.0,0.0,0.0,0.0,1,21.6,37.8,277,Mainly clear,0,0,Sunny/Clear Conditions
43591,2022-01-09 06:30:00,40.716923,-73.98322,0,0,Traffic Control Disregarded,4493255,4.0,-5.3,5.1,5.1,0.0,12.0,53,23.8,42.1,220,Drizzle: Moderate,0,0,
43592,2022-01-09 03:01:00,40.836555,-73.87135,0,0,Failure to Yield Right-of-Way,4493408,4.0,-5.3,5.1,5.1,0.0,12.0,53,23.8,42.1,220,Drizzle: Moderate,0,0,
43593,2022-01-09 15:53:00,40.62318,-73.98611,2,0,Unspecified,4493320,4.0,-5.3,5.1,5.1,0.0,12.0,53,23.8,42.1,220,Drizzle: Moderate,2,2,
43594,2022-01-09 17:00:00,40.760612,-73.872894,0,0,Driver Inexperience,4493728,4.0,-5.3,5.1,5.1,0.0,12.0,53,23.8,42.1,220,Drizzle: Moderate,0,0,
43595,2022-01-07 21:55:00,40.697998,-73.92606,0,0,Driver Inexperience,4493765,-0.0,-5.7,9.0,0.0,6.3,11.0,75,26.8,48.6,313,Snow fall: Heavy,0,0,Snowy Conditions
43596,2022-01-09 19:02:00,40.611084,-73.99832,0,0,Passing or Lane Usage Improper,4493357,4.0,-5.3,5.1,5.1,0.0,12.0,53,23.8,42.1,220,Drizzle: Moderate,0,0,
43597,2022-01-08 12:14:00,40.87689,-73.8468,0,0,Following Too Closely,4493864,-3.3,-8.4,0.0,0.0,0.0,0.0,1,21.6,37.8,277,Mainly clear,0,0,Sunny/Clear Conditions
43598,2022-01-09 01:20:00,40.744698,-73.87234,0,0,Unspecified,4493194,4.0,-5.3,5.1,5.1,0.0,12.0,53,23.8,42.1,220,Drizzle: Moderate,0,0,
43599,2022-01-09 11:30:00,40.60802,-74.14818,0,0,Backing Unsafely,4493219,4.0,-5.3,5.1,5.1,0.0,12.0,53,23.8,42.1,220,Drizzle: Moderate,0,0,
43600,2022-01-09 22:05:00,40.686817,-73.97821,1,0,Pavement Slippery,4493623,4.0,-5.3,5.1,5.1,0.0,12.0,53,23.8,42.1,220,Drizzle: Moderate,1,1,
43601,2022-01-09 20:00:00,40.676968,-73.83527,0,0,Failure to Yield Right-of-Way,4493276,4.0,-5.3,5.1,5.1,0.0,12.0,53,23.8,42.1,220,Drizzle: Moderate,0,0,
43602,2022-01-08 06:50:00,40.793816,-73.94012,2,0,Alcohol Involvement,4493698,-3.3,-8.4,0.0,0.0,0.0,0.0,1,21.6,37.8,277,Mainly clear,2,2,Sunny/Clear Conditions
43603,2022-01-09 12:50:00,40.66895,-73.9339,0,0,Other Vehicular,4493492,4.0,-5.3,5.1,5.1,0.0,12.0,53,23.8,42.1,220,Drizzle: Moderate,0,0,
43604,2022-01-01 20:15:00,40.8617,-73.89139,1,0,Traffic Control Disregarded,4493649,11.7,7.5,19.4,19.4,0.0,19.0,63,13.9,22.3,161,Rain: Moderate,1,1,
43605,2022-01-09 07:41:00,40.86159,-73.91295,1,0,Unsafe Speed,4493205,4.0,-5.3,5.1,5.1,0.0,12.0,53,23.8,42.1,220,Drizzle: Moderate,1,1,
43606,2022-01-09 06:45:00,40.84224,-73.917694,0,0,Passing or Lane Usage Improper,4493333,4.0,-5.3,5.1,5.1,0.0,12.0,53,23.8,42.1,220,Drizzle: Moderate,0,0,
43607,2021-12-24 14:10:00,40.815823,-73.82272,0,0,Unspecified,4493779,5.7,-1.1,1.0,0.0,0.7,5.0,73,12.4,21.6,73,Snow fall: Moderate,0,0,Snowy Conditions
43608,2022-01-09 12:50:00,40.724625,-73.880035,1,0,Failure to Yield Right-of-Way,4493840,4.0,-5.3,5.1,5.1,0.0,12.0,53,23.8,42.1,220,Drizzle: Moderate,1,1,
43609,2022-01-07 09:00:00,40.652752,-73.93049,0,0,Alcohol Involvement,4493716,-0.0,-5.7,9.0,0.0,6.3,11.0,75,26.8,48.6,313,Snow fall: Heavy,0,0,Snowy Conditions
43610,2022-01-09 23:32:00,40.625786,-74.15491,0,0,Failure to Yield Right-of-Way,4493266,4.0,-5.3,5.1,5.1,0.0,12.0,53,23.8,42.1,220,Drizzle: Moderate,0,0,
43611,2022-01-09 17:20:00,40.609646,-73.9829,0,0,Backing Unsafely,4493349,4.0,-5.3,5.1,5.1,0.0,12.0,53,23.8,42.1,220,Drizzle: Moderate,0,0,
43612,2022-01-08 13:34:00,40.6828,-73.90638,1,0,Driver Inattention/Distraction,4493769,-3.3,-8.4,0.0,0.0,0.0,0.0,1,21.6,37.8,277,Mainly clear,1,1,Sunny/Clear Conditions
43613,2022-01-09 10:45:00,40.71493,-73.79316,0,0,Unspecified,4493585,4.0,-5.3,5.1,5.1,0.0,12.0,53,23.8,42.1,220,Drizzle: Moderate,0,0,
43614,2022-01-09 09:28:00,40.619972,-73.99157,0,0,Unspecified,4493098,4.0,-5.3,5.1,5.1,0.0,12.0,53,23.8,42.1,220,Drizzle: Moderate,0,0,
43615,2022-01-09 18:51:00,40.676548,-73.76838,1,0,Failure to Yield Right-of-Way,4493692,4.0,-5.3,5.1,5.1,0.0,12.0,53,23.8,42.1,220,Drizzle: Moderate,1,1,
43616,2022-01-09 11:30:00,40.636242,-74.01237,0,0,Driver Inattention/Distraction,4493244,4.0,-5.3,5.1,5.1,0.0,12.0,53,23.8,42.1,220,Drizzle: Moderate,0,0,
43617,2022-01-01 09:10:00,40.825817,-73.95302,0,0,Traffic Control Disregarded,4493656,11.7,7.5,19.4,19.4,0.0,19.0,63,13.9,22.3,161,Rain: Moderate,0,0,
43618,2022-01-09 22:05:00,40.668667,-73.868324,1,0,Driver Inattention/Distraction,4493512,4.0,-5.3,5.1,5.1,0.0,12.0,53,23.8,42.1,220,Drizzle: Moderate,1,1,
43619,2022-01-09 13:55:00,40.715237,-74.01339,1,0,Turning Improperly,4493373,4.0,-5.3,5.1,5.1,0.0,12.0,53,23.8,42.1,220,Drizzle: Moderate,1,1,
43620,2022-01-08 08:29:00,40.613014,-74.079926,0,0,Unspecified,4493854,-3.3,-8.4,0.0,0.0,0.0,0.0,1,21.6,37.8,277,Mainly clear,0,0,Sunny/Clear Conditions
43621,2022-01-09 17:43:00,40.725937,-73.8165,1,0,Driver Inattention/Distraction,4493425,4.0,-5.3,5.1,5.1,0.0,12.0,53,23.8,42.1,220,Drizzle: Moderate,1,1,
43622,2022-01-09 15:03:00,40.69793,-73.91028,0,0,Unspecified,4493771,4.0,-5.3,5.1,5.1,0.0,12.0,53,23.8,42.1,220,Drizzle: Moderate,0,0,
43623,2022-01-09 14:31:00,40.661983,-73.90198,0,0,Unspecified,4493292,4.0,-5.3,5.1,5.1,0.0,12.0,53,23.8,42.1,220,Drizzle: Moderate,0,0,
43624,2021-12-13 08:15:00,40.586514,-73.96033,1,0,Driver Inattention/Distraction,4493706,10.2,1.9,0.0,0.0,0.0,0.0,3,19.6,35.3,242,Overcast,1,1,
43625,2022-01-06 15:57:00,40.553516,-74.20152,0,0,Unspecified,4493743,4.1,-0.7,0.0,0.0,0.0,0.0,3,20.2,38.2,269,Overcast,0,0,
43626,2022-01-09 23:25:00,40.828407,-73.93125,0,0,Aggressive Driving/Road Rage,4493344,4.0,-5.3,5.1,5.1,0.0,12.0,53,23.8,42.1,220,Drizzle: Moderate,0,0,
43627,2022-01-09 11:00:00,40.836624,-73.92612,0,0,Unspecified,4493441,4.0,-5.3,5.1,5.1,0.0,12.0,53,23.8,42.1,220,Drizzle: Moderate,0,0,
43628,2022-01-09 20:15:00,40.66718,-73.95076,1,0,Driver Inattention/Distraction,4493222,4.0,-5.3,5.1,5.1,0.0,12.0,53,23.8,42.1,220,Drizzle: Moderate,1,1,
43629,2022-01-09 09:30:00,40.86309,-73.88946,1,0,Driver Inattention/Distraction,4493464,4.0,-5.3,5.1,5.1,0.0,12.0,53,23.8,42.1,220,Drizzle: Moderate,1,1,
43630,2022-01-09 20:30:00,40.61088,-73.95415,1,0,Driver Inattention/Distraction,4493282,4.0,-5.3,5.1,5.1,0.0,12.0,53,23.8,42.1,220,Drizzle: Moderate,1,1,
43631,2022-01-09 22:01:00,40.792435,-73.934265,1,0,Unsafe Speed,4493437,4.0,-5.3,5.1,5.1,0.0,12.0,53,23.8,42.1,220,Drizzle: Moderate,1,1,
43632,2022-01-05 18:10:00,40.59068,-73.78878,0,0,Driver Inattention/Distraction,4493814,6.9,-2.1,0.5,0.5,0.0,4.0,51,21.8,38.2,216,Drizzle: Light,0,0,
43633,2021-06-27 14:42:00,40.59727,-73.99868,1,0,Following Too Closely,4431854,29.2,22.2,0.5,0.5,0.0,4.0,51,19.6,45.4,196,Drizzle: Light,1,1,
43634,2021-12-11 17:19:00,40.80614,-73.925804,0,0,Unspecified,4485875,17.3,5.0,8.1,8.1,0.0,5.0,63,35.0,67.0,206,Rain: Moderate,0,0,
43635,2021-12-11 14:36:00,40.719513,-73.9634,0,0,Unspecified,4485742,17.3,5.0,8.1,8.1,0.0,5.0,63,35.0,67.0,206,Rain: Moderate,0,0,
43636,2021-12-11 07:30:00,40.697315,-73.932274,0,0,Failure to Yield Right-of-Way,4485402,17.3,5.0,8.1,8.1,0.0,5.0,63,35.0,67.0,206,Rain: Moderate,0,0,
43637,2021-12-11 02:45:00,40.76364,-73.97556,0,0,Driver Inattention/Distraction,4485326,17.3,5.0,8.1,8.1,0.0,5.0,63,35.0,67.0,206,Rain: Moderate,0,0,
43638,2021-12-11 17:06:00,40.64366,-73.90067,0,0,Passing or Lane Usage Improper,4485517,17.3,5.0,8.1,8.1,0.0,5.0,63,35.0,67.0,206,Rain: Moderate,0,0,
43639,2021-10-09 21:37:00,40.842503,-73.92797,3,0,Following Too Closely,4486124,20.2,15.2,1.2,1.2,0.0,5.0,51,22.8,42.8,71,Drizzle: Light,3,3,
43640,2021-12-11 03:45:00,40.624603,-74.079605,0,0,Failure to Yield Right-of-Way,4485673,17.3,5.0,8.1,8.1,0.0,5.0,63,35.0,67.0,206,Rain: Moderate,0,0,
43641,2021-12-11 15:38:00,40.606525,-74.01582,1,0,Alcohol Involvement,4485469,17.3,5.0,8.1,8.1,0.0,5.0,63,35.0,67.0,206,Rain: Moderate,1,1,
43642,2021-12-08 05:55:00,40.68045,-73.87586,1,0,Driver Inattention/Distraction,4486039,4.7,0.9,0.7,0.7,0.0,2.0,51,14.5,24.8,355,Drizzle: Light,1,1,
43643,2021-12-03 12:30:00,40.68419,-73.91612,0,0,Backing Unsafely,4486055,9.3,0.9,0.0,0.0,0.0,0.0,3,27.6,53.3,301,Overcast,0,0,
43644,2021-10-05 17:35:00,40.6728794,-73.9717506,0,0,Failure to Yield Right-of-Way,4468737,19.9,15.0,0.0,0.0,0.0,0.0,3,14.5,28.1,46,Overcast,0,0,
43645,2021-12-08 07:26:00,40.67276,-73.88998,1,0,Fell Asleep,4486000,4.7,0.9,0.7,0.7,0.0,2.0,51,14.5,24.8,355,Drizzle: Light,1,1,
43646,2021-10-06 16:13:00,40.6301229,-73.9711255,0,0,Unspecified,4468865,20.3,16.0,0.1,0.1,0.0,1.0,51,6.5,14.0,28,Drizzle: Light,0,0,
43647,2021-11-29 06:40:00,40.82677,-73.856155,1,0,,4486101,5.8,-0.8,0.4,0.4,0.0,3.0,51,20.6,38.2,312,Drizzle: Light,1,1,
43648,2021-12-11 19:25:00,40.67046,-73.87704,1,0,,4486307,17.3,5.0,8.1,8.1,0.0,5.0,63,35.0,67.0,206,Rain: Moderate,1,1,
43649,2021-10-17 15:00:00,40.608317,-74.1313086,0,0,Unsafe Lane Changing,4468659,17.3,11.1,0.2,0.2,0.0,2.0,51,23.9,43.9,293,Drizzle: Light,0,0,
43650,2021-10-17 14:30:00,40.873122,-73.8613216,0,0,Unspecified,4468792,17.3,11.1,0.2,0.2,0.0,2.0,51,23.9,43.9,293,Drizzle: Light,0,0,
43651,2021-10-17 22:20:00,40.6626823,-73.8500771,4,0,Failure to Yield Right-of-Way,4468210,17.3,11.1,0.2,0.2,0.0,2.0,51,23.9,43.9,293,Drizzle: Light,4,4,
43652,2021-12-11 14:00:00,40.677868,-73.90332,0,0,Driverless/Runaway Vehicle,4485551,17.3,5.0,8.1,8.1,0.0,5.0,63,35.0,67.0,206,Rain: Moderate,0,0,
43653,2021-12-08 00:00:00,40.6701,-73.85829,0,0,Unspecified,4486007,4.7,0.9,0.7,0.7,0.0,2.0,51,14.5,24.8,355,Drizzle: Light,0,0,
43654,2021-12-11 00:50:00,40.8283,-73.87624,0,0,Driver Inattention/Distraction,4486120,17.3,5.0,8.1,8.1,0.0,5.0,63,35.0,67.0,206,Rain: Moderate,0,0,
43655,2021-12-11 17:53:00,40.62405,-73.999954,1,0,Driver Inattention/Distraction,4485778,17.3,5.0,8.1,8.1,0.0,5.0,63,35.0,67.0,206,Rain: Moderate,1,1,
43656,2021-12-07 19:00:00,40.713768,-73.74759,0,0,Unspecified,4486142,8.6,0.8,0.1,0.1,0.0,1.0,51,27.2,49.3,283,Drizzle: Light,0,0,
43657,2021-12-09 15:00:00,40.678246,-73.88361,0,0,Passing or Lane Usage Improper,4486169,3.6,-2.0,0.1,0.0,0.07,1.0,71,19.2,33.8,295,Snow fall: Light,0,0,Snowy Conditions
43658,2021-12-11 07:19:00,40.69819,-73.96191,0,0,Following Too Closely,4485433,17.3,5.0,8.1,8.1,0.0,5.0,63,35.0,67.0,206,Rain: Moderate,0,0,
43659,2021-12-11 08:45:00,40.708298,-73.93254,0,0,Backing Unsafely,4485867,17.3,5.0,8.1,8.1,0.0,5.0,63,35.0,67.0,206,Rain: Moderate,0,0,
43660,2021-12-14 05:50:00,40.812218,-73.899254,1,0,Reaction to Uninvolved Vehicle,4486579,10.4,3.1,0.0,0.0,0.0,0.0,3,18.5,31.3,322,Overcast,1,1,
43661,2022-01-09 18:15:00,40.830227,-73.898575,1,0,,4493364,4.0,-5.3,5.1,5.1,0.0,12.0,53,23.8,42.1,220,Drizzle: Moderate,1,1,
43662,2022-01-07 03:10:00,40.518528,-74.23077,0,0,Pavement Slippery,4493826,-0.0,-5.7,9.0,0.0,6.3,11.0,75,26.8,48.6,313,Snow fall: Heavy,0,0,Snowy Conditions
43663,2022-01-09 03:45:00,40.61651,-74.02666,1,0,Unspecified,4492950,4.0,-5.3,5.1,5.1,0.0,12.0,53,23.8,42.1,220,Drizzle: Moderate,1,1,
43664,2022-01-04 22:15:00,40.558887,-74.1977,1,0,Drugs (illegal),4493733,0.7,-6.7,0.0,0.0,0.0,0.0,3,20.0,36.4,287,Overcast,1,1,
43665,2022-01-04 15:43:00,40.75348,-73.980896,0,0,Traffic Control Disregarded,4493650,0.7,-6.7,0.0,0.0,0.0,0.0,3,20.0,36.4,287,Overcast,0,0,
43666,2022-01-09 09:00:00,40.75451,-73.827156,0,0,Passing or Lane Usage Improper,4493200,4.0,-5.3,5.1,5.1,0.0,12.0,53,23.8,42.1,220,Drizzle: Moderate,0,0,