,CRASH DATETIME,LATITUDE,LONGITUDE,NUMBER OF PERSONS INJURED,NUMBER OF PERSONS KILLED,CONTRIBUTING FACTOR VEHICLE 1,COLLISION_ID,temperature_2m_max,temperature_2m_min,precipitation_sum,rain_sum,snowfall_sum,precipitation_hours,weather_code,wind_speed_10m_max,wind_gusts_10m_max,wind_direction_10m_dominant,Weather Description,Severity_Score,Total_Affected_Persons,Weather_Category
43667,2022-01-09 08:40:00,40.89466,-73.86137,1,0,Failure to Yield Right-of-Way,4493213,4.0,-5.3,5.1,5.1,0.0,12.0,53,23.8,42.1,220,Drizzle: Moderate,1,1,
43668,2022-01-09 18:45:00,40.684647,-73.8687,1,0,,4493543,4.0,-5.3,5.1,5.1,0.0,12.0,53,23.8,42.1,220,Drizzle: Moderate,1,1,
43669,2022-01-07 22:45:00,40.661,-73.768074,1,0,Unspecified,4493873,-0.0,-5.7,9.0,0.0,6.3,11.0,75,26.8,48.6,313,Snow fall: Heavy,1,1,Snowy Conditions
43670,2022-01-09 19:45:00,40.713085,-73.94415,1,0,Driver Inattention/Distraction,4493230,4.0,-5.3,5.1,5.1,0.0,12.0,53,23.8,42.1,220,Drizzle: Moderate,1,1,
43671,2022-01-09 01:10:00,40.852425,-73.86873,1,0,Traffic Control Disregarded,4493629,4.0,-5.3,5.1,5.1,0.0,12.0,53,23.8,42.1,220,Drizzle: Moderate,1,1,
43672,2022-01-09 20:33:00,40.824066,-73.908714,0,0,Driver Inattention/Distraction,4493261,4.0,-5.3,5.1,5.1,0.0,12.0,53,23.8,42.1,220,Drizzle: Moderate,0,0,
43673,2022-01-07 03:30:00,40.885643,-73.89945,0,0,Pavement Slippery,4493679,-0.0,-5.7,9.0,0.0,6.3,11.0,75,26.8,48.6,313,Snow fall: Heavy,0,0,Snowy Conditions
43674,2022-01-09 07:50:00,40.763893,-73.915,0,0,Unspecified,4493152,4.0,-5.3,5.1,5.1,0.0,12.0,53,23.8,42.1,220,Drizzle: Moderate,0,0,
43675,2022-01-09 05:53:00,40.68201,-73.88424,0,0,Driver Inattention/Distraction,4493544,4.0,-5.3,5.1,5.1,0.0,12.0,53,23.8,42.1,220,Drizzle: Moderate,0,0,
43676,2022-01-04 13:40:00,40.645947,-73.9951,1,0,Failure to Yield Right-of-Way,4493674,0.7,-6.7,0.0,0.0,0.0,0.0,3,20.0,36.4,287,Overcast,1,1,
43677,2022-01-09 19:03:00,40.78519,-73.94934,1,0,Driver Inattention/Distraction,4493696,4.0,-5.3,5.1,5.1,0.0,12.0,53,23.8,42.1,220,Drizzle: Moderate,1,1,
43678,2022-01-09 08:00:00,40.574093,-74.1192,1,0,Reaction to Uninvolved Vehicle,4493171,4.0,-5.3,5.1,5.1,0.0,12.0,53,23.8,42.1,220,Drizzle: Moderate,1,1,
43679,2022-09-18 18:54:00,40.724285,-73.9756,1,0,Unspecified,4566903,28.7,17.1,0.0,0.0,0.0,0.0,3,20.2,36.7,233,Overcast,1,1,
43680,2022-01-09 20:25:00,40.629986,-73.97157,0,0,Driver Inattention/Distraction,4493254,4.0,-5.3,5.1,5.1,0.0,12.0,53,23.8,42.1,220,Drizzle: Moderate,0,0,
43681,2022-01-09 18:00:00,40.82282,-73.8691,0,0,Failure to Yield Right-of-Way,4493410,4.0,-5.3,5.1,5.1,0.0,12.0,53,23.8,42.1,220,Drizzle: Moderate,0,0,
43682,2022-01-05 05:50:00,40.520916,-74.235115,1,0,Pavement Slippery,4493732,6.9,-2.1,0.5,0.5,0.0,4.0,51,21.8,38.2,216,Drizzle: Light,1,1,
43683,2022-01-06 20:20:00,40.807,-73.88343,0,0,Driver Inattention/Distraction,4493860,4.1,-0.7,0.0,0.0,0.0,0.0,3,20.2,38.2,269,Overcast,0,0,
43684,2022-01-09 11:22:00,40.892754,-73.85774,1,0,Unspecified,4493191,4.0,-5.3,5.1,5.1,0.0,12.0,53,23.8,42.1,220,Drizzle: Moderate,1,1,
43685,2022-01-09 23:00:00,40.66612,-73.82225,1,0,Failure to Yield Right-of-Way,4493277,4.0,-5.3,5.1,5.1,0.0,12.0,53,23.8,42.1,220,Drizzle: Moderate,1,1,
43686,2022-01-09 00:34:00,40.70313,-73.816795,0,0,Unsafe Lane Changing,4493135,4.0,-5.3,5.1,5.1,0.0,12.0,53,23.8,42.1,220,Drizzle: Moderate,0,0,
43687,2022-01-09 11:39:00,40.646633,-74.00872,0,0,Unspecified,4493245,4.0,-5.3,5.1,5.1,0.0,12.0,53,23.8,42.1,220,Drizzle: Moderate,0,0,
43688,2022-01-09 05:38:00,40.67856,-73.889015,1,0,Driver Inattention/Distraction,4493526,4.0,-5.3,5.1,5.1,0.0,12.0,53,23.8,42.1,220,Drizzle: Moderate,1,1,
43689,2022-01-09 02:50:00,40.670025,-73.73269,0,0,Driver Inattention/Distraction,4493237,4.0,-5.3,5.1,5.1,0.0,12.0,53,23.8,42.1,220,Drizzle: Moderate,0,0,
43690,2022-01-07 16:40:00,40.66696,-73.77078,0,0,Unspecified,4493812,-0.0,-5.7,9.0,0.0,6.3,11.0,75,26.8,48.6,313,Snow fall: Heavy,0,0,Snowy Conditions
43691,2022-01-08 19:40:00,40.88118,-73.904106,0,0,Unspecified,4493680,-3.3,-8.4,0.0,0.0,0.0,0.0,1,21.6,37.8,277,Mainly clear,0,0,Sunny/Clear Conditions
43692,2022-01-09 16:42:00,40.634438,-73.97241,0,0,Unspecified,4493322,4.0,-5.3,5.1,5.1,0.0,12.0,53,23.8,42.1,220,Drizzle: Moderate,0,0,
43693,2022-01-09 14:44:00,40.855286,-73.89809,0,0,Unspecified,4493615,4.0,-5.3,5.1,5.1,0.0,12.0,53,23.8,42.1,220,Drizzle: Moderate,0,0,
43694,2022-01-09 10:53:00,40.69537,-73.76326,0,0,Traffic Control Disregarded,4493688,4.0,-5.3,5.1,5.1,0.0,12.0,53,23.8,42.1,220,Drizzle: Moderate,0,0,
43695,2022-01-09 21:00:00,40.664604,-73.97685,1,0,Turning Improperly,4493663,4.0,-5.3,5.1,5.1,0.0,12.0,53,23.8,42.1,220,Drizzle: Moderate,1,1,
43696,2022-01-09 18:15:00,40.732452,-73.98732,0,0,Reaction to Uninvolved Vehicle,4493307,4.0,-5.3,5.1,5.1,0.0,12.0,53,23.8,42.1,220,Drizzle: Moderate,0,0,
43697,2022-01-08 00:00:00,40.83312,-73.81796,0,0,Unspecified,4493780,-3.3,-8.4,0.0,0.0,0.0,0.0,1,21.6,37.8,277,Mainly clear,0,0,Sunny/Clear Conditions
43698,2022-01-09 05:00:00,40.81867,-73.89191,0,0,View Obstructed/Limited,4493291,4.0,-5.3,5.1,5.1,0.0,12.0,53,23.8,42.1,220,Drizzle: Moderate,0,0,
43699,2022-01-09 01:15:00,40.648323,-74.015686,0,0,Unspecified,4493091,4.0,-5.3,5.1,5.1,0.0,12.0,53,23.8,42.1,220,Drizzle: Moderate,0,0,
43700,2022-01-07 06:35:00,40.536915,-74.22502,2,0,Pavement Slippery,4493827,-0.0,-5.7,9.0,0.0,6.3,11.0,75,26.8,48.6,313,Snow fall: Heavy,2,2,Snowy Conditions
43701,2022-01-09 11:40:00,40.624912,-74.146706,1,0,Driver Inattention/Distraction,4493220,4.0,-5.3,5.1,5.1,0.0,12.0,53,23.8,42.1,220,Drizzle: Moderate,1,1,
43702,2022-01-05 06:15:00,40.54909,-74.22084,0,0,Pavement Slippery,4493737,6.9,-2.1,0.5,0.5,0.0,4.0,51,21.8,38.2,216,Drizzle: Light,0,0,
43703,2022-01-09 14:50:00,40.740078,-73.89969,0,0,Driver Inattention/Distraction,4493358,4.0,-5.3,5.1,5.1,0.0,12.0,53,23.8,42.1,220,Drizzle: Moderate,0,0,
43704,2022-01-09 17:20:00,40.655785,-73.86289,1,0,Backing Unsafely,4493511,4.0,-5.3,5.1,5.1,0.0,12.0,53,23.8,42.1,220,Drizzle: Moderate,1,1,
43705,2022-01-09 17:25:00,40.8262,-73.821686,1,0,Failure to Yield Right-of-Way,4493330,4.0,-5.3,5.1,5.1,0.0,12.0,53,23.8,42.1,220,Drizzle: Moderate,1,1,
43706,2022-01-09 16:00:00,40.760944,-73.9163,0,0,Unspecified,4493267,4.0,-5.3,5.1,5.1,0.0,12.0,53,23.8,42.1,220,Drizzle: Moderate,0,0,
43707,2022-01-08 17:05:00,40.589928,-73.804596,0,0,Unspecified,4493817,-3.3,-8.4,0.0,0.0,0.0,0.0,1,21.6,37.8,277,Mainly clear,0,0,Sunny/Clear Conditions
43708,2022-01-09 15:45:00,40.53171,-74.202896,1,0,Pavement Slippery,4493834,4.0,-5.3,5.1,5.1,0.0,12.0,53,23.8,42.1,220,Drizzle: Moderate,1,1,
43709,2022-01-09 10:55:00,40.709957,-73.80541,0,0,Driver Inattention/Distraction,4493584,4.0,-5.3,5.1,5.1,0.0,12.0,53,23.8,42.1,220,Drizzle: Moderate,0,0,
43710,2022-01-06 13:00:00,40.84711,-73.85848,0,0,Unspecified,4493721,4.1,-0.7,0.0,0.0,0.0,0.0,3,20.2,38.2,269,Overcast,0,0,
43711,2022-01-09 20:35:00,40.65374,-73.93162,1,0,Unspecified,4493370,4.0,-5.3,5.1,5.1,0.0,12.0,53,23.8,42.1,220,Drizzle: Moderate,1,1,
43712,2022-01-09 13:36:00,40.763885,-73.72671,0,0,Unspecified,4493451,4.0,-5.3,5.1,5.1,0.0,12.0,53,23.8,42.1,220,Drizzle: Moderate,0,0,
43713,2022-01-08 08:45:00,40.693874,-73.91777,0,0,Failure to Yield Right-of-Way,4493768,-3.3,-8.4,0.0,0.0,0.0,0.0,1,21.6,37.8,277,Mainly clear,0,0,Sunny/Clear Conditions
43714,2022-01-09 15:00:00,40.719303,-73.96281,0,0,Driver Inattention/Distraction,4493482,4.0,-5.3,5.1,5.1,0.0,12.0,53,23.8,42.1,220,Drizzle: Moderate,0,0,
43715,2022-01-09 21:35:00,40.69285,-73.90355,1,0,Driver Inattention/Distraction,4493772,4.0,-5.3,5.1,5.1,0.0,12.0,53,23.8,42.1,220,Drizzle: Moderate,1,1,
43716,2022-01-09 04:12:00,40.619263,-74.020905,0,0,Pavement Slippery,4492951,4.0,-5.3,5.1,5.1,0.0,12.0,53,23.8,42.1,220,Drizzle: Moderate,0,0,
43717,2021-07-25 19:49:00,40.81942,-73.88392,0,0,Unspecified,4493820,28.0,20.3,7.3,7.3,0.0,10.0,63,20.9,43.2,198,Rain: Moderate,0,0,
43718,2022-01-09 17:00:00,40.688763,-73.80833,3,0,Failure to Yield Right-of-Way,4493305,4.0,-5.3,5.1,5.1,0.0,12.0,53,23.8,42.1,220,Drizzle: Moderate,3,3,
43719,2022-01-04 09:30:00,40.614906,-73.91329,0,0,Driver Inattention/Distraction,4493651,0.7,-6.7,0.0,0.0,0.0,0.0,3,20.0,36.4,287,Overcast,0,0,
43720,2022-01-09 01:10:00,40.76816,-73.90544,0,0,Driver Inattention/Distraction,4493636,4.0,-5.3,5.1,5.1,0.0,12.0,53,23.8,42.1,220,Drizzle: Moderate,0,0,
43721,2022-01-07 17:27:00,40.63346,-74.076546,1,0,Unspecified,4493853,-0.0,-5.7,9.0,0.0,6.3,11.0,75,26.8,48.6,313,Snow fall: Heavy,1,1,Snowy Conditions
43722,2022-01-05 09:40:00,40.537014,-74.192314,1,0,Pavement Slippery,4493738,6.9,-2.1,0.5,0.5,0.0,4.0,51,21.8,38.2,216,Drizzle: Light,1,1,
43723,2022-09-21 12:50:00,40.7669,-73.98331,0,0,Unspecified,4566271,26.5,16.0,0.0,0.0,0.0,0.0,3,19.4,36.7,252,Overcast,0,0,
43724,2022-01-07 08:00:00,40.59648,-73.79652,0,0,Unspecified,4493711,-0.0,-5.7,9.0,0.0,6.3,11.0,75,26.8,48.6,313,Snow fall: Heavy,0,0,Snowy Conditions
43725,2022-01-09 04:15:00,40.670483,-73.89652,0,0,Traffic Control Disregarded,4493532,4.0,-5.3,5.1,5.1,0.0,12.0,53,23.8,42.1,220,Drizzle: Moderate,0,0,
43726,2022-01-09 13:20:00,40.662132,-73.98723,0,0,Unspecified,4493236,4.0,-5.3,5.1,5.1,0.0,12.0,53,23.8,42.1,220,Drizzle: Moderate,0,0,
43727,2022-01-09 23:32:00,40.626293,-74.01572,0,0,Passing or Lane Usage Improper,4493260,4.0,-5.3,5.1,5.1,0.0,12.0,53,23.8,42.1,220,Drizzle: Moderate,0,0,
43728,2022-01-09 13:45:00,40.60667,-73.972595,0,0,Passing or Lane Usage Improper,4493156,4.0,-5.3,5.1,5.1,0.0,12.0,53,23.8,42.1,220,Drizzle: Moderate,0,0,
43729,2022-01-09 23:06:00,40.800602,-73.97426,1,0,Unsafe Speed,4493545,4.0,-5.3,5.1,5.1,0.0,12.0,53,23.8,42.1,220,Drizzle: Moderate,1,1,
43730,2022-01-09 15:30:00,40.81719,-73.93446,0,0,Other Vehicular,4493342,4.0,-5.3,5.1,5.1,0.0,12.0,53,23.8,42.1,220,Drizzle: Moderate,0,0,
43731,2022-01-08 04:20:00,40.652565,-73.74656,0,0,Driver Inattention/Distraction,4493872,-3.3,-8.4,0.0,0.0,0.0,0.0,1,21.6,37.8,277,Mainly clear,0,0,Sunny/Clear Conditions
43732,2022-01-09 21:00:00,40.764267,-73.722946,0,0,Driver Inattention/Distraction,4493238,4.0,-5.3,5.1,5.1,0.0,12.0,53,23.8,42.1,220,Drizzle: Moderate,0,0,
43733,2022-01-09 17:30:00,40.781574,-73.9136,1,0,Driver Inattention/Distraction,4493268,4.0,-5.3,5.1,5.1,0.0,12.0,53,23.8,42.1,220,Drizzle: Moderate,1,1,
43734,2022-01-08 06:25:00,40.828743,-73.83578,0,0,Unspecified,4493676,-3.3,-8.4,0.0,0.0,0.0,0.0,1,21.6,37.8,277,Mainly clear,0,0,Sunny/Clear Conditions
43735,2021-06-27 16:54:00,40.819042,-73.93075,0,0,Unsafe Speed,4432206,29.2,22.2,0.5,0.5,0.0,4.0,51,19.6,45.4,196,Drizzle: Light,0,0,
43736,2021-10-18 21:30:00,40.7374934,-73.9350798,0,0,Traffic Control Disregarded,4468577,15.8,9.2,0.0,0.0,0.0,0.0,2,32.4,58.3,296,Partly cloudy,0,0,
43737,2022-01-08 23:30:00,40.874966,-73.90345,0,0,Unspecified,4493681,-3.3,-8.4,0.0,0.0,0.0,0.0,1,21.6,37.8,277,Mainly clear,0,0,Sunny/Clear Conditions
43738,2022-01-09 10:00:00,40.660736,-73.910385,0,0,Failure to Yield Right-of-Way,4493147,4.0,-5.3,5.1,5.1,0.0,12.0,53,23.8,42.1,220,Drizzle: Moderate,0,0,
43739,2022-01-09 23:30:00,40.698647,-73.98346,0,0,Driver Inattention/Distraction,4493434,4.0,-5.3,5.1,5.1,0.0,12.0,53,23.8,42.1,220,Drizzle: Moderate,0,0,
43740,2022-01-09 06:17:00,40.896496,-73.84983,1,0,Brakes Defective,4493199,4.0,-5.3,5.1,5.1,0.0,12.0,53,23.8,42.1,220,Drizzle: Moderate,1,1,
43741,2022-01-09 21:00:00,40.743343,-73.97203,2,0,Driver Inattention/Distraction,4493576,4.0,-5.3,5.1,5.1,0.0,12.0,53,23.8,42.1,220,Drizzle: Moderate,2,2,
43742,2022-01-09 01:10:00,40.695206,-73.84271,1,0,Unspecified,4493134,4.0,-5.3,5.1,5.1,0.0,12.0,53,23.8,42.1,220,Drizzle: Moderate,1,1,
43743,2022-01-09 04:05:00,40.687546,-73.8208,1,0,Unsafe Speed,4493279,4.0,-5.3,5.1,5.1,0.0,12.0,53,23.8,42.1,220,Drizzle: Moderate,1,1,
43744,2022-01-08 10:00:00,40.668507,-73.779625,1,0,Unsafe Speed,4493667,-3.3,-8.4,0.0,0.0,0.0,0.0,1,21.6,37.8,277,Mainly clear,1,1,Sunny/Clear Conditions
43745,2022-01-09 12:30:00,40.660797,-73.87183,0,0,Unspecified,4493525,4.0,-5.3,5.1,5.1,0.0,12.0,53,23.8,42.1,220,Drizzle: Moderate,0,0,
43746,2022-01-09 11:31:00,40.505013,-74.24074,0,0,Driver Inexperience,4493832,4.0,-5.3,5.1,5.1,0.0,12.0,53,23.8,42.1,220,Drizzle: Moderate,0,0,
43747,2022-01-02 00:47:00,40.670994,-73.95496,2,0,Driver Inattention/Distraction,4493781,13.1,2.7,16.0,16.0,0.0,8.0,65,25.1,52.6,318,Rain: Heavy,2,2,
43748,2022-01-09 16:52:00,40.86292,-73.85204,0,0,Reaction to Uninvolved Vehicle,4493351,4.0,-5.3,5.1,5.1,0.0,12.0,53,23.8,42.1,220,Drizzle: Moderate,0,0,
43749,2022-01-09 18:04:00,40.636406,-73.9703,1,0,Driver Inattention/Distraction,4493323,4.0,-5.3,5.1,5.1,0.0,12.0,53,23.8,42.1,220,Drizzle: Moderate,1,1,
43750,2022-01-03 15:25:00,40.5199,-74.209114,0,0,Backing Unsafely,4493731,2.0,-4.4,1.4,0.0,0.98,6.0,73,29.3,55.4,359,Snow fall: Moderate,0,0,Snowy Conditions
43751,2022-01-08 14:15:00,40.624493,-74.03538,0,0,Unspecified,4493763,-3.3,-8.4,0.0,0.0,0.0,0.0,1,21.6,37.8,277,Mainly clear,0,0,Sunny/Clear Conditions
43752,2022-01-09 14:02:00,40.605244,-73.75508,0,0,Following Too Closely,4493359,4.0,-5.3,5.1,5.1,0.0,12.0,53,23.8,42.1,220,Drizzle: Moderate,0,0,
43753,2022-01-09 15:20:00,40.663605,-73.934395,1,0,Driver Inattention/Distraction,4493221,4.0,-5.3,5.1,5.1,0.0,12.0,53,23.8,42.1,220,Drizzle: Moderate,1,1,
43754,2022-01-09 16:49:00,40.669098,-73.93666,1,0,Driver Inattention/Distraction,4493189,4.0,-5.3,5.1,5.1,0.0,12.0,53,23.8,42.1,220,Drizzle: Moderate,1,1,
43755,2022-01-09 22:40:00,40.612415,-74.07365,0,0,Driver Inattention/Distraction,4493856,4.0,-5.3,5.1,5.1,0.0,12.0,53,23.8,42.1,220,Drizzle: Moderate,0,0,
43756,2022-01-08 01:15:00,40.691017,-73.77464,0,0,Passing Too Closely,4493685,-3.3,-8.4,0.0,0.0,0.0,0.0,1,21.6,37.8,277,Mainly clear,0,0,Sunny/Clear Conditions
43757,2022-01-09 00:30:00,40.750717,-73.85877,0,0,Driver Inattention/Distraction,4493248,4.0,-5.3,5.1,5.1,0.0,12.0,53,23.8,42.1,220,Drizzle: Moderate,0,0,
43758,2022-01-09 10:29:00,40.716805,-73.852234,1,0,Other Vehicular,4493399,4.0,-5.3,5.1,5.1,0.0,12.0,53,23.8,42.1,220,Drizzle: Moderate,1,1,
43759,2022-01-03 16:00:00,40.76008,-73.87004,0,0,Unspecified,4493662,2.0,-4.4,1.4,0.0,0.98,6.0,73,29.3,55.4,359,Snow fall: Moderate,0,0,Snowy Conditions
43760,2022-01-09 22:45:00,40.641445,-73.90987,0,0,Passing or Lane Usage Improper,4493508,4.0,-5.3,5.1,5.1,0.0,12.0,53,23.8,42.1,220,Drizzle: Moderate,0,0,
43761,2022-01-09 13:59:00,40.612316,-73.9404,0,0,Unspecified,4493175,4.0,-5.3,5.1,5.1,0.0,12.0,53,23.8,42.1,220,Drizzle: Moderate,0,0,
43762,2021-10-18 17:00:00,40.6376843,-73.963594,0,0,Unspecified,4468622,15.8,9.2,0.0,0.0,0.0,0.0,2,32.4,58.3,296,Partly cloudy,0,0,
43763,2022-01-09 02:27:00,40.67614,-73.907166,0,0,Unspecified,4493094,4.0,-5.3,5.1,5.1,0.0,12.0,53,23.8,42.1,220,Drizzle: Moderate,0,0,
43764,2022-01-09 02:40:00,40.76155,-73.96659,0,0,Failure to Yield Right-of-Way,4493289,4.0,-5.3,5.1,5.1,0.0,12.0,53,23.8,42.1,220,Drizzle: Moderate,0,0,
43765,2022-01-09 16:55:00,40.78717,-73.79295,2,0,Following Too Closely,4493253,4.0,-5.3,5.1,5.1,0.0,12.0,53,23.8,42.1,220,Drizzle: Moderate,2,2,
43766,2022-01-03 22:06:00,40.79055,-73.94828,1,0,Aggressive Driving/Road Rage,4493811,2.0,-4.4,1.4,0.0,0.98,6.0,73,29.3,55.4,359,Snow fall: Moderate,1,1,Snowy Conditions
43767,2022-01-07 10:28:00,40.50648,-74.23706,0,0,Pavement Slippery,4493828,-0.0,-5.7,9.0,0.0,6.3,11.0,75,26.8,48.6,313,Snow fall: Heavy,0,0,Snowy Conditions
43768,2022-01-05 08:00:00,40.54909,-74.22084,1,0,Pavement Slippery,4493736,6.9,-2.1,0.5,0.5,0.0,4.0,51,21.8,38.2,216,Drizzle: Light,1,1,
43769,2022-01-05 19:47:00,40.643013,-73.95236,0,0,Driver Inexperience,4493749,6.9,-2.1,0.5,0.5,0.0,4.0,51,21.8,38.2,216,Drizzle: Light,0,0,
43770,2022-01-09 19:34:00,40.81417,-73.93431,0,0,Pavement Slippery,4493546,4.0,-5.3,5.1,5.1,0.0,12.0,53,23.8,42.1,220,Drizzle: Moderate,0,0,
43771,2022-01-09 19:00:00,40.63063,-74.00923,0,0,Following Too Closely,4493215,4.0,-5.3,5.1,5.1,0.0,12.0,53,23.8,42.1,220,Drizzle: Moderate,0,0,
43772,2022-01-09 03:53:00,40.84519,-73.900734,0,0,Driver Inattention/Distraction,4493655,4.0,-5.3,5.1,5.1,0.0,12.0,53,23.8,42.1,220,Drizzle: Moderate,0,0,
43773,2022-01-04 14:20:00,40.73873,-73.7573,0,0,Driver Inattention/Distraction,4493870,0.7,-6.7,0.0,0.0,0.0,0.0,3,20.0,36.4,287,Overcast,0,0,
43774,2022-01-09 12:00:00,40.679737,-73.878395,0,0,Driver Inattention/Distraction,4493534,4.0,-5.3,5.1,5.1,0.0,12.0,53,23.8,42.1,220,Drizzle: Moderate,0,0,
43775,2022-01-09 03:50:00,40.877625,-73.84669,0,0,Aggressive Driving/Road Rage,4493197,4.0,-5.3,5.1,5.1,0.0,12.0,53,23.8,42.1,220,Drizzle: Moderate,0,0,
43776,2022-01-09 20:17:00,40.756264,-73.823524,1,0,Failure to Yield Right-of-Way,4493239,4.0,-5.3,5.1,5.1,0.0,12.0,53,23.8,42.1,220,Drizzle: Moderate,1,1,
43777,2022-01-06 18:14:00,40.79157,-73.94469,0,0,Reaction to Uninvolved Vehicle,4493695,4.1,-0.7,0.0,0.0,0.0,0.0,3,20.2,38.2,269,Overcast,0,0,
43778,2022-01-09 08:20:00,40.87802,-73.90241,1,0,,4493682,4.0,-5.3,5.1,5.1,0.0,12.0,53,23.8,42.1,220,Drizzle: Moderate,1,1,
43779,2022-01-09 08:24:00,40.58974,-73.814835,0,0,Failure to Yield Right-of-Way,4493163,4.0,-5.3,5.1,5.1,0.0,12.0,53,23.8,42.1,220,Drizzle: Moderate,0,0,
43780,2022-01-09 20:30:00,40.830544,-73.9011,0,0,Unspecified,4493740,4.0,-5.3,5.1,5.1,0.0,12.0,53,23.8,42.1,220,Drizzle: Moderate,0,0,
43781,2022-01-09 09:37:00,40.63247,-73.941826,0,0,Unspecified,4493368,4.0,-5.3,5.1,5.1,0.0,12.0,53,23.8,42.1,220,Drizzle: Moderate,0,0,
43782,2022-01-06 15:25:00,40.674145,-73.72924,0,0,Unspecified,4493816,4.1,-0.7,0.0,0.0,0.0,0.0,3,20.2,38.2,269,Overcast,0,0,
43783,2022-01-09 15:30:00,40.784534,-73.9736,0,0,Passing Too Closely,4493824,4.0,-5.3,5.1,5.1,0.0,12.0,53,23.8,42.1,220,Drizzle: Moderate,0,0,
43784,2022-01-09 04:15:00,40.62749,-73.93239,2,0,Driver Inattention/Distraction,4492961,4.0,-5.3,5.1,5.1,0.0,12.0,53,23.8,42.1,220,Drizzle: Moderate,2,2,
43785,2022-01-09 11:25:00,40.665245,-73.87513,0,0,Traffic Control Disregarded,4493430,4.0,-5.3,5.1,5.1,0.0,12.0,53,23.8,42.1,220,Drizzle: Moderate,0,0,
43786,2022-01-09 11:10:00,40.726147,-73.95216,0,0,Following Too Closely,4493485,4.0,-5.3,5.1,5.1,0.0,12.0,53,23.8,42.1,220,Drizzle: Moderate,0,0,
43787,2022-01-09 00:30:00,40.709633,-73.767815,0,0,Driver Inattention/Distraction,4493304,4.0,-5.3,5.1,5.1,0.0,12.0,53,23.8,42.1,220,Drizzle: Moderate,0,0,
43788,2022-01-08 21:50:00,40.757824,-73.86101,1,0,Driver Inattention/Distraction,4493713,-3.3,-8.4,0.0,0.0,0.0,0.0,1,21.6,37.8,277,Mainly clear,1,1,Sunny/Clear Conditions
43789,2022-01-09 10:15:00,40.836937,-73.927124,0,0,Passing or Lane Usage Improper,4493341,4.0,-5.3,5.1,5.1,0.0,12.0,53,23.8,42.1,220,Drizzle: Moderate,0,0,
43790,2022-01-09 01:35:00,40.739162,-73.9412,2,0,Unspecified,4493452,4.0,-5.3,5.1,5.1,0.0,12.0,53,23.8,42.1,220,Drizzle: Moderate,2,2,
43791,2022-01-09 04:23:00,40.710094,-73.93722,3,0,Alcohol Involvement,4493235,4.0,-5.3,5.1,5.1,0.0,12.0,53,23.8,42.1,220,Drizzle: Moderate,3,3,
43792,2022-01-09 10:00:00,40.652565,-73.74656,0,0,Following Too Closely,4493146,4.0,-5.3,5.1,5.1,0.0,12.0,53,23.8,42.1,220,Drizzle: Moderate,0,0,
43793,2021-12-28 01:10:00,40.6525,-73.924644,0,0,Driver Inattention/Distraction,4493643,8.5,2.2,0.0,0.0,0.0,0.0,3,12.5,22.0,271,Overcast,0,0,
43794,2022-01-06 23:15:00,40.65686,-73.92703,0,0,Traffic Control Disregarded,4493726,4.1,-0.7,0.0,0.0,0.0,0.0,3,20.2,38.2,269,Overcast,0,0,
43795,2022-01-09 17:35:00,40.66612,-73.82225,0,0,Following Too Closely,4493269,4.0,-5.3,5.1,5.1,0.0,12.0,53,23.8,42.1,220,Drizzle: Moderate,0,0,
43796,2022-01-09 17:30:00,40.69637,-73.837906,1,0,Failure to Yield Right-of-Way,4493259,4.0,-5.3,5.1,5.1,0.0,12.0,53,23.8,42.1,220,Drizzle: Moderate,1,1,
43797,2022-01-08 01:04:00,40.828518,-73.84119,1,0,Traffic Control Disregarded,4493677,-3.3,-8.4,0.0,0.0,0.0,0.0,1,21.6,37.8,277,Mainly clear,1,1,Sunny/Clear Conditions
43798,2022-01-09 19:10:00,40.840645,-73.84205,1,0,Unspecified,4493329,4.0,-5.3,5.1,5.1,0.0,12.0,53,23.8,42.1,220,Drizzle: Moderate,1,1,
43799,2022-01-09 20:30:00,40.687416,-73.95972,3,0,Following Too Closely,4493384,4.0,-5.3,5.1,5.1,0.0,12.0,53,23.8,42.1,220,Drizzle: Moderate,3,3,
43800,2021-01-11 12:07:00,40.63165,-74.08762,1,0,Unspecified,4493852,1.9,-4.5,0.0,0.0,0.0,0.0,3,9.7,17.3,286,Overcast,1,1,
43801,2022-01-09 13:58:00,40.703403,-73.917786,0,0,Pavement Slippery,4493773,4.0,-5.3,5.1,5.1,0.0,12.0,53,23.8,42.1,220,Drizzle: Moderate,0,0,
43802,2022-01-09 13:00:00,40.74946,-73.87667,0,0,Backing Unsafely,4493418,4.0,-5.3,5.1,5.1,0.0,12.0,53,23.8,42.1,220,Drizzle: Moderate,0,0,
43803,2022-01-09 05:33:00,40.807453,-73.90919,2,0,Fell Asleep,4493315,4.0,-5.3,5.1,5.1,0.0,12.0,53,23.8,42.1,220,Drizzle: Moderate,2,2,
43804,2022-01-06 10:00:00,40.62964,-73.94224,0,0,Passing Too Closely,4493753,4.1,-0.7,0.0,0.0,0.0,0.0,3,20.2,38.2,269,Overcast,0,0,
43805,2022-01-07 23:45:00,40.696667,-73.92824,0,0,Driver Inexperience,4493767,-0.0,-5.7,9.0,0.0,6.3,11.0,75,26.8,48.6,313,Snow fall: Heavy,0,0,Snowy Conditions
43806,2022-01-10 16:13:00,40.832535,-73.85797,0,0,Following Too Closely,4493784,4.1,-4.3,0.0,0.0,0.0,0.0,3,24.1,44.3,295,Overcast,0,0,