,CRASH DATETIME,LATITUDE,LONGITUDE,NUMBER OF PERSONS INJURED,NUMBER OF PERSONS KILLED,CONTRIBUTING FACTOR VEHICLE 1,COLLISION_ID,temperature_2m_max,temperature_2m_min,precipitation_sum,rain_sum,snowfall_sum,precipitation_hours,weather_code,wind_speed_10m_max,wind_gusts_10m_max,wind_direction_10m_dominant,Weather Description,Severity_Score,Total_Affected_Persons,Weather_Category
43807,2022-02-20 01:09:00,40.76874,-73.90881,1,0,Other Vehicular,4504671,2.4,-6.6,0.0,0.0,0.0,0.0,3,23.4,44.3,250,Overcast,1,1,
43808,2022-02-20 03:35:00,40.744625,-73.98525,1,0,Passing or Lane Usage Improper,4504205,2.4,-6.6,0.0,0.0,0.0,0.0,3,23.4,44.3,250,Overcast,1,1,
43809,2022-02-20 12:20:00,40.72565,-73.93205,2,0,Aggressive Driving/Road Rage,4504640,2.4,-6.6,0.0,0.0,0.0,0.0,3,23.4,44.3,250,Overcast,2,2,
43810,2021-09-28 17:30:00,40.713577,-73.77971,0,0,Unspecified,4504833,22.1,16.3,12.4,12.4,0.0,9.0,63,19.2,38.5,264,Rain: Moderate,0,0,
43811,2022-02-09 08:30:00,40.823315,-73.94901,0,0,Unspecified,4504732,5.2,-4.6,0.0,0.0,0.0,0.0,1,16.6,33.5,203,Mainly clear,0,0,Sunny/Clear Conditions
43812,2022-02-20 20:48:00,40.821636,-73.93909,0,0,Unsafe Speed,4504402,2.4,-6.6,0.0,0.0,0.0,0.0,3,23.4,44.3,250,Overcast,0,0,
43813,2022-09-22 17:25:00,40.648182,-73.93001,1,0,Unspecified,4567173,24.9,14.3,9.1,9.1,0.0,7.0,63,24.6,44.6,273,Rain: Moderate,1,1,
43814,2021-10-18 15:50:00,40.8690581,-73.8796321,0,0,Unspecified,4468812,15.8,9.2,0.0,0.0,0.0,0.0,2,32.4,58.3,296,Partly cloudy,0,0,
43815,2021-05-14 11:56:00,40.751083,-73.9079,5,0,Driver Inattention/Distraction,4416614,21.6,7.5,0.0,0.0,0.0,0.0,2,14.3,25.2,276,Partly cloudy,5,5,
43816,2021-06-18 15:11:00,40.73968,-73.857315,1,0,Unspecified,4432499,27.4,13.8,0.0,0.0,0.0,0.0,3,20.5,40.3,210,Overcast,1,1,
43817,2021-06-23 23:50:00,40.68676,-73.78449,1,0,Passing Too Closely,4432493,23.1,12.2,0.0,0.0,0.0,0.0,3,16.5,31.7,309,Overcast,1,1,
43818,2021-06-27 10:10:00,40.85403,-73.89334,0,0,Driver Inattention/Distraction,4432511,29.2,22.2,0.5,0.5,0.0,4.0,51,19.6,45.4,196,Drizzle: Light,0,0,
43819,2021-06-21 09:15:00,40.7578,-73.87916,0,0,Driver Inattention/Distraction,4432505,28.0,21.7,0.5,0.5,0.0,2.0,51,24.4,46.8,181,Drizzle: Light,0,0,
43820,2021-06-24 02:24:00,40.83611,-73.92238,0,0,Traffic Control Disregarded,4432510,23.2,13.5,0.0,0.0,0.0,0.0,3,19.7,40.0,145,Overcast,0,0,
43821,2021-06-09 15:24:00,40.665737,-73.75194,0,0,Unsafe Speed,4425280,30.2,21.4,1.1,1.1,0.0,5.0,51,11.7,28.1,286,Drizzle: Light,0,0,
43822,2022-09-22 10:15:00,40.726444,-73.76579,0,0,Following Too Closely,4566435,24.9,14.3,9.1,9.1,0.0,7.0,63,24.6,44.6,273,Rain: Moderate,0,0,
43823,2021-06-23 12:21:00,40.720245,-73.9444,2,0,Driver Inattention/Distraction,4432485,23.1,12.2,0.0,0.0,0.0,0.0,3,16.5,31.7,309,Overcast,2,2,
43824,2021-06-16 18:15:00,40.752644,-74.00428,1,0,Glare,4432509,23.1,15.1,0.0,0.0,0.0,0.0,1,20.2,40.0,317,Mainly clear,1,1,Sunny/Clear Conditions
43825,2021-06-23 06:25:00,40.700565,-73.76411,1,0,Passing Too Closely,4432491,23.1,12.2,0.0,0.0,0.0,0.0,3,16.5,31.7,309,Overcast,1,1,
43826,2021-06-18 14:08:00,40.65942,-73.761116,1,0,Failure to Yield Right-of-Way,4428512,27.4,13.8,0.0,0.0,0.0,0.0,3,20.5,40.3,210,Overcast,1,1,
43827,2021-06-23 13:02:00,40.748333,-73.87735,1,0,Driver Inattention/Distraction,4432506,23.1,12.2,0.0,0.0,0.0,0.0,3,16.5,31.7,309,Overcast,1,1,
43828,2022-09-13 18:36:00,40.87932,-73.869804,0,0,Unsafe Speed,4567081,26.0,20.5,8.3,8.3,0.0,16.0,61,19.5,33.8,219,Rain: Light,0,0,
43829,2022-09-23 15:17:00,40.697296,-73.92378,2,0,Brakes Defective,4566939,16.4,10.0,0.0,0.0,0.0,0.0,0,31.1,56.9,323,Clear sky,2,2,Sunny/Clear Conditions
43830,2022-09-21 19:50:00,40.773052,-73.96241,1,0,Driver Inattention/Distraction,4566186,26.5,16.0,0.0,0.0,0.0,0.0,3,19.4,36.7,252,Overcast,1,1,
43831,2022-09-23 17:08:00,40.828922,-73.9504,0,0,Unspecified,4566735,16.4,10.0,0.0,0.0,0.0,0.0,0,31.1,56.9,323,Clear sky,0,0,Sunny/Clear Conditions
43832,2022-09-23 17:00:00,40.842026,-73.88539,2,0,Aggressive Driving/Road Rage,4567278,16.4,10.0,0.0,0.0,0.0,0.0,0,31.1,56.9,323,Clear sky,2,2,Sunny/Clear Conditions
43833,2022-09-17 13:00:00,40.513462,-74.23747,0,0,Unspecified,4567043,22.9,16.8,0.0,0.0,0.0,0.0,3,16.9,32.0,115,Overcast,0,0,
43834,2022-09-21 14:24:00,40.638336,-74.02792,0,0,Unspecified,4566146,26.5,16.0,0.0,0.0,0.0,0.0,3,19.4,36.7,252,Overcast,0,0,
43835,2022-09-22 22:36:00,40.674458,-73.7795,2,0,Failure to Yield Right-of-Way,4566468,24.9,14.3,9.1,9.1,0.0,7.0,63,24.6,44.6,273,Rain: Moderate,2,2,
43836,2022-09-22 16:51:00,0.0,0.0,1,0,Driver Inattention/Distraction,4566492,24.9,14.3,9.1,9.1,0.0,7.0,63,24.6,44.6,273,Rain: Moderate,1,1,
43837,2022-09-21 14:55:00,0.0,0.0,0,0,Unspecified,4567348,26.5,16.0,0.0,0.0,0.0,0.0,3,19.4,36.7,252,Overcast,0,0,
43838,2022-09-23 07:35:00,40.817116,-73.88307,0,0,Passing Too Closely,4566947,16.4,10.0,0.0,0.0,0.0,0.0,0,31.1,56.9,323,Clear sky,0,0,Sunny/Clear Conditions
43839,2022-09-21 03:18:00,40.897545,-73.846405,0,0,Steering Failure,4567131,26.5,16.0,0.0,0.0,0.0,0.0,3,19.4,36.7,252,Overcast,0,0,
43840,2021-10-18 13:53:00,40.6289654,-73.9451246,0,0,Unspecified,4468929,15.8,9.2,0.0,0.0,0.0,0.0,2,32.4,58.3,296,Partly cloudy,0,0,
43841,2021-06-27 18:14:00,40.83569,-73.86857,0,0,Unspecified,4431555,29.2,22.2,0.5,0.5,0.0,4.0,51,19.6,45.4,196,Drizzle: Light,0,0,
43842,2021-06-26 05:45:00,40.605957,-74.00639,0,0,Unspecified,4432385,26.5,18.6,1.3,1.3,0.0,8.0,51,23.7,52.9,181,Drizzle: Light,0,0,
43843,2021-06-27 03:40:00,40.835716,-73.89205,0,0,Passing or Lane Usage Improper,4431619,29.2,22.2,0.5,0.5,0.0,4.0,51,19.6,45.4,196,Drizzle: Light,0,0,
43844,2021-06-26 16:00:00,40.597595,-74.07143,1,0,Unspecified,4432345,26.5,18.6,1.3,1.3,0.0,8.0,51,23.7,52.9,181,Drizzle: Light,1,1,
43845,2021-06-27 22:30:00,40.76665,-73.87791,0,0,Driver Inattention/Distraction,4432312,29.2,22.2,0.5,0.5,0.0,4.0,51,19.6,45.4,196,Drizzle: Light,0,0,
43846,2021-06-27 05:59:00,40.667156,-73.95356,0,0,Driver Inattention/Distraction,4432130,29.2,22.2,0.5,0.5,0.0,4.0,51,19.6,45.4,196,Drizzle: Light,0,0,
43847,2021-06-24 16:30:00,40.700672,-73.92164,0,0,Passing or Lane Usage Improper,4432112,23.2,13.5,0.0,0.0,0.0,0.0,3,19.7,40.0,145,Overcast,0,0,
43848,2021-06-27 00:52:00,40.627827,-73.89021,0,0,Unspecified,4431178,29.2,22.2,0.5,0.5,0.0,4.0,51,19.6,45.4,196,Drizzle: Light,0,0,
43849,2021-06-27 20:30:00,40.643703,-74.00648,0,0,Unsafe Speed,4431582,29.2,22.2,0.5,0.5,0.0,4.0,51,19.6,45.4,196,Drizzle: Light,0,0,
43850,2021-06-19 20:00:00,40.54387,-74.14445,1,0,Lost Consciousness,4432353,31.5,19.5,1.2,1.2,0.0,3.0,53,21.1,38.2,243,Drizzle: Moderate,1,1,
43851,2021-06-27 11:00:00,40.594444,-73.98602,0,0,Passing Too Closely,4431644,29.2,22.2,0.5,0.5,0.0,4.0,51,19.6,45.4,196,Drizzle: Light,0,0,
43852,2021-06-26 18:20:00,40.67425,-73.88885,0,0,Other Vehicular,4432082,26.5,18.6,1.3,1.3,0.0,8.0,51,23.7,52.9,181,Drizzle: Light,0,0,
43853,2021-06-26 06:30:00,40.835297,-73.91291,1,0,Pedestrian/Bicyclist/Other Pedestrian Error/Confusion,4432178,26.5,18.6,1.3,1.3,0.0,8.0,51,23.7,52.9,181,Drizzle: Light,1,1,
43854,2021-06-25 07:00:00,40.739418,-74.00387,0,0,Unspecified,4432258,24.7,15.6,0.0,0.0,0.0,0.0,3,20.9,41.0,144,Overcast,0,0,
43855,2021-06-27 00:40:00,40.849403,-73.871445,0,0,Unspecified,4431239,29.2,22.2,0.5,0.5,0.0,4.0,51,19.6,45.4,196,Drizzle: Light,0,0,
43856,2021-06-27 20:30:00,40.825428,-73.93631,0,0,Driver Inattention/Distraction,4431654,29.2,22.2,0.5,0.5,0.0,4.0,51,19.6,45.4,196,Drizzle: Light,0,0,
43857,2021-06-24 17:15:00,40.701103,-73.92239,0,0,Driver Inattention/Distraction,4432126,23.2,13.5,0.0,0.0,0.0,0.0,3,19.7,40.0,145,Overcast,0,0,
43858,2021-06-26 22:40:00,40.733986,-73.95226,0,0,Unspecified,4432425,26.5,18.6,1.3,1.3,0.0,8.0,51,23.7,52.9,181,Drizzle: Light,0,0,
43859,2021-06-27 15:00:00,40.825912,-73.83647,2,0,Unspecified,4432165,29.2,22.2,0.5,0.5,0.0,4.0,51,19.6,45.4,196,Drizzle: Light,2,2,
43860,2021-06-25 21:00:00,40.61625,-74.12904,0,0,Other Vehicular,4432060,24.7,15.6,0.0,0.0,0.0,0.0,3,20.9,41.0,144,Overcast,0,0,
43861,2021-06-27 06:08:00,40.6062,-74.01001,0,0,Fell Asleep,4431257,29.2,22.2,0.5,0.5,0.0,4.0,51,19.6,45.4,196,Drizzle: Light,0,0,
43862,2021-06-26 20:05:00,40.83874,-73.913765,1,0,Failure to Yield Right-of-Way,4432447,26.5,18.6,1.3,1.3,0.0,8.0,51,23.7,52.9,181,Drizzle: Light,1,1,
43863,2021-06-25 10:00:00,40.823624,-73.92308,0,0,Other Vehicular,4432446,24.7,15.6,0.0,0.0,0.0,0.0,3,20.9,41.0,144,Overcast,0,0,
43864,2021-06-27 00:26:00,40.65661,-73.93091,0,0,Alcohol Involvement,4431500,29.2,22.2,0.5,0.5,0.0,4.0,51,19.6,45.4,196,Drizzle: Light,0,0,
43865,2021-06-27 20:35:00,40.673477,-73.791504,0,0,Driver Inexperience,4431716,29.2,22.2,0.5,0.5,0.0,4.0,51,19.6,45.4,196,Drizzle: Light,0,0,
43866,2021-06-14 21:23:00,40.694115,-73.79214,1,0,Aggressive Driving/Road Rage,4432328,21.4,17.5,21.7,21.7,0.0,11.0,65,21.1,48.6,154,Rain: Heavy,1,1,
43867,2021-06-27 22:27:00,40.754616,-73.997116,0,0,Turning Improperly,4431764,29.2,22.2,0.5,0.5,0.0,4.0,51,19.6,45.4,196,Drizzle: Light,0,0,
43868,2021-06-27 17:07:00,40.805737,-73.94065,1,0,Unsafe Lane Changing,4431872,29.2,22.2,0.5,0.5,0.0,4.0,51,19.6,45.4,196,Drizzle: Light,1,1,
43869,2021-06-27 21:58:00,40.63868,-73.91682,0,0,Driver Inattention/Distraction,4431956,29.2,22.2,0.5,0.5,0.0,4.0,51,19.6,45.4,196,Drizzle: Light,0,0,
43870,2021-06-27 05:15:00,40.66584,-73.75551,0,0,Driver Inattention/Distraction,4431462,29.2,22.2,0.5,0.5,0.0,4.0,51,19.6,45.4,196,Drizzle: Light,0,0,
43871,2021-06-27 13:36:00,40.671505,-73.90734,0,0,Unspecified,4431364,29.2,22.2,0.5,0.5,0.0,4.0,51,19.6,45.4,196,Drizzle: Light,0,0,
43872,2021-06-26 10:54:00,40.619404,-74.02538,1,0,Unspecified,4432213,26.5,18.6,1.3,1.3,0.0,8.0,51,23.7,52.9,181,Drizzle: Light,1,1,
43873,2021-06-27 00:50:00,40.736187,-74.00833,1,0,Failure to Yield Right-of-Way,4432248,29.2,22.2,0.5,0.5,0.0,4.0,51,19.6,45.4,196,Drizzle: Light,1,1,
43874,2021-06-27 14:40:00,40.615055,-74.07036,0,0,Driver Inexperience,4432289,29.2,22.2,0.5,0.5,0.0,4.0,51,19.6,45.4,196,Drizzle: Light,0,0,
43875,2021-06-27 04:10:00,40.713985,-73.73812,0,0,Driver Inattention/Distraction,4431451,29.2,22.2,0.5,0.5,0.0,4.0,51,19.6,45.4,196,Drizzle: Light,0,0,
43876,2021-06-27 04:29:00,40.666668,-73.92372,2,0,Aggressive Driving/Road Rage,4431367,29.2,22.2,0.5,0.5,0.0,4.0,51,19.6,45.4,196,Drizzle: Light,2,2,
43877,2021-06-26 09:30:00,40.697727,-73.92454,1,0,Traffic Control Disregarded,4432148,26.5,18.6,1.3,1.3,0.0,8.0,51,23.7,52.9,181,Drizzle: Light,1,1,
43878,2021-06-27 06:22:00,40.65745,-73.920166,0,0,Unspecified,4431489,29.2,22.2,0.5,0.5,0.0,4.0,51,19.6,45.4,196,Drizzle: Light,0,0,
43879,2021-06-27 00:00:00,40.627827,-73.89021,0,0,Unsafe Speed,4431314,29.2,22.2,0.5,0.5,0.0,4.0,51,19.6,45.4,196,Drizzle: Light,0,0,
43880,2021-06-27 21:12:00,40.617382,-73.943474,0,0,Unspecified,4431945,29.2,22.2,0.5,0.5,0.0,4.0,51,19.6,45.4,196,Drizzle: Light,0,0,
43881,2021-06-24 19:25:00,40.688847,-73.92119,0,0,Driver Inattention/Distraction,4432402,23.2,13.5,0.0,0.0,0.0,0.0,3,19.7,40.0,145,Overcast,0,0,
43882,2021-06-27 13:30:00,40.7466,-73.76503,0,0,Driver Inattention/Distraction,4431636,29.2,22.2,0.5,0.5,0.0,4.0,51,19.6,45.4,196,Drizzle: Light,0,0,
43883,2021-06-27 00:00:00,40.590595,-74.15175,0,0,Backing Unsafely,4431671,29.2,22.2,0.5,0.5,0.0,4.0,51,19.6,45.4,196,Drizzle: Light,0,0,
43884,2021-06-25 15:50:00,40.57755,-74.12726,0,0,Driver Inattention/Distraction,4432342,24.7,15.6,0.0,0.0,0.0,0.0,3,20.9,41.0,144,Overcast,0,0,
43885,2021-06-14 12:20:00,40.816864,-73.882744,0,0,Backing Unsafely,4432363,21.4,17.5,21.7,21.7,0.0,11.0,65,21.1,48.6,154,Rain: Heavy,0,0,
43886,2021-06-27 16:00:00,40.59038,-74.19295,0,0,Driver Inattention/Distraction,4432047,29.2,22.2,0.5,0.5,0.0,4.0,51,19.6,45.4,196,Drizzle: Light,0,0,
43887,2021-06-27 17:09:00,40.85132,-73.90842,1,0,Driver Inattention/Distraction,4431794,29.2,22.2,0.5,0.5,0.0,4.0,51,19.6,45.4,196,Drizzle: Light,1,1,
43888,2021-06-27 19:00:00,40.716206,-73.9661,1,0,Failure to Yield Right-of-Way,4432006,29.2,22.2,0.5,0.5,0.0,4.0,51,19.6,45.4,196,Drizzle: Light,1,1,
43889,2021-06-27 10:00:00,40.813267,-73.862015,0,0,Driver Inattention/Distraction,4431359,29.2,22.2,0.5,0.5,0.0,4.0,51,19.6,45.4,196,Drizzle: Light,0,0,
43890,2021-06-27 17:49:00,40.524612,-74.230446,0,0,Driver Inattention/Distraction,4431476,29.2,22.2,0.5,0.5,0.0,4.0,51,19.6,45.4,196,Drizzle: Light,0,0,
43891,2021-06-27 09:30:00,40.720222,-73.98644,1,0,Following Too Closely,4431590,29.2,22.2,0.5,0.5,0.0,4.0,51,19.6,45.4,196,Drizzle: Light,1,1,
43892,2021-06-27 21:45:00,40.7042,-73.88288,1,0,Failure to Yield Right-of-Way,4432300,29.2,22.2,0.5,0.5,0.0,4.0,51,19.6,45.4,196,Drizzle: Light,1,1,
43893,2021-06-27 00:00:00,40.82811,-73.93806,1,0,Unspecified,4431758,29.2,22.2,0.5,0.5,0.0,4.0,51,19.6,45.4,196,Drizzle: Light,1,1,
43894,2021-06-26 16:46:00,40.67956,-73.8989,0,0,Driver Inattention/Distraction,4432100,26.5,18.6,1.3,1.3,0.0,8.0,51,23.7,52.9,181,Drizzle: Light,0,0,
43895,2021-06-27 14:14:00,40.579826,-73.97622,0,0,Backing Unsafely,4432215,29.2,22.2,0.5,0.5,0.0,4.0,51,19.6,45.4,196,Drizzle: Light,0,0,
43896,2021-06-27 00:20:00,40.716244,-73.88149,0,0,Unspecified,4431502,29.2,22.2,0.5,0.5,0.0,4.0,51,19.6,45.4,196,Drizzle: Light,0,0,
43897,2021-06-23 13:30:00,40.666145,-73.759125,0,0,Driver Inattention/Distraction,4432273,23.1,12.2,0.0,0.0,0.0,0.0,3,16.5,31.7,309,Overcast,0,0,
43898,2021-06-27 19:10:00,40.669098,-73.93666,3,0,Failure to Yield Right-of-Way,4431567,29.2,22.2,0.5,0.5,0.0,4.0,51,19.6,45.4,196,Drizzle: Light,3,3,
43899,2021-06-26 10:46:00,40.6915,-73.90956,0,0,Unsafe Speed,4432154,26.5,18.6,1.3,1.3,0.0,8.0,51,23.7,52.9,181,Drizzle: Light,0,0,
43900,2021-06-27 03:20:00,40.889885,-73.82009,0,0,Driver Inattention/Distraction,4431407,29.2,22.2,0.5,0.5,0.0,4.0,51,19.6,45.4,196,Drizzle: Light,0,0,
43901,2021-06-26 05:28:00,40.657555,-73.894196,0,0,Unspecified,4432081,26.5,18.6,1.3,1.3,0.0,8.0,51,23.7,52.9,181,Drizzle: Light,0,0,
43902,2021-06-27 02:00:00,40.74693,-73.84866,0,0,Other Vehicular,4431837,29.2,22.2,0.5,0.5,0.0,4.0,51,19.6,45.4,196,Drizzle: Light,0,0,
43903,2021-06-27 17:38:00,40.716312,-73.81938,0,0,Driver Inattention/Distraction,4431896,29.2,22.2,0.5,0.5,0.0,4.0,51,19.6,45.4,196,Drizzle: Light,0,0,
43904,2021-06-27 16:40:00,40.713295,-73.883514,0,0,Driver Inattention/Distraction,4432293,29.2,22.2,0.5,0.5,0.0,4.0,51,19.6,45.4,196,Drizzle: Light,0,0,
43905,2021-06-25 14:38:00,40.683502,-73.91152,1,0,Driver Inattention/Distraction,4432144,24.7,15.6,0.0,0.0,0.0,0.0,3,20.9,41.0,144,Overcast,1,1,
43906,2021-06-27 17:38:00,40.838196,-73.901184,0,0,Driver Inattention/Distraction,4431624,29.2,22.2,0.5,0.5,0.0,4.0,51,19.6,45.4,196,Drizzle: Light,0,0,
43907,2021-06-18 01:05:00,40.718456,-73.99482,1,0,Traffic Control Disregarded,4432116,27.4,13.8,0.0,0.0,0.0,0.0,3,20.5,40.3,210,Overcast,1,1,
43908,2021-06-27 22:19:00,40.880947,-73.85456,3,0,Failure to Yield Right-of-Way,4431658,29.2,22.2,0.5,0.5,0.0,4.0,51,19.6,45.4,196,Drizzle: Light,3,3,
43909,2021-06-27 14:57:00,40.58999,-74.1005,0,0,Unspecified,4432346,29.2,22.2,0.5,0.5,0.0,4.0,51,19.6,45.4,196,Drizzle: Light,0,0,
43910,2021-06-27 19:29:00,40.68865,-73.96197,1,0,Driver Inattention/Distraction,4431577,29.2,22.2,0.5,0.5,0.0,4.0,51,19.6,45.4,196,Drizzle: Light,1,1,
43911,2021-06-26 13:09:00,40.54881,-74.154335,1,0,Unspecified,4432354,26.5,18.6,1.3,1.3,0.0,8.0,51,23.7,52.9,181,Drizzle: Light,1,1,
43912,2021-06-27 03:50:00,40.80832,-73.936676,0,0,Unspecified,4431740,29.2,22.2,0.5,0.5,0.0,4.0,51,19.6,45.4,196,Drizzle: Light,0,0,
43913,2021-06-27 11:07:00,40.67671,-73.97711,0,0,Passing Too Closely,4432187,29.2,22.2,0.5,0.5,0.0,4.0,51,19.6,45.4,196,Drizzle: Light,0,0,
43914,2021-06-27 14:00:00,40.767982,-73.82685,1,0,Failure to Yield Right-of-Way,4431515,29.2,22.2,0.5,0.5,0.0,4.0,51,19.6,45.4,196,Drizzle: Light,1,1,
43915,2021-06-27 00:01:00,40.675495,-73.8997,3,0,Unspecified,4432086,29.2,22.2,0.5,0.5,0.0,4.0,51,19.6,45.4,196,Drizzle: Light,3,3,
43916,2022-09-19 17:25:00,40.677353,-73.78096,0,0,Failure to Yield Right-of-Way,4566991,30.1,19.0,4.9,4.9,0.0,3.0,63,22.4,44.3,241,Rain: Moderate,0,0,
43917,2021-06-27 00:00:00,40.607082,-73.94607,0,0,Unspecified,4431698,29.2,22.2,0.5,0.5,0.0,4.0,51,19.6,45.4,196,Drizzle: Light,0,0,
43918,2021-06-27 17:05:00,40.656708,-74.00537,2,0,Following Too Closely,4431583,29.2,22.2,0.5,0.5,0.0,4.0,51,19.6,45.4,196,Drizzle: Light,2,2,
43919,2021-06-27 12:40:00,40.580658,-73.985664,0,0,Driver Inattention/Distraction,4431699,29.2,22.2,0.5,0.5,0.0,4.0,51,19.6,45.4,196,Drizzle: Light,0,0,
43920,2021-06-27 21:45:00,40.73447,-73.86316,0,0,Unspecified,4431645,29.2,22.2,0.5,0.5,0.0,4.0,51,19.6,45.4,196,Drizzle: Light,0,0,
43921,2021-06-25 11:42:00,40.69987,-73.94043,3,0,Following Too Closely,4432121,24.7,15.6,0.0,0.0,0.0,0.0,3,20.9,41.0,144,Overcast,3,3,
43922,2021-06-27 20:20:00,40.703545,-73.92234,0,0,Driver Inattention/Distraction,4432158,29.2,22.2,0.5,0.5,0.0,4.0,51,19.6,45.4,196,Drizzle: Light,0,0,
43923,2021-06-17 04:50:00,40.66343,-73.74079,0,0,Unsafe Speed,4432266,23.9,12.1,0.0,0.0,0.0,0.0,3,13.4,27.4,311,Overcast,0,0,
43924,2021-06-27 18:37:00,40.66626,-73.95957,0,0,Failure to Yield Right-of-Way,4431561,29.2,22.2,0.5,0.5,0.0,4.0,51,19.6,45.4,196,Drizzle: Light,0,0,
43925,2021-06-26 12:00:00,40.66531,-73.890305,1,0,Failure to Yield Right-of-Way,4432064,26.5,18.6,1.3,1.3,0.0,8.0,51,23.7,52.9,181,Drizzle: Light,1,1,
43926,2021-06-27 14:44:00,40.59727,-73.99868,2,0,Passing or Lane Usage Improper,4432257,29.2,22.2,0.5,0.5,0.0,4.0,51,19.6,45.4,196,Drizzle: Light,2,2,
43927,2021-06-25 17:20:00,40.718185,-73.958305,0,0,Backing Unsafely,4432228,24.7,15.6,0.0,0.0,0.0,0.0,3,20.9,41.0,144,Overcast,0,0,
43928,2021-06-22 10:01:00,40.696983,-73.935234,0,0,Backing Unsafely,4432109,24.2,15.1,8.5,8.5,0.0,9.0,63,22.2,43.2,305,Rain: Moderate,0,0,
43929,2021-06-27 06:36:00,40.863785,-73.90028,1,0,Driver Inattention/Distraction,4431240,29.2,22.2,0.5,0.5,0.0,4.0,51,19.6,45.4,196,Drizzle: Light,1,1,
43930,2021-06-25 02:16:00,40.69731,-73.932274,0,0,Unspecified,4432129,24.7,15.6,0.0,0.0,0.0,0.0,3,20.9,41.0,144,Overcast,0,0,
43931,2021-06-27 00:00:00,40.742943,-73.91685,3,0,Driver Inattention/Distraction,4431510,29.2,22.2,0.5,0.5,0.0,4.0,51,19.6,45.4,196,Drizzle: Light,3,3,
43932,2021-06-20 23:16:00,40.83543,-73.92341,0,0,Driver Inattention/Distraction,4432430,28.7,17.3,0.3,0.3,0.0,2.0,51,19.5,40.0,212,Drizzle: Light,0,0,
43933,2021-06-27 18:00:00,40.57663,-74.00556,0,0,Passing Too Closely,4431648,29.2,22.2,0.5,0.5,0.0,4.0,51,19.6,45.4,196,Drizzle: Light,0,0,
43934,2021-06-24 17:20:00,40.70864,-74.00734,0,0,Unspecified,4432168,23.2,13.5,0.0,0.0,0.0,0.0,3,19.7,40.0,145,Overcast,0,0,
43935,2021-06-27 16:03:00,40.8721,-73.849884,1,0,Traffic Control Disregarded,4431578,29.2,22.2,0.5,0.5,0.0,4.0,51,19.6,45.4,196,Drizzle: Light,1,1,
43936,2021-06-27 12:30:00,40.66973,-73.91049,1,0,Driver Inexperience,4432057,29.2,22.2,0.5,0.5,0.0,4.0,51,19.6,45.4,196,Drizzle: Light,1,1,
43937,2022-09-21 16:03:00,40.685276,-73.77241,1,0,Following Too Closely,4566316,26.5,16.0,0.0,0.0,0.0,0.0,3,19.4,36.7,252,Overcast,1,1,
43938,2021-06-26 22:31:00,40.67748,-73.88643,0,0,Unspecified,4432085,26.5,18.6,1.3,1.3,0.0,8.0,51,23.7,52.9,181,Drizzle: Light,0,0,
43939,2021-06-27 12:18:00,40.75022,-73.979065,0,0,Driver Inattention/Distraction,4432389,29.2,22.2,0.5,0.5,0.0,4.0,51,19.6,45.4,196,Drizzle: Light,0,0,
43940,2021-06-27 16:00:00,40.837654,-73.89997,3,0,Fatigued/Drowsy,4431620,29.2,22.2,0.5,0.5,0.0,4.0,51,19.6,45.4,196,Drizzle: Light,3,3,
43941,2021-06-22 17:30:00,40.75613,-73.862274,0,0,Driver Inattention/Distraction,4432313,24.2,15.1,8.5,8.5,0.0,9.0,63,22.2,43.2,305,Rain: Moderate,0,0,
43942,2021-06-26 01:03:00,40.738552,-73.99969,1,0,Unspecified,4432249,26.5,18.6,1.3,1.3,0.0,8.0,51,23.7,52.9,181,Drizzle: Light,1,1,
43943,2021-06-26 01:00:00,40.54421,-74.141045,0,0,Driver Inattention/Distraction,4432348,26.5,18.6,1.3,1.3,0.0,8.0,51,23.7,52.9,181,Drizzle: Light,0,0,
43944,2021-06-27 11:20:00,40.761505,-73.827065,1,0,Unspecified,4431401,29.2,22.2,0.5,0.5,0.0,4.0,51,19.6,45.4,196,Drizzle: Light,1,1,
43945,2021-06-27 19:50:00,40.85396,-73.90944,0,0,Unspecified,4432481,29.2,22.2,0.5,0.5,0.0,4.0,51,19.6,45.4,196,Drizzle: Light,0,0,
43946,2021-06-27 04:41:00,40.62621,-73.927666,0,0,Driver Inattention/Distraction,4432238,29.2,22.2,0.5,0.5,0.0,4.0,51,19.6,45.4,196,Drizzle: Light,0,0,
43947,2021-06-27 02:30:00,40.75002,-73.858406,1,0,Driver Inattention/Distraction,4431556,29.2,22.2,0.5,0.5,0.0,4.0,51,19.6,45.4,196,Drizzle: Light,1,1,
43948,2021-06-27 04:18:00,40.7024,-73.9605,1,0,Driver Inattention/Distraction,4432013,29.2,22.2,0.5,0.5,0.0,4.0,51,19.6,45.4,196,Drizzle: Light,1,1,
43949,2021-06-27 11:49:00,40.82949,-73.87326,0,0,Following Too Closely,4431360,29.2,22.2,0.5,0.5,0.0,4.0,51,19.6,45.4,196,Drizzle: Light,0,0,
43950,2021-06-27 16:52:00,40.679653,-73.77724,1,0,Unspecified,4431709,29.2,22.2,0.5,0.5,0.0,4.0,51,19.6,45.4,196,Drizzle: Light,1,1,
43951,2021-06-27 22:30:00,40.740757,-73.89028,0,0,Traffic Control Disregarded,4431838,29.2,22.2,0.5,0.5,0.0,4.0,51,19.6,45.4,196,Drizzle: Light,0,0,