,CRASH DATETIME,LATITUDE,LONGITUDE,NUMBER OF PERSONS INJURED,NUMBER OF PERSONS KILLED,CONTRIBUTING FACTOR VEHICLE 1,COLLISION_ID,temperature_2m_max,temperature_2m_min,precipitation_sum,rain_sum,snowfall_sum,precipitation_hours,weather_code,wind_speed_10m_max,wind_gusts_10m_max,wind_direction_10m_dominant,Weather Description,Severity_Score,Total_Affected_Persons,Weather_Category
43952,2021-06-27 09:45:00,40.5832,-73.97304,0,0,Alcohol Involvement,4431429,29.2,22.2,0.5,0.5,0.0,4.0,51,19.6,45.4,196,Drizzle: Light,0,0,
43953,2021-06-27 21:30:00,40.682,-73.96867,0,0,Passing Too Closely,4431588,29.2,22.2,0.5,0.5,0.0,4.0,51,19.6,45.4,196,Drizzle: Light,0,0,
43954,2021-06-26 22:00:00,40.67624,-73.866104,0,0,Unspecified,4432101,26.5,18.6,1.3,1.3,0.0,8.0,51,23.7,52.9,181,Drizzle: Light,0,0,
43955,2021-06-25 13:41:00,40.693142,-73.922,0,0,Passing Too Closely,4432143,24.7,15.6,0.0,0.0,0.0,0.0,3,20.9,41.0,144,Overcast,0,0,
43956,2021-06-27 17:15:00,40.6229,-74.14943,0,0,Unspecified,4432048,29.2,22.2,0.5,0.5,0.0,4.0,51,19.6,45.4,196,Drizzle: Light,0,0,
43957,2021-06-26 16:22:00,40.809196,-73.8929,1,0,Pavement Defective,4432369,26.5,18.6,1.3,1.3,0.0,8.0,51,23.7,52.9,181,Drizzle: Light,1,1,
43958,2021-06-27 09:11:00,40.703163,-73.81662,1,0,Reaction to Uninvolved Vehicle,4431541,29.2,22.2,0.5,0.5,0.0,4.0,51,19.6,45.4,196,Drizzle: Light,1,1,
43959,2021-06-27 09:15:00,40.725937,-74.01103,0,0,Driver Inattention/Distraction,4431598,29.2,22.2,0.5,0.5,0.0,4.0,51,19.6,45.4,196,Drizzle: Light,0,0,
43960,2021-06-27 03:20:00,40.74929,-73.88517,0,0,Unspecified,4432304,29.2,22.2,0.5,0.5,0.0,4.0,51,19.6,45.4,196,Drizzle: Light,0,0,
43961,2021-06-23 08:59:00,40.710163,-74.00426,0,0,Unspecified,4432299,23.1,12.2,0.0,0.0,0.0,0.0,3,16.5,31.7,309,Overcast,0,0,
43962,2021-06-20 15:35:00,40.625267,-74.00226,0,0,Unspecified,4432208,28.7,17.3,0.3,0.3,0.0,2.0,51,19.5,40.0,212,Drizzle: Light,0,0,
43963,2021-06-26 01:09:00,40.68081,-73.8849,3,0,Unspecified,4432096,26.5,18.6,1.3,1.3,0.0,8.0,51,23.7,52.9,181,Drizzle: Light,3,3,
43964,2021-06-26 22:40:00,40.700962,-73.73244,1,0,Unsafe Speed,4432275,26.5,18.6,1.3,1.3,0.0,8.0,51,23.7,52.9,181,Drizzle: Light,1,1,
43965,2021-06-27 18:43:00,40.852673,-73.919106,0,0,Brakes Defective,4431791,29.2,22.2,0.5,0.5,0.0,4.0,51,19.6,45.4,196,Drizzle: Light,0,0,
43966,2021-06-27 00:20:00,40.604294,-73.973206,0,0,Passing Too Closely,4431250,29.2,22.2,0.5,0.5,0.0,4.0,51,19.6,45.4,196,Drizzle: Light,0,0,
43967,2021-06-27 00:54:00,40.705227,-73.949844,1,0,Driver Inattention/Distraction,4432004,29.2,22.2,0.5,0.5,0.0,4.0,51,19.6,45.4,196,Drizzle: Light,1,1,
43968,2021-06-26 21:05:00,40.702614,-73.96058,1,0,Driver Inattention/Distraction,4432462,26.5,18.6,1.3,1.3,0.0,8.0,51,23.7,52.9,181,Drizzle: Light,1,1,
43969,2021-06-27 15:10:00,40.651344,-73.947716,0,0,Driver Inattention/Distraction,4431490,29.2,22.2,0.5,0.5,0.0,4.0,51,19.6,45.4,196,Drizzle: Light,0,0,
43970,2021-05-06 16:30:00,40.82406,-73.8998,1,0,Unspecified,4432362,17.3,8.7,0.0,0.0,0.0,0.0,3,22.6,43.6,313,Overcast,1,1,
43971,2022-07-04 06:30:00,40.622772,-74.16503,0,0,Unspecified,4543312,30.9,17.5,0.0,0.0,0.0,0.0,3,15.4,27.4,302,Overcast,0,0,
43972,2021-06-27 00:30:00,40.607655,-73.99867,0,0,Unspecified,4431853,29.2,22.2,0.5,0.5,0.0,4.0,51,19.6,45.4,196,Drizzle: Light,0,0,
43973,2021-06-27 08:50:00,40.680733,-73.97451,1,0,Failure to Yield Right-of-Way,4431715,29.2,22.2,0.5,0.5,0.0,4.0,51,19.6,45.4,196,Drizzle: Light,1,1,
43974,2021-06-27 22:32:00,40.83801,-73.87329,0,0,Following Too Closely,4431635,29.2,22.2,0.5,0.5,0.0,4.0,51,19.6,45.4,196,Drizzle: Light,0,0,
43975,2021-06-27 13:40:00,40.767467,-73.88187,1,0,Driver Inattention/Distraction,4432303,29.2,22.2,0.5,0.5,0.0,4.0,51,19.6,45.4,196,Drizzle: Light,1,1,
43976,2021-06-25 21:40:00,40.70281,-73.9254,2,0,Unspecified,4432147,24.7,15.6,0.0,0.0,0.0,0.0,3,20.9,41.0,144,Overcast,2,2,
43977,2021-06-27 21:50:00,40.76285,-73.967735,1,0,Driver Inattention/Distraction,4431663,29.2,22.2,0.5,0.5,0.0,4.0,51,19.6,45.4,196,Drizzle: Light,1,1,
43978,2021-06-26 09:26:00,40.66008,-73.885345,0,0,Failure to Yield Right-of-Way,4432097,26.5,18.6,1.3,1.3,0.0,8.0,51,23.7,52.9,181,Drizzle: Light,0,0,
43979,2021-06-27 00:00:00,40.69775,-73.81393,0,0,Unsafe Speed,4432323,29.2,22.2,0.5,0.5,0.0,4.0,51,19.6,45.4,196,Drizzle: Light,0,0,
43980,2021-06-27 18:45:00,40.71881,-73.83266,1,0,Driver Inattention/Distraction,4431566,29.2,22.2,0.5,0.5,0.0,4.0,51,19.6,45.4,196,Drizzle: Light,1,1,
43981,2021-06-27 07:45:00,40.72218,-73.99092,1,0,Obstruction/Debris,4432022,29.2,22.2,0.5,0.5,0.0,4.0,51,19.6,45.4,196,Drizzle: Light,1,1,
43982,2021-06-27 02:22:00,40.676952,-73.888596,0,0,Unspecified,4432070,29.2,22.2,0.5,0.5,0.0,4.0,51,19.6,45.4,196,Drizzle: Light,0,0,
43983,2021-06-27 01:10:00,40.72607,-74.00991,1,0,Unspecified,4431596,29.2,22.2,0.5,0.5,0.0,4.0,51,19.6,45.4,196,Drizzle: Light,1,1,
43984,2021-06-21 00:00:00,40.668434,-73.80062,0,0,Following Too Closely,4432484,28.0,21.7,0.5,0.5,0.0,2.0,51,24.4,46.8,181,Drizzle: Light,0,0,
43985,2021-06-27 20:08:00,40.89256,-73.85978,0,0,Unsafe Speed,4431863,29.2,22.2,0.5,0.5,0.0,4.0,51,19.6,45.4,196,Drizzle: Light,0,0,
43986,2021-06-27 05:25:00,40.678364,-73.77949,0,0,Traffic Control Disregarded,4431308,29.2,22.2,0.5,0.5,0.0,4.0,51,19.6,45.4,196,Drizzle: Light,0,0,
43987,2021-06-27 06:40:00,40.84353,-73.89401,0,0,Other Vehicular,4431682,29.2,22.2,0.5,0.5,0.0,4.0,51,19.6,45.4,196,Drizzle: Light,0,0,
43988,2021-06-27 16:40:00,40.834423,-73.879265,2,0,Unspecified,4431459,29.2,22.2,0.5,0.5,0.0,4.0,51,19.6,45.4,196,Drizzle: Light,2,2,
43989,2021-06-27 13:52:00,40.68502,-73.938446,0,0,Failure to Yield Right-of-Way,4432400,29.2,22.2,0.5,0.5,0.0,4.0,51,19.6,45.4,196,Drizzle: Light,0,0,
43990,2021-06-27 14:23:00,40.770348,-73.92371,1,0,Driver Inattention/Distraction,4431700,29.2,22.2,0.5,0.5,0.0,4.0,51,19.6,45.4,196,Drizzle: Light,1,1,
43991,2021-06-27 13:35:00,40.643784,-73.90218,0,0,Driver Inattention/Distraction,4431560,29.2,22.2,0.5,0.5,0.0,4.0,51,19.6,45.4,196,Drizzle: Light,0,0,
43992,2021-06-27 09:20:00,40.63841,-74.13588,0,0,Driver Inattention/Distraction,4431681,29.2,22.2,0.5,0.5,0.0,4.0,51,19.6,45.4,196,Drizzle: Light,0,0,
43993,2021-06-26 14:25:00,40.84889,-73.867455,1,0,Following Too Closely,4432339,26.5,18.6,1.3,1.3,0.0,8.0,51,23.7,52.9,181,Drizzle: Light,1,1,
43994,2021-06-27 18:41:00,40.646297,-73.97195,0,0,Unspecified,4432122,29.2,22.2,0.5,0.5,0.0,4.0,51,19.6,45.4,196,Drizzle: Light,0,0,
43995,2021-06-27 05:19:00,40.738495,-73.90274,1,0,Driver Inattention/Distraction,4431186,29.2,22.2,0.5,0.5,0.0,4.0,51,19.6,45.4,196,Drizzle: Light,1,1,
43996,2021-06-27 19:37:00,40.69426,-73.91036,0,0,Unspecified,4432159,29.2,22.2,0.5,0.5,0.0,4.0,51,19.6,45.4,196,Drizzle: Light,0,0,
43997,2021-06-24 08:50:00,40.82814,-73.8953,1,0,Passing or Lane Usage Improper,4432366,23.2,13.5,0.0,0.0,0.0,0.0,3,19.7,40.0,145,Overcast,1,1,
43998,2021-06-26 00:00:00,40.677834,-73.88509,1,0,Driver Inattention/Distraction,4432063,26.5,18.6,1.3,1.3,0.0,8.0,51,23.7,52.9,181,Drizzle: Light,1,1,
43999,2021-06-27 01:50:00,40.651394,-73.75887,0,0,Unspecified,4432264,29.2,22.2,0.5,0.5,0.0,4.0,51,19.6,45.4,196,Drizzle: Light,0,0,
44000,2021-06-15 07:45:00,40.717793,-73.90967,1,0,Driver Inattention/Distraction,4432239,25.1,17.4,1.0,1.0,0.0,4.0,53,17.7,33.8,295,Drizzle: Moderate,1,1,
44001,2021-06-27 22:50:00,40.735424,-73.84466,0,0,Driver Inattention/Distraction,4431839,29.2,22.2,0.5,0.5,0.0,4.0,51,19.6,45.4,196,Drizzle: Light,0,0,
44002,2021-06-27 13:30:00,40.881138,-73.88307,1,0,Driver Inattention/Distraction,4431425,29.2,22.2,0.5,0.5,0.0,4.0,51,19.6,45.4,196,Drizzle: Light,1,1,
44003,2021-06-27 01:00:00,40.757877,-73.8839,0,0,Backing Unsafely,4431432,29.2,22.2,0.5,0.5,0.0,4.0,51,19.6,45.4,196,Drizzle: Light,0,0,
44004,2021-06-27 05:53:00,40.833946,-73.94266,0,0,Passing Too Closely,4431743,29.2,22.2,0.5,0.5,0.0,4.0,51,19.6,45.4,196,Drizzle: Light,0,0,
44005,2021-06-27 14:40:00,40.69174,-73.91401,0,0,Unspecified,4432157,29.2,22.2,0.5,0.5,0.0,4.0,51,19.6,45.4,196,Drizzle: Light,0,0,
44006,2021-06-27 10:50:00,40.703285,-73.88676,0,0,View Obstructed/Limited,4431472,29.2,22.2,0.5,0.5,0.0,4.0,51,19.6,45.4,196,Drizzle: Light,0,0,
44007,2021-06-27 11:21:00,40.84664,-73.90469,0,0,Passing or Lane Usage Improper,4431811,29.2,22.2,0.5,0.5,0.0,4.0,51,19.6,45.4,196,Drizzle: Light,0,0,
44008,2021-06-27 21:30:00,40.850372,-73.7879,0,0,Unspecified,4432182,29.2,22.2,0.5,0.5,0.0,4.0,51,19.6,45.4,196,Drizzle: Light,0,0,
44009,2021-06-27 00:05:00,40.70927,-73.797325,0,0,Driver Inattention/Distraction,4431540,29.2,22.2,0.5,0.5,0.0,4.0,51,19.6,45.4,196,Drizzle: Light,0,0,
44010,2021-06-27 18:00:00,40.689453,-73.924034,0,0,Backing Unsafely,4431903,29.2,22.2,0.5,0.5,0.0,4.0,51,19.6,45.4,196,Drizzle: Light,0,0,
44011,2021-06-25 16:49:00,40.583725,-73.89372,2,0,Driver Inattention/Distraction,4432237,24.7,15.6,0.0,0.0,0.0,0.0,3,20.9,41.0,144,Overcast,2,2,
44012,2021-06-27 08:20:00,40.76484,-73.970505,0,0,View Obstructed/Limited,4431328,29.2,22.2,0.5,0.5,0.0,4.0,51,19.6,45.4,196,Drizzle: Light,0,0,
44013,2021-06-27 16:48:00,40.81423,-73.93444,3,0,Following Too Closely,4431746,29.2,22.2,0.5,0.5,0.0,4.0,51,19.6,45.4,196,Drizzle: Light,3,3,
44014,2021-06-22 22:18:00,40.632698,-74.02432,0,0,Driver Inattention/Distraction,4432417,24.2,15.1,8.5,8.5,0.0,9.0,63,22.2,43.2,305,Rain: Moderate,0,0,
44015,2021-06-27 11:58:00,40.70978,-73.82043,1,0,Driver Inattention/Distraction,4431893,29.2,22.2,0.5,0.5,0.0,4.0,51,19.6,45.4,196,Drizzle: Light,1,1,
44016,2021-06-27 08:39:00,40.715305,-73.96044,0,0,Driver Inattention/Distraction,4432011,29.2,22.2,0.5,0.5,0.0,4.0,51,19.6,45.4,196,Drizzle: Light,0,0,
44017,2021-06-27 11:58:00,40.825554,-73.843254,0,0,Unspecified,4431361,29.2,22.2,0.5,0.5,0.0,4.0,51,19.6,45.4,196,Drizzle: Light,0,0,
44018,2021-06-27 11:00:00,40.545757,-74.178894,0,0,Failure to Yield Right-of-Way,4431471,29.2,22.2,0.5,0.5,0.0,4.0,51,19.6,45.4,196,Drizzle: Light,0,0,
44019,2021-06-27 18:23:00,40.575565,-73.98121,1,0,Backing Unsafely,4432209,29.2,22.2,0.5,0.5,0.0,4.0,51,19.6,45.4,196,Drizzle: Light,1,1,
44020,2021-06-11 14:05:00,40.719887,-73.93889,0,0,Unspecified,4432227,20.7,15.3,1.2,1.2,0.0,3.0,53,13.2,27.0,97,Drizzle: Moderate,0,0,
44021,2021-06-27 17:45:00,40.8287,-73.84227,0,0,Unspecified,4431509,29.2,22.2,0.5,0.5,0.0,4.0,51,19.6,45.4,196,Drizzle: Light,0,0,
44022,2021-06-27 18:20:00,40.815693,-73.948685,0,0,Driver Inattention/Distraction,4431651,29.2,22.2,0.5,0.5,0.0,4.0,51,19.6,45.4,196,Drizzle: Light,0,0,
44023,2021-06-24 21:05:00,40.61074,-74.09583,0,0,Passing or Lane Usage Improper,4432194,23.2,13.5,0.0,0.0,0.0,0.0,3,19.7,40.0,145,Overcast,0,0,
44024,2021-06-25 23:00:00,40.669792,-73.8924,2,0,Unspecified,4432062,24.7,15.6,0.0,0.0,0.0,0.0,3,20.9,41.0,144,Overcast,2,2,
44025,2021-06-26 00:40:00,40.851658,-73.90423,0,0,View Obstructed/Limited,4432150,26.5,18.6,1.3,1.3,0.0,8.0,51,23.7,52.9,181,Drizzle: Light,0,0,
44026,2021-06-27 14:50:00,40.65121,-73.95893,1,0,Unspecified,4431394,29.2,22.2,0.5,0.5,0.0,4.0,51,19.6,45.4,196,Drizzle: Light,1,1,
44027,2021-06-27 11:45:00,40.735634,-73.87602,0,0,Unspecified,4431557,29.2,22.2,0.5,0.5,0.0,4.0,51,19.6,45.4,196,Drizzle: Light,0,0,
44028,2021-06-25 14:00:00,40.674744,-73.76368,0,0,Following Too Closely,4432480,24.7,15.6,0.0,0.0,0.0,0.0,3,20.9,41.0,144,Overcast,0,0,
44029,2021-06-27 04:00:00,40.836708,-73.868195,0,0,Unspecified,4431302,29.2,22.2,0.5,0.5,0.0,4.0,51,19.6,45.4,196,Drizzle: Light,0,0,
44030,2021-06-25 23:50:00,40.825573,-73.918465,0,0,Driver Inattention/Distraction,4432440,24.7,15.6,0.0,0.0,0.0,0.0,3,20.9,41.0,144,Overcast,0,0,
44031,2021-06-27 13:50:00,40.64952,-73.912544,1,0,Traffic Control Disregarded,4431491,29.2,22.2,0.5,0.5,0.0,4.0,51,19.6,45.4,196,Drizzle: Light,1,1,
44032,2021-06-27 00:55:00,40.66549,-73.75236,0,0,Unsafe Lane Changing,4432270,29.2,22.2,0.5,0.5,0.0,4.0,51,19.6,45.4,196,Drizzle: Light,0,0,
44033,2021-06-27 22:42:00,40.65217,-73.96141,1,0,Unspecified,4431721,29.2,22.2,0.5,0.5,0.0,4.0,51,19.6,45.4,196,Drizzle: Light,1,1,
44034,2021-06-27 14:15:00,40.695877,-73.742516,0,0,Unspecified,4431482,29.2,22.2,0.5,0.5,0.0,4.0,51,19.6,45.4,196,Drizzle: Light,0,0,
44035,2021-06-27 17:55:00,40.759914,-73.87953,1,0,Unspecified,4432315,29.2,22.2,0.5,0.5,0.0,4.0,51,19.6,45.4,196,Drizzle: Light,1,1,
44036,2021-06-21 05:50:00,40.889217,-73.866875,0,0,Unspecified,4432114,28.0,21.7,0.5,0.5,0.0,2.0,51,24.4,46.8,181,Drizzle: Light,0,0,
44037,2021-06-27 19:49:00,40.649513,-73.93984,0,0,Unspecified,4431907,29.2,22.2,0.5,0.5,0.0,4.0,51,19.6,45.4,196,Drizzle: Light,0,0,
44038,2021-06-25 13:54:00,40.568764,-74.11149,0,0,Unspecified,4432351,24.7,15.6,0.0,0.0,0.0,0.0,3,20.9,41.0,144,Overcast,0,0,
44039,2021-06-27 22:50:00,40.61799,-74.0365,0,0,Unspecified,4431579,29.2,22.2,0.5,0.5,0.0,4.0,51,19.6,45.4,196,Drizzle: Light,0,0,
44040,2021-06-27 12:00:00,40.731712,-73.70624,0,0,Unspecified,4431798,29.2,22.2,0.5,0.5,0.0,4.0,51,19.6,45.4,196,Drizzle: Light,0,0,
44041,2021-06-27 08:00:00,40.6851,-73.97777,0,0,Unspecified,4431968,29.2,22.2,0.5,0.5,0.0,4.0,51,19.6,45.4,196,Drizzle: Light,0,0,
44042,2021-06-27 21:41:00,40.679184,-73.941284,0,0,Unspecified,4431860,29.2,22.2,0.5,0.5,0.0,4.0,51,19.6,45.4,196,Drizzle: Light,0,0,
44043,2021-06-26 16:40:00,40.66841,-73.90167,3,0,Traffic Control Disregarded,4432084,26.5,18.6,1.3,1.3,0.0,8.0,51,23.7,52.9,181,Drizzle: Light,3,3,
44044,2021-06-23 00:12:00,40.841038,-73.92813,0,0,Tinted Windows,4432176,23.1,12.2,0.0,0.0,0.0,0.0,3,16.5,31.7,309,Overcast,0,0,
44045,2021-06-27 11:06:00,40.85543,-73.855354,1,0,Driver Inattention/Distraction,4431573,29.2,22.2,0.5,0.5,0.0,4.0,51,19.6,45.4,196,Drizzle: Light,1,1,
44046,2021-06-26 10:58:00,40.73009,-73.95529,0,0,Backing Unsafely,4432420,26.5,18.6,1.3,1.3,0.0,8.0,51,23.7,52.9,181,Drizzle: Light,0,0,
44047,2021-06-26 22:15:00,40.66322,-73.893654,2,0,Unsafe Speed,4432102,26.5,18.6,1.3,1.3,0.0,8.0,51,23.7,52.9,181,Drizzle: Light,2,2,
44048,2021-06-27 10:56:00,40.815845,-73.89544,0,0,Unspecified,4432370,29.2,22.2,0.5,0.5,0.0,4.0,51,19.6,45.4,196,Drizzle: Light,0,0,
44049,2021-06-27 12:00:00,40.72656,-73.83802,0,0,Tire Failure/Inadequate,4431564,29.2,22.2,0.5,0.5,0.0,4.0,51,19.6,45.4,196,Drizzle: Light,0,0,
44050,2021-06-27 00:10:00,40.62349,-74.000534,0,0,Driver Inattention/Distraction,4431242,29.2,22.2,0.5,0.5,0.0,4.0,51,19.6,45.4,196,Drizzle: Light,0,0,
44051,2021-06-26 18:21:00,40.892235,-73.88481,0,0,Following Too Closely,4432277,26.5,18.6,1.3,1.3,0.0,8.0,51,23.7,52.9,181,Drizzle: Light,0,0,
44052,2021-06-27 14:10:00,40.732517,-73.740364,0,0,Unspecified,4431457,29.2,22.2,0.5,0.5,0.0,4.0,51,19.6,45.4,196,Drizzle: Light,0,0,
44053,2021-06-27 23:50:00,40.613194,-73.92631,0,0,Unsafe Lane Changing,4431599,29.2,22.2,0.5,0.5,0.0,4.0,51,19.6,45.4,196,Drizzle: Light,0,0,
44054,2021-06-21 09:00:00,40.713707,-73.919014,0,0,Unspecified,4432250,28.0,21.7,0.5,0.5,0.0,2.0,51,24.4,46.8,181,Drizzle: Light,0,0,
44055,2021-06-26 19:16:00,40.876144,-73.828705,0,0,Unspecified,4432170,26.5,18.6,1.3,1.3,0.0,8.0,51,23.7,52.9,181,Drizzle: Light,0,0,
44056,2021-06-26 19:15:00,40.67509,-73.89187,1,0,Other Vehicular,4432066,26.5,18.6,1.3,1.3,0.0,8.0,51,23.7,52.9,181,Drizzle: Light,1,1,
44057,2021-06-17 19:45:00,40.73747,-73.86305,0,0,Driver Inattention/Distraction,4432455,23.9,12.1,0.0,0.0,0.0,0.0,3,13.4,27.4,311,Overcast,0,0,
44058,2021-06-26 17:20:00,40.752598,-73.96702,1,0,Passing or Lane Usage Improper,4432390,26.5,18.6,1.3,1.3,0.0,8.0,51,23.7,52.9,181,Drizzle: Light,1,1,
44059,2021-06-27 16:20:00,40.834152,-73.90001,0,0,Turning Improperly,4431621,29.2,22.2,0.5,0.5,0.0,4.0,51,19.6,45.4,196,Drizzle: Light,0,0,
44060,2021-06-25 14:00:00,40.626617,-74.12874,0,0,Backing Unsafely,4432297,24.7,15.6,0.0,0.0,0.0,0.0,3,20.9,41.0,144,Overcast,0,0,
44061,2021-06-27 09:15:00,40.663483,-73.9627,0,0,Unsafe Speed,4431713,29.2,22.2,0.5,0.5,0.0,4.0,51,19.6,45.4,196,Drizzle: Light,0,0,
44062,2021-06-27 04:15:00,40.657753,-73.89612,0,0,Passing Too Closely,4432071,29.2,22.2,0.5,0.5,0.0,4.0,51,19.6,45.4,196,Drizzle: Light,0,0,
44063,2021-06-27 09:22:00,40.721474,-73.98383,0,0,Driver Inattention/Distraction,4431587,29.2,22.2,0.5,0.5,0.0,4.0,51,19.6,45.4,196,Drizzle: Light,0,0,
44064,2021-06-27 00:00:00,40.734188,-73.874,0,0,Unspecified,4431548,29.2,22.2,0.5,0.5,0.0,4.0,51,19.6,45.4,196,Drizzle: Light,0,0,
44065,2021-06-24 19:45:00,40.706123,-73.92214,0,0,Passing Too Closely,4432118,23.2,13.5,0.0,0.0,0.0,0.0,3,19.7,40.0,145,Overcast,0,0,
44066,2021-06-25 08:00:00,40.702255,-73.92008,0,0,Passing or Lane Usage Improper,4432136,24.7,15.6,0.0,0.0,0.0,0.0,3,20.9,41.0,144,Overcast,0,0,
44067,2021-06-27 22:49:00,40.85406,-73.91936,3,0,Aggressive Driving/Road Rage,4431785,29.2,22.2,0.5,0.5,0.0,4.0,51,19.6,45.4,196,Drizzle: Light,3,3,
44068,2021-06-27 01:15:00,40.767815,-73.98951,0,0,Unsafe Lane Changing,4432050,29.2,22.2,0.5,0.5,0.0,4.0,51,19.6,45.4,196,Drizzle: Light,0,0,
44069,2021-06-27 01:56:00,40.843204,-73.91196,4,0,Failure to Yield Right-of-Way,4431632,29.2,22.2,0.5,0.5,0.0,4.0,51,19.6,45.4,196,Drizzle: Light,4,4,
44070,2021-06-27 11:35:00,40.703045,-73.90744,0,0,Failure to Yield Right-of-Way,4432305,29.2,22.2,0.5,0.5,0.0,4.0,51,19.6,45.4,196,Drizzle: Light,0,0,
44071,2021-06-10 16:14:00,40.705273,-73.89634,0,0,Following Too Closely,4432181,26.7,16.8,0.0,0.0,0.0,0.0,3,20.9,40.3,78,Overcast,0,0,
44072,2021-06-27 21:52:00,40.673275,-73.86853,2,0,Unspecified,4432093,29.2,22.2,0.5,0.5,0.0,4.0,51,19.6,45.4,196,Drizzle: Light,2,2,
44073,2021-06-27 05:59:00,40.73736,-73.99685,0,0,Alcohol Involvement,4432255,29.2,22.2,0.5,0.5,0.0,4.0,51,19.6,45.4,196,Drizzle: Light,0,0,
44074,2021-06-27 10:45:00,40.684277,-73.775024,0,0,Unsafe Lane Changing,4431705,29.2,22.2,0.5,0.5,0.0,4.0,51,19.6,45.4,196,Drizzle: Light,0,0,
44075,2021-06-27 21:19:00,40.73222,-74.00356,1,0,Pedestrian/Bicyclist/Other Pedestrian Error/Confusion,4432243,29.2,22.2,0.5,0.5,0.0,4.0,51,19.6,45.4,196,Drizzle: Light,1,1,
44076,2021-06-25 18:49:00,40.68081,-73.8849,5,0,Unspecified,4432098,24.7,15.6,0.0,0.0,0.0,0.0,3,20.9,41.0,144,Overcast,5,5,
44077,2021-06-27 00:30:00,40.85797,-73.87272,1,0,Unsafe Speed,4431232,29.2,22.2,0.5,0.5,0.0,4.0,51,19.6,45.4,196,Drizzle: Light,1,1,
44078,2021-06-18 13:01:00,40.86214,-73.824936,0,0,Unspecified,4432162,27.4,13.8,0.0,0.0,0.0,0.0,3,20.5,40.3,210,Overcast,0,0,
44079,2021-06-24 20:29:00,40.70324,-73.92615,0,0,Following Too Closely,4432119,23.2,13.5,0.0,0.0,0.0,0.0,3,19.7,40.0,145,Overcast,0,0,
44080,2021-06-27 00:00:00,40.65634,-73.92137,0,0,Driver Inattention/Distraction,4431571,29.2,22.2,0.5,0.5,0.0,4.0,51,19.6,45.4,196,Drizzle: Light,0,0,
44081,2021-06-20 03:30:00,40.744263,-73.876755,0,0,Following Too Closely,4431843,28.7,17.3,0.3,0.3,0.0,2.0,51,19.5,40.0,212,Drizzle: Light,0,0,
44082,2021-06-27 06:00:00,40.617275,-73.96667,0,0,Unspecified,4431435,29.2,22.2,0.5,0.5,0.0,4.0,51,19.6,45.4,196,Drizzle: Light,0,0,
44083,2021-06-27 09:10:00,40.85651,-73.897316,0,0,Alcohol Involvement,4431821,29.2,22.2,0.5,0.5,0.0,4.0,51,19.6,45.4,196,Drizzle: Light,0,0,
44084,2020-06-29 23:30:00,40.61964,-73.897316,0,0,Unsafe Speed,4432410,28.9,19.9,0.8,0.8,0.0,5.0,51,18.6,39.2,348,Drizzle: Light,0,0,
44085,2021-06-25 20:55:00,40.68836,-73.91615,1,0,Driver Inattention/Distraction,4432146,24.7,15.6,0.0,0.0,0.0,0.0,3,20.9,41.0,144,Overcast,1,1,
44086,2021-06-26 18:54:00,40.675735,-73.89686,0,0,Other Vehicular,4432067,26.5,18.6,1.3,1.3,0.0,8.0,51,23.7,52.9,181,Drizzle: Light,0,0,
44087,2021-06-27 15:45:00,40.831978,-73.93515,0,0,Driver Inattention/Distraction,4431662,29.2,22.2,0.5,0.5,0.0,4.0,51,19.6,45.4,196,Drizzle: Light,0,0,
44088,2022-09-22 19:18:00,40.755554,-73.885376,0,0,Driver Inattention/Distraction,4566416,24.9,14.3,9.1,9.1,0.0,7.0,63,24.6,44.6,273,Rain: Moderate,0,0,
44089,2021-06-27 16:22:00,40.69931,-73.75736,1,0,Driver Inattention/Distraction,4432028,29.2,22.2,0.5,0.5,0.0,4.0,51,19.6,45.4,196,Drizzle: Light,1,1,
44090,2021-06-27 15:50:00,40.76193,-73.99381,0,0,Passing or Lane Usage Improper,4431724,29.2,22.2,0.5,0.5,0.0,4.0,51,19.6,45.4,196,Drizzle: Light,0,0,
44091,2021-06-27 15:00:00,40.670044,-73.818115,4,0,Failure to Yield Right-of-Way,4431528,29.2,22.2,0.5,0.5,0.0,4.0,51,19.6,45.4,196,Drizzle: Light,4,4,
44092,2021-06-26 12:38:00,40.60409,-73.93137,0,0,Driver Inattention/Distraction,4432232,26.5,18.6,1.3,1.3,0.0,8.0,51,23.7,52.9,181,Drizzle: Light,0,0,
44093,2021-06-27 09:21:00,40.611767,-73.97638,0,0,Driver Inattention/Distraction,4431332,29.2,22.2,0.5,0.5,0.0,4.0,51,19.6,45.4,196,Drizzle: Light,0,0,
44094,2021-06-23 12:47:00,40.674244,-73.97149,0,0,Unsafe Lane Changing,4432195,23.1,12.2,0.0,0.0,0.0,0.0,3,16.5,31.7,309,Overcast,0,0,
44095,2021-06-27 12:20:00,40.82077,-73.95459,1,0,Other Vehicular,4431752,29.2,22.2,0.5,0.5,0.0,4.0,51,19.6,45.4,196,Drizzle: Light,1,1,
44096,2021-06-27 21:04:00,40.715046,-73.992386,1,0,Driver Inattention/Distraction,4431592,29.2,22.2,0.5,0.5,0.0,4.0,51,19.6,45.4,196,Drizzle: Light,1,1,
44097,2021-06-25 09:53:00,40.755737,-73.87689,0,0,Unspecified,4432302,24.7,15.6,0.0,0.0,0.0,0.0,3,20.9,41.0,144,Overcast,0,0,