,CRASH DATETIME,LATITUDE,LONGITUDE,NUMBER OF PERSONS INJURED,NUMBER OF PERSONS KILLED,CONTRIBUTING FACTOR VEHICLE 1,COLLISION_ID,temperature_2m_max,temperature_2m_min,precipitation_sum,rain_sum,snowfall_sum,precipitation_hours,weather_code,wind_speed_10m_max,wind_gusts_10m_max,wind_direction_10m_dominant,Weather Description,Severity_Score,Total_Affected_Persons,Weather_Category
44098,2022-09-22 00:10:00,40.707752,-73.94666,0,0,Following Too Closely,4566218,24.9,14.3,9.1,9.1,0.0,7.0,63,24.6,44.6,273,Rain: Moderate,0,0,
44099,2021-06-26 04:15:00,40.613335,-73.99277,0,0,Driver Inattention/Distraction,4432261,26.5,18.6,1.3,1.3,0.0,8.0,51,23.7,52.9,181,Drizzle: Light,0,0,
44100,2021-06-27 14:50:00,40.72684,-73.71354,0,0,Backing Unsafely,4431483,29.2,22.2,0.5,0.5,0.0,4.0,51,19.6,45.4,196,Drizzle: Light,0,0,
44101,2021-06-27 01:40:00,40.74409,-73.85955,1,0,Turning Improperly,4431550,29.2,22.2,0.5,0.5,0.0,4.0,51,19.6,45.4,196,Drizzle: Light,1,1,
44102,2021-06-27 05:03:00,40.65242,-73.95384,1,0,Unspecified,4431481,29.2,22.2,0.5,0.5,0.0,4.0,51,19.6,45.4,196,Drizzle: Light,1,1,
44103,2021-06-29 00:20:00,40.65422,-73.92386,3,0,Driver Inattention/Distraction,4432333,33.4,24.0,0.7,0.7,0.0,4.0,51,19.5,40.0,231,Drizzle: Light,3,3,
44104,2021-06-27 00:00:00,40.761497,-73.9745,0,0,Driver Inexperience,4432054,29.2,22.2,0.5,0.5,0.0,4.0,51,19.6,45.4,196,Drizzle: Light,0,0,
44105,2021-06-27 15:44:00,40.720608,-73.79724,0,0,Driver Inexperience,4431894,29.2,22.2,0.5,0.5,0.0,4.0,51,19.6,45.4,196,Drizzle: Light,0,0,
44106,2021-06-27 10:05:00,40.654137,-73.91234,2,0,Glare,4431908,29.2,22.2,0.5,0.5,0.0,4.0,51,19.6,45.4,196,Drizzle: Light,2,2,
44107,2021-06-27 14:00:00,40.765778,-73.88628,0,0,Unspecified,4432306,29.2,22.2,0.5,0.5,0.0,4.0,51,19.6,45.4,196,Drizzle: Light,0,0,
44108,2021-06-27 04:30:00,40.76812,-73.95887,0,0,Unspecified,4431322,29.2,22.2,0.5,0.5,0.0,4.0,51,19.6,45.4,196,Drizzle: Light,0,0,
44109,2021-06-27 15:33:00,40.682762,-73.93501,2,0,Unspecified,4432399,29.2,22.2,0.5,0.5,0.0,4.0,51,19.6,45.4,196,Drizzle: Light,2,2,
44110,2021-06-27 18:16:00,40.823242,-73.822296,2,0,Unsafe Speed,4431676,29.2,22.2,0.5,0.5,0.0,4.0,51,19.6,45.4,196,Drizzle: Light,2,2,
44111,2021-06-26 23:40:00,40.6081,-73.99939,0,0,Alcohol Involvement,4432321,26.5,18.6,1.3,1.3,0.0,8.0,51,23.7,52.9,181,Drizzle: Light,0,0,
44112,2021-06-17 11:36:00,40.81234,-73.90346,1,0,Unspecified,4432365,23.9,12.1,0.0,0.0,0.0,0.0,3,13.4,27.4,311,Overcast,1,1,
44113,2021-06-27 15:40:00,40.873642,-73.90797,0,0,Unspecified,4431422,29.2,22.2,0.5,0.5,0.0,4.0,51,19.6,45.4,196,Drizzle: Light,0,0,
44114,2021-06-27 13:14:00,40.748062,-73.89167,0,0,Unspecified,4432316,29.2,22.2,0.5,0.5,0.0,4.0,51,19.6,45.4,196,Drizzle: Light,0,0,
44115,2021-06-27 18:40:00,40.810173,-73.95117,1,0,Following Too Closely,4431769,29.2,22.2,0.5,0.5,0.0,4.0,51,19.6,45.4,196,Drizzle: Light,1,1,
44116,2021-06-27 06:15:00,40.76854,-73.89342,1,0,Driver Inattention/Distraction,4431275,29.2,22.2,0.5,0.5,0.0,4.0,51,19.6,45.4,196,Drizzle: Light,1,1,
44117,2021-06-27 05:30:00,40.62821,-73.90489,0,0,Alcohol Involvement,4431559,29.2,22.2,0.5,0.5,0.0,4.0,51,19.6,45.4,196,Drizzle: Light,0,0,
44118,2021-06-27 11:30:00,40.7265,-73.75571,0,0,Driver Inattention/Distraction,4431892,29.2,22.2,0.5,0.5,0.0,4.0,51,19.6,45.4,196,Drizzle: Light,0,0,
44119,2021-06-16 09:20:00,40.733536,-73.87035,0,0,Unspecified,4432452,23.1,15.1,0.0,0.0,0.0,0.0,1,20.2,40.0,317,Mainly clear,0,0,Sunny/Clear Conditions
44120,2021-06-27 13:15:00,40.679897,-73.74757,1,0,View Obstructed/Limited,4432271,29.2,22.2,0.5,0.5,0.0,4.0,51,19.6,45.4,196,Drizzle: Light,1,1,
44121,2021-06-27 15:48:00,40.647453,-73.958664,1,0,Driver Inattention/Distraction,4431720,29.2,22.2,0.5,0.5,0.0,4.0,51,19.6,45.4,196,Drizzle: Light,1,1,
44122,2021-06-27 05:00:00,40.64868,-73.92207,0,0,Driver Inattention/Distraction,4431464,29.2,22.2,0.5,0.5,0.0,4.0,51,19.6,45.4,196,Drizzle: Light,0,0,
44123,2021-06-25 14:51:00,40.668648,-73.92835,1,0,Driverless/Runaway Vehicle,4432132,24.7,15.6,0.0,0.0,0.0,0.0,3,20.9,41.0,144,Overcast,1,1,
44124,2021-06-27 05:15:00,40.645344,-73.87897,2,0,Driver Inattention/Distraction,4432103,29.2,22.2,0.5,0.5,0.0,4.0,51,19.6,45.4,196,Drizzle: Light,2,2,
44125,2021-06-27 17:50:00,40.616673,-73.92563,0,0,Failure to Yield Right-of-Way,4431601,29.2,22.2,0.5,0.5,0.0,4.0,51,19.6,45.4,196,Drizzle: Light,0,0,
44126,2021-06-27 22:50:00,40.821976,-73.9,0,0,Unspecified,4432372,29.2,22.2,0.5,0.5,0.0,4.0,51,19.6,45.4,196,Drizzle: Light,0,0,
44127,2021-06-27 17:10:00,40.641186,-74.014404,1,0,Unspecified,4431581,29.2,22.2,0.5,0.5,0.0,4.0,51,19.6,45.4,196,Drizzle: Light,1,1,
44128,2021-06-25 19:54:00,40.674114,-73.88975,0,0,Unspecified,4432061,24.7,15.6,0.0,0.0,0.0,0.0,3,20.9,41.0,144,Overcast,0,0,
44129,2021-06-26 19:50:00,40.660633,-73.89002,1,0,Failure to Yield Right-of-Way,4432083,26.5,18.6,1.3,1.3,0.0,8.0,51,23.7,52.9,181,Drizzle: Light,1,1,
44130,2021-06-27 03:50:00,40.839767,-73.905396,0,0,Unsafe Speed,4431622,29.2,22.2,0.5,0.5,0.0,4.0,51,19.6,45.4,196,Drizzle: Light,0,0,
44131,2021-06-19 13:00:00,40.65807,-73.960434,0,0,Other Vehicular,4432395,31.5,19.5,1.2,1.2,0.0,3.0,53,21.1,38.2,243,Drizzle: Moderate,0,0,
44132,2021-06-27 00:00:00,40.818016,-73.96043,0,0,Traffic Control Disregarded,4431458,29.2,22.2,0.5,0.5,0.0,4.0,51,19.6,45.4,196,Drizzle: Light,0,0,
44133,2021-05-21 12:17:00,40.70938,-73.86964,1,0,Unspecified,4432253,23.9,11.3,0.0,0.0,0.0,0.0,3,19.2,38.5,174,Overcast,1,1,
44134,2021-06-27 13:00:00,40.632885,-73.94771,2,0,Unspecified,4431392,29.2,22.2,0.5,0.5,0.0,4.0,51,19.6,45.4,196,Drizzle: Light,2,2,
44135,2021-06-23 08:00:00,40.6087,-73.97404,0,0,Other Vehicular,4432149,23.1,12.2,0.0,0.0,0.0,0.0,3,16.5,31.7,309,Overcast,0,0,
44136,2021-06-27 19:20:00,40.709316,-73.73441,2,0,Failure to Yield Right-of-Way,4431795,29.2,22.2,0.5,0.5,0.0,4.0,51,19.6,45.4,196,Drizzle: Light,2,2,
44137,2021-06-25 16:00:00,40.570385,-74.12969,0,0,Driver Inattention/Distraction,4432352,24.7,15.6,0.0,0.0,0.0,0.0,3,20.9,41.0,144,Overcast,0,0,
44138,2021-06-23 02:30:00,40.760452,-73.913376,0,0,Unspecified,4432479,23.1,12.2,0.0,0.0,0.0,0.0,3,16.5,31.7,309,Overcast,0,0,
44139,2021-06-27 17:11:00,40.644722,-73.88792,0,0,Passing Too Closely,4431960,29.2,22.2,0.5,0.5,0.0,4.0,51,19.6,45.4,196,Drizzle: Light,0,0,
44140,2021-06-27 03:20:00,40.650116,-73.91539,0,0,Unsafe Speed,4431496,29.2,22.2,0.5,0.5,0.0,4.0,51,19.6,45.4,196,Drizzle: Light,0,0,
44141,2021-06-27 00:00:00,40.803593,-73.919785,1,0,Alcohol Involvement,4431641,29.2,22.2,0.5,0.5,0.0,4.0,51,19.6,45.4,196,Drizzle: Light,1,1,
44142,2021-06-27 07:00:00,40.61403,-73.98488,0,0,Driver Inattention/Distraction,4431856,29.2,22.2,0.5,0.5,0.0,4.0,51,19.6,45.4,196,Drizzle: Light,0,0,
44143,2021-06-27 18:20:00,40.61118,-74.15261,0,0,Following Too Closely,4431711,29.2,22.2,0.5,0.5,0.0,4.0,51,19.6,45.4,196,Drizzle: Light,0,0,
44144,2021-06-27 13:48:00,40.798443,-73.97089,0,0,Passing Too Closely,4431362,29.2,22.2,0.5,0.5,0.0,4.0,51,19.6,45.4,196,Drizzle: Light,0,0,
44145,2021-06-27 01:37:00,40.605278,-73.98114,0,0,Driver Inattention/Distraction,4431246,29.2,22.2,0.5,0.5,0.0,4.0,51,19.6,45.4,196,Drizzle: Light,0,0,
44146,2021-06-27 15:46:00,40.62096,-73.94577,2,0,Unspecified,4431562,29.2,22.2,0.5,0.5,0.0,4.0,51,19.6,45.4,196,Drizzle: Light,2,2,
44147,2021-06-27 07:00:00,40.746227,-73.91499,0,0,Driver Inattention/Distraction,4432218,29.2,22.2,0.5,0.5,0.0,4.0,51,19.6,45.4,196,Drizzle: Light,0,0,
44148,2021-06-27 12:00:00,40.63981,-73.995514,0,0,Unspecified,4431653,29.2,22.2,0.5,0.5,0.0,4.0,51,19.6,45.4,196,Drizzle: Light,0,0,
44149,2021-06-27 13:20:00,40.778603,-73.95557,0,0,Driver Inexperience,4431507,29.2,22.2,0.5,0.5,0.0,4.0,51,19.6,45.4,196,Drizzle: Light,0,0,
44150,2021-06-26 22:45:00,40.722576,-73.94049,1,0,Driver Inexperience,4432422,26.5,18.6,1.3,1.3,0.0,8.0,51,23.7,52.9,181,Drizzle: Light,1,1,
44151,2021-06-25 19:00:00,40.89466,-73.86137,0,0,Driver Inattention/Distraction,4432113,24.7,15.6,0.0,0.0,0.0,0.0,3,20.9,41.0,144,Overcast,0,0,
44152,2021-06-26 16:00:00,40.68556,-73.90719,1,0,Following Too Closely,4432125,26.5,18.6,1.3,1.3,0.0,8.0,51,23.7,52.9,181,Drizzle: Light,1,1,
44153,2021-06-24 20:30:00,40.668232,-73.87838,1,0,Unspecified,4432065,23.2,13.5,0.0,0.0,0.0,0.0,3,19.7,40.0,145,Overcast,1,1,
44154,2021-06-25 15:20:00,40.604187,-74.12076,0,0,Driver Inattention/Distraction,4432344,24.7,15.6,0.0,0.0,0.0,0.0,3,20.9,41.0,144,Overcast,0,0,
44155,2021-06-27 19:50:00,40.861336,-73.866806,1,0,Driver Inattention/Distraction,4431575,29.2,22.2,0.5,0.5,0.0,4.0,51,19.6,45.4,196,Drizzle: Light,1,1,
44156,2021-06-27 18:10:00,40.681175,-73.87363,0,0,Unspecified,4432072,29.2,22.2,0.5,0.5,0.0,4.0,51,19.6,45.4,196,Drizzle: Light,0,0,
44157,2021-06-27 19:18:00,40.574005,-73.98969,1,0,Driver Inattention/Distraction,4432210,29.2,22.2,0.5,0.5,0.0,4.0,51,19.6,45.4,196,Drizzle: Light,1,1,
44158,2021-06-27 23:10:00,40.866047,-73.882744,0,0,Unsafe Speed,4431754,29.2,22.2,0.5,0.5,0.0,4.0,51,19.6,45.4,196,Drizzle: Light,0,0,
44159,2021-06-25 17:55:00,40.731285,-74.0103,0,0,View Obstructed/Limited,4432247,24.7,15.6,0.0,0.0,0.0,0.0,3,20.9,41.0,144,Overcast,0,0,
44160,2021-06-27 02:20:00,40.642796,-73.97945,0,0,Unspecified,4431437,29.2,22.2,0.5,0.5,0.0,4.0,51,19.6,45.4,196,Drizzle: Light,0,0,
44161,2021-06-27 20:30:00,40.672016,-73.94086,0,0,Driver Inattention/Distraction,4431845,29.2,22.2,0.5,0.5,0.0,4.0,51,19.6,45.4,196,Drizzle: Light,0,0,
44162,2021-06-10 12:55:00,40.668797,-73.93113,0,0,Driver Inattention/Distraction,4432155,26.7,16.8,0.0,0.0,0.0,0.0,3,20.9,40.3,78,Overcast,0,0,
44163,2021-06-27 23:30:00,40.718777,-73.995705,0,0,Backing Unsafely,4431728,29.2,22.2,0.5,0.5,0.0,4.0,51,19.6,45.4,196,Drizzle: Light,0,0,
44164,2021-06-27 11:10:00,40.893677,-73.84016,1,0,Driver Inattention/Distraction,4431412,29.2,22.2,0.5,0.5,0.0,4.0,51,19.6,45.4,196,Drizzle: Light,1,1,
44165,2021-06-27 17:55:00,40.714367,-73.746796,0,0,Following Too Closely,4431485,29.2,22.2,0.5,0.5,0.0,4.0,51,19.6,45.4,196,Drizzle: Light,0,0,
44166,2021-06-27 01:00:00,40.704563,-73.94867,0,0,Following Too Closely,4432008,29.2,22.2,0.5,0.5,0.0,4.0,51,19.6,45.4,196,Drizzle: Light,0,0,
44167,2022-04-06 15:00:00,40.80539,-73.91846,0,0,Unspecified,4516913,12.5,6.2,17.5,17.5,0.0,14.0,61,31.2,62.3,55,Rain: Light,0,0,
44168,2021-06-27 08:38:00,40.60968,-73.99298,1,0,Driver Inattention/Distraction,4431339,29.2,22.2,0.5,0.5,0.0,4.0,51,19.6,45.4,196,Drizzle: Light,1,1,
44169,2021-06-26 00:25:00,40.8511,-73.90468,0,0,Unsafe Speed,4432173,26.5,18.6,1.3,1.3,0.0,8.0,51,23.7,52.9,181,Drizzle: Light,0,0,
44170,2021-06-23 19:00:00,40.63237,-73.88319,1,0,Unsafe Lane Changing,4432409,23.1,12.2,0.0,0.0,0.0,0.0,3,16.5,31.7,309,Overcast,1,1,
44171,2021-06-25 07:30:00,40.736958,-74.00651,0,0,Turning Improperly,4432254,24.7,15.6,0.0,0.0,0.0,0.0,3,20.9,41.0,144,Overcast,0,0,
44172,2021-06-24 16:45:00,40.6997,-73.9055,1,0,Failure to Yield Right-of-Way,4432301,23.2,13.5,0.0,0.0,0.0,0.0,3,19.7,40.0,145,Overcast,1,1,
44173,2021-06-27 16:52:00,40.866047,-73.87207,0,0,Unspecified,4431627,29.2,22.2,0.5,0.5,0.0,4.0,51,19.6,45.4,196,Drizzle: Light,0,0,
44174,2021-06-24 16:42:00,40.692974,-73.90811,0,0,Passing Too Closely,4432117,23.2,13.5,0.0,0.0,0.0,0.0,3,19.7,40.0,145,Overcast,0,0,
44175,2021-06-24 21:35:00,40.689648,-73.9184,1,0,Driver Inattention/Distraction,4432120,23.2,13.5,0.0,0.0,0.0,0.0,3,19.7,40.0,145,Overcast,1,1,
44176,2021-06-27 04:55:00,40.85797,-73.87272,1,0,Unsafe Lane Changing,4431234,29.2,22.2,0.5,0.5,0.0,4.0,51,19.6,45.4,196,Drizzle: Light,1,1,
44177,2021-06-27 12:23:00,40.608204,-73.920715,0,0,Unspecified,4432231,29.2,22.2,0.5,0.5,0.0,4.0,51,19.6,45.4,196,Drizzle: Light,0,0,
44178,2021-06-27 07:50:00,40.828125,-73.84105,1,0,Following Too Closely,4431675,29.2,22.2,0.5,0.5,0.0,4.0,51,19.6,45.4,196,Drizzle: Light,1,1,
44179,2021-06-27 01:45:00,40.70722,-73.78957,1,0,,4432330,29.2,22.2,0.5,0.5,0.0,4.0,51,19.6,45.4,196,Drizzle: Light,1,1,
44180,2021-06-13 03:50:00,40.714622,-73.90117,2,1,Traffic Control Disregarded,4432163,23.9,15.0,0.2,0.2,0.0,2.0,51,17.7,35.6,185,Drizzle: Light,22,3,
44181,2021-06-27 13:05:00,40.81446,-73.89686,0,0,Following Too Closely,4432364,29.2,22.2,0.5,0.5,0.0,4.0,51,19.6,45.4,196,Drizzle: Light,0,0,
44182,2021-06-27 21:15:00,40.63286,-74.02425,0,0,Failure to Yield Right-of-Way,4431568,29.2,22.2,0.5,0.5,0.0,4.0,51,19.6,45.4,196,Drizzle: Light,0,0,
44183,2021-06-27 13:20:00,40.68515,-74.00032,0,0,Unspecified,4432034,29.2,22.2,0.5,0.5,0.0,4.0,51,19.6,45.4,196,Drizzle: Light,0,0,
44184,2021-06-27 20:40:00,40.72218,-73.98886,0,0,Unspecified,4431591,29.2,22.2,0.5,0.5,0.0,4.0,51,19.6,45.4,196,Drizzle: Light,0,0,
44185,2021-06-27 21:05:00,40.749714,-73.93617,0,0,Driver Inattention/Distraction,4432202,29.2,22.2,0.5,0.5,0.0,4.0,51,19.6,45.4,196,Drizzle: Light,0,0,
44186,2021-06-16 10:45:00,40.697536,-73.87106,1,0,Passing or Lane Usage Improper,4432311,23.1,15.1,0.0,0.0,0.0,0.0,1,20.2,40.0,317,Mainly clear,1,1,Sunny/Clear Conditions
44187,2021-06-27 14:32:00,40.57729,-73.949165,0,0,Unspecified,4431697,29.2,22.2,0.5,0.5,0.0,4.0,51,19.6,45.4,196,Drizzle: Light,0,0,
44188,2021-06-27 01:15:00,40.734566,-73.72269,1,0,Unspecified,4431480,29.2,22.2,0.5,0.5,0.0,4.0,51,19.6,45.4,196,Drizzle: Light,1,1,
44189,2021-06-27 06:19:00,40.80906,-73.90755,0,0,Unspecified,4431317,29.2,22.2,0.5,0.5,0.0,4.0,51,19.6,45.4,196,Drizzle: Light,0,0,
44190,2021-06-27 04:00:00,40.87626,-73.90395,2,0,Unspecified,4431823,29.2,22.2,0.5,0.5,0.0,4.0,51,19.6,45.4,196,Drizzle: Light,2,2,
44191,2021-06-27 01:20:00,40.84513,-73.93497,0,0,Driver Inexperience,4431551,29.2,22.2,0.5,0.5,0.0,4.0,51,19.6,45.4,196,Drizzle: Light,0,0,
44192,2021-06-27 15:05:00,40.632244,-73.938,0,0,Driver Inattention/Distraction,4431523,29.2,22.2,0.5,0.5,0.0,4.0,51,19.6,45.4,196,Drizzle: Light,0,0,
44193,2021-06-27 18:13:00,40.744644,-73.77041,0,0,Unspecified,4431895,29.2,22.2,0.5,0.5,0.0,4.0,51,19.6,45.4,196,Drizzle: Light,0,0,
44194,2021-06-01 12:00:00,40.74273,-73.95412,0,0,Unspecified,4432180,23.5,9.7,0.0,0.0,0.0,0.0,3,17.6,32.0,221,Overcast,0,0,
44195,2021-06-23 11:00:00,40.748848,-73.759026,0,0,Unspecified,4432396,23.1,12.2,0.0,0.0,0.0,0.0,3,16.5,31.7,309,Overcast,0,0,
44196,2021-06-27 05:15:00,40.80934,-73.91248,1,0,Alcohol Involvement,4431637,29.2,22.2,0.5,0.5,0.0,4.0,51,19.6,45.4,196,Drizzle: Light,1,1,
44197,2021-06-25 17:46:00,40.695282,-73.92576,0,0,Failure to Yield Right-of-Way,4432145,24.7,15.6,0.0,0.0,0.0,0.0,3,20.9,41.0,144,Overcast,0,0,
44198,2021-06-26 16:15:00,40.653755,-73.88599,0,0,Pavement Defective,4432099,26.5,18.6,1.3,1.3,0.0,8.0,51,23.7,52.9,181,Drizzle: Light,0,0,
44199,2021-06-15 10:14:00,40.610725,-74.08635,1,0,Traffic Control Disregarded,4432296,25.1,17.4,1.0,1.0,0.0,4.0,53,17.7,33.8,295,Drizzle: Moderate,1,1,
44200,2021-06-27 06:00:00,40.759075,-73.86985,0,0,Unspecified,4432317,29.2,22.2,0.5,0.5,0.0,4.0,51,19.6,45.4,196,Drizzle: Light,0,0,
44201,2021-06-27 23:30:00,40.89124,-73.84302,0,0,Unspecified,4431659,29.2,22.2,0.5,0.5,0.0,4.0,51,19.6,45.4,196,Drizzle: Light,0,0,
44202,2021-06-24 19:18:00,40.804066,-73.93117,0,0,Passing or Lane Usage Improper,4432357,23.2,13.5,0.0,0.0,0.0,0.0,3,19.7,40.0,145,Overcast,0,0,
44203,2021-06-27 21:30:00,40.7576,-73.87626,0,0,Driver Inattention/Distraction,4431576,29.2,22.2,0.5,0.5,0.0,4.0,51,19.6,45.4,196,Drizzle: Light,0,0,
44204,2021-06-25 10:30:00,40.73319,-73.99489,0,0,Unspecified,4432259,24.7,15.6,0.0,0.0,0.0,0.0,3,20.9,41.0,144,Overcast,0,0,
44205,2021-06-26 00:45:00,40.65591,-73.89191,1,0,Unspecified,4432080,26.5,18.6,1.3,1.3,0.0,8.0,51,23.7,52.9,181,Drizzle: Light,1,1,
44206,2021-06-27 03:15:00,40.66314,-73.88003,0,0,Driver Inattention/Distraction,4432087,29.2,22.2,0.5,0.5,0.0,4.0,51,19.6,45.4,196,Drizzle: Light,0,0,
44207,2021-06-25 22:45:00,40.663605,-73.934395,2,0,Traffic Control Disregarded,4432376,24.7,15.6,0.0,0.0,0.0,0.0,3,20.9,41.0,144,Overcast,2,2,
44208,2021-06-20 07:17:00,40.666256,-73.87696,0,0,Unspecified,4432104,28.7,17.3,0.3,0.3,0.0,2.0,51,19.5,40.0,212,Drizzle: Light,0,0,
44209,2021-06-27 10:51:00,40.743256,-74.00488,0,0,Driver Inattention/Distraction,4431618,29.2,22.2,0.5,0.5,0.0,4.0,51,19.6,45.4,196,Drizzle: Light,0,0,
44210,2022-09-23 17:15:00,40.74152,-73.904594,1,0,Driver Inattention/Distraction,4566712,16.4,10.0,0.0,0.0,0.0,0.0,0,31.1,56.9,323,Clear sky,1,1,Sunny/Clear Conditions
44211,2022-09-22 17:11:00,40.665188,-73.92128,1,0,Unspecified,4567020,24.9,14.3,9.1,9.1,0.0,7.0,63,24.6,44.6,273,Rain: Moderate,1,1,
44212,2022-09-23 03:20:00,40.777905,-73.98209,0,0,Alcohol Involvement,4566781,16.4,10.0,0.0,0.0,0.0,0.0,0,31.1,56.9,323,Clear sky,0,0,Sunny/Clear Conditions
44213,2022-09-21 22:35:00,40.629658,-74.14061,0,0,Driver Inexperience,4566251,26.5,16.0,0.0,0.0,0.0,0.0,3,19.4,36.7,252,Overcast,0,0,
44214,2022-09-13 11:50:00,0.0,0.0,0,0,Unspecified,4566649,26.0,20.5,8.3,8.3,0.0,16.0,61,19.5,33.8,219,Rain: Light,0,0,
44215,2022-09-20 18:20:00,40.89482,-73.85899,0,0,Backing Unsafely,4567129,25.7,17.7,0.0,0.0,0.0,0.0,3,19.0,35.3,296,Overcast,0,0,
44216,2022-09-20 13:45:00,40.762177,-73.96613,0,0,Driver Inattention/Distraction,4567243,25.7,17.7,0.0,0.0,0.0,0.0,3,19.0,35.3,296,Overcast,0,0,
44217,2022-09-18 03:20:00,40.820187,-73.890686,0,0,Unspecified,4566957,28.7,17.1,0.0,0.0,0.0,0.0,3,20.2,36.7,233,Overcast,0,0,
44218,2022-09-16 16:50:00,40.707943,-73.95417,0,0,Driver Inattention/Distraction,4567037,23.7,11.9,0.0,0.0,0.0,0.0,3,10.3,21.6,336,Overcast,0,0,
44219,2022-09-21 07:34:00,40.847027,-73.89807,1,0,Pedestrian/Bicyclist/Other Pedestrian Error/Confusion,4566528,26.5,16.0,0.0,0.0,0.0,0.0,3,19.4,36.7,252,Overcast,1,1,
44220,2022-09-23 08:59:00,40.842617,-73.87818,1,0,Failure to Yield Right-of-Way,4567307,16.4,10.0,0.0,0.0,0.0,0.0,0,31.1,56.9,323,Clear sky,1,1,Sunny/Clear Conditions
44221,2022-09-14 07:54:00,40.89193,-73.848076,0,0,View Obstructed/Limited,4567143,26.4,15.8,0.0,0.0,0.0,0.0,2,20.1,37.1,283,Partly cloudy,0,0,
44222,2022-09-22 15:33:00,0.0,0.0,0,0,Unspecified,4566705,24.9,14.3,9.1,9.1,0.0,7.0,63,24.6,44.6,273,Rain: Moderate,0,0,
44223,2022-09-21 17:40:00,40.721603,-73.93807,0,0,Driver Inattention/Distraction,4567324,26.5,16.0,0.0,0.0,0.0,0.0,3,19.4,36.7,252,Overcast,0,0,
44224,2022-09-22 14:15:00,40.660362,-73.77553,0,0,Following Too Closely,4566446,24.9,14.3,9.1,9.1,0.0,7.0,63,24.6,44.6,273,Rain: Moderate,0,0,
44225,2022-09-22 14:15:00,40.697407,-73.93601,0,0,Driver Inattention/Distraction,4566919,24.9,14.3,9.1,9.1,0.0,7.0,63,24.6,44.6,273,Rain: Moderate,0,0,
44226,2022-09-21 18:03:00,40.805153,-73.95112,2,0,Driver Inattention/Distraction,4566644,26.5,16.0,0.0,0.0,0.0,0.0,3,19.4,36.7,252,Overcast,2,2,
44227,2022-09-09 17:24:00,40.8205,-73.891075,2,0,Unsafe Speed,4566556,26.3,16.3,0.0,0.0,0.0,0.0,0,11.8,23.8,63,Clear sky,2,2,Sunny/Clear Conditions
44228,2022-09-22 02:26:00,40.71123,-73.85575,0,0,Driver Inattention/Distraction,4566259,24.9,14.3,9.1,9.1,0.0,7.0,63,24.6,44.6,273,Rain: Moderate,0,0,
44229,2022-09-15 09:00:00,40.671585,-73.99843,0,0,Oversized Vehicle,4566838,21.9,15.6,0.0,0.0,0.0,0.0,1,18.2,37.1,328,Mainly clear,0,0,Sunny/Clear Conditions
44230,2022-09-22 22:35:00,40.706123,-73.92214,0,0,Unspecified,4566549,24.9,14.3,9.1,9.1,0.0,7.0,63,24.6,44.6,273,Rain: Moderate,0,0,
44231,2022-09-21 03:47:00,40.594025,-73.93872,1,0,Driver Inattention/Distraction,4565922,26.5,16.0,0.0,0.0,0.0,0.0,3,19.4,36.7,252,Overcast,1,1,
44232,2022-09-04 17:30:00,40.85779,-73.88264,1,0,Passing Too Closely,4566517,29.8,20.4,1.2,1.2,0.0,8.0,51,11.9,27.4,213,Drizzle: Light,1,1,
44233,2022-09-22 09:50:00,40.716923,-73.94184,0,0,Driver Inattention/Distraction,4567284,24.9,14.3,9.1,9.1,0.0,7.0,63,24.6,44.6,273,Rain: Moderate,0,0,
44234,2022-09-21 18:35:00,40.75079,-73.97397,0,0,Driver Inattention/Distraction,4566760,26.5,16.0,0.0,0.0,0.0,0.0,3,19.4,36.7,252,Overcast,0,0,
44235,2022-09-22 20:57:00,40.710175,-74.001144,0,0,Unspecified,4566688,24.9,14.3,9.1,9.1,0.0,7.0,63,24.6,44.6,273,Rain: Moderate,0,0,
44236,2022-09-16 08:13:00,40.68039,-73.94956,1,0,Traffic Control Disregarded,4566681,23.7,11.9,0.0,0.0,0.0,0.0,3,10.3,21.6,336,Overcast,1,1,
44237,2022-09-22 23:15:00,40.665733,-73.755585,0,0,Unsafe Lane Changing,4566469,24.9,14.3,9.1,9.1,0.0,7.0,63,24.6,44.6,273,Rain: Moderate,0,0,
44238,2022-09-21 09:20:00,40.675106,-73.80979,2,0,Failure to Yield Right-of-Way,4566168,26.5,16.0,0.0,0.0,0.0,0.0,3,19.4,36.7,252,Overcast,2,2,
44239,2022-08-30 10:54:00,40.820187,-73.890686,1,0,Steering Failure,4566974,30.1,21.5,2.7,2.7,0.0,2.0,61,28.0,52.6,188,Rain: Light,1,1,
44240,2022-09-21 10:06:00,40.801815,-73.93929,1,0,Driver Inattention/Distraction,4566338,26.5,16.0,0.0,0.0,0.0,0.0,3,19.4,36.7,252,Overcast,1,1,
44241,2022-09-21 09:22:00,40.872494,-73.88147,1,0,Failure to Yield Right-of-Way,4566059,26.5,16.0,0.0,0.0,0.0,0.0,3,19.4,36.7,252,Overcast,1,1,
44242,2022-09-13 16:30:00,40.818447,-73.96001,0,0,Driver Inattention/Distraction,4566981,26.0,20.5,8.3,8.3,0.0,16.0,61,19.5,33.8,219,Rain: Light,0,0,