,CRASH DATETIME,LATITUDE,LONGITUDE,NUMBER OF PERSONS INJURED,NUMBER OF PERSONS KILLED,CONTRIBUTING FACTOR VEHICLE 1,COLLISION_ID,temperature_2m_max,temperature_2m_min,precipitation_sum,rain_sum,snowfall_sum,precipitation_hours,weather_code,wind_speed_10m_max,wind_gusts_10m_max,wind_direction_10m_dominant,Weather Description,Severity_Score,Total_Affected_Persons,Weather_Category
44243,2022-09-23 07:55:00,40.787857,-73.96745,2,0,Pedestrian/Bicyclist/Other Pedestrian Error/Confusion,4566723,16.4,10.0,0.0,0.0,0.0,0.0,0,31.1,56.9,323,Clear sky,2,2,Sunny/Clear Conditions
44244,2022-09-17 13:14:00,40.901634,-73.85067,1,0,Driver Inattention/Distraction,4567077,22.9,16.8,0.0,0.0,0.0,0.0,3,16.9,32.0,115,Overcast,1,1,
44245,2022-09-23 17:15:00,40.608482,-73.9589,0,0,Unspecified,4566743,16.4,10.0,0.0,0.0,0.0,0.0,0,31.1,56.9,323,Clear sky,0,0,Sunny/Clear Conditions
44246,2022-09-17 17:55:00,40.61756,-73.91493,1,0,Other Vehicular,4567005,22.9,16.8,0.0,0.0,0.0,0.0,3,16.9,32.0,115,Overcast,1,1,
44247,2022-09-23 09:15:00,40.833977,-73.8539,0,0,Driver Inattention/Distraction,4566676,16.4,10.0,0.0,0.0,0.0,0.0,0,31.1,56.9,323,Clear sky,0,0,Sunny/Clear Conditions
44248,2022-09-23 14:15:00,40.702457,-73.98764,0,0,Turning Improperly,4566898,16.4,10.0,0.0,0.0,0.0,0.0,0,31.1,56.9,323,Clear sky,0,0,Sunny/Clear Conditions
44249,2022-09-22 07:16:00,40.72649,-73.8107,0,0,Driver Inattention/Distraction,4566327,24.9,14.3,9.1,9.1,0.0,7.0,63,24.6,44.6,273,Rain: Moderate,0,0,
44250,2022-09-19 08:10:00,40.572502,-74.11358,0,0,Driver Inattention/Distraction,4566793,30.1,19.0,4.9,4.9,0.0,3.0,63,22.4,44.3,241,Rain: Moderate,0,0,
44251,2022-09-21 17:20:00,40.67297,-73.96745,5,0,Unspecified,4567166,26.5,16.0,0.0,0.0,0.0,0.0,3,19.4,36.7,252,Overcast,5,5,
44252,2022-09-23 10:00:00,40.60143,-73.91334,0,0,Passing or Lane Usage Improper,4567010,16.4,10.0,0.0,0.0,0.0,0.0,0,31.1,56.9,323,Clear sky,0,0,Sunny/Clear Conditions
44253,2022-09-23 14:06:00,40.67247,-73.79987,7,0,Failure to Yield Right-of-Way,4566986,16.4,10.0,0.0,0.0,0.0,0.0,0,31.1,56.9,323,Clear sky,7,7,Sunny/Clear Conditions
44254,2022-09-22 06:18:00,40.657665,-74.00093,1,0,Unsafe Speed,4566813,24.9,14.3,9.1,9.1,0.0,7.0,63,24.6,44.6,273,Rain: Moderate,1,1,
44255,2022-09-20 00:45:00,40.72419,-73.98187,0,0,Unspecified,4566624,25.7,17.7,0.0,0.0,0.0,0.0,3,19.0,35.3,296,Overcast,0,0,
44256,2022-09-22 16:00:00,40.666878,-73.89847,0,0,Driver Inattention/Distraction,4566499,24.9,14.3,9.1,9.1,0.0,7.0,63,24.6,44.6,273,Rain: Moderate,0,0,
44257,2022-09-10 17:36:00,40.82526,-73.8872,0,0,Failure to Yield Right-of-Way,4566969,27.4,15.3,0.0,0.0,0.0,0.0,3,12.6,24.8,209,Overcast,0,0,
44258,2022-09-21 16:57:00,40.69089,-73.99674,0,0,Passing Too Closely,4566429,26.5,16.0,0.0,0.0,0.0,0.0,3,19.4,36.7,252,Overcast,0,0,
44259,2022-09-21 03:30:00,40.712223,-73.98031,0,0,Following Too Closely,4566740,26.5,16.0,0.0,0.0,0.0,0.0,3,19.4,36.7,252,Overcast,0,0,
44260,2022-09-21 16:21:00,40.861115,-73.85491,1,0,Driver Inattention/Distraction,4566228,26.5,16.0,0.0,0.0,0.0,0.0,3,19.4,36.7,252,Overcast,1,1,
44261,2022-09-19 23:10:00,40.759884,-73.9368,0,0,Failure to Yield Right-of-Way,4567209,30.1,19.0,4.9,4.9,0.0,3.0,63,22.4,44.3,241,Rain: Moderate,0,0,
44262,2022-09-20 02:45:00,40.854977,-73.92779,0,0,Driver Inattention/Distraction,4567109,25.7,17.7,0.0,0.0,0.0,0.0,3,19.0,35.3,296,Overcast,0,0,
44263,2022-09-22 13:15:00,40.822533,-73.88509,0,0,Following Too Closely,4566933,24.9,14.3,9.1,9.1,0.0,7.0,63,24.6,44.6,273,Rain: Moderate,0,0,
44264,2022-09-19 09:20:00,40.843002,-73.90359,1,0,Driver Inattention/Distraction,4566774,30.1,19.0,4.9,4.9,0.0,3.0,63,22.4,44.3,241,Rain: Moderate,1,1,
44265,2022-09-17 06:50:00,40.634163,-74.00736,0,0,Unspecified,4566592,22.9,16.8,0.0,0.0,0.0,0.0,3,16.9,32.0,115,Overcast,0,0,
44266,2022-09-22 04:10:00,40.762745,-73.83329,1,0,Passing or Lane Usage Improper,4566240,24.9,14.3,9.1,9.1,0.0,7.0,63,24.6,44.6,273,Rain: Moderate,1,1,
44267,2022-09-21 14:35:00,40.636284,-73.97137,0,0,Unspecified,4566605,26.5,16.0,0.0,0.0,0.0,0.0,3,19.4,36.7,252,Overcast,0,0,
44268,2022-09-23 11:55:00,40.804226,-73.91301,0,0,Following Too Closely,4567114,16.4,10.0,0.0,0.0,0.0,0.0,0,31.1,56.9,323,Clear sky,0,0,Sunny/Clear Conditions
44269,2022-09-23 15:50:00,40.789433,-73.94759,0,0,Backing Unsafely,4566821,16.4,10.0,0.0,0.0,0.0,0.0,0,31.1,56.9,323,Clear sky,0,0,Sunny/Clear Conditions
44270,2022-09-23 05:18:00,40.635056,-73.90901,0,0,Unspecified,4566708,16.4,10.0,0.0,0.0,0.0,0.0,0,31.1,56.9,323,Clear sky,0,0,Sunny/Clear Conditions
44271,2022-09-23 10:00:00,40.675518,-73.81088,0,0,Passing or Lane Usage Improper,4567236,16.4,10.0,0.0,0.0,0.0,0.0,0,31.1,56.9,323,Clear sky,0,0,Sunny/Clear Conditions
44272,2022-09-23 18:45:00,40.86804,-73.879105,0,0,Driver Inattention/Distraction,4567256,16.4,10.0,0.0,0.0,0.0,0.0,0,31.1,56.9,323,Clear sky,0,0,Sunny/Clear Conditions
44273,2022-09-22 07:36:00,40.664734,-73.88654,0,0,Unspecified,4566283,24.9,14.3,9.1,9.1,0.0,7.0,63,24.6,44.6,273,Rain: Moderate,0,0,
44274,2022-06-23 07:30:00,40.67944,-73.93241,0,0,Driver Inattention/Distraction,4567139,22.6,15.7,0.8,0.8,0.0,6.0,51,15.6,31.3,127,Drizzle: Light,0,0,
44275,2022-09-21 17:00:00,40.734337,-73.91025,1,0,Driver Inattention/Distraction,4566093,26.5,16.0,0.0,0.0,0.0,0.0,3,19.4,36.7,252,Overcast,1,1,
44276,2022-09-15 06:04:00,40.649918,-74.01226,0,0,Unspecified,4566787,21.9,15.6,0.0,0.0,0.0,0.0,1,18.2,37.1,328,Mainly clear,0,0,Sunny/Clear Conditions
44277,2021-09-30 23:37:00,40.6500815,-73.9610074,2,0,Unspecified,4463414,18.8,13.1,0.0,0.0,0.0,0.0,3,18.1,37.4,330,Overcast,2,2,
44278,2021-10-14 00:00:00,40.8361011,-73.8703842,0,0,Driver Inattention/Distraction,4469082,25.0,15.4,0.0,0.0,0.0,0.0,3,15.4,29.9,328,Overcast,0,0,
44279,2021-10-16 11:30:00,40.8792169,-73.8852769,1,0,Driver Inattention/Distraction,4469342,24.3,15.0,17.5,17.5,0.0,9.0,63,25.7,46.4,195,Rain: Moderate,1,1,
44280,2021-10-18 13:35:00,40.702895,-73.9442166,1,0,Passing or Lane Usage Improper,4468589,15.8,9.2,0.0,0.0,0.0,0.0,2,32.4,58.3,296,Partly cloudy,1,1,
44281,2021-10-17 19:00:00,40.7632944,-73.9189771,0,0,Unspecified,4469038,17.3,11.1,0.2,0.2,0.0,2.0,51,23.9,43.9,293,Drizzle: Light,0,0,
44282,2021-09-29 22:40:00,40.6746537,-73.9091555,1,0,Driver Inattention/Distraction,4462348,19.9,11.3,0.0,0.0,0.0,0.0,3,20.6,41.8,331,Overcast,1,1,
44283,2021-10-18 11:32:00,40.691922,-73.9789481,0,0,Failure to Yield Right-of-Way,4468655,15.8,9.2,0.0,0.0,0.0,0.0,2,32.4,58.3,296,Partly cloudy,0,0,
44284,2021-10-18 20:51:00,40.7654658,-73.7430328,1,0,Unspecified,4468544,15.8,9.2,0.0,0.0,0.0,0.0,2,32.4,58.3,296,Partly cloudy,1,1,
44285,2022-09-21 18:00:00,40.754707,-73.99164,0,0,Pedestrian/Bicyclist/Other Pedestrian Error/Confusion,4567061,26.5,16.0,0.0,0.0,0.0,0.0,3,19.4,36.7,252,Overcast,0,0,
44286,2022-09-23 16:00:00,40.745518,-73.888176,0,0,Driver Inattention/Distraction,4566830,16.4,10.0,0.0,0.0,0.0,0.0,0,31.1,56.9,323,Clear sky,0,0,Sunny/Clear Conditions
44287,2022-09-19 07:46:00,40.818844,-73.84941,0,0,Driver Inattention/Distraction,4566876,30.1,19.0,4.9,4.9,0.0,3.0,63,22.4,44.3,241,Rain: Moderate,0,0,
44288,2022-09-20 06:00:00,40.71406,-73.95292,0,0,Driver Inattention/Distraction,4567290,25.7,17.7,0.0,0.0,0.0,0.0,3,19.0,35.3,296,Overcast,0,0,
44289,2022-09-22 02:46:00,40.668606,-73.91341,0,0,Unspecified,4567026,24.9,14.3,9.1,9.1,0.0,7.0,63,24.6,44.6,273,Rain: Moderate,0,0,
44290,2022-09-21 12:00:00,40.66607,-73.76175,0,0,Passing or Lane Usage Improper,4566139,26.5,16.0,0.0,0.0,0.0,0.0,3,19.4,36.7,252,Overcast,0,0,
44291,2022-09-12 18:12:00,40.81507,-73.88854,0,0,Driver Inattention/Distraction,4566961,28.0,20.2,8.9,8.9,0.0,7.0,63,14.9,26.6,230,Rain: Moderate,0,0,
44292,2022-09-16 11:00:00,40.71787,-73.997116,0,0,Driver Inattention/Distraction,4566545,23.7,11.9,0.0,0.0,0.0,0.0,3,10.3,21.6,336,Overcast,0,0,
44293,2022-09-21 07:50:00,40.831146,-73.85384,0,0,Reaction to Uninvolved Vehicle,4566001,26.5,16.0,0.0,0.0,0.0,0.0,3,19.4,36.7,252,Overcast,0,0,
44294,2022-09-23 15:15:00,40.827877,-73.93824,1,0,Pedestrian/Bicyclist/Other Pedestrian Error/Confusion,4567311,16.4,10.0,0.0,0.0,0.0,0.0,0,31.1,56.9,323,Clear sky,1,1,Sunny/Clear Conditions
44295,2022-09-15 13:00:00,40.609123,-73.9503,1,0,Unspecified,4567049,21.9,15.6,0.0,0.0,0.0,0.0,1,18.2,37.1,328,Mainly clear,1,1,Sunny/Clear Conditions
44296,2022-09-22 07:54:00,40.904503,-73.896416,1,0,Driver Inattention/Distraction,4566293,24.9,14.3,9.1,9.1,0.0,7.0,63,24.6,44.6,273,Rain: Moderate,1,1,
44297,2022-09-23 14:59:00,40.58369,-73.92157,1,0,Unspecified,4567051,16.4,10.0,0.0,0.0,0.0,0.0,0,31.1,56.9,323,Clear sky,1,1,Sunny/Clear Conditions
44298,2022-09-16 07:44:00,40.681137,-73.95567,1,0,Unspecified,4566664,23.7,11.9,0.0,0.0,0.0,0.0,3,10.3,21.6,336,Overcast,1,1,
44299,2022-09-21 11:40:00,40.74906,-73.870384,2,0,Following Too Closely,4566191,26.5,16.0,0.0,0.0,0.0,0.0,3,19.4,36.7,252,Overcast,2,2,
44300,2022-09-13 10:30:00,0.0,0.0,1,0,Unspecified,4566577,26.0,20.5,8.3,8.3,0.0,16.0,61,19.5,33.8,219,Rain: Light,1,1,
44301,2022-09-17 16:29:00,40.86357,-73.92602,0,0,Driver Inattention/Distraction,4567099,22.9,16.8,0.0,0.0,0.0,0.0,3,16.9,32.0,115,Overcast,0,0,
44302,2022-09-13 17:50:00,40.592667,-73.78353,2,0,Failure to Yield Right-of-Way,4566659,26.0,20.5,8.3,8.3,0.0,16.0,61,19.5,33.8,219,Rain: Light,2,2,
44303,2023-01-09 18:45:00,40.87892,-73.90479,0,0,Unspecified,4598535,6.9,0.6,1.7,0.9,0.56,5.0,73,17.2,32.0,282,Snow fall: Moderate,0,0,Snowy Conditions
44304,2022-08-28 04:22:00,40.8104,-73.805016,0,0,Unspecified,4566560,27.5,21.7,0.8,0.8,0.0,5.0,51,17.4,33.5,109,Drizzle: Light,0,0,
44305,2022-09-21 12:00:00,40.88129,-73.90943,1,0,Unspecified,4566121,26.5,16.0,0.0,0.0,0.0,0.0,3,19.4,36.7,252,Overcast,1,1,
44306,2022-09-21 15:11:00,40.634617,-74.02353,0,0,Pedestrian/Bicyclist/Other Pedestrian Error/Confusion,4566147,26.5,16.0,0.0,0.0,0.0,0.0,3,19.4,36.7,252,Overcast,0,0,
44307,2022-09-22 12:00:00,40.574158,-74.11669,1,0,Unspecified,4566417,24.9,14.3,9.1,9.1,0.0,7.0,63,24.6,44.6,273,Rain: Moderate,1,1,
44308,2022-09-20 18:16:00,40.62861,-73.91578,0,0,Outside Car Distraction,4566999,25.7,17.7,0.0,0.0,0.0,0.0,3,19.0,35.3,296,Overcast,0,0,
44309,2022-09-21 02:10:00,40.57477,-73.97965,0,0,Driver Inattention/Distraction,4566358,26.5,16.0,0.0,0.0,0.0,0.0,3,19.4,36.7,252,Overcast,0,0,
44310,2022-08-18 21:45:00,40.87885,-73.85573,1,0,Traffic Control Disregarded,4567156,30.7,17.3,0.0,0.0,0.0,0.0,3,17.5,35.3,292,Overcast,1,1,
44311,2022-09-21 12:28:00,40.722916,-73.73151,0,0,Traffic Control Disregarded,4566376,26.5,16.0,0.0,0.0,0.0,0.0,3,19.4,36.7,252,Overcast,0,0,
44312,2022-09-13 10:21:00,40.61255,-73.96287,1,0,Unspecified,4566581,26.0,20.5,8.3,8.3,0.0,16.0,61,19.5,33.8,219,Rain: Light,1,1,
44313,2022-09-23 17:20:00,40.68815,-73.84884,2,0,Failure to Yield Right-of-Way,4566691,16.4,10.0,0.0,0.0,0.0,0.0,0,31.1,56.9,323,Clear sky,2,2,Sunny/Clear Conditions
44314,2022-09-21 08:45:00,40.72789,-73.86117,0,0,Failure to Yield Right-of-Way,4565978,26.5,16.0,0.0,0.0,0.0,0.0,3,19.4,36.7,252,Overcast,0,0,
44315,2022-09-09 07:45:00,40.601738,-73.90031,1,0,Driver Inattention/Distraction,4566888,26.3,16.3,0.0,0.0,0.0,0.0,0,11.8,23.8,63,Clear sky,1,1,Sunny/Clear Conditions
44316,2022-09-16 22:10:00,40.73329,-73.98994,0,0,Driver Inattention/Distraction,4566620,23.7,11.9,0.0,0.0,0.0,0.0,3,10.3,21.6,336,Overcast,0,0,
44317,2022-09-23 16:45:00,40.74184,-73.88101,0,0,Passing Too Closely,4567072,16.4,10.0,0.0,0.0,0.0,0.0,0,31.1,56.9,323,Clear sky,0,0,Sunny/Clear Conditions
44318,2022-09-21 02:10:00,40.75148,-73.93567,0,0,Backing Unsafely,4566756,26.5,16.0,0.0,0.0,0.0,0.0,3,19.4,36.7,252,Overcast,0,0,
44319,2022-09-23 12:29:00,40.86315,-73.90907,0,0,Unsafe Lane Changing,4567262,16.4,10.0,0.0,0.0,0.0,0.0,0,31.1,56.9,323,Clear sky,0,0,Sunny/Clear Conditions
44320,2022-09-23 17:29:00,40.739674,-73.934586,1,0,Unspecified,4566713,16.4,10.0,0.0,0.0,0.0,0.0,0,31.1,56.9,323,Clear sky,1,1,Sunny/Clear Conditions
44321,2022-09-21 03:58:00,40.69285,-73.90355,1,0,Illnes,4566245,26.5,16.0,0.0,0.0,0.0,0.0,3,19.4,36.7,252,Overcast,1,1,
44322,2022-09-15 20:38:00,40.62986,-73.97904,1,0,Unspecified,4566588,21.9,15.6,0.0,0.0,0.0,0.0,1,18.2,37.1,328,Mainly clear,1,1,Sunny/Clear Conditions
44323,2022-09-14 20:30:00,40.760067,-73.969215,0,0,Driver Inattention/Distraction,4566720,26.4,15.8,0.0,0.0,0.0,0.0,2,20.1,37.1,283,Partly cloudy,0,0,
44324,2022-09-23 19:02:00,40.601303,-74.13244,1,0,Driver Inattention/Distraction,4566871,16.4,10.0,0.0,0.0,0.0,0.0,0,31.1,56.9,323,Clear sky,1,1,Sunny/Clear Conditions
44325,2022-09-09 15:18:00,40.771328,-73.90391,1,0,Traffic Control Disregarded,4567205,26.3,16.3,0.0,0.0,0.0,0.0,0,11.8,23.8,63,Clear sky,1,1,Sunny/Clear Conditions
44326,2022-07-23 08:00:00,40.723984,-73.97581,0,0,Unspecified,4566609,35.2,23.1,0.0,0.0,0.0,0.0,3,23.7,47.2,206,Overcast,0,0,
44327,2022-09-12 18:00:00,40.815754,-73.89529,0,0,Aggressive Driving/Road Rage,4566964,28.0,20.2,8.9,8.9,0.0,7.0,63,14.9,26.6,230,Rain: Moderate,0,0,
44328,2022-09-19 13:02:00,40.64759,-74.01142,0,0,Other Vehicular,4566807,30.1,19.0,4.9,4.9,0.0,3.0,63,22.4,44.3,241,Rain: Moderate,0,0,
44329,2022-09-21 11:27:00,40.768402,-73.808556,1,0,Failure to Yield Right-of-Way,4566052,26.5,16.0,0.0,0.0,0.0,0.0,3,19.4,36.7,252,Overcast,1,1,
44330,2022-08-30 12:00:00,40.68464,-73.93168,0,0,Unspecified,4567104,30.1,21.5,2.7,2.7,0.0,2.0,61,28.0,52.6,188,Rain: Light,0,0,
44331,2022-08-14 13:00:00,40.647068,-73.993935,0,0,Unspecified,4566586,27.8,16.7,0.0,0.0,0.0,0.0,3,24.4,45.0,183,Overcast,0,0,
44332,2022-09-20 11:10:00,40.515125,-74.24635,1,0,Lost Consciousness,4567046,25.7,17.7,0.0,0.0,0.0,0.0,3,19.0,35.3,296,Overcast,1,1,
44333,2022-08-23 14:54:00,40.821667,-73.89771,0,0,Unspecified,4566978,29.2,21.0,7.1,7.1,0.0,6.0,63,14.6,29.2,237,Rain: Moderate,0,0,
44334,2022-09-23 11:46:00,40.659325,-73.92924,0,0,Unspecified,4566927,16.4,10.0,0.0,0.0,0.0,0.0,0,31.1,56.9,323,Clear sky,0,0,Sunny/Clear Conditions
44335,2022-09-21 13:00:00,40.67239,-73.87463,0,0,Driver Inattention/Distraction,4566306,26.5,16.0,0.0,0.0,0.0,0.0,3,19.4,36.7,252,Overcast,0,0,
44336,2022-09-20 16:15:00,40.644432,-73.9296,0,0,Driver Inattention/Distraction,4566910,25.7,17.7,0.0,0.0,0.0,0.0,3,19.0,35.3,296,Overcast,0,0,
44337,2022-09-21 15:33:00,40.814102,-73.940865,1,0,Driver Inattention/Distraction,4567302,26.5,16.0,0.0,0.0,0.0,0.0,3,19.4,36.7,252,Overcast,1,1,
44338,2022-09-21 07:00:00,40.662174,-73.953705,5,0,Driver Inattention/Distraction,4565943,26.5,16.0,0.0,0.0,0.0,0.0,3,19.4,36.7,252,Overcast,5,5,
44339,2022-09-23 20:30:00,40.699688,-73.73575,0,0,Passing or Lane Usage Improper,4567086,16.4,10.0,0.0,0.0,0.0,0.0,0,31.1,56.9,323,Clear sky,0,0,Sunny/Clear Conditions
44340,2022-09-21 15:30:00,40.7473,-73.828995,1,0,Unspecified,4566154,26.5,16.0,0.0,0.0,0.0,0.0,3,19.4,36.7,252,Overcast,1,1,
44341,2022-09-21 18:30:00,40.747627,-73.976746,0,0,Passing Too Closely,4566354,26.5,16.0,0.0,0.0,0.0,0.0,3,19.4,36.7,252,Overcast,0,0,
44342,2022-09-20 10:00:00,40.84152,-73.84335,0,0,Unspecified,4566636,25.7,17.7,0.0,0.0,0.0,0.0,3,19.0,35.3,296,Overcast,0,0,
44343,2022-05-02 13:24:00,0.0,0.0,2,0,Unspecified,4566564,14.2,9.7,2.9,2.9,0.0,9.0,61,16.2,30.6,62,Rain: Light,2,2,
44344,2022-09-23 15:05:00,40.667576,-73.72951,1,0,Unspecified,4566696,16.4,10.0,0.0,0.0,0.0,0.0,0,31.1,56.9,323,Clear sky,1,1,Sunny/Clear Conditions
44345,2022-09-23 08:50:00,40.696033,-73.984535,1,0,Passing or Lane Usage Improper,4566856,16.4,10.0,0.0,0.0,0.0,0.0,0,31.1,56.9,323,Clear sky,1,1,Sunny/Clear Conditions
44346,2022-09-09 22:00:00,40.707355,-74.00119,0,0,Unspecified,4566905,26.3,16.3,0.0,0.0,0.0,0.0,0,11.8,23.8,63,Clear sky,0,0,Sunny/Clear Conditions
44347,2022-09-18 02:45:00,40.65081,-73.9493,1,0,Unspecified,4566925,28.7,17.1,0.0,0.0,0.0,0.0,3,20.2,36.7,233,Overcast,1,1,
44348,2022-09-21 09:52:00,40.858707,-73.9037,1,0,Failure to Yield Right-of-Way,4566278,26.5,16.0,0.0,0.0,0.0,0.0,3,19.4,36.7,252,Overcast,1,1,
44349,2022-09-23 14:00:00,40.77314,-73.795,1,0,Following Too Closely,4566751,16.4,10.0,0.0,0.0,0.0,0.0,0,31.1,56.9,323,Clear sky,1,1,Sunny/Clear Conditions
44350,2022-09-21 06:30:00,40.67221,-73.92802,0,0,Driver Inattention/Distraction,4566070,26.5,16.0,0.0,0.0,0.0,0.0,3,19.4,36.7,252,Overcast,0,0,
44351,2022-09-19 20:00:00,40.721516,-73.94221,0,0,Driver Inattention/Distraction,4567316,30.1,19.0,4.9,4.9,0.0,3.0,63,22.4,44.3,241,Rain: Moderate,0,0,
44352,2022-09-01 13:45:00,40.82032,-73.93804,1,0,Unspecified,4567295,29.3,19.5,0.0,0.0,0.0,0.0,1,18.0,35.6,295,Mainly clear,1,1,Sunny/Clear Conditions
44353,2022-09-23 16:40:00,0.0,0.0,1,0,Unspecified,4567272,16.4,10.0,0.0,0.0,0.0,0.0,0,31.1,56.9,323,Clear sky,1,1,Sunny/Clear Conditions
44354,2022-09-22 15:22:00,40.611584,-73.94787,2,0,Failure to Yield Right-of-Way,4566491,24.9,14.3,9.1,9.1,0.0,7.0,63,24.6,44.6,273,Rain: Moderate,2,2,
44355,2022-09-22 08:30:00,40.758007,-73.96625,0,0,Turning Improperly,4566715,24.9,14.3,9.1,9.1,0.0,7.0,63,24.6,44.6,273,Rain: Moderate,0,0,
44356,2022-09-21 20:28:00,40.77981,-73.95035,1,0,Unspecified,4566457,26.5,16.0,0.0,0.0,0.0,0.0,3,19.4,36.7,252,Overcast,1,1,
44357,2022-09-17 11:58:00,40.725243,-74.01006,1,0,Aggressive Driving/Road Rage,4566948,22.9,16.8,0.0,0.0,0.0,0.0,3,16.9,32.0,115,Overcast,1,1,
44358,2022-09-16 12:15:00,40.69613,-73.987114,0,0,Failure to Yield Right-of-Way,4566700,23.7,11.9,0.0,0.0,0.0,0.0,3,10.3,21.6,336,Overcast,0,0,
44359,2022-09-21 22:25:00,40.881073,-73.878494,0,0,Following Too Closely,4566195,26.5,16.0,0.0,0.0,0.0,0.0,3,19.4,36.7,252,Overcast,0,0,
44360,2022-09-20 10:20:00,40.785805,-73.97268,0,0,Other Vehicular,4566613,25.7,17.7,0.0,0.0,0.0,0.0,3,19.0,35.3,296,Overcast,0,0,
44361,2022-09-23 00:38:00,40.62332,-74.16754,0,0,Unspecified,4566826,16.4,10.0,0.0,0.0,0.0,0.0,0,31.1,56.9,323,Clear sky,0,0,Sunny/Clear Conditions
44362,2022-09-19 03:25:00,40.58271,-74.10062,0,0,Driver Inattention/Distraction,4566802,30.1,19.0,4.9,4.9,0.0,3.0,63,22.4,44.3,241,Rain: Moderate,0,0,
44363,2022-09-21 16:50:00,40.604485,-73.93974,0,0,Passing Too Closely,4566178,26.5,16.0,0.0,0.0,0.0,0.0,3,19.4,36.7,252,Overcast,0,0,
44364,2022-01-10 22:00:00,40.8947,-73.85606,0,0,Unspecified,4493806,4.1,-4.3,0.0,0.0,0.0,0.0,3,24.1,44.3,295,Overcast,0,0,
44365,2022-04-07 23:30:00,40.8541,-73.919106,0,0,Driver Inexperience,4517180,11.5,5.6,74.1,74.1,0.0,14.0,65,35.0,64.8,98,Rain: Heavy,0,0,
44366,2022-09-20 17:54:00,40.677406,-73.983055,0,0,Passing Too Closely,4566733,25.7,17.7,0.0,0.0,0.0,0.0,3,19.0,35.3,296,Overcast,0,0,
44367,2022-09-21 11:52:00,40.65133,-73.90607,0,0,Unspecified,4566423,26.5,16.0,0.0,0.0,0.0,0.0,3,19.4,36.7,252,Overcast,0,0,
44368,2022-09-23 07:40:00,40.625824,-73.92762,1,0,Driver Inattention/Distraction,4566996,16.4,10.0,0.0,0.0,0.0,0.0,0,31.1,56.9,323,Clear sky,1,1,Sunny/Clear Conditions
44369,2022-09-18 06:50:00,40.670727,-73.91732,1,0,Alcohol Involvement,4567024,28.7,17.1,0.0,0.0,0.0,0.0,3,20.2,36.7,233,Overcast,1,1,
44370,2022-09-20 12:17:00,40.763023,-73.97815,1,0,Unspecified,4566786,25.7,17.7,0.0,0.0,0.0,0.0,3,19.0,35.3,296,Overcast,1,1,
44371,2022-09-23 12:19:00,40.757385,-73.98226,0,0,Driver Inattention/Distraction,4566749,16.4,10.0,0.0,0.0,0.0,0.0,0,31.1,56.9,323,Clear sky,0,0,Sunny/Clear Conditions
44372,2022-09-14 06:00:00,40.896366,-73.86295,0,0,Unspecified,4567119,26.4,15.8,0.0,0.0,0.0,0.0,2,20.1,37.1,283,Partly cloudy,0,0,
44373,2022-09-17 11:55:00,40.712948,-73.90693,0,0,Following Too Closely,4567335,22.9,16.8,0.0,0.0,0.0,0.0,3,16.9,32.0,115,Overcast,0,0,
44374,2022-09-22 11:15:00,40.843525,-73.89667,0,0,Traffic Control Disregarded,4566441,24.9,14.3,9.1,9.1,0.0,7.0,63,24.6,44.6,273,Rain: Moderate,0,0,
44375,2022-09-21 16:00:00,40.717445,-74.00354,0,0,Passing Too Closely,4566210,26.5,16.0,0.0,0.0,0.0,0.0,3,19.4,36.7,252,Overcast,0,0,
44376,2022-09-15 10:00:00,40.73059,-73.99242,1,0,Pedestrian/Bicyclist/Other Pedestrian Error/Confusion,4566618,21.9,15.6,0.0,0.0,0.0,0.0,1,18.2,37.1,328,Mainly clear,1,1,Sunny/Clear Conditions
44377,2022-09-23 21:00:00,40.883293,-73.87963,0,0,Passing Too Closely,4567271,16.4,10.0,0.0,0.0,0.0,0.0,0,31.1,56.9,323,Clear sky,0,0,Sunny/Clear Conditions
44378,2022-09-15 19:26:00,40.69375,-73.9372,0,0,Traffic Control Disregarded,4567133,21.9,15.6,0.0,0.0,0.0,0.0,1,18.2,37.1,328,Mainly clear,0,0,Sunny/Clear Conditions
44379,2022-09-23 22:50:00,40.61207,-73.93645,0,0,Unspecified,4566896,16.4,10.0,0.0,0.0,0.0,0.0,0,31.1,56.9,323,Clear sky,0,0,Sunny/Clear Conditions
44380,2022-09-21 15:55:00,40.821438,-73.94857,1,0,Pedestrian/Bicyclist/Other Pedestrian Error/Confusion,4567210,26.5,16.0,0.0,0.0,0.0,0.0,3,19.4,36.7,252,Overcast,1,1,
44381,2022-09-23 10:14:00,40.724934,-73.82976,1,0,Unspecified,4566775,16.4,10.0,0.0,0.0,0.0,0.0,0,31.1,56.9,323,Clear sky,1,1,Sunny/Clear Conditions
44382,2022-09-21 13:20:00,40.71988,-73.98172,1,0,Unspecified,4566569,26.5,16.0,0.0,0.0,0.0,0.0,3,19.4,36.7,252,Overcast,1,1,
44383,2022-09-19 11:45:00,40.898075,-73.8691,0,0,Passing Too Closely,4567108,30.1,19.0,4.9,4.9,0.0,3.0,63,22.4,44.3,241,Rain: Moderate,0,0,
44384,2022-09-21 11:30:00,40.7055,-73.78886,0,0,Passing Too Closely,4566064,26.5,16.0,0.0,0.0,0.0,0.0,3,19.4,36.7,252,Overcast,0,0,