,CRASH DATETIME,LATITUDE,LONGITUDE,NUMBER OF PERSONS INJURED,NUMBER OF PERSONS KILLED,CONTRIBUTING FACTOR VEHICLE 1,COLLISION_ID,temperature_2m_max,temperature_2m_min,precipitation_sum,rain_sum,snowfall_sum,precipitation_hours,weather_code,wind_speed_10m_max,wind_gusts_10m_max,wind_direction_10m_dominant,Weather Description,Severity_Score,Total_Affected_Persons,Weather_Category
44385,2022-09-22 20:26:00,40.878826,-73.8829,2,0,Traffic Control Disregarded,4566554,24.9,14.3,9.1,9.1,0.0,7.0,63,24.6,44.6,273,Rain: Moderate,2,2,
44386,2022-09-21 09:55:00,40.738796,-73.97716,0,0,Unsafe Speed,4566043,26.5,16.0,0.0,0.0,0.0,0.0,3,19.4,36.7,252,Overcast,0,0,
44387,2022-09-22 12:30:00,40.844875,-73.8678,0,0,Unspecified,4566507,24.9,14.3,9.1,9.1,0.0,7.0,63,24.6,44.6,273,Rain: Moderate,0,0,
44388,2022-09-21 19:33:00,40.684574,-73.844925,0,0,Tire Failure/Inadequate,4566322,26.5,16.0,0.0,0.0,0.0,0.0,3,19.4,36.7,252,Overcast,0,0,
44389,2022-08-26 09:47:00,40.821297,-73.88542,0,0,Unspecified,4566973,29.8,21.5,27.1,27.1,0.0,7.0,65,22.1,41.8,213,Rain: Heavy,0,0,
44390,2022-09-20 12:00:00,40.62792,-73.99857,0,0,Driver Inattention/Distraction,4566601,25.7,17.7,0.0,0.0,0.0,0.0,3,19.0,35.3,296,Overcast,0,0,
44391,2022-07-03 06:30:00,40.84763,-73.866005,0,0,Unspecified,4543915,31.2,21.0,0.0,0.0,0.0,0.0,3,15.8,31.3,341,Overcast,0,0,
44392,2022-09-21 19:15:00,40.833385,-73.902664,0,0,Unsafe Speed,4566389,26.5,16.0,0.0,0.0,0.0,0.0,3,19.4,36.7,252,Overcast,0,0,
44393,2022-09-21 14:16:00,40.693604,-73.99275,1,0,Following Too Closely,4566130,26.5,16.0,0.0,0.0,0.0,0.0,3,19.4,36.7,252,Overcast,1,1,
44394,2022-09-21 21:10:00,40.765015,-73.98484,0,0,Oversized Vehicle,4566230,26.5,16.0,0.0,0.0,0.0,0.0,3,19.4,36.7,252,Overcast,0,0,
44395,2022-09-18 23:07:00,40.81636,-73.891815,0,0,Unspecified,4566953,28.7,17.1,0.0,0.0,0.0,0.0,3,20.2,36.7,233,Overcast,0,0,
44396,2022-09-23 13:00:00,40.66065,-73.76987,0,0,Unspecified,4566651,16.4,10.0,0.0,0.0,0.0,0.0,0,31.1,56.9,323,Clear sky,0,0,Sunny/Clear Conditions
44397,2022-09-22 10:30:00,40.59792,-73.9688,0,0,Driver Inattention/Distraction,4566346,24.9,14.3,9.1,9.1,0.0,7.0,63,24.6,44.6,273,Rain: Moderate,0,0,
44398,2022-09-21 13:50:00,40.72921,-73.781166,1,0,Failure to Yield Right-of-Way,4566270,26.5,16.0,0.0,0.0,0.0,0.0,3,19.4,36.7,252,Overcast,1,1,
44399,2022-09-08 14:40:00,40.890545,-73.84087,0,0,Unsafe Speed,4567091,23.9,17.7,0.0,0.0,0.0,0.0,3,15.5,30.6,29,Overcast,0,0,
44400,2022-09-18 17:15:00,40.732315,-74.00052,1,0,Driver Inattention/Distraction,4566668,28.7,17.1,0.0,0.0,0.0,0.0,3,20.2,36.7,233,Overcast,1,1,
44401,2022-09-16 21:10:00,40.88454,-73.86229,1,0,Driver Inattention/Distraction,4567144,23.7,11.9,0.0,0.0,0.0,0.0,3,10.3,21.6,336,Overcast,1,1,
44402,2022-09-21 10:45:00,40.759163,-73.988396,1,0,Unspecified,4566018,26.5,16.0,0.0,0.0,0.0,0.0,3,19.4,36.7,252,Overcast,1,1,
44403,2022-09-21 08:40:00,40.647625,-73.97727,1,0,Glare,4565934,26.5,16.0,0.0,0.0,0.0,0.0,3,19.4,36.7,252,Overcast,1,1,
44404,2022-09-21 16:50:00,40.752686,-73.863144,1,0,Failure to Yield Right-of-Way,4566158,26.5,16.0,0.0,0.0,0.0,0.0,3,19.4,36.7,252,Overcast,1,1,
44405,2022-09-22 19:00:00,40.85713,-73.8808,0,0,Other Vehicular,4566540,24.9,14.3,9.1,9.1,0.0,7.0,63,24.6,44.6,273,Rain: Moderate,0,0,
44406,2022-09-21 07:30:00,40.652767,-73.8863,0,0,Unspecified,4566236,26.5,16.0,0.0,0.0,0.0,0.0,3,19.4,36.7,252,Overcast,0,0,
44407,2022-09-21 10:50:00,40.727207,-73.90742,1,0,Traffic Control Disregarded,4566133,26.5,16.0,0.0,0.0,0.0,0.0,3,19.4,36.7,252,Overcast,1,1,
44408,2022-09-22 09:00:00,40.729736,-73.98485,0,0,Driver Inattention/Distraction,4566628,24.9,14.3,9.1,9.1,0.0,7.0,63,24.6,44.6,273,Rain: Moderate,0,0,
44409,2022-09-22 14:20:00,40.763733,-73.962074,0,0,Driver Inattention/Distraction,4566461,24.9,14.3,9.1,9.1,0.0,7.0,63,24.6,44.6,273,Rain: Moderate,0,0,
44410,2022-09-23 03:50:00,40.703175,-73.7483,0,0,Unspecified,4566485,16.4,10.0,0.0,0.0,0.0,0.0,0,31.1,56.9,323,Clear sky,0,0,Sunny/Clear Conditions
44411,2022-09-11 16:35:00,40.68064,-73.95338,1,0,Failure to Yield Right-of-Way,4566683,24.5,18.9,12.9,12.9,0.0,13.0,61,12.4,22.0,205,Rain: Light,1,1,
44412,2022-09-23 12:23:00,40.766144,-73.915146,0,0,Driver Inattention/Distraction,4566767,16.4,10.0,0.0,0.0,0.0,0.0,0,31.1,56.9,323,Clear sky,0,0,Sunny/Clear Conditions
44413,2022-09-22 19:39:00,40.66386,-73.92456,2,0,Driver Inattention/Distraction,4566427,24.9,14.3,9.1,9.1,0.0,7.0,63,24.6,44.6,273,Rain: Moderate,2,2,
44414,2022-09-23 22:00:00,40.695255,-73.75554,1,0,Following Too Closely,4566990,16.4,10.0,0.0,0.0,0.0,0.0,0,31.1,56.9,323,Clear sky,1,1,Sunny/Clear Conditions
44415,2022-09-23 00:00:00,40.662533,-73.94792,1,0,Unsafe Speed,4566729,16.4,10.0,0.0,0.0,0.0,0.0,0,31.1,56.9,323,Clear sky,1,1,Sunny/Clear Conditions
44416,2021-12-22 00:38:00,40.764896,-73.97256,0,0,Failure to Yield Right-of-Way,4488662,8.1,-0.0,4.2,4.2,0.0,9.0,61,26.7,47.9,313,Rain: Light,0,0,
44417,2022-01-06 16:00:00,40.60288,-74.00244,0,0,Following Too Closely,4494128,4.1,-0.7,0.0,0.0,0.0,0.0,3,20.2,38.2,269,Overcast,0,0,
44418,2022-01-07 17:45:00,40.830765,-73.90863,0,0,Backing Unsafely,4494153,-0.0,-5.7,9.0,0.0,6.3,11.0,75,26.8,48.6,313,Snow fall: Heavy,0,0,Snowy Conditions
44419,2022-01-08 16:25:00,40.820133,-73.91307,0,0,Unspecified,4494138,-3.3,-8.4,0.0,0.0,0.0,0.0,1,21.6,37.8,277,Mainly clear,0,0,Sunny/Clear Conditions
44420,2022-01-10 13:45:00,40.74395,-73.89768,0,0,Unspecified,4494125,4.1,-4.3,0.0,0.0,0.0,0.0,3,24.1,44.3,295,Overcast,0,0,
44421,2022-01-10 20:37:00,40.681515,-73.90412,1,0,Driver Inattention/Distraction,4494134,4.1,-4.3,0.0,0.0,0.0,0.0,3,24.1,44.3,295,Overcast,1,1,
44422,2022-01-10 06:54:00,40.726387,-73.94883,0,0,Unspecified,4494152,4.1,-4.3,0.0,0.0,0.0,0.0,3,24.1,44.3,295,Overcast,0,0,
44423,2021-11-03 16:28:00,40.684513,-73.909386,0,0,Passing Too Closely,4494132,10.7,3.8,0.1,0.1,0.0,1.0,51,15.6,30.6,302,Drizzle: Light,0,0,
44424,2021-01-12 03:00:00,40.724464,-73.95118,0,0,Following Too Closely,4494149,5.9,-2.3,0.0,0.0,0.0,0.0,2,9.8,21.2,286,Partly cloudy,0,0,
44425,2022-01-04 05:10:00,40.598904,-74.00712,0,0,Following Too Closely,4494131,0.7,-6.7,0.0,0.0,0.0,0.0,3,20.0,36.4,287,Overcast,0,0,
44426,2022-01-07 07:49:00,40.792606,-73.94712,0,0,Pavement Slippery,4494145,-0.0,-5.7,9.0,0.0,6.3,11.0,75,26.8,48.6,313,Snow fall: Heavy,0,0,Snowy Conditions
44427,2022-02-20 20:06:00,40.667988,-73.90447,0,0,Unspecified,4504439,2.4,-6.6,0.0,0.0,0.0,0.0,3,23.4,44.3,250,Overcast,0,0,
44428,2022-02-17 20:29:00,40.877632,-73.867386,1,0,Failure to Yield Right-of-Way,4504715,16.7,5.1,2.2,2.2,0.0,2.0,61,31.8,56.5,201,Rain: Light,1,1,
44429,2022-02-20 15:00:00,40.75681,-73.81027,0,0,Passing or Lane Usage Improper,4504544,2.4,-6.6,0.0,0.0,0.0,0.0,3,23.4,44.3,250,Overcast,0,0,
44430,2022-02-20 17:15:00,40.744167,-73.91248,0,0,Driver Inattention/Distraction,4504261,2.4,-6.6,0.0,0.0,0.0,0.0,3,23.4,44.3,250,Overcast,0,0,
44431,2022-02-20 21:15:00,40.739773,-73.83031,0,0,Unspecified,4504295,2.4,-6.6,0.0,0.0,0.0,0.0,3,23.4,44.3,250,Overcast,0,0,
44432,2022-02-20 07:27:00,40.743782,-73.97352,0,0,Driver Inattention/Distraction,4504130,2.4,-6.6,0.0,0.0,0.0,0.0,3,23.4,44.3,250,Overcast,0,0,
44433,2022-02-15 14:41:00,0.0,0.0,0,0,Driver Inattention/Distraction,4504921,-0.2,-9.2,0.0,0.0,0.0,0.0,3,12.9,28.4,276,Overcast,0,0,
44434,2022-09-20 07:00:00,40.877686,-73.86756,1,0,Failure to Yield Right-of-Way,4567123,25.7,17.7,0.0,0.0,0.0,0.0,3,19.0,35.3,296,Overcast,1,1,
44435,2022-09-22 19:46:00,40.750916,-73.87317,0,0,Alcohol Involvement,4566522,24.9,14.3,9.1,9.1,0.0,7.0,63,24.6,44.6,273,Rain: Moderate,0,0,
44436,2022-09-22 08:15:00,40.80777,-73.94549,0,0,Driver Inattention/Distraction,4566633,24.9,14.3,9.1,9.1,0.0,7.0,63,24.6,44.6,273,Rain: Moderate,0,0,
44437,2022-09-20 12:30:00,40.706493,-73.90285,1,0,Failure to Yield Right-of-Way,4567361,25.7,17.7,0.0,0.0,0.0,0.0,3,19.0,35.3,296,Overcast,1,1,
44438,2022-09-23 14:43:00,0.0,0.0,1,0,Unspecified,4567249,16.4,10.0,0.0,0.0,0.0,0.0,0,31.1,56.9,323,Clear sky,1,1,Sunny/Clear Conditions
44439,2022-09-22 08:13:00,40.67847,-73.91426,1,0,Unspecified,4567018,24.9,14.3,9.1,9.1,0.0,7.0,63,24.6,44.6,273,Rain: Moderate,1,1,
44440,2022-09-18 12:00:00,40.639503,-73.987465,0,0,Unspecified,4566596,28.7,17.1,0.0,0.0,0.0,0.0,3,20.2,36.7,233,Overcast,0,0,
44441,2022-09-19 15:11:00,40.645348,-74.01375,1,0,Other Vehicular,4566815,30.1,19.0,4.9,4.9,0.0,3.0,63,22.4,44.3,241,Rain: Moderate,1,1,
44442,2022-04-06 02:05:00,40.760048,-73.878334,0,0,,4517255,12.5,6.2,17.5,17.5,0.0,14.0,61,31.2,62.3,55,Rain: Light,0,0,
44443,2022-01-10 16:15:00,40.714203,-73.956474,1,0,Traffic Control Disregarded,4493555,4.1,-4.3,0.0,0.0,0.0,0.0,3,24.1,44.3,295,Overcast,1,1,
44444,2022-01-10 01:33:00,40.787506,-73.9383,0,0,Unsafe Lane Changing,4493693,4.1,-4.3,0.0,0.0,0.0,0.0,3,24.1,44.3,295,Overcast,0,0,
44445,2022-01-10 21:10:00,40.61212,-73.98323,1,0,Passing or Lane Usage Improper,4493608,4.1,-4.3,0.0,0.0,0.0,0.0,3,24.1,44.3,295,Overcast,1,1,
44446,2021-12-01 15:11:00,40.825577,-73.918465,0,0,Unspecified,4494054,8.6,1.0,0.1,0.1,0.0,1.0,51,16.6,29.5,254,Drizzle: Light,0,0,
44447,2022-01-10 00:15:00,40.741135,-73.8986,0,0,Pavement Slippery,4493262,4.1,-4.3,0.0,0.0,0.0,0.0,3,24.1,44.3,295,Overcast,0,0,
44448,2022-01-10 09:25:00,40.717358,-73.82171,0,0,Driver Inattention/Distraction,4493589,4.1,-4.3,0.0,0.0,0.0,0.0,3,24.1,44.3,295,Overcast,0,0,
44449,2022-01-10 10:00:00,40.663204,-73.90447,0,0,Unspecified,4493631,4.1,-4.3,0.0,0.0,0.0,0.0,3,24.1,44.3,295,Overcast,0,0,
44450,2021-01-08 12:20:00,40.654846,-73.88569,1,0,Unspecified,4494019,5.2,-3.8,0.0,0.0,0.0,0.0,3,21.6,37.8,352,Overcast,1,1,
44451,2022-01-10 00:43:00,40.715004,-73.75719,0,0,Alcohol Involvement,4493302,4.1,-4.3,0.0,0.0,0.0,0.0,3,24.1,44.3,295,Overcast,0,0,
44452,2022-01-10 18:38:00,40.672043,-73.89487,1,0,Driver Inattention/Distraction,4493641,4.1,-4.3,0.0,0.0,0.0,0.0,3,24.1,44.3,295,Overcast,1,1,
44453,2021-12-24 09:00:00,40.6826,-73.95597,0,0,Passing Too Closely,4494122,5.7,-1.1,1.0,0.0,0.7,5.0,73,12.4,21.6,73,Snow fall: Moderate,0,0,Snowy Conditions
44454,2021-12-28 03:00:00,40.700424,-73.9444,0,0,Following Too Closely,4493987,8.5,2.2,0.0,0.0,0.0,0.0,3,12.5,22.0,271,Overcast,0,0,
44455,2022-01-10 01:25:00,40.72255,-74.00631,0,0,Turning Improperly,4493374,4.1,-4.3,0.0,0.0,0.0,0.0,3,24.1,44.3,295,Overcast,0,0,
44456,2022-01-10 08:40:00,40.70097,-73.81423,0,0,Brakes Defective,4493497,4.1,-4.3,0.0,0.0,0.0,0.0,3,24.1,44.3,295,Overcast,0,0,
44457,2022-01-10 11:50:00,40.70973,-74.013824,0,0,Backing Unsafely,4493702,4.1,-4.3,0.0,0.0,0.0,0.0,3,24.1,44.3,295,Overcast,0,0,
44458,2022-01-10 12:28:00,40.69876,-73.89288,0,0,Unspecified,4493748,4.1,-4.3,0.0,0.0,0.0,0.0,3,24.1,44.3,295,Overcast,0,0,
44459,2022-01-10 10:16:00,40.697144,-73.8917,0,0,Unspecified,4493841,4.1,-4.3,0.0,0.0,0.0,0.0,3,24.1,44.3,295,Overcast,0,0,
44460,2022-01-10 05:55:00,40.690517,-73.84766,0,0,Unspecified,4493474,4.1,-4.3,0.0,0.0,0.0,0.0,3,24.1,44.3,295,Overcast,0,0,
44461,2022-01-10 01:37:00,40.867474,-73.89741,1,0,Unsafe Lane Changing,4493413,4.1,-4.3,0.0,0.0,0.0,0.0,3,24.1,44.3,295,Overcast,1,1,
44462,2022-01-10 02:39:00,40.702667,-73.86516,1,0,Fell Asleep,4493488,4.1,-4.3,0.0,0.0,0.0,0.0,3,24.1,44.3,295,Overcast,1,1,
44463,2022-01-10 07:58:00,40.669918,-73.91889,0,0,Unspecified,4493380,4.1,-4.3,0.0,0.0,0.0,0.0,3,24.1,44.3,295,Overcast,0,0,
44464,2022-01-10 15:15:00,40.611954,-73.96817,1,0,Driver Inattention/Distraction,4493924,4.1,-4.3,0.0,0.0,0.0,0.0,3,24.1,44.3,295,Overcast,1,1,
44465,2022-01-10 06:00:00,40.803593,-73.919785,0,0,Driver Inattention/Distraction,4493624,4.1,-4.3,0.0,0.0,0.0,0.0,3,24.1,44.3,295,Overcast,0,0,
44466,2022-01-10 16:20:00,40.852306,-73.89811,0,0,Driver Inattention/Distraction,4493653,4.1,-4.3,0.0,0.0,0.0,0.0,3,24.1,44.3,295,Overcast,0,0,
44467,2022-01-08 14:45:00,40.827866,-73.823586,1,0,Unspecified,4493974,-3.3,-8.4,0.0,0.0,0.0,0.0,1,21.6,37.8,277,Mainly clear,1,1,Sunny/Clear Conditions
44468,2022-01-10 16:40:00,40.722584,-73.8509,0,0,Failure to Yield Right-of-Way,4493756,4.1,-4.3,0.0,0.0,0.0,0.0,3,24.1,44.3,295,Overcast,0,0,
44469,2022-01-09 06:15:00,40.865406,-73.86838,0,0,Driver Inattention/Distraction,4493949,4.0,-5.3,5.1,5.1,0.0,12.0,53,23.8,42.1,220,Drizzle: Moderate,0,0,
44470,2022-01-10 05:30:00,40.743397,-73.88388,1,0,Driver Inattention/Distraction,4493389,4.1,-4.3,0.0,0.0,0.0,0.0,3,24.1,44.3,295,Overcast,1,1,
44471,2022-01-10 12:20:00,40.587067,-74.09162,0,0,Traffic Control Disregarded,4493478,4.1,-4.3,0.0,0.0,0.0,0.0,3,24.1,44.3,295,Overcast,0,0,
44472,2022-01-10 21:00:00,40.549084,-74.1621,0,0,Unspecified,4493597,4.1,-4.3,0.0,0.0,0.0,0.0,3,24.1,44.3,295,Overcast,0,0,
44473,2022-01-10 09:00:00,40.760704,-73.858246,0,0,Driver Inattention/Distraction,4493727,4.1,-4.3,0.0,0.0,0.0,0.0,3,24.1,44.3,295,Overcast,0,0,
44474,2022-01-08 15:06:00,40.701588,-73.7544,1,0,Unsafe Speed,4494036,-3.3,-8.4,0.0,0.0,0.0,0.0,1,21.6,37.8,277,Mainly clear,1,1,Sunny/Clear Conditions
44475,2022-01-10 08:45:00,40.700325,-73.78904,0,0,Driver Inattention/Distraction,4493498,4.1,-4.3,0.0,0.0,0.0,0.0,3,24.1,44.3,295,Overcast,0,0,
44476,2022-01-10 14:48:00,40.63982,-74.02443,0,0,Driver Inattention/Distraction,4493571,4.1,-4.3,0.0,0.0,0.0,0.0,3,24.1,44.3,295,Overcast,0,0,
44477,2022-01-10 08:00:00,40.602135,-74.114876,0,0,Turning Improperly,4493431,4.1,-4.3,0.0,0.0,0.0,0.0,3,24.1,44.3,295,Overcast,0,0,
44478,2022-01-10 17:30:00,40.758392,-73.781456,1,0,Failure to Yield Right-of-Way,4494016,4.1,-4.3,0.0,0.0,0.0,0.0,3,24.1,44.3,295,Overcast,1,1,
44479,2022-01-10 10:12:00,40.605698,-73.95866,1,0,Failure to Yield Right-of-Way,4493791,4.1,-4.3,0.0,0.0,0.0,0.0,3,24.1,44.3,295,Overcast,1,1,
44480,2022-01-10 06:50:00,40.722576,-73.94049,2,0,Following Too Closely,4493871,4.1,-4.3,0.0,0.0,0.0,0.0,3,24.1,44.3,295,Overcast,2,2,
44481,2022-01-09 14:50:00,40.67989,-73.94034,0,0,Driver Inattention/Distraction,4493999,4.0,-5.3,5.1,5.1,0.0,12.0,53,23.8,42.1,220,Drizzle: Moderate,0,0,
44482,2022-01-10 18:58:00,40.686863,-73.96448,1,0,Pedestrian/Bicyclist/Other Pedestrian Error/Confusion,4493616,4.1,-4.3,0.0,0.0,0.0,0.0,3,24.1,44.3,295,Overcast,1,1,
44483,2022-01-04 17:00:00,40.71001,-73.79474,1,0,Driver Inattention/Distraction,4494061,0.7,-6.7,0.0,0.0,0.0,0.0,3,20.0,36.4,287,Overcast,1,1,
44484,2022-09-22 02:00:00,40.66858,-73.84223,2,0,View Obstructed/Limited,4566170,24.9,14.3,9.1,9.1,0.0,7.0,63,24.6,44.6,273,Rain: Moderate,2,2,
44485,2022-01-10 22:00:00,40.666348,-73.76093,0,0,Unspecified,4493580,4.1,-4.3,0.0,0.0,0.0,0.0,3,24.1,44.3,295,Overcast,0,0,
44486,2022-01-10 20:35:00,40.720173,-73.98865,0,0,Unspecified,4493709,4.1,-4.3,0.0,0.0,0.0,0.0,3,24.1,44.3,295,Overcast,0,0,
44487,2022-01-10 15:08:00,40.672176,-73.89397,0,0,Driver Inattention/Distraction,4493514,4.1,-4.3,0.0,0.0,0.0,0.0,3,24.1,44.3,295,Overcast,0,0,
44488,2022-01-09 14:14:00,40.68963,-73.98575,0,0,Driver Inattention/Distraction,4494026,4.0,-5.3,5.1,5.1,0.0,12.0,53,23.8,42.1,220,Drizzle: Moderate,0,0,
44489,2022-01-10 10:55:00,40.641346,-73.99807,1,0,Unspecified,4493671,4.1,-4.3,0.0,0.0,0.0,0.0,3,24.1,44.3,295,Overcast,1,1,
44490,2022-01-10 10:00:00,40.73791,-73.77444,1,0,Failure to Yield Right-of-Way,4493590,4.1,-4.3,0.0,0.0,0.0,0.0,3,24.1,44.3,295,Overcast,1,1,
44491,2022-01-10 20:45:00,40.644047,-73.9875,1,0,Unspecified,4493672,4.1,-4.3,0.0,0.0,0.0,0.0,3,24.1,44.3,295,Overcast,1,1,
44492,2022-01-10 22:34:00,0.0,0.0,0,0,Unspecified,4493632,4.1,-4.3,0.0,0.0,0.0,0.0,3,24.1,44.3,295,Overcast,0,0,
44493,2022-01-05 09:58:00,40.600716,-74.19508,1,0,Pavement Slippery,4494087,6.9,-2.1,0.5,0.5,0.0,4.0,51,21.8,38.2,216,Drizzle: Light,1,1,
44494,2022-01-10 00:20:00,40.631577,-74.185005,1,0,Driver Inattention/Distraction,4493265,4.1,-4.3,0.0,0.0,0.0,0.0,3,24.1,44.3,295,Overcast,1,1,
44495,2022-01-10 16:41:00,40.74273,-73.91499,0,0,Driver Inattention/Distraction,4493562,4.1,-4.3,0.0,0.0,0.0,0.0,3,24.1,44.3,295,Overcast,0,0,
44496,2021-12-30 09:25:00,40.69299,-73.95583,0,0,Backing Unsafely,4493993,8.3,5.0,1.8,1.8,0.0,7.0,53,9.9,17.6,22,Drizzle: Moderate,0,0,
44497,2021-12-11 19:10:00,40.76159,-73.871216,1,0,Driver Inattention/Distraction,4494053,17.3,5.0,8.1,8.1,0.0,5.0,63,35.0,67.0,206,Rain: Moderate,1,1,
44498,2022-01-10 00:31:00,40.831173,-73.88829,0,0,Alcohol Involvement,4493313,4.1,-4.3,0.0,0.0,0.0,0.0,3,24.1,44.3,295,Overcast,0,0,
44499,2022-01-10 13:31:00,40.696617,-73.73227,0,0,Traffic Control Disregarded,4493503,4.1,-4.3,0.0,0.0,0.0,0.0,3,24.1,44.3,295,Overcast,0,0,
44500,2022-01-10 18:21:00,40.648956,-73.88301,0,0,Unspecified,4493638,4.1,-4.3,0.0,0.0,0.0,0.0,3,24.1,44.3,295,Overcast,0,0,
44501,2022-01-10 23:50:00,40.768642,-73.949036,1,0,Unspecified,4493583,4.1,-4.3,0.0,0.0,0.0,0.0,3,24.1,44.3,295,Overcast,1,1,
44502,2022-01-08 14:05:00,40.640945,-73.94852,1,0,Driver Inattention/Distraction,4493985,-3.3,-8.4,0.0,0.0,0.0,0.0,1,21.6,37.8,277,Mainly clear,1,1,Sunny/Clear Conditions
44503,2022-01-07 08:25:00,40.653103,-73.9257,0,0,Unspecified,4494024,-0.0,-5.7,9.0,0.0,6.3,11.0,75,26.8,48.6,313,Snow fall: Heavy,0,0,Snowy Conditions
44504,2022-01-10 04:19:00,40.760704,-73.858246,0,0,Driver Inattention/Distraction,4493424,4.1,-4.3,0.0,0.0,0.0,0.0,3,24.1,44.3,295,Overcast,0,0,
44505,2022-01-10 08:39:00,40.881504,-73.879364,0,0,Unsafe Speed,4493465,4.1,-4.3,0.0,0.0,0.0,0.0,3,24.1,44.3,295,Overcast,0,0,
44506,2022-01-10 09:30:00,40.683933,-73.91228,1,0,Failure to Yield Right-of-Way,4493777,4.1,-4.3,0.0,0.0,0.0,0.0,3,24.1,44.3,295,Overcast,1,1,
44507,2022-01-10 13:30:00,40.80844,-73.96489,0,0,Driver Inattention/Distraction,4493558,4.1,-4.3,0.0,0.0,0.0,0.0,3,24.1,44.3,295,Overcast,0,0,
44508,2022-01-05 07:24:00,40.72823,-73.83313,0,0,Brakes Defective,4493956,6.9,-2.1,0.5,0.5,0.0,4.0,51,21.8,38.2,216,Drizzle: Light,0,0,
44509,2022-01-10 06:45:00,40.742508,-73.8821,0,0,Passing or Lane Usage Improper,4493390,4.1,-4.3,0.0,0.0,0.0,0.0,3,24.1,44.3,295,Overcast,0,0,
44510,2022-01-10 10:41:00,40.881306,-73.90009,1,0,Following Too Closely,4493687,4.1,-4.3,0.0,0.0,0.0,0.0,3,24.1,44.3,295,Overcast,1,1,
44511,2022-01-10 12:36:00,40.692066,-73.810165,0,0,Aggressive Driving/Road Rage,4493793,4.1,-4.3,0.0,0.0,0.0,0.0,3,24.1,44.3,295,Overcast,0,0,
44512,2022-01-10 09:30:00,40.635387,-74.02523,0,0,Backing Unsafely,4493439,4.1,-4.3,0.0,0.0,0.0,0.0,3,24.1,44.3,295,Overcast,0,0,
44513,2022-01-10 15:00:00,40.59758,-73.94813,0,0,Unspecified,4493596,4.1,-4.3,0.0,0.0,0.0,0.0,3,24.1,44.3,295,Overcast,0,0,
44514,2021-12-14 03:15:00,40.672516,-73.93356,0,0,Backing Unsafely,4494037,10.4,3.1,0.0,0.0,0.0,0.0,3,18.5,31.3,322,Overcast,0,0,
44515,2022-01-09 14:45:00,40.84509,-73.936844,0,0,Driver Inattention/Distraction,4493978,4.0,-5.3,5.1,5.1,0.0,12.0,53,23.8,42.1,220,Drizzle: Moderate,0,0,
44516,2022-01-10 16:09:00,40.699936,-73.82516,0,0,Backing Unsafely,4493551,4.1,-4.3,0.0,0.0,0.0,0.0,3,24.1,44.3,295,Overcast,0,0,
44517,2022-01-10 07:45:00,40.592552,-73.78702,0,0,Traffic Control Disregarded,4493601,4.1,-4.3,0.0,0.0,0.0,0.0,3,24.1,44.3,295,Overcast,0,0,
44518,2022-01-03 20:00:00,40.75067,-73.863106,0,0,Backing Unsafely,4494031,2.0,-4.4,1.4,0.0,0.98,6.0,73,29.3,55.4,359,Snow fall: Moderate,0,0,Snowy Conditions
44519,2022-01-10 20:20:00,40.860664,-73.92171,0,0,Passing or Lane Usage Improper,4493755,4.1,-4.3,0.0,0.0,0.0,0.0,3,24.1,44.3,295,Overcast,0,0,
44520,2022-02-20 04:00:00,40.68536,-73.88221,2,0,Unsafe Speed,4504578,2.4,-6.6,0.0,0.0,0.0,0.0,3,23.4,44.3,250,Overcast,2,2,
44521,2022-02-20 01:17:00,40.676815,-73.82338,2,0,Passing or Lane Usage Improper,4504355,2.4,-6.6,0.0,0.0,0.0,0.0,3,23.4,44.3,250,Overcast,2,2,
44522,2022-01-10 06:00:00,40.703957,-73.8957,0,0,Passing or Lane Usage Improper,4493345,4.1,-4.3,0.0,0.0,0.0,0.0,3,24.1,44.3,295,Overcast,0,0,
44523,2022-01-10 17:41:00,40.57522,-73.997505,0,0,Unspecified,4493947,4.1,-4.3,0.0,0.0,0.0,0.0,3,24.1,44.3,295,Overcast,0,0,
44524,2022-01-10 13:13:00,40.86595,-73.85576,0,0,Unspecified,4493491,4.1,-4.3,0.0,0.0,0.0,0.0,3,24.1,44.3,295,Overcast,0,0,
44525,2021-10-18 20:50:00,40.6655296,-73.7446592,0,0,Driver Inattention/Distraction,4468892,15.8,9.2,0.0,0.0,0.0,0.0,2,32.4,58.3,296,Partly cloudy,0,0,
44526,2022-01-10 12:00:00,40.724873,-74.001656,0,0,Unspecified,4493701,4.1,-4.3,0.0,0.0,0.0,0.0,3,24.1,44.3,295,Overcast,0,0,
44527,2021-09-03 15:40:00,40.8239402,-73.9485521,1,0,Driver Inattention/Distraction,4469036,21.9,14.0,0.0,0.0,0.0,0.0,3,14.5,30.2,321,Overcast,1,1,
44528,2022-01-10 17:50:00,40.864655,-73.863556,0,0,Other Vehicular,4493621,4.1,-4.3,0.0,0.0,0.0,0.0,3,24.1,44.3,295,Overcast,0,0,
44529,2022-01-10 21:50:00,40.649986,-73.93215,1,0,Driver Inattention/Distraction,4493648,4.1,-4.3,0.0,0.0,0.0,0.0,3,24.1,44.3,295,Overcast,1,1,
44530,2021-10-18 16:25:00,40.6660744,-73.8415842,1,0,Passing or Lane Usage Improper,4468587,15.8,9.2,0.0,0.0,0.0,0.0,2,32.4,58.3,296,Partly cloudy,1,1,
44531,2021-10-18 21:40:00,40.6392099,-74.0198264,0,0,Backing Unsafely,4468564,15.8,9.2,0.0,0.0,0.0,0.0,2,32.4,58.3,296,Partly cloudy,0,0,
44532,2021-10-10 05:30:00,40.6070995,-74.0609903,0,0,Driver Inattention/Distraction,4469268,18.5,16.0,2.4,2.4,0.0,8.0,53,27.2,52.6,52,Drizzle: Moderate,0,0,