,CRASH DATETIME,LATITUDE,LONGITUDE,NUMBER OF PERSONS INJURED,NUMBER OF PERSONS KILLED,CONTRIBUTING FACTOR VEHICLE 1,COLLISION_ID,temperature_2m_max,temperature_2m_min,precipitation_sum,rain_sum,snowfall_sum,precipitation_hours,weather_code,wind_speed_10m_max,wind_gusts_10m_max,wind_direction_10m_dominant,Weather Description,Severity_Score,Total_Affected_Persons,Weather_Category
44533,2021-10-18 14:25:00,40.6903696,-73.927546,0,0,Unspecified,4469251,15.8,9.2,0.0,0.0,0.0,0.0,2,32.4,58.3,296,Partly cloudy,0,0,
44534,2021-10-18 18:30:00,40.7014101,-73.9433975,0,0,Driver Inattention/Distraction,4468969,15.8,9.2,0.0,0.0,0.0,0.0,2,32.4,58.3,296,Partly cloudy,0,0,
44535,2021-10-18 16:57:00,40.8216382,-73.9390768,1,0,Other Vehicular,4468996,15.8,9.2,0.0,0.0,0.0,0.0,2,32.4,58.3,296,Partly cloudy,1,1,
44536,2021-10-18 22:29:00,40.7452528,-73.8700626,0,0,Unspecified,4468628,15.8,9.2,0.0,0.0,0.0,0.0,2,32.4,58.3,296,Partly cloudy,0,0,
44537,2021-12-07 23:38:00,40.683685,-73.89052,3,0,Steering Failure,4486087,8.6,0.8,0.1,0.1,0.0,1.0,51,27.2,49.3,283,Drizzle: Light,3,3,
44538,2021-12-11 16:50:00,40.586376,-73.952255,0,0,Passing Too Closely,4485763,17.3,5.0,8.1,8.1,0.0,5.0,63,35.0,67.0,206,Rain: Moderate,0,0,
44539,2021-12-11 10:30:00,40.82327,-73.88776,0,0,Unspecified,4485421,17.3,5.0,8.1,8.1,0.0,5.0,63,35.0,67.0,206,Rain: Moderate,0,0,
44540,2021-12-11 22:15:00,40.74743,-73.925476,0,0,Driver Inattention/Distraction,4485454,17.3,5.0,8.1,8.1,0.0,5.0,63,35.0,67.0,206,Rain: Moderate,0,0,
44541,2021-12-11 17:35:00,40.706345,-73.85159,0,0,Following Too Closely,4485962,17.3,5.0,8.1,8.1,0.0,5.0,63,35.0,67.0,206,Rain: Moderate,0,0,
44542,2022-01-10 06:55:00,40.75781,-73.86174,0,0,Unspecified,4494032,4.1,-4.3,0.0,0.0,0.0,0.0,3,24.1,44.3,295,Overcast,0,0,
44543,2022-01-10 15:30:00,40.69622,-73.89988,3,0,Failure to Yield Right-of-Way,4493569,4.1,-4.3,0.0,0.0,0.0,0.0,3,24.1,44.3,295,Overcast,3,3,
44544,2022-01-09 20:00:00,40.716713,-73.82782,0,0,Passing or Lane Usage Improper,4493958,4.0,-5.3,5.1,5.1,0.0,12.0,53,23.8,42.1,220,Drizzle: Moderate,0,0,
44545,2022-01-10 10:00:00,40.693203,-73.953995,0,0,Passing Too Closely,4494000,4.1,-4.3,0.0,0.0,0.0,0.0,3,24.1,44.3,295,Overcast,0,0,
44546,2022-01-10 14:50:00,40.73138,-73.87782,0,0,Unspecified,4493600,4.1,-4.3,0.0,0.0,0.0,0.0,3,24.1,44.3,295,Overcast,0,0,
44547,2022-01-10 01:15:00,40.533157,-74.15504,2,0,Unsafe Speed,4493833,4.1,-4.3,0.0,0.0,0.0,0.0,3,24.1,44.3,295,Overcast,2,2,
44548,2022-01-10 06:10:00,40.723648,-73.99103,0,0,Traffic Control Disregarded,4493378,4.1,-4.3,0.0,0.0,0.0,0.0,3,24.1,44.3,295,Overcast,0,0,
44549,2022-01-10 14:30:00,40.76436,-73.74748,1,0,Unspecified,4493661,4.1,-4.3,0.0,0.0,0.0,0.0,3,24.1,44.3,295,Overcast,1,1,
44550,2022-01-10 01:13:00,40.85592,-73.9172,0,0,Reaction to Uninvolved Vehicle,4493473,4.1,-4.3,0.0,0.0,0.0,0.0,3,24.1,44.3,295,Overcast,0,0,
44551,2022-01-10 08:20:00,40.846504,-73.82629,1,0,Unspecified,4493673,4.1,-4.3,0.0,0.0,0.0,0.0,3,24.1,44.3,295,Overcast,1,1,
44552,2022-01-10 13:50:00,40.86536,-73.87043,0,0,Passing or Lane Usage Improper,4493561,4.1,-4.3,0.0,0.0,0.0,0.0,3,24.1,44.3,295,Overcast,0,0,
44553,2022-01-10 12:00:00,40.797688,-73.93344,0,0,Unspecified,4493658,4.1,-4.3,0.0,0.0,0.0,0.0,3,24.1,44.3,295,Overcast,0,0,
44554,2021-12-14 12:15:00,40.783844,-73.979996,0,0,Oversized Vehicle,4494057,10.4,3.1,0.0,0.0,0.0,0.0,3,18.5,31.3,322,Overcast,0,0,
44555,2022-01-04 15:55:00,40.74701,-73.977196,1,0,Driver Inattention/Distraction,4494092,0.7,-6.7,0.0,0.0,0.0,0.0,3,20.0,36.4,287,Overcast,1,1,
44556,2022-01-10 00:23:00,40.64802,-73.979546,1,0,Unspecified,4493275,4.1,-4.3,0.0,0.0,0.0,0.0,3,24.1,44.3,295,Overcast,1,1,
44557,2021-09-07 21:45:00,40.666748,-73.764534,0,0,Following Too Closely,4493992,25.9,15.2,0.0,0.0,0.0,0.0,1,12.5,25.6,259,Mainly clear,0,0,Sunny/Clear Conditions
44558,2022-01-10 11:33:00,40.742252,-73.97769,0,0,Driver Inattention/Distraction,4493795,4.1,-4.3,0.0,0.0,0.0,0.0,3,24.1,44.3,295,Overcast,0,0,
44559,2022-01-10 07:50:00,40.784657,-73.8523,0,0,Turning Improperly,4493443,4.1,-4.3,0.0,0.0,0.0,0.0,3,24.1,44.3,295,Overcast,0,0,
44560,2022-01-10 11:45:00,40.650352,-73.92616,0,0,Unspecified,4493717,4.1,-4.3,0.0,0.0,0.0,0.0,3,24.1,44.3,295,Overcast,0,0,
44561,2022-01-10 08:30:00,40.661983,-73.90198,4,0,Failure to Yield Right-of-Way,4493477,4.1,-4.3,0.0,0.0,0.0,0.0,3,24.1,44.3,295,Overcast,4,4,
44562,2022-01-10 08:00:00,40.743137,-73.82973,0,0,Passing Too Closely,4493782,4.1,-4.3,0.0,0.0,0.0,0.0,3,24.1,44.3,295,Overcast,0,0,
44563,2022-01-10 14:11:00,40.657795,-73.86847,0,0,Driver Inattention/Distraction,4493550,4.1,-4.3,0.0,0.0,0.0,0.0,3,24.1,44.3,295,Overcast,0,0,
44564,2022-01-10 19:07:00,40.674397,-73.896515,1,0,Unspecified,4493879,4.1,-4.3,0.0,0.0,0.0,0.0,3,24.1,44.3,295,Overcast,1,1,
44565,2022-01-10 02:35:00,40.68046,-73.96136,0,0,Unspecified,4493383,4.1,-4.3,0.0,0.0,0.0,0.0,3,24.1,44.3,295,Overcast,0,0,
44566,2022-01-10 20:00:00,40.66495,-73.92288,1,0,,4493718,4.1,-4.3,0.0,0.0,0.0,0.0,3,24.1,44.3,295,Overcast,1,1,
44567,2022-01-10 15:51:00,40.789444,-73.98212,2,0,Driver Inattention/Distraction,4493849,4.1,-4.3,0.0,0.0,0.0,0.0,3,24.1,44.3,295,Overcast,2,2,
44568,2022-01-07 00:00:00,40.654343,-73.94995,0,0,Driver Inexperience,4493953,-0.0,-5.7,9.0,0.0,6.3,11.0,75,26.8,48.6,313,Snow fall: Heavy,0,0,Snowy Conditions
44569,2021-06-18 17:00:00,40.65753,-73.73862,1,0,Driver Inattention/Distraction,4428517,27.4,13.8,0.0,0.0,0.0,0.0,3,20.5,40.3,210,Overcast,1,1,
44570,2021-06-26 01:23:00,40.77202,-73.956024,0,0,Driver Inattention/Distraction,4431000,26.5,18.6,1.3,1.3,0.0,8.0,51,23.7,52.9,181,Drizzle: Light,0,0,
44571,2021-06-16 17:39:00,40.753555,-73.70362,1,0,Failure to Yield Right-of-Way,4427862,23.1,15.1,0.0,0.0,0.0,0.0,1,20.2,40.0,317,Mainly clear,1,1,Sunny/Clear Conditions
44572,2021-10-19 01:30:00,40.6366392,-74.0275995,0,0,Backing Unsafely,4468572,19.1,8.3,0.0,0.0,0.0,0.0,1,24.6,45.0,272,Mainly clear,0,0,Sunny/Clear Conditions
44573,2021-06-28 04:20:00,40.77512,-73.806694,0,0,Passing Too Closely,4431938,32.3,22.9,0.0,0.0,0.0,0.0,3,20.0,37.8,212,Overcast,0,0,
44574,2021-06-23 23:04:00,40.610165,-73.92289,0,0,Driver Inattention/Distraction,4432757,23.1,12.2,0.0,0.0,0.0,0.0,3,16.5,31.7,309,Overcast,0,0,
44575,2021-06-28 16:17:00,40.59981,-74.00857,1,0,Driver Inattention/Distraction,4432127,32.3,22.9,0.0,0.0,0.0,0.0,3,20.0,37.8,212,Overcast,1,1,
44576,2021-06-28 09:05:00,40.702614,-73.96058,0,0,Unsafe Lane Changing,4432001,32.3,22.9,0.0,0.0,0.0,0.0,3,20.0,37.8,212,Overcast,0,0,
44577,2021-06-23 15:39:00,40.68544,-73.97228,1,0,Unspecified,4432680,23.1,12.2,0.0,0.0,0.0,0.0,3,16.5,31.7,309,Overcast,1,1,
44578,2021-06-28 10:20:00,40.85696,-73.89021,0,0,Driver Inattention/Distraction,4432522,32.3,22.9,0.0,0.0,0.0,0.0,3,20.0,37.8,212,Overcast,0,0,
44579,2021-06-28 08:00:00,40.75134,-73.93746,0,0,Unspecified,4432482,32.3,22.9,0.0,0.0,0.0,0.0,3,20.0,37.8,212,Overcast,0,0,
44580,2021-06-28 03:20:00,40.75425,-73.96899,0,0,Driver Inattention/Distraction,4431615,32.3,22.9,0.0,0.0,0.0,0.0,3,20.0,37.8,212,Overcast,0,0,
44581,2021-05-26 16:35:00,40.671032,-73.93927,0,0,Driver Inattention/Distraction,4432720,29.5,17.4,0.1,0.1,0.0,1.0,51,23.4,45.7,210,Drizzle: Light,0,0,
44582,2021-06-28 12:44:00,40.583992,-73.96752,0,0,Following Too Closely,4432214,32.3,22.9,0.0,0.0,0.0,0.0,3,20.0,37.8,212,Overcast,0,0,
44583,2021-06-28 15:00:00,40.68191,-74.00504,0,0,Following Too Closely,4432037,32.3,22.9,0.0,0.0,0.0,0.0,3,20.0,37.8,212,Overcast,0,0,
44584,2021-06-28 12:11:00,40.786423,-73.82394,0,0,Following Too Closely,4432381,32.3,22.9,0.0,0.0,0.0,0.0,3,20.0,37.8,212,Overcast,0,0,
44585,2021-06-28 06:45:00,40.744015,-74.00851,1,0,Turning Improperly,4432559,32.3,22.9,0.0,0.0,0.0,0.0,3,20.0,37.8,212,Overcast,1,1,
44586,2021-06-28 06:40:00,40.78569,-73.7872,1,0,Driver Inattention/Distraction,4432617,32.3,22.9,0.0,0.0,0.0,0.0,3,20.0,37.8,212,Overcast,1,1,
44587,2021-06-28 04:25:00,40.859566,-73.86855,0,0,Unspecified,4431687,32.3,22.9,0.0,0.0,0.0,0.0,3,20.0,37.8,212,Overcast,0,0,
44588,2021-06-28 16:20:00,40.76222,-73.97875,1,0,Failure to Yield Right-of-Way,4432056,32.3,22.9,0.0,0.0,0.0,0.0,3,20.0,37.8,212,Overcast,1,1,
44589,2021-06-28 13:20:00,40.85225,-73.89928,0,0,Unspecified,4432520,32.3,22.9,0.0,0.0,0.0,0.0,3,20.0,37.8,212,Overcast,0,0,
44590,2021-06-27 18:27:00,40.671566,-73.79031,1,0,Unsafe Speed,4432833,29.2,22.2,0.5,0.5,0.0,4.0,51,19.6,45.4,196,Drizzle: Light,1,1,
44591,2021-06-21 15:00:00,40.759514,-73.99926,0,0,Turning Improperly,4432552,28.0,21.7,0.5,0.5,0.0,2.0,51,24.4,46.8,181,Drizzle: Light,0,0,
44592,2021-06-28 12:45:00,40.694183,-73.78953,1,0,View Obstructed/Limited,4432326,32.3,22.9,0.0,0.0,0.0,0.0,3,20.0,37.8,212,Overcast,1,1,
44593,2021-06-28 00:00:00,40.820293,-73.94378,0,0,Other Vehicular,4431761,32.3,22.9,0.0,0.0,0.0,0.0,3,20.0,37.8,212,Overcast,0,0,
44594,2021-06-27 11:00:00,40.811367,-73.95402,1,0,Other Vehicular,4432847,29.2,22.2,0.5,0.5,0.0,4.0,51,19.6,45.4,196,Drizzle: Light,1,1,
44595,2021-06-27 22:05:00,40.706657,-74.015915,0,0,Unsafe Lane Changing,4432843,29.2,22.2,0.5,0.5,0.0,4.0,51,19.6,45.4,196,Drizzle: Light,0,0,
44596,2021-06-28 16:00:00,40.741528,-73.98753,1,0,Unspecified,4431916,32.3,22.9,0.0,0.0,0.0,0.0,3,20.0,37.8,212,Overcast,1,1,
44597,2021-06-28 16:00:00,40.76416,-73.968895,0,0,Driver Inattention/Distraction,4432135,32.3,22.9,0.0,0.0,0.0,0.0,3,20.0,37.8,212,Overcast,0,0,
44598,2021-06-25 21:25:00,40.74956,-73.9813,0,0,Backing Unsafely,4432702,24.7,15.6,0.0,0.0,0.0,0.0,3,20.9,41.0,144,Overcast,0,0,
44599,2021-06-14 13:30:00,40.678394,-73.94692,1,0,Passing Too Closely,4432713,21.4,17.5,21.7,21.7,0.0,11.0,65,21.1,48.6,154,Rain: Heavy,1,1,
44600,2021-12-11 17:00:00,40.86219,-73.8717,4,0,Unspecified,4485941,17.3,5.0,8.1,8.1,0.0,5.0,63,35.0,67.0,206,Rain: Moderate,4,4,
44601,2021-06-28 21:15:00,40.70377,-73.93116,3,0,Unsafe Speed,4432167,32.3,22.9,0.0,0.0,0.0,0.0,3,20.0,37.8,212,Overcast,3,3,
44602,2021-06-28 13:04:00,40.71509,-74.01596,0,0,View Obstructed/Limited,4432220,32.3,22.9,0.0,0.0,0.0,0.0,3,20.0,37.8,212,Overcast,0,0,
44603,2021-06-28 23:00:00,40.672688,-73.73544,3,0,Unspecified,4432263,32.3,22.9,0.0,0.0,0.0,0.0,3,20.0,37.8,212,Overcast,3,3,
44604,2021-06-28 12:50:00,40.826275,-73.85971,0,0,View Obstructed/Limited,4431867,32.3,22.9,0.0,0.0,0.0,0.0,3,20.0,37.8,212,Overcast,0,0,
44605,2021-06-28 12:50:00,40.747627,-73.976746,0,0,Driver Inattention/Distraction,4431829,32.3,22.9,0.0,0.0,0.0,0.0,3,20.0,37.8,212,Overcast,0,0,
44606,2021-06-27 13:47:00,40.837894,-73.88138,0,0,Driver Inattention/Distraction,4432578,29.2,22.2,0.5,0.5,0.0,4.0,51,19.6,45.4,196,Drizzle: Light,0,0,
44607,2021-06-28 23:00:00,40.626034,-73.98327,0,0,Unspecified,4432602,32.3,22.9,0.0,0.0,0.0,0.0,3,20.0,37.8,212,Overcast,0,0,
44608,2021-06-23 03:55:00,40.57686,-73.98266,1,0,Driver Inattention/Distraction,4432651,23.1,12.2,0.0,0.0,0.0,0.0,3,16.5,31.7,309,Overcast,1,1,
44609,2021-06-28 10:45:00,40.744244,-73.82954,0,0,Steering Failure,4431851,32.3,22.9,0.0,0.0,0.0,0.0,3,20.0,37.8,212,Overcast,0,0,
44610,2021-06-28 05:30:00,40.895367,-73.86072,0,0,Driver Inattention/Distraction,4431830,32.3,22.9,0.0,0.0,0.0,0.0,3,20.0,37.8,212,Overcast,0,0,
44611,2021-06-22 19:00:00,40.6101,-74.11668,0,0,Reaction to Uninvolved Vehicle,4432534,24.2,15.1,8.5,8.5,0.0,9.0,63,22.2,43.2,305,Rain: Moderate,0,0,
44612,2021-06-08 13:00:00,40.67753,-73.73085,0,0,Driver Inattention/Distraction,4424944,30.1,22.0,5.9,5.9,0.0,9.0,61,16.6,34.6,215,Rain: Light,0,0,
44613,2021-06-28 08:02:00,40.652565,-73.95108,0,0,Alcohol Involvement,4431911,32.3,22.9,0.0,0.0,0.0,0.0,3,20.0,37.8,212,Overcast,0,0,
44614,2021-06-28 08:15:00,40.676495,-73.913704,0,0,Unspecified,4431793,32.3,22.9,0.0,0.0,0.0,0.0,3,20.0,37.8,212,Overcast,0,0,
44615,2021-06-28 19:27:00,40.637455,-73.92886,1,1,Unsafe Speed,4432786,32.3,22.9,0.0,0.0,0.0,0.0,3,20.0,37.8,212,Overcast,21,2,
44616,2021-06-28 11:40:00,40.79507,-73.93919,1,0,Failure to Yield Right-of-Way,4432023,32.3,22.9,0.0,0.0,0.0,0.0,3,20.0,37.8,212,Overcast,1,1,
44617,2021-06-28 14:36:00,40.67189,-73.895874,0,0,Passing or Lane Usage Improper,4432076,32.3,22.9,0.0,0.0,0.0,0.0,3,20.0,37.8,212,Overcast,0,0,
44618,2021-06-24 13:40:00,40.73251,-73.857056,1,0,Failure to Yield Right-of-Way,4432708,23.2,13.5,0.0,0.0,0.0,0.0,3,19.7,40.0,145,Overcast,1,1,
44619,2021-06-25 13:40:00,40.678722,-73.952995,0,0,Traffic Control Disregarded,4432725,24.7,15.6,0.0,0.0,0.0,0.0,3,20.9,41.0,144,Overcast,0,0,
44620,2021-06-28 10:45:00,40.757168,-73.86743,0,0,Backing Unsafely,4432308,32.3,22.9,0.0,0.0,0.0,0.0,3,20.0,37.8,212,Overcast,0,0,
44621,2021-06-28 21:40:00,40.639645,-74.008835,0,0,Unspecified,4432278,32.3,22.9,0.0,0.0,0.0,0.0,3,20.0,37.8,212,Overcast,0,0,
44622,2021-06-28 15:55:00,40.66546,-73.74246,0,0,Driver Inexperience,4431898,32.3,22.9,0.0,0.0,0.0,0.0,3,20.0,37.8,212,Overcast,0,0,
44623,2021-06-28 09:59:00,40.83928,-73.886604,1,0,Unspecified,4431976,32.3,22.9,0.0,0.0,0.0,0.0,3,20.0,37.8,212,Overcast,1,1,
44624,2021-06-27 05:26:00,40.843678,-73.89426,0,0,Driver Inattention/Distraction,4432574,29.2,22.2,0.5,0.5,0.0,4.0,51,19.6,45.4,196,Drizzle: Light,0,0,
44625,2021-06-28 08:00:00,40.735134,-74.00607,0,0,Unspecified,4432660,32.3,22.9,0.0,0.0,0.0,0.0,3,20.0,37.8,212,Overcast,0,0,
44626,2021-06-28 15:00:00,40.694126,-73.90581,0,0,Driver Inattention/Distraction,4432166,32.3,22.9,0.0,0.0,0.0,0.0,3,20.0,37.8,212,Overcast,0,0,
44627,2021-06-28 08:38:00,40.765427,-73.7246,0,0,Driver Inattention/Distraction,4432443,32.3,22.9,0.0,0.0,0.0,0.0,3,20.0,37.8,212,Overcast,0,0,
44628,2021-06-28 12:00:00,40.85391,-73.88364,0,0,Driver Inattention/Distraction,4432579,32.3,22.9,0.0,0.0,0.0,0.0,3,20.0,37.8,212,Overcast,0,0,
44629,2021-06-28 08:25:00,40.728855,-73.92782,0,0,Pavement Defective,4431917,32.3,22.9,0.0,0.0,0.0,0.0,3,20.0,37.8,212,Overcast,0,0,
44630,2021-06-28 11:30:00,40.742874,-73.933945,1,0,Unsafe Lane Changing,4432642,32.3,22.9,0.0,0.0,0.0,0.0,3,20.0,37.8,212,Overcast,1,1,
44631,2021-06-11 13:00:00,40.619205,-74.07719,0,0,Other Vehicular,4432539,20.7,15.3,1.2,1.2,0.0,3.0,53,13.2,27.0,97,Drizzle: Moderate,0,0,
44632,2021-06-28 08:45:00,40.65259,-73.950836,0,0,Passing Too Closely,4431836,32.3,22.9,0.0,0.0,0.0,0.0,3,20.0,37.8,212,Overcast,0,0,
44633,2021-06-28 16:00:00,40.658234,-73.9321,0,0,Driver Inattention/Distraction,4432375,32.3,22.9,0.0,0.0,0.0,0.0,3,20.0,37.8,212,Overcast,0,0,
44634,2021-06-28 12:00:00,40.594585,-73.90858,0,0,Driver Inattention/Distraction,4432234,32.3,22.9,0.0,0.0,0.0,0.0,3,20.0,37.8,212,Overcast,0,0,
44635,2021-06-24 00:00:00,0.0,0.0,0,0,Unspecified,4432653,23.2,13.5,0.0,0.0,0.0,0.0,3,19.7,40.0,145,Overcast,0,0,
44636,2021-06-26 06:00:00,40.86369,-73.91707,0,0,Unspecified,4432817,26.5,18.6,1.3,1.3,0.0,8.0,51,23.7,52.9,181,Drizzle: Light,0,0,
44637,2021-06-28 07:00:00,40.577477,-74.10839,0,0,Passing or Lane Usage Improper,4432349,32.3,22.9,0.0,0.0,0.0,0.0,3,20.0,37.8,212,Overcast,0,0,
44638,2021-06-26 14:20:00,40.59018,-74.10089,0,0,Accelerator Defective,4432530,26.5,18.6,1.3,1.3,0.0,8.0,51,23.7,52.9,181,Drizzle: Light,0,0,
44639,2021-06-28 14:35:00,40.708424,-73.95791,2,0,Failure to Yield Right-of-Way,4432018,32.3,22.9,0.0,0.0,0.0,0.0,3,20.0,37.8,212,Overcast,2,2,
44640,2021-06-28 14:10:00,40.777042,-73.909584,0,0,Unspecified,4432488,32.3,22.9,0.0,0.0,0.0,0.0,3,20.0,37.8,212,Overcast,0,0,
44641,2021-06-28 14:00:00,40.658707,-73.90602,0,0,Unspecified,4432058,32.3,22.9,0.0,0.0,0.0,0.0,3,20.0,37.8,212,Overcast,0,0,
44642,2021-06-12 21:30:00,40.675945,-73.94715,0,0,Driver Inattention/Distraction,4432715,21.2,16.4,0.4,0.4,0.0,3.0,51,15.5,31.3,112,Drizzle: Light,0,0,
44643,2021-06-28 00:17:00,40.62764,-73.89022,2,0,Unspecified,4431961,32.3,22.9,0.0,0.0,0.0,0.0,3,20.0,37.8,212,Overcast,2,2,
44644,2021-06-17 17:04:00,40.668373,-73.92264,0,0,Backing Unsafely,4432721,23.9,12.1,0.0,0.0,0.0,0.0,3,13.4,27.4,311,Overcast,0,0,
44645,2021-06-28 10:50:00,40.76285,-73.967735,1,0,Driver Inattention/Distraction,4432142,32.3,22.9,0.0,0.0,0.0,0.0,3,20.0,37.8,212,Overcast,1,1,
44646,2022-01-10 01:28:00,40.685566,-73.83343,1,0,Failure to Yield Right-of-Way,4493476,4.1,-4.3,0.0,0.0,0.0,0.0,3,24.1,44.3,295,Overcast,1,1,
44647,2021-06-28 19:50:00,40.747234,-73.99337,0,0,Driver Inattention/Distraction,4432563,32.3,22.9,0.0,0.0,0.0,0.0,3,20.0,37.8,212,Overcast,0,0,
44648,2021-06-28 00:45:00,40.68971,-73.826866,0,0,Tire Failure/Inadequate,4431926,32.3,22.9,0.0,0.0,0.0,0.0,3,20.0,37.8,212,Overcast,0,0,
44649,2021-06-28 23:54:00,40.677597,-73.932365,0,0,Driver Inattention/Distraction,4432401,32.3,22.9,0.0,0.0,0.0,0.0,3,20.0,37.8,212,Overcast,0,0,
44650,2021-06-24 13:00:00,40.705254,-73.92535,0,0,Unspecified,4432588,23.2,13.5,0.0,0.0,0.0,0.0,3,19.7,40.0,145,Overcast,0,0,
44651,2021-06-28 22:30:00,40.683315,-73.9689,0,0,Unspecified,4431969,32.3,22.9,0.0,0.0,0.0,0.0,3,20.0,37.8,212,Overcast,0,0,
44652,2022-09-22 08:00:00,40.757004,-73.98718,0,0,Following Too Closely,4567068,24.9,14.3,9.1,9.1,0.0,7.0,63,24.6,44.6,273,Rain: Moderate,0,0,
44653,2021-06-28 11:25:00,40.584003,-73.92157,2,0,Following Too Closely,4432040,32.3,22.9,0.0,0.0,0.0,0.0,3,20.0,37.8,212,Overcast,2,2,
44654,2021-06-28 11:19:00,40.84219,-73.89411,2,0,Driver Inattention/Distraction,4432513,32.3,22.9,0.0,0.0,0.0,0.0,3,20.0,37.8,212,Overcast,2,2,
44655,2021-06-28 04:21:00,40.700768,-73.990944,0,0,Unspecified,4431626,32.3,22.9,0.0,0.0,0.0,0.0,3,20.0,37.8,212,Overcast,0,0,
44656,2021-06-28 10:52:00,40.841076,-73.93977,2,0,Passenger Distraction,4432543,32.3,22.9,0.0,0.0,0.0,0.0,3,20.0,37.8,212,Overcast,2,2,
44657,2021-06-27 16:14:00,40.72755,-73.80027,2,0,Driver Inattention/Distraction,4432623,29.2,22.2,0.5,0.5,0.0,4.0,51,19.6,45.4,196,Drizzle: Light,2,2,
44658,2022-01-10 18:00:00,40.666718,-73.89162,0,0,Unspecified,4493639,4.1,-4.3,0.0,0.0,0.0,0.0,3,24.1,44.3,295,Overcast,0,0,
44659,2021-06-28 15:00:00,40.649986,-73.93215,0,0,Unsafe Speed,4432334,32.3,22.9,0.0,0.0,0.0,0.0,3,20.0,37.8,212,Overcast,0,0,
44660,2021-06-28 22:00:00,40.7014,-73.91858,0,0,Driver Inattention/Distraction,4432610,32.3,22.9,0.0,0.0,0.0,0.0,3,20.0,37.8,212,Overcast,0,0,
44661,2021-06-27 19:09:00,40.849308,-73.88481,0,0,Unsafe Lane Changing,4432582,29.2,22.2,0.5,0.5,0.0,4.0,51,19.6,45.4,196,Drizzle: Light,0,0,
44662,2021-06-28 07:30:00,40.755825,-73.903404,0,0,Unspecified,4432478,32.3,22.9,0.0,0.0,0.0,0.0,3,20.0,37.8,212,Overcast,0,0,
44663,2021-06-28 01:30:00,40.683857,-73.7955,0,0,Backing Unsafely,4431706,32.3,22.9,0.0,0.0,0.0,0.0,3,20.0,37.8,212,Overcast,0,0,
44664,2021-06-28 08:00:00,40.744465,-73.77179,1,0,Following Too Closely,4432521,32.3,22.9,0.0,0.0,0.0,0.0,3,20.0,37.8,212,Overcast,1,1,
44665,2021-06-28 15:50:00,40.704338,-73.82545,1,0,Turning Improperly,4431924,32.3,22.9,0.0,0.0,0.0,0.0,3,20.0,37.8,212,Overcast,1,1,
44666,2021-06-27 14:32:00,40.673508,-73.800285,0,0,Following Too Closely,4432834,29.2,22.2,0.5,0.5,0.0,4.0,51,19.6,45.4,196,Drizzle: Light,0,0,
44667,2021-06-28 14:40:00,40.590748,-73.968376,0,0,Driver Inattention/Distraction,4432042,32.3,22.9,0.0,0.0,0.0,0.0,3,20.0,37.8,212,Overcast,0,0,
44668,2021-06-23 11:05:00,40.7497,-74.00497,0,0,Passing Too Closely,4432553,23.1,12.2,0.0,0.0,0.0,0.0,3,16.5,31.7,309,Overcast,0,0,
44669,2021-06-28 10:12:00,40.629368,-73.88477,0,0,Unspecified,4431962,32.3,22.9,0.0,0.0,0.0,0.0,3,20.0,37.8,212,Overcast,0,0,
44670,2021-06-28 12:00:00,40.697353,-73.79185,0,0,Driver Inattention/Distraction,4432325,32.3,22.9,0.0,0.0,0.0,0.0,3,20.0,37.8,212,Overcast,0,0,
44671,2021-06-28 17:53:00,40.705868,-74.00377,1,0,Driver Inattention/Distraction,4432839,32.3,22.9,0.0,0.0,0.0,0.0,3,20.0,37.8,212,Overcast,1,1,
44672,2021-06-28 23:15:00,40.601463,-73.97555,0,0,Unspecified,4432388,32.3,22.9,0.0,0.0,0.0,0.0,3,20.0,37.8,212,Overcast,0,0,
44673,2021-06-28 18:29:00,40.62374,-73.92448,2,0,Traffic Control Disregarded,4432765,32.3,22.9,0.0,0.0,0.0,0.0,3,20.0,37.8,212,Overcast,2,2,
44674,2021-06-28 20:50:00,40.625454,-74.00566,0,0,Driver Inattention/Distraction,4432002,32.3,22.9,0.0,0.0,0.0,0.0,3,20.0,37.8,212,Overcast,0,0,
44675,2021-06-06 08:19:00,40.61212,-73.919014,1,0,Driver Inattention/Distraction,4432681,31.0,20.0,0.0,0.0,0.0,0.0,1,16.6,32.4,222,Mainly clear,1,1,Sunny/Clear Conditions
44676,2021-06-26 20:53:00,40.697407,-73.93601,0,0,Failure to Yield Right-of-Way,4432603,26.5,18.6,1.3,1.3,0.0,8.0,51,23.7,52.9,181,Drizzle: Light,0,0,
44677,2021-06-27 21:00:00,40.602135,-74.114876,1,0,Following Too Closely,4432537,29.2,22.2,0.5,0.5,0.0,4.0,51,19.6,45.4,196,Drizzle: Light,1,1,
44678,2021-06-28 17:14:00,40.762268,-73.86535,0,0,Unspecified,4432716,32.3,22.9,0.0,0.0,0.0,0.0,3,20.0,37.8,212,Overcast,0,0,
44679,2021-06-28 12:30:00,40.734577,-74.00522,0,0,Passing Too Closely,4431835,32.3,22.9,0.0,0.0,0.0,0.0,3,20.0,37.8,212,Overcast,0,0,
44680,2021-06-28 03:00:00,40.769283,-73.82445,0,0,Passing or Lane Usage Improper,4431852,32.3,22.9,0.0,0.0,0.0,0.0,3,20.0,37.8,212,Overcast,0,0,
44681,2021-06-28 18:24:00,40.826427,-73.950455,1,0,Unspecified,4432189,32.3,22.9,0.0,0.0,0.0,0.0,3,20.0,37.8,212,Overcast,1,1,