,CRASH DATETIME,LATITUDE,LONGITUDE,NUMBER OF PERSONS INJURED,NUMBER OF PERSONS KILLED,CONTRIBUTING FACTOR VEHICLE 1,COLLISION_ID,temperature_2m_max,temperature_2m_min,precipitation_sum,rain_sum,snowfall_sum,precipitation_hours,weather_code,wind_speed_10m_max,wind_gusts_10m_max,wind_direction_10m_dominant,Weather Description,Severity_Score,Total_Affected_Persons,Weather_Category
44682,2021-06-28 02:20:00,40.702076,-73.87917,0,0,Turning Improperly,4432288,32.3,22.9,0.0,0.0,0.0,0.0,3,20.0,37.8,212,Overcast,0,0,
44683,2021-06-28 10:14:00,40.740833,-74.00294,0,0,Backing Unsafely,4432558,32.3,22.9,0.0,0.0,0.0,0.0,3,20.0,37.8,212,Overcast,0,0,
44684,2021-06-28 09:20:00,40.884144,-73.91502,0,0,Driver Inattention/Distraction,4431819,32.3,22.9,0.0,0.0,0.0,0.0,3,20.0,37.8,212,Overcast,0,0,
44685,2021-06-28 14:00:00,40.874928,-73.86498,0,0,Driver Inattention/Distraction,4432111,32.3,22.9,0.0,0.0,0.0,0.0,3,20.0,37.8,212,Overcast,0,0,
44686,2021-06-28 05:00:00,40.860535,-73.914345,1,0,Unsafe Speed,4431846,32.3,22.9,0.0,0.0,0.0,0.0,3,20.0,37.8,212,Overcast,1,1,
44687,2021-06-28 15:00:00,40.76635,-73.95103,1,0,Driver Inattention/Distraction,4431974,32.3,22.9,0.0,0.0,0.0,0.0,3,20.0,37.8,212,Overcast,1,1,
44688,2021-06-28 10:06:00,40.84543,-73.91399,0,0,Unsafe Speed,4432444,32.3,22.9,0.0,0.0,0.0,0.0,3,20.0,37.8,212,Overcast,0,0,
44689,2021-06-28 20:45:00,40.71702,-73.830505,0,0,Driver Inexperience,4432525,32.3,22.9,0.0,0.0,0.0,0.0,3,20.0,37.8,212,Overcast,0,0,
44690,2021-06-28 08:58:00,40.761738,-73.88151,0,0,Unspecified,4432310,32.3,22.9,0.0,0.0,0.0,0.0,3,20.0,37.8,212,Overcast,0,0,
44691,2021-06-24 21:30:00,40.680187,-73.967964,1,0,Driver Inattention/Distraction,4432731,23.2,13.5,0.0,0.0,0.0,0.0,3,19.7,40.0,145,Overcast,1,1,
44692,2021-06-28 21:00:00,40.666893,-73.80546,0,0,Following Too Closely,4431981,32.3,22.9,0.0,0.0,0.0,0.0,3,20.0,37.8,212,Overcast,0,0,
44693,2021-06-28 20:32:00,40.833412,-73.93902,0,0,Driver Inattention/Distraction,4432671,32.3,22.9,0.0,0.0,0.0,0.0,3,20.0,37.8,212,Overcast,0,0,
44694,2021-06-28 12:13:00,40.73332,-73.79114,1,0,Reaction to Uninvolved Vehicle,4432659,32.3,22.9,0.0,0.0,0.0,0.0,3,20.0,37.8,212,Overcast,1,1,
44695,2021-06-26 19:40:00,40.845985,-73.884476,0,0,Other Vehicular,4432575,26.5,18.6,1.3,1.3,0.0,8.0,51,23.7,52.9,181,Drizzle: Light,0,0,
44696,2021-06-28 19:46:00,40.714073,-73.95074,0,0,Driver Inattention/Distraction,4432426,32.3,22.9,0.0,0.0,0.0,0.0,3,20.0,37.8,212,Overcast,0,0,
44697,2021-06-28 22:47:00,40.70145,-73.989624,3,0,Unsafe Lane Changing,4432646,32.3,22.9,0.0,0.0,0.0,0.0,3,20.0,37.8,212,Overcast,3,3,
44698,2021-06-28 17:30:00,40.902355,-73.84569,0,0,Unspecified,4432183,32.3,22.9,0.0,0.0,0.0,0.0,3,20.0,37.8,212,Overcast,0,0,
44699,2021-06-28 06:40:00,40.828518,-73.8799,0,0,Other Vehicular,4431753,32.3,22.9,0.0,0.0,0.0,0.0,3,20.0,37.8,212,Overcast,0,0,
44700,2021-06-28 20:30:00,40.676117,-73.74046,0,0,Unspecified,4432269,32.3,22.9,0.0,0.0,0.0,0.0,3,20.0,37.8,212,Overcast,0,0,
44701,2021-06-28 17:00:00,40.644753,-73.92493,2,0,Turning Improperly,4431912,32.3,22.9,0.0,0.0,0.0,0.0,3,20.0,37.8,212,Overcast,2,2,
44702,2021-05-03 16:53:00,40.673103,-73.92793,1,0,Driver Inattention/Distraction,4432724,15.8,11.4,5.7,5.7,0.0,7.0,61,14.5,47.2,53,Rain: Light,1,1,
44703,2021-06-28 15:10:00,40.617107,-74.02997,0,0,Driver Inattention/Distraction,4432212,32.3,22.9,0.0,0.0,0.0,0.0,3,20.0,37.8,212,Overcast,0,0,
44704,2021-06-28 22:37:00,40.66407,-73.94847,0,0,Driver Inattention/Distraction,4432133,32.3,22.9,0.0,0.0,0.0,0.0,3,20.0,37.8,212,Overcast,0,0,
44705,2021-06-28 12:48:00,40.80988,-73.90308,1,0,Other Vehicular,4432432,32.3,22.9,0.0,0.0,0.0,0.0,3,20.0,37.8,212,Overcast,1,1,
44706,2021-06-26 13:27:00,40.75831,-73.96294,0,0,Unspecified,4432701,26.5,18.6,1.3,1.3,0.0,8.0,51,23.7,52.9,181,Drizzle: Light,0,0,
44707,2021-06-28 08:45:00,40.627567,-74.01065,0,0,Unspecified,4431948,32.3,22.9,0.0,0.0,0.0,0.0,3,20.0,37.8,212,Overcast,0,0,
44708,2021-06-28 09:15:00,40.6377,-74.082886,0,0,Backing Unsafely,4432290,32.3,22.9,0.0,0.0,0.0,0.0,3,20.0,37.8,212,Overcast,0,0,
44709,2021-06-28 16:00:00,40.604084,-74.08521,0,0,Backing Unsafely,4432350,32.3,22.9,0.0,0.0,0.0,0.0,3,20.0,37.8,212,Overcast,0,0,
44710,2021-06-28 23:16:00,40.677876,-73.85064,0,0,Driver Inattention/Distraction,4431980,32.3,22.9,0.0,0.0,0.0,0.0,3,20.0,37.8,212,Overcast,0,0,
44711,2021-06-13 06:20:00,40.666348,-73.76093,0,0,Unspecified,4427184,23.9,15.0,0.2,0.2,0.0,2.0,51,17.7,35.6,185,Drizzle: Light,0,0,
44712,2021-06-28 02:30:00,40.7077,-74.0155,0,0,Following Too Closely,4432219,32.3,22.9,0.0,0.0,0.0,0.0,3,20.0,37.8,212,Overcast,0,0,
44713,2021-06-28 08:40:00,40.750214,-73.988815,1,0,Unspecified,4431790,32.3,22.9,0.0,0.0,0.0,0.0,3,20.0,37.8,212,Overcast,1,1,
44714,2021-06-28 05:17:00,40.681686,-73.871574,3,0,Driver Inattention/Distraction,4432089,32.3,22.9,0.0,0.0,0.0,0.0,3,20.0,37.8,212,Overcast,3,3,
44715,2021-06-28 10:40:00,40.696785,-73.95659,1,0,Reaction to Uninvolved Vehicle,4431862,32.3,22.9,0.0,0.0,0.0,0.0,3,20.0,37.8,212,Overcast,1,1,
44716,2021-06-24 20:00:00,40.750706,-73.82322,1,0,Failure to Yield Right-of-Way,4432784,23.2,13.5,0.0,0.0,0.0,0.0,3,19.7,40.0,145,Overcast,1,1,
44717,2021-06-28 16:50:00,40.68097,-73.8915,1,0,Unspecified,4432106,32.3,22.9,0.0,0.0,0.0,0.0,3,20.0,37.8,212,Overcast,1,1,
44718,2021-06-28 17:00:00,40.779697,-73.81221,0,0,Failure to Yield Right-of-Way,4431943,32.3,22.9,0.0,0.0,0.0,0.0,3,20.0,37.8,212,Overcast,0,0,
44719,2021-06-28 01:30:00,40.68857,-73.8757,0,0,Driver Inattention/Distraction,4432088,32.3,22.9,0.0,0.0,0.0,0.0,3,20.0,37.8,212,Overcast,0,0,
44720,2021-05-31 18:40:00,40.677048,-73.9387,1,0,Driver Inattention/Distraction,4432707,20.3,9.3,0.7,0.7,0.0,5.0,51,20.9,40.7,318,Drizzle: Light,1,1,
44721,2021-06-28 13:13:00,40.755554,-73.91848,1,0,Driver Inattention/Distraction,4432487,32.3,22.9,0.0,0.0,0.0,0.0,3,20.0,37.8,212,Overcast,1,1,
44722,2021-06-28 08:15:00,40.70992,-73.9623,0,0,Passing or Lane Usage Improper,4432017,32.3,22.9,0.0,0.0,0.0,0.0,3,20.0,37.8,212,Overcast,0,0,
44723,2021-06-25 07:20:00,40.721485,-73.86658,1,0,Driver Inattention/Distraction,4432514,24.7,15.6,0.0,0.0,0.0,0.0,3,20.9,41.0,144,Overcast,1,1,
44724,2022-01-10 00:00:00,40.668983,-73.951126,0,0,Driver Inattention/Distraction,4493991,4.1,-4.3,0.0,0.0,0.0,0.0,3,24.1,44.3,295,Overcast,0,0,
44725,2021-06-26 16:00:00,40.59614,-73.99385,0,0,Following Too Closely,4432544,26.5,18.6,1.3,1.3,0.0,8.0,51,23.7,52.9,181,Drizzle: Light,0,0,
44726,2022-09-21 19:55:00,40.608776,-73.99751,1,0,Unspecified,4566436,26.5,16.0,0.0,0.0,0.0,0.0,3,19.4,36.7,252,Overcast,1,1,
44727,2021-06-12 09:15:00,40.67341,-73.93348,0,0,Driver Inattention/Distraction,4432730,21.2,16.4,0.4,0.4,0.0,3.0,51,15.5,31.3,112,Drizzle: Light,0,0,
44728,2021-06-28 23:37:00,40.652412,-73.95423,0,0,Unsafe Speed,4432331,32.3,22.9,0.0,0.0,0.0,0.0,3,20.0,37.8,212,Overcast,0,0,
44729,2021-06-28 01:30:00,40.817398,-73.94274,0,0,Driver Inattention/Distraction,4432622,32.3,22.9,0.0,0.0,0.0,0.0,3,20.0,37.8,212,Overcast,0,0,
44730,2021-06-25 08:50:00,40.667236,-73.770004,3,0,Following Too Closely,4430957,24.7,15.6,0.0,0.0,0.0,0.0,3,20.9,41.0,144,Overcast,3,3,
44731,2021-06-28 20:59:00,40.635983,-73.97411,0,0,Unspecified,4432597,32.3,22.9,0.0,0.0,0.0,0.0,3,20.0,37.8,212,Overcast,0,0,
44732,2021-06-28 09:30:00,40.58575,-73.953674,0,0,Passing or Lane Usage Improper,4432201,32.3,22.9,0.0,0.0,0.0,0.0,3,20.0,37.8,212,Overcast,0,0,
44733,2022-01-10 08:02:00,40.8223,-73.873,1,0,Driver Inattention/Distraction,4493422,4.1,-4.3,0.0,0.0,0.0,0.0,3,24.1,44.3,295,Overcast,1,1,
44734,2021-06-28 12:40:00,40.671947,-73.779,2,0,Failure to Yield Right-of-Way,4431848,32.3,22.9,0.0,0.0,0.0,0.0,3,20.0,37.8,212,Overcast,2,2,
44735,2021-06-28 20:08:00,40.61384,-73.981445,2,0,Driver Inattention/Distraction,4432153,32.3,22.9,0.0,0.0,0.0,0.0,3,20.0,37.8,212,Overcast,2,2,
44736,2021-06-25 02:10:00,40.837864,-73.9114,1,0,Traffic Control Disregarded,4432542,24.7,15.6,0.0,0.0,0.0,0.0,3,20.9,41.0,144,Overcast,1,1,
44737,2021-06-28 13:42:00,40.660103,-73.75684,0,0,Unspecified,4431897,32.3,22.9,0.0,0.0,0.0,0.0,3,20.0,37.8,212,Overcast,0,0,
44738,2021-06-28 07:35:00,40.679577,-73.978325,0,0,Turning Improperly,4432191,32.3,22.9,0.0,0.0,0.0,0.0,3,20.0,37.8,212,Overcast,0,0,
44739,2021-06-28 16:10:00,40.757732,-73.99686,0,0,Following Too Closely,4432562,32.3,22.9,0.0,0.0,0.0,0.0,3,20.0,37.8,212,Overcast,0,0,
44740,2021-06-28 16:00:00,40.642384,-73.92539,0,0,Unsafe Speed,4431929,32.3,22.9,0.0,0.0,0.0,0.0,3,20.0,37.8,212,Overcast,0,0,
44741,2021-06-28 10:36:00,40.608204,-73.920715,0,0,Fatigued/Drowsy,4432235,32.3,22.9,0.0,0.0,0.0,0.0,3,20.0,37.8,212,Overcast,0,0,
44742,2021-06-24 15:00:00,0.0,0.0,0,0,Unspecified,4432592,23.2,13.5,0.0,0.0,0.0,0.0,3,19.7,40.0,145,Overcast,0,0,
44743,2021-06-28 07:29:00,40.830112,-73.850266,5,0,Unspecified,4431814,32.3,22.9,0.0,0.0,0.0,0.0,3,20.0,37.8,212,Overcast,5,5,
44744,2021-06-28 19:15:00,40.878468,-73.82827,0,0,Lost Consciousness,4432160,32.3,22.9,0.0,0.0,0.0,0.0,3,20.0,37.8,212,Overcast,0,0,
44745,2021-06-22 12:30:00,40.865547,-73.92728,0,0,Unsafe Speed,4432814,24.2,15.1,8.5,8.5,0.0,9.0,63,22.2,43.2,305,Rain: Moderate,0,0,
44746,2021-06-28 22:55:00,40.828,-73.84701,0,0,Driver Inattention/Distraction,4432222,32.3,22.9,0.0,0.0,0.0,0.0,3,20.0,37.8,212,Overcast,0,0,
44747,2021-06-28 11:52:00,40.83114,-73.879776,1,0,Driver Inattention/Distraction,4432287,32.3,22.9,0.0,0.0,0.0,0.0,3,20.0,37.8,212,Overcast,1,1,
44748,2021-06-28 09:00:00,40.75855,-73.82964,0,0,Backing Unsafely,4431827,32.3,22.9,0.0,0.0,0.0,0.0,3,20.0,37.8,212,Overcast,0,0,
44749,2021-06-28 15:00:00,40.74045,-73.844376,1,0,Driver Inattention/Distraction,4431884,32.3,22.9,0.0,0.0,0.0,0.0,3,20.0,37.8,212,Overcast,1,1,
44750,2021-06-27 17:40:00,40.852768,-73.89217,0,0,Unsafe Speed,4432576,29.2,22.2,0.5,0.5,0.0,4.0,51,19.6,45.4,196,Drizzle: Light,0,0,
44751,2021-06-28 19:10:00,40.845837,-73.892006,0,0,Backing Unsafely,4432581,32.3,22.9,0.0,0.0,0.0,0.0,3,20.0,37.8,212,Overcast,0,0,
44752,2021-06-28 22:05:00,40.60648,-73.96462,1,0,,4432043,32.3,22.9,0.0,0.0,0.0,0.0,3,20.0,37.8,212,Overcast,1,1,
44753,2021-06-28 20:09:00,40.75649,-73.997765,0,0,Passing or Lane Usage Improper,4432564,32.3,22.9,0.0,0.0,0.0,0.0,3,20.0,37.8,212,Overcast,0,0,
44754,2021-06-28 01:05:00,40.695335,-73.80121,3,0,Alcohol Involvement,4432329,32.3,22.9,0.0,0.0,0.0,0.0,3,20.0,37.8,212,Overcast,3,3,
44755,2021-06-26 19:00:00,40.606163,-74.09093,0,0,Alcohol Involvement,4432536,26.5,18.6,1.3,1.3,0.0,8.0,51,23.7,52.9,181,Drizzle: Light,0,0,
44756,2021-06-28 11:00:00,40.835133,-73.86195,0,0,Unspecified,4431833,32.3,22.9,0.0,0.0,0.0,0.0,3,20.0,37.8,212,Overcast,0,0,
44757,2021-06-28 18:30:00,40.726814,-73.83846,0,0,Following Too Closely,4431940,32.3,22.9,0.0,0.0,0.0,0.0,3,20.0,37.8,212,Overcast,0,0,
44758,2021-06-12 14:11:00,40.672688,-73.73544,0,0,Following Too Closely,4426233,21.2,16.4,0.4,0.4,0.0,3.0,51,15.5,31.3,112,Drizzle: Light,0,0,
44759,2021-06-28 10:36:00,40.794132,-73.94281,0,0,Unsafe Speed,4431776,32.3,22.9,0.0,0.0,0.0,0.0,3,20.0,37.8,212,Overcast,0,0,
44760,2021-06-21 16:30:00,40.81792,-73.949745,0,0,Unspecified,4432841,28.0,21.7,0.5,0.5,0.0,2.0,51,24.4,46.8,181,Drizzle: Light,0,0,
44761,2021-06-28 11:40:00,40.740017,-73.84565,0,0,Following Too Closely,4431913,32.3,22.9,0.0,0.0,0.0,0.0,3,20.0,37.8,212,Overcast,0,0,
44762,2021-06-21 16:52:00,40.712753,-73.99774,0,0,Passing Too Closely,4432626,28.0,21.7,0.5,0.5,0.0,2.0,51,24.4,46.8,181,Drizzle: Light,0,0,
44763,2021-06-28 08:05:00,40.665546,-73.9537,1,0,View Obstructed/Limited,4432138,32.3,22.9,0.0,0.0,0.0,0.0,3,20.0,37.8,212,Overcast,1,1,
44764,2021-06-28 16:43:00,40.866047,-73.87207,0,0,Following Too Closely,4431905,32.3,22.9,0.0,0.0,0.0,0.0,3,20.0,37.8,212,Overcast,0,0,
44765,2021-06-18 12:51:00,40.626488,-74.16007,1,0,Backing Unsafely,4432683,27.4,13.8,0.0,0.0,0.0,0.0,3,20.5,40.3,210,Overcast,1,1,
44766,2021-06-28 22:29:00,40.84869,-73.90329,2,0,Driver Inexperience,4432486,32.3,22.9,0.0,0.0,0.0,0.0,3,20.0,37.8,212,Overcast,2,2,
44767,2021-06-28 11:38:00,40.60981,-73.92251,0,0,Unspecified,4432236,32.3,22.9,0.0,0.0,0.0,0.0,3,20.0,37.8,212,Overcast,0,0,
44768,2021-06-04 16:05:00,40.668495,-73.925606,0,0,Passing or Lane Usage Improper,4432717,25.3,17.4,6.5,6.5,0.0,10.0,61,17.9,37.8,235,Rain: Light,0,0,
44769,2021-06-28 10:27:00,40.636757,-73.891495,0,0,Driver Inattention/Distraction,4431963,32.3,22.9,0.0,0.0,0.0,0.0,3,20.0,37.8,212,Overcast,0,0,
44770,2021-06-28 14:20:00,40.675774,-73.98421,0,0,Driver Inattention/Distraction,4432188,32.3,22.9,0.0,0.0,0.0,0.0,3,20.0,37.8,212,Overcast,0,0,
44771,2021-06-28 05:30:00,40.857105,-73.90936,1,0,Alcohol Involvement,4432268,32.3,22.9,0.0,0.0,0.0,0.0,3,20.0,37.8,212,Overcast,1,1,
44772,2021-06-28 18:56:00,40.57281,-73.99916,0,0,Driver Inattention/Distraction,4432217,32.3,22.9,0.0,0.0,0.0,0.0,3,20.0,37.8,212,Overcast,0,0,
44773,2021-06-28 07:50:00,40.674,-74.000275,0,0,Driver Inattention/Distraction,4432030,32.3,22.9,0.0,0.0,0.0,0.0,3,20.0,37.8,212,Overcast,0,0,
44774,2021-06-28 00:19:00,40.609886,-73.98556,1,0,Animals Action,4432386,32.3,22.9,0.0,0.0,0.0,0.0,3,20.0,37.8,212,Overcast,1,1,
44775,2021-06-25 13:45:00,40.759514,-73.99926,1,0,Following Too Closely,4432557,24.7,15.6,0.0,0.0,0.0,0.0,3,20.9,41.0,144,Overcast,1,1,
44776,2021-06-28 18:35:00,40.75738,-73.966705,1,0,Driver Inattention/Distraction,4431952,32.3,22.9,0.0,0.0,0.0,0.0,3,20.0,37.8,212,Overcast,1,1,
44777,2021-06-27 21:50:00,40.87122,-73.91416,0,0,Unsafe Speed,4432818,29.2,22.2,0.5,0.5,0.0,4.0,51,19.6,45.4,196,Drizzle: Light,0,0,
44778,2021-06-28 01:50:00,40.587986,-73.91973,2,0,Unsafe Speed,4432449,32.3,22.9,0.0,0.0,0.0,0.0,3,20.0,37.8,212,Overcast,2,2,
44779,2021-06-26 01:00:00,40.818386,-73.95632,0,0,Unspecified,4432742,26.5,18.6,1.3,1.3,0.0,8.0,51,23.7,52.9,181,Drizzle: Light,0,0,
44780,2021-06-28 11:20:00,40.628353,-74.02908,1,0,Driver Inattention/Distraction,4431947,32.3,22.9,0.0,0.0,0.0,0.0,3,20.0,37.8,212,Overcast,1,1,
44781,2021-06-28 04:30:00,40.7688,-73.988785,1,0,Driver Inattention/Distraction,4431732,32.3,22.9,0.0,0.0,0.0,0.0,3,20.0,37.8,212,Overcast,1,1,
44782,2021-06-24 17:00:00,40.75898,-73.99595,0,0,Passing or Lane Usage Improper,4432517,23.2,13.5,0.0,0.0,0.0,0.0,3,19.7,40.0,145,Overcast,0,0,
44783,2021-06-28 06:50:00,40.78879,-73.940216,0,0,Unspecified,4432647,32.3,22.9,0.0,0.0,0.0,0.0,3,20.0,37.8,212,Overcast,0,0,
44784,2021-06-28 00:08:00,40.68738,-73.92089,0,0,Driver Inattention/Distraction,4431855,32.3,22.9,0.0,0.0,0.0,0.0,3,20.0,37.8,212,Overcast,0,0,
44785,2021-06-28 14:09:00,40.66708,-73.81033,0,0,Failure to Yield Right-of-Way,4431982,32.3,22.9,0.0,0.0,0.0,0.0,3,20.0,37.8,212,Overcast,0,0,
44786,2021-06-28 20:30:00,40.643578,-73.9899,1,0,Unspecified,4432604,32.3,22.9,0.0,0.0,0.0,0.0,3,20.0,37.8,212,Overcast,1,1,
44787,2021-06-23 21:25:00,40.74702,-74.00466,0,0,Backing Unsafely,4432554,23.1,12.2,0.0,0.0,0.0,0.0,3,16.5,31.7,309,Overcast,0,0,
44788,2021-06-28 13:50:00,40.654327,-73.9221,0,0,Unspecified,4432337,32.3,22.9,0.0,0.0,0.0,0.0,3,20.0,37.8,212,Overcast,0,0,
44789,2021-06-23 22:15:00,40.752033,-73.99106,0,0,Driver Inattention/Distraction,4432854,23.1,12.2,0.0,0.0,0.0,0.0,3,16.5,31.7,309,Overcast,0,0,
44790,2021-06-24 19:00:00,40.69613,-73.987114,0,0,Following Too Closely,4432710,23.2,13.5,0.0,0.0,0.0,0.0,3,19.7,40.0,145,Overcast,0,0,
44791,2021-06-26 15:00:00,40.606865,-73.89829,2,0,Other Vehicular,4432769,26.5,18.6,1.3,1.3,0.0,8.0,51,23.7,52.9,181,Drizzle: Light,2,2,
44792,2021-06-28 15:10:00,40.801,-73.91371,0,0,Unspecified,4432014,32.3,22.9,0.0,0.0,0.0,0.0,3,20.0,37.8,212,Overcast,0,0,
44793,2021-06-28 00:46:00,40.662174,-73.953705,1,0,Driver Inattention/Distraction,4432131,32.3,22.9,0.0,0.0,0.0,0.0,3,20.0,37.8,212,Overcast,1,1,
44794,2021-06-28 13:15:00,40.58524,-74.093414,1,0,Other Vehicular,4432355,32.3,22.9,0.0,0.0,0.0,0.0,3,20.0,37.8,212,Overcast,1,1,
44795,2021-06-28 23:20:00,40.72857,-73.85809,3,0,Driver Inexperience,4431972,32.3,22.9,0.0,0.0,0.0,0.0,3,20.0,37.8,212,Overcast,3,3,
44796,2021-06-28 18:14:00,40.70861,-73.7288,3,0,Traffic Control Disregarded,4431933,32.3,22.9,0.0,0.0,0.0,0.0,3,20.0,37.8,212,Overcast,3,3,
44797,2021-06-28 20:00:00,40.775223,-73.90318,0,0,Unspecified,4432490,32.3,22.9,0.0,0.0,0.0,0.0,3,20.0,37.8,212,Overcast,0,0,
44798,2022-01-10 18:38:00,40.804886,-73.96248,0,0,Backing Unsafely,4493559,4.1,-4.3,0.0,0.0,0.0,0.0,3,24.1,44.3,295,Overcast,0,0,
44799,2021-06-28 22:04:00,40.794735,-73.96988,0,0,Unspecified,4432175,32.3,22.9,0.0,0.0,0.0,0.0,3,20.0,37.8,212,Overcast,0,0,
44800,2021-06-28 08:40:00,40.757267,-73.88663,0,0,Driver Inattention/Distraction,4432318,32.3,22.9,0.0,0.0,0.0,0.0,3,20.0,37.8,212,Overcast,0,0,
44801,2021-06-28 20:30:00,40.852386,-73.90369,1,0,Unsafe Speed,4432020,32.3,22.9,0.0,0.0,0.0,0.0,3,20.0,37.8,212,Overcast,1,1,
44802,2021-06-28 13:10:00,40.70918,-73.81916,1,0,Driver Inattention/Distraction,4432672,32.3,22.9,0.0,0.0,0.0,0.0,3,20.0,37.8,212,Overcast,1,1,
44803,2021-06-28 08:00:00,40.66882,-73.867226,1,0,Backing Unsafely,4432090,32.3,22.9,0.0,0.0,0.0,0.0,3,20.0,37.8,212,Overcast,1,1,
44804,2021-06-28 05:00:00,40.742126,-74.002205,0,0,Passing Too Closely,4432561,32.3,22.9,0.0,0.0,0.0,0.0,3,20.0,37.8,212,Overcast,0,0,
44805,2021-06-28 17:47:00,40.71882,-73.9468,0,0,Driver Inattention/Distraction,4432423,32.3,22.9,0.0,0.0,0.0,0.0,3,20.0,37.8,212,Overcast,0,0,
44806,2021-06-15 13:44:00,40.666233,-73.761,1,0,Unspecified,4427536,25.1,17.4,1.0,1.0,0.0,4.0,53,17.7,33.8,295,Drizzle: Moderate,1,1,
44807,2021-06-28 14:00:00,40.706062,-73.91626,0,0,Backing Unsafely,4432609,32.3,22.9,0.0,0.0,0.0,0.0,3,20.0,37.8,212,Overcast,0,0,
44808,2021-06-28 18:05:00,40.66047,-73.89205,0,0,Driver Inexperience,4432107,32.3,22.9,0.0,0.0,0.0,0.0,3,20.0,37.8,212,Overcast,0,0,
44809,2021-06-25 02:00:00,40.639782,-74.00151,0,0,Unspecified,4432600,24.7,15.6,0.0,0.0,0.0,0.0,3,20.9,41.0,144,Overcast,0,0,
44810,2021-06-28 20:00:00,40.814835,-73.91054,0,0,Unspecified,4432436,32.3,22.9,0.0,0.0,0.0,0.0,3,20.0,37.8,212,Overcast,0,0,
44811,2021-06-28 06:30:00,40.820293,-73.94378,0,0,Unspecified,4431674,32.3,22.9,0.0,0.0,0.0,0.0,3,20.0,37.8,212,Overcast,0,0,
44812,2021-06-25 05:58:00,40.74649,-74.001335,0,0,Following Too Closely,4432550,24.7,15.6,0.0,0.0,0.0,0.0,3,20.9,41.0,144,Overcast,0,0,
44813,2021-06-28 22:00:00,40.753487,-73.93795,0,0,Driver Inattention/Distraction,4432494,32.3,22.9,0.0,0.0,0.0,0.0,3,20.0,37.8,212,Overcast,0,0,
44814,2021-06-28 19:00:00,40.712646,-73.98998,0,0,Turning Improperly,4431951,32.3,22.9,0.0,0.0,0.0,0.0,3,20.0,37.8,212,Overcast,0,0,
44815,2021-06-28 14:10:00,40.77687,-73.90493,0,0,Unspecified,4432205,32.3,22.9,0.0,0.0,0.0,0.0,3,20.0,37.8,212,Overcast,0,0,
44816,2021-06-28 06:50:00,40.666737,-73.78628,2,0,Following Too Closely,4431849,32.3,22.9,0.0,0.0,0.0,0.0,3,20.0,37.8,212,Overcast,2,2,
44817,2021-06-28 11:20:00,40.67007,-73.98816,0,0,Backing Unsafely,4432192,32.3,22.9,0.0,0.0,0.0,0.0,3,20.0,37.8,212,Overcast,0,0,
44818,2021-06-27 04:03:00,40.720245,-73.9444,0,0,Driver Inattention/Distraction,4432812,29.2,22.2,0.5,0.5,0.0,4.0,51,19.6,45.4,196,Drizzle: Light,0,0,
44819,2021-06-27 01:05:00,40.608776,-74.09113,1,0,Driver Inattention/Distraction,4432532,29.2,22.2,0.5,0.5,0.0,4.0,51,19.6,45.4,196,Drizzle: Light,1,1,
44820,2021-06-28 18:08:00,40.845985,-73.884476,3,0,Failure to Yield Right-of-Way,4432338,32.3,22.9,0.0,0.0,0.0,0.0,3,20.0,37.8,212,Overcast,3,3,
44821,2021-06-28 18:00:00,40.679653,-73.77724,0,0,Following Too Closely,4432029,32.3,22.9,0.0,0.0,0.0,0.0,3,20.0,37.8,212,Overcast,0,0,
44822,2021-06-26 13:50:00,40.667027,-73.9952,0,0,Unspecified,4432706,26.5,18.6,1.3,1.3,0.0,8.0,51,23.7,52.9,181,Drizzle: Light,0,0,
44823,2021-06-28 07:00:00,40.65204,-73.887955,0,0,Backing Unsafely,4432074,32.3,22.9,0.0,0.0,0.0,0.0,3,20.0,37.8,212,Overcast,0,0,
44824,2021-06-22 17:23:00,40.676598,-73.93039,3,0,Driver Inattention/Distraction,4432723,24.2,15.1,8.5,8.5,0.0,9.0,63,22.2,43.2,305,Rain: Moderate,3,3,
44825,2021-06-28 12:40:00,40.613163,-74.121414,0,0,Driver Inattention/Distraction,4432292,32.3,22.9,0.0,0.0,0.0,0.0,3,20.0,37.8,212,Overcast,0,0,
44826,2021-06-28 09:00:00,40.670006,-73.95328,0,0,Driver Inattention/Distraction,4432139,32.3,22.9,0.0,0.0,0.0,0.0,3,20.0,37.8,212,Overcast,0,0,
44827,2021-06-28 10:10:00,40.742405,-73.75348,1,0,Failure to Yield Right-of-Way,4431900,32.3,22.9,0.0,0.0,0.0,0.0,3,20.0,37.8,212,Overcast,1,1,
44828,2021-06-28 16:01:00,40.642384,-73.92539,1,0,Driver Inattention/Distraction,4431928,32.3,22.9,0.0,0.0,0.0,0.0,3,20.0,37.8,212,Overcast,1,1,
44829,2021-06-24 18:35:00,40.872173,-73.86319,2,0,Driver Inattention/Distraction,4432571,23.2,13.5,0.0,0.0,0.0,0.0,3,19.7,40.0,145,Overcast,2,2,
44830,2021-06-28 17:25:00,40.845016,-73.82567,2,0,Unspecified,4432161,32.3,22.9,0.0,0.0,0.0,0.0,3,20.0,37.8,212,Overcast,2,2,
44831,2021-06-28 08:00:00,40.685074,-73.83029,0,0,Driver Inattention/Distraction,4431978,32.3,22.9,0.0,0.0,0.0,0.0,3,20.0,37.8,212,Overcast,0,0,
44832,2021-06-23 10:35:00,40.82463,-73.85566,0,0,Unspecified,4432666,23.1,12.2,0.0,0.0,0.0,0.0,3,16.5,31.7,309,Overcast,0,0,