,CRASH DATETIME,LATITUDE,LONGITUDE,NUMBER OF PERSONS INJURED,NUMBER OF PERSONS KILLED,CONTRIBUTING FACTOR VEHICLE 1,COLLISION_ID,temperature_2m_max,temperature_2m_min,precipitation_sum,rain_sum,snowfall_sum,precipitation_hours,weather_code,wind_speed_10m_max,wind_gusts_10m_max,wind_direction_10m_dominant,Weather Description,Severity_Score,Total_Affected_Persons,Weather_Category
44833,2021-06-28 13:47:00,40.827183,-73.86011,0,0,Unspecified,4432541,32.3,22.9,0.0,0.0,0.0,0.0,3,20.0,37.8,212,Overcast,0,0,
44834,2021-06-28 07:10:00,40.71281,-73.809845,0,0,Passing or Lane Usage Improper,4432621,32.3,22.9,0.0,0.0,0.0,0.0,3,20.0,37.8,212,Overcast,0,0,
44835,2021-06-28 14:40:00,40.63773,-73.93472,0,0,Unspecified,4431909,32.3,22.9,0.0,0.0,0.0,0.0,3,20.0,37.8,212,Overcast,0,0,
44836,2021-06-28 18:10:00,40.7139,-73.7539,0,0,Unspecified,4431934,32.3,22.9,0.0,0.0,0.0,0.0,3,20.0,37.8,212,Overcast,0,0,
44837,2021-06-28 15:00:00,40.613388,-73.995995,0,0,Driver Inattention/Distraction,4432322,32.3,22.9,0.0,0.0,0.0,0.0,3,20.0,37.8,212,Overcast,0,0,
44838,2021-06-28 07:30:00,40.824158,-73.87462,0,0,Unspecified,4432223,32.3,22.9,0.0,0.0,0.0,0.0,3,20.0,37.8,212,Overcast,0,0,
44839,2021-06-28 12:40:00,40.70926,-73.87782,0,0,Driver Inattention/Distraction,4432242,32.3,22.9,0.0,0.0,0.0,0.0,3,20.0,37.8,212,Overcast,0,0,
44840,2021-06-28 07:21:00,40.841423,-73.92867,0,0,Driver Inexperience,4432676,32.3,22.9,0.0,0.0,0.0,0.0,3,20.0,37.8,212,Overcast,0,0,
44841,2021-06-28 10:12:00,40.666386,-73.78487,0,0,Unspecified,4431804,32.3,22.9,0.0,0.0,0.0,0.0,3,20.0,37.8,212,Overcast,0,0,
44842,2021-06-28 22:41:00,40.6545,-73.88222,2,0,Passing or Lane Usage Improper,4432078,32.3,22.9,0.0,0.0,0.0,0.0,3,20.0,37.8,212,Overcast,2,2,
44843,2022-01-10 06:18:00,40.660233,-73.93712,0,0,Unspecified,4493376,4.1,-4.3,0.0,0.0,0.0,0.0,3,24.1,44.3,295,Overcast,0,0,
44844,2021-05-24 22:42:00,40.675186,-73.933304,0,0,Driver Inattention/Distraction,4432729,18.9,13.7,0.0,0.0,0.0,0.0,3,22.4,44.3,126,Overcast,0,0,
44845,2021-06-28 08:00:00,40.740967,-73.85851,0,0,Unspecified,4431841,32.3,22.9,0.0,0.0,0.0,0.0,3,20.0,37.8,212,Overcast,0,0,
44846,2021-06-27 02:35:00,40.661392,-73.76003,0,0,Unspecified,4432687,29.2,22.2,0.5,0.5,0.0,4.0,51,19.6,45.4,196,Drizzle: Light,0,0,
44847,2021-06-28 19:48:00,40.626293,-74.01572,0,0,Failure to Yield Right-of-Way,4432171,32.3,22.9,0.0,0.0,0.0,0.0,3,20.0,37.8,212,Overcast,0,0,
44848,2021-06-28 06:51:00,40.67997,-73.77624,0,0,Unspecified,4431762,32.3,22.9,0.0,0.0,0.0,0.0,3,20.0,37.8,212,Overcast,0,0,
44849,2021-06-28 21:20:00,40.721497,-73.83531,1,0,Driver Inattention/Distraction,4431941,32.3,22.9,0.0,0.0,0.0,0.0,3,20.0,37.8,212,Overcast,1,1,
44850,2021-06-28 20:50:00,40.822678,-73.842575,1,0,Unsafe Speed,4432221,32.3,22.9,0.0,0.0,0.0,0.0,3,20.0,37.8,212,Overcast,1,1,
44851,2021-06-19 15:45:00,40.723198,-73.99866,0,0,Driver Inattention/Distraction,4432627,31.5,19.5,1.2,1.2,0.0,3.0,53,21.1,38.2,243,Drizzle: Moderate,0,0,
44852,2021-06-28 02:10:00,40.66813,-73.93675,1,0,Alcohol Involvement,4432137,32.3,22.9,0.0,0.0,0.0,0.0,3,20.0,37.8,212,Overcast,1,1,
44853,2021-06-28 12:40:00,40.822613,-73.876816,1,0,Unspecified,4431875,32.3,22.9,0.0,0.0,0.0,0.0,3,20.0,37.8,212,Overcast,1,1,
44854,2021-06-28 08:25:00,40.843994,-73.89752,0,0,View Obstructed/Limited,4432523,32.3,22.9,0.0,0.0,0.0,0.0,3,20.0,37.8,212,Overcast,0,0,
44855,2021-06-28 14:20:00,40.74755,-73.88461,0,0,Unspecified,4432453,32.3,22.9,0.0,0.0,0.0,0.0,3,20.0,37.8,212,Overcast,0,0,
44856,2021-06-28 18:45:00,40.707222,-73.952095,0,0,Turning Improperly,4431986,32.3,22.9,0.0,0.0,0.0,0.0,3,20.0,37.8,212,Overcast,0,0,
44857,2021-06-26 21:00:00,40.636513,-73.89681,0,0,Passing Too Closely,4432747,26.5,18.6,1.3,1.3,0.0,8.0,51,23.7,52.9,181,Drizzle: Light,0,0,
44858,2021-06-28 21:37:00,40.794235,-73.962814,0,0,Passing or Lane Usage Improper,4431965,32.3,22.9,0.0,0.0,0.0,0.0,3,20.0,37.8,212,Overcast,0,0,
44859,2021-06-28 20:19:00,40.712307,-73.785225,0,0,Failure to Yield Right-of-Way,4432327,32.3,22.9,0.0,0.0,0.0,0.0,3,20.0,37.8,212,Overcast,0,0,
44860,2021-06-28 18:35:00,40.686756,-73.975525,1,0,Aggressive Driving/Road Rage,4432384,32.3,22.9,0.0,0.0,0.0,0.0,3,20.0,37.8,212,Overcast,1,1,
44861,2021-06-28 13:51:00,40.80714,-73.929955,0,0,Unspecified,4432015,32.3,22.9,0.0,0.0,0.0,0.0,3,20.0,37.8,212,Overcast,0,0,
44862,2021-06-28 14:45:00,40.726097,-73.91943,0,0,Driver Inattention/Distraction,4432775,32.3,22.9,0.0,0.0,0.0,0.0,3,20.0,37.8,212,Overcast,0,0,
44863,2021-06-25 16:44:00,40.541924,-74.18563,0,0,Driver Inattention/Distraction,4432649,24.7,15.6,0.0,0.0,0.0,0.0,3,20.9,41.0,144,Overcast,0,0,
44864,2021-06-28 02:00:00,40.72656,-73.83802,2,0,Driver Inattention/Distraction,4431857,32.3,22.9,0.0,0.0,0.0,0.0,3,20.0,37.8,212,Overcast,2,2,
44865,2021-06-27 23:10:00,40.679638,-73.9048,2,0,Failure to Yield Right-of-Way,4432605,29.2,22.2,0.5,0.5,0.0,4.0,51,19.6,45.4,196,Drizzle: Light,2,2,
44866,2021-06-28 12:00:00,40.828407,-73.84392,0,0,Unspecified,4431832,32.3,22.9,0.0,0.0,0.0,0.0,3,20.0,37.8,212,Overcast,0,0,
44867,2021-06-23 18:58:00,40.63001,-74.08173,0,0,Driver Inattention/Distraction,4432535,23.1,12.2,0.0,0.0,0.0,0.0,3,16.5,31.7,309,Overcast,0,0,
44868,2021-06-28 13:00:00,40.67389,-73.990776,0,0,Passing Too Closely,4432186,32.3,22.9,0.0,0.0,0.0,0.0,3,20.0,37.8,212,Overcast,0,0,
44869,2021-06-18 16:30:00,40.67828,-73.958855,0,0,Driver Inattention/Distraction,4432718,27.4,13.8,0.0,0.0,0.0,0.0,3,20.5,40.3,210,Overcast,0,0,
44870,2021-06-10 08:40:00,40.667038,-73.7682,0,0,Failure to Yield Right-of-Way,4425676,26.7,16.8,0.0,0.0,0.0,0.0,3,20.9,40.3,78,Overcast,0,0,
44871,2022-01-10 14:07:00,40.832752,-73.844925,2,0,Failure to Yield Right-of-Way,4493494,4.1,-4.3,0.0,0.0,0.0,0.0,3,24.1,44.3,295,Overcast,2,2,
44872,2021-06-28 16:00:00,40.7613,-73.80952,0,0,Unspecified,4431914,32.3,22.9,0.0,0.0,0.0,0.0,3,20.0,37.8,212,Overcast,0,0,
44873,2021-06-28 19:30:00,40.683826,-73.99128,0,0,Passing Too Closely,4432035,32.3,22.9,0.0,0.0,0.0,0.0,3,20.0,37.8,212,Overcast,0,0,
44874,2021-06-28 17:34:00,40.577644,-73.99688,2,0,Backing Unsafely,4432216,32.3,22.9,0.0,0.0,0.0,0.0,3,20.0,37.8,212,Overcast,2,2,
44875,2021-06-28 17:38:00,40.61785,-73.988075,0,0,Driver Inattention/Distraction,4432128,32.3,22.9,0.0,0.0,0.0,0.0,3,20.0,37.8,212,Overcast,0,0,
44876,2021-06-28 09:30:00,40.756397,-73.804535,0,0,Passing Too Closely,4431828,32.3,22.9,0.0,0.0,0.0,0.0,3,20.0,37.8,212,Overcast,0,0,
44877,2021-06-28 09:00:00,40.856323,-73.87244,0,0,Other Vehicular,4431747,32.3,22.9,0.0,0.0,0.0,0.0,3,20.0,37.8,212,Overcast,0,0,
44878,2021-06-28 08:14:00,40.6304,-74.02074,0,0,Driver Inexperience,4431946,32.3,22.9,0.0,0.0,0.0,0.0,3,20.0,37.8,212,Overcast,0,0,
44879,2021-06-27 08:20:00,40.84827,-73.88312,0,0,Passing or Lane Usage Improper,4432580,29.2,22.2,0.5,0.5,0.0,4.0,51,19.6,45.4,196,Drizzle: Light,0,0,
44880,2021-06-28 09:30:00,40.767918,-73.985725,0,0,Unspecified,4432052,32.3,22.9,0.0,0.0,0.0,0.0,3,20.0,37.8,212,Overcast,0,0,
44881,2021-06-28 14:25:00,40.74565,-73.92485,1,0,Passenger Distraction,4431919,32.3,22.9,0.0,0.0,0.0,0.0,3,20.0,37.8,212,Overcast,1,1,
44882,2021-06-28 11:50:00,40.774357,-73.912865,0,0,Driver Inattention/Distraction,4432483,32.3,22.9,0.0,0.0,0.0,0.0,3,20.0,37.8,212,Overcast,0,0,
44883,2021-06-13 19:39:00,40.84465,-73.89177,0,0,Other Vehicular,4432519,23.9,15.0,0.2,0.2,0.0,2.0,51,17.7,35.6,185,Drizzle: Light,0,0,
44884,2021-06-28 19:55:00,40.65691,-73.91395,0,0,Unspecified,4432336,32.3,22.9,0.0,0.0,0.0,0.0,3,20.0,37.8,212,Overcast,0,0,
44885,2021-06-24 18:15:00,40.74955,-74.00654,0,0,Passing Too Closely,4432555,23.2,13.5,0.0,0.0,0.0,0.0,3,19.7,40.0,145,Overcast,0,0,
44886,2021-06-24 18:06:00,40.81574,-73.95456,1,0,Failure to Yield Right-of-Way,4432842,23.2,13.5,0.0,0.0,0.0,0.0,3,19.7,40.0,145,Overcast,1,1,
44887,2021-06-17 20:30:00,40.765392,-73.9182,1,0,Driver Inattention/Distraction,4432711,23.9,12.1,0.0,0.0,0.0,0.0,3,13.4,27.4,311,Overcast,1,1,
44888,2021-06-28 21:20:00,40.621777,-73.920395,0,0,Unspecified,4431954,32.3,22.9,0.0,0.0,0.0,0.0,3,20.0,37.8,212,Overcast,0,0,
44889,2022-01-10 15:00:00,40.70419,-74.01321,0,0,Driver Inattention/Distraction,4493704,4.1,-4.3,0.0,0.0,0.0,0.0,3,24.1,44.3,295,Overcast,0,0,
44890,2021-06-27 11:45:00,40.86079,-73.89229,0,0,Driver Inattention/Distraction,4432577,29.2,22.2,0.5,0.5,0.0,4.0,51,19.6,45.4,196,Drizzle: Light,0,0,
44891,2021-06-28 17:00:00,40.635868,-74.00559,1,0,Unspecified,4432601,32.3,22.9,0.0,0.0,0.0,0.0,3,20.0,37.8,212,Overcast,1,1,
44892,2021-06-12 20:45:00,40.7027,-73.75591,0,0,Reaction to Uninvolved Vehicle,4432628,21.2,16.4,0.4,0.4,0.0,3.0,51,15.5,31.3,112,Drizzle: Light,0,0,
44893,2021-06-28 13:00:00,40.69165,-73.779205,1,0,Obstruction/Debris,4432207,32.3,22.9,0.0,0.0,0.0,0.0,3,20.0,37.8,212,Overcast,1,1,
44894,2021-06-26 00:00:00,40.82097,-73.88256,0,0,Driver Inattention/Distraction,4432540,26.5,18.6,1.3,1.3,0.0,8.0,51,23.7,52.9,181,Drizzle: Light,0,0,
44895,2021-06-28 10:36:00,40.66469,-73.93811,0,0,Driver Inattention/Distraction,4432140,32.3,22.9,0.0,0.0,0.0,0.0,3,20.0,37.8,212,Overcast,0,0,
44896,2021-06-28 09:00:00,40.78389,-73.950294,1,0,Pedestrian/Bicyclist/Other Pedestrian Error/Confusion,4431840,32.3,22.9,0.0,0.0,0.0,0.0,3,20.0,37.8,212,Overcast,1,1,
44897,2021-06-28 10:35:00,40.652462,-73.92285,0,0,Failure to Yield Right-of-Way,4431910,32.3,22.9,0.0,0.0,0.0,0.0,3,20.0,37.8,212,Overcast,0,0,
44898,2021-06-28 10:06:00,40.84442,-73.92505,0,0,Unspecified,4432284,32.3,22.9,0.0,0.0,0.0,0.0,3,20.0,37.8,212,Overcast,0,0,
44899,2021-06-28 17:17:00,40.73059,-73.99242,0,0,Passing or Lane Usage Improper,4432251,32.3,22.9,0.0,0.0,0.0,0.0,3,20.0,37.8,212,Overcast,0,0,
44900,2021-06-28 10:59:00,40.748985,-73.979965,1,0,Driver Inattention/Distraction,4431816,32.3,22.9,0.0,0.0,0.0,0.0,3,20.0,37.8,212,Overcast,1,1,
44901,2021-06-26 12:54:00,40.69564,-73.7711,0,0,Backing Unsafely,4432607,26.5,18.6,1.3,1.3,0.0,8.0,51,23.7,52.9,181,Drizzle: Light,0,0,
44902,2021-06-28 08:22:00,40.55464,-74.14608,0,0,Glare,4432347,32.3,22.9,0.0,0.0,0.0,0.0,3,20.0,37.8,212,Overcast,0,0,
44903,2021-06-27 20:34:00,40.877686,-73.824936,1,0,Alcohol Involvement,4432663,29.2,22.2,0.5,0.5,0.0,4.0,51,19.6,45.4,196,Drizzle: Light,1,1,
44904,2021-06-28 17:00:00,40.70679,-73.933716,0,0,Passing Too Closely,4432019,32.3,22.9,0.0,0.0,0.0,0.0,3,20.0,37.8,212,Overcast,0,0,
44905,2021-06-28 20:40:00,40.770256,-73.91586,0,0,Driver Inexperience,4432489,32.3,22.9,0.0,0.0,0.0,0.0,3,20.0,37.8,212,Overcast,0,0,
44906,2021-06-28 21:23:00,40.68777,-73.98701,1,0,Alcohol Involvement,4432507,32.3,22.9,0.0,0.0,0.0,0.0,3,20.0,37.8,212,Overcast,1,1,
44907,2021-06-28 01:05:00,40.62491,-74.14356,0,0,Unspecified,4431683,32.3,22.9,0.0,0.0,0.0,0.0,3,20.0,37.8,212,Overcast,0,0,
44908,2021-06-28 18:20:00,40.63784,-73.97942,0,0,Unspecified,4432589,32.3,22.9,0.0,0.0,0.0,0.0,3,20.0,37.8,212,Overcast,0,0,
44909,2021-06-28 22:00:00,40.68857,-73.8757,0,0,Driver Inattention/Distraction,4432077,32.3,22.9,0.0,0.0,0.0,0.0,3,20.0,37.8,212,Overcast,0,0,
44910,2021-06-28 19:05:00,40.884277,-73.86243,0,0,Failure to Yield Right-of-Way,4432110,32.3,22.9,0.0,0.0,0.0,0.0,3,20.0,37.8,212,Overcast,0,0,
44911,2021-06-24 12:00:00,40.70075,-73.98599,0,0,Following Too Closely,4432705,23.2,13.5,0.0,0.0,0.0,0.0,3,19.7,40.0,145,Overcast,0,0,
44912,2021-06-10 13:30:00,40.637745,-74.07603,0,0,Unspecified,4432551,26.7,16.8,0.0,0.0,0.0,0.0,3,20.9,40.3,78,Overcast,0,0,
44913,2021-06-18 23:20:00,40.74733,-73.755806,0,0,Driver Inattention/Distraction,4432727,27.4,13.8,0.0,0.0,0.0,0.0,3,20.5,40.3,210,Overcast,0,0,
44914,2021-06-28 11:44:00,40.748363,-73.98041,0,0,Driver Inattention/Distraction,4431950,32.3,22.9,0.0,0.0,0.0,0.0,3,20.0,37.8,212,Overcast,0,0,
44915,2021-06-28 17:00:00,40.634274,-74.12042,0,0,Driver Inattention/Distraction,4432294,32.3,22.9,0.0,0.0,0.0,0.0,3,20.0,37.8,212,Overcast,0,0,
44916,2021-06-27 14:30:00,40.672688,-73.73544,1,0,Passing Too Closely,4432272,29.2,22.2,0.5,0.5,0.0,4.0,51,19.6,45.4,196,Drizzle: Light,1,1,
44917,2021-06-28 21:44:00,40.83933,-73.89904,1,0,Unspecified,4431977,32.3,22.9,0.0,0.0,0.0,0.0,3,20.0,37.8,212,Overcast,1,1,
44918,2021-06-28 11:35:00,40.632607,-74.07812,0,0,Driver Inattention/Distraction,4432573,32.3,22.9,0.0,0.0,0.0,0.0,3,20.0,37.8,212,Overcast,0,0,
44919,2021-06-27 22:45:00,40.82628,-73.87673,1,0,Driver Inattention/Distraction,4432678,29.2,22.2,0.5,0.5,0.0,4.0,51,19.6,45.4,196,Drizzle: Light,1,1,
44920,2021-06-28 11:42:00,40.67601,-73.88567,0,0,Unspecified,4432091,32.3,22.9,0.0,0.0,0.0,0.0,3,20.0,37.8,212,Overcast,0,0,
44921,2021-06-28 12:43:00,40.61743,-73.932495,0,0,Unspecified,4431899,32.3,22.9,0.0,0.0,0.0,0.0,3,20.0,37.8,212,Overcast,0,0,
44922,2021-06-28 08:21:00,40.583565,-73.98759,0,0,Driver Inattention/Distraction,4431800,32.3,22.9,0.0,0.0,0.0,0.0,3,20.0,37.8,212,Overcast,0,0,
44923,2021-06-28 13:20:00,40.596878,-74.16226,0,0,Passing Too Closely,4432197,32.3,22.9,0.0,0.0,0.0,0.0,3,20.0,37.8,212,Overcast,0,0,
44924,2021-06-28 11:45:00,40.704845,-73.80112,0,0,Oversized Vehicle,4432324,32.3,22.9,0.0,0.0,0.0,0.0,3,20.0,37.8,212,Overcast,0,0,
44925,2021-06-28 20:50:00,40.66343,-73.74079,1,0,Failure to Yield Right-of-Way,4431935,32.3,22.9,0.0,0.0,0.0,0.0,3,20.0,37.8,212,Overcast,1,1,
44926,2021-06-28 14:00:00,40.651787,-73.93017,0,0,Unspecified,4431927,32.3,22.9,0.0,0.0,0.0,0.0,3,20.0,37.8,212,Overcast,0,0,
44927,2021-06-28 19:00:00,40.620136,-74.00403,0,0,Unsafe Speed,4432224,32.3,22.9,0.0,0.0,0.0,0.0,3,20.0,37.8,212,Overcast,0,0,
44928,2021-06-26 17:49:00,40.69901,-73.99679,0,0,Passing or Lane Usage Improper,4432782,26.5,18.6,1.3,1.3,0.0,8.0,51,23.7,52.9,181,Drizzle: Light,0,0,
44929,2021-06-28 10:50:00,40.683266,-73.96587,0,0,Driver Inattention/Distraction,4431970,32.3,22.9,0.0,0.0,0.0,0.0,3,20.0,37.8,212,Overcast,0,0,
44930,2021-06-28 12:02:00,40.794132,-73.94281,0,0,Unspecified,4432026,32.3,22.9,0.0,0.0,0.0,0.0,3,20.0,37.8,212,Overcast,0,0,
44931,2021-06-28 09:03:00,40.75065,-73.87582,0,0,Unspecified,4432654,32.3,22.9,0.0,0.0,0.0,0.0,3,20.0,37.8,212,Overcast,0,0,
44932,2022-09-21 17:47:00,40.699482,-73.98049,1,0,View Obstructed/Limited,4567179,26.5,16.0,0.0,0.0,0.0,0.0,3,19.4,36.7,252,Overcast,1,1,
44933,2021-06-28 00:15:00,40.68675,-73.867386,0,0,Driver Inattention/Distraction,4432073,32.3,22.9,0.0,0.0,0.0,0.0,3,20.0,37.8,212,Overcast,0,0,
44934,2021-06-21 02:30:00,40.67612,-73.936005,1,0,Following Too Closely,4432722,28.0,21.7,0.5,0.5,0.0,2.0,51,24.4,46.8,181,Drizzle: Light,1,1,
44935,2021-06-28 17:48:00,40.635757,-73.902336,1,0,Unspecified,4431959,32.3,22.9,0.0,0.0,0.0,0.0,3,20.0,37.8,212,Overcast,1,1,
44936,2021-06-11 21:54:00,40.723717,-73.99275,0,0,Passing Too Closely,4432620,20.7,15.3,1.2,1.2,0.0,3.0,53,13.2,27.0,97,Drizzle: Moderate,0,0,
44937,2021-06-28 14:00:00,40.821003,-73.89787,0,0,Unsafe Lane Changing,4432373,32.3,22.9,0.0,0.0,0.0,0.0,3,20.0,37.8,212,Overcast,0,0,
44938,2021-06-28 15:23:00,40.742676,-73.73361,1,0,Unsafe Lane Changing,4432414,32.3,22.9,0.0,0.0,0.0,0.0,3,20.0,37.8,212,Overcast,1,1,
44939,2021-06-17 15:30:00,40.683094,-73.80576,0,0,Unsafe Lane Changing,4432753,23.9,12.1,0.0,0.0,0.0,0.0,3,13.4,27.4,311,Overcast,0,0,
44940,2021-06-28 11:50:00,40.579803,-73.97184,0,0,Unspecified,4432465,32.3,22.9,0.0,0.0,0.0,0.0,3,20.0,37.8,212,Overcast,0,0,
44941,2021-06-28 18:30:00,40.68246,-73.830025,1,0,Failure to Yield Right-of-Way,4431989,32.3,22.9,0.0,0.0,0.0,0.0,3,20.0,37.8,212,Overcast,1,1,
44942,2021-12-30 19:16:00,40.771667,-73.9867,0,0,Driver Inattention/Distraction,4494056,8.3,5.0,1.8,1.8,0.0,7.0,53,9.9,17.6,22,Drizzle: Moderate,0,0,
44943,2022-01-10 15:40:00,40.674114,-73.998085,1,0,,4493889,4.1,-4.3,0.0,0.0,0.0,0.0,3,24.1,44.3,295,Overcast,1,1,
44944,2022-01-10 06:59:00,40.709473,-73.805016,0,0,Unspecified,4493587,4.1,-4.3,0.0,0.0,0.0,0.0,3,24.1,44.3,295,Overcast,0,0,
44945,2022-01-10 08:00:00,40.70025,-73.93774,1,0,Failure to Yield Right-of-Way,4493774,4.1,-4.3,0.0,0.0,0.0,0.0,3,24.1,44.3,295,Overcast,1,1,
44946,2022-01-10 14:00:00,40.719334,-73.74952,0,0,Brakes Defective,4493946,4.1,-4.3,0.0,0.0,0.0,0.0,3,24.1,44.3,295,Overcast,0,0,
44947,2022-01-10 11:00:00,40.669865,-73.95051,0,0,Passing Too Closely,4493818,4.1,-4.3,0.0,0.0,0.0,0.0,3,24.1,44.3,295,Overcast,0,0,
44948,2022-01-10 17:50:00,40.85182,-73.857,0,0,Driver Inattention/Distraction,4493627,4.1,-4.3,0.0,0.0,0.0,0.0,3,24.1,44.3,295,Overcast,0,0,
44949,2022-01-05 15:45:00,40.609276,-74.08447,1,0,Driver Inattention/Distraction,4494022,6.9,-2.1,0.5,0.5,0.0,4.0,51,21.8,38.2,216,Drizzle: Light,1,1,
44950,2022-01-10 21:15:00,40.6219,-74.02874,0,0,Unsafe Speed,4493577,4.1,-4.3,0.0,0.0,0.0,0.0,3,24.1,44.3,295,Overcast,0,0,
44951,2022-01-05 16:20:00,40.70097,-73.81423,2,0,Traffic Control Disregarded,4494046,6.9,-2.1,0.5,0.5,0.0,4.0,51,21.8,38.2,216,Drizzle: Light,2,2,
44952,2022-01-10 15:55:00,40.711838,-73.917496,0,0,View Obstructed/Limited,4493567,4.1,-4.3,0.0,0.0,0.0,0.0,3,24.1,44.3,295,Overcast,0,0,
44953,2022-01-10 05:50:00,40.74901,-73.83465,0,0,Brakes Defective,4493314,4.1,-4.3,0.0,0.0,0.0,0.0,3,24.1,44.3,295,Overcast,0,0,
44954,2022-01-10 10:00:00,40.67007,-73.89927,0,0,Failure to Yield Right-of-Way,4494102,4.1,-4.3,0.0,0.0,0.0,0.0,3,24.1,44.3,295,Overcast,0,0,
44955,2022-01-10 10:00:00,40.711945,-73.82303,1,0,Following Too Closely,4493470,4.1,-4.3,0.0,0.0,0.0,0.0,3,24.1,44.3,295,Overcast,1,1,
44956,2022-01-10 14:26:00,40.825504,-73.886086,1,0,Unspecified,4493603,4.1,-4.3,0.0,0.0,0.0,0.0,3,24.1,44.3,295,Overcast,1,1,
44957,2022-01-06 23:00:00,40.69979,-73.950096,0,0,Driver Inattention/Distraction,4493996,4.1,-0.7,0.0,0.0,0.0,0.0,3,20.2,38.2,269,Overcast,0,0,
44958,2022-01-10 15:15:00,40.87305,-73.882965,1,0,Driver Inattention/Distraction,4493610,4.1,-4.3,0.0,0.0,0.0,0.0,3,24.1,44.3,295,Overcast,1,1,
44959,2022-01-10 12:50:00,40.70993,-74.00716,0,0,Driver Inattention/Distraction,4493700,4.1,-4.3,0.0,0.0,0.0,0.0,3,24.1,44.3,295,Overcast,0,0,
44960,2022-01-09 16:00:00,40.657696,-73.95279,0,0,Unspecified,4494005,4.0,-5.3,5.1,5.1,0.0,12.0,53,23.8,42.1,220,Drizzle: Moderate,0,0,
44961,2022-01-10 18:30:00,40.666893,-73.80546,0,0,Passing or Lane Usage Improper,4493593,4.1,-4.3,0.0,0.0,0.0,0.0,3,24.1,44.3,295,Overcast,0,0,
44962,2022-01-10 16:36:00,40.689236,-73.82852,1,0,Backing Unsafely,4493552,4.1,-4.3,0.0,0.0,0.0,0.0,3,24.1,44.3,295,Overcast,1,1,
44963,2022-01-09 22:20:00,40.699963,-73.90752,1,0,Driver Inattention/Distraction,4494068,4.0,-5.3,5.1,5.1,0.0,12.0,53,23.8,42.1,220,Drizzle: Moderate,1,1,
44964,2022-01-10 15:30:00,40.849995,-73.93866,0,0,Oversized Vehicle,4493752,4.1,-4.3,0.0,0.0,0.0,0.0,3,24.1,44.3,295,Overcast,0,0,
44965,2022-01-09 19:25:00,40.84231,-73.93515,1,0,Aggressive Driving/Road Rage,4493979,4.0,-5.3,5.1,5.1,0.0,12.0,53,23.8,42.1,220,Drizzle: Moderate,1,1,
44966,2022-01-10 16:40:00,40.639256,-73.968796,0,0,Turning Improperly,4493618,4.1,-4.3,0.0,0.0,0.0,0.0,3,24.1,44.3,295,Overcast,0,0,
44967,2022-01-10 10:36:00,40.67135,-73.97332,0,0,Other Vehicular,4493664,4.1,-4.3,0.0,0.0,0.0,0.0,3,24.1,44.3,295,Overcast,0,0,
44968,2022-01-10 23:55:00,40.70145,-73.989624,2,0,Driver Inexperience,4493675,4.1,-4.3,0.0,0.0,0.0,0.0,3,24.1,44.3,295,Overcast,2,2,
44969,2022-01-03 09:40:00,40.76199,-73.86934,1,0,Backing Unsafely,4494033,2.0,-4.4,1.4,0.0,0.98,6.0,73,29.3,55.4,359,Snow fall: Moderate,1,1,Snowy Conditions
44970,2022-01-10 01:43:00,40.70722,-73.78957,0,0,Unsafe Speed,4493300,4.1,-4.3,0.0,0.0,0.0,0.0,3,24.1,44.3,295,Overcast,0,0,
44971,2022-01-10 14:35:00,40.668964,-73.95059,1,0,Driver Inattention/Distraction,4494078,4.1,-4.3,0.0,0.0,0.0,0.0,3,24.1,44.3,295,Overcast,1,1,
44972,2022-01-10 12:23:00,40.70118,-73.98778,0,0,Turning Improperly,4493575,4.1,-4.3,0.0,0.0,0.0,0.0,3,24.1,44.3,295,Overcast,0,0,
44973,2022-01-10 15:10:00,40.63189,-73.928276,0,0,Driver Inattention/Distraction,4493798,4.1,-4.3,0.0,0.0,0.0,0.0,3,24.1,44.3,295,Overcast,0,0,
44974,2022-01-10 00:00:00,40.718136,-73.75726,0,0,Driver Inattention/Distraction,4493444,4.1,-4.3,0.0,0.0,0.0,0.0,3,24.1,44.3,295,Overcast,0,0,
44975,2022-01-10 21:13:00,40.832558,-73.857346,2,0,Passing Too Closely,4493785,4.1,-4.3,0.0,0.0,0.0,0.0,3,24.1,44.3,295,Overcast,2,2,
44976,2022-01-05 16:46:00,40.680088,-73.94398,0,0,Backing Unsafely,4493997,6.9,-2.1,0.5,0.5,0.0,4.0,51,21.8,38.2,216,Drizzle: Light,0,0,
44977,2022-01-10 23:00:00,40.779762,-73.94437,0,0,Unspecified,4493626,4.1,-4.3,0.0,0.0,0.0,0.0,3,24.1,44.3,295,Overcast,0,0,
44978,2022-01-10 00:00:00,40.645397,-73.91893,0,0,Driver Inattention/Distraction,4493647,4.1,-4.3,0.0,0.0,0.0,0.0,3,24.1,44.3,295,Overcast,0,0,
44979,2022-01-08 23:30:00,40.69969,-73.91557,0,0,Backing Unsafely,4493962,-3.3,-8.4,0.0,0.0,0.0,0.0,1,21.6,37.8,277,Mainly clear,0,0,Sunny/Clear Conditions
44980,2022-01-10 11:20:00,40.57754,-73.99789,1,0,Driver Inattention/Distraction,4493705,4.1,-4.3,0.0,0.0,0.0,0.0,3,24.1,44.3,295,Overcast,1,1,
44981,2022-01-10 08:05:00,40.60343,-74.001854,0,0,Driver Inexperience,4493481,4.1,-4.3,0.0,0.0,0.0,0.0,3,24.1,44.3,295,Overcast,0,0,
44982,2022-01-10 14:00:00,40.663887,-73.87827,0,0,Unspecified,4493547,4.1,-4.3,0.0,0.0,0.0,0.0,3,24.1,44.3,295,Overcast,0,0,