,CRASH DATETIME,LATITUDE,LONGITUDE,NUMBER OF PERSONS INJURED,NUMBER OF PERSONS KILLED,CONTRIBUTING FACTOR VEHICLE 1,COLLISION_ID,temperature_2m_max,temperature_2m_min,precipitation_sum,rain_sum,snowfall_sum,precipitation_hours,weather_code,wind_speed_10m_max,wind_gusts_10m_max,wind_direction_10m_dominant,Weather Description,Severity_Score,Total_Affected_Persons,Weather_Category
44983,2022-01-10 09:00:00,40.74502,-73.715775,0,0,Driver Inattention/Distraction,4493385,4.1,-4.3,0.0,0.0,0.0,0.0,3,24.1,44.3,295,Overcast,0,0,
44984,2022-01-10 09:25:00,40.71407,-73.99751,0,0,Unspecified,4493486,4.1,-4.3,0.0,0.0,0.0,0.0,3,24.1,44.3,295,Overcast,0,0,
44985,2022-01-10 15:40:00,40.797558,-73.96684,0,0,Passing Too Closely,4493553,4.1,-4.3,0.0,0.0,0.0,0.0,3,24.1,44.3,295,Overcast,0,0,
44986,2022-01-09 19:20:00,40.84231,-73.93515,0,0,Failure to Yield Right-of-Way,4493980,4.0,-5.3,5.1,5.1,0.0,12.0,53,23.8,42.1,220,Drizzle: Moderate,0,0,
44987,2022-01-10 17:00:00,40.62198,-74.07826,1,0,Unspecified,4493857,4.1,-4.3,0.0,0.0,0.0,0.0,3,24.1,44.3,295,Overcast,1,1,
44988,2022-01-10 19:00:00,40.67769,-74.00041,0,0,Passing Too Closely,4493890,4.1,-4.3,0.0,0.0,0.0,0.0,3,24.1,44.3,295,Overcast,0,0,
44989,2022-01-10 07:32:00,40.79293,-73.94791,0,0,Turning Improperly,4493382,4.1,-4.3,0.0,0.0,0.0,0.0,3,24.1,44.3,295,Overcast,0,0,
44990,2022-09-22 11:00:00,40.715237,-74.01339,1,0,Driver Inattention/Distraction,4566537,24.9,14.3,9.1,9.1,0.0,7.0,63,24.6,44.6,273,Rain: Moderate,1,1,
44991,2022-01-10 09:00:00,40.557453,-74.20417,1,0,Other Vehicular,4493435,4.1,-4.3,0.0,0.0,0.0,0.0,3,24.1,44.3,295,Overcast,1,1,
44992,2022-01-10 13:35:00,40.68039,-73.94956,0,0,Unsafe Lane Changing,4493750,4.1,-4.3,0.0,0.0,0.0,0.0,3,24.1,44.3,295,Overcast,0,0,
44993,2022-01-10 07:20:00,40.765934,-73.976875,0,0,Driver Inattention/Distraction,4493375,4.1,-4.3,0.0,0.0,0.0,0.0,3,24.1,44.3,295,Overcast,0,0,
44994,2022-01-10 18:23:00,40.719437,-73.94063,0,0,Passing Too Closely,4493560,4.1,-4.3,0.0,0.0,0.0,0.0,3,24.1,44.3,295,Overcast,0,0,
44995,2022-01-10 08:50:00,40.75765,-73.825195,1,0,Unspecified,4493846,4.1,-4.3,0.0,0.0,0.0,0.0,3,24.1,44.3,295,Overcast,1,1,
44996,2022-01-10 17:33:00,40.715237,-74.01339,1,0,Unspecified,4493703,4.1,-4.3,0.0,0.0,0.0,0.0,3,24.1,44.3,295,Overcast,1,1,
44997,2022-01-10 04:33:00,40.689095,-73.84047,1,0,Traffic Control Disregarded,4493475,4.1,-4.3,0.0,0.0,0.0,0.0,3,24.1,44.3,295,Overcast,1,1,
44998,2021-12-19 19:24:00,40.70576,-73.80167,0,0,Traffic Control Disregarded,4494047,7.1,-1.8,0.5,0.5,0.0,4.0,51,26.4,47.5,327,Drizzle: Light,0,0,
44999,2022-01-10 20:30:00,40.817116,-73.88307,0,0,Unspecified,4493604,4.1,-4.3,0.0,0.0,0.0,0.0,3,24.1,44.3,295,Overcast,0,0,
45000,2022-01-10 07:56:00,40.717434,-73.82374,1,0,Passing or Lane Usage Improper,4493588,4.1,-4.3,0.0,0.0,0.0,0.0,3,24.1,44.3,295,Overcast,1,1,
45001,2021-12-18 21:00:00,40.680855,-73.93855,0,0,Following Too Closely,4493990,6.3,4.5,3.8,3.8,0.0,9.0,61,12.3,24.5,35,Rain: Light,0,0,
45002,2022-01-10 17:30:00,40.71749,-73.99171,0,0,Driver Inattention/Distraction,4494020,4.1,-4.3,0.0,0.0,0.0,0.0,3,24.1,44.3,295,Overcast,0,0,
45003,2022-01-10 13:50:00,40.796738,-73.92925,0,0,Unspecified,4493611,4.1,-4.3,0.0,0.0,0.0,0.0,3,24.1,44.3,295,Overcast,0,0,
45004,2022-01-10 13:08:00,40.702343,-73.94239,0,0,Driver Inattention/Distraction,4493471,4.1,-4.3,0.0,0.0,0.0,0.0,3,24.1,44.3,295,Overcast,0,0,
45005,2022-01-10 07:10:00,40.85713,-73.8808,0,0,Turning Improperly,4493419,4.1,-4.3,0.0,0.0,0.0,0.0,3,24.1,44.3,295,Overcast,0,0,
45006,2022-01-10 22:30:00,40.669567,-73.73604,0,0,Unspecified,4493757,4.1,-4.3,0.0,0.0,0.0,0.0,3,24.1,44.3,295,Overcast,0,0,
45007,2022-01-10 09:00:00,40.708267,-73.73032,0,0,Driver Inattention/Distraction,4493945,4.1,-4.3,0.0,0.0,0.0,0.0,3,24.1,44.3,295,Overcast,0,0,
45008,2022-01-10 14:15:00,40.824837,-73.87053,0,0,Pavement Slippery,4493495,4.1,-4.3,0.0,0.0,0.0,0.0,3,24.1,44.3,295,Overcast,0,0,
45009,2022-01-10 21:23:00,40.858124,-73.86813,0,0,Passing or Lane Usage Improper,4493628,4.1,-4.3,0.0,0.0,0.0,0.0,3,24.1,44.3,295,Overcast,0,0,
45010,2022-01-10 20:15:00,40.666695,-73.767136,0,0,Reaction to Uninvolved Vehicle,4493813,4.1,-4.3,0.0,0.0,0.0,0.0,3,24.1,44.3,295,Overcast,0,0,
45011,2022-01-10 16:36:00,40.66857,-73.798355,0,0,Passing Too Closely,4493697,4.1,-4.3,0.0,0.0,0.0,0.0,3,24.1,44.3,295,Overcast,0,0,
45012,2022-01-10 08:45:00,40.702957,-73.74332,0,0,Traffic Control Disregarded,4493397,4.1,-4.3,0.0,0.0,0.0,0.0,3,24.1,44.3,295,Overcast,0,0,
45013,2022-01-10 02:04:00,40.762104,-73.960144,0,0,Driver Inexperience,4493331,4.1,-4.3,0.0,0.0,0.0,0.0,3,24.1,44.3,295,Overcast,0,0,
45014,2022-01-10 18:36:00,40.88219,-73.85066,1,0,Failure to Yield Right-of-Way,4493563,4.1,-4.3,0.0,0.0,0.0,0.0,3,24.1,44.3,295,Overcast,1,1,
45015,2022-01-10 19:00:00,40.61864,-73.945335,0,0,Driver Inattention/Distraction,4493640,4.1,-4.3,0.0,0.0,0.0,0.0,3,24.1,44.3,295,Overcast,0,0,
45016,2022-01-10 11:00:00,40.664654,-73.732376,0,0,Failure to Yield Right-of-Way,4493501,4.1,-4.3,0.0,0.0,0.0,0.0,3,24.1,44.3,295,Overcast,0,0,
45017,2022-01-10 05:30:00,40.694714,-73.93122,0,0,Driver Inattention/Distraction,4494055,4.1,-4.3,0.0,0.0,0.0,0.0,3,24.1,44.3,295,Overcast,0,0,
45018,2021-01-12 16:26:00,40.675705,-73.89747,0,0,Other Vehicular,4494105,5.9,-2.3,0.0,0.0,0.0,0.0,2,9.8,21.2,286,Partly cloudy,0,0,
45019,2022-01-06 14:40:00,40.68422,-73.75104,0,0,Following Too Closely,4493995,4.1,-0.7,0.0,0.0,0.0,0.0,3,20.2,38.2,269,Overcast,0,0,
45020,2022-01-10 17:30:00,40.726322,-73.85687,1,0,Driver Inattention/Distraction,4494011,4.1,-4.3,0.0,0.0,0.0,0.0,3,24.1,44.3,295,Overcast,1,1,
45021,2022-01-10 11:20:00,40.76121,-73.86034,0,0,Other Vehicular,4493722,4.1,-4.3,0.0,0.0,0.0,0.0,3,24.1,44.3,295,Overcast,0,0,
45022,2022-01-10 07:15:00,40.666573,-73.811775,1,0,Unsafe Speed,4493450,4.1,-4.3,0.0,0.0,0.0,0.0,3,24.1,44.3,295,Overcast,1,1,
45023,2022-01-10 15:10:00,40.581345,-73.96283,1,0,Driver Inattention/Distraction,4493707,4.1,-4.3,0.0,0.0,0.0,0.0,3,24.1,44.3,295,Overcast,1,1,
45024,2022-01-10 06:56:00,40.647297,-73.9803,0,0,Driver Inattention/Distraction,4493432,4.1,-4.3,0.0,0.0,0.0,0.0,3,24.1,44.3,295,Overcast,0,0,
45025,2022-01-10 09:10:00,40.851433,-73.93509,0,0,Driver Inattention/Distraction,4493487,4.1,-4.3,0.0,0.0,0.0,0.0,3,24.1,44.3,295,Overcast,0,0,
45026,2022-01-10 18:45:00,40.628918,-74.0249,0,0,Passing Too Closely,4493950,4.1,-4.3,0.0,0.0,0.0,0.0,3,24.1,44.3,295,Overcast,0,0,
45027,2022-01-10 08:54:00,40.631706,-73.94649,1,0,Failure to Yield Right-of-Way,4493922,4.1,-4.3,0.0,0.0,0.0,0.0,3,24.1,44.3,295,Overcast,1,1,
45028,2022-01-10 06:40:00,40.665257,-73.735344,1,0,Unspecified,4493386,4.1,-4.3,0.0,0.0,0.0,0.0,3,24.1,44.3,295,Overcast,1,1,
45029,2022-01-08 03:00:00,40.68375,-73.95899,0,0,Passing or Lane Usage Improper,4493998,-3.3,-8.4,0.0,0.0,0.0,0.0,1,21.6,37.8,277,Mainly clear,0,0,Sunny/Clear Conditions
45030,2022-01-10 11:35:00,40.684986,-73.966225,0,0,Passing or Lane Usage Improper,4493617,4.1,-4.3,0.0,0.0,0.0,0.0,3,24.1,44.3,295,Overcast,0,0,
45031,2022-01-05 22:14:00,40.722996,-73.75788,0,0,Backing Unsafely,4494063,6.9,-2.1,0.5,0.5,0.0,4.0,51,21.8,38.2,216,Drizzle: Light,0,0,
45032,2022-01-08 23:06:00,40.66655,-73.93927,0,0,Unsafe Speed,4494080,-3.3,-8.4,0.0,0.0,0.0,0.0,1,21.6,37.8,277,Mainly clear,0,0,Sunny/Clear Conditions
45033,2022-01-10 03:15:00,40.699757,-73.79359,2,0,Failure to Yield Right-of-Way,4493301,4.1,-4.3,0.0,0.0,0.0,0.0,3,24.1,44.3,295,Overcast,2,2,
45034,2022-01-10 15:00:00,40.85378,-73.887566,0,0,Failure to Yield Right-of-Way,4493654,4.1,-4.3,0.0,0.0,0.0,0.0,3,24.1,44.3,295,Overcast,0,0,
45035,2022-01-10 12:30:00,40.763023,-73.97815,0,0,Unspecified,4493686,4.1,-4.3,0.0,0.0,0.0,0.0,3,24.1,44.3,295,Overcast,0,0,
45036,2021-12-17 19:51:00,40.861023,-73.89205,0,0,Driver Inattention/Distraction,4493966,13.9,6.1,0.0,0.0,0.0,0.0,3,21.5,37.1,265,Overcast,0,0,
45037,2022-01-10 18:30:00,40.781414,-73.946075,3,0,Driver Inattention/Distraction,4493598,4.1,-4.3,0.0,0.0,0.0,0.0,3,24.1,44.3,295,Overcast,3,3,
45038,2022-01-10 08:20:00,40.625774,-74.016495,1,0,Traffic Control Disregarded,4493670,4.1,-4.3,0.0,0.0,0.0,0.0,3,24.1,44.3,295,Overcast,1,1,
45039,2022-01-10 13:00:00,40.753914,-73.83015,0,0,View Obstructed/Limited,4493480,4.1,-4.3,0.0,0.0,0.0,0.0,3,24.1,44.3,295,Overcast,0,0,
45040,2021-06-29 11:20:00,40.64511,-73.874886,2,0,Tire Failure/Inadequate,4432408,33.4,24.0,0.7,0.7,0.0,4.0,51,19.5,40.0,231,Drizzle: Light,2,2,
45041,2021-10-19 13:00:00,40.6886045,-73.9630593,0,0,Other Vehicular,4469053,19.1,8.3,0.0,0.0,0.0,0.0,1,24.6,45.0,272,Mainly clear,0,0,Sunny/Clear Conditions
45042,2022-01-10 00:17:00,40.67921,-73.91375,0,0,Unspecified,4493381,4.1,-4.3,0.0,0.0,0.0,0.0,3,24.1,44.3,295,Overcast,0,0,
45043,2022-01-10 14:20:00,40.704845,-73.80112,2,0,Turning Improperly,4493790,4.1,-4.3,0.0,0.0,0.0,0.0,3,24.1,44.3,295,Overcast,2,2,
45044,2022-01-10 15:00:00,40.84092,-73.93751,0,0,Driver Inattention/Distraction,4493981,4.1,-4.3,0.0,0.0,0.0,0.0,3,24.1,44.3,295,Overcast,0,0,
45045,2022-01-10 14:30:00,40.70403,-73.81711,0,0,Following Too Closely,4493554,4.1,-4.3,0.0,0.0,0.0,0.0,3,24.1,44.3,295,Overcast,0,0,
45046,2022-01-10 14:45:00,40.738464,-73.808624,0,0,Driver Inattention/Distraction,4493527,4.1,-4.3,0.0,0.0,0.0,0.0,3,24.1,44.3,295,Overcast,0,0,
45047,2022-01-10 11:30:00,40.703934,-73.959854,0,0,Driver Inattention/Distraction,4493868,4.1,-4.3,0.0,0.0,0.0,0.0,3,24.1,44.3,295,Overcast,0,0,
45048,2022-01-10 12:10:00,40.677048,-73.80547,1,0,Driver Inattention/Distraction,4493591,4.1,-4.3,0.0,0.0,0.0,0.0,3,24.1,44.3,295,Overcast,1,1,
45049,2021-01-09 19:45:00,40.75149,-73.88748,1,0,Alcohol Involvement,4494034,1.7,-4.2,0.0,0.0,0.0,0.0,3,27.0,51.8,357,Overcast,1,1,
45050,2022-01-10 17:19:00,40.843994,-73.89752,1,0,Passing or Lane Usage Improper,4493646,4.1,-4.3,0.0,0.0,0.0,0.0,3,24.1,44.3,295,Overcast,1,1,
45051,2022-01-10 21:28:00,40.716156,-73.728775,0,0,Unspecified,4493579,4.1,-4.3,0.0,0.0,0.0,0.0,3,24.1,44.3,295,Overcast,0,0,
45052,2022-01-10 19:40:00,40.803116,-73.95633,1,0,Outside Car Distraction,4494015,4.1,-4.3,0.0,0.0,0.0,0.0,3,24.1,44.3,295,Overcast,1,1,
45053,2021-12-24 00:00:00,40.812096,-73.88334,0,0,Unspecified,4494027,5.7,-1.1,1.0,0.0,0.7,5.0,73,12.4,21.6,73,Snow fall: Moderate,0,0,Snowy Conditions
45054,2021-12-31 10:37:00,40.67888,-73.93561,0,0,Failure to Yield Right-of-Way,4494052,11.1,7.1,2.7,2.7,0.0,5.0,55,14.9,29.2,193,Drizzle: Dense,0,0,
45055,2022-01-10 07:36:00,40.602432,-73.76041,0,0,Passing Too Closely,4493607,4.1,-4.3,0.0,0.0,0.0,0.0,3,24.1,44.3,295,Overcast,0,0,
45056,2022-01-28 18:00:00,40.87805,-73.83482,0,0,Passing or Lane Usage Improper,4504876,1.0,-3.1,2.4,0.0,1.68,13.0,73,18.7,31.3,251,Snow fall: Moderate,0,0,Snowy Conditions
45057,2022-02-20 00:40:00,40.710262,-73.953865,1,0,Failure to Yield Right-of-Way,4504263,2.4,-6.6,0.0,0.0,0.0,0.0,3,23.4,44.3,250,Overcast,1,1,
45058,2022-02-20 07:25:00,40.81328,-73.89749,3,0,Unspecified,4504302,2.4,-6.6,0.0,0.0,0.0,0.0,3,23.4,44.3,250,Overcast,3,3,
45059,2022-02-20 19:20:00,40.576504,-74.1037,1,0,Unspecified,4504721,2.4,-6.6,0.0,0.0,0.0,0.0,3,23.4,44.3,250,Overcast,1,1,
45060,2022-02-20 20:06:00,40.704544,-73.751755,0,0,Passing or Lane Usage Improper,4504689,2.4,-6.6,0.0,0.0,0.0,0.0,3,23.4,44.3,250,Overcast,0,0,
45061,2022-02-14 16:54:00,40.862755,-73.901085,0,0,Other Vehicular,4504697,-3.4,-10.4,0.0,0.0,0.0,0.0,3,26.4,49.3,316,Overcast,0,0,
45062,2022-02-20 11:30:00,40.760998,-73.771675,0,0,Turning Improperly,4504121,2.4,-6.6,0.0,0.0,0.0,0.0,3,23.4,44.3,250,Overcast,0,0,
45063,2022-02-20 15:15:00,40.799984,-73.944855,1,0,View Obstructed/Limited,4504457,2.4,-6.6,0.0,0.0,0.0,0.0,3,23.4,44.3,250,Overcast,1,1,
45064,2022-02-20 17:35:00,40.75157,-73.751396,0,0,Turning Improperly,4504193,2.4,-6.6,0.0,0.0,0.0,0.0,3,23.4,44.3,250,Overcast,0,0,
45065,2022-02-20 16:30:00,40.67743,-73.87591,2,0,Traffic Control Disregarded,4504593,2.4,-6.6,0.0,0.0,0.0,0.0,3,23.4,44.3,250,Overcast,2,2,
45066,2022-02-20 09:13:00,40.841267,-73.94025,0,0,Unspecified,4504109,2.4,-6.6,0.0,0.0,0.0,0.0,3,23.4,44.3,250,Overcast,0,0,
45067,2022-09-22 09:51:00,40.876915,-73.906296,0,0,Passing or Lane Usage Improper,4566295,24.9,14.3,9.1,9.1,0.0,7.0,63,24.6,44.6,273,Rain: Moderate,0,0,
45068,2022-09-17 05:30:00,40.6828,-73.90638,0,0,Fell Asleep,4566550,22.9,16.8,0.0,0.0,0.0,0.0,3,16.9,32.0,115,Overcast,0,0,
45069,2022-09-18 05:30:00,40.66048,-73.91792,0,0,Unsafe Speed,4566938,28.7,17.1,0.0,0.0,0.0,0.0,3,20.2,36.7,233,Overcast,0,0,
45070,2022-09-16 05:00:00,40.800446,-73.910866,0,0,Unspecified,4567112,23.7,11.9,0.0,0.0,0.0,0.0,3,10.3,21.6,336,Overcast,0,0,
45071,2022-09-23 09:42:00,40.687943,-73.98141,0,0,Backing Unsafely,4566697,16.4,10.0,0.0,0.0,0.0,0.0,0,31.1,56.9,323,Clear sky,0,0,Sunny/Clear Conditions
45072,2022-09-22 23:45:00,40.701675,-73.807915,0,0,Reaction to Uninvolved Vehicle,4566565,24.9,14.3,9.1,9.1,0.0,7.0,63,24.6,44.6,273,Rain: Moderate,0,0,
45073,2022-09-08 19:30:00,40.689426,-73.94223,0,0,Driver Inattention/Distraction,4566682,23.9,17.7,0.0,0.0,0.0,0.0,3,15.5,30.6,29,Overcast,0,0,
45074,2022-09-22 09:06:00,40.76285,-73.967735,0,0,Driver Inattention/Distraction,4567250,24.9,14.3,9.1,9.1,0.0,7.0,63,24.6,44.6,273,Rain: Moderate,0,0,
45075,2022-09-09 10:30:00,40.603977,-73.76757,0,0,Unspecified,4566660,26.3,16.3,0.0,0.0,0.0,0.0,0,11.8,23.8,63,Clear sky,0,0,Sunny/Clear Conditions
45076,2022-09-21 07:29:00,40.862747,-73.90494,1,0,Failure to Yield Right-of-Way,4566060,26.5,16.0,0.0,0.0,0.0,0.0,3,19.4,36.7,252,Overcast,1,1,
45077,2022-09-21 00:00:00,40.796738,-73.92925,2,0,Reaction to Uninvolved Vehicle,4566340,26.5,16.0,0.0,0.0,0.0,0.0,3,19.4,36.7,252,Overcast,2,2,
45078,2022-09-22 19:04:00,40.66471,-73.98233,0,0,Unspecified,4567255,24.9,14.3,9.1,9.1,0.0,7.0,63,24.6,44.6,273,Rain: Moderate,0,0,
45079,2022-09-22 12:30:00,40.788982,-73.93039,0,0,Driver Inattention/Distraction,4566512,24.9,14.3,9.1,9.1,0.0,7.0,63,24.6,44.6,273,Rain: Moderate,0,0,
45080,2022-09-22 08:30:00,40.843903,-73.927284,0,0,Passing or Lane Usage Improper,4566287,24.9,14.3,9.1,9.1,0.0,7.0,63,24.6,44.6,273,Rain: Moderate,0,0,
45081,2022-09-21 01:15:00,40.74216,-73.804436,0,0,Driver Inattention/Distraction,4566051,26.5,16.0,0.0,0.0,0.0,0.0,3,19.4,36.7,252,Overcast,0,0,
45082,2022-09-21 11:55:00,40.757633,-73.98581,0,0,Unspecified,4566122,26.5,16.0,0.0,0.0,0.0,0.0,3,19.4,36.7,252,Overcast,0,0,
45083,2022-09-23 07:02:00,40.75205,-73.92792,0,0,Unspecified,4567216,16.4,10.0,0.0,0.0,0.0,0.0,0,31.1,56.9,323,Clear sky,0,0,Sunny/Clear Conditions
45084,2022-09-19 10:00:00,40.84442,-73.92505,1,0,Tire Failure/Inadequate,4566655,30.1,19.0,4.9,4.9,0.0,3.0,63,22.4,44.3,241,Rain: Moderate,1,1,
45085,2022-09-16 23:10:00,40.721363,-73.94556,1,0,Driver Inattention/Distraction,4567289,23.7,11.9,0.0,0.0,0.0,0.0,3,10.3,21.6,336,Overcast,1,1,
45086,2022-09-22 04:19:00,40.678722,-73.952995,0,0,View Obstructed/Limited,4566400,24.9,14.3,9.1,9.1,0.0,7.0,63,24.6,44.6,273,Rain: Moderate,0,0,
45087,2022-09-22 06:55:00,0.0,0.0,0,0,Driver Inattention/Distraction,4566386,24.9,14.3,9.1,9.1,0.0,7.0,63,24.6,44.6,273,Rain: Moderate,0,0,
45088,2022-06-24 00:35:00,40.82255,-73.90042,1,0,,4541911,26.7,14.6,1.0,1.0,0.0,6.0,51,19.2,37.4,204,Drizzle: Light,1,1,
45089,2022-06-26 15:40:00,40.824654,-73.89194,1,0,,4542713,30.8,19.9,0.0,0.0,0.0,0.0,3,30.9,55.8,188,Overcast,1,1,
45090,2022-06-28 19:11:00,40.607147,-73.749596,2,0,Driver Inexperience,4543237,27.5,19.1,0.0,0.0,0.0,0.0,3,14.4,28.4,334,Overcast,2,2,
45091,2022-07-04 16:55:00,40.69578,-73.917076,1,0,Backing Unsafely,4543451,30.9,17.5,0.0,0.0,0.0,0.0,3,15.4,27.4,302,Overcast,1,1,
45092,2022-06-27 12:17:00,40.757065,-74.00106,0,0,Passing Too Closely,4543819,26.2,19.8,11.7,11.7,0.0,9.0,63,20.5,43.2,224,Rain: Moderate,0,0,
45093,2022-07-04 09:58:00,40.68488,-73.92311,0,0,Driver Inexperience,4543645,30.9,17.5,0.0,0.0,0.0,0.0,3,15.4,27.4,302,Overcast,0,0,
45094,2021-10-15 16:59:00,40.8503081,-73.8864328,1,0,Driver Inattention/Distraction,4469461,25.0,14.5,0.0,0.0,0.0,0.0,3,16.8,28.4,182,Overcast,1,1,
45095,2022-07-03 21:55:00,40.606457,-73.92518,1,0,Alcohol Involvement,4544009,31.2,21.0,0.0,0.0,0.0,0.0,3,15.8,31.3,341,Overcast,1,1,
45096,2022-06-29 13:31:00,40.671104,-73.92811,1,0,Pedestrian/Bicyclist/Other Pedestrian Error/Confusion,4543979,29.0,17.7,0.0,0.0,0.0,0.0,3,27.2,51.5,195,Overcast,1,1,
45097,2022-07-04 00:30:00,40.715958,-73.81275,5,0,Unsafe Speed,4543106,30.9,17.5,0.0,0.0,0.0,0.0,3,15.4,27.4,302,Overcast,5,5,
45098,2022-07-04 06:20:00,40.75651,-73.89692,0,0,Unsafe Speed,4543563,30.9,17.5,0.0,0.0,0.0,0.0,3,15.4,27.4,302,Overcast,0,0,
45099,2022-06-28 15:10:00,40.759018,-73.855156,0,0,Driver Inattention/Distraction,4543864,27.5,19.1,0.0,0.0,0.0,0.0,3,14.4,28.4,334,Overcast,0,0,
45100,2022-07-04 23:56:00,40.683804,-73.833534,0,0,Following Too Closely,4543708,30.9,17.5,0.0,0.0,0.0,0.0,3,15.4,27.4,302,Overcast,0,0,
45101,2022-06-29 09:52:00,40.82517,-73.896866,1,0,Driver Inattention/Distraction,4543949,29.0,17.7,0.0,0.0,0.0,0.0,3,27.2,51.5,195,Overcast,1,1,
45102,2022-07-04 22:15:00,40.59552,-73.75855,0,0,Backing Unsafely,4544091,30.9,17.5,0.0,0.0,0.0,0.0,3,15.4,27.4,302,Overcast,0,0,
45103,2022-07-04 00:08:00,40.781387,-73.95213,1,0,Driver Inattention/Distraction,4543160,30.9,17.5,0.0,0.0,0.0,0.0,3,15.4,27.4,302,Overcast,1,1,
45104,2022-07-04 23:45:00,40.72267,-73.98297,0,0,Driver Inexperience,4543740,30.9,17.5,0.0,0.0,0.0,0.0,3,15.4,27.4,302,Overcast,0,0,
45105,2022-07-03 19:10:00,40.57761,-73.96145,0,0,Driver Inattention/Distraction,4543924,31.2,21.0,0.0,0.0,0.0,0.0,3,15.8,31.3,341,Overcast,0,0,
45106,2022-07-04 06:37:00,40.675507,-74.00075,1,0,Other Vehicular,4543209,30.9,17.5,0.0,0.0,0.0,0.0,3,15.4,27.4,302,Overcast,1,1,
45107,2022-07-04 16:06:00,40.681923,-73.831924,0,0,Unsafe Speed,4543418,30.9,17.5,0.0,0.0,0.0,0.0,3,15.4,27.4,302,Overcast,0,0,
45108,2022-06-27 11:20:00,40.734577,-74.00522,0,0,Driver Inattention/Distraction,4543824,26.2,19.8,11.7,11.7,0.0,9.0,63,20.5,43.2,224,Rain: Moderate,0,0,
45109,2022-07-01 23:00:00,40.816376,-73.948364,0,0,Alcohol Involvement,4543842,33.7,20.2,0.1,0.1,0.0,1.0,51,32.3,58.0,215,Drizzle: Light,0,0,
45110,2022-05-12 15:00:00,40.73566,-73.9019,1,0,Driver Inattention/Distraction,4543869,21.3,11.1,0.0,0.0,0.0,0.0,3,16.7,32.8,65,Overcast,1,1,
45111,2022-07-04 16:18:00,40.837368,-73.88777,0,0,Driver Inattention/Distraction,4543376,30.9,17.5,0.0,0.0,0.0,0.0,3,15.4,27.4,302,Overcast,0,0,
45112,2022-07-04 12:24:00,40.86235,-73.89997,2,0,Turning Improperly,4543322,30.9,17.5,0.0,0.0,0.0,0.0,3,15.4,27.4,302,Overcast,2,2,
45113,2022-07-04 17:00:00,40.689583,-73.9974,0,0,Driver Inattention/Distraction,4543359,30.9,17.5,0.0,0.0,0.0,0.0,3,15.4,27.4,302,Overcast,0,0,
45114,2022-07-04 09:05:00,40.73968,-73.857315,1,0,Driver Inattention/Distraction,4543328,30.9,17.5,0.0,0.0,0.0,0.0,3,15.4,27.4,302,Overcast,1,1,
45115,2022-06-26 04:43:00,40.80867,-73.95763,1,0,Pedestrian/Bicyclist/Other Pedestrian Error/Confusion,4544036,30.8,19.9,0.0,0.0,0.0,0.0,3,30.9,55.8,188,Overcast,1,1,
45116,2022-07-04 04:00:00,40.684483,-73.834816,1,0,Alcohol Involvement,4543409,30.9,17.5,0.0,0.0,0.0,0.0,3,15.4,27.4,302,Overcast,1,1,
45117,2022-07-04 05:45:00,40.61729,-73.92773,0,0,Driver Inattention/Distraction,4543280,30.9,17.5,0.0,0.0,0.0,0.0,3,15.4,27.4,302,Overcast,0,0,
45118,2021-12-11 11:58:00,40.82052,-73.956055,1,0,Driver Inattention/Distraction,4485393,17.3,5.0,8.1,8.1,0.0,5.0,63,35.0,67.0,206,Rain: Moderate,1,1,
45119,2021-12-03 13:38:00,40.82842,-73.86068,0,0,Texting,4486102,9.3,0.9,0.0,0.0,0.0,0.0,3,27.6,53.3,301,Overcast,0,0,
45120,2021-12-11 01:52:00,40.70996,-73.989334,0,0,Unsafe Lane Changing,4486211,17.3,5.0,8.1,8.1,0.0,5.0,63,35.0,67.0,206,Rain: Moderate,0,0,
45121,2021-12-11 22:09:00,40.626183,-73.994156,1,0,Failure to Yield Right-of-Way,4485634,17.3,5.0,8.1,8.1,0.0,5.0,63,35.0,67.0,206,Rain: Moderate,1,1,
45122,2021-12-07 09:55:00,40.721115,-73.80551,0,0,Unspecified,4486043,8.6,0.8,0.1,0.1,0.0,1.0,51,27.2,49.3,283,Drizzle: Light,0,0,
45123,2021-12-11 02:00:00,40.659355,-73.9992,0,0,Aggressive Driving/Road Rage,4485307,17.3,5.0,8.1,8.1,0.0,5.0,63,35.0,67.0,206,Rain: Moderate,0,0,
45124,2021-12-05 00:00:00,40.831684,-73.85562,0,0,Following Too Closely,4486132,7.6,0.0,0.0,0.0,0.0,0.0,3,15.1,27.0,303,Overcast,0,0,
45125,2021-12-11 14:00:00,40.749454,-73.85474,1,0,Failure to Yield Right-of-Way,4485688,17.3,5.0,8.1,8.1,0.0,5.0,63,35.0,67.0,206,Rain: Moderate,1,1,
45126,2021-12-11 21:06:00,40.70318,-73.86058,2,0,Failure to Yield Right-of-Way,4485719,17.3,5.0,8.1,8.1,0.0,5.0,63,35.0,67.0,206,Rain: Moderate,2,2,
45127,2021-12-10 18:13:00,40.74159,-73.86186,1,0,Driver Inattention/Distraction,4486291,8.5,1.6,0.0,0.0,0.0,0.0,3,9.8,20.5,183,Overcast,1,1,
45128,2021-12-09 23:05:00,40.67552,-73.8802,1,0,Unspecified,4486093,3.6,-2.0,0.1,0.0,0.07,1.0,71,19.2,33.8,295,Snow fall: Light,1,1,Snowy Conditions
45129,2021-12-11 13:00:00,40.577995,-73.95964,1,0,Driver Inattention/Distraction,4485544,17.3,5.0,8.1,8.1,0.0,5.0,63,35.0,67.0,206,Rain: Moderate,1,1,