,CRASH DATETIME,LATITUDE,LONGITUDE,NUMBER OF PERSONS INJURED,NUMBER OF PERSONS KILLED,CONTRIBUTING FACTOR VEHICLE 1,COLLISION_ID,temperature_2m_max,temperature_2m_min,precipitation_sum,rain_sum,snowfall_sum,precipitation_hours,weather_code,wind_speed_10m_max,wind_gusts_10m_max,wind_direction_10m_dominant,Weather Description,Severity_Score,Total_Affected_Persons,Weather_Category
45130,2021-12-10 23:55:00,40.80186,-73.949295,0,0,Driver Inattention/Distraction,4485980,8.5,1.6,0.0,0.0,0.0,0.0,3,9.8,20.5,183,Overcast,0,0,
45131,2021-10-11 19:12:00,40.6365472,-74.0286584,1,0,Unsafe Speed,4466238,21.7,16.3,0.0,0.0,0.0,0.0,3,25.7,49.7,41,Overcast,1,1,
45132,2021-12-11 08:46:00,40.796795,-73.94718,1,0,Following Too Closely,4485596,17.3,5.0,8.1,8.1,0.0,5.0,63,35.0,67.0,206,Rain: Moderate,1,1,
45133,2021-10-07 07:00:00,40.7854284,-73.9839899,0,0,Other Vehicular,4469609,22.4,15.7,0.4,0.4,0.0,4.0,51,10.5,20.5,231,Drizzle: Light,0,0,
45134,2021-12-10 14:30:00,40.823086,-73.856186,0,0,Driver Inattention/Distraction,4486115,8.5,1.6,0.0,0.0,0.0,0.0,3,9.8,20.5,183,Overcast,0,0,
45135,2021-10-02 15:32:00,40.7784761,-73.9854489,0,0,Failure to Yield Right-of-Way,4469613,23.7,10.8,0.0,0.0,0.0,0.0,3,17.0,34.2,254,Overcast,0,0,
45136,2021-10-15 15:30:00,40.60965,-73.897371,1,0,Aggressive Driving/Road Rage,4469620,25.0,14.5,0.0,0.0,0.0,0.0,3,16.8,28.4,182,Overcast,1,1,
45137,2021-12-11 20:43:00,40.661972,-73.94401,1,0,Unspecified,4485704,17.3,5.0,8.1,8.1,0.0,5.0,63,35.0,67.0,206,Rain: Moderate,1,1,
45138,2021-10-12 16:25:00,40.8102194,-73.9020722,1,0,Driver Inattention/Distraction,4469658,21.6,15.2,0.0,0.0,0.0,0.0,3,11.8,23.8,81,Overcast,1,1,
45139,2021-12-11 21:20:00,40.80148,-73.96786,0,0,Driver Inattention/Distraction,4485449,17.3,5.0,8.1,8.1,0.0,5.0,63,35.0,67.0,206,Rain: Moderate,0,0,
45140,2021-12-11 00:14:00,40.741188,-73.92383,0,0,Driver Inattention/Distraction,4485371,17.3,5.0,8.1,8.1,0.0,5.0,63,35.0,67.0,206,Rain: Moderate,0,0,
45141,2021-12-11 04:30:00,40.69684,-73.98707,0,0,Unsafe Speed,4485837,17.3,5.0,8.1,8.1,0.0,5.0,63,35.0,67.0,206,Rain: Moderate,0,0,
45142,2022-07-04 16:00:00,40.84196,-73.915306,0,0,Passing Too Closely,4543896,30.9,17.5,0.0,0.0,0.0,0.0,3,15.4,27.4,302,Overcast,0,0,
45143,2022-07-04 23:00:00,40.84453,-73.901764,1,0,Driver Inattention/Distraction,4543689,30.9,17.5,0.0,0.0,0.0,0.0,3,15.4,27.4,302,Overcast,1,1,
45144,2022-07-04 20:00:00,40.671997,-73.87742,0,0,Driver Inattention/Distraction,4543779,30.9,17.5,0.0,0.0,0.0,0.0,3,15.4,27.4,302,Overcast,0,0,
45145,2022-06-28 13:50:00,40.75898,-73.99595,0,0,Passing Too Closely,4543846,27.5,19.1,0.0,0.0,0.0,0.0,3,14.4,28.4,334,Overcast,0,0,
45146,2022-07-02 15:57:00,40.837063,-73.851906,0,0,Unspecified,4543905,30.8,23.1,4.0,4.0,0.0,5.0,61,19.4,40.0,229,Rain: Light,0,0,
45147,2022-07-04 19:05:00,40.826797,-73.82237,1,0,Brakes Defective,4543381,30.9,17.5,0.0,0.0,0.0,0.0,3,15.4,27.4,302,Overcast,1,1,
45148,2022-07-02 16:00:00,40.828445,-73.94155,0,0,Unspecified,4544108,30.8,23.1,4.0,4.0,0.0,5.0,61,19.4,40.0,229,Rain: Light,0,0,
45149,2022-04-06 07:50:00,40.82519,-73.937675,0,0,Driver Inattention/Distraction,4543841,12.5,6.2,17.5,17.5,0.0,14.0,61,31.2,62.3,55,Rain: Light,0,0,
45150,2022-06-19 03:45:00,40.684856,-73.97805,0,0,Other Vehicular,4541268,22.4,12.4,0.0,0.0,0.0,0.0,3,30.3,58.7,324,Overcast,0,0,
45151,2022-07-04 02:35:00,40.699913,-73.95014,0,0,Alcohol Involvement,4543419,30.9,17.5,0.0,0.0,0.0,0.0,3,15.4,27.4,302,Overcast,0,0,
45152,2022-07-04 23:25:00,40.672787,-73.72928,3,0,Unspecified,4543493,30.9,17.5,0.0,0.0,0.0,0.0,3,15.4,27.4,302,Overcast,3,3,
45153,2022-07-04 03:01:00,40.71106,-73.942116,0,0,Unsafe Speed,4544043,30.9,17.5,0.0,0.0,0.0,0.0,3,15.4,27.4,302,Overcast,0,0,
45154,2022-07-04 13:30:00,40.688934,-73.73225,1,0,Traffic Control Disregarded,4543341,30.9,17.5,0.0,0.0,0.0,0.0,3,15.4,27.4,302,Overcast,1,1,
45155,2022-06-25 14:15:00,40.830727,-73.83756,0,0,Passing or Lane Usage Improper,4543947,32.5,18.1,0.0,0.0,0.0,0.0,2,25.0,47.2,224,Partly cloudy,0,0,
45156,2022-06-29 19:45:00,40.56173,-74.10672,0,0,Turning Improperly,4543855,29.0,17.7,0.0,0.0,0.0,0.0,3,27.2,51.5,195,Overcast,0,0,
45157,2022-06-28 22:05:00,40.882416,-73.89933,0,0,Unspecified,4543940,27.5,19.1,0.0,0.0,0.0,0.0,3,14.4,28.4,334,Overcast,0,0,
45158,2022-06-29 16:47:00,40.747295,-73.97405,1,0,Driver Inattention/Distraction,4544024,29.0,17.7,0.0,0.0,0.0,0.0,3,27.2,51.5,195,Overcast,1,1,
45159,2022-07-04 18:09:00,40.704494,-73.81743,5,0,Driver Inattention/Distraction,4543662,30.9,17.5,0.0,0.0,0.0,0.0,3,15.4,27.4,302,Overcast,5,5,
45160,2022-07-04 14:18:00,40.67339,-73.91678,1,0,Turning Improperly,4543983,30.9,17.5,0.0,0.0,0.0,0.0,3,15.4,27.4,302,Overcast,1,1,
45161,2022-07-04 19:40:00,40.70324,-73.91439,0,0,Driver Inattention/Distraction,4543744,30.9,17.5,0.0,0.0,0.0,0.0,3,15.4,27.4,302,Overcast,0,0,
45162,2022-07-04 06:40:00,40.638844,-74.08471,1,0,Unspecified,4543525,30.9,17.5,0.0,0.0,0.0,0.0,3,15.4,27.4,302,Overcast,1,1,
45163,2022-07-02 17:17:00,40.779827,-73.956406,1,0,Unspecified,4543832,30.8,23.1,4.0,4.0,0.0,5.0,61,19.4,40.0,229,Rain: Light,1,1,
45164,2022-07-04 01:15:00,40.889156,-73.87869,0,0,Passing or Lane Usage Improper,4544097,30.9,17.5,0.0,0.0,0.0,0.0,3,15.4,27.4,302,Overcast,0,0,
45165,2022-07-04 17:30:00,40.760372,-73.815094,1,0,Failure to Yield Right-of-Way,4543433,30.9,17.5,0.0,0.0,0.0,0.0,3,15.4,27.4,302,Overcast,1,1,
45166,2022-06-25 22:50:00,40.800827,-73.952835,0,0,Unspecified,4543962,32.5,18.1,0.0,0.0,0.0,0.0,2,25.0,47.2,224,Partly cloudy,0,0,
45167,2022-07-03 05:00:00,40.666573,-73.811775,0,0,Unsafe Speed,4543422,31.2,21.0,0.0,0.0,0.0,0.0,3,15.8,31.3,341,Overcast,0,0,
45168,2022-07-04 17:40:00,40.655785,-73.86289,0,0,Unspecified,4543806,30.9,17.5,0.0,0.0,0.0,0.0,3,15.4,27.4,302,Overcast,0,0,
45169,2022-07-04 19:47:00,40.703983,-73.77435,0,0,Reaction to Uninvolved Vehicle,4543568,30.9,17.5,0.0,0.0,0.0,0.0,3,15.4,27.4,302,Overcast,0,0,
45170,2022-07-04 17:30:00,40.67601,-73.88567,0,0,Driver Inexperience,4543807,30.9,17.5,0.0,0.0,0.0,0.0,3,15.4,27.4,302,Overcast,0,0,
45171,2022-07-04 17:20:00,40.682243,-73.82222,0,0,Traffic Control Disregarded,4543709,30.9,17.5,0.0,0.0,0.0,0.0,3,15.4,27.4,302,Overcast,0,0,
45172,2022-07-04 00:10:00,40.64727,-73.99731,0,0,Driver Inattention/Distraction,4543997,30.9,17.5,0.0,0.0,0.0,0.0,3,15.4,27.4,302,Overcast,0,0,
45173,2022-07-04 00:20:00,40.60026,-74.07499,0,0,Driver Inattention/Distraction,4543113,30.9,17.5,0.0,0.0,0.0,0.0,3,15.4,27.4,302,Overcast,0,0,
45174,2022-07-03 23:34:00,40.711323,-73.95464,0,0,Driver Inattention/Distraction,4544047,31.2,21.0,0.0,0.0,0.0,0.0,3,15.8,31.3,341,Overcast,0,0,
45175,2022-07-04 11:35:00,40.797,-73.93778,1,0,Failure to Yield Right-of-Way,4543475,30.9,17.5,0.0,0.0,0.0,0.0,3,15.4,27.4,302,Overcast,1,1,
45176,2022-06-29 15:37:00,40.837997,-73.921036,1,0,Backing Unsafely,4543933,29.0,17.7,0.0,0.0,0.0,0.0,3,27.2,51.5,195,Overcast,1,1,
45177,2022-07-04 23:54:00,40.64591,-74.01317,1,0,Unsafe Speed,4543977,30.9,17.5,0.0,0.0,0.0,0.0,3,15.4,27.4,302,Overcast,1,1,
45178,2022-07-04 05:50:00,40.67151,-73.76455,0,0,Following Too Closely,4543169,30.9,17.5,0.0,0.0,0.0,0.0,3,15.4,27.4,302,Overcast,0,0,
45179,2022-06-06 12:00:00,40.890232,-73.83979,0,0,Driver Inattention/Distraction,4544008,26.3,13.4,0.0,0.0,0.0,0.0,3,23.1,42.1,191,Overcast,0,0,
45180,2022-07-04 18:00:00,40.744038,-73.81804,0,0,Glare,4543430,30.9,17.5,0.0,0.0,0.0,0.0,3,15.4,27.4,302,Overcast,0,0,
45181,2022-07-04 10:56:00,40.681988,-73.83698,0,0,Driver Inattention/Distraction,4543712,30.9,17.5,0.0,0.0,0.0,0.0,3,15.4,27.4,302,Overcast,0,0,
45182,2022-07-04 23:50:00,40.67868,-73.799706,0,0,Unsafe Speed,4544068,30.9,17.5,0.0,0.0,0.0,0.0,3,15.4,27.4,302,Overcast,0,0,
45183,2022-07-04 12:15:00,40.672768,-73.98672,0,0,Following Too Closely,4543533,30.9,17.5,0.0,0.0,0.0,0.0,3,15.4,27.4,302,Overcast,0,0,
45184,2022-07-04 12:00:00,40.6809,-73.931656,0,0,Unspecified,4543647,30.9,17.5,0.0,0.0,0.0,0.0,3,15.4,27.4,302,Overcast,0,0,
45185,2022-07-01 18:20:00,40.710957,-73.951126,1,0,Driver Inattention/Distraction,4544039,33.7,20.2,0.1,0.1,0.0,1.0,51,32.3,58.0,215,Drizzle: Light,1,1,
45186,2022-07-04 16:54:00,40.77299,-73.982086,0,0,Driver Inattention/Distraction,4543336,30.9,17.5,0.0,0.0,0.0,0.0,3,15.4,27.4,302,Overcast,0,0,
45187,2022-07-04 08:30:00,40.83272,-73.85621,0,0,Unspecified,4543370,30.9,17.5,0.0,0.0,0.0,0.0,3,15.4,27.4,302,Overcast,0,0,
45188,2022-07-04 14:30:00,40.565643,-74.10003,0,0,Unspecified,4543850,30.9,17.5,0.0,0.0,0.0,0.0,3,15.4,27.4,302,Overcast,0,0,
45189,2022-06-07 20:45:00,40.882538,-73.82697,0,0,Pavement Slippery,4543909,24.5,14.4,1.5,1.5,0.0,5.0,53,32.8,60.8,179,Drizzle: Moderate,0,0,
45190,2022-07-04 12:48:00,40.65149,-73.95382,0,0,Unspecified,4543304,30.9,17.5,0.0,0.0,0.0,0.0,3,15.4,27.4,302,Overcast,0,0,
45191,2022-06-22 20:35:00,40.758976,-73.99394,0,0,Driver Inattention/Distraction,4543818,20.6,16.7,3.3,3.3,0.0,11.0,53,23.2,43.9,127,Drizzle: Moderate,0,0,
45192,2022-07-04 02:30:00,40.576023,-74.13615,0,0,Fatigued/Drowsy,4543856,30.9,17.5,0.0,0.0,0.0,0.0,3,15.4,27.4,302,Overcast,0,0,
45193,2022-07-04 19:20:00,40.669094,-73.89711,0,0,Driver Inattention/Distraction,4543351,30.9,17.5,0.0,0.0,0.0,0.0,3,15.4,27.4,302,Overcast,0,0,
45194,2022-07-04 02:12:00,40.648506,-73.9474,0,0,Unspecified,4543574,30.9,17.5,0.0,0.0,0.0,0.0,3,15.4,27.4,302,Overcast,0,0,
45195,2022-07-03 20:58:00,40.827656,-73.8861,1,0,Traffic Control Disregarded,4543971,31.2,21.0,0.0,0.0,0.0,0.0,3,15.8,31.3,341,Overcast,1,1,
45196,2022-07-03 20:22:00,40.60567,-74.030945,0,0,Following Too Closely,4544015,31.2,21.0,0.0,0.0,0.0,0.0,3,15.8,31.3,341,Overcast,0,0,
45197,2022-07-01 19:30:00,40.760612,-73.872894,1,0,Driver Inattention/Distraction,4543916,33.7,20.2,0.1,0.1,0.0,1.0,51,32.3,58.0,215,Drizzle: Light,1,1,
45198,2022-07-04 13:34:00,40.72826,-73.984795,0,0,Driver Inexperience,4543443,30.9,17.5,0.0,0.0,0.0,0.0,3,15.4,27.4,302,Overcast,0,0,
45199,2022-07-04 19:56:00,40.69056,-73.98511,1,0,Driver Inattention/Distraction,4543630,30.9,17.5,0.0,0.0,0.0,0.0,3,15.4,27.4,302,Overcast,1,1,
45200,2022-07-02 20:40:00,40.726933,-73.99992,0,0,Pedestrian/Bicyclist/Other Pedestrian Error/Confusion,4544112,30.8,23.1,4.0,4.0,0.0,5.0,61,19.4,40.0,229,Rain: Light,0,0,
45201,2022-07-01 02:45:00,40.823177,-73.88996,1,0,Passing Too Closely,4543965,33.7,20.2,0.1,0.1,0.0,1.0,51,32.3,58.0,215,Drizzle: Light,1,1,
45202,2022-06-29 22:15:00,40.82803,-73.934845,1,0,Other Vehicular,4543845,29.0,17.7,0.0,0.0,0.0,0.0,3,27.2,51.5,195,Overcast,1,1,
45203,2022-07-04 02:55:00,40.682568,-73.79266,0,0,Passing or Lane Usage Improper,4543182,30.9,17.5,0.0,0.0,0.0,0.0,3,15.4,27.4,302,Overcast,0,0,
45204,2022-07-04 03:10:00,40.6845,-73.81428,1,0,Failure to Yield Right-of-Way,4543410,30.9,17.5,0.0,0.0,0.0,0.0,3,15.4,27.4,302,Overcast,1,1,
45205,2022-07-04 19:40:00,40.806644,-73.9407,0,0,Unspecified,4543822,30.9,17.5,0.0,0.0,0.0,0.0,3,15.4,27.4,302,Overcast,0,0,
45206,2022-07-04 23:30:00,40.843903,-73.927284,2,0,Driver Inattention/Distraction,4543687,30.9,17.5,0.0,0.0,0.0,0.0,3,15.4,27.4,302,Overcast,2,2,
45207,2022-07-04 13:45:00,40.662563,-73.89146,1,0,Unspecified,4543778,30.9,17.5,0.0,0.0,0.0,0.0,3,15.4,27.4,302,Overcast,1,1,
45208,2022-06-30 10:20:00,40.819477,-73.89987,0,0,Passing Too Closely,4543966,31.2,17.3,0.0,0.0,0.0,0.0,2,19.1,37.4,274,Partly cloudy,0,0,
45209,2022-07-04 14:58:00,40.828407,-73.93125,1,0,Traffic Control Disregarded,4543486,30.9,17.5,0.0,0.0,0.0,0.0,3,15.4,27.4,302,Overcast,1,1,
45210,2022-06-02 18:09:00,40.8585,-73.86783,1,0,Traffic Control Device Improper/Non-Working,4543910,26.7,15.9,10.9,10.9,0.0,11.0,63,13.3,26.3,217,Rain: Moderate,1,1,
45211,2022-07-04 03:20:00,40.57557,-73.981224,1,0,Unsafe Speed,4543941,30.9,17.5,0.0,0.0,0.0,0.0,3,15.4,27.4,302,Overcast,1,1,
45212,2022-07-04 20:50:00,40.807186,-73.924286,0,0,Unspecified,4543629,30.9,17.5,0.0,0.0,0.0,0.0,3,15.4,27.4,302,Overcast,0,0,
45213,2022-06-29 19:29:00,40.844715,-73.91228,2,0,Failure to Yield Right-of-Way,4543868,29.0,17.7,0.0,0.0,0.0,0.0,3,27.2,51.5,195,Overcast,2,2,
45214,2022-07-04 11:54:00,40.671825,-73.774506,0,0,Unsafe Speed,4543278,30.9,17.5,0.0,0.0,0.0,0.0,3,15.4,27.4,302,Overcast,0,0,
45215,2022-07-04 00:30:00,40.663452,-73.89206,0,0,Unspecified,4543802,30.9,17.5,0.0,0.0,0.0,0.0,3,15.4,27.4,302,Overcast,0,0,
45216,2022-07-04 02:00:00,40.842346,-73.89836,0,0,Unspecified,4543375,30.9,17.5,0.0,0.0,0.0,0.0,3,15.4,27.4,302,Overcast,0,0,
45217,2022-07-04 14:57:00,40.663788,-73.86808,2,0,Obstruction/Debris,4543811,30.9,17.5,0.0,0.0,0.0,0.0,3,15.4,27.4,302,Overcast,2,2,
45218,2022-07-04 09:47:00,40.807816,-73.93493,1,0,Backing Unsafely,4543474,30.9,17.5,0.0,0.0,0.0,0.0,3,15.4,27.4,302,Overcast,1,1,
45219,2022-07-04 01:30:00,40.674232,-73.86177,2,0,Driver Inattention/Distraction,4543801,30.9,17.5,0.0,0.0,0.0,0.0,3,15.4,27.4,302,Overcast,2,2,
45220,2022-06-10 15:40:00,40.67066,-73.904205,1,0,Driver Inattention/Distraction,4543982,26.1,15.1,0.0,0.0,0.0,0.0,3,21.9,38.5,289,Overcast,1,1,
45221,2022-07-04 21:20:00,40.642384,-73.92539,2,0,Unspecified,4543658,30.9,17.5,0.0,0.0,0.0,0.0,3,15.4,27.4,302,Overcast,2,2,
45222,2022-06-30 04:30:00,40.75334,-73.8793,0,0,Driver Inattention/Distraction,4543998,31.2,17.3,0.0,0.0,0.0,0.0,2,19.1,37.4,274,Partly cloudy,0,0,
45223,2022-07-04 00:55:00,40.62318,-73.98611,1,0,Failure to Yield Right-of-Way,4543132,30.9,17.5,0.0,0.0,0.0,0.0,3,15.4,27.4,302,Overcast,1,1,
45224,2022-07-03 18:45:00,40.69401,-73.77864,1,0,Unspecified,4544062,31.2,21.0,0.0,0.0,0.0,0.0,3,15.8,31.3,341,Overcast,1,1,
45225,2022-07-03 05:10:00,40.578938,-73.98522,0,0,Unspecified,4543929,31.2,21.0,0.0,0.0,0.0,0.0,3,15.8,31.3,341,Overcast,0,0,
45226,2022-06-29 16:40:00,40.58623,-74.09001,0,0,Driver Inattention/Distraction,4543858,29.0,17.7,0.0,0.0,0.0,0.0,3,27.2,51.5,195,Overcast,0,0,
45227,2022-07-04 18:17:00,40.654076,-73.93549,1,0,Driver Inattention/Distraction,4543350,30.9,17.5,0.0,0.0,0.0,0.0,3,15.4,27.4,302,Overcast,1,1,
45228,2022-07-04 16:07:00,40.609627,-74.14955,2,0,Driver Inattention/Distraction,4543355,30.9,17.5,0.0,0.0,0.0,0.0,3,15.4,27.4,302,Overcast,2,2,
45229,2022-06-24 19:00:00,40.72145,-73.851944,1,0,Traffic Control Disregarded,4543833,26.7,14.6,1.0,1.0,0.0,6.0,51,19.2,37.4,204,Drizzle: Light,1,1,
45230,2022-06-27 16:02:00,40.700966,-73.94093,0,0,Oversized Vehicle,4544046,26.2,19.8,11.7,11.7,0.0,9.0,63,20.5,43.2,224,Rain: Moderate,0,0,
45231,2022-07-04 00:02:00,40.82944,-73.90031,0,0,Driver Inattention/Distraction,4543380,30.9,17.5,0.0,0.0,0.0,0.0,3,15.4,27.4,302,Overcast,0,0,
45232,2022-07-03 16:00:00,40.87167,-73.897804,0,0,Unspecified,4544096,31.2,21.0,0.0,0.0,0.0,0.0,3,15.8,31.3,341,Overcast,0,0,
45233,2022-07-04 19:05:00,40.617115,-74.014336,0,0,Driver Inattention/Distraction,4543438,30.9,17.5,0.0,0.0,0.0,0.0,3,15.4,27.4,302,Overcast,0,0,
45234,2022-06-18 04:12:00,40.845795,-73.92548,2,0,Other Vehicular,4543881,21.6,15.3,0.0,0.0,0.0,0.0,3,30.9,59.4,320,Overcast,2,2,
45235,2022-07-04 12:55:00,40.863487,-73.85586,0,0,Other Vehicular,4543287,30.9,17.5,0.0,0.0,0.0,0.0,3,15.4,27.4,302,Overcast,0,0,
45236,2022-06-24 15:25:00,40.712463,-73.99241,1,0,,4543835,26.7,14.6,1.0,1.0,0.0,6.0,51,19.2,37.4,204,Drizzle: Light,1,1,
45237,2022-06-10 07:22:00,40.56757,-73.88277,1,0,Passing or Lane Usage Improper,4543874,26.1,15.1,0.0,0.0,0.0,0.0,3,21.9,38.5,289,Overcast,1,1,
45238,2022-06-22 12:30:00,40.579193,-73.84885,0,0,Backing Unsafely,4543907,20.6,16.7,3.3,3.3,0.0,11.0,53,23.2,43.9,127,Drizzle: Moderate,0,0,
45239,2022-07-04 03:58:00,40.656307,-73.91887,1,0,Traffic Control Disregarded,4543311,30.9,17.5,0.0,0.0,0.0,0.0,3,15.4,27.4,302,Overcast,1,1,
45240,2022-01-11 17:00:00,40.782887,-73.9439,0,0,Unsafe Speed,4494126,-4.2,-8.8,0.0,0.0,0.0,0.0,1,26.7,50.8,316,Mainly clear,0,0,Sunny/Clear Conditions
45241,2022-04-08 10:38:00,40.552475,-74.11389,0,0,,4517480,16.5,7.1,5.2,5.2,0.0,4.0,63,21.3,42.8,253,Rain: Moderate,0,0,
45242,2022-07-04 22:43:00,40.875195,-73.888565,0,0,Pedestrian/Bicyclist/Other Pedestrian Error/Confusion,4543379,30.9,17.5,0.0,0.0,0.0,0.0,3,15.4,27.4,302,Overcast,0,0,
45243,2022-06-17 16:30:00,40.74883,-73.869225,0,0,Unspecified,4544116,31.8,19.1,0.0,0.0,0.0,0.0,3,30.4,55.4,268,Overcast,0,0,
45244,2022-07-04 15:59:00,40.792957,-73.79763,1,0,Passing or Lane Usage Improper,4543429,30.9,17.5,0.0,0.0,0.0,0.0,3,15.4,27.4,302,Overcast,1,1,
45245,2022-07-04 01:00:00,40.88291,-73.88168,0,0,Driver Inattention/Distraction,4543716,30.9,17.5,0.0,0.0,0.0,0.0,3,15.4,27.4,302,Overcast,0,0,
45246,2022-07-03 09:46:00,40.66925,-73.93944,1,0,Traffic Control Disregarded,4544102,31.2,21.0,0.0,0.0,0.0,0.0,3,15.8,31.3,341,Overcast,1,1,
45247,2021-06-21 21:25:00,40.670734,-73.93373,1,0,Traffic Control Disregarded,4429613,28.0,21.7,0.5,0.5,0.0,2.0,51,24.4,46.8,181,Drizzle: Light,1,1,
45248,2021-06-26 01:05:00,40.711033,-73.7281,3,0,Alcohol Involvement,4430989,26.5,18.6,1.3,1.3,0.0,8.0,51,23.7,52.9,181,Drizzle: Light,3,3,
45249,2021-06-26 02:59:00,40.666435,-73.83478,1,0,Other Vehicular,4431097,26.5,18.6,1.3,1.3,0.0,8.0,51,23.7,52.9,181,Drizzle: Light,1,1,
45250,2021-06-24 11:22:00,40.774048,-73.92449,2,0,Unspecified,4431259,23.2,13.5,0.0,0.0,0.0,0.0,3,19.7,40.0,145,Overcast,2,2,
45251,2022-07-03 03:45:00,40.58061,-73.98565,1,0,Driver Inattention/Distraction,4543928,31.2,21.0,0.0,0.0,0.0,0.0,3,15.8,31.3,341,Overcast,1,1,
45252,2021-06-25 06:30:00,40.735794,-73.85807,0,0,Passing or Lane Usage Improper,4433165,24.7,15.6,0.0,0.0,0.0,0.0,3,20.9,41.0,144,Overcast,0,0,
45253,2021-06-26 05:30:00,40.651398,-73.75888,0,0,Driver Inattention/Distraction,4432694,26.5,18.6,1.3,1.3,0.0,8.0,51,23.7,52.9,181,Drizzle: Light,0,0,
45254,2021-06-23 21:38:00,40.61074,-74.09583,1,0,Passing or Lane Usage Improper,4433212,23.1,12.2,0.0,0.0,0.0,0.0,3,16.5,31.7,309,Overcast,1,1,
45255,2021-06-25 09:46:00,40.84197,-73.90417,0,0,Following Too Closely,4433223,24.7,15.6,0.0,0.0,0.0,0.0,3,20.9,41.0,144,Overcast,0,0,
45256,2021-06-29 13:41:00,40.7285,-73.91798,0,0,Driver Inattention/Distraction,4433176,33.4,24.0,0.7,0.7,0.0,4.0,51,19.5,40.0,231,Drizzle: Light,0,0,
45257,2021-06-24 02:10:00,40.626316,-74.179726,0,0,Unsafe Lane Changing,4433210,23.2,13.5,0.0,0.0,0.0,0.0,3,19.7,40.0,145,Overcast,0,0,
45258,2021-06-24 21:35:00,40.838036,-73.9103,0,0,View Obstructed/Limited,4433218,23.2,13.5,0.0,0.0,0.0,0.0,3,19.7,40.0,145,Overcast,0,0,
45259,2021-06-28 23:17:00,40.824078,-73.94889,1,0,Passenger Distraction,4433187,32.3,22.9,0.0,0.0,0.0,0.0,3,20.0,37.8,212,Overcast,1,1,
45260,2021-06-10 18:20:00,40.725433,-73.951744,0,0,Failure to Yield Right-of-Way,4433231,26.7,16.8,0.0,0.0,0.0,0.0,3,20.9,40.3,78,Overcast,0,0,
45261,2022-07-04 02:30:00,40.632294,-73.96678,0,0,Unspecified,4543455,30.9,17.5,0.0,0.0,0.0,0.0,3,15.4,27.4,302,Overcast,0,0,
45262,2022-07-04 04:50:00,40.613052,-73.94913,1,0,Unsafe Speed,4543255,30.9,17.5,0.0,0.0,0.0,0.0,3,15.4,27.4,302,Overcast,1,1,
45263,2022-07-04 12:30:00,40.67526,-73.85451,0,0,Following Too Closely,4543413,30.9,17.5,0.0,0.0,0.0,0.0,3,15.4,27.4,302,Overcast,0,0,
45264,2022-06-19 18:03:00,40.735134,-74.00607,0,0,Driver Inattention/Distraction,4543827,22.4,12.4,0.0,0.0,0.0,0.0,3,30.3,58.7,324,Overcast,0,0,
45265,2022-07-04 17:18:00,40.68414,-73.91657,1,0,Unspecified,4543392,30.9,17.5,0.0,0.0,0.0,0.0,3,15.4,27.4,302,Overcast,1,1,
45266,2022-07-03 16:15:00,40.668278,-73.92005,0,0,Passing or Lane Usage Improper,4543981,31.2,21.0,0.0,0.0,0.0,0.0,3,15.8,31.3,341,Overcast,0,0,
45267,2021-06-29 16:33:00,40.62143,-74.02299,1,0,Brakes Defective,4432379,33.4,24.0,0.7,0.7,0.0,4.0,51,19.5,40.0,231,Drizzle: Light,1,1,
45268,2021-06-29 23:10:00,40.66484,-73.82229,1,0,Obstruction/Debris,4432527,33.4,24.0,0.7,0.7,0.0,4.0,51,19.5,40.0,231,Drizzle: Light,1,1,
45269,2021-06-29 15:40:00,40.843204,-73.91196,0,0,Passing or Lane Usage Improper,4432442,33.4,24.0,0.7,0.7,0.0,4.0,51,19.5,40.0,231,Drizzle: Light,0,0,
45270,2021-06-23 19:35:00,40.753475,-73.99254,0,0,Outside Car Distraction,4432920,23.1,12.2,0.0,0.0,0.0,0.0,3,16.5,31.7,309,Overcast,0,0,
45271,2021-06-22 17:52:00,40.71949,-73.95595,0,0,Pavement Slippery,4432891,24.2,15.1,8.5,8.5,0.0,9.0,63,22.2,43.2,305,Rain: Moderate,0,0,
45272,2021-06-29 00:25:00,40.656536,-74.00357,0,0,Backing Unsafely,4431971,33.4,24.0,0.7,0.7,0.0,4.0,51,19.5,40.0,231,Drizzle: Light,0,0,
45273,2021-06-29 17:45:00,40.66547,-73.75447,0,0,Unspecified,4432413,33.4,24.0,0.7,0.7,0.0,4.0,51,19.5,40.0,231,Drizzle: Light,0,0,
45274,2021-06-29 19:29:00,40.7923,-73.95046,0,0,Traffic Control Disregarded,4432467,33.4,24.0,0.7,0.7,0.0,4.0,51,19.5,40.0,231,Drizzle: Light,0,0,
45275,2021-06-29 23:28:00,40.71022,-74.00775,0,0,Unspecified,4432837,33.4,24.0,0.7,0.7,0.0,4.0,51,19.5,40.0,231,Drizzle: Light,0,0,
45276,2021-06-28 20:08:00,40.63497,-73.951225,0,0,Unspecified,4432992,32.3,22.9,0.0,0.0,0.0,0.0,3,20.0,37.8,212,Overcast,0,0,
45277,2021-06-23 21:37:00,40.686905,-73.94463,1,0,Driver Inattention/Distraction,4433088,23.1,12.2,0.0,0.0,0.0,0.0,3,16.5,31.7,309,Overcast,1,1,
45278,2021-06-29 02:11:00,40.817387,-73.92277,0,0,Unspecified,4432016,33.4,24.0,0.7,0.7,0.0,4.0,51,19.5,40.0,231,Drizzle: Light,0,0,