,CRASH DATETIME,LATITUDE,LONGITUDE,NUMBER OF PERSONS INJURED,NUMBER OF PERSONS KILLED,CONTRIBUTING FACTOR VEHICLE 1,COLLISION_ID,temperature_2m_max,temperature_2m_min,precipitation_sum,rain_sum,snowfall_sum,precipitation_hours,weather_code,wind_speed_10m_max,wind_gusts_10m_max,wind_direction_10m_dominant,Weather Description,Severity_Score,Total_Affected_Persons,Weather_Category
45279,2021-06-29 19:23:00,40.57275,-73.997055,0,0,Unsafe Speed,4432472,33.4,24.0,0.7,0.7,0.0,4.0,51,19.5,40.0,231,Drizzle: Light,0,0,
45280,2021-06-07 11:00:00,40.82005,-73.92088,0,0,Unspecified,4432917,31.0,20.7,0.1,0.1,0.0,1.0,51,16.5,34.9,204,Drizzle: Light,0,0,
45281,2021-06-29 12:10:00,40.63256,-73.96087,0,0,Turning Improperly,4432979,33.4,24.0,0.7,0.7,0.0,4.0,51,19.5,40.0,231,Drizzle: Light,0,0,
45282,2021-06-29 20:50:00,40.62333,-73.93095,0,0,Unspecified,4432762,33.4,24.0,0.7,0.7,0.0,4.0,51,19.5,40.0,231,Drizzle: Light,0,0,
45283,2021-06-29 01:04:00,40.661385,-73.8841,0,0,Unsafe Speed,4432095,33.4,24.0,0.7,0.7,0.0,4.0,51,19.5,40.0,231,Drizzle: Light,0,0,
45284,2021-06-29 03:05:00,40.63759,-73.927864,0,0,Unsafe Speed,4432332,33.4,24.0,0.7,0.7,0.0,4.0,51,19.5,40.0,231,Drizzle: Light,0,0,
45285,2021-06-29 20:50:00,40.65958,-73.83705,0,0,Failure to Yield Right-of-Way,4432548,33.4,24.0,0.7,0.7,0.0,4.0,51,19.5,40.0,231,Drizzle: Light,0,0,
45286,2021-06-29 13:10:00,40.588936,-73.94554,2,0,Failure to Yield Right-of-Way,4432599,33.4,24.0,0.7,0.7,0.0,4.0,51,19.5,40.0,231,Drizzle: Light,2,2,
45287,2021-06-29 18:15:00,40.73842,-73.8989,0,0,Driver Inattention/Distraction,4432643,33.4,24.0,0.7,0.7,0.0,4.0,51,19.5,40.0,231,Drizzle: Light,0,0,
45288,2021-06-29 13:40:00,40.604618,-74.162384,0,0,Driver Inattention/Distraction,4432682,33.4,24.0,0.7,0.7,0.0,4.0,51,19.5,40.0,231,Drizzle: Light,0,0,
45289,2021-06-29 06:30:00,40.769993,-73.915825,0,0,Unspecified,4432203,33.4,24.0,0.7,0.7,0.0,4.0,51,19.5,40.0,231,Drizzle: Light,0,0,
45290,2022-06-27 18:07:00,40.629166,-74.128815,0,0,Driver Inattention/Distraction,4543885,26.2,19.8,11.7,11.7,0.0,9.0,63,20.5,43.2,224,Rain: Moderate,0,0,
45291,2021-06-29 11:15:00,40.709503,-74.00167,0,0,Traffic Control Disregarded,4433057,33.4,24.0,0.7,0.7,0.0,4.0,51,19.5,40.0,231,Drizzle: Light,0,0,
45292,2021-06-28 14:50:00,40.668503,-73.92558,1,0,Other Vehicular,4433129,32.3,22.9,0.0,0.0,0.0,0.0,3,20.0,37.8,212,Overcast,1,1,
45293,2021-06-29 08:05:00,40.691105,-73.97044,0,0,Driver Inattention/Distraction,4432260,33.4,24.0,0.7,0.7,0.0,4.0,51,19.5,40.0,231,Drizzle: Light,0,0,
45294,2021-06-29 09:40:00,40.75343,-73.93782,0,0,Unspecified,4432204,33.4,24.0,0.7,0.7,0.0,4.0,51,19.5,40.0,231,Drizzle: Light,0,0,
45295,2021-06-29 08:05:00,40.741863,-73.90751,0,0,Passing or Lane Usage Improper,4432933,33.4,24.0,0.7,0.7,0.0,4.0,51,19.5,40.0,231,Drizzle: Light,0,0,
45296,2021-06-29 02:55:00,40.747684,-73.97879,1,0,Driver Inattention/Distraction,4432141,33.4,24.0,0.7,0.7,0.0,4.0,51,19.5,40.0,231,Drizzle: Light,1,1,
45297,2021-06-29 10:20:00,40.616714,-73.971855,1,0,Unspecified,4432679,33.4,24.0,0.7,0.7,0.0,4.0,51,19.5,40.0,231,Drizzle: Light,1,1,
45298,2021-06-29 13:20:00,40.70137,-73.94457,0,0,Passing Too Closely,4432460,33.4,24.0,0.7,0.7,0.0,4.0,51,19.5,40.0,231,Drizzle: Light,0,0,
45299,2021-06-29 05:45:00,40.75855,-73.924866,1,0,Driver Inattention/Distraction,4432495,33.4,24.0,0.7,0.7,0.0,4.0,51,19.5,40.0,231,Drizzle: Light,1,1,
45300,2021-06-29 21:00:00,40.76049,-73.767525,0,0,Alcohol Involvement,4432728,33.4,24.0,0.7,0.7,0.0,4.0,51,19.5,40.0,231,Drizzle: Light,0,0,
45301,2021-06-29 14:40:00,40.701103,-73.939255,0,0,Driver Inexperience,4432612,33.4,24.0,0.7,0.7,0.0,4.0,51,19.5,40.0,231,Drizzle: Light,0,0,
45302,2021-06-29 09:29:00,40.684357,-73.830925,0,0,Driver Inattention/Distraction,4432190,33.4,24.0,0.7,0.7,0.0,4.0,51,19.5,40.0,231,Drizzle: Light,0,0,
45303,2022-07-04 11:24:00,40.74283,-74.007706,0,0,Driver Inattention/Distraction,4543536,30.9,17.5,0.0,0.0,0.0,0.0,3,15.4,27.4,302,Overcast,0,0,
45304,2021-06-29 18:19:00,40.84506,-73.916855,2,0,Following Too Closely,4432427,33.4,24.0,0.7,0.7,0.0,4.0,51,19.5,40.0,231,Drizzle: Light,2,2,
45305,2021-06-29 14:55:00,40.67613,-73.884865,1,0,Passing or Lane Usage Improper,4433017,33.4,24.0,0.7,0.7,0.0,4.0,51,19.5,40.0,231,Drizzle: Light,1,1,
45306,2021-06-23 22:00:00,40.680717,-73.9463,0,0,Passing Too Closely,4433150,23.1,12.2,0.0,0.0,0.0,0.0,3,16.5,31.7,309,Overcast,0,0,
45307,2021-06-29 16:21:00,40.640522,-73.984634,0,0,Unspecified,4432596,33.4,24.0,0.7,0.7,0.0,4.0,51,19.5,40.0,231,Drizzle: Light,0,0,
45308,2021-06-21 17:23:00,40.751816,-73.99744,1,0,Following Too Closely,4432875,28.0,21.7,0.5,0.5,0.0,2.0,51,24.4,46.8,181,Drizzle: Light,1,1,
45309,2021-06-29 20:00:00,40.66701,-73.9004,1,0,Unspecified,4433022,33.4,24.0,0.7,0.7,0.0,4.0,51,19.5,40.0,231,Drizzle: Light,1,1,
45310,2021-06-29 02:25:00,40.65255,-73.93049,1,0,Unspecified,4432335,33.4,24.0,0.7,0.7,0.0,4.0,51,19.5,40.0,231,Drizzle: Light,1,1,
45311,2021-06-29 23:49:00,40.676872,-73.94985,3,0,Driver Inattention/Distraction,4433123,33.4,24.0,0.7,0.7,0.0,4.0,51,19.5,40.0,231,Drizzle: Light,3,3,
45312,2021-06-29 17:02:00,40.751892,-73.779816,0,0,Driver Inattention/Distraction,4432397,33.4,24.0,0.7,0.7,0.0,4.0,51,19.5,40.0,231,Drizzle: Light,0,0,
45313,2022-07-03 14:00:00,40.587067,-74.09162,0,0,Passing Too Closely,4543849,31.2,21.0,0.0,0.0,0.0,0.0,3,15.8,31.3,341,Overcast,0,0,
45314,2021-06-29 03:45:00,40.62175,-73.93202,0,0,Unspecified,4432229,33.4,24.0,0.7,0.7,0.0,4.0,51,19.5,40.0,231,Drizzle: Light,0,0,
45315,2021-06-29 18:11:00,40.706657,-74.015915,0,0,Passing Too Closely,4432836,33.4,24.0,0.7,0.7,0.0,4.0,51,19.5,40.0,231,Drizzle: Light,0,0,
45316,2021-06-29 16:10:00,40.769737,-73.91244,0,0,Unspecified,4432630,33.4,24.0,0.7,0.7,0.0,4.0,51,19.5,40.0,231,Drizzle: Light,0,0,
45317,2021-06-29 13:15:00,40.8492,-73.82716,0,0,Driver Inattention/Distraction,4432662,33.4,24.0,0.7,0.7,0.0,4.0,51,19.5,40.0,231,Drizzle: Light,0,0,
45318,2021-06-29 17:39:00,40.711643,-73.94392,1,0,Driver Inattention/Distraction,4432804,33.4,24.0,0.7,0.7,0.0,4.0,51,19.5,40.0,231,Drizzle: Light,1,1,
45319,2021-06-26 16:45:00,40.756,-73.9427,0,0,Unspecified,4432926,26.5,18.6,1.3,1.3,0.0,8.0,51,23.7,52.9,181,Drizzle: Light,0,0,
45320,2021-06-29 09:25:00,40.739883,-73.868996,1,0,Traffic Control Disregarded,4432456,33.4,24.0,0.7,0.7,0.0,4.0,51,19.5,40.0,231,Drizzle: Light,1,1,
45321,2021-06-24 14:03:00,40.750893,-73.99629,1,0,Driver Inattention/Distraction,4432899,23.2,13.5,0.0,0.0,0.0,0.0,3,19.7,40.0,145,Overcast,1,1,
45322,2021-06-29 19:48:00,40.858387,-73.90279,0,0,Unspecified,4432473,33.4,24.0,0.7,0.7,0.0,4.0,51,19.5,40.0,231,Drizzle: Light,0,0,
45323,2022-02-20 18:30:00,40.60436,-74.1243,0,0,Alcohol Involvement,4504310,2.4,-6.6,0.0,0.0,0.0,0.0,3,23.4,44.3,250,Overcast,0,0,
45324,2021-06-29 23:05:00,40.824207,-73.858795,0,0,Driver Inattention/Distraction,4432568,33.4,24.0,0.7,0.7,0.0,4.0,51,19.5,40.0,231,Drizzle: Light,0,0,
45325,2021-06-29 23:43:00,40.639305,-73.95898,1,0,Unspecified,4433001,33.4,24.0,0.7,0.7,0.0,4.0,51,19.5,40.0,231,Drizzle: Light,1,1,
45326,2021-06-29 18:18:00,40.59727,-73.99868,1,0,Driver Inattention/Distraction,4432358,33.4,24.0,0.7,0.7,0.0,4.0,51,19.5,40.0,231,Drizzle: Light,1,1,
45327,2021-06-22 20:15:00,40.75934,-73.99197,0,0,Driver Inattention/Distraction,4432859,24.2,15.1,8.5,8.5,0.0,9.0,63,22.2,43.2,305,Rain: Moderate,0,0,
45328,2021-06-28 17:45:00,40.680016,-73.87743,0,0,Driver Inattention/Distraction,4433029,32.3,22.9,0.0,0.0,0.0,0.0,3,20.0,37.8,212,Overcast,0,0,
45329,2021-06-29 02:30:00,40.760746,-73.89081,0,0,Driver Inexperience,4432504,33.4,24.0,0.7,0.7,0.0,4.0,51,19.5,40.0,231,Drizzle: Light,0,0,
45330,2021-06-29 21:00:00,40.694813,-73.98327,0,0,Passing Too Closely,4432415,33.4,24.0,0.7,0.7,0.0,4.0,51,19.5,40.0,231,Drizzle: Light,0,0,
45331,2021-06-29 15:40:00,40.85429,-73.90027,0,0,Unspecified,4432512,33.4,24.0,0.7,0.7,0.0,4.0,51,19.5,40.0,231,Drizzle: Light,0,0,
45332,2021-06-20 03:05:00,40.697403,-73.83641,1,0,Unsafe Speed,4432908,28.7,17.3,0.3,0.3,0.0,2.0,51,19.5,40.0,212,Drizzle: Light,1,1,
45333,2021-06-29 01:30:00,40.690292,-73.98444,0,0,Aggressive Driving/Road Rage,4431973,33.4,24.0,0.7,0.7,0.0,4.0,51,19.5,40.0,231,Drizzle: Light,0,0,
45334,2021-06-29 17:15:00,40.721268,-73.870674,1,0,Failure to Yield Right-of-Way,4432975,33.4,24.0,0.7,0.7,0.0,4.0,51,19.5,40.0,231,Drizzle: Light,1,1,
45335,2021-06-17 20:19:00,40.72143,-73.892746,1,0,Failure to Yield Right-of-Way,4433101,23.9,12.1,0.0,0.0,0.0,0.0,3,13.4,27.4,311,Overcast,1,1,
45336,2021-06-29 14:37:00,40.74701,-73.977196,1,0,Driver Inattention/Distraction,4432391,33.4,24.0,0.7,0.7,0.0,4.0,51,19.5,40.0,231,Drizzle: Light,1,1,
45337,2021-06-29 13:38:00,40.74084,-73.72681,4,0,Driver Inattention/Distraction,4432781,33.4,24.0,0.7,0.7,0.0,4.0,51,19.5,40.0,231,Drizzle: Light,4,4,
45338,2021-06-21 14:00:00,40.69217,-73.95194,0,0,Backing Unsafely,4433087,28.0,21.7,0.5,0.5,0.0,2.0,51,24.4,46.8,181,Drizzle: Light,0,0,
45339,2021-06-29 16:00:00,40.666595,-73.87176,0,0,Unspecified,4433025,33.4,24.0,0.7,0.7,0.0,4.0,51,19.5,40.0,231,Drizzle: Light,0,0,
45340,2021-06-23 15:15:00,40.75147,-73.98205,0,0,Driver Inattention/Distraction,4432889,23.1,12.2,0.0,0.0,0.0,0.0,3,16.5,31.7,309,Overcast,0,0,
45341,2021-06-29 00:31:00,40.593327,-73.964645,2,0,Unsafe Speed,4432044,33.4,24.0,0.7,0.7,0.0,4.0,51,19.5,40.0,231,Drizzle: Light,2,2,
45342,2021-06-26 21:30:00,40.74915,-73.98828,1,0,Driver Inattention/Distraction,4432919,26.5,18.6,1.3,1.3,0.0,8.0,51,23.7,52.9,181,Drizzle: Light,1,1,
45343,2021-06-29 00:00:00,40.658657,-73.771996,1,0,Unsafe Lane Changing,4432356,33.4,24.0,0.7,0.7,0.0,4.0,51,19.5,40.0,231,Drizzle: Light,1,1,
45344,2021-06-29 12:45:00,40.610508,-74.09576,0,0,Following Too Closely,4432469,33.4,24.0,0.7,0.7,0.0,4.0,51,19.5,40.0,231,Drizzle: Light,0,0,
45345,2021-06-29 07:30:00,40.65399,-73.96415,1,0,Driver Inattention/Distraction,4432980,33.4,24.0,0.7,0.7,0.0,4.0,51,19.5,40.0,231,Drizzle: Light,1,1,
45346,2021-06-29 18:25:00,40.615383,-73.92891,0,0,Driver Inattention/Distraction,4432760,33.4,24.0,0.7,0.7,0.0,4.0,51,19.5,40.0,231,Drizzle: Light,0,0,
45347,2021-06-29 12:00:00,40.696335,-73.930504,0,0,Passing Too Closely,4432857,33.4,24.0,0.7,0.7,0.0,4.0,51,19.5,40.0,231,Drizzle: Light,0,0,
45348,2021-06-29 16:05:00,40.608788,-73.96214,3,0,Following Too Closely,4432448,33.4,24.0,0.7,0.7,0.0,4.0,51,19.5,40.0,231,Drizzle: Light,3,3,
45349,2021-06-29 02:50:00,40.64471,-74.07704,0,0,Unspecified,4433059,33.4,24.0,0.7,0.7,0.0,4.0,51,19.5,40.0,231,Drizzle: Light,0,0,
45350,2021-06-28 14:40:00,40.58731,-74.19818,0,0,Unspecified,4432948,32.3,22.9,0.0,0.0,0.0,0.0,3,20.0,37.8,212,Overcast,0,0,
45351,2021-06-29 11:10:00,40.824913,-73.8689,0,0,Unspecified,4432226,33.4,24.0,0.7,0.7,0.0,4.0,51,19.5,40.0,231,Drizzle: Light,0,0,
45352,2021-06-29 08:38:00,40.659485,-73.76783,0,0,Driver Inattention/Distraction,4432262,33.4,24.0,0.7,0.7,0.0,4.0,51,19.5,40.0,231,Drizzle: Light,0,0,
45353,2021-06-24 07:45:00,40.684883,-73.97317,0,0,Unspecified,4433047,23.2,13.5,0.0,0.0,0.0,0.0,3,19.7,40.0,145,Overcast,0,0,
45354,2021-06-29 19:50:00,40.63328,-73.8905,0,0,Aggressive Driving/Road Rage,4432380,33.4,24.0,0.7,0.7,0.0,4.0,51,19.5,40.0,231,Drizzle: Light,0,0,
45355,2021-06-29 12:11:00,40.75519,-73.97122,0,0,Driver Inattention/Distraction,4432703,33.4,24.0,0.7,0.7,0.0,4.0,51,19.5,40.0,231,Drizzle: Light,0,0,
45356,2021-06-29 17:55:00,40.660095,-73.87347,2,0,Unspecified,4432988,33.4,24.0,0.7,0.7,0.0,4.0,51,19.5,40.0,231,Drizzle: Light,2,2,
45357,2021-06-29 02:05:00,40.730434,-73.875595,1,0,View Obstructed/Limited,4432193,33.4,24.0,0.7,0.7,0.0,4.0,51,19.5,40.0,231,Drizzle: Light,1,1,
45358,2021-06-29 11:07:00,40.833843,-73.94851,0,0,Oversized Vehicle,4432526,33.4,24.0,0.7,0.7,0.0,4.0,51,19.5,40.0,231,Drizzle: Light,0,0,
45359,2021-06-29 21:30:00,40.882893,-73.8581,0,0,Driver Inattention/Distraction,4432632,33.4,24.0,0.7,0.7,0.0,4.0,51,19.5,40.0,231,Drizzle: Light,0,0,
45360,2021-06-29 06:46:00,40.702126,-73.89164,1,0,Following Too Closely,4432244,33.4,24.0,0.7,0.7,0.0,4.0,51,19.5,40.0,231,Drizzle: Light,1,1,
45361,2021-06-29 14:08:00,40.721794,-73.94804,0,0,Unspecified,4432424,33.4,24.0,0.7,0.7,0.0,4.0,51,19.5,40.0,231,Drizzle: Light,0,0,
45362,2021-06-29 15:05:00,40.76555,-73.83911,0,0,Driver Inattention/Distraction,4432876,33.4,24.0,0.7,0.7,0.0,4.0,51,19.5,40.0,231,Drizzle: Light,0,0,
45363,2021-06-29 18:20:00,40.666306,-73.79171,0,0,Reaction to Uninvolved Vehicle,4432750,33.4,24.0,0.7,0.7,0.0,4.0,51,19.5,40.0,231,Drizzle: Light,0,0,
45364,2021-06-29 10:45:00,40.69841,-73.956924,0,0,Driver Inattention/Distraction,4433154,33.4,24.0,0.7,0.7,0.0,4.0,51,19.5,40.0,231,Drizzle: Light,0,0,
45365,2021-06-24 12:00:00,40.6884,-73.95118,0,0,Passing or Lane Usage Improper,4433149,23.2,13.5,0.0,0.0,0.0,0.0,3,19.7,40.0,145,Overcast,0,0,
45366,2021-06-29 17:00:00,40.67189,-73.895874,1,0,Unsafe Speed,4433018,33.4,24.0,0.7,0.7,0.0,4.0,51,19.5,40.0,231,Drizzle: Light,1,1,
45367,2021-06-29 23:31:00,40.636818,-74.15794,0,0,Driver Inattention/Distraction,4432865,33.4,24.0,0.7,0.7,0.0,4.0,51,19.5,40.0,231,Drizzle: Light,0,0,
45368,2021-06-20 09:38:00,40.677624,-73.93308,0,0,Driver Inattention/Distraction,4433126,28.7,17.3,0.3,0.3,0.0,2.0,51,19.5,40.0,212,Drizzle: Light,0,0,
45369,2021-06-29 08:22:00,40.640274,-73.99025,1,0,Unspecified,4432611,33.4,24.0,0.7,0.7,0.0,4.0,51,19.5,40.0,231,Drizzle: Light,1,1,
45370,2021-06-29 00:10:00,40.673676,-73.86576,0,0,Failure to Yield Right-of-Way,4432094,33.4,24.0,0.7,0.7,0.0,4.0,51,19.5,40.0,231,Drizzle: Light,0,0,
45371,2021-06-29 01:00:00,40.667236,-73.770004,0,0,Unspecified,4432688,33.4,24.0,0.7,0.7,0.0,4.0,51,19.5,40.0,231,Drizzle: Light,0,0,
45372,2022-02-18 12:57:00,40.640068,-73.986885,1,0,Unspecified,4504685,15.6,-2.8,11.9,11.9,0.0,6.0,63,44.1,79.2,261,Rain: Moderate,1,1,
45373,2021-06-29 23:04:00,40.658516,-73.90108,0,0,Unspecified,4432636,33.4,24.0,0.7,0.7,0.0,4.0,51,19.5,40.0,231,Drizzle: Light,0,0,
45374,2021-06-29 10:20:00,40.690044,-73.81481,0,0,Turning Improperly,4432546,33.4,24.0,0.7,0.7,0.0,4.0,51,19.5,40.0,231,Drizzle: Light,0,0,
45375,2021-06-29 11:30:00,40.710217,-73.9358,0,0,Following Too Closely,4432459,33.4,24.0,0.7,0.7,0.0,4.0,51,19.5,40.0,231,Drizzle: Light,0,0,
45376,2021-06-24 16:40:00,40.68218,-73.94659,3,0,Following Too Closely,4433153,23.2,13.5,0.0,0.0,0.0,0.0,3,19.7,40.0,145,Overcast,3,3,
45377,2021-06-27 21:45:00,40.687164,-73.85232,0,0,Unsafe Speed,4432931,29.2,22.2,0.5,0.5,0.0,4.0,51,19.6,45.4,196,Drizzle: Light,0,0,
45378,2021-06-29 15:54:00,40.586205,-73.93417,0,0,Driver Inattention/Distraction,4432394,33.4,24.0,0.7,0.7,0.0,4.0,51,19.5,40.0,231,Drizzle: Light,0,0,
45379,2021-06-29 09:30:00,40.671684,-73.75647,1,0,Failure to Yield Right-of-Way,4432704,33.4,24.0,0.7,0.7,0.0,4.0,51,19.5,40.0,231,Drizzle: Light,1,1,
45380,2021-06-29 21:40:00,40.71817,-73.945,0,0,Passing or Lane Usage Improper,4432810,33.4,24.0,0.7,0.7,0.0,4.0,51,19.5,40.0,231,Drizzle: Light,0,0,
45381,2021-06-29 21:22:00,40.687397,-73.995735,1,0,Alcohol Involvement,4432431,33.4,24.0,0.7,0.7,0.0,4.0,51,19.5,40.0,231,Drizzle: Light,1,1,
45382,2021-06-29 14:45:00,40.752563,-73.90526,0,0,Unspecified,4432641,33.4,24.0,0.7,0.7,0.0,4.0,51,19.5,40.0,231,Drizzle: Light,0,0,
45383,2021-06-29 02:35:00,0.0,0.0,0,0,Driver Inattention/Distraction,4432134,33.4,24.0,0.7,0.7,0.0,4.0,51,19.5,40.0,231,Drizzle: Light,0,0,
45384,2021-06-29 22:55:00,40.75587,-73.88234,0,0,Unspecified,4432501,33.4,24.0,0.7,0.7,0.0,4.0,51,19.5,40.0,231,Drizzle: Light,0,0,
45385,2021-06-29 13:50:00,40.70622,-73.72792,0,0,Unspecified,4432276,33.4,24.0,0.7,0.7,0.0,4.0,51,19.5,40.0,231,Drizzle: Light,0,0,
45386,2021-06-29 00:21:00,40.676144,-73.893074,2,1,Unspecified,4432515,33.4,24.0,0.7,0.7,0.0,4.0,51,19.5,40.0,231,Drizzle: Light,22,3,
45387,2021-06-29 19:49:00,40.601463,-73.97555,0,0,Driver Inattention/Distraction,4432387,33.4,24.0,0.7,0.7,0.0,4.0,51,19.5,40.0,231,Drizzle: Light,0,0,
45388,2021-06-29 11:00:00,40.75967,-73.92725,0,0,Unspecified,4432500,33.4,24.0,0.7,0.7,0.0,4.0,51,19.5,40.0,231,Drizzle: Light,0,0,
45389,2021-06-25 16:40:00,40.760353,-73.99124,0,0,Unspecified,4432898,24.7,15.6,0.0,0.0,0.0,0.0,3,20.9,41.0,144,Overcast,0,0,
45390,2021-06-29 17:50:00,40.73594,-73.85887,0,0,Turning Improperly,4432454,33.4,24.0,0.7,0.7,0.0,4.0,51,19.5,40.0,231,Drizzle: Light,0,0,
45391,2021-06-29 23:10:00,40.67619,-73.9081,0,0,Driver Inattention/Distraction,4432910,33.4,24.0,0.7,0.7,0.0,4.0,51,19.5,40.0,231,Drizzle: Light,0,0,
45392,2021-06-29 00:25:00,40.656536,-74.00357,0,0,Backing Unsafely,4431975,33.4,24.0,0.7,0.7,0.0,4.0,51,19.5,40.0,231,Drizzle: Light,0,0,
45393,2021-06-26 18:18:00,40.607635,-73.92159,0,0,Passing Too Closely,4432976,26.5,18.6,1.3,1.3,0.0,8.0,51,23.7,52.9,181,Drizzle: Light,0,0,
45394,2021-06-29 11:40:00,40.7324,-73.76561,1,0,Driver Inattention/Distraction,4432780,33.4,24.0,0.7,0.7,0.0,4.0,51,19.5,40.0,231,Drizzle: Light,1,1,
45395,2021-06-28 18:00:00,40.896004,-73.842,0,0,Unspecified,4433099,32.3,22.9,0.0,0.0,0.0,0.0,3,20.0,37.8,212,Overcast,0,0,
45396,2021-06-29 13:41:00,40.738228,-73.987785,1,0,Unspecified,4433048,33.4,24.0,0.7,0.7,0.0,4.0,51,19.5,40.0,231,Drizzle: Light,1,1,
45397,2021-06-29 18:17:00,40.879856,-73.845,1,0,Failure to Yield Right-of-Way,4432633,33.4,24.0,0.7,0.7,0.0,4.0,51,19.5,40.0,231,Drizzle: Light,1,1,
45398,2021-06-29 08:05:00,40.635303,-73.92668,0,0,Passing or Lane Usage Improper,4432241,33.4,24.0,0.7,0.7,0.0,4.0,51,19.5,40.0,231,Drizzle: Light,0,0,
45399,2021-06-29 12:20:00,40.843975,-73.913864,0,0,Reaction to Uninvolved Vehicle,4432245,33.4,24.0,0.7,0.7,0.0,4.0,51,19.5,40.0,231,Drizzle: Light,0,0,
45400,2021-06-29 15:36:00,40.842365,-73.89005,0,0,Driver Inattention/Distraction,4432583,33.4,24.0,0.7,0.7,0.0,4.0,51,19.5,40.0,231,Drizzle: Light,0,0,
45401,2021-06-26 16:23:00,40.70049,-73.90134,1,0,Driver Inattention/Distraction,4432973,26.5,18.6,1.3,1.3,0.0,8.0,51,23.7,52.9,181,Drizzle: Light,1,1,
45402,2021-06-29 10:46:00,40.694008,-73.97102,0,0,Aggressive Driving/Road Rage,4432282,33.4,24.0,0.7,0.7,0.0,4.0,51,19.5,40.0,231,Drizzle: Light,0,0,
45403,2021-06-29 14:00:00,40.7227,-73.99504,1,0,Unspecified,4432619,33.4,24.0,0.7,0.7,0.0,4.0,51,19.5,40.0,231,Drizzle: Light,1,1,
45404,2021-06-29 21:50:00,40.634922,-73.96132,1,0,,4433000,33.4,24.0,0.7,0.7,0.0,4.0,51,19.5,40.0,231,Drizzle: Light,1,1,
45405,2021-06-29 19:10:00,40.813858,-73.89752,0,0,Obstruction/Debris,4432367,33.4,24.0,0.7,0.7,0.0,4.0,51,19.5,40.0,231,Drizzle: Light,0,0,
45406,2021-06-29 12:00:00,40.825912,-73.83647,0,0,Unspecified,4432665,33.4,24.0,0.7,0.7,0.0,4.0,51,19.5,40.0,231,Drizzle: Light,0,0,
45407,2021-06-29 15:26:00,40.73305,-74.00642,1,0,Unspecified,4433043,33.4,24.0,0.7,0.7,0.0,4.0,51,19.5,40.0,231,Drizzle: Light,1,1,
45408,2021-06-29 19:30:00,40.801754,-73.93121,1,0,Driver Inattention/Distraction,4432586,33.4,24.0,0.7,0.7,0.0,4.0,51,19.5,40.0,231,Drizzle: Light,1,1,
45409,2021-06-29 19:00:00,40.749844,-73.95225,1,0,Driver Inattention/Distraction,4432645,33.4,24.0,0.7,0.7,0.0,4.0,51,19.5,40.0,231,Drizzle: Light,1,1,
45410,2022-06-30 22:44:00,40.86128,-73.821625,0,0,Unspecified,4543903,31.2,17.3,0.0,0.0,0.0,0.0,2,19.1,37.4,274,Partly cloudy,0,0,
45411,2021-06-29 09:49:00,40.76311,-73.962524,0,0,Oversized Vehicle,4432196,33.4,24.0,0.7,0.7,0.0,4.0,51,19.5,40.0,231,Drizzle: Light,0,0,
45412,2021-06-29 11:15:00,40.88298,-73.828384,1,0,Driver Inattention/Distraction,4432281,33.4,24.0,0.7,0.7,0.0,4.0,51,19.5,40.0,231,Drizzle: Light,1,1,
45413,2021-06-29 15:40:00,40.675446,-73.88069,0,0,Unspecified,4433019,33.4,24.0,0.7,0.7,0.0,4.0,51,19.5,40.0,231,Drizzle: Light,0,0,
45414,2021-06-29 17:20:00,40.680763,-73.88528,0,0,Passing Too Closely,4433024,33.4,24.0,0.7,0.7,0.0,4.0,51,19.5,40.0,231,Drizzle: Light,0,0,
45415,2021-06-29 15:35:00,40.847225,-73.85824,0,0,Driver Inattention/Distraction,4432341,33.4,24.0,0.7,0.7,0.0,4.0,51,19.5,40.0,231,Drizzle: Light,0,0,
45416,2021-06-29 18:50:00,40.5832,-73.97304,0,0,Driver Inattention/Distraction,4432470,33.4,24.0,0.7,0.7,0.0,4.0,51,19.5,40.0,231,Drizzle: Light,0,0,
45417,2021-06-29 20:02:00,40.625088,-73.96217,0,0,Unspecified,4433008,33.4,24.0,0.7,0.7,0.0,4.0,51,19.5,40.0,231,Drizzle: Light,0,0,
45418,2021-06-29 07:00:00,40.74132,-73.78478,0,0,Following Too Closely,4432779,33.4,24.0,0.7,0.7,0.0,4.0,51,19.5,40.0,231,Drizzle: Light,0,0,
45419,2021-06-15 08:45:00,40.60809,-74.162285,1,0,Driver Inattention/Distraction,4432941,25.1,17.4,1.0,1.0,0.0,4.0,53,17.7,33.8,295,Drizzle: Moderate,1,1,
45420,2021-06-29 03:52:00,40.821693,-73.87743,0,0,Passenger Distraction,4432225,33.4,24.0,0.7,0.7,0.0,4.0,51,19.5,40.0,231,Drizzle: Light,0,0,
45421,2021-06-29 11:45:00,40.769543,-73.7924,1,0,Failure to Yield Right-of-Way,4432382,33.4,24.0,0.7,0.7,0.0,4.0,51,19.5,40.0,231,Drizzle: Light,1,1,
45422,2021-06-29 04:45:00,40.802357,-73.941,0,0,Unspecified,4432124,33.4,24.0,0.7,0.7,0.0,4.0,51,19.5,40.0,231,Drizzle: Light,0,0,
45423,2021-06-29 15:10:00,40.7568,-73.873665,1,0,Following Too Closely,4432319,33.4,24.0,0.7,0.7,0.0,4.0,51,19.5,40.0,231,Drizzle: Light,1,1,