,CRASH DATETIME,LATITUDE,LONGITUDE,NUMBER OF PERSONS INJURED,NUMBER OF PERSONS KILLED,CONTRIBUTING FACTOR VEHICLE 1,COLLISION_ID,temperature_2m_max,temperature_2m_min,precipitation_sum,rain_sum,snowfall_sum,precipitation_hours,weather_code,wind_speed_10m_max,wind_gusts_10m_max,wind_direction_10m_dominant,Weather Description,Severity_Score,Total_Affected_Persons,Weather_Category
45424,2021-06-27 15:07:00,40.621635,-74.009636,1,0,Unspecified,4433108,29.2,22.2,0.5,0.5,0.0,4.0,51,19.6,45.4,196,Drizzle: Light,1,1,
45425,2021-06-29 19:55:00,40.744015,-74.00851,1,0,View Obstructed/Limited,4432565,33.4,24.0,0.7,0.7,0.0,4.0,51,19.5,40.0,231,Drizzle: Light,1,1,
45426,2021-06-29 12:00:00,40.843822,-73.9275,0,0,Driver Inattention/Distraction,4432295,33.4,24.0,0.7,0.7,0.0,4.0,51,19.5,40.0,231,Drizzle: Light,0,0,
45427,2021-06-25 19:40:00,40.749725,-73.98363,0,0,Driver Inattention/Distraction,4432897,24.7,15.6,0.0,0.0,0.0,0.0,3,20.9,41.0,144,Overcast,0,0,
45428,2021-06-29 22:58:00,40.828217,-73.8414,1,0,Unspecified,4432667,33.4,24.0,0.7,0.7,0.0,4.0,51,19.5,40.0,231,Drizzle: Light,1,1,
45429,2021-06-29 23:15:00,40.589603,-74.089386,0,0,Traffic Control Disregarded,4432411,33.4,24.0,0.7,0.7,0.0,4.0,51,19.5,40.0,231,Drizzle: Light,0,0,
45430,2021-06-29 13:09:00,40.87673,-73.86444,2,0,Driver Inattention/Distraction,4432616,33.4,24.0,0.7,0.7,0.0,4.0,51,19.5,40.0,231,Drizzle: Light,2,2,
45431,2021-06-29 07:33:00,40.81394,-73.948425,1,0,Other Vehicular,4432686,33.4,24.0,0.7,0.7,0.0,4.0,51,19.5,40.0,231,Drizzle: Light,1,1,
45432,2021-06-29 19:00:00,40.832424,-73.892426,0,0,Unspecified,4432640,33.4,24.0,0.7,0.7,0.0,4.0,51,19.5,40.0,231,Drizzle: Light,0,0,
45433,2021-06-29 17:10:00,40.71445,-73.9306,0,0,Backing Unsafely,4432464,33.4,24.0,0.7,0.7,0.0,4.0,51,19.5,40.0,231,Drizzle: Light,0,0,
45434,2021-06-28 17:00:00,40.739925,-73.9818,0,0,Driver Inattention/Distraction,4432985,32.3,22.9,0.0,0.0,0.0,0.0,3,20.0,37.8,212,Overcast,0,0,
45435,2021-06-29 19:43:00,40.651512,-73.93521,1,0,Traffic Control Disregarded,4432404,33.4,24.0,0.7,0.7,0.0,4.0,51,19.5,40.0,231,Drizzle: Light,1,1,
45436,2021-06-29 07:57:00,40.747044,-73.98713,0,0,Fell Asleep,4432880,33.4,24.0,0.7,0.7,0.0,4.0,51,19.5,40.0,231,Drizzle: Light,0,0,
45437,2022-07-02 08:50:00,40.763134,-73.92093,0,0,Unspecified,4543867,30.8,23.1,4.0,4.0,0.0,5.0,61,19.4,40.0,229,Rain: Light,0,0,
45438,2021-06-18 20:40:00,40.758427,-73.99264,0,0,Other Vehicular,4432915,27.4,13.8,0.0,0.0,0.0,0.0,3,20.5,40.3,210,Overcast,0,0,
45439,2021-06-27 07:02:00,40.678238,-73.94415,0,0,Alcohol Involvement,4433127,29.2,22.2,0.5,0.5,0.0,4.0,51,19.6,45.4,196,Drizzle: Light,0,0,
45440,2021-06-29 01:09:00,40.69382,-73.72694,0,0,Unsafe Speed,4432265,33.4,24.0,0.7,0.7,0.0,4.0,51,19.5,40.0,231,Drizzle: Light,0,0,
45441,2021-06-29 11:30:00,40.814365,-73.910706,1,0,Other Vehicular,4432434,33.4,24.0,0.7,0.7,0.0,4.0,51,19.5,40.0,231,Drizzle: Light,1,1,
45442,2021-06-27 22:45:00,40.613075,-74.12257,2,0,Unsafe Speed,4433060,29.2,22.2,0.5,0.5,0.0,4.0,51,19.6,45.4,196,Drizzle: Light,2,2,
45443,2021-06-25 20:45:00,40.726067,-73.9089,1,0,Passing or Lane Usage Improper,4432982,24.7,15.6,0.0,0.0,0.0,0.0,3,20.9,41.0,144,Overcast,1,1,
45444,2021-06-29 09:30:00,40.810627,-73.95828,2,0,Following Too Closely,4432848,33.4,24.0,0.7,0.7,0.0,4.0,51,19.5,40.0,231,Drizzle: Light,2,2,
45445,2021-06-29 23:43:00,40.728962,-73.85523,0,0,Backing Unsafely,4432792,33.4,24.0,0.7,0.7,0.0,4.0,51,19.5,40.0,231,Drizzle: Light,0,0,
45446,2021-06-29 22:30:00,40.58873,-73.94739,2,0,Driver Inattention/Distraction,4432450,33.4,24.0,0.7,0.7,0.0,4.0,51,19.5,40.0,231,Drizzle: Light,2,2,
45447,2021-06-28 08:43:00,40.829647,-73.94439,1,0,Other Vehicular,4433145,32.3,22.9,0.0,0.0,0.0,0.0,3,20.0,37.8,212,Overcast,1,1,
45448,2021-06-29 12:10:00,40.632675,-74.116844,1,0,Driver Inattention/Distraction,4432545,33.4,24.0,0.7,0.7,0.0,4.0,51,19.5,40.0,231,Drizzle: Light,1,1,
45449,2021-06-29 09:35:00,40.806477,-73.908455,1,0,Unsafe Lane Changing,4432819,33.4,24.0,0.7,0.7,0.0,4.0,51,19.5,40.0,231,Drizzle: Light,1,1,
45450,2021-06-29 09:45:00,40.63396,-74.01476,0,0,Driver Inattention/Distraction,4432419,33.4,24.0,0.7,0.7,0.0,4.0,51,19.5,40.0,231,Drizzle: Light,0,0,
45451,2021-06-29 17:45:00,40.718685,-73.99051,0,0,Failure to Yield Right-of-Way,4432374,33.4,24.0,0.7,0.7,0.0,4.0,51,19.5,40.0,231,Drizzle: Light,0,0,
45452,2021-06-25 09:30:00,40.802753,-73.93358,0,0,Reaction to Uninvolved Vehicle,4432902,24.7,15.6,0.0,0.0,0.0,0.0,3,20.9,41.0,144,Overcast,0,0,
45453,2021-06-20 04:45:00,40.757908,-73.9893,0,0,Unspecified,4432922,28.7,17.3,0.3,0.3,0.0,2.0,51,19.5,40.0,212,Drizzle: Light,0,0,
45454,2021-06-29 11:30:00,40.69612,-73.74619,0,0,Following Too Closely,4432608,33.4,24.0,0.7,0.7,0.0,4.0,51,19.5,40.0,231,Drizzle: Light,0,0,
45455,2021-06-29 17:23:00,40.667084,-73.78698,0,0,Passing or Lane Usage Improper,4432751,33.4,24.0,0.7,0.7,0.0,4.0,51,19.5,40.0,231,Drizzle: Light,0,0,
45456,2021-06-20 16:30:00,40.678394,-73.94692,0,0,Passing or Lane Usage Improper,4433156,28.7,17.3,0.3,0.3,0.0,2.0,51,19.5,40.0,212,Drizzle: Light,0,0,
45457,2021-06-29 15:05:00,40.760307,-73.87582,2,0,Unspecified,4432502,33.4,24.0,0.7,0.7,0.0,4.0,51,19.5,40.0,231,Drizzle: Light,2,2,
45458,2021-06-26 05:30:00,40.62771,-73.960686,0,0,Unspecified,4432999,26.5,18.6,1.3,1.3,0.0,8.0,51,23.7,52.9,181,Drizzle: Light,0,0,
45459,2021-06-25 17:50:00,40.75531,-73.99309,1,0,Other Vehicular,4432863,24.7,15.6,0.0,0.0,0.0,0.0,3,20.9,41.0,144,Overcast,1,1,
45460,2021-06-27 18:30:00,40.5453,-74.14767,0,0,Unspecified,4433078,29.2,22.2,0.5,0.5,0.0,4.0,51,19.6,45.4,196,Drizzle: Light,0,0,
45461,2021-06-27 12:55:00,40.638523,-73.98131,1,0,Unspecified,4433053,29.2,22.2,0.5,0.5,0.0,4.0,51,19.6,45.4,196,Drizzle: Light,1,1,
45462,2021-06-28 02:34:00,40.7495,-73.98308,0,0,Driver Inattention/Distraction,4432867,32.3,22.9,0.0,0.0,0.0,0.0,3,20.0,37.8,212,Overcast,0,0,
45463,2021-06-29 00:00:00,40.67906,-73.81936,1,0,Reaction to Uninvolved Vehicle,4431983,33.4,24.0,0.7,0.7,0.0,4.0,51,19.5,40.0,231,Drizzle: Light,1,1,
45464,2021-06-28 09:40:00,40.650887,-73.96466,0,0,Turning Improperly,4432977,32.3,22.9,0.0,0.0,0.0,0.0,3,20.0,37.8,212,Overcast,0,0,
45465,2021-06-29 18:30:00,40.532227,-74.204056,0,0,Reaction to Uninvolved Vehicle,4432904,33.4,24.0,0.7,0.7,0.0,4.0,51,19.5,40.0,231,Drizzle: Light,0,0,
45466,2021-06-29 18:08:00,40.648655,-73.92232,0,0,Driver Inattention/Distraction,4432403,33.4,24.0,0.7,0.7,0.0,4.0,51,19.5,40.0,231,Drizzle: Light,0,0,
45467,2021-06-29 18:15:00,40.821636,-73.93909,0,0,Driver Inattention/Distraction,4432634,33.4,24.0,0.7,0.7,0.0,4.0,51,19.5,40.0,231,Drizzle: Light,0,0,
45468,2021-06-29 11:00:00,40.83142,-73.92644,0,0,Unspecified,4432246,33.4,24.0,0.7,0.7,0.0,4.0,51,19.5,40.0,231,Drizzle: Light,0,0,
45469,2021-06-29 08:30:00,40.70617,-73.83461,0,0,Driver Inexperience,4432930,33.4,24.0,0.7,0.7,0.0,4.0,51,19.5,40.0,231,Drizzle: Light,0,0,
45470,2021-06-29 20:15:00,40.714714,-73.95842,0,0,Following Too Closely,4432795,33.4,24.0,0.7,0.7,0.0,4.0,51,19.5,40.0,231,Drizzle: Light,0,0,
45471,2021-06-18 18:59:00,40.61074,-74.09583,0,0,Unsafe Lane Changing,4433214,27.4,13.8,0.0,0.0,0.0,0.0,3,20.5,40.3,210,Overcast,0,0,
45472,2021-06-29 16:30:00,40.71356,-73.99631,0,0,Driver Inattention/Distraction,4432477,33.4,24.0,0.7,0.7,0.0,4.0,51,19.5,40.0,231,Drizzle: Light,0,0,
45473,2021-06-29 20:05:00,40.655273,-73.93178,1,0,Unspecified,4432719,33.4,24.0,0.7,0.7,0.0,4.0,51,19.5,40.0,231,Drizzle: Light,1,1,
45474,2021-06-29 12:20:00,40.897068,-73.843376,0,0,Reaction to Uninvolved Vehicle,4432566,33.4,24.0,0.7,0.7,0.0,4.0,51,19.5,40.0,231,Drizzle: Light,0,0,
45475,2021-06-29 01:58:00,40.644302,-74.086914,0,0,Driver Inattention/Distraction,4432291,33.4,24.0,0.7,0.7,0.0,4.0,51,19.5,40.0,231,Drizzle: Light,0,0,
45476,2021-06-29 00:50:00,40.726185,-73.87022,1,0,Driver Inattention/Distraction,4432361,33.4,24.0,0.7,0.7,0.0,4.0,51,19.5,40.0,231,Drizzle: Light,1,1,
45477,2021-06-10 21:15:00,40.71625,-73.95519,1,0,Traffic Control Disregarded,4433039,26.7,16.8,0.0,0.0,0.0,0.0,3,20.9,40.3,78,Overcast,1,1,
45478,2021-06-29 08:40:00,40.83852,-73.92619,0,0,Turning Improperly,4432179,33.4,24.0,0.7,0.7,0.0,4.0,51,19.5,40.0,231,Drizzle: Light,0,0,
45479,2021-06-16 14:14:00,40.752655,-73.99312,0,0,Driver Inattention/Distraction,4433011,23.1,15.1,0.0,0.0,0.0,0.0,1,20.2,40.0,317,Mainly clear,0,0,Sunny/Clear Conditions
45480,2021-06-29 19:25:00,40.80226,-73.94428,1,0,Passing or Lane Usage Improper,4432587,33.4,24.0,0.7,0.7,0.0,4.0,51,19.5,40.0,231,Drizzle: Light,1,1,
45481,2021-06-29 19:07:00,40.671196,-73.84296,0,0,Passing or Lane Usage Improper,4432429,33.4,24.0,0.7,0.7,0.0,4.0,51,19.5,40.0,231,Drizzle: Light,0,0,
45482,2021-06-28 14:40:00,40.6972,-73.952934,0,0,Following Too Closely,4433152,32.3,22.9,0.0,0.0,0.0,0.0,3,20.0,37.8,212,Overcast,0,0,
45483,2021-06-28 04:05:00,40.59566,-73.99314,1,0,Failure to Yield Right-of-Way,4432963,32.3,22.9,0.0,0.0,0.0,0.0,3,20.0,37.8,212,Overcast,1,1,
45484,2021-06-29 08:30:00,40.879883,-73.880486,1,0,Passing or Lane Usage Improper,4432298,33.4,24.0,0.7,0.7,0.0,4.0,51,19.5,40.0,231,Drizzle: Light,1,1,
45485,2021-06-29 18:55:00,40.75855,-73.82964,0,0,Failure to Keep Right,4432377,33.4,24.0,0.7,0.7,0.0,4.0,51,19.5,40.0,231,Drizzle: Light,0,0,
45486,2021-06-29 19:25:00,40.613194,-73.92631,0,0,Unspecified,4432758,33.4,24.0,0.7,0.7,0.0,4.0,51,19.5,40.0,231,Drizzle: Light,0,0,
45487,2021-06-29 17:30:00,40.842804,-73.83104,0,0,Unspecified,4432668,33.4,24.0,0.7,0.7,0.0,4.0,51,19.5,40.0,231,Drizzle: Light,0,0,
45488,2021-06-23 20:00:00,40.728474,-73.85174,0,0,Unspecified,4433157,23.1,12.2,0.0,0.0,0.0,0.0,3,16.5,31.7,309,Overcast,0,0,
45489,2021-06-29 10:02:00,40.702953,-73.91706,1,0,Failure to Yield Right-of-Way,4432169,33.4,24.0,0.7,0.7,0.0,4.0,51,19.5,40.0,231,Drizzle: Light,1,1,
45490,2021-06-29 11:38:00,40.778587,-73.90174,0,0,Unspecified,4432497,33.4,24.0,0.7,0.7,0.0,4.0,51,19.5,40.0,231,Drizzle: Light,0,0,
45491,2021-06-21 03:39:00,40.591293,-74.15302,1,0,Driver Inattention/Distraction,4433207,28.0,21.7,0.5,0.5,0.0,2.0,51,24.4,46.8,181,Drizzle: Light,1,1,
45492,2021-06-29 12:00:00,40.802753,-73.93358,2,0,Unsafe Speed,4432240,33.4,24.0,0.7,0.7,0.0,4.0,51,19.5,40.0,231,Drizzle: Light,2,2,
45493,2021-06-27 00:00:00,40.81175,-73.93144,1,0,Passing Too Closely,4433192,29.2,22.2,0.5,0.5,0.0,4.0,51,19.6,45.4,196,Drizzle: Light,1,1,
45494,2021-06-29 09:30:00,40.716515,-73.99463,0,0,Aggressive Driving/Road Rage,4432606,33.4,24.0,0.7,0.7,0.0,4.0,51,19.5,40.0,231,Drizzle: Light,0,0,
45495,2021-06-29 04:15:00,40.663643,-73.89084,0,0,Unsafe Speed,4432108,33.4,24.0,0.7,0.7,0.0,4.0,51,19.5,40.0,231,Drizzle: Light,0,0,
45496,2021-06-29 14:41:00,40.762424,-73.831665,0,0,Lost Consciousness,4432383,33.4,24.0,0.7,0.7,0.0,4.0,51,19.5,40.0,231,Drizzle: Light,0,0,
45497,2021-06-29 18:38:00,40.742443,-73.93023,1,0,Driver Inattention/Distraction,4432644,33.4,24.0,0.7,0.7,0.0,4.0,51,19.5,40.0,231,Drizzle: Light,1,1,
45498,2021-06-27 20:45:00,40.6427,-73.87661,1,0,Failure to Yield Right-of-Way,4433114,29.2,22.2,0.5,0.5,0.0,4.0,51,19.6,45.4,196,Drizzle: Light,1,1,
45499,2021-06-29 19:00:00,40.677654,-73.82866,0,0,Passing or Lane Usage Improper,4432549,33.4,24.0,0.7,0.7,0.0,4.0,51,19.5,40.0,231,Drizzle: Light,0,0,
45500,2021-06-29 07:36:00,40.64647,-74.01258,1,0,Pedestrian/Bicyclist/Other Pedestrian Error/Confusion,4432280,33.4,24.0,0.7,0.7,0.0,4.0,51,19.5,40.0,231,Drizzle: Light,1,1,
45501,2021-06-27 17:15:00,40.748436,-73.984566,0,0,Failure to Yield Right-of-Way,4432921,29.2,22.2,0.5,0.5,0.0,4.0,51,19.6,45.4,196,Drizzle: Light,0,0,
45502,2021-06-22 13:45:00,40.748436,-73.984566,0,0,Brakes Defective,4432887,24.2,15.1,8.5,8.5,0.0,9.0,63,22.2,43.2,305,Rain: Moderate,0,0,
45503,2021-06-29 12:54:00,40.818558,-73.92732,1,0,Driver Inexperience,4432435,33.4,24.0,0.7,0.7,0.0,4.0,51,19.5,40.0,231,Drizzle: Light,1,1,
45504,2021-06-29 22:45:00,40.690914,-73.72819,0,0,Unspecified,4432412,33.4,24.0,0.7,0.7,0.0,4.0,51,19.5,40.0,231,Drizzle: Light,0,0,
45505,2021-06-29 15:04:00,40.619408,-73.91208,0,0,Unspecified,4432767,33.4,24.0,0.7,0.7,0.0,4.0,51,19.5,40.0,231,Drizzle: Light,0,0,
45506,2021-06-29 16:11:00,40.727154,-74.005554,0,0,Traffic Control Disregarded,4432840,33.4,24.0,0.7,0.7,0.0,4.0,51,19.5,40.0,231,Drizzle: Light,0,0,
45507,2021-06-29 00:00:00,40.79395,-73.97417,0,0,Passing Too Closely,4432451,33.4,24.0,0.7,0.7,0.0,4.0,51,19.5,40.0,231,Drizzle: Light,0,0,
45508,2021-06-17 08:32:00,40.671402,-73.92236,0,0,Unspecified,4433128,23.9,12.1,0.0,0.0,0.0,0.0,3,13.4,27.4,311,Overcast,0,0,
45509,2021-06-29 12:29:00,40.665833,-73.92244,0,0,Turning Improperly,4432274,33.4,24.0,0.7,0.7,0.0,4.0,51,19.5,40.0,231,Drizzle: Light,0,0,
45510,2022-07-04 20:45:00,40.66331,-73.84287,1,0,Failure to Yield Right-of-Way,4543696,30.9,17.5,0.0,0.0,0.0,0.0,3,15.4,27.4,302,Overcast,1,1,
45511,2021-06-29 01:22:00,40.835297,-73.91291,0,0,Unsafe Speed,4432211,33.4,24.0,0.7,0.7,0.0,4.0,51,19.5,40.0,231,Drizzle: Light,0,0,
45512,2021-06-29 20:45:00,40.60518,-73.98018,0,0,Driver Inattention/Distraction,4432936,33.4,24.0,0.7,0.7,0.0,4.0,51,19.5,40.0,231,Drizzle: Light,0,0,
45513,2021-06-29 17:22:00,40.890293,-73.86518,0,0,Driver Inattention/Distraction,4432613,33.4,24.0,0.7,0.7,0.0,4.0,51,19.5,40.0,231,Drizzle: Light,0,0,
45514,2021-06-26 00:15:00,40.666035,-73.7592,0,0,Unsafe Lane Changing,4432689,26.5,18.6,1.3,1.3,0.0,8.0,51,23.7,52.9,181,Drizzle: Light,0,0,
45515,2021-06-29 18:00:00,40.61463,-74.16393,1,0,Failure to Yield Right-of-Way,4432684,33.4,24.0,0.7,0.7,0.0,4.0,51,19.5,40.0,231,Drizzle: Light,1,1,
45516,2021-06-29 16:42:00,40.613655,-73.978,1,0,Failure to Yield Right-of-Way,4432320,33.4,24.0,0.7,0.7,0.0,4.0,51,19.5,40.0,231,Drizzle: Light,1,1,
45517,2021-06-29 14:20:00,40.58481,-73.98301,1,0,Traffic Control Device Improper/Non-Working,4432466,33.4,24.0,0.7,0.7,0.0,4.0,51,19.5,40.0,231,Drizzle: Light,1,1,
45518,2021-06-29 20:35:00,40.830353,-73.90347,0,0,View Obstructed/Limited,4432639,33.4,24.0,0.7,0.7,0.0,4.0,51,19.5,40.0,231,Drizzle: Light,0,0,
45519,2021-06-29 00:50:00,40.596745,-73.985275,2,0,Reaction to Uninvolved Vehicle,4432529,33.4,24.0,0.7,0.7,0.0,4.0,51,19.5,40.0,231,Drizzle: Light,2,2,
45520,2021-06-29 10:49:00,40.5998,-73.9476,0,0,Unspecified,4432200,33.4,24.0,0.7,0.7,0.0,4.0,51,19.5,40.0,231,Drizzle: Light,0,0,
45521,2021-06-29 03:30:00,40.666676,-73.87008,0,0,Backing Unsafely,4432079,33.4,24.0,0.7,0.7,0.0,4.0,51,19.5,40.0,231,Drizzle: Light,0,0,
45522,2021-06-29 18:25:00,40.74701,-73.977196,1,0,Passing or Lane Usage Improper,4432392,33.4,24.0,0.7,0.7,0.0,4.0,51,19.5,40.0,231,Drizzle: Light,1,1,
45523,2021-06-29 20:25:00,40.67334,-73.88617,1,0,Driver Inattention/Distraction,4433023,33.4,24.0,0.7,0.7,0.0,4.0,51,19.5,40.0,231,Drizzle: Light,1,1,
45524,2021-06-29 04:20:00,40.845528,-73.86461,0,0,Unspecified,4432340,33.4,24.0,0.7,0.7,0.0,4.0,51,19.5,40.0,231,Drizzle: Light,0,0,
45525,2021-06-24 17:10:00,40.752563,-73.99434,1,0,Turning Improperly,4432895,23.2,13.5,0.0,0.0,0.0,0.0,3,19.7,40.0,145,Overcast,1,1,
45526,2021-06-28 07:10:00,40.693577,-73.82874,0,0,Passing or Lane Usage Improper,4432916,32.3,22.9,0.0,0.0,0.0,0.0,3,20.0,37.8,212,Overcast,0,0,
45527,2021-06-29 21:00:00,40.620865,-73.935,2,0,Driver Inattention/Distraction,4432788,33.4,24.0,0.7,0.7,0.0,4.0,51,19.5,40.0,231,Drizzle: Light,2,2,
45528,2021-06-29 18:03:00,40.733433,-73.9955,1,0,Driver Inattention/Distraction,4432983,33.4,24.0,0.7,0.7,0.0,4.0,51,19.5,40.0,231,Drizzle: Light,1,1,
45529,2021-06-29 21:00:00,40.651367,-73.95592,1,0,Unspecified,4432405,33.4,24.0,0.7,0.7,0.0,4.0,51,19.5,40.0,231,Drizzle: Light,1,1,
45530,2021-06-29 20:00:00,40.807903,-73.92005,1,0,Unspecified,4432823,33.4,24.0,0.7,0.7,0.0,4.0,51,19.5,40.0,231,Drizzle: Light,1,1,
45531,2021-06-29 16:25:00,40.651863,-73.86536,1,0,Driver Inattention/Distraction,4433020,33.4,24.0,0.7,0.7,0.0,4.0,51,19.5,40.0,231,Drizzle: Light,1,1,
45532,2021-06-29 23:00:00,40.586517,-73.933304,0,0,Unspecified,4432594,33.4,24.0,0.7,0.7,0.0,4.0,51,19.5,40.0,231,Drizzle: Light,0,0,
45533,2021-06-28 02:15:00,40.63321,-73.92259,0,0,Passing or Lane Usage Improper,4433054,32.3,22.9,0.0,0.0,0.0,0.0,3,20.0,37.8,212,Overcast,0,0,
45534,2021-06-29 18:20:00,40.585056,-73.928894,0,0,Unsafe Speed,4433115,33.4,24.0,0.7,0.7,0.0,4.0,51,19.5,40.0,231,Drizzle: Light,0,0,
45535,2021-06-29 17:20:00,40.659477,-73.908134,0,0,Unsafe Lane Changing,4432635,33.4,24.0,0.7,0.7,0.0,4.0,51,19.5,40.0,231,Drizzle: Light,0,0,
45536,2021-06-29 22:00:00,40.829155,-73.93728,0,0,Unspecified,4432952,33.4,24.0,0.7,0.7,0.0,4.0,51,19.5,40.0,231,Drizzle: Light,0,0,
45537,2021-06-29 16:13:00,40.832535,-73.85797,0,0,Driver Inattention/Distraction,4432567,33.4,24.0,0.7,0.7,0.0,4.0,51,19.5,40.0,231,Drizzle: Light,0,0,
45538,2021-06-29 02:22:00,40.632847,-73.928375,2,0,Passing or Lane Usage Improper,4432233,33.4,24.0,0.7,0.7,0.0,4.0,51,19.5,40.0,231,Drizzle: Light,2,2,
45539,2021-06-29 14:55:00,40.71283,-73.87821,0,0,Illnes,4432307,33.4,24.0,0.7,0.7,0.0,4.0,51,19.5,40.0,231,Drizzle: Light,0,0,
45540,2021-06-29 23:45:00,40.66584,-73.75551,0,0,Unspecified,4432695,33.4,24.0,0.7,0.7,0.0,4.0,51,19.5,40.0,231,Drizzle: Light,0,0,
45541,2021-06-29 10:15:00,40.730007,-73.99292,0,0,Backing Unsafely,4432673,33.4,24.0,0.7,0.7,0.0,4.0,51,19.5,40.0,231,Drizzle: Light,0,0,
45542,2021-06-29 06:40:00,40.83089,-73.941376,0,0,Unspecified,4432184,33.4,24.0,0.7,0.7,0.0,4.0,51,19.5,40.0,231,Drizzle: Light,0,0,
45543,2021-06-22 13:05:00,40.736412,-74.00195,0,0,Unspecified,4432984,24.2,15.1,8.5,8.5,0.0,9.0,63,22.2,43.2,305,Rain: Moderate,0,0,
45544,2021-06-29 22:59:00,40.713974,-73.953094,0,0,Following Too Closely,4432797,33.4,24.0,0.7,0.7,0.0,4.0,51,19.5,40.0,231,Drizzle: Light,0,0,
45545,2021-06-15 17:45:00,40.68138,-73.95352,1,0,Passing Too Closely,4433151,25.1,17.4,1.0,1.0,0.0,4.0,53,17.7,33.8,295,Drizzle: Moderate,1,1,
45546,2021-06-29 20:23:00,40.798565,-73.94799,1,0,Following Too Closely,4432457,33.4,24.0,0.7,0.7,0.0,4.0,51,19.5,40.0,231,Drizzle: Light,1,1,
45547,2021-06-29 17:00:00,40.709747,-73.82057,0,0,Following Too Closely,4432900,33.4,24.0,0.7,0.7,0.0,4.0,51,19.5,40.0,231,Drizzle: Light,0,0,
45548,2021-06-29 01:05:00,40.686497,-73.80805,0,0,Unsafe Speed,4431987,33.4,24.0,0.7,0.7,0.0,4.0,51,19.5,40.0,231,Drizzle: Light,0,0,
45549,2021-06-19 21:56:00,40.655037,-73.88797,1,0,Backing Unsafely,4433030,31.5,19.5,1.2,1.2,0.0,3.0,53,21.1,38.2,243,Drizzle: Moderate,1,1,
45550,2021-06-29 08:20:00,40.76214,-73.90191,0,0,Driver Inattention/Distraction,4432496,33.4,24.0,0.7,0.7,0.0,4.0,51,19.5,40.0,231,Drizzle: Light,0,0,
45551,2021-06-29 07:20:00,40.75414,-74.0059,0,0,Passing Too Closely,4432518,33.4,24.0,0.7,0.7,0.0,4.0,51,19.5,40.0,231,Drizzle: Light,0,0,
45552,2021-06-25 14:35:00,40.62308,-74.1759,2,0,Following Too Closely,4433213,24.7,15.6,0.0,0.0,0.0,0.0,3,20.9,41.0,144,Overcast,2,2,
45553,2021-06-28 19:27:00,40.6329,-73.97264,0,0,Driver Inattention/Distraction,4432978,32.3,22.9,0.0,0.0,0.0,0.0,3,20.0,37.8,212,Overcast,0,0,
45554,2021-06-29 08:50:00,40.684166,-73.92931,0,0,Driver Inattention/Distraction,4432398,33.4,24.0,0.7,0.7,0.0,4.0,51,19.5,40.0,231,Drizzle: Light,0,0,
45555,2022-07-04 22:58:00,40.82143,-73.87941,0,0,Unspecified,4543957,30.9,17.5,0.0,0.0,0.0,0.0,3,15.4,27.4,302,Overcast,0,0,
45556,2021-06-29 18:40:00,40.67928,-73.86047,2,0,Driver Inattention/Distraction,4432428,33.4,24.0,0.7,0.7,0.0,4.0,51,19.5,40.0,231,Drizzle: Light,2,2,
45557,2021-06-29 15:20:00,40.681686,-73.871574,1,0,Driver Inattention/Distraction,4433014,33.4,24.0,0.7,0.7,0.0,4.0,51,19.5,40.0,231,Drizzle: Light,1,1,
45558,2021-06-26 03:20:00,40.713135,-74.00407,1,0,Passing Too Closely,4433158,26.5,18.6,1.3,1.3,0.0,8.0,51,23.7,52.9,181,Drizzle: Light,1,1,
45559,2021-06-29 09:00:00,40.829697,-73.91313,1,0,Traffic Control Disregarded,4432285,33.4,24.0,0.7,0.7,0.0,4.0,51,19.5,40.0,231,Drizzle: Light,1,1,
45560,2021-06-29 00:15:00,40.612175,-73.99397,0,0,Driver Inattention/Distraction,4432152,33.4,24.0,0.7,0.7,0.0,4.0,51,19.5,40.0,231,Drizzle: Light,0,0,
45561,2021-06-29 15:10:00,40.74555,-73.98934,0,0,Backing Unsafely,4432625,33.4,24.0,0.7,0.7,0.0,4.0,51,19.5,40.0,231,Drizzle: Light,0,0,
45562,2021-06-29 17:35:00,40.621857,-73.93823,0,0,Driver Inattention/Distraction,4432759,33.4,24.0,0.7,0.7,0.0,4.0,51,19.5,40.0,231,Drizzle: Light,0,0,
45563,2021-06-29 16:30:00,40.63011,-74.01001,0,0,Driver Inexperience,4432378,33.4,24.0,0.7,0.7,0.0,4.0,51,19.5,40.0,231,Drizzle: Light,0,0,
45564,2021-06-29 17:00:00,40.726295,-73.84104,0,0,Passing Too Closely,4432359,33.4,24.0,0.7,0.7,0.0,4.0,51,19.5,40.0,231,Drizzle: Light,0,0,
45565,2021-06-29 09:30:00,40.720684,-73.81868,0,0,Driver Inattention/Distraction,4432652,33.4,24.0,0.7,0.7,0.0,4.0,51,19.5,40.0,231,Drizzle: Light,0,0,
45566,2021-06-28 12:00:00,40.6251,-73.962036,0,0,Driver Inattention/Distraction,4432998,32.3,22.9,0.0,0.0,0.0,0.0,3,20.0,37.8,212,Overcast,0,0,
45567,2021-06-29 22:53:00,40.61983,-74.02957,1,0,Unspecified,4432416,33.4,24.0,0.7,0.7,0.0,4.0,51,19.5,40.0,231,Drizzle: Light,1,1,