,CRASH DATETIME,LATITUDE,LONGITUDE,NUMBER OF PERSONS INJURED,NUMBER OF PERSONS KILLED,CONTRIBUTING FACTOR VEHICLE 1,COLLISION_ID,temperature_2m_max,temperature_2m_min,precipitation_sum,rain_sum,snowfall_sum,precipitation_hours,weather_code,wind_speed_10m_max,wind_gusts_10m_max,wind_direction_10m_dominant,Weather Description,Severity_Score,Total_Affected_Persons,Weather_Category
45568,2021-06-29 15:00:00,40.705658,-73.93171,0,0,Driver Inexperience,4432461,33.4,24.0,0.7,0.7,0.0,4.0,51,19.5,40.0,231,Drizzle: Light,0,0,
45569,2021-06-29 01:05:00,40.879383,-73.82544,0,0,Traffic Control Disregarded,4432927,33.4,24.0,0.7,0.7,0.0,4.0,51,19.5,40.0,231,Drizzle: Light,0,0,
45570,2021-06-29 06:15:00,40.747894,-73.989174,1,0,Traffic Control Disregarded,4432871,33.4,24.0,0.7,0.7,0.0,4.0,51,19.5,40.0,231,Drizzle: Light,1,1,
45571,2021-06-23 19:18:00,40.795006,-73.9485,0,0,Failure to Yield Right-of-Way,4433139,23.1,12.2,0.0,0.0,0.0,0.0,3,16.5,31.7,309,Overcast,0,0,
45572,2021-06-26 01:53:00,40.792927,-73.94791,0,0,Following Too Closely,4433206,26.5,18.6,1.3,1.3,0.0,8.0,51,23.7,52.9,181,Drizzle: Light,0,0,
45573,2021-06-29 16:55:00,40.762386,-73.911804,1,0,Unspecified,4432503,33.4,24.0,0.7,0.7,0.0,4.0,51,19.5,40.0,231,Drizzle: Light,1,1,
45574,2022-06-23 08:20:00,40.6947,-73.78343,0,0,Passing or Lane Usage Improper,4544085,22.6,15.7,0.8,0.8,0.0,6.0,51,15.6,31.3,127,Drizzle: Light,0,0,
45575,2021-06-29 23:42:00,40.85429,-73.90027,2,0,View Obstructed/Limited,4432476,33.4,24.0,0.7,0.7,0.0,4.0,51,19.5,40.0,231,Drizzle: Light,2,2,
45576,2021-06-29 00:00:00,40.63844,-74.036766,1,0,Driver Inexperience,4432406,33.4,24.0,0.7,0.7,0.0,4.0,51,19.5,40.0,231,Drizzle: Light,1,1,
45577,2021-06-27 20:30:00,40.691948,-73.939835,0,0,Unspecified,4433089,29.2,22.2,0.5,0.5,0.0,4.0,51,19.6,45.4,196,Drizzle: Light,0,0,
45578,2021-06-29 21:00:00,40.775562,-73.95035,0,0,Driver Inattention/Distraction,4432828,33.4,24.0,0.7,0.7,0.0,4.0,51,19.5,40.0,231,Drizzle: Light,0,0,
45579,2021-06-25 12:45:00,40.757538,-73.98956,1,0,Traffic Control Disregarded,4432862,24.7,15.6,0.0,0.0,0.0,0.0,3,20.9,41.0,144,Overcast,1,1,
45580,2021-06-22 16:50:00,40.734447,-73.95496,0,0,Other Vehicular,4432888,24.2,15.1,8.5,8.5,0.0,9.0,63,22.2,43.2,305,Rain: Moderate,0,0,
45581,2021-06-29 18:41:00,40.83694,-73.927124,0,0,Passing Too Closely,4432439,33.4,24.0,0.7,0.7,0.0,4.0,51,19.5,40.0,231,Drizzle: Light,0,0,
45582,2022-07-04 04:00:00,40.696423,-73.81328,0,0,Unspecified,4543506,30.9,17.5,0.0,0.0,0.0,0.0,3,15.4,27.4,302,Overcast,0,0,
45583,2022-06-29 04:59:00,40.80202,-73.94969,2,0,Driver Inattention/Distraction,4543972,29.0,17.7,0.0,0.0,0.0,0.0,3,27.2,51.5,195,Overcast,2,2,
45584,2022-07-04 08:30:00,40.843296,-73.917816,1,0,Unsafe Speed,4543485,30.9,17.5,0.0,0.0,0.0,0.0,3,15.4,27.4,302,Overcast,1,1,
45585,2022-07-04 02:15:00,40.68783,-73.74973,0,0,Alcohol Involvement,4543178,30.9,17.5,0.0,0.0,0.0,0.0,3,15.4,27.4,302,Overcast,0,0,
45586,2022-06-29 23:25:00,40.87307,-73.85041,2,0,Failure to Yield Right-of-Way,4544000,29.0,17.7,0.0,0.0,0.0,0.0,3,27.2,51.5,195,Overcast,2,2,
45587,2022-07-04 19:02:00,40.814728,-73.85919,0,0,Driver Inattention/Distraction,4543372,30.9,17.5,0.0,0.0,0.0,0.0,3,15.4,27.4,302,Overcast,0,0,
45588,2022-07-04 21:55:00,40.684814,-73.98353,1,0,Pedestrian/Bicyclist/Other Pedestrian Error/Confusion,4543634,30.9,17.5,0.0,0.0,0.0,0.0,3,15.4,27.4,302,Overcast,1,1,
45589,2022-07-04 15:00:00,40.69168,-73.75127,1,0,Failure to Yield Right-of-Way,4544073,30.9,17.5,0.0,0.0,0.0,0.0,3,15.4,27.4,302,Overcast,1,1,
45590,2022-07-03 15:45:00,40.58196,-73.959946,0,0,Driver Inattention/Distraction,4543935,31.2,21.0,0.0,0.0,0.0,0.0,3,15.8,31.3,341,Overcast,0,0,
45591,2022-07-04 11:30:00,40.84582,-73.9335,1,0,Unspecified,4543648,30.9,17.5,0.0,0.0,0.0,0.0,3,15.4,27.4,302,Overcast,1,1,
45592,2022-06-28 09:57:00,40.628185,-74.14792,0,0,,4543821,27.5,19.1,0.0,0.0,0.0,0.0,3,14.4,28.4,334,Overcast,0,0,
45593,2022-09-21 07:35:00,40.82389,-73.87461,2,0,Driver Inattention/Distraction,4566004,26.5,16.0,0.0,0.0,0.0,0.0,3,19.4,36.7,252,Overcast,2,2,
45594,2022-07-04 05:00:00,40.641354,-73.9534,0,0,Unspecified,4543572,30.9,17.5,0.0,0.0,0.0,0.0,3,15.4,27.4,302,Overcast,0,0,
45595,2022-07-04 17:48:00,40.73363,-73.87477,0,0,Driver Inattention/Distraction,4543444,30.9,17.5,0.0,0.0,0.0,0.0,3,15.4,27.4,302,Overcast,0,0,
45596,2022-06-29 08:40:00,40.67308,-73.91124,0,0,Unspecified,4543991,29.0,17.7,0.0,0.0,0.0,0.0,3,27.2,51.5,195,Overcast,0,0,
45597,2022-06-21 20:15:00,40.82382,-73.93831,0,0,Outside Car Distraction,4543844,26.0,14.6,1.0,1.0,0.0,3.0,53,13.0,24.1,175,Drizzle: Moderate,0,0,
45598,2022-06-29 17:45:00,40.766685,-73.892136,1,0,Driver Inattention/Distraction,4543917,29.0,17.7,0.0,0.0,0.0,0.0,3,27.2,51.5,195,Overcast,1,1,
45599,2022-07-04 23:15:00,40.73186,-73.8108,0,0,Driver Inattention/Distraction,4543683,30.9,17.5,0.0,0.0,0.0,0.0,3,15.4,27.4,302,Overcast,0,0,
45600,2022-07-04 04:45:00,40.663292,-73.89313,0,0,Unspecified,4543803,30.9,17.5,0.0,0.0,0.0,0.0,3,15.4,27.4,302,Overcast,0,0,
45601,2022-06-29 10:24:00,40.662575,-73.93448,1,0,Failure to Keep Right,4544095,29.0,17.7,0.0,0.0,0.0,0.0,3,27.2,51.5,195,Overcast,1,1,
45602,2022-06-29 01:00:00,40.815754,-73.89529,0,0,Driver Inattention/Distraction,4543964,29.0,17.7,0.0,0.0,0.0,0.0,3,27.2,51.5,195,Overcast,0,0,
45603,2022-07-04 15:40:00,40.809494,-73.935814,3,0,Driver Inattention/Distraction,4543816,30.9,17.5,0.0,0.0,0.0,0.0,3,15.4,27.4,302,Overcast,3,3,
45604,2022-07-03 11:38:00,40.8118,-73.88865,0,0,Unspecified,4543967,31.2,21.0,0.0,0.0,0.0,0.0,3,15.8,31.3,341,Overcast,0,0,
45605,2022-07-04 03:10:00,40.648254,-73.971405,0,0,Failure to Yield Right-of-Way,4543134,30.9,17.5,0.0,0.0,0.0,0.0,3,15.4,27.4,302,Overcast,0,0,
45606,2022-06-03 07:15:00,40.677563,-73.93309,0,0,Unsafe Speed,4543993,25.3,18.0,0.5,0.5,0.0,4.0,51,14.2,32.0,84,Drizzle: Light,0,0,
45607,2022-07-04 05:00:00,40.685017,-73.84336,0,0,Tire Failure/Inadequate,4543501,30.9,17.5,0.0,0.0,0.0,0.0,3,15.4,27.4,302,Overcast,0,0,
45608,2022-07-04 13:20:00,40.602425,-74.091354,0,0,Failure to Yield Right-of-Way,4543859,30.9,17.5,0.0,0.0,0.0,0.0,3,15.4,27.4,302,Overcast,0,0,
45609,2022-07-04 07:00:00,40.72935,-73.910194,1,0,Unspecified,4543356,30.9,17.5,0.0,0.0,0.0,0.0,3,15.4,27.4,302,Overcast,1,1,
45610,2022-07-04 18:00:00,40.550434,-74.13608,0,0,Driver Inattention/Distraction,4543853,30.9,17.5,0.0,0.0,0.0,0.0,3,15.4,27.4,302,Overcast,0,0,
45611,2022-07-04 16:46:00,40.641,-73.91185,1,0,Unspecified,4544026,30.9,17.5,0.0,0.0,0.0,0.0,3,15.4,27.4,302,Overcast,1,1,
45612,2022-07-02 19:30:00,40.585335,-73.98749,2,0,Driver Inattention/Distraction,4543937,30.8,23.1,4.0,4.0,0.0,5.0,61,19.4,40.0,229,Rain: Light,2,2,
45613,2022-07-04 22:07:00,40.680042,-73.80894,1,0,Failure to Yield Right-of-Way,4543695,30.9,17.5,0.0,0.0,0.0,0.0,3,15.4,27.4,302,Overcast,1,1,
45614,2022-07-04 17:42:00,40.631104,-73.9962,0,0,Passing or Lane Usage Improper,4543753,30.9,17.5,0.0,0.0,0.0,0.0,3,15.4,27.4,302,Overcast,0,0,
45615,2022-07-03 19:37:00,40.875675,-73.90069,1,0,Unspecified,4543911,31.2,21.0,0.0,0.0,0.0,0.0,3,15.8,31.3,341,Overcast,1,1,
45616,2022-07-01 20:45:00,40.75141,-73.90257,0,0,Failure to Yield Right-of-Way,4543830,33.7,20.2,0.1,0.1,0.0,1.0,51,32.3,58.0,215,Drizzle: Light,0,0,
45617,2022-07-04 22:05:00,40.845085,-73.815735,1,0,Driver Inattention/Distraction,4543385,30.9,17.5,0.0,0.0,0.0,0.0,3,15.4,27.4,302,Overcast,1,1,
45618,2022-07-04 20:35:00,40.625652,-73.930534,2,0,Traffic Control Disregarded,4543435,30.9,17.5,0.0,0.0,0.0,0.0,3,15.4,27.4,302,Overcast,2,2,
45619,2022-07-04 12:35:00,40.8283,-73.92447,0,0,Backing Unsafely,4543293,30.9,17.5,0.0,0.0,0.0,0.0,3,15.4,27.4,302,Overcast,0,0,
45620,2022-07-02 19:00:00,40.602432,-73.76041,0,0,Unspecified,4544104,30.8,23.1,4.0,4.0,0.0,5.0,61,19.4,40.0,229,Rain: Light,0,0,
45621,2022-07-03 05:12:00,40.852818,-73.90476,1,0,Unspecified,4543838,31.2,21.0,0.0,0.0,0.0,0.0,3,15.8,31.3,341,Overcast,1,1,
45622,2022-07-04 12:00:00,40.741024,-73.9547,0,0,Obstruction/Debris,4543610,30.9,17.5,0.0,0.0,0.0,0.0,3,15.4,27.4,302,Overcast,0,0,
45623,2022-06-26 23:30:00,40.707523,-73.96115,0,0,Driver Inattention/Distraction,4544045,30.8,19.9,0.0,0.0,0.0,0.0,3,30.9,55.8,188,Overcast,0,0,
45624,2022-07-04 14:59:00,40.66307,-73.911964,0,0,Unspecified,4543398,30.9,17.5,0.0,0.0,0.0,0.0,3,15.4,27.4,302,Overcast,0,0,
45625,2022-07-04 14:40:00,40.83801,-73.87329,0,0,Driver Inattention/Distraction,4543445,30.9,17.5,0.0,0.0,0.0,0.0,3,15.4,27.4,302,Overcast,0,0,
45626,2022-01-11 14:30:00,40.812073,-73.93604,0,0,Following Too Closely,4493882,-4.2,-8.8,0.0,0.0,0.0,0.0,1,26.7,50.8,316,Mainly clear,0,0,Sunny/Clear Conditions
45627,2021-09-14 07:45:00,40.69822,-73.943954,0,0,Passing Too Closely,4459271,26.0,19.0,0.2,0.2,0.0,1.0,51,18.0,35.6,138,Drizzle: Light,0,0,
45628,2022-01-11 03:00:00,40.6041,-74.06908,0,0,Obstruction/Debris,4494413,-4.2,-8.8,0.0,0.0,0.0,0.0,1,26.7,50.8,316,Mainly clear,0,0,Sunny/Clear Conditions
45629,2022-01-10 16:32:00,40.612328,-74.13418,0,0,Steering Failure,4494420,4.1,-4.3,0.0,0.0,0.0,0.0,3,24.1,44.3,295,Overcast,0,0,
45630,2021-03-24 06:39:00,40.69603,-73.943535,1,0,Failure to Yield Right-of-Way,4401758,13.3,4.0,28.6,28.6,0.0,10.0,65,16.3,28.8,87,Rain: Heavy,1,1,
45631,2021-10-09 18:30:00,40.68578,-73.9544,0,0,Following Too Closely,4470373,20.2,15.2,1.2,1.2,0.0,5.0,51,22.8,42.8,71,Drizzle: Light,0,0,
45632,2022-01-10 14:00:00,40.625103,-74.14877,0,0,Traffic Control Disregarded,4494419,4.1,-4.3,0.0,0.0,0.0,0.0,3,24.1,44.3,295,Overcast,0,0,
45633,2021-01-07 15:35:00,40.741486,-73.873924,0,0,Turning Improperly,4494410,5.9,-1.8,0.0,0.0,0.0,0.0,1,17.4,34.2,326,Mainly clear,0,0,Sunny/Clear Conditions
45634,2022-01-11 15:22:00,40.717175,-74.01288,0,0,Passing or Lane Usage Improper,4494418,-4.2,-8.8,0.0,0.0,0.0,0.0,1,26.7,50.8,316,Mainly clear,0,0,Sunny/Clear Conditions
45635,2021-07-15 17:00:00,40.690907,-73.95542,3,0,Driver Inattention/Distraction,4438502,29.3,21.2,0.1,0.1,0.0,1.0,51,13.7,27.4,212,Drizzle: Light,3,3,
45636,2021-01-14 00:49:00,40.76531,-73.99134,2,0,Traffic Control Disregarded,4494431,8.9,-0.6,0.0,0.0,0.0,0.0,3,10.1,18.0,268,Overcast,2,2,
45637,2022-01-11 03:00:00,40.6041,-74.06908,0,0,Obstruction/Debris,4494414,-4.2,-8.8,0.0,0.0,0.0,0.0,1,26.7,50.8,316,Mainly clear,0,0,Sunny/Clear Conditions
45638,2021-12-25 05:15:00,40.70537,-73.775826,0,0,Tire Failure/Inadequate,4494429,8.8,0.5,6.1,6.1,0.0,14.0,55,14.5,24.8,284,Drizzle: Dense,0,0,
45639,2022-02-20 13:50:00,40.64668,-73.92403,0,0,Unspecified,4504522,2.4,-6.6,0.0,0.0,0.0,0.0,3,23.4,44.3,250,Overcast,0,0,
45640,2022-02-20 15:00:00,40.738842,-73.81404,1,0,Following Too Closely,4504251,2.4,-6.6,0.0,0.0,0.0,0.0,3,23.4,44.3,250,Overcast,1,1,
45641,2022-02-17 19:22:00,40.700123,-73.90622,0,0,Alcohol Involvement,4504818,16.7,5.1,2.2,2.2,0.0,2.0,61,31.8,56.5,201,Rain: Light,0,0,
45642,2022-01-28 13:40:00,40.62779,-74.00065,0,0,Backing Unsafely,4504777,1.0,-3.1,2.4,0.0,1.68,13.0,73,18.7,31.3,251,Snow fall: Moderate,0,0,Snowy Conditions
45643,2022-07-01 06:30:00,40.704823,-74.006905,0,0,Unspecified,4543921,33.7,20.2,0.1,0.1,0.0,1.0,51,32.3,58.0,215,Drizzle: Light,0,0,
45644,2022-06-26 13:10:00,40.578888,-73.83669,0,0,Other Vehicular,4543875,30.8,19.9,0.0,0.0,0.0,0.0,3,30.9,55.8,188,Overcast,0,0,
45645,2022-07-04 12:05:00,40.835884,-73.88341,0,0,Driver Inattention/Distraction,4543887,30.9,17.5,0.0,0.0,0.0,0.0,3,15.4,27.4,302,Overcast,0,0,
45646,2022-07-04 10:00:00,40.665848,-73.75187,0,0,Unspecified,4543284,30.9,17.5,0.0,0.0,0.0,0.0,3,15.4,27.4,302,Overcast,0,0,
45647,2022-07-04 23:59:00,40.66701,-73.9004,5,0,Unsafe Speed,4543782,30.9,17.5,0.0,0.0,0.0,0.0,3,15.4,27.4,302,Overcast,5,5,
45648,2022-07-04 07:10:00,40.857418,-73.89996,0,0,Driver Inattention/Distraction,4543349,30.9,17.5,0.0,0.0,0.0,0.0,3,15.4,27.4,302,Overcast,0,0,
45649,2022-06-12 07:17:00,40.81847,-73.9414,1,0,Driver Inattention/Distraction,4543843,22.7,16.0,9.3,9.3,0.0,10.0,61,23.5,44.6,179,Rain: Light,1,1,
45650,2022-07-04 01:35:00,40.641853,-73.9078,0,0,Driver Inattention/Distraction,4543219,30.9,17.5,0.0,0.0,0.0,0.0,3,15.4,27.4,302,Overcast,0,0,
45651,2022-07-04 08:45:00,40.659855,-73.9606,0,0,Driver Inattention/Distraction,4543461,30.9,17.5,0.0,0.0,0.0,0.0,3,15.4,27.4,302,Overcast,0,0,
45652,2022-07-04 23:57:00,40.663906,-73.95098,0,0,Unsafe Speed,4543870,30.9,17.5,0.0,0.0,0.0,0.0,3,15.4,27.4,302,Overcast,0,0,
45653,2021-12-11 17:15:00,40.69911,-73.81233,0,0,Failure to Yield Right-of-Way,4485988,17.3,5.0,8.1,8.1,0.0,5.0,63,35.0,67.0,206,Rain: Moderate,0,0,
45654,2021-12-11 06:54:00,40.698624,-73.73223,0,0,Unspecified,4485485,17.3,5.0,8.1,8.1,0.0,5.0,63,35.0,67.0,206,Rain: Moderate,0,0,
45655,2021-12-11 10:45:00,40.85703,-73.88534,0,0,Driver Inattention/Distraction,4485934,17.3,5.0,8.1,8.1,0.0,5.0,63,35.0,67.0,206,Rain: Moderate,0,0,
45656,2021-12-08 15:40:00,40.82066,-73.868355,0,0,Unspecified,4486108,4.7,0.9,0.7,0.7,0.0,2.0,51,14.5,24.8,355,Drizzle: Light,0,0,
45657,2021-12-11 20:30:00,40.773533,-73.92309,0,0,Driver Inattention/Distraction,4485572,17.3,5.0,8.1,8.1,0.0,5.0,63,35.0,67.0,206,Rain: Moderate,0,0,
45658,2021-10-19 17:45:00,40.8117585,-73.9314396,0,0,Other Vehicular,4468993,19.1,8.3,0.0,0.0,0.0,0.0,1,24.6,45.0,272,Mainly clear,0,0,Sunny/Clear Conditions
45659,2021-12-11 05:23:00,40.825455,-73.91317,0,0,Unspecified,4485655,17.3,5.0,8.1,8.1,0.0,5.0,63,35.0,67.0,206,Rain: Moderate,0,0,
45660,2021-11-28 04:40:00,40.85208,-73.82685,0,0,Passing or Lane Usage Improper,4486066,4.4,0.2,1.4,0.0,0.98,10.0,73,11.0,20.9,193,Snow fall: Moderate,0,0,Snowy Conditions
45661,2021-12-09 16:15:00,40.673008,-73.87038,0,0,Traffic Control Disregarded,4486025,3.6,-2.0,0.1,0.0,0.07,1.0,71,19.2,33.8,295,Snow fall: Light,0,0,Snowy Conditions
45662,2021-12-10 12:30:00,40.68496,-73.979744,0,0,Passing or Lane Usage Improper,4486188,8.5,1.6,0.0,0.0,0.0,0.0,3,9.8,20.5,183,Overcast,0,0,
45663,2021-10-07 20:00:00,40.6190494,-74.1447928,2,0,Unsafe Speed,4469395,22.4,15.7,0.4,0.4,0.0,4.0,51,10.5,20.5,231,Drizzle: Light,2,2,
45664,2021-10-14 21:00:00,40.5917631,-73.908294,0,0,Following Too Closely,4469409,25.0,15.4,0.0,0.0,0.0,0.0,3,15.4,29.9,328,Overcast,0,0,
45665,2021-12-11 17:47:00,40.63771,-73.948166,2,0,Driver Inattention/Distraction,4485680,17.3,5.0,8.1,8.1,0.0,5.0,63,35.0,67.0,206,Rain: Moderate,2,2,
45666,2021-12-11 07:44:00,40.67584,-73.91655,2,0,Other Vehicular,4485553,17.3,5.0,8.1,8.1,0.0,5.0,63,35.0,67.0,206,Rain: Moderate,2,2,
45667,2021-12-04 12:20:00,40.59501,-74.00104,0,0,Unspecified,4486160,8.3,-0.7,0.0,0.0,0.0,0.0,3,13.5,25.9,231,Overcast,0,0,
45668,2021-12-11 19:50:00,40.66629,-73.87268,1,0,Driver Inexperience,4486008,17.3,5.0,8.1,8.1,0.0,5.0,63,35.0,67.0,206,Rain: Moderate,1,1,
45669,2021-12-08 20:30:00,40.669228,-73.8962,0,0,Driver Inattention/Distraction,4486017,4.7,0.9,0.7,0.7,0.0,2.0,51,14.5,24.8,355,Drizzle: Light,0,0,
45670,2021-12-09 12:09:00,40.659412,-73.8708,0,0,Unspecified,4486036,3.6,-2.0,0.1,0.0,0.07,1.0,71,19.2,33.8,295,Snow fall: Light,0,0,Snowy Conditions
45671,2021-12-11 13:00:00,40.62202,-73.98726,0,0,Unspecified,4485618,17.3,5.0,8.1,8.1,0.0,5.0,63,35.0,67.0,206,Rain: Moderate,0,0,
45672,2021-12-11 06:22:00,40.752056,-74.00099,0,0,Pavement Slippery,4487006,17.3,5.0,8.1,8.1,0.0,5.0,63,35.0,67.0,206,Rain: Moderate,0,0,
45673,2021-12-08 22:20:00,40.710957,-73.951126,0,0,Driver Inattention/Distraction,4486969,4.7,0.9,0.7,0.7,0.0,2.0,51,14.5,24.8,355,Drizzle: Light,0,0,
45674,2021-12-14 00:28:00,40.718662,-73.9576,0,0,Unspecified,4486279,10.4,3.1,0.0,0.0,0.0,0.0,3,18.5,31.3,322,Overcast,0,0,
45675,2021-12-14 15:30:00,40.75868,-73.983345,0,0,Traffic Control Disregarded,4486717,10.4,3.1,0.0,0.0,0.0,0.0,3,18.5,31.3,322,Overcast,0,0,
45676,2021-12-08 15:41:00,40.725918,-73.89535,2,0,Unspecified,4486929,4.7,0.9,0.7,0.7,0.0,2.0,51,14.5,24.8,355,Drizzle: Light,2,2,
45677,2022-01-11 05:31:00,40.883556,-73.84974,1,0,Alcohol Involvement,4493866,-4.2,-8.8,0.0,0.0,0.0,0.0,1,26.7,50.8,316,Mainly clear,1,1,Sunny/Clear Conditions
45678,2022-01-11 20:00:00,40.682663,-73.77589,0,0,Passing or Lane Usage Improper,4494002,-4.2,-8.8,0.0,0.0,0.0,0.0,1,26.7,50.8,316,Mainly clear,0,0,Sunny/Clear Conditions
45679,2022-01-11 15:22:00,40.621216,-73.93539,0,0,Driver Inattention/Distraction,4493923,-4.2,-8.8,0.0,0.0,0.0,0.0,1,26.7,50.8,316,Mainly clear,0,0,Sunny/Clear Conditions
45680,2022-01-11 14:00:00,40.7103,-74.00106,0,0,Unspecified,4494365,-4.2,-8.8,0.0,0.0,0.0,0.0,1,26.7,50.8,316,Mainly clear,0,0,Sunny/Clear Conditions
45681,2022-01-11 09:10:00,40.87123,-73.85604,0,0,Driver Inattention/Distraction,4494323,-4.2,-8.8,0.0,0.0,0.0,0.0,1,26.7,50.8,316,Mainly clear,0,0,Sunny/Clear Conditions
45682,2022-01-11 06:50:00,40.768013,-73.90423,0,0,Driver Inattention/Distraction,4493635,-4.2,-8.8,0.0,0.0,0.0,0.0,1,26.7,50.8,316,Mainly clear,0,0,Sunny/Clear Conditions
45683,2022-01-11 16:30:00,40.842754,-73.89359,1,0,Driver Inattention/Distraction,4493898,-4.2,-8.8,0.0,0.0,0.0,0.0,1,26.7,50.8,316,Mainly clear,1,1,Sunny/Clear Conditions
45684,2022-01-11 12:00:00,40.765224,-73.9317,1,0,Unspecified,4494162,-4.2,-8.8,0.0,0.0,0.0,0.0,1,26.7,50.8,316,Mainly clear,1,1,Sunny/Clear Conditions
45685,2022-01-11 15:45:00,40.63752,-74.00533,0,0,Unspecified,4493943,-4.2,-8.8,0.0,0.0,0.0,0.0,1,26.7,50.8,316,Mainly clear,0,0,Sunny/Clear Conditions
45686,2021-12-04 09:00:00,40.62434,-74.09396,0,0,Unspecified,4494276,8.3,-0.7,0.0,0.0,0.0,0.0,3,13.5,25.9,231,Overcast,0,0,
45687,2022-01-11 07:15:00,40.628643,-74.005936,0,0,Unspecified,4493669,-4.2,-8.8,0.0,0.0,0.0,0.0,1,26.7,50.8,316,Mainly clear,0,0,Sunny/Clear Conditions
45688,2022-01-11 13:42:00,40.730118,-73.86232,0,0,Driver Inattention/Distraction,4493957,-4.2,-8.8,0.0,0.0,0.0,0.0,1,26.7,50.8,316,Mainly clear,0,0,Sunny/Clear Conditions
45689,2022-01-04 20:19:00,40.64801,-74.010994,0,0,Unspecified,4494357,0.7,-6.7,0.0,0.0,0.0,0.0,3,20.0,36.4,287,Overcast,0,0,
45690,2022-01-08 17:14:00,40.701923,-73.91217,0,0,Other Vehicular,4494240,-3.3,-8.4,0.0,0.0,0.0,0.0,1,21.6,37.8,277,Mainly clear,0,0,Sunny/Clear Conditions
45691,2022-01-11 08:15:00,40.763844,-73.769455,0,0,Unspecified,4493708,-4.2,-8.8,0.0,0.0,0.0,0.0,1,26.7,50.8,316,Mainly clear,0,0,Sunny/Clear Conditions
45692,2022-01-11 17:36:00,40.703857,-73.743645,0,0,Unspecified,4493839,-4.2,-8.8,0.0,0.0,0.0,0.0,1,26.7,50.8,316,Mainly clear,0,0,Sunny/Clear Conditions
45693,2022-01-11 22:47:00,40.626537,-73.914894,1,0,Driver Inexperience,4494028,-4.2,-8.8,0.0,0.0,0.0,0.0,1,26.7,50.8,316,Mainly clear,1,1,Sunny/Clear Conditions
45694,2022-01-11 13:18:00,40.744892,-73.77022,0,0,Following Too Closely,4494071,-4.2,-8.8,0.0,0.0,0.0,0.0,1,26.7,50.8,316,Mainly clear,0,0,Sunny/Clear Conditions
45695,2022-01-10 01:55:00,40.638103,-74.00326,0,0,Driver Inattention/Distraction,4494175,4.1,-4.3,0.0,0.0,0.0,0.0,3,24.1,44.3,295,Overcast,0,0,
45696,2022-01-11 17:55:00,40.668365,-73.99362,1,0,Reaction to Uninvolved Vehicle,4494202,-4.2,-8.8,0.0,0.0,0.0,0.0,1,26.7,50.8,316,Mainly clear,1,1,Sunny/Clear Conditions
45697,2022-01-11 15:00:00,40.59085,-73.94779,4,0,Unspecified,4493800,-4.2,-8.8,0.0,0.0,0.0,0.0,1,26.7,50.8,316,Mainly clear,4,4,Sunny/Clear Conditions
45698,2022-01-11 12:00:00,40.75619,-73.746414,5,0,Driver Inexperience,4493751,-4.2,-8.8,0.0,0.0,0.0,0.0,1,26.7,50.8,316,Mainly clear,5,5,Sunny/Clear Conditions
45699,2022-01-11 10:05:00,40.702625,-73.81323,1,0,Driver Inattention/Distraction,4493792,-4.2,-8.8,0.0,0.0,0.0,0.0,1,26.7,50.8,316,Mainly clear,1,1,Sunny/Clear Conditions
45700,2022-01-11 00:30:00,40.71331,-73.744,0,0,Unspecified,4493758,-4.2,-8.8,0.0,0.0,0.0,0.0,1,26.7,50.8,316,Mainly clear,0,0,Sunny/Clear Conditions
45701,2022-01-11 15:03:00,40.681286,-73.97543,0,0,Failure to Yield Right-of-Way,4494201,-4.2,-8.8,0.0,0.0,0.0,0.0,1,26.7,50.8,316,Mainly clear,0,0,Sunny/Clear Conditions
45702,2022-01-11 16:50:00,40.7422,-73.840965,1,0,Driver Inexperience,4493936,-4.2,-8.8,0.0,0.0,0.0,0.0,1,26.7,50.8,316,Mainly clear,1,1,Sunny/Clear Conditions
45703,2022-01-11 19:26:00,40.824554,-73.94196,0,0,Driver Inattention/Distraction,4493965,-4.2,-8.8,0.0,0.0,0.0,0.0,1,26.7,50.8,316,Mainly clear,0,0,Sunny/Clear Conditions
45704,2022-01-06 03:40:00,40.730194,-73.887566,1,0,Traffic Control Disregarded,4494233,4.1,-0.7,0.0,0.0,0.0,0.0,3,20.2,38.2,269,Overcast,1,1,
45705,2022-01-11 16:30:00,40.60235,-74.189644,0,0,Following Too Closely,4494089,-4.2,-8.8,0.0,0.0,0.0,0.0,1,26.7,50.8,316,Mainly clear,0,0,Sunny/Clear Conditions
45706,2022-01-10 07:49:00,40.729652,-74.00221,0,0,Following Too Closely,4494215,4.1,-4.3,0.0,0.0,0.0,0.0,3,24.1,44.3,295,Overcast,0,0,
45707,2022-01-11 09:40:00,40.877945,-73.86616,0,0,Unsafe Speed,4493808,-4.2,-8.8,0.0,0.0,0.0,0.0,1,26.7,50.8,316,Mainly clear,0,0,Sunny/Clear Conditions
45708,2022-01-11 10:00:00,40.707695,-74.01021,0,0,Backing Unsafely,4493910,-4.2,-8.8,0.0,0.0,0.0,0.0,1,26.7,50.8,316,Mainly clear,0,0,Sunny/Clear Conditions
45709,2022-01-11 18:30:00,40.781673,-73.82733,0,0,Unspecified,4494070,-4.2,-8.8,0.0,0.0,0.0,0.0,1,26.7,50.8,316,Mainly clear,0,0,Sunny/Clear Conditions