,CRASH DATETIME,LATITUDE,LONGITUDE,NUMBER OF PERSONS INJURED,NUMBER OF PERSONS KILLED,CONTRIBUTING FACTOR VEHICLE 1,COLLISION_ID,temperature_2m_max,temperature_2m_min,precipitation_sum,rain_sum,snowfall_sum,precipitation_hours,weather_code,wind_speed_10m_max,wind_gusts_10m_max,wind_direction_10m_dominant,Weather Description,Severity_Score,Total_Affected_Persons,Weather_Category
45710,2022-01-09 16:00:00,40.809196,-73.937126,0,0,Unspecified,4494299,4.0,-5.3,5.1,5.1,0.0,12.0,53,23.8,42.1,220,Drizzle: Moderate,0,0,
45711,2022-07-04 21:00:00,40.72543,-73.99678,1,0,Traffic Control Disregarded,4543825,30.9,17.5,0.0,0.0,0.0,0.0,3,15.4,27.4,302,Overcast,1,1,
45712,2022-01-11 05:20:00,40.70276,-73.86323,0,0,Pavement Slippery,4493884,-4.2,-8.8,0.0,0.0,0.0,0.0,1,26.7,50.8,316,Mainly clear,0,0,Sunny/Clear Conditions
45713,2022-01-11 08:38:00,40.68708,-73.913895,2,0,Failure to Yield Right-of-Way,4493770,-4.2,-8.8,0.0,0.0,0.0,0.0,1,26.7,50.8,316,Mainly clear,2,2,Sunny/Clear Conditions
45714,2022-01-11 20:23:00,40.73656,-74.0011,1,0,Following Too Closely,4494266,-4.2,-8.8,0.0,0.0,0.0,0.0,1,26.7,50.8,316,Mainly clear,1,1,Sunny/Clear Conditions
45715,2022-01-11 04:34:00,40.827454,-73.88797,0,0,Driver Inexperience,4494155,-4.2,-8.8,0.0,0.0,0.0,0.0,1,26.7,50.8,316,Mainly clear,0,0,Sunny/Clear Conditions
45716,2022-01-04 07:00:00,40.81094,-73.94318,0,0,Following Too Closely,4494194,0.7,-6.7,0.0,0.0,0.0,0.0,3,20.0,36.4,287,Overcast,0,0,
45717,2022-01-11 18:27:00,40.71201,-73.84994,1,0,Driver Inexperience,4494256,-4.2,-8.8,0.0,0.0,0.0,0.0,1,26.7,50.8,316,Mainly clear,1,1,Sunny/Clear Conditions
45718,2022-01-09 22:50:00,40.831333,-73.92167,0,0,Driver Inattention/Distraction,4494387,4.0,-5.3,5.1,5.1,0.0,12.0,53,23.8,42.1,220,Drizzle: Moderate,0,0,
45719,2022-01-11 22:39:00,40.619873,-73.96527,0,0,Unspecified,4493929,-4.2,-8.8,0.0,0.0,0.0,0.0,1,26.7,50.8,316,Mainly clear,0,0,Sunny/Clear Conditions
45720,2022-01-11 12:00:00,40.646927,-74.00126,0,0,Unspecified,4493959,-4.2,-8.8,0.0,0.0,0.0,0.0,1,26.7,50.8,316,Mainly clear,0,0,Sunny/Clear Conditions
45721,2022-01-11 21:32:00,40.67989,-73.85051,0,0,Failure to Yield Right-of-Way,4493893,-4.2,-8.8,0.0,0.0,0.0,0.0,1,26.7,50.8,316,Mainly clear,0,0,Sunny/Clear Conditions
45722,2022-01-10 13:00:00,40.67221,-73.92802,0,0,Backing Unsafely,4494290,4.1,-4.3,0.0,0.0,0.0,0.0,3,24.1,44.3,295,Overcast,0,0,
45723,2022-01-11 13:01:00,40.635506,-73.913284,1,0,Turning Improperly,4493977,-4.2,-8.8,0.0,0.0,0.0,0.0,1,26.7,50.8,316,Mainly clear,1,1,Sunny/Clear Conditions
45724,2022-01-11 15:30:00,40.851566,-73.88772,0,0,Backing Unsafely,4493899,-4.2,-8.8,0.0,0.0,0.0,0.0,1,26.7,50.8,316,Mainly clear,0,0,Sunny/Clear Conditions
45725,2022-01-11 18:30:00,40.840195,-73.94307,0,0,Aggressive Driving/Road Rage,4493982,-4.2,-8.8,0.0,0.0,0.0,0.0,1,26.7,50.8,316,Mainly clear,0,0,Sunny/Clear Conditions
45726,2022-01-11 13:26:00,40.668186,-73.75211,0,0,Unspecified,4493944,-4.2,-8.8,0.0,0.0,0.0,0.0,1,26.7,50.8,316,Mainly clear,0,0,Sunny/Clear Conditions
45727,2022-01-11 15:48:00,40.59068,-73.78878,0,0,Traffic Control Disregarded,4494345,-4.2,-8.8,0.0,0.0,0.0,0.0,1,26.7,50.8,316,Mainly clear,0,0,Sunny/Clear Conditions
45728,2022-01-11 02:11:00,40.679405,-73.88069,0,0,Driver Inexperience,4493642,-4.2,-8.8,0.0,0.0,0.0,0.0,1,26.7,50.8,316,Mainly clear,0,0,Sunny/Clear Conditions
45729,2022-01-11 17:55:00,40.676712,-73.87765,0,0,Unspecified,4493876,-4.2,-8.8,0.0,0.0,0.0,0.0,1,26.7,50.8,316,Mainly clear,0,0,Sunny/Clear Conditions
45730,2022-01-03 03:20:00,40.830994,-73.928116,2,0,Following Too Closely,4494322,2.0,-4.4,1.4,0.0,0.98,6.0,73,29.3,55.4,359,Snow fall: Moderate,2,2,Snowy Conditions
45731,2022-01-11 00:07:00,40.887253,-73.902374,0,0,Driver Inattention/Distraction,4493689,-4.2,-8.8,0.0,0.0,0.0,0.0,1,26.7,50.8,316,Mainly clear,0,0,Sunny/Clear Conditions
45732,2022-01-11 20:50:00,40.73652,-73.8701,0,0,Traffic Control Device Improper/Non-Working,4493845,-4.2,-8.8,0.0,0.0,0.0,0.0,1,26.7,50.8,316,Mainly clear,0,0,Sunny/Clear Conditions
45733,2022-01-11 19:59:00,40.84274,-73.854485,0,0,Driver Inattention/Distraction,4493952,-4.2,-8.8,0.0,0.0,0.0,0.0,1,26.7,50.8,316,Mainly clear,0,0,Sunny/Clear Conditions
45734,2022-01-11 22:31:00,40.60389,-73.95349,3,0,Driver Inattention/Distraction,4493895,-4.2,-8.8,0.0,0.0,0.0,0.0,1,26.7,50.8,316,Mainly clear,3,3,Sunny/Clear Conditions
45735,2022-01-11 05:50:00,40.703083,-73.85766,2,0,Pavement Slippery,4494239,-4.2,-8.8,0.0,0.0,0.0,0.0,1,26.7,50.8,316,Mainly clear,2,2,Sunny/Clear Conditions
45736,2021-01-12 14:35:00,40.679146,-73.92657,3,0,Passing or Lane Usage Improper,4494285,5.9,-2.3,0.0,0.0,0.0,0.0,2,9.8,21.2,286,Partly cloudy,3,3,
45737,2022-01-11 15:58:00,40.635452,-73.9245,0,0,Driver Inattention/Distraction,4493925,-4.2,-8.8,0.0,0.0,0.0,0.0,1,26.7,50.8,316,Mainly clear,0,0,Sunny/Clear Conditions
45738,2022-01-11 08:40:00,40.666393,-73.75177,0,0,Unspecified,4493761,-4.2,-8.8,0.0,0.0,0.0,0.0,1,26.7,50.8,316,Mainly clear,0,0,Sunny/Clear Conditions
45739,2022-01-11 12:00:00,40.59679,-73.97494,1,0,Failure to Yield Right-of-Way,4493794,-4.2,-8.8,0.0,0.0,0.0,0.0,1,26.7,50.8,316,Mainly clear,1,1,Sunny/Clear Conditions
45740,2022-01-11 16:48:00,40.708275,-73.93875,1,0,Driver Inattention/Distraction,4493867,-4.2,-8.8,0.0,0.0,0.0,0.0,1,26.7,50.8,316,Mainly clear,1,1,Sunny/Clear Conditions
45741,2022-01-10 22:25:00,40.66545,-73.928665,0,0,Other Vehicular,4494227,4.1,-4.3,0.0,0.0,0.0,0.0,3,24.1,44.3,295,Overcast,0,0,
45742,2022-01-11 02:45:00,40.691563,-73.86563,0,0,Unspecified,4493745,-4.2,-8.8,0.0,0.0,0.0,0.0,1,26.7,50.8,316,Mainly clear,0,0,Sunny/Clear Conditions
45743,2022-01-11 17:20:00,40.683094,-73.80576,1,0,Passing or Lane Usage Improper,4494001,-4.2,-8.8,0.0,0.0,0.0,0.0,1,26.7,50.8,316,Mainly clear,1,1,Sunny/Clear Conditions
45744,2021-12-31 11:15:00,40.755394,-73.911964,0,0,Unspecified,4494156,11.1,7.1,2.7,2.7,0.0,5.0,55,14.9,29.2,193,Drizzle: Dense,0,0,
45745,2022-01-11 10:53:00,40.840546,-73.86649,1,0,Following Too Closely,4493786,-4.2,-8.8,0.0,0.0,0.0,0.0,1,26.7,50.8,316,Mainly clear,1,1,Sunny/Clear Conditions
45746,2022-01-11 17:30:00,40.816307,-73.90806,0,0,Traffic Control Disregarded,4493906,-4.2,-8.8,0.0,0.0,0.0,0.0,1,26.7,50.8,316,Mainly clear,0,0,Sunny/Clear Conditions
45747,2022-01-11 15:19:00,40.832897,-73.862274,0,0,Passing Too Closely,4494302,-4.2,-8.8,0.0,0.0,0.0,0.0,1,26.7,50.8,316,Mainly clear,0,0,Sunny/Clear Conditions
45748,2022-01-05 17:53:00,40.7174,-73.8572,1,0,Passing Too Closely,4494251,6.9,-2.1,0.5,0.5,0.0,4.0,51,21.8,38.2,216,Drizzle: Light,1,1,
45749,2022-07-04 03:15:00,40.747974,-73.75999,0,0,Driver Inattention/Distraction,4543378,30.9,17.5,0.0,0.0,0.0,0.0,3,15.4,27.4,302,Overcast,0,0,
45750,2021-10-20 20:00:00,40.8044198,-73.9553688,1,0,Passing Too Closely,4469294,24.1,13.8,0.0,0.0,0.0,0.0,3,21.6,37.1,276,Overcast,1,1,
45751,2022-01-10 22:19:00,40.830334,-73.91895,1,0,Traffic Control Disregarded,4494386,4.1,-4.3,0.0,0.0,0.0,0.0,3,24.1,44.3,295,Overcast,1,1,
45752,2022-01-10 12:45:00,40.714436,-73.759995,1,0,Driver Inattention/Distraction,4494234,4.1,-4.3,0.0,0.0,0.0,0.0,3,24.1,44.3,295,Overcast,1,1,
45753,2022-01-11 15:56:00,40.822144,-73.89491,0,0,Unspecified,4493859,-4.2,-8.8,0.0,0.0,0.0,0.0,1,26.7,50.8,316,Mainly clear,0,0,Sunny/Clear Conditions
45754,2022-01-11 10:50:00,40.764484,-73.9816,0,0,Driver Inattention/Distraction,4493917,-4.2,-8.8,0.0,0.0,0.0,0.0,1,26.7,50.8,316,Mainly clear,0,0,Sunny/Clear Conditions
45755,2022-01-01 10:00:00,40.753456,-73.855316,0,0,Driver Inattention/Distraction,4494293,11.7,7.5,19.4,19.4,0.0,19.0,63,13.9,22.3,161,Rain: Moderate,0,0,
45756,2022-01-11 13:33:00,40.606415,-74.162285,0,0,Driver Inattention/Distraction,4494088,-4.2,-8.8,0.0,0.0,0.0,0.0,1,26.7,50.8,316,Mainly clear,0,0,Sunny/Clear Conditions
45757,2022-01-11 08:56:00,40.680805,-73.76389,0,0,Passing Too Closely,4493699,-4.2,-8.8,0.0,0.0,0.0,0.0,1,26.7,50.8,316,Mainly clear,0,0,Sunny/Clear Conditions
45758,2022-01-11 23:00:00,40.57862,-74.10168,0,0,Driver Inattention/Distraction,4494214,-4.2,-8.8,0.0,0.0,0.0,0.0,1,26.7,50.8,316,Mainly clear,0,0,Sunny/Clear Conditions
45759,2022-01-11 10:20:00,40.540634,-74.18552,0,0,Driver Inattention/Distraction,4493836,-4.2,-8.8,0.0,0.0,0.0,0.0,1,26.7,50.8,316,Mainly clear,0,0,Sunny/Clear Conditions
45760,2022-01-11 14:00:00,40.75069,-73.91771,0,0,Passing or Lane Usage Improper,4494160,-4.2,-8.8,0.0,0.0,0.0,0.0,1,26.7,50.8,316,Mainly clear,0,0,Sunny/Clear Conditions
45761,2022-01-11 08:15:00,40.709305,-73.84369,1,0,Obstruction/Debris,4494013,-4.2,-8.8,0.0,0.0,0.0,0.0,1,26.7,50.8,316,Mainly clear,1,1,Sunny/Clear Conditions
45762,2022-01-11 21:06:00,40.716637,-73.99729,1,0,Unsafe Lane Changing,4493935,-4.2,-8.8,0.0,0.0,0.0,0.0,1,26.7,50.8,316,Mainly clear,1,1,Sunny/Clear Conditions
45763,2022-01-11 06:37:00,40.700058,-73.93279,0,0,Backing Unsafely,4493964,-4.2,-8.8,0.0,0.0,0.0,0.0,1,26.7,50.8,316,Mainly clear,0,0,Sunny/Clear Conditions
45764,2021-01-07 00:00:00,40.831264,-73.87885,0,0,Unspecified,4494295,5.9,-1.8,0.0,0.0,0.0,0.0,1,17.4,34.2,326,Mainly clear,0,0,Sunny/Clear Conditions
45765,2022-01-11 15:00:00,40.675735,-73.89686,0,0,Passing or Lane Usage Improper,4493881,-4.2,-8.8,0.0,0.0,0.0,0.0,1,26.7,50.8,316,Mainly clear,0,0,Sunny/Clear Conditions
45766,2021-12-31 14:23:00,40.84139,-73.83468,0,0,Reaction to Uninvolved Vehicle,4494228,11.1,7.1,2.7,2.7,0.0,5.0,55,14.9,29.2,193,Drizzle: Dense,0,0,
45767,2022-01-10 10:15:00,40.73261,-73.8686,0,0,Driver Inattention/Distraction,4494257,4.1,-4.3,0.0,0.0,0.0,0.0,3,24.1,44.3,295,Overcast,0,0,
45768,2022-01-11 08:00:00,40.667366,-73.92274,0,0,Failure to Yield Right-of-Way,4493915,-4.2,-8.8,0.0,0.0,0.0,0.0,1,26.7,50.8,316,Mainly clear,0,0,Sunny/Clear Conditions
45769,2022-01-01 10:00:00,40.6395,-74.00106,0,0,Alcohol Involvement,4494174,11.7,7.5,19.4,19.4,0.0,19.0,63,13.9,22.3,161,Rain: Moderate,0,0,
45770,2022-01-11 07:30:00,40.64468,-73.94215,2,0,View Obstructed/Limited,4493715,-4.2,-8.8,0.0,0.0,0.0,0.0,1,26.7,50.8,316,Mainly clear,2,2,Sunny/Clear Conditions
45771,2022-01-11 21:06:00,40.605335,-73.75528,0,0,Failure to Yield Right-of-Way,4493970,-4.2,-8.8,0.0,0.0,0.0,0.0,1,26.7,50.8,316,Mainly clear,0,0,Sunny/Clear Conditions
45772,2022-01-11 15:32:00,40.598312,-73.96119,1,0,Unspecified,4493799,-4.2,-8.8,0.0,0.0,0.0,0.0,1,26.7,50.8,316,Mainly clear,1,1,Sunny/Clear Conditions
45773,2022-01-11 19:00:00,40.838127,-73.946526,0,0,Unspecified,4493983,-4.2,-8.8,0.0,0.0,0.0,0.0,1,26.7,50.8,316,Mainly clear,0,0,Sunny/Clear Conditions
45774,2022-01-11 18:44:00,40.6905,-73.87096,1,0,Failure to Yield Right-of-Way,4493875,-4.2,-8.8,0.0,0.0,0.0,0.0,1,26.7,50.8,316,Mainly clear,1,1,Sunny/Clear Conditions
45775,2022-01-05 06:57:00,40.82406,-73.92815,0,0,Pavement Slippery,4494329,6.9,-2.1,0.5,0.5,0.0,4.0,51,21.8,38.2,216,Drizzle: Light,0,0,
45776,2021-06-30 19:09:00,40.64422,-73.95989,1,0,Turning Improperly,4433003,35.2,24.9,0.1,0.1,0.0,1.0,51,20.6,37.1,246,Drizzle: Light,1,1,
45777,2022-01-11 09:22:00,40.643646,-73.989784,0,0,Unspecified,4493928,-4.2,-8.8,0.0,0.0,0.0,0.0,1,26.7,50.8,316,Mainly clear,0,0,Sunny/Clear Conditions
45778,2022-01-08 16:00:00,40.780125,-73.95304,0,0,Unspecified,4494349,-3.3,-8.4,0.0,0.0,0.0,0.0,1,21.6,37.8,277,Mainly clear,0,0,Sunny/Clear Conditions
45779,2022-01-11 05:16:00,40.716824,-73.82019,0,0,Unsafe Lane Changing,4493652,-4.2,-8.8,0.0,0.0,0.0,0.0,1,26.7,50.8,316,Mainly clear,0,0,Sunny/Clear Conditions
45780,2021-06-30 20:26:00,40.682846,-73.95382,1,0,Passing or Lane Usage Improper,4433091,35.2,24.9,0.1,0.1,0.0,1.0,51,20.6,37.1,246,Drizzle: Light,1,1,
45781,2022-01-11 14:00:00,40.73594,-73.85887,1,0,Failure to Yield Right-of-Way,4494250,-4.2,-8.8,0.0,0.0,0.0,0.0,1,26.7,50.8,316,Mainly clear,1,1,Sunny/Clear Conditions
45782,2022-01-11 22:01:00,40.862694,-73.90251,2,0,Driver Inattention/Distraction,4494157,-4.2,-8.8,0.0,0.0,0.0,0.0,1,26.7,50.8,316,Mainly clear,2,2,Sunny/Clear Conditions
45783,2022-01-11 12:20:00,40.797367,-73.96053,1,0,Passing or Lane Usage Improper,4493783,-4.2,-8.8,0.0,0.0,0.0,0.0,1,26.7,50.8,316,Mainly clear,1,1,Sunny/Clear Conditions
45784,2022-01-11 13:32:00,40.838318,-73.863655,0,0,Driver Inattention/Distraction,4493787,-4.2,-8.8,0.0,0.0,0.0,0.0,1,26.7,50.8,316,Mainly clear,0,0,Sunny/Clear Conditions
45785,2022-01-11 14:46:00,40.837177,-73.8342,1,0,Physical Disability,4494044,-4.2,-8.8,0.0,0.0,0.0,0.0,1,26.7,50.8,316,Mainly clear,1,1,Sunny/Clear Conditions
45786,2021-02-12 23:10:00,40.678154,-73.94416,0,0,Driver Inattention/Distraction,4391796,-2.6,-11.5,0.0,0.0,0.0,0.0,3,14.2,25.6,2,Overcast,0,0,
45787,2022-01-11 11:41:00,40.77351,-73.91168,0,0,Driver Inattention/Distraction,4493807,-4.2,-8.8,0.0,0.0,0.0,0.0,1,26.7,50.8,316,Mainly clear,0,0,Sunny/Clear Conditions
45788,2022-01-11 15:40:00,40.6048,-73.74975,0,0,Backing Unsafely,4494140,-4.2,-8.8,0.0,0.0,0.0,0.0,1,26.7,50.8,316,Mainly clear,0,0,Sunny/Clear Conditions
45789,2022-01-11 12:30:00,40.61622,-74.08324,1,0,Traffic Control Disregarded,4493858,-4.2,-8.8,0.0,0.0,0.0,0.0,1,26.7,50.8,316,Mainly clear,1,1,Sunny/Clear Conditions
45790,2022-01-06 11:10:00,40.883953,-73.86262,0,0,Driver Inattention/Distraction,4494197,4.1,-0.7,0.0,0.0,0.0,0.0,3,20.2,38.2,269,Overcast,0,0,
45791,2022-01-11 09:30:00,40.7435,-73.86599,0,0,Unspecified,4493730,-4.2,-8.8,0.0,0.0,0.0,0.0,1,26.7,50.8,316,Mainly clear,0,0,Sunny/Clear Conditions
45792,2022-01-11 10:30:00,40.827595,-73.85004,1,0,Failure to Yield Right-of-Way,4494045,-4.2,-8.8,0.0,0.0,0.0,0.0,1,26.7,50.8,316,Mainly clear,1,1,Sunny/Clear Conditions
45793,2022-01-09 07:41:00,40.7591,-73.99214,0,0,Driver Inexperience,4494187,4.0,-5.3,5.1,5.1,0.0,12.0,53,23.8,42.1,220,Drizzle: Moderate,0,0,
45794,2022-01-11 08:30:00,40.601204,-74.06509,0,0,Turning Improperly,4494220,-4.2,-8.8,0.0,0.0,0.0,0.0,1,26.7,50.8,316,Mainly clear,0,0,Sunny/Clear Conditions
45795,2022-01-11 04:15:00,40.85947,-73.915726,1,0,Backing Unsafely,4493746,-4.2,-8.8,0.0,0.0,0.0,0.0,1,26.7,50.8,316,Mainly clear,1,1,Sunny/Clear Conditions
45796,2022-01-11 15:15:00,40.741043,-73.825134,1,0,Outside Car Distraction,4493844,-4.2,-8.8,0.0,0.0,0.0,0.0,1,26.7,50.8,316,Mainly clear,1,1,Sunny/Clear Conditions
45797,2022-01-11 13:20:00,40.638603,-73.94827,1,0,Unspecified,4493954,-4.2,-8.8,0.0,0.0,0.0,0.0,1,26.7,50.8,316,Mainly clear,1,1,Sunny/Clear Conditions
45798,2022-01-09 20:30:00,40.82943,-73.94196,0,0,Unspecified,4494245,4.0,-5.3,5.1,5.1,0.0,12.0,53,23.8,42.1,220,Drizzle: Moderate,0,0,
45799,2022-01-11 16:24:00,40.77323,-73.76513,0,0,Driver Inattention/Distraction,4493869,-4.2,-8.8,0.0,0.0,0.0,0.0,1,26.7,50.8,316,Mainly clear,0,0,Sunny/Clear Conditions
45800,2022-01-11 08:25:00,40.589207,-73.804474,0,0,Reaction to Uninvolved Vehicle,4493712,-4.2,-8.8,0.0,0.0,0.0,0.0,1,26.7,50.8,316,Mainly clear,0,0,Sunny/Clear Conditions
45801,2022-01-11 19:44:00,40.667236,-73.770004,0,0,Unspecified,4493837,-4.2,-8.8,0.0,0.0,0.0,0.0,1,26.7,50.8,316,Mainly clear,0,0,Sunny/Clear Conditions
45802,2022-01-11 20:32:00,40.793556,-73.967026,0,0,Alcohol Involvement,4494035,-4.2,-8.8,0.0,0.0,0.0,0.0,1,26.7,50.8,316,Mainly clear,0,0,Sunny/Clear Conditions
45803,2022-01-11 08:25:00,40.70128,-73.93952,0,0,Turning Improperly,4493821,-4.2,-8.8,0.0,0.0,0.0,0.0,1,26.7,50.8,316,Mainly clear,0,0,Sunny/Clear Conditions
45804,2022-01-04 02:50:00,40.826153,-73.920265,1,0,Passing or Lane Usage Improper,4494325,0.7,-6.7,0.0,0.0,0.0,0.0,3,20.0,36.4,287,Overcast,1,1,
45805,2022-01-02 01:55:00,40.771305,-73.87664,1,0,Pavement Slippery,4494198,13.1,2.7,16.0,16.0,0.0,8.0,65,25.1,52.6,318,Rain: Heavy,1,1,
45806,2022-01-11 17:00:00,40.84549,-73.888985,0,0,Driver Inattention/Distraction,4493896,-4.2,-8.8,0.0,0.0,0.0,0.0,1,26.7,50.8,316,Mainly clear,0,0,Sunny/Clear Conditions
45807,2022-01-11 08:40:00,40.678455,-73.949684,0,0,Driver Inattention/Distraction,4494123,-4.2,-8.8,0.0,0.0,0.0,0.0,1,26.7,50.8,316,Mainly clear,0,0,Sunny/Clear Conditions
45808,2022-01-11 16:35:00,40.60194,-74.08219,1,0,Following Too Closely,4494213,-4.2,-8.8,0.0,0.0,0.0,0.0,1,26.7,50.8,316,Mainly clear,1,1,Sunny/Clear Conditions
45809,2022-01-11 15:27:00,40.63491,-74.01017,0,0,Unspecified,4493939,-4.2,-8.8,0.0,0.0,0.0,0.0,1,26.7,50.8,316,Mainly clear,0,0,Sunny/Clear Conditions
45810,2022-01-11 15:40:00,40.684963,-73.935455,1,0,Driver Inattention/Distraction,4494283,-4.2,-8.8,0.0,0.0,0.0,0.0,1,26.7,50.8,316,Mainly clear,1,1,Sunny/Clear Conditions
45811,2022-01-11 08:30:00,40.63671,-74.01908,1,0,Driver Inattention/Distraction,4493887,-4.2,-8.8,0.0,0.0,0.0,0.0,1,26.7,50.8,316,Mainly clear,1,1,Sunny/Clear Conditions
45812,2022-01-11 20:30:00,40.663918,-73.88899,0,0,Driver Inattention/Distraction,4493880,-4.2,-8.8,0.0,0.0,0.0,0.0,1,26.7,50.8,316,Mainly clear,0,0,Sunny/Clear Conditions
45813,2022-01-11 09:20:00,40.814545,-73.81506,0,0,Unspecified,4493690,-4.2,-8.8,0.0,0.0,0.0,0.0,1,26.7,50.8,316,Mainly clear,0,0,Sunny/Clear Conditions
45814,2022-01-10 18:00:00,40.78389,-73.950294,0,0,Unspecified,4494350,4.1,-4.3,0.0,0.0,0.0,0.0,3,24.1,44.3,295,Overcast,0,0,
45815,2022-01-11 00:58:00,40.821297,-73.84728,1,0,Turning Improperly,4493796,-4.2,-8.8,0.0,0.0,0.0,0.0,1,26.7,50.8,316,Mainly clear,1,1,Sunny/Clear Conditions
45816,2022-01-11 22:55:00,40.76261,-73.98686,0,0,Unspecified,4493918,-4.2,-8.8,0.0,0.0,0.0,0.0,1,26.7,50.8,316,Mainly clear,0,0,Sunny/Clear Conditions
45817,2022-01-11 07:00:00,40.728954,-73.847565,0,0,Passing Too Closely,4494253,-4.2,-8.8,0.0,0.0,0.0,0.0,1,26.7,50.8,316,Mainly clear,0,0,Sunny/Clear Conditions
45818,2022-01-11 10:00:00,40.638523,-73.98131,0,0,Unspecified,4493926,-4.2,-8.8,0.0,0.0,0.0,0.0,1,26.7,50.8,316,Mainly clear,0,0,Sunny/Clear Conditions
45819,2022-01-11 18:30:00,40.686966,-73.735306,0,0,Driver Inattention/Distraction,4494012,-4.2,-8.8,0.0,0.0,0.0,0.0,1,26.7,50.8,316,Mainly clear,0,0,Sunny/Clear Conditions
45820,2022-01-05 06:00:00,40.72098,-73.840866,0,0,Unspecified,4494258,6.9,-2.1,0.5,0.5,0.0,4.0,51,21.8,38.2,216,Drizzle: Light,0,0,
45821,2022-01-11 12:20:00,40.72125,-73.93651,0,0,Reaction to Uninvolved Vehicle,4493904,-4.2,-8.8,0.0,0.0,0.0,0.0,1,26.7,50.8,316,Mainly clear,0,0,Sunny/Clear Conditions
45822,2021-12-21 14:05:00,40.810635,-73.90176,0,0,Unsafe Lane Changing,4494336,5.7,-2.4,0.0,0.0,0.0,0.0,3,13.6,24.5,228,Overcast,0,0,
45823,2022-01-08 10:00:00,40.828114,-73.93107,2,0,View Obstructed/Limited,4494385,-3.3,-8.4,0.0,0.0,0.0,0.0,1,21.6,37.8,277,Mainly clear,2,2,Sunny/Clear Conditions
45824,2022-01-11 20:09:00,40.820145,-73.89609,0,0,Backing Unsafely,4494077,-4.2,-8.8,0.0,0.0,0.0,0.0,1,26.7,50.8,316,Mainly clear,0,0,Sunny/Clear Conditions
45825,2022-01-09 13:14:00,40.70281,-73.9077,1,0,Failure to Yield Right-of-Way,4494235,4.0,-5.3,5.1,5.1,0.0,12.0,53,23.8,42.1,220,Drizzle: Moderate,1,1,
45826,2022-01-11 21:24:00,40.722034,-73.99651,0,0,Unspecified,4493934,-4.2,-8.8,0.0,0.0,0.0,0.0,1,26.7,50.8,316,Mainly clear,0,0,Sunny/Clear Conditions
45827,2022-01-10 13:50:00,40.69037,-73.92755,1,0,Traffic Control Disregarded,4494292,4.1,-4.3,0.0,0.0,0.0,0.0,3,24.1,44.3,295,Overcast,1,1,
45828,2022-04-07 13:30:00,40.735714,-73.98704,0,0,Passing Too Closely,4517629,11.5,5.6,74.1,74.1,0.0,14.0,65,35.0,64.8,98,Rain: Heavy,0,0,
45829,2022-07-02 15:06:00,40.628643,-73.92019,0,0,Unspecified,4544011,30.8,23.1,4.0,4.0,0.0,5.0,61,19.4,40.0,229,Rain: Light,0,0,
45830,2022-01-11 13:44:00,40.692127,-73.83484,0,0,Traffic Control Disregarded,4493988,-4.2,-8.8,0.0,0.0,0.0,0.0,1,26.7,50.8,316,Mainly clear,0,0,Sunny/Clear Conditions
45831,2022-01-07 19:15:00,40.819878,-73.85777,1,0,Unspecified,4494296,-0.0,-5.7,9.0,0.0,6.3,11.0,75,26.8,48.6,313,Snow fall: Heavy,1,1,Snowy Conditions
45832,2022-01-11 01:15:00,40.809494,-73.935814,0,0,Alcohol Involvement,4493659,-4.2,-8.8,0.0,0.0,0.0,0.0,1,26.7,50.8,316,Mainly clear,0,0,Sunny/Clear Conditions
45833,2022-01-10 08:30:00,40.683037,-73.9261,2,0,Driver Inattention/Distraction,4494340,4.1,-4.3,0.0,0.0,0.0,0.0,3,24.1,44.3,295,Overcast,2,2,
45834,2022-01-11 18:00:00,40.771305,-73.87664,0,0,Driver Inexperience,4493886,-4.2,-8.8,0.0,0.0,0.0,0.0,1,26.7,50.8,316,Mainly clear,0,0,Sunny/Clear Conditions
45835,2022-01-10 07:45:00,40.761147,-73.92497,0,0,Unspecified,4494158,4.1,-4.3,0.0,0.0,0.0,0.0,3,24.1,44.3,295,Overcast,0,0,
45836,2022-01-11 13:53:00,40.823257,-73.84902,1,0,Unspecified,4493788,-4.2,-8.8,0.0,0.0,0.0,0.0,1,26.7,50.8,316,Mainly clear,1,1,Sunny/Clear Conditions
45837,2022-01-11 18:16:00,40.86469,-73.89959,0,0,Unspecified,4494146,-4.2,-8.8,0.0,0.0,0.0,0.0,1,26.7,50.8,316,Mainly clear,0,0,Sunny/Clear Conditions
45838,2021-12-19 12:51:00,40.663395,-73.986595,0,0,Unspecified,4494391,7.1,-1.8,0.5,0.5,0.0,4.0,51,26.4,47.5,327,Drizzle: Light,0,0,
45839,2022-01-10 20:33:00,40.72963,-73.85558,1,0,Driver Inattention/Distraction,4494254,4.1,-4.3,0.0,0.0,0.0,0.0,3,24.1,44.3,295,Overcast,1,1,
45840,2022-01-11 17:30:00,40.696983,-73.935234,0,0,Unspecified,4493963,-4.2,-8.8,0.0,0.0,0.0,0.0,1,26.7,50.8,316,Mainly clear,0,0,Sunny/Clear Conditions
45841,2022-01-10 10:13:00,40.839478,-73.84598,0,0,Unspecified,4494229,4.1,-4.3,0.0,0.0,0.0,0.0,3,24.1,44.3,295,Overcast,0,0,