,CRASH DATETIME,LATITUDE,LONGITUDE,NUMBER OF PERSONS INJURED,NUMBER OF PERSONS KILLED,CONTRIBUTING FACTOR VEHICLE 1,COLLISION_ID,temperature_2m_max,temperature_2m_min,precipitation_sum,rain_sum,snowfall_sum,precipitation_hours,weather_code,wind_speed_10m_max,wind_gusts_10m_max,wind_direction_10m_dominant,Weather Description,Severity_Score,Total_Affected_Persons,Weather_Category
45842,2022-01-11 23:50:00,40.71976,-73.906845,0,0,Backing Unsafely,4494040,-4.2,-8.8,0.0,0.0,0.0,0.0,1,26.7,50.8,316,Mainly clear,0,0,Sunny/Clear Conditions
45843,2022-01-11 16:15:00,40.797737,-73.82699,1,0,Traffic Control Disregarded,4493819,-4.2,-8.8,0.0,0.0,0.0,0.0,1,26.7,50.8,316,Mainly clear,1,1,Sunny/Clear Conditions
45844,2022-01-11 17:06:00,40.649303,-74.0203,2,0,Unspecified,4493851,-4.2,-8.8,0.0,0.0,0.0,0.0,1,26.7,50.8,316,Mainly clear,2,2,Sunny/Clear Conditions
45845,2022-01-11 12:05:00,40.747528,-73.94123,0,0,Turning Improperly,4493735,-4.2,-8.8,0.0,0.0,0.0,0.0,1,26.7,50.8,316,Mainly clear,0,0,Sunny/Clear Conditions
45846,2022-01-11 23:05:00,40.680115,-73.7287,0,0,Following Too Closely,4494051,-4.2,-8.8,0.0,0.0,0.0,0.0,1,26.7,50.8,316,Mainly clear,0,0,Sunny/Clear Conditions
45847,2022-01-11 15:00:00,40.680035,-73.9055,0,0,Driver Inattention/Distraction,4493914,-4.2,-8.8,0.0,0.0,0.0,0.0,1,26.7,50.8,316,Mainly clear,0,0,Sunny/Clear Conditions
45848,2022-01-11 11:30:00,40.741863,-73.90751,1,0,View Obstructed/Limited,4493822,-4.2,-8.8,0.0,0.0,0.0,0.0,1,26.7,50.8,316,Mainly clear,1,1,Sunny/Clear Conditions
45849,2022-01-11 16:23:00,40.823635,-73.93095,1,0,Failure to Yield Right-of-Way,4493862,-4.2,-8.8,0.0,0.0,0.0,0.0,1,26.7,50.8,316,Mainly clear,1,1,Sunny/Clear Conditions
45850,2022-01-09 23:20:00,40.729996,-73.91187,0,0,Pavement Slippery,4494236,4.0,-5.3,5.1,5.1,0.0,12.0,53,23.8,42.1,220,Drizzle: Moderate,0,0,
45851,2022-01-09 22:25:00,40.746487,-73.99543,0,0,Unspecified,4494189,4.0,-5.3,5.1,5.1,0.0,12.0,53,23.8,42.1,220,Drizzle: Moderate,0,0,
45852,2022-01-08 13:00:00,40.663876,-73.97748,0,0,Other Vehicular,4494199,-3.3,-8.4,0.0,0.0,0.0,0.0,1,21.6,37.8,277,Mainly clear,0,0,Sunny/Clear Conditions
45853,2022-01-11 10:46:00,40.763683,-73.87927,0,0,Driver Inattention/Distraction,4493724,-4.2,-8.8,0.0,0.0,0.0,0.0,1,26.7,50.8,316,Mainly clear,0,0,Sunny/Clear Conditions
45854,2022-01-11 01:08:00,40.697918,-73.92083,0,0,Alcohol Involvement,4493778,-4.2,-8.8,0.0,0.0,0.0,0.0,1,26.7,50.8,316,Mainly clear,0,0,Sunny/Clear Conditions
45855,2022-01-11 20:30:00,40.69099,-73.98932,1,0,Following Too Closely,4494072,-4.2,-8.8,0.0,0.0,0.0,0.0,1,26.7,50.8,316,Mainly clear,1,1,Sunny/Clear Conditions
45856,2022-01-11 10:20:00,40.762074,-73.91869,0,0,Traffic Control Disregarded,4493710,-4.2,-8.8,0.0,0.0,0.0,0.0,1,26.7,50.8,316,Mainly clear,0,0,Sunny/Clear Conditions
45857,2022-01-11 23:11:00,40.74105,-73.72587,0,0,Unspecified,4493874,-4.2,-8.8,0.0,0.0,0.0,0.0,1,26.7,50.8,316,Mainly clear,0,0,Sunny/Clear Conditions
45858,2022-01-11 20:30:00,40.844536,-73.87948,0,0,Driver Inattention/Distraction,4494184,-4.2,-8.8,0.0,0.0,0.0,0.0,1,26.7,50.8,316,Mainly clear,0,0,Sunny/Clear Conditions
45859,2022-01-11 23:44:00,40.69168,-73.999344,0,0,Following Too Closely,4494029,-4.2,-8.8,0.0,0.0,0.0,0.0,1,26.7,50.8,316,Mainly clear,0,0,Sunny/Clear Conditions
45860,2022-01-11 12:00:00,40.685513,-73.84162,0,0,Backing Unsafely,4493803,-4.2,-8.8,0.0,0.0,0.0,0.0,1,26.7,50.8,316,Mainly clear,0,0,Sunny/Clear Conditions
45861,2021-12-30 18:10:00,40.837425,-73.92037,0,0,Unspecified,4494382,8.3,5.0,1.8,1.8,0.0,7.0,53,9.9,17.6,22,Drizzle: Moderate,0,0,
45862,2022-01-11 23:05:00,40.828205,-73.86244,0,0,Unspecified,4494317,-4.2,-8.8,0.0,0.0,0.0,0.0,1,26.7,50.8,316,Mainly clear,0,0,Sunny/Clear Conditions
45863,2022-01-11 11:00:00,40.748226,-73.75979,1,0,Following Too Closely,4493919,-4.2,-8.8,0.0,0.0,0.0,0.0,1,26.7,50.8,316,Mainly clear,1,1,Sunny/Clear Conditions
45864,2022-01-11 08:30:00,40.78122,-73.949326,0,0,Unsafe Lane Changing,4493897,-4.2,-8.8,0.0,0.0,0.0,0.0,1,26.7,50.8,316,Mainly clear,0,0,Sunny/Clear Conditions
45865,2022-01-10 05:50:00,40.713062,-73.90891,0,0,Passing Too Closely,4494241,4.1,-4.3,0.0,0.0,0.0,0.0,3,24.1,44.3,295,Overcast,0,0,
45866,2022-01-06 15:17:00,40.696934,-73.935616,1,0,Driver Inattention/Distraction,4494280,4.1,-0.7,0.0,0.0,0.0,0.0,3,20.2,38.2,269,Overcast,1,1,
45867,2022-01-11 15:07:00,40.598003,-73.99191,0,0,Passing Too Closely,4493927,-4.2,-8.8,0.0,0.0,0.0,0.0,1,26.7,50.8,316,Mainly clear,0,0,Sunny/Clear Conditions
45868,2022-01-11 11:01:00,40.612076,-73.94895,0,0,Unspecified,4493797,-4.2,-8.8,0.0,0.0,0.0,0.0,1,26.7,50.8,316,Mainly clear,0,0,Sunny/Clear Conditions
45869,2022-01-11 12:10:00,40.716587,-74.008385,0,0,Unspecified,4493759,-4.2,-8.8,0.0,0.0,0.0,0.0,1,26.7,50.8,316,Mainly clear,0,0,Sunny/Clear Conditions
45870,2022-01-11 15:00:00,40.66345,-73.84747,3,0,Following Too Closely,4494095,-4.2,-8.8,0.0,0.0,0.0,0.0,1,26.7,50.8,316,Mainly clear,3,3,Sunny/Clear Conditions
45871,2022-01-11 19:00:00,40.67587,-73.75316,0,0,Backing Unsafely,4493838,-4.2,-8.8,0.0,0.0,0.0,0.0,1,26.7,50.8,316,Mainly clear,0,0,Sunny/Clear Conditions
45872,2022-01-11 14:30:00,40.640453,-73.977806,1,0,Unspecified,4493940,-4.2,-8.8,0.0,0.0,0.0,0.0,1,26.7,50.8,316,Mainly clear,1,1,Sunny/Clear Conditions
45873,2022-01-11 21:39:00,40.825413,-73.923485,2,0,Reaction to Uninvolved Vehicle,4494167,-4.2,-8.8,0.0,0.0,0.0,0.0,1,26.7,50.8,316,Mainly clear,2,2,Sunny/Clear Conditions
45874,2022-01-11 11:45:00,40.683376,-73.76043,0,0,Driver Inexperience,4494003,-4.2,-8.8,0.0,0.0,0.0,0.0,1,26.7,50.8,316,Mainly clear,0,0,Sunny/Clear Conditions
45875,2022-01-11 00:00:00,40.64962,-73.874306,1,0,Unspecified,4493878,-4.2,-8.8,0.0,0.0,0.0,0.0,1,26.7,50.8,316,Mainly clear,1,1,Sunny/Clear Conditions
45876,2022-01-11 13:00:00,40.785866,-73.950935,1,0,Unspecified,4493955,-4.2,-8.8,0.0,0.0,0.0,0.0,1,26.7,50.8,316,Mainly clear,1,1,Sunny/Clear Conditions
45877,2022-01-11 09:00:00,40.63745,-74.02196,1,0,Unsafe Lane Changing,4493843,-4.2,-8.8,0.0,0.0,0.0,0.0,1,26.7,50.8,316,Mainly clear,1,1,Sunny/Clear Conditions
45878,2022-01-04 22:25:00,40.823536,-73.93108,1,0,Passing Too Closely,4494324,0.7,-6.7,0.0,0.0,0.0,0.0,3,20.0,36.4,287,Overcast,1,1,
45879,2022-01-11 05:10:00,40.644905,-74.01303,0,0,Driver Inattention/Distraction,4494356,-4.2,-8.8,0.0,0.0,0.0,0.0,1,26.7,50.8,316,Mainly clear,0,0,Sunny/Clear Conditions
45880,2022-01-10 12:15:00,40.71401,-73.85965,1,0,Following Too Closely,4494252,4.1,-4.3,0.0,0.0,0.0,0.0,3,24.1,44.3,295,Overcast,1,1,
45881,2021-11-05 14:28:00,40.68187,-73.955826,1,0,Following Too Closely,4478560,10.7,3.2,0.0,0.0,0.0,0.0,0,14.8,30.2,1,Clear sky,1,1,Sunny/Clear Conditions
45882,2022-01-11 18:50:00,40.677273,-73.99254,1,0,Turning Improperly,4493888,-4.2,-8.8,0.0,0.0,0.0,0.0,1,26.7,50.8,316,Mainly clear,1,1,Sunny/Clear Conditions
45883,2021-12-24 13:29:00,40.675278,-73.79335,1,0,Failure to Yield Right-of-Way,4494260,5.7,-1.1,1.0,0.0,0.7,5.0,73,12.4,21.6,73,Snow fall: Moderate,1,1,Snowy Conditions
45884,2022-01-11 11:10:00,40.70841,-73.80328,0,0,Reaction to Uninvolved Vehicle,4494064,-4.2,-8.8,0.0,0.0,0.0,0.0,1,26.7,50.8,316,Mainly clear,0,0,Sunny/Clear Conditions
45885,2022-01-11 14:45:00,40.697083,-73.83048,0,0,Unspecified,4493789,-4.2,-8.8,0.0,0.0,0.0,0.0,1,26.7,50.8,316,Mainly clear,0,0,Sunny/Clear Conditions
45886,2022-01-04 12:32:00,40.828445,-73.8224,1,0,Unspecified,4494159,0.7,-6.7,0.0,0.0,0.0,0.0,3,20.0,36.4,287,Overcast,1,1,
45887,2022-01-11 13:18:00,40.703686,-73.90918,2,0,Traffic Control Disregarded,4494041,-4.2,-8.8,0.0,0.0,0.0,0.0,1,26.7,50.8,316,Mainly clear,2,2,Sunny/Clear Conditions
45888,2022-01-11 11:38:00,40.749676,-73.94372,0,0,Unspecified,4493823,-4.2,-8.8,0.0,0.0,0.0,0.0,1,26.7,50.8,316,Mainly clear,0,0,Sunny/Clear Conditions
45889,2022-01-11 11:30:00,40.566383,-74.101555,0,0,Turning Improperly,4494218,-4.2,-8.8,0.0,0.0,0.0,0.0,1,26.7,50.8,316,Mainly clear,0,0,Sunny/Clear Conditions
45890,2022-01-10 20:45:00,40.673813,-73.99238,0,0,Turning Improperly,4494200,4.1,-4.3,0.0,0.0,0.0,0.0,3,24.1,44.3,295,Overcast,0,0,
45891,2022-01-11 10:00:00,40.843994,-73.89752,0,0,Unspecified,4493739,-4.2,-8.8,0.0,0.0,0.0,0.0,1,26.7,50.8,316,Mainly clear,0,0,Sunny/Clear Conditions
45892,2022-01-11 08:40:00,40.72389,-73.84655,0,0,Passing or Lane Usage Improper,4494255,-4.2,-8.8,0.0,0.0,0.0,0.0,1,26.7,50.8,316,Mainly clear,0,0,Sunny/Clear Conditions
45893,2022-01-11 21:13:00,40.62451,-73.98831,0,0,Unspecified,4493930,-4.2,-8.8,0.0,0.0,0.0,0.0,1,26.7,50.8,316,Mainly clear,0,0,Sunny/Clear Conditions
45894,2022-01-10 14:20:00,40.65039,-74.00851,0,0,Unspecified,4494331,4.1,-4.3,0.0,0.0,0.0,0.0,3,24.1,44.3,295,Overcast,0,0,
45895,2021-01-13 16:20:00,40.702564,-73.790565,0,0,Failure to Yield Right-of-Way,4494341,5.9,-3.6,0.0,0.0,0.0,0.0,3,15.0,29.5,258,Overcast,0,0,
45896,2022-01-11 02:54:00,40.685,-73.96117,0,0,Unspecified,4493668,-4.2,-8.8,0.0,0.0,0.0,0.0,1,26.7,50.8,316,Mainly clear,0,0,Sunny/Clear Conditions
45897,2022-01-11 21:00:00,40.527924,-74.21649,0,0,Unspecified,4493967,-4.2,-8.8,0.0,0.0,0.0,0.0,1,26.7,50.8,316,Mainly clear,0,0,Sunny/Clear Conditions
45898,2022-01-11 15:19:00,40.67897,-73.75985,0,0,Passing Too Closely,4493994,-4.2,-8.8,0.0,0.0,0.0,0.0,1,26.7,50.8,316,Mainly clear,0,0,Sunny/Clear Conditions
45899,2022-01-11 00:30:00,40.70276,-73.86323,1,0,Driver Inattention/Distraction,4493885,-4.2,-8.8,0.0,0.0,0.0,0.0,1,26.7,50.8,316,Mainly clear,1,1,Sunny/Clear Conditions
45900,2021-12-19 16:20:00,40.703293,-73.7961,0,0,Failure to Yield Right-of-Way,4494230,7.1,-1.8,0.5,0.5,0.0,4.0,51,26.4,47.5,327,Drizzle: Light,0,0,
45901,2022-01-11 07:00:00,40.61257,-73.962715,0,0,Driver Inattention/Distraction,4493911,-4.2,-8.8,0.0,0.0,0.0,0.0,1,26.7,50.8,316,Mainly clear,0,0,Sunny/Clear Conditions
45902,2022-01-11 13:00:00,40.833206,-73.82797,0,0,Unsafe Speed,4493973,-4.2,-8.8,0.0,0.0,0.0,0.0,1,26.7,50.8,316,Mainly clear,0,0,Sunny/Clear Conditions
45903,2022-01-11 08:30:00,40.89171,-73.83559,0,0,Pavement Slippery,4493810,-4.2,-8.8,0.0,0.0,0.0,0.0,1,26.7,50.8,316,Mainly clear,0,0,Sunny/Clear Conditions
45904,2022-01-11 08:40:00,40.651546,-73.95257,0,0,Driver Inattention/Distraction,4493723,-4.2,-8.8,0.0,0.0,0.0,0.0,1,26.7,50.8,316,Mainly clear,0,0,Sunny/Clear Conditions
45905,2022-01-11 08:35:00,40.835724,-73.90579,0,0,Aggressive Driving/Road Rage,4494154,-4.2,-8.8,0.0,0.0,0.0,0.0,1,26.7,50.8,316,Mainly clear,0,0,Sunny/Clear Conditions
45906,2022-01-05 22:35:00,40.746113,-73.73576,0,0,Driver Inattention/Distraction,4494238,6.9,-2.1,0.5,0.5,0.0,4.0,51,21.8,38.2,216,Drizzle: Light,0,0,
45907,2022-01-11 17:40:00,40.740223,-73.954865,0,0,Driver Inattention/Distraction,4493863,-4.2,-8.8,0.0,0.0,0.0,0.0,1,26.7,50.8,316,Mainly clear,0,0,Sunny/Clear Conditions
45908,2022-01-11 19:26:00,40.665844,-73.753685,0,0,Brakes Defective,4493848,-4.2,-8.8,0.0,0.0,0.0,0.0,1,26.7,50.8,316,Mainly clear,0,0,Sunny/Clear Conditions
45909,2022-01-07 16:28:00,40.816025,-73.93947,0,0,Passing or Lane Usage Improper,4494193,-0.0,-5.7,9.0,0.0,6.3,11.0,75,26.8,48.6,313,Snow fall: Heavy,0,0,Snowy Conditions
45910,2022-01-11 08:40:00,40.780174,-73.95932,0,0,Driver Inattention/Distraction,4493900,-4.2,-8.8,0.0,0.0,0.0,0.0,1,26.7,50.8,316,Mainly clear,0,0,Sunny/Clear Conditions
45911,2022-01-11 17:00:00,40.74459,-73.884674,0,0,Backing Unsafely,4493937,-4.2,-8.8,0.0,0.0,0.0,0.0,1,26.7,50.8,316,Mainly clear,0,0,Sunny/Clear Conditions
45912,2022-01-11 14:50:00,40.828114,-73.93107,0,0,Unsafe Lane Changing,4494388,-4.2,-8.8,0.0,0.0,0.0,0.0,1,26.7,50.8,316,Mainly clear,0,0,Sunny/Clear Conditions
45913,2022-01-11 22:55:00,40.87558,-73.8456,2,0,Passing or Lane Usage Improper,4494298,-4.2,-8.8,0.0,0.0,0.0,0.0,1,26.7,50.8,316,Mainly clear,2,2,Sunny/Clear Conditions
45914,2022-01-11 07:35:00,40.72789,-73.86117,0,0,Passing Too Closely,4493961,-4.2,-8.8,0.0,0.0,0.0,0.0,1,26.7,50.8,316,Mainly clear,0,0,Sunny/Clear Conditions
45915,2022-01-11 18:55:00,40.659172,-73.839874,2,0,Following Too Closely,4493891,-4.2,-8.8,0.0,0.0,0.0,0.0,1,26.7,50.8,316,Mainly clear,2,2,Sunny/Clear Conditions
45916,2022-01-11 10:02:00,40.631504,-74.00296,1,0,Unspecified,4494262,-4.2,-8.8,0.0,0.0,0.0,0.0,1,26.7,50.8,316,Mainly clear,1,1,Sunny/Clear Conditions
45917,2022-01-05 12:15:00,40.686764,-73.93282,1,0,Traffic Control Disregarded,4494291,6.9,-2.1,0.5,0.5,0.0,4.0,51,21.8,38.2,216,Drizzle: Light,1,1,
45918,2022-01-04 16:30:00,40.819317,-73.93032,0,0,Passing or Lane Usage Improper,4494321,0.7,-6.7,0.0,0.0,0.0,0.0,3,20.0,36.4,287,Overcast,0,0,
45919,2022-01-11 14:11:00,40.621433,-73.987854,1,0,Driver Inattention/Distraction,4493921,-4.2,-8.8,0.0,0.0,0.0,0.0,1,26.7,50.8,316,Mainly clear,1,1,Sunny/Clear Conditions
45920,2022-02-20 10:00:00,40.70566,-73.939514,1,0,Following Too Closely,4504340,2.4,-6.6,0.0,0.0,0.0,0.0,3,23.4,44.3,250,Overcast,1,1,
45921,2022-02-11 20:20:00,40.73129,-73.9904,0,0,Turning Improperly,4504726,11.8,-3.7,0.0,0.0,0.0,0.0,3,26.6,47.5,188,Overcast,0,0,
45922,2022-02-20 07:45:00,40.842987,-73.900345,0,0,Passing or Lane Usage Improper,4504745,2.4,-6.6,0.0,0.0,0.0,0.0,3,23.4,44.3,250,Overcast,0,0,
45923,2022-02-20 22:08:00,40.838203,-73.9302,2,0,Unsafe Speed,4504372,2.4,-6.6,0.0,0.0,0.0,0.0,3,23.4,44.3,250,Overcast,2,2,
45924,2022-02-20 13:20:00,40.87356,-73.81853,1,0,Following Too Closely,4504244,2.4,-6.6,0.0,0.0,0.0,0.0,3,23.4,44.3,250,Overcast,1,1,
45925,2022-02-20 02:40:00,40.74631,-73.86827,0,0,Driver Inattention/Distraction,4504177,2.4,-6.6,0.0,0.0,0.0,0.0,3,23.4,44.3,250,Overcast,0,0,
45926,2022-02-06 20:30:00,40.70535,-73.962494,1,0,Failure to Yield Right-of-Way,4504845,-1.4,-8.8,0.0,0.0,0.0,0.0,3,16.2,31.7,83,Overcast,1,1,
45927,2022-02-20 15:35:00,40.729736,-73.833725,5,0,Driver Inattention/Distraction,4504607,2.4,-6.6,0.0,0.0,0.0,0.0,3,23.4,44.3,250,Overcast,5,5,
45928,2022-02-17 21:15:00,40.72547,-73.98396,1,0,Failure to Yield Right-of-Way,4504702,16.7,5.1,2.2,2.2,0.0,2.0,61,31.8,56.5,201,Rain: Light,1,1,
45929,2022-02-20 16:24:00,40.69073,-73.76403,0,0,Traffic Control Disregarded,4504282,2.4,-6.6,0.0,0.0,0.0,0.0,3,23.4,44.3,250,Overcast,0,0,
45930,2022-02-20 18:30:00,40.527847,-74.21787,1,0,Unsafe Speed,4504406,2.4,-6.6,0.0,0.0,0.0,0.0,3,23.4,44.3,250,Overcast,1,1,
45931,2022-02-20 17:46:00,40.88577,-73.87895,1,0,Driver Inattention/Distraction,4504678,2.4,-6.6,0.0,0.0,0.0,0.0,3,23.4,44.3,250,Overcast,1,1,
45932,2022-02-20 21:20:00,40.65295,-73.911026,0,0,Driver Inattention/Distraction,4504511,2.4,-6.6,0.0,0.0,0.0,0.0,3,23.4,44.3,250,Overcast,0,0,
45933,2021-10-21 19:11:00,40.6898636,-73.9795113,0,0,Driver Inexperience,4469622,22.9,12.0,0.0,0.0,0.0,0.0,3,17.0,31.7,207,Overcast,0,0,
45934,2022-06-26 23:30:00,40.80333,-73.94873,0,0,Passing Too Closely,4543974,30.8,19.9,0.0,0.0,0.0,0.0,3,30.9,55.8,188,Overcast,0,0,
45935,2022-07-04 22:00:00,40.696198,-73.98877,1,0,Driver Inattention/Distraction,4543635,30.9,17.5,0.0,0.0,0.0,0.0,3,15.4,27.4,302,Overcast,1,1,
45936,2022-07-04 12:00:00,40.76151,-73.88361,1,0,Failure to Yield Right-of-Way,4543546,30.9,17.5,0.0,0.0,0.0,0.0,3,15.4,27.4,302,Overcast,1,1,
45937,2022-07-04 17:35:00,40.576508,-73.98584,0,0,Driver Inattention/Distraction,4543926,30.9,17.5,0.0,0.0,0.0,0.0,3,15.4,27.4,302,Overcast,0,0,
45938,2022-07-04 17:00:00,40.813297,-73.85822,1,0,Unspecified,4543953,30.9,17.5,0.0,0.0,0.0,0.0,3,15.4,27.4,302,Overcast,1,1,
45939,2022-07-04 17:45:00,40.64117,-73.91204,0,0,Passenger Distraction,4543656,30.9,17.5,0.0,0.0,0.0,0.0,3,15.4,27.4,302,Overcast,0,0,
45940,2022-07-04 21:58:00,40.82054,-73.84838,1,0,Unspecified,4543373,30.9,17.5,0.0,0.0,0.0,0.0,3,15.4,27.4,302,Overcast,1,1,
45941,2022-07-04 16:15:00,40.745216,-73.869354,0,0,Driver Inattention/Distraction,4543330,30.9,17.5,0.0,0.0,0.0,0.0,3,15.4,27.4,302,Overcast,0,0,
45942,2022-06-28 06:28:00,40.67393,-73.999954,1,0,Driver Inattention/Distraction,4544037,27.5,19.1,0.0,0.0,0.0,0.0,3,14.4,28.4,334,Overcast,1,1,
45943,2022-07-04 00:11:00,40.634056,-74.11213,0,0,Alcohol Involvement,4543847,30.9,17.5,0.0,0.0,0.0,0.0,3,15.4,27.4,302,Overcast,0,0,
45944,2022-07-04 19:07:00,40.82735,-73.82463,1,0,Unsafe Speed,4543902,30.9,17.5,0.0,0.0,0.0,0.0,3,15.4,27.4,302,Overcast,1,1,
45945,2022-07-04 07:30:00,40.709915,-73.96854,2,0,Unsafe Speed,4543417,30.9,17.5,0.0,0.0,0.0,0.0,3,15.4,27.4,302,Overcast,2,2,
45946,2022-09-22 10:30:00,40.826527,-73.857925,1,0,Unspecified,4566672,24.9,14.3,9.1,9.1,0.0,7.0,63,24.6,44.6,273,Rain: Moderate,1,1,
45947,2022-06-30 09:30:00,40.756714,-73.894905,0,0,Unspecified,4543866,31.2,17.3,0.0,0.0,0.0,0.0,2,19.1,37.4,274,Partly cloudy,0,0,
45948,2022-09-23 15:10:00,40.884068,-73.85917,0,0,Following Too Closely,4567154,16.4,10.0,0.0,0.0,0.0,0.0,0,31.1,56.9,323,Clear sky,0,0,Sunny/Clear Conditions
45949,2022-07-04 15:37:00,40.797527,-73.93901,1,0,Turning Improperly,4543476,30.9,17.5,0.0,0.0,0.0,0.0,3,15.4,27.4,302,Overcast,1,1,
45950,2022-07-04 23:10:00,40.69527,-73.90351,0,0,Passing Too Closely,4543731,30.9,17.5,0.0,0.0,0.0,0.0,3,15.4,27.4,302,Overcast,0,0,
45951,2022-07-04 12:22:00,40.718792,-73.98902,0,0,Unspecified,4543427,30.9,17.5,0.0,0.0,0.0,0.0,3,15.4,27.4,302,Overcast,0,0,
45952,2022-06-30 22:30:00,40.667637,-73.90673,4,0,Driver Inattention/Distraction,4543980,31.2,17.3,0.0,0.0,0.0,0.0,2,19.1,37.4,274,Partly cloudy,4,4,
45953,2022-06-20 17:51:00,40.664375,-73.92376,2,0,Unspecified,4544003,26.5,12.9,0.0,0.0,0.0,0.0,3,18.4,31.7,308,Overcast,2,2,
45954,2022-06-25 18:50:00,40.761658,-73.986565,0,0,Turning Improperly,4543934,32.5,18.1,0.0,0.0,0.0,0.0,2,25.0,47.2,224,Partly cloudy,0,0,
45955,2022-07-04 22:20:00,40.702908,-73.76096,0,0,View Obstructed/Limited,4544074,30.9,17.5,0.0,0.0,0.0,0.0,3,15.4,27.4,302,Overcast,0,0,
45956,2022-07-04 01:58:00,40.6846,-73.836845,0,0,Passing Too Closely,4543507,30.9,17.5,0.0,0.0,0.0,0.0,3,15.4,27.4,302,Overcast,0,0,
45957,2022-07-03 15:19:00,40.588966,-73.81145,0,0,Failure to Yield Right-of-Way,4543944,31.2,21.0,0.0,0.0,0.0,0.0,3,15.8,31.3,341,Overcast,0,0,
45958,2022-07-03 14:49:00,40.845165,-73.90754,1,0,Traffic Control Disregarded,4543840,31.2,21.0,0.0,0.0,0.0,0.0,3,15.8,31.3,341,Overcast,1,1,
45959,2022-07-05 22:01:00,40.7605,-73.95699,0,0,Driver Inattention/Distraction,4544121,30.0,20.3,0.5,0.5,0.0,2.0,51,30.4,56.5,191,Drizzle: Light,0,0,
45960,2022-07-04 19:00:00,40.74291,-73.99281,0,0,Driver Inattention/Distraction,4543358,30.9,17.5,0.0,0.0,0.0,0.0,3,15.4,27.4,302,Overcast,0,0,
45961,2022-06-08 16:37:00,40.747547,-73.871605,0,0,Unspecified,4543862,28.8,19.2,0.4,0.4,0.0,3.0,51,23.4,46.8,224,Drizzle: Light,0,0,
45962,2022-07-04 15:14:00,40.710957,-73.951126,0,0,Driver Inattention/Distraction,4544044,30.9,17.5,0.0,0.0,0.0,0.0,3,15.4,27.4,302,Overcast,0,0,
45963,2022-07-03 05:46:00,40.69969,-73.91557,1,0,Traffic Control Disregarded,4543831,31.2,21.0,0.0,0.0,0.0,0.0,3,15.8,31.3,341,Overcast,1,1,
45964,2022-07-04 19:42:00,40.85078,-73.91222,1,0,Driver Inattention/Distraction,4543346,30.9,17.5,0.0,0.0,0.0,0.0,3,15.4,27.4,302,Overcast,1,1,
45965,2022-06-12 06:00:00,40.818558,-73.92732,2,0,Turning Improperly,4543889,22.7,16.0,9.3,9.3,0.0,10.0,61,23.5,44.6,179,Rain: Light,2,2,
45966,2022-07-04 00:26:00,40.5726,-74.16669,1,0,Following Too Closely,4543301,30.9,17.5,0.0,0.0,0.0,0.0,3,15.4,27.4,302,Overcast,1,1,
45967,2022-07-04 17:21:00,40.59617,-73.93882,1,0,,4544077,30.9,17.5,0.0,0.0,0.0,0.0,3,15.4,27.4,302,Overcast,1,1,
45968,2022-06-30 05:45:00,40.701527,-73.986755,0,0,Unspecified,4543939,31.2,17.3,0.0,0.0,0.0,0.0,2,19.1,37.4,274,Partly cloudy,0,0,
45969,2022-07-04 15:22:00,40.673107,-73.99959,0,0,Passing or Lane Usage Improper,4543682,30.9,17.5,0.0,0.0,0.0,0.0,3,15.4,27.4,302,Overcast,0,0,
45970,2022-07-03 23:03:00,40.67629,-73.91002,0,0,Other Vehicular,4543990,31.2,21.0,0.0,0.0,0.0,0.0,3,15.8,31.3,341,Overcast,0,0,
45971,2022-06-29 19:15:00,40.669434,-73.9255,1,0,Driver Inattention/Distraction,4543994,29.0,17.7,0.0,0.0,0.0,0.0,3,27.2,51.5,195,Overcast,1,1,
45972,2022-07-04 00:05:00,40.704185,-73.78599,0,0,Passing or Lane Usage Improper,4543146,30.9,17.5,0.0,0.0,0.0,0.0,3,15.4,27.4,302,Overcast,0,0,
45973,2022-07-04 22:15:00,40.667953,-73.87007,1,0,Driver Inattention/Distraction,4543780,30.9,17.5,0.0,0.0,0.0,0.0,3,15.4,27.4,302,Overcast,1,1,
45974,2022-06-27 01:31:00,40.742374,-74.0088,0,0,Driver Inattention/Distraction,4543817,26.2,19.8,11.7,11.7,0.0,9.0,63,20.5,43.2,224,Rain: Moderate,0,0,
45975,2022-06-30 16:00:00,40.765144,-73.93926,0,0,Passing Too Closely,4544066,31.2,17.3,0.0,0.0,0.0,0.0,2,19.1,37.4,274,Partly cloudy,0,0,
45976,2022-07-04 05:55:00,40.72416,-73.754974,0,0,Unspecified,4543494,30.9,17.5,0.0,0.0,0.0,0.0,3,15.4,27.4,302,Overcast,0,0,
45977,2022-07-04 19:59:00,40.8854,-73.89723,4,0,Driver Inattention/Distraction,4543912,30.9,17.5,0.0,0.0,0.0,0.0,3,15.4,27.4,302,Overcast,4,4,
45978,2022-07-04 11:30:00,40.743416,-73.95387,0,0,Driver Inattention/Distraction,4543601,30.9,17.5,0.0,0.0,0.0,0.0,3,15.4,27.4,302,Overcast,0,0,
45979,2022-07-01 18:25:00,40.82269,-73.94947,2,0,Failure to Yield Right-of-Way,4544106,33.7,20.2,0.1,0.1,0.0,1.0,51,32.3,58.0,215,Drizzle: Light,2,2,