,CRASH DATETIME,LATITUDE,LONGITUDE,NUMBER OF PERSONS INJURED,NUMBER OF PERSONS KILLED,CONTRIBUTING FACTOR VEHICLE 1,COLLISION_ID,temperature_2m_max,temperature_2m_min,precipitation_sum,rain_sum,snowfall_sum,precipitation_hours,weather_code,wind_speed_10m_max,wind_gusts_10m_max,wind_direction_10m_dominant,Weather Description,Severity_Score,Total_Affected_Persons,Weather_Category
45980,2022-07-04 09:36:00,40.67677,-73.880516,0,0,Unspecified,4543805,30.9,17.5,0.0,0.0,0.0,0.0,3,15.4,27.4,302,Overcast,0,0,
45981,2022-07-04 20:00:00,40.842175,-73.83004,0,0,Traffic Control Disregarded,4543384,30.9,17.5,0.0,0.0,0.0,0.0,3,15.4,27.4,302,Overcast,0,0,
45982,2022-07-04 06:38:00,40.623383,-73.94429,0,0,Other Vehicular,4543281,30.9,17.5,0.0,0.0,0.0,0.0,3,15.4,27.4,302,Overcast,0,0,
45983,2022-07-04 20:30:00,40.582756,-74.13041,0,0,Driver Inattention/Distraction,4543854,30.9,17.5,0.0,0.0,0.0,0.0,3,15.4,27.4,302,Overcast,0,0,
45984,2022-07-04 16:00:00,40.59281,-73.97877,0,0,Driver Inattention/Distraction,4543922,30.9,17.5,0.0,0.0,0.0,0.0,3,15.4,27.4,302,Overcast,0,0,
45985,2021-10-16 12:30:00,40.7141316,-73.8349409,0,0,Unspecified,4469717,24.3,15.0,17.5,17.5,0.0,9.0,63,25.7,46.4,195,Rain: Moderate,0,0,
45986,2022-07-04 21:05:00,40.852245,-73.88447,0,0,Driver Inattention/Distraction,4543447,30.9,17.5,0.0,0.0,0.0,0.0,3,15.4,27.4,302,Overcast,0,0,
45987,2022-07-04 12:47:00,40.753,-73.825516,1,0,Driver Inattention/Distraction,4543434,30.9,17.5,0.0,0.0,0.0,0.0,3,15.4,27.4,302,Overcast,1,1,
45988,2022-06-19 23:48:00,40.58301,-73.82607,0,0,Driver Inattention/Distraction,4543877,22.4,12.4,0.0,0.0,0.0,0.0,3,30.3,58.7,324,Overcast,0,0,
45989,2022-07-04 02:35:00,40.714695,-73.77531,1,0,Driver Inattention/Distraction,4543569,30.9,17.5,0.0,0.0,0.0,0.0,3,15.4,27.4,302,Overcast,1,1,
45990,2022-07-04 14:00:00,40.670338,-73.837234,0,0,Unsafe Speed,4543694,30.9,17.5,0.0,0.0,0.0,0.0,3,15.4,27.4,302,Overcast,0,0,
45991,2022-07-02 23:20:00,40.811935,-73.88773,0,0,Driver Inattention/Distraction,4543968,30.8,23.1,4.0,4.0,0.0,5.0,61,19.4,40.0,229,Rain: Light,0,0,
45992,2022-07-04 11:40:00,40.766712,-73.98289,1,0,Unspecified,4543747,30.9,17.5,0.0,0.0,0.0,0.0,3,15.4,27.4,302,Overcast,1,1,
45993,2022-07-04 18:25:00,40.78065,-73.976425,0,0,Unspecified,4543509,30.9,17.5,0.0,0.0,0.0,0.0,3,15.4,27.4,302,Overcast,0,0,
45994,2022-06-16 17:29:00,40.562126,-73.90231,0,0,Driver Inattention/Distraction,4543945,23.1,17.8,9.2,9.2,0.0,5.0,63,28.4,50.4,172,Rain: Moderate,0,0,
45995,2022-06-28 20:21:00,40.821358,-73.889114,2,0,Following Too Closely,4543963,27.5,19.1,0.0,0.0,0.0,0.0,3,14.4,28.4,334,Overcast,2,2,
45996,2022-06-28 16:40:00,40.80907,-73.94455,0,0,Passing or Lane Usage Improper,4543975,27.5,19.1,0.0,0.0,0.0,0.0,3,14.4,28.4,334,Overcast,0,0,
45997,2022-07-04 09:45:00,40.870186,-73.84703,1,0,Driver Inexperience,4543638,30.9,17.5,0.0,0.0,0.0,0.0,3,15.4,27.4,302,Overcast,1,1,
45998,2022-09-17 08:40:00,40.72339,-73.95628,1,0,Traffic Control Disregarded,4567306,22.9,16.8,0.0,0.0,0.0,0.0,3,16.9,32.0,115,Overcast,1,1,
45999,2022-09-21 07:51:00,40.8432,-73.88668,0,0,Driver Inattention/Distraction,4566523,26.5,16.0,0.0,0.0,0.0,0.0,3,19.4,36.7,252,Overcast,0,0,
46000,2022-09-19 17:27:00,40.72526,-73.99475,0,0,Driver Inexperience,4566623,30.1,19.0,4.9,4.9,0.0,3.0,63,22.4,44.3,241,Rain: Moderate,0,0,
46001,2022-09-16 20:13:00,40.63219,-73.938934,0,0,Other Vehicular,4566913,23.7,11.9,0.0,0.0,0.0,0.0,3,10.3,21.6,336,Overcast,0,0,
46002,2022-09-13 11:19:00,40.89765,-73.84929,0,0,Passing Too Closely,4567095,26.0,20.5,8.3,8.3,0.0,16.0,61,19.5,33.8,219,Rain: Light,0,0,
46003,2022-09-22 22:50:00,40.624706,-74.0415,0,0,Tire Failure/Inadequate,4566840,24.9,14.3,9.1,9.1,0.0,7.0,63,24.6,44.6,273,Rain: Moderate,0,0,
46004,2022-09-15 10:38:00,40.828705,-73.897865,0,0,Driver Inattention/Distraction,4566555,21.9,15.6,0.0,0.0,0.0,0.0,1,18.2,37.1,328,Mainly clear,0,0,Sunny/Clear Conditions
46005,2022-09-22 11:00:00,40.72656,-73.83802,1,0,Following Too Closely,4566432,24.9,14.3,9.1,9.1,0.0,7.0,63,24.6,44.6,273,Rain: Moderate,1,1,
46006,2022-09-14 23:01:00,40.633083,-74.00558,2,0,Unspecified,4566576,26.4,15.8,0.0,0.0,0.0,0.0,2,20.1,37.1,283,Partly cloudy,2,2,
46007,2022-09-21 06:00:00,40.700497,-73.962555,2,0,Reaction to Uninvolved Vehicle,4566216,26.5,16.0,0.0,0.0,0.0,0.0,3,19.4,36.7,252,Overcast,2,2,
46008,2022-09-21 16:00:00,40.665085,-73.92869,0,0,Unspecified,4566467,26.5,16.0,0.0,0.0,0.0,0.0,3,19.4,36.7,252,Overcast,0,0,
46009,2022-01-12 00:25:00,40.674038,-73.73026,0,0,Unspecified,4494113,4.6,-7.3,0.0,0.0,0.0,0.0,3,20.5,39.2,213,Overcast,0,0,
46010,2021-10-13 10:50:00,40.57385,-74.105496,0,0,Unspecified,4469753,21.7,14.8,0.1,0.1,0.0,1.0,51,12.2,23.0,200,Drizzle: Light,0,0,
46011,2022-09-23 00:25:00,40.68775,-73.79039,0,0,Unspecified,4566471,16.4,10.0,0.0,0.0,0.0,0.0,0,31.1,56.9,323,Clear sky,0,0,Sunny/Clear Conditions
46012,2022-09-21 00:20:00,40.708374,-73.84271,0,0,Unsafe Speed,4565923,26.5,16.0,0.0,0.0,0.0,0.0,3,19.4,36.7,252,Overcast,0,0,
46013,2022-09-21 14:40:00,40.66841,-73.90167,0,0,Unspecified,4566243,26.5,16.0,0.0,0.0,0.0,0.0,3,19.4,36.7,252,Overcast,0,0,
46014,2022-09-22 17:54:00,40.736744,-73.93039,0,0,Unsafe Speed,4567180,24.9,14.3,9.1,9.1,0.0,7.0,63,24.6,44.6,273,Rain: Moderate,0,0,
46015,2022-09-21 17:55:00,40.62956,-73.94342,0,0,Driver Inexperience,4566262,26.5,16.0,0.0,0.0,0.0,0.0,3,19.4,36.7,252,Overcast,0,0,
46016,2022-09-16 15:37:00,40.61642,-73.97445,0,0,Passing Too Closely,4566591,23.7,11.9,0.0,0.0,0.0,0.0,3,10.3,21.6,336,Overcast,0,0,
46017,2022-09-23 16:00:00,40.71464,-73.742935,1,0,Unspecified,4566762,16.4,10.0,0.0,0.0,0.0,0.0,0,31.1,56.9,323,Clear sky,1,1,Sunny/Clear Conditions
46018,2022-09-22 20:50:00,40.754414,-73.87854,1,0,Driver Inattention/Distraction,4566518,24.9,14.3,9.1,9.1,0.0,7.0,63,24.6,44.6,273,Rain: Moderate,1,1,
46019,2022-08-11 12:10:00,40.7246,-73.97304,0,0,Unspecified,4566608,32.0,22.6,0.5,0.5,0.0,2.0,51,15.5,30.2,332,Drizzle: Light,0,0,
46020,2022-09-22 02:38:00,40.62798,-74.00485,0,0,Outside Car Distraction,4566167,24.9,14.3,9.1,9.1,0.0,7.0,63,24.6,44.6,273,Rain: Moderate,0,0,
46021,2022-08-30 23:56:00,40.760727,-73.938965,0,0,Driver Inattention/Distraction,4567204,30.1,21.5,2.7,2.7,0.0,2.0,61,28.0,52.6,188,Rain: Light,0,0,
46022,2022-09-21 17:40:00,40.567192,-74.113045,0,0,Failure to Yield Right-of-Way,4566411,26.5,16.0,0.0,0.0,0.0,0.0,3,19.4,36.7,252,Overcast,0,0,
46023,2022-09-11 22:40:00,40.680214,-73.94628,1,0,Backing Unsafely,4566687,24.5,18.9,12.9,12.9,0.0,13.0,61,12.4,22.0,205,Rain: Light,1,1,
46024,2022-09-19 13:16:00,40.696686,-73.9378,0,0,Driver Inattention/Distraction,4567128,30.1,19.0,4.9,4.9,0.0,3.0,63,22.4,44.3,241,Rain: Moderate,0,0,
46025,2022-09-18 15:41:00,40.691883,-73.76412,0,0,Other Vehicular,4566987,28.7,17.1,0.0,0.0,0.0,0.0,3,20.2,36.7,233,Overcast,0,0,
46026,2022-09-22 15:47:00,40.828068,-73.81783,0,0,Unspecified,4566650,24.9,14.3,9.1,9.1,0.0,7.0,63,24.6,44.6,273,Rain: Moderate,0,0,
46027,2022-09-23 00:01:00,40.787224,-73.95417,1,0,Driver Inattention/Distraction,4567244,16.4,10.0,0.0,0.0,0.0,0.0,0,31.1,56.9,323,Clear sky,1,1,Sunny/Clear Conditions
46028,2022-09-16 08:30:00,40.815754,-73.89529,0,0,Driver Inattention/Distraction,4566956,23.7,11.9,0.0,0.0,0.0,0.0,3,10.3,21.6,336,Overcast,0,0,
46029,2022-09-22 16:52:00,40.575653,-74.10455,0,0,Driver Inattention/Distraction,4566794,24.9,14.3,9.1,9.1,0.0,7.0,63,24.6,44.6,273,Rain: Moderate,0,0,
46030,2022-09-15 19:30:00,40.60736,-73.91227,1,0,Driver Inattention/Distraction,4567038,21.9,15.6,0.0,0.0,0.0,0.0,1,18.2,37.1,328,Mainly clear,1,1,Sunny/Clear Conditions
46031,2022-08-10 18:04:00,40.894062,-73.85946,1,0,Driver Inattention/Distraction,4567075,31.9,22.9,0.1,0.1,0.0,1.0,51,21.0,41.0,358,Drizzle: Light,1,1,
46032,2022-09-21 18:40:00,40.884857,-73.87848,0,0,Passing or Lane Usage Improper,4566190,26.5,16.0,0.0,0.0,0.0,0.0,3,19.4,36.7,252,Overcast,0,0,
46033,2022-09-13 18:00:00,40.90393,-73.84792,0,0,Passing Too Closely,4567167,26.0,20.5,8.3,8.3,0.0,16.0,61,19.5,33.8,219,Rain: Light,0,0,
46034,2022-09-23 03:33:00,40.840527,-73.88952,3,0,Traffic Control Disregarded,4566533,16.4,10.0,0.0,0.0,0.0,0.0,0,31.1,56.9,323,Clear sky,3,3,Sunny/Clear Conditions
46035,2022-09-19 21:25:00,40.732456,-73.961136,0,0,Unspecified,4567327,30.1,19.0,4.9,4.9,0.0,3.0,63,22.4,44.3,241,Rain: Moderate,0,0,
46036,2022-09-23 00:45:00,40.7106,-73.99659,0,0,Unspecified,4566665,16.4,10.0,0.0,0.0,0.0,0.0,0,31.1,56.9,323,Clear sky,0,0,Sunny/Clear Conditions
46037,2022-09-18 13:50:00,40.634373,-73.94185,0,0,Unspecified,4566945,28.7,17.1,0.0,0.0,0.0,0.0,3,20.2,36.7,233,Overcast,0,0,
46038,2022-09-22 02:08:00,40.68405,-73.97746,0,0,Driver Inattention/Distraction,4567261,24.9,14.3,9.1,9.1,0.0,7.0,63,24.6,44.6,273,Rain: Moderate,0,0,
46039,2022-09-13 21:30:00,40.702137,-73.74222,1,0,Unspecified,4567088,26.0,20.5,8.3,8.3,0.0,16.0,61,19.5,33.8,219,Rain: Light,1,1,
46040,2022-09-17 21:20:00,40.862392,-73.91802,0,0,Passing Too Closely,4567100,22.9,16.8,0.0,0.0,0.0,0.0,3,16.9,32.0,115,Overcast,0,0,
46041,2022-09-23 01:55:00,40.744953,-73.90773,1,0,Outside Car Distraction,4566714,16.4,10.0,0.0,0.0,0.0,0.0,0,31.1,56.9,323,Clear sky,1,1,Sunny/Clear Conditions
46042,2022-09-22 14:52:00,40.623882,-73.9782,0,0,Driver Inattention/Distraction,4566582,24.9,14.3,9.1,9.1,0.0,7.0,63,24.6,44.6,273,Rain: Moderate,0,0,
46043,2022-09-15 09:16:00,40.61009,-74.13584,0,0,Unspecified,4566870,21.9,15.6,0.0,0.0,0.0,0.0,1,18.2,37.1,328,Mainly clear,0,0,Sunny/Clear Conditions
46044,2022-09-19 12:00:00,40.73662,-73.94993,0,0,Unspecified,4567296,30.1,19.0,4.9,4.9,0.0,3.0,63,22.4,44.3,241,Rain: Moderate,0,0,
46045,2022-09-21 15:00:00,40.728104,-73.979004,1,0,Failure to Yield Right-of-Way,4566906,26.5,16.0,0.0,0.0,0.0,0.0,3,19.4,36.7,252,Overcast,1,1,
46046,2022-09-17 22:19:00,40.71143,-73.72845,2,0,Unspecified,4566790,22.9,16.8,0.0,0.0,0.0,0.0,3,16.9,32.0,115,Overcast,2,2,
46047,2022-09-11 16:42:00,40.818604,-73.88917,0,0,Driver Inexperience,4566965,24.5,18.9,12.9,12.9,0.0,13.0,61,12.4,22.0,205,Rain: Light,0,0,
46048,2022-09-18 06:40:00,40.63135,-74.01895,0,0,Unsafe Speed,4566709,28.7,17.1,0.0,0.0,0.0,0.0,3,20.2,36.7,233,Overcast,0,0,
46049,2022-09-11 19:14:00,40.905735,-73.849396,2,0,Pavement Slippery,4567078,24.5,18.9,12.9,12.9,0.0,13.0,61,12.4,22.0,205,Rain: Light,2,2,
46050,2022-09-23 17:17:00,40.66252,-73.84071,1,0,Failure to Yield Right-of-Way,4567227,16.4,10.0,0.0,0.0,0.0,0.0,0,31.1,56.9,323,Clear sky,1,1,Sunny/Clear Conditions
46051,2022-09-21 05:20:00,40.675076,-73.98801,1,0,Unsafe Speed,4566253,26.5,16.0,0.0,0.0,0.0,0.0,3,19.4,36.7,252,Overcast,1,1,
46052,2022-09-21 07:20:00,40.729515,-73.8715,0,0,Driver Inattention/Distraction,4565977,26.5,16.0,0.0,0.0,0.0,0.0,3,19.4,36.7,252,Overcast,0,0,
46053,2022-09-22 09:30:00,40.75224,-73.820854,0,0,Brakes Defective,4566330,24.9,14.3,9.1,9.1,0.0,7.0,63,24.6,44.6,273,Rain: Moderate,0,0,
46054,2022-09-21 22:45:00,40.632835,-74.02724,0,0,Following Too Closely,4566420,26.5,16.0,0.0,0.0,0.0,0.0,3,19.4,36.7,252,Overcast,0,0,
46055,2022-09-20 17:10:00,40.737244,-73.95579,0,0,Other Vehicular,4567283,25.7,17.7,0.0,0.0,0.0,0.0,3,19.0,35.3,296,Overcast,0,0,
46056,2022-09-21 18:10:00,40.74108,-73.960785,0,0,Driver Inattention/Distraction,4566148,26.5,16.0,0.0,0.0,0.0,0.0,3,19.4,36.7,252,Overcast,0,0,
46057,2022-09-21 10:15:00,40.744453,-73.92983,0,0,Driver Inattention/Distraction,4566138,26.5,16.0,0.0,0.0,0.0,0.0,3,19.4,36.7,252,Overcast,0,0,
46058,2022-09-20 19:30:00,40.655712,-73.958855,0,0,Unspecified,4566085,25.7,17.7,0.0,0.0,0.0,0.0,3,19.0,35.3,296,Overcast,0,0,
46059,2022-04-01 16:50:00,40.790253,-73.94564,0,1,Pedestrian/Bicyclist/Other Pedestrian Error/Confusion,4515533,15.2,5.3,1.4,1.4,0.0,8.0,51,33.1,61.9,277,Drizzle: Light,20,1,
46060,2022-04-04 08:00:00,40.625034,-74.0061,1,0,Driver Inattention/Distraction,4516221,12.2,2.6,0.1,0.1,0.0,1.0,51,23.7,41.4,304,Drizzle: Light,1,1,
46061,2022-04-07 20:20:00,40.677044,-73.972374,0,0,Passing Too Closely,4517675,11.5,5.6,74.1,74.1,0.0,14.0,65,35.0,64.8,98,Rain: Heavy,0,0,
46062,2022-04-06 19:00:00,40.67665,-74.01618,0,0,Unspecified,4516842,12.5,6.2,17.5,17.5,0.0,14.0,61,31.2,62.3,55,Rain: Light,0,0,
46063,2022-04-01 06:00:00,40.72425,-73.75354,0,0,Pavement Slippery,4517640,15.2,5.3,1.4,1.4,0.0,8.0,51,33.1,61.9,277,Drizzle: Light,0,0,
46064,2022-09-22 06:20:00,40.682423,-73.97069,2,0,Failure to Yield Right-of-Way,4566362,24.9,14.3,9.1,9.1,0.0,7.0,63,24.6,44.6,273,Rain: Moderate,2,2,
46065,2022-04-08 04:50:00,40.689445,-73.95513,1,0,Following Too Closely,4517407,16.5,7.1,5.2,5.2,0.0,4.0,63,21.3,42.8,253,Rain: Moderate,1,1,
46066,2022-04-08 11:54:00,40.710724,-73.77058,1,0,Passing or Lane Usage Improper,4517259,16.5,7.1,5.2,5.2,0.0,4.0,63,21.3,42.8,253,Rain: Moderate,1,1,
46067,2022-04-08 06:30:00,40.784676,-73.83764,1,0,Failure to Yield Right-of-Way,4517245,16.5,7.1,5.2,5.2,0.0,4.0,63,21.3,42.8,253,Rain: Moderate,1,1,
46068,2022-04-08 02:00:00,40.686226,-73.9124,0,0,Unsafe Speed,4517639,16.5,7.1,5.2,5.2,0.0,4.0,63,21.3,42.8,253,Rain: Moderate,0,0,
46069,2022-04-07 20:05:00,40.701912,-73.93699,1,0,Failure to Yield Right-of-Way,4517154,11.5,5.6,74.1,74.1,0.0,14.0,65,35.0,64.8,98,Rain: Heavy,1,1,
46070,2022-04-08 18:50:00,40.688614,-73.989174,0,0,Driver Inattention/Distraction,4517468,16.5,7.1,5.2,5.2,0.0,4.0,63,21.3,42.8,253,Rain: Moderate,0,0,
46071,2022-04-08 00:48:00,40.596615,-73.97652,0,0,Driver Inattention/Distraction,4517393,16.5,7.1,5.2,5.2,0.0,4.0,63,21.3,42.8,253,Rain: Moderate,0,0,
46072,2022-04-06 13:15:00,40.526264,-74.20153,0,0,Unspecified,4517137,12.5,6.2,17.5,17.5,0.0,14.0,61,31.2,62.3,55,Rain: Light,0,0,
46073,2022-04-06 00:00:00,40.691452,-73.733955,0,0,Unspecified,4516626,12.5,6.2,17.5,17.5,0.0,14.0,61,31.2,62.3,55,Rain: Light,0,0,
46074,2022-04-07 14:51:00,40.63178,-73.945625,0,0,Turning Improperly,4517534,11.5,5.6,74.1,74.1,0.0,14.0,65,35.0,64.8,98,Rain: Heavy,0,0,
46075,2022-04-08 09:00:00,40.89487,-73.85657,1,0,Failure to Yield Right-of-Way,4517708,16.5,7.1,5.2,5.2,0.0,4.0,63,21.3,42.8,253,Rain: Moderate,1,1,
46076,2022-04-06 05:30:00,40.68719,-73.974625,1,0,Driver Inattention/Distraction,4516877,12.5,6.2,17.5,17.5,0.0,14.0,61,31.2,62.3,55,Rain: Light,1,1,
46077,2022-04-07 19:40:00,40.686203,-73.950745,0,0,Following Too Closely,4517409,11.5,5.6,74.1,74.1,0.0,14.0,65,35.0,64.8,98,Rain: Heavy,0,0,
46078,2022-04-08 03:05:00,40.76217,-73.7568,0,0,Driver Inattention/Distraction,4517264,16.5,7.1,5.2,5.2,0.0,4.0,63,21.3,42.8,253,Rain: Moderate,0,0,
46079,2022-04-08 17:55:00,40.675735,-73.89686,1,0,Unspecified,4517320,16.5,7.1,5.2,5.2,0.0,4.0,63,21.3,42.8,253,Rain: Moderate,1,1,
46080,2022-04-07 10:30:00,40.892525,-73.85962,0,0,Passing Too Closely,4517047,11.5,5.6,74.1,74.1,0.0,14.0,65,35.0,64.8,98,Rain: Heavy,0,0,
46081,2022-04-04 16:00:00,40.830666,-73.89064,0,0,Passing Too Closely,4517477,12.2,2.6,0.1,0.1,0.0,1.0,51,23.7,41.4,304,Drizzle: Light,0,0,
46082,2022-04-08 15:00:00,40.66827,-73.90263,0,0,Unspecified,4517571,16.5,7.1,5.2,5.2,0.0,4.0,63,21.3,42.8,253,Rain: Moderate,0,0,
46083,2022-04-08 16:00:00,40.612377,-74.13324,0,0,Driver Inattention/Distraction,4517946,16.5,7.1,5.2,5.2,0.0,4.0,63,21.3,42.8,253,Rain: Moderate,0,0,
46084,2022-04-06 04:28:00,40.71976,-73.94476,0,0,Unspecified,4516920,12.5,6.2,17.5,17.5,0.0,14.0,61,31.2,62.3,55,Rain: Light,0,0,
46085,2022-04-08 15:12:00,40.698376,-73.983055,1,0,Turning Improperly,4517735,16.5,7.1,5.2,5.2,0.0,4.0,63,21.3,42.8,253,Rain: Moderate,1,1,
46086,2022-04-02 00:10:00,40.707226,-73.804504,1,0,Following Too Closely,4517869,11.1,1.4,0.0,0.0,0.0,0.0,3,26.3,47.9,286,Overcast,1,1,
46087,2022-09-17 06:50:00,40.84519,-73.9112,1,0,Driver Inattention/Distraction,4566527,22.9,16.8,0.0,0.0,0.0,0.0,3,16.9,32.0,115,Overcast,1,1,
46088,2021-10-20 17:00:00,40.699521,-73.9898046,0,0,Unspecified,4469874,24.1,13.8,0.0,0.0,0.0,0.0,3,21.6,37.1,276,Overcast,0,0,
46089,2022-04-07 20:08:00,40.74445,-73.97304,0,0,Failure to Yield Right-of-Way,4517119,11.5,5.6,74.1,74.1,0.0,14.0,65,35.0,64.8,98,Rain: Heavy,0,0,
46090,2022-04-07 14:52:00,40.702667,-73.86516,0,0,Unsafe Lane Changing,4517187,11.5,5.6,74.1,74.1,0.0,14.0,65,35.0,64.8,98,Rain: Heavy,0,0,
46091,2022-04-07 19:40:00,40.652767,-73.8863,0,0,Driver Inattention/Distraction,4517220,11.5,5.6,74.1,74.1,0.0,14.0,65,35.0,64.8,98,Rain: Heavy,0,0,
46092,2022-04-06 06:45:00,40.71373,-74.01385,0,0,Unspecified,4517897,12.5,6.2,17.5,17.5,0.0,14.0,61,31.2,62.3,55,Rain: Light,0,0,
46093,2022-04-06 03:47:00,40.808334,-73.940865,1,0,Illnes,4516691,12.5,6.2,17.5,17.5,0.0,14.0,61,31.2,62.3,55,Rain: Light,1,1,
46094,2022-04-08 17:05:00,40.69297,-73.78024,1,0,Unsafe Speed,4517365,16.5,7.1,5.2,5.2,0.0,4.0,63,21.3,42.8,253,Rain: Moderate,1,1,
46095,2022-04-06 18:00:00,40.639145,-73.98427,0,0,Unspecified,4516932,12.5,6.2,17.5,17.5,0.0,14.0,61,31.2,62.3,55,Rain: Light,0,0,
46096,2022-04-08 01:20:00,40.70823,-73.94165,0,0,Driver Inattention/Distraction,4517152,16.5,7.1,5.2,5.2,0.0,4.0,63,21.3,42.8,253,Rain: Moderate,0,0,
46097,2022-04-08 07:51:00,40.7431,-73.974014,1,0,Driver Inattention/Distraction,4517291,16.5,7.1,5.2,5.2,0.0,4.0,63,21.3,42.8,253,Rain: Moderate,1,1,
46098,2022-04-08 17:30:00,40.711765,-73.80812,0,0,Driver Inattention/Distraction,4517353,16.5,7.1,5.2,5.2,0.0,4.0,63,21.3,42.8,253,Rain: Moderate,0,0,
46099,2022-04-04 11:50:00,40.730564,-73.99052,1,0,Failure to Yield Right-of-Way,4517688,12.2,2.6,0.1,0.1,0.0,1.0,51,23.7,41.4,304,Drizzle: Light,1,1,
46100,2022-04-08 14:40:00,40.753,-73.825516,0,0,Passing or Lane Usage Improper,4517455,16.5,7.1,5.2,5.2,0.0,4.0,63,21.3,42.8,253,Rain: Moderate,0,0,
46101,2022-04-07 21:28:00,40.64715,-73.916214,0,0,Unspecified,4517621,11.5,5.6,74.1,74.1,0.0,14.0,65,35.0,64.8,98,Rain: Heavy,0,0,
46102,2022-04-08 07:30:00,40.895374,-73.86356,2,0,Turning Improperly,4517723,16.5,7.1,5.2,5.2,0.0,4.0,63,21.3,42.8,253,Rain: Moderate,2,2,
46103,2022-04-06 18:00:00,40.689476,-73.99036,0,0,Unspecified,4517103,12.5,6.2,17.5,17.5,0.0,14.0,61,31.2,62.3,55,Rain: Light,0,0,
46104,2022-04-08 16:27:00,40.717175,-74.01288,0,0,Unspecified,4517593,16.5,7.1,5.2,5.2,0.0,4.0,63,21.3,42.8,253,Rain: Moderate,0,0,
46105,2022-04-06 00:08:00,40.685963,-73.85654,1,0,Following Too Closely,4516709,12.5,6.2,17.5,17.5,0.0,14.0,61,31.2,62.3,55,Rain: Light,1,1,
46106,2022-04-08 13:40:00,40.552807,-74.21822,0,0,Other Vehicular,4517297,16.5,7.1,5.2,5.2,0.0,4.0,63,21.3,42.8,253,Rain: Moderate,0,0,
46107,2022-04-08 10:45:00,40.815475,-73.903305,0,0,Unspecified,4517296,16.5,7.1,5.2,5.2,0.0,4.0,63,21.3,42.8,253,Rain: Moderate,0,0,
46108,2022-04-06 08:00:00,40.576504,-74.1037,0,0,Driver Inattention/Distraction,4516823,12.5,6.2,17.5,17.5,0.0,14.0,61,31.2,62.3,55,Rain: Light,0,0,
46109,2022-04-08 13:50:00,40.71423,-73.81646,0,0,Driver Inattention/Distraction,4517522,16.5,7.1,5.2,5.2,0.0,4.0,63,21.3,42.8,253,Rain: Moderate,0,0,
46110,2022-04-06 20:58:00,40.737553,-73.85089,0,0,Following Too Closely,4516985,12.5,6.2,17.5,17.5,0.0,14.0,61,31.2,62.3,55,Rain: Light,0,0,
46111,2022-04-08 16:23:00,40.629505,-73.94416,1,0,Passing Too Closely,4517436,16.5,7.1,5.2,5.2,0.0,4.0,63,21.3,42.8,253,Rain: Moderate,1,1,
46112,2022-04-08 17:14:00,40.72404,-73.93606,2,0,Following Too Closely,4517826,16.5,7.1,5.2,5.2,0.0,4.0,63,21.3,42.8,253,Rain: Moderate,2,2,
46113,2022-04-08 13:54:00,40.608463,-73.95631,1,0,Driver Inattention/Distraction,4517397,16.5,7.1,5.2,5.2,0.0,4.0,63,21.3,42.8,253,Rain: Moderate,1,1,
46114,2022-04-03 15:32:00,40.806843,-73.88434,0,0,Driver Inattention/Distraction,4517761,8.3,3.4,3.1,3.1,0.0,5.0,61,21.9,38.2,274,Rain: Light,0,0,
46115,2022-04-08 16:59:00,40.686264,-73.9567,0,0,Driver Inattention/Distraction,4517910,16.5,7.1,5.2,5.2,0.0,4.0,63,21.3,42.8,253,Rain: Moderate,0,0,
46116,2022-04-07 14:40:00,40.720222,-74.00606,0,0,Passing Too Closely,4517252,11.5,5.6,74.1,74.1,0.0,14.0,65,35.0,64.8,98,Rain: Heavy,0,0,
46117,2022-04-08 15:18:00,40.71277,-73.94749,0,0,Driver Inattention/Distraction,4517499,16.5,7.1,5.2,5.2,0.0,4.0,63,21.3,42.8,253,Rain: Moderate,0,0,
46118,2022-04-06 22:00:00,40.831287,-73.88173,0,0,Unspecified,4517005,12.5,6.2,17.5,17.5,0.0,14.0,61,31.2,62.3,55,Rain: Light,0,0,
46119,2022-04-05 11:30:00,40.88415,-73.82607,0,0,Unsafe Lane Changing,4517713,12.1,1.0,1.7,1.7,0.0,3.0,53,16.8,32.8,121,Drizzle: Moderate,0,0,
46120,2022-04-07 10:40:00,40.66239,-73.88594,1,0,Unspecified,4517053,11.5,5.6,74.1,74.1,0.0,14.0,65,35.0,64.8,98,Rain: Heavy,1,1,
46121,2022-04-08 17:18:00,40.66675,-73.779945,1,0,Failure to Yield Right-of-Way,4517316,16.5,7.1,5.2,5.2,0.0,4.0,63,21.3,42.8,253,Rain: Moderate,1,1,
46122,2022-04-07 11:07:00,40.726116,-74.0016,0,0,Passing Too Closely,4517080,11.5,5.6,74.1,74.1,0.0,14.0,65,35.0,64.8,98,Rain: Heavy,0,0,
46123,2022-04-06 16:10:00,40.68378,-73.789734,0,0,Driver Inattention/Distraction,4516797,12.5,6.2,17.5,17.5,0.0,14.0,61,31.2,62.3,55,Rain: Light,0,0,
46124,2022-04-05 16:13:00,40.675312,-73.777145,1,0,Following Too Closely,4517807,12.1,1.0,1.7,1.7,0.0,3.0,53,16.8,32.8,121,Drizzle: Moderate,1,1,
46125,2022-04-08 20:05:00,40.693363,-73.96674,1,0,Driver Inattention/Distraction,4517329,16.5,7.1,5.2,5.2,0.0,4.0,63,21.3,42.8,253,Rain: Moderate,1,1,