,CRASH DATETIME,LATITUDE,LONGITUDE,NUMBER OF PERSONS INJURED,NUMBER OF PERSONS KILLED,CONTRIBUTING FACTOR VEHICLE 1,COLLISION_ID,temperature_2m_max,temperature_2m_min,precipitation_sum,rain_sum,snowfall_sum,precipitation_hours,weather_code,wind_speed_10m_max,wind_gusts_10m_max,wind_direction_10m_dominant,Weather Description,Severity_Score,Total_Affected_Persons,Weather_Category
46126,2022-04-06 08:22:00,40.58955,-73.79972,1,0,,4516751,12.5,6.2,17.5,17.5,0.0,14.0,61,31.2,62.3,55,Rain: Light,1,1,
46127,2022-09-17 13:18:00,40.669353,-73.912895,0,0,Unspecified,4567028,22.9,16.8,0.0,0.0,0.0,0.0,3,16.9,32.0,115,Overcast,0,0,
46128,2022-04-05 14:20:00,40.73162,-73.856606,1,0,Driver Inattention/Distraction,4517213,12.1,1.0,1.7,1.7,0.0,3.0,53,16.8,32.8,121,Drizzle: Moderate,1,1,
46129,2022-04-07 17:15:00,40.805737,-73.94065,1,0,Traffic Control Disregarded,4517232,11.5,5.6,74.1,74.1,0.0,14.0,65,35.0,64.8,98,Rain: Heavy,1,1,
46130,2022-04-05 06:40:00,40.824455,-73.886406,0,0,Driver Inattention/Distraction,4517546,12.1,1.0,1.7,1.7,0.0,3.0,53,16.8,32.8,121,Drizzle: Moderate,0,0,
46131,2022-04-08 16:30:00,40.607883,-74.00696,0,0,Unspecified,4517349,16.5,7.1,5.2,5.2,0.0,4.0,63,21.3,42.8,253,Rain: Moderate,0,0,
46132,2022-04-06 12:00:00,40.83609,-73.87039,0,0,Driver Inattention/Distraction,4516782,12.5,6.2,17.5,17.5,0.0,14.0,61,31.2,62.3,55,Rain: Light,0,0,
46133,2022-04-06 08:51:00,40.681736,-73.805305,0,0,Following Too Closely,4516754,12.5,6.2,17.5,17.5,0.0,14.0,61,31.2,62.3,55,Rain: Light,0,0,
46134,2022-03-15 18:50:00,40.72292,-73.98584,0,0,Passing or Lane Usage Improper,4517684,15.8,3.2,0.0,0.0,0.0,0.0,3,21.5,36.4,211,Overcast,0,0,
46135,2022-04-07 12:33:00,40.71508,-73.73789,0,0,Unspecified,4517162,11.5,5.6,74.1,74.1,0.0,14.0,65,35.0,64.8,98,Rain: Heavy,0,0,
46136,2022-04-07 19:50:00,40.77224,-73.990005,0,0,Unspecified,4517301,11.5,5.6,74.1,74.1,0.0,14.0,65,35.0,64.8,98,Rain: Heavy,0,0,
46137,2022-04-06 10:50:00,40.83555,-73.84816,0,0,Other Vehicular,4516810,12.5,6.2,17.5,17.5,0.0,14.0,61,31.2,62.3,55,Rain: Light,0,0,
46138,2022-04-08 08:50:00,40.82806,-73.82859,1,0,Failure to Yield Right-of-Way,4517847,16.5,7.1,5.2,5.2,0.0,4.0,63,21.3,42.8,253,Rain: Moderate,1,1,
46139,2022-04-06 07:27:00,40.824158,-73.87462,0,0,Passing or Lane Usage Improper,4516722,12.5,6.2,17.5,17.5,0.0,14.0,61,31.2,62.3,55,Rain: Light,0,0,
46140,2022-01-13 17:15:00,40.74105,-73.72587,0,0,Unspecified,4494366,7.1,-3.7,0.0,0.0,0.0,0.0,3,9.7,18.7,193,Overcast,0,0,
46141,2021-10-22 13:15:00,40.7199104,-73.8090389,0,0,Backing Unsafely,4469948,20.3,14.4,0.0,0.0,0.0,0.0,3,18.1,31.3,267,Overcast,0,0,
46142,2022-04-08 18:08:00,40.610947,-73.953606,1,0,Driver Inattention/Distraction,4517553,16.5,7.1,5.2,5.2,0.0,4.0,63,21.3,42.8,253,Rain: Moderate,1,1,
46143,2022-04-06 22:30:00,40.687363,-73.99004,0,0,Obstruction/Debris,4517078,12.5,6.2,17.5,17.5,0.0,14.0,61,31.2,62.3,55,Rain: Light,0,0,
46144,2022-04-08 12:15:00,40.71752,-73.95281,0,0,Passing Too Closely,4517836,16.5,7.1,5.2,5.2,0.0,4.0,63,21.3,42.8,253,Rain: Moderate,0,0,
46145,2022-04-06 19:58:00,40.63606,-73.92683,3,0,Driver Inattention/Distraction,4517284,12.5,6.2,17.5,17.5,0.0,14.0,61,31.2,62.3,55,Rain: Light,3,3,
46146,2022-04-08 14:20:00,40.688946,-73.85322,0,0,Aggressive Driving/Road Rage,4517442,16.5,7.1,5.2,5.2,0.0,4.0,63,21.3,42.8,253,Rain: Moderate,0,0,
46147,2022-04-07 00:00:00,40.81527,-73.904434,0,0,Driver Inexperience,4516911,11.5,5.6,74.1,74.1,0.0,14.0,65,35.0,64.8,98,Rain: Heavy,0,0,
46148,2022-04-07 16:40:00,40.767735,-73.9185,0,0,Unsafe Lane Changing,4517579,11.5,5.6,74.1,74.1,0.0,14.0,65,35.0,64.8,98,Rain: Heavy,0,0,
46149,2022-04-08 18:11:00,40.743942,-73.983635,1,0,Passenger Distraction,4517774,16.5,7.1,5.2,5.2,0.0,4.0,63,21.3,42.8,253,Rain: Moderate,1,1,
46150,2022-04-06 12:08:00,40.72469,-73.7541,0,0,Unspecified,4517919,12.5,6.2,17.5,17.5,0.0,14.0,61,31.2,62.3,55,Rain: Light,0,0,
46151,2022-04-06 14:10:00,40.84616,-73.88145,0,0,Other Vehicular,4516939,12.5,6.2,17.5,17.5,0.0,14.0,61,31.2,62.3,55,Rain: Light,0,0,
46152,2022-04-08 09:15:00,40.68648,-73.844925,0,0,Passing Too Closely,4517256,16.5,7.1,5.2,5.2,0.0,4.0,63,21.3,42.8,253,Rain: Moderate,0,0,
46153,2022-04-06 17:35:00,40.608967,-74.12735,0,0,Unspecified,4517095,12.5,6.2,17.5,17.5,0.0,14.0,61,31.2,62.3,55,Rain: Light,0,0,
46154,2022-04-07 18:07:00,40.613136,-73.96838,1,0,Unspecified,4517509,11.5,5.6,74.1,74.1,0.0,14.0,65,35.0,64.8,98,Rain: Heavy,1,1,
46155,2022-03-31 13:25:00,40.7122,-73.86208,0,0,Failure to Yield Right-of-Way,4517383,19.0,3.5,12.0,12.0,0.0,4.0,65,37.8,67.3,194,Rain: Heavy,0,0,
46156,2022-04-07 05:37:00,40.62633,-74.0269,0,0,Driver Inattention/Distraction,4517017,11.5,5.6,74.1,74.1,0.0,14.0,65,35.0,64.8,98,Rain: Heavy,0,0,
46157,2022-04-03 22:42:00,40.749573,-73.98523,1,0,Passing or Lane Usage Improper,4517539,8.3,3.4,3.1,3.1,0.0,5.0,61,21.9,38.2,274,Rain: Light,1,1,
46158,2022-04-07 17:30:00,40.676132,-73.921906,0,0,Driver Inattention/Distraction,4517666,11.5,5.6,74.1,74.1,0.0,14.0,65,35.0,64.8,98,Rain: Heavy,0,0,
46159,2022-04-06 04:35:00,40.60069,-74.010056,1,0,Pavement Slippery,4517086,12.5,6.2,17.5,17.5,0.0,14.0,61,31.2,62.3,55,Rain: Light,1,1,
46160,2022-04-06 08:30:00,40.696823,-73.91487,0,0,Passing Too Closely,4516740,12.5,6.2,17.5,17.5,0.0,14.0,61,31.2,62.3,55,Rain: Light,0,0,
46161,2022-04-08 20:23:00,40.78459,-73.94198,0,0,Unspecified,4517333,16.5,7.1,5.2,5.2,0.0,4.0,63,21.3,42.8,253,Rain: Moderate,0,0,
46162,2022-04-06 12:25:00,40.820187,-73.890686,1,0,Following Too Closely,4516802,12.5,6.2,17.5,17.5,0.0,14.0,61,31.2,62.3,55,Rain: Light,1,1,
46163,2022-04-06 15:05:00,40.788948,-73.94057,0,0,Failure to Keep Right,4516882,12.5,6.2,17.5,17.5,0.0,14.0,61,31.2,62.3,55,Rain: Light,0,0,
46164,2022-04-06 19:38:00,40.74345,-73.9882,1,0,Driver Inattention/Distraction,4517611,12.5,6.2,17.5,17.5,0.0,14.0,61,31.2,62.3,55,Rain: Light,1,1,
46165,2022-04-07 15:00:00,40.83557,-73.8623,0,0,Driver Inattention/Distraction,4517195,11.5,5.6,74.1,74.1,0.0,14.0,65,35.0,64.8,98,Rain: Heavy,0,0,
46166,2022-04-08 22:46:00,40.742474,-73.95277,0,0,Driver Inattention/Distraction,4517328,16.5,7.1,5.2,5.2,0.0,4.0,63,21.3,42.8,253,Rain: Moderate,0,0,
46167,2022-04-07 18:11:00,40.78168,-73.84686,1,0,Failure to Yield Right-of-Way,4517237,11.5,5.6,74.1,74.1,0.0,14.0,65,35.0,64.8,98,Rain: Heavy,1,1,
46168,2021-07-02 06:43:00,40.808807,-73.9107,4,0,Pavement Slippery,4433562,24.3,19.2,29.6,29.6,0.0,23.0,63,14.1,27.7,284,Rain: Moderate,4,4,
46169,2022-04-06 11:30:00,40.819523,-73.848145,0,0,Driver Inattention/Distraction,4517004,12.5,6.2,17.5,17.5,0.0,14.0,61,31.2,62.3,55,Rain: Light,0,0,
46170,2022-04-06 21:10:00,40.707634,-73.96378,1,0,Pedestrian/Bicyclist/Other Pedestrian Error/Confusion,4517130,12.5,6.2,17.5,17.5,0.0,14.0,61,31.2,62.3,55,Rain: Light,1,1,
46171,2022-04-07 23:10:00,40.839622,-73.870285,0,0,Turning Improperly,4517201,11.5,5.6,74.1,74.1,0.0,14.0,65,35.0,64.8,98,Rain: Heavy,0,0,
46172,2022-04-08 13:45:00,40.668438,-73.79012,0,0,Driver Inattention/Distraction,4517364,16.5,7.1,5.2,5.2,0.0,4.0,63,21.3,42.8,253,Rain: Moderate,0,0,
46173,2022-04-06 11:45:00,40.60604,-73.978294,0,0,Failure to Yield Right-of-Way,4516825,12.5,6.2,17.5,17.5,0.0,14.0,61,31.2,62.3,55,Rain: Light,0,0,
46174,2022-03-28 02:10:00,40.76092,-73.96704,1,0,Passing or Lane Usage Improper,4517228,0.0,-5.2,0.3,0.0,0.21,3.0,71,31.3,59.0,303,Snow fall: Light,1,1,Snowy Conditions
46175,2022-04-06 22:46:00,40.665474,-73.9,0,0,Unspecified,4516865,12.5,6.2,17.5,17.5,0.0,14.0,61,31.2,62.3,55,Rain: Light,0,0,
46176,2022-04-07 14:16:00,40.761486,-73.96061,1,0,Driver Inattention/Distraction,4517167,11.5,5.6,74.1,74.1,0.0,14.0,65,35.0,64.8,98,Rain: Heavy,1,1,
46177,2022-04-06 08:00:00,40.677746,-73.73096,0,0,Driver Inexperience,4516763,12.5,6.2,17.5,17.5,0.0,14.0,61,31.2,62.3,55,Rain: Light,0,0,
46178,2022-04-07 19:34:00,40.765423,-73.98582,0,0,Unspecified,4517118,11.5,5.6,74.1,74.1,0.0,14.0,65,35.0,64.8,98,Rain: Heavy,0,0,
46179,2022-04-06 11:08:00,40.75917,-73.92765,1,0,Failure to Yield Right-of-Way,4517400,12.5,6.2,17.5,17.5,0.0,14.0,61,31.2,62.3,55,Rain: Light,1,1,
46180,2022-04-07 09:05:00,40.66901,-73.99678,0,0,Driver Inattention/Distraction,4517421,11.5,5.6,74.1,74.1,0.0,14.0,65,35.0,64.8,98,Rain: Heavy,0,0,
46181,2022-04-08 08:55:00,40.862442,-73.89715,1,0,Failure to Yield Right-of-Way,4517930,16.5,7.1,5.2,5.2,0.0,4.0,63,21.3,42.8,253,Rain: Moderate,1,1,
46182,2022-04-07 06:05:00,40.80119,-73.93003,2,0,Reaction to Uninvolved Vehicle,4517063,11.5,5.6,74.1,74.1,0.0,14.0,65,35.0,64.8,98,Rain: Heavy,2,2,
46183,2022-04-08 12:40:00,40.65431,-73.90975,1,0,Driver Inattention/Distraction,4517587,16.5,7.1,5.2,5.2,0.0,4.0,63,21.3,42.8,253,Rain: Moderate,1,1,
46184,2022-04-08 08:11:00,40.71346,-73.91522,0,0,Driver Inattention/Distraction,4517356,16.5,7.1,5.2,5.2,0.0,4.0,63,21.3,42.8,253,Rain: Moderate,0,0,
46185,2022-04-08 07:45:00,40.674953,-73.80205,0,0,Following Too Closely,4517233,16.5,7.1,5.2,5.2,0.0,4.0,63,21.3,42.8,253,Rain: Moderate,0,0,
46186,2022-04-08 13:35:00,40.69078,-73.72728,0,0,Unsafe Speed,4517288,16.5,7.1,5.2,5.2,0.0,4.0,63,21.3,42.8,253,Rain: Moderate,0,0,
46187,2022-03-31 22:40:00,40.670734,-73.93373,3,0,Unspecified,4517634,19.0,3.5,12.0,12.0,0.0,4.0,65,37.8,67.3,194,Rain: Heavy,3,3,
46188,2022-04-07 12:27:00,40.605213,-74.12084,1,0,Failure to Yield Right-of-Way,4517113,11.5,5.6,74.1,74.1,0.0,14.0,65,35.0,64.8,98,Rain: Heavy,1,1,
46189,2022-04-07 23:30:00,40.678326,-73.97203,1,0,Failure to Yield Right-of-Way,4517676,11.5,5.6,74.1,74.1,0.0,14.0,65,35.0,64.8,98,Rain: Heavy,1,1,
46190,2022-04-07 16:20:00,40.66874,-73.99668,1,0,Backing Unsafely,4517158,11.5,5.6,74.1,74.1,0.0,14.0,65,35.0,64.8,98,Rain: Heavy,1,1,
46191,2022-04-08 20:20:00,40.747444,-73.71501,1,0,Driver Inattention/Distraction,4517413,16.5,7.1,5.2,5.2,0.0,4.0,63,21.3,42.8,253,Rain: Moderate,1,1,
46192,2022-04-06 17:03:00,40.721992,-73.93652,0,0,Unspecified,4516907,12.5,6.2,17.5,17.5,0.0,14.0,61,31.2,62.3,55,Rain: Light,0,0,
46193,2022-04-08 00:30:00,40.620876,-74.00072,0,0,Unspecified,4517141,16.5,7.1,5.2,5.2,0.0,4.0,63,21.3,42.8,253,Rain: Moderate,0,0,
46194,2021-10-22 18:30:00,40.872494,-73.8814629,0,0,,4470026,20.3,14.4,0.0,0.0,0.0,0.0,3,18.1,31.3,267,Overcast,0,0,
46195,2022-04-06 01:03:00,40.736885,-73.978546,1,0,Failure to Yield Right-of-Way,4516933,12.5,6.2,17.5,17.5,0.0,14.0,61,31.2,62.3,55,Rain: Light,1,1,
46196,2022-04-08 16:50:00,40.770817,-73.82192,1,0,Backing Unsafely,4517458,16.5,7.1,5.2,5.2,0.0,4.0,63,21.3,42.8,253,Rain: Moderate,1,1,
46197,2022-04-03 22:50:00,40.763863,-73.92248,0,0,Alcohol Involvement,4517260,8.3,3.4,3.1,3.1,0.0,5.0,61,21.9,38.2,274,Rain: Light,0,0,
46198,2022-04-08 07:00:00,40.633354,-73.95081,0,0,Unspecified,4517558,16.5,7.1,5.2,5.2,0.0,4.0,63,21.3,42.8,253,Rain: Moderate,0,0,
46199,2022-04-06 14:40:00,40.716354,-73.78419,1,0,Driver Inattention/Distraction,4516872,12.5,6.2,17.5,17.5,0.0,14.0,61,31.2,62.3,55,Rain: Light,1,1,
46200,2022-04-01 15:30:00,40.70456,-73.856735,6,0,Failure to Yield Right-of-Way,4517265,15.2,5.3,1.4,1.4,0.0,8.0,51,33.1,61.9,277,Drizzle: Light,6,6,
46201,2021-08-09 18:41:00,40.773808,-73.8929,1,0,Unspecified,4517408,26.2,20.1,1.1,1.1,0.0,7.0,51,17.3,34.6,36,Drizzle: Light,1,1,
46202,2022-09-23 19:09:00,40.708324,-73.84314,0,0,Following Too Closely,4566692,16.4,10.0,0.0,0.0,0.0,0.0,0,31.1,56.9,323,Clear sky,0,0,Sunny/Clear Conditions
46203,2022-04-07 08:55:00,40.79486,-73.94649,0,0,Driver Inattention/Distraction,4516992,11.5,5.6,74.1,74.1,0.0,14.0,65,35.0,64.8,98,Rain: Heavy,0,0,
46204,2022-04-08 14:30:00,40.871243,-73.899315,1,0,,4517309,16.5,7.1,5.2,5.2,0.0,4.0,63,21.3,42.8,253,Rain: Moderate,1,1,
46205,2022-04-07 19:55:00,40.811264,-73.95782,0,0,Failure to Yield Right-of-Way,4517740,11.5,5.6,74.1,74.1,0.0,14.0,65,35.0,64.8,98,Rain: Heavy,0,0,
46206,2022-04-06 05:30:00,40.749336,-73.90671,0,0,Unspecified,4516829,12.5,6.2,17.5,17.5,0.0,14.0,61,31.2,62.3,55,Rain: Light,0,0,
46207,2022-04-08 20:15:00,40.694,-73.92351,0,0,Driver Inattention/Distraction,4517646,16.5,7.1,5.2,5.2,0.0,4.0,63,21.3,42.8,253,Rain: Moderate,0,0,
46208,2022-04-08 08:39:00,40.69854,-73.94116,2,0,Failure to Yield Right-of-Way,4517748,16.5,7.1,5.2,5.2,0.0,4.0,63,21.3,42.8,253,Rain: Moderate,2,2,
46209,2022-04-07 20:00:00,40.727207,-73.90742,1,0,Driver Inattention/Distraction,4517123,11.5,5.6,74.1,74.1,0.0,14.0,65,35.0,64.8,98,Rain: Heavy,1,1,
46210,2022-03-30 08:30:00,40.852337,-73.86393,0,0,Unspecified,4517205,5.9,-3.5,0.0,0.0,0.0,0.0,3,17.0,30.6,215,Overcast,0,0,
46211,2022-04-04 19:39:00,40.76812,-73.93169,0,0,Passing Too Closely,4517370,12.2,2.6,0.1,0.1,0.0,1.0,51,23.7,41.4,304,Drizzle: Light,0,0,
46212,2022-04-06 22:40:00,40.68978,-73.98139,0,0,Driver Inattention/Distraction,4516878,12.5,6.2,17.5,17.5,0.0,14.0,61,31.2,62.3,55,Rain: Light,0,0,
46213,2022-04-06 06:55:00,40.661575,-73.90868,0,0,Driver Inattention/Distraction,4516954,12.5,6.2,17.5,17.5,0.0,14.0,61,31.2,62.3,55,Rain: Light,0,0,
46214,2022-04-08 00:00:00,40.724457,-73.98472,0,0,Backing Unsafely,4517693,16.5,7.1,5.2,5.2,0.0,4.0,63,21.3,42.8,253,Rain: Moderate,0,0,
46215,2022-04-06 17:30:00,40.708614,-74.00938,0,0,Unspecified,4516921,12.5,6.2,17.5,17.5,0.0,14.0,61,31.2,62.3,55,Rain: Light,0,0,
46216,2022-04-07 11:15:00,40.738045,-73.87724,0,0,Unspecified,4517148,11.5,5.6,74.1,74.1,0.0,14.0,65,35.0,64.8,98,Rain: Heavy,0,0,
46217,2022-04-08 23:50:00,40.752563,-73.90526,1,0,Driver Inattention/Distraction,4517341,16.5,7.1,5.2,5.2,0.0,4.0,63,21.3,42.8,253,Rain: Moderate,1,1,
46218,2022-09-22 23:30:00,40.84023,-73.880104,1,0,Traffic Control Disregarded,4567310,24.9,14.3,9.1,9.1,0.0,7.0,63,24.6,44.6,273,Rain: Moderate,1,1,
46219,2021-10-22 07:20:00,40.8120666,-73.8957823,0,0,Unspecified,4470066,20.3,14.4,0.0,0.0,0.0,0.0,3,18.1,31.3,267,Overcast,0,0,
46220,2022-04-08 00:53:00,40.846577,-73.913155,1,0,Pavement Defective,4517176,16.5,7.1,5.2,5.2,0.0,4.0,63,21.3,42.8,253,Rain: Moderate,1,1,
46221,2022-04-08 15:30:00,40.75097,-73.825775,1,0,Passing or Lane Usage Improper,4517451,16.5,7.1,5.2,5.2,0.0,4.0,63,21.3,42.8,253,Rain: Moderate,1,1,
46222,2022-04-07 08:34:00,40.835285,-73.90076,0,0,Other Vehicular,4517481,11.5,5.6,74.1,74.1,0.0,14.0,65,35.0,64.8,98,Rain: Heavy,0,0,
46223,2022-04-08 09:06:00,40.680244,-73.87661,1,0,Unspecified,4517224,16.5,7.1,5.2,5.2,0.0,4.0,63,21.3,42.8,253,Rain: Moderate,1,1,
46224,2022-04-06 05:46:00,40.67624,-73.866104,0,0,Unspecified,4516857,12.5,6.2,17.5,17.5,0.0,14.0,61,31.2,62.3,55,Rain: Light,0,0,
46225,2022-04-06 15:40:00,40.732887,-73.920586,0,0,Driver Inattention/Distraction,4517107,12.5,6.2,17.5,17.5,0.0,14.0,61,31.2,62.3,55,Rain: Light,0,0,
46226,2022-04-07 18:30:00,40.675602,-73.89973,1,0,Aggressive Driving/Road Rage,4517219,11.5,5.6,74.1,74.1,0.0,14.0,65,35.0,64.8,98,Rain: Heavy,1,1,
46227,2022-04-07 12:16:00,40.76258,-73.91387,0,0,Failure to Yield Right-of-Way,4517204,11.5,5.6,74.1,74.1,0.0,14.0,65,35.0,64.8,98,Rain: Heavy,0,0,
46228,2022-04-08 02:31:00,40.738598,-73.79523,0,0,Pavement Slippery,4517136,16.5,7.1,5.2,5.2,0.0,4.0,63,21.3,42.8,253,Rain: Moderate,0,0,
46229,2022-04-03 05:12:00,40.753742,-73.92984,0,0,Unspecified,4517369,8.3,3.4,3.1,3.1,0.0,5.0,61,21.9,38.2,274,Rain: Light,0,0,
46230,2022-04-07 22:20:00,40.701862,-73.94383,0,0,Driver Inattention/Distraction,4517153,11.5,5.6,74.1,74.1,0.0,14.0,65,35.0,64.8,98,Rain: Heavy,0,0,
46231,2022-04-06 15:18:00,40.75416,-73.94941,1,0,Driver Inattention/Distraction,4516828,12.5,6.2,17.5,17.5,0.0,14.0,61,31.2,62.3,55,Rain: Light,1,1,
46232,2022-04-05 16:00:00,40.528,-74.23547,0,0,Backing Unsafely,4517292,12.1,1.0,1.7,1.7,0.0,3.0,53,16.8,32.8,121,Drizzle: Moderate,0,0,
46233,2022-04-06 16:30:00,40.680218,-73.97789,1,0,Following Too Closely,4516924,12.5,6.2,17.5,17.5,0.0,14.0,61,31.2,62.3,55,Rain: Light,1,1,
46234,2022-04-08 17:25:00,40.784187,-73.84582,1,0,Passing or Lane Usage Improper,4517456,16.5,7.1,5.2,5.2,0.0,4.0,63,21.3,42.8,253,Rain: Moderate,1,1,
46235,2022-04-05 23:19:00,40.727104,-73.80509,1,0,Driver Inattention/Distraction,4517352,12.1,1.0,1.7,1.7,0.0,3.0,53,16.8,32.8,121,Drizzle: Moderate,1,1,
46236,2022-04-08 15:45:00,40.890133,-73.81974,1,0,Driver Inattention/Distraction,4517725,16.5,7.1,5.2,5.2,0.0,4.0,63,21.3,42.8,253,Rain: Moderate,1,1,
46237,2022-04-07 20:46:00,40.838013,-73.88669,0,0,Pavement Slippery,4517483,11.5,5.6,74.1,74.1,0.0,14.0,65,35.0,64.8,98,Rain: Heavy,0,0,
46238,2022-04-08 14:50:00,40.749725,-73.98363,1,0,Driver Inattention/Distraction,4517694,16.5,7.1,5.2,5.2,0.0,4.0,63,21.3,42.8,253,Rain: Moderate,1,1,
46239,2022-04-08 16:52:00,40.699524,-73.95236,1,0,Driver Inattention/Distraction,4517515,16.5,7.1,5.2,5.2,0.0,4.0,63,21.3,42.8,253,Rain: Moderate,1,1,
46240,2022-04-06 15:28:00,40.71321,-73.78153,0,0,Unspecified,4516873,12.5,6.2,17.5,17.5,0.0,14.0,61,31.2,62.3,55,Rain: Light,0,0,
46241,2022-04-08 14:30:00,40.704006,-73.82537,0,0,Unspecified,4517293,16.5,7.1,5.2,5.2,0.0,4.0,63,21.3,42.8,253,Rain: Moderate,0,0,
46242,2022-04-07 21:35:00,40.619926,-74.01298,0,0,Steering Failure,4517122,11.5,5.6,74.1,74.1,0.0,14.0,65,35.0,64.8,98,Rain: Heavy,0,0,
46243,2022-04-02 23:23:00,40.584625,-73.94713,0,0,Driver Inattention/Distraction,4517278,11.1,1.4,0.0,0.0,0.0,0.0,3,26.3,47.9,286,Overcast,0,0,
46244,2022-09-18 03:35:00,40.758972,-73.91901,1,0,Failure to Yield Right-of-Way,4566755,28.7,17.1,0.0,0.0,0.0,0.0,3,20.2,36.7,233,Overcast,1,1,
46245,2022-04-06 18:00:00,40.755737,-73.97836,1,0,Other Vehicular,4516898,12.5,6.2,17.5,17.5,0.0,14.0,61,31.2,62.3,55,Rain: Light,1,1,
46246,2022-04-08 16:30:00,40.655743,-73.85908,1,0,Following Too Closely,4517825,16.5,7.1,5.2,5.2,0.0,4.0,63,21.3,42.8,253,Rain: Moderate,1,1,
46247,2022-04-08 08:20:00,40.88949,-73.90965,0,0,Turning Improperly,4517246,16.5,7.1,5.2,5.2,0.0,4.0,63,21.3,42.8,253,Rain: Moderate,0,0,
46248,2022-04-08 14:44:00,40.60339,-73.75133,0,0,Unspecified,4517909,16.5,7.1,5.2,5.2,0.0,4.0,63,21.3,42.8,253,Rain: Moderate,0,0,
46249,2022-04-02 19:00:00,40.849407,-73.900894,1,0,Traffic Control Disregarded,4517214,11.1,1.4,0.0,0.0,0.0,0.0,3,26.3,47.9,286,Overcast,1,1,
46250,2022-04-07 23:16:00,40.76118,-73.95791,0,0,Turning Improperly,4517166,11.5,5.6,74.1,74.1,0.0,14.0,65,35.0,64.8,98,Rain: Heavy,0,0,
46251,2022-04-07 09:10:00,40.687748,-73.980125,0,0,Unsafe Lane Changing,4517261,11.5,5.6,74.1,74.1,0.0,14.0,65,35.0,64.8,98,Rain: Heavy,0,0,
46252,2022-04-06 12:00:00,40.70604,-73.94129,2,0,Traffic Control Disregarded,4516761,12.5,6.2,17.5,17.5,0.0,14.0,61,31.2,62.3,55,Rain: Light,2,2,
46253,2022-04-06 12:25:00,40.81478,-73.863335,1,0,Failure to Yield Right-of-Way,4516783,12.5,6.2,17.5,17.5,0.0,14.0,61,31.2,62.3,55,Rain: Light,1,1,
46254,2022-04-07 18:38:00,40.848667,-73.939186,1,0,Driver Inattention/Distraction,4517597,11.5,5.6,74.1,74.1,0.0,14.0,65,35.0,64.8,98,Rain: Heavy,1,1,
46255,2022-04-07 08:52:00,40.65063,-73.94664,1,0,Backing Unsafely,4517024,11.5,5.6,74.1,74.1,0.0,14.0,65,35.0,64.8,98,Rain: Heavy,1,1,
46256,2022-04-08 14:02:00,40.762093,-73.75691,0,0,Driver Inattention/Distraction,4517541,16.5,7.1,5.2,5.2,0.0,4.0,63,21.3,42.8,253,Rain: Moderate,0,0,
46257,2022-03-28 16:45:00,40.671608,-73.91695,1,0,Following Too Closely,4517304,0.0,-5.2,0.3,0.0,0.21,3.0,71,31.3,59.0,303,Snow fall: Light,1,1,Snowy Conditions
46258,2022-03-13 05:37:00,40.874157,-73.899445,0,0,Driverless/Runaway Vehicle,4517209,2.8,-6.1,0.2,0.0,0.14,2.0,71,33.5,62.6,267,Snow fall: Light,0,0,Snowy Conditions
46259,2022-04-06 02:30:00,40.713535,-73.96731,0,0,Passing or Lane Usage Improper,4516843,12.5,6.2,17.5,17.5,0.0,14.0,61,31.2,62.3,55,Rain: Light,0,0,
46260,2022-04-08 18:00:00,40.83112,-73.94786,0,0,Backing Unsafely,4517336,16.5,7.1,5.2,5.2,0.0,4.0,63,21.3,42.8,253,Rain: Moderate,0,0,
46261,2022-04-07 15:55:00,40.825912,-73.83647,0,0,Unspecified,4517089,11.5,5.6,74.1,74.1,0.0,14.0,65,35.0,64.8,98,Rain: Heavy,0,0,
46262,2022-04-05 22:14:00,40.768795,-73.78583,0,0,Driver Inattention/Distraction,4517319,12.1,1.0,1.7,1.7,0.0,3.0,53,16.8,32.8,121,Drizzle: Moderate,0,0,
46263,2022-04-08 15:15:00,40.689857,-73.92535,0,0,Following Too Closely,4517749,16.5,7.1,5.2,5.2,0.0,4.0,63,21.3,42.8,253,Rain: Moderate,0,0,
46264,2022-04-08 13:00:00,40.74712,-73.94239,1,0,Unspecified,4517342,16.5,7.1,5.2,5.2,0.0,4.0,63,21.3,42.8,253,Rain: Moderate,1,1,
46265,2022-04-07 21:50:00,40.610046,-73.7536,0,0,Unspecified,4517186,11.5,5.6,74.1,74.1,0.0,14.0,65,35.0,64.8,98,Rain: Heavy,0,0,
46266,2022-04-06 08:00:00,40.70221,-73.82695,0,0,Backing Unsafely,4516744,12.5,6.2,17.5,17.5,0.0,14.0,61,31.2,62.3,55,Rain: Light,0,0,
46267,2022-04-06 17:30:00,40.749985,-73.98617,0,0,Pedestrian/Bicyclist/Other Pedestrian Error/Confusion,4516963,12.5,6.2,17.5,17.5,0.0,14.0,61,31.2,62.3,55,Rain: Light,0,0,
46268,2022-04-07 08:40:00,40.872723,-73.833725,0,0,Unspecified,4517034,11.5,5.6,74.1,74.1,0.0,14.0,65,35.0,64.8,98,Rain: Heavy,0,0,
46269,2022-04-06 09:57:00,40.724144,-73.73604,1,0,Driver Inexperience,4516769,12.5,6.2,17.5,17.5,0.0,14.0,61,31.2,62.3,55,Rain: Light,1,1,