,CRASH DATETIME,LATITUDE,LONGITUDE,NUMBER OF PERSONS INJURED,NUMBER OF PERSONS KILLED,CONTRIBUTING FACTOR VEHICLE 1,COLLISION_ID,temperature_2m_max,temperature_2m_min,precipitation_sum,rain_sum,snowfall_sum,precipitation_hours,weather_code,wind_speed_10m_max,wind_gusts_10m_max,wind_direction_10m_dominant,Weather Description,Severity_Score,Total_Affected_Persons,Weather_Category
46270,2022-04-06 05:52:00,40.68779,-73.820175,1,0,Failure to Yield Right-of-Way,4516881,12.5,6.2,17.5,17.5,0.0,14.0,61,31.2,62.3,55,Rain: Light,1,1,
46271,2022-04-01 06:51:00,40.5918,-73.79706,0,0,Backing Unsafely,4517392,15.2,5.3,1.4,1.4,0.0,8.0,51,33.1,61.9,277,Drizzle: Light,0,0,
46272,2022-04-07 21:20:00,40.713226,-73.82343,1,0,Traffic Control Disregarded,4517131,11.5,5.6,74.1,74.1,0.0,14.0,65,35.0,64.8,98,Rain: Heavy,1,1,
46273,2022-04-02 06:00:00,40.75687,-73.88276,0,0,Unspecified,4517548,11.1,1.4,0.0,0.0,0.0,0.0,3,26.3,47.9,286,Overcast,0,0,
46274,2022-04-06 23:41:00,40.69757,-73.90758,1,0,Failure to Yield Right-of-Way,4517412,12.5,6.2,17.5,17.5,0.0,14.0,61,31.2,62.3,55,Rain: Light,1,1,
46275,2022-04-07 19:54:00,40.692318,-73.8609,0,0,Following Too Closely,4517157,11.5,5.6,74.1,74.1,0.0,14.0,65,35.0,64.8,98,Rain: Heavy,0,0,
46276,2022-04-08 08:45:00,40.73578,-73.746544,0,0,Unspecified,4517273,16.5,7.1,5.2,5.2,0.0,4.0,63,21.3,42.8,253,Rain: Moderate,0,0,
46277,2022-04-06 14:00:00,40.70164,-73.938034,0,0,Brakes Defective,4516838,12.5,6.2,17.5,17.5,0.0,14.0,61,31.2,62.3,55,Rain: Light,0,0,
46278,2022-04-05 11:40:00,40.6967,-73.91031,0,0,Passing Too Closely,4517636,12.1,1.0,1.7,1.7,0.0,3.0,53,16.8,32.8,121,Drizzle: Moderate,0,0,
46279,2022-04-08 08:24:00,40.614227,-73.99901,1,0,Driver Inattention/Distraction,4517348,16.5,7.1,5.2,5.2,0.0,4.0,63,21.3,42.8,253,Rain: Moderate,1,1,
46280,2022-04-06 06:29:00,40.82244,-73.90199,1,0,Failure to Yield Right-of-Way,4516890,12.5,6.2,17.5,17.5,0.0,14.0,61,31.2,62.3,55,Rain: Light,1,1,
46281,2022-03-28 11:43:00,40.78614,-73.93929,0,0,Following Too Closely,4517241,0.0,-5.2,0.3,0.0,0.21,3.0,71,31.3,59.0,303,Snow fall: Light,0,0,Snowy Conditions
46282,2022-04-07 08:35:00,40.678276,-73.91076,1,0,Driver Inattention/Distraction,4517573,11.5,5.6,74.1,74.1,0.0,14.0,65,35.0,64.8,98,Rain: Heavy,1,1,
46283,2022-04-02 00:00:00,40.831024,-73.9027,0,0,Passing Too Closely,4517476,11.1,1.4,0.0,0.0,0.0,0.0,3,26.3,47.9,286,Overcast,0,0,
46284,2022-04-07 10:30:00,40.765095,-73.925064,0,0,Unspecified,4517384,11.5,5.6,74.1,74.1,0.0,14.0,65,35.0,64.8,98,Rain: Heavy,0,0,
46285,2022-03-25 01:55:00,40.610477,-74.09396,4,0,Driver Inexperience,4517422,15.6,5.3,5.7,5.7,0.0,4.0,63,27.6,52.2,274,Rain: Moderate,4,4,
46286,2022-04-06 12:15:00,40.760777,-74.00219,0,0,Driver Inattention/Distraction,4517734,12.5,6.2,17.5,17.5,0.0,14.0,61,31.2,62.3,55,Rain: Light,0,0,
46287,2022-04-06 06:28:00,40.72616,-73.76698,0,0,Driver Inattention/Distraction,4517525,12.5,6.2,17.5,17.5,0.0,14.0,61,31.2,62.3,55,Rain: Light,0,0,
46288,2022-04-06 10:30:00,40.70166,-73.961464,0,0,Failure to Yield Right-of-Way,4517811,12.5,6.2,17.5,17.5,0.0,14.0,61,31.2,62.3,55,Rain: Light,0,0,
46289,2022-04-08 23:50:00,40.657093,-73.95026,0,0,Unspecified,4517378,16.5,7.1,5.2,5.2,0.0,4.0,63,21.3,42.8,253,Rain: Moderate,0,0,
46290,2022-04-08 08:25:00,40.80522,-73.93214,1,0,Driver Inattention/Distraction,4517236,16.5,7.1,5.2,5.2,0.0,4.0,63,21.3,42.8,253,Rain: Moderate,1,1,
46291,2022-04-07 19:22:00,40.829685,-73.8253,0,0,Other Vehicular,4517196,11.5,5.6,74.1,74.1,0.0,14.0,65,35.0,64.8,98,Rain: Heavy,0,0,
46292,2021-12-12 00:11:00,40.728855,-73.92782,0,0,Driver Inattention/Distraction,4485476,13.0,3.4,0.5,0.5,0.0,1.0,53,32.4,62.6,284,Drizzle: Moderate,0,0,
46293,2021-10-22 17:00:00,40.8367759,-73.8635829,0,0,Unspecified,4470260,20.3,14.4,0.0,0.0,0.0,0.0,3,18.1,31.3,267,Overcast,0,0,
46294,2022-04-07 10:28:00,40.588562,-74.14584,0,0,Following Too Closely,4517126,11.5,5.6,74.1,74.1,0.0,14.0,65,35.0,64.8,98,Rain: Heavy,0,0,
46295,2022-04-08 10:42:00,40.597874,-73.98549,1,0,Failure to Yield Right-of-Way,4517470,16.5,7.1,5.2,5.2,0.0,4.0,63,21.3,42.8,253,Rain: Moderate,1,1,
46296,2022-04-04 19:18:00,40.705173,-73.8117,0,0,Driver Inattention/Distraction,4517901,12.2,2.6,0.1,0.1,0.0,1.0,51,23.7,41.4,304,Drizzle: Light,0,0,
46297,2022-04-08 18:20:00,40.740433,-73.86922,0,0,Unspecified,4517565,16.5,7.1,5.2,5.2,0.0,4.0,63,21.3,42.8,253,Rain: Moderate,0,0,
46298,2022-04-06 22:54:00,40.756153,-73.998024,0,0,Turning Improperly,4517757,12.5,6.2,17.5,17.5,0.0,14.0,61,31.2,62.3,55,Rain: Light,0,0,
46299,2022-04-05 15:59:00,40.6665,-73.931335,2,0,Driver Inattention/Distraction,4517229,12.1,1.0,1.7,1.7,0.0,3.0,53,16.8,32.8,121,Drizzle: Moderate,2,2,
46300,2022-04-05 21:24:00,40.67533,-73.93609,2,0,Driver Inattention/Distraction,4517683,12.1,1.0,1.7,1.7,0.0,3.0,53,16.8,32.8,121,Drizzle: Moderate,2,2,
46301,2022-04-06 07:30:00,40.683037,-73.9261,1,0,,4517016,12.5,6.2,17.5,17.5,0.0,14.0,61,31.2,62.3,55,Rain: Light,1,1,
46302,2022-04-08 17:30:00,40.636387,-73.94611,1,0,Passing or Lane Usage Improper,4517622,16.5,7.1,5.2,5.2,0.0,4.0,63,21.3,42.8,253,Rain: Moderate,1,1,
46303,2022-04-08 22:00:00,40.624947,-73.97712,0,0,Unspecified,4517849,16.5,7.1,5.2,5.2,0.0,4.0,63,21.3,42.8,253,Rain: Moderate,0,0,
46304,2022-04-08 13:35:00,40.69382,-73.72694,0,0,Unsafe Speed,4517315,16.5,7.1,5.2,5.2,0.0,4.0,63,21.3,42.8,253,Rain: Moderate,0,0,
46305,2022-04-06 08:15:00,40.75458,-73.99915,0,0,Unspecified,4516708,12.5,6.2,17.5,17.5,0.0,14.0,61,31.2,62.3,55,Rain: Light,0,0,
46306,2022-04-08 14:35:00,40.69474,-73.80625,1,0,Unsafe Lane Changing,4517300,16.5,7.1,5.2,5.2,0.0,4.0,63,21.3,42.8,253,Rain: Moderate,1,1,
46307,2022-04-06 15:34:00,40.82419,-73.891884,1,0,Unspecified,4516812,12.5,6.2,17.5,17.5,0.0,14.0,61,31.2,62.3,55,Rain: Light,1,1,
46308,2022-04-08 09:15:00,40.77537,-73.98772,1,0,Driver Inattention/Distraction,4517268,16.5,7.1,5.2,5.2,0.0,4.0,63,21.3,42.8,253,Rain: Moderate,1,1,
46309,2022-04-07 07:58:00,40.85213,-73.89278,0,0,Driver Inattention/Distraction,4517041,11.5,5.6,74.1,74.1,0.0,14.0,65,35.0,64.8,98,Rain: Heavy,0,0,
46310,2022-03-30 16:45:00,40.65887,-73.904106,0,0,Failure to Yield Right-of-Way,4517589,5.9,-3.5,0.0,0.0,0.0,0.0,3,17.0,30.6,215,Overcast,0,0,
46311,2022-04-06 15:19:00,40.66885,-73.91635,0,0,Unspecified,4516979,12.5,6.2,17.5,17.5,0.0,14.0,61,31.2,62.3,55,Rain: Light,0,0,
46312,2022-04-04 09:10:00,40.65011,-73.94177,0,0,Reaction to Uninvolved Vehicle,4517616,12.2,2.6,0.1,0.1,0.0,1.0,51,23.7,41.4,304,Drizzle: Light,0,0,
46313,2022-04-01 12:03:00,40.788223,-73.94276,0,0,Unspecified,4517332,15.2,5.3,1.4,1.4,0.0,8.0,51,33.1,61.9,277,Drizzle: Light,0,0,
46314,2022-04-08 22:09:00,40.60887,-73.958015,3,0,Failure to Yield Right-of-Way,4517434,16.5,7.1,5.2,5.2,0.0,4.0,63,21.3,42.8,253,Rain: Moderate,3,3,
46315,2022-04-06 22:45:00,40.596584,-73.98422,0,0,Unspecified,4516910,12.5,6.2,17.5,17.5,0.0,14.0,61,31.2,62.3,55,Rain: Light,0,0,
46316,2022-04-07 16:30:00,40.786205,-73.834564,0,0,Passing or Lane Usage Improper,4517240,11.5,5.6,74.1,74.1,0.0,14.0,65,35.0,64.8,98,Rain: Heavy,0,0,
46317,2022-04-08 16:20:00,40.5963,-73.959785,1,0,Unspecified,4517396,16.5,7.1,5.2,5.2,0.0,4.0,63,21.3,42.8,253,Rain: Moderate,1,1,
46318,2022-04-06 18:30:00,40.665634,-73.75817,0,0,Passing Too Closely,4517161,12.5,6.2,17.5,17.5,0.0,14.0,61,31.2,62.3,55,Rain: Light,0,0,
46319,2021-06-30 12:05:00,40.638897,-74.01678,0,0,Unspecified,4433873,35.2,24.9,0.1,0.1,0.0,1.0,51,20.6,37.1,246,Drizzle: Light,0,0,
46320,2022-04-06 19:01:00,40.725494,-74.00115,0,0,Failure to Yield Right-of-Way,4516937,12.5,6.2,17.5,17.5,0.0,14.0,61,31.2,62.3,55,Rain: Light,0,0,
46321,2022-04-07 14:45:00,40.757706,-73.76385,2,0,Failure to Yield Right-of-Way,4517127,11.5,5.6,74.1,74.1,0.0,14.0,65,35.0,64.8,98,Rain: Heavy,2,2,
46322,2022-04-08 04:30:00,40.757755,-73.8626,0,0,Unspecified,4517251,16.5,7.1,5.2,5.2,0.0,4.0,63,21.3,42.8,253,Rain: Moderate,0,0,
46323,2022-04-05 19:01:00,40.655075,-73.96136,1,0,Unspecified,4517533,12.1,1.0,1.7,1.7,0.0,3.0,53,16.8,32.8,121,Drizzle: Moderate,1,1,
46324,2022-04-08 18:30:00,40.6104,-73.9586,1,0,Unspecified,4517925,16.5,7.1,5.2,5.2,0.0,4.0,63,21.3,42.8,253,Rain: Moderate,1,1,
46325,2022-04-07 11:45:00,40.896687,-73.84511,0,0,Aggressive Driving/Road Rage,4517090,11.5,5.6,74.1,74.1,0.0,14.0,65,35.0,64.8,98,Rain: Heavy,0,0,
46326,2022-04-06 02:34:00,40.888138,-73.82661,0,0,Unsafe Speed,4517712,12.5,6.2,17.5,17.5,0.0,14.0,61,31.2,62.3,55,Rain: Light,0,0,
46327,2022-04-06 15:43:00,40.7441,-73.99565,0,0,Passing or Lane Usage Improper,4517739,12.5,6.2,17.5,17.5,0.0,14.0,61,31.2,62.3,55,Rain: Light,0,0,
46328,2022-03-27 15:00:00,40.768982,-73.91064,0,0,Following Too Closely,4517404,7.5,-1.1,0.3,0.3,0.07,3.0,71,26.4,47.5,288,Snow fall: Light,0,0,Snowy Conditions
46329,2022-04-07 11:40:00,40.673714,-73.98168,0,0,Following Too Closely,4517671,11.5,5.6,74.1,74.1,0.0,14.0,65,35.0,64.8,98,Rain: Heavy,0,0,
46330,2022-03-26 14:40:00,40.758137,-73.99787,0,0,Backing Unsafely,4517659,10.1,4.9,6.1,5.8,0.21,8.0,71,21.6,41.0,251,Snow fall: Light,0,0,Snowy Conditions
46331,2022-04-07 17:30:00,40.747433,-73.70811,1,0,Driver Inattention/Distraction,4517417,11.5,5.6,74.1,74.1,0.0,14.0,65,35.0,64.8,98,Rain: Heavy,1,1,
46332,2022-04-07 14:38:00,40.665207,-73.91252,1,0,Fatigued/Drowsy,4517586,11.5,5.6,74.1,74.1,0.0,14.0,65,35.0,64.8,98,Rain: Heavy,1,1,
46333,2022-04-04 12:30:00,40.754055,-73.99583,0,0,Unspecified,4517726,12.2,2.6,0.1,0.1,0.0,1.0,51,23.7,41.4,304,Drizzle: Light,0,0,
46334,2022-04-08 16:44:00,40.71286,-73.96579,0,0,Alcohol Involvement,4517516,16.5,7.1,5.2,5.2,0.0,4.0,63,21.3,42.8,253,Rain: Moderate,0,0,
46335,2022-04-07 17:25:00,40.746033,-73.93441,0,0,Driver Inattention/Distraction,4517114,11.5,5.6,74.1,74.1,0.0,14.0,65,35.0,64.8,98,Rain: Heavy,0,0,
46336,2022-04-08 23:00:00,40.81339,-73.95627,1,0,Following Too Closely,4517792,16.5,7.1,5.2,5.2,0.0,4.0,63,21.3,42.8,253,Rain: Moderate,1,1,
46337,2022-04-06 22:09:00,40.82244,-73.90199,0,0,Unspecified,4516889,12.5,6.2,17.5,17.5,0.0,14.0,61,31.2,62.3,55,Rain: Light,0,0,
46338,2022-04-08 00:15:00,40.73773,-73.99659,2,0,Driver Inattention/Distraction,4517633,16.5,7.1,5.2,5.2,0.0,4.0,63,21.3,42.8,253,Rain: Moderate,2,2,
46339,2022-04-08 16:45:00,40.686752,-73.99605,0,0,Backing Unsafely,4517305,16.5,7.1,5.2,5.2,0.0,4.0,63,21.3,42.8,253,Rain: Moderate,0,0,
46340,2022-04-08 01:57:00,40.680218,-73.97789,1,0,Passing or Lane Usage Improper,4517677,16.5,7.1,5.2,5.2,0.0,4.0,63,21.3,42.8,253,Rain: Moderate,1,1,
46341,2022-04-05 21:04:00,40.6727,-73.93635,1,0,Driver Inattention/Distraction,4517770,12.1,1.0,1.7,1.7,0.0,3.0,53,16.8,32.8,121,Drizzle: Moderate,1,1,
46342,2022-04-05 08:10:00,40.66925,-73.93944,0,0,Driver Inattention/Distraction,4517687,12.1,1.0,1.7,1.7,0.0,3.0,53,16.8,32.8,121,Drizzle: Moderate,0,0,
46343,2022-04-08 14:10:00,40.772045,-73.892166,0,0,Driver Inattention/Distraction,4517379,16.5,7.1,5.2,5.2,0.0,4.0,63,21.3,42.8,253,Rain: Moderate,0,0,
46344,2022-04-07 08:48:00,40.676014,-73.89398,0,0,View Obstructed/Limited,4517052,11.5,5.6,74.1,74.1,0.0,14.0,65,35.0,64.8,98,Rain: Heavy,0,0,
46345,2022-04-03 04:00:00,40.768356,-73.904884,2,0,Following Too Closely,4517841,8.3,3.4,3.1,3.1,0.0,5.0,61,21.9,38.2,274,Rain: Light,2,2,
46346,2022-04-06 09:11:00,40.748104,-73.83126,0,0,Failure to Yield Right-of-Way,4516714,12.5,6.2,17.5,17.5,0.0,14.0,61,31.2,62.3,55,Rain: Light,0,0,
46347,2022-04-06 09:12:00,40.85071,-73.89408,1,0,,4516944,12.5,6.2,17.5,17.5,0.0,14.0,61,31.2,62.3,55,Rain: Light,1,1,
46348,2022-04-06 22:13:00,40.636074,-73.951096,0,0,Unspecified,4517552,12.5,6.2,17.5,17.5,0.0,14.0,61,31.2,62.3,55,Rain: Light,0,0,
46349,2022-04-08 10:40:00,40.772556,-73.95562,0,0,Unspecified,4517283,16.5,7.1,5.2,5.2,0.0,4.0,63,21.3,42.8,253,Rain: Moderate,0,0,
46350,2022-04-08 13:45:00,40.691795,-73.84376,0,0,Backing Unsafely,4517441,16.5,7.1,5.2,5.2,0.0,4.0,63,21.3,42.8,253,Rain: Moderate,0,0,
46351,2022-04-08 20:17:00,40.856922,-73.88642,0,0,Backing Unsafely,4517610,16.5,7.1,5.2,5.2,0.0,4.0,63,21.3,42.8,253,Rain: Moderate,0,0,
46352,2022-04-06 14:24:00,40.70648,-73.82648,0,0,Other Vehicular,4516955,12.5,6.2,17.5,17.5,0.0,14.0,61,31.2,62.3,55,Rain: Light,0,0,
46353,2022-04-06 19:40:00,40.6287,-73.91926,0,0,Driver Inexperience,4516847,12.5,6.2,17.5,17.5,0.0,14.0,61,31.2,62.3,55,Rain: Light,0,0,
46354,2022-04-06 18:05:00,40.844177,-73.89744,1,0,Driver Inattention/Distraction,4516943,12.5,6.2,17.5,17.5,0.0,14.0,61,31.2,62.3,55,Rain: Light,1,1,
46355,2022-04-07 15:30:00,40.7132,-73.97723,1,0,Following Too Closely,4517140,11.5,5.6,74.1,74.1,0.0,14.0,65,35.0,64.8,98,Rain: Heavy,1,1,
46356,2022-04-06 14:08:00,40.717323,-73.956894,0,0,Passing Too Closely,4516906,12.5,6.2,17.5,17.5,0.0,14.0,61,31.2,62.3,55,Rain: Light,0,0,
46357,2021-06-17 20:15:00,40.666286,-73.785934,1,0,Unspecified,4428216,23.9,12.1,0.0,0.0,0.0,0.0,3,13.4,27.4,311,Overcast,1,1,
46358,2021-06-24 00:00:00,40.659107,-73.99576,1,0,Other Vehicular,4430808,23.2,13.5,0.0,0.0,0.0,0.0,3,19.7,40.0,145,Overcast,1,1,
46359,2021-07-02 16:30:00,40.639782,-74.00151,0,0,Driver Inattention/Distraction,4433996,24.3,19.2,29.6,29.6,0.0,23.0,63,14.1,27.7,284,Rain: Moderate,0,0,
46360,2021-07-02 14:55:00,40.61196,-73.96816,1,0,Unspecified,4433999,24.3,19.2,29.6,29.6,0.0,23.0,63,14.1,27.7,284,Rain: Moderate,1,1,
46361,2021-06-17 12:48:00,40.6103,-73.92173,0,0,Unspecified,4434010,23.9,12.1,0.0,0.0,0.0,0.0,3,13.4,27.4,311,Overcast,0,0,
46362,2021-07-02 08:44:00,40.847794,-73.82671,0,0,Unspecified,4434015,24.3,19.2,29.6,29.6,0.0,23.0,63,14.1,27.7,284,Rain: Moderate,0,0,
46363,2021-07-02 19:35:00,40.859425,-73.8947,1,0,Failure to Yield Right-of-Way,4434033,24.3,19.2,29.6,29.6,0.0,23.0,63,14.1,27.7,284,Rain: Moderate,1,1,
46364,2021-07-02 10:12:00,40.624767,-73.987206,1,0,Unspecified,4434000,24.3,19.2,29.6,29.6,0.0,23.0,63,14.1,27.7,284,Rain: Moderate,1,1,
46365,2021-06-27 22:58:00,40.634468,-73.99271,0,0,Passing Too Closely,4433992,29.2,22.2,0.5,0.5,0.0,4.0,51,19.6,45.4,196,Drizzle: Light,0,0,
46366,2022-04-08 01:45:00,40.740276,-73.848595,0,0,Driver Inexperience,4517149,16.5,7.1,5.2,5.2,0.0,4.0,63,21.3,42.8,253,Rain: Moderate,0,0,
46367,2022-04-06 00:35:00,40.76222,-73.97875,0,0,Backing Unsafely,4516649,12.5,6.2,17.5,17.5,0.0,14.0,61,31.2,62.3,55,Rain: Light,0,0,
46368,2022-04-07 10:38:00,40.84825,-73.90975,0,0,Passing or Lane Usage Improper,4517177,11.5,5.6,74.1,74.1,0.0,14.0,65,35.0,64.8,98,Rain: Heavy,0,0,
46369,2021-10-15 19:35:00,40.6763604,-73.8664247,0,0,Other Vehicular,4470469,25.0,14.5,0.0,0.0,0.0,0.0,3,16.8,28.4,182,Overcast,0,0,
46370,2021-07-01 21:50:00,40.576965,-74.16974,0,0,Driver Inattention/Distraction,4433526,27.8,22.2,25.2,25.2,0.0,12.0,65,10.6,33.1,280,Rain: Heavy,0,0,
46371,2021-06-30 08:30:00,40.72593,-73.91837,1,0,Driver Inattention/Distraction,4432773,35.2,24.9,0.1,0.1,0.0,1.0,51,20.6,37.1,246,Drizzle: Light,1,1,
46372,2021-06-29 00:30:00,40.83228,-73.90963,0,0,Unspecified,4433503,33.4,24.0,0.7,0.7,0.0,4.0,51,19.5,40.0,231,Drizzle: Light,0,0,
46373,2021-07-01 12:57:00,40.85809,-73.901924,1,0,Driver Inattention/Distraction,4433230,27.8,22.2,25.2,25.2,0.0,12.0,65,10.6,33.1,280,Rain: Heavy,1,1,
46374,2021-06-30 14:58:00,40.71406,-73.95292,2,0,Driver Inattention/Distraction,4432893,35.2,24.9,0.1,0.1,0.0,1.0,51,20.6,37.1,246,Drizzle: Light,2,2,
46375,2021-07-02 18:40:00,40.614788,-73.94658,1,0,Unspecified,4433724,24.3,19.2,29.6,29.6,0.0,23.0,63,14.1,27.7,284,Rain: Moderate,1,1,
46376,2021-06-30 17:46:00,40.602478,-73.96636,0,0,Unsafe Lane Changing,4432826,35.2,24.9,0.1,0.1,0.0,1.0,51,20.6,37.1,246,Drizzle: Light,0,0,
46377,2021-07-01 08:45:00,40.821068,-73.89894,1,0,Unsafe Speed,4433345,27.8,22.2,25.2,25.2,0.0,12.0,65,10.6,33.1,280,Rain: Heavy,1,1,
46378,2021-07-01 23:00:00,40.780693,-73.9466,0,0,Traffic Control Disregarded,4433204,27.8,22.2,25.2,25.2,0.0,12.0,65,10.6,33.1,280,Rain: Heavy,0,0,
46379,2021-07-01 18:07:00,40.861954,-73.89105,1,0,Unspecified,4433189,27.8,22.2,25.2,25.2,0.0,12.0,65,10.6,33.1,280,Rain: Heavy,1,1,
46380,2021-06-22 16:27:00,40.830536,-73.91571,0,0,Traffic Control Disregarded,4433502,24.2,15.1,8.5,8.5,0.0,9.0,63,22.2,43.2,305,Rain: Moderate,0,0,
46381,2021-06-30 13:00:00,40.561077,-74.16984,0,0,Driver Inattention/Distraction,4433074,35.2,24.9,0.1,0.1,0.0,1.0,51,20.6,37.1,246,Drizzle: Light,0,0,
46382,2021-07-02 13:50:00,40.716,-73.74546,0,0,Passing Too Closely,4433384,24.3,19.2,29.6,29.6,0.0,23.0,63,14.1,27.7,284,Rain: Moderate,0,0,
46383,2021-06-30 11:02:00,40.659172,-73.913895,0,0,Unspecified,4433055,35.2,24.9,0.1,0.1,0.0,1.0,51,20.6,37.1,246,Drizzle: Light,0,0,
46384,2021-06-30 02:00:00,40.7263,-73.94913,0,0,Driver Inattention/Distraction,4432421,35.2,24.9,0.1,0.1,0.0,1.0,51,20.6,37.1,246,Drizzle: Light,0,0,
46385,2021-06-30 17:00:00,40.69469,-73.90252,0,0,Unspecified,4433755,35.2,24.9,0.1,0.1,0.0,1.0,51,20.6,37.1,246,Drizzle: Light,0,0,
46386,2021-07-02 17:27:00,40.748184,-73.979965,0,0,View Obstructed/Limited,4433424,24.3,19.2,29.6,29.6,0.0,23.0,63,14.1,27.7,284,Rain: Moderate,0,0,
46387,2021-06-30 02:58:00,40.716785,-73.964806,0,0,Alcohol Involvement,4432805,35.2,24.9,0.1,0.1,0.0,1.0,51,20.6,37.1,246,Drizzle: Light,0,0,
46388,2021-07-01 17:10:00,40.817875,-73.89333,1,0,Pedestrian/Bicyclist/Other Pedestrian Error/Confusion,4433347,27.8,22.2,25.2,25.2,0.0,12.0,65,10.6,33.1,280,Rain: Heavy,1,1,
46389,2021-06-30 10:10:00,40.61427,-74.156654,0,0,Passing Too Closely,4433215,35.2,24.9,0.1,0.1,0.0,1.0,51,20.6,37.1,246,Drizzle: Light,0,0,
46390,2021-07-01 05:24:00,40.819786,-73.91216,0,1,Unspecified,4433274,27.8,22.2,25.2,25.2,0.0,12.0,65,10.6,33.1,280,Rain: Heavy,20,1,
46391,2021-06-30 14:45:00,40.61747,-73.98129,1,0,Traffic Control Disregarded,4432953,35.2,24.9,0.1,0.1,0.0,1.0,51,20.6,37.1,246,Drizzle: Light,1,1,
46392,2021-07-01 20:20:00,40.671627,-73.96263,0,0,Unsafe Lane Changing,4433389,27.8,22.2,25.2,25.2,0.0,12.0,65,10.6,33.1,280,Rain: Heavy,0,0,
46393,2021-06-30 14:00:00,40.71781,-73.80358,0,0,Unspecified,4433451,35.2,24.9,0.1,0.1,0.0,1.0,51,20.6,37.1,246,Drizzle: Light,0,0,
46394,2021-06-22 07:01:00,40.67024,-73.918144,1,0,Driver Inattention/Distraction,4433733,24.2,15.1,8.5,8.5,0.0,9.0,63,22.2,43.2,305,Rain: Moderate,1,1,
46395,2021-06-30 22:02:00,40.85638,-73.82631,0,0,Unspecified,4432855,35.2,24.9,0.1,0.1,0.0,1.0,51,20.6,37.1,246,Drizzle: Light,0,0,
46396,2021-06-29 16:00:00,40.724693,-73.7541,0,0,Unspecified,4433590,33.4,24.0,0.7,0.7,0.0,4.0,51,19.5,40.0,231,Drizzle: Light,0,0,
46397,2021-07-01 13:02:00,40.744934,-73.86792,1,0,Unspecified,4433677,27.8,22.2,25.2,25.2,0.0,12.0,65,10.6,33.1,280,Rain: Heavy,1,1,
46398,2021-06-30 16:45:00,40.67273,-73.8961,0,0,Passing or Lane Usage Improper,4433032,35.2,24.9,0.1,0.1,0.0,1.0,51,20.6,37.1,246,Drizzle: Light,0,0,
46399,2021-07-01 16:17:00,40.63787,-73.90963,0,0,Unspecified,4433110,27.8,22.2,25.2,25.2,0.0,12.0,65,10.6,33.1,280,Rain: Heavy,0,0,
46400,2021-07-01 10:23:00,40.740692,-73.84418,0,0,Driver Inattention/Distraction,4433161,27.8,22.2,25.2,25.2,0.0,12.0,65,10.6,33.1,280,Rain: Heavy,0,0,
46401,2021-07-02 17:20:00,40.623123,-74.1676,0,0,Driver Inattention/Distraction,4433934,24.3,19.2,29.6,29.6,0.0,23.0,63,14.1,27.7,284,Rain: Moderate,0,0,
46402,2021-06-27 23:46:00,40.781666,-73.986694,5,0,Unsafe Lane Changing,4433315,29.2,22.2,0.5,0.5,0.0,4.0,51,19.6,45.4,196,Drizzle: Light,5,5,
46403,2021-06-30 17:56:00,40.844116,-73.89857,0,0,Driver Inattention/Distraction,4432864,35.2,24.9,0.1,0.1,0.0,1.0,51,20.6,37.1,246,Drizzle: Light,0,0,
46404,2021-07-01 10:04:00,40.711002,-73.834435,0,0,Unspecified,4433072,27.8,22.2,25.2,25.2,0.0,12.0,65,10.6,33.1,280,Rain: Heavy,0,0,
46405,2021-06-26 00:35:00,40.845005,-73.90741,1,0,Unspecified,4433245,26.5,18.6,1.3,1.3,0.0,8.0,51,23.7,52.9,181,Drizzle: Light,1,1,
46406,2021-07-02 13:30:00,40.70683,-73.9684,0,0,Passing Too Closely,4433953,24.3,19.2,29.6,29.6,0.0,23.0,63,14.1,27.7,284,Rain: Moderate,0,0,
46407,2021-07-02 12:51:00,40.662014,-73.886826,1,0,Driver Inattention/Distraction,4433306,24.3,19.2,29.6,29.6,0.0,23.0,63,14.1,27.7,284,Rain: Moderate,1,1,
46408,2021-06-30 08:00:00,40.877365,-73.88533,0,0,Unspecified,4433538,35.2,24.9,0.1,0.1,0.0,1.0,51,20.6,37.1,246,Drizzle: Light,0,0,
46409,2021-07-02 15:42:00,40.837654,-73.89997,0,0,Unspecified,4433485,24.3,19.2,29.6,29.6,0.0,23.0,63,14.1,27.7,284,Rain: Moderate,0,0,
46410,2021-07-01 15:00:00,40.706047,-73.73188,1,0,Failure to Yield Right-of-Way,4433102,27.8,22.2,25.2,25.2,0.0,12.0,65,10.6,33.1,280,Rain: Heavy,1,1,
46411,2021-06-30 05:05:00,40.714077,-73.98985,0,0,Oversized Vehicle,4433580,35.2,24.9,0.1,0.1,0.0,1.0,51,20.6,37.1,246,Drizzle: Light,0,0,
46412,2021-07-02 22:50:00,40.695713,-73.926506,0,0,Pavement Slippery,4433467,24.3,19.2,29.6,29.6,0.0,23.0,63,14.1,27.7,284,Rain: Moderate,0,0,
46413,2021-07-01 13:30:00,40.63943,-74.1177,0,0,Unspecified,4433911,27.8,22.2,25.2,25.2,0.0,12.0,65,10.6,33.1,280,Rain: Heavy,0,0,
46414,2021-06-30 07:42:00,40.75613,-73.96761,1,0,Driver Inexperience,4432584,35.2,24.9,0.1,0.1,0.0,1.0,51,20.6,37.1,246,Drizzle: Light,1,1,
46415,2021-07-01 17:50:00,40.828125,-73.84105,0,0,Unspecified,4433251,27.8,22.2,25.2,25.2,0.0,12.0,65,10.6,33.1,280,Rain: Heavy,0,0,