,CRASH DATETIME,LATITUDE,LONGITUDE,NUMBER OF PERSONS INJURED,NUMBER OF PERSONS KILLED,CONTRIBUTING FACTOR VEHICLE 1,COLLISION_ID,temperature_2m_max,temperature_2m_min,precipitation_sum,rain_sum,snowfall_sum,precipitation_hours,weather_code,wind_speed_10m_max,wind_gusts_10m_max,wind_direction_10m_dominant,Weather Description,Severity_Score,Total_Affected_Persons,Weather_Category
46416,2021-06-30 22:10:00,40.85493,-73.82617,0,0,Following Too Closely,4433250,35.2,24.9,0.1,0.1,0.0,1.0,51,20.6,37.1,246,Drizzle: Light,0,0,
46417,2021-06-30 07:50:00,40.650063,-73.90738,0,0,Unspecified,4432749,35.2,24.9,0.1,0.1,0.0,1.0,51,20.6,37.1,246,Drizzle: Light,0,0,
46418,2021-06-30 07:25:00,40.67255,-73.988045,0,0,Unspecified,4433399,35.2,24.9,0.1,0.1,0.0,1.0,51,20.6,37.1,246,Drizzle: Light,0,0,
46419,2021-07-01 16:15:00,40.7432,-73.89589,1,0,Driver Inattention/Distraction,4433418,27.8,22.2,25.2,25.2,0.0,12.0,65,10.6,33.1,280,Rain: Heavy,1,1,
46420,2021-06-30 11:30:00,40.79925,-73.93907,0,0,Backing Unsafely,4432903,35.2,24.9,0.1,0.1,0.0,1.0,51,20.6,37.1,246,Drizzle: Light,0,0,
46421,2022-04-08 23:40:00,40.67828,-73.958855,0,0,Reaction to Uninvolved Vehicle,4517644,16.5,7.1,5.2,5.2,0.0,4.0,63,21.3,42.8,253,Rain: Moderate,0,0,
46422,2021-06-26 23:10:00,40.703712,-73.78752,1,0,Alcohol Involvement,4433366,26.5,18.6,1.3,1.3,0.0,8.0,51,23.7,52.9,181,Drizzle: Light,1,1,
46423,2021-06-25 12:40:00,40.695995,-73.96742,1,0,Unspecified,4433797,24.7,15.6,0.0,0.0,0.0,0.0,3,20.9,41.0,144,Overcast,1,1,
46424,2021-07-01 13:40:00,40.68925,-73.92165,0,0,Backing Unsafely,4433657,27.8,22.2,25.2,25.2,0.0,12.0,65,10.6,33.1,280,Rain: Heavy,0,0,
46425,2021-06-29 14:45:00,40.75776,-73.862816,0,0,View Obstructed/Limited,4433338,33.4,24.0,0.7,0.7,0.0,4.0,51,19.5,40.0,231,Drizzle: Light,0,0,
46426,2021-06-24 10:15:00,40.66423,-73.919106,3,0,Unspecified,4433629,23.2,13.5,0.0,0.0,0.0,0.0,3,19.7,40.0,145,Overcast,3,3,
46427,2021-07-02 11:45:00,40.718018,-73.99996,0,0,Driver Inattention/Distraction,4433700,24.3,19.2,29.6,29.6,0.0,23.0,63,14.1,27.7,284,Rain: Moderate,0,0,
46428,2021-06-30 13:10:00,40.59801,-73.9638,1,0,Unspecified,4433197,35.2,24.9,0.1,0.1,0.0,1.0,51,20.6,37.1,246,Drizzle: Light,1,1,
46429,2021-07-02 21:45:00,40.757694,-73.864624,1,0,Brakes Defective,4433404,24.3,19.2,29.6,29.6,0.0,23.0,63,14.1,27.7,284,Rain: Moderate,1,1,
46430,2021-06-30 07:52:00,40.75771,-73.93216,1,0,Unspecified,4432928,35.2,24.9,0.1,0.1,0.0,1.0,51,20.6,37.1,246,Drizzle: Light,1,1,
46431,2021-07-02 18:35:00,40.713394,-73.85956,0,0,Unsafe Lane Changing,4433572,24.3,19.2,29.6,29.6,0.0,23.0,63,14.1,27.7,284,Rain: Moderate,0,0,
46432,2021-07-01 21:41:00,40.84954,-73.93641,0,0,Driver Inattention/Distraction,4433846,27.8,22.2,25.2,25.2,0.0,12.0,65,10.6,33.1,280,Rain: Heavy,0,0,
46433,2021-06-30 16:25:00,40.60144,-74.00155,1,0,Failure to Yield Right-of-Way,4432957,35.2,24.9,0.1,0.1,0.0,1.0,51,20.6,37.1,246,Drizzle: Light,1,1,
46434,2021-06-28 19:18:00,40.83349,-73.94158,0,0,Unsafe Lane Changing,4433270,32.3,22.9,0.0,0.0,0.0,0.0,3,20.0,37.8,212,Overcast,0,0,
46435,2021-06-30 06:55:00,40.663204,-73.89848,0,0,Unspecified,4432969,35.2,24.9,0.1,0.1,0.0,1.0,51,20.6,37.1,246,Drizzle: Light,0,0,
46436,2021-06-30 08:30:00,40.753788,-73.744286,2,0,Following Too Closely,4432733,35.2,24.9,0.1,0.1,0.0,1.0,51,20.6,37.1,246,Drizzle: Light,2,2,
46437,2021-06-29 16:00:00,40.700626,-73.9868,1,0,Passing or Lane Usage Improper,4433766,33.4,24.0,0.7,0.7,0.0,4.0,51,19.5,40.0,231,Drizzle: Light,1,1,
46438,2021-07-01 16:00:00,40.742275,-73.989235,1,0,Driver Inattention/Distraction,4433651,27.8,22.2,25.2,25.2,0.0,12.0,65,10.6,33.1,280,Rain: Heavy,1,1,
46439,2021-07-02 21:50:00,40.740078,-73.99485,1,0,Driver Inattention/Distraction,4433867,24.3,19.2,29.6,29.6,0.0,23.0,63,14.1,27.7,284,Rain: Moderate,1,1,
46440,2021-06-28 01:18:00,40.820293,-73.94378,0,0,Other Vehicular,4433283,32.3,22.9,0.0,0.0,0.0,0.0,3,20.0,37.8,212,Overcast,0,0,
46441,2021-06-30 11:00:00,40.876163,-73.881516,0,0,Unspecified,4432661,35.2,24.9,0.1,0.1,0.0,1.0,51,20.6,37.1,246,Drizzle: Light,0,0,
46442,2021-07-01 14:47:00,40.639225,-74.0021,3,0,Unspecified,4433987,27.8,22.2,25.2,25.2,0.0,12.0,65,10.6,33.1,280,Rain: Heavy,3,3,
46443,2021-07-01 08:00:00,40.669098,-73.93666,0,0,Driver Inattention/Distraction,4433125,27.8,22.2,25.2,25.2,0.0,12.0,65,10.6,33.1,280,Rain: Heavy,0,0,
46444,2021-07-01 21:10:00,40.677925,-73.75486,0,0,Driver Inattention/Distraction,4433144,27.8,22.2,25.2,25.2,0.0,12.0,65,10.6,33.1,280,Rain: Heavy,0,0,
46445,2021-07-01 12:30:00,40.746235,-73.89895,1,0,Driver Inattention/Distraction,4433174,27.8,22.2,25.2,25.2,0.0,12.0,65,10.6,33.1,280,Rain: Heavy,1,1,
46446,2021-06-29 09:30:00,40.73197,-73.78651,1,0,Driver Inattention/Distraction,4433434,33.4,24.0,0.7,0.7,0.0,4.0,51,19.5,40.0,231,Drizzle: Light,1,1,
46447,2021-07-01 19:35:00,40.66475,-73.89405,0,0,Unspecified,4433302,27.8,22.2,25.2,25.2,0.0,12.0,65,10.6,33.1,280,Rain: Heavy,0,0,
46448,2021-06-30 00:30:00,40.74639,-73.977646,2,0,Driver Inattention/Distraction,4432700,35.2,24.9,0.1,0.1,0.0,1.0,51,20.6,37.1,246,Drizzle: Light,2,2,
46449,2021-06-30 02:40:00,40.842476,-73.85319,0,0,Other Vehicular,4432664,35.2,24.9,0.1,0.1,0.0,1.0,51,20.6,37.1,246,Drizzle: Light,0,0,
46450,2021-06-30 14:06:00,40.785156,-73.97901,1,0,Pedestrian/Bicyclist/Other Pedestrian Error/Confusion,4433533,35.2,24.9,0.1,0.1,0.0,1.0,51,20.6,37.1,246,Drizzle: Light,1,1,
46451,2021-07-01 11:00:00,40.737553,-73.85089,0,0,Unspecified,4433084,27.8,22.2,25.2,25.2,0.0,12.0,65,10.6,33.1,280,Rain: Heavy,0,0,
46452,2021-07-01 16:10:00,40.68125,-73.764824,0,0,Passing or Lane Usage Improper,4433255,27.8,22.2,25.2,25.2,0.0,12.0,65,10.6,33.1,280,Rain: Heavy,0,0,
46453,2021-06-30 13:14:00,40.63998,-73.89657,0,0,Driver Inattention/Distraction,4432744,35.2,24.9,0.1,0.1,0.0,1.0,51,20.6,37.1,246,Drizzle: Light,0,0,
46454,2021-07-01 13:20:00,40.61626,-73.99309,0,0,Passing Too Closely,4433671,27.8,22.2,25.2,25.2,0.0,12.0,65,10.6,33.1,280,Rain: Heavy,0,0,
46455,2021-06-30 06:35:00,40.81207,-73.93603,1,0,Unspecified,4432598,35.2,24.9,0.1,0.1,0.0,1.0,51,20.6,37.1,246,Drizzle: Light,1,1,
46456,2021-06-28 17:15:00,40.731663,-73.78736,0,0,Failure to Yield Right-of-Way,4433439,32.3,22.9,0.0,0.0,0.0,0.0,3,20.0,37.8,212,Overcast,0,0,
46457,2021-07-01 02:00:00,40.65817,-73.92072,0,0,Alcohol Involvement,4432968,27.8,22.2,25.2,25.2,0.0,12.0,65,10.6,33.1,280,Rain: Heavy,0,0,
46458,2021-07-02 07:00:00,40.66297,-73.94097,0,0,Driver Inattention/Distraction,4433662,24.3,19.2,29.6,29.6,0.0,23.0,63,14.1,27.7,284,Rain: Moderate,0,0,
46459,2021-06-30 15:20:00,40.6985,-73.98698,0,0,Following Too Closely,4433771,35.2,24.9,0.1,0.1,0.0,1.0,51,20.6,37.1,246,Drizzle: Light,0,0,
46460,2021-06-20 23:36:00,40.60235,-74.189606,0,0,Unsafe Speed,4433238,28.7,17.3,0.3,0.3,0.0,2.0,51,19.5,40.0,212,Drizzle: Light,0,0,
46461,2021-07-02 10:55:00,40.713116,-73.9096,0,0,Driver Inattention/Distraction,4433370,24.3,19.2,29.6,29.6,0.0,23.0,63,14.1,27.7,284,Rain: Moderate,0,0,
46462,2022-04-08 10:50:00,40.637444,-73.90155,0,0,Failure to Yield Right-of-Way,4517272,16.5,7.1,5.2,5.2,0.0,4.0,63,21.3,42.8,253,Rain: Moderate,0,0,
46463,2021-07-02 14:00:00,40.732323,-73.810776,2,0,Driver Inattention/Distraction,4433456,24.3,19.2,29.6,29.6,0.0,23.0,63,14.1,27.7,284,Rain: Moderate,2,2,
46464,2021-06-18 10:00:00,40.66743,-73.76676,0,0,Passing or Lane Usage Improper,4433492,27.4,13.8,0.0,0.0,0.0,0.0,3,20.5,40.3,210,Overcast,0,0,
46465,2021-06-30 17:48:00,40.678543,-73.949684,1,0,Following Too Closely,4433862,35.2,24.9,0.1,0.1,0.0,1.0,51,20.6,37.1,246,Drizzle: Light,1,1,
46466,2021-07-02 11:40:00,40.7613,-73.80952,2,0,Pavement Slippery,4433638,24.3,19.2,29.6,29.6,0.0,23.0,63,14.1,27.7,284,Rain: Moderate,2,2,
46467,2021-07-02 17:00:00,40.865467,-73.86541,1,0,Passing or Lane Usage Improper,4433705,24.3,19.2,29.6,29.6,0.0,23.0,63,14.1,27.7,284,Rain: Moderate,1,1,
46468,2021-06-17 15:10:00,40.90486,-73.84894,0,0,Failure to Yield Right-of-Way,4433803,23.9,12.1,0.0,0.0,0.0,0.0,3,13.4,27.4,311,Overcast,0,0,
46469,2021-06-30 16:30:00,40.673805,-73.85719,1,0,Following Too Closely,4432873,35.2,24.9,0.1,0.1,0.0,1.0,51,20.6,37.1,246,Drizzle: Light,1,1,
46470,2021-07-01 00:00:00,40.706123,-73.92214,0,0,Passing Too Closely,4433221,27.8,22.2,25.2,25.2,0.0,12.0,65,10.6,33.1,280,Rain: Heavy,0,0,
46471,2021-06-30 16:40:00,40.640285,-73.9567,0,0,Unspecified,4432993,35.2,24.9,0.1,0.1,0.0,1.0,51,20.6,37.1,246,Drizzle: Light,0,0,
46472,2021-07-02 22:29:00,40.61895,-73.92689,2,0,Failure to Yield Right-of-Way,4433408,24.3,19.2,29.6,29.6,0.0,23.0,63,14.1,27.7,284,Rain: Moderate,2,2,
46473,2021-07-01 14:00:00,40.627758,-73.93436,1,0,Following Too Closely,4433326,27.8,22.2,25.2,25.2,0.0,12.0,65,10.6,33.1,280,Rain: Heavy,1,1,
46474,2021-07-01 09:29:00,40.761993,-73.942474,0,0,Backing Unsafely,4432935,27.8,22.2,25.2,25.2,0.0,12.0,65,10.6,33.1,280,Rain: Heavy,0,0,
46475,2022-04-06 23:30:00,40.73442,-73.92238,0,0,Driver Inattention/Distraction,4517106,12.5,6.2,17.5,17.5,0.0,14.0,61,31.2,62.3,55,Rain: Light,0,0,
46476,2021-06-21 13:30:00,40.65487,-73.96191,1,0,Passing Too Closely,4433428,28.0,21.7,0.5,0.5,0.0,2.0,51,24.4,46.8,181,Drizzle: Light,1,1,
46477,2021-07-02 20:25:00,40.678787,-73.84427,1,0,Failure to Yield Right-of-Way,4433517,24.3,19.2,29.6,29.6,0.0,23.0,63,14.1,27.7,284,Rain: Moderate,1,1,
46478,2021-06-30 17:39:00,40.656063,-73.93957,1,0,Unspecified,4433891,35.2,24.9,0.1,0.1,0.0,1.0,51,20.6,37.1,246,Drizzle: Light,1,1,
46479,2021-07-01 09:50:00,40.797035,-73.929825,0,0,Driver Inattention/Distraction,4432974,27.8,22.2,25.2,25.2,0.0,12.0,65,10.6,33.1,280,Rain: Heavy,0,0,
46480,2021-06-30 07:56:00,40.814934,-73.91496,0,0,Unspecified,4432648,35.2,24.9,0.1,0.1,0.0,1.0,51,20.6,37.1,246,Drizzle: Light,0,0,
46481,2021-07-02 11:10:00,40.78082,-73.96197,1,0,Passing Too Closely,4433287,24.3,19.2,29.6,29.6,0.0,23.0,63,14.1,27.7,284,Rain: Moderate,1,1,
46482,2021-07-02 06:00:00,40.766617,-73.8389,3,0,Unsafe Lane Changing,4433923,24.3,19.2,29.6,29.6,0.0,23.0,63,14.1,27.7,284,Rain: Moderate,3,3,
46483,2021-06-30 08:43:00,40.65342,-73.92378,0,0,Unspecified,4432737,35.2,24.9,0.1,0.1,0.0,1.0,51,20.6,37.1,246,Drizzle: Light,0,0,
46484,2021-06-30 19:30:00,40.71923,-73.96145,0,0,Unspecified,4432813,35.2,24.9,0.1,0.1,0.0,1.0,51,20.6,37.1,246,Drizzle: Light,0,0,
46485,2021-07-01 09:45:00,40.69815,-73.79241,0,0,Other Vehicular,4433120,27.8,22.2,25.2,25.2,0.0,12.0,65,10.6,33.1,280,Rain: Heavy,0,0,
46486,2021-07-02 14:45:00,40.58794,-73.97429,1,0,Traffic Control Disregarded,4433744,24.3,19.2,29.6,29.6,0.0,23.0,63,14.1,27.7,284,Rain: Moderate,1,1,
46487,2021-07-01 17:50:00,40.87932,-73.869804,1,0,Following Too Closely,4433982,27.8,22.2,25.2,25.2,0.0,12.0,65,10.6,33.1,280,Rain: Heavy,1,1,
46488,2021-07-02 08:00:00,40.701015,-73.84107,0,0,Unspecified,4433282,24.3,19.2,29.6,29.6,0.0,23.0,63,14.1,27.7,284,Rain: Moderate,0,0,
46489,2021-06-30 09:16:00,40.693733,-73.990456,1,0,Backing Unsafely,4433045,35.2,24.9,0.1,0.1,0.0,1.0,51,20.6,37.1,246,Drizzle: Light,1,1,
46490,2021-07-01 18:07:00,40.632,-74.011475,0,0,Turning Improperly,4433130,27.8,22.2,25.2,25.2,0.0,12.0,65,10.6,33.1,280,Rain: Heavy,0,0,
46491,2021-07-02 12:55:00,40.70058,-73.80775,1,0,Following Too Closely,4433314,24.3,19.2,29.6,29.6,0.0,23.0,63,14.1,27.7,284,Rain: Moderate,1,1,
46492,2021-06-30 18:10:00,40.668636,-73.79189,0,0,Reaction to Uninvolved Vehicle,4432752,35.2,24.9,0.1,0.1,0.0,1.0,51,20.6,37.1,246,Drizzle: Light,0,0,
46493,2021-07-01 10:10:00,40.640263,-74.019035,0,0,Unspecified,4433170,27.8,22.2,25.2,25.2,0.0,12.0,65,10.6,33.1,280,Rain: Heavy,0,0,
46494,2021-06-30 09:10:00,40.65788,-73.93801,0,0,Unspecified,4432791,35.2,24.9,0.1,0.1,0.0,1.0,51,20.6,37.1,246,Drizzle: Light,0,0,
46495,2021-06-30 10:00:00,40.76635,-73.95103,1,0,Unsafe Lane Changing,4432677,35.2,24.9,0.1,0.1,0.0,1.0,51,20.6,37.1,246,Drizzle: Light,1,1,
46496,2021-06-30 21:35:00,40.662014,-73.886826,2,0,Failure to Yield Right-of-Way,4433031,35.2,24.9,0.1,0.1,0.0,1.0,51,20.6,37.1,246,Drizzle: Light,2,2,
46497,2021-07-02 11:25:00,40.82351,-73.89418,1,0,Driver Inattention/Distraction,4433341,24.3,19.2,29.6,29.6,0.0,23.0,63,14.1,27.7,284,Rain: Moderate,1,1,
46498,2021-07-02 15:02:00,40.584015,-74.1025,1,0,Unspecified,4433358,24.3,19.2,29.6,29.6,0.0,23.0,63,14.1,27.7,284,Rain: Moderate,1,1,
46499,2021-07-02 02:00:00,40.612583,-73.96263,0,0,Unspecified,4433718,24.3,19.2,29.6,29.6,0.0,23.0,63,14.1,27.7,284,Rain: Moderate,0,0,
46500,2021-07-01 13:45:00,40.73438,-73.869286,1,0,Driver Inattention/Distraction,4433778,27.8,22.2,25.2,25.2,0.0,12.0,65,10.6,33.1,280,Rain: Heavy,1,1,
46501,2021-06-30 17:10:00,40.645016,-73.950874,3,0,Unspecified,4432962,35.2,24.9,0.1,0.1,0.0,1.0,51,20.6,37.1,246,Drizzle: Light,3,3,
46502,2021-07-02 09:40:00,40.723732,-73.75935,1,0,Lost Consciousness,4433461,24.3,19.2,29.6,29.6,0.0,23.0,63,14.1,27.7,284,Rain: Moderate,1,1,
46503,2021-06-11 06:50:00,40.67151,-73.76455,0,0,Passing Too Closely,4433309,20.7,15.3,1.2,1.2,0.0,3.0,53,13.2,27.0,97,Drizzle: Moderate,0,0,
46504,2021-07-01 11:20:00,40.74387,-73.956215,0,0,Unspecified,4433175,27.8,22.2,25.2,25.2,0.0,12.0,65,10.6,33.1,280,Rain: Heavy,0,0,
46505,2021-06-28 06:45:00,40.82218,-73.82929,0,0,Unspecified,4433242,32.3,22.9,0.0,0.0,0.0,0.0,3,20.0,37.8,212,Overcast,0,0,
46506,2021-06-30 19:20:00,40.8453,-73.93827,1,0,Pedestrian/Bicyclist/Other Pedestrian Error/Confusion,4433015,35.2,24.9,0.1,0.1,0.0,1.0,51,20.6,37.1,246,Drizzle: Light,1,1,
46507,2021-06-14 22:47:00,40.64983,-74.00909,0,0,Traffic Control Disregarded,4433528,21.4,17.5,21.7,21.7,0.0,11.0,65,21.1,48.6,154,Rain: Heavy,0,0,
46508,2021-06-30 17:00:00,40.542908,-74.15579,2,0,Driver Inattention/Distraction,4433080,35.2,24.9,0.1,0.1,0.0,1.0,51,20.6,37.1,246,Drizzle: Light,2,2,
46509,2021-06-28 11:44:00,40.811707,-73.8893,0,0,Other Vehicular,4433351,32.3,22.9,0.0,0.0,0.0,0.0,3,20.0,37.8,212,Overcast,0,0,
46510,2021-07-02 14:20:00,40.678394,-73.94692,2,0,Driver Inattention/Distraction,4433857,24.3,19.2,29.6,29.6,0.0,23.0,63,14.1,27.7,284,Rain: Moderate,2,2,
46511,2021-06-30 06:50:00,40.69447,-73.78147,0,0,Unsafe Lane Changing,4432835,35.2,24.9,0.1,0.1,0.0,1.0,51,20.6,37.1,246,Drizzle: Light,0,0,
46512,2021-07-01 13:20:00,40.861862,-73.91282,0,0,Passing or Lane Usage Improper,4433062,27.8,22.2,25.2,25.2,0.0,12.0,65,10.6,33.1,280,Rain: Heavy,0,0,
46513,2021-06-30 10:05:00,40.66405,-73.84211,0,0,Following Too Closely,4432868,35.2,24.9,0.1,0.1,0.0,1.0,51,20.6,37.1,246,Drizzle: Light,0,0,
46514,2021-07-02 16:07:00,40.679955,-73.75215,0,0,Driver Inattention/Distraction,4433380,24.3,19.2,29.6,29.6,0.0,23.0,63,14.1,27.7,284,Rain: Moderate,0,0,
46515,2021-07-01 17:58:00,40.77454,-73.95793,1,0,Driver Inattention/Distraction,4433205,27.8,22.2,25.2,25.2,0.0,12.0,65,10.6,33.1,280,Rain: Heavy,1,1,
46516,2021-06-30 09:40:00,40.738518,-73.80001,1,0,Following Too Closely,4433443,35.2,24.9,0.1,0.1,0.0,1.0,51,20.6,37.1,246,Drizzle: Light,1,1,
46517,2021-07-02 07:58:00,40.890945,-73.85992,0,0,Aggressive Driving/Road Rage,4433810,24.3,19.2,29.6,29.6,0.0,23.0,63,14.1,27.7,284,Rain: Moderate,0,0,
46518,2021-06-30 21:15:00,40.70002,-73.95451,0,0,Following Too Closely,4432800,35.2,24.9,0.1,0.1,0.0,1.0,51,20.6,37.1,246,Drizzle: Light,0,0,
46519,2021-06-30 04:24:00,40.83,-73.91812,0,0,Unsafe Speed,4433216,35.2,24.9,0.1,0.1,0.0,1.0,51,20.6,37.1,246,Drizzle: Light,0,0,
46520,2021-06-30 22:20:00,40.86341,-73.93001,0,0,Unspecified,4433830,35.2,24.9,0.1,0.1,0.0,1.0,51,20.6,37.1,246,Drizzle: Light,0,0,
46521,2021-07-01 00:01:00,40.7252,-73.98706,0,0,Animals Action,4433739,27.8,22.2,25.2,25.2,0.0,12.0,65,10.6,33.1,280,Rain: Heavy,0,0,
46522,2021-06-30 20:25:00,40.67132,-73.90864,0,0,Backing Unsafely,4432912,35.2,24.9,0.1,0.1,0.0,1.0,51,20.6,37.1,246,Drizzle: Light,0,0,
46523,2021-07-01 08:51:00,40.85723,-73.88738,0,0,Passing Too Closely,4433263,27.8,22.2,25.2,25.2,0.0,12.0,65,10.6,33.1,280,Rain: Heavy,0,0,
46524,2021-07-02 00:21:00,40.653378,-73.90658,2,0,Unspecified,4433607,24.3,19.2,29.6,29.6,0.0,23.0,63,14.1,27.7,284,Rain: Moderate,2,2,
46525,2021-06-30 10:47:00,40.70766,-73.78773,0,0,Unspecified,4433116,35.2,24.9,0.1,0.1,0.0,1.0,51,20.6,37.1,246,Drizzle: Light,0,0,
46526,2021-06-30 01:42:00,40.618877,-73.908936,0,0,Passing or Lane Usage Improper,4432761,35.2,24.9,0.1,0.1,0.0,1.0,51,20.6,37.1,246,Drizzle: Light,0,0,
46527,2021-07-02 16:55:00,40.677414,-73.98305,0,0,Failure to Yield Right-of-Way,4433513,24.3,19.2,29.6,29.6,0.0,23.0,63,14.1,27.7,284,Rain: Moderate,0,0,
46528,2021-07-02 14:00:00,40.66996,-73.90889,1,0,Failure to Yield Right-of-Way,4433614,24.3,19.2,29.6,29.6,0.0,23.0,63,14.1,27.7,284,Rain: Moderate,1,1,
46529,2021-06-27 17:30:00,40.739918,-73.85254,0,0,Driver Inattention/Distraction,4433683,29.2,22.2,0.5,0.5,0.0,4.0,51,19.6,45.4,196,Drizzle: Light,0,0,
46530,2021-07-01 09:30:00,40.669228,-73.8962,0,0,Following Too Closely,4433036,27.8,22.2,25.2,25.2,0.0,12.0,65,10.6,33.1,280,Rain: Heavy,0,0,
46531,2021-07-01 19:51:00,40.67753,-73.73085,0,0,Following Too Closely,4433134,27.8,22.2,25.2,25.2,0.0,12.0,65,10.6,33.1,280,Rain: Heavy,0,0,
46532,2021-07-02 13:36:00,40.6354,-74.106674,0,0,Unspecified,4433916,24.3,19.2,29.6,29.6,0.0,23.0,63,14.1,27.7,284,Rain: Moderate,0,0,
46533,2021-07-01 23:00:00,40.705425,-73.78258,1,0,Driver Inattention/Distraction,4433319,27.8,22.2,25.2,25.2,0.0,12.0,65,10.6,33.1,280,Rain: Heavy,1,1,
46534,2021-07-01 05:20:00,40.746403,-73.877426,0,0,Reaction to Uninvolved Vehicle,4432883,27.8,22.2,25.2,25.2,0.0,12.0,65,10.6,33.1,280,Rain: Heavy,0,0,
46535,2021-07-02 04:20:00,40.813374,-73.956276,0,0,Driver Inattention/Distraction,4433751,24.3,19.2,29.6,29.6,0.0,23.0,63,14.1,27.7,284,Rain: Moderate,0,0,
46536,2021-06-28 11:51:00,40.83999,-73.87757,0,0,Turning Improperly,4433262,32.3,22.9,0.0,0.0,0.0,0.0,3,20.0,37.8,212,Overcast,0,0,
46537,2021-06-30 22:35:00,40.70648,-73.96375,0,0,Driver Inattention/Distraction,4432806,35.2,24.9,0.1,0.1,0.0,1.0,51,20.6,37.1,246,Drizzle: Light,0,0,
46538,2021-06-30 14:10:00,40.729572,-73.83383,1,0,Driver Inattention/Distraction,4432884,35.2,24.9,0.1,0.1,0.0,1.0,51,20.6,37.1,246,Drizzle: Light,1,1,
46539,2021-06-29 17:38:00,40.785294,-73.969345,0,1,Driver Inattention/Distraction,4433548,33.4,24.0,0.7,0.7,0.0,4.0,51,19.5,40.0,231,Drizzle: Light,20,1,
46540,2021-06-30 21:00:00,40.71564,-73.94076,0,0,Unspecified,4433277,35.2,24.9,0.1,0.1,0.0,1.0,51,20.6,37.1,246,Drizzle: Light,0,0,
46541,2021-07-01 14:08:00,40.689465,-73.733986,1,0,Traffic Control Disregarded,4433067,27.8,22.2,25.2,25.2,0.0,12.0,65,10.6,33.1,280,Rain: Heavy,1,1,
46542,2021-07-01 10:00:00,40.757473,-73.91582,0,0,Unspecified,4433294,27.8,22.2,25.2,25.2,0.0,12.0,65,10.6,33.1,280,Rain: Heavy,0,0,
46543,2021-06-30 02:22:00,40.866066,-73.89438,1,0,Unspecified,4432438,35.2,24.9,0.1,0.1,0.0,1.0,51,20.6,37.1,246,Drizzle: Light,1,1,
46544,2021-06-30 09:14:00,40.590107,-73.814095,0,0,Driver Inattention/Distraction,4433096,35.2,24.9,0.1,0.1,0.0,1.0,51,20.6,37.1,246,Drizzle: Light,0,0,
46545,2021-06-30 17:10:00,40.681946,-73.73827,0,0,Unspecified,4433879,35.2,24.9,0.1,0.1,0.0,1.0,51,20.6,37.1,246,Drizzle: Light,0,0,
46546,2021-07-01 20:20:00,40.683464,-73.97569,0,0,Driver Inattention/Distraction,4433393,27.8,22.2,25.2,25.2,0.0,12.0,65,10.6,33.1,280,Rain: Heavy,0,0,
46547,2021-07-01 18:40:00,40.71567,-73.73531,0,0,Driver Inattention/Distraction,4433166,27.8,22.2,25.2,25.2,0.0,12.0,65,10.6,33.1,280,Rain: Heavy,0,0,
46548,2021-06-30 08:40:00,40.71843,-74.000534,1,0,Passing Too Closely,4432785,35.2,24.9,0.1,0.1,0.0,1.0,51,20.6,37.1,246,Drizzle: Light,1,1,
46549,2021-07-01 11:40:00,40.80751,-73.93413,1,0,Unspecified,4433007,27.8,22.2,25.2,25.2,0.0,12.0,65,10.6,33.1,280,Rain: Heavy,1,1,
46550,2021-07-01 18:57:00,40.6146,-73.92448,2,0,Unspecified,4433160,27.8,22.2,25.2,25.2,0.0,12.0,65,10.6,33.1,280,Rain: Heavy,2,2,
46551,2021-07-01 18:00:00,40.672688,-73.73544,0,0,Pavement Slippery,4433133,27.8,22.2,25.2,25.2,0.0,12.0,65,10.6,33.1,280,Rain: Heavy,0,0,
46552,2021-07-01 13:00:00,40.86531,-73.90333,0,0,Unspecified,4433052,27.8,22.2,25.2,25.2,0.0,12.0,65,10.6,33.1,280,Rain: Heavy,0,0,
46553,2021-06-29 11:13:00,40.70537,-73.775826,1,0,Reaction to Uninvolved Vehicle,4433318,33.4,24.0,0.7,0.7,0.0,4.0,51,19.5,40.0,231,Drizzle: Light,1,1,
46554,2021-06-30 06:50:00,40.664192,-73.841125,1,0,View Obstructed/Limited,4432547,35.2,24.9,0.1,0.1,0.0,1.0,51,20.6,37.1,246,Drizzle: Light,1,1,
46555,2021-06-30 16:28:00,40.56042,-74.1595,3,0,Turning Improperly,4433073,35.2,24.9,0.1,0.1,0.0,1.0,51,20.6,37.1,246,Drizzle: Light,3,3,
46556,2021-06-30 20:00:00,40.742676,-73.73361,0,0,Unspecified,4432756,35.2,24.9,0.1,0.1,0.0,1.0,51,20.6,37.1,246,Drizzle: Light,0,0,
46557,2021-06-29 10:00:00,40.845642,-73.90211,0,0,Unspecified,4433246,33.4,24.0,0.7,0.7,0.0,4.0,51,19.5,40.0,231,Drizzle: Light,0,0,
46558,2021-06-30 10:00:00,40.684082,-73.90864,1,0,Failure to Yield Right-of-Way,4432858,35.2,24.9,0.1,0.1,0.0,1.0,51,20.6,37.1,246,Drizzle: Light,1,1,