,CRASH DATETIME,LATITUDE,LONGITUDE,NUMBER OF PERSONS INJURED,NUMBER OF PERSONS KILLED,CONTRIBUTING FACTOR VEHICLE 1,COLLISION_ID,temperature_2m_max,temperature_2m_min,precipitation_sum,rain_sum,snowfall_sum,precipitation_hours,weather_code,wind_speed_10m_max,wind_gusts_10m_max,wind_direction_10m_dominant,Weather Description,Severity_Score,Total_Affected_Persons,Weather_Category
46559,2021-07-02 16:27:00,40.695957,-73.742744,0,0,Backing Unsafely,4433378,24.3,19.2,29.6,29.6,0.0,23.0,63,14.1,27.7,284,Rain: Moderate,0,0,
46560,2021-07-02 11:36:00,40.667904,-73.883606,1,0,Unspecified,4433305,24.3,19.2,29.6,29.6,0.0,23.0,63,14.1,27.7,284,Rain: Moderate,1,1,
46561,2021-07-01 15:18:00,40.828297,-73.95087,0,0,Unsafe Lane Changing,4433582,27.8,22.2,25.2,25.2,0.0,12.0,65,10.6,33.1,280,Rain: Heavy,0,0,
46562,2021-06-30 19:16:00,40.77958,-73.98183,1,0,Alcohol Involvement,4433103,35.2,24.9,0.1,0.1,0.0,1.0,51,20.6,37.1,246,Drizzle: Light,1,1,
46563,2021-07-01 15:18:00,40.676285,-73.98701,1,0,Passing or Lane Usage Improper,4433395,27.8,22.2,25.2,25.2,0.0,12.0,65,10.6,33.1,280,Rain: Heavy,1,1,
46564,2021-07-02 11:34:00,40.789238,-73.80486,0,0,Failure to Yield Right-of-Way,4433550,24.3,19.2,29.6,29.6,0.0,23.0,63,14.1,27.7,284,Rain: Moderate,0,0,
46565,2021-07-02 22:15:00,40.73793,-73.90856,1,0,Failure to Keep Right,4433413,24.3,19.2,29.6,29.6,0.0,23.0,63,14.1,27.7,284,Rain: Moderate,1,1,
46566,2021-07-02 09:54:00,40.77847,-73.95314,0,0,Other Vehicular,4433788,24.3,19.2,29.6,29.6,0.0,23.0,63,14.1,27.7,284,Rain: Moderate,0,0,
46567,2021-06-30 07:05:00,40.641468,-73.95938,1,0,Driver Inattention/Distraction,4433002,35.2,24.9,0.1,0.1,0.0,1.0,51,20.6,37.1,246,Drizzle: Light,1,1,
46568,2021-07-01 07:27:00,40.644722,-73.95545,0,0,Unspecified,4433728,27.8,22.2,25.2,25.2,0.0,12.0,65,10.6,33.1,280,Rain: Heavy,0,0,
46569,2021-07-01 16:00:00,40.889435,-73.855194,0,0,Unspecified,4433815,27.8,22.2,25.2,25.2,0.0,12.0,65,10.6,33.1,280,Rain: Heavy,0,0,
46570,2021-07-01 18:00:00,40.856403,-73.9073,0,0,Traffic Control Disregarded,4433247,27.8,22.2,25.2,25.2,0.0,12.0,65,10.6,33.1,280,Rain: Heavy,0,0,
46571,2021-07-01 08:30:00,40.67509,-73.89187,0,0,Unspecified,4433035,27.8,22.2,25.2,25.2,0.0,12.0,65,10.6,33.1,280,Rain: Heavy,0,0,
46572,2021-07-01 13:24:00,40.72169,-73.9429,0,0,Backing Unsafely,4433232,27.8,22.2,25.2,25.2,0.0,12.0,65,10.6,33.1,280,Rain: Heavy,0,0,
46573,2021-06-26 13:30:00,40.68114,-73.976166,0,0,Passing Too Closely,4433400,26.5,18.6,1.3,1.3,0.0,8.0,51,23.7,52.9,181,Drizzle: Light,0,0,
46574,2021-06-30 08:37:00,40.865345,-73.85102,0,0,Driver Inattention/Distraction,4432827,35.2,24.9,0.1,0.1,0.0,1.0,51,20.6,37.1,246,Drizzle: Light,0,0,
46575,2021-06-30 18:20:00,40.695114,-73.93194,1,0,Pedestrian/Bicyclist/Other Pedestrian Error/Confusion,4433656,35.2,24.9,0.1,0.1,0.0,1.0,51,20.6,37.1,246,Drizzle: Light,1,1,
46576,2021-06-26 19:30:00,40.892197,-73.85804,1,0,Driver Inattention/Distraction,4433798,26.5,18.6,1.3,1.3,0.0,8.0,51,23.7,52.9,181,Drizzle: Light,1,1,
46577,2021-07-02 01:05:00,40.86175,-73.9119,0,0,Backing Unsafely,4433190,24.3,19.2,29.6,29.6,0.0,23.0,63,14.1,27.7,284,Rain: Moderate,0,0,
46578,2021-07-02 14:56:00,40.839676,-73.871216,0,0,Driver Inattention/Distraction,4433699,24.3,19.2,29.6,29.6,0.0,23.0,63,14.1,27.7,284,Rain: Moderate,0,0,
46579,2021-07-02 19:30:00,40.83611,-73.92238,0,0,Turning Improperly,4433840,24.3,19.2,29.6,29.6,0.0,23.0,63,14.1,27.7,284,Rain: Moderate,0,0,
46580,2021-06-30 18:00:00,40.69941,-73.91081,0,0,Unspecified,4433756,35.2,24.9,0.1,0.1,0.0,1.0,51,20.6,37.1,246,Drizzle: Light,0,0,
46581,2021-07-01 17:12:00,40.695007,-73.98831,4,0,View Obstructed/Limited,4433146,27.8,22.2,25.2,25.2,0.0,12.0,65,10.6,33.1,280,Rain: Heavy,4,4,
46582,2021-06-30 20:17:00,40.872414,-73.839966,0,0,Driver Inattention/Distraction,4433090,35.2,24.9,0.1,0.1,0.0,1.0,51,20.6,37.1,246,Drizzle: Light,0,0,
46583,2021-07-01 13:36:00,40.635483,-74.09091,2,0,Traffic Control Disregarded,4433912,27.8,22.2,25.2,25.2,0.0,12.0,65,10.6,33.1,280,Rain: Heavy,2,2,
46584,2021-07-01 19:00:00,40.588547,-74.1453,1,0,Driver Inattention/Distraction,4433208,27.8,22.2,25.2,25.2,0.0,12.0,65,10.6,33.1,280,Rain: Heavy,1,1,
46585,2021-06-30 12:30:00,40.777702,-73.951324,1,0,Unspecified,4432675,35.2,24.9,0.1,0.1,0.0,1.0,51,20.6,37.1,246,Drizzle: Light,1,1,
46586,2021-06-30 16:20:00,40.665737,-73.75194,2,0,Following Too Closely,4432709,35.2,24.9,0.1,0.1,0.0,1.0,51,20.6,37.1,246,Drizzle: Light,2,2,
46587,2021-07-02 20:55:00,40.708057,-73.92255,0,0,Driver Inattention/Distraction,4433468,24.3,19.2,29.6,29.6,0.0,23.0,63,14.1,27.7,284,Rain: Moderate,0,0,
46588,2021-07-01 08:49:00,40.757393,-73.93547,0,0,Unspecified,4432939,27.8,22.2,25.2,25.2,0.0,12.0,65,10.6,33.1,280,Rain: Heavy,0,0,
46589,2021-06-30 22:14:00,40.851685,-73.94312,0,0,Unspecified,4433829,35.2,24.9,0.1,0.1,0.0,1.0,51,20.6,37.1,246,Drizzle: Light,0,0,
46590,2021-07-01 09:00:00,0.0,0.0,0,0,Unspecified,4433430,27.8,22.2,25.2,25.2,0.0,12.0,65,10.6,33.1,280,Rain: Heavy,0,0,
46591,2021-07-02 00:00:00,40.63889,-73.90702,0,0,Unspecified,4433258,24.3,19.2,29.6,29.6,0.0,23.0,63,14.1,27.7,284,Rain: Moderate,0,0,
46592,2021-07-01 15:30:00,40.669876,-73.84741,1,0,Following Too Closely,4433140,27.8,22.2,25.2,25.2,0.0,12.0,65,10.6,33.1,280,Rain: Heavy,1,1,
46593,2021-06-30 15:22:00,40.737785,-73.93496,0,0,Driver Inattention/Distraction,4432774,35.2,24.9,0.1,0.1,0.0,1.0,51,20.6,37.1,246,Drizzle: Light,0,0,
46594,2021-07-02 10:50:00,40.712944,-73.74524,0,0,Reaction to Uninvolved Vehicle,4433290,24.3,19.2,29.6,29.6,0.0,23.0,63,14.1,27.7,284,Rain: Moderate,0,0,
46595,2021-06-30 09:30:00,40.624382,-73.94643,1,0,Failure to Yield Right-of-Way,4433273,35.2,24.9,0.1,0.1,0.0,1.0,51,20.6,37.1,246,Drizzle: Light,1,1,
46596,2021-07-01 07:48:00,40.655388,-73.90301,0,0,Unspecified,4433622,27.8,22.2,25.2,25.2,0.0,12.0,65,10.6,33.1,280,Rain: Heavy,0,0,
46597,2021-06-30 18:00:00,40.703377,-73.86343,1,0,Pedestrian/Bicyclist/Other Pedestrian Error/Confusion,4433504,35.2,24.9,0.1,0.1,0.0,1.0,51,20.6,37.1,246,Drizzle: Light,1,1,
46598,2021-07-01 13:00:00,40.75888,-73.93011,0,0,Unspecified,4433295,27.8,22.2,25.2,25.2,0.0,12.0,65,10.6,33.1,280,Rain: Heavy,0,0,
46599,2021-07-01 06:49:00,40.75831,-73.96294,0,1,Driver Inattention/Distraction,4433109,27.8,22.2,25.2,25.2,0.0,12.0,65,10.6,33.1,280,Rain: Heavy,20,1,
46600,2021-06-24 14:11:00,40.58646,-73.81544,1,0,Failure to Yield Right-of-Way,4433777,23.2,13.5,0.0,0.0,0.0,0.0,3,19.7,40.0,145,Overcast,1,1,
46601,2021-06-30 12:15:00,40.586494,-74.092125,0,0,Reaction to Uninvolved Vehicle,4432656,35.2,24.9,0.1,0.1,0.0,1.0,51,20.6,37.1,246,Drizzle: Light,0,0,
46602,2021-06-30 08:30:00,0.0,0.0,0,0,Oversized Vehicle,4432892,35.2,24.9,0.1,0.1,0.0,1.0,51,20.6,37.1,246,Drizzle: Light,0,0,
46603,2021-06-30 15:10:00,40.852673,-73.88989,0,0,Obstruction/Debris,4432945,35.2,24.9,0.1,0.1,0.0,1.0,51,20.6,37.1,246,Drizzle: Light,0,0,
46604,2021-06-29 15:55:00,40.84852,-73.935936,0,0,Driver Inattention/Distraction,4433823,33.4,24.0,0.7,0.7,0.0,4.0,51,19.5,40.0,231,Drizzle: Light,0,0,
46605,2021-07-02 18:00:00,40.7444,-73.88606,0,0,Driver Inattention/Distraction,4433676,24.3,19.2,29.6,29.6,0.0,23.0,63,14.1,27.7,284,Rain: Moderate,0,0,
46606,2021-06-30 18:04:00,40.718773,-73.962204,0,0,Reaction to Uninvolved Vehicle,4432811,35.2,24.9,0.1,0.1,0.0,1.0,51,20.6,37.1,246,Drizzle: Light,0,0,
46607,2021-06-30 22:10:00,40.83089,-73.941376,1,0,View Obstructed/Limited,4433333,35.2,24.9,0.1,0.1,0.0,1.0,51,20.6,37.1,246,Drizzle: Light,1,1,
46608,2021-07-01 20:42:00,40.661507,-73.980934,0,0,Passing or Lane Usage Improper,4433875,27.8,22.2,25.2,25.2,0.0,12.0,65,10.6,33.1,280,Rain: Heavy,0,0,
46609,2021-06-29 10:30:00,40.70453,-73.817245,0,0,Driver Inattention/Distraction,4433435,33.4,24.0,0.7,0.7,0.0,4.0,51,19.5,40.0,231,Drizzle: Light,0,0,
46610,2021-06-28 00:30:00,40.812534,-73.88377,1,0,Failure to Yield Right-of-Way,4433350,32.3,22.9,0.0,0.0,0.0,0.0,3,20.0,37.8,212,Overcast,1,1,
46611,2021-06-30 17:30:00,40.542423,-74.14592,0,0,Reaction to Uninvolved Vehicle,4433079,35.2,24.9,0.1,0.1,0.0,1.0,51,20.6,37.1,246,Drizzle: Light,0,0,
46612,2021-06-30 17:10:00,40.64507,-73.95803,0,0,Unspecified,4432994,35.2,24.9,0.1,0.1,0.0,1.0,51,20.6,37.1,246,Drizzle: Light,0,0,
46613,2021-07-01 07:57:00,40.859974,-73.900795,1,0,Unspecified,4433226,27.8,22.2,25.2,25.2,0.0,12.0,65,10.6,33.1,280,Rain: Heavy,1,1,
46614,2021-06-30 17:30:00,40.636204,-73.923874,0,0,Unsafe Speed,4432768,35.2,24.9,0.1,0.1,0.0,1.0,51,20.6,37.1,246,Drizzle: Light,0,0,
46615,2021-07-02 22:00:00,40.71008,-73.84848,0,0,Alcohol Involvement,4433499,24.3,19.2,29.6,29.6,0.0,23.0,63,14.1,27.7,284,Rain: Moderate,0,0,
46616,2021-07-02 12:15:00,40.87148,-73.88521,0,0,Unspecified,4433963,24.3,19.2,29.6,29.6,0.0,23.0,63,14.1,27.7,284,Rain: Moderate,0,0,
46617,2021-07-02 22:34:00,40.660095,-73.92605,2,0,Unspecified,4433890,24.3,19.2,29.6,29.6,0.0,23.0,63,14.1,27.7,284,Rain: Moderate,2,2,
46618,2021-07-01 20:30:00,40.66475,-73.89405,0,0,Unspecified,4433301,27.8,22.2,25.2,25.2,0.0,12.0,65,10.6,33.1,280,Rain: Heavy,0,0,
46619,2021-06-30 12:58:00,40.8047,-73.91243,0,0,Unspecified,4432821,35.2,24.9,0.1,0.1,0.0,1.0,51,20.6,37.1,246,Drizzle: Light,0,0,
46620,2021-07-02 03:16:00,40.825954,-73.94337,0,0,Driver Inexperience,4433184,24.3,19.2,29.6,29.6,0.0,23.0,63,14.1,27.7,284,Rain: Moderate,0,0,
46621,2021-06-29 06:50:00,40.610676,-73.988365,2,0,Glare,4433561,33.4,24.0,0.7,0.7,0.0,4.0,51,19.5,40.0,231,Drizzle: Light,2,2,
46622,2021-07-01 22:00:00,40.719013,-73.79419,1,0,Unsafe Speed,4433452,27.8,22.2,25.2,25.2,0.0,12.0,65,10.6,33.1,280,Rain: Heavy,1,1,
46623,2021-07-02 19:10:00,40.850414,-73.93455,0,0,Passing or Lane Usage Improper,4433847,24.3,19.2,29.6,29.6,0.0,23.0,63,14.1,27.7,284,Rain: Moderate,0,0,
46624,2021-07-02 09:30:00,40.87521,-73.833694,0,0,Unspecified,4433327,24.3,19.2,29.6,29.6,0.0,23.0,63,14.1,27.7,284,Rain: Moderate,0,0,
46625,2021-07-01 17:01:00,40.648117,-73.97135,0,0,Driver Inattention/Distraction,4433359,27.8,22.2,25.2,25.2,0.0,12.0,65,10.6,33.1,280,Rain: Heavy,0,0,
46626,2021-07-02 18:03:00,40.625515,-73.9583,1,0,Unspecified,4433719,24.3,19.2,29.6,29.6,0.0,23.0,63,14.1,27.7,284,Rain: Moderate,1,1,
46627,2021-06-27 13:09:00,40.61222,-73.918846,0,0,Driver Inattention/Distraction,4433587,29.2,22.2,0.5,0.5,0.0,4.0,51,19.6,45.4,196,Drizzle: Light,0,0,
46628,2021-07-02 17:30:00,40.648823,-73.971565,0,0,Driver Inattention/Distraction,4433419,24.3,19.2,29.6,29.6,0.0,23.0,63,14.1,27.7,284,Rain: Moderate,0,0,
46629,2021-07-01 13:30:00,40.735947,-73.9839,0,0,Unspecified,4433652,27.8,22.2,25.2,25.2,0.0,12.0,65,10.6,33.1,280,Rain: Heavy,0,0,
46630,2021-06-29 12:46:00,40.77008,-73.94784,0,0,Following Too Closely,4433322,33.4,24.0,0.7,0.7,0.0,4.0,51,19.5,40.0,231,Drizzle: Light,0,0,
46631,2021-07-02 16:50:00,40.635494,-74.00957,0,0,Failure to Yield Right-of-Way,4433868,24.3,19.2,29.6,29.6,0.0,23.0,63,14.1,27.7,284,Rain: Moderate,0,0,
46632,2021-07-02 01:25:00,40.69786,-73.96395,1,0,Other Vehicular,4433179,24.3,19.2,29.6,29.6,0.0,23.0,63,14.1,27.7,284,Rain: Moderate,1,1,
46633,2021-06-30 13:50:00,40.70675,-73.80224,1,0,Failure to Yield Right-of-Way,4433121,35.2,24.9,0.1,0.1,0.0,1.0,51,20.6,37.1,246,Drizzle: Light,1,1,
46634,2021-06-30 16:40:00,40.68857,-73.8757,0,0,Unsafe Lane Changing,4433040,35.2,24.9,0.1,0.1,0.0,1.0,51,20.6,37.1,246,Drizzle: Light,0,0,
46635,2021-06-21 16:30:00,40.58017,-73.82886,0,0,Driver Inattention/Distraction,4433385,28.0,21.7,0.5,0.5,0.0,2.0,51,24.4,46.8,181,Drizzle: Light,0,0,
46636,2021-07-02 21:10:00,40.845066,-73.84541,0,0,Pavement Slippery,4433693,24.3,19.2,29.6,29.6,0.0,23.0,63,14.1,27.7,284,Rain: Moderate,0,0,
46637,2021-06-30 05:18:00,40.721302,-73.79853,0,0,Driver Inattention/Distraction,4433447,35.2,24.9,0.1,0.1,0.0,1.0,51,20.6,37.1,246,Drizzle: Light,0,0,
46638,2021-06-28 09:45:00,40.6553,-73.90318,0,0,Passing Too Closely,4433627,32.3,22.9,0.0,0.0,0.0,0.0,3,20.0,37.8,212,Overcast,0,0,
46639,2021-06-27 15:00:00,40.708675,-73.956314,0,0,Driver Inattention/Distraction,4433941,29.2,22.2,0.5,0.5,0.0,4.0,51,19.6,45.4,196,Drizzle: Light,0,0,
46640,2021-07-01 13:20:00,40.71407,-73.954346,0,0,Passing or Lane Usage Improper,4433171,27.8,22.2,25.2,25.2,0.0,12.0,65,10.6,33.1,280,Rain: Heavy,0,0,
46641,2021-06-30 07:40:00,40.782463,-73.97883,1,0,Driver Inattention/Distraction,4433532,35.2,24.9,0.1,0.1,0.0,1.0,51,20.6,37.1,246,Drizzle: Light,1,1,
46642,2021-07-01 07:02:00,40.732033,-73.91893,0,0,View Obstructed/Limited,4432934,27.8,22.2,25.2,25.2,0.0,12.0,65,10.6,33.1,280,Rain: Heavy,0,0,
46643,2021-06-19 14:58:00,40.75457,-73.99325,0,0,Aggressive Driving/Road Rage,4433672,31.5,19.5,1.2,1.2,0.0,3.0,53,21.1,38.2,243,Drizzle: Moderate,0,0,
46644,2021-06-30 04:45:00,40.819878,-73.85777,0,0,Cell Phone (hand-Held),4432572,35.2,24.9,0.1,0.1,0.0,1.0,51,20.6,37.1,246,Drizzle: Light,0,0,
46645,2021-06-30 00:00:00,40.70434,-73.89919,0,0,Driver Inattention/Distraction,4432972,35.2,24.9,0.1,0.1,0.0,1.0,51,20.6,37.1,246,Drizzle: Light,0,0,
46646,2021-06-29 13:08:00,40.602802,-73.74879,0,0,Driver Inattention/Distraction,4433254,33.4,24.0,0.7,0.7,0.0,4.0,51,19.5,40.0,231,Drizzle: Light,0,0,
46647,2021-06-30 17:30:00,40.642708,-73.91006,0,0,Failure to Yield Right-of-Way,4432745,35.2,24.9,0.1,0.1,0.0,1.0,51,20.6,37.1,246,Drizzle: Light,0,0,
46648,2021-06-30 18:53:00,40.84434,-73.91475,0,0,Backing Unsafely,4433220,35.2,24.9,0.1,0.1,0.0,1.0,51,20.6,37.1,246,Drizzle: Light,0,0,
46649,2021-06-30 16:20:00,40.81404,-73.9367,0,0,Unspecified,4432951,35.2,24.9,0.1,0.1,0.0,1.0,51,20.6,37.1,246,Drizzle: Light,0,0,
46650,2021-06-18 14:32:00,40.69911,-73.93402,1,0,Unsafe Speed,4433463,27.4,13.8,0.0,0.0,0.0,0.0,3,20.5,40.3,210,Overcast,1,1,
46651,2021-06-30 15:38:00,40.810696,-73.93913,0,0,Unsafe Lane Changing,4432901,35.2,24.9,0.1,0.1,0.0,1.0,51,20.6,37.1,246,Drizzle: Light,0,0,
46652,2021-07-02 16:16:00,40.61242,-74.09936,3,0,Following Too Closely,4433919,24.3,19.2,29.6,29.6,0.0,23.0,63,14.1,27.7,284,Rain: Moderate,3,3,
46653,2021-07-02 10:45:00,40.75829,-73.83431,0,0,Passing or Lane Usage Improper,4433480,24.3,19.2,29.6,29.6,0.0,23.0,63,14.1,27.7,284,Rain: Moderate,0,0,
46654,2021-06-30 03:08:00,40.699844,-73.991035,2,0,Following Too Closely,4433767,35.2,24.9,0.1,0.1,0.0,1.0,51,20.6,37.1,246,Drizzle: Light,2,2,
46655,2021-07-01 17:17:00,40.843216,-73.90345,2,0,Unsafe Speed,4433286,27.8,22.2,25.2,25.2,0.0,12.0,65,10.6,33.1,280,Rain: Heavy,2,2,
46656,2021-07-02 10:55:00,40.72362,-73.88802,2,0,Failure to Yield Right-of-Way,4433365,24.3,19.2,29.6,29.6,0.0,23.0,63,14.1,27.7,284,Rain: Moderate,2,2,
46657,2021-07-01 16:00:00,40.817997,-73.940285,0,0,Unspecified,4433907,27.8,22.2,25.2,25.2,0.0,12.0,65,10.6,33.1,280,Rain: Heavy,0,0,
46658,2021-06-30 22:12:00,40.73635,-73.97502,1,0,View Obstructed/Limited,4432845,35.2,24.9,0.1,0.1,0.0,1.0,51,20.6,37.1,246,Drizzle: Light,1,1,
46659,2021-07-02 00:30:00,40.8188,-73.95603,0,0,Driver Inattention/Distraction,4433183,24.3,19.2,29.6,29.6,0.0,23.0,63,14.1,27.7,284,Rain: Moderate,0,0,
46660,2021-06-25 09:20:00,40.755737,-73.87687,0,0,Unspecified,4433337,24.7,15.6,0.0,0.0,0.0,0.0,3,20.9,41.0,144,Overcast,0,0,
46661,2021-07-01 09:14:00,40.718075,-73.97511,0,0,Passing or Lane Usage Improper,4433083,27.8,22.2,25.2,25.2,0.0,12.0,65,10.6,33.1,280,Rain: Heavy,0,0,
46662,2021-06-30 18:26:00,40.61196,-73.96816,1,0,Unspecified,4433986,35.2,24.9,0.1,0.1,0.0,1.0,51,20.6,37.1,246,Drizzle: Light,1,1,
46663,2021-06-14 12:40:00,40.821854,-73.890305,0,0,Unspecified,4433354,21.4,17.5,21.7,21.7,0.0,11.0,65,21.1,48.6,154,Rain: Heavy,0,0,
46664,2021-06-30 15:30:00,40.68204,-73.808914,0,0,Driver Inattention/Distraction,4432872,35.2,24.9,0.1,0.1,0.0,1.0,51,20.6,37.1,246,Drizzle: Light,0,0,
46665,2021-06-30 13:50:00,40.66685,-73.8907,2,0,Failure to Yield Right-of-Way,4433041,35.2,24.9,0.1,0.1,0.0,1.0,51,20.6,37.1,246,Drizzle: Light,2,2,
46666,2021-07-02 00:30:00,40.757843,-73.78929,0,0,Driver Inattention/Distraction,4433196,24.3,19.2,29.6,29.6,0.0,23.0,63,14.1,27.7,284,Rain: Moderate,0,0,
46667,2021-06-30 16:30:00,40.73842,-73.8989,3,0,Unsafe Speed,4432790,35.2,24.9,0.1,0.1,0.0,1.0,51,20.6,37.1,246,Drizzle: Light,3,3,
46668,2021-07-02 16:38:00,40.759575,-73.96803,1,0,View Obstructed/Limited,4433423,24.3,19.2,29.6,29.6,0.0,23.0,63,14.1,27.7,284,Rain: Moderate,1,1,
46669,2021-07-01 10:19:00,40.72318,-73.99399,0,0,Passing Too Closely,4433707,27.8,22.2,25.2,25.2,0.0,12.0,65,10.6,33.1,280,Rain: Heavy,0,0,
46670,2021-07-01 06:30:00,40.736103,-73.90567,0,0,Turning Improperly,4432989,27.8,22.2,25.2,25.2,0.0,12.0,65,10.6,33.1,280,Rain: Heavy,0,0,
46671,2021-06-28 07:50:00,40.77041,-73.87558,1,0,Other Vehicular,4433403,32.3,22.9,0.0,0.0,0.0,0.0,3,20.0,37.8,212,Overcast,1,1,
46672,2021-07-02 12:44:00,40.615185,-73.98367,0,0,Following Too Closely,4433565,24.3,19.2,29.6,29.6,0.0,23.0,63,14.1,27.7,284,Rain: Moderate,0,0,
46673,2021-07-01 12:09:00,40.85638,-73.82631,0,0,Unspecified,4434014,27.8,22.2,25.2,25.2,0.0,12.0,65,10.6,33.1,280,Rain: Heavy,0,0,
46674,2021-07-02 17:20:00,40.699066,-73.76699,0,0,Failure to Yield Right-of-Way,4433601,24.3,19.2,29.6,29.6,0.0,23.0,63,14.1,27.7,284,Rain: Moderate,0,0,
46675,2021-06-28 18:55:00,40.828213,-73.89523,2,0,Unsafe Speed,4433342,32.3,22.9,0.0,0.0,0.0,0.0,3,20.0,37.8,212,Overcast,2,2,
46676,2021-07-02 13:20:00,40.626328,-74.03284,0,0,Passing Too Closely,4433522,24.3,19.2,29.6,29.6,0.0,23.0,63,14.1,27.7,284,Rain: Moderate,0,0,
46677,2021-07-01 19:57:00,40.683464,-73.97569,1,0,Unsafe Lane Changing,4433392,27.8,22.2,25.2,25.2,0.0,12.0,65,10.6,33.1,280,Rain: Heavy,1,1,
46678,2021-07-02 18:15:00,40.667114,-73.834656,0,0,Passing or Lane Usage Improper,4433516,24.3,19.2,29.6,29.6,0.0,23.0,63,14.1,27.7,284,Rain: Moderate,0,0,
46679,2021-07-02 11:56:00,40.688362,-73.77663,0,0,Following Too Closely,4433355,24.3,19.2,29.6,29.6,0.0,23.0,63,14.1,27.7,284,Rain: Moderate,0,0,
46680,2021-07-01 17:14:00,40.83301,-73.95027,0,0,Pavement Slippery,4433583,27.8,22.2,25.2,25.2,0.0,12.0,65,10.6,33.1,280,Rain: Heavy,0,0,
46681,2021-07-02 21:36:00,40.69067,-73.73134,0,0,Traffic Control Disregarded,4433415,24.3,19.2,29.6,29.6,0.0,23.0,63,14.1,27.7,284,Rain: Moderate,0,0,
46682,2021-07-01 09:30:00,40.675007,-73.865456,0,0,Unspecified,4433016,27.8,22.2,25.2,25.2,0.0,12.0,65,10.6,33.1,280,Rain: Heavy,0,0,
46683,2021-07-02 01:20:00,40.5796,-73.954445,0,0,Driver Inattention/Distraction,4433645,24.3,19.2,29.6,29.6,0.0,23.0,63,14.1,27.7,284,Rain: Moderate,0,0,
46684,2021-06-30 11:32:00,40.80705,-73.90824,0,0,Unspecified,4432820,35.2,24.9,0.1,0.1,0.0,1.0,51,20.6,37.1,246,Drizzle: Light,0,0,
46685,2021-07-02 15:10:00,40.67234,-73.72793,0,0,Unsafe Speed,4433495,24.3,19.2,29.6,29.6,0.0,23.0,63,14.1,27.7,284,Rain: Moderate,0,0,
46686,2021-06-13 17:30:00,40.677048,-73.9387,0,0,Following Too Closely,4433860,23.9,15.0,0.2,0.2,0.0,2.0,51,17.7,35.6,185,Drizzle: Light,0,0,
46687,2021-07-01 21:15:00,40.686077,-74.00038,1,0,Unspecified,4433259,27.8,22.2,25.2,25.2,0.0,12.0,65,10.6,33.1,280,Rain: Heavy,1,1,
46688,2021-06-25 15:37:00,40.65029,-73.97872,1,0,Unspecified,4433529,24.7,15.6,0.0,0.0,0.0,0.0,3,20.9,41.0,144,Overcast,1,1,
46689,2021-06-29 15:00:00,40.57858,-73.9884,0,0,Backing Unsafely,4433637,33.4,24.0,0.7,0.7,0.0,4.0,51,19.5,40.0,231,Drizzle: Light,0,0,
46690,2021-07-02 17:20:00,40.75274,-73.72413,0,0,Unspecified,4433381,24.3,19.2,29.6,29.6,0.0,23.0,63,14.1,27.7,284,Rain: Moderate,0,0,
46691,2021-06-26 12:55:00,40.777843,-73.98775,0,0,View Obstructed/Limited,4433536,26.5,18.6,1.3,1.3,0.0,8.0,51,23.7,52.9,181,Drizzle: Light,0,0,
46692,2021-06-27 14:30:00,40.76198,-73.9618,0,0,Other Vehicular,4433323,29.2,22.2,0.5,0.5,0.0,4.0,51,19.6,45.4,196,Drizzle: Light,0,0,
46693,2021-07-01 04:35:00,40.647076,-73.94435,0,0,Passing or Lane Usage Improper,4432956,27.8,22.2,25.2,25.2,0.0,12.0,65,10.6,33.1,280,Rain: Heavy,0,0,
46694,2021-06-30 07:30:00,40.69918,-73.941284,0,0,Driver Inattention/Distraction,4433665,35.2,24.9,0.1,0.1,0.0,1.0,51,20.6,37.1,246,Drizzle: Light,0,0,
46695,2021-06-23 01:50:00,40.7164,-73.80797,0,0,Driver Inattention/Distraction,4433438,23.1,12.2,0.0,0.0,0.0,0.0,3,16.5,31.7,309,Overcast,0,0,
46696,2021-06-30 12:33:00,40.676033,-73.981575,0,0,Unspecified,4432732,35.2,24.9,0.1,0.1,0.0,1.0,51,20.6,37.1,246,Drizzle: Light,0,0,
46697,2021-06-29 12:05:00,40.687943,-73.98141,0,0,Passing Too Closely,4433759,33.4,24.0,0.7,0.7,0.0,4.0,51,19.5,40.0,231,Drizzle: Light,0,0,
46698,2021-07-02 05:24:00,40.737537,-73.929955,0,0,Pavement Slippery,4433237,24.3,19.2,29.6,29.6,0.0,23.0,63,14.1,27.7,284,Rain: Moderate,0,0,
46699,2021-07-01 04:13:00,40.699505,-73.88883,3,0,Unsafe Speed,4433369,27.8,22.2,25.2,25.2,0.0,12.0,65,10.6,33.1,280,Rain: Heavy,3,3,
46700,2021-07-02 17:58:00,40.761166,-73.82938,0,0,Driverless/Runaway Vehicle,4433475,24.3,19.2,29.6,29.6,0.0,23.0,63,14.1,27.7,284,Rain: Moderate,0,0,
46701,2021-06-30 11:45:00,40.671932,-73.85165,0,0,Passing or Lane Usage Improper,4432885,35.2,24.9,0.1,0.1,0.0,1.0,51,20.6,37.1,246,Drizzle: Light,0,0,
46702,2021-06-30 20:00:00,40.713993,-73.831924,0,0,Aggressive Driving/Road Rage,4432778,35.2,24.9,0.1,0.1,0.0,1.0,51,20.6,37.1,246,Drizzle: Light,0,0,