,CRASH DATETIME,LATITUDE,LONGITUDE,NUMBER OF PERSONS INJURED,NUMBER OF PERSONS KILLED,CONTRIBUTING FACTOR VEHICLE 1,COLLISION_ID,temperature_2m_max,temperature_2m_min,precipitation_sum,rain_sum,snowfall_sum,precipitation_hours,weather_code,wind_speed_10m_max,wind_gusts_10m_max,wind_direction_10m_dominant,Weather Description,Severity_Score,Total_Affected_Persons,Weather_Category
46703,2021-06-30 20:00:00,40.653854,-73.834694,1,0,Tire Failure/Inadequate,4432878,35.2,24.9,0.1,0.1,0.0,1.0,51,20.6,37.1,246,Drizzle: Light,1,1,
46704,2021-07-01 00:00:00,40.59397,-73.939125,0,0,Unspecified,4433200,27.8,22.2,25.2,25.2,0.0,12.0,65,10.6,33.1,280,Rain: Heavy,0,0,
46705,2021-07-01 13:18:00,40.724636,-73.94818,0,0,Passing Too Closely,4433061,27.8,22.2,25.2,25.2,0.0,12.0,65,10.6,33.1,280,Rain: Heavy,0,0,
46706,2021-06-30 08:30:00,40.57909,-73.96447,0,0,Pavement Defective,4432832,35.2,24.9,0.1,0.1,0.0,1.0,51,20.6,37.1,246,Drizzle: Light,0,0,
46707,2021-07-01 11:45:00,40.67363,-73.73278,1,0,Driver Inattention/Distraction,4433068,27.8,22.2,25.2,25.2,0.0,12.0,65,10.6,33.1,280,Rain: Heavy,1,1,
46708,2021-07-02 16:47:00,40.774902,-73.953926,2,0,Driver Inattention/Distraction,4433785,24.3,19.2,29.6,29.6,0.0,23.0,63,14.1,27.7,284,Rain: Moderate,2,2,
46709,2021-06-30 00:50:00,40.856792,-73.91742,0,0,Reaction to Uninvolved Vehicle,4432474,35.2,24.9,0.1,0.1,0.0,1.0,51,20.6,37.1,246,Drizzle: Light,0,0,
46710,2021-06-30 18:35:00,40.897884,-73.83969,0,0,Unspecified,4433097,35.2,24.9,0.1,0.1,0.0,1.0,51,20.6,37.1,246,Drizzle: Light,0,0,
46711,2021-07-02 14:20:00,40.681786,-73.974144,0,0,Following Too Closely,4433512,24.3,19.2,29.6,29.6,0.0,23.0,63,14.1,27.7,284,Rain: Moderate,0,0,
46712,2021-07-02 05:45:00,40.682186,-73.836044,0,0,Traffic Control Disregarded,4433225,24.3,19.2,29.6,29.6,0.0,23.0,63,14.1,27.7,284,Rain: Moderate,0,0,
46713,2021-07-01 12:00:00,40.806652,-73.939995,0,0,Unspecified,4433006,27.8,22.2,25.2,25.2,0.0,12.0,65,10.6,33.1,280,Rain: Heavy,0,0,
46714,2021-07-02 05:00:00,40.898506,-73.87938,0,0,Pavement Slippery,4433374,24.3,19.2,29.6,29.6,0.0,23.0,63,14.1,27.7,284,Rain: Moderate,0,0,
46715,2021-07-01 23:00:00,40.64926,-73.90551,2,0,Turning Improperly,4433164,27.8,22.2,25.2,25.2,0.0,12.0,65,10.6,33.1,280,Rain: Heavy,2,2,
46716,2021-07-02 15:38:00,40.6586,-74.00339,0,0,Unspecified,4433407,24.3,19.2,29.6,29.6,0.0,23.0,63,14.1,27.7,284,Rain: Moderate,0,0,
46717,2021-07-02 16:45:00,40.71732,-73.9105,0,0,Outside Car Distraction,4433540,24.3,19.2,29.6,29.6,0.0,23.0,63,14.1,27.7,284,Rain: Moderate,0,0,
46718,2021-06-29 21:05:00,40.719933,-73.97876,2,0,Failure to Yield Right-of-Way,4433738,33.4,24.0,0.7,0.7,0.0,4.0,51,19.5,40.0,231,Drizzle: Light,2,2,
46719,2021-07-02 04:45:00,40.862534,-73.89708,0,0,Unspecified,4433264,24.3,19.2,29.6,29.6,0.0,23.0,63,14.1,27.7,284,Rain: Moderate,0,0,
46720,2021-06-29 16:40:00,40.663998,-73.94153,1,0,Driver Inexperience,4433427,33.4,24.0,0.7,0.7,0.0,4.0,51,19.5,40.0,231,Drizzle: Light,1,1,
46721,2021-07-02 21:06:00,40.808575,-73.885895,2,0,Pavement Slippery,4433576,24.3,19.2,29.6,29.6,0.0,23.0,63,14.1,27.7,284,Rain: Moderate,2,2,
46722,2021-07-02 14:43:00,40.67707,-73.975685,0,0,Other Vehicular,4433396,24.3,19.2,29.6,29.6,0.0,23.0,63,14.1,27.7,284,Rain: Moderate,0,0,
46723,2021-06-26 18:40:00,40.731018,-73.985916,0,0,Driver Inattention/Distraction,4433749,26.5,18.6,1.3,1.3,0.0,8.0,51,23.7,52.9,181,Drizzle: Light,0,0,
46724,2021-07-02 16:49:00,40.76524,-73.95788,0,0,Reaction to Uninvolved Vehicle,4433789,24.3,19.2,29.6,29.6,0.0,23.0,63,14.1,27.7,284,Rain: Moderate,0,0,
46725,2021-07-02 14:04:00,40.76027,-73.80401,1,0,Other Vehicular,4433552,24.3,19.2,29.6,29.6,0.0,23.0,63,14.1,27.7,284,Rain: Moderate,1,1,
46726,2021-06-26 03:40:00,40.6929,-73.928055,0,0,Unspecified,4433661,26.5,18.6,1.3,1.3,0.0,8.0,51,23.7,52.9,181,Drizzle: Light,0,0,
46727,2021-07-01 18:29:00,40.682415,-73.83617,1,0,Driver Inattention/Distraction,4433141,27.8,22.2,25.2,25.2,0.0,12.0,65,10.6,33.1,280,Rain: Heavy,1,1,
46728,2021-06-22 11:51:00,40.847427,-73.931404,0,0,Passing or Lane Usage Improper,4433704,24.2,15.1,8.5,8.5,0.0,9.0,63,22.2,43.2,305,Rain: Moderate,0,0,
46729,2021-06-26 02:45:00,40.680992,-73.75509,0,0,Following Too Closely,4433491,26.5,18.6,1.3,1.3,0.0,8.0,51,23.7,52.9,181,Drizzle: Light,0,0,
46730,2021-07-02 09:19:00,40.8523,-73.8951,0,0,Passing Too Closely,4433291,24.3,19.2,29.6,29.6,0.0,23.0,63,14.1,27.7,284,Rain: Moderate,0,0,
46731,2021-07-02 12:57:00,40.676155,-73.75566,0,0,Passing or Lane Usage Improper,4433379,24.3,19.2,29.6,29.6,0.0,23.0,63,14.1,27.7,284,Rain: Moderate,0,0,
46732,2021-06-08 08:17:00,40.786484,-73.97218,0,0,Passing or Lane Usage Improper,4433296,30.1,22.0,5.9,5.9,0.0,9.0,61,16.6,34.6,215,Rain: Light,0,0,
46733,2021-07-01 04:30:00,40.843204,-73.91196,0,0,Reaction to Uninvolved Vehicle,4433838,27.8,22.2,25.2,25.2,0.0,12.0,65,10.6,33.1,280,Rain: Heavy,0,0,
46734,2021-07-01 02:30:00,40.84497,-73.90247,0,0,Pedestrian/Bicyclist/Other Pedestrian Error/Confusion,4432946,27.8,22.2,25.2,25.2,0.0,12.0,65,10.6,33.1,280,Rain: Heavy,0,0,
46735,2021-06-30 07:50:00,40.690144,-73.7296,1,0,Driver Inattention/Distraction,4432692,35.2,24.9,0.1,0.1,0.0,1.0,51,20.6,37.1,246,Drizzle: Light,1,1,
46736,2021-06-30 13:00:00,40.728584,-73.7446,2,0,Failure to Yield Right-of-Way,4432696,35.2,24.9,0.1,0.1,0.0,1.0,51,20.6,37.1,246,Drizzle: Light,2,2,
46737,2021-06-30 17:30:00,40.684082,-73.90864,0,0,Driver Inattention/Distraction,4432913,35.2,24.9,0.1,0.1,0.0,1.0,51,20.6,37.1,246,Drizzle: Light,0,0,
46738,2021-06-30 20:00:00,40.880245,-73.85494,0,0,Driver Inattention/Distraction,4433095,35.2,24.9,0.1,0.1,0.0,1.0,51,20.6,37.1,246,Drizzle: Light,0,0,
46739,2021-06-30 06:40:00,40.742012,-73.78278,0,0,Following Too Closely,4432736,35.2,24.9,0.1,0.1,0.0,1.0,51,20.6,37.1,246,Drizzle: Light,0,0,
46740,2021-06-24 13:00:00,40.725582,-73.989876,1,0,Failure to Yield Right-of-Way,4433899,23.2,13.5,0.0,0.0,0.0,0.0,3,19.7,40.0,145,Overcast,1,1,
46741,2021-07-01 03:00:00,40.762527,-73.93805,0,0,Unspecified,4432940,27.8,22.2,25.2,25.2,0.0,12.0,65,10.6,33.1,280,Rain: Heavy,0,0,
46742,2021-06-29 10:50:00,40.87241,-73.85478,0,0,Driver Inattention/Distraction,4433698,33.4,24.0,0.7,0.7,0.0,4.0,51,19.5,40.0,231,Drizzle: Light,0,0,
46743,2021-07-01 16:48:00,40.59399,-73.9962,0,0,Driver Inattention/Distraction,4433113,27.8,22.2,25.2,25.2,0.0,12.0,65,10.6,33.1,280,Rain: Heavy,0,0,
46744,2021-06-30 15:45:00,40.769848,-73.98432,0,0,Reaction to Uninvolved Vehicle,4432766,35.2,24.9,0.1,0.1,0.0,1.0,51,20.6,37.1,246,Drizzle: Light,0,0,
46745,2021-06-30 21:31:00,40.726444,-73.76579,0,0,Tire Failure/Inadequate,4433442,35.2,24.9,0.1,0.1,0.0,1.0,51,20.6,37.1,246,Drizzle: Light,0,0,
46746,2021-07-02 11:46:00,40.665062,-73.90281,0,0,Unspecified,4433609,24.3,19.2,29.6,29.6,0.0,23.0,63,14.1,27.7,284,Rain: Moderate,0,0,
46747,2021-07-01 11:30:00,40.754105,-73.72321,1,0,Driver Inattention/Distraction,4433138,27.8,22.2,25.2,25.2,0.0,12.0,65,10.6,33.1,280,Rain: Heavy,1,1,
46748,2021-06-30 09:00:00,40.59841,-74.08393,0,0,Backing Unsafely,4432629,35.2,24.9,0.1,0.1,0.0,1.0,51,20.6,37.1,246,Drizzle: Light,0,0,
46749,2021-06-29 22:21:00,40.67868,-73.799706,0,0,Reaction to Uninvolved Vehicle,4433310,33.4,24.0,0.7,0.7,0.0,4.0,51,19.5,40.0,231,Drizzle: Light,0,0,
46750,2021-06-30 00:00:00,40.802116,-73.9361,0,0,Passing or Lane Usage Improper,4432914,35.2,24.9,0.1,0.1,0.0,1.0,51,20.6,37.1,246,Drizzle: Light,0,0,
46751,2021-06-30 17:30:00,40.840702,-73.827835,0,0,Unspecified,4433241,35.2,24.9,0.1,0.1,0.0,1.0,51,20.6,37.1,246,Drizzle: Light,0,0,
46752,2021-07-02 06:30:00,40.737297,-73.863625,0,0,Driver Inattention/Distraction,4433681,24.3,19.2,29.6,29.6,0.0,23.0,63,14.1,27.7,284,Rain: Moderate,0,0,
46753,2021-07-02 15:30:00,40.764122,-73.812775,1,0,Unspecified,4433471,24.3,19.2,29.6,29.6,0.0,23.0,63,14.1,27.7,284,Rain: Moderate,1,1,
46754,2021-06-30 15:40:00,40.86446,-73.91895,0,0,Following Too Closely,4433828,35.2,24.9,0.1,0.1,0.0,1.0,51,20.6,37.1,246,Drizzle: Light,0,0,
46755,2021-07-01 11:52:00,40.84291,-73.86844,0,0,Driver Inattention/Distraction,4433431,27.8,22.2,25.2,25.2,0.0,12.0,65,10.6,33.1,280,Rain: Heavy,0,0,
46756,2022-09-16 08:42:00,40.7283,-73.98189,0,0,Driver Inattention/Distraction,4566619,23.7,11.9,0.0,0.0,0.0,0.0,3,10.3,21.6,336,Overcast,0,0,
46757,2021-07-02 20:15:00,40.85602,-73.88846,1,0,Driver Inattention/Distraction,4434031,24.3,19.2,29.6,29.6,0.0,23.0,63,14.1,27.7,284,Rain: Moderate,1,1,
46758,2021-06-30 22:22:00,40.837894,-73.88138,0,0,Failure to Yield Right-of-Way,4432959,35.2,24.9,0.1,0.1,0.0,1.0,51,20.6,37.1,246,Drizzle: Light,0,0,
46759,2021-07-01 11:25:00,40.666397,-73.73857,1,0,Unspecified,4433289,27.8,22.2,25.2,25.2,0.0,12.0,65,10.6,33.1,280,Rain: Heavy,1,1,
46760,2021-07-01 07:46:00,40.66259,-73.90863,0,0,Unspecified,4433623,27.8,22.2,25.2,25.2,0.0,12.0,65,10.6,33.1,280,Rain: Heavy,0,0,
46761,2021-06-30 23:40:00,40.73416,-73.98863,0,0,Driver Inattention/Distraction,4432986,35.2,24.9,0.1,0.1,0.0,1.0,51,20.6,37.1,246,Drizzle: Light,0,0,
46762,2021-07-01 03:56:00,40.837803,-73.94215,1,0,Driver Inattention/Distraction,4433268,27.8,22.2,25.2,25.2,0.0,12.0,65,10.6,33.1,280,Rain: Heavy,1,1,
46763,2021-06-24 08:20:00,40.74459,-73.884674,1,0,Alcohol Involvement,4433679,23.2,13.5,0.0,0.0,0.0,0.0,3,19.7,40.0,145,Overcast,1,1,
46764,2021-06-30 12:44:00,40.67396,-73.778824,0,0,Following Too Closely,4432657,35.2,24.9,0.1,0.1,0.0,1.0,51,20.6,37.1,246,Drizzle: Light,0,0,
46765,2021-06-30 16:37:00,40.728893,-73.75342,0,0,Steering Failure,4432735,35.2,24.9,0.1,0.1,0.0,1.0,51,20.6,37.1,246,Drizzle: Light,0,0,
46766,2021-07-02 11:40:00,40.655273,-73.93178,1,0,Unspecified,4433869,24.3,19.2,29.6,29.6,0.0,23.0,63,14.1,27.7,284,Rain: Moderate,1,1,
46767,2021-06-30 13:59:00,40.701794,-73.80634,1,0,Backing Unsafely,4433122,35.2,24.9,0.1,0.1,0.0,1.0,51,20.6,37.1,246,Drizzle: Light,1,1,
46768,2021-06-22 07:40:00,40.85798,-73.93091,1,0,Pavement Slippery,4433696,24.2,15.1,8.5,8.5,0.0,9.0,63,22.2,43.2,305,Rain: Moderate,1,1,
46769,2021-07-01 12:30:00,40.711903,-73.96295,0,0,Other Vehicular,4433942,27.8,22.2,25.2,25.2,0.0,12.0,65,10.6,33.1,280,Rain: Heavy,0,0,
46770,2021-07-01 17:01:00,40.849606,-73.932655,0,0,Passing Too Closely,4433842,27.8,22.2,25.2,25.2,0.0,12.0,65,10.6,33.1,280,Rain: Heavy,0,0,
46771,2021-06-29 09:15:00,40.72073,-73.813416,0,0,Driver Inattention/Distraction,4433446,33.4,24.0,0.7,0.7,0.0,4.0,51,19.5,40.0,231,Drizzle: Light,0,0,
46772,2021-07-01 09:30:00,40.74223,-73.9933,1,0,Driver Inattention/Distraction,4433653,27.8,22.2,25.2,25.2,0.0,12.0,65,10.6,33.1,280,Rain: Heavy,1,1,
46773,2021-06-30 17:03:00,40.74132,-73.78478,0,0,Following Too Closely,4433448,35.2,24.9,0.1,0.1,0.0,1.0,51,20.6,37.1,246,Drizzle: Light,0,0,
46774,2021-07-01 06:30:00,40.688503,-73.96337,0,0,Unspecified,4433132,27.8,22.2,25.2,25.2,0.0,12.0,65,10.6,33.1,280,Rain: Heavy,0,0,
46775,2021-06-30 19:43:00,40.72416,-73.754974,0,0,Failure to Yield Right-of-Way,4432755,35.2,24.9,0.1,0.1,0.0,1.0,51,20.6,37.1,246,Drizzle: Light,0,0,
46776,2021-06-30 10:00:00,40.68714,-73.80801,0,0,Driver Inattention/Distraction,4432860,35.2,24.9,0.1,0.1,0.0,1.0,51,20.6,37.1,246,Drizzle: Light,0,0,
46777,2021-06-30 08:41:00,40.699512,-73.81461,0,0,Unsafe Speed,4433117,35.2,24.9,0.1,0.1,0.0,1.0,51,20.6,37.1,246,Drizzle: Light,0,0,
46778,2021-07-01 09:39:00,40.645794,-73.9602,0,0,Failure to Yield Right-of-Way,4433005,27.8,22.2,25.2,25.2,0.0,12.0,65,10.6,33.1,280,Rain: Heavy,0,0,
46779,2021-07-02 16:30:00,40.743168,-73.93659,0,0,Backing Unsafely,4433411,24.3,19.2,29.6,29.6,0.0,23.0,63,14.1,27.7,284,Rain: Moderate,0,0,
46780,2022-04-08 01:45:00,40.658417,-73.897255,0,0,Driver Inexperience,4517223,16.5,7.1,5.2,5.2,0.0,4.0,63,21.3,42.8,253,Rain: Moderate,0,0,
46781,2021-06-30 07:00:00,40.634747,-74.01752,1,0,Other Vehicular,4432674,35.2,24.9,0.1,0.1,0.0,1.0,51,20.6,37.1,246,Drizzle: Light,1,1,
46782,2021-07-01 12:10:00,40.831966,-73.8967,0,0,Driver Inattention/Distraction,4433279,27.8,22.2,25.2,25.2,0.0,12.0,65,10.6,33.1,280,Rain: Heavy,0,0,
46783,2021-07-02 20:55:00,40.686203,-73.808945,0,0,Unspecified,4433521,24.3,19.2,29.6,29.6,0.0,23.0,63,14.1,27.7,284,Rain: Moderate,0,0,
46784,2021-06-30 16:40:00,40.763687,-73.81444,0,0,Failure to Yield Right-of-Way,4432776,35.2,24.9,0.1,0.1,0.0,1.0,51,20.6,37.1,246,Drizzle: Light,0,0,
46785,2021-07-02 02:49:00,40.626736,-73.90161,0,0,Tire Failure/Inadequate,4433257,24.3,19.2,29.6,29.6,0.0,23.0,63,14.1,27.7,284,Rain: Moderate,0,0,
46786,2021-06-30 07:00:00,40.861347,-73.897736,0,0,Driver Inattention/Distraction,4432591,35.2,24.9,0.1,0.1,0.0,1.0,51,20.6,37.1,246,Drizzle: Light,0,0,
46787,2021-06-25 07:00:00,40.778095,-73.9783,0,0,Driver Inattention/Distraction,4433311,24.7,15.6,0.0,0.0,0.0,0.0,3,20.9,41.0,144,Overcast,0,0,
46788,2021-06-30 02:00:00,40.84232,-73.81976,0,0,Unspecified,4433248,35.2,24.9,0.1,0.1,0.0,1.0,51,20.6,37.1,246,Drizzle: Light,0,0,
46789,2021-06-30 18:29:00,40.63226,-73.90088,0,0,Driver Inattention/Distraction,4432746,35.2,24.9,0.1,0.1,0.0,1.0,51,20.6,37.1,246,Drizzle: Light,0,0,
46790,2021-06-30 06:25:00,40.731354,-73.80048,0,0,Driver Inattention/Distraction,4433441,35.2,24.9,0.1,0.1,0.0,1.0,51,20.6,37.1,246,Drizzle: Light,0,0,
46791,2021-06-30 22:00:00,40.67545,-73.74404,0,0,Unspecified,4433167,35.2,24.9,0.1,0.1,0.0,1.0,51,20.6,37.1,246,Drizzle: Light,0,0,
46792,2021-07-02 18:38:00,40.860577,-73.90255,1,0,Turning Improperly,4433481,24.3,19.2,29.6,29.6,0.0,23.0,63,14.1,27.7,284,Rain: Moderate,1,1,
46793,2021-07-02 15:35:00,40.863625,-73.89424,0,0,Driver Inattention/Distraction,4433773,24.3,19.2,29.6,29.6,0.0,23.0,63,14.1,27.7,284,Rain: Moderate,0,0,
46794,2021-07-01 00:42:00,40.689766,-73.82663,0,0,Driver Inattention/Distraction,4432906,27.8,22.2,25.2,25.2,0.0,12.0,65,10.6,33.1,280,Rain: Heavy,0,0,
46795,2021-07-01 13:25:00,40.683414,-73.92282,1,0,Passing or Lane Usage Improper,4433655,27.8,22.2,25.2,25.2,0.0,12.0,65,10.6,33.1,280,Rain: Heavy,1,1,
46796,2021-07-02 12:00:00,40.729603,-73.897705,0,0,Unspecified,4433364,24.3,19.2,29.6,29.6,0.0,23.0,63,14.1,27.7,284,Rain: Moderate,0,0,
46797,2021-06-30 14:20:00,40.749054,-73.749535,0,0,Driver Inattention/Distraction,4432740,35.2,24.9,0.1,0.1,0.0,1.0,51,20.6,37.1,246,Drizzle: Light,0,0,
46798,2021-07-02 11:30:00,40.844685,-73.9408,0,0,Driver Inattention/Distraction,4433332,24.3,19.2,29.6,29.6,0.0,23.0,63,14.1,27.7,284,Rain: Moderate,0,0,
46799,2021-06-30 19:40:00,40.816566,-73.90766,1,0,Other Vehicular,4433191,35.2,24.9,0.1,0.1,0.0,1.0,51,20.6,37.1,246,Drizzle: Light,1,1,
46800,2021-07-01 09:10:00,40.717186,-74.0129,0,0,Unspecified,4433058,27.8,22.2,25.2,25.2,0.0,12.0,65,10.6,33.1,280,Rain: Heavy,0,0,
46801,2021-07-01 16:00:00,40.889725,-73.85872,0,0,Passing or Lane Usage Improper,4433805,27.8,22.2,25.2,25.2,0.0,12.0,65,10.6,33.1,280,Rain: Heavy,0,0,
46802,2021-07-01 08:45:00,40.665558,-73.72985,1,0,Unspecified,4432965,27.8,22.2,25.2,25.2,0.0,12.0,65,10.6,33.1,280,Rain: Heavy,1,1,
46803,2021-07-01 10:00:00,40.593994,-73.98072,0,0,Unspecified,4433643,27.8,22.2,25.2,25.2,0.0,12.0,65,10.6,33.1,280,Rain: Heavy,0,0,
46804,2021-06-30 07:00:00,40.602028,-74.18777,0,0,Brakes Defective,4433209,35.2,24.9,0.1,0.1,0.0,1.0,51,20.6,37.1,246,Drizzle: Light,0,0,
46805,2021-07-02 21:33:00,40.67689,-73.900055,0,0,Unspecified,4433406,24.3,19.2,29.6,29.6,0.0,23.0,63,14.1,27.7,284,Rain: Moderate,0,0,
46806,2021-06-30 18:50:00,40.76551,-73.77089,0,0,View Obstructed/Limited,4432802,35.2,24.9,0.1,0.1,0.0,1.0,51,20.6,37.1,246,Drizzle: Light,0,0,
46807,2021-06-30 20:35:00,40.77506,-73.913864,0,0,Unspecified,4432938,35.2,24.9,0.1,0.1,0.0,1.0,51,20.6,37.1,246,Drizzle: Light,0,0,
46808,2021-07-02 00:00:00,40.819836,-73.89491,0,0,Outside Car Distraction,4433574,24.3,19.2,29.6,29.6,0.0,23.0,63,14.1,27.7,284,Rain: Moderate,0,0,
46809,2021-06-28 22:10:00,40.720707,-73.981316,0,0,Driver Inattention/Distraction,4433736,32.3,22.9,0.0,0.0,0.0,0.0,3,20.0,37.8,212,Overcast,0,0,
46810,2021-06-30 22:54:00,40.776646,-73.819664,0,0,Following Too Closely,4433474,35.2,24.9,0.1,0.1,0.0,1.0,51,20.6,37.1,246,Drizzle: Light,0,0,
46811,2021-07-01 08:55:00,40.65439,-73.91984,0,0,Unspecified,4432971,27.8,22.2,25.2,25.2,0.0,12.0,65,10.6,33.1,280,Rain: Heavy,0,0,
46812,2021-07-02 18:00:00,40.673008,-73.78809,3,0,Passenger Distraction,4434013,24.3,19.2,29.6,29.6,0.0,23.0,63,14.1,27.7,284,Rain: Moderate,3,3,
46813,2021-06-28 23:15:00,40.75731,-73.88381,0,0,Other Vehicular,4433272,32.3,22.9,0.0,0.0,0.0,0.0,3,20.0,37.8,212,Overcast,0,0,
46814,2021-06-30 19:50:00,40.826935,-73.93892,0,0,Passing Too Closely,4432955,35.2,24.9,0.1,0.1,0.0,1.0,51,20.6,37.1,246,Drizzle: Light,0,0,
46815,2021-05-05 18:58:00,40.830738,-73.9105,0,0,Driver Inattention/Distraction,4433848,15.1,10.8,9.9,9.9,0.0,17.0,61,21.5,42.5,23,Rain: Light,0,0,
46816,2021-06-30 13:28:00,40.84731,-73.9149,0,0,Following Too Closely,4432851,35.2,24.9,0.1,0.1,0.0,1.0,51,20.6,37.1,246,Drizzle: Light,0,0,
46817,2021-07-01 09:20:00,40.56015,-74.19968,4,0,Unsafe Speed,4433585,27.8,22.2,25.2,25.2,0.0,12.0,65,10.6,33.1,280,Rain: Heavy,4,4,
46818,2021-06-30 14:00:00,40.675404,-73.87192,2,0,Following Too Closely,4433034,35.2,24.9,0.1,0.1,0.0,1.0,51,20.6,37.1,246,Drizzle: Light,2,2,
46819,2021-06-30 21:05:00,40.76233,-73.87136,1,0,Traffic Control Disregarded,4433107,35.2,24.9,0.1,0.1,0.0,1.0,51,20.6,37.1,246,Drizzle: Light,1,1,
46820,2021-07-02 11:20:00,40.69564,-73.99739,0,0,Passing Too Closely,4433768,24.3,19.2,29.6,29.6,0.0,23.0,63,14.1,27.7,284,Rain: Moderate,0,0,
46821,2021-07-01 17:14:00,40.812725,-73.94931,1,0,Pedestrian/Bicyclist/Other Pedestrian Error/Confusion,4433285,27.8,22.2,25.2,25.2,0.0,12.0,65,10.6,33.1,280,Rain: Heavy,1,1,
46822,2021-06-30 12:50:00,40.709732,-73.92792,1,0,Driver Inattention/Distraction,4432796,35.2,24.9,0.1,0.1,0.0,1.0,51,20.6,37.1,246,Drizzle: Light,1,1,
46823,2021-06-28 18:15:00,40.826023,-73.83996,0,0,Unspecified,4433243,32.3,22.9,0.0,0.0,0.0,0.0,3,20.0,37.8,212,Overcast,0,0,
46824,2021-07-01 11:20:00,40.74482,-73.98953,0,0,Passing or Lane Usage Improper,4433049,27.8,22.2,25.2,25.2,0.0,12.0,65,10.6,33.1,280,Rain: Heavy,0,0,
46825,2022-04-06 23:21:00,40.644047,-73.9875,0,0,Unspecified,4517508,12.5,6.2,17.5,17.5,0.0,14.0,61,31.2,62.3,55,Rain: Light,0,0,
46826,2021-07-02 11:40:00,40.695637,-73.80372,1,0,Unsafe Speed,4433317,24.3,19.2,29.6,29.6,0.0,23.0,63,14.1,27.7,284,Rain: Moderate,1,1,
46827,2021-06-30 00:00:00,40.74273,-73.91499,1,0,Driver Inattention/Distraction,4432789,35.2,24.9,0.1,0.1,0.0,1.0,51,20.6,37.1,246,Drizzle: Light,1,1,
46828,2021-06-29 14:00:00,40.71204,-73.81599,0,0,Passing or Lane Usage Improper,4433436,33.4,24.0,0.7,0.7,0.0,4.0,51,19.5,40.0,231,Drizzle: Light,0,0,
46829,2021-06-30 00:40:00,40.81981,-73.84823,0,0,Unspecified,4432569,35.2,24.9,0.1,0.1,0.0,1.0,51,20.6,37.1,246,Drizzle: Light,0,0,
46830,2021-07-01 12:29:00,40.701767,-73.734344,2,0,Traffic Control Disregarded,4433069,27.8,22.2,25.2,25.2,0.0,12.0,65,10.6,33.1,280,Rain: Heavy,2,2,
46831,2021-07-01 15:15:00,40.83732,-73.84265,1,0,Unspecified,4433688,27.8,22.2,25.2,25.2,0.0,12.0,65,10.6,33.1,280,Rain: Heavy,1,1,
46832,2021-07-01 22:35:00,40.704716,-73.92875,1,0,Unsafe Speed,4433172,27.8,22.2,25.2,25.2,0.0,12.0,65,10.6,33.1,280,Rain: Heavy,1,1,
46833,2021-06-28 19:35:00,40.540447,-74.165,0,0,Failure to Yield Right-of-Way,4433375,32.3,22.9,0.0,0.0,0.0,0.0,3,20.0,37.8,212,Overcast,0,0,
46834,2021-06-30 09:50:00,40.6048,-73.966805,0,0,Driver Inattention/Distraction,4433968,35.2,24.9,0.1,0.1,0.0,1.0,51,20.6,37.1,246,Drizzle: Light,0,0,
46835,2021-06-30 16:37:00,40.687748,-73.96979,1,0,Driver Inattention/Distraction,4432712,35.2,24.9,0.1,0.1,0.0,1.0,51,20.6,37.1,246,Drizzle: Light,1,1,
46836,2021-06-23 14:30:00,40.779476,-73.97358,0,0,Other Vehicular,4433531,23.1,12.2,0.0,0.0,0.0,0.0,3,16.5,31.7,309,Overcast,0,0,
46837,2021-07-01 17:35:00,40.667385,-73.88709,1,0,Unspecified,4433300,27.8,22.2,25.2,25.2,0.0,12.0,65,10.6,33.1,280,Rain: Heavy,1,1,
46838,2021-06-30 18:25:00,40.803513,-73.92168,0,0,Other Vehicular,4432822,35.2,24.9,0.1,0.1,0.0,1.0,51,20.6,37.1,246,Drizzle: Light,0,0,
46839,2021-06-30 01:07:00,40.66934,-73.79863,1,0,Failure to Yield Right-of-Way,4433489,35.2,24.9,0.1,0.1,0.0,1.0,51,20.6,37.1,246,Drizzle: Light,1,1,
46840,2021-07-01 22:30:00,40.68039,-73.94956,0,0,Unsafe Speed,4433147,27.8,22.2,25.2,25.2,0.0,12.0,65,10.6,33.1,280,Rain: Heavy,0,0,
46841,2021-07-01 10:00:00,40.760628,-73.766754,0,0,Unspecified,4433104,27.8,22.2,25.2,25.2,0.0,12.0,65,10.6,33.1,280,Rain: Heavy,0,0,
46842,2021-06-30 16:30:00,40.63566,-73.95195,0,0,Driver Inattention/Distraction,4433010,35.2,24.9,0.1,0.1,0.0,1.0,51,20.6,37.1,246,Drizzle: Light,0,0,
46843,2021-07-01 17:20:00,40.75539,-73.828285,1,0,Failure to Yield Right-of-Way,4433469,27.8,22.2,25.2,25.2,0.0,12.0,65,10.6,33.1,280,Rain: Heavy,1,1,
46844,2021-06-30 21:00:00,40.612717,-74.0984,0,0,Unspecified,4433913,35.2,24.9,0.1,0.1,0.0,1.0,51,20.6,37.1,246,Drizzle: Light,0,0,
46845,2021-07-02 08:30:00,40.621605,-73.96998,1,0,Driver Inattention/Distraction,4433993,24.3,19.2,29.6,29.6,0.0,23.0,63,14.1,27.7,284,Rain: Moderate,1,1,