,CRASH DATETIME,LATITUDE,LONGITUDE,NUMBER OF PERSONS INJURED,NUMBER OF PERSONS KILLED,CONTRIBUTING FACTOR VEHICLE 1,COLLISION_ID,temperature_2m_max,temperature_2m_min,precipitation_sum,rain_sum,snowfall_sum,precipitation_hours,weather_code,wind_speed_10m_max,wind_gusts_10m_max,wind_direction_10m_dominant,Weather Description,Severity_Score,Total_Affected_Persons,Weather_Category
46846,2021-06-30 23:08:00,40.819878,-73.90153,0,0,View Obstructed/Limited,4433343,35.2,24.9,0.1,0.1,0.0,1.0,51,20.6,37.1,246,Drizzle: Light,0,0,
46847,2021-07-01 20:06:00,40.896626,-73.84892,1,0,Driver Inexperience,4433816,27.8,22.2,25.2,25.2,0.0,12.0,65,10.6,33.1,280,Rain: Heavy,1,1,
46848,2021-07-02 08:06:00,40.69225,-73.76669,1,0,Reaction to Uninvolved Vehicle,4433253,24.3,19.2,29.6,29.6,0.0,23.0,63,14.1,27.7,284,Rain: Moderate,1,1,
46849,2021-06-30 16:00:00,40.698006,-73.89476,0,0,Driver Inexperience,4433360,35.2,24.9,0.1,0.1,0.0,1.0,51,20.6,37.1,246,Drizzle: Light,0,0,
46850,2021-07-02 15:11:00,40.85447,-73.91008,0,0,Driver Inattention/Distraction,4433505,24.3,19.2,29.6,29.6,0.0,23.0,63,14.1,27.7,284,Rain: Moderate,0,0,
46851,2021-07-02 11:20:00,40.622585,-73.96281,1,0,Failure to Yield Right-of-Way,4433722,24.3,19.2,29.6,29.6,0.0,23.0,63,14.1,27.7,284,Rain: Moderate,1,1,
46852,2021-07-01 21:52:00,40.684994,-73.82927,0,0,Pavement Slippery,4433202,27.8,22.2,25.2,25.2,0.0,12.0,65,10.6,33.1,280,Rain: Heavy,0,0,
46853,2021-06-28 11:45:00,40.624115,-74.08114,1,0,Lost Consciousness,4433908,32.3,22.9,0.0,0.0,0.0,0.0,3,20.0,37.8,212,Overcast,1,1,
46854,2021-06-23 16:55:00,40.715927,-73.957634,0,0,Driver Inattention/Distraction,4433233,23.1,12.2,0.0,0.0,0.0,0.0,3,16.5,31.7,309,Overcast,0,0,
46855,2021-07-02 17:00:00,40.642963,-74.02193,0,0,Turning Improperly,4433420,24.3,19.2,29.6,29.6,0.0,23.0,63,14.1,27.7,284,Rain: Moderate,0,0,
46856,2021-07-02 11:40:00,40.67427,-73.98109,0,0,Passing Too Closely,4433401,24.3,19.2,29.6,29.6,0.0,23.0,63,14.1,27.7,284,Rain: Moderate,0,0,
46857,2021-06-24 07:55:00,40.849144,-73.93548,1,0,Traffic Control Disregarded,4433824,23.2,13.5,0.0,0.0,0.0,0.0,3,19.7,40.0,145,Overcast,1,1,
46858,2021-06-30 09:30:00,40.68079,-73.99174,2,0,Unspecified,4432829,35.2,24.9,0.1,0.1,0.0,1.0,51,20.6,37.1,246,Drizzle: Light,2,2,
46859,2021-07-02 18:18:00,40.75782,-73.83033,1,0,Failure to Yield Right-of-Way,4433479,24.3,19.2,29.6,29.6,0.0,23.0,63,14.1,27.7,284,Rain: Moderate,1,1,
46860,2021-07-01 22:40:00,40.606674,-73.99252,1,0,Alcohol Involvement,4433178,27.8,22.2,25.2,25.2,0.0,12.0,65,10.6,33.1,280,Rain: Heavy,1,1,
46861,2021-06-24 23:43:00,40.70191,-73.93699,0,0,Driver Inattention/Distraction,4433464,23.2,13.5,0.0,0.0,0.0,0.0,3,19.7,40.0,145,Overcast,0,0,
46862,2021-06-25 11:11:00,40.884457,-73.83283,2,0,Passenger Distraction,4433800,24.7,15.6,0.0,0.0,0.0,0.0,3,20.9,41.0,144,Overcast,2,2,
46863,2021-06-30 13:15:00,40.67624,-73.866104,0,0,Unspecified,4433026,35.2,24.9,0.1,0.1,0.0,1.0,51,20.6,37.1,246,Drizzle: Light,0,0,
46864,2021-07-02 18:16:00,40.746403,-73.97973,0,0,Driver Inattention/Distraction,4433673,24.3,19.2,29.6,29.6,0.0,23.0,63,14.1,27.7,284,Rain: Moderate,0,0,
46865,2021-07-01 17:45:00,40.73253,-73.89588,1,0,Driver Inattention/Distraction,4433494,27.8,22.2,25.2,25.2,0.0,12.0,65,10.6,33.1,280,Rain: Heavy,1,1,
46866,2021-06-30 23:44:00,40.70113,-73.96087,1,0,Driver Inattention/Distraction,4432808,35.2,24.9,0.1,0.1,0.0,1.0,51,20.6,37.1,246,Drizzle: Light,1,1,
46867,2021-07-01 06:00:00,40.816612,-73.88989,0,0,Unspecified,4433349,27.8,22.2,25.2,25.2,0.0,12.0,65,10.6,33.1,280,Rain: Heavy,0,0,
46868,2021-07-02 17:30:00,40.648067,-73.951195,0,0,Backing Unsafely,4433876,24.3,19.2,29.6,29.6,0.0,23.0,63,14.1,27.7,284,Rain: Moderate,0,0,
46869,2021-07-01 06:30:00,40.613655,-73.978,0,0,Driver Inattention/Distraction,4433636,27.8,22.2,25.2,25.2,0.0,12.0,65,10.6,33.1,280,Rain: Heavy,0,0,
46870,2021-06-30 21:00:00,40.693573,-73.74096,1,0,Unspecified,4432770,35.2,24.9,0.1,0.1,0.0,1.0,51,20.6,37.1,246,Drizzle: Light,1,1,
46871,2021-06-30 18:30:00,40.687103,-73.89251,0,0,Passing or Lane Usage Improper,4433064,35.2,24.9,0.1,0.1,0.0,1.0,51,20.6,37.1,246,Drizzle: Light,0,0,
46872,2021-06-30 18:00:00,40.56146,-74.16097,2,0,Driver Inattention/Distraction,4433076,35.2,24.9,0.1,0.1,0.0,1.0,51,20.6,37.1,246,Drizzle: Light,2,2,
46873,2021-07-01 08:30:00,40.697746,-73.75468,0,0,Unspecified,4434001,27.8,22.2,25.2,25.2,0.0,12.0,65,10.6,33.1,280,Rain: Heavy,0,0,
46874,2021-07-01 23:45:00,40.722527,-73.986115,1,0,Unspecified,4433742,27.8,22.2,25.2,25.2,0.0,12.0,65,10.6,33.1,280,Rain: Heavy,1,1,
46875,2021-07-02 14:05:00,40.807514,-73.92913,3,0,Turning Improperly,4433564,24.3,19.2,29.6,29.6,0.0,23.0,63,14.1,27.7,284,Rain: Moderate,3,3,
46876,2021-06-30 10:47:00,40.772697,-73.93269,1,0,Unspecified,4432932,35.2,24.9,0.1,0.1,0.0,1.0,51,20.6,37.1,246,Drizzle: Light,1,1,
46877,2021-06-30 18:49:00,40.63079,-73.94552,0,0,Unspecified,4432995,35.2,24.9,0.1,0.1,0.0,1.0,51,20.6,37.1,246,Drizzle: Light,0,0,
46878,2021-06-30 10:40:00,40.738476,-73.99739,0,0,Driverless/Runaway Vehicle,4432844,35.2,24.9,0.1,0.1,0.0,1.0,51,20.6,37.1,246,Drizzle: Light,0,0,
46879,2021-07-01 23:09:00,40.827103,-73.94997,0,0,Turning Improperly,4433185,27.8,22.2,25.2,25.2,0.0,12.0,65,10.6,33.1,280,Rain: Heavy,0,0,
46880,2021-07-02 11:30:00,40.835625,-73.85207,1,0,Failure to Yield Right-of-Way,4433328,24.3,19.2,29.6,29.6,0.0,23.0,63,14.1,27.7,284,Rain: Moderate,1,1,
46881,2021-07-02 14:35:00,40.692036,-73.969635,1,0,Following Too Closely,4433598,24.3,19.2,29.6,29.6,0.0,23.0,63,14.1,27.7,284,Rain: Moderate,1,1,
46882,2021-06-29 13:30:00,40.67783,-73.97223,0,0,Oversized Vehicle,4433387,33.4,24.0,0.7,0.7,0.0,4.0,51,19.5,40.0,231,Drizzle: Light,0,0,
46883,2021-06-30 10:15:00,40.74274,-73.85118,0,0,Following Too Closely,4432881,35.2,24.9,0.1,0.1,0.0,1.0,51,20.6,37.1,246,Drizzle: Light,0,0,
46884,2021-07-02 07:50:00,40.72766,-73.92938,6,0,Driver Inattention/Distraction,4433265,24.3,19.2,29.6,29.6,0.0,23.0,63,14.1,27.7,284,Rain: Moderate,6,6,
46885,2021-07-01 08:05:00,40.721928,-73.97936,0,0,Passing or Lane Usage Improper,4433741,27.8,22.2,25.2,25.2,0.0,12.0,65,10.6,33.1,280,Rain: Heavy,0,0,
46886,2021-07-01 22:30:00,40.83932,-73.91503,0,0,Driver Inattention/Distraction,4433843,27.8,22.2,25.2,25.2,0.0,12.0,65,10.6,33.1,280,Rain: Heavy,0,0,
46887,2021-07-02 18:00:00,40.586098,-73.93237,0,0,Driver Inattention/Distraction,4433515,24.3,19.2,29.6,29.6,0.0,23.0,63,14.1,27.7,284,Rain: Moderate,0,0,
46888,2021-07-02 13:33:00,40.676342,-73.910934,0,0,Driver Inattention/Distraction,4433624,24.3,19.2,29.6,29.6,0.0,23.0,63,14.1,27.7,284,Rain: Moderate,0,0,
46889,2021-07-01 16:15:00,40.689697,-73.98296,1,0,Failure to Yield Right-of-Way,4433112,27.8,22.2,25.2,25.2,0.0,12.0,65,10.6,33.1,280,Rain: Heavy,1,1,
46890,2021-07-01 18:20:00,40.628544,-74.07648,0,0,Driver Inattention/Distraction,4433918,27.8,22.2,25.2,25.2,0.0,12.0,65,10.6,33.1,280,Rain: Heavy,0,0,
46891,2021-06-29 18:00:00,40.694794,-73.98246,0,0,Passing Too Closely,4433760,33.4,24.0,0.7,0.7,0.0,4.0,51,19.5,40.0,231,Drizzle: Light,0,0,
46892,2021-07-02 10:50:00,40.71005,-73.76616,0,0,Unsafe Lane Changing,4433321,24.3,19.2,29.6,29.6,0.0,23.0,63,14.1,27.7,284,Rain: Moderate,0,0,
46893,2021-06-27 01:43:00,40.580975,-74.00402,0,0,Passing Too Closely,4433985,29.2,22.2,0.5,0.5,0.0,4.0,51,19.6,45.4,196,Drizzle: Light,0,0,
46894,2021-07-01 09:30:00,40.656883,-73.885155,0,0,Unspecified,4433038,27.8,22.2,25.2,25.2,0.0,12.0,65,10.6,33.1,280,Rain: Heavy,0,0,
46895,2021-07-02 01:00:00,40.752934,-73.819786,0,0,Driver Inexperience,4433478,24.3,19.2,29.6,29.6,0.0,23.0,63,14.1,27.7,284,Rain: Moderate,0,0,
46896,2021-07-02 02:38:00,40.801155,-73.959656,0,0,Reaction to Uninvolved Vehicle,4433260,24.3,19.2,29.6,29.6,0.0,23.0,63,14.1,27.7,284,Rain: Moderate,0,0,
46897,2021-07-01 21:02:00,40.61278,-73.93969,1,0,Driver Inattention/Distraction,4433159,27.8,22.2,25.2,25.2,0.0,12.0,65,10.6,33.1,280,Rain: Heavy,1,1,
46898,2021-06-30 09:58:00,40.68424,-73.83808,0,0,Passing or Lane Usage Improper,4432886,35.2,24.9,0.1,0.1,0.0,1.0,51,20.6,37.1,246,Drizzle: Light,0,0,
46899,2021-07-01 16:00:00,40.86587,-73.85102,0,0,Driver Inattention/Distraction,4433432,27.8,22.2,25.2,25.2,0.0,12.0,65,10.6,33.1,280,Rain: Heavy,0,0,
46900,2021-07-01 15:20:00,40.672478,-73.848,0,0,Other Vehicular,4433142,27.8,22.2,25.2,25.2,0.0,12.0,65,10.6,33.1,280,Rain: Heavy,0,0,
46901,2021-07-01 11:41:00,40.72775,-73.942,0,0,Backing Unsafely,4433042,27.8,22.2,25.2,25.2,0.0,12.0,65,10.6,33.1,280,Rain: Heavy,0,0,
46902,2021-06-30 05:38:00,40.761597,-73.9246,0,0,Unspecified,4432498,35.2,24.9,0.1,0.1,0.0,1.0,51,20.6,37.1,246,Drizzle: Light,0,0,
46903,2021-06-30 19:58:00,40.878807,-73.86557,0,0,Unsafe Speed,4433098,35.2,24.9,0.1,0.1,0.0,1.0,51,20.6,37.1,246,Drizzle: Light,0,0,
46904,2021-07-01 21:00:00,40.652786,-73.91997,0,0,Driver Inattention/Distraction,4433889,27.8,22.2,25.2,25.2,0.0,12.0,65,10.6,33.1,280,Rain: Heavy,0,0,
46905,2021-06-29 07:40:00,40.719822,-73.908264,0,0,Driver Inattention/Distraction,4433371,33.4,24.0,0.7,0.7,0.0,4.0,51,19.5,40.0,231,Drizzle: Light,0,0,
46906,2021-07-02 07:29:00,40.66717,-73.87108,1,0,Backing Unsafely,4433304,24.3,19.2,29.6,29.6,0.0,23.0,63,14.1,27.7,284,Rain: Moderate,1,1,
46907,2021-07-01 13:45:00,40.665245,-73.87513,0,0,Pedestrian/Bicyclist/Other Pedestrian Error/Confusion,4433297,27.8,22.2,25.2,25.2,0.0,12.0,65,10.6,33.1,280,Rain: Heavy,0,0,
46908,2021-07-01 14:52:00,40.60115,-73.97839,0,0,Unspecified,4433065,27.8,22.2,25.2,25.2,0.0,12.0,65,10.6,33.1,280,Rain: Heavy,0,0,
46909,2021-06-30 00:10:00,40.659386,-73.93917,0,0,Driver Inattention/Distraction,4432794,35.2,24.9,0.1,0.1,0.0,1.0,51,20.6,37.1,246,Drizzle: Light,0,0,
46910,2021-07-01 14:00:00,40.786938,-73.979294,0,0,Unspecified,4433535,27.8,22.2,25.2,25.2,0.0,12.0,65,10.6,33.1,280,Rain: Heavy,0,0,
46911,2021-06-30 13:20:00,40.803425,-73.93309,0,0,Passing or Lane Usage Improper,4432698,35.2,24.9,0.1,0.1,0.0,1.0,51,20.6,37.1,246,Drizzle: Light,0,0,
46912,2021-07-02 18:00:00,40.731506,-73.895805,1,0,Passing Too Closely,4433541,24.3,19.2,29.6,29.6,0.0,23.0,63,14.1,27.7,284,Rain: Moderate,1,1,
46913,2021-06-27 09:17:00,40.68863,-73.92969,0,0,Following Too Closely,4433666,29.2,22.2,0.5,0.5,0.0,4.0,51,19.6,45.4,196,Drizzle: Light,0,0,
46914,2021-06-29 17:27:00,40.68928,-73.79611,1,0,Driver Inattention/Distraction,4433356,33.4,24.0,0.7,0.7,0.0,4.0,51,19.5,40.0,231,Drizzle: Light,1,1,
46915,2021-06-30 11:30:00,40.731983,-73.91912,0,0,Unspecified,4433578,35.2,24.9,0.1,0.1,0.0,1.0,51,20.6,37.1,246,Drizzle: Light,0,0,
46916,2021-07-02 11:20:00,40.858994,-73.90573,1,0,Backing Unsafely,4433292,24.3,19.2,29.6,29.6,0.0,23.0,63,14.1,27.7,284,Rain: Moderate,1,1,
46917,2021-07-02 00:05:00,40.73873,-73.81428,0,0,Passing or Lane Usage Improper,4433458,24.3,19.2,29.6,29.6,0.0,23.0,63,14.1,27.7,284,Rain: Moderate,0,0,
46918,2021-06-30 17:20:00,40.601948,-73.99382,0,0,Following Too Closely,4432942,35.2,24.9,0.1,0.1,0.0,1.0,51,20.6,37.1,246,Drizzle: Light,0,0,
46919,2021-07-02 20:29:00,40.681286,-73.76979,1,0,Unspecified,4433397,24.3,19.2,29.6,29.6,0.0,23.0,63,14.1,27.7,284,Rain: Moderate,1,1,
46920,2021-07-01 07:10:00,40.767612,-73.950005,0,0,Driver Inattention/Distraction,4433792,27.8,22.2,25.2,25.2,0.0,12.0,65,10.6,33.1,280,Rain: Heavy,0,0,
46921,2021-07-01 23:00:00,40.598934,-74.06377,0,0,Alcohol Involvement,4433584,27.8,22.2,25.2,25.2,0.0,12.0,65,10.6,33.1,280,Rain: Heavy,0,0,
46922,2021-07-02 20:00:00,40.78417,-73.84675,0,0,Failure to Yield Right-of-Way,4433553,24.3,19.2,29.6,29.6,0.0,23.0,63,14.1,27.7,284,Rain: Moderate,0,0,
46923,2021-07-02 21:50:00,40.737785,-73.93496,0,0,Unspecified,4433416,24.3,19.2,29.6,29.6,0.0,23.0,63,14.1,27.7,284,Rain: Moderate,0,0,
46924,2021-06-29 20:39:00,40.724846,-73.999,1,0,Unspecified,4433240,33.4,24.0,0.7,0.7,0.0,4.0,51,19.5,40.0,231,Drizzle: Light,1,1,
46925,2021-07-02 13:48:00,40.77048,-73.983864,0,0,Passing or Lane Usage Improper,4433530,24.3,19.2,29.6,29.6,0.0,23.0,63,14.1,27.7,284,Rain: Moderate,0,0,
46926,2021-07-01 13:10:00,40.739185,-73.901764,1,0,Driver Inattention/Distraction,4433012,27.8,22.2,25.2,25.2,0.0,12.0,65,10.6,33.1,280,Rain: Heavy,1,1,
46927,2021-07-02 11:35:00,40.820255,-73.94562,1,0,Other Vehicular,4433353,24.3,19.2,29.6,29.6,0.0,23.0,63,14.1,27.7,284,Rain: Moderate,1,1,
46928,2021-06-30 23:33:00,40.820213,-73.82537,0,0,Alcohol Involvement,4432850,35.2,24.9,0.1,0.1,0.0,1.0,51,20.6,37.1,246,Drizzle: Light,0,0,
46929,2021-07-02 23:00:00,40.879814,-73.86149,0,0,Unsafe Speed,4433818,24.3,19.2,29.6,29.6,0.0,23.0,63,14.1,27.7,284,Rain: Moderate,0,0,
46930,2021-07-02 21:15:00,40.716965,-73.99443,2,0,Traffic Control Disregarded,4433703,24.3,19.2,29.6,29.6,0.0,23.0,63,14.1,27.7,284,Rain: Moderate,2,2,
46931,2021-06-30 14:30:00,40.688995,-73.78581,0,0,Driver Inattention/Distraction,4433490,35.2,24.9,0.1,0.1,0.0,1.0,51,20.6,37.1,246,Drizzle: Light,0,0,
46932,2021-07-02 12:30:00,40.635643,-73.74013,1,0,Failure to Yield Right-of-Way,4433382,24.3,19.2,29.6,29.6,0.0,23.0,63,14.1,27.7,284,Rain: Moderate,1,1,
46933,2021-07-01 18:02:00,40.592503,-73.959145,0,0,Unspecified,4433199,27.8,22.2,25.2,25.2,0.0,12.0,65,10.6,33.1,280,Rain: Heavy,0,0,
46934,2021-06-30 21:05:00,40.57089,-74.1479,0,0,Following Too Closely,4432870,35.2,24.9,0.1,0.1,0.0,1.0,51,20.6,37.1,246,Drizzle: Light,0,0,
46935,2021-07-01 16:00:00,40.610214,-74.1202,0,0,Passing or Lane Usage Improper,4433219,27.8,22.2,25.2,25.2,0.0,12.0,65,10.6,33.1,280,Rain: Heavy,0,0,
46936,2021-06-24 14:22:00,40.865795,-73.920006,1,0,Passing or Lane Usage Improper,4433712,23.2,13.5,0.0,0.0,0.0,0.0,3,19.7,40.0,145,Overcast,1,1,
46937,2021-07-02 16:08:00,40.63747,-73.91918,0,0,Passing or Lane Usage Improper,4433422,24.3,19.2,29.6,29.6,0.0,23.0,63,14.1,27.7,284,Rain: Moderate,0,0,
46938,2021-07-01 12:45:00,40.765545,-73.95471,1,0,Passenger Distraction,4433324,27.8,22.2,25.2,25.2,0.0,12.0,65,10.6,33.1,280,Rain: Heavy,1,1,
46939,2021-07-02 17:10:00,40.73384,-74.00121,1,0,Failure to Yield Right-of-Way,4433836,24.3,19.2,29.6,29.6,0.0,23.0,63,14.1,27.7,284,Rain: Moderate,1,1,
46940,2021-07-02 13:46:00,40.678543,-73.949684,0,0,Passing Too Closely,4433859,24.3,19.2,29.6,29.6,0.0,23.0,63,14.1,27.7,284,Rain: Moderate,0,0,
46941,2021-07-01 09:10:00,40.648026,-74.014084,1,0,Driver Inattention/Distraction,4432990,27.8,22.2,25.2,25.2,0.0,12.0,65,10.6,33.1,280,Rain: Heavy,1,1,
46942,2021-06-30 02:00:00,40.657135,-73.90365,1,0,Other Vehicular,4432909,35.2,24.9,0.1,0.1,0.0,1.0,51,20.6,37.1,246,Drizzle: Light,1,1,
46943,2021-07-02 12:00:00,40.713814,-73.92058,0,0,Backing Unsafely,4433754,24.3,19.2,29.6,29.6,0.0,23.0,63,14.1,27.7,284,Rain: Moderate,0,0,
46944,2021-06-30 20:03:00,40.761246,-73.76986,0,0,Driver Inattention/Distraction,4432739,35.2,24.9,0.1,0.1,0.0,1.0,51,20.6,37.1,246,Drizzle: Light,0,0,
46945,2021-06-29 20:00:00,40.665947,-73.9831,0,0,Driver Inattention/Distraction,4433391,33.4,24.0,0.7,0.7,0.0,4.0,51,19.5,40.0,231,Drizzle: Light,0,0,
46946,2021-06-30 15:08:00,40.683304,-73.917274,1,0,Failure to Yield Right-of-Way,4433654,35.2,24.9,0.1,0.1,0.0,1.0,51,20.6,37.1,246,Drizzle: Light,1,1,
46947,2021-07-01 13:35:00,40.753254,-73.86967,2,0,Driver Inattention/Distraction,4433426,27.8,22.2,25.2,25.2,0.0,12.0,65,10.6,33.1,280,Rain: Heavy,2,2,
46948,2021-06-11 10:05:00,40.734203,-73.824875,0,0,Passing Too Closely,4433449,20.7,15.3,1.2,1.2,0.0,3.0,53,13.2,27.0,97,Drizzle: Moderate,0,0,
46949,2021-07-02 23:42:00,40.661854,-73.92627,0,0,Passing Too Closely,4433894,24.3,19.2,29.6,29.6,0.0,23.0,63,14.1,27.7,284,Rain: Moderate,0,0,
46950,2021-07-02 18:50:00,40.657288,-73.90756,1,0,Driver Inattention/Distraction,4433610,24.3,19.2,29.6,29.6,0.0,23.0,63,14.1,27.7,284,Rain: Moderate,1,1,
46951,2021-06-30 14:05:00,40.75819,-73.82318,2,0,Failure to Yield Right-of-Way,4432764,35.2,24.9,0.1,0.1,0.0,1.0,51,20.6,37.1,246,Drizzle: Light,2,2,
46952,2021-07-02 22:43:00,40.664192,-73.841125,0,0,Passing or Lane Usage Improper,4433520,24.3,19.2,29.6,29.6,0.0,23.0,63,14.1,27.7,284,Rain: Moderate,0,0,
46953,2021-07-01 18:09:00,40.750492,-73.97172,0,0,Driver Inexperience,4433136,27.8,22.2,25.2,25.2,0.0,12.0,65,10.6,33.1,280,Rain: Heavy,0,0,
46954,2021-06-30 07:55:00,40.846283,-73.92061,1,0,Unsafe Speed,4432631,35.2,24.9,0.1,0.1,0.0,1.0,51,20.6,37.1,246,Drizzle: Light,1,1,
46955,2021-06-30 19:52:00,40.58153,-73.96195,0,0,Other Vehicular,4433644,35.2,24.9,0.1,0.1,0.0,1.0,51,20.6,37.1,246,Drizzle: Light,0,0,
46956,2021-07-01 13:20:00,40.680473,-73.9614,2,0,Reaction to Uninvolved Vehicle,4433118,27.8,22.2,25.2,25.2,0.0,12.0,65,10.6,33.1,280,Rain: Heavy,2,2,
46957,2021-06-30 09:00:00,40.80723,-73.92055,0,0,Unspecified,4432918,35.2,24.9,0.1,0.1,0.0,1.0,51,20.6,37.1,246,Drizzle: Light,0,0,
46958,2021-07-01 12:20:00,40.577995,-73.95964,0,0,Driver Inattention/Distraction,4433646,27.8,22.2,25.2,25.2,0.0,12.0,65,10.6,33.1,280,Rain: Heavy,0,0,
46959,2021-06-30 20:00:00,40.639896,-73.97,0,0,Unspecified,4433989,35.2,24.9,0.1,0.1,0.0,1.0,51,20.6,37.1,246,Drizzle: Light,0,0,
46960,2021-07-01 19:00:00,40.70703,-73.831665,0,0,Turning Improperly,4433280,27.8,22.2,25.2,25.2,0.0,12.0,65,10.6,33.1,280,Rain: Heavy,0,0,
46961,2021-06-30 17:40:00,40.866802,-73.88444,2,0,Driver Inattention/Distraction,4432816,35.2,24.9,0.1,0.1,0.0,1.0,51,20.6,37.1,246,Drizzle: Light,2,2,
46962,2021-07-01 15:40:00,40.720745,-73.98617,1,0,Failure to Yield Right-of-Way,4433182,27.8,22.2,25.2,25.2,0.0,12.0,65,10.6,33.1,280,Rain: Heavy,1,1,
46963,2021-07-02 01:38:00,40.848183,-73.82028,0,0,Unspecified,4433690,24.3,19.2,29.6,29.6,0.0,23.0,63,14.1,27.7,284,Rain: Moderate,0,0,
46964,2021-06-30 06:00:00,40.87823,-73.85848,0,0,Unspecified,4433094,35.2,24.9,0.1,0.1,0.0,1.0,51,20.6,37.1,246,Drizzle: Light,0,0,
46965,2021-07-01 18:45:00,40.66688,-73.931305,0,0,Driver Inattention/Distraction,4433163,27.8,22.2,25.2,25.2,0.0,12.0,65,10.6,33.1,280,Rain: Heavy,0,0,
46966,2021-06-30 14:00:00,40.74947,-73.7564,2,0,Unspecified,4432741,35.2,24.9,0.1,0.1,0.0,1.0,51,20.6,37.1,246,Drizzle: Light,2,2,
46967,2021-06-30 18:30:00,40.86507,-73.87185,0,0,Unspecified,4432771,35.2,24.9,0.1,0.1,0.0,1.0,51,20.6,37.1,246,Drizzle: Light,0,0,
46968,2021-07-01 07:55:00,40.69044,-73.77636,1,0,Turning Improperly,4432996,27.8,22.2,25.2,25.2,0.0,12.0,65,10.6,33.1,280,Rain: Heavy,1,1,
46969,2021-07-02 21:53:00,40.815384,-73.902306,1,0,Pavement Slippery,4433575,24.3,19.2,29.6,29.6,0.0,23.0,63,14.1,27.7,284,Rain: Moderate,1,1,
46970,2021-06-30 09:23:00,40.66112,-73.920135,2,0,Driver Inattention/Distraction,4432960,35.2,24.9,0.1,0.1,0.0,1.0,51,20.6,37.1,246,Drizzle: Light,2,2,
46971,2021-06-30 22:15:00,40.763054,-73.886734,0,0,Unspecified,4432966,35.2,24.9,0.1,0.1,0.0,1.0,51,20.6,37.1,246,Drizzle: Light,0,0,
46972,2021-07-01 17:50:00,40.710094,-73.9898,0,0,Unspecified,4433186,27.8,22.2,25.2,25.2,0.0,12.0,65,10.6,33.1,280,Rain: Heavy,0,0,
46973,2021-06-29 09:39:00,40.787685,-73.97502,1,0,Backing Unsafely,4433307,33.4,24.0,0.7,0.7,0.0,4.0,51,19.5,40.0,231,Drizzle: Light,1,1,
46974,2021-06-30 09:08:00,40.87795,-73.88026,0,0,Unspecified,4432615,35.2,24.9,0.1,0.1,0.0,1.0,51,20.6,37.1,246,Drizzle: Light,0,0,
46975,2021-07-02 05:25:00,40.70978,-73.82043,2,0,Driver Inattention/Distraction,4433454,24.3,19.2,29.6,29.6,0.0,23.0,63,14.1,27.7,284,Rain: Moderate,2,2,
46976,2021-06-28 16:10:00,40.719967,-73.95545,0,0,Passing or Lane Usage Improper,4433236,32.3,22.9,0.0,0.0,0.0,0.0,3,20.0,37.8,212,Overcast,0,0,
46977,2021-07-02 23:40:00,40.74216,-73.977745,1,0,Failure to Yield Right-of-Way,4433659,24.3,19.2,29.6,29.6,0.0,23.0,63,14.1,27.7,284,Rain: Moderate,1,1,
46978,2021-06-30 17:00:00,40.70213,-73.77642,1,0,Driver Inattention/Distraction,4433368,35.2,24.9,0.1,0.1,0.0,1.0,51,20.6,37.1,246,Drizzle: Light,1,1,
46979,2021-07-01 20:00:00,40.86871,-73.90594,0,0,Turning Improperly,4433866,27.8,22.2,25.2,25.2,0.0,12.0,65,10.6,33.1,280,Rain: Heavy,0,0,
46980,2021-06-30 14:44:00,40.59727,-73.99868,0,0,Passing Too Closely,4433329,35.2,24.9,0.1,0.1,0.0,1.0,51,20.6,37.1,246,Drizzle: Light,0,0,
46981,2021-07-01 02:19:00,40.74713,-73.88869,0,0,Traffic Control Disregarded,4432877,27.8,22.2,25.2,25.2,0.0,12.0,65,10.6,33.1,280,Rain: Heavy,0,0,
46982,2021-07-01 15:20:00,40.806156,-73.9226,1,0,Unspecified,4433195,27.8,22.2,25.2,25.2,0.0,12.0,65,10.6,33.1,280,Rain: Heavy,1,1,
46983,2021-06-17 16:00:00,40.630516,-74.139565,1,0,,4433336,23.9,12.1,0.0,0.0,0.0,0.0,3,13.4,27.4,311,Overcast,1,1,
46984,2021-06-29 10:00:00,40.71709,-73.82631,1,0,Pavement Slippery,4433445,33.4,24.0,0.7,0.7,0.0,4.0,51,19.5,40.0,231,Drizzle: Light,1,1,
46985,2021-07-02 10:10:00,40.88656,-73.83019,0,0,Failure to Yield Right-of-Way,4433812,24.3,19.2,29.6,29.6,0.0,23.0,63,14.1,27.7,284,Rain: Moderate,0,0,
46986,2021-07-01 16:24:00,40.699024,-73.91623,0,0,Unspecified,4433224,27.8,22.2,25.2,25.2,0.0,12.0,65,10.6,33.1,280,Rain: Heavy,0,0,
46987,2021-07-02 23:44:00,40.624706,-74.0415,1,0,Aggressive Driving/Road Rage,4433523,24.3,19.2,29.6,29.6,0.0,23.0,63,14.1,27.7,284,Rain: Moderate,1,1,