,CRASH DATETIME,LATITUDE,LONGITUDE,NUMBER OF PERSONS INJURED,NUMBER OF PERSONS KILLED,CONTRIBUTING FACTOR VEHICLE 1,COLLISION_ID,temperature_2m_max,temperature_2m_min,precipitation_sum,rain_sum,snowfall_sum,precipitation_hours,weather_code,wind_speed_10m_max,wind_gusts_10m_max,wind_direction_10m_dominant,Weather Description,Severity_Score,Total_Affected_Persons,Weather_Category
46988,2021-07-02 12:35:00,40.628387,-73.92431,0,0,Traffic Control Disregarded,4433410,24.3,19.2,29.6,29.6,0.0,23.0,63,14.1,27.7,284,Rain: Moderate,0,0,
46989,2021-06-30 11:30:00,40.671757,-73.745255,0,0,Unspecified,4432691,35.2,24.9,0.1,0.1,0.0,1.0,51,20.6,37.1,246,Drizzle: Light,0,0,
46990,2021-07-01 03:05:00,40.842888,-73.868416,0,0,Unspecified,4433697,27.8,22.2,25.2,25.2,0.0,12.0,65,10.6,33.1,280,Rain: Heavy,0,0,
46991,2021-07-01 19:34:00,0.0,0.0,2,0,Unspecified,4433193,27.8,22.2,25.2,25.2,0.0,12.0,65,10.6,33.1,280,Rain: Heavy,2,2,
46992,2021-07-02 02:49:00,40.738842,-73.81404,0,0,Passing or Lane Usage Improper,4433641,24.3,19.2,29.6,29.6,0.0,23.0,63,14.1,27.7,284,Rain: Moderate,0,0,
46993,2021-07-02 23:15:00,40.696747,-73.90613,6,0,Driver Inattention/Distraction,4433539,24.3,19.2,29.6,29.6,0.0,23.0,63,14.1,27.7,284,Rain: Moderate,6,6,
46994,2021-06-30 10:40:00,40.778778,-73.90018,0,0,Unspecified,4432929,35.2,24.9,0.1,0.1,0.0,1.0,51,20.6,37.1,246,Drizzle: Light,0,0,
46995,2021-06-30 08:53:00,40.66632,-73.83481,1,0,Following Too Closely,4432585,35.2,24.9,0.1,0.1,0.0,1.0,51,20.6,37.1,246,Drizzle: Light,1,1,
46996,2021-07-01 16:45:00,40.733536,-73.87035,1,0,Driver Inattention/Distraction,4433674,27.8,22.2,25.2,25.2,0.0,12.0,65,10.6,33.1,280,Rain: Heavy,1,1,
46997,2021-06-30 14:40:00,40.740692,-73.84418,1,0,Unsafe Lane Changing,4432777,35.2,24.9,0.1,0.1,0.0,1.0,51,20.6,37.1,246,Drizzle: Light,1,1,
46998,2021-06-30 20:10:00,40.596184,-74.00053,1,0,Following Too Closely,4432958,35.2,24.9,0.1,0.1,0.0,1.0,51,20.6,37.1,246,Drizzle: Light,1,1,
46999,2021-07-01 18:20:00,40.819176,-73.81685,1,0,Unspecified,4433252,27.8,22.2,25.2,25.2,0.0,12.0,65,10.6,33.1,280,Rain: Heavy,1,1,
47000,2021-06-28 17:15:00,40.78542,-73.98399,0,0,Following Too Closely,4433312,32.3,22.9,0.0,0.0,0.0,0.0,3,20.0,37.8,212,Overcast,0,0,
47001,2021-06-29 15:40:00,40.73332,-73.79114,1,0,Failure to Yield Right-of-Way,4433440,33.4,24.0,0.7,0.7,0.0,4.0,51,19.5,40.0,231,Drizzle: Light,1,1,
47002,2021-07-02 07:30:00,40.68665,-73.91315,2,0,Driver Inattention/Distraction,4433465,24.3,19.2,29.6,29.6,0.0,23.0,63,14.1,27.7,284,Rain: Moderate,2,2,
47003,2021-06-30 16:45:00,40.665398,-73.90964,0,0,Other Vehicular,4432905,35.2,24.9,0.1,0.1,0.0,1.0,51,20.6,37.1,246,Drizzle: Light,0,0,
47004,2021-07-02 08:20:00,40.722004,-73.916565,0,0,Backing Unsafely,4433363,24.3,19.2,29.6,29.6,0.0,23.0,63,14.1,27.7,284,Rain: Moderate,0,0,
47005,2021-06-30 14:00:00,40.768707,-73.72889,1,0,Other Vehicular,4432734,35.2,24.9,0.1,0.1,0.0,1.0,51,20.6,37.1,246,Drizzle: Light,1,1,
47006,2021-06-30 03:15:00,40.63029,-74.08891,1,0,Unspecified,4433909,35.2,24.9,0.1,0.1,0.0,1.0,51,20.6,37.1,246,Drizzle: Light,1,1,
47007,2021-06-16 15:30:00,40.653362,-74.0089,0,0,Unspecified,4433872,23.1,15.1,0.0,0.0,0.0,0.0,1,20.2,40.0,317,Mainly clear,0,0,Sunny/Clear Conditions
47008,2021-06-30 15:30:00,40.539288,-74.14855,0,0,Passing Too Closely,4433075,35.2,24.9,0.1,0.1,0.0,1.0,51,20.6,37.1,246,Drizzle: Light,0,0,
47009,2021-07-02 10:00:00,40.70579,-74.003876,0,0,Unspecified,4433331,24.3,19.2,29.6,29.6,0.0,23.0,63,14.1,27.7,284,Rain: Moderate,0,0,
47010,2021-07-01 10:15:00,40.738506,-73.99747,1,0,Driver Inattention/Distraction,4433050,27.8,22.2,25.2,25.2,0.0,12.0,65,10.6,33.1,280,Rain: Heavy,1,1,
47011,2021-06-28 18:30:00,40.844833,-73.909386,1,0,Unspecified,4433501,32.3,22.9,0.0,0.0,0.0,0.0,3,20.0,37.8,212,Overcast,1,1,
47012,2021-06-30 04:40:00,40.700695,-73.789406,1,0,Driver Inattention/Distraction,4433316,35.2,24.9,0.1,0.1,0.0,1.0,51,20.6,37.1,246,Drizzle: Light,1,1,
47013,2021-06-30 16:45:00,40.821274,-73.91743,0,0,Unspecified,4432824,35.2,24.9,0.1,0.1,0.0,1.0,51,20.6,37.1,246,Drizzle: Light,0,0,
47014,2021-07-01 13:45:00,40.848328,-73.91842,0,0,Unspecified,4433228,27.8,22.2,25.2,25.2,0.0,12.0,65,10.6,33.1,280,Rain: Heavy,0,0,
47015,2021-06-30 11:50:00,40.75271,-73.74144,1,0,Driver Inattention/Distraction,4433425,35.2,24.9,0.1,0.1,0.0,1.0,51,20.6,37.1,246,Drizzle: Light,1,1,
47016,2021-07-01 22:40:00,40.743114,-73.77114,2,0,Unsafe Speed,4433405,27.8,22.2,25.2,25.2,0.0,12.0,65,10.6,33.1,280,Rain: Heavy,2,2,
47017,2021-06-30 05:30:00,40.71074,-73.94548,0,0,Following Too Closely,4432803,35.2,24.9,0.1,0.1,0.0,1.0,51,20.6,37.1,246,Drizzle: Light,0,0,
47018,2021-06-24 13:00:00,40.817875,-73.89333,0,0,Unspecified,4433348,23.2,13.5,0.0,0.0,0.0,0.0,3,19.7,40.0,145,Overcast,0,0,
47019,2021-07-01 08:34:00,40.64168,-73.96342,0,0,Unspecified,4433004,27.8,22.2,25.2,25.2,0.0,12.0,65,10.6,33.1,280,Rain: Heavy,0,0,
47020,2022-04-05 08:50:00,40.729084,-73.98133,1,0,Unspecified,4517690,12.1,1.0,1.7,1.7,0.0,3.0,53,16.8,32.8,121,Drizzle: Moderate,1,1,
47021,2021-06-19 16:03:00,40.81666,-73.888,2,0,Unspecified,4433573,31.5,19.5,1.2,1.2,0.0,3.0,53,21.1,38.2,243,Drizzle: Moderate,2,2,
47022,2021-07-02 04:10:00,40.67619,-73.9081,0,0,Unspecified,4433608,24.3,19.2,29.6,29.6,0.0,23.0,63,14.1,27.7,284,Rain: Moderate,0,0,
47023,2021-06-29 17:24:00,40.891544,-73.85397,0,0,Unspecified,4434016,33.4,24.0,0.7,0.7,0.0,4.0,51,19.5,40.0,231,Drizzle: Light,0,0,
47024,2021-07-02 12:57:00,40.665096,-73.98134,0,0,Passing Too Closely,4433390,24.3,19.2,29.6,29.6,0.0,23.0,63,14.1,27.7,284,Rain: Moderate,0,0,
47025,2021-07-02 14:55:00,40.682568,-73.79266,0,0,Failure to Yield Right-of-Way,4433361,24.3,19.2,29.6,29.6,0.0,23.0,63,14.1,27.7,284,Rain: Moderate,0,0,
47026,2021-07-02 13:30:00,40.64097,-73.956116,0,0,Backing Unsafely,4433723,24.3,19.2,29.6,29.6,0.0,23.0,63,14.1,27.7,284,Rain: Moderate,0,0,
47027,2021-06-30 17:00:00,40.665607,-73.899086,0,0,Unspecified,4433033,35.2,24.9,0.1,0.1,0.0,1.0,51,20.6,37.1,246,Drizzle: Light,0,0,
47028,2021-06-30 17:00:00,40.781944,-73.94761,0,0,Driver Inattention/Distraction,4432830,35.2,24.9,0.1,0.1,0.0,1.0,51,20.6,37.1,246,Drizzle: Light,0,0,
47029,2021-06-28 18:00:00,40.715977,-73.96079,0,0,Passing Too Closely,4433234,32.3,22.9,0.0,0.0,0.0,0.0,3,20.0,37.8,212,Overcast,0,0,
47030,2021-06-29 17:49:00,40.66495,-73.92288,0,0,Driver Inattention/Distraction,4433870,33.4,24.0,0.7,0.7,0.0,4.0,51,19.5,40.0,231,Drizzle: Light,0,0,
47031,2021-06-22 19:00:00,40.829945,-73.93005,0,0,Driver Inattention/Distraction,4433745,24.2,15.1,8.5,8.5,0.0,9.0,63,22.2,43.2,305,Rain: Moderate,0,0,
47032,2021-07-02 15:00:00,40.721466,-73.804535,1,0,Failure to Yield Right-of-Way,4433457,24.3,19.2,29.6,29.6,0.0,23.0,63,14.1,27.7,284,Rain: Moderate,1,1,
47033,2021-07-02 07:55:00,40.89664,-73.87049,0,0,Unsafe Speed,4433820,24.3,19.2,29.6,29.6,0.0,23.0,63,14.1,27.7,284,Rain: Moderate,0,0,
47034,2021-07-02 18:30:00,40.635357,-74.021286,0,0,Failure to Yield Right-of-Way,4433383,24.3,19.2,29.6,29.6,0.0,23.0,63,14.1,27.7,284,Rain: Moderate,0,0,
47035,2021-07-01 08:20:00,40.702312,-73.94465,2,0,Other Vehicular,4433173,27.8,22.2,25.2,25.2,0.0,12.0,65,10.6,33.1,280,Rain: Heavy,2,2,
47036,2021-06-25 10:00:00,40.85214,-73.894806,0,0,Driver Inattention/Distraction,4434005,24.7,15.6,0.0,0.0,0.0,0.0,3,20.9,41.0,144,Overcast,0,0,
47037,2021-06-22 18:15:00,40.86769,-73.92122,1,0,View Obstructed/Limited,4433701,24.2,15.1,8.5,8.5,0.0,9.0,63,22.2,43.2,305,Rain: Moderate,1,1,
47038,2021-06-30 14:00:00,40.63552,-74.0167,1,0,Unspecified,4432714,35.2,24.9,0.1,0.1,0.0,1.0,51,20.6,37.1,246,Drizzle: Light,1,1,
47039,2021-07-01 19:40:00,40.74713,-73.88869,0,0,Driver Inattention/Distraction,4433148,27.8,22.2,25.2,25.2,0.0,12.0,65,10.6,33.1,280,Rain: Heavy,0,0,
47040,2021-06-30 00:46:00,40.796528,-73.97412,0,0,Unsafe Speed,4432669,35.2,24.9,0.1,0.1,0.0,1.0,51,20.6,37.1,246,Drizzle: Light,0,0,
47041,2021-07-01 13:06:00,40.757385,-73.88855,1,0,Unspecified,4433085,27.8,22.2,25.2,25.2,0.0,12.0,65,10.6,33.1,280,Rain: Heavy,1,1,
47042,2021-06-30 17:00:00,40.576107,-74.08244,2,0,Unsafe Speed,4432937,35.2,24.9,0.1,0.1,0.0,1.0,51,20.6,37.1,246,Drizzle: Light,2,2,
47043,2021-07-01 10:45:00,40.771667,-73.9867,0,0,Unspecified,4433534,27.8,22.2,25.2,25.2,0.0,12.0,65,10.6,33.1,280,Rain: Heavy,0,0,
47044,2021-06-30 20:05:00,40.56015,-74.19968,1,0,Following Too Closely,4433211,35.2,24.9,0.1,0.1,0.0,1.0,51,20.6,37.1,246,Drizzle: Light,1,1,
47045,2021-07-01 19:38:00,40.673626,-73.76384,2,0,Following Too Closely,4433256,27.8,22.2,25.2,25.2,0.0,12.0,65,10.6,33.1,280,Rain: Heavy,2,2,
47046,2021-07-01 05:00:00,40.75419,-73.87564,0,0,Alcohol Involvement,4432970,27.8,22.2,25.2,25.2,0.0,12.0,65,10.6,33.1,280,Rain: Heavy,0,0,
47047,2021-06-30 13:25:00,40.63132,-73.902336,0,0,Driver Inexperience,4432748,35.2,24.9,0.1,0.1,0.0,1.0,51,20.6,37.1,246,Drizzle: Light,0,0,
47048,2021-06-30 20:50:00,40.815685,-73.9583,0,0,Driver Inattention/Distraction,4432852,35.2,24.9,0.1,0.1,0.0,1.0,51,20.6,37.1,246,Drizzle: Light,0,0,
47049,2021-07-02 12:20:00,40.748993,-73.89687,1,0,Driver Inattention/Distraction,4433510,24.3,19.2,29.6,29.6,0.0,23.0,63,14.1,27.7,284,Rain: Moderate,1,1,
47050,2021-06-27 19:23:00,0.0,0.0,1,0,Unspecified,4433267,29.2,22.2,0.5,0.5,0.0,4.0,51,19.6,45.4,196,Drizzle: Light,1,1,
47051,2021-06-30 12:45:00,40.820965,-73.939575,0,0,Driver Inattention/Distraction,4432954,35.2,24.9,0.1,0.1,0.0,1.0,51,20.6,37.1,246,Drizzle: Light,0,0,
47052,2021-06-30 22:30:00,40.718403,-73.955696,0,0,Pavement Slippery,4432894,35.2,24.9,0.1,0.1,0.0,1.0,51,20.6,37.1,246,Drizzle: Light,0,0,
47053,2021-07-01 20:30:00,40.747852,-73.99291,0,0,Unspecified,4433678,27.8,22.2,25.2,25.2,0.0,12.0,65,10.6,33.1,280,Rain: Heavy,0,0,
47054,2021-06-29 11:00:00,40.815388,-73.94181,0,0,Driver Inattention/Distraction,4433284,33.4,24.0,0.7,0.7,0.0,4.0,51,19.5,40.0,231,Drizzle: Light,0,0,
47055,2021-06-29 09:27:00,40.693146,-73.99509,1,0,Passing Too Closely,4433772,33.4,24.0,0.7,0.7,0.0,4.0,51,19.5,40.0,231,Drizzle: Light,1,1,
47056,2021-07-02 13:45:00,40.696033,-73.98453,0,0,Unsafe Lane Changing,4433765,24.3,19.2,29.6,29.6,0.0,23.0,63,14.1,27.7,284,Rain: Moderate,0,0,
47057,2022-04-08 11:39:00,40.87844,-73.84411,0,0,Following Too Closely,4517949,16.5,7.1,5.2,5.2,0.0,4.0,63,21.3,42.8,253,Rain: Moderate,0,0,
47058,2021-06-30 01:18:00,40.86786,-73.84123,1,0,Other Vehicular,4432570,35.2,24.9,0.1,0.1,0.0,1.0,51,20.6,37.1,246,Drizzle: Light,1,1,
47059,2021-06-30 16:49:00,40.633278,-73.92162,1,0,Driver Inattention/Distraction,4432787,35.2,24.9,0.1,0.1,0.0,1.0,51,20.6,37.1,246,Drizzle: Light,1,1,
47060,2021-06-29 11:55:00,40.736946,-73.77796,1,0,Driver Inattention/Distraction,4433437,33.4,24.0,0.7,0.7,0.0,4.0,51,19.5,40.0,231,Drizzle: Light,1,1,
47061,2021-07-01 16:55:00,40.59669,-74.093834,0,0,Obstruction/Debris,4433131,27.8,22.2,25.2,25.2,0.0,12.0,65,10.6,33.1,280,Rain: Heavy,0,0,
47062,2021-06-30 17:34:00,40.66367,-73.91213,0,0,Unspecified,4432861,35.2,24.9,0.1,0.1,0.0,1.0,51,20.6,37.1,246,Drizzle: Light,0,0,
47063,2021-06-30 15:19:00,40.670967,-73.7701,1,0,Backing Unsafely,4432754,35.2,24.9,0.1,0.1,0.0,1.0,51,20.6,37.1,246,Drizzle: Light,1,1,
47064,2021-06-29 17:06:00,40.85406,-73.91936,0,0,Driver Inattention/Distraction,4433244,33.4,24.0,0.7,0.7,0.0,4.0,51,19.5,40.0,231,Drizzle: Light,0,0,
47065,2021-06-30 10:45:00,40.676647,-73.91633,0,0,Unsafe Lane Changing,4433056,35.2,24.9,0.1,0.1,0.0,1.0,51,20.6,37.1,246,Drizzle: Light,0,0,
47066,2021-06-30 10:15:00,40.717297,-74.00157,0,0,Unspecified,4433070,35.2,24.9,0.1,0.1,0.0,1.0,51,20.6,37.1,246,Drizzle: Light,0,0,
47067,2021-07-01 16:00:00,40.660656,-73.885796,2,0,Unspecified,4433299,27.8,22.2,25.2,25.2,0.0,12.0,65,10.6,33.1,280,Rain: Heavy,2,2,
47068,2021-06-30 21:45:00,40.68651,-73.76815,0,0,Failure to Yield Right-of-Way,4433376,35.2,24.9,0.1,0.1,0.0,1.0,51,20.6,37.1,246,Drizzle: Light,0,0,
47069,2021-06-30 08:15:00,40.62147,-73.95072,0,0,Unspecified,4433009,35.2,24.9,0.1,0.1,0.0,1.0,51,20.6,37.1,246,Drizzle: Light,0,0,
47070,2021-07-02 11:27:00,40.80505,-73.90928,0,0,Unspecified,4433563,24.3,19.2,29.6,29.6,0.0,23.0,63,14.1,27.7,284,Rain: Moderate,0,0,
47071,2021-06-30 20:00:00,40.8165,-73.890076,0,0,Unspecified,4433344,35.2,24.9,0.1,0.1,0.0,1.0,51,20.6,37.1,246,Drizzle: Light,0,0,
47072,2021-06-30 18:30:00,40.81636,-73.954094,0,0,Other Vehicular,4433734,35.2,24.9,0.1,0.1,0.0,1.0,51,20.6,37.1,246,Drizzle: Light,0,0,
47073,2021-07-02 07:24:00,40.85132,-73.90842,1,0,Driver Inattention/Distraction,4434011,24.3,19.2,29.6,29.6,0.0,23.0,63,14.1,27.7,284,Rain: Moderate,1,1,
47074,2021-07-01 14:50:00,40.711845,-73.859764,1,0,Backing Unsafely,4433851,27.8,22.2,25.2,25.2,0.0,12.0,65,10.6,33.1,280,Rain: Heavy,1,1,
47075,2021-06-28 20:34:00,40.747177,-73.891495,0,0,Driver Inattention/Distraction,4433595,32.3,22.9,0.0,0.0,0.0,0.0,3,20.0,37.8,212,Overcast,0,0,
47076,2021-06-30 05:42:00,40.687004,-73.82836,0,0,Driver Inattention/Distraction,4433203,35.2,24.9,0.1,0.1,0.0,1.0,51,20.6,37.1,246,Drizzle: Light,0,0,
47077,2021-07-02 16:00:00,40.73448,-73.92243,0,0,Unspecified,4433417,24.3,19.2,29.6,29.6,0.0,23.0,63,14.1,27.7,284,Rain: Moderate,0,0,
47078,2021-07-02 20:00:00,40.66563,-73.73921,1,0,Failure to Yield Right-of-Way,4433402,24.3,19.2,29.6,29.6,0.0,23.0,63,14.1,27.7,284,Rain: Moderate,1,1,
47079,2021-06-30 16:20:00,40.71337,-73.934814,1,0,Driver Inattention/Distraction,4432798,35.2,24.9,0.1,0.1,0.0,1.0,51,20.6,37.1,246,Drizzle: Light,1,1,
47080,2021-06-28 12:15:00,40.69659,-73.93479,0,0,Driver Inattention/Distraction,4433658,32.3,22.9,0.0,0.0,0.0,0.0,3,20.0,37.8,212,Overcast,0,0,
47081,2021-06-30 14:30:00,40.65576,-73.87319,1,0,Backing Unsafely,4433027,35.2,24.9,0.1,0.1,0.0,1.0,51,20.6,37.1,246,Drizzle: Light,1,1,
47082,2021-07-02 14:00:00,40.87442,-73.84606,1,0,Traffic Control Disregarded,4433801,24.3,19.2,29.6,29.6,0.0,23.0,63,14.1,27.7,284,Rain: Moderate,1,1,
47083,2021-06-30 11:20:00,40.670124,-73.95528,0,0,Driver Inattention/Distraction,4433124,35.2,24.9,0.1,0.1,0.0,1.0,51,20.6,37.1,246,Drizzle: Light,0,0,
47084,2021-06-30 15:20:00,40.59553,-73.99886,0,0,Failure to Yield Right-of-Way,4432923,35.2,24.9,0.1,0.1,0.0,1.0,51,20.6,37.1,246,Drizzle: Light,0,0,
47085,2021-06-30 12:14:00,40.79347,-73.93726,0,0,Passing or Lane Usage Improper,4433143,35.2,24.9,0.1,0.1,0.0,1.0,51,20.6,37.1,246,Drizzle: Light,0,0,
47086,2021-06-24 08:55:00,40.861935,-73.92078,1,0,Unsafe Speed,4433706,23.2,13.5,0.0,0.0,0.0,0.0,3,19.7,40.0,145,Overcast,1,1,
47087,2021-06-27 22:14:00,40.783024,-73.98213,0,0,Backing Unsafely,4433313,29.2,22.2,0.5,0.5,0.0,4.0,51,19.6,45.4,196,Drizzle: Light,0,0,
47088,2021-07-01 03:30:00,40.711422,-73.95954,0,0,Driver Inattention/Distraction,4433169,27.8,22.2,25.2,25.2,0.0,12.0,65,10.6,33.1,280,Rain: Heavy,0,0,
47089,2021-07-01 08:15:00,40.686882,-73.87908,0,0,Unspecified,4433298,27.8,22.2,25.2,25.2,0.0,12.0,65,10.6,33.1,280,Rain: Heavy,0,0,
47090,2021-06-28 22:29:00,40.67357,-73.95294,4,0,Driver Inattention/Distraction,4433856,32.3,22.9,0.0,0.0,0.0,0.0,3,20.0,37.8,212,Overcast,4,4,
47091,2021-07-01 15:00:00,40.718666,-73.9635,0,0,Backing Unsafely,4433276,27.8,22.2,25.2,25.2,0.0,12.0,65,10.6,33.1,280,Rain: Heavy,0,0,
47092,2021-06-30 11:30:00,40.750854,-73.97147,0,0,Unsafe Lane Changing,4432699,35.2,24.9,0.1,0.1,0.0,1.0,51,20.6,37.1,246,Drizzle: Light,0,0,
47093,2021-07-02 16:30:00,40.670734,-73.93373,0,0,Following Too Closely,4433858,24.3,19.2,29.6,29.6,0.0,23.0,63,14.1,27.7,284,Rain: Moderate,0,0,
47094,2021-07-01 16:30:00,40.882587,-73.88104,0,0,Backing Unsafely,4433092,27.8,22.2,25.2,25.2,0.0,12.0,65,10.6,33.1,280,Rain: Heavy,0,0,
47095,2021-06-30 22:30:00,40.677765,-73.90792,0,0,Driver Inattention/Distraction,4432911,35.2,24.9,0.1,0.1,0.0,1.0,51,20.6,37.1,246,Drizzle: Light,0,0,
47096,2021-06-30 11:45:00,40.6015,-74.129364,0,0,Driver Inattention/Distraction,4432685,35.2,24.9,0.1,0.1,0.0,1.0,51,20.6,37.1,246,Drizzle: Light,0,0,
47097,2021-06-30 18:00:00,40.646114,-73.904785,1,0,Unspecified,4432743,35.2,24.9,0.1,0.1,0.0,1.0,51,20.6,37.1,246,Drizzle: Light,1,1,
47098,2021-06-30 00:15:00,40.865795,-73.920006,0,0,Passing or Lane Usage Improper,4433826,35.2,24.9,0.1,0.1,0.0,1.0,51,20.6,37.1,246,Drizzle: Light,0,0,
47099,2021-06-30 13:00:00,40.847458,-73.944244,0,0,Driver Inattention/Distraction,4433271,35.2,24.9,0.1,0.1,0.0,1.0,51,20.6,37.1,246,Drizzle: Light,0,0,
47100,2021-06-30 15:30:00,40.64632,-73.92981,1,0,Traffic Control Disregarded,4433893,35.2,24.9,0.1,0.1,0.0,1.0,51,20.6,37.1,246,Drizzle: Light,1,1,
47101,2021-06-30 10:00:00,40.7295,-73.953964,1,0,Traffic Control Disregarded,4432981,35.2,24.9,0.1,0.1,0.0,1.0,51,20.6,37.1,246,Drizzle: Light,1,1,
47102,2021-06-30 17:20:00,40.65011,-73.930214,1,0,Traffic Control Disregarded,4432967,35.2,24.9,0.1,0.1,0.0,1.0,51,20.6,37.1,246,Drizzle: Light,1,1,
47103,2021-06-30 08:27:00,40.663754,-73.90083,0,0,Unsafe Speed,4432638,35.2,24.9,0.1,0.1,0.0,1.0,51,20.6,37.1,246,Drizzle: Light,0,0,
47104,2021-07-02 09:50:00,40.628563,-74.028984,0,0,Passing Too Closely,4433288,24.3,19.2,29.6,29.6,0.0,23.0,63,14.1,27.7,284,Rain: Moderate,0,0,
47105,2021-07-01 21:00:00,40.68387,-73.92543,0,0,Passing Too Closely,4433781,27.8,22.2,25.2,25.2,0.0,12.0,65,10.6,33.1,280,Rain: Heavy,0,0,
47106,2021-07-01 16:55:00,40.640636,-74.11005,0,0,Unspecified,4433917,27.8,22.2,25.2,25.2,0.0,12.0,65,10.6,33.1,280,Rain: Heavy,0,0,
47107,2021-07-01 14:00:00,40.76229,-73.75711,3,0,Driver Inexperience,4433106,27.8,22.2,25.2,25.2,0.0,12.0,65,10.6,33.1,280,Rain: Heavy,3,3,
47108,2021-07-01 18:00:00,40.612377,-74.06355,0,0,Driver Inattention/Distraction,4433915,27.8,22.2,25.2,25.2,0.0,12.0,65,10.6,33.1,280,Rain: Heavy,0,0,
47109,2021-07-02 03:45:00,40.754498,-73.834076,0,0,Failure to Yield Right-of-Way,4433473,24.3,19.2,29.6,29.6,0.0,23.0,63,14.1,27.7,284,Rain: Moderate,0,0,
47110,2021-06-28 14:15:00,40.736275,-73.81055,0,0,Driver Inattention/Distraction,4433433,32.3,22.9,0.0,0.0,0.0,0.0,3,20.0,37.8,212,Overcast,0,0,
47111,2021-07-01 17:30:00,40.82733,-73.8498,0,0,Unspecified,4433155,27.8,22.2,25.2,25.2,0.0,12.0,65,10.6,33.1,280,Rain: Heavy,0,0,
47112,2021-06-30 16:08:00,40.836605,-73.93931,0,0,Pedestrian/Bicyclist/Other Pedestrian Error/Confusion,4433013,35.2,24.9,0.1,0.1,0.0,1.0,51,20.6,37.1,246,Drizzle: Light,0,0,
47113,2021-07-01 16:30:00,40.664394,-73.99394,1,0,Other Vehicular,4433181,27.8,22.2,25.2,25.2,0.0,12.0,65,10.6,33.1,280,Rain: Heavy,1,1,
47114,2021-06-30 13:45:00,40.71648,-74.010925,0,0,Driver Inattention/Distraction,4432838,35.2,24.9,0.1,0.1,0.0,1.0,51,20.6,37.1,246,Drizzle: Light,0,0,
47115,2021-06-30 18:54:00,40.86886,-73.892235,0,0,Following Too Closely,4433063,35.2,24.9,0.1,0.1,0.0,1.0,51,20.6,37.1,246,Drizzle: Light,0,0,
47116,2021-07-01 12:30:00,40.60212,-74.013145,1,0,Following Too Closely,4433066,27.8,22.2,25.2,25.2,0.0,12.0,65,10.6,33.1,280,Rain: Heavy,1,1,
47117,2021-06-30 05:25:00,40.728848,-73.75087,1,0,Reaction to Uninvolved Vehicle,4432528,35.2,24.9,0.1,0.1,0.0,1.0,51,20.6,37.1,246,Drizzle: Light,1,1,
47118,2021-07-01 18:15:00,40.715763,-73.74654,0,0,Unsafe Lane Changing,4433135,27.8,22.2,25.2,25.2,0.0,12.0,65,10.6,33.1,280,Rain: Heavy,0,0,
47119,2021-06-30 00:00:00,40.832428,-73.905205,0,0,Unspecified,4432874,35.2,24.9,0.1,0.1,0.0,1.0,51,20.6,37.1,246,Drizzle: Light,0,0,
47120,2021-07-02 23:25:00,40.8703,-73.839905,1,0,Unsafe Speed,4433802,24.3,19.2,29.6,29.6,0.0,23.0,63,14.1,27.7,284,Rain: Moderate,1,1,
47121,2021-06-30 09:25:00,40.720627,-73.93889,0,0,Passing Too Closely,4432890,35.2,24.9,0.1,0.1,0.0,1.0,51,20.6,37.1,246,Drizzle: Light,0,0,
47122,2021-07-01 15:45:00,40.60803,-73.960045,1,0,Unspecified,4433198,27.8,22.2,25.2,25.2,0.0,12.0,65,10.6,33.1,280,Rain: Heavy,1,1,
47123,2021-07-01 08:05:00,40.715355,-73.886154,0,0,Passing Too Closely,4433372,27.8,22.2,25.2,25.2,0.0,12.0,65,10.6,33.1,280,Rain: Heavy,0,0,
47124,2021-06-30 18:30:00,40.885845,-73.83124,0,0,Backing Unsafely,4433100,35.2,24.9,0.1,0.1,0.0,1.0,51,20.6,37.1,246,Drizzle: Light,0,0,
47125,2021-07-01 13:20:00,40.69126,-73.907455,0,0,Backing Unsafely,4433222,27.8,22.2,25.2,25.2,0.0,12.0,65,10.6,33.1,280,Rain: Heavy,0,0,
47126,2021-07-01 00:01:00,40.747974,-73.97951,0,0,Driver Inattention/Distraction,4432793,27.8,22.2,25.2,25.2,0.0,12.0,65,10.6,33.1,280,Rain: Heavy,0,0,
47127,2021-06-22 15:52:00,40.886486,-73.82625,0,0,Unspecified,4433811,24.2,15.1,8.5,8.5,0.0,9.0,63,22.2,43.2,305,Rain: Moderate,0,0,
47128,2021-07-02 07:58:00,40.668255,-73.892006,2,0,Unsafe Speed,4433303,24.3,19.2,29.6,29.6,0.0,23.0,63,14.1,27.7,284,Rain: Moderate,2,2,
47129,2021-07-02 18:45:00,40.84692,-73.89756,1,0,Failure to Yield Right-of-Way,4434006,24.3,19.2,29.6,29.6,0.0,23.0,63,14.1,27.7,284,Rain: Moderate,1,1,
47130,2021-07-01 08:30:00,40.738754,-74.00647,0,0,Passing or Lane Usage Improper,4433340,27.8,22.2,25.2,25.2,0.0,12.0,65,10.6,33.1,280,Rain: Heavy,0,0,
47131,2021-06-30 18:50:00,40.729248,-73.98368,1,0,Driver Inattention/Distraction,4433740,35.2,24.9,0.1,0.1,0.0,1.0,51,20.6,37.1,246,Drizzle: Light,1,1,
47132,2021-06-25 18:20:00,40.666756,-73.921684,0,0,Unspecified,4433555,24.7,15.6,0.0,0.0,0.0,0.0,3,20.9,41.0,144,Overcast,0,0,