,CRASH DATETIME,LATITUDE,LONGITUDE,NUMBER OF PERSONS INJURED,NUMBER OF PERSONS KILLED,CONTRIBUTING FACTOR VEHICLE 1,COLLISION_ID,temperature_2m_max,temperature_2m_min,precipitation_sum,rain_sum,snowfall_sum,precipitation_hours,weather_code,wind_speed_10m_max,wind_gusts_10m_max,wind_direction_10m_dominant,Weather Description,Severity_Score,Total_Affected_Persons,Weather_Category
47133,2021-07-01 18:10:00,40.84771,-73.93798,0,0,Other Vehicular,4433266,27.8,22.2,25.2,25.2,0.0,12.0,65,10.6,33.1,280,Rain: Heavy,0,0,
47134,2021-07-01 19:08:00,40.867275,-73.91922,0,0,Unspecified,4433844,27.8,22.2,25.2,25.2,0.0,12.0,65,10.6,33.1,280,Rain: Heavy,0,0,
47135,2021-07-02 18:15:00,40.68318,-73.7893,0,0,Following Too Closely,4433398,24.3,19.2,29.6,29.6,0.0,23.0,63,14.1,27.7,284,Rain: Moderate,0,0,
47136,2021-06-23 08:46:00,40.66185,-73.9029,2,0,Driver Inattention/Distraction,4433625,23.1,12.2,0.0,0.0,0.0,0.0,3,16.5,31.7,309,Overcast,2,2,
47137,2021-06-29 19:00:00,40.579826,-73.97622,1,0,Passing or Lane Usage Improper,4433664,33.4,24.0,0.7,0.7,0.0,4.0,51,19.5,40.0,231,Drizzle: Light,1,1,
47138,2021-06-30 13:40:00,40.863155,-73.90079,0,0,Passing Too Closely,4432815,35.2,24.9,0.1,0.1,0.0,1.0,51,20.6,37.1,246,Drizzle: Light,0,0,
47139,2021-07-02 01:38:00,40.76468,-73.9643,1,0,Driver Inexperience,4433795,24.3,19.2,29.6,29.6,0.0,23.0,63,14.1,27.7,284,Rain: Moderate,1,1,
47140,2021-06-30 08:00:00,40.70778,-73.79341,1,0,Pedestrian/Bicyclist/Other Pedestrian Error/Confusion,4433119,35.2,24.9,0.1,0.1,0.0,1.0,51,20.6,37.1,246,Drizzle: Light,1,1,
47141,2021-07-02 12:00:00,40.63665,-73.96805,0,0,Unspecified,4433988,24.3,19.2,29.6,29.6,0.0,23.0,63,14.1,27.7,284,Rain: Moderate,0,0,
47142,2021-07-02 09:00:00,40.601604,-73.96277,0,0,Unspecified,4433281,24.3,19.2,29.6,29.6,0.0,23.0,63,14.1,27.7,284,Rain: Moderate,0,0,
47143,2021-07-01 17:17:00,40.79931,-73.943245,0,0,Unspecified,4433261,27.8,22.2,25.2,25.2,0.0,12.0,65,10.6,33.1,280,Rain: Heavy,0,0,
47144,2021-07-02 10:15:00,40.747906,-73.710304,0,0,Unsafe Lane Changing,4433497,24.3,19.2,29.6,29.6,0.0,23.0,63,14.1,27.7,284,Rain: Moderate,0,0,
47145,2021-07-01 12:00:00,40.65239,-73.92655,0,0,Unspecified,4433865,27.8,22.2,25.2,25.2,0.0,12.0,65,10.6,33.1,280,Rain: Heavy,0,0,
47146,2021-07-02 19:47:00,40.748154,-73.85403,0,0,Alcohol Involvement,4433675,24.3,19.2,29.6,29.6,0.0,23.0,63,14.1,27.7,284,Rain: Moderate,0,0,
47147,2021-06-28 07:30:00,40.71755,-74.01367,0,0,Driver Inattention/Distraction,4433330,32.3,22.9,0.0,0.0,0.0,0.0,3,20.0,37.8,212,Overcast,0,0,
47148,2021-06-30 16:00:00,40.72147,-73.78444,1,0,Failure to Yield Right-of-Way,4433444,35.2,24.9,0.1,0.1,0.0,1.0,51,20.6,37.1,246,Drizzle: Light,1,1,
47149,2021-07-02 07:05:00,40.85394,-73.91468,0,0,Alcohol Involvement,4433293,24.3,19.2,29.6,29.6,0.0,23.0,63,14.1,27.7,284,Rain: Moderate,0,0,
47150,2021-06-30 08:15:00,40.6148,-74.12066,1,0,Passenger Distraction,4433910,35.2,24.9,0.1,0.1,0.0,1.0,51,20.6,37.1,246,Drizzle: Light,1,1,
47151,2021-07-01 09:35:00,40.687504,-73.91465,1,0,Failure to Yield Right-of-Way,4433466,27.8,22.2,25.2,25.2,0.0,12.0,65,10.6,33.1,280,Rain: Heavy,1,1,
47152,2021-07-01 22:10:00,40.678684,-73.98219,1,0,Failure to Yield Right-of-Way,4433394,27.8,22.2,25.2,25.2,0.0,12.0,65,10.6,33.1,280,Rain: Heavy,1,1,
47153,2021-07-02 03:50:00,40.59401,-73.96086,0,0,Pavement Slippery,4433525,24.3,19.2,29.6,29.6,0.0,23.0,63,14.1,27.7,284,Rain: Moderate,0,0,
47154,2021-06-26 11:00:00,40.692646,-73.800865,0,0,Passing or Lane Usage Improper,4433325,26.5,18.6,1.3,1.3,0.0,8.0,51,23.7,52.9,181,Drizzle: Light,0,0,
47155,2021-07-02 17:35:00,40.687523,-73.918625,1,0,Driver Inattention/Distraction,4433667,24.3,19.2,29.6,29.6,0.0,23.0,63,14.1,27.7,284,Rain: Moderate,1,1,
47156,2021-07-02 14:00:00,40.729687,-73.99861,0,0,Driver Inexperience,4433835,24.3,19.2,29.6,29.6,0.0,23.0,63,14.1,27.7,284,Rain: Moderate,0,0,
47157,2021-06-30 21:30:00,40.744923,-73.83709,0,0,Unspecified,4432882,35.2,24.9,0.1,0.1,0.0,1.0,51,20.6,37.1,246,Drizzle: Light,0,0,
47158,2021-06-30 08:30:00,40.83932,-73.91503,0,0,Driver Inattention/Distraction,4432614,35.2,24.9,0.1,0.1,0.0,1.0,51,20.6,37.1,246,Drizzle: Light,0,0,
47159,2021-06-30 10:54:00,40.842754,-73.8904,0,0,Driver Inattention/Distraction,4432943,35.2,24.9,0.1,0.1,0.0,1.0,51,20.6,37.1,246,Drizzle: Light,0,0,
47160,2021-06-30 12:49:00,40.636646,-73.89285,0,0,Unspecified,4432997,35.2,24.9,0.1,0.1,0.0,1.0,51,20.6,37.1,246,Drizzle: Light,0,0,
47161,2021-07-02 10:00:00,40.745186,-73.71416,0,0,Unspecified,4433883,24.3,19.2,29.6,29.6,0.0,23.0,63,14.1,27.7,284,Rain: Moderate,0,0,
47162,2021-06-30 12:00:00,40.745815,-73.945656,1,0,Driver Inattention/Distraction,4432772,35.2,24.9,0.1,0.1,0.0,1.0,51,20.6,37.1,246,Drizzle: Light,1,1,
47163,2021-06-30 02:11:00,40.752262,-73.83446,0,0,Driver Inexperience,4432763,35.2,24.9,0.1,0.1,0.0,1.0,51,20.6,37.1,246,Drizzle: Light,0,0,
47164,2021-06-30 22:00:00,40.65739,-73.92508,0,0,Driver Inattention/Distraction,4432961,35.2,24.9,0.1,0.1,0.0,1.0,51,20.6,37.1,246,Drizzle: Light,0,0,
47165,2021-07-01 09:30:00,40.572906,-74.13705,0,0,Following Too Closely,4433111,27.8,22.2,25.2,25.2,0.0,12.0,65,10.6,33.1,280,Rain: Heavy,0,0,
47166,2021-06-23 23:28:00,40.657524,-73.91055,1,0,Unspecified,4433613,23.1,12.2,0.0,0.0,0.0,0.0,3,16.5,31.7,309,Overcast,1,1,
47167,2021-07-02 08:25:00,40.694534,-73.74783,1,0,Unsafe Speed,4433308,24.3,19.2,29.6,29.6,0.0,23.0,63,14.1,27.7,284,Rain: Moderate,1,1,
47168,2021-07-01 17:50:00,40.582287,-74.16907,0,0,Backing Unsafely,4433932,27.8,22.2,25.2,25.2,0.0,12.0,65,10.6,33.1,280,Rain: Heavy,0,0,
47169,2021-06-20 09:30:00,40.709633,-73.90223,0,0,Failure to Yield Right-of-Way,4433367,28.7,17.3,0.3,0.3,0.0,2.0,51,19.5,40.0,212,Drizzle: Light,0,0,
47170,2021-07-01 22:10:00,40.72934,-73.95576,0,0,Unspecified,4433235,27.8,22.2,25.2,25.2,0.0,12.0,65,10.6,33.1,280,Rain: Heavy,0,0,
47171,2021-07-01 15:45:00,40.777023,-73.8126,0,0,Passing or Lane Usage Improper,4433477,27.8,22.2,25.2,25.2,0.0,12.0,65,10.6,33.1,280,Rain: Heavy,0,0,
47172,2021-06-30 09:22:00,40.703587,-73.944336,1,0,Driver Inattention/Distraction,4432807,35.2,24.9,0.1,0.1,0.0,1.0,51,20.6,37.1,246,Drizzle: Light,1,1,
47173,2021-06-30 19:35:00,40.84615,-73.818344,0,0,Unspecified,4432849,35.2,24.9,0.1,0.1,0.0,1.0,51,20.6,37.1,246,Drizzle: Light,0,0,
47174,2021-06-30 21:24:00,40.570465,-74.10977,1,0,Unspecified,4433081,35.2,24.9,0.1,0.1,0.0,1.0,51,20.6,37.1,246,Drizzle: Light,1,1,
47175,2021-07-01 12:43:00,40.748543,-73.94964,1,0,Pedestrian/Bicyclist/Other Pedestrian Error/Confusion,4433177,27.8,22.2,25.2,25.2,0.0,12.0,65,10.6,33.1,280,Rain: Heavy,1,1,
47176,2021-06-19 06:00:00,40.81847,-73.9414,0,0,Driver Inexperience,4433352,31.5,19.5,1.2,1.2,0.0,3.0,53,21.1,38.2,243,Drizzle: Moderate,0,0,
47177,2021-07-02 14:10:00,40.89193,-73.848076,1,0,Unsafe Speed,4433804,24.3,19.2,29.6,29.6,0.0,23.0,63,14.1,27.7,284,Rain: Moderate,1,1,
47178,2021-06-30 18:12:00,40.81373,-73.9221,2,0,Unspecified,4433194,35.2,24.9,0.1,0.1,0.0,1.0,51,20.6,37.1,246,Drizzle: Light,2,2,
47179,2021-06-27 00:00:00,40.63887,-74.13125,1,0,Pavement Defective,4433335,29.2,22.2,0.5,0.5,0.0,4.0,51,19.6,45.4,196,Drizzle: Light,1,1,
47180,2021-06-30 13:00:00,40.843376,-73.91768,0,0,Failure to Yield Right-of-Way,4433217,35.2,24.9,0.1,0.1,0.0,1.0,51,20.6,37.1,246,Drizzle: Light,0,0,
47181,2021-06-30 19:30:00,40.701397,-73.95808,0,0,Turning Improperly,4432799,35.2,24.9,0.1,0.1,0.0,1.0,51,20.6,37.1,246,Drizzle: Light,0,0,
47182,2021-07-01 20:19:00,40.749157,-73.86943,2,0,Driver Inattention/Distraction,4433162,27.8,22.2,25.2,25.2,0.0,12.0,65,10.6,33.1,280,Rain: Heavy,2,2,
47183,2021-07-02 09:59:00,40.63082,-73.88636,0,0,Driver Inattention/Distraction,4433542,24.3,19.2,29.6,29.6,0.0,23.0,63,14.1,27.7,284,Rain: Moderate,0,0,
47184,2021-06-29 19:30:00,40.633636,-73.92847,3,0,Failure to Yield Right-of-Way,4433409,33.4,24.0,0.7,0.7,0.0,4.0,51,19.5,40.0,231,Drizzle: Light,3,3,
47185,2021-06-30 18:09:00,40.665474,-73.86752,0,0,Other Vehicular,4433028,35.2,24.9,0.1,0.1,0.0,1.0,51,20.6,37.1,246,Drizzle: Light,0,0,
47186,2021-07-02 16:19:00,40.806133,-73.961555,1,0,Driver Inattention/Distraction,4433752,24.3,19.2,29.6,29.6,0.0,23.0,63,14.1,27.7,284,Rain: Moderate,1,1,
47187,2021-06-26 23:40:00,40.845222,-73.86613,2,0,Other Vehicular,4433429,26.5,18.6,1.3,1.3,0.0,8.0,51,23.7,52.9,181,Drizzle: Light,2,2,
47188,2021-06-28 14:20:00,40.585163,-73.95641,0,0,Unsafe Lane Changing,4433518,32.3,22.9,0.0,0.0,0.0,0.0,3,20.0,37.8,212,Overcast,0,0,
47189,2021-06-29 20:40:00,40.869,-73.92033,0,0,Unspecified,4433714,33.4,24.0,0.7,0.7,0.0,4.0,51,19.5,40.0,231,Drizzle: Light,0,0,
47190,2021-07-02 17:16:00,40.75366,-73.94758,0,0,Unspecified,4433579,24.3,19.2,29.6,29.6,0.0,23.0,63,14.1,27.7,284,Rain: Moderate,0,0,
47191,2021-07-02 14:40:00,40.80111,-73.965225,2,0,Driver Inattention/Distraction,4433357,24.3,19.2,29.6,29.6,0.0,23.0,63,14.1,27.7,284,Rain: Moderate,2,2,
47192,2021-07-01 10:54:00,40.682316,-73.88814,2,0,Failure to Yield Right-of-Way,4433037,27.8,22.2,25.2,25.2,0.0,12.0,65,10.6,33.1,280,Rain: Heavy,2,2,
47193,2021-07-02 18:39:00,40.720726,-73.760185,0,0,Unspecified,4433462,24.3,19.2,29.6,29.6,0.0,23.0,63,14.1,27.7,284,Rain: Moderate,0,0,
47194,2021-07-01 02:50:00,40.711838,-73.917496,1,0,Driver Inattention/Distraction,4433362,27.8,22.2,25.2,25.2,0.0,12.0,65,10.6,33.1,280,Rain: Heavy,1,1,
47195,2021-07-02 06:15:00,40.692726,-73.81065,0,0,Unsafe Lane Changing,4433320,24.3,19.2,29.6,29.6,0.0,23.0,63,14.1,27.7,284,Rain: Moderate,0,0,
47196,2021-07-02 02:20:00,40.65763,-73.85625,0,0,Pavement Slippery,4433229,24.3,19.2,29.6,29.6,0.0,23.0,63,14.1,27.7,284,Rain: Moderate,0,0,
47197,2021-07-02 14:00:00,40.578938,-73.98522,0,0,Passing or Lane Usage Improper,4433647,24.3,19.2,29.6,29.6,0.0,23.0,63,14.1,27.7,284,Rain: Moderate,0,0,
47198,2021-07-01 10:27:00,40.697525,-73.746826,0,0,Traffic Control Disregarded,4433051,27.8,22.2,25.2,25.2,0.0,12.0,65,10.6,33.1,280,Rain: Heavy,0,0,
47199,2021-06-30 15:55:00,40.866047,-73.87207,0,0,Backing Unsafely,4433984,35.2,24.9,0.1,0.1,0.0,1.0,51,20.6,37.1,246,Drizzle: Light,0,0,
47200,2021-06-30 18:17:00,40.81505,-73.92427,1,0,Failure to Yield Right-of-Way,4432825,35.2,24.9,0.1,0.1,0.0,1.0,51,20.6,37.1,246,Drizzle: Light,1,1,
47201,2022-04-08 15:00:00,40.716114,-73.824905,0,0,Backing Unsafely,4517310,16.5,7.1,5.2,5.2,0.0,4.0,63,21.3,42.8,253,Rain: Moderate,0,0,
47202,2022-04-08 21:45:00,40.610504,-73.95767,0,0,Oversized Vehicle,4517537,16.5,7.1,5.2,5.2,0.0,4.0,63,21.3,42.8,253,Rain: Moderate,0,0,
47203,2022-04-07 20:00:00,40.87571,-73.84206,0,0,Driver Inattention/Distraction,4517720,11.5,5.6,74.1,74.1,0.0,14.0,65,35.0,64.8,98,Rain: Heavy,0,0,
47204,2022-04-07 16:00:00,40.82814,-73.8953,1,0,Driver Inattention/Distraction,4517484,11.5,5.6,74.1,74.1,0.0,14.0,65,35.0,64.8,98,Rain: Heavy,1,1,
47205,2022-04-02 15:00:00,40.775185,-73.92139,0,0,Unspecified,4517578,11.1,1.4,0.0,0.0,0.0,0.0,3,26.3,47.9,286,Overcast,0,0,
47206,2022-04-01 15:30:00,40.677048,-73.9387,1,0,Unsafe Speed,4517697,15.2,5.3,1.4,1.4,0.0,8.0,51,33.1,61.9,277,Drizzle: Light,1,1,
47207,2022-04-07 14:40:00,40.717304,-73.94655,0,0,Failure to Yield Right-of-Way,4517835,11.5,5.6,74.1,74.1,0.0,14.0,65,35.0,64.8,98,Rain: Heavy,0,0,
47208,2022-04-07 14:00:00,40.84519,-73.9112,0,0,Unsafe Lane Changing,4517210,11.5,5.6,74.1,74.1,0.0,14.0,65,35.0,64.8,98,Rain: Heavy,0,0,
47209,2022-04-08 19:00:00,40.716675,-73.75502,0,0,Traffic Control Disregarded,4517324,16.5,7.1,5.2,5.2,0.0,4.0,63,21.3,42.8,253,Rain: Moderate,0,0,
47210,2022-04-07 16:54:00,40.73773,-73.98818,1,0,Driver Inattention/Distraction,4517626,11.5,5.6,74.1,74.1,0.0,14.0,65,35.0,64.8,98,Rain: Heavy,1,1,
47211,2022-04-08 20:40:00,40.71997,-73.992905,0,0,Unspecified,4517338,16.5,7.1,5.2,5.2,0.0,4.0,63,21.3,42.8,253,Rain: Moderate,0,0,
47212,2022-04-05 18:00:00,40.753384,-73.82218,0,0,Passing or Lane Usage Improper,4517457,12.1,1.0,1.7,1.7,0.0,3.0,53,16.8,32.8,121,Drizzle: Moderate,0,0,
47213,2022-04-07 08:39:00,40.742283,-73.95181,0,0,Driver Inattention/Distraction,4517343,11.5,5.6,74.1,74.1,0.0,14.0,65,35.0,64.8,98,Rain: Heavy,0,0,
47214,2022-04-07 11:24:00,40.69444,-73.815125,1,0,Traffic Control Disregarded,4517036,11.5,5.6,74.1,74.1,0.0,14.0,65,35.0,64.8,98,Rain: Heavy,1,1,
47215,2022-04-06 07:20:00,40.68553,-73.95656,0,0,Passing or Lane Usage Improper,4516768,12.5,6.2,17.5,17.5,0.0,14.0,61,31.2,62.3,55,Rain: Light,0,0,
47216,2022-04-06 13:49:00,40.64775,-73.9066,1,0,,4516772,12.5,6.2,17.5,17.5,0.0,14.0,61,31.2,62.3,55,Rain: Light,1,1,
47217,2022-04-06 16:45:00,40.69733,-73.78456,1,0,Illnes,4516993,12.5,6.2,17.5,17.5,0.0,14.0,61,31.2,62.3,55,Rain: Light,1,1,
47218,2022-04-06 20:07:00,40.68993,-73.98148,1,0,Failure to Yield Right-of-Way,4517174,12.5,6.2,17.5,17.5,0.0,14.0,61,31.2,62.3,55,Rain: Light,1,1,
47219,2022-04-06 12:30:00,40.87987,-73.842026,1,0,Unsafe Speed,4516801,12.5,6.2,17.5,17.5,0.0,14.0,61,31.2,62.3,55,Rain: Light,1,1,
47220,2022-04-06 17:17:00,40.84654,-73.93521,0,0,Other Vehicular,4517028,12.5,6.2,17.5,17.5,0.0,14.0,61,31.2,62.3,55,Rain: Light,0,0,
47221,2022-04-07 00:30:00,40.87316,-73.87476,0,0,Following Too Closely,4517906,11.5,5.6,74.1,74.1,0.0,14.0,65,35.0,64.8,98,Rain: Heavy,0,0,
47222,2022-04-07 21:46:00,40.81889,-73.89609,1,0,Passing or Lane Usage Improper,4517190,11.5,5.6,74.1,74.1,0.0,14.0,65,35.0,64.8,98,Rain: Heavy,1,1,
47223,2022-04-06 15:30:00,40.6313,-74.01034,1,0,Unspecified,4516837,12.5,6.2,17.5,17.5,0.0,14.0,61,31.2,62.3,55,Rain: Light,1,1,
47224,2022-04-08 18:35:00,40.757877,-73.8839,2,0,Passing or Lane Usage Improper,4517557,16.5,7.1,5.2,5.2,0.0,4.0,63,21.3,42.8,253,Rain: Moderate,2,2,
47225,2022-04-06 13:00:00,40.802402,-73.94519,0,0,Driver Inattention/Distraction,4517064,12.5,6.2,17.5,17.5,0.0,14.0,61,31.2,62.3,55,Rain: Light,0,0,
47226,2022-04-07 20:00:00,40.609108,-73.74685,1,0,Failure to Yield Right-of-Way,4517917,11.5,5.6,74.1,74.1,0.0,14.0,65,35.0,64.8,98,Rain: Heavy,1,1,
47227,2022-09-21 10:44:00,40.647953,-73.949265,1,0,Failure to Yield Right-of-Way,4566918,26.5,16.0,0.0,0.0,0.0,0.0,3,19.4,36.7,252,Overcast,1,1,
47228,2021-10-17 07:09:00,40.6803904,-73.949557,1,0,Unsafe Speed,4470664,17.3,11.1,0.2,0.2,0.0,2.0,51,23.9,43.9,293,Drizzle: Light,1,1,
47229,2022-04-04 22:08:00,40.67942,-73.91854,0,0,Backing Unsafely,4517745,12.2,2.6,0.1,0.1,0.0,1.0,51,23.7,41.4,304,Drizzle: Light,0,0,
47230,2022-04-07 13:45:00,40.85821,-73.91679,0,0,Passing or Lane Usage Improper,4517208,11.5,5.6,74.1,74.1,0.0,14.0,65,35.0,64.8,98,Rain: Heavy,0,0,
47231,2022-04-06 07:43:00,40.76087,-73.88349,0,0,Driver Inattention/Distraction,4516736,12.5,6.2,17.5,17.5,0.0,14.0,61,31.2,62.3,55,Rain: Light,0,0,
47232,2022-04-08 05:55:00,40.65055,-73.902245,3,0,Following Too Closely,4517357,16.5,7.1,5.2,5.2,0.0,4.0,63,21.3,42.8,253,Rain: Moderate,3,3,
47233,2022-04-07 04:45:00,40.69571,-73.805756,0,0,Backing Unsafely,4516994,11.5,5.6,74.1,74.1,0.0,14.0,65,35.0,64.8,98,Rain: Heavy,0,0,
47234,2022-04-08 13:45:00,40.69382,-73.72694,1,0,Following Too Closely,4517287,16.5,7.1,5.2,5.2,0.0,4.0,63,21.3,42.8,253,Rain: Moderate,1,1,
47235,2022-04-08 16:08:00,40.727566,-73.929276,0,0,Driver Inexperience,4517874,16.5,7.1,5.2,5.2,0.0,4.0,63,21.3,42.8,253,Rain: Moderate,0,0,
47236,2022-04-08 09:00:00,40.842228,-73.943954,0,0,Unspecified,4517604,16.5,7.1,5.2,5.2,0.0,4.0,63,21.3,42.8,253,Rain: Moderate,0,0,
47237,2022-04-08 22:31:00,40.669476,-73.919975,5,0,Unspecified,4517574,16.5,7.1,5.2,5.2,0.0,4.0,63,21.3,42.8,253,Rain: Moderate,5,5,
47238,2022-04-04 09:40:00,40.827904,-73.91218,0,0,Unspecified,4517542,12.2,2.6,0.1,0.1,0.0,1.0,51,23.7,41.4,304,Drizzle: Light,0,0,
47239,2022-04-06 05:00:00,40.66933,-73.777,0,0,Failure to Keep Right,4517057,12.5,6.2,17.5,17.5,0.0,14.0,61,31.2,62.3,55,Rain: Light,0,0,
47240,2022-04-07 00:00:00,40.831566,-73.942986,0,0,Unspecified,4517335,11.5,5.6,74.1,74.1,0.0,14.0,65,35.0,64.8,98,Rain: Heavy,0,0,
47241,2022-04-02 20:10:00,40.7104,-73.83974,1,0,Following Too Closely,4517754,11.1,1.4,0.0,0.0,0.0,0.0,3,26.3,47.9,286,Overcast,1,1,
47242,2022-04-07 14:30:00,40.728832,-73.88052,1,0,Pavement Slippery,4517088,11.5,5.6,74.1,74.1,0.0,14.0,65,35.0,64.8,98,Rain: Heavy,1,1,
47243,2022-04-07 07:30:00,40.722343,-73.77717,1,0,Unspecified,4517314,11.5,5.6,74.1,74.1,0.0,14.0,65,35.0,64.8,98,Rain: Heavy,1,1,
47244,2022-03-30 08:00:00,40.719864,-73.93589,0,0,Reaction to Uninvolved Vehicle,4517873,5.9,-3.5,0.0,0.0,0.0,0.0,3,17.0,30.6,215,Overcast,0,0,
47245,2022-04-06 08:00:00,40.62868,-74.01665,1,0,Driver Inattention/Distraction,4516748,12.5,6.2,17.5,17.5,0.0,14.0,61,31.2,62.3,55,Rain: Light,1,1,
47246,2022-04-06 12:54:00,40.625896,-73.92816,0,0,Driver Inexperience,4516800,12.5,6.2,17.5,17.5,0.0,14.0,61,31.2,62.3,55,Rain: Light,0,0,
47247,2022-04-05 11:47:00,40.696033,-73.984535,0,0,Unspecified,4517077,12.1,1.0,1.7,1.7,0.0,3.0,53,16.8,32.8,121,Drizzle: Moderate,0,0,
47248,2022-04-07 22:20:00,40.590397,-73.78874,0,0,Aggressive Driving/Road Rage,4517197,11.5,5.6,74.1,74.1,0.0,14.0,65,35.0,64.8,98,Rain: Heavy,0,0,
47249,2022-04-04 16:45:00,40.865383,-73.89348,0,0,Unspecified,4517902,12.2,2.6,0.1,0.1,0.0,1.0,51,23.7,41.4,304,Drizzle: Light,0,0,
47250,2022-04-04 20:10:00,40.672497,-73.91686,0,0,Other Vehicular,4517564,12.2,2.6,0.1,0.1,0.0,1.0,51,23.7,41.4,304,Drizzle: Light,0,0,
47251,2022-04-08 13:22:00,40.71407,-73.954346,0,0,Driver Inattention/Distraction,4517812,16.5,7.1,5.2,5.2,0.0,4.0,63,21.3,42.8,253,Rain: Moderate,0,0,
47252,2022-03-30 10:30:00,40.76407,-73.93666,0,0,Unspecified,4517566,5.9,-3.5,0.0,0.0,0.0,0.0,3,17.0,30.6,215,Overcast,0,0,
47253,2022-04-04 06:15:00,40.77045,-73.911644,0,0,Backing Unsafely,4517203,12.2,2.6,0.1,0.1,0.0,1.0,51,23.7,41.4,304,Drizzle: Light,0,0,
47254,2022-04-06 17:00:00,40.65021,-74.01577,0,0,Driver Inattention/Distraction,4516827,12.5,6.2,17.5,17.5,0.0,14.0,61,31.2,62.3,55,Rain: Light,0,0,
47255,2022-04-06 14:00:00,40.709415,-73.87022,2,0,Reaction to Uninvolved Vehicle,4516925,12.5,6.2,17.5,17.5,0.0,14.0,61,31.2,62.3,55,Rain: Light,2,2,
47256,2022-04-07 13:40:00,40.835835,-73.87308,0,0,Failure to Yield Right-of-Way,4517192,11.5,5.6,74.1,74.1,0.0,14.0,65,35.0,64.8,98,Rain: Heavy,0,0,
47257,2022-04-06 15:20:00,40.73093,-73.864586,1,0,Failure to Yield Right-of-Way,4517105,12.5,6.2,17.5,17.5,0.0,14.0,61,31.2,62.3,55,Rain: Light,1,1,
47258,2022-04-08 20:22:00,40.640205,-73.98001,1,0,Unspecified,4517513,16.5,7.1,5.2,5.2,0.0,4.0,63,21.3,42.8,253,Rain: Moderate,1,1,
47259,2022-04-06 01:00:00,40.765614,-73.9607,1,0,,4517165,12.5,6.2,17.5,17.5,0.0,14.0,61,31.2,62.3,55,Rain: Light,1,1,
47260,2022-04-08 18:15:00,40.59493,-74.09799,0,0,Following Too Closely,4517325,16.5,7.1,5.2,5.2,0.0,4.0,63,21.3,42.8,253,Rain: Moderate,0,0,
47261,2022-04-08 15:17:00,40.75548,-73.74173,0,0,Driver Inattention/Distraction,4517670,16.5,7.1,5.2,5.2,0.0,4.0,63,21.3,42.8,253,Rain: Moderate,0,0,
47262,2022-04-06 11:31:00,40.6215,-73.9925,0,0,Brakes Defective,4516845,12.5,6.2,17.5,17.5,0.0,14.0,61,31.2,62.3,55,Rain: Light,0,0,
47263,2022-04-05 20:56:00,40.756134,-73.74047,0,0,Backing Unsafely,4517303,12.1,1.0,1.7,1.7,0.0,3.0,53,16.8,32.8,121,Drizzle: Moderate,0,0,
47264,2022-04-06 06:15:00,40.75819,-73.82318,0,0,Passing or Lane Usage Improper,4516713,12.5,6.2,17.5,17.5,0.0,14.0,61,31.2,62.3,55,Rain: Light,0,0,
47265,2022-03-30 10:00:00,40.68698,-73.789604,0,0,Following Too Closely,4517359,5.9,-3.5,0.0,0.0,0.0,0.0,3,17.0,30.6,215,Overcast,0,0,
47266,2022-04-08 13:40:00,40.64978,-73.94947,0,0,Following Too Closely,4517294,16.5,7.1,5.2,5.2,0.0,4.0,63,21.3,42.8,253,Rain: Moderate,0,0,
47267,2022-04-06 15:45:00,40.68787,-73.978355,1,0,Driver Inattention/Distraction,4516814,12.5,6.2,17.5,17.5,0.0,14.0,61,31.2,62.3,55,Rain: Light,1,1,
47268,2022-04-08 23:00:00,40.755646,-73.89675,0,0,Other Vehicular,4517555,16.5,7.1,5.2,5.2,0.0,4.0,63,21.3,42.8,253,Rain: Moderate,0,0,
47269,2022-04-06 21:30:00,40.666138,-73.948074,0,0,Driver Inattention/Distraction,4517225,12.5,6.2,17.5,17.5,0.0,14.0,61,31.2,62.3,55,Rain: Light,0,0,
47270,2022-04-06 16:09:00,40.847324,-73.90375,0,0,Unspecified,4516988,12.5,6.2,17.5,17.5,0.0,14.0,61,31.2,62.3,55,Rain: Light,0,0,
47271,2022-04-04 16:15:00,40.699707,-73.95718,0,0,Passing Too Closely,4517818,12.2,2.6,0.1,0.1,0.0,1.0,51,23.7,41.4,304,Drizzle: Light,0,0,
47272,2022-04-06 08:14:00,40.58886,-73.80203,1,0,Following Too Closely,4516805,12.5,6.2,17.5,17.5,0.0,14.0,61,31.2,62.3,55,Rain: Light,1,1,
47273,2022-04-07 19:05:00,40.608807,-73.9532,1,0,Driver Inattention/Distraction,4517391,11.5,5.6,74.1,74.1,0.0,14.0,65,35.0,64.8,98,Rain: Heavy,1,1,
47274,2022-04-07 10:02:00,40.698,-73.97479,0,0,Passing or Lane Usage Improper,4517247,11.5,5.6,74.1,74.1,0.0,14.0,65,35.0,64.8,98,Rain: Heavy,0,0,
47275,2022-04-07 20:37:00,40.5442,-74.22293,0,0,Unspecified,4517139,11.5,5.6,74.1,74.1,0.0,14.0,65,35.0,64.8,98,Rain: Heavy,0,0,
47276,2022-04-07 13:00:00,40.71709,-73.98804,1,0,Other Vehicular,4517073,11.5,5.6,74.1,74.1,0.0,14.0,65,35.0,64.8,98,Rain: Heavy,1,1,