,CRASH DATETIME,LATITUDE,LONGITUDE,NUMBER OF PERSONS INJURED,NUMBER OF PERSONS KILLED,CONTRIBUTING FACTOR VEHICLE 1,COLLISION_ID,temperature_2m_max,temperature_2m_min,precipitation_sum,rain_sum,snowfall_sum,precipitation_hours,weather_code,wind_speed_10m_max,wind_gusts_10m_max,wind_direction_10m_dominant,Weather Description,Severity_Score,Total_Affected_Persons,Weather_Category
47277,2022-03-30 09:10:00,40.65871,-73.934074,1,0,Driver Inattention/Distraction,4517788,5.9,-3.5,0.0,0.0,0.0,0.0,3,17.0,30.6,215,Overcast,1,1,
47278,2022-04-08 10:50:00,40.68668,-73.97937,0,0,Unspecified,4517262,16.5,7.1,5.2,5.2,0.0,4.0,63,21.3,42.8,253,Rain: Moderate,0,0,
47279,2022-04-08 22:50:00,40.725174,-73.83739,1,0,Following Too Closely,4517506,16.5,7.1,5.2,5.2,0.0,4.0,63,21.3,42.8,253,Rain: Moderate,1,1,
47280,2022-04-06 14:20:00,40.666454,-73.78413,0,0,Reaction to Uninvolved Vehicle,4516874,12.5,6.2,17.5,17.5,0.0,14.0,61,31.2,62.3,55,Rain: Light,0,0,
47281,2022-04-06 12:05:00,40.845367,-73.94053,0,0,Unspecified,4517021,12.5,6.2,17.5,17.5,0.0,14.0,61,31.2,62.3,55,Rain: Light,0,0,
47282,2022-04-05 14:10:00,40.642017,-73.96266,0,0,Driver Inattention/Distraction,4517718,12.1,1.0,1.7,1.7,0.0,3.0,53,16.8,32.8,121,Drizzle: Moderate,0,0,
47283,2022-04-08 15:45:00,40.715843,-73.74613,0,0,Backing Unsafely,4517948,16.5,7.1,5.2,5.2,0.0,4.0,63,21.3,42.8,253,Rain: Moderate,0,0,
47284,2022-04-08 11:00:00,40.854904,-73.89645,0,0,Driver Inexperience,4517609,16.5,7.1,5.2,5.2,0.0,4.0,63,21.3,42.8,253,Rain: Moderate,0,0,
47285,2022-04-07 10:50:00,40.891937,-73.85278,0,0,Passing Too Closely,4517084,11.5,5.6,74.1,74.1,0.0,14.0,65,35.0,64.8,98,Rain: Heavy,0,0,
47286,2022-04-07 12:00:00,40.70731,-73.804245,2,0,Passing or Lane Usage Improper,4517318,11.5,5.6,74.1,74.1,0.0,14.0,65,35.0,64.8,98,Rain: Heavy,2,2,
47287,2022-04-07 08:24:00,40.67477,-73.8966,1,0,Driver Inattention/Distraction,4517051,11.5,5.6,74.1,74.1,0.0,14.0,65,35.0,64.8,98,Rain: Heavy,1,1,
47288,2022-04-06 00:00:00,40.63635,-73.94687,0,0,Driver Inattention/Distraction,4517729,12.5,6.2,17.5,17.5,0.0,14.0,61,31.2,62.3,55,Rain: Light,0,0,
47289,2022-04-06 08:47:00,40.618088,-74.02274,0,0,Traffic Control Disregarded,4517121,12.5,6.2,17.5,17.5,0.0,14.0,61,31.2,62.3,55,Rain: Light,0,0,
47290,2022-04-06 20:16:00,40.767353,-73.9177,1,0,Driver Inattention/Distraction,4517185,12.5,6.2,17.5,17.5,0.0,14.0,61,31.2,62.3,55,Rain: Light,1,1,
47291,2022-04-02 09:40:00,40.786808,-73.94524,0,0,Unspecified,4517331,11.1,1.4,0.0,0.0,0.0,0.0,3,26.3,47.9,286,Overcast,0,0,
47292,2022-04-06 11:30:00,40.747112,-73.96894,0,0,Failure to Yield Right-of-Way,4516869,12.5,6.2,17.5,17.5,0.0,14.0,61,31.2,62.3,55,Rain: Light,0,0,
47293,2022-04-06 14:30:00,40.620255,-73.936874,1,0,Unspecified,4517289,12.5,6.2,17.5,17.5,0.0,14.0,61,31.2,62.3,55,Rain: Light,1,1,
47294,2022-04-07 16:09:00,40.748913,-73.9374,1,0,Passing or Lane Usage Improper,4517133,11.5,5.6,74.1,74.1,0.0,14.0,65,35.0,64.8,98,Rain: Heavy,1,1,
47295,2022-04-08 13:15:00,40.69595,-73.86237,1,0,Following Too Closely,4517274,16.5,7.1,5.2,5.2,0.0,4.0,63,21.3,42.8,253,Rain: Moderate,1,1,
47296,2022-04-08 18:13:00,40.82398,-73.946724,1,0,Driver Inattention/Distraction,4517368,16.5,7.1,5.2,5.2,0.0,4.0,63,21.3,42.8,253,Rain: Moderate,1,1,
47297,2022-04-06 11:36:00,40.66435,-73.87231,0,0,Backing Unsafely,4516860,12.5,6.2,17.5,17.5,0.0,14.0,61,31.2,62.3,55,Rain: Light,0,0,
47298,2022-03-31 10:00:00,40.75494,-73.86909,0,0,Unspecified,4517549,19.0,3.5,12.0,12.0,0.0,4.0,65,37.8,67.3,194,Rain: Heavy,0,0,
47299,2022-04-06 08:35:00,40.762287,-73.972374,1,0,Unspecified,4516704,12.5,6.2,17.5,17.5,0.0,14.0,61,31.2,62.3,55,Rain: Light,1,1,
47300,2022-04-08 02:25:00,40.668976,-73.90668,0,0,Unsafe Speed,4517150,16.5,7.1,5.2,5.2,0.0,4.0,63,21.3,42.8,253,Rain: Moderate,0,0,
47301,2022-04-08 17:50:00,40.859245,-73.81814,0,0,Other Vehicular,4517884,16.5,7.1,5.2,5.2,0.0,4.0,63,21.3,42.8,253,Rain: Moderate,0,0,
47302,2022-04-06 17:15:00,40.66309,-73.962395,1,0,Driver Inattention/Distraction,4517230,12.5,6.2,17.5,17.5,0.0,14.0,61,31.2,62.3,55,Rain: Light,1,1,
47303,2022-04-08 05:08:00,40.764084,-73.83336,0,0,Unsafe Speed,4517453,16.5,7.1,5.2,5.2,0.0,4.0,63,21.3,42.8,253,Rain: Moderate,0,0,
47304,2022-01-13 18:47:00,40.837906,-73.93835,1,0,Unspecified,4494851,7.1,-3.7,0.0,0.0,0.0,0.0,3,9.7,18.7,193,Overcast,1,1,
47305,2022-04-06 08:35:00,40.763695,-73.81911,1,0,Failure to Yield Right-of-Way,4516788,12.5,6.2,17.5,17.5,0.0,14.0,61,31.2,62.3,55,Rain: Light,1,1,
47306,2022-04-08 13:50:00,40.66925,-73.93944,2,0,Lost Consciousness,4517681,16.5,7.1,5.2,5.2,0.0,4.0,63,21.3,42.8,253,Rain: Moderate,2,2,
47307,2022-04-08 06:22:00,40.668377,-73.92012,0,0,Passing or Lane Usage Improper,4517347,16.5,7.1,5.2,5.2,0.0,4.0,63,21.3,42.8,253,Rain: Moderate,0,0,
47308,2022-04-06 20:40:00,40.734135,-73.86918,0,0,Driver Inattention/Distraction,4516892,12.5,6.2,17.5,17.5,0.0,14.0,61,31.2,62.3,55,Rain: Light,0,0,
47309,2022-04-08 21:25:00,40.6481,-73.91474,0,0,Driver Inattention/Distraction,4517623,16.5,7.1,5.2,5.2,0.0,4.0,63,21.3,42.8,253,Rain: Moderate,0,0,
47310,2022-04-07 04:15:00,40.757595,-73.920135,0,0,Backing Unsafely,4517215,11.5,5.6,74.1,74.1,0.0,14.0,65,35.0,64.8,98,Rain: Heavy,0,0,
47311,2022-04-06 09:15:00,40.545578,-74.22228,0,0,Passing or Lane Usage Improper,4517182,12.5,6.2,17.5,17.5,0.0,14.0,61,31.2,62.3,55,Rain: Light,0,0,
47312,2022-04-08 20:05:00,40.83328,-73.93916,0,0,Driver Inattention/Distraction,4517598,16.5,7.1,5.2,5.2,0.0,4.0,63,21.3,42.8,253,Rain: Moderate,0,0,
47313,2022-03-29 11:33:00,40.762447,-73.91949,1,0,Driver Inattention/Distraction,4517405,3.3,-5.2,0.0,0.0,0.0,0.0,2,29.3,54.4,311,Partly cloudy,1,1,
47314,2022-03-24 18:27:00,40.766685,-73.892136,2,0,Driver Inattention/Distraction,4517299,9.9,3.5,21.4,21.4,0.0,16.0,63,27.2,50.8,57,Rain: Moderate,2,2,
47315,2022-04-07 17:48:00,40.597435,-73.74621,1,0,Unspecified,4517428,11.5,5.6,74.1,74.1,0.0,14.0,65,35.0,64.8,98,Rain: Heavy,1,1,
47316,2022-04-08 10:30:00,40.69506,-73.92982,0,0,Unspecified,4517642,16.5,7.1,5.2,5.2,0.0,4.0,63,21.3,42.8,253,Rain: Moderate,0,0,
47317,2022-03-29 18:36:00,40.801655,-73.938896,1,0,Backing Unsafely,4517257,3.3,-5.2,0.0,0.0,0.0,0.0,2,29.3,54.4,311,Partly cloudy,1,1,
47318,2022-04-08 01:05:00,40.75045,-73.9873,1,0,Pedestrian/Bicyclist/Other Pedestrian Error/Confusion,4517531,16.5,7.1,5.2,5.2,0.0,4.0,63,21.3,42.8,253,Rain: Moderate,1,1,
47319,2022-04-08 06:00:00,40.550766,-74.15017,0,0,Traffic Control Disregarded,4517490,16.5,7.1,5.2,5.2,0.0,4.0,63,21.3,42.8,253,Rain: Moderate,0,0,
47320,2022-04-06 18:45:00,40.60375,-73.76746,0,0,Passing or Lane Usage Improper,4516900,12.5,6.2,17.5,17.5,0.0,14.0,61,31.2,62.3,55,Rain: Light,0,0,
47321,2022-04-04 19:44:00,40.64829,-73.944496,0,0,Unspecified,4517615,12.2,2.6,0.1,0.1,0.0,1.0,51,23.7,41.4,304,Drizzle: Light,0,0,
47322,2022-04-07 22:15:00,40.80472,-73.93824,1,0,Driver Inattention/Distraction,4517235,11.5,5.6,74.1,74.1,0.0,14.0,65,35.0,64.8,98,Rain: Heavy,1,1,
47323,2022-04-08 23:41:00,40.658672,-73.90019,2,0,Unspecified,4517590,16.5,7.1,5.2,5.2,0.0,4.0,63,21.3,42.8,253,Rain: Moderate,2,2,
47324,2022-04-07 08:23:00,40.71304,-73.82982,0,0,Passing or Lane Usage Improper,4516977,11.5,5.6,74.1,74.1,0.0,14.0,65,35.0,64.8,98,Rain: Heavy,0,0,
47325,2022-04-07 17:00:00,40.64104,-74.00361,2,0,Unsafe Speed,4517115,11.5,5.6,74.1,74.1,0.0,14.0,65,35.0,64.8,98,Rain: Heavy,2,2,
47326,2022-04-08 23:00:00,40.761856,-73.96343,0,0,Unspecified,4517857,16.5,7.1,5.2,5.2,0.0,4.0,63,21.3,42.8,253,Rain: Moderate,0,0,
47327,2022-04-08 17:00:00,40.653774,-73.95617,1,0,Unspecified,4517632,16.5,7.1,5.2,5.2,0.0,4.0,63,21.3,42.8,253,Rain: Moderate,1,1,
47328,2022-04-06 14:00:00,40.680782,-73.83435,0,0,Passing or Lane Usage Improper,4516880,12.5,6.2,17.5,17.5,0.0,14.0,61,31.2,62.3,55,Rain: Light,0,0,
47329,2021-10-20 02:19:00,40.7404615,-73.8443678,0,0,Passing or Lane Usage Improper,4469088,24.1,13.8,0.0,0.0,0.0,0.0,3,21.6,37.1,276,Overcast,0,0,
47330,2022-04-08 14:25:00,40.699146,-73.90381,0,0,Other Vehicular,4517411,16.5,7.1,5.2,5.2,0.0,4.0,63,21.3,42.8,253,Rain: Moderate,0,0,
47331,2022-04-08 12:55:00,40.677845,-73.95282,0,0,View Obstructed/Limited,4517769,16.5,7.1,5.2,5.2,0.0,4.0,63,21.3,42.8,253,Rain: Moderate,0,0,
47332,2022-04-06 14:55:00,40.707783,-73.932076,0,0,Turning Improperly,4516839,12.5,6.2,17.5,17.5,0.0,14.0,61,31.2,62.3,55,Rain: Light,0,0,
47333,2022-04-07 07:40:00,40.746906,-73.86371,1,0,Driver Inattention/Distraction,4517143,11.5,5.6,74.1,74.1,0.0,14.0,65,35.0,64.8,98,Rain: Heavy,1,1,
47334,2022-04-07 13:30:00,40.68862,-73.82915,0,0,Backing Unsafely,4517156,11.5,5.6,74.1,74.1,0.0,14.0,65,35.0,64.8,98,Rain: Heavy,0,0,
47335,2022-04-03 21:00:00,40.70207,-73.9363,0,0,Unspecified,4517637,8.3,3.4,3.1,3.1,0.0,5.0,61,21.9,38.2,274,Rain: Light,0,0,
47336,2022-04-01 15:28:00,40.70097,-73.88599,0,0,Unspecified,4517711,15.2,5.3,1.4,1.4,0.0,8.0,51,33.1,61.9,277,Drizzle: Light,0,0,
47337,2022-04-06 22:30:00,40.693123,-73.752914,0,0,Failure to Yield Right-of-Way,4517012,12.5,6.2,17.5,17.5,0.0,14.0,61,31.2,62.3,55,Rain: Light,0,0,
47338,2022-04-06 10:00:00,40.744366,-73.974884,1,0,Driver Inattention/Distraction,4517098,12.5,6.2,17.5,17.5,0.0,14.0,61,31.2,62.3,55,Rain: Light,1,1,
47339,2022-04-06 22:16:00,40.597984,-73.96411,1,0,Passenger Distraction,4516909,12.5,6.2,17.5,17.5,0.0,14.0,61,31.2,62.3,55,Rain: Light,1,1,
47340,2022-04-08 07:50:00,40.686745,-73.78138,1,0,Failure to Yield Right-of-Way,4517385,16.5,7.1,5.2,5.2,0.0,4.0,63,21.3,42.8,253,Rain: Moderate,1,1,
47341,2022-04-06 15:50:00,40.75449,-74.006744,0,0,Unsafe Lane Changing,4517738,12.5,6.2,17.5,17.5,0.0,14.0,61,31.2,62.3,55,Rain: Light,0,0,
47342,2022-04-08 07:00:00,40.64316,-74.01922,0,0,Passing Too Closely,4517473,16.5,7.1,5.2,5.2,0.0,4.0,63,21.3,42.8,253,Rain: Moderate,0,0,
47343,2022-04-07 06:50:00,40.729294,-73.9498,0,0,Driver Inattention/Distraction,4516945,11.5,5.6,74.1,74.1,0.0,14.0,65,35.0,64.8,98,Rain: Heavy,0,0,
47344,2022-04-08 13:09:00,40.63563,-73.91311,1,0,Unsafe Lane Changing,4517311,16.5,7.1,5.2,5.2,0.0,4.0,63,21.3,42.8,253,Rain: Moderate,1,1,
47345,2022-04-08 05:45:00,40.748825,-73.900764,0,0,Driver Inattention/Distraction,4517654,16.5,7.1,5.2,5.2,0.0,4.0,63,21.3,42.8,253,Rain: Moderate,0,0,
47346,2022-04-04 09:00:00,40.69632,-73.960625,0,0,Driver Inattention/Distraction,4517755,12.2,2.6,0.1,0.1,0.0,1.0,51,23.7,41.4,304,Drizzle: Light,0,0,
47347,2022-04-07 19:20:00,40.831074,-73.82464,1,0,Unspecified,4517189,11.5,5.6,74.1,74.1,0.0,14.0,65,35.0,64.8,98,Rain: Heavy,1,1,
47348,2022-03-31 11:58:00,40.767506,-73.91205,1,0,Failure to Yield Right-of-Way,4517376,19.0,3.5,12.0,12.0,0.0,4.0,65,37.8,67.3,194,Rain: Heavy,1,1,
47349,2022-04-07 21:41:00,40.60487,-74.02955,0,0,Unspecified,4517125,11.5,5.6,74.1,74.1,0.0,14.0,65,35.0,64.8,98,Rain: Heavy,0,0,
47350,2022-04-08 18:41:00,40.847816,-73.89663,0,0,Driver Inattention/Distraction,4517614,16.5,7.1,5.2,5.2,0.0,4.0,63,21.3,42.8,253,Rain: Moderate,0,0,
47351,2022-04-08 12:38:00,40.632313,-73.93687,0,0,Driver Inattention/Distraction,4517306,16.5,7.1,5.2,5.2,0.0,4.0,63,21.3,42.8,253,Rain: Moderate,0,0,
47352,2022-04-07 08:35:00,40.90028,-73.89704,0,0,Following Too Closely,4517218,11.5,5.6,74.1,74.1,0.0,14.0,65,35.0,64.8,98,Rain: Heavy,0,0,
47353,2022-04-06 12:55:00,40.82803,-73.934845,0,0,Other Vehicular,4516957,12.5,6.2,17.5,17.5,0.0,14.0,61,31.2,62.3,55,Rain: Light,0,0,
47354,2022-04-04 13:00:00,40.75289,-73.98732,1,0,Driver Inattention/Distraction,4517543,12.2,2.6,0.1,0.1,0.0,1.0,51,23.7,41.4,304,Drizzle: Light,1,1,
47355,2022-04-05 17:08:00,40.84915,-73.917336,1,0,Following Too Closely,4517211,12.1,1.0,1.7,1.7,0.0,3.0,53,16.8,32.8,121,Drizzle: Moderate,1,1,
47356,2022-01-13 08:23:00,40.85052,-73.92921,0,0,Illnes,4494998,7.1,-3.7,0.0,0.0,0.0,0.0,3,9.7,18.7,193,Overcast,0,0,
47357,2022-04-08 00:15:00,40.763344,-73.75791,0,0,Reaction to Uninvolved Vehicle,4517128,16.5,7.1,5.2,5.2,0.0,4.0,63,21.3,42.8,253,Rain: Moderate,0,0,
47358,2022-04-06 05:25:00,40.76788,-73.9815,0,0,Unspecified,4516651,12.5,6.2,17.5,17.5,0.0,14.0,61,31.2,62.3,55,Rain: Light,0,0,
47359,2022-04-08 14:10:00,40.528,-74.23547,0,0,Backing Unsafely,4517447,16.5,7.1,5.2,5.2,0.0,4.0,63,21.3,42.8,253,Rain: Moderate,0,0,
47360,2022-03-27 04:40:00,40.675205,-73.904396,0,0,Following Too Closely,4517351,7.5,-1.1,0.3,0.3,0.07,3.0,71,26.4,47.5,288,Snow fall: Light,0,0,Snowy Conditions
47361,2022-04-08 23:00:00,40.742474,-73.95277,0,0,Driver Inattention/Distraction,4517344,16.5,7.1,5.2,5.2,0.0,4.0,63,21.3,42.8,253,Rain: Moderate,0,0,
47362,2022-04-07 08:15:00,40.731815,-73.8713,0,0,Unsafe Lane Changing,4517144,11.5,5.6,74.1,74.1,0.0,14.0,65,35.0,64.8,98,Rain: Heavy,0,0,
47363,2022-04-06 23:16:00,40.65444,-73.89081,2,0,Unspecified,4516867,12.5,6.2,17.5,17.5,0.0,14.0,61,31.2,62.3,55,Rain: Light,2,2,
47364,2022-04-01 11:05:00,40.721935,-73.98533,0,0,Backing Unsafely,4517686,15.2,5.3,1.4,1.4,0.0,8.0,51,33.1,61.9,277,Drizzle: Light,0,0,
47365,2022-04-07 10:37:00,40.70403,-73.81711,0,0,Passing or Lane Usage Improper,4517037,11.5,5.6,74.1,74.1,0.0,14.0,65,35.0,64.8,98,Rain: Heavy,0,0,
47366,2022-04-06 10:00:00,40.71135,-73.754875,1,0,Backing Unsafely,4516775,12.5,6.2,17.5,17.5,0.0,14.0,61,31.2,62.3,55,Rain: Light,1,1,
47367,2022-04-08 12:13:00,40.725193,-73.98705,1,0,Unsafe Lane Changing,4517691,16.5,7.1,5.2,5.2,0.0,4.0,63,21.3,42.8,253,Rain: Moderate,1,1,
47368,2022-04-08 12:25:00,40.597248,-73.94926,0,0,Backing Unsafely,4517398,16.5,7.1,5.2,5.2,0.0,4.0,63,21.3,42.8,253,Rain: Moderate,0,0,
47369,2022-04-08 03:45:00,40.797215,-73.969925,0,0,Failure to Yield Right-of-Way,4517842,16.5,7.1,5.2,5.2,0.0,4.0,63,21.3,42.8,253,Rain: Moderate,0,0,
47370,2022-09-21 17:40:00,40.76531,-73.96385,1,0,Driver Inattention/Distraction,4566185,26.5,16.0,0.0,0.0,0.0,0.0,3,19.4,36.7,252,Overcast,1,1,
47371,2022-04-05 08:15:00,40.792545,-73.94104,0,0,Passing Too Closely,4517721,12.1,1.0,1.7,1.7,0.0,3.0,53,16.8,32.8,121,Drizzle: Moderate,0,0,
47372,2022-04-08 19:30:00,40.745235,-73.937706,0,0,Driver Inattention/Distraction,4517339,16.5,7.1,5.2,5.2,0.0,4.0,63,21.3,42.8,253,Rain: Moderate,0,0,
47373,2022-04-07 15:00:00,40.659477,-73.908134,0,0,Other Vehicular,4517585,11.5,5.6,74.1,74.1,0.0,14.0,65,35.0,64.8,98,Rain: Heavy,0,0,
47374,2022-04-07 08:45:00,40.758205,-73.777405,0,0,Following Too Closely,4517030,11.5,5.6,74.1,74.1,0.0,14.0,65,35.0,64.8,98,Rain: Heavy,0,0,
47375,2022-04-08 14:39:00,40.832294,-73.88866,0,0,Backing Unsafely,4517485,16.5,7.1,5.2,5.2,0.0,4.0,63,21.3,42.8,253,Rain: Moderate,0,0,
47376,2022-04-06 03:35:00,40.744022,-74.00847,0,0,Steering Failure,4517727,12.5,6.2,17.5,17.5,0.0,14.0,61,31.2,62.3,55,Rain: Light,0,0,
47377,2022-04-05 15:00:00,40.821594,-73.95077,0,0,Following Too Closely,4517701,12.1,1.0,1.7,1.7,0.0,3.0,53,16.8,32.8,121,Drizzle: Moderate,0,0,
47378,2022-03-29 14:05:00,40.70941,-73.9367,1,0,Backing Unsafely,4517518,3.3,-5.2,0.0,0.0,0.0,0.0,2,29.3,54.4,311,Partly cloudy,1,1,
47379,2022-04-08 00:00:00,40.665836,-73.75739,0,0,Driver Inattention/Distraction,4517286,16.5,7.1,5.2,5.2,0.0,4.0,63,21.3,42.8,253,Rain: Moderate,0,0,
47380,2022-04-07 17:48:00,40.664722,-73.76907,0,0,Unspecified,4517160,11.5,5.6,74.1,74.1,0.0,14.0,65,35.0,64.8,98,Rain: Heavy,0,0,
47381,2022-04-08 14:00:00,40.673267,-73.98952,0,0,Turning Improperly,4517678,16.5,7.1,5.2,5.2,0.0,4.0,63,21.3,42.8,253,Rain: Moderate,0,0,
47382,2021-12-29 18:00:00,40.567394,-74.15229,0,0,Failure to Yield Right-of-Way,4490593,7.6,4.1,8.1,8.1,0.0,8.0,61,12.2,24.1,52,Rain: Light,0,0,
47383,2021-12-25 03:50:00,40.58493,-73.95269,3,0,Unsafe Speed,4490879,8.8,0.5,6.1,6.1,0.0,14.0,55,14.5,24.8,284,Drizzle: Dense,3,3,
47384,2022-01-04 18:47:00,40.64495,-73.9249,5,0,Unspecified,4493009,0.7,-6.7,0.0,0.0,0.0,0.0,3,20.0,36.4,287,Overcast,5,5,
47385,2022-01-08 09:00:00,40.703915,-73.94817,1,0,Failure to Yield Right-of-Way,4493233,-3.3,-8.4,0.0,0.0,0.0,0.0,1,21.6,37.8,277,Mainly clear,1,1,Sunny/Clear Conditions
47386,2022-01-06 17:27:00,40.67689,-73.900055,0,0,Driver Inattention/Distraction,4493505,4.1,-0.7,0.0,0.0,0.0,0.0,3,20.2,38.2,269,Overcast,0,0,
47387,2022-01-11 19:29:00,40.85678,-73.86192,2,0,Unspecified,4493842,-4.2,-8.8,0.0,0.0,0.0,0.0,1,26.7,50.8,316,Mainly clear,2,2,Sunny/Clear Conditions
47388,2022-01-14 22:44:00,40.845024,-73.92632,0,0,Passing or Lane Usage Improper,4495149,5.0,-5.0,0.0,0.0,0.0,0.0,3,34.6,62.6,358,Overcast,0,0,
47389,2021-12-25 12:32:00,40.81032,-73.95151,0,0,Driver Inattention/Distraction,4495141,8.8,0.5,6.1,6.1,0.0,14.0,55,14.5,24.8,284,Drizzle: Dense,0,0,
47390,2022-01-14 12:30:00,40.73765,-73.90557,0,0,Backing Unsafely,4495122,5.0,-5.0,0.0,0.0,0.0,0.0,3,34.6,62.6,358,Overcast,0,0,
47391,2022-01-14 08:31:00,40.724037,-73.72568,0,0,Driver Inattention/Distraction,4495147,5.0,-5.0,0.0,0.0,0.0,0.0,3,34.6,62.6,358,Overcast,0,0,
47392,2021-11-28 17:40:00,40.80897,-73.94833,1,0,Steering Failure,4495142,4.4,0.2,1.4,0.0,0.98,10.0,73,11.0,20.9,193,Snow fall: Moderate,1,1,Snowy Conditions
47393,2022-02-20 05:35:00,40.720524,-73.90493,2,0,Unsafe Speed,4504163,2.4,-6.6,0.0,0.0,0.0,0.0,3,23.4,44.3,250,Overcast,2,2,
47394,2022-02-20 07:05:00,40.64388,-73.94693,0,0,Driver Inattention/Distraction,4504091,2.4,-6.6,0.0,0.0,0.0,0.0,3,23.4,44.3,250,Overcast,0,0,
47395,2022-02-20 18:45:00,40.680748,-73.78948,0,0,Driver Inattention/Distraction,4504316,2.4,-6.6,0.0,0.0,0.0,0.0,3,23.4,44.3,250,Overcast,0,0,
47396,2022-02-20 10:25:00,40.720306,-73.943634,0,0,Driver Inattention/Distraction,4504427,2.4,-6.6,0.0,0.0,0.0,0.0,3,23.4,44.3,250,Overcast,0,0,
47397,2022-02-20 17:00:00,40.80295,-73.96567,0,0,Passing Too Closely,4504288,2.4,-6.6,0.0,0.0,0.0,0.0,3,23.4,44.3,250,Overcast,0,0,
47398,2022-02-18 21:47:00,40.683014,-73.87003,0,0,Driver Inattention/Distraction,4504783,15.6,-2.8,11.9,11.9,0.0,6.0,63,44.1,79.2,261,Rain: Moderate,0,0,
47399,2022-02-18 19:21:00,40.836403,-73.875595,0,0,Following Too Closely,4504730,15.6,-2.8,11.9,11.9,0.0,6.0,63,44.1,79.2,261,Rain: Moderate,0,0,
47400,2022-02-20 11:20:00,40.722496,-73.940414,0,0,Driver Inattention/Distraction,4504898,2.4,-6.6,0.0,0.0,0.0,0.0,3,23.4,44.3,250,Overcast,0,0,
47401,2022-02-20 21:20:00,40.66614,-73.82326,2,0,Unsafe Lane Changing,4504327,2.4,-6.6,0.0,0.0,0.0,0.0,3,23.4,44.3,250,Overcast,2,2,
47402,2022-02-20 05:44:00,40.854248,-73.89399,0,0,Driver Inattention/Distraction,4504738,2.4,-6.6,0.0,0.0,0.0,0.0,3,23.4,44.3,250,Overcast,0,0,
47403,2022-02-20 07:22:00,40.66937,-73.89523,1,0,Unspecified,4504581,2.4,-6.6,0.0,0.0,0.0,0.0,3,23.4,44.3,250,Overcast,1,1,
47404,2022-02-20 15:55:00,40.681118,-73.96443,1,0,Unspecified,4504229,2.4,-6.6,0.0,0.0,0.0,0.0,3,23.4,44.3,250,Overcast,1,1,
47405,2022-02-20 08:30:00,40.778557,-73.90175,1,0,Driver Inattention/Distraction,4504673,2.4,-6.6,0.0,0.0,0.0,0.0,3,23.4,44.3,250,Overcast,1,1,
47406,2022-01-07 09:10:00,40.6772,-73.94147,0,0,Driver Inattention/Distraction,4494931,-0.0,-5.7,9.0,0.0,6.3,11.0,75,26.8,48.6,313,Snow fall: Heavy,0,0,Snowy Conditions
47407,2022-01-12 03:43:00,40.734604,-73.864784,0,0,Unspecified,4494904,4.6,-7.3,0.0,0.0,0.0,0.0,3,20.5,39.2,213,Overcast,0,0,
47408,2022-01-13 00:46:00,40.675682,-74.00119,0,0,Passing or Lane Usage Improper,4494169,7.1,-3.7,0.0,0.0,0.0,0.0,3,9.7,18.7,193,Overcast,0,0,
47409,2021-01-15 01:35:00,40.613117,-73.925255,0,0,Unspecified,4494654,7.0,-1.0,3.1,3.1,0.0,5.0,63,26.8,50.0,72,Rain: Moderate,0,0,
47410,2022-01-13 06:30:00,40.66804,-73.93535,0,0,Unspecified,4494507,7.1,-3.7,0.0,0.0,0.0,0.0,3,9.7,18.7,193,Overcast,0,0,
47411,2022-01-12 07:35:00,40.8725,-73.90215,1,0,Turning Improperly,4494493,4.6,-7.3,0.0,0.0,0.0,0.0,3,20.5,39.2,213,Overcast,1,1,
47412,2022-01-13 00:00:00,40.72784,-73.90408,0,0,Driver Inattention/Distraction,4494902,7.1,-3.7,0.0,0.0,0.0,0.0,3,9.7,18.7,193,Overcast,0,0,
47413,2022-01-13 18:10:00,40.704494,-73.81743,1,0,Passing or Lane Usage Improper,4494401,7.1,-3.7,0.0,0.0,0.0,0.0,3,9.7,18.7,193,Overcast,1,1,
47414,2022-01-14 22:00:00,40.84325,-73.84306,0,0,Driver Inattention/Distraction,4494703,5.0,-5.0,0.0,0.0,0.0,0.0,3,34.6,62.6,358,Overcast,0,0,
47415,2022-01-13 07:00:00,40.679955,-73.97491,0,0,Passing Too Closely,4494638,7.1,-3.7,0.0,0.0,0.0,0.0,3,9.7,18.7,193,Overcast,0,0,
47416,2022-01-13 18:20:00,40.6535,-73.9654,0,0,Driver Inattention/Distraction,4494380,7.1,-3.7,0.0,0.0,0.0,0.0,3,9.7,18.7,193,Overcast,0,0,
47417,2022-01-12 00:30:00,40.676373,-73.85881,0,0,Passing or Lane Usage Improper,4493892,4.6,-7.3,0.0,0.0,0.0,0.0,3,20.5,39.2,213,Overcast,0,0,
47418,2022-01-13 20:23:00,40.63613,-73.97274,0,0,Unsafe Lane Changing,4494781,7.1,-3.7,0.0,0.0,0.0,0.0,3,9.7,18.7,193,Overcast,0,0,
47419,2022-01-11 10:30:00,40.694088,-73.93427,1,0,Driver Inattention/Distraction,4494960,-4.2,-8.8,0.0,0.0,0.0,0.0,1,26.7,50.8,316,Mainly clear,1,1,Sunny/Clear Conditions
47420,2022-01-12 13:40:00,40.626495,-73.96353,1,0,Following Too Closely,4494142,4.6,-7.3,0.0,0.0,0.0,0.0,3,20.5,39.2,213,Overcast,1,1,
47421,2022-01-14 12:42:00,40.592815,-73.90808,0,0,Reaction to Uninvolved Vehicle,4494656,5.0,-5.0,0.0,0.0,0.0,0.0,3,34.6,62.6,358,Overcast,0,0,
47422,2022-01-14 11:25:00,40.721504,-73.93844,0,0,Passing or Lane Usage Improper,4494512,5.0,-5.0,0.0,0.0,0.0,0.0,3,34.6,62.6,358,Overcast,0,0,