,CRASH DATETIME,LATITUDE,LONGITUDE,NUMBER OF PERSONS INJURED,NUMBER OF PERSONS KILLED,CONTRIBUTING FACTOR VEHICLE 1,COLLISION_ID,temperature_2m_max,temperature_2m_min,precipitation_sum,rain_sum,snowfall_sum,precipitation_hours,weather_code,wind_speed_10m_max,wind_gusts_10m_max,wind_direction_10m_dominant,Weather Description,Severity_Score,Total_Affected_Persons,Weather_Category
47423,2022-01-08 09:23:00,40.77353,-73.98534,0,0,View Obstructed/Limited,4494568,-3.3,-8.4,0.0,0.0,0.0,0.0,1,21.6,37.8,277,Mainly clear,0,0,Sunny/Clear Conditions
47424,2022-01-12 18:41:00,40.690205,-73.93542,0,0,Unspecified,4494287,4.6,-7.3,0.0,0.0,0.0,0.0,3,20.5,39.2,213,Overcast,0,0,
47425,2022-01-07 09:00:00,40.64165,-73.89069,0,0,Unspecified,4494717,-0.0,-5.7,9.0,0.0,6.3,11.0,75,26.8,48.6,313,Snow fall: Heavy,0,0,Snowy Conditions
47426,2022-04-07 17:45:00,40.55154,-74.16011,1,0,Traffic Control Disregarded,4517111,11.5,5.6,74.1,74.1,0.0,14.0,65,35.0,64.8,98,Rain: Heavy,1,1,
47427,2022-01-12 17:40:00,40.83087,-73.82639,3,0,Unspecified,4494188,4.6,-7.3,0.0,0.0,0.0,0.0,3,20.5,39.2,213,Overcast,3,3,
47428,2022-01-13 17:45:00,40.58575,-73.95368,0,0,Unspecified,4494362,7.1,-3.7,0.0,0.0,0.0,0.0,3,9.7,18.7,193,Overcast,0,0,
47429,2022-01-14 09:00:00,40.596767,-73.961845,0,0,Passing or Lane Usage Improper,4494468,5.0,-5.0,0.0,0.0,0.0,0.0,3,34.6,62.6,358,Overcast,0,0,
47430,2022-01-14 18:07:00,40.73403,-73.723656,0,0,Driver Inattention/Distraction,4494609,5.0,-5.0,0.0,0.0,0.0,0.0,3,34.6,62.6,358,Overcast,0,0,
47431,2022-01-12 21:30:00,40.61427,-74.156654,0,0,Following Too Closely,4494196,4.6,-7.3,0.0,0.0,0.0,0.0,3,20.5,39.2,213,Overcast,0,0,
47432,2024-10-11 19:54:00,40.684,-73.95031,0,0,Driver Inattention/Distraction,4763289,20.6,6.9,0.0,0.0,0.0,0.0,0,18.8,34.9,276,Clear sky,0,0,Sunny/Clear Conditions
47433,2022-01-13 21:45:00,40.67972,-73.869865,0,0,Aggressive Driving/Road Rage,4494399,7.1,-3.7,0.0,0.0,0.0,0.0,3,9.7,18.7,193,Overcast,0,0,
47434,2022-01-11 16:14:00,40.842464,-73.92414,0,0,Passing Too Closely,4494539,-4.2,-8.8,0.0,0.0,0.0,0.0,1,26.7,50.8,316,Mainly clear,0,0,Sunny/Clear Conditions
47435,2022-01-14 20:50:00,40.716118,-73.82299,0,0,Unspecified,4494600,5.0,-5.0,0.0,0.0,0.0,0.0,3,34.6,62.6,358,Overcast,0,0,
47436,2022-01-07 14:10:00,40.90355,-73.854836,0,0,Unspecified,4494949,-0.0,-5.7,9.0,0.0,6.3,11.0,75,26.8,48.6,313,Snow fall: Heavy,0,0,Snowy Conditions
47437,2022-01-14 07:00:00,40.75844,-73.93816,1,0,Driver Inattention/Distraction,4494694,5.0,-5.0,0.0,0.0,0.0,0.0,3,34.6,62.6,358,Overcast,1,1,
47438,2022-01-12 18:00:00,40.61959,-73.98974,0,0,Failure to Yield Right-of-Way,4494879,4.6,-7.3,0.0,0.0,0.0,0.0,3,20.5,39.2,213,Overcast,0,0,
47439,2022-01-13 07:30:00,40.62072,-74.029205,0,0,Turning Improperly,4494427,7.1,-3.7,0.0,0.0,0.0,0.0,3,9.7,18.7,193,Overcast,0,0,
47440,2022-01-12 16:10:00,40.86114,-73.91894,1,0,Failure to Yield Right-of-Way,4494985,4.6,-7.3,0.0,0.0,0.0,0.0,3,20.5,39.2,213,Overcast,1,1,
47441,2022-01-13 12:25:00,40.75595,-73.88165,0,0,Unspecified,4494339,7.1,-3.7,0.0,0.0,0.0,0.0,3,9.7,18.7,193,Overcast,0,0,
47442,2022-01-12 06:30:00,40.603004,-73.96156,2,0,Fell Asleep,4493984,4.6,-7.3,0.0,0.0,0.0,0.0,3,20.5,39.2,213,Overcast,2,2,
47443,2022-01-13 11:26:00,40.83443,-73.91035,2,0,Driver Inexperience,4494545,7.1,-3.7,0.0,0.0,0.0,0.0,3,9.7,18.7,193,Overcast,2,2,
47444,2021-01-12 18:50:00,40.83611,-73.92238,0,0,Unsafe Speed,4494544,5.9,-2.3,0.0,0.0,0.0,0.0,2,9.8,21.2,286,Partly cloudy,0,0,
47445,2022-01-12 12:00:00,40.707798,-73.946075,0,0,Following Too Closely,4494098,4.6,-7.3,0.0,0.0,0.0,0.0,3,20.5,39.2,213,Overcast,0,0,
47446,2022-01-14 15:31:00,40.70547,-73.95024,0,0,Passing or Lane Usage Improper,4494738,5.0,-5.0,0.0,0.0,0.0,0.0,3,34.6,62.6,358,Overcast,0,0,
47447,2021-12-31 17:26:00,40.669262,-73.91356,1,0,Driver Inattention/Distraction,4494776,11.1,7.1,2.7,2.7,0.0,5.0,55,14.9,29.2,193,Drizzle: Dense,1,1,
47448,2022-01-12 14:37:00,40.69759,-73.90194,1,0,Failure to Yield Right-of-Way,4494242,4.6,-7.3,0.0,0.0,0.0,0.0,3,20.5,39.2,213,Overcast,1,1,
47449,2022-01-09 20:38:00,40.775414,-73.91984,1,0,Driver Inattention/Distraction,4494681,4.0,-5.3,5.1,5.1,0.0,12.0,53,23.8,42.1,220,Drizzle: Moderate,1,1,
47450,2022-01-14 17:11:00,40.67046,-73.9732,0,0,Unspecified,4494642,5.0,-5.0,0.0,0.0,0.0,0.0,3,34.6,62.6,358,Overcast,0,0,
47451,2022-01-02 11:10:00,40.841816,-73.90956,1,0,Alcohol Involvement,4495069,13.1,2.7,16.0,16.0,0.0,8.0,65,25.1,52.6,318,Rain: Heavy,1,1,
47452,2022-01-13 22:20:00,40.682655,-73.910034,0,0,Passing or Lane Usage Improper,4494500,7.1,-3.7,0.0,0.0,0.0,0.0,3,9.7,18.7,193,Overcast,0,0,
47453,2022-01-14 15:25:00,40.586098,-73.93237,0,0,Unspecified,4494758,5.0,-5.0,0.0,0.0,0.0,0.0,3,34.6,62.6,358,Overcast,0,0,
47454,2022-01-13 09:45:00,40.671585,-73.99843,0,0,Unsafe Lane Changing,4494265,7.1,-3.7,0.0,0.0,0.0,0.0,3,9.7,18.7,193,Overcast,0,0,
47455,2022-01-14 11:15:00,40.656372,-74.009384,2,0,Unspecified,4494967,5.0,-5.0,0.0,0.0,0.0,0.0,3,34.6,62.6,358,Overcast,2,2,
47456,2022-01-12 00:10:00,40.827915,-73.85327,0,0,Unsafe Speed,4494297,4.6,-7.3,0.0,0.0,0.0,0.0,3,20.5,39.2,213,Overcast,0,0,
47457,2022-01-12 23:00:00,40.788177,-73.8005,0,0,Unspecified,4494312,4.6,-7.3,0.0,0.0,0.0,0.0,3,20.5,39.2,213,Overcast,0,0,
47458,2022-01-14 05:13:00,40.7199,-73.93884,0,0,Glare,4495095,5.0,-5.0,0.0,0.0,0.0,0.0,3,34.6,62.6,358,Overcast,0,0,
47459,2022-01-14 15:53:00,40.766106,-73.77231,0,0,Backing Unsafely,4494577,5.0,-5.0,0.0,0.0,0.0,0.0,3,34.6,62.6,358,Overcast,0,0,
47460,2022-01-14 08:20:00,40.70309,-73.7918,3,0,Following Too Closely,4494448,5.0,-5.0,0.0,0.0,0.0,0.0,3,34.6,62.6,358,Overcast,3,3,
47461,2022-01-07 21:41:00,40.86074,-73.895386,0,0,Unspecified,4494461,-0.0,-5.7,9.0,0.0,6.3,11.0,75,26.8,48.6,313,Snow fall: Heavy,0,0,Snowy Conditions
47462,2022-01-14 10:15:00,40.60855,-74.13216,0,0,Traffic Control Disregarded,4494480,5.0,-5.0,0.0,0.0,0.0,0.0,3,34.6,62.6,358,Overcast,0,0,
47463,2022-01-10 03:15:00,40.658413,-73.910774,0,0,Backing Unsafely,4494794,4.1,-4.3,0.0,0.0,0.0,0.0,3,24.1,44.3,295,Overcast,0,0,
47464,2022-01-14 16:30:00,40.837875,-73.91971,0,0,Unspecified,4494596,5.0,-5.0,0.0,0.0,0.0,0.0,3,34.6,62.6,358,Overcast,0,0,
47465,2022-01-12 15:30:00,40.73873,-73.81428,0,0,Following Too Closely,4494067,4.6,-7.3,0.0,0.0,0.0,0.0,3,20.5,39.2,213,Overcast,0,0,
47466,2022-01-12 13:00:00,40.786957,-73.95225,0,0,Unspecified,4494038,4.6,-7.3,0.0,0.0,0.0,0.0,3,20.5,39.2,213,Overcast,0,0,
47467,2022-01-14 20:50:00,40.726948,-73.992966,0,0,Unspecified,4494942,5.0,-5.0,0.0,0.0,0.0,0.0,3,34.6,62.6,358,Overcast,0,0,
47468,2022-01-13 15:20:00,40.737694,-73.85721,1,0,Driver Inattention/Distraction,4494409,7.1,-3.7,0.0,0.0,0.0,0.0,3,9.7,18.7,193,Overcast,1,1,
47469,2022-01-13 23:34:00,40.770313,-73.87603,1,0,Driver Inattention/Distraction,4494549,7.1,-3.7,0.0,0.0,0.0,0.0,3,9.7,18.7,193,Overcast,1,1,
47470,2022-01-12 18:20:00,40.598114,-74.16249,1,0,Unspecified,4494093,4.6,-7.3,0.0,0.0,0.0,0.0,3,20.5,39.2,213,Overcast,1,1,
47471,2022-01-12 03:05:00,40.649956,-73.884125,0,0,Fell Asleep,4494006,4.6,-7.3,0.0,0.0,0.0,0.0,3,20.5,39.2,213,Overcast,0,0,
47472,2022-01-13 08:20:00,40.654163,-73.91154,0,0,Driver Inattention/Distraction,4494799,7.1,-3.7,0.0,0.0,0.0,0.0,3,9.7,18.7,193,Overcast,0,0,
47473,2022-01-12 11:30:00,40.872215,-73.8469,0,0,Unsafe Speed,4494310,4.6,-7.3,0.0,0.0,0.0,0.0,3,20.5,39.2,213,Overcast,0,0,
47474,2022-01-14 08:15:00,40.582233,-74.16907,0,0,Pavement Slippery,4494532,5.0,-5.0,0.0,0.0,0.0,0.0,3,34.6,62.6,358,Overcast,0,0,
47475,2022-01-14 15:00:00,40.768833,-73.89063,1,0,Unsafe Speed,4494687,5.0,-5.0,0.0,0.0,0.0,0.0,3,34.6,62.6,358,Overcast,1,1,
47476,2022-01-12 17:32:00,40.63937,-73.9948,0,0,Unspecified,4494181,4.6,-7.3,0.0,0.0,0.0,0.0,3,20.5,39.2,213,Overcast,0,0,
47477,2022-01-14 23:15:00,40.68989,-73.81819,0,0,Driver Inattention/Distraction,4494832,5.0,-5.0,0.0,0.0,0.0,0.0,3,34.6,62.6,358,Overcast,0,0,
47478,2022-01-13 11:30:00,40.632767,-73.93994,0,0,Following Too Closely,4494886,7.1,-3.7,0.0,0.0,0.0,0.0,3,9.7,18.7,193,Overcast,0,0,
47479,2022-01-12 16:19:00,40.715145,-73.956375,0,0,Passing or Lane Usage Improper,4495080,4.6,-7.3,0.0,0.0,0.0,0.0,3,20.5,39.2,213,Overcast,0,0,
47480,2022-01-12 18:15:00,40.669243,-73.98294,1,0,Failure to Yield Right-of-Way,4494207,4.6,-7.3,0.0,0.0,0.0,0.0,3,20.5,39.2,213,Overcast,1,1,
47481,2021-06-12 00:20:00,40.765854,-73.914505,1,0,Traffic Control Disregarded,4427626,21.2,16.4,0.4,0.4,0.0,3.0,51,15.5,31.3,112,Drizzle: Light,1,1,
47482,2021-06-28 14:00:00,40.71307,-73.75362,2,0,Following Too Closely,4432267,32.3,22.9,0.0,0.0,0.0,0.0,3,20.0,37.8,212,Overcast,2,2,
47483,2022-01-14 08:15:00,40.683655,-73.78266,0,0,Driver Inattention/Distraction,4494504,5.0,-5.0,0.0,0.0,0.0,0.0,3,34.6,62.6,358,Overcast,0,0,
47484,2024-10-05 23:20:00,40.75548,-73.92846,1,0,Unspecified,4763473,23.5,14.1,0.3,0.3,0.0,1.0,51,16.8,34.6,2,Drizzle: Light,1,1,
47485,2022-01-13 07:33:00,40.67416,-73.72756,0,0,Backing Unsafely,4494517,7.1,-3.7,0.0,0.0,0.0,0.0,3,9.7,18.7,193,Overcast,0,0,
47486,2022-01-13 14:00:00,40.64994,-74.00172,2,0,Unspecified,4494332,7.1,-3.7,0.0,0.0,0.0,0.0,3,9.7,18.7,193,Overcast,2,2,
47487,2022-01-07 00:00:00,40.713135,-74.00407,2,0,Driver Inattention/Distraction,4494764,-0.0,-5.7,9.0,0.0,6.3,11.0,75,26.8,48.6,313,Snow fall: Heavy,2,2,Snowy Conditions
47488,2022-01-14 19:00:00,40.682285,-73.80805,1,0,Traffic Control Disregarded,4494624,5.0,-5.0,0.0,0.0,0.0,0.0,3,34.6,62.6,358,Overcast,1,1,
47489,2022-01-13 11:09:00,0.0,0.0,0,0,Backing Unsafely,4494270,7.1,-3.7,0.0,0.0,0.0,0.0,3,9.7,18.7,193,Overcast,0,0,
47490,2022-01-12 07:10:00,40.67619,-73.9081,0,0,Other Vehicular,4494787,4.6,-7.3,0.0,0.0,0.0,0.0,3,20.5,39.2,213,Overcast,0,0,
47491,2022-01-08 13:00:00,40.652763,-73.88942,0,0,Backing Unsafely,4494917,-3.3,-8.4,0.0,0.0,0.0,0.0,1,21.6,37.8,277,Mainly clear,0,0,Sunny/Clear Conditions
47492,2022-01-12 19:30:00,40.90152,-73.84695,0,0,Unsafe Speed,4494316,4.6,-7.3,0.0,0.0,0.0,0.0,3,20.5,39.2,213,Overcast,0,0,
47493,2022-01-14 08:00:00,40.835484,-73.9494,0,0,Driver Inattention/Distraction,4494581,5.0,-5.0,0.0,0.0,0.0,0.0,3,34.6,62.6,358,Overcast,0,0,
47494,2022-01-12 17:00:00,40.74404,-73.82754,0,0,Passing or Lane Usage Improper,4494083,4.6,-7.3,0.0,0.0,0.0,0.0,3,20.5,39.2,213,Overcast,0,0,
47495,2022-01-12 14:49:00,40.72619,-73.952156,0,0,Passing Too Closely,4494150,4.6,-7.3,0.0,0.0,0.0,0.0,3,20.5,39.2,213,Overcast,0,0,
47496,2022-01-14 16:26:00,40.75475,-73.93678,2,0,Driver Inattention/Distraction,4494864,5.0,-5.0,0.0,0.0,0.0,0.0,3,34.6,62.6,358,Overcast,2,2,
47497,2022-01-13 11:40:00,40.853813,-73.90851,0,0,Passing Too Closely,4494444,7.1,-3.7,0.0,0.0,0.0,0.0,3,9.7,18.7,193,Overcast,0,0,
47498,2022-01-14 16:00:00,40.766266,-73.772385,0,0,Driver Inattention/Distraction,4494576,5.0,-5.0,0.0,0.0,0.0,0.0,3,34.6,62.6,358,Overcast,0,0,
47499,2022-01-13 08:00:00,40.711704,-73.96028,0,0,Backing Unsafely,4494485,7.1,-3.7,0.0,0.0,0.0,0.0,3,9.7,18.7,193,Overcast,0,0,
47500,2022-01-13 18:41:00,40.622726,-74.03137,1,0,Unspecified,4494374,7.1,-3.7,0.0,0.0,0.0,0.0,3,9.7,18.7,193,Overcast,1,1,
47501,2022-01-14 08:26:00,40.70675,-73.80224,0,0,Backing Unsafely,4494449,5.0,-5.0,0.0,0.0,0.0,0.0,3,34.6,62.6,358,Overcast,0,0,
47502,2022-01-14 15:03:00,40.708813,-73.75085,0,0,Failure to Yield Right-of-Way,4494608,5.0,-5.0,0.0,0.0,0.0,0.0,3,34.6,62.6,358,Overcast,0,0,
47503,2022-01-12 13:30:00,40.684418,-73.87131,0,0,Unspecified,4494099,4.6,-7.3,0.0,0.0,0.0,0.0,3,20.5,39.2,213,Overcast,0,0,
47504,2022-01-11 17:10:00,40.567627,-74.11262,2,0,Failure to Yield Right-of-Way,4494476,-4.2,-8.8,0.0,0.0,0.0,0.0,1,26.7,50.8,316,Mainly clear,2,2,Sunny/Clear Conditions
47505,2022-01-12 11:30:00,40.746204,-73.93234,0,0,Driver Inattention/Distraction,4494124,4.6,-7.3,0.0,0.0,0.0,0.0,3,20.5,39.2,213,Overcast,0,0,
47506,2022-01-13 18:38:00,40.723217,-74.00623,0,0,Unspecified,4494416,7.1,-3.7,0.0,0.0,0.0,0.0,3,9.7,18.7,193,Overcast,0,0,
47507,2022-01-12 17:16:00,40.710583,-73.78356,1,0,Driver Inattention/Distraction,4494049,4.6,-7.3,0.0,0.0,0.0,0.0,3,20.5,39.2,213,Overcast,1,1,
47508,2022-01-13 18:58:00,40.599842,-73.96807,0,0,Driver Inattention/Distraction,4494361,7.1,-3.7,0.0,0.0,0.0,0.0,3,9.7,18.7,193,Overcast,0,0,
47509,2021-07-03 11:57:00,40.679592,-73.93488,1,0,Following Too Closely,4433670,19.3,16.6,16.1,16.1,0.0,20.0,63,24.0,47.2,43,Rain: Moderate,1,1,
47510,2021-07-03 22:45:00,40.671947,-73.80539,0,0,Pavement Slippery,4433958,19.3,16.6,16.1,16.1,0.0,20.0,63,24.0,47.2,43,Rain: Moderate,0,0,
47511,2021-06-24 17:54:00,40.823887,-73.95232,0,0,Driverless/Runaway Vehicle,4434382,23.2,13.5,0.0,0.0,0.0,0.0,3,19.7,40.0,145,Overcast,0,0,
47512,2021-07-03 21:05:00,40.84097,-73.89918,3,0,Unsafe Speed,4434183,19.3,16.6,16.1,16.1,0.0,20.0,63,24.0,47.2,43,Rain: Moderate,3,3,
47513,2021-06-28 23:45:00,40.801342,-73.94598,1,0,Unspecified,4434161,32.3,22.9,0.0,0.0,0.0,0.0,3,20.0,37.8,212,Overcast,1,1,
47514,2021-07-03 01:42:00,40.689243,-73.98873,1,0,Traffic Control Disregarded,4433412,19.3,16.6,16.1,16.1,0.0,20.0,63,24.0,47.2,43,Rain: Moderate,1,1,
47515,2021-07-03 13:00:00,40.739162,-73.78556,0,0,Driver Inattention/Distraction,4433750,19.3,16.6,16.1,16.1,0.0,20.0,63,24.0,47.2,43,Rain: Moderate,0,0,
47516,2021-07-03 08:30:00,40.65474,-73.94041,1,0,Unspecified,4433854,19.3,16.6,16.1,16.1,0.0,20.0,63,24.0,47.2,43,Rain: Moderate,1,1,
47517,2021-06-17 16:20:00,40.798344,-73.95243,1,0,Unspecified,4434143,23.9,12.1,0.0,0.0,0.0,0.0,3,13.4,27.4,311,Overcast,1,1,
47518,2021-06-28 17:29:00,40.879818,-73.90523,0,0,Unspecified,4434238,32.3,22.9,0.0,0.0,0.0,0.0,3,20.0,37.8,212,Overcast,0,0,
47519,2021-07-03 09:27:00,40.69564,-73.929245,1,0,Reaction to Uninvolved Vehicle,4434287,19.3,16.6,16.1,16.1,0.0,20.0,63,24.0,47.2,43,Rain: Moderate,1,1,
47520,2021-07-03 02:40:00,40.71789,-73.98948,0,0,Alcohol Involvement,4433487,19.3,16.6,16.1,16.1,0.0,20.0,63,24.0,47.2,43,Rain: Moderate,0,0,
47521,2021-07-03 17:00:00,40.70584,-74.00852,0,0,Turning Improperly,4433900,19.3,16.6,16.1,16.1,0.0,20.0,63,24.0,47.2,43,Rain: Moderate,0,0,
47522,2021-07-03 23:39:00,40.831196,-73.90026,0,0,Driver Inattention/Distraction,4434180,19.3,16.6,16.1,16.1,0.0,20.0,63,24.0,47.2,43,Rain: Moderate,0,0,
47523,2021-07-02 20:54:00,40.69854,-73.94116,0,0,Following Too Closely,4434226,24.3,19.2,29.6,29.6,0.0,23.0,63,14.1,27.7,284,Rain: Moderate,0,0,
47524,2021-06-28 18:00:00,40.759884,-73.9368,0,0,Failure to Yield Right-of-Way,4434128,32.3,22.9,0.0,0.0,0.0,0.0,3,20.0,37.8,212,Overcast,0,0,
47525,2021-07-03 00:00:00,40.662556,-73.91963,0,0,Unspecified,4433620,19.3,16.6,16.1,16.1,0.0,20.0,63,24.0,47.2,43,Rain: Moderate,0,0,
47526,2021-07-03 20:51:00,40.59861,-73.938644,0,0,Driver Inattention/Distraction,4433967,19.3,16.6,16.1,16.1,0.0,20.0,63,24.0,47.2,43,Rain: Moderate,0,0,
47527,2021-07-03 01:22:00,40.81186,-73.9355,0,0,Driver Inexperience,4434032,19.3,16.6,16.1,16.1,0.0,20.0,63,24.0,47.2,43,Rain: Moderate,0,0,
47528,2021-07-03 06:30:00,40.710995,-73.78741,0,0,Driver Inattention/Distraction,4434088,19.3,16.6,16.1,16.1,0.0,20.0,63,24.0,47.2,43,Rain: Moderate,0,0,
47529,2021-07-03 16:40:00,40.711304,-73.78761,1,0,Driver Inattention/Distraction,4434102,19.3,16.6,16.1,16.1,0.0,20.0,63,24.0,47.2,43,Rain: Moderate,1,1,
47530,2021-07-03 16:50:00,40.66549,-73.75236,0,0,Reaction to Uninvolved Vehicle,4433592,19.3,16.6,16.1,16.1,0.0,20.0,63,24.0,47.2,43,Rain: Moderate,0,0,
47531,2021-07-03 11:05:00,40.753307,-73.827385,0,0,Failure to Yield Right-of-Way,4433554,19.3,16.6,16.1,16.1,0.0,20.0,63,24.0,47.2,43,Rain: Moderate,0,0,
47532,2021-07-03 00:24:00,40.696354,-73.94071,1,0,Following Too Closely,4434256,19.3,16.6,16.1,16.1,0.0,20.0,63,24.0,47.2,43,Rain: Moderate,1,1,
47533,2021-07-03 22:30:00,40.692795,-73.92116,0,0,Passing Too Closely,4434277,19.3,16.6,16.1,16.1,0.0,20.0,63,24.0,47.2,43,Rain: Moderate,0,0,
47534,2021-06-23 23:30:00,40.82476,-73.941795,0,0,Unspecified,4434325,23.1,12.2,0.0,0.0,0.0,0.0,3,16.5,31.7,309,Overcast,0,0,
47535,2021-07-03 20:33:00,40.820095,-73.955086,1,0,Driver Inattention/Distraction,4433581,19.3,16.6,16.1,16.1,0.0,20.0,63,24.0,47.2,43,Rain: Moderate,1,1,
47536,2021-07-03 08:30:00,40.757668,-73.95915,0,0,Driver Inattention/Distraction,4433556,19.3,16.6,16.1,16.1,0.0,20.0,63,24.0,47.2,43,Rain: Moderate,0,0,
47537,2021-06-30 22:20:00,40.73975,-74.00253,0,0,Failure to Yield Right-of-Way,4434199,35.2,24.9,0.1,0.1,0.0,1.0,51,20.6,37.1,246,Drizzle: Light,0,0,
47538,2021-07-03 17:50:00,40.675106,-73.90438,0,0,Unspecified,4433612,19.3,16.6,16.1,16.1,0.0,20.0,63,24.0,47.2,43,Rain: Moderate,0,0,
47539,2021-07-03 07:46:00,40.7088,-73.75774,0,0,Animals Action,4434101,19.3,16.6,16.1,16.1,0.0,20.0,63,24.0,47.2,43,Rain: Moderate,0,0,
47540,2021-07-03 04:06:00,40.83543,-73.93752,0,0,Driver Inexperience,4433834,19.3,16.6,16.1,16.1,0.0,20.0,63,24.0,47.2,43,Rain: Moderate,0,0,
47541,2021-07-03 01:56:00,40.61483,-74.1365,0,0,Unspecified,4433936,19.3,16.6,16.1,16.1,0.0,20.0,63,24.0,47.2,43,Rain: Moderate,0,0,
47542,2021-06-30 21:39:00,40.758488,-73.91371,1,0,Alcohol Involvement,4434118,35.2,24.9,0.1,0.1,0.0,1.0,51,20.6,37.1,246,Drizzle: Light,1,1,
47543,2021-06-29 22:48:00,40.722576,-73.94049,2,0,Other Vehicular,4434046,33.4,24.0,0.7,0.7,0.0,4.0,51,19.5,40.0,231,Drizzle: Light,2,2,
47544,2021-07-03 13:00:00,40.58407,-73.92344,1,0,Unspecified,4433546,19.3,16.6,16.1,16.1,0.0,20.0,63,24.0,47.2,43,Rain: Moderate,1,1,
47545,2021-07-03 21:45:00,40.699352,-73.811485,0,0,Passing or Lane Usage Improper,4433597,19.3,16.6,16.1,16.1,0.0,20.0,63,24.0,47.2,43,Rain: Moderate,0,0,
47546,2021-07-03 21:04:00,40.86272,-73.903114,2,0,Unspecified,4433775,19.3,16.6,16.1,16.1,0.0,20.0,63,24.0,47.2,43,Rain: Moderate,2,2,
47547,2021-07-02 09:20:00,40.8662,-73.92807,1,0,Unsafe Speed,4434250,24.3,19.2,29.6,29.6,0.0,23.0,63,14.1,27.7,284,Rain: Moderate,1,1,
47548,2021-07-03 21:20:00,40.716976,-73.98229,2,0,Driver Inattention/Distraction,4434348,19.3,16.6,16.1,16.1,0.0,20.0,63,24.0,47.2,43,Rain: Moderate,2,2,
47549,2021-07-03 14:45:00,40.747223,-73.81236,1,0,Illnes,4434024,19.3,16.6,16.1,16.1,0.0,20.0,63,24.0,47.2,43,Rain: Moderate,1,1,
47550,2021-06-18 18:45:00,40.86446,-73.91895,1,0,Passing or Lane Usage Improper,4434155,27.4,13.8,0.0,0.0,0.0,0.0,3,20.5,40.3,210,Overcast,1,1,
47551,2021-07-01 22:00:00,40.877354,-73.910614,0,0,Unspecified,4434257,27.8,22.2,25.2,25.2,0.0,12.0,65,10.6,33.1,280,Rain: Heavy,0,0,
47552,2021-07-03 07:10:00,40.669785,-73.916595,2,0,Unspecified,4433621,19.3,16.6,16.1,16.1,0.0,20.0,63,24.0,47.2,43,Rain: Moderate,2,2,
47553,2021-06-21 20:00:00,40.59488,-73.79738,0,0,Failure to Yield Right-of-Way,4434297,28.0,21.7,0.5,0.5,0.0,2.0,51,24.4,46.8,181,Drizzle: Light,0,0,
47554,2021-07-03 11:58:00,40.618454,-73.98744,0,0,Unspecified,4433713,19.3,16.6,16.1,16.1,0.0,20.0,63,24.0,47.2,43,Rain: Moderate,0,0,
47555,2021-06-23 11:42:00,40.70086,-73.882454,0,0,Failure to Yield Right-of-Way,4434204,23.1,12.2,0.0,0.0,0.0,0.0,3,16.5,31.7,309,Overcast,0,0,
47556,2021-07-03 10:13:00,40.60023,-73.9956,1,0,Other Vehicular,4433560,19.3,16.6,16.1,16.1,0.0,20.0,63,24.0,47.2,43,Rain: Moderate,1,1,
47557,2021-06-16 20:10:00,40.802223,-73.954185,0,0,Driver Inattention/Distraction,4434142,23.1,15.1,0.0,0.0,0.0,0.0,1,20.2,40.0,317,Mainly clear,0,0,Sunny/Clear Conditions
47558,2021-07-02 17:52:00,40.703728,-73.82155,1,0,View Obstructed/Limited,4434061,24.3,19.2,29.6,29.6,0.0,23.0,63,14.1,27.7,284,Rain: Moderate,1,1,
47559,2021-06-30 14:35:00,40.768272,-73.98655,0,0,Steering Failure,4434096,35.2,24.9,0.1,0.1,0.0,1.0,51,20.6,37.1,246,Drizzle: Light,0,0,
47560,2021-07-02 22:30:00,40.81467,-73.93623,1,0,Driver Inattention/Distraction,4434326,24.3,19.2,29.6,29.6,0.0,23.0,63,14.1,27.7,284,Rain: Moderate,1,1,
47561,2022-04-02 00:00:00,40.665794,-73.7464,0,0,Unspecified,4517415,11.1,1.4,0.0,0.0,0.0,0.0,3,26.3,47.9,286,Overcast,0,0,
47562,2021-07-02 14:53:00,40.668655,-73.88929,1,0,Unspecified,4434137,24.3,19.2,29.6,29.6,0.0,23.0,63,14.1,27.7,284,Rain: Moderate,1,1,
47563,2021-06-29 12:00:00,40.755867,-73.998215,0,0,Passing or Lane Usage Improper,4434193,33.4,24.0,0.7,0.7,0.0,4.0,51,19.5,40.0,231,Drizzle: Light,0,0,
47564,2021-07-03 22:23:00,40.871876,-73.84163,4,0,Unsafe Speed,4433822,19.3,16.6,16.1,16.1,0.0,20.0,63,24.0,47.2,43,Rain: Moderate,4,4,
47565,2021-06-29 00:04:00,40.80897,-73.94833,1,0,Traffic Control Disregarded,4434165,33.4,24.0,0.7,0.7,0.0,4.0,51,19.5,40.0,231,Drizzle: Light,1,1,
47566,2021-07-03 19:19:00,40.86272,-73.903114,1,0,Driver Inattention/Distraction,4433903,19.3,16.6,16.1,16.1,0.0,20.0,63,24.0,47.2,43,Rain: Moderate,1,1,
47567,2021-07-03 18:30:00,40.72408,-73.75086,0,0,Unspecified,4433730,19.3,16.6,16.1,16.1,0.0,20.0,63,24.0,47.2,43,Rain: Moderate,0,0,
47568,2021-07-03 05:00:00,40.64414,-73.99967,0,0,Unspecified,4433994,19.3,16.6,16.1,16.1,0.0,20.0,63,24.0,47.2,43,Rain: Moderate,0,0,
47569,2021-07-03 22:25:00,40.711033,-73.7281,0,0,Unspecified,4433631,19.3,16.6,16.1,16.1,0.0,20.0,63,24.0,47.2,43,Rain: Moderate,0,0,