,CRASH DATETIME,LATITUDE,LONGITUDE,NUMBER OF PERSONS INJURED,NUMBER OF PERSONS KILLED,CONTRIBUTING FACTOR VEHICLE 1,COLLISION_ID,temperature_2m_max,temperature_2m_min,precipitation_sum,rain_sum,snowfall_sum,precipitation_hours,weather_code,wind_speed_10m_max,wind_gusts_10m_max,wind_direction_10m_dominant,Weather Description,Severity_Score,Total_Affected_Persons,Weather_Category
47570,2021-06-06 00:45:00,40.80123,-73.9577,1,0,Unspecified,4434147,31.0,20.0,0.0,0.0,0.0,0.0,1,16.6,32.4,222,Mainly clear,1,1,Sunny/Clear Conditions
47571,2021-07-01 18:21:00,40.90426,-73.90498,1,0,Driver Inattention/Distraction,4434261,27.8,22.2,25.2,25.2,0.0,12.0,65,10.6,33.1,280,Rain: Heavy,1,1,
47572,2021-07-03 18:00:00,40.594406,-74.14159,0,0,Driver Inattention/Distraction,4433945,19.3,16.6,16.1,16.1,0.0,20.0,63,24.0,47.2,43,Rain: Moderate,0,0,
47573,2021-07-03 13:57:00,40.71374,-73.90091,0,0,Following Too Closely,4433758,19.3,16.6,16.1,16.1,0.0,20.0,63,24.0,47.2,43,Rain: Moderate,0,0,
47574,2021-07-03 00:00:00,40.63796,-73.93281,1,0,Backing Unsafely,4433855,19.3,16.6,16.1,16.1,0.0,20.0,63,24.0,47.2,43,Rain: Moderate,1,1,
47575,2021-06-25 13:19:00,40.867027,-73.917046,0,0,Driver Inattention/Distraction,4434170,24.7,15.6,0.0,0.0,0.0,0.0,3,20.9,41.0,144,Overcast,0,0,
47576,2021-07-03 02:14:00,40.741905,-73.91965,0,0,Unsafe Speed,4433414,19.3,16.6,16.1,16.1,0.0,20.0,63,24.0,47.2,43,Rain: Moderate,0,0,
47577,2021-07-03 12:00:00,40.736927,-73.8648,1,0,Driver Inattention/Distraction,4434214,19.3,16.6,16.1,16.1,0.0,20.0,63,24.0,47.2,43,Rain: Moderate,1,1,
47578,2021-06-23 16:15:00,40.78994,-73.98036,0,0,Turning Improperly,4434291,23.1,12.2,0.0,0.0,0.0,0.0,3,16.5,31.7,309,Overcast,0,0,
47579,2021-06-29 15:30:00,40.770313,-73.920006,0,0,Driver Inattention/Distraction,4434132,33.4,24.0,0.7,0.7,0.0,4.0,51,19.5,40.0,231,Drizzle: Light,0,0,
47580,2021-07-03 07:25:00,40.701958,-73.9239,0,0,Driver Inattention/Distraction,4434285,19.3,16.6,16.1,16.1,0.0,20.0,63,24.0,47.2,43,Rain: Moderate,0,0,
47581,2021-07-02 15:49:00,40.8746,-73.9097,1,0,Turning Improperly,4434260,24.3,19.2,29.6,29.6,0.0,23.0,63,14.1,27.7,284,Rain: Moderate,1,1,
47582,2021-06-30 14:25:00,40.802338,-73.946365,0,0,Unspecified,4434160,35.2,24.9,0.1,0.1,0.0,1.0,51,20.6,37.1,246,Drizzle: Light,0,0,
47583,2021-07-03 01:21:00,40.80174,-73.96477,0,0,Following Too Closely,4433488,19.3,16.6,16.1,16.1,0.0,20.0,63,24.0,47.2,43,Rain: Moderate,0,0,
47584,2021-07-03 22:30:00,40.829605,-73.88715,0,0,Unspecified,4434182,19.3,16.6,16.1,16.1,0.0,20.0,63,24.0,47.2,43,Rain: Moderate,0,0,
47585,2021-07-03 01:47:00,40.66367,-73.91213,2,0,Driver Inattention/Distraction,4433630,19.3,16.6,16.1,16.1,0.0,20.0,63,24.0,47.2,43,Rain: Moderate,2,2,
47586,2021-07-03 05:43:00,40.677483,-73.93033,1,0,Driver Inattention/Distraction,4433861,19.3,16.6,16.1,16.1,0.0,20.0,63,24.0,47.2,43,Rain: Moderate,1,1,
47587,2021-07-01 06:00:00,40.70786,-73.90731,0,0,Unspecified,4434227,27.8,22.2,25.2,25.2,0.0,12.0,65,10.6,33.1,280,Rain: Heavy,0,0,
47588,2021-07-03 23:10:00,40.635105,-73.89117,1,0,Pedestrian/Bicyclist/Other Pedestrian Error/Confusion,4433735,19.3,16.6,16.1,16.1,0.0,20.0,63,24.0,47.2,43,Rain: Moderate,1,1,
47589,2021-07-02 20:30:00,40.757442,-73.90084,0,0,Unspecified,4434146,24.3,19.2,29.6,29.6,0.0,23.0,63,14.1,27.7,284,Rain: Moderate,0,0,
47590,2021-07-03 21:30:00,40.74425,-73.90142,1,0,Driver Inattention/Distraction,4433809,19.3,16.6,16.1,16.1,0.0,20.0,63,24.0,47.2,43,Rain: Moderate,1,1,
47591,2021-06-20 20:16:00,40.8272,-73.95018,0,0,Backing Unsafely,4434383,28.7,17.3,0.3,0.3,0.0,2.0,51,19.5,40.0,212,Drizzle: Light,0,0,
47592,2021-07-03 01:27:00,40.70499,-73.91736,1,0,Driver Inattention/Distraction,4434278,19.3,16.6,16.1,16.1,0.0,20.0,63,24.0,47.2,43,Rain: Moderate,1,1,
47593,2021-07-01 22:40:00,40.759624,-73.99548,0,0,Backing Unsafely,4434203,27.8,22.2,25.2,25.2,0.0,12.0,65,10.6,33.1,280,Rain: Heavy,0,0,
47594,2021-07-03 13:00:00,40.86235,-73.89997,0,0,Aggressive Driving/Road Rage,4433559,19.3,16.6,16.1,16.1,0.0,20.0,63,24.0,47.2,43,Rain: Moderate,0,0,
47595,2021-07-03 15:25:00,40.607918,-74.138916,0,0,Unspecified,4434051,19.3,16.6,16.1,16.1,0.0,20.0,63,24.0,47.2,43,Rain: Moderate,0,0,
47596,2021-07-02 19:24:00,40.86124,-73.86172,1,0,Driver Inattention/Distraction,4434266,24.3,19.2,29.6,29.6,0.0,23.0,63,14.1,27.7,284,Rain: Moderate,1,1,
47597,2021-07-03 12:30:00,40.740776,-73.850235,0,0,Reaction to Uninvolved Vehicle,4433680,19.3,16.6,16.1,16.1,0.0,20.0,63,24.0,47.2,43,Rain: Moderate,0,0,
47598,2021-07-02 17:45:00,40.761597,-73.98445,0,0,Driver Inattention/Distraction,4434110,24.3,19.2,29.6,29.6,0.0,23.0,63,14.1,27.7,284,Rain: Moderate,0,0,
47599,2021-06-27 16:22:00,40.875427,-73.906166,0,0,Unspecified,4434237,29.2,22.2,0.5,0.5,0.0,4.0,51,19.6,45.4,196,Drizzle: Light,0,0,
47600,2021-07-03 13:09:00,40.597378,-73.94998,0,0,Unspecified,4433547,19.3,16.6,16.1,16.1,0.0,20.0,63,24.0,47.2,43,Rain: Moderate,0,0,
47601,2021-07-03 15:30:00,40.685837,-73.82686,0,0,Passing or Lane Usage Improper,4433957,19.3,16.6,16.1,16.1,0.0,20.0,63,24.0,47.2,43,Rain: Moderate,0,0,
47602,2021-07-03 19:24:00,40.76734,-73.96868,0,0,Following Too Closely,4434063,19.3,16.6,16.1,16.1,0.0,20.0,63,24.0,47.2,43,Rain: Moderate,0,0,
47603,2021-07-03 15:15:00,40.80534,-73.92095,2,0,Passing or Lane Usage Improper,4433569,19.3,16.6,16.1,16.1,0.0,20.0,63,24.0,47.2,43,Rain: Moderate,2,2,
47604,2021-07-03 18:46:00,40.85228,-73.87159,1,0,Passenger Distraction,4433774,19.3,16.6,16.1,16.1,0.0,20.0,63,24.0,47.2,43,Rain: Moderate,1,1,
47605,2021-06-30 21:51:00,40.80107,-73.9554,0,0,Unspecified,4434156,35.2,24.9,0.1,0.1,0.0,1.0,51,20.6,37.1,246,Drizzle: Light,0,0,
47606,2021-06-28 11:30:00,40.757286,-73.904465,0,0,Passing or Lane Usage Improper,4434119,32.3,22.9,0.0,0.0,0.0,0.0,3,20.0,37.8,212,Overcast,0,0,
47607,2021-07-03 01:26:00,40.5787,-73.98734,0,0,Unspecified,4433649,19.3,16.6,16.1,16.1,0.0,20.0,63,24.0,47.2,43,Rain: Moderate,0,0,
47608,2021-07-03 22:25:00,40.775246,-73.94763,0,0,Driver Inattention/Distraction,4433791,19.3,16.6,16.1,16.1,0.0,20.0,63,24.0,47.2,43,Rain: Moderate,0,0,
47609,2021-06-19 23:50:00,40.740185,-73.986374,1,0,Driver Inattention/Distraction,4434353,31.5,19.5,1.2,1.2,0.0,3.0,53,21.1,38.2,243,Drizzle: Moderate,1,1,
47610,2022-01-14 16:02:00,40.76061,-73.84586,0,0,Driver Inattention/Distraction,4494650,5.0,-5.0,0.0,0.0,0.0,0.0,3,34.6,62.6,358,Overcast,0,0,
47611,2021-06-25 11:31:00,40.73644,-73.89598,0,0,Driver Inattention/Distraction,4434346,24.7,15.6,0.0,0.0,0.0,0.0,3,20.9,41.0,144,Overcast,0,0,
47612,2021-06-29 23:00:00,40.69271,-73.95391,0,0,Passing Too Closely,4434251,33.4,24.0,0.7,0.7,0.0,4.0,51,19.5,40.0,231,Drizzle: Light,0,0,
47613,2021-06-22 20:15:00,40.80639,-73.94431,1,0,Unspecified,4434150,24.2,15.1,8.5,8.5,0.0,9.0,63,22.2,43.2,305,Rain: Moderate,1,1,
47614,2021-07-01 15:20:00,40.66534,-73.743935,1,0,Unsafe Lane Changing,4434298,27.8,22.2,25.2,25.2,0.0,12.0,65,10.6,33.1,280,Rain: Heavy,1,1,
47615,2021-07-03 14:05:00,40.65965,-73.773834,1,0,Following Too Closely,4434045,19.3,16.6,16.1,16.1,0.0,20.0,63,24.0,47.2,43,Rain: Moderate,1,1,
47616,2021-07-03 08:09:00,40.670498,-73.76643,0,0,Passing Too Closely,4433507,19.3,16.6,16.1,16.1,0.0,20.0,63,24.0,47.2,43,Rain: Moderate,0,0,
47617,2021-07-02 17:09:00,40.77006,-73.99078,1,0,Traffic Control Disregarded,4434105,24.3,19.2,29.6,29.6,0.0,23.0,63,14.1,27.7,284,Rain: Moderate,1,1,
47618,2021-07-03 15:54:00,40.674755,-73.91109,0,0,Aggressive Driving/Road Rage,4433615,19.3,16.6,16.1,16.1,0.0,20.0,63,24.0,47.2,43,Rain: Moderate,0,0,
47619,2021-07-01 05:50:00,40.607765,-73.98255,0,0,Unspecified,4434069,27.8,22.2,25.2,25.2,0.0,12.0,65,10.6,33.1,280,Rain: Heavy,0,0,
47620,2021-07-03 18:45:00,40.583252,-73.952515,0,0,Unsafe Speed,4433966,19.3,16.6,16.1,16.1,0.0,20.0,63,24.0,47.2,43,Rain: Moderate,0,0,
47621,2021-07-03 17:00:00,40.830837,-73.9166,0,0,Unspecified,4433833,19.3,16.6,16.1,16.1,0.0,20.0,63,24.0,47.2,43,Rain: Moderate,0,0,
47622,2021-06-29 17:50:00,40.72383,-73.983795,0,0,Driver Inattention/Distraction,4434352,33.4,24.0,0.7,0.7,0.0,4.0,51,19.5,40.0,231,Drizzle: Light,0,0,
47623,2021-07-01 13:12:00,40.809105,-73.9229,0,0,Driver Inattention/Distraction,4434196,27.8,22.2,25.2,25.2,0.0,12.0,65,10.6,33.1,280,Rain: Heavy,0,0,
47624,2021-07-03 01:10:00,40.640354,-74.13157,0,0,Driver Inattention/Distraction,4433935,19.3,16.6,16.1,16.1,0.0,20.0,63,24.0,47.2,43,Rain: Moderate,0,0,
47625,2021-06-23 00:00:00,40.800232,-73.95101,1,0,Driver Inexperience,4434151,23.1,12.2,0.0,0.0,0.0,0.0,3,16.5,31.7,309,Overcast,1,1,
47626,2021-05-07 00:40:00,40.76653,-73.98675,0,0,Traffic Control Disregarded,4434112,16.4,7.7,0.0,0.0,0.0,0.0,3,15.8,32.4,73,Overcast,0,0,
47627,2021-07-01 17:52:00,40.7716,-73.90896,2,0,Failure to Yield Right-of-Way,4434138,27.8,22.2,25.2,25.2,0.0,12.0,65,10.6,33.1,280,Rain: Heavy,2,2,
47628,2021-07-03 21:10:00,40.778633,-73.962555,1,0,Passing Too Closely,4433790,19.3,16.6,16.1,16.1,0.0,20.0,63,24.0,47.2,43,Rain: Moderate,1,1,
47629,2021-07-03 02:45:00,40.70487,-73.78415,0,0,Driver Inattention/Distraction,4434084,19.3,16.6,16.1,16.1,0.0,20.0,63,24.0,47.2,43,Rain: Moderate,0,0,
47630,2021-07-03 01:18:00,40.597218,-73.96113,0,0,Unspecified,4433519,19.3,16.6,16.1,16.1,0.0,20.0,63,24.0,47.2,43,Rain: Moderate,0,0,
47631,2021-07-03 15:20:00,40.665955,-73.76084,0,0,Unspecified,4433591,19.3,16.6,16.1,16.1,0.0,20.0,63,24.0,47.2,43,Rain: Moderate,0,0,
47632,2021-07-03 13:00:00,40.666126,-73.82518,1,0,Failure to Yield Right-of-Way,4433954,19.3,16.6,16.1,16.1,0.0,20.0,63,24.0,47.2,43,Rain: Moderate,1,1,
47633,2021-07-03 13:10:00,40.872143,-73.818695,0,0,Pavement Slippery,4433694,19.3,16.6,16.1,16.1,0.0,20.0,63,24.0,47.2,43,Rain: Moderate,0,0,
47634,2021-07-03 08:50:00,40.61446,-74.1366,0,0,Unspecified,4433939,19.3,16.6,16.1,16.1,0.0,20.0,63,24.0,47.2,43,Rain: Moderate,0,0,
47635,2021-06-30 09:04:00,40.80777,-73.94549,0,0,Turning Improperly,4434164,35.2,24.9,0.1,0.1,0.0,1.0,51,20.6,37.1,246,Drizzle: Light,0,0,
47636,2022-01-14 18:55:00,40.71413,-73.834946,0,0,Driver Inattention/Distraction,4494670,5.0,-5.0,0.0,0.0,0.0,0.0,3,34.6,62.6,358,Overcast,0,0,
47637,2021-07-03 14:35:00,40.77039,-73.91771,0,0,Failure to Yield Right-of-Way,4434171,19.3,16.6,16.1,16.1,0.0,20.0,63,24.0,47.2,43,Rain: Moderate,0,0,
47638,2021-07-03 00:20:00,40.755222,-73.96135,0,0,Driver Inexperience,4433421,19.3,16.6,16.1,16.1,0.0,20.0,63,24.0,47.2,43,Rain: Moderate,0,0,
47639,2021-07-01 08:00:00,40.698933,-73.897064,0,0,Unspecified,4434220,27.8,22.2,25.2,25.2,0.0,12.0,65,10.6,33.1,280,Rain: Heavy,0,0,
47640,2021-06-29 14:00:00,40.765587,-73.91474,0,0,Driver Inattention/Distraction,4434131,33.4,24.0,0.7,0.7,0.0,4.0,51,19.5,40.0,231,Drizzle: Light,0,0,
47641,2021-06-28 21:19:00,40.68665,-73.91315,2,0,Following Too Closely,4434290,32.3,22.9,0.0,0.0,0.0,0.0,3,20.0,37.8,212,Overcast,2,2,
47642,2021-06-29 18:50:00,40.87167,-73.897804,0,0,Driver Inattention/Distraction,4434267,33.4,24.0,0.7,0.7,0.0,4.0,51,19.5,40.0,231,Drizzle: Light,0,0,
47643,2021-07-03 16:40:00,40.611324,-74.00602,0,0,Driver Inattention/Distraction,4434066,19.3,16.6,16.1,16.1,0.0,20.0,63,24.0,47.2,43,Rain: Moderate,0,0,
47644,2021-07-03 12:00:00,40.800194,-73.91386,0,0,Unspecified,4433568,19.3,16.6,16.1,16.1,0.0,20.0,63,24.0,47.2,43,Rain: Moderate,0,0,
47645,2021-07-03 13:26:00,40.610317,-73.98304,0,0,Unspecified,4433570,19.3,16.6,16.1,16.1,0.0,20.0,63,24.0,47.2,43,Rain: Moderate,0,0,
47646,2021-07-03 21:15:00,40.619072,-73.96605,0,0,Unspecified,4433997,19.3,16.6,16.1,16.1,0.0,20.0,63,24.0,47.2,43,Rain: Moderate,0,0,
47647,2021-07-03 02:18:00,40.74664,-73.86221,0,0,Unsafe Speed,4434213,19.3,16.6,16.1,16.1,0.0,20.0,63,24.0,47.2,43,Rain: Moderate,0,0,
47648,2021-07-03 17:00:00,40.751144,-73.88743,0,0,Driver Inattention/Distraction,4433596,19.3,16.6,16.1,16.1,0.0,20.0,63,24.0,47.2,43,Rain: Moderate,0,0,
47649,2021-07-01 22:30:00,40.603832,-74.06895,0,0,Unsafe Lane Changing,4434052,27.8,22.2,25.2,25.2,0.0,12.0,65,10.6,33.1,280,Rain: Heavy,0,0,
47650,2021-06-28 08:55:00,40.651016,-73.95587,1,0,Driver Inattention/Distraction,4434244,32.3,22.9,0.0,0.0,0.0,0.0,3,20.0,37.8,212,Overcast,1,1,
47651,2021-07-03 12:00:00,40.578938,-73.98522,0,0,Passing Too Closely,4433648,19.3,16.6,16.1,16.1,0.0,20.0,63,24.0,47.2,43,Rain: Moderate,0,0,
47652,2021-07-02 18:30:00,40.762917,-73.98566,1,0,Driver Inattention/Distraction,4434097,24.3,19.2,29.6,29.6,0.0,23.0,63,14.1,27.7,284,Rain: Moderate,1,1,
47653,2021-06-28 17:45:00,40.88082,-73.90344,1,0,Traffic Control Disregarded,4434265,32.3,22.9,0.0,0.0,0.0,0.0,3,20.0,37.8,212,Overcast,1,1,
47654,2021-07-03 09:18:00,40.64275,-73.90378,0,0,Failure to Yield Right-of-Way,4433543,19.3,16.6,16.1,16.1,0.0,20.0,63,24.0,47.2,43,Rain: Moderate,0,0,
47655,2021-07-03 01:20:00,40.639755,-73.97885,1,0,Unspecified,4433998,19.3,16.6,16.1,16.1,0.0,20.0,63,24.0,47.2,43,Rain: Moderate,1,1,
47656,2021-07-01 14:00:00,40.760307,-73.9756,1,0,Failure to Yield Right-of-Way,4434093,27.8,22.2,25.2,25.2,0.0,12.0,65,10.6,33.1,280,Rain: Heavy,1,1,
47657,2021-07-02 21:00:00,40.767242,-73.986206,1,0,Failure to Yield Right-of-Way,4434109,24.3,19.2,29.6,29.6,0.0,23.0,63,14.1,27.7,284,Rain: Moderate,1,1,
47658,2021-07-03 09:52:00,40.6528,-73.86389,2,1,Unsafe Speed,4433549,19.3,16.6,16.1,16.1,0.0,20.0,63,24.0,47.2,43,Rain: Moderate,22,3,
47659,2021-07-03 15:00:00,40.75106,-73.872246,0,0,Backing Unsafely,4433594,19.3,16.6,16.1,16.1,0.0,20.0,63,24.0,47.2,43,Rain: Moderate,0,0,
47660,2021-06-24 10:31:00,40.848118,-73.93089,0,0,Unsafe Lane Changing,4434259,23.2,13.5,0.0,0.0,0.0,0.0,3,19.7,40.0,145,Overcast,0,0,
47661,2021-07-03 02:45:00,40.669918,-73.91889,0,0,Alcohol Involvement,4433628,19.3,16.6,16.1,16.1,0.0,20.0,63,24.0,47.2,43,Rain: Moderate,0,0,
47662,2021-07-03 09:00:00,40.67549,-73.93885,0,0,Backing Unsafely,4433871,19.3,16.6,16.1,16.1,0.0,20.0,63,24.0,47.2,43,Rain: Moderate,0,0,
47663,2021-06-29 10:39:00,40.864403,-73.923775,1,0,Unsafe Lane Changing,4434247,33.4,24.0,0.7,0.7,0.0,4.0,51,19.5,40.0,231,Drizzle: Light,1,1,
47664,2021-06-29 10:00:00,40.76519,-73.91393,0,0,Unspecified,4434130,33.4,24.0,0.7,0.7,0.0,4.0,51,19.5,40.0,231,Drizzle: Light,0,0,
47665,2021-07-01 16:15:00,40.75591,-73.99448,0,0,Unsafe Lane Changing,4434202,27.8,22.2,25.2,25.2,0.0,12.0,65,10.6,33.1,280,Rain: Heavy,0,0,
47666,2021-07-03 12:20:00,40.861862,-73.91282,0,0,Driver Inattention/Distraction,4433558,19.3,16.6,16.1,16.1,0.0,20.0,63,24.0,47.2,43,Rain: Moderate,0,0,
47667,2021-07-03 15:34:00,40.74847,-73.870026,0,0,Unspecified,4433682,19.3,16.6,16.1,16.1,0.0,20.0,63,24.0,47.2,43,Rain: Moderate,0,0,
47668,2021-07-03 11:28:00,40.704536,-73.75472,1,0,Unsafe Lane Changing,4433511,19.3,16.6,16.1,16.1,0.0,20.0,63,24.0,47.2,43,Rain: Moderate,1,1,
47669,2021-07-03 17:30:00,40.661304,-73.91052,0,0,Unspecified,4433616,19.3,16.6,16.1,16.1,0.0,20.0,63,24.0,47.2,43,Rain: Moderate,0,0,
47670,2021-06-30 13:00:00,40.784992,-73.98261,0,0,Other Vehicular,4434292,35.2,24.9,0.1,0.1,0.0,1.0,51,20.6,37.1,246,Drizzle: Light,0,0,
47671,2021-07-03 00:30:00,40.684277,-73.78302,0,0,Backing Unsafely,4433603,19.3,16.6,16.1,16.1,0.0,20.0,63,24.0,47.2,43,Rain: Moderate,0,0,
47672,2021-06-28 00:18:00,40.71679,-73.94982,1,0,Driver Inattention/Distraction,4434384,32.3,22.9,0.0,0.0,0.0,0.0,3,20.0,37.8,212,Overcast,1,1,
47673,2021-06-29 21:30:00,40.805836,-73.94691,1,0,Driver Inattention/Distraction,4434163,33.4,24.0,0.7,0.7,0.0,4.0,51,19.5,40.0,231,Drizzle: Light,1,1,
47674,2021-05-13 20:35:00,40.759205,-73.98464,1,0,Unsafe Speed,4434098,19.1,7.2,0.0,0.0,0.0,0.0,1,15.8,27.4,315,Mainly clear,1,1,Sunny/Clear Conditions
47675,2021-07-03 15:25:00,40.607918,-74.138916,0,0,Unspecified,4434050,19.3,16.6,16.1,16.1,0.0,20.0,63,24.0,47.2,43,Rain: Moderate,0,0,
47676,2021-06-29 18:15:00,40.761036,-73.98702,1,0,,4434104,33.4,24.0,0.7,0.7,0.0,4.0,51,19.5,40.0,231,Drizzle: Light,1,1,
47677,2021-06-30 12:43:00,40.670666,-73.91627,0,0,Passing Too Closely,4434080,35.2,24.9,0.1,0.1,0.0,1.0,51,20.6,37.1,246,Drizzle: Light,0,0,
47678,2021-07-03 00:35:00,40.84128,-73.91366,0,0,Unsafe Lane Changing,4433841,19.3,16.6,16.1,16.1,0.0,20.0,63,24.0,47.2,43,Rain: Moderate,0,0,
47679,2021-06-16 09:15:00,0.0,0.0,1,0,Following Too Closely,4434145,23.1,15.1,0.0,0.0,0.0,0.0,1,20.2,40.0,317,Mainly clear,1,1,Sunny/Clear Conditions
47680,2021-07-03 12:35:00,40.695004,-73.9525,1,0,Passing or Lane Usage Improper,4434235,19.3,16.6,16.1,16.1,0.0,20.0,63,24.0,47.2,43,Rain: Moderate,1,1,
47681,2021-07-01 13:30:00,40.807667,-73.94929,0,0,Pedestrian/Bicyclist/Other Pedestrian Error/Confusion,4434157,27.8,22.2,25.2,25.2,0.0,12.0,65,10.6,33.1,280,Rain: Heavy,0,0,
47682,2021-07-03 18:11:00,40.86536,-73.87043,1,0,Driver Inattention/Distraction,4433709,19.3,16.6,16.1,16.1,0.0,20.0,63,24.0,47.2,43,Rain: Moderate,1,1,
47683,2021-07-03 06:23:00,40.79275,-73.97132,0,0,Passing or Lane Usage Improper,4433498,19.3,16.6,16.1,16.1,0.0,20.0,63,24.0,47.2,43,Rain: Moderate,0,0,
47684,2021-07-03 23:00:00,40.771084,-73.908226,0,0,Unspecified,4434174,19.3,16.6,16.1,16.1,0.0,20.0,63,24.0,47.2,43,Rain: Moderate,0,0,
47685,2021-06-30 17:42:00,40.713497,-73.75714,2,0,Failure to Yield Right-of-Way,4434313,35.2,24.9,0.1,0.1,0.0,1.0,51,20.6,37.1,246,Drizzle: Light,2,2,
47686,2021-07-03 14:25:00,40.62775,-73.93462,0,0,Pavement Slippery,4433588,19.3,16.6,16.1,16.1,0.0,20.0,63,24.0,47.2,43,Rain: Moderate,0,0,
47687,2021-07-03 20:10:00,40.760536,-73.95836,0,0,Driver Inattention/Distraction,4433793,19.3,16.6,16.1,16.1,0.0,20.0,63,24.0,47.2,43,Rain: Moderate,0,0,
47688,2021-07-03 17:15:00,40.693573,-73.92275,0,0,Passing Too Closely,4434279,19.3,16.6,16.1,16.1,0.0,20.0,63,24.0,47.2,43,Rain: Moderate,0,0,
47689,2021-06-28 08:28:00,40.77071,-73.95094,0,0,Driver Inattention/Distraction,4434229,32.3,22.9,0.0,0.0,0.0,0.0,3,20.0,37.8,212,Overcast,0,0,
47690,2021-07-01 13:40:00,40.76831,-73.9269,1,0,Unsafe Speed,4434134,27.8,22.2,25.2,25.2,0.0,12.0,65,10.6,33.1,280,Rain: Heavy,1,1,
47691,2021-07-03 01:20:00,40.895725,-73.87482,0,0,Driver Inattention/Distraction,4433813,19.3,16.6,16.1,16.1,0.0,20.0,63,24.0,47.2,43,Rain: Moderate,0,0,
47692,2021-06-29 11:00:00,40.64882,-74.00288,1,0,Unspecified,4434339,33.4,24.0,0.7,0.7,0.0,4.0,51,19.5,40.0,231,Drizzle: Light,1,1,
47693,2021-07-03 16:22:00,40.609787,-73.9546,1,0,Unspecified,4433965,19.3,16.6,16.1,16.1,0.0,20.0,63,24.0,47.2,43,Rain: Moderate,1,1,
47694,2021-07-02 13:53:00,40.75339,-73.92574,0,0,Reaction to Uninvolved Vehicle,4434139,24.3,19.2,29.6,29.6,0.0,23.0,63,14.1,27.7,284,Rain: Moderate,0,0,
47695,2021-07-03 18:30:00,40.869522,-73.8899,0,0,Driver Inexperience,4433769,19.3,16.6,16.1,16.1,0.0,20.0,63,24.0,47.2,43,Rain: Moderate,0,0,
47696,2021-07-03 17:54:00,40.665398,-73.95093,0,0,Driver Inattention/Distraction,4433660,19.3,16.6,16.1,16.1,0.0,20.0,63,24.0,47.2,43,Rain: Moderate,0,0,
47697,2021-07-03 02:23:00,40.75855,-73.924866,0,0,Backing Unsafely,4434167,19.3,16.6,16.1,16.1,0.0,20.0,63,24.0,47.2,43,Rain: Moderate,0,0,
47698,2021-07-01 17:00:00,40.717003,-73.963806,0,0,Unspecified,4434044,27.8,22.2,25.2,25.2,0.0,12.0,65,10.6,33.1,280,Rain: Heavy,0,0,
47699,2021-07-03 15:10:00,40.833176,-73.91725,0,0,Passing Too Closely,4433832,19.3,16.6,16.1,16.1,0.0,20.0,63,24.0,47.2,43,Rain: Moderate,0,0,
47700,2021-07-02 21:40:00,40.837517,-73.91479,0,0,Unspecified,4434362,24.3,19.2,29.6,29.6,0.0,23.0,63,14.1,27.7,284,Rain: Moderate,0,0,
47701,2021-07-03 10:30:00,40.61393,-74.16409,5,0,Following Too Closely,4433943,19.3,16.6,16.1,16.1,0.0,20.0,63,24.0,47.2,43,Rain: Moderate,5,5,
47702,2021-06-18 23:37:00,40.654327,-73.9221,2,0,Unspecified,4434241,27.4,13.8,0.0,0.0,0.0,0.0,3,20.5,40.3,210,Overcast,2,2,
47703,2021-06-22 11:42:00,40.803894,-73.95204,1,0,Driver Inattention/Distraction,4434149,24.2,15.1,8.5,8.5,0.0,9.0,63,22.2,43.2,305,Rain: Moderate,1,1,
47704,2021-07-03 09:30:00,40.680923,-73.83544,1,0,Driver Inattention/Distraction,4433955,19.3,16.6,16.1,16.1,0.0,20.0,63,24.0,47.2,43,Rain: Moderate,1,1,
47705,2022-01-12 10:00:00,40.650974,-73.9303,1,0,Unspecified,4494278,4.6,-7.3,0.0,0.0,0.0,0.0,3,20.5,39.2,213,Overcast,1,1,
47706,2021-07-02 21:00:00,40.76132,-73.9171,2,0,Failure to Yield Right-of-Way,4434152,24.3,19.2,29.6,29.6,0.0,23.0,63,14.1,27.7,284,Rain: Moderate,2,2,
47707,2021-06-11 00:30:00,40.715355,-73.91289,0,0,Unsafe Lane Changing,4434223,20.7,15.3,1.2,1.2,0.0,3.0,53,13.2,27.0,97,Drizzle: Moderate,0,0,
47708,2021-06-18 22:23:00,40.86369,-73.91707,0,0,Alcohol Involvement,4434168,27.4,13.8,0.0,0.0,0.0,0.0,3,20.5,40.3,210,Overcast,0,0,
47709,2021-07-03 11:32:00,40.79465,-73.971794,0,0,Backing Unsafely,4433716,19.3,16.6,16.1,16.1,0.0,20.0,63,24.0,47.2,43,Rain: Moderate,0,0,
47710,2021-06-29 13:40:00,40.690456,-73.85379,3,0,Failure to Yield Right-of-Way,4434067,33.4,24.0,0.7,0.7,0.0,4.0,51,19.5,40.0,231,Drizzle: Light,3,3,
47711,2021-07-03 16:11:00,40.61042,-73.98212,0,0,Driver Inattention/Distraction,4433571,19.3,16.6,16.1,16.1,0.0,20.0,63,24.0,47.2,43,Rain: Moderate,0,0,
47712,2021-07-02 21:00:00,40.699062,-73.83238,0,0,Unspecified,4434056,24.3,19.2,29.6,29.6,0.0,23.0,63,14.1,27.7,284,Rain: Moderate,0,0,