,CRASH DATETIME,LATITUDE,LONGITUDE,NUMBER OF PERSONS INJURED,NUMBER OF PERSONS KILLED,CONTRIBUTING FACTOR VEHICLE 1,COLLISION_ID,temperature_2m_max,temperature_2m_min,precipitation_sum,rain_sum,snowfall_sum,precipitation_hours,weather_code,wind_speed_10m_max,wind_gusts_10m_max,wind_direction_10m_dominant,Weather Description,Severity_Score,Total_Affected_Persons,Weather_Category
47713,2021-06-30 11:30:00,40.749638,-73.99905,0,0,Brakes Defective,4434195,35.2,24.9,0.1,0.1,0.0,1.0,51,20.6,37.1,246,Drizzle: Light,0,0,
47714,2021-06-25 17:11:00,40.864403,-73.923775,1,0,Driver Inattention/Distraction,4434190,24.7,15.6,0.0,0.0,0.0,0.0,3,20.9,41.0,144,Overcast,1,1,
47715,2021-06-28 07:10:00,40.62788,-73.93251,0,1,Traffic Control Disregarded,4434120,32.3,22.9,0.0,0.0,0.0,0.0,3,20.0,37.8,212,Overcast,20,1,
47716,2021-07-03 01:09:00,40.728794,-74.00044,0,0,Unspecified,4433839,19.3,16.6,16.1,16.1,0.0,20.0,63,24.0,47.2,43,Rain: Moderate,0,0,
47717,2021-07-03 22:37:00,40.828762,-73.8964,2,0,Unspecified,4433921,19.3,16.6,16.1,16.1,0.0,20.0,63,24.0,47.2,43,Rain: Moderate,2,2,
47718,2021-07-02 12:00:00,40.75802,-73.98574,0,0,Unspecified,4434113,24.3,19.2,29.6,29.6,0.0,23.0,63,14.1,27.7,284,Rain: Moderate,0,0,
47719,2021-07-03 08:45:00,40.807133,-73.91824,0,0,Unspecified,4433975,19.3,16.6,16.1,16.1,0.0,20.0,63,24.0,47.2,43,Rain: Moderate,0,0,
47720,2021-07-03 12:57:00,40.692528,-73.79096,0,0,Passing Too Closely,4433602,19.3,16.6,16.1,16.1,0.0,20.0,63,24.0,47.2,43,Rain: Moderate,0,0,
47721,2021-07-03 20:20:00,40.75425,-73.827835,1,0,Unspecified,4433640,19.3,16.6,16.1,16.1,0.0,20.0,63,24.0,47.2,43,Rain: Moderate,1,1,
47722,2021-06-26 19:15:00,40.738197,-73.93774,0,0,Glare,4434264,26.5,18.6,1.3,1.3,0.0,8.0,51,23.7,52.9,181,Drizzle: Light,0,0,
47723,2021-07-03 09:20:00,40.611763,-73.92472,0,0,Unspecified,4433544,19.3,16.6,16.1,16.1,0.0,20.0,63,24.0,47.2,43,Rain: Moderate,0,0,
47724,2021-06-29 23:41:00,40.850166,-73.93576,0,0,Driver Inattention/Distraction,4434248,33.4,24.0,0.7,0.7,0.0,4.0,51,19.5,40.0,231,Drizzle: Light,0,0,
47725,2021-07-03 22:43:00,40.852787,-73.89663,0,0,View Obstructed/Limited,4434009,19.3,16.6,16.1,16.1,0.0,20.0,63,24.0,47.2,43,Rain: Moderate,0,0,
47726,2021-07-03 01:57:00,40.775993,-73.95004,1,0,Aggressive Driving/Road Rage,4433787,19.3,16.6,16.1,16.1,0.0,20.0,63,24.0,47.2,43,Rain: Moderate,1,1,
47727,2021-06-15 15:00:00,40.726135,-73.99507,1,0,Backing Unsafely,4434351,25.1,17.4,1.0,1.0,0.0,4.0,53,17.7,33.8,295,Drizzle: Moderate,1,1,
47728,2021-06-21 16:28:00,40.86769,-73.92122,0,0,Passing Too Closely,4434207,28.0,21.7,0.5,0.5,0.0,2.0,51,24.4,46.8,181,Drizzle: Light,0,0,
47729,2021-07-03 22:34:00,40.681503,-73.904106,0,0,Passing or Lane Usage Improper,4434289,19.3,16.6,16.1,16.1,0.0,20.0,63,24.0,47.2,43,Rain: Moderate,0,0,
47730,2021-07-03 03:33:00,40.657536,-73.902756,1,0,Unspecified,4433604,19.3,16.6,16.1,16.1,0.0,20.0,63,24.0,47.2,43,Rain: Moderate,1,1,
47731,2021-07-03 22:10:00,40.687496,-73.93297,0,0,Pedestrian/Bicyclist/Other Pedestrian Error/Confusion,4433668,19.3,16.6,16.1,16.1,0.0,20.0,63,24.0,47.2,43,Rain: Moderate,0,0,
47732,2021-07-03 21:30:00,40.74539,-73.90559,1,0,,4434123,19.3,16.6,16.1,16.1,0.0,20.0,63,24.0,47.2,43,Rain: Moderate,1,1,
47733,2021-07-02 17:42:00,40.762226,-73.96819,2,0,Unspecified,4434094,24.3,19.2,29.6,29.6,0.0,23.0,63,14.1,27.7,284,Rain: Moderate,2,2,
47734,2021-07-01 17:00:00,40.703823,-73.8088,1,0,Failure to Yield Right-of-Way,4434099,27.8,22.2,25.2,25.2,0.0,12.0,65,10.6,33.1,280,Rain: Heavy,1,1,
47735,2021-07-03 00:00:00,40.672527,-73.821266,0,0,Passing or Lane Usage Improper,4434367,19.3,16.6,16.1,16.1,0.0,20.0,63,24.0,47.2,43,Rain: Moderate,0,0,
47736,2021-07-03 10:45:00,40.59657,-73.7484,0,0,Unspecified,4433537,19.3,16.6,16.1,16.1,0.0,20.0,63,24.0,47.2,43,Rain: Moderate,0,0,
47737,2021-07-03 09:30:00,40.611473,-74.17623,0,0,Passing Too Closely,4433938,19.3,16.6,16.1,16.1,0.0,20.0,63,24.0,47.2,43,Rain: Moderate,0,0,
47738,2021-06-18 14:55:00,40.72802,-73.86368,1,0,Failure to Yield Right-of-Way,4428697,27.4,13.8,0.0,0.0,0.0,0.0,3,20.5,40.3,210,Overcast,1,1,
47739,2021-07-03 12:15:00,40.81888,-73.916504,1,0,Driver Inattention/Distraction,4433567,19.3,16.6,16.1,16.1,0.0,20.0,63,24.0,47.2,43,Rain: Moderate,1,1,
47740,2021-06-28 01:30:00,40.844917,-73.926384,3,0,View Obstructed/Limited,4434386,32.3,22.9,0.0,0.0,0.0,0.0,3,20.0,37.8,212,Overcast,3,3,
47741,2021-06-20 20:30:00,40.686146,-73.78823,0,0,Following Too Closely,4434042,28.7,17.3,0.3,0.3,0.0,2.0,51,19.5,40.0,212,Drizzle: Light,0,0,
47742,2021-07-03 08:50:00,40.664715,-73.75523,0,0,Unspecified,4433509,19.3,16.6,16.1,16.1,0.0,20.0,63,24.0,47.2,43,Rain: Moderate,0,0,
47743,2021-07-03 23:20:00,40.73514,-73.86508,1,0,Driver Inattention/Distraction,4433684,19.3,16.6,16.1,16.1,0.0,20.0,63,24.0,47.2,43,Rain: Moderate,1,1,
47744,2021-07-02 15:30:00,40.709747,-73.82057,0,0,Following Too Closely,4434090,24.3,19.2,29.6,29.6,0.0,23.0,63,14.1,27.7,284,Rain: Moderate,0,0,
47745,2021-07-01 17:55:00,40.77929,-73.98114,1,0,Pedestrian/Bicyclist/Other Pedestrian Error/Confusion,4434293,27.8,22.2,25.2,25.2,0.0,12.0,65,10.6,33.1,280,Rain: Heavy,1,1,
47746,2021-07-03 21:50:00,40.587383,-73.9542,1,0,Passing or Lane Usage Improper,4433973,19.3,16.6,16.1,16.1,0.0,20.0,63,24.0,47.2,43,Rain: Moderate,1,1,
47747,2021-07-03 20:49:00,40.628468,-74.02605,1,0,Passing or Lane Usage Improper,4433593,19.3,16.6,16.1,16.1,0.0,20.0,63,24.0,47.2,43,Rain: Moderate,1,1,
47748,2021-06-21 13:15:00,40.59907,-73.90498,1,0,Driver Inattention/Distraction,4434189,28.0,21.7,0.5,0.5,0.0,2.0,51,24.4,46.8,181,Drizzle: Light,1,1,
47749,2021-07-01 16:50:00,40.80708,-73.95181,0,0,Passing or Lane Usage Improper,4434158,27.8,22.2,25.2,25.2,0.0,12.0,65,10.6,33.1,280,Rain: Heavy,0,0,
47750,2021-07-03 06:15:00,40.78655,-73.95466,2,0,Traffic Control Disregarded,4433796,19.3,16.6,16.1,16.1,0.0,20.0,63,24.0,47.2,43,Rain: Moderate,2,2,
47751,2021-07-03 09:50:00,40.704403,-73.814445,0,0,Driver Inattention/Distraction,4433748,19.3,16.6,16.1,16.1,0.0,20.0,63,24.0,47.2,43,Rain: Moderate,0,0,
47752,2021-06-26 09:26:00,40.75446,-73.94435,0,0,Unspecified,4434129,26.5,18.6,1.3,1.3,0.0,8.0,51,23.7,52.9,181,Drizzle: Light,0,0,
47753,2021-06-19 18:30:00,40.808804,-73.95589,1,0,Unspecified,4434144,31.5,19.5,1.2,1.2,0.0,3.0,53,21.1,38.2,243,Drizzle: Moderate,1,1,
47754,2021-07-03 18:15:00,40.872826,-73.8521,0,0,Driver Inattention/Distraction,4433817,19.3,16.6,16.1,16.1,0.0,20.0,63,24.0,47.2,43,Rain: Moderate,0,0,
47755,2021-06-28 22:22:00,40.708935,-73.77721,1,0,Failure to Yield Right-of-Way,4434317,32.3,22.9,0.0,0.0,0.0,0.0,3,20.0,37.8,212,Overcast,1,1,
47756,2021-07-03 14:00:00,40.701885,-73.73824,0,0,Failure to Yield Right-of-Way,4433589,19.3,16.6,16.1,16.1,0.0,20.0,63,24.0,47.2,43,Rain: Moderate,0,0,
47757,2021-07-01 16:43:00,40.756527,-73.994026,0,0,Driver Inattention/Distraction,4434200,27.8,22.2,25.2,25.2,0.0,12.0,65,10.6,33.1,280,Rain: Heavy,0,0,
47758,2021-07-03 11:00:00,40.728928,-73.953705,0,0,Backing Unsafely,4434047,19.3,16.6,16.1,16.1,0.0,20.0,63,24.0,47.2,43,Rain: Moderate,0,0,
47759,2021-07-02 09:25:00,40.701786,-73.807,1,0,Driver Inattention/Distraction,4434103,24.3,19.2,29.6,29.6,0.0,23.0,63,14.1,27.7,284,Rain: Moderate,1,1,
47760,2021-07-03 01:12:00,40.639618,-73.92043,1,0,Turning Improperly,4433617,19.3,16.6,16.1,16.1,0.0,20.0,63,24.0,47.2,43,Rain: Moderate,1,1,
47761,2021-07-03 10:22:00,40.846443,-73.935844,0,0,Driver Inattention/Distraction,4433845,19.3,16.6,16.1,16.1,0.0,20.0,63,24.0,47.2,43,Rain: Moderate,0,0,
47762,2021-06-29 04:08:00,40.671906,-73.91174,0,0,Turning Improperly,4434079,33.4,24.0,0.7,0.7,0.0,4.0,51,19.5,40.0,231,Drizzle: Light,0,0,
47763,2021-07-03 03:00:00,40.679344,-73.859535,0,0,Unspecified,4433960,19.3,16.6,16.1,16.1,0.0,20.0,63,24.0,47.2,43,Rain: Moderate,0,0,
47764,2021-07-03 11:00:00,40.731083,-73.83442,0,0,Driver Inattention/Distraction,4433551,19.3,16.6,16.1,16.1,0.0,20.0,63,24.0,47.2,43,Rain: Moderate,0,0,
47765,2021-07-03 04:25:00,40.727318,-73.88796,2,0,Unsafe Lane Changing,4433506,19.3,16.6,16.1,16.1,0.0,20.0,63,24.0,47.2,43,Rain: Moderate,2,2,
47766,2021-07-03 10:01:00,40.854477,-73.8667,0,0,Driver Inattention/Distraction,4433708,19.3,16.6,16.1,16.1,0.0,20.0,63,24.0,47.2,43,Rain: Moderate,0,0,
47767,2021-07-03 05:46:00,40.636448,-73.94513,3,0,Pavement Slippery,4433874,19.3,16.6,16.1,16.1,0.0,20.0,63,24.0,47.2,43,Rain: Moderate,3,3,
47768,2021-07-03 02:00:00,40.667343,-73.91977,0,0,Alcohol Involvement,4433626,19.3,16.6,16.1,16.1,0.0,20.0,63,24.0,47.2,43,Rain: Moderate,0,0,
47769,2021-06-29 11:40:00,40.801414,-73.95946,0,0,Unspecified,4434162,33.4,24.0,0.7,0.7,0.0,4.0,51,19.5,40.0,231,Drizzle: Light,0,0,
47770,2021-07-03 20:30:00,40.716972,-73.9608,0,0,Turning Improperly,4434176,19.3,16.6,16.1,16.1,0.0,20.0,63,24.0,47.2,43,Rain: Moderate,0,0,
47771,2021-07-01 05:20:00,40.770916,-73.889046,0,0,Passing or Lane Usage Improper,4434133,27.8,22.2,25.2,25.2,0.0,12.0,65,10.6,33.1,280,Rain: Heavy,0,0,
47772,2021-06-29 06:30:00,40.7209,-73.86605,0,0,Driver Inattention/Distraction,4434232,33.4,24.0,0.7,0.7,0.0,4.0,51,19.5,40.0,231,Drizzle: Light,0,0,
47773,2021-07-03 01:45:00,40.650978,-73.9612,6,0,Unspecified,4433721,19.3,16.6,16.1,16.1,0.0,20.0,63,24.0,47.2,43,Rain: Moderate,6,6,
47774,2021-07-02 15:20:00,40.755863,-73.943,0,0,Unspecified,4434140,24.3,19.2,29.6,29.6,0.0,23.0,63,14.1,27.7,284,Rain: Moderate,0,0,
47775,2021-06-30 12:34:00,40.877613,-73.911545,0,0,Unspecified,4434255,35.2,24.9,0.1,0.1,0.0,1.0,51,20.6,37.1,246,Drizzle: Light,0,0,
47776,2021-07-03 14:09:00,40.84632,-73.823074,1,0,Unspecified,4434017,19.3,16.6,16.1,16.1,0.0,20.0,63,24.0,47.2,43,Rain: Moderate,1,1,
47777,2021-07-03 20:26:00,40.693405,-73.90886,0,0,Driver Inattention/Distraction,4434274,19.3,16.6,16.1,16.1,0.0,20.0,63,24.0,47.2,43,Rain: Moderate,0,0,
47778,2021-06-30 08:15:00,40.811367,-73.95402,1,0,Driver Inattention/Distraction,4434296,35.2,24.9,0.1,0.1,0.0,1.0,51,20.6,37.1,246,Drizzle: Light,1,1,
47779,2021-07-03 11:18:00,40.744556,-73.895996,0,0,Unspecified,4433577,19.3,16.6,16.1,16.1,0.0,20.0,63,24.0,47.2,43,Rain: Moderate,0,0,
47780,2021-06-28 10:29:00,40.69366,-73.85217,1,0,Following Too Closely,4434068,32.3,22.9,0.0,0.0,0.0,0.0,3,20.0,37.8,212,Overcast,1,1,
47781,2021-07-02 11:25:00,40.74913,-73.997025,0,0,Driverless/Runaway Vehicle,4434206,24.3,19.2,29.6,29.6,0.0,23.0,63,14.1,27.7,284,Rain: Moderate,0,0,
47782,2021-07-03 20:30:00,40.620914,-73.9753,0,0,Unspecified,4433990,19.3,16.6,16.1,16.1,0.0,20.0,63,24.0,47.2,43,Rain: Moderate,0,0,
47783,2021-07-03 10:00:00,40.815975,-73.91102,1,0,Driver Inattention/Distraction,4433566,19.3,16.6,16.1,16.1,0.0,20.0,63,24.0,47.2,43,Rain: Moderate,1,1,
47784,2021-07-03 16:45:00,40.676014,-73.903465,0,0,Unspecified,4433611,19.3,16.6,16.1,16.1,0.0,20.0,63,24.0,47.2,43,Rain: Moderate,0,0,
47785,2021-07-01 00:00:00,40.77088,-73.99286,1,0,Driver Inattention/Distraction,4434108,27.8,22.2,25.2,25.2,0.0,12.0,65,10.6,33.1,280,Rain: Heavy,1,1,
47786,2021-06-30 16:00:00,40.760456,-73.98374,0,0,Vehicle Vandalism,4434100,35.2,24.9,0.1,0.1,0.0,1.0,51,20.6,37.1,246,Drizzle: Light,0,0,
47787,2021-07-03 13:34:00,40.60164,-73.95184,1,0,Unspecified,4433545,19.3,16.6,16.1,16.1,0.0,20.0,63,24.0,47.2,43,Rain: Moderate,1,1,
47788,2021-06-23 18:47:00,40.68731,-73.94761,1,0,Driver Inattention/Distraction,4434234,23.1,12.2,0.0,0.0,0.0,0.0,3,16.5,31.7,309,Overcast,1,1,
47789,2021-07-01 14:30:00,40.770313,-73.920006,0,0,Unspecified,4434136,27.8,22.2,25.2,25.2,0.0,12.0,65,10.6,33.1,280,Rain: Heavy,0,0,
47790,2021-07-01 09:20:00,40.57979,-73.84319,0,0,Failure to Yield Right-of-Way,4434349,27.8,22.2,25.2,25.2,0.0,12.0,65,10.6,33.1,280,Rain: Heavy,0,0,
47791,2021-07-03 06:20:00,40.841843,-73.94539,0,0,Unsafe Lane Changing,4433831,19.3,16.6,16.1,16.1,0.0,20.0,63,24.0,47.2,43,Rain: Moderate,0,0,
47792,2021-06-30 11:25:00,40.80713,-73.94967,0,0,Unspecified,4434166,35.2,24.9,0.1,0.1,0.0,1.0,51,20.6,37.1,246,Drizzle: Light,0,0,
47793,2021-07-03 07:40:00,40.769703,-73.914,0,0,Reaction to Uninvolved Vehicle,4434169,19.3,16.6,16.1,16.1,0.0,20.0,63,24.0,47.2,43,Rain: Moderate,0,0,
47794,2021-07-03 06:30:00,40.862747,-73.90494,1,0,Unspecified,4433484,19.3,16.6,16.1,16.1,0.0,20.0,63,24.0,47.2,43,Rain: Moderate,1,1,
47795,2021-07-03 07:50:00,40.876637,-73.908485,0,0,Backing Unsafely,4434262,19.3,16.6,16.1,16.1,0.0,20.0,63,24.0,47.2,43,Rain: Moderate,0,0,
47796,2021-07-03 04:48:00,40.636833,-74.13876,0,0,Unspecified,4433937,19.3,16.6,16.1,16.1,0.0,20.0,63,24.0,47.2,43,Rain: Moderate,0,0,
47797,2021-07-03 14:20:00,40.68142,-73.83368,1,0,Failure to Yield Right-of-Way,4433956,19.3,16.6,16.1,16.1,0.0,20.0,63,24.0,47.2,43,Rain: Moderate,1,1,
47798,2021-07-03 23:01:00,40.677773,-73.93587,0,0,Following Too Closely,4433715,19.3,16.6,16.1,16.1,0.0,20.0,63,24.0,47.2,43,Rain: Moderate,0,0,
47799,2021-07-03 07:41:00,40.763466,-73.99473,0,0,Unspecified,4434114,19.3,16.6,16.1,16.1,0.0,20.0,63,24.0,47.2,43,Rain: Moderate,0,0,
47800,2021-07-03 00:15:00,40.761272,-73.95571,0,0,Driver Inexperience,4433786,19.3,16.6,16.1,16.1,0.0,20.0,63,24.0,47.2,43,Rain: Moderate,0,0,
47801,2021-07-02 15:50:00,40.86811,-73.91976,3,0,Failure to Yield Right-of-Way,4434249,24.3,19.2,29.6,29.6,0.0,23.0,63,14.1,27.7,284,Rain: Moderate,3,3,
47802,2021-06-29 07:16:00,40.804256,-73.9193,1,0,Driver Inattention/Distraction,4434372,33.4,24.0,0.7,0.7,0.0,4.0,51,19.5,40.0,231,Drizzle: Light,1,1,
47803,2021-07-03 18:05:00,40.609104,-74.15211,0,0,Driver Inattention/Distraction,4433944,19.3,16.6,16.1,16.1,0.0,20.0,63,24.0,47.2,43,Rain: Moderate,0,0,
47804,2021-07-03 17:21:00,40.759983,-73.964806,1,0,Failure to Yield Right-of-Way,4433599,19.3,16.6,16.1,16.1,0.0,20.0,63,24.0,47.2,43,Rain: Moderate,1,1,
47805,2021-07-03 03:40:00,40.708878,-73.793205,0,0,Driver Inattention/Distraction,4433527,19.3,16.6,16.1,16.1,0.0,20.0,63,24.0,47.2,43,Rain: Moderate,0,0,
47806,2021-06-27 21:08:00,40.69511,-73.81249,0,0,Driver Inattention/Distraction,4434059,29.2,22.2,0.5,0.5,0.0,4.0,51,19.6,45.4,196,Drizzle: Light,0,0,
47807,2021-07-03 04:55:00,40.68268,-73.922676,0,0,Traffic Control Disregarded,4433669,19.3,16.6,16.1,16.1,0.0,20.0,63,24.0,47.2,43,Rain: Moderate,0,0,
47808,2021-07-03 10:48:00,40.789177,-73.809685,1,0,Following Too Closely,4433639,19.3,16.6,16.1,16.1,0.0,20.0,63,24.0,47.2,43,Rain: Moderate,1,1,
47809,2021-07-03 00:55:00,40.701317,-73.78804,0,0,Driver Inattention/Distraction,4434095,19.3,16.6,16.1,16.1,0.0,20.0,63,24.0,47.2,43,Rain: Moderate,0,0,
47810,2021-06-11 01:53:00,40.877495,-73.91173,0,0,Backing Unsafely,4434239,20.7,15.3,1.2,1.2,0.0,3.0,53,13.2,27.0,97,Drizzle: Moderate,0,0,
47811,2021-07-03 00:35:00,40.702435,-73.99327,1,0,Driver Inattention/Distraction,4433762,19.3,16.6,16.1,16.1,0.0,20.0,63,24.0,47.2,43,Rain: Moderate,1,1,
47812,2021-07-03 17:26:00,40.837074,-73.944305,0,0,Driver Inattention/Distraction,4433837,19.3,16.6,16.1,16.1,0.0,20.0,63,24.0,47.2,43,Rain: Moderate,0,0,
47813,2021-06-30 11:20:00,40.74756,-74.00786,0,0,Passing or Lane Usage Improper,4434194,35.2,24.9,0.1,0.1,0.0,1.0,51,20.6,37.1,246,Drizzle: Light,0,0,
47814,2021-06-23 14:30:00,40.807095,-73.945984,1,0,Pedestrian/Bicyclist/Other Pedestrian Error/Confusion,4434154,23.1,12.2,0.0,0.0,0.0,0.0,3,16.5,31.7,309,Overcast,1,1,
47815,2022-02-20 16:26:00,40.824806,-73.91352,0,0,Unspecified,4504868,2.4,-6.6,0.0,0.0,0.0,0.0,3,23.4,44.3,250,Overcast,0,0,
47816,2021-07-03 06:20:00,40.80725,-73.87972,0,0,Unsafe Speed,4433920,19.3,16.6,16.1,16.1,0.0,20.0,63,24.0,47.2,43,Rain: Moderate,0,0,
47817,2021-07-03 13:00:00,40.6663,-73.8915,1,0,Alcohol Involvement,4433726,19.3,16.6,16.1,16.1,0.0,20.0,63,24.0,47.2,43,Rain: Moderate,1,1,
47818,2021-07-03 19:30:00,40.703472,-73.9306,0,0,Failure to Yield Right-of-Way,4434288,19.3,16.6,16.1,16.1,0.0,20.0,63,24.0,47.2,43,Rain: Moderate,0,0,
47819,2021-06-08 11:40:00,40.797806,-73.94857,0,0,Driver Inattention/Distraction,4434141,30.1,22.0,5.9,5.9,0.0,9.0,61,16.6,34.6,215,Rain: Light,0,0,
47820,2021-06-21 14:34:00,40.797287,-73.95016,1,0,Unspecified,4434148,28.0,21.7,0.5,0.5,0.0,2.0,51,24.4,46.8,181,Drizzle: Light,1,1,
47821,2021-07-03 17:35:00,40.80202,-73.94969,1,0,Driver Inattention/Distraction,4434159,19.3,16.6,16.1,16.1,0.0,20.0,63,24.0,47.2,43,Rain: Moderate,1,1,
47822,2021-07-03 23:15:00,40.889217,-73.866875,1,0,Unsafe Speed,4433799,19.3,16.6,16.1,16.1,0.0,20.0,63,24.0,47.2,43,Rain: Moderate,1,1,
47823,2022-01-13 10:25:00,40.78587,-73.84955,0,0,Oversized Vehicle,4494305,7.1,-3.7,0.0,0.0,0.0,0.0,3,9.7,18.7,193,Overcast,0,0,
47824,2022-01-12 16:15:00,40.83981,-73.93697,1,0,Driver Inattention/Distraction,4494844,4.6,-7.3,0.0,0.0,0.0,0.0,3,20.5,39.2,213,Overcast,1,1,
47825,2022-01-14 23:00:00,40.74597,-73.927635,1,0,,4494603,5.0,-5.0,0.0,0.0,0.0,0.0,3,34.6,62.6,358,Overcast,1,1,
47826,2022-01-14 08:56:00,40.71878,-73.94509,0,0,Failure to Yield Right-of-Way,4494481,5.0,-5.0,0.0,0.0,0.0,0.0,3,34.6,62.6,358,Overcast,0,0,
47827,2022-01-10 19:04:00,40.76294,-73.86067,0,0,Unsafe Speed,4494536,4.1,-4.3,0.0,0.0,0.0,0.0,3,24.1,44.3,295,Overcast,0,0,
47828,2022-01-14 18:30:00,40.745815,-73.945656,0,0,Unspecified,4494891,5.0,-5.0,0.0,0.0,0.0,0.0,3,34.6,62.6,358,Overcast,0,0,
47829,2022-01-13 13:39:00,40.815853,-73.81672,1,0,Unsafe Speed,4494353,7.1,-3.7,0.0,0.0,0.0,0.0,3,9.7,18.7,193,Overcast,1,1,
47830,2022-01-13 08:45:00,40.670734,-73.93373,0,0,Backing Unsafely,4494932,7.1,-3.7,0.0,0.0,0.0,0.0,3,9.7,18.7,193,Overcast,0,0,
47831,2022-01-14 01:10:00,40.74152,-73.904594,1,0,Driver Inattention/Distraction,4494405,5.0,-5.0,0.0,0.0,0.0,0.0,3,34.6,62.6,358,Overcast,1,1,
47832,2022-01-14 18:00:00,40.65961,-73.935814,0,0,Backing Unsafely,4494662,5.0,-5.0,0.0,0.0,0.0,0.0,3,34.6,62.6,358,Overcast,0,0,
47833,2022-01-12 14:16:00,40.85948,-73.8872,0,0,Driver Inattention/Distraction,4494177,4.6,-7.3,0.0,0.0,0.0,0.0,3,20.5,39.2,213,Overcast,0,0,
47834,2022-01-13 18:45:00,40.6532,-74.005585,0,0,Unspecified,4494389,7.1,-3.7,0.0,0.0,0.0,0.0,3,9.7,18.7,193,Overcast,0,0,
47835,2022-01-13 06:17:00,40.608776,-74.14718,1,0,Driver Inattention/Distraction,4494203,7.1,-3.7,0.0,0.0,0.0,0.0,3,9.7,18.7,193,Overcast,1,1,
47836,2022-01-14 08:21:00,40.768013,-73.90423,3,0,Unspecified,4494697,5.0,-5.0,0.0,0.0,0.0,0.0,3,34.6,62.6,358,Overcast,3,3,
47837,2022-01-13 14:20:00,40.676834,-73.760704,2,0,Failure to Yield Right-of-Way,4494508,7.1,-3.7,0.0,0.0,0.0,0.0,3,9.7,18.7,193,Overcast,2,2,
47838,2022-01-14 22:35:00,40.652462,-73.92285,2,0,Unsafe Speed,4494804,5.0,-5.0,0.0,0.0,0.0,0.0,3,34.6,62.6,358,Overcast,2,2,
47839,2022-01-13 01:38:00,40.696983,-73.935234,3,0,Unspecified,4494136,7.1,-3.7,0.0,0.0,0.0,0.0,3,9.7,18.7,193,Overcast,3,3,
47840,2022-01-14 10:05:00,40.8018,-73.96108,0,0,Passing Too Closely,4494513,5.0,-5.0,0.0,0.0,0.0,0.0,3,34.6,62.6,358,Overcast,0,0,
47841,2022-01-13 20:24:00,40.62348,-73.92155,1,0,Driver Inattention/Distraction,4494655,7.1,-3.7,0.0,0.0,0.0,0.0,3,9.7,18.7,193,Overcast,1,1,
47842,2022-01-14 18:30:00,40.752357,-73.99178,0,0,Unspecified,4494859,5.0,-5.0,0.0,0.0,0.0,0.0,3,34.6,62.6,358,Overcast,0,0,
47843,2022-01-13 03:20:00,40.749718,-73.86419,0,0,Following Too Closely,4494248,7.1,-3.7,0.0,0.0,0.0,0.0,3,9.7,18.7,193,Overcast,0,0,
47844,2022-01-14 07:00:00,40.66985,-73.80064,0,0,Backing Unsafely,4494557,5.0,-5.0,0.0,0.0,0.0,0.0,3,34.6,62.6,358,Overcast,0,0,
47845,2022-01-14 23:30:00,40.81183,-73.96112,0,0,Steering Failure,4495003,5.0,-5.0,0.0,0.0,0.0,0.0,3,34.6,62.6,358,Overcast,0,0,
47846,2022-01-13 15:00:00,40.823208,-73.81965,1,0,Unspecified,4494440,7.1,-3.7,0.0,0.0,0.0,0.0,3,9.7,18.7,193,Overcast,1,1,
47847,2022-01-12 18:10:00,40.665474,-73.86752,0,0,Driverless/Runaway Vehicle,4494104,4.6,-7.3,0.0,0.0,0.0,0.0,3,20.5,39.2,213,Overcast,0,0,
47848,2022-01-09 21:50:00,40.746063,-73.85582,0,0,Unsafe Speed,4494913,4.0,-5.3,5.1,5.1,0.0,12.0,53,23.8,42.1,220,Drizzle: Moderate,0,0,
47849,2022-01-11 09:10:00,40.759884,-73.9368,1,0,Driver Inattention/Distraction,4495029,-4.2,-8.8,0.0,0.0,0.0,0.0,1,26.7,50.8,316,Mainly clear,1,1,Sunny/Clear Conditions
47850,2021-07-04 03:06:00,40.69864,-73.93819,0,0,Traffic Control Disregarded,4433663,24.6,15.8,1.4,1.4,0.0,12.0,51,11.8,27.0,299,Drizzle: Light,0,0,
47851,2022-01-13 15:00:00,40.68842,-73.972885,0,0,Driver Inattention/Distraction,4494367,7.1,-3.7,0.0,0.0,0.0,0.0,3,9.7,18.7,193,Overcast,0,0,
47852,2022-01-12 17:50:00,40.82674,-73.8879,1,0,Driver Inattention/Distraction,4494453,4.6,-7.3,0.0,0.0,0.0,0.0,3,20.5,39.2,213,Overcast,1,1,
47853,2022-01-14 23:45:00,40.70145,-73.989624,0,0,Unsafe Speed,4494614,5.0,-5.0,0.0,0.0,0.0,0.0,3,34.6,62.6,358,Overcast,0,0,
47854,2022-01-12 19:15:00,40.55963,-74.153,0,0,Driver Inattention/Distraction,4494219,4.6,-7.3,0.0,0.0,0.0,0.0,3,20.5,39.2,213,Overcast,0,0,
47855,2022-01-14 12:00:00,40.522366,-74.21674,0,0,Failure to Yield Right-of-Way,4494556,5.0,-5.0,0.0,0.0,0.0,0.0,3,34.6,62.6,358,Overcast,0,0,
47856,2022-01-12 16:40:00,40.765095,-73.9821,3,0,Other Vehicular,4494143,4.6,-7.3,0.0,0.0,0.0,0.0,3,20.5,39.2,213,Overcast,3,3,
47857,2022-01-12 18:20:00,40.56431,-74.110146,1,0,Failure to Yield Right-of-Way,4494221,4.6,-7.3,0.0,0.0,0.0,0.0,3,20.5,39.2,213,Overcast,1,1,