,CRASH DATETIME,LATITUDE,LONGITUDE,NUMBER OF PERSONS INJURED,NUMBER OF PERSONS KILLED,CONTRIBUTING FACTOR VEHICLE 1,COLLISION_ID,temperature_2m_max,temperature_2m_min,precipitation_sum,rain_sum,snowfall_sum,precipitation_hours,weather_code,wind_speed_10m_max,wind_gusts_10m_max,wind_direction_10m_dominant,Weather Description,Severity_Score,Total_Affected_Persons,Weather_Category
47858,2022-01-02 14:00:00,40.901836,-73.84548,0,0,Other Vehicular,4494954,13.1,2.7,16.0,16.0,0.0,8.0,65,25.1,52.6,318,Rain: Heavy,0,0,
47859,2022-01-02 13:30:00,40.785114,-73.97496,0,0,Backing Unsafely,4494571,13.1,2.7,16.0,16.0,0.0,8.0,65,25.1,52.6,318,Rain: Heavy,0,0,
47860,2022-01-12 19:30:00,40.74649,-74.001335,1,0,Passing or Lane Usage Improper,4494190,4.6,-7.3,0.0,0.0,0.0,0.0,3,20.5,39.2,213,Overcast,1,1,
47861,2022-01-13 18:53:00,40.677834,-73.88509,0,0,Passing or Lane Usage Improper,4494395,7.1,-3.7,0.0,0.0,0.0,0.0,3,9.7,18.7,193,Overcast,0,0,
47862,2022-01-14 15:27:00,40.71464,-73.742935,1,0,Failure to Yield Right-of-Way,4494588,5.0,-5.0,0.0,0.0,0.0,0.0,3,34.6,62.6,358,Overcast,1,1,
47863,2022-01-12 03:06:00,40.80515,-73.91105,0,0,Driver Inattention/Distraction,4493907,4.6,-7.3,0.0,0.0,0.0,0.0,3,20.5,39.2,213,Overcast,0,0,
47864,2022-01-13 16:56:00,40.868546,-73.85859,2,0,Other Vehicular,4494423,7.1,-3.7,0.0,0.0,0.0,0.0,3,9.7,18.7,193,Overcast,2,2,
47865,2022-01-13 08:30:00,40.770428,-73.92364,0,0,Unspecified,4494690,7.1,-3.7,0.0,0.0,0.0,0.0,3,9.7,18.7,193,Overcast,0,0,
47866,2022-01-13 09:45:00,40.831753,-73.88795,0,0,Passing Too Closely,4494723,7.1,-3.7,0.0,0.0,0.0,0.0,3,9.7,18.7,193,Overcast,0,0,
47867,2022-01-14 04:09:00,40.673573,-73.902084,0,0,Alcohol Involvement,4494472,5.0,-5.0,0.0,0.0,0.0,0.0,3,34.6,62.6,358,Overcast,0,0,
47868,2022-01-12 12:25:00,40.721275,-73.9778,0,0,Animals Action,4494118,4.6,-7.3,0.0,0.0,0.0,0.0,3,20.5,39.2,213,Overcast,0,0,
47869,2022-01-13 01:35:00,40.713955,-73.94259,0,0,Passing Too Closely,4494346,7.1,-3.7,0.0,0.0,0.0,0.0,3,9.7,18.7,193,Overcast,0,0,
47870,2022-01-14 08:48:00,40.592175,-73.934525,0,0,Unspecified,4494467,5.0,-5.0,0.0,0.0,0.0,0.0,3,34.6,62.6,358,Overcast,0,0,
47871,2022-01-13 07:22:00,40.852306,-73.89811,1,0,Failure to Yield Right-of-Way,4494452,7.1,-3.7,0.0,0.0,0.0,0.0,3,9.7,18.7,193,Overcast,1,1,
47872,2022-01-13 19:19:00,40.61061,-73.95671,1,0,Driver Inattention/Distraction,4494379,7.1,-3.7,0.0,0.0,0.0,0.0,3,9.7,18.7,193,Overcast,1,1,
47873,2022-01-13 08:10:00,40.58584,-73.93788,0,0,Following Too Closely,4494613,7.1,-3.7,0.0,0.0,0.0,0.0,3,9.7,18.7,193,Overcast,0,0,
47874,2022-01-12 06:30:00,40.661037,-73.99744,1,0,Unspecified,4493960,4.6,-7.3,0.0,0.0,0.0,0.0,3,20.5,39.2,213,Overcast,1,1,
47875,2022-01-13 18:30:00,40.71241,-73.826454,0,0,Following Too Closely,4494400,7.1,-3.7,0.0,0.0,0.0,0.0,3,9.7,18.7,193,Overcast,0,0,
47876,2022-01-12 18:00:00,40.67241,-73.863556,0,0,Unspecified,4494103,4.6,-7.3,0.0,0.0,0.0,0.0,3,20.5,39.2,213,Overcast,0,0,
47877,2022-01-13 08:02:00,40.810173,-73.95117,1,0,Turning Improperly,4494540,7.1,-3.7,0.0,0.0,0.0,0.0,3,9.7,18.7,193,Overcast,1,1,
47878,2022-01-12 17:19:00,40.68484,-73.80607,0,0,Unsafe Lane Changing,4494191,4.6,-7.3,0.0,0.0,0.0,0.0,3,20.5,39.2,213,Overcast,0,0,
47879,2022-01-14 07:45:00,40.608833,-74.12118,0,0,Other Vehicular,4494695,5.0,-5.0,0.0,0.0,0.0,0.0,3,34.6,62.6,358,Overcast,0,0,
47880,2022-01-13 17:40:00,40.55554,-74.17562,0,0,Following Too Closely,4494599,7.1,-3.7,0.0,0.0,0.0,0.0,3,9.7,18.7,193,Overcast,0,0,
47881,2022-01-08 20:10:00,40.848694,-73.93047,0,0,Turning Improperly,4494987,-3.3,-8.4,0.0,0.0,0.0,0.0,1,21.6,37.8,277,Mainly clear,0,0,Sunny/Clear Conditions
47882,2022-01-13 09:00:00,40.72037,-73.76101,0,0,Passing Too Closely,4494428,7.1,-3.7,0.0,0.0,0.0,0.0,3,9.7,18.7,193,Overcast,0,0,
47883,2022-01-14 00:00:00,40.63466,-73.91462,0,0,Passing Too Closely,4494726,5.0,-5.0,0.0,0.0,0.0,0.0,3,34.6,62.6,358,Overcast,0,0,
47884,2022-01-13 16:33:00,40.686016,-73.94156,0,0,Unsafe Speed,4494955,7.1,-3.7,0.0,0.0,0.0,0.0,3,9.7,18.7,193,Overcast,0,0,
47885,2022-01-14 07:15:00,40.723648,-73.99103,0,0,Unsafe Lane Changing,4494772,5.0,-5.0,0.0,0.0,0.0,0.0,3,34.6,62.6,358,Overcast,0,0,
47886,2022-01-12 10:47:00,40.734314,-73.93803,0,0,Driver Inattention/Distraction,4494137,4.6,-7.3,0.0,0.0,0.0,0.0,3,20.5,39.2,213,Overcast,0,0,
47887,2022-01-12 17:00:00,40.807434,-73.88465,0,0,Unspecified,4494338,4.6,-7.3,0.0,0.0,0.0,0.0,3,20.5,39.2,213,Overcast,0,0,
47888,2022-01-12 16:00:00,40.83898,-73.9186,0,0,Reaction to Uninvolved Vehicle,4494541,4.6,-7.3,0.0,0.0,0.0,0.0,3,20.5,39.2,213,Overcast,0,0,
47889,2022-01-14 04:28:00,40.82866,-73.87824,0,1,Unspecified,4494526,5.0,-5.0,0.0,0.0,0.0,0.0,3,34.6,62.6,358,Overcast,20,1,
47890,2022-01-14 06:56:00,40.704716,-73.92875,1,0,Unspecified,4494753,5.0,-5.0,0.0,0.0,0.0,0.0,3,34.6,62.6,358,Overcast,1,1,
47891,2022-01-12 10:25:00,40.86038,-73.88889,1,0,Driver Inattention/Distraction,4494171,4.6,-7.3,0.0,0.0,0.0,0.0,3,20.5,39.2,213,Overcast,1,1,
47892,2022-01-14 21:15:00,40.815403,-73.93992,0,0,Unspecified,4495107,5.0,-5.0,0.0,0.0,0.0,0.0,3,34.6,62.6,358,Overcast,0,0,
47893,2022-01-12 09:47:00,40.877106,-73.90616,1,0,Failure to Yield Right-of-Way,4494462,4.6,-7.3,0.0,0.0,0.0,0.0,3,20.5,39.2,213,Overcast,1,1,
47894,2022-01-13 02:00:00,40.618732,-74.17606,0,0,Animals Action,4494415,7.1,-3.7,0.0,0.0,0.0,0.0,3,9.7,18.7,193,Overcast,0,0,
47895,2022-01-14 10:15:00,40.660362,-73.77553,0,0,Passing Too Closely,4494509,5.0,-5.0,0.0,0.0,0.0,0.0,3,34.6,62.6,358,Overcast,0,0,
47896,2022-01-12 17:21:00,40.71328,-73.76606,0,0,Outside Car Distraction,4494048,4.6,-7.3,0.0,0.0,0.0,0.0,3,20.5,39.2,213,Overcast,0,0,
47897,2021-01-16 02:30:00,40.84467,-73.9449,2,0,Unspecified,4494853,7.8,2.1,21.7,21.7,0.0,11.0,63,35.3,70.2,324,Rain: Moderate,2,2,
47898,2022-01-12 09:25:00,40.623997,-74.10893,1,0,Unspecified,4494273,4.6,-7.3,0.0,0.0,0.0,0.0,3,20.5,39.2,213,Overcast,1,1,
47899,2022-01-14 18:00:00,40.67069,-73.91703,0,0,Unspecified,4494789,5.0,-5.0,0.0,0.0,0.0,0.0,3,34.6,62.6,358,Overcast,0,0,
47900,2022-04-06 18:18:00,40.765125,-73.952126,0,0,Driver Inattention/Distraction,4516914,12.5,6.2,17.5,17.5,0.0,14.0,61,31.2,62.3,55,Rain: Light,0,0,
47901,2022-01-12 10:57:00,40.766514,-73.95402,0,0,Driver Inattention/Distraction,4494114,4.6,-7.3,0.0,0.0,0.0,0.0,3,20.5,39.2,213,Overcast,0,0,
47902,2022-01-14 14:18:00,40.778793,-73.98206,0,0,Driver Inattention/Distraction,4494552,5.0,-5.0,0.0,0.0,0.0,0.0,3,34.6,62.6,358,Overcast,0,0,
47903,2022-01-14 15:05:00,40.772102,-73.763954,1,0,Driver Inattention/Distraction,4494584,5.0,-5.0,0.0,0.0,0.0,0.0,3,34.6,62.6,358,Overcast,1,1,
47904,2022-01-12 23:39:00,40.87645,-73.848175,1,0,Unsafe Speed,4494320,4.6,-7.3,0.0,0.0,0.0,0.0,3,20.5,39.2,213,Overcast,1,1,
47905,2022-01-14 05:00:00,40.820816,-73.901146,0,0,Unspecified,4494567,5.0,-5.0,0.0,0.0,0.0,0.0,3,34.6,62.6,358,Overcast,0,0,
47906,2022-01-10 12:11:00,40.765224,-73.9317,0,0,Backing Unsafely,4495030,4.1,-4.3,0.0,0.0,0.0,0.0,3,24.1,44.3,295,Overcast,0,0,
47907,2022-01-14 04:55:00,40.67297,-73.96745,0,0,Unsafe Speed,4494906,5.0,-5.0,0.0,0.0,0.0,0.0,3,34.6,62.6,358,Overcast,0,0,
47908,2022-01-14 19:58:00,40.79653,-73.97597,0,0,Driver Inattention/Distraction,4494589,5.0,-5.0,0.0,0.0,0.0,0.0,3,34.6,62.6,358,Overcast,0,0,
47909,2022-01-11 06:12:00,40.643566,-74.00475,0,0,Unspecified,4494435,-4.2,-8.8,0.0,0.0,0.0,0.0,1,26.7,50.8,316,Mainly clear,0,0,Sunny/Clear Conditions
47910,2022-01-12 10:00:00,40.666443,-73.893456,0,0,Following Too Closely,4494018,4.6,-7.3,0.0,0.0,0.0,0.0,3,20.5,39.2,213,Overcast,0,0,
47911,2022-04-03 22:00:00,40.61206,-73.7698,0,0,Passing or Lane Usage Improper,4517912,8.3,3.4,3.1,3.1,0.0,5.0,61,21.9,38.2,274,Rain: Light,0,0,
47912,2022-01-12 16:10:00,40.649986,-73.93215,0,0,Unspecified,4494279,4.6,-7.3,0.0,0.0,0.0,0.0,3,20.5,39.2,213,Overcast,0,0,
47913,2022-01-14 17:00:00,40.68599,-73.90794,0,0,Unspecified,4494633,5.0,-5.0,0.0,0.0,0.0,0.0,3,34.6,62.6,358,Overcast,0,0,
47914,2022-01-13 15:00:00,40.761993,-73.75849,0,0,Following Too Closely,4494375,7.1,-3.7,0.0,0.0,0.0,0.0,3,9.7,18.7,193,Overcast,0,0,
47915,2022-01-12 10:00:00,40.636627,-73.94226,0,0,Unspecified,4494795,4.6,-7.3,0.0,0.0,0.0,0.0,3,20.5,39.2,213,Overcast,0,0,
47916,2022-01-12 21:53:00,40.663963,-73.9412,0,0,Driver Inattention/Distraction,4494661,4.6,-7.3,0.0,0.0,0.0,0.0,3,20.5,39.2,213,Overcast,0,0,
47917,2022-01-13 18:15:00,40.70195,-73.958694,0,0,Reaction to Uninvolved Vehicle,4494404,7.1,-3.7,0.0,0.0,0.0,0.0,3,9.7,18.7,193,Overcast,0,0,
47918,2022-01-12 23:40:00,40.573994,-73.85278,2,0,Unsafe Speed,4494333,4.6,-7.3,0.0,0.0,0.0,0.0,3,20.5,39.2,213,Overcast,2,2,
47919,2022-01-13 21:55:00,40.759823,-73.87473,0,0,Driver Inattention/Distraction,4494521,7.1,-3.7,0.0,0.0,0.0,0.0,3,9.7,18.7,193,Overcast,0,0,
47920,2022-01-13 00:10:00,40.671204,-73.90051,0,0,Driver Inattention/Distraction,4494109,7.1,-3.7,0.0,0.0,0.0,0.0,3,9.7,18.7,193,Overcast,0,0,
47921,2022-01-14 14:20:00,40.645473,-73.96234,0,0,Driver Inattention/Distraction,4494897,5.0,-5.0,0.0,0.0,0.0,0.0,3,34.6,62.6,358,Overcast,0,0,
47922,2022-01-14 18:05:00,40.60675,-74.12098,1,0,Unspecified,4494595,5.0,-5.0,0.0,0.0,0.0,0.0,3,34.6,62.6,358,Overcast,1,1,
47923,2022-01-12 21:20:00,40.862747,-73.90494,0,0,Unspecified,4494164,4.6,-7.3,0.0,0.0,0.0,0.0,3,20.5,39.2,213,Overcast,0,0,
47924,2022-01-10 21:33:00,40.74102,-73.97862,1,0,Fell Asleep,4494489,4.1,-4.3,0.0,0.0,0.0,0.0,3,24.1,44.3,295,Overcast,1,1,
47925,2022-01-14 16:12:00,40.616352,-73.98245,3,0,Driver Inattention/Distraction,4494828,5.0,-5.0,0.0,0.0,0.0,0.0,3,34.6,62.6,358,Overcast,3,3,
47926,2022-01-07 19:01:00,40.90034,-73.90591,0,0,Backing Unsafely,4494713,-0.0,-5.7,9.0,0.0,6.3,11.0,75,26.8,48.6,313,Snow fall: Heavy,0,0,Snowy Conditions
47927,2022-01-14 23:15:00,40.683323,-73.80755,1,0,Failure to Yield Right-of-Way,4494625,5.0,-5.0,0.0,0.0,0.0,0.0,3,34.6,62.6,358,Overcast,1,1,
47928,2022-01-14 22:35:00,40.883858,-73.855896,2,0,Following Too Closely,4494959,5.0,-5.0,0.0,0.0,0.0,0.0,3,34.6,62.6,358,Overcast,2,2,
47929,2022-01-14 15:00:00,40.674088,-73.79837,0,0,Following Too Closely,4494671,5.0,-5.0,0.0,0.0,0.0,0.0,3,34.6,62.6,358,Overcast,0,0,
47930,2022-01-12 04:36:00,40.818085,-73.96048,0,0,Aggressive Driving/Road Rage,4494996,4.6,-7.3,0.0,0.0,0.0,0.0,3,20.5,39.2,213,Overcast,0,0,
47931,2022-01-13 15:52:00,40.65474,-73.90693,0,0,Unspecified,4494777,7.1,-3.7,0.0,0.0,0.0,0.0,3,9.7,18.7,193,Overcast,0,0,
47932,2022-01-07 22:23:00,40.854904,-73.89645,4,0,Driver Inattention/Distraction,4495098,-0.0,-5.7,9.0,0.0,6.3,11.0,75,26.8,48.6,313,Snow fall: Heavy,4,4,Snowy Conditions
47933,2022-01-14 11:45:00,40.60567,-74.030945,0,0,Following Too Closely,4494618,5.0,-5.0,0.0,0.0,0.0,0.0,3,34.6,62.6,358,Overcast,0,0,
47934,2022-01-14 09:42:00,40.746143,-73.82718,0,0,Traffic Control Disregarded,4494484,5.0,-5.0,0.0,0.0,0.0,0.0,3,34.6,62.6,358,Overcast,0,0,
47935,2022-01-12 17:33:00,40.853813,-73.90851,1,0,Driver Inattention/Distraction,4494445,4.6,-7.3,0.0,0.0,0.0,0.0,3,20.5,39.2,213,Overcast,1,1,
47936,2022-01-14 02:00:00,40.578613,-74.11052,1,0,Fell Asleep,4494708,5.0,-5.0,0.0,0.0,0.0,0.0,3,34.6,62.6,358,Overcast,1,1,
47937,2022-01-13 19:30:00,40.590015,-74.09177,0,0,Unspecified,4494816,7.1,-3.7,0.0,0.0,0.0,0.0,3,9.7,18.7,193,Overcast,0,0,
47938,2022-04-08 20:00:00,40.64457,-73.94502,0,0,Failure to Yield Right-of-Way,4517624,16.5,7.1,5.2,5.2,0.0,4.0,63,21.3,42.8,253,Rain: Moderate,0,0,
47939,2022-01-14 18:07:00,40.676598,-73.93039,0,0,Driver Inattention/Distraction,4494940,5.0,-5.0,0.0,0.0,0.0,0.0,3,34.6,62.6,358,Overcast,0,0,
47940,2022-01-12 16:24:00,40.78029,-73.94386,0,0,Driver Inattention/Distraction,4494269,4.6,-7.3,0.0,0.0,0.0,0.0,3,20.5,39.2,213,Overcast,0,0,
47941,2022-01-12 11:47:00,40.68056,-73.93458,0,0,Unspecified,4494880,4.6,-7.3,0.0,0.0,0.0,0.0,3,20.5,39.2,213,Overcast,0,0,
47942,2022-01-14 01:15:00,40.758896,-73.89838,0,0,Unspecified,4494563,5.0,-5.0,0.0,0.0,0.0,0.0,3,34.6,62.6,358,Overcast,0,0,
47943,2022-01-12 15:58:00,40.88599,-73.82792,0,0,Turning Improperly,4494315,4.6,-7.3,0.0,0.0,0.0,0.0,3,20.5,39.2,213,Overcast,0,0,
47944,2021-12-24 18:30:00,40.836384,-73.91446,0,0,Driver Inattention/Distraction,4494548,5.7,-1.1,1.0,0.0,0.7,5.0,73,12.4,21.6,73,Snow fall: Moderate,0,0,Snowy Conditions
47945,2022-01-12 22:45:00,40.62419,-74.148994,1,0,Driver Inattention/Distraction,4494094,4.6,-7.3,0.0,0.0,0.0,0.0,3,20.5,39.2,213,Overcast,1,1,
47946,2022-01-13 14:14:00,40.77855,-73.951256,0,0,Alcohol Involvement,4494516,7.1,-3.7,0.0,0.0,0.0,0.0,3,9.7,18.7,193,Overcast,0,0,
47947,2022-01-13 14:00:00,40.676796,-74.01356,0,0,Backing Unsafely,4494286,7.1,-3.7,0.0,0.0,0.0,0.0,3,9.7,18.7,193,Overcast,0,0,
47948,2022-01-11 07:00:00,40.839867,-73.94064,1,0,Backing Unsafely,4494846,-4.2,-8.8,0.0,0.0,0.0,0.0,1,26.7,50.8,316,Mainly clear,1,1,Sunny/Clear Conditions
47949,2022-01-13 08:00:00,40.706345,-73.91122,1,0,Failure to Yield Right-of-Way,4494237,7.1,-3.7,0.0,0.0,0.0,0.0,3,9.7,18.7,193,Overcast,1,1,
47950,2021-12-30 13:20:00,40.685295,-73.93253,0,0,Driver Inattention/Distraction,4494873,8.3,5.0,1.8,1.8,0.0,7.0,53,9.9,17.6,22,Drizzle: Moderate,0,0,
47951,2022-01-13 20:20:00,40.844105,-73.898,0,0,Driver Inattention/Distraction,4494580,7.1,-3.7,0.0,0.0,0.0,0.0,3,9.7,18.7,193,Overcast,0,0,
47952,2022-01-14 23:05:00,40.704018,-73.93966,0,0,Unspecified,4494680,5.0,-5.0,0.0,0.0,0.0,0.0,3,34.6,62.6,358,Overcast,0,0,
47953,2022-01-12 08:25:00,40.644417,-73.9703,2,0,Driver Inattention/Distraction,4494180,4.6,-7.3,0.0,0.0,0.0,0.0,3,20.5,39.2,213,Overcast,2,2,
47954,2022-04-08 13:21:00,40.69599,-73.98322,0,0,Unsafe Lane Changing,4517466,16.5,7.1,5.2,5.2,0.0,4.0,63,21.3,42.8,253,Rain: Moderate,0,0,
47955,2022-01-13 10:50:00,40.683434,-73.8343,0,0,Driver Inattention/Distraction,4494488,7.1,-3.7,0.0,0.0,0.0,0.0,3,9.7,18.7,193,Overcast,0,0,
47956,2022-01-14 15:44:00,40.688778,-73.786446,0,0,Turning Improperly,4494641,5.0,-5.0,0.0,0.0,0.0,0.0,3,34.6,62.6,358,Overcast,0,0,
47957,2022-01-12 10:58:00,40.74266,-73.72108,0,0,Unspecified,4494665,4.6,-7.3,0.0,0.0,0.0,0.0,3,20.5,39.2,213,Overcast,0,0,
47958,2022-01-12 16:07:00,40.675076,-73.98801,0,0,Turning Improperly,4494206,4.6,-7.3,0.0,0.0,0.0,0.0,3,20.5,39.2,213,Overcast,0,0,
47959,2022-01-12 18:30:00,40.67378,-73.779625,0,0,Unspecified,4494371,4.6,-7.3,0.0,0.0,0.0,0.0,3,20.5,39.2,213,Overcast,0,0,
47960,2022-01-13 15:50:00,40.70499,-73.91736,0,0,Passing Too Closely,4494499,7.1,-3.7,0.0,0.0,0.0,0.0,3,9.7,18.7,193,Overcast,0,0,
47961,2022-01-12 20:35:00,40.741028,-73.99417,1,0,Unspecified,4494121,4.6,-7.3,0.0,0.0,0.0,0.0,3,20.5,39.2,213,Overcast,1,1,
47962,2022-01-13 11:30:00,40.71997,-73.992905,1,0,Pedestrian/Bicyclist/Other Pedestrian Error/Confusion,4494780,7.1,-3.7,0.0,0.0,0.0,0.0,3,9.7,18.7,193,Overcast,1,1,
47963,2022-01-12 14:12:00,40.89063,-73.85892,1,0,Failure to Yield Right-of-Way,4494326,4.6,-7.3,0.0,0.0,0.0,0.0,3,20.5,39.2,213,Overcast,1,1,
47964,2022-01-14 12:05:00,40.58428,-73.92529,0,0,Unspecified,4494757,5.0,-5.0,0.0,0.0,0.0,0.0,3,34.6,62.6,358,Overcast,0,0,
47965,2022-01-10 15:00:00,40.897785,-73.87069,0,0,Unspecified,4494966,4.1,-4.3,0.0,0.0,0.0,0.0,3,24.1,44.3,295,Overcast,0,0,
47966,2022-01-13 14:01:00,40.858856,-73.9298,0,0,Driver Inattention/Distraction,4495002,7.1,-3.7,0.0,0.0,0.0,0.0,3,9.7,18.7,193,Overcast,0,0,
47967,2022-01-13 18:01:00,40.797943,-73.94213,0,0,Unsafe Lane Changing,4494651,7.1,-3.7,0.0,0.0,0.0,0.0,3,9.7,18.7,193,Overcast,0,0,
47968,2022-01-14 19:00:00,40.672073,-73.88583,0,0,Unspecified,4494928,5.0,-5.0,0.0,0.0,0.0,0.0,3,34.6,62.6,358,Overcast,0,0,
47969,2022-01-13 14:52:00,40.83269,-73.890564,0,0,Passing or Lane Usage Improper,4494721,7.1,-3.7,0.0,0.0,0.0,0.0,3,9.7,18.7,193,Overcast,0,0,
47970,2022-01-14 15:21:00,40.874928,-73.86498,1,0,Reaction to Uninvolved Vehicle,4494916,5.0,-5.0,0.0,0.0,0.0,0.0,3,34.6,62.6,358,Overcast,1,1,
47971,2022-01-08 14:12:00,40.803024,-73.93632,0,0,Following Too Closely,4494666,-3.3,-8.4,0.0,0.0,0.0,0.0,1,21.6,37.8,277,Mainly clear,0,0,Sunny/Clear Conditions
47972,2022-01-11 11:40:00,40.84125,-73.9094,0,0,Driver Inattention/Distraction,4494841,-4.2,-8.8,0.0,0.0,0.0,0.0,1,26.7,50.8,316,Mainly clear,0,0,Sunny/Clear Conditions
47973,2022-01-14 15:00:00,40.691082,-73.98345,0,0,Driver Inexperience,4494988,5.0,-5.0,0.0,0.0,0.0,0.0,3,34.6,62.6,358,Overcast,0,0,
47974,2022-01-11 13:30:00,40.67101,-73.92239,0,0,Passing or Lane Usage Improper,4494773,-4.2,-8.8,0.0,0.0,0.0,0.0,1,26.7,50.8,316,Mainly clear,0,0,Sunny/Clear Conditions
47975,2022-01-13 16:15:00,40.69349,-73.97917,0,0,Unsafe Lane Changing,4494354,7.1,-3.7,0.0,0.0,0.0,0.0,3,9.7,18.7,193,Overcast,0,0,
47976,2022-01-14 19:39:00,40.823635,-73.93095,0,0,Following Too Closely,4495092,5.0,-5.0,0.0,0.0,0.0,0.0,3,34.6,62.6,358,Overcast,0,0,
47977,2022-01-12 18:20:00,40.86231,-73.909874,0,0,Alcohol Involvement,4494163,4.6,-7.3,0.0,0.0,0.0,0.0,3,20.5,39.2,213,Overcast,0,0,
47978,2022-01-04 10:00:00,40.679928,-73.92045,0,0,Unspecified,4494890,0.7,-6.7,0.0,0.0,0.0,0.0,3,20.0,36.4,287,Overcast,0,0,
47979,2022-01-13 11:25:00,40.560852,-74.19991,0,0,Unsafe Speed,4494553,7.1,-3.7,0.0,0.0,0.0,0.0,3,9.7,18.7,193,Overcast,0,0,
47980,2022-01-14 17:10:00,40.671616,-73.89775,0,0,Unspecified,4494933,5.0,-5.0,0.0,0.0,0.0,0.0,3,34.6,62.6,358,Overcast,0,0,
47981,2021-07-03 23:46:00,40.651863,-73.86536,0,0,Unspecified,4434412,19.3,16.6,16.1,16.1,0.0,20.0,63,24.0,47.2,43,Rain: Moderate,0,0,
47982,2022-01-13 18:28:00,40.608936,-74.12566,2,0,Following Too Closely,4494699,7.1,-3.7,0.0,0.0,0.0,0.0,3,9.7,18.7,193,Overcast,2,2,
47983,2022-01-14 21:35:00,40.786175,-73.9457,0,0,Driver Inattention/Distraction,4494948,5.0,-5.0,0.0,0.0,0.0,0.0,3,34.6,62.6,358,Overcast,0,0,
47984,2022-01-12 23:30:00,40.743343,-73.97203,1,0,Following Too Closely,4494294,4.6,-7.3,0.0,0.0,0.0,0.0,3,20.5,39.2,213,Overcast,1,1,
47985,2022-01-11 06:35:00,40.800686,-73.952515,0,0,Driver Inattention/Distraction,4495127,-4.2,-8.8,0.0,0.0,0.0,0.0,1,26.7,50.8,316,Mainly clear,0,0,Sunny/Clear Conditions
47986,2022-01-13 08:45:00,40.766243,-73.983215,1,0,Unsafe Lane Changing,4494212,7.1,-3.7,0.0,0.0,0.0,0.0,3,9.7,18.7,193,Overcast,1,1,
47987,2022-01-04 06:47:00,40.659107,-73.923225,2,0,Unspecified,4494798,0.7,-6.7,0.0,0.0,0.0,0.0,3,20.0,36.4,287,Overcast,2,2,
47988,2022-01-12 18:25:00,40.818993,-73.909744,0,0,Other Vehicular,4494075,4.6,-7.3,0.0,0.0,0.0,0.0,3,20.5,39.2,213,Overcast,0,0,
47989,2022-01-12 18:50:00,40.63272,-73.90886,0,0,Driver Inattention/Distraction,4494531,4.6,-7.3,0.0,0.0,0.0,0.0,3,20.5,39.2,213,Overcast,0,0,
47990,2022-01-13 07:40:00,40.703285,-73.895454,1,0,Backing Unsafely,4494686,7.1,-3.7,0.0,0.0,0.0,0.0,3,9.7,18.7,193,Overcast,1,1,
47991,2022-01-14 16:05:00,40.75925,-73.932434,0,0,Driver Inattention/Distraction,4494862,5.0,-5.0,0.0,0.0,0.0,0.0,3,34.6,62.6,358,Overcast,0,0,
47992,2022-01-12 06:58:00,40.609417,-73.9677,1,0,Driver Inattention/Distraction,4494117,4.6,-7.3,0.0,0.0,0.0,0.0,3,20.5,39.2,213,Overcast,1,1,
47993,2022-01-13 09:51:00,40.600697,-73.96037,1,0,Unspecified,4494211,7.1,-3.7,0.0,0.0,0.0,0.0,3,9.7,18.7,193,Overcast,1,1,
47994,2022-01-13 20:20:00,40.879112,-73.87591,0,0,Unspecified,4494503,7.1,-3.7,0.0,0.0,0.0,0.0,3,9.7,18.7,193,Overcast,0,0,
47995,2022-01-13 16:50:00,40.677353,-74.00446,0,0,Unspecified,4494384,7.1,-3.7,0.0,0.0,0.0,0.0,3,9.7,18.7,193,Overcast,0,0,
47996,2022-01-12 12:00:00,40.647213,-73.98099,0,0,Driver Inattention/Distraction,4494176,4.6,-7.3,0.0,0.0,0.0,0.0,3,20.5,39.2,213,Overcast,0,0,
47997,2022-01-13 19:20:00,40.64517,-73.88313,1,0,Failure to Yield Right-of-Way,4494396,7.1,-3.7,0.0,0.0,0.0,0.0,3,9.7,18.7,193,Overcast,1,1,
47998,2022-01-12 01:36:00,40.662556,-73.91963,1,0,Driver Inattention/Distraction,4493916,4.6,-7.3,0.0,0.0,0.0,0.0,3,20.5,39.2,213,Overcast,1,1,
47999,2022-01-13 12:44:00,40.639576,-73.998146,1,0,Unspecified,4494424,7.1,-3.7,0.0,0.0,0.0,0.0,3,9.7,18.7,193,Overcast,1,1,
48000,2022-01-12 13:46:00,40.669403,-73.94221,1,0,Other Vehicular,4494912,4.6,-7.3,0.0,0.0,0.0,0.0,3,20.5,39.2,213,Overcast,1,1,
48001,2022-01-10 14:50:00,40.758354,-73.89441,1,0,Failure to Yield Right-of-Way,4494520,4.1,-4.3,0.0,0.0,0.0,0.0,3,24.1,44.3,295,Overcast,1,1,
48002,2022-01-13 16:15:00,40.705658,-73.93171,0,0,Passing Too Closely,4494344,7.1,-3.7,0.0,0.0,0.0,0.0,3,9.7,18.7,193,Overcast,0,0,
48003,2022-01-13 13:22:00,40.783333,-73.911415,0,0,Unsafe Speed,4494691,7.1,-3.7,0.0,0.0,0.0,0.0,3,9.7,18.7,193,Overcast,0,0,
48004,2021-12-03 14:40:00,40.744907,-73.88916,1,0,Unspecified,4494471,9.3,0.9,0.0,0.0,0.0,0.0,3,27.6,53.3,301,Overcast,1,1,
48005,2022-01-12 06:00:00,40.689022,-73.93925,0,0,Passing or Lane Usage Improper,4494951,4.6,-7.3,0.0,0.0,0.0,0.0,3,20.5,39.2,213,Overcast,0,0,
48006,2022-01-13 08:20:00,40.532875,-74.192276,0,0,Passing or Lane Usage Improper,4494558,7.1,-3.7,0.0,0.0,0.0,0.0,3,9.7,18.7,193,Overcast,0,0,
48007,2022-01-13 08:51:00,40.672195,-73.91133,1,0,Driver Inattention/Distraction,4494785,7.1,-3.7,0.0,0.0,0.0,0.0,3,9.7,18.7,193,Overcast,1,1,