,CRASH DATETIME,LATITUDE,LONGITUDE,NUMBER OF PERSONS INJURED,NUMBER OF PERSONS KILLED,CONTRIBUTING FACTOR VEHICLE 1,COLLISION_ID,temperature_2m_max,temperature_2m_min,precipitation_sum,rain_sum,snowfall_sum,precipitation_hours,weather_code,wind_speed_10m_max,wind_gusts_10m_max,wind_direction_10m_dominant,Weather Description,Severity_Score,Total_Affected_Persons,Weather_Category
48008,2022-01-08 20:07:00,40.864113,-73.92126,1,0,Turning Improperly,4494977,-3.3,-8.4,0.0,0.0,0.0,0.0,1,21.6,37.8,277,Mainly clear,1,1,Sunny/Clear Conditions
48009,2022-01-14 14:00:00,40.7171,-73.74077,0,0,Unsafe Speed,4494727,5.0,-5.0,0.0,0.0,0.0,0.0,3,34.6,62.6,358,Overcast,0,0,
48010,2022-01-14 22:30:00,40.851738,-73.83197,1,0,Driver Inattention/Distraction,4494831,5.0,-5.0,0.0,0.0,0.0,0.0,3,34.6,62.6,358,Overcast,1,1,
48011,2022-01-14 13:10:00,40.888294,-73.83129,0,0,Driver Inattention/Distraction,4494956,5.0,-5.0,0.0,0.0,0.0,0.0,3,34.6,62.6,358,Overcast,0,0,
48012,2022-01-12 17:39:00,40.665627,-73.92045,1,0,Brakes Defective,4495119,4.6,-7.3,0.0,0.0,0.0,0.0,3,20.5,39.2,213,Overcast,1,1,
48013,2022-01-13 07:00:00,40.877537,-73.91039,0,0,Unspecified,4494458,7.1,-3.7,0.0,0.0,0.0,0.0,3,9.7,18.7,193,Overcast,0,0,
48014,2022-01-10 20:30:00,40.705284,-73.94289,1,0,Driver Inattention/Distraction,4494572,4.1,-4.3,0.0,0.0,0.0,0.0,3,24.1,44.3,295,Overcast,1,1,
48015,2022-01-13 18:19:00,40.73407,-73.999664,0,0,Turning Improperly,4494884,7.1,-3.7,0.0,0.0,0.0,0.0,3,9.7,18.7,193,Overcast,0,0,
48016,2022-01-14 16:15:00,40.665546,-73.9537,1,0,Driver Inattention/Distraction,4494585,5.0,-5.0,0.0,0.0,0.0,0.0,3,34.6,62.6,358,Overcast,1,1,
48017,2022-01-14 04:30:00,40.598454,-74.08211,0,0,Unspecified,4494696,5.0,-5.0,0.0,0.0,0.0,0.0,3,34.6,62.6,358,Overcast,0,0,
48018,2022-01-12 13:00:00,40.665684,-73.820435,0,0,Pavement Defective,4494281,4.6,-7.3,0.0,0.0,0.0,0.0,3,20.5,39.2,213,Overcast,0,0,
48019,2022-01-12 12:26:00,40.78212,-73.77128,1,0,Following Too Closely,4494059,4.6,-7.3,0.0,0.0,0.0,0.0,3,20.5,39.2,213,Overcast,1,1,
48020,2022-01-12 18:42:00,40.668507,-73.92561,1,0,Failure to Yield Right-of-Way,4494062,4.6,-7.3,0.0,0.0,0.0,0.0,3,20.5,39.2,213,Overcast,1,1,
48021,2022-01-13 11:30:00,40.70403,-73.81711,0,0,Following Too Closely,4494249,7.1,-3.7,0.0,0.0,0.0,0.0,3,9.7,18.7,193,Overcast,0,0,
48022,2022-01-13 16:45:00,40.60426,-73.75286,1,0,Unspecified,4494422,7.1,-3.7,0.0,0.0,0.0,0.0,3,9.7,18.7,193,Overcast,1,1,
48023,2022-01-12 17:10:00,40.73193,-73.80796,0,0,Driver Inattention/Distraction,4494082,4.6,-7.3,0.0,0.0,0.0,0.0,3,20.5,39.2,213,Overcast,0,0,
48024,2022-01-13 08:10:00,40.795536,-73.977234,0,0,Following Too Closely,4494274,7.1,-3.7,0.0,0.0,0.0,0.0,3,9.7,18.7,193,Overcast,0,0,
48025,2022-01-13 15:55:00,40.864655,-73.813866,0,0,Unspecified,4494439,7.1,-3.7,0.0,0.0,0.0,0.0,3,9.7,18.7,193,Overcast,0,0,
48026,2022-01-12 21:38:00,40.652767,-73.8863,1,0,Driver Inattention/Distraction,4494108,4.6,-7.3,0.0,0.0,0.0,0.0,3,20.5,39.2,213,Overcast,1,1,
48027,2022-01-13 20:31:00,40.65415,-73.949936,1,0,Passing Too Closely,4494802,7.1,-3.7,0.0,0.0,0.0,0.0,3,9.7,18.7,193,Overcast,1,1,
48028,2022-01-13 10:00:00,40.75882,-73.81121,0,0,Failure to Yield Right-of-Way,4494306,7.1,-3.7,0.0,0.0,0.0,0.0,3,9.7,18.7,193,Overcast,0,0,
48029,2022-01-13 22:01:00,40.850166,-73.93576,1,0,Driver Inattention/Distraction,4495005,7.1,-3.7,0.0,0.0,0.0,0.0,3,9.7,18.7,193,Overcast,1,1,
48030,2022-01-14 15:00:00,40.687023,-73.97621,0,0,Driver Inattention/Distraction,4494604,5.0,-5.0,0.0,0.0,0.0,0.0,3,34.6,62.6,358,Overcast,0,0,
48031,2022-01-13 11:25:00,40.75742,-73.782776,0,0,Unspecified,4494259,7.1,-3.7,0.0,0.0,0.0,0.0,3,9.7,18.7,193,Overcast,0,0,
48032,2022-01-14 12:55:00,40.80194,-73.957466,0,0,Passing Too Closely,4494535,5.0,-5.0,0.0,0.0,0.0,0.0,3,34.6,62.6,358,Overcast,0,0,
48033,2022-01-13 13:05:00,40.75267,-73.99061,0,0,Passing or Lane Usage Improper,4494858,7.1,-3.7,0.0,0.0,0.0,0.0,3,9.7,18.7,193,Overcast,0,0,
48034,2022-01-14 09:00:00,40.676937,-73.91551,0,0,Unspecified,4494790,5.0,-5.0,0.0,0.0,0.0,0.0,3,34.6,62.6,358,Overcast,0,0,
48035,2022-01-13 09:10:00,40.873795,-73.83582,0,0,Unsafe Speed,4494301,7.1,-3.7,0.0,0.0,0.0,0.0,3,9.7,18.7,193,Overcast,0,0,
48036,2022-01-14 15:12:00,40.757626,-73.780106,0,0,Driver Inattention/Distraction,4494583,5.0,-5.0,0.0,0.0,0.0,0.0,3,34.6,62.6,358,Overcast,0,0,
48037,2022-01-12 21:40:00,40.634007,-74.11709,0,0,Unsafe Speed,4494562,4.6,-7.3,0.0,0.0,0.0,0.0,3,20.5,39.2,213,Overcast,0,0,
48038,2022-01-12 08:00:00,40.681274,-73.90425,0,0,Driver Inattention/Distraction,4494021,4.6,-7.3,0.0,0.0,0.0,0.0,3,20.5,39.2,213,Overcast,0,0,
48039,2022-01-12 21:25:00,40.670895,-73.91405,0,0,Driver Inattention/Distraction,4494081,4.6,-7.3,0.0,0.0,0.0,0.0,3,20.5,39.2,213,Overcast,0,0,
48040,2021-12-15 00:00:00,40.67024,-73.907005,0,0,Unspecified,4494814,10.3,1.8,1.0,1.0,0.0,6.0,51,20.6,38.2,104,Drizzle: Light,0,0,
48041,2022-01-13 22:34:00,40.84271,-73.885666,2,0,Driver Inattention/Distraction,4495099,7.1,-3.7,0.0,0.0,0.0,0.0,3,9.7,18.7,193,Overcast,2,2,
48042,2022-04-08 05:50:00,40.769318,-73.8666,0,0,Unsafe Lane Changing,4517254,16.5,7.1,5.2,5.2,0.0,4.0,63,21.3,42.8,253,Rain: Moderate,0,0,
48043,2022-01-13 12:45:00,40.82336,-73.947174,1,0,Accelerator Defective,4494451,7.1,-3.7,0.0,0.0,0.0,0.0,3,9.7,18.7,193,Overcast,1,1,
48044,2022-01-12 10:00:00,40.65626,-73.89574,0,0,Driver Inattention/Distraction,4494101,4.6,-7.3,0.0,0.0,0.0,0.0,3,20.5,39.2,213,Overcast,0,0,
48045,2022-01-12 20:37:00,40.63178,-73.945625,1,0,Unspecified,4494192,4.6,-7.3,0.0,0.0,0.0,0.0,3,20.5,39.2,213,Overcast,1,1,
48046,2022-01-14 05:42:00,40.686077,-74.00038,0,0,Unspecified,4494441,5.0,-5.0,0.0,0.0,0.0,0.0,3,34.6,62.6,358,Overcast,0,0,
48047,2022-01-13 11:50:00,40.7011,-73.94355,0,0,Driver Inattention/Distraction,4494343,7.1,-3.7,0.0,0.0,0.0,0.0,3,9.7,18.7,193,Overcast,0,0,
48048,2022-01-02 22:43:00,40.666023,-73.90709,2,0,Failure to Yield Right-of-Way,4494768,13.1,2.7,16.0,16.0,0.0,8.0,65,25.1,52.6,318,Rain: Heavy,2,2,
48049,2022-01-14 03:20:00,40.73487,-73.92331,1,0,Passenger Distraction,4494412,5.0,-5.0,0.0,0.0,0.0,0.0,3,34.6,62.6,358,Overcast,1,1,
48050,2022-01-10 13:30:00,40.66968,-73.88237,1,0,Unspecified,4494927,4.1,-4.3,0.0,0.0,0.0,0.0,3,24.1,44.3,295,Overcast,1,1,
48051,2022-01-12 12:16:00,40.768875,-73.94898,0,0,Following Too Closely,4494115,4.6,-7.3,0.0,0.0,0.0,0.0,3,20.5,39.2,213,Overcast,0,0,
48052,2022-01-05 09:00:00,40.53213,-74.22308,1,0,Pavement Slippery,4494551,6.9,-2.1,0.5,0.5,0.0,4.0,51,21.8,38.2,216,Drizzle: Light,1,1,
48053,2022-01-14 12:10:00,40.682716,-73.966736,1,0,Driver Inattention/Distraction,4494605,5.0,-5.0,0.0,0.0,0.0,0.0,3,34.6,62.6,358,Overcast,1,1,
48054,2022-01-12 04:10:00,40.83163,-73.92252,0,0,Driverless/Runaway Vehicle,4494542,4.6,-7.3,0.0,0.0,0.0,0.0,3,20.5,39.2,213,Overcast,0,0,
48055,2022-01-12 15:33:00,40.71302,-73.959305,2,0,Driver Inattention/Distraction,4494096,4.6,-7.3,0.0,0.0,0.0,0.0,3,20.5,39.2,213,Overcast,2,2,
48056,2022-01-14 03:24:00,40.66077,-73.91975,1,0,Accelerator Defective,4494801,5.0,-5.0,0.0,0.0,0.0,0.0,3,34.6,62.6,358,Overcast,1,1,
48057,2022-01-14 08:30:00,40.655502,-73.88414,0,0,Unspecified,4494473,5.0,-5.0,0.0,0.0,0.0,0.0,3,34.6,62.6,358,Overcast,0,0,
48058,2022-01-14 23:33:00,40.616352,-73.98245,2,0,Driver Inattention/Distraction,4494875,5.0,-5.0,0.0,0.0,0.0,0.0,3,34.6,62.6,358,Overcast,2,2,
48059,2022-01-13 00:00:00,40.732033,-73.91893,2,0,Driver Inattention/Distraction,4494244,7.1,-3.7,0.0,0.0,0.0,0.0,3,9.7,18.7,193,Overcast,2,2,
48060,2022-01-14 23:29:00,40.714207,-73.92817,1,0,Following Too Closely,4494679,5.0,-5.0,0.0,0.0,0.0,0.0,3,34.6,62.6,358,Overcast,1,1,
48061,2022-01-12 18:19:00,40.66638,-73.9244,1,0,,4494086,4.6,-7.3,0.0,0.0,0.0,0.0,3,20.5,39.2,213,Overcast,1,1,
48062,2022-01-14 16:20:00,40.693405,-73.90886,0,0,Failure to Yield Right-of-Way,4494632,5.0,-5.0,0.0,0.0,0.0,0.0,3,34.6,62.6,358,Overcast,0,0,
48063,2022-01-11 06:51:00,40.830975,-73.85267,0,0,Following Too Closely,4494495,-4.2,-8.8,0.0,0.0,0.0,0.0,1,26.7,50.8,316,Mainly clear,0,0,Sunny/Clear Conditions
48064,2022-01-13 21:18:00,40.811043,-73.88073,0,0,Unspecified,4494383,7.1,-3.7,0.0,0.0,0.0,0.0,3,9.7,18.7,193,Overcast,0,0,
48065,2022-01-14 17:00:00,40.779495,-73.9535,1,0,Driver Inattention/Distraction,4495082,5.0,-5.0,0.0,0.0,0.0,0.0,3,34.6,62.6,358,Overcast,1,1,
48066,2022-01-13 05:00:00,40.659756,-73.93706,0,0,Unspecified,4494510,7.1,-3.7,0.0,0.0,0.0,0.0,3,9.7,18.7,193,Overcast,0,0,
48067,2022-01-14 14:20:00,40.69024,-73.99437,0,0,Failure to Yield Right-of-Way,4494761,5.0,-5.0,0.0,0.0,0.0,0.0,3,34.6,62.6,358,Overcast,0,0,
48068,2022-01-12 18:00:00,40.760365,-73.97377,1,0,Driver Inattention/Distraction,4494139,4.6,-7.3,0.0,0.0,0.0,0.0,3,20.5,39.2,213,Overcast,1,1,
48069,2022-01-12 00:05:00,40.64649,-74.08654,0,0,Driver Inattention/Distraction,4494272,4.6,-7.3,0.0,0.0,0.0,0.0,3,20.5,39.2,213,Overcast,0,0,
48070,2022-01-13 04:55:00,40.659447,-73.93819,0,0,Driver Inattention/Distraction,4494970,7.1,-3.7,0.0,0.0,0.0,0.0,3,9.7,18.7,193,Overcast,0,0,
48071,2022-01-14 19:30:00,40.75859,-73.919304,1,0,Unspecified,4494861,5.0,-5.0,0.0,0.0,0.0,0.0,3,34.6,62.6,358,Overcast,1,1,
48072,2022-01-12 10:25:00,40.905735,-73.849396,1,0,Failure to Yield Right-of-Way,4494314,4.6,-7.3,0.0,0.0,0.0,0.0,3,20.5,39.2,213,Overcast,1,1,
48073,2022-01-14 17:53:00,40.820984,-73.891624,2,0,Unspecified,4494566,5.0,-5.0,0.0,0.0,0.0,0.0,3,34.6,62.6,358,Overcast,2,2,
48074,2022-01-12 18:00:00,40.703217,-73.73427,1,0,Failure to Yield Right-of-Way,4494289,4.6,-7.3,0.0,0.0,0.0,0.0,3,20.5,39.2,213,Overcast,1,1,
48075,2022-01-12 08:51:00,40.8562,-73.90523,0,0,Oversized Vehicle,4494185,4.6,-7.3,0.0,0.0,0.0,0.0,3,20.5,39.2,213,Overcast,0,0,
48076,2022-01-13 11:50:00,40.863018,-73.917564,0,0,Passing Too Closely,4494995,7.1,-3.7,0.0,0.0,0.0,0.0,3,9.7,18.7,193,Overcast,0,0,
48077,2022-01-13 18:30:00,40.73199,-73.81081,0,0,Unspecified,4494364,7.1,-3.7,0.0,0.0,0.0,0.0,3,9.7,18.7,193,Overcast,0,0,
48078,2022-01-08 14:50:00,40.62268,-74.03433,0,0,Driver Inattention/Distraction,4494434,-3.3,-8.4,0.0,0.0,0.0,0.0,1,21.6,37.8,277,Mainly clear,0,0,Sunny/Clear Conditions
48079,2022-01-14 00:00:00,40.654434,-73.86084,0,0,Driver Inattention/Distraction,4494579,5.0,-5.0,0.0,0.0,0.0,0.0,3,34.6,62.6,358,Overcast,0,0,
48080,2022-01-12 14:42:00,40.67973,-73.9374,0,0,Following Too Closely,4494130,4.6,-7.3,0.0,0.0,0.0,0.0,3,20.5,39.2,213,Overcast,0,0,
48081,2022-01-14 12:55:00,40.743187,-73.97207,0,0,Tinted Windows,4494537,5.0,-5.0,0.0,0.0,0.0,0.0,3,34.6,62.6,358,Overcast,0,0,
48082,2022-01-13 14:53:00,40.62132,-74.028534,0,0,Other Vehicular,4494376,7.1,-3.7,0.0,0.0,0.0,0.0,3,9.7,18.7,193,Overcast,0,0,
48083,2022-01-14 13:30:00,40.664356,-73.734535,0,0,Unspecified,4494522,5.0,-5.0,0.0,0.0,0.0,0.0,3,34.6,62.6,358,Overcast,0,0,
48084,2022-04-06 13:32:00,40.86536,-73.87043,1,0,Driver Inattention/Distraction,4516935,12.5,6.2,17.5,17.5,0.0,14.0,61,31.2,62.3,55,Rain: Light,1,1,
48085,2022-01-13 00:01:00,40.68046,-73.84309,1,0,Alcohol Involvement,4494120,7.1,-3.7,0.0,0.0,0.0,0.0,3,9.7,18.7,193,Overcast,1,1,
48086,2022-01-11 13:00:00,40.651012,-73.91024,0,0,Unspecified,4494796,-4.2,-8.8,0.0,0.0,0.0,0.0,1,26.7,50.8,316,Mainly clear,0,0,Sunny/Clear Conditions
48087,2022-01-12 01:58:00,40.83115,-73.81692,0,0,Unspecified,4493972,4.6,-7.3,0.0,0.0,0.0,0.0,3,20.5,39.2,213,Overcast,0,0,
48088,2022-01-13 15:08:00,40.669228,-73.8962,0,0,Following Too Closely,4494397,7.1,-3.7,0.0,0.0,0.0,0.0,3,9.7,18.7,193,Overcast,0,0,
48089,2022-01-13 13:13:00,40.675003,-73.82435,4,0,Brakes Defective,4494478,7.1,-3.7,0.0,0.0,0.0,0.0,3,9.7,18.7,193,Overcast,4,4,
48090,2022-01-13 17:25:00,40.772488,-73.91183,1,0,Unspecified,4494692,7.1,-3.7,0.0,0.0,0.0,0.0,3,9.7,18.7,193,Overcast,1,1,
48091,2022-01-12 20:21:00,40.69599,-73.98322,0,0,Driver Inattention/Distraction,4494073,4.6,-7.3,0.0,0.0,0.0,0.0,3,20.5,39.2,213,Overcast,0,0,
48092,2022-01-12 12:00:00,40.58388,-73.82305,0,0,Driver Inattention/Distraction,4494937,4.6,-7.3,0.0,0.0,0.0,0.0,3,20.5,39.2,213,Overcast,0,0,
48093,2022-01-14 12:14:00,40.784187,-73.84582,0,0,Unsafe Lane Changing,4494594,5.0,-5.0,0.0,0.0,0.0,0.0,3,34.6,62.6,358,Overcast,0,0,
48094,2022-01-12 10:05:00,40.774284,-73.91995,0,0,Driver Inexperience,4494165,4.6,-7.3,0.0,0.0,0.0,0.0,3,20.5,39.2,213,Overcast,0,0,
48095,2022-01-11 00:00:00,40.609894,-73.996346,0,0,Failure to Yield Right-of-Way,4494881,-4.2,-8.8,0.0,0.0,0.0,0.0,1,26.7,50.8,316,Mainly clear,0,0,Sunny/Clear Conditions
48096,2022-01-09 16:47:00,40.84519,-73.9112,0,0,Driver Inattention/Distraction,4494463,4.0,-5.3,5.1,5.1,0.0,12.0,53,23.8,42.1,220,Drizzle: Moderate,0,0,
48097,2022-01-13 21:15:00,40.758644,-73.981346,0,0,Other Vehicular,4494430,7.1,-3.7,0.0,0.0,0.0,0.0,3,9.7,18.7,193,Overcast,0,0,
48098,2022-01-13 14:00:00,40.700123,-73.95041,0,0,Other Vehicular,4494348,7.1,-3.7,0.0,0.0,0.0,0.0,3,9.7,18.7,193,Overcast,0,0,
48099,2022-01-13 21:40:00,40.74573,-73.98022,0,0,Unspecified,4494856,7.1,-3.7,0.0,0.0,0.0,0.0,3,9.7,18.7,193,Overcast,0,0,
48100,2022-01-14 17:12:00,40.79293,-73.94791,0,0,Driver Inattention/Distraction,4494652,5.0,-5.0,0.0,0.0,0.0,0.0,3,34.6,62.6,358,Overcast,0,0,
48101,2022-01-12 15:00:00,40.842335,-73.91619,1,0,Driver Inexperience,4494547,4.6,-7.3,0.0,0.0,0.0,0.0,3,20.5,39.2,213,Overcast,1,1,
48102,2022-01-12 07:05:00,40.738853,-73.858444,1,0,Unspecified,4494909,4.6,-7.3,0.0,0.0,0.0,0.0,3,20.5,39.2,213,Overcast,1,1,
48103,2022-01-13 18:30:00,40.870777,-73.88624,0,0,Unspecified,4494505,7.1,-3.7,0.0,0.0,0.0,0.0,3,9.7,18.7,193,Overcast,0,0,
48104,2022-01-14 12:55:00,40.797306,-73.93446,0,0,Backing Unsafely,4494527,5.0,-5.0,0.0,0.0,0.0,0.0,3,34.6,62.6,358,Overcast,0,0,
48105,2022-01-13 00:00:00,40.695934,-73.743706,2,0,Failure to Yield Right-of-Way,4494778,7.1,-3.7,0.0,0.0,0.0,0.0,3,9.7,18.7,193,Overcast,2,2,
48106,2022-01-14 19:01:00,40.5855,-73.95163,0,0,Driver Inattention/Distraction,4494754,5.0,-5.0,0.0,0.0,0.0,0.0,3,34.6,62.6,358,Overcast,0,0,
48107,2022-01-12 15:40:00,40.7491,-73.99201,0,0,Driver Inattention/Distraction,4494172,4.6,-7.3,0.0,0.0,0.0,0.0,3,20.5,39.2,213,Overcast,0,0,
48108,2022-01-13 11:35:00,40.807518,-73.92611,2,0,Driver Inattention/Distraction,4494872,7.1,-3.7,0.0,0.0,0.0,0.0,3,9.7,18.7,193,Overcast,2,2,
48109,2022-01-13 18:03:00,40.59514,-73.754,1,0,Failure to Yield Right-of-Way,4494483,7.1,-3.7,0.0,0.0,0.0,0.0,3,9.7,18.7,193,Overcast,1,1,
48110,2022-01-13 16:40:00,40.663795,-73.99778,0,0,Unspecified,4494355,7.1,-3.7,0.0,0.0,0.0,0.0,3,9.7,18.7,193,Overcast,0,0,
48111,2022-01-14 12:28:00,40.719902,-73.73214,0,0,Failure to Yield Right-of-Way,4495143,5.0,-5.0,0.0,0.0,0.0,0.0,3,34.6,62.6,358,Overcast,0,0,
48112,2022-01-14 21:14:00,40.827656,-73.8861,0,0,Unspecified,4494889,5.0,-5.0,0.0,0.0,0.0,0.0,3,34.6,62.6,358,Overcast,0,0,
48113,2022-01-12 14:40:00,40.63755,-73.95865,2,0,Passing Too Closely,4494147,4.6,-7.3,0.0,0.0,0.0,0.0,3,20.5,39.2,213,Overcast,2,2,
48114,2022-01-14 12:00:00,40.59183,-74.10098,1,0,Driver Inattention/Distraction,4494660,5.0,-5.0,0.0,0.0,0.0,0.0,3,34.6,62.6,358,Overcast,1,1,
48115,2022-01-14 17:40:00,40.783966,-73.948555,0,0,Other Vehicular,4495073,5.0,-5.0,0.0,0.0,0.0,0.0,3,34.6,62.6,358,Overcast,0,0,
48116,2022-01-13 19:50:00,40.54959,-74.1374,1,0,Reaction to Uninvolved Vehicle,4494711,7.1,-3.7,0.0,0.0,0.0,0.0,3,9.7,18.7,193,Overcast,1,1,
48117,2022-01-12 23:39:00,40.658234,-73.89469,0,0,Unspecified,4494110,4.6,-7.3,0.0,0.0,0.0,0.0,3,20.5,39.2,213,Overcast,0,0,
48118,2022-01-13 03:05:00,40.690308,-73.99881,1,0,Outside Car Distraction,4494403,7.1,-3.7,0.0,0.0,0.0,0.0,3,9.7,18.7,193,Overcast,1,1,
48119,2022-01-14 21:09:00,40.74197,-73.84116,2,0,Unsafe Lane Changing,4494898,5.0,-5.0,0.0,0.0,0.0,0.0,3,34.6,62.6,358,Overcast,2,2,
48120,2022-01-14 13:00:00,40.897808,-73.85262,0,0,Aggressive Driving/Road Rage,4494965,5.0,-5.0,0.0,0.0,0.0,0.0,3,34.6,62.6,358,Overcast,0,0,
48121,2022-01-13 08:30:00,40.67831,-73.869804,0,0,Driver Inattention/Distraction,4494268,7.1,-3.7,0.0,0.0,0.0,0.0,3,9.7,18.7,193,Overcast,0,0,
48122,2022-01-12 14:13:00,40.6454,-73.97715,0,0,Driver Inattention/Distraction,4494179,4.6,-7.3,0.0,0.0,0.0,0.0,3,20.5,39.2,213,Overcast,0,0,
48123,2022-01-14 07:25:00,40.738476,-73.7991,0,0,Driver Inattention/Distraction,4494490,5.0,-5.0,0.0,0.0,0.0,0.0,3,34.6,62.6,358,Overcast,0,0,
48124,2022-01-14 17:00:00,40.66454,-73.82276,0,0,Unsafe Lane Changing,4494626,5.0,-5.0,0.0,0.0,0.0,0.0,3,34.6,62.6,358,Overcast,0,0,
48125,2022-01-11 16:15:00,40.697903,-73.9468,1,0,Driver Inattention/Distraction,4495001,-4.2,-8.8,0.0,0.0,0.0,0.0,1,26.7,50.8,316,Mainly clear,1,1,Sunny/Clear Conditions
48126,2022-01-14 23:43:00,40.60915,-74.14987,2,0,Driver Inexperience,4494712,5.0,-5.0,0.0,0.0,0.0,0.0,3,34.6,62.6,358,Overcast,2,2,
48127,2022-01-06 17:06:00,40.804714,-73.95826,0,0,,4494559,4.1,-0.7,0.0,0.0,0.0,0.0,3,20.2,38.2,269,Overcast,0,0,
48128,2022-01-14 17:45:00,40.76027,-73.80401,1,0,Following Too Closely,4494915,5.0,-5.0,0.0,0.0,0.0,0.0,3,34.6,62.6,358,Overcast,1,1,
48129,2021-12-07 16:30:00,40.67427,-73.978775,0,0,Passing Too Closely,4495046,8.6,0.8,0.1,0.1,0.0,1.0,51,27.2,49.3,283,Drizzle: Light,0,0,
48130,2022-01-14 17:32:00,40.76242,-73.82752,0,0,View Obstructed/Limited,4494616,5.0,-5.0,0.0,0.0,0.0,0.0,3,34.6,62.6,358,Overcast,0,0,
48131,2022-01-13 19:20:00,40.73491,-73.92057,0,0,Unspecified,4494369,7.1,-3.7,0.0,0.0,0.0,0.0,3,9.7,18.7,193,Overcast,0,0,
48132,2022-01-13 15:10:00,40.66626,-73.99596,2,0,Unsafe Speed,4494869,7.1,-3.7,0.0,0.0,0.0,0.0,3,9.7,18.7,193,Overcast,2,2,
48133,2022-01-13 18:35:00,40.63165,-74.08762,2,0,Unsafe Speed,4494554,7.1,-3.7,0.0,0.0,0.0,0.0,3,9.7,18.7,193,Overcast,2,2,
48134,2022-01-13 15:10:00,40.639706,-74.01961,1,0,Unspecified,4494466,7.1,-3.7,0.0,0.0,0.0,0.0,3,9.7,18.7,193,Overcast,1,1,
48135,2022-01-12 16:00:00,40.575985,-74.10226,0,0,Failure to Yield Right-of-Way,4494223,4.6,-7.3,0.0,0.0,0.0,0.0,3,20.5,39.2,213,Overcast,0,0,
48136,2022-01-11 16:15:00,40.634995,-73.96116,0,0,Unspecified,4494792,-4.2,-8.8,0.0,0.0,0.0,0.0,1,26.7,50.8,316,Mainly clear,0,0,Sunny/Clear Conditions
48137,2022-01-11 15:30:00,40.531918,-74.19175,3,0,View Obstructed/Limited,4494459,-4.2,-8.8,0.0,0.0,0.0,0.0,1,26.7,50.8,316,Mainly clear,3,3,Sunny/Clear Conditions
48138,2022-01-13 19:03:00,40.62916,-74.01144,1,0,Passing or Lane Usage Improper,4494372,7.1,-3.7,0.0,0.0,0.0,0.0,3,9.7,18.7,193,Overcast,1,1,
48139,2021-03-18 11:51:00,40.85391,-73.88364,0,0,Driver Inattention/Distraction,4399871,7.1,4.1,16.8,16.8,0.0,15.0,63,27.3,49.0,42,Rain: Moderate,0,0,
48140,2021-03-16 04:07:00,40.669857,-73.95051,1,0,Traffic Control Disregarded,4399959,2.6,-4.1,0.0,0.0,0.07,0.0,71,14.6,31.0,101,Snow fall: Light,1,1,Snowy Conditions
48141,2021-03-22 11:00:00,0.0,0.0,1,0,Failure to Yield Right-of-Way,4401027,13.5,-1.5,0.0,0.0,0.0,0.0,0,14.1,29.9,126,Clear sky,1,1,Sunny/Clear Conditions
48142,2021-03-15 16:50:00,40.715702,-73.95579,2,0,Failure to Yield Right-of-Way,4401049,2.7,-6.0,0.0,0.0,0.0,0.0,3,32.5,60.1,327,Overcast,2,2,
48143,2021-03-23 18:10:00,40.76351,-73.878296,1,0,Driver Inattention/Distraction,4401373,16.6,1.3,0.0,0.0,0.0,0.0,3,12.8,26.6,83,Overcast,1,1,
48144,2021-03-23 23:05:00,0.0,0.0,1,0,Unspecified,4401381,16.6,1.3,0.0,0.0,0.0,0.0,3,12.8,26.6,83,Overcast,1,1,
48145,2021-03-24 11:49:00,40.739273,-73.933716,1,0,Driver Inattention/Distraction,4401533,13.3,4.0,28.6,28.6,0.0,10.0,65,16.3,28.8,87,Rain: Heavy,1,1,
48146,2021-03-23 16:56:00,40.84197,-73.90417,1,0,Failure to Yield Right-of-Way,4401622,16.6,1.3,0.0,0.0,0.0,0.0,3,12.8,26.6,83,Overcast,1,1,
48147,2021-03-23 16:29:00,0.0,0.0,1,0,Unspecified,4401810,16.6,1.3,0.0,0.0,0.0,0.0,3,12.8,26.6,83,Overcast,1,1,
48148,2021-03-20 16:16:00,40.629883,-73.895775,1,0,Driver Inexperience,4401826,13.3,-3.2,0.0,0.0,0.0,0.0,0,13.3,23.4,287,Clear sky,1,1,Sunny/Clear Conditions
48149,2021-03-25 23:14:00,40.797,-73.93778,1,0,Turning Improperly,4401891,19.5,9.1,1.8,1.8,0.0,3.0,55,17.6,36.0,124,Drizzle: Dense,1,1,
48150,2021-03-23 10:54:00,40.640553,-74.0043,1,0,Unspecified,4401900,16.6,1.3,0.0,0.0,0.0,0.0,3,12.8,26.6,83,Overcast,1,1,
48151,2021-03-24 11:35:00,40.629677,-73.94151,1,0,Driver Inattention/Distraction,4401917,13.3,4.0,28.6,28.6,0.0,10.0,65,16.3,28.8,87,Rain: Heavy,1,1,
48152,2021-03-26 08:05:00,0.0,0.0,1,0,Driver Inattention/Distraction,4401922,25.3,9.8,2.7,2.7,0.0,7.0,53,40.0,71.3,233,Drizzle: Moderate,1,1,
48153,2021-03-25 19:25:00,0.0,0.0,1,0,Traffic Control Disregarded,4401986,19.5,9.1,1.8,1.8,0.0,3.0,55,17.6,36.0,124,Drizzle: Dense,1,1,
48154,2022-01-12 08:00:00,40.722343,-73.77717,0,0,Unsafe Lane Changing,4493942,4.6,-7.3,0.0,0.0,0.0,0.0,3,20.5,39.2,213,Overcast,0,0,
48155,2021-03-26 23:34:00,40.881073,-73.878494,1,0,Driver Inattention/Distraction,4402049,25.3,9.8,2.7,2.7,0.0,7.0,53,40.0,71.3,233,Drizzle: Moderate,1,1,
48156,2022-01-13 19:30:00,40.637615,-73.98584,2,0,Unspecified,4494425,7.1,-3.7,0.0,0.0,0.0,0.0,3,9.7,18.7,193,Overcast,2,2,
48157,2021-03-27 13:19:00,40.663853,-73.95194,1,0,Driver Inattention/Distraction,4402126,17.8,6.8,0.0,0.0,0.0,0.0,3,21.8,43.2,253,Overcast,1,1,