,CRASH DATETIME,LATITUDE,LONGITUDE,NUMBER OF PERSONS INJURED,NUMBER OF PERSONS KILLED,CONTRIBUTING FACTOR VEHICLE 1,COLLISION_ID,temperature_2m_max,temperature_2m_min,precipitation_sum,rain_sum,snowfall_sum,precipitation_hours,weather_code,wind_speed_10m_max,wind_gusts_10m_max,wind_direction_10m_dominant,Weather Description,Severity_Score,Total_Affected_Persons,Weather_Category
48158,2021-03-22 18:45:00,0.0,0.0,1,0,Driver Inattention/Distraction,4402180,13.5,-1.5,0.0,0.0,0.0,0.0,0,14.1,29.9,126,Clear sky,1,1,Sunny/Clear Conditions
48159,2021-03-27 15:00:00,40.755596,-73.9947,1,0,Unspecified,4402298,17.8,6.8,0.0,0.0,0.0,0.0,3,21.8,43.2,253,Overcast,1,1,
48160,2021-03-28 05:40:00,40.577015,-73.99027,0,0,Unsafe Speed,4402321,18.8,7.6,18.6,18.6,0.0,15.0,63,30.0,70.9,180,Rain: Moderate,0,0,
48161,2021-03-26 16:35:00,40.65368,-73.92477,1,0,Driver Inexperience,4402397,25.3,9.8,2.7,2.7,0.0,7.0,53,40.0,71.3,233,Drizzle: Moderate,1,1,
48162,2021-03-27 13:40:00,40.678574,-73.916306,1,0,Passing or Lane Usage Improper,4402429,17.8,6.8,0.0,0.0,0.0,0.0,3,21.8,43.2,253,Overcast,1,1,
48163,2021-03-28 00:38:00,40.875256,-73.84342,1,0,Driver Inattention/Distraction,4402582,18.8,7.6,18.6,18.6,0.0,15.0,63,30.0,70.9,180,Rain: Moderate,1,1,
48164,2021-03-23 23:45:00,0.0,0.0,1,0,Traffic Control Disregarded,4402634,16.6,1.3,0.0,0.0,0.0,0.0,3,12.8,26.6,83,Overcast,1,1,
48165,2021-03-26 15:17:00,40.8518,-73.909225,1,0,Unspecified,4402674,25.3,9.8,2.7,2.7,0.0,7.0,53,40.0,71.3,233,Drizzle: Moderate,1,1,
48166,2021-03-27 22:50:00,40.848328,-73.91842,1,0,Other Vehicular,4402697,17.8,6.8,0.0,0.0,0.0,0.0,3,21.8,43.2,253,Overcast,1,1,
48167,2021-03-29 13:47:00,40.64902,-74.00625,1,0,Unsafe Speed,4402832,11.4,4.3,0.1,0.1,0.0,1.0,51,35.4,67.7,292,Drizzle: Light,1,1,
48168,2021-03-29 18:22:00,40.861954,-73.89105,1,0,Turning Improperly,4402869,11.4,4.3,0.1,0.1,0.0,1.0,51,35.4,67.7,292,Drizzle: Light,1,1,
48169,2021-03-25 19:30:00,40.69335,-73.90041,1,0,Failure to Yield Right-of-Way,4402989,19.5,9.1,1.8,1.8,0.0,3.0,55,17.6,36.0,124,Drizzle: Dense,1,1,
48170,2021-03-25 11:15:00,40.74555,-73.99908,1,0,Reaction to Uninvolved Vehicle,4402997,19.5,9.1,1.8,1.8,0.0,3.0,55,17.6,36.0,124,Drizzle: Dense,1,1,
48171,2021-03-27 15:16:00,40.71245,-73.91853,1,0,Driver Inattention/Distraction,4403016,17.8,6.8,0.0,0.0,0.0,0.0,3,21.8,43.2,253,Overcast,1,1,
48172,2021-03-30 19:58:00,40.8122,-73.94226,1,0,Other Vehicular,4403225,12.8,0.5,0.0,0.0,0.0,0.0,3,27.4,51.8,164,Overcast,1,1,
48173,2021-03-30 17:40:00,40.67298,-73.88852,1,0,Unspecified,4403300,12.8,0.5,0.0,0.0,0.0,0.0,3,27.4,51.8,164,Overcast,1,1,
48174,2021-03-20 08:45:00,40.68771,-73.845345,1,0,Traffic Control Disregarded,4403333,13.3,-3.2,0.0,0.0,0.0,0.0,0,13.3,23.4,287,Clear sky,1,1,Sunny/Clear Conditions
48175,2021-03-24 20:00:00,40.769222,-73.92221,1,0,Unspecified,4403336,13.3,4.0,28.6,28.6,0.0,10.0,65,16.3,28.8,87,Rain: Heavy,1,1,
48176,2021-03-29 16:45:00,40.72593,-73.89652,1,0,Driver Inattention/Distraction,4403382,11.4,4.3,0.1,0.1,0.0,1.0,51,35.4,67.7,292,Drizzle: Light,1,1,
48177,2021-03-31 18:50:00,40.59389,-73.77368,1,0,Reaction to Uninvolved Vehicle,4403396,16.4,7.2,12.0,12.0,0.0,10.0,61,27.4,51.1,173,Rain: Light,1,1,
48178,2021-03-12 15:00:00,40.677917,-73.93861,1,0,Following Too Closely,4403409,18.2,11.2,0.3,0.3,0.0,1.0,51,26.1,48.6,273,Drizzle: Light,1,1,
48179,2021-03-31 20:18:00,40.872128,-73.88248,1,0,Passing Too Closely,4403457,16.4,7.2,12.0,12.0,0.0,10.0,61,27.4,51.1,173,Rain: Light,1,1,
48180,2021-03-31 14:06:00,40.673397,-73.98279,1,0,Traffic Control Disregarded,4403459,16.4,7.2,12.0,12.0,0.0,10.0,61,27.4,51.1,173,Rain: Light,1,1,
48181,2021-03-27 20:51:00,40.85391,-73.88364,1,0,Driver Inattention/Distraction,4403560,17.8,6.8,0.0,0.0,0.0,0.0,3,21.8,43.2,253,Overcast,1,1,
48182,2021-04-01 07:50:00,40.851818,-73.94186,0,0,View Obstructed/Limited,4403581,11.1,2.9,6.5,6.5,0.0,11.0,63,28.5,53.6,323,Rain: Moderate,0,0,
48183,2021-03-31 18:38:00,40.69215,-73.86216,1,0,Passing or Lane Usage Improper,4403646,16.4,7.2,12.0,12.0,0.0,10.0,61,27.4,51.1,173,Rain: Light,1,1,
48184,2021-03-27 17:25:00,40.83932,-73.91503,1,0,Failure to Yield Right-of-Way,4403691,17.8,6.8,0.0,0.0,0.0,0.0,3,21.8,43.2,253,Overcast,1,1,
48185,2021-04-01 10:18:00,40.816917,-73.92298,2,0,Unspecified,4403732,11.1,2.9,6.5,6.5,0.0,11.0,63,28.5,53.6,323,Rain: Moderate,2,2,
48186,2021-04-01 20:08:00,40.81612,-73.926636,1,0,Unspecified,4403734,11.1,2.9,6.5,6.5,0.0,11.0,63,28.5,53.6,323,Rain: Moderate,1,1,
48187,2021-03-25 14:45:00,0.0,0.0,1,0,Driver Inattention/Distraction,4403841,19.5,9.1,1.8,1.8,0.0,3.0,55,17.6,36.0,124,Drizzle: Dense,1,1,
48188,2021-04-01 12:18:00,0.0,0.0,1,0,Turning Improperly,4403943,11.1,2.9,6.5,6.5,0.0,11.0,63,28.5,53.6,323,Rain: Moderate,1,1,
48189,2021-03-31 14:35:00,40.679337,-73.89483,2,0,Unspecified,4403987,16.4,7.2,12.0,12.0,0.0,10.0,61,27.4,51.1,173,Rain: Light,2,2,
48190,2021-04-02 10:20:00,40.669655,-73.99253,1,0,Following Too Closely,4404044,3.5,-3.6,0.0,0.0,0.0,0.0,3,25.9,51.1,324,Overcast,1,1,
48191,2021-03-31 22:00:00,40.676342,-73.910934,1,0,Traffic Control Disregarded,4404243,16.4,7.2,12.0,12.0,0.0,10.0,61,27.4,51.1,173,Rain: Light,1,1,
48192,2021-03-26 20:01:00,40.639256,-73.968796,1,0,Unspecified,4404289,25.3,9.8,2.7,2.7,0.0,7.0,53,40.0,71.3,233,Drizzle: Moderate,1,1,
48193,2021-04-04 12:47:00,40.826153,-73.920265,2,0,Unsafe Speed,4404351,16.2,3.4,0.0,0.0,0.0,0.0,3,18.5,33.1,302,Overcast,2,2,
48194,2021-04-03 00:45:00,40.652462,-73.92285,1,0,Traffic Control Disregarded,4404367,10.8,-2.3,0.0,0.0,0.0,0.0,3,15.9,34.2,302,Overcast,1,1,
48195,2021-04-03 14:50:00,40.720245,-73.9444,1,0,Alcohol Involvement,4404500,10.8,-2.3,0.0,0.0,0.0,0.0,3,15.9,34.2,302,Overcast,1,1,
48196,2021-04-03 00:02:00,40.751514,-73.887344,1,0,Driver Inattention/Distraction,4404550,10.8,-2.3,0.0,0.0,0.0,0.0,3,15.9,34.2,302,Overcast,1,1,
48197,2021-04-02 22:00:00,40.75445,-73.87829,1,0,Driver Inattention/Distraction,4404568,3.5,-3.6,0.0,0.0,0.0,0.0,3,25.9,51.1,324,Overcast,1,1,
48198,2021-04-05 00:06:00,40.820824,-73.91562,1,0,Driver Inattention/Distraction,4404632,18.0,5.6,0.0,0.0,0.0,0.0,2,25.7,49.0,313,Partly cloudy,1,1,
48199,2021-04-05 11:40:00,40.866802,-73.88444,1,0,Driver Inattention/Distraction,4404654,18.0,5.6,0.0,0.0,0.0,0.0,2,25.7,49.0,313,Partly cloudy,1,1,
48200,2021-04-04 17:26:00,40.690693,-73.95728,1,0,Passing or Lane Usage Improper,4404685,16.2,3.4,0.0,0.0,0.0,0.0,3,18.5,33.1,302,Overcast,1,1,
48201,2021-04-03 12:30:00,40.69821,-73.92406,1,0,Failure to Yield Right-of-Way,4404717,10.8,-2.3,0.0,0.0,0.0,0.0,3,15.9,34.2,302,Overcast,1,1,
48202,2021-04-05 16:20:00,40.628204,-74.01286,1,0,Driver Inattention/Distraction,4404752,18.0,5.6,0.0,0.0,0.0,0.0,2,25.7,49.0,313,Partly cloudy,1,1,
48203,2021-04-03 20:35:00,40.750717,-73.85877,1,0,Driver Inattention/Distraction,4404771,10.8,-2.3,0.0,0.0,0.0,0.0,3,15.9,34.2,302,Overcast,1,1,
48204,2021-04-05 02:30:00,40.83609,-73.87039,7,0,Unspecified,4404923,18.0,5.6,0.0,0.0,0.0,0.0,2,25.7,49.0,313,Partly cloudy,7,7,
48205,2021-04-06 16:17:00,40.597263,-73.95101,1,0,Unspecified,4405064,18.3,4.8,0.0,0.0,0.0,0.0,1,21.9,38.9,319,Mainly clear,1,1,Sunny/Clear Conditions
48206,2021-04-06 07:45:00,40.673965,-73.98571,5,0,Traffic Control Disregarded,4405166,18.3,4.8,0.0,0.0,0.0,0.0,1,21.9,38.9,319,Mainly clear,5,5,Sunny/Clear Conditions
48207,2021-04-07 12:22:00,40.646828,-73.96041,1,0,Turning Improperly,4405309,19.7,6.7,0.5,0.5,0.0,2.0,51,15.5,34.6,14,Drizzle: Light,1,1,
48208,2021-04-07 16:25:00,40.641697,-73.898506,1,0,Driver Inattention/Distraction,4405334,19.7,6.7,0.5,0.5,0.0,2.0,51,15.5,34.6,14,Drizzle: Light,1,1,
48209,2021-04-07 21:42:00,40.593807,-73.94062,1,0,Driver Inattention/Distraction,4405385,19.7,6.7,0.5,0.5,0.0,2.0,51,15.5,34.6,14,Drizzle: Light,1,1,
48210,2021-04-07 22:20:00,40.868385,-73.89416,1,0,Driver Inattention/Distraction,4405394,19.7,6.7,0.5,0.5,0.0,2.0,51,15.5,34.6,14,Drizzle: Light,1,1,
48211,2021-04-06 21:13:00,40.82615,-73.89764,1,0,Unsafe Speed,4405401,18.3,4.8,0.0,0.0,0.0,0.0,1,21.9,38.9,319,Mainly clear,1,1,Sunny/Clear Conditions
48212,2021-04-07 17:45:00,40.758224,-73.91741,1,0,Passing or Lane Usage Improper,4405411,19.7,6.7,0.5,0.5,0.0,2.0,51,15.5,34.6,14,Drizzle: Light,1,1,
48213,2021-04-07 17:15:00,40.705875,-73.9259,0,0,Driver Inexperience,4405417,19.7,6.7,0.5,0.5,0.0,2.0,51,15.5,34.6,14,Drizzle: Light,0,0,
48214,2021-03-24 15:20:00,40.697918,-73.9728,1,0,Other Vehicular,4405496,13.3,4.0,28.6,28.6,0.0,10.0,65,16.3,28.8,87,Rain: Heavy,1,1,
48215,2021-04-08 18:04:00,40.68963,-73.98575,1,0,Failure to Yield Right-of-Way,4405628,18.2,5.5,0.0,0.0,0.0,0.0,3,18.0,35.3,173,Overcast,1,1,
48216,2021-04-08 19:40:00,40.70701,-73.946526,2,0,Unspecified,4405787,18.2,5.5,0.0,0.0,0.0,0.0,3,18.0,35.3,173,Overcast,2,2,
48217,2021-04-08 16:42:00,40.709442,-73.9607,1,0,Traffic Control Disregarded,4405806,18.2,5.5,0.0,0.0,0.0,0.0,3,18.0,35.3,173,Overcast,1,1,
48218,2021-04-09 00:28:00,40.861107,-73.89028,1,0,Driver Inattention/Distraction,4405815,13.4,5.7,0.0,0.0,0.0,0.0,3,15.7,33.8,146,Overcast,1,1,
48219,2021-04-09 11:55:00,40.58925,-73.970924,0,0,Passing Too Closely,4405874,13.4,5.7,0.0,0.0,0.0,0.0,3,15.7,33.8,146,Overcast,0,0,
48220,2021-04-08 15:40:00,40.793278,-73.94876,1,0,Driver Inexperience,4405885,18.2,5.5,0.0,0.0,0.0,0.0,3,18.0,35.3,173,Overcast,1,1,
48221,2021-04-08 22:00:00,40.632717,-73.89138,1,0,Failure to Yield Right-of-Way,4405920,18.2,5.5,0.0,0.0,0.0,0.0,3,18.0,35.3,173,Overcast,1,1,
48222,2021-04-08 10:30:00,40.666443,-73.9886,2,0,Pedestrian/Bicyclist/Other Pedestrian Error/Confusion,4405963,18.2,5.5,0.0,0.0,0.0,0.0,3,18.0,35.3,173,Overcast,2,2,
48223,2021-04-10 23:20:00,40.642445,-74.00592,1,0,Unspecified,4406054,17.0,7.7,1.2,1.2,0.0,3.0,53,14.4,31.7,166,Drizzle: Moderate,1,1,
48224,2021-04-07 13:20:00,40.73629,-73.994286,1,0,Driver Inattention/Distraction,4406133,19.7,6.7,0.5,0.5,0.0,2.0,51,15.5,34.6,14,Drizzle: Light,1,1,
48225,2021-04-01 19:52:00,40.575542,-73.96487,1,0,Driver Inattention/Distraction,4406153,11.1,2.9,6.5,6.5,0.0,11.0,63,28.5,53.6,323,Rain: Moderate,1,1,
48226,2021-04-03 17:34:00,40.856503,-73.93277,1,0,Failure to Yield Right-of-Way,4406290,10.8,-2.3,0.0,0.0,0.0,0.0,3,15.9,34.2,302,Overcast,1,1,
48227,2021-04-10 13:00:00,40.645298,-74.10466,1,0,Driver Inattention/Distraction,4406308,17.0,7.7,1.2,1.2,0.0,3.0,53,14.4,31.7,166,Drizzle: Moderate,1,1,
48228,2021-04-10 15:37:00,40.755753,-73.883514,1,0,Driver Inattention/Distraction,4406326,17.0,7.7,1.2,1.2,0.0,3.0,53,14.4,31.7,166,Drizzle: Moderate,1,1,
48229,2021-04-11 01:40:00,40.77077,-73.91727,1,0,Unspecified,4406422,14.2,8.5,25.3,25.3,0.0,15.0,63,25.7,48.2,77,Rain: Moderate,1,1,
48230,2021-04-07 18:00:00,40.835724,-73.92129,1,0,Passing or Lane Usage Improper,4406452,19.7,6.7,0.5,0.5,0.0,2.0,51,15.5,34.6,14,Drizzle: Light,1,1,
48231,2021-04-09 00:37:00,40.683342,-73.80433,1,0,Passing Too Closely,4406581,13.4,5.7,0.0,0.0,0.0,0.0,3,15.7,33.8,146,Overcast,1,1,
48232,2021-04-10 15:25:00,40.716297,-73.962555,1,0,Driver Inattention/Distraction,4406674,17.0,7.7,1.2,1.2,0.0,3.0,53,14.4,31.7,166,Drizzle: Moderate,1,1,
48233,2021-04-06 21:54:00,40.684937,-73.91014,1,0,Failure to Yield Right-of-Way,4406704,18.3,4.8,0.0,0.0,0.0,0.0,1,21.9,38.9,319,Mainly clear,1,1,Sunny/Clear Conditions
48234,2021-04-12 22:56:00,40.87016,-73.89098,1,0,Traffic Control Disregarded,4406751,8.7,6.7,13.6,13.6,0.0,21.0,61,23.4,42.1,51,Rain: Light,1,1,
48235,2021-04-12 07:48:00,40.71552,-74.00925,1,0,Failure to Yield Right-of-Way,4406777,8.7,6.7,13.6,13.6,0.0,21.0,61,23.4,42.1,51,Rain: Light,1,1,
48236,2021-04-08 16:20:00,40.683693,-73.87964,2,0,Failure to Yield Right-of-Way,4406861,18.2,5.5,0.0,0.0,0.0,0.0,3,18.0,35.3,173,Overcast,2,2,
48237,2021-04-10 23:34:00,40.676765,-73.880516,1,0,Unspecified,4406864,17.0,7.7,1.2,1.2,0.0,3.0,53,14.4,31.7,166,Drizzle: Moderate,1,1,
48238,2022-01-14 16:10:00,40.71126,-73.899864,0,0,Failure to Yield Right-of-Way,4494688,5.0,-5.0,0.0,0.0,0.0,0.0,3,34.6,62.6,358,Overcast,0,0,
48239,2021-04-13 18:50:00,40.827087,-73.89191,1,0,Unsafe Speed,4407157,18.3,5.8,4.5,4.5,0.0,5.0,61,14.5,28.1,17,Rain: Light,1,1,
48240,2021-04-12 13:30:00,40.61732,-73.94408,1,0,Passing or Lane Usage Improper,4407197,8.7,6.7,13.6,13.6,0.0,21.0,61,23.4,42.1,51,Rain: Light,1,1,
48241,2021-04-06 20:55:00,40.613808,-73.96508,1,0,Unspecified,4407290,18.3,4.8,0.0,0.0,0.0,0.0,1,21.9,38.9,319,Mainly clear,1,1,Sunny/Clear Conditions
48242,2021-04-14 09:20:00,40.73602,-73.98228,1,0,Driver Inattention/Distraction,4407322,19.7,5.4,0.0,0.0,0.0,0.0,3,20.8,39.6,227,Overcast,1,1,
48243,2021-04-14 12:12:00,40.840645,-73.84205,1,0,Turning Improperly,4407328,19.7,5.4,0.0,0.0,0.0,0.0,3,20.8,39.6,227,Overcast,1,1,
48244,2021-04-14 01:59:00,40.751545,-73.87085,1,0,Alcohol Involvement,4407378,19.7,5.4,0.0,0.0,0.0,0.0,3,20.8,39.6,227,Overcast,1,1,
48245,2021-04-14 12:28:00,40.80124,-73.94183,1,0,Following Too Closely,4407518,19.7,5.4,0.0,0.0,0.0,0.0,3,20.8,39.6,227,Overcast,1,1,
48246,2021-04-15 15:48:00,40.76151,-73.88361,1,0,Unspecified,4407600,12.9,7.7,15.9,15.9,0.0,15.0,63,17.3,32.0,166,Rain: Moderate,1,1,
48247,2021-04-15 17:10:00,40.75016,-73.90434,1,0,Driver Inattention/Distraction,4407617,12.9,7.7,15.9,15.9,0.0,15.0,63,17.3,32.0,166,Rain: Moderate,1,1,
48248,2021-04-15 03:45:00,40.758743,-73.89069,2,0,Driver Inattention/Distraction,4407667,12.9,7.7,15.9,15.9,0.0,15.0,63,17.3,32.0,166,Rain: Moderate,2,2,
48249,2021-04-09 23:30:00,40.757973,-73.897934,1,0,Driver Inexperience,4407709,13.4,5.7,0.0,0.0,0.0,0.0,3,15.7,33.8,146,Overcast,1,1,
48250,2021-04-14 17:50:00,40.677834,-73.88509,1,0,Unspecified,4407742,19.7,5.4,0.0,0.0,0.0,0.0,3,20.8,39.6,227,Overcast,1,1,
48251,2021-04-13 15:18:00,40.715385,-73.942825,1,0,Traffic Control Disregarded,4407810,18.3,5.8,4.5,4.5,0.0,5.0,61,14.5,28.1,17,Rain: Light,1,1,
48252,2021-04-16 13:00:00,40.749054,-73.95222,1,0,Driver Inattention/Distraction,4407835,11.8,3.7,2.9,2.9,0.0,12.0,53,23.5,49.0,307,Drizzle: Moderate,1,1,
48253,2021-04-17 00:40:00,40.764454,-73.8839,1,0,Driver Inexperience,4407916,11.8,4.9,0.3,0.3,0.0,2.0,51,17.1,32.4,313,Drizzle: Light,1,1,
48254,2021-04-17 11:40:00,40.696373,-73.74525,1,0,Driver Inattention/Distraction,4407939,11.8,4.9,0.3,0.3,0.0,2.0,51,17.1,32.4,313,Drizzle: Light,1,1,
48255,2021-04-17 15:20:00,40.755756,-73.96479,1,0,Driver Inattention/Distraction,4407983,11.8,4.9,0.3,0.3,0.0,2.0,51,17.1,32.4,313,Drizzle: Light,1,1,
48256,2021-04-18 11:20:00,40.59076,-73.80239,1,0,Pedestrian/Bicyclist/Other Pedestrian Error/Confusion,4408203,15.1,5.3,0.2,0.2,0.0,2.0,51,13.2,28.4,282,Drizzle: Light,1,1,
48257,2021-04-13 16:47:00,40.6871,-73.92989,2,0,Failure to Yield Right-of-Way,4408234,18.3,5.8,4.5,4.5,0.0,5.0,61,14.5,28.1,17,Rain: Light,2,2,
48258,2022-01-14 19:46:00,40.6603,-73.990166,0,0,Unspecified,4494598,5.0,-5.0,0.0,0.0,0.0,0.0,3,34.6,62.6,358,Overcast,0,0,
48259,2021-04-18 18:36:00,40.72703,-73.85392,1,0,Failure to Yield Right-of-Way,4408283,15.1,5.3,0.2,0.2,0.0,2.0,51,13.2,28.4,282,Drizzle: Light,1,1,
48260,2021-12-03 17:48:00,40.785294,-73.969345,1,0,Failure to Yield Right-of-Way,4494591,9.3,0.9,0.0,0.0,0.0,0.0,3,27.6,53.3,301,Overcast,1,1,
48261,2021-04-17 14:40:00,40.8222,-73.896736,1,0,Following Too Closely,4408320,11.8,4.9,0.3,0.3,0.0,2.0,51,17.1,32.4,313,Drizzle: Light,1,1,
48262,2021-04-18 19:50:00,40.877796,-73.86806,0,0,Unspecified,4408406,15.1,5.3,0.2,0.2,0.0,2.0,51,13.2,28.4,282,Drizzle: Light,0,0,
48263,2021-04-17 13:12:00,40.801918,-73.94344,1,0,Traffic Control Disregarded,4408503,11.8,4.9,0.3,0.3,0.0,2.0,51,17.1,32.4,313,Drizzle: Light,1,1,
48264,2021-04-17 17:50:00,40.799984,-73.944855,1,0,Passing Too Closely,4408507,11.8,4.9,0.3,0.3,0.0,2.0,51,17.1,32.4,313,Drizzle: Light,1,1,
48265,2021-04-17 22:55:00,40.81914,-73.93719,1,0,Driver Inattention/Distraction,4408527,11.8,4.9,0.3,0.3,0.0,2.0,51,17.1,32.4,313,Drizzle: Light,1,1,
48266,2021-04-12 10:35:00,40.61739,-73.99194,1,0,Driver Inattention/Distraction,4408537,8.7,6.7,13.6,13.6,0.0,21.0,61,23.4,42.1,51,Rain: Light,1,1,
48267,2021-04-18 14:55:00,40.80129,-73.9439,1,0,Driver Inattention/Distraction,4408544,15.1,5.3,0.2,0.2,0.0,2.0,51,13.2,28.4,282,Drizzle: Light,1,1,
48268,2021-04-18 19:40:00,40.858707,-73.9037,2,0,Unspecified,4408588,15.1,5.3,0.2,0.2,0.0,2.0,51,13.2,28.4,282,Drizzle: Light,2,2,
48269,2021-04-18 17:00:00,40.70299,-73.82519,1,0,Other Vehicular,4408606,15.1,5.3,0.2,0.2,0.0,2.0,51,13.2,28.4,282,Drizzle: Light,1,1,
48270,2021-04-19 09:35:00,40.741028,-73.93432,1,0,View Obstructed/Limited,4408610,16.9,5.0,0.0,0.0,0.0,0.0,3,14.7,31.0,214,Overcast,1,1,
48271,2021-04-19 17:00:00,40.608494,-73.97593,1,0,Traffic Control Disregarded,4408697,16.9,5.0,0.0,0.0,0.0,0.0,3,14.7,31.0,214,Overcast,1,1,
48272,2021-04-18 15:00:00,40.646225,-74.00916,1,0,Unspecified,4408703,15.1,5.3,0.2,0.2,0.0,2.0,51,13.2,28.4,282,Drizzle: Light,1,1,
48273,2021-04-19 22:38:00,40.687706,-73.82588,1,0,Failure to Yield Right-of-Way,4408719,16.9,5.0,0.0,0.0,0.0,0.0,3,14.7,31.0,214,Overcast,1,1,
48274,2021-04-12 22:50:00,40.755733,-73.90436,1,0,Failure to Yield Right-of-Way,4408781,8.7,6.7,13.6,13.6,0.0,21.0,61,23.4,42.1,51,Rain: Light,1,1,
48275,2021-04-15 09:45:00,40.77077,-73.91727,1,0,Unspecified,4408782,12.9,7.7,15.9,15.9,0.0,15.0,63,17.3,32.0,166,Rain: Moderate,1,1,
48276,2021-04-20 04:00:00,40.67173,-73.87926,1,0,Driver Inattention/Distraction,4408813,21.4,6.5,0.0,0.0,0.0,0.0,3,26.0,56.2,223,Overcast,1,1,
48277,2021-04-14 10:35:00,40.667824,-73.93122,1,0,Driver Inattention/Distraction,4409001,19.7,5.4,0.0,0.0,0.0,0.0,3,20.8,39.6,227,Overcast,1,1,
48278,2021-04-20 22:41:00,40.684513,-73.909386,1,0,Driver Inattention/Distraction,4409079,21.4,6.5,0.0,0.0,0.0,0.0,3,26.0,56.2,223,Overcast,1,1,
48279,2021-04-20 08:00:00,40.64485,-73.96002,1,0,Unspecified,4409139,21.4,6.5,0.0,0.0,0.0,0.0,3,26.0,56.2,223,Overcast,1,1,
48280,2021-04-20 14:15:00,40.845303,-73.847115,1,0,Unspecified,4409146,21.4,6.5,0.0,0.0,0.0,0.0,3,26.0,56.2,223,Overcast,1,1,
48281,2021-04-20 16:20:00,40.840446,-73.86692,1,0,Passing or Lane Usage Improper,4409316,21.4,6.5,0.0,0.0,0.0,0.0,3,26.0,56.2,223,Overcast,1,1,
48282,2021-04-22 02:35:00,40.70481,-73.93932,1,0,Failure to Yield Right-of-Way,4409407,7.9,1.3,0.0,0.0,0.0,0.0,3,34.0,64.4,289,Overcast,1,1,
48283,2021-04-21 16:00:00,40.6527,-73.956055,1,0,Driver Inattention/Distraction,4409413,18.2,3.7,3.7,3.7,0.0,3.0,63,29.9,59.0,256,Rain: Moderate,1,1,
48284,2021-04-17 20:20:00,40.739384,-74.00968,1,0,Driver Inattention/Distraction,4409513,11.8,4.9,0.3,0.3,0.0,2.0,51,17.1,32.4,313,Drizzle: Light,1,1,
48285,2021-04-22 17:50:00,40.741364,-73.92096,1,0,Driver Inattention/Distraction,4409674,7.9,1.3,0.0,0.0,0.0,0.0,3,34.0,64.4,289,Overcast,1,1,
48286,2021-04-23 00:00:00,40.76699,-73.88461,1,0,Driver Inattention/Distraction,4409969,15.5,2.0,0.0,0.0,0.0,0.0,3,28.7,57.2,273,Overcast,1,1,
48287,2021-04-23 18:45:00,40.71137,-74.00862,1,0,Unspecified,4410142,15.5,2.0,0.0,0.0,0.0,0.0,3,28.7,57.2,273,Overcast,1,1,
48288,2021-04-23 13:25:00,40.713085,-73.94415,1,0,Driver Inattention/Distraction,4410545,15.5,2.0,0.0,0.0,0.0,0.0,3,28.7,57.2,273,Overcast,1,1,
48289,2021-04-22 08:00:00,40.67834,-73.883316,1,0,Unspecified,4410646,7.9,1.3,0.0,0.0,0.0,0.0,3,34.0,64.4,289,Overcast,1,1,
48290,2021-04-21 18:47:00,40.66747,-73.9396,1,0,Pedestrian/Bicyclist/Other Pedestrian Error/Confusion,4410677,18.2,3.7,3.7,3.7,0.0,3.0,63,29.9,59.0,256,Rain: Moderate,1,1,
48291,2021-04-24 17:20:00,40.663853,-73.96107,1,0,Driver Inattention/Distraction,4410688,19.7,6.0,0.0,0.0,0.0,0.0,3,26.7,49.3,232,Overcast,1,1,
48292,2021-04-13 14:20:00,40.68348,-73.966896,1,0,Driver Inattention/Distraction,4410771,18.3,5.8,4.5,4.5,0.0,5.0,61,14.5,28.1,17,Rain: Light,1,1,
48293,2021-04-05 20:24:00,40.833588,-73.91498,1,0,Failure to Yield Right-of-Way,4410851,18.0,5.6,0.0,0.0,0.0,0.0,2,25.7,49.0,313,Partly cloudy,1,1,
48294,2021-04-25 17:00:00,40.709152,-74.01055,1,0,Passing or Lane Usage Improper,4410864,16.6,8.7,12.7,12.7,0.0,11.0,61,19.2,37.4,341,Rain: Light,1,1,
48295,2021-04-23 14:20:00,40.617382,-73.965744,1,0,Unspecified,4410929,15.5,2.0,0.0,0.0,0.0,0.0,3,28.7,57.2,273,Overcast,1,1,
48296,2021-04-27 04:05:00,40.708626,-73.94513,1,0,Traffic Control Disregarded,4410940,14.8,4.2,0.0,0.0,0.0,0.0,3,15.3,34.2,164,Overcast,1,1,
48297,2021-04-26 20:53:00,40.70731,-73.80425,1,0,Driver Inattention/Distraction,4410993,13.7,3.7,0.0,0.0,0.0,0.0,2,27.3,52.6,311,Partly cloudy,1,1,
48298,2021-04-26 11:39:00,40.76803,-73.87722,1,0,Driver Inattention/Distraction,4411038,13.7,3.7,0.0,0.0,0.0,0.0,2,27.3,52.6,311,Partly cloudy,1,1,
48299,2021-04-27 17:28:00,40.657425,-73.99751,1,0,Driver Inattention/Distraction,4411117,14.8,4.2,0.0,0.0,0.0,0.0,3,15.3,34.2,164,Overcast,1,1,
48300,2021-04-05 22:10:00,40.75927,-73.980896,1,0,Traffic Control Disregarded,4411220,18.0,5.6,0.0,0.0,0.0,0.0,2,25.7,49.0,313,Partly cloudy,1,1,
48301,2021-04-28 00:06:00,40.667023,-73.97484,1,0,Traffic Control Disregarded,4411226,26.1,7.9,0.0,0.0,0.0,0.0,3,15.3,34.6,133,Overcast,1,1,
48302,2021-04-23 21:00:00,40.72343,-73.98836,1,0,Failure to Yield Right-of-Way,4411241,15.5,2.0,0.0,0.0,0.0,0.0,3,28.7,57.2,273,Overcast,1,1,