,CRASH DATETIME,LATITUDE,LONGITUDE,NUMBER OF PERSONS INJURED,NUMBER OF PERSONS KILLED,CONTRIBUTING FACTOR VEHICLE 1,COLLISION_ID,temperature_2m_max,temperature_2m_min,precipitation_sum,rain_sum,snowfall_sum,precipitation_hours,weather_code,wind_speed_10m_max,wind_gusts_10m_max,wind_direction_10m_dominant,Weather Description,Severity_Score,Total_Affected_Persons,Weather_Category
48303,2021-04-26 17:38:00,40.7601,-73.98482,1,0,Unspecified,4411249,13.7,3.7,0.0,0.0,0.0,0.0,2,27.3,52.6,311,Partly cloudy,1,1,
48304,2021-04-13 13:56:00,40.688168,-73.92712,1,0,Driver Inattention/Distraction,4411365,18.3,5.8,4.5,4.5,0.0,5.0,61,14.5,28.1,17,Rain: Light,1,1,
48305,2021-04-28 22:20:00,40.87538,-73.886185,1,0,Pedestrian/Bicyclist/Other Pedestrian Error/Confusion,4411556,26.1,7.9,0.0,0.0,0.0,0.0,3,15.3,34.6,133,Overcast,1,1,
48306,2021-04-27 21:20:00,40.84764,-73.901,1,0,Traffic Control Disregarded,4411608,14.8,4.2,0.0,0.0,0.0,0.0,3,15.3,34.2,164,Overcast,1,1,
48307,2021-04-28 18:30:00,40.651108,-73.94283,1,0,Passing or Lane Usage Improper,4411676,26.1,7.9,0.0,0.0,0.0,0.0,3,15.3,34.6,133,Overcast,1,1,
48308,2021-04-22 20:20:00,40.84764,-73.901,1,0,Driver Inattention/Distraction,4411740,7.9,1.3,0.0,0.0,0.0,0.0,3,34.0,64.4,289,Overcast,1,1,
48309,2021-04-29 18:15:00,40.682587,-73.962616,1,0,Unspecified,4411794,22.5,12.9,3.8,3.8,0.0,9.0,53,25.6,50.8,199,Drizzle: Moderate,1,1,
48310,2021-04-28 19:36:00,40.84919,-73.91729,1,0,Unspecified,4411863,26.1,7.9,0.0,0.0,0.0,0.0,3,15.3,34.6,133,Overcast,1,1,
48311,2021-04-28 12:15:00,40.851444,-73.91185,1,0,Driver Inattention/Distraction,4411901,26.1,7.9,0.0,0.0,0.0,0.0,3,15.3,34.6,133,Overcast,1,1,
48312,2021-04-29 06:25:00,40.806973,-73.937645,2,0,Traffic Control Disregarded,4411922,22.5,12.9,3.8,3.8,0.0,9.0,53,25.6,50.8,199,Drizzle: Moderate,2,2,
48313,2021-04-30 14:50:00,40.71717,-73.83497,1,0,Driver Inattention/Distraction,4412063,19.9,7.6,0.4,0.4,0.0,4.0,51,36.9,82.1,289,Drizzle: Light,1,1,
48314,2021-04-30 13:50:00,40.88078,-73.88347,1,0,Turning Improperly,4412128,19.9,7.6,0.4,0.4,0.0,4.0,51,36.9,82.1,289,Drizzle: Light,1,1,
48315,2021-05-01 08:50:00,40.721947,-73.814445,1,0,Unspecified,4412137,17.3,5.0,0.0,0.0,0.0,0.0,3,31.7,63.4,302,Overcast,1,1,
48316,2021-05-01 06:25:00,40.697803,-73.969734,1,0,Other Vehicular,4412157,17.3,5.0,0.0,0.0,0.0,0.0,3,31.7,63.4,302,Overcast,1,1,
48317,2021-04-28 17:30:00,40.64545,-73.97311,1,0,Passing or Lane Usage Improper,4412378,26.1,7.9,0.0,0.0,0.0,0.0,3,15.3,34.6,133,Overcast,1,1,
48318,2021-05-02 14:53:00,40.627193,-73.965355,1,0,Driver Inattention/Distraction,4412491,26.3,11.3,0.0,0.0,0.0,0.0,3,23.0,43.9,251,Overcast,1,1,
48319,2021-05-02 21:00:00,40.74184,-73.88101,2,0,Pavement Slippery,4412700,26.3,11.3,0.0,0.0,0.0,0.0,3,23.0,43.9,251,Overcast,2,2,
48320,2021-04-26 18:50:00,40.816044,-73.91195,1,0,Unspecified,4412750,13.7,3.7,0.0,0.0,0.0,0.0,2,27.3,52.6,311,Partly cloudy,1,1,
48321,2021-05-02 17:52:00,40.70149,-73.95193,1,0,Other Vehicular,4412814,26.3,11.3,0.0,0.0,0.0,0.0,3,23.0,43.9,251,Overcast,1,1,
48322,2021-05-02 21:10:00,40.71671,-73.98917,1,0,Driver Inexperience,4413084,26.3,11.3,0.0,0.0,0.0,0.0,3,23.0,43.9,251,Overcast,1,1,
48323,2021-05-03 11:05:00,40.745476,-73.90446,1,0,Driver Inattention/Distraction,4413151,15.8,11.4,5.7,5.7,0.0,7.0,61,14.5,47.2,53,Rain: Light,1,1,
48324,2021-05-04 20:57:00,40.64504,-73.99963,1,0,Unspecified,4413294,22.2,11.1,13.2,13.2,0.0,6.0,63,18.9,42.8,74,Rain: Moderate,1,1,
48325,2021-05-03 14:20:00,40.7158,-73.824486,1,0,Driver Inattention/Distraction,4413296,15.8,11.4,5.7,5.7,0.0,7.0,61,14.5,47.2,53,Rain: Light,1,1,
48326,2021-05-04 15:59:00,40.868282,-73.90107,1,0,Failure to Yield Right-of-Way,4413312,22.2,11.1,13.2,13.2,0.0,6.0,63,18.9,42.8,74,Rain: Moderate,1,1,
48327,2021-05-04 11:25:00,40.657436,-73.94187,1,0,Driver Inattention/Distraction,4413333,22.2,11.1,13.2,13.2,0.0,6.0,63,18.9,42.8,74,Rain: Moderate,1,1,
48328,2021-05-04 16:10:00,40.6442,-73.96595,2,0,Unspecified,4413339,22.2,11.1,13.2,13.2,0.0,6.0,63,18.9,42.8,74,Rain: Moderate,2,2,
48329,2021-04-30 22:30:00,40.640133,-73.99757,1,0,Driver Inexperience,4413506,19.9,7.6,0.4,0.4,0.0,4.0,51,36.9,82.1,289,Drizzle: Light,1,1,
48330,2021-04-30 14:25:00,40.805595,-73.95819,1,0,Turning Improperly,4413620,19.9,7.6,0.4,0.4,0.0,4.0,51,36.9,82.1,289,Drizzle: Light,1,1,
48331,2021-05-05 12:20:00,40.750637,-73.94283,1,0,Driver Inattention/Distraction,4413625,15.1,10.8,9.9,9.9,0.0,17.0,61,21.5,42.5,23,Rain: Light,1,1,
48332,2021-04-22 10:00:00,40.749744,-73.884315,1,0,Unspecified,4413673,7.9,1.3,0.0,0.0,0.0,0.0,3,34.0,64.4,289,Overcast,1,1,
48333,2021-05-02 11:55:00,40.809692,-73.94409,1,0,Driver Inattention/Distraction,4413697,26.3,11.3,0.0,0.0,0.0,0.0,3,23.0,43.9,251,Overcast,1,1,
48334,2021-04-30 19:58:00,40.86177,-73.89868,1,0,Unsafe Speed,4413839,19.9,7.6,0.4,0.4,0.0,4.0,51,36.9,82.1,289,Drizzle: Light,1,1,
48335,2021-05-05 17:22:00,40.671524,-73.977715,1,0,Driver Inattention/Distraction,4413862,15.1,10.8,9.9,9.9,0.0,17.0,61,21.5,42.5,23,Rain: Light,1,1,
48336,2021-04-17 17:30:00,40.69426,-73.91036,1,0,Driver Inattention/Distraction,4413883,11.8,4.9,0.3,0.3,0.0,2.0,51,17.1,32.4,313,Drizzle: Light,1,1,
48337,2021-05-05 19:40:00,40.63837,-73.997665,1,0,Driver Inattention/Distraction,4413910,15.1,10.8,9.9,9.9,0.0,17.0,61,21.5,42.5,23,Rain: Light,1,1,
48338,2021-05-03 20:45:00,40.678543,-73.949684,1,0,Following Too Closely,4413952,15.8,11.4,5.7,5.7,0.0,7.0,61,14.5,47.2,53,Rain: Light,1,1,
48339,2021-05-03 15:05:00,40.62311,-73.96486,1,0,Passing or Lane Usage Improper,4413977,15.8,11.4,5.7,5.7,0.0,7.0,61,14.5,47.2,53,Rain: Light,1,1,
48340,2021-05-05 18:43:00,40.777973,-73.98216,1,0,Passing or Lane Usage Improper,4414068,15.1,10.8,9.9,9.9,0.0,17.0,61,21.5,42.5,23,Rain: Light,1,1,
48341,2021-05-02 10:30:00,40.678238,-73.94415,1,0,Driver Inattention/Distraction,4414085,26.3,11.3,0.0,0.0,0.0,0.0,3,23.0,43.9,251,Overcast,1,1,
48342,2021-05-06 16:15:00,40.855873,-73.79149,1,0,Turning Improperly,4414222,17.3,8.7,0.0,0.0,0.0,0.0,3,22.6,43.6,313,Overcast,1,1,
48343,2021-05-02 14:39:00,40.70657,-73.75464,1,0,Failure to Yield Right-of-Way,4414251,26.3,11.3,0.0,0.0,0.0,0.0,3,23.0,43.9,251,Overcast,1,1,
48344,2021-05-07 00:00:00,40.610504,-73.95767,1,0,Unspecified,4414404,16.4,7.7,0.0,0.0,0.0,0.0,3,15.8,32.4,73,Overcast,1,1,
48345,2021-05-06 21:40:00,40.86786,-73.84123,1,0,Passing or Lane Usage Improper,4414590,17.3,8.7,0.0,0.0,0.0,0.0,3,22.6,43.6,313,Overcast,1,1,
48346,2021-05-06 17:10:00,40.832115,-73.89889,1,0,Unspecified,4414870,17.3,8.7,0.0,0.0,0.0,0.0,3,22.6,43.6,313,Overcast,1,1,
48347,2021-05-07 23:50:00,40.757336,-73.86849,2,0,Failure to Yield Right-of-Way,4414957,16.4,7.7,0.0,0.0,0.0,0.0,3,15.8,32.4,73,Overcast,2,2,
48348,2021-04-17 08:04:00,40.70277,-73.82608,1,0,Failure to Yield Right-of-Way,4414984,11.8,4.9,0.3,0.3,0.0,2.0,51,17.1,32.4,313,Drizzle: Light,1,1,
48349,2021-05-10 02:36:00,40.585934,-73.9519,1,0,Unspecified,4414989,14.9,8.3,3.3,3.3,0.0,7.0,55,18.8,58.3,339,Drizzle: Dense,1,1,
48350,2021-05-06 22:20:00,40.838497,-73.86366,1,0,Unspecified,4414997,17.3,8.7,0.0,0.0,0.0,0.0,3,22.6,43.6,313,Overcast,1,1,
48351,2021-05-10 05:30:00,40.73661,-73.81473,1,0,Driver Inattention/Distraction,4415003,14.9,8.3,3.3,3.3,0.0,7.0,55,18.8,58.3,339,Drizzle: Dense,1,1,
48352,2021-05-07 19:00:00,40.86155,-73.92472,1,0,Failure to Yield Right-of-Way,4415026,16.4,7.7,0.0,0.0,0.0,0.0,3,15.8,32.4,73,Overcast,1,1,
48353,2021-05-09 16:00:00,40.651466,-73.93618,1,0,Driver Inattention/Distraction,4415173,16.7,5.8,8.6,8.6,0.0,8.0,61,18.9,38.9,250,Rain: Light,1,1,
48354,2021-05-08 16:22:00,40.69808,-73.92536,2,0,Driver Inattention/Distraction,4415175,11.6,7.7,4.3,4.3,0.0,9.0,61,17.5,36.4,140,Rain: Light,2,2,
48355,2021-05-09 20:16:00,40.69821,-73.92406,1,0,Other Vehicular,4415183,16.7,5.8,8.6,8.6,0.0,8.0,61,18.9,38.9,250,Rain: Light,1,1,
48356,2021-05-11 02:15:00,40.66885,-73.91635,1,0,Unspecified,4415237,16.7,8.2,0.0,0.0,0.0,0.0,3,27.0,51.1,292,Overcast,1,1,
48357,2021-05-09 14:00:00,40.58848,-73.991875,1,0,Turning Improperly,4415239,16.7,5.8,8.6,8.6,0.0,8.0,61,18.9,38.9,250,Rain: Light,1,1,
48358,2021-05-11 03:50:00,40.744804,-73.86173,1,0,Unspecified,4415249,16.7,8.2,0.0,0.0,0.0,0.0,3,27.0,51.1,292,Overcast,1,1,
48359,2021-05-10 16:10:00,40.68064,-73.95338,1,0,Failure to Yield Right-of-Way,4415375,14.9,8.3,3.3,3.3,0.0,7.0,55,18.8,58.3,339,Drizzle: Dense,1,1,
48360,2022-01-13 13:20:00,40.68619,-73.87622,0,0,Unspecified,4494393,7.1,-3.7,0.0,0.0,0.0,0.0,3,9.7,18.7,193,Overcast,0,0,
48361,2021-05-10 16:45:00,40.825912,-73.857124,1,0,Unspecified,4415405,14.9,8.3,3.3,3.3,0.0,7.0,55,18.8,58.3,339,Drizzle: Dense,1,1,
48362,2021-05-09 23:10:00,40.794285,-73.95112,1,0,Unsafe Speed,4415409,16.7,5.8,8.6,8.6,0.0,8.0,61,18.9,38.9,250,Rain: Light,1,1,
48363,2021-05-10 15:15:00,40.815845,-73.89544,1,0,Unspecified,4415425,14.9,8.3,3.3,3.3,0.0,7.0,55,18.8,58.3,339,Drizzle: Dense,1,1,
48364,2021-05-08 16:55:00,40.646294,-74.019844,1,0,Unspecified,4415445,11.6,7.7,4.3,4.3,0.0,9.0,61,17.5,36.4,140,Rain: Light,1,1,
48365,2021-05-11 22:00:00,40.74918,-73.869286,1,0,Failure to Yield Right-of-Way,4415674,16.7,8.2,0.0,0.0,0.0,0.0,3,27.0,51.1,292,Overcast,1,1,
48366,2022-01-13 06:05:00,40.77039,-73.91771,0,0,Other Vehicular,4494129,7.1,-3.7,0.0,0.0,0.0,0.0,3,9.7,18.7,193,Overcast,0,0,
48367,2021-05-10 22:50:00,40.833843,-73.9385,2,0,Unsafe Lane Changing,4415708,14.9,8.3,3.3,3.3,0.0,7.0,55,18.8,58.3,339,Drizzle: Dense,2,2,
48368,2021-05-11 22:43:00,40.63948,-74.016174,1,0,Unsafe Speed,4415734,16.7,8.2,0.0,0.0,0.0,0.0,3,27.0,51.1,292,Overcast,1,1,
48369,2021-05-12 18:40:00,40.80719,-73.92431,2,0,Unspecified,4415972,17.9,5.8,0.0,0.0,0.0,0.0,2,20.0,41.0,317,Partly cloudy,2,2,
48370,2021-05-08 18:45:00,40.761223,-73.9238,1,0,Unspecified,4415982,11.6,7.7,4.3,4.3,0.0,9.0,61,17.5,36.4,140,Rain: Light,1,1,
48371,2021-05-12 05:20:00,40.676487,-73.82133,1,0,Failure to Yield Right-of-Way,4416085,17.9,5.8,0.0,0.0,0.0,0.0,2,20.0,41.0,317,Partly cloudy,1,1,
48372,2021-05-09 13:13:00,40.855045,-73.89045,1,0,Driver Inattention/Distraction,4416121,16.7,5.8,8.6,8.6,0.0,8.0,61,18.9,38.9,250,Rain: Light,1,1,
48373,2021-05-13 11:59:00,40.744778,-73.97589,1,0,Driver Inattention/Distraction,4416158,19.1,7.2,0.0,0.0,0.0,0.0,1,15.8,27.4,315,Mainly clear,1,1,Sunny/Clear Conditions
48374,2021-05-08 23:21:00,40.807343,-73.94445,1,0,Unspecified,4416218,11.6,7.7,4.3,4.3,0.0,9.0,61,17.5,36.4,140,Rain: Light,1,1,
48375,2021-05-13 23:30:00,40.767117,-73.956505,1,0,Traffic Control Disregarded,4416299,19.1,7.2,0.0,0.0,0.0,0.0,1,15.8,27.4,315,Mainly clear,1,1,Sunny/Clear Conditions
48376,2021-05-14 09:22:00,40.595715,-73.96508,1,0,Driver Inattention/Distraction,4416406,21.6,7.5,0.0,0.0,0.0,0.0,2,14.3,25.2,276,Partly cloudy,1,1,
48377,2021-05-13 18:22:00,40.730946,-73.84859,1,0,Driver Inattention/Distraction,4416519,19.1,7.2,0.0,0.0,0.0,0.0,1,15.8,27.4,315,Mainly clear,1,1,Sunny/Clear Conditions
48378,2021-05-14 16:10:00,40.739574,-73.892235,1,0,Driver Inattention/Distraction,4416533,21.6,7.5,0.0,0.0,0.0,0.0,2,14.3,25.2,276,Partly cloudy,1,1,
48379,2021-05-13 18:28:00,40.861347,-73.897736,1,0,Unsafe Speed,4416591,19.1,7.2,0.0,0.0,0.0,0.0,1,15.8,27.4,315,Mainly clear,1,1,Sunny/Clear Conditions
48380,2021-05-15 17:59:00,40.79722,-73.96993,2,0,Other Vehicular,4416652,22.4,8.7,0.0,0.0,0.0,0.0,3,12.5,23.8,229,Overcast,2,2,
48381,2021-05-14 21:48:00,40.63497,-73.9682,1,0,Failure to Yield Right-of-Way,4416701,21.6,7.5,0.0,0.0,0.0,0.0,2,14.3,25.2,276,Partly cloudy,1,1,
48382,2021-05-15 21:30:00,40.63962,-73.95477,1,0,Traffic Control Disregarded,4416702,22.4,8.7,0.0,0.0,0.0,0.0,3,12.5,23.8,229,Overcast,1,1,
48383,2021-05-14 16:15:00,40.610844,-73.991776,1,0,Driver Inattention/Distraction,4416722,21.6,7.5,0.0,0.0,0.0,0.0,2,14.3,25.2,276,Partly cloudy,1,1,
48384,2021-05-15 09:30:00,40.75386,-73.980606,1,0,Driver Inattention/Distraction,4416764,22.4,8.7,0.0,0.0,0.0,0.0,3,12.5,23.8,229,Overcast,1,1,
48385,2021-05-14 15:30:00,40.748146,-73.983894,1,0,Driver Inattention/Distraction,4416768,21.6,7.5,0.0,0.0,0.0,0.0,2,14.3,25.2,276,Partly cloudy,1,1,
48386,2021-05-15 08:15:00,0.0,0.0,1,0,Unsafe Speed,4416826,22.4,8.7,0.0,0.0,0.0,0.0,3,12.5,23.8,229,Overcast,1,1,
48387,2021-05-02 14:48:00,40.7959,-73.938576,1,0,Failure to Yield Right-of-Way,4416974,26.3,11.3,0.0,0.0,0.0,0.0,3,23.0,43.9,251,Overcast,1,1,
48388,2021-05-15 14:40:00,40.806705,-73.952866,1,0,Driver Inattention/Distraction,4417015,22.4,8.7,0.0,0.0,0.0,0.0,3,12.5,23.8,229,Overcast,1,1,
48389,2021-05-14 15:05:00,40.680676,-73.91404,1,0,Driver Inattention/Distraction,4417068,21.6,7.5,0.0,0.0,0.0,0.0,2,14.3,25.2,276,Partly cloudy,1,1,
48390,2021-05-16 22:05:00,40.811733,-73.9267,7,0,Aggressive Driving/Road Rage,4417189,22.3,10.7,0.1,0.1,0.0,1.0,51,23.8,46.1,261,Drizzle: Light,7,7,
48391,2021-05-16 18:57:00,40.67258,-73.89122,1,0,Traffic Control Disregarded,4417215,22.3,10.7,0.1,0.1,0.0,1.0,51,23.8,46.1,261,Drizzle: Light,1,1,
48392,2021-05-09 15:00:00,40.82378,-73.836426,1,0,Turning Improperly,4417246,16.7,5.8,8.6,8.6,0.0,8.0,61,18.9,38.9,250,Rain: Light,1,1,
48393,2021-05-16 22:29:00,40.705967,-73.96691,1,0,Unsafe Speed,4417247,22.3,10.7,0.1,0.1,0.0,1.0,51,23.8,46.1,261,Drizzle: Light,1,1,
48394,2021-05-16 22:28:00,40.724335,-73.94909,1,0,Driver Inattention/Distraction,4417265,22.3,10.7,0.1,0.1,0.0,1.0,51,23.8,46.1,261,Drizzle: Light,1,1,
48395,2021-05-15 12:15:00,40.757584,-73.886696,1,0,Failure to Yield Right-of-Way,4417317,22.4,8.7,0.0,0.0,0.0,0.0,3,12.5,23.8,229,Overcast,1,1,
48396,2021-05-15 22:22:00,40.797943,-73.94003,1,0,Unspecified,4417356,22.4,8.7,0.0,0.0,0.0,0.0,3,12.5,23.8,229,Overcast,1,1,
48397,2021-05-17 08:20:00,40.76381,-73.82872,1,0,Traffic Control Disregarded,4417380,22.9,9.7,0.0,0.0,0.0,0.0,3,17.7,36.0,224,Overcast,1,1,
48398,2021-05-13 02:30:00,40.701775,-73.80794,1,0,Unsafe Speed,4417406,19.1,7.2,0.0,0.0,0.0,0.0,1,15.8,27.4,315,Mainly clear,1,1,Sunny/Clear Conditions
48399,2021-05-17 14:40:00,40.65067,-73.95248,1,0,Following Too Closely,4417483,22.9,9.7,0.0,0.0,0.0,0.0,3,17.7,36.0,224,Overcast,1,1,
48400,2021-05-13 02:20:00,40.84477,-73.846565,1,0,Driver Inattention/Distraction,4417505,19.1,7.2,0.0,0.0,0.0,0.0,1,15.8,27.4,315,Mainly clear,1,1,Sunny/Clear Conditions
48401,2021-05-12 22:47:00,40.668358,-73.95592,1,0,Failure to Yield Right-of-Way,4417590,17.9,5.8,0.0,0.0,0.0,0.0,2,20.0,41.0,317,Partly cloudy,1,1,
48402,2021-05-17 12:00:00,40.635685,-74.012955,1,0,Failure to Yield Right-of-Way,4417707,22.9,9.7,0.0,0.0,0.0,0.0,3,17.7,36.0,224,Overcast,1,1,
48403,2021-05-16 14:03:00,40.84247,-73.85335,1,0,Driver Inattention/Distraction,4417721,22.3,10.7,0.1,0.1,0.0,1.0,51,23.8,46.1,261,Drizzle: Light,1,1,
48404,2021-05-14 21:30:00,40.633865,-73.919815,2,0,Driver Inattention/Distraction,4417790,21.6,7.5,0.0,0.0,0.0,0.0,2,14.3,25.2,276,Partly cloudy,2,2,
48405,2021-05-14 08:15:00,40.74833,-73.98433,1,0,Unspecified,4417820,21.6,7.5,0.0,0.0,0.0,0.0,2,14.3,25.2,276,Partly cloudy,1,1,
48406,2021-05-11 00:00:00,40.757103,-73.9862,1,0,Driver Inattention/Distraction,4417822,16.7,8.2,0.0,0.0,0.0,0.0,3,27.0,51.1,292,Overcast,1,1,
48407,2021-04-23 20:06:00,40.676292,-73.92484,1,0,Driver Inattention/Distraction,4417883,15.5,2.0,0.0,0.0,0.0,0.0,3,28.7,57.2,273,Overcast,1,1,
48408,2021-05-03 00:51:00,40.67561,-73.941025,1,0,Turning Improperly,4417885,15.8,11.4,5.7,5.7,0.0,7.0,61,14.5,47.2,53,Rain: Light,1,1,
48409,2021-05-18 15:51:00,40.593006,-73.7934,1,0,Failure to Yield Right-of-Way,4417932,26.1,11.2,0.0,0.0,0.0,0.0,3,15.5,29.2,262,Overcast,1,1,
48410,2021-05-18 21:15:00,40.74273,-73.95412,1,0,Driver Inattention/Distraction,4417937,26.1,11.2,0.0,0.0,0.0,0.0,3,15.5,29.2,262,Overcast,1,1,
48411,2021-05-17 16:45:00,40.672073,-73.91135,1,0,Driver Inattention/Distraction,4417987,22.9,9.7,0.0,0.0,0.0,0.0,3,17.7,36.0,224,Overcast,1,1,
48412,2021-05-18 18:25:00,40.68016,-73.893196,2,0,Driver Inattention/Distraction,4418041,26.1,11.2,0.0,0.0,0.0,0.0,3,15.5,29.2,262,Overcast,2,2,
48413,2021-05-18 02:50:00,40.84107,-73.93605,1,0,Steering Failure,4418078,26.1,11.2,0.0,0.0,0.0,0.0,3,15.5,29.2,262,Overcast,1,1,
48414,2021-05-18 23:35:00,40.685028,-73.94135,1,0,Driver Inattention/Distraction,4418133,26.1,11.2,0.0,0.0,0.0,0.0,3,15.5,29.2,262,Overcast,1,1,
48415,2021-05-18 12:51:00,40.76122,-73.93056,1,0,Unspecified,4418162,26.1,11.2,0.0,0.0,0.0,0.0,3,15.5,29.2,262,Overcast,1,1,
48416,2021-05-18 20:59:00,40.8854,-73.84852,1,0,Driver Inattention/Distraction,4418207,26.1,11.2,0.0,0.0,0.0,0.0,3,15.5,29.2,262,Overcast,1,1,
48417,2021-05-07 18:30:00,40.599335,-73.99412,1,0,Driver Inattention/Distraction,4418224,16.4,7.7,0.0,0.0,0.0,0.0,3,15.8,32.4,73,Overcast,1,1,
48418,2021-05-19 13:40:00,40.82998,-73.882385,1,0,Passing or Lane Usage Improper,4418233,28.2,13.6,0.0,0.0,0.0,0.0,3,19.6,40.3,337,Overcast,1,1,
48419,2021-05-20 01:31:00,40.745327,-73.922066,2,0,Driver Inattention/Distraction,4418338,22.2,12.5,0.0,0.0,0.0,0.0,3,19.0,38.2,147,Overcast,2,2,
48420,2021-05-20 00:01:00,40.73988,-73.92431,2,0,Driver Inattention/Distraction,4418350,22.2,12.5,0.0,0.0,0.0,0.0,3,19.0,38.2,147,Overcast,2,2,
48421,2021-05-19 12:28:00,40.810253,-73.91434,1,0,Traffic Control Disregarded,4418355,28.2,13.6,0.0,0.0,0.0,0.0,3,19.6,40.3,337,Overcast,1,1,
48422,2021-05-19 13:15:00,40.832733,-73.89802,1,0,Passing or Lane Usage Improper,4418431,28.2,13.6,0.0,0.0,0.0,0.0,3,19.6,40.3,337,Overcast,1,1,
48423,2021-05-20 08:00:00,40.667847,-73.99404,1,0,Failure to Yield Right-of-Way,4418564,22.2,12.5,0.0,0.0,0.0,0.0,3,19.0,38.2,147,Overcast,1,1,
48424,2021-05-19 22:40:00,40.811874,-73.95736,2,0,Passing or Lane Usage Improper,4418570,28.2,13.6,0.0,0.0,0.0,0.0,3,19.6,40.3,337,Overcast,2,2,
48425,2021-05-19 23:00:00,40.823845,-73.896866,1,0,Failure to Yield Right-of-Way,4418610,28.2,13.6,0.0,0.0,0.0,0.0,3,19.6,40.3,337,Overcast,1,1,
48426,2021-05-09 02:24:00,40.677338,-73.927536,1,0,Driver Inattention/Distraction,4418627,16.7,5.8,8.6,8.6,0.0,8.0,61,18.9,38.9,250,Rain: Light,1,1,
48427,2021-05-14 12:45:00,40.607323,-73.97271,1,0,Unspecified,4418882,21.6,7.5,0.0,0.0,0.0,0.0,2,14.3,25.2,276,Partly cloudy,1,1,
48428,2021-05-14 01:35:00,40.823315,-73.94901,1,0,Driver Inattention/Distraction,4418971,21.6,7.5,0.0,0.0,0.0,0.0,2,14.3,25.2,276,Partly cloudy,1,1,
48429,2021-05-22 00:02:00,40.655846,-73.94316,1,0,Traffic Control Disregarded,4419025,30.5,16.5,0.0,0.0,0.0,0.0,3,19.1,36.4,299,Overcast,1,1,
48430,2021-05-21 19:00:00,40.808624,-73.921776,1,0,Unspecified,4419034,23.9,11.3,0.0,0.0,0.0,0.0,3,19.2,38.5,174,Overcast,1,1,
48431,2021-05-22 01:25:00,40.82406,-73.8998,1,0,Turning Improperly,4419182,30.5,16.5,0.0,0.0,0.0,0.0,3,19.1,36.4,299,Overcast,1,1,
48432,2021-05-20 01:20:00,40.670956,-73.91107,1,0,Unspecified,4419218,22.2,12.5,0.0,0.0,0.0,0.0,3,19.0,38.2,147,Overcast,1,1,
48433,2021-05-23 07:30:00,40.753895,-73.79827,1,0,Failure to Yield Right-of-Way,4419224,31.4,19.8,0.0,0.0,0.0,0.0,3,28.5,54.4,322,Overcast,1,1,
48434,2021-05-23 00:10:00,40.656307,-73.99868,1,0,Following Too Closely,4419277,31.4,19.8,0.0,0.0,0.0,0.0,3,28.5,54.4,322,Overcast,1,1,
48435,2021-05-22 18:55:00,40.777958,-73.90847,1,0,Driver Inattention/Distraction,4419305,30.5,16.5,0.0,0.0,0.0,0.0,3,19.1,36.4,299,Overcast,1,1,
48436,2021-05-20 22:46:00,40.68174,-73.95859,1,0,Passing or Lane Usage Improper,4419339,22.2,12.5,0.0,0.0,0.0,0.0,3,19.0,38.2,147,Overcast,1,1,
48437,2021-05-22 18:00:00,40.88042,-73.84427,1,0,Driver Inattention/Distraction,4419350,30.5,16.5,0.0,0.0,0.0,0.0,3,19.1,36.4,299,Overcast,1,1,
48438,2021-05-22 16:56:00,40.690666,-73.98537,1,0,Passing or Lane Usage Improper,4419377,30.5,16.5,0.0,0.0,0.0,0.0,3,19.1,36.4,299,Overcast,1,1,
48439,2021-05-21 18:30:00,40.841496,-73.92486,1,0,Driver Inattention/Distraction,4419454,23.9,11.3,0.0,0.0,0.0,0.0,3,19.2,38.5,174,Overcast,1,1,
48440,2021-05-22 16:10:00,40.745285,-73.884186,1,0,Unspecified,4419507,30.5,16.5,0.0,0.0,0.0,0.0,3,19.1,36.4,299,Overcast,1,1,
48441,2021-05-20 06:27:00,40.691864,-73.83579,1,0,Pedestrian/Bicyclist/Other Pedestrian Error/Confusion,4419609,22.2,12.5,0.0,0.0,0.0,0.0,3,19.0,38.2,147,Overcast,1,1,
48442,2021-05-21 14:30:00,40.609207,-73.96419,1,0,Pavement Defective,4419630,23.9,11.3,0.0,0.0,0.0,0.0,3,19.2,38.5,174,Overcast,1,1,
48443,2021-05-22 15:00:00,40.60817,-73.96745,1,0,Unspecified,4419649,30.5,16.5,0.0,0.0,0.0,0.0,3,19.1,36.4,299,Overcast,1,1,
48444,2021-05-11 03:30:00,40.696358,-73.93414,1,0,Failure to Yield Right-of-Way,4420017,16.7,8.2,0.0,0.0,0.0,0.0,3,27.0,51.1,292,Overcast,1,1,
48445,2021-05-24 15:30:00,40.854904,-73.89645,1,0,Passing or Lane Usage Improper,4420205,18.9,13.7,0.0,0.0,0.0,0.0,3,22.4,44.3,126,Overcast,1,1,
48446,2021-04-29 12:27:00,40.727192,-73.89328,1,0,Driver Inattention/Distraction,4420260,22.5,12.9,3.8,3.8,0.0,9.0,53,25.6,50.8,199,Drizzle: Moderate,1,1,
48447,2021-05-10 18:45:00,40.81572,-73.925064,1,0,Failure to Yield Right-of-Way,4420431,14.9,8.3,3.3,3.3,0.0,7.0,55,18.8,58.3,339,Drizzle: Dense,1,1,