,CRASH DATETIME,LATITUDE,LONGITUDE,NUMBER OF PERSONS INJURED,NUMBER OF PERSONS KILLED,CONTRIBUTING FACTOR VEHICLE 1,COLLISION_ID,temperature_2m_max,temperature_2m_min,precipitation_sum,rain_sum,snowfall_sum,precipitation_hours,weather_code,wind_speed_10m_max,wind_gusts_10m_max,wind_direction_10m_dominant,Weather Description,Severity_Score,Total_Affected_Persons,Weather_Category
48448,2021-05-19 15:50:00,40.61021,-74.13326,1,0,Brakes Defective,4420497,28.2,13.6,0.0,0.0,0.0,0.0,3,19.6,40.3,337,Overcast,1,1,
48449,2021-05-25 18:38:00,40.825924,-73.85705,1,0,Unspecified,4420518,21.9,13.0,0.0,0.0,0.0,0.0,3,24.3,47.9,182,Overcast,1,1,
48450,2021-05-25 18:00:00,40.87167,-73.8486,1,0,Failure to Yield Right-of-Way,4420664,21.9,13.0,0.0,0.0,0.0,0.0,3,24.3,47.9,182,Overcast,1,1,
48451,2021-05-23 17:45:00,40.621563,-73.939125,0,0,Passing or Lane Usage Improper,4420671,31.4,19.8,0.0,0.0,0.0,0.0,3,28.5,54.4,322,Overcast,0,0,
48452,2021-05-26 20:35:00,40.689507,-73.97014,1,0,Traffic Control Disregarded,4420697,29.5,17.4,0.1,0.1,0.0,1.0,51,23.4,45.7,210,Drizzle: Light,1,1,
48453,2021-05-26 21:40:00,40.814766,-73.918755,1,0,Driver Inexperience,4420741,29.5,17.4,0.1,0.1,0.0,1.0,51,23.4,45.7,210,Drizzle: Light,1,1,
48454,2021-05-25 22:10:00,40.821384,-73.95415,1,0,Passing or Lane Usage Improper,4420742,21.9,13.0,0.0,0.0,0.0,0.0,3,24.3,47.9,182,Overcast,1,1,
48455,2021-05-23 09:15:00,40.776657,-73.827415,0,0,Passing or Lane Usage Improper,4420745,31.4,19.8,0.0,0.0,0.0,0.0,3,28.5,54.4,322,Overcast,0,0,
48456,2021-05-26 20:40:00,40.700012,-73.93607,1,0,Driver Inattention/Distraction,4420784,29.5,17.4,0.1,0.1,0.0,1.0,51,23.4,45.7,210,Drizzle: Light,1,1,
48457,2021-05-26 14:40:00,40.59997,-73.761665,1,0,Failure to Yield Right-of-Way,4420881,29.5,17.4,0.1,0.1,0.0,1.0,51,23.4,45.7,210,Drizzle: Light,1,1,
48458,2021-05-27 01:42:00,40.806408,-73.94016,1,0,Traffic Control Disregarded,4420892,27.4,18.3,2.4,2.4,0.0,3.0,61,23.5,42.1,313,Rain: Light,1,1,
48459,2021-05-21 12:40:00,40.692646,-73.85705,1,0,Driver Inexperience,4420910,23.9,11.3,0.0,0.0,0.0,0.0,3,19.2,38.5,174,Overcast,1,1,
48460,2021-05-26 16:43:00,40.82832,-73.88281,1,0,Unspecified,4420922,29.5,17.4,0.1,0.1,0.0,1.0,51,23.4,45.7,210,Drizzle: Light,1,1,
48461,2021-05-27 00:14:00,40.87514,-73.85123,4,0,Alcohol Involvement,4420934,27.4,18.3,2.4,2.4,0.0,3.0,61,23.5,42.1,313,Rain: Light,4,4,
48462,2021-05-25 22:05:00,40.710556,-73.99415,1,0,Driver Inattention/Distraction,4421006,21.9,13.0,0.0,0.0,0.0,0.0,3,24.3,47.9,182,Overcast,1,1,
48463,2021-05-21 23:14:00,40.670116,-73.92248,1,0,Driver Inattention/Distraction,4421022,23.9,11.3,0.0,0.0,0.0,0.0,3,19.2,38.5,174,Overcast,1,1,
48464,2021-05-27 12:30:00,40.677338,-73.927536,1,0,Pedestrian/Bicyclist/Other Pedestrian Error/Confusion,4421073,27.4,18.3,2.4,2.4,0.0,3.0,61,23.5,42.1,313,Rain: Light,1,1,
48465,2021-05-22 00:00:00,40.685947,-73.80224,1,0,Driver Inattention/Distraction,4421128,30.5,16.5,0.0,0.0,0.0,0.0,3,19.1,36.4,299,Overcast,1,1,
48466,2021-05-27 20:15:00,40.68888,-73.960014,1,0,Driver Inattention/Distraction,4421138,27.4,18.3,2.4,2.4,0.0,3.0,61,23.5,42.1,313,Rain: Light,1,1,
48467,2021-05-26 13:01:00,40.743755,-73.87926,1,0,Driver Inattention/Distraction,4421233,29.5,17.4,0.1,0.1,0.0,1.0,51,23.4,45.7,210,Drizzle: Light,1,1,
48468,2021-05-26 18:18:00,40.744263,-73.876755,1,0,Passing or Lane Usage Improper,4421239,29.5,17.4,0.1,0.1,0.0,1.0,51,23.4,45.7,210,Drizzle: Light,1,1,
48469,2021-05-27 16:17:00,40.83413,-73.87475,1,0,Failure to Yield Right-of-Way,4421263,27.4,18.3,2.4,2.4,0.0,3.0,61,23.5,42.1,313,Rain: Light,1,1,
48470,2021-05-28 04:00:00,40.839798,-73.873604,2,0,Pavement Defective,4421286,19.4,10.6,25.0,25.0,0.0,8.0,63,25.6,47.9,62,Rain: Moderate,2,2,
48471,2021-05-26 18:08:00,40.727432,-73.90713,0,0,Following Too Closely,4421460,29.5,17.4,0.1,0.1,0.0,1.0,51,23.4,45.7,210,Drizzle: Light,0,0,
48472,2021-05-16 21:21:00,40.73437,-73.89602,1,0,Driver Inexperience,4421464,22.3,10.7,0.1,0.1,0.0,1.0,51,23.8,46.1,261,Drizzle: Light,1,1,
48473,2021-05-21 00:00:00,40.755405,-73.97949,1,0,Pedestrian/Bicyclist/Other Pedestrian Error/Confusion,4421722,23.9,11.3,0.0,0.0,0.0,0.0,3,19.2,38.5,174,Overcast,1,1,
48474,2021-05-16 00:00:00,40.727432,-73.90713,1,0,Driver Inattention/Distraction,4421739,22.3,10.7,0.1,0.1,0.0,1.0,51,23.8,46.1,261,Drizzle: Light,1,1,
48475,2021-05-27 04:32:00,40.69203,-73.94565,1,0,Driver Inattention/Distraction,4421774,27.4,18.3,2.4,2.4,0.0,3.0,61,23.5,42.1,313,Rain: Light,1,1,
48476,2021-05-25 13:30:00,40.66911,-73.93946,1,0,Driver Inattention/Distraction,4421806,21.9,13.0,0.0,0.0,0.0,0.0,3,24.3,47.9,182,Overcast,1,1,
48477,2021-05-28 20:00:00,40.820515,-73.930695,0,1,Pedestrian/Bicyclist/Other Pedestrian Error/Confusion,4421887,19.4,10.6,25.0,25.0,0.0,8.0,63,25.6,47.9,62,Rain: Moderate,20,1,
48478,2021-05-28 19:10:00,40.74188,-73.85989,1,0,Driver Inattention/Distraction,4421938,19.4,10.6,25.0,25.0,0.0,8.0,63,25.6,47.9,62,Rain: Moderate,1,1,
48479,2021-05-30 01:05:00,40.66015,-73.85333,3,0,Reaction to Uninvolved Vehicle,4422012,11.5,8.5,13.7,13.7,0.0,24.0,61,28.1,52.2,22,Rain: Light,3,3,
48480,2021-05-27 19:40:00,40.71015,-73.96302,1,0,Passing or Lane Usage Improper,4422104,27.4,18.3,2.4,2.4,0.0,3.0,61,23.5,42.1,313,Rain: Light,1,1,
48481,2021-05-19 09:16:00,40.620296,-73.96142,1,0,Unspecified,4422121,28.2,13.6,0.0,0.0,0.0,0.0,3,19.6,40.3,337,Overcast,1,1,
48482,2021-05-28 15:30:00,40.81768,-73.90406,1,0,Unspecified,4422131,19.4,10.6,25.0,25.0,0.0,8.0,63,25.6,47.9,62,Rain: Moderate,1,1,
48483,2021-05-27 09:10:00,40.801285,-73.95394,1,0,Unspecified,4422605,27.4,18.3,2.4,2.4,0.0,3.0,61,23.5,42.1,313,Rain: Light,1,1,
48484,2021-05-31 13:26:00,40.8188,-73.95603,1,0,Unspecified,4422619,20.3,9.3,0.7,0.7,0.0,5.0,51,20.9,40.7,318,Drizzle: Light,1,1,
48485,2021-06-01 14:48:00,40.818268,-73.86998,1,0,Driver Inattention/Distraction,4422629,23.5,9.7,0.0,0.0,0.0,0.0,3,17.6,32.0,221,Overcast,1,1,
48486,2021-06-01 17:25:00,40.69313,-73.96984,1,0,Unspecified,4422660,23.5,9.7,0.0,0.0,0.0,0.0,3,17.6,32.0,221,Overcast,1,1,
48487,2021-06-01 10:42:00,40.747276,-73.989624,1,0,Pedestrian/Bicyclist/Other Pedestrian Error/Confusion,4422671,23.5,9.7,0.0,0.0,0.0,0.0,3,17.6,32.0,221,Overcast,1,1,
48488,2021-06-01 17:35:00,40.625595,-73.9576,1,0,Failure to Yield Right-of-Way,4422740,23.5,9.7,0.0,0.0,0.0,0.0,3,17.6,32.0,221,Overcast,1,1,
48489,2021-05-31 18:05:00,40.697403,-73.83641,1,0,Pedestrian/Bicyclist/Other Pedestrian Error/Confusion,4422788,20.3,9.3,0.7,0.7,0.0,5.0,51,20.9,40.7,318,Drizzle: Light,1,1,
48490,2021-05-30 21:49:00,40.659027,-73.90801,1,0,Unspecified,4422850,11.5,8.5,13.7,13.7,0.0,24.0,61,28.1,52.2,22,Rain: Light,1,1,
48491,2021-06-02 16:45:00,40.75076,-73.96843,1,0,Turning Improperly,4423022,22.4,13.0,0.0,0.0,0.0,0.0,3,16.7,34.9,176,Overcast,1,1,
48492,2021-06-02 19:15:00,40.791733,-73.84792,1,0,Unspecified,4423033,22.4,13.0,0.0,0.0,0.0,0.0,3,16.7,34.9,176,Overcast,1,1,
48493,2021-06-02 21:33:00,40.62896,-73.89721,1,0,Driver Inattention/Distraction,4423039,22.4,13.0,0.0,0.0,0.0,0.0,3,16.7,34.9,176,Overcast,1,1,
48494,2021-06-01 10:25:00,40.759727,-73.99169,1,0,Turning Improperly,4423121,23.5,9.7,0.0,0.0,0.0,0.0,3,17.6,32.0,221,Overcast,1,1,
48495,2021-06-02 19:02:00,40.845966,-73.89224,1,0,Traffic Control Disregarded,4423142,22.4,13.0,0.0,0.0,0.0,0.0,3,16.7,34.9,176,Overcast,1,1,
48496,2021-06-01 16:27:00,40.86917,-73.82477,1,0,Unspecified,4423153,23.5,9.7,0.0,0.0,0.0,0.0,3,17.6,32.0,221,Overcast,1,1,
48497,2021-06-02 17:50:00,40.74743,-73.90359,1,0,Driver Inattention/Distraction,4423310,22.4,13.0,0.0,0.0,0.0,0.0,3,16.7,34.9,176,Overcast,1,1,
48498,2021-06-03 18:28:00,40.67332,-73.8464,1,0,Passing or Lane Usage Improper,4423325,23.0,13.2,11.9,11.9,0.0,10.0,63,13.6,38.9,165,Rain: Moderate,1,1,
48499,2021-06-02 15:43:00,40.826515,-73.917946,1,0,Passing or Lane Usage Improper,4423375,22.4,13.0,0.0,0.0,0.0,0.0,3,16.7,34.9,176,Overcast,1,1,
48500,2021-06-03 09:00:00,40.722466,-73.73692,1,0,Unsafe Speed,4423393,23.0,13.2,11.9,11.9,0.0,10.0,63,13.6,38.9,165,Rain: Moderate,1,1,
48501,2021-06-03 18:10:00,40.82482,-73.90625,1,0,Driver Inattention/Distraction,4423440,23.0,13.2,11.9,11.9,0.0,10.0,63,13.6,38.9,165,Rain: Moderate,1,1,
48502,2021-06-02 23:26:00,40.820305,-73.89083,1,0,Unspecified,4423482,22.4,13.0,0.0,0.0,0.0,0.0,3,16.7,34.9,176,Overcast,1,1,
48503,2021-05-31 23:26:00,40.628944,-73.936676,1,0,Pedestrian/Bicyclist/Other Pedestrian Error/Confusion,4423506,20.3,9.3,0.7,0.7,0.0,5.0,51,20.9,40.7,318,Drizzle: Light,1,1,
48504,2021-06-04 19:06:00,40.65218,-74.00996,2,0,Unspecified,4423529,25.3,17.4,6.5,6.5,0.0,10.0,61,17.9,37.8,235,Rain: Light,2,2,
48505,2021-06-04 18:30:00,40.669785,-73.9858,1,0,Failure to Yield Right-of-Way,4423544,25.3,17.4,6.5,6.5,0.0,10.0,61,17.9,37.8,235,Rain: Light,1,1,
48506,2021-06-05 11:30:00,40.762657,-73.87326,1,0,Driver Inexperience,4423589,31.3,17.3,0.0,0.0,0.0,0.0,2,20.9,43.9,247,Partly cloudy,1,1,
48507,2021-06-05 17:14:00,40.75469,-73.99536,1,0,Brakes Defective,4423786,31.3,17.3,0.0,0.0,0.0,0.0,2,20.9,43.9,247,Partly cloudy,1,1,
48508,2021-06-02 13:55:00,40.750977,-73.934746,1,0,Unspecified,4423803,22.4,13.0,0.0,0.0,0.0,0.0,3,16.7,34.9,176,Overcast,1,1,
48509,2021-06-06 11:57:00,40.763523,-73.92176,1,0,Driver Inattention/Distraction,4423872,31.0,20.0,0.0,0.0,0.0,0.0,1,16.6,32.4,222,Mainly clear,1,1,Sunny/Clear Conditions
48510,2021-06-02 07:40:00,40.679073,-73.92527,1,0,Driver Inattention/Distraction,4423873,22.4,13.0,0.0,0.0,0.0,0.0,3,16.7,34.9,176,Overcast,1,1,
48511,2021-06-06 11:35:00,40.5743,-73.98867,2,0,Backing Unsafely,4423876,31.0,20.0,0.0,0.0,0.0,0.0,1,16.6,32.4,222,Mainly clear,2,2,Sunny/Clear Conditions
48512,2021-06-06 06:22:00,40.85186,-73.92816,0,0,Unsafe Speed,4423950,31.0,20.0,0.0,0.0,0.0,0.0,1,16.6,32.4,222,Mainly clear,0,0,Sunny/Clear Conditions
48513,2021-06-01 10:12:00,40.67828,-73.958855,1,0,Driver Inattention/Distraction,4423973,23.5,9.7,0.0,0.0,0.0,0.0,3,17.6,32.0,221,Overcast,1,1,
48514,2021-06-04 16:00:00,40.71545,-73.94217,1,0,Failure to Yield Right-of-Way,4424070,25.3,17.4,6.5,6.5,0.0,10.0,61,17.9,37.8,235,Rain: Light,1,1,
48515,2021-06-01 17:50:00,40.83328,-73.93916,1,0,Unsafe Speed,4424091,23.5,9.7,0.0,0.0,0.0,0.0,3,17.6,32.0,221,Overcast,1,1,
48516,2021-06-02 01:50:00,40.83449,-73.940056,1,0,Traffic Control Disregarded,4424098,22.4,13.0,0.0,0.0,0.0,0.0,3,16.7,34.9,176,Overcast,1,1,
48517,2021-06-06 13:38:00,40.682503,-73.82131,1,0,Failure to Yield Right-of-Way,4424285,31.0,20.0,0.0,0.0,0.0,0.0,1,16.6,32.4,222,Mainly clear,1,1,Sunny/Clear Conditions
48518,2021-06-06 19:40:00,40.823833,-73.87807,1,0,Unspecified,4424389,31.0,20.0,0.0,0.0,0.0,0.0,1,16.6,32.4,222,Mainly clear,1,1,Sunny/Clear Conditions
48519,2021-06-07 14:05:00,40.759308,-73.9653,1,0,Driver Inattention/Distraction,4424512,31.0,20.7,0.1,0.1,0.0,1.0,51,16.5,34.9,204,Drizzle: Light,1,1,
48520,2021-06-07 00:04:00,40.68488,-73.92311,1,0,Traffic Control Disregarded,4424528,31.0,20.7,0.1,0.1,0.0,1.0,51,16.5,34.9,204,Drizzle: Light,1,1,
48521,2021-06-05 14:45:00,40.63512,-73.929634,1,0,Unspecified,4424551,31.3,17.3,0.0,0.0,0.0,0.0,2,20.9,43.9,247,Partly cloudy,1,1,
48522,2021-06-06 22:19:00,40.616127,-73.98986,2,0,Driver Inattention/Distraction,4424632,31.0,20.0,0.0,0.0,0.0,0.0,1,16.6,32.4,222,Mainly clear,2,2,Sunny/Clear Conditions
48523,2021-06-07 08:17:00,40.705547,-73.967865,1,0,Driver Inattention/Distraction,4424731,31.0,20.7,0.1,0.1,0.0,1.0,51,16.5,34.9,204,Drizzle: Light,1,1,
48524,2021-06-08 04:16:00,40.74631,-73.86827,1,0,Driver Inattention/Distraction,4424742,30.1,22.0,5.9,5.9,0.0,9.0,61,16.6,34.6,215,Rain: Light,1,1,
48525,2021-06-07 18:07:00,40.735844,-73.993256,2,0,Driver Inattention/Distraction,4424829,31.0,20.7,0.1,0.1,0.0,1.0,51,16.5,34.9,204,Drizzle: Light,2,2,
48526,2021-06-07 12:24:00,40.63147,-73.91955,1,0,Failure to Yield Right-of-Way,4424878,31.0,20.7,0.1,0.1,0.0,1.0,51,16.5,34.9,204,Drizzle: Light,1,1,
48527,2021-06-08 07:30:00,40.603622,-73.819954,1,0,View Obstructed/Limited,4424914,30.1,22.0,5.9,5.9,0.0,9.0,61,16.6,34.6,215,Rain: Light,1,1,
48528,2021-06-08 13:00:00,40.583664,-73.98656,1,0,Driver Inattention/Distraction,4425070,30.1,22.0,5.9,5.9,0.0,9.0,61,16.6,34.6,215,Rain: Light,1,1,
48529,2021-05-27 16:19:00,40.802467,-73.958694,1,0,Driver Inattention/Distraction,4425093,27.4,18.3,2.4,2.4,0.0,3.0,61,23.5,42.1,313,Rain: Light,1,1,
48530,2021-06-03 21:33:00,40.799458,-73.95154,1,0,Pedestrian/Bicyclist/Other Pedestrian Error/Confusion,4425097,23.0,13.2,11.9,11.9,0.0,10.0,63,13.6,38.9,165,Rain: Moderate,1,1,
48531,2021-05-26 09:44:00,40.700245,-73.92089,1,0,Passing or Lane Usage Improper,4425152,29.5,17.4,0.1,0.1,0.0,1.0,51,23.4,45.7,210,Drizzle: Light,1,1,
48532,2021-06-09 13:00:00,40.699177,-73.9605,1,0,Failure to Yield Right-of-Way,4425333,30.2,21.4,1.1,1.1,0.0,5.0,51,11.7,28.1,286,Drizzle: Light,1,1,
48533,2021-05-27 16:00:00,40.77091,-73.95078,1,0,Driver Inattention/Distraction,4425368,27.4,18.3,2.4,2.4,0.0,3.0,61,23.5,42.1,313,Rain: Light,1,1,
48534,2021-06-10 02:45:00,40.767117,-73.956505,1,0,Driver Inattention/Distraction,4425374,26.7,16.8,0.0,0.0,0.0,0.0,3,20.9,40.3,78,Overcast,1,1,
48535,2021-05-23 16:15:00,40.75894,-73.88869,1,0,Unspecified,4425505,31.4,19.8,0.0,0.0,0.0,0.0,3,28.5,54.4,322,Overcast,1,1,
48536,2021-06-06 16:29:00,40.698196,-73.84949,1,0,Traffic Control Disregarded,4425600,31.0,20.0,0.0,0.0,0.0,0.0,1,16.6,32.4,222,Mainly clear,1,1,Sunny/Clear Conditions
48537,2021-06-06 16:15:00,40.72952,-74.00514,1,0,Unspecified,4425633,31.0,20.0,0.0,0.0,0.0,0.0,1,16.6,32.4,222,Mainly clear,1,1,Sunny/Clear Conditions
48538,2021-06-09 17:46:00,40.628563,-74.028984,1,0,Driver Inexperience,4425692,30.2,21.4,1.1,1.1,0.0,5.0,51,11.7,28.1,286,Drizzle: Light,1,1,
48539,2021-05-25 16:30:00,40.666134,-73.99225,1,0,Pedestrian/Bicyclist/Other Pedestrian Error/Confusion,4425782,21.9,13.0,0.0,0.0,0.0,0.0,3,24.3,47.9,182,Overcast,1,1,
48540,2021-05-11 13:30:00,40.682373,-73.96162,1,0,Following Too Closely,4425795,16.7,8.2,0.0,0.0,0.0,0.0,3,27.0,51.1,292,Overcast,1,1,
48541,2021-06-11 16:28:00,40.645348,-74.01375,1,0,Unspecified,4425882,20.7,15.3,1.2,1.2,0.0,3.0,53,13.2,27.0,97,Drizzle: Moderate,1,1,
48542,2021-06-11 12:14:00,40.61185,-74.010254,1,0,Failure to Yield Right-of-Way,4425897,20.7,15.3,1.2,1.2,0.0,3.0,53,13.2,27.0,97,Drizzle: Moderate,1,1,
48543,2021-05-25 11:57:00,40.88082,-73.90344,1,0,Driver Inattention/Distraction,4426015,21.9,13.0,0.0,0.0,0.0,0.0,3,24.3,47.9,182,Overcast,1,1,
48544,2021-06-11 16:08:00,40.83,-73.91812,1,0,Other Vehicular,4426116,20.7,15.3,1.2,1.2,0.0,3.0,53,13.2,27.0,97,Drizzle: Moderate,1,1,
48545,2021-06-09 22:56:00,40.640583,-73.91894,1,0,Unspecified,4426127,30.2,21.4,1.1,1.1,0.0,5.0,51,11.7,28.1,286,Drizzle: Light,1,1,
48546,2021-06-12 17:35:00,40.699627,-73.923836,1,0,Outside Car Distraction,4426248,21.2,16.4,0.4,0.4,0.0,3.0,51,15.5,31.3,112,Drizzle: Light,1,1,
48547,2021-06-11 21:51:00,40.648643,-73.955765,1,0,Driver Inattention/Distraction,4426342,20.7,15.3,1.2,1.2,0.0,3.0,53,13.2,27.0,97,Drizzle: Moderate,1,1,
48548,2021-06-11 17:24:00,40.839676,-73.90011,1,0,Driver Inattention/Distraction,4426343,20.7,15.3,1.2,1.2,0.0,3.0,53,13.2,27.0,97,Drizzle: Moderate,1,1,
48549,2021-06-10 21:33:00,40.713287,-73.87163,1,0,Driver Inattention/Distraction,4426537,26.7,16.8,0.0,0.0,0.0,0.0,3,20.9,40.3,78,Overcast,1,1,
48550,2021-06-08 22:05:00,40.678963,-73.94965,1,0,Failure to Yield Right-of-Way,4426546,30.1,22.0,5.9,5.9,0.0,9.0,61,16.6,34.6,215,Rain: Light,1,1,
48551,2021-05-30 23:19:00,40.753593,-73.92338,1,0,Driver Inattention/Distraction,4426554,11.5,8.5,13.7,13.7,0.0,24.0,61,28.1,52.2,22,Rain: Light,1,1,
48552,2021-06-13 19:00:00,40.704662,-73.92891,1,0,Driver Inexperience,4426668,23.9,15.0,0.2,0.2,0.0,2.0,51,17.7,35.6,185,Drizzle: Light,1,1,
48553,2021-06-13 19:35:00,40.7088,-73.95077,1,0,Turning Improperly,4426669,23.9,15.0,0.2,0.2,0.0,2.0,51,17.7,35.6,185,Drizzle: Light,1,1,
48554,2021-06-11 13:50:00,40.844833,-73.909386,1,0,Turning Improperly,4426766,20.7,15.3,1.2,1.2,0.0,3.0,53,13.2,27.0,97,Drizzle: Moderate,1,1,
48555,2021-06-10 19:20:00,40.81922,-73.91062,1,0,Driver Inattention/Distraction,4426777,26.7,16.8,0.0,0.0,0.0,0.0,3,20.9,40.3,78,Overcast,1,1,
48556,2021-06-05 12:50:00,40.814266,-73.912964,1,0,Driver Inattention/Distraction,4426788,31.3,17.3,0.0,0.0,0.0,0.0,2,20.9,43.9,247,Partly cloudy,1,1,
48557,2021-06-12 18:20:00,40.679806,-73.823746,1,0,Following Too Closely,4426810,21.2,16.4,0.4,0.4,0.0,3.0,51,15.5,31.3,112,Drizzle: Light,1,1,
48558,2021-06-10 20:30:00,40.628494,-73.98282,1,0,Driver Inexperience,4426836,26.7,16.8,0.0,0.0,0.0,0.0,3,20.9,40.3,78,Overcast,1,1,
48559,2021-06-12 11:10:00,40.83611,-73.92238,1,0,Driver Inattention/Distraction,4426858,21.2,16.4,0.4,0.4,0.0,3.0,51,15.5,31.3,112,Drizzle: Light,1,1,
48560,2021-06-09 14:59:00,40.636024,-74.13477,1,0,Driver Inattention/Distraction,4426883,30.2,21.4,1.1,1.1,0.0,5.0,51,11.7,28.1,286,Drizzle: Light,1,1,
48561,2021-06-11 15:04:00,40.854904,-73.89645,1,0,Failure to Yield Right-of-Way,4426992,20.7,15.3,1.2,1.2,0.0,3.0,53,13.2,27.0,97,Drizzle: Moderate,1,1,
48562,2021-06-13 14:45:00,40.852806,-73.90477,1,0,Turning Improperly,4427017,23.9,15.0,0.2,0.2,0.0,2.0,51,17.7,35.6,185,Drizzle: Light,1,1,
48563,2021-06-14 17:26:00,40.63695,-74.022484,1,0,Unspecified,4427159,21.4,17.5,21.7,21.7,0.0,11.0,65,21.1,48.6,154,Rain: Heavy,1,1,
48564,2021-06-14 15:10:00,40.65904,-73.87593,1,0,Driver Inattention/Distraction,4427263,21.4,17.5,21.7,21.7,0.0,11.0,65,21.1,48.6,154,Rain: Heavy,1,1,
48565,2021-06-04 13:23:00,40.726887,-73.83097,1,0,Passing or Lane Usage Improper,4427334,25.3,17.4,6.5,6.5,0.0,10.0,61,17.9,37.8,235,Rain: Light,1,1,
48566,2021-06-13 13:20:00,40.698406,-73.80647,2,0,Failure to Yield Right-of-Way,4427385,23.9,15.0,0.2,0.2,0.0,2.0,51,17.7,35.6,185,Drizzle: Light,2,2,
48567,2021-06-14 16:40:00,40.763733,-73.9414,1,0,Reaction to Uninvolved Vehicle,4427636,21.4,17.5,21.7,21.7,0.0,11.0,65,21.1,48.6,154,Rain: Heavy,1,1,
48568,2021-05-28 08:25:00,40.81401,-73.94466,1,0,Failure to Yield Right-of-Way,4427715,19.4,10.6,25.0,25.0,0.0,8.0,63,25.6,47.9,62,Rain: Moderate,1,1,
48569,2021-06-16 01:43:00,40.899628,-73.84435,0,1,Unsafe Speed,4427753,23.1,15.1,0.0,0.0,0.0,0.0,1,20.2,40.0,317,Mainly clear,20,1,Sunny/Clear Conditions
48570,2021-06-16 19:57:00,40.759678,-73.83236,1,0,Passing or Lane Usage Improper,4428002,23.1,15.1,0.0,0.0,0.0,0.0,1,20.2,40.0,317,Mainly clear,1,1,Sunny/Clear Conditions
48571,2021-06-15 21:30:00,40.754856,-73.88524,1,0,Reaction to Uninvolved Vehicle,4428042,25.1,17.4,1.0,1.0,0.0,4.0,53,17.7,33.8,295,Drizzle: Moderate,1,1,
48572,2021-06-15 22:35:00,40.756287,-73.860725,1,0,Turning Improperly,4428047,25.1,17.4,1.0,1.0,0.0,4.0,53,17.7,33.8,295,Drizzle: Moderate,1,1,
48573,2021-06-17 20:00:00,40.697853,-73.93325,1,0,View Obstructed/Limited,4428348,23.9,12.1,0.0,0.0,0.0,0.0,3,13.4,27.4,311,Overcast,1,1,
48574,2021-06-14 15:20:00,40.646927,-74.00126,2,0,Unspecified,4428495,21.4,17.5,21.7,21.7,0.0,11.0,65,21.1,48.6,154,Rain: Heavy,2,2,
48575,2021-06-18 16:23:00,40.66699,-73.88978,1,0,Unspecified,4428614,27.4,13.8,0.0,0.0,0.0,0.0,3,20.5,40.3,210,Overcast,1,1,
48576,2021-06-18 21:04:00,40.725433,-73.951744,1,0,Unspecified,4428625,27.4,13.8,0.0,0.0,0.0,0.0,3,20.5,40.3,210,Overcast,1,1,
48577,2021-06-18 13:00:00,40.666435,-73.94249,1,0,Driver Inattention/Distraction,4428670,27.4,13.8,0.0,0.0,0.0,0.0,3,20.5,40.3,210,Overcast,1,1,
48578,2021-06-18 16:50:00,40.652115,-73.916664,1,0,Passing or Lane Usage Improper,4428772,27.4,13.8,0.0,0.0,0.0,0.0,3,20.5,40.3,210,Overcast,1,1,
48579,2021-06-19 18:00:00,40.669125,-73.91451,1,0,Unspecified,4428907,31.5,19.5,1.2,1.2,0.0,3.0,53,21.1,38.2,243,Drizzle: Moderate,1,1,
48580,2021-06-19 00:38:00,40.665535,-73.93699,1,0,Driver Inattention/Distraction,4429121,31.5,19.5,1.2,1.2,0.0,3.0,53,21.1,38.2,243,Drizzle: Moderate,1,1,
48581,2021-06-20 19:45:00,40.75425,-73.827835,1,0,Failure to Yield Right-of-Way,4429146,28.7,17.3,0.3,0.3,0.0,2.0,51,19.5,40.0,212,Drizzle: Light,1,1,
48582,2021-06-20 23:45:00,40.647488,-74.00067,2,0,Passing or Lane Usage Improper,4429159,28.7,17.3,0.3,0.3,0.0,2.0,51,19.5,40.0,212,Drizzle: Light,2,2,
48583,2021-06-20 22:00:00,40.8382,-73.92371,1,0,Failure to Yield Right-of-Way,4429229,28.7,17.3,0.3,0.3,0.0,2.0,51,19.5,40.0,212,Drizzle: Light,1,1,
48584,2021-06-17 18:30:00,40.74084,-73.879654,1,0,Failure to Yield Right-of-Way,4429246,23.9,12.1,0.0,0.0,0.0,0.0,3,13.4,27.4,311,Overcast,1,1,
48585,2021-06-20 20:20:00,40.6967,-73.91031,1,0,Driver Inattention/Distraction,4429471,28.7,17.3,0.3,0.3,0.0,2.0,51,19.5,40.0,212,Drizzle: Light,1,1,
48586,2021-06-19 14:15:00,40.759842,-73.984184,1,0,Driver Inattention/Distraction,4429683,31.5,19.5,1.2,1.2,0.0,3.0,53,21.1,38.2,243,Drizzle: Moderate,1,1,
48587,2021-06-11 12:39:00,40.821266,-73.86389,1,0,Driver Inattention/Distraction,4429750,20.7,15.3,1.2,1.2,0.0,3.0,53,13.2,27.0,97,Drizzle: Moderate,1,1,
48588,2021-06-12 19:40:00,40.752766,-73.864204,1,0,Driver Inattention/Distraction,4429835,21.2,16.4,0.4,0.4,0.0,3.0,51,15.5,31.3,112,Drizzle: Light,1,1,