,CRASH DATETIME,LATITUDE,LONGITUDE,NUMBER OF PERSONS INJURED,NUMBER OF PERSONS KILLED,CONTRIBUTING FACTOR VEHICLE 1,COLLISION_ID,temperature_2m_max,temperature_2m_min,precipitation_sum,rain_sum,snowfall_sum,precipitation_hours,weather_code,wind_speed_10m_max,wind_gusts_10m_max,wind_direction_10m_dominant,Weather Description,Severity_Score,Total_Affected_Persons,Weather_Category
48589,2021-06-19 11:49:00,40.648705,-74.010254,1,0,Unspecified,4429837,31.5,19.5,1.2,1.2,0.0,3.0,53,21.1,38.2,243,Drizzle: Moderate,1,1,
48590,2021-06-21 20:54:00,40.818993,-73.909744,1,0,Unspecified,4429954,28.0,21.7,0.5,0.5,0.0,2.0,51,24.4,46.8,181,Drizzle: Light,1,1,
48591,2021-06-21 03:12:00,40.820435,-73.93624,1,0,Driver Inattention/Distraction,4430133,28.0,21.7,0.5,0.5,0.0,2.0,51,24.4,46.8,181,Drizzle: Light,1,1,
48592,2021-06-23 06:00:00,40.74348,-73.921486,1,0,Driver Inattention/Distraction,4430226,23.1,12.2,0.0,0.0,0.0,0.0,3,16.5,31.7,309,Overcast,1,1,
48593,2021-06-23 15:38:00,40.6274,-73.93168,1,0,Pavement Defective,4430237,23.1,12.2,0.0,0.0,0.0,0.0,3,16.5,31.7,309,Overcast,1,1,
48594,2021-06-23 17:21:00,40.603443,-73.94732,1,0,Driver Inattention/Distraction,4430260,23.1,12.2,0.0,0.0,0.0,0.0,3,16.5,31.7,309,Overcast,1,1,
48595,2021-06-23 20:29:00,40.61796,-73.99138,1,0,Driver Inattention/Distraction,4430334,23.1,12.2,0.0,0.0,0.0,0.0,3,16.5,31.7,309,Overcast,1,1,
48596,2021-06-22 14:25:00,40.681854,-73.98004,1,0,Driver Inattention/Distraction,4430340,24.2,15.1,8.5,8.5,0.0,9.0,63,22.2,43.2,305,Rain: Moderate,1,1,
48597,2021-06-18 09:15:00,40.702675,-73.93396,1,0,Reaction to Uninvolved Vehicle,4430366,27.4,13.8,0.0,0.0,0.0,0.0,3,20.5,40.3,210,Overcast,1,1,
48598,2021-06-23 07:34:00,40.820435,-73.93624,1,0,Driver Inattention/Distraction,4430396,23.1,12.2,0.0,0.0,0.0,0.0,3,16.5,31.7,309,Overcast,1,1,
48599,2021-06-17 17:15:00,40.77096,-73.92143,1,0,Driver Inattention/Distraction,4430422,23.9,12.1,0.0,0.0,0.0,0.0,3,13.4,27.4,311,Overcast,1,1,
48600,2021-06-23 23:10:00,40.645348,-74.01375,1,0,Other Vehicular,4430434,23.1,12.2,0.0,0.0,0.0,0.0,3,16.5,31.7,309,Overcast,1,1,
48601,2021-06-16 17:00:00,40.624798,-73.94265,1,0,Driver Inattention/Distraction,4430509,23.1,15.1,0.0,0.0,0.0,0.0,1,20.2,40.0,317,Mainly clear,1,1,Sunny/Clear Conditions
48602,2022-01-06 17:30:00,40.68086,-73.95441,0,0,Unspecified,4494946,4.1,-0.7,0.0,0.0,0.0,0.0,3,20.2,38.2,269,Overcast,0,0,
48603,2021-06-23 14:10:00,40.61384,-73.981445,1,0,Driver Inattention/Distraction,4430784,23.1,12.2,0.0,0.0,0.0,0.0,3,16.5,31.7,309,Overcast,1,1,
48604,2022-01-13 08:22:00,40.823505,-73.94144,0,0,Other Vehicular,4494282,7.1,-3.7,0.0,0.0,0.0,0.0,3,9.7,18.7,193,Overcast,0,0,
48605,2021-06-23 14:34:00,40.840645,-73.84205,1,0,Unspecified,4430882,23.1,12.2,0.0,0.0,0.0,0.0,3,16.5,31.7,309,Overcast,1,1,
48606,2021-06-18 21:16:00,40.83661,-73.92234,1,0,Failure to Yield Right-of-Way,4430899,27.4,13.8,0.0,0.0,0.0,0.0,3,20.5,40.3,210,Overcast,1,1,
48607,2021-06-26 21:30:00,40.754612,-73.87667,1,0,Driver Inattention/Distraction,4431431,26.5,18.6,1.3,1.3,0.0,8.0,51,23.7,52.9,181,Drizzle: Light,1,1,
48608,2021-06-26 23:05:00,40.67363,-73.95401,1,0,Driver Inattention/Distraction,4431595,26.5,18.6,1.3,1.3,0.0,8.0,51,23.7,52.9,181,Drizzle: Light,1,1,
48609,2021-06-28 00:22:00,40.87129,-73.88024,1,0,Driver Inattention/Distraction,4431633,32.3,22.9,0.0,0.0,0.0,0.0,3,20.0,37.8,212,Overcast,1,1,
48610,2021-06-24 11:00:00,40.785866,-73.950935,1,0,Driver Inattention/Distraction,4431655,23.2,13.5,0.0,0.0,0.0,0.0,3,19.7,40.0,145,Overcast,1,1,
48611,2021-06-26 11:21:00,40.675053,-73.87436,1,0,Passing or Lane Usage Improper,4431701,26.5,18.6,1.3,1.3,0.0,8.0,51,23.7,52.9,181,Drizzle: Light,1,1,
48612,2021-06-26 11:50:00,40.672768,-73.98672,1,0,Turning Improperly,4431717,26.5,18.6,1.3,1.3,0.0,8.0,51,23.7,52.9,181,Drizzle: Light,1,1,
48613,2021-06-28 07:15:00,40.74847,-73.870026,1,0,Traffic Control Disregarded,4431842,32.3,22.9,0.0,0.0,0.0,0.0,3,20.0,37.8,212,Overcast,1,1,
48614,2021-06-13 13:24:00,40.67058,-73.93096,1,0,Failure to Yield Right-of-Way,4431871,23.9,15.0,0.2,0.2,0.0,2.0,51,17.7,35.6,185,Drizzle: Light,1,1,
48615,2021-06-27 21:57:00,40.745224,-73.921135,1,0,Driver Inexperience,4431918,29.2,22.2,0.5,0.5,0.0,4.0,51,19.6,45.4,196,Drizzle: Light,1,1,
48616,2021-06-22 07:50:00,40.710644,-73.95814,1,0,Driver Inattention/Distraction,4432005,24.2,15.1,8.5,8.5,0.0,9.0,63,22.2,43.2,305,Rain: Moderate,1,1,
48617,2021-06-28 14:23:00,40.675632,-73.89878,1,0,Unspecified,4432105,32.3,22.9,0.0,0.0,0.0,0.0,3,20.0,37.8,212,Overcast,1,1,
48618,2021-06-26 13:30:00,40.683502,-73.91152,1,0,Driver Inattention/Distraction,4432156,26.5,18.6,1.3,1.3,0.0,8.0,51,23.7,52.9,181,Drizzle: Light,1,1,
48619,2021-06-27 02:30:00,40.621216,-73.93539,1,0,Driver Inattention/Distraction,4432230,29.2,22.2,0.5,0.5,0.0,4.0,51,19.6,45.4,196,Drizzle: Light,1,1,
48620,2021-06-29 11:10:00,40.688904,-73.980934,1,0,Driver Inattention/Distraction,4432283,33.4,24.0,0.7,0.7,0.0,4.0,51,19.5,40.0,231,Drizzle: Light,1,1,
48621,2021-06-27 17:30:00,40.72703,-73.85392,2,0,Reaction to Uninvolved Vehicle,4432360,29.2,22.2,0.5,0.5,0.0,4.0,51,19.6,45.4,196,Drizzle: Light,2,2,
48622,2021-06-28 17:11:00,40.818146,-73.89929,1,0,Driver Inattention/Distraction,4432371,32.3,22.9,0.0,0.0,0.0,0.0,3,20.0,37.8,212,Overcast,1,1,
48623,2021-06-29 15:25:00,40.690002,-73.92413,1,0,Backing Unsafely,4432407,33.4,24.0,0.7,0.7,0.0,4.0,51,19.5,40.0,231,Drizzle: Light,1,1,
48624,2021-06-25 16:35:00,40.812263,-73.92059,1,0,Driver Inattention/Distraction,4432437,24.7,15.6,0.0,0.0,0.0,0.0,3,20.9,41.0,144,Overcast,1,1,
48625,2021-06-28 13:00:00,40.856777,-73.891106,1,0,Failure to Yield Right-of-Way,4432524,32.3,22.9,0.0,0.0,0.0,0.0,3,20.0,37.8,212,Overcast,1,1,
48626,2021-06-30 09:00:00,40.683777,-73.76975,1,0,Traffic Control Disregarded,4432658,35.2,24.9,0.1,0.1,0.0,1.0,51,20.6,37.1,246,Drizzle: Light,1,1,
48627,2021-06-29 15:00:00,40.715763,-73.74654,4,0,Turning Improperly,4432697,33.4,24.0,0.7,0.7,0.0,4.0,51,19.5,40.0,231,Drizzle: Light,4,4,
48628,2021-06-29 19:40:00,40.672516,-73.93356,1,0,Driver Inattention/Distraction,4432726,33.4,24.0,0.7,0.7,0.0,4.0,51,19.5,40.0,231,Drizzle: Light,1,1,
48629,2021-06-30 10:45:00,40.846893,-73.92055,1,0,Pavement Defective,4432846,35.2,24.9,0.1,0.1,0.0,1.0,51,20.6,37.1,246,Drizzle: Light,1,1,
48630,2021-06-24 14:05:00,40.59781,-73.99938,1,0,View Obstructed/Limited,4432949,23.2,13.5,0.0,0.0,0.0,0.0,3,19.7,40.0,145,Overcast,1,1,
48631,2021-06-29 19:20:00,40.658577,-73.89063,1,0,Failure to Yield Right-of-Way,4433021,33.4,24.0,0.7,0.7,0.0,4.0,51,19.5,40.0,231,Drizzle: Light,1,1,
48632,2021-06-29 12:36:00,40.703133,-73.85533,1,0,Failure to Yield Right-of-Way,4433071,33.4,24.0,0.7,0.7,0.0,4.0,51,19.5,40.0,231,Drizzle: Light,1,1,
48633,2021-07-01 12:10:00,40.850456,-73.899315,1,0,Pedestrian/Bicyclist/Other Pedestrian Error/Confusion,4433227,27.8,22.2,25.2,25.2,0.0,12.0,65,10.6,33.1,280,Rain: Heavy,1,1,
48634,2022-01-12 05:30:00,40.709118,-73.81822,0,0,Driver Inattention/Distraction,4494065,4.6,-7.3,0.0,0.0,0.0,0.0,3,20.5,39.2,213,Overcast,0,0,
48635,2022-01-14 18:00:00,40.87182,-73.861374,1,0,Driver Inattention/Distraction,4494952,5.0,-5.0,0.0,0.0,0.0,0.0,3,34.6,62.6,358,Overcast,1,1,
48636,2022-01-14 11:15:00,40.711006,-73.729675,0,0,Failure to Yield Right-of-Way,4494667,5.0,-5.0,0.0,0.0,0.0,0.0,3,34.6,62.6,358,Overcast,0,0,
48637,2022-01-09 00:03:00,40.865105,-73.91846,0,0,Unspecified,4494978,4.0,-5.3,5.1,5.1,0.0,12.0,53,23.8,42.1,220,Drizzle: Moderate,0,0,
48638,2021-12-18 08:20:00,40.787003,-73.97552,0,0,Driver Inattention/Distraction,4494586,6.3,4.5,3.8,3.8,0.0,9.0,61,12.3,24.5,35,Rain: Light,0,0,
48639,2022-01-14 11:30:00,40.705784,-73.8229,0,0,Unspecified,4494839,5.0,-5.0,0.0,0.0,0.0,0.0,3,34.6,62.6,358,Overcast,0,0,
48640,2022-01-12 08:58:00,40.617134,-74.06582,0,0,Driver Inattention/Distraction,4494275,4.6,-7.3,0.0,0.0,0.0,0.0,3,20.5,39.2,213,Overcast,0,0,
48641,2022-01-10 15:40:00,40.751892,-73.9676,1,0,Passing Too Closely,4494728,4.1,-4.3,0.0,0.0,0.0,0.0,3,24.1,44.3,295,Overcast,1,1,
48642,2022-01-12 19:40:00,40.86131,-73.92124,1,0,Lost Consciousness,4494994,4.6,-7.3,0.0,0.0,0.0,0.0,3,20.5,39.2,213,Overcast,1,1,
48643,2022-01-13 17:57:00,40.893623,-73.85525,0,0,Unspecified,4494957,7.1,-3.7,0.0,0.0,0.0,0.0,3,9.7,18.7,193,Overcast,0,0,
48644,2022-01-14 04:22:00,40.678783,-73.91094,0,0,Traffic Control Disregarded,4494774,5.0,-5.0,0.0,0.0,0.0,0.0,3,34.6,62.6,358,Overcast,0,0,
48645,2022-01-14 06:25:00,40.755398,-73.77654,0,0,Alcohol Involvement,4494534,5.0,-5.0,0.0,0.0,0.0,0.0,3,34.6,62.6,358,Overcast,0,0,
48646,2022-01-13 10:00:00,40.740276,-73.848595,0,0,Driver Inattention/Distraction,4494407,7.1,-3.7,0.0,0.0,0.0,0.0,3,9.7,18.7,193,Overcast,0,0,
48647,2022-01-14 18:09:00,40.592724,-73.798386,1,0,Driver Inattention/Distraction,4494936,5.0,-5.0,0.0,0.0,0.0,0.0,3,34.6,62.6,358,Overcast,1,1,
48648,2022-01-13 16:55:00,40.794052,-73.970375,0,0,Turning Improperly,4494351,7.1,-3.7,0.0,0.0,0.0,0.0,3,9.7,18.7,193,Overcast,0,0,
48649,2022-01-14 12:40:00,40.66103,-73.94265,0,0,Illnes,4494664,5.0,-5.0,0.0,0.0,0.0,0.0,3,34.6,62.6,358,Overcast,0,0,
48650,2022-01-13 00:04:00,40.858387,-73.90279,2,0,Driver Inattention/Distraction,4494183,7.1,-3.7,0.0,0.0,0.0,0.0,3,9.7,18.7,193,Overcast,2,2,
48651,2022-01-14 08:00:00,40.59536,-74.00063,0,0,Turning Improperly,4494882,5.0,-5.0,0.0,0.0,0.0,0.0,3,34.6,62.6,358,Overcast,0,0,
48652,2022-01-12 16:49:00,40.854294,-73.85789,0,0,Unspecified,4494700,4.6,-7.3,0.0,0.0,0.0,0.0,3,20.5,39.2,213,Overcast,0,0,
48653,2022-01-11 09:00:00,40.705765,-73.74181,0,0,Failure to Yield Right-of-Way,4494515,-4.2,-8.8,0.0,0.0,0.0,0.0,1,26.7,50.8,316,Mainly clear,0,0,Sunny/Clear Conditions
48654,2022-01-13 18:45:00,40.62334,-73.95595,1,0,Unspecified,4494779,7.1,-3.7,0.0,0.0,0.0,0.0,3,9.7,18.7,193,Overcast,1,1,
48655,2021-07-04 23:50:00,40.59565,-73.908165,0,0,Reaction to Uninvolved Vehicle,4433931,24.6,15.8,1.4,1.4,0.0,12.0,51,11.8,27.0,299,Drizzle: Light,0,0,
48656,2021-05-25 09:40:00,40.63522,-74.08074,0,0,Driverless/Runaway Vehicle,4434830,21.9,13.0,0.0,0.0,0.0,0.0,3,24.3,47.9,182,Overcast,0,0,
48657,2021-07-04 16:05:00,40.738197,-73.88492,0,0,Unspecified,4434215,24.6,15.8,1.4,1.4,0.0,12.0,51,11.8,27.0,299,Drizzle: Light,0,0,
48658,2021-06-30 10:10:00,40.633823,-73.97064,0,0,Physical Disability,4434762,35.2,24.9,0.1,0.1,0.0,1.0,51,20.6,37.1,246,Drizzle: Light,0,0,
48659,2021-06-27 02:20:00,40.77436,-73.98335,0,0,Driver Inattention/Distraction,4434703,29.2,22.2,0.5,0.5,0.0,4.0,51,19.6,45.4,196,Drizzle: Light,0,0,
48660,2021-06-26 20:18:00,40.68039,-73.94956,4,0,Brakes Defective,4434538,26.5,18.6,1.3,1.3,0.0,8.0,51,23.7,52.9,181,Drizzle: Light,4,4,
48661,2021-07-01 15:00:00,40.615906,-74.022285,0,0,Passing or Lane Usage Improper,4434514,27.8,22.2,25.2,25.2,0.0,12.0,65,10.6,33.1,280,Rain: Heavy,0,0,
48662,2021-07-04 00:05:00,40.751442,-73.97606,0,0,Driver Inattention/Distraction,4433600,24.6,15.8,1.4,1.4,0.0,12.0,51,11.8,27.0,299,Drizzle: Light,0,0,
48663,2021-07-04 15:54:00,40.682568,-73.76588,0,0,Unspecified,4434018,24.6,15.8,1.4,1.4,0.0,12.0,51,11.8,27.0,299,Drizzle: Light,0,0,
48664,2021-07-03 04:30:00,40.833717,-73.82864,0,0,Fell Asleep,4434781,19.3,16.6,16.1,16.1,0.0,20.0,63,24.0,47.2,43,Rain: Moderate,0,0,
48665,2021-07-04 11:49:00,40.67308,-73.91124,3,0,Unspecified,4434076,24.6,15.8,1.4,1.4,0.0,12.0,51,11.8,27.0,299,Drizzle: Light,3,3,
48666,2021-07-01 20:37:00,40.71369,-74.01376,1,0,Unspecified,4434486,27.8,22.2,25.2,25.2,0.0,12.0,65,10.6,33.1,280,Rain: Heavy,1,1,
48667,2021-07-03 21:25:00,40.834114,-73.86327,0,0,Backing Unsafely,4434574,19.3,16.6,16.1,16.1,0.0,20.0,63,24.0,47.2,43,Rain: Moderate,0,0,
48668,2021-07-01 13:45:00,40.7186,-73.91505,1,0,Unspecified,4434632,27.8,22.2,25.2,25.2,0.0,12.0,65,10.6,33.1,280,Rain: Heavy,1,1,
48669,2021-07-04 03:55:00,40.71871,-73.74878,0,0,Driver Inattention/Distraction,4433632,24.6,15.8,1.4,1.4,0.0,12.0,51,11.8,27.0,299,Drizzle: Light,0,0,
48670,2021-07-04 08:00:00,40.70847,-73.81969,0,0,Driver Inexperience,4434089,24.6,15.8,1.4,1.4,0.0,12.0,51,11.8,27.0,299,Drizzle: Light,0,0,
48671,2021-06-30 15:30:00,40.823017,-73.85669,0,0,Unspecified,4434534,35.2,24.9,0.1,0.1,0.0,1.0,51,20.6,37.1,246,Drizzle: Light,0,0,
48672,2021-07-03 13:10:00,40.683506,-73.97594,0,0,Failure to Yield Right-of-Way,4434881,19.3,16.6,16.1,16.1,0.0,20.0,63,24.0,47.2,43,Rain: Moderate,0,0,
48673,2021-06-23 21:45:00,40.625652,-73.930534,0,0,Following Too Closely,4434567,23.1,12.2,0.0,0.0,0.0,0.0,3,16.5,31.7,309,Overcast,0,0,
48674,2021-07-04 19:42:00,40.63063,-74.00923,0,0,Turning Improperly,4433898,24.6,15.8,1.4,1.4,0.0,12.0,51,11.8,27.0,299,Drizzle: Light,0,0,
48675,2021-06-29 14:54:00,40.749294,-73.75579,0,0,Unspecified,4434730,33.4,24.0,0.7,0.7,0.0,4.0,51,19.5,40.0,231,Drizzle: Light,0,0,
48676,2021-06-27 16:32:00,40.719227,-73.962906,3,0,Failure to Yield Right-of-Way,4434420,29.2,22.2,0.5,0.5,0.0,4.0,51,19.6,45.4,196,Drizzle: Light,3,3,
48677,2021-03-26 08:50:00,40.6795,-73.99729,0,0,Reaction to Uninvolved Vehicle,4402108,25.3,9.8,2.7,2.7,0.0,7.0,53,40.0,71.3,233,Drizzle: Moderate,0,0,
48678,2021-07-02 05:44:00,40.678516,-73.87711,0,0,Pavement Slippery,4434434,24.3,19.2,29.6,29.6,0.0,23.0,63,14.1,27.7,284,Rain: Moderate,0,0,
48679,2021-07-04 12:25:00,40.65973,-73.74174,2,0,Unspecified,4433877,24.6,15.8,1.4,1.4,0.0,12.0,51,11.8,27.0,299,Drizzle: Light,2,2,
48680,2021-07-04 14:00:00,40.71935,-73.731995,0,0,Unspecified,4433761,24.6,15.8,1.4,1.4,0.0,12.0,51,11.8,27.0,299,Drizzle: Light,0,0,
48681,2021-06-26 03:20:00,40.59556,-73.75865,0,0,Driver Inattention/Distraction,4434597,26.5,18.6,1.3,1.3,0.0,8.0,51,23.7,52.9,181,Drizzle: Light,0,0,
48682,2021-06-20 06:08:00,40.727226,-73.89168,0,0,Following Too Closely,4434625,28.7,17.3,0.3,0.3,0.0,2.0,51,19.5,40.0,212,Drizzle: Light,0,0,
48683,2021-07-04 23:09:00,40.69009,-73.93648,1,0,Pedestrian/Bicyclist/Other Pedestrian Error/Confusion,4434667,24.6,15.8,1.4,1.4,0.0,12.0,51,11.8,27.0,299,Drizzle: Light,1,1,
48684,2021-07-04 08:21:00,40.820515,-73.930695,0,0,Turning Improperly,4433850,24.6,15.8,1.4,1.4,0.0,12.0,51,11.8,27.0,299,Drizzle: Light,0,0,
48685,2021-07-04 06:00:00,40.695908,-73.98322,0,0,Driver Inexperience,4433763,24.6,15.8,1.4,1.4,0.0,12.0,51,11.8,27.0,299,Drizzle: Light,0,0,
48686,2021-07-02 19:20:00,40.823833,-73.87807,1,0,Unspecified,4434551,24.3,19.2,29.6,29.6,0.0,23.0,63,14.1,27.7,284,Rain: Moderate,1,1,
48687,2021-07-04 20:30:00,40.655247,-73.981804,1,0,Passing or Lane Usage Improper,4433892,24.6,15.8,1.4,1.4,0.0,12.0,51,11.8,27.0,299,Drizzle: Light,1,1,
48688,2021-07-04 01:54:00,40.8022,-73.9678,0,0,Following Too Closely,4433717,24.6,15.8,1.4,1.4,0.0,12.0,51,11.8,27.0,299,Drizzle: Light,0,0,
48689,2021-07-03 00:00:00,40.676212,-73.892654,0,0,Driver Inattention/Distraction,4434433,19.3,16.6,16.1,16.1,0.0,20.0,63,24.0,47.2,43,Rain: Moderate,0,0,
48690,2021-07-02 14:30:00,40.699192,-73.95519,1,0,Unspecified,4434853,24.3,19.2,29.6,29.6,0.0,23.0,63,14.1,27.7,284,Rain: Moderate,1,1,
48691,2021-07-04 19:41:00,40.856327,-73.84392,0,0,Driver Inattention/Distraction,4434062,24.6,15.8,1.4,1.4,0.0,12.0,51,11.8,27.0,299,Drizzle: Light,0,0,
48692,2021-07-04 12:08:00,40.750988,-73.99063,0,0,Unspecified,4434121,24.6,15.8,1.4,1.4,0.0,12.0,51,11.8,27.0,299,Drizzle: Light,0,0,
48693,2021-06-28 08:11:00,40.80716,-73.912315,0,0,Driver Inattention/Distraction,4434754,32.3,22.9,0.0,0.0,0.0,0.0,3,20.0,37.8,212,Overcast,0,0,
48694,2021-06-30 19:08:00,40.73845,-73.98228,0,0,Driver Inattention/Distraction,4434806,35.2,24.9,0.1,0.1,0.0,1.0,51,20.6,37.1,246,Drizzle: Light,0,0,
48695,2021-07-04 08:39:00,40.752693,-74.00251,1,0,Passing Too Closely,4434453,24.6,15.8,1.4,1.4,0.0,12.0,51,11.8,27.0,299,Drizzle: Light,1,1,
48696,2021-07-03 10:58:00,40.67258,-73.89122,1,0,Unsafe Speed,4434442,19.3,16.6,16.1,16.1,0.0,20.0,63,24.0,47.2,43,Rain: Moderate,1,1,
48697,2021-07-04 04:00:00,40.63825,-73.89464,0,0,Alcohol Involvement,4433737,24.6,15.8,1.4,1.4,0.0,12.0,51,11.8,27.0,299,Drizzle: Light,0,0,
48698,2021-07-04 18:00:00,40.73595,-73.714745,1,0,Illnes,4433882,24.6,15.8,1.4,1.4,0.0,12.0,51,11.8,27.0,299,Drizzle: Light,1,1,
48699,2021-07-04 16:08:00,40.858986,-73.89382,0,0,Reaction to Uninvolved Vehicle,4434023,24.6,15.8,1.4,1.4,0.0,12.0,51,11.8,27.0,299,Drizzle: Light,0,0,
48700,2021-07-04 13:30:00,40.834423,-73.879265,1,0,Unspecified,4434586,24.6,15.8,1.4,1.4,0.0,12.0,51,11.8,27.0,299,Drizzle: Light,1,1,
48701,2021-06-30 22:45:00,40.676132,-73.921906,1,0,Driver Inattention/Distraction,4434686,35.2,24.9,0.1,0.1,0.0,1.0,51,20.6,37.1,246,Drizzle: Light,1,1,
48702,2021-07-04 17:15:00,40.692547,-73.90736,0,0,Unsafe Speed,4434286,24.6,15.8,1.4,1.4,0.0,12.0,51,11.8,27.0,299,Drizzle: Light,0,0,
48703,2021-06-28 02:30:00,40.603554,-73.74485,0,0,Unspecified,4434598,32.3,22.9,0.0,0.0,0.0,0.0,3,20.0,37.8,212,Overcast,0,0,
48704,2021-07-04 14:50:00,40.711678,-74.008354,0,0,Unspecified,4433901,24.6,15.8,1.4,1.4,0.0,12.0,51,11.8,27.0,299,Drizzle: Light,0,0,
48705,2021-07-04 01:00:00,40.64694,-74.020935,0,0,Other Vehicular,4433972,24.6,15.8,1.4,1.4,0.0,12.0,51,11.8,27.0,299,Drizzle: Light,0,0,
48706,2021-07-03 06:00:00,40.81776,-73.843605,0,0,Unspecified,4434558,19.3,16.6,16.1,16.1,0.0,20.0,63,24.0,47.2,43,Rain: Moderate,0,0,
48707,2021-07-04 13:18:00,40.696022,-73.937065,0,0,Driver Inattention/Distraction,4433779,24.6,15.8,1.4,1.4,0.0,12.0,51,11.8,27.0,299,Drizzle: Light,0,0,
48708,2021-07-03 14:53:00,40.673767,-73.76381,2,0,View Obstructed/Limited,4434484,19.3,16.6,16.1,16.1,0.0,20.0,63,24.0,47.2,43,Rain: Moderate,2,2,
48709,2021-07-04 23:00:00,40.605957,-74.00639,0,0,Driver Inattention/Distraction,4434394,24.6,15.8,1.4,1.4,0.0,12.0,51,11.8,27.0,299,Drizzle: Light,0,0,
48710,2021-07-02 17:24:00,40.668667,-73.868324,0,0,Driver Inattention/Distraction,4434428,24.3,19.2,29.6,29.6,0.0,23.0,63,14.1,27.7,284,Rain: Moderate,0,0,
48711,2021-06-28 08:48:00,40.68777,-73.98701,2,0,Following Too Closely,4434668,32.3,22.9,0.0,0.0,0.0,0.0,3,20.0,37.8,212,Overcast,2,2,
48712,2021-07-03 15:05:00,40.64262,-74.08762,0,0,Driver Inattention/Distraction,4434869,19.3,16.6,16.1,16.1,0.0,20.0,63,24.0,47.2,43,Rain: Moderate,0,0,
48713,2021-07-04 03:22:00,40.672512,-73.97043,0,0,Driver Inattention/Distraction,4434477,24.6,15.8,1.4,1.4,0.0,12.0,51,11.8,27.0,299,Drizzle: Light,0,0,
48714,2021-07-04 06:30:00,40.730152,-73.721725,0,0,Driver Inattention/Distraction,4434545,24.6,15.8,1.4,1.4,0.0,12.0,51,11.8,27.0,299,Drizzle: Light,0,0,
48715,2021-07-04 15:45:00,40.655895,-74.00591,1,0,Driver Inattention/Distraction,4434053,24.6,15.8,1.4,1.4,0.0,12.0,51,11.8,27.0,299,Drizzle: Light,1,1,
48716,2021-06-29 00:35:00,40.83208,-73.87285,1,0,Unspecified,4434519,33.4,24.0,0.7,0.7,0.0,4.0,51,19.5,40.0,231,Drizzle: Light,1,1,
48717,2021-07-04 05:45:00,40.696167,-73.8045,0,0,Driver Inattention/Distraction,4434091,24.6,15.8,1.4,1.4,0.0,12.0,51,11.8,27.0,299,Drizzle: Light,0,0,
48718,2021-07-04 19:58:00,40.666546,-73.78808,1,0,Unsafe Lane Changing,4434764,24.6,15.8,1.4,1.4,0.0,12.0,51,11.8,27.0,299,Drizzle: Light,1,1,
48719,2021-07-04 07:30:00,40.897995,-73.863495,0,0,Unsafe Speed,4434002,24.6,15.8,1.4,1.4,0.0,12.0,51,11.8,27.0,299,Drizzle: Light,0,0,
48720,2021-07-02 07:10:00,40.790627,-73.942444,0,0,Driver Inattention/Distraction,4434785,24.3,19.2,29.6,29.6,0.0,23.0,63,14.1,27.7,284,Rain: Moderate,0,0,
48721,2021-07-04 05:30:00,40.867138,-73.86025,0,0,Other Vehicular,4434272,24.6,15.8,1.4,1.4,0.0,12.0,51,11.8,27.0,299,Drizzle: Light,0,0,
48722,2021-06-14 06:30:00,40.840286,-73.92147,1,0,Unspecified,4434579,21.4,17.5,21.7,21.7,0.0,11.0,65,21.1,48.6,154,Rain: Heavy,1,1,
48723,2021-07-04 22:30:00,40.710785,-73.95995,0,0,Driver Inattention/Distraction,4433906,24.6,15.8,1.4,1.4,0.0,12.0,51,11.8,27.0,299,Drizzle: Light,0,0,
48724,2021-07-01 10:30:00,40.846592,-73.881065,0,0,Other Vehicular,4434490,27.8,22.2,25.2,25.2,0.0,12.0,65,10.6,33.1,280,Rain: Heavy,0,0,
48725,2021-07-04 18:40:00,40.752983,-73.91062,0,0,Unspecified,4434185,24.6,15.8,1.4,1.4,0.0,12.0,51,11.8,27.0,299,Drizzle: Light,0,0,
48726,2021-07-04 23:10:00,40.76336,-73.92649,2,0,Driver Inattention/Distraction,4434186,24.6,15.8,1.4,1.4,0.0,12.0,51,11.8,27.0,299,Drizzle: Light,2,2,
48727,2021-07-04 21:30:00,40.677032,-73.824684,0,0,Aggressive Driving/Road Rage,4434078,24.6,15.8,1.4,1.4,0.0,12.0,51,11.8,27.0,299,Drizzle: Light,0,0,
48728,2021-06-30 14:54:00,40.83249,-73.852325,0,0,Unspecified,4434525,35.2,24.9,0.1,0.1,0.0,1.0,51,20.6,37.1,246,Drizzle: Light,0,0,
48729,2021-07-04 01:15:00,40.743427,-73.775475,0,0,Unsafe Speed,4433605,24.6,15.8,1.4,1.4,0.0,12.0,51,11.8,27.0,299,Drizzle: Light,0,0,
48730,2021-07-01 12:30:00,40.68372,-73.78468,0,0,Backing Unsafely,4434563,27.8,22.2,25.2,25.2,0.0,12.0,65,10.6,33.1,280,Rain: Heavy,0,0,
48731,2021-07-04 11:14:00,40.630672,-73.981895,0,0,Unspecified,4434643,24.6,15.8,1.4,1.4,0.0,12.0,51,11.8,27.0,299,Drizzle: Light,0,0,
48732,2021-07-04 22:30:00,40.75022,-73.979065,0,0,Driver Inattention/Distraction,4433961,24.6,15.8,1.4,1.4,0.0,12.0,51,11.8,27.0,299,Drizzle: Light,0,0,