,CRASH DATETIME,LATITUDE,LONGITUDE,NUMBER OF PERSONS INJURED,NUMBER OF PERSONS KILLED,CONTRIBUTING FACTOR VEHICLE 1,COLLISION_ID,temperature_2m_max,temperature_2m_min,precipitation_sum,rain_sum,snowfall_sum,precipitation_hours,weather_code,wind_speed_10m_max,wind_gusts_10m_max,wind_direction_10m_dominant,Weather Description,Severity_Score,Total_Affected_Persons,Weather_Category
48733,2021-07-01 07:00:00,40.697098,-73.95386,0,0,Passing Too Closely,4434467,27.8,22.2,25.2,25.2,0.0,12.0,65,10.6,33.1,280,Rain: Heavy,0,0,
48734,2021-06-29 10:06:00,40.69814,-73.89111,0,0,Alcohol Involvement,4434631,33.4,24.0,0.7,0.7,0.0,4.0,51,19.5,40.0,231,Drizzle: Light,0,0,
48735,2021-07-04 01:10:00,40.6953,-73.812096,0,0,Pavement Slippery,4434611,24.6,15.8,1.4,1.4,0.0,12.0,51,11.8,27.0,299,Drizzle: Light,0,0,
48736,2021-06-23 16:10:00,40.823135,-73.88225,0,0,Driver Inattention/Distraction,4434511,23.1,12.2,0.0,0.0,0.0,0.0,3,16.5,31.7,309,Overcast,0,0,
48737,2021-07-04 01:30:00,40.666233,-73.761,0,0,Unspecified,4433633,24.6,15.8,1.4,1.4,0.0,12.0,51,11.8,27.0,299,Drizzle: Light,0,0,
48738,2021-07-04 22:52:00,40.747627,-73.976746,0,0,Unspecified,4433905,24.6,15.8,1.4,1.4,0.0,12.0,51,11.8,27.0,299,Drizzle: Light,0,0,
48739,2021-07-04 23:00:00,40.716972,-73.99446,0,0,Passing or Lane Usage Improper,4434890,24.6,15.8,1.4,1.4,0.0,12.0,51,11.8,27.0,299,Drizzle: Light,0,0,
48740,2021-07-04 23:16:00,40.838108,-73.914246,1,0,Other Vehicular,4434003,24.6,15.8,1.4,1.4,0.0,12.0,51,11.8,27.0,299,Drizzle: Light,1,1,
48741,2021-07-03 09:04:00,40.572132,-74.10809,0,0,Unspecified,4434459,19.3,16.6,16.1,16.1,0.0,20.0,63,24.0,47.2,43,Rain: Moderate,0,0,
48742,2021-06-30 15:38:00,40.709805,-73.99191,0,0,Passing Too Closely,4434892,35.2,24.9,0.1,0.1,0.0,1.0,51,20.6,37.1,246,Drizzle: Light,0,0,
48743,2021-07-02 18:00:00,40.672348,-73.987076,0,0,Following Too Closely,4434489,24.3,19.2,29.6,29.6,0.0,23.0,63,14.1,27.7,284,Rain: Moderate,0,0,
48744,2021-07-02 17:40:00,40.83517,-73.91251,0,0,Unspecified,4434832,24.3,19.2,29.6,29.6,0.0,23.0,63,14.1,27.7,284,Rain: Moderate,0,0,
48745,2021-07-04 23:40:00,40.801754,-73.93121,1,0,Steering Failure,4434039,24.6,15.8,1.4,1.4,0.0,12.0,51,11.8,27.0,299,Drizzle: Light,1,1,
48746,2021-07-03 10:15:00,40.877457,-73.9072,1,0,Driver Inattention/Distraction,4434704,19.3,16.6,16.1,16.1,0.0,20.0,63,24.0,47.2,43,Rain: Moderate,1,1,
48747,2021-06-23 10:17:00,40.703342,-73.855385,0,0,Driver Inattention/Distraction,4434626,23.1,12.2,0.0,0.0,0.0,0.0,3,16.5,31.7,309,Overcast,0,0,
48748,2021-07-03 00:31:00,40.83302,-73.862724,1,0,Unspecified,4434557,19.3,16.6,16.1,16.1,0.0,20.0,63,24.0,47.2,43,Rain: Moderate,1,1,
48749,2021-06-15 12:15:00,40.759453,-73.981316,1,0,Unspecified,4434766,25.1,17.4,1.0,1.0,0.0,4.0,53,17.7,33.8,295,Drizzle: Moderate,1,1,
48750,2021-07-04 09:05:00,40.86202,-73.910255,0,0,Unsafe Speed,4433776,24.6,15.8,1.4,1.4,0.0,12.0,51,11.8,27.0,299,Drizzle: Light,0,0,
48751,2022-01-14 13:53:00,40.66708,-73.82297,4,0,Unsafe Speed,4494620,5.0,-5.0,0.0,0.0,0.0,0.0,3,34.6,62.6,358,Overcast,4,4,
48752,2021-07-04 16:41:00,40.840206,-73.91015,0,0,Failure to Yield Right-of-Way,4434358,24.6,15.8,1.4,1.4,0.0,12.0,51,11.8,27.0,299,Drizzle: Light,0,0,
48753,2021-06-27 16:44:00,40.705956,-73.8936,0,0,Unsafe Speed,4434619,29.2,22.2,0.5,0.5,0.0,4.0,51,19.6,45.4,196,Drizzle: Light,0,0,
48754,2021-07-04 21:25:00,40.63617,-74.160225,0,0,Driver Inattention/Distraction,4433947,24.6,15.8,1.4,1.4,0.0,12.0,51,11.8,27.0,299,Drizzle: Light,0,0,
48755,2021-07-04 21:59:00,40.670326,-73.88878,0,0,Unspecified,4434445,24.6,15.8,1.4,1.4,0.0,12.0,51,11.8,27.0,299,Drizzle: Light,0,0,
48756,2021-07-03 23:50:00,40.8344,-73.87276,0,0,Unspecified,4434573,19.3,16.6,16.1,16.1,0.0,20.0,63,24.0,47.2,43,Rain: Moderate,0,0,
48757,2021-07-04 01:30:00,40.73033,-73.98815,0,0,Unspecified,4433743,24.6,15.8,1.4,1.4,0.0,12.0,51,11.8,27.0,299,Drizzle: Light,0,0,
48758,2021-07-04 15:47:00,40.718273,-73.90219,0,0,Following Too Closely,4434212,24.6,15.8,1.4,1.4,0.0,12.0,51,11.8,27.0,299,Drizzle: Light,0,0,
48759,2021-07-04 11:30:00,40.75899,-73.83454,0,0,Failure to Yield Right-of-Way,4434397,24.6,15.8,1.4,1.4,0.0,12.0,51,11.8,27.0,299,Drizzle: Light,0,0,
48760,2021-07-04 05:00:00,40.78318,-73.94362,0,0,Driver Inexperience,4433794,24.6,15.8,1.4,1.4,0.0,12.0,51,11.8,27.0,299,Drizzle: Light,0,0,
48761,2021-07-04 22:20:00,40.86658,-73.8226,0,0,Unspecified,4434022,24.6,15.8,1.4,1.4,0.0,12.0,51,11.8,27.0,299,Drizzle: Light,0,0,
48762,2021-07-02 09:35:00,40.850456,-73.899315,0,0,Driver Inexperience,4434505,24.3,19.2,29.6,29.6,0.0,23.0,63,14.1,27.7,284,Rain: Moderate,0,0,
48763,2021-07-01 07:13:00,40.82101,-73.86575,1,0,Unspecified,4434544,27.8,22.2,25.2,25.2,0.0,12.0,65,10.6,33.1,280,Rain: Heavy,1,1,
48764,2021-07-04 18:11:00,40.75898,-73.99595,0,0,Oversized Vehicle,4434454,24.6,15.8,1.4,1.4,0.0,12.0,51,11.8,27.0,299,Drizzle: Light,0,0,
48765,2021-07-03 16:50:00,40.69535,-73.91632,0,0,Aggressive Driving/Road Rage,4434816,19.3,16.6,16.1,16.1,0.0,20.0,63,24.0,47.2,43,Rain: Moderate,0,0,
48766,2021-07-04 19:25:00,40.7293,-73.862854,1,0,Failure to Yield Right-of-Way,4433926,24.6,15.8,1.4,1.4,0.0,12.0,51,11.8,27.0,299,Drizzle: Light,1,1,
48767,2021-06-17 13:45:00,40.744755,-73.91055,0,0,Unspecified,4434699,23.9,12.1,0.0,0.0,0.0,0.0,3,13.4,27.4,311,Overcast,0,0,
48768,2021-07-03 17:00:00,40.69649,-73.97352,0,0,Driver Inattention/Distraction,4434683,19.3,16.6,16.1,16.1,0.0,20.0,63,24.0,47.2,43,Rain: Moderate,0,0,
48769,2021-07-04 00:00:00,40.82364,-73.87994,0,0,Following Too Closely,4434587,24.6,15.8,1.4,1.4,0.0,12.0,51,11.8,27.0,299,Drizzle: Light,0,0,
48770,2021-07-04 05:00:00,40.689976,-73.79955,0,0,Unsafe Speed,4434316,24.6,15.8,1.4,1.4,0.0,12.0,51,11.8,27.0,299,Drizzle: Light,0,0,
48771,2021-07-04 01:10:00,40.74116,-73.99409,1,0,Driver Inattention/Distraction,4433650,24.6,15.8,1.4,1.4,0.0,12.0,51,11.8,27.0,299,Drizzle: Light,1,1,
48772,2021-07-03 14:49:00,40.6693,-73.87045,1,0,Unspecified,4434441,19.3,16.6,16.1,16.1,0.0,20.0,63,24.0,47.2,43,Rain: Moderate,1,1,
48773,2021-07-04 00:14:00,40.634945,-73.9325,1,0,Unspecified,4433895,24.6,15.8,1.4,1.4,0.0,12.0,51,11.8,27.0,299,Drizzle: Light,1,1,
48774,2021-06-28 06:50:00,40.656105,-74.00594,4,0,Unsafe Speed,4434800,32.3,22.9,0.0,0.0,0.0,0.0,3,20.0,37.8,212,Overcast,4,4,
48775,2021-07-02 15:15:00,40.65772,-73.89637,0,0,Reaction to Uninvolved Vehicle,4434411,24.3,19.2,29.6,29.6,0.0,23.0,63,14.1,27.7,284,Rain: Moderate,0,0,
48776,2021-07-04 14:30:00,40.603607,-74.01763,0,0,Driver Inexperience,4434221,24.6,15.8,1.4,1.4,0.0,12.0,51,11.8,27.0,299,Drizzle: Light,0,0,
48777,2021-07-04 19:59:00,40.84521,-73.90845,0,0,Unspecified,4434058,24.6,15.8,1.4,1.4,0.0,12.0,51,11.8,27.0,299,Drizzle: Light,0,0,
48778,2021-06-14 18:49:00,40.681126,-73.96446,1,0,Driver Inattention/Distraction,4434692,21.4,17.5,21.7,21.7,0.0,11.0,65,21.1,48.6,154,Rain: Heavy,1,1,
48779,2021-07-02 12:59:00,40.840267,-73.862526,0,0,Driver Inexperience,4434549,24.3,19.2,29.6,29.6,0.0,23.0,63,14.1,27.7,284,Rain: Moderate,0,0,
48780,2021-07-04 23:39:00,40.77106,-73.99427,0,0,Driver Inattention/Distraction,4434115,24.6,15.8,1.4,1.4,0.0,12.0,51,11.8,27.0,299,Drizzle: Light,0,0,
48781,2021-07-02 02:10:00,40.687576,-73.92568,0,0,Animals Action,4434720,24.3,19.2,29.6,29.6,0.0,23.0,63,14.1,27.7,284,Rain: Moderate,0,0,
48782,2021-07-04 02:16:00,40.59871,-73.94835,0,0,Unspecified,4433970,24.6,15.8,1.4,1.4,0.0,12.0,51,11.8,27.0,299,Drizzle: Light,0,0,
48783,2021-07-03 18:06:00,40.750496,-74.003006,0,0,Driver Inattention/Distraction,4434450,19.3,16.6,16.1,16.1,0.0,20.0,63,24.0,47.2,43,Rain: Moderate,0,0,
48784,2021-05-09 04:25:00,40.703655,-73.822464,1,0,Traffic Control Disregarded,4415386,16.7,5.8,8.6,8.6,0.0,8.0,61,18.9,38.9,250,Rain: Light,1,1,
48785,2021-07-02 23:00:00,40.83945,-73.88393,2,0,Passing or Lane Usage Improper,4434478,24.3,19.2,29.6,29.6,0.0,23.0,63,14.1,27.7,284,Rain: Moderate,2,2,
48786,2021-07-04 19:30:00,40.795345,-73.801254,0,0,Driver Inexperience,4434027,24.6,15.8,1.4,1.4,0.0,12.0,51,11.8,27.0,299,Drizzle: Light,0,0,
48787,2021-07-04 23:51:00,40.675735,-73.89686,0,0,Unspecified,4434415,24.6,15.8,1.4,1.4,0.0,12.0,51,11.8,27.0,299,Drizzle: Light,0,0,
48788,2021-07-04 04:24:00,40.755833,-73.92816,1,0,Driver Inattention/Distraction,4434178,24.6,15.8,1.4,1.4,0.0,12.0,51,11.8,27.0,299,Drizzle: Light,1,1,
48789,2021-07-04 12:50:00,40.878742,-73.87255,0,0,Passing or Lane Usage Improper,4433864,24.6,15.8,1.4,1.4,0.0,12.0,51,11.8,27.0,299,Drizzle: Light,0,0,
48790,2021-07-04 04:55:00,40.678963,-73.94965,1,0,Passing Too Closely,4434851,24.6,15.8,1.4,1.4,0.0,12.0,51,11.8,27.0,299,Drizzle: Light,1,1,
48791,2021-07-04 19:00:00,40.8211,-73.90676,0,0,Unspecified,4434197,24.6,15.8,1.4,1.4,0.0,12.0,51,11.8,27.0,299,Drizzle: Light,0,0,
48792,2021-07-04 17:46:00,40.667114,-73.834656,0,0,Unsafe Lane Changing,4433959,24.6,15.8,1.4,1.4,0.0,12.0,51,11.8,27.0,299,Drizzle: Light,0,0,
48793,2021-07-04 04:15:00,40.767574,-73.911995,1,0,Driver Inattention/Distraction,4434175,24.6,15.8,1.4,1.4,0.0,12.0,51,11.8,27.0,299,Drizzle: Light,1,1,
48794,2021-06-28 19:38:00,40.701626,-73.944176,0,0,Driver Inattention/Distraction,4434737,32.3,22.9,0.0,0.0,0.0,0.0,3,20.0,37.8,212,Overcast,0,0,
48795,2021-07-04 22:42:00,40.727566,-73.929276,0,0,Driver Inattention/Distraction,4434048,24.6,15.8,1.4,1.4,0.0,12.0,51,11.8,27.0,299,Drizzle: Light,0,0,
48796,2021-07-04 21:00:00,40.880157,-73.848076,0,0,Passing or Lane Usage Improper,4434530,24.6,15.8,1.4,1.4,0.0,12.0,51,11.8,27.0,299,Drizzle: Light,0,0,
48797,2021-06-27 17:36:00,40.896362,-73.87189,0,0,Unspecified,4434564,29.2,22.2,0.5,0.5,0.0,4.0,51,19.6,45.4,196,Drizzle: Light,0,0,
48798,2021-04-07 01:26:00,40.693874,-73.91777,0,0,Failure to Keep Right,4434815,19.7,6.7,0.5,0.5,0.0,2.0,51,15.5,34.6,14,Drizzle: Light,0,0,
48799,2021-07-03 03:56:00,40.602135,-74.114876,0,0,Unspecified,4434463,19.3,16.6,16.1,16.1,0.0,20.0,63,24.0,47.2,43,Rain: Moderate,0,0,
48800,2021-07-04 17:09:00,40.633835,-73.982605,1,0,Unspecified,4434641,24.6,15.8,1.4,1.4,0.0,12.0,51,11.8,27.0,299,Drizzle: Light,1,1,
48801,2021-07-04 21:07:00,40.807728,-73.85254,0,0,Failure to Yield Right-of-Way,4434620,24.6,15.8,1.4,1.4,0.0,12.0,51,11.8,27.0,299,Drizzle: Light,0,0,
48802,2021-07-03 12:30:00,40.67591,-73.86673,0,0,Unspecified,4434408,19.3,16.6,16.1,16.1,0.0,20.0,63,24.0,47.2,43,Rain: Moderate,0,0,
48803,2021-07-04 10:15:00,40.58185,-73.8473,0,0,Pavement Defective,4433784,24.6,15.8,1.4,1.4,0.0,12.0,51,11.8,27.0,299,Drizzle: Light,0,0,
48804,2021-07-04 01:29:00,40.746048,-73.89903,1,0,Driver Inattention/Distraction,4433808,24.6,15.8,1.4,1.4,0.0,12.0,51,11.8,27.0,299,Drizzle: Light,1,1,
48805,2021-07-04 09:50:00,40.856613,-73.86864,0,0,Unspecified,4434273,24.6,15.8,1.4,1.4,0.0,12.0,51,11.8,27.0,299,Drizzle: Light,0,0,
48806,2021-07-03 16:48:00,40.83114,-73.879776,0,0,Failure to Yield Right-of-Way,4434561,19.3,16.6,16.1,16.1,0.0,20.0,63,24.0,47.2,43,Rain: Moderate,0,0,
48807,2021-07-04 17:47:00,40.675854,-73.73163,0,0,Turning Improperly,4433881,24.6,15.8,1.4,1.4,0.0,12.0,51,11.8,27.0,299,Drizzle: Light,0,0,
48808,2021-07-04 13:54:00,40.680923,-73.83544,0,0,Traffic Control Disregarded,4434366,24.6,15.8,1.4,1.4,0.0,12.0,51,11.8,27.0,299,Drizzle: Light,0,0,
48809,2021-06-28 17:12:00,40.68064,-73.95338,1,0,Failure to Yield Right-of-Way,4434578,32.3,22.9,0.0,0.0,0.0,0.0,3,20.0,37.8,212,Overcast,1,1,
48810,2021-07-04 17:54:00,40.6411,-73.919464,0,0,Unspecified,4433925,24.6,15.8,1.4,1.4,0.0,12.0,51,11.8,27.0,299,Drizzle: Light,0,0,
48811,2021-07-02 21:40:00,0.0,0.0,0,0,Backing Unsafely,4434429,24.3,19.2,29.6,29.6,0.0,23.0,63,14.1,27.7,284,Rain: Moderate,0,0,
48812,2021-07-03 21:20:00,40.699574,-73.7827,0,0,Driver Inattention/Distraction,4434617,19.3,16.6,16.1,16.1,0.0,20.0,63,24.0,47.2,43,Rain: Moderate,0,0,
48813,2021-07-04 01:10:00,40.666695,-73.767136,1,0,Driver Inattention/Distraction,4433729,24.6,15.8,1.4,1.4,0.0,12.0,51,11.8,27.0,299,Drizzle: Light,1,1,
48814,2021-07-04 01:32:00,40.689648,-73.9184,3,0,Passing or Lane Usage Improper,4434275,24.6,15.8,1.4,1.4,0.0,12.0,51,11.8,27.0,299,Drizzle: Light,3,3,
48815,2021-06-25 11:10:00,40.748417,-73.87649,1,0,Driver Inattention/Distraction,4434866,24.7,15.6,0.0,0.0,0.0,0.0,3,20.9,41.0,144,Overcast,1,1,
48816,2021-07-02 00:00:00,40.74432,-73.9962,0,0,Driver Inattention/Distraction,4434423,24.3,19.2,29.6,29.6,0.0,23.0,63,14.1,27.7,284,Rain: Moderate,0,0,
48817,2021-07-04 03:35:00,40.69015,-73.99864,0,0,Unsafe Speed,4433753,24.6,15.8,1.4,1.4,0.0,12.0,51,11.8,27.0,299,Drizzle: Light,0,0,
48818,2021-07-04 15:00:00,40.661484,-73.741974,1,0,Driver Inattention/Distraction,4433880,24.6,15.8,1.4,1.4,0.0,12.0,51,11.8,27.0,299,Drizzle: Light,1,1,
48819,2021-07-04 01:02:00,40.827366,-73.85731,1,0,Backing Unsafely,4434591,24.6,15.8,1.4,1.4,0.0,12.0,51,11.8,27.0,299,Drizzle: Light,1,1,
48820,2021-07-02 16:00:00,40.709484,-73.79341,0,0,Other Vehicular,4434603,24.3,19.2,29.6,29.6,0.0,23.0,63,14.1,27.7,284,Rain: Moderate,0,0,
48821,2021-07-04 14:05:00,40.58392,-73.83093,3,0,Failure to Yield Right-of-Way,4433904,24.6,15.8,1.4,1.4,0.0,12.0,51,11.8,27.0,299,Drizzle: Light,3,3,
48822,2021-07-04 14:35:00,40.707096,-73.8272,0,0,Driver Inattention/Distraction,4434086,24.6,15.8,1.4,1.4,0.0,12.0,51,11.8,27.0,299,Drizzle: Light,0,0,
48823,2021-07-04 01:15:00,40.8305,-73.861626,0,0,Fell Asleep,4434582,24.6,15.8,1.4,1.4,0.0,12.0,51,11.8,27.0,299,Drizzle: Light,0,0,
48824,2021-07-04 21:15:00,40.580357,-74.07994,0,0,Backing Unsafely,4434462,24.6,15.8,1.4,1.4,0.0,12.0,51,11.8,27.0,299,Drizzle: Light,0,0,
48825,2021-07-02 19:11:00,40.827553,-73.86727,0,0,Unspecified,4434553,24.3,19.2,29.6,29.6,0.0,23.0,63,14.1,27.7,284,Rain: Moderate,0,0,
48826,2021-07-04 01:10:00,40.70163,-73.989685,1,0,Driver Inexperience,4433770,24.6,15.8,1.4,1.4,0.0,12.0,51,11.8,27.0,299,Drizzle: Light,1,1,
48827,2021-07-04 23:50:00,40.630486,-74.14595,3,0,Driver Inattention/Distraction,4433950,24.6,15.8,1.4,1.4,0.0,12.0,51,11.8,27.0,299,Drizzle: Light,3,3,
48828,2021-07-01 13:00:00,40.600945,-73.82037,1,0,Driver Inattention/Distraction,4434895,27.8,22.2,25.2,25.2,0.0,12.0,65,10.6,33.1,280,Rain: Heavy,1,1,
48829,2021-07-04 20:10:00,40.64531,-73.94608,2,0,Driver Inattention/Distraction,4433896,24.6,15.8,1.4,1.4,0.0,12.0,51,11.8,27.0,299,Drizzle: Light,2,2,
48830,2021-07-04 11:55:00,40.61948,-73.96419,0,0,Driver Inattention/Distraction,4434644,24.6,15.8,1.4,1.4,0.0,12.0,51,11.8,27.0,299,Drizzle: Light,0,0,
48831,2021-07-04 21:30:00,40.8651,-73.92189,1,0,Passing or Lane Usage Improper,4434254,24.6,15.8,1.4,1.4,0.0,12.0,51,11.8,27.0,299,Drizzle: Light,1,1,
48832,2021-07-04 15:40:00,40.713295,-73.916245,1,0,Following Too Closely,4433886,24.6,15.8,1.4,1.4,0.0,12.0,51,11.8,27.0,299,Drizzle: Light,1,1,
48833,2022-01-12 14:15:00,40.666126,-73.9953,0,0,Driver Inattention/Distraction,4494327,4.6,-7.3,0.0,0.0,0.0,0.0,3,20.5,39.2,213,Overcast,0,0,
48834,2021-06-26 00:00:00,40.826775,-73.87877,1,0,Pedestrian/Bicyclist/Other Pedestrian Error/Confusion,4434517,26.5,18.6,1.3,1.3,0.0,8.0,51,23.7,52.9,181,Drizzle: Light,1,1,
48835,2021-07-04 02:50:00,40.676765,-73.880516,0,0,Traffic Control Disregarded,4434430,24.6,15.8,1.4,1.4,0.0,12.0,51,11.8,27.0,299,Drizzle: Light,0,0,
48836,2021-07-04 19:20:00,40.824932,-73.82431,2,0,Driver Inattention/Distraction,4434778,24.6,15.8,1.4,1.4,0.0,12.0,51,11.8,27.0,299,Drizzle: Light,2,2,
48837,2021-07-04 22:35:00,40.84519,-73.9112,0,0,Driver Inattention/Distraction,4434007,24.6,15.8,1.4,1.4,0.0,12.0,51,11.8,27.0,299,Drizzle: Light,0,0,
48838,2021-07-04 09:14:00,40.65735,-73.97405,2,0,Unspecified,4434341,24.6,15.8,1.4,1.4,0.0,12.0,51,11.8,27.0,299,Drizzle: Light,2,2,
48839,2021-07-03 13:40:00,40.67745,-73.89569,0,0,Unspecified,4434440,19.3,16.6,16.1,16.1,0.0,20.0,63,24.0,47.2,43,Rain: Moderate,0,0,
48840,2021-07-04 00:00:00,40.666878,-73.901276,1,0,Unspecified,4434414,24.6,15.8,1.4,1.4,0.0,12.0,51,11.8,27.0,299,Drizzle: Light,1,1,
48841,2021-06-19 23:47:00,40.591393,-73.907875,0,0,Alcohol Involvement,4434572,31.5,19.5,1.2,1.2,0.0,3.0,53,21.1,38.2,243,Drizzle: Moderate,0,0,
48842,2021-07-04 16:30:00,40.577244,-74.00004,0,0,Passing or Lane Usage Improper,4433980,24.6,15.8,1.4,1.4,0.0,12.0,51,11.8,27.0,299,Drizzle: Light,0,0,
48843,2021-07-03 00:02:00,40.702007,-73.821205,1,0,Reaction to Uninvolved Vehicle,4434870,19.3,16.6,16.1,16.1,0.0,20.0,63,24.0,47.2,43,Rain: Moderate,1,1,
48844,2021-06-07 00:56:00,40.83419,-73.84525,0,0,Unspecified,4434507,31.0,20.7,0.1,0.1,0.0,1.0,51,16.5,34.9,204,Drizzle: Light,0,0,
48845,2021-06-21 14:00:00,40.62356,-73.927376,0,0,Unspecified,4434817,28.0,21.7,0.5,0.5,0.0,2.0,51,24.4,46.8,181,Drizzle: Light,0,0,
48846,2021-07-04 07:00:00,40.610264,-73.954704,0,0,Fell Asleep,4433969,24.6,15.8,1.4,1.4,0.0,12.0,51,11.8,27.0,299,Drizzle: Light,0,0,
48847,2021-07-04 01:35:00,40.666233,-73.761,2,0,Following Too Closely,4433634,24.6,15.8,1.4,1.4,0.0,12.0,51,11.8,27.0,299,Drizzle: Light,2,2,
48848,2021-06-30 16:40:00,40.83609,-73.87039,0,0,Drugs (illegal),4434532,35.2,24.9,0.1,0.1,0.0,1.0,51,20.6,37.1,246,Drizzle: Light,0,0,
48849,2021-06-25 16:30:00,40.642685,-73.99122,3,0,Failure to Yield Right-of-Way,4434655,24.7,15.6,0.0,0.0,0.0,0.0,3,20.9,41.0,144,Overcast,3,3,
48850,2021-07-04 15:25:00,40.65665,-73.924255,1,0,Unspecified,4433853,24.6,15.8,1.4,1.4,0.0,12.0,51,11.8,27.0,299,Drizzle: Light,1,1,
48851,2021-07-04 23:14:00,40.89363,-73.846794,0,0,Unsafe Speed,4434029,24.6,15.8,1.4,1.4,0.0,12.0,51,11.8,27.0,299,Drizzle: Light,0,0,
48852,2021-06-25 06:58:00,40.694107,-73.89737,1,0,Unsafe Lane Changing,4434627,24.7,15.6,0.0,0.0,0.0,0.0,3,20.9,41.0,144,Overcast,1,1,
48853,2021-06-27 13:57:00,40.610165,-73.92289,1,0,Driver Inattention/Distraction,4434569,29.2,22.2,0.5,0.5,0.0,4.0,51,19.6,45.4,196,Drizzle: Light,1,1,
48854,2021-07-03 21:40:00,40.852486,-73.88724,0,0,Other Vehicular,4434469,19.3,16.6,16.1,16.1,0.0,20.0,63,24.0,47.2,43,Rain: Moderate,0,0,
48855,2021-07-04 05:25:00,40.85592,-73.9172,2,0,Unsafe Speed,4434041,24.6,15.8,1.4,1.4,0.0,12.0,51,11.8,27.0,299,Drizzle: Light,2,2,
48856,2021-07-02 16:40:00,40.672966,-73.941864,0,0,Driver Inattention/Distraction,4434682,24.3,19.2,29.6,29.6,0.0,23.0,63,14.1,27.7,284,Rain: Moderate,0,0,
48857,2021-07-04 20:00:00,40.746906,-73.86371,3,0,Driver Inattention/Distraction,4434217,24.6,15.8,1.4,1.4,0.0,12.0,51,11.8,27.0,299,Drizzle: Light,3,3,
48858,2021-07-04 06:35:00,40.66336,-73.982994,0,0,Driver Inattention/Distraction,4434479,24.6,15.8,1.4,1.4,0.0,12.0,51,11.8,27.0,299,Drizzle: Light,0,0,
48859,2021-04-18 16:45:00,40.677746,-73.73096,0,0,Brakes Defective,4408298,15.1,5.3,0.2,0.2,0.0,2.0,51,13.2,28.4,282,Drizzle: Light,0,0,
48860,2021-07-04 23:48:00,40.636578,-74.03662,0,0,Following Too Closely,4433928,24.6,15.8,1.4,1.4,0.0,12.0,51,11.8,27.0,299,Drizzle: Light,0,0,
48861,2021-06-29 14:15:00,40.817844,-73.866005,1,0,Turning Improperly,4434521,33.4,24.0,0.7,0.7,0.0,4.0,51,19.5,40.0,231,Drizzle: Light,1,1,
48862,2021-06-27 12:09:00,40.89788,-73.884514,1,0,Passing or Lane Usage Improper,4434541,29.2,22.2,0.5,0.5,0.0,4.0,51,19.6,45.4,196,Drizzle: Light,1,1,
48863,2021-07-04 19:45:00,40.70316,-73.73232,0,0,Unspecified,4434312,24.6,15.8,1.4,1.4,0.0,12.0,51,11.8,27.0,299,Drizzle: Light,0,0,
48864,2021-07-04 22:40:00,40.857933,-73.892876,1,0,Driver Inattention/Distraction,4434456,24.6,15.8,1.4,1.4,0.0,12.0,51,11.8,27.0,299,Drizzle: Light,1,1,
48865,2021-07-04 23:42:00,40.696297,-73.97716,0,0,Driver Inattention/Distraction,4434055,24.6,15.8,1.4,1.4,0.0,12.0,51,11.8,27.0,299,Drizzle: Light,0,0,
48866,2021-06-17 09:05:00,40.72752,-73.907936,0,0,Passing or Lane Usage Improper,4434700,23.9,12.1,0.0,0.0,0.0,0.0,3,13.4,27.4,311,Overcast,0,0,
48867,2021-07-04 00:09:00,40.835705,-73.88875,1,0,Pedestrian/Bicyclist/Other Pedestrian Error/Confusion,4434181,24.6,15.8,1.4,1.4,0.0,12.0,51,11.8,27.0,299,Drizzle: Light,1,1,
48868,2021-07-04 08:55:00,40.837864,-73.9114,1,0,Fell Asleep,4434576,24.6,15.8,1.4,1.4,0.0,12.0,51,11.8,27.0,299,Drizzle: Light,1,1,
48869,2021-07-04 23:51:00,40.67819,-73.80144,1,0,Alcohol Involvement,4434492,24.6,15.8,1.4,1.4,0.0,12.0,51,11.8,27.0,299,Drizzle: Light,1,1,
48870,2021-06-18 11:40:00,40.733433,-73.89595,1,0,Driver Inattention/Distraction,4434630,27.4,13.8,0.0,0.0,0.0,0.0,3,20.5,40.3,210,Overcast,1,1,
48871,2021-07-04 19:59:00,40.86155,-73.92472,0,0,Passing or Lane Usage Improper,4434201,24.6,15.8,1.4,1.4,0.0,12.0,51,11.8,27.0,299,Drizzle: Light,0,0,
48872,2021-07-04 15:09:00,40.88839,-73.84666,0,0,Alcohol Involvement,4434621,24.6,15.8,1.4,1.4,0.0,12.0,51,11.8,27.0,299,Drizzle: Light,0,0,
48873,2021-07-01 13:45:00,40.799286,-73.945366,0,0,Failure to Yield Right-of-Way,4434499,27.8,22.2,25.2,25.2,0.0,12.0,65,10.6,33.1,280,Rain: Heavy,0,0,
48874,2021-07-04 01:05:00,40.674755,-73.91109,1,0,Driver Inattention/Distraction,4433618,24.6,15.8,1.4,1.4,0.0,12.0,51,11.8,27.0,299,Drizzle: Light,1,1,
48875,2021-07-04 23:40:00,40.639053,-73.881584,2,0,Following Too Closely,4434565,24.6,15.8,1.4,1.4,0.0,12.0,51,11.8,27.0,299,Drizzle: Light,2,2,