,CRASH DATETIME,LATITUDE,LONGITUDE,NUMBER OF PERSONS INJURED,NUMBER OF PERSONS KILLED,CONTRIBUTING FACTOR VEHICLE 1,COLLISION_ID,temperature_2m_max,temperature_2m_min,precipitation_sum,rain_sum,snowfall_sum,precipitation_hours,weather_code,wind_speed_10m_max,wind_gusts_10m_max,wind_direction_10m_dominant,Weather Description,Severity_Score,Total_Affected_Persons,Weather_Category
48876,2021-06-30 14:30:00,40.817265,-73.86105,0,0,Unspecified,4434522,35.2,24.9,0.1,0.1,0.0,1.0,51,20.6,37.1,246,Drizzle: Light,0,0,
48877,2021-07-04 17:46:00,40.805077,-73.91092,1,0,Unspecified,4433977,24.6,15.8,1.4,1.4,0.0,12.0,51,11.8,27.0,299,Drizzle: Light,1,1,
48878,2021-07-04 14:50:00,40.675735,-73.89686,1,0,Unspecified,4434409,24.6,15.8,1.4,1.4,0.0,12.0,51,11.8,27.0,299,Drizzle: Light,1,1,
48879,2021-04-29 15:57:00,40.610947,-73.953606,3,0,Driver Inattention/Distraction,4411851,22.5,12.9,3.8,3.8,0.0,9.0,53,25.6,50.8,199,Drizzle: Moderate,3,3,
48880,2021-07-04 18:30:00,40.64242,-73.961754,0,0,Failure to Yield Right-of-Way,4434385,24.6,15.8,1.4,1.4,0.0,12.0,51,11.8,27.0,299,Drizzle: Light,0,0,
48881,2021-06-29 19:45:00,40.69819,-73.96191,1,0,Pedestrian/Bicyclist/Other Pedestrian Error/Confusion,4434860,33.4,24.0,0.7,0.7,0.0,4.0,51,19.5,40.0,231,Drizzle: Light,1,1,
48882,2021-07-01 13:00:00,40.825905,-73.87951,0,0,Unspecified,4434548,27.8,22.2,25.2,25.2,0.0,12.0,65,10.6,33.1,280,Rain: Heavy,0,0,
48883,2021-07-03 04:05:00,40.670155,-73.985504,0,0,Alcohol Involvement,4434475,19.3,16.6,16.1,16.1,0.0,20.0,63,24.0,47.2,43,Rain: Moderate,0,0,
48884,2021-04-12 00:30:00,40.667313,-73.73926,1,0,Following Too Closely,4406425,8.7,6.7,13.6,13.6,0.0,21.0,61,23.4,42.1,51,Rain: Light,1,1,
48885,2021-07-04 04:00:00,40.677765,-73.90792,0,0,Unspecified,4434071,24.6,15.8,1.4,1.4,0.0,12.0,51,11.8,27.0,299,Drizzle: Light,0,0,
48886,2021-06-21 12:07:00,40.699715,-73.96182,0,0,Pavement Defective,4434736,28.0,21.7,0.5,0.5,0.0,2.0,51,24.4,46.8,181,Drizzle: Light,0,0,
48887,2021-07-04 12:00:00,40.69551,-73.80529,0,0,Unsafe Speed,4434106,24.6,15.8,1.4,1.4,0.0,12.0,51,11.8,27.0,299,Drizzle: Light,0,0,
48888,2021-06-30 05:30:00,40.702045,-73.9156,0,0,Driver Inattention/Distraction,4434793,35.2,24.9,0.1,0.1,0.0,1.0,51,20.6,37.1,246,Drizzle: Light,0,0,
48889,2021-07-01 08:31:00,40.633152,-74.01639,1,0,Traffic Control Disregarded,4434451,27.8,22.2,25.2,25.2,0.0,12.0,65,10.6,33.1,280,Rain: Heavy,1,1,
48890,2021-07-04 20:30:00,40.853683,-73.93054,0,0,Unspecified,4434263,24.6,15.8,1.4,1.4,0.0,12.0,51,11.8,27.0,299,Drizzle: Light,0,0,
48891,2021-07-04 15:50:00,40.69942,-73.86878,2,0,Following Too Closely,4433885,24.6,15.8,1.4,1.4,0.0,12.0,51,11.8,27.0,299,Drizzle: Light,2,2,
48892,2021-07-04 15:45:00,40.74355,-73.73246,0,0,Unsafe Speed,4433924,24.6,15.8,1.4,1.4,0.0,12.0,51,11.8,27.0,299,Drizzle: Light,0,0,
48893,2021-07-04 01:05:00,40.694065,-73.81079,0,0,Tire Failure/Inadequate,4434616,24.6,15.8,1.4,1.4,0.0,12.0,51,11.8,27.0,299,Drizzle: Light,0,0,
48894,2021-07-04 04:00:00,40.657887,-73.735664,0,0,Traffic Control Disregarded,4433731,24.6,15.8,1.4,1.4,0.0,12.0,51,11.8,27.0,299,Drizzle: Light,0,0,
48895,2021-07-03 22:20:00,40.840855,-73.86547,1,0,Unspecified,4434583,19.3,16.6,16.1,16.1,0.0,20.0,63,24.0,47.2,43,Rain: Moderate,1,1,
48896,2021-07-04 05:30:00,40.695415,-73.90806,1,0,Traffic Control Disregarded,4434276,24.6,15.8,1.4,1.4,0.0,12.0,51,11.8,27.0,299,Drizzle: Light,1,1,
48897,2021-07-04 17:10:00,40.759567,-73.83015,1,0,Failure to Yield Right-of-Way,4434026,24.6,15.8,1.4,1.4,0.0,12.0,51,11.8,27.0,299,Drizzle: Light,1,1,
48898,2021-06-29 07:55:00,40.672848,-73.9675,2,0,Outside Car Distraction,4434691,33.4,24.0,0.7,0.7,0.0,4.0,51,19.5,40.0,231,Drizzle: Light,2,2,
48899,2021-07-03 09:36:00,40.836708,-73.86154,0,0,Unspecified,4434560,19.3,16.6,16.1,16.1,0.0,20.0,63,24.0,47.2,43,Rain: Moderate,0,0,
48900,2021-07-02 14:09:00,40.748367,-73.87693,0,0,Passing or Lane Usage Improper,4434636,24.3,19.2,29.6,29.6,0.0,23.0,63,14.1,27.7,284,Rain: Moderate,0,0,
48901,2021-07-04 10:38:00,40.713123,-73.900734,2,0,Unspecified,4433887,24.6,15.8,1.4,1.4,0.0,12.0,51,11.8,27.0,299,Drizzle: Light,2,2,
48902,2021-07-02 23:45:00,40.57642,-74.11875,0,0,Alcohol Involvement,4434457,24.3,19.2,29.6,29.6,0.0,23.0,63,14.1,27.7,284,Rain: Moderate,0,0,
48903,2021-07-02 11:55:00,40.676075,-73.8935,0,0,Unspecified,4434426,24.3,19.2,29.6,29.6,0.0,23.0,63,14.1,27.7,284,Rain: Moderate,0,0,
48904,2021-07-01 13:40:00,40.909615,-73.89769,1,0,Driver Inattention/Distraction,4434701,27.8,22.2,25.2,25.2,0.0,12.0,65,10.6,33.1,280,Rain: Heavy,1,1,
48905,2021-07-04 02:50:00,40.740948,-73.89529,0,0,Driver Inattention/Distraction,4433727,24.6,15.8,1.4,1.4,0.0,12.0,51,11.8,27.0,299,Drizzle: Light,0,0,
48906,2021-07-02 18:30:00,40.68796,-73.94194,1,0,Pedestrian/Bicyclist/Other Pedestrian Error/Confusion,4434847,24.3,19.2,29.6,29.6,0.0,23.0,63,14.1,27.7,284,Rain: Moderate,1,1,
48907,2021-07-03 22:55:00,40.71444,-73.83127,0,0,Driver Inattention/Distraction,4434715,19.3,16.6,16.1,16.1,0.0,20.0,63,24.0,47.2,43,Rain: Moderate,0,0,
48908,2021-06-24 12:53:00,40.727898,-73.95728,0,0,Unsafe Speed,4434814,23.2,13.5,0.0,0.0,0.0,0.0,3,19.7,40.0,145,Overcast,0,0,
48909,2021-07-04 11:00:00,40.562126,-73.90231,0,0,Unspecified,4433783,24.6,15.8,1.4,1.4,0.0,12.0,51,11.8,27.0,299,Drizzle: Light,0,0,
48910,2021-07-01 21:08:00,40.895676,-73.877014,2,0,Illnes,4434706,27.8,22.2,25.2,25.2,0.0,12.0,65,10.6,33.1,280,Rain: Heavy,2,2,
48911,2021-07-04 21:30:00,40.745857,-73.71416,0,0,Unspecified,4434304,24.6,15.8,1.4,1.4,0.0,12.0,51,11.8,27.0,299,Drizzle: Light,0,0,
48912,2021-07-04 06:40:00,40.74613,-73.83605,0,0,Driver Inattention/Distraction,4433685,24.6,15.8,1.4,1.4,0.0,12.0,51,11.8,27.0,299,Drizzle: Light,0,0,
48913,2021-07-04 14:45:00,40.699997,-73.95723,1,0,Physical Disability,4433952,24.6,15.8,1.4,1.4,0.0,12.0,51,11.8,27.0,299,Drizzle: Light,1,1,
48914,2021-07-02 06:50:00,40.753918,-73.99964,0,0,Unspecified,4434422,24.3,19.2,29.6,29.6,0.0,23.0,63,14.1,27.7,284,Rain: Moderate,0,0,
48915,2021-07-01 18:59:00,40.637966,-73.981895,1,0,Failure to Yield Right-of-Way,4434645,27.8,22.2,25.2,25.2,0.0,12.0,65,10.6,33.1,280,Rain: Heavy,1,1,
48916,2021-07-04 14:28:00,40.730587,-73.88812,0,0,Driver Inattention/Distraction,4434236,24.6,15.8,1.4,1.4,0.0,12.0,51,11.8,27.0,299,Drizzle: Light,0,0,
48917,2021-07-04 12:55:00,40.666233,-73.761,2,0,Unspecified,4433878,24.6,15.8,1.4,1.4,0.0,12.0,51,11.8,27.0,299,Drizzle: Light,2,2,
48918,2021-07-04 14:00:00,40.594765,-73.75125,0,0,Driver Inexperience,4434539,24.6,15.8,1.4,1.4,0.0,12.0,51,11.8,27.0,299,Drizzle: Light,0,0,
48919,2021-06-10 17:09:00,40.834297,-73.84529,0,0,Failure to Yield Right-of-Way,4434509,26.7,16.8,0.0,0.0,0.0,0.0,3,20.9,40.3,78,Overcast,0,0,
48920,2021-07-04 07:16:00,40.672142,-73.77373,0,0,Following Too Closely,4434036,24.6,15.8,1.4,1.4,0.0,12.0,51,11.8,27.0,299,Drizzle: Light,0,0,
48921,2021-07-04 17:19:00,40.73532,-73.920265,0,0,Failure to Yield Right-of-Way,4434820,24.6,15.8,1.4,1.4,0.0,12.0,51,11.8,27.0,299,Drizzle: Light,0,0,
48922,2021-07-04 20:40:00,40.889294,-73.849495,1,0,Failure to Yield Right-of-Way,4434012,24.6,15.8,1.4,1.4,0.0,12.0,51,11.8,27.0,299,Drizzle: Light,1,1,
48923,2021-07-03 20:17:00,40.59282,-74.07069,0,0,Unspecified,4434461,19.3,16.6,16.1,16.1,0.0,20.0,63,24.0,47.2,43,Rain: Moderate,0,0,
48924,2021-07-04 01:14:00,40.717354,-73.953995,1,0,Traffic Control Disregarded,4434043,24.6,15.8,1.4,1.4,0.0,12.0,51,11.8,27.0,299,Drizzle: Light,1,1,
48925,2021-06-20 19:27:00,40.8398,-73.928665,0,0,Reaction to Uninvolved Vehicle,4434836,28.7,17.3,0.3,0.3,0.0,2.0,51,19.5,40.0,212,Drizzle: Light,0,0,
48926,2021-07-02 16:28:00,40.695866,-73.96969,0,0,Driver Inattention/Distraction,4434663,24.3,19.2,29.6,29.6,0.0,23.0,63,14.1,27.7,284,Rain: Moderate,0,0,
48927,2021-07-04 01:30:00,40.6481,-73.91474,2,0,Alcohol Involvement,4433863,24.6,15.8,1.4,1.4,0.0,12.0,51,11.8,27.0,299,Drizzle: Light,2,2,
48928,2021-06-11 02:30:00,40.71382,-73.92077,0,0,Unsafe Lane Changing,4434628,20.7,15.3,1.2,1.2,0.0,3.0,53,13.2,27.0,97,Drizzle: Moderate,0,0,
48929,2021-07-04 12:10:00,40.637184,-74.030685,0,0,Unspecified,4433764,24.6,15.8,1.4,1.4,0.0,12.0,51,11.8,27.0,299,Drizzle: Light,0,0,
48930,2021-06-23 10:30:00,40.54823,-74.220665,0,0,Obstruction/Debris,4434552,23.1,12.2,0.0,0.0,0.0,0.0,3,16.5,31.7,309,Overcast,0,0,
48931,2021-07-04 10:33:00,40.65011,-73.930214,1,0,Unspecified,4434329,24.6,15.8,1.4,1.4,0.0,12.0,51,11.8,27.0,299,Drizzle: Light,1,1,
48932,2021-07-03 00:00:00,40.678238,-73.94415,0,0,Backing Unsafely,4434780,19.3,16.6,16.1,16.1,0.0,20.0,63,24.0,47.2,43,Rain: Moderate,0,0,
48933,2021-07-02 20:31:00,40.67298,-73.88852,1,0,Driver Inattention/Distraction,4434439,24.3,19.2,29.6,29.6,0.0,23.0,63,14.1,27.7,284,Rain: Moderate,1,1,
48934,2021-07-04 00:00:00,40.64213,-73.92936,1,0,Following Too Closely,4433897,24.6,15.8,1.4,1.4,0.0,12.0,51,11.8,27.0,299,Drizzle: Light,1,1,
48935,2021-07-04 05:37:00,40.666737,-73.90224,0,0,Failure to Yield Right-of-Way,4434074,24.6,15.8,1.4,1.4,0.0,12.0,51,11.8,27.0,299,Drizzle: Light,0,0,
48936,2021-07-04 00:00:00,40.651974,-73.86542,0,0,Unspecified,4434413,24.6,15.8,1.4,1.4,0.0,12.0,51,11.8,27.0,299,Drizzle: Light,0,0,
48937,2021-07-04 21:00:00,40.733967,-73.87177,0,0,Unspecified,4434216,24.6,15.8,1.4,1.4,0.0,12.0,51,11.8,27.0,299,Drizzle: Light,0,0,
48938,2021-07-04 03:40:00,40.7607,-73.82097,0,0,Passing or Lane Usage Improper,4433642,24.6,15.8,1.4,1.4,0.0,12.0,51,11.8,27.0,299,Drizzle: Light,0,0,
48939,2021-07-04 18:14:00,40.59275,-73.95016,0,0,Unspecified,4433964,24.6,15.8,1.4,1.4,0.0,12.0,51,11.8,27.0,299,Drizzle: Light,0,0,
48940,2021-06-28 19:05:00,40.593624,-73.77632,0,0,Driver Inattention/Distraction,4434599,32.3,22.9,0.0,0.0,0.0,0.0,3,20.0,37.8,212,Overcast,0,0,
48941,2021-07-04 16:45:00,40.70411,-73.81761,0,0,Unsafe Lane Changing,4434087,24.6,15.8,1.4,1.4,0.0,12.0,51,11.8,27.0,299,Drizzle: Light,0,0,
48942,2021-07-04 16:37:00,40.873642,-73.90797,0,0,Driver Inattention/Distraction,4433902,24.6,15.8,1.4,1.4,0.0,12.0,51,11.8,27.0,299,Drizzle: Light,0,0,
48943,2021-06-29 14:25:00,40.885693,-73.86165,0,0,Passing Too Closely,4434874,33.4,24.0,0.7,0.7,0.0,4.0,51,19.5,40.0,231,Drizzle: Light,0,0,
48944,2021-07-02 00:15:00,40.68064,-73.95338,2,0,Passing or Lane Usage Improper,4434516,24.3,19.2,29.6,29.6,0.0,23.0,63,14.1,27.7,284,Rain: Moderate,2,2,
48945,2021-07-03 16:45:00,40.85642,-73.89101,1,0,Driver Inattention/Distraction,4434468,19.3,16.6,16.1,16.1,0.0,20.0,63,24.0,47.2,43,Rain: Moderate,1,1,
48946,2021-06-24 08:52:00,40.621178,-73.93005,4,0,Failure to Yield Right-of-Way,4434570,23.2,13.5,0.0,0.0,0.0,0.0,3,19.7,40.0,145,Overcast,4,4,
48947,2021-07-02 20:00:00,40.786865,-73.95123,0,0,Passing or Lane Usage Improper,4434897,24.3,19.2,29.6,29.6,0.0,23.0,63,14.1,27.7,284,Rain: Moderate,0,0,
48948,2021-06-25 00:00:00,40.696198,-73.98869,0,0,Following Too Closely,4434760,24.7,15.6,0.0,0.0,0.0,0.0,3,20.9,41.0,144,Overcast,0,0,
48949,2021-07-04 21:58:00,40.5832,-73.97304,0,0,Following Too Closely,4433981,24.6,15.8,1.4,1.4,0.0,12.0,51,11.8,27.0,299,Drizzle: Light,0,0,
48950,2021-07-03 22:15:00,40.71738,-73.95217,0,0,Failure to Yield Right-of-Way,4434480,19.3,16.6,16.1,16.1,0.0,20.0,63,24.0,47.2,43,Rain: Moderate,0,0,
48951,2021-07-04 23:30:00,40.8121,-73.859856,0,0,Unspecified,4434592,24.6,15.8,1.4,1.4,0.0,12.0,51,11.8,27.0,299,Drizzle: Light,0,0,
48952,2021-07-04 23:16:00,40.5404,-74.160126,0,0,Unspecified,4434281,24.6,15.8,1.4,1.4,0.0,12.0,51,11.8,27.0,299,Drizzle: Light,0,0,
48953,2021-06-30 21:55:00,40.648254,-73.971405,1,0,Unspecified,4434624,35.2,24.9,0.1,0.1,0.0,1.0,51,20.6,37.1,246,Drizzle: Light,1,1,
48954,2021-06-29 16:28:00,40.613388,-73.8204,1,0,Driver Inattention/Distraction,4434646,33.4,24.0,0.7,0.7,0.0,4.0,51,19.5,40.0,231,Drizzle: Light,1,1,
48955,2021-07-04 11:30:00,40.855713,-73.93315,0,0,Unsafe Speed,4433849,24.6,15.8,1.4,1.4,0.0,12.0,51,11.8,27.0,299,Drizzle: Light,0,0,
48956,2021-07-02 13:30:00,40.67816,-73.897484,0,0,Unspecified,4434410,24.3,19.2,29.6,29.6,0.0,23.0,63,14.1,27.7,284,Rain: Moderate,0,0,
48957,2021-07-02 23:48:00,40.828106,-73.88568,0,0,Unspecified,4434559,24.3,19.2,29.6,29.6,0.0,23.0,63,14.1,27.7,284,Rain: Moderate,0,0,
48958,2021-07-04 14:35:00,40.909626,-73.8966,2,0,Unspecified,4434269,24.6,15.8,1.4,1.4,0.0,12.0,51,11.8,27.0,299,Drizzle: Light,2,2,
48959,2021-07-04 12:20:00,40.86601,-73.890976,0,0,Reaction to Uninvolved Vehicle,4433780,24.6,15.8,1.4,1.4,0.0,12.0,51,11.8,27.0,299,Drizzle: Light,0,0,
48960,2021-07-04 13:30:00,40.73887,-73.81036,0,0,Passing Too Closely,4433888,24.6,15.8,1.4,1.4,0.0,12.0,51,11.8,27.0,299,Drizzle: Light,0,0,
48961,2021-07-04 20:05:00,40.676613,-73.89024,1,0,Unspecified,4434443,24.6,15.8,1.4,1.4,0.0,12.0,51,11.8,27.0,299,Drizzle: Light,1,1,
48962,2021-07-03 03:20:00,40.656216,-73.882515,3,0,Unsafe Speed,4434432,19.3,16.6,16.1,16.1,0.0,20.0,63,24.0,47.2,43,Rain: Moderate,3,3,
48963,2021-07-04 08:00:00,40.7418,-73.72815,0,0,Driver Inattention/Distraction,4433732,24.6,15.8,1.4,1.4,0.0,12.0,51,11.8,27.0,299,Drizzle: Light,0,0,
48964,2021-07-03 21:50:00,40.830624,-73.85206,0,0,Unspecified,4434571,19.3,16.6,16.1,16.1,0.0,20.0,63,24.0,47.2,43,Rain: Moderate,0,0,
48965,2021-06-30 14:00:00,40.69819,-73.96191,0,0,Turning Improperly,4434857,35.2,24.9,0.1,0.1,0.0,1.0,51,20.6,37.1,246,Drizzle: Light,0,0,
48966,2021-07-04 14:00:00,40.74485,-73.8781,0,0,Unspecified,4434629,24.6,15.8,1.4,1.4,0.0,12.0,51,11.8,27.0,299,Drizzle: Light,0,0,
48967,2021-07-03 18:05:00,40.683758,-73.97875,1,0,Unspecified,4434476,19.3,16.6,16.1,16.1,0.0,20.0,63,24.0,47.2,43,Rain: Moderate,1,1,
48968,2021-06-16 16:00:00,40.677174,-73.924774,0,0,Unspecified,4434687,23.1,15.1,0.0,0.0,0.0,0.0,1,20.2,40.0,317,Mainly clear,0,0,Sunny/Clear Conditions
48969,2021-07-04 21:40:00,40.865955,-73.85867,0,0,Passing Too Closely,4434054,24.6,15.8,1.4,1.4,0.0,12.0,51,11.8,27.0,299,Drizzle: Light,0,0,
48970,2021-06-29 15:00:00,40.823956,-73.877144,1,0,Driver Inattention/Distraction,4434520,33.4,24.0,0.7,0.7,0.0,4.0,51,19.5,40.0,231,Drizzle: Light,1,1,
48971,2021-06-30 12:45:00,40.830112,-73.850266,0,0,Unspecified,4434523,35.2,24.9,0.1,0.1,0.0,1.0,51,20.6,37.1,246,Drizzle: Light,0,0,
48972,2021-07-04 03:20:00,40.6784,-73.913246,1,0,Unspecified,4433619,24.6,15.8,1.4,1.4,0.0,12.0,51,11.8,27.0,299,Drizzle: Light,1,1,
48973,2021-07-04 00:00:00,40.823647,-73.943855,2,0,Driver Inexperience,4434615,24.6,15.8,1.4,1.4,0.0,12.0,51,11.8,27.0,299,Drizzle: Light,2,2,
48974,2021-07-04 18:31:00,40.806694,-73.94501,1,0,Unsafe Speed,4434153,24.6,15.8,1.4,1.4,0.0,12.0,51,11.8,27.0,299,Drizzle: Light,1,1,
48975,2021-07-04 15:00:00,40.737408,-73.95416,0,0,Backing Unsafely,4434210,24.6,15.8,1.4,1.4,0.0,12.0,51,11.8,27.0,299,Drizzle: Light,0,0,
48976,2021-07-04 04:10:00,40.746773,-73.90885,0,0,Driver Inattention/Distraction,4434735,24.6,15.8,1.4,1.4,0.0,12.0,51,11.8,27.0,299,Drizzle: Light,0,0,
48977,2021-06-20 06:10:00,40.629677,-73.94151,0,0,Driver Inattention/Distraction,4434566,28.7,17.3,0.3,0.3,0.0,2.0,51,19.5,40.0,212,Drizzle: Light,0,0,
48978,2021-07-02 14:50:00,40.72655,-73.94278,1,0,Driver Inattention/Distraction,4434813,24.3,19.2,29.6,29.6,0.0,23.0,63,14.1,27.7,284,Rain: Moderate,1,1,
48979,2021-07-02 14:01:00,40.63552,-74.0167,1,0,Pedestrian/Bicyclist/Other Pedestrian Error/Confusion,4434452,24.3,19.2,29.6,29.6,0.0,23.0,63,14.1,27.7,284,Rain: Moderate,1,1,
48980,2021-07-04 10:26:00,40.76471,-73.830696,0,0,Passing or Lane Usage Improper,4434025,24.6,15.8,1.4,1.4,0.0,12.0,51,11.8,27.0,299,Drizzle: Light,0,0,
48981,2021-05-25 15:00:00,40.708508,-73.95071,2,0,Aggressive Driving/Road Rage,4420473,21.9,13.0,0.0,0.0,0.0,0.0,3,24.3,47.9,182,Overcast,2,2,
48982,2021-07-04 11:54:00,40.83927,-73.86138,0,0,View Obstructed/Limited,4434584,24.6,15.8,1.4,1.4,0.0,12.0,51,11.8,27.0,299,Drizzle: Light,0,0,
48983,2021-06-13 15:37:00,40.774704,-73.988205,0,0,Passing or Lane Usage Improper,4434702,23.9,15.0,0.2,0.2,0.0,2.0,51,17.7,35.6,185,Drizzle: Light,0,0,
48984,2021-07-04 10:39:00,40.71216,-73.99592,0,0,Reaction to Uninvolved Vehicle,4433884,24.6,15.8,1.4,1.4,0.0,12.0,51,11.8,27.0,299,Drizzle: Light,0,0,
48985,2021-07-04 14:20:00,40.63281,-73.96694,0,0,Passing or Lane Usage Improper,4434388,24.6,15.8,1.4,1.4,0.0,12.0,51,11.8,27.0,299,Drizzle: Light,0,0,
48986,2021-06-30 02:20:00,40.59684,-74.06208,0,0,Alcohol Involvement,4434458,35.2,24.9,0.1,0.1,0.0,1.0,51,20.6,37.1,246,Drizzle: Light,0,0,
48987,2021-07-04 14:00:00,40.746883,-73.76348,0,0,Unsafe Speed,4433930,24.6,15.8,1.4,1.4,0.0,12.0,51,11.8,27.0,299,Drizzle: Light,0,0,
48988,2021-07-04 18:34:00,40.84091,-73.904755,0,0,Unsafe Speed,4433922,24.6,15.8,1.4,1.4,0.0,12.0,51,11.8,27.0,299,Drizzle: Light,0,0,
48989,2021-07-01 21:40:00,40.659992,-73.89154,0,0,,4434427,27.8,22.2,25.2,25.2,0.0,12.0,65,10.6,33.1,280,Rain: Heavy,0,0,
48990,2021-07-04 01:10:00,40.831142,-73.8619,0,0,Driver Inattention/Distraction,4434575,24.6,15.8,1.4,1.4,0.0,12.0,51,11.8,27.0,299,Drizzle: Light,0,0,
48991,2021-07-03 05:20:00,40.843903,-73.927284,0,0,Driverless/Runaway Vehicle,4434840,19.3,16.6,16.1,16.1,0.0,20.0,63,24.0,47.2,43,Rain: Moderate,0,0,
48992,2021-07-04 05:00:00,40.61183,-74.00108,0,0,Unspecified,4434064,24.6,15.8,1.4,1.4,0.0,12.0,51,11.8,27.0,299,Drizzle: Light,0,0,
48993,2021-06-30 00:05:00,40.734497,-73.72287,0,0,Unspecified,4434546,35.2,24.9,0.1,0.1,0.0,1.0,51,20.6,37.1,246,Drizzle: Light,0,0,
48994,2021-07-04 23:00:00,40.702236,-73.75769,1,0,Driver Inexperience,4434503,24.6,15.8,1.4,1.4,0.0,12.0,51,11.8,27.0,299,Drizzle: Light,1,1,
48995,2021-06-23 14:40:00,40.673668,-73.95688,0,0,Driver Inattention/Distraction,4434681,23.1,12.2,0.0,0.0,0.0,0.0,3,16.5,31.7,309,Overcast,0,0,
48996,2021-07-04 09:45:00,40.667038,-73.757324,1,0,Illnes,4434711,24.6,15.8,1.4,1.4,0.0,12.0,51,11.8,27.0,299,Drizzle: Light,1,1,
48997,2021-07-04 14:43:00,40.699627,-73.80529,0,0,Passing Too Closely,4434092,24.6,15.8,1.4,1.4,0.0,12.0,51,11.8,27.0,299,Drizzle: Light,0,0,
48998,2021-07-01 13:49:00,40.690647,-73.90805,0,0,Driver Inattention/Distraction,4434792,27.8,22.2,25.2,25.2,0.0,12.0,65,10.6,33.1,280,Rain: Heavy,0,0,
48999,2021-07-04 22:38:00,40.589043,-73.98381,3,0,Driver Inattention/Distraction,4433983,24.6,15.8,1.4,1.4,0.0,12.0,51,11.8,27.0,299,Drizzle: Light,3,3,
49000,2021-07-04 23:35:00,40.744717,-73.86786,1,0,Failure to Yield Right-of-Way,4434635,24.6,15.8,1.4,1.4,0.0,12.0,51,11.8,27.0,299,Drizzle: Light,1,1,
49001,2021-07-03 17:31:00,40.719635,-74.00225,1,0,Driver Inattention/Distraction,4434483,19.3,16.6,16.1,16.1,0.0,20.0,63,24.0,47.2,43,Rain: Moderate,1,1,
49002,2021-07-03 08:36:00,40.691177,-73.8266,2,0,Aggressive Driving/Road Rage,4434491,19.3,16.6,16.1,16.1,0.0,20.0,63,24.0,47.2,43,Rain: Moderate,2,2,
49003,2021-04-13 16:20:00,40.69174,-73.91401,1,0,Driver Inattention/Distraction,4407057,18.3,5.8,4.5,4.5,0.0,5.0,61,14.5,28.1,17,Rain: Light,1,1,
49004,2021-07-01 16:40:00,40.749958,-73.984215,2,0,Illnes,4434828,27.8,22.2,25.2,25.2,0.0,12.0,65,10.6,33.1,280,Rain: Heavy,2,2,
49005,2021-07-04 14:30:00,40.674953,-73.80205,0,0,Following Too Closely,4434037,24.6,15.8,1.4,1.4,0.0,12.0,51,11.8,27.0,299,Drizzle: Light,0,0,
49006,2022-01-12 13:00:00,40.818947,-73.95221,0,0,Driver Inattention/Distraction,4494246,4.6,-7.3,0.0,0.0,0.0,0.0,3,20.5,39.2,213,Overcast,0,0,
49007,2022-01-12 03:40:00,40.70926,-73.764824,0,0,Aggressive Driving/Road Rage,4494085,4.6,-7.3,0.0,0.0,0.0,0.0,3,20.5,39.2,213,Overcast,0,0,
49008,2022-01-14 18:48:00,40.830048,-73.90632,1,0,Passing Too Closely,4494720,5.0,-5.0,0.0,0.0,0.0,0.0,3,34.6,62.6,358,Overcast,1,1,
49009,2022-01-14 11:00:00,40.597855,-73.75122,0,0,Passing Too Closely,4495105,5.0,-5.0,0.0,0.0,0.0,0.0,3,34.6,62.6,358,Overcast,0,0,
49010,2022-01-13 12:35:00,40.62965,-73.990555,0,0,Unspecified,4494783,7.1,-3.7,0.0,0.0,0.0,0.0,3,9.7,18.7,193,Overcast,0,0,
49011,2021-12-27 23:15:00,40.66398,-73.909325,0,0,Unspecified,4494819,2.7,-1.4,2.1,0.8,0.91,5.0,73,13.5,23.0,10,Snow fall: Moderate,0,0,Snowy Conditions
49012,2022-01-12 22:30:00,40.6601,-73.73312,0,0,Failure to Yield Right-of-Way,4494107,4.6,-7.3,0.0,0.0,0.0,0.0,3,20.5,39.2,213,Overcast,0,0,
49013,2022-01-03 22:20:00,40.685497,-73.91771,0,0,Traffic Control Disregarded,4494922,2.0,-4.4,1.4,0.0,0.98,6.0,73,29.3,55.4,359,Snow fall: Moderate,0,0,Snowy Conditions
49014,2022-01-13 10:27:00,40.8315,-73.888084,0,0,Unspecified,4494455,7.1,-3.7,0.0,0.0,0.0,0.0,3,9.7,18.7,193,Overcast,0,0,
49015,2022-01-12 11:04:00,40.70503,-73.83601,0,0,Passing or Lane Usage Improper,4494010,4.6,-7.3,0.0,0.0,0.0,0.0,3,20.5,39.2,213,Overcast,0,0,
49016,2022-01-12 08:20:00,40.69564,-73.929245,0,0,Unsafe Lane Changing,4494442,4.6,-7.3,0.0,0.0,0.0,0.0,3,20.5,39.2,213,Overcast,0,0,
49017,2022-01-13 09:05:00,40.645317,-73.97055,1,0,Unspecified,4494261,7.1,-3.7,0.0,0.0,0.0,0.0,3,9.7,18.7,193,Overcast,1,1,
49018,2022-01-14 10:40:00,40.602272,-73.753365,0,0,Failure to Yield Right-of-Way,4495093,5.0,-5.0,0.0,0.0,0.0,0.0,3,34.6,62.6,358,Overcast,0,0,
49019,2022-01-14 07:50:00,40.797523,-73.95074,0,0,Passing Too Closely,4494574,5.0,-5.0,0.0,0.0,0.0,0.0,3,34.6,62.6,358,Overcast,0,0,