,CRASH DATETIME,LATITUDE,LONGITUDE,NUMBER OF PERSONS INJURED,NUMBER OF PERSONS KILLED,CONTRIBUTING FACTOR VEHICLE 1,COLLISION_ID,temperature_2m_max,temperature_2m_min,precipitation_sum,rain_sum,snowfall_sum,precipitation_hours,weather_code,wind_speed_10m_max,wind_gusts_10m_max,wind_direction_10m_dominant,Weather Description,Severity_Score,Total_Affected_Persons,Weather_Category
49020,2022-01-14 01:21:00,40.6787,-73.845,0,0,Following Too Closely,4494487,5.0,-5.0,0.0,0.0,0.0,0.0,3,34.6,62.6,358,Overcast,0,0,
49021,2022-01-13 19:32:00,40.776684,-73.983055,1,0,Failure to Yield Right-of-Way,4494569,7.1,-3.7,0.0,0.0,0.0,0.0,3,9.7,18.7,193,Overcast,1,1,
49022,2022-01-13 19:30:00,40.76359,-73.98144,1,0,Driver Inattention/Distraction,4494421,7.1,-3.7,0.0,0.0,0.0,0.0,3,9.7,18.7,193,Overcast,1,1,
49023,2022-01-08 15:00:00,40.74253,-73.88035,0,0,Driver Inattention/Distraction,4494470,-3.3,-8.4,0.0,0.0,0.0,0.0,1,21.6,37.8,277,Mainly clear,0,0,Sunny/Clear Conditions
49024,2022-01-12 14:09:00,40.67013,-73.80938,1,0,Driver Inattention/Distraction,4494090,4.6,-7.3,0.0,0.0,0.0,0.0,3,20.5,39.2,213,Overcast,1,1,
49025,2022-01-13 00:54:00,40.726006,-73.75173,2,0,Driver Inexperience,4494111,7.1,-3.7,0.0,0.0,0.0,0.0,3,9.7,18.7,193,Overcast,2,2,
49026,2022-01-13 08:20:00,40.819363,-73.893074,1,0,Unspecified,4494335,7.1,-3.7,0.0,0.0,0.0,0.0,3,9.7,18.7,193,Overcast,1,1,
49027,2022-01-09 19:00:00,40.62451,-73.92747,0,0,Unspecified,4494974,4.0,-5.3,5.1,5.1,0.0,12.0,53,23.8,42.1,220,Drizzle: Moderate,0,0,
49028,2022-01-12 12:30:00,40.822277,-73.86715,0,0,Unspecified,4494303,4.6,-7.3,0.0,0.0,0.0,0.0,3,20.5,39.2,213,Overcast,0,0,
49029,2022-01-13 11:40:00,40.742973,-73.814316,1,0,Passing or Lane Usage Improper,4494308,7.1,-3.7,0.0,0.0,0.0,0.0,3,9.7,18.7,193,Overcast,1,1,
49030,2022-01-14 08:50:00,40.728912,-74.0086,0,0,Unspecified,4494491,5.0,-5.0,0.0,0.0,0.0,0.0,3,34.6,62.6,358,Overcast,0,0,
49031,2022-01-14 21:45:00,40.752422,-73.8661,0,0,View Obstructed/Limited,4494601,5.0,-5.0,0.0,0.0,0.0,0.0,3,34.6,62.6,358,Overcast,0,0,
49032,2022-01-14 10:11:00,40.859245,-73.81814,0,0,Unspecified,4494830,5.0,-5.0,0.0,0.0,0.0,0.0,3,34.6,62.6,358,Overcast,0,0,
49033,2022-01-13 09:35:00,40.63501,-73.914055,3,0,Unspecified,4494530,7.1,-3.7,0.0,0.0,0.0,0.0,3,9.7,18.7,193,Overcast,3,3,
49034,2022-01-12 15:21:00,40.817314,-73.94223,1,0,Driver Inattention/Distraction,4495118,4.6,-7.3,0.0,0.0,0.0,0.0,3,20.5,39.2,213,Overcast,1,1,
49035,2022-01-14 15:33:00,40.72299,-73.91069,0,0,Unspecified,4494685,5.0,-5.0,0.0,0.0,0.0,0.0,3,34.6,62.6,358,Overcast,0,0,
49036,2022-01-14 17:40:00,0.0,0.0,1,0,Failure to Yield Right-of-Way,4494627,5.0,-5.0,0.0,0.0,0.0,0.0,3,34.6,62.6,358,Overcast,1,1,
49037,2022-01-13 09:20:00,40.69862,-73.920135,0,0,Passing Too Closely,4494210,7.1,-3.7,0.0,0.0,0.0,0.0,3,9.7,18.7,193,Overcast,0,0,
49038,2022-01-01 08:58:00,40.722324,-74.01176,1,0,Unsafe Speed,4494498,11.7,7.5,19.4,19.4,0.0,19.0,63,13.9,22.3,161,Rain: Moderate,1,1,
49039,2022-01-13 12:25:00,40.678326,-73.97203,2,0,Failure to Yield Right-of-Way,4494640,7.1,-3.7,0.0,0.0,0.0,0.0,3,9.7,18.7,193,Overcast,2,2,
49040,2022-01-14 20:18:00,40.66095,-73.92906,1,0,Driver Inattention/Distraction,4494806,5.0,-5.0,0.0,0.0,0.0,0.0,3,34.6,62.6,358,Overcast,1,1,
49041,2022-01-06 23:50:00,40.671566,-73.78466,1,0,Following Too Closely,4494519,4.1,-0.7,0.0,0.0,0.0,0.0,3,20.2,38.2,269,Overcast,1,1,
49042,2022-01-14 22:00:00,40.66186,-73.88017,0,0,Unspecified,4494929,5.0,-5.0,0.0,0.0,0.0,0.0,3,34.6,62.6,358,Overcast,0,0,
49043,2022-01-05 18:03:00,40.878147,-73.83229,0,0,Unspecified,4494767,6.9,-2.1,0.5,0.5,0.0,4.0,51,21.8,38.2,216,Drizzle: Light,0,0,
49044,2022-01-12 15:00:00,40.764706,-73.811005,0,0,Unspecified,4494058,4.6,-7.3,0.0,0.0,0.0,0.0,3,20.5,39.2,213,Overcast,0,0,
49045,2022-01-05 09:15:00,40.697247,-73.932846,0,0,Failure to Yield Right-of-Way,4494496,6.9,-2.1,0.5,0.5,0.0,4.0,51,21.8,38.2,216,Drizzle: Light,0,0,
49046,2022-01-13 11:07:00,40.831,-73.82652,0,0,Unspecified,4495081,7.1,-3.7,0.0,0.0,0.0,0.0,3,9.7,18.7,193,Overcast,0,0,
49047,2021-11-27 09:30:00,40.686367,-73.929756,1,0,Turning Improperly,4494950,4.4,0.0,0.0,0.0,0.0,0.0,3,28.5,56.5,295,Overcast,1,1,
49048,2022-01-12 17:05:00,40.60762,-73.97859,0,0,Driver Inattention/Distraction,4494877,4.6,-7.3,0.0,0.0,0.0,0.0,3,20.5,39.2,213,Overcast,0,0,
49049,2022-01-13 08:35:00,40.757576,-73.76798,0,0,Unspecified,4494267,7.1,-3.7,0.0,0.0,0.0,0.0,3,9.7,18.7,193,Overcast,0,0,
49050,2022-01-14 17:48:00,40.75219,-73.99347,0,0,Driver Inattention/Distraction,4494857,5.0,-5.0,0.0,0.0,0.0,0.0,3,34.6,62.6,358,Overcast,0,0,
49051,2022-01-12 00:51:00,40.65173,-73.94918,0,0,Driver Inattention/Distraction,4493986,4.6,-7.3,0.0,0.0,0.0,0.0,3,20.5,39.2,213,Overcast,0,0,
49052,2021-12-26 16:00:00,40.802467,-73.958694,0,0,Unsafe Speed,4495145,8.9,3.4,0.0,0.0,0.0,0.0,3,21.9,38.9,316,Overcast,0,0,
49053,2022-01-12 22:05:00,40.58786,-73.95527,0,0,Unspecified,4494116,4.6,-7.3,0.0,0.0,0.0,0.0,3,20.5,39.2,213,Overcast,0,0,
49054,2022-01-12 18:10:00,40.88492,-73.84883,0,0,Failure to Yield Right-of-Way,4494300,4.6,-7.3,0.0,0.0,0.0,0.0,3,20.5,39.2,213,Overcast,0,0,
49055,2022-01-13 07:10:00,40.836796,-73.91949,0,0,Failure to Yield Right-of-Way,4494546,7.1,-3.7,0.0,0.0,0.0,0.0,3,9.7,18.7,193,Overcast,0,0,
49056,2022-01-13 22:15:00,40.86832,-73.901276,0,0,Unspecified,4494474,7.1,-3.7,0.0,0.0,0.0,0.0,3,9.7,18.7,193,Overcast,0,0,
49057,2022-01-12 17:20:00,40.60567,-74.030945,0,0,Following Too Closely,4494606,4.6,-7.3,0.0,0.0,0.0,0.0,3,20.5,39.2,213,Overcast,0,0,
49058,2022-01-14 14:13:00,40.6491,-73.94649,1,0,Driver Inattention/Distraction,4494800,5.0,-5.0,0.0,0.0,0.0,0.0,3,34.6,62.6,358,Overcast,1,1,
49059,2022-01-14 23:00:00,40.753708,-73.907936,0,0,Unspecified,4494876,5.0,-5.0,0.0,0.0,0.0,0.0,3,34.6,62.6,358,Overcast,0,0,
49060,2022-01-13 08:10:00,40.850704,-73.88421,0,0,Reaction to Uninvolved Vehicle,4494243,7.1,-3.7,0.0,0.0,0.0,0.0,3,9.7,18.7,193,Overcast,0,0,
49061,2022-01-14 11:30:00,40.70863,-73.958466,0,0,Driver Inattention/Distraction,4494678,5.0,-5.0,0.0,0.0,0.0,0.0,3,34.6,62.6,358,Overcast,0,0,
49062,2022-01-12 16:20:00,40.666428,-73.93691,0,0,Unspecified,4494079,4.6,-7.3,0.0,0.0,0.0,0.0,3,20.5,39.2,213,Overcast,0,0,
49063,2022-01-14 00:03:00,40.667915,-73.77523,0,0,Following Too Closely,4494402,5.0,-5.0,0.0,0.0,0.0,0.0,3,34.6,62.6,358,Overcast,0,0,
49064,2022-01-14 21:00:00,40.72255,-74.00631,0,0,Unspecified,4494629,5.0,-5.0,0.0,0.0,0.0,0.0,3,34.6,62.6,358,Overcast,0,0,
49065,2022-01-13 16:48:00,40.75347,-73.72533,0,0,Driver Inattention/Distraction,4494377,7.1,-3.7,0.0,0.0,0.0,0.0,3,9.7,18.7,193,Overcast,0,0,
49066,2022-01-01 19:45:00,40.850506,-73.93287,1,0,Failure to Yield Right-of-Way,4494901,11.7,7.5,19.4,19.4,0.0,19.0,63,13.9,22.3,161,Rain: Moderate,1,1,
49067,2022-01-14 11:30:00,40.683064,-73.987335,0,0,Unspecified,4494610,5.0,-5.0,0.0,0.0,0.0,0.0,3,34.6,62.6,358,Overcast,0,0,
49068,2022-01-12 18:49:00,40.753304,-73.912575,0,0,Unspecified,4494166,4.6,-7.3,0.0,0.0,0.0,0.0,3,20.5,39.2,213,Overcast,0,0,
49069,2022-01-13 19:15:00,40.810455,-73.937195,0,0,Unspecified,4494523,7.1,-3.7,0.0,0.0,0.0,0.0,3,9.7,18.7,193,Overcast,0,0,
49070,2022-01-14 15:40:00,40.65627,-73.90342,0,0,Driver Inattention/Distraction,4494782,5.0,-5.0,0.0,0.0,0.0,0.0,3,34.6,62.6,358,Overcast,0,0,
49071,2022-01-14 04:00:00,40.673107,-73.99959,1,0,Following Too Closely,4494760,5.0,-5.0,0.0,0.0,0.0,0.0,3,34.6,62.6,358,Overcast,1,1,
49072,2022-01-12 00:00:00,40.739094,-73.91762,0,0,Alcohol Involvement,4494141,4.6,-7.3,0.0,0.0,0.0,0.0,3,20.5,39.2,213,Overcast,0,0,
49073,2022-01-04 23:15:00,40.761272,-73.95571,0,0,Following Too Closely,4494657,0.7,-6.7,0.0,0.0,0.0,0.0,3,20.0,36.4,287,Overcast,0,0,
49074,2022-01-12 11:15:00,40.707783,-73.932076,0,0,Passing Too Closely,4494342,4.6,-7.3,0.0,0.0,0.0,0.0,3,20.5,39.2,213,Overcast,0,0,
49075,2022-01-13 14:06:00,40.89111,-73.863045,0,0,Driver Inattention/Distraction,4494968,7.1,-3.7,0.0,0.0,0.0,0.0,3,9.7,18.7,193,Overcast,0,0,
49076,2022-01-01 15:20:00,40.860794,-73.92692,1,0,Driver Inattention/Distraction,4495004,11.7,7.5,19.4,19.4,0.0,19.0,63,13.9,22.3,161,Rain: Moderate,1,1,
49077,2021-11-15 00:00:00,40.827194,-73.944374,0,0,Alcohol Involvement,4494719,8.6,2.4,0.9,0.9,0.0,4.0,53,30.0,56.5,268,Drizzle: Moderate,0,0,
49078,2022-01-10 09:10:00,40.676624,-73.91597,0,0,Unspecified,4494820,4.1,-4.3,0.0,0.0,0.0,0.0,3,24.1,44.3,295,Overcast,0,0,
49079,2022-01-12 23:15:00,40.59804,-73.93169,0,0,Driver Inattention/Distraction,4494675,4.6,-7.3,0.0,0.0,0.0,0.0,3,20.5,39.2,213,Overcast,0,0,
49080,2022-01-13 15:50:00,40.734196,-73.78355,0,0,Unspecified,4494363,7.1,-3.7,0.0,0.0,0.0,0.0,3,9.7,18.7,193,Overcast,0,0,
49081,2022-01-13 03:48:00,40.738705,-73.9395,0,0,Driver Inattention/Distraction,4494173,7.1,-3.7,0.0,0.0,0.0,0.0,3,9.7,18.7,193,Overcast,0,0,
49082,2022-01-12 12:58:00,40.628544,-73.94138,0,0,Driver Inattention/Distraction,4494528,4.6,-7.3,0.0,0.0,0.0,0.0,3,20.5,39.2,213,Overcast,0,0,
49083,2022-01-14 12:57:00,40.70299,-73.82519,0,0,Unspecified,4494835,5.0,-5.0,0.0,0.0,0.0,0.0,3,34.6,62.6,358,Overcast,0,0,
49084,2022-01-10 23:40:00,40.83181,-73.82724,0,0,Driver Inattention/Distraction,4495072,4.1,-4.3,0.0,0.0,0.0,0.0,3,24.1,44.3,295,Overcast,0,0,
49085,2022-01-14 11:25:00,40.86748,-73.84524,2,0,View Obstructed/Limited,4494702,5.0,-5.0,0.0,0.0,0.0,0.0,3,34.6,62.6,358,Overcast,2,2,
49086,2022-01-14 06:00:00,40.66669,-73.81173,2,0,Driver Inattention/Distraction,4494479,5.0,-5.0,0.0,0.0,0.0,0.0,3,34.6,62.6,358,Overcast,2,2,
49087,2021-07-05 18:28:00,40.749294,-73.71108,0,0,Unspecified,4434309,26.4,17.3,0.7,0.7,0.0,2.0,53,18.8,34.6,142,Drizzle: Moderate,0,0,
49088,2022-01-12 17:30:00,40.810806,-73.92762,1,0,Unsafe Lane Changing,4494074,4.6,-7.3,0.0,0.0,0.0,0.0,3,20.5,39.2,213,Overcast,1,1,
49089,2022-01-13 19:19:00,40.849804,-73.92033,3,0,Driver Inattention/Distraction,4494464,7.1,-3.7,0.0,0.0,0.0,0.0,3,9.7,18.7,193,Overcast,3,3,
49090,2022-01-13 23:40:00,40.7398,-73.87599,0,0,Traffic Control Disregarded,4494411,7.1,-3.7,0.0,0.0,0.0,0.0,3,9.7,18.7,193,Overcast,0,0,
49091,2022-01-13 12:40:00,40.724552,-73.72452,0,0,Following Too Closely,4494271,7.1,-3.7,0.0,0.0,0.0,0.0,3,9.7,18.7,193,Overcast,0,0,
49092,2022-01-13 06:45:00,40.69979,-73.950096,1,0,View Obstructed/Limited,4494944,7.1,-3.7,0.0,0.0,0.0,0.0,3,9.7,18.7,193,Overcast,1,1,
49093,2022-01-07 09:30:00,40.64937,-74.012955,0,0,Reaction to Uninvolved Vehicle,4494511,-0.0,-5.7,9.0,0.0,6.3,11.0,75,26.8,48.6,313,Snow fall: Heavy,0,0,Snowy Conditions
49094,2022-01-13 09:30:00,40.758026,-73.85776,1,0,Driver Inattention/Distraction,4494550,7.1,-3.7,0.0,0.0,0.0,0.0,3,9.7,18.7,193,Overcast,1,1,
49095,2022-01-13 12:19:00,40.784725,-73.83943,0,0,Turning Improperly,4494313,7.1,-3.7,0.0,0.0,0.0,0.0,3,9.7,18.7,193,Overcast,0,0,
49096,2022-01-12 23:35:00,40.710957,-73.951126,1,0,Unspecified,4494097,4.6,-7.3,0.0,0.0,0.0,0.0,3,20.5,39.2,213,Overcast,1,1,
49097,2022-01-13 07:14:00,40.6992,-73.92309,0,0,Traffic Control Disregarded,4494186,7.1,-3.7,0.0,0.0,0.0,0.0,3,9.7,18.7,193,Overcast,0,0,
49098,2022-01-11 08:00:00,40.668648,-73.92835,2,0,Failure to Yield Right-of-Way,4494911,-4.2,-8.8,0.0,0.0,0.0,0.0,1,26.7,50.8,316,Mainly clear,2,2,Sunny/Clear Conditions
49099,2022-01-09 19:15:00,40.751102,-73.8912,2,0,Failure to Yield Right-of-Way,4494561,4.0,-5.3,5.1,5.1,0.0,12.0,53,23.8,42.1,220,Drizzle: Moderate,2,2,
49100,2022-01-13 08:45:00,40.78882,-73.943756,0,0,Passing Too Closely,4494288,7.1,-3.7,0.0,0.0,0.0,0.0,3,9.7,18.7,193,Overcast,0,0,
49101,2021-10-20 17:19:00,40.8450473,-73.8714799,0,0,Reaction to Uninvolved Vehicle,4469989,24.1,13.8,0.0,0.0,0.0,0.0,3,21.6,37.1,276,Overcast,0,0,
49102,2021-10-22 13:21:00,40.8940972,-73.9082784,0,0,Following Too Closely,4470031,20.3,14.4,0.0,0.0,0.0,0.0,3,18.1,31.3,267,Overcast,0,0,
49103,2021-10-21 14:00:00,40.5835422,-73.9841751,1,0,Following Too Closely,4470100,22.9,12.0,0.0,0.0,0.0,0.0,3,17.0,31.7,207,Overcast,1,1,
49104,2022-01-12 19:19:00,40.71005,-73.76616,1,0,Accelerator Defective,4494231,4.6,-7.3,0.0,0.0,0.0,0.0,3,20.5,39.2,213,Overcast,1,1,
49105,2022-01-14 21:25:00,40.853813,-73.90734,1,0,Driver Inattention/Distraction,4495150,5.0,-5.0,0.0,0.0,0.0,0.0,3,34.6,62.6,358,Overcast,1,1,
49106,2021-10-15 07:00:00,40.6781564,-73.9441507,0,0,Other Vehicular,4470338,25.0,14.5,0.0,0.0,0.0,0.0,3,16.8,28.4,182,Overcast,0,0,
49107,2021-10-21 12:34:00,40.6703383,-73.9822127,2,0,Passing Too Closely,4469892,22.9,12.0,0.0,0.0,0.0,0.0,3,17.0,31.7,207,Overcast,2,2,
49108,2021-10-21 15:40:00,40.6441263,-74.0041656,0,0,Unspecified,4469653,22.9,12.0,0.0,0.0,0.0,0.0,3,17.0,31.7,207,Overcast,0,0,
49109,2021-10-14 18:42:00,40.6807954,-73.9776432,0,0,Passing Too Closely,4470527,25.0,15.4,0.0,0.0,0.0,0.0,3,15.4,29.9,328,Overcast,0,0,
49110,2022-01-12 08:15:00,40.6665,-73.9962,1,0,Following Too Closely,4494578,4.6,-7.3,0.0,0.0,0.0,0.0,3,20.5,39.2,213,Overcast,1,1,
49111,2022-01-12 13:39:00,40.676598,-73.89038,0,0,View Obstructed/Limited,4494023,4.6,-7.3,0.0,0.0,0.0,0.0,3,20.5,39.2,213,Overcast,0,0,
49112,2022-01-12 09:50:00,40.74771,-73.855515,0,0,Unspecified,4493975,4.6,-7.3,0.0,0.0,0.0,0.0,3,20.5,39.2,213,Overcast,0,0,
49113,2022-01-12 14:35:00,40.68779,-73.820175,0,0,Driver Inattention/Distraction,4494119,4.6,-7.3,0.0,0.0,0.0,0.0,3,20.5,39.2,213,Overcast,0,0,
49114,2022-01-11 10:40:00,40.66323,-73.93161,0,0,Unspecified,4494797,-4.2,-8.8,0.0,0.0,0.0,0.0,1,26.7,50.8,316,Mainly clear,0,0,Sunny/Clear Conditions
49115,2022-01-10 06:35:00,40.84595,-73.82942,0,0,Unspecified,4494450,4.1,-4.3,0.0,0.0,0.0,0.0,3,24.1,44.3,295,Overcast,0,0,
49116,2022-01-12 15:00:00,40.74831,-73.70954,0,0,Driver Inattention/Distraction,4494100,4.6,-7.3,0.0,0.0,0.0,0.0,3,20.5,39.2,213,Overcast,0,0,
49117,2022-01-13 09:12:00,40.835293,-73.881935,0,1,Unsafe Speed,4494538,7.1,-3.7,0.0,0.0,0.0,0.0,3,9.7,18.7,193,Overcast,20,1,
49118,2022-01-13 19:20:00,40.64882,-73.96468,0,0,Passing Too Closely,4494381,7.1,-3.7,0.0,0.0,0.0,0.0,3,9.7,18.7,193,Overcast,0,0,
49119,2022-01-13 20:58:00,40.66475,-73.89405,2,0,Passing or Lane Usage Improper,4494398,7.1,-3.7,0.0,0.0,0.0,0.0,3,9.7,18.7,193,Overcast,2,2,
49120,2022-01-14 15:35:00,40.769188,-73.8009,0,0,Failure to Yield Right-of-Way,4494593,5.0,-5.0,0.0,0.0,0.0,0.0,3,34.6,62.6,358,Overcast,0,0,
49121,2022-01-13 20:36:00,40.763275,-73.91438,1,0,Unspecified,4494693,7.1,-3.7,0.0,0.0,0.0,0.0,3,9.7,18.7,193,Overcast,1,1,
49122,2022-01-13 07:48:00,40.713177,-73.954895,1,0,Following Too Closely,4494347,7.1,-3.7,0.0,0.0,0.0,0.0,3,9.7,18.7,193,Overcast,1,1,
49123,2022-01-14 17:50:00,40.90117,-73.86199,1,0,Driver Inattention/Distraction,4494961,5.0,-5.0,0.0,0.0,0.0,0.0,3,34.6,62.6,358,Overcast,1,1,
49124,2022-01-14 22:34:00,40.788692,-73.93787,2,0,Unsafe Lane Changing,4494653,5.0,-5.0,0.0,0.0,0.0,0.0,3,34.6,62.6,358,Overcast,2,2,
49125,2022-01-10 00:00:00,40.612293,-74.03412,0,0,Driver Inexperience,4494432,4.1,-4.3,0.0,0.0,0.0,0.0,3,24.1,44.3,295,Overcast,0,0,
49126,2022-01-12 13:45:00,40.834465,-73.92311,0,0,Driver Inattention/Distraction,4494543,4.6,-7.3,0.0,0.0,0.0,0.0,3,20.5,39.2,213,Overcast,0,0,
49127,2022-01-13 21:30:00,40.86159,-73.92475,1,0,Pedestrian/Bicyclist/Other Pedestrian Error/Confusion,4495000,7.1,-3.7,0.0,0.0,0.0,0.0,3,9.7,18.7,193,Overcast,1,1,
49128,2022-01-12 09:50:00,40.672386,-73.91465,0,0,Passing or Lane Usage Improper,4494775,4.6,-7.3,0.0,0.0,0.0,0.0,3,20.5,39.2,213,Overcast,0,0,
49129,2022-01-14 21:00:00,40.585354,-73.93104,0,0,Unspecified,4494755,5.0,-5.0,0.0,0.0,0.0,0.0,3,34.6,62.6,358,Overcast,0,0,
49130,2022-01-12 17:00:00,40.619556,-74.00004,1,0,Driver Inattention/Distraction,4494133,4.6,-7.3,0.0,0.0,0.0,0.0,3,20.5,39.2,213,Overcast,1,1,
49131,2022-01-14 06:05:00,40.69775,-73.81393,0,0,Traffic Control Disregarded,4494447,5.0,-5.0,0.0,0.0,0.0,0.0,3,34.6,62.6,358,Overcast,0,0,
49132,2022-01-12 10:30:00,40.71976,-73.94476,0,0,Driver Inattention/Distraction,4494263,4.6,-7.3,0.0,0.0,0.0,0.0,3,20.5,39.2,213,Overcast,0,0,
49133,2022-01-11 23:00:00,40.856045,-73.90079,0,0,Driver Inattention/Distraction,4494460,-4.2,-8.8,0.0,0.0,0.0,0.0,1,26.7,50.8,316,Mainly clear,0,0,Sunny/Clear Conditions
49134,2022-01-14 08:00:00,40.599667,-73.9962,0,0,Unsafe Lane Changing,4494888,5.0,-5.0,0.0,0.0,0.0,0.0,3,34.6,62.6,358,Overcast,0,0,
49135,2022-01-13 17:30:00,40.67172,-73.850975,0,0,Failure to Yield Right-of-Way,4494475,7.1,-3.7,0.0,0.0,0.0,0.0,3,9.7,18.7,193,Overcast,0,0,
49136,2022-01-14 19:58:00,40.626713,-74.16214,0,0,Driver Inattention/Distraction,4494592,5.0,-5.0,0.0,0.0,0.0,0.0,3,34.6,62.6,358,Overcast,0,0,
49137,2022-01-08 23:47:00,40.781715,-73.98682,0,0,Other Vehicular,4494570,-3.3,-8.4,0.0,0.0,0.0,0.0,1,21.6,37.8,277,Mainly clear,0,0,Sunny/Clear Conditions
49138,2022-01-12 14:10:00,40.729443,-73.82551,2,0,Driver Inattention/Distraction,4494066,4.6,-7.3,0.0,0.0,0.0,0.0,3,20.5,39.2,213,Overcast,2,2,
49139,2022-01-13 10:20:00,40.667892,-73.84204,2,0,Illnes,4494284,7.1,-3.7,0.0,0.0,0.0,0.0,3,9.7,18.7,193,Overcast,2,2,
49140,2022-01-13 22:30:00,40.716015,-74.00883,0,0,Unspecified,4494417,7.1,-3.7,0.0,0.0,0.0,0.0,3,9.7,18.7,193,Overcast,0,0,
49141,2022-01-12 18:40:00,40.83117,-73.94798,0,0,Driver Inattention/Distraction,4494247,4.6,-7.3,0.0,0.0,0.0,0.0,3,20.5,39.2,213,Overcast,0,0,
49142,2022-01-12 16:27:00,40.791496,-73.97026,0,0,Passing Too Closely,4494050,4.6,-7.3,0.0,0.0,0.0,0.0,3,20.5,39.2,213,Overcast,0,0,
49143,2022-01-12 17:00:00,40.683434,-73.8343,0,0,Driver Inattention/Distraction,4494091,4.6,-7.3,0.0,0.0,0.0,0.0,3,20.5,39.2,213,Overcast,0,0,
49144,2022-01-14 14:15:00,40.693214,-73.79654,0,0,Driver Inexperience,4494565,5.0,-5.0,0.0,0.0,0.0,0.0,3,34.6,62.6,358,Overcast,0,0,
49145,2022-01-13 00:20:00,40.803753,-73.93999,0,0,Unspecified,4494318,7.1,-3.7,0.0,0.0,0.0,0.0,3,9.7,18.7,193,Overcast,0,0,
49146,2022-01-13 14:30:00,40.68787,-73.79747,0,0,Failure to Yield Right-of-Way,4494309,7.1,-3.7,0.0,0.0,0.0,0.0,3,9.7,18.7,193,Overcast,0,0,
49147,2022-01-12 13:00:00,40.704964,-74.01172,0,0,Following Too Closely,4494014,4.6,-7.3,0.0,0.0,0.0,0.0,3,20.5,39.2,213,Overcast,0,0,
49148,2022-01-14 16:15:00,40.715576,-73.776146,0,0,Unspecified,4494582,5.0,-5.0,0.0,0.0,0.0,0.0,3,34.6,62.6,358,Overcast,0,0,
49149,2022-01-12 19:50:00,40.634598,-74.02168,0,0,Driver Inattention/Distraction,4494433,4.6,-7.3,0.0,0.0,0.0,0.0,3,20.5,39.2,213,Overcast,0,0,
49150,2022-01-14 07:00:00,40.63931,-73.89432,0,0,Unspecified,4494533,5.0,-5.0,0.0,0.0,0.0,0.0,3,34.6,62.6,358,Overcast,0,0,
49151,2022-01-13 15:13:00,40.775997,-73.91783,2,0,Traffic Control Disregarded,4494860,7.1,-3.7,0.0,0.0,0.0,0.0,3,9.7,18.7,193,Overcast,2,2,
49152,2022-01-14 16:04:00,40.64813,-73.960655,0,0,Unspecified,4494793,5.0,-5.0,0.0,0.0,0.0,0.0,3,34.6,62.6,358,Overcast,0,0,
49153,2022-01-08 23:49:00,40.8518,-73.909225,0,0,Unsafe Speed,4494465,-3.3,-8.4,0.0,0.0,0.0,0.0,1,21.6,37.8,277,Mainly clear,0,0,Sunny/Clear Conditions
49154,2022-01-12 18:27:00,40.64311,-74.016075,1,0,Unspecified,4494352,4.6,-7.3,0.0,0.0,0.0,0.0,3,20.5,39.2,213,Overcast,1,1,
49155,2022-01-11 23:00:00,40.676777,-73.8589,0,0,Passing or Lane Usage Improper,4494486,-4.2,-8.8,0.0,0.0,0.0,0.0,1,26.7,50.8,316,Mainly clear,0,0,Sunny/Clear Conditions
49156,2022-01-12 10:30:00,40.640205,-73.98558,1,0,,4494178,4.6,-7.3,0.0,0.0,0.0,0.0,3,20.5,39.2,213,Overcast,1,1,
49157,2022-01-13 20:50:00,40.665134,-73.99669,1,0,Other Vehicular,4494390,7.1,-3.7,0.0,0.0,0.0,0.0,3,9.7,18.7,193,Overcast,1,1,
49158,2022-01-13 17:40:00,40.65978,-73.88292,1,0,Failure to Yield Right-of-Way,4494394,7.1,-3.7,0.0,0.0,0.0,0.0,3,9.7,18.7,193,Overcast,1,1,
49159,2022-01-12 08:20:00,40.738415,-73.84899,0,0,Driver Inattention/Distraction,4493948,4.6,-7.3,0.0,0.0,0.0,0.0,3,20.5,39.2,213,Overcast,0,0,
49160,2022-01-13 22:20:00,40.827904,-73.91218,1,0,Passing or Lane Usage Improper,4494454,7.1,-3.7,0.0,0.0,0.0,0.0,3,9.7,18.7,193,Overcast,1,1,
49161,2022-01-13 08:00:00,40.62026,-74.16774,1,0,Driver Inattention/Distraction,4494208,7.1,-3.7,0.0,0.0,0.0,0.0,3,9.7,18.7,193,Overcast,1,1,
49162,2022-01-13 08:45:00,40.683037,-73.96478,0,0,Turning Improperly,4494224,7.1,-3.7,0.0,0.0,0.0,0.0,3,9.7,18.7,193,Overcast,0,0,
49163,2022-01-14 01:00:00,40.856323,-73.87244,2,0,Unspecified,4494501,5.0,-5.0,0.0,0.0,0.0,0.0,3,34.6,62.6,358,Overcast,2,2,
49164,2022-01-09 20:36:00,40.70953,-74.00842,0,0,Passing or Lane Usage Improper,4494689,4.0,-5.3,5.1,5.1,0.0,12.0,53,23.8,42.1,220,Drizzle: Moderate,0,0,
49165,2022-01-13 19:30:00,40.842327,-73.86828,0,0,Passing Too Closely,4494426,7.1,-3.7,0.0,0.0,0.0,0.0,3,9.7,18.7,193,Overcast,0,0,
49166,2022-04-07 11:20:00,40.68514,-73.8206,4,0,Driver Inattention/Distraction,4517267,11.5,5.6,74.1,74.1,0.0,14.0,65,35.0,64.8,98,Rain: Heavy,4,4,
49167,2022-01-12 17:35:00,40.745438,-73.90948,0,0,Unspecified,4494127,4.6,-7.3,0.0,0.0,0.0,0.0,3,20.5,39.2,213,Overcast,0,0,
49168,2022-01-13 10:10:00,40.88698,-73.84745,1,0,Failure to Yield Right-of-Way,4494328,7.1,-3.7,0.0,0.0,0.0,0.0,3,9.7,18.7,193,Overcast,1,1,
49169,2022-01-13 12:30:00,40.832714,-73.92876,0,0,Passing Too Closely,4494597,7.1,-3.7,0.0,0.0,0.0,0.0,3,9.7,18.7,193,Overcast,0,0,