,CRASH DATETIME,LATITUDE,LONGITUDE,NUMBER OF PERSONS INJURED,NUMBER OF PERSONS KILLED,CONTRIBUTING FACTOR VEHICLE 1,COLLISION_ID,temperature_2m_max,temperature_2m_min,precipitation_sum,rain_sum,snowfall_sum,precipitation_hours,weather_code,wind_speed_10m_max,wind_gusts_10m_max,wind_direction_10m_dominant,Weather Description,Severity_Score,Total_Affected_Persons,Weather_Category
49170,2022-01-14 02:23:00,40.741447,-73.84603,1,0,Driver Inattention/Distraction,4494647,5.0,-5.0,0.0,0.0,0.0,0.0,3,34.6,62.6,358,Overcast,1,1,
49171,2022-01-13 15:35:00,40.88599,-73.82792,0,0,Driver Inattention/Distraction,4494958,7.1,-3.7,0.0,0.0,0.0,0.0,3,9.7,18.7,193,Overcast,0,0,
49172,2022-01-11 11:15:00,40.632236,-74.120445,1,0,Failure to Yield Right-of-Way,4494560,-4.2,-8.8,0.0,0.0,0.0,0.0,1,26.7,50.8,316,Mainly clear,1,1,Sunny/Clear Conditions
49173,2022-01-14 14:57:00,40.711746,-73.92357,0,0,Driver Inattention/Distraction,4494734,5.0,-5.0,0.0,0.0,0.0,0.0,3,34.6,62.6,358,Overcast,0,0,
49174,2022-01-11 13:56:00,40.683514,-73.97596,0,0,Driver Inattention/Distraction,4495052,-4.2,-8.8,0.0,0.0,0.0,0.0,1,26.7,50.8,316,Mainly clear,0,0,Sunny/Clear Conditions
49175,2022-01-02 20:15:00,40.605423,-74.120865,0,0,Unspecified,4495123,13.1,2.7,16.0,16.0,0.0,8.0,65,25.1,52.6,318,Rain: Heavy,0,0,
49176,2022-01-12 22:39:00,40.71976,-73.94476,0,0,Steering Failure,4494151,4.6,-7.3,0.0,0.0,0.0,0.0,3,20.5,39.2,213,Overcast,0,0,
49177,2022-01-13 19:48:00,40.828957,-73.842064,0,0,Unspecified,4494443,7.1,-3.7,0.0,0.0,0.0,0.0,3,9.7,18.7,193,Overcast,0,0,
49178,2022-01-14 03:36:00,40.5559,-74.13979,0,0,Driver Inattention/Distraction,4494575,5.0,-5.0,0.0,0.0,0.0,0.0,3,34.6,62.6,358,Overcast,0,0,
49179,2022-01-13 06:55:00,40.556988,-74.169014,0,0,Driver Inattention/Distraction,4494555,7.1,-3.7,0.0,0.0,0.0,0.0,3,9.7,18.7,193,Overcast,0,0,
49180,2022-01-14 11:35:00,40.59993,-73.99832,0,0,Driver Inattention/Distraction,4494892,5.0,-5.0,0.0,0.0,0.0,0.0,3,34.6,62.6,358,Overcast,0,0,
49181,2022-01-14 07:31:00,40.83954,-73.85067,0,0,Unspecified,4495146,5.0,-5.0,0.0,0.0,0.0,0.0,3,34.6,62.6,358,Overcast,0,0,
49182,2022-01-14 19:30:00,40.762962,-73.97188,0,0,Other Vehicular,4494628,5.0,-5.0,0.0,0.0,0.0,0.0,3,34.6,62.6,358,Overcast,0,0,
49183,2022-01-12 17:26:00,40.88661,-73.90704,0,0,Failure to Yield Right-of-Way,4494492,4.6,-7.3,0.0,0.0,0.0,0.0,3,20.5,39.2,213,Overcast,0,0,
49184,2022-01-14 14:29:00,40.650406,-73.9254,0,0,Unspecified,4494805,5.0,-5.0,0.0,0.0,0.0,0.0,3,34.6,62.6,358,Overcast,0,0,
49185,2022-01-14 19:30:00,40.667313,-73.73926,0,0,Driver Inattention/Distraction,4494587,5.0,-5.0,0.0,0.0,0.0,0.0,3,34.6,62.6,358,Overcast,0,0,
49186,2022-01-11 08:31:00,40.844475,-73.93545,0,0,Other Vehicular,4494850,-4.2,-8.8,0.0,0.0,0.0,0.0,1,26.7,50.8,316,Mainly clear,0,0,Sunny/Clear Conditions
49187,2022-01-11 17:47:00,40.821415,-73.89826,1,0,Unsafe Lane Changing,4494725,-4.2,-8.8,0.0,0.0,0.0,0.0,1,26.7,50.8,316,Mainly clear,1,1,Sunny/Clear Conditions
49188,2022-01-10 10:24:00,40.66918,-73.896576,0,0,Failure to Yield Right-of-Way,4494930,4.1,-4.3,0.0,0.0,0.0,0.0,3,24.1,44.3,295,Overcast,0,0,
49189,2022-01-14 20:15:00,40.809086,-73.94859,0,0,Driver Inattention/Distraction,4495140,5.0,-5.0,0.0,0.0,0.0,0.0,3,34.6,62.6,358,Overcast,0,0,
49190,2022-01-12 17:00:00,40.784554,-73.85502,0,0,Unspecified,4494084,4.6,-7.3,0.0,0.0,0.0,0.0,3,20.5,39.2,213,Overcast,0,0,
49191,2022-01-14 16:20:00,40.666878,-73.814,0,0,Unsafe Lane Changing,4494623,5.0,-5.0,0.0,0.0,0.0,0.0,3,34.6,62.6,358,Overcast,0,0,
49192,2022-01-12 07:01:00,40.66287,-73.893555,1,0,Unsafe Speed,4494007,4.6,-7.3,0.0,0.0,0.0,0.0,3,20.5,39.2,213,Overcast,1,1,
49193,2022-01-13 09:30:00,40.68962,-73.97313,0,0,Unspecified,4494277,7.1,-3.7,0.0,0.0,0.0,0.0,3,9.7,18.7,193,Overcast,0,0,
49194,2022-01-13 15:19:00,40.818596,-73.88372,0,0,Passing or Lane Usage Improper,4494337,7.1,-3.7,0.0,0.0,0.0,0.0,3,9.7,18.7,193,Overcast,0,0,
49195,2022-01-13 02:55:00,40.669724,-73.86097,0,0,Unsafe Speed,4494112,7.1,-3.7,0.0,0.0,0.0,0.0,3,9.7,18.7,193,Overcast,0,0,
49196,2022-01-12 17:22:00,40.68195,-73.89652,4,0,Unsafe Speed,4494106,4.6,-7.3,0.0,0.0,0.0,0.0,3,20.5,39.2,213,Overcast,4,4,
49197,2022-01-12 13:50:00,40.76155,-73.96659,1,0,Driver Inattention/Distraction,4494437,4.6,-7.3,0.0,0.0,0.0,0.0,3,20.5,39.2,213,Overcast,1,1,
49198,2022-01-02 08:08:00,40.689915,-73.7779,0,0,Failure to Yield Right-of-Way,4495023,13.1,2.7,16.0,16.0,0.0,8.0,65,25.1,52.6,318,Rain: Heavy,0,0,
49199,2022-01-14 20:44:00,40.640835,-74.01844,1,0,Failure to Yield Right-of-Way,4494602,5.0,-5.0,0.0,0.0,0.0,0.0,3,34.6,62.6,358,Overcast,1,1,
49200,2022-01-14 16:20:00,40.712696,-73.900604,1,0,Failure to Yield Right-of-Way,4494684,5.0,-5.0,0.0,0.0,0.0,0.0,3,34.6,62.6,358,Overcast,1,1,
49201,2022-01-14 07:06:00,40.69056,-73.8141,1,0,Alcohol Involvement,4494529,5.0,-5.0,0.0,0.0,0.0,0.0,3,34.6,62.6,358,Overcast,1,1,
49202,2022-01-13 05:21:00,40.808933,-73.886,2,0,Unspecified,4494144,7.1,-3.7,0.0,0.0,0.0,0.0,3,9.7,18.7,193,Overcast,2,2,
49203,2022-01-12 20:26:00,40.638912,-74.000084,0,0,Unspecified,4494182,4.6,-7.3,0.0,0.0,0.0,0.0,3,20.5,39.2,213,Overcast,0,0,
49204,2022-01-13 14:21:00,40.746647,-73.86218,0,0,Driver Inattention/Distraction,4494406,7.1,-3.7,0.0,0.0,0.0,0.0,3,9.7,18.7,193,Overcast,0,0,
49205,2022-01-13 13:35:00,40.60625,-73.92374,0,0,Unspecified,4494373,7.1,-3.7,0.0,0.0,0.0,0.0,3,9.7,18.7,193,Overcast,0,0,
49206,2022-01-14 09:23:00,40.70481,-73.93932,0,0,Driver Inattention/Distraction,4494482,5.0,-5.0,0.0,0.0,0.0,0.0,3,34.6,62.6,358,Overcast,0,0,
49207,2022-01-14 14:41:00,40.663822,-73.93862,0,0,Driver Inattention/Distraction,4494663,5.0,-5.0,0.0,0.0,0.0,0.0,3,34.6,62.6,358,Overcast,0,0,
49208,2022-01-14 07:50:00,40.686436,-73.752914,2,0,Failure to Yield Right-of-Way,4494497,5.0,-5.0,0.0,0.0,0.0,0.0,3,34.6,62.6,358,Overcast,2,2,
49209,2022-01-13 07:26:00,40.698536,-73.91788,0,0,Passing or Lane Usage Improper,4494204,7.1,-3.7,0.0,0.0,0.0,0.0,3,9.7,18.7,193,Overcast,0,0,
49210,2022-01-13 17:00:00,40.666496,-73.98773,0,0,Passing Too Closely,4494639,7.1,-3.7,0.0,0.0,0.0,0.0,3,9.7,18.7,193,Overcast,0,0,
49211,2022-01-14 06:25:00,40.761856,-73.96343,1,0,Failure to Yield Right-of-Way,4494514,5.0,-5.0,0.0,0.0,0.0,0.0,3,34.6,62.6,358,Overcast,1,1,
49212,2022-01-12 21:14:00,40.689922,-73.92281,0,0,Backing Unsafely,4494135,4.6,-7.3,0.0,0.0,0.0,0.0,3,20.5,39.2,213,Overcast,0,0,
49213,2022-01-07 10:40:00,40.69498,-73.79009,0,0,Pavement Slippery,4494469,-0.0,-5.7,9.0,0.0,6.3,11.0,75,26.8,48.6,313,Snow fall: Heavy,0,0,Snowy Conditions
49214,2022-01-13 19:15:00,40.884026,-73.869286,0,0,Unsafe Speed,4494953,7.1,-3.7,0.0,0.0,0.0,0.0,3,9.7,18.7,193,Overcast,0,0,
49215,2022-01-13 16:30:00,40.71793,-74.00099,0,0,Passing Too Closely,4494766,7.1,-3.7,0.0,0.0,0.0,0.0,3,9.7,18.7,193,Overcast,0,0,
49216,2022-01-13 06:00:00,40.717678,-73.81713,1,0,Driver Inattention/Distraction,4494359,7.1,-3.7,0.0,0.0,0.0,0.0,3,9.7,18.7,193,Overcast,1,1,
49217,2022-01-13 00:30:00,40.662743,-73.885124,0,0,Unspecified,4494921,7.1,-3.7,0.0,0.0,0.0,0.0,3,9.7,18.7,193,Overcast,0,0,
49218,2022-01-11 15:44:00,40.864483,-73.919044,0,0,Following Too Closely,4494980,-4.2,-8.8,0.0,0.0,0.0,0.0,1,26.7,50.8,316,Mainly clear,0,0,Sunny/Clear Conditions
49219,2022-01-14 11:00:00,40.599155,-74.06772,0,0,Unspecified,4494669,5.0,-5.0,0.0,0.0,0.0,0.0,3,34.6,62.6,358,Overcast,0,0,
49220,2022-01-13 17:29:00,40.72787,-73.92913,2,0,Following Too Closely,4494368,7.1,-3.7,0.0,0.0,0.0,0.0,3,9.7,18.7,193,Overcast,2,2,
49221,2022-01-14 02:24:00,40.8436,-73.94511,1,0,Driver Inattention/Distraction,4494845,5.0,-5.0,0.0,0.0,0.0,0.0,3,34.6,62.6,358,Overcast,1,1,
49222,2022-01-14 02:55:00,40.7549,-73.74548,0,0,Tire Failure/Inadequate,4494676,5.0,-5.0,0.0,0.0,0.0,0.0,3,34.6,62.6,358,Overcast,0,0,
49223,2022-01-14 19:20:00,40.700836,-73.99495,0,0,Driver Inattention/Distraction,4494615,5.0,-5.0,0.0,0.0,0.0,0.0,3,34.6,62.6,358,Overcast,0,0,
49224,2022-01-14 11:40:00,40.723026,-73.93997,0,0,Failure to Yield Right-of-Way,4495094,5.0,-5.0,0.0,0.0,0.0,0.0,3,34.6,62.6,358,Overcast,0,0,
49225,2022-01-12 19:00:00,40.71991,-73.809044,0,0,Driver Inattention/Distraction,4494378,4.6,-7.3,0.0,0.0,0.0,0.0,3,20.5,39.2,213,Overcast,0,0,
49226,2022-01-13 07:30:00,40.72738,-73.94575,0,0,Passing or Lane Usage Improper,4494168,7.1,-3.7,0.0,0.0,0.0,0.0,3,9.7,18.7,193,Overcast,0,0,
49227,2022-02-20 04:54:00,40.76025,-73.96753,0,0,Driver Inattention/Distraction,4504547,2.4,-6.6,0.0,0.0,0.0,0.0,3,23.4,44.3,250,Overcast,0,0,
49228,2022-02-20 12:30:00,40.68812,-73.9117,0,0,Backing Unsafely,4504187,2.4,-6.6,0.0,0.0,0.0,0.0,3,23.4,44.3,250,Overcast,0,0,
49229,2022-02-20 20:30:00,40.66535,-73.73073,1,0,Unspecified,4504264,2.4,-6.6,0.0,0.0,0.0,0.0,3,23.4,44.3,250,Overcast,1,1,
49230,2022-02-20 11:30:00,40.8639,-73.83385,0,0,Passenger Distraction,4504710,2.4,-6.6,0.0,0.0,0.0,0.0,3,23.4,44.3,250,Overcast,0,0,
49231,2022-02-20 15:28:00,40.58438,-73.973274,0,0,Backing Unsafely,4504699,2.4,-6.6,0.0,0.0,0.0,0.0,3,23.4,44.3,250,Overcast,0,0,
49232,2022-02-20 00:12:00,40.659336,-73.90907,1,0,Unspecified,4504134,2.4,-6.6,0.0,0.0,0.0,0.0,3,23.4,44.3,250,Overcast,1,1,
49233,2022-01-25 07:51:00,40.781837,-73.979294,1,0,Following Too Closely,4504733,6.3,-3.9,0.0,0.0,0.0,0.0,3,16.9,33.8,270,Overcast,1,1,
49234,2022-02-19 23:50:00,40.75582,-73.970764,1,0,Driver Inattention/Distraction,4504799,3.3,-5.5,0.4,0.0,0.28,4.0,71,35.3,64.4,260,Snow fall: Light,1,1,Snowy Conditions
49235,2021-12-15 06:50:00,40.80304,-73.868904,0,0,Backing Unsafely,4504803,10.3,1.8,1.0,1.0,0.0,6.0,51,20.6,38.2,104,Drizzle: Light,0,0,
49236,2022-02-20 00:25:00,40.667915,-73.996414,0,0,Unspecified,4504045,2.4,-6.6,0.0,0.0,0.0,0.0,3,23.4,44.3,250,Overcast,0,0,
49237,2022-02-20 23:20:00,40.773132,-73.946106,0,0,Backing Unsafely,4504454,2.4,-6.6,0.0,0.0,0.0,0.0,3,23.4,44.3,250,Overcast,0,0,
49238,2022-02-20 09:30:00,40.69642,-73.95978,0,0,Driver Inattention/Distraction,4504507,2.4,-6.6,0.0,0.0,0.0,0.0,3,23.4,44.3,250,Overcast,0,0,
49239,2022-02-18 16:00:00,40.87829,-73.87006,0,0,Driver Inexperience,4504888,15.6,-2.8,11.9,11.9,0.0,6.0,63,44.1,79.2,261,Rain: Moderate,0,0,
49240,2021-06-20 01:51:00,40.84497,-73.9092,1,0,Driver Inattention/Distraction,4432177,28.7,17.3,0.3,0.3,0.0,2.0,51,19.5,40.0,212,Drizzle: Light,1,1,
49241,2021-07-04 18:00:00,40.750256,-73.938644,0,0,Unspecified,4433852,24.6,15.8,1.4,1.4,0.0,12.0,51,11.8,27.0,299,Drizzle: Light,0,0,
49242,2022-04-06 10:10:00,40.639305,-73.95898,1,0,Unspecified,4517532,12.5,6.2,17.5,17.5,0.0,14.0,61,31.2,62.3,55,Rain: Light,1,1,
49243,2022-04-02 10:10:00,40.69549,-73.89301,0,0,Unspecified,4517381,11.1,1.4,0.0,0.0,0.0,0.0,3,26.3,47.9,286,Overcast,0,0,
49244,2022-04-07 12:15:00,40.715157,-74.00212,1,0,Traffic Control Disregarded,4517091,11.5,5.6,74.1,74.1,0.0,14.0,65,35.0,64.8,98,Rain: Heavy,1,1,
49245,2022-04-06 13:15:00,40.817543,-73.85084,0,0,Unspecified,4516989,12.5,6.2,17.5,17.5,0.0,14.0,61,31.2,62.3,55,Rain: Light,0,0,
49246,2022-04-06 13:20:00,40.651196,-73.94161,0,0,Physical Disability,4516804,12.5,6.2,17.5,17.5,0.0,14.0,61,31.2,62.3,55,Rain: Light,0,0,
49247,2022-04-05 13:40:00,40.826183,-73.90975,2,0,Unspecified,4517479,12.1,1.0,1.7,1.7,0.0,3.0,53,16.8,32.8,121,Drizzle: Moderate,2,2,
49248,2022-04-08 20:00:00,40.666573,-73.811775,0,0,Driver Inattention/Distraction,4517816,16.5,7.1,5.2,5.2,0.0,4.0,63,21.3,42.8,253,Rain: Moderate,0,0,
49249,2022-04-08 22:00:00,40.642017,-73.96266,0,0,Unspecified,4517536,16.5,7.1,5.2,5.2,0.0,4.0,63,21.3,42.8,253,Rain: Moderate,0,0,
49250,2022-03-31 05:12:00,40.769993,-73.915825,0,0,Lane Marking Improper/Inadequate,4517567,19.0,3.5,12.0,12.0,0.0,4.0,65,37.8,67.3,194,Rain: Heavy,0,0,
49251,2022-04-08 11:45:00,40.810062,-73.95497,1,0,Driver Inattention/Distraction,4517746,16.5,7.1,5.2,5.2,0.0,4.0,63,21.3,42.8,253,Rain: Moderate,1,1,
49252,2022-04-06 22:05:00,40.67643,-73.86453,0,0,Aggressive Driving/Road Rage,4516832,12.5,6.2,17.5,17.5,0.0,14.0,61,31.2,62.3,55,Rain: Light,0,0,
49253,2022-04-07 09:54:00,40.668793,-73.97999,0,0,Turning Improperly,4517668,11.5,5.6,74.1,74.1,0.0,14.0,65,35.0,64.8,98,Rain: Heavy,0,0,
49254,2022-04-04 00:07:00,40.84797,-73.924774,0,0,Other Vehicular,4517207,12.2,2.6,0.1,0.1,0.0,1.0,51,23.7,41.4,304,Drizzle: Light,0,0,
49255,2022-04-06 08:35:00,40.75428,-73.89751,1,0,Failure to Yield Right-of-Way,4516737,12.5,6.2,17.5,17.5,0.0,14.0,61,31.2,62.3,55,Rain: Light,1,1,
49256,2022-04-08 16:25:00,40.7712,-73.83345,0,0,Following Too Closely,4517790,16.5,7.1,5.2,5.2,0.0,4.0,63,21.3,42.8,253,Rain: Moderate,0,0,
49257,2022-04-07 21:25:00,40.811043,-73.88073,2,0,Unspecified,4517193,11.5,5.6,74.1,74.1,0.0,14.0,65,35.0,64.8,98,Rain: Heavy,2,2,
49258,2022-04-06 10:45:00,40.592186,-73.9777,0,0,Unspecified,4517000,12.5,6.2,17.5,17.5,0.0,14.0,61,31.2,62.3,55,Rain: Light,0,0,
49259,2022-04-07 05:25:00,40.806126,-73.967384,0,0,Unspecified,4517801,11.5,5.6,74.1,74.1,0.0,14.0,65,35.0,64.8,98,Rain: Heavy,0,0,
49260,2022-04-08 17:10:00,40.668915,-73.93343,0,0,Unspecified,4517326,16.5,7.1,5.2,5.2,0.0,4.0,63,21.3,42.8,253,Rain: Moderate,0,0,
49261,2022-04-06 15:30:00,40.680504,-73.90629,0,0,Other Vehicular,4516887,12.5,6.2,17.5,17.5,0.0,14.0,61,31.2,62.3,55,Rain: Light,0,0,
49262,2022-04-07 08:30:00,40.768105,-73.804825,0,0,Failure to Yield Right-of-Way,4517239,11.5,5.6,74.1,74.1,0.0,14.0,65,35.0,64.8,98,Rain: Heavy,0,0,
49263,2022-04-08 19:00:00,40.703293,-73.7961,0,0,Driver Inattention/Distraction,4517890,16.5,7.1,5.2,5.2,0.0,4.0,63,21.3,42.8,253,Rain: Moderate,0,0,
49264,2022-04-08 12:10:00,40.718555,-73.988205,0,0,Unspecified,4517321,16.5,7.1,5.2,5.2,0.0,4.0,63,21.3,42.8,253,Rain: Moderate,0,0,
49265,2022-04-07 00:00:00,40.862717,-73.9023,0,0,Unspecified,4517171,11.5,5.6,74.1,74.1,0.0,14.0,65,35.0,64.8,98,Rain: Heavy,0,0,
49266,2022-04-07 21:20:00,40.67775,-73.88267,0,0,Steering Failure,4517222,11.5,5.6,74.1,74.1,0.0,14.0,65,35.0,64.8,98,Rain: Heavy,0,0,
49267,2022-04-06 14:03:00,40.627415,-74.16045,0,0,Driver Inattention/Distraction,4516808,12.5,6.2,17.5,17.5,0.0,14.0,61,31.2,62.3,55,Rain: Light,0,0,
49268,2022-04-06 21:00:00,40.699657,-73.95121,1,0,Driver Inattention/Distraction,4516840,12.5,6.2,17.5,17.5,0.0,14.0,61,31.2,62.3,55,Rain: Light,1,1,
49269,2021-07-05 17:48:00,40.62349,-74.000534,0,0,Driver Inattention/Distraction,4434321,26.4,17.3,0.7,0.7,0.0,2.0,53,18.8,34.6,142,Drizzle: Moderate,0,0,
49270,2021-07-05 11:20:00,40.586277,-74.070465,0,0,Unsafe Lane Changing,4434464,26.4,17.3,0.7,0.7,0.0,2.0,53,18.8,34.6,142,Drizzle: Moderate,0,0,
49271,2021-07-05 19:17:00,40.635475,-73.89156,2,0,Passenger Distraction,4434374,26.4,17.3,0.7,0.7,0.0,2.0,53,18.8,34.6,142,Drizzle: Moderate,2,2,
49272,2021-07-04 03:53:00,40.63974,-73.97342,0,0,Fell Asleep,4434935,24.6,15.8,1.4,1.4,0.0,12.0,51,11.8,27.0,299,Drizzle: Light,0,0,
49273,2021-07-05 00:38:00,40.58056,-73.83459,0,0,Unspecified,4433927,26.4,17.3,0.7,0.7,0.0,2.0,53,18.8,34.6,142,Drizzle: Moderate,0,0,
49274,2021-07-05 06:00:00,40.740395,-73.97909,0,0,Unspecified,4434354,26.4,17.3,0.7,0.7,0.0,2.0,53,18.8,34.6,142,Drizzle: Moderate,0,0,
49275,2021-07-05 00:45:00,40.69591,-73.80995,0,0,Traffic Control Disregarded,4434601,26.4,17.3,0.7,0.7,0.0,2.0,53,18.8,34.6,142,Drizzle: Moderate,0,0,
49276,2021-07-05 11:10:00,40.65501,-73.90506,0,0,Unspecified,4434855,26.4,17.3,0.7,0.7,0.0,2.0,53,18.8,34.6,142,Drizzle: Moderate,0,0,
49277,2021-07-05 00:15:00,40.843372,-73.904945,0,0,Passing or Lane Usage Improper,4433979,26.4,17.3,0.7,0.7,0.0,2.0,53,18.8,34.6,142,Drizzle: Moderate,0,0,
49278,2021-07-05 13:30:00,40.5731,-74.00143,0,0,Unsafe Lane Changing,4434405,26.4,17.3,0.7,0.7,0.0,2.0,53,18.8,34.6,142,Drizzle: Moderate,0,0,
49279,2021-07-05 23:36:00,40.86369,-73.91707,4,0,Unsafe Lane Changing,4434969,26.4,17.3,0.7,0.7,0.0,2.0,53,18.8,34.6,142,Drizzle: Moderate,4,4,
49280,2021-07-01 15:00:00,40.717022,-73.96527,0,0,Backing Unsafely,4435047,27.8,22.2,25.2,25.2,0.0,12.0,65,10.6,33.1,280,Rain: Heavy,0,0,
49281,2021-07-05 20:43:00,40.692383,-73.748726,1,0,View Obstructed/Limited,4434765,26.4,17.3,0.7,0.7,0.0,2.0,53,18.8,34.6,142,Drizzle: Moderate,1,1,
49282,2021-07-05 00:27:00,40.666187,-73.79176,0,0,Following Too Closely,4434303,26.4,17.3,0.7,0.7,0.0,2.0,53,18.8,34.6,142,Drizzle: Moderate,0,0,
49283,2021-07-05 18:45:00,40.572132,-74.10809,0,0,Failure to Yield Right-of-Way,4434472,26.4,17.3,0.7,0.7,0.0,2.0,53,18.8,34.6,142,Drizzle: Moderate,0,0,
49284,2021-07-05 16:20:00,40.67469,-73.79804,0,0,Failure to Yield Right-of-Way,4434526,26.4,17.3,0.7,0.7,0.0,2.0,53,18.8,34.6,142,Drizzle: Moderate,0,0,
49285,2021-07-05 22:30:00,40.802498,-73.94092,1,0,Driver Inattention/Distraction,4434607,26.4,17.3,0.7,0.7,0.0,2.0,53,18.8,34.6,142,Drizzle: Moderate,1,1,
49286,2021-07-05 18:24:00,40.599705,-73.99016,1,0,Driver Inexperience,4434657,26.4,17.3,0.7,0.7,0.0,2.0,53,18.8,34.6,142,Drizzle: Moderate,1,1,
49287,2021-07-05 12:00:00,40.709213,-73.938995,0,0,Other Vehicular,4434233,26.4,17.3,0.7,0.7,0.0,2.0,53,18.8,34.6,142,Drizzle: Moderate,0,0,
49288,2021-07-05 05:00:00,40.740395,-73.97909,0,0,Unspecified,4434125,26.4,17.3,0.7,0.7,0.0,2.0,53,18.8,34.6,142,Drizzle: Moderate,0,0,
49289,2021-07-05 02:58:00,40.74287,-73.8593,0,0,Driver Inattention/Distraction,4434219,26.4,17.3,0.7,0.7,0.0,2.0,53,18.8,34.6,142,Drizzle: Moderate,0,0,
49290,2021-07-05 06:51:00,40.719006,-73.95245,0,0,Alcohol Involvement,4434173,26.4,17.3,0.7,0.7,0.0,2.0,53,18.8,34.6,142,Drizzle: Moderate,0,0,
49291,2021-07-04 19:55:00,40.66117,-73.92157,0,0,Unspecified,4435007,24.6,15.8,1.4,1.4,0.0,12.0,51,11.8,27.0,299,Drizzle: Light,0,0,
49292,2021-07-05 03:50:00,40.723083,-73.72817,1,0,Fell Asleep,4434299,26.4,17.3,0.7,0.7,0.0,2.0,53,18.8,34.6,142,Drizzle: Moderate,1,1,
49293,2021-07-05 00:45:00,40.594616,-73.99743,1,0,Driver Inattention/Distraction,4434075,26.4,17.3,0.7,0.7,0.0,2.0,53,18.8,34.6,142,Drizzle: Moderate,1,1,
49294,2021-07-05 02:30:00,40.682846,-73.95382,0,0,Passing Too Closely,4434654,26.4,17.3,0.7,0.7,0.0,2.0,53,18.8,34.6,142,Drizzle: Moderate,0,0,
49295,2021-07-05 20:30:00,40.5988,-73.98866,0,0,Unspecified,4434390,26.4,17.3,0.7,0.7,0.0,2.0,53,18.8,34.6,142,Drizzle: Moderate,0,0,
49296,2021-07-05 04:00:00,40.680817,-73.87488,0,0,Unspecified,4434418,26.4,17.3,0.7,0.7,0.0,2.0,53,18.8,34.6,142,Drizzle: Moderate,0,0,
49297,2021-07-05 05:33:00,40.786724,-73.983246,0,0,Driver Inattention/Distraction,4434709,26.4,17.3,0.7,0.7,0.0,2.0,53,18.8,34.6,142,Drizzle: Moderate,0,0,
49298,2021-07-05 02:30:00,40.670208,-73.79156,0,0,Following Too Closely,4434537,26.4,17.3,0.7,0.7,0.0,2.0,53,18.8,34.6,142,Drizzle: Moderate,0,0,
49299,2021-07-05 15:30:00,40.683434,-73.935776,0,0,Following Too Closely,4434666,26.4,17.3,0.7,0.7,0.0,2.0,53,18.8,34.6,142,Drizzle: Moderate,0,0,
49300,2021-07-05 10:40:00,40.837074,-73.944305,0,0,Unspecified,4434116,26.4,17.3,0.7,0.7,0.0,2.0,53,18.8,34.6,142,Drizzle: Moderate,0,0,
49301,2021-07-05 13:45:00,40.634117,-73.94588,0,0,Passing or Lane Usage Improper,4434245,26.4,17.3,0.7,0.7,0.0,2.0,53,18.8,34.6,142,Drizzle: Moderate,0,0,
49302,2021-07-05 21:22:00,40.86804,-73.879105,1,0,Other Vehicular,4434361,26.4,17.3,0.7,0.7,0.0,2.0,53,18.8,34.6,142,Drizzle: Moderate,1,1,
49303,2021-07-05 17:40:00,40.86235,-73.89997,1,0,Unspecified,4434515,26.4,17.3,0.7,0.7,0.0,2.0,53,18.8,34.6,142,Drizzle: Moderate,1,1,
49304,2021-07-05 12:00:00,40.736816,-73.980415,0,0,Driver Inattention/Distraction,4434914,26.4,17.3,0.7,0.7,0.0,2.0,53,18.8,34.6,142,Drizzle: Moderate,0,0,
49305,2021-07-05 12:13:00,40.713516,-73.748634,0,0,Unspecified,4434305,26.4,17.3,0.7,0.7,0.0,2.0,53,18.8,34.6,142,Drizzle: Moderate,0,0,
49306,2021-07-05 17:38:00,40.643894,-73.93826,1,0,Unspecified,4434335,26.4,17.3,0.7,0.7,0.0,2.0,53,18.8,34.6,142,Drizzle: Moderate,1,1,
49307,2021-07-04 20:50:00,40.73251,-73.86827,2,0,Unsafe Lane Changing,4435016,24.6,15.8,1.4,1.4,0.0,12.0,51,11.8,27.0,299,Drizzle: Light,2,2,
49308,2021-07-05 02:45:00,40.76663,-73.89605,0,0,Driver Inattention/Distraction,4434188,26.4,17.3,0.7,0.7,0.0,2.0,53,18.8,34.6,142,Drizzle: Moderate,0,0,
49309,2021-07-05 17:30:00,40.668987,-73.915436,0,0,Unspecified,4434852,26.4,17.3,0.7,0.7,0.0,2.0,53,18.8,34.6,142,Drizzle: Moderate,0,0,
49310,2021-07-05 04:10:00,40.835716,-73.89205,0,0,Unsafe Speed,4434581,26.4,17.3,0.7,0.7,0.0,2.0,53,18.8,34.6,142,Drizzle: Moderate,0,0,
49311,2021-07-05 19:46:00,40.70703,-73.909325,0,0,Unspecified,4434623,26.4,17.3,0.7,0.7,0.0,2.0,53,18.8,34.6,142,Drizzle: Moderate,0,0,
49312,2021-06-20 09:55:00,40.702835,-73.86983,0,0,Failure to Yield Right-of-Way,4434998,28.7,17.3,0.3,0.3,0.0,2.0,51,19.5,40.0,212,Drizzle: Light,0,0,
49313,2021-07-05 20:15:00,0.0,0.0,0,0,Driver Inattention/Distraction,4434344,26.4,17.3,0.7,0.7,0.0,2.0,53,18.8,34.6,142,Drizzle: Moderate,0,0,
49314,2021-07-05 00:05:00,40.6941,-73.8211,0,0,Passing Too Closely,4434494,26.4,17.3,0.7,0.7,0.0,2.0,53,18.8,34.6,142,Drizzle: Moderate,0,0,
49315,2021-07-05 16:30:00,40.632263,-74.13768,0,0,Unspecified,4434868,26.4,17.3,0.7,0.7,0.0,2.0,53,18.8,34.6,142,Drizzle: Moderate,0,0,