,CRASH DATETIME,LATITUDE,LONGITUDE,NUMBER OF PERSONS INJURED,NUMBER OF PERSONS KILLED,CONTRIBUTING FACTOR VEHICLE 1,COLLISION_ID,temperature_2m_max,temperature_2m_min,precipitation_sum,rain_sum,snowfall_sum,precipitation_hours,weather_code,wind_speed_10m_max,wind_gusts_10m_max,wind_direction_10m_dominant,Weather Description,Severity_Score,Total_Affected_Persons,Weather_Category
49316,2021-07-05 20:14:00,40.664856,-73.88023,0,0,Driver Inattention/Distraction,4434437,26.4,17.3,0.7,0.7,0.0,2.0,53,18.8,34.6,142,Drizzle: Moderate,0,0,
49317,2021-07-05 03:45:00,40.743168,-73.98841,0,0,Driver Inattention/Distraction,4434355,26.4,17.3,0.7,0.7,0.0,2.0,53,18.8,34.6,142,Drizzle: Moderate,0,0,
49318,2021-07-05 20:05:00,40.679245,-73.873116,1,0,Unspecified,4434438,26.4,17.3,0.7,0.7,0.0,2.0,53,18.8,34.6,142,Drizzle: Moderate,1,1,
49319,2021-07-05 17:45:00,40.761234,-73.96389,1,0,Unsafe Lane Changing,4434401,26.4,17.3,0.7,0.7,0.0,2.0,53,18.8,34.6,142,Drizzle: Moderate,1,1,
49320,2021-07-05 00:26:00,40.570877,-74.16984,0,0,Traffic Control Disregarded,4433949,26.4,17.3,0.7,0.7,0.0,2.0,53,18.8,34.6,142,Drizzle: Moderate,0,0,
49321,2021-07-05 00:36:00,40.811367,-73.95402,0,0,Driver Inattention/Distraction,4435028,26.4,17.3,0.7,0.7,0.0,2.0,53,18.8,34.6,142,Drizzle: Moderate,0,0,
49322,2021-07-05 17:55:00,40.650856,-73.9486,1,0,Unspecified,4434331,26.4,17.3,0.7,0.7,0.0,2.0,53,18.8,34.6,142,Drizzle: Moderate,1,1,
49323,2021-07-05 02:26:00,40.78588,-73.94884,0,0,Driver Inattention/Distraction,4434786,26.4,17.3,0.7,0.7,0.0,2.0,53,18.8,34.6,142,Drizzle: Moderate,0,0,
49324,2021-07-03 11:33:00,40.876343,-73.863144,0,0,Driver Inattention/Distraction,4434933,19.3,16.6,16.1,16.1,0.0,20.0,63,24.0,47.2,43,Rain: Moderate,0,0,
49325,2021-07-05 05:05:00,40.700836,-73.99495,0,0,Reaction to Uninvolved Vehicle,4434004,26.4,17.3,0.7,0.7,0.0,2.0,53,18.8,34.6,142,Drizzle: Moderate,0,0,
49326,2021-06-26 04:00:00,40.68888,-73.960014,0,0,Fell Asleep,4434982,26.5,18.6,1.3,1.3,0.0,8.0,51,23.7,52.9,181,Drizzle: Light,0,0,
49327,2021-07-05 14:18:00,40.692352,-73.74352,0,0,Unspecified,4434308,26.4,17.3,0.7,0.7,0.0,2.0,53,18.8,34.6,142,Drizzle: Moderate,0,0,
49328,2021-07-05 12:39:00,40.57554,-73.979645,0,0,Passing or Lane Usage Improper,4434402,26.4,17.3,0.7,0.7,0.0,2.0,53,18.8,34.6,142,Drizzle: Moderate,0,0,
49329,2021-07-04 23:59:00,40.85447,-73.91008,1,0,View Obstructed/Limited,4435072,24.6,15.8,1.4,1.4,0.0,12.0,51,11.8,27.0,299,Drizzle: Light,1,1,
49330,2021-07-05 01:40:00,40.74629,-73.93327,0,0,Following Too Closely,4434345,26.4,17.3,0.7,0.7,0.0,2.0,53,18.8,34.6,142,Drizzle: Moderate,0,0,
49331,2021-07-05 07:01:00,40.656956,-73.95262,0,0,Passing Too Closely,4434753,26.4,17.3,0.7,0.7,0.0,2.0,53,18.8,34.6,142,Drizzle: Moderate,0,0,
49332,2021-07-05 15:00:00,40.63445,-74.1398,0,0,Driver Inattention/Distraction,4434867,26.4,17.3,0.7,0.7,0.0,2.0,53,18.8,34.6,142,Drizzle: Moderate,0,0,
49333,2021-07-05 04:00:00,40.81044,-73.93037,0,0,Unspecified,4434375,26.4,17.3,0.7,0.7,0.0,2.0,53,18.8,34.6,142,Drizzle: Moderate,0,0,
49334,2021-07-05 07:50:00,40.642197,-73.92835,1,0,Glare,4435013,26.4,17.3,0.7,0.7,0.0,2.0,53,18.8,34.6,142,Drizzle: Moderate,1,1,
49335,2021-07-05 02:55:00,40.838875,-73.90266,2,0,Pedestrian/Bicyclist/Other Pedestrian Error/Confusion,4434187,26.4,17.3,0.7,0.7,0.0,2.0,53,18.8,34.6,142,Drizzle: Moderate,2,2,
49336,2021-07-05 15:33:00,40.621437,-73.93503,4,0,Driver Inattention/Distraction,4434555,26.4,17.3,0.7,0.7,0.0,2.0,53,18.8,34.6,142,Drizzle: Moderate,4,4,
49337,2021-07-05 18:03:00,40.814102,-73.940865,1,0,Other Vehicular,4434323,26.4,17.3,0.7,0.7,0.0,2.0,53,18.8,34.6,142,Drizzle: Moderate,1,1,
49338,2021-07-05 16:15:00,40.67446,-73.95286,0,0,Driver Inattention/Distraction,4434684,26.4,17.3,0.7,0.7,0.0,2.0,53,18.8,34.6,142,Drizzle: Moderate,0,0,
49339,2021-07-05 03:57:00,40.681984,-73.84977,1,0,Driver Inexperience,4434117,26.4,17.3,0.7,0.7,0.0,2.0,53,18.8,34.6,142,Drizzle: Moderate,1,1,
49340,2021-07-05 22:10:00,40.713314,-74.00777,0,0,Unspecified,4434455,26.4,17.3,0.7,0.7,0.0,2.0,53,18.8,34.6,142,Drizzle: Moderate,0,0,
49341,2021-07-05 08:52:00,40.8302,-73.87862,0,0,Unspecified,4434589,26.4,17.3,0.7,0.7,0.0,2.0,53,18.8,34.6,142,Drizzle: Moderate,0,0,
49342,2021-07-05 08:40:00,40.831776,-73.82097,0,0,Lost Consciousness,4434208,26.4,17.3,0.7,0.7,0.0,2.0,53,18.8,34.6,142,Drizzle: Moderate,0,0,
49343,2021-07-05 19:09:00,40.861744,-73.911804,1,0,Turning Improperly,4434360,26.4,17.3,0.7,0.7,0.0,2.0,53,18.8,34.6,142,Drizzle: Moderate,1,1,
49344,2021-06-30 15:50:00,40.733433,-73.9955,0,0,Backing Unsafely,4434918,35.2,24.9,0.1,0.1,0.0,1.0,51,20.6,37.1,246,Drizzle: Light,0,0,
49345,2021-06-23 08:00:00,40.767727,-73.78427,1,0,Unspecified,4434992,23.1,12.2,0.0,0.0,0.0,0.0,3,16.5,31.7,309,Overcast,1,1,
49346,2021-07-05 16:20:00,40.886757,-73.9104,0,0,Traffic Control Disregarded,4434710,26.4,17.3,0.7,0.7,0.0,2.0,53,18.8,34.6,142,Drizzle: Moderate,0,0,
49347,2021-07-05 01:05:00,40.691,-73.79761,0,0,Backing Unsafely,4434315,26.4,17.3,0.7,0.7,0.0,2.0,53,18.8,34.6,142,Drizzle: Moderate,0,0,
49348,2021-07-05 19:00:00,40.66454,-73.82276,0,0,Failure to Yield Right-of-Way,4434368,26.4,17.3,0.7,0.7,0.0,2.0,53,18.8,34.6,142,Drizzle: Moderate,0,0,
49349,2021-07-05 10:52:00,40.827812,-73.925934,0,0,Unspecified,4434891,26.4,17.3,0.7,0.7,0.0,2.0,53,18.8,34.6,142,Drizzle: Moderate,0,0,
49350,2021-07-05 16:56:00,40.879616,-73.84189,0,0,Backing Unsafely,4434536,26.4,17.3,0.7,0.7,0.0,2.0,53,18.8,34.6,142,Drizzle: Moderate,0,0,
49351,2021-07-05 06:00:00,40.687965,-73.76651,0,0,Fell Asleep,4434049,26.4,17.3,0.7,0.7,0.0,2.0,53,18.8,34.6,142,Drizzle: Moderate,0,0,
49352,2021-07-05 11:38:00,40.687614,-73.93838,0,0,Following Too Closely,4434665,26.4,17.3,0.7,0.7,0.0,2.0,53,18.8,34.6,142,Drizzle: Moderate,0,0,
49353,2021-07-05 10:35:00,40.83609,-73.87039,0,0,Unspecified,4434595,26.4,17.3,0.7,0.7,0.0,2.0,53,18.8,34.6,142,Drizzle: Moderate,0,0,
49354,2021-07-05 11:50:00,40.85451,-73.89025,0,0,Passing Too Closely,4434470,26.4,17.3,0.7,0.7,0.0,2.0,53,18.8,34.6,142,Drizzle: Moderate,0,0,
49355,2021-07-05 19:30:00,40.64485,-73.96002,1,0,Failure to Yield Right-of-Way,4434389,26.4,17.3,0.7,0.7,0.0,2.0,53,18.8,34.6,142,Drizzle: Moderate,1,1,
49356,2021-07-05 14:30:00,40.65349,-73.94697,0,0,Unspecified,4435006,26.4,17.3,0.7,0.7,0.0,2.0,53,18.8,34.6,142,Drizzle: Moderate,0,0,
49357,2021-07-05 23:52:00,40.671715,-73.8882,0,0,Failure to Yield Right-of-Way,4434417,26.4,17.3,0.7,0.7,0.0,2.0,53,18.8,34.6,142,Drizzle: Moderate,0,0,
49358,2021-07-05 15:40:00,40.65525,-73.952965,1,0,Unspecified,4434334,26.4,17.3,0.7,0.7,0.0,2.0,53,18.8,34.6,142,Drizzle: Moderate,1,1,
49359,2021-07-05 17:55:00,40.677483,-73.93033,1,0,Unspecified,4434685,26.4,17.3,0.7,0.7,0.0,2.0,53,18.8,34.6,142,Drizzle: Moderate,1,1,
49360,2021-07-05 17:00:00,40.8115,-73.93481,3,0,Driver Inattention/Distraction,4434606,26.4,17.3,0.7,0.7,0.0,2.0,53,18.8,34.6,142,Drizzle: Moderate,3,3,
49361,2021-07-05 00:40:00,40.600754,-74.009865,2,0,Steering Failure,4434072,26.4,17.3,0.7,0.7,0.0,2.0,53,18.8,34.6,142,Drizzle: Moderate,2,2,
49362,2021-07-05 15:45:00,40.67091,-73.89364,1,0,Unspecified,4434425,26.4,17.3,0.7,0.7,0.0,2.0,53,18.8,34.6,142,Drizzle: Moderate,1,1,
49363,2021-07-05 00:45:00,40.72707,-73.75457,2,0,Driver Inattention/Distraction,4434231,26.4,17.3,0.7,0.7,0.0,2.0,53,18.8,34.6,142,Drizzle: Moderate,2,2,
49364,2021-07-05 01:00:00,40.66406,-73.89869,0,0,Unspecified,4434446,26.4,17.3,0.7,0.7,0.0,2.0,53,18.8,34.6,142,Drizzle: Moderate,0,0,
49365,2021-07-05 09:30:00,40.81914,-73.93719,0,0,Driver Inattention/Distraction,4434328,26.4,17.3,0.7,0.7,0.0,2.0,53,18.8,34.6,142,Drizzle: Moderate,0,0,
49366,2021-07-05 13:05:00,40.798576,-73.97316,0,0,Backing Unsafely,4434424,26.4,17.3,0.7,0.7,0.0,2.0,53,18.8,34.6,142,Drizzle: Moderate,0,0,
49367,2021-07-04 05:10:00,40.755028,-73.872696,1,0,Driver Inattention/Distraction,4434941,24.6,15.8,1.4,1.4,0.0,12.0,51,11.8,27.0,299,Drizzle: Light,1,1,
49368,2021-07-05 22:00:00,40.76518,-73.98912,0,0,Unspecified,4434379,26.4,17.3,0.7,0.7,0.0,2.0,53,18.8,34.6,142,Drizzle: Moderate,0,0,
49369,2021-07-05 17:00:00,40.858788,-73.92291,2,0,Driver Inattention/Distraction,4434965,26.4,17.3,0.7,0.7,0.0,2.0,53,18.8,34.6,142,Drizzle: Moderate,2,2,
49370,2021-07-05 01:23:00,0.0,0.0,0,0,Driver Inattention/Distraction,4433962,26.4,17.3,0.7,0.7,0.0,2.0,53,18.8,34.6,142,Drizzle: Moderate,0,0,
49371,2021-07-03 08:20:00,40.811626,-73.95253,0,0,Backing Unsafely,4435029,19.3,16.6,16.1,16.1,0.0,20.0,63,24.0,47.2,43,Rain: Moderate,0,0,
49372,2021-07-05 13:00:00,40.575336,-73.996445,0,0,Driver Inattention/Distraction,4434590,26.4,17.3,0.7,0.7,0.0,2.0,53,18.8,34.6,142,Drizzle: Moderate,0,0,
49373,2021-07-05 14:00:00,40.575924,-73.99114,0,0,Passing Too Closely,4434205,26.4,17.3,0.7,0.7,0.0,2.0,53,18.8,34.6,142,Drizzle: Moderate,0,0,
49374,2021-07-05 12:55:00,40.880135,-73.873085,0,0,Unspecified,4434209,26.4,17.3,0.7,0.7,0.0,2.0,53,18.8,34.6,142,Drizzle: Moderate,0,0,
49375,2021-07-05 04:01:00,40.86659,-73.86833,3,0,Unspecified,4434496,26.4,17.3,0.7,0.7,0.0,2.0,53,18.8,34.6,142,Drizzle: Moderate,3,3,
49376,2021-07-02 00:00:00,40.81261,-73.95683,1,0,Pedestrian/Bicyclist/Other Pedestrian Error/Confusion,4435027,24.3,19.2,29.6,29.6,0.0,23.0,63,14.1,27.7,284,Rain: Moderate,1,1,
49377,2021-07-05 08:50:00,40.65131,-73.91789,0,0,Driver Inattention/Distraction,4434243,26.4,17.3,0.7,0.7,0.0,2.0,53,18.8,34.6,142,Drizzle: Moderate,0,0,
49378,2021-07-05 22:00:00,40.629047,-73.94369,2,0,Driver Inattention/Distraction,4434556,26.4,17.3,0.7,0.7,0.0,2.0,53,18.8,34.6,142,Drizzle: Moderate,2,2,
49379,2021-07-05 03:10:00,40.69004,-73.7981,0,0,Passing Too Closely,4434314,26.4,17.3,0.7,0.7,0.0,2.0,53,18.8,34.6,142,Drizzle: Moderate,0,0,
49380,2021-07-05 22:40:00,40.740017,-73.84565,0,0,Driver Inattention/Distraction,4434633,26.4,17.3,0.7,0.7,0.0,2.0,53,18.8,34.6,142,Drizzle: Moderate,0,0,
49381,2021-07-05 06:30:00,40.67619,-73.9081,2,0,Following Too Closely,4434082,26.4,17.3,0.7,0.7,0.0,2.0,53,18.8,34.6,142,Drizzle: Moderate,2,2,
49382,2021-07-05 07:00:00,40.60043,-73.93608,0,0,Unspecified,4434500,26.4,17.3,0.7,0.7,0.0,2.0,53,18.8,34.6,142,Drizzle: Moderate,0,0,
49383,2021-07-05 21:00:00,40.584415,-73.943695,0,0,Driver Inattention/Distraction,4434610,26.4,17.3,0.7,0.7,0.0,2.0,53,18.8,34.6,142,Drizzle: Moderate,0,0,
49384,2021-07-05 11:55:00,40.742756,-73.95047,0,0,Driver Inattention/Distraction,4434680,26.4,17.3,0.7,0.7,0.0,2.0,53,18.8,34.6,142,Drizzle: Moderate,0,0,
49385,2021-07-05 10:20:00,40.761597,-73.9246,0,0,Passing Too Closely,4434122,26.4,17.3,0.7,0.7,0.0,2.0,53,18.8,34.6,142,Drizzle: Moderate,0,0,
49386,2021-07-05 01:29:00,40.65156,-73.93428,1,0,Failure to Yield Right-of-Way,4434242,26.4,17.3,0.7,0.7,0.0,2.0,53,18.8,34.6,142,Drizzle: Moderate,1,1,
49387,2021-07-05 15:59:00,40.73675,-73.87767,1,0,Driver Inattention/Distraction,4434307,26.4,17.3,0.7,0.7,0.0,2.0,53,18.8,34.6,142,Drizzle: Moderate,1,1,
49388,2021-07-05 01:53:00,40.592495,-73.98444,0,0,Driver Inattention/Distraction,4434403,26.4,17.3,0.7,0.7,0.0,2.0,53,18.8,34.6,142,Drizzle: Moderate,0,0,
49389,2021-07-05 22:50:00,40.575695,-73.99327,0,0,Backing Unsafely,4434775,26.4,17.3,0.7,0.7,0.0,2.0,53,18.8,34.6,142,Drizzle: Moderate,0,0,
49390,2021-06-30 16:18:00,40.622635,-74.03729,0,0,Unspecified,4435012,35.2,24.9,0.1,0.1,0.0,1.0,51,20.6,37.1,246,Drizzle: Light,0,0,
49391,2021-07-05 11:15:00,40.611767,-73.97638,0,0,Driver Inattention/Distraction,4434179,26.4,17.3,0.7,0.7,0.0,2.0,53,18.8,34.6,142,Drizzle: Moderate,0,0,
49392,2021-07-05 19:50:00,40.81666,-73.938995,0,0,Unsafe Speed,4434324,26.4,17.3,0.7,0.7,0.0,2.0,53,18.8,34.6,142,Drizzle: Moderate,0,0,
49393,2021-07-05 04:15:00,40.850494,-73.91546,0,0,Fell Asleep,4434065,26.4,17.3,0.7,0.7,0.0,2.0,53,18.8,34.6,142,Drizzle: Moderate,0,0,
49394,2021-07-05 15:58:00,40.75225,-73.702095,0,0,Failure to Yield Right-of-Way,4434301,26.4,17.3,0.7,0.7,0.0,2.0,53,18.8,34.6,142,Drizzle: Moderate,0,0,
49395,2021-07-05 02:42:00,40.66168,-73.98125,0,0,Prescription Medication,4434481,26.4,17.3,0.7,0.7,0.0,2.0,53,18.8,34.6,142,Drizzle: Moderate,0,0,
49396,2021-07-05 05:56:00,40.875088,-73.912415,1,0,Driver Inattention/Distraction,4434270,26.4,17.3,0.7,0.7,0.0,2.0,53,18.8,34.6,142,Drizzle: Moderate,1,1,
49397,2021-07-04 20:20:00,40.59888,-73.820694,1,0,Unsafe Speed,4434940,24.6,15.8,1.4,1.4,0.0,12.0,51,11.8,27.0,299,Drizzle: Light,1,1,
49398,2021-07-05 13:00:00,40.64538,-73.98625,0,0,Fell Asleep,4434642,26.4,17.3,0.7,0.7,0.0,2.0,53,18.8,34.6,142,Drizzle: Moderate,0,0,
49399,2021-07-05 04:41:00,40.710682,-73.98471,2,0,Driver Inattention/Distraction,4434347,26.4,17.3,0.7,0.7,0.0,2.0,53,18.8,34.6,142,Drizzle: Moderate,2,2,
49400,2021-07-05 17:24:00,40.66919,-73.77249,0,0,Passing Too Closely,4434543,26.4,17.3,0.7,0.7,0.0,2.0,53,18.8,34.6,142,Drizzle: Moderate,0,0,
49401,2021-07-05 08:50:00,40.689674,-73.96614,0,0,Driver Inattention/Distraction,4434662,26.4,17.3,0.7,0.7,0.0,2.0,53,18.8,34.6,142,Drizzle: Moderate,0,0,
49402,2021-07-05 09:30:00,40.60025,-73.94669,0,0,Passing or Lane Usage Improper,4434604,26.4,17.3,0.7,0.7,0.0,2.0,53,18.8,34.6,142,Drizzle: Moderate,0,0,
49403,2021-07-05 15:40:00,40.751858,-73.82637,0,0,Turning Improperly,4434393,26.4,17.3,0.7,0.7,0.0,2.0,53,18.8,34.6,142,Drizzle: Moderate,0,0,
49404,2021-07-05 16:00:00,40.667812,-73.917076,0,0,Driver Inattention/Distraction,4434862,26.4,17.3,0.7,0.7,0.0,2.0,53,18.8,34.6,142,Drizzle: Moderate,0,0,
49405,2021-07-04 03:20:00,40.752316,-73.8798,1,0,Other Vehicular,4435089,24.6,15.8,1.4,1.4,0.0,12.0,51,11.8,27.0,299,Drizzle: Light,1,1,
49406,2021-07-05 19:07:00,40.699947,-73.996346,3,0,Failure to Yield Right-of-Way,4434338,26.4,17.3,0.7,0.7,0.0,2.0,53,18.8,34.6,142,Drizzle: Moderate,3,3,
49407,2021-06-24 23:33:00,40.739418,-74.00387,0,0,Unspecified,4434922,23.2,13.5,0.0,0.0,0.0,0.0,3,19.7,40.0,145,Overcast,0,0,
49408,2021-07-05 19:20:00,40.66033,-73.924576,0,0,Unspecified,4434333,26.4,17.3,0.7,0.7,0.0,2.0,53,18.8,34.6,142,Drizzle: Moderate,0,0,
49409,2021-07-05 01:02:00,40.902836,-73.85329,2,0,Unsafe Speed,4434008,26.4,17.3,0.7,0.7,0.0,2.0,53,18.8,34.6,142,Drizzle: Moderate,2,2,
49410,2021-07-01 10:00:00,40.885952,-73.8279,0,0,Driver Inattention/Distraction,4434966,27.8,22.2,25.2,25.2,0.0,12.0,65,10.6,33.1,280,Rain: Heavy,0,0,
49411,2021-07-05 01:19:00,40.77233,-73.958725,0,0,Traffic Control Disregarded,4434228,26.4,17.3,0.7,0.7,0.0,2.0,53,18.8,34.6,142,Drizzle: Moderate,0,0,
49412,2021-07-05 21:54:00,40.68645,-73.81583,0,0,Traffic Control Disregarded,4434369,26.4,17.3,0.7,0.7,0.0,2.0,53,18.8,34.6,142,Drizzle: Moderate,0,0,
49413,2021-07-04 20:50:00,40.853474,-73.906456,2,0,Driver Inattention/Distraction,4435073,24.6,15.8,1.4,1.4,0.0,12.0,51,11.8,27.0,299,Drizzle: Light,2,2,
49414,2021-07-05 13:00:00,40.727566,-73.929276,1,0,Following Too Closely,4434795,26.4,17.3,0.7,0.7,0.0,2.0,53,18.8,34.6,142,Drizzle: Moderate,1,1,
49415,2021-07-05 09:49:00,40.633545,-73.90979,0,0,Unspecified,4434376,26.4,17.3,0.7,0.7,0.0,2.0,53,18.8,34.6,142,Drizzle: Moderate,0,0,
49416,2021-07-05 23:03:00,40.566494,-74.11377,0,0,Unspecified,4434466,26.4,17.3,0.7,0.7,0.0,2.0,53,18.8,34.6,142,Drizzle: Moderate,0,0,
49417,2021-07-05 10:46:00,40.848392,-73.937675,1,0,Driver Inattention/Distraction,4434831,26.4,17.3,0.7,0.7,0.0,2.0,53,18.8,34.6,142,Drizzle: Moderate,1,1,
49418,2021-07-05 15:00:00,40.86745,-73.89072,0,0,Unspecified,4434359,26.4,17.3,0.7,0.7,0.0,2.0,53,18.8,34.6,142,Drizzle: Moderate,0,0,
49419,2021-07-05 15:20:00,40.686234,-73.965416,0,0,Passing or Lane Usage Improper,4434318,26.4,17.3,0.7,0.7,0.0,2.0,53,18.8,34.6,142,Drizzle: Moderate,0,0,
49420,2021-07-02 09:40:00,40.73632,-73.85631,1,0,Following Too Closely,4434954,24.3,19.2,29.6,29.6,0.0,23.0,63,14.1,27.7,284,Rain: Moderate,1,1,
49421,2021-07-05 20:07:00,40.76974,-73.982124,0,0,Driver Inattention/Distraction,4434990,26.4,17.3,0.7,0.7,0.0,2.0,53,18.8,34.6,142,Drizzle: Moderate,0,0,
49422,2021-07-05 07:43:00,40.888687,-73.84018,0,0,Unsafe Speed,4434529,26.4,17.3,0.7,0.7,0.0,2.0,53,18.8,34.6,142,Drizzle: Moderate,0,0,
49423,2021-07-05 15:11:00,40.726376,-73.76624,0,0,Unsafe Lane Changing,4434726,26.4,17.3,0.7,0.7,0.0,2.0,53,18.8,34.6,142,Drizzle: Moderate,0,0,
49424,2021-07-05 07:05:00,40.635986,-73.951935,0,0,Unsafe Speed,4434387,26.4,17.3,0.7,0.7,0.0,2.0,53,18.8,34.6,142,Drizzle: Moderate,0,0,
49425,2021-07-05 09:30:00,40.66278,-73.88086,0,0,Unspecified,4434435,26.4,17.3,0.7,0.7,0.0,2.0,53,18.8,34.6,142,Drizzle: Moderate,0,0,
49426,2021-07-05 16:44:00,40.773563,-73.95346,0,0,Driver Inattention/Distraction,4434889,26.4,17.3,0.7,0.7,0.0,2.0,53,18.8,34.6,142,Drizzle: Moderate,0,0,
49427,2021-07-05 04:10:00,40.680855,-73.89374,0,0,Following Too Closely,4434447,26.4,17.3,0.7,0.7,0.0,2.0,53,18.8,34.6,142,Drizzle: Moderate,0,0,
49428,2021-07-05 17:45:00,40.581448,-73.852165,0,0,Following Too Closely,4434905,26.4,17.3,0.7,0.7,0.0,2.0,53,18.8,34.6,142,Drizzle: Moderate,0,0,
49429,2021-07-05 00:38:00,40.644985,-74.01769,1,0,Driver Inattention/Distraction,4433971,26.4,17.3,0.7,0.7,0.0,2.0,53,18.8,34.6,142,Drizzle: Moderate,1,1,
49430,2021-07-01 14:20:00,40.721424,-73.98769,0,0,Unspecified,4435041,27.8,22.2,25.2,25.2,0.0,12.0,65,10.6,33.1,280,Rain: Heavy,0,0,
49431,2021-07-05 19:10:00,40.85206,-73.934784,0,0,Passing or Lane Usage Improper,4434958,26.4,17.3,0.7,0.7,0.0,2.0,53,18.8,34.6,142,Drizzle: Moderate,0,0,
49432,2021-07-05 01:30:00,40.661095,-73.92789,0,0,Unspecified,4434337,26.4,17.3,0.7,0.7,0.0,2.0,53,18.8,34.6,142,Drizzle: Moderate,0,0,
49433,2021-07-05 00:00:00,40.82599,-73.878944,0,0,Unspecified,4434593,26.4,17.3,0.7,0.7,0.0,2.0,53,18.8,34.6,142,Drizzle: Moderate,0,0,
49434,2021-07-05 13:00:00,40.70422,-73.894684,0,0,Unspecified,4434211,26.4,17.3,0.7,0.7,0.0,2.0,53,18.8,34.6,142,Drizzle: Moderate,0,0,
49435,2021-07-05 03:00:00,40.88731,-73.86412,0,0,Driver Inexperience,4434562,26.4,17.3,0.7,0.7,0.0,2.0,53,18.8,34.6,142,Drizzle: Moderate,0,0,
49436,2021-07-04 14:05:00,40.65661,-73.93091,0,0,Unspecified,4435005,24.6,15.8,1.4,1.4,0.0,12.0,51,11.8,27.0,299,Drizzle: Light,0,0,
49437,2021-07-05 13:30:00,40.654533,-73.860916,1,0,View Obstructed/Limited,4434801,26.4,17.3,0.7,0.7,0.0,2.0,53,18.8,34.6,142,Drizzle: Moderate,1,1,
49438,2021-07-05 13:30:00,40.766403,-73.8153,0,0,Traffic Control Disregarded,4434392,26.4,17.3,0.7,0.7,0.0,2.0,53,18.8,34.6,142,Drizzle: Moderate,0,0,
49439,2021-07-05 21:30:00,40.65997,-73.88739,2,0,Unspecified,4434416,26.4,17.3,0.7,0.7,0.0,2.0,53,18.8,34.6,142,Drizzle: Moderate,2,2,
49440,2021-07-05 10:07:00,40.63082,-73.88636,1,0,Driver Inexperience,4434693,26.4,17.3,0.7,0.7,0.0,2.0,53,18.8,34.6,142,Drizzle: Moderate,1,1,
49441,2021-07-05 21:22:00,40.68306,-73.973785,0,0,View Obstructed/Limited,4434482,26.4,17.3,0.7,0.7,0.0,2.0,53,18.8,34.6,142,Drizzle: Moderate,0,0,
49442,2021-07-05 03:06:00,40.85119,-73.84434,0,0,Unspecified,4434268,26.4,17.3,0.7,0.7,0.0,2.0,53,18.8,34.6,142,Drizzle: Moderate,0,0,
49443,2021-07-05 15:35:00,40.711033,-73.7281,2,0,Unsafe Speed,4434311,26.4,17.3,0.7,0.7,0.0,2.0,53,18.8,34.6,142,Drizzle: Moderate,2,2,
49444,2021-07-05 08:30:00,40.67506,-73.916626,0,0,Unspecified,4434083,26.4,17.3,0.7,0.7,0.0,2.0,53,18.8,34.6,142,Drizzle: Moderate,0,0,
49445,2021-07-05 22:38:00,40.819096,-73.94093,2,0,Driver Inattention/Distraction,4434501,26.4,17.3,0.7,0.7,0.0,2.0,53,18.8,34.6,142,Drizzle: Moderate,2,2,
49446,2021-07-05 18:40:00,40.66454,-73.82276,1,0,Following Too Closely,4434364,26.4,17.3,0.7,0.7,0.0,2.0,53,18.8,34.6,142,Drizzle: Moderate,1,1,
49447,2021-07-01 18:30:00,40.714214,-73.74744,0,0,Reaction to Uninvolved Vehicle,4435025,27.8,22.2,25.2,25.2,0.0,12.0,65,10.6,33.1,280,Rain: Heavy,0,0,
49448,2021-07-05 04:30:00,40.579453,-74.10617,0,0,Driver Inattention/Distraction,4434282,26.4,17.3,0.7,0.7,0.0,2.0,53,18.8,34.6,142,Drizzle: Moderate,0,0,
49449,2021-07-05 21:39:00,40.576965,-74.16974,6,0,Unsafe Speed,4434734,26.4,17.3,0.7,0.7,0.0,2.0,53,18.8,34.6,142,Drizzle: Moderate,6,6,
49450,2021-07-05 05:00:00,40.848118,-73.93089,1,0,Unsafe Lane Changing,4434613,26.4,17.3,0.7,0.7,0.0,2.0,53,18.8,34.6,142,Drizzle: Moderate,1,1,
49451,2021-07-05 17:25:00,40.624855,-73.99195,1,0,Unspecified,4434647,26.4,17.3,0.7,0.7,0.0,2.0,53,18.8,34.6,142,Drizzle: Moderate,1,1,
49452,2021-07-05 04:10:00,40.680042,-73.80894,1,0,Alcohol Involvement,4434081,26.4,17.3,0.7,0.7,0.0,2.0,53,18.8,34.6,142,Drizzle: Moderate,1,1,
49453,2021-07-05 21:00:00,40.736656,-73.954544,0,0,Other Vehicular,4434421,26.4,17.3,0.7,0.7,0.0,2.0,53,18.8,34.6,142,Drizzle: Moderate,0,0,
49454,2021-07-05 06:52:00,40.80213,-73.9073,1,0,Alcohol Involvement,4434198,26.4,17.3,0.7,0.7,0.0,2.0,53,18.8,34.6,142,Drizzle: Moderate,1,1,
49455,2021-07-05 07:55:00,40.613132,-74.07175,0,0,Driver Inattention/Distraction,4434528,26.4,17.3,0.7,0.7,0.0,2.0,53,18.8,34.6,142,Drizzle: Moderate,0,0,
49456,2021-07-05 02:30:00,40.848423,-73.91925,0,0,Unspecified,4434060,26.4,17.3,0.7,0.7,0.0,2.0,53,18.8,34.6,142,Drizzle: Moderate,0,0,
49457,2021-07-05 06:15:00,40.8166,-73.942764,0,0,Unspecified,4434327,26.4,17.3,0.7,0.7,0.0,2.0,53,18.8,34.6,142,Drizzle: Moderate,0,0,