,CRASH DATETIME,LATITUDE,LONGITUDE,NUMBER OF PERSONS INJURED,NUMBER OF PERSONS KILLED,CONTRIBUTING FACTOR VEHICLE 1,COLLISION_ID,temperature_2m_max,temperature_2m_min,precipitation_sum,rain_sum,snowfall_sum,precipitation_hours,weather_code,wind_speed_10m_max,wind_gusts_10m_max,wind_direction_10m_dominant,Weather Description,Severity_Score,Total_Affected_Persons,Weather_Category
49458,2021-07-05 03:30:00,40.702843,-73.78315,0,0,Driver Inattention/Distraction,4434609,26.4,17.3,0.7,0.7,0.0,2.0,53,18.8,34.6,142,Drizzle: Moderate,0,0,
49459,2021-07-05 11:30:00,40.7164,-73.80797,1,0,Driver Inattention/Distraction,4434474,26.4,17.3,0.7,0.7,0.0,2.0,53,18.8,34.6,142,Drizzle: Moderate,1,1,
49460,2021-07-05 12:05:00,40.616608,-74.14234,3,0,Reaction to Uninvolved Vehicle,4434240,26.4,17.3,0.7,0.7,0.0,2.0,53,18.8,34.6,142,Drizzle: Moderate,3,3,
49461,2021-07-03 05:30:00,40.84486,-73.85596,0,0,Alcohol Involvement,4434984,19.3,16.6,16.1,16.1,0.0,20.0,63,24.0,47.2,43,Rain: Moderate,0,0,
49462,2021-07-04 15:05:00,40.760223,-73.88623,2,0,Driver Inattention/Distraction,4434926,24.6,15.8,1.4,1.4,0.0,12.0,51,11.8,27.0,299,Drizzle: Light,2,2,
49463,2021-07-05 23:15:00,40.6893,-73.81629,1,0,Driver Inattention/Distraction,4434371,26.4,17.3,0.7,0.7,0.0,2.0,53,18.8,34.6,142,Drizzle: Moderate,1,1,
49464,2021-07-05 02:53:00,40.61617,-74.02216,1,0,Outside Car Distraction,4434350,26.4,17.3,0.7,0.7,0.0,2.0,53,18.8,34.6,142,Drizzle: Moderate,1,1,
49465,2021-07-05 00:38:00,40.68623,-74.00046,0,0,Following Too Closely,4434767,26.4,17.3,0.7,0.7,0.0,2.0,53,18.8,34.6,142,Drizzle: Moderate,0,0,
49466,2021-07-05 21:00:00,40.764587,-73.98961,0,0,Unspecified,4434378,26.4,17.3,0.7,0.7,0.0,2.0,53,18.8,34.6,142,Drizzle: Moderate,0,0,
49467,2021-07-05 00:30:00,40.75987,-73.73428,3,0,Other Vehicular,4434230,26.4,17.3,0.7,0.7,0.0,2.0,53,18.8,34.6,142,Drizzle: Moderate,3,3,
49468,2021-07-05 10:45:00,40.60069,-74.010056,0,0,Unspecified,4434177,26.4,17.3,0.7,0.7,0.0,2.0,53,18.8,34.6,142,Drizzle: Moderate,0,0,
49469,2021-07-03 05:00:00,40.638927,-73.948296,0,0,Backing Unsafely,4435008,19.3,16.6,16.1,16.1,0.0,20.0,63,24.0,47.2,43,Rain: Moderate,0,0,
49470,2021-07-05 15:44:00,40.6727,-73.75968,0,0,Turning Improperly,4434540,26.4,17.3,0.7,0.7,0.0,2.0,53,18.8,34.6,142,Drizzle: Moderate,0,0,
49471,2021-07-05 18:33:00,40.679787,-73.93844,0,0,Failure to Yield Right-of-Way,4434661,26.4,17.3,0.7,0.7,0.0,2.0,53,18.8,34.6,142,Drizzle: Moderate,0,0,
49472,2021-07-05 01:55:00,40.689857,-73.92535,0,0,Passing Too Closely,4434302,26.4,17.3,0.7,0.7,0.0,2.0,53,18.8,34.6,142,Drizzle: Moderate,0,0,
49473,2021-07-05 15:00:00,40.771477,-73.8173,1,0,Backing Unsafely,4434395,26.4,17.3,0.7,0.7,0.0,2.0,53,18.8,34.6,142,Drizzle: Moderate,1,1,
49474,2021-07-05 11:30:00,40.607643,-74.03375,0,0,Driver Inexperience,4434602,26.4,17.3,0.7,0.7,0.0,2.0,53,18.8,34.6,142,Drizzle: Moderate,0,0,
49475,2021-07-05 12:30:00,40.5604,-74.16975,0,0,Backing Unsafely,4434465,26.4,17.3,0.7,0.7,0.0,2.0,53,18.8,34.6,142,Drizzle: Moderate,0,0,
49476,2021-07-05 02:19:00,40.74532,-73.92193,0,0,Fell Asleep,4434124,26.4,17.3,0.7,0.7,0.0,2.0,53,18.8,34.6,142,Drizzle: Moderate,0,0,
49477,2021-07-05 02:36:00,40.800774,-73.94006,1,0,Unspecified,4434040,26.4,17.3,0.7,0.7,0.0,2.0,53,18.8,34.6,142,Drizzle: Moderate,1,1,
49478,2021-07-05 16:35:00,40.65264,-73.949776,3,0,Driver Inattention/Distraction,4434332,26.4,17.3,0.7,0.7,0.0,2.0,53,18.8,34.6,142,Drizzle: Moderate,3,3,
49479,2021-07-05 17:34:00,40.573708,-73.99072,0,0,Driver Inattention/Distraction,4434404,26.4,17.3,0.7,0.7,0.0,2.0,53,18.8,34.6,142,Drizzle: Moderate,0,0,
49480,2021-07-05 16:55:00,40.734737,-73.87227,0,0,Reaction to Uninvolved Vehicle,4434306,26.4,17.3,0.7,0.7,0.0,2.0,53,18.8,34.6,142,Drizzle: Moderate,0,0,
49481,2021-06-20 02:30:00,40.711227,-73.72826,2,0,Driver Inattention/Distraction,4434939,28.7,17.3,0.3,0.3,0.0,2.0,51,19.5,40.0,212,Drizzle: Light,2,2,
49482,2021-06-30 11:45:00,40.688625,-73.84925,2,0,Reaction to Uninvolved Vehicle,4434968,35.2,24.9,0.1,0.1,0.0,1.0,51,20.6,37.1,246,Drizzle: Light,2,2,
49483,2021-07-05 19:00:00,40.715282,-73.95514,0,0,Passing Too Closely,4434790,26.4,17.3,0.7,0.7,0.0,2.0,53,18.8,34.6,142,Drizzle: Moderate,0,0,
49484,2021-06-30 19:50:00,40.86226,-73.89589,3,0,View Obstructed/Limited,4435074,35.2,24.9,0.1,0.1,0.0,1.0,51,20.6,37.1,246,Drizzle: Light,3,3,
49485,2021-07-05 19:00:00,40.84708,-73.942345,0,0,Passing or Lane Usage Improper,4434846,26.4,17.3,0.7,0.7,0.0,2.0,53,18.8,34.6,142,Drizzle: Moderate,0,0,
49486,2021-07-05 14:25:00,40.793186,-73.94057,0,0,Failure to Keep Right,4434502,26.4,17.3,0.7,0.7,0.0,2.0,53,18.8,34.6,142,Drizzle: Moderate,0,0,
49487,2021-07-05 02:05:00,40.745064,-73.86986,0,0,Unspecified,4434218,26.4,17.3,0.7,0.7,0.0,2.0,53,18.8,34.6,142,Drizzle: Moderate,0,0,
49488,2021-07-05 21:00:00,40.83542,-73.86809,2,0,Unspecified,4434594,26.4,17.3,0.7,0.7,0.0,2.0,53,18.8,34.6,142,Drizzle: Moderate,2,2,
49489,2021-06-28 13:17:00,40.691532,-73.993744,1,0,Turning Improperly,4435020,32.3,22.9,0.0,0.0,0.0,0.0,3,20.0,37.8,212,Overcast,1,1,
49490,2021-07-05 02:15:00,40.69822,-73.943954,1,0,Alcohol Involvement,4434493,26.4,17.3,0.7,0.7,0.0,2.0,53,18.8,34.6,142,Drizzle: Moderate,1,1,
49491,2021-07-05 03:14:00,40.840107,-73.90519,0,0,Driver Inattention/Distraction,4434191,26.4,17.3,0.7,0.7,0.0,2.0,53,18.8,34.6,142,Drizzle: Moderate,0,0,
49492,2021-07-05 05:20:00,40.78291,-73.98578,0,0,Unsafe Speed,4434295,26.4,17.3,0.7,0.7,0.0,2.0,53,18.8,34.6,142,Drizzle: Moderate,0,0,
49493,2021-07-05 00:15:00,40.735886,-73.989525,0,0,Passenger Distraction,4434111,26.4,17.3,0.7,0.7,0.0,2.0,53,18.8,34.6,142,Drizzle: Moderate,0,0,
49494,2021-07-04 20:00:00,40.691177,-73.7588,0,0,Traffic Control Disregarded,4435083,24.6,15.8,1.4,1.4,0.0,12.0,51,11.8,27.0,299,Drizzle: Light,0,0,
49495,2021-07-05 16:45:00,40.585037,-73.95645,0,0,Following Too Closely,4434804,26.4,17.3,0.7,0.7,0.0,2.0,53,18.8,34.6,142,Drizzle: Moderate,0,0,
49496,2021-07-04 18:58:00,40.692783,-73.84549,1,0,Failure to Yield Right-of-Way,4434953,24.6,15.8,1.4,1.4,0.0,12.0,51,11.8,27.0,299,Drizzle: Light,1,1,
49497,2021-07-01 20:00:00,40.690647,-73.85839,0,0,Passing Too Closely,4434960,27.8,22.2,25.2,25.2,0.0,12.0,65,10.6,33.1,280,Rain: Heavy,0,0,
49498,2021-07-05 00:40:00,40.811848,-73.91511,0,0,Unspecified,4433978,26.4,17.3,0.7,0.7,0.0,2.0,53,18.8,34.6,142,Drizzle: Moderate,0,0,
49499,2021-07-05 23:00:00,40.686504,-73.874954,0,0,Passing or Lane Usage Improper,4434448,26.4,17.3,0.7,0.7,0.0,2.0,53,18.8,34.6,142,Drizzle: Moderate,0,0,
49500,2021-07-05 18:00:00,40.653908,-73.95381,1,0,Reaction to Uninvolved Vehicle,4434336,26.4,17.3,0.7,0.7,0.0,2.0,53,18.8,34.6,142,Drizzle: Moderate,1,1,
49501,2021-07-05 22:30:00,40.819504,-73.897896,0,0,Passing Too Closely,4434697,26.4,17.3,0.7,0.7,0.0,2.0,53,18.8,34.6,142,Drizzle: Moderate,0,0,
49502,2021-07-05 17:11:00,40.86296,-73.89948,0,0,Other Vehicular,4434363,26.4,17.3,0.7,0.7,0.0,2.0,53,18.8,34.6,142,Drizzle: Moderate,0,0,
49503,2021-07-05 16:15:00,40.68857,-73.8757,0,0,Unspecified,4434436,26.4,17.3,0.7,0.7,0.0,2.0,53,18.8,34.6,142,Drizzle: Moderate,0,0,
49504,2021-07-05 11:26:00,40.718357,-73.835014,0,0,Unspecified,4434252,26.4,17.3,0.7,0.7,0.0,2.0,53,18.8,34.6,142,Drizzle: Moderate,0,0,
49505,2021-07-05 03:40:00,40.66131,-73.915405,1,0,Driver Inattention/Distraction,4434077,26.4,17.3,0.7,0.7,0.0,2.0,53,18.8,34.6,142,Drizzle: Moderate,1,1,
49506,2021-07-05 19:50:00,40.825665,-73.90932,0,0,Unspecified,4434580,26.4,17.3,0.7,0.7,0.0,2.0,53,18.8,34.6,142,Drizzle: Moderate,0,0,
49507,2021-07-05 22:14:00,40.646515,-73.90921,0,0,Unsafe Speed,4434746,26.4,17.3,0.7,0.7,0.0,2.0,53,18.8,34.6,142,Drizzle: Moderate,0,0,
49508,2021-07-05 19:00:00,40.74802,-73.88016,0,0,Driver Inattention/Distraction,4434320,26.4,17.3,0.7,0.7,0.0,2.0,53,18.8,34.6,142,Drizzle: Moderate,0,0,
49509,2021-07-05 12:00:00,40.680115,-73.75324,3,0,Driver Inattention/Distraction,4434310,26.4,17.3,0.7,0.7,0.0,2.0,53,18.8,34.6,142,Drizzle: Moderate,3,3,
49510,2021-07-05 19:40:00,40.659233,-73.96261,1,0,Alcohol Involvement,4434356,26.4,17.3,0.7,0.7,0.0,2.0,53,18.8,34.6,142,Drizzle: Moderate,1,1,
49511,2021-07-05 00:05:00,40.64507,-73.95803,0,0,Failure to Yield Right-of-Way,4434391,26.4,17.3,0.7,0.7,0.0,2.0,53,18.8,34.6,142,Drizzle: Moderate,0,0,
49512,2021-07-05 10:45:00,40.8439,-73.91171,0,0,Passing Too Closely,4434407,26.4,17.3,0.7,0.7,0.0,2.0,53,18.8,34.6,142,Drizzle: Moderate,0,0,
49513,2021-07-05 20:40:00,40.74573,-73.90212,0,0,Driver Inattention/Distraction,4434343,26.4,17.3,0.7,0.7,0.0,2.0,53,18.8,34.6,142,Drizzle: Moderate,0,0,
49514,2021-07-05 00:10:00,40.707233,-73.802505,0,0,,4434848,26.4,17.3,0.7,0.7,0.0,2.0,53,18.8,34.6,142,Drizzle: Moderate,0,0,
49515,2021-07-05 20:00:00,40.677715,-73.97326,1,0,Traffic Control Disregarded,4434883,26.4,17.3,0.7,0.7,0.0,2.0,53,18.8,34.6,142,Drizzle: Moderate,1,1,
49516,2021-07-03 10:37:00,40.76753,-73.76667,0,0,,4434931,19.3,16.6,16.1,16.1,0.0,20.0,63,24.0,47.2,43,Rain: Moderate,0,0,
49517,2021-07-05 15:15:00,40.821434,-73.9144,0,0,Driver Inattention/Distraction,4434373,26.4,17.3,0.7,0.7,0.0,2.0,53,18.8,34.6,142,Drizzle: Moderate,0,0,
49518,2022-04-07 18:00:00,40.8181,-73.82294,0,0,Unspecified,4517099,11.5,5.6,74.1,74.1,0.0,14.0,65,35.0,64.8,98,Rain: Heavy,0,0,
49519,2022-04-04 21:30:00,40.892673,-73.86013,0,0,Unsafe Speed,4517719,12.2,2.6,0.1,0.1,0.0,1.0,51,23.7,41.4,304,Drizzle: Light,0,0,
49520,2022-04-07 12:20:00,40.769897,-73.91344,0,0,Passing or Lane Usage Improper,4517059,11.5,5.6,74.1,74.1,0.0,14.0,65,35.0,64.8,98,Rain: Heavy,0,0,
49521,2022-04-07 22:00:00,40.791946,-73.82442,0,0,Pavement Slippery,4517243,11.5,5.6,74.1,74.1,0.0,14.0,65,35.0,64.8,98,Rain: Heavy,0,0,
49522,2022-04-08 19:20:00,40.740566,-73.81939,1,0,Driver Inattention/Distraction,4517354,16.5,7.1,5.2,5.2,0.0,4.0,63,21.3,42.8,253,Rain: Moderate,1,1,
49523,2022-04-06 10:00:00,40.89213,-73.85341,1,0,Following Too Closely,4516734,12.5,6.2,17.5,17.5,0.0,14.0,61,31.2,62.3,55,Rain: Light,1,1,
49524,2022-04-07 04:00:00,40.661526,-73.91574,0,0,Unsafe Speed,4517575,11.5,5.6,74.1,74.1,0.0,14.0,65,35.0,64.8,98,Rain: Heavy,0,0,
49525,2022-04-08 09:54:00,40.77157,-73.96491,0,0,Backing Unsafely,4517282,16.5,7.1,5.2,5.2,0.0,4.0,63,21.3,42.8,253,Rain: Moderate,0,0,
49526,2022-04-08 17:00:00,40.678,-73.86015,0,0,Passing or Lane Usage Improper,4517834,16.5,7.1,5.2,5.2,0.0,4.0,63,21.3,42.8,253,Rain: Moderate,0,0,
49527,2022-04-08 18:30:00,40.69853,-73.84194,0,0,Unspecified,4517439,16.5,7.1,5.2,5.2,0.0,4.0,63,21.3,42.8,253,Rain: Moderate,0,0,
49528,2022-04-08 14:08:00,40.600388,-73.94674,0,0,Driver Inattention/Distraction,4517387,16.5,7.1,5.2,5.2,0.0,4.0,63,21.3,42.8,253,Rain: Moderate,0,0,
49529,2022-04-06 08:01:00,40.845177,-73.91417,1,0,Failure to Yield Right-of-Way,4516942,12.5,6.2,17.5,17.5,0.0,14.0,61,31.2,62.3,55,Rain: Light,1,1,
49530,2022-04-08 04:05:00,40.755657,-73.884445,0,0,Unspecified,4517250,16.5,7.1,5.2,5.2,0.0,4.0,63,21.3,42.8,253,Rain: Moderate,0,0,
49531,2022-04-08 12:20:00,40.605675,-73.966965,1,0,Unspecified,4517395,16.5,7.1,5.2,5.2,0.0,4.0,63,21.3,42.8,253,Rain: Moderate,1,1,
49532,2022-04-08 17:28:00,40.74906,-73.870384,0,0,Unspecified,4517562,16.5,7.1,5.2,5.2,0.0,4.0,63,21.3,42.8,253,Rain: Moderate,0,0,
49533,2022-04-08 08:37:00,40.644295,-73.90139,0,0,Obstruction/Debris,4517271,16.5,7.1,5.2,5.2,0.0,4.0,63,21.3,42.8,253,Rain: Moderate,0,0,
49534,2022-04-07 15:23:00,40.680664,-73.98521,0,0,Passing Too Closely,4517672,11.5,5.6,74.1,74.1,0.0,14.0,65,35.0,64.8,98,Rain: Heavy,0,0,
49535,2022-04-01 05:39:00,40.640915,-73.97365,1,0,Alcohol Involvement,4517512,15.2,5.3,1.4,1.4,0.0,8.0,51,33.1,61.9,277,Drizzle: Light,1,1,
49536,2022-04-06 09:55:00,40.69897,-73.95702,0,0,Passing or Lane Usage Improper,4516766,12.5,6.2,17.5,17.5,0.0,14.0,61,31.2,62.3,55,Rain: Light,0,0,
49537,2022-04-08 18:45:00,40.860306,-73.90949,0,0,Backing Unsafely,4517903,16.5,7.1,5.2,5.2,0.0,4.0,63,21.3,42.8,253,Rain: Moderate,0,0,
49538,2022-04-07 14:35:00,40.788685,-73.94386,0,0,Following Too Closely,4517248,11.5,5.6,74.1,74.1,0.0,14.0,65,35.0,64.8,98,Rain: Heavy,0,0,
49539,2022-04-08 04:24:00,40.837894,-73.88138,1,0,Unsafe Lane Changing,4517781,16.5,7.1,5.2,5.2,0.0,4.0,63,21.3,42.8,253,Rain: Moderate,1,1,
49540,2022-04-06 00:40:00,40.732845,-73.98615,1,0,Following Too Closely,4517689,12.5,6.2,17.5,17.5,0.0,14.0,61,31.2,62.3,55,Rain: Light,1,1,
49541,2022-04-07 20:40:00,40.651867,-73.9127,0,0,Traffic Control Disregarded,4517620,11.5,5.6,74.1,74.1,0.0,14.0,65,35.0,64.8,98,Rain: Heavy,0,0,
49542,2022-04-06 15:40:00,40.577995,-73.95964,1,0,Following Too Closely,4517006,12.5,6.2,17.5,17.5,0.0,14.0,61,31.2,62.3,55,Rain: Light,1,1,
49543,2022-04-08 09:00:00,40.84215,-73.94228,0,0,Unspecified,4517601,16.5,7.1,5.2,5.2,0.0,4.0,63,21.3,42.8,253,Rain: Moderate,0,0,
49544,2022-04-06 05:08:00,40.687084,-73.8361,0,0,Unspecified,4516712,12.5,6.2,17.5,17.5,0.0,14.0,61,31.2,62.3,55,Rain: Light,0,0,
49545,2022-04-07 11:51:00,40.76817,-73.9528,0,0,Driver Inattention/Distraction,4517859,11.5,5.6,74.1,74.1,0.0,14.0,65,35.0,64.8,98,Rain: Heavy,0,0,
49546,2022-04-07 00:52:00,40.620857,-74.1318,0,0,Reaction to Uninvolved Vehicle,4516846,11.5,5.6,74.1,74.1,0.0,14.0,65,35.0,64.8,98,Rain: Heavy,0,0,
49547,2022-04-07 08:30:00,40.60912,-73.99356,0,0,Passing Too Closely,4517054,11.5,5.6,74.1,74.1,0.0,14.0,65,35.0,64.8,98,Rain: Heavy,0,0,
49548,2022-04-02 08:00:00,40.643566,-74.00475,0,0,Following Too Closely,4517298,11.1,1.4,0.0,0.0,0.0,0.0,3,26.3,47.9,286,Overcast,0,0,
49549,2022-04-07 22:55:00,40.66895,-73.9339,0,0,Traffic Control Device Improper/Non-Working,4517226,11.5,5.6,74.1,74.1,0.0,14.0,65,35.0,64.8,98,Rain: Heavy,0,0,
49550,2022-04-08 21:43:00,40.744057,-73.78112,0,0,Steering Failure,4517360,16.5,7.1,5.2,5.2,0.0,4.0,63,21.3,42.8,253,Rain: Moderate,0,0,
49551,2022-09-21 08:00:00,40.719093,-73.77552,0,0,Failure to Yield Right-of-Way,4566227,26.5,16.0,0.0,0.0,0.0,0.0,3,19.4,36.7,252,Overcast,0,0,
49552,2022-04-07 22:00:00,40.64477,-73.954735,0,0,Unspecified,4517554,11.5,5.6,74.1,74.1,0.0,14.0,65,35.0,64.8,98,Rain: Heavy,0,0,
49553,2022-04-07 14:25:00,40.659336,-73.90907,1,0,Traffic Control Disregarded,4517591,11.5,5.6,74.1,74.1,0.0,14.0,65,35.0,64.8,98,Rain: Heavy,1,1,
49554,2022-04-04 22:30:00,40.640305,-73.94749,0,0,Unspecified,4517619,12.2,2.6,0.1,0.1,0.0,1.0,51,23.7,41.4,304,Drizzle: Light,0,0,
49555,2022-04-06 16:35:00,40.826305,-73.876595,0,0,Unspecified,4516987,12.5,6.2,17.5,17.5,0.0,14.0,61,31.2,62.3,55,Rain: Light,0,0,
49556,2022-04-06 07:30:00,40.65794,-73.936874,1,0,Turning Improperly,4517432,12.5,6.2,17.5,17.5,0.0,14.0,61,31.2,62.3,55,Rain: Light,1,1,
49557,2022-04-06 10:07:00,40.72861,-73.88721,0,0,Failure to Yield Right-of-Way,4516798,12.5,6.2,17.5,17.5,0.0,14.0,61,31.2,62.3,55,Rain: Light,0,0,
49558,2022-04-07 15:20:00,40.626163,-74.15742,0,0,Driver Inattention/Distraction,4517155,11.5,5.6,74.1,74.1,0.0,14.0,65,35.0,64.8,98,Rain: Heavy,0,0,
49559,2022-04-07 16:00:00,40.71085,-73.79417,0,0,Driver Inattention/Distraction,4517134,11.5,5.6,74.1,74.1,0.0,14.0,65,35.0,64.8,98,Rain: Heavy,0,0,
49560,2022-04-06 09:15:00,40.75202,-74.00473,1,0,Backing Unsafely,4517638,12.5,6.2,17.5,17.5,0.0,14.0,61,31.2,62.3,55,Rain: Light,1,1,
49561,2022-04-07 04:59:00,40.59054,-73.97023,3,0,Alcohol Involvement,4517367,11.5,5.6,74.1,74.1,0.0,14.0,65,35.0,64.8,98,Rain: Heavy,3,3,
49562,2022-04-06 19:02:00,40.735218,-73.8856,0,0,Unspecified,4516893,12.5,6.2,17.5,17.5,0.0,14.0,61,31.2,62.3,55,Rain: Light,0,0,
49563,2022-03-29 16:06:00,0.0,0.0,1,0,Driver Inattention/Distraction,4517275,3.3,-5.2,0.0,0.0,0.0,0.0,2,29.3,54.4,311,Partly cloudy,1,1,
49564,2022-04-08 09:11:00,40.619984,-73.96427,1,0,Driver Inattention/Distraction,4517535,16.5,7.1,5.2,5.2,0.0,4.0,63,21.3,42.8,253,Rain: Moderate,1,1,
49565,2022-04-07 09:40:00,40.718616,-73.74707,0,0,Steering Failure,4517501,11.5,5.6,74.1,74.1,0.0,14.0,65,35.0,64.8,98,Rain: Heavy,0,0,
49566,2022-04-06 09:20:00,40.67957,-73.83679,2,0,Following Too Closely,4516876,12.5,6.2,17.5,17.5,0.0,14.0,61,31.2,62.3,55,Rain: Light,2,2,
49567,2022-03-30 06:15:00,40.760166,-73.937386,1,0,,4517410,5.9,-3.5,0.0,0.0,0.0,0.0,3,17.0,30.6,215,Overcast,1,1,
49568,2022-04-07 19:00:00,40.658768,-73.88216,0,0,Unspecified,4517104,11.5,5.6,74.1,74.1,0.0,14.0,65,35.0,64.8,98,Rain: Heavy,0,0,
49569,2022-04-08 07:08:00,40.713287,-73.87163,1,0,Unsafe Speed,4517714,16.5,7.1,5.2,5.2,0.0,4.0,63,21.3,42.8,253,Rain: Moderate,1,1,
49570,2022-04-07 10:30:00,40.691383,-73.938194,0,0,Unspecified,4517741,11.5,5.6,74.1,74.1,0.0,14.0,65,35.0,64.8,98,Rain: Heavy,0,0,
49571,2022-04-07 04:23:00,40.83518,-73.8859,0,0,Driver Inattention/Distraction,4517478,11.5,5.6,74.1,74.1,0.0,14.0,65,35.0,64.8,98,Rain: Heavy,0,0,
49572,2022-04-06 15:26:00,40.667397,-73.91309,1,0,Unspecified,4517568,12.5,6.2,17.5,17.5,0.0,14.0,61,31.2,62.3,55,Rain: Light,1,1,
49573,2022-04-07 08:50:00,40.65777,-73.93962,0,0,Driver Inattention/Distraction,4517430,11.5,5.6,74.1,74.1,0.0,14.0,65,35.0,64.8,98,Rain: Heavy,0,0,
49574,2022-04-07 17:53:00,40.63332,-74.027054,0,0,Driver Inexperience,4517120,11.5,5.6,74.1,74.1,0.0,14.0,65,35.0,64.8,98,Rain: Heavy,0,0,
49575,2022-04-06 14:30:00,40.74484,-73.85225,0,0,Driver Inattention/Distraction,4516904,12.5,6.2,17.5,17.5,0.0,14.0,61,31.2,62.3,55,Rain: Light,0,0,
49576,2022-04-08 13:35:00,40.773655,-73.95173,0,0,Unspecified,4517280,16.5,7.1,5.2,5.2,0.0,4.0,63,21.3,42.8,253,Rain: Moderate,0,0,
49577,2022-04-06 17:30:00,40.683502,-73.91152,0,0,Pedestrian/Bicyclist/Other Pedestrian Error/Confusion,4517584,12.5,6.2,17.5,17.5,0.0,14.0,61,31.2,62.3,55,Rain: Light,0,0,
49578,2022-04-08 18:00:00,40.692234,-73.987305,1,0,Driver Inattention/Distraction,4517762,16.5,7.1,5.2,5.2,0.0,4.0,63,21.3,42.8,253,Rain: Moderate,1,1,
49579,2022-04-08 01:10:00,40.68778,-73.984245,0,0,Backing Unsafely,4517467,16.5,7.1,5.2,5.2,0.0,4.0,63,21.3,42.8,253,Rain: Moderate,0,0,
49580,2022-03-30 00:10:00,40.657837,-73.95033,0,0,Unspecified,4517231,5.9,-3.5,0.0,0.0,0.0,0.0,3,17.0,30.6,215,Overcast,0,0,
49581,2022-04-06 03:52:00,40.757183,-73.83396,0,0,Passing or Lane Usage Improper,4516790,12.5,6.2,17.5,17.5,0.0,14.0,61,31.2,62.3,55,Rain: Light,0,0,
49582,2022-04-06 14:00:00,40.709206,-73.99607,1,0,Failure to Yield Right-of-Way,4517216,12.5,6.2,17.5,17.5,0.0,14.0,61,31.2,62.3,55,Rain: Light,1,1,
49583,2022-04-06 00:00:00,40.742363,-73.98268,1,0,Passing Too Closely,4516757,12.5,6.2,17.5,17.5,0.0,14.0,61,31.2,62.3,55,Rain: Light,1,1,
49584,2022-04-07 20:40:00,40.768497,-73.840904,0,0,Other Vehicular,4517163,11.5,5.6,74.1,74.1,0.0,14.0,65,35.0,64.8,98,Rain: Heavy,0,0,
49585,2022-04-07 11:36:00,40.724495,-73.95017,0,0,Unspecified,4517019,11.5,5.6,74.1,74.1,0.0,14.0,65,35.0,64.8,98,Rain: Heavy,0,0,
49586,2022-03-26 19:50:00,40.885544,-73.82896,0,0,Following Too Closely,4517685,10.1,4.9,6.1,5.8,0.21,8.0,71,21.6,41.0,251,Snow fall: Light,0,0,Snowy Conditions
49587,2022-04-08 12:50:00,40.718983,-73.83729,1,0,Driver Inattention/Distraction,4517263,16.5,7.1,5.2,5.2,0.0,4.0,63,21.3,42.8,253,Rain: Moderate,1,1,
49588,2022-04-08 15:04:00,40.628185,-74.14792,3,0,Failure to Yield Right-of-Way,4517302,16.5,7.1,5.2,5.2,0.0,4.0,63,21.3,42.8,253,Rain: Moderate,3,3,
49589,2022-04-07 08:52:00,40.71552,-74.00925,0,0,Driver Inattention/Distraction,4517081,11.5,5.6,74.1,74.1,0.0,14.0,65,35.0,64.8,98,Rain: Heavy,0,0,
49590,2022-04-06 16:25:00,40.6702,-73.86777,0,0,Backing Unsafely,4516820,12.5,6.2,17.5,17.5,0.0,14.0,61,31.2,62.3,55,Rain: Light,0,0,
49591,2022-04-06 11:30:00,40.636505,-73.953575,1,0,Unspecified,4516918,12.5,6.2,17.5,17.5,0.0,14.0,61,31.2,62.3,55,Rain: Light,1,1,
49592,2022-04-06 08:14:00,40.75458,-73.99915,0,0,Pedestrian/Bicyclist/Other Pedestrian Error/Confusion,4517643,12.5,6.2,17.5,17.5,0.0,14.0,61,31.2,62.3,55,Rain: Light,0,0,
49593,2022-04-08 11:00:00,40.79563,-73.93242,1,0,Traffic Control Disregarded,4517313,16.5,7.1,5.2,5.2,0.0,4.0,63,21.3,42.8,253,Rain: Moderate,1,1,
49594,2022-04-06 17:10:00,40.816044,-73.91195,0,0,Other Vehicular,4517050,12.5,6.2,17.5,17.5,0.0,14.0,61,31.2,62.3,55,Rain: Light,0,0,
49595,2022-04-06 18:00:00,40.66856,-73.909485,0,0,Driver Inattention/Distraction,4516975,12.5,6.2,17.5,17.5,0.0,14.0,61,31.2,62.3,55,Rain: Light,0,0,
49596,2022-04-08 22:00:00,40.831097,-73.89963,0,0,Unspecified,4517872,16.5,7.1,5.2,5.2,0.0,4.0,63,21.3,42.8,253,Rain: Moderate,0,0,
49597,2022-04-08 08:36:00,40.684948,-73.994644,0,0,Unspecified,4517330,16.5,7.1,5.2,5.2,0.0,4.0,63,21.3,42.8,253,Rain: Moderate,0,0,
49598,2022-04-06 06:20:00,40.69908,-73.758255,1,0,Traffic Control Disregarded,4516750,12.5,6.2,17.5,17.5,0.0,14.0,61,31.2,62.3,55,Rain: Light,1,1,
49599,2022-04-06 08:15:00,40.703175,-73.7483,1,0,Driver Inexperience,4516705,12.5,6.2,17.5,17.5,0.0,14.0,61,31.2,62.3,55,Rain: Light,1,1,
49600,2022-04-06 07:11:00,40.659275,-73.889,0,0,Unspecified,4516859,12.5,6.2,17.5,17.5,0.0,14.0,61,31.2,62.3,55,Rain: Light,0,0,
49601,2022-04-05 19:30:00,40.655396,-73.960526,0,0,Driver Inattention/Distraction,4517551,12.1,1.0,1.7,1.7,0.0,3.0,53,16.8,32.8,121,Drizzle: Moderate,0,0,