,CRASH DATETIME,LATITUDE,LONGITUDE,NUMBER OF PERSONS INJURED,NUMBER OF PERSONS KILLED,CONTRIBUTING FACTOR VEHICLE 1,COLLISION_ID,temperature_2m_max,temperature_2m_min,precipitation_sum,rain_sum,snowfall_sum,precipitation_hours,weather_code,wind_speed_10m_max,wind_gusts_10m_max,wind_direction_10m_dominant,Weather Description,Severity_Score,Total_Affected_Persons,Weather_Category
49602,2022-04-06 16:59:00,40.75747,-73.902794,1,0,Lost Consciousness,4517202,12.5,6.2,17.5,17.5,0.0,14.0,61,31.2,62.3,55,Rain: Light,1,1,
49603,2022-04-07 06:40:00,40.72839,-73.83302,1,0,Driver Inattention/Distraction,4516929,11.5,5.6,74.1,74.1,0.0,14.0,65,35.0,64.8,98,Rain: Heavy,1,1,
49604,2022-04-06 19:10:00,40.662926,-73.76496,1,0,Driver Inattention/Distraction,4516826,12.5,6.2,17.5,17.5,0.0,14.0,61,31.2,62.3,55,Rain: Light,1,1,
49605,2022-04-04 00:25:00,40.74835,-73.967865,0,0,Driver Inattention/Distraction,4517290,12.2,2.6,0.1,0.1,0.0,1.0,51,23.7,41.4,304,Drizzle: Light,0,0,
49606,2022-04-07 19:10:00,40.532402,-74.22489,0,0,Alcohol Involvement,4517138,11.5,5.6,74.1,74.1,0.0,14.0,65,35.0,64.8,98,Rain: Heavy,0,0,
49607,2022-04-07 23:26:00,40.63948,-74.016174,1,0,Failure to Yield Right-of-Way,4517151,11.5,5.6,74.1,74.1,0.0,14.0,65,35.0,64.8,98,Rain: Heavy,1,1,
49608,2022-04-07 17:59:00,40.676495,-73.913704,0,0,Unspecified,4517346,11.5,5.6,74.1,74.1,0.0,14.0,65,35.0,64.8,98,Rain: Heavy,0,0,
49609,2022-04-07 15:00:00,40.767612,-73.950005,0,0,Pavement Slippery,4517109,11.5,5.6,74.1,74.1,0.0,14.0,65,35.0,64.8,98,Rain: Heavy,0,0,
49610,2022-04-08 02:39:00,40.890915,-73.858765,0,0,Steering Failure,4517709,16.5,7.1,5.2,5.2,0.0,4.0,63,21.3,42.8,253,Rain: Moderate,0,0,
49611,2022-04-07 14:55:00,40.696995,-73.95475,0,0,Passing Too Closely,4517406,11.5,5.6,74.1,74.1,0.0,14.0,65,35.0,64.8,98,Rain: Heavy,0,0,
49612,2022-04-06 21:55:00,40.68735,-73.72702,3,0,Unspecified,4517947,12.5,6.2,17.5,17.5,0.0,14.0,61,31.2,62.3,55,Rain: Light,3,3,
49613,2022-04-06 08:50:00,40.54823,-74.220665,4,0,Following Too Closely,4517183,12.5,6.2,17.5,17.5,0.0,14.0,61,31.2,62.3,55,Rain: Light,4,4,
49614,2022-04-08 07:38:00,40.81918,-73.885506,1,0,Unspecified,4517295,16.5,7.1,5.2,5.2,0.0,4.0,63,21.3,42.8,253,Rain: Moderate,1,1,
49615,2022-04-06 11:00:00,40.75175,-74.007935,0,0,Unsafe Speed,4517736,12.5,6.2,17.5,17.5,0.0,14.0,61,31.2,62.3,55,Rain: Light,0,0,
49616,2022-04-05 15:09:00,40.702473,-73.81542,1,0,Unsafe Speed,4517258,12.1,1.0,1.7,1.7,0.0,3.0,53,16.8,32.8,121,Drizzle: Moderate,1,1,
49617,2022-04-08 17:44:00,40.707783,-73.932076,1,0,Failure to Yield Right-of-Way,4517519,16.5,7.1,5.2,5.2,0.0,4.0,63,21.3,42.8,253,Rain: Moderate,1,1,
49618,2022-04-04 11:05:00,40.569862,-74.11682,0,0,Driver Inattention/Distraction,4517491,12.2,2.6,0.1,0.1,0.0,1.0,51,23.7,41.4,304,Drizzle: Light,0,0,
49619,2022-04-06 18:54:00,40.825954,-73.94337,2,0,Unsafe Speed,4516870,12.5,6.2,17.5,17.5,0.0,14.0,61,31.2,62.3,55,Rain: Light,2,2,
49620,2022-04-08 18:30:00,40.666435,-73.83478,0,0,Following Too Closely,4517830,16.5,7.1,5.2,5.2,0.0,4.0,63,21.3,42.8,253,Rain: Moderate,0,0,
49621,2022-04-07 16:07:00,40.747665,-73.94506,1,0,Driver Inattention/Distraction,4517116,11.5,5.6,74.1,74.1,0.0,14.0,65,35.0,64.8,98,Rain: Heavy,1,1,
49622,2022-04-07 11:25:00,40.688553,-73.962845,0,0,Unspecified,4517199,11.5,5.6,74.1,74.1,0.0,14.0,65,35.0,64.8,98,Rain: Heavy,0,0,
49623,2022-04-07 07:27:00,40.70768,-73.74512,0,0,Passing or Lane Usage Improper,4517001,11.5,5.6,74.1,74.1,0.0,14.0,65,35.0,64.8,98,Rain: Heavy,0,0,
49624,2022-04-04 14:37:00,40.7179,-73.83202,1,0,Other Vehicular,4517212,12.2,2.6,0.1,0.1,0.0,1.0,51,23.7,41.4,304,Drizzle: Light,1,1,
49625,2022-04-07 21:43:00,40.661343,-73.93038,1,0,Alcohol Involvement,4517631,11.5,5.6,74.1,74.1,0.0,14.0,65,35.0,64.8,98,Rain: Heavy,1,1,
49626,2022-04-08 16:45:00,40.86609,-73.88268,0,0,Unspecified,4517922,16.5,7.1,5.2,5.2,0.0,4.0,63,21.3,42.8,253,Rain: Moderate,0,0,
49627,2022-04-08 18:00:00,40.6957,-73.75674,0,0,Following Too Closely,4517363,16.5,7.1,5.2,5.2,0.0,4.0,63,21.3,42.8,253,Rain: Moderate,0,0,
49628,2022-04-05 08:20:00,40.65618,-73.95159,2,0,Following Too Closely,4517227,12.1,1.0,1.7,1.7,0.0,3.0,53,16.8,32.8,121,Drizzle: Moderate,2,2,
49629,2021-09-25 13:59:00,40.71808,-73.95962,1,0,Unspecified,4461023,22.8,14.0,0.0,0.0,0.0,0.0,3,7.9,15.8,322,Overcast,1,1,
49630,2021-10-20 22:45:00,40.629986,-73.97157,1,0,Driver Inattention/Distraction,4471001,24.1,13.8,0.0,0.0,0.0,0.0,3,21.6,37.1,276,Overcast,1,1,
49631,2021-10-10 18:09:00,40.762417,-73.978325,1,0,Unspecified,4470975,18.5,16.0,2.4,2.4,0.0,8.0,53,27.2,52.6,52,Drizzle: Moderate,1,1,
49632,2021-10-23 20:05:00,40.84506,-73.916855,3,0,Other Vehicular,4470985,15.9,10.4,0.2,0.2,0.0,2.0,51,14.4,26.6,326,Drizzle: Light,3,3,
49633,2021-10-21 11:15:00,40.607685,-74.13892,0,0,Following Too Closely,4471004,22.9,12.0,0.0,0.0,0.0,0.0,3,17.0,31.7,207,Overcast,0,0,
49634,2021-10-22 09:45:00,40.609497,-74.12197,1,0,Unsafe Speed,4471005,20.3,14.4,0.0,0.0,0.0,0.0,3,18.1,31.3,267,Overcast,1,1,
49635,2021-09-06 07:45:00,40.7121162,-73.7311691,0,0,Failure to Yield Right-of-Way,4454231,26.9,18.4,0.0,0.0,0.0,0.0,3,19.6,37.8,273,Overcast,0,0,
49636,2021-12-12 07:50:00,40.63237,-73.88319,1,0,Driver Inattention/Distraction,4485790,13.0,3.4,0.5,0.5,0.0,1.0,53,32.4,62.6,284,Drizzle: Moderate,1,1,
49637,2021-10-18 19:15:00,40.5945347,-74.1619441,1,0,Driver Inattention/Distraction,4468835,15.8,9.2,0.0,0.0,0.0,0.0,2,32.4,58.3,296,Partly cloudy,1,1,
49638,2022-03-19 16:43:00,40.65531,-73.90318,1,0,Unspecified,4517345,18.3,6.6,9.3,9.3,0.0,3.0,65,16.3,32.8,146,Rain: Heavy,1,1,
49639,2022-04-08 14:51:00,40.712486,-73.991905,1,0,Unspecified,4517322,16.5,7.1,5.2,5.2,0.0,4.0,63,21.3,42.8,253,Rain: Moderate,1,1,
49640,2022-04-06 06:57:00,40.86946,-73.84433,0,0,Driver Inattention/Distraction,4516779,12.5,6.2,17.5,17.5,0.0,14.0,61,31.2,62.3,55,Rain: Light,0,0,
49641,2022-04-07 12:20:00,40.69166,-73.863785,0,0,Backing Unsafely,4517038,11.5,5.6,74.1,74.1,0.0,14.0,65,35.0,64.8,98,Rain: Heavy,0,0,
49642,2022-04-07 15:43:00,40.77831,-73.962776,1,0,Other Vehicular,4517168,11.5,5.6,74.1,74.1,0.0,14.0,65,35.0,64.8,98,Rain: Heavy,1,1,
49643,2022-04-06 16:00:00,40.844578,-73.902695,0,0,Unsafe Lane Changing,4516990,12.5,6.2,17.5,17.5,0.0,14.0,61,31.2,62.3,55,Rain: Light,0,0,
49644,2022-04-06 10:00:00,40.681705,-74.00431,0,0,Driver Inattention/Distraction,4516764,12.5,6.2,17.5,17.5,0.0,14.0,61,31.2,62.3,55,Rain: Light,0,0,
49645,2021-12-12 16:21:00,40.847996,-73.9347,0,0,Unspecified,4485784,13.0,3.4,0.5,0.5,0.0,1.0,53,32.4,62.6,284,Drizzle: Moderate,0,0,
49646,2021-12-12 14:30:00,40.664032,-73.73512,0,0,Unspecified,4485792,13.0,3.4,0.5,0.5,0.0,1.0,53,32.4,62.6,284,Drizzle: Moderate,0,0,
49647,2022-04-06 08:30:00,40.608433,-74.15544,0,0,Turning Improperly,4516809,12.5,6.2,17.5,17.5,0.0,14.0,61,31.2,62.3,55,Rain: Light,0,0,
49648,2022-04-05 21:50:00,40.666454,-73.78413,0,0,Backing Unsafely,4517317,12.1,1.0,1.7,1.7,0.0,3.0,53,16.8,32.8,121,Drizzle: Moderate,0,0,
49649,2022-04-06 07:30:00,40.71976,-73.94476,0,0,Reaction to Uninvolved Vehicle,4517087,12.5,6.2,17.5,17.5,0.0,14.0,61,31.2,62.3,55,Rain: Light,0,0,
49650,2022-04-07 14:23:00,40.675198,-73.789894,1,0,Pedestrian/Bicyclist/Other Pedestrian Error/Confusion,4517075,11.5,5.6,74.1,74.1,0.0,14.0,65,35.0,64.8,98,Rain: Heavy,1,1,
49651,2022-04-06 02:30:00,40.76056,-73.89275,0,0,Driver Inattention/Distraction,4516739,12.5,6.2,17.5,17.5,0.0,14.0,61,31.2,62.3,55,Rain: Light,0,0,
49652,2022-04-07 15:42:00,40.821144,-73.95753,1,0,Driver Inattention/Distraction,4517334,11.5,5.6,74.1,74.1,0.0,14.0,65,35.0,64.8,98,Rain: Heavy,1,1,
49653,2022-04-08 09:57:00,40.772343,-73.95269,0,0,Oversized Vehicle,4517285,16.5,7.1,5.2,5.2,0.0,4.0,63,21.3,42.8,253,Rain: Moderate,0,0,
49654,2022-04-01 18:35:00,40.847157,-73.89866,0,0,Following Too Closely,4517608,15.2,5.3,1.4,1.4,0.0,8.0,51,33.1,61.9,277,Drizzle: Light,0,0,
49655,2022-04-07 11:28:00,40.826153,-73.920265,0,0,Driver Inattention/Distraction,4517882,11.5,5.6,74.1,74.1,0.0,14.0,65,35.0,64.8,98,Rain: Heavy,0,0,
49656,2022-04-07 09:15:00,40.629166,-73.947334,1,0,Turning Improperly,4517545,11.5,5.6,74.1,74.1,0.0,14.0,65,35.0,64.8,98,Rain: Heavy,1,1,
49657,2022-04-07 10:12:00,40.82819,-73.862434,0,0,Unspecified,4517217,11.5,5.6,74.1,74.1,0.0,14.0,65,35.0,64.8,98,Rain: Heavy,0,0,
49658,2022-04-07 14:30:00,40.830906,-73.8736,1,0,Following Too Closely,4517112,11.5,5.6,74.1,74.1,0.0,14.0,65,35.0,64.8,98,Rain: Heavy,1,1,
49659,2022-04-02 11:35:00,40.761734,-73.97534,1,0,Backing Unsafely,4517238,11.1,1.4,0.0,0.0,0.0,0.0,3,26.3,47.9,286,Overcast,1,1,
49660,2022-04-06 18:13:00,40.715332,-73.944534,0,0,Passing Too Closely,4516908,12.5,6.2,17.5,17.5,0.0,14.0,61,31.2,62.3,55,Rain: Light,0,0,
49661,2022-04-07 22:20:00,40.563915,-74.11637,0,0,Driver Inattention/Distraction,4517142,11.5,5.6,74.1,74.1,0.0,14.0,65,35.0,64.8,98,Rain: Heavy,0,0,
49662,2022-04-06 17:11:00,40.735497,-73.869705,0,0,Driver Inattention/Distraction,4517146,12.5,6.2,17.5,17.5,0.0,14.0,61,31.2,62.3,55,Rain: Light,0,0,
49663,2022-04-06 02:30:00,40.878185,-73.88145,0,0,Unsafe Speed,4516682,12.5,6.2,17.5,17.5,0.0,14.0,61,31.2,62.3,55,Rain: Light,0,0,
49664,2022-04-08 06:30:00,40.8478,-73.86513,1,0,Unspecified,4517206,16.5,7.1,5.2,5.2,0.0,4.0,63,21.3,42.8,253,Rain: Moderate,1,1,
49665,2022-04-07 00:04:00,40.852768,-73.89217,1,0,Failure to Yield Right-of-Way,4516940,11.5,5.6,74.1,74.1,0.0,14.0,65,35.0,64.8,98,Rain: Heavy,1,1,
49666,2022-04-06 14:50:00,40.73736,-73.99685,1,0,Unspecified,4516960,12.5,6.2,17.5,17.5,0.0,14.0,61,31.2,62.3,55,Rain: Light,1,1,
49667,2022-03-13 20:30:00,40.750736,-73.89462,0,0,Unsafe Lane Changing,4517253,2.8,-6.1,0.2,0.0,0.14,2.0,71,33.5,62.6,267,Snow fall: Light,0,0,Snowy Conditions
49668,2022-04-08 11:30:00,40.75372,-73.83283,0,0,Backing Unsafely,4517450,16.5,7.1,5.2,5.2,0.0,4.0,63,21.3,42.8,253,Rain: Moderate,0,0,
49669,2022-04-07 09:20:00,40.602272,-73.753365,1,0,Unspecified,4517179,11.5,5.6,74.1,74.1,0.0,14.0,65,35.0,64.8,98,Rain: Heavy,1,1,
49670,2022-04-07 22:30:00,40.67674,-73.843735,2,0,Pavement Slippery,4517270,11.5,5.6,74.1,74.1,0.0,14.0,65,35.0,64.8,98,Rain: Heavy,2,2,
49671,2022-04-06 16:00:00,40.659218,-73.89113,0,0,Unspecified,4516866,12.5,6.2,17.5,17.5,0.0,14.0,61,31.2,62.3,55,Rain: Light,0,0,
49672,2022-04-06 10:27:00,40.722343,-73.77717,0,0,Unspecified,4517094,12.5,6.2,17.5,17.5,0.0,14.0,61,31.2,62.3,55,Rain: Light,0,0,
49673,2022-04-08 21:35:00,40.72237,-73.84609,0,0,Driver Inattention/Distraction,4517350,16.5,7.1,5.2,5.2,0.0,4.0,63,21.3,42.8,253,Rain: Moderate,0,0,
49674,2022-04-07 12:20:00,40.687866,-73.96879,1,0,Unspecified,4517399,11.5,5.6,74.1,74.1,0.0,14.0,65,35.0,64.8,98,Rain: Heavy,1,1,
49675,2022-03-26 21:13:00,40.694363,-73.756165,0,0,Unsafe Speed,4517703,10.1,4.9,6.1,5.8,0.21,8.0,71,21.6,41.0,251,Snow fall: Light,0,0,Snowy Conditions
49676,2022-04-08 16:16:00,40.639057,-74.03669,1,0,Driver Inattention/Distraction,4517312,16.5,7.1,5.2,5.2,0.0,4.0,63,21.3,42.8,253,Rain: Moderate,1,1,
49677,2022-04-07 12:09:00,40.739197,-73.99924,1,0,Pedestrian/Bicyclist/Other Pedestrian Error/Confusion,4517648,11.5,5.6,74.1,74.1,0.0,14.0,65,35.0,64.8,98,Rain: Heavy,1,1,
49678,2022-04-07 19:00:00,40.597904,-74.06486,0,0,Unspecified,4517486,11.5,5.6,74.1,74.1,0.0,14.0,65,35.0,64.8,98,Rain: Heavy,0,0,
49679,2022-04-08 15:00:00,40.693645,-73.938225,0,0,Driver Inattention/Distraction,4517756,16.5,7.1,5.2,5.2,0.0,4.0,63,21.3,42.8,253,Rain: Moderate,0,0,
49680,2022-04-08 16:34:00,40.79976,-73.96622,1,0,Traffic Control Disregarded,4517837,16.5,7.1,5.2,5.2,0.0,4.0,63,21.3,42.8,253,Rain: Moderate,1,1,
49681,2022-04-06 09:45:00,40.69783,-73.93677,0,0,Passing Too Closely,4516885,12.5,6.2,17.5,17.5,0.0,14.0,61,31.2,62.3,55,Rain: Light,0,0,
49682,2022-04-07 20:15:00,40.85312,-73.88947,1,0,Driver Inattention/Distraction,4517194,11.5,5.6,74.1,74.1,0.0,14.0,65,35.0,64.8,98,Rain: Heavy,1,1,
49683,2022-04-08 16:20:00,40.77008,-73.94784,0,0,Reaction to Uninvolved Vehicle,4517327,16.5,7.1,5.2,5.2,0.0,4.0,63,21.3,42.8,253,Rain: Moderate,0,0,
49684,2022-04-07 08:53:00,40.615124,-73.936066,0,0,Turning Improperly,4517307,11.5,5.6,74.1,74.1,0.0,14.0,65,35.0,64.8,98,Rain: Heavy,0,0,
49685,2022-04-07 09:28:00,40.697556,-73.91181,0,0,Passing Too Closely,4517635,11.5,5.6,74.1,74.1,0.0,14.0,65,35.0,64.8,98,Rain: Heavy,0,0,
49686,2022-03-18 21:30:00,40.831974,-73.9235,0,0,Unspecified,4517892,20.8,7.4,0.0,0.0,0.0,0.0,3,16.0,31.7,181,Overcast,0,0,
49687,2022-04-07 18:52:00,40.588512,-73.949356,0,0,Unspecified,4517389,11.5,5.6,74.1,74.1,0.0,14.0,65,35.0,64.8,98,Rain: Heavy,0,0,
49688,2022-04-07 23:04:00,40.78942,-73.84532,0,0,Pavement Slippery,4517244,11.5,5.6,74.1,74.1,0.0,14.0,65,35.0,64.8,98,Rain: Heavy,0,0,
49689,2022-04-08 20:38:00,40.61659,-73.96363,0,0,Alcohol Involvement,4517559,16.5,7.1,5.2,5.2,0.0,4.0,63,21.3,42.8,253,Rain: Moderate,0,0,
49690,2022-04-01 22:57:00,40.728855,-73.92782,1,0,Driver Inattention/Distraction,4517340,15.2,5.3,1.4,1.4,0.0,8.0,51,33.1,61.9,277,Drizzle: Light,1,1,
49691,2022-04-08 19:10:00,40.711033,-74.01454,0,0,Using On Board Navigation Device,4517592,16.5,7.1,5.2,5.2,0.0,4.0,63,21.3,42.8,253,Rain: Moderate,0,0,
49692,2022-04-07 19:54:00,40.834915,-73.894135,1,0,Driver Inattention/Distraction,4517482,11.5,5.6,74.1,74.1,0.0,14.0,65,35.0,64.8,98,Rain: Heavy,1,1,
49693,2022-04-07 07:00:00,40.67178,-73.98646,0,0,Brakes Defective,4517673,11.5,5.6,74.1,74.1,0.0,14.0,65,35.0,64.8,98,Rain: Heavy,0,0,
49694,2022-04-06 06:32:00,40.691433,-73.89063,0,0,Unsafe Speed,4517382,12.5,6.2,17.5,17.5,0.0,14.0,61,31.2,62.3,55,Rain: Light,0,0,
49695,2022-04-08 15:45:00,40.794785,-73.96431,1,0,Driver Inattention/Distraction,4517843,16.5,7.1,5.2,5.2,0.0,4.0,63,21.3,42.8,253,Rain: Moderate,1,1,
49696,2022-04-07 07:00:00,40.72777,-73.94186,0,0,Passing or Lane Usage Improper,4516946,11.5,5.6,74.1,74.1,0.0,14.0,65,35.0,64.8,98,Rain: Heavy,0,0,
49697,2022-04-06 11:30:00,40.640568,-73.91391,0,0,Unspecified,4516803,12.5,6.2,17.5,17.5,0.0,14.0,61,31.2,62.3,55,Rain: Light,0,0,
49698,2022-04-06 08:01:00,40.695854,-73.98198,0,0,Driver Inattention/Distraction,4516730,12.5,6.2,17.5,17.5,0.0,14.0,61,31.2,62.3,55,Rain: Light,0,0,
49699,2022-04-07 08:01:00,40.871395,-73.89308,0,0,Driver Inattention/Distraction,4517032,11.5,5.6,74.1,74.1,0.0,14.0,65,35.0,64.8,98,Rain: Heavy,0,0,
49700,2021-10-23 20:10:00,40.73163,-73.72318,2,0,Driver Inexperience,4470127,15.9,10.4,0.2,0.2,0.0,2.0,51,14.4,26.6,326,Drizzle: Light,2,2,
49701,2022-09-22 16:28:00,40.757286,-73.97812,1,0,Passing or Lane Usage Improper,4566497,24.9,14.3,9.1,9.1,0.0,7.0,63,24.6,44.6,273,Rain: Moderate,1,1,
49702,2022-01-09 22:15:00,40.74791,-73.96806,1,0,Unspecified,4495347,4.0,-5.3,5.1,5.1,0.0,12.0,53,23.8,42.1,220,Drizzle: Moderate,1,1,
49703,2022-02-20 19:15:00,40.714214,-73.94773,1,0,Failure to Yield Right-of-Way,4504323,2.4,-6.6,0.0,0.0,0.0,0.0,3,23.4,44.3,250,Overcast,1,1,
49704,2022-02-19 12:55:00,40.731018,-73.985916,1,0,Failure to Yield Right-of-Way,4504716,3.3,-5.5,0.4,0.0,0.28,4.0,71,35.3,64.4,260,Snow fall: Light,1,1,Snowy Conditions
49705,2022-02-20 21:15:00,40.66764,-73.80331,0,0,Driver Inattention/Distraction,4504353,2.4,-6.6,0.0,0.0,0.0,0.0,3,23.4,44.3,250,Overcast,0,0,
49706,2022-02-20 03:40:00,40.890514,-73.84562,1,0,Unsafe Speed,4504922,2.4,-6.6,0.0,0.0,0.0,0.0,3,23.4,44.3,250,Overcast,1,1,
49707,2022-02-20 10:09:00,40.628937,-74.117455,0,0,Driver Inattention/Distraction,4504484,2.4,-6.6,0.0,0.0,0.0,0.0,3,23.4,44.3,250,Overcast,0,0,
49708,2022-02-20 07:00:00,40.73804,-73.936806,0,0,Driver Inattention/Distraction,4504260,2.4,-6.6,0.0,0.0,0.0,0.0,3,23.4,44.3,250,Overcast,0,0,
49709,2022-02-20 11:30:00,40.73722,-73.9814,0,0,Driver Inattention/Distraction,4504118,2.4,-6.6,0.0,0.0,0.0,0.0,3,23.4,44.3,250,Overcast,0,0,
49710,2022-02-20 12:49:00,40.76099,-73.99077,1,0,Unspecified,4504644,2.4,-6.6,0.0,0.0,0.0,0.0,3,23.4,44.3,250,Overcast,1,1,
49711,2022-02-17 19:00:00,40.6557,-73.91546,1,0,Unspecified,4504723,16.7,5.1,2.2,2.2,0.0,2.0,61,31.8,56.5,201,Rain: Light,1,1,
49712,2022-02-20 22:21:00,40.762054,-73.74458,0,0,Oversized Vehicle,4504304,2.4,-6.6,0.0,0.0,0.0,0.0,3,23.4,44.3,250,Overcast,0,0,
49713,2022-02-20 22:43:00,40.72522,-73.894745,1,0,Unspecified,4504293,2.4,-6.6,0.0,0.0,0.0,0.0,3,23.4,44.3,250,Overcast,1,1,
49714,2022-02-16 18:00:00,40.75834,-73.996414,0,0,Traffic Control Disregarded,4504909,6.2,-5.1,0.0,0.0,0.0,0.0,3,21.1,41.0,187,Overcast,0,0,
49715,2022-02-20 04:56:00,40.793674,-73.93975,0,0,Unspecified,4504343,2.4,-6.6,0.0,0.0,0.0,0.0,3,23.4,44.3,250,Overcast,0,0,
49716,2022-02-20 15:10:00,40.81394,-73.948425,1,0,Unspecified,4504401,2.4,-6.6,0.0,0.0,0.0,0.0,3,23.4,44.3,250,Overcast,1,1,
49717,2022-01-23 19:45:00,40.712185,-73.76922,0,0,Driver Inattention/Distraction,4504832,2.8,-6.1,0.5,0.0,0.35,3.0,71,14.2,28.1,243,Snow fall: Light,0,0,Snowy Conditions
49718,2022-02-20 20:03:00,40.6174,-73.9995,1,0,Driver Inattention/Distraction,4504771,2.4,-6.6,0.0,0.0,0.0,0.0,3,23.4,44.3,250,Overcast,1,1,
49719,2022-02-20 15:30:00,40.71164,-73.97982,0,0,Following Too Closely,4504434,2.4,-6.6,0.0,0.0,0.0,0.0,3,23.4,44.3,250,Overcast,0,0,
49720,2022-02-20 22:45:00,40.679485,-73.83649,0,0,Following Too Closely,4504328,2.4,-6.6,0.0,0.0,0.0,0.0,3,23.4,44.3,250,Overcast,0,0,
49721,2022-02-18 03:14:00,40.859253,-73.88674,1,0,Unsafe Speed,4504740,15.6,-2.8,11.9,11.9,0.0,6.0,63,44.1,79.2,261,Rain: Moderate,1,1,
49722,2022-02-13 18:30:00,40.831974,-73.9235,0,0,Unspecified,4504761,4.9,-3.3,5.2,0.0,3.85,17.0,73,17.3,30.2,8,Snow fall: Moderate,0,0,Snowy Conditions
49723,2022-02-19 11:20:00,40.884373,-73.89856,0,0,Following Too Closely,4504778,3.3,-5.5,0.4,0.0,0.28,4.0,71,35.3,64.4,260,Snow fall: Light,0,0,Snowy Conditions
49724,2022-02-20 11:15:00,40.65153,-73.96303,2,0,Driver Inexperience,4504361,2.4,-6.6,0.0,0.0,0.0,0.0,3,23.4,44.3,250,Overcast,2,2,
49725,2021-12-03 13:19:00,40.61138,-73.93317,0,1,Driver Inattention/Distraction,4483619,9.3,0.9,0.0,0.0,0.0,0.0,3,27.6,53.3,301,Overcast,20,1,
49726,2022-01-15 19:05:00,40.702953,-73.91706,1,0,Pedestrian/Bicyclist/Other Pedestrian Error/Confusion,4495395,-5.3,-11.1,0.0,0.0,0.0,0.0,3,22.4,46.1,345,Overcast,1,1,
49727,2022-01-12 14:00:00,0.0,0.0,2,0,Pavement Slippery,4495415,4.6,-7.3,0.0,0.0,0.0,0.0,3,20.5,39.2,213,Overcast,2,2,
49728,2022-01-13 19:45:00,40.701103,-73.92239,0,0,Driver Inattention/Distraction,4495389,7.1,-3.7,0.0,0.0,0.0,0.0,3,9.7,18.7,193,Overcast,0,0,
49729,2022-01-13 18:20:00,40.681835,-73.916985,2,0,,4495414,7.1,-3.7,0.0,0.0,0.0,0.0,3,9.7,18.7,193,Overcast,2,2,
49730,2022-01-15 06:23:00,40.823032,-73.95738,1,0,Driver Inattention/Distraction,4495394,-5.3,-11.1,0.0,0.0,0.0,0.0,3,22.4,46.1,345,Overcast,1,1,
49731,2022-01-10 10:57:00,40.667236,-73.770004,0,0,Driver Inattention/Distraction,4493502,4.1,-4.3,0.0,0.0,0.0,0.0,3,24.1,44.3,295,Overcast,0,0,
49732,2022-01-14 09:25:00,40.65228,-73.96116,0,0,Driver Inattention/Distraction,4495408,5.0,-5.0,0.0,0.0,0.0,0.0,3,34.6,62.6,358,Overcast,0,0,
49733,2022-01-13 12:15:00,40.826427,-73.950455,1,0,Turning Improperly,4495393,7.1,-3.7,0.0,0.0,0.0,0.0,3,9.7,18.7,193,Overcast,1,1,
49734,2022-01-11 23:20:00,40.766045,-73.983376,0,0,Driver Inattention/Distraction,4495399,-4.2,-8.8,0.0,0.0,0.0,0.0,1,26.7,50.8,316,Mainly clear,0,0,Sunny/Clear Conditions
49735,2022-01-14 22:00:00,40.679348,-73.73048,0,0,Unspecified,4494611,5.0,-5.0,0.0,0.0,0.0,0.0,3,34.6,62.6,358,Overcast,0,0,
49736,2022-01-13 10:00:00,40.689407,-73.913956,0,0,Driver Inattention/Distraction,4495390,7.1,-3.7,0.0,0.0,0.0,0.0,3,9.7,18.7,193,Overcast,0,0,
49737,2022-04-06 10:00:00,40.652603,-73.90344,0,0,Passing or Lane Usage Improper,4517100,12.5,6.2,17.5,17.5,0.0,14.0,61,31.2,62.3,55,Rain: Light,0,0,
49738,2022-04-06 16:38:00,40.701897,-73.948265,0,0,Driver Inattention/Distraction,4516841,12.5,6.2,17.5,17.5,0.0,14.0,61,31.2,62.3,55,Rain: Light,0,0,
49739,2022-04-06 16:15:00,40.7171,-73.9986,3,0,Driver Inattention/Distraction,4516831,12.5,6.2,17.5,17.5,0.0,14.0,61,31.2,62.3,55,Rain: Light,3,3,
49740,2022-04-07 12:00:00,40.811714,-73.92671,0,0,Driver Inattention/Distraction,4517062,11.5,5.6,74.1,74.1,0.0,14.0,65,35.0,64.8,98,Rain: Heavy,0,0,
49741,2022-04-07 19:00:00,40.847027,-73.89807,1,0,Traffic Control Disregarded,4517188,11.5,5.6,74.1,74.1,0.0,14.0,65,35.0,64.8,98,Rain: Heavy,1,1,
49742,2022-04-08 17:44:00,40.6906,-73.93209,1,0,Driver Inattention/Distraction,4517747,16.5,7.1,5.2,5.2,0.0,4.0,63,21.3,42.8,253,Rain: Moderate,1,1,
49743,2022-04-06 11:35:00,40.713497,-73.90551,0,0,Backing Unsafely,4517355,12.5,6.2,17.5,17.5,0.0,14.0,61,31.2,62.3,55,Rain: Light,0,0,
49744,2022-04-08 17:55:00,40.70874,-73.830635,1,0,Passing or Lane Usage Improper,4517437,16.5,7.1,5.2,5.2,0.0,4.0,63,21.3,42.8,253,Rain: Moderate,1,1,
49745,2022-04-08 08:11:00,40.762177,-73.96613,0,0,Unspecified,4517281,16.5,7.1,5.2,5.2,0.0,4.0,63,21.3,42.8,253,Rain: Moderate,0,0,
49746,2022-03-31 20:10:00,40.643063,-73.95166,1,0,Driver Inattention/Distraction,4517613,19.0,3.5,12.0,12.0,0.0,4.0,65,37.8,67.3,194,Rain: Heavy,1,1,
49747,2022-04-06 13:17:00,40.678852,-73.834114,0,0,Following Too Closely,4516879,12.5,6.2,17.5,17.5,0.0,14.0,61,31.2,62.3,55,Rain: Light,0,0,