,CRASH DATETIME,LATITUDE,LONGITUDE,NUMBER OF PERSONS INJURED,NUMBER OF PERSONS KILLED,CONTRIBUTING FACTOR VEHICLE 1,COLLISION_ID,temperature_2m_max,temperature_2m_min,precipitation_sum,rain_sum,snowfall_sum,precipitation_hours,weather_code,wind_speed_10m_max,wind_gusts_10m_max,wind_direction_10m_dominant,Weather Description,Severity_Score,Total_Affected_Persons,Weather_Category
49748,2022-04-07 20:07:00,40.66895,-73.9339,0,1,Driver Inattention/Distraction,4517159,11.5,5.6,74.1,74.1,0.0,14.0,65,35.0,64.8,98,Rain: Heavy,20,1,
49749,2022-01-15 09:20:00,40.60514,-74.10183,0,0,Alcohol Involvement,4494817,-5.3,-11.1,0.0,0.0,0.0,0.0,3,22.4,46.1,345,Overcast,0,0,
49750,2022-01-15 13:29:00,40.720627,-73.95925,0,0,Following Too Closely,4495096,-5.3,-11.1,0.0,0.0,0.0,0.0,3,22.4,46.1,345,Overcast,0,0,
49751,2022-01-15 13:48:00,40.67816,-73.897484,0,0,Unspecified,4494924,-5.3,-11.1,0.0,0.0,0.0,0.0,3,22.4,46.1,345,Overcast,0,0,
49752,2021-01-14 14:57:00,40.78408,-73.95857,0,0,Driver Inexperience,4495376,8.9,-0.6,0.0,0.0,0.0,0.0,3,10.1,18.0,268,Overcast,0,0,
49753,2022-01-11 08:35:00,40.78324,-73.97455,0,0,Passing Too Closely,4495339,-4.2,-8.8,0.0,0.0,0.0,0.0,1,26.7,50.8,316,Mainly clear,0,0,Sunny/Clear Conditions
49754,2022-01-15 00:30:00,40.665257,-73.739555,0,0,Driver Inattention/Distraction,4494612,-5.3,-11.1,0.0,0.0,0.0,0.0,3,22.4,46.1,345,Overcast,0,0,
49755,2022-01-15 10:30:00,40.720203,-73.99365,0,0,Reaction to Uninvolved Vehicle,4494871,-5.3,-11.1,0.0,0.0,0.0,0.0,3,22.4,46.1,345,Overcast,0,0,
49756,2022-01-11 14:00:00,40.587303,-73.96036,1,0,Failure to Yield Right-of-Way,4495216,-4.2,-8.8,0.0,0.0,0.0,0.0,1,26.7,50.8,316,Mainly clear,1,1,Sunny/Clear Conditions
49757,2022-01-15 02:50:00,40.864525,-73.92663,0,0,Passing or Lane Usage Improper,4495008,-5.3,-11.1,0.0,0.0,0.0,0.0,3,22.4,46.1,345,Overcast,0,0,
49758,2022-01-12 17:21:00,40.880688,-73.885704,1,0,Fell Asleep,4495299,4.6,-7.3,0.0,0.0,0.0,0.0,3,20.5,39.2,213,Overcast,1,1,
49759,2022-01-15 05:00:00,40.749283,-73.756645,0,0,Following Too Closely,4494631,-5.3,-11.1,0.0,0.0,0.0,0.0,3,22.4,46.1,345,Overcast,0,0,
49760,2022-01-15 23:55:00,40.674133,-73.85826,0,0,Passing or Lane Usage Improper,4495025,-5.3,-11.1,0.0,0.0,0.0,0.0,3,22.4,46.1,345,Overcast,0,0,
49761,2022-01-14 14:30:00,40.78389,-73.950294,1,0,Driver Inattention/Distraction,4495374,5.0,-5.0,0.0,0.0,0.0,0.0,3,34.6,62.6,358,Overcast,1,1,
49762,2022-01-14 13:35:00,40.834576,-73.861145,0,0,Outside Car Distraction,4495281,5.0,-5.0,0.0,0.0,0.0,0.0,3,34.6,62.6,358,Overcast,0,0,
49763,2022-01-15 08:26:00,40.71813,-74.00141,0,0,Passing Too Closely,4494765,-5.3,-11.1,0.0,0.0,0.0,0.0,3,22.4,46.1,345,Overcast,0,0,
49764,2022-01-15 21:50:00,40.830826,-73.936066,0,0,Unspecified,4495116,-5.3,-11.1,0.0,0.0,0.0,0.0,3,22.4,46.1,345,Overcast,0,0,
49765,2022-01-11 08:30:00,40.794807,-73.94441,0,0,Passing or Lane Usage Improper,4495170,-4.2,-8.8,0.0,0.0,0.0,0.0,1,26.7,50.8,316,Mainly clear,0,0,Sunny/Clear Conditions
49766,2021-01-16 19:14:00,40.825077,-73.890594,0,0,Unspecified,4495222,7.8,2.1,21.7,21.7,0.0,11.0,63,35.3,70.2,324,Rain: Moderate,0,0,
49767,2022-01-15 15:10:00,40.80878,-73.92314,1,0,Unspecified,4495240,-5.3,-11.1,0.0,0.0,0.0,0.0,3,22.4,46.1,345,Overcast,1,1,
49768,2022-01-15 16:00:00,40.711304,-73.95772,0,0,Following Too Closely,4494735,-5.3,-11.1,0.0,0.0,0.0,0.0,3,22.4,46.1,345,Overcast,0,0,
49769,2022-01-15 07:53:00,40.590313,-74.09794,1,0,Traffic Control Disregarded,4494701,-5.3,-11.1,0.0,0.0,0.0,0.0,3,22.4,46.1,345,Overcast,1,1,
49770,2022-01-15 15:55:00,40.712505,-73.73281,0,0,Driver Inattention/Distraction,4494729,-5.3,-11.1,0.0,0.0,0.0,0.0,3,22.4,46.1,345,Overcast,0,0,
49771,2022-01-15 11:00:00,40.71481,-74.01616,0,0,Unspecified,4494704,-5.3,-11.1,0.0,0.0,0.0,0.0,3,22.4,46.1,345,Overcast,0,0,
49772,2022-01-15 08:00:00,40.666534,-73.80995,0,0,Following Too Closely,4494751,-5.3,-11.1,0.0,0.0,0.0,0.0,3,22.4,46.1,345,Overcast,0,0,
49773,2022-01-15 02:35:00,40.747925,-73.88114,0,0,Cell Phone (hand-Held),4494649,-5.3,-11.1,0.0,0.0,0.0,0.0,3,22.4,46.1,345,Overcast,0,0,
49774,2022-04-07 19:35:00,40.61652,-73.98586,2,0,Traffic Control Disregarded,4517129,11.5,5.6,74.1,74.1,0.0,14.0,65,35.0,64.8,98,Rain: Heavy,2,2,
49775,2022-01-15 04:30:00,40.678173,-73.85749,0,0,Passing or Lane Usage Improper,4495040,-5.3,-11.1,0.0,0.0,0.0,0.0,3,22.4,46.1,345,Overcast,0,0,
49776,2022-01-12 10:48:00,40.834766,-73.86995,0,0,Oversized Vehicle,4495273,4.6,-7.3,0.0,0.0,0.0,0.0,3,20.5,39.2,213,Overcast,0,0,
49777,2022-01-10 09:40:00,40.596104,-73.99729,1,0,Passing or Lane Usage Improper,4495181,4.1,-4.3,0.0,0.0,0.0,0.0,3,24.1,44.3,295,Overcast,1,1,
49778,2022-01-15 15:44:00,40.807808,-73.92384,1,0,Failure to Yield Right-of-Way,4495248,-5.3,-11.1,0.0,0.0,0.0,0.0,3,22.4,46.1,345,Overcast,1,1,
49779,2022-01-15 04:00:00,40.749283,-73.756645,2,0,Unspecified,4494677,-5.3,-11.1,0.0,0.0,0.0,0.0,3,22.4,46.1,345,Overcast,2,2,
49780,2022-01-15 00:00:00,40.696037,-73.738655,0,0,Unspecified,4494742,-5.3,-11.1,0.0,0.0,0.0,0.0,3,22.4,46.1,345,Overcast,0,0,
49781,2022-01-15 12:07:00,40.636105,-74.03473,1,0,Backing Unsafely,4494896,-5.3,-11.1,0.0,0.0,0.0,0.0,3,22.4,46.1,345,Overcast,1,1,
49782,2021-07-01 07:46:00,40.76401,-73.881226,1,0,Driver Inattention/Distraction,4433086,27.8,22.2,25.2,25.2,0.0,12.0,65,10.6,33.1,280,Rain: Heavy,1,1,
49783,2022-01-14 11:31:00,40.734314,-73.93803,1,0,Driver Inattention/Distraction,4495168,5.0,-5.0,0.0,0.0,0.0,0.0,3,34.6,62.6,358,Overcast,1,1,
49784,2021-07-06 22:06:00,40.650307,-73.75696,1,0,Unspecified,4434718,33.6,21.9,2.1,2.1,0.0,4.0,61,21.8,49.7,231,Rain: Light,1,1,
49785,2021-07-06 22:42:00,40.825413,-73.923485,2,0,Passing or Lane Usage Improper,4434838,33.6,21.9,2.1,2.1,0.0,4.0,61,21.8,49.7,231,Rain: Light,2,2,
49786,2021-07-06 18:00:00,40.729927,-73.810936,0,0,Unspecified,4435212,33.6,21.9,2.1,2.1,0.0,4.0,61,21.8,49.7,231,Rain: Light,0,0,
49787,2021-06-26 01:20:00,40.81045,-73.942,7,0,Other Vehicular,4435190,26.5,18.6,1.3,1.3,0.0,8.0,51,23.7,52.9,181,Drizzle: Light,7,7,
49788,2021-07-06 13:02:00,40.57816,-73.941376,0,0,Unspecified,4434744,33.6,21.9,2.1,2.1,0.0,4.0,61,21.8,49.7,231,Rain: Light,0,0,
49789,2021-07-06 13:00:00,40.58862,-73.81702,0,0,Failure to Yield Right-of-Way,4434912,33.6,21.9,2.1,2.1,0.0,4.0,61,21.8,49.7,231,Rain: Light,0,0,
49790,2021-07-06 15:40:00,40.73735,-73.95479,0,0,Other Vehicular,4434791,33.6,21.9,2.1,2.1,0.0,4.0,61,21.8,49.7,231,Rain: Light,0,0,
49791,2021-07-05 17:15:00,40.756367,-73.96012,2,0,Driver Inattention/Distraction,4435345,26.4,17.3,0.7,0.7,0.0,2.0,53,18.8,34.6,142,Drizzle: Moderate,2,2,
49792,2021-07-06 06:02:00,40.7473,-73.828995,0,0,Driver Inexperience,4434399,33.6,21.9,2.1,2.1,0.0,4.0,61,21.8,49.7,231,Rain: Light,0,0,
49793,2021-07-06 14:50:00,40.696667,-73.92824,0,0,Driver Inattention/Distraction,4434799,33.6,21.9,2.1,2.1,0.0,4.0,61,21.8,49.7,231,Rain: Light,0,0,
49794,2021-07-03 13:00:00,40.71572,-73.825745,3,0,Following Too Closely,4435210,19.3,16.6,16.1,16.1,0.0,20.0,63,24.0,47.2,43,Rain: Moderate,3,3,
49795,2021-07-06 00:00:00,40.733967,-73.80494,0,0,Unspecified,4435255,33.6,21.9,2.1,2.1,0.0,4.0,61,21.8,49.7,231,Rain: Light,0,0,
49796,2021-05-24 17:50:00,40.683933,-73.91228,1,0,Unspecified,4435094,18.9,13.7,0.0,0.0,0.0,0.0,3,22.4,44.3,126,Overcast,1,1,
49797,2021-07-06 00:08:00,40.676147,-73.98391,1,0,Traffic Control Disregarded,4434485,33.6,21.9,2.1,2.1,0.0,4.0,61,21.8,49.7,231,Rain: Light,1,1,
49798,2021-07-06 10:45:00,40.85638,-73.82631,0,0,Other Vehicular,4434689,33.6,21.9,2.1,2.1,0.0,4.0,61,21.8,49.7,231,Rain: Light,0,0,
49799,2021-07-06 08:44:00,40.84231,-73.93515,2,0,Unsafe Speed,4434844,33.6,21.9,2.1,2.1,0.0,4.0,61,21.8,49.7,231,Rain: Light,2,2,
49800,2021-07-06 13:30:00,40.880825,-73.85158,1,0,Driver Inexperience,4434873,33.6,21.9,2.1,2.1,0.0,4.0,61,21.8,49.7,231,Rain: Light,1,1,
49801,2021-07-06 17:50:00,40.643173,-73.98355,3,0,Other Vehicular,4434923,33.6,21.9,2.1,2.1,0.0,4.0,61,21.8,49.7,231,Rain: Light,3,3,
49802,2021-07-06 08:58:00,40.83917,-73.88206,0,0,Backing Unsafely,4434967,33.6,21.9,2.1,2.1,0.0,4.0,61,21.8,49.7,231,Rain: Light,0,0,
49803,2021-07-06 12:30:00,40.65065,-74.01349,0,0,Passing or Lane Usage Improper,4434659,33.6,21.9,2.1,2.1,0.0,4.0,61,21.8,49.7,231,Rain: Light,0,0,
49804,2021-07-06 11:58:00,40.65802,-73.97572,0,0,Unspecified,4434585,33.6,21.9,2.1,2.1,0.0,4.0,61,21.8,49.7,231,Rain: Light,0,0,
49805,2021-07-04 18:06:00,40.63277,-74.09004,0,0,Driver Inexperience,4435286,24.6,15.8,1.4,1.4,0.0,12.0,51,11.8,27.0,299,Drizzle: Light,0,0,
49806,2021-07-03 23:50:00,40.65692,-73.926094,0,0,Failure to Yield Right-of-Way,4435315,19.3,16.6,16.1,16.1,0.0,20.0,63,24.0,47.2,43,Rain: Moderate,0,0,
49807,2021-07-02 21:10:00,40.654575,-73.943214,3,0,Unsafe Speed,4434330,24.3,19.2,29.6,29.6,0.0,23.0,63,14.1,27.7,284,Rain: Moderate,3,3,
49808,2021-07-06 08:38:00,40.63139,-74.03077,0,0,Alcohol Involvement,4434649,33.6,21.9,2.1,2.1,0.0,4.0,61,21.8,49.7,231,Rain: Light,0,0,
49809,2021-07-06 07:45:00,40.735157,-73.95508,1,0,View Obstructed/Limited,4434588,33.6,21.9,2.1,2.1,0.0,4.0,61,21.8,49.7,231,Rain: Light,1,1,
49810,2021-07-02 17:00:00,40.761826,-73.920006,0,0,Driver Inattention/Distraction,4435241,24.3,19.2,29.6,29.6,0.0,23.0,63,14.1,27.7,284,Rain: Moderate,0,0,
49811,2021-07-06 18:05:00,40.658577,-73.89063,0,0,Unspecified,4434677,33.6,21.9,2.1,2.1,0.0,4.0,61,21.8,49.7,231,Rain: Light,0,0,
49812,2021-07-06 07:51:00,40.856743,-73.89527,0,0,Unspecified,4434512,33.6,21.9,2.1,2.1,0.0,4.0,61,21.8,49.7,231,Rain: Light,0,0,
49813,2021-07-06 01:50:00,40.85618,-73.92872,0,0,Unspecified,4434959,33.6,21.9,2.1,2.1,0.0,4.0,61,21.8,49.7,231,Rain: Light,0,0,
49814,2021-07-06 22:42:00,40.72224,-73.9863,1,0,Driver Inattention/Distraction,4434809,33.6,21.9,2.1,2.1,0.0,4.0,61,21.8,49.7,231,Rain: Light,1,1,
49815,2021-07-06 07:06:00,40.614594,-74.0228,1,0,Failure to Yield Right-of-Way,4435014,33.6,21.9,2.1,2.1,0.0,4.0,61,21.8,49.7,231,Rain: Light,1,1,
49816,2021-07-06 09:30:00,40.680157,-73.98188,0,0,Driver Inattention/Distraction,4434880,33.6,21.9,2.1,2.1,0.0,4.0,61,21.8,49.7,231,Rain: Light,0,0,
49817,2021-07-06 10:35:00,40.8478,-73.86513,0,0,Driver Inexperience,4434985,33.6,21.9,2.1,2.1,0.0,4.0,61,21.8,49.7,231,Rain: Light,0,0,
49818,2021-07-06 08:00:00,40.67546,-73.73385,1,0,Following Too Closely,4434547,33.6,21.9,2.1,2.1,0.0,4.0,61,21.8,49.7,231,Rain: Light,1,1,
49819,2021-07-06 16:20:00,40.674397,-73.896515,0,0,Driver Inattention/Distraction,4434671,33.6,21.9,2.1,2.1,0.0,4.0,61,21.8,49.7,231,Rain: Light,0,0,
49820,2021-07-06 18:20:00,40.861828,-73.89286,0,0,Driver Inattention/Distraction,4434751,33.6,21.9,2.1,2.1,0.0,4.0,61,21.8,49.7,231,Rain: Light,0,0,
49821,2021-07-03 22:40:00,40.614418,-74.08743,0,0,Unspecified,4435282,19.3,16.6,16.1,16.1,0.0,20.0,63,24.0,47.2,43,Rain: Moderate,0,0,
49822,2021-07-06 21:40:00,40.659275,-73.889,0,0,Unspecified,4434872,33.6,21.9,2.1,2.1,0.0,4.0,61,21.8,49.7,231,Rain: Light,0,0,
49823,2021-07-04 22:40:00,40.746815,-73.98365,0,0,Unspecified,4435161,24.6,15.8,1.4,1.4,0.0,12.0,51,11.8,27.0,299,Drizzle: Light,0,0,
49824,2021-07-05 00:36:00,40.631145,-74.089355,1,0,Driver Inattention/Distraction,4435287,26.4,17.3,0.7,0.7,0.0,2.0,53,18.8,34.6,142,Drizzle: Moderate,1,1,
49825,2021-07-06 12:10:00,40.67357,-73.95294,0,0,Driver Inattention/Distraction,4434690,33.6,21.9,2.1,2.1,0.0,4.0,61,21.8,49.7,231,Rain: Light,0,0,
49826,2021-07-03 12:30:00,40.768017,-73.99003,0,0,Passing Too Closely,4435397,19.3,16.6,16.1,16.1,0.0,20.0,63,24.0,47.2,43,Rain: Moderate,0,0,
49827,2021-07-06 11:43:00,40.835873,-73.8699,0,0,Unspecified,4434608,33.6,21.9,2.1,2.1,0.0,4.0,61,21.8,49.7,231,Rain: Light,0,0,
49828,2021-07-06 13:30:00,40.861763,-73.84331,1,0,Unspecified,4435136,33.6,21.9,2.1,2.1,0.0,4.0,61,21.8,49.7,231,Rain: Light,1,1,
49829,2021-07-06 10:15:00,40.824066,-73.908714,0,0,Passing Too Closely,4434901,33.6,21.9,2.1,2.1,0.0,4.0,61,21.8,49.7,231,Rain: Light,0,0,
49830,2021-07-06 16:58:00,40.825962,-73.879005,0,0,Unspecified,4434943,33.6,21.9,2.1,2.1,0.0,4.0,61,21.8,49.7,231,Rain: Light,0,0,
49831,2021-07-06 21:30:00,40.675297,-73.87268,1,0,Other Vehicular,4435223,33.6,21.9,2.1,2.1,0.0,4.0,61,21.8,49.7,231,Rain: Light,1,1,
49832,2021-07-06 15:10:00,40.67365,-74.010345,0,0,Driver Inattention/Distraction,4434773,33.6,21.9,2.1,2.1,0.0,4.0,61,21.8,49.7,231,Rain: Light,0,0,
49833,2021-07-06 19:52:00,40.81275,-73.94558,1,0,Other Vehicular,4435196,33.6,21.9,2.1,2.1,0.0,4.0,61,21.8,49.7,231,Rain: Light,1,1,
49834,2021-07-06 08:35:00,40.64939,-73.975296,2,0,Following Too Closely,4434802,33.6,21.9,2.1,2.1,0.0,4.0,61,21.8,49.7,231,Rain: Light,2,2,
49835,2021-07-06 15:07:00,40.7012,-73.93992,1,0,Failure to Yield Right-of-Way,4434740,33.6,21.9,2.1,2.1,0.0,4.0,61,21.8,49.7,231,Rain: Light,1,1,
49836,2021-07-06 17:40:00,40.547535,-74.1803,1,0,Alcohol Involvement,4434859,33.6,21.9,2.1,2.1,0.0,4.0,61,21.8,49.7,231,Rain: Light,1,1,
49837,2021-06-29 19:13:00,40.628048,-74.12692,1,0,Unsafe Speed,4435276,33.4,24.0,0.7,0.7,0.0,4.0,51,19.5,40.0,231,Drizzle: Light,1,1,
49838,2021-07-06 17:00:00,40.82444,-73.8979,1,0,Unsafe Speed,4434698,33.6,21.9,2.1,2.1,0.0,4.0,61,21.8,49.7,231,Rain: Light,1,1,
49839,2021-06-30 20:35:00,40.671543,-73.7561,0,0,Reaction to Uninvolved Vehicle,4435145,35.2,24.9,0.1,0.1,0.0,1.0,51,20.6,37.1,246,Drizzle: Light,0,0,
49840,2021-07-05 08:30:00,40.64313,-73.95044,0,0,Unspecified,4435298,26.4,17.3,0.7,0.7,0.0,2.0,53,18.8,34.6,142,Drizzle: Moderate,0,0,
49841,2021-07-06 22:55:00,40.839924,-73.93286,0,0,Other Vehicular,4434825,33.6,21.9,2.1,2.1,0.0,4.0,61,21.8,49.7,231,Rain: Light,0,0,
49842,2021-07-06 22:40:00,40.846046,-73.94025,0,0,Driver Inattention/Distraction,4434826,33.6,21.9,2.1,2.1,0.0,4.0,61,21.8,49.7,231,Rain: Light,0,0,
49843,2021-07-06 18:45:00,40.725174,-73.951584,0,0,Unspecified,4434794,33.6,21.9,2.1,2.1,0.0,4.0,61,21.8,49.7,231,Rain: Light,0,0,
49844,2021-07-01 17:30:00,40.8122,-73.94226,0,0,Other Vehicular,4435204,27.8,22.2,25.2,25.2,0.0,12.0,65,10.6,33.1,280,Rain: Heavy,0,0,
49845,2021-07-06 00:13:00,40.77008,-73.94784,0,0,Reaction to Uninvolved Vehicle,4434357,33.6,21.9,2.1,2.1,0.0,4.0,61,21.8,49.7,231,Rain: Light,0,0,
49846,2021-06-30 12:40:00,40.73715,-73.930824,1,0,Driver Inattention/Distraction,4435365,35.2,24.9,0.1,0.1,0.0,1.0,51,20.6,37.1,246,Drizzle: Light,1,1,
49847,2021-07-06 14:50:00,40.741295,-73.88029,0,0,Driver Inattention/Distraction,4434724,33.6,21.9,2.1,2.1,0.0,4.0,61,21.8,49.7,231,Rain: Light,0,0,
49848,2021-07-02 14:17:00,40.50213,-74.244514,0,0,View Obstructed/Limited,4435100,24.3,19.2,29.6,29.6,0.0,23.0,63,14.1,27.7,284,Rain: Moderate,0,0,
49849,2021-07-06 17:05:00,40.845352,-73.92821,2,0,Lost Consciousness,4435344,33.6,21.9,2.1,2.1,0.0,4.0,61,21.8,49.7,231,Rain: Light,2,2,
49850,2021-07-03 16:25:00,40.655422,-73.95007,1,0,Unspecified,4435297,19.3,16.6,16.1,16.1,0.0,20.0,63,24.0,47.2,43,Rain: Moderate,1,1,
49851,2021-06-24 17:00:00,40.636147,-73.99097,1,0,Driver Inattention/Distraction,4435188,23.2,13.5,0.0,0.0,0.0,0.0,3,19.7,40.0,145,Overcast,1,1,
49852,2021-07-06 00:30:00,40.599247,-74.00146,1,0,Pedestrian/Bicyclist/Other Pedestrian Error/Confusion,4434400,33.6,21.9,2.1,2.1,0.0,4.0,61,21.8,49.7,231,Rain: Light,1,1,
49853,2021-07-05 17:27:00,40.723774,-73.75901,0,0,Unspecified,4435211,26.4,17.3,0.7,0.7,0.0,2.0,53,18.8,34.6,142,Drizzle: Moderate,0,0,
49854,2021-07-06 16:00:00,40.71347,-73.75926,3,0,Following Too Closely,4434696,33.6,21.9,2.1,2.1,0.0,4.0,61,21.8,49.7,231,Rain: Light,3,3,
49855,2021-07-06 19:46:00,40.715702,-73.95579,0,0,Traffic Control Disregarded,4434796,33.6,21.9,2.1,2.1,0.0,4.0,61,21.8,49.7,231,Rain: Light,0,0,
49856,2021-07-05 15:20:00,40.756874,-73.94436,1,0,Unspecified,4435256,26.4,17.3,0.7,0.7,0.0,2.0,53,18.8,34.6,142,Drizzle: Moderate,1,1,
49857,2021-07-06 19:50:00,40.71105,-73.945526,1,0,Passenger Distraction,4434741,33.6,21.9,2.1,2.1,0.0,4.0,61,21.8,49.7,231,Rain: Light,1,1,
49858,2021-07-05 13:00:00,40.707638,-74.00816,0,0,Unspecified,4435093,26.4,17.3,0.7,0.7,0.0,2.0,53,18.8,34.6,142,Drizzle: Moderate,0,0,
49859,2021-06-30 01:35:00,40.65775,-73.88999,0,0,Driver Inattention/Distraction,4435143,35.2,24.9,0.1,0.1,0.0,1.0,51,20.6,37.1,246,Drizzle: Light,0,0,
49860,2021-07-06 13:00:00,40.666546,-73.78808,4,0,Other Vehicular,4434769,33.6,21.9,2.1,2.1,0.0,4.0,61,21.8,49.7,231,Rain: Light,4,4,
49861,2021-07-06 08:00:00,40.718426,-73.817505,0,0,Unspecified,4435245,33.6,21.9,2.1,2.1,0.0,4.0,61,21.8,49.7,231,Rain: Light,0,0,
49862,2021-07-06 11:00:00,40.60646,-73.9517,0,0,Unspecified,4434605,33.6,21.9,2.1,2.1,0.0,4.0,61,21.8,49.7,231,Rain: Light,0,0,
49863,2021-07-06 14:40:00,40.759308,-73.9653,1,0,Following Too Closely,4434651,33.6,21.9,2.1,2.1,0.0,4.0,61,21.8,49.7,231,Rain: Light,1,1,
49864,2021-07-06 18:30:00,40.715355,-73.99341,0,0,Unspecified,4434886,33.6,21.9,2.1,2.1,0.0,4.0,61,21.8,49.7,231,Rain: Light,0,0,
49865,2021-07-06 16:10:00,40.858067,-73.88374,1,0,Passing or Lane Usage Improper,4435306,33.6,21.9,2.1,2.1,0.0,4.0,61,21.8,49.7,231,Rain: Light,1,1,
49866,2021-07-06 19:16:00,40.654705,-73.74513,0,0,Unspecified,4434719,33.6,21.9,2.1,2.1,0.0,4.0,61,21.8,49.7,231,Rain: Light,0,0,
49867,2021-07-06 20:00:00,40.869328,-73.8933,0,0,Unspecified,4434999,33.6,21.9,2.1,2.1,0.0,4.0,61,21.8,49.7,231,Rain: Light,0,0,
49868,2021-06-27 19:45:00,40.865536,-73.92728,2,0,Following Too Closely,4435265,29.2,22.2,0.5,0.5,0.0,4.0,51,19.6,45.4,196,Drizzle: Light,2,2,
49869,2021-07-06 07:00:00,40.686398,-73.84995,0,0,Passing Too Closely,4434550,33.6,21.9,2.1,2.1,0.0,4.0,61,21.8,49.7,231,Rain: Light,0,0,
49870,2021-07-06 21:43:00,40.798576,-73.97316,0,0,Unspecified,4434837,33.6,21.9,2.1,2.1,0.0,4.0,61,21.8,49.7,231,Rain: Light,0,0,
49871,2021-07-06 12:30:00,40.82461,-73.910484,1,0,Pedestrian/Bicyclist/Other Pedestrian Error/Confusion,4434902,33.6,21.9,2.1,2.1,0.0,4.0,61,21.8,49.7,231,Rain: Light,1,1,
49872,2021-07-06 10:20:00,40.612564,-73.98998,1,0,Driver Inattention/Distraction,4434637,33.6,21.9,2.1,2.1,0.0,4.0,61,21.8,49.7,231,Rain: Light,1,1,
49873,2021-07-06 21:51:00,40.635506,-73.913284,2,0,Failure to Yield Right-of-Way,4434749,33.6,21.9,2.1,2.1,0.0,4.0,61,21.8,49.7,231,Rain: Light,2,2,
49874,2021-07-02 19:11:00,40.833664,-73.8981,0,0,Driver Inattention/Distraction,4435183,24.3,19.2,29.6,29.6,0.0,23.0,63,14.1,27.7,284,Rain: Moderate,0,0,
49875,2021-06-24 15:00:00,40.828617,-73.84217,0,0,Unspecified,4435219,23.2,13.5,0.0,0.0,0.0,0.0,3,19.7,40.0,145,Overcast,0,0,
49876,2021-07-06 11:50:00,40.69366,-73.983795,0,0,Unspecified,4435031,33.6,21.9,2.1,2.1,0.0,4.0,61,21.8,49.7,231,Rain: Light,0,0,
49877,2021-07-06 15:55:00,40.640728,-73.90521,0,0,Unspecified,4434713,33.6,21.9,2.1,2.1,0.0,4.0,61,21.8,49.7,231,Rain: Light,0,0,
49878,2021-07-06 15:04:00,40.771694,-73.95919,0,0,Unsafe Lane Changing,4434758,33.6,21.9,2.1,2.1,0.0,4.0,61,21.8,49.7,231,Rain: Light,0,0,
49879,2021-07-04 00:33:00,40.60959,-74.07679,0,0,Driver Inattention/Distraction,4435283,24.6,15.8,1.4,1.4,0.0,12.0,51,11.8,27.0,299,Drizzle: Light,0,0,
49880,2021-07-06 22:00:00,40.859943,-73.926796,0,0,Unspecified,4435151,33.6,21.9,2.1,2.1,0.0,4.0,61,21.8,49.7,231,Rain: Light,0,0,
49881,2021-07-06 20:25:00,40.76761,-73.9929,0,0,Unspecified,4435400,33.6,21.9,2.1,2.1,0.0,4.0,61,21.8,49.7,231,Rain: Light,0,0,
49882,2021-07-06 18:10:00,40.711384,-73.8366,1,0,Brakes Defective,4434879,33.6,21.9,2.1,2.1,0.0,4.0,61,21.8,49.7,231,Rain: Light,1,1,
49883,2021-07-06 06:45:00,40.802116,-73.9361,0,0,Unspecified,4434473,33.6,21.9,2.1,2.1,0.0,4.0,61,21.8,49.7,231,Rain: Light,0,0,
49884,2021-07-06 20:44:00,40.838238,-73.876686,0,0,Driver Inattention/Distraction,4434977,33.6,21.9,2.1,2.1,0.0,4.0,61,21.8,49.7,231,Rain: Light,0,0,
49885,2021-07-06 17:50:00,40.674232,-73.86177,1,0,Illnes,4434678,33.6,21.9,2.1,2.1,0.0,4.0,61,21.8,49.7,231,Rain: Light,1,1,
49886,2021-07-06 18:25:00,40.774582,-73.96409,0,0,Obstruction/Debris,4434908,33.6,21.9,2.1,2.1,0.0,4.0,61,21.8,49.7,231,Rain: Light,0,0,
49887,2021-07-06 18:25:00,40.84467,-73.9449,0,0,Obstruction/Debris,4434843,33.6,21.9,2.1,2.1,0.0,4.0,61,21.8,49.7,231,Rain: Light,0,0,
49888,2021-07-06 16:15:00,40.756767,-73.98272,0,0,Following Too Closely,4434777,33.6,21.9,2.1,2.1,0.0,4.0,61,21.8,49.7,231,Rain: Light,0,0,
49889,2021-07-05 15:00:00,40.88049,-73.85106,0,0,Driver Inattention/Distraction,4435239,26.4,17.3,0.7,0.7,0.0,2.0,53,18.8,34.6,142,Drizzle: Moderate,0,0,
49890,2021-07-06 23:23:00,40.737194,-73.97447,1,0,Pavement Slippery,4434808,33.6,21.9,2.1,2.1,0.0,4.0,61,21.8,49.7,231,Rain: Light,1,1,
49891,2021-07-06 16:20:00,40.85061,-73.913826,2,0,Unspecified,4435152,33.6,21.9,2.1,2.1,0.0,4.0,61,21.8,49.7,231,Rain: Light,2,2,
49892,2021-07-06 14:00:00,40.74958,-73.86541,1,0,Driver Inattention/Distraction,4434728,33.6,21.9,2.1,2.1,0.0,4.0,61,21.8,49.7,231,Rain: Light,1,1,
49893,2021-07-06 19:30:00,40.77449,-73.99143,0,0,Unspecified,4435001,33.6,21.9,2.1,2.1,0.0,4.0,61,21.8,49.7,231,Rain: Light,0,0,
49894,2021-07-05 11:23:00,40.632698,-74.166306,1,0,Driver Inattention/Distraction,4435121,26.4,17.3,0.7,0.7,0.0,2.0,53,18.8,34.6,142,Drizzle: Moderate,1,1,