,CRASH DATETIME,LATITUDE,LONGITUDE,NUMBER OF PERSONS INJURED,NUMBER OF PERSONS KILLED,CONTRIBUTING FACTOR VEHICLE 1,COLLISION_ID,temperature_2m_max,temperature_2m_min,precipitation_sum,rain_sum,snowfall_sum,precipitation_hours,weather_code,wind_speed_10m_max,wind_gusts_10m_max,wind_direction_10m_dominant,Weather Description,Severity_Score,Total_Affected_Persons,Weather_Category
49895,2021-07-06 00:00:00,40.815437,-73.924,1,0,Unspecified,4434757,33.6,21.9,2.1,2.1,0.0,4.0,61,21.8,49.7,231,Rain: Light,1,1,
49896,2021-07-06 12:35:00,40.729343,-74.00366,0,0,Oversized Vehicle,4434921,33.6,21.9,2.1,2.1,0.0,4.0,61,21.8,49.7,231,Rain: Light,0,0,
49897,2021-07-06 00:14:00,40.696205,-73.91782,0,0,Driver Inattention/Distraction,4434508,33.6,21.9,2.1,2.1,0.0,4.0,61,21.8,49.7,231,Rain: Light,0,0,
49898,2021-07-06 09:30:00,40.80114,-73.93769,0,0,Unspecified,4434821,33.6,21.9,2.1,2.1,0.0,4.0,61,21.8,49.7,231,Rain: Light,0,0,
49899,2021-07-06 11:45:00,40.646675,-74.008705,0,0,Backing Unsafely,4434658,33.6,21.9,2.1,2.1,0.0,4.0,61,21.8,49.7,231,Rain: Light,0,0,
49900,2021-07-06 18:45:00,40.752895,-73.98925,1,0,Driver Inattention/Distraction,4434829,33.6,21.9,2.1,2.1,0.0,4.0,61,21.8,49.7,231,Rain: Light,1,1,
49901,2021-07-06 18:50:00,40.62702,-74.00636,0,0,Driver Inattention/Distraction,4434723,33.6,21.9,2.1,2.1,0.0,4.0,61,21.8,49.7,231,Rain: Light,0,0,
49902,2021-07-06 11:28:00,40.754093,-73.99209,1,0,,4434819,33.6,21.9,2.1,2.1,0.0,4.0,61,21.8,49.7,231,Rain: Light,1,1,
49903,2021-07-06 07:35:00,40.821636,-73.93909,1,0,Pedestrian/Bicyclist/Other Pedestrian Error/Confusion,4435195,33.6,21.9,2.1,2.1,0.0,4.0,61,21.8,49.7,231,Rain: Light,1,1,
49904,2021-07-06 01:25:00,40.68473,-74.00102,0,0,Reaction to Uninvolved Vehicle,4434772,33.6,21.9,2.1,2.1,0.0,4.0,61,21.8,49.7,231,Rain: Light,0,0,
49905,2021-07-06 01:24:00,40.641422,-73.89539,1,0,Unspecified,4434370,33.6,21.9,2.1,2.1,0.0,4.0,61,21.8,49.7,231,Rain: Light,1,1,
49906,2021-07-04 00:03:00,40.715958,-73.81275,0,0,Steering Failure,4435252,24.6,15.8,1.4,1.4,0.0,12.0,51,11.8,27.0,299,Drizzle: Light,0,0,
49907,2021-07-03 19:50:00,40.68209,-73.90709,0,0,Unspecified,4435098,19.3,16.6,16.1,16.1,0.0,20.0,63,24.0,47.2,43,Rain: Moderate,0,0,
49908,2021-07-06 15:30:00,40.654205,-73.92425,0,0,Driver Inattention/Distraction,4435354,33.6,21.9,2.1,2.1,0.0,4.0,61,21.8,49.7,231,Rain: Light,0,0,
49909,2021-07-02 16:56:00,40.75239,-73.875336,1,0,Driver Inattention/Distraction,4435307,24.3,19.2,29.6,29.6,0.0,23.0,63,14.1,27.7,284,Rain: Moderate,1,1,
49910,2021-07-06 14:43:00,40.84219,-73.89411,0,0,Driver Inexperience,4434903,33.6,21.9,2.1,2.1,0.0,4.0,61,21.8,49.7,231,Rain: Light,0,0,
49911,2021-07-06 08:45:00,40.746403,-73.877426,0,0,Unspecified,4434634,33.6,21.9,2.1,2.1,0.0,4.0,61,21.8,49.7,231,Rain: Light,0,0,
49912,2021-07-06 16:12:00,40.663105,-73.90518,0,0,Following Too Closely,4434861,33.6,21.9,2.1,2.1,0.0,4.0,61,21.8,49.7,231,Rain: Light,0,0,
49913,2021-07-04 23:30:00,40.72878,-73.81108,0,0,Unspecified,4435250,24.6,15.8,1.4,1.4,0.0,12.0,51,11.8,27.0,299,Drizzle: Light,0,0,
49914,2021-07-06 09:25:00,40.664413,-73.88727,1,0,,4434670,33.6,21.9,2.1,2.1,0.0,4.0,61,21.8,49.7,231,Rain: Light,1,1,
49915,2021-07-06 17:07:00,40.709362,-73.9943,0,0,Driver Inattention/Distraction,4434888,33.6,21.9,2.1,2.1,0.0,4.0,61,21.8,49.7,231,Rain: Light,0,0,
49916,2021-07-04 03:23:00,40.580513,-73.83471,1,0,Aggressive Driving/Road Rage,4435275,24.6,15.8,1.4,1.4,0.0,12.0,51,11.8,27.0,299,Drizzle: Light,1,1,
49917,2021-07-06 08:00:00,40.674137,-73.72955,0,0,Failure to Yield Right-of-Way,4434712,33.6,21.9,2.1,2.1,0.0,4.0,61,21.8,49.7,231,Rain: Light,0,0,
49918,2021-07-06 21:00:00,40.830975,-73.85267,0,0,Unspecified,4434944,33.6,21.9,2.1,2.1,0.0,4.0,61,21.8,49.7,231,Rain: Light,0,0,
49919,2021-07-06 18:50:00,40.84054,-73.87058,2,0,Other Vehicular,4435304,33.6,21.9,2.1,2.1,0.0,4.0,61,21.8,49.7,231,Rain: Light,2,2,
49920,2021-07-06 08:25:00,40.83576,-73.891396,0,0,Driver Inattention/Distraction,4434527,33.6,21.9,2.1,2.1,0.0,4.0,61,21.8,49.7,231,Rain: Light,0,0,
49921,2021-07-06 04:30:00,40.666557,-73.95561,0,0,Unspecified,4434863,33.6,21.9,2.1,2.1,0.0,4.0,61,21.8,49.7,231,Rain: Light,0,0,
49922,2021-07-06 18:23:00,40.830845,-73.947235,0,0,Unspecified,4434929,33.6,21.9,2.1,2.1,0.0,4.0,61,21.8,49.7,231,Rain: Light,0,0,
49923,2021-07-06 13:24:00,40.72575,-73.87756,0,0,Unspecified,4434997,33.6,21.9,2.1,2.1,0.0,4.0,61,21.8,49.7,231,Rain: Light,0,0,
49924,2021-07-06 03:15:00,40.627983,-73.92493,1,0,Failure to Yield Right-of-Way,4434554,33.6,21.9,2.1,2.1,0.0,4.0,61,21.8,49.7,231,Rain: Light,1,1,
49925,2021-07-06 11:50:00,40.715576,-73.87811,0,0,Driver Inattention/Distraction,4434664,33.6,21.9,2.1,2.1,0.0,4.0,61,21.8,49.7,231,Rain: Light,0,0,
49926,2021-07-04 16:11:00,40.616245,-74.07915,0,0,Unspecified,4435284,24.6,15.8,1.4,1.4,0.0,12.0,51,11.8,27.0,299,Drizzle: Light,0,0,
49927,2021-07-06 03:45:00,40.634747,-74.11092,0,0,Traffic Control Disregarded,4435291,33.6,21.9,2.1,2.1,0.0,4.0,61,21.8,49.7,231,Rain: Light,0,0,
49928,2021-07-06 17:20:00,40.629494,-73.91834,1,0,Unspecified,4434695,33.6,21.9,2.1,2.1,0.0,4.0,61,21.8,49.7,231,Rain: Light,1,1,
49929,2021-07-06 12:52:00,40.694557,-73.906555,0,0,Traffic Control Disregarded,4434797,33.6,21.9,2.1,2.1,0.0,4.0,61,21.8,49.7,231,Rain: Light,0,0,
49930,2021-07-02 18:30:00,40.624893,-74.078705,0,0,Unspecified,4435277,24.3,19.2,29.6,29.6,0.0,23.0,63,14.1,27.7,284,Rain: Moderate,0,0,
49931,2021-07-04 18:40:00,40.5437,-74.17692,0,0,Driver Inattention/Distraction,4435097,24.6,15.8,1.4,1.4,0.0,12.0,51,11.8,27.0,299,Drizzle: Light,0,0,
49932,2021-07-04 04:10:00,40.71713,-73.7986,0,0,Other Vehicular,4435244,24.6,15.8,1.4,1.4,0.0,12.0,51,11.8,27.0,299,Drizzle: Light,0,0,
49933,2021-07-06 11:28:00,40.702126,-73.834816,0,0,Unspecified,4434600,33.6,21.9,2.1,2.1,0.0,4.0,61,21.8,49.7,231,Rain: Light,0,0,
49934,2021-07-06 16:00:00,40.667015,-73.9313,2,0,Driver Inattention/Distraction,4434721,33.6,21.9,2.1,2.1,0.0,4.0,61,21.8,49.7,231,Rain: Light,2,2,
49935,2021-07-06 07:35:00,40.846455,-73.89363,0,0,Other Vehicular,4434506,33.6,21.9,2.1,2.1,0.0,4.0,61,21.8,49.7,231,Rain: Light,0,0,
49936,2021-07-06 00:00:00,40.743916,-73.92519,0,0,Backing Unsafely,4434679,33.6,21.9,2.1,2.1,0.0,4.0,61,21.8,49.7,231,Rain: Light,0,0,
49937,2021-06-16 17:00:00,40.702312,-73.80059,0,0,Unspecified,4435369,23.1,15.1,0.0,0.0,0.0,0.0,1,20.2,40.0,317,Mainly clear,0,0,Sunny/Clear Conditions
49938,2021-07-06 17:43:00,40.553715,-74.16032,0,0,Unspecified,4434850,33.6,21.9,2.1,2.1,0.0,4.0,61,21.8,49.7,231,Rain: Light,0,0,
49939,2021-07-06 15:35:00,40.670517,-73.863106,3,0,Unspecified,4434674,33.6,21.9,2.1,2.1,0.0,4.0,61,21.8,49.7,231,Rain: Light,3,3,
49940,2021-07-02 15:00:00,40.690285,-73.95433,0,0,Backing Unsafely,4435193,24.3,19.2,29.6,29.6,0.0,23.0,63,14.1,27.7,284,Rain: Moderate,0,0,
49941,2021-07-06 20:26:00,40.831505,-73.88468,0,0,Driver Inattention/Distraction,4434945,33.6,21.9,2.1,2.1,0.0,4.0,61,21.8,49.7,231,Rain: Light,0,0,
49942,2021-07-06 14:00:00,40.60646,-73.9517,1,0,Unspecified,4434742,33.6,21.9,2.1,2.1,0.0,4.0,61,21.8,49.7,231,Rain: Light,1,1,
49943,2021-07-06 12:45:00,40.716,-73.99826,1,0,Illnes,4434885,33.6,21.9,2.1,2.1,0.0,4.0,61,21.8,49.7,231,Rain: Light,1,1,
49944,2021-07-06 07:30:00,40.85885,-73.885956,0,0,Outside Car Distraction,4434976,33.6,21.9,2.1,2.1,0.0,4.0,61,21.8,49.7,231,Rain: Light,0,0,
49945,2021-07-06 18:25:00,40.73339,-74.00428,0,0,Unspecified,4434920,33.6,21.9,2.1,2.1,0.0,4.0,61,21.8,49.7,231,Rain: Light,0,0,
49946,2021-07-06 18:00:00,40.683228,-73.83632,0,0,Unspecified,4434788,33.6,21.9,2.1,2.1,0.0,4.0,61,21.8,49.7,231,Rain: Light,0,0,
49947,2021-07-03 19:00:00,40.850414,-73.93455,0,0,Backing Unsafely,4435264,19.3,16.6,16.1,16.1,0.0,20.0,63,24.0,47.2,43,Rain: Moderate,0,0,
49948,2021-07-06 14:50:00,40.759724,-73.78322,0,0,Oversized Vehicle,4434733,33.6,21.9,2.1,2.1,0.0,4.0,61,21.8,49.7,231,Rain: Light,0,0,
49949,2021-07-03 21:35:00,40.61149,-73.972404,1,0,Unspecified,4435184,19.3,16.6,16.1,16.1,0.0,20.0,63,24.0,47.2,43,Rain: Moderate,1,1,
49950,2021-07-06 16:03:00,40.72364,-73.755775,0,0,Following Too Closely,4434727,33.6,21.9,2.1,2.1,0.0,4.0,61,21.8,49.7,231,Rain: Light,0,0,
49951,2021-07-06 06:35:00,40.67567,-73.89785,0,0,Obstruction/Debris,4434449,33.6,21.9,2.1,2.1,0.0,4.0,61,21.8,49.7,231,Rain: Light,0,0,
49952,2021-07-06 15:00:00,40.709953,-73.8014,0,0,Unspecified,4435207,33.6,21.9,2.1,2.1,0.0,4.0,61,21.8,49.7,231,Rain: Light,0,0,
49953,2021-07-06 09:04:00,40.62174,-74.01896,0,0,Passing Too Closely,4434652,33.6,21.9,2.1,2.1,0.0,4.0,61,21.8,49.7,231,Rain: Light,0,0,
49954,2021-07-06 11:00:00,40.764053,-73.96476,1,0,Other Vehicular,4434759,33.6,21.9,2.1,2.1,0.0,4.0,61,21.8,49.7,231,Rain: Light,1,1,
49955,2021-07-06 16:00:00,40.644676,-73.91094,0,0,Unspecified,4435323,33.6,21.9,2.1,2.1,0.0,4.0,61,21.8,49.7,231,Rain: Light,0,0,
49956,2021-07-05 15:35:00,40.759064,-73.91229,1,0,Brakes Defective,4435260,26.4,17.3,0.7,0.7,0.0,2.0,53,18.8,34.6,142,Drizzle: Moderate,1,1,
49957,2021-07-05 17:20:00,40.537296,-74.17775,0,0,Driver Inattention/Distraction,4435103,26.4,17.3,0.7,0.7,0.0,2.0,53,18.8,34.6,142,Drizzle: Moderate,0,0,
49958,2021-07-06 16:00:00,40.68468,-74.001335,0,0,Unspecified,4434770,33.6,21.9,2.1,2.1,0.0,4.0,61,21.8,49.7,231,Rain: Light,0,0,
49959,2021-07-06 18:35:00,40.830257,-73.914856,1,0,Traffic Control Disregarded,4434841,33.6,21.9,2.1,2.1,0.0,4.0,61,21.8,49.7,231,Rain: Light,1,1,
49960,2021-06-29 00:40:00,40.679615,-73.79642,0,0,Backing Unsafely,4435124,33.4,24.0,0.7,0.7,0.0,4.0,51,19.5,40.0,231,Drizzle: Light,0,0,
49961,2021-07-06 21:16:00,40.635666,-73.89559,0,0,Passing or Lane Usage Improper,4434748,33.6,21.9,2.1,2.1,0.0,4.0,61,21.8,49.7,231,Rain: Light,0,0,
49962,2021-07-06 12:10:00,40.665257,-73.739555,0,0,Driver Inattention/Distraction,4434714,33.6,21.9,2.1,2.1,0.0,4.0,61,21.8,49.7,231,Rain: Light,0,0,
49963,2021-06-25 21:10:00,40.817226,-73.94231,0,0,Other Vehicular,4435200,24.7,15.6,0.0,0.0,0.0,0.0,3,20.9,41.0,144,Overcast,0,0,
49964,2021-06-23 00:00:00,40.71908,-73.98508,1,0,Obstruction/Debris,4435217,23.1,12.2,0.0,0.0,0.0,0.0,3,16.5,31.7,309,Overcast,1,1,
49965,2021-07-06 17:22:00,40.892754,-73.85774,1,0,Pedestrian/Bicyclist/Other Pedestrian Error/Confusion,4434877,33.6,21.9,2.1,2.1,0.0,4.0,61,21.8,49.7,231,Rain: Light,1,1,
49966,2021-07-06 13:10:00,40.688293,-73.98433,0,0,Other Vehicular,4435032,33.6,21.9,2.1,2.1,0.0,4.0,61,21.8,49.7,231,Rain: Light,0,0,
49967,2021-07-06 17:20:00,40.761093,-73.98327,0,0,Failure to Yield Right-of-Way,4434776,33.6,21.9,2.1,2.1,0.0,4.0,61,21.8,49.7,231,Rain: Light,0,0,
49968,2021-07-06 19:01:00,40.830845,-73.947235,0,0,Unspecified,4434822,33.6,21.9,2.1,2.1,0.0,4.0,61,21.8,49.7,231,Rain: Light,0,0,
49969,2021-07-06 15:20:00,40.86769,-73.92122,0,0,Failure to Yield Right-of-Way,4435268,33.6,21.9,2.1,2.1,0.0,4.0,61,21.8,49.7,231,Rain: Light,0,0,
49970,2021-07-06 17:30:00,40.84954,-73.93641,0,0,Unspecified,4435149,33.6,21.9,2.1,2.1,0.0,4.0,61,21.8,49.7,231,Rain: Light,0,0,
49971,2021-07-06 00:10:00,40.851658,-73.921394,4,0,Unsafe Speed,4435338,33.6,21.9,2.1,2.1,0.0,4.0,61,21.8,49.7,231,Rain: Light,4,4,
49972,2021-06-26 00:30:00,40.67329,-73.95703,0,0,Driver Inattention/Distraction,4435312,26.5,18.6,1.3,1.3,0.0,8.0,51,23.7,52.9,181,Drizzle: Light,0,0,
49973,2021-07-06 09:05:00,40.618763,-74.031006,0,0,Passing Too Closely,4435156,33.6,21.9,2.1,2.1,0.0,4.0,61,21.8,49.7,231,Rain: Light,0,0,
49974,2021-07-06 04:15:00,40.594593,-73.99551,0,0,Unspecified,4434377,33.6,21.9,2.1,2.1,0.0,4.0,61,21.8,49.7,231,Rain: Light,0,0,
49975,2021-07-05 00:05:00,40.716133,-73.8185,2,0,Driver Inattention/Distraction,4435253,26.4,17.3,0.7,0.7,0.0,2.0,53,18.8,34.6,142,Drizzle: Moderate,2,2,
49976,2021-06-22 15:31:00,40.732094,-73.81298,1,0,Unsafe Speed,4435201,24.2,15.1,8.5,8.5,0.0,9.0,63,22.2,43.2,305,Rain: Moderate,1,1,
49977,2021-07-06 13:30:00,40.770176,-73.73359,0,0,View Obstructed/Limited,4434732,33.6,21.9,2.1,2.1,0.0,4.0,61,21.8,49.7,231,Rain: Light,0,0,
49978,2021-07-06 15:55:00,40.83285,-73.886246,1,0,Unsafe Speed,4434904,33.6,21.9,2.1,2.1,0.0,4.0,61,21.8,49.7,231,Rain: Light,1,1,
49979,2021-07-06 13:40:00,40.80924,-73.95301,0,0,Turning Improperly,4434639,33.6,21.9,2.1,2.1,0.0,4.0,61,21.8,49.7,231,Rain: Light,0,0,
49980,2021-07-06 21:53:00,40.71487,-73.7291,2,0,Pavement Slippery,4434898,33.6,21.9,2.1,2.1,0.0,4.0,61,21.8,49.7,231,Rain: Light,2,2,
49981,2021-07-05 14:00:00,40.67994,-73.88468,0,0,Unspecified,4435234,26.4,17.3,0.7,0.7,0.0,2.0,53,18.8,34.6,142,Drizzle: Moderate,0,0,
49982,2021-07-06 11:42:00,40.708958,-74.00762,0,0,Unspecified,4435105,33.6,21.9,2.1,2.1,0.0,4.0,61,21.8,49.7,231,Rain: Light,0,0,
49983,2021-07-06 23:24:00,40.788055,-73.94433,0,0,Fell Asleep,4434787,33.6,21.9,2.1,2.1,0.0,4.0,61,21.8,49.7,231,Rain: Light,0,0,
49984,2021-07-06 18:30:00,40.727283,-73.98088,0,0,Unspecified,4434807,33.6,21.9,2.1,2.1,0.0,4.0,61,21.8,49.7,231,Rain: Light,0,0,
49985,2021-07-06 04:41:00,40.634945,-73.9325,0,0,Driver Inattention/Distraction,4435004,33.6,21.9,2.1,2.1,0.0,4.0,61,21.8,49.7,231,Rain: Light,0,0,
49986,2021-07-06 16:13:00,40.82902,-73.94485,1,0,Passing Too Closely,4434854,33.6,21.9,2.1,2.1,0.0,4.0,61,21.8,49.7,231,Rain: Light,1,1,
49987,2021-07-06 12:50:00,40.74359,-73.92242,0,0,Unsafe Lane Changing,4434673,33.6,21.9,2.1,2.1,0.0,4.0,61,21.8,49.7,231,Rain: Light,0,0,
49988,2021-07-06 08:25:00,40.743103,-73.98846,0,0,Passing or Lane Usage Improper,4434708,33.6,21.9,2.1,2.1,0.0,4.0,61,21.8,49.7,231,Rain: Light,0,0,
49989,2021-07-05 22:40:00,40.685898,-73.95663,0,0,Unsafe Speed,4435302,26.4,17.3,0.7,0.7,0.0,2.0,53,18.8,34.6,142,Drizzle: Moderate,0,0,
49990,2021-07-06 09:35:00,40.737885,-73.98091,0,0,Driver Inattention/Distraction,4434531,33.6,21.9,2.1,2.1,0.0,4.0,61,21.8,49.7,231,Rain: Light,0,0,
49991,2021-07-03 16:37:00,40.705257,-73.834206,0,0,Passing Too Closely,4435278,19.3,16.6,16.1,16.1,0.0,20.0,63,24.0,47.2,43,Rain: Moderate,0,0,
49992,2021-07-06 20:10:00,40.66336,-73.93456,2,0,Driver Inattention/Distraction,4434865,33.6,21.9,2.1,2.1,0.0,4.0,61,21.8,49.7,231,Rain: Light,2,2,
49993,2021-07-02 09:30:00,40.714996,-73.81022,0,0,Driver Inattention/Distraction,4435249,24.3,19.2,29.6,29.6,0.0,23.0,63,14.1,27.7,284,Rain: Moderate,0,0,
49994,2021-07-05 07:15:00,40.638786,-73.94538,0,0,Driver Inattention/Distraction,4435353,26.4,17.3,0.7,0.7,0.0,2.0,53,18.8,34.6,142,Drizzle: Moderate,0,0,
49995,2021-07-06 16:38:00,40.738495,-73.90274,1,0,Driver Inattention/Distraction,4434675,33.6,21.9,2.1,2.1,0.0,4.0,61,21.8,49.7,231,Rain: Light,1,1,
49996,2021-07-06 12:38:00,40.7379,-73.714775,0,0,Turning Improperly,4434716,33.6,21.9,2.1,2.1,0.0,4.0,61,21.8,49.7,231,Rain: Light,0,0,
49997,2021-07-06 20:30:00,40.655075,-73.96136,0,0,Unspecified,4435067,33.6,21.9,2.1,2.1,0.0,4.0,61,21.8,49.7,231,Rain: Light,0,0,
49998,2021-07-06 18:30:00,40.633083,-74.00558,3,0,Unspecified,4434937,33.6,21.9,2.1,2.1,0.0,4.0,61,21.8,49.7,231,Rain: Light,3,3,
49999,2021-07-06 22:38:00,40.833813,-73.86275,0,0,Unspecified,4434946,33.6,21.9,2.1,2.1,0.0,4.0,61,21.8,49.7,231,Rain: Light,0,0,
50000,2021-07-06 06:50:00,40.83659,-73.90057,0,0,Unspecified,4434524,33.6,21.9,2.1,2.1,0.0,4.0,61,21.8,49.7,231,Rain: Light,0,0,
50001,2021-07-06 02:20:00,40.758533,-73.98885,3,0,Unsafe Lane Changing,4434818,33.6,21.9,2.1,2.1,0.0,4.0,61,21.8,49.7,231,Rain: Light,3,3,
50002,2021-07-06 11:33:00,40.673573,-73.902084,1,0,Unspecified,4434618,33.6,21.9,2.1,2.1,0.0,4.0,61,21.8,49.7,231,Rain: Light,1,1,
50003,2021-07-06 10:40:00,40.61913,-74.15988,0,0,Unsafe Speed,4434875,33.6,21.9,2.1,2.1,0.0,4.0,61,21.8,49.7,231,Rain: Light,0,0,
50004,2021-07-06 03:30:00,40.60547,-73.96074,0,0,Unspecified,4434497,33.6,21.9,2.1,2.1,0.0,4.0,61,21.8,49.7,231,Rain: Light,0,0,
50005,2021-07-06 17:45:00,40.616726,-74.01833,0,0,Unspecified,4434722,33.6,21.9,2.1,2.1,0.0,4.0,61,21.8,49.7,231,Rain: Light,0,0,
50006,2021-07-06 14:40:00,40.8963,-73.84688,0,0,Driver Inattention/Distraction,4434925,33.6,21.9,2.1,2.1,0.0,4.0,61,21.8,49.7,231,Rain: Light,0,0,
50007,2021-07-04 04:30:00,40.70924,-73.756935,0,0,Driver Inattention/Distraction,4435371,24.6,15.8,1.4,1.4,0.0,12.0,51,11.8,27.0,299,Drizzle: Light,0,0,
50008,2021-07-06 22:05:00,40.83417,-73.94837,0,0,Driver Inattention/Distraction,4434845,33.6,21.9,2.1,2.1,0.0,4.0,61,21.8,49.7,231,Rain: Light,0,0,
50009,2021-07-04 04:14:00,40.71665,-73.80041,2,0,Unspecified,4435214,24.6,15.8,1.4,1.4,0.0,12.0,51,11.8,27.0,299,Drizzle: Light,2,2,
50010,2021-07-02 20:30:00,40.641254,-73.9964,4,0,Driver Inattention/Distraction,4435185,24.3,19.2,29.6,29.6,0.0,23.0,63,14.1,27.7,284,Rain: Moderate,4,4,
50011,2021-07-06 00:00:00,40.643894,-73.96873,3,0,Driver Inattention/Distraction,4434761,33.6,21.9,2.1,2.1,0.0,4.0,61,21.8,49.7,231,Rain: Light,3,3,
50012,2021-07-01 21:30:00,40.509666,-74.21807,0,0,Driver Inattention/Distraction,4435096,27.8,22.2,25.2,25.2,0.0,12.0,65,10.6,33.1,280,Rain: Heavy,0,0,
50013,2021-07-05 21:35:00,40.86769,-73.92122,0,0,Passing Too Closely,4435141,26.4,17.3,0.7,0.7,0.0,2.0,53,18.8,34.6,142,Drizzle: Moderate,0,0,
50014,2021-07-06 18:05:00,40.667587,-73.77972,0,0,Following Too Closely,4434771,33.6,21.9,2.1,2.1,0.0,4.0,61,21.8,49.7,231,Rain: Light,0,0,
50015,2021-07-06 14:20:00,40.72857,-73.85809,1,0,Driver Inexperience,4434656,33.6,21.9,2.1,2.1,0.0,4.0,61,21.8,49.7,231,Rain: Light,1,1,
50016,2021-06-27 23:57:00,40.817368,-73.90259,1,0,Traffic Control Disregarded,4435329,29.2,22.2,0.5,0.5,0.0,4.0,51,19.6,45.4,196,Drizzle: Light,1,1,
50017,2021-07-06 11:30:00,40.58425,-73.9638,1,0,Following Too Closely,4434596,33.6,21.9,2.1,2.1,0.0,4.0,61,21.8,49.7,231,Rain: Light,1,1,
50018,2021-06-30 09:00:00,40.772125,-73.929955,0,0,Unspecified,4435242,35.2,24.9,0.1,0.1,0.0,1.0,51,20.6,37.1,246,Drizzle: Light,0,0,
50019,2021-07-06 23:23:00,40.68815,-73.84884,1,0,Traffic Control Disregarded,4434882,33.6,21.9,2.1,2.1,0.0,4.0,61,21.8,49.7,231,Rain: Light,1,1,
50020,2021-07-06 21:19:00,40.840836,-73.87258,1,0,Following Too Closely,4434974,33.6,21.9,2.1,2.1,0.0,4.0,61,21.8,49.7,231,Rain: Light,1,1,
50021,2021-07-06 07:00:00,40.781933,-73.94428,0,0,Driver Inattention/Distraction,4434688,33.6,21.9,2.1,2.1,0.0,4.0,61,21.8,49.7,231,Rain: Light,0,0,
50022,2021-07-06 21:30:00,40.67224,-73.805176,0,0,Passing or Lane Usage Improper,4434789,33.6,21.9,2.1,2.1,0.0,4.0,61,21.8,49.7,231,Rain: Light,0,0,
50023,2021-07-06 18:35:00,40.730175,-74.000336,0,0,Obstruction/Debris,4434919,33.6,21.9,2.1,2.1,0.0,4.0,61,21.8,49.7,231,Rain: Light,0,0,
50024,2021-07-06 07:15:00,40.84018,-73.92647,0,0,Driver Inattention/Distraction,4434839,33.6,21.9,2.1,2.1,0.0,4.0,61,21.8,49.7,231,Rain: Light,0,0,
50025,2021-07-06 09:30:00,40.627186,-73.9431,0,0,Traffic Control Disregarded,4434577,33.6,21.9,2.1,2.1,0.0,4.0,61,21.8,49.7,231,Rain: Light,0,0,
50026,2021-07-06 15:46:00,40.74403,-73.85869,0,0,Unspecified,4434725,33.6,21.9,2.1,2.1,0.0,4.0,61,21.8,49.7,231,Rain: Light,0,0,
50027,2021-07-05 09:30:00,40.616413,-74.103516,0,0,Driver Inattention/Distraction,4435288,26.4,17.3,0.7,0.7,0.0,2.0,53,18.8,34.6,142,Drizzle: Moderate,0,0,
50028,2021-07-06 14:32:00,40.69808,-73.92536,1,0,Driver Inattention/Distraction,4434798,33.6,21.9,2.1,2.1,0.0,4.0,61,21.8,49.7,231,Rain: Light,1,1,
50029,2021-07-06 17:34:00,40.63132,-73.902336,1,0,Driver Inattention/Distraction,4434694,33.6,21.9,2.1,2.1,0.0,4.0,61,21.8,49.7,231,Rain: Light,1,1,
50030,2021-07-03 08:00:00,40.81467,-73.93623,0,0,Driver Inattention/Distraction,4435192,19.3,16.6,16.1,16.1,0.0,20.0,63,24.0,47.2,43,Rain: Moderate,0,0,
50031,2021-06-25 15:20:00,40.70936,-73.80805,0,0,Unsafe Speed,4435208,24.7,15.6,0.0,0.0,0.0,0.0,3,20.9,41.0,144,Overcast,0,0,
50032,2021-07-06 15:30:00,40.559605,-74.17689,0,0,Driver Inexperience,4435101,33.6,21.9,2.1,2.1,0.0,4.0,61,21.8,49.7,231,Rain: Light,0,0,
50033,2021-07-05 19:57:00,40.778587,-73.91884,0,0,Driver Inattention/Distraction,4435261,26.4,17.3,0.7,0.7,0.0,2.0,53,18.8,34.6,142,Drizzle: Moderate,0,0,
50034,2021-07-06 16:20:00,40.715935,-73.96305,0,0,Driver Inattention/Distraction,4434738,33.6,21.9,2.1,2.1,0.0,4.0,61,21.8,49.7,231,Rain: Light,0,0,
50035,2021-07-05 14:49:00,40.764885,-73.8656,0,0,Driver Inattention/Distraction,4435125,26.4,17.3,0.7,0.7,0.0,2.0,53,18.8,34.6,142,Drizzle: Moderate,0,0,
50036,2021-07-03 23:30:00,40.615204,-74.084656,1,0,,4435285,19.3,16.6,16.1,16.1,0.0,20.0,63,24.0,47.2,43,Rain: Moderate,1,1,
50037,2021-07-06 09:30:00,40.662506,-73.90929,0,0,Unspecified,4434871,33.6,21.9,2.1,2.1,0.0,4.0,61,21.8,49.7,231,Rain: Light,0,0,
50038,2021-07-01 18:45:00,40.731182,-73.871605,1,0,Following Too Closely,4435314,27.8,22.2,25.2,25.2,0.0,12.0,65,10.6,33.1,280,Rain: Heavy,1,1,
50039,2021-07-06 09:36:00,40.755848,-73.97862,0,0,Driver Inattention/Distraction,4435393,33.6,21.9,2.1,2.1,0.0,4.0,61,21.8,49.7,231,Rain: Light,0,0,
50040,2021-07-06 09:30:00,40.625713,-73.978195,0,0,Passing or Lane Usage Improper,4434640,33.6,21.9,2.1,2.1,0.0,4.0,61,21.8,49.7,231,Rain: Light,0,0,