,CRASH DATETIME,LATITUDE,LONGITUDE,NUMBER OF PERSONS INJURED,NUMBER OF PERSONS KILLED,CONTRIBUTING FACTOR VEHICLE 1,COLLISION_ID,temperature_2m_max,temperature_2m_min,precipitation_sum,rain_sum,snowfall_sum,precipitation_hours,weather_code,wind_speed_10m_max,wind_gusts_10m_max,wind_direction_10m_dominant,Weather Description,Severity_Score,Total_Affected_Persons,Weather_Category
50041,2021-07-06 08:05:00,40.57597,-73.84801,0,0,Driver Inattention/Distraction,4434907,33.6,21.9,2.1,2.1,0.0,4.0,61,21.8,49.7,231,Rain: Light,0,0,
50042,2021-07-03 01:40:00,40.76548,-73.913704,0,0,Driver Inattention/Distraction,4435247,19.3,16.6,16.1,16.1,0.0,20.0,63,24.0,47.2,43,Rain: Moderate,0,0,
50043,2021-07-06 17:30:00,40.606182,-74.07613,0,0,Unsafe Lane Changing,4434858,33.6,21.9,2.1,2.1,0.0,4.0,61,21.8,49.7,231,Rain: Light,0,0,
50044,2021-07-06 11:30:00,40.826256,-73.90166,1,0,Unspecified,4434612,33.6,21.9,2.1,2.1,0.0,4.0,61,21.8,49.7,231,Rain: Light,1,1,
50045,2021-07-06 15:00:00,40.672935,-73.88889,0,0,Unspecified,4434676,33.6,21.9,2.1,2.1,0.0,4.0,61,21.8,49.7,231,Rain: Light,0,0,
50046,2021-07-06 16:10:00,40.865208,-73.84336,1,0,Failure to Yield Right-of-Way,4434986,33.6,21.9,2.1,2.1,0.0,4.0,61,21.8,49.7,231,Rain: Light,1,1,
50047,2021-07-06 20:23:00,40.83045,-73.8509,0,0,Unspecified,4434948,33.6,21.9,2.1,2.1,0.0,4.0,61,21.8,49.7,231,Rain: Light,0,0,
50048,2021-07-06 08:45:00,40.694782,-73.85258,1,0,Traffic Control Disregarded,4434542,33.6,21.9,2.1,2.1,0.0,4.0,61,21.8,49.7,231,Rain: Light,1,1,
50049,2021-07-02 17:05:00,40.73602,-73.98228,1,0,Unspecified,4435262,24.3,19.2,29.6,29.6,0.0,23.0,63,14.1,27.7,284,Rain: Moderate,1,1,
50050,2021-07-06 22:00:00,40.729027,-73.725296,0,0,Unspecified,4435334,33.6,21.9,2.1,2.1,0.0,4.0,61,21.8,49.7,231,Rain: Light,0,0,
50051,2021-06-27 15:15:00,40.561512,-74.171844,0,0,Driver Inattention/Distraction,4435106,29.2,22.2,0.5,0.5,0.0,4.0,51,19.6,45.4,196,Drizzle: Light,0,0,
50052,2021-07-06 21:20:00,40.700005,-73.7547,0,0,Turning Improperly,4434774,33.6,21.9,2.1,2.1,0.0,4.0,61,21.8,49.7,231,Rain: Light,0,0,
50053,2021-07-06 17:01:00,40.824184,-73.93723,3,0,Other Vehicular,4435199,33.6,21.9,2.1,2.1,0.0,4.0,61,21.8,49.7,231,Rain: Light,3,3,
50054,2021-07-05 17:20:00,40.718197,-73.82302,0,0,Unspecified,4435202,26.4,17.3,0.7,0.7,0.0,2.0,53,18.8,34.6,142,Drizzle: Moderate,0,0,
50055,2021-07-06 00:35:00,40.754375,-73.8234,0,0,Failure to Yield Right-of-Way,4434398,33.6,21.9,2.1,2.1,0.0,4.0,61,21.8,49.7,231,Rain: Light,0,0,
50056,2021-07-05 23:26:00,40.658054,-73.91614,2,0,Unspecified,4435300,26.4,17.3,0.7,0.7,0.0,2.0,53,18.8,34.6,142,Drizzle: Moderate,2,2,
50057,2021-07-06 09:29:00,40.748245,-73.976295,1,0,Driver Inexperience,4434811,33.6,21.9,2.1,2.1,0.0,4.0,61,21.8,49.7,231,Rain: Light,1,1,
50058,2021-07-06 19:48:00,40.844883,-73.907295,0,0,Unspecified,4434834,33.6,21.9,2.1,2.1,0.0,4.0,61,21.8,49.7,231,Rain: Light,0,0,
50059,2021-07-06 11:00:00,40.717678,-73.81713,0,0,Oversized Vehicle,4435254,33.6,21.9,2.1,2.1,0.0,4.0,61,21.8,49.7,231,Rain: Light,0,0,
50060,2021-07-06 23:06:00,40.64953,-73.91633,3,0,Aggressive Driving/Road Rage,4435010,33.6,21.9,2.1,2.1,0.0,4.0,61,21.8,49.7,231,Rain: Light,3,3,
50061,2021-07-06 08:25:00,40.618256,-74.086174,1,0,Steering Failure,4435281,33.6,21.9,2.1,2.1,0.0,4.0,61,21.8,49.7,231,Rain: Light,1,1,
50062,2021-07-06 21:43:00,40.798576,-73.97316,0,0,Unspecified,4434824,33.6,21.9,2.1,2.1,0.0,4.0,61,21.8,49.7,231,Rain: Light,0,0,
50063,2021-07-06 18:00:00,40.674072,-73.863,0,0,Other Vehicular,4434672,33.6,21.9,2.1,2.1,0.0,4.0,61,21.8,49.7,231,Rain: Light,0,0,
50064,2021-07-06 09:08:00,40.847393,-73.90463,0,0,Unspecified,4434513,33.6,21.9,2.1,2.1,0.0,4.0,61,21.8,49.7,231,Rain: Light,0,0,
50065,2021-07-06 20:40:00,40.655254,-73.76568,0,0,Unspecified,4434899,33.6,21.9,2.1,2.1,0.0,4.0,61,21.8,49.7,231,Rain: Light,0,0,
50066,2021-07-06 20:38:00,40.607662,-73.98348,0,0,Unspecified,4435091,33.6,21.9,2.1,2.1,0.0,4.0,61,21.8,49.7,231,Rain: Light,0,0,
50067,2021-07-06 16:30:00,40.749317,-73.70764,0,0,Unspecified,4434717,33.6,21.9,2.1,2.1,0.0,4.0,61,21.8,49.7,231,Rain: Light,0,0,
50068,2021-07-06 15:50:00,40.723866,-73.85309,0,0,Driver Inattention/Distraction,4434707,33.6,21.9,2.1,2.1,0.0,4.0,61,21.8,49.7,231,Rain: Light,0,0,
50069,2021-07-06 15:35:00,40.626568,-73.970924,0,0,Unspecified,4434938,33.6,21.9,2.1,2.1,0.0,4.0,61,21.8,49.7,231,Rain: Light,0,0,
50070,2021-07-05 10:30:00,40.75787,-73.78346,0,0,Unspecified,4435267,26.4,17.3,0.7,0.7,0.0,2.0,53,18.8,34.6,142,Drizzle: Moderate,0,0,
50071,2021-07-06 20:29:00,40.582737,-73.95605,1,0,Unspecified,4434747,33.6,21.9,2.1,2.1,0.0,4.0,61,21.8,49.7,231,Rain: Light,1,1,
50072,2021-07-06 18:45:00,40.684406,-73.8348,0,0,Unspecified,4434784,33.6,21.9,2.1,2.1,0.0,4.0,61,21.8,49.7,231,Rain: Light,0,0,
50073,2021-06-25 15:55:00,40.68857,-73.8757,0,0,Driver Inattention/Distraction,4435229,24.7,15.6,0.0,0.0,0.0,0.0,3,20.9,41.0,144,Overcast,0,0,
50074,2021-06-26 12:15:00,40.67989,-73.94034,1,0,Driver Inattention/Distraction,4435157,26.5,18.6,1.3,1.3,0.0,8.0,51,23.7,52.9,181,Drizzle: Light,1,1,
50075,2021-07-06 18:30:00,40.727283,-73.98088,0,0,Unspecified,4434803,33.6,21.9,2.1,2.1,0.0,4.0,61,21.8,49.7,231,Rain: Light,0,0,
50076,2021-07-06 06:50:00,40.701912,-73.93699,1,0,Unspecified,4434739,33.6,21.9,2.1,2.1,0.0,4.0,61,21.8,49.7,231,Rain: Light,1,1,
50077,2021-07-06 23:00:00,40.639023,-73.941536,0,0,Unspecified,4435352,33.6,21.9,2.1,2.1,0.0,4.0,61,21.8,49.7,231,Rain: Light,0,0,
50078,2021-07-06 08:00:00,40.86769,-73.92122,0,0,Oversized Vehicle,4435133,33.6,21.9,2.1,2.1,0.0,4.0,61,21.8,49.7,231,Rain: Light,0,0,
50079,2021-06-12 12:15:00,40.829945,-73.93005,0,0,Traffic Control Disregarded,4435148,21.2,16.4,0.4,0.4,0.0,3.0,51,15.5,31.3,112,Drizzle: Light,0,0,
50080,2021-07-03 12:50:00,40.820435,-73.93624,0,0,Unspecified,4435187,19.3,16.6,16.1,16.1,0.0,20.0,63,24.0,47.2,43,Rain: Moderate,0,0,
50081,2021-07-06 13:00:00,40.63048,-73.96727,1,0,Passing Too Closely,4434763,33.6,21.9,2.1,2.1,0.0,4.0,61,21.8,49.7,231,Rain: Light,1,1,
50082,2022-01-10 16:10:00,40.7131,-73.94125,0,0,Passing or Lane Usage Improper,4495318,4.1,-4.3,0.0,0.0,0.0,0.0,3,24.1,44.3,295,Overcast,0,0,
50083,2022-01-15 17:18:00,40.715355,-73.99341,1,0,Driver Inattention/Distraction,4494769,-5.3,-11.1,0.0,0.0,0.0,0.0,3,22.4,46.1,345,Overcast,1,1,
50084,2022-01-15 03:10:00,40.69748,-73.835464,0,0,Driver Inattention/Distraction,4494840,-5.3,-11.1,0.0,0.0,0.0,0.0,3,22.4,46.1,345,Overcast,0,0,
50085,2022-01-15 04:01:00,40.845028,-73.844574,0,0,Driver Inattention/Distraction,4494709,-5.3,-11.1,0.0,0.0,0.0,0.0,3,22.4,46.1,345,Overcast,0,0,
50086,2022-01-13 14:30:00,40.879074,-73.872406,1,0,Driver Inattention/Distraction,4495297,7.1,-3.7,0.0,0.0,0.0,0.0,3,9.7,18.7,193,Overcast,1,1,
50087,2022-01-15 18:27:00,40.84921,-73.90011,0,0,Passing or Lane Usage Improper,4495196,-5.3,-11.1,0.0,0.0,0.0,0.0,3,22.4,46.1,345,Overcast,0,0,
50088,2022-01-15 23:00:00,40.57741,-73.96237,0,0,Backing Unsafely,4495230,-5.3,-11.1,0.0,0.0,0.0,0.0,3,22.4,46.1,345,Overcast,0,0,
50089,2022-01-15 09:48:00,40.83328,-73.86097,2,0,Unsafe Speed,4495292,-5.3,-11.1,0.0,0.0,0.0,0.0,3,22.4,46.1,345,Overcast,2,2,
50090,2022-01-15 17:30:00,40.67983,-73.9583,0,0,Driver Inattention/Distraction,4494945,-5.3,-11.1,0.0,0.0,0.0,0.0,3,22.4,46.1,345,Overcast,0,0,
50091,2022-01-15 16:40:00,40.68775,-73.79039,0,0,Failure to Yield Right-of-Way,4495026,-5.3,-11.1,0.0,0.0,0.0,0.0,3,22.4,46.1,345,Overcast,0,0,
50092,2022-01-15 08:15:00,40.845634,-73.93272,1,0,Unspecified,4494855,-5.3,-11.1,0.0,0.0,0.0,0.0,3,22.4,46.1,345,Overcast,1,1,
50093,2022-01-15 12:50:00,40.858196,-73.907906,0,0,Backing Unsafely,4495144,-5.3,-11.1,0.0,0.0,0.0,0.0,3,22.4,46.1,345,Overcast,0,0,
50094,2022-01-15 20:10:00,40.669403,-73.912605,1,0,Failure to Yield Right-of-Way,4494786,-5.3,-11.1,0.0,0.0,0.0,0.0,3,22.4,46.1,345,Overcast,1,1,
50095,2022-01-15 14:40:00,40.707466,-73.7887,0,0,Driver Inexperience,4495068,-5.3,-11.1,0.0,0.0,0.0,0.0,3,22.4,46.1,345,Overcast,0,0,
50096,2022-01-15 20:40:00,40.760403,-73.92338,0,0,Unspecified,4494874,-5.3,-11.1,0.0,0.0,0.0,0.0,3,22.4,46.1,345,Overcast,0,0,
50097,2022-01-15 14:00:00,40.761143,-73.75549,1,0,Driver Inattention/Distraction,4495075,-5.3,-11.1,0.0,0.0,0.0,0.0,3,22.4,46.1,345,Overcast,1,1,
50098,2022-01-15 09:05:00,40.853718,-73.93212,0,0,Unspecified,4495009,-5.3,-11.1,0.0,0.0,0.0,0.0,3,22.4,46.1,345,Overcast,0,0,
50099,2022-01-11 10:00:00,40.68916,-73.99263,0,0,Unspecified,4495357,-4.2,-8.8,0.0,0.0,0.0,0.0,1,26.7,50.8,316,Mainly clear,0,0,Sunny/Clear Conditions
50100,2022-01-15 00:41:00,40.790344,-73.81984,2,0,Passing or Lane Usage Improper,4494617,-5.3,-11.1,0.0,0.0,0.0,0.0,3,22.4,46.1,345,Overcast,2,2,
50101,2022-01-14 16:10:00,40.83343,-73.868645,0,0,Backing Unsafely,4495285,5.0,-5.0,0.0,0.0,0.0,0.0,3,34.6,62.6,358,Overcast,0,0,
50102,2022-01-12 11:50:00,40.783974,-73.97031,1,0,Driver Inattention/Distraction,4495332,4.6,-7.3,0.0,0.0,0.0,0.0,3,20.5,39.2,213,Overcast,1,1,
50103,2022-01-15 02:05:00,40.704113,-73.91587,0,0,Fell Asleep,4494634,-5.3,-11.1,0.0,0.0,0.0,0.0,3,22.4,46.1,345,Overcast,0,0,
50104,2022-01-15 12:06:00,40.65134,-73.95657,0,0,Unspecified,4494784,-5.3,-11.1,0.0,0.0,0.0,0.0,3,22.4,46.1,345,Overcast,0,0,
50105,2022-01-15 10:00:00,40.733295,-73.73427,0,0,Unspecified,4495013,-5.3,-11.1,0.0,0.0,0.0,0.0,3,22.4,46.1,345,Overcast,0,0,
50106,2022-01-15 04:30:00,40.75379,-73.91548,0,0,Passing or Lane Usage Improper,4494863,-5.3,-11.1,0.0,0.0,0.0,0.0,3,22.4,46.1,345,Overcast,0,0,
50107,2022-01-10 17:05:00,40.869576,-73.89421,0,0,Unspecified,4495280,4.1,-4.3,0.0,0.0,0.0,0.0,3,24.1,44.3,295,Overcast,0,0,
50108,2022-01-08 08:00:00,40.634518,-74.11782,0,0,Driver Inattention/Distraction,4495306,-3.3,-8.4,0.0,0.0,0.0,0.0,1,21.6,37.8,277,Mainly clear,0,0,Sunny/Clear Conditions
50109,2022-01-15 18:45:00,40.65698,-73.88943,0,0,Unspecified,4494925,-5.3,-11.1,0.0,0.0,0.0,0.0,3,22.4,46.1,345,Overcast,0,0,
50110,2022-01-15 08:21:00,40.84636,-73.84463,0,0,Driver Inattention/Distraction,4494707,-5.3,-11.1,0.0,0.0,0.0,0.0,3,22.4,46.1,345,Overcast,0,0,
50111,2022-01-15 19:45:00,40.641445,-73.90734,1,0,Unsafe Speed,4494730,-5.3,-11.1,0.0,0.0,0.0,0.0,3,22.4,46.1,345,Overcast,1,1,
50112,2022-01-14 19:30:00,40.885654,-73.8511,0,0,Alcohol Involvement,4495189,5.0,-5.0,0.0,0.0,0.0,0.0,3,34.6,62.6,358,Overcast,0,0,
50113,2022-01-15 21:45:00,40.669262,-73.91356,0,0,Unspecified,4494822,-5.3,-11.1,0.0,0.0,0.0,0.0,3,22.4,46.1,345,Overcast,0,0,
50114,2022-01-12 10:09:00,40.80129,-73.9439,1,0,Traffic Control Disregarded,4495263,4.6,-7.3,0.0,0.0,0.0,0.0,3,20.5,39.2,213,Overcast,1,1,
50115,2022-01-15 09:45:00,40.713287,-73.87163,1,0,Failure to Yield Right-of-Way,4494682,-5.3,-11.1,0.0,0.0,0.0,0.0,3,22.4,46.1,345,Overcast,1,1,
50116,2022-01-15 21:32:00,40.7263,-73.94913,0,0,Driver Inattention/Distraction,4495090,-5.3,-11.1,0.0,0.0,0.0,0.0,3,22.4,46.1,345,Overcast,0,0,
50117,2022-01-13 15:51:00,40.583656,-73.98656,2,0,Driver Inattention/Distraction,4495200,7.1,-3.7,0.0,0.0,0.0,0.0,3,9.7,18.7,193,Overcast,2,2,
50118,2022-01-15 02:12:00,40.73384,-74.00121,0,0,Unspecified,4494885,-5.3,-11.1,0.0,0.0,0.0,0.0,3,22.4,46.1,345,Overcast,0,0,
50119,2022-01-15 21:25:00,40.869595,-73.82701,2,0,Passing or Lane Usage Improper,4495320,-5.3,-11.1,0.0,0.0,0.0,0.0,3,22.4,46.1,345,Overcast,2,2,
50120,2022-01-13 21:00:00,40.80614,-73.925804,1,0,Following Too Closely,4495382,7.1,-3.7,0.0,0.0,0.0,0.0,3,9.7,18.7,193,Overcast,1,1,
50121,2022-01-12 15:48:00,40.8252,-73.867714,2,0,Driver Inexperience,4495274,4.6,-7.3,0.0,0.0,0.0,0.0,3,20.5,39.2,213,Overcast,2,2,
50122,2022-01-15 11:11:00,40.644253,-73.929596,0,0,Unspecified,4494809,-5.3,-11.1,0.0,0.0,0.0,0.0,3,22.4,46.1,345,Overcast,0,0,
50123,2022-01-15 08:00:00,40.67043,-73.928185,0,0,Unspecified,4494910,-5.3,-11.1,0.0,0.0,0.0,0.0,3,22.4,46.1,345,Overcast,0,0,
50124,2022-01-14 07:30:00,40.632824,-74.10616,0,0,Driver Inexperience,4495311,5.0,-5.0,0.0,0.0,0.0,0.0,3,34.6,62.6,358,Overcast,0,0,
50125,2022-01-15 01:18:00,40.688995,-73.78581,0,0,Failure to Yield Right-of-Way,4494637,-5.3,-11.1,0.0,0.0,0.0,0.0,3,22.4,46.1,345,Overcast,0,0,
50126,2022-01-14 20:35:00,40.81231,-73.91648,5,0,Traffic Control Disregarded,4495247,5.0,-5.0,0.0,0.0,0.0,0.0,3,34.6,62.6,358,Overcast,5,5,
50127,2022-01-15 20:50:00,40.710957,-73.951126,0,0,Unspecified,4494752,-5.3,-11.1,0.0,0.0,0.0,0.0,3,22.4,46.1,345,Overcast,0,0,
50128,2022-01-14 12:21:00,40.763966,-73.92267,0,0,View Obstructed/Limited,4495212,5.0,-5.0,0.0,0.0,0.0,0.0,3,34.6,62.6,358,Overcast,0,0,
50129,2022-01-15 16:16:00,40.814148,-73.94691,0,0,Driver Inattention/Distraction,4495115,-5.3,-11.1,0.0,0.0,0.0,0.0,3,22.4,46.1,345,Overcast,0,0,
50130,2022-01-15 07:58:00,40.89562,-73.84469,0,0,Reaction to Uninvolved Vehicle,4494969,-5.3,-11.1,0.0,0.0,0.0,0.0,3,22.4,46.1,345,Overcast,0,0,
50131,2022-01-15 22:30:00,40.665398,-73.82952,1,0,Unsafe Speed,4495038,-5.3,-11.1,0.0,0.0,0.0,0.0,3,22.4,46.1,345,Overcast,1,1,
50132,2022-01-07 00:00:00,40.829586,-73.8794,0,0,Unspecified,4495313,-0.0,-5.7,9.0,0.0,6.3,11.0,75,26.8,48.6,313,Snow fall: Heavy,0,0,Snowy Conditions
50133,2022-01-15 02:25:00,40.689842,-73.850075,1,0,Driver Inexperience,4494838,-5.3,-11.1,0.0,0.0,0.0,0.0,3,22.4,46.1,345,Overcast,1,1,
50134,2022-01-15 10:20:00,40.832897,-73.862274,0,0,Driver Inattention/Distraction,4495293,-5.3,-11.1,0.0,0.0,0.0,0.0,3,22.4,46.1,345,Overcast,0,0,
50135,2022-01-15 00:00:00,40.702335,-73.89073,2,0,Failure to Yield Right-of-Way,4494907,-5.3,-11.1,0.0,0.0,0.0,0.0,3,22.4,46.1,345,Overcast,2,2,
50136,2022-01-15 13:00:00,40.806664,-73.94284,2,0,Passing or Lane Usage Improper,4495220,-5.3,-11.1,0.0,0.0,0.0,0.0,3,22.4,46.1,345,Overcast,2,2,
50137,2022-01-15 04:15:00,40.744194,-73.97133,0,0,Other Vehicular,4494648,-5.3,-11.1,0.0,0.0,0.0,0.0,3,22.4,46.1,345,Overcast,0,0,
50138,2022-01-15 14:11:00,40.69733,-73.78456,0,0,Unsafe Speed,4495056,-5.3,-11.1,0.0,0.0,0.0,0.0,3,22.4,46.1,345,Overcast,0,0,
50139,2022-01-15 09:10:00,40.656643,-73.95771,0,0,Backing Unsafely,4494733,-5.3,-11.1,0.0,0.0,0.0,0.0,3,22.4,46.1,345,Overcast,0,0,
50140,2022-01-15 23:26:00,40.768795,-73.73708,0,0,Cell Phone (hand-Held),4495076,-5.3,-11.1,0.0,0.0,0.0,0.0,3,22.4,46.1,345,Overcast,0,0,
50141,2022-01-15 19:31:00,40.69843,-73.83893,0,0,Traffic Control Disregarded,4494827,-5.3,-11.1,0.0,0.0,0.0,0.0,3,22.4,46.1,345,Overcast,0,0,
50142,2022-01-15 04:30:00,40.76155,-73.96659,0,0,Unsafe Speed,4495055,-5.3,-11.1,0.0,0.0,0.0,0.0,3,22.4,46.1,345,Overcast,0,0,
50143,2022-01-15 22:00:00,40.67197,-73.94007,0,0,Unspecified,4494939,-5.3,-11.1,0.0,0.0,0.0,0.0,3,22.4,46.1,345,Overcast,0,0,
50144,2022-01-15 02:18:00,40.670025,-73.84787,0,0,Driver Inattention/Distraction,4494621,-5.3,-11.1,0.0,0.0,0.0,0.0,3,22.4,46.1,345,Overcast,0,0,
50145,2022-01-13 15:35:00,40.694107,-73.89737,0,0,Unspecified,4495284,7.1,-3.7,0.0,0.0,0.0,0.0,3,9.7,18.7,193,Overcast,0,0,
50146,2022-01-15 13:40:00,40.848637,-73.91169,0,0,Passing or Lane Usage Improper,4495203,-5.3,-11.1,0.0,0.0,0.0,0.0,3,22.4,46.1,345,Overcast,0,0,
50147,2022-04-07 20:50:00,40.803024,-73.93632,1,0,Failure to Yield Right-of-Way,4517234,11.5,5.6,74.1,74.1,0.0,14.0,65,35.0,64.8,98,Rain: Heavy,1,1,
50148,2022-01-15 17:05:00,40.677414,-73.93033,0,0,Passing or Lane Usage Improper,4494718,-5.3,-11.1,0.0,0.0,0.0,0.0,3,22.4,46.1,345,Overcast,0,0,
50149,2022-01-15 03:00:00,40.724003,-73.99102,0,0,Unspecified,4495152,-5.3,-11.1,0.0,0.0,0.0,0.0,3,22.4,46.1,345,Overcast,0,0,
50150,2022-01-15 22:45:00,40.66352,-73.73135,0,0,Unspecified,4494741,-5.3,-11.1,0.0,0.0,0.0,0.0,3,22.4,46.1,345,Overcast,0,0,
50151,2022-01-14 16:05:00,40.85814,-73.895744,1,0,Driver Inattention/Distraction,4495191,5.0,-5.0,0.0,0.0,0.0,0.0,3,34.6,62.6,358,Overcast,1,1,
50152,2022-01-15 12:50:00,40.636448,-73.94513,0,0,Unspecified,4494808,-5.3,-11.1,0.0,0.0,0.0,0.0,3,22.4,46.1,345,Overcast,0,0,
50153,2022-01-07 21:48:00,40.812263,-73.92059,1,0,Traffic Control Disregarded,4495233,-0.0,-5.7,9.0,0.0,6.3,11.0,75,26.8,48.6,313,Snow fall: Heavy,1,1,Snowy Conditions
50154,2022-01-15 01:03:00,40.74463,-73.90263,0,0,Driver Inattention/Distraction,4494668,-5.3,-11.1,0.0,0.0,0.0,0.0,3,22.4,46.1,345,Overcast,0,0,
50155,2022-01-15 05:06:00,40.85391,-73.88364,0,0,Passing Too Closely,4495155,-5.3,-11.1,0.0,0.0,0.0,0.0,3,22.4,46.1,345,Overcast,0,0,
50156,2022-01-15 14:15:00,40.82734,-73.89386,0,0,Brakes Defective,4495224,-5.3,-11.1,0.0,0.0,0.0,0.0,3,22.4,46.1,345,Overcast,0,0,
50157,2022-01-12 07:04:00,40.75578,-74.00199,1,0,Failure to Yield Right-of-Way,4495260,4.6,-7.3,0.0,0.0,0.0,0.0,3,20.5,39.2,213,Overcast,1,1,
50158,2022-01-15 07:00:00,40.701584,-73.88515,1,0,Fell Asleep,4494683,-5.3,-11.1,0.0,0.0,0.0,0.0,3,22.4,46.1,345,Overcast,1,1,
50159,2022-01-15 00:40:00,40.724136,-73.992615,0,0,Unsafe Lane Changing,4494771,-5.3,-11.1,0.0,0.0,0.0,0.0,3,22.4,46.1,345,Overcast,0,0,
50160,2022-01-15 21:00:00,40.714203,-73.7475,0,0,Turning Improperly,4495014,-5.3,-11.1,0.0,0.0,0.0,0.0,3,22.4,46.1,345,Overcast,0,0,
50161,2022-01-14 12:40:00,40.7092,-73.91607,1,0,Unspecified,4495283,5.0,-5.0,0.0,0.0,0.0,0.0,3,34.6,62.6,358,Overcast,1,1,
50162,2022-01-15 11:15:00,40.846096,-73.859116,0,0,Unspecified,4494706,-5.3,-11.1,0.0,0.0,0.0,0.0,3,22.4,46.1,345,Overcast,0,0,
50163,2022-01-15 14:10:00,40.785473,-73.792145,0,0,Unspecified,4494823,-5.3,-11.1,0.0,0.0,0.0,0.0,3,22.4,46.1,345,Overcast,0,0,
50164,2022-01-15 19:00:00,40.593742,-73.96085,1,0,Turning Improperly,4494756,-5.3,-11.1,0.0,0.0,0.0,0.0,3,22.4,46.1,345,Overcast,1,1,
50165,2022-01-15 21:00:00,40.59784,-73.74714,0,0,Unspecified,4495125,-5.3,-11.1,0.0,0.0,0.0,0.0,3,22.4,46.1,345,Overcast,0,0,
50166,2022-01-15 09:20:00,40.73937,-73.79189,0,0,Passing or Lane Usage Improper,4494747,-5.3,-11.1,0.0,0.0,0.0,0.0,3,22.4,46.1,345,Overcast,0,0,
50167,2022-01-13 15:44:00,40.781193,-73.97975,0,0,Driver Inattention/Distraction,4495341,7.1,-3.7,0.0,0.0,0.0,0.0,3,9.7,18.7,193,Overcast,0,0,
50168,2022-01-06 02:50:00,40.811638,-73.9316,0,0,Unsafe Lane Changing,4495235,4.1,-0.7,0.0,0.0,0.0,0.0,3,20.2,38.2,269,Overcast,0,0,
50169,2022-01-15 01:53:00,40.770054,-73.914406,0,0,Alcohol Involvement,4494866,-5.3,-11.1,0.0,0.0,0.0,0.0,3,22.4,46.1,345,Overcast,0,0,
50170,2022-01-14 19:30:00,40.885654,-73.8511,2,0,Alcohol Involvement,4495188,5.0,-5.0,0.0,0.0,0.0,0.0,3,34.6,62.6,358,Overcast,2,2,
50171,2022-01-11 02:00:00,40.815113,-73.92978,0,0,Unspecified,4495243,-4.2,-8.8,0.0,0.0,0.0,0.0,1,26.7,50.8,316,Mainly clear,0,0,Sunny/Clear Conditions
50172,2021-10-22 15:19:00,40.852383,-73.92048,1,0,Following Too Closely,4470978,20.3,14.4,0.0,0.0,0.0,0.0,3,18.1,31.3,267,Overcast,1,1,
50173,2022-01-05 09:55:00,40.799706,-73.95212,0,0,Driver Inattention/Distraction,4495219,6.9,-2.1,0.5,0.5,0.0,4.0,51,21.8,38.2,216,Drizzle: Light,0,0,
50174,2022-01-15 18:00:00,40.847378,-73.86827,0,0,Unspecified,4494997,-5.3,-11.1,0.0,0.0,0.0,0.0,3,22.4,46.1,345,Overcast,0,0,
50175,2022-01-15 20:30:00,40.819878,-73.85777,0,0,Unspecified,4495302,-5.3,-11.1,0.0,0.0,0.0,0.0,3,22.4,46.1,345,Overcast,0,0,
50176,2022-01-15 15:20:00,40.847126,-73.93353,1,0,Driver Inattention/Distraction,4494849,-5.3,-11.1,0.0,0.0,0.0,0.0,3,22.4,46.1,345,Overcast,1,1,
50177,2022-01-13 23:16:00,40.68484,-73.80607,0,0,Alcohol Involvement,4495321,7.1,-3.7,0.0,0.0,0.0,0.0,3,9.7,18.7,193,Overcast,0,0,
50178,2022-01-15 23:28:00,40.68817,-73.837975,0,0,Alcohol Involvement,4494837,-5.3,-11.1,0.0,0.0,0.0,0.0,3,22.4,46.1,345,Overcast,0,0,
50179,2022-01-15 03:20:00,40.700672,-73.92164,0,0,Driver Inattention/Distraction,4494635,-5.3,-11.1,0.0,0.0,0.0,0.0,3,22.4,46.1,345,Overcast,0,0,
50180,2021-12-17 09:31:00,40.84288,-73.908646,0,0,Unspecified,4495361,13.9,6.1,0.0,0.0,0.0,0.0,3,21.5,37.1,265,Overcast,0,0,
50181,2022-01-15 01:50:00,40.845108,-73.913025,0,0,Alcohol Involvement,4494731,-5.3,-11.1,0.0,0.0,0.0,0.0,3,22.4,46.1,345,Overcast,0,0,
50182,2022-01-15 11:40:00,40.663643,-73.89084,0,0,Unspecified,4494918,-5.3,-11.1,0.0,0.0,0.0,0.0,3,22.4,46.1,345,Overcast,0,0,
50183,2022-01-15 01:32:00,40.82015,-73.872475,0,0,Alcohol Involvement,4495287,-5.3,-11.1,0.0,0.0,0.0,0.0,3,22.4,46.1,345,Overcast,0,0,
50184,2021-10-15 07:45:00,40.65763,-73.85625,0,0,Unsafe Speed,4470926,25.0,14.5,0.0,0.0,0.0,0.0,3,16.8,28.4,182,Overcast,0,0,
50185,2022-01-15 12:00:00,40.63683,-73.97286,0,0,Unspecified,4495103,-5.3,-11.1,0.0,0.0,0.0,0.0,3,22.4,46.1,345,Overcast,0,0,
50186,2022-01-11 08:55:00,40.872494,-73.88147,0,0,Driver Inattention/Distraction,4495294,-4.2,-8.8,0.0,0.0,0.0,0.0,1,26.7,50.8,316,Mainly clear,0,0,Sunny/Clear Conditions
50187,2022-01-15 04:15:00,40.73359,-74.00735,0,0,Unspecified,4494883,-5.3,-11.1,0.0,0.0,0.0,0.0,3,22.4,46.1,345,Overcast,0,0,
50188,2022-01-15 00:35:00,40.64513,-73.948975,0,0,Traffic Control Device Improper/Non-Working,4494810,-5.3,-11.1,0.0,0.0,0.0,0.0,3,22.4,46.1,345,Overcast,0,0,
50189,2021-12-01 18:08:00,40.76025,-73.96753,0,0,Unspecified,4495350,8.6,1.0,0.1,0.1,0.0,1.0,51,16.6,29.5,254,Drizzle: Light,0,0,
50190,2022-01-15 18:40:00,40.59403,-73.94065,1,0,,4495381,-5.3,-11.1,0.0,0.0,0.0,0.0,3,22.4,46.1,345,Overcast,1,1,
50191,2022-01-14 11:15:00,40.58179,-74.11128,0,0,Passing Too Closely,4495178,5.0,-5.0,0.0,0.0,0.0,0.0,3,34.6,62.6,358,Overcast,0,0,