,CRASH DATETIME,LATITUDE,LONGITUDE,NUMBER OF PERSONS INJURED,NUMBER OF PERSONS KILLED,CONTRIBUTING FACTOR VEHICLE 1,COLLISION_ID,temperature_2m_max,temperature_2m_min,precipitation_sum,rain_sum,snowfall_sum,precipitation_hours,weather_code,wind_speed_10m_max,wind_gusts_10m_max,wind_direction_10m_dominant,Weather Description,Severity_Score,Total_Affected_Persons,Weather_Category
50192,2022-01-15 18:11:00,40.868107,-73.87942,0,0,Backing Unsafely,4495275,-5.3,-11.1,0.0,0.0,0.0,0.0,3,22.4,46.1,345,Overcast,0,0,
50193,2022-01-15 00:00:00,40.69452,-73.80079,1,0,Driver Inattention/Distraction,4495061,-5.3,-11.1,0.0,0.0,0.0,0.0,3,22.4,46.1,345,Overcast,1,1,
50194,2022-01-10 08:18:00,40.625027,-74.078285,1,0,Driver Inattention/Distraction,4495310,4.1,-4.3,0.0,0.0,0.0,0.0,3,24.1,44.3,295,Overcast,1,1,
50195,2022-01-15 19:15:00,40.870396,-73.8259,1,0,Unspecified,4495077,-5.3,-11.1,0.0,0.0,0.0,0.0,3,22.4,46.1,345,Overcast,1,1,
50196,2022-01-15 08:40:00,40.87525,-73.8756,0,0,Unspecified,4495315,-5.3,-11.1,0.0,0.0,0.0,0.0,3,22.4,46.1,345,Overcast,0,0,
50197,2022-01-15 01:30:00,40.75052,-73.940636,2,0,Driver Inattention/Distraction,4494622,-5.3,-11.1,0.0,0.0,0.0,0.0,3,22.4,46.1,345,Overcast,2,2,
50198,2022-01-14 06:35:00,40.704712,-73.727425,1,0,Oversized Vehicle,4494518,5.0,-5.0,0.0,0.0,0.0,0.0,3,34.6,62.6,358,Overcast,1,1,
50199,2022-01-15 23:50:00,40.74831,-73.974556,1,0,Driver Inattention/Distraction,4495351,-5.3,-11.1,0.0,0.0,0.0,0.0,3,22.4,46.1,345,Overcast,1,1,
50200,2022-01-15 14:26:00,40.807262,-73.9383,0,0,Following Too Closely,4495204,-5.3,-11.1,0.0,0.0,0.0,0.0,3,22.4,46.1,345,Overcast,0,0,
50201,2022-01-08 00:25:00,40.57557,-73.981224,0,0,Alcohol Involvement,4495193,-3.3,-8.4,0.0,0.0,0.0,0.0,1,21.6,37.8,277,Mainly clear,0,0,Sunny/Clear Conditions
50202,2022-01-15 05:40:00,40.872223,-73.88958,0,0,Driver Inattention/Distraction,4495288,-5.3,-11.1,0.0,0.0,0.0,0.0,3,22.4,46.1,345,Overcast,0,0,
50203,2022-01-15 18:13:00,40.72824,-73.864265,0,0,Driver Inattention/Distraction,4494982,-5.3,-11.1,0.0,0.0,0.0,0.0,3,22.4,46.1,345,Overcast,0,0,
50204,2022-01-15 22:38:00,40.710785,-73.95995,0,0,Passing or Lane Usage Improper,4495036,-5.3,-11.1,0.0,0.0,0.0,0.0,3,22.4,46.1,345,Overcast,0,0,
50205,2022-01-08 13:40:00,40.831707,-73.87565,0,0,Unspecified,4495271,-3.3,-8.4,0.0,0.0,0.0,0.0,1,21.6,37.8,277,Mainly clear,0,0,Sunny/Clear Conditions
50206,2021-10-23 04:00:00,40.8233983,-73.8803342,0,0,Unspecified,4470295,15.9,10.4,0.2,0.2,0.0,2.0,51,14.4,26.6,326,Drizzle: Light,0,0,
50207,2022-01-15 14:35:00,40.861607,-73.86364,0,0,Unspecified,4495129,-5.3,-11.1,0.0,0.0,0.0,0.0,3,22.4,46.1,345,Overcast,0,0,
50208,2021-10-23 20:21:00,40.7317094,-73.8718753,0,0,Following Too Closely,4470491,15.9,10.4,0.2,0.2,0.0,2.0,51,14.4,26.6,326,Drizzle: Light,0,0,
50209,2022-01-15 07:10:00,40.658394,-73.91557,0,0,Driver Inattention/Distraction,4494807,-5.3,-11.1,0.0,0.0,0.0,0.0,3,22.4,46.1,345,Overcast,0,0,
50210,2022-01-15 01:45:00,40.606876,-73.94795,0,0,Driver Inattention/Distraction,4494673,-5.3,-11.1,0.0,0.0,0.0,0.0,3,22.4,46.1,345,Overcast,0,0,
50211,2022-01-15 15:44:00,40.838623,-73.877464,3,0,Aggressive Driving/Road Rage,4495156,-5.3,-11.1,0.0,0.0,0.0,0.0,3,22.4,46.1,345,Overcast,3,3,
50212,2022-01-15 23:06:00,40.746864,-73.87717,1,0,Following Too Closely,4494903,-5.3,-11.1,0.0,0.0,0.0,0.0,3,22.4,46.1,345,Overcast,1,1,
50213,2022-01-15 18:05:00,40.707798,-73.80253,1,0,Unspecified,4494748,-5.3,-11.1,0.0,0.0,0.0,0.0,3,22.4,46.1,345,Overcast,1,1,
50214,2022-01-15 12:35:00,40.66576,-73.908905,1,0,Unspecified,4494812,-5.3,-11.1,0.0,0.0,0.0,0.0,3,22.4,46.1,345,Overcast,1,1,
50215,2022-01-14 04:38:00,40.841618,-73.86076,1,0,Unsafe Speed,4495277,5.0,-5.0,0.0,0.0,0.0,0.0,3,34.6,62.6,358,Overcast,1,1,
50216,2022-01-13 08:20:00,40.577995,-73.95964,0,0,Backing Unsafely,4495225,7.1,-3.7,0.0,0.0,0.0,0.0,3,9.7,18.7,193,Overcast,0,0,
50217,2022-01-15 04:04:00,40.81766,-73.93076,0,0,Unsafe Speed,4495236,-5.3,-11.1,0.0,0.0,0.0,0.0,3,22.4,46.1,345,Overcast,0,0,
50218,2022-01-15 04:55:00,40.717724,-73.98577,2,0,Driver Inattention/Distraction,4494659,-5.3,-11.1,0.0,0.0,0.0,0.0,3,22.4,46.1,345,Overcast,2,2,
50219,2022-01-15 02:30:00,40.71141,-73.755875,0,0,Driver Inattention/Distraction,4495054,-5.3,-11.1,0.0,0.0,0.0,0.0,3,22.4,46.1,345,Overcast,0,0,
50220,2022-01-15 15:10:00,40.782463,-73.97883,0,0,Driver Inattention/Distraction,4494714,-5.3,-11.1,0.0,0.0,0.0,0.0,3,22.4,46.1,345,Overcast,0,0,
50221,2022-01-14 18:58:00,40.78832,-73.941025,1,0,Driver Inattention/Distraction,4495174,5.0,-5.0,0.0,0.0,0.0,0.0,3,34.6,62.6,358,Overcast,1,1,
50222,2022-01-15 06:21:00,40.76041,-73.87485,0,0,Driver Inattention/Distraction,4494645,-5.3,-11.1,0.0,0.0,0.0,0.0,3,22.4,46.1,345,Overcast,0,0,
50223,2022-01-15 19:50:00,40.7691,-73.817345,0,0,Traffic Control Disregarded,4494824,-5.3,-11.1,0.0,0.0,0.0,0.0,3,22.4,46.1,345,Overcast,0,0,
50224,2022-01-15 10:53:00,40.80304,-73.868904,0,0,Driver Inexperience,4495223,-5.3,-11.1,0.0,0.0,0.0,0.0,3,22.4,46.1,345,Overcast,0,0,
50225,2022-01-15 10:55:00,40.609535,-73.75372,0,0,Unspecified,4495121,-5.3,-11.1,0.0,0.0,0.0,0.0,3,22.4,46.1,345,Overcast,0,0,
50226,2022-01-15 23:00:00,40.699707,-73.95718,0,0,Unspecified,4494736,-5.3,-11.1,0.0,0.0,0.0,0.0,3,22.4,46.1,345,Overcast,0,0,
50227,2022-01-15 13:50:00,40.726818,-73.983,0,0,Unspecified,4495380,-5.3,-11.1,0.0,0.0,0.0,0.0,3,22.4,46.1,345,Overcast,0,0,
50228,2022-01-15 02:55:00,40.75052,-73.940636,0,0,Unspecified,4495326,-5.3,-11.1,0.0,0.0,0.0,0.0,3,22.4,46.1,345,Overcast,0,0,
50229,2022-01-15 09:00:00,40.675297,-73.87268,0,0,Failure to Yield Right-of-Way,4494919,-5.3,-11.1,0.0,0.0,0.0,0.0,3,22.4,46.1,345,Overcast,0,0,
50230,2022-01-15 20:05:00,40.768257,-73.93203,1,0,Driver Inattention/Distraction,4494870,-5.3,-11.1,0.0,0.0,0.0,0.0,3,22.4,46.1,345,Overcast,1,1,
50231,2022-01-15 18:40:00,40.87384,-73.90892,1,0,Driver Inattention/Distraction,4495282,-5.3,-11.1,0.0,0.0,0.0,0.0,3,22.4,46.1,345,Overcast,1,1,
50232,2021-01-13 16:00:00,40.82201,-73.85827,1,0,Passing or Lane Usage Improper,4495301,5.9,-3.6,0.0,0.0,0.0,0.0,3,15.0,29.5,258,Overcast,1,1,
50233,2022-01-15 19:59:00,40.81963,-73.8935,0,0,Unspecified,4494938,-5.3,-11.1,0.0,0.0,0.0,0.0,3,22.4,46.1,345,Overcast,0,0,
50234,2022-01-15 22:05:00,40.783897,-73.97407,0,0,Alcohol Involvement,4494732,-5.3,-11.1,0.0,0.0,0.0,0.0,3,22.4,46.1,345,Overcast,0,0,
50235,2022-01-15 08:38:00,40.84636,-73.84463,1,0,Glare,4494705,-5.3,-11.1,0.0,0.0,0.0,0.0,3,22.4,46.1,345,Overcast,1,1,
50236,2022-01-14 00:07:00,40.74284,-74.00028,1,0,Alcohol Involvement,4495185,5.0,-5.0,0.0,0.0,0.0,0.0,3,34.6,62.6,358,Overcast,1,1,
50237,2022-01-15 18:20:00,40.803593,-73.919785,2,0,Unspecified,4495241,-5.3,-11.1,0.0,0.0,0.0,0.0,3,22.4,46.1,345,Overcast,2,2,
50238,2022-01-15 12:00:00,40.608807,-73.9532,1,0,Pedestrian/Bicyclist/Other Pedestrian Error/Confusion,4494759,-5.3,-11.1,0.0,0.0,0.0,0.0,3,22.4,46.1,345,Overcast,1,1,
50239,2022-01-15 02:22:00,40.859325,-73.93132,0,0,Driver Inexperience,4495006,-5.3,-11.1,0.0,0.0,0.0,0.0,3,22.4,46.1,345,Overcast,0,0,
50240,2022-01-14 22:51:00,40.68814,-73.92375,0,0,Alcohol Involvement,4495217,5.0,-5.0,0.0,0.0,0.0,0.0,3,34.6,62.6,358,Overcast,0,0,
50241,2022-01-15 20:30:00,40.609535,-73.75372,0,0,Unspecified,4495100,-5.3,-11.1,0.0,0.0,0.0,0.0,3,22.4,46.1,345,Overcast,0,0,
50242,2022-01-15 10:48:00,40.587437,-74.09076,0,0,Driver Inexperience,4494698,-5.3,-11.1,0.0,0.0,0.0,0.0,3,22.4,46.1,345,Overcast,0,0,
50243,2022-01-15 00:00:00,40.692974,-73.90811,0,0,Driver Inattention/Distraction,4494636,-5.3,-11.1,0.0,0.0,0.0,0.0,3,22.4,46.1,345,Overcast,0,0,
50244,2022-01-15 15:27:00,40.695858,-73.828896,0,0,Turning Improperly,4494834,-5.3,-11.1,0.0,0.0,0.0,0.0,3,22.4,46.1,345,Overcast,0,0,
50245,2022-01-15 14:30:00,40.66645,-73.75764,0,0,Turning Improperly,4495021,-5.3,-11.1,0.0,0.0,0.0,0.0,3,22.4,46.1,345,Overcast,0,0,
50246,2022-01-15 01:48:00,40.723648,-73.99103,0,0,Unsafe Speed,4494770,-5.3,-11.1,0.0,0.0,0.0,0.0,3,22.4,46.1,345,Overcast,0,0,
50247,2022-01-05 05:46:00,40.78069,-73.986984,0,0,Pavement Slippery,4495340,6.9,-2.1,0.5,0.5,0.0,4.0,51,21.8,38.2,216,Drizzle: Light,0,0,
50248,2022-01-14 22:53:00,40.83029,-73.850655,4,0,Unspecified,4495286,5.0,-5.0,0.0,0.0,0.0,0.0,3,34.6,62.6,358,Overcast,4,4,
50249,2022-01-15 17:30:00,40.608223,-74.1294,0,0,Unsafe Speed,4494852,-5.3,-11.1,0.0,0.0,0.0,0.0,3,22.4,46.1,345,Overcast,0,0,
50250,2022-01-13 15:05:00,40.81752,-73.86208,0,0,Failure to Yield Right-of-Way,4495295,7.1,-3.7,0.0,0.0,0.0,0.0,3,9.7,18.7,193,Overcast,0,0,
50251,2021-12-27 23:16:00,40.710976,-74.0051,0,0,Unspecified,4495165,2.7,-1.4,2.1,0.8,0.91,5.0,73,13.5,23.0,10,Snow fall: Moderate,0,0,Snowy Conditions
50252,2022-01-15 18:04:00,40.696995,-73.95475,0,0,Unspecified,4494724,-5.3,-11.1,0.0,0.0,0.0,0.0,3,22.4,46.1,345,Overcast,0,0,
50253,2022-01-15 20:45:00,40.801765,-73.93723,0,0,Traffic Control Disregarded,4495205,-5.3,-11.1,0.0,0.0,0.0,0.0,3,22.4,46.1,345,Overcast,0,0,
50254,2022-01-15 20:00:00,40.8448,-73.92264,0,0,Unspecified,4495139,-5.3,-11.1,0.0,0.0,0.0,0.0,3,22.4,46.1,345,Overcast,0,0,
50255,2022-01-15 05:10:00,40.596954,-74.07868,0,0,Driver Inattention/Distraction,4494710,-5.3,-11.1,0.0,0.0,0.0,0.0,3,22.4,46.1,345,Overcast,0,0,
50256,2022-01-14 11:55:00,40.53541,-74.19216,0,0,Failure to Yield Right-of-Way,4495251,5.0,-5.0,0.0,0.0,0.0,0.0,3,34.6,62.6,358,Overcast,0,0,
50257,2022-01-15 12:30:00,40.829823,-73.90773,0,0,View Obstructed/Limited,4494674,-5.3,-11.1,0.0,0.0,0.0,0.0,3,22.4,46.1,345,Overcast,0,0,
50258,2022-01-15 02:00:00,40.83278,-73.85992,1,0,Driver Inattention/Distraction,4495289,-5.3,-11.1,0.0,0.0,0.0,0.0,3,22.4,46.1,345,Overcast,1,1,
50259,2022-01-15 22:35:00,40.671032,-73.93927,0,0,Turning Improperly,4494947,-5.3,-11.1,0.0,0.0,0.0,0.0,3,22.4,46.1,345,Overcast,0,0,
50260,2022-01-15 20:49:00,40.750492,-73.97172,0,0,Passing Too Closely,4495348,-5.3,-11.1,0.0,0.0,0.0,0.0,3,22.4,46.1,345,Overcast,0,0,
50261,2022-01-12 09:26:00,40.678097,-74.00235,0,0,Unspecified,4495356,4.6,-7.3,0.0,0.0,0.0,0.0,3,20.5,39.2,213,Overcast,0,0,
50262,2022-01-15 00:23:00,40.764263,-73.77134,0,0,Outside Car Distraction,4494630,-5.3,-11.1,0.0,0.0,0.0,0.0,3,22.4,46.1,345,Overcast,0,0,
50263,2022-01-15 16:00:00,40.67725,-73.826096,0,0,Backing Unsafely,4495042,-5.3,-11.1,0.0,0.0,0.0,0.0,3,22.4,46.1,345,Overcast,0,0,
50264,2022-01-15 15:10:00,40.844753,-73.90539,3,0,Reaction to Uninvolved Vehicle,4495084,-5.3,-11.1,0.0,0.0,0.0,0.0,3,22.4,46.1,345,Overcast,3,3,
50265,2022-01-15 18:40:00,40.599617,-73.911316,0,0,Alcohol Involvement,4494842,-5.3,-11.1,0.0,0.0,0.0,0.0,3,22.4,46.1,345,Overcast,0,0,
50266,2022-01-12 12:19:00,40.828403,-73.870415,0,0,Unspecified,4495272,4.6,-7.3,0.0,0.0,0.0,0.0,3,20.5,39.2,213,Overcast,0,0,
50267,2022-01-15 18:30:00,40.7433,-73.83769,0,0,Driver Inattention/Distraction,4494899,-5.3,-11.1,0.0,0.0,0.0,0.0,3,22.4,46.1,345,Overcast,0,0,
50268,2022-01-15 16:35:00,40.772026,-73.76965,0,0,Pavement Slippery,4495067,-5.3,-11.1,0.0,0.0,0.0,0.0,3,22.4,46.1,345,Overcast,0,0,
50269,2022-01-15 20:00:00,40.71756,-73.73871,0,0,Unspecified,4494743,-5.3,-11.1,0.0,0.0,0.0,0.0,3,22.4,46.1,345,Overcast,0,0,
50270,2022-01-15 05:40:00,40.59423,-73.908325,0,0,Obstruction/Debris,4494658,-5.3,-11.1,0.0,0.0,0.0,0.0,3,22.4,46.1,345,Overcast,0,0,
50271,2022-01-15 15:30:00,40.846565,-73.92589,0,0,Following Too Closely,4495194,-5.3,-11.1,0.0,0.0,0.0,0.0,3,22.4,46.1,345,Overcast,0,0,
50272,2022-01-12 11:45:00,40.83349,-73.86138,0,0,Failure to Yield Right-of-Way,4495279,4.6,-7.3,0.0,0.0,0.0,0.0,3,20.5,39.2,213,Overcast,0,0,
50273,2022-01-15 16:15:00,40.71543,-74.00755,1,0,Driver Inattention/Distraction,4494813,-5.3,-11.1,0.0,0.0,0.0,0.0,3,22.4,46.1,345,Overcast,1,1,
50274,2022-01-14 06:30:00,40.69756,-73.85275,0,0,Unspecified,4495227,5.0,-5.0,0.0,0.0,0.0,0.0,3,34.6,62.6,358,Overcast,0,0,
50275,2022-01-15 09:50:00,40.597267,-73.998665,0,0,Unsafe Lane Changing,4494878,-5.3,-11.1,0.0,0.0,0.0,0.0,3,22.4,46.1,345,Overcast,0,0,
50276,2022-01-15 20:42:00,40.735794,-73.85807,1,0,Driver Inattention/Distraction,4494981,-5.3,-11.1,0.0,0.0,0.0,0.0,3,22.4,46.1,345,Overcast,1,1,
50277,2021-01-16 08:19:00,40.862747,-73.90494,0,0,Alcohol Involvement,4495317,7.8,2.1,21.7,21.7,0.0,11.0,63,35.3,70.2,324,Rain: Moderate,0,0,
50278,2022-01-15 11:35:00,40.75443,-73.916084,1,0,Failure to Yield Right-of-Way,4495031,-5.3,-11.1,0.0,0.0,0.0,0.0,3,22.4,46.1,345,Overcast,1,1,
50279,2022-01-15 09:01:00,40.837803,-73.94215,0,0,View Obstructed/Limited,4494854,-5.3,-11.1,0.0,0.0,0.0,0.0,3,22.4,46.1,345,Overcast,0,0,
50280,2022-01-15 17:05:00,40.828182,-73.87427,1,0,Driver Inattention/Distraction,4495296,-5.3,-11.1,0.0,0.0,0.0,0.0,3,22.4,46.1,345,Overcast,1,1,
50281,2022-01-14 12:01:00,40.874756,-73.87387,0,0,Driver Inattention/Distraction,4495309,5.0,-5.0,0.0,0.0,0.0,0.0,3,34.6,62.6,358,Overcast,0,0,
50282,2022-01-15 02:25:00,40.696213,-73.97528,0,0,Passing or Lane Usage Improper,4495328,-5.3,-11.1,0.0,0.0,0.0,0.0,3,22.4,46.1,345,Overcast,0,0,
50283,2022-01-15 17:40:00,40.666134,-73.88492,0,0,Fell Asleep,4494920,-5.3,-11.1,0.0,0.0,0.0,0.0,3,22.4,46.1,345,Overcast,0,0,
50284,2022-04-08 14:44:00,40.66652,-73.73645,1,0,Unspecified,4517414,16.5,7.1,5.2,5.2,0.0,4.0,63,21.3,42.8,253,Rain: Moderate,1,1,
50285,2022-01-15 15:35:00,40.661568,-73.90479,2,0,Other Vehicular,4494791,-5.3,-11.1,0.0,0.0,0.0,0.0,3,22.4,46.1,345,Overcast,2,2,
50286,2022-04-07 18:30:00,40.748993,-73.89687,3,0,Following Too Closely,4517249,11.5,5.6,74.1,74.1,0.0,14.0,65,35.0,64.8,98,Rain: Heavy,3,3,
50287,2022-04-06 21:33:00,40.74147,-73.985435,1,0,Driver Inattention/Distraction,4516934,12.5,6.2,17.5,17.5,0.0,14.0,61,31.2,62.3,55,Rain: Light,1,1,
50288,2022-04-07 20:15:00,40.596058,-73.95776,0,0,Driver Inattention/Distraction,4517394,11.5,5.6,74.1,74.1,0.0,14.0,65,35.0,64.8,98,Rain: Heavy,0,0,
50289,2022-04-08 08:33:00,40.86292,-73.85204,1,0,Driver Inattention/Distraction,4517266,16.5,7.1,5.2,5.2,0.0,4.0,63,21.3,42.8,253,Rain: Moderate,1,1,
50290,2022-04-07 02:55:00,40.63657,-74.03661,2,0,Unsafe Speed,4516871,11.5,5.6,74.1,74.1,0.0,14.0,65,35.0,64.8,98,Rain: Heavy,2,2,
50291,2022-04-07 04:00:00,40.66842,-73.89095,0,0,Unspecified,4517221,11.5,5.6,74.1,74.1,0.0,14.0,65,35.0,64.8,98,Rain: Heavy,0,0,
50292,2022-04-08 19:40:00,40.723217,-73.982414,0,0,Unspecified,4517692,16.5,7.1,5.2,5.2,0.0,4.0,63,21.3,42.8,253,Rain: Moderate,0,0,
50293,2022-04-06 14:16:00,40.609554,-73.96631,1,0,Driver Inattention/Distraction,4517511,12.5,6.2,17.5,17.5,0.0,14.0,61,31.2,62.3,55,Rain: Light,1,1,
50294,2022-04-07 16:25:00,40.59814,-73.983574,1,0,Traffic Control Disregarded,4517117,11.5,5.6,74.1,74.1,0.0,14.0,65,35.0,64.8,98,Rain: Heavy,1,1,
50295,2022-04-07 10:36:00,40.75497,-73.98845,1,0,Passenger Distraction,4517540,11.5,5.6,74.1,74.1,0.0,14.0,65,35.0,64.8,98,Rain: Heavy,1,1,
50296,2022-04-07 07:30:00,40.672054,-73.95563,0,0,Driver Inattention/Distraction,4517667,11.5,5.6,74.1,74.1,0.0,14.0,65,35.0,64.8,98,Rain: Heavy,0,0,
50297,2022-04-08 21:00:00,40.88599,-73.82792,0,0,Failure to Yield Right-of-Way,4517927,16.5,7.1,5.2,5.2,0.0,4.0,63,21.3,42.8,253,Rain: Moderate,0,0,
50298,2022-04-08 22:30:00,40.610504,-73.95767,0,0,Unspecified,4517722,16.5,7.1,5.2,5.2,0.0,4.0,63,21.3,42.8,253,Rain: Moderate,0,0,
50299,2022-04-07 09:37:00,40.68218,-73.94659,1,0,Driver Inattention/Distraction,4517419,11.5,5.6,74.1,74.1,0.0,14.0,65,35.0,64.8,98,Rain: Heavy,1,1,
50300,2022-04-07 20:30:00,40.825912,-73.83647,2,0,Unsafe Lane Changing,4517124,11.5,5.6,74.1,74.1,0.0,14.0,65,35.0,64.8,98,Rain: Heavy,2,2,
50301,2022-04-08 18:20:00,40.662277,-73.91078,0,0,Backing Unsafely,4517588,16.5,7.1,5.2,5.2,0.0,4.0,63,21.3,42.8,253,Rain: Moderate,0,0,
50302,2022-04-08 19:15:00,40.661495,-73.939896,1,0,Driver Inexperience,4517431,16.5,7.1,5.2,5.2,0.0,4.0,63,21.3,42.8,253,Rain: Moderate,1,1,
50303,2022-04-08 22:45:00,40.782887,-73.9439,0,0,Passing or Lane Usage Improper,4517374,16.5,7.1,5.2,5.2,0.0,4.0,63,21.3,42.8,253,Rain: Moderate,0,0,
50304,2022-04-07 16:30:00,40.680923,-73.83544,2,0,Failure to Yield Right-of-Way,4517276,11.5,5.6,74.1,74.1,0.0,14.0,65,35.0,64.8,98,Rain: Heavy,2,2,
50305,2022-04-02 05:15:00,40.766388,-73.90967,0,0,Driver Inattention/Distraction,4517803,11.1,1.4,0.0,0.0,0.0,0.0,3,26.3,47.9,286,Overcast,0,0,
50306,2022-04-07 11:50:00,40.71295,-73.81961,1,0,Turning Improperly,4517135,11.5,5.6,74.1,74.1,0.0,14.0,65,35.0,64.8,98,Rain: Heavy,1,1,
50307,2022-04-07 01:19:00,40.723724,-73.85455,0,0,View Obstructed/Limited,4516894,11.5,5.6,74.1,74.1,0.0,14.0,65,35.0,64.8,98,Rain: Heavy,0,0,
50308,2022-09-22 14:07:00,40.61487,-73.940796,0,0,Driver Inexperience,4566452,24.9,14.3,9.1,9.1,0.0,7.0,63,24.6,44.6,273,Rain: Moderate,0,0,
50309,2022-09-22 16:48:00,40.75829,-73.83431,0,0,Following Too Closely,4566572,24.9,14.3,9.1,9.1,0.0,7.0,63,24.6,44.6,273,Rain: Moderate,0,0,
50310,2022-09-18 00:49:00,40.648777,-73.92039,1,0,Failure to Yield Right-of-Way,4567185,28.7,17.1,0.0,0.0,0.0,0.0,3,20.2,36.7,233,Overcast,1,1,
50311,2022-09-02 18:40:00,40.647297,-73.9803,2,0,Following Too Closely,4566587,25.2,15.5,0.0,0.0,0.0,0.0,3,14.8,28.8,66,Overcast,2,2,
50312,2021-10-24 00:44:00,40.8216921,-73.9067334,0,0,Driver Inattention/Distraction,4470603,15.5,7.6,0.7,0.7,0.0,1.0,53,13.0,23.8,248,Drizzle: Moderate,0,0,
50313,2022-09-21 15:45:00,40.677208,-73.89723,0,0,Driver Inattention/Distraction,4566239,26.5,16.0,0.0,0.0,0.0,0.0,3,19.4,36.7,252,Overcast,0,0,
50314,2022-09-23 13:20:00,40.747078,-73.981346,1,0,Passing Too Closely,4566719,16.4,10.0,0.0,0.0,0.0,0.0,0,31.1,56.9,323,Clear sky,1,1,Sunny/Clear Conditions
50315,2022-09-21 17:50:00,40.64412,-73.98907,0,0,Passing or Lane Usage Improper,4566604,26.5,16.0,0.0,0.0,0.0,0.0,3,19.4,36.7,252,Overcast,0,0,
50316,2022-09-21 14:40:00,40.681503,-73.81782,1,0,Driver Inattention/Distraction,4566171,26.5,16.0,0.0,0.0,0.0,0.0,3,19.4,36.7,252,Overcast,1,1,
50317,2022-09-17 11:30:00,40.61055,-74.00145,0,0,Driver Inattention/Distraction,4566559,22.9,16.8,0.0,0.0,0.0,0.0,3,16.9,32.0,115,Overcast,0,0,
50318,2022-08-17 10:30:00,40.820187,-73.890686,0,0,Unspecified,4566982,26.8,18.4,0.4,0.4,0.0,3.0,51,20.1,32.8,8,Drizzle: Light,0,0,
50319,2022-09-23 09:00:00,40.560295,-74.16046,2,0,Failure to Yield Right-of-Way,4566806,16.4,10.0,0.0,0.0,0.0,0.0,0,31.1,56.9,323,Clear sky,2,2,Sunny/Clear Conditions
50320,2022-09-21 14:46:00,40.8119,-73.966255,0,1,Lost Consciousness,4566438,26.5,16.0,0.0,0.0,0.0,0.0,3,19.4,36.7,252,Overcast,20,1,
50321,2022-09-16 14:15:00,40.687553,-73.91868,0,0,Unspecified,4567137,23.7,11.9,0.0,0.0,0.0,0.0,3,10.3,21.6,336,Overcast,0,0,
50322,2022-09-18 20:10:00,40.750225,-73.85515,1,0,Failure to Yield Right-of-Way,4566834,28.7,17.1,0.0,0.0,0.0,0.0,3,20.2,36.7,233,Overcast,1,1,
50323,2022-09-12 07:00:00,40.827168,-73.896225,0,0,Other Vehicular,4566960,28.0,20.2,8.9,8.9,0.0,7.0,63,14.9,26.6,230,Rain: Moderate,0,0,
50324,2022-09-20 09:00:00,0.0,0.0,0,0,Driver Inattention/Distraction,4567115,25.7,17.7,0.0,0.0,0.0,0.0,3,19.0,35.3,296,Overcast,0,0,
50325,2022-09-23 15:00:00,40.735294,-74.003265,0,0,Driver Inattention/Distraction,4567006,16.4,10.0,0.0,0.0,0.0,0.0,0,31.1,56.9,323,Clear sky,0,0,Sunny/Clear Conditions
50326,2022-09-21 11:20:00,40.59845,-73.951225,1,0,Unspecified,4566744,26.5,16.0,0.0,0.0,0.0,0.0,3,19.4,36.7,252,Overcast,1,1,
50327,2022-09-21 18:00:00,40.698616,-73.77664,0,0,Aggressive Driving/Road Rage,4566445,26.5,16.0,0.0,0.0,0.0,0.0,3,19.4,36.7,252,Overcast,0,0,
50328,2022-09-08 21:33:00,40.727974,-73.98813,1,0,Unspecified,4566901,23.9,17.7,0.0,0.0,0.0,0.0,3,15.5,30.6,29,Overcast,1,1,
50329,2022-09-16 22:10:00,40.720478,-73.98972,3,0,Traffic Control Disregarded,4566750,23.7,11.9,0.0,0.0,0.0,0.0,3,10.3,21.6,336,Overcast,3,3,
50330,2022-09-23 09:22:00,40.805534,-73.96404,0,0,Passing Too Closely,4566704,16.4,10.0,0.0,0.0,0.0,0.0,0,31.1,56.9,323,Clear sky,0,0,Sunny/Clear Conditions
50331,2022-09-23 05:45:00,40.606907,-73.9705,1,0,Failure to Yield Right-of-Way,4566614,16.4,10.0,0.0,0.0,0.0,0.0,0,31.1,56.9,323,Clear sky,1,1,Sunny/Clear Conditions
50332,2022-09-23 14:20:00,40.602997,-73.939476,2,0,Unspecified,4567052,16.4,10.0,0.0,0.0,0.0,0.0,0,31.1,56.9,323,Clear sky,2,2,Sunny/Clear Conditions
50333,2022-09-22 12:00:00,40.77656,-73.95271,1,0,Driver Inattention/Distraction,4566458,24.9,14.3,9.1,9.1,0.0,7.0,63,24.6,44.6,273,Rain: Moderate,1,1,
50334,2022-09-20 15:00:00,40.728634,-73.94661,0,0,Unspecified,4567323,25.7,17.7,0.0,0.0,0.0,0.0,3,19.0,35.3,296,Overcast,0,0,
50335,2022-09-21 21:00:00,40.734978,-73.8614,3,0,Unspecified,4566202,26.5,16.0,0.0,0.0,0.0,0.0,3,19.4,36.7,252,Overcast,3,3,
50336,2023-01-15 18:50:00,40.755234,-73.941246,1,0,Driver Inattention/Distraction,4598302,4.7,-2.1,0.0,0.0,0.0,0.0,3,29.5,53.6,354,Overcast,1,1,
50337,2023-01-12 13:45:00,40.70344,-74.00998,0,0,Unspecified,4598372,10.1,-0.6,10.8,10.8,0.0,13.0,63,20.1,36.7,117,Rain: Moderate,0,0,
50338,2023-01-15 22:20:00,40.850475,-73.915436,1,0,Driver Inattention/Distraction,4598159,4.7,-2.1,0.0,0.0,0.0,0.0,3,29.5,53.6,354,Overcast,1,1,