,CRASH DATETIME,LATITUDE,LONGITUDE,NUMBER OF PERSONS INJURED,NUMBER OF PERSONS KILLED,CONTRIBUTING FACTOR VEHICLE 1,COLLISION_ID,temperature_2m_max,temperature_2m_min,precipitation_sum,rain_sum,snowfall_sum,precipitation_hours,weather_code,wind_speed_10m_max,wind_gusts_10m_max,wind_direction_10m_dominant,Weather Description,Severity_Score,Total_Affected_Persons,Weather_Category
50339,2023-01-14 16:16:00,40.717422,-73.957054,0,0,Passing Too Closely,4598413,2.8,-0.9,0.0,0.0,0.0,0.0,3,25.6,45.7,351,Overcast,0,0,
50340,2023-01-15 14:50:00,40.69302,-73.91626,3,0,Driver Inexperience,4598067,4.7,-2.1,0.0,0.0,0.0,0.0,3,29.5,53.6,354,Overcast,3,3,
50341,2023-01-09 14:58:00,40.884155,-73.900375,0,0,Unspecified,4598546,6.9,0.6,1.7,0.9,0.56,5.0,73,17.2,32.0,282,Snow fall: Moderate,0,0,Snowy Conditions
50342,2023-01-15 23:38:00,40.72293,-73.847336,3,0,Driver Inattention/Distraction,4598390,4.7,-2.1,0.0,0.0,0.0,0.0,3,29.5,53.6,354,Overcast,3,3,
50343,2023-01-15 12:15:00,40.64696,-73.91348,0,0,Turning Improperly,4598183,4.7,-2.1,0.0,0.0,0.0,0.0,3,29.5,53.6,354,Overcast,0,0,
50344,2023-01-15 18:45:00,40.630913,-74.01433,0,0,Driver Inattention/Distraction,4598391,4.7,-2.1,0.0,0.0,0.0,0.0,3,29.5,53.6,354,Overcast,0,0,
50345,2023-01-15 09:41:00,40.830135,-73.89088,2,0,Unsafe Speed,4598366,4.7,-2.1,0.0,0.0,0.0,0.0,3,29.5,53.6,354,Overcast,2,2,
50346,2023-01-15 03:55:00,40.752655,-73.89526,0,0,Driver Inattention/Distraction,4597788,4.7,-2.1,0.0,0.0,0.0,0.0,3,29.5,53.6,354,Overcast,0,0,
50347,2023-01-15 01:10:00,40.742355,-73.98369,1,0,Unspecified,4598130,4.7,-2.1,0.0,0.0,0.0,0.0,3,29.5,53.6,354,Overcast,1,1,
50348,2022-12-15 02:16:00,40.89238,-73.911316,0,0,Backing Unsafely,4598530,4.6,-1.7,16.6,16.1,0.35,10.0,73,31.8,56.5,59,Snow fall: Moderate,0,0,Snowy Conditions
50349,2023-01-14 23:09:00,40.87626,-73.90395,1,0,Failure to Yield Right-of-Way,4598560,2.8,-0.9,0.0,0.0,0.0,0.0,3,25.6,45.7,351,Overcast,1,1,
50350,2023-01-15 09:40:00,40.63205,-74.003845,0,0,Unspecified,4597824,4.7,-2.1,0.0,0.0,0.0,0.0,3,29.5,53.6,354,Overcast,0,0,
50351,2023-01-15 20:30:00,40.713436,-73.7607,1,0,Unspecified,4598061,4.7,-2.1,0.0,0.0,0.0,0.0,3,29.5,53.6,354,Overcast,1,1,
50352,2023-01-08 20:20:00,40.70989,-73.8303,1,0,Passing or Lane Usage Improper,4598367,4.2,-2.3,0.0,0.0,0.0,0.0,3,14.0,24.5,289,Overcast,1,1,
50353,2023-01-15 03:11:00,40.84497,-73.90247,1,0,Unspecified,4598162,4.7,-2.1,0.0,0.0,0.0,0.0,3,29.5,53.6,354,Overcast,1,1,
50354,2022-12-05 12:22:00,0.0,0.0,0,0,Following Too Closely,4598525,6.2,-2.8,0.0,0.0,0.0,0.0,3,12.3,24.5,204,Overcast,0,0,
50355,2023-01-08 17:50:00,40.894875,-73.88219,0,0,Unsafe Lane Changing,4598545,4.2,-2.3,0.0,0.0,0.0,0.0,3,14.0,24.5,289,Overcast,0,0,
50356,2023-01-15 11:56:00,40.619484,-73.918274,0,0,Driver Inattention/Distraction,4598270,4.7,-2.1,0.0,0.0,0.0,0.0,3,29.5,53.6,354,Overcast,0,0,
50357,2023-01-15 21:04:00,40.75052,-73.940636,0,0,Driver Inattention/Distraction,4597949,4.7,-2.1,0.0,0.0,0.0,0.0,3,29.5,53.6,354,Overcast,0,0,
50358,2023-01-15 15:50:00,40.714054,-73.738335,2,0,Unspecified,4597969,4.7,-2.1,0.0,0.0,0.0,0.0,3,29.5,53.6,354,Overcast,2,2,
50359,2023-01-14 05:05:00,40.815304,-73.94371,0,0,Driver Inattention/Distraction,4598450,2.8,-0.9,0.0,0.0,0.0,0.0,3,25.6,45.7,351,Overcast,0,0,
50360,2023-01-15 01:20:00,40.57409,-74.0063,0,0,Driver Inattention/Distraction,4598090,4.7,-2.1,0.0,0.0,0.0,0.0,3,29.5,53.6,354,Overcast,0,0,
50361,2023-01-11 20:50:00,40.63311,-73.97217,1,0,,4598509,3.3,-1.5,0.0,0.0,0.0,0.0,3,13.2,23.4,50,Overcast,1,1,
50362,2023-01-15 02:50:00,40.59799,-74.00568,0,0,Tire Failure/Inadequate,4597941,4.7,-2.1,0.0,0.0,0.0,0.0,3,29.5,53.6,354,Overcast,0,0,
50363,2023-01-12 03:37:00,40.664192,-73.75009,0,0,Unspecified,4598396,10.1,-0.6,10.8,10.8,0.0,13.0,63,20.1,36.7,117,Rain: Moderate,0,0,
50364,2023-01-05 19:00:00,40.67978,-73.99519,0,0,Driver Inattention/Distraction,4598455,12.9,7.2,0.0,0.0,0.0,0.0,3,12.8,23.8,75,Overcast,0,0,
50365,2023-01-15 02:15:00,40.696556,-73.98091,2,0,Following Too Closely,4597957,4.7,-2.1,0.0,0.0,0.0,0.0,3,29.5,53.6,354,Overcast,2,2,
50366,2023-01-15 08:58:00,40.82111,-73.92749,0,0,Alcohol Involvement,4598193,4.7,-2.1,0.0,0.0,0.0,0.0,3,29.5,53.6,354,Overcast,0,0,
50367,2023-01-11 14:10:00,40.87508,-73.90919,0,0,Unspecified,4598555,3.3,-1.5,0.0,0.0,0.0,0.0,3,13.2,23.4,50,Overcast,0,0,
50368,2022-09-03 20:05:00,40.76531,-73.99134,1,0,Unspecified,4598517,26.8,17.3,0.0,0.0,0.0,0.0,3,17.3,32.0,143,Overcast,1,1,
50369,2023-01-15 22:17:00,40.82419,-73.91385,0,0,Unspecified,4598079,4.7,-2.1,0.0,0.0,0.0,0.0,3,29.5,53.6,354,Overcast,0,0,
50370,2023-01-15 03:43:00,40.65768,-73.887794,1,0,Traffic Control Disregarded,4598220,4.7,-2.1,0.0,0.0,0.0,0.0,3,29.5,53.6,354,Overcast,1,1,
50371,2023-01-15 19:40:00,40.69382,-73.72694,0,0,Unspecified,4598434,4.7,-2.1,0.0,0.0,0.0,0.0,3,29.5,53.6,354,Overcast,0,0,
50372,2023-01-15 04:28:00,40.637096,-74.12897,0,0,Unspecified,4597867,4.7,-2.1,0.0,0.0,0.0,0.0,3,29.5,53.6,354,Overcast,0,0,
50373,2023-01-12 20:44:00,40.838436,-73.88263,0,0,Pavement Slippery,4598500,10.1,-0.6,10.8,10.8,0.0,13.0,63,20.1,36.7,117,Rain: Moderate,0,0,
50374,2023-01-15 00:30:00,40.676132,-73.97972,2,0,Alcohol Involvement,4598021,4.7,-2.1,0.0,0.0,0.0,0.0,3,29.5,53.6,354,Overcast,2,2,
50375,2023-01-15 18:43:00,40.72063,-73.84606,0,0,Driver Inattention/Distraction,4598462,4.7,-2.1,0.0,0.0,0.0,0.0,3,29.5,53.6,354,Overcast,0,0,
50376,2023-01-08 09:20:00,40.5243,-74.2018,0,0,Unspecified,4598401,4.2,-2.3,0.0,0.0,0.0,0.0,3,14.0,24.5,289,Overcast,0,0,
50377,2023-01-15 14:25:00,40.726524,-73.99585,0,0,Passing or Lane Usage Improper,4598326,4.7,-2.1,0.0,0.0,0.0,0.0,3,29.5,53.6,354,Overcast,0,0,
50378,2023-01-12 21:56:00,40.680855,-74.00305,1,0,Unspecified,4598378,10.1,-0.6,10.8,10.8,0.0,13.0,63,20.1,36.7,117,Rain: Moderate,1,1,
50379,2023-01-10 04:10:00,40.872322,-73.90659,0,0,Following Too Closely,4598551,6.2,0.3,0.0,0.0,0.0,0.0,3,15.6,29.9,285,Overcast,0,0,
50380,2023-01-15 17:13:00,40.734253,-74.002975,0,0,Driver Inattention/Distraction,4598141,4.7,-2.1,0.0,0.0,0.0,0.0,3,29.5,53.6,354,Overcast,0,0,
50381,2023-01-13 15:25:00,40.625282,-73.96047,0,0,Driver Inattention/Distraction,4598510,12.6,3.1,2.2,2.2,0.0,12.0,53,26.2,47.2,243,Drizzle: Moderate,0,0,
50382,2023-01-15 23:00:00,40.65662,-73.889175,0,0,Unsafe Speed,4598211,4.7,-2.1,0.0,0.0,0.0,0.0,3,29.5,53.6,354,Overcast,0,0,
50383,2023-01-14 10:40:00,40.755566,-73.87684,0,0,Unspecified,4598471,2.8,-0.9,0.0,0.0,0.0,0.0,3,25.6,45.7,351,Overcast,0,0,
50384,2023-01-15 13:40:00,40.66955,-73.94497,0,0,Unspecified,4597899,4.7,-2.1,0.0,0.0,0.0,0.0,3,29.5,53.6,354,Overcast,0,0,
50385,2023-01-12 17:52:00,40.687016,-73.77487,1,0,View Obstructed/Limited,4598385,10.1,-0.6,10.8,10.8,0.0,13.0,63,20.1,36.7,117,Rain: Moderate,1,1,
50386,2023-01-15 20:30:00,40.63931,-73.89432,0,0,Driver Inattention/Distraction,4597976,4.7,-2.1,0.0,0.0,0.0,0.0,3,29.5,53.6,354,Overcast,0,0,
50387,2023-01-08 09:15:00,40.822533,-73.88509,1,0,Other Vehicular,4598392,4.2,-2.3,0.0,0.0,0.0,0.0,3,14.0,24.5,289,Overcast,1,1,
50388,2023-01-15 00:00:00,40.844746,-73.90363,2,0,Other Vehicular,4598113,4.7,-2.1,0.0,0.0,0.0,0.0,3,29.5,53.6,354,Overcast,2,2,
50389,2023-01-09 19:26:00,40.700703,-73.752,4,0,View Obstructed/Limited,4598384,6.9,0.6,1.7,0.9,0.56,5.0,73,17.2,32.0,282,Snow fall: Moderate,4,4,Snowy Conditions
50390,2023-01-15 19:00:00,40.592342,-74.064186,0,0,Driver Inexperience,4598570,4.7,-2.1,0.0,0.0,0.0,0.0,3,29.5,53.6,354,Overcast,0,0,
50391,2023-01-15 00:20:00,40.578236,-73.99157,0,0,Reaction to Uninvolved Vehicle,4597790,4.7,-2.1,0.0,0.0,0.0,0.0,3,29.5,53.6,354,Overcast,0,0,
50392,2022-12-18 20:00:00,40.876934,-73.91116,0,0,Unspecified,4598529,3.9,-2.6,0.0,0.0,0.0,0.0,3,21.7,40.3,283,Overcast,0,0,
50393,2023-01-15 21:20:00,40.68046,-73.925545,0,0,Unspecified,4597954,4.7,-2.1,0.0,0.0,0.0,0.0,3,29.5,53.6,354,Overcast,0,0,
50394,2023-01-15 16:00:00,40.68922,-73.9867,0,0,Unspecified,4597958,4.7,-2.1,0.0,0.0,0.0,0.0,3,29.5,53.6,354,Overcast,0,0,
50395,2023-01-12 07:30:00,40.59321,-73.78072,2,0,Failure to Yield Right-of-Way,4598415,10.1,-0.6,10.8,10.8,0.0,13.0,63,20.1,36.7,117,Rain: Moderate,2,2,
50396,2023-01-15 00:00:00,40.798504,-73.96713,1,0,View Obstructed/Limited,4597984,4.7,-2.1,0.0,0.0,0.0,0.0,3,29.5,53.6,354,Overcast,1,1,
50397,2023-01-14 19:00:00,40.81728,-73.938545,1,0,Driver Inattention/Distraction,4598451,2.8,-0.9,0.0,0.0,0.0,0.0,3,25.6,45.7,351,Overcast,1,1,
50398,2023-01-15 23:07:00,40.83609,-73.87039,1,0,Unsafe Speed,4598077,4.7,-2.1,0.0,0.0,0.0,0.0,3,29.5,53.6,354,Overcast,1,1,
50399,2023-01-12 07:33:00,40.76301,-73.87533,1,0,Following Too Closely,4598481,10.1,-0.6,10.8,10.8,0.0,13.0,63,20.1,36.7,117,Rain: Moderate,1,1,
50400,2023-01-15 16:48:00,40.77299,-73.80699,0,0,Backing Unsafely,4597918,4.7,-2.1,0.0,0.0,0.0,0.0,3,29.5,53.6,354,Overcast,0,0,
50401,2023-01-14 05:46:00,0.0,0.0,1,0,Traffic Control Disregarded,4598421,2.8,-0.9,0.0,0.0,0.0,0.0,3,25.6,45.7,351,Overcast,1,1,
50402,2023-01-11 06:30:00,40.897995,-73.863495,0,0,Unspecified,4598475,3.3,-1.5,0.0,0.0,0.0,0.0,3,13.2,23.4,50,Overcast,0,0,
50403,2022-10-29 19:46:00,40.63145,-73.887085,1,0,Unspecified,4598507,14.5,5.4,0.0,0.0,0.0,0.0,1,10.5,22.7,30,Mainly clear,1,1,Sunny/Clear Conditions
50404,2023-01-15 05:20:00,40.705776,-73.90425,0,0,Driver Inattention/Distraction,4597982,4.7,-2.1,0.0,0.0,0.0,0.0,3,29.5,53.6,354,Overcast,0,0,
50405,2023-01-15 06:20:00,40.7242,-73.93765,0,0,Driver Inattention/Distraction,4598045,4.7,-2.1,0.0,0.0,0.0,0.0,3,29.5,53.6,354,Overcast,0,0,
50406,2022-12-13 01:30:00,40.84168,-73.93934,1,0,Unspecified,4598369,4.7,-4.7,0.0,0.0,0.0,0.0,0,14.7,27.4,326,Clear sky,1,1,Sunny/Clear Conditions
50407,2021-10-19 07:10:00,40.69663,-73.91857,1,0,Driver Inattention/Distraction,4471263,19.1,8.3,0.0,0.0,0.0,0.0,1,24.6,45.0,272,Mainly clear,1,1,Sunny/Clear Conditions
50408,2021-10-24 20:49:00,40.75462,-73.724335,0,0,Unspecified,4471213,15.5,7.6,0.7,0.7,0.0,1.0,53,13.0,23.8,248,Drizzle: Moderate,0,0,
50409,2022-12-20 18:00:00,40.89702,-73.89688,1,0,Unsafe Lane Changing,4598528,3.7,-2.4,0.0,0.0,0.0,0.0,2,18.3,34.6,314,Partly cloudy,1,1,
50410,2023-01-15 20:00:00,40.73807,-73.93756,0,0,Unspecified,4597948,4.7,-2.1,0.0,0.0,0.0,0.0,3,29.5,53.6,354,Overcast,0,0,
50411,2021-12-12 22:00:00,40.726135,-73.76318,0,0,Unspecified,4485917,13.0,3.4,0.5,0.5,0.0,1.0,53,32.4,62.6,284,Drizzle: Moderate,0,0,
50412,2023-01-15 17:45:00,40.815044,-73.92743,0,0,Backing Unsafely,4598102,4.7,-2.1,0.0,0.0,0.0,0.0,3,29.5,53.6,354,Overcast,0,0,
50413,2023-01-15 00:08:00,40.68597,-73.92668,0,0,Passing or Lane Usage Improper,4597894,4.7,-2.1,0.0,0.0,0.0,0.0,3,29.5,53.6,354,Overcast,0,0,
50414,2021-10-24 13:41:00,40.755222,-73.96135,0,0,Following Too Closely,4471200,15.5,7.6,0.7,0.7,0.0,1.0,53,13.0,23.8,248,Drizzle: Moderate,0,0,
50415,2023-01-15 22:00:00,40.761486,-73.96061,0,0,Failure to Yield Right-of-Way,4598030,4.7,-2.1,0.0,0.0,0.0,0.0,3,29.5,53.6,354,Overcast,0,0,
50416,2023-01-13 17:00:00,40.54653,-74.180435,1,0,View Obstructed/Limited,4598404,12.6,3.1,2.2,2.2,0.0,12.0,53,26.2,47.2,243,Drizzle: Moderate,1,1,
50417,2023-01-15 18:20:00,40.666855,-73.80425,1,0,Following Too Closely,4597998,4.7,-2.1,0.0,0.0,0.0,0.0,3,29.5,53.6,354,Overcast,1,1,
50418,2023-01-15 02:15:00,40.7488,-73.96986,0,0,Failure to Yield Right-of-Way,4598569,4.7,-2.1,0.0,0.0,0.0,0.0,3,29.5,53.6,354,Overcast,0,0,
50419,2022-12-29 00:00:00,40.879917,-73.86628,1,0,,4598482,8.2,-1.1,0.0,0.0,0.0,0.0,3,14.9,29.5,222,Overcast,1,1,
50420,2023-01-15 17:16:00,40.691868,-73.863846,1,0,Following Too Closely,4598164,4.7,-2.1,0.0,0.0,0.0,0.0,3,29.5,53.6,354,Overcast,1,1,
50421,2022-11-02 20:54:00,40.81282,-73.92592,0,0,Unspecified,4598449,20.0,10.4,0.0,0.0,0.0,0.0,0,16.8,29.5,350,Clear sky,0,0,Sunny/Clear Conditions
50422,2023-01-14 22:52:00,40.859753,-73.854706,1,0,Failure to Yield Right-of-Way,4598497,2.8,-0.9,0.0,0.0,0.0,0.0,3,25.6,45.7,351,Overcast,1,1,
50423,2023-01-15 04:40:00,40.749744,-73.884315,1,0,Alcohol Involvement,4598469,4.7,-2.1,0.0,0.0,0.0,0.0,3,29.5,53.6,354,Overcast,1,1,
50424,2023-01-15 13:25:00,40.623104,-73.95809,1,0,Failure to Yield Right-of-Way,4598363,4.7,-2.1,0.0,0.0,0.0,0.0,3,29.5,53.6,354,Overcast,1,1,
50425,2023-01-11 07:15:00,40.880333,-73.91999,0,0,Passing Too Closely,4598544,3.3,-1.5,0.0,0.0,0.0,0.0,3,13.2,23.4,50,Overcast,0,0,
50426,2023-01-15 12:50:00,40.820747,-73.906006,1,0,Failure to Yield Right-of-Way,4598150,4.7,-2.1,0.0,0.0,0.0,0.0,3,29.5,53.6,354,Overcast,1,1,
50427,2023-01-11 16:02:00,40.87466,-73.911095,0,0,Unspecified,4598556,3.3,-1.5,0.0,0.0,0.0,0.0,3,13.2,23.4,50,Overcast,0,0,
50428,2023-01-15 14:30:00,40.736725,-74.004456,0,0,Unspecified,4598140,4.7,-2.1,0.0,0.0,0.0,0.0,3,29.5,53.6,354,Overcast,0,0,
50429,2023-01-15 00:55:00,40.71886,-73.97492,0,0,Driver Inexperience,4597825,4.7,-2.1,0.0,0.0,0.0,0.0,3,29.5,53.6,354,Overcast,0,0,
50430,2023-01-15 18:16:00,40.644436,-73.89507,0,0,Traffic Control Disregarded,4597971,4.7,-2.1,0.0,0.0,0.0,0.0,3,29.5,53.6,354,Overcast,0,0,
50431,2023-01-15 04:20:00,40.680016,-73.87743,1,0,Unspecified,4598225,4.7,-2.1,0.0,0.0,0.0,0.0,3,29.5,53.6,354,Overcast,1,1,
50432,2022-12-22 12:41:00,0.0,0.0,1,0,Unspecified,4598532,6.8,-2.7,7.3,7.3,0.0,11.0,61,31.6,55.8,62,Rain: Light,1,1,
50433,2023-01-15 23:45:00,40.89022,-73.84742,0,0,Failure to Yield Right-of-Way,4598271,4.7,-2.1,0.0,0.0,0.0,0.0,3,29.5,53.6,354,Overcast,0,0,
50434,2023-01-05 17:50:00,40.525475,-74.205864,0,0,Driver Inattention/Distraction,4598400,12.9,7.2,0.0,0.0,0.0,0.0,3,12.8,23.8,75,Overcast,0,0,
50435,2023-01-05 00:00:00,40.88453,-73.89218,0,0,Aggressive Driving/Road Rage,4598537,12.9,7.2,0.0,0.0,0.0,0.0,3,12.8,23.8,75,Overcast,0,0,
50436,2023-01-15 18:11:00,40.825436,-73.91593,0,0,Unspecified,4598190,4.7,-2.1,0.0,0.0,0.0,0.0,3,29.5,53.6,354,Overcast,0,0,
50437,2023-01-15 14:15:00,40.827183,-73.853096,1,0,Failure to Yield Right-of-Way,4598082,4.7,-2.1,0.0,0.0,0.0,0.0,3,29.5,53.6,354,Overcast,1,1,
50438,2023-01-12 23:35:00,40.75714,-73.8271,1,0,Failure to Yield Right-of-Way,4598433,10.1,-0.6,10.8,10.8,0.0,13.0,63,20.1,36.7,117,Rain: Moderate,1,1,
50439,2023-01-10 00:30:00,40.636734,-73.89831,0,0,Driver Inattention/Distraction,4598520,6.2,0.3,0.0,0.0,0.0,0.0,3,15.6,29.9,285,Overcast,0,0,
50440,2023-01-15 22:09:00,40.732944,-73.847015,0,0,Fatigued/Drowsy,4598325,4.7,-2.1,0.0,0.0,0.0,0.0,3,29.5,53.6,354,Overcast,0,0,
50441,2023-01-15 10:20:00,40.681362,-73.79728,1,0,Driver Inexperience,4598386,4.7,-2.1,0.0,0.0,0.0,0.0,3,29.5,53.6,354,Overcast,1,1,
50442,2021-10-18 00:01:00,40.75904,-73.807945,0,0,Failure to Yield Right-of-Way,4471138,15.8,9.2,0.0,0.0,0.0,0.0,2,32.4,58.3,296,Partly cloudy,0,0,
50443,2023-01-09 15:43:00,40.873787,-73.905266,0,0,Failure to Yield Right-of-Way,4598549,6.9,0.6,1.7,0.9,0.56,5.0,73,17.2,32.0,282,Snow fall: Moderate,0,0,Snowy Conditions
50444,2022-12-23 16:14:00,40.639763,-73.958015,0,0,Passing or Lane Usage Improper,4598393,12.9,-12.9,20.4,19.8,0.42,14.0,73,44.5,83.2,206,Snow fall: Moderate,0,0,Snowy Conditions
50445,2023-01-10 19:30:00,40.912827,-73.90251,0,0,Unspecified,4598552,6.2,0.3,0.0,0.0,0.0,0.0,3,15.6,29.9,285,Overcast,0,0,
50446,2023-01-15 05:24:00,40.597282,-73.907455,0,0,Tire Failure/Inadequate,4597791,4.7,-2.1,0.0,0.0,0.0,0.0,3,29.5,53.6,354,Overcast,0,0,
50447,2023-01-15 08:02:00,40.761944,-73.76699,0,0,Driver Inattention/Distraction,4598149,4.7,-2.1,0.0,0.0,0.0,0.0,3,29.5,53.6,354,Overcast,0,0,
50448,2022-11-29 14:50:00,40.89163,-73.85184,0,0,Alcohol Involvement,4598460,6.2,-0.0,0.0,0.0,0.0,0.0,3,14.0,25.2,332,Overcast,0,0,
50449,2021-07-08 10:10:00,40.747246,-73.83107,0,0,Passing Too Closely,4435572,28.3,21.3,15.2,15.2,0.0,12.0,63,16.9,48.2,125,Rain: Moderate,0,0,
50450,2023-01-15 20:40:00,40.720627,-74.00522,0,0,Driver Inattention/Distraction,4597961,4.7,-2.1,0.0,0.0,0.0,0.0,3,29.5,53.6,354,Overcast,0,0,
50451,2023-01-13 20:11:00,40.810173,-73.95117,1,0,Pedestrian/Bicyclist/Other Pedestrian Error/Confusion,4598452,12.6,3.1,2.2,2.2,0.0,12.0,53,26.2,47.2,243,Drizzle: Moderate,1,1,
50452,2022-12-28 22:01:00,40.881298,-73.8991,1,0,Unsafe Speed,4598533,6.4,-4.1,0.0,0.0,0.0,0.0,3,18.2,34.6,218,Overcast,1,1,
50453,2023-01-13 06:50:00,40.621994,-73.99493,2,0,Failure to Yield Right-of-Way,4598362,12.6,3.1,2.2,2.2,0.0,12.0,53,26.2,47.2,243,Drizzle: Moderate,2,2,
50454,2021-10-12 15:15:00,40.83447,-73.941956,0,0,Passing Too Closely,4471083,21.6,15.2,0.0,0.0,0.0,0.0,3,11.8,23.8,81,Overcast,0,0,
50455,2023-01-13 13:54:00,40.592518,-73.932625,1,0,Driver Inattention/Distraction,4598377,12.6,3.1,2.2,2.2,0.0,12.0,53,26.2,47.2,243,Drizzle: Moderate,1,1,
50456,2023-01-15 08:00:00,40.632664,-73.96469,0,0,Driver Inattention/Distraction,4598512,4.7,-2.1,0.0,0.0,0.0,0.0,3,29.5,53.6,354,Overcast,0,0,
50457,2023-01-15 13:15:00,40.5667,-74.19389,0,0,Unspecified,4598405,4.7,-2.1,0.0,0.0,0.0,0.0,3,29.5,53.6,354,Overcast,0,0,
50458,2023-01-15 23:19:00,40.670403,-73.85629,0,0,Traffic Control Disregarded,4597991,4.7,-2.1,0.0,0.0,0.0,0.0,3,29.5,53.6,354,Overcast,0,0,
50459,2023-01-15 17:12:00,40.759678,-73.97216,0,0,Unspecified,4598075,4.7,-2.1,0.0,0.0,0.0,0.0,3,29.5,53.6,354,Overcast,0,0,
50460,2021-10-13 07:00:00,40.744644,-73.77041,0,0,Following Too Closely,4471147,21.7,14.8,0.1,0.1,0.0,1.0,51,12.2,23.0,200,Drizzle: Light,0,0,
50461,2023-01-15 16:40:00,40.719025,-73.98978,1,0,Backing Unsafely,4597925,4.7,-2.1,0.0,0.0,0.0,0.0,3,29.5,53.6,354,Overcast,1,1,
50462,2023-01-13 19:00:00,40.62765,-73.981674,0,0,Unspecified,4598423,12.6,3.1,2.2,2.2,0.0,12.0,53,26.2,47.2,243,Drizzle: Moderate,0,0,
50463,2023-01-15 01:50:00,40.654793,-73.88999,0,0,Unspecified,4598210,4.7,-2.1,0.0,0.0,0.0,0.0,3,29.5,53.6,354,Overcast,0,0,
50464,2023-01-11 07:00:00,40.63747,-73.91027,0,0,Turning Improperly,4598522,3.3,-1.5,0.0,0.0,0.0,0.0,3,13.2,23.4,50,Overcast,0,0,
50465,2021-10-22 23:30:00,40.738403,-73.854774,0,0,Unspecified,4471253,20.3,14.4,0.0,0.0,0.0,0.0,3,18.1,31.3,267,Overcast,0,0,
50466,2023-01-14 17:00:00,40.679966,-73.955284,1,0,Turning Improperly,4598476,2.8,-0.9,0.0,0.0,0.0,0.0,3,25.6,45.7,351,Overcast,1,1,
50467,2022-12-21 20:50:00,40.88014,-73.852036,1,0,Other Vehicular,4598483,3.1,-4.0,0.0,0.0,0.0,0.0,3,9.0,17.6,330,Overcast,1,1,
50468,2023-01-15 07:15:00,40.762745,-73.83329,1,0,Traffic Control Disregarded,4597915,4.7,-2.1,0.0,0.0,0.0,0.0,3,29.5,53.6,354,Overcast,1,1,
50469,2023-01-05 12:02:00,0.0,0.0,1,0,Following Too Closely,4598383,12.9,7.2,0.0,0.0,0.0,0.0,3,12.8,23.8,75,Overcast,1,1,
50470,2023-01-15 22:20:00,40.701267,-73.98772,0,0,Driver Inattention/Distraction,4597952,4.7,-2.1,0.0,0.0,0.0,0.0,3,29.5,53.6,354,Overcast,0,0,
50471,2023-01-12 15:50:00,40.70636,-73.95192,0,0,Backing Unsafely,4598432,10.1,-0.6,10.8,10.8,0.0,13.0,63,20.1,36.7,117,Rain: Moderate,0,0,
50472,2021-10-13 12:38:00,40.64507,-73.95803,1,0,Unspecified,4471190,21.7,14.8,0.1,0.1,0.0,1.0,51,12.2,23.0,200,Drizzle: Light,1,1,
50473,2023-01-15 14:15:00,40.71832,-73.74386,0,0,Turning Improperly,4597870,4.7,-2.1,0.0,0.0,0.0,0.0,3,29.5,53.6,354,Overcast,0,0,
50474,2023-01-15 21:10:00,40.707153,-73.8189,0,0,Unsafe Lane Changing,4598109,4.7,-2.1,0.0,0.0,0.0,0.0,3,29.5,53.6,354,Overcast,0,0,
50475,2023-01-10 06:45:00,40.694576,-73.95615,1,0,Driver Inattention/Distraction,4598474,6.2,0.3,0.0,0.0,0.0,0.0,3,15.6,29.9,285,Overcast,1,1,
50476,2023-01-10 08:00:00,40.5268,-74.17672,1,0,Turning Improperly,4598403,6.2,0.3,0.0,0.0,0.0,0.0,3,15.6,29.9,285,Overcast,1,1,
50477,2021-10-21 11:00:00,40.794487,-73.941696,0,0,Unspecified,4471301,22.9,12.0,0.0,0.0,0.0,0.0,3,17.0,31.7,207,Overcast,0,0,
50478,2023-01-12 19:20:00,40.88425,-73.900635,0,0,Unspecified,4598557,10.1,-0.6,10.8,10.8,0.0,13.0,63,20.1,36.7,117,Rain: Moderate,0,0,
50479,2023-01-15 21:00:00,40.665142,-73.866516,0,0,Unspecified,4598242,4.7,-2.1,0.0,0.0,0.0,0.0,3,29.5,53.6,354,Overcast,0,0,
50480,2023-01-15 19:25:00,40.801754,-73.93121,0,0,Other Vehicular,4598171,4.7,-2.1,0.0,0.0,0.0,0.0,3,29.5,53.6,354,Overcast,0,0,
50481,2022-12-11 01:19:00,40.88742,-73.89449,0,0,Driver Inattention/Distraction,4598527,4.0,0.9,9.8,7.3,1.75,12.0,73,18.1,33.5,57,Snow fall: Moderate,0,0,Snowy Conditions
50482,2021-09-29 07:40:00,40.83778,-73.94686,0,0,Fatigued/Drowsy,4471082,19.9,11.3,0.0,0.0,0.0,0.0,3,20.6,41.8,331,Overcast,0,0,
50483,2023-01-07 17:28:00,40.879818,-73.90415,1,0,Driver Inattention/Distraction,4598543,8.0,0.2,0.0,0.0,0.0,0.0,3,19.2,37.1,293,Overcast,1,1,
50484,2023-01-15 00:47:00,40.66412,-73.81706,0,0,Passing or Lane Usage Improper,4598295,4.7,-2.1,0.0,0.0,0.0,0.0,3,29.5,53.6,354,Overcast,0,0,
50485,2023-01-15 20:55:00,40.711033,-74.01454,0,0,Driver Inattention/Distraction,4597975,4.7,-2.1,0.0,0.0,0.0,0.0,3,29.5,53.6,354,Overcast,0,0,
50486,2023-01-15 20:12:00,40.756317,-73.83369,1,0,Following Too Closely,4597946,4.7,-2.1,0.0,0.0,0.0,0.0,3,29.5,53.6,354,Overcast,1,1,
50487,2021-10-02 00:00:00,40.866673,-73.90896,1,0,Driver Inattention/Distraction,4471105,23.7,10.8,0.0,0.0,0.0,0.0,3,17.0,34.2,254,Overcast,1,1,
50488,2023-01-12 17:41:00,40.69283,-73.85468,2,0,Failure to Yield Right-of-Way,4598447,10.1,-0.6,10.8,10.8,0.0,13.0,63,20.1,36.7,117,Rain: Moderate,2,2,