,CRASH DATETIME,LATITUDE,LONGITUDE,NUMBER OF PERSONS INJURED,NUMBER OF PERSONS KILLED,CONTRIBUTING FACTOR VEHICLE 1,COLLISION_ID,temperature_2m_max,temperature_2m_min,precipitation_sum,rain_sum,snowfall_sum,precipitation_hours,weather_code,wind_speed_10m_max,wind_gusts_10m_max,wind_direction_10m_dominant,Weather Description,Severity_Score,Total_Affected_Persons,Weather_Category
50489,2023-01-05 07:05:00,40.851402,-73.89343,0,0,Other Vehicular,4598495,12.9,7.2,0.0,0.0,0.0,0.0,3,12.8,23.8,75,Overcast,0,0,
50490,2023-01-15 01:00:00,40.655994,-73.90919,1,0,Driver Inattention/Distraction,4598034,4.7,-2.1,0.0,0.0,0.0,0.0,3,29.5,53.6,354,Overcast,1,1,
50491,2023-01-14 11:00:00,40.647625,-73.96054,0,0,Passing Too Closely,4598364,2.8,-0.9,0.0,0.0,0.0,0.0,3,25.6,45.7,351,Overcast,0,0,
50492,2021-10-23 10:40:00,40.62368,-74.10426,1,0,Backing Unsafely,4471135,15.9,10.4,0.2,0.2,0.0,2.0,51,14.4,26.6,326,Drizzle: Light,1,1,
50493,2021-10-16 00:36:00,40.69754,-73.98312,0,0,Driver Inattention/Distraction,4467540,24.3,15.0,17.5,17.5,0.0,9.0,63,25.7,46.4,195,Rain: Moderate,0,0,
50494,2023-01-15 14:45:00,40.746845,-73.89144,1,0,Driver Inattention/Distraction,4598468,4.7,-2.1,0.0,0.0,0.0,0.0,3,29.5,53.6,354,Overcast,1,1,
50495,2021-10-22 06:40:00,40.771744,-73.875275,1,0,Following Too Closely,4471155,20.3,14.4,0.0,0.0,0.0,0.0,3,18.1,31.3,267,Overcast,1,1,
50496,2023-01-13 13:45:00,40.59872,-73.76601,1,0,Reaction to Uninvolved Vehicle,4598399,12.6,3.1,2.2,2.2,0.0,12.0,53,26.2,47.2,243,Drizzle: Moderate,1,1,
50497,2023-01-15 11:45:00,40.583733,-73.91969,0,0,Driver Inattention/Distraction,4597943,4.7,-2.1,0.0,0.0,0.0,0.0,3,29.5,53.6,354,Overcast,0,0,
50498,2023-01-15 00:57:00,40.747196,-73.86033,1,0,Driver Inattention/Distraction,4597853,4.7,-2.1,0.0,0.0,0.0,0.0,3,29.5,53.6,354,Overcast,1,1,
50499,2023-01-15 14:58:00,40.764305,-73.9831,0,0,Following Too Closely,4598136,4.7,-2.1,0.0,0.0,0.0,0.0,3,29.5,53.6,354,Overcast,0,0,
50500,2022-12-18 00:30:00,40.84771,-73.93798,1,0,Backing Unsafely,4598370,3.9,-2.6,0.0,0.0,0.0,0.0,3,21.7,40.3,283,Overcast,1,1,
50501,2023-01-12 20:57:00,40.64645,-74.01106,2,0,Unsafe Speed,4598565,10.1,-0.6,10.8,10.8,0.0,13.0,63,20.1,36.7,117,Rain: Moderate,2,2,
50502,2022-12-25 18:00:00,40.88197,-73.907265,0,0,Unspecified,4598531,-1.7,-10.1,0.0,0.0,0.0,0.0,0,24.3,44.6,249,Clear sky,0,0,Sunny/Clear Conditions
50503,2023-01-15 00:57:00,40.8477,-73.90097,0,0,Turning Improperly,4598156,4.7,-2.1,0.0,0.0,0.0,0.0,3,29.5,53.6,354,Overcast,0,0,
50504,2021-10-23 21:00:00,40.842194,-73.94541,0,0,Unsafe Lane Changing,4471097,15.9,10.4,0.2,0.2,0.0,2.0,51,14.4,26.6,326,Drizzle: Light,0,0,
50505,2021-10-04 17:20:00,40.81108,-73.9273,0,0,Driver Inattention/Distraction,4471184,20.6,16.4,21.8,21.8,0.0,17.0,63,20.8,42.8,61,Rain: Moderate,0,0,
50506,2023-01-14 18:58:00,40.72657,-73.852646,1,0,Passing Too Closely,4598424,2.8,-0.9,0.0,0.0,0.0,0.0,3,25.6,45.7,351,Overcast,1,1,
50507,2023-01-15 21:33:00,40.635895,-74.01631,1,0,Driver Inattention/Distraction,4597962,4.7,-2.1,0.0,0.0,0.0,0.0,3,29.5,53.6,354,Overcast,1,1,
50508,2023-01-13 19:19:00,40.722645,-73.99248,0,0,Driver Inattention/Distraction,4598461,12.6,3.1,2.2,2.2,0.0,12.0,53,26.2,47.2,243,Drizzle: Moderate,0,0,
50509,2023-01-11 00:01:00,40.72106,-73.75945,0,0,Unsafe Speed,4598411,3.3,-1.5,0.0,0.0,0.0,0.0,3,13.2,23.4,50,Overcast,0,0,
50510,2023-01-15 03:48:00,40.66397,-73.99777,0,0,Driver Inattention/Distraction,4597951,4.7,-2.1,0.0,0.0,0.0,0.0,3,29.5,53.6,354,Overcast,0,0,
50511,2023-01-15 14:37:00,40.702995,-73.91107,1,0,Traffic Control Disregarded,4598004,4.7,-2.1,0.0,0.0,0.0,0.0,3,29.5,53.6,354,Overcast,1,1,
50512,2023-01-14 20:00:00,40.579174,-74.11483,1,0,Driver Inattention/Distraction,4598504,2.8,-0.9,0.0,0.0,0.0,0.0,3,25.6,45.7,351,Overcast,1,1,
50513,2023-01-13 20:15:00,40.680088,-73.94398,1,0,Alcohol Involvement,4598486,12.6,3.1,2.2,2.2,0.0,12.0,53,26.2,47.2,243,Drizzle: Moderate,1,1,
50514,2023-01-15 13:40:00,40.6435,-73.9295,1,0,Turning Improperly,4597937,4.7,-2.1,0.0,0.0,0.0,0.0,3,29.5,53.6,354,Overcast,1,1,
50515,2021-10-23 02:15:00,40.77583,-73.8066,0,0,Driver Inexperience,4471295,15.9,10.4,0.2,0.2,0.0,2.0,51,14.4,26.6,326,Drizzle: Light,0,0,
50516,2023-01-04 05:00:00,40.885517,-73.894684,1,0,Unspecified,4598534,17.6,10.5,2.1,2.1,0.0,4.0,53,17.3,31.3,215,Drizzle: Moderate,1,1,
50517,2023-01-15 15:00:00,40.73403,-73.995056,0,0,Driver Inattention/Distraction,4598308,4.7,-2.1,0.0,0.0,0.0,0.0,3,29.5,53.6,354,Overcast,0,0,
50518,2023-01-15 07:46:00,40.837025,-73.86536,0,0,Other Vehicular,4597803,4.7,-2.1,0.0,0.0,0.0,0.0,3,29.5,53.6,354,Overcast,0,0,
50519,2023-01-11 15:15:00,40.62395,-73.98889,3,0,Traffic Control Disregarded,4598382,3.3,-1.5,0.0,0.0,0.0,0.0,3,13.2,23.4,50,Overcast,3,3,
50520,2023-01-15 15:24:00,40.709156,-73.84107,1,0,Following Too Closely,4598395,4.7,-2.1,0.0,0.0,0.0,0.0,3,29.5,53.6,354,Overcast,1,1,
50521,2023-01-15 20:40:00,40.558983,-74.1976,0,0,Driver Inattention/Distraction,4598147,4.7,-2.1,0.0,0.0,0.0,0.0,3,29.5,53.6,354,Overcast,0,0,
50522,2022-01-13 23:40:00,40.875694,-73.84673,0,0,Unsafe Speed,4495569,7.1,-3.7,0.0,0.0,0.0,0.0,3,9.7,18.7,193,Overcast,0,0,
50523,2021-10-19 16:19:00,40.78076,-73.825424,0,0,Failure to Yield Right-of-Way,4471205,19.1,8.3,0.0,0.0,0.0,0.0,1,24.6,45.0,272,Mainly clear,0,0,Sunny/Clear Conditions
50524,2023-01-15 04:34:00,40.68651,-73.954544,0,0,Driver Inattention/Distraction,4598513,4.7,-2.1,0.0,0.0,0.0,0.0,3,29.5,53.6,354,Overcast,0,0,
50525,2023-01-15 13:30:00,40.663284,-73.96096,1,0,View Obstructed/Limited,4598205,4.7,-2.1,0.0,0.0,0.0,0.0,3,29.5,53.6,354,Overcast,1,1,
50526,2022-12-30 10:13:00,40.818504,-73.8959,1,0,Driver Inattention/Distraction,4598389,13.1,2.1,0.0,0.0,0.0,0.0,3,13.7,25.9,211,Overcast,1,1,
50527,2023-01-15 10:38:00,40.700916,-73.90035,0,0,Driver Inattention/Distraction,4597990,4.7,-2.1,0.0,0.0,0.0,0.0,3,29.5,53.6,354,Overcast,0,0,
50528,2023-01-15 16:30:00,40.73226,-74.003586,0,0,Passing or Lane Usage Improper,4597909,4.7,-2.1,0.0,0.0,0.0,0.0,3,29.5,53.6,354,Overcast,0,0,
50529,2022-12-10 16:45:00,40.815937,-73.909134,0,0,Backing Unsafely,4598453,4.8,-1.8,0.0,0.0,0.0,0.0,3,17.4,32.4,32,Overcast,0,0,
50530,2022-12-19 12:00:00,40.645164,-73.898346,2,0,Traffic Control Disregarded,4598523,3.4,-2.3,0.0,0.0,0.0,0.0,2,22.6,42.8,287,Partly cloudy,2,2,
50531,2023-01-15 06:00:00,40.832428,-73.8529,0,0,Unspecified,4598085,4.7,-2.1,0.0,0.0,0.0,0.0,3,29.5,53.6,354,Overcast,0,0,
50532,2023-01-15 03:52:00,40.861973,-73.84449,1,0,Other Vehicular,4598069,4.7,-2.1,0.0,0.0,0.0,0.0,3,29.5,53.6,354,Overcast,1,1,
50533,2023-01-15 15:25:00,40.83129,-73.92904,2,0,Driver Inattention/Distraction,4598189,4.7,-2.1,0.0,0.0,0.0,0.0,3,29.5,53.6,354,Overcast,2,2,
50534,2023-01-15 12:15:00,40.827812,-73.89189,0,0,Unspecified,4598361,4.7,-2.1,0.0,0.0,0.0,0.0,3,29.5,53.6,354,Overcast,0,0,
50535,2023-01-11 05:59:00,40.898594,-73.897095,0,0,Unspecified,4598553,3.3,-1.5,0.0,0.0,0.0,0.0,3,13.2,23.4,50,Overcast,0,0,
50536,2023-01-09 14:01:00,40.590305,-73.95265,1,0,Unspecified,4598376,6.9,0.6,1.7,0.9,0.56,5.0,73,17.2,32.0,282,Snow fall: Moderate,1,1,Snowy Conditions
50537,2021-10-23 01:25:00,40.77304,-73.83052,0,0,Unspecified,4471294,15.9,10.4,0.2,0.2,0.0,2.0,51,14.4,26.6,326,Drizzle: Light,0,0,
50538,2018-05-28 07:00:00,40.878643,-73.871605,1,0,Failure to Yield Right-of-Way,3912667,20.7,13.1,0.0,0.0,0.0,0.0,3,15.7,31.3,133,Overcast,1,1,
50539,2021-07-09 09:00:00,40.885387,-73.82641,0,0,Unspecified,4435923,29.8,22.0,35.0,35.0,0.0,14.0,63,31.0,55.8,341,Rain: Moderate,0,0,
50540,2021-10-06 00:01:00,40.839127,-73.87797,0,0,Passing or Lane Usage Improper,4471352,20.3,16.0,0.1,0.1,0.0,1.0,51,6.5,14.0,28,Drizzle: Light,0,0,
50541,2021-10-12 15:12:00,40.586777,-74.16835,0,0,Driver Inattention/Distraction,4471182,21.6,15.2,0.0,0.0,0.0,0.0,3,11.8,23.8,81,Overcast,0,0,
50542,2022-01-10 17:24:00,40.79505,-73.93317,1,0,Failure to Yield Right-of-Way,4493657,4.1,-4.3,0.0,0.0,0.0,0.0,3,24.1,44.3,295,Overcast,1,1,
50543,2022-01-13 09:00:00,40.719734,-73.78652,0,0,Driver Inattention/Distraction,4494225,7.1,-3.7,0.0,0.0,0.0,0.0,3,9.7,18.7,193,Overcast,0,0,
50544,2022-01-07 04:20:00,40.70936,-73.80805,1,0,Pavement Slippery,4492705,-0.0,-5.7,9.0,0.0,6.3,11.0,75,26.8,48.6,313,Snow fall: Heavy,1,1,Snowy Conditions
50545,2021-10-24 20:00:00,40.592762,-73.99257,0,0,Unspecified,4470919,15.5,7.6,0.7,0.7,0.0,1.0,53,13.0,23.8,248,Drizzle: Moderate,0,0,
50546,2023-01-15 10:37:00,40.862064,-73.89484,1,0,Driver Inattention/Distraction,4598157,4.7,-2.1,0.0,0.0,0.0,0.0,3,29.5,53.6,354,Overcast,1,1,
50547,2023-01-05 18:18:00,40.88082,-73.90344,1,0,Driver Inattention/Distraction,4598540,12.9,7.2,0.0,0.0,0.0,0.0,3,12.8,23.8,75,Overcast,1,1,
50548,2023-01-13 22:10:00,40.89091,-73.887215,0,0,Driver Inattention/Distraction,4598559,12.6,3.1,2.2,2.2,0.0,12.0,53,26.2,47.2,243,Drizzle: Moderate,0,0,
50549,2023-01-15 09:44:00,40.724102,-73.82265,0,0,Unsafe Speed,4598248,4.7,-2.1,0.0,0.0,0.0,0.0,3,29.5,53.6,354,Overcast,0,0,
50550,2023-01-17 19:10:00,40.542427,-74.14591,0,0,Failure to Yield Right-of-Way,4598574,7.1,-2.3,0.9,0.9,0.0,2.0,53,13.2,24.5,254,Drizzle: Moderate,0,0,
50551,2023-01-11 23:38:00,40.715885,-73.80607,3,0,Unspecified,4598951,3.3,-1.5,0.0,0.0,0.0,0.0,3,13.2,23.4,50,Overcast,3,3,
50552,2022-02-21 00:00:00,40.648083,-73.95099,0,0,Driver Inexperience,4504524,9.9,-1.9,0.0,0.0,0.0,0.0,3,19.2,35.3,192,Overcast,0,0,
50553,2022-02-21 11:20:00,40.58493,-73.95269,1,0,Reaction to Uninvolved Vehicle,4504525,9.9,-1.9,0.0,0.0,0.0,0.0,3,19.2,35.3,192,Overcast,1,1,
50554,2023-01-14 18:09:00,40.70969,-73.84603,0,0,Failure to Yield Right-of-Way,4598894,2.8,-0.9,0.0,0.0,0.0,0.0,3,25.6,45.7,351,Overcast,0,0,
50555,2023-01-17 07:30:00,40.839924,-73.93286,0,0,Unspecified,4598791,7.1,-2.3,0.9,0.9,0.0,2.0,53,13.2,24.5,254,Drizzle: Moderate,0,0,
50556,2021-12-12 04:15:00,40.740017,-73.84565,6,0,Unsafe Speed,4485965,13.0,3.4,0.5,0.5,0.0,1.0,53,32.4,62.6,284,Drizzle: Moderate,6,6,
50557,2022-01-16 17:49:00,40.741734,-73.881874,0,0,Unspecified,4495058,1.3,-13.5,4.4,0.7,2.59,4.0,75,28.1,47.2,36,Snow fall: Heavy,0,0,Snowy Conditions
50558,2022-01-16 00:40:00,40.81766,-73.93076,0,0,Unsafe Lane Changing,4495244,1.3,-13.5,4.4,0.7,2.59,4.0,75,28.1,47.2,36,Snow fall: Heavy,0,0,Snowy Conditions
50559,2022-01-16 22:50:00,40.724876,-73.975174,0,0,Passing or Lane Usage Improper,4495154,1.3,-13.5,4.4,0.7,2.59,4.0,75,28.1,47.2,36,Snow fall: Heavy,0,0,Snowy Conditions
50560,2022-01-12 20:37:00,40.760223,-73.957634,0,0,Driver Inattention/Distraction,4495571,4.6,-7.3,0.0,0.0,0.0,0.0,3,20.5,39.2,213,Overcast,0,0,
50561,2022-01-16 09:00:00,40.70381,-73.81364,0,0,Passing Too Closely,4495547,1.3,-13.5,4.4,0.7,2.59,4.0,75,28.1,47.2,36,Snow fall: Heavy,0,0,Snowy Conditions
50562,2022-01-16 00:07:00,40.71142,-73.95313,0,0,Driver Inattention/Distraction,4494739,1.3,-13.5,4.4,0.7,2.59,4.0,75,28.1,47.2,36,Snow fall: Heavy,0,0,Snowy Conditions
50563,2022-01-16 19:30:00,40.73656,-74.0011,0,0,Traffic Control Disregarded,4495109,1.3,-13.5,4.4,0.7,2.59,4.0,75,28.1,47.2,36,Snow fall: Heavy,0,0,Snowy Conditions
50564,2021-06-29 00:05:00,40.602894,-73.9404,1,0,Unspecified,4432045,33.4,24.0,0.7,0.7,0.0,4.0,51,19.5,40.0,231,Drizzle: Light,1,1,
50565,2021-07-04 14:40:00,40.575584,-73.96298,0,0,Driver Inattention/Distraction,4433825,24.6,15.8,1.4,1.4,0.0,12.0,51,11.8,27.0,299,Drizzle: Light,0,0,
50566,2021-07-03 02:29:00,40.869495,-73.85566,1,0,Driver Inattention/Distraction,4434271,19.3,16.6,16.1,16.1,0.0,20.0,63,24.0,47.2,43,Rain: Moderate,1,1,
50567,2021-07-04 23:45:00,40.603474,-73.978836,0,0,Unspecified,4434705,24.6,15.8,1.4,1.4,0.0,12.0,51,11.8,27.0,299,Drizzle: Light,0,0,
50568,2021-06-21 18:20:00,40.84377,-73.88956,0,0,Driver Inattention/Distraction,4436018,28.0,21.7,0.5,0.5,0.0,2.0,51,24.4,46.8,181,Drizzle: Light,0,0,
50569,2021-07-07 21:35:00,40.788986,-73.97407,1,0,Failure to Yield Right-of-Way,4435026,31.4,22.2,1.4,1.4,0.0,6.0,53,17.4,37.8,213,Drizzle: Moderate,1,1,
50570,2021-07-09 16:50:00,40.681675,-73.879135,0,0,Driver Inattention/Distraction,4435983,29.8,22.0,35.0,35.0,0.0,14.0,63,31.0,55.8,341,Rain: Moderate,0,0,
50571,2021-07-09 15:26:00,40.698605,-73.90943,0,0,Driver Inattention/Distraction,4435465,29.8,22.0,35.0,35.0,0.0,14.0,63,31.0,55.8,341,Rain: Moderate,0,0,
50572,2021-07-07 21:20:00,40.832695,-73.86367,0,0,Unsafe Speed,4435122,31.4,22.2,1.4,1.4,0.0,6.0,53,17.4,37.8,213,Drizzle: Moderate,0,0,
50573,2021-07-07 10:09:00,40.64485,-73.96002,1,0,Driver Inattention/Distraction,4435066,31.4,22.2,1.4,1.4,0.0,6.0,53,17.4,37.8,213,Drizzle: Moderate,1,1,
50574,2021-07-08 16:54:00,40.62685,-73.97643,0,0,Driver Inexperience,4435660,28.3,21.3,15.2,15.2,0.0,12.0,63,16.9,48.2,125,Rain: Moderate,0,0,
50575,2021-07-08 08:00:00,40.62701,-73.956635,0,0,Unspecified,4435443,28.3,21.3,15.2,15.2,0.0,12.0,63,16.9,48.2,125,Rain: Moderate,0,0,
50576,2021-07-08 07:03:00,40.669006,-73.99641,0,0,Driver Inattention/Distraction,4435422,28.3,21.3,15.2,15.2,0.0,12.0,63,16.9,48.2,125,Rain: Moderate,0,0,
50577,2021-07-09 11:20:00,40.655495,-73.88833,0,0,Unspecified,4435982,29.8,22.0,35.0,35.0,0.0,14.0,63,31.0,55.8,341,Rain: Moderate,0,0,
50578,2021-07-07 09:15:00,40.78377,-73.98391,0,0,Other Vehicular,4435324,31.4,22.2,1.4,1.4,0.0,6.0,53,17.4,37.8,213,Drizzle: Moderate,0,0,
50579,2021-07-06 18:20:00,40.617092,-73.97752,0,0,Driver Inattention/Distraction,4435649,33.6,21.9,2.1,2.1,0.0,4.0,61,21.8,49.7,231,Rain: Light,0,0,
50580,2021-07-08 00:40:00,40.652794,-73.946884,0,0,Driver Inattention/Distraction,4435299,28.3,21.3,15.2,15.2,0.0,12.0,63,16.9,48.2,125,Rain: Moderate,0,0,
50581,2021-06-23 19:40:00,40.702747,-73.86242,0,0,Unspecified,4435783,23.1,12.2,0.0,0.0,0.0,0.0,3,16.5,31.7,309,Overcast,0,0,
50582,2021-07-07 19:30:00,40.707283,-73.935905,0,0,Driver Inattention/Distraction,4435053,31.4,22.2,1.4,1.4,0.0,6.0,53,17.4,37.8,213,Drizzle: Moderate,0,0,
50583,2021-07-06 08:45:00,40.732822,-73.8684,1,0,Unspecified,4435662,33.6,21.9,2.1,2.1,0.0,4.0,61,21.8,49.7,231,Rain: Light,1,1,
50584,2021-07-09 13:33:00,40.61815,-73.95885,0,0,Driver Inattention/Distraction,4435448,29.8,22.0,35.0,35.0,0.0,14.0,63,31.0,55.8,341,Rain: Moderate,0,0,
50585,2021-07-04 11:15:00,40.652973,-73.94401,0,0,Driver Inattention/Distraction,4435523,24.6,15.8,1.4,1.4,0.0,12.0,51,11.8,27.0,299,Drizzle: Light,0,0,
50586,2021-07-07 18:00:00,40.82077,-73.95459,0,0,Driver Inattention/Distraction,4435170,31.4,22.2,1.4,1.4,0.0,6.0,53,17.4,37.8,213,Drizzle: Moderate,0,0,
50587,2021-07-09 18:30:00,40.748158,-73.85406,1,0,Driver Inattention/Distraction,4435728,29.8,22.0,35.0,35.0,0.0,14.0,63,31.0,55.8,341,Rain: Moderate,1,1,
50588,2021-07-09 04:15:00,40.756317,-73.83369,0,0,Turning Improperly,4435835,29.8,22.0,35.0,35.0,0.0,14.0,63,31.0,55.8,341,Rain: Moderate,0,0,
50589,2021-07-07 23:26:00,40.669167,-73.85106,0,0,Passing or Lane Usage Improper,4435085,31.4,22.2,1.4,1.4,0.0,6.0,53,17.4,37.8,213,Drizzle: Moderate,0,0,
50590,2021-07-07 18:20:00,40.730274,-73.79263,0,0,Unspecified,4435259,31.4,22.2,1.4,1.4,0.0,6.0,53,17.4,37.8,213,Drizzle: Moderate,0,0,
50591,2021-07-08 17:47:00,40.586117,-73.93604,0,0,Driver Inattention/Distraction,4435359,28.3,21.3,15.2,15.2,0.0,12.0,63,16.9,48.2,125,Rain: Moderate,0,0,
50592,2021-07-07 17:51:00,40.772877,-73.993416,0,0,Failure to Yield Right-of-Way,4435395,31.4,22.2,1.4,1.4,0.0,6.0,53,17.4,37.8,213,Drizzle: Moderate,0,0,
50593,2021-07-07 07:00:00,40.7358,-73.98357,0,0,Reaction to Uninvolved Vehicle,4434842,31.4,22.2,1.4,1.4,0.0,6.0,53,17.4,37.8,213,Drizzle: Moderate,0,0,
50594,2021-07-06 23:00:00,40.628002,-73.918175,0,0,Unspecified,4435582,33.6,21.9,2.1,2.1,0.0,4.0,61,21.8,49.7,231,Rain: Light,0,0,
50595,2021-07-07 17:48:00,40.613388,-73.995995,0,0,Driver Inattention/Distraction,4435092,31.4,22.2,1.4,1.4,0.0,6.0,53,17.4,37.8,213,Drizzle: Moderate,0,0,
50596,2021-07-08 16:15:00,40.757008,-73.96388,0,0,Driver Inattention/Distraction,4435320,28.3,21.3,15.2,15.2,0.0,12.0,63,16.9,48.2,125,Rain: Moderate,0,0,
50597,2021-07-07 14:25:00,40.722786,-74.00966,0,0,Reaction to Uninvolved Vehicle,4435481,31.4,22.2,1.4,1.4,0.0,6.0,53,17.4,37.8,213,Drizzle: Moderate,0,0,
50598,2021-07-09 12:45:00,40.76856,-73.906975,0,0,Reaction to Uninvolved Vehicle,4435710,29.8,22.0,35.0,35.0,0.0,14.0,63,31.0,55.8,341,Rain: Moderate,0,0,
50599,2021-07-07 22:50:00,40.63555,-73.944046,1,0,Driver Inexperience,4435349,31.4,22.2,1.4,1.4,0.0,6.0,53,17.4,37.8,213,Drizzle: Moderate,1,1,
50600,2021-07-07 23:50:00,40.675735,-73.89686,1,0,Passing or Lane Usage Improper,4435227,31.4,22.2,1.4,1.4,0.0,6.0,53,17.4,37.8,213,Drizzle: Moderate,1,1,
50601,2021-07-03 02:00:00,40.843597,-73.90587,0,0,Unspecified,4435889,19.3,16.6,16.1,16.1,0.0,20.0,63,24.0,47.2,43,Rain: Moderate,0,0,
50602,2021-07-07 10:15:00,40.724606,-74.00287,0,0,Unspecified,4434884,31.4,22.2,1.4,1.4,0.0,6.0,53,17.4,37.8,213,Drizzle: Moderate,0,0,
50603,2021-07-09 23:25:00,40.665596,-73.98266,1,0,Other Vehicular,4435488,29.8,22.0,35.0,35.0,0.0,14.0,63,31.0,55.8,341,Rain: Moderate,1,1,
50604,2021-07-09 09:36:00,40.666084,-73.9889,1,0,Passing Too Closely,4435487,29.8,22.0,35.0,35.0,0.0,14.0,63,31.0,55.8,341,Rain: Moderate,1,1,
50605,2021-07-07 18:05:00,40.8666,-73.895454,1,0,Failure to Yield Right-of-Way,4434996,31.4,22.2,1.4,1.4,0.0,6.0,53,17.4,37.8,213,Drizzle: Moderate,1,1,
50606,2021-07-02 15:57:00,40.640724,-73.883446,0,0,Unspecified,4435747,24.3,19.2,29.6,29.6,0.0,23.0,63,14.1,27.7,284,Rain: Moderate,0,0,
50607,2021-07-09 08:57:00,40.69098,-73.889084,0,0,Unspecified,4435776,29.8,22.0,35.0,35.0,0.0,14.0,63,31.0,55.8,341,Rain: Moderate,0,0,
50608,2021-07-07 23:20:00,40.808903,-73.93835,0,0,Traffic Control Disregarded,4435128,31.4,22.2,1.4,1.4,0.0,6.0,53,17.4,37.8,213,Drizzle: Moderate,0,0,
50609,2021-07-05 19:40:00,40.626442,-74.08132,0,0,Driver Inattention/Distraction,4435653,26.4,17.3,0.7,0.7,0.0,2.0,53,18.8,34.6,142,Drizzle: Moderate,0,0,
50610,2021-07-09 15:30:00,40.830242,-73.9497,1,0,Unspecified,4435431,29.8,22.0,35.0,35.0,0.0,14.0,63,31.0,55.8,341,Rain: Moderate,1,1,
50611,2021-07-09 19:50:00,40.66147,-73.98613,3,0,Other Vehicular,4435758,29.8,22.0,35.0,35.0,0.0,14.0,63,31.0,55.8,341,Rain: Moderate,3,3,
50612,2021-07-08 03:15:00,40.743317,-73.731384,0,0,View Obstructed/Limited,4435146,28.3,21.3,15.2,15.2,0.0,12.0,63,16.9,48.2,125,Rain: Moderate,0,0,
50613,2021-07-08 03:57:00,40.58876,-73.94718,1,0,Failure to Yield Right-of-Way,4435174,28.3,21.3,15.2,15.2,0.0,12.0,63,16.9,48.2,125,Rain: Moderate,1,1,
50614,2021-07-09 16:30:00,40.699993,-73.99099,1,0,Illnes,4435512,29.8,22.0,35.0,35.0,0.0,14.0,63,31.0,55.8,341,Rain: Moderate,1,1,
50615,2021-07-07 20:25:00,40.8165,-73.946556,1,0,Turning Improperly,4435191,31.4,22.2,1.4,1.4,0.0,6.0,53,17.4,37.8,213,Drizzle: Moderate,1,1,
50616,2021-07-07 11:46:00,40.761856,-73.96343,0,0,Oversized Vehicle,4434972,31.4,22.2,1.4,1.4,0.0,6.0,53,17.4,37.8,213,Drizzle: Moderate,0,0,
50617,2021-07-09 07:20:00,40.650856,-73.9486,1,0,Failure to Yield Right-of-Way,4435535,29.8,22.0,35.0,35.0,0.0,14.0,63,31.0,55.8,341,Rain: Moderate,1,1,
50618,2021-07-07 10:15:00,40.588387,-73.94348,0,0,Unspecified,4434928,31.4,22.2,1.4,1.4,0.0,6.0,53,17.4,37.8,213,Drizzle: Moderate,0,0,
50619,2021-07-08 08:50:00,40.666893,-73.80546,4,0,Failure to Yield Right-of-Way,4435387,28.3,21.3,15.2,15.2,0.0,12.0,63,16.9,48.2,125,Rain: Moderate,4,4,
50620,2022-01-16 00:25:00,40.732277,-73.84927,0,0,Unspecified,4495411,1.3,-13.5,4.4,0.7,2.59,4.0,75,28.1,47.2,36,Snow fall: Heavy,0,0,Snowy Conditions
50621,2021-07-09 17:10:00,40.78866,-73.778625,0,0,Following Too Closely,4435796,29.8,22.0,35.0,35.0,0.0,14.0,63,31.0,55.8,341,Rain: Moderate,0,0,
50622,2021-07-07 12:30:00,40.740707,-73.813095,0,0,Following Too Closely,4435568,31.4,22.2,1.4,1.4,0.0,6.0,53,17.4,37.8,213,Drizzle: Moderate,0,0,
50623,2021-07-07 13:45:00,40.60594,-73.97929,1,0,Fatigued/Drowsy,4434961,31.4,22.2,1.4,1.4,0.0,6.0,53,17.4,37.8,213,Drizzle: Moderate,1,1,
50624,2021-07-07 07:03:00,40.887737,-73.86755,1,0,Turning Improperly,4434930,31.4,22.2,1.4,1.4,0.0,6.0,53,17.4,37.8,213,Drizzle: Moderate,1,1,
50625,2021-07-09 22:55:00,40.63342,-74.15812,1,0,Driver Inattention/Distraction,4436026,29.8,22.0,35.0,35.0,0.0,14.0,63,31.0,55.8,341,Rain: Moderate,1,1,
50626,2021-07-08 15:30:00,40.711628,-73.729385,0,0,Unsafe Speed,4435333,28.3,21.3,15.2,15.2,0.0,12.0,63,16.9,48.2,125,Rain: Moderate,0,0,
50627,2021-07-09 15:22:00,40.85187,-73.853775,1,0,Driver Inattention/Distraction,4435492,29.8,22.0,35.0,35.0,0.0,14.0,63,31.0,55.8,341,Rain: Moderate,1,1,
50628,2021-07-07 06:45:00,40.781273,-73.976006,0,0,Passing Too Closely,4434991,31.4,22.2,1.4,1.4,0.0,6.0,53,17.4,37.8,213,Drizzle: Moderate,0,0,
50629,2021-07-07 11:35:00,40.748875,-73.71463,0,0,Unspecified,4434900,31.4,22.2,1.4,1.4,0.0,6.0,53,17.4,37.8,213,Drizzle: Moderate,0,0,
50630,2021-07-09 22:58:00,40.767887,-73.802025,1,0,Using On Board Navigation Device,4435806,29.8,22.0,35.0,35.0,0.0,14.0,63,31.0,55.8,341,Rain: Moderate,1,1,
50631,2021-07-07 11:57:00,40.617588,-73.96382,0,0,Passing or Lane Usage Improper,4435189,31.4,22.2,1.4,1.4,0.0,6.0,53,17.4,37.8,213,Drizzle: Moderate,0,0,