,CRASH DATETIME,LATITUDE,LONGITUDE,NUMBER OF PERSONS INJURED,NUMBER OF PERSONS KILLED,CONTRIBUTING FACTOR VEHICLE 1,COLLISION_ID,temperature_2m_max,temperature_2m_min,precipitation_sum,rain_sum,snowfall_sum,precipitation_hours,weather_code,wind_speed_10m_max,wind_gusts_10m_max,wind_direction_10m_dominant,Weather Description,Severity_Score,Total_Affected_Persons,Weather_Category
50632,2021-07-09 11:00:00,40.841698,-73.89151,0,0,Driver Inattention/Distraction,4435474,29.8,22.0,35.0,35.0,0.0,14.0,63,31.0,55.8,341,Rain: Moderate,0,0,
50633,2021-07-07 10:30:00,40.77077,-73.91727,0,0,Unspecified,4435703,31.4,22.2,1.4,1.4,0.0,6.0,53,17.4,37.8,213,Drizzle: Moderate,0,0,
50634,2021-07-07 17:00:00,40.67236,-73.82032,1,0,Driver Inattention/Distraction,4435079,31.4,22.2,1.4,1.4,0.0,6.0,53,17.4,37.8,213,Drizzle: Moderate,1,1,
50635,2021-07-09 17:37:00,40.708763,-73.998116,1,0,Driver Inattention/Distraction,4435854,29.8,22.0,35.0,35.0,0.0,14.0,63,31.0,55.8,341,Rain: Moderate,1,1,
50636,2021-07-09 16:05:00,40.84768,-73.91237,0,0,Unspecified,4435953,29.8,22.0,35.0,35.0,0.0,14.0,63,31.0,55.8,341,Rain: Moderate,0,0,
50637,2021-07-07 18:00:00,40.69987,-73.94043,0,0,Driver Inattention/Distraction,4435107,31.4,22.2,1.4,1.4,0.0,6.0,53,17.4,37.8,213,Drizzle: Moderate,0,0,
50638,2021-07-07 08:54:00,40.608974,-73.75494,0,0,Animals Action,4435440,31.4,22.2,1.4,1.4,0.0,6.0,53,17.4,37.8,213,Drizzle: Moderate,0,0,
50639,2021-07-09 20:45:00,40.862755,-73.901085,1,0,Driver Inattention/Distraction,4435454,29.8,22.0,35.0,35.0,0.0,14.0,63,31.0,55.8,341,Rain: Moderate,1,1,
50640,2021-07-08 08:20:00,40.832897,-73.862274,2,0,Unspecified,4435220,28.3,21.3,15.2,15.2,0.0,12.0,63,16.9,48.2,125,Rain: Moderate,2,2,
50641,2021-07-07 08:20:00,40.671642,-73.96258,0,0,Driver Inattention/Distraction,4435763,31.4,22.2,1.4,1.4,0.0,6.0,53,17.4,37.8,213,Drizzle: Moderate,0,0,
50642,2021-07-09 12:30:00,40.708763,-73.998116,0,0,Driver Inattention/Distraction,4435631,29.8,22.0,35.0,35.0,0.0,14.0,63,31.0,55.8,341,Rain: Moderate,0,0,
50643,2021-07-08 09:44:00,40.768646,-73.96983,1,0,Other Vehicular,4435154,28.3,21.3,15.2,15.2,0.0,12.0,63,16.9,48.2,125,Rain: Moderate,1,1,
50644,2021-07-09 10:14:00,40.710754,-73.917435,0,0,Backing Unsafely,4435789,29.8,22.0,35.0,35.0,0.0,14.0,63,31.0,55.8,341,Rain: Moderate,0,0,
50645,2021-07-09 18:00:00,40.666443,-73.90026,1,0,Brakes Defective,4435996,29.8,22.0,35.0,35.0,0.0,14.0,63,31.0,55.8,341,Rain: Moderate,1,1,
50646,2021-07-07 12:45:00,40.743275,-73.77572,0,0,Driver Inattention/Distraction,4435203,31.4,22.2,1.4,1.4,0.0,6.0,53,17.4,37.8,213,Drizzle: Moderate,0,0,
50647,2021-07-07 13:05:00,40.586414,-74.092186,0,0,Unspecified,4434916,31.4,22.2,1.4,1.4,0.0,6.0,53,17.4,37.8,213,Drizzle: Moderate,0,0,
50648,2021-07-09 05:50:00,40.638786,-73.94538,1,0,Failure to Yield Right-of-Way,4435546,29.8,22.0,35.0,35.0,0.0,14.0,63,31.0,55.8,341,Rain: Moderate,1,1,
50649,2021-07-07 09:05:00,40.69358,-73.98176,0,0,Unspecified,4434979,31.4,22.2,1.4,1.4,0.0,6.0,53,17.4,37.8,213,Drizzle: Moderate,0,0,
50650,2021-07-07 13:31:00,40.60553,-73.92917,1,0,Unspecified,4435058,31.4,22.2,1.4,1.4,0.0,6.0,53,17.4,37.8,213,Drizzle: Moderate,1,1,
50651,2021-07-02 05:20:00,40.837864,-73.9114,2,0,Unsafe Speed,4435905,24.3,19.2,29.6,29.6,0.0,23.0,63,14.1,27.7,284,Rain: Moderate,2,2,
50652,2021-07-08 19:29:00,40.87627,-73.888084,0,0,Unspecified,4435368,28.3,21.3,15.2,15.2,0.0,12.0,63,16.9,48.2,125,Rain: Moderate,0,0,
50653,2021-07-09 01:38:00,40.643425,-73.94588,2,0,Unsafe Speed,4435532,29.8,22.0,35.0,35.0,0.0,14.0,63,31.0,55.8,341,Rain: Moderate,2,2,
50654,2021-07-07 17:00:00,40.663845,-73.994514,0,0,Failure to Yield Right-of-Way,4435414,31.4,22.2,1.4,1.4,0.0,6.0,53,17.4,37.8,213,Drizzle: Moderate,0,0,
50655,2021-07-08 02:30:00,40.827656,-73.8861,0,0,Unsafe Speed,4435144,28.3,21.3,15.2,15.2,0.0,12.0,63,16.9,48.2,125,Rain: Moderate,0,0,
50656,2021-07-07 16:18:00,40.858986,-73.89382,0,0,Turning Improperly,4435290,31.4,22.2,1.4,1.4,0.0,6.0,53,17.4,37.8,213,Drizzle: Moderate,0,0,
50657,2021-07-07 15:40:00,40.69733,-73.78456,0,0,Unspecified,4435375,31.4,22.2,1.4,1.4,0.0,6.0,53,17.4,37.8,213,Drizzle: Moderate,0,0,
50658,2021-07-07 17:05:00,40.77812,-73.81743,2,0,Passing Too Closely,4435580,31.4,22.2,1.4,1.4,0.0,6.0,53,17.4,37.8,213,Drizzle: Moderate,2,2,
50659,2021-07-07 14:15:00,40.752117,-73.96475,0,0,Driver Inattention/Distraction,4435000,31.4,22.2,1.4,1.4,0.0,6.0,53,17.4,37.8,213,Drizzle: Moderate,0,0,
50660,2021-07-07 00:00:00,40.84787,-73.93641,0,0,Unspecified,4435405,31.4,22.2,1.4,1.4,0.0,6.0,53,17.4,37.8,213,Drizzle: Moderate,0,0,
50661,2021-07-07 08:30:00,40.718304,-73.987404,1,0,Driver Inattention/Distraction,4435040,31.4,22.2,1.4,1.4,0.0,6.0,53,17.4,37.8,213,Drizzle: Moderate,1,1,
50662,2021-07-08 09:35:00,40.81751,-73.96069,2,0,Following Too Closely,4435339,28.3,21.3,15.2,15.2,0.0,12.0,63,16.9,48.2,125,Rain: Moderate,2,2,
50663,2021-07-07 02:23:00,40.815823,-73.84729,0,0,Alcohol Involvement,4434947,31.4,22.2,1.4,1.4,0.0,6.0,53,17.4,37.8,213,Drizzle: Moderate,0,0,
50664,2021-07-07 17:00:00,40.711857,-73.78744,0,0,Following Too Closely,4435258,31.4,22.2,1.4,1.4,0.0,6.0,53,17.4,37.8,213,Drizzle: Moderate,0,0,
50665,2021-07-06 14:20:00,40.6354,-74.106674,0,0,Unspecified,4435656,33.6,21.9,2.1,2.1,0.0,4.0,61,21.8,49.7,231,Rain: Light,0,0,
50666,2021-07-08 16:43:00,40.730553,-73.98481,0,0,Aggressive Driving/Road Rage,4435680,28.3,21.3,15.2,15.2,0.0,12.0,63,16.9,48.2,125,Rain: Moderate,0,0,
50667,2021-07-08 04:25:00,40.708504,-73.83071,0,0,Unsafe Speed,4435164,28.3,21.3,15.2,15.2,0.0,12.0,63,16.9,48.2,125,Rain: Moderate,0,0,
50668,2021-07-08 11:11:00,40.587418,-73.95936,1,0,Brakes Defective,4435179,28.3,21.3,15.2,15.2,0.0,12.0,63,16.9,48.2,125,Rain: Moderate,1,1,
50669,2022-01-16 09:38:00,40.658318,-73.90516,0,0,Unspecified,4495183,1.3,-13.5,4.4,0.7,2.59,4.0,75,28.1,47.2,36,Snow fall: Heavy,0,0,Snowy Conditions
50670,2021-07-03 19:53:00,40.822308,-73.93859,1,0,Pedestrian/Bicyclist/Other Pedestrian Error/Confusion,4435410,19.3,16.6,16.1,16.1,0.0,20.0,63,24.0,47.2,43,Rain: Moderate,1,1,
50671,2021-07-08 22:38:00,40.61659,-73.96363,0,0,Glare,4435967,28.3,21.3,15.2,15.2,0.0,12.0,63,16.9,48.2,125,Rain: Moderate,0,0,
50672,2021-07-07 22:00:00,40.668667,-73.868324,0,0,Unspecified,4435238,31.4,22.2,1.4,1.4,0.0,6.0,53,17.4,37.8,213,Drizzle: Moderate,0,0,
50673,2021-07-09 22:05:00,40.851807,-73.90683,0,0,Unspecified,4436019,29.8,22.0,35.0,35.0,0.0,14.0,63,31.0,55.8,341,Rain: Moderate,0,0,
50674,2021-07-07 14:00:00,40.826103,-73.89536,0,0,Passing Too Closely,4435328,31.4,22.2,1.4,1.4,0.0,6.0,53,17.4,37.8,213,Drizzle: Moderate,0,0,
50675,2021-07-09 17:00:00,40.737976,-73.8837,1,0,Aggressive Driving/Road Rage,4435666,29.8,22.0,35.0,35.0,0.0,14.0,63,31.0,55.8,341,Rain: Moderate,1,1,
50676,2021-07-08 01:38:00,40.62204,-74.02574,0,0,Failure to Keep Right,4435075,28.3,21.3,15.2,15.2,0.0,12.0,63,16.9,48.2,125,Rain: Moderate,0,0,
50677,2021-07-08 13:50:00,40.696198,-73.98877,1,0,Reaction to Uninvolved Vehicle,4435308,28.3,21.3,15.2,15.2,0.0,12.0,63,16.9,48.2,125,Rain: Moderate,1,1,
50678,2021-07-07 18:55:00,40.852398,-73.86662,0,0,Reaction to Uninvolved Vehicle,4435095,31.4,22.2,1.4,1.4,0.0,6.0,53,17.4,37.8,213,Drizzle: Moderate,0,0,
50679,2021-07-09 16:00:00,40.771477,-73.91824,0,0,Driver Inattention/Distraction,4435713,29.8,22.0,35.0,35.0,0.0,14.0,63,31.0,55.8,341,Rain: Moderate,0,0,
50680,2021-07-08 17:58:00,40.64485,-73.96002,1,0,Failure to Yield Right-of-Way,4435444,28.3,21.3,15.2,15.2,0.0,12.0,63,16.9,48.2,125,Rain: Moderate,1,1,
50681,2021-05-11 15:50:00,40.697887,-73.99461,0,0,Passing Too Closely,4435816,16.7,8.2,0.0,0.0,0.0,0.0,3,27.0,51.1,292,Overcast,0,0,
50682,2021-07-07 17:40:00,40.63328,-73.8905,0,0,Unspecified,4435049,31.4,22.2,1.4,1.4,0.0,6.0,53,17.4,37.8,213,Drizzle: Moderate,0,0,
50683,2021-07-09 23:50:00,40.6321,-73.946884,1,0,Unspecified,4435449,29.8,22.0,35.0,35.0,0.0,14.0,63,31.0,55.8,341,Rain: Moderate,1,1,
50684,2021-07-08 12:00:00,40.733498,-73.87038,0,0,Unspecified,4435661,28.3,21.3,15.2,15.2,0.0,12.0,63,16.9,48.2,125,Rain: Moderate,0,0,
50685,2021-07-09 11:05:00,40.76649,-73.95696,0,0,Unspecified,4435896,29.8,22.0,35.0,35.0,0.0,14.0,63,31.0,55.8,341,Rain: Moderate,0,0,
50686,2021-07-07 17:15:00,40.54534,-74.160576,0,0,Driver Inattention/Distraction,4435134,31.4,22.2,1.4,1.4,0.0,6.0,53,17.4,37.8,213,Drizzle: Moderate,0,0,
50687,2021-07-07 10:00:00,40.682915,-73.94674,0,0,Driver Inattention/Distraction,4435502,31.4,22.2,1.4,1.4,0.0,6.0,53,17.4,37.8,213,Drizzle: Moderate,0,0,
50688,2021-07-08 23:25:00,40.740894,-73.89961,1,0,Driver Inattention/Distraction,4435363,28.3,21.3,15.2,15.2,0.0,12.0,63,16.9,48.2,125,Rain: Moderate,1,1,
50689,2021-07-07 18:48:00,40.627956,-74.00165,0,0,Driver Inattention/Distraction,4435015,31.4,22.2,1.4,1.4,0.0,6.0,53,17.4,37.8,213,Drizzle: Moderate,0,0,
50690,2021-07-09 16:05:00,40.685806,-73.86782,0,0,Unspecified,4435992,29.8,22.0,35.0,35.0,0.0,14.0,63,31.0,55.8,341,Rain: Moderate,0,0,
50691,2021-07-08 02:09:00,40.865593,-73.91811,0,0,Unspecified,4435271,28.3,21.3,15.2,15.2,0.0,12.0,63,16.9,48.2,125,Rain: Moderate,0,0,
50692,2021-07-07 16:26:00,40.804695,-73.92239,0,0,Backing Unsafely,4435379,31.4,22.2,1.4,1.4,0.0,6.0,53,17.4,37.8,213,Drizzle: Moderate,0,0,
50693,2021-07-09 00:00:00,40.74925,-73.916534,1,0,Driver Inattention/Distraction,4435603,29.8,22.0,35.0,35.0,0.0,14.0,63,31.0,55.8,341,Rain: Moderate,1,1,
50694,2021-07-07 22:30:00,40.660656,-73.885796,0,0,Driver Inattention/Distraction,4435114,31.4,22.2,1.4,1.4,0.0,6.0,53,17.4,37.8,213,Drizzle: Moderate,0,0,
50695,2021-07-09 05:30:00,40.766617,-73.8389,0,0,Passing Too Closely,4435501,29.8,22.0,35.0,35.0,0.0,14.0,63,31.0,55.8,341,Rain: Moderate,0,0,
50696,2021-07-07 18:20:00,40.70483,-73.96633,0,0,Passing or Lane Usage Improper,4435054,31.4,22.2,1.4,1.4,0.0,6.0,53,17.4,37.8,213,Drizzle: Moderate,0,0,
50697,2021-07-07 12:00:00,40.740356,-73.99046,0,0,Backing Unsafely,4435115,31.4,22.2,1.4,1.4,0.0,6.0,53,17.4,37.8,213,Drizzle: Moderate,0,0,
50698,2021-07-05 05:00:00,40.643303,-73.9478,0,0,Unspecified,4435526,26.4,17.3,0.7,0.7,0.0,2.0,53,18.8,34.6,142,Drizzle: Moderate,0,0,
50699,2021-07-07 23:15:00,40.68714,-73.80801,1,0,Passing or Lane Usage Improper,4435086,31.4,22.2,1.4,1.4,0.0,6.0,53,17.4,37.8,213,Drizzle: Moderate,1,1,
50700,2021-07-08 14:25:00,40.730286,-73.85852,0,0,Passing Too Closely,4435316,28.3,21.3,15.2,15.2,0.0,12.0,63,16.9,48.2,125,Rain: Moderate,0,0,
50701,2021-07-06 19:56:00,40.770897,-73.80349,0,0,Unspecified,4435559,33.6,21.9,2.1,2.1,0.0,4.0,61,21.8,49.7,231,Rain: Light,0,0,
50702,2021-07-07 04:28:00,40.835087,-73.82538,1,0,Unspecified,4434783,31.4,22.2,1.4,1.4,0.0,6.0,53,17.4,37.8,213,Drizzle: Moderate,1,1,
50703,2021-07-08 06:45:00,40.87931,-73.90314,0,0,Driver Inattention/Distraction,4435343,28.3,21.3,15.2,15.2,0.0,12.0,63,16.9,48.2,125,Rain: Moderate,0,0,
50704,2021-07-02 21:00:00,40.58566,-73.81729,1,0,Driver Inattention/Distraction,4435706,24.3,19.2,29.6,29.6,0.0,23.0,63,14.1,27.7,284,Rain: Moderate,1,1,
50705,2021-07-07 11:30:00,40.67881,-73.920685,0,0,Driver Inattention/Distraction,4435733,31.4,22.2,1.4,1.4,0.0,6.0,53,17.4,37.8,213,Drizzle: Moderate,0,0,
50706,2021-07-07 15:00:00,40.763115,-73.99966,0,0,Unsafe Lane Changing,4435401,31.4,22.2,1.4,1.4,0.0,6.0,53,17.4,37.8,213,Drizzle: Moderate,0,0,
50707,2021-07-07 16:10:00,40.752216,-73.948814,0,0,Driver Inattention/Distraction,4435036,31.4,22.2,1.4,1.4,0.0,6.0,53,17.4,37.8,213,Drizzle: Moderate,0,0,
50708,2021-07-07 17:15:00,40.681396,-73.887886,0,0,Unspecified,4435232,31.4,22.2,1.4,1.4,0.0,6.0,53,17.4,37.8,213,Drizzle: Moderate,0,0,
50709,2021-07-07 18:15:00,40.761665,-73.97492,0,0,Driver Inattention/Distraction,4435394,31.4,22.2,1.4,1.4,0.0,6.0,53,17.4,37.8,213,Drizzle: Moderate,0,0,
50710,2021-07-08 16:00:00,40.841877,-73.91796,0,0,Obstruction/Debris,4435378,28.3,21.3,15.2,15.2,0.0,12.0,63,16.9,48.2,125,Rain: Moderate,0,0,
50711,2021-07-08 14:02:00,40.756203,-73.97165,0,0,Driver Inattention/Distraction,4435296,28.3,21.3,15.2,15.2,0.0,12.0,63,16.9,48.2,125,Rain: Moderate,0,0,
50712,2021-07-02 18:48:00,40.65965,-73.950516,1,0,Driver Inattention/Distraction,4435600,24.3,19.2,29.6,29.6,0.0,23.0,63,14.1,27.7,284,Rain: Moderate,1,1,
50713,2021-07-07 06:52:00,40.67538,-73.9082,0,0,Unspecified,4434849,31.4,22.2,1.4,1.4,0.0,6.0,53,17.4,37.8,213,Drizzle: Moderate,0,0,
50714,2021-07-07 20:02:00,40.5763,-73.96854,0,0,Passing Too Closely,4435322,31.4,22.2,1.4,1.4,0.0,6.0,53,17.4,37.8,213,Drizzle: Moderate,0,0,
50715,2021-07-07 09:20:00,40.665916,-73.92547,1,0,Driver Inattention/Distraction,4435011,31.4,22.2,1.4,1.4,0.0,6.0,53,17.4,37.8,213,Drizzle: Moderate,1,1,
50716,2021-07-09 11:57:00,40.84519,-73.89066,3,0,Turning Improperly,4435482,29.8,22.0,35.0,35.0,0.0,14.0,63,31.0,55.8,341,Rain: Moderate,3,3,
50717,2021-07-07 05:00:00,40.66669,-73.81173,0,0,Passing or Lane Usage Improper,4435087,31.4,22.2,1.4,1.4,0.0,6.0,53,17.4,37.8,213,Drizzle: Moderate,0,0,
50718,2021-07-09 15:59:00,40.767437,-73.92063,1,0,Backing Unsafely,4435711,29.8,22.0,35.0,35.0,0.0,14.0,63,31.0,55.8,341,Rain: Moderate,1,1,
50719,2021-07-08 07:49:00,40.64664,-73.9246,1,0,Driver Inexperience,4435350,28.3,21.3,15.2,15.2,0.0,12.0,63,16.9,48.2,125,Rain: Moderate,1,1,
50720,2021-07-08 17:55:00,40.687077,-73.92355,1,0,Pedestrian/Bicyclist/Other Pedestrian Error/Confusion,4435738,28.3,21.3,15.2,15.2,0.0,12.0,63,16.9,48.2,125,Rain: Moderate,1,1,
50721,2021-06-25 17:00:00,40.70327,-73.86143,1,0,Unspecified,4435770,24.7,15.6,0.0,0.0,0.0,0.0,3,20.9,41.0,144,Overcast,1,1,
50722,2021-07-08 00:15:00,40.67677,-73.88949,0,0,Unspecified,4435226,28.3,21.3,15.2,15.2,0.0,12.0,63,16.9,48.2,125,Rain: Moderate,0,0,
50723,2021-07-09 13:35:00,40.66636,-73.97872,0,0,Unspecified,4435484,29.8,22.0,35.0,35.0,0.0,14.0,63,31.0,55.8,341,Rain: Moderate,0,0,
50724,2021-07-08 11:00:00,40.76268,-73.77052,0,0,Driver Inattention/Distraction,4435270,28.3,21.3,15.2,15.2,0.0,12.0,63,16.9,48.2,125,Rain: Moderate,0,0,
50725,2021-07-09 16:45:00,40.69644,-73.92228,0,0,Driver Inattention/Distraction,4435466,29.8,22.0,35.0,35.0,0.0,14.0,63,31.0,55.8,341,Rain: Moderate,0,0,
50726,2021-07-07 18:15:00,40.648,-73.95813,0,0,Unsafe Speed,4435068,31.4,22.2,1.4,1.4,0.0,6.0,53,17.4,37.8,213,Drizzle: Moderate,0,0,
50727,2021-07-07 14:28:00,40.662296,-73.98874,1,0,Unspecified,4435423,31.4,22.2,1.4,1.4,0.0,6.0,53,17.4,37.8,213,Drizzle: Moderate,1,1,
50728,2021-07-08 17:44:00,40.685936,-73.82403,2,0,Turning Improperly,4435388,28.3,21.3,15.2,15.2,0.0,12.0,63,16.9,48.2,125,Rain: Moderate,2,2,
50729,2021-07-08 09:08:00,40.586716,-73.911194,0,0,Unspecified,4435337,28.3,21.3,15.2,15.2,0.0,12.0,63,16.9,48.2,125,Rain: Moderate,0,0,
50730,2021-07-07 15:08:00,40.59514,-73.754,0,0,Driver Inattention/Distraction,4435445,31.4,22.2,1.4,1.4,0.0,6.0,53,17.4,37.8,213,Drizzle: Moderate,0,0,
50731,2021-07-07 11:10:00,40.740982,-73.946304,0,0,Driver Inattention/Distraction,4434936,31.4,22.2,1.4,1.4,0.0,6.0,53,17.4,37.8,213,Drizzle: Moderate,0,0,
50732,2021-07-07 15:10:00,40.60386,-74.00979,0,0,Unspecified,4434963,31.4,22.2,1.4,1.4,0.0,6.0,53,17.4,37.8,213,Drizzle: Moderate,0,0,
50733,2021-07-09 09:00:00,40.584873,-73.940926,0,0,Failure to Yield Right-of-Way,4435890,29.8,22.0,35.0,35.0,0.0,14.0,63,31.0,55.8,341,Rain: Moderate,0,0,
50734,2021-07-07 20:30:00,40.68874,-73.83704,0,0,Backing Unsafely,4435159,31.4,22.2,1.4,1.4,0.0,6.0,53,17.4,37.8,213,Drizzle: Moderate,0,0,
50735,2021-07-06 10:15:00,40.69862,-73.894585,0,0,Unspecified,4435792,33.6,21.9,2.1,2.1,0.0,4.0,61,21.8,49.7,231,Rain: Light,0,0,
50736,2021-07-09 16:00:00,40.59142,-74.08471,2,0,Failure to Yield Right-of-Way,4435495,29.8,22.0,35.0,35.0,0.0,14.0,63,31.0,55.8,341,Rain: Moderate,2,2,
50737,2021-07-09 04:12:00,40.694794,-73.98246,0,0,Unspecified,4435383,29.8,22.0,35.0,35.0,0.0,14.0,63,31.0,55.8,341,Rain: Moderate,0,0,
50738,2021-07-07 02:30:00,40.813564,-73.951324,0,0,Oversized Vehicle,4435030,31.4,22.2,1.4,1.4,0.0,6.0,53,17.4,37.8,213,Drizzle: Moderate,0,0,
50739,2021-07-07 23:15:00,40.73432,-73.79665,0,0,Unspecified,4435213,31.4,22.2,1.4,1.4,0.0,6.0,53,17.4,37.8,213,Drizzle: Moderate,0,0,
50740,2021-06-29 19:08:00,40.713287,-73.87163,1,0,Driver Inattention/Distraction,4435522,33.4,24.0,0.7,0.7,0.0,4.0,51,19.5,40.0,231,Drizzle: Light,1,1,
50741,2021-07-09 16:44:00,40.667385,-73.88709,0,0,Unspecified,4435984,29.8,22.0,35.0,35.0,0.0,14.0,63,31.0,55.8,341,Rain: Moderate,0,0,
50742,2021-07-07 11:00:00,40.76767,-73.817375,0,0,Following Too Closely,4435560,31.4,22.2,1.4,1.4,0.0,6.0,53,17.4,37.8,213,Drizzle: Moderate,0,0,
50743,2021-07-07 03:21:00,40.60604,-73.978294,0,0,Driver Inattention/Distraction,4434917,31.4,22.2,1.4,1.4,0.0,6.0,53,17.4,37.8,213,Drizzle: Moderate,0,0,
50744,2021-07-07 14:11:00,40.6303,-74.13486,0,0,Driver Inattention/Distraction,4435120,31.4,22.2,1.4,1.4,0.0,6.0,53,17.4,37.8,213,Drizzle: Moderate,0,0,
50745,2021-07-08 01:13:00,40.84366,-73.92005,0,0,Driver Inattention/Distraction,4435165,28.3,21.3,15.2,15.2,0.0,12.0,63,16.9,48.2,125,Rain: Moderate,0,0,
50746,2021-07-07 07:59:00,40.6228,-74.02836,0,0,Unspecified,4434952,31.4,22.2,1.4,1.4,0.0,6.0,53,17.4,37.8,213,Drizzle: Moderate,0,0,
50747,2021-07-07 18:40:00,40.645283,-73.9025,0,0,Unspecified,4435057,31.4,22.2,1.4,1.4,0.0,6.0,53,17.4,37.8,213,Drizzle: Moderate,0,0,
50748,2021-07-08 08:16:00,40.73928,-73.85053,0,0,Driver Inattention/Distraction,4435648,28.3,21.3,15.2,15.2,0.0,12.0,63,16.9,48.2,125,Rain: Moderate,0,0,
50749,2021-06-14 19:40:00,40.69951,-73.90118,0,0,Passing Too Closely,4435799,21.4,17.5,21.7,21.7,0.0,11.0,65,21.1,48.6,154,Rain: Heavy,0,0,
50750,2021-07-08 09:20:00,40.666813,-73.92172,2,0,Unspecified,4435665,28.3,21.3,15.2,15.2,0.0,12.0,63,16.9,48.2,125,Rain: Moderate,2,2,
50751,2021-07-08 15:26:00,40.821358,-73.889114,1,0,Unspecified,4435327,28.3,21.3,15.2,15.2,0.0,12.0,63,16.9,48.2,125,Rain: Moderate,1,1,
50752,2021-07-08 11:00:00,40.823257,-73.84902,1,0,Unspecified,4435221,28.3,21.3,15.2,15.2,0.0,12.0,63,16.9,48.2,125,Rain: Moderate,1,1,
50753,2021-07-08 23:00:00,40.875637,-73.87845,0,0,Unspecified,4435458,28.3,21.3,15.2,15.2,0.0,12.0,63,16.9,48.2,125,Rain: Moderate,0,0,
50754,2021-07-07 19:20:00,40.69613,-73.987114,1,0,Driver Inexperience,4435021,31.4,22.2,1.4,1.4,0.0,6.0,53,17.4,37.8,213,Drizzle: Moderate,1,1,
50755,2021-07-03 15:14:00,40.84827,-73.88312,0,0,Driver Inexperience,4435969,19.3,16.6,16.1,16.1,0.0,20.0,63,24.0,47.2,43,Rain: Moderate,0,0,
50756,2021-07-07 06:30:00,40.77132,-73.84655,1,0,Passing or Lane Usage Improper,4435567,31.4,22.2,1.4,1.4,0.0,6.0,53,17.4,37.8,213,Drizzle: Moderate,1,1,
50757,2021-07-09 05:00:00,40.6606,-74.001274,1,0,Unspecified,4435418,29.8,22.0,35.0,35.0,0.0,14.0,63,31.0,55.8,341,Rain: Moderate,1,1,
50758,2021-07-09 22:30:00,40.84619,-73.93846,1,0,Driver Inattention/Distraction,4435837,29.8,22.0,35.0,35.0,0.0,14.0,63,31.0,55.8,341,Rain: Moderate,1,1,
50759,2021-07-09 19:48:00,40.84152,-73.84293,1,0,Other Vehicular,4435726,29.8,22.0,35.0,35.0,0.0,14.0,63,31.0,55.8,341,Rain: Moderate,1,1,
50760,2021-07-09 23:36:00,40.583626,-73.98407,2,0,Accelerator Defective,4435633,29.8,22.0,35.0,35.0,0.0,14.0,63,31.0,55.8,341,Rain: Moderate,2,2,
50761,2021-07-07 18:01:00,40.74201,-73.77513,0,0,Driver Inattention/Distraction,4435681,31.4,22.2,1.4,1.4,0.0,6.0,53,17.4,37.8,213,Drizzle: Moderate,0,0,
50762,2021-07-09 16:00:00,40.709038,-73.89846,0,0,Following Too Closely,4435777,29.8,22.0,35.0,35.0,0.0,14.0,63,31.0,55.8,341,Rain: Moderate,0,0,
50763,2021-06-29 14:25:00,40.63269,-73.96691,0,0,Unspecified,4435618,33.4,24.0,0.7,0.7,0.0,4.0,51,19.5,40.0,231,Drizzle: Light,0,0,
50764,2021-07-07 13:49:00,40.662296,-73.98874,1,0,Brakes Defective,4435413,31.4,22.2,1.4,1.4,0.0,6.0,53,17.4,37.8,213,Drizzle: Moderate,1,1,
50765,2021-07-07 22:00:00,40.693733,-73.78811,0,0,Driver Inattention/Distraction,4435370,31.4,22.2,1.4,1.4,0.0,6.0,53,17.4,37.8,213,Drizzle: Moderate,0,0,
50766,2021-07-07 20:05:00,40.61448,-73.92641,1,0,Driver Inattention/Distraction,4435274,31.4,22.2,1.4,1.4,0.0,6.0,53,17.4,37.8,213,Drizzle: Moderate,1,1,
50767,2021-07-09 14:35:00,40.671925,-73.939186,0,0,Passing or Lane Usage Improper,4435824,29.8,22.0,35.0,35.0,0.0,14.0,63,31.0,55.8,341,Rain: Moderate,0,0,
50768,2021-07-07 11:22:00,40.834385,-73.939766,0,0,Passing Too Closely,4435406,31.4,22.2,1.4,1.4,0.0,6.0,53,17.4,37.8,213,Drizzle: Moderate,0,0,
50769,2021-07-09 12:50:00,40.63345,-74.13524,0,0,Animals Action,4436025,29.8,22.0,35.0,35.0,0.0,14.0,63,31.0,55.8,341,Rain: Moderate,0,0,
50770,2021-07-07 16:30:00,40.8696,-73.844604,6,0,Other Vehicular,4435153,31.4,22.2,1.4,1.4,0.0,6.0,53,17.4,37.8,213,Drizzle: Moderate,6,6,
50771,2021-07-09 18:19:00,40.88893,-73.86579,0,0,Driver Inattention/Distraction,4435934,29.8,22.0,35.0,35.0,0.0,14.0,63,31.0,55.8,341,Rain: Moderate,0,0,
50772,2021-07-09 15:30:00,40.735764,-73.95639,0,0,Passing Too Closely,4435511,29.8,22.0,35.0,35.0,0.0,14.0,63,31.0,55.8,341,Rain: Moderate,0,0,