,CRASH DATETIME,LATITUDE,LONGITUDE,NUMBER OF PERSONS INJURED,NUMBER OF PERSONS KILLED,CONTRIBUTING FACTOR VEHICLE 1,COLLISION_ID,temperature_2m_max,temperature_2m_min,precipitation_sum,rain_sum,snowfall_sum,precipitation_hours,weather_code,wind_speed_10m_max,wind_gusts_10m_max,wind_direction_10m_dominant,Weather Description,Severity_Score,Total_Affected_Persons,Weather_Category
50773,2021-07-07 03:10:00,40.69132,-73.83142,0,0,Alcohol Involvement,4434878,31.4,22.2,1.4,1.4,0.0,6.0,53,17.4,37.8,213,Drizzle: Moderate,0,0,
50774,2021-07-08 12:05:00,40.797417,-73.9328,0,0,Unspecified,4435198,28.3,21.3,15.2,15.2,0.0,12.0,63,16.9,48.2,125,Rain: Moderate,0,0,
50775,2021-07-09 19:18:00,40.863514,-73.84916,0,0,Other Vehicular,4435491,29.8,22.0,35.0,35.0,0.0,14.0,63,31.0,55.8,341,Rain: Moderate,0,0,
50776,2021-07-07 16:05:00,40.743427,-73.775475,0,0,Following Too Closely,4434993,31.4,22.2,1.4,1.4,0.0,6.0,53,17.4,37.8,213,Drizzle: Moderate,0,0,
50777,2021-07-09 13:58:00,40.860287,-73.90494,3,0,Failure to Yield Right-of-Way,4435453,29.8,22.0,35.0,35.0,0.0,14.0,63,31.0,55.8,341,Rain: Moderate,3,3,
50778,2021-07-07 16:40:00,40.607693,-73.960915,1,0,Unspecified,4435169,31.4,22.2,1.4,1.4,0.0,6.0,53,17.4,37.8,213,Drizzle: Moderate,1,1,
50779,2021-07-08 21:50:00,40.757233,-73.9898,0,0,Turning Improperly,4435867,28.3,21.3,15.2,15.2,0.0,12.0,63,16.9,48.2,125,Rain: Moderate,0,0,
50780,2021-07-07 09:20:00,40.801754,-73.93121,1,0,Unspecified,4435127,31.4,22.2,1.4,1.4,0.0,6.0,53,17.4,37.8,213,Drizzle: Moderate,1,1,
50781,2021-07-09 14:45:00,40.675797,-73.81706,0,0,Driver Inattention/Distraction,4435912,29.8,22.0,35.0,35.0,0.0,14.0,63,31.0,55.8,341,Rain: Moderate,0,0,
50782,2021-07-09 12:50:00,40.66112,-73.920135,0,0,Unspecified,4435545,29.8,22.0,35.0,35.0,0.0,14.0,63,31.0,55.8,341,Rain: Moderate,0,0,
50783,2021-07-03 17:20:00,40.76772,-73.902336,0,0,Unspecified,4435698,19.3,16.6,16.1,16.1,0.0,20.0,63,24.0,47.2,43,Rain: Moderate,0,0,
50784,2021-07-07 11:30:00,40.58425,-73.9638,0,0,Oversized Vehicle,4435078,31.4,22.2,1.4,1.4,0.0,6.0,53,17.4,37.8,213,Drizzle: Moderate,0,0,
50785,2021-07-08 01:40:00,40.64423,-74.014915,0,0,Traffic Control Disregarded,4435417,28.3,21.3,15.2,15.2,0.0,12.0,63,16.9,48.2,125,Rain: Moderate,0,0,
50786,2021-07-05 10:50:00,40.616142,-74.079025,0,0,Unspecified,4435652,26.4,17.3,0.7,0.7,0.0,2.0,53,18.8,34.6,142,Drizzle: Moderate,0,0,
50787,2021-07-08 15:00:00,40.65799,-73.76467,1,0,Driver Inattention/Distraction,4435332,28.3,21.3,15.2,15.2,0.0,12.0,63,16.9,48.2,125,Rain: Moderate,1,1,
50788,2021-07-03 18:00:00,40.74895,-73.854485,0,0,Driver Inattention/Distraction,4435670,19.3,16.6,16.1,16.1,0.0,20.0,63,24.0,47.2,43,Rain: Moderate,0,0,
50789,2021-07-07 12:10:00,40.68979,-73.90655,0,0,Driver Inattention/Distraction,4435104,31.4,22.2,1.4,1.4,0.0,6.0,53,17.4,37.8,213,Drizzle: Moderate,0,0,
50790,2021-07-08 09:55:00,40.695854,-73.818924,1,0,Passing or Lane Usage Improper,4435279,28.3,21.3,15.2,15.2,0.0,12.0,63,16.9,48.2,125,Rain: Moderate,1,1,
50791,2021-06-30 13:35:00,40.655132,-74.010635,0,0,Backing Unsafely,4435428,35.2,24.9,0.1,0.1,0.0,1.0,51,20.6,37.1,246,Drizzle: Light,0,0,
50792,2021-07-07 22:38:00,40.719933,-73.97876,1,0,Unspecified,4435039,31.4,22.2,1.4,1.4,0.0,6.0,53,17.4,37.8,213,Drizzle: Moderate,1,1,
50793,2021-07-08 08:30:00,40.697918,-73.83467,0,0,Driver Inexperience,4435215,28.3,21.3,15.2,15.2,0.0,12.0,63,16.9,48.2,125,Rain: Moderate,0,0,
50794,2021-07-04 01:45:00,40.65612,-73.92694,0,0,Driver Inattention/Distraction,4435755,24.6,15.8,1.4,1.4,0.0,12.0,51,11.8,27.0,299,Drizzle: Light,0,0,
50795,2021-07-08 08:00:00,40.622677,-74.082924,0,0,Unspecified,4435657,28.3,21.3,15.2,15.2,0.0,12.0,63,16.9,48.2,125,Rain: Moderate,0,0,
50796,2021-06-28 00:00:00,40.844593,-73.88167,0,0,Driver Inattention/Distraction,4436015,32.3,22.9,0.0,0.0,0.0,0.0,3,20.0,37.8,212,Overcast,0,0,
50797,2021-07-03 01:10:00,40.596745,-73.985275,1,0,Driver Inattention/Distraction,4435732,19.3,16.6,16.1,16.1,0.0,20.0,63,24.0,47.2,43,Rain: Moderate,1,1,
50798,2021-07-09 19:35:00,40.67601,-73.88567,2,0,Failure to Yield Right-of-Way,4435995,29.8,22.0,35.0,35.0,0.0,14.0,63,31.0,55.8,341,Rain: Moderate,2,2,
50799,2021-07-08 05:00:00,40.722298,-73.99713,0,0,Passing Too Closely,4435861,28.3,21.3,15.2,15.2,0.0,12.0,63,16.9,48.2,125,Rain: Moderate,0,0,
50800,2021-07-07 21:00:00,40.704178,-73.88953,1,0,Failure to Yield Right-of-Way,4435771,31.4,22.2,1.4,1.4,0.0,6.0,53,17.4,37.8,213,Drizzle: Moderate,1,1,
50801,2021-07-08 07:20:00,40.87521,-73.86704,0,0,Passing or Lane Usage Improper,4435240,28.3,21.3,15.2,15.2,0.0,12.0,63,16.9,48.2,125,Rain: Moderate,0,0,
50802,2021-07-07 22:30:00,40.74961,-73.98532,1,0,Unspecified,4435061,31.4,22.2,1.4,1.4,0.0,6.0,53,17.4,37.8,213,Drizzle: Moderate,1,1,
50803,2021-07-05 16:30:00,40.728596,-73.98768,1,0,Driver Inattention/Distraction,4435960,26.4,17.3,0.7,0.7,0.0,2.0,53,18.8,34.6,142,Drizzle: Moderate,1,1,
50804,2021-07-09 21:26:00,40.63201,-74.01318,0,0,Backing Unsafely,4435498,29.8,22.0,35.0,35.0,0.0,14.0,63,31.0,55.8,341,Rain: Moderate,0,0,
50805,2021-07-09 18:30:00,40.854904,-73.89645,0,0,Unspecified,4436021,29.8,22.0,35.0,35.0,0.0,14.0,63,31.0,55.8,341,Rain: Moderate,0,0,
50806,2021-07-09 18:01:00,40.77797,-73.91799,2,0,Unspecified,4435714,29.8,22.0,35.0,35.0,0.0,14.0,63,31.0,55.8,341,Rain: Moderate,2,2,
50807,2021-07-09 21:07:00,40.839935,-73.900925,0,0,Driver Inattention/Distraction,4435620,29.8,22.0,35.0,35.0,0.0,14.0,63,31.0,55.8,341,Rain: Moderate,0,0,
50808,2021-07-07 17:00:00,40.671593,-73.9843,0,0,Following Too Closely,4435173,31.4,22.2,1.4,1.4,0.0,6.0,53,17.4,37.8,213,Drizzle: Moderate,0,0,
50809,2021-07-07 08:20:00,40.79525,-73.97321,0,0,Passing Too Closely,4434894,31.4,22.2,1.4,1.4,0.0,6.0,53,17.4,37.8,213,Drizzle: Moderate,0,0,
50810,2021-07-07 15:46:00,40.67566,-73.897964,0,0,Driver Inattention/Distraction,4435111,31.4,22.2,1.4,1.4,0.0,6.0,53,17.4,37.8,213,Drizzle: Moderate,0,0,
50811,2021-07-09 18:15:00,40.76091,-73.83515,0,0,Turning Improperly,4435805,29.8,22.0,35.0,35.0,0.0,14.0,63,31.0,55.8,341,Rain: Moderate,0,0,
50812,2021-07-07 11:30:00,40.783245,-73.94473,4,0,Unsafe Lane Changing,4434971,31.4,22.2,1.4,1.4,0.0,6.0,53,17.4,37.8,213,Drizzle: Moderate,4,4,
50813,2021-07-09 17:45:00,40.70145,-73.989624,1,0,Driver Inattention/Distraction,4435471,29.8,22.0,35.0,35.0,0.0,14.0,63,31.0,55.8,341,Rain: Moderate,1,1,
50814,2021-07-02 15:29:00,40.834126,-73.916664,0,0,Other Vehicular,4435904,24.3,19.2,29.6,29.6,0.0,23.0,63,14.1,27.7,284,Rain: Moderate,0,0,
50815,2021-07-07 22:30:00,40.742653,-73.998055,0,0,Unspecified,4435116,31.4,22.2,1.4,1.4,0.0,6.0,53,17.4,37.8,213,Drizzle: Moderate,0,0,
50816,2021-07-07 20:50:00,40.746178,-73.90813,0,0,Driver Inattention/Distraction,4435035,31.4,22.2,1.4,1.4,0.0,6.0,53,17.4,37.8,213,Drizzle: Moderate,0,0,
50817,2021-07-08 01:52:00,40.875614,-73.87032,2,0,Passing or Lane Usage Improper,4435110,28.3,21.3,15.2,15.2,0.0,12.0,63,16.9,48.2,125,Rain: Moderate,2,2,
50818,2021-07-06 18:43:00,40.605335,-73.75528,1,0,Passing or Lane Usage Improper,4435439,33.6,21.9,2.1,2.1,0.0,4.0,61,21.8,49.7,231,Rain: Light,1,1,
50819,2021-07-07 14:25:00,40.840054,-73.88714,0,0,Other Vehicular,4435305,31.4,22.2,1.4,1.4,0.0,6.0,53,17.4,37.8,213,Drizzle: Moderate,0,0,
50820,2021-07-07 13:15:00,40.753418,-73.9943,0,0,Driver Inattention/Distraction,4435071,31.4,22.2,1.4,1.4,0.0,6.0,53,17.4,37.8,213,Drizzle: Moderate,0,0,
50821,2021-07-08 15:40:00,40.693436,-73.97784,1,0,Failure to Yield Right-of-Way,4435317,28.3,21.3,15.2,15.2,0.0,12.0,63,16.9,48.2,125,Rain: Moderate,1,1,
50822,2021-07-07 07:04:00,40.732323,-73.95461,2,0,Turning Improperly,4434805,31.4,22.2,1.4,1.4,0.0,6.0,53,17.4,37.8,213,Drizzle: Moderate,2,2,
50823,2021-07-07 13:30:00,40.712147,-73.96155,0,0,Driver Inattention/Distraction,4435346,31.4,22.2,1.4,1.4,0.0,6.0,53,17.4,37.8,213,Drizzle: Moderate,0,0,
50824,2021-07-09 16:22:00,40.669487,-73.862686,1,0,Lost Consciousness,4435991,29.8,22.0,35.0,35.0,0.0,14.0,63,31.0,55.8,341,Rain: Moderate,1,1,
50825,2021-06-24 23:00:00,40.69535,-73.91632,1,0,Passing Too Closely,4435457,23.2,13.5,0.0,0.0,0.0,0.0,3,19.7,40.0,145,Overcast,1,1,
50826,2021-07-07 10:00:00,40.678265,-73.89724,1,0,Unspecified,4435231,31.4,22.2,1.4,1.4,0.0,6.0,53,17.4,37.8,213,Drizzle: Moderate,1,1,
50827,2021-07-08 20:15:00,40.77224,-73.92744,1,0,Unspecified,4435707,28.3,21.3,15.2,15.2,0.0,12.0,63,16.9,48.2,125,Rain: Moderate,1,1,
50828,2021-07-09 03:40:00,40.826153,-73.920265,1,0,Pavement Slippery,4435399,29.8,22.0,35.0,35.0,0.0,14.0,63,31.0,55.8,341,Rain: Moderate,1,1,
50829,2021-07-09 01:57:00,40.747078,-73.981346,0,0,Traffic Control Disregarded,4435762,29.8,22.0,35.0,35.0,0.0,14.0,63,31.0,55.8,341,Rain: Moderate,0,0,
50830,2021-06-10 10:45:00,40.699978,-73.98779,0,0,Failure to Yield Right-of-Way,4435503,26.7,16.8,0.0,0.0,0.0,0.0,3,20.9,40.3,78,Overcast,0,0,
50831,2021-06-15 22:30:00,40.725365,-73.89454,1,0,Unspecified,4435787,25.1,17.4,1.0,1.0,0.0,4.0,53,17.7,33.8,295,Drizzle: Moderate,1,1,
50832,2021-07-04 17:55:00,40.688793,-73.934814,1,0,Driver Inattention/Distraction,4435740,24.6,15.8,1.4,1.4,0.0,12.0,51,11.8,27.0,299,Drizzle: Light,1,1,
50833,2021-07-08 16:26:00,40.636314,-73.926285,2,0,Driver Inattention/Distraction,4435384,28.3,21.3,15.2,15.2,0.0,12.0,63,16.9,48.2,125,Rain: Moderate,2,2,
50834,2022-01-12 17:48:00,40.87262,-73.904686,1,0,Traffic Control Disregarded,4599160,4.6,-7.3,0.0,0.0,0.0,0.0,3,20.5,39.2,213,Overcast,1,1,
50835,2021-07-09 16:04:00,40.807186,-73.924286,0,0,Driver Inattention/Distraction,4435947,29.8,22.0,35.0,35.0,0.0,14.0,63,31.0,55.8,341,Rain: Moderate,0,0,
50836,2021-07-09 06:30:00,40.830112,-73.850266,0,0,Following Too Closely,4435553,29.8,22.0,35.0,35.0,0.0,14.0,63,31.0,55.8,341,Rain: Moderate,0,0,
50837,2021-07-08 23:09:00,40.766785,-73.895,1,0,Unspecified,4435712,28.3,21.3,15.2,15.2,0.0,12.0,63,16.9,48.2,125,Rain: Moderate,1,1,
50838,2021-07-07 23:01:00,40.689476,-73.82769,0,0,Traffic Control Disregarded,4435166,31.4,22.2,1.4,1.4,0.0,6.0,53,17.4,37.8,213,Drizzle: Moderate,0,0,
50839,2021-07-07 11:50:00,40.833813,-73.86275,0,0,Unspecified,4434951,31.4,22.2,1.4,1.4,0.0,6.0,53,17.4,37.8,213,Drizzle: Moderate,0,0,
50840,2021-07-07 03:32:00,40.752434,-73.89748,1,0,Unspecified,4434955,31.4,22.2,1.4,1.4,0.0,6.0,53,17.4,37.8,213,Drizzle: Moderate,1,1,
50841,2021-07-08 00:08:00,40.603626,-74.06931,1,0,Driver Inexperience,4435135,28.3,21.3,15.2,15.2,0.0,12.0,63,16.9,48.2,125,Rain: Moderate,1,1,
50842,2021-07-08 18:16:00,40.726173,-73.86489,0,0,Unsafe Speed,4435342,28.3,21.3,15.2,15.2,0.0,12.0,63,16.9,48.2,125,Rain: Moderate,0,0,
50843,2021-07-07 00:30:00,40.709007,-73.832634,0,0,Unspecified,4434978,31.4,22.2,1.4,1.4,0.0,6.0,53,17.4,37.8,213,Drizzle: Moderate,0,0,
50844,2021-07-08 11:30:00,40.69585,-73.819984,0,0,Passing or Lane Usage Improper,4435160,28.3,21.3,15.2,15.2,0.0,12.0,63,16.9,48.2,125,Rain: Moderate,0,0,
50845,2021-07-08 14:25:00,40.744167,-73.91248,0,0,Driver Inattention/Distraction,4435362,28.3,21.3,15.2,15.2,0.0,12.0,63,16.9,48.2,125,Rain: Moderate,0,0,
50846,2021-07-07 18:30:00,40.73063,-73.85992,0,0,Unspecified,4435019,31.4,22.2,1.4,1.4,0.0,6.0,53,17.4,37.8,213,Drizzle: Moderate,0,0,
50847,2021-07-04 21:13:00,40.70212,-73.90959,0,0,Aggressive Driving/Road Rage,4435814,24.6,15.8,1.4,1.4,0.0,12.0,51,11.8,27.0,299,Drizzle: Light,0,0,
50848,2021-07-08 19:05:00,40.81817,-73.91365,1,0,Failure to Yield Right-of-Way,4435382,28.3,21.3,15.2,15.2,0.0,12.0,63,16.9,48.2,125,Rain: Moderate,1,1,
50849,2021-07-07 10:40:00,40.741116,-73.98075,0,0,Passing or Lane Usage Improper,4434911,31.4,22.2,1.4,1.4,0.0,6.0,53,17.4,37.8,213,Drizzle: Moderate,0,0,
50850,2021-07-07 12:29:00,40.665546,-73.9537,1,0,Pedestrian/Bicyclist/Other Pedestrian Error/Confusion,4435137,31.4,22.2,1.4,1.4,0.0,6.0,53,17.4,37.8,213,Drizzle: Moderate,1,1,
50851,2021-07-09 19:00:00,40.71162,-74.007225,0,0,Unspecified,4435477,29.8,22.0,35.0,35.0,0.0,14.0,63,31.0,55.8,341,Rain: Moderate,0,0,
50852,2021-06-17 17:16:00,40.8283,-73.92447,1,0,Following Too Closely,4435895,23.9,12.1,0.0,0.0,0.0,0.0,3,13.4,27.4,311,Overcast,1,1,
50853,2021-07-09 20:16:00,40.84107,-73.93605,0,0,Backing Unsafely,4435843,29.8,22.0,35.0,35.0,0.0,14.0,63,31.0,55.8,341,Rain: Moderate,0,0,
50854,2021-07-09 21:30:00,40.75348,-73.980896,1,0,Driver Inattention/Distraction,4435793,29.8,22.0,35.0,35.0,0.0,14.0,63,31.0,55.8,341,Rain: Moderate,1,1,
50855,2021-07-08 12:10:00,40.723278,-73.815125,0,0,Passing or Lane Usage Improper,4435209,28.3,21.3,15.2,15.2,0.0,12.0,63,16.9,48.2,125,Rain: Moderate,0,0,
50856,2021-07-04 12:00:00,40.687164,-73.85232,0,0,Turning Improperly,4435510,24.6,15.8,1.4,1.4,0.0,12.0,51,11.8,27.0,299,Drizzle: Light,0,0,
50857,2021-07-07 02:25:00,40.904736,-73.845345,1,0,Unsafe Speed,4434924,31.4,22.2,1.4,1.4,0.0,6.0,53,17.4,37.8,213,Drizzle: Moderate,1,1,
50858,2021-07-07 03:10:00,40.848755,-73.898705,0,0,Turning Improperly,4434975,31.4,22.2,1.4,1.4,0.0,6.0,53,17.4,37.8,213,Drizzle: Moderate,0,0,
50859,2021-07-09 13:30:00,40.669155,-73.937546,1,0,Passenger Distraction,4435823,29.8,22.0,35.0,35.0,0.0,14.0,63,31.0,55.8,341,Rain: Moderate,1,1,
50860,2021-06-30 00:45:00,40.675663,-73.9277,0,0,Driver Inattention/Distraction,4435825,35.2,24.9,0.1,0.1,0.0,1.0,51,20.6,37.1,246,Drizzle: Light,0,0,
50861,2021-07-08 19:40:00,40.77461,-73.94809,1,0,Tinted Windows,4435377,28.3,21.3,15.2,15.2,0.0,12.0,63,16.9,48.2,125,Rain: Moderate,1,1,
50862,2021-07-07 09:44:00,40.65108,-73.94459,0,0,Accelerator Defective,4435009,31.4,22.2,1.4,1.4,0.0,6.0,53,17.4,37.8,213,Drizzle: Moderate,0,0,
50863,2021-07-07 07:35:00,40.681713,-73.84273,0,0,Passing or Lane Usage Improper,4435088,31.4,22.2,1.4,1.4,0.0,6.0,53,17.4,37.8,213,Drizzle: Moderate,0,0,
50864,2021-07-08 13:55:00,40.74641,-73.95032,1,0,Failure to Yield Right-of-Way,4435364,28.3,21.3,15.2,15.2,0.0,12.0,63,16.9,48.2,125,Rain: Moderate,1,1,
50865,2021-07-07 00:20:00,40.68064,-73.89672,2,0,Unspecified,4435230,31.4,22.2,1.4,1.4,0.0,6.0,53,17.4,37.8,213,Drizzle: Moderate,2,2,
50866,2021-07-03 23:25:00,40.725517,-73.896416,1,0,Unsafe Lane Changing,4435769,19.3,16.6,16.1,16.1,0.0,20.0,63,24.0,47.2,43,Rain: Moderate,1,1,
50867,2021-07-08 14:00:00,40.666573,-73.78632,0,0,Driver Inattention/Distraction,4435336,28.3,21.3,15.2,15.2,0.0,12.0,63,16.9,48.2,125,Rain: Moderate,0,0,
50868,2021-07-07 00:00:00,40.891827,-73.8548,0,0,Unspecified,4434934,31.4,22.2,1.4,1.4,0.0,6.0,53,17.4,37.8,213,Drizzle: Moderate,0,0,
50869,2021-07-08 22:10:00,40.65621,-73.914665,1,0,Unsafe Speed,4435528,28.3,21.3,15.2,15.2,0.0,12.0,63,16.9,48.2,125,Rain: Moderate,1,1,
50870,2021-07-09 11:30:00,40.669064,-73.86557,0,0,Driver Inattention/Distraction,4435999,29.8,22.0,35.0,35.0,0.0,14.0,63,31.0,55.8,341,Rain: Moderate,0,0,
50871,2021-07-08 15:40:00,40.83317,-73.891365,0,0,Unspecified,4435494,28.3,21.3,15.2,15.2,0.0,12.0,63,16.9,48.2,125,Rain: Moderate,0,0,
50872,2021-07-07 08:00:00,40.76975,-73.96061,1,0,Driver Inattention/Distraction,4434893,31.4,22.2,1.4,1.4,0.0,6.0,53,17.4,37.8,213,Drizzle: Moderate,1,1,
50873,2021-07-09 08:18:00,40.755486,-73.82472,1,0,Failure to Yield Right-of-Way,4435577,29.8,22.0,35.0,35.0,0.0,14.0,63,31.0,55.8,341,Rain: Moderate,1,1,
50874,2021-07-09 16:20:00,0.0,0.0,2,0,Illnes,4435485,29.8,22.0,35.0,35.0,0.0,14.0,63,31.0,55.8,341,Rain: Moderate,2,2,
50875,2021-07-09 12:00:00,40.811893,-73.9636,0,0,Unspecified,4435810,29.8,22.0,35.0,35.0,0.0,14.0,63,31.0,55.8,341,Rain: Moderate,0,0,
50876,2021-07-07 22:25:00,40.77074,-73.99455,0,0,Unspecified,4435402,31.4,22.2,1.4,1.4,0.0,6.0,53,17.4,37.8,213,Drizzle: Moderate,0,0,
50877,2021-07-09 21:00:00,40.66549,-73.819534,0,0,Passing Too Closely,4435913,29.8,22.0,35.0,35.0,0.0,14.0,63,31.0,55.8,341,Rain: Moderate,0,0,
50878,2021-07-07 18:55:00,40.563915,-74.11637,0,0,Unspecified,4435130,31.4,22.2,1.4,1.4,0.0,6.0,53,17.4,37.8,213,Drizzle: Moderate,0,0,
50879,2021-06-29 13:53:00,40.771328,-73.90391,0,0,Unspecified,4435697,33.4,24.0,0.7,0.7,0.0,4.0,51,19.5,40.0,231,Drizzle: Light,0,0,
50880,2021-07-07 06:05:00,40.849033,-73.86749,0,0,Unspecified,4434987,31.4,22.2,1.4,1.4,0.0,6.0,53,17.4,37.8,213,Drizzle: Moderate,0,0,
50881,2021-07-07 11:00:00,40.75541,-73.83842,0,0,Following Too Closely,4435647,31.4,22.2,1.4,1.4,0.0,6.0,53,17.4,37.8,213,Drizzle: Moderate,0,0,
50882,2021-07-08 11:15:00,40.651894,-74.014015,0,0,Unspecified,4435424,28.3,21.3,15.2,15.2,0.0,12.0,63,16.9,48.2,125,Rain: Moderate,0,0,
50883,2021-07-08 15:05:00,40.869194,-73.88039,0,0,Driver Inattention/Distraction,4435303,28.3,21.3,15.2,15.2,0.0,12.0,63,16.9,48.2,125,Rain: Moderate,0,0,
50884,2021-07-07 16:40:00,40.858788,-73.92291,0,0,Reaction to Uninvolved Vehicle,4435181,31.4,22.2,1.4,1.4,0.0,6.0,53,17.4,37.8,213,Drizzle: Moderate,0,0,
50885,2021-07-09 06:20:00,40.6438,-73.96968,1,0,Unspecified,4435446,29.8,22.0,35.0,35.0,0.0,14.0,63,31.0,55.8,341,Rain: Moderate,1,1,
50886,2021-07-09 10:45:00,40.652042,-74.00519,0,0,Unspecified,4435760,29.8,22.0,35.0,35.0,0.0,14.0,63,31.0,55.8,341,Rain: Moderate,0,0,
50887,2021-07-07 11:28:00,40.708973,-73.952835,1,0,Failure to Yield Right-of-Way,4435051,31.4,22.2,1.4,1.4,0.0,6.0,53,17.4,37.8,213,Drizzle: Moderate,1,1,
50888,2021-07-08 07:42:00,40.71242,-73.82932,1,0,Unsafe Speed,4435158,28.3,21.3,15.2,15.2,0.0,12.0,63,16.9,48.2,125,Rain: Moderate,1,1,
50889,2021-07-05 20:30:00,40.83164,-73.930115,0,0,Unspecified,4435901,26.4,17.3,0.7,0.7,0.0,2.0,53,18.8,34.6,142,Drizzle: Moderate,0,0,
50890,2021-07-07 13:25:00,40.700726,-73.94194,0,0,Passing Too Closely,4435197,31.4,22.2,1.4,1.4,0.0,6.0,53,17.4,37.8,213,Drizzle: Moderate,0,0,
50891,2021-07-09 18:40:00,40.72042,-73.939705,1,0,Failure to Yield Right-of-Way,4435516,29.8,22.0,35.0,35.0,0.0,14.0,63,31.0,55.8,341,Rain: Moderate,1,1,
50892,2021-07-07 00:00:00,40.891735,-73.84895,0,0,Driver Inattention/Distraction,4435172,31.4,22.2,1.4,1.4,0.0,6.0,53,17.4,37.8,213,Drizzle: Moderate,0,0,
50893,2021-07-07 10:00:00,40.854057,-73.898315,0,0,Unspecified,4435082,31.4,22.2,1.4,1.4,0.0,6.0,53,17.4,37.8,213,Drizzle: Moderate,0,0,
50894,2021-07-07 14:34:00,40.763245,-73.75806,0,0,Following Too Closely,4435269,31.4,22.2,1.4,1.4,0.0,6.0,53,17.4,37.8,213,Drizzle: Moderate,0,0,
50895,2021-07-08 19:20:00,40.632294,-73.96678,3,0,Unsafe Speed,4435357,28.3,21.3,15.2,15.2,0.0,12.0,63,16.9,48.2,125,Rain: Moderate,3,3,
50896,2021-07-09 19:14:00,40.653862,-73.929756,0,0,Unspecified,4435544,29.8,22.0,35.0,35.0,0.0,14.0,63,31.0,55.8,341,Rain: Moderate,0,0,
50897,2021-07-07 19:05:00,40.673393,-73.79048,0,0,Other Vehicular,4435045,31.4,22.2,1.4,1.4,0.0,6.0,53,17.4,37.8,213,Drizzle: Moderate,0,0,
50898,2021-07-09 06:09:00,40.722122,-74.00977,1,0,Failure to Yield Right-of-Way,4435479,29.8,22.0,35.0,35.0,0.0,14.0,63,31.0,55.8,341,Rain: Moderate,1,1,
50899,2021-07-07 18:50:00,40.590084,-73.95476,1,0,Unspecified,4435293,31.4,22.2,1.4,1.4,0.0,6.0,53,17.4,37.8,213,Drizzle: Moderate,1,1,
50900,2021-07-09 21:26:00,40.87262,-73.904686,0,0,Driver Inattention/Distraction,4435459,29.8,22.0,35.0,35.0,0.0,14.0,63,31.0,55.8,341,Rain: Moderate,0,0,
50901,2021-07-03 08:45:00,40.668797,-73.93113,0,0,Driver Inattention/Distraction,4435598,19.3,16.6,16.1,16.1,0.0,20.0,63,24.0,47.2,43,Rain: Moderate,0,0,
50902,2021-07-07 16:38:00,40.72205,-73.988205,0,0,Unspecified,4435038,31.4,22.2,1.4,1.4,0.0,6.0,53,17.4,37.8,213,Drizzle: Moderate,0,0,
50903,2021-07-08 16:45:00,40.80704,-73.9698,0,0,Unsafe Speed,4435801,28.3,21.3,15.2,15.2,0.0,12.0,63,16.9,48.2,125,Rain: Moderate,0,0,
50904,2021-07-07 08:00:00,40.855785,-73.90558,0,0,Driver Inattention/Distraction,4434864,31.4,22.2,1.4,1.4,0.0,6.0,53,17.4,37.8,213,Drizzle: Moderate,0,0,
50905,2021-07-08 14:30:00,40.69614,-73.9734,0,0,Fell Asleep,4435318,28.3,21.3,15.2,15.2,0.0,12.0,63,16.9,48.2,125,Rain: Moderate,0,0,
50906,2021-07-08 21:13:00,40.844116,-73.89857,2,0,Traffic Control Disregarded,4435407,28.3,21.3,15.2,15.2,0.0,12.0,63,16.9,48.2,125,Rain: Moderate,2,2,
50907,2021-07-08 15:30:00,40.75461,-73.94421,0,0,Unspecified,4435708,28.3,21.3,15.2,15.2,0.0,12.0,63,16.9,48.2,125,Rain: Moderate,0,0,
50908,2021-07-07 13:49:00,40.890076,-73.8546,0,0,Driver Inattention/Distraction,4434964,31.4,22.2,1.4,1.4,0.0,6.0,53,17.4,37.8,213,Drizzle: Moderate,0,0,
50909,2021-07-09 01:00:00,40.846687,-73.905594,0,0,Unspecified,4436024,29.8,22.0,35.0,35.0,0.0,14.0,63,31.0,55.8,341,Rain: Moderate,0,0,
50910,2021-07-06 19:09:00,40.75539,-73.828285,0,0,Unspecified,4435566,33.6,21.9,2.1,2.1,0.0,4.0,61,21.8,49.7,231,Rain: Light,0,0,
50911,2021-07-07 16:20:00,40.589985,-73.79844,0,0,Driver Inattention/Distraction,4435063,31.4,22.2,1.4,1.4,0.0,6.0,53,17.4,37.8,213,Drizzle: Moderate,0,0,
50912,2021-07-09 09:30:00,40.806812,-73.9175,1,0,Unspecified,4435942,29.8,22.0,35.0,35.0,0.0,14.0,63,31.0,55.8,341,Rain: Moderate,1,1,
50913,2021-07-08 07:04:00,40.65011,-73.930214,1,0,Turning Improperly,4435351,28.3,21.3,15.2,15.2,0.0,12.0,63,16.9,48.2,125,Rain: Moderate,1,1,
50914,2021-07-08 08:45:00,40.66937,-73.89523,2,0,Failure to Yield Right-of-Way,4435235,28.3,21.3,15.2,15.2,0.0,12.0,63,16.9,48.2,125,Rain: Moderate,2,2,