,CRASH DATETIME,LATITUDE,LONGITUDE,NUMBER OF PERSONS INJURED,NUMBER OF PERSONS KILLED,CONTRIBUTING FACTOR VEHICLE 1,COLLISION_ID,temperature_2m_max,temperature_2m_min,precipitation_sum,rain_sum,snowfall_sum,precipitation_hours,weather_code,wind_speed_10m_max,wind_gusts_10m_max,wind_direction_10m_dominant,Weather Description,Severity_Score,Total_Affected_Persons,Weather_Category
50915,2021-06-05 22:00:00,40.852673,-73.919106,0,0,Unspecified,4435891,31.3,17.3,0.0,0.0,0.0,0.0,2,20.9,43.9,247,Partly cloudy,0,0,
50916,2021-07-08 08:20:00,40.612366,-74.08516,1,0,Driver Inattention/Distraction,4435658,28.3,21.3,15.2,15.2,0.0,12.0,63,16.9,48.2,125,Rain: Moderate,1,1,
50917,2021-07-07 23:17:00,40.52791,-74.16486,0,0,Driver Inattention/Distraction,4435684,31.4,22.2,1.4,1.4,0.0,6.0,53,17.4,37.8,213,Drizzle: Moderate,0,0,
50918,2021-07-09 11:50:00,40.65766,-73.89705,4,0,Failure to Yield Right-of-Way,4435989,29.8,22.0,35.0,35.0,0.0,14.0,63,31.0,55.8,341,Rain: Moderate,4,4,
50919,2021-07-07 09:24:00,40.600567,-73.7621,1,0,Driver Inexperience,4435441,31.4,22.2,1.4,1.4,0.0,6.0,53,17.4,37.8,213,Drizzle: Moderate,1,1,
50920,2021-07-09 19:06:00,40.695114,-73.911865,0,0,Unspecified,4435467,29.8,22.0,35.0,35.0,0.0,14.0,63,31.0,55.8,341,Rain: Moderate,0,0,
50921,2021-07-09 17:40:00,40.691433,-73.89063,0,0,Failure to Yield Right-of-Way,4435778,29.8,22.0,35.0,35.0,0.0,14.0,63,31.0,55.8,341,Rain: Moderate,0,0,
50922,2021-07-07 16:08:00,40.639305,-73.95898,0,0,Driver Inattention/Distraction,4435069,31.4,22.2,1.4,1.4,0.0,6.0,53,17.4,37.8,213,Drizzle: Moderate,0,0,
50923,2021-07-09 13:36:00,40.67482,-73.823296,0,0,Traffic Control Disregarded,4435909,29.8,22.0,35.0,35.0,0.0,14.0,63,31.0,55.8,341,Rain: Moderate,0,0,
50924,2021-07-09 00:00:00,40.820435,-73.93623,2,0,Unsafe Speed,4435412,29.8,22.0,35.0,35.0,0.0,14.0,63,31.0,55.8,341,Rain: Moderate,2,2,
50925,2021-07-09 14:00:00,40.712124,-73.934265,0,0,Driver Inattention/Distraction,4435868,29.8,22.0,35.0,35.0,0.0,14.0,63,31.0,55.8,341,Rain: Moderate,0,0,
50926,2021-07-07 21:39:00,40.847813,-73.90754,1,0,Passing or Lane Usage Improper,4435126,31.4,22.2,1.4,1.4,0.0,6.0,53,17.4,37.8,213,Drizzle: Moderate,1,1,
50927,2021-07-07 18:27:00,40.874405,-73.84004,1,0,Driver Inattention/Distraction,4435243,31.4,22.2,1.4,1.4,0.0,6.0,53,17.4,37.8,213,Drizzle: Moderate,1,1,
50928,2021-07-02 22:00:00,40.899185,-73.8562,3,0,View Obstructed/Limited,4435959,24.3,19.2,29.6,29.6,0.0,23.0,63,14.1,27.7,284,Rain: Moderate,3,3,
50929,2021-07-07 21:00:00,40.711166,-73.94385,2,0,Unsafe Lane Changing,4435056,31.4,22.2,1.4,1.4,0.0,6.0,53,17.4,37.8,213,Drizzle: Moderate,2,2,
50930,2021-07-09 13:30:00,40.60948,-74.08425,1,0,Traffic Control Disregarded,4435664,29.8,22.0,35.0,35.0,0.0,14.0,63,31.0,55.8,341,Rain: Moderate,1,1,
50931,2021-07-05 03:45:00,40.88176,-73.82324,0,0,Unspecified,4435722,26.4,17.3,0.7,0.7,0.0,2.0,53,18.8,34.6,142,Drizzle: Moderate,0,0,
50932,2021-07-07 14:10:00,40.71735,-73.73971,0,0,Unspecified,4435022,31.4,22.2,1.4,1.4,0.0,6.0,53,17.4,37.8,213,Drizzle: Moderate,0,0,
50933,2021-07-07 15:15:00,40.69683,-73.98316,0,0,Driver Inattention/Distraction,4435310,31.4,22.2,1.4,1.4,0.0,6.0,53,17.4,37.8,213,Drizzle: Moderate,0,0,
50934,2021-07-08 09:33:00,40.81614,-73.894875,0,0,Unspecified,4435326,28.3,21.3,15.2,15.2,0.0,12.0,63,16.9,48.2,125,Rain: Moderate,0,0,
50935,2021-07-07 23:00:00,40.838844,-73.87817,0,0,Driver Inattention/Distraction,4435976,31.4,22.2,1.4,1.4,0.0,6.0,53,17.4,37.8,213,Drizzle: Moderate,0,0,
50936,2021-07-07 05:42:00,40.856567,-73.92983,0,0,Driver Inattention/Distraction,4435150,31.4,22.2,1.4,1.4,0.0,6.0,53,17.4,37.8,213,Drizzle: Moderate,0,0,
50937,2021-07-08 11:25:00,40.717197,-73.99071,1,0,Unspecified,4435222,28.3,21.3,15.2,15.2,0.0,12.0,63,16.9,48.2,125,Rain: Moderate,1,1,
50938,2021-07-07 00:00:00,40.64507,-73.95803,0,0,Passing or Lane Usage Improper,4435077,31.4,22.2,1.4,1.4,0.0,6.0,53,17.4,37.8,213,Drizzle: Moderate,0,0,
50939,2021-07-08 13:12:00,40.667076,-73.99508,0,0,Driver Inattention/Distraction,4435419,28.3,21.3,15.2,15.2,0.0,12.0,63,16.9,48.2,125,Rain: Moderate,0,0,
50940,2021-06-28 22:25:00,40.74157,-73.86758,1,0,Following Too Closely,4435640,32.3,22.9,0.0,0.0,0.0,0.0,3,20.0,37.8,212,Overcast,1,1,
50941,2021-07-09 17:30:00,40.856037,-73.83284,1,0,Unspecified,4435723,29.8,22.0,35.0,35.0,0.0,14.0,63,31.0,55.8,341,Rain: Moderate,1,1,
50942,2021-07-07 21:10:00,40.87514,-73.85123,0,0,Driver Inattention/Distraction,4435112,31.4,22.2,1.4,1.4,0.0,6.0,53,17.4,37.8,213,Drizzle: Moderate,0,0,
50943,2021-07-04 13:20:00,40.69407,-73.82802,1,0,Failure to Yield Right-of-Way,4435505,24.6,15.8,1.4,1.4,0.0,12.0,51,11.8,27.0,299,Drizzle: Light,1,1,
50944,2021-07-09 19:50:00,40.65658,-73.88586,0,0,Unspecified,4435994,29.8,22.0,35.0,35.0,0.0,14.0,63,31.0,55.8,341,Rain: Moderate,0,0,
50945,2021-07-09 01:43:00,40.647835,-73.90649,0,0,Unspecified,4435361,29.8,22.0,35.0,35.0,0.0,14.0,63,31.0,55.8,341,Rain: Moderate,0,0,
50946,2021-07-02 08:53:00,40.59592,-73.941025,0,0,Unspecified,4435614,24.3,19.2,29.6,29.6,0.0,23.0,63,14.1,27.7,284,Rain: Moderate,0,0,
50947,2021-07-08 15:01:00,40.709557,-74.00644,0,0,Unspecified,4435273,28.3,21.3,15.2,15.2,0.0,12.0,63,16.9,48.2,125,Rain: Moderate,0,0,
50948,2021-07-08 18:52:00,40.829136,-73.9114,4,0,Driver Inattention/Distraction,4435908,28.3,21.3,15.2,15.2,0.0,12.0,63,16.9,48.2,125,Rain: Moderate,4,4,
50949,2021-07-09 14:30:00,40.651527,-73.89641,1,0,Backing Unsafely,4435499,29.8,22.0,35.0,35.0,0.0,14.0,63,31.0,55.8,341,Rain: Moderate,1,1,
50950,2021-07-08 00:00:00,40.857048,-73.90691,0,0,Unspecified,4435392,28.3,21.3,15.2,15.2,0.0,12.0,63,16.9,48.2,125,Rain: Moderate,0,0,
50951,2021-07-08 08:00:00,40.857418,-73.89996,1,0,Driver Inattention/Distraction,4435117,28.3,21.3,15.2,15.2,0.0,12.0,63,16.9,48.2,125,Rain: Moderate,1,1,
50952,2021-07-09 12:56:00,40.712852,-73.90486,1,0,Passing or Lane Usage Improper,4435794,29.8,22.0,35.0,35.0,0.0,14.0,63,31.0,55.8,341,Rain: Moderate,1,1,
50953,2021-07-08 18:30:00,40.824562,-73.948105,0,0,Driver Inattention/Distraction,4435385,28.3,21.3,15.2,15.2,0.0,12.0,63,16.9,48.2,125,Rain: Moderate,0,0,
50954,2021-07-08 08:30:00,40.86038,-73.88889,0,0,Driver Inattention/Distraction,4435280,28.3,21.3,15.2,15.2,0.0,12.0,63,16.9,48.2,125,Rain: Moderate,0,0,
50955,2021-07-07 01:10:00,40.739086,-73.99139,1,0,Traffic Control Disregarded,4434810,31.4,22.2,1.4,1.4,0.0,6.0,53,17.4,37.8,213,Drizzle: Moderate,1,1,
50956,2021-07-08 14:08:00,40.710716,-73.93627,0,0,Driver Inattention/Distraction,4435347,28.3,21.3,15.2,15.2,0.0,12.0,63,16.9,48.2,125,Rain: Moderate,0,0,
50957,2021-07-07 10:47:00,40.76805,-73.91381,1,0,Unspecified,4435704,31.4,22.2,1.4,1.4,0.0,6.0,53,17.4,37.8,213,Drizzle: Moderate,1,1,
50958,2021-07-08 20:54:00,40.73851,-73.8065,0,0,Following Too Closely,4435562,28.3,21.3,15.2,15.2,0.0,12.0,63,16.9,48.2,125,Rain: Moderate,0,0,
50959,2021-07-08 01:09:00,40.661385,-73.8841,0,1,Unspecified,4435311,28.3,21.3,15.2,15.2,0.0,12.0,63,16.9,48.2,125,Rain: Moderate,20,1,
50960,2021-07-08 01:20:00,40.761837,-73.759415,0,0,Driver Inattention/Distraction,4435043,28.3,21.3,15.2,15.2,0.0,12.0,63,16.9,48.2,125,Rain: Moderate,0,0,
50961,2021-07-07 17:25:00,40.593014,-73.94045,0,0,Unspecified,4435167,31.4,22.2,1.4,1.4,0.0,6.0,53,17.4,37.8,213,Drizzle: Moderate,0,0,
50962,2021-07-07 07:30:00,40.74206,-73.82453,2,0,Driver Inattention/Distraction,4434956,31.4,22.2,1.4,1.4,0.0,6.0,53,17.4,37.8,213,Drizzle: Moderate,2,2,
50963,2021-07-08 10:37:00,40.626568,-73.970924,0,0,Unspecified,4435654,28.3,21.3,15.2,15.2,0.0,12.0,63,16.9,48.2,125,Rain: Moderate,0,0,
50964,2021-07-07 10:58:00,40.72507,-73.98122,0,0,Unspecified,4435678,31.4,22.2,1.4,1.4,0.0,6.0,53,17.4,37.8,213,Drizzle: Moderate,0,0,
50965,2021-07-07 12:15:00,40.826153,-73.920265,0,0,Passing Too Closely,4435162,31.4,22.2,1.4,1.4,0.0,6.0,53,17.4,37.8,213,Drizzle: Moderate,0,0,
50966,2021-07-05 06:17:00,40.689354,-73.936325,0,0,Driver Inattention/Distraction,4435741,26.4,17.3,0.7,0.7,0.0,2.0,53,18.8,34.6,142,Drizzle: Moderate,0,0,
50967,2021-07-02 03:20:00,40.72282,-73.89498,0,0,Unspecified,4435772,24.3,19.2,29.6,29.6,0.0,23.0,63,14.1,27.7,284,Rain: Moderate,0,0,
50968,2021-07-09 18:15:00,40.847614,-73.887794,4,0,Driver Inattention/Distraction,4435476,29.8,22.0,35.0,35.0,0.0,14.0,63,31.0,55.8,341,Rain: Moderate,4,4,
50969,2021-07-08 12:32:00,40.669563,-73.73921,1,0,Traffic Control Disregarded,4435331,28.3,21.3,15.2,15.2,0.0,12.0,63,16.9,48.2,125,Rain: Moderate,1,1,
50970,2021-07-06 20:19:00,40.63697,-74.15141,2,0,Driver Inattention/Distraction,4436022,33.6,21.9,2.1,2.1,0.0,4.0,61,21.8,49.7,231,Rain: Light,2,2,
50971,2021-07-07 12:54:00,40.663918,-73.88899,0,0,Following Too Closely,4435236,31.4,22.2,1.4,1.4,0.0,6.0,53,17.4,37.8,213,Drizzle: Moderate,0,0,
50972,2021-07-09 13:30:00,40.73574,-73.872665,0,0,Following Too Closely,4435668,29.8,22.0,35.0,35.0,0.0,14.0,63,31.0,55.8,341,Rain: Moderate,0,0,
50973,2021-07-08 00:15:00,40.670025,-73.84787,0,0,View Obstructed/Limited,4435081,28.3,21.3,15.2,15.2,0.0,12.0,63,16.9,48.2,125,Rain: Moderate,0,0,
50974,2021-07-06 17:00:00,40.80616,-73.927986,0,0,Unspecified,4435946,33.6,21.9,2.1,2.1,0.0,4.0,61,21.8,49.7,231,Rain: Light,0,0,
50975,2021-07-09 23:40:00,40.77258,-73.88936,3,0,Driver Inattention/Distraction,4435715,29.8,22.0,35.0,35.0,0.0,14.0,63,31.0,55.8,341,Rain: Moderate,3,3,
50976,2021-07-09 14:40:00,40.822735,-73.94763,1,0,Unspecified,4435433,29.8,22.0,35.0,35.0,0.0,14.0,63,31.0,55.8,341,Rain: Moderate,1,1,
50977,2021-07-07 12:40:00,40.71436,-74.00839,0,0,Unspecified,4435102,31.4,22.2,1.4,1.4,0.0,6.0,53,17.4,37.8,213,Drizzle: Moderate,0,0,
50978,2021-06-24 17:15:00,40.689217,-73.917656,0,0,Passing Too Closely,4435452,23.2,13.5,0.0,0.0,0.0,0.0,3,19.7,40.0,145,Overcast,0,0,
50979,2021-07-09 03:30:00,40.714314,-73.88419,0,0,Unspecified,4435780,29.8,22.0,35.0,35.0,0.0,14.0,63,31.0,55.8,341,Rain: Moderate,0,0,
50980,2021-07-09 07:45:00,40.831383,-73.906845,1,0,Unspecified,4435625,29.8,22.0,35.0,35.0,0.0,14.0,63,31.0,55.8,341,Rain: Moderate,1,1,
50981,2021-07-08 12:29:00,40.726185,-73.87022,0,0,Failure to Yield Right-of-Way,4435216,28.3,21.3,15.2,15.2,0.0,12.0,63,16.9,48.2,125,Rain: Moderate,0,0,
50982,2021-07-07 10:50:00,40.707344,-73.796074,1,0,Backing Unsafely,4434981,31.4,22.2,1.4,1.4,0.0,6.0,53,17.4,37.8,213,Drizzle: Moderate,1,1,
50983,2021-07-03 10:30:00,40.685234,-73.92654,0,0,Driver Inattention/Distraction,4435730,19.3,16.6,16.1,16.1,0.0,20.0,63,24.0,47.2,43,Rain: Moderate,0,0,
50984,2021-07-06 11:18:00,40.726624,-73.906456,0,0,Driver Inattention/Distraction,4435786,33.6,21.9,2.1,2.1,0.0,4.0,61,21.8,49.7,231,Rain: Light,0,0,
50985,2021-07-08 00:00:00,40.671337,-73.9448,0,0,Driver Inexperience,4435826,28.3,21.3,15.2,15.2,0.0,12.0,63,16.9,48.2,125,Rain: Moderate,0,0,
50986,2021-07-07 17:05:00,40.711704,-73.84477,0,0,Following Too Closely,4435018,31.4,22.2,1.4,1.4,0.0,6.0,53,17.4,37.8,213,Drizzle: Moderate,0,0,
50987,2021-07-09 23:36:00,40.675495,-73.88916,0,0,Following Too Closely,4435998,29.8,22.0,35.0,35.0,0.0,14.0,63,31.0,55.8,341,Rain: Moderate,0,0,
50988,2021-07-08 16:40:00,40.80623,-73.91206,0,0,Unspecified,4435381,28.3,21.3,15.2,15.2,0.0,12.0,63,16.9,48.2,125,Rain: Moderate,0,0,
50989,2021-07-07 09:08:00,40.725616,-73.851036,0,0,Driver Inattention/Distraction,4434913,31.4,22.2,1.4,1.4,0.0,6.0,53,17.4,37.8,213,Drizzle: Moderate,0,0,
50990,2021-07-07 14:30:00,40.668648,-73.92835,1,0,Other Vehicular,4435138,31.4,22.2,1.4,1.4,0.0,6.0,53,17.4,37.8,213,Drizzle: Moderate,1,1,
50991,2021-07-07 17:53:00,40.654472,-73.945145,1,0,Unspecified,4435529,31.4,22.2,1.4,1.4,0.0,6.0,53,17.4,37.8,213,Drizzle: Moderate,1,1,
50992,2021-07-07 09:00:00,40.815662,-73.90624,0,0,Unspecified,4435060,31.4,22.2,1.4,1.4,0.0,6.0,53,17.4,37.8,213,Drizzle: Moderate,0,0,
50993,2021-07-08 06:45:00,40.636242,-74.01237,1,0,Backing Unsafely,4435416,28.3,21.3,15.2,15.2,0.0,12.0,63,16.9,48.2,125,Rain: Moderate,1,1,
50994,2021-07-06 19:31:00,40.63693,-73.91109,0,0,Passing or Lane Usage Improper,4435524,33.6,21.9,2.1,2.1,0.0,4.0,61,21.8,49.7,231,Rain: Light,0,0,
50995,2021-07-08 21:00:00,40.73251,-73.857056,1,0,Driver Inattention/Distraction,4435341,28.3,21.3,15.2,15.2,0.0,12.0,63,16.9,48.2,125,Rain: Moderate,1,1,
50996,2021-07-09 06:15:00,40.766617,-73.98667,0,0,Unspecified,4435398,29.8,22.0,35.0,35.0,0.0,14.0,63,31.0,55.8,341,Rain: Moderate,0,0,
50997,2021-07-07 16:15:00,40.839676,-73.871216,1,0,View Obstructed/Limited,4434988,31.4,22.2,1.4,1.4,0.0,6.0,53,17.4,37.8,213,Drizzle: Moderate,1,1,
50998,2021-07-07 10:30:00,40.67221,-73.734634,0,0,Failure to Yield Right-of-Way,4435023,31.4,22.2,1.4,1.4,0.0,6.0,53,17.4,37.8,213,Drizzle: Moderate,0,0,
50999,2021-07-07 00:28:00,40.679474,-73.87642,0,0,Unspecified,4435224,31.4,22.2,1.4,1.4,0.0,6.0,53,17.4,37.8,213,Drizzle: Moderate,0,0,
51000,2021-07-08 07:44:00,40.683514,-73.97596,0,0,Passing or Lane Usage Improper,4435177,28.3,21.3,15.2,15.2,0.0,12.0,63,16.9,48.2,125,Rain: Moderate,0,0,
51001,2021-07-07 11:45:00,40.624653,-73.96618,1,0,Unspecified,4435182,31.4,22.2,1.4,1.4,0.0,6.0,53,17.4,37.8,213,Drizzle: Moderate,1,1,
51002,2021-07-05 15:00:00,40.654705,-74.00731,0,0,Passing Too Closely,4435420,26.4,17.3,0.7,0.7,0.0,2.0,53,18.8,34.6,142,Drizzle: Moderate,0,0,
51003,2021-07-07 00:53:00,40.760693,-73.82094,0,0,Tire Failure/Inadequate,4435573,31.4,22.2,1.4,1.4,0.0,6.0,53,17.4,37.8,213,Drizzle: Moderate,0,0,
51004,2021-07-07 11:00:00,40.743084,-73.9358,1,0,View Obstructed/Limited,4434910,31.4,22.2,1.4,1.4,0.0,6.0,53,17.4,37.8,213,Drizzle: Moderate,1,1,
51005,2021-07-09 21:56:00,40.702362,-73.91291,0,0,Failure to Yield Right-of-Way,4435470,29.8,22.0,35.0,35.0,0.0,14.0,63,31.0,55.8,341,Rain: Moderate,0,0,
51006,2021-07-06 22:00:00,40.755234,-73.941246,1,0,,4435701,33.6,21.9,2.1,2.1,0.0,4.0,61,21.8,49.7,231,Rain: Light,1,1,
51007,2021-07-09 13:00:00,40.795048,-73.950554,0,0,Unsafe Speed,4435642,29.8,22.0,35.0,35.0,0.0,14.0,63,31.0,55.8,341,Rain: Moderate,0,0,
51008,2021-07-07 19:50:00,40.901367,-73.86441,0,0,Driver Inattention/Distraction,4435109,31.4,22.2,1.4,1.4,0.0,6.0,53,17.4,37.8,213,Drizzle: Moderate,0,0,
51009,2021-07-08 23:02:00,40.652637,-73.97269,1,0,Unspecified,4435427,28.3,21.3,15.2,15.2,0.0,12.0,63,16.9,48.2,125,Rain: Moderate,1,1,
51010,2021-07-08 22:40:00,40.62237,-73.96473,1,0,Unspecified,4435651,28.3,21.3,15.2,15.2,0.0,12.0,63,16.9,48.2,125,Rain: Moderate,1,1,
51011,2021-07-08 20:05:00,40.673016,-73.93633,0,0,Driver Inattention/Distraction,4435822,28.3,21.3,15.2,15.2,0.0,12.0,63,16.9,48.2,125,Rain: Moderate,0,0,
51012,2021-07-09 11:40:00,40.69864,-73.93819,0,0,Following Too Closely,4435456,29.8,22.0,35.0,35.0,0.0,14.0,63,31.0,55.8,341,Rain: Moderate,0,0,
51013,2021-06-30 13:40:00,40.84271,-73.89037,1,0,Driver Inattention/Distraction,4436016,35.2,24.9,0.1,0.1,0.0,1.0,51,20.6,37.1,246,Drizzle: Light,1,1,
51014,2021-06-30 13:00:00,40.72209,-73.90374,0,0,Unspecified,4435765,35.2,24.9,0.1,0.1,0.0,1.0,51,20.6,37.1,246,Drizzle: Light,0,0,
51015,2021-07-07 13:55:00,40.759884,-73.96669,0,0,Driver Inattention/Distraction,4434950,31.4,22.2,1.4,1.4,0.0,6.0,53,17.4,37.8,213,Drizzle: Moderate,0,0,
51016,2021-07-04 11:05:00,40.642616,-74.01827,0,0,Unspecified,4435425,24.6,15.8,1.4,1.4,0.0,12.0,51,11.8,27.0,299,Drizzle: Light,0,0,
51017,2021-07-09 23:25:00,40.679947,-73.84973,2,0,Traffic Control Disregarded,4435918,29.8,22.0,35.0,35.0,0.0,14.0,63,31.0,55.8,341,Rain: Moderate,2,2,
51018,2021-07-09 11:18:00,40.77402,-73.95457,1,0,Driver Inattention/Distraction,4435894,29.8,22.0,35.0,35.0,0.0,14.0,63,31.0,55.8,341,Rain: Moderate,1,1,
51019,2021-07-07 08:00:00,40.71572,-73.99323,0,0,Unspecified,4434887,31.4,22.2,1.4,1.4,0.0,6.0,53,17.4,37.8,213,Drizzle: Moderate,0,0,
51020,2021-07-07 18:00:00,40.75167,-73.94188,1,0,Driver Inattention/Distraction,4435034,31.4,22.2,1.4,1.4,0.0,6.0,53,17.4,37.8,213,Drizzle: Moderate,1,1,
51021,2021-07-07 11:23:00,40.644615,-73.9959,0,0,Unspecified,4435175,31.4,22.2,1.4,1.4,0.0,6.0,53,17.4,37.8,213,Drizzle: Moderate,0,0,
51022,2021-07-09 15:20:00,40.862698,-73.86621,1,0,,4435489,29.8,22.0,35.0,35.0,0.0,14.0,63,31.0,55.8,341,Rain: Moderate,1,1,
51023,2021-07-08 10:00:00,40.770313,-73.99141,0,0,Unspecified,4435403,28.3,21.3,15.2,15.2,0.0,12.0,63,16.9,48.2,125,Rain: Moderate,0,0,
51024,2021-07-06 11:55:00,40.783253,-73.80275,2,0,Traffic Control Disregarded,4435578,33.6,21.9,2.1,2.1,0.0,4.0,61,21.8,49.7,231,Rain: Light,2,2,
51025,2021-07-09 12:00:00,40.76407,-73.80914,1,0,Unspecified,4435807,29.8,22.0,35.0,35.0,0.0,14.0,63,31.0,55.8,341,Rain: Moderate,1,1,
51026,2021-07-08 14:50:00,40.74791,-73.96806,1,0,Following Too Closely,4435881,28.3,21.3,15.2,15.2,0.0,12.0,63,16.9,48.2,125,Rain: Moderate,1,1,
51027,2021-07-09 22:46:00,40.666435,-73.83478,0,0,Following Too Closely,4435917,29.8,22.0,35.0,35.0,0.0,14.0,63,31.0,55.8,341,Rain: Moderate,0,0,
51028,2021-06-24 16:35:00,40.768356,-73.904884,1,0,Unsafe Lane Changing,4435696,23.2,13.5,0.0,0.0,0.0,0.0,3,19.7,40.0,145,Overcast,1,1,
51029,2021-07-07 12:00:00,40.839447,-73.88384,0,0,Traffic Control Disregarded,4434973,31.4,22.2,1.4,1.4,0.0,6.0,53,17.4,37.8,213,Drizzle: Moderate,0,0,
51030,2021-07-08 15:53:00,40.78069,-73.986984,0,0,Other Vehicular,4435325,28.3,21.3,15.2,15.2,0.0,12.0,63,16.9,48.2,125,Rain: Moderate,0,0,
51031,2021-07-07 11:30:00,40.735466,-73.87771,0,0,Backing Unsafely,4435646,31.4,22.2,1.4,1.4,0.0,6.0,53,17.4,37.8,213,Drizzle: Moderate,0,0,
51032,2021-07-08 10:50:00,40.876705,-73.87244,0,0,Passing Too Closely,4435294,28.3,21.3,15.2,15.2,0.0,12.0,63,16.9,48.2,125,Rain: Moderate,0,0,
51033,2021-07-03 08:00:00,40.834175,-73.829,0,0,Unspecified,4435979,19.3,16.6,16.1,16.1,0.0,20.0,63,24.0,47.2,43,Rain: Moderate,0,0,
51034,2021-07-09 15:30:00,40.600895,-73.98031,1,0,Driver Inattention/Distraction,4435585,29.8,22.0,35.0,35.0,0.0,14.0,63,31.0,55.8,341,Rain: Moderate,1,1,
51035,2021-07-09 17:14:00,40.861862,-73.91275,0,0,Unsafe Lane Changing,4435463,29.8,22.0,35.0,35.0,0.0,14.0,63,31.0,55.8,341,Rain: Moderate,0,0,
51036,2021-07-07 11:50:00,40.699993,-73.8895,0,0,Driver Inattention/Distraction,4435785,31.4,22.2,1.4,1.4,0.0,6.0,53,17.4,37.8,213,Drizzle: Moderate,0,0,
51037,2021-07-06 15:17:00,40.668507,-73.92561,2,0,Driver Inattention/Distraction,4435759,33.6,21.9,2.1,2.1,0.0,4.0,61,21.8,49.7,231,Rain: Light,2,2,
51038,2021-07-07 17:40:00,40.70121,-73.94485,0,0,Passing or Lane Usage Improper,4435052,31.4,22.2,1.4,1.4,0.0,6.0,53,17.4,37.8,213,Drizzle: Moderate,0,0,
51039,2021-07-09 09:30:00,40.637154,-74.086555,0,0,Unspecified,4435663,29.8,22.0,35.0,35.0,0.0,14.0,63,31.0,55.8,341,Rain: Moderate,0,0,
51040,2021-07-08 08:30:00,40.689396,-73.86867,0,0,Unspecified,4435228,28.3,21.3,15.2,15.2,0.0,12.0,63,16.9,48.2,125,Rain: Moderate,0,0,
51041,2021-07-07 19:04:00,40.68377,-73.92625,1,0,Other Vehicular,4435729,31.4,22.2,1.4,1.4,0.0,6.0,53,17.4,37.8,213,Drizzle: Moderate,1,1,
51042,2021-07-09 13:15:00,40.63775,-73.89675,0,0,Unspecified,4435685,29.8,22.0,35.0,35.0,0.0,14.0,63,31.0,55.8,341,Rain: Moderate,0,0,
51043,2021-07-07 21:25:00,40.827282,-73.95361,0,0,Driver Inattention/Distraction,4435263,31.4,22.2,1.4,1.4,0.0,6.0,53,17.4,37.8,213,Drizzle: Moderate,0,0,
51044,2021-07-07 19:36:00,40.842503,-73.92797,1,0,Following Too Closely,4435070,31.4,22.2,1.4,1.4,0.0,6.0,53,17.4,37.8,213,Drizzle: Moderate,1,1,
51045,2021-07-09 18:46:00,40.698452,-73.92176,2,0,Driver Inattention/Distraction,4435468,29.8,22.0,35.0,35.0,0.0,14.0,63,31.0,55.8,341,Rain: Moderate,2,2,
51046,2021-07-08 08:16:00,40.716377,-73.99653,0,0,Driver Inattention/Distraction,4435858,28.3,21.3,15.2,15.2,0.0,12.0,63,16.9,48.2,125,Rain: Moderate,0,0,
51047,2021-07-09 19:50:00,40.77065,-73.9181,0,0,Unspecified,4435716,29.8,22.0,35.0,35.0,0.0,14.0,63,31.0,55.8,341,Rain: Moderate,0,0,
51048,2021-07-08 04:18:00,40.845642,-73.90211,1,0,Driver Inattention/Distraction,4435408,28.3,21.3,15.2,15.2,0.0,12.0,63,16.9,48.2,125,Rain: Moderate,1,1,
51049,2021-07-07 09:00:00,40.55185,-74.193146,0,0,Unspecified,4434970,31.4,22.2,1.4,1.4,0.0,6.0,53,17.4,37.8,213,Drizzle: Moderate,0,0,
51050,2021-07-08 12:00:00,40.671932,-73.85165,1,0,Tire Failure/Inadequate,4435390,28.3,21.3,15.2,15.2,0.0,12.0,63,16.9,48.2,125,Rain: Moderate,1,1,
51051,2021-07-07 11:00:00,40.74006,-73.789894,1,0,Unsafe Lane Changing,4434932,31.4,22.2,1.4,1.4,0.0,6.0,53,17.4,37.8,213,Drizzle: Moderate,1,1,
51052,2021-07-08 18:21:00,40.694965,-73.73616,0,0,Unspecified,4435335,28.3,21.3,15.2,15.2,0.0,12.0,63,16.9,48.2,125,Rain: Moderate,0,0,
51053,2021-07-07 11:00:00,40.69854,-73.94116,0,0,Backing Unsafely,4435155,31.4,22.2,1.4,1.4,0.0,6.0,53,17.4,37.8,213,Drizzle: Moderate,0,0,
51054,2021-06-11 11:41:00,40.714912,-73.94784,1,0,Pedestrian/Bicyclist/Other Pedestrian Error/Confusion,4436028,20.7,15.3,1.2,1.2,0.0,3.0,53,13.2,27.0,97,Drizzle: Moderate,1,1,
51055,2021-07-09 10:17:00,40.62106,-73.95447,0,0,Unspecified,4435447,29.8,22.0,35.0,35.0,0.0,14.0,63,31.0,55.8,341,Rain: Moderate,0,0,
51056,2021-07-08 12:00:00,40.832733,-73.885925,0,0,Passing Too Closely,4435493,28.3,21.3,15.2,15.2,0.0,12.0,63,16.9,48.2,125,Rain: Moderate,0,0,