,CRASH DATETIME,LATITUDE,LONGITUDE,NUMBER OF PERSONS INJURED,NUMBER OF PERSONS KILLED,CONTRIBUTING FACTOR VEHICLE 1,COLLISION_ID,temperature_2m_max,temperature_2m_min,precipitation_sum,rain_sum,snowfall_sum,precipitation_hours,weather_code,wind_speed_10m_max,wind_gusts_10m_max,wind_direction_10m_dominant,Weather Description,Severity_Score,Total_Affected_Persons,Weather_Category
51057,2021-07-07 20:41:00,40.820435,-73.93623,1,0,Other Vehicular,4435194,31.4,22.2,1.4,1.4,0.0,6.0,53,17.4,37.8,213,Drizzle: Moderate,1,1,
51058,2021-07-07 16:50:00,40.867958,-73.887695,0,0,Unspecified,4434995,31.4,22.2,1.4,1.4,0.0,6.0,53,17.4,37.8,213,Drizzle: Moderate,0,0,
51059,2021-07-07 15:26:00,40.6606,-73.840225,1,0,Following Too Closely,4435084,31.4,22.2,1.4,1.4,0.0,6.0,53,17.4,37.8,213,Drizzle: Moderate,1,1,
51060,2021-07-09 13:18:00,40.67816,-73.897484,0,0,Unspecified,4435990,29.8,22.0,35.0,35.0,0.0,14.0,63,31.0,55.8,341,Rain: Moderate,0,0,
51061,2022-01-16 02:25:00,40.642002,-73.898834,1,0,Fell Asleep,4494762,1.3,-13.5,4.4,0.7,2.59,4.0,75,28.1,47.2,36,Snow fall: Heavy,1,1,Snowy Conditions
51062,2021-07-07 23:13:00,40.672222,-73.97383,3,0,Traffic Control Disregarded,4435171,31.4,22.2,1.4,1.4,0.0,6.0,53,17.4,37.8,213,Drizzle: Moderate,3,3,
51063,2021-07-07 15:00:00,40.623672,-73.8956,0,0,Following Too Closely,4435123,31.4,22.2,1.4,1.4,0.0,6.0,53,17.4,37.8,213,Drizzle: Moderate,0,0,
51064,2021-07-09 18:40:00,40.66283,-73.92615,0,0,Unspecified,4435543,29.8,22.0,35.0,35.0,0.0,14.0,63,31.0,55.8,341,Rain: Moderate,0,0,
51065,2021-07-07 11:20:00,40.793556,-73.967026,0,0,Driver Inexperience,4434927,31.4,22.2,1.4,1.4,0.0,6.0,53,17.4,37.8,213,Drizzle: Moderate,0,0,
51066,2021-07-07 18:51:00,40.731983,-73.91912,1,0,Glare,4435037,31.4,22.2,1.4,1.4,0.0,6.0,53,17.4,37.8,213,Drizzle: Moderate,1,1,
51067,2021-07-08 19:00:00,40.70641,-73.75541,0,0,Driver Inattention/Distraction,4435376,28.3,21.3,15.2,15.2,0.0,12.0,63,16.9,48.2,125,Rain: Moderate,0,0,
51068,2021-07-08 00:01:00,40.805557,-73.91453,1,0,Driver Inattention/Distraction,4435090,28.3,21.3,15.2,15.2,0.0,12.0,63,16.9,48.2,125,Rain: Moderate,1,1,
51069,2021-07-07 17:50:00,40.64831,-73.94835,0,0,Other Vehicular,4435003,31.4,22.2,1.4,1.4,0.0,6.0,53,17.4,37.8,213,Drizzle: Moderate,0,0,
51070,2021-06-24 21:38:00,40.717186,-74.0129,1,0,Other Vehicular,4435480,23.2,13.5,0.0,0.0,0.0,0.0,3,19.7,40.0,145,Overcast,1,1,
51071,2021-07-08 12:20:00,40.6392,-73.938736,2,0,Traffic Control Disregarded,4435301,28.3,21.3,15.2,15.2,0.0,12.0,63,16.9,48.2,125,Rain: Moderate,2,2,
51072,2021-07-08 15:55:00,40.696117,-73.97028,0,0,Driver Inexperience,4435319,28.3,21.3,15.2,15.2,0.0,12.0,63,16.9,48.2,125,Rain: Moderate,0,0,
51073,2021-07-06 19:30:00,40.762745,-73.83329,0,0,Unsafe Speed,4435565,33.6,21.9,2.1,2.1,0.0,4.0,61,21.8,49.7,231,Rain: Light,0,0,
51074,2021-07-09 08:00:00,40.754276,-73.90902,0,0,Unspecified,4435709,29.8,22.0,35.0,35.0,0.0,14.0,63,31.0,55.8,341,Rain: Moderate,0,0,
51075,2021-07-07 23:45:00,40.67816,-73.897484,0,0,Traffic Control Disregarded,4435233,31.4,22.2,1.4,1.4,0.0,6.0,53,17.4,37.8,213,Drizzle: Moderate,0,0,
51076,2021-07-09 06:00:00,40.73775,-73.851845,0,0,Unspecified,4435659,29.8,22.0,35.0,35.0,0.0,14.0,63,31.0,55.8,341,Rain: Moderate,0,0,
51077,2021-07-09 06:25:00,40.67577,-73.98421,0,0,Failure to Yield Right-of-Way,4435486,29.8,22.0,35.0,35.0,0.0,14.0,63,31.0,55.8,341,Rain: Moderate,0,0,
51078,2021-07-08 08:30:00,40.646667,-73.970924,1,0,Unsafe Lane Changing,4435442,28.3,21.3,15.2,15.2,0.0,12.0,63,16.9,48.2,125,Rain: Moderate,1,1,
51079,2021-07-03 19:00:00,40.69723,-73.90456,0,0,Backing Unsafely,4435774,19.3,16.6,16.1,16.1,0.0,20.0,63,24.0,47.2,43,Rain: Moderate,0,0,
51080,2021-07-09 19:10:00,40.65113,-73.94257,1,0,Unspecified,4435754,29.8,22.0,35.0,35.0,0.0,14.0,63,31.0,55.8,341,Rain: Moderate,1,1,
51081,2021-07-07 21:36:00,40.696033,-73.984535,2,0,Driver Inattention/Distraction,4435046,31.4,22.2,1.4,1.4,0.0,6.0,53,17.4,37.8,213,Drizzle: Moderate,2,2,
51082,2021-07-07 16:12:00,40.67398,-73.899315,1,0,Unspecified,4435248,31.4,22.2,1.4,1.4,0.0,6.0,53,17.4,37.8,213,Drizzle: Moderate,1,1,
51083,2021-07-08 19:01:00,40.71021,-73.78337,0,0,Unsafe Speed,4435373,28.3,21.3,15.2,15.2,0.0,12.0,63,16.9,48.2,125,Rain: Moderate,0,0,
51084,2021-07-08 02:05:00,40.662575,-73.93448,0,0,Driver Inattention/Distraction,4435139,28.3,21.3,15.2,15.2,0.0,12.0,63,16.9,48.2,125,Rain: Moderate,0,0,
51085,2021-07-08 17:56:00,40.72225,-74.00592,0,0,Driver Inattention/Distraction,4435386,28.3,21.3,15.2,15.2,0.0,12.0,63,16.9,48.2,125,Rain: Moderate,0,0,
51086,2021-07-07 13:44:00,40.892754,-73.85774,1,0,Driver Inattention/Distraction,4435956,31.4,22.2,1.4,1.4,0.0,6.0,53,17.4,37.8,213,Drizzle: Moderate,1,1,
51087,2021-07-06 18:15:00,40.787685,-73.81528,0,0,Unsafe Speed,4435579,33.6,21.9,2.1,2.1,0.0,4.0,61,21.8,49.7,231,Rain: Light,0,0,
51088,2021-07-08 19:30:00,40.852306,-73.89811,1,0,Unsafe Lane Changing,4435404,28.3,21.3,15.2,15.2,0.0,12.0,63,16.9,48.2,125,Rain: Moderate,1,1,
51089,2021-07-06 15:00:00,40.790855,-73.82215,0,0,Unspecified,4435564,33.6,21.9,2.1,2.1,0.0,4.0,61,21.8,49.7,231,Rain: Light,0,0,
51090,2021-07-05 14:00:00,40.637035,-73.935616,0,0,Unsafe Speed,4435525,26.4,17.3,0.7,0.7,0.0,2.0,53,18.8,34.6,142,Drizzle: Moderate,0,0,
51091,2021-07-07 08:15:00,40.72634,-73.76508,0,0,Following Too Closely,4434957,31.4,22.2,1.4,1.4,0.0,6.0,53,17.4,37.8,213,Drizzle: Moderate,0,0,
51092,2021-07-07 21:15:00,40.69305,-73.85384,0,0,Backing Unsafely,4435168,31.4,22.2,1.4,1.4,0.0,6.0,53,17.4,37.8,213,Drizzle: Moderate,0,0,
51093,2021-07-07 18:04:00,40.57961,-74.109116,0,0,Traffic Control Disregarded,4435132,31.4,22.2,1.4,1.4,0.0,6.0,53,17.4,37.8,213,Drizzle: Moderate,0,0,
51094,2021-07-07 08:05:00,40.827595,-73.85004,1,0,Reaction to Uninvolved Vehicle,4434949,31.4,22.2,1.4,1.4,0.0,6.0,53,17.4,37.8,213,Drizzle: Moderate,1,1,
51095,2021-07-07 16:15:00,40.747574,-73.76147,1,0,Driver Inexperience,4434989,31.4,22.2,1.4,1.4,0.0,6.0,53,17.4,37.8,213,Drizzle: Moderate,1,1,
51096,2021-07-09 11:45:00,40.725983,-73.952065,0,0,Unspecified,4435513,29.8,22.0,35.0,35.0,0.0,14.0,63,31.0,55.8,341,Rain: Moderate,0,0,
51097,2021-07-07 00:00:00,40.71501,-73.77839,0,0,Unspecified,4435206,31.4,22.2,1.4,1.4,0.0,6.0,53,17.4,37.8,213,Drizzle: Moderate,0,0,
51098,2021-07-07 12:07:00,40.63885,-73.99695,0,0,Passing Too Closely,4435186,31.4,22.2,1.4,1.4,0.0,6.0,53,17.4,37.8,213,Drizzle: Moderate,0,0,
51099,2021-07-07 12:30:00,40.564922,-74.11805,0,0,Failure to Yield Right-of-Way,4434915,31.4,22.2,1.4,1.4,0.0,6.0,53,17.4,37.8,213,Drizzle: Moderate,0,0,
51100,2021-07-09 23:25:00,40.83609,-73.87039,1,0,Following Too Closely,4435549,29.8,22.0,35.0,35.0,0.0,14.0,63,31.0,55.8,341,Rain: Moderate,1,1,
51101,2021-07-08 17:55:00,40.642586,-74.018265,0,0,Passing Too Closely,4435356,28.3,21.3,15.2,15.2,0.0,12.0,63,16.9,48.2,125,Rain: Moderate,0,0,
51102,2021-07-09 13:00:00,40.854374,-73.89441,1,0,Driver Inattention/Distraction,4435475,29.8,22.0,35.0,35.0,0.0,14.0,63,31.0,55.8,341,Rain: Moderate,1,1,
51103,2021-06-28 05:40:00,40.841423,-73.92867,1,0,Following Too Closely,4435900,32.3,22.9,0.0,0.0,0.0,0.0,3,20.0,37.8,212,Overcast,1,1,
51104,2021-07-08 21:52:00,40.69018,-73.814606,1,0,Driver Inattention/Distraction,4435391,28.3,21.3,15.2,15.2,0.0,12.0,63,16.9,48.2,125,Rain: Moderate,1,1,
51105,2021-07-07 15:40:00,40.64868,-73.887115,0,0,Unspecified,4435237,31.4,22.2,1.4,1.4,0.0,6.0,53,17.4,37.8,213,Drizzle: Moderate,0,0,
51106,2021-07-07 23:30:00,40.639435,-74.00546,0,0,Backing Unsafely,4435415,31.4,22.2,1.4,1.4,0.0,6.0,53,17.4,37.8,213,Drizzle: Moderate,0,0,
51107,2021-07-07 08:20:00,40.67347,-73.80837,1,0,Traffic Control Disregarded,4435076,31.4,22.2,1.4,1.4,0.0,6.0,53,17.4,37.8,213,Drizzle: Moderate,1,1,
51108,2021-07-07 22:40:00,40.691536,-73.99912,2,0,Following Too Closely,4435309,31.4,22.2,1.4,1.4,0.0,6.0,53,17.4,37.8,213,Drizzle: Moderate,2,2,
51109,2021-07-07 22:48:00,40.659485,-73.918304,0,1,,4435313,31.4,22.2,1.4,1.4,0.0,6.0,53,17.4,37.8,213,Drizzle: Moderate,20,1,
51110,2021-07-07 07:00:00,40.79967,-73.94087,0,0,Driver Inattention/Distraction,4434823,31.4,22.2,1.4,1.4,0.0,6.0,53,17.4,37.8,213,Drizzle: Moderate,0,0,
51111,2021-07-07 12:49:00,40.81648,-73.91923,0,0,Unspecified,4435380,31.4,22.2,1.4,1.4,0.0,6.0,53,17.4,37.8,213,Drizzle: Moderate,0,0,
51112,2021-07-07 18:28:00,40.899246,-73.84609,1,0,Failure to Yield Right-of-Way,4435108,31.4,22.2,1.4,1.4,0.0,6.0,53,17.4,37.8,213,Drizzle: Moderate,1,1,
51113,2021-07-08 07:15:00,40.844715,-73.91228,0,0,Passing or Lane Usage Improper,4435119,28.3,21.3,15.2,15.2,0.0,12.0,63,16.9,48.2,125,Rain: Moderate,0,0,
51114,2021-07-07 18:55:00,40.751602,-73.93384,0,0,Unspecified,4435705,31.4,22.2,1.4,1.4,0.0,6.0,53,17.4,37.8,213,Drizzle: Moderate,0,0,
51115,2021-07-08 01:45:00,40.653774,-73.95617,0,0,Driver Inattention/Distraction,4435348,28.3,21.3,15.2,15.2,0.0,12.0,63,16.9,48.2,125,Rain: Moderate,0,0,
51116,2021-07-08 12:34:00,40.703667,-73.9269,0,0,Passing Too Closely,4435455,28.3,21.3,15.2,15.2,0.0,12.0,63,16.9,48.2,125,Rain: Moderate,0,0,
51117,2021-07-08 08:50:00,40.71521,-73.98427,1,0,Fatigued/Drowsy,4435218,28.3,21.3,15.2,15.2,0.0,12.0,63,16.9,48.2,125,Rain: Moderate,1,1,
51118,2021-07-07 16:10:00,40.74778,-73.81294,1,0,Traffic Control Disregarded,4435569,31.4,22.2,1.4,1.4,0.0,6.0,53,17.4,37.8,213,Drizzle: Moderate,1,1,
51119,2021-07-09 11:22:00,40.622593,-73.9882,0,0,Driver Inattention/Distraction,4435655,29.8,22.0,35.0,35.0,0.0,14.0,63,31.0,55.8,341,Rain: Moderate,0,0,
51120,2021-07-07 22:00:00,40.717907,-73.94666,0,0,Driver Inattention/Distraction,4435508,31.4,22.2,1.4,1.4,0.0,6.0,53,17.4,37.8,213,Drizzle: Moderate,0,0,
51121,2021-07-09 17:50:00,40.660286,-73.89084,0,0,Driver Inattention/Distraction,4435993,29.8,22.0,35.0,35.0,0.0,14.0,63,31.0,55.8,341,Rain: Moderate,0,0,
51122,2021-07-08 10:45:00,40.73664,-73.86584,1,0,Traffic Control Disregarded,4435743,28.3,21.3,15.2,15.2,0.0,12.0,63,16.9,48.2,125,Rain: Moderate,1,1,
51123,2021-07-07 13:51:00,40.814514,-73.91812,0,0,Unspecified,4435059,31.4,22.2,1.4,1.4,0.0,6.0,53,17.4,37.8,213,Drizzle: Moderate,0,0,
51124,2021-07-08 20:42:00,40.862778,-73.906166,0,0,Unspecified,4435367,28.3,21.3,15.2,15.2,0.0,12.0,63,16.9,48.2,125,Rain: Moderate,0,0,
51125,2021-07-09 13:30:00,40.641365,-73.94179,1,0,Traffic Control Disregarded,4435531,29.8,22.0,35.0,35.0,0.0,14.0,63,31.0,55.8,341,Rain: Moderate,1,1,
51126,2021-07-05 19:20:00,40.690285,-73.95433,0,0,Driver Inattention/Distraction,4435500,26.4,17.3,0.7,0.7,0.0,2.0,53,18.8,34.6,142,Drizzle: Moderate,0,0,
51127,2021-06-28 22:35:00,40.844635,-73.88724,0,0,Failure to Yield Right-of-Way,4435968,32.3,22.9,0.0,0.0,0.0,0.0,3,20.0,37.8,212,Overcast,0,0,
51128,2021-07-05 17:03:00,40.740993,-73.88817,0,0,Passing or Lane Usage Improper,4435645,26.4,17.3,0.7,0.7,0.0,2.0,53,18.8,34.6,142,Drizzle: Moderate,0,0,
51129,2021-07-07 22:50:00,40.655827,-73.98123,0,0,Driver Inattention/Distraction,4435421,31.4,22.2,1.4,1.4,0.0,6.0,53,17.4,37.8,213,Drizzle: Moderate,0,0,
51130,2021-06-25 15:30:00,40.680473,-73.9614,0,0,Driver Inattention/Distraction,4435821,24.7,15.6,0.0,0.0,0.0,0.0,3,20.9,41.0,144,Overcast,0,0,
51131,2021-07-07 11:55:00,40.760994,-73.82443,1,0,Unspecified,4435556,31.4,22.2,1.4,1.4,0.0,6.0,53,17.4,37.8,213,Drizzle: Moderate,1,1,
51132,2021-07-09 17:34:00,40.771557,-73.95033,0,0,Unspecified,4435888,29.8,22.0,35.0,35.0,0.0,14.0,63,31.0,55.8,341,Rain: Moderate,0,0,
51133,2021-07-09 23:57:00,40.684483,-73.93314,0,0,Backing Unsafely,4435735,29.8,22.0,35.0,35.0,0.0,14.0,63,31.0,55.8,341,Rain: Moderate,0,0,
51134,2021-07-08 09:59:00,40.58038,-73.967606,0,0,Passing Too Closely,4435626,28.3,21.3,15.2,15.2,0.0,12.0,63,16.9,48.2,125,Rain: Moderate,0,0,
51135,2021-07-08 06:45:00,40.652565,-73.88944,0,0,Driver Inattention/Distraction,4435113,28.3,21.3,15.2,15.2,0.0,12.0,63,16.9,48.2,125,Rain: Moderate,0,0,
51136,2021-07-07 11:00:00,40.697895,-73.97234,0,0,Unspecified,4434980,31.4,22.2,1.4,1.4,0.0,6.0,53,17.4,37.8,213,Drizzle: Moderate,0,0,
51137,2021-07-07 09:18:00,40.835945,-73.8886,1,0,,4434906,31.4,22.2,1.4,1.4,0.0,6.0,53,17.4,37.8,213,Drizzle: Moderate,1,1,
51138,2021-07-08 06:49:00,40.830738,-73.9105,1,0,Driver Inattention/Distraction,4435163,28.3,21.3,15.2,15.2,0.0,12.0,63,16.9,48.2,125,Rain: Moderate,1,1,
51139,2021-07-07 12:18:00,40.66965,-73.89332,2,0,Driver Inattention/Distraction,4435225,31.4,22.2,1.4,1.4,0.0,6.0,53,17.4,37.8,213,Drizzle: Moderate,2,2,
51140,2021-07-07 17:30:00,40.72626,-73.72387,0,0,Unspecified,4435024,31.4,22.2,1.4,1.4,0.0,6.0,53,17.4,37.8,213,Drizzle: Moderate,0,0,
51141,2021-07-07 14:40:00,40.682423,-73.97069,0,0,Unspecified,4435017,31.4,22.2,1.4,1.4,0.0,6.0,53,17.4,37.8,213,Drizzle: Moderate,0,0,
51142,2021-07-07 10:55:00,40.850166,-73.93576,0,0,Unspecified,4435178,31.4,22.2,1.4,1.4,0.0,6.0,53,17.4,37.8,213,Drizzle: Moderate,0,0,
51143,2021-07-08 23:58:00,40.66015,-73.85333,2,0,Unsafe Speed,4435360,28.3,21.3,15.2,15.2,0.0,12.0,63,16.9,48.2,125,Rain: Moderate,2,2,
51144,2021-07-07 22:30:00,40.762226,-73.834076,0,0,Turning Improperly,4435574,31.4,22.2,1.4,1.4,0.0,6.0,53,17.4,37.8,213,Drizzle: Moderate,0,0,
51145,2021-07-06 15:17:00,40.754276,-73.90902,1,0,Driver Inattention/Distraction,4435700,33.6,21.9,2.1,2.1,0.0,4.0,61,21.8,49.7,231,Rain: Light,1,1,
51146,2021-07-09 03:25:00,40.722496,-73.940414,0,0,Unsafe Speed,4435469,29.8,22.0,35.0,35.0,0.0,14.0,63,31.0,55.8,341,Rain: Moderate,0,0,
51147,2021-07-09 01:05:00,40.819042,-73.93075,1,0,Unsafe Speed,4435906,29.8,22.0,35.0,35.0,0.0,14.0,63,31.0,55.8,341,Rain: Moderate,1,1,
51148,2021-07-07 14:05:00,40.70912,-73.92764,1,0,Driver Inattention/Distraction,4435055,31.4,22.2,1.4,1.4,0.0,6.0,53,17.4,37.8,213,Drizzle: Moderate,1,1,
51149,2021-07-07 11:00:00,40.86028,-73.89405,1,0,Driver Inattention/Distraction,4435080,31.4,22.2,1.4,1.4,0.0,6.0,53,17.4,37.8,213,Drizzle: Moderate,1,1,
51150,2021-07-07 15:54:00,40.874683,-73.886505,0,0,Passing Too Closely,4435289,31.4,22.2,1.4,1.4,0.0,6.0,53,17.4,37.8,213,Drizzle: Moderate,0,0,
51151,2021-07-09 22:06:00,40.821037,-73.93768,0,0,Driver Inexperience,4435411,29.8,22.0,35.0,35.0,0.0,14.0,63,31.0,55.8,341,Rain: Moderate,0,0,
51152,2021-07-09 22:30:00,40.74694,-73.89051,1,0,Failure to Yield Right-of-Way,4435667,29.8,22.0,35.0,35.0,0.0,14.0,63,31.0,55.8,341,Rain: Moderate,1,1,
51153,2021-07-07 23:10:00,40.87134,-73.84793,2,0,Unsafe Speed,4435099,31.4,22.2,1.4,1.4,0.0,6.0,53,17.4,37.8,213,Drizzle: Moderate,2,2,
51154,2021-07-09 23:50:00,40.640274,-73.99025,0,0,Unspecified,4435650,29.8,22.0,35.0,35.0,0.0,14.0,63,31.0,55.8,341,Rain: Moderate,0,0,
51155,2021-07-09 09:10:00,40.63353,-73.95202,1,0,Other Vehicular,4435450,29.8,22.0,35.0,35.0,0.0,14.0,63,31.0,55.8,341,Rain: Moderate,1,1,
51156,2021-07-07 09:12:00,0.0,0.0,1,0,Passing or Lane Usage Improper,4435048,31.4,22.2,1.4,1.4,0.0,6.0,53,17.4,37.8,213,Drizzle: Moderate,1,1,
51157,2021-07-07 17:15:00,40.768593,-73.98522,0,0,Driver Inattention/Distraction,4435396,31.4,22.2,1.4,1.4,0.0,6.0,53,17.4,37.8,213,Drizzle: Moderate,0,0,
51158,2021-07-04 20:14:00,40.662983,-73.92356,0,0,Passing or Lane Usage Improper,4435764,24.6,15.8,1.4,1.4,0.0,12.0,51,11.8,27.0,299,Drizzle: Light,0,0,
51159,2021-07-07 18:05:00,40.727486,-73.797516,0,0,Failure to Yield Right-of-Way,4435257,31.4,22.2,1.4,1.4,0.0,6.0,53,17.4,37.8,213,Drizzle: Moderate,0,0,
51160,2021-06-20 13:30:00,40.70143,-73.88701,0,0,Driver Inattention/Distraction,4435790,28.7,17.3,0.3,0.3,0.0,2.0,51,19.5,40.0,212,Drizzle: Light,0,0,
51161,2021-07-09 00:00:00,40.676174,-73.89282,0,0,Unspecified,4435997,29.8,22.0,35.0,35.0,0.0,14.0,63,31.0,55.8,341,Rain: Moderate,0,0,
51162,2021-07-06 19:44:00,40.748466,-73.87352,1,0,Failure to Yield Right-of-Way,4435679,33.6,21.9,2.1,2.1,0.0,4.0,61,21.8,49.7,231,Rain: Light,1,1,
51163,2021-07-08 13:38:00,40.701134,-73.81716,0,0,Aggressive Driving/Road Rage,4435272,28.3,21.3,15.2,15.2,0.0,12.0,63,16.9,48.2,125,Rain: Moderate,0,0,
51164,2021-07-09 12:40:00,40.702274,-73.94308,0,0,Unspecified,4435863,29.8,22.0,35.0,35.0,0.0,14.0,63,31.0,55.8,341,Rain: Moderate,0,0,
51165,2021-07-09 18:11:00,40.537197,-74.22379,0,0,Unspecified,4435695,29.8,22.0,35.0,35.0,0.0,14.0,63,31.0,55.8,341,Rain: Moderate,0,0,
51166,2021-07-09 14:58:00,40.587273,-73.953766,0,0,Unspecified,4435612,29.8,22.0,35.0,35.0,0.0,14.0,63,31.0,55.8,341,Rain: Moderate,0,0,
51167,2021-06-28 14:35:00,40.823887,-73.95232,2,0,Turning Improperly,4435464,32.3,22.9,0.0,0.0,0.0,0.0,3,20.0,37.8,212,Overcast,2,2,
51168,2021-07-08 05:30:00,40.626556,-74.0916,1,0,Fell Asleep,4435295,28.3,21.3,15.2,15.2,0.0,12.0,63,16.9,48.2,125,Rain: Moderate,1,1,
51169,2021-07-07 22:00:00,40.772705,-73.949486,0,0,Backing Unsafely,4435065,31.4,22.2,1.4,1.4,0.0,6.0,53,17.4,37.8,213,Drizzle: Moderate,0,0,
51170,2022-01-16 15:20:00,40.59366,-73.98469,0,0,Driver Inattention/Distraction,4495195,1.3,-13.5,4.4,0.7,2.59,4.0,75,28.1,47.2,36,Snow fall: Heavy,0,0,Snowy Conditions
51171,2022-01-07 20:00:00,40.88102,-73.90331,0,0,Driver Inattention/Distraction,4495658,-0.0,-5.7,9.0,0.0,6.3,11.0,75,26.8,48.6,313,Snow fall: Heavy,0,0,Snowy Conditions
51172,2022-01-03 17:20:00,40.657173,-73.921074,0,0,Unspecified,4495468,2.0,-4.4,1.4,0.0,0.98,6.0,73,29.3,55.4,359,Snow fall: Moderate,0,0,Snowy Conditions
51173,2022-01-16 18:21:00,40.71153,-73.95504,5,0,Following Too Closely,4495034,1.3,-13.5,4.4,0.7,2.59,4.0,75,28.1,47.2,36,Snow fall: Heavy,5,5,Snowy Conditions
51174,2022-01-16 11:00:00,40.72298,-73.74476,1,0,Unspecified,4495255,1.3,-13.5,4.4,0.7,2.59,4.0,75,28.1,47.2,36,Snow fall: Heavy,1,1,Snowy Conditions
51175,2022-01-16 17:00:00,40.61295,-74.083,0,0,Unspecified,4495323,1.3,-13.5,4.4,0.7,2.59,4.0,75,28.1,47.2,36,Snow fall: Heavy,0,0,Snowy Conditions
51176,2021-12-11 15:20:00,40.75193,-73.993645,0,0,Oversized Vehicle,4495420,17.3,5.0,8.1,8.1,0.0,5.0,63,35.0,67.0,206,Rain: Moderate,0,0,
51177,2022-01-16 02:45:00,40.88269,-73.892746,1,0,Passing or Lane Usage Improper,4495436,1.3,-13.5,4.4,0.7,2.59,4.0,75,28.1,47.2,36,Snow fall: Heavy,1,1,Snowy Conditions
51178,2022-01-16 01:13:00,40.64466,-74.09847,0,0,Backing Unsafely,4495007,1.3,-13.5,4.4,0.7,2.59,4.0,75,28.1,47.2,36,Snow fall: Heavy,0,0,Snowy Conditions
51179,2022-01-16 14:40:00,40.651512,-74.00734,1,0,Turning Improperly,4494941,1.3,-13.5,4.4,0.7,2.59,4.0,75,28.1,47.2,36,Snow fall: Heavy,1,1,Snowy Conditions
51180,2022-01-16 17:35:00,40.619186,-74.02558,1,0,Driver Inattention/Distraction,4494990,1.3,-13.5,4.4,0.7,2.59,4.0,75,28.1,47.2,36,Snow fall: Heavy,1,1,Snowy Conditions
51181,2022-01-16 16:15:00,40.735195,-73.88001,0,0,Unspecified,4494943,1.3,-13.5,4.4,0.7,2.59,4.0,75,28.1,47.2,36,Snow fall: Heavy,0,0,Snowy Conditions
51182,2022-01-14 20:22:00,40.645134,-73.90232,1,0,Driver Inattention/Distraction,4495597,5.0,-5.0,0.0,0.0,0.0,0.0,3,34.6,62.6,358,Overcast,1,1,
51183,2022-01-16 16:25:00,40.702286,-73.751724,0,0,Passing or Lane Usage Improper,4495024,1.3,-13.5,4.4,0.7,2.59,4.0,75,28.1,47.2,36,Snow fall: Heavy,0,0,Snowy Conditions
51184,2022-01-16 12:45:00,40.61055,-74.00145,1,0,Backing Unsafely,4494887,1.3,-13.5,4.4,0.7,2.59,4.0,75,28.1,47.2,36,Snow fall: Heavy,1,1,Snowy Conditions
51185,2022-01-13 16:00:00,40.909206,-73.90348,0,0,Unspecified,4495435,7.1,-3.7,0.0,0.0,0.0,0.0,3,9.7,18.7,193,Overcast,0,0,
51186,2022-01-16 14:42:00,40.72416,-73.973495,2,0,Following Too Closely,4495171,1.3,-13.5,4.4,0.7,2.59,4.0,75,28.1,47.2,36,Snow fall: Heavy,2,2,Snowy Conditions
51187,2022-01-16 06:28:00,40.67725,-73.92754,0,0,Driver Inexperience,4495206,1.3,-13.5,4.4,0.7,2.59,4.0,75,28.1,47.2,36,Snow fall: Heavy,0,0,Snowy Conditions
51188,2022-01-16 14:30:00,40.605038,-74.12084,0,0,Driver Inattention/Distraction,4495461,1.3,-13.5,4.4,0.7,2.59,4.0,75,28.1,47.2,36,Snow fall: Heavy,0,0,Snowy Conditions
51189,2022-01-16 19:00:00,40.748104,-73.83126,0,0,Passing or Lane Usage Improper,4495329,1.3,-13.5,4.4,0.7,2.59,4.0,75,28.1,47.2,36,Snow fall: Heavy,0,0,Snowy Conditions
51190,2022-01-13 08:05:00,40.80595,-73.93519,0,0,Passing Too Closely,4495449,7.1,-3.7,0.0,0.0,0.0,0.0,3,9.7,18.7,193,Overcast,0,0,
51191,2022-01-16 10:30:00,40.740746,-73.87955,0,0,Driver Inattention/Distraction,4494908,1.3,-13.5,4.4,0.7,2.59,4.0,75,28.1,47.2,36,Snow fall: Heavy,0,0,Snowy Conditions
51192,2022-01-16 19:50:00,40.709515,-73.73236,0,0,Unspecified,4495015,1.3,-13.5,4.4,0.7,2.59,4.0,75,28.1,47.2,36,Snow fall: Heavy,0,0,Snowy Conditions
51193,2022-01-16 20:09:00,40.757065,-73.83863,0,0,Unsafe Lane Changing,4495126,1.3,-13.5,4.4,0.7,2.59,4.0,75,28.1,47.2,36,Snow fall: Heavy,0,0,Snowy Conditions
51194,2022-01-16 23:51:00,40.882126,-73.870125,0,0,Unspecified,4495314,1.3,-13.5,4.4,0.7,2.59,4.0,75,28.1,47.2,36,Snow fall: Heavy,0,0,Snowy Conditions
51195,2022-01-15 22:15:00,40.76133,-73.871185,0,0,Aggressive Driving/Road Rage,4495528,-5.3,-11.1,0.0,0.0,0.0,0.0,3,22.4,46.1,345,Overcast,0,0,
51196,2022-01-16 22:38:00,40.705246,-73.95908,0,0,Passing or Lane Usage Improper,4495037,1.3,-13.5,4.4,0.7,2.59,4.0,75,28.1,47.2,36,Snow fall: Heavy,0,0,Snowy Conditions