,CRASH DATETIME,LATITUDE,LONGITUDE,NUMBER OF PERSONS INJURED,NUMBER OF PERSONS KILLED,CONTRIBUTING FACTOR VEHICLE 1,COLLISION_ID,temperature_2m_max,temperature_2m_min,precipitation_sum,rain_sum,snowfall_sum,precipitation_hours,weather_code,wind_speed_10m_max,wind_gusts_10m_max,wind_direction_10m_dominant,Weather Description,Severity_Score,Total_Affected_Persons,Weather_Category
51197,2022-01-16 04:15:00,40.71976,-73.94476,0,0,Driver Inattention/Distraction,4495083,1.3,-13.5,4.4,0.7,2.59,4.0,75,28.1,47.2,36,Snow fall: Heavy,0,0,Snowy Conditions
51198,2022-01-14 20:15:00,40.67219,-73.983795,1,0,Unspecified,4495621,5.0,-5.0,0.0,0.0,0.0,0.0,3,34.6,62.6,358,Overcast,1,1,
51199,2022-01-16 09:39:00,40.64289,-74.00815,0,0,Unspecified,4494973,1.3,-13.5,4.4,0.7,2.59,4.0,75,28.1,47.2,36,Snow fall: Heavy,0,0,Snowy Conditions
51200,2022-01-11 22:20:00,40.76492,-73.93861,0,0,Unspecified,4495507,-4.2,-8.8,0.0,0.0,0.0,0.0,1,26.7,50.8,316,Mainly clear,0,0,Sunny/Clear Conditions
51201,2022-01-16 14:30:00,40.83301,-73.95027,0,0,Unspecified,4495397,1.3,-13.5,4.4,0.7,2.59,4.0,75,28.1,47.2,36,Snow fall: Heavy,0,0,Snowy Conditions
51202,2022-01-16 20:00:00,40.602028,-74.18777,0,0,Unsafe Speed,4495426,1.3,-13.5,4.4,0.7,2.59,4.0,75,28.1,47.2,36,Snow fall: Heavy,0,0,Snowy Conditions
51203,2022-01-16 15:00:00,40.832863,-73.94204,1,0,Backing Unsafely,4495495,1.3,-13.5,4.4,0.7,2.59,4.0,75,28.1,47.2,36,Snow fall: Heavy,1,1,Snowy Conditions
51204,2022-01-16 06:10:00,40.6271,-74.12514,0,0,Driver Inattention/Distraction,4495585,1.3,-13.5,4.4,0.7,2.59,4.0,75,28.1,47.2,36,Snow fall: Heavy,0,0,Snowy Conditions
51205,2022-01-16 23:27:00,40.639442,-73.929085,1,0,Unspecified,4495161,1.3,-13.5,4.4,0.7,2.59,4.0,75,28.1,47.2,36,Snow fall: Heavy,1,1,Snowy Conditions
51206,2022-01-15 08:42:00,40.77873,-73.977844,0,0,Passing or Lane Usage Improper,4495554,-5.3,-11.1,0.0,0.0,0.0,0.0,3,22.4,46.1,345,Overcast,0,0,
51207,2022-01-16 20:05:00,40.5832,-73.97304,0,0,Unspecified,4495197,1.3,-13.5,4.4,0.7,2.59,4.0,75,28.1,47.2,36,Snow fall: Heavy,0,0,Snowy Conditions
51208,2021-07-10 01:25:00,40.768276,-73.86524,0,0,Alcohol Involvement,4435429,25.5,20.7,0.5,0.5,0.0,3.0,51,14.5,29.9,1,Drizzle: Light,0,0,
51209,2022-01-16 21:00:00,40.74473,-73.93359,0,0,Driver Inattention/Distraction,4495097,1.3,-13.5,4.4,0.7,2.59,4.0,75,28.1,47.2,36,Snow fall: Heavy,0,0,Snowy Conditions
51210,2022-01-15 22:30:00,40.86226,-73.89589,1,0,Driver Inattention/Distraction,4495514,-5.3,-11.1,0.0,0.0,0.0,0.0,3,22.4,46.1,345,Overcast,1,1,
51211,2022-01-16 13:15:00,40.690998,-73.84141,0,0,Driver Inattention/Distraction,4495218,1.3,-13.5,4.4,0.7,2.59,4.0,75,28.1,47.2,36,Snow fall: Heavy,0,0,Snowy Conditions
51212,2022-01-16 04:45:00,40.815525,-73.89503,1,0,Unspecified,4495221,1.3,-13.5,4.4,0.7,2.59,4.0,75,28.1,47.2,36,Snow fall: Heavy,1,1,Snowy Conditions
51213,2022-01-16 05:30:00,40.720623,-73.99498,0,0,Driver Inattention/Distraction,4495184,1.3,-13.5,4.4,0.7,2.59,4.0,75,28.1,47.2,36,Snow fall: Heavy,0,0,Snowy Conditions
51214,2022-01-16 16:30:00,40.544075,-74.15808,0,0,Driver Inattention/Distraction,4495563,1.3,-13.5,4.4,0.7,2.59,4.0,75,28.1,47.2,36,Snow fall: Heavy,0,0,Snowy Conditions
51215,2022-01-16 21:00:00,40.865685,-73.823425,0,0,Driver Inexperience,4495645,1.3,-13.5,4.4,0.7,2.59,4.0,75,28.1,47.2,36,Snow fall: Heavy,0,0,Snowy Conditions
51216,2022-01-16 18:30:00,40.694492,-73.80361,0,0,Unspecified,4495065,1.3,-13.5,4.4,0.7,2.59,4.0,75,28.1,47.2,36,Snow fall: Heavy,0,0,Snowy Conditions
51217,2022-01-12 15:50:00,40.69943,-73.762695,0,0,Failure to Yield Right-of-Way,4495485,4.6,-7.3,0.0,0.0,0.0,0.0,3,20.5,39.2,213,Overcast,0,0,
51218,2022-01-14 18:00:00,40.69985,-73.80974,0,0,Passing Too Closely,4495545,5.0,-5.0,0.0,0.0,0.0,0.0,3,34.6,62.6,358,Overcast,0,0,
51219,2022-01-16 02:00:00,40.823383,-73.91835,1,0,Failure to Yield Right-of-Way,4494803,1.3,-13.5,4.4,0.7,2.59,4.0,75,28.1,47.2,36,Snow fall: Heavy,1,1,Snowy Conditions
51220,2022-01-14 18:04:00,40.843956,-73.8978,0,0,Driver Inattention/Distraction,4495570,5.0,-5.0,0.0,0.0,0.0,0.0,3,34.6,62.6,358,Overcast,0,0,
51221,2022-01-16 13:18:00,40.675106,-73.80979,1,0,View Obstructed/Limited,4495043,1.3,-13.5,4.4,0.7,2.59,4.0,75,28.1,47.2,36,Snow fall: Heavy,1,1,Snowy Conditions
51222,2022-01-16 01:00:00,40.740704,-74.001854,0,0,Driver Inattention/Distraction,4495186,1.3,-13.5,4.4,0.7,2.59,4.0,75,28.1,47.2,36,Snow fall: Heavy,0,0,Snowy Conditions
51223,2022-01-16 00:01:00,40.66997,-73.9757,0,0,Pavement Slippery,4495101,1.3,-13.5,4.4,0.7,2.59,4.0,75,28.1,47.2,36,Snow fall: Heavy,0,0,Snowy Conditions
51224,2022-01-16 19:40:00,40.75927,-73.980896,1,0,Pavement Slippery,4495467,1.3,-13.5,4.4,0.7,2.59,4.0,75,28.1,47.2,36,Snow fall: Heavy,1,1,Snowy Conditions
51225,2022-01-16 20:06:00,40.715797,-73.83873,0,0,Unspecified,4495512,1.3,-13.5,4.4,0.7,2.59,4.0,75,28.1,47.2,36,Snow fall: Heavy,0,0,Snowy Conditions
51226,2022-01-16 17:32:00,40.60023,-73.9956,0,0,Driver Inattention/Distraction,4495157,1.3,-13.5,4.4,0.7,2.59,4.0,75,28.1,47.2,36,Snow fall: Heavy,0,0,Snowy Conditions
51227,2022-01-14 23:27:00,40.62268,-73.926285,0,0,Driver Inattention/Distraction,4495607,5.0,-5.0,0.0,0.0,0.0,0.0,3,34.6,62.6,358,Overcast,0,0,
51228,2022-01-16 04:20:00,40.8467,-73.86668,0,0,Driver Inattention/Distraction,4494971,1.3,-13.5,4.4,0.7,2.59,4.0,75,28.1,47.2,36,Snow fall: Heavy,0,0,Snowy Conditions
51229,2022-01-16 17:53:00,40.63073,-74.01734,1,0,Failure to Yield Right-of-Way,4494991,1.3,-13.5,4.4,0.7,2.59,4.0,75,28.1,47.2,36,Snow fall: Heavy,1,1,Snowy Conditions
51230,2022-01-16 22:50:00,40.76531,-73.99134,1,0,Passing Too Closely,4495359,1.3,-13.5,4.4,0.7,2.59,4.0,75,28.1,47.2,36,Snow fall: Heavy,1,1,Snowy Conditions
51231,2022-01-16 19:50:00,40.842846,-73.82568,0,0,Alcohol Involvement,4495059,1.3,-13.5,4.4,0.7,2.59,4.0,75,28.1,47.2,36,Snow fall: Heavy,0,0,Snowy Conditions
51232,2021-07-10 23:15:00,40.615353,-73.89708,0,0,Unspecified,4435596,25.5,20.7,0.5,0.5,0.0,3.0,51,14.5,29.9,1,Drizzle: Light,0,0,
51233,2022-01-13 18:00:00,40.584625,-74.15764,0,0,Driver Inattention/Distraction,4495454,7.1,-3.7,0.0,0.0,0.0,0.0,3,9.7,18.7,193,Overcast,0,0,
51234,2022-01-16 01:00:00,40.67315,-73.896194,0,0,Following Too Closely,4494923,1.3,-13.5,4.4,0.7,2.59,4.0,75,28.1,47.2,36,Snow fall: Heavy,0,0,Snowy Conditions
51235,2022-01-16 12:50:00,40.816044,-73.91195,2,0,Unspecified,4495238,1.3,-13.5,4.4,0.7,2.59,4.0,75,28.1,47.2,36,Snow fall: Heavy,2,2,Snowy Conditions
51236,2022-01-16 02:10:00,40.708256,-73.91997,0,0,Driver Inattention/Distraction,4495400,1.3,-13.5,4.4,0.7,2.59,4.0,75,28.1,47.2,36,Snow fall: Heavy,0,0,Snowy Conditions
51237,2022-01-16 00:09:00,40.72729,-73.86795,0,0,Reaction to Uninvolved Vehicle,4494983,1.3,-13.5,4.4,0.7,2.59,4.0,75,28.1,47.2,36,Snow fall: Heavy,0,0,Snowy Conditions
51238,2022-01-16 09:30:00,40.817173,-73.94607,0,0,Other Vehicular,4495117,1.3,-13.5,4.4,0.7,2.59,4.0,75,28.1,47.2,36,Snow fall: Heavy,0,0,Snowy Conditions
51239,2022-01-13 16:50:00,40.751232,-73.89004,0,0,Unspecified,4495529,7.1,-3.7,0.0,0.0,0.0,0.0,3,9.7,18.7,193,Overcast,0,0,
51240,2022-01-11 10:00:00,40.713474,-74.00483,0,0,Passing Too Closely,4495583,-4.2,-8.8,0.0,0.0,0.0,0.0,1,26.7,50.8,316,Mainly clear,0,0,Sunny/Clear Conditions
51241,2022-01-16 12:56:00,40.608807,-73.9532,0,0,Unspecified,4495049,1.3,-13.5,4.4,0.7,2.59,4.0,75,28.1,47.2,36,Snow fall: Heavy,0,0,Snowy Conditions
51242,2022-01-16 23:30:00,40.738266,-73.79706,0,0,Pavement Slippery,4495133,1.3,-13.5,4.4,0.7,2.59,4.0,75,28.1,47.2,36,Snow fall: Heavy,0,0,Snowy Conditions
51243,2022-01-09 15:30:00,40.765137,-73.88142,0,0,Driver Inattention/Distraction,4495522,4.0,-5.3,5.1,5.1,0.0,12.0,53,23.8,42.1,220,Drizzle: Moderate,0,0,
51244,2022-01-16 16:00:00,40.745117,-73.904495,1,0,Driver Inattention/Distraction,4495327,1.3,-13.5,4.4,0.7,2.59,4.0,75,28.1,47.2,36,Snow fall: Heavy,1,1,Snowy Conditions
51245,2022-01-16 03:29:00,40.74038,-73.80456,0,0,Steering Failure,4494825,1.3,-13.5,4.4,0.7,2.59,4.0,75,28.1,47.2,36,Snow fall: Heavy,0,0,Snowy Conditions
51246,2022-01-12 09:20:00,40.809166,-73.942856,0,0,Unspecified,4495445,4.6,-7.3,0.0,0.0,0.0,0.0,3,20.5,39.2,213,Overcast,0,0,
51247,2022-01-16 04:20:00,40.67091,-73.771,0,0,Tire Failure/Inadequate,4495027,1.3,-13.5,4.4,0.7,2.59,4.0,75,28.1,47.2,36,Snow fall: Heavy,0,0,Snowy Conditions
51248,2022-01-16 02:23:00,40.7179,-73.83202,0,0,Other Vehicular,4495410,1.3,-13.5,4.4,0.7,2.59,4.0,75,28.1,47.2,36,Snow fall: Heavy,0,0,Snowy Conditions
51249,2022-01-16 23:04:00,40.68537,-73.8406,0,0,Following Too Closely,4495254,1.3,-13.5,4.4,0.7,2.59,4.0,75,28.1,47.2,36,Snow fall: Heavy,0,0,Snowy Conditions
51250,2022-01-16 00:40:00,40.744026,-73.92616,0,0,Driver Inattention/Distraction,4495166,1.3,-13.5,4.4,0.7,2.59,4.0,75,28.1,47.2,36,Snow fall: Heavy,0,0,Snowy Conditions
51251,2022-01-16 23:30:00,40.645298,-74.10466,0,0,Unspecified,4495591,1.3,-13.5,4.4,0.7,2.59,4.0,75,28.1,47.2,36,Snow fall: Heavy,0,0,Snowy Conditions
51252,2022-01-16 07:20:00,40.85814,-73.895744,0,0,Unspecified,4495202,1.3,-13.5,4.4,0.7,2.59,4.0,75,28.1,47.2,36,Snow fall: Heavy,0,0,Snowy Conditions
51253,2022-01-09 22:45:00,40.767597,-73.88539,0,0,Driver Inattention/Distraction,4495524,4.0,-5.3,5.1,5.1,0.0,12.0,53,23.8,42.1,220,Drizzle: Moderate,0,0,
51254,2022-01-15 05:41:00,40.621998,-74.147156,0,0,Driver Inattention/Distraction,4495455,-5.3,-11.1,0.0,0.0,0.0,0.0,3,22.4,46.1,345,Overcast,0,0,
51255,2022-01-14 20:00:00,40.83723,-73.93884,1,0,,4495496,5.0,-5.0,0.0,0.0,0.0,0.0,3,34.6,62.6,358,Overcast,1,1,
51256,2022-01-16 21:23:00,40.743866,-73.82568,0,0,Unspecified,4495132,1.3,-13.5,4.4,0.7,2.59,4.0,75,28.1,47.2,36,Snow fall: Heavy,0,0,Snowy Conditions
51257,2022-01-04 14:00:00,40.806614,-73.90769,1,0,Unspecified,4495418,0.7,-6.7,0.0,0.0,0.0,0.0,3,20.0,36.4,287,Overcast,1,1,
51258,2022-01-16 04:43:00,40.753902,-73.90122,0,0,Passing or Lane Usage Improper,4494868,1.3,-13.5,4.4,0.7,2.59,4.0,75,28.1,47.2,36,Snow fall: Heavy,0,0,Snowy Conditions
51259,2022-01-16 23:46:00,40.788982,-73.93039,0,0,View Obstructed/Limited,4495210,1.3,-13.5,4.4,0.7,2.59,4.0,75,28.1,47.2,36,Snow fall: Heavy,0,0,Snowy Conditions
51260,2022-01-16 07:50:00,40.674362,-73.98302,0,0,Backing Unsafely,4494999,1.3,-13.5,4.4,0.7,2.59,4.0,75,28.1,47.2,36,Snow fall: Heavy,0,0,Snowy Conditions
51261,2022-01-16 15:11:00,40.696144,-73.826645,0,0,Turning Improperly,4495228,1.3,-13.5,4.4,0.7,2.59,4.0,75,28.1,47.2,36,Snow fall: Heavy,0,0,Snowy Conditions
51262,2022-01-16 19:15:00,40.74807,-73.863335,1,0,Driver Inattention/Distraction,4495064,1.3,-13.5,4.4,0.7,2.59,4.0,75,28.1,47.2,36,Snow fall: Heavy,1,1,Snowy Conditions
51263,2022-01-16 17:30:00,40.798515,-73.94169,1,0,,4495209,1.3,-13.5,4.4,0.7,2.59,4.0,75,28.1,47.2,36,Snow fall: Heavy,1,1,Snowy Conditions
51264,2022-01-13 16:00:00,40.773655,-73.97783,0,0,Passing Too Closely,4495553,7.1,-3.7,0.0,0.0,0.0,0.0,3,9.7,18.7,193,Overcast,0,0,
51265,2022-01-16 07:25:00,40.653526,-73.94697,0,0,Alcohol Involvement,4495160,1.3,-13.5,4.4,0.7,2.59,4.0,75,28.1,47.2,36,Snow fall: Heavy,0,0,Snowy Conditions
51266,2022-01-02 08:14:00,40.89433,-73.8509,0,0,Unsafe Speed,4495565,13.1,2.7,16.0,16.0,0.0,8.0,65,25.1,52.6,318,Rain: Heavy,0,0,
51267,2022-01-16 01:30:00,40.725018,-73.72205,0,0,Unspecified,4494744,1.3,-13.5,4.4,0.7,2.59,4.0,75,28.1,47.2,36,Snow fall: Heavy,0,0,Snowy Conditions
51268,2022-01-14 16:18:00,40.842094,-73.84836,0,0,Unspecified,4495646,5.0,-5.0,0.0,0.0,0.0,0.0,3,34.6,62.6,358,Overcast,0,0,
51269,2022-01-16 07:35:00,40.693573,-73.92275,2,0,Traffic Control Disregarded,4495401,1.3,-13.5,4.4,0.7,2.59,4.0,75,28.1,47.2,36,Snow fall: Heavy,2,2,Snowy Conditions
51270,2022-01-16 00:00:00,40.702454,-73.859406,0,0,Pavement Slippery,4494979,1.3,-13.5,4.4,0.7,2.59,4.0,75,28.1,47.2,36,Snow fall: Heavy,0,0,Snowy Conditions
51271,2022-01-16 20:09:00,40.70731,-73.804245,0,0,Pavement Slippery,4494984,1.3,-13.5,4.4,0.7,2.59,4.0,75,28.1,47.2,36,Snow fall: Heavy,0,0,Snowy Conditions
51272,2022-01-16 23:30:00,40.76561,-73.83104,0,0,Alcohol Involvement,4495291,1.3,-13.5,4.4,0.7,2.59,4.0,75,28.1,47.2,36,Snow fall: Heavy,0,0,Snowy Conditions
51273,2022-01-07 14:00:00,40.824722,-73.82089,0,0,Unspecified,4495644,-0.0,-5.7,9.0,0.0,6.3,11.0,75,26.8,48.6,313,Snow fall: Heavy,0,0,Snowy Conditions
51274,2022-01-16 23:45:00,40.719406,-73.902504,0,0,Failure to Yield Right-of-Way,4495012,1.3,-13.5,4.4,0.7,2.59,4.0,75,28.1,47.2,36,Snow fall: Heavy,0,0,Snowy Conditions
51275,2022-01-16 10:30:00,40.78069,-73.9466,0,0,Traffic Control Disregarded,4495370,1.3,-13.5,4.4,0.7,2.59,4.0,75,28.1,47.2,36,Snow fall: Heavy,0,0,Snowy Conditions
51276,2022-01-16 16:45:00,40.75671,-73.986465,0,0,Driver Inattention/Distraction,4495428,1.3,-13.5,4.4,0.7,2.59,4.0,75,28.1,47.2,36,Snow fall: Heavy,0,0,Snowy Conditions
51277,2022-01-16 05:09:00,40.639446,-74.02696,0,0,Driver Inattention/Distraction,4494895,1.3,-13.5,4.4,0.7,2.59,4.0,75,28.1,47.2,36,Snow fall: Heavy,0,0,Snowy Conditions
51278,2022-01-05 06:45:00,40.757908,-73.9893,1,0,Unspecified,4495422,6.9,-2.1,0.5,0.5,0.0,4.0,51,21.8,38.2,216,Drizzle: Light,1,1,
51279,2022-01-13 21:40:00,40.625313,-74.17835,1,0,Unspecified,4495453,7.1,-3.7,0.0,0.0,0.0,0.0,3,9.7,18.7,193,Overcast,1,1,
51280,2022-01-16 03:50:00,40.672714,-73.89032,0,0,Traffic Control Disregarded,4494934,1.3,-13.5,4.4,0.7,2.59,4.0,75,28.1,47.2,36,Snow fall: Heavy,0,0,Snowy Conditions
51281,2022-01-16 05:45:00,40.734337,-73.91025,0,0,Driver Inattention/Distraction,4495011,1.3,-13.5,4.4,0.7,2.59,4.0,75,28.1,47.2,36,Snow fall: Heavy,0,0,Snowy Conditions
51282,2022-01-16 11:40:00,40.671528,-73.81573,0,0,Passing or Lane Usage Improper,4495041,1.3,-13.5,4.4,0.7,2.59,4.0,75,28.1,47.2,36,Snow fall: Heavy,0,0,Snowy Conditions
51283,2022-01-14 11:32:00,40.772785,-73.96472,1,0,Driver Inattention/Distraction,4495474,5.0,-5.0,0.0,0.0,0.0,0.0,3,34.6,62.6,358,Overcast,1,1,
51284,2022-01-12 22:28:00,40.634525,-74.02566,0,0,Passing or Lane Usage Improper,4495605,4.6,-7.3,0.0,0.0,0.0,0.0,3,20.5,39.2,213,Overcast,0,0,
51285,2022-01-16 15:30:00,40.644127,-74.00417,1,0,Pedestrian/Bicyclist/Other Pedestrian Error/Confusion,4494964,1.3,-13.5,4.4,0.7,2.59,4.0,75,28.1,47.2,36,Snow fall: Heavy,1,1,Snowy Conditions
51286,2022-01-16 11:27:00,40.705868,-73.80925,1,0,Unsafe Speed,4495062,1.3,-13.5,4.4,0.7,2.59,4.0,75,28.1,47.2,36,Snow fall: Heavy,1,1,Snowy Conditions
51287,2022-01-16 01:05:00,40.654953,-74.00703,0,0,Alcohol Involvement,4494865,1.3,-13.5,4.4,0.7,2.59,4.0,75,28.1,47.2,36,Snow fall: Heavy,0,0,Snowy Conditions
51288,2022-01-16 17:50:00,40.73635,-73.97502,0,0,Unspecified,4495019,1.3,-13.5,4.4,0.7,2.59,4.0,75,28.1,47.2,36,Snow fall: Heavy,0,0,Snowy Conditions
51289,2022-01-14 12:02:00,40.828133,-73.84518,3,0,View Obstructed/Limited,4495549,5.0,-5.0,0.0,0.0,0.0,0.0,3,34.6,62.6,358,Overcast,3,3,
51290,2022-01-16 23:00:00,40.661846,-73.95705,0,0,Driver Inattention/Distraction,4495102,1.3,-13.5,4.4,0.7,2.59,4.0,75,28.1,47.2,36,Snow fall: Heavy,0,0,Snowy Conditions
51291,2022-01-16 17:00:00,40.752888,-73.96374,0,0,Driver Inattention/Distraction,4495349,1.3,-13.5,4.4,0.7,2.59,4.0,75,28.1,47.2,36,Snow fall: Heavy,0,0,Snowy Conditions
51292,2022-01-02 18:30:00,40.819416,-73.93975,0,0,Passing Too Closely,4495441,13.1,2.7,16.0,16.0,0.0,8.0,65,25.1,52.6,318,Rain: Heavy,0,0,
51293,2022-01-05 15:55:00,40.709034,-73.90481,1,0,Failure to Yield Right-of-Way,4495417,6.9,-2.1,0.5,0.5,0.0,4.0,51,21.8,38.2,216,Drizzle: Light,1,1,
51294,2022-01-16 03:00:00,0.0,0.0,1,0,Traffic Control Disregarded,4495176,1.3,-13.5,4.4,0.7,2.59,4.0,75,28.1,47.2,36,Snow fall: Heavy,1,1,Snowy Conditions
51295,2022-01-15 11:33:00,40.754375,-73.8234,1,0,Driver Inattention/Distraction,4495511,-5.3,-11.1,0.0,0.0,0.0,0.0,3,22.4,46.1,345,Overcast,1,1,
51296,2022-01-16 11:48:00,40.757442,-73.86747,0,0,Unspecified,4495530,1.3,-13.5,4.4,0.7,2.59,4.0,75,28.1,47.2,36,Snow fall: Heavy,0,0,Snowy Conditions
51297,2022-01-16 06:30:00,40.654533,-73.860916,2,0,Following Too Closely,4494811,1.3,-13.5,4.4,0.7,2.59,4.0,75,28.1,47.2,36,Snow fall: Heavy,2,2,Snowy Conditions
51298,2022-01-13 18:20:00,40.738842,-73.81404,0,0,Following Too Closely,4495566,7.1,-3.7,0.0,0.0,0.0,0.0,3,9.7,18.7,193,Overcast,0,0,
51299,2022-01-16 19:57:00,40.663605,-73.934395,0,0,Driver Inexperience,4494992,1.3,-13.5,4.4,0.7,2.59,4.0,75,28.1,47.2,36,Snow fall: Heavy,0,0,Snowy Conditions
51300,2022-01-16 23:03:00,40.75819,-73.82318,1,0,Failure to Yield Right-of-Way,4495134,1.3,-13.5,4.4,0.7,2.59,4.0,75,28.1,47.2,36,Snow fall: Heavy,1,1,Snowy Conditions
51301,2022-01-12 11:30:00,40.62806,-74.02029,2,0,Driver Inattention/Distraction,4495488,4.6,-7.3,0.0,0.0,0.0,0.0,3,20.5,39.2,213,Overcast,2,2,
51302,2022-01-16 19:39:00,40.65446,-73.930695,1,0,Unspecified,4495158,1.3,-13.5,4.4,0.7,2.59,4.0,75,28.1,47.2,36,Snow fall: Heavy,1,1,Snowy Conditions
51303,2022-01-16 12:35:00,40.759327,-73.82597,0,0,Unsafe Lane Changing,4495249,1.3,-13.5,4.4,0.7,2.59,4.0,75,28.1,47.2,36,Snow fall: Heavy,0,0,Snowy Conditions
51304,2021-07-10 18:38:00,40.88882,-73.843056,1,0,Turning Improperly,4435943,25.5,20.7,0.5,0.5,0.0,3.0,51,14.5,29.9,1,Drizzle: Light,1,1,
51305,2022-01-15 09:15:00,40.837456,-73.85828,1,0,Driver Inattention/Distraction,4495500,-5.3,-11.1,0.0,0.0,0.0,0.0,3,22.4,46.1,345,Overcast,1,1,
51306,2022-01-16 20:17:00,40.74646,-73.91709,3,0,Driver Inattention/Distraction,4495114,1.3,-13.5,4.4,0.7,2.59,4.0,75,28.1,47.2,36,Snow fall: Heavy,3,3,Snowy Conditions
51307,2022-01-16 13:10:00,40.59126,-73.94012,0,0,Unspecified,4495050,1.3,-13.5,4.4,0.7,2.59,4.0,75,28.1,47.2,36,Snow fall: Heavy,0,0,Snowy Conditions
51308,2022-01-15 16:40:00,40.77537,-73.98772,0,0,Unspecified,4495556,-5.3,-11.1,0.0,0.0,0.0,0.0,3,22.4,46.1,345,Overcast,0,0,
51309,2022-01-12 12:47:00,40.78202,-73.97173,1,0,Driver Inattention/Distraction,4495580,4.6,-7.3,0.0,0.0,0.0,0.0,3,20.5,39.2,213,Overcast,1,1,
51310,2022-01-16 16:59:00,40.702007,-73.821205,1,0,Passing or Lane Usage Improper,4495325,1.3,-13.5,4.4,0.7,2.59,4.0,75,28.1,47.2,36,Snow fall: Heavy,1,1,Snowy Conditions
51311,2022-01-15 17:00:00,40.830765,-73.863235,0,0,Unspecified,4495464,-5.3,-11.1,0.0,0.0,0.0,0.0,3,22.4,46.1,345,Overcast,0,0,
51312,2022-01-16 17:12:00,40.720375,-74.003265,1,0,Unspecified,4495164,1.3,-13.5,4.4,0.7,2.59,4.0,75,28.1,47.2,36,Snow fall: Heavy,1,1,Snowy Conditions
51313,2022-01-16 10:45:00,40.69037,-73.92755,0,0,Driver Inattention/Distraction,4495213,1.3,-13.5,4.4,0.7,2.59,4.0,75,28.1,47.2,36,Snow fall: Heavy,0,0,Snowy Conditions
51314,2022-01-10 14:00:00,40.754917,-73.86427,2,0,Driver Inattention/Distraction,4495521,4.1,-4.3,0.0,0.0,0.0,0.0,3,24.1,44.3,295,Overcast,2,2,
51315,2022-01-16 12:00:00,40.635506,-73.913284,0,0,Driver Inattention/Distraction,4495229,1.3,-13.5,4.4,0.7,2.59,4.0,75,28.1,47.2,36,Snow fall: Heavy,0,0,Snowy Conditions
51316,2022-01-16 01:25:00,40.756145,-73.8798,0,0,Driver Inattention/Distraction,4495525,1.3,-13.5,4.4,0.7,2.59,4.0,75,28.1,47.2,36,Snow fall: Heavy,0,0,Snowy Conditions
51317,2022-01-16 02:29:00,40.72023,-73.776054,0,0,Fatigued/Drowsy,4494745,1.3,-13.5,4.4,0.7,2.59,4.0,75,28.1,47.2,36,Snow fall: Heavy,0,0,Snowy Conditions
51318,2022-01-15 21:47:00,40.71406,-73.95292,0,0,Following Too Closely,4495654,-5.3,-11.1,0.0,0.0,0.0,0.0,3,22.4,46.1,345,Overcast,0,0,
51319,2022-01-16 23:23:00,40.63082,-73.88636,0,0,Driver Inattention/Distraction,4495559,1.3,-13.5,4.4,0.7,2.59,4.0,75,28.1,47.2,36,Snow fall: Heavy,0,0,Snowy Conditions
51320,2022-01-16 02:15:00,40.761486,-73.96061,0,0,Driver Inexperience,4495087,1.3,-13.5,4.4,0.7,2.59,4.0,75,28.1,47.2,36,Snow fall: Heavy,0,0,Snowy Conditions
51321,2022-01-16 16:05:00,40.700356,-73.912575,0,0,Failure to Yield Right-of-Way,4495402,1.3,-13.5,4.4,0.7,2.59,4.0,75,28.1,47.2,36,Snow fall: Heavy,0,0,Snowy Conditions
51322,2022-01-16 19:55:00,40.742504,-73.73431,0,0,Unsafe Speed,4494986,1.3,-13.5,4.4,0.7,2.59,4.0,75,28.1,47.2,36,Snow fall: Heavy,0,0,Snowy Conditions
51323,2022-01-16 19:30:00,40.728855,-73.92782,0,0,Unspecified,4495383,1.3,-13.5,4.4,0.7,2.59,4.0,75,28.1,47.2,36,Snow fall: Heavy,0,0,Snowy Conditions
51324,2022-01-16 20:00:00,40.637833,-74.08193,0,0,Driver Inattention/Distraction,4495590,1.3,-13.5,4.4,0.7,2.59,4.0,75,28.1,47.2,36,Snow fall: Heavy,0,0,Snowy Conditions
51325,2022-01-15 19:45:00,40.753143,-73.89062,1,0,Failure to Yield Right-of-Way,4495493,-5.3,-11.1,0.0,0.0,0.0,0.0,3,22.4,46.1,345,Overcast,1,1,
51326,2022-01-16 11:25:00,40.73974,-73.92319,1,0,Driver Inattention/Distraction,4495175,1.3,-13.5,4.4,0.7,2.59,4.0,75,28.1,47.2,36,Snow fall: Heavy,1,1,Snowy Conditions
51327,2022-01-16 11:50:00,40.8466,-73.90381,0,0,Traffic Control Disregarded,4495199,1.3,-13.5,4.4,0.7,2.59,4.0,75,28.1,47.2,36,Snow fall: Heavy,0,0,Snowy Conditions
51328,2022-01-15 15:12:00,40.62459,-74.14129,3,0,Driver Inattention/Distraction,4495459,-5.3,-11.1,0.0,0.0,0.0,0.0,3,22.4,46.1,345,Overcast,3,3,
51329,2022-01-16 15:40:00,40.871597,-73.87727,0,0,Unspecified,4495276,1.3,-13.5,4.4,0.7,2.59,4.0,75,28.1,47.2,36,Snow fall: Heavy,0,0,Snowy Conditions
51330,2022-01-16 22:00:00,40.669724,-73.86097,2,0,Unspecified,4495018,1.3,-13.5,4.4,0.7,2.59,4.0,75,28.1,47.2,36,Snow fall: Heavy,2,2,Snowy Conditions