,CRASH DATETIME,LATITUDE,LONGITUDE,NUMBER OF PERSONS INJURED,NUMBER OF PERSONS KILLED,CONTRIBUTING FACTOR VEHICLE 1,COLLISION_ID,temperature_2m_max,temperature_2m_min,precipitation_sum,rain_sum,snowfall_sum,precipitation_hours,weather_code,wind_speed_10m_max,wind_gusts_10m_max,wind_direction_10m_dominant,Weather Description,Severity_Score,Total_Affected_Persons,Weather_Category
51331,2022-01-16 02:12:00,40.68305,-73.97377,0,0,Driver Inattention/Distraction,4495047,1.3,-13.5,4.4,0.7,2.59,4.0,75,28.1,47.2,36,Snow fall: Heavy,0,0,Snowy Conditions
51332,2022-01-16 06:25:00,40.739635,-73.86074,1,0,Turning Improperly,4494900,1.3,-13.5,4.4,0.7,2.59,4.0,75,28.1,47.2,36,Snow fall: Heavy,1,1,Snowy Conditions
51333,2022-01-16 10:20:00,40.836407,-73.87678,0,0,Driver Inattention/Distraction,4495300,1.3,-13.5,4.4,0.7,2.59,4.0,75,28.1,47.2,36,Snow fall: Heavy,0,0,Snowy Conditions
51334,2022-01-16 20:40:00,40.766922,-73.83548,0,0,Following Too Closely,4495131,1.3,-13.5,4.4,0.7,2.59,4.0,75,28.1,47.2,36,Snow fall: Heavy,0,0,Snowy Conditions
51335,2022-01-11 15:25:00,40.67149,-73.99637,0,0,Passing or Lane Usage Improper,4495625,-4.2,-8.8,0.0,0.0,0.0,0.0,1,26.7,50.8,316,Mainly clear,0,0,Sunny/Clear Conditions
51336,2022-01-16 00:10:00,40.66697,-73.767,0,0,Passing or Lane Usage Improper,4495020,1.3,-13.5,4.4,0.7,2.59,4.0,75,28.1,47.2,36,Snow fall: Heavy,0,0,Snowy Conditions
51337,2022-01-16 19:55:00,40.834812,-73.830124,0,0,Unspecified,4495051,1.3,-13.5,4.4,0.7,2.59,4.0,75,28.1,47.2,36,Snow fall: Heavy,0,0,Snowy Conditions
51338,2022-01-16 10:30:00,40.842083,-73.85667,0,0,Backing Unsafely,4495465,1.3,-13.5,4.4,0.7,2.59,4.0,75,28.1,47.2,36,Snow fall: Heavy,0,0,Snowy Conditions
51339,2022-01-14 14:48:00,40.63375,-73.99346,0,0,Following Too Closely,4495424,5.0,-5.0,0.0,0.0,0.0,0.0,3,34.6,62.6,358,Overcast,0,0,
51340,2022-01-05 17:10:00,40.665726,-73.96425,0,0,Failure to Yield Right-of-Way,4495431,6.9,-2.1,0.5,0.5,0.0,4.0,51,21.8,38.2,216,Drizzle: Light,0,0,
51341,2022-01-16 09:56:00,40.65869,-73.950424,0,0,Unspecified,4494894,1.3,-13.5,4.4,0.7,2.59,4.0,75,28.1,47.2,36,Snow fall: Heavy,0,0,Snowy Conditions
51342,2022-01-16 04:17:00,40.633877,-73.908905,1,0,Alcohol Involvement,4495208,1.3,-13.5,4.4,0.7,2.59,4.0,75,28.1,47.2,36,Snow fall: Heavy,1,1,Snowy Conditions
51343,2022-01-16 02:00:00,40.755505,-73.96807,0,0,Other Vehicular,4494976,1.3,-13.5,4.4,0.7,2.59,4.0,75,28.1,47.2,36,Snow fall: Heavy,0,0,Snowy Conditions
51344,2022-01-16 05:30:00,40.634293,-74.12025,0,0,Passing or Lane Usage Improper,4495324,1.3,-13.5,4.4,0.7,2.59,4.0,75,28.1,47.2,36,Snow fall: Heavy,0,0,Snowy Conditions
51345,2022-01-16 00:27:00,40.69467,-73.83307,0,0,Following Too Closely,4494836,1.3,-13.5,4.4,0.7,2.59,4.0,75,28.1,47.2,36,Snow fall: Heavy,0,0,Snowy Conditions
51346,2022-01-16 11:16:00,40.7111,-73.77783,0,0,Driver Inattention/Distraction,4495063,1.3,-13.5,4.4,0.7,2.59,4.0,75,28.1,47.2,36,Snow fall: Heavy,0,0,Snowy Conditions
51347,2022-01-15 12:00:00,40.60307,-74.01667,0,0,Unsafe Lane Changing,4495421,-5.3,-11.1,0.0,0.0,0.0,0.0,3,22.4,46.1,345,Overcast,0,0,
51348,2022-01-16 11:15:00,40.662186,-73.737946,1,0,Other Vehicular,4495257,1.3,-13.5,4.4,0.7,2.59,4.0,75,28.1,47.2,36,Snow fall: Heavy,1,1,Snowy Conditions
51349,2022-01-16 00:00:00,40.866062,-73.92251,0,0,Fell Asleep,4495010,1.3,-13.5,4.4,0.7,2.59,4.0,75,28.1,47.2,36,Snow fall: Heavy,0,0,Snowy Conditions
51350,2022-01-08 01:35:00,40.774113,-73.98863,1,0,Aggressive Driving/Road Rage,4495576,-3.3,-8.4,0.0,0.0,0.0,0.0,1,21.6,37.8,277,Mainly clear,1,1,Sunny/Clear Conditions
51351,2022-01-16 04:50:00,40.758884,-73.871666,0,0,Driver Inattention/Distraction,4495532,1.3,-13.5,4.4,0.7,2.59,4.0,75,28.1,47.2,36,Snow fall: Heavy,0,0,Snowy Conditions
51352,2022-01-16 15:20:00,40.605495,-73.98307,1,0,Driver Inattention/Distraction,4495151,1.3,-13.5,4.4,0.7,2.59,4.0,75,28.1,47.2,36,Snow fall: Heavy,1,1,Snowy Conditions
51353,2022-01-16 21:05:00,40.668125,-73.90358,1,0,Failure to Yield Right-of-Way,4495104,1.3,-13.5,4.4,0.7,2.59,4.0,75,28.1,47.2,36,Snow fall: Heavy,1,1,Snowy Conditions
51354,2022-01-16 18:35:00,40.844368,-73.88902,1,0,Driver Inattention/Distraction,4495469,1.3,-13.5,4.4,0.7,2.59,4.0,75,28.1,47.2,36,Snow fall: Heavy,1,1,Snowy Conditions
51355,2022-01-10 18:19:00,40.720818,-73.80637,0,0,Driver Inattention/Distraction,4495509,4.1,-4.3,0.0,0.0,0.0,0.0,3,24.1,44.3,295,Overcast,0,0,
51356,2022-01-16 16:24:00,40.631287,-73.945564,0,0,Other Vehicular,4495159,1.3,-13.5,4.4,0.7,2.59,4.0,75,28.1,47.2,36,Snow fall: Heavy,0,0,Snowy Conditions
51357,2022-01-16 20:08:00,40.607666,-74.0336,1,0,Pavement Slippery,4494993,1.3,-13.5,4.4,0.7,2.59,4.0,75,28.1,47.2,36,Snow fall: Heavy,1,1,Snowy Conditions
51358,2022-01-16 15:38:00,40.876476,-73.84608,1,0,Passing or Lane Usage Improper,4494962,1.3,-13.5,4.4,0.7,2.59,4.0,75,28.1,47.2,36,Snow fall: Heavy,1,1,Snowy Conditions
51359,2022-01-11 09:57:00,40.696297,-73.97716,0,0,Driver Inattention/Distraction,4495601,-4.2,-8.8,0.0,0.0,0.0,0.0,1,26.7,50.8,316,Mainly clear,0,0,Sunny/Clear Conditions
51360,2022-01-16 22:25:00,40.720673,-73.742325,0,0,Driver Inattention/Distraction,4495337,1.3,-13.5,4.4,0.7,2.59,4.0,75,28.1,47.2,36,Snow fall: Heavy,0,0,Snowy Conditions
51361,2022-01-06 07:18:00,40.811096,-73.95235,0,0,Driver Inattention/Distraction,4495440,4.1,-0.7,0.0,0.0,0.0,0.0,3,20.2,38.2,269,Overcast,0,0,
51362,2022-01-16 21:20:00,40.772984,-73.88942,1,0,Pavement Slippery,4495032,1.3,-13.5,4.4,0.7,2.59,4.0,75,28.1,47.2,36,Snow fall: Heavy,1,1,Snowy Conditions
51363,2022-01-16 14:57:00,40.550816,-74.16572,0,0,Driver Inattention/Distraction,4495179,1.3,-13.5,4.4,0.7,2.59,4.0,75,28.1,47.2,36,Snow fall: Heavy,0,0,Snowy Conditions
51364,2022-01-06 14:00:00,40.691433,-73.89063,1,0,Passing Too Closely,4495416,4.1,-0.7,0.0,0.0,0.0,0.0,3,20.2,38.2,269,Overcast,1,1,
51365,2022-01-16 17:04:00,40.823467,-73.91622,0,0,Unspecified,4495245,1.3,-13.5,4.4,0.7,2.59,4.0,75,28.1,47.2,36,Snow fall: Heavy,0,0,Snowy Conditions
51366,2022-01-16 17:15:00,40.64254,-73.87652,0,0,Following Too Closely,4494935,1.3,-13.5,4.4,0.7,2.59,4.0,75,28.1,47.2,36,Snow fall: Heavy,0,0,Snowy Conditions
51367,2022-01-16 06:20:00,40.682037,-74.00232,0,0,Pavement Slippery,4494815,1.3,-13.5,4.4,0.7,2.59,4.0,75,28.1,47.2,36,Snow fall: Heavy,0,0,Snowy Conditions
51368,2022-01-16 05:28:00,40.74826,-73.877884,0,0,Driver Inattention/Distraction,4495066,1.3,-13.5,4.4,0.7,2.59,4.0,75,28.1,47.2,36,Snow fall: Heavy,0,0,Snowy Conditions
51369,2022-01-16 18:23:00,40.90348,-73.85035,1,0,Turning Improperly,4495190,1.3,-13.5,4.4,0.7,2.59,4.0,75,28.1,47.2,36,Snow fall: Heavy,1,1,Snowy Conditions
51370,2022-01-16 14:47:00,40.673374,-73.8565,0,0,Unsafe Speed,4495039,1.3,-13.5,4.4,0.7,2.59,4.0,75,28.1,47.2,36,Snow fall: Heavy,0,0,Snowy Conditions
51371,2022-01-12 12:41:00,40.824562,-73.87259,0,0,Driver Inattention/Distraction,4495548,4.6,-7.3,0.0,0.0,0.0,0.0,3,20.5,39.2,213,Overcast,0,0,
51372,2022-01-16 17:30:00,40.89063,-73.85892,0,0,Turning Improperly,4495568,1.3,-13.5,4.4,0.7,2.59,4.0,75,28.1,47.2,36,Snow fall: Heavy,0,0,Snowy Conditions
51373,2022-01-11 06:00:00,40.6957,-73.75674,0,0,Passing Too Closely,4495486,-4.2,-8.8,0.0,0.0,0.0,0.0,1,26.7,50.8,316,Mainly clear,0,0,Sunny/Clear Conditions
51374,2022-01-16 18:20:00,40.828407,-73.93125,1,0,Following Too Closely,4495089,1.3,-13.5,4.4,0.7,2.59,4.0,75,28.1,47.2,36,Snow fall: Heavy,1,1,Snowy Conditions
51375,2022-01-12 09:28:00,40.676243,-73.95269,2,0,Following Too Closely,4495501,4.6,-7.3,0.0,0.0,0.0,0.0,3,20.5,39.2,213,Overcast,2,2,
51376,2022-01-16 19:20:00,40.64174,-73.90366,0,0,Unspecified,4495303,1.3,-13.5,4.4,0.7,2.59,4.0,75,28.1,47.2,36,Snow fall: Heavy,0,0,Snowy Conditions
51377,2021-12-16 19:51:00,40.681797,-73.97681,0,0,Unsafe Lane Changing,4495624,14.6,9.9,0.0,0.0,0.0,0.0,3,22.4,38.5,222,Overcast,0,0,
51378,2022-01-16 20:46:00,40.865223,-73.90145,0,0,Unspecified,4495278,1.3,-13.5,4.4,0.7,2.59,4.0,75,28.1,47.2,36,Snow fall: Heavy,0,0,Snowy Conditions
51379,2022-01-16 15:56:00,40.61941,-73.93714,0,0,Driver Inexperience,4494975,1.3,-13.5,4.4,0.7,2.59,4.0,75,28.1,47.2,36,Snow fall: Heavy,0,0,Snowy Conditions
51380,2022-01-16 01:55:00,40.667847,-73.77612,0,0,Unspecified,4495022,1.3,-13.5,4.4,0.7,2.59,4.0,75,28.1,47.2,36,Snow fall: Heavy,0,0,Snowy Conditions
51381,2022-01-14 10:30:00,40.60809,-74.14093,0,0,Driver Inattention/Distraction,4495450,5.0,-5.0,0.0,0.0,0.0,0.0,3,34.6,62.6,358,Overcast,0,0,
51382,2022-01-16 02:36:00,40.70143,-73.88707,0,0,Fell Asleep,4494905,1.3,-13.5,4.4,0.7,2.59,4.0,75,28.1,47.2,36,Snow fall: Heavy,0,0,Snowy Conditions
51383,2022-01-15 11:44:00,40.833717,-73.8483,1,0,Following Too Closely,4495494,-5.3,-11.1,0.0,0.0,0.0,0.0,3,22.4,46.1,345,Overcast,1,1,
51384,2022-01-16 01:21:00,40.740704,-73.931526,2,0,Driver Inattention/Distraction,4495163,1.3,-13.5,4.4,0.7,2.59,4.0,75,28.1,47.2,36,Snow fall: Heavy,2,2,Snowy Conditions
51385,2022-01-15 15:00:00,40.78049,-73.983986,0,0,Passing or Lane Usage Improper,4495555,-5.3,-11.1,0.0,0.0,0.0,0.0,3,22.4,46.1,345,Overcast,0,0,
51386,2022-01-16 11:26:00,40.70975,-73.79562,1,0,Pedestrian/Bicyclist/Other Pedestrian Error/Confusion,4495560,1.3,-13.5,4.4,0.7,2.59,4.0,75,28.1,47.2,36,Snow fall: Heavy,1,1,Snowy Conditions
51387,2022-01-16 17:45:00,40.797,-73.93778,0,0,Driver Inattention/Distraction,4495207,1.3,-13.5,4.4,0.7,2.59,4.0,75,28.1,47.2,36,Snow fall: Heavy,0,0,Snowy Conditions
51388,2022-01-16 15:00:00,40.683994,-73.83895,1,0,Failure to Yield Right-of-Way,4495231,1.3,-13.5,4.4,0.7,2.59,4.0,75,28.1,47.2,36,Snow fall: Heavy,1,1,Snowy Conditions
51389,2022-01-15 11:15:00,40.8827,-73.892845,0,0,Backing Unsafely,4495657,-5.3,-11.1,0.0,0.0,0.0,0.0,3,22.4,46.1,345,Overcast,0,0,
51390,2022-01-16 00:10:00,40.7196,-73.94391,0,0,Driver Inattention/Distraction,4495086,1.3,-13.5,4.4,0.7,2.59,4.0,75,28.1,47.2,36,Snow fall: Heavy,0,0,Snowy Conditions
51391,2022-01-16 10:00:00,40.635647,-74.158,0,0,Driver Inattention/Distraction,4495460,1.3,-13.5,4.4,0.7,2.59,4.0,75,28.1,47.2,36,Snow fall: Heavy,0,0,Snowy Conditions
51392,2022-01-16 08:00:00,40.858948,-73.83625,0,0,Other Vehicular,4495130,1.3,-13.5,4.4,0.7,2.59,4.0,75,28.1,47.2,36,Snow fall: Heavy,0,0,Snowy Conditions
51393,2022-01-16 21:30:00,40.606556,-73.973625,0,0,Unspecified,4495215,1.3,-13.5,4.4,0.7,2.59,4.0,75,28.1,47.2,36,Snow fall: Heavy,0,0,Snowy Conditions
51394,2022-01-16 10:33:00,40.668224,-73.953445,0,0,Unspecified,4494893,1.3,-13.5,4.4,0.7,2.59,4.0,75,28.1,47.2,36,Snow fall: Heavy,0,0,Snowy Conditions
51395,2022-01-16 08:40:00,40.76515,-73.985115,0,0,Passing Too Closely,4495396,1.3,-13.5,4.4,0.7,2.59,4.0,75,28.1,47.2,36,Snow fall: Heavy,0,0,Snowy Conditions
51396,2022-01-16 19:48:00,40.830097,-73.87955,0,0,Unsafe Speed,4495466,1.3,-13.5,4.4,0.7,2.59,4.0,75,28.1,47.2,36,Snow fall: Heavy,0,0,Snowy Conditions
51397,2022-01-16 21:40:00,40.75513,-73.84391,0,0,Steering Failure,4495057,1.3,-13.5,4.4,0.7,2.59,4.0,75,28.1,47.2,36,Snow fall: Heavy,0,0,Snowy Conditions
51398,2022-01-16 19:12:00,40.6708,-73.83596,1,0,Driver Inattention/Distraction,4495045,1.3,-13.5,4.4,0.7,2.59,4.0,75,28.1,47.2,36,Snow fall: Heavy,1,1,Snowy Conditions
51399,2021-10-03 00:40:00,40.68338,-73.869255,0,0,Passing Too Closely,4463721,25.9,12.8,0.0,0.0,0.0,0.0,3,12.0,24.1,217,Overcast,0,0,
51400,2021-10-07 16:15:00,40.738495,-73.90274,2,0,Driver Inattention/Distraction,4465249,22.4,15.7,0.4,0.4,0.0,4.0,51,10.5,20.5,231,Drizzle: Light,2,2,
51401,2021-10-25 07:30:00,40.774,-73.83001,2,0,Following Too Closely,4471559,22.8,13.5,10.7,10.7,0.0,8.0,63,18.9,33.5,172,Rain: Moderate,2,2,
51402,2021-10-07 16:00:00,40.79292,-73.94579,0,0,Unspecified,4471667,22.4,15.7,0.4,0.4,0.0,4.0,51,10.5,20.5,231,Drizzle: Light,0,0,
51403,2021-10-25 16:45:00,40.81516,-73.91774,0,0,Unspecified,4471643,22.8,13.5,10.7,10.7,0.0,8.0,63,18.9,33.5,172,Rain: Moderate,0,0,
51404,2021-10-25 21:21:00,40.570354,-74.10986,0,0,Unspecified,4471590,22.8,13.5,10.7,10.7,0.0,8.0,63,18.9,33.5,172,Rain: Moderate,0,0,
51405,2021-10-25 19:50:00,40.72106,-73.75945,1,0,Driver Inattention/Distraction,4471562,22.8,13.5,10.7,10.7,0.0,8.0,63,18.9,33.5,172,Rain: Moderate,1,1,
51406,2021-12-12 22:53:00,40.675285,-73.8819,0,0,Unspecified,4486027,13.0,3.4,0.5,0.5,0.0,1.0,53,32.4,62.6,284,Drizzle: Moderate,0,0,
51407,2021-10-25 22:40:00,40.74209,-73.854324,0,0,Driver Inattention/Distraction,4471023,22.8,13.5,10.7,10.7,0.0,8.0,63,18.9,33.5,172,Rain: Moderate,0,0,
51408,2021-10-25 21:06:00,40.771076,-73.947586,0,0,Following Too Closely,4470943,22.8,13.5,10.7,10.7,0.0,8.0,63,18.9,33.5,172,Rain: Moderate,0,0,
51409,2021-10-23 08:00:00,40.835808,-73.949455,0,0,Unsafe Speed,4471418,15.9,10.4,0.2,0.2,0.0,2.0,51,14.4,26.6,326,Drizzle: Light,0,0,
51410,2021-10-25 11:30:00,40.681995,-74.002625,0,0,Passing Too Closely,4471371,22.8,13.5,10.7,10.7,0.0,8.0,63,18.9,33.5,172,Rain: Moderate,0,0,
51411,2022-01-15 00:23:00,40.743374,-73.83591,2,0,Unsafe Lane Changing,4495425,-5.3,-11.1,0.0,0.0,0.0,0.0,3,22.4,46.1,345,Overcast,2,2,
51412,2021-10-25 22:07:00,40.655464,-73.91385,1,0,Pavement Slippery,4471070,22.8,13.5,10.7,10.7,0.0,8.0,63,18.9,33.5,172,Rain: Moderate,1,1,
51413,2021-10-25 14:25:00,40.81238,-73.903244,0,0,Unspecified,4470969,22.8,13.5,10.7,10.7,0.0,8.0,63,18.9,33.5,172,Rain: Moderate,0,0,
51414,2021-10-25 22:10:00,40.720787,-73.94651,0,0,Turning Improperly,4471325,22.8,13.5,10.7,10.7,0.0,8.0,63,18.9,33.5,172,Rain: Moderate,0,0,
51415,2021-10-25 17:44:00,40.8703,-73.839905,0,0,Unspecified,4471477,22.8,13.5,10.7,10.7,0.0,8.0,63,18.9,33.5,172,Rain: Moderate,0,0,
51416,2022-01-16 08:45:00,40.75016,-73.90434,0,0,Driver Inattention/Distraction,4495113,1.3,-13.5,4.4,0.7,2.59,4.0,75,28.1,47.2,36,Snow fall: Heavy,0,0,Snowy Conditions
51417,2021-10-13 20:23:00,40.670296,-73.906555,1,0,Unspecified,4471463,21.7,14.8,0.1,0.1,0.0,1.0,51,12.2,23.0,200,Drizzle: Light,1,1,
51418,2022-01-16 02:16:00,40.628586,-73.92113,0,0,Other Vehicular,4495172,1.3,-13.5,4.4,0.7,2.59,4.0,75,28.1,47.2,36,Snow fall: Heavy,0,0,Snowy Conditions
51419,2022-01-15 06:00:00,40.753788,-73.744286,0,0,Unsafe Speed,4495587,-5.3,-11.1,0.0,0.0,0.0,0.0,3,22.4,46.1,345,Overcast,0,0,
51420,2021-10-25 19:44:00,40.66796,-73.77155,1,0,Following Too Closely,4471029,22.8,13.5,10.7,10.7,0.0,8.0,63,18.9,33.5,172,Rain: Moderate,1,1,
51421,2021-10-25 20:20:00,40.82851,-73.88012,0,0,Unspecified,4471047,22.8,13.5,10.7,10.7,0.0,8.0,63,18.9,33.5,172,Rain: Moderate,0,0,
51422,2021-10-25 13:50:00,40.827755,-73.9117,2,0,Driver Inattention/Distraction,4471076,22.8,13.5,10.7,10.7,0.0,8.0,63,18.9,33.5,172,Rain: Moderate,2,2,
51423,2022-01-16 04:35:00,40.751575,-73.85584,1,0,Alcohol Involvement,4495526,1.3,-13.5,4.4,0.7,2.59,4.0,75,28.1,47.2,36,Snow fall: Heavy,1,1,Snowy Conditions
51424,2022-01-16 23:25:00,40.577003,-74.00217,2,0,Driver Inattention/Distraction,4495198,1.3,-13.5,4.4,0.7,2.59,4.0,75,28.1,47.2,36,Snow fall: Heavy,2,2,Snowy Conditions
51425,2022-01-12 16:29:00,40.85429,-73.90027,0,0,Oversized Vehicle,4495505,4.6,-7.3,0.0,0.0,0.0,0.0,3,20.5,39.2,213,Overcast,0,0,
51426,2021-10-25 21:19:00,40.626965,-74.08215,2,0,Unsafe Speed,4471134,22.8,13.5,10.7,10.7,0.0,8.0,63,18.9,33.5,172,Rain: Moderate,2,2,
51427,2021-10-25 22:41:00,40.80153,-73.93669,1,0,Passing or Lane Usage Improper,4470961,22.8,13.5,10.7,10.7,0.0,8.0,63,18.9,33.5,172,Rain: Moderate,1,1,
51428,2021-10-25 07:53:00,40.85592,-73.9172,3,0,Oversized Vehicle,4470990,22.8,13.5,10.7,10.7,0.0,8.0,63,18.9,33.5,172,Rain: Moderate,3,3,
51429,2021-10-25 22:53:00,40.64179,-73.91148,0,0,Driver Inattention/Distraction,4471187,22.8,13.5,10.7,10.7,0.0,8.0,63,18.9,33.5,172,Rain: Moderate,0,0,
51430,2021-10-25 16:35:00,40.676003,-73.865395,0,0,Failure to Yield Right-of-Way,4471051,22.8,13.5,10.7,10.7,0.0,8.0,63,18.9,33.5,172,Rain: Moderate,0,0,
51431,2022-01-05 08:30:00,40.755363,-73.94595,0,0,Unspecified,4495516,6.9,-2.1,0.5,0.5,0.0,4.0,51,21.8,38.2,216,Drizzle: Light,0,0,
51432,2022-01-15 16:50:00,40.648396,-73.94449,0,0,Unspecified,4495534,-5.3,-11.1,0.0,0.0,0.0,0.0,3,22.4,46.1,345,Overcast,0,0,
51433,2021-10-24 01:00:00,40.62748,-74.01789,0,0,Unspecified,4471493,15.5,7.6,0.7,0.7,0.0,1.0,53,13.0,23.8,248,Drizzle: Moderate,0,0,
51434,2021-10-25 15:05:00,40.839745,-73.85796,0,0,Unspecified,4471046,22.8,13.5,10.7,10.7,0.0,8.0,63,18.9,33.5,172,Rain: Moderate,0,0,
51435,2021-10-25 16:15:00,40.756123,-73.991165,1,0,Unspecified,4471357,22.8,13.5,10.7,10.7,0.0,8.0,63,18.9,33.5,172,Rain: Moderate,1,1,
51436,2021-10-25 10:28:00,40.671406,-73.96133,1,0,Failure to Yield Right-of-Way,4471503,22.8,13.5,10.7,10.7,0.0,8.0,63,18.9,33.5,172,Rain: Moderate,1,1,
51437,2022-01-16 02:47:00,40.724266,-73.978714,0,0,Unspecified,4495153,1.3,-13.5,4.4,0.7,2.59,4.0,75,28.1,47.2,36,Snow fall: Heavy,0,0,Snowy Conditions
51438,2021-10-25 23:32:00,40.674564,-73.87767,0,0,Driver Inattention/Distraction,4471059,22.8,13.5,10.7,10.7,0.0,8.0,63,18.9,33.5,172,Rain: Moderate,0,0,
51439,2021-10-25 14:16:00,40.711277,-73.93772,0,0,Driver Inattention/Distraction,4471276,22.8,13.5,10.7,10.7,0.0,8.0,63,18.9,33.5,172,Rain: Moderate,0,0,
51440,2021-10-25 17:20:00,40.86155,-73.92108,0,0,Unspecified,4471380,22.8,13.5,10.7,10.7,0.0,8.0,63,18.9,33.5,172,Rain: Moderate,0,0,
51441,2021-10-25 21:09:00,40.856842,-73.85915,1,0,Pedestrian/Bicyclist/Other Pedestrian Error/Confusion,4471344,22.8,13.5,10.7,10.7,0.0,8.0,63,18.9,33.5,172,Rain: Moderate,1,1,
51442,2021-10-25 07:18:00,40.63626,-74.0876,1,0,Driver Inattention/Distraction,4471511,22.8,13.5,10.7,10.7,0.0,8.0,63,18.9,33.5,172,Rain: Moderate,1,1,
51443,2021-10-25 22:02:00,40.69706,-73.91933,0,0,Traffic Control Device Improper/Non-Working,4471007,22.8,13.5,10.7,10.7,0.0,8.0,63,18.9,33.5,172,Rain: Moderate,0,0,
51444,2021-10-25 16:25:00,40.726864,-73.97991,1,0,Driver Inattention/Distraction,4470927,22.8,13.5,10.7,10.7,0.0,8.0,63,18.9,33.5,172,Rain: Moderate,1,1,
51445,2021-10-25 00:00:00,40.82664,-73.82969,1,0,Passing or Lane Usage Improper,4471009,22.8,13.5,10.7,10.7,0.0,8.0,63,18.9,33.5,172,Rain: Moderate,1,1,
51446,2021-10-25 16:30:00,40.724396,-74.00164,0,0,Unspecified,4470971,22.8,13.5,10.7,10.7,0.0,8.0,63,18.9,33.5,172,Rain: Moderate,0,0,
51447,2021-10-25 21:50:00,40.675224,-73.89097,1,0,Pavement Slippery,4471394,22.8,13.5,10.7,10.7,0.0,8.0,63,18.9,33.5,172,Rain: Moderate,1,1,
51448,2021-10-25 18:00:00,40.663906,-73.95098,0,0,Driver Inattention/Distraction,4470908,22.8,13.5,10.7,10.7,0.0,8.0,63,18.9,33.5,172,Rain: Moderate,0,0,
51449,2021-10-25 13:45:00,40.847965,-73.87145,0,0,Brakes Defective,4471240,22.8,13.5,10.7,10.7,0.0,8.0,63,18.9,33.5,172,Rain: Moderate,0,0,
51450,2021-10-25 05:45:00,40.69168,-73.999344,0,0,Driver Inattention/Distraction,4470976,22.8,13.5,10.7,10.7,0.0,8.0,63,18.9,33.5,172,Rain: Moderate,0,0,
51451,2021-10-25 00:00:00,40.89551,-73.863495,0,0,Turning Improperly,4471467,22.8,13.5,10.7,10.7,0.0,8.0,63,18.9,33.5,172,Rain: Moderate,0,0,
51452,2021-10-25 18:50:00,40.723213,-73.89412,1,0,Following Too Closely,4471208,22.8,13.5,10.7,10.7,0.0,8.0,63,18.9,33.5,172,Rain: Moderate,1,1,
51453,2021-10-25 18:36:00,40.843945,-73.88818,1,0,Other Vehicular,4471343,22.8,13.5,10.7,10.7,0.0,8.0,63,18.9,33.5,172,Rain: Moderate,1,1,
51454,2021-06-06 23:02:00,40.734314,-73.93803,1,0,Driver Inattention/Distraction,4424131,31.0,20.0,0.0,0.0,0.0,0.0,1,16.6,32.4,222,Mainly clear,1,1,Sunny/Clear Conditions
51455,2021-05-24 19:06:00,40.789623,-73.94007,1,0,Turning Improperly,4424456,18.9,13.7,0.0,0.0,0.0,0.0,3,22.4,44.3,126,Overcast,1,1,
51456,2021-06-26 03:25:00,40.677,-73.81965,4,0,Following Too Closely,4431526,26.5,18.6,1.3,1.3,0.0,8.0,51,23.7,52.9,181,Drizzle: Light,4,4,
51457,2021-07-10 10:46:00,40.594982,-73.76955,0,0,Reaction to Uninvolved Vehicle,4436367,25.5,20.7,0.5,0.5,0.0,3.0,51,14.5,29.9,1,Drizzle: Light,0,0,
51458,2021-07-10 03:25:00,40.764286,-73.95562,0,0,Backing Unsafely,4436377,25.5,20.7,0.5,0.5,0.0,3.0,51,14.5,29.9,1,Drizzle: Light,0,0,
51459,2021-07-06 14:16:00,40.696198,-73.98877,0,0,Following Too Closely,4436346,33.6,21.9,2.1,2.1,0.0,4.0,61,21.8,49.7,231,Rain: Light,0,0,
51460,2021-07-09 20:00:00,40.728603,-74.005325,0,0,Passing or Lane Usage Improper,4436359,29.8,22.0,35.0,35.0,0.0,14.0,63,31.0,55.8,341,Rain: Moderate,0,0,
51461,2021-07-09 09:25:00,40.594902,-74.14273,0,0,Driver Inattention/Distraction,4436390,29.8,22.0,35.0,35.0,0.0,14.0,63,31.0,55.8,341,Rain: Moderate,0,0,
51462,2021-10-25 22:00:00,40.688614,-73.989174,1,0,Traffic Control Disregarded,4470904,22.8,13.5,10.7,10.7,0.0,8.0,63,18.9,33.5,172,Rain: Moderate,1,1,
51463,2021-10-25 13:45:00,40.753277,-73.89634,0,0,Passenger Distraction,4471162,22.8,13.5,10.7,10.7,0.0,8.0,63,18.9,33.5,172,Rain: Moderate,0,0,
51464,2021-10-25 14:50:00,40.668625,-73.738235,0,0,Unsafe Lane Changing,4470921,22.8,13.5,10.7,10.7,0.0,8.0,63,18.9,33.5,172,Rain: Moderate,0,0,
51465,2021-07-10 18:00:00,40.830353,-73.90347,0,0,Failure to Yield Right-of-Way,4435621,25.5,20.7,0.5,0.5,0.0,3.0,51,14.5,29.9,1,Drizzle: Light,0,0,
51466,2021-07-10 23:12:00,40.769955,-73.836426,1,0,Following Too Closely,4435797,25.5,20.7,0.5,0.5,0.0,3.0,51,14.5,29.9,1,Drizzle: Light,1,1,