,CRASH DATETIME,LATITUDE,LONGITUDE,NUMBER OF PERSONS INJURED,NUMBER OF PERSONS KILLED,CONTRIBUTING FACTOR VEHICLE 1,COLLISION_ID,temperature_2m_max,temperature_2m_min,precipitation_sum,rain_sum,snowfall_sum,precipitation_hours,weather_code,wind_speed_10m_max,wind_gusts_10m_max,wind_direction_10m_dominant,Weather Description,Severity_Score,Total_Affected_Persons,Weather_Category
51467,2021-07-07 15:00:00,40.772594,-73.88936,1,0,Unsafe Lane Changing,4436323,31.4,22.2,1.4,1.4,0.0,6.0,53,17.4,37.8,213,Drizzle: Moderate,1,1,
51468,2021-07-10 19:10:00,40.65468,-73.90734,0,0,Driver Inattention/Distraction,4436172,25.5,20.7,0.5,0.5,0.0,3.0,51,14.5,29.9,1,Drizzle: Light,0,0,
51469,2021-07-10 19:05:00,40.67538,-73.9082,1,0,Unspecified,4436142,25.5,20.7,0.5,0.5,0.0,3.0,51,14.5,29.9,1,Drizzle: Light,1,1,
51470,2021-07-10 05:15:00,40.7685,-73.90465,0,0,Fell Asleep,4435717,25.5,20.7,0.5,0.5,0.0,3.0,51,14.5,29.9,1,Drizzle: Light,0,0,
51471,2021-05-20 08:35:00,40.761734,-73.98089,0,0,Unspecified,4436044,22.2,12.5,0.0,0.0,0.0,0.0,3,19.0,38.2,147,Overcast,0,0,
51472,2021-07-10 09:56:00,40.846535,-73.932045,1,0,Following Too Closely,4435846,25.5,20.7,0.5,0.5,0.0,3.0,51,14.5,29.9,1,Drizzle: Light,1,1,
51473,2021-06-03 10:14:00,40.68372,-73.78468,1,0,Failure to Yield Right-of-Way,4436119,23.0,13.2,11.9,11.9,0.0,10.0,63,13.6,38.9,165,Rain: Moderate,1,1,
51474,2021-07-10 18:15:00,40.54997,-74.21127,0,0,Driver Inattention/Distraction,4436206,25.5,20.7,0.5,0.5,0.0,3.0,51,14.5,29.9,1,Drizzle: Light,0,0,
51475,2021-07-07 04:30:00,40.885296,-73.895424,0,0,Alcohol Involvement,4436265,31.4,22.2,1.4,1.4,0.0,6.0,53,17.4,37.8,213,Drizzle: Moderate,0,0,
51476,2021-07-10 01:15:00,40.70114,-73.73827,0,0,Traffic Control Disregarded,4435437,25.5,20.7,0.5,0.5,0.0,3.0,51,14.5,29.9,1,Drizzle: Light,0,0,
51477,2021-07-10 15:50:00,40.720417,-73.99268,1,0,Backing Unsafely,4435856,25.5,20.7,0.5,0.5,0.0,3.0,51,14.5,29.9,1,Drizzle: Light,1,1,
51478,2021-07-01 16:00:00,40.532116,-74.15603,1,0,Lost Consciousness,4436197,27.8,22.2,25.2,25.2,0.0,12.0,65,10.6,33.1,280,Rain: Heavy,1,1,
51479,2021-07-05 08:30:00,40.848118,-73.93089,0,0,Driver Inattention/Distraction,4436099,26.4,17.3,0.7,0.7,0.0,2.0,53,18.8,34.6,142,Drizzle: Moderate,0,0,
51480,2021-07-10 04:00:00,40.86348,-73.90812,0,0,Alcohol Involvement,4435462,25.5,20.7,0.5,0.5,0.0,3.0,51,14.5,29.9,1,Drizzle: Light,0,0,
51481,2021-07-10 14:00:00,40.886555,-73.85912,0,0,Driver Inattention/Distraction,4435951,25.5,20.7,0.5,0.5,0.0,3.0,51,14.5,29.9,1,Drizzle: Light,0,0,
51482,2021-07-10 07:45:00,40.66713,-73.89173,0,0,Driver Inattention/Distraction,4436001,25.5,20.7,0.5,0.5,0.0,3.0,51,14.5,29.9,1,Drizzle: Light,0,0,
51483,2021-07-10 09:10:00,40.784466,-73.79995,0,0,Traffic Control Disregarded,4435563,25.5,20.7,0.5,0.5,0.0,3.0,51,14.5,29.9,1,Drizzle: Light,0,0,
51484,2021-07-10 13:52:00,40.848362,-73.86252,0,0,Traffic Control Disregarded,4435520,25.5,20.7,0.5,0.5,0.0,3.0,51,14.5,29.9,1,Drizzle: Light,0,0,
51485,2021-07-02 06:35:00,40.888596,-73.89068,0,0,Unsafe Lane Changing,4436239,24.3,19.2,29.6,29.6,0.0,23.0,63,14.1,27.7,284,Rain: Moderate,0,0,
51486,2021-07-09 15:45:00,40.909824,-73.90154,0,0,Unspecified,4436255,29.8,22.0,35.0,35.0,0.0,14.0,63,31.0,55.8,341,Rain: Moderate,0,0,
51487,2021-07-10 18:25:00,40.75925,-73.97693,0,0,Backing Unsafely,4435548,25.5,20.7,0.5,0.5,0.0,3.0,51,14.5,29.9,1,Drizzle: Light,0,0,
51488,2021-07-10 14:00:00,40.680923,-73.97972,0,0,Passing Too Closely,4435521,25.5,20.7,0.5,0.5,0.0,3.0,51,14.5,29.9,1,Drizzle: Light,0,0,
51489,2021-07-10 03:15:00,40.67506,-73.916626,0,0,Unspecified,4436183,25.5,20.7,0.5,0.5,0.0,3.0,51,14.5,29.9,1,Drizzle: Light,0,0,
51490,2021-07-10 00:33:00,40.7991,-73.96855,0,0,Driver Inattention/Distraction,4435592,25.5,20.7,0.5,0.5,0.0,3.0,51,14.5,29.9,1,Drizzle: Light,0,0,
51491,2021-07-10 03:52:00,40.82699,-73.909294,0,0,Other Vehicular,4435496,25.5,20.7,0.5,0.5,0.0,3.0,51,14.5,29.9,1,Drizzle: Light,0,0,
51492,2021-06-20 22:00:00,40.69579,-73.93313,1,0,Driver Inattention/Distraction,4436066,28.7,17.3,0.3,0.3,0.0,2.0,51,19.5,40.0,212,Drizzle: Light,1,1,
51493,2021-07-10 02:35:00,40.74967,-73.99531,0,0,Unsafe Lane Changing,4435839,25.5,20.7,0.5,0.5,0.0,3.0,51,14.5,29.9,1,Drizzle: Light,0,0,
51494,2021-07-10 18:30:00,40.702343,-73.94239,0,0,Backing Unsafely,4435879,25.5,20.7,0.5,0.5,0.0,3.0,51,14.5,29.9,1,Drizzle: Light,0,0,
51495,2021-07-07 20:56:00,40.86114,-73.91894,0,0,Animals Action,4436091,31.4,22.2,1.4,1.4,0.0,6.0,53,17.4,37.8,213,Drizzle: Moderate,0,0,
51496,2021-07-10 22:40:00,40.674397,-73.896515,0,0,Unspecified,4436005,25.5,20.7,0.5,0.5,0.0,3.0,51,14.5,29.9,1,Drizzle: Light,0,0,
51497,2021-07-10 16:04:00,40.698452,-73.92176,0,0,Driver Inattention/Distraction,4436078,25.5,20.7,0.5,0.5,0.0,3.0,51,14.5,29.9,1,Drizzle: Light,0,0,
51498,2021-07-10 06:00:00,40.72731,-73.95719,0,0,Passing Too Closely,4435515,25.5,20.7,0.5,0.5,0.0,3.0,51,14.5,29.9,1,Drizzle: Light,0,0,
51499,2021-07-10 20:55:00,40.692856,-73.74703,2,0,Driver Inattention/Distraction,4435586,25.5,20.7,0.5,0.5,0.0,3.0,51,14.5,29.9,1,Drizzle: Light,2,2,
51500,2021-07-10 14:30:00,40.682426,-73.937935,1,0,Turning Improperly,4435737,25.5,20.7,0.5,0.5,0.0,3.0,51,14.5,29.9,1,Drizzle: Light,1,1,
51501,2021-06-15 18:45:00,40.685028,-73.94135,2,0,Aggressive Driving/Road Rage,4436221,25.1,17.4,1.0,1.0,0.0,4.0,53,17.7,33.8,295,Drizzle: Moderate,2,2,
51502,2021-07-04 01:00:00,40.691334,-73.79379,0,0,Other Vehicular,4436300,24.6,15.8,1.4,1.4,0.0,12.0,51,11.8,27.0,299,Drizzle: Light,0,0,
51503,2021-07-10 05:53:00,40.686504,-73.87001,0,0,Driver Inattention/Distraction,4436000,25.5,20.7,0.5,0.5,0.0,3.0,51,14.5,29.9,1,Drizzle: Light,0,0,
51504,2021-07-02 11:28:00,40.877537,-73.91039,0,0,Unspecified,4436240,24.3,19.2,29.6,29.6,0.0,23.0,63,14.1,27.7,284,Rain: Moderate,0,0,
51505,2021-07-10 12:10:00,40.59976,-73.903336,1,0,Steering Failure,4435597,25.5,20.7,0.5,0.5,0.0,3.0,51,14.5,29.9,1,Drizzle: Light,1,1,
51506,2021-07-10 14:29:00,40.69696,-73.728065,1,0,Passing or Lane Usage Improper,4435636,25.5,20.7,0.5,0.5,0.0,3.0,51,14.5,29.9,1,Drizzle: Light,1,1,
51507,2021-07-06 14:45:00,40.675842,-73.99905,0,0,Unsafe Lane Changing,4436187,33.6,21.9,2.1,2.1,0.0,4.0,61,21.8,49.7,231,Rain: Light,0,0,
51508,2021-07-10 06:00:00,40.61509,-73.98662,0,0,Unspecified,4435536,25.5,20.7,0.5,0.5,0.0,3.0,51,14.5,29.9,1,Drizzle: Light,0,0,
51509,2021-07-10 05:15:00,40.68511,-73.78654,0,0,Turning Improperly,4436118,25.5,20.7,0.5,0.5,0.0,3.0,51,14.5,29.9,1,Drizzle: Light,0,0,
51510,2021-07-10 09:45:00,40.627293,-74.16622,1,0,Failure to Yield Right-of-Way,4436034,25.5,20.7,0.5,0.5,0.0,3.0,51,14.5,29.9,1,Drizzle: Light,1,1,
51511,2021-07-10 12:15:00,40.818672,-73.86669,1,0,Traffic Control Disregarded,4436058,25.5,20.7,0.5,0.5,0.0,3.0,51,14.5,29.9,1,Drizzle: Light,1,1,
51512,2021-07-10 16:18:00,40.676895,-73.93593,0,0,Traffic Control Disregarded,4436294,25.5,20.7,0.5,0.5,0.0,3.0,51,14.5,29.9,1,Drizzle: Light,0,0,
51513,2021-06-25 18:06:00,40.698566,-73.769585,2,0,Unsafe Speed,4436111,24.7,15.6,0.0,0.0,0.0,0.0,3,20.9,41.0,144,Overcast,2,2,
51514,2021-07-08 01:50:00,40.69488,-73.94042,1,0,Traffic Control Disregarded,4436178,28.3,21.3,15.2,15.2,0.0,12.0,63,16.9,48.2,125,Rain: Moderate,1,1,
51515,2021-07-10 13:00:00,40.750988,-73.99063,1,0,Pedestrian/Bicyclist/Other Pedestrian Error/Confusion,4435819,25.5,20.7,0.5,0.5,0.0,3.0,51,14.5,29.9,1,Drizzle: Light,1,1,
51516,2021-06-25 17:45:00,40.729588,-74.00809,1,0,Following Too Closely,4436368,24.7,15.6,0.0,0.0,0.0,0.0,3,20.9,41.0,144,Overcast,1,1,
51517,2021-07-10 00:15:00,40.655987,-74.002686,1,0,Driver Inattention/Distraction,4435688,25.5,20.7,0.5,0.5,0.0,3.0,51,14.5,29.9,1,Drizzle: Light,1,1,
51518,2021-07-09 22:04:00,40.721966,-74.00824,1,0,Driver Inattention/Distraction,4436381,29.8,22.0,35.0,35.0,0.0,14.0,63,31.0,55.8,341,Rain: Moderate,1,1,
51519,2021-07-10 17:16:00,40.88055,-73.864525,4,0,Unspecified,4435977,25.5,20.7,0.5,0.5,0.0,3.0,51,14.5,29.9,1,Drizzle: Light,4,4,
51520,2021-07-10 11:45:00,40.510815,-74.24199,0,0,Unspecified,4436210,25.5,20.7,0.5,0.5,0.0,3.0,51,14.5,29.9,1,Drizzle: Light,0,0,
51521,2021-07-10 22:09:00,40.747066,-73.97925,1,0,Driver Inattention/Distraction,4435604,25.5,20.7,0.5,0.5,0.0,3.0,51,14.5,29.9,1,Drizzle: Light,1,1,
51522,2021-07-09 16:17:00,40.553837,-74.14578,0,0,Driver Inattention/Distraction,4436124,29.8,22.0,35.0,35.0,0.0,14.0,63,31.0,55.8,341,Rain: Moderate,0,0,
51523,2021-07-06 11:00:00,40.884277,-73.90586,0,0,Unspecified,4436245,33.6,21.9,2.1,2.1,0.0,4.0,61,21.8,49.7,231,Rain: Light,0,0,
51524,2021-07-10 10:00:00,40.681503,-73.81782,0,0,Unsafe Speed,4435922,25.5,20.7,0.5,0.5,0.0,3.0,51,14.5,29.9,1,Drizzle: Light,0,0,
51525,2021-07-10 20:55:00,40.7778,-73.91308,1,0,Driver Inattention/Distraction,4435718,25.5,20.7,0.5,0.5,0.0,3.0,51,14.5,29.9,1,Drizzle: Light,1,1,
51526,2021-07-10 16:05:00,40.831978,-73.93515,1,0,Other Vehicular,4435926,25.5,20.7,0.5,0.5,0.0,3.0,51,14.5,29.9,1,Drizzle: Light,1,1,
51527,2021-07-09 11:10:00,40.680317,-73.996895,1,0,Driver Inattention/Distraction,4436163,29.8,22.0,35.0,35.0,0.0,14.0,63,31.0,55.8,341,Rain: Moderate,1,1,
51528,2021-07-10 00:25:00,40.730442,-73.91367,1,0,Driver Inattention/Distraction,4435430,25.5,20.7,0.5,0.5,0.0,3.0,51,14.5,29.9,1,Drizzle: Light,1,1,
51529,2021-07-10 22:58:00,40.691765,-73.99992,1,0,Unspecified,4436193,25.5,20.7,0.5,0.5,0.0,3.0,51,14.5,29.9,1,Drizzle: Light,1,1,
51530,2021-07-10 16:54:00,40.887478,-73.903824,0,0,Unspecified,4436270,25.5,20.7,0.5,0.5,0.0,3.0,51,14.5,29.9,1,Drizzle: Light,0,0,
51531,2021-07-10 10:46:00,40.623623,-73.92637,0,0,Unspecified,4435630,25.5,20.7,0.5,0.5,0.0,3.0,51,14.5,29.9,1,Drizzle: Light,0,0,
51532,2021-07-09 19:35:00,40.86159,-73.92475,3,0,Driver Inattention/Distraction,4436103,29.8,22.0,35.0,35.0,0.0,14.0,63,31.0,55.8,341,Rain: Moderate,3,3,
51533,2021-07-05 15:30:00,40.88572,-73.91028,0,0,Passing Too Closely,4436244,26.4,17.3,0.7,0.7,0.0,2.0,53,18.8,34.6,142,Drizzle: Moderate,0,0,
51534,2021-07-07 09:30:00,40.669476,-73.919975,0,0,Driver Inattention/Distraction,4436141,31.4,22.2,1.4,1.4,0.0,6.0,53,17.4,37.8,213,Drizzle: Moderate,0,0,
51535,2021-07-10 04:53:00,40.730022,-73.708534,0,0,Driver Inattention/Distraction,4435438,25.5,20.7,0.5,0.5,0.0,3.0,51,14.5,29.9,1,Drizzle: Light,0,0,
51536,2021-07-09 16:24:00,40.670956,-73.91107,1,0,Unspecified,4436170,29.8,22.0,35.0,35.0,0.0,14.0,63,31.0,55.8,341,Rain: Moderate,1,1,
51537,2021-10-25 10:43:00,40.679832,-73.95322,1,0,Unsafe Speed,4471019,22.8,13.5,10.7,10.7,0.0,8.0,63,18.9,33.5,172,Rain: Moderate,1,1,
51538,2021-07-10 21:20:00,40.732613,-73.925156,0,0,Driver Inattention/Distraction,4435602,25.5,20.7,0.5,0.5,0.0,3.0,51,14.5,29.9,1,Drizzle: Light,0,0,
51539,2021-07-10 23:18:00,40.58425,-73.9638,0,0,Driver Inattention/Distraction,4435849,25.5,20.7,0.5,0.5,0.0,3.0,51,14.5,29.9,1,Drizzle: Light,0,0,
51540,2021-07-08 18:59:00,40.523514,-74.21597,2,0,Turning Improperly,4436198,28.3,21.3,15.2,15.2,0.0,12.0,63,16.9,48.2,125,Rain: Moderate,2,2,
51541,2021-07-10 12:45:00,40.645596,-73.999054,0,0,Unspecified,4435689,25.5,20.7,0.5,0.5,0.0,3.0,51,14.5,29.9,1,Drizzle: Light,0,0,
51542,2021-07-10 13:30:00,40.576405,-74.127075,0,0,Following Too Closely,4436123,25.5,20.7,0.5,0.5,0.0,3.0,51,14.5,29.9,1,Drizzle: Light,0,0,
51543,2021-07-10 15:39:00,40.789017,-73.81865,4,0,Following Too Closely,4435808,25.5,20.7,0.5,0.5,0.0,3.0,51,14.5,29.9,1,Drizzle: Light,4,4,
51544,2021-06-25 20:43:00,40.659485,-73.918304,0,0,Unspecified,4436257,24.7,15.6,0.0,0.0,0.0,0.0,3,20.9,41.0,144,Overcast,0,0,
51545,2021-07-06 14:50:00,40.68775,-74.001396,0,0,Unspecified,4436186,33.6,21.9,2.1,2.1,0.0,4.0,61,21.8,49.7,231,Rain: Light,0,0,
51546,2021-07-10 13:49:00,40.597317,-73.75427,1,0,Failure to Yield Right-of-Way,4436371,25.5,20.7,0.5,0.5,0.0,3.0,51,14.5,29.9,1,Drizzle: Light,1,1,
51547,2021-07-10 18:20:00,40.6601,-73.73312,0,0,Unsafe Speed,4435534,25.5,20.7,0.5,0.5,0.0,3.0,51,14.5,29.9,1,Drizzle: Light,0,0,
51548,2021-07-10 15:21:00,40.692123,-73.98904,0,0,Following Too Closely,4435552,25.5,20.7,0.5,0.5,0.0,3.0,51,14.5,29.9,1,Drizzle: Light,0,0,
51549,2021-07-10 15:55:00,40.889336,-73.834114,0,0,Unspecified,4436020,25.5,20.7,0.5,0.5,0.0,3.0,51,14.5,29.9,1,Drizzle: Light,0,0,
51550,2021-07-07 19:25:00,40.900925,-73.88852,0,0,Driver Inexperience,4436250,31.4,22.2,1.4,1.4,0.0,6.0,53,17.4,37.8,213,Drizzle: Moderate,0,0,
51551,2021-07-10 19:15:00,40.869694,-73.86723,2,0,Turning Improperly,4435623,25.5,20.7,0.5,0.5,0.0,3.0,51,14.5,29.9,1,Drizzle: Light,2,2,
51552,2021-05-29 17:40:00,40.69494,-73.780396,2,0,Unsafe Speed,4436084,11.0,8.5,25.1,25.1,0.0,22.0,63,29.9,56.9,39,Rain: Moderate,2,2,
51553,2021-07-10 13:15:00,40.68039,-73.94956,1,0,Outside Car Distraction,4436205,25.5,20.7,0.5,0.5,0.0,3.0,51,14.5,29.9,1,Drizzle: Light,1,1,
51554,2021-07-10 08:00:00,40.718594,-73.93533,0,0,Passing Too Closely,4435517,25.5,20.7,0.5,0.5,0.0,3.0,51,14.5,29.9,1,Drizzle: Light,0,0,
51555,2021-07-10 09:00:00,40.678295,-73.808075,1,0,Driver Inattention/Distraction,4435941,25.5,20.7,0.5,0.5,0.0,3.0,51,14.5,29.9,1,Drizzle: Light,1,1,
51556,2021-07-08 05:18:00,40.862087,-73.91331,0,0,Driver Inattention/Distraction,4436036,28.3,21.3,15.2,15.2,0.0,12.0,63,16.9,48.2,125,Rain: Moderate,0,0,
51557,2021-07-10 15:30:00,40.712128,-73.736404,1,0,Turning Improperly,4435540,25.5,20.7,0.5,0.5,0.0,3.0,51,14.5,29.9,1,Drizzle: Light,1,1,
51558,2021-07-10 08:15:00,40.69149,-73.92557,1,0,Turning Improperly,4435736,25.5,20.7,0.5,0.5,0.0,3.0,51,14.5,29.9,1,Drizzle: Light,1,1,
51559,2021-07-08 18:40:00,40.669262,-73.91356,0,0,Unspecified,4436135,28.3,21.3,15.2,15.2,0.0,12.0,63,16.9,48.2,125,Rain: Moderate,0,0,
51560,2021-07-08 18:25:00,40.65474,-73.90693,2,0,Unspecified,4436177,28.3,21.3,15.2,15.2,0.0,12.0,63,16.9,48.2,125,Rain: Moderate,2,2,
51561,2021-07-10 14:46:00,40.866333,-73.92501,0,0,Unspecified,4436092,25.5,20.7,0.5,0.5,0.0,3.0,51,14.5,29.9,1,Drizzle: Light,0,0,
51562,2021-07-08 07:32:00,40.7236,-73.99379,0,0,Driver Inattention/Distraction,4436403,28.3,21.3,15.2,15.2,0.0,12.0,63,16.9,48.2,125,Rain: Moderate,0,0,
51563,2021-07-10 19:30:00,40.601795,-73.97257,0,0,Traffic Control Disregarded,4435613,25.5,20.7,0.5,0.5,0.0,3.0,51,14.5,29.9,1,Drizzle: Light,0,0,
51564,2021-07-10 09:00:00,40.72468,-73.890884,0,0,Unsafe Lane Changing,4435766,25.5,20.7,0.5,0.5,0.0,3.0,51,14.5,29.9,1,Drizzle: Light,0,0,
51565,2021-06-24 15:25:00,40.656548,-74.0021,1,0,Unspecified,4436315,23.2,13.5,0.0,0.0,0.0,0.0,3,19.7,40.0,145,Overcast,1,1,
51566,2021-07-10 22:40:00,40.704403,-73.814445,1,0,Driver Inattention/Distraction,4436299,25.5,20.7,0.5,0.5,0.0,3.0,51,14.5,29.9,1,Drizzle: Light,1,1,
51567,2021-07-10 12:37:00,40.678455,-73.949684,1,0,Driver Inattention/Distraction,4436288,25.5,20.7,0.5,0.5,0.0,3.0,51,14.5,29.9,1,Drizzle: Light,1,1,
51568,2021-07-10 22:00:00,40.65753,-73.89797,0,0,Driver Inattention/Distraction,4436004,25.5,20.7,0.5,0.5,0.0,3.0,51,14.5,29.9,1,Drizzle: Light,0,0,
51569,2021-06-29 20:07:00,40.70281,-73.9254,1,0,Driver Inattention/Distraction,4436075,33.4,24.0,0.7,0.7,0.0,4.0,51,19.5,40.0,231,Drizzle: Light,1,1,
51570,2021-07-10 16:00:00,40.716164,-73.74477,1,0,Turning Improperly,4435593,25.5,20.7,0.5,0.5,0.0,3.0,51,14.5,29.9,1,Drizzle: Light,1,1,
51571,2021-07-09 23:05:00,40.61244,-74.13231,1,0,View Obstructed/Limited,4436387,29.8,22.0,35.0,35.0,0.0,14.0,63,31.0,55.8,341,Rain: Moderate,1,1,
51572,2021-07-09 18:50:00,40.760403,-73.98748,0,0,Passing or Lane Usage Improper,4436043,29.8,22.0,35.0,35.0,0.0,14.0,63,31.0,55.8,341,Rain: Moderate,0,0,
51573,2021-07-10 21:00:00,40.81033,-73.90914,0,0,Unspecified,4435950,25.5,20.7,0.5,0.5,0.0,3.0,51,14.5,29.9,1,Drizzle: Light,0,0,
51574,2021-07-10 00:00:00,40.810764,-73.9526,0,0,Other Vehicular,4435836,25.5,20.7,0.5,0.5,0.0,3.0,51,14.5,29.9,1,Drizzle: Light,0,0,
51575,2021-06-26 06:00:00,40.716118,-73.98731,0,0,Unspecified,4436311,26.5,18.6,1.3,1.3,0.0,8.0,51,23.7,52.9,181,Drizzle: Light,0,0,
51576,2021-07-09 17:50:00,40.66994,-73.91622,0,0,Driver Inattention/Distraction,4436182,29.8,22.0,35.0,35.0,0.0,14.0,63,31.0,55.8,341,Rain: Moderate,0,0,
51577,2021-07-10 10:45:00,40.651398,-74.00379,0,0,Following Too Closely,4435872,25.5,20.7,0.5,0.5,0.0,3.0,51,14.5,29.9,1,Drizzle: Light,0,0,
51578,2021-07-08 17:20:00,40.62395,-73.98889,0,0,Unspecified,4436342,28.3,21.3,15.2,15.2,0.0,12.0,63,16.9,48.2,125,Rain: Moderate,0,0,
51579,2021-07-10 22:50:00,40.867767,-73.898994,1,0,Driver Inattention/Distraction,4435635,25.5,20.7,0.5,0.5,0.0,3.0,51,14.5,29.9,1,Drizzle: Light,1,1,
51580,2021-07-05 12:40:00,40.665497,-73.75573,2,0,Driver Inattention/Distraction,4436085,26.4,17.3,0.7,0.7,0.0,2.0,53,18.8,34.6,142,Drizzle: Moderate,2,2,
51581,2021-07-07 14:00:00,40.66785,-73.92103,1,0,Passing Too Closely,4436112,31.4,22.2,1.4,1.4,0.0,6.0,53,17.4,37.8,213,Drizzle: Moderate,1,1,
51582,2021-07-10 08:15:00,40.73602,-73.98228,0,0,Driver Inattention/Distraction,4435752,25.5,20.7,0.5,0.5,0.0,3.0,51,14.5,29.9,1,Drizzle: Light,0,0,
51583,2021-07-09 07:00:00,40.790558,-73.95382,0,0,Unspecified,4436047,29.8,22.0,35.0,35.0,0.0,14.0,63,31.0,55.8,341,Rain: Moderate,0,0,
51584,2021-07-10 10:20:00,40.82699,-73.909294,0,0,Unspecified,4435907,25.5,20.7,0.5,0.5,0.0,3.0,51,14.5,29.9,1,Drizzle: Light,0,0,
51585,2021-07-10 16:22:00,40.730267,-73.81207,0,0,Turning Improperly,4435558,25.5,20.7,0.5,0.5,0.0,3.0,51,14.5,29.9,1,Drizzle: Light,0,0,
51586,2021-07-10 17:45:00,40.896694,-73.853516,1,0,Other Vehicular,4435927,25.5,20.7,0.5,0.5,0.0,3.0,51,14.5,29.9,1,Drizzle: Light,1,1,
51587,2021-07-10 18:05:00,40.778812,-73.95609,0,0,Driver Inattention/Distraction,4435898,25.5,20.7,0.5,0.5,0.0,3.0,51,14.5,29.9,1,Drizzle: Light,0,0,
51588,2021-07-08 15:20:00,40.738754,-74.0055,0,0,Turning Improperly,4436358,28.3,21.3,15.2,15.2,0.0,12.0,63,16.9,48.2,125,Rain: Moderate,0,0,
51589,2021-07-09 10:20:00,40.619713,-73.94453,2,0,Driver Inattention/Distraction,4436150,29.8,22.0,35.0,35.0,0.0,14.0,63,31.0,55.8,341,Rain: Moderate,2,2,
51590,2021-07-10 16:49:00,40.627464,-73.89956,0,0,Passing Too Closely,4435812,25.5,20.7,0.5,0.5,0.0,3.0,51,14.5,29.9,1,Drizzle: Light,0,0,
51591,2021-07-08 00:00:00,40.669243,-73.98294,2,0,Failure to Yield Right-of-Way,4436164,28.3,21.3,15.2,15.2,0.0,12.0,63,16.9,48.2,125,Rain: Moderate,2,2,
51592,2021-07-08 11:10:00,40.54287,-74.21532,0,0,Failure to Yield Right-of-Way,4436194,28.3,21.3,15.2,15.2,0.0,12.0,63,16.9,48.2,125,Rain: Moderate,0,0,
51593,2021-07-09 15:05:00,40.67538,-73.9082,0,0,Unspecified,4436102,29.8,22.0,35.0,35.0,0.0,14.0,63,31.0,55.8,341,Rain: Moderate,0,0,
51594,2021-07-10 04:00:00,40.879486,-73.89819,0,0,Driver Inattention/Distraction,4436269,25.5,20.7,0.5,0.5,0.0,3.0,51,14.5,29.9,1,Drizzle: Light,0,0,
51595,2021-07-08 17:30:00,40.91056,-73.89663,0,0,Passing or Lane Usage Improper,4436252,28.3,21.3,15.2,15.2,0.0,12.0,63,16.9,48.2,125,Rain: Moderate,0,0,
51596,2021-07-07 07:51:00,40.727962,-73.95008,1,0,Unsafe Lane Changing,4436039,31.4,22.2,1.4,1.4,0.0,6.0,53,17.4,37.8,213,Drizzle: Moderate,1,1,
51597,2021-07-10 19:10:00,40.66563,-73.73921,0,0,Driver Inattention/Distraction,4435539,25.5,20.7,0.5,0.5,0.0,3.0,51,14.5,29.9,1,Drizzle: Light,0,0,
51598,2021-07-10 18:10:00,40.75544,-73.72199,0,0,Failure to Keep Right,4435541,25.5,20.7,0.5,0.5,0.0,3.0,51,14.5,29.9,1,Drizzle: Light,0,0,
51599,2021-07-10 01:30:00,40.87601,-73.86214,0,0,Unsafe Speed,4435980,25.5,20.7,0.5,0.5,0.0,3.0,51,14.5,29.9,1,Drizzle: Light,0,0,
51600,2021-07-10 17:42:00,40.67236,-74.01124,0,0,Backing Unsafely,4436192,25.5,20.7,0.5,0.5,0.0,3.0,51,14.5,29.9,1,Drizzle: Light,0,0,
51601,2021-07-10 18:15:00,40.766926,-73.77033,1,0,Traffic Control Disregarded,4435584,25.5,20.7,0.5,0.5,0.0,3.0,51,14.5,29.9,1,Drizzle: Light,1,1,
51602,2021-07-10 14:09:00,40.638218,-74.14379,0,0,Following Too Closely,4436023,25.5,20.7,0.5,0.5,0.0,3.0,51,14.5,29.9,1,Drizzle: Light,0,0,
51603,2021-07-10 10:42:00,40.5426,-74.208336,0,0,Backing Unsafely,4436209,25.5,20.7,0.5,0.5,0.0,3.0,51,14.5,29.9,1,Drizzle: Light,0,0,
51604,2021-07-10 16:00:00,40.64566,-73.89926,0,0,Unspecified,4435611,25.5,20.7,0.5,0.5,0.0,3.0,51,14.5,29.9,1,Drizzle: Light,0,0,
51605,2021-07-10 22:00:00,40.82118,-73.88127,0,0,Unspecified,4436059,25.5,20.7,0.5,0.5,0.0,3.0,51,14.5,29.9,1,Drizzle: Light,0,0,
51606,2021-07-07 18:20:00,40.878994,-73.90473,0,0,Traffic Control Disregarded,4436249,31.4,22.2,1.4,1.4,0.0,6.0,53,17.4,37.8,213,Drizzle: Moderate,0,0,
51607,2021-07-10 03:40:00,40.693787,-73.81173,2,0,Obstruction/Debris,4435506,25.5,20.7,0.5,0.5,0.0,3.0,51,14.5,29.9,1,Drizzle: Light,2,2,
51608,2021-07-10 02:52:00,40.85381,-73.91386,0,0,Obstruction/Debris,4435981,25.5,20.7,0.5,0.5,0.0,3.0,51,14.5,29.9,1,Drizzle: Light,0,0,
51609,2021-07-09 17:30:00,40.824818,-73.87074,1,0,Driver Inattention/Distraction,4436055,29.8,22.0,35.0,35.0,0.0,14.0,63,31.0,55.8,341,Rain: Moderate,1,1,
51610,2021-07-10 17:00:00,40.69878,-73.91178,0,0,Other Vehicular,4436083,25.5,20.7,0.5,0.5,0.0,3.0,51,14.5,29.9,1,Drizzle: Light,0,0,
51611,2021-07-10 09:00:00,40.862457,-73.89248,0,0,Unspecified,4435518,25.5,20.7,0.5,0.5,0.0,3.0,51,14.5,29.9,1,Drizzle: Light,0,0,