,CRASH DATETIME,LATITUDE,LONGITUDE,NUMBER OF PERSONS INJURED,NUMBER OF PERSONS KILLED,CONTRIBUTING FACTOR VEHICLE 1,COLLISION_ID,temperature_2m_max,temperature_2m_min,precipitation_sum,rain_sum,snowfall_sum,precipitation_hours,weather_code,wind_speed_10m_max,wind_gusts_10m_max,wind_direction_10m_dominant,Weather Description,Severity_Score,Total_Affected_Persons,Weather_Category
51612,2021-07-10 21:03:00,40.606815,-74.0067,0,0,Driver Inattention/Distraction,4435583,25.5,20.7,0.5,0.5,0.0,3.0,51,14.5,29.9,1,Drizzle: Light,0,0,
51613,2021-07-10 04:50:00,40.66552,-73.74467,1,0,Unsafe Speed,4435434,25.5,20.7,0.5,0.5,0.0,3.0,51,14.5,29.9,1,Drizzle: Light,1,1,
51614,2021-07-05 08:55:00,40.87449,-73.901505,0,0,Unspecified,4436243,26.4,17.3,0.7,0.7,0.0,2.0,53,18.8,34.6,142,Drizzle: Moderate,0,0,
51615,2021-07-10 16:50:00,40.745827,-73.90111,1,0,Passing Too Closely,4435601,25.5,20.7,0.5,0.5,0.0,3.0,51,14.5,29.9,1,Drizzle: Light,1,1,
51616,2021-07-10 08:30:00,40.72032,-73.99405,0,0,Driver Inattention/Distraction,4435851,25.5,20.7,0.5,0.5,0.0,3.0,51,14.5,29.9,1,Drizzle: Light,0,0,
51617,2021-07-10 13:45:00,40.54653,-74.180435,1,0,Failure to Yield Right-of-Way,4436211,25.5,20.7,0.5,0.5,0.0,3.0,51,14.5,29.9,1,Drizzle: Light,1,1,
51618,2021-07-02 06:00:00,40.676647,-73.91647,1,0,Driver Inattention/Distraction,4436101,24.3,19.2,29.6,29.6,0.0,23.0,63,14.1,27.7,284,Rain: Moderate,1,1,
51619,2021-07-08 14:32:00,40.680855,-74.00305,0,0,Unspecified,4436185,28.3,21.3,15.2,15.2,0.0,12.0,63,16.9,48.2,125,Rain: Moderate,0,0,
51620,2021-07-10 16:00:00,40.703636,-73.74652,1,0,Unspecified,4435533,25.5,20.7,0.5,0.5,0.0,3.0,51,14.5,29.9,1,Drizzle: Light,1,1,
51621,2021-07-08 12:45:00,40.814102,-73.940865,0,0,Driver Inattention/Distraction,4436273,28.3,21.3,15.2,15.2,0.0,12.0,63,16.9,48.2,125,Rain: Moderate,0,0,
51622,2021-07-10 09:40:00,40.81005,-73.92515,1,0,Driver Inattention/Distraction,4435955,25.5,20.7,0.5,0.5,0.0,3.0,51,14.5,29.9,1,Drizzle: Light,1,1,
51623,2021-07-10 19:40:00,40.652794,-73.946884,0,0,Driver Inattention/Distraction,4435589,25.5,20.7,0.5,0.5,0.0,3.0,51,14.5,29.9,1,Drizzle: Light,0,0,
51624,2021-07-10 22:00:00,40.683723,-73.96797,0,0,Passing or Lane Usage Improper,4436326,25.5,20.7,0.5,0.5,0.0,3.0,51,14.5,29.9,1,Drizzle: Light,0,0,
51625,2021-07-09 06:30:00,40.701397,-73.74137,0,0,Traffic Control Disregarded,4436146,29.8,22.0,35.0,35.0,0.0,14.0,63,31.0,55.8,341,Rain: Moderate,0,0,
51626,2021-07-10 23:41:00,40.829407,-73.88546,1,0,Unspecified,4436062,25.5,20.7,0.5,0.5,0.0,3.0,51,14.5,29.9,1,Drizzle: Light,1,1,
51627,2021-07-06 01:12:00,40.816204,-73.91423,0,0,Driver Inattention/Distraction,4436374,33.6,21.9,2.1,2.1,0.0,4.0,61,21.8,49.7,231,Rain: Light,0,0,
51628,2021-07-10 16:24:00,40.725876,-73.76007,2,0,Fell Asleep,4435690,25.5,20.7,0.5,0.5,0.0,3.0,51,14.5,29.9,1,Drizzle: Light,2,2,
51629,2021-07-10 13:35:00,40.84698,-73.91065,0,0,Traffic Control Disregarded,4436013,25.5,20.7,0.5,0.5,0.0,3.0,51,14.5,29.9,1,Drizzle: Light,0,0,
51630,2021-07-07 15:20:00,40.680977,-74.00498,0,0,Turning Improperly,4436072,31.4,22.2,1.4,1.4,0.0,6.0,53,17.4,37.8,213,Drizzle: Moderate,0,0,
51631,2021-07-10 22:15:00,40.761364,-73.976135,0,0,Obstruction/Debris,4436046,25.5,20.7,0.5,0.5,0.0,3.0,51,14.5,29.9,1,Drizzle: Light,0,0,
51632,2021-07-10 20:50:00,40.841187,-73.93215,0,0,Unspecified,4435844,25.5,20.7,0.5,0.5,0.0,3.0,51,14.5,29.9,1,Drizzle: Light,0,0,
51633,2021-07-09 07:20:00,40.669125,-73.91451,1,0,Driver Inattention/Distraction,4436122,29.8,22.0,35.0,35.0,0.0,14.0,63,31.0,55.8,341,Rain: Moderate,1,1,
51634,2021-07-09 18:21:00,40.539757,-74.175285,0,0,Alcohol Involvement,4436204,29.8,22.0,35.0,35.0,0.0,14.0,63,31.0,55.8,341,Rain: Moderate,0,0,
51635,2021-07-10 23:00:00,40.66027,-73.7357,0,0,Unspecified,4435671,25.5,20.7,0.5,0.5,0.0,3.0,51,14.5,29.9,1,Drizzle: Light,0,0,
51636,2021-07-09 18:50:00,40.683594,-73.80345,0,0,Following Too Closely,4436136,29.8,22.0,35.0,35.0,0.0,14.0,63,31.0,55.8,341,Rain: Moderate,0,0,
51637,2021-07-10 22:30:00,40.865345,-73.90849,1,0,Aggressive Driving/Road Rage,4435634,25.5,20.7,0.5,0.5,0.0,3.0,51,14.5,29.9,1,Drizzle: Light,1,1,
51638,2021-07-10 03:40:00,40.681374,-73.9634,0,0,Unspecified,4435451,25.5,20.7,0.5,0.5,0.0,3.0,51,14.5,29.9,1,Drizzle: Light,0,0,
51639,2021-07-03 04:15:00,40.75282,-73.864235,0,0,Obstruction/Debris,4436165,19.3,16.6,16.1,16.1,0.0,20.0,63,24.0,47.2,43,Rain: Moderate,0,0,
51640,2021-07-07 23:05:00,40.671185,-73.94204,0,0,View Obstructed/Limited,4436289,31.4,22.2,1.4,1.4,0.0,6.0,53,17.4,37.8,213,Drizzle: Moderate,0,0,
51641,2021-07-10 15:10:00,40.586224,-73.815254,1,0,Failure to Yield Right-of-Way,4435555,25.5,20.7,0.5,0.5,0.0,3.0,51,14.5,29.9,1,Drizzle: Light,1,1,
51642,2021-07-10 13:35:00,40.712555,-73.89711,0,0,Driver Inattention/Distraction,4435767,25.5,20.7,0.5,0.5,0.0,3.0,51,14.5,29.9,1,Drizzle: Light,0,0,
51643,2021-07-06 16:09:00,40.64628,-73.95202,1,0,Unspecified,4436258,33.6,21.9,2.1,2.1,0.0,4.0,61,21.8,49.7,231,Rain: Light,1,1,
51644,2021-07-10 20:00:00,40.542233,-74.17176,0,0,Unsafe Speed,4436199,25.5,20.7,0.5,0.5,0.0,3.0,51,14.5,29.9,1,Drizzle: Light,0,0,
51645,2021-07-09 22:45:00,40.84739,-73.92832,0,0,Driver Inattention/Distraction,4436106,29.8,22.0,35.0,35.0,0.0,14.0,63,31.0,55.8,341,Rain: Moderate,0,0,
51646,2021-07-10 11:20:00,40.73453,-73.99227,0,0,Unspecified,4436360,25.5,20.7,0.5,0.5,0.0,3.0,51,14.5,29.9,1,Drizzle: Light,0,0,
51647,2021-07-09 22:30:00,40.70722,-73.78957,2,0,Driver Inattention/Distraction,4436298,29.8,22.0,35.0,35.0,0.0,14.0,63,31.0,55.8,341,Rain: Moderate,2,2,
51648,2021-07-10 16:47:00,40.81343,-73.91003,0,0,Driver Inattention/Distraction,4435948,25.5,20.7,0.5,0.5,0.0,3.0,51,14.5,29.9,1,Drizzle: Light,0,0,
51649,2021-07-10 20:08:00,40.694714,-73.93122,0,0,Driver Inattention/Distraction,4435734,25.5,20.7,0.5,0.5,0.0,3.0,51,14.5,29.9,1,Drizzle: Light,0,0,
51650,2021-07-10 20:20:00,40.825333,-73.943825,0,0,Driver Inattention/Distraction,4435615,25.5,20.7,0.5,0.5,0.0,3.0,51,14.5,29.9,1,Drizzle: Light,0,0,
51651,2021-07-03 06:20:00,40.66827,-73.90263,1,0,Driver Inattention/Distraction,4436159,19.3,16.6,16.1,16.1,0.0,20.0,63,24.0,47.2,43,Rain: Moderate,1,1,
51652,2021-07-07 22:35:00,40.678154,-73.94416,0,0,Driver Inattention/Distraction,4436175,31.4,22.2,1.4,1.4,0.0,6.0,53,17.4,37.8,213,Drizzle: Moderate,0,0,
51653,2021-07-10 12:30:00,40.89144,-73.85966,0,0,Unspecified,4436003,25.5,20.7,0.5,0.5,0.0,3.0,51,14.5,29.9,1,Drizzle: Light,0,0,
51654,2021-07-05 14:30:00,40.85238,-73.9315,1,0,Driver Inattention/Distraction,4436093,26.4,17.3,0.7,0.7,0.0,2.0,53,18.8,34.6,142,Drizzle: Moderate,1,1,
51655,2021-07-10 23:42:00,40.756565,-73.99028,0,0,Following Too Closely,4435831,25.5,20.7,0.5,0.5,0.0,3.0,51,14.5,29.9,1,Drizzle: Light,0,0,
51656,2021-07-08 11:30:00,40.643005,-74.00533,1,0,Driver Inattention/Distraction,4436316,28.3,21.3,15.2,15.2,0.0,12.0,63,16.9,48.2,125,Rain: Moderate,1,1,
51657,2021-07-10 16:15:00,40.665684,-73.820435,0,0,Driver Inexperience,4435916,25.5,20.7,0.5,0.5,0.0,3.0,51,14.5,29.9,1,Drizzle: Light,0,0,
51658,2021-06-27 05:25:00,40.52537,-74.20903,1,0,Aggressive Driving/Road Rage,4436208,29.2,22.2,0.5,0.5,0.0,4.0,51,19.6,45.4,196,Drizzle: Light,1,1,
51659,2021-07-10 20:55:00,40.71675,-73.978096,1,0,Backing Unsafely,4436261,25.5,20.7,0.5,0.5,0.0,3.0,51,14.5,29.9,1,Drizzle: Light,1,1,
51660,2021-07-10 14:16:00,40.81914,-73.93719,0,0,Unspecified,4435929,25.5,20.7,0.5,0.5,0.0,3.0,51,14.5,29.9,1,Drizzle: Light,0,0,
51661,2021-07-09 14:50:00,40.579914,-74.11405,1,0,Unsafe Lane Changing,4436130,29.8,22.0,35.0,35.0,0.0,14.0,63,31.0,55.8,341,Rain: Moderate,1,1,
51662,2021-07-10 00:50:00,40.65616,-73.76736,1,0,Driver Inattention/Distraction,4435435,25.5,20.7,0.5,0.5,0.0,3.0,51,14.5,29.9,1,Drizzle: Light,1,1,
51663,2021-06-28 22:20:00,40.682835,-73.94092,1,0,Failure to Yield Right-of-Way,4436195,32.3,22.9,0.0,0.0,0.0,0.0,3,20.0,37.8,212,Overcast,1,1,
51664,2021-07-07 12:57:00,40.66864,-73.91049,0,0,Passing Too Closely,4436160,31.4,22.2,1.4,1.4,0.0,6.0,53,17.4,37.8,213,Drizzle: Moderate,0,0,
51665,2021-07-10 14:00:00,40.743267,-73.874664,1,0,Pedestrian/Bicyclist/Other Pedestrian Error/Confusion,4435669,25.5,20.7,0.5,0.5,0.0,3.0,51,14.5,29.9,1,Drizzle: Light,1,1,
51666,2021-07-10 21:10:00,40.722576,-73.94049,2,0,Driver Inattention/Distraction,4436041,25.5,20.7,0.5,0.5,0.0,3.0,51,14.5,29.9,1,Drizzle: Light,2,2,
51667,2021-07-10 19:15:00,40.73762,-73.71612,0,0,Unspecified,4435542,25.5,20.7,0.5,0.5,0.0,3.0,51,14.5,29.9,1,Drizzle: Light,0,0,
51668,2021-07-10 20:30:00,40.716194,-73.95064,3,0,Driver Inattention/Distraction,4436030,25.5,20.7,0.5,0.5,0.0,3.0,51,14.5,29.9,1,Drizzle: Light,3,3,
51669,2021-07-08 13:14:00,40.676395,-73.91187,0,0,Unspecified,4436181,28.3,21.3,15.2,15.2,0.0,12.0,63,16.9,48.2,125,Rain: Moderate,0,0,
51670,2021-07-10 16:10:00,40.86369,-73.91707,0,0,Driver Inattention/Distraction,4436107,25.5,20.7,0.5,0.5,0.0,3.0,51,14.5,29.9,1,Drizzle: Light,0,0,
51671,2021-07-10 19:00:00,40.837624,-73.94229,1,0,Driver Inattention/Distraction,4435842,25.5,20.7,0.5,0.5,0.0,3.0,51,14.5,29.9,1,Drizzle: Light,1,1,
51672,2021-07-09 15:00:00,40.77981,-73.95035,0,0,Failure to Yield Right-of-Way,4436355,29.8,22.0,35.0,35.0,0.0,14.0,63,31.0,55.8,341,Rain: Moderate,0,0,
51673,2021-07-10 03:05:00,40.757908,-73.9893,1,0,Alcohol Involvement,4435866,25.5,20.7,0.5,0.5,0.0,3.0,51,14.5,29.9,1,Drizzle: Light,1,1,
51674,2021-07-08 16:45:00,40.845306,-73.91834,1,0,Driver Inattention/Distraction,4436386,28.3,21.3,15.2,15.2,0.0,12.0,63,16.9,48.2,125,Rain: Moderate,1,1,
51675,2021-07-04 20:40:00,40.59727,-73.99868,1,0,Turning Improperly,4436087,24.6,15.8,1.4,1.4,0.0,12.0,51,11.8,27.0,299,Drizzle: Light,1,1,
51676,2021-07-10 13:05:00,40.816067,-73.91765,0,0,Following Too Closely,4435957,25.5,20.7,0.5,0.5,0.0,3.0,51,14.5,29.9,1,Drizzle: Light,0,0,
51677,2021-07-10 18:51:00,40.74772,-73.97375,2,0,Reaction to Uninvolved Vehicle,4435588,25.5,20.7,0.5,0.5,0.0,3.0,51,14.5,29.9,1,Drizzle: Light,2,2,
51678,2021-07-10 03:48:00,40.75332,-73.972595,1,0,Driver Inattention/Distraction,4435606,25.5,20.7,0.5,0.5,0.0,3.0,51,14.5,29.9,1,Drizzle: Light,1,1,
51679,2021-07-07 07:38:00,40.8817,-73.9112,0,0,Unspecified,4436248,31.4,22.2,1.4,1.4,0.0,6.0,53,17.4,37.8,213,Drizzle: Moderate,0,0,
51680,2021-07-10 09:33:00,40.758633,-73.96579,1,0,Unspecified,4435507,25.5,20.7,0.5,0.5,0.0,3.0,51,14.5,29.9,1,Drizzle: Light,1,1,
51681,2021-07-10 17:30:00,40.67601,-73.88567,1,0,Failure to Yield Right-of-Way,4435985,25.5,20.7,0.5,0.5,0.0,3.0,51,14.5,29.9,1,Drizzle: Light,1,1,
51682,2021-07-10 22:00:00,40.801155,-73.959656,0,0,View Obstructed/Limited,4435746,25.5,20.7,0.5,0.5,0.0,3.0,51,14.5,29.9,1,Drizzle: Light,0,0,
51683,2021-07-09 17:19:00,40.650696,-74.01659,0,0,Following Too Closely,4436310,29.8,22.0,35.0,35.0,0.0,14.0,63,31.0,55.8,341,Rain: Moderate,0,0,
51684,2021-07-09 06:20:00,40.67693,-74.00211,0,0,Unspecified,4436189,29.8,22.0,35.0,35.0,0.0,14.0,63,31.0,55.8,341,Rain: Moderate,0,0,
51685,2021-06-19 16:40:00,40.8746,-73.9097,0,0,Unspecified,4436268,31.5,19.5,1.2,1.2,0.0,3.0,53,21.1,38.2,243,Drizzle: Moderate,0,0,
51686,2021-07-10 19:00:00,40.70317,-73.754105,1,0,Driver Inattention/Distraction,4435590,25.5,20.7,0.5,0.5,0.0,3.0,51,14.5,29.9,1,Drizzle: Light,1,1,
51687,2021-07-08 19:00:00,40.85891,-73.922966,1,0,Reaction to Uninvolved Vehicle,4436094,28.3,21.3,15.2,15.2,0.0,12.0,63,16.9,48.2,125,Rain: Moderate,1,1,
51688,2021-07-10 16:52:00,40.806973,-73.937645,2,0,Driver Inattention/Distraction,4436063,25.5,20.7,0.5,0.5,0.0,3.0,51,14.5,29.9,1,Drizzle: Light,2,2,
51689,2021-07-09 17:11:00,40.753944,-73.972145,0,0,Aggressive Driving/Road Rage,4436321,29.8,22.0,35.0,35.0,0.0,14.0,63,31.0,55.8,341,Rain: Moderate,0,0,
51690,2021-07-10 11:05:00,40.705273,-73.89634,0,0,Unspecified,4435504,25.5,20.7,0.5,0.5,0.0,3.0,51,14.5,29.9,1,Drizzle: Light,0,0,
51691,2021-07-10 00:25:00,40.762226,-73.96819,0,0,Driver Inexperience,4435897,25.5,20.7,0.5,0.5,0.0,3.0,51,14.5,29.9,1,Drizzle: Light,0,0,
51692,2021-07-10 22:52:00,40.771904,-73.895226,1,0,Alcohol Involvement,4436331,25.5,20.7,0.5,0.5,0.0,3.0,51,14.5,29.9,1,Drizzle: Light,1,1,
51693,2021-06-18 01:00:00,40.757233,-73.9898,0,0,Unspecified,4436399,27.4,13.8,0.0,0.0,0.0,0.0,3,20.5,40.3,210,Overcast,0,0,
51694,2021-07-10 04:57:00,40.603077,-74.00464,0,0,Driver Inexperience,4435538,25.5,20.7,0.5,0.5,0.0,3.0,51,14.5,29.9,1,Drizzle: Light,0,0,
51695,2021-07-10 18:29:00,40.77305,-73.92148,1,0,Unspecified,4436329,25.5,20.7,0.5,0.5,0.0,3.0,51,14.5,29.9,1,Drizzle: Light,1,1,
51696,2021-07-10 11:30:00,40.686756,-73.87185,0,0,Unsafe Speed,4436002,25.5,20.7,0.5,0.5,0.0,3.0,51,14.5,29.9,1,Drizzle: Light,0,0,
51697,2021-07-10 00:12:00,40.700546,-73.917076,0,0,Driver Inattention/Distraction,4435472,25.5,20.7,0.5,0.5,0.0,3.0,51,14.5,29.9,1,Drizzle: Light,0,0,
51698,2021-07-10 13:45:00,40.58227,-73.98612,1,0,Driver Inattention/Distraction,4435627,25.5,20.7,0.5,0.5,0.0,3.0,51,14.5,29.9,1,Drizzle: Light,1,1,
51699,2021-07-09 19:10:00,40.804134,-73.93684,1,0,Driver Inattention/Distraction,4436054,29.8,22.0,35.0,35.0,0.0,14.0,63,31.0,55.8,341,Rain: Moderate,1,1,
51700,2021-07-10 14:30:00,40.61023,-74.10529,0,0,Following Too Closely,4436278,25.5,20.7,0.5,0.5,0.0,3.0,51,14.5,29.9,1,Drizzle: Light,0,0,
51701,2021-07-10 01:09:00,40.80715,-73.90821,2,0,Driver Inattention/Distraction,4435954,25.5,20.7,0.5,0.5,0.0,3.0,51,14.5,29.9,1,Drizzle: Light,2,2,
51702,2021-07-08 20:57:00,40.676395,-73.91187,0,0,Unspecified,4436174,28.3,21.3,15.2,15.2,0.0,12.0,63,16.9,48.2,125,Rain: Moderate,0,0,
51703,2021-07-10 20:41:00,40.700497,-73.90021,3,0,Traffic Control Disregarded,4435768,25.5,20.7,0.5,0.5,0.0,3.0,51,14.5,29.9,1,Drizzle: Light,3,3,
51704,2021-07-10 17:21:00,40.64703,-74.012,0,0,Unspecified,4435691,25.5,20.7,0.5,0.5,0.0,3.0,51,14.5,29.9,1,Drizzle: Light,0,0,
51705,2021-07-09 14:46:00,40.853115,-73.927246,0,0,Unspecified,4436100,29.8,22.0,35.0,35.0,0.0,14.0,63,31.0,55.8,341,Rain: Moderate,0,0,
51706,2021-07-09 19:40:00,40.674778,-73.765625,1,0,Turning Improperly,4436121,29.8,22.0,35.0,35.0,0.0,14.0,63,31.0,55.8,341,Rain: Moderate,1,1,
51707,2021-07-10 17:29:00,40.81795,-73.95664,0,0,Other Vehicular,4435811,25.5,20.7,0.5,0.5,0.0,3.0,51,14.5,29.9,1,Drizzle: Light,0,0,
51708,2021-07-01 14:23:00,40.66955,-73.94497,1,0,Driver Inattention/Distraction,4436290,27.8,22.2,25.2,25.2,0.0,12.0,65,10.6,33.1,280,Rain: Heavy,1,1,
51709,2021-07-10 07:40:00,40.763668,-73.82303,0,0,Turning Improperly,4435557,25.5,20.7,0.5,0.5,0.0,3.0,51,14.5,29.9,1,Drizzle: Light,0,0,
51710,2021-07-09 16:00:00,40.893597,-73.907166,1,0,Driver Inattention/Distraction,4436259,29.8,22.0,35.0,35.0,0.0,14.0,63,31.0,55.8,341,Rain: Moderate,1,1,
51711,2021-06-26 13:30:00,40.670006,-73.91084,0,0,Other Vehicular,4436184,26.5,18.6,1.3,1.3,0.0,8.0,51,23.7,52.9,181,Drizzle: Light,0,0,
51712,2021-07-10 17:22:00,40.665905,-73.87778,0,0,Unspecified,4436007,25.5,20.7,0.5,0.5,0.0,3.0,51,14.5,29.9,1,Drizzle: Light,0,0,
51713,2021-07-10 15:45:00,40.60224,-73.75416,1,0,Passing Too Closely,4436375,25.5,20.7,0.5,0.5,0.0,3.0,51,14.5,29.9,1,Drizzle: Light,1,1,
51714,2021-07-10 16:15:00,40.703545,-73.92234,1,0,Pedestrian/Bicyclist/Other Pedestrian Error/Confusion,4436069,25.5,20.7,0.5,0.5,0.0,3.0,51,14.5,29.9,1,Drizzle: Light,1,1,
51715,2021-07-10 21:40:00,40.712727,-73.72899,3,0,Unspecified,4435595,25.5,20.7,0.5,0.5,0.0,3.0,51,14.5,29.9,1,Drizzle: Light,3,3,
51716,2021-07-10 18:43:00,40.630577,-73.88591,0,0,Driver Inattention/Distraction,4435845,25.5,20.7,0.5,0.5,0.0,3.0,51,14.5,29.9,1,Drizzle: Light,0,0,
51717,2021-07-10 03:38:00,40.763428,-73.99271,0,0,Outside Car Distraction,4436045,25.5,20.7,0.5,0.5,0.0,3.0,51,14.5,29.9,1,Drizzle: Light,0,0,
51718,2021-07-10 11:57:00,40.669243,-73.80679,0,0,Passing or Lane Usage Improper,4435945,25.5,20.7,0.5,0.5,0.0,3.0,51,14.5,29.9,1,Drizzle: Light,0,0,
51719,2021-07-10 11:00:00,40.762093,-73.75691,1,0,Driver Inattention/Distraction,4435519,25.5,20.7,0.5,0.5,0.0,3.0,51,14.5,29.9,1,Drizzle: Light,1,1,
51720,2021-07-10 01:35:00,40.86406,-73.900085,0,0,Driver Inattention/Distraction,4435460,25.5,20.7,0.5,0.5,0.0,3.0,51,14.5,29.9,1,Drizzle: Light,0,0,
51721,2021-07-10 18:12:00,40.86463,-73.892136,2,0,Failure to Yield Right-of-Way,4435632,25.5,20.7,0.5,0.5,0.0,3.0,51,14.5,29.9,1,Drizzle: Light,2,2,
51722,2021-07-10 10:20:00,40.71955,-74.000626,0,0,Turning Improperly,4435855,25.5,20.7,0.5,0.5,0.0,3.0,51,14.5,29.9,1,Drizzle: Light,0,0,
51723,2021-07-10 08:25:00,40.73494,-73.89323,0,0,Unspecified,4435599,25.5,20.7,0.5,0.5,0.0,3.0,51,14.5,29.9,1,Drizzle: Light,0,0,
51724,2021-07-10 16:30:00,40.685772,-73.81819,0,0,Unsafe Speed,4436144,25.5,20.7,0.5,0.5,0.0,3.0,51,14.5,29.9,1,Drizzle: Light,0,0,
51725,2021-07-10 19:57:00,40.680035,-73.9055,6,0,Failure to Yield Right-of-Way,4436168,25.5,20.7,0.5,0.5,0.0,3.0,51,14.5,29.9,1,Drizzle: Light,6,6,
51726,2021-06-25 14:05:00,40.676888,-73.90804,0,0,Unspecified,4436105,24.7,15.6,0.0,0.0,0.0,0.0,3,20.9,41.0,144,Overcast,0,0,
51727,2021-07-09 16:20:00,40.554886,-74.17398,0,0,Unspecified,4436202,29.8,22.0,35.0,35.0,0.0,14.0,63,31.0,55.8,341,Rain: Moderate,0,0,
51728,2021-07-08 15:32:00,40.74094,-74.007484,0,0,Driver Inattention/Distraction,4436366,28.3,21.3,15.2,15.2,0.0,12.0,63,16.9,48.2,125,Rain: Moderate,0,0,
51729,2021-07-10 23:20:00,40.716133,-73.8185,0,0,Driver Inattention/Distraction,4435677,25.5,20.7,0.5,0.5,0.0,3.0,51,14.5,29.9,1,Drizzle: Light,0,0,
51730,2021-06-23 17:33:00,40.88532,-73.90055,0,0,Unspecified,4436238,23.1,12.2,0.0,0.0,0.0,0.0,3,16.5,31.7,309,Overcast,0,0,
51731,2021-07-10 22:14:00,40.87911,-73.84325,1,0,Traffic Control Disregarded,4435986,25.5,20.7,0.5,0.5,0.0,3.0,51,14.5,29.9,1,Drizzle: Light,1,1,
51732,2021-07-09 12:30:00,40.88949,-73.90965,0,0,Unspecified,4436254,29.8,22.0,35.0,35.0,0.0,14.0,63,31.0,55.8,341,Rain: Moderate,0,0,
51733,2021-07-09 20:50:00,40.669865,-73.95051,0,0,Other Vehicular,4436284,29.8,22.0,35.0,35.0,0.0,14.0,63,31.0,55.8,341,Rain: Moderate,0,0,
51734,2021-07-10 17:20:00,40.64944,-73.91125,0,0,Following Too Closely,4435547,25.5,20.7,0.5,0.5,0.0,3.0,51,14.5,29.9,1,Drizzle: Light,0,0,
51735,2021-07-05 09:49:00,40.66085,-73.864365,1,0,Unspecified,4436042,26.4,17.3,0.7,0.7,0.0,2.0,53,18.8,34.6,142,Drizzle: Moderate,1,1,
51736,2021-07-09 17:09:00,40.68347,-73.994514,0,0,Unspecified,4436188,29.8,22.0,35.0,35.0,0.0,14.0,63,31.0,55.8,341,Rain: Moderate,0,0,
51737,2021-07-10 10:45:00,40.86805,-73.83401,1,0,Turning Improperly,4435973,25.5,20.7,0.5,0.5,0.0,3.0,51,14.5,29.9,1,Drizzle: Light,1,1,
51738,2021-07-10 09:53:00,40.617954,-73.9866,0,0,Unspecified,4435537,25.5,20.7,0.5,0.5,0.0,3.0,51,14.5,29.9,1,Drizzle: Light,0,0,
51739,2021-07-10 20:02:00,40.696205,-73.96159,0,0,Passing or Lane Usage Improper,4435591,25.5,20.7,0.5,0.5,0.0,3.0,51,14.5,29.9,1,Drizzle: Light,0,0,
51740,2021-07-05 00:00:00,40.666718,-73.89162,0,0,Driver Inattention/Distraction,4436080,26.4,17.3,0.7,0.7,0.0,2.0,53,18.8,34.6,142,Drizzle: Moderate,0,0,
51741,2021-07-06 07:00:00,40.697853,-73.93325,1,0,Turning Improperly,4436064,33.6,21.9,2.1,2.1,0.0,4.0,61,21.8,49.7,231,Rain: Light,1,1,
51742,2021-07-10 06:05:00,40.726246,-73.957886,0,0,Oversized Vehicle,4435514,25.5,20.7,0.5,0.5,0.0,3.0,51,14.5,29.9,1,Drizzle: Light,0,0,
51743,2021-07-02 19:54:00,40.54315,-74.17378,0,0,Driver Inattention/Distraction,4436203,24.3,19.2,29.6,29.6,0.0,23.0,63,14.1,27.7,284,Rain: Moderate,0,0,
51744,2021-07-08 10:30:00,40.716682,-73.98244,0,0,Unspecified,4436260,28.3,21.3,15.2,15.2,0.0,12.0,63,16.9,48.2,125,Rain: Moderate,0,0,
51745,2021-07-10 11:23:00,40.68432,-73.769684,0,0,Failure to Yield Right-of-Way,4436110,25.5,20.7,0.5,0.5,0.0,3.0,51,14.5,29.9,1,Drizzle: Light,0,0,
51746,2021-07-10 11:14:00,40.70775,-73.79525,0,0,Passing Too Closely,4436302,25.5,20.7,0.5,0.5,0.0,3.0,51,14.5,29.9,1,Drizzle: Light,0,0,
51747,2021-07-10 10:56:00,40.72898,-73.882385,1,0,Other Electronic Device,4435829,25.5,20.7,0.5,0.5,0.0,3.0,51,14.5,29.9,1,Drizzle: Light,1,1,
51748,2021-07-06 22:45:00,40.661377,-73.91056,1,0,Unspecified,4436158,33.6,21.9,2.1,2.1,0.0,4.0,61,21.8,49.7,231,Rain: Light,1,1,
51749,2021-07-08 21:00:00,40.774162,-73.92858,0,0,Unspecified,4436162,28.3,21.3,15.2,15.2,0.0,12.0,63,16.9,48.2,125,Rain: Moderate,0,0,
51750,2021-07-10 00:30:00,40.747032,-73.70998,1,0,Driver Inattention/Distraction,4435436,25.5,20.7,0.5,0.5,0.0,3.0,51,14.5,29.9,1,Drizzle: Light,1,1,
51751,2021-07-06 13:00:00,40.879692,-73.908325,0,0,Unspecified,4436246,33.6,21.9,2.1,2.1,0.0,4.0,61,21.8,49.7,231,Rain: Light,0,0,
51752,2021-07-10 23:05:00,40.58493,-73.95269,0,0,Unsafe Lane Changing,4435885,25.5,20.7,0.5,0.5,0.0,3.0,51,14.5,29.9,1,Drizzle: Light,0,0,
51753,2021-07-10 19:15:00,40.825897,-73.93936,1,0,Pedestrian/Bicyclist/Other Pedestrian Error/Confusion,4435930,25.5,20.7,0.5,0.5,0.0,3.0,51,14.5,29.9,1,Drizzle: Light,1,1,
51754,2021-07-10 14:45:00,40.694744,-73.98883,0,0,Driver Inattention/Distraction,4436352,25.5,20.7,0.5,0.5,0.0,3.0,51,14.5,29.9,1,Drizzle: Light,0,0,