,CRASH DATETIME,LATITUDE,LONGITUDE,NUMBER OF PERSONS INJURED,NUMBER OF PERSONS KILLED,CONTRIBUTING FACTOR VEHICLE 1,COLLISION_ID,temperature_2m_max,temperature_2m_min,precipitation_sum,rain_sum,snowfall_sum,precipitation_hours,weather_code,wind_speed_10m_max,wind_gusts_10m_max,wind_direction_10m_dominant,Weather Description,Severity_Score,Total_Affected_Persons,Weather_Category
51755,2021-07-09 22:00:00,40.677864,-73.99808,1,0,Unspecified,4436196,29.8,22.0,35.0,35.0,0.0,14.0,63,31.0,55.8,341,Rain: Moderate,1,1,
51756,2021-06-28 05:30:00,40.71197,-73.99778,1,0,Driver Inattention/Distraction,4436391,32.3,22.9,0.0,0.0,0.0,0.0,3,20.0,37.8,212,Overcast,1,1,
51757,2021-07-10 22:05:00,40.791466,-73.97411,1,0,Driver Inattention/Distraction,4435641,25.5,20.7,0.5,0.5,0.0,3.0,51,14.5,29.9,1,Drizzle: Light,1,1,
51758,2021-07-09 21:49:00,40.871193,-73.9141,0,0,Unspecified,4436089,29.8,22.0,35.0,35.0,0.0,14.0,63,31.0,55.8,341,Rain: Moderate,0,0,
51759,2021-07-10 21:24:00,40.742657,-73.846214,0,0,Driver Inattention/Distraction,4435744,25.5,20.7,0.5,0.5,0.0,3.0,51,14.5,29.9,1,Drizzle: Light,0,0,
51760,2021-07-09 23:25:00,40.520447,-74.23503,0,0,Driver Inattention/Distraction,4436216,29.8,22.0,35.0,35.0,0.0,14.0,63,31.0,55.8,341,Rain: Moderate,0,0,
51761,2021-07-03 08:45:00,40.771435,-73.91421,0,0,Unspecified,4436322,19.3,16.6,16.1,16.1,0.0,20.0,63,24.0,47.2,43,Rain: Moderate,0,0,
51762,2021-07-10 20:50:00,40.676346,-73.820595,1,0,Unspecified,4435919,25.5,20.7,0.5,0.5,0.0,3.0,51,14.5,29.9,1,Drizzle: Light,1,1,
51763,2021-07-10 14:35:00,40.75388,-73.96616,1,0,Failure to Yield Right-of-Way,4435587,25.5,20.7,0.5,0.5,0.0,3.0,51,14.5,29.9,1,Drizzle: Light,1,1,
51764,2021-07-10 07:40:00,40.82906,-73.91001,0,0,Other Vehicular,4435497,25.5,20.7,0.5,0.5,0.0,3.0,51,14.5,29.9,1,Drizzle: Light,0,0,
51765,2021-07-10 19:33:00,40.646793,-73.95813,1,0,Unspecified,4435619,25.5,20.7,0.5,0.5,0.0,3.0,51,14.5,29.9,1,Drizzle: Light,1,1,
51766,2021-07-10 23:28:00,40.634644,-73.880905,0,0,Driver Inexperience,4435605,25.5,20.7,0.5,0.5,0.0,3.0,51,14.5,29.9,1,Drizzle: Light,0,0,
51767,2021-07-08 01:00:00,40.690907,-73.95542,3,0,Driver Inattention/Distraction,4436207,28.3,21.3,15.2,15.2,0.0,12.0,63,16.9,48.2,125,Rain: Moderate,3,3,
51768,2021-07-10 11:00:00,40.59143,-73.99037,0,0,Unspecified,4435727,25.5,20.7,0.5,0.5,0.0,3.0,51,14.5,29.9,1,Drizzle: Light,0,0,
51769,2021-07-10 12:24:00,40.844246,-73.93372,0,0,Passing or Lane Usage Improper,4435841,25.5,20.7,0.5,0.5,0.0,3.0,51,14.5,29.9,1,Drizzle: Light,0,0,
51770,2021-07-09 17:41:00,40.671455,-73.91418,1,0,Unspecified,4436179,29.8,22.0,35.0,35.0,0.0,14.0,63,31.0,55.8,341,Rain: Moderate,1,1,
51771,2021-07-09 23:10:00,40.672382,-73.78574,0,0,Failure to Yield Right-of-Way,4436131,29.8,22.0,35.0,35.0,0.0,14.0,63,31.0,55.8,341,Rain: Moderate,0,0,
51772,2021-07-06 12:20:00,40.674004,-73.94455,0,0,Unspecified,4436296,33.6,21.9,2.1,2.1,0.0,4.0,61,21.8,49.7,231,Rain: Light,0,0,
51773,2021-07-08 17:00:00,40.766716,-73.91711,0,0,Unspecified,4436330,28.3,21.3,15.2,15.2,0.0,12.0,63,16.9,48.2,125,Rain: Moderate,0,0,
51774,2021-07-09 22:09:00,40.721966,-74.00824,1,0,,4436384,29.8,22.0,35.0,35.0,0.0,14.0,63,31.0,55.8,341,Rain: Moderate,1,1,
51775,2021-07-10 06:30:00,40.650948,-74.00793,0,0,Unspecified,4435687,25.5,20.7,0.5,0.5,0.0,3.0,51,14.5,29.9,1,Drizzle: Light,0,0,
51776,2021-07-10 00:40:00,40.777233,-73.99023,0,0,Driver Inattention/Distraction,4436266,25.5,20.7,0.5,0.5,0.0,3.0,51,14.5,29.9,1,Drizzle: Light,0,0,
51777,2021-07-04 03:35:00,40.680775,-73.76383,1,0,Traffic Control Disregarded,4436117,24.6,15.8,1.4,1.4,0.0,12.0,51,11.8,27.0,299,Drizzle: Light,1,1,
51778,2021-07-10 14:30:00,40.55168,-74.14479,0,0,Following Too Closely,4436125,25.5,20.7,0.5,0.5,0.0,3.0,51,14.5,29.9,1,Drizzle: Light,0,0,
51779,2021-07-09 10:55:00,40.722744,-73.981316,0,0,Unspecified,4436139,29.8,22.0,35.0,35.0,0.0,14.0,63,31.0,55.8,341,Rain: Moderate,0,0,
51780,2021-07-10 19:50:00,40.679955,-73.97491,0,0,View Obstructed/Limited,4435779,25.5,20.7,0.5,0.5,0.0,3.0,51,14.5,29.9,1,Drizzle: Light,0,0,
51781,2021-10-25 10:00:00,40.674488,-73.80743,0,0,Driver Inattention/Distraction,4470930,22.8,13.5,10.7,10.7,0.0,8.0,63,18.9,33.5,172,Rain: Moderate,0,0,
51782,2021-10-25 17:10:00,40.718315,-73.995926,0,0,Driver Inattention/Distraction,4471360,22.8,13.5,10.7,10.7,0.0,8.0,63,18.9,33.5,172,Rain: Moderate,0,0,
51783,2021-10-25 13:30:00,40.669098,-73.93666,0,0,Driver Inattention/Distraction,4471191,22.8,13.5,10.7,10.7,0.0,8.0,63,18.9,33.5,172,Rain: Moderate,0,0,
51784,2021-10-25 12:00:00,40.669235,-73.99697,0,0,Unspecified,4470899,22.8,13.5,10.7,10.7,0.0,8.0,63,18.9,33.5,172,Rain: Moderate,0,0,
51785,2021-10-25 20:08:00,40.67267,-73.99002,0,0,Turning Improperly,4470936,22.8,13.5,10.7,10.7,0.0,8.0,63,18.9,33.5,172,Rain: Moderate,0,0,
51786,2021-10-03 06:50:00,40.701763,-73.81618,0,0,Following Too Closely,4471495,25.9,12.8,0.0,0.0,0.0,0.0,3,12.0,24.1,217,Overcast,0,0,
51787,2021-10-25 21:58:00,40.84272,-73.89323,0,0,Aggressive Driving/Road Rage,4471347,22.8,13.5,10.7,10.7,0.0,8.0,63,18.9,33.5,172,Rain: Moderate,0,0,
51788,2021-10-25 14:20:00,40.65959,-73.87526,0,0,Driver Inattention/Distraction,4471050,22.8,13.5,10.7,10.7,0.0,8.0,63,18.9,33.5,172,Rain: Moderate,0,0,
51789,2021-10-25 15:30:00,40.70455,-73.87336,1,0,Driver Inattention/Distraction,4471069,22.8,13.5,10.7,10.7,0.0,8.0,63,18.9,33.5,172,Rain: Moderate,1,1,
51790,2021-10-25 19:11:00,40.674934,-73.80186,0,0,Following Too Closely,4471028,22.8,13.5,10.7,10.7,0.0,8.0,63,18.9,33.5,172,Rain: Moderate,0,0,
51791,2021-10-25 08:49:00,40.719456,-73.93754,0,0,Traffic Control Disregarded,4470960,22.8,13.5,10.7,10.7,0.0,8.0,63,18.9,33.5,172,Rain: Moderate,0,0,
51792,2021-10-25 21:46:00,40.665245,-73.73709,0,0,Drugs (illegal),4471171,22.8,13.5,10.7,10.7,0.0,8.0,63,18.9,33.5,172,Rain: Moderate,0,0,
51793,2021-10-25 22:00:00,40.84543,-73.91399,1,0,Failure to Yield Right-of-Way,4471284,22.8,13.5,10.7,10.7,0.0,8.0,63,18.9,33.5,172,Rain: Moderate,1,1,
51794,2021-10-25 19:15:00,40.60002,-73.96637,0,0,Unspecified,4470935,22.8,13.5,10.7,10.7,0.0,8.0,63,18.9,33.5,172,Rain: Moderate,0,0,
51795,2021-10-25 18:00:00,40.711246,-73.87095,1,0,Following Too Closely,4471074,22.8,13.5,10.7,10.7,0.0,8.0,63,18.9,33.5,172,Rain: Moderate,1,1,
51796,2021-10-25 12:00:00,40.669567,-73.96197,0,0,Unspecified,4470907,22.8,13.5,10.7,10.7,0.0,8.0,63,18.9,33.5,172,Rain: Moderate,0,0,
51797,2021-10-25 04:10:00,40.840107,-73.92478,0,0,Driver Inattention/Distraction,4470993,22.8,13.5,10.7,10.7,0.0,8.0,63,18.9,33.5,172,Rain: Moderate,0,0,
51798,2021-10-25 09:00:00,40.819035,-73.91712,0,0,Backing Unsafely,4470952,22.8,13.5,10.7,10.7,0.0,8.0,63,18.9,33.5,172,Rain: Moderate,0,0,
51799,2021-10-25 00:05:00,40.7432,-73.89589,4,0,Passing or Lane Usage Improper,4471451,22.8,13.5,10.7,10.7,0.0,8.0,63,18.9,33.5,172,Rain: Moderate,4,4,
51800,2021-10-25 09:29:00,40.669094,-73.947784,0,0,Unspecified,4471225,22.8,13.5,10.7,10.7,0.0,8.0,63,18.9,33.5,172,Rain: Moderate,0,0,
51801,2021-10-17 04:09:00,40.72823,-73.83313,1,0,Other Vehicular,4471636,17.3,11.1,0.2,0.2,0.0,2.0,51,23.9,43.9,293,Drizzle: Light,1,1,
51802,2021-10-25 23:28:00,40.661488,-73.89389,3,0,Driver Inattention/Distraction,4471061,22.8,13.5,10.7,10.7,0.0,8.0,63,18.9,33.5,172,Rain: Moderate,3,3,
51803,2021-10-25 14:21:00,40.75362,-73.898445,1,0,Driver Inattention/Distraction,4471444,22.8,13.5,10.7,10.7,0.0,8.0,63,18.9,33.5,172,Rain: Moderate,1,1,
51804,2021-10-15 21:00:00,40.765987,-73.759224,0,0,Unsafe Speed,4471481,25.0,14.5,0.0,0.0,0.0,0.0,3,16.8,28.4,182,Overcast,0,0,
51805,2021-10-25 16:34:00,40.613525,-74.11685,0,0,Unspecified,4471514,22.8,13.5,10.7,10.7,0.0,8.0,63,18.9,33.5,172,Rain: Moderate,0,0,
51806,2022-06-10 12:35:00,40.798122,-73.92962,0,0,Aggressive Driving/Road Rage,4537095,26.1,15.1,0.0,0.0,0.0,0.0,3,21.9,38.5,289,Overcast,0,0,
51807,2021-10-25 10:38:00,40.63636,-74.1453,0,0,Unspecified,4471039,22.8,13.5,10.7,10.7,0.0,8.0,63,18.9,33.5,172,Rain: Moderate,0,0,
51808,2021-10-25 15:00:00,40.847897,-73.94523,0,0,Obstruction/Debris,4471505,22.8,13.5,10.7,10.7,0.0,8.0,63,18.9,33.5,172,Rain: Moderate,0,0,
51809,2021-10-25 16:51:00,40.820187,-73.890686,0,0,Driver Inattention/Distraction,4470979,22.8,13.5,10.7,10.7,0.0,8.0,63,18.9,33.5,172,Rain: Moderate,0,0,
51810,2021-10-25 13:51:00,40.738964,-73.93472,0,0,Backing Unsafely,4471439,22.8,13.5,10.7,10.7,0.0,8.0,63,18.9,33.5,172,Rain: Moderate,0,0,
51811,2021-10-25 16:00:00,40.594616,-73.99743,0,0,Following Too Closely,4470905,22.8,13.5,10.7,10.7,0.0,8.0,63,18.9,33.5,172,Rain: Moderate,0,0,
51812,2021-10-25 14:21:00,40.85155,-73.84407,1,0,Driver Inattention/Distraction,4471109,22.8,13.5,10.7,10.7,0.0,8.0,63,18.9,33.5,172,Rain: Moderate,1,1,
51813,2021-10-25 14:20:00,40.615967,-74.10457,0,0,Unspecified,4471144,22.8,13.5,10.7,10.7,0.0,8.0,63,18.9,33.5,172,Rain: Moderate,0,0,
51814,2021-10-25 16:29:00,40.855755,-73.88544,0,0,View Obstructed/Limited,4471073,22.8,13.5,10.7,10.7,0.0,8.0,63,18.9,33.5,172,Rain: Moderate,0,0,
51815,2021-10-25 22:00:00,40.595074,-73.78455,1,0,Unspecified,4470966,22.8,13.5,10.7,10.7,0.0,8.0,63,18.9,33.5,172,Rain: Moderate,1,1,
51816,2021-10-25 15:27:00,40.581257,-73.957924,0,0,Driver Inattention/Distraction,4471338,22.8,13.5,10.7,10.7,0.0,8.0,63,18.9,33.5,172,Rain: Moderate,0,0,
51817,2021-10-25 20:10:00,40.613476,-74.003784,2,0,Failure to Yield Right-of-Way,4470916,22.8,13.5,10.7,10.7,0.0,8.0,63,18.9,33.5,172,Rain: Moderate,2,2,
51818,2021-10-12 19:36:00,40.69595,-73.93764,1,0,Failure to Yield Right-of-Way,4471361,21.6,15.2,0.0,0.0,0.0,0.0,3,11.8,23.8,81,Overcast,1,1,
51819,2021-10-25 16:00:00,40.67866,-73.91205,0,0,Unspecified,4470911,22.8,13.5,10.7,10.7,0.0,8.0,63,18.9,33.5,172,Rain: Moderate,0,0,
51820,2022-07-05 15:20:00,40.670403,-73.85629,0,0,Unspecified,4543699,30.0,20.3,0.5,0.5,0.0,2.0,51,30.4,56.5,191,Drizzle: Light,0,0,
51821,2022-07-05 10:00:00,40.889206,-73.85441,0,0,Driver Inattention/Distraction,4544010,30.0,20.3,0.5,0.5,0.0,2.0,51,30.4,56.5,191,Drizzle: Light,0,0,
51822,2021-10-25 22:00:00,40.755142,-73.90328,0,0,Unspecified,4470937,22.8,13.5,10.7,10.7,0.0,8.0,63,18.9,33.5,172,Rain: Moderate,0,0,
51823,2021-10-21 12:00:00,40.87856,-73.865776,0,0,Unsafe Lane Changing,4471468,22.9,12.0,0.0,0.0,0.0,0.0,3,17.0,31.7,207,Overcast,0,0,
51824,2021-10-25 18:12:00,40.70281,-73.9254,0,0,Driver Inattention/Distraction,4471256,22.8,13.5,10.7,10.7,0.0,8.0,63,18.9,33.5,172,Rain: Moderate,0,0,
51825,2021-10-25 17:01:00,40.761856,-73.96343,0,0,Driver Inattention/Distraction,4470946,22.8,13.5,10.7,10.7,0.0,8.0,63,18.9,33.5,172,Rain: Moderate,0,0,
51826,2021-10-25 17:27:00,40.69121,-73.75296,0,0,Passing Too Closely,4471027,22.8,13.5,10.7,10.7,0.0,8.0,63,18.9,33.5,172,Rain: Moderate,0,0,
51827,2021-10-25 16:00:00,40.670025,-73.84787,1,0,Failure to Yield Right-of-Way,4470929,22.8,13.5,10.7,10.7,0.0,8.0,63,18.9,33.5,172,Rain: Moderate,1,1,
51828,2021-10-25 16:30:00,40.64703,-74.012,1,0,Unspecified,4470900,22.8,13.5,10.7,10.7,0.0,8.0,63,18.9,33.5,172,Rain: Moderate,1,1,
51829,2021-10-20 14:00:00,40.673298,-73.789894,0,0,Passing Too Closely,4471382,24.1,13.8,0.0,0.0,0.0,0.0,3,21.6,37.1,276,Overcast,0,0,
51830,2021-10-25 16:00:00,40.805737,-73.94065,0,0,Following Too Closely,4471428,22.8,13.5,10.7,10.7,0.0,8.0,63,18.9,33.5,172,Rain: Moderate,0,0,
51831,2021-10-25 17:05:00,40.659622,-73.8882,0,0,Unspecified,4471049,22.8,13.5,10.7,10.7,0.0,8.0,63,18.9,33.5,172,Rain: Moderate,0,0,
51832,2021-10-25 19:39:00,40.60855,-74.13216,1,0,Driver Inattention/Distraction,4471193,22.8,13.5,10.7,10.7,0.0,8.0,63,18.9,33.5,172,Rain: Moderate,1,1,
51833,2021-10-25 06:48:00,40.729523,-73.95098,0,0,Backing Unsafely,4470959,22.8,13.5,10.7,10.7,0.0,8.0,63,18.9,33.5,172,Rain: Moderate,0,0,
51834,2021-10-25 10:30:00,40.850456,-73.899315,0,0,Driver Inattention/Distraction,4471346,22.8,13.5,10.7,10.7,0.0,8.0,63,18.9,33.5,172,Rain: Moderate,0,0,
51835,2021-10-25 20:40:00,40.74618,-73.85293,1,0,Unsafe Speed,4471012,22.8,13.5,10.7,10.7,0.0,8.0,63,18.9,33.5,172,Rain: Moderate,1,1,
51836,2021-10-15 13:26:00,40.816883,-73.96265,4,0,Unspecified,4471384,25.0,14.5,0.0,0.0,0.0,0.0,3,16.8,28.4,182,Overcast,4,4,
51837,2021-10-25 20:30:00,40.59793,-73.9855,1,0,Unspecified,4470915,22.8,13.5,10.7,10.7,0.0,8.0,63,18.9,33.5,172,Rain: Moderate,1,1,
51838,2021-10-25 12:11:00,40.897144,-73.88029,0,0,Unspecified,4471063,22.8,13.5,10.7,10.7,0.0,8.0,63,18.9,33.5,172,Rain: Moderate,0,0,
51839,2022-07-05 09:40:00,40.629707,-73.90486,0,0,Unspecified,4543826,30.0,20.3,0.5,0.5,0.0,2.0,51,30.4,56.5,191,Drizzle: Light,0,0,
51840,2021-10-25 17:05:00,40.659275,-73.889,0,0,Unsafe Lane Changing,4471057,22.8,13.5,10.7,10.7,0.0,8.0,63,18.9,33.5,172,Rain: Moderate,0,0,
51841,2021-10-25 16:30:00,40.724876,-73.975174,1,0,Failure to Yield Right-of-Way,4471266,22.8,13.5,10.7,10.7,0.0,8.0,63,18.9,33.5,172,Rain: Moderate,1,1,
51842,2021-10-25 20:52:00,40.734657,-73.86482,0,0,Driver Inattention/Distraction,4471174,22.8,13.5,10.7,10.7,0.0,8.0,63,18.9,33.5,172,Rain: Moderate,0,0,
51843,2021-10-25 04:49:00,40.790554,-73.82255,0,0,Driver Inexperience,4471032,22.8,13.5,10.7,10.7,0.0,8.0,63,18.9,33.5,172,Rain: Moderate,0,0,
51844,2022-07-01 11:00:00,40.70752,-73.94903,0,0,Backing Unsafely,4544415,33.7,20.2,0.1,0.1,0.0,1.0,51,32.3,58.0,215,Drizzle: Light,0,0,
51845,2022-07-01 01:25:00,40.721447,-73.997406,0,0,Driver Inattention/Distraction,4544256,33.7,20.2,0.1,0.1,0.0,1.0,51,32.3,58.0,215,Drizzle: Light,0,0,
51846,2021-10-25 18:05:00,40.61504,-74.06685,0,0,Driver Inattention/Distraction,4471513,22.8,13.5,10.7,10.7,0.0,8.0,63,18.9,33.5,172,Rain: Moderate,0,0,
51847,2022-06-28 21:45:00,40.699177,-73.9605,1,0,Unspecified,4544237,27.5,19.1,0.0,0.0,0.0,0.0,3,14.4,28.4,334,Overcast,1,1,
51848,2021-10-25 20:10:00,40.887096,-73.86087,1,0,Failure to Yield Right-of-Way,4471484,22.8,13.5,10.7,10.7,0.0,8.0,63,18.9,33.5,172,Rain: Moderate,1,1,
51849,2021-10-25 20:40:00,40.781662,-73.83366,4,0,Other Vehicular,4471040,22.8,13.5,10.7,10.7,0.0,8.0,63,18.9,33.5,172,Rain: Moderate,4,4,
51850,2021-10-25 07:10:00,40.736145,-73.92651,0,0,Following Too Closely,4471443,22.8,13.5,10.7,10.7,0.0,8.0,63,18.9,33.5,172,Rain: Moderate,0,0,
51851,2022-07-05 02:35:00,40.608006,-73.99473,0,0,Passing Too Closely,4543400,30.0,20.3,0.5,0.5,0.0,2.0,51,30.4,56.5,191,Drizzle: Light,0,0,
51852,2021-10-25 15:13:00,40.689728,-73.99017,1,0,Following Too Closely,4470901,22.8,13.5,10.7,10.7,0.0,8.0,63,18.9,33.5,172,Rain: Moderate,1,1,
51853,2021-10-25 19:26:00,40.753624,-73.96944,1,0,Unspecified,4471197,22.8,13.5,10.7,10.7,0.0,8.0,63,18.9,33.5,172,Rain: Moderate,1,1,
51854,2021-10-25 10:41:00,0.0,0.0,1,0,Driver Inattention/Distraction,4471110,22.8,13.5,10.7,10.7,0.0,8.0,63,18.9,33.5,172,Rain: Moderate,1,1,
51855,2022-07-05 10:00:00,40.741516,-73.88369,0,0,Turning Improperly,4543761,30.0,20.3,0.5,0.5,0.0,2.0,51,30.4,56.5,191,Drizzle: Light,0,0,
51856,2021-10-25 12:00:00,40.717415,-73.91932,0,0,Following Too Closely,4471077,22.8,13.5,10.7,10.7,0.0,8.0,63,18.9,33.5,172,Rain: Moderate,0,0,
51857,2022-07-05 06:22:00,40.841286,-73.90016,0,0,Steering Failure,4543884,30.0,20.3,0.5,0.5,0.0,2.0,51,30.4,56.5,191,Drizzle: Light,0,0,
51858,2021-10-25 20:00:00,40.89989,-73.89553,0,0,Unspecified,4471427,22.8,13.5,10.7,10.7,0.0,8.0,63,18.9,33.5,172,Rain: Moderate,0,0,
51859,2021-10-25 12:10:00,40.76812,-73.95887,0,0,Driver Inattention/Distraction,4470941,22.8,13.5,10.7,10.7,0.0,8.0,63,18.9,33.5,172,Rain: Moderate,0,0,
51860,2021-10-25 18:00:00,40.66039,-73.98882,0,0,Unspecified,4471212,22.8,13.5,10.7,10.7,0.0,8.0,63,18.9,33.5,172,Rain: Moderate,0,0,
51861,2021-10-25 07:14:00,40.702614,-73.96058,2,0,Driver Inattention/Distraction,4471327,22.8,13.5,10.7,10.7,0.0,8.0,63,18.9,33.5,172,Rain: Moderate,2,2,
51862,2021-10-25 19:25:00,40.771023,-73.95365,0,0,Tinted Windows,4470948,22.8,13.5,10.7,10.7,0.0,8.0,63,18.9,33.5,172,Rain: Moderate,0,0,
51863,2022-07-01 10:05:00,40.638695,-73.744675,0,0,Failure to Yield Right-of-Way,4544204,33.7,20.2,0.1,0.1,0.0,1.0,51,32.3,58.0,215,Drizzle: Light,0,0,
51864,2021-10-13 16:20:00,40.65855,-73.76616,0,0,Passing Too Closely,4471575,21.7,14.8,0.1,0.1,0.0,1.0,51,12.2,23.0,200,Drizzle: Light,0,0,
51865,2022-06-10 14:04:00,40.671604,-73.86907,4,0,Traffic Control Disregarded,4544302,26.1,15.1,0.0,0.0,0.0,0.0,3,21.9,38.5,289,Overcast,4,4,
51866,2021-10-25 10:00:00,40.639256,-74.081795,0,0,Driver Inattention/Distraction,4471143,22.8,13.5,10.7,10.7,0.0,8.0,63,18.9,33.5,172,Rain: Moderate,0,0,
51867,2022-07-04 11:20:00,40.5591,-74.20101,0,0,Other Vehicular,4544354,30.9,17.5,0.0,0.0,0.0,0.0,3,15.4,27.4,302,Overcast,0,0,
51868,2021-10-25 07:58:00,40.846577,-73.913155,1,0,Following Too Closely,4470968,22.8,13.5,10.7,10.7,0.0,8.0,63,18.9,33.5,172,Rain: Moderate,1,1,
51869,2021-10-25 15:17:00,40.859016,-73.897995,0,0,Passing Too Closely,4471071,22.8,13.5,10.7,10.7,0.0,8.0,63,18.9,33.5,172,Rain: Moderate,0,0,
51870,2021-10-25 20:00:00,40.740257,-73.86532,0,0,Driver Inattention/Distraction,4471026,22.8,13.5,10.7,10.7,0.0,8.0,63,18.9,33.5,172,Rain: Moderate,0,0,
51871,2022-07-05 05:00:00,40.820335,-73.9165,0,0,Unspecified,4543470,30.0,20.3,0.5,0.5,0.0,2.0,51,30.4,56.5,191,Drizzle: Light,0,0,
51872,2022-07-05 16:45:00,40.76464,-73.916595,1,0,Failure to Yield Right-of-Way,4543920,30.0,20.3,0.5,0.5,0.0,2.0,51,30.4,56.5,191,Drizzle: Light,1,1,
51873,2021-10-25 17:45:00,40.667126,-73.94965,1,0,Animals Action,4470909,22.8,13.5,10.7,10.7,0.0,8.0,63,18.9,33.5,172,Rain: Moderate,1,1,
51874,2021-10-25 10:27:00,40.676094,-73.94992,0,0,Turning Improperly,4471504,22.8,13.5,10.7,10.7,0.0,8.0,63,18.9,33.5,172,Rain: Moderate,0,0,
51875,2021-10-25 15:54:00,40.820145,-73.890656,1,0,Unsafe Lane Changing,4470980,22.8,13.5,10.7,10.7,0.0,8.0,63,18.9,33.5,172,Rain: Moderate,1,1,
51876,2021-10-25 13:30:00,40.614273,-74.0081,0,0,Driver Inattention/Distraction,4470917,22.8,13.5,10.7,10.7,0.0,8.0,63,18.9,33.5,172,Rain: Moderate,0,0,
51877,2021-10-25 19:45:00,40.76301,-73.7942,1,0,Failure to Yield Right-of-Way,4471041,22.8,13.5,10.7,10.7,0.0,8.0,63,18.9,33.5,172,Rain: Moderate,1,1,
51878,2021-10-25 17:11:00,40.611614,-73.92847,0,0,Passing or Lane Usage Improper,4471546,22.8,13.5,10.7,10.7,0.0,8.0,63,18.9,33.5,172,Rain: Moderate,0,0,
51879,2021-10-22 21:00:00,40.65415,-73.949936,0,0,Unspecified,4471660,20.3,14.4,0.0,0.0,0.0,0.0,3,18.1,31.3,267,Overcast,0,0,
51880,2022-07-02 22:44:00,40.8468,-73.931854,0,0,Failure to Yield Right-of-Way,4544254,30.8,23.1,4.0,4.0,0.0,5.0,61,19.4,40.0,229,Rain: Light,0,0,
51881,2021-10-25 14:20:00,40.640163,-73.94553,1,0,Failure to Yield Right-of-Way,4471068,22.8,13.5,10.7,10.7,0.0,8.0,63,18.9,33.5,172,Rain: Moderate,1,1,
51882,2021-10-25 14:45:00,40.776318,-73.8037,1,0,Failure to Yield Right-of-Way,4471035,22.8,13.5,10.7,10.7,0.0,8.0,63,18.9,33.5,172,Rain: Moderate,1,1,
51883,2021-10-25 23:15:00,40.73736,-73.99685,0,0,Driver Inattention/Distraction,4471115,22.8,13.5,10.7,10.7,0.0,8.0,63,18.9,33.5,172,Rain: Moderate,0,0,
51884,2022-07-05 12:52:00,40.8087,-73.94364,0,0,Passing Too Closely,4544181,30.0,20.3,0.5,0.5,0.0,2.0,51,30.4,56.5,191,Drizzle: Light,0,0,
51885,2021-10-25 17:15:00,40.87739,-73.8665,1,0,Failure to Yield Right-of-Way,4471473,22.8,13.5,10.7,10.7,0.0,8.0,63,18.9,33.5,172,Rain: Moderate,1,1,
51886,2022-07-05 03:30:00,40.689148,-73.7392,2,0,Unsafe Speed,4543492,30.0,20.3,0.5,0.5,0.0,2.0,51,30.4,56.5,191,Drizzle: Light,2,2,
51887,2021-10-11 18:15:00,40.652363,-73.89137,1,0,Failure to Yield Right-of-Way,4471388,21.7,16.3,0.0,0.0,0.0,0.0,3,25.7,49.7,41,Overcast,1,1,
51888,2021-10-25 17:23:00,40.612747,-74.12712,0,0,Passing or Lane Usage Improper,4471512,22.8,13.5,10.7,10.7,0.0,8.0,63,18.9,33.5,172,Rain: Moderate,0,0,
51889,2021-10-25 19:48:00,40.85396,-73.90944,0,0,Driver Inattention/Distraction,4470991,22.8,13.5,10.7,10.7,0.0,8.0,63,18.9,33.5,172,Rain: Moderate,0,0,
51890,2021-09-22 22:22:00,40.731274,-73.81926,1,0,Unspecified,4471462,25.3,19.9,5.1,5.1,0.0,15.0,61,29.3,55.1,154,Rain: Light,1,1,
51891,2021-10-25 07:40:00,40.599957,-73.985886,0,0,Failure to Yield Right-of-Way,4470914,22.8,13.5,10.7,10.7,0.0,8.0,63,18.9,33.5,172,Rain: Moderate,0,0,
51892,2021-10-25 12:40:00,40.717724,-73.98577,0,0,Following Too Closely,4471177,22.8,13.5,10.7,10.7,0.0,8.0,63,18.9,33.5,172,Rain: Moderate,0,0,
51893,2021-10-25 23:00:00,40.872826,-73.8521,0,0,Driver Inattention/Distraction,4471485,22.8,13.5,10.7,10.7,0.0,8.0,63,18.9,33.5,172,Rain: Moderate,0,0,
51894,2021-10-25 19:05:00,40.614136,-73.94836,1,0,Unspecified,4470997,22.8,13.5,10.7,10.7,0.0,8.0,63,18.9,33.5,172,Rain: Moderate,1,1,
51895,2022-04-04 13:15:00,40.827774,-73.945755,0,0,Driver Inattention/Distraction,4518245,12.2,2.6,0.1,0.1,0.0,1.0,51,23.7,41.4,304,Drizzle: Light,0,0,
51896,2022-07-05 21:15:00,40.66563,-73.73921,0,0,Unspecified,4543669,30.0,20.3,0.5,0.5,0.0,2.0,51,30.4,56.5,191,Drizzle: Light,0,0,
51897,2021-10-25 17:00:00,40.68444,-73.869385,4,0,Unspecified,4471058,22.8,13.5,10.7,10.7,0.0,8.0,63,18.9,33.5,172,Rain: Moderate,4,4,
51898,2021-10-25 02:00:00,40.745834,-73.7724182,1,0,Pavement Slippery,4470589,22.8,13.5,10.7,10.7,0.0,8.0,63,18.9,33.5,172,Rain: Moderate,1,1,