,CRASH DATETIME,LATITUDE,LONGITUDE,NUMBER OF PERSONS INJURED,NUMBER OF PERSONS KILLED,CONTRIBUTING FACTOR VEHICLE 1,COLLISION_ID,temperature_2m_max,temperature_2m_min,precipitation_sum,rain_sum,snowfall_sum,precipitation_hours,weather_code,wind_speed_10m_max,wind_gusts_10m_max,wind_direction_10m_dominant,Weather Description,Severity_Score,Total_Affected_Persons,Weather_Category
51899,2021-10-25 16:53:00,40.746918,-73.97124,1,0,Failure to Yield Right-of-Way,4471199,22.8,13.5,10.7,10.7,0.0,8.0,63,18.9,33.5,172,Rain: Moderate,1,1,
51900,2021-10-25 14:30:00,40.695232,-73.859856,0,0,Passing or Lane Usage Improper,4470902,22.8,13.5,10.7,10.7,0.0,8.0,63,18.9,33.5,172,Rain: Moderate,0,0,
51901,2021-10-25 20:17:00,40.894314,-73.86027,1,0,Pedestrian/Bicyclist/Other Pedestrian Error/Confusion,4471478,22.8,13.5,10.7,10.7,0.0,8.0,63,18.9,33.5,172,Rain: Moderate,1,1,
51902,2021-10-25 16:00:00,40.670025,-73.84787,0,0,Following Too Closely,4470928,22.8,13.5,10.7,10.7,0.0,8.0,63,18.9,33.5,172,Rain: Moderate,0,0,
51903,2021-10-25 18:32:00,40.73038,-73.94657,1,0,Driver Inattention/Distraction,4470962,22.8,13.5,10.7,10.7,0.0,8.0,63,18.9,33.5,172,Rain: Moderate,1,1,
51904,2021-10-25 19:51:00,40.632538,-73.883194,2,0,Unsafe Lane Changing,4470918,22.8,13.5,10.7,10.7,0.0,8.0,63,18.9,33.5,172,Rain: Moderate,2,2,
51905,2021-10-25 07:00:00,40.720936,-73.993805,1,0,Driver Inattention/Distraction,4471345,22.8,13.5,10.7,10.7,0.0,8.0,63,18.9,33.5,172,Rain: Moderate,1,1,
51906,2021-10-25 19:45:00,40.767532,-73.953255,0,0,Unspecified,4470942,22.8,13.5,10.7,10.7,0.0,8.0,63,18.9,33.5,172,Rain: Moderate,0,0,
51907,2021-10-25 13:00:00,40.7283988,-73.8330164,0,0,Driver Inattention/Distraction,4470892,22.8,13.5,10.7,10.7,0.0,8.0,63,18.9,33.5,172,Rain: Moderate,0,0,
51908,2022-04-09 06:03:00,40.78614,-73.93929,1,0,Following Too Closely,4517582,13.6,5.0,4.8,4.8,0.0,12.0,55,20.1,42.8,263,Drizzle: Dense,1,1,
51909,2022-04-09 19:57:00,40.84434,-73.91475,0,0,Failure to Yield Right-of-Way,4517881,13.6,5.0,4.8,4.8,0.0,12.0,55,20.1,42.8,263,Drizzle: Dense,0,0,
51910,2022-04-09 21:50:00,40.70186,-73.88192,2,0,Failure to Yield Right-of-Way,4517715,13.6,5.0,4.8,4.8,0.0,12.0,55,20.1,42.8,263,Drizzle: Dense,2,2,
51911,2022-04-04 15:00:00,40.665848,-73.74822,2,0,Driver Inattention/Distraction,4518118,12.2,2.6,0.1,0.1,0.0,1.0,51,23.7,41.4,304,Drizzle: Light,2,2,
51912,2022-04-09 23:09:00,40.725994,-73.75815,2,0,Unsafe Speed,4518097,13.6,5.0,4.8,4.8,0.0,12.0,55,20.1,42.8,263,Drizzle: Dense,2,2,
51913,2022-04-09 00:10:00,40.752098,-73.74142,0,0,Unspecified,4517337,13.6,5.0,4.8,4.8,0.0,12.0,55,20.1,42.8,263,Drizzle: Dense,0,0,
51914,2022-04-09 02:00:00,40.695583,-73.92078,0,0,Other Vehicular,4517660,13.6,5.0,4.8,4.8,0.0,12.0,55,20.1,42.8,263,Drizzle: Dense,0,0,
51915,2022-04-08 16:28:00,40.68081,-73.891815,0,0,Failure to Yield Right-of-Way,4517980,16.5,7.1,5.2,5.2,0.0,4.0,63,21.3,42.8,253,Rain: Moderate,0,0,
51916,2022-04-09 23:20:00,40.659805,-73.96269,0,0,Unspecified,4517787,13.6,5.0,4.8,4.8,0.0,12.0,55,20.1,42.8,263,Drizzle: Dense,0,0,
51917,2022-04-08 18:15:00,40.60915,-74.14987,1,0,Following Too Closely,4518063,16.5,7.1,5.2,5.2,0.0,4.0,63,21.3,42.8,253,Rain: Moderate,1,1,
51918,2022-04-09 21:49:00,40.783237,-73.95846,0,0,Failure to Yield Right-of-Way,4518191,13.6,5.0,4.8,4.8,0.0,12.0,55,20.1,42.8,263,Drizzle: Dense,0,0,
51919,2021-12-12 13:35:00,40.85821,-73.91679,1,0,Brakes Defective,4486078,13.0,3.4,0.5,0.5,0.0,1.0,53,32.4,62.6,284,Drizzle: Moderate,1,1,
51920,2022-04-09 00:17:00,40.64599,-73.90328,1,0,Unspecified,4517371,13.6,5.0,4.8,4.8,0.0,12.0,55,20.1,42.8,263,Drizzle: Dense,1,1,
51921,2022-04-09 15:40:00,40.682888,-73.78488,0,0,Aggressive Driving/Road Rage,4517806,13.6,5.0,4.8,4.8,0.0,12.0,55,20.1,42.8,263,Drizzle: Dense,0,0,
51922,2022-04-09 08:25:00,40.763645,-73.97769,1,0,Passing Too Closely,4518114,13.6,5.0,4.8,4.8,0.0,12.0,55,20.1,42.8,263,Drizzle: Dense,1,1,
51923,2022-04-08 16:44:00,40.82294,-73.91451,1,0,Unsafe Lane Changing,4518149,16.5,7.1,5.2,5.2,0.0,4.0,63,21.3,42.8,253,Rain: Moderate,1,1,
51924,2022-04-08 06:11:00,40.575333,-74.16179,1,0,Driver Inattention/Distraction,4518031,16.5,7.1,5.2,5.2,0.0,4.0,63,21.3,42.8,253,Rain: Moderate,1,1,
51925,2022-04-09 21:00:00,40.859596,-73.865845,0,0,Driver Inattention/Distraction,4517527,13.6,5.0,4.8,4.8,0.0,12.0,55,20.1,42.8,263,Drizzle: Dense,0,0,
51926,2022-04-09 20:12:00,40.840286,-73.92147,0,0,Driver Inattention/Distraction,4517894,13.6,5.0,4.8,4.8,0.0,12.0,55,20.1,42.8,263,Drizzle: Dense,0,0,
51927,2022-03-23 08:13:00,40.65766,-73.89705,1,0,Unsafe Speed,4517953,8.4,1.3,2.2,2.2,0.0,3.0,55,19.6,34.6,73,Drizzle: Dense,1,1,
51928,2022-04-09 13:55:00,40.797417,-73.93747,1,0,Reaction to Uninvolved Vehicle,4517984,13.6,5.0,4.8,4.8,0.0,12.0,55,20.1,42.8,263,Drizzle: Dense,1,1,
51929,2022-03-27 17:15:00,40.677208,-73.89723,0,0,Reaction to Uninvolved Vehicle,4517999,7.5,-1.1,0.3,0.3,0.07,3.0,71,26.4,47.5,288,Snow fall: Light,0,0,Snowy Conditions
51930,2022-04-09 10:48:00,40.679485,-73.857216,0,0,Other Vehicular,4517438,13.6,5.0,4.8,4.8,0.0,12.0,55,20.1,42.8,263,Drizzle: Dense,0,0,
51931,2022-04-07 15:30:00,40.813797,-73.94987,0,0,Failure to Yield Right-of-Way,4518230,11.5,5.6,74.1,74.1,0.0,14.0,65,35.0,64.8,98,Rain: Heavy,0,0,
51932,2022-04-09 18:50:00,40.764084,-73.83336,1,0,Passing or Lane Usage Improper,4517465,13.6,5.0,4.8,4.8,0.0,12.0,55,20.1,42.8,263,Drizzle: Dense,1,1,
51933,2022-04-09 10:45:00,40.700127,-73.854095,0,0,Unspecified,4517440,13.6,5.0,4.8,4.8,0.0,12.0,55,20.1,42.8,263,Drizzle: Dense,0,0,
51934,2022-04-05 08:40:00,40.72877,-74.007095,1,0,Backing Unsafely,4518133,12.1,1.0,1.7,1.7,0.0,3.0,53,16.8,32.8,121,Drizzle: Moderate,1,1,
51935,2022-04-09 19:00:00,40.708965,-73.95673,0,0,Unsafe Speed,4517517,13.6,5.0,4.8,4.8,0.0,12.0,55,20.1,42.8,263,Drizzle: Dense,0,0,
51936,2022-04-09 08:32:00,40.63608,-73.912415,1,0,Unspecified,4517402,13.6,5.0,4.8,4.8,0.0,12.0,55,20.1,42.8,263,Drizzle: Dense,1,1,
51937,2022-04-08 21:15:00,40.656204,-73.886696,0,0,Unspecified,4517998,16.5,7.1,5.2,5.2,0.0,4.0,63,21.3,42.8,253,Rain: Moderate,0,0,
51938,2022-04-09 16:40:00,40.70206,-73.99262,1,0,Driver Inattention/Distraction,4517760,13.6,5.0,4.8,4.8,0.0,12.0,55,20.1,42.8,263,Drizzle: Dense,1,1,
51939,2022-04-09 05:00:00,40.722534,-73.95935,1,0,Passing Too Closely,4517838,13.6,5.0,4.8,4.8,0.0,12.0,55,20.1,42.8,263,Drizzle: Dense,1,1,
51940,2022-04-09 14:00:00,40.67046,-73.87704,0,0,Driver Inattention/Distraction,4518012,13.6,5.0,4.8,4.8,0.0,12.0,55,20.1,42.8,263,Drizzle: Dense,0,0,
51941,2022-04-09 16:28:00,40.758633,-73.96579,1,0,Unspecified,4517958,13.6,5.0,4.8,4.8,0.0,12.0,55,20.1,42.8,263,Drizzle: Dense,1,1,
51942,2022-04-09 10:30:00,40.679897,-73.8656,0,0,Unspecified,4518003,13.6,5.0,4.8,4.8,0.0,12.0,55,20.1,42.8,263,Drizzle: Dense,0,0,
51943,2022-04-09 08:56:00,40.764267,-73.722946,0,0,Alcohol Involvement,4517426,13.6,5.0,4.8,4.8,0.0,12.0,55,20.1,42.8,263,Drizzle: Dense,0,0,
51944,2022-04-09 18:50:00,40.738194,-73.8492,0,0,Following Too Closely,4517502,13.6,5.0,4.8,4.8,0.0,12.0,55,20.1,42.8,263,Drizzle: Dense,0,0,
51945,2022-04-09 12:45:00,40.67096,-73.98822,0,0,Passing or Lane Usage Improper,4517679,13.6,5.0,4.8,4.8,0.0,12.0,55,20.1,42.8,263,Drizzle: Dense,0,0,
51946,2022-03-08 14:56:00,40.821636,-73.93909,0,0,Other Vehicular,4518225,13.2,1.4,0.0,0.0,0.0,0.0,3,32.3,66.6,307,Overcast,0,0,
51947,2022-04-09 20:06:00,40.709896,-73.83941,1,0,Following Too Closely,4517952,13.6,5.0,4.8,4.8,0.0,12.0,55,20.1,42.8,263,Drizzle: Dense,1,1,
51948,2022-04-08 13:20:00,40.863453,-73.892746,0,0,Unspecified,4518084,16.5,7.1,5.2,5.2,0.0,4.0,63,21.3,42.8,253,Rain: Moderate,0,0,
51949,2022-04-07 22:35:00,40.826626,-73.939156,0,0,Driver Inattention/Distraction,4518231,11.5,5.6,74.1,74.1,0.0,14.0,65,35.0,64.8,98,Rain: Heavy,0,0,
51950,2022-04-09 23:35:00,40.718456,-73.99482,3,0,Following Too Closely,4517530,13.6,5.0,4.8,4.8,0.0,12.0,55,20.1,42.8,263,Drizzle: Dense,3,3,
51951,2022-04-09 16:38:00,40.729797,-73.97481,0,0,Unspecified,4517618,13.6,5.0,4.8,4.8,0.0,12.0,55,20.1,42.8,263,Drizzle: Dense,0,0,
51952,2022-04-08 22:40:00,40.81044,-73.938065,1,0,,4518138,16.5,7.1,5.2,5.2,0.0,4.0,63,21.3,42.8,253,Rain: Moderate,1,1,
51953,2022-04-09 21:00:00,40.720245,-73.988266,0,0,Driver Inattention/Distraction,4517446,13.6,5.0,4.8,4.8,0.0,12.0,55,20.1,42.8,263,Drizzle: Dense,0,0,
51954,2022-03-19 03:58:00,40.865795,-73.920006,0,0,Passing or Lane Usage Improper,4518062,18.3,6.6,9.3,9.3,0.0,3.0,65,16.3,32.8,146,Rain: Heavy,0,0,
51955,2022-04-07 12:25:00,40.798393,-73.94112,1,0,Unspecified,4517968,11.5,5.6,74.1,74.1,0.0,14.0,65,35.0,64.8,98,Rain: Heavy,1,1,
51956,2022-04-09 22:20:00,40.679005,-73.86423,0,0,Driver Inattention/Distraction,4517991,13.6,5.0,4.8,4.8,0.0,12.0,55,20.1,42.8,263,Drizzle: Dense,0,0,
51957,2022-04-01 23:30:00,40.838264,-73.8328,2,0,Failure to Yield Right-of-Way,4518052,15.2,5.3,1.4,1.4,0.0,8.0,51,33.1,61.9,277,Drizzle: Light,2,2,
51958,2022-04-09 23:06:00,40.764904,-73.998146,0,0,Alcohol Involvement,4518128,13.6,5.0,4.8,4.8,0.0,12.0,55,20.1,42.8,263,Drizzle: Dense,0,0,
51959,2022-04-09 21:15:00,40.69203,-73.94565,1,0,Turning Improperly,4517742,13.6,5.0,4.8,4.8,0.0,12.0,55,20.1,42.8,263,Drizzle: Dense,1,1,
51960,2022-04-08 00:00:00,40.76979,-73.988075,0,0,Traffic Control Device Improper/Non-Working,4518104,16.5,7.1,5.2,5.2,0.0,4.0,63,21.3,42.8,253,Rain: Moderate,0,0,
51961,2022-04-09 21:18:00,40.680744,-73.84225,1,0,Driver Inattention/Distraction,4517819,13.6,5.0,4.8,4.8,0.0,12.0,55,20.1,42.8,263,Drizzle: Dense,1,1,
51962,2022-04-09 16:30:00,40.74425,-73.90142,0,0,Driver Inattention/Distraction,4517651,13.6,5.0,4.8,4.8,0.0,12.0,55,20.1,42.8,263,Drizzle: Dense,0,0,
51963,2022-04-09 04:30:00,40.879143,-73.87647,0,0,Unspecified,4517923,13.6,5.0,4.8,4.8,0.0,12.0,55,20.1,42.8,263,Drizzle: Dense,0,0,
51964,2022-04-09 10:45:00,40.820072,-73.94133,0,0,Driver Inattention/Distraction,4518214,13.6,5.0,4.8,4.8,0.0,12.0,55,20.1,42.8,263,Drizzle: Dense,0,0,
51965,2022-04-09 01:50:00,40.66552,-73.74467,3,0,Driver Inattention/Distraction,4517563,13.6,5.0,4.8,4.8,0.0,12.0,55,20.1,42.8,263,Drizzle: Dense,3,3,
51966,2022-04-07 12:00:00,40.60644,-73.81953,0,0,Driver Inattention/Distraction,4518069,11.5,5.6,74.1,74.1,0.0,14.0,65,35.0,64.8,98,Rain: Heavy,0,0,
51967,2022-04-09 15:30:00,40.640015,-73.92575,0,0,Other Vehicular,4517863,13.6,5.0,4.8,4.8,0.0,12.0,55,20.1,42.8,263,Drizzle: Dense,0,0,
51968,2022-04-09 09:00:00,40.699814,-73.93236,0,0,Passing Too Closely,4517661,13.6,5.0,4.8,4.8,0.0,12.0,55,20.1,42.8,263,Drizzle: Dense,0,0,
51969,2022-04-09 10:20:00,40.71675,-73.94477,0,0,Brakes Defective,4517866,13.6,5.0,4.8,4.8,0.0,12.0,55,20.1,42.8,263,Drizzle: Dense,0,0,
51970,2022-04-09 20:32:00,40.67869,-74.013535,1,0,Driver Inattention/Distraction,4517795,13.6,5.0,4.8,4.8,0.0,12.0,55,20.1,42.8,263,Drizzle: Dense,1,1,
51971,2022-04-08 20:54:00,40.839447,-73.88384,1,0,Driver Inattention/Distraction,4518110,16.5,7.1,5.2,5.2,0.0,4.0,63,21.3,42.8,253,Rain: Moderate,1,1,
51972,2021-06-04 21:31:00,40.78322,-73.84586,0,1,Passing or Lane Usage Improper,4423679,25.3,17.4,6.5,6.5,0.0,10.0,61,17.9,37.8,235,Rain: Light,20,1,
51973,2021-07-10 04:54:00,40.69953,-73.91104,1,0,Traffic Control Disregarded,4435781,25.5,20.7,0.5,0.5,0.0,3.0,51,14.5,29.9,1,Drizzle: Light,1,1,
51974,2021-07-09 00:38:00,40.753513,-73.98879,1,0,Failure to Yield Right-of-Way,4436400,29.8,22.0,35.0,35.0,0.0,14.0,63,31.0,55.8,341,Rain: Moderate,1,1,
51975,2022-04-09 02:23:00,40.74128,-73.90257,1,0,Driver Inattention/Distraction,4517358,13.6,5.0,4.8,4.8,0.0,12.0,55,20.1,42.8,263,Drizzle: Dense,1,1,
51976,2022-04-09 04:11:00,40.816532,-73.92822,0,0,Fatigued/Drowsy,4518144,13.6,5.0,4.8,4.8,0.0,12.0,55,20.1,42.8,263,Drizzle: Dense,0,0,
51977,2022-04-09 21:40:00,40.84661,-73.93213,0,0,Driver Inattention/Distraction,4517599,13.6,5.0,4.8,4.8,0.0,12.0,55,20.1,42.8,263,Drizzle: Dense,0,0,
51978,2022-04-02 00:03:00,40.864403,-73.923775,5,0,Driver Inexperience,4518041,11.1,1.4,0.0,0.0,0.0,0.0,3,26.3,47.9,286,Overcast,5,5,
51979,2022-04-08 12:50:00,40.792545,-73.94104,0,0,Unspecified,4518243,16.5,7.1,5.2,5.2,0.0,4.0,63,21.3,42.8,253,Rain: Moderate,0,0,
51980,2022-04-08 20:30:00,40.728405,-73.81115,0,0,Unspecified,4518093,16.5,7.1,5.2,5.2,0.0,4.0,63,21.3,42.8,253,Rain: Moderate,0,0,
51981,2022-04-09 06:00:00,40.636986,-73.88923,0,0,Traffic Control Disregarded,4517372,13.6,5.0,4.8,4.8,0.0,12.0,55,20.1,42.8,263,Drizzle: Dense,0,0,
51982,2022-04-08 16:50:00,40.81138,-73.91702,0,0,Backing Unsafely,4518116,16.5,7.1,5.2,5.2,0.0,4.0,63,21.3,42.8,253,Rain: Moderate,0,0,
51983,2022-04-09 11:45:00,40.757534,-73.86658,1,0,Driver Inattention/Distraction,4517556,13.6,5.0,4.8,4.8,0.0,12.0,55,20.1,42.8,263,Drizzle: Dense,1,1,
51984,2022-04-09 12:00:00,40.743973,-73.8851,2,0,Unspecified,4517798,13.6,5.0,4.8,4.8,0.0,12.0,55,20.1,42.8,263,Drizzle: Dense,2,2,
51985,2022-04-06 08:40:00,40.697052,-73.74015,0,0,Unspecified,4518152,12.5,6.2,17.5,17.5,0.0,14.0,61,31.2,62.3,55,Rain: Light,0,0,
51986,2022-04-07 18:56:00,40.814266,-73.912964,1,0,Failure to Yield Right-of-Way,4518026,11.5,5.6,74.1,74.1,0.0,14.0,65,35.0,64.8,98,Rain: Heavy,1,1,
51987,2022-04-09 03:20:00,40.69757,-73.87144,0,0,Following Too Closely,4517717,13.6,5.0,4.8,4.8,0.0,12.0,55,20.1,42.8,263,Drizzle: Dense,0,0,
51988,2022-04-08 19:50:00,40.764687,-73.9781,0,0,Passing Too Closely,4518137,16.5,7.1,5.2,5.2,0.0,4.0,63,21.3,42.8,253,Rain: Moderate,0,0,
51989,2022-04-09 14:00:00,40.66551,-73.992775,0,0,Unspecified,4517445,13.6,5.0,4.8,4.8,0.0,12.0,55,20.1,42.8,263,Drizzle: Dense,0,0,
51990,2022-04-09 21:19:00,40.693886,-73.999245,0,0,Driver Inattention/Distraction,4517469,13.6,5.0,4.8,4.8,0.0,12.0,55,20.1,42.8,263,Drizzle: Dense,0,0,
51991,2022-04-09 18:00:00,40.672844,-73.76405,3,0,Following Too Closely,4517583,13.6,5.0,4.8,4.8,0.0,12.0,55,20.1,42.8,263,Drizzle: Dense,3,3,
51992,2022-04-09 18:50:00,40.652878,-73.87706,0,0,Other Vehicular,4518006,13.6,5.0,4.8,4.8,0.0,12.0,55,20.1,42.8,263,Drizzle: Dense,0,0,
51993,2022-03-30 17:00:00,40.76118,-73.95791,0,0,Oversized Vehicle,4518190,5.9,-3.5,0.0,0.0,0.0,0.0,3,17.0,30.6,215,Overcast,0,0,
51994,2022-04-09 12:58:00,40.76425,-73.775345,0,0,Passing or Lane Usage Improper,4517427,13.6,5.0,4.8,4.8,0.0,12.0,55,20.1,42.8,263,Drizzle: Dense,0,0,
51995,2022-04-09 04:30:00,40.761272,-73.95571,0,0,Following Too Closely,4517879,13.6,5.0,4.8,4.8,0.0,12.0,55,20.1,42.8,263,Drizzle: Dense,0,0,
51996,2022-04-09 05:50:00,40.75855,-73.82964,0,0,Unsafe Lane Changing,4517972,13.6,5.0,4.8,4.8,0.0,12.0,55,20.1,42.8,263,Drizzle: Dense,0,0,
51997,2021-10-26 13:10:00,40.845177,-73.91417,0,0,Passing Too Closely,4471236,16.9,13.8,84.5,84.5,0.0,17.0,65,28.7,53.6,87,Rain: Heavy,0,0,
51998,2021-07-11 18:45:00,40.702187,-73.944115,1,0,Pedestrian/Bicyclist/Other Pedestrian Error/Confusion,4435880,24.9,19.8,2.5,2.5,0.0,9.0,53,15.8,35.3,141,Drizzle: Moderate,1,1,
51999,2021-07-11 02:27:00,40.866333,-73.92501,0,0,Driver Inattention/Distraction,4436108,24.9,19.8,2.5,2.5,0.0,9.0,53,15.8,35.3,141,Drizzle: Moderate,0,0,
52000,2021-07-11 09:15:00,40.853592,-73.85579,0,0,Brakes Defective,4435965,24.9,19.8,2.5,2.5,0.0,9.0,53,15.8,35.3,141,Drizzle: Moderate,0,0,
52001,2021-07-02 20:22:00,40.691555,-73.93677,1,0,Driver Inexperience,4436581,24.3,19.2,29.6,29.6,0.0,23.0,63,14.1,27.7,284,Rain: Moderate,1,1,
52002,2021-07-08 10:50:00,40.71244,-73.89403,1,0,Passing Too Closely,4436553,28.3,21.3,15.2,15.2,0.0,12.0,63,16.9,48.2,125,Rain: Moderate,1,1,
52003,2021-07-11 01:54:00,40.634693,-73.92563,0,0,Unspecified,4435607,24.9,19.8,2.5,2.5,0.0,9.0,53,15.8,35.3,141,Drizzle: Moderate,0,0,
52004,2021-07-11 21:00:00,40.694916,-73.74126,0,0,Unspecified,4436295,24.9,19.8,2.5,2.5,0.0,9.0,53,15.8,35.3,141,Drizzle: Moderate,0,0,
52005,2021-07-11 01:40:00,40.724174,-73.937355,0,0,Turning Improperly,4436031,24.9,19.8,2.5,2.5,0.0,9.0,53,15.8,35.3,141,Drizzle: Moderate,0,0,
52006,2021-07-09 14:30:00,40.6836,-73.85511,1,0,Failure to Yield Right-of-Way,4436510,29.8,22.0,35.0,35.0,0.0,14.0,63,31.0,55.8,341,Rain: Moderate,1,1,
52007,2021-07-11 18:00:00,40.86177,-73.89868,0,0,Backing Unsafely,4436711,24.9,19.8,2.5,2.5,0.0,9.0,53,15.8,35.3,141,Drizzle: Moderate,0,0,
52008,2021-07-11 02:52:00,40.826492,-73.907745,0,0,Unspecified,4435622,24.9,19.8,2.5,2.5,0.0,9.0,53,15.8,35.3,141,Drizzle: Moderate,0,0,
52009,2021-07-11 07:20:00,40.634007,-73.889366,1,0,Aggressive Driving/Road Rage,4436050,24.9,19.8,2.5,2.5,0.0,9.0,53,15.8,35.3,141,Drizzle: Moderate,1,1,
52010,2021-07-10 21:05:00,40.621017,-74.13181,1,0,Following Too Closely,4436579,25.5,20.7,0.5,0.5,0.0,3.0,51,14.5,29.9,1,Drizzle: Light,1,1,
52011,2021-07-11 20:30:00,40.74106,-73.946106,0,0,Driver Inattention/Distraction,4436640,24.9,19.8,2.5,2.5,0.0,9.0,53,15.8,35.3,141,Drizzle: Moderate,0,0,
52012,2021-07-06 10:30:00,40.637817,-73.97956,0,0,Unspecified,4436461,33.6,21.9,2.1,2.1,0.0,4.0,61,21.8,49.7,231,Rain: Light,0,0,
52013,2021-07-11 08:45:00,40.61224,-73.919136,0,0,Backing Unsafely,4435643,24.9,19.8,2.5,2.5,0.0,9.0,53,15.8,35.3,141,Drizzle: Moderate,0,0,
52014,2021-07-11 10:35:00,40.72089,-73.99576,3,0,Driver Inattention/Distraction,4435840,24.9,19.8,2.5,2.5,0.0,9.0,53,15.8,35.3,141,Drizzle: Moderate,3,3,
52015,2021-07-11 19:28:00,40.65864,-73.91374,1,0,Driver Inattention/Distraction,4436134,24.9,19.8,2.5,2.5,0.0,9.0,53,15.8,35.3,141,Drizzle: Moderate,1,1,
52016,2021-07-11 15:00:00,40.74424,-73.84717,2,0,Driver Inattention/Distraction,4436200,24.9,19.8,2.5,2.5,0.0,9.0,53,15.8,35.3,141,Drizzle: Moderate,2,2,
52017,2021-07-11 18:35:00,40.70778,-73.79341,0,0,Turning Improperly,4436305,24.9,19.8,2.5,2.5,0.0,9.0,53,15.8,35.3,141,Drizzle: Moderate,0,0,
52018,2021-07-11 22:35:00,40.729446,-74.00518,0,0,Failure to Yield Right-of-Way,4436362,24.9,19.8,2.5,2.5,0.0,9.0,53,15.8,35.3,141,Drizzle: Moderate,0,0,
52019,2021-07-11 14:45:00,40.770535,-73.79411,0,0,Passing or Lane Usage Improper,4435800,24.9,19.8,2.5,2.5,0.0,9.0,53,15.8,35.3,141,Drizzle: Moderate,0,0,
52020,2021-07-11 13:43:00,40.854923,-73.82636,0,0,Unspecified,4435725,24.9,19.8,2.5,2.5,0.0,9.0,53,15.8,35.3,141,Drizzle: Moderate,0,0,
52021,2021-07-11 11:13:00,40.726677,-73.90736,0,0,Unspecified,4435782,24.9,19.8,2.5,2.5,0.0,9.0,53,15.8,35.3,141,Drizzle: Moderate,0,0,
52022,2021-07-11 13:11:00,40.604355,-74.01075,1,0,Failure to Yield Right-of-Way,4435731,24.9,19.8,2.5,2.5,0.0,9.0,53,15.8,35.3,141,Drizzle: Moderate,1,1,
52023,2021-07-11 19:54:00,40.743397,-73.8742,0,0,Driver Inattention/Distraction,4435830,24.9,19.8,2.5,2.5,0.0,9.0,53,15.8,35.3,141,Drizzle: Moderate,0,0,
52024,2021-07-11 01:05:00,40.712288,-73.8194,0,0,Fell Asleep,4435674,24.9,19.8,2.5,2.5,0.0,9.0,53,15.8,35.3,141,Drizzle: Moderate,0,0,
52025,2021-07-11 18:30:00,40.729824,-73.99956,0,0,Unspecified,4436361,24.9,19.8,2.5,2.5,0.0,9.0,53,15.8,35.3,141,Drizzle: Moderate,0,0,
52026,2021-07-11 17:07:00,40.8264,-73.87581,0,0,Following Too Closely,4436065,24.9,19.8,2.5,2.5,0.0,9.0,53,15.8,35.3,141,Drizzle: Moderate,0,0,
52027,2021-07-08 18:15:00,40.70091,-73.926094,0,0,Driver Inattention/Distraction,4436443,28.3,21.3,15.2,15.2,0.0,12.0,63,16.9,48.2,125,Rain: Moderate,0,0,
52028,2021-07-11 03:08:00,40.772327,-73.94531,0,0,Following Too Closely,4436378,24.9,19.8,2.5,2.5,0.0,9.0,53,15.8,35.3,141,Drizzle: Moderate,0,0,
52029,2021-07-11 13:28:00,40.736732,-73.85451,1,0,Following Too Closely,4435693,24.9,19.8,2.5,2.5,0.0,9.0,53,15.8,35.3,141,Drizzle: Moderate,1,1,
52030,2021-07-11 04:20:00,40.696373,-73.979034,0,0,Driver Inattention/Distraction,4435815,24.9,19.8,2.5,2.5,0.0,9.0,53,15.8,35.3,141,Drizzle: Moderate,0,0,
52031,2021-07-11 19:30:00,40.669876,-73.8172,0,0,Driver Inattention/Distraction,4435938,24.9,19.8,2.5,2.5,0.0,9.0,53,15.8,35.3,141,Drizzle: Moderate,0,0,
52032,2021-07-11 21:00:00,40.6737,-74.00444,0,0,Passing or Lane Usage Improper,4436191,24.9,19.8,2.5,2.5,0.0,9.0,53,15.8,35.3,141,Drizzle: Moderate,0,0,
52033,2021-07-11 19:45:00,40.725918,-73.89535,3,0,Brakes Defective,4436547,24.9,19.8,2.5,2.5,0.0,9.0,53,15.8,35.3,141,Drizzle: Moderate,3,3,
52034,2021-07-11 21:45:00,40.83771,-73.94,0,0,Turning Improperly,4435847,24.9,19.8,2.5,2.5,0.0,9.0,53,15.8,35.3,141,Drizzle: Moderate,0,0,
52035,2021-07-11 12:04:00,40.825405,-73.91599,0,0,Driver Inattention/Distraction,4435910,24.9,19.8,2.5,2.5,0.0,9.0,53,15.8,35.3,141,Drizzle: Moderate,0,0,
52036,2021-07-09 21:58:00,40.81632,-73.903015,1,0,Driver Inattention/Distraction,4436607,29.8,22.0,35.0,35.0,0.0,14.0,63,31.0,55.8,341,Rain: Moderate,1,1,
52037,2021-07-11 13:49:00,40.64366,-73.90067,2,0,Driver Inattention/Distraction,4435748,24.9,19.8,2.5,2.5,0.0,9.0,53,15.8,35.3,141,Drizzle: Moderate,2,2,
52038,2021-07-10 15:09:00,40.680283,-73.85471,0,0,Unspecified,4436494,25.5,20.7,0.5,0.5,0.0,3.0,51,14.5,29.9,1,Drizzle: Light,0,0,
52039,2021-07-11 02:05:00,40.631805,-73.988304,0,0,Driver Inattention/Distraction,4436344,24.9,19.8,2.5,2.5,0.0,9.0,53,15.8,35.3,141,Drizzle: Moderate,0,0,
52040,2021-07-09 23:30:00,40.68504,-73.7668,2,0,Unspecified,4436482,29.8,22.0,35.0,35.0,0.0,14.0,63,31.0,55.8,341,Rain: Moderate,2,2,