,CRASH DATETIME,LATITUDE,LONGITUDE,NUMBER OF PERSONS INJURED,NUMBER OF PERSONS KILLED,CONTRIBUTING FACTOR VEHICLE 1,COLLISION_ID,temperature_2m_max,temperature_2m_min,precipitation_sum,rain_sum,snowfall_sum,precipitation_hours,weather_code,wind_speed_10m_max,wind_gusts_10m_max,wind_direction_10m_dominant,Weather Description,Severity_Score,Total_Affected_Persons,Weather_Category
52041,2021-06-06 16:05:00,40.79157,-73.94469,1,0,Driver Inattention/Distraction,4436589,31.0,20.0,0.0,0.0,0.0,0.0,1,16.6,32.4,222,Mainly clear,1,1,Sunny/Clear Conditions
52042,2021-07-11 00:00:00,40.668022,-73.872826,0,0,Unspecified,4436006,24.9,19.8,2.5,2.5,0.0,9.0,53,15.8,35.3,141,Drizzle: Moderate,0,0,
52043,2021-07-07 14:00:00,40.698868,-73.94505,0,0,Passing Too Closely,4436565,31.4,22.2,1.4,1.4,0.0,6.0,53,17.4,37.8,213,Drizzle: Moderate,0,0,
52044,2021-07-11 21:26:00,40.606907,-73.9705,0,0,Alcohol Involvement,4436052,24.9,19.8,2.5,2.5,0.0,9.0,53,15.8,35.3,141,Drizzle: Moderate,0,0,
52045,2021-07-11 21:12:00,40.844276,-73.88882,0,0,Backing Unsafely,4435924,24.9,19.8,2.5,2.5,0.0,9.0,53,15.8,35.3,141,Drizzle: Moderate,0,0,
52046,2021-07-11 00:00:00,40.77844,-73.90192,0,0,Driver Inattention/Distraction,4436154,24.9,19.8,2.5,2.5,0.0,9.0,53,15.8,35.3,141,Drizzle: Moderate,0,0,
52047,2021-07-11 19:42:00,40.70504,-73.959045,3,0,Following Too Closely,4435869,24.9,19.8,2.5,2.5,0.0,9.0,53,15.8,35.3,141,Drizzle: Moderate,3,3,
52048,2021-06-05 21:53:00,40.84091,-73.904755,0,0,Alcohol Involvement,4436519,31.3,17.3,0.0,0.0,0.0,0.0,2,20.9,43.9,247,Partly cloudy,0,0,
52049,2021-07-11 08:31:00,40.6877,-73.91095,0,0,Steering Failure,4436081,24.9,19.8,2.5,2.5,0.0,9.0,53,15.8,35.3,141,Drizzle: Moderate,0,0,
52050,2021-07-11 01:20:00,40.835297,-73.93116,0,0,Passing or Lane Usage Improper,4435933,24.9,19.8,2.5,2.5,0.0,9.0,53,15.8,35.3,141,Drizzle: Moderate,0,0,
52051,2021-07-11 14:25:00,40.70567,-73.92142,1,0,Failure to Yield Right-of-Way,4436082,24.9,19.8,2.5,2.5,0.0,9.0,53,15.8,35.3,141,Drizzle: Moderate,1,1,
52052,2021-07-11 07:20:00,40.84731,-73.9149,0,0,Failure to Yield Right-of-Way,4436032,24.9,19.8,2.5,2.5,0.0,9.0,53,15.8,35.3,141,Drizzle: Moderate,0,0,
52053,2021-06-29 15:49:00,40.815845,-73.89544,0,0,Unspecified,4436572,33.4,24.0,0.7,0.7,0.0,4.0,51,19.5,40.0,231,Drizzle: Light,0,0,
52054,2021-07-11 00:15:00,40.752663,-73.746025,2,0,Reaction to Uninvolved Vehicle,4435608,24.9,19.8,2.5,2.5,0.0,9.0,53,15.8,35.3,141,Drizzle: Moderate,2,2,
52055,2021-07-11 18:00:00,40.655575,-73.926895,0,0,Unspecified,4436615,24.9,19.8,2.5,2.5,0.0,9.0,53,15.8,35.3,141,Drizzle: Moderate,0,0,
52056,2021-07-11 08:00:00,40.782055,-73.95373,1,0,Driver Inattention/Distraction,4435893,24.9,19.8,2.5,2.5,0.0,9.0,53,15.8,35.3,141,Drizzle: Moderate,1,1,
52057,2021-07-04 04:15:00,40.762657,-73.87326,1,0,Driver Inattention/Distraction,4436476,24.6,15.8,1.4,1.4,0.0,12.0,51,11.8,27.0,299,Drizzle: Light,1,1,
52058,2021-07-09 12:05:00,40.575573,-73.99432,1,0,Driver Inattention/Distraction,4436552,29.8,22.0,35.0,35.0,0.0,14.0,63,31.0,55.8,341,Rain: Moderate,1,1,
52059,2021-07-11 03:20:00,40.63413,-73.928505,0,0,Driver Inattention/Distraction,4435629,24.9,19.8,2.5,2.5,0.0,9.0,53,15.8,35.3,141,Drizzle: Moderate,0,0,
52060,2021-07-11 02:25:00,40.677715,-73.93587,2,0,Driver Inattention/Distraction,4436580,24.9,19.8,2.5,2.5,0.0,9.0,53,15.8,35.3,141,Drizzle: Moderate,2,2,
52061,2021-07-11 22:00:00,40.649513,-73.93984,1,0,Unspecified,4435865,24.9,19.8,2.5,2.5,0.0,9.0,53,15.8,35.3,141,Drizzle: Moderate,1,1,
52062,2021-07-11 17:10:00,40.722775,-73.9471,0,0,Following Too Closely,4436035,24.9,19.8,2.5,2.5,0.0,9.0,53,15.8,35.3,141,Drizzle: Moderate,0,0,
52063,2021-07-08 16:23:00,40.784325,-73.94225,0,0,Driver Inattention/Distraction,4436666,28.3,21.3,15.2,15.2,0.0,12.0,63,16.9,48.2,125,Rain: Moderate,0,0,
52064,2021-07-11 21:19:00,40.830738,-73.9105,0,0,Passing Too Closely,4435925,24.9,19.8,2.5,2.5,0.0,9.0,53,15.8,35.3,141,Drizzle: Moderate,0,0,
52065,2021-07-09 09:30:00,40.676342,-73.910934,1,0,Unspecified,4436460,29.8,22.0,35.0,35.0,0.0,14.0,63,31.0,55.8,341,Rain: Moderate,1,1,
52066,2021-05-21 18:58:00,40.703377,-73.86343,1,0,Failure to Yield Right-of-Way,4436516,23.9,11.3,0.0,0.0,0.0,0.0,3,19.2,38.5,174,Overcast,1,1,
52067,2021-07-11 14:46:00,40.72059,-73.974884,5,0,Brakes Defective,4435974,24.9,19.8,2.5,2.5,0.0,9.0,53,15.8,35.3,141,Drizzle: Moderate,5,5,
52068,2021-07-05 08:34:00,40.815247,-73.959915,0,0,Unspecified,4436606,26.4,17.3,0.7,0.7,0.0,2.0,53,18.8,34.6,142,Drizzle: Moderate,0,0,
52069,2021-07-11 13:10:00,40.758507,-73.83882,2,0,Other Vehicular,4435745,24.9,19.8,2.5,2.5,0.0,9.0,53,15.8,35.3,141,Drizzle: Moderate,2,2,
52070,2021-07-11 18:50:00,40.687843,-73.980194,2,0,Unsafe Lane Changing,4435784,24.9,19.8,2.5,2.5,0.0,9.0,53,15.8,35.3,141,Drizzle: Moderate,2,2,
52071,2021-07-11 01:30:00,40.75085,-73.85829,1,0,Driver Inattention/Distraction,4436229,24.9,19.8,2.5,2.5,0.0,9.0,53,15.8,35.3,141,Drizzle: Moderate,1,1,
52072,2021-07-11 23:15:00,40.667076,-73.99508,1,0,Unspecified,4435883,24.9,19.8,2.5,2.5,0.0,9.0,53,15.8,35.3,141,Drizzle: Moderate,1,1,
52073,2021-07-08 20:03:00,40.790543,-73.94542,0,0,Driver Inattention/Distraction,4436420,28.3,21.3,15.2,15.2,0.0,12.0,63,16.9,48.2,125,Rain: Moderate,0,0,
52074,2021-07-11 08:45:00,40.68627,-73.81643,1,0,Other Vehicular,4436702,24.9,19.8,2.5,2.5,0.0,9.0,53,15.8,35.3,141,Drizzle: Moderate,1,1,
52075,2021-07-11 13:15:00,40.826385,-73.859,0,0,View Obstructed/Limited,4435694,24.9,19.8,2.5,2.5,0.0,9.0,53,15.8,35.3,141,Drizzle: Moderate,0,0,
52076,2021-07-11 23:33:00,40.87836,-73.90335,0,0,Unspecified,4436272,24.9,19.8,2.5,2.5,0.0,9.0,53,15.8,35.3,141,Drizzle: Moderate,0,0,
52077,2021-07-11 02:35:00,40.65008,-73.9466,1,0,Unsafe Speed,4435757,24.9,19.8,2.5,2.5,0.0,9.0,53,15.8,35.3,141,Drizzle: Moderate,1,1,
52078,2021-07-11 14:52:00,40.809658,-73.91331,0,0,Unspecified,4435937,24.9,19.8,2.5,2.5,0.0,9.0,53,15.8,35.3,141,Drizzle: Moderate,0,0,
52079,2021-06-30 10:50:00,40.70456,-73.856735,1,0,Failure to Yield Right-of-Way,4436548,35.2,24.9,0.1,0.1,0.0,1.0,51,20.6,37.1,246,Drizzle: Light,1,1,
52080,2021-07-11 16:00:00,40.663284,-73.96096,1,0,Driver Inattention/Distraction,4436588,24.9,19.8,2.5,2.5,0.0,9.0,53,15.8,35.3,141,Drizzle: Moderate,1,1,
52081,2021-07-07 17:10:00,40.69304,-73.924446,1,0,Driver Inattention/Distraction,4436444,31.4,22.2,1.4,1.4,0.0,6.0,53,17.4,37.8,213,Drizzle: Moderate,1,1,
52082,2022-04-09 11:13:00,40.738945,-73.81228,0,0,Following Too Closely,4517461,13.6,5.0,4.8,4.8,0.0,12.0,55,20.1,42.8,263,Drizzle: Dense,0,0,
52083,2021-07-11 20:33:00,40.81881,-73.92828,3,0,Unspecified,4435958,24.9,19.8,2.5,2.5,0.0,9.0,53,15.8,35.3,141,Drizzle: Moderate,3,3,
52084,2021-07-10 15:45:00,40.82557,-73.931175,1,0,Driver Inattention/Distraction,4436523,25.5,20.7,0.5,0.5,0.0,3.0,51,14.5,29.9,1,Drizzle: Light,1,1,
52085,2021-07-11 16:00:00,40.553974,-74.21282,0,0,Backing Unsafely,4436217,24.9,19.8,2.5,2.5,0.0,9.0,53,15.8,35.3,141,Drizzle: Moderate,0,0,
52086,2021-07-11 01:22:00,40.58891,-73.96047,1,0,Turning Improperly,4435639,24.9,19.8,2.5,2.5,0.0,9.0,53,15.8,35.3,141,Drizzle: Moderate,1,1,
52087,2021-07-11 07:05:00,40.595444,-73.779045,0,0,Following Too Closely,4436376,24.9,19.8,2.5,2.5,0.0,9.0,53,15.8,35.3,141,Drizzle: Moderate,0,0,
52088,2021-07-11 21:30:00,40.789783,-73.81419,0,0,Failure to Yield Right-of-Way,4435833,24.9,19.8,2.5,2.5,0.0,9.0,53,15.8,35.3,141,Drizzle: Moderate,0,0,
52089,2021-07-11 08:00:00,40.687004,-73.9796,0,0,Unsafe Speed,4436287,24.9,19.8,2.5,2.5,0.0,9.0,53,15.8,35.3,141,Drizzle: Moderate,0,0,
52090,2021-07-11 19:00:00,40.580315,-74.11368,0,0,Failure to Yield Right-of-Way,4436133,24.9,19.8,2.5,2.5,0.0,9.0,53,15.8,35.3,141,Drizzle: Moderate,0,0,
52091,2021-07-10 03:08:00,40.884033,-73.89797,0,0,Other Vehicular,4436594,25.5,20.7,0.5,0.5,0.0,3.0,51,14.5,29.9,1,Drizzle: Light,0,0,
52092,2021-07-11 05:15:00,40.831158,-73.87956,0,0,Unspecified,4436061,24.9,19.8,2.5,2.5,0.0,9.0,53,15.8,35.3,141,Drizzle: Moderate,0,0,
52093,2021-07-07 22:24:00,40.685234,-73.92654,1,0,Pedestrian/Bicyclist/Other Pedestrian Error/Confusion,4436535,31.4,22.2,1.4,1.4,0.0,6.0,53,17.4,37.8,213,Drizzle: Moderate,1,1,
52094,2021-07-11 13:50:00,40.876976,-73.88966,1,0,Failure to Yield Right-of-Way,4435903,24.9,19.8,2.5,2.5,0.0,9.0,53,15.8,35.3,141,Drizzle: Moderate,1,1,
52095,2021-07-08 14:50:00,40.666115,-73.978195,0,0,Oversized Vehicle,4436423,28.3,21.3,15.2,15.2,0.0,12.0,63,16.9,48.2,125,Rain: Moderate,0,0,
52096,2021-07-02 16:57:00,40.671825,-73.774506,1,0,Unspecified,4436484,24.3,19.2,29.6,29.6,0.0,23.0,63,14.1,27.7,284,Rain: Moderate,1,1,
52097,2021-07-11 00:23:00,40.81009,-73.925224,1,0,Driver Inattention/Distraction,4435949,24.9,19.8,2.5,2.5,0.0,9.0,53,15.8,35.3,141,Drizzle: Moderate,1,1,
52098,2021-07-11 19:45:00,40.689808,-73.80931,1,0,Driver Inattention/Distraction,4436304,24.9,19.8,2.5,2.5,0.0,9.0,53,15.8,35.3,141,Drizzle: Moderate,1,1,
52099,2021-07-11 11:24:00,40.577488,-73.95522,0,0,Unspecified,4435673,24.9,19.8,2.5,2.5,0.0,9.0,53,15.8,35.3,141,Drizzle: Moderate,0,0,
52100,2021-07-11 12:48:00,40.68607,-73.91605,1,0,Driver Inattention/Distraction,4436074,24.9,19.8,2.5,2.5,0.0,9.0,53,15.8,35.3,141,Drizzle: Moderate,1,1,
52101,2021-07-11 01:22:00,40.700005,-73.90296,0,0,Failure to Yield Right-of-Way,4435798,24.9,19.8,2.5,2.5,0.0,9.0,53,15.8,35.3,141,Drizzle: Moderate,0,0,
52102,2021-07-11 01:20:00,40.77008,-73.94784,0,0,Passing or Lane Usage Improper,4435892,24.9,19.8,2.5,2.5,0.0,9.0,53,15.8,35.3,141,Drizzle: Moderate,0,0,
52103,2021-07-11 16:50:00,40.80016,-73.93538,0,0,Unspecified,4436073,24.9,19.8,2.5,2.5,0.0,9.0,53,15.8,35.3,141,Drizzle: Moderate,0,0,
52104,2021-07-09 11:39:00,40.709652,-73.91378,0,0,Unspecified,4436563,29.8,22.0,35.0,35.0,0.0,14.0,63,31.0,55.8,341,Rain: Moderate,0,0,
52105,2021-07-11 11:40:00,40.853138,-73.9017,0,0,Unspecified,4435988,24.9,19.8,2.5,2.5,0.0,9.0,53,15.8,35.3,141,Drizzle: Moderate,0,0,
52106,2021-07-10 06:05:00,40.817368,-73.90259,1,0,Unspecified,4436574,25.5,20.7,0.5,0.5,0.0,3.0,51,14.5,29.9,1,Drizzle: Light,1,1,
52107,2021-07-11 03:52:00,40.748737,-73.758385,1,0,Fell Asleep,4435609,24.9,19.8,2.5,2.5,0.0,9.0,53,15.8,35.3,141,Drizzle: Moderate,1,1,
52108,2021-07-08 11:03:00,40.653812,-73.95567,0,0,Unspecified,4436625,28.3,21.3,15.2,15.2,0.0,12.0,63,16.9,48.2,125,Rain: Moderate,0,0,
52109,2021-07-11 15:30:00,40.723686,-73.95595,0,0,Unspecified,4436468,24.9,19.8,2.5,2.5,0.0,9.0,53,15.8,35.3,141,Drizzle: Moderate,0,0,
52110,2021-07-11 03:25:00,40.701527,-73.98957,1,0,Driver Inattention/Distraction,4436279,24.9,19.8,2.5,2.5,0.0,9.0,53,15.8,35.3,141,Drizzle: Moderate,1,1,
52111,2021-07-11 00:00:00,40.66386,-73.92456,0,0,Alcohol Involvement,4435756,24.9,19.8,2.5,2.5,0.0,9.0,53,15.8,35.3,141,Drizzle: Moderate,0,0,
52112,2021-07-11 17:55:00,40.6481,-73.91474,1,0,Driver Inattention/Distraction,4435761,24.9,19.8,2.5,2.5,0.0,9.0,53,15.8,35.3,141,Drizzle: Moderate,1,1,
52113,2021-07-11 22:20:00,40.769333,-73.912445,0,0,Passing Too Closely,4436161,24.9,19.8,2.5,2.5,0.0,9.0,53,15.8,35.3,141,Drizzle: Moderate,0,0,
52114,2021-07-10 02:50:00,40.650726,-73.94567,0,0,Unspecified,4436614,25.5,20.7,0.5,0.5,0.0,3.0,51,14.5,29.9,1,Drizzle: Light,0,0,
52115,2021-07-11 18:35:00,40.645325,-73.91299,0,0,Unspecified,4435813,24.9,19.8,2.5,2.5,0.0,9.0,53,15.8,35.3,141,Drizzle: Moderate,0,0,
52116,2021-07-11 13:30:00,40.665733,-73.755585,0,0,Following Too Closely,4435683,24.9,19.8,2.5,2.5,0.0,9.0,53,15.8,35.3,141,Drizzle: Moderate,0,0,
52117,2021-07-11 14:20:00,40.69513,-73.85705,0,0,Passenger Distraction,4436166,24.9,19.8,2.5,2.5,0.0,9.0,53,15.8,35.3,141,Drizzle: Moderate,0,0,
52118,2021-07-11 17:08:00,40.709522,-74.00579,0,0,Driver Inattention/Distraction,4436332,24.9,19.8,2.5,2.5,0.0,9.0,53,15.8,35.3,141,Drizzle: Moderate,0,0,
52119,2021-05-16 18:40:00,40.758358,-73.88684,0,0,Driver Inattention/Distraction,4436410,22.3,10.7,0.1,0.1,0.0,1.0,51,23.8,46.1,261,Drizzle: Light,0,0,
52120,2021-07-11 09:30:00,40.84282,-73.784836,0,0,Alcohol Involvement,4435719,24.9,19.8,2.5,2.5,0.0,9.0,53,15.8,35.3,141,Drizzle: Moderate,0,0,
52121,2021-07-11 04:00:00,40.729073,-73.87572,0,0,Unspecified,4435804,24.9,19.8,2.5,2.5,0.0,9.0,53,15.8,35.3,141,Drizzle: Moderate,0,0,
52122,2021-07-11 19:00:00,40.702724,-73.95002,0,0,Unspecified,4435857,24.9,19.8,2.5,2.5,0.0,9.0,53,15.8,35.3,141,Drizzle: Moderate,0,0,
52123,2021-07-11 00:20:00,40.793816,-73.94012,0,0,Unspecified,4436048,24.9,19.8,2.5,2.5,0.0,9.0,53,15.8,35.3,141,Drizzle: Moderate,0,0,
52124,2021-07-01 05:27:00,40.732944,-73.99799,0,0,Unspecified,4436464,27.8,22.2,25.2,25.2,0.0,12.0,65,10.6,33.1,280,Rain: Heavy,0,0,
52125,2021-07-04 22:43:00,40.703537,-73.895546,3,0,Unsafe Lane Changing,4436603,24.6,15.8,1.4,1.4,0.0,12.0,51,11.8,27.0,299,Drizzle: Light,3,3,
52126,2021-07-11 19:49:00,40.585163,-73.95641,1,0,Unspecified,4435886,24.9,19.8,2.5,2.5,0.0,9.0,53,15.8,35.3,141,Drizzle: Moderate,1,1,
52127,2021-07-11 02:00:00,40.742012,-73.87433,0,0,Reaction to Uninvolved Vehicle,4435672,24.9,19.8,2.5,2.5,0.0,9.0,53,15.8,35.3,141,Drizzle: Moderate,0,0,
52128,2021-07-11 22:38:00,40.765324,-73.816185,0,0,Unspecified,4435834,24.9,19.8,2.5,2.5,0.0,9.0,53,15.8,35.3,141,Drizzle: Moderate,0,0,
52129,2021-07-11 05:42:00,40.681316,-73.83264,0,0,Driver Inexperience,4436143,24.9,19.8,2.5,2.5,0.0,9.0,53,15.8,35.3,141,Drizzle: Moderate,0,0,
52130,2021-07-11 21:00:00,40.666195,-73.94902,0,0,Unspecified,4435820,24.9,19.8,2.5,2.5,0.0,9.0,53,15.8,35.3,141,Drizzle: Moderate,0,0,
52131,2021-07-08 21:48:00,40.6935,-73.92911,0,0,Driver Inexperience,4436556,28.3,21.3,15.2,15.2,0.0,12.0,63,16.9,48.2,125,Rain: Moderate,0,0,
52132,2021-07-11 22:40:00,40.70075,-73.98599,0,0,Following Too Closely,4436347,24.9,19.8,2.5,2.5,0.0,9.0,53,15.8,35.3,141,Drizzle: Moderate,0,0,
52133,2021-07-11 00:38:00,40.82391,-73.94244,0,0,Driver Inattention/Distraction,4435928,24.9,19.8,2.5,2.5,0.0,9.0,53,15.8,35.3,141,Drizzle: Moderate,0,0,
52134,2021-07-11 21:00:00,40.678364,-73.77949,0,0,Driver Inexperience,4436220,24.9,19.8,2.5,2.5,0.0,9.0,53,15.8,35.3,141,Drizzle: Moderate,0,0,
52135,2021-07-11 21:00:00,40.81523,-73.920166,1,0,Unspecified,4436373,24.9,19.8,2.5,2.5,0.0,9.0,53,15.8,35.3,141,Drizzle: Moderate,1,1,
52136,2021-07-11 03:04:00,40.69985,-73.80974,0,0,Driver Inexperience,4436303,24.9,19.8,2.5,2.5,0.0,9.0,53,15.8,35.3,141,Drizzle: Moderate,0,0,
52137,2021-07-11 16:15:00,40.856743,-73.89527,0,0,Failure to Yield Right-of-Way,4436027,24.9,19.8,2.5,2.5,0.0,9.0,53,15.8,35.3,141,Drizzle: Moderate,0,0,
52138,2021-06-09 11:30:00,40.76199,-73.86934,0,0,Driver Inattention/Distraction,4436515,30.2,21.4,1.1,1.1,0.0,5.0,51,11.7,28.1,286,Drizzle: Light,0,0,
52139,2021-06-20 04:50:00,40.757233,-73.9898,0,0,Driver Inattention/Distraction,4436695,28.7,17.3,0.3,0.3,0.0,2.0,51,19.5,40.0,212,Drizzle: Light,0,0,
52140,2021-07-11 07:29:00,40.839268,-73.903824,0,0,Unspecified,4435915,24.9,19.8,2.5,2.5,0.0,9.0,53,15.8,35.3,141,Drizzle: Moderate,0,0,
52141,2021-07-11 03:00:00,40.713436,-73.91467,1,0,Driver Inattention/Distraction,4436549,24.9,19.8,2.5,2.5,0.0,9.0,53,15.8,35.3,141,Drizzle: Moderate,1,1,
52142,2021-07-11 10:25:00,40.77831,-73.962776,0,0,Unspecified,4435902,24.9,19.8,2.5,2.5,0.0,9.0,53,15.8,35.3,141,Drizzle: Moderate,0,0,
52143,2021-07-01 07:00:00,40.816864,-73.882744,0,0,Unspecified,4436575,27.8,22.2,25.2,25.2,0.0,12.0,65,10.6,33.1,280,Rain: Heavy,0,0,
52144,2021-07-11 12:20:00,40.694454,-73.973175,0,0,Unspecified,4435788,24.9,19.8,2.5,2.5,0.0,9.0,53,15.8,35.3,141,Drizzle: Moderate,0,0,
52145,2021-07-11 12:50:00,40.896687,-73.84511,0,0,Driver Inattention/Distraction,4435961,24.9,19.8,2.5,2.5,0.0,9.0,53,15.8,35.3,141,Drizzle: Moderate,0,0,
52146,2021-07-11 08:00:00,40.883286,-73.89775,0,0,Unspecified,4436679,24.9,19.8,2.5,2.5,0.0,9.0,53,15.8,35.3,141,Drizzle: Moderate,0,0,
52147,2021-07-07 13:43:00,40.735764,-73.97491,1,0,Unsafe Lane Changing,4436479,31.4,22.2,1.4,1.4,0.0,6.0,53,17.4,37.8,213,Drizzle: Moderate,1,1,
52148,2021-07-11 13:30:00,40.670612,-73.80557,0,0,Driver Inattention/Distraction,4435936,24.9,19.8,2.5,2.5,0.0,9.0,53,15.8,35.3,141,Drizzle: Moderate,0,0,
52149,2021-07-07 11:00:00,40.63166,-74.08394,0,0,Unspecified,4436568,31.4,22.2,1.4,1.4,0.0,6.0,53,17.4,37.8,213,Drizzle: Moderate,0,0,
52150,2021-07-06 00:55:00,40.881405,-73.90002,3,0,Driver Inattention/Distraction,4436584,33.6,21.9,2.1,2.1,0.0,4.0,61,21.8,49.7,231,Rain: Light,3,3,
52151,2021-07-11 17:30:00,40.537834,-74.20564,0,0,Drugs (illegal),4436212,24.9,19.8,2.5,2.5,0.0,9.0,53,15.8,35.3,141,Drizzle: Moderate,0,0,
52152,2021-06-24 18:30:00,40.694496,-73.91482,0,0,Unspecified,4436445,23.2,13.5,0.0,0.0,0.0,0.0,3,19.7,40.0,145,Overcast,0,0,
52153,2021-07-11 14:15:00,40.688084,-73.876686,0,0,Traffic Control Disregarded,4436009,24.9,19.8,2.5,2.5,0.0,9.0,53,15.8,35.3,141,Drizzle: Moderate,0,0,
52154,2021-07-11 07:35:00,40.701912,-73.93699,0,0,Passing Too Closely,4436076,24.9,19.8,2.5,2.5,0.0,9.0,53,15.8,35.3,141,Drizzle: Moderate,0,0,
52155,2021-07-09 12:17:00,40.83005,-73.922424,0,0,Driver Inattention/Distraction,4436521,29.8,22.0,35.0,35.0,0.0,14.0,63,31.0,55.8,341,Rain: Moderate,0,0,
52156,2021-07-11 23:14:00,40.62619,-73.921844,0,0,Unsafe Speed,4436090,24.9,19.8,2.5,2.5,0.0,9.0,53,15.8,35.3,141,Drizzle: Moderate,0,0,
52157,2021-06-04 17:28:00,40.747856,-74.000595,0,0,Alcohol Involvement,4436542,25.3,17.4,6.5,6.5,0.0,10.0,61,17.9,37.8,235,Rain: Light,0,0,
52158,2021-07-11 00:46:00,40.638695,-73.87859,0,0,Unspecified,4435610,24.9,19.8,2.5,2.5,0.0,9.0,53,15.8,35.3,141,Drizzle: Moderate,0,0,
52159,2021-07-09 11:50:00,40.781666,-73.986694,1,0,Pavement Defective,4436633,29.8,22.0,35.0,35.0,0.0,14.0,63,31.0,55.8,341,Rain: Moderate,1,1,
52160,2021-07-11 21:16:00,40.837807,-73.9003,0,0,Driver Inattention/Distraction,4435914,24.9,19.8,2.5,2.5,0.0,9.0,53,15.8,35.3,141,Drizzle: Moderate,0,0,
52161,2021-07-11 18:40:00,40.69432,-73.99888,0,0,Aggressive Driving/Road Rage,4436280,24.9,19.8,2.5,2.5,0.0,9.0,53,15.8,35.3,141,Drizzle: Moderate,0,0,
52162,2021-07-11 01:40:00,40.66191,-73.981735,0,0,Other Vehicular,4435773,24.9,19.8,2.5,2.5,0.0,9.0,53,15.8,35.3,141,Drizzle: Moderate,0,0,
52163,2021-07-11 13:00:00,40.87814,-73.905365,1,0,Unspecified,4436241,24.9,19.8,2.5,2.5,0.0,9.0,53,15.8,35.3,141,Drizzle: Moderate,1,1,
52164,2021-07-05 00:23:00,40.88647,-73.89603,3,0,Other Vehicular,4436593,26.4,17.3,0.7,0.7,0.0,2.0,53,18.8,34.6,142,Drizzle: Moderate,3,3,
52165,2021-06-25 13:30:00,40.761017,-73.885414,0,0,Brakes Defective,4436480,24.7,15.6,0.0,0.0,0.0,0.0,3,20.9,41.0,144,Overcast,0,0,
52166,2021-07-11 00:18:00,40.880623,-73.84047,0,0,Failure to Yield Right-of-Way,4436014,24.9,19.8,2.5,2.5,0.0,9.0,53,15.8,35.3,141,Drizzle: Moderate,0,0,
52167,2021-07-11 04:18:00,40.83609,-73.87039,0,0,Unsafe Speed,4436060,24.9,19.8,2.5,2.5,0.0,9.0,53,15.8,35.3,141,Drizzle: Moderate,0,0,
52168,2021-07-02 21:30:00,40.832344,-73.81629,0,0,Other Vehicular,4436424,24.3,19.2,29.6,29.6,0.0,23.0,63,14.1,27.7,284,Rain: Moderate,0,0,
52169,2021-07-11 02:30:00,40.68029,-73.80807,0,0,Passing or Lane Usage Improper,4436145,24.9,19.8,2.5,2.5,0.0,9.0,53,15.8,35.3,141,Drizzle: Moderate,0,0,
52170,2021-07-11 18:10:00,40.682148,-73.729614,4,0,Traffic Control Disregarded,4435818,24.9,19.8,2.5,2.5,0.0,9.0,53,15.8,35.3,141,Drizzle: Moderate,4,4,
52171,2021-07-11 16:45:00,40.71216,-73.95131,0,0,Driver Inattention/Distraction,4435871,24.9,19.8,2.5,2.5,0.0,9.0,53,15.8,35.3,141,Drizzle: Moderate,0,0,
52172,2021-07-11 11:33:00,40.72752,-73.75879,0,0,Driver Inattention/Distraction,4435686,24.9,19.8,2.5,2.5,0.0,9.0,53,15.8,35.3,141,Drizzle: Moderate,0,0,
52173,2021-07-11 19:46:00,40.65794,-73.907745,1,0,Unspecified,4436173,24.9,19.8,2.5,2.5,0.0,9.0,53,15.8,35.3,141,Drizzle: Moderate,1,1,
52174,2021-07-11 06:00:00,40.810345,-73.92495,0,0,Other Vehicular,4435944,24.9,19.8,2.5,2.5,0.0,9.0,53,15.8,35.3,141,Drizzle: Moderate,0,0,
52175,2021-07-06 19:07:00,40.653267,-73.93927,2,0,Driver Inattention/Distraction,4436613,33.6,21.9,2.1,2.1,0.0,4.0,61,21.8,49.7,231,Rain: Light,2,2,
52176,2021-07-11 17:45:00,40.755066,-73.84419,0,0,Unspecified,4435827,24.9,19.8,2.5,2.5,0.0,9.0,53,15.8,35.3,141,Drizzle: Moderate,0,0,
52177,2021-07-11 21:40:00,40.740364,-73.89972,0,0,Driver Inattention/Distraction,4435877,24.9,19.8,2.5,2.5,0.0,9.0,53,15.8,35.3,141,Drizzle: Moderate,0,0,
52178,2021-07-02 19:50:00,40.85288,-73.92025,0,0,Following Too Closely,4436448,24.3,19.2,29.6,29.6,0.0,23.0,63,14.1,27.7,284,Rain: Moderate,0,0,
52179,2021-07-11 23:30:00,40.686085,-73.982666,0,0,Failure to Yield Right-of-Way,4436353,24.9,19.8,2.5,2.5,0.0,9.0,53,15.8,35.3,141,Drizzle: Moderate,0,0,
52180,2021-07-11 02:00:00,40.700253,-73.83105,0,0,Unspecified,4435682,24.9,19.8,2.5,2.5,0.0,9.0,53,15.8,35.3,141,Drizzle: Moderate,0,0,
52181,2021-07-11 16:30:00,40.82322,-73.882996,0,0,Backing Unsafely,4436070,24.9,19.8,2.5,2.5,0.0,9.0,53,15.8,35.3,141,Drizzle: Moderate,0,0,
52182,2021-07-11 13:30:00,40.7448,-73.991425,1,0,Failure to Yield Right-of-Way,4435753,24.9,19.8,2.5,2.5,0.0,9.0,53,15.8,35.3,141,Drizzle: Moderate,1,1,