,CRASH DATETIME,LATITUDE,LONGITUDE,NUMBER OF PERSONS INJURED,NUMBER OF PERSONS KILLED,CONTRIBUTING FACTOR VEHICLE 1,COLLISION_ID,temperature_2m_max,temperature_2m_min,precipitation_sum,rain_sum,snowfall_sum,precipitation_hours,weather_code,wind_speed_10m_max,wind_gusts_10m_max,wind_direction_10m_dominant,Weather Description,Severity_Score,Total_Affected_Persons,Weather_Category
52183,2021-07-11 16:00:00,40.667236,-73.770004,1,0,Driver Inexperience,4436201,24.9,19.8,2.5,2.5,0.0,9.0,53,15.8,35.3,141,Drizzle: Moderate,1,1,
52184,2021-07-11 00:05:00,40.793472,-73.93726,0,0,Passing or Lane Usage Improper,4435644,24.9,19.8,2.5,2.5,0.0,9.0,53,15.8,35.3,141,Drizzle: Moderate,0,0,
52185,2021-07-11 22:27:00,40.612724,-73.94418,0,0,Unspecified,4435887,24.9,19.8,2.5,2.5,0.0,9.0,53,15.8,35.3,141,Drizzle: Moderate,0,0,
52186,2021-07-11 16:45:00,40.71216,-73.95131,1,0,Other Vehicular,4436317,24.9,19.8,2.5,2.5,0.0,9.0,53,15.8,35.3,141,Drizzle: Moderate,1,1,
52187,2021-07-11 21:29:00,40.701122,-73.756195,1,0,Failure to Yield Right-of-Way,4436138,24.9,19.8,2.5,2.5,0.0,9.0,53,15.8,35.3,141,Drizzle: Moderate,1,1,
52188,2021-07-11 17:27:00,40.690655,-73.889175,0,0,Passing or Lane Usage Improper,4435802,24.9,19.8,2.5,2.5,0.0,9.0,53,15.8,35.3,141,Drizzle: Moderate,0,0,
52189,2021-07-07 16:40:00,40.75412,-73.881325,0,0,Driver Inattention/Distraction,4436582,31.4,22.2,1.4,1.4,0.0,6.0,53,17.4,37.8,213,Drizzle: Moderate,0,0,
52190,2021-06-18 23:10:00,40.70436,-73.86844,0,0,Driver Inattention/Distraction,4436550,27.4,13.8,0.0,0.0,0.0,0.0,3,20.5,40.3,210,Overcast,0,0,
52191,2021-07-11 14:30:00,40.85566,-73.85546,0,0,Failure to Yield Right-of-Way,4435963,24.9,19.8,2.5,2.5,0.0,9.0,53,15.8,35.3,141,Drizzle: Moderate,0,0,
52192,2021-07-11 18:00:00,40.650143,-73.84248,0,0,Driver Inattention/Distraction,4435931,24.9,19.8,2.5,2.5,0.0,9.0,53,15.8,35.3,141,Drizzle: Moderate,0,0,
52193,2021-06-26 03:00:00,40.73225,-73.99636,0,0,Unspecified,4436462,26.5,18.6,1.3,1.3,0.0,8.0,51,23.7,52.9,181,Drizzle: Light,0,0,
52194,2021-07-10 03:01:00,40.705048,-73.90304,0,0,Driver Inattention/Distraction,4436514,25.5,20.7,0.5,0.5,0.0,3.0,51,14.5,29.9,1,Drizzle: Light,0,0,
52195,2021-07-11 23:00:00,40.674397,-73.896515,1,0,Unsafe Lane Changing,4435987,24.9,19.8,2.5,2.5,0.0,9.0,53,15.8,35.3,141,Drizzle: Moderate,1,1,
52196,2021-07-11 04:00:00,40.722897,-73.91386,0,0,Traffic Control Disregarded,4435791,24.9,19.8,2.5,2.5,0.0,9.0,53,15.8,35.3,141,Drizzle: Moderate,0,0,
52197,2021-07-11 03:00:00,40.69302,-73.93706,0,0,Traffic Control Disregarded,4435739,24.9,19.8,2.5,2.5,0.0,9.0,53,15.8,35.3,141,Drizzle: Moderate,0,0,
52198,2021-07-07 19:00:00,40.71848,-73.96322,0,0,Passing or Lane Usage Improper,4436599,31.4,22.2,1.4,1.4,0.0,6.0,53,17.4,37.8,213,Drizzle: Moderate,0,0,
52199,2021-07-11 08:00:00,40.66707,-73.793076,0,0,Passing Too Closely,4436219,24.9,19.8,2.5,2.5,0.0,9.0,53,15.8,35.3,141,Drizzle: Moderate,0,0,
52200,2021-07-11 16:45:00,40.81864,-73.92221,0,0,Driver Inattention/Distraction,4436372,24.9,19.8,2.5,2.5,0.0,9.0,53,15.8,35.3,141,Drizzle: Moderate,0,0,
52201,2021-07-11 00:00:00,40.77535,-73.80956,0,0,Unspecified,4435838,24.9,19.8,2.5,2.5,0.0,9.0,53,15.8,35.3,141,Drizzle: Moderate,0,0,
52202,2021-07-11 16:20:00,40.722725,-73.94748,1,0,Reaction to Uninvolved Vehicle,4436029,24.9,19.8,2.5,2.5,0.0,9.0,53,15.8,35.3,141,Drizzle: Moderate,1,1,
52203,2021-07-11 23:45:00,40.670734,-73.93373,1,0,Driver Inattention/Distraction,4436297,24.9,19.8,2.5,2.5,0.0,9.0,53,15.8,35.3,141,Drizzle: Moderate,1,1,
52204,2021-07-11 03:20:00,40.670326,-73.79244,0,0,Traffic Control Disregarded,4436109,24.9,19.8,2.5,2.5,0.0,9.0,53,15.8,35.3,141,Drizzle: Moderate,0,0,
52205,2021-07-11 05:30:00,40.586098,-73.93237,0,0,Driver Inattention/Distraction,4435638,24.9,19.8,2.5,2.5,0.0,9.0,53,15.8,35.3,141,Drizzle: Moderate,0,0,
52206,2021-07-11 05:29:00,40.76311,-73.962524,1,0,Driver Inexperience,4435899,24.9,19.8,2.5,2.5,0.0,9.0,53,15.8,35.3,141,Drizzle: Moderate,1,1,
52207,2021-07-11 10:58:00,40.632538,-74.133606,0,0,Driver Inattention/Distraction,4436049,24.9,19.8,2.5,2.5,0.0,9.0,53,15.8,35.3,141,Drizzle: Moderate,0,0,
52208,2021-07-11 18:48:00,40.60567,-74.030945,0,0,Unsafe Speed,4435850,24.9,19.8,2.5,2.5,0.0,9.0,53,15.8,35.3,141,Drizzle: Moderate,0,0,
52209,2021-07-11 21:11:00,40.586445,-73.98838,1,0,Driver Inattention/Distraction,4436555,24.9,19.8,2.5,2.5,0.0,9.0,53,15.8,35.3,141,Drizzle: Moderate,1,1,
52210,2021-07-06 17:55:00,40.693905,-73.94892,1,0,Traffic Control Disregarded,4436477,33.6,21.9,2.1,2.1,0.0,4.0,61,21.8,49.7,231,Rain: Light,1,1,
52211,2021-07-11 06:45:00,40.84807,-73.91876,0,0,Driver Inexperience,4436687,24.9,19.8,2.5,2.5,0.0,9.0,53,15.8,35.3,141,Drizzle: Moderate,0,0,
52212,2021-07-11 08:42:00,40.68131,-73.832634,0,0,Driver Inexperience,4435920,24.9,19.8,2.5,2.5,0.0,9.0,53,15.8,35.3,141,Drizzle: Moderate,0,0,
52213,2021-07-06 14:10:00,40.70564,-73.75048,0,0,Turning Improperly,4436486,33.6,21.9,2.1,2.1,0.0,4.0,61,21.8,49.7,231,Rain: Light,0,0,
52214,2021-07-11 16:45:00,40.63039,-73.93006,1,0,Aggressive Driving/Road Rage,4436180,24.9,19.8,2.5,2.5,0.0,9.0,53,15.8,35.3,141,Drizzle: Moderate,1,1,
52215,2021-07-11 17:40:00,40.68405,-73.97746,2,0,Unspecified,4435775,24.9,19.8,2.5,2.5,0.0,9.0,53,15.8,35.3,141,Drizzle: Moderate,2,2,
52216,2021-07-11 18:35:00,40.664707,-73.92824,1,0,Driver Inattention/Distraction,4436285,24.9,19.8,2.5,2.5,0.0,9.0,53,15.8,35.3,141,Drizzle: Moderate,1,1,
52217,2021-06-30 17:00:00,40.65011,-73.930214,2,0,Passing or Lane Usage Improper,4436612,35.2,24.9,0.1,0.1,0.0,1.0,51,20.6,37.1,246,Drizzle: Light,2,2,
52218,2021-07-11 06:00:00,40.66495,-73.73182,0,0,Passing Too Closely,4436151,24.9,19.8,2.5,2.5,0.0,9.0,53,15.8,35.3,141,Drizzle: Moderate,0,0,
52219,2021-07-11 10:45:00,40.644634,-73.89044,0,0,Driver Inattention/Distraction,4435749,24.9,19.8,2.5,2.5,0.0,9.0,53,15.8,35.3,141,Drizzle: Moderate,0,0,
52220,2021-07-11 14:50:00,40.74333,-73.88372,1,0,Driver Inattention/Distraction,4435828,24.9,19.8,2.5,2.5,0.0,9.0,53,15.8,35.3,141,Drizzle: Moderate,1,1,
52221,2021-07-11 11:10:00,40.718075,-74.004875,0,0,Passing Too Closely,4436383,24.9,19.8,2.5,2.5,0.0,9.0,53,15.8,35.3,141,Drizzle: Moderate,0,0,
52222,2021-07-11 23:35:00,40.677273,-73.82614,0,0,Passing or Lane Usage Improper,4436354,24.9,19.8,2.5,2.5,0.0,9.0,53,15.8,35.3,141,Drizzle: Moderate,0,0,
52223,2021-07-11 08:33:00,40.666306,-73.785934,1,0,Unsafe Speed,4435692,24.9,19.8,2.5,2.5,0.0,9.0,53,15.8,35.3,141,Drizzle: Moderate,1,1,
52224,2021-07-10 13:00:00,40.74715,-73.985504,1,0,Driver Inattention/Distraction,4436690,25.5,20.7,0.5,0.5,0.0,3.0,51,14.5,29.9,1,Drizzle: Light,1,1,
52225,2021-07-04 21:30:00,40.68542,-73.76526,1,0,Unspecified,4436481,24.6,15.8,1.4,1.4,0.0,12.0,51,11.8,27.0,299,Drizzle: Light,1,1,
52226,2021-07-11 10:30:00,40.66353,-73.89758,0,0,Unspecified,4436008,24.9,19.8,2.5,2.5,0.0,9.0,53,15.8,35.3,141,Drizzle: Moderate,0,0,
52227,2021-07-10 00:00:00,40.69009,-73.93648,1,0,Traffic Control Disregarded,4436567,25.5,20.7,0.5,0.5,0.0,3.0,51,14.5,29.9,1,Drizzle: Light,1,1,
52228,2021-06-27 10:00:00,40.81247,-73.88884,0,0,Other Vehicular,4436571,29.2,22.2,0.5,0.5,0.0,4.0,51,19.6,45.4,196,Drizzle: Light,0,0,
52229,2021-07-11 00:43:00,40.717014,-73.82971,0,0,Unspecified,4435617,24.9,19.8,2.5,2.5,0.0,9.0,53,15.8,35.3,141,Drizzle: Moderate,0,0,
52230,2021-07-11 16:45:00,40.797943,-73.94003,1,0,Traffic Control Disregarded,4436068,24.9,19.8,2.5,2.5,0.0,9.0,53,15.8,35.3,141,Drizzle: Moderate,1,1,
52231,2021-07-11 18:05:00,40.60316,-73.98169,0,0,Unsafe Speed,4436095,24.9,19.8,2.5,2.5,0.0,9.0,53,15.8,35.3,141,Drizzle: Moderate,0,0,
52232,2021-07-08 14:02:00,40.774155,-73.984886,1,0,Unspecified,4436634,28.3,21.3,15.2,15.2,0.0,12.0,63,16.9,48.2,125,Rain: Moderate,1,1,
52233,2021-07-11 18:15:00,40.827564,-73.88798,0,0,Unspecified,4435911,24.9,19.8,2.5,2.5,0.0,9.0,53,15.8,35.3,141,Drizzle: Moderate,0,0,
52234,2021-07-11 20:30:00,40.57554,-73.979645,0,0,Turning Improperly,4435940,24.9,19.8,2.5,2.5,0.0,9.0,53,15.8,35.3,141,Drizzle: Moderate,0,0,
52235,2021-07-11 10:15:00,40.70455,-73.91662,0,0,Passing Too Closely,4436079,24.9,19.8,2.5,2.5,0.0,9.0,53,15.8,35.3,141,Drizzle: Moderate,0,0,
52236,2021-07-11 20:30:00,40.665497,-73.75573,0,0,Driver Inattention/Distraction,4435817,24.9,19.8,2.5,2.5,0.0,9.0,53,15.8,35.3,141,Drizzle: Moderate,0,0,
52237,2021-07-11 06:40:00,40.771088,-73.98343,0,0,Driver Inattention/Distraction,4436264,24.9,19.8,2.5,2.5,0.0,9.0,53,15.8,35.3,141,Drizzle: Moderate,0,0,
52238,2021-07-10 20:25:00,40.815826,-73.947044,0,0,Other Vehicular,4436449,25.5,20.7,0.5,0.5,0.0,3.0,51,14.5,29.9,1,Drizzle: Light,0,0,
52239,2021-07-11 21:00:00,40.729084,-73.93104,0,0,Unsafe Speed,4435878,24.9,19.8,2.5,2.5,0.0,9.0,53,15.8,35.3,141,Drizzle: Moderate,0,0,
52240,2021-07-11 12:00:00,40.710735,-73.961815,0,0,Passing Too Closely,4435870,24.9,19.8,2.5,2.5,0.0,9.0,53,15.8,35.3,141,Drizzle: Moderate,0,0,
52241,2021-07-11 10:15:00,0.0,0.0,0,0,Unspecified,4436341,24.9,19.8,2.5,2.5,0.0,9.0,53,15.8,35.3,141,Drizzle: Moderate,0,0,
52242,2021-07-01 05:57:00,40.59933,-73.75632,1,0,Unsafe Speed,4436715,27.8,22.2,25.2,25.2,0.0,12.0,65,10.6,33.1,280,Rain: Heavy,1,1,
52243,2021-07-11 18:05:00,40.688667,-73.87548,1,0,Unspecified,4436012,24.9,19.8,2.5,2.5,0.0,9.0,53,15.8,35.3,141,Drizzle: Moderate,1,1,
52244,2021-07-11 20:30:00,40.603275,-73.99606,1,0,Passing or Lane Usage Improper,4436546,24.9,19.8,2.5,2.5,0.0,9.0,53,15.8,35.3,141,Drizzle: Moderate,1,1,
52245,2021-07-11 20:35:00,40.802338,-73.93389,0,0,Fell Asleep,4436053,24.9,19.8,2.5,2.5,0.0,9.0,53,15.8,35.3,141,Drizzle: Moderate,0,0,
52246,2021-07-11 20:43:00,40.831333,-73.92167,1,0,Passing or Lane Usage Improper,4435921,24.9,19.8,2.5,2.5,0.0,9.0,53,15.8,35.3,141,Drizzle: Moderate,1,1,
52247,2021-07-07 16:39:00,40.674934,-73.80186,0,0,Reaction to Uninvolved Vehicle,4436488,31.4,22.2,1.4,1.4,0.0,6.0,53,17.4,37.8,213,Drizzle: Moderate,0,0,
52248,2021-07-08 06:38:00,40.84366,-73.92005,0,0,Unspecified,4436520,28.3,21.3,15.2,15.2,0.0,12.0,63,16.9,48.2,125,Rain: Moderate,0,0,
52249,2021-06-11 02:20:00,40.70998,-73.908165,0,0,Passing or Lane Usage Improper,4436551,20.7,15.3,1.2,1.2,0.0,3.0,53,13.2,27.0,97,Drizzle: Moderate,0,0,
52250,2021-07-11 02:00:00,40.88471,-73.86899,0,0,Backing Unsafely,4435964,24.9,19.8,2.5,2.5,0.0,9.0,53,15.8,35.3,141,Drizzle: Moderate,0,0,
52251,2021-07-11 10:15:00,40.612576,-74.12931,0,0,Unspecified,4436592,24.9,19.8,2.5,2.5,0.0,9.0,53,15.8,35.3,141,Drizzle: Moderate,0,0,
52252,2022-04-07 10:06:00,40.8995,-73.857,0,0,Passing Too Closely,4518086,11.5,5.6,74.1,74.1,0.0,14.0,65,35.0,64.8,98,Rain: Heavy,0,0,
52253,2022-02-09 13:50:00,40.717014,-73.7994,1,0,Alcohol Involvement,4518127,5.2,-4.6,0.0,0.0,0.0,0.0,1,16.6,33.5,203,Mainly clear,1,1,Sunny/Clear Conditions
52254,2022-04-04 12:45:00,40.81766,-73.93076,0,0,Following Too Closely,4518019,12.2,2.6,0.1,0.1,0.0,1.0,51,23.7,41.4,304,Drizzle: Light,0,0,
52255,2022-04-09 13:30:00,40.65474,-73.90693,0,0,Unspecified,4517576,13.6,5.0,4.8,4.8,0.0,12.0,55,20.1,42.8,263,Drizzle: Dense,0,0,
52256,2022-04-09 04:08:00,40.735874,-73.9853,0,0,Backing Unsafely,4517696,13.6,5.0,4.8,4.8,0.0,12.0,55,20.1,42.8,263,Drizzle: Dense,0,0,
52257,2022-04-09 13:15:00,40.814102,-73.940865,1,0,Pedestrian/Bicyclist/Other Pedestrian Error/Confusion,4518226,13.6,5.0,4.8,4.8,0.0,12.0,55,20.1,42.8,263,Drizzle: Dense,1,1,
52258,2022-04-09 00:16:00,40.65812,-73.934006,1,0,Unspecified,4517957,13.6,5.0,4.8,4.8,0.0,12.0,55,20.1,42.8,263,Drizzle: Dense,1,1,
52259,2022-04-09 02:15:00,40.778896,-73.90511,0,0,Reaction to Uninvolved Vehicle,4517377,13.6,5.0,4.8,4.8,0.0,12.0,55,20.1,42.8,263,Drizzle: Dense,0,0,
52260,2022-04-09 11:00:00,40.66704,-73.85647,0,0,Unspecified,4518002,13.6,5.0,4.8,4.8,0.0,12.0,55,20.1,42.8,263,Drizzle: Dense,0,0,
52261,2022-04-09 16:30:00,40.748466,-73.99247,0,0,Driver Inattention/Distraction,4517521,13.6,5.0,4.8,4.8,0.0,12.0,55,20.1,42.8,263,Drizzle: Dense,0,0,
52262,2022-04-08 07:30:00,40.67374,-73.88341,3,0,Unspecified,4517979,16.5,7.1,5.2,5.2,0.0,4.0,63,21.3,42.8,253,Rain: Moderate,3,3,
52263,2022-04-09 12:20:00,40.710583,-73.78356,1,0,Failure to Yield Right-of-Way,4517893,13.6,5.0,4.8,4.8,0.0,12.0,55,20.1,42.8,263,Drizzle: Dense,1,1,
52264,2022-04-09 03:18:00,40.683315,-73.9368,0,0,Passing Too Closely,4517751,13.6,5.0,4.8,4.8,0.0,12.0,55,20.1,42.8,263,Drizzle: Dense,0,0,
52265,2022-04-03 00:50:00,40.735844,-74.00597,1,0,Passing or Lane Usage Improper,4518132,8.3,3.4,3.1,3.1,0.0,5.0,61,21.9,38.2,274,Rain: Light,1,1,
52266,2022-04-09 21:30:00,40.665997,-73.81648,1,0,Following Too Closely,4517823,13.6,5.0,4.8,4.8,0.0,12.0,55,20.1,42.8,263,Drizzle: Dense,1,1,
52267,2022-04-09 01:18:00,40.845695,-73.90044,0,0,Failure to Yield Right-of-Way,4517612,13.6,5.0,4.8,4.8,0.0,12.0,55,20.1,42.8,263,Drizzle: Dense,0,0,
52268,2022-04-08 17:30:00,40.682316,-73.88814,1,0,Unspecified,4518007,16.5,7.1,5.2,5.2,0.0,4.0,63,21.3,42.8,253,Rain: Moderate,1,1,
52269,2022-03-29 11:30:00,40.733498,-73.87038,1,0,Driver Inattention/Distraction,4518053,3.3,-5.2,0.0,0.0,0.0,0.0,2,29.3,54.4,311,Partly cloudy,1,1,
52270,2022-04-09 12:46:00,40.749134,-73.98829,0,0,Passing Too Closely,4517695,13.6,5.0,4.8,4.8,0.0,12.0,55,20.1,42.8,263,Drizzle: Dense,0,0,
52271,2022-04-09 08:25:00,40.68518,-73.873665,0,0,Unspecified,4517983,13.6,5.0,4.8,4.8,0.0,12.0,55,20.1,42.8,263,Drizzle: Dense,0,0,
52272,2022-04-09 07:30:00,40.76701,-73.93011,1,0,Passing or Lane Usage Improper,4517401,13.6,5.0,4.8,4.8,0.0,12.0,55,20.1,42.8,263,Drizzle: Dense,1,1,
52273,2022-04-09 18:40:00,40.595604,-73.94389,2,0,Unsafe Speed,4517851,13.6,5.0,4.8,4.8,0.0,12.0,55,20.1,42.8,263,Drizzle: Dense,2,2,
52274,2022-04-09 05:36:00,40.792347,-73.95253,1,0,Following Too Closely,4517492,13.6,5.0,4.8,4.8,0.0,12.0,55,20.1,42.8,263,Drizzle: Dense,1,1,
52275,2022-04-09 15:07:00,40.706207,-73.75831,1,0,Backing Unsafely,4517867,13.6,5.0,4.8,4.8,0.0,12.0,55,20.1,42.8,263,Drizzle: Dense,1,1,
52276,2022-04-09 20:30:00,40.718853,-74.00485,0,0,Driver Inattention/Distraction,4517596,13.6,5.0,4.8,4.8,0.0,12.0,55,20.1,42.8,263,Drizzle: Dense,0,0,
52277,2022-04-09 09:39:00,40.78515,-73.94063,0,0,Driver Inattention/Distraction,4517850,13.6,5.0,4.8,4.8,0.0,12.0,55,20.1,42.8,263,Drizzle: Dense,0,0,
52278,2022-04-09 21:30:00,40.727573,-73.81336,0,0,Driver Inattention/Distraction,4518102,13.6,5.0,4.8,4.8,0.0,12.0,55,20.1,42.8,263,Drizzle: Dense,0,0,
52279,2022-04-09 15:45:00,40.68987,-73.988304,0,0,Unspecified,4517737,13.6,5.0,4.8,4.8,0.0,12.0,55,20.1,42.8,263,Drizzle: Dense,0,0,
52280,2021-07-12 11:46:00,40.744125,-73.71743,0,0,Unspecified,4436149,28.6,22.0,9.7,9.7,0.0,12.0,63,12.0,31.7,107,Rain: Moderate,0,0,
52281,2022-04-09 18:00:00,40.86038,-73.88889,0,0,Driver Inattention/Distraction,4518111,13.6,5.0,4.8,4.8,0.0,12.0,55,20.1,42.8,263,Drizzle: Dense,0,0,
52282,2022-04-09 01:00:00,40.752464,-73.74344,0,0,Unsafe Speed,4517361,13.6,5.0,4.8,4.8,0.0,12.0,55,20.1,42.8,263,Drizzle: Dense,0,0,
52283,2022-04-09 16:40:00,40.81271,-73.91778,0,0,Unspecified,4518145,13.6,5.0,4.8,4.8,0.0,12.0,55,20.1,42.8,263,Drizzle: Dense,0,0,
52284,2022-04-06 15:30:00,40.63777,-74.07602,1,0,Unspecified,4518040,12.5,6.2,17.5,17.5,0.0,14.0,61,31.2,62.3,55,Rain: Light,1,1,
52285,2022-04-08 15:45:00,40.736958,-74.00651,0,0,Driver Inexperience,4517974,16.5,7.1,5.2,5.2,0.0,4.0,63,21.3,42.8,253,Rain: Moderate,0,0,
52286,2022-04-09 07:24:00,40.764084,-73.83336,1,0,Other Vehicular,4517460,13.6,5.0,4.8,4.8,0.0,12.0,55,20.1,42.8,263,Drizzle: Dense,1,1,
52287,2022-04-09 12:35:00,40.7826,-73.79446,0,0,Passing Too Closely,4517462,13.6,5.0,4.8,4.8,0.0,12.0,55,20.1,42.8,263,Drizzle: Dense,0,0,
52288,2022-04-09 18:20:00,40.633957,-73.94848,1,0,Unspecified,4517928,13.6,5.0,4.8,4.8,0.0,12.0,55,20.1,42.8,263,Drizzle: Dense,1,1,
52289,2022-04-05 16:45:00,40.818993,-73.909744,0,0,Brakes Defective,4518143,12.1,1.0,1.7,1.7,0.0,3.0,53,16.8,32.8,121,Drizzle: Moderate,0,0,
52290,2022-04-09 23:50:00,40.70166,-73.961464,0,0,Driver Inattention/Distraction,4517500,13.6,5.0,4.8,4.8,0.0,12.0,55,20.1,42.8,263,Drizzle: Dense,0,0,
52291,2022-04-09 19:51:00,40.72911,-74.01068,1,0,Driver Inattention/Distraction,4517965,13.6,5.0,4.8,4.8,0.0,12.0,55,20.1,42.8,263,Drizzle: Dense,1,1,
52292,2022-04-06 13:30:00,40.711033,-74.01454,1,0,Turning Improperly,4518211,12.5,6.2,17.5,17.5,0.0,14.0,61,31.2,62.3,55,Rain: Light,1,1,
52293,2022-04-09 09:30:00,40.754864,-73.85255,4,0,Unsafe Lane Changing,4517572,13.6,5.0,4.8,4.8,0.0,12.0,55,20.1,42.8,263,Drizzle: Dense,4,4,
52294,2022-04-08 07:30:00,40.66041,-73.87693,1,0,Unsafe Speed,4517994,16.5,7.1,5.2,5.2,0.0,4.0,63,21.3,42.8,253,Rain: Moderate,1,1,
52295,2022-04-08 16:05:00,40.63544,-73.97912,1,0,Unspecified,4518252,16.5,7.1,5.2,5.2,0.0,4.0,63,21.3,42.8,253,Rain: Moderate,1,1,
52296,2022-04-09 11:30:00,40.61859,-74.02871,0,0,Turning Improperly,4517423,13.6,5.0,4.8,4.8,0.0,12.0,55,20.1,42.8,263,Drizzle: Dense,0,0,
52297,2022-04-09 00:47:00,40.635536,-74.156975,0,0,Driver Inattention/Distraction,4517939,13.6,5.0,4.8,4.8,0.0,12.0,55,20.1,42.8,263,Drizzle: Dense,0,0,
52298,2022-04-09 20:05:00,40.654263,-73.887024,1,0,Pedestrian/Bicyclist/Other Pedestrian Error/Confusion,4517986,13.6,5.0,4.8,4.8,0.0,12.0,55,20.1,42.8,263,Drizzle: Dense,1,1,
52299,2022-04-09 13:55:00,40.797,-73.93778,0,0,Other Vehicular,4518005,13.6,5.0,4.8,4.8,0.0,12.0,55,20.1,42.8,263,Drizzle: Dense,0,0,
52300,2022-04-09 05:30:00,40.79486,-73.94649,0,0,Alcohol Involvement,4517429,13.6,5.0,4.8,4.8,0.0,12.0,55,20.1,42.8,263,Drizzle: Dense,0,0,
52301,2022-04-09 23:51:00,40.69993,-73.96188,3,0,Driver Inattention/Distraction,4517498,13.6,5.0,4.8,4.8,0.0,12.0,55,20.1,42.8,263,Drizzle: Dense,3,3,
52302,2022-03-26 12:10:00,40.822388,-73.934296,0,0,Unspecified,4518227,10.1,4.9,6.1,5.8,0.21,8.0,71,21.6,41.0,251,Snow fall: Light,0,0,Snowy Conditions
52303,2022-04-09 00:00:00,40.73866,-73.81027,0,0,Other Vehicular,4517547,13.6,5.0,4.8,4.8,0.0,12.0,55,20.1,42.8,263,Drizzle: Dense,0,0,
52304,2022-04-09 12:15:00,40.75352,-73.93448,1,0,Driver Inattention/Distraction,4517802,13.6,5.0,4.8,4.8,0.0,12.0,55,20.1,42.8,263,Drizzle: Dense,1,1,
52305,2022-04-08 20:00:00,40.820534,-73.94054,0,0,Unspecified,4518219,16.5,7.1,5.2,5.2,0.0,4.0,63,21.3,42.8,253,Rain: Moderate,0,0,
52306,2022-04-09 20:59:00,40.8499,-73.90919,0,0,Alcohol Involvement,4518036,13.6,5.0,4.8,4.8,0.0,12.0,55,20.1,42.8,263,Drizzle: Dense,0,0,
52307,2022-01-10 20:50:00,40.637276,-73.93177,3,0,Other Vehicular,4493645,4.1,-4.3,0.0,0.0,0.0,0.0,3,24.1,44.3,295,Overcast,3,3,
52308,2022-01-15 04:55:00,40.828297,-73.95087,0,0,Alcohol Involvement,4495901,-5.3,-11.1,0.0,0.0,0.0,0.0,3,22.4,46.1,345,Overcast,0,0,
52309,2022-01-15 02:50:00,40.74135,-73.981316,1,0,Failure to Yield Right-of-Way,4495898,-5.3,-11.1,0.0,0.0,0.0,0.0,3,22.4,46.1,345,Overcast,1,1,
52310,2022-01-16 05:33:00,40.611675,-73.99313,0,0,Unspecified,4495915,1.3,-13.5,4.4,0.7,2.59,4.0,75,28.1,47.2,36,Snow fall: Heavy,0,0,Snowy Conditions
52311,2022-01-14 00:05:00,40.612286,-74.01098,0,0,Driver Inattention/Distraction,4495913,5.0,-5.0,0.0,0.0,0.0,0.0,3,34.6,62.6,358,Overcast,0,0,
52312,2022-01-16 11:50:00,40.783245,-73.94473,0,0,Driver Inattention/Distraction,4495879,1.3,-13.5,4.4,0.7,2.59,4.0,75,28.1,47.2,36,Snow fall: Heavy,0,0,Snowy Conditions
52313,2022-01-16 12:00:00,40.664333,-73.90769,0,0,Unspecified,4495885,1.3,-13.5,4.4,0.7,2.59,4.0,75,28.1,47.2,36,Snow fall: Heavy,0,0,Snowy Conditions
52314,2022-01-15 06:00:00,40.680138,-73.90566,0,0,Unspecified,4495887,-5.3,-11.1,0.0,0.0,0.0,0.0,3,22.4,46.1,345,Overcast,0,0,
52315,2022-01-13 01:24:00,40.740185,-73.986374,0,0,Driver Inattention/Distraction,4495897,7.1,-3.7,0.0,0.0,0.0,0.0,3,9.7,18.7,193,Overcast,0,0,
52316,2022-02-21 17:55:00,40.7858,-73.821915,0,0,Failure to Yield Right-of-Way,4504545,9.9,-1.9,0.0,0.0,0.0,0.0,3,19.2,35.3,192,Overcast,0,0,
52317,2022-02-21 20:06:00,40.73725,-73.91799,0,0,Driver Inattention/Distraction,4504546,9.9,-1.9,0.0,0.0,0.0,0.0,3,19.2,35.3,192,Overcast,0,0,
52318,2022-02-21 16:19:00,40.66598,-73.992386,1,0,Unspecified,4504537,9.9,-1.9,0.0,0.0,0.0,0.0,3,19.2,35.3,192,Overcast,1,1,
52319,2022-02-21 13:10:00,40.840836,-73.87258,0,0,Alcohol Involvement,4504540,9.9,-1.9,0.0,0.0,0.0,0.0,3,19.2,35.3,192,Overcast,0,0,
52320,2022-02-21 09:30:00,40.702343,-73.94761,1,0,Backing Unsafely,4504548,9.9,-1.9,0.0,0.0,0.0,0.0,3,19.2,35.3,192,Overcast,1,1,
52321,2022-02-21 11:57:00,40.78585,-73.79509,1,0,Failure to Yield Right-of-Way,4504541,9.9,-1.9,0.0,0.0,0.0,0.0,3,19.2,35.3,192,Overcast,1,1,
52322,2022-04-07 16:00:00,0.0,0.0,1,0,Passenger Distraction,4518136,11.5,5.6,74.1,74.1,0.0,14.0,65,35.0,64.8,98,Rain: Heavy,1,1,
52323,2022-04-09 14:00:00,40.73873,-73.81428,2,0,Unspecified,4517444,13.6,5.0,4.8,4.8,0.0,12.0,55,20.1,42.8,263,Drizzle: Dense,2,2,
52324,2022-04-09 04:05:00,40.840496,-73.94599,0,0,Pavement Slippery,4517594,13.6,5.0,4.8,4.8,0.0,12.0,55,20.1,42.8,263,Drizzle: Dense,0,0,
52325,2022-04-09 00:00:00,40.610336,-73.9535,0,0,Unspecified,4517388,13.6,5.0,4.8,4.8,0.0,12.0,55,20.1,42.8,263,Drizzle: Dense,0,0,