,CRASH DATETIME,LATITUDE,LONGITUDE,NUMBER OF PERSONS INJURED,NUMBER OF PERSONS KILLED,CONTRIBUTING FACTOR VEHICLE 1,COLLISION_ID,temperature_2m_max,temperature_2m_min,precipitation_sum,rain_sum,snowfall_sum,precipitation_hours,weather_code,wind_speed_10m_max,wind_gusts_10m_max,wind_direction_10m_dominant,Weather Description,Severity_Score,Total_Affected_Persons,Weather_Category
52326,2022-04-09 09:17:00,40.724186,-73.790886,1,0,Failure to Yield Right-of-Way,4517524,13.6,5.0,4.8,4.8,0.0,12.0,55,20.1,42.8,263,Drizzle: Dense,1,1,
52327,2022-04-09 18:17:00,40.86536,-73.87043,4,0,Traffic Control Disregarded,4517904,13.6,5.0,4.8,4.8,0.0,12.0,55,20.1,42.8,263,Drizzle: Dense,4,4,
52328,2022-04-09 07:30:00,40.720978,-73.8383,0,0,Unspecified,4517507,13.6,5.0,4.8,4.8,0.0,12.0,55,20.1,42.8,263,Drizzle: Dense,0,0,
52329,2022-04-08 23:15:00,40.602055,-74.16707,0,0,Driver Inattention/Distraction,4518099,16.5,7.1,5.2,5.2,0.0,4.0,63,21.3,42.8,253,Rain: Moderate,0,0,
52330,2022-04-08 15:12:00,40.651714,-73.882706,0,0,Failure to Yield Right-of-Way,4517995,16.5,7.1,5.2,5.2,0.0,4.0,63,21.3,42.8,253,Rain: Moderate,0,0,
52331,2022-04-09 20:47:00,40.74273,-73.91499,1,0,Driver Inattention/Distraction,4517653,13.6,5.0,4.8,4.8,0.0,12.0,55,20.1,42.8,263,Drizzle: Dense,1,1,
52332,2022-01-17 06:03:00,40.764053,-73.96476,1,0,Driver Inattention/Distraction,4495372,9.7,0.4,33.6,32.8,0.56,12.0,73,54.1,99.7,183,Snow fall: Moderate,1,1,Snowy Conditions
52333,2022-01-14 15:20:00,40.58765,-74.15477,0,0,Unspecified,4495670,5.0,-5.0,0.0,0.0,0.0,0.0,3,34.6,62.6,358,Overcast,0,0,
52334,2022-01-17 21:34:00,40.64491,-73.95256,1,0,Driver Inattention/Distraction,4495472,9.7,0.4,33.6,32.8,0.56,12.0,73,54.1,99.7,183,Snow fall: Moderate,1,1,Snowy Conditions
52335,2022-01-17 02:07:00,40.77471,-73.933395,0,0,Unspecified,4495033,9.7,0.4,33.6,32.8,0.56,12.0,73,54.1,99.7,183,Snow fall: Moderate,0,0,Snowy Conditions
52336,2022-01-17 02:31:00,40.68787,-73.978355,1,0,Turning Improperly,4495433,9.7,0.4,33.6,32.8,0.56,12.0,73,54.1,99.7,183,Snow fall: Moderate,1,1,Snowy Conditions
52337,2022-01-17 10:10:00,40.769062,-73.91522,0,0,Passing or Lane Usage Improper,4495515,9.7,0.4,33.6,32.8,0.56,12.0,73,54.1,99.7,183,Snow fall: Moderate,0,0,Snowy Conditions
52338,2022-01-17 00:15:00,40.59016,-74.1592,1,0,Traffic Control Disregarded,4495120,9.7,0.4,33.6,32.8,0.56,12.0,73,54.1,99.7,183,Snow fall: Moderate,1,1,Snowy Conditions
52339,2022-01-17 09:39:00,40.704323,-73.95654,0,0,Following Too Closely,4495537,9.7,0.4,33.6,32.8,0.56,12.0,73,54.1,99.7,183,Snow fall: Moderate,0,0,Snowy Conditions
52340,2022-01-16 19:16:00,40.60715,-73.89837,0,0,Pavement Slippery,4495845,1.3,-13.5,4.4,0.7,2.59,4.0,75,28.1,47.2,36,Snow fall: Heavy,0,0,Snowy Conditions
52341,2022-01-17 05:20:00,40.76509,-73.82907,0,0,Pavement Slippery,4495138,9.7,0.4,33.6,32.8,0.56,12.0,73,54.1,99.7,183,Snow fall: Moderate,0,0,Snowy Conditions
52342,2022-01-17 12:00:00,40.618137,-74.03414,0,0,Failure to Yield Right-of-Way,4495344,9.7,0.4,33.6,32.8,0.56,12.0,73,54.1,99.7,183,Snow fall: Moderate,0,0,Snowy Conditions
52343,2022-01-16 17:21:00,40.839867,-73.93692,1,0,Fell Asleep,4495674,1.3,-13.5,4.4,0.7,2.59,4.0,75,28.1,47.2,36,Snow fall: Heavy,1,1,Snowy Conditions
52344,2022-01-13 16:55:00,40.606422,-74.0147,1,0,Traffic Control Disregarded,4495698,7.1,-3.7,0.0,0.0,0.0,0.0,3,9.7,18.7,193,Overcast,1,1,
52345,2022-01-16 21:45:00,40.504898,-74.22961,0,0,Unspecified,4495754,1.3,-13.5,4.4,0.7,2.59,4.0,75,28.1,47.2,36,Snow fall: Heavy,0,0,Snowy Conditions
52346,2022-01-15 13:20:00,40.767593,-73.99286,1,0,Pedestrian/Bicyclist/Other Pedestrian Error/Confusion,4495777,-5.3,-11.1,0.0,0.0,0.0,0.0,3,22.4,46.1,345,Overcast,1,1,
52347,2022-01-17 12:50:00,40.870857,-73.89367,0,0,Unspecified,4495307,9.7,0.4,33.6,32.8,0.56,12.0,73,54.1,99.7,183,Snow fall: Moderate,0,0,Snowy Conditions
52348,2022-01-17 00:36:00,40.812046,-73.910255,0,0,Unspecified,4495234,9.7,0.4,33.6,32.8,0.56,12.0,73,54.1,99.7,183,Snow fall: Moderate,0,0,Snowy Conditions
52349,2022-07-05 11:30:00,40.800194,-73.95333,0,0,Following Too Closely,4544027,30.0,20.3,0.5,0.5,0.0,2.0,51,30.4,56.5,191,Drizzle: Light,0,0,
52350,2022-01-17 11:12:00,40.728134,-73.95328,0,0,Turning Improperly,4495242,9.7,0.4,33.6,32.8,0.56,12.0,73,54.1,99.7,183,Snow fall: Moderate,0,0,Snowy Conditions
52351,2022-01-17 08:25:00,40.6545,-73.73889,0,0,Unspecified,4495776,9.7,0.4,33.6,32.8,0.56,12.0,73,54.1,99.7,183,Snow fall: Moderate,0,0,Snowy Conditions
52352,2022-01-17 18:00:00,40.636566,-73.997696,1,0,Failure to Yield Right-of-Way,4495484,9.7,0.4,33.6,32.8,0.56,12.0,73,54.1,99.7,183,Snow fall: Moderate,1,1,Snowy Conditions
52353,2022-01-17 17:35:00,40.651863,-73.86536,0,0,Following Too Closely,4495564,9.7,0.4,33.6,32.8,0.56,12.0,73,54.1,99.7,183,Snow fall: Moderate,0,0,Snowy Conditions
52354,2022-01-12 20:34:00,40.668743,-73.91049,0,0,Unspecified,4495831,4.6,-7.3,0.0,0.0,0.0,0.0,3,20.5,39.2,213,Overcast,0,0,
52355,2022-01-07 16:48:00,40.84812,-73.92971,0,0,Driver Inattention/Distraction,4495720,-0.0,-5.7,9.0,0.0,6.3,11.0,75,26.8,48.6,313,Snow fall: Heavy,0,0,Snowy Conditions
52356,2022-01-17 12:40:00,40.6996,-73.81061,0,0,Passing Too Closely,4495322,9.7,0.4,33.6,32.8,0.56,12.0,73,54.1,99.7,183,Snow fall: Moderate,0,0,Snowy Conditions
52357,2022-01-17 13:28:00,40.75919,-73.844765,0,0,Backing Unsafely,4495442,9.7,0.4,33.6,32.8,0.56,12.0,73,54.1,99.7,183,Snow fall: Moderate,0,0,Snowy Conditions
52358,2022-01-17 09:57:00,40.821346,-73.93634,0,0,Unspecified,4495697,9.7,0.4,33.6,32.8,0.56,12.0,73,54.1,99.7,183,Snow fall: Moderate,0,0,Snowy Conditions
52359,2022-01-17 20:20:00,40.590164,-73.79787,0,0,Driver Inattention/Distraction,4495346,9.7,0.4,33.6,32.8,0.56,12.0,73,54.1,99.7,183,Snow fall: Moderate,0,0,Snowy Conditions
52360,2022-01-17 23:15:00,40.687286,-73.758865,0,0,Following Too Closely,4495388,9.7,0.4,33.6,32.8,0.56,12.0,73,54.1,99.7,183,Snow fall: Moderate,0,0,Snowy Conditions
52361,2022-01-17 11:05:00,40.696033,-73.984535,0,0,Other Vehicular,4495253,9.7,0.4,33.6,32.8,0.56,12.0,73,54.1,99.7,183,Snow fall: Moderate,0,0,Snowy Conditions
52362,2022-01-12 19:15:00,40.660534,-73.9236,1,0,Driver Inattention/Distraction,4495738,4.6,-7.3,0.0,0.0,0.0,0.0,3,20.5,39.2,213,Overcast,1,1,
52363,2022-01-17 13:30:00,40.5778,-73.96057,0,0,Unspecified,4495763,9.7,0.4,33.6,32.8,0.56,12.0,73,54.1,99.7,183,Snow fall: Moderate,0,0,Snowy Conditions
52364,2022-01-17 22:24:00,40.711037,-73.8142,1,0,Driver Inattention/Distraction,4495875,9.7,0.4,33.6,32.8,0.56,12.0,73,54.1,99.7,183,Snow fall: Moderate,1,1,Snowy Conditions
52365,2022-01-17 08:11:00,40.853844,-73.91592,0,0,Unspecified,4495480,9.7,0.4,33.6,32.8,0.56,12.0,73,54.1,99.7,183,Snow fall: Moderate,0,0,Snowy Conditions
52366,2022-01-17 13:00:00,40.878788,-73.86565,0,0,Backing Unsafely,4495540,9.7,0.4,33.6,32.8,0.56,12.0,73,54.1,99.7,183,Snow fall: Moderate,0,0,Snowy Conditions
52367,2022-01-17 04:27:00,40.842495,-73.86659,0,0,Alcohol Involvement,4495412,9.7,0.4,33.6,32.8,0.56,12.0,73,54.1,99.7,183,Snow fall: Moderate,0,0,Snowy Conditions
52368,2022-01-17 20:40:00,40.718796,-73.987144,0,0,Driver Inattention/Distraction,4495687,9.7,0.4,33.6,32.8,0.56,12.0,73,54.1,99.7,183,Snow fall: Moderate,0,0,Snowy Conditions
52369,2022-01-17 08:10:00,40.682667,-74.0023,0,0,Driver Inattention/Distraction,4495355,9.7,0.4,33.6,32.8,0.56,12.0,73,54.1,99.7,183,Snow fall: Moderate,0,0,Snowy Conditions
52370,2022-01-17 19:09:00,40.668167,-73.97721,1,0,Failure to Yield Right-of-Way,4495619,9.7,0.4,33.6,32.8,0.56,12.0,73,54.1,99.7,183,Snow fall: Moderate,1,1,Snowy Conditions
52371,2022-01-17 16:40:00,40.878086,-73.90538,0,0,Oversized Vehicle,4495434,9.7,0.4,33.6,32.8,0.56,12.0,73,54.1,99.7,183,Snow fall: Moderate,0,0,Snowy Conditions
52372,2022-01-17 22:30:00,40.771023,-73.95365,0,0,Traffic Control Disregarded,4495623,9.7,0.4,33.6,32.8,0.56,12.0,73,54.1,99.7,183,Snow fall: Moderate,0,0,Snowy Conditions
52373,2022-01-17 18:58:00,40.64106,-73.972275,0,0,Unspecified,4495518,9.7,0.4,33.6,32.8,0.56,12.0,73,54.1,99.7,183,Snow fall: Moderate,0,0,Snowy Conditions
52374,2022-01-17 04:35:00,40.863766,-73.8219,0,0,Unspecified,4495053,9.7,0.4,33.6,32.8,0.56,12.0,73,54.1,99.7,183,Snow fall: Moderate,0,0,Snowy Conditions
52375,2022-01-12 10:15:00,40.810417,-73.95286,0,0,Pedestrian/Bicyclist/Other Pedestrian Error/Confusion,4495850,4.6,-7.3,0.0,0.0,0.0,0.0,3,20.5,39.2,213,Overcast,0,0,
52376,2022-01-17 05:40:00,40.624977,-73.96326,0,0,Unspecified,4495124,9.7,0.4,33.6,32.8,0.56,12.0,73,54.1,99.7,183,Snow fall: Moderate,0,0,Snowy Conditions
52377,2022-01-17 16:07:00,40.707577,-73.92884,0,0,Unspecified,4495354,9.7,0.4,33.6,32.8,0.56,12.0,73,54.1,99.7,183,Snow fall: Moderate,0,0,Snowy Conditions
52378,2022-01-17 19:00:00,40.878853,-73.87349,0,0,Driverless/Runaway Vehicle,4495523,9.7,0.4,33.6,32.8,0.56,12.0,73,54.1,99.7,183,Snow fall: Moderate,0,0,Snowy Conditions
52379,2022-01-17 09:50:00,40.8843,-73.90939,0,0,Unspecified,4495413,9.7,0.4,33.6,32.8,0.56,12.0,73,54.1,99.7,183,Snow fall: Moderate,0,0,Snowy Conditions
52380,2022-01-16 19:16:00,40.60715,-73.89837,0,0,Pavement Slippery,4495844,1.3,-13.5,4.4,0.7,2.59,4.0,75,28.1,47.2,36,Snow fall: Heavy,0,0,Snowy Conditions
52381,2022-01-17 19:00:00,40.692196,-73.92488,0,0,Passing Too Closely,4495475,9.7,0.4,33.6,32.8,0.56,12.0,73,54.1,99.7,183,Snow fall: Moderate,0,0,Snowy Conditions
52382,2022-01-17 07:30:00,40.584774,-73.96011,0,0,Reaction to Uninvolved Vehicle,4495252,9.7,0.4,33.6,32.8,0.56,12.0,73,54.1,99.7,183,Snow fall: Moderate,0,0,Snowy Conditions
52383,2022-01-17 13:00:00,40.800827,-73.937935,1,0,Illnes,4495268,9.7,0.4,33.6,32.8,0.56,12.0,73,54.1,99.7,183,Snow fall: Moderate,1,1,Snowy Conditions
52384,2022-01-16 05:55:00,40.867474,-73.89741,0,0,Alcohol Involvement,4495726,1.3,-13.5,4.4,0.7,2.59,4.0,75,28.1,47.2,36,Snow fall: Heavy,0,0,Snowy Conditions
52385,2022-01-12 12:00:00,40.833447,-73.887955,0,0,Backing Unsafely,4495810,4.6,-7.3,0.0,0.0,0.0,0.0,3,20.5,39.2,213,Overcast,0,0,
52386,2022-01-17 04:00:00,40.762676,-73.954346,1,0,Driver Inattention/Distraction,4495214,9.7,0.4,33.6,32.8,0.56,12.0,73,54.1,99.7,183,Snow fall: Moderate,1,1,Snowy Conditions
52387,2022-01-16 09:00:00,40.724983,-73.79422,1,0,Fell Asleep,4495663,1.3,-13.5,4.4,0.7,2.59,4.0,75,28.1,47.2,36,Snow fall: Heavy,1,1,Snowy Conditions
52388,2021-12-30 11:42:00,40.651367,-73.95592,1,0,Unspecified,4495739,8.3,5.0,1.8,1.8,0.0,7.0,53,9.9,17.6,22,Drizzle: Moderate,1,1,
52389,2022-01-17 11:52:00,40.633026,-74.008545,0,0,Unspecified,4495262,9.7,0.4,33.6,32.8,0.56,12.0,73,54.1,99.7,183,Snow fall: Moderate,0,0,Snowy Conditions
52390,2022-01-17 06:45:00,40.736435,-73.836586,1,0,Following Too Closely,4495439,9.7,0.4,33.6,32.8,0.56,12.0,73,54.1,99.7,183,Snow fall: Moderate,1,1,Snowy Conditions
52391,2022-01-13 08:25:00,40.696556,-73.98091,1,0,Following Too Closely,4495833,7.1,-3.7,0.0,0.0,0.0,0.0,3,9.7,18.7,193,Overcast,1,1,
52392,2022-01-17 12:10:00,40.671932,-73.85165,1,0,Turning Improperly,4495365,9.7,0.4,33.6,32.8,0.56,12.0,73,54.1,99.7,183,Snow fall: Moderate,1,1,Snowy Conditions
52393,2022-01-17 06:38:00,40.85487,-73.88619,0,0,Backing Unsafely,4495451,9.7,0.4,33.6,32.8,0.56,12.0,73,54.1,99.7,183,Snow fall: Moderate,0,0,Snowy Conditions
52394,2022-01-16 23:36:00,40.86315,-73.90907,1,0,Driver Inattention/Distraction,4495714,1.3,-13.5,4.4,0.7,2.59,4.0,75,28.1,47.2,36,Snow fall: Heavy,1,1,Snowy Conditions
52395,2022-01-17 05:00:00,40.754658,-73.833115,0,0,Traffic Control Disregarded,4495137,9.7,0.4,33.6,32.8,0.56,12.0,73,54.1,99.7,183,Snow fall: Moderate,0,0,Snowy Conditions
52396,2022-01-14 21:59:00,40.594616,-73.99743,2,0,Following Too Closely,4495798,5.0,-5.0,0.0,0.0,0.0,0.0,3,34.6,62.6,358,Overcast,2,2,
52397,2022-01-17 19:45:00,40.657665,-74.00093,1,0,Failure to Yield Right-of-Way,4495338,9.7,0.4,33.6,32.8,0.56,12.0,73,54.1,99.7,183,Snow fall: Moderate,1,1,Snowy Conditions
52398,2022-01-14 13:00:00,40.665638,-73.995995,1,0,Unspecified,4495746,5.0,-5.0,0.0,0.0,0.0,0.0,3,34.6,62.6,358,Overcast,1,1,
52399,2022-01-16 15:00:00,40.83495,-73.94691,0,0,Driver Inattention/Distraction,4495673,1.3,-13.5,4.4,0.7,2.59,4.0,75,28.1,47.2,36,Snow fall: Heavy,0,0,Snowy Conditions
52400,2022-01-17 16:30:00,40.63955,-73.99102,0,0,Unspecified,4495483,9.7,0.4,33.6,32.8,0.56,12.0,73,54.1,99.7,183,Snow fall: Moderate,0,0,Snowy Conditions
52401,2022-01-17 00:00:00,40.872284,-73.86384,0,0,Other Vehicular,4495543,9.7,0.4,33.6,32.8,0.56,12.0,73,54.1,99.7,183,Snow fall: Moderate,0,0,Snowy Conditions
52402,2022-01-17 20:50:00,40.679855,-73.7714,0,0,Unspecified,4495387,9.7,0.4,33.6,32.8,0.56,12.0,73,54.1,99.7,183,Snow fall: Moderate,0,0,Snowy Conditions
52403,2022-01-16 20:00:00,40.703278,-73.89115,0,0,Unspecified,4495811,1.3,-13.5,4.4,0.7,2.59,4.0,75,28.1,47.2,36,Snow fall: Heavy,0,0,Snowy Conditions
52404,2022-01-17 16:50:00,40.790253,-73.93685,0,0,Unsafe Lane Changing,4495448,9.7,0.4,33.6,32.8,0.56,12.0,73,54.1,99.7,183,Snow fall: Moderate,0,0,Snowy Conditions
52405,2022-01-15 17:45:00,40.518234,-74.22411,1,0,Physical Disability,4495753,-5.3,-11.1,0.0,0.0,0.0,0.0,3,22.4,46.1,345,Overcast,1,1,
52406,2022-01-17 07:29:00,40.631744,-74.0365,0,0,Unspecified,4495167,9.7,0.4,33.6,32.8,0.56,12.0,73,54.1,99.7,183,Snow fall: Moderate,0,0,Snowy Conditions
52407,2022-01-17 16:35:00,40.75369,-73.74445,0,0,Driver Inattention/Distraction,4495592,9.7,0.4,33.6,32.8,0.56,12.0,73,54.1,99.7,183,Snow fall: Moderate,0,0,Snowy Conditions
52408,2022-01-17 12:47:00,40.63068,-73.91847,0,0,Unsafe Speed,4495305,9.7,0.4,33.6,32.8,0.56,12.0,73,54.1,99.7,183,Snow fall: Moderate,0,0,Snowy Conditions
52409,2022-01-17 18:30:00,40.817387,-73.92277,0,0,Other Vehicular,4495638,9.7,0.4,33.6,32.8,0.56,12.0,73,54.1,99.7,183,Snow fall: Moderate,0,0,Snowy Conditions
52410,2022-01-17 16:12:00,40.590717,-73.94003,0,0,Driver Inattention/Distraction,4495379,9.7,0.4,33.6,32.8,0.56,12.0,73,54.1,99.7,183,Snow fall: Moderate,0,0,Snowy Conditions
52411,2022-01-17 01:45:00,40.613697,-74.08668,0,0,Pavement Slippery,4495588,9.7,0.4,33.6,32.8,0.56,12.0,73,54.1,99.7,183,Snow fall: Moderate,0,0,Snowy Conditions
52412,2022-01-17 13:12:00,40.687466,-73.85726,0,0,Unspecified,4495479,9.7,0.4,33.6,32.8,0.56,12.0,73,54.1,99.7,183,Snow fall: Moderate,0,0,Snowy Conditions
52413,2022-01-17 00:38:00,40.75455,-73.74317,0,0,Steering Failure,4495071,9.7,0.4,33.6,32.8,0.56,12.0,73,54.1,99.7,183,Snow fall: Moderate,0,0,Snowy Conditions
52414,2022-01-14 08:34:00,40.61763,-73.94129,2,0,Steering Failure,4495848,5.0,-5.0,0.0,0.0,0.0,0.0,3,34.6,62.6,358,Overcast,2,2,
52415,2022-01-16 07:32:00,40.655334,-73.93077,1,0,Unsafe Speed,4495741,1.3,-13.5,4.4,0.7,2.59,4.0,75,28.1,47.2,36,Snow fall: Heavy,1,1,Snowy Conditions
52416,2022-01-17 13:00:00,40.60952,-73.92736,0,0,Unspecified,4495261,9.7,0.4,33.6,32.8,0.56,12.0,73,54.1,99.7,183,Snow fall: Moderate,0,0,Snowy Conditions
52417,2022-01-17 10:40:00,40.596184,-74.00053,0,0,Following Too Closely,4495264,9.7,0.4,33.6,32.8,0.56,12.0,73,54.1,99.7,183,Snow fall: Moderate,0,0,Snowy Conditions
52418,2022-01-17 18:05:00,40.83451,-73.88526,2,0,Unspecified,4495689,9.7,0.4,33.6,32.8,0.56,12.0,73,54.1,99.7,183,Snow fall: Moderate,2,2,Snowy Conditions
52419,2022-01-17 11:20:00,40.708805,-73.92577,0,0,Driver Inattention/Distraction,4495319,9.7,0.4,33.6,32.8,0.56,12.0,73,54.1,99.7,183,Snow fall: Moderate,0,0,Snowy Conditions
52420,2022-01-16 06:20:00,40.852154,-73.92983,0,0,Unsafe Speed,4495732,1.3,-13.5,4.4,0.7,2.59,4.0,75,28.1,47.2,36,Snow fall: Heavy,0,0,Snowy Conditions
52421,2022-01-17 05:00:00,40.68625,-73.823135,0,0,Unsafe Speed,4495364,9.7,0.4,33.6,32.8,0.56,12.0,73,54.1,99.7,183,Snow fall: Moderate,0,0,Snowy Conditions
52422,2022-01-09 19:33:00,40.57642,-73.96977,1,0,Driver Inattention/Distraction,4495767,4.0,-5.3,5.1,5.1,0.0,12.0,53,23.8,42.1,220,Drizzle: Moderate,1,1,
52423,2022-01-17 00:10:00,40.686916,-73.97737,3,0,Pavement Slippery,4495182,9.7,0.4,33.6,32.8,0.56,12.0,73,54.1,99.7,183,Snow fall: Moderate,3,3,Snowy Conditions
52424,2022-01-14 20:15:00,40.718956,-73.988014,1,0,Unspecified,4495691,5.0,-5.0,0.0,0.0,0.0,0.0,3,34.6,62.6,358,Overcast,1,1,
52425,2022-01-17 08:45:00,40.533,-74.199356,0,0,Unsafe Lane Changing,4495756,9.7,0.4,33.6,32.8,0.56,12.0,73,54.1,99.7,183,Snow fall: Moderate,0,0,Snowy Conditions
52426,2022-01-13 10:56:00,40.89931,-73.84583,0,0,Driver Inattention/Distraction,4495808,7.1,-3.7,0.0,0.0,0.0,0.0,3,9.7,18.7,193,Overcast,0,0,
52427,2022-01-17 04:15:00,40.696613,-73.816216,1,0,Alcohol Involvement,4495226,9.7,0.4,33.6,32.8,0.56,12.0,73,54.1,99.7,183,Snow fall: Moderate,1,1,Snowy Conditions
52428,2022-01-17 12:14:00,40.885216,-73.87937,0,0,Driver Inattention/Distraction,4495316,9.7,0.4,33.6,32.8,0.56,12.0,73,54.1,99.7,183,Snow fall: Moderate,0,0,Snowy Conditions
52429,2022-01-17 19:30:00,40.70098,-73.942375,1,0,Reaction to Uninvolved Vehicle,4495353,9.7,0.4,33.6,32.8,0.56,12.0,73,54.1,99.7,183,Snow fall: Moderate,1,1,Snowy Conditions
52430,2022-01-17 13:30:00,40.857903,-73.86468,0,0,Unspecified,4495527,9.7,0.4,33.6,32.8,0.56,12.0,73,54.1,99.7,183,Snow fall: Moderate,0,0,Snowy Conditions
52431,2022-01-11 21:30:00,40.617645,-73.92777,0,0,Unspecified,4495847,-4.2,-8.8,0.0,0.0,0.0,0.0,1,26.7,50.8,316,Mainly clear,0,0,Sunny/Clear Conditions
52432,2022-01-17 10:30:00,40.84155,-73.845314,0,0,Pavement Slippery,4495250,9.7,0.4,33.6,32.8,0.56,12.0,73,54.1,99.7,183,Snow fall: Moderate,0,0,Snowy Conditions
52433,2022-01-17 08:43:00,40.607784,-73.960655,0,0,Unspecified,4495377,9.7,0.4,33.6,32.8,0.56,12.0,73,54.1,99.7,183,Snow fall: Moderate,0,0,Snowy Conditions
52434,2022-01-17 05:08:00,40.644196,-73.92667,0,0,Traffic Control Device Improper/Non-Working,4495162,9.7,0.4,33.6,32.8,0.56,12.0,73,54.1,99.7,183,Snow fall: Moderate,0,0,Snowy Conditions
52435,2022-01-09 19:20:00,40.84231,-73.93515,1,0,Failure to Yield Right-of-Way,4495680,4.0,-5.3,5.1,5.1,0.0,12.0,53,23.8,42.1,220,Drizzle: Moderate,1,1,
52436,2022-01-17 18:00:00,40.663605,-73.934395,1,0,Driver Inattention/Distraction,4495333,9.7,0.4,33.6,32.8,0.56,12.0,73,54.1,99.7,183,Snow fall: Moderate,1,1,Snowy Conditions
52437,2021-09-30 20:53:00,40.828407,-73.93125,4,0,Reaction to Uninvolved Vehicle,4462721,18.8,13.1,0.0,0.0,0.0,0.0,3,18.1,37.4,330,Overcast,4,4,
52438,2021-10-14 20:00:00,40.782887,-73.9439,2,0,Unspecified,4468761,25.0,15.4,0.0,0.0,0.0,0.0,3,15.4,29.9,328,Overcast,2,2,
52439,2021-10-25 23:00:00,40.843517,-73.90168,0,0,Unspecified,4471976,22.8,13.5,10.7,10.7,0.0,8.0,63,18.9,33.5,172,Rain: Moderate,0,0,
52440,2021-10-01 18:00:00,40.685196,-73.97829,0,0,Failure to Yield Right-of-Way,4463069,19.4,9.5,0.0,0.0,0.0,0.0,0,13.8,28.1,302,Clear sky,0,0,Sunny/Clear Conditions
52441,2021-12-12 06:53:00,40.786423,-73.94239,0,0,Failure to Yield Right-of-Way,4486177,13.0,3.4,0.5,0.5,0.0,1.0,53,32.4,62.6,284,Drizzle: Moderate,0,0,
52442,2021-12-12 15:09:00,40.72829,-73.842064,0,0,Traffic Control Disregarded,4486194,13.0,3.4,0.5,0.5,0.0,1.0,53,32.4,62.6,284,Drizzle: Moderate,0,0,
52443,2021-10-23 12:48:00,40.828405,-73.8439078,0,0,Unspecified,4470253,15.9,10.4,0.2,0.2,0.0,2.0,51,14.4,26.6,326,Drizzle: Light,0,0,
52444,2021-10-16 17:45:00,40.6954688,-73.9828246,0,0,Other Vehicular,4467750,24.3,15.0,17.5,17.5,0.0,9.0,63,25.7,46.4,195,Rain: Moderate,0,0,
52445,2022-01-13 22:40:00,40.578995,-73.96491,0,0,Alcohol Involvement,4495768,7.1,-3.7,0.0,0.0,0.0,0.0,3,9.7,18.7,193,Overcast,0,0,
52446,2022-01-17 09:43:00,40.745796,-73.982285,0,0,Backing Unsafely,4495423,9.7,0.4,33.6,32.8,0.56,12.0,73,54.1,99.7,183,Snow fall: Moderate,0,0,Snowy Conditions
52447,2022-01-15 01:45:00,40.65011,-73.930214,6,0,Failure to Yield Right-of-Way,4495725,-5.3,-11.1,0.0,0.0,0.0,0.0,3,22.4,46.1,345,Overcast,6,6,
52448,2021-12-10 09:00:00,40.648792,-73.95228,0,0,Other Vehicular,4495783,8.5,1.6,0.0,0.0,0.0,0.0,3,9.8,20.5,183,Overcast,0,0,
52449,2022-01-06 02:11:00,40.76666,-73.94542,0,0,Unspecified,4495752,4.1,-0.7,0.0,0.0,0.0,0.0,3,20.2,38.2,269,Overcast,0,0,
52450,2022-01-17 16:00:00,40.816097,-73.9178,0,0,Driver Inattention/Distraction,4495504,9.7,0.4,33.6,32.8,0.56,12.0,73,54.1,99.7,183,Snow fall: Moderate,0,0,Snowy Conditions
52451,2021-12-12 16:26:00,40.832645,-73.85122,1,0,Driver Inexperience,4486127,13.0,3.4,0.5,0.5,0.0,1.0,53,32.4,62.6,284,Drizzle: Moderate,1,1,
52452,2021-12-12 02:50:00,40.82984,-73.87946,0,0,Unspecified,4486131,13.0,3.4,0.5,0.5,0.0,1.0,53,32.4,62.6,284,Drizzle: Moderate,0,0,
52453,2021-12-12 01:00:00,40.6256,-73.93901,0,0,Driver Inattention/Distraction,4486165,13.0,3.4,0.5,0.5,0.0,1.0,53,32.4,62.6,284,Drizzle: Moderate,0,0,
52454,2021-12-12 22:00:00,40.66602,-73.896324,0,0,Driver Inattention/Distraction,4486186,13.0,3.4,0.5,0.5,0.0,1.0,53,32.4,62.6,284,Drizzle: Moderate,0,0,
52455,2021-12-12 16:15:00,40.86877,-73.83174,0,0,Unspecified,4486135,13.0,3.4,0.5,0.5,0.0,1.0,53,32.4,62.6,284,Drizzle: Moderate,0,0,
52456,2021-12-12 23:50:00,40.836502,-73.825165,1,0,Alcohol Involvement,4486149,13.0,3.4,0.5,0.5,0.0,1.0,53,32.4,62.6,284,Drizzle: Moderate,1,1,