,CRASH DATETIME,LATITUDE,LONGITUDE,NUMBER OF PERSONS INJURED,NUMBER OF PERSONS KILLED,CONTRIBUTING FACTOR VEHICLE 1,COLLISION_ID,temperature_2m_max,temperature_2m_min,precipitation_sum,rain_sum,snowfall_sum,precipitation_hours,weather_code,wind_speed_10m_max,wind_gusts_10m_max,wind_direction_10m_dominant,Weather Description,Severity_Score,Total_Affected_Persons,Weather_Category
52457,2022-01-17 11:30:00,40.70563,-74.005295,0,0,Unspecified,4495403,9.7,0.4,33.6,32.8,0.56,12.0,73,54.1,99.7,183,Snow fall: Moderate,0,0,Snowy Conditions
52458,2022-01-17 06:40:00,40.638523,-73.98131,0,0,Fell Asleep,4495386,9.7,0.4,33.6,32.8,0.56,12.0,73,54.1,99.7,183,Snow fall: Moderate,0,0,Snowy Conditions
52459,2022-01-17 04:20:00,40.758743,-73.804214,0,0,Pavement Slippery,4495135,9.7,0.4,33.6,32.8,0.56,12.0,73,54.1,99.7,183,Snow fall: Moderate,0,0,Snowy Conditions
52460,2022-07-05 23:00:00,40.690403,-73.903595,0,0,Driver Inattention/Distraction,4544086,30.0,20.3,0.5,0.5,0.0,2.0,51,30.4,56.5,191,Drizzle: Light,0,0,
52461,2022-01-17 15:35:00,40.547325,-74.1663,0,0,Unspecified,4495456,9.7,0.4,33.6,32.8,0.56,12.0,73,54.1,99.7,183,Snow fall: Moderate,0,0,Snowy Conditions
52462,2022-01-13 13:07:00,40.635777,-73.88665,0,0,Unspecified,4495858,7.1,-3.7,0.0,0.0,0.0,0.0,3,9.7,18.7,193,Overcast,0,0,
52463,2021-10-26 08:50:00,40.658234,-73.9321,0,0,Driver Inattention/Distraction,4471228,16.9,13.8,84.5,84.5,0.0,17.0,65,28.7,53.6,87,Rain: Heavy,0,0,
52464,2021-10-26 19:21:00,40.759438,-73.91309,1,0,Unspecified,4471331,16.9,13.8,84.5,84.5,0.0,17.0,65,28.7,53.6,87,Rain: Heavy,1,1,
52465,2021-10-26 20:29:00,40.762104,-73.960144,0,0,Driver Inattention/Distraction,4471273,16.9,13.8,84.5,84.5,0.0,17.0,65,28.7,53.6,87,Rain: Heavy,0,0,
52466,2021-10-26 01:08:00,40.620125,-73.94081,3,0,Driver Inattention/Distraction,4470938,16.9,13.8,84.5,84.5,0.0,17.0,65,28.7,53.6,87,Rain: Heavy,3,3,
52467,2021-10-26 18:45:00,40.74452,-73.86781,1,0,Pedestrian/Bicyclist/Other Pedestrian Error/Confusion,4471254,16.9,13.8,84.5,84.5,0.0,17.0,65,28.7,53.6,87,Rain: Heavy,1,1,
52468,2021-10-26 14:00:00,40.5743,-74.105896,0,0,Driver Inattention/Distraction,4471402,16.9,13.8,84.5,84.5,0.0,17.0,65,28.7,53.6,87,Rain: Heavy,0,0,
52469,2021-10-26 14:40:00,40.699406,-73.95338,0,0,Driver Inattention/Distraction,4471290,16.9,13.8,84.5,84.5,0.0,17.0,65,28.7,53.6,87,Rain: Heavy,0,0,
52470,2021-10-26 13:59:00,40.733376,-73.86665,0,0,Following Too Closely,4471621,16.9,13.8,84.5,84.5,0.0,17.0,65,28.7,53.6,87,Rain: Heavy,0,0,
52471,2021-10-26 07:30:00,40.826534,-73.899605,0,0,Unspecified,4471783,16.9,13.8,84.5,84.5,0.0,17.0,65,28.7,53.6,87,Rain: Heavy,0,0,
52472,2021-10-25 19:20:00,40.567192,-74.113045,0,0,Driver Inattention/Distraction,4471914,22.8,13.5,10.7,10.7,0.0,8.0,63,18.9,33.5,172,Rain: Moderate,0,0,
52473,2021-10-26 01:29:00,40.811783,-73.88301,0,0,Unspecified,4470973,16.9,13.8,84.5,84.5,0.0,17.0,65,28.7,53.6,87,Rain: Heavy,0,0,
52474,2021-10-26 00:00:00,40.63987,-73.950325,0,0,Unspecified,4471300,16.9,13.8,84.5,84.5,0.0,17.0,65,28.7,53.6,87,Rain: Heavy,0,0,
52475,2021-10-26 13:15:00,40.82207,-73.94993,0,0,Backing Unsafely,4471730,16.9,13.8,84.5,84.5,0.0,17.0,65,28.7,53.6,87,Rain: Heavy,0,0,
52476,2021-10-26 18:50:00,40.773872,-73.98223,1,0,Pedestrian/Bicyclist/Other Pedestrian Error/Confusion,4471771,16.9,13.8,84.5,84.5,0.0,17.0,65,28.7,53.6,87,Rain: Heavy,1,1,
52477,2021-10-26 11:10:00,40.7606,-73.964325,1,0,Driver Inattention/Distraction,4471524,16.9,13.8,84.5,84.5,0.0,17.0,65,28.7,53.6,87,Rain: Heavy,1,1,
52478,2021-10-26 18:08:00,40.76521,-73.8005,2,0,Failure to Yield Right-of-Way,4471206,16.9,13.8,84.5,84.5,0.0,17.0,65,28.7,53.6,87,Rain: Heavy,2,2,
52479,2021-10-26 09:43:00,40.614716,-73.95431,0,0,Driver Inattention/Distraction,4471336,16.9,13.8,84.5,84.5,0.0,17.0,65,28.7,53.6,87,Rain: Heavy,0,0,
52480,2021-10-26 22:27:00,40.71373,-74.01385,1,0,Driver Inattention/Distraction,4471367,16.9,13.8,84.5,84.5,0.0,17.0,65,28.7,53.6,87,Rain: Heavy,1,1,
52481,2021-10-26 04:58:00,40.628746,-73.88878,0,0,Unspecified,4471415,16.9,13.8,84.5,84.5,0.0,17.0,65,28.7,53.6,87,Rain: Heavy,0,0,
52482,2021-10-26 07:12:00,40.739204,-73.91855,1,0,Driver Inattention/Distraction,4471448,16.9,13.8,84.5,84.5,0.0,17.0,65,28.7,53.6,87,Rain: Heavy,1,1,
52483,2021-10-26 09:20:00,40.702343,-73.79108,2,0,Driver Inattention/Distraction,4471170,16.9,13.8,84.5,84.5,0.0,17.0,65,28.7,53.6,87,Rain: Heavy,2,2,
52484,2021-10-26 08:00:00,40.820988,-73.896355,0,0,Unspecified,4471111,16.9,13.8,84.5,84.5,0.0,17.0,65,28.7,53.6,87,Rain: Heavy,0,0,
52485,2021-10-26 16:30:00,40.74822,-73.98892,1,0,Driver Inattention/Distraction,4471815,16.9,13.8,84.5,84.5,0.0,17.0,65,28.7,53.6,87,Rain: Heavy,1,1,
52486,2021-10-22 22:08:00,40.903194,-73.85406,1,0,Unspecified,4471864,20.3,14.4,0.0,0.0,0.0,0.0,3,18.1,31.3,267,Overcast,1,1,
52487,2021-10-26 05:10:00,40.724552,-73.72452,1,0,Pavement Slippery,4471148,16.9,13.8,84.5,84.5,0.0,17.0,65,28.7,53.6,87,Rain: Heavy,1,1,
52488,2021-10-26 08:15:00,40.818592,-73.90003,0,0,Unspecified,4471112,16.9,13.8,84.5,84.5,0.0,17.0,65,28.7,53.6,87,Rain: Heavy,0,0,
52489,2021-10-26 12:50:00,40.750507,-73.97785,0,0,Unspecified,4471201,16.9,13.8,84.5,84.5,0.0,17.0,65,28.7,53.6,87,Rain: Heavy,0,0,
52490,2021-10-26 06:47:00,40.65142,-73.93716,0,0,Pavement Slippery,4471067,16.9,13.8,84.5,84.5,0.0,17.0,65,28.7,53.6,87,Rain: Heavy,0,0,
52491,2021-10-26 05:50:00,40.743214,-73.907166,1,0,Driver Inattention/Distraction,4471447,16.9,13.8,84.5,84.5,0.0,17.0,65,28.7,53.6,87,Rain: Heavy,1,1,
52492,2021-10-26 22:30:00,40.666084,-73.82809,1,0,Unsafe Lane Changing,4471285,16.9,13.8,84.5,84.5,0.0,17.0,65,28.7,53.6,87,Rain: Heavy,1,1,
52493,2021-10-26 17:05:00,40.652218,-73.928154,0,0,View Obstructed/Limited,4471307,16.9,13.8,84.5,84.5,0.0,17.0,65,28.7,53.6,87,Rain: Heavy,0,0,
52494,2021-10-26 08:00:00,40.675907,-73.969505,0,0,Driver Inattention/Distraction,4471490,16.9,13.8,84.5,84.5,0.0,17.0,65,28.7,53.6,87,Rain: Heavy,0,0,
52495,2021-10-26 17:35:00,40.753143,-74.007416,0,0,Unsafe Lane Changing,4471376,16.9,13.8,84.5,84.5,0.0,17.0,65,28.7,53.6,87,Rain: Heavy,0,0,
52496,2021-10-26 11:10:00,40.687305,-73.96061,0,0,Passing Too Closely,4471460,16.9,13.8,84.5,84.5,0.0,17.0,65,28.7,53.6,87,Rain: Heavy,0,0,
52497,2021-10-26 00:30:00,40.835484,-73.9494,0,0,Pavement Slippery,4471099,16.9,13.8,84.5,84.5,0.0,17.0,65,28.7,53.6,87,Rain: Heavy,0,0,
52498,2021-10-26 06:45:00,40.68706,-73.806404,1,0,Passing or Lane Usage Improper,4471179,16.9,13.8,84.5,84.5,0.0,17.0,65,28.7,53.6,87,Rain: Heavy,1,1,
52499,2021-10-26 08:54:00,40.588886,-73.965645,1,0,Passing or Lane Usage Improper,4471260,16.9,13.8,84.5,84.5,0.0,17.0,65,28.7,53.6,87,Rain: Heavy,1,1,
52500,2021-09-26 21:14:00,40.841278,-73.86359,1,0,Passing or Lane Usage Improper,4471801,21.4,15.6,0.0,0.0,0.0,0.0,3,23.5,45.0,294,Overcast,1,1,
52501,2021-10-26 07:20:00,40.70435,-74.00612,1,0,View Obstructed/Limited,4471364,16.9,13.8,84.5,84.5,0.0,17.0,65,28.7,53.6,87,Rain: Heavy,1,1,
52502,2021-10-25 23:19:00,40.62395,-73.98889,1,0,Failure to Yield Right-of-Way,4471688,22.8,13.5,10.7,10.7,0.0,8.0,63,18.9,33.5,172,Rain: Moderate,1,1,
52503,2021-10-26 08:25:00,40.734295,-74.00717,0,0,Following Too Closely,4471816,16.9,13.8,84.5,84.5,0.0,17.0,65,28.7,53.6,87,Rain: Heavy,0,0,
52504,2021-10-26 10:20:00,40.651512,-74.00734,1,0,Unspecified,4471211,16.9,13.8,84.5,84.5,0.0,17.0,65,28.7,53.6,87,Rain: Heavy,1,1,
52505,2021-08-31 17:37:00,40.691193,-73.99777,0,0,Passing or Lane Usage Improper,4452836,28.5,21.2,0.0,0.0,0.0,0.0,3,15.5,29.9,301,Overcast,0,0,
52506,2021-10-26 16:12:00,40.852818,-73.90476,0,0,Unsafe Speed,4471238,16.9,13.8,84.5,84.5,0.0,17.0,65,28.7,53.6,87,Rain: Heavy,0,0,
52507,2021-10-14 18:00:00,40.836643,-73.91418,0,0,Unspecified,4471758,25.0,15.4,0.0,0.0,0.0,0.0,3,15.4,29.9,328,Overcast,0,0,
52508,2021-10-26 11:25:00,40.80797,-73.94598,0,0,Driver Inattention/Distraction,4471119,16.9,13.8,84.5,84.5,0.0,17.0,65,28.7,53.6,87,Rain: Heavy,0,0,
52509,2021-10-26 09:00:00,40.703373,-73.93764,0,0,Driver Inattention/Distraction,4471615,16.9,13.8,84.5,84.5,0.0,17.0,65,28.7,53.6,87,Rain: Heavy,0,0,
52510,2021-10-26 06:59:00,40.80682,-73.96106,1,0,Failure to Yield Right-of-Way,4471391,16.9,13.8,84.5,84.5,0.0,17.0,65,28.7,53.6,87,Rain: Heavy,1,1,
52511,2021-10-26 11:30:00,40.844448,-73.82846,0,0,Unspecified,4471424,16.9,13.8,84.5,84.5,0.0,17.0,65,28.7,53.6,87,Rain: Heavy,0,0,
52512,2021-10-26 20:00:00,40.715176,-73.749176,0,0,Unspecified,4471579,16.9,13.8,84.5,84.5,0.0,17.0,65,28.7,53.6,87,Rain: Heavy,0,0,
52513,2021-10-26 23:35:00,40.757336,-73.86849,0,0,Lane Marking Improper/Inadequate,4471741,16.9,13.8,84.5,84.5,0.0,17.0,65,28.7,53.6,87,Rain: Heavy,0,0,
52514,2021-10-26 02:46:00,40.700726,-73.94194,0,0,Driver Inexperience,4471280,16.9,13.8,84.5,84.5,0.0,17.0,65,28.7,53.6,87,Rain: Heavy,0,0,
52515,2021-10-26 12:45:00,40.64124,-73.943726,1,0,Unsafe Speed,4471302,16.9,13.8,84.5,84.5,0.0,17.0,65,28.7,53.6,87,Rain: Heavy,1,1,
52516,2021-10-26 13:55:00,40.591934,-73.800095,0,0,Driver Inattention/Distraction,4471248,16.9,13.8,84.5,84.5,0.0,17.0,65,28.7,53.6,87,Rain: Heavy,0,0,
52517,2021-10-26 10:30:00,40.83997,-73.87792,0,0,Driver Inattention/Distraction,4471353,16.9,13.8,84.5,84.5,0.0,17.0,65,28.7,53.6,87,Rain: Heavy,0,0,
52518,2021-10-26 20:10:00,40.838264,-73.905235,1,0,,4471792,16.9,13.8,84.5,84.5,0.0,17.0,65,28.7,53.6,87,Rain: Heavy,1,1,
52519,2021-10-26 05:10:00,40.7145,-73.824715,1,0,Following Too Closely,4471219,16.9,13.8,84.5,84.5,0.0,17.0,65,28.7,53.6,87,Rain: Heavy,1,1,
52520,2021-10-26 04:31:00,40.666344,-73.874855,0,0,Unspecified,4471663,16.9,13.8,84.5,84.5,0.0,17.0,65,28.7,53.6,87,Rain: Heavy,0,0,
52521,2021-10-26 15:32:00,40.817616,-73.95316,0,0,Backing Unsafely,4471829,16.9,13.8,84.5,84.5,0.0,17.0,65,28.7,53.6,87,Rain: Heavy,0,0,
52522,2021-10-26 17:49:00,40.678783,-73.91094,0,0,Aggressive Driving/Road Rage,4471318,16.9,13.8,84.5,84.5,0.0,17.0,65,28.7,53.6,87,Rain: Heavy,0,0,
52523,2021-10-26 07:51:00,40.70324,-73.92615,0,0,Passing Too Closely,4471255,16.9,13.8,84.5,84.5,0.0,17.0,65,28.7,53.6,87,Rain: Heavy,0,0,
52524,2021-10-26 18:31:00,40.71337,-73.934814,1,0,View Obstructed/Limited,4471322,16.9,13.8,84.5,84.5,0.0,17.0,65,28.7,53.6,87,Rain: Heavy,1,1,
52525,2021-10-26 20:15:00,40.69979,-73.950096,4,0,Passing or Lane Usage Improper,4471291,16.9,13.8,84.5,84.5,0.0,17.0,65,28.7,53.6,87,Rain: Heavy,4,4,
52526,2022-01-17 14:50:00,40.55786,-74.122,0,0,Lost Consciousness,4495477,9.7,0.4,33.6,32.8,0.56,12.0,73,54.1,99.7,183,Snow fall: Moderate,0,0,Snowy Conditions
52527,2021-10-26 01:01:00,40.62868,-74.012146,0,0,Unspecified,4470950,16.9,13.8,84.5,84.5,0.0,17.0,65,28.7,53.6,87,Rain: Heavy,0,0,
52528,2021-10-26 14:35:00,40.676342,-73.910934,1,0,Failure to Yield Right-of-Way,4471766,16.9,13.8,84.5,84.5,0.0,17.0,65,28.7,53.6,87,Rain: Heavy,1,1,
52529,2021-10-26 18:11:00,40.611603,-73.91971,0,0,Unspecified,4471234,16.9,13.8,84.5,84.5,0.0,17.0,65,28.7,53.6,87,Rain: Heavy,0,0,
52530,2021-10-26 17:50:00,40.889008,-73.85642,0,0,Driver Inattention/Distraction,4471540,16.9,13.8,84.5,84.5,0.0,17.0,65,28.7,53.6,87,Rain: Heavy,0,0,
52531,2021-10-23 11:49:00,40.629356,-73.98727,1,0,Traffic Control Disregarded,4471694,15.9,10.4,0.2,0.2,0.0,2.0,51,14.4,26.6,326,Drizzle: Light,1,1,
52532,2021-10-26 01:05:00,40.828114,-73.93107,2,0,Pavement Slippery,4470986,16.9,13.8,84.5,84.5,0.0,17.0,65,28.7,53.6,87,Rain: Heavy,2,2,
52533,2021-10-25 16:05:00,40.819572,-73.95175,0,0,Passing Too Closely,4471732,22.8,13.5,10.7,10.7,0.0,8.0,63,18.9,33.5,172,Rain: Moderate,0,0,
52534,2021-10-26 09:15:00,40.615772,-73.98308,0,0,Traffic Control Disregarded,4471217,16.9,13.8,84.5,84.5,0.0,17.0,65,28.7,53.6,87,Rain: Heavy,0,0,
52535,2021-10-26 19:25:00,40.76558,-73.80517,1,0,Failure to Yield Right-of-Way,4471296,16.9,13.8,84.5,84.5,0.0,17.0,65,28.7,53.6,87,Rain: Heavy,1,1,
52536,2021-10-26 12:47:00,40.744297,-73.88724,0,0,Passing or Lane Usage Improper,4471250,16.9,13.8,84.5,84.5,0.0,17.0,65,28.7,53.6,87,Rain: Heavy,0,0,
52537,2021-10-26 07:50:00,40.737553,-73.97806,1,0,Driver Inattention/Distraction,4471517,16.9,13.8,84.5,84.5,0.0,17.0,65,28.7,53.6,87,Rain: Heavy,1,1,
52538,2021-10-26 07:40:00,40.651974,-73.86542,0,0,Unspecified,4471653,16.9,13.8,84.5,84.5,0.0,17.0,65,28.7,53.6,87,Rain: Heavy,0,0,
52539,2021-10-26 21:29:00,40.766396,-73.78092,0,0,Unspecified,4471879,16.9,13.8,84.5,84.5,0.0,17.0,65,28.7,53.6,87,Rain: Heavy,0,0,
52540,2021-10-19 15:12:00,40.58077,-73.96556,0,0,Passing Too Closely,4471757,19.1,8.3,0.0,0.0,0.0,0.0,1,24.6,45.0,272,Mainly clear,0,0,Sunny/Clear Conditions
52541,2021-10-26 12:21:00,40.653915,-73.92887,0,0,Unspecified,4471117,16.9,13.8,84.5,84.5,0.0,17.0,65,28.7,53.6,87,Rain: Heavy,0,0,
52542,2021-10-26 11:04:00,40.841286,-73.90016,0,0,Backing Unsafely,4471149,16.9,13.8,84.5,84.5,0.0,17.0,65,28.7,53.6,87,Rain: Heavy,0,0,
52543,2021-10-26 22:00:00,40.823135,-73.88225,1,0,Unspecified,4471386,16.9,13.8,84.5,84.5,0.0,17.0,65,28.7,53.6,87,Rain: Heavy,1,1,
52544,2021-07-08 05:15:00,40.665558,-73.72985,1,0,Failure to Yield Right-of-Way,4435147,28.3,21.3,15.2,15.2,0.0,12.0,63,16.9,48.2,125,Rain: Moderate,1,1,
52545,2021-10-26 16:20:00,40.812214,-73.885895,0,0,Turning Improperly,4471230,16.9,13.8,84.5,84.5,0.0,17.0,65,28.7,53.6,87,Rain: Heavy,0,0,
52546,2021-07-12 23:14:00,40.705105,-73.94358,0,0,Unspecified,4436318,28.6,22.0,9.7,9.7,0.0,12.0,63,12.0,31.7,107,Rain: Moderate,0,0,
52547,2021-07-12 17:50:00,40.59319,-74.082405,0,0,Unspecified,4436457,28.6,22.0,9.7,9.7,0.0,12.0,63,12.0,31.7,107,Rain: Moderate,0,0,
52548,2021-07-12 11:30:00,40.76465,-73.823494,1,0,Traffic Control Disregarded,4436395,28.6,22.0,9.7,9.7,0.0,12.0,63,12.0,31.7,107,Rain: Moderate,1,1,
52549,2021-07-12 15:00:00,40.6082,-73.920715,1,0,Unspecified,4437032,28.6,22.0,9.7,9.7,0.0,12.0,63,12.0,31.7,107,Rain: Moderate,1,1,
52550,2021-07-12 18:08:00,40.866062,-73.92251,0,0,Unspecified,4436799,28.6,22.0,9.7,9.7,0.0,12.0,63,12.0,31.7,107,Rain: Moderate,0,0,
52551,2021-07-08 20:50:00,40.803745,-73.95587,0,0,Driver Inattention/Distraction,4436763,28.3,21.3,15.2,15.2,0.0,12.0,63,16.9,48.2,125,Rain: Moderate,0,0,
52552,2021-07-12 03:00:00,40.639984,-73.94842,1,0,Unspecified,4435876,28.6,22.0,9.7,9.7,0.0,12.0,63,12.0,31.7,107,Rain: Moderate,1,1,
52553,2021-07-12 19:33:00,40.87296,-73.87495,2,0,Driver Inattention/Distraction,4436363,28.6,22.0,9.7,9.7,0.0,12.0,63,12.0,31.7,107,Rain: Moderate,2,2,
52554,2021-07-12 00:00:00,40.682426,-73.937935,0,0,Brakes Defective,4436557,28.6,22.0,9.7,9.7,0.0,12.0,63,12.0,31.7,107,Rain: Moderate,0,0,
52555,2021-07-12 15:55:00,40.598835,-73.95641,0,0,Unspecified,4436415,28.6,22.0,9.7,9.7,0.0,12.0,63,12.0,31.7,107,Rain: Moderate,0,0,
52556,2021-07-06 14:30:00,40.818798,-73.89213,0,0,Unspecified,4436858,33.6,21.9,2.1,2.1,0.0,4.0,61,21.8,49.7,231,Rain: Light,0,0,
52557,2021-07-08 08:30:00,40.753338,-73.88876,1,0,Passing or Lane Usage Improper,4436921,28.3,21.3,15.2,15.2,0.0,12.0,63,16.9,48.2,125,Rain: Moderate,1,1,
52558,2021-07-12 05:02:00,40.80684,-73.9275,0,0,Unspecified,4435962,28.6,22.0,9.7,9.7,0.0,12.0,63,12.0,31.7,107,Rain: Moderate,0,0,
52559,2021-07-12 03:20:00,40.696186,-73.79099,0,0,Driver Inexperience,4436422,28.6,22.0,9.7,9.7,0.0,12.0,63,12.0,31.7,107,Rain: Moderate,0,0,
52560,2021-07-12 22:50:00,40.853535,-73.938385,0,0,Alcohol Involvement,4436795,28.6,22.0,9.7,9.7,0.0,12.0,63,12.0,31.7,107,Rain: Moderate,0,0,
52561,2021-07-11 01:30:00,40.746212,-74.008064,0,0,Driver Inattention/Distraction,4436827,24.9,19.8,2.5,2.5,0.0,9.0,53,15.8,35.3,141,Drizzle: Moderate,0,0,
52562,2021-07-12 02:40:00,40.844677,-73.93886,0,0,Passing or Lane Usage Improper,4436704,28.6,22.0,9.7,9.7,0.0,12.0,63,12.0,31.7,107,Rain: Moderate,0,0,
52563,2021-10-26 14:26:00,40.657333,-73.899445,0,0,Other Vehicular,4471466,16.9,13.8,84.5,84.5,0.0,17.0,65,28.7,53.6,87,Rain: Heavy,0,0,
52564,2021-07-12 02:37:00,40.860996,-73.89643,1,0,Unspecified,4435978,28.6,22.0,9.7,9.7,0.0,12.0,63,12.0,31.7,107,Rain: Moderate,1,1,
52565,2021-07-12 17:35:00,40.68671,-73.979065,0,0,Unsafe Speed,4436281,28.6,22.0,9.7,9.7,0.0,12.0,63,12.0,31.7,107,Rain: Moderate,0,0,
52566,2021-07-12 16:15:00,40.861206,-73.83899,0,0,Outside Car Distraction,4436467,28.6,22.0,9.7,9.7,0.0,12.0,63,12.0,31.7,107,Rain: Moderate,0,0,
52567,2021-07-12 18:00:00,40.75995,-73.90221,0,0,Unspecified,4437048,28.6,22.0,9.7,9.7,0.0,12.0,63,12.0,31.7,107,Rain: Moderate,0,0,
52568,2021-07-12 09:15:00,40.65796,-73.88911,0,0,Oversized Vehicle,4436495,28.6,22.0,9.7,9.7,0.0,12.0,63,12.0,31.7,107,Rain: Moderate,0,0,
52569,2021-07-12 18:22:00,40.5825,-73.96118,1,0,Unsafe Speed,4436566,28.6,22.0,9.7,9.7,0.0,12.0,63,12.0,31.7,107,Rain: Moderate,1,1,
52570,2021-07-12 14:55:00,40.814507,-73.95726,0,0,Unspecified,4436611,28.6,22.0,9.7,9.7,0.0,12.0,63,12.0,31.7,107,Rain: Moderate,0,0,
52571,2021-07-12 14:00:00,40.733116,-73.87058,1,0,Driver Inexperience,4436232,28.6,22.0,9.7,9.7,0.0,12.0,63,12.0,31.7,107,Rain: Moderate,1,1,
52572,2021-07-12 12:11:00,40.663853,-73.95194,1,0,Driver Inattention/Distraction,4436882,28.6,22.0,9.7,9.7,0.0,12.0,63,12.0,31.7,107,Rain: Moderate,1,1,
52573,2021-07-05 17:45:00,40.749767,-73.86381,1,0,Driver Inattention/Distraction,4436968,26.4,17.3,0.7,0.7,0.0,2.0,53,18.8,34.6,142,Drizzle: Moderate,1,1,
52574,2021-07-12 00:30:00,40.73851,-73.8065,0,0,Unsafe Lane Changing,4436225,28.6,22.0,9.7,9.7,0.0,12.0,63,12.0,31.7,107,Rain: Moderate,0,0,
52575,2021-07-12 07:40:00,40.69246,-73.726875,1,0,Following Too Closely,4436152,28.6,22.0,9.7,9.7,0.0,12.0,63,12.0,31.7,107,Rain: Moderate,1,1,
52576,2021-06-24 19:53:00,40.752686,-74.000534,0,0,Passing or Lane Usage Improper,4436810,23.2,13.5,0.0,0.0,0.0,0.0,3,19.7,40.0,145,Overcast,0,0,
52577,2021-07-12 03:37:00,40.75033,-73.77907,0,0,Unsafe Speed,4436274,28.6,22.0,9.7,9.7,0.0,12.0,63,12.0,31.7,107,Rain: Moderate,0,0,
52578,2021-07-12 05:00:00,40.822987,-73.86781,0,0,Unspecified,4436071,28.6,22.0,9.7,9.7,0.0,12.0,63,12.0,31.7,107,Rain: Moderate,0,0,
52579,2021-07-12 11:50:00,40.701916,-73.72712,0,0,Failure to Yield Right-of-Way,4436604,28.6,22.0,9.7,9.7,0.0,12.0,63,12.0,31.7,107,Rain: Moderate,0,0,
52580,2021-07-12 15:15:00,40.77161,-73.99046,1,0,Unspecified,4436408,28.6,22.0,9.7,9.7,0.0,12.0,63,12.0,31.7,107,Rain: Moderate,1,1,
52581,2021-07-12 11:09:00,40.710415,-73.768684,0,0,Backing Unsafely,4436432,28.6,22.0,9.7,9.7,0.0,12.0,63,12.0,31.7,107,Rain: Moderate,0,0,
52582,2021-07-12 17:00:00,40.534267,-74.15398,1,0,Failure to Yield Right-of-Way,4437063,28.6,22.0,9.7,9.7,0.0,12.0,63,12.0,31.7,107,Rain: Moderate,1,1,
52583,2021-07-12 16:58:00,40.72479,-74.001755,0,0,Aggressive Driving/Road Rage,4436685,28.6,22.0,9.7,9.7,0.0,12.0,63,12.0,31.7,107,Rain: Moderate,0,0,
52584,2021-07-12 22:24:00,40.664047,-73.888115,0,0,Unspecified,4436499,28.6,22.0,9.7,9.7,0.0,12.0,63,12.0,31.7,107,Rain: Moderate,0,0,
52585,2021-07-12 17:09:00,40.645676,-73.946106,1,0,Unspecified,4436622,28.6,22.0,9.7,9.7,0.0,12.0,63,12.0,31.7,107,Rain: Moderate,1,1,
52586,2021-07-12 17:00:00,40.77132,-73.84655,0,0,Failure to Yield Right-of-Way,4436237,28.6,22.0,9.7,9.7,0.0,12.0,63,12.0,31.7,107,Rain: Moderate,0,0,
52587,2021-07-12 08:55:00,40.629166,-73.947334,0,0,Unspecified,4436379,28.6,22.0,9.7,9.7,0.0,12.0,63,12.0,31.7,107,Rain: Moderate,0,0,
52588,2021-07-08 20:00:00,40.689102,-73.94507,0,0,Driver Inexperience,4436871,28.3,21.3,15.2,15.2,0.0,12.0,63,16.9,48.2,125,Rain: Moderate,0,0,
52589,2021-07-12 13:30:00,40.730286,-73.99808,0,0,Driver Inattention/Distraction,4437008,28.6,22.0,9.7,9.7,0.0,12.0,63,12.0,31.7,107,Rain: Moderate,0,0,
52590,2021-07-12 08:45:00,40.68937,-73.82668,0,0,Unspecified,4436492,28.6,22.0,9.7,9.7,0.0,12.0,63,12.0,31.7,107,Rain: Moderate,0,0,
52591,2021-07-05 02:34:00,40.80133,-73.950195,0,0,Driver Inattention/Distraction,4436757,26.4,17.3,0.7,0.7,0.0,2.0,53,18.8,34.6,142,Drizzle: Moderate,0,0,
52592,2021-07-02 13:00:00,40.75412,-73.881325,1,0,Unspecified,4436883,24.3,19.2,29.6,29.6,0.0,23.0,63,14.1,27.7,284,Rain: Moderate,1,1,
52593,2021-07-12 06:40:00,40.604767,-73.99088,0,0,Driver Inattention/Distraction,4436282,28.6,22.0,9.7,9.7,0.0,12.0,63,12.0,31.7,107,Rain: Moderate,0,0,
52594,2021-07-09 22:30:00,40.73261,-73.8686,0,0,Unspecified,4436956,29.8,22.0,35.0,35.0,0.0,14.0,63,31.0,55.8,341,Rain: Moderate,0,0,
52595,2021-07-12 14:00:00,40.754494,-73.94431,0,0,Failure to Yield Right-of-Way,4436337,28.6,22.0,9.7,9.7,0.0,12.0,63,12.0,31.7,107,Rain: Moderate,0,0,
52596,2021-07-06 06:57:00,40.74508,-74.00382,0,0,Passing Too Closely,4436815,33.6,21.9,2.1,2.1,0.0,4.0,61,21.8,49.7,231,Rain: Light,0,0,
52597,2021-07-12 10:25:00,40.691788,-73.8167,0,0,Oversized Vehicle,4436167,28.6,22.0,9.7,9.7,0.0,12.0,63,12.0,31.7,107,Rain: Moderate,0,0,
52598,2021-07-10 17:40:00,40.8343,-73.91457,2,0,Driver Inattention/Distraction,4436733,25.5,20.7,0.5,0.5,0.0,3.0,51,14.5,29.9,1,Drizzle: Light,2,2,
52599,2021-07-12 22:55:00,40.66733,-73.95353,0,0,Driver Inattention/Distraction,4436590,28.6,22.0,9.7,9.7,0.0,12.0,63,12.0,31.7,107,Rain: Moderate,0,0,
52600,2021-07-12 08:27:00,40.636086,-74.11614,1,0,Driver Inattention/Distraction,4436969,28.6,22.0,9.7,9.7,0.0,12.0,63,12.0,31.7,107,Rain: Moderate,1,1,