,CRASH DATETIME,LATITUDE,LONGITUDE,NUMBER OF PERSONS INJURED,NUMBER OF PERSONS KILLED,CONTRIBUTING FACTOR VEHICLE 1,COLLISION_ID,temperature_2m_max,temperature_2m_min,precipitation_sum,rain_sum,snowfall_sum,precipitation_hours,weather_code,wind_speed_10m_max,wind_gusts_10m_max,wind_direction_10m_dominant,Weather Description,Severity_Score,Total_Affected_Persons,Weather_Category
52601,2021-07-08 13:30:00,40.854168,-73.93371,1,0,Failure to Yield Right-of-Way,4436805,28.3,21.3,15.2,15.2,0.0,12.0,63,16.9,48.2,125,Rain: Moderate,1,1,
52602,2021-07-12 17:55:00,40.74087,-73.98799,0,0,Turning Improperly,4436404,28.6,22.0,9.7,9.7,0.0,12.0,63,12.0,31.7,107,Rain: Moderate,0,0,
52603,2021-07-12 19:14:00,40.89312,-73.85646,0,0,Driver Inattention/Distraction,4436768,28.6,22.0,9.7,9.7,0.0,12.0,63,12.0,31.7,107,Rain: Moderate,0,0,
52604,2021-07-12 10:40:00,40.62055,-74.16919,0,0,Unspecified,4436426,28.6,22.0,9.7,9.7,0.0,12.0,63,12.0,31.7,107,Rain: Moderate,0,0,
52605,2021-07-02 22:16:00,40.720623,-73.99498,1,0,Driver Inattention/Distraction,4435862,24.3,19.2,29.6,29.6,0.0,23.0,63,14.1,27.7,284,Rain: Moderate,1,1,
52606,2021-12-27 18:05:00,40.599827,-74.17823,0,0,Passing Too Closely,4495672,2.7,-1.4,2.1,0.8,0.91,5.0,73,13.5,23.0,10,Snow fall: Moderate,0,0,Snowy Conditions
52607,2021-07-12 16:00:00,40.85171,-73.86779,0,0,Unspecified,4436473,28.6,22.0,9.7,9.7,0.0,12.0,63,12.0,31.7,107,Rain: Moderate,0,0,
52608,2021-07-12 12:52:00,40.71144,-73.89571,0,0,Passing Too Closely,4436865,28.6,22.0,9.7,9.7,0.0,12.0,63,12.0,31.7,107,Rain: Moderate,0,0,
52609,2021-07-12 22:45:00,40.78166,-73.83523,0,0,Failure to Yield Right-of-Way,4436301,28.6,22.0,9.7,9.7,0.0,12.0,63,12.0,31.7,107,Rain: Moderate,0,0,
52610,2021-07-07 19:10:00,40.75616,-73.879555,0,0,Following Too Closely,4436890,31.4,22.2,1.4,1.4,0.0,6.0,53,17.4,37.8,213,Drizzle: Moderate,0,0,
52611,2021-07-12 16:02:00,40.833755,-73.86175,0,0,Unspecified,4436441,28.6,22.0,9.7,9.7,0.0,12.0,63,12.0,31.7,107,Rain: Moderate,0,0,
52612,2021-07-12 18:45:00,40.862747,-73.90494,0,0,Unsafe Lane Changing,4436364,28.6,22.0,9.7,9.7,0.0,12.0,63,12.0,31.7,107,Rain: Moderate,0,0,
52613,2021-10-26 23:30:00,40.833015,-73.8851,0,0,Oversized Vehicle,4471782,16.9,13.8,84.5,84.5,0.0,17.0,65,28.7,53.6,87,Rain: Heavy,0,0,
52614,2021-07-12 19:31:00,40.58369,-73.92157,1,0,Passing Too Closely,4436416,28.6,22.0,9.7,9.7,0.0,12.0,63,12.0,31.7,107,Rain: Moderate,1,1,
52615,2021-07-11 10:41:00,40.745728,-73.86213,0,0,Driver Inexperience,4436784,24.9,19.8,2.5,2.5,0.0,9.0,53,15.8,35.3,141,Drizzle: Moderate,0,0,
52616,2021-07-12 02:00:00,40.753242,-73.96662,0,0,Other Vehicular,4435882,28.6,22.0,9.7,9.7,0.0,12.0,63,12.0,31.7,107,Rain: Moderate,0,0,
52617,2021-07-10 14:22:00,40.75892,-73.999695,0,0,Passing Too Closely,4436820,25.5,20.7,0.5,0.5,0.0,3.0,51,14.5,29.9,1,Drizzle: Light,0,0,
52618,2021-07-12 02:25:00,40.61132,-74.114716,0,0,Pavement Slippery,4436937,28.6,22.0,9.7,9.7,0.0,12.0,63,12.0,31.7,107,Rain: Moderate,0,0,
52619,2021-07-12 00:15:00,40.752403,-73.92442,1,0,Unspecified,4436333,28.6,22.0,9.7,9.7,0.0,12.0,63,12.0,31.7,107,Rain: Moderate,1,1,
52620,2021-07-12 18:30:00,40.69614,-73.92726,0,0,Backing Unsafely,4436717,28.6,22.0,9.7,9.7,0.0,12.0,63,12.0,31.7,107,Rain: Moderate,0,0,
52621,2021-07-11 12:48:00,40.75828,-73.87445,0,0,Unspecified,4436920,24.9,19.8,2.5,2.5,0.0,9.0,53,15.8,35.3,141,Drizzle: Moderate,0,0,
52622,2021-07-06 03:00:00,40.76031,-73.86902,0,0,Driver Inattention/Distraction,4436887,33.6,21.9,2.1,2.1,0.0,4.0,61,21.8,49.7,231,Rain: Light,0,0,
52623,2021-07-08 15:15:00,40.801754,-73.94698,0,0,Backing Unsafely,4436762,28.3,21.3,15.2,15.2,0.0,12.0,63,16.9,48.2,125,Rain: Moderate,0,0,
52624,2021-07-12 01:25:00,40.64663,-73.95566,0,0,Driver Inattention/Distraction,4435966,28.6,22.0,9.7,9.7,0.0,12.0,63,12.0,31.7,107,Rain: Moderate,0,0,
52625,2021-07-12 00:13:00,40.86369,-73.91707,0,0,Driver Inattention/Distraction,4436797,28.6,22.0,9.7,9.7,0.0,12.0,63,12.0,31.7,107,Rain: Moderate,0,0,
52626,2021-07-12 16:10:00,40.67063,-73.75643,1,0,Unspecified,4436293,28.6,22.0,9.7,9.7,0.0,12.0,63,12.0,31.7,107,Rain: Moderate,1,1,
52627,2021-07-12 13:30:00,40.58392,-73.9379,0,0,Unspecified,4436417,28.6,22.0,9.7,9.7,0.0,12.0,63,12.0,31.7,107,Rain: Moderate,0,0,
52628,2021-07-09 20:26:00,40.68064,-73.95338,1,0,Pedestrian/Bicyclist/Other Pedestrian Error/Confusion,4436848,29.8,22.0,35.0,35.0,0.0,14.0,63,31.0,55.8,341,Rain: Moderate,1,1,
52629,2021-07-12 16:40:00,40.693146,-73.99509,0,0,Passing Too Closely,4436351,28.6,22.0,9.7,9.7,0.0,12.0,63,12.0,31.7,107,Rain: Moderate,0,0,
52630,2021-07-12 17:10:00,40.67513,-73.99166,0,0,Passing Too Closely,4436699,28.6,22.0,9.7,9.7,0.0,12.0,63,12.0,31.7,107,Rain: Moderate,0,0,
52631,2021-07-06 07:14:00,40.833126,-73.828285,0,0,Unspecified,4436742,33.6,21.9,2.1,2.1,0.0,4.0,61,21.8,49.7,231,Rain: Light,0,0,
52632,2021-07-12 18:20:00,40.854588,-73.90187,0,0,Driver Inattention/Distraction,4436396,28.6,22.0,9.7,9.7,0.0,12.0,63,12.0,31.7,107,Rain: Moderate,0,0,
52633,2021-07-10 07:40:00,40.78521,-73.916046,0,0,Unspecified,4437038,25.5,20.7,0.5,0.5,0.0,3.0,51,14.5,29.9,1,Drizzle: Light,0,0,
52634,2021-07-11 20:30:00,40.747234,-73.99337,1,0,Following Too Closely,4436902,24.9,19.8,2.5,2.5,0.0,9.0,53,15.8,35.3,141,Drizzle: Moderate,1,1,
52635,2021-07-08 19:18:00,40.74068,-74.00184,1,0,Driver Inattention/Distraction,4436814,28.3,21.3,15.2,15.2,0.0,12.0,63,16.9,48.2,125,Rain: Moderate,1,1,
52636,2021-07-12 09:00:00,40.650307,-73.75696,2,0,Unspecified,4436157,28.6,22.0,9.7,9.7,0.0,12.0,63,12.0,31.7,107,Rain: Moderate,2,2,
52637,2021-07-12 12:20:00,40.75372,-73.83283,1,0,Failure to Yield Right-of-Way,4436227,28.6,22.0,9.7,9.7,0.0,12.0,63,12.0,31.7,107,Rain: Moderate,1,1,
52638,2021-07-12 11:00:00,40.835297,-73.91291,0,0,Driver Inexperience,4436524,28.6,22.0,9.7,9.7,0.0,12.0,63,12.0,31.7,107,Rain: Moderate,0,0,
52639,2021-07-08 23:13:00,40.75898,-73.99595,0,0,Unsafe Lane Changing,4436896,28.3,21.3,15.2,15.2,0.0,12.0,63,16.9,48.2,125,Rain: Moderate,0,0,
52640,2021-07-12 18:00:00,40.677006,-73.81261,1,0,Driver Inattention/Distraction,4436319,28.6,22.0,9.7,9.7,0.0,12.0,63,12.0,31.7,107,Rain: Moderate,1,1,
52641,2021-07-12 08:45:00,40.81813,-73.89101,0,0,Unspecified,4436855,28.6,22.0,9.7,9.7,0.0,12.0,63,12.0,31.7,107,Rain: Moderate,0,0,
52642,2021-07-12 12:20:00,40.662296,-73.98874,0,0,Unspecified,4436140,28.6,22.0,9.7,9.7,0.0,12.0,63,12.0,31.7,107,Rain: Moderate,0,0,
52643,2021-07-12 19:00:00,40.538834,-74.15628,0,0,Traffic Control Disregarded,4436456,28.6,22.0,9.7,9.7,0.0,12.0,63,12.0,31.7,107,Rain: Moderate,0,0,
52644,2021-07-12 09:50:00,40.68951,-73.948044,1,0,Failure to Yield Right-of-Way,4436536,28.6,22.0,9.7,9.7,0.0,12.0,63,12.0,31.7,107,Rain: Moderate,1,1,
52645,2021-07-12 13:30:00,40.71881,-73.83266,1,0,Following Too Closely,4436213,28.6,22.0,9.7,9.7,0.0,12.0,63,12.0,31.7,107,Rain: Moderate,1,1,
52646,2021-07-12 09:37:00,40.76948,-73.95787,1,0,Passing or Lane Usage Improper,4436370,28.6,22.0,9.7,9.7,0.0,12.0,63,12.0,31.7,107,Rain: Moderate,1,1,
52647,2021-07-06 00:00:00,40.80921,-73.94892,0,0,Reaction to Uninvolved Vehicle,4436758,33.6,21.9,2.1,2.1,0.0,4.0,61,21.8,49.7,231,Rain: Light,0,0,
52648,2021-07-09 18:30:00,40.86241,-73.9225,1,0,Driver Inattention/Distraction,4436804,29.8,22.0,35.0,35.0,0.0,14.0,63,31.0,55.8,341,Rain: Moderate,1,1,
52649,2021-07-12 11:27:00,40.752045,-73.989876,0,0,Driver Inattention/Distraction,4436689,28.6,22.0,9.7,9.7,0.0,12.0,63,12.0,31.7,107,Rain: Moderate,0,0,
52650,2021-07-12 09:28:00,40.754868,-73.82399,1,0,Backing Unsafely,4436309,28.6,22.0,9.7,9.7,0.0,12.0,63,12.0,31.7,107,Rain: Moderate,1,1,
52651,2021-07-12 18:45:00,40.61619,-74.13898,1,0,Driver Inattention/Distraction,4436388,28.6,22.0,9.7,9.7,0.0,12.0,63,12.0,31.7,107,Rain: Moderate,1,1,
52652,2021-07-08 03:41:00,40.793488,-73.94328,0,0,Aggressive Driving/Road Rage,4437016,28.3,21.3,15.2,15.2,0.0,12.0,63,16.9,48.2,125,Rain: Moderate,0,0,
52653,2021-07-12 00:02:00,40.718864,-73.97483,0,0,Following Too Closely,4436995,28.6,22.0,9.7,9.7,0.0,12.0,63,12.0,31.7,107,Rain: Moderate,0,0,
52654,2021-07-12 11:30:00,40.689625,-73.922325,1,0,Driver Inattention/Distraction,4436876,28.6,22.0,9.7,9.7,0.0,12.0,63,12.0,31.7,107,Rain: Moderate,1,1,
52655,2021-07-12 23:15:00,40.63655,-73.968864,1,0,Unspecified,4436750,28.6,22.0,9.7,9.7,0.0,12.0,63,12.0,31.7,107,Rain: Moderate,1,1,
52656,2021-07-05 21:04:00,40.720165,-73.844795,0,0,Backing Unsafely,4436957,26.4,17.3,0.7,0.7,0.0,2.0,53,18.8,34.6,142,Drizzle: Moderate,0,0,
52657,2021-07-12 22:00:00,40.675625,-73.89879,1,0,Unspecified,4436498,28.6,22.0,9.7,9.7,0.0,12.0,63,12.0,31.7,107,Rain: Moderate,1,1,
52658,2021-07-12 05:00:00,40.716644,-73.99582,1,0,Unsafe Speed,4435972,28.6,22.0,9.7,9.7,0.0,12.0,63,12.0,31.7,107,Rain: Moderate,1,1,
52659,2021-07-12 23:16:00,40.654278,-73.92292,3,0,Unspecified,4436618,28.6,22.0,9.7,9.7,0.0,12.0,63,12.0,31.7,107,Rain: Moderate,3,3,
52660,2021-07-12 21:00:00,40.68137,-73.94063,0,0,Brakes Defective,4436554,28.6,22.0,9.7,9.7,0.0,12.0,63,12.0,31.7,107,Rain: Moderate,0,0,
52661,2021-07-12 02:00:00,40.87118,-73.85318,0,0,Unspecified,4436466,28.6,22.0,9.7,9.7,0.0,12.0,63,12.0,31.7,107,Rain: Moderate,0,0,
52662,2021-07-12 10:34:00,40.7688,-73.99249,0,0,Driver Inattention/Distraction,4436407,28.6,22.0,9.7,9.7,0.0,12.0,63,12.0,31.7,107,Rain: Moderate,0,0,
52663,2021-07-07 17:45:00,40.746017,-73.86924,0,0,Driver Inattention/Distraction,4436809,31.4,22.2,1.4,1.4,0.0,6.0,53,17.4,37.8,213,Drizzle: Moderate,0,0,
52664,2021-07-12 14:00:00,40.877033,-73.846375,1,0,Unspecified,4436431,28.6,22.0,9.7,9.7,0.0,12.0,63,12.0,31.7,107,Rain: Moderate,1,1,
52665,2021-07-11 15:00:00,40.690685,-73.78161,1,0,Traffic Control Disregarded,4436753,24.9,19.8,2.5,2.5,0.0,9.0,53,15.8,35.3,141,Drizzle: Moderate,1,1,
52666,2021-07-12 12:16:00,40.75803,-73.918655,0,0,Driver Inattention/Distraction,4437043,28.6,22.0,9.7,9.7,0.0,12.0,63,12.0,31.7,107,Rain: Moderate,0,0,
52667,2021-07-12 16:50:00,40.7672,-73.887825,1,0,Driver Inattention/Distraction,4436336,28.6,22.0,9.7,9.7,0.0,12.0,63,12.0,31.7,107,Rain: Moderate,1,1,
52668,2021-07-12 20:00:00,40.869507,-73.891754,0,0,Unspecified,4436671,28.6,22.0,9.7,9.7,0.0,12.0,63,12.0,31.7,107,Rain: Moderate,0,0,
52669,2021-07-12 16:35:00,40.82751,-73.92495,0,0,Other Vehicular,4436729,28.6,22.0,9.7,9.7,0.0,12.0,63,12.0,31.7,107,Rain: Moderate,0,0,
52670,2021-07-12 10:58:00,40.706043,-74.0131,0,0,Unspecified,4436385,28.6,22.0,9.7,9.7,0.0,12.0,63,12.0,31.7,107,Rain: Moderate,0,0,
52671,2021-07-12 08:30:00,40.594444,-73.98602,0,0,Unspecified,4436562,28.6,22.0,9.7,9.7,0.0,12.0,63,12.0,31.7,107,Rain: Moderate,0,0,
52672,2021-07-12 02:35:00,40.576252,-74.16978,0,0,Pavement Slippery,4436040,28.6,22.0,9.7,9.7,0.0,12.0,63,12.0,31.7,107,Rain: Moderate,0,0,
52673,2021-07-12 14:00:00,40.89572,-73.85656,0,0,Unspecified,4436436,28.6,22.0,9.7,9.7,0.0,12.0,63,12.0,31.7,107,Rain: Moderate,0,0,
52674,2021-07-12 11:00:00,40.74205,-73.8757,0,0,Driver Inattention/Distraction,4436231,28.6,22.0,9.7,9.7,0.0,12.0,63,12.0,31.7,107,Rain: Moderate,0,0,
52675,2021-07-12 19:20:00,40.602135,-74.114876,0,0,Steering Failure,4436447,28.6,22.0,9.7,9.7,0.0,12.0,63,12.0,31.7,107,Rain: Moderate,0,0,
52676,2021-07-12 05:00:00,40.696297,-73.97716,2,0,Other Vehicular,4436327,28.6,22.0,9.7,9.7,0.0,12.0,63,12.0,31.7,107,Rain: Moderate,2,2,
52677,2021-07-12 11:00:00,40.79752,-73.936935,0,0,Unspecified,4436435,28.6,22.0,9.7,9.7,0.0,12.0,63,12.0,31.7,107,Rain: Moderate,0,0,
52678,2021-07-11 21:45:00,40.78326,-73.950745,0,0,Alcohol Involvement,4437057,24.9,19.8,2.5,2.5,0.0,9.0,53,15.8,35.3,141,Drizzle: Moderate,0,0,
52679,2021-07-12 10:25:00,40.802406,-73.95058,1,0,Unspecified,4436767,28.6,22.0,9.7,9.7,0.0,12.0,63,12.0,31.7,107,Rain: Moderate,1,1,
52680,2021-07-12 04:25:00,40.73764,-73.98613,0,0,Driver Inexperience,4436402,28.6,22.0,9.7,9.7,0.0,12.0,63,12.0,31.7,107,Rain: Moderate,0,0,
52681,2021-07-01 17:05:00,40.748425,-73.868774,0,0,Passing or Lane Usage Improper,4436785,27.8,22.2,25.2,25.2,0.0,12.0,65,10.6,33.1,280,Rain: Heavy,0,0,
52682,2021-07-12 04:30:00,40.71927,-73.790306,0,0,Driver Inattention/Distraction,4435884,28.6,22.0,9.7,9.7,0.0,12.0,63,12.0,31.7,107,Rain: Moderate,0,0,
52683,2021-07-09 10:39:00,40.667236,-73.770004,1,0,Driver Inattention/Distraction,4436821,29.8,22.0,35.0,35.0,0.0,14.0,63,31.0,55.8,341,Rain: Moderate,1,1,
52684,2021-07-09 17:00:00,40.80951,-73.94556,1,0,Unspecified,4436716,29.8,22.0,35.0,35.0,0.0,14.0,63,31.0,55.8,341,Rain: Moderate,1,1,
52685,2021-06-01 07:00:00,40.703163,-73.81662,0,0,Unspecified,4436935,23.5,9.7,0.0,0.0,0.0,0.0,3,17.6,32.0,221,Overcast,0,0,
52686,2021-07-08 21:30:00,40.75898,-73.99595,0,0,Failure to Yield Right-of-Way,4436897,28.3,21.3,15.2,15.2,0.0,12.0,63,16.9,48.2,125,Rain: Moderate,0,0,
52687,2021-07-12 11:25:00,40.68039,-73.94956,1,0,Driver Inattention/Distraction,4436538,28.6,22.0,9.7,9.7,0.0,12.0,63,12.0,31.7,107,Rain: Moderate,1,1,
52688,2021-07-12 09:45:00,40.682888,-74.0004,0,0,Passing Too Closely,4436190,28.6,22.0,9.7,9.7,0.0,12.0,63,12.0,31.7,107,Rain: Moderate,0,0,
52689,2021-07-12 12:25:00,40.872494,-73.88147,0,0,Traffic Control Disregarded,4436214,28.6,22.0,9.7,9.7,0.0,12.0,63,12.0,31.7,107,Rain: Moderate,0,0,
52690,2021-07-12 12:20:00,40.70318,-73.86058,1,0,Driver Inattention/Distraction,4436475,28.6,22.0,9.7,9.7,0.0,12.0,63,12.0,31.7,107,Rain: Moderate,1,1,
52691,2021-07-12 11:19:00,40.738842,-73.81404,2,0,Following Too Closely,4436236,28.6,22.0,9.7,9.7,0.0,12.0,63,12.0,31.7,107,Rain: Moderate,2,2,
52692,2021-07-12 02:22:00,40.84506,-73.916855,2,0,Brakes Defective,4436525,28.6,22.0,9.7,9.7,0.0,12.0,63,12.0,31.7,107,Rain: Moderate,2,2,
52693,2021-06-26 16:30:00,40.646706,-73.970955,0,0,Unspecified,4436862,26.5,18.6,1.3,1.3,0.0,8.0,51,23.7,52.9,181,Drizzle: Light,0,0,
52694,2021-07-12 08:00:00,40.762764,-73.79706,0,0,Unspecified,4436308,28.6,22.0,9.7,9.7,0.0,12.0,63,12.0,31.7,107,Rain: Moderate,0,0,
52695,2021-07-12 19:52:00,40.590107,-73.814095,1,0,Turning Improperly,4436596,28.6,22.0,9.7,9.7,0.0,12.0,63,12.0,31.7,107,Rain: Moderate,1,1,
52696,2021-07-07 17:45:00,40.750916,-73.87317,1,0,Driver Inattention/Distraction,4436893,31.4,22.2,1.4,1.4,0.0,6.0,53,17.4,37.8,213,Drizzle: Moderate,1,1,
52697,2021-07-12 07:50:00,40.632042,-74.13293,0,0,Driver Inattention/Distraction,4436104,28.6,22.0,9.7,9.7,0.0,12.0,63,12.0,31.7,107,Rain: Moderate,0,0,
52698,2021-07-12 12:57:00,40.813385,-73.94511,0,0,Other Vehicular,4436483,28.6,22.0,9.7,9.7,0.0,12.0,63,12.0,31.7,107,Rain: Moderate,0,0,
52699,2021-07-12 18:47:00,40.861103,-73.89173,1,0,Following Too Closely,4436573,28.6,22.0,9.7,9.7,0.0,12.0,63,12.0,31.7,107,Rain: Moderate,1,1,
52700,2021-07-12 11:30:00,40.72469,-73.7541,0,0,Unspecified,4436147,28.6,22.0,9.7,9.7,0.0,12.0,63,12.0,31.7,107,Rain: Moderate,0,0,
52701,2021-07-12 00:45:00,40.785595,-73.856895,1,0,Failure to Yield Right-of-Way,4436234,28.6,22.0,9.7,9.7,0.0,12.0,63,12.0,31.7,107,Rain: Moderate,1,1,
52702,2021-07-06 20:30:00,40.679207,-73.91647,0,0,Driver Inattention/Distraction,4436877,33.6,21.9,2.1,2.1,0.0,4.0,61,21.8,49.7,231,Rain: Light,0,0,
52703,2021-07-10 00:00:00,40.75564,-73.86697,1,0,Driver Inattention/Distraction,4436885,25.5,20.7,0.5,0.5,0.0,3.0,51,14.5,29.9,1,Drizzle: Light,1,1,
52704,2021-07-12 18:02:00,40.617252,-74.00703,0,0,Driver Inattention/Distraction,4436291,28.6,22.0,9.7,9.7,0.0,12.0,63,12.0,31.7,107,Rain: Moderate,0,0,
52705,2021-07-12 21:01:00,40.582706,-73.95623,0,0,Backing Unsafely,4436418,28.6,22.0,9.7,9.7,0.0,12.0,63,12.0,31.7,107,Rain: Moderate,0,0,
52706,2021-06-08 00:59:00,40.678722,-73.952995,1,0,Driver Inexperience,4436867,30.1,22.0,5.9,5.9,0.0,9.0,61,16.6,34.6,215,Rain: Light,1,1,
52707,2021-07-12 17:30:00,40.812214,-73.94969,0,0,Driver Inattention/Distraction,4436713,28.6,22.0,9.7,9.7,0.0,12.0,63,12.0,31.7,107,Rain: Moderate,0,0,
52708,2021-07-12 09:00:00,40.66578,-73.91942,0,0,Unspecified,4436155,28.6,22.0,9.7,9.7,0.0,12.0,63,12.0,31.7,107,Rain: Moderate,0,0,
52709,2021-07-12 20:00:00,40.675285,-73.85249,0,0,Passing or Lane Usage Improper,4436320,28.6,22.0,9.7,9.7,0.0,12.0,63,12.0,31.7,107,Rain: Moderate,0,0,
52710,2021-07-12 01:07:00,40.84525,-73.91499,0,0,Following Too Closely,4436038,28.6,22.0,9.7,9.7,0.0,12.0,63,12.0,31.7,107,Rain: Moderate,0,0,
52711,2021-07-09 17:09:00,40.819363,-73.893074,1,0,Unspecified,4436942,29.8,22.0,35.0,35.0,0.0,14.0,63,31.0,55.8,341,Rain: Moderate,1,1,
52712,2021-07-12 13:38:00,40.71727,-73.96286,0,0,Passing or Lane Usage Improper,4436470,28.6,22.0,9.7,9.7,0.0,12.0,63,12.0,31.7,107,Rain: Moderate,0,0,
52713,2021-07-12 07:14:00,40.65123,-73.94862,0,0,Obstruction/Debris,4436256,28.6,22.0,9.7,9.7,0.0,12.0,63,12.0,31.7,107,Rain: Moderate,0,0,
52714,2021-07-11 07:30:00,40.767002,-73.932594,0,0,Unspecified,4437039,24.9,19.8,2.5,2.5,0.0,9.0,53,15.8,35.3,141,Drizzle: Moderate,0,0,
52715,2021-07-11 16:10:00,40.80165,-73.95679,0,0,Aggressive Driving/Road Rage,4436765,24.9,19.8,2.5,2.5,0.0,9.0,53,15.8,35.3,141,Drizzle: Moderate,0,0,
52716,2021-07-12 10:15:00,40.868282,-73.90108,1,0,Failure to Yield Right-of-Way,4436597,28.6,22.0,9.7,9.7,0.0,12.0,63,12.0,31.7,107,Rain: Moderate,1,1,
52717,2021-07-12 13:40:00,40.7756,-73.956345,1,0,Traffic Control Disregarded,4436356,28.6,22.0,9.7,9.7,0.0,12.0,63,12.0,31.7,107,Rain: Moderate,1,1,
52718,2021-07-12 07:45:00,40.713318,-73.82859,0,0,Unspecified,4436511,28.6,22.0,9.7,9.7,0.0,12.0,63,12.0,31.7,107,Rain: Moderate,0,0,
52719,2021-07-12 08:00:00,40.649044,-73.93206,0,0,Unspecified,4436617,28.6,22.0,9.7,9.7,0.0,12.0,63,12.0,31.7,107,Rain: Moderate,0,0,
52720,2021-07-12 23:10:00,40.678066,-73.92085,0,0,Driver Inattention/Distraction,4436560,28.6,22.0,9.7,9.7,0.0,12.0,63,12.0,31.7,107,Rain: Moderate,0,0,
52721,2021-07-12 10:00:00,40.59146,-73.97042,0,0,Unspecified,4436413,28.6,22.0,9.7,9.7,0.0,12.0,63,12.0,31.7,107,Rain: Moderate,0,0,
52722,2021-07-11 16:08:00,40.628876,-73.98043,1,0,Unspecified,4436740,24.9,19.8,2.5,2.5,0.0,9.0,53,15.8,35.3,141,Drizzle: Moderate,1,1,
52723,2021-07-12 13:43:00,40.87993,-73.89786,1,0,Driver Inattention/Distraction,4436854,28.6,22.0,9.7,9.7,0.0,12.0,63,12.0,31.7,107,Rain: Moderate,1,1,
52724,2021-07-12 22:10:00,40.73011,-73.86509,1,0,Failure to Yield Right-of-Way,4436343,28.6,22.0,9.7,9.7,0.0,12.0,63,12.0,31.7,107,Rain: Moderate,1,1,
52725,2021-07-06 15:00:00,40.801697,-73.95103,0,0,Unspecified,4436759,33.6,21.9,2.1,2.1,0.0,4.0,61,21.8,49.7,231,Rain: Light,0,0,
52726,2021-07-12 04:30:00,40.643894,-73.96873,0,0,Obstruction/Debris,4435970,28.6,22.0,9.7,9.7,0.0,12.0,63,12.0,31.7,107,Rain: Moderate,0,0,
52727,2021-07-12 10:00:00,40.896423,-73.86291,0,0,Driver Inattention/Distraction,4436789,28.6,22.0,9.7,9.7,0.0,12.0,63,12.0,31.7,107,Rain: Moderate,0,0,
52728,2021-07-05 23:30:00,40.63893,-74.121666,0,0,Unspecified,4436961,26.4,17.3,0.7,0.7,0.0,2.0,53,18.8,34.6,142,Drizzle: Moderate,0,0,
52729,2021-07-12 13:05:00,40.762745,-73.83329,4,0,Passing or Lane Usage Improper,4436228,28.6,22.0,9.7,9.7,0.0,12.0,63,12.0,31.7,107,Rain: Moderate,4,4,
52730,2021-07-12 18:15:00,0.0,0.0,1,0,Driver Inattention/Distraction,4436389,28.6,22.0,9.7,9.7,0.0,12.0,63,12.0,31.7,107,Rain: Moderate,1,1,
52731,2021-07-10 17:45:00,40.76663,-73.88903,1,0,Unsafe Lane Changing,4436903,25.5,20.7,0.5,0.5,0.0,3.0,51,14.5,29.9,1,Drizzle: Light,1,1,
52732,2021-06-29 08:00:00,40.88111,-73.903984,0,0,Unspecified,4436851,33.4,24.0,0.7,0.7,0.0,4.0,51,19.5,40.0,231,Drizzle: Light,0,0,
52733,2021-07-12 17:50:00,40.6915,-73.90956,0,0,Outside Car Distraction,4436720,28.6,22.0,9.7,9.7,0.0,12.0,63,12.0,31.7,107,Rain: Moderate,0,0,
52734,2021-06-29 14:45:00,40.795383,-73.92994,0,0,Reaction to Uninvolved Vehicle,4432314,33.4,24.0,0.7,0.7,0.0,4.0,51,19.5,40.0,231,Drizzle: Light,0,0,
52735,2021-07-12 13:07:00,40.725792,-74.01103,1,0,Failure to Yield Right-of-Way,4436397,28.6,22.0,9.7,9.7,0.0,12.0,63,12.0,31.7,107,Rain: Moderate,1,1,
52736,2021-07-08 12:30:00,40.72007,-73.98744,0,0,Unspecified,4436983,28.3,21.3,15.2,15.2,0.0,12.0,63,16.9,48.2,125,Rain: Moderate,0,0,
52737,2021-07-12 16:30:00,40.82952,-73.92498,0,0,Other Vehicular,4436730,28.6,22.0,9.7,9.7,0.0,12.0,63,12.0,31.7,107,Rain: Moderate,0,0,
52738,2021-07-12 17:10:00,40.72247,-73.987144,0,0,Driver Inattention/Distraction,4436312,28.6,22.0,9.7,9.7,0.0,12.0,63,12.0,31.7,107,Rain: Moderate,0,0,
52739,2021-07-09 00:00:00,40.8283,-73.88296,1,0,Unspecified,4436770,29.8,22.0,35.0,35.0,0.0,14.0,63,31.0,55.8,341,Rain: Moderate,1,1,
52740,2021-07-08 09:26:00,40.71952,-73.96044,1,0,Failure to Yield Right-of-Way,4436803,28.3,21.3,15.2,15.2,0.0,12.0,63,16.9,48.2,125,Rain: Moderate,1,1,
52741,2021-07-12 18:42:00,40.666294,-73.89445,0,0,Unspecified,4436497,28.6,22.0,9.7,9.7,0.0,12.0,63,12.0,31.7,107,Rain: Moderate,0,0,
52742,2021-07-12 18:09:00,40.84787,-73.93641,1,0,Failure to Yield Right-of-Way,4436691,28.6,22.0,9.7,9.7,0.0,12.0,63,12.0,31.7,107,Rain: Moderate,1,1,
52743,2021-07-12 11:17:00,40.762005,-73.98262,0,0,Driver Inattention/Distraction,4436406,28.6,22.0,9.7,9.7,0.0,12.0,63,12.0,31.7,107,Rain: Moderate,0,0,