,CRASH DATETIME,LATITUDE,LONGITUDE,NUMBER OF PERSONS INJURED,NUMBER OF PERSONS KILLED,CONTRIBUTING FACTOR VEHICLE 1,COLLISION_ID,temperature_2m_max,temperature_2m_min,precipitation_sum,rain_sum,snowfall_sum,precipitation_hours,weather_code,wind_speed_10m_max,wind_gusts_10m_max,wind_direction_10m_dominant,Weather Description,Severity_Score,Total_Affected_Persons,Weather_Category
52744,2021-07-12 23:10:00,40.626022,-73.94675,0,0,Passing or Lane Usage Improper,4437017,28.6,22.0,9.7,9.7,0.0,12.0,63,12.0,31.7,107,Rain: Moderate,0,0,
52745,2021-07-12 12:40:00,40.87932,-73.869804,0,0,Driver Inexperience,4436437,28.6,22.0,9.7,9.7,0.0,12.0,63,12.0,31.7,107,Rain: Moderate,0,0,
52746,2021-07-09 13:00:00,40.690422,-73.85738,0,0,Passing Too Closely,4436861,29.8,22.0,35.0,35.0,0.0,14.0,63,31.0,55.8,341,Rain: Moderate,0,0,
52747,2021-07-11 19:50:00,40.625698,-73.99466,1,0,Driver Inattention/Distraction,4436748,24.9,19.8,2.5,2.5,0.0,9.0,53,15.8,35.3,141,Drizzle: Moderate,1,1,
52748,2021-06-13 22:20:00,40.75092,-73.86224,0,0,Driver Inattention/Distraction,4436919,23.9,15.0,0.2,0.2,0.0,2.0,51,17.7,35.6,185,Drizzle: Light,0,0,
52749,2021-07-12 17:36:00,40.669754,-73.904,0,0,Passing or Lane Usage Improper,4436452,28.6,22.0,9.7,9.7,0.0,12.0,63,12.0,31.7,107,Rain: Moderate,0,0,
52750,2021-07-10 18:00:00,40.74505,-73.99497,0,0,Driver Inattention/Distraction,4436898,25.5,20.7,0.5,0.5,0.0,3.0,51,14.5,29.9,1,Drizzle: Light,0,0,
52751,2021-07-12 07:01:00,40.887978,-73.83444,0,0,Unsafe Speed,4436755,28.6,22.0,9.7,9.7,0.0,12.0,63,12.0,31.7,107,Rain: Moderate,0,0,
52752,2021-07-12 00:07:00,40.817257,-73.92222,2,0,Unspecified,4435939,28.6,22.0,9.7,9.7,0.0,12.0,63,12.0,31.7,107,Rain: Moderate,2,2,
52753,2021-07-11 23:00:00,40.783245,-73.94473,1,0,Other Vehicular,4436822,24.9,19.8,2.5,2.5,0.0,9.0,53,15.8,35.3,141,Drizzle: Moderate,1,1,
52754,2021-06-01 08:40:00,40.81656,-73.948265,0,0,Other Vehicular,4436776,23.5,9.7,0.0,0.0,0.0,0.0,3,17.6,32.0,221,Overcast,0,0,
52755,2021-07-12 20:30:00,40.800583,-73.960075,0,0,Other Electronic Device,4436540,28.6,22.0,9.7,9.7,0.0,12.0,63,12.0,31.7,107,Rain: Moderate,0,0,
52756,2021-07-12 12:43:00,40.692005,-73.98111,1,0,Traffic Control Disregarded,4436222,28.6,22.0,9.7,9.7,0.0,12.0,63,12.0,31.7,107,Rain: Moderate,1,1,
52757,2021-07-12 15:03:00,40.843365,-73.91545,0,0,Following Too Closely,4436526,28.6,22.0,9.7,9.7,0.0,12.0,63,12.0,31.7,107,Rain: Moderate,0,0,
52758,2021-07-09 11:05:00,40.61537,-74.01147,1,0,Driver Inattention/Distraction,4436808,29.8,22.0,35.0,35.0,0.0,14.0,63,31.0,55.8,341,Rain: Moderate,1,1,
52759,2021-07-11 06:40:00,40.7266,-73.93066,0,0,Driver Inattention/Distraction,4436724,24.9,19.8,2.5,2.5,0.0,9.0,53,15.8,35.3,141,Drizzle: Moderate,0,0,
52760,2021-07-12 10:35:00,40.713634,-73.99535,0,0,Passenger Distraction,4436411,28.6,22.0,9.7,9.7,0.0,12.0,63,12.0,31.7,107,Rain: Moderate,0,0,
52761,2021-06-13 14:30:00,40.698254,-73.90878,5,0,Driver Inattention/Distraction,4437056,23.9,15.0,0.2,0.2,0.0,2.0,51,17.7,35.6,185,Drizzle: Light,5,5,
52762,2021-07-12 09:30:00,40.70927,-73.797325,0,0,Driver Inattention/Distraction,4436430,28.6,22.0,9.7,9.7,0.0,12.0,63,12.0,31.7,107,Rain: Moderate,0,0,
52763,2021-07-12 17:41:00,40.887882,-73.8774,1,0,Following Too Closely,4436674,28.6,22.0,9.7,9.7,0.0,12.0,63,12.0,31.7,107,Rain: Moderate,1,1,
52764,2021-07-12 18:36:00,40.722576,-73.94049,0,0,Tire Failure/Inadequate,4436471,28.6,22.0,9.7,9.7,0.0,12.0,63,12.0,31.7,107,Rain: Moderate,0,0,
52765,2021-07-12 14:45:00,40.641533,-74.01045,2,0,Driver Inattention/Distraction,4436251,28.6,22.0,9.7,9.7,0.0,12.0,63,12.0,31.7,107,Rain: Moderate,2,2,
52766,2021-07-12 16:30:00,40.744717,-73.86786,0,0,Following Too Closely,4436307,28.6,22.0,9.7,9.7,0.0,12.0,63,12.0,31.7,107,Rain: Moderate,0,0,
52767,2021-07-07 20:30:00,40.752655,-73.89526,1,0,Driver Inattention/Distraction,4436892,31.4,22.2,1.4,1.4,0.0,6.0,53,17.4,37.8,213,Drizzle: Moderate,1,1,
52768,2021-07-12 08:25:00,40.68787,-73.79747,0,0,Unsafe Speed,4436115,28.6,22.0,9.7,9.7,0.0,12.0,63,12.0,31.7,107,Rain: Moderate,0,0,
52769,2021-06-17 23:00:00,40.68029,-73.94774,1,0,Driver Inattention/Distraction,4436868,23.9,12.1,0.0,0.0,0.0,0.0,3,13.4,27.4,311,Overcast,1,1,
52770,2021-07-12 09:12:00,40.826626,-73.939156,1,0,Driver Inattention/Distraction,4436487,28.6,22.0,9.7,9.7,0.0,12.0,63,12.0,31.7,107,Rain: Moderate,1,1,
52771,2021-07-12 13:00:00,40.64475,-73.955246,0,0,Unspecified,4436382,28.6,22.0,9.7,9.7,0.0,12.0,63,12.0,31.7,107,Rain: Moderate,0,0,
52772,2021-07-09 10:45:00,40.827583,-73.84085,0,0,Unspecified,4437011,29.8,22.0,35.0,35.0,0.0,14.0,63,31.0,55.8,341,Rain: Moderate,0,0,
52773,2021-07-08 09:00:00,40.743332,-74.00859,1,0,Backing Unsafely,4436817,28.3,21.3,15.2,15.2,0.0,12.0,63,16.9,48.2,125,Rain: Moderate,1,1,
52774,2021-07-12 05:23:00,40.649216,-73.94459,1,0,Traffic Control Disregarded,4436929,28.6,22.0,9.7,9.7,0.0,12.0,63,12.0,31.7,107,Rain: Moderate,1,1,
52775,2021-07-12 00:15:00,40.72075,-73.98804,0,0,Unspecified,4436263,28.6,22.0,9.7,9.7,0.0,12.0,63,12.0,31.7,107,Rain: Moderate,0,0,
52776,2021-10-26 08:04:00,40.83778,-73.94403,0,0,Following Too Closely,4471102,16.9,13.8,84.5,84.5,0.0,17.0,65,28.7,53.6,87,Rain: Heavy,0,0,
52777,2021-07-12 18:35:00,40.78363,-73.94353,0,0,Unsafe Lane Changing,4436583,28.6,22.0,9.7,9.7,0.0,12.0,63,12.0,31.7,107,Rain: Moderate,0,0,
52778,2021-07-12 17:30:00,40.634254,-74.081764,0,0,Brakes Defective,4436600,28.6,22.0,9.7,9.7,0.0,12.0,63,12.0,31.7,107,Rain: Moderate,0,0,
52779,2021-07-05 17:05:00,40.585346,-73.98754,0,0,Driver Inattention/Distraction,4437018,26.4,17.3,0.7,0.7,0.0,2.0,53,18.8,34.6,142,Drizzle: Moderate,0,0,
52780,2021-07-12 09:40:00,40.839485,-73.85842,1,0,Fell Asleep,4436086,28.6,22.0,9.7,9.7,0.0,12.0,63,12.0,31.7,107,Rain: Moderate,1,1,
52781,2021-07-12 02:00:00,40.87461,-73.85531,0,0,Unsafe Speed,4436434,28.6,22.0,9.7,9.7,0.0,12.0,63,12.0,31.7,107,Rain: Moderate,0,0,
52782,2021-07-11 21:04:00,40.757305,-73.939255,1,0,Unspecified,4437042,24.9,19.8,2.5,2.5,0.0,9.0,53,15.8,35.3,141,Drizzle: Moderate,1,1,
52783,2021-07-12 12:55:00,40.740852,-73.985886,0,0,Unspecified,4436176,28.6,22.0,9.7,9.7,0.0,12.0,63,12.0,31.7,107,Rain: Moderate,0,0,
52784,2021-07-08 21:25:00,40.635365,-73.92571,1,0,Following Too Closely,4437040,28.3,21.3,15.2,15.2,0.0,12.0,63,16.9,48.2,125,Rain: Moderate,1,1,
52785,2021-07-12 17:40:00,40.666706,-73.871826,0,0,Driver Inattention/Distraction,4436496,28.6,22.0,9.7,9.7,0.0,12.0,63,12.0,31.7,107,Rain: Moderate,0,0,
52786,2021-07-12 04:55:00,40.86463,-73.892136,1,0,Unspecified,4436037,28.6,22.0,9.7,9.7,0.0,12.0,63,12.0,31.7,107,Rain: Moderate,1,1,
52787,2021-07-12 15:45:00,40.73965,-73.89258,1,0,Unsafe Speed,4436325,28.6,22.0,9.7,9.7,0.0,12.0,63,12.0,31.7,107,Rain: Moderate,1,1,
52788,2021-07-12 09:25:00,40.82386,-73.89828,0,0,Unspecified,4436570,28.6,22.0,9.7,9.7,0.0,12.0,63,12.0,31.7,107,Rain: Moderate,0,0,
52789,2021-06-10 09:00:00,40.70654,-73.95041,0,0,Unspecified,4436947,26.7,16.8,0.0,0.0,0.0,0.0,3,20.9,40.3,78,Overcast,0,0,
52790,2021-07-12 12:35:00,40.7452,-73.89111,0,0,Passing Too Closely,4436233,28.6,22.0,9.7,9.7,0.0,12.0,63,12.0,31.7,107,Rain: Moderate,0,0,
52791,2021-07-11 02:21:00,40.86769,-73.92122,2,0,Unsafe Speed,4436800,24.9,19.8,2.5,2.5,0.0,9.0,53,15.8,35.3,141,Drizzle: Moderate,2,2,
52792,2021-07-07 16:40:00,40.806778,-73.943115,0,0,Backing Unsafely,4436760,31.4,22.2,1.4,1.4,0.0,6.0,53,17.4,37.8,213,Drizzle: Moderate,0,0,
52793,2021-07-12 14:35:00,40.63515,-74.14068,1,0,Failure to Yield Right-of-Way,4436392,28.6,22.0,9.7,9.7,0.0,12.0,63,12.0,31.7,107,Rain: Moderate,1,1,
52794,2021-07-12 23:30:00,40.878643,-73.871605,3,0,Unspecified,4436357,28.6,22.0,9.7,9.7,0.0,12.0,63,12.0,31.7,107,Rain: Moderate,3,3,
52795,2021-07-12 14:50:00,40.849285,-73.93894,1,0,Following Too Closely,4436710,28.6,22.0,9.7,9.7,0.0,12.0,63,12.0,31.7,107,Rain: Moderate,1,1,
52796,2021-07-09 14:30:00,40.722744,-73.981316,0,0,Other Vehicular,4436737,29.8,22.0,35.0,35.0,0.0,14.0,63,31.0,55.8,341,Rain: Moderate,0,0,
52797,2021-07-12 12:20:00,40.71843,-74.000534,1,0,Turning Improperly,4436401,28.6,22.0,9.7,9.7,0.0,12.0,63,12.0,31.7,107,Rain: Moderate,1,1,
52798,2021-07-10 21:05:00,40.634045,-74.08828,1,0,Brakes Defective,4436965,25.5,20.7,0.5,0.5,0.0,3.0,51,14.5,29.9,1,Drizzle: Light,1,1,
52799,2021-07-12 10:00:00,0.0,0.0,0,0,Unspecified,4436230,28.6,22.0,9.7,9.7,0.0,12.0,63,12.0,31.7,107,Rain: Moderate,0,0,
52800,2021-07-10 02:50:00,40.76485,-73.88612,0,0,Pavement Slippery,4436916,25.5,20.7,0.5,0.5,0.0,3.0,51,14.5,29.9,1,Drizzle: Light,0,0,
52801,2021-07-12 23:45:00,40.66937,-73.89523,1,0,Traffic Control Disregarded,4436502,28.6,22.0,9.7,9.7,0.0,12.0,63,12.0,31.7,107,Rain: Moderate,1,1,
52802,2021-07-12 05:00:00,40.655884,-73.942406,0,0,Driver Inattention/Distraction,4436616,28.6,22.0,9.7,9.7,0.0,12.0,63,12.0,31.7,107,Rain: Moderate,0,0,
52803,2021-07-12 17:15:00,40.88368,-73.893135,1,0,Pedestrian/Bicyclist/Other Pedestrian Error/Confusion,4436277,28.6,22.0,9.7,9.7,0.0,12.0,63,12.0,31.7,107,Rain: Moderate,1,1,
52804,2021-07-12 22:00:00,40.696198,-73.935425,0,0,Unspecified,4436559,28.6,22.0,9.7,9.7,0.0,12.0,63,12.0,31.7,107,Rain: Moderate,0,0,
52805,2021-07-12 18:45:00,40.559643,-74.16232,0,0,Unspecified,4436458,28.6,22.0,9.7,9.7,0.0,12.0,63,12.0,31.7,107,Rain: Moderate,0,0,
52806,2021-07-12 10:00:00,40.71753,-73.7389,0,0,Illnes,4436148,28.6,22.0,9.7,9.7,0.0,12.0,63,12.0,31.7,107,Rain: Moderate,0,0,
52807,2021-07-12 02:00:00,40.84442,-73.8984,2,0,Following Too Closely,4435971,28.6,22.0,9.7,9.7,0.0,12.0,63,12.0,31.7,107,Rain: Moderate,2,2,
52808,2021-07-12 11:10:00,40.77375,-73.90736,0,0,Driver Inattention/Distraction,4436334,28.6,22.0,9.7,9.7,0.0,12.0,63,12.0,31.7,107,Rain: Moderate,0,0,
52809,2021-07-04 20:20:00,40.751686,-73.85551,0,0,Driver Inattention/Distraction,4436884,24.6,15.8,1.4,1.4,0.0,12.0,51,11.8,27.0,299,Drizzle: Light,0,0,
52810,2021-07-12 01:50:00,40.634434,-74.0388,0,0,Pedestrian/Bicyclist/Other Pedestrian Error/Confusion,4436419,28.6,22.0,9.7,9.7,0.0,12.0,63,12.0,31.7,107,Rain: Moderate,0,0,
52811,2021-07-12 16:40:00,40.66323,-73.93161,2,0,Following Too Closely,4436283,28.6,22.0,9.7,9.7,0.0,12.0,63,12.0,31.7,107,Rain: Moderate,2,2,
52812,2021-07-10 23:00:00,40.79806,-73.95201,0,0,Unspecified,4436764,25.5,20.7,0.5,0.5,0.0,3.0,51,14.5,29.9,1,Drizzle: Light,0,0,
52813,2021-06-28 15:05:00,40.795383,-73.92994,0,0,Driver Inattention/Distraction,4436790,32.3,22.9,0.0,0.0,0.0,0.0,3,20.0,37.8,212,Overcast,0,0,
52814,2021-07-12 13:41:00,40.70025,-73.93774,0,0,Backing Unsafely,4436719,28.6,22.0,9.7,9.7,0.0,12.0,63,12.0,31.7,107,Rain: Moderate,0,0,
52815,2021-06-06 14:45:00,40.819782,-73.884995,0,0,Backing Unsafely,4436852,31.0,20.0,0.0,0.0,0.0,0.0,1,16.6,32.4,222,Mainly clear,0,0,Sunny/Clear Conditions
52816,2021-07-12 07:30:00,40.687553,-73.980385,0,0,Passing or Lane Usage Improper,4436348,28.6,22.0,9.7,9.7,0.0,12.0,63,12.0,31.7,107,Rain: Moderate,0,0,
52817,2021-07-08 19:20:00,40.635788,-73.975784,1,0,Driver Inexperience,4436731,28.3,21.3,15.2,15.2,0.0,12.0,63,16.9,48.2,125,Rain: Moderate,1,1,
52818,2021-07-05 17:05:00,40.68689,-73.91858,0,0,Passenger Distraction,4436880,26.4,17.3,0.7,0.7,0.0,2.0,53,18.8,34.6,142,Drizzle: Moderate,0,0,
52819,2021-07-12 18:15:00,40.830658,-73.93517,0,0,Other Vehicular,4436490,28.6,22.0,9.7,9.7,0.0,12.0,63,12.0,31.7,107,Rain: Moderate,0,0,
52820,2021-07-10 21:15:00,40.760155,-73.9988,2,0,Traffic Control Disregarded,4436899,25.5,20.7,0.5,0.5,0.0,3.0,51,14.5,29.9,1,Drizzle: Light,2,2,
52821,2021-06-27 20:50:00,40.742493,-73.87337,1,0,Driver Inattention/Distraction,4436955,29.2,22.2,0.5,0.5,0.0,4.0,51,19.6,45.4,196,Drizzle: Light,1,1,
52822,2021-07-12 12:27:00,40.59087,-73.801285,0,0,Passing Too Closely,4436224,28.6,22.0,9.7,9.7,0.0,12.0,63,12.0,31.7,107,Rain: Moderate,0,0,
52823,2021-06-08 16:14:00,40.784943,-73.946594,0,0,Pedestrian/Bicyclist/Other Pedestrian Error/Confusion,4436816,30.1,22.0,5.9,5.9,0.0,9.0,61,16.6,34.6,215,Rain: Light,0,0,
52824,2021-10-26 09:25:00,40.66661,-73.876144,1,0,Traffic Control Disregarded,4471392,16.9,13.8,84.5,84.5,0.0,17.0,65,28.7,53.6,87,Rain: Heavy,1,1,
52825,2021-07-12 19:40:00,40.85025,-73.8449,0,0,Unspecified,4436472,28.6,22.0,9.7,9.7,0.0,12.0,63,12.0,31.7,107,Rain: Moderate,0,0,
52826,2021-07-12 11:30:00,40.71664,-73.97561,0,0,Passing or Lane Usage Improper,4436267,28.6,22.0,9.7,9.7,0.0,12.0,63,12.0,31.7,107,Rain: Moderate,0,0,
52827,2021-07-12 21:10:00,40.659855,-73.92009,1,0,Driver Inattention/Distraction,4436623,28.6,22.0,9.7,9.7,0.0,12.0,63,12.0,31.7,107,Rain: Moderate,1,1,
52828,2021-07-12 16:00:00,40.683743,-73.99524,0,0,Unspecified,4436602,28.6,22.0,9.7,9.7,0.0,12.0,63,12.0,31.7,107,Rain: Moderate,0,0,
52829,2021-07-12 00:00:00,40.653004,-74.012856,0,0,Alcohol Involvement,4436116,28.6,22.0,9.7,9.7,0.0,12.0,63,12.0,31.7,107,Rain: Moderate,0,0,
52830,2021-07-12 05:43:00,40.813095,-73.89827,0,0,Unspecified,4436853,28.6,22.0,9.7,9.7,0.0,12.0,63,12.0,31.7,107,Rain: Moderate,0,0,
52831,2021-07-11 01:13:00,40.758648,-73.89162,0,0,Driver Inattention/Distraction,4436918,24.9,19.8,2.5,2.5,0.0,9.0,53,15.8,35.3,141,Drizzle: Moderate,0,0,
52832,2021-07-11 00:00:00,40.72697,-73.94706,0,0,Alcohol Involvement,4436726,24.9,19.8,2.5,2.5,0.0,9.0,53,15.8,35.3,141,Drizzle: Moderate,0,0,
52833,2021-07-11 08:00:00,40.85025,-73.828636,0,0,Unspecified,4437010,24.9,19.8,2.5,2.5,0.0,9.0,53,15.8,35.3,141,Drizzle: Moderate,0,0,
52834,2021-07-12 00:41:00,40.740643,-73.97581,0,0,Unspecified,4436405,28.6,22.0,9.7,9.7,0.0,12.0,63,12.0,31.7,107,Rain: Moderate,0,0,
52835,2021-07-12 12:35:00,40.827675,-73.87609,0,0,Unspecified,4436769,28.6,22.0,9.7,9.7,0.0,12.0,63,12.0,31.7,107,Rain: Moderate,0,0,
52836,2021-06-01 09:00:00,40.823856,-73.9403,0,0,Other Vehicular,4436777,23.5,9.7,0.0,0.0,0.0,0.0,3,17.6,32.0,221,Overcast,0,0,
52837,2021-07-12 00:00:00,40.811638,-73.9316,0,0,Reaction to Uninvolved Vehicle,4435952,28.6,22.0,9.7,9.7,0.0,12.0,63,12.0,31.7,107,Rain: Moderate,0,0,
52838,2021-06-21 15:30:00,40.762257,-73.89134,1,0,Unspecified,4436891,28.0,21.7,0.5,0.5,0.0,2.0,51,24.4,46.8,181,Drizzle: Light,1,1,
52839,2021-07-12 20:35:00,40.80446,-73.93765,0,0,Driver Inattention/Distraction,4436433,28.6,22.0,9.7,9.7,0.0,12.0,63,12.0,31.7,107,Rain: Moderate,0,0,
52840,2021-07-12 03:00:00,40.682938,-73.91053,0,0,Other Vehicular,4436453,28.6,22.0,9.7,9.7,0.0,12.0,63,12.0,31.7,107,Rain: Moderate,0,0,
52841,2021-07-12 18:00:00,40.753456,-73.941414,0,0,Driver Inattention/Distraction,4437050,28.6,22.0,9.7,9.7,0.0,12.0,63,12.0,31.7,107,Rain: Moderate,0,0,
52842,2021-07-06 15:00:00,40.82422,-73.9409,0,0,Unspecified,4436826,33.6,21.9,2.1,2.1,0.0,4.0,61,21.8,49.7,231,Rain: Light,0,0,
52843,2021-07-12 10:30:00,40.642906,-73.9901,0,0,Driver Inattention/Distraction,4436339,28.6,22.0,9.7,9.7,0.0,12.0,63,12.0,31.7,107,Rain: Moderate,0,0,
52844,2021-07-12 13:11:00,40.85018,-73.91059,1,0,Driver Inattention/Distraction,4436682,28.6,22.0,9.7,9.7,0.0,12.0,63,12.0,31.7,107,Rain: Moderate,1,1,
52845,2021-07-12 23:00:00,40.84869,-73.90329,0,0,Unspecified,4436380,28.6,22.0,9.7,9.7,0.0,12.0,63,12.0,31.7,107,Rain: Moderate,0,0,
52846,2021-07-09 10:00:00,40.697903,-73.9468,0,0,Backing Unsafely,4436869,29.8,22.0,35.0,35.0,0.0,14.0,63,31.0,55.8,341,Rain: Moderate,0,0,
52847,2021-06-27 15:00:00,40.76543,-73.91358,0,0,Passing Too Closely,4437027,29.2,22.2,0.5,0.5,0.0,4.0,51,19.6,45.4,196,Drizzle: Light,0,0,
52848,2021-07-12 12:00:00,40.69939,-73.91938,1,0,Passing Too Closely,4436440,28.6,22.0,9.7,9.7,0.0,12.0,63,12.0,31.7,107,Rain: Moderate,1,1,
52849,2021-07-12 02:10:00,40.88305,-73.89983,0,0,Driver Inattention/Distraction,4436247,28.6,22.0,9.7,9.7,0.0,12.0,63,12.0,31.7,107,Rain: Moderate,0,0,
52850,2021-07-12 08:18:00,40.663418,-73.95865,0,0,Driver Inattention/Distraction,4436077,28.6,22.0,9.7,9.7,0.0,12.0,63,12.0,31.7,107,Rain: Moderate,0,0,
52851,2021-07-12 09:10:00,40.833183,-73.93022,0,0,Turning Improperly,4436528,28.6,22.0,9.7,9.7,0.0,12.0,63,12.0,31.7,107,Rain: Moderate,0,0,
52852,2021-07-12 18:00:00,40.853844,-73.91592,1,0,Backing Unsafely,4436697,28.6,22.0,9.7,9.7,0.0,12.0,63,12.0,31.7,107,Rain: Moderate,1,1,
52853,2021-07-12 18:00:00,40.76242,-73.82752,1,0,Following Too Closely,4436306,28.6,22.0,9.7,9.7,0.0,12.0,63,12.0,31.7,107,Rain: Moderate,1,1,
52854,2021-07-12 19:44:00,40.791904,-73.94151,0,0,Failure to Yield Right-of-Way,4436586,28.6,22.0,9.7,9.7,0.0,12.0,63,12.0,31.7,107,Rain: Moderate,0,0,
52855,2021-07-12 11:03:00,40.872112,-73.88786,1,0,Failure to Yield Right-of-Way,4436365,28.6,22.0,9.7,9.7,0.0,12.0,63,12.0,31.7,107,Rain: Moderate,1,1,
52856,2021-07-12 17:07:00,40.757355,-73.97832,0,0,Unspecified,4436409,28.6,22.0,9.7,9.7,0.0,12.0,63,12.0,31.7,107,Rain: Moderate,0,0,
52857,2021-07-05 22:11:00,40.804585,-73.94782,0,0,Unsafe Lane Changing,4436756,26.4,17.3,0.7,0.7,0.0,2.0,53,18.8,34.6,142,Drizzle: Moderate,0,0,
52858,2021-06-28 20:21:00,40.761993,-73.942474,1,0,Driver Inattention/Distraction,4437041,32.3,22.9,0.0,0.0,0.0,0.0,3,20.0,37.8,212,Overcast,1,1,
52859,2021-07-12 03:05:00,40.705826,-73.79397,1,0,Pavement Slippery,4436429,28.6,22.0,9.7,9.7,0.0,12.0,63,12.0,31.7,107,Rain: Moderate,1,1,
52860,2021-07-12 07:48:00,40.69613,-73.987114,1,0,Following Too Closely,4436349,28.6,22.0,9.7,9.7,0.0,12.0,63,12.0,31.7,107,Rain: Moderate,1,1,
52861,2021-07-08 14:30:00,40.661606,-73.92066,1,0,Unspecified,4436928,28.3,21.3,15.2,15.2,0.0,12.0,63,16.9,48.2,125,Rain: Moderate,1,1,
52862,2021-07-12 19:00:00,40.83774,-73.91739,0,0,Driver Inattention/Distraction,4436732,28.6,22.0,9.7,9.7,0.0,12.0,63,12.0,31.7,107,Rain: Moderate,0,0,
52863,2021-07-12 18:46:00,40.689552,-73.79546,0,0,Pedestrian/Bicyclist/Other Pedestrian Error/Confusion,4436747,28.6,22.0,9.7,9.7,0.0,12.0,63,12.0,31.7,107,Rain: Moderate,0,0,
52864,2021-07-08 07:20:00,40.807087,-73.94178,1,0,Passing or Lane Usage Improper,4436761,28.3,21.3,15.2,15.2,0.0,12.0,63,16.9,48.2,125,Rain: Moderate,1,1,
52865,2021-07-12 16:30:00,40.580616,-74.152534,0,0,Driver Inattention/Distraction,4436393,28.6,22.0,9.7,9.7,0.0,12.0,63,12.0,31.7,107,Rain: Moderate,0,0,
52866,2021-10-26 09:20:00,40.765266,-73.81517,0,0,Passing or Lane Usage Improper,4471136,16.9,13.8,84.5,84.5,0.0,17.0,65,28.7,53.6,87,Rain: Heavy,0,0,
52867,2021-10-26 20:07:00,40.587124,-73.94421,1,0,Driver Inexperience,4471259,16.9,13.8,84.5,84.5,0.0,17.0,65,28.7,53.6,87,Rain: Heavy,1,1,
52868,2021-10-25 17:00:00,40.63904,-73.991516,1,0,Unspecified,4471689,22.8,13.5,10.7,10.7,0.0,8.0,63,18.9,33.5,172,Rain: Moderate,1,1,
52869,2021-10-26 09:30:00,40.76164,-73.86723,0,0,Unspecified,4471740,16.9,13.8,84.5,84.5,0.0,17.0,65,28.7,53.6,87,Rain: Heavy,0,0,
52870,2021-10-26 21:15:00,40.67557,-73.80372,0,0,Driver Inattention/Distraction,4471491,16.9,13.8,84.5,84.5,0.0,17.0,65,28.7,53.6,87,Rain: Heavy,0,0,
52871,2021-10-26 15:21:00,40.614006,-74.032646,2,0,Unspecified,4471223,16.9,13.8,84.5,84.5,0.0,17.0,65,28.7,53.6,87,Rain: Heavy,2,2,
52872,2021-10-26 07:00:00,40.783245,-73.94473,0,0,Passing or Lane Usage Improper,4471268,16.9,13.8,84.5,84.5,0.0,17.0,65,28.7,53.6,87,Rain: Heavy,0,0,
52873,2021-09-27 22:24:00,40.83553,-73.86317,2,0,Unsafe Lane Changing,4471802,25.9,14.6,0.0,0.0,0.0,0.0,3,24.1,45.0,233,Overcast,2,2,
52874,2021-10-25 08:50:00,40.642685,-73.99122,0,0,Unspecified,4471682,22.8,13.5,10.7,10.7,0.0,8.0,63,18.9,33.5,172,Rain: Moderate,0,0,
52875,2021-10-26 00:15:00,40.84588,-73.904755,0,0,Backing Unsafely,4471008,16.9,13.8,84.5,84.5,0.0,17.0,65,28.7,53.6,87,Rain: Heavy,0,0,
52876,2021-10-26 19:45:00,40.895447,-73.88002,0,0,Unsafe Speed,4471459,16.9,13.8,84.5,84.5,0.0,17.0,65,28.7,53.6,87,Rain: Heavy,0,0,
52877,2021-10-26 11:47:00,40.826275,-73.85971,2,0,Unspecified,4471202,16.9,13.8,84.5,84.5,0.0,17.0,65,28.7,53.6,87,Rain: Heavy,2,2,
52878,2021-10-26 17:21:00,40.67046,-73.88788,1,0,Driver Inattention/Distraction,4471397,16.9,13.8,84.5,84.5,0.0,17.0,65,28.7,53.6,87,Rain: Heavy,1,1,
52879,2022-04-08 20:53:00,40.73596,-74.005135,0,0,Other Vehicular,4517963,16.5,7.1,5.2,5.2,0.0,4.0,63,21.3,42.8,253,Rain: Moderate,0,0,
52880,2021-10-26 17:30:00,40.680756,-73.813446,0,0,Unsafe Speed,4471283,16.9,13.8,84.5,84.5,0.0,17.0,65,28.7,53.6,87,Rain: Heavy,0,0,
52881,2021-10-26 17:00:00,40.793186,-73.94057,0,0,View Obstructed/Limited,4471306,16.9,13.8,84.5,84.5,0.0,17.0,65,28.7,53.6,87,Rain: Heavy,0,0,
52882,2021-10-26 19:20:00,40.84512,-73.90663,0,0,Reaction to Uninvolved Vehicle,4471237,16.9,13.8,84.5,84.5,0.0,17.0,65,28.7,53.6,87,Rain: Heavy,0,0,
52883,2021-10-26 16:00:00,40.673393,-73.79048,1,0,Unspecified,4471469,16.9,13.8,84.5,84.5,0.0,17.0,65,28.7,53.6,87,Rain: Heavy,1,1,
52884,2021-10-26 06:50:00,40.591022,-74.100914,0,0,Passing or Lane Usage Improper,4471588,16.9,13.8,84.5,84.5,0.0,17.0,65,28.7,53.6,87,Rain: Heavy,0,0,
52885,2021-10-26 22:35:00,40.764053,-73.96476,1,0,Driver Inattention/Distraction,4471267,16.9,13.8,84.5,84.5,0.0,17.0,65,28.7,53.6,87,Rain: Heavy,1,1,
52886,2021-10-26 21:02:00,40.637108,-73.89338,2,0,Unspecified,4471412,16.9,13.8,84.5,84.5,0.0,17.0,65,28.7,53.6,87,Rain: Heavy,2,2,