,CRASH DATETIME,LATITUDE,LONGITUDE,NUMBER OF PERSONS INJURED,NUMBER OF PERSONS KILLED,CONTRIBUTING FACTOR VEHICLE 1,COLLISION_ID,temperature_2m_max,temperature_2m_min,precipitation_sum,rain_sum,snowfall_sum,precipitation_hours,weather_code,wind_speed_10m_max,wind_gusts_10m_max,wind_direction_10m_dominant,Weather Description,Severity_Score,Total_Affected_Persons,Weather_Category
52887,2021-10-26 05:10:00,40.680016,-73.87743,0,0,Unspecified,4471062,16.9,13.8,84.5,84.5,0.0,17.0,65,28.7,53.6,87,Rain: Heavy,0,0,
52888,2021-10-26 20:50:00,40.638966,-73.94251,1,0,Failure to Yield Right-of-Way,4471313,16.9,13.8,84.5,84.5,0.0,17.0,65,28.7,53.6,87,Rain: Heavy,1,1,
52889,2021-10-26 13:20:00,40.708576,-73.7883,0,0,Unsafe Speed,4471167,16.9,13.8,84.5,84.5,0.0,17.0,65,28.7,53.6,87,Rain: Heavy,0,0,
52890,2021-10-26 22:00:00,40.752937,-73.92204,1,0,Unspecified,4471324,16.9,13.8,84.5,84.5,0.0,17.0,65,28.7,53.6,87,Rain: Heavy,1,1,
52891,2021-10-26 12:53:00,40.625546,-73.93998,0,0,Passing or Lane Usage Improper,4471233,16.9,13.8,84.5,84.5,0.0,17.0,65,28.7,53.6,87,Rain: Heavy,0,0,
52892,2021-10-26 19:35:00,40.63974,-73.94839,1,0,Backing Unsafely,4471312,16.9,13.8,84.5,84.5,0.0,17.0,65,28.7,53.6,87,Rain: Heavy,1,1,
52893,2021-10-26 07:15:00,40.8494,-73.90304,0,0,Unspecified,4471704,16.9,13.8,84.5,84.5,0.0,17.0,65,28.7,53.6,87,Rain: Heavy,0,0,
52894,2021-10-26 20:15:00,40.666573,-73.811775,1,0,Following Too Closely,4471279,16.9,13.8,84.5,84.5,0.0,17.0,65,28.7,53.6,87,Rain: Heavy,1,1,
52895,2021-10-12 15:15:00,40.77074,-73.99455,1,0,Turning Improperly,4471725,21.6,15.2,0.0,0.0,0.0,0.0,3,11.8,23.8,81,Overcast,1,1,
52896,2021-10-26 03:20:00,40.808437,-73.904724,0,0,Unspecified,4470954,16.9,13.8,84.5,84.5,0.0,17.0,65,28.7,53.6,87,Rain: Heavy,0,0,
52897,2021-10-26 15:57:00,40.783897,-73.97407,0,0,Turning Improperly,4471768,16.9,13.8,84.5,84.5,0.0,17.0,65,28.7,53.6,87,Rain: Heavy,0,0,
52898,2021-10-26 04:30:00,40.710716,-73.981544,0,0,Unspecified,4471538,16.9,13.8,84.5,84.5,0.0,17.0,65,28.7,53.6,87,Rain: Heavy,0,0,
52899,2021-10-26 07:30:00,40.660217,-73.89675,0,0,Driver Inattention/Distraction,4471393,16.9,13.8,84.5,84.5,0.0,17.0,65,28.7,53.6,87,Rain: Heavy,0,0,
52900,2021-10-26 12:32:00,40.870285,-73.87724,0,0,Unspecified,4471133,16.9,13.8,84.5,84.5,0.0,17.0,65,28.7,53.6,87,Rain: Heavy,0,0,
52901,2021-10-26 10:00:00,40.60681,-73.92934,0,0,Driver Inattention/Distraction,4471139,16.9,13.8,84.5,84.5,0.0,17.0,65,28.7,53.6,87,Rain: Heavy,0,0,
52902,2021-10-26 11:43:00,40.85713,-73.8808,1,0,Driver Inattention/Distraction,4471355,16.9,13.8,84.5,84.5,0.0,17.0,65,28.7,53.6,87,Rain: Heavy,1,1,
52903,2021-09-25 15:30:00,40.745113,-73.98067,1,0,Pedestrian/Bicyclist/Other Pedestrian Error/Confusion,4471764,22.8,14.0,0.0,0.0,0.0,0.0,3,7.9,15.8,322,Overcast,1,1,
52904,2021-10-26 10:00:00,40.690434,-73.78941,0,0,Passing or Lane Usage Improper,4471178,16.9,13.8,84.5,84.5,0.0,17.0,65,28.7,53.6,87,Rain: Heavy,0,0,
52905,2021-10-26 23:00:00,40.836555,-73.87135,0,0,Backing Unsafely,4471387,16.9,13.8,84.5,84.5,0.0,17.0,65,28.7,53.6,87,Rain: Heavy,0,0,
52906,2021-10-26 19:30:00,40.682472,-73.925995,0,0,Passing Too Closely,4471788,16.9,13.8,84.5,84.5,0.0,17.0,65,28.7,53.6,87,Rain: Heavy,0,0,
52907,2021-10-26 08:55:00,40.62913,-74.01438,1,0,Passing Too Closely,4471222,16.9,13.8,84.5,84.5,0.0,17.0,65,28.7,53.6,87,Rain: Heavy,1,1,
52908,2021-10-26 16:53:00,40.868195,-73.831505,1,0,Unspecified,4471425,16.9,13.8,84.5,84.5,0.0,17.0,65,28.7,53.6,87,Rain: Heavy,1,1,
52909,2021-10-26 04:16:00,40.842808,-73.942024,0,0,Unsafe Speed,4471089,16.9,13.8,84.5,84.5,0.0,17.0,65,28.7,53.6,87,Rain: Heavy,0,0,
52910,2021-10-26 21:52:00,40.686302,-73.793915,0,0,Following Too Closely,4471358,16.9,13.8,84.5,84.5,0.0,17.0,65,28.7,53.6,87,Rain: Heavy,0,0,
52911,2021-10-26 09:23:00,40.830826,-73.936066,0,0,Other Vehicular,4471417,16.9,13.8,84.5,84.5,0.0,17.0,65,28.7,53.6,87,Rain: Heavy,0,0,
52912,2021-10-26 14:40:00,40.733063,-73.73876,0,0,Driver Inattention/Distraction,4471465,16.9,13.8,84.5,84.5,0.0,17.0,65,28.7,53.6,87,Rain: Heavy,0,0,
52913,2021-10-26 08:11:00,40.744057,-73.88348,1,0,Failure to Yield Right-of-Way,4471107,16.9,13.8,84.5,84.5,0.0,17.0,65,28.7,53.6,87,Rain: Heavy,1,1,
52914,2021-10-26 11:50:00,40.735115,-73.87524,0,0,Brakes Defective,4471173,16.9,13.8,84.5,84.5,0.0,17.0,65,28.7,53.6,87,Rain: Heavy,0,0,
52915,2021-10-26 13:53:00,40.729343,-74.00366,0,0,Following Too Closely,4471811,16.9,13.8,84.5,84.5,0.0,17.0,65,28.7,53.6,87,Rain: Heavy,0,0,
52916,2021-10-26 15:20:00,40.73032,-74.00469,1,0,Turning Improperly,4471818,16.9,13.8,84.5,84.5,0.0,17.0,65,28.7,53.6,87,Rain: Heavy,1,1,
52917,2021-10-26 07:29:00,40.619576,-74.00461,1,0,Unsafe Speed,4471216,16.9,13.8,84.5,84.5,0.0,17.0,65,28.7,53.6,87,Rain: Heavy,1,1,
52918,2021-10-26 00:00:00,40.64596,-73.92976,1,0,Driver Inattention/Distraction,4471298,16.9,13.8,84.5,84.5,0.0,17.0,65,28.7,53.6,87,Rain: Heavy,1,1,
52919,2021-10-26 18:00:00,40.695713,-73.79819,0,0,Passing Too Closely,4471532,16.9,13.8,84.5,84.5,0.0,17.0,65,28.7,53.6,87,Rain: Heavy,0,0,
52920,2021-10-22 17:13:00,40.579212,-73.976265,0,0,Reaction to Uninvolved Vehicle,4471756,20.3,14.4,0.0,0.0,0.0,0.0,3,18.1,31.3,267,Overcast,0,0,
52921,2021-10-26 18:31:00,40.817795,-73.89319,0,0,Unspecified,4471231,16.9,13.8,84.5,84.5,0.0,17.0,65,28.7,53.6,87,Rain: Heavy,0,0,
52922,2021-10-26 06:39:00,40.68574,-73.97803,2,0,Other Vehicular,4471034,16.9,13.8,84.5,84.5,0.0,17.0,65,28.7,53.6,87,Rain: Heavy,2,2,
52923,2021-10-26 08:08:00,40.69637,-73.99725,0,0,Passing or Lane Usage Improper,4471203,16.9,13.8,84.5,84.5,0.0,17.0,65,28.7,53.6,87,Rain: Heavy,0,0,
52924,2021-10-26 15:35:00,40.792183,-73.968025,1,0,Failure to Yield Right-of-Way,4471339,16.9,13.8,84.5,84.5,0.0,17.0,65,28.7,53.6,87,Rain: Heavy,1,1,
52925,2022-04-09 08:54:00,40.658337,-73.87759,1,0,Unspecified,4518001,13.6,5.0,4.8,4.8,0.0,12.0,55,20.1,42.8,263,Drizzle: Dense,1,1,
52926,2021-10-26 07:50:00,40.64757,-73.89856,1,0,Pavement Slippery,4471186,16.9,13.8,84.5,84.5,0.0,17.0,65,28.7,53.6,87,Rain: Heavy,1,1,
52927,2021-10-25 18:00:00,40.697918,-73.92083,0,0,Unspecified,4471700,22.8,13.5,10.7,10.7,0.0,8.0,63,18.9,33.5,172,Rain: Moderate,0,0,
52928,2021-10-26 20:45:00,40.879906,-73.83181,0,0,Unspecified,4471429,16.9,13.8,84.5,84.5,0.0,17.0,65,28.7,53.6,87,Rain: Heavy,0,0,
52929,2021-10-26 18:15:00,40.74669,-73.8532,0,0,Driver Inattention/Distraction,4471251,16.9,13.8,84.5,84.5,0.0,17.0,65,28.7,53.6,87,Rain: Heavy,0,0,
52930,2021-10-26 22:20:00,40.830112,-73.850266,0,0,Other Lighting Defects,4471385,16.9,13.8,84.5,84.5,0.0,17.0,65,28.7,53.6,87,Rain: Heavy,0,0,
52931,2021-10-26 19:45:00,40.799297,-73.94113,1,0,Reaction to Uninvolved Vehicle,4471452,16.9,13.8,84.5,84.5,0.0,17.0,65,28.7,53.6,87,Rain: Heavy,1,1,
52932,2021-10-26 11:57:00,40.58524,-74.08807,0,0,Passing or Lane Usage Improper,4471408,16.9,13.8,84.5,84.5,0.0,17.0,65,28.7,53.6,87,Rain: Heavy,0,0,
52933,2021-10-26 12:56:00,40.70321,-73.94626,0,0,Failure to Yield Right-of-Way,4471288,16.9,13.8,84.5,84.5,0.0,17.0,65,28.7,53.6,87,Rain: Heavy,0,0,
52934,2021-10-26 19:25:00,40.822716,-73.9032,0,0,Driver Inattention/Distraction,4471781,16.9,13.8,84.5,84.5,0.0,17.0,65,28.7,53.6,87,Rain: Heavy,0,0,
52935,2021-10-26 09:00:00,40.845078,-73.91111,0,0,Driver Inattention/Distraction,4471243,16.9,13.8,84.5,84.5,0.0,17.0,65,28.7,53.6,87,Rain: Heavy,0,0,
52936,2021-10-26 19:00:00,40.645123,-73.986916,0,0,Unspecified,4471690,16.9,13.8,84.5,84.5,0.0,17.0,65,28.7,53.6,87,Rain: Heavy,0,0,
52937,2021-10-26 06:40:00,40.630512,-73.957306,0,0,Driver Inexperience,4471002,16.9,13.8,84.5,84.5,0.0,17.0,65,28.7,53.6,87,Rain: Heavy,0,0,
52938,2021-10-26 15:35:00,40.765057,-73.995224,1,0,Passing or Lane Usage Improper,4471726,16.9,13.8,84.5,84.5,0.0,17.0,65,28.7,53.6,87,Rain: Heavy,1,1,
52939,2021-10-26 00:47:00,40.760136,-73.85987,2,0,Following Too Closely,4471163,16.9,13.8,84.5,84.5,0.0,17.0,65,28.7,53.6,87,Rain: Heavy,2,2,
52940,2021-10-26 08:00:00,40.767494,-73.95933,0,0,Driver Inexperience,4471269,16.9,13.8,84.5,84.5,0.0,17.0,65,28.7,53.6,87,Rain: Heavy,0,0,
52941,2021-10-26 20:45:00,40.666416,-73.738495,2,0,Failure to Yield Right-of-Way,4471881,16.9,13.8,84.5,84.5,0.0,17.0,65,28.7,53.6,87,Rain: Heavy,2,2,
52942,2021-10-26 07:41:00,40.665226,-73.92319,1,0,Pedestrian/Bicyclist/Other Pedestrian Error/Confusion,4471555,16.9,13.8,84.5,84.5,0.0,17.0,65,28.7,53.6,87,Rain: Heavy,1,1,
52943,2021-10-26 17:10:00,40.628708,-74.02134,1,0,Failure to Yield Right-of-Way,4471277,16.9,13.8,84.5,84.5,0.0,17.0,65,28.7,53.6,87,Rain: Heavy,1,1,
52944,2021-10-26 22:00:00,40.768024,-73.91912,1,0,Unspecified,4471334,16.9,13.8,84.5,84.5,0.0,17.0,65,28.7,53.6,87,Rain: Heavy,1,1,
52945,2021-10-26 21:20:00,40.664574,-73.98554,0,0,Unsafe Speed,4471594,16.9,13.8,84.5,84.5,0.0,17.0,65,28.7,53.6,87,Rain: Heavy,0,0,
52946,2021-10-26 19:10:00,40.697678,-73.916374,1,0,Pavement Slippery,4471258,16.9,13.8,84.5,84.5,0.0,17.0,65,28.7,53.6,87,Rain: Heavy,1,1,
52947,2021-10-26 19:10:00,40.706226,-73.78917,1,0,Driver Inattention/Distraction,4471224,16.9,13.8,84.5,84.5,0.0,17.0,65,28.7,53.6,87,Rain: Heavy,1,1,
52948,2021-10-26 22:00:00,40.806084,-73.85453,0,0,Unspecified,4471710,16.9,13.8,84.5,84.5,0.0,17.0,65,28.7,53.6,87,Rain: Heavy,0,0,
52949,2021-10-25 15:55:00,40.847363,-73.8579,0,0,Passing or Lane Usage Improper,4471736,22.8,13.5,10.7,10.7,0.0,8.0,63,18.9,33.5,172,Rain: Moderate,0,0,
52950,2021-10-26 18:00:00,40.65794,-73.936874,0,0,Unspecified,4471497,16.9,13.8,84.5,84.5,0.0,17.0,65,28.7,53.6,87,Rain: Heavy,0,0,
52951,2021-10-26 09:00:00,40.70889,-73.943474,0,0,Passing or Lane Usage Improper,4471282,16.9,13.8,84.5,84.5,0.0,17.0,65,28.7,53.6,87,Rain: Heavy,0,0,
52952,2021-10-26 16:45:00,40.70863,-73.958466,0,0,Other Vehicular,4471315,16.9,13.8,84.5,84.5,0.0,17.0,65,28.7,53.6,87,Rain: Heavy,0,0,
52953,2021-10-26 20:30:00,40.5715,-74.12163,2,0,Unspecified,4471896,16.9,13.8,84.5,84.5,0.0,17.0,65,28.7,53.6,87,Rain: Heavy,2,2,
52954,2021-10-26 07:12:00,40.84543,-73.91399,1,0,Failure to Yield Right-of-Way,4471328,16.9,13.8,84.5,84.5,0.0,17.0,65,28.7,53.6,87,Rain: Heavy,1,1,
52955,2021-10-26 11:30:00,40.827423,-73.836754,1,0,Driver Inattention/Distraction,4471858,16.9,13.8,84.5,84.5,0.0,17.0,65,28.7,53.6,87,Rain: Heavy,1,1,
52956,2021-10-25 14:10:00,40.621983,-73.96832,0,0,Unspecified,4471686,22.8,13.5,10.7,10.7,0.0,8.0,63,18.9,33.5,172,Rain: Moderate,0,0,
52957,2021-10-26 05:41:00,40.67267,-73.99002,0,0,Unsafe Lane Changing,4470964,16.9,13.8,84.5,84.5,0.0,17.0,65,28.7,53.6,87,Rain: Heavy,0,0,
52958,2021-10-25 00:45:00,40.8451,-73.91878,0,0,Driver Inattention/Distraction,4471769,22.8,13.5,10.7,10.7,0.0,8.0,63,18.9,33.5,172,Rain: Moderate,0,0,
52959,2021-10-26 17:53:00,40.669064,-73.86557,0,0,Other Vehicular,4471395,16.9,13.8,84.5,84.5,0.0,17.0,65,28.7,53.6,87,Rain: Heavy,0,0,
52960,2021-10-26 09:33:00,40.848263,-73.92049,0,0,Passing Too Closely,4471140,16.9,13.8,84.5,84.5,0.0,17.0,65,28.7,53.6,87,Rain: Heavy,0,0,
52961,2021-10-26 20:45:00,40.651863,-73.86536,0,0,Unsafe Speed,4471389,16.9,13.8,84.5,84.5,0.0,17.0,65,28.7,53.6,87,Rain: Heavy,0,0,
52962,2021-10-26 23:29:00,40.82902,-73.94485,0,0,Driver Inattention/Distraction,4471750,16.9,13.8,84.5,84.5,0.0,17.0,65,28.7,53.6,87,Rain: Heavy,0,0,
52963,2021-10-26 15:20:00,40.69599,-73.98322,0,0,Passing Too Closely,4471567,16.9,13.8,84.5,84.5,0.0,17.0,65,28.7,53.6,87,Rain: Heavy,0,0,
52964,2021-10-26 10:15:00,40.712963,-73.92761,0,0,Driver Inexperience,4471287,16.9,13.8,84.5,84.5,0.0,17.0,65,28.7,53.6,87,Rain: Heavy,0,0,
52965,2021-10-26 17:09:00,40.79162,-73.94885,0,0,Passing or Lane Usage Improper,4471305,16.9,13.8,84.5,84.5,0.0,17.0,65,28.7,53.6,87,Rain: Heavy,0,0,
52966,2021-10-26 19:45:00,40.88599,-73.82792,1,0,Failure to Yield Right-of-Way,4471480,16.9,13.8,84.5,84.5,0.0,17.0,65,28.7,53.6,87,Rain: Heavy,1,1,
52967,2021-10-26 13:15:00,40.60809,-74.14093,0,0,Driver Inattention/Distraction,4471181,16.9,13.8,84.5,84.5,0.0,17.0,65,28.7,53.6,87,Rain: Heavy,0,0,
52968,2021-10-26 08:41:00,40.72013,-73.79038,1,0,Failure to Yield Right-of-Way,4471221,16.9,13.8,84.5,84.5,0.0,17.0,65,28.7,53.6,87,Rain: Heavy,1,1,
52969,2021-10-26 21:25:00,40.771084,-73.908226,1,0,Unspecified,4471844,16.9,13.8,84.5,84.5,0.0,17.0,65,28.7,53.6,87,Rain: Heavy,1,1,
52970,2021-10-26 11:10:00,40.824066,-73.908714,3,0,Unspecified,4471798,16.9,13.8,84.5,84.5,0.0,17.0,65,28.7,53.6,87,Rain: Heavy,3,3,
52971,2021-10-26 21:00:00,40.723698,-74.00792,0,0,Failure to Keep Right,4471359,16.9,13.8,84.5,84.5,0.0,17.0,65,28.7,53.6,87,Rain: Heavy,0,0,
52972,2021-10-26 22:00:00,40.585056,-73.928894,0,0,Unspecified,4471262,16.9,13.8,84.5,84.5,0.0,17.0,65,28.7,53.6,87,Rain: Heavy,0,0,
52973,2021-10-26 07:30:00,40.66157,-73.91548,0,0,Backing Unsafely,4471761,16.9,13.8,84.5,84.5,0.0,17.0,65,28.7,53.6,87,Rain: Heavy,0,0,
52974,2021-10-26 18:00:00,40.746983,-73.87197,0,0,Unspecified,4471963,16.9,13.8,84.5,84.5,0.0,17.0,65,28.7,53.6,87,Rain: Heavy,0,0,
52975,2021-10-26 07:43:00,40.82364,-73.89391,0,0,Unspecified,4471188,16.9,13.8,84.5,84.5,0.0,17.0,65,28.7,53.6,87,Rain: Heavy,0,0,
52976,2021-10-26 22:00:00,40.72823,-73.83313,0,0,Pavement Slippery,4471226,16.9,13.8,84.5,84.5,0.0,17.0,65,28.7,53.6,87,Rain: Heavy,0,0,
52977,2021-10-26 17:50:00,40.669865,-73.95051,1,0,Failure to Yield Right-of-Way,4471506,16.9,13.8,84.5,84.5,0.0,17.0,65,28.7,53.6,87,Rain: Heavy,1,1,
52978,2021-10-26 09:15:00,40.88432,-73.91374,0,0,Unspecified,4471421,16.9,13.8,84.5,84.5,0.0,17.0,65,28.7,53.6,87,Rain: Heavy,0,0,
52979,2021-10-26 08:00:00,40.818012,-73.92519,0,0,Unspecified,4471086,16.9,13.8,84.5,84.5,0.0,17.0,65,28.7,53.6,87,Rain: Heavy,0,0,
52980,2021-10-26 10:24:00,40.844917,-73.926384,0,0,Failure to Yield Right-of-Way,4471311,16.9,13.8,84.5,84.5,0.0,17.0,65,28.7,53.6,87,Rain: Heavy,0,0,
52981,2021-10-26 10:56:00,40.86242,-73.89405,0,0,Other Vehicular,4471132,16.9,13.8,84.5,84.5,0.0,17.0,65,28.7,53.6,87,Rain: Heavy,0,0,
52982,2021-10-26 06:39:00,40.691765,-73.99992,0,0,Other Vehicular,4471369,16.9,13.8,84.5,84.5,0.0,17.0,65,28.7,53.6,87,Rain: Heavy,0,0,
52983,2021-10-26 01:30:00,40.75372,-73.83283,2,0,Glare,4471033,16.9,13.8,84.5,84.5,0.0,17.0,65,28.7,53.6,87,Rain: Heavy,2,2,
52984,2021-10-26 13:20:00,40.61884,-73.94222,0,0,Driver Inattention/Distraction,4471232,16.9,13.8,84.5,84.5,0.0,17.0,65,28.7,53.6,87,Rain: Heavy,0,0,
52985,2021-10-26 22:58:00,40.748466,-73.99247,1,0,Pavement Slippery,4471416,16.9,13.8,84.5,84.5,0.0,17.0,65,28.7,53.6,87,Rain: Heavy,1,1,
52986,2021-10-26 16:00:00,40.6287,-73.97423,0,0,Unspecified,4471337,16.9,13.8,84.5,84.5,0.0,17.0,65,28.7,53.6,87,Rain: Heavy,0,0,
52987,2021-10-26 10:02:00,40.749966,-73.861755,0,0,Following Too Closely,4471172,16.9,13.8,84.5,84.5,0.0,17.0,65,28.7,53.6,87,Rain: Heavy,0,0,
52988,2021-10-26 15:15:00,40.825817,-73.95302,0,0,Traffic Control Disregarded,4471734,16.9,13.8,84.5,84.5,0.0,17.0,65,28.7,53.6,87,Rain: Heavy,0,0,
52989,2021-10-26 01:55:00,40.609985,-73.96239,1,0,Unspecified,4471691,16.9,13.8,84.5,84.5,0.0,17.0,65,28.7,53.6,87,Rain: Heavy,1,1,
52990,2021-10-26 15:01:00,40.63055,-74.01526,0,0,Unspecified,4471270,16.9,13.8,84.5,84.5,0.0,17.0,65,28.7,53.6,87,Rain: Heavy,0,0,
52991,2021-10-26 20:20:00,40.72898,-73.882385,1,0,Following Too Closely,4471252,16.9,13.8,84.5,84.5,0.0,17.0,65,28.7,53.6,87,Rain: Heavy,1,1,
52992,2021-10-26 12:19:00,40.643063,-73.95166,0,0,Unspecified,4471526,16.9,13.8,84.5,84.5,0.0,17.0,65,28.7,53.6,87,Rain: Heavy,0,0,
52993,2021-10-26 21:38:00,40.725674,-74.00398,2,0,Failure to Yield Right-of-Way,4471634,16.9,13.8,84.5,84.5,0.0,17.0,65,28.7,53.6,87,Rain: Heavy,2,2,
52994,2021-10-26 03:00:00,40.83714,-73.92049,0,0,Passing Too Closely,4471278,16.9,13.8,84.5,84.5,0.0,17.0,65,28.7,53.6,87,Rain: Heavy,0,0,
52995,2021-10-26 08:50:00,40.672813,-73.74247,0,0,Driver Inattention/Distraction,4471164,16.9,13.8,84.5,84.5,0.0,17.0,65,28.7,53.6,87,Rain: Heavy,0,0,
52996,2021-10-24 22:30:00,40.682034,-74.000435,0,0,Unspecified,4471885,15.5,7.6,0.7,0.7,0.0,1.0,53,13.0,23.8,248,Drizzle: Moderate,0,0,
52997,2021-10-26 10:45:00,40.68409,-73.80169,4,0,Passing Too Closely,4471114,16.9,13.8,84.5,84.5,0.0,17.0,65,28.7,53.6,87,Rain: Heavy,4,4,
52998,2021-10-26 19:30:00,40.82933,-73.861084,1,0,Turning Improperly,4471383,16.9,13.8,84.5,84.5,0.0,17.0,65,28.7,53.6,87,Rain: Heavy,1,1,
52999,2021-10-26 17:20:00,40.77279,-73.837135,1,0,Illnes,4471204,16.9,13.8,84.5,84.5,0.0,17.0,65,28.7,53.6,87,Rain: Heavy,1,1,
53000,2021-10-26 14:55:00,40.71359,-73.92966,0,0,Oversized Vehicle,4471289,16.9,13.8,84.5,84.5,0.0,17.0,65,28.7,53.6,87,Rain: Heavy,0,0,
53001,2021-07-13 06:40:00,40.73771,-73.974266,0,0,Unspecified,4436771,25.0,20.8,2.4,2.4,0.0,12.0,53,13.0,26.3,84,Drizzle: Moderate,0,0,
53002,2021-10-26 10:40:00,40.68481,-73.99177,0,0,Driver Inattention/Distraction,4471406,16.9,13.8,84.5,84.5,0.0,17.0,65,28.7,53.6,87,Rain: Heavy,0,0,
53003,2021-10-26 20:15:00,40.75488,-73.89929,2,0,View Obstructed/Limited,4471333,16.9,13.8,84.5,84.5,0.0,17.0,65,28.7,53.6,87,Rain: Heavy,2,2,
53004,2021-10-26 09:20:00,40.737286,-73.85595,2,0,Other Vehicular,4471108,16.9,13.8,84.5,84.5,0.0,17.0,65,28.7,53.6,87,Rain: Heavy,2,2,
53005,2021-10-26 06:05:00,40.761234,-73.97944,0,0,Unspecified,4471006,16.9,13.8,84.5,84.5,0.0,17.0,65,28.7,53.6,87,Rain: Heavy,0,0,
53006,2021-10-26 00:00:00,40.64759,-74.01142,1,0,Traffic Control Disregarded,4471235,16.9,13.8,84.5,84.5,0.0,17.0,65,28.7,53.6,87,Rain: Heavy,1,1,
53007,2021-10-25 20:05:00,40.750988,-73.99063,0,0,Turning Improperly,4471817,22.8,13.5,10.7,10.7,0.0,8.0,63,18.9,33.5,172,Rain: Moderate,0,0,
53008,2021-10-26 11:30:00,40.654785,-73.92588,0,0,Unspecified,4471299,16.9,13.8,84.5,84.5,0.0,17.0,65,28.7,53.6,87,Rain: Heavy,0,0,
53009,2021-10-11 20:47:00,40.700294,-73.919655,0,0,Driver Inattention/Distraction,4471698,21.7,16.3,0.0,0.0,0.0,0.0,3,25.7,49.7,41,Overcast,0,0,
53010,2021-10-26 11:08:00,40.7546,-73.97562,0,0,Passing or Lane Usage Improper,4471727,16.9,13.8,84.5,84.5,0.0,17.0,65,28.7,53.6,87,Rain: Heavy,0,0,
53011,2021-10-26 08:00:00,40.678574,-73.916306,1,0,Traffic Control Disregarded,4471554,16.9,13.8,84.5,84.5,0.0,17.0,65,28.7,53.6,87,Rain: Heavy,1,1,
53012,2021-10-25 16:30:00,40.830803,-73.89974,0,0,Failure to Yield Right-of-Way,4471779,22.8,13.5,10.7,10.7,0.0,8.0,63,18.9,33.5,172,Rain: Moderate,0,0,
53013,2021-10-26 22:24:00,40.66552,-73.74467,0,0,Following Too Closely,4471244,16.9,13.8,84.5,84.5,0.0,17.0,65,28.7,53.6,87,Rain: Heavy,0,0,
53014,2021-10-26 00:00:00,40.71406,-73.95292,0,0,Driver Inattention/Distraction,4471603,16.9,13.8,84.5,84.5,0.0,17.0,65,28.7,53.6,87,Rain: Heavy,0,0,
53015,2021-10-26 22:30:00,40.75355,-73.98505,1,0,Failure to Yield Right-of-Way,4471362,16.9,13.8,84.5,84.5,0.0,17.0,65,28.7,53.6,87,Rain: Heavy,1,1,
53016,2021-10-25 20:15:00,40.849403,-73.871445,0,0,Unsafe Speed,4471861,22.8,13.5,10.7,10.7,0.0,8.0,63,18.9,33.5,172,Rain: Moderate,0,0,
53017,2021-10-26 04:20:00,40.72539,-73.896614,0,0,Pavement Slippery,4471146,16.9,13.8,84.5,84.5,0.0,17.0,65,28.7,53.6,87,Rain: Heavy,0,0,
53018,2021-10-26 14:59:00,40.657036,-73.89383,2,0,Traffic Control Disregarded,4471396,16.9,13.8,84.5,84.5,0.0,17.0,65,28.7,53.6,87,Rain: Heavy,2,2,
53019,2021-10-26 13:30:00,40.827682,-73.922165,1,0,Driver Inattention/Distraction,4471760,16.9,13.8,84.5,84.5,0.0,17.0,65,28.7,53.6,87,Rain: Heavy,1,1,
53020,2021-10-26 00:00:00,40.845966,-73.89224,1,0,Following Too Closely,4471350,16.9,13.8,84.5,84.5,0.0,17.0,65,28.7,53.6,87,Rain: Heavy,1,1,
53021,2021-10-26 08:25:00,40.6227,-73.93694,0,0,Following Too Closely,4471131,16.9,13.8,84.5,84.5,0.0,17.0,65,28.7,53.6,87,Rain: Heavy,0,0,
53022,2021-10-26 16:30:00,40.587147,-74.15391,2,0,Failure to Yield Right-of-Way,4471194,16.9,13.8,84.5,84.5,0.0,17.0,65,28.7,53.6,87,Rain: Heavy,2,2,
53023,2021-10-26 07:40:00,40.660725,-73.91819,0,0,Driver Inattention/Distraction,4471464,16.9,13.8,84.5,84.5,0.0,17.0,65,28.7,53.6,87,Rain: Heavy,0,0,
53024,2021-10-26 00:21:00,40.730038,-73.926796,3,0,Driver Inexperience,4471446,16.9,13.8,84.5,84.5,0.0,17.0,65,28.7,53.6,87,Rain: Heavy,3,3,
53025,2021-10-26 07:55:00,40.562267,-74.17349,0,0,Pavement Slippery,4471092,16.9,13.8,84.5,84.5,0.0,17.0,65,28.7,53.6,87,Rain: Heavy,0,0,
53026,2021-10-23 02:15:00,40.666386,-73.80178,0,0,Unsafe Speed,4471780,15.9,10.4,0.2,0.2,0.0,2.0,51,14.4,26.6,326,Drizzle: Light,0,0,
53027,2021-10-25 19:00:00,40.720615,-73.84211,1,0,Failure to Yield Right-of-Way,4471893,22.8,13.5,10.7,10.7,0.0,8.0,63,18.9,33.5,172,Rain: Moderate,1,1,
53028,2021-10-26 08:00:00,40.664272,-73.767555,0,0,Passing Too Closely,4471574,16.9,13.8,84.5,84.5,0.0,17.0,65,28.7,53.6,87,Rain: Heavy,0,0,
53029,2021-10-26 06:45:00,40.700424,-73.9444,1,0,Driver Inattention/Distraction,4471281,16.9,13.8,84.5,84.5,0.0,17.0,65,28.7,53.6,87,Rain: Heavy,1,1,
53030,2021-10-26 14:23:00,40.757004,-73.92611,0,0,Passing or Lane Usage Improper,4471720,16.9,13.8,84.5,84.5,0.0,17.0,65,28.7,53.6,87,Rain: Heavy,0,0,
53031,2021-10-26 04:59:00,40.822445,-73.885666,0,0,View Obstructed/Limited,4470972,16.9,13.8,84.5,84.5,0.0,17.0,65,28.7,53.6,87,Rain: Heavy,0,0,