,CRASH DATETIME,LATITUDE,LONGITUDE,NUMBER OF PERSONS INJURED,NUMBER OF PERSONS KILLED,CONTRIBUTING FACTOR VEHICLE 1,COLLISION_ID,temperature_2m_max,temperature_2m_min,precipitation_sum,rain_sum,snowfall_sum,precipitation_hours,weather_code,wind_speed_10m_max,wind_gusts_10m_max,wind_direction_10m_dominant,Weather Description,Severity_Score,Total_Affected_Persons,Weather_Category
53032,2021-10-26 21:00:00,40.711643,-73.94392,1,0,Failure to Yield Right-of-Way,4471310,16.9,13.8,84.5,84.5,0.0,17.0,65,28.7,53.6,87,Rain: Heavy,1,1,
53033,2021-10-26 16:30:00,40.75863,-73.92701,0,0,Unspecified,4471329,16.9,13.8,84.5,84.5,0.0,17.0,65,28.7,53.6,87,Rain: Heavy,0,0,
53034,2021-10-23 15:33:00,40.78542,-73.98399,0,0,Driver Inattention/Distraction,4471770,15.9,10.4,0.2,0.2,0.0,2.0,51,14.4,26.6,326,Drizzle: Light,0,0,
53035,2021-10-26 22:00:00,40.6488,-74.01343,1,0,Unspecified,4471239,16.9,13.8,84.5,84.5,0.0,17.0,65,28.7,53.6,87,Rain: Heavy,1,1,
53036,2021-10-26 18:25:00,40.87756,-73.840706,0,0,Aggressive Driving/Road Rage,4471486,16.9,13.8,84.5,84.5,0.0,17.0,65,28.7,53.6,87,Rain: Heavy,0,0,
53037,2021-10-26 11:45:00,40.602467,-73.96638,0,0,Unspecified,4471261,16.9,13.8,84.5,84.5,0.0,17.0,65,28.7,53.6,87,Rain: Heavy,0,0,
53038,2021-09-27 16:21:00,40.828285,-73.87132,1,0,Unspecified,4471800,25.9,14.6,0.0,0.0,0.0,0.0,3,24.1,45.0,233,Overcast,1,1,
53039,2021-10-26 20:23:00,40.71271,-73.96056,0,0,Traffic Control Disregarded,4471317,16.9,13.8,84.5,84.5,0.0,17.0,65,28.7,53.6,87,Rain: Heavy,0,0,
53040,2021-10-26 08:05:00,40.72179,-73.99986,0,0,Other Vehicular,4471180,16.9,13.8,84.5,84.5,0.0,17.0,65,28.7,53.6,87,Rain: Heavy,0,0,
53041,2021-10-26 06:22:00,40.62877,-73.91825,1,0,Failure to Yield Right-of-Way,4471081,16.9,13.8,84.5,84.5,0.0,17.0,65,28.7,53.6,87,Rain: Heavy,1,1,
53042,2021-10-26 22:54:00,40.65822,-73.89146,1,0,Pavement Slippery,4471390,16.9,13.8,84.5,84.5,0.0,17.0,65,28.7,53.6,87,Rain: Heavy,1,1,
53043,2021-10-26 08:20:00,40.76967,-73.738556,0,0,Driver Inexperience,4471508,16.9,13.8,84.5,84.5,0.0,17.0,65,28.7,53.6,87,Rain: Heavy,0,0,
53044,2021-10-26 16:20:00,40.669098,-73.93666,0,0,Following Too Closely,4471227,16.9,13.8,84.5,84.5,0.0,17.0,65,28.7,53.6,87,Rain: Heavy,0,0,
53045,2021-10-26 20:39:00,40.62104,-73.9995,1,0,Driver Inattention/Distraction,4471220,16.9,13.8,84.5,84.5,0.0,17.0,65,28.7,53.6,87,Rain: Heavy,1,1,
53046,2021-10-26 10:01:00,40.81914,-73.93719,0,0,Unspecified,4471422,16.9,13.8,84.5,84.5,0.0,17.0,65,28.7,53.6,87,Rain: Heavy,0,0,
53047,2021-10-26 16:18:00,40.69467,-73.93115,0,0,Backing Unsafely,4471257,16.9,13.8,84.5,84.5,0.0,17.0,65,28.7,53.6,87,Rain: Heavy,0,0,
53048,2021-10-26 06:53:00,40.825413,-73.923485,1,0,Failure to Yield Right-of-Way,4471286,16.9,13.8,84.5,84.5,0.0,17.0,65,28.7,53.6,87,Rain: Heavy,1,1,
53049,2021-10-26 20:03:00,40.80114,-73.93769,1,0,Turning Improperly,4471744,16.9,13.8,84.5,84.5,0.0,17.0,65,28.7,53.6,87,Rain: Heavy,1,1,
53050,2021-10-25 09:03:00,40.643723,-74.000465,0,0,Unspecified,4471687,22.8,13.5,10.7,10.7,0.0,8.0,63,18.9,33.5,172,Rain: Moderate,0,0,
53051,2021-10-26 16:25:00,40.648674,-73.95228,0,0,Unspecified,4471304,16.9,13.8,84.5,84.5,0.0,17.0,65,28.7,53.6,87,Rain: Heavy,0,0,
53052,2021-10-26 20:00:00,40.665676,-73.7483,1,0,Unsafe Lane Changing,4471245,16.9,13.8,84.5,84.5,0.0,17.0,65,28.7,53.6,87,Rain: Heavy,1,1,
53053,2021-10-21 09:00:00,40.682777,-73.98242,0,0,Traffic Control Disregarded,4471923,22.9,12.0,0.0,0.0,0.0,0.0,3,17.0,31.7,207,Overcast,0,0,
53054,2021-10-26 19:00:00,40.70601,-73.935486,0,0,Passing or Lane Usage Improper,4471614,16.9,13.8,84.5,84.5,0.0,17.0,65,28.7,53.6,87,Rain: Heavy,0,0,
53055,2021-10-26 22:58:00,40.843994,-73.89752,1,0,Tire Failure/Inadequate,4471673,16.9,13.8,84.5,84.5,0.0,17.0,65,28.7,53.6,87,Rain: Heavy,1,1,
53056,2021-10-26 00:56:00,40.609554,-73.96631,0,0,Unspecified,4471692,16.9,13.8,84.5,84.5,0.0,17.0,65,28.7,53.6,87,Rain: Heavy,0,0,
53057,2021-10-26 09:30:00,40.771385,-73.95648,0,0,Driver Inattention/Distraction,4471272,16.9,13.8,84.5,84.5,0.0,17.0,65,28.7,53.6,87,Rain: Heavy,0,0,
53058,2022-01-17 16:48:00,40.73912,-73.87989,0,0,Unspecified,4495438,9.7,0.4,33.6,32.8,0.56,12.0,73,54.1,99.7,183,Snow fall: Moderate,0,0,Snowy Conditions
53059,2022-01-17 14:05:00,40.705425,-73.78258,1,0,Driver Inattention/Distraction,4495366,9.7,0.4,33.6,32.8,0.56,12.0,73,54.1,99.7,183,Snow fall: Moderate,1,1,Snowy Conditions
53060,2022-01-16 17:22:00,40.726154,-73.78494,1,0,Driver Inattention/Distraction,4495713,1.3,-13.5,4.4,0.7,2.59,4.0,75,28.1,47.2,36,Snow fall: Heavy,1,1,Snowy Conditions
53061,2022-01-10 16:00:00,40.83923,-73.92579,0,0,Passing Too Closely,4495834,4.1,-4.3,0.0,0.0,0.0,0.0,3,24.1,44.3,295,Overcast,0,0,
53062,2022-01-17 00:15:00,40.667084,-73.78698,0,0,Passing or Lane Usage Improper,4495482,9.7,0.4,33.6,32.8,0.56,12.0,73,54.1,99.7,183,Snow fall: Moderate,0,0,Snowy Conditions
53063,2022-01-17 15:00:00,40.634354,-73.910675,0,0,Unspecified,4495598,9.7,0.4,33.6,32.8,0.56,12.0,73,54.1,99.7,183,Snow fall: Moderate,0,0,Snowy Conditions
53064,2022-01-17 14:30:00,40.870247,-73.83097,0,0,Unspecified,4495647,9.7,0.4,33.6,32.8,0.56,12.0,73,54.1,99.7,183,Snow fall: Moderate,0,0,Snowy Conditions
53065,2022-01-17 03:40:00,40.658253,-73.98465,1,0,Driver Inexperience,4495079,9.7,0.4,33.6,32.8,0.56,12.0,73,54.1,99.7,183,Snow fall: Moderate,1,1,Snowy Conditions
53066,2022-01-17 06:13:00,40.84935,-73.8712,0,0,Driver Inattention/Distraction,4495392,9.7,0.4,33.6,32.8,0.56,12.0,73,54.1,99.7,183,Snow fall: Moderate,0,0,Snowy Conditions
53067,2022-01-12 15:30:00,40.58581,-73.960335,0,0,Backing Unsafely,4495743,4.6,-7.3,0.0,0.0,0.0,0.0,3,20.5,39.2,213,Overcast,0,0,
53068,2022-01-17 13:00:00,40.618484,-73.99268,0,0,Backing Unsafely,4495265,9.7,0.4,33.6,32.8,0.56,12.0,73,54.1,99.7,183,Snow fall: Moderate,0,0,Snowy Conditions
53069,2022-01-16 20:40:00,40.5763,-73.96854,1,0,Following Too Closely,4495736,1.3,-13.5,4.4,0.7,2.59,4.0,75,28.1,47.2,36,Snow fall: Heavy,1,1,Snowy Conditions
53070,2022-01-12 11:40:00,40.815113,-73.92978,0,0,Unspecified,4495866,4.6,-7.3,0.0,0.0,0.0,0.0,3,20.5,39.2,213,Overcast,0,0,
53071,2022-01-17 21:06:00,40.865795,-73.920006,0,0,Passing Too Closely,4495503,9.7,0.4,33.6,32.8,0.56,12.0,73,54.1,99.7,183,Snow fall: Moderate,0,0,Snowy Conditions
53072,2022-01-17 16:28:00,40.876545,-73.85151,0,0,Passing or Lane Usage Improper,4495542,9.7,0.4,33.6,32.8,0.56,12.0,73,54.1,99.7,183,Snow fall: Moderate,0,0,Snowy Conditions
53073,2022-01-17 22:33:00,40.70369,-73.8569,0,0,Unspecified,4495816,9.7,0.4,33.6,32.8,0.56,12.0,73,54.1,99.7,183,Snow fall: Moderate,0,0,Snowy Conditions
53074,2022-01-16 21:40:00,40.751194,-73.98903,0,0,Backing Unsafely,4495684,1.3,-13.5,4.4,0.7,2.59,4.0,75,28.1,47.2,36,Snow fall: Heavy,0,0,Snowy Conditions
53075,2022-01-17 17:47:00,40.766853,-73.82736,1,0,Failure to Yield Right-of-Way,4495331,9.7,0.4,33.6,32.8,0.56,12.0,73,54.1,99.7,183,Snow fall: Moderate,1,1,Snowy Conditions
53076,2022-01-17 17:15:00,40.67222,-73.80637,1,0,Driver Inattention/Distraction,4495362,9.7,0.4,33.6,32.8,0.56,12.0,73,54.1,99.7,183,Snow fall: Moderate,1,1,Snowy Conditions
53077,2022-01-17 07:35:00,40.58096,-73.96466,0,0,Unspecified,4495192,9.7,0.4,33.6,32.8,0.56,12.0,73,54.1,99.7,183,Snow fall: Moderate,0,0,Snowy Conditions
53078,2022-01-17 15:00:00,40.81996,-73.810455,1,0,Unspecified,4495695,9.7,0.4,33.6,32.8,0.56,12.0,73,54.1,99.7,183,Snow fall: Moderate,1,1,Snowy Conditions
53079,2022-01-17 18:44:00,40.82803,-73.934845,2,0,Pedestrian/Bicyclist/Other Pedestrian Error/Confusion,4495446,9.7,0.4,33.6,32.8,0.56,12.0,73,54.1,99.7,183,Snow fall: Moderate,2,2,Snowy Conditions
53080,2022-01-17 16:05:00,40.66329,-73.95093,1,0,Driver Inattention/Distraction,4495334,9.7,0.4,33.6,32.8,0.56,12.0,73,54.1,99.7,183,Snow fall: Moderate,1,1,Snowy Conditions
53081,2022-01-17 21:45:00,40.707466,-73.7887,1,0,Driver Inattention/Distraction,4495367,9.7,0.4,33.6,32.8,0.56,12.0,73,54.1,99.7,183,Snow fall: Moderate,1,1,Snowy Conditions
53082,2022-01-16 11:35:00,40.834415,-73.92854,1,0,Obstruction/Debris,4495836,1.3,-13.5,4.4,0.7,2.59,4.0,75,28.1,47.2,36,Snow fall: Heavy,1,1,Snowy Conditions
53083,2022-01-15 08:40:00,40.644306,-74.01804,1,0,Driver Inattention/Distraction,4495757,-5.3,-11.1,0.0,0.0,0.0,0.0,3,22.4,46.1,345,Overcast,1,1,
53084,2022-01-16 20:00:00,40.691998,-73.83269,0,0,Passing Too Closely,4495769,1.3,-13.5,4.4,0.7,2.59,4.0,75,28.1,47.2,36,Snow fall: Heavy,0,0,Snowy Conditions
53085,2022-01-17 08:15:00,40.62199,-74.02581,0,0,Unspecified,4495177,9.7,0.4,33.6,32.8,0.56,12.0,73,54.1,99.7,183,Snow fall: Moderate,0,0,Snowy Conditions
53086,2022-01-17 19:00:00,40.89521,-73.860245,1,0,Unspecified,4495579,9.7,0.4,33.6,32.8,0.56,12.0,73,54.1,99.7,183,Snow fall: Moderate,1,1,Snowy Conditions
53087,2022-01-17 10:18:00,40.747448,-73.94146,0,0,Unspecified,4495259,9.7,0.4,33.6,32.8,0.56,12.0,73,54.1,99.7,183,Snow fall: Moderate,0,0,Snowy Conditions
53088,2022-01-13 15:50:00,40.71612,-73.98365,0,0,Driver Inattention/Distraction,4495707,7.1,-3.7,0.0,0.0,0.0,0.0,3,9.7,18.7,193,Overcast,0,0,
53089,2022-01-17 04:58:00,40.66484,-73.82229,8,0,Pavement Slippery,4495148,9.7,0.4,33.6,32.8,0.56,12.0,73,54.1,99.7,183,Snow fall: Moderate,8,8,Snowy Conditions
53090,2022-01-17 13:30:00,40.593487,-73.94349,0,0,Unspecified,4495378,9.7,0.4,33.6,32.8,0.56,12.0,73,54.1,99.7,183,Snow fall: Moderate,0,0,Snowy Conditions
53091,2022-01-16 12:00:00,40.553547,-74.18666,0,0,Driver Inattention/Distraction,4495755,1.3,-13.5,4.4,0.7,2.59,4.0,75,28.1,47.2,36,Snow fall: Heavy,0,0,Snowy Conditions
53092,2022-01-14 19:00:00,40.575203,-74.169846,0,0,Unspecified,4495675,5.0,-5.0,0.0,0.0,0.0,0.0,3,34.6,62.6,358,Overcast,0,0,
53093,2022-01-17 01:30:00,40.714214,-73.94773,1,0,Passing Too Closely,4495312,9.7,0.4,33.6,32.8,0.56,12.0,73,54.1,99.7,183,Snow fall: Moderate,1,1,Snowy Conditions
53094,2022-01-17 14:53:00,40.85155,-73.888695,0,0,Driver Inattention/Distraction,4495470,9.7,0.4,33.6,32.8,0.56,12.0,73,54.1,99.7,183,Snow fall: Moderate,0,0,Snowy Conditions
53095,2022-01-06 17:50:00,40.639977,-73.92623,0,0,Passing Too Closely,4495846,4.1,-0.7,0.0,0.0,0.0,0.0,3,20.2,38.2,269,Overcast,0,0,
53096,2022-01-17 20:00:00,40.57969,-74.100395,0,0,Unspecified,4495478,9.7,0.4,33.6,32.8,0.56,12.0,73,54.1,99.7,183,Snow fall: Moderate,0,0,Snowy Conditions
53097,2022-01-17 03:28:00,40.86675,-73.888885,0,0,Unspecified,4495304,9.7,0.4,33.6,32.8,0.56,12.0,73,54.1,99.7,183,Snow fall: Moderate,0,0,Snowy Conditions
53098,2022-01-17 00:46:00,40.8077,-73.92955,2,0,Unspecified,4495246,9.7,0.4,33.6,32.8,0.56,12.0,73,54.1,99.7,183,Snow fall: Moderate,2,2,Snowy Conditions
53099,2022-01-12 21:36:00,40.689133,-73.82086,1,0,Traffic Control Disregarded,4495721,4.6,-7.3,0.0,0.0,0.0,0.0,3,20.5,39.2,213,Overcast,1,1,
53100,2022-01-13 17:27:00,40.647182,-73.98134,1,0,Unspecified,4495779,7.1,-3.7,0.0,0.0,0.0,0.0,3,9.7,18.7,193,Overcast,1,1,
53101,2022-01-17 07:38:00,40.719204,-73.99037,0,0,Unspecified,4495343,9.7,0.4,33.6,32.8,0.56,12.0,73,54.1,99.7,183,Snow fall: Moderate,0,0,Snowy Conditions
53102,2022-01-17 08:20:00,40.75466,-73.92799,0,0,Passing Too Closely,4495513,9.7,0.4,33.6,32.8,0.56,12.0,73,54.1,99.7,183,Snow fall: Moderate,0,0,Snowy Conditions
53103,2022-01-11 12:30:00,40.678455,-73.949684,3,0,Driver Inattention/Distraction,4495751,-4.2,-8.8,0.0,0.0,0.0,0.0,1,26.7,50.8,316,Mainly clear,3,3,Sunny/Clear Conditions
53104,2022-01-15 20:35:00,40.600807,-74.13881,0,0,Driver Inattention/Distraction,4495671,-5.3,-11.1,0.0,0.0,0.0,0.0,3,22.4,46.1,345,Overcast,0,0,
53105,2022-01-17 05:30:00,40.7011,-73.84157,0,0,Unspecified,4495232,9.7,0.4,33.6,32.8,0.56,12.0,73,54.1,99.7,183,Snow fall: Moderate,0,0,Snowy Conditions
53106,2022-01-17 02:30:00,40.789085,-73.780464,0,0,Obstruction/Debris,4495136,9.7,0.4,33.6,32.8,0.56,12.0,73,54.1,99.7,183,Snow fall: Moderate,0,0,Snowy Conditions
53107,2022-01-17 17:40:00,40.63523,-73.99549,1,0,Unspecified,4495385,9.7,0.4,33.6,32.8,0.56,12.0,73,54.1,99.7,183,Snow fall: Moderate,1,1,Snowy Conditions
53108,2022-01-17 17:37:00,40.654625,-73.94227,1,0,,4495535,9.7,0.4,33.6,32.8,0.56,12.0,73,54.1,99.7,183,Snow fall: Moderate,1,1,Snowy Conditions
53109,2022-01-17 19:50:00,40.66922,-73.801094,1,0,Driver Inattention/Distraction,4495352,9.7,0.4,33.6,32.8,0.56,12.0,73,54.1,99.7,183,Snow fall: Moderate,1,1,Snowy Conditions
53110,2022-01-17 18:30:00,40.72446,-74.00297,0,0,Unspecified,4495405,9.7,0.4,33.6,32.8,0.56,12.0,73,54.1,99.7,183,Snow fall: Moderate,0,0,Snowy Conditions
53111,2022-01-12 17:16:00,40.605408,-73.984,0,0,Driver Inattention/Distraction,4495696,4.6,-7.3,0.0,0.0,0.0,0.0,3,20.5,39.2,213,Overcast,0,0,
53112,2022-01-17 13:41:00,40.595104,-74.00091,1,0,View Obstructed/Limited,4495266,9.7,0.4,33.6,32.8,0.56,12.0,73,54.1,99.7,183,Snow fall: Moderate,1,1,Snowy Conditions
53113,2022-01-17 17:50:00,40.64495,-73.9249,0,0,Unspecified,4495745,9.7,0.4,33.6,32.8,0.56,12.0,73,54.1,99.7,183,Snow fall: Moderate,0,0,Snowy Conditions
53114,2022-01-14 16:40:00,40.718792,-73.98902,1,0,Driver Inattention/Distraction,4495686,5.0,-5.0,0.0,0.0,0.0,0.0,3,34.6,62.6,358,Overcast,1,1,
53115,2022-01-17 11:43:00,40.74061,-73.71246,1,0,Traffic Control Disregarded,4495256,9.7,0.4,33.6,32.8,0.56,12.0,73,54.1,99.7,183,Snow fall: Moderate,1,1,Snowy Conditions
53116,2022-01-17 14:00:00,40.666836,-73.7421,0,0,Driver Inattention/Distraction,4495335,9.7,0.4,33.6,32.8,0.56,12.0,73,54.1,99.7,183,Snow fall: Moderate,0,0,Snowy Conditions
53117,2022-01-11 14:03:00,40.893764,-73.852646,0,0,Driver Inattention/Distraction,4495806,-4.2,-8.8,0.0,0.0,0.0,0.0,1,26.7,50.8,316,Mainly clear,0,0,Sunny/Clear Conditions
53118,2022-01-15 12:30:00,40.712055,-73.75319,0,0,Driver Inattention/Distraction,4495771,-5.3,-11.1,0.0,0.0,0.0,0.0,3,22.4,46.1,345,Overcast,0,0,
53119,2022-01-17 08:00:00,40.653683,-73.93255,0,0,Traffic Control Disregarded,4495201,9.7,0.4,33.6,32.8,0.56,12.0,73,54.1,99.7,183,Snow fall: Moderate,0,0,Snowy Conditions
53120,2022-01-16 18:25:00,40.72634,-73.76508,3,0,Unspecified,4495871,1.3,-13.5,4.4,0.7,2.59,4.0,75,28.1,47.2,36,Snow fall: Heavy,3,3,Snowy Conditions
53121,2022-01-17 19:47:00,40.799473,-73.96751,0,0,Passing or Lane Usage Improper,4495481,9.7,0.4,33.6,32.8,0.56,12.0,73,54.1,99.7,183,Snow fall: Moderate,0,0,Snowy Conditions
53122,2022-01-17 07:55:00,40.611477,-73.94883,0,1,Failure to Yield Right-of-Way,4495574,9.7,0.4,33.6,32.8,0.56,12.0,73,54.1,99.7,183,Snow fall: Moderate,20,1,Snowy Conditions
53123,2022-01-17 02:00:00,40.721413,-73.94475,0,0,Unspecified,4495656,9.7,0.4,33.6,32.8,0.56,12.0,73,54.1,99.7,183,Snow fall: Moderate,0,0,Snowy Conditions
53124,2022-01-17 18:06:00,40.684082,-73.90864,0,0,Passing or Lane Usage Improper,4495391,9.7,0.4,33.6,32.8,0.56,12.0,73,54.1,99.7,183,Snow fall: Moderate,0,0,Snowy Conditions
53125,2022-04-09 03:00:00,40.671864,-73.87834,0,0,Driver Inattention/Distraction,4517982,13.6,5.0,4.8,4.8,0.0,12.0,55,20.1,42.8,263,Drizzle: Dense,0,0,
53126,2022-01-17 03:30:00,40.620872,-73.964455,0,0,Alcohol Involvement,4495444,9.7,0.4,33.6,32.8,0.56,12.0,73,54.1,99.7,183,Snow fall: Moderate,0,0,Snowy Conditions
53127,2022-01-17 00:30:00,40.688038,-73.98367,0,0,Other Vehicular,4495603,9.7,0.4,33.6,32.8,0.56,12.0,73,54.1,99.7,183,Snow fall: Moderate,0,0,Snowy Conditions
53128,2022-01-17 14:43:00,40.760994,-73.82443,1,0,Passing Too Closely,4495330,9.7,0.4,33.6,32.8,0.56,12.0,73,54.1,99.7,183,Snow fall: Moderate,1,1,Snowy Conditions
53129,2022-01-17 06:35:00,40.789948,-73.94293,1,0,,4495173,9.7,0.4,33.6,32.8,0.56,12.0,73,54.1,99.7,183,Snow fall: Moderate,1,1,Snowy Conditions
53130,2022-01-13 20:26:00,40.66064,-73.92615,0,0,Unspecified,4495737,7.1,-3.7,0.0,0.0,0.0,0.0,3,9.7,18.7,193,Overcast,0,0,
53131,2022-01-16 00:37:00,40.843777,-73.90947,0,0,Unsafe Speed,4495839,1.3,-13.5,4.4,0.7,2.59,4.0,75,28.1,47.2,36,Snow fall: Heavy,0,0,Snowy Conditions
53132,2022-01-17 14:30:00,40.760532,-73.95836,0,0,Driver Inattention/Distraction,4495371,9.7,0.4,33.6,32.8,0.56,12.0,73,54.1,99.7,183,Snow fall: Moderate,0,0,Snowy Conditions
53133,2022-01-17 02:44:00,40.761257,-73.97592,0,0,Steering Failure,4495360,9.7,0.4,33.6,32.8,0.56,12.0,73,54.1,99.7,183,Snow fall: Moderate,0,0,Snowy Conditions
53134,2022-01-13 22:09:00,0.0,0.0,0,0,Unspecified,4495760,7.1,-3.7,0.0,0.0,0.0,0.0,3,9.7,18.7,193,Overcast,0,0,
53135,2022-01-17 12:57:00,40.74612,-73.86824,0,0,Unspecified,4495437,9.7,0.4,33.6,32.8,0.56,12.0,73,54.1,99.7,183,Snow fall: Moderate,0,0,Snowy Conditions
53136,2021-07-02 22:46:00,40.75529,-73.90847,1,0,Traffic Control Disregarded,4435246,24.3,19.2,29.6,29.6,0.0,23.0,63,14.1,27.7,284,Rain: Moderate,1,1,
53137,2021-07-13 19:05:00,40.75005,-73.80634,1,0,Failure to Yield Right-of-Way,4436631,25.0,20.8,2.4,2.4,0.0,12.0,53,13.0,26.3,84,Drizzle: Moderate,1,1,
53138,2021-07-13 17:10:00,40.895447,-73.88002,1,0,Unspecified,4436778,25.0,20.8,2.4,2.4,0.0,12.0,53,13.0,26.3,84,Drizzle: Moderate,1,1,
53139,2021-07-13 11:24:00,40.62364,-73.92622,0,0,Driver Inattention/Distraction,4436676,25.0,20.8,2.4,2.4,0.0,12.0,53,13.0,26.3,84,Drizzle: Moderate,0,0,
53140,2021-07-11 06:22:00,40.758392,-73.89158,0,0,Unspecified,4437163,24.9,19.8,2.5,2.5,0.0,9.0,53,15.8,35.3,141,Drizzle: Moderate,0,0,
53141,2021-07-13 20:00:00,40.531563,-74.205284,2,0,Failure to Yield Right-of-Way,4437132,25.0,20.8,2.4,2.4,0.0,12.0,53,13.0,26.3,84,Drizzle: Moderate,2,2,
53142,2021-07-13 00:38:00,40.734398,-73.9223,1,0,Driver Inattention/Distraction,4436328,25.0,20.8,2.4,2.4,0.0,12.0,53,13.0,26.3,84,Drizzle: Moderate,1,1,
53143,2021-07-13 22:00:00,40.70145,-73.989624,1,0,Following Too Closely,4436656,25.0,20.8,2.4,2.4,0.0,12.0,53,13.0,26.3,84,Drizzle: Moderate,1,1,
53144,2021-07-13 16:24:00,40.61128,-73.96064,0,0,Passing Too Closely,4436875,25.0,20.8,2.4,2.4,0.0,12.0,53,13.0,26.3,84,Drizzle: Moderate,0,0,
53145,2021-07-13 09:45:00,40.68085,-73.97746,0,0,Following Too Closely,4436706,25.0,20.8,2.4,2.4,0.0,12.0,53,13.0,26.3,84,Drizzle: Moderate,0,0,
53146,2021-07-03 01:49:00,40.75967,-73.92725,0,0,Driver Inattention/Distraction,4437095,19.3,16.6,16.1,16.1,0.0,20.0,63,24.0,47.2,43,Rain: Moderate,0,0,
53147,2021-07-12 20:13:00,40.814186,-73.95087,0,0,Unspecified,4437227,28.6,22.0,9.7,9.7,0.0,12.0,63,12.0,31.7,107,Rain: Moderate,0,0,
53148,2021-07-13 06:30:00,40.62278,-74.165085,0,0,Driver Inattention/Distraction,4436425,25.0,20.8,2.4,2.4,0.0,12.0,53,13.0,26.3,84,Drizzle: Moderate,0,0,
53149,2021-07-13 05:02:00,40.832027,-73.93528,2,0,Accelerator Defective,4436714,25.0,20.8,2.4,2.4,0.0,12.0,53,13.0,26.3,84,Drizzle: Moderate,2,2,
53150,2022-04-09 18:05:00,40.85219,-73.84367,0,0,Unspecified,4517779,13.6,5.0,4.8,4.8,0.0,12.0,55,20.1,42.8,263,Drizzle: Dense,0,0,
53151,2021-07-07 23:05:00,40.755028,-73.872696,1,0,Driver Inattention/Distraction,4437197,31.4,22.2,1.4,1.4,0.0,6.0,53,17.4,37.8,213,Drizzle: Moderate,1,1,
53152,2021-07-13 17:50:00,40.76615,-73.919785,0,0,Driver Inattention/Distraction,4437046,25.0,20.8,2.4,2.4,0.0,12.0,53,13.0,26.3,84,Drizzle: Moderate,0,0,
53153,2021-07-13 10:50:00,40.66929,-73.842445,2,0,Unsafe Lane Changing,4436450,25.0,20.8,2.4,2.4,0.0,12.0,53,13.0,26.3,84,Drizzle: Moderate,2,2,
53154,2021-07-13 18:30:00,40.672455,-73.846176,0,0,Backing Unsafely,4436605,25.0,20.8,2.4,2.4,0.0,12.0,53,13.0,26.3,84,Drizzle: Moderate,0,0,
53155,2021-07-13 00:19:00,40.73482,-73.86686,1,0,Traffic Control Disregarded,4436783,25.0,20.8,2.4,2.4,0.0,12.0,53,13.0,26.3,84,Drizzle: Moderate,1,1,
53156,2021-07-13 14:06:00,40.673985,-73.86967,0,0,Unspecified,4436833,25.0,20.8,2.4,2.4,0.0,12.0,53,13.0,26.3,84,Drizzle: Moderate,0,0,
53157,2021-07-13 11:49:00,40.75458,-73.99915,0,0,Passing Too Closely,4436894,25.0,20.8,2.4,2.4,0.0,12.0,53,13.0,26.3,84,Drizzle: Moderate,0,0,
53158,2021-07-13 23:02:00,40.62204,-74.02574,0,0,Aggressive Driving/Road Rage,4436962,25.0,20.8,2.4,2.4,0.0,12.0,53,13.0,26.3,84,Drizzle: Moderate,0,0,
53159,2021-07-13 09:00:00,40.755016,-73.99809,0,0,Unspecified,4436539,25.0,20.8,2.4,2.4,0.0,12.0,53,13.0,26.3,84,Drizzle: Moderate,0,0,
53160,2021-07-13 00:58:00,40.65698,-73.88943,1,0,Unspecified,4436504,25.0,20.8,2.4,2.4,0.0,12.0,53,13.0,26.3,84,Drizzle: Moderate,1,1,
53161,2021-07-12 16:30:00,40.643143,-73.901474,1,0,Driver Inattention/Distraction,4437293,28.6,22.0,9.7,9.7,0.0,12.0,63,12.0,31.7,107,Rain: Moderate,1,1,
53162,2021-06-26 12:44:00,40.766712,-73.98289,1,0,Unspecified,4437333,26.5,18.6,1.3,1.3,0.0,8.0,51,23.7,52.9,181,Drizzle: Light,1,1,
53163,2021-07-13 10:03:00,40.89675,-73.85988,0,0,Driver Inexperience,4436530,25.0,20.8,2.4,2.4,0.0,12.0,53,13.0,26.3,84,Drizzle: Moderate,0,0,
53164,2021-07-13 09:25:00,40.735092,-73.90748,0,0,Passing Too Closely,4436505,25.0,20.8,2.4,2.4,0.0,12.0,53,13.0,26.3,84,Drizzle: Moderate,0,0,
53165,2021-07-03 11:00:00,40.76092,-73.8892,0,0,Unspecified,4437176,19.3,16.6,16.1,16.1,0.0,20.0,63,24.0,47.2,43,Rain: Moderate,0,0,
53166,2021-07-13 06:02:00,40.788532,-73.95322,0,0,Following Too Closely,4436587,25.0,20.8,2.4,2.4,0.0,12.0,53,13.0,26.3,84,Drizzle: Moderate,0,0,
53167,2021-07-13 01:19:00,40.70884,-73.93534,1,0,Other Vehicular,4436463,25.0,20.8,2.4,2.4,0.0,12.0,53,13.0,26.3,84,Drizzle: Moderate,1,1,