,CRASH DATETIME,LATITUDE,LONGITUDE,NUMBER OF PERSONS INJURED,NUMBER OF PERSONS KILLED,CONTRIBUTING FACTOR VEHICLE 1,COLLISION_ID,temperature_2m_max,temperature_2m_min,precipitation_sum,rain_sum,snowfall_sum,precipitation_hours,weather_code,wind_speed_10m_max,wind_gusts_10m_max,wind_direction_10m_dominant,Weather Description,Severity_Score,Total_Affected_Persons,Weather_Category
53168,2021-07-13 16:40:00,40.642384,-73.92539,0,0,Unspecified,4436934,25.0,20.8,2.4,2.4,0.0,12.0,53,13.0,26.3,84,Drizzle: Moderate,0,0,
53169,2021-07-13 06:56:00,40.747276,-73.989624,1,0,Unspecified,4436696,25.0,20.8,2.4,2.4,0.0,12.0,53,13.0,26.3,84,Drizzle: Moderate,1,1,
53170,2021-07-13 06:33:00,40.803753,-73.93999,1,0,Driver Inattention/Distraction,4436728,25.0,20.8,2.4,2.4,0.0,12.0,53,13.0,26.3,84,Drizzle: Moderate,1,1,
53171,2021-07-13 17:55:00,40.57545,-73.99539,1,0,Passing Too Closely,4437020,25.0,20.8,2.4,2.4,0.0,12.0,53,13.0,26.3,84,Drizzle: Moderate,1,1,
53172,2021-07-13 16:07:00,40.68086,-73.864685,0,0,Driver Inattention/Distraction,4436840,25.0,20.8,2.4,2.4,0.0,12.0,53,13.0,26.3,84,Drizzle: Moderate,0,0,
53173,2021-07-13 19:00:00,40.683823,-73.965996,0,0,Driver Inexperience,4436979,25.0,20.8,2.4,2.4,0.0,12.0,53,13.0,26.3,84,Drizzle: Moderate,0,0,
53174,2021-07-13 11:14:00,40.782097,-73.95159,1,0,Failure to Yield Right-of-Way,4436493,25.0,20.8,2.4,2.4,0.0,12.0,53,13.0,26.3,84,Drizzle: Moderate,1,1,
53175,2021-07-13 09:43:00,40.73565,-73.856155,0,0,Passing Too Closely,4436558,25.0,20.8,2.4,2.4,0.0,12.0,53,13.0,26.3,84,Drizzle: Moderate,0,0,
53176,2021-07-13 21:10:00,40.709698,-73.92161,0,0,Pavement Defective,4436662,25.0,20.8,2.4,2.4,0.0,12.0,53,13.0,26.3,84,Drizzle: Moderate,0,0,
53177,2021-07-11 16:45:00,40.69624,-73.973465,2,0,Brakes Defective,4437249,24.9,19.8,2.5,2.5,0.0,9.0,53,15.8,35.3,141,Drizzle: Moderate,2,2,
53178,2021-07-13 16:30:00,40.521072,-74.23614,1,0,Following Too Closely,4437114,25.0,20.8,2.4,2.4,0.0,12.0,53,13.0,26.3,84,Drizzle: Moderate,1,1,
53179,2021-07-07 12:00:00,40.747986,-73.91194,0,0,Unspecified,4437295,31.4,22.2,1.4,1.4,0.0,6.0,53,17.4,37.8,213,Drizzle: Moderate,0,0,
53180,2021-07-13 15:55:00,40.818798,-73.89213,0,0,Driver Inattention/Distraction,4436608,25.0,20.8,2.4,2.4,0.0,12.0,53,13.0,26.3,84,Drizzle: Moderate,0,0,
53181,2021-07-13 18:15:00,40.749462,-73.901665,0,0,Driver Inattention/Distraction,4436644,25.0,20.8,2.4,2.4,0.0,12.0,53,13.0,26.3,84,Drizzle: Moderate,0,0,
53182,2021-07-09 05:00:00,40.76989,-73.880455,0,0,Pavement Slippery,4437183,29.8,22.0,35.0,35.0,0.0,14.0,63,31.0,55.8,341,Rain: Moderate,0,0,
53183,2021-07-13 12:50:00,40.65698,-73.88943,0,0,Unsafe Lane Changing,4436509,25.0,20.8,2.4,2.4,0.0,12.0,53,13.0,26.3,84,Drizzle: Moderate,0,0,
53184,2021-06-17 14:20:00,40.683655,-73.78266,1,0,Turning Improperly,4437093,23.9,12.1,0.0,0.0,0.0,0.0,3,13.4,27.4,311,Overcast,1,1,
53185,2021-07-13 11:30:00,40.621147,-73.99515,0,0,Driver Inattention/Distraction,4436910,25.0,20.8,2.4,2.4,0.0,12.0,53,13.0,26.3,84,Drizzle: Moderate,0,0,
53186,2021-07-13 22:40:00,40.760563,-73.9177,0,0,Fell Asleep,4437071,25.0,20.8,2.4,2.4,0.0,12.0,53,13.0,26.3,84,Drizzle: Moderate,0,0,
53187,2021-07-12 19:00:00,40.664352,-73.76532,0,0,Driver Inattention/Distraction,4437168,28.6,22.0,9.7,9.7,0.0,12.0,63,12.0,31.7,107,Rain: Moderate,0,0,
53188,2021-07-13 06:40:00,40.595787,-73.76761,0,0,Following Too Closely,4436684,25.0,20.8,2.4,2.4,0.0,12.0,53,13.0,26.3,84,Drizzle: Moderate,0,0,
53189,2021-07-13 05:47:00,40.646515,-73.974655,3,0,Unspecified,4437146,25.0,20.8,2.4,2.4,0.0,12.0,53,13.0,26.3,84,Drizzle: Moderate,3,3,
53190,2021-07-13 14:00:00,40.69614,-73.92726,0,0,Failure to Yield Right-of-Way,4436718,25.0,20.8,2.4,2.4,0.0,12.0,53,13.0,26.3,84,Drizzle: Moderate,0,0,
53191,2021-07-13 16:00:00,40.689583,-73.972145,1,0,Eating or Drinking,4436651,25.0,20.8,2.4,2.4,0.0,12.0,53,13.0,26.3,84,Drizzle: Moderate,1,1,
53192,2021-07-13 08:40:00,40.71032,-73.84998,1,0,Passing or Lane Usage Improper,4436813,25.0,20.8,2.4,2.4,0.0,12.0,53,13.0,26.3,84,Drizzle: Moderate,1,1,
53193,2021-07-12 17:00:00,40.63851,-74.021225,0,0,Failure to Yield Right-of-Way,4437232,28.6,22.0,9.7,9.7,0.0,12.0,63,12.0,31.7,107,Rain: Moderate,0,0,
53194,2021-07-13 17:00:00,40.649982,-73.91183,0,0,Failure to Yield Right-of-Way,4436620,25.0,20.8,2.4,2.4,0.0,12.0,53,13.0,26.3,84,Drizzle: Moderate,0,0,
53195,2021-07-07 14:55:00,40.751602,-73.93384,2,0,Reaction to Uninvolved Vehicle,4437099,31.4,22.2,1.4,1.4,0.0,6.0,53,17.4,37.8,213,Drizzle: Moderate,2,2,
53196,2021-07-12 09:25:00,40.82532,-73.94574,0,0,Lost Consciousness,4437316,28.6,22.0,9.7,9.7,0.0,12.0,63,12.0,31.7,107,Rain: Moderate,0,0,
53197,2021-07-13 16:34:00,40.83091,-73.92047,0,0,Unsafe Speed,4436745,25.0,20.8,2.4,2.4,0.0,12.0,53,13.0,26.3,84,Drizzle: Moderate,0,0,
53198,2021-07-13 17:10:00,40.693314,-73.74009,2,0,Unspecified,4436658,25.0,20.8,2.4,2.4,0.0,12.0,53,13.0,26.3,84,Drizzle: Moderate,2,2,
53199,2021-07-13 19:20:00,40.868465,-73.82058,2,0,Unspecified,4436746,25.0,20.8,2.4,2.4,0.0,12.0,53,13.0,26.3,84,Drizzle: Moderate,2,2,
53200,2021-07-13 19:55:00,40.811478,-73.950226,1,0,Driver Inattention/Distraction,4436707,25.0,20.8,2.4,2.4,0.0,12.0,53,13.0,26.3,84,Drizzle: Moderate,1,1,
53201,2021-07-10 01:00:00,40.82929,-73.91642,0,0,Unsafe Speed,4437152,25.5,20.7,0.5,0.5,0.0,3.0,51,14.5,29.9,1,Drizzle: Light,0,0,
53202,2021-07-13 00:00:00,40.789528,-73.820435,1,0,Pavement Slippery,4436394,25.0,20.8,2.4,2.4,0.0,12.0,53,13.0,26.3,84,Drizzle: Moderate,1,1,
53203,2021-05-23 12:56:00,40.670746,-73.950424,0,0,Passing or Lane Usage Improper,4437190,31.4,19.8,0.0,0.0,0.0,0.0,3,28.5,54.4,322,Overcast,0,0,
53204,2021-07-13 16:30:00,40.610256,-74.00315,0,0,Driver Inattention/Distraction,4436638,25.0,20.8,2.4,2.4,0.0,12.0,53,13.0,26.3,84,Drizzle: Moderate,0,0,
53205,2021-07-13 09:55:00,40.763737,-73.98175,1,0,Driver Inattention/Distraction,4437061,25.0,20.8,2.4,2.4,0.0,12.0,53,13.0,26.3,84,Drizzle: Moderate,1,1,
53206,2021-07-09 11:31:00,40.779495,-73.95559,2,0,Driver Inattention/Distraction,4437312,29.8,22.0,35.0,35.0,0.0,14.0,63,31.0,55.8,341,Rain: Moderate,2,2,
53207,2021-07-10 03:59:00,40.84942,-73.91113,1,0,Unspecified,4437130,25.5,20.7,0.5,0.5,0.0,3.0,51,14.5,29.9,1,Drizzle: Light,1,1,
53208,2021-07-13 07:07:00,40.825935,-73.83637,1,0,Unspecified,4436427,25.0,20.8,2.4,2.4,0.0,12.0,53,13.0,26.3,84,Drizzle: Moderate,1,1,
53209,2021-07-11 21:19:00,40.749844,-73.883385,2,0,Driver Inattention/Distraction,4437162,24.9,19.8,2.5,2.5,0.0,9.0,53,15.8,35.3,141,Drizzle: Moderate,2,2,
53210,2021-07-13 08:55:00,40.643272,-73.94847,0,0,Driver Inattention/Distraction,4436619,25.0,20.8,2.4,2.4,0.0,12.0,53,13.0,26.3,84,Drizzle: Moderate,0,0,
53211,2021-07-13 00:01:00,40.840744,-73.94286,0,0,Driver Inattention/Distraction,4436708,25.0,20.8,2.4,2.4,0.0,12.0,53,13.0,26.3,84,Drizzle: Moderate,0,0,
53212,2021-07-13 21:45:00,40.637657,-73.89687,0,0,Unspecified,4437203,25.0,20.8,2.4,2.4,0.0,12.0,53,13.0,26.3,84,Drizzle: Moderate,0,0,
53213,2021-07-13 15:46:00,40.667915,-73.996414,1,0,Following Too Closely,4436652,25.0,20.8,2.4,2.4,0.0,12.0,53,13.0,26.3,84,Drizzle: Moderate,1,1,
53214,2021-07-13 13:22:00,40.76034,-73.90241,0,0,Passing or Lane Usage Improper,4437044,25.0,20.8,2.4,2.4,0.0,12.0,53,13.0,26.3,84,Drizzle: Moderate,0,0,
53215,2021-07-08 09:43:00,40.763874,-73.93087,1,0,Failure to Yield Right-of-Way,4437098,28.3,21.3,15.2,15.2,0.0,12.0,63,16.9,48.2,125,Rain: Moderate,1,1,
53216,2021-07-13 09:10:00,40.833736,-73.88881,0,0,Unspecified,4436677,25.0,20.8,2.4,2.4,0.0,12.0,53,13.0,26.3,84,Drizzle: Moderate,0,0,
53217,2021-07-13 22:00:00,40.838364,-73.9438,0,0,Driver Inattention/Distraction,4437335,25.0,20.8,2.4,2.4,0.0,12.0,53,13.0,26.3,84,Drizzle: Moderate,0,0,
53218,2021-06-30 20:00:00,40.7602,-73.87006,0,0,Backing Unsafely,4437181,35.2,24.9,0.1,0.1,0.0,1.0,51,20.6,37.1,246,Drizzle: Light,0,0,
53219,2021-07-13 10:23:00,40.875328,-73.869225,0,0,Driver Inattention/Distraction,4436531,25.0,20.8,2.4,2.4,0.0,12.0,53,13.0,26.3,84,Drizzle: Moderate,0,0,
53220,2021-07-13 20:40:00,40.683067,-73.87098,0,0,Failure to Yield Right-of-Way,4436843,25.0,20.8,2.4,2.4,0.0,12.0,53,13.0,26.3,84,Drizzle: Moderate,0,0,
53221,2021-07-13 07:50:00,40.62704,-73.96663,1,0,Unspecified,4437323,25.0,20.8,2.4,2.4,0.0,12.0,53,13.0,26.3,84,Drizzle: Moderate,1,1,
53222,2021-07-13 17:00:00,40.763264,-73.82796,0,0,Passing or Lane Usage Improper,4436632,25.0,20.8,2.4,2.4,0.0,12.0,53,13.0,26.3,84,Drizzle: Moderate,0,0,
53223,2021-07-13 17:30:00,40.7266,-73.789116,0,0,Driver Inattention/Distraction,4436987,25.0,20.8,2.4,2.4,0.0,12.0,53,13.0,26.3,84,Drizzle: Moderate,0,0,
53224,2021-07-02 20:48:00,40.62435,-74.13927,1,0,Failure to Yield Right-of-Way,4437215,24.3,19.2,29.6,29.6,0.0,23.0,63,14.1,27.7,284,Rain: Moderate,1,1,
53225,2021-07-13 01:30:00,40.667248,-73.88427,0,0,Driver Inattention/Distraction,4436500,25.0,20.8,2.4,2.4,0.0,12.0,53,13.0,26.3,84,Drizzle: Moderate,0,0,
53226,2021-07-13 12:30:00,40.694363,-73.958,1,0,Driver Inattention/Distraction,4436866,25.0,20.8,2.4,2.4,0.0,12.0,53,13.0,26.3,84,Drizzle: Moderate,1,1,
53227,2021-07-13 12:00:00,40.823708,-73.879,0,0,Unspecified,4436518,25.0,20.8,2.4,2.4,0.0,12.0,53,13.0,26.3,84,Drizzle: Moderate,0,0,
53228,2021-07-13 11:38:00,40.7145,-73.961296,0,0,Driver Inattention/Distraction,4436661,25.0,20.8,2.4,2.4,0.0,12.0,53,13.0,26.3,84,Drizzle: Moderate,0,0,
53229,2021-07-10 19:00:00,40.763996,-73.99601,0,0,Driver Inexperience,4437115,25.5,20.7,0.5,0.5,0.0,3.0,51,14.5,29.9,1,Drizzle: Light,0,0,
53230,2021-07-09 22:15:00,40.65965,-73.773834,1,0,Driver Inattention/Distraction,4437167,29.8,22.0,35.0,35.0,0.0,14.0,63,31.0,55.8,341,Rain: Moderate,1,1,
53231,2021-07-13 20:00:00,40.583656,-73.98656,1,0,Driver Inattention/Distraction,4437021,25.0,20.8,2.4,2.4,0.0,12.0,53,13.0,26.3,84,Drizzle: Moderate,1,1,
53232,2021-07-13 15:28:00,40.757645,-73.82266,0,0,Animals Action,4436627,25.0,20.8,2.4,2.4,0.0,12.0,53,13.0,26.3,84,Drizzle: Moderate,0,0,
53233,2021-07-13 20:48:00,40.761234,-73.96389,0,0,Failure to Yield Right-of-Way,4436669,25.0,20.8,2.4,2.4,0.0,12.0,53,13.0,26.3,84,Drizzle: Moderate,0,0,
53234,2021-07-12 14:05:00,40.689137,-73.990715,0,0,Unspecified,4437264,28.6,22.0,9.7,9.7,0.0,12.0,63,12.0,31.7,107,Rain: Moderate,0,0,
53235,2021-07-06 16:45:00,40.750164,-73.86067,0,0,Aggressive Driving/Road Rage,4437107,33.6,21.9,2.1,2.1,0.0,4.0,61,21.8,49.7,231,Rain: Light,0,0,
53236,2021-07-13 18:29:00,40.84479,-73.91587,0,0,Passing or Lane Usage Improper,4436839,25.0,20.8,2.4,2.4,0.0,12.0,53,13.0,26.3,84,Drizzle: Moderate,0,0,
53237,2021-07-13 01:35:00,40.692482,-73.9203,1,0,Driver Inattention/Distraction,4436446,25.0,20.8,2.4,2.4,0.0,12.0,53,13.0,26.3,84,Drizzle: Moderate,1,1,
53238,2021-07-13 17:30:00,40.6222,-74.07302,0,0,Unspecified,4436971,25.0,20.8,2.4,2.4,0.0,12.0,53,13.0,26.3,84,Drizzle: Moderate,0,0,
53239,2021-07-13 00:35:00,40.795536,-73.9481,1,0,Driver Inattention/Distraction,4436591,25.0,20.8,2.4,2.4,0.0,12.0,53,13.0,26.3,84,Drizzle: Moderate,1,1,
53240,2021-07-13 14:35:00,40.635246,-73.96235,0,0,Unspecified,4436874,25.0,20.8,2.4,2.4,0.0,12.0,53,13.0,26.3,84,Drizzle: Moderate,0,0,
53241,2021-07-13 11:30:00,40.73827,-73.89228,0,0,Driver Inexperience,4436781,25.0,20.8,2.4,2.4,0.0,12.0,53,13.0,26.3,84,Drizzle: Moderate,0,0,
53242,2021-07-13 15:55:00,40.846867,-73.90876,0,0,Passing or Lane Usage Improper,4436694,25.0,20.8,2.4,2.4,0.0,12.0,53,13.0,26.3,84,Drizzle: Moderate,0,0,
53243,2021-07-12 19:00:00,40.748962,-73.89176,0,0,Driver Inattention/Distraction,4437175,28.6,22.0,9.7,9.7,0.0,12.0,63,12.0,31.7,107,Rain: Moderate,0,0,
53244,2021-07-13 17:40:00,40.716385,-73.95064,0,0,Driver Inattention/Distraction,4436725,25.0,20.8,2.4,2.4,0.0,12.0,53,13.0,26.3,84,Drizzle: Moderate,0,0,
53245,2021-07-04 20:30:00,40.765945,-73.87684,1,0,Unsafe Speed,4437108,24.6,15.8,1.4,1.4,0.0,12.0,51,11.8,27.0,299,Drizzle: Light,1,1,
53246,2021-07-13 15:25:00,40.73911,-73.943,0,0,Driver Inattention/Distraction,4436643,25.0,20.8,2.4,2.4,0.0,12.0,53,13.0,26.3,84,Drizzle: Moderate,0,0,
53247,2021-07-13 10:30:00,40.66014,-73.931274,0,0,Driver Inattention/Distraction,4436989,25.0,20.8,2.4,2.4,0.0,12.0,53,13.0,26.3,84,Drizzle: Moderate,0,0,
53248,2022-01-17 22:26:00,40.628567,-73.92401,0,0,Driver Inattention/Distraction,4495489,9.7,0.4,33.6,32.8,0.56,12.0,73,54.1,99.7,183,Snow fall: Moderate,0,0,Snowy Conditions
53249,2021-07-13 14:00:00,40.767612,-73.950005,0,0,Following Too Closely,4436668,25.0,20.8,2.4,2.4,0.0,12.0,53,13.0,26.3,84,Drizzle: Moderate,0,0,
53250,2021-07-13 10:00:00,40.683437,-73.92917,0,0,Driver Inattention/Distraction,4436888,25.0,20.8,2.4,2.4,0.0,12.0,53,13.0,26.3,84,Drizzle: Moderate,0,0,
53251,2021-07-13 02:13:00,40.55885,-74.13576,0,0,Unspecified,4436455,25.0,20.8,2.4,2.4,0.0,12.0,53,13.0,26.3,84,Drizzle: Moderate,0,0,
53252,2021-07-13 13:35:00,40.828407,-73.93125,1,0,,4436739,25.0,20.8,2.4,2.4,0.0,12.0,53,13.0,26.3,84,Drizzle: Moderate,1,1,
53253,2021-07-13 00:45:00,40.68651,-73.954544,1,0,Driver Inexperience,4436537,25.0,20.8,2.4,2.4,0.0,12.0,53,13.0,26.3,84,Drizzle: Moderate,1,1,
53254,2021-07-13 12:55:00,40.6934,-73.75602,1,0,Traffic Control Disregarded,4436749,25.0,20.8,2.4,2.4,0.0,12.0,53,13.0,26.3,84,Drizzle: Moderate,1,1,
53255,2021-07-13 11:34:00,40.6277,-74.02933,0,0,Passing or Lane Usage Improper,4436637,25.0,20.8,2.4,2.4,0.0,12.0,53,13.0,26.3,84,Drizzle: Moderate,0,0,
53256,2021-07-13 12:04:00,40.840977,-73.916016,0,0,Following Too Closely,4436738,25.0,20.8,2.4,2.4,0.0,12.0,53,13.0,26.3,84,Drizzle: Moderate,0,0,
53257,2021-07-08 14:30:00,40.645336,-74.02287,0,0,Turning Improperly,4437143,28.3,21.3,15.2,15.2,0.0,12.0,63,16.9,48.2,125,Rain: Moderate,0,0,
53258,2021-07-13 17:45:00,40.820473,-73.9013,0,0,Following Too Closely,4436683,25.0,20.8,2.4,2.4,0.0,12.0,53,13.0,26.3,84,Drizzle: Moderate,0,0,
53259,2021-07-13 23:05:00,40.83599,-73.914825,0,0,Turning Improperly,4437153,25.0,20.8,2.4,2.4,0.0,12.0,53,13.0,26.3,84,Drizzle: Moderate,0,0,
53260,2021-07-13 04:55:00,40.812622,-73.92934,1,0,,4436398,25.0,20.8,2.4,2.4,0.0,12.0,53,13.0,26.3,84,Drizzle: Moderate,1,1,
53261,2021-07-07 09:30:00,40.669712,-73.94774,0,0,Passing Too Closely,4437193,31.4,22.2,1.4,1.4,0.0,6.0,53,17.4,37.8,213,Drizzle: Moderate,0,0,
53262,2021-07-13 20:57:00,40.697315,-73.932274,0,0,Alcohol Involvement,4437053,25.0,20.8,2.4,2.4,0.0,12.0,53,13.0,26.3,84,Drizzle: Moderate,0,0,
53263,2021-07-10 12:08:00,40.647724,-73.97634,1,0,Driver Inattention/Distraction,4437326,25.5,20.7,0.5,0.5,0.0,3.0,51,14.5,29.9,1,Drizzle: Light,1,1,
53264,2021-07-13 14:07:00,40.61628,-73.95356,0,0,Unspecified,4436870,25.0,20.8,2.4,2.4,0.0,12.0,53,13.0,26.3,84,Drizzle: Moderate,0,0,
53265,2021-07-13 13:25:00,40.8375,-73.939514,0,0,Unspecified,4436517,25.0,20.8,2.4,2.4,0.0,12.0,53,13.0,26.3,84,Drizzle: Moderate,0,0,
53266,2021-07-13 13:30:00,40.81957,-73.86254,0,0,Unspecified,4436522,25.0,20.8,2.4,2.4,0.0,12.0,53,13.0,26.3,84,Drizzle: Moderate,0,0,
53267,2021-07-13 17:05:00,40.841618,-73.91448,0,0,Following Too Closely,4436828,25.0,20.8,2.4,2.4,0.0,12.0,53,13.0,26.3,84,Drizzle: Moderate,0,0,
53268,2021-07-03 12:38:00,40.73567,-73.924736,0,0,Unsafe Speed,4437188,19.3,16.6,16.1,16.1,0.0,20.0,63,24.0,47.2,43,Rain: Moderate,0,0,
53269,2021-07-13 13:05:00,40.747066,-73.97925,0,0,Driver Inattention/Distraction,4436545,25.0,20.8,2.4,2.4,0.0,12.0,53,13.0,26.3,84,Drizzle: Moderate,0,0,
53270,2021-07-13 14:46:00,40.712723,-74.009674,0,0,Turning Improperly,4436849,25.0,20.8,2.4,2.4,0.0,12.0,53,13.0,26.3,84,Drizzle: Moderate,0,0,
53271,2021-07-13 00:00:00,40.88285,-73.90358,0,0,Unspecified,4437231,25.0,20.8,2.4,2.4,0.0,12.0,53,13.0,26.3,84,Drizzle: Moderate,0,0,
53272,2021-07-13 09:31:00,40.76407,-73.80914,0,0,Passing Too Closely,4436626,25.0,20.8,2.4,2.4,0.0,12.0,53,13.0,26.3,84,Drizzle: Moderate,0,0,
53273,2021-07-13 17:53:00,40.696297,-73.874756,1,0,Following Too Closely,4436912,25.0,20.8,2.4,2.4,0.0,12.0,53,13.0,26.3,84,Drizzle: Moderate,1,1,
53274,2021-07-12 16:25:00,40.82138,-73.95414,0,0,Following Too Closely,4437321,28.6,22.0,9.7,9.7,0.0,12.0,63,12.0,31.7,107,Rain: Moderate,0,0,
53275,2021-07-13 14:00:00,40.66259,-73.8935,0,0,Unspecified,4436829,25.0,20.8,2.4,2.4,0.0,12.0,53,13.0,26.3,84,Drizzle: Moderate,0,0,
53276,2021-07-13 21:35:00,40.696766,-73.80534,1,0,Driver Inexperience,4436900,25.0,20.8,2.4,2.4,0.0,12.0,53,13.0,26.3,84,Drizzle: Moderate,1,1,
53277,2021-07-13 22:13:00,40.714054,-73.9902,2,0,Driver Inattention/Distraction,4436982,25.0,20.8,2.4,2.4,0.0,12.0,53,13.0,26.3,84,Drizzle: Moderate,2,2,
53278,2021-07-13 03:00:00,40.68704,-73.84301,0,0,Unsafe Speed,4436501,25.0,20.8,2.4,2.4,0.0,12.0,53,13.0,26.3,84,Drizzle: Moderate,0,0,
53279,2021-07-13 06:20:00,40.757008,-73.96388,1,0,Driver Inattention/Distraction,4436544,25.0,20.8,2.4,2.4,0.0,12.0,53,13.0,26.3,84,Drizzle: Moderate,1,1,
53280,2021-07-09 02:00:00,40.783867,-73.85497,0,0,Passing Too Closely,4437282,29.8,22.0,35.0,35.0,0.0,14.0,63,31.0,55.8,341,Rain: Moderate,0,0,
53281,2021-07-13 18:00:00,40.607964,-74.162346,0,0,Driver Inattention/Distraction,4437303,25.0,20.8,2.4,2.4,0.0,12.0,53,13.0,26.3,84,Drizzle: Moderate,0,0,
53282,2021-07-13 16:00:00,40.699276,-73.988594,0,0,Turning Improperly,4436610,25.0,20.8,2.4,2.4,0.0,12.0,53,13.0,26.3,84,Drizzle: Moderate,0,0,
53283,2021-07-13 22:45:00,40.838467,-73.94375,1,0,Traffic Control Disregarded,4436709,25.0,20.8,2.4,2.4,0.0,12.0,53,13.0,26.3,84,Drizzle: Moderate,1,1,
53284,2021-07-13 15:10:00,40.763653,-73.999054,0,0,Unsafe Lane Changing,4437051,25.0,20.8,2.4,2.4,0.0,12.0,53,13.0,26.3,84,Drizzle: Moderate,0,0,
53285,2021-07-13 22:00:00,40.85117,-73.888504,0,0,Passing Too Closely,4437180,25.0,20.8,2.4,2.4,0.0,12.0,53,13.0,26.3,84,Drizzle: Moderate,0,0,
53286,2021-07-13 12:30:00,40.65781,-73.74507,0,0,Unspecified,4436507,25.0,20.8,2.4,2.4,0.0,12.0,53,13.0,26.3,84,Drizzle: Moderate,0,0,
53287,2021-07-13 07:23:00,40.78542,-73.98399,2,0,Pavement Slippery,4436635,25.0,20.8,2.4,2.4,0.0,12.0,53,13.0,26.3,84,Drizzle: Moderate,2,2,
53288,2021-07-13 06:05:00,40.605633,-74.07416,0,0,Pavement Slippery,4436454,25.0,20.8,2.4,2.4,0.0,12.0,53,13.0,26.3,84,Drizzle: Moderate,0,0,
53289,2021-07-13 11:56:00,40.885098,-73.90066,0,0,Obstruction/Debris,4436598,25.0,20.8,2.4,2.4,0.0,12.0,53,13.0,26.3,84,Drizzle: Moderate,0,0,
53290,2021-07-13 09:00:00,40.74894,-73.85448,0,0,Failure to Yield Right-of-Way,4436787,25.0,20.8,2.4,2.4,0.0,12.0,53,13.0,26.3,84,Drizzle: Moderate,0,0,
53291,2021-07-13 00:00:00,40.84064,-73.87516,0,0,Other Vehicular,4436576,25.0,20.8,2.4,2.4,0.0,12.0,53,13.0,26.3,84,Drizzle: Moderate,0,0,
53292,2021-07-11 13:55:00,40.819958,-73.944016,0,0,Unspecified,4437140,24.9,19.8,2.5,2.5,0.0,9.0,53,15.8,35.3,141,Drizzle: Moderate,0,0,
53293,2021-07-13 18:10:00,40.7008,-73.907364,1,0,Unsafe Lane Changing,4436915,25.0,20.8,2.4,2.4,0.0,12.0,53,13.0,26.3,84,Drizzle: Moderate,1,1,
53294,2021-07-13 13:25:00,40.639866,-74.01836,0,0,Driver Inattention/Distraction,4436653,25.0,20.8,2.4,2.4,0.0,12.0,53,13.0,26.3,84,Drizzle: Moderate,0,0,
53295,2021-07-13 22:30:00,40.63506,-74.11459,0,0,Unspecified,4436970,25.0,20.8,2.4,2.4,0.0,12.0,53,13.0,26.3,84,Drizzle: Moderate,0,0,
53296,2021-07-13 20:36:00,40.87119,-73.85381,0,0,Driverless/Runaway Vehicle,4436886,25.0,20.8,2.4,2.4,0.0,12.0,53,13.0,26.3,84,Drizzle: Moderate,0,0,
53297,2021-07-13 13:20:00,40.676907,-73.97228,0,0,Passing Too Closely,4436701,25.0,20.8,2.4,2.4,0.0,12.0,53,13.0,26.3,84,Drizzle: Moderate,0,0,
53298,2021-07-04 04:59:00,40.768143,-73.90661,0,0,Unspecified,4437097,24.6,15.8,1.4,1.4,0.0,12.0,51,11.8,27.0,299,Drizzle: Light,0,0,
53299,2021-07-11 21:00:00,40.795586,-73.950165,0,0,Following Too Closely,4437211,24.9,19.8,2.5,2.5,0.0,9.0,53,15.8,35.3,141,Drizzle: Moderate,0,0,
53300,2021-06-27 16:00:00,40.605618,-73.75666,1,0,Passing or Lane Usage Improper,4437119,29.2,22.2,0.5,0.5,0.0,4.0,51,19.6,45.4,196,Drizzle: Light,1,1,
53301,2021-07-13 17:30:00,40.74478,-73.93262,0,0,Driver Inattention/Distraction,4436642,25.0,20.8,2.4,2.4,0.0,12.0,53,13.0,26.3,84,Drizzle: Moderate,0,0,
53302,2021-07-13 03:00:00,40.72662,-73.757324,0,1,Unsafe Speed,4436428,25.0,20.8,2.4,2.4,0.0,12.0,53,13.0,26.3,84,Drizzle: Moderate,20,1,
53303,2021-07-09 21:35:00,40.836937,-73.927124,1,0,Unsafe Lane Changing,4437154,29.8,22.0,35.0,35.0,0.0,14.0,63,31.0,55.8,341,Rain: Moderate,1,1,
53304,2021-07-13 12:40:00,40.68347,-73.99973,0,0,Backing Unsafely,4436532,25.0,20.8,2.4,2.4,0.0,12.0,53,13.0,26.3,84,Drizzle: Moderate,0,0,
53305,2021-07-13 22:46:00,40.768753,-73.9553,0,0,View Obstructed/Limited,4436670,25.0,20.8,2.4,2.4,0.0,12.0,53,13.0,26.3,84,Drizzle: Moderate,0,0,
53306,2021-07-12 09:49:00,40.816917,-73.92093,5,0,Unspecified,4437337,28.6,22.0,9.7,9.7,0.0,12.0,63,12.0,31.7,107,Rain: Moderate,5,5,
53307,2021-07-10 21:35:00,40.580315,-73.835434,2,0,Unspecified,4437204,25.5,20.7,0.5,0.5,0.0,3.0,51,14.5,29.9,1,Drizzle: Light,2,2,
53308,2021-07-13 10:40:00,40.76079,-73.98719,0,0,Driver Inattention/Distraction,4437065,25.0,20.8,2.4,2.4,0.0,12.0,53,13.0,26.3,84,Drizzle: Moderate,0,0,