,CRASH DATETIME,LATITUDE,LONGITUDE,NUMBER OF PERSONS INJURED,NUMBER OF PERSONS KILLED,CONTRIBUTING FACTOR VEHICLE 1,COLLISION_ID,temperature_2m_max,temperature_2m_min,precipitation_sum,rain_sum,snowfall_sum,precipitation_hours,weather_code,wind_speed_10m_max,wind_gusts_10m_max,wind_direction_10m_dominant,Weather Description,Severity_Score,Total_Affected_Persons,Weather_Category
53309,2021-07-13 09:27:00,40.83285,-73.886246,0,0,Driver Inattention/Distraction,4436678,25.0,20.8,2.4,2.4,0.0,12.0,53,13.0,26.3,84,Drizzle: Moderate,0,0,
53310,2021-07-13 19:45:00,40.772045,-73.87623,0,0,Other Vehicular,4436780,25.0,20.8,2.4,2.4,0.0,12.0,53,13.0,26.3,84,Drizzle: Moderate,0,0,
53311,2021-07-12 17:50:00,40.83534,-73.90464,1,0,Driver Inexperience,4437082,28.6,22.0,9.7,9.7,0.0,12.0,63,12.0,31.7,107,Rain: Moderate,1,1,
53312,2021-07-13 13:17:00,40.70205,-73.95256,0,0,Driverless/Runaway Vehicle,4436660,25.0,20.8,2.4,2.4,0.0,12.0,53,13.0,26.3,84,Drizzle: Moderate,0,0,
53313,2021-07-13 13:53:00,40.714115,-73.78751,0,0,Driver Inattention/Distraction,4436628,25.0,20.8,2.4,2.4,0.0,12.0,53,13.0,26.3,84,Drizzle: Moderate,0,0,
53314,2021-07-12 00:15:00,40.837383,-73.92746,0,0,Driver Inexperience,4437149,28.6,22.0,9.7,9.7,0.0,12.0,63,12.0,31.7,107,Rain: Moderate,0,0,
53315,2021-07-08 12:25:00,40.733932,-73.80743,1,0,Driver Inattention/Distraction,4437165,28.3,21.3,15.2,15.2,0.0,12.0,63,16.9,48.2,125,Rain: Moderate,1,1,
53316,2021-07-13 21:02:00,40.83495,-73.90815,1,0,,4436835,25.0,20.8,2.4,2.4,0.0,12.0,53,13.0,26.3,84,Drizzle: Moderate,1,1,
53317,2021-07-13 09:30:00,40.816772,-73.809135,0,0,Unspecified,4437023,25.0,20.8,2.4,2.4,0.0,12.0,53,13.0,26.3,84,Drizzle: Moderate,0,0,
53318,2021-07-13 12:30:00,40.808006,-73.91434,1,0,Driver Inattention/Distraction,4436688,25.0,20.8,2.4,2.4,0.0,12.0,53,13.0,26.3,84,Drizzle: Moderate,1,1,
53319,2021-07-13 05:50:00,40.686745,-73.78138,0,0,Passing Too Closely,4436741,25.0,20.8,2.4,2.4,0.0,12.0,53,13.0,26.3,84,Drizzle: Moderate,0,0,
53320,2021-07-08 06:15:00,40.892235,-73.88481,0,0,Unspecified,4437230,28.3,21.3,15.2,15.2,0.0,12.0,63,16.9,48.2,125,Rain: Moderate,0,0,
53321,2021-07-11 13:09:00,40.63406,-74.00411,0,0,Unspecified,4437105,24.9,19.8,2.5,2.5,0.0,9.0,53,15.8,35.3,141,Drizzle: Moderate,0,0,
53322,2021-07-13 12:30:00,40.884136,-73.84202,0,0,Other Vehicular,4436751,25.0,20.8,2.4,2.4,0.0,12.0,53,13.0,26.3,84,Drizzle: Moderate,0,0,
53323,2021-07-13 10:06:00,40.629696,-73.99995,0,0,Passing or Lane Usage Improper,4437327,25.0,20.8,2.4,2.4,0.0,12.0,53,13.0,26.3,84,Drizzle: Moderate,0,0,
53324,2021-06-27 20:32:00,40.529373,-74.161354,0,0,Traffic Control Disregarded,4437112,29.2,22.2,0.5,0.5,0.0,4.0,51,19.6,45.4,196,Drizzle: Light,0,0,
53325,2021-07-13 01:00:00,40.585037,-73.95645,0,0,Pavement Slippery,4436412,25.0,20.8,2.4,2.4,0.0,12.0,53,13.0,26.3,84,Drizzle: Moderate,0,0,
53326,2021-07-12 07:00:00,40.819183,-73.89494,0,0,Unspecified,4437194,28.6,22.0,9.7,9.7,0.0,12.0,63,12.0,31.7,107,Rain: Moderate,0,0,
53327,2021-07-09 21:00:00,40.841618,-73.91448,0,0,Unspecified,4437150,29.8,22.0,35.0,35.0,0.0,14.0,63,31.0,55.8,341,Rain: Moderate,0,0,
53328,2021-07-13 22:45:00,40.732937,-73.920395,0,0,Driver Inattention/Distraction,4436646,25.0,20.8,2.4,2.4,0.0,12.0,53,13.0,26.3,84,Drizzle: Moderate,0,0,
53329,2021-07-13 15:00:00,40.630512,-73.957306,0,0,Unspecified,4436872,25.0,20.8,2.4,2.4,0.0,12.0,53,13.0,26.3,84,Drizzle: Moderate,0,0,
53330,2021-07-13 19:30:00,40.81247,-73.88884,0,0,Unspecified,4436850,25.0,20.8,2.4,2.4,0.0,12.0,53,13.0,26.3,84,Drizzle: Moderate,0,0,
53331,2021-07-11 17:00:00,40.750603,-73.974045,3,0,Turning Improperly,4437174,24.9,19.8,2.5,2.5,0.0,9.0,53,15.8,35.3,141,Drizzle: Moderate,3,3,
53332,2021-07-13 13:15:00,40.757393,-73.93547,1,0,Unspecified,4437066,25.0,20.8,2.4,2.4,0.0,12.0,53,13.0,26.3,84,Drizzle: Moderate,1,1,
53333,2021-07-13 20:45:00,40.697823,-73.90803,1,0,Driver Inattention/Distraction,4436723,25.0,20.8,2.4,2.4,0.0,12.0,53,13.0,26.3,84,Drizzle: Moderate,1,1,
53334,2021-07-13 19:20:00,40.70113,-73.96087,1,0,Pedestrian/Bicyclist/Other Pedestrian Error/Confusion,4436990,25.0,20.8,2.4,2.4,0.0,12.0,53,13.0,26.3,84,Drizzle: Moderate,1,1,
53335,2021-07-13 03:40:00,40.848736,-73.93234,0,0,Unsafe Speed,4436794,25.0,20.8,2.4,2.4,0.0,12.0,53,13.0,26.3,84,Drizzle: Moderate,0,0,
53336,2021-07-13 03:58:00,40.583466,-73.988304,0,0,Backing Unsafely,4436564,25.0,20.8,2.4,2.4,0.0,12.0,53,13.0,26.3,84,Drizzle: Moderate,0,0,
53337,2021-07-13 15:30:00,40.72823,-73.83313,0,0,Driver Inattention/Distraction,4436624,25.0,20.8,2.4,2.4,0.0,12.0,53,13.0,26.3,84,Drizzle: Moderate,0,0,
53338,2021-07-07 10:57:00,40.62399,-73.97587,0,0,Driver Inattention/Distraction,4437319,31.4,22.2,1.4,1.4,0.0,6.0,53,17.4,37.8,213,Drizzle: Moderate,0,0,
53339,2021-07-13 10:02:00,40.817844,-73.94185,0,0,Traffic Control Disregarded,4436489,25.0,20.8,2.4,2.4,0.0,12.0,53,13.0,26.3,84,Drizzle: Moderate,0,0,
53340,2021-07-13 16:05:00,40.593163,-73.9086,0,0,Unspecified,4437234,25.0,20.8,2.4,2.4,0.0,12.0,53,13.0,26.3,84,Drizzle: Moderate,0,0,
53341,2021-07-13 13:45:00,40.657314,-73.88864,0,0,Unspecified,4436830,25.0,20.8,2.4,2.4,0.0,12.0,53,13.0,26.3,84,Drizzle: Moderate,0,0,
53342,2021-07-13 09:10:00,40.77918,-73.9508,0,0,Driver Inattention/Distraction,4436667,25.0,20.8,2.4,2.4,0.0,12.0,53,13.0,26.3,84,Drizzle: Moderate,0,0,
53343,2021-07-10 17:15:00,40.678722,-73.952995,0,0,Failure to Yield Right-of-Way,4437187,25.5,20.7,0.5,0.5,0.0,3.0,51,14.5,29.9,1,Drizzle: Light,0,0,
53344,2021-07-13 13:10:00,40.63474,-74.11118,1,0,Traffic Control Disregarded,4436577,25.0,20.8,2.4,2.4,0.0,12.0,53,13.0,26.3,84,Drizzle: Moderate,1,1,
53345,2021-07-13 10:10:00,40.76565,-73.837425,1,0,Passing or Lane Usage Improper,4436629,25.0,20.8,2.4,2.4,0.0,12.0,53,13.0,26.3,84,Drizzle: Moderate,1,1,
53346,2021-07-13 22:50:00,40.852306,-73.89811,3,0,Driver Inattention/Distraction,4436924,25.0,20.8,2.4,2.4,0.0,12.0,53,13.0,26.3,84,Drizzle: Moderate,3,3,
53347,2021-07-13 05:05:00,40.714737,-73.95276,0,0,Unspecified,4436474,25.0,20.8,2.4,2.4,0.0,12.0,53,13.0,26.3,84,Drizzle: Moderate,0,0,
53348,2021-07-13 00:01:00,40.840424,-73.92239,0,0,Unsafe Speed,4436736,25.0,20.8,2.4,2.4,0.0,12.0,53,13.0,26.3,84,Drizzle: Moderate,0,0,
53349,2021-07-13 11:49:00,40.722527,-73.74548,0,0,Unspecified,4436513,25.0,20.8,2.4,2.4,0.0,12.0,53,13.0,26.3,84,Drizzle: Moderate,0,0,
53350,2021-07-13 19:00:00,40.666973,-73.85711,0,0,Backing Unsafely,4436834,25.0,20.8,2.4,2.4,0.0,12.0,53,13.0,26.3,84,Drizzle: Moderate,0,0,
53351,2021-07-13 09:26:00,40.715237,-74.01339,1,0,Failure to Yield Right-of-Way,4436451,25.0,20.8,2.4,2.4,0.0,12.0,53,13.0,26.3,84,Drizzle: Moderate,1,1,
53352,2021-07-13 07:32:00,40.61157,-73.994606,1,0,Driver Inattention/Distraction,4436636,25.0,20.8,2.4,2.4,0.0,12.0,53,13.0,26.3,84,Drizzle: Moderate,1,1,
53353,2021-07-13 19:55:00,40.688675,-73.80128,0,0,Failure to Yield Right-of-Way,4436895,25.0,20.8,2.4,2.4,0.0,12.0,53,13.0,26.3,84,Drizzle: Moderate,0,0,
53354,2021-07-13 23:45:00,40.883553,-73.83476,0,0,Unsafe Lane Changing,4436786,25.0,20.8,2.4,2.4,0.0,12.0,53,13.0,26.3,84,Drizzle: Moderate,0,0,
53355,2021-07-13 02:20:00,40.746918,-73.97124,0,0,Unspecified,4436541,25.0,20.8,2.4,2.4,0.0,12.0,53,13.0,26.3,84,Drizzle: Moderate,0,0,
53356,2021-07-10 20:38:00,40.760307,-73.87582,1,0,Driver Inattention/Distraction,4437164,25.5,20.7,0.5,0.5,0.0,3.0,51,14.5,29.9,1,Drizzle: Light,1,1,
53357,2021-07-08 13:34:00,40.753326,-73.8718,0,0,Driver Inattention/Distraction,4437125,28.3,21.3,15.2,15.2,0.0,12.0,63,16.9,48.2,125,Rain: Moderate,0,0,
53358,2021-07-13 22:14:00,40.874138,-73.877525,0,0,Unspecified,4436672,25.0,20.8,2.4,2.4,0.0,12.0,53,13.0,26.3,84,Drizzle: Moderate,0,0,
53359,2021-07-13 23:27:00,40.70969,-73.84603,0,0,Unsafe Speed,4436655,25.0,20.8,2.4,2.4,0.0,12.0,53,13.0,26.3,84,Drizzle: Moderate,0,0,
53360,2021-07-13 06:40:00,40.768684,-73.90668,0,0,Unspecified,4437047,25.0,20.8,2.4,2.4,0.0,12.0,53,13.0,26.3,84,Drizzle: Moderate,0,0,
53361,2021-07-13 06:00:00,40.754555,-73.91151,0,0,Unspecified,4437096,25.0,20.8,2.4,2.4,0.0,12.0,53,13.0,26.3,84,Drizzle: Moderate,0,0,
53362,2021-07-13 18:38:00,40.813114,-73.93147,0,0,Aggressive Driving/Road Rage,4436680,25.0,20.8,2.4,2.4,0.0,12.0,53,13.0,26.3,84,Drizzle: Moderate,0,0,
53363,2021-07-13 10:20:00,40.719456,-73.99441,0,0,Passing or Lane Usage Improper,4436534,25.0,20.8,2.4,2.4,0.0,12.0,53,13.0,26.3,84,Drizzle: Moderate,0,0,
53364,2022-01-17 07:00:00,40.88622,-73.86711,1,0,Driver Inattention/Distraction,4495541,9.7,0.4,33.6,32.8,0.56,12.0,73,54.1,99.7,183,Snow fall: Moderate,1,1,Snowy Conditions
53365,2021-07-13 11:00:00,40.671204,-73.90051,2,0,Driver Inattention/Distraction,4436506,25.0,20.8,2.4,2.4,0.0,12.0,53,13.0,26.3,84,Drizzle: Moderate,2,2,
53366,2021-07-12 04:30:00,40.747204,-73.88811,1,0,Unsafe Lane Changing,4437177,28.6,22.0,9.7,9.7,0.0,12.0,63,12.0,31.7,107,Rain: Moderate,1,1,
53367,2021-07-13 18:40:00,40.658333,-73.88938,2,0,Aggressive Driving/Road Rage,4436841,25.0,20.8,2.4,2.4,0.0,12.0,53,13.0,26.3,84,Drizzle: Moderate,2,2,
53368,2021-07-13 15:10:00,40.62311,-74.010475,0,0,Failure to Yield Right-of-Way,4436967,25.0,20.8,2.4,2.4,0.0,12.0,53,13.0,26.3,84,Drizzle: Moderate,0,0,
53369,2021-07-13 00:45:00,40.63313,-74.075356,0,0,Driver Inexperience,4436601,25.0,20.8,2.4,2.4,0.0,12.0,53,13.0,26.3,84,Drizzle: Moderate,0,0,
53370,2021-07-13 01:00:00,40.665154,-73.82774,0,0,Following Too Closely,4436703,25.0,20.8,2.4,2.4,0.0,12.0,53,13.0,26.3,84,Drizzle: Moderate,0,0,
53371,2021-07-13 13:30:00,40.82364,-73.89391,1,0,Driver Inattention/Distraction,4436881,25.0,20.8,2.4,2.4,0.0,12.0,53,13.0,26.3,84,Drizzle: Moderate,1,1,
53372,2021-07-13 14:30:00,40.71636,-73.94013,0,0,Unspecified,4436779,25.0,20.8,2.4,2.4,0.0,12.0,53,13.0,26.3,84,Drizzle: Moderate,0,0,
53373,2021-07-13 01:44:00,40.691315,-73.86722,1,0,Following Too Closely,4436503,25.0,20.8,2.4,2.4,0.0,12.0,53,13.0,26.3,84,Drizzle: Moderate,1,1,
53374,2021-07-13 09:50:00,40.764267,-73.722946,1,0,Driver Inattention/Distraction,4436438,25.0,20.8,2.4,2.4,0.0,12.0,53,13.0,26.3,84,Drizzle: Moderate,1,1,
53375,2021-07-13 16:30:00,40.744026,-73.92616,0,0,Driver Inattention/Distraction,4436641,25.0,20.8,2.4,2.4,0.0,12.0,53,13.0,26.3,84,Drizzle: Moderate,0,0,
53376,2021-07-08 18:30:00,40.611877,-74.13816,1,0,Driver Inattention/Distraction,4437302,28.3,21.3,15.2,15.2,0.0,12.0,63,16.9,48.2,125,Rain: Moderate,1,1,
53377,2021-07-13 19:45:00,40.6796,-73.80349,1,0,Failure to Yield Right-of-Way,4436712,25.0,20.8,2.4,2.4,0.0,12.0,53,13.0,26.3,84,Drizzle: Moderate,1,1,
53378,2021-07-13 18:19:00,40.8168,-73.89705,1,0,Unsafe Speed,4436609,25.0,20.8,2.4,2.4,0.0,12.0,53,13.0,26.3,84,Drizzle: Moderate,1,1,
53379,2021-07-13 09:49:00,40.61276,-73.96093,0,0,Unspecified,4437133,25.0,20.8,2.4,2.4,0.0,12.0,53,13.0,26.3,84,Drizzle: Moderate,0,0,
53380,2021-07-09 00:20:00,40.766685,-73.892136,0,0,Passing or Lane Usage Improper,4437160,29.8,22.0,35.0,35.0,0.0,14.0,63,31.0,55.8,341,Rain: Moderate,0,0,
53381,2021-07-13 10:19:00,40.75685,-73.93035,0,0,Driver Inattention/Distraction,4437064,25.0,20.8,2.4,2.4,0.0,12.0,53,13.0,26.3,84,Drizzle: Moderate,0,0,
53382,2021-07-06 03:38:00,40.63237,-73.88319,1,0,Unsafe Speed,4437205,33.6,21.9,2.1,2.1,0.0,4.0,61,21.8,49.7,231,Rain: Light,1,1,
53383,2021-07-13 15:07:00,40.76079,-73.83075,0,0,Unspecified,4436649,25.0,20.8,2.4,2.4,0.0,12.0,53,13.0,26.3,84,Drizzle: Moderate,0,0,
53384,2021-06-21 11:00:00,40.76118,-73.935,0,0,Unspecified,4437086,28.0,21.7,0.5,0.5,0.0,2.0,51,24.4,46.8,181,Drizzle: Light,0,0,
53385,2021-07-12 07:00:00,40.844917,-73.926384,1,0,Driver Inattention/Distraction,4437283,28.6,22.0,9.7,9.7,0.0,12.0,63,12.0,31.7,107,Rain: Moderate,1,1,
53386,2021-07-13 15:40:00,40.67315,-73.896194,1,0,Driver Inattention/Distraction,4436831,25.0,20.8,2.4,2.4,0.0,12.0,53,13.0,26.3,84,Drizzle: Moderate,1,1,
53387,2021-07-11 00:05:00,40.7615,-73.997826,1,0,Traffic Control Disregarded,4437331,24.9,19.8,2.5,2.5,0.0,9.0,53,15.8,35.3,141,Drizzle: Moderate,1,1,
53388,2021-07-13 10:30:00,40.720524,-73.96206,0,0,Backing Unsafely,4436529,25.0,20.8,2.4,2.4,0.0,12.0,53,13.0,26.3,84,Drizzle: Moderate,0,0,
53389,2021-07-13 16:20:00,40.623554,-73.953995,0,0,Driver Inattention/Distraction,4436873,25.0,20.8,2.4,2.4,0.0,12.0,53,13.0,26.3,84,Drizzle: Moderate,0,0,
53390,2021-07-08 19:00:00,40.751884,-73.88376,1,0,Driver Inattention/Distraction,4437185,28.3,21.3,15.2,15.2,0.0,12.0,63,16.9,48.2,125,Rain: Moderate,1,1,
53391,2021-07-13 20:20:00,40.738415,-73.84899,0,0,Driver Inattention/Distraction,4436801,25.0,20.8,2.4,2.4,0.0,12.0,53,13.0,26.3,84,Drizzle: Moderate,0,0,
53392,2021-07-13 10:25:00,40.74576,-73.92581,1,0,Driver Inattention/Distraction,4436512,25.0,20.8,2.4,2.4,0.0,12.0,53,13.0,26.3,84,Drizzle: Moderate,1,1,
53393,2021-07-13 15:30:00,40.577534,-73.849915,0,0,Failure to Yield Right-of-Way,4436585,25.0,20.8,2.4,2.4,0.0,12.0,53,13.0,26.3,84,Drizzle: Moderate,0,0,
53394,2021-07-13 12:00:00,40.711666,-73.9854,0,0,Unspecified,4436980,25.0,20.8,2.4,2.4,0.0,12.0,53,13.0,26.3,84,Drizzle: Moderate,0,0,
53395,2021-07-13 19:42:00,40.664375,-73.92376,0,0,Unspecified,4436931,25.0,20.8,2.4,2.4,0.0,12.0,53,13.0,26.3,84,Drizzle: Moderate,0,0,
53396,2021-07-13 12:00:00,40.825462,-73.882744,0,0,Unspecified,4436491,25.0,20.8,2.4,2.4,0.0,12.0,53,13.0,26.3,84,Drizzle: Moderate,0,0,
53397,2021-07-13 06:34:00,40.684937,-73.91014,1,0,Unspecified,4437344,25.0,20.8,2.4,2.4,0.0,12.0,53,13.0,26.3,84,Drizzle: Moderate,1,1,
53398,2021-07-13 18:50:00,40.76398,-73.910515,1,0,Driver Inattention/Distraction,4437070,25.0,20.8,2.4,2.4,0.0,12.0,53,13.0,26.3,84,Drizzle: Moderate,1,1,
53399,2021-07-13 16:55:00,40.60952,-73.74591,0,0,Passing Too Closely,4436686,25.0,20.8,2.4,2.4,0.0,12.0,53,13.0,26.3,84,Drizzle: Moderate,0,0,
53400,2021-07-09 22:45:00,40.870415,-73.91515,0,0,Unspecified,4437147,29.8,22.0,35.0,35.0,0.0,14.0,63,31.0,55.8,341,Rain: Moderate,0,0,
53401,2021-07-12 17:50:00,40.83955,-73.91595,0,0,Driver Inattention/Distraction,4437151,28.6,22.0,9.7,9.7,0.0,12.0,63,12.0,31.7,107,Rain: Moderate,0,0,
53402,2021-07-13 09:35:00,40.579403,-73.94099,0,0,Unspecified,4436421,25.0,20.8,2.4,2.4,0.0,12.0,53,13.0,26.3,84,Drizzle: Moderate,0,0,
53403,2021-07-13 17:20:00,40.629757,-73.97926,1,0,Unspecified,4437318,25.0,20.8,2.4,2.4,0.0,12.0,53,13.0,26.3,84,Drizzle: Moderate,1,1,
53404,2021-07-13 16:40:00,40.856243,-73.895584,1,0,Unspecified,4436766,25.0,20.8,2.4,2.4,0.0,12.0,53,13.0,26.3,84,Drizzle: Moderate,1,1,
53405,2022-01-17 05:30:00,40.779728,-73.825676,0,0,Pavement Slippery,4495406,9.7,0.4,33.6,32.8,0.56,12.0,73,54.1,99.7,183,Snow fall: Moderate,0,0,Snowy Conditions
53406,2021-07-13 21:30:00,40.744404,-73.94032,0,0,Driver Inattention/Distraction,4436645,25.0,20.8,2.4,2.4,0.0,12.0,53,13.0,26.3,84,Drizzle: Moderate,0,0,
53407,2021-07-13 22:30:00,40.706627,-73.94269,0,0,Passing Too Closely,4436993,25.0,20.8,2.4,2.4,0.0,12.0,53,13.0,26.3,84,Drizzle: Moderate,0,0,
53408,2021-07-13 23:40:00,40.711525,-73.73442,0,0,Reaction to Uninvolved Vehicle,4436664,25.0,20.8,2.4,2.4,0.0,12.0,53,13.0,26.3,84,Drizzle: Moderate,0,0,
53409,2021-07-13 07:00:00,40.843903,-73.927284,0,0,Following Too Closely,4436744,25.0,20.8,2.4,2.4,0.0,12.0,53,13.0,26.3,84,Drizzle: Moderate,0,0,
53410,2021-07-13 09:50:00,40.84904,-73.884346,0,0,Pedestrian/Bicyclist/Other Pedestrian Error/Confusion,4436561,25.0,20.8,2.4,2.4,0.0,12.0,53,13.0,26.3,84,Drizzle: Moderate,0,0,
53411,2021-07-13 02:13:00,40.731064,-74.00142,1,0,Passing or Lane Usage Improper,4436465,25.0,20.8,2.4,2.4,0.0,12.0,53,13.0,26.3,84,Drizzle: Moderate,1,1,
53412,2021-07-13 00:00:00,40.82102,-73.88725,0,0,Unspecified,4436856,25.0,20.8,2.4,2.4,0.0,12.0,53,13.0,26.3,84,Drizzle: Moderate,0,0,
53413,2021-07-13 07:15:00,40.639053,-73.9213,1,0,Driver Inattention/Distraction,4437033,25.0,20.8,2.4,2.4,0.0,12.0,53,13.0,26.3,84,Drizzle: Moderate,1,1,
53414,2021-07-13 19:21:00,40.78593,-73.84777,1,0,Traffic Control Disregarded,4436630,25.0,20.8,2.4,2.4,0.0,12.0,53,13.0,26.3,84,Drizzle: Moderate,1,1,
53415,2021-07-13 10:45:00,40.636803,-73.939415,0,0,Failure to Yield Right-of-Way,4436621,25.0,20.8,2.4,2.4,0.0,12.0,53,13.0,26.3,84,Drizzle: Moderate,0,0,
53416,2021-07-13 09:40:00,40.610256,-74.00396,0,0,Unspecified,4436906,25.0,20.8,2.4,2.4,0.0,12.0,53,13.0,26.3,84,Drizzle: Moderate,0,0,
53417,2021-06-30 18:32:00,40.8087,-73.95226,1,0,Passing Too Closely,4437228,35.2,24.9,0.1,0.1,0.0,1.0,51,20.6,37.1,246,Drizzle: Light,1,1,
53418,2021-07-13 14:02:00,40.85876,-73.89736,0,0,Passing Too Closely,4436698,25.0,20.8,2.4,2.4,0.0,12.0,53,13.0,26.3,84,Drizzle: Moderate,0,0,
53419,2021-07-06 09:35:00,40.60234,-73.82017,1,0,Pedestrian/Bicyclist/Other Pedestrian Error/Confusion,4437169,33.6,21.9,2.1,2.1,0.0,4.0,61,21.8,49.7,231,Rain: Light,1,1,
53420,2021-07-13 02:00:00,40.565235,-74.181404,0,0,Pavement Slippery,4437113,25.0,20.8,2.4,2.4,0.0,12.0,53,13.0,26.3,84,Drizzle: Moderate,0,0,
53421,2021-07-13 23:04:00,40.689365,-73.9058,4,0,Traffic Control Disregarded,4436722,25.0,20.8,2.4,2.4,0.0,12.0,53,13.0,26.3,84,Drizzle: Moderate,4,4,
53422,2021-07-13 08:20:00,40.687504,-73.97995,2,0,Unspecified,4436650,25.0,20.8,2.4,2.4,0.0,12.0,53,13.0,26.3,84,Drizzle: Moderate,2,2,
53423,2021-06-25 20:15:00,40.772697,-73.93269,0,0,Driver Inattention/Distraction,4437092,24.7,15.6,0.0,0.0,0.0,0.0,3,20.9,41.0,144,Overcast,0,0,
53424,2021-07-09 20:00:00,40.774612,-73.92399,2,0,Driver Inattention/Distraction,4437101,29.8,22.0,35.0,35.0,0.0,14.0,63,31.0,55.8,341,Rain: Moderate,2,2,
53425,2021-07-09 22:45:00,40.844578,-73.902695,1,0,Driver Inattention/Distraction,4437129,29.8,22.0,35.0,35.0,0.0,14.0,63,31.0,55.8,341,Rain: Moderate,1,1,
53426,2021-07-13 19:05:00,40.609947,-73.92227,0,0,Passing or Lane Usage Improper,4436675,25.0,20.8,2.4,2.4,0.0,12.0,53,13.0,26.3,84,Drizzle: Moderate,0,0,
53427,2022-01-17 23:20:00,40.848,-73.89243,0,0,Driver Inattention/Distraction,4495471,9.7,0.4,33.6,32.8,0.56,12.0,73,54.1,99.7,183,Snow fall: Moderate,0,0,Snowy Conditions
53428,2022-04-09 13:50:00,40.59907,-73.90498,1,0,Driver Inattention/Distraction,4517628,13.6,5.0,4.8,4.8,0.0,12.0,55,20.1,42.8,263,Drizzle: Dense,1,1,
53429,2022-07-05 16:35:00,40.68662,-73.82319,0,0,Passing Too Closely,4544140,30.0,20.3,0.5,0.5,0.0,2.0,51,30.4,56.5,191,Drizzle: Light,0,0,
53430,2022-04-09 04:13:00,40.8442,-73.93566,0,0,Oversized Vehicle,4517603,13.6,5.0,4.8,4.8,0.0,12.0,55,20.1,42.8,263,Drizzle: Dense,0,0,
53431,2022-04-09 03:15:00,40.79337,-73.93274,0,0,Unsafe Speed,4517373,13.6,5.0,4.8,4.8,0.0,12.0,55,20.1,42.8,263,Drizzle: Dense,0,0,
53432,2022-04-08 18:47:00,40.847366,-73.899506,2,0,Failure to Yield Right-of-Way,4518112,16.5,7.1,5.2,5.2,0.0,4.0,63,21.3,42.8,253,Rain: Moderate,2,2,
53433,2022-04-09 15:44:00,40.85535,-73.91836,0,0,Brakes Defective,4517475,13.6,5.0,4.8,4.8,0.0,12.0,55,20.1,42.8,263,Drizzle: Dense,0,0,
53434,2022-04-09 17:45:00,40.733498,-73.87038,0,0,Driver Inattention/Distraction,4517698,13.6,5.0,4.8,4.8,0.0,12.0,55,20.1,42.8,263,Drizzle: Dense,0,0,
53435,2022-04-06 06:25:00,40.816555,-73.91677,1,0,Failure to Yield Right-of-Way,4518153,12.5,6.2,17.5,17.5,0.0,14.0,61,31.2,62.3,55,Rain: Light,1,1,
53436,2022-04-09 14:04:00,40.802494,-73.936714,1,0,Turning Improperly,4518044,13.6,5.0,4.8,4.8,0.0,12.0,55,20.1,42.8,263,Drizzle: Dense,1,1,
53437,2022-04-09 15:05:00,40.89608,-73.86692,0,0,Driver Inattention/Distraction,4517724,13.6,5.0,4.8,4.8,0.0,12.0,55,20.1,42.8,263,Drizzle: Dense,0,0,
53438,2022-04-09 01:00:00,40.688198,-73.800575,0,0,Driver Inattention/Distraction,4517891,13.6,5.0,4.8,4.8,0.0,12.0,55,20.1,42.8,263,Drizzle: Dense,0,0,
53439,2022-04-07 11:00:00,40.612785,-74.12681,0,0,Driver Inattention/Distraction,4518056,11.5,5.6,74.1,74.1,0.0,14.0,65,35.0,64.8,98,Rain: Heavy,0,0,
53440,2022-04-09 21:54:00,40.680035,-73.9055,0,0,Passing Too Closely,4517664,13.6,5.0,4.8,4.8,0.0,12.0,55,20.1,42.8,263,Drizzle: Dense,0,0,
53441,2022-04-09 10:45:00,40.67045,-73.911896,0,0,Backing Unsafely,4517577,13.6,5.0,4.8,4.8,0.0,12.0,55,20.1,42.8,263,Drizzle: Dense,0,0,
53442,2022-04-09 21:50:00,40.856503,-73.93277,0,0,Alcohol Involvement,4518107,13.6,5.0,4.8,4.8,0.0,12.0,55,20.1,42.8,263,Drizzle: Dense,0,0,
53443,2022-04-09 22:45:00,40.762962,-73.97188,0,0,Driver Inattention/Distraction,4518124,13.6,5.0,4.8,4.8,0.0,12.0,55,20.1,42.8,263,Drizzle: Dense,0,0,
53444,2022-04-08 12:49:00,40.746403,-73.97973,1,0,Driver Inattention/Distraction,4517956,16.5,7.1,5.2,5.2,0.0,4.0,63,21.3,42.8,253,Rain: Moderate,1,1,
53445,2022-04-08 20:35:00,40.649384,-73.86995,0,0,Following Too Closely,4518020,16.5,7.1,5.2,5.2,0.0,4.0,63,21.3,42.8,253,Rain: Moderate,0,0,
53446,2022-04-09 00:54:00,40.69043,-73.93653,1,0,Driver Inattention/Distraction,4517750,13.6,5.0,4.8,4.8,0.0,12.0,55,20.1,42.8,263,Drizzle: Dense,1,1,
53447,2022-04-09 03:42:00,40.761272,-73.95571,1,0,Driver Inattention/Distraction,4517858,13.6,5.0,4.8,4.8,0.0,12.0,55,20.1,42.8,263,Drizzle: Dense,1,1,
53448,2022-04-05 22:50:00,40.684452,-73.80662,0,0,Unspecified,4518210,12.1,1.0,1.7,1.7,0.0,3.0,53,16.8,32.8,121,Drizzle: Moderate,0,0,