,CRASH DATETIME,LATITUDE,LONGITUDE,NUMBER OF PERSONS INJURED,NUMBER OF PERSONS KILLED,CONTRIBUTING FACTOR VEHICLE 1,COLLISION_ID,temperature_2m_max,temperature_2m_min,precipitation_sum,rain_sum,snowfall_sum,precipitation_hours,weather_code,wind_speed_10m_max,wind_gusts_10m_max,wind_direction_10m_dominant,Weather Description,Severity_Score,Total_Affected_Persons,Weather_Category
53449,2022-04-08 09:00:00,40.61577,-74.08252,0,0,Unspecified,4518076,16.5,7.1,5.2,5.2,0.0,4.0,63,21.3,42.8,253,Rain: Moderate,0,0,
53450,2022-04-09 11:32:00,40.72377,-73.9508,1,0,Driver Inattention/Distraction,4517868,13.6,5.0,4.8,4.8,0.0,12.0,55,20.1,42.8,263,Drizzle: Dense,1,1,
53451,2022-04-05 18:30:00,40.695023,-73.84645,1,0,Turning Improperly,4518079,12.1,1.0,1.7,1.7,0.0,3.0,53,16.8,32.8,121,Drizzle: Moderate,1,1,
53452,2022-04-09 03:10:00,40.75369,-73.74445,1,0,Driver Inattention/Distraction,4517362,13.6,5.0,4.8,4.8,0.0,12.0,55,20.1,42.8,263,Drizzle: Dense,1,1,
53453,2022-04-07 22:10:00,40.830402,-73.837654,0,0,Obstruction/Debris,4518146,11.5,5.6,74.1,74.1,0.0,14.0,65,35.0,64.8,98,Rain: Heavy,0,0,
53454,2022-04-09 14:00:00,40.812813,-73.91595,0,0,Unspecified,4518108,13.6,5.0,4.8,4.8,0.0,12.0,55,20.1,42.8,263,Drizzle: Dense,0,0,
53455,2022-04-09 22:30:00,40.7412,-73.98095,0,0,Unspecified,4517627,13.6,5.0,4.8,4.8,0.0,12.0,55,20.1,42.8,263,Drizzle: Dense,0,0,
53456,2022-04-09 11:00:00,40.701218,-73.81622,2,0,Following Too Closely,4517975,13.6,5.0,4.8,4.8,0.0,12.0,55,20.1,42.8,263,Drizzle: Dense,2,2,
53457,2022-04-03 01:00:00,40.73632,-73.99439,0,0,Unspecified,4517966,8.3,3.4,3.1,3.1,0.0,5.0,61,21.9,38.2,274,Rain: Light,0,0,
53458,2022-04-09 20:56:00,40.73043,-74.00013,1,0,Passenger Distraction,4518131,13.6,5.0,4.8,4.8,0.0,12.0,55,20.1,42.8,263,Drizzle: Dense,1,1,
53459,2022-04-04 14:57:00,40.793606,-73.94952,0,0,Following Too Closely,4518045,12.2,2.6,0.1,0.1,0.0,1.0,51,23.7,41.4,304,Drizzle: Light,0,0,
53460,2022-04-09 20:30:00,40.71543,-73.98984,1,0,Driver Inattention/Distraction,4517773,13.6,5.0,4.8,4.8,0.0,12.0,55,20.1,42.8,263,Drizzle: Dense,1,1,
53461,2022-04-09 18:20:00,40.678787,-73.84426,2,0,Fell Asleep,4517822,13.6,5.0,4.8,4.8,0.0,12.0,55,20.1,42.8,263,Drizzle: Dense,2,2,
53462,2022-03-17 18:24:00,40.665714,-73.898445,0,0,Unspecified,4518008,12.3,3.9,6.5,6.5,0.0,13.0,61,16.8,31.7,41,Rain: Light,0,0,
53463,2022-04-09 19:13:00,40.82929,-73.91642,0,0,Following Too Closely,4517915,13.6,5.0,4.8,4.8,0.0,12.0,55,20.1,42.8,263,Drizzle: Dense,0,0,
53464,2022-04-09 04:20:00,40.709225,-73.923225,0,0,Following Too Closely,4517505,13.6,5.0,4.8,4.8,0.0,12.0,55,20.1,42.8,263,Drizzle: Dense,0,0,
53465,2022-04-09 12:00:00,40.66968,-73.91075,0,0,Driver Inattention/Distraction,4517570,13.6,5.0,4.8,4.8,0.0,12.0,55,20.1,42.8,263,Drizzle: Dense,0,0,
53466,2022-03-26 20:06:00,40.724636,-73.94818,1,0,Driver Inattention/Distraction,4518247,10.1,4.9,6.1,5.8,0.21,8.0,71,21.6,41.0,251,Snow fall: Light,1,1,Snowy Conditions
53467,2022-04-09 09:15:00,40.757706,-73.76385,3,0,Failure to Yield Right-of-Way,4517424,13.6,5.0,4.8,4.8,0.0,12.0,55,20.1,42.8,263,Drizzle: Dense,3,3,
53468,2022-04-08 12:37:00,40.822308,-73.93859,0,0,Other Vehicular,4518223,16.5,7.1,5.2,5.2,0.0,4.0,63,21.3,42.8,253,Rain: Moderate,0,0,
53469,2022-04-09 15:38:00,40.62555,-74.14051,2,0,Following Too Closely,4517941,13.6,5.0,4.8,4.8,0.0,12.0,55,20.1,42.8,263,Drizzle: Dense,2,2,
53470,2022-04-09 18:04:00,40.677048,-73.9387,0,0,Tire Failure/Inadequate,4517682,13.6,5.0,4.8,4.8,0.0,12.0,55,20.1,42.8,263,Drizzle: Dense,0,0,
53471,2022-04-09 23:10:00,40.760284,-73.769356,0,0,Unspecified,4517510,13.6,5.0,4.8,4.8,0.0,12.0,55,20.1,42.8,263,Drizzle: Dense,0,0,
53472,2022-04-09 05:55:00,40.752556,-73.92972,0,0,Unspecified,4517580,13.6,5.0,4.8,4.8,0.0,12.0,55,20.1,42.8,263,Drizzle: Dense,0,0,
53473,2022-04-09 00:33:00,40.679485,-73.897026,0,0,Driver Inattention/Distraction,4518021,13.6,5.0,4.8,4.8,0.0,12.0,55,20.1,42.8,263,Drizzle: Dense,0,0,
53474,2022-04-09 23:20:00,40.656944,-73.88082,2,0,Unspecified,4517988,13.6,5.0,4.8,4.8,0.0,12.0,55,20.1,42.8,263,Drizzle: Dense,2,2,
53475,2022-04-08 18:18:00,40.64962,-73.874306,1,0,Failure to Yield Right-of-Way,4517996,16.5,7.1,5.2,5.2,0.0,4.0,63,21.3,42.8,253,Rain: Moderate,1,1,
53476,2022-04-09 13:00:00,40.61462,-73.968666,2,0,Driver Inattention/Distraction,4517848,13.6,5.0,4.8,4.8,0.0,12.0,55,20.1,42.8,263,Drizzle: Dense,2,2,
53477,2022-04-09 15:40:00,40.623154,-74.02985,0,0,Backing Unsafely,4517449,13.6,5.0,4.8,4.8,0.0,12.0,55,20.1,42.8,263,Drizzle: Dense,0,0,
53478,2022-04-04 16:00:00,40.657337,-73.94663,0,0,Driver Inattention/Distraction,4517955,12.2,2.6,0.1,0.1,0.0,1.0,51,23.7,41.4,304,Drizzle: Light,0,0,
53479,2022-04-09 02:55:00,40.67794,-73.8023,0,0,Passing or Lane Usage Improper,4517386,13.6,5.0,4.8,4.8,0.0,12.0,55,20.1,42.8,263,Drizzle: Dense,0,0,
53480,2022-04-09 11:45:00,40.708958,-74.01014,1,0,Unspecified,4517595,13.6,5.0,4.8,4.8,0.0,12.0,55,20.1,42.8,263,Drizzle: Dense,1,1,
53481,2022-04-09 00:00:00,40.661194,-73.8797,0,0,Other Vehicular,4517985,13.6,5.0,4.8,4.8,0.0,12.0,55,20.1,42.8,263,Drizzle: Dense,0,0,
53482,2022-04-09 02:40:00,40.692463,-73.81082,6,0,Unsafe Speed,4517900,13.6,5.0,4.8,4.8,0.0,12.0,55,20.1,42.8,263,Drizzle: Dense,6,6,
53483,2022-04-09 19:00:00,40.712666,-73.94105,0,0,Driver Inattention/Distraction,4517497,13.6,5.0,4.8,4.8,0.0,12.0,55,20.1,42.8,263,Drizzle: Dense,0,0,
53484,2022-04-08 15:05:00,40.76735,-73.98436,0,0,Following Too Closely,4518119,16.5,7.1,5.2,5.2,0.0,4.0,63,21.3,42.8,253,Rain: Moderate,0,0,
53485,2022-04-08 21:35:00,40.730194,-73.77758,1,0,Driver Inattention/Distraction,4518091,16.5,7.1,5.2,5.2,0.0,4.0,63,21.3,42.8,253,Rain: Moderate,1,1,
53486,2022-04-09 06:30:00,40.69733,-73.76202,0,0,Passing or Lane Usage Improper,4517702,13.6,5.0,4.8,4.8,0.0,12.0,55,20.1,42.8,263,Drizzle: Dense,0,0,
53487,2022-04-09 06:44:00,40.68917,-73.9095,2,0,Driver Inattention/Distraction,4517655,13.6,5.0,4.8,4.8,0.0,12.0,55,20.1,42.8,263,Drizzle: Dense,2,2,
53488,2022-04-06 12:30:00,40.7606,-73.964325,0,0,Driver Inattention/Distraction,4518032,12.5,6.2,17.5,17.5,0.0,14.0,61,31.2,62.3,55,Rain: Light,0,0,
53489,2022-04-07 15:30:00,40.60272,-74.06551,0,0,Unsafe Lane Changing,4518064,11.5,5.6,74.1,74.1,0.0,14.0,65,35.0,64.8,98,Rain: Heavy,0,0,
53490,2022-04-09 01:35:00,40.88179,-73.847534,0,0,Driver Inattention/Distraction,4517728,13.6,5.0,4.8,4.8,0.0,12.0,55,20.1,42.8,263,Drizzle: Dense,0,0,
53491,2022-04-09 13:10:00,40.549484,-74.15148,0,0,Backing Unsafely,4517487,13.6,5.0,4.8,4.8,0.0,12.0,55,20.1,42.8,263,Drizzle: Dense,0,0,
53492,2022-07-03 08:00:00,40.61208,-74.08527,0,0,Fell Asleep,4544152,31.2,21.0,0.0,0.0,0.0,0.0,3,15.8,31.3,341,Overcast,0,0,
53493,2022-04-09 23:23:00,40.739418,-74.00387,0,0,Unspecified,4518134,13.6,5.0,4.8,4.8,0.0,12.0,55,20.1,42.8,263,Drizzle: Dense,0,0,
53494,2022-04-01 07:20:00,40.819893,-73.81517,0,0,Unspecified,4517962,15.2,5.3,1.4,1.4,0.0,8.0,51,33.1,61.9,277,Drizzle: Light,0,0,
53495,2022-04-09 01:25:00,40.67421,-73.89646,4,0,Unsafe Speed,4518000,13.6,5.0,4.8,4.8,0.0,12.0,55,20.1,42.8,263,Drizzle: Dense,4,4,
53496,2022-04-09 16:00:00,40.85586,-73.86476,0,0,Traffic Control Disregarded,4517526,13.6,5.0,4.8,4.8,0.0,12.0,55,20.1,42.8,263,Drizzle: Dense,0,0,
53497,2022-04-09 14:08:00,40.635372,-74.029144,0,0,Driver Inattention/Distraction,4517783,13.6,5.0,4.8,4.8,0.0,12.0,55,20.1,42.8,263,Drizzle: Dense,0,0,
53498,2022-04-09 05:18:00,40.678303,-73.87289,1,0,Unspecified,4517981,13.6,5.0,4.8,4.8,0.0,12.0,55,20.1,42.8,263,Drizzle: Dense,1,1,
53499,2022-04-09 20:11:00,40.828594,-73.92173,1,0,Failure to Yield Right-of-Way,4517885,13.6,5.0,4.8,4.8,0.0,12.0,55,20.1,42.8,263,Drizzle: Dense,1,1,
53500,2022-04-09 14:22:00,40.788692,-73.93787,2,0,Following Too Closely,4517435,13.6,5.0,4.8,4.8,0.0,12.0,55,20.1,42.8,263,Drizzle: Dense,2,2,
53501,2022-04-09 05:52:00,40.78781,-73.94174,0,0,Unspecified,4517375,13.6,5.0,4.8,4.8,0.0,12.0,55,20.1,42.8,263,Drizzle: Dense,0,0,
53502,2022-04-09 05:05:00,40.845436,-73.92857,1,0,Pavement Slippery,4517602,13.6,5.0,4.8,4.8,0.0,12.0,55,20.1,42.8,263,Drizzle: Dense,1,1,
53503,2022-04-09 18:46:00,40.81728,-73.938545,0,0,Traffic Control Disregarded,4518233,13.6,5.0,4.8,4.8,0.0,12.0,55,20.1,42.8,263,Drizzle: Dense,0,0,
53504,2022-04-09 14:45:00,40.698387,-73.774895,0,0,Failure to Keep Right,4517805,13.6,5.0,4.8,4.8,0.0,12.0,55,20.1,42.8,263,Drizzle: Dense,0,0,
53505,2022-04-09 19:15:00,40.629353,-73.884766,0,0,Driver Inattention/Distraction,4517544,13.6,5.0,4.8,4.8,0.0,12.0,55,20.1,42.8,263,Drizzle: Dense,0,0,
53506,2022-04-03 15:50:00,40.867207,-73.92254,0,0,Backing Unsafely,4518098,8.3,3.4,3.1,3.1,0.0,5.0,61,21.9,38.2,274,Rain: Light,0,0,
53507,2022-04-09 10:20:00,40.820026,-73.90299,1,0,Other Vehicular,4518113,13.6,5.0,4.8,4.8,0.0,12.0,55,20.1,42.8,263,Drizzle: Dense,1,1,
53508,2022-04-06 09:10:00,40.80208,-73.937,1,0,Unsafe Lane Changing,4518043,12.5,6.2,17.5,17.5,0.0,14.0,61,31.2,62.3,55,Rain: Light,1,1,
53509,2022-04-07 18:15:00,40.651863,-73.86536,0,0,Unspecified,4518164,11.5,5.6,74.1,74.1,0.0,14.0,65,35.0,64.8,98,Rain: Heavy,0,0,
53510,2022-04-09 20:00:00,40.751404,-74.00518,1,0,Driver Inattention/Distraction,4517647,13.6,5.0,4.8,4.8,0.0,12.0,55,20.1,42.8,263,Drizzle: Dense,1,1,
53511,2022-04-07 15:40:00,40.869656,-73.898926,0,0,Driver Inattention/Distraction,4518228,11.5,5.6,74.1,74.1,0.0,14.0,65,35.0,64.8,98,Rain: Heavy,0,0,
53512,2022-04-09 10:45:00,40.640434,-74.131935,0,0,Backing Unsafely,4517943,13.6,5.0,4.8,4.8,0.0,12.0,55,20.1,42.8,263,Drizzle: Dense,0,0,
53513,2022-04-09 17:30:00,40.75539,-73.828285,0,0,Unsafe Speed,4517464,13.6,5.0,4.8,4.8,0.0,12.0,55,20.1,42.8,263,Drizzle: Dense,0,0,
53514,2022-04-09 03:11:00,40.73814,-74.00816,1,0,Unspecified,4517977,13.6,5.0,4.8,4.8,0.0,12.0,55,20.1,42.8,263,Drizzle: Dense,1,1,
53515,2022-04-08 15:20:00,40.842335,-73.91619,1,0,Failure to Yield Right-of-Way,4518140,16.5,7.1,5.2,5.2,0.0,4.0,63,21.3,42.8,253,Rain: Moderate,1,1,
53516,2022-04-09 16:15:00,40.71172,-73.729706,0,0,Unspecified,4517918,13.6,5.0,4.8,4.8,0.0,12.0,55,20.1,42.8,263,Drizzle: Dense,0,0,
53517,2022-04-09 21:35:00,40.53851,-74.21881,0,0,Unspecified,4517448,13.6,5.0,4.8,4.8,0.0,12.0,55,20.1,42.8,263,Drizzle: Dense,0,0,
53518,2022-04-09 11:46:00,40.71196,-73.9407,1,0,Oversized Vehicle,4517514,13.6,5.0,4.8,4.8,0.0,12.0,55,20.1,42.8,263,Drizzle: Dense,1,1,
53519,2022-04-09 14:40:00,40.65911,-73.89922,0,0,Failure to Yield Right-of-Way,4518004,13.6,5.0,4.8,4.8,0.0,12.0,55,20.1,42.8,263,Drizzle: Dense,0,0,
53520,2022-04-08 07:00:00,40.686665,-73.87768,0,0,Unspecified,4517997,16.5,7.1,5.2,5.2,0.0,4.0,63,21.3,42.8,253,Rain: Moderate,0,0,
53521,2022-04-09 08:30:00,40.753315,-73.777405,0,0,Driver Inattention/Distraction,4517425,13.6,5.0,4.8,4.8,0.0,12.0,55,20.1,42.8,263,Drizzle: Dense,0,0,
53522,2022-03-28 19:00:00,40.678936,-74.001915,0,0,Unspecified,4518174,0.0,-5.2,0.3,0.0,0.21,3.0,71,31.3,59.0,303,Snow fall: Light,0,0,Snowy Conditions
53523,2022-03-31 16:03:00,40.675644,-73.94161,1,0,Reaction to Uninvolved Vehicle,4518048,19.0,3.5,12.0,12.0,0.0,4.0,65,37.8,67.3,194,Rain: Heavy,1,1,
53524,2022-04-09 15:00:00,40.68392,-73.91741,0,0,Passing or Lane Usage Improper,4517743,13.6,5.0,4.8,4.8,0.0,12.0,55,20.1,42.8,263,Drizzle: Dense,0,0,
53525,2022-04-01 09:00:00,40.60115,-73.9675,0,0,Reaction to Uninvolved Vehicle,4518106,15.2,5.3,1.4,1.4,0.0,8.0,51,33.1,61.9,277,Drizzle: Light,0,0,
53526,2022-03-20 02:34:00,40.805557,-73.912415,2,0,Unspecified,4518109,14.8,6.9,0.1,0.1,0.0,1.0,51,27.0,49.0,284,Drizzle: Light,2,2,
53527,2022-04-09 05:13:00,40.85482,-73.9112,2,0,Unspecified,4517366,13.6,5.0,4.8,4.8,0.0,12.0,55,20.1,42.8,263,Drizzle: Dense,2,2,
53528,2022-04-06 09:17:00,40.82523,-73.94761,1,0,Unspecified,4518246,12.5,6.2,17.5,17.5,0.0,14.0,61,31.2,62.3,55,Rain: Light,1,1,
53529,2022-04-09 00:00:00,40.792362,-73.96418,0,0,Alcohol Involvement,4517844,13.6,5.0,4.8,4.8,0.0,12.0,55,20.1,42.8,263,Drizzle: Dense,0,0,
53530,2022-04-09 16:37:00,40.705418,-73.78019,0,0,Alcohol Involvement,4517876,13.6,5.0,4.8,4.8,0.0,12.0,55,20.1,42.8,263,Drizzle: Dense,0,0,
53531,2022-04-08 15:00:00,40.811844,-73.92382,0,0,Driver Inattention/Distraction,4518147,16.5,7.1,5.2,5.2,0.0,4.0,63,21.3,42.8,253,Rain: Moderate,0,0,
53532,2022-04-09 17:30:00,40.65249,-73.95267,0,0,Unspecified,4517625,13.6,5.0,4.8,4.8,0.0,12.0,55,20.1,42.8,263,Drizzle: Dense,0,0,
53533,2022-04-04 21:15:00,40.650276,-73.89097,0,0,Driver Inattention/Distraction,4518010,12.2,2.6,0.1,0.1,0.0,1.0,51,23.7,41.4,304,Drizzle: Light,0,0,
53534,2022-04-09 06:30:00,40.749676,-73.826744,0,0,Unspecified,4517680,13.6,5.0,4.8,4.8,0.0,12.0,55,20.1,42.8,263,Drizzle: Dense,0,0,
53535,2022-03-22 16:17:00,40.814632,-73.9442,0,0,Outside Car Distraction,4518224,12.8,3.9,0.0,0.0,0.0,0.0,3,23.1,44.3,311,Overcast,0,0,
53536,2022-04-09 08:30:00,40.855785,-73.90558,0,0,Unspecified,4517860,13.6,5.0,4.8,4.8,0.0,12.0,55,20.1,42.8,263,Drizzle: Dense,0,0,
53537,2022-04-09 04:50:00,40.714592,-73.93877,0,0,Failure to Yield Right-of-Way,4517504,13.6,5.0,4.8,4.8,0.0,12.0,55,20.1,42.8,263,Drizzle: Dense,0,0,
53538,2022-04-09 08:00:00,40.678703,-73.781746,0,0,View Obstructed/Limited,4517403,13.6,5.0,4.8,4.8,0.0,12.0,55,20.1,42.8,263,Drizzle: Dense,0,0,
53539,2022-04-08 15:50:00,40.798306,-73.93683,1,0,Unsafe Speed,4517967,16.5,7.1,5.2,5.2,0.0,4.0,63,21.3,42.8,253,Rain: Moderate,1,1,
53540,2022-04-09 21:10:00,40.672886,-73.87117,0,0,Driver Inattention/Distraction,4518022,13.6,5.0,4.8,4.8,0.0,12.0,55,20.1,42.8,263,Drizzle: Dense,0,0,
53541,2022-04-09 02:08:00,40.67308,-73.91124,2,0,Alcohol Involvement,4517581,13.6,5.0,4.8,4.8,0.0,12.0,55,20.1,42.8,263,Drizzle: Dense,2,2,
53542,2022-04-09 04:10:00,40.743767,-73.83748,0,0,Driver Inattention/Distraction,4517569,13.6,5.0,4.8,4.8,0.0,12.0,55,20.1,42.8,263,Drizzle: Dense,0,0,
53543,2022-04-08 09:34:00,40.655785,-73.86289,0,0,Backing Unsafely,4517990,16.5,7.1,5.2,5.2,0.0,4.0,63,21.3,42.8,253,Rain: Moderate,0,0,
53544,2022-04-02 00:00:00,40.750515,-73.85866,0,0,Passing or Lane Usage Improper,4518207,11.1,1.4,0.0,0.0,0.0,0.0,3,26.3,47.9,286,Overcast,0,0,
53545,2022-04-09 18:49:00,40.687782,-73.91907,0,0,Passing Too Closely,4517662,13.6,5.0,4.8,4.8,0.0,12.0,55,20.1,42.8,263,Drizzle: Dense,0,0,
53546,2022-04-09 23:45:00,40.700768,-73.990944,0,0,Unspecified,4517763,13.6,5.0,4.8,4.8,0.0,12.0,55,20.1,42.8,263,Drizzle: Dense,0,0,
53547,2022-04-03 10:35:00,40.58635,-73.89665,0,0,Unspecified,4518129,8.3,3.4,3.1,3.1,0.0,5.0,61,21.9,38.2,274,Rain: Light,0,0,
53548,2022-03-28 02:50:00,40.864918,-73.91907,0,0,Driver Inattention/Distraction,4518080,0.0,-5.2,0.3,0.0,0.21,3.0,71,31.3,59.0,303,Snow fall: Light,0,0,Snowy Conditions
53549,2022-04-09 06:00:00,40.67978,-73.823875,0,0,Passing or Lane Usage Improper,4517821,13.6,5.0,4.8,4.8,0.0,12.0,55,20.1,42.8,263,Drizzle: Dense,0,0,
53550,2022-04-07 17:20:00,40.7923,-73.95046,1,0,Turning Improperly,4518060,11.5,5.6,74.1,74.1,0.0,14.0,65,35.0,64.8,98,Rain: Heavy,1,1,
53551,2022-04-07 11:15:00,40.629684,-74.11123,0,0,Unspecified,4518075,11.5,5.6,74.1,74.1,0.0,14.0,65,35.0,64.8,98,Rain: Heavy,0,0,
53552,2022-04-09 04:00:00,40.711037,-73.8132,0,0,Unspecified,4518092,13.6,5.0,4.8,4.8,0.0,12.0,55,20.1,42.8,263,Drizzle: Dense,0,0,
53553,2022-04-09 01:50:00,40.701008,-73.86818,0,0,Passing or Lane Usage Improper,4517710,13.6,5.0,4.8,4.8,0.0,12.0,55,20.1,42.8,263,Drizzle: Dense,0,0,
53554,2022-07-05 08:35:00,40.700703,-73.98868,0,0,Oversized Vehicle,4543637,30.0,20.3,0.5,0.5,0.0,2.0,51,30.4,56.5,191,Drizzle: Light,0,0,
53555,2022-07-05 03:50:00,40.626156,-74.0159,2,0,Unspecified,4543581,30.0,20.3,0.5,0.5,0.0,2.0,51,30.4,56.5,191,Drizzle: Light,2,2,
53556,2022-06-19 23:12:00,40.867283,-73.91685,0,0,Failure to Yield Right-of-Way,4544322,22.4,12.4,0.0,0.0,0.0,0.0,3,30.3,58.7,324,Overcast,0,0,
53557,2022-06-30 13:11:00,40.53495,-74.2359,0,0,Passing Too Closely,4544346,31.2,17.3,0.0,0.0,0.0,0.0,2,19.1,37.4,274,Partly cloudy,0,0,
53558,2022-07-01 20:30:00,40.66278,-73.88086,0,0,Unspecified,4544381,33.7,20.2,0.1,0.1,0.0,1.0,51,32.3,58.0,215,Drizzle: Light,0,0,
53559,2022-07-05 15:00:00,40.588,-73.80729,0,0,Traffic Control Disregarded,4543619,30.0,20.3,0.5,0.5,0.0,2.0,51,30.4,56.5,191,Drizzle: Light,0,0,
53560,2022-07-05 00:45:00,40.85809,-73.901924,1,0,Outside Car Distraction,4543584,30.0,20.3,0.5,0.5,0.0,2.0,51,30.4,56.5,191,Drizzle: Light,1,1,
53561,2022-06-29 19:15:00,40.6957,-73.7933,1,0,Unsafe Speed,4544272,29.0,17.7,0.0,0.0,0.0,0.0,3,27.2,51.5,195,Overcast,1,1,
53562,2022-07-05 06:18:00,40.737797,-73.8507,0,0,Unsafe Lane Changing,4543665,30.0,20.3,0.5,0.5,0.0,2.0,51,30.4,56.5,191,Drizzle: Light,0,0,
53563,2022-07-05 09:10:00,40.75791,-73.97766,1,0,Turning Improperly,4543534,30.0,20.3,0.5,0.5,0.0,2.0,51,30.4,56.5,191,Drizzle: Light,1,1,
53564,2022-07-05 14:17:00,40.650387,-73.95872,1,0,Unspecified,4543873,30.0,20.3,0.5,0.5,0.0,2.0,51,30.4,56.5,191,Drizzle: Light,1,1,
53565,2022-07-05 12:30:00,40.692123,-73.98904,2,0,Following Too Closely,4543938,30.0,20.3,0.5,0.5,0.0,2.0,51,30.4,56.5,191,Drizzle: Light,2,2,
53566,2022-07-02 00:00:00,40.70191,-73.94231,0,0,Passing Too Closely,4544438,30.8,23.1,4.0,4.0,0.0,5.0,61,19.4,40.0,229,Rain: Light,0,0,
53567,2022-07-05 05:50:00,40.611805,-74.064445,0,0,Unspecified,4544166,30.0,20.3,0.5,0.5,0.0,2.0,51,30.4,56.5,191,Drizzle: Light,0,0,
53568,2022-07-05 00:35:00,40.86937,-73.90021,0,0,Unspecified,4544101,30.0,20.3,0.5,0.5,0.0,2.0,51,30.4,56.5,191,Drizzle: Light,0,0,
53569,2022-06-28 05:54:00,40.634445,-74.1185,0,0,Unspecified,4544156,27.5,19.1,0.0,0.0,0.0,0.0,3,14.4,28.4,334,Overcast,0,0,
53570,2022-07-05 01:33:00,40.60306,-73.94916,0,0,Unspecified,4543557,30.0,20.3,0.5,0.5,0.0,2.0,51,30.4,56.5,191,Drizzle: Light,0,0,
53571,2022-07-05 15:40:00,40.656487,-73.73419,1,0,Traffic Control Disregarded,4543653,30.0,20.3,0.5,0.5,0.0,2.0,51,30.4,56.5,191,Drizzle: Light,1,1,
53572,2022-07-05 02:20:00,40.65444,-73.89081,1,0,Failure to Yield Right-of-Way,4543781,30.0,20.3,0.5,0.5,0.0,2.0,51,30.4,56.5,191,Drizzle: Light,1,1,
53573,2022-06-14 18:00:00,40.6416,-73.93802,1,0,Driver Inattention/Distraction,4544315,29.0,18.6,0.0,0.0,0.0,0.0,3,19.1,40.0,10,Overcast,1,1,
53574,2022-06-29 13:30:00,40.7086,-73.93786,0,0,Passing or Lane Usage Improper,4544400,29.0,17.7,0.0,0.0,0.0,0.0,3,27.2,51.5,195,Overcast,0,0,
53575,2022-06-21 17:45:00,40.848118,-73.93089,2,0,Following Too Closely,4544323,26.0,14.6,1.0,1.0,0.0,3.0,53,13.0,24.1,175,Drizzle: Moderate,2,2,
53576,2022-07-02 18:20:00,40.52756,-74.16569,1,0,Unspecified,4544365,30.8,23.1,4.0,4.0,0.0,5.0,61,19.4,40.0,229,Rain: Light,1,1,
53577,2022-07-05 08:25:00,40.815903,-73.92848,1,0,Unspecified,4543733,30.0,20.3,0.5,0.5,0.0,2.0,51,30.4,56.5,191,Drizzle: Light,1,1,
53578,2021-07-15 04:30:00,40.755325,-73.99307,0,0,Unspecified,4437078,29.3,21.2,0.1,0.1,0.0,1.0,51,13.7,27.4,212,Drizzle: Light,0,0,
53579,2022-07-05 11:10:00,40.75413,-73.809555,1,0,Failure to Yield Right-of-Way,4543592,30.0,20.3,0.5,0.5,0.0,2.0,51,30.4,56.5,191,Drizzle: Light,1,1,
53580,2022-07-05 08:30:00,40.746044,-73.727516,0,0,Turning Improperly,4544203,30.0,20.3,0.5,0.5,0.0,2.0,51,30.4,56.5,191,Drizzle: Light,0,0,
53581,2022-07-02 02:20:00,40.52983,-74.19623,0,0,Driver Inattention/Distraction,4544126,30.8,23.1,4.0,4.0,0.0,5.0,61,19.4,40.0,229,Rain: Light,0,0,
53582,2022-07-02 07:29:00,40.762566,-73.818596,1,0,Failure to Yield Right-of-Way,4544145,30.8,23.1,4.0,4.0,0.0,5.0,61,19.4,40.0,229,Rain: Light,1,1,
53583,2022-07-03 05:19:00,40.7067,-73.95292,1,0,Alcohol Involvement,4544392,31.2,21.0,0.0,0.0,0.0,0.0,3,15.8,31.3,341,Overcast,1,1,
53584,2022-06-29 14:30:00,40.720577,-73.75578,0,0,Unspecified,4544198,29.0,17.7,0.0,0.0,0.0,0.0,3,27.2,51.5,195,Overcast,0,0,
53585,2022-06-13 02:31:00,40.723625,-74.00479,0,0,Unspecified,4544264,27.7,17.8,6.8,6.8,0.0,9.0,63,12.1,32.0,254,Rain: Moderate,0,0,
53586,2022-07-05 17:17:00,40.787216,-73.94787,1,0,Failure to Yield Right-of-Way,4543848,30.0,20.3,0.5,0.5,0.0,2.0,51,30.4,56.5,191,Drizzle: Light,1,1,
53587,2022-07-05 01:35:00,40.58481,-73.98301,0,0,Passing or Lane Usage Improper,4543925,30.0,20.3,0.5,0.5,0.0,2.0,51,30.4,56.5,191,Drizzle: Light,0,0,
53588,2022-07-05 22:00:00,40.699627,-73.923836,1,0,Following Too Closely,4543745,30.0,20.3,0.5,0.5,0.0,2.0,51,30.4,56.5,191,Drizzle: Light,1,1,
53589,2022-07-05 14:38:00,40.81766,-73.93076,0,0,Passing Too Closely,4544054,30.0,20.3,0.5,0.5,0.0,2.0,51,30.4,56.5,191,Drizzle: Light,0,0,
53590,2022-06-28 11:45:00,40.649868,-73.93409,0,0,Unspecified,4544311,27.5,19.1,0.0,0.0,0.0,0.0,3,14.4,28.4,334,Overcast,0,0,
53591,2022-07-05 20:50:00,40.626328,-74.13132,0,0,Unsafe Speed,4543676,30.0,20.3,0.5,0.5,0.0,2.0,51,30.4,56.5,191,Drizzle: Light,0,0,
53592,2022-05-20 18:16:00,40.679203,-73.9553,0,0,Backing Unsafely,4544209,22.2,10.7,3.6,3.6,0.0,2.0,61,20.8,40.7,124,Rain: Light,0,0,
53593,2022-07-04 20:30:00,40.877697,-73.86762,0,0,Unspecified,4544327,30.9,17.5,0.0,0.0,0.0,0.0,3,15.4,27.4,302,Overcast,0,0,
53594,2022-07-05 11:38:00,40.633347,-73.99387,0,0,Unspecified,4543765,30.0,20.3,0.5,0.5,0.0,2.0,51,30.4,56.5,191,Drizzle: Light,0,0,