,CRASH DATETIME,LATITUDE,LONGITUDE,NUMBER OF PERSONS INJURED,NUMBER OF PERSONS KILLED,CONTRIBUTING FACTOR VEHICLE 1,COLLISION_ID,temperature_2m_max,temperature_2m_min,precipitation_sum,rain_sum,snowfall_sum,precipitation_hours,weather_code,wind_speed_10m_max,wind_gusts_10m_max,wind_direction_10m_dominant,Weather Description,Severity_Score,Total_Affected_Persons,Weather_Category
53595,2022-07-05 10:25:00,40.63714,-74.08088,0,0,Other Vehicular,4543891,30.0,20.3,0.5,0.5,0.0,2.0,51,30.4,56.5,191,Drizzle: Light,0,0,
53596,2022-07-05 10:05:00,40.584774,-73.96011,0,0,Following Too Closely,4544249,30.0,20.3,0.5,0.5,0.0,2.0,51,30.4,56.5,191,Drizzle: Light,0,0,
53597,2022-07-05 01:30:00,40.66305,-73.848564,0,0,Unsafe Lane Changing,4543414,30.0,20.3,0.5,0.5,0.0,2.0,51,30.4,56.5,191,Drizzle: Light,0,0,
53598,2022-07-05 08:33:00,40.723896,-73.94232,0,0,Following Too Closely,4544287,30.0,20.3,0.5,0.5,0.0,2.0,51,30.4,56.5,191,Drizzle: Light,0,0,
53599,2022-07-05 16:16:00,40.55039,-74.183044,0,0,Unspecified,4544358,30.0,20.3,0.5,0.5,0.0,2.0,51,30.4,56.5,191,Drizzle: Light,0,0,
53600,2022-07-05 17:05:00,40.703247,-73.85465,0,0,Passing Too Closely,4543721,30.0,20.3,0.5,0.5,0.0,2.0,51,30.4,56.5,191,Drizzle: Light,0,0,
53601,2022-07-04 03:15:00,40.551723,-74.170006,0,0,Driver Inattention/Distraction,4544353,30.9,17.5,0.0,0.0,0.0,0.0,3,15.4,27.4,302,Overcast,0,0,
53602,2022-06-25 11:25:00,40.84984,-73.934975,0,0,Unspecified,4544326,32.5,18.1,0.0,0.0,0.0,0.0,2,25.0,47.2,224,Partly cloudy,0,0,
53603,2022-07-05 02:30:00,40.796738,-73.92925,2,0,Driver Inattention/Distraction,4543478,30.0,20.3,0.5,0.5,0.0,2.0,51,30.4,56.5,191,Drizzle: Light,2,2,
53604,2022-06-30 04:25:00,40.762745,-73.83329,0,0,Driver Inexperience,4544255,31.2,17.3,0.0,0.0,0.0,0.0,2,19.1,37.4,274,Partly cloudy,0,0,
53605,2022-07-05 13:05:00,40.625786,-74.15491,1,0,Driver Inattention/Distraction,4543675,30.0,20.3,0.5,0.5,0.0,2.0,51,30.4,56.5,191,Drizzle: Light,1,1,
53606,2022-07-05 12:56:00,40.739143,-73.90109,1,0,Unspecified,4543892,30.0,20.3,0.5,0.5,0.0,2.0,51,30.4,56.5,191,Drizzle: Light,1,1,
53607,2022-07-01 00:45:00,40.66925,-73.93944,1,0,Unspecified,4544295,33.7,20.2,0.1,0.1,0.0,1.0,51,32.3,58.0,215,Drizzle: Light,1,1,
53608,2022-07-05 14:45:00,40.698486,-73.92144,0,0,Driver Inattention/Distraction,4543755,30.0,20.3,0.5,0.5,0.0,2.0,51,30.4,56.5,191,Drizzle: Light,0,0,
53609,2022-07-03 13:31:00,40.742123,-73.99097,1,0,Unspecified,4544175,31.2,21.0,0.0,0.0,0.0,0.0,3,15.8,31.3,341,Overcast,1,1,
53610,2022-06-22 17:25:00,40.73941,-74.0054,1,0,Driver Inattention/Distraction,4544208,20.6,16.7,3.3,3.3,0.0,11.0,53,23.2,43.9,127,Drizzle: Moderate,1,1,
53611,2022-07-05 09:47:00,40.751442,-73.97606,0,0,Unspecified,4543834,30.0,20.3,0.5,0.5,0.0,2.0,51,30.4,56.5,191,Drizzle: Light,0,0,
53612,2022-07-03 12:39:00,40.713097,-73.95947,0,0,Passing Too Closely,4544416,31.2,21.0,0.0,0.0,0.0,0.0,3,15.8,31.3,341,Overcast,0,0,
53613,2022-07-03 17:05:00,40.543606,-74.21557,1,0,Driver Inattention/Distraction,4544347,31.2,21.0,0.0,0.0,0.0,0.0,3,15.8,31.3,341,Overcast,1,1,
53614,2022-06-30 11:00:00,40.701588,-73.98863,0,0,Driver Inattention/Distraction,4544280,31.2,17.3,0.0,0.0,0.0,0.0,2,19.1,37.4,274,Partly cloudy,0,0,
53615,2022-07-05 00:00:00,40.77895,-73.92079,0,0,Backing Unsafely,4543590,30.0,20.3,0.5,0.5,0.0,2.0,51,30.4,56.5,191,Drizzle: Light,0,0,
53616,2022-07-05 12:30:00,40.63533,-73.95791,0,0,Unspecified,4543626,30.0,20.3,0.5,0.5,0.0,2.0,51,30.4,56.5,191,Drizzle: Light,0,0,
53617,2022-07-05 23:00:00,40.595734,-73.77478,0,0,Passing or Lane Usage Improper,4544118,30.0,20.3,0.5,0.5,0.0,2.0,51,30.4,56.5,191,Drizzle: Light,0,0,
53618,2022-06-23 17:08:00,40.897255,-73.86268,0,0,Passing or Lane Usage Improper,4544335,22.6,15.7,0.8,0.8,0.0,6.0,51,15.6,31.3,127,Drizzle: Light,0,0,
53619,2022-07-05 13:00:00,40.68662,-73.82319,0,0,Following Too Closely,4543705,30.0,20.3,0.5,0.5,0.0,2.0,51,30.4,56.5,191,Drizzle: Light,0,0,
53620,2022-07-03 01:13:00,40.63777,-74.07602,0,0,Unspecified,4544161,31.2,21.0,0.0,0.0,0.0,0.0,3,15.8,31.3,341,Overcast,0,0,
53621,2022-06-21 08:11:00,40.831264,-73.87885,0,0,Unspecified,4544301,26.0,14.6,1.0,1.0,0.0,3.0,53,13.0,24.1,175,Drizzle: Moderate,0,0,
53622,2022-07-05 00:27:00,40.603607,-74.01763,1,0,Failure to Yield Right-of-Way,4543566,30.0,20.3,0.5,0.5,0.0,2.0,51,30.4,56.5,191,Drizzle: Light,1,1,
53623,2022-07-05 05:36:00,40.893803,-73.850136,0,0,Unsafe Speed,4544007,30.0,20.3,0.5,0.5,0.0,2.0,51,30.4,56.5,191,Drizzle: Light,0,0,
53624,2022-07-03 18:05:00,40.759567,-73.83015,1,0,Failure to Yield Right-of-Way,4544127,31.2,21.0,0.0,0.0,0.0,0.0,3,15.8,31.3,341,Overcast,1,1,
53625,2022-07-05 19:30:00,40.74478,-73.93262,0,0,Driver Inattention/Distraction,4543768,30.0,20.3,0.5,0.5,0.0,2.0,51,30.4,56.5,191,Drizzle: Light,0,0,
53626,2022-07-05 14:29:00,40.87316,-73.87476,0,0,Unsafe Lane Changing,4544225,30.0,20.3,0.5,0.5,0.0,2.0,51,30.4,56.5,191,Drizzle: Light,0,0,
53627,2022-06-20 01:45:00,40.756763,-73.96716,4,0,Driver Inattention/Distraction,4544262,26.5,12.9,0.0,0.0,0.0,0.0,3,18.4,31.7,308,Overcast,4,4,
53628,2022-04-10 23:00:00,40.742416,-73.85516,0,0,Unspecified,4517809,9.8,3.5,0.0,0.0,0.0,0.0,3,29.3,54.4,307,Overcast,0,0,
53629,2021-11-11 14:48:00,40.815205,-73.947495,1,0,Passing or Lane Usage Improper,4480477,15.0,4.2,0.3,0.3,0.0,2.0,51,22.6,38.2,85,Drizzle: Light,1,1,
53630,2021-12-29 22:15:00,40.755116,-74.00248,1,0,Obstruction/Debris,4490905,7.6,4.1,8.1,8.1,0.0,8.0,61,12.2,24.1,52,Rain: Light,1,1,
53631,2022-01-15 14:25:00,40.66521,-73.73288,0,0,Unspecified,4494715,-5.3,-11.1,0.0,0.0,0.0,0.0,3,22.4,46.1,345,Overcast,0,0,
53632,2022-01-17 14:17:00,40.819714,-73.894066,0,0,Unspecified,4496129,9.7,0.4,33.6,32.8,0.56,12.0,73,54.1,99.7,183,Snow fall: Moderate,0,0,Snowy Conditions
53633,2022-01-14 15:58:00,40.766716,-73.928566,0,0,Following Too Closely,4496101,5.0,-5.0,0.0,0.0,0.0,0.0,3,34.6,62.6,358,Overcast,0,0,
53634,2022-01-18 14:45:00,40.769993,-73.915825,1,0,Following Too Closely,4496103,1.7,-4.9,0.0,0.0,0.0,0.0,3,30.9,58.3,294,Overcast,1,1,
53635,2022-01-18 17:30:00,40.808437,-73.904724,1,0,Unspecified,4496105,1.7,-4.9,0.0,0.0,0.0,0.0,3,30.9,58.3,294,Overcast,1,1,
53636,2022-01-04 08:46:00,40.766605,-73.891174,0,0,Turning Improperly,4496098,0.7,-6.7,0.0,0.0,0.0,0.0,3,20.0,36.4,287,Overcast,0,0,
53637,2022-01-18 15:48:00,40.681934,-74.00572,0,0,Unsafe Lane Changing,4496108,1.7,-4.9,0.0,0.0,0.0,0.0,3,30.9,58.3,294,Overcast,0,0,
53638,2022-01-14 15:15:00,40.76084,-73.91968,0,0,Driver Inattention/Distraction,4496100,5.0,-5.0,0.0,0.0,0.0,0.0,3,34.6,62.6,358,Overcast,0,0,
53639,2022-01-13 23:15:00,40.790253,-73.94564,0,0,Traffic Control Disregarded,4496114,7.1,-3.7,0.0,0.0,0.0,0.0,3,9.7,18.7,193,Overcast,0,0,
53640,2022-07-05 10:50:00,40.626316,-74.179726,0,0,Failure to Yield Right-of-Way,4544167,30.0,20.3,0.5,0.5,0.0,2.0,51,30.4,56.5,191,Drizzle: Light,0,0,
53641,2022-07-05 20:30:00,40.734795,-73.80115,3,0,Failure to Yield Right-of-Way,4543684,30.0,20.3,0.5,0.5,0.0,2.0,51,30.4,56.5,191,Drizzle: Light,3,3,
53642,2022-07-05 15:00:00,40.64962,-73.874306,0,0,Unspecified,4543787,30.0,20.3,0.5,0.5,0.0,2.0,51,30.4,56.5,191,Drizzle: Light,0,0,
53643,2022-07-03 03:52:00,40.691418,-73.75795,3,0,Following Too Closely,4544406,31.2,21.0,0.0,0.0,0.0,0.0,3,15.8,31.3,341,Overcast,3,3,
53644,2022-06-29 11:40:00,40.708168,-73.95067,1,0,Following Too Closely,4544399,29.0,17.7,0.0,0.0,0.0,0.0,3,27.2,51.5,195,Overcast,1,1,
53645,2022-02-21 22:30:00,40.74576,-73.92581,2,0,Driver Inattention/Distraction,4504619,9.9,-1.9,0.0,0.0,0.0,0.0,3,19.2,35.3,192,Overcast,2,2,
53646,2022-02-21 15:30:00,40.741295,-73.88029,1,0,Driver Inattention/Distraction,4504639,9.9,-1.9,0.0,0.0,0.0,0.0,3,19.2,35.3,192,Overcast,1,1,
53647,2022-02-21 23:40:00,40.754986,-73.74535,0,0,Unsafe Speed,4504631,9.9,-1.9,0.0,0.0,0.0,0.0,3,19.2,35.3,192,Overcast,0,0,
53648,2022-02-21 23:04:00,40.7493,-73.949425,0,0,Unspecified,4504620,9.9,-1.9,0.0,0.0,0.0,0.0,3,19.2,35.3,192,Overcast,0,0,
53649,2022-02-21 08:33:00,40.742,-73.87864,0,0,Driver Inattention/Distraction,4504638,9.9,-1.9,0.0,0.0,0.0,0.0,3,19.2,35.3,192,Overcast,0,0,
53650,2022-02-21 12:52:00,40.641033,-73.913155,4,0,Unspecified,4504630,9.9,-1.9,0.0,0.0,0.0,0.0,3,19.2,35.3,192,Overcast,4,4,
53651,2022-07-04 16:34:00,40.644955,-73.92113,2,0,Unspecified,4544316,30.9,17.5,0.0,0.0,0.0,0.0,3,15.4,27.4,302,Overcast,2,2,
53652,2022-06-29 16:30:00,40.716183,-73.98075,1,0,Accelerator Defective,4544219,29.0,17.7,0.0,0.0,0.0,0.0,3,27.2,51.5,195,Overcast,1,1,
53653,2022-07-05 16:28:00,40.743454,-73.91484,0,0,Driver Inattention/Distraction,4544368,30.0,20.3,0.5,0.5,0.0,2.0,51,30.4,56.5,191,Drizzle: Light,0,0,
53654,2022-07-05 11:50:00,40.59582,-73.77233,0,0,Following Too Closely,4544094,30.0,20.3,0.5,0.5,0.0,2.0,51,30.4,56.5,191,Drizzle: Light,0,0,
53655,2022-07-05 05:44:00,40.72569,-73.85463,0,0,Other Vehicular,4543490,30.0,20.3,0.5,0.5,0.0,2.0,51,30.4,56.5,191,Drizzle: Light,0,0,
53656,2022-01-18 15:00:00,40.597965,-73.944534,0,0,Driver Inattention/Distraction,4495617,1.7,-4.9,0.0,0.0,0.0,0.0,3,30.9,58.3,294,Overcast,0,0,
53657,2022-01-18 21:48:00,40.831062,-73.86619,0,0,Passing Too Closely,4495765,1.7,-4.9,0.0,0.0,0.0,0.0,3,30.9,58.3,294,Overcast,0,0,
53658,2022-01-18 13:50:00,40.602528,-74.015114,0,0,Driver Inattention/Distraction,4495669,1.7,-4.9,0.0,0.0,0.0,0.0,3,30.9,58.3,294,Overcast,0,0,
53659,2022-01-18 08:15:00,40.625454,-74.01283,0,0,Unspecified,4495643,1.7,-4.9,0.0,0.0,0.0,0.0,3,30.9,58.3,294,Overcast,0,0,
53660,2022-01-14 21:45:00,40.845352,-73.92821,0,0,Unsafe Speed,4495928,5.0,-5.0,0.0,0.0,0.0,0.0,3,34.6,62.6,358,Overcast,0,0,
53661,2022-01-18 19:38:00,40.79573,-73.93267,0,0,Unspecified,4495702,1.7,-4.9,0.0,0.0,0.0,0.0,3,30.9,58.3,294,Overcast,0,0,
53662,2022-01-18 01:05:00,40.878468,-73.83305,0,0,Alcohol Involvement,4495419,1.7,-4.9,0.0,0.0,0.0,0.0,3,30.9,58.3,294,Overcast,0,0,
53663,2022-01-18 11:06:00,40.738758,-74.00811,0,0,Driver Inattention/Distraction,4495710,1.7,-4.9,0.0,0.0,0.0,0.0,3,30.9,58.3,294,Overcast,0,0,
53664,2022-01-18 17:09:00,40.648533,-73.95827,1,0,Pedestrian/Bicyclist/Other Pedestrian Error/Confusion,4496057,1.7,-4.9,0.0,0.0,0.0,0.0,3,30.9,58.3,294,Overcast,1,1,
53665,2022-01-18 06:10:00,40.833588,-73.91498,0,0,Passing or Lane Usage Improper,4495457,1.7,-4.9,0.0,0.0,0.0,0.0,3,30.9,58.3,294,Overcast,0,0,
53666,2022-01-18 08:10:00,40.633575,-73.941925,0,0,Failure to Yield Right-of-Way,4495784,1.7,-4.9,0.0,0.0,0.0,0.0,3,30.9,58.3,294,Overcast,0,0,
53667,2022-01-18 08:21:00,40.70041,-73.90368,0,0,Driver Inattention/Distraction,4495813,1.7,-4.9,0.0,0.0,0.0,0.0,3,30.9,58.3,294,Overcast,0,0,
53668,2021-12-20 14:10:00,40.696068,-73.97152,1,0,Unsafe Speed,4495938,1.8,-4.4,0.0,0.0,0.0,0.0,2,17.9,32.8,282,Partly cloudy,1,1,
53669,2022-01-18 08:00:00,40.872128,-73.88248,1,0,Failure to Yield Right-of-Way,4495572,1.7,-4.9,0.0,0.0,0.0,0.0,3,30.9,58.3,294,Overcast,1,1,
53670,2022-01-18 13:27:00,40.764236,-73.93701,0,0,Unspecified,4495517,1.7,-4.9,0.0,0.0,0.0,0.0,3,30.9,58.3,294,Overcast,0,0,
53671,2022-01-18 08:00:00,40.57597,-73.84801,0,0,Driver Inattention/Distraction,4495557,1.7,-4.9,0.0,0.0,0.0,0.0,3,30.9,58.3,294,Overcast,0,0,
53672,2022-01-18 11:00:00,40.61644,-74.08166,0,0,Unspecified,4495593,1.7,-4.9,0.0,0.0,0.0,0.0,3,30.9,58.3,294,Overcast,0,0,
53673,2022-01-18 08:00:00,40.682503,-73.82131,2,0,Driver Inattention/Distraction,4495487,1.7,-4.9,0.0,0.0,0.0,0.0,3,30.9,58.3,294,Overcast,2,2,
53674,2022-01-13 08:45:00,40.865345,-73.90849,0,0,Other Vehicular,4495971,7.1,-3.7,0.0,0.0,0.0,0.0,3,9.7,18.7,193,Overcast,0,0,
53675,2022-01-18 10:33:00,40.832214,-73.90344,0,0,Unspecified,4495690,1.7,-4.9,0.0,0.0,0.0,0.0,3,30.9,58.3,294,Overcast,0,0,
53676,2022-01-18 22:00:00,40.86315,-73.90907,0,0,Turning Improperly,4495717,1.7,-4.9,0.0,0.0,0.0,0.0,3,30.9,58.3,294,Overcast,0,0,
53677,2022-01-18 15:38:00,40.756683,-73.85793,2,0,Failure to Yield Right-of-Way,4495826,1.7,-4.9,0.0,0.0,0.0,0.0,3,30.9,58.3,294,Overcast,2,2,
53678,2022-01-18 08:40:00,40.600704,-74.12071,0,0,Pavement Slippery,4495499,1.7,-4.9,0.0,0.0,0.0,0.0,3,30.9,58.3,294,Overcast,0,0,
53679,2022-01-18 19:40:00,40.618973,-74.00523,1,0,Traffic Control Disregarded,4495578,1.7,-4.9,0.0,0.0,0.0,0.0,3,30.9,58.3,294,Overcast,1,1,
53680,2022-01-18 20:00:00,40.820023,-73.92663,1,0,Driver Inattention/Distraction,4495653,1.7,-4.9,0.0,0.0,0.0,0.0,3,30.9,58.3,294,Overcast,1,1,
53681,2022-01-18 22:15:00,40.63552,-74.0167,0,0,Other Vehicular,4495804,1.7,-4.9,0.0,0.0,0.0,0.0,3,30.9,58.3,294,Overcast,0,0,
53682,2022-01-18 15:58:00,40.72592,-73.72439,0,0,Driver Inexperience,4495600,1.7,-4.9,0.0,0.0,0.0,0.0,3,30.9,58.3,294,Overcast,0,0,
53683,2022-01-18 16:32:00,40.811638,-73.9316,0,0,Unsafe Lane Changing,4495632,1.7,-4.9,0.0,0.0,0.0,0.0,3,30.9,58.3,294,Overcast,0,0,
53684,2022-01-18 09:10:00,40.700848,-73.96193,0,0,Unsafe Lane Changing,4495536,1.7,-4.9,0.0,0.0,0.0,0.0,3,30.9,58.3,294,Overcast,0,0,
53685,2022-01-18 13:30:00,40.794464,-73.93964,0,0,Passing Too Closely,4495890,1.7,-4.9,0.0,0.0,0.0,0.0,3,30.9,58.3,294,Overcast,0,0,
53686,2022-01-16 20:19:00,40.725994,-73.75815,0,0,Pavement Slippery,4495950,1.3,-13.5,4.4,0.7,2.59,4.0,75,28.1,47.2,36,Snow fall: Heavy,0,0,Snowy Conditions
53687,2022-01-18 18:11:00,40.838127,-73.946526,1,0,Unsafe Speed,4495681,1.7,-4.9,0.0,0.0,0.0,0.0,3,30.9,58.3,294,Overcast,1,1,
53688,2022-01-18 16:50:00,40.882217,-73.88046,0,0,Unspecified,4495711,1.7,-4.9,0.0,0.0,0.0,0.0,3,30.9,58.3,294,Overcast,0,0,
53689,2022-01-18 16:00:00,40.81373,-73.9221,0,0,Unspecified,4495639,1.7,-4.9,0.0,0.0,0.0,0.0,3,30.9,58.3,294,Overcast,0,0,
53690,2022-01-18 20:19:00,40.64644,-73.927864,2,0,Unspecified,4495744,1.7,-4.9,0.0,0.0,0.0,0.0,3,30.9,58.3,294,Overcast,2,2,
53691,2022-01-18 10:30:00,40.802994,-73.86888,0,0,View Obstructed/Limited,4495649,1.7,-4.9,0.0,0.0,0.0,0.0,3,30.9,58.3,294,Overcast,0,0,
53692,2022-01-18 13:40:00,40.65082,-73.94943,0,0,Unspecified,4495747,1.7,-4.9,0.0,0.0,0.0,0.0,3,30.9,58.3,294,Overcast,0,0,
53693,2022-01-18 00:00:00,40.739964,-73.89424,0,0,Driver Inattention/Distraction,4495369,1.7,-4.9,0.0,0.0,0.0,0.0,3,30.9,58.3,294,Overcast,0,0,
53694,2022-01-16 17:00:00,40.62764,-73.89022,0,0,Following Too Closely,4496091,1.3,-13.5,4.4,0.7,2.59,4.0,75,28.1,47.2,36,Snow fall: Heavy,0,0,Snowy Conditions
53695,2022-01-18 03:45:00,40.610508,-74.09576,0,0,Unsafe Lane Changing,4495429,1.7,-4.9,0.0,0.0,0.0,0.0,3,30.9,58.3,294,Overcast,0,0,
53696,2022-01-18 23:25:00,40.62015,-74.02301,0,0,Unsafe Lane Changing,4495606,1.7,-4.9,0.0,0.0,0.0,0.0,3,30.9,58.3,294,Overcast,0,0,
53697,2022-01-18 14:58:00,40.563915,-74.11637,1,0,Unspecified,4495704,1.7,-4.9,0.0,0.0,0.0,0.0,3,30.9,58.3,294,Overcast,1,1,
53698,2022-01-18 14:11:00,40.741295,-73.88029,0,0,Driver Inattention/Distraction,4495640,1.7,-4.9,0.0,0.0,0.0,0.0,3,30.9,58.3,294,Overcast,0,0,
53699,2022-01-15 15:15:00,40.888596,-73.89068,1,0,Unsafe Speed,4496042,-5.3,-11.1,0.0,0.0,0.0,0.0,3,22.4,46.1,345,Overcast,1,1,
53700,2022-07-01 09:42:00,40.629215,-74.07849,3,0,Driver Inattention/Distraction,4544155,33.7,20.2,0.1,0.1,0.0,1.0,51,32.3,58.0,215,Drizzle: Light,3,3,
53701,2022-01-18 14:30:00,40.66645,-73.75764,0,0,Following Too Closely,4495533,1.7,-4.9,0.0,0.0,0.0,0.0,3,30.9,58.3,294,Overcast,0,0,
53702,2022-01-18 17:00:00,40.510677,-74.24845,0,0,Passing Too Closely,4495558,1.7,-4.9,0.0,0.0,0.0,0.0,3,30.9,58.3,294,Overcast,0,0,
53703,2022-01-18 20:53:00,40.598312,-73.96119,0,0,Unspecified,4495618,1.7,-4.9,0.0,0.0,0.0,0.0,3,30.9,58.3,294,Overcast,0,0,
53704,2023-01-12 19:30:00,40.883556,-73.84974,1,0,Driver Inattention/Distraction,4599042,10.1,-0.6,10.8,10.8,0.0,13.0,63,20.1,36.7,117,Rain: Moderate,1,1,
53705,2022-01-14 20:36:00,40.830906,-73.8736,0,0,Driver Inattention/Distraction,4495999,5.0,-5.0,0.0,0.0,0.0,0.0,3,34.6,62.6,358,Overcast,0,0,
53706,2022-01-18 13:15:00,40.76832,-73.99269,0,0,Unspecified,4495502,1.7,-4.9,0.0,0.0,0.0,0.0,3,30.9,58.3,294,Overcast,0,0,
53707,2022-01-18 13:00:00,40.831924,-73.85104,1,0,View Obstructed/Limited,4495762,1.7,-4.9,0.0,0.0,0.0,0.0,3,30.9,58.3,294,Overcast,1,1,
53708,2022-01-18 16:00:00,40.69614,-73.92726,0,0,Passing Too Closely,4495891,1.7,-4.9,0.0,0.0,0.0,0.0,3,30.9,58.3,294,Overcast,0,0,
53709,2022-01-18 08:30:00,40.697952,-73.80217,0,0,Other Vehicular,4495546,1.7,-4.9,0.0,0.0,0.0,0.0,3,30.9,58.3,294,Overcast,0,0,
53710,2022-01-18 05:30:00,40.841347,-73.9169,0,0,Unsafe Speed,4495652,1.7,-4.9,0.0,0.0,0.0,0.0,3,30.9,58.3,294,Overcast,0,0,
53711,2022-01-14 09:45:00,40.70644,-73.90994,0,0,Unsafe Speed,4496023,5.0,-5.0,0.0,0.0,0.0,0.0,3,34.6,62.6,358,Overcast,0,0,
53712,2022-01-18 19:52:00,40.71205,-73.815254,0,0,View Obstructed/Limited,4495612,1.7,-4.9,0.0,0.0,0.0,0.0,3,30.9,58.3,294,Overcast,0,0,
53713,2022-01-18 04:25:00,40.73937,-73.79189,2,0,Driver Inattention/Distraction,4495664,1.7,-4.9,0.0,0.0,0.0,0.0,3,30.9,58.3,294,Overcast,2,2,
53714,2022-01-18 19:21:00,40.798283,-73.96361,0,0,Passing Too Closely,4495819,1.7,-4.9,0.0,0.0,0.0,0.0,3,30.9,58.3,294,Overcast,0,0,
53715,2022-01-18 06:27:00,40.662567,-73.947525,0,0,Driver Inattention/Distraction,4495452,1.7,-4.9,0.0,0.0,0.0,0.0,3,30.9,58.3,294,Overcast,0,0,
53716,2022-01-17 14:45:00,40.76508,-73.985,0,0,Backing Unsafely,4495983,9.7,0.4,33.6,32.8,0.56,12.0,73,54.1,99.7,183,Snow fall: Moderate,0,0,Snowy Conditions
53717,2022-01-18 12:02:00,40.63729,-74.115005,0,0,Unspecified,4495594,1.7,-4.9,0.0,0.0,0.0,0.0,3,30.9,58.3,294,Overcast,0,0,
53718,2022-01-18 23:00:00,40.576626,-73.98478,0,0,Driver Inattention/Distraction,4495926,1.7,-4.9,0.0,0.0,0.0,0.0,3,30.9,58.3,294,Overcast,0,0,
53719,2022-01-18 14:47:00,40.63657,-74.03661,0,0,Following Too Closely,4495781,1.7,-4.9,0.0,0.0,0.0,0.0,3,30.9,58.3,294,Overcast,0,0,
53720,2022-01-18 12:57:00,40.60172,-74.09143,0,0,Failure to Yield Right-of-Way,4495685,1.7,-4.9,0.0,0.0,0.0,0.0,3,30.9,58.3,294,Overcast,0,0,
53721,2022-01-18 15:25:00,40.650387,-73.95872,2,0,Driver Inattention/Distraction,4495716,1.7,-4.9,0.0,0.0,0.0,0.0,3,30.9,58.3,294,Overcast,2,2,
53722,2022-01-18 11:00:00,40.72773,-73.90674,0,0,Driver Inattention/Distraction,4495631,1.7,-4.9,0.0,0.0,0.0,0.0,3,30.9,58.3,294,Overcast,0,0,
53723,2022-01-07 04:00:00,40.752354,-73.76423,0,0,Passing Too Closely,4496005,-0.0,-5.7,9.0,0.0,6.3,11.0,75,26.8,48.6,313,Snow fall: Heavy,0,0,Snowy Conditions
53724,2022-01-18 09:10:00,40.784554,-73.85502,0,0,Unspecified,4495660,1.7,-4.9,0.0,0.0,0.0,0.0,3,30.9,58.3,294,Overcast,0,0,
53725,2022-01-14 16:28:00,40.866695,-73.90231,0,0,Unspecified,4495936,5.0,-5.0,0.0,0.0,0.0,0.0,3,34.6,62.6,358,Overcast,0,0,
53726,2022-01-18 08:00:00,40.655865,-73.94258,0,0,Driver Inattention/Distraction,4495473,1.7,-4.9,0.0,0.0,0.0,0.0,3,30.9,58.3,294,Overcast,0,0,
53727,2022-01-18 22:00:00,40.733303,-73.99333,1,0,View Obstructed/Limited,4495730,1.7,-4.9,0.0,0.0,0.0,0.0,3,30.9,58.3,294,Overcast,1,1,
53728,2022-01-18 00:45:00,40.764988,-73.82067,1,0,Alcohol Involvement,4495567,1.7,-4.9,0.0,0.0,0.0,0.0,3,30.9,58.3,294,Overcast,1,1,
53729,2022-01-18 09:07:00,40.65919,-74.00646,0,0,Unspecified,4495758,1.7,-4.9,0.0,0.0,0.0,0.0,3,30.9,58.3,294,Overcast,0,0,
53730,2022-01-18 21:11:00,40.68087,-73.97515,1,0,Pedestrian/Bicyclist/Other Pedestrian Error/Confusion,4495626,1.7,-4.9,0.0,0.0,0.0,0.0,3,30.9,58.3,294,Overcast,1,1,
53731,2022-01-18 15:00:00,40.678246,-73.84596,0,0,Passing Too Closely,4495728,1.7,-4.9,0.0,0.0,0.0,0.0,3,30.9,58.3,294,Overcast,0,0,
53732,2023-01-17 08:00:00,40.711006,-73.85436,1,0,Unspecified,4598611,7.1,-2.3,0.9,0.9,0.0,2.0,53,13.2,24.5,254,Drizzle: Moderate,1,1,
53733,2022-01-18 18:11:00,40.843433,-73.94164,1,0,Driver Inattention/Distraction,4495679,1.7,-4.9,0.0,0.0,0.0,0.0,3,30.9,58.3,294,Overcast,1,1,
53734,2022-01-18 04:45:00,40.77146,-73.994354,0,0,Passing or Lane Usage Improper,4495398,1.7,-4.9,0.0,0.0,0.0,0.0,3,30.9,58.3,294,Overcast,0,0,
53735,2022-01-07 13:43:00,40.692055,-73.76091,0,0,Following Too Closely,4496077,-0.0,-5.7,9.0,0.0,6.3,11.0,75,26.8,48.6,313,Snow fall: Heavy,0,0,Snowy Conditions
53736,2022-01-11 14:00:00,40.597553,-73.99117,0,0,Driver Inattention/Distraction,4495919,-4.2,-8.8,0.0,0.0,0.0,0.0,1,26.7,50.8,316,Mainly clear,0,0,Sunny/Clear Conditions
53737,2022-01-18 13:02:00,40.682213,-73.862564,0,0,Reaction to Uninvolved Vehicle,4495544,1.7,-4.9,0.0,0.0,0.0,0.0,3,30.9,58.3,294,Overcast,0,0,
53738,2022-01-18 07:25:00,40.837673,-73.86548,1,0,Driver Inattention/Distraction,4495550,1.7,-4.9,0.0,0.0,0.0,0.0,3,30.9,58.3,294,Overcast,1,1,
53739,2022-01-18 18:50:00,40.838715,-73.94237,0,0,Other Vehicular,4495794,1.7,-4.9,0.0,0.0,0.0,0.0,3,30.9,58.3,294,Overcast,0,0,
53740,2022-01-18 17:22:00,40.691948,-73.730675,0,0,Unspecified,4495577,1.7,-4.9,0.0,0.0,0.0,0.0,3,30.9,58.3,294,Overcast,0,0,
53741,2022-01-18 00:00:00,40.646942,-73.94757,0,0,Backing Unsafely,4495864,1.7,-4.9,0.0,0.0,0.0,0.0,3,30.9,58.3,294,Overcast,0,0,
53742,2022-01-18 22:35:00,40.759308,-73.9653,0,0,Driver Inattention/Distraction,4495611,1.7,-4.9,0.0,0.0,0.0,0.0,3,30.9,58.3,294,Overcast,0,0,
53743,2022-01-18 11:30:00,40.71232,-73.73202,0,0,Unspecified,4495958,1.7,-4.9,0.0,0.0,0.0,0.0,3,30.9,58.3,294,Overcast,0,0,