,CRASH DATETIME,LATITUDE,LONGITUDE,NUMBER OF PERSONS INJURED,NUMBER OF PERSONS KILLED,CONTRIBUTING FACTOR VEHICLE 1,COLLISION_ID,temperature_2m_max,temperature_2m_min,precipitation_sum,rain_sum,snowfall_sum,precipitation_hours,weather_code,wind_speed_10m_max,wind_gusts_10m_max,wind_direction_10m_dominant,Weather Description,Severity_Score,Total_Affected_Persons,Weather_Category
53744,2022-01-18 08:30:00,40.710434,-73.838066,0,0,Passing or Lane Usage Improper,4495492,1.7,-4.9,0.0,0.0,0.0,0.0,3,30.9,58.3,294,Overcast,0,0,
53745,2022-01-18 18:05:00,40.745895,-73.98011,0,0,Unspecified,4495795,1.7,-4.9,0.0,0.0,0.0,0.0,3,30.9,58.3,294,Overcast,0,0,
53746,2022-01-18 22:40:00,40.803432,-73.95611,0,0,Backing Unsafely,4495942,1.7,-4.9,0.0,0.0,0.0,0.0,3,30.9,58.3,294,Overcast,0,0,
53747,2022-01-18 10:00:00,40.836296,-73.87369,1,0,Following Too Closely,4495998,1.7,-4.9,0.0,0.0,0.0,0.0,3,30.9,58.3,294,Overcast,1,1,
53748,2022-01-18 09:40:00,40.791046,-73.95138,0,0,Unspecified,4495506,1.7,-4.9,0.0,0.0,0.0,0.0,3,30.9,58.3,294,Overcast,0,0,
53749,2022-01-18 07:59:00,40.69599,-73.73665,0,0,Unspecified,4495575,1.7,-4.9,0.0,0.0,0.0,0.0,3,30.9,58.3,294,Overcast,0,0,
53750,2022-01-18 15:45:00,40.69595,-73.9824,0,0,Following Too Closely,4495604,1.7,-4.9,0.0,0.0,0.0,0.0,3,30.9,58.3,294,Overcast,0,0,
53751,2022-01-17 12:40:00,40.65121,-73.95893,1,0,Pedestrian/Bicyclist/Other Pedestrian Error/Confusion,4496061,9.7,0.4,33.6,32.8,0.56,12.0,73,54.1,99.7,183,Snow fall: Moderate,1,1,Snowy Conditions
53752,2022-01-18 08:13:00,40.674694,-73.78435,1,0,Failure to Yield Right-of-Way,4495531,1.7,-4.9,0.0,0.0,0.0,0.0,3,30.9,58.3,294,Overcast,1,1,
53753,2022-01-18 11:15:00,40.78587,-73.95305,0,0,Driver Inattention/Distraction,4495620,1.7,-4.9,0.0,0.0,0.0,0.0,3,30.9,58.3,294,Overcast,0,0,
53754,2022-01-18 10:15:00,40.60168,-74.1633,0,0,Driver Inattention/Distraction,4495463,1.7,-4.9,0.0,0.0,0.0,0.0,3,30.9,58.3,294,Overcast,0,0,
53755,2022-01-18 00:00:00,40.742912,-73.916504,0,0,Unsafe Lane Changing,4495595,1.7,-4.9,0.0,0.0,0.0,0.0,3,30.9,58.3,294,Overcast,0,0,
53756,2022-01-18 22:25:00,40.88452,-73.87762,0,0,Alcohol Involvement,4495786,1.7,-4.9,0.0,0.0,0.0,0.0,3,30.9,58.3,294,Overcast,0,0,
53757,2022-01-18 11:05:00,0.0,0.0,0,0,Driver Inattention/Distraction,4495584,1.7,-4.9,0.0,0.0,0.0,0.0,3,30.9,58.3,294,Overcast,0,0,
53758,2021-12-24 05:45:00,40.75785,-73.860016,0,0,Following Too Closely,4495961,5.7,-1.1,1.0,0.0,0.7,5.0,73,12.4,21.6,73,Snow fall: Moderate,0,0,Snowy Conditions
53759,2022-01-18 14:34:00,40.815525,-73.959724,0,0,Unspecified,4495852,1.7,-4.9,0.0,0.0,0.0,0.0,3,30.9,58.3,294,Overcast,0,0,
53760,2022-01-18 19:00:00,40.844086,-73.892914,0,0,Driver Inattention/Distraction,4495982,1.7,-4.9,0.0,0.0,0.0,0.0,3,30.9,58.3,294,Overcast,0,0,
53761,2022-01-17 10:00:00,40.78318,-73.94362,0,0,Following Too Closely,4495933,9.7,0.4,33.6,32.8,0.56,12.0,73,54.1,99.7,183,Snow fall: Moderate,0,0,Snowy Conditions
53762,2022-01-18 11:30:00,40.534267,-74.15398,0,0,Unspecified,4495700,1.7,-4.9,0.0,0.0,0.0,0.0,3,30.9,58.3,294,Overcast,0,0,
53763,2022-01-18 12:12:00,40.738495,-73.90274,0,0,Outside Car Distraction,4495630,1.7,-4.9,0.0,0.0,0.0,0.0,3,30.9,58.3,294,Overcast,0,0,
53764,2022-01-18 15:50:00,40.709305,-73.84369,1,0,Driver Inattention/Distraction,4495561,1.7,-4.9,0.0,0.0,0.0,0.0,3,30.9,58.3,294,Overcast,1,1,
53765,2022-01-18 18:57:00,40.837685,-73.94578,0,0,Driver Inattention/Distraction,4495665,1.7,-4.9,0.0,0.0,0.0,0.0,3,30.9,58.3,294,Overcast,0,0,
53766,2022-01-18 21:00:00,40.7538,-73.90213,0,0,Turning Improperly,4496097,1.7,-4.9,0.0,0.0,0.0,0.0,3,30.9,58.3,294,Overcast,0,0,
53767,2022-01-18 18:07:00,40.840195,-73.94307,0,0,Driver Inattention/Distraction,4495677,1.7,-4.9,0.0,0.0,0.0,0.0,3,30.9,58.3,294,Overcast,0,0,
53768,2022-01-18 17:12:00,40.847717,-73.86321,0,0,Unsafe Speed,4495778,1.7,-4.9,0.0,0.0,0.0,0.0,3,30.9,58.3,294,Overcast,0,0,
53769,2022-01-18 12:30:00,40.727207,-73.90742,0,0,Unsafe Lane Changing,4495651,1.7,-4.9,0.0,0.0,0.0,0.0,3,30.9,58.3,294,Overcast,0,0,
53770,2022-01-18 12:43:00,40.845467,-73.92813,0,0,Driver Inattention/Distraction,4495613,1.7,-4.9,0.0,0.0,0.0,0.0,3,30.9,58.3,294,Overcast,0,0,
53771,2022-01-18 08:20:00,40.705326,-73.87665,0,0,Turning Improperly,4495817,1.7,-4.9,0.0,0.0,0.0,0.0,3,30.9,58.3,294,Overcast,0,0,
53772,2022-01-18 14:37:00,40.72881,-73.99507,0,0,Failure to Yield Right-of-Way,4495731,1.7,-4.9,0.0,0.0,0.0,0.0,3,30.9,58.3,294,Overcast,0,0,
53773,2022-01-18 14:00:00,40.638523,-74.01,0,0,Following Too Closely,4495759,1.7,-4.9,0.0,0.0,0.0,0.0,3,30.9,58.3,294,Overcast,0,0,
53774,2022-01-18 01:17:00,40.669174,-73.920715,0,0,Brakes Defective,4495404,1.7,-4.9,0.0,0.0,0.0,0.0,3,30.9,58.3,294,Overcast,0,0,
53775,2022-01-18 17:18:00,40.80934,-73.91248,2,0,Unspecified,4495634,1.7,-4.9,0.0,0.0,0.0,0.0,3,30.9,58.3,294,Overcast,2,2,
53776,2022-01-17 15:30:00,40.577995,-73.95964,0,0,Oversized Vehicle,4495922,9.7,0.4,33.6,32.8,0.56,12.0,73,54.1,99.7,183,Snow fall: Moderate,0,0,Snowy Conditions
53777,2022-01-18 14:30:00,40.821507,-73.86204,0,0,Pavement Slippery,4495551,1.7,-4.9,0.0,0.0,0.0,0.0,3,30.9,58.3,294,Overcast,0,0,
53778,2022-01-18 08:30:00,40.72302,-73.799934,1,0,Failure to Yield Right-of-Way,4495874,1.7,-4.9,0.0,0.0,0.0,0.0,3,30.9,58.3,294,Overcast,1,1,
53779,2022-01-18 14:50:00,40.62452,-73.99749,1,0,Unspecified,4495699,1.7,-4.9,0.0,0.0,0.0,0.0,3,30.9,58.3,294,Overcast,1,1,
53780,2021-10-28 13:12:00,40.73091,-73.86084,1,0,Failure to Yield Right-of-Way,4472073,15.2,7.9,0.0,0.0,0.0,0.0,3,19.1,34.6,28,Overcast,1,1,
53781,2022-01-18 11:31:00,40.649155,-73.96302,1,0,Unspecified,4495715,1.7,-4.9,0.0,0.0,0.0,0.0,3,30.9,58.3,294,Overcast,1,1,
53782,2022-01-16 13:30:00,40.742043,-73.990776,0,0,Unspecified,4496008,1.3,-13.5,4.4,0.7,2.59,4.0,75,28.1,47.2,36,Snow fall: Heavy,0,0,Snowy Conditions
53783,2022-01-18 17:20:00,40.721966,-74.00824,0,0,Unspecified,4495790,1.7,-4.9,0.0,0.0,0.0,0.0,3,30.9,58.3,294,Overcast,0,0,
53784,2022-01-18 13:02:00,40.696556,-73.98091,0,0,Following Too Closely,4495610,1.7,-4.9,0.0,0.0,0.0,0.0,3,30.9,58.3,294,Overcast,0,0,
53785,2022-01-18 00:00:00,40.842438,-73.93926,1,0,Turning Improperly,4495497,1.7,-4.9,0.0,0.0,0.0,0.0,3,30.9,58.3,294,Overcast,1,1,
53786,2022-01-18 12:41:00,40.610844,-73.991776,2,0,Unsafe Speed,4495799,1.7,-4.9,0.0,0.0,0.0,0.0,3,30.9,58.3,294,Overcast,2,2,
53787,2022-01-18 20:30:00,40.785763,-73.85237,0,0,Reaction to Uninvolved Vehicle,4495659,1.7,-4.9,0.0,0.0,0.0,0.0,3,30.9,58.3,294,Overcast,0,0,
53788,2022-01-18 07:10:00,40.768974,-73.773766,0,0,Unspecified,4495586,1.7,-4.9,0.0,0.0,0.0,0.0,3,30.9,58.3,294,Overcast,0,0,
53789,2022-01-18 12:40:00,40.761425,-73.94282,1,0,Failure to Yield Right-of-Way,4495614,1.7,-4.9,0.0,0.0,0.0,0.0,3,30.9,58.3,294,Overcast,1,1,
53790,2022-01-18 00:00:00,40.809402,-73.95725,0,0,Unspecified,4496032,1.7,-4.9,0.0,0.0,0.0,0.0,3,30.9,58.3,294,Overcast,0,0,
53791,2022-01-12 17:06:00,40.61004,-73.97108,0,0,Unspecified,4495944,4.6,-7.3,0.0,0.0,0.0,0.0,3,20.5,39.2,213,Overcast,0,0,
53792,2022-01-18 18:19:00,40.80226,-73.94428,1,0,Pedestrian/Bicyclist/Other Pedestrian Error/Confusion,4495964,1.7,-4.9,0.0,0.0,0.0,0.0,3,30.9,58.3,294,Overcast,1,1,
53793,2022-01-18 01:23:00,40.624382,-73.94643,0,0,Alcohol Involvement,4495491,1.7,-4.9,0.0,0.0,0.0,0.0,3,30.9,58.3,294,Overcast,0,0,
53794,2022-01-18 09:38:00,40.695908,-73.83367,0,0,Passing Too Closely,4495722,1.7,-4.9,0.0,0.0,0.0,0.0,3,30.9,58.3,294,Overcast,0,0,
53795,2022-01-18 10:00:00,40.881126,-73.863,0,0,Unspecified,4495539,1.7,-4.9,0.0,0.0,0.0,0.0,3,30.9,58.3,294,Overcast,0,0,
53796,2022-01-18 17:05:00,40.712696,-73.900604,1,0,Failure to Yield Right-of-Way,4495814,1.7,-4.9,0.0,0.0,0.0,0.0,3,30.9,58.3,294,Overcast,1,1,
53797,2022-01-18 08:18:00,40.8514,-73.90606,0,0,Unspecified,4495458,1.7,-4.9,0.0,0.0,0.0,0.0,3,30.9,58.3,294,Overcast,0,0,
53798,2022-01-18 18:55:00,40.769634,-73.94841,0,0,Other Vehicular,4495622,1.7,-4.9,0.0,0.0,0.0,0.0,3,30.9,58.3,294,Overcast,0,0,
53799,2022-01-14 19:28:00,40.79968,-73.95586,0,0,Following Too Closely,4495941,5.0,-5.0,0.0,0.0,0.0,0.0,3,34.6,62.6,358,Overcast,0,0,
53800,2022-01-18 11:18:00,40.638996,-73.948326,0,0,Passing Too Closely,4495785,1.7,-4.9,0.0,0.0,0.0,0.0,3,30.9,58.3,294,Overcast,0,0,
53801,2022-01-18 16:07:00,40.879013,-73.87245,0,0,Unspecified,4495573,1.7,-4.9,0.0,0.0,0.0,0.0,3,30.9,58.3,294,Overcast,0,0,
53802,2022-01-18 18:15:00,40.84257,-73.94211,0,0,Driver Inattention/Distraction,4495667,1.7,-4.9,0.0,0.0,0.0,0.0,3,30.9,58.3,294,Overcast,0,0,
53803,2022-01-18 09:10:00,40.81881,-73.92828,0,0,Unspecified,4495642,1.7,-4.9,0.0,0.0,0.0,0.0,3,30.9,58.3,294,Overcast,0,0,
53804,2021-12-19 10:46:00,40.58728,-73.81321,1,0,Driver Inattention/Distraction,4496060,7.1,-1.8,0.5,0.5,0.0,4.0,51,26.4,47.5,327,Drizzle: Light,1,1,
53805,2022-01-18 13:10:00,40.847027,-73.89807,4,0,Traffic Control Disregarded,4495678,1.7,-4.9,0.0,0.0,0.0,0.0,3,30.9,58.3,294,Overcast,4,4,
53806,2022-01-18 15:24:00,40.66922,-73.801094,0,0,Reaction to Uninvolved Vehicle,4495562,1.7,-4.9,0.0,0.0,0.0,0.0,3,30.9,58.3,294,Overcast,0,0,
53807,2022-01-18 00:00:00,40.748985,-73.979965,1,0,Driver Inattention/Distraction,4495520,1.7,-4.9,0.0,0.0,0.0,0.0,3,30.9,58.3,294,Overcast,1,1,
53808,2022-01-18 10:00:00,40.73715,-73.930824,0,0,Unsafe Speed,4495841,1.7,-4.9,0.0,0.0,0.0,0.0,3,30.9,58.3,294,Overcast,0,0,
53809,2022-01-17 21:03:00,40.816994,-73.82229,0,0,Failure to Yield Right-of-Way,4495974,9.7,0.4,33.6,32.8,0.56,12.0,73,54.1,99.7,183,Snow fall: Moderate,0,0,Snowy Conditions
53810,2022-01-18 15:13:00,40.78324,-73.97455,0,0,Other Vehicular,4495596,1.7,-4.9,0.0,0.0,0.0,0.0,3,30.9,58.3,294,Overcast,0,0,
53811,2022-01-18 16:25:00,40.57316,-74.114815,1,0,View Obstructed/Limited,4495701,1.7,-4.9,0.0,0.0,0.0,0.0,3,30.9,58.3,294,Overcast,1,1,
53812,2022-01-17 11:30:00,40.722652,-73.99599,0,0,Passing Too Closely,4495929,9.7,0.4,33.6,32.8,0.56,12.0,73,54.1,99.7,183,Snow fall: Moderate,0,0,Snowy Conditions
53813,2022-01-18 12:40:00,40.769848,-73.98432,0,0,Other Vehicular,4495766,1.7,-4.9,0.0,0.0,0.0,0.0,3,30.9,58.3,294,Overcast,0,0,
53814,2022-01-18 09:30:00,40.79216,-73.9777,0,0,Backing Unsafely,4495510,1.7,-4.9,0.0,0.0,0.0,0.0,3,30.9,58.3,294,Overcast,0,0,
53815,2022-01-18 09:00:00,40.758976,-73.99394,0,0,Passing or Lane Usage Improper,4495447,1.7,-4.9,0.0,0.0,0.0,0.0,3,30.9,58.3,294,Overcast,0,0,
53816,2022-01-18 17:20:00,40.7157,-73.98268,1,0,Unspecified,4495708,1.7,-4.9,0.0,0.0,0.0,0.0,3,30.9,58.3,294,Overcast,1,1,
53817,2022-01-18 16:24:00,40.68305,-73.97377,0,0,Driver Inattention/Distraction,4495602,1.7,-4.9,0.0,0.0,0.0,0.0,3,30.9,58.3,294,Overcast,0,0,
53818,2022-01-18 11:00:00,40.697277,-73.98503,0,0,Backing Unsafely,4496093,1.7,-4.9,0.0,0.0,0.0,0.0,3,30.9,58.3,294,Overcast,0,0,
53819,2022-01-18 06:10:00,40.742943,-73.91685,0,0,Driver Inattention/Distraction,4495636,1.7,-4.9,0.0,0.0,0.0,0.0,3,30.9,58.3,294,Overcast,0,0,
53820,2022-01-18 14:29:00,40.60069,-74.010056,0,0,Traffic Control Disregarded,4495552,1.7,-4.9,0.0,0.0,0.0,0.0,3,30.9,58.3,294,Overcast,0,0,
53821,2022-01-18 17:20:00,40.72032,-73.99405,0,0,Passing Too Closely,4495925,1.7,-4.9,0.0,0.0,0.0,0.0,3,30.9,58.3,294,Overcast,0,0,
53822,2022-01-18 20:26:00,40.77873,-73.977844,0,0,Passing Too Closely,4495792,1.7,-4.9,0.0,0.0,0.0,0.0,3,30.9,58.3,294,Overcast,0,0,
53823,2022-01-18 04:20:00,40.870567,-73.84328,1,0,Passing or Lane Usage Improper,4495538,1.7,-4.9,0.0,0.0,0.0,0.0,3,30.9,58.3,294,Overcast,1,1,
53824,2022-01-18 06:45:00,40.619663,-74.099686,0,0,Driver Inattention/Distraction,4495589,1.7,-4.9,0.0,0.0,0.0,0.0,3,30.9,58.3,294,Overcast,0,0,
53825,2022-01-07 14:30:00,40.7684,-73.73755,0,0,Unspecified,4495995,-0.0,-5.7,9.0,0.0,6.3,11.0,75,26.8,48.6,313,Snow fall: Heavy,0,0,Snowy Conditions
53826,2022-01-11 20:06:00,40.677544,-73.98295,0,0,Unspecified,4495966,-4.2,-8.8,0.0,0.0,0.0,0.0,1,26.7,50.8,316,Mainly clear,0,0,Sunny/Clear Conditions
53827,2022-01-18 09:10:00,40.600704,-74.12071,0,0,Pavement Slippery,4495498,1.7,-4.9,0.0,0.0,0.0,0.0,3,30.9,58.3,294,Overcast,0,0,
53828,2022-01-18 21:50:00,40.839798,-73.873604,0,0,Unsafe Speed,4495682,1.7,-4.9,0.0,0.0,0.0,0.0,3,30.9,58.3,294,Overcast,0,0,
53829,2022-01-18 05:30:00,40.762505,-73.8037,1,0,Failure to Yield Right-of-Way,4495407,1.7,-4.9,0.0,0.0,0.0,0.0,3,30.9,58.3,294,Overcast,1,1,
53830,2022-01-18 09:00:00,40.634583,-73.96201,0,0,Driver Inattention/Distraction,4495719,1.7,-4.9,0.0,0.0,0.0,0.0,3,30.9,58.3,294,Overcast,0,0,
53831,2022-01-18 16:13:00,40.83568,-73.87037,2,0,Driver Inattention/Distraction,4495761,1.7,-4.9,0.0,0.0,0.0,0.0,3,30.9,58.3,294,Overcast,2,2,
53832,2022-01-18 19:24:00,40.740894,-73.89961,1,0,Driver Inattention/Distraction,4495633,1.7,-4.9,0.0,0.0,0.0,0.0,3,30.9,58.3,294,Overcast,1,1,
53833,2022-01-14 00:02:00,40.697247,-73.84302,0,0,Backing Unsafely,4496015,5.0,-5.0,0.0,0.0,0.0,0.0,3,34.6,62.6,358,Overcast,0,0,
53834,2022-01-18 10:30:00,40.718967,-73.96104,0,0,Unspecified,4495655,1.7,-4.9,0.0,0.0,0.0,0.0,3,30.9,58.3,294,Overcast,0,0,
53835,2022-01-18 15:30:00,40.708447,-73.79678,0,0,Driver Inattention/Distraction,4495740,1.7,-4.9,0.0,0.0,0.0,0.0,3,30.9,58.3,294,Overcast,0,0,
53836,2022-01-18 18:40:00,40.701187,-73.74148,1,0,Failure to Yield Right-of-Way,4495581,1.7,-4.9,0.0,0.0,0.0,0.0,3,30.9,58.3,294,Overcast,1,1,
53837,2022-01-18 10:30:00,40.720158,-74.00382,0,0,Unspecified,4495490,1.7,-4.9,0.0,0.0,0.0,0.0,3,30.9,58.3,294,Overcast,0,0,
53838,2022-01-18 15:46:00,40.66479,-73.91532,0,0,Unspecified,4495889,1.7,-4.9,0.0,0.0,0.0,0.0,3,30.9,58.3,294,Overcast,0,0,
53839,2022-01-14 10:35:00,40.89466,-73.86137,0,0,Unsafe Lane Changing,4496040,5.0,-5.0,0.0,0.0,0.0,0.0,3,34.6,62.6,358,Overcast,0,0,
53840,2022-01-18 15:05:00,40.758236,-73.93702,1,0,Driver Inattention/Distraction,4495615,1.7,-4.9,0.0,0.0,0.0,0.0,3,30.9,58.3,294,Overcast,1,1,
53841,2022-01-18 23:30:00,40.71122,-73.72827,2,0,Unspecified,4495609,1.7,-4.9,0.0,0.0,0.0,0.0,3,30.9,58.3,294,Overcast,2,2,
53842,2022-01-18 18:00:00,40.842937,-73.895386,0,0,Driver Inattention/Distraction,4495948,1.7,-4.9,0.0,0.0,0.0,0.0,3,30.9,58.3,294,Overcast,0,0,
53843,2022-01-18 11:00:00,40.831635,-73.91894,0,0,Other Vehicular,4495650,1.7,-4.9,0.0,0.0,0.0,0.0,3,30.9,58.3,294,Overcast,0,0,
53844,2022-01-18 00:00:00,40.7136,-73.980515,0,0,Unspecified,4495692,1.7,-4.9,0.0,0.0,0.0,0.0,3,30.9,58.3,294,Overcast,0,0,
53845,2022-01-18 17:25:00,40.84519,-73.9112,0,0,View Obstructed/Limited,4495712,1.7,-4.9,0.0,0.0,0.0,0.0,3,30.9,58.3,294,Overcast,0,0,
53846,2022-01-18 14:28:00,40.755337,-73.843254,0,0,Turning Improperly,4495637,1.7,-4.9,0.0,0.0,0.0,0.0,3,30.9,58.3,294,Overcast,0,0,
53847,2022-01-18 06:10:00,40.763344,-73.75791,0,0,Driver Inattention/Distraction,4495668,1.7,-4.9,0.0,0.0,0.0,0.0,3,30.9,58.3,294,Overcast,0,0,
53848,2022-07-05 17:50:00,40.631924,-74.016495,2,0,Unsafe Speed,4543666,30.0,20.3,0.5,0.5,0.0,2.0,51,30.4,56.5,191,Drizzle: Light,2,2,
53849,2022-07-05 03:00:00,40.649834,-74.01819,1,0,Driver Inattention/Distraction,4544021,30.0,20.3,0.5,0.5,0.0,2.0,51,30.4,56.5,191,Drizzle: Light,1,1,
53850,2022-06-29 21:25:00,40.71048,-73.9655,1,0,Driver Inattention/Distraction,4544403,29.0,17.7,0.0,0.0,0.0,0.0,3,27.2,51.5,195,Overcast,1,1,
53851,2022-06-21 01:00:00,40.69666,-73.93109,1,0,Unspecified,4544267,26.0,14.6,1.0,1.0,0.0,3.0,53,13.0,24.1,175,Drizzle: Moderate,1,1,
53852,2022-07-05 09:18:00,40.578,-73.99372,0,0,Other Vehicular,4543931,30.0,20.3,0.5,0.5,0.0,2.0,51,30.4,56.5,191,Drizzle: Light,0,0,
53853,2022-07-01 17:55:00,40.719597,-73.98237,0,0,Driver Inattention/Distraction,4544220,33.7,20.2,0.1,0.1,0.0,1.0,51,32.3,58.0,215,Drizzle: Light,0,0,
53854,2022-07-05 08:25:00,40.713585,-73.941505,1,0,Failure to Yield Right-of-Way,4544421,30.0,20.3,0.5,0.5,0.0,2.0,51,30.4,56.5,191,Drizzle: Light,1,1,
53855,2022-07-05 01:44:00,40.808006,-73.91434,0,0,Alcohol Involvement,4543729,30.0,20.3,0.5,0.5,0.0,2.0,51,30.4,56.5,191,Drizzle: Light,0,0,
53856,2022-07-05 13:22:00,40.631077,-74.08808,0,0,Driver Inattention/Distraction,4544162,30.0,20.3,0.5,0.5,0.0,2.0,51,30.4,56.5,191,Drizzle: Light,0,0,
53857,2022-06-26 07:15:00,40.683647,-73.94688,0,0,Passing Too Closely,4544199,30.8,19.9,0.0,0.0,0.0,0.0,3,30.9,55.8,188,Overcast,0,0,
53858,2022-07-05 23:29:00,40.669502,-73.89913,0,0,Traffic Control Disregarded,4543785,30.0,20.3,0.5,0.5,0.0,2.0,51,30.4,56.5,191,Drizzle: Light,0,0,
53859,2022-07-02 10:29:00,40.75882,-73.805145,0,0,Unspecified,4544138,30.8,23.1,4.0,4.0,0.0,5.0,61,19.4,40.0,229,Rain: Light,0,0,
53860,2022-07-05 08:00:00,40.68405,-73.97746,1,0,Failure to Yield Right-of-Way,4543530,30.0,20.3,0.5,0.5,0.0,2.0,51,30.4,56.5,191,Drizzle: Light,1,1,
53861,2022-07-05 08:00:00,40.837006,-73.869995,0,0,Unspecified,4543955,30.0,20.3,0.5,0.5,0.0,2.0,51,30.4,56.5,191,Drizzle: Light,0,0,
53862,2022-07-05 07:35:00,40.696117,-73.93628,0,0,Passing Too Closely,4543636,30.0,20.3,0.5,0.5,0.0,2.0,51,30.4,56.5,191,Drizzle: Light,0,0,
53863,2022-07-05 13:42:00,40.662296,-73.98874,1,0,Other Vehicular,4543978,30.0,20.3,0.5,0.5,0.0,2.0,51,30.4,56.5,191,Drizzle: Light,1,1,
53864,2022-07-05 12:50:00,40.68662,-73.82319,0,0,Unsafe Speed,4543713,30.0,20.3,0.5,0.5,0.0,2.0,51,30.4,56.5,191,Drizzle: Light,0,0,
53865,2022-07-05 18:30:00,40.687126,-73.993614,0,0,Following Too Closely,4543954,30.0,20.3,0.5,0.5,0.0,2.0,51,30.4,56.5,191,Drizzle: Light,0,0,
53866,2022-07-01 13:00:00,40.70994,-73.93896,0,0,Passing Too Closely,4544437,33.7,20.2,0.1,0.1,0.0,1.0,51,32.3,58.0,215,Drizzle: Light,0,0,
53867,2022-07-05 14:29:00,40.85315,-73.90561,0,0,Unspecified,4543839,30.0,20.3,0.5,0.5,0.0,2.0,51,30.4,56.5,191,Drizzle: Light,0,0,
53868,2022-06-22 12:21:00,40.732937,-73.920395,0,0,Driver Inattention/Distraction,4544250,20.6,16.7,3.3,3.3,0.0,11.0,53,23.2,43.9,127,Drizzle: Moderate,0,0,
53869,2022-07-05 00:38:00,40.710285,-73.95041,0,0,Passing Too Closely,4543421,30.0,20.3,0.5,0.5,0.0,2.0,51,30.4,56.5,191,Drizzle: Light,0,0,
53870,2022-07-05 13:21:00,40.73128,-73.94678,0,0,Passing Too Closely,4544288,30.0,20.3,0.5,0.5,0.0,2.0,51,30.4,56.5,191,Drizzle: Light,0,0,
53871,2022-06-30 08:26:00,40.737885,-73.98091,1,0,Unspecified,4544185,31.2,17.3,0.0,0.0,0.0,0.0,2,19.1,37.4,274,Partly cloudy,1,1,
53872,2022-06-30 18:30:00,40.539825,-74.17637,0,0,Unspecified,4544357,31.2,17.3,0.0,0.0,0.0,0.0,2,19.1,37.4,274,Partly cloudy,0,0,
53873,2022-07-03 19:39:00,40.87757,-73.851555,1,0,Failure to Yield Right-of-Way,4544336,31.2,21.0,0.0,0.0,0.0,0.0,3,15.8,31.3,341,Overcast,1,1,
53874,2022-07-05 09:19:00,40.62444,-73.9304,1,0,Failure to Yield Right-of-Way,4543599,30.0,20.3,0.5,0.5,0.0,2.0,51,30.4,56.5,191,Drizzle: Light,1,1,
53875,2022-07-05 10:40:00,40.82255,-73.88573,1,0,Passing or Lane Usage Improper,4543616,30.0,20.3,0.5,0.5,0.0,2.0,51,30.4,56.5,191,Drizzle: Light,1,1,
53876,2022-07-05 18:10:00,40.674934,-73.80186,0,0,Failure to Yield Right-of-Way,4544055,30.0,20.3,0.5,0.5,0.0,2.0,51,30.4,56.5,191,Drizzle: Light,0,0,
53877,2022-06-30 00:00:00,0.0,0.0,1,0,Driver Inattention/Distraction,4544286,31.2,17.3,0.0,0.0,0.0,0.0,2,19.1,37.4,274,Partly cloudy,1,1,
53878,2022-07-05 14:55:00,40.665257,-73.735344,1,0,Driver Inattention/Distraction,4543651,30.0,20.3,0.5,0.5,0.0,2.0,51,30.4,56.5,191,Drizzle: Light,1,1,
53879,2022-06-30 16:45:00,40.631706,-73.94649,1,0,Driver Inattention/Distraction,4544123,31.2,17.3,0.0,0.0,0.0,0.0,2,19.1,37.4,274,Partly cloudy,1,1,
53880,2022-06-27 17:31:00,40.689228,-73.957,0,0,Backing Unsafely,4544309,26.2,19.8,11.7,11.7,0.0,9.0,63,20.5,43.2,224,Rain: Moderate,0,0,
53881,2022-07-05 09:16:00,40.677353,-74.00446,0,0,Unspecified,4543681,30.0,20.3,0.5,0.5,0.0,2.0,51,30.4,56.5,191,Drizzle: Light,0,0,
53882,2022-07-04 21:00:00,40.612514,-74.08775,0,0,Unspecified,4544146,30.9,17.5,0.0,0.0,0.0,0.0,3,15.4,27.4,302,Overcast,0,0,
53883,2022-07-03 22:22:00,40.63787,-73.90963,0,0,Unspecified,4544334,31.2,21.0,0.0,0.0,0.0,0.0,3,15.8,31.3,341,Overcast,0,0,
53884,2022-07-05 09:05:00,40.660057,-73.96062,1,0,Failure to Yield Right-of-Way,4543552,30.0,20.3,0.5,0.5,0.0,2.0,51,30.4,56.5,191,Drizzle: Light,1,1,
53885,2022-07-05 14:00:00,40.624554,-73.9671,1,0,Traffic Control Disregarded,4544075,30.0,20.3,0.5,0.5,0.0,2.0,51,30.4,56.5,191,Drizzle: Light,1,1,
53886,2022-06-28 22:30:00,40.607212,-74.07682,1,0,Driver Inattention/Distraction,4544142,27.5,19.1,0.0,0.0,0.0,0.0,3,14.4,28.4,334,Overcast,1,1,
53887,2022-06-24 15:00:00,40.625553,-74.08241,0,0,Unspecified,4544160,26.7,14.6,1.0,1.0,0.0,6.0,51,19.2,37.4,204,Drizzle: Light,0,0,
53888,2022-07-05 05:25:00,40.696167,-73.8045,0,0,Failure to Yield Right-of-Way,4543570,30.0,20.3,0.5,0.5,0.0,2.0,51,30.4,56.5,191,Drizzle: Light,0,0,
53889,2022-07-05 02:30:00,40.68603,-73.93268,0,0,Turning Improperly,4543646,30.0,20.3,0.5,0.5,0.0,2.0,51,30.4,56.5,191,Drizzle: Light,0,0,
53890,2022-07-03 19:38:00,40.66323,-73.93161,2,0,Alcohol Involvement,4544317,31.2,21.0,0.0,0.0,0.0,0.0,3,15.8,31.3,341,Overcast,2,2,
53891,2022-07-04 00:24:00,40.853714,-73.92681,1,0,Unsafe Speed,4544325,30.9,17.5,0.0,0.0,0.0,0.0,3,15.4,27.4,302,Overcast,1,1,