,CRASH DATETIME,LATITUDE,LONGITUDE,NUMBER OF PERSONS INJURED,NUMBER OF PERSONS KILLED,CONTRIBUTING FACTOR VEHICLE 1,COLLISION_ID,temperature_2m_max,temperature_2m_min,precipitation_sum,rain_sum,snowfall_sum,precipitation_hours,weather_code,wind_speed_10m_max,wind_gusts_10m_max,wind_direction_10m_dominant,Weather Description,Severity_Score,Total_Affected_Persons,Weather_Category
53892,2022-07-05 14:20:00,40.60635,-74.13983,1,0,Driver Inattention/Distraction,4543674,30.0,20.3,0.5,0.5,0.0,2.0,51,30.4,56.5,191,Drizzle: Light,1,1,
53893,2022-07-05 08:38:00,40.885586,-73.90589,0,0,Unspecified,4543913,30.0,20.3,0.5,0.5,0.0,2.0,51,30.4,56.5,191,Drizzle: Light,0,0,
53894,2022-06-24 17:00:00,40.65254,-73.923676,0,0,Failure to Yield Right-of-Way,4544312,26.7,14.6,1.0,1.0,0.0,6.0,51,19.2,37.4,204,Drizzle: Light,0,0,
53895,2022-07-04 00:40:00,40.675297,-73.73336,1,0,Passing or Lane Usage Improper,4544184,30.9,17.5,0.0,0.0,0.0,0.0,3,15.4,27.4,302,Overcast,1,1,
53896,2022-07-02 12:00:00,40.727448,-73.94524,0,0,Passing Too Closely,4544279,30.8,23.1,4.0,4.0,0.0,5.0,61,19.4,40.0,229,Rain: Light,0,0,
53897,2022-07-05 11:55:00,40.681984,-73.99981,0,0,Driver Inattention/Distraction,4543589,30.0,20.3,0.5,0.5,0.0,2.0,51,30.4,56.5,191,Drizzle: Light,0,0,
53898,2022-07-05 00:40:00,40.67449,-73.80743,1,0,Turning Improperly,4543707,30.0,20.3,0.5,0.5,0.0,2.0,51,30.4,56.5,191,Drizzle: Light,1,1,
53899,2022-07-05 08:20:00,40.689922,-73.92281,0,0,Passing Too Closely,4543512,30.0,20.3,0.5,0.5,0.0,2.0,51,30.4,56.5,191,Drizzle: Light,0,0,
53900,2022-07-05 08:25:00,40.7549,-73.74548,2,0,Unspecified,4543667,30.0,20.3,0.5,0.5,0.0,2.0,51,30.4,56.5,191,Drizzle: Light,2,2,
53901,2022-06-13 14:00:00,40.523754,-74.18594,0,0,View Obstructed/Limited,4544359,27.7,17.8,6.8,6.8,0.0,9.0,63,12.1,32.0,254,Rain: Moderate,0,0,
53902,2022-07-05 01:44:00,40.704956,-73.93152,0,0,Driver Inattention/Distraction,4544041,30.0,20.3,0.5,0.5,0.0,2.0,51,30.4,56.5,191,Drizzle: Light,0,0,
53903,2022-07-05 04:58:00,40.646626,-73.90399,3,0,Traffic Control Disregarded,4543657,30.0,20.3,0.5,0.5,0.0,2.0,51,30.4,56.5,191,Drizzle: Light,3,3,
53904,2022-07-03 14:15:00,40.70547,-73.95024,0,0,Unspecified,4544417,31.2,21.0,0.0,0.0,0.0,0.0,3,15.8,31.3,341,Overcast,0,0,
53905,2022-07-01 10:48:00,40.678234,-73.89753,1,0,Unspecified,4544239,33.7,20.2,0.1,0.1,0.0,1.0,51,32.3,58.0,215,Drizzle: Light,1,1,
53906,2021-07-14 19:35:00,40.6952,-73.92844,0,0,Unspecified,4437586,30.6,21.5,0.8,0.8,0.0,3.0,53,14.5,36.0,191,Drizzle: Moderate,0,0,
53907,2022-04-10 12:00:00,40.817173,-73.94607,0,0,Other Vehicular,4518232,9.8,3.5,0.0,0.0,0.0,0.0,3,29.3,54.4,307,Overcast,0,0,
53908,2022-06-29 18:00:00,40.638844,-74.08471,1,0,Driver Inattention/Distraction,4544147,29.0,17.7,0.0,0.0,0.0,0.0,3,27.2,51.5,195,Overcast,1,1,
53909,2022-07-05 17:00:00,40.745365,-73.88834,0,0,Driver Inattention/Distraction,4543756,30.0,20.3,0.5,0.5,0.0,2.0,51,30.4,56.5,191,Drizzle: Light,0,0,
53910,2022-07-05 16:50:00,40.736534,-73.85611,0,0,Driver Inattention/Distraction,4544109,30.0,20.3,0.5,0.5,0.0,2.0,51,30.4,56.5,191,Drizzle: Light,0,0,
53911,2022-06-30 17:00:00,40.614025,-74.08479,0,0,Driver Inattention/Distraction,4544154,31.2,17.3,0.0,0.0,0.0,0.0,2,19.1,37.4,274,Partly cloudy,0,0,
53912,2022-07-05 20:03:00,40.83283,-73.91129,0,0,Passing Too Closely,4543880,30.0,20.3,0.5,0.5,0.0,2.0,51,30.4,56.5,191,Drizzle: Light,0,0,
53913,2022-07-04 02:00:00,40.69864,-73.93819,0,0,Driver Inattention/Distraction,4544207,30.9,17.5,0.0,0.0,0.0,0.0,3,15.4,27.4,302,Overcast,0,0,
53914,2022-07-05 12:03:00,40.70568,-73.77114,1,0,Traffic Control Disregarded,4543737,30.0,20.3,0.5,0.5,0.0,2.0,51,30.4,56.5,191,Drizzle: Light,1,1,
53915,2022-07-05 12:42:00,40.883476,-73.868256,1,0,Following Too Closely,4544228,30.0,20.3,0.5,0.5,0.0,2.0,51,30.4,56.5,191,Drizzle: Light,1,1,
53916,2022-07-05 23:40:00,40.729996,-73.91187,4,0,Driver Inexperience,4543728,30.0,20.3,0.5,0.5,0.0,2.0,51,30.4,56.5,191,Drizzle: Light,4,4,
53917,2022-07-05 07:00:00,40.664444,-73.948906,0,0,Unspecified,4543487,30.0,20.3,0.5,0.5,0.0,2.0,51,30.4,56.5,191,Drizzle: Light,0,0,
53918,2022-07-04 04:46:00,40.689102,-73.94507,0,1,Unspecified,4544251,30.9,17.5,0.0,0.0,0.0,0.0,3,15.4,27.4,302,Overcast,20,1,
53919,2022-07-05 12:48:00,40.7561,-73.86251,1,0,Unspecified,4543628,30.0,20.3,0.5,0.5,0.0,2.0,51,30.4,56.5,191,Drizzle: Light,1,1,
53920,2022-07-05 02:20:00,40.67954,-73.89959,0,0,Backing Unsafely,4543808,30.0,20.3,0.5,0.5,0.0,2.0,51,30.4,56.5,191,Drizzle: Light,0,0,
53921,2022-07-04 01:47:00,40.546707,-74.19913,1,0,Drugs (illegal),4544348,30.9,17.5,0.0,0.0,0.0,0.0,3,15.4,27.4,302,Overcast,1,1,
53922,2022-07-05 02:45:00,40.692356,-73.94282,1,0,Alcohol Involvement,4544194,30.0,20.3,0.5,0.5,0.0,2.0,51,30.4,56.5,191,Drizzle: Light,1,1,
53923,2022-07-04 17:00:00,40.88011,-73.89939,1,0,Unspecified,4544439,30.9,17.5,0.0,0.0,0.0,0.0,3,15.4,27.4,302,Overcast,1,1,
53924,2022-07-05 13:10:00,40.751816,-73.99744,1,0,Pedestrian/Bicyclist/Other Pedestrian Error/Confusion,4543836,30.0,20.3,0.5,0.5,0.0,2.0,51,30.4,56.5,191,Drizzle: Light,1,1,
53925,2022-06-25 13:31:00,40.706673,-73.94819,0,0,Passing Too Closely,4544398,32.5,18.1,0.0,0.0,0.0,0.0,2,25.0,47.2,224,Partly cloudy,0,0,
53926,2022-07-05 20:32:00,40.75488,-73.77979,0,0,Driver Inattention/Distraction,4544014,30.0,20.3,0.5,0.5,0.0,2.0,51,30.4,56.5,191,Drizzle: Light,0,0,
53927,2022-07-05 17:04:00,40.6408,-73.97472,1,0,Unspecified,4543767,30.0,20.3,0.5,0.5,0.0,2.0,51,30.4,56.5,191,Drizzle: Light,1,1,
53928,2022-07-05 23:17:00,40.61913,-73.99019,2,0,Driver Inattention/Distraction,4543691,30.0,20.3,0.5,0.5,0.0,2.0,51,30.4,56.5,191,Drizzle: Light,2,2,
53929,2022-07-04 00:50:00,40.59565,-73.908165,0,0,Alcohol Involvement,4544246,30.9,17.5,0.0,0.0,0.0,0.0,3,15.4,27.4,302,Overcast,0,0,
53930,2022-06-22 12:00:00,40.778408,-73.9509,0,0,Unspecified,4544261,20.6,16.7,3.3,3.3,0.0,11.0,53,23.2,43.9,127,Drizzle: Moderate,0,0,
53931,2022-07-05 00:20:00,40.593056,-73.77532,0,0,Driver Inattention/Distraction,4544093,30.0,20.3,0.5,0.5,0.0,2.0,51,30.4,56.5,191,Drizzle: Light,0,0,
53932,2022-07-05 13:10:00,40.82902,-73.94485,0,0,Driver Inattention/Distraction,4544170,30.0,20.3,0.5,0.5,0.0,2.0,51,30.4,56.5,191,Drizzle: Light,0,0,
53933,2022-07-05 15:30:00,40.565365,-74.11491,2,0,Unsafe Lane Changing,4543857,30.0,20.3,0.5,0.5,0.0,2.0,51,30.4,56.5,191,Drizzle: Light,2,2,
53934,2022-06-30 16:50:00,40.703373,-73.93764,1,0,Driver Inattention/Distraction,4544407,31.2,17.3,0.0,0.0,0.0,0.0,2,19.1,37.4,274,Partly cloudy,1,1,
53935,2022-07-05 02:07:00,40.835968,-73.87,1,0,Other Vehicular,4543956,30.0,20.3,0.5,0.5,0.0,2.0,51,30.4,56.5,191,Drizzle: Light,1,1,
53936,2022-06-28 17:11:00,40.681046,-73.94346,0,0,Following Too Closely,4544308,27.5,19.1,0.0,0.0,0.0,0.0,3,14.4,28.4,334,Overcast,0,0,
53937,2022-07-01 12:30:00,40.711384,-73.98832,0,0,Backing Unsafely,4544218,33.7,20.2,0.1,0.1,0.0,1.0,51,32.3,58.0,215,Drizzle: Light,0,0,
53938,2022-07-03 17:00:00,40.54852,-74.194664,0,0,Driver Inattention/Distraction,4544352,31.2,21.0,0.0,0.0,0.0,0.0,3,15.8,31.3,341,Overcast,0,0,
53939,2022-07-05 12:00:00,40.681446,-73.91378,0,0,Unspecified,4543988,30.0,20.3,0.5,0.5,0.0,2.0,51,30.4,56.5,191,Drizzle: Light,0,0,
53940,2022-06-09 20:31:00,40.5415,-74.16254,0,0,Alcohol Involvement,4544344,28.0,18.5,13.3,13.3,0.0,11.0,63,28.1,52.2,252,Rain: Moderate,0,0,
53941,2022-07-04 17:24:00,40.71521,-73.98427,1,0,Failure to Yield Right-of-Way,4544221,30.9,17.5,0.0,0.0,0.0,0.0,3,15.4,27.4,302,Overcast,1,1,
53942,2022-07-05 00:25:00,40.697075,-73.93185,2,0,Driver Inattention/Distraction,4543452,30.0,20.3,0.5,0.5,0.0,2.0,51,30.4,56.5,191,Drizzle: Light,2,2,
53943,2022-07-05 13:00:00,40.712708,-73.78357,1,0,Following Too Closely,4544289,30.0,20.3,0.5,0.5,0.0,2.0,51,30.4,56.5,191,Drizzle: Light,1,1,
53944,2022-06-24 15:10:00,40.58588,-73.912704,1,0,Following Too Closely,4544247,26.7,14.6,1.0,1.0,0.0,6.0,51,19.2,37.4,204,Drizzle: Light,1,1,
53945,2022-07-05 16:55:00,40.751575,-73.85584,0,0,Driver Inattention/Distraction,4543735,30.0,20.3,0.5,0.5,0.0,2.0,51,30.4,56.5,191,Drizzle: Light,0,0,
53946,2022-07-05 12:29:00,40.681946,-73.978195,2,0,Following Too Closely,4543617,30.0,20.3,0.5,0.5,0.0,2.0,51,30.4,56.5,191,Drizzle: Light,2,2,
53947,2022-07-02 21:30:00,40.61183,-73.9617,0,0,Unspecified,4544124,30.8,23.1,4.0,4.0,0.0,5.0,61,19.4,40.0,229,Rain: Light,0,0,
53948,2022-06-21 18:06:00,40.74668,-73.9745,0,0,Driver Inattention/Distraction,4544266,26.0,14.6,1.0,1.0,0.0,3.0,53,13.0,24.1,175,Drizzle: Moderate,0,0,
53949,2022-07-05 13:00:00,40.694363,-73.958,0,0,Driver Inattention/Distraction,4544196,30.0,20.3,0.5,0.5,0.0,2.0,51,30.4,56.5,191,Drizzle: Light,0,0,
53950,2022-07-05 20:50:00,40.580315,-73.835434,1,0,Driver Inattention/Distraction,4543879,30.0,20.3,0.5,0.5,0.0,2.0,51,30.4,56.5,191,Drizzle: Light,1,1,
53951,2022-07-05 02:10:00,40.683765,-73.97877,1,0,Failure to Yield Right-of-Way,4543930,30.0,20.3,0.5,0.5,0.0,2.0,51,30.4,56.5,191,Drizzle: Light,1,1,
53952,2022-07-05 12:05:00,40.625313,-74.17835,0,0,Driver Inattention/Distraction,4544163,30.0,20.3,0.5,0.5,0.0,2.0,51,30.4,56.5,191,Drizzle: Light,0,0,
53953,2022-07-05 16:32:00,40.70955,-73.95886,0,0,Aggressive Driving/Road Rage,4544042,30.0,20.3,0.5,0.5,0.0,2.0,51,30.4,56.5,191,Drizzle: Light,0,0,
53954,2022-07-05 11:18:00,40.74342,-73.99245,1,0,Unsafe Speed,4543655,30.0,20.3,0.5,0.5,0.0,2.0,51,30.4,56.5,191,Drizzle: Light,1,1,
53955,2022-07-05 19:22:00,40.598553,-73.997345,2,0,Failure to Yield Right-of-Way,4543680,30.0,20.3,0.5,0.5,0.0,2.0,51,30.4,56.5,191,Drizzle: Light,2,2,
53956,2022-07-04 22:21:00,40.635105,-73.896484,1,0,Failure to Yield Right-of-Way,4544333,30.9,17.5,0.0,0.0,0.0,0.0,3,15.4,27.4,302,Overcast,1,1,
53957,2022-07-05 10:35:00,40.74777,-73.99083,0,0,Glare,4543553,30.0,20.3,0.5,0.5,0.0,2.0,51,30.4,56.5,191,Drizzle: Light,0,0,
53958,2022-06-29 08:56:00,40.65544,-73.92915,0,0,Unspecified,4544313,29.0,17.7,0.0,0.0,0.0,0.0,3,27.2,51.5,195,Overcast,0,0,
53959,2022-07-05 12:00:00,40.682568,-73.79266,0,0,Failure to Yield Right-of-Way,4544079,30.0,20.3,0.5,0.5,0.0,2.0,51,30.4,56.5,191,Drizzle: Light,0,0,
53960,2022-07-05 08:05:00,40.668266,-73.88116,1,0,Failure to Yield Right-of-Way,4543784,30.0,20.3,0.5,0.5,0.0,2.0,51,30.4,56.5,191,Drizzle: Light,1,1,
53961,2022-06-29 17:10:00,40.7006,-73.94301,0,0,Lost Consciousness,4544402,29.0,17.7,0.0,0.0,0.0,0.0,3,27.2,51.5,195,Overcast,0,0,
53962,2022-07-02 14:00:00,40.72439,-73.94896,0,0,Passing Too Closely,4544285,30.8,23.1,4.0,4.0,0.0,5.0,61,19.4,40.0,229,Rain: Light,0,0,
53963,2022-07-05 00:40:00,40.51867,-74.22236,1,0,Passenger Distraction,4544356,30.0,20.3,0.5,0.5,0.0,2.0,51,30.4,56.5,191,Drizzle: Light,1,1,
53964,2022-07-05 16:32:00,40.62488,-74.01964,0,0,Unspecified,4543661,30.0,20.3,0.5,0.5,0.0,2.0,51,30.4,56.5,191,Drizzle: Light,0,0,
53965,2022-07-05 01:39:00,40.66305,-73.848564,0,0,Unsafe Speed,4543697,30.0,20.3,0.5,0.5,0.0,2.0,51,30.4,56.5,191,Drizzle: Light,0,0,
53966,2022-06-27 21:21:00,40.848396,-73.90605,1,0,Unspecified,4544172,26.2,19.8,11.7,11.7,0.0,9.0,63,20.5,43.2,224,Rain: Moderate,1,1,
53967,2022-06-29 10:00:00,40.6281,-74.1053,0,0,Failure to Yield Right-of-Way,4544143,29.0,17.7,0.0,0.0,0.0,0.0,3,27.2,51.5,195,Overcast,0,0,
53968,2022-07-04 19:10:00,40.63095,-74.076546,1,0,Unspecified,4544148,30.9,17.5,0.0,0.0,0.0,0.0,3,15.4,27.4,302,Overcast,1,1,
53969,2022-07-03 22:33:00,40.71022,-74.00775,1,0,Unspecified,4544408,31.2,21.0,0.0,0.0,0.0,0.0,3,15.8,31.3,341,Overcast,1,1,
53970,2022-07-05 11:26:00,40.609707,-73.819046,0,0,Following Too Closely,4543544,30.0,20.3,0.5,0.5,0.0,2.0,51,30.4,56.5,191,Drizzle: Light,0,0,
53971,2022-07-05 21:57:00,40.80801,-73.88961,1,0,Failure to Yield Right-of-Way,4543952,30.0,20.3,0.5,0.5,0.0,2.0,51,30.4,56.5,191,Drizzle: Light,1,1,
53972,2022-07-04 17:40:00,40.70683,-73.9684,0,0,Oversized Vehicle,4544420,30.9,17.5,0.0,0.0,0.0,0.0,3,15.4,27.4,302,Overcast,0,0,
53973,2022-07-05 08:10:00,40.79367,-73.94023,0,0,Following Too Closely,4543597,30.0,20.3,0.5,0.5,0.0,2.0,51,30.4,56.5,191,Drizzle: Light,0,0,
53974,2022-07-03 19:45:00,40.71407,-73.954346,0,0,Passing Too Closely,4544418,31.2,21.0,0.0,0.0,0.0,0.0,3,15.8,31.3,341,Overcast,0,0,
53975,2022-07-05 21:25:00,40.70499,-73.91736,0,0,Backing Unsafely,4544088,30.0,20.3,0.5,0.5,0.0,2.0,51,30.4,56.5,191,Drizzle: Light,0,0,
53976,2022-07-05 05:30:00,40.787914,-73.841965,1,0,Traffic Control Disregarded,4543511,30.0,20.3,0.5,0.5,0.0,2.0,51,30.4,56.5,191,Drizzle: Light,1,1,
53977,2022-07-05 03:00:00,40.665916,-73.82132,0,0,Unsafe Lane Changing,4543710,30.0,20.3,0.5,0.5,0.0,2.0,51,30.4,56.5,191,Drizzle: Light,0,0,
53978,2022-06-10 19:00:00,40.535263,-74.21166,1,0,Fatigued/Drowsy,4544361,26.1,15.1,0.0,0.0,0.0,0.0,3,21.9,38.5,289,Overcast,1,1,
53979,2022-07-05 13:50:00,40.708168,-73.95067,0,0,Unsafe Speed,4544040,30.0,20.3,0.5,0.5,0.0,2.0,51,30.4,56.5,191,Drizzle: Light,0,0,
53980,2022-07-05 13:40:00,40.851196,-73.844734,0,0,Unspecified,4543639,30.0,20.3,0.5,0.5,0.0,2.0,51,30.4,56.5,191,Drizzle: Light,0,0,
53981,2022-06-23 22:24:00,40.780224,-73.95298,0,0,Alcohol Involvement,4544260,22.6,15.7,0.8,0.8,0.0,6.0,51,15.6,31.3,127,Drizzle: Light,0,0,
53982,2022-07-02 00:22:00,40.8557,-73.91495,0,0,Other Vehicular,4544229,30.8,23.1,4.0,4.0,0.0,5.0,61,19.4,40.0,229,Rain: Light,0,0,
53983,2022-07-05 13:40:00,40.666706,-73.871826,1,0,Unspecified,4543809,30.0,20.3,0.5,0.5,0.0,2.0,51,30.4,56.5,191,Drizzle: Light,1,1,
53984,2022-07-05 21:50:00,40.76555,-73.83911,0,0,Unspecified,4543759,30.0,20.3,0.5,0.5,0.0,2.0,51,30.4,56.5,191,Drizzle: Light,0,0,
53985,2022-07-02 00:00:00,40.69133,-73.95177,1,0,Driver Inattention/Distraction,4544183,30.8,23.1,4.0,4.0,0.0,5.0,61,19.4,40.0,229,Rain: Light,1,1,
53986,2022-06-21 22:54:00,40.68064,-73.95338,0,0,Driver Inattention/Distraction,4544205,26.0,14.6,1.0,1.0,0.0,3.0,53,13.0,24.1,175,Drizzle: Moderate,0,0,
53987,2022-07-05 12:20:00,40.717922,-73.9931,1,0,Driver Inattention/Distraction,4543837,30.0,20.3,0.5,0.5,0.0,2.0,51,30.4,56.5,191,Drizzle: Light,1,1,
53988,2022-07-04 22:10:00,40.68541,-73.87274,0,0,Unspecified,4544377,30.9,17.5,0.0,0.0,0.0,0.0,3,15.4,27.4,302,Overcast,0,0,
53989,2022-06-14 16:30:00,40.551815,-74.217354,0,0,Driver Inattention/Distraction,4544349,29.0,18.6,0.0,0.0,0.0,0.0,3,19.1,40.0,10,Overcast,0,0,
53990,2022-07-05 03:12:00,40.84942,-73.91113,0,0,Unspecified,4543585,30.0,20.3,0.5,0.5,0.0,2.0,51,30.4,56.5,191,Drizzle: Light,0,0,
53991,2022-07-05 08:40:00,40.88589,-73.9111,0,0,Unspecified,4544103,30.0,20.3,0.5,0.5,0.0,2.0,51,30.4,56.5,191,Drizzle: Light,0,0,
53992,2022-07-05 00:30:00,40.64343,-74.08415,0,0,Animals Action,4544153,30.0,20.3,0.5,0.5,0.0,2.0,51,30.4,56.5,191,Drizzle: Light,0,0,
53993,2022-07-05 20:20:00,40.679504,-73.73963,1,0,Unsafe Speed,4543668,30.0,20.3,0.5,0.5,0.0,2.0,51,30.4,56.5,191,Drizzle: Light,1,1,
53994,2022-07-05 23:00:00,40.829506,-73.93177,1,0,Passing or Lane Usage Improper,4543883,30.0,20.3,0.5,0.5,0.0,2.0,51,30.4,56.5,191,Drizzle: Light,1,1,
53995,2022-07-05 13:30:00,40.775665,-73.84537,0,0,Unspecified,4544135,30.0,20.3,0.5,0.5,0.0,2.0,51,30.4,56.5,191,Drizzle: Light,0,0,
53996,2022-07-05 23:00:00,40.90487,-73.84603,3,0,Passing or Lane Usage Improper,4544012,30.0,20.3,0.5,0.5,0.0,2.0,51,30.4,56.5,191,Drizzle: Light,3,3,
53997,2022-07-05 06:21:00,40.65115,-73.94961,0,0,Driver Inattention/Distraction,4543576,30.0,20.3,0.5,0.5,0.0,2.0,51,30.4,56.5,191,Drizzle: Light,0,0,
53998,2022-07-05 05:18:00,40.724598,-73.84923,0,0,Fell Asleep,4543488,30.0,20.3,0.5,0.5,0.0,2.0,51,30.4,56.5,191,Drizzle: Light,0,0,
53999,2022-07-05 07:22:00,40.715893,-74.00488,0,0,Passing Too Closely,4543725,30.0,20.3,0.5,0.5,0.0,2.0,51,30.4,56.5,191,Drizzle: Light,0,0,
54000,2022-07-05 03:50:00,40.895447,-73.88002,0,0,Unspecified,4543914,30.0,20.3,0.5,0.5,0.0,2.0,51,30.4,56.5,191,Drizzle: Light,0,0,
54001,2022-07-05 12:45:00,40.611576,-74.17615,2,0,Driver Inattention/Distraction,4543673,30.0,20.3,0.5,0.5,0.0,2.0,51,30.4,56.5,191,Drizzle: Light,2,2,
54002,2022-07-05 10:00:00,40.671986,-73.893906,0,0,Unspecified,4544238,30.0,20.3,0.5,0.5,0.0,2.0,51,30.4,56.5,191,Drizzle: Light,0,0,
54003,2022-06-21 08:05:00,40.67681,-73.91924,0,0,Other Vehicular,4544253,26.0,14.6,1.0,1.0,0.0,3.0,53,13.0,24.1,175,Drizzle: Moderate,0,0,
54004,2022-06-23 11:12:00,40.857838,-73.932045,1,0,Driver Inattention/Distraction,4544190,22.6,15.7,0.8,0.8,0.0,6.0,51,15.6,31.3,127,Drizzle: Light,1,1,
54005,2022-07-03 21:02:00,40.67164,-73.95034,0,0,Driver Inattention/Distraction,4544297,31.2,21.0,0.0,0.0,0.0,0.0,3,15.8,31.3,341,Overcast,0,0,
54006,2022-05-31 05:00:00,40.75207,-73.86896,0,0,Unsafe Speed,4544440,33.1,19.9,0.0,0.0,0.0,0.0,3,16.8,31.7,282,Overcast,0,0,
54007,2022-07-05 15:00:00,40.82523,-73.94761,0,0,Unspecified,4543738,30.0,20.3,0.5,0.5,0.0,2.0,51,30.4,56.5,191,Drizzle: Light,0,0,
54008,2022-07-02 16:50:00,40.86249,-73.92226,1,0,Unsafe Lane Changing,4544201,30.8,23.1,4.0,4.0,0.0,5.0,61,19.4,40.0,229,Rain: Light,1,1,
54009,2022-04-04 14:20:00,40.655334,-73.93077,1,0,Driver Inattention/Distraction,4517023,12.2,2.6,0.1,0.1,0.0,1.0,51,23.7,41.4,304,Drizzle: Light,1,1,
54010,2022-04-08 22:21:00,40.666348,-73.76093,1,0,Unspecified,4517418,16.5,7.1,5.2,5.2,0.0,4.0,63,21.3,42.8,253,Rain: Moderate,1,1,
54011,2022-04-10 22:40:00,40.667706,-73.90636,0,0,Other Vehicular,4518554,9.8,3.5,0.0,0.0,0.0,0.0,3,29.3,54.4,307,Overcast,0,0,
54012,2022-04-07 23:50:00,40.625225,-74.074844,0,0,Unspecified,4518545,11.5,5.6,74.1,74.1,0.0,14.0,65,35.0,64.8,98,Rain: Heavy,0,0,
54013,2022-04-08 12:56:00,40.624912,-74.146706,1,0,Reaction to Uninvolved Vehicle,4517940,16.5,7.1,5.2,5.2,0.0,4.0,63,21.3,42.8,253,Rain: Moderate,1,1,
54014,2022-04-10 20:55:00,40.85573,-73.910416,1,0,Turning Improperly,4518555,9.8,3.5,0.0,0.0,0.0,0.0,3,29.3,54.4,307,Overcast,1,1,
54015,2022-04-06 17:00:00,40.62817,-74.074394,0,0,Driver Inattention/Distraction,4518544,12.5,6.2,17.5,17.5,0.0,14.0,61,31.2,62.3,55,Rain: Light,0,0,
54016,2022-06-15 05:00:00,40.865105,-73.91846,3,0,Unspecified,4544321,27.7,17.4,0.0,0.0,0.0,0.0,3,27.2,51.5,142,Overcast,3,3,
54017,2022-07-02 04:40:00,40.71346,-73.91522,0,0,Unspecified,4544345,30.8,23.1,4.0,4.0,0.0,5.0,61,19.4,40.0,229,Rain: Light,0,0,
54018,2022-07-01 18:29:00,40.534325,-74.193016,2,0,Failure to Yield Right-of-Way,4544363,33.7,20.2,0.1,0.1,0.0,1.0,51,32.3,58.0,215,Drizzle: Light,2,2,
54019,2022-07-05 08:00:00,40.705666,-73.818474,0,0,Unspecified,4543618,30.0,20.3,0.5,0.5,0.0,2.0,51,30.4,56.5,191,Drizzle: Light,0,0,
54020,2022-06-28 10:11:00,40.722496,-73.940414,1,0,Driver Inattention/Distraction,4544282,27.5,19.1,0.0,0.0,0.0,0.0,3,14.4,28.4,334,Overcast,1,1,
54021,2022-04-25 17:40:00,40.77274,-73.91149,1,0,Passing Too Closely,4522349,15.1,6.1,0.0,0.0,0.0,0.0,3,20.9,41.4,119,Overcast,1,1,
54022,2022-04-17 04:22:00,40.876976,-73.90584,0,0,Unspecified,4522397,10.0,3.9,0.5,0.5,0.0,2.0,51,30.1,56.5,313,Drizzle: Light,0,0,
54023,2022-04-20 11:20:00,40.850895,-73.86175,1,0,Traffic Control Disregarded,4522398,13.9,3.4,0.0,0.0,0.0,0.0,3,26.6,49.0,282,Overcast,1,1,
54024,2022-04-25 13:29:00,40.67447,-73.802605,0,0,Backing Unsafely,4522345,15.1,6.1,0.0,0.0,0.0,0.0,3,20.9,41.4,119,Overcast,0,0,
54025,2022-04-18 22:35:00,40.888336,-73.91349,0,0,Backing Unsafely,4522401,10.6,1.5,6.1,6.1,0.0,5.0,63,30.8,52.9,90,Rain: Moderate,0,0,
54026,2022-04-25 14:07:00,40.573013,-73.993835,1,0,Brakes Defective,4522379,15.1,6.1,0.0,0.0,0.0,0.0,3,20.9,41.4,119,Overcast,1,1,
54027,2022-07-05 17:57:00,40.709522,-74.00167,1,0,Driver Inattention/Distraction,4544049,30.0,20.3,0.5,0.5,0.0,2.0,51,30.4,56.5,191,Drizzle: Light,1,1,
54028,2022-07-05 04:00:00,40.827152,-73.946205,1,0,Other Vehicular,4543595,30.0,20.3,0.5,0.5,0.0,2.0,51,30.4,56.5,191,Drizzle: Light,1,1,
54029,2022-07-05 14:20:00,40.620434,-74.024475,0,0,Unsafe Lane Changing,4543663,30.0,20.3,0.5,0.5,0.0,2.0,51,30.4,56.5,191,Drizzle: Light,0,0,
54030,2022-06-28 22:00:00,40.63206,-74.07724,0,0,Unspecified,4544159,27.5,19.1,0.0,0.0,0.0,0.0,3,14.4,28.4,334,Overcast,0,0,
54031,2022-07-05 23:30:00,40.64569,-73.91204,0,0,Unspecified,4544150,30.0,20.3,0.5,0.5,0.0,2.0,51,30.4,56.5,191,Drizzle: Light,0,0,
54032,2022-07-05 10:00:00,40.59034,-73.972084,0,0,Driver Inattention/Distraction,4543556,30.0,20.3,0.5,0.5,0.0,2.0,51,30.4,56.5,191,Drizzle: Light,0,0,
54033,2022-04-06 16:03:00,40.672745,-73.90766,0,0,Unspecified,4518548,12.5,6.2,17.5,17.5,0.0,14.0,61,31.2,62.3,55,Rain: Light,0,0,
54034,2022-04-10 14:15:00,40.79563,-73.93242,0,0,Unspecified,4518034,9.8,3.5,0.0,0.0,0.0,0.0,3,29.3,54.4,307,Overcast,0,0,
54035,2022-04-10 12:07:00,40.602356,-73.75953,2,0,Traffic Control Disregarded,4517924,9.8,3.5,0.0,0.0,0.0,0.0,3,29.3,54.4,307,Overcast,2,2,
54036,2022-04-07 13:31:00,40.869423,-73.825745,0,0,Unspecified,4518417,11.5,5.6,74.1,74.1,0.0,14.0,65,35.0,64.8,98,Rain: Heavy,0,0,
54037,2022-03-30 13:53:00,40.64381,-74.076385,1,0,Unspecified,4518382,5.9,-3.5,0.0,0.0,0.0,0.0,3,17.0,30.6,215,Overcast,1,1,
54038,2022-04-10 01:05:00,40.647724,-73.90522,0,0,Fell Asleep,4517471,9.8,3.5,0.0,0.0,0.0,0.0,3,29.3,54.4,307,Overcast,0,0,
54039,2022-04-10 04:40:00,40.773598,-73.9578,0,0,Failure to Yield Right-of-Way,4517880,9.8,3.5,0.0,0.0,0.0,0.0,3,29.3,54.4,307,Overcast,0,0,