,CRASH DATETIME,LATITUDE,LONGITUDE,NUMBER OF PERSONS INJURED,NUMBER OF PERSONS KILLED,CONTRIBUTING FACTOR VEHICLE 1,COLLISION_ID,temperature_2m_max,temperature_2m_min,precipitation_sum,rain_sum,snowfall_sum,precipitation_hours,weather_code,wind_speed_10m_max,wind_gusts_10m_max,wind_direction_10m_dominant,Weather Description,Severity_Score,Total_Affected_Persons,Weather_Category
54040,2022-04-10 04:36:00,40.70536,-73.83766,0,0,Aggressive Driving/Road Rage,4517961,9.8,3.5,0.0,0.0,0.0,0.0,3,29.3,54.4,307,Overcast,0,0,
54041,2022-04-06 15:07:00,40.817127,-73.90509,0,0,Unspecified,4518490,12.5,6.2,17.5,17.5,0.0,14.0,61,31.2,62.3,55,Rain: Light,0,0,
54042,2022-04-10 02:15:00,40.6224,-73.936646,2,0,Unspecified,4517520,9.8,3.5,0.0,0.0,0.0,0.0,3,29.3,54.4,307,Overcast,2,2,
54043,2022-04-10 19:24:00,40.833282,-73.82836,0,0,Passing or Lane Usage Improper,4517978,9.8,3.5,0.0,0.0,0.0,0.0,3,29.3,54.4,307,Overcast,0,0,
54044,2022-04-09 10:30:00,40.58393,-73.83093,0,0,Unspecified,4518301,13.6,5.0,4.8,4.8,0.0,12.0,55,20.1,42.8,263,Drizzle: Dense,0,0,
54045,2022-04-10 00:40:00,40.756535,-73.876076,0,0,Driver Inattention/Distraction,4517550,9.8,3.5,0.0,0.0,0.0,0.0,3,29.3,54.4,307,Overcast,0,0,
54046,2022-04-10 13:09:00,40.753647,-73.7444,0,0,Unspecified,4517789,9.8,3.5,0.0,0.0,0.0,0.0,3,29.3,54.4,307,Overcast,0,0,
54047,2022-04-10 09:35:00,40.86247,-73.90029,0,0,Passing Too Closely,4518042,9.8,3.5,0.0,0.0,0.0,0.0,3,29.3,54.4,307,Overcast,0,0,
54048,2022-04-10 00:28:00,40.711193,-73.79172,0,0,Driver Inattention/Distraction,4518122,9.8,3.5,0.0,0.0,0.0,0.0,3,29.3,54.4,307,Overcast,0,0,
54049,2022-04-08 12:07:00,40.822468,-73.86733,0,0,Driver Inattention/Distraction,4518257,16.5,7.1,5.2,5.2,0.0,4.0,63,21.3,42.8,253,Rain: Moderate,0,0,
54050,2022-04-08 17:16:00,40.82439,-73.8363,1,0,Unspecified,4518275,16.5,7.1,5.2,5.2,0.0,4.0,63,21.3,42.8,253,Rain: Moderate,1,1,
54051,2022-04-10 18:30:00,40.737362,-73.70817,0,0,Unspecified,4517766,9.8,3.5,0.0,0.0,0.0,0.0,3,29.3,54.4,307,Overcast,0,0,
54052,2022-04-10 02:55:00,40.67224,-73.96104,3,0,Traffic Control Disregarded,4517674,9.8,3.5,0.0,0.0,0.0,0.0,3,29.3,54.4,307,Overcast,3,3,
54053,2022-04-08 00:53:00,40.764362,-73.96162,0,0,Driver Inattention/Distraction,4518530,16.5,7.1,5.2,5.2,0.0,4.0,63,21.3,42.8,253,Rain: Moderate,0,0,
54054,2022-04-10 10:13:00,40.685112,-73.94717,0,0,Driver Inattention/Distraction,4517753,9.8,3.5,0.0,0.0,0.0,0.0,3,29.3,54.4,307,Overcast,0,0,
54055,2022-04-10 01:11:00,40.747253,-73.86252,3,0,Unspecified,4517699,9.8,3.5,0.0,0.0,0.0,0.0,3,29.3,54.4,307,Overcast,3,3,
54056,2022-04-10 16:40:00,40.83142,-73.92643,0,0,Unspecified,4518431,9.8,3.5,0.0,0.0,0.0,0.0,3,29.3,54.4,307,Overcast,0,0,
54057,2022-04-10 10:15:00,40.617886,-74.01712,0,0,Turning Improperly,4517782,9.8,3.5,0.0,0.0,0.0,0.0,3,29.3,54.4,307,Overcast,0,0,
54058,2022-04-09 14:00:00,40.882965,-73.82563,0,0,Unspecified,4518274,13.6,5.0,4.8,4.8,0.0,12.0,55,20.1,42.8,263,Drizzle: Dense,0,0,
54059,2022-04-10 05:00:00,40.701218,-73.81622,0,0,Traffic Control Disregarded,4517950,9.8,3.5,0.0,0.0,0.0,0.0,3,29.3,54.4,307,Overcast,0,0,
54060,2022-04-10 06:00:00,40.66768,-73.896,1,0,Unspecified,4518011,9.8,3.5,0.0,0.0,0.0,0.0,3,29.3,54.4,307,Overcast,1,1,
54061,2022-04-08 12:18:00,40.748188,-73.895,1,0,Pedestrian/Bicyclist/Other Pedestrian Error/Confusion,4518293,16.5,7.1,5.2,5.2,0.0,4.0,63,21.3,42.8,253,Rain: Moderate,1,1,
54062,2022-04-10 07:20:00,40.833973,-73.85377,0,0,Aggressive Driving/Road Rage,4518282,9.8,3.5,0.0,0.0,0.0,0.0,3,29.3,54.4,307,Overcast,0,0,
54063,2022-04-10 04:52:00,40.741135,-73.8986,0,0,Driver Inattention/Distraction,4517657,9.8,3.5,0.0,0.0,0.0,0.0,3,29.3,54.4,307,Overcast,0,0,
54064,2022-04-10 15:57:00,40.785038,-73.94104,2,0,Reaction to Uninvolved Vehicle,4517772,9.8,3.5,0.0,0.0,0.0,0.0,3,29.3,54.4,307,Overcast,2,2,
54065,2022-04-10 20:16:00,40.699627,-73.80529,0,0,Driver Inattention/Distraction,4517896,9.8,3.5,0.0,0.0,0.0,0.0,3,29.3,54.4,307,Overcast,0,0,
54066,2022-04-10 19:35:00,40.640694,-73.99698,4,0,Unspecified,4518509,9.8,3.5,0.0,0.0,0.0,0.0,3,29.3,54.4,307,Overcast,4,4,
54067,2022-04-10 09:20:00,40.576275,-73.97654,1,0,Driver Inattention/Distraction,4518121,9.8,3.5,0.0,0.0,0.0,0.0,3,29.3,54.4,307,Overcast,1,1,
54068,2022-04-06 13:03:00,40.712543,-73.872536,0,0,Unspecified,4518372,12.5,6.2,17.5,17.5,0.0,14.0,61,31.2,62.3,55,Rain: Light,0,0,
54069,2022-04-09 20:30:00,40.635506,-73.956245,2,0,Unspecified,4518531,13.6,5.0,4.8,4.8,0.0,12.0,55,20.1,42.8,263,Drizzle: Dense,2,2,
54070,2022-04-10 18:43:00,40.697582,-73.94965,0,0,Driver Inattention/Distraction,4517791,9.8,3.5,0.0,0.0,0.0,0.0,3,29.3,54.4,307,Overcast,0,0,
54071,2022-04-10 15:40:00,40.79553,-73.96559,1,0,View Obstructed/Limited,4517846,9.8,3.5,0.0,0.0,0.0,0.0,3,29.3,54.4,307,Overcast,1,1,
54072,2022-04-04 15:00:00,40.81314,-73.88708,0,0,Passing Too Closely,4518440,12.2,2.6,0.1,0.1,0.0,1.0,51,23.7,41.4,304,Drizzle: Light,0,0,
54073,2022-04-10 12:50:00,40.666306,-73.79171,0,0,Following Too Closely,4517706,9.8,3.5,0.0,0.0,0.0,0.0,3,29.3,54.4,307,Overcast,0,0,
54074,2022-04-09 16:50:00,40.847897,-73.94523,0,0,Unspecified,4518333,13.6,5.0,4.8,4.8,0.0,12.0,55,20.1,42.8,263,Drizzle: Dense,0,0,
54075,2022-04-10 20:30:00,40.61462,-73.968666,1,0,Unspecified,4518186,9.8,3.5,0.0,0.0,0.0,0.0,3,29.3,54.4,307,Overcast,1,1,
54076,2022-04-09 08:32:00,40.80906,-73.90755,1,0,Following Too Closely,4518267,13.6,5.0,4.8,4.8,0.0,12.0,55,20.1,42.8,263,Drizzle: Dense,1,1,
54077,2022-04-10 13:10:00,40.723835,-73.97357,0,0,Following Too Closely,4518325,9.8,3.5,0.0,0.0,0.0,0.0,3,29.3,54.4,307,Overcast,0,0,
54078,2022-03-16 23:00:00,40.840786,-73.9232,0,0,Backing Unsafely,4518423,16.1,3.2,0.3,0.3,0.0,1.0,51,18.8,36.4,183,Drizzle: Light,0,0,
54079,2022-04-10 01:15:00,40.626854,-74.13319,1,0,Unsafe Speed,4517936,9.8,3.5,0.0,0.0,0.0,0.0,3,29.3,54.4,307,Overcast,1,1,
54080,2022-04-04 17:02:00,40.720085,-73.75873,1,0,Backing Unsafely,4518387,12.2,2.6,0.1,0.1,0.0,1.0,51,23.7,41.4,304,Drizzle: Light,1,1,
54081,2022-04-10 14:10:00,40.783333,-73.94368,0,0,Driver Inattention/Distraction,4517862,9.8,3.5,0.0,0.0,0.0,0.0,3,29.3,54.4,307,Overcast,0,0,
54082,2022-04-10 22:55:00,40.660576,-73.99065,0,0,Passing or Lane Usage Improper,4518058,9.8,3.5,0.0,0.0,0.0,0.0,3,29.3,54.4,307,Overcast,0,0,
54083,2022-04-06 00:35:00,40.794907,-73.94856,1,0,Passing or Lane Usage Improper,4518498,12.5,6.2,17.5,17.5,0.0,14.0,61,31.2,62.3,55,Rain: Light,1,1,
54084,2022-04-10 21:36:00,40.691765,-73.99992,2,0,Turning Improperly,4517797,9.8,3.5,0.0,0.0,0.0,0.0,3,29.3,54.4,307,Overcast,2,2,
54085,2022-04-10 18:22:00,40.694,-73.92351,0,0,Passing Too Closely,4518343,9.8,3.5,0.0,0.0,0.0,0.0,3,29.3,54.4,307,Overcast,0,0,
54086,2022-04-05 15:10:00,40.6691,-73.909615,0,0,Unspecified,4518540,12.1,1.0,1.7,1.7,0.0,3.0,53,16.8,32.8,121,Drizzle: Moderate,0,0,
54087,2022-04-10 02:05:00,40.80822,-73.93673,0,0,Unspecified,4518024,9.8,3.5,0.0,0.0,0.0,0.0,3,29.3,54.4,307,Overcast,0,0,
54088,2022-04-10 11:07:00,40.70646,-74.01511,0,0,Unspecified,4517886,9.8,3.5,0.0,0.0,0.0,0.0,3,29.3,54.4,307,Overcast,0,0,
54089,2022-04-10 04:59:00,40.799484,-73.92929,0,0,Alcohol Involvement,4518025,9.8,3.5,0.0,0.0,0.0,0.0,3,29.3,54.4,307,Overcast,0,0,
54090,2022-04-10 02:19:00,40.704494,-73.81743,3,0,Unsafe Speed,4517969,9.8,3.5,0.0,0.0,0.0,0.0,3,29.3,54.4,307,Overcast,3,3,
54091,2022-04-08 04:02:00,40.87801,-73.853134,1,0,Alcohol Involvement,4518407,16.5,7.1,5.2,5.2,0.0,4.0,63,21.3,42.8,253,Rain: Moderate,1,1,
54092,2022-04-10 01:30:00,40.59455,-73.997574,0,0,Unspecified,4517474,9.8,3.5,0.0,0.0,0.0,0.0,3,29.3,54.4,307,Overcast,0,0,
54093,2022-04-10 13:00:00,40.680668,-73.836334,1,0,Unsafe Speed,4517833,9.8,3.5,0.0,0.0,0.0,0.0,3,29.3,54.4,307,Overcast,1,1,
54094,2022-03-06 09:30:00,40.63017,-74.113556,0,0,Unspecified,4518539,19.5,3.0,1.6,1.6,0.0,7.0,53,30.0,54.7,222,Drizzle: Moderate,0,0,
54095,2022-04-08 01:41:00,40.579803,-73.97184,1,0,Lost Consciousness,4518381,16.5,7.1,5.2,5.2,0.0,4.0,63,21.3,42.8,253,Rain: Moderate,1,1,
54096,2022-04-10 03:58:00,40.69193,-73.91031,3,0,Driver Inattention/Distraction,4517523,9.8,3.5,0.0,0.0,0.0,0.0,3,29.3,54.4,307,Overcast,3,3,
54097,2022-04-02 17:47:00,40.80884,-73.96582,0,0,Turning Improperly,4518415,11.1,1.4,0.0,0.0,0.0,0.0,3,26.3,47.9,286,Overcast,0,0,
54098,2022-04-10 17:44:00,40.687675,-73.99335,0,0,Passing Too Closely,4517796,9.8,3.5,0.0,0.0,0.0,0.0,3,29.3,54.4,307,Overcast,0,0,
54099,2022-04-10 15:26:00,40.84486,-73.83083,2,0,Unspecified,4517970,9.8,3.5,0.0,0.0,0.0,0.0,3,29.3,54.4,307,Overcast,2,2,
54100,2022-04-02 19:00:00,40.546135,-74.17407,0,0,Failure to Yield Right-of-Way,4518470,11.1,1.4,0.0,0.0,0.0,0.0,3,26.3,47.9,286,Overcast,0,0,
54101,2022-04-10 02:13:00,40.767612,-73.950005,0,0,Driver Inattention/Distraction,4517870,9.8,3.5,0.0,0.0,0.0,0.0,3,29.3,54.4,307,Overcast,0,0,
54102,2022-04-09 23:40:00,40.76349,-73.86079,0,0,Driver Inattention/Distraction,4518299,13.6,5.0,4.8,4.8,0.0,12.0,55,20.1,42.8,263,Drizzle: Dense,0,0,
54103,2022-03-30 10:25:00,40.698696,-73.93477,1,0,Unspecified,4518341,5.9,-3.5,0.0,0.0,0.0,0.0,3,17.0,30.6,215,Overcast,1,1,
54104,2022-04-10 18:35:00,40.687756,-73.97921,0,0,Driver Inexperience,4517929,9.8,3.5,0.0,0.0,0.0,0.0,3,29.3,54.4,307,Overcast,0,0,
54105,2022-04-10 11:05:00,40.819042,-73.93075,0,0,Following Too Closely,4518434,9.8,3.5,0.0,0.0,0.0,0.0,3,29.3,54.4,307,Overcast,0,0,
54106,2022-04-10 00:30:00,40.688995,-73.78581,0,0,Passing Too Closely,4517705,9.8,3.5,0.0,0.0,0.0,0.0,3,29.3,54.4,307,Overcast,0,0,
54107,2022-04-10 18:36:00,40.62356,-73.927376,2,0,Driver Inattention/Distraction,4518156,9.8,3.5,0.0,0.0,0.0,0.0,3,29.3,54.4,307,Overcast,2,2,
54108,2022-04-10 21:51:00,40.714066,-73.95163,0,0,Failure to Yield Right-of-Way,4517827,9.8,3.5,0.0,0.0,0.0,0.0,3,29.3,54.4,307,Overcast,0,0,
54109,2022-04-07 16:34:00,40.831184,-73.913284,1,0,Failure to Yield Right-of-Way,4518285,11.5,5.6,74.1,74.1,0.0,14.0,65,35.0,64.8,98,Rain: Heavy,1,1,
54110,2022-03-18 23:19:00,40.717022,-73.94913,0,0,Alcohol Involvement,4518489,20.8,7.4,0.0,0.0,0.0,0.0,3,16.0,31.7,181,Overcast,0,0,
54111,2022-07-05 10:15:00,40.670887,-73.93649,1,0,Driver Inattention/Distraction,4544298,30.0,20.3,0.5,0.5,0.0,2.0,51,30.4,56.5,191,Drizzle: Light,1,1,
54112,2022-04-10 18:04:00,40.748302,-73.97835,0,0,Unspecified,4518033,9.8,3.5,0.0,0.0,0.0,0.0,3,29.3,54.4,307,Overcast,0,0,
54113,2022-04-10 10:34:00,40.683094,-73.80576,0,0,Following Too Closely,4518204,9.8,3.5,0.0,0.0,0.0,0.0,3,29.3,54.4,307,Overcast,0,0,
54114,2022-04-10 13:52:00,40.779106,-73.81729,1,0,Traffic Control Disregarded,4517732,9.8,3.5,0.0,0.0,0.0,0.0,3,29.3,54.4,307,Overcast,1,1,
54115,2022-04-10 16:09:00,40.824066,-73.908714,2,0,Unspecified,4517895,9.8,3.5,0.0,0.0,0.0,0.0,3,29.3,54.4,307,Overcast,2,2,
54116,2022-04-10 14:00:00,40.705593,-73.88252,0,0,Unspecified,4518373,9.8,3.5,0.0,0.0,0.0,0.0,3,29.3,54.4,307,Overcast,0,0,
54117,2022-04-03 13:45:00,40.83228,-73.90963,1,0,Traffic Control Disregarded,4518422,8.3,3.4,3.1,3.1,0.0,5.0,61,21.9,38.2,274,Rain: Light,1,1,
54118,2022-04-08 20:00:00,40.760704,-73.858246,0,0,Unspecified,4518294,16.5,7.1,5.2,5.2,0.0,4.0,63,21.3,42.8,253,Rain: Moderate,0,0,
54119,2022-04-10 09:50:00,40.855705,-73.882744,1,0,Pedestrian/Bicyclist/Other Pedestrian Error/Confusion,4517913,9.8,3.5,0.0,0.0,0.0,0.0,3,29.3,54.4,307,Overcast,1,1,
54120,2022-04-10 16:40:00,40.64029,-73.994804,2,0,Unspecified,4518510,9.8,3.5,0.0,0.0,0.0,0.0,3,29.3,54.4,307,Overcast,2,2,
54121,2022-04-09 23:40:00,40.65626,-73.950165,1,0,Driver Inattention/Distraction,4518362,13.6,5.0,4.8,4.8,0.0,12.0,55,20.1,42.8,263,Drizzle: Dense,1,1,
54122,2022-04-10 04:30:00,40.77074,-73.99455,0,0,Traffic Control Disregarded,4518135,9.8,3.5,0.0,0.0,0.0,0.0,3,29.3,54.4,307,Overcast,0,0,
54123,2022-04-10 04:19:00,40.75348,-73.980896,1,0,Pedestrian/Bicyclist/Other Pedestrian Error/Confusion,4517538,9.8,3.5,0.0,0.0,0.0,0.0,3,29.3,54.4,307,Overcast,1,1,
54124,2022-04-10 01:02:00,40.81269,-73.85701,0,0,Other Vehicular,4518281,9.8,3.5,0.0,0.0,0.0,0.0,3,29.3,54.4,307,Overcast,0,0,
54125,2022-04-10 16:12:00,40.62345,-74.01132,0,0,Driver Inattention/Distraction,4517784,9.8,3.5,0.0,0.0,0.0,0.0,3,29.3,54.4,307,Overcast,0,0,
54126,2022-04-10 15:16:00,40.814674,-73.93822,0,0,Reaction to Uninvolved Vehicle,4518220,9.8,3.5,0.0,0.0,0.0,0.0,3,29.3,54.4,307,Overcast,0,0,
54127,2022-04-10 20:55:00,40.710316,-73.77173,1,0,Alcohol Involvement,4518039,9.8,3.5,0.0,0.0,0.0,0.0,3,29.3,54.4,307,Overcast,1,1,
54128,2022-04-10 14:20:00,40.60805,-74.15736,0,0,Following Too Closely,4517945,9.8,3.5,0.0,0.0,0.0,0.0,3,29.3,54.4,307,Overcast,0,0,
54129,2022-01-27 16:18:00,40.82751,-73.92495,0,0,Passenger Distraction,4518428,-0.3,-9.6,0.0,0.0,0.0,0.0,3,18.7,37.1,184,Overcast,0,0,
54130,2022-04-10 04:45:00,40.646927,-73.88074,0,0,Unspecified,4518009,9.8,3.5,0.0,0.0,0.0,0.0,3,29.3,54.4,307,Overcast,0,0,
54131,2022-04-08 10:12:00,40.81339,-73.95627,1,0,Following Too Closely,4518363,16.5,7.1,5.2,5.2,0.0,4.0,63,21.3,42.8,253,Rain: Moderate,1,1,
54132,2022-04-10 04:05:00,40.716877,-73.9465,0,0,Pedestrian/Bicyclist/Other Pedestrian Error/Confusion,4517845,9.8,3.5,0.0,0.0,0.0,0.0,3,29.3,54.4,307,Overcast,0,0,
54133,2022-04-10 21:00:00,0.0,0.0,0,0,Unspecified,4518288,9.8,3.5,0.0,0.0,0.0,0.0,3,29.3,54.4,307,Overcast,0,0,
54134,2022-04-10 16:30:00,40.72082,-73.974884,0,0,Unspecified,4518326,9.8,3.5,0.0,0.0,0.0,0.0,3,29.3,54.4,307,Overcast,0,0,
54135,2022-04-10 03:49:00,40.872837,-73.852196,0,0,Alcohol Involvement,4517908,9.8,3.5,0.0,0.0,0.0,0.0,3,29.3,54.4,307,Overcast,0,0,
54136,2022-04-10 21:00:00,40.825954,-73.94337,1,0,Driver Inattention/Distraction,4518256,9.8,3.5,0.0,0.0,0.0,0.0,3,29.3,54.4,307,Overcast,1,1,
54137,2021-09-19 20:20:00,40.743477,-73.73286,1,0,Driver Inattention/Distraction,4459828,23.6,16.8,0.0,0.0,0.0,0.0,2,17.6,35.6,0,Partly cloudy,1,1,
54138,2022-04-10 00:25:00,40.855045,-73.89045,0,0,Alcohol Involvement,4517600,9.8,3.5,0.0,0.0,0.0,0.0,3,29.3,54.4,307,Overcast,0,0,
54139,2022-04-10 15:56:00,40.668095,-73.880226,2,0,Driver Inattention/Distraction,4518016,9.8,3.5,0.0,0.0,0.0,0.0,3,29.3,54.4,307,Overcast,2,2,
54140,2021-10-29 15:28:00,40.59787,-73.93362,1,0,Unspecified,4472281,13.8,8.3,9.3,9.3,0.0,5.0,63,40.9,73.8,78,Rain: Moderate,1,1,
54141,2021-10-29 12:00:00,40.7138,-73.93319,1,0,Unsafe Speed,4472801,13.8,8.3,9.3,9.3,0.0,5.0,63,40.9,73.8,78,Rain: Moderate,1,1,
54142,2021-10-27 01:10:00,40.71699,-73.82402,0,0,Following Too Closely,4471549,16.1,12.2,6.6,6.6,0.0,6.0,61,33.3,63.0,359,Rain: Light,0,0,
54143,2021-10-27 21:30:00,40.770306,-73.91901,0,0,Passing or Lane Usage Improper,4472259,16.1,12.2,6.6,6.6,0.0,6.0,61,33.3,63.0,359,Rain: Light,0,0,
54144,2021-10-27 18:40:00,40.602192,-73.75523,0,0,Failure to Yield Right-of-Way,4471641,16.1,12.2,6.6,6.6,0.0,6.0,61,33.3,63.0,359,Rain: Light,0,0,
54145,2021-10-27 12:05:00,40.702835,-73.86983,1,0,Failure to Yield Right-of-Way,4472489,16.1,12.2,6.6,6.6,0.0,6.0,61,33.3,63.0,359,Rain: Light,1,1,
54146,2021-10-27 18:00:00,40.66726,-73.98931,0,0,Backing Unsafely,4471596,16.1,12.2,6.6,6.6,0.0,6.0,61,33.3,63.0,359,Rain: Light,0,0,
54147,2021-10-28 11:07:00,40.667973,-73.99586,1,0,Unspecified,4472084,15.2,7.9,0.0,0.0,0.0,0.0,3,19.1,34.6,28,Overcast,1,1,
54148,2021-10-28 22:37:00,40.694042,-73.73665,1,0,Unspecified,4471947,15.2,7.9,0.0,0.0,0.0,0.0,3,19.1,34.6,28,Overcast,1,1,
54149,2021-10-28 20:43:00,40.72029,-73.95723,0,0,Failure to Yield Right-of-Way,4472682,15.2,7.9,0.0,0.0,0.0,0.0,3,19.1,34.6,28,Overcast,0,0,
54150,2021-10-29 09:03:00,40.712307,-73.99437,0,0,Aggressive Driving/Road Rage,4472853,13.8,8.3,9.3,9.3,0.0,5.0,63,40.9,73.8,78,Rain: Moderate,0,0,
54151,2021-10-28 22:58:00,40.828407,-73.93125,3,0,Passing or Lane Usage Improper,4471933,15.2,7.9,0.0,0.0,0.0,0.0,3,19.1,34.6,28,Overcast,3,3,
54152,2021-10-29 06:30:00,40.62871,-74.02003,0,0,Unspecified,4472257,13.8,8.3,9.3,9.3,0.0,5.0,63,40.9,73.8,78,Rain: Moderate,0,0,
54153,2021-10-27 19:00:00,40.574867,-74.00069,0,0,Unspecified,4471833,16.1,12.2,6.6,6.6,0.0,6.0,61,33.3,63.0,359,Rain: Light,0,0,
54154,2021-10-28 00:01:00,40.70967,-73.77404,1,0,Driver Inexperience,4472806,15.2,7.9,0.0,0.0,0.0,0.0,3,19.1,34.6,28,Overcast,1,1,
54155,2021-10-28 08:00:00,40.719448,-74.0103,0,0,Unspecified,4471810,15.2,7.9,0.0,0.0,0.0,0.0,3,19.1,34.6,28,Overcast,0,0,
54156,2021-10-27 00:10:00,40.815,-73.89402,0,0,Unspecified,4471229,16.1,12.2,6.6,6.6,0.0,6.0,61,33.3,63.0,359,Rain: Light,0,0,
54157,2021-10-29 18:44:00,40.67285,-73.97339,0,0,Driver Inattention/Distraction,4472160,13.8,8.3,9.3,9.3,0.0,5.0,63,40.9,73.8,78,Rain: Moderate,0,0,
54158,2021-10-29 11:44:00,40.63393,-73.89396,1,0,Failure to Yield Right-of-Way,4472123,13.8,8.3,9.3,9.3,0.0,5.0,63,40.9,73.8,78,Rain: Moderate,1,1,
54159,2021-10-22 19:04:00,40.7539366,-73.8602884,1,0,Driver Inattention/Distraction,4469967,20.3,14.4,0.0,0.0,0.0,0.0,3,18.1,31.3,267,Overcast,1,1,
54160,2021-10-28 13:20:00,40.755486,-73.82472,1,0,Failure to Yield Right-of-Way,4472320,15.2,7.9,0.0,0.0,0.0,0.0,3,19.1,34.6,28,Overcast,1,1,
54161,2021-10-27 15:40:00,40.73817,-73.71352,3,0,Failure to Yield Right-of-Way,4471576,16.1,12.2,6.6,6.6,0.0,6.0,61,33.3,63.0,359,Rain: Light,3,3,
54162,2021-10-29 11:40:00,40.6755,-73.73864,0,0,Following Too Closely,4472086,13.8,8.3,9.3,9.3,0.0,5.0,63,40.9,73.8,78,Rain: Moderate,0,0,
54163,2021-10-28 08:30:00,40.748306,-73.87104,0,0,Driver Inattention/Distraction,4471952,15.2,7.9,0.0,0.0,0.0,0.0,3,19.1,34.6,28,Overcast,0,0,
54164,2021-10-29 08:40:00,40.666428,-73.75677,1,0,View Obstructed/Limited,4472013,13.8,8.3,9.3,9.3,0.0,5.0,63,40.9,73.8,78,Rain: Moderate,1,1,
54165,2021-10-28 07:30:00,40.734657,-74.00475,0,0,Passing Too Closely,4471693,15.2,7.9,0.0,0.0,0.0,0.0,3,19.1,34.6,28,Overcast,0,0,
54166,2021-10-28 16:38:00,40.67002,-73.78312,1,0,Drugs (illegal),4472128,15.2,7.9,0.0,0.0,0.0,0.0,3,19.1,34.6,28,Overcast,1,1,
54167,2021-10-29 14:13:00,40.61733,-73.93485,1,0,Unspecified,4472198,13.8,8.3,9.3,9.3,0.0,5.0,63,40.9,73.8,78,Rain: Moderate,1,1,
54168,2021-10-28 10:00:00,40.64367,-74.015495,0,0,Unspecified,4472501,15.2,7.9,0.0,0.0,0.0,0.0,3,19.1,34.6,28,Overcast,0,0,
54169,2021-10-27 09:30:00,40.712467,-73.93556,0,0,Driver Inattention/Distraction,4471612,16.1,12.2,6.6,6.6,0.0,6.0,61,33.3,63.0,359,Rain: Light,0,0,
54170,2021-10-27 19:10:00,40.70864,-73.78715,0,0,Passing or Lane Usage Improper,4472352,16.1,12.2,6.6,6.6,0.0,6.0,61,33.3,63.0,359,Rain: Light,0,0,
54171,2021-10-29 18:38:00,40.841133,-73.924,0,0,Turning Improperly,4472432,13.8,8.3,9.3,9.3,0.0,5.0,63,40.9,73.8,78,Rain: Moderate,0,0,
54172,2021-10-27 08:30:00,40.86536,-73.87043,0,0,Passing or Lane Usage Improper,4471786,16.1,12.2,6.6,6.6,0.0,6.0,61,33.3,63.0,359,Rain: Light,0,0,
54173,2021-10-28 19:32:00,40.63721,-74.02221,1,0,Unspecified,4471868,15.2,7.9,0.0,0.0,0.0,0.0,3,19.1,34.6,28,Overcast,1,1,
54174,2021-10-29 10:45:00,40.870014,-73.832436,0,0,Unsafe Speed,4472448,13.8,8.3,9.3,9.3,0.0,5.0,63,40.9,73.8,78,Rain: Moderate,0,0,
54175,2021-10-27 05:32:00,40.609642,-73.9456,1,0,Unspecified,4471340,16.1,12.2,6.6,6.6,0.0,6.0,61,33.3,63.0,359,Rain: Light,1,1,
54176,2021-10-29 22:15:00,40.67834,-73.883316,0,0,View Obstructed/Limited,4472744,13.8,8.3,9.3,9.3,0.0,5.0,63,40.9,73.8,78,Rain: Moderate,0,0,
54177,2021-10-27 11:40:00,40.67671,-73.97711,0,0,Driver Inattention/Distraction,4472054,16.1,12.2,6.6,6.6,0.0,6.0,61,33.3,63.0,359,Rain: Light,0,0,
54178,2021-10-27 11:53:00,40.714333,-73.92946,0,0,Following Too Closely,4471620,16.1,12.2,6.6,6.6,0.0,6.0,61,33.3,63.0,359,Rain: Light,0,0,
54179,2021-10-27 11:30:00,40.81861,-73.96096,0,0,Unspecified,4471831,16.1,12.2,6.6,6.6,0.0,6.0,61,33.3,63.0,359,Rain: Light,0,0,
54180,2021-10-22 10:30:00,40.630577,-73.88591,0,0,Driver Inattention/Distraction,4471984,20.3,14.4,0.0,0.0,0.0,0.0,3,18.1,31.3,267,Overcast,0,0,
54181,2021-10-26 15:00:00,40.688084,-73.876686,0,0,Unspecified,4472752,16.9,13.8,84.5,84.5,0.0,17.0,65,28.7,53.6,87,Rain: Heavy,0,0,
54182,2021-10-29 01:15:00,40.823387,-73.86461,0,0,Driver Inexperience,4472045,13.8,8.3,9.3,9.3,0.0,5.0,63,40.9,73.8,78,Rain: Moderate,0,0,
54183,2021-10-29 23:35:00,40.763382,-73.8303,1,0,View Obstructed/Limited,4472297,13.8,8.3,9.3,9.3,0.0,5.0,63,40.9,73.8,78,Rain: Moderate,1,1,
54184,2022-04-10 15:00:00,40.74088,-73.737015,0,0,Unsafe Lane Changing,4517765,9.8,3.5,0.0,0.0,0.0,0.0,3,29.3,54.4,307,Overcast,0,0,
54185,2021-10-27 16:20:00,40.807213,-73.906334,1,0,Reaction to Uninvolved Vehicle,4471859,16.1,12.2,6.6,6.6,0.0,6.0,61,33.3,63.0,359,Rain: Light,1,1,
54186,2021-10-29 16:30:00,40.72341,-73.72733,0,0,Traffic Control Disregarded,4472338,13.8,8.3,9.3,9.3,0.0,5.0,63,40.9,73.8,78,Rain: Moderate,0,0,
54187,2021-10-27 14:45:00,40.77162,-73.87477,0,0,Driver Inattention/Distraction,4471747,16.1,12.2,6.6,6.6,0.0,6.0,61,33.3,63.0,359,Rain: Light,0,0,
54188,2021-10-29 13:40:00,40.65907,-73.98597,1,0,Unspecified,4472222,13.8,8.3,9.3,9.3,0.0,5.0,63,40.9,73.8,78,Rain: Moderate,1,1,
54189,2021-10-29 19:10:00,40.652447,-73.93917,0,0,Unspecified,4472704,13.8,8.3,9.3,9.3,0.0,5.0,63,40.9,73.8,78,Rain: Moderate,0,0,