,CRASH DATETIME,LATITUDE,LONGITUDE,NUMBER OF PERSONS INJURED,NUMBER OF PERSONS KILLED,CONTRIBUTING FACTOR VEHICLE 1,COLLISION_ID,temperature_2m_max,temperature_2m_min,precipitation_sum,rain_sum,snowfall_sum,precipitation_hours,weather_code,wind_speed_10m_max,wind_gusts_10m_max,wind_direction_10m_dominant,Weather Description,Severity_Score,Total_Affected_Persons,Weather_Category
54190,2021-10-27 05:59:00,40.867836,-73.89034,0,0,Passing Too Closely,4471375,16.1,12.2,6.6,6.6,0.0,6.0,61,33.3,63.0,359,Rain: Light,0,0,
54191,2021-10-28 17:45:00,40.70324,-73.92615,0,0,Backing Unsafely,4471990,15.2,7.9,0.0,0.0,0.0,0.0,3,19.1,34.6,28,Overcast,0,0,
54192,2021-10-27 17:00:00,40.68879,-73.91691,0,0,Following Too Closely,4471989,16.1,12.2,6.6,6.6,0.0,6.0,61,33.3,63.0,359,Rain: Light,0,0,
54193,2021-10-27 10:46:00,40.784534,-73.9736,0,0,Other Vehicular,4471529,16.1,12.2,6.6,6.6,0.0,6.0,61,33.3,63.0,359,Rain: Light,0,0,
54194,2021-10-29 18:00:00,40.732937,-73.920395,1,0,Driver Inattention/Distraction,4472138,13.8,8.3,9.3,9.3,0.0,5.0,63,40.9,73.8,78,Rain: Moderate,1,1,
54195,2021-10-29 15:21:00,40.619114,-74.020676,1,0,Unspecified,4472155,13.8,8.3,9.3,9.3,0.0,5.0,63,40.9,73.8,78,Rain: Moderate,1,1,
54196,2021-10-27 18:22:00,40.685074,-73.9779,1,0,Unsafe Speed,4471647,16.1,12.2,6.6,6.6,0.0,6.0,61,33.3,63.0,359,Rain: Light,1,1,
54197,2021-10-29 13:35:00,40.60753,-73.96482,0,0,Unspecified,4472105,13.8,8.3,9.3,9.3,0.0,5.0,63,40.9,73.8,78,Rain: Moderate,0,0,
54198,2021-10-27 18:55:00,40.670006,-73.95328,1,0,Driver Inattention/Distraction,4472570,16.1,12.2,6.6,6.6,0.0,6.0,61,33.3,63.0,359,Rain: Light,1,1,
54199,2021-10-28 09:00:00,40.87869,-73.86165,0,0,Unspecified,4472409,15.2,7.9,0.0,0.0,0.0,0.0,3,19.1,34.6,28,Overcast,0,0,
54200,2021-10-26 17:55:00,40.770306,-73.91901,0,0,Driver Inattention/Distraction,4472378,16.9,13.8,84.5,84.5,0.0,17.0,65,28.7,53.6,87,Rain: Heavy,0,0,
54201,2021-10-28 20:00:00,40.748318,-73.89898,0,0,Unspecified,4472469,15.2,7.9,0.0,0.0,0.0,0.0,3,19.1,34.6,28,Overcast,0,0,
54202,2021-10-29 12:56:00,40.640686,-73.98185,0,0,Driver Inattention/Distraction,4472870,13.8,8.3,9.3,9.3,0.0,5.0,63,40.9,73.8,78,Rain: Moderate,0,0,
54203,2021-10-28 00:00:00,40.664654,-73.73607,1,0,Driver Inattention/Distraction,4471940,15.2,7.9,0.0,0.0,0.0,0.0,3,19.1,34.6,28,Overcast,1,1,
54204,2021-10-29 19:29:00,40.682594,-73.962654,1,0,Passing Too Closely,4472143,13.8,8.3,9.3,9.3,0.0,5.0,63,40.9,73.8,78,Rain: Moderate,1,1,
54205,2021-10-28 06:42:00,40.67189,-73.895874,0,0,Driver Inattention/Distraction,4471662,15.2,7.9,0.0,0.0,0.0,0.0,3,19.1,34.6,28,Overcast,0,0,
54206,2021-10-29 09:07:00,40.820087,-73.921005,0,0,Unspecified,4472328,13.8,8.3,9.3,9.3,0.0,5.0,63,40.9,73.8,78,Rain: Moderate,0,0,
54207,2021-10-27 11:00:00,40.862064,-73.89484,0,0,Driver Inattention/Distraction,4471701,16.1,12.2,6.6,6.6,0.0,6.0,61,33.3,63.0,359,Rain: Light,0,0,
54208,2021-10-29 02:55:00,40.73902,-73.97335,0,0,Passing or Lane Usage Improper,4472009,13.8,8.3,9.3,9.3,0.0,5.0,63,40.9,73.8,78,Rain: Moderate,0,0,
54209,2021-10-29 21:45:00,40.707333,-73.94321,1,0,Failure to Yield Right-of-Way,4472821,13.8,8.3,9.3,9.3,0.0,5.0,63,40.9,73.8,78,Rain: Moderate,1,1,
54210,2021-06-26 23:19:00,40.761204,-73.75539,2,0,Driver Inattention/Distraction,4431182,26.5,18.6,1.3,1.3,0.0,8.0,51,23.7,52.9,181,Drizzle: Light,2,2,
54211,2021-07-09 16:01:00,40.681984,-73.84977,1,0,Driver Inattention/Distraction,4435509,29.8,22.0,35.0,35.0,0.0,14.0,63,31.0,55.8,341,Rain: Moderate,1,1,
54212,2021-07-10 01:35:00,0.0,0.0,1,0,Failure to Yield Right-of-Way,4435581,25.5,20.7,0.5,0.5,0.0,3.0,51,14.5,29.9,1,Drizzle: Light,1,1,
54213,2021-07-13 19:59:00,40.676743,-73.93316,2,0,Driver Inattention/Distraction,4437195,25.0,20.8,2.4,2.4,0.0,12.0,53,13.0,26.3,84,Drizzle: Moderate,2,2,
54214,2021-07-16 02:10:00,40.82803,-73.934845,2,0,Driver Inattention/Distraction,4438292,32.3,23.2,0.3,0.3,0.0,3.0,51,12.3,33.1,238,Drizzle: Light,2,2,
54215,2021-10-27 12:30:00,40.857525,-73.8818,1,0,Driver Inattention/Distraction,4471717,16.1,12.2,6.6,6.6,0.0,6.0,61,33.3,63.0,359,Rain: Light,1,1,
54216,2021-07-15 15:20:00,40.712772,-73.77201,0,0,Passing Too Closely,4438298,29.3,21.2,0.1,0.1,0.0,1.0,51,13.7,27.4,212,Drizzle: Light,0,0,
54217,2021-07-16 03:00:00,40.704422,-73.792854,1,0,Alcohol Involvement,4438299,32.3,23.2,0.3,0.3,0.0,3.0,51,12.3,33.1,238,Drizzle: Light,1,1,
54218,2021-07-15 08:37:00,40.704647,-73.77192,0,0,Failure to Yield Right-of-Way,4438297,29.3,21.2,0.1,0.1,0.0,1.0,51,13.7,27.4,212,Drizzle: Light,0,0,
54219,2021-07-16 18:49:00,40.714695,-73.77531,1,0,Unsafe Lane Changing,4438300,32.3,23.2,0.3,0.3,0.0,3.0,51,12.3,33.1,238,Drizzle: Light,1,1,
54220,2021-07-10 12:50:00,40.723797,-74.000374,0,0,Passing or Lane Usage Improper,4437341,25.5,20.7,0.5,0.5,0.0,3.0,51,14.5,29.9,1,Drizzle: Light,0,0,
54221,2021-07-14 19:00:00,40.707336,-73.7961,1,0,Aggressive Driving/Road Rage,4438296,30.6,21.5,0.8,0.8,0.0,3.0,53,14.5,36.0,191,Drizzle: Moderate,1,1,
54222,2021-07-15 19:50:00,40.704403,-73.814445,0,0,Turning Improperly,4438303,29.3,21.2,0.1,0.1,0.0,1.0,51,13.7,27.4,212,Drizzle: Light,0,0,
54223,2021-07-13 19:35:00,40.717678,-73.81713,1,0,Following Too Closely,4438304,25.0,20.8,2.4,2.4,0.0,12.0,53,13.0,26.3,84,Drizzle: Moderate,1,1,
54224,2021-10-27 08:00:00,40.660954,-73.960686,1,0,Backing Unsafely,4471499,16.1,12.2,6.6,6.6,0.0,6.0,61,33.3,63.0,359,Rain: Light,1,1,
54225,2021-10-29 10:05:00,40.72271,-73.998116,0,0,Passing Too Closely,4472403,13.8,8.3,9.3,9.3,0.0,5.0,63,40.9,73.8,78,Rain: Moderate,0,0,
54226,2021-10-29 09:10:00,40.85876,-73.89736,0,0,Passing or Lane Usage Improper,4472022,13.8,8.3,9.3,9.3,0.0,5.0,63,40.9,73.8,78,Rain: Moderate,0,0,
54227,2021-10-29 00:18:00,40.700424,-73.9444,1,0,Alcohol Involvement,4472786,13.8,8.3,9.3,9.3,0.0,5.0,63,40.9,73.8,78,Rain: Moderate,1,1,
54228,2021-10-28 14:15:00,40.667038,-73.757324,1,0,Unspecified,4471882,15.2,7.9,0.0,0.0,0.0,0.0,3,19.1,34.6,28,Overcast,1,1,
54229,2021-10-28 13:47:00,40.58296,-74.112114,1,0,Alcohol Involvement,4471898,15.2,7.9,0.0,0.0,0.0,0.0,3,19.1,34.6,28,Overcast,1,1,
54230,2021-10-29 04:20:00,40.66652,-73.81354,1,0,Passing or Lane Usage Improper,4471919,13.8,8.3,9.3,9.3,0.0,5.0,63,40.9,73.8,78,Rain: Moderate,1,1,
54231,2021-10-29 13:30:00,40.65476,-74.00724,0,0,Unspecified,4472170,13.8,8.3,9.3,9.3,0.0,5.0,63,40.9,73.8,78,Rain: Moderate,0,0,
54232,2021-10-29 00:32:00,40.75326,-73.864456,0,0,Pavement Defective,4472041,13.8,8.3,9.3,9.3,0.0,5.0,63,40.9,73.8,78,Rain: Moderate,0,0,
54233,2021-10-27 11:15:00,40.677,-73.81965,1,0,Traffic Control Disregarded,4471489,16.1,12.2,6.6,6.6,0.0,6.0,61,33.3,63.0,359,Rain: Light,1,1,
54234,2021-10-27 00:08:00,40.68158,-73.84759,0,0,Unspecified,4471449,16.1,12.2,6.6,6.6,0.0,6.0,61,33.3,63.0,359,Rain: Light,0,0,
54235,2021-07-16 11:57:00,40.674477,-73.904205,0,0,Unspecified,4437764,32.3,23.2,0.3,0.3,0.0,3.0,51,12.3,33.1,238,Drizzle: Light,0,0,
54236,2021-07-16 19:12:00,40.681934,-74.00572,0,0,Traffic Control Disregarded,4438239,32.3,23.2,0.3,0.3,0.0,3.0,51,12.3,33.1,238,Drizzle: Light,0,0,
54237,2021-07-14 21:10:00,40.665558,-73.72985,0,0,Driver Inattention/Distraction,4436951,30.6,21.5,0.8,0.8,0.0,3.0,53,14.5,36.0,191,Drizzle: Moderate,0,0,
54238,2021-07-13 13:57:00,40.742493,-73.87337,0,0,Passing or Lane Usage Improper,4438013,25.0,20.8,2.4,2.4,0.0,12.0,53,13.0,26.3,84,Drizzle: Moderate,0,0,
54239,2021-07-16 12:25:00,40.804993,-73.911354,0,0,Driver Inattention/Distraction,4437725,32.3,23.2,0.3,0.3,0.0,3.0,51,12.3,33.1,238,Drizzle: Light,0,0,
54240,2021-07-15 21:42:00,40.737553,-73.85089,0,0,Following Too Closely,4437398,29.3,21.2,0.1,0.1,0.0,1.0,51,13.7,27.4,212,Drizzle: Light,0,0,
54241,2021-07-16 13:06:00,40.83008,-73.85377,0,0,Driver Inattention/Distraction,4437935,32.3,23.2,0.3,0.3,0.0,3.0,51,12.3,33.1,238,Drizzle: Light,0,0,
54242,2021-07-14 15:22:00,40.770817,-73.961006,0,0,Backing Unsafely,4437004,30.6,21.5,0.8,0.8,0.0,3.0,53,14.5,36.0,191,Drizzle: Moderate,0,0,
54243,2021-07-15 11:30:00,40.840176,-73.92528,0,0,Driver Inattention/Distraction,4437380,29.3,21.2,0.1,0.1,0.0,1.0,51,13.7,27.4,212,Drizzle: Light,0,0,
54244,2021-07-14 16:58:00,40.881783,-73.86536,1,0,Driver Inattention/Distraction,4438093,30.6,21.5,0.8,0.8,0.0,3.0,53,14.5,36.0,191,Drizzle: Moderate,1,1,
54245,2021-07-13 14:00:00,40.720005,-73.78463,0,0,Following Too Closely,4438282,25.0,20.8,2.4,2.4,0.0,12.0,53,13.0,26.3,84,Drizzle: Moderate,0,0,
54246,2021-07-08 07:23:00,40.895374,-73.86356,1,0,Driver Inattention/Distraction,4437366,28.3,21.3,15.2,15.2,0.0,12.0,63,16.9,48.2,125,Rain: Moderate,1,1,
54247,2021-07-14 16:35:00,40.66705,-73.77417,1,0,Failure to Yield Right-of-Way,4437721,30.6,21.5,0.8,0.8,0.0,3.0,53,14.5,36.0,191,Drizzle: Moderate,1,1,
54248,2021-07-14 13:20:00,40.69365,-73.98333,0,0,Driver Inattention/Distraction,4437261,30.6,21.5,0.8,0.8,0.0,3.0,53,14.5,36.0,191,Drizzle: Moderate,0,0,
54249,2021-07-16 18:15:00,40.821106,-73.93575,0,0,Other Vehicular,4438243,32.3,23.2,0.3,0.3,0.0,3.0,51,12.3,33.1,238,Drizzle: Light,0,0,
54250,2021-07-15 10:30:00,40.69599,-73.98322,1,0,Backing Unsafely,4437551,29.3,21.2,0.1,0.1,0.0,1.0,51,13.7,27.4,212,Drizzle: Light,1,1,
54251,2021-07-15 13:14:00,40.60824,-73.96206,0,0,Unspecified,4437501,29.3,21.2,0.1,0.1,0.0,1.0,51,13.7,27.4,212,Drizzle: Light,0,0,
54252,2021-07-15 14:55:00,40.8494,-73.90304,0,0,Backing Unsafely,4437245,29.3,21.2,0.1,0.1,0.0,1.0,51,13.7,27.4,212,Drizzle: Light,0,0,
54253,2021-07-14 00:00:00,40.71143,-73.72845,3,0,Unsafe Speed,4436654,30.6,21.5,0.8,0.8,0.0,3.0,53,14.5,36.0,191,Drizzle: Moderate,3,3,
54254,2021-07-15 14:00:00,40.676327,-73.86547,0,0,Driver Inattention/Distraction,4437966,29.3,21.2,0.1,0.1,0.0,1.0,51,13.7,27.4,212,Drizzle: Light,0,0,
54255,2021-07-16 15:40:00,40.690926,-73.92066,1,0,Driver Inattention/Distraction,4437595,32.3,23.2,0.3,0.3,0.0,3.0,51,12.3,33.1,238,Drizzle: Light,1,1,
54256,2021-07-15 19:00:00,40.735844,-74.00597,0,0,Reaction to Uninvolved Vehicle,4437794,29.3,21.2,0.1,0.1,0.0,1.0,51,13.7,27.4,212,Drizzle: Light,0,0,
54257,2021-07-14 07:27:00,40.76156,-73.93518,0,0,Backing Unsafely,4436986,30.6,21.5,0.8,0.8,0.0,3.0,53,14.5,36.0,191,Drizzle: Moderate,0,0,
54258,2021-07-16 10:05:00,40.632782,-73.98537,0,0,Unspecified,4437514,32.3,23.2,0.3,0.3,0.0,3.0,51,12.3,33.1,238,Drizzle: Light,0,0,
54259,2021-07-15 16:58:00,40.7968,-73.929375,0,0,Following Too Closely,4437385,29.3,21.2,0.1,0.1,0.0,1.0,51,13.7,27.4,212,Drizzle: Light,0,0,
54260,2021-07-15 14:28:00,40.64644,-73.91289,1,0,Driver Inexperience,4437441,29.3,21.2,0.1,0.1,0.0,1.0,51,13.7,27.4,212,Drizzle: Light,1,1,
54261,2021-07-15 09:08:00,40.848263,-73.92049,2,0,Failure to Yield Right-of-Way,4437131,29.3,21.2,0.1,0.1,0.0,1.0,51,13.7,27.4,212,Drizzle: Light,2,2,
54262,2021-07-16 15:45:00,40.621857,-73.93823,1,0,Failure to Yield Right-of-Way,4437556,32.3,23.2,0.3,0.3,0.0,3.0,51,12.3,33.1,238,Drizzle: Light,1,1,
54263,2021-07-14 17:17:00,40.843174,-73.91196,1,0,Failure to Yield Right-of-Way,4437646,30.6,21.5,0.8,0.8,0.0,3.0,53,14.5,36.0,191,Drizzle: Moderate,1,1,
54264,2021-07-15 12:30:00,40.821617,-73.85819,0,0,Unspecified,4437939,29.3,21.2,0.1,0.1,0.0,1.0,51,13.7,27.4,212,Drizzle: Light,0,0,
54265,2021-07-14 10:44:00,40.73975,-73.98133,0,0,Unspecified,4437823,30.6,21.5,0.8,0.8,0.0,3.0,53,14.5,36.0,191,Drizzle: Moderate,0,0,
54266,2021-07-16 04:15:00,40.764347,-73.92347,1,0,Driver Inattention/Distraction,4437891,32.3,23.2,0.3,0.3,0.0,3.0,51,12.3,33.1,238,Drizzle: Light,1,1,
54267,2021-07-15 14:00:00,40.61132,-74.114716,0,0,Backing Unsafely,4437220,29.3,21.2,0.1,0.1,0.0,1.0,51,13.7,27.4,212,Drizzle: Light,0,0,
54268,2021-07-15 15:30:00,40.718395,-73.826385,0,0,Driver Inattention/Distraction,4437291,29.3,21.2,0.1,0.1,0.0,1.0,51,13.7,27.4,212,Drizzle: Light,0,0,
54269,2021-07-14 20:22:00,40.723625,-74.00479,1,0,Unspecified,4437339,30.6,21.5,0.8,0.8,0.0,3.0,53,14.5,36.0,191,Drizzle: Moderate,1,1,
54270,2021-07-13 22:19:00,40.72246,-73.98446,0,0,Backing Unsafely,4437906,25.0,20.8,2.4,2.4,0.0,12.0,53,13.0,26.3,84,Drizzle: Moderate,0,0,
54271,2021-07-14 04:57:00,40.86296,-73.85391,1,0,View Obstructed/Limited,4436681,30.6,21.5,0.8,0.8,0.0,3.0,53,14.5,36.0,191,Drizzle: Moderate,1,1,
54272,2021-07-13 14:58:00,40.84506,-73.916855,0,0,Unsafe Lane Changing,4438179,25.0,20.8,2.4,2.4,0.0,12.0,53,13.0,26.3,84,Drizzle: Moderate,0,0,
54273,2021-07-16 08:00:00,40.616547,-74.02406,0,0,Aggressive Driving/Road Rage,4437482,32.3,23.2,0.3,0.3,0.0,3.0,51,12.3,33.1,238,Drizzle: Light,0,0,
54274,2021-07-14 12:25:00,40.838913,-73.84093,0,0,Passing or Lane Usage Improper,4437037,30.6,21.5,0.8,0.8,0.0,3.0,53,14.5,36.0,191,Drizzle: Moderate,0,0,
54275,2021-07-15 23:00:00,40.71886,-73.97492,1,0,Unspecified,4437259,29.3,21.2,0.1,0.1,0.0,1.0,51,13.7,27.4,212,Drizzle: Light,1,1,
54276,2021-07-16 09:24:00,40.853474,-73.906456,1,0,Failure to Yield Right-of-Way,4437412,32.3,23.2,0.3,0.3,0.0,3.0,51,12.3,33.1,238,Drizzle: Light,1,1,
54277,2021-07-16 13:55:00,40.670403,-73.85629,1,0,Following Too Closely,4438196,32.3,23.2,0.3,0.3,0.0,3.0,51,12.3,33.1,238,Drizzle: Light,1,1,
54278,2021-07-07 17:55:00,40.820515,-73.89998,1,0,Unspecified,4437473,31.4,22.2,1.4,1.4,0.0,6.0,53,17.4,37.8,213,Drizzle: Moderate,1,1,
54279,2021-07-15 23:57:00,40.751575,-73.982285,2,0,Passing or Lane Usage Improper,4437775,29.3,21.2,0.1,0.1,0.0,1.0,51,13.7,27.4,212,Drizzle: Light,2,2,
54280,2021-05-27 04:08:00,40.667778,-73.80127,0,0,Pavement Slippery,4437544,27.4,18.3,2.4,2.4,0.0,3.0,61,23.5,42.1,313,Rain: Light,0,0,
54281,2021-07-15 15:20:00,40.82663,-73.87285,0,0,Driver Inattention/Distraction,4437284,29.3,21.2,0.1,0.1,0.0,1.0,51,13.7,27.4,212,Drizzle: Light,0,0,
54282,2021-07-16 16:50:00,40.7517,-73.986404,2,0,Driver Inattention/Distraction,4437815,32.3,23.2,0.3,0.3,0.0,3.0,51,12.3,33.1,238,Drizzle: Light,2,2,
54283,2021-07-14 17:24:00,40.640724,-73.883446,1,0,Unspecified,4437199,30.6,21.5,0.8,0.8,0.0,3.0,53,14.5,36.0,191,Drizzle: Moderate,1,1,
54284,2021-07-14 12:00:00,40.728283,-73.89047,0,0,Unspecified,4437674,30.6,21.5,0.8,0.8,0.0,3.0,53,14.5,36.0,191,Drizzle: Moderate,0,0,
54285,2021-07-07 11:30:00,40.702503,-73.9624,0,0,Driver Inattention/Distraction,4438148,31.4,22.2,1.4,1.4,0.0,6.0,53,17.4,37.8,213,Drizzle: Moderate,0,0,
54286,2021-07-14 00:05:00,40.696163,-73.76881,1,0,Passing or Lane Usage Improper,4436754,30.6,21.5,0.8,0.8,0.0,3.0,53,14.5,36.0,191,Drizzle: Moderate,1,1,
54287,2021-07-16 06:55:00,40.627987,-73.93078,1,0,Failure to Yield Right-of-Way,4437418,32.3,23.2,0.3,0.3,0.0,3.0,51,12.3,33.1,238,Drizzle: Light,1,1,
54288,2021-07-15 20:10:00,40.73251,-73.857056,0,0,Driver Inattention/Distraction,4437417,29.3,21.2,0.1,0.1,0.0,1.0,51,13.7,27.4,212,Drizzle: Light,0,0,
54289,2021-07-14 01:15:00,40.651577,-73.95214,0,0,Passenger Distraction,4436933,30.6,21.5,0.8,0.8,0.0,3.0,53,14.5,36.0,191,Drizzle: Moderate,0,0,
54290,2021-07-14 11:15:00,40.660496,-73.9398,1,0,Other Vehicular,4437566,30.6,21.5,0.8,0.8,0.0,3.0,53,14.5,36.0,191,Drizzle: Moderate,1,1,
54291,2021-07-16 10:00:00,40.69169,-73.90585,0,0,Driver Inattention/Distraction,4437589,32.3,23.2,0.3,0.3,0.0,3.0,51,12.3,33.1,238,Drizzle: Light,0,0,
54292,2021-07-14 21:42:00,40.680313,-73.842026,0,0,Failure to Yield Right-of-Way,4437083,30.6,21.5,0.8,0.8,0.0,3.0,53,14.5,36.0,191,Drizzle: Moderate,0,0,
54293,2021-07-15 22:45:00,40.71458,-73.73108,0,0,Driver Inattention/Distraction,4437533,29.3,21.2,0.1,0.1,0.0,1.0,51,13.7,27.4,212,Drizzle: Light,0,0,
54294,2021-07-15 21:00:00,40.61852,-74.0861,0,0,Driver Inattention/Distraction,4437999,29.3,21.2,0.1,0.1,0.0,1.0,51,13.7,27.4,212,Drizzle: Light,0,0,
54295,2021-07-16 20:15:00,40.58516,-73.9874,0,0,Driver Inattention/Distraction,4437868,32.3,23.2,0.3,0.3,0.0,3.0,51,12.3,33.1,238,Drizzle: Light,0,0,
54296,2021-07-16 13:50:00,40.640236,-73.90598,0,0,Following Too Closely,4437505,32.3,23.2,0.3,0.3,0.0,3.0,51,12.3,33.1,238,Drizzle: Light,0,0,
54297,2021-07-15 21:00:00,40.74513,-73.85588,1,0,Driver Inattention/Distraction,4438021,29.3,21.2,0.1,0.1,0.0,1.0,51,13.7,27.4,212,Drizzle: Light,1,1,
54298,2021-07-14 20:00:00,40.58096,-73.96466,0,0,Driver Inattention/Distraction,4437847,30.6,21.5,0.8,0.8,0.0,3.0,53,14.5,36.0,191,Drizzle: Moderate,0,0,
54299,2021-07-16 17:00:00,40.647068,-73.993935,0,0,Driver Inattention/Distraction,4437916,32.3,23.2,0.3,0.3,0.0,3.0,51,12.3,33.1,238,Drizzle: Light,0,0,
54300,2021-07-16 20:15:00,40.69591,-73.80995,0,0,Driver Inattention/Distraction,4438286,32.3,23.2,0.3,0.3,0.0,3.0,51,12.3,33.1,238,Drizzle: Light,0,0,
54301,2021-07-15 19:00:00,40.895428,-73.84463,1,0,Driver Inattention/Distraction,4437373,29.3,21.2,0.1,0.1,0.0,1.0,51,13.7,27.4,212,Drizzle: Light,1,1,
54302,2021-07-15 18:00:00,40.60874,-73.74764,0,0,Turning Improperly,4437573,29.3,21.2,0.1,0.1,0.0,1.0,51,13.7,27.4,212,Drizzle: Light,0,0,
54303,2021-07-15 02:41:00,40.809147,-73.93605,0,0,Unspecified,4437103,29.3,21.2,0.1,0.1,0.0,1.0,51,13.7,27.4,212,Drizzle: Light,0,0,
54304,2021-07-14 19:41:00,40.735844,-74.00597,1,0,Turning Improperly,4437804,30.6,21.5,0.8,0.8,0.0,3.0,53,14.5,36.0,191,Drizzle: Moderate,1,1,
54305,2021-07-15 20:09:00,40.737896,-73.791115,1,0,Pavement Defective,4438052,29.3,21.2,0.1,0.1,0.0,1.0,51,13.7,27.4,212,Drizzle: Light,1,1,
54306,2021-07-14 22:22:00,40.821636,-73.93909,1,0,Turning Improperly,4437137,30.6,21.5,0.8,0.8,0.0,3.0,53,14.5,36.0,191,Drizzle: Moderate,1,1,
54307,2021-07-13 15:30:00,40.7042,-73.815254,1,0,Unspecified,4437437,25.0,20.8,2.4,2.4,0.0,12.0,53,13.0,26.3,84,Drizzle: Moderate,1,1,
54308,2021-07-15 12:15:00,40.84023,-73.880104,0,0,Passing or Lane Usage Improper,4438263,29.3,21.2,0.1,0.1,0.0,1.0,51,13.7,27.4,212,Drizzle: Light,0,0,
54309,2021-07-15 08:50:00,40.820522,-73.94041,0,0,Unspecified,4437158,29.3,21.2,0.1,0.1,0.0,1.0,51,13.7,27.4,212,Drizzle: Light,0,0,
54310,2021-07-14 11:02:00,40.615475,-73.97973,0,0,Other Vehicular,4436907,30.6,21.5,0.8,0.8,0.0,3.0,53,14.5,36.0,191,Drizzle: Moderate,0,0,
54311,2021-07-10 01:15:00,40.86258,-73.925385,0,0,Driver Inattention/Distraction,4437973,25.5,20.7,0.5,0.5,0.0,3.0,51,14.5,29.9,1,Drizzle: Light,0,0,
54312,2021-07-14 16:00:00,40.666325,-73.90495,0,0,Turning Improperly,4437858,30.6,21.5,0.8,0.8,0.0,3.0,53,14.5,36.0,191,Drizzle: Moderate,0,0,
54313,2021-10-25 17:00:00,40.76374,-73.86337,0,0,Unspecified,4472291,22.8,13.5,10.7,10.7,0.0,8.0,63,18.9,33.5,172,Rain: Moderate,0,0,
54314,2021-07-16 08:30:00,40.737526,-73.87725,0,0,Driver Inattention/Distraction,4438081,32.3,23.2,0.3,0.3,0.0,3.0,51,12.3,33.1,238,Drizzle: Light,0,0,
54315,2021-07-15 23:55:00,40.73873,-73.81428,0,0,Unsafe Lane Changing,4437450,29.3,21.2,0.1,0.1,0.0,1.0,51,13.7,27.4,212,Drizzle: Light,0,0,
54316,2021-07-14 00:00:00,40.630028,-74.006615,0,0,Passing Too Closely,4436818,30.6,21.5,0.8,0.8,0.0,3.0,53,14.5,36.0,191,Drizzle: Moderate,0,0,
54317,2021-07-15 20:56:00,40.578106,-73.99263,2,0,Driver Inattention/Distraction,4438221,29.3,21.2,0.1,0.1,0.0,1.0,51,13.7,27.4,212,Drizzle: Light,2,2,
54318,2021-07-15 14:40:00,40.744026,-73.92616,0,0,Reaction to Uninvolved Vehicle,4437307,29.3,21.2,0.1,0.1,0.0,1.0,51,13.7,27.4,212,Drizzle: Light,0,0,
54319,2021-07-14 17:55:00,40.645752,-73.981064,0,0,Unspecified,4437328,30.6,21.5,0.8,0.8,0.0,3.0,53,14.5,36.0,191,Drizzle: Moderate,0,0,
54320,2021-07-16 04:50:00,40.7858,-73.85131,0,0,Passenger Distraction,4437353,32.3,23.2,0.3,0.3,0.0,3.0,51,12.3,33.1,238,Drizzle: Light,0,0,
54321,2021-07-09 11:50:00,40.667736,-73.980896,0,0,Passing Too Closely,4437611,29.8,22.0,35.0,35.0,0.0,14.0,63,31.0,55.8,341,Rain: Moderate,0,0,
54322,2021-07-16 12:40:00,40.801624,-73.94472,0,0,Driver Inattention/Distraction,4437469,32.3,23.2,0.3,0.3,0.0,3.0,51,12.3,33.1,238,Drizzle: Light,0,0,
54323,2021-07-14 11:09:00,40.873917,-73.88494,1,0,Unspecified,4436863,30.6,21.5,0.8,0.8,0.0,3.0,53,14.5,36.0,191,Drizzle: Moderate,1,1,
54324,2021-07-14 09:30:00,40.780857,-73.960915,0,0,Driver Inattention/Distraction,4436823,30.6,21.5,0.8,0.8,0.0,3.0,53,14.5,36.0,191,Drizzle: Moderate,0,0,
54325,2021-07-14 03:40:00,40.8385,-73.90598,0,0,Following Too Closely,4437770,30.6,21.5,0.8,0.8,0.0,3.0,53,14.5,36.0,191,Drizzle: Moderate,0,0,
54326,2021-07-15 21:10:00,40.717518,-73.96474,1,0,Failure to Yield Right-of-Way,4437270,29.3,21.2,0.1,0.1,0.0,1.0,51,13.7,27.4,212,Drizzle: Light,1,1,
54327,2021-07-15 17:47:00,40.62553,-73.932434,5,0,Unsafe Speed,4437422,29.3,21.2,0.1,0.1,0.0,1.0,51,13.7,27.4,212,Drizzle: Light,5,5,
54328,2021-07-14 02:50:00,40.86038,-73.88889,0,0,Driver Inattention/Distraction,4436926,30.6,21.5,0.8,0.8,0.0,3.0,53,14.5,36.0,191,Drizzle: Moderate,0,0,
54329,2021-07-15 07:00:00,40.762386,-73.911804,0,0,Unspecified,4437885,29.3,21.2,0.1,0.1,0.0,1.0,51,13.7,27.4,212,Drizzle: Light,0,0,
54330,2021-07-14 06:00:00,40.795525,-73.97594,0,0,Pavement Slippery,4436775,30.6,21.5,0.8,0.8,0.0,3.0,53,14.5,36.0,191,Drizzle: Moderate,0,0,
54331,2021-07-15 11:00:00,40.877655,-73.8894,1,0,Backing Unsafely,4437157,29.3,21.2,0.1,0.1,0.0,1.0,51,13.7,27.4,212,Drizzle: Light,1,1,