,CRASH DATETIME,LATITUDE,LONGITUDE,NUMBER OF PERSONS INJURED,NUMBER OF PERSONS KILLED,CONTRIBUTING FACTOR VEHICLE 1,COLLISION_ID,temperature_2m_max,temperature_2m_min,precipitation_sum,rain_sum,snowfall_sum,precipitation_hours,weather_code,wind_speed_10m_max,wind_gusts_10m_max,wind_direction_10m_dominant,Weather Description,Severity_Score,Total_Affected_Persons,Weather_Category
54332,2021-07-16 18:40:00,40.843178,-73.836815,0,0,Driver Inattention/Distraction,4437877,32.3,23.2,0.3,0.3,0.0,3.0,51,12.3,33.1,238,Drizzle: Light,0,0,
54333,2021-07-14 19:50:00,40.867012,-73.92312,0,0,View Obstructed/Limited,4437978,30.6,21.5,0.8,0.8,0.0,3.0,53,14.5,36.0,191,Drizzle: Moderate,0,0,
54334,2021-06-22 09:30:00,40.749405,-73.88425,0,0,Backing Unsafely,4437405,24.2,15.1,8.5,8.5,0.0,9.0,63,22.2,43.2,305,Rain: Moderate,0,0,
54335,2021-07-16 21:00:00,40.67973,-73.75148,1,0,Failure to Yield Right-of-Way,4437537,32.3,23.2,0.3,0.3,0.0,3.0,51,12.3,33.1,238,Drizzle: Light,1,1,
54336,2021-07-14 16:00:00,40.864655,-73.813866,2,0,Turning Improperly,4437022,30.6,21.5,0.8,0.8,0.0,3.0,53,14.5,36.0,191,Drizzle: Moderate,2,2,
54337,2021-07-16 00:00:00,40.58549,-73.9516,1,0,Driver Inattention/Distraction,4437654,32.3,23.2,0.3,0.3,0.0,3.0,51,12.3,33.1,238,Drizzle: Light,1,1,
54338,2021-07-04 19:00:00,40.65035,-73.92633,0,0,Unsafe Speed,4438067,24.6,15.8,1.4,1.4,0.0,12.0,51,11.8,27.0,299,Drizzle: Light,0,0,
54339,2021-07-14 17:15:00,40.66638,-73.9244,0,0,Pedestrian/Bicyclist/Other Pedestrian Error/Confusion,4437851,30.6,21.5,0.8,0.8,0.0,3.0,53,14.5,36.0,191,Drizzle: Moderate,0,0,
54340,2021-07-15 13:45:00,40.77444,-73.92232,2,0,Failure to Yield Right-of-Way,4437924,29.3,21.2,0.1,0.1,0.0,1.0,51,13.7,27.4,212,Drizzle: Light,2,2,
54341,2021-07-10 02:45:00,40.739395,-73.87792,1,0,Driver Inattention/Distraction,4438006,25.5,20.7,0.5,0.5,0.0,3.0,51,14.5,29.9,1,Drizzle: Light,1,1,
54342,2021-07-14 13:57:00,40.858418,-73.88514,0,0,Other Vehicular,4437055,30.6,21.5,0.8,0.8,0.0,3.0,53,14.5,36.0,191,Drizzle: Moderate,0,0,
54343,2021-07-13 19:00:00,40.831623,-73.95072,1,0,Unspecified,4437377,25.0,20.8,2.4,2.4,0.0,12.0,53,13.0,26.3,84,Drizzle: Moderate,1,1,
54344,2021-07-15 12:40:00,40.673946,-73.9804,0,0,Passing Too Closely,4437390,29.3,21.2,0.1,0.1,0.0,1.0,51,13.7,27.4,212,Drizzle: Light,0,0,
54345,2021-07-14 17:30:00,40.739143,-73.90109,0,0,Driver Inattention/Distraction,4437186,30.6,21.5,0.8,0.8,0.0,3.0,53,14.5,36.0,191,Drizzle: Moderate,0,0,
54346,2021-07-16 11:50:00,40.602295,-73.752174,0,0,Passing Too Closely,4437579,32.3,23.2,0.3,0.3,0.0,3.0,51,12.3,33.1,238,Drizzle: Light,0,0,
54347,2021-07-05 13:21:00,40.70637,-73.75554,0,0,Following Too Closely,4437493,26.4,17.3,0.7,0.7,0.0,2.0,53,18.8,34.6,142,Drizzle: Moderate,0,0,
54348,2021-07-14 17:20:00,40.863033,-73.857376,0,0,Unspecified,4437110,30.6,21.5,0.8,0.8,0.0,3.0,53,14.5,36.0,191,Drizzle: Moderate,0,0,
54349,2021-07-10 12:40:00,40.574986,-73.99962,1,0,Driver Inattention/Distraction,4438024,25.5,20.7,0.5,0.5,0.0,3.0,51,14.5,29.9,1,Drizzle: Light,1,1,
54350,2021-05-27 03:00:00,40.715935,-73.81468,0,0,Unspecified,4438272,27.4,18.3,2.4,2.4,0.0,3.0,61,23.5,42.1,313,Rain: Light,0,0,
54351,2021-07-16 10:20:00,40.69142,-73.7875,0,0,Accelerator Defective,4437601,32.3,23.2,0.3,0.3,0.0,3.0,51,12.3,33.1,238,Drizzle: Light,0,0,
54352,2021-07-12 16:24:00,40.692364,-73.8938,0,0,Driver Inexperience,4437742,28.6,22.0,9.7,9.7,0.0,12.0,63,12.0,31.7,107,Rain: Moderate,0,0,
54353,2021-07-15 23:10:00,40.86953,-73.85746,5,0,Aggressive Driving/Road Rage,4438114,29.3,21.2,0.1,0.1,0.0,1.0,51,13.7,27.4,212,Drizzle: Light,5,5,
54354,2021-07-14 21:05:00,40.861164,-73.857574,0,0,Following Too Closely,4437171,30.6,21.5,0.8,0.8,0.0,3.0,53,14.5,36.0,191,Drizzle: Moderate,0,0,
54355,2021-07-14 09:58:00,40.862312,-73.929436,0,0,Backing Unsafely,4436796,30.6,21.5,0.8,0.8,0.0,3.0,53,14.5,36.0,191,Drizzle: Moderate,0,0,
54356,2021-07-15 14:35:00,40.738476,-73.79729,0,0,Unspecified,4437454,29.3,21.2,0.1,0.1,0.0,1.0,51,13.7,27.4,212,Drizzle: Light,0,0,
54357,2021-07-16 13:33:00,40.70489,-73.94617,0,0,Traffic Control Disregarded,4438171,32.3,23.2,0.3,0.3,0.0,3.0,51,12.3,33.1,238,Drizzle: Light,0,0,
54358,2021-07-14 16:15:00,40.71887,-73.88864,0,0,Driver Inattention/Distraction,4436913,30.6,21.5,0.8,0.8,0.0,3.0,53,14.5,36.0,191,Drizzle: Moderate,0,0,
54359,2021-07-14 22:45:00,40.665634,-73.75817,2,0,Unspecified,4436996,30.6,21.5,0.8,0.8,0.0,3.0,53,14.5,36.0,191,Drizzle: Moderate,2,2,
54360,2021-07-15 10:15:00,40.70202,-73.87975,0,0,Unspecified,4437684,29.3,21.2,0.1,0.1,0.0,1.0,51,13.7,27.4,212,Drizzle: Light,0,0,
54361,2021-07-16 04:26:00,40.669926,-73.89149,1,0,Unsafe Speed,4437301,32.3,23.2,0.3,0.3,0.0,3.0,51,12.3,33.1,238,Drizzle: Light,1,1,
54362,2021-07-15 09:50:00,40.672825,-73.92304,0,0,Unspecified,4437951,29.3,21.2,0.1,0.1,0.0,1.0,51,13.7,27.4,212,Drizzle: Light,0,0,
54363,2021-07-08 16:10:00,40.77318,-73.95683,0,0,Driver Inattention/Distraction,4438208,28.3,21.3,15.2,15.2,0.0,12.0,63,16.9,48.2,125,Rain: Moderate,0,0,
54364,2021-07-14 12:30:00,40.89815,-73.86837,0,0,Unspecified,4437358,30.6,21.5,0.8,0.8,0.0,3.0,53,14.5,36.0,191,Drizzle: Moderate,0,0,
54365,2021-07-14 16:29:00,40.812073,-73.93604,1,0,Unsafe Lane Changing,4437102,30.6,21.5,0.8,0.8,0.0,3.0,53,14.5,36.0,191,Drizzle: Moderate,1,1,
54366,2021-07-15 15:19:00,40.657413,-73.983,0,0,Driver Inattention/Distraction,4437239,29.3,21.2,0.1,0.1,0.0,1.0,51,13.7,27.4,212,Drizzle: Light,0,0,
54367,2021-07-15 18:00:00,40.868088,-73.83144,0,0,Unspecified,4437308,29.3,21.2,0.1,0.1,0.0,1.0,51,13.7,27.4,212,Drizzle: Light,0,0,
54368,2021-07-16 11:00:00,40.821106,-73.93575,0,0,Driver Inattention/Distraction,4437481,32.3,23.2,0.3,0.3,0.0,3.0,51,12.3,33.1,238,Drizzle: Light,0,0,
54369,2021-07-14 17:30:00,40.701992,-73.80996,1,0,Failure to Yield Right-of-Way,4436936,30.6,21.5,0.8,0.8,0.0,3.0,53,14.5,36.0,191,Drizzle: Moderate,1,1,
54370,2021-07-15 16:42:00,40.818012,-73.92519,1,0,Unspecified,4437349,29.3,21.2,0.1,0.1,0.0,1.0,51,13.7,27.4,212,Drizzle: Light,1,1,
54371,2021-07-14 13:54:00,40.62909,-74.01156,1,0,Unspecified,4436966,30.6,21.5,0.8,0.8,0.0,3.0,53,14.5,36.0,191,Drizzle: Moderate,1,1,
54372,2021-07-15 17:45:00,40.716064,-73.939026,1,0,Unspecified,4437274,29.3,21.2,0.1,0.1,0.0,1.0,51,13.7,27.4,212,Drizzle: Light,1,1,
54373,2021-07-14 00:10:00,40.678864,-73.86589,0,0,Unsafe Speed,4436837,30.6,21.5,0.8,0.8,0.0,3.0,53,14.5,36.0,191,Drizzle: Moderate,0,0,
54374,2021-07-15 12:55:00,40.60267,-74.1841,0,0,Driver Inattention/Distraction,4437219,29.3,21.2,0.1,0.1,0.0,1.0,51,13.7,27.4,212,Drizzle: Light,0,0,
54375,2021-07-12 16:50:00,40.721222,-74.00444,0,0,Driver Inattention/Distraction,4437508,28.6,22.0,9.7,9.7,0.0,12.0,63,12.0,31.7,107,Rain: Moderate,0,0,
54376,2021-07-16 04:00:00,40.689953,-73.826004,0,0,Unspecified,4437525,32.3,23.2,0.3,0.3,0.0,3.0,51,12.3,33.1,238,Drizzle: Light,0,0,
54377,2021-07-14 18:10:00,40.82433,-73.874374,0,0,Unspecified,4437122,30.6,21.5,0.8,0.8,0.0,3.0,53,14.5,36.0,191,Drizzle: Moderate,0,0,
54378,2021-07-15 11:40:00,40.825935,-73.85913,4,0,Following Too Closely,4437931,29.3,21.2,0.1,0.1,0.0,1.0,51,13.7,27.4,212,Drizzle: Light,4,4,
54379,2021-07-08 07:45:00,40.765297,-73.83967,0,0,Unsafe Speed,4437988,28.3,21.3,15.2,15.2,0.0,12.0,63,16.9,48.2,125,Rain: Moderate,0,0,
54380,2021-07-14 17:16:00,40.65668,-73.97818,0,0,Backing Unsafely,4437144,30.6,21.5,0.8,0.8,0.0,3.0,53,14.5,36.0,191,Drizzle: Moderate,0,0,
54381,2021-07-10 21:23:00,40.658005,-73.925766,2,0,Driver Inattention/Distraction,4437663,25.5,20.7,0.5,0.5,0.0,3.0,51,14.5,29.9,1,Drizzle: Light,2,2,
54382,2021-07-13 08:15:00,40.82724,-73.89771,0,0,Unspecified,4437476,25.0,20.8,2.4,2.4,0.0,12.0,53,13.0,26.3,84,Drizzle: Moderate,0,0,
54383,2021-07-13 21:11:00,40.8351,-73.919464,0,0,Driver Inattention/Distraction,4437354,25.0,20.8,2.4,2.4,0.0,12.0,53,13.0,26.3,84,Drizzle: Moderate,0,0,
54384,2021-07-14 14:44:00,40.761982,-73.87896,2,0,Other Vehicular,4437409,30.6,21.5,0.8,0.8,0.0,3.0,53,14.5,36.0,191,Drizzle: Moderate,2,2,
54385,2021-07-14 14:30:00,40.68024,-73.91123,0,0,Unspecified,4437765,30.6,21.5,0.8,0.8,0.0,3.0,53,14.5,36.0,191,Drizzle: Moderate,0,0,
54386,2021-07-16 00:09:00,40.66005,-73.91743,0,0,Failure to Yield Right-of-Way,4437266,32.3,23.2,0.3,0.3,0.0,3.0,51,12.3,33.1,238,Drizzle: Light,0,0,
54387,2021-07-16 14:50:00,40.69614,-73.92726,1,0,Failure to Yield Right-of-Way,4437518,32.3,23.2,0.3,0.3,0.0,3.0,51,12.3,33.1,238,Drizzle: Light,1,1,
54388,2021-07-08 22:29:00,40.73811,-73.78942,0,0,Pavement Defective,4438063,28.3,21.3,15.2,15.2,0.0,12.0,63,16.9,48.2,125,Rain: Moderate,0,0,
54389,2021-07-14 10:10:00,40.887547,-73.81512,1,0,Unspecified,4437013,30.6,21.5,0.8,0.8,0.0,3.0,53,14.5,36.0,191,Drizzle: Moderate,1,1,
54390,2021-07-14 12:30:00,40.682003,-73.9687,1,0,Unspecified,4437250,30.6,21.5,0.8,0.8,0.0,3.0,53,14.5,36.0,191,Drizzle: Moderate,1,1,
54391,2021-07-14 19:40:00,40.758972,-73.91901,0,0,Passing or Lane Usage Improper,4437045,30.6,21.5,0.8,0.8,0.0,3.0,53,14.5,36.0,191,Drizzle: Moderate,0,0,
54392,2021-10-28 14:00:00,40.715645,-73.90145,0,0,Failure to Yield Right-of-Way,4471841,15.2,7.9,0.0,0.0,0.0,0.0,3,19.1,34.6,28,Overcast,0,0,
54393,2021-07-14 11:23:00,40.63586,-73.9011,0,0,Unspecified,4437625,30.6,21.5,0.8,0.8,0.0,3.0,53,14.5,36.0,191,Drizzle: Moderate,0,0,
54394,2021-07-15 08:30:00,40.749462,-73.86656,0,0,Driver Inattention/Distraction,4438010,29.3,21.2,0.1,0.1,0.0,1.0,51,13.7,27.4,212,Drizzle: Light,0,0,
54395,2021-07-14 13:30:00,40.694355,-73.97009,0,0,Unspecified,4436978,30.6,21.5,0.8,0.8,0.0,3.0,53,14.5,36.0,191,Drizzle: Moderate,0,0,
54396,2021-07-10 11:04:00,40.70259,-73.89521,1,0,Turning Improperly,4438032,25.5,20.7,0.5,0.5,0.0,3.0,51,14.5,29.9,1,Drizzle: Light,1,1,
54397,2021-07-15 13:48:00,40.77077,-73.91727,0,0,Unsafe Lane Changing,4437513,29.3,21.2,0.1,0.1,0.0,1.0,51,13.7,27.4,212,Drizzle: Light,0,0,
54398,2021-07-16 04:00:00,40.620808,-74.02508,0,0,Unspecified,4437679,32.3,23.2,0.3,0.3,0.0,3.0,51,12.3,33.1,238,Drizzle: Light,0,0,
54399,2021-07-14 16:26:00,40.58581,-73.952995,0,0,Unspecified,4437089,30.6,21.5,0.8,0.8,0.0,3.0,53,14.5,36.0,191,Drizzle: Moderate,0,0,
54400,2021-07-11 21:46:00,40.708447,-73.800224,0,0,Passing Too Closely,4437430,24.9,19.8,2.5,2.5,0.0,9.0,53,15.8,35.3,141,Drizzle: Moderate,0,0,
54401,2021-07-14 18:15:00,40.82398,-73.91311,0,0,Unspecified,4437829,30.6,21.5,0.8,0.8,0.0,3.0,53,14.5,36.0,191,Drizzle: Moderate,0,0,
54402,2021-07-15 11:15:00,40.8674,-73.89488,0,0,Passing Too Closely,4437297,29.3,21.2,0.1,0.1,0.0,1.0,51,13.7,27.4,212,Drizzle: Light,0,0,
54403,2021-07-14 18:40:00,40.68714,-73.80801,0,0,Following Too Closely,4436941,30.6,21.5,0.8,0.8,0.0,3.0,53,14.5,36.0,191,Drizzle: Moderate,0,0,
54404,2021-07-13 00:00:00,40.72296,-73.910446,0,0,Unspecified,4437736,25.0,20.8,2.4,2.4,0.0,12.0,53,13.0,26.3,84,Drizzle: Moderate,0,0,
54405,2021-07-16 11:25:00,40.760532,-73.95836,0,0,Driver Inattention/Distraction,4438189,32.3,23.2,0.3,0.3,0.0,3.0,51,12.3,33.1,238,Drizzle: Light,0,0,
54406,2021-07-14 22:05:00,40.74147,-73.985435,1,0,Failure to Yield Right-of-Way,4437840,30.6,21.5,0.8,0.8,0.0,3.0,53,14.5,36.0,191,Drizzle: Moderate,1,1,
54407,2021-07-16 16:15:00,40.755013,-73.93434,0,0,Driver Inattention/Distraction,4437895,32.3,23.2,0.3,0.3,0.0,3.0,51,12.3,33.1,238,Drizzle: Light,0,0,
54408,2021-07-14 15:15:00,40.677414,-73.93033,0,0,Driver Inattention/Distraction,4437224,30.6,21.5,0.8,0.8,0.0,3.0,53,14.5,36.0,191,Drizzle: Moderate,0,0,
54409,2021-07-16 01:30:00,40.780228,-73.96137,1,0,Traffic Control Disregarded,4437313,32.3,23.2,0.3,0.3,0.0,3.0,51,12.3,33.1,238,Drizzle: Light,1,1,
54410,2021-07-15 08:45:00,40.763035,-73.924515,1,0,Failure to Yield Right-of-Way,4438167,29.3,21.2,0.1,0.1,0.0,1.0,51,13.7,27.4,212,Drizzle: Light,1,1,
54411,2021-07-15 00:50:00,40.763138,-73.98621,0,0,Driver Inattention/Distraction,4437069,29.3,21.2,0.1,0.1,0.0,1.0,51,13.7,27.4,212,Drizzle: Light,0,0,
54412,2021-07-16 10:37:00,40.68078,-73.966805,0,0,Driver Inattention/Distraction,4437957,32.3,23.2,0.3,0.3,0.0,3.0,51,12.3,33.1,238,Drizzle: Light,0,0,
54413,2021-07-14 19:50:00,40.654163,-73.91154,0,0,Unspecified,4436988,30.6,21.5,0.8,0.8,0.0,3.0,53,14.5,36.0,191,Drizzle: Moderate,0,0,
54414,2021-07-14 09:00:00,40.766083,-73.907715,0,0,Driver Inattention/Distraction,4437072,30.6,21.5,0.8,0.8,0.0,3.0,53,14.5,36.0,191,Drizzle: Moderate,0,0,
54415,2021-07-16 13:00:00,40.8325,-73.92811,0,0,Passing Too Closely,4437785,32.3,23.2,0.3,0.3,0.0,3.0,51,12.3,33.1,238,Drizzle: Light,0,0,
54416,2021-07-15 08:15:00,40.720898,-73.823456,0,0,Passing or Lane Usage Improper,4437444,29.3,21.2,0.1,0.1,0.0,1.0,51,13.7,27.4,212,Drizzle: Light,0,0,
54417,2021-07-15 00:31:00,40.58478,-73.962555,0,0,Driver Inattention/Distraction,4437031,29.3,21.2,0.1,0.1,0.0,1.0,51,13.7,27.4,212,Drizzle: Light,0,0,
54418,2021-07-14 14:40:00,40.6532,-74.005585,0,0,Unspecified,4437461,30.6,21.5,0.8,0.8,0.0,3.0,53,14.5,36.0,191,Drizzle: Moderate,0,0,
54419,2021-07-14 00:01:00,40.613453,-73.82044,0,0,Passing or Lane Usage Improper,4436657,30.6,21.5,0.8,0.8,0.0,3.0,53,14.5,36.0,191,Drizzle: Moderate,0,0,
54420,2021-07-14 20:00:00,40.71471,-73.94133,1,0,Backing Unsafely,4437278,30.6,21.5,0.8,0.8,0.0,3.0,53,14.5,36.0,191,Drizzle: Moderate,1,1,
54421,2021-07-16 18:15:00,40.899055,-73.87373,2,0,Pedestrian/Bicyclist/Other Pedestrian Error/Confusion,4438101,32.3,23.2,0.3,0.3,0.0,3.0,51,12.3,33.1,238,Drizzle: Light,2,2,
54422,2021-07-16 18:25:00,40.68732,-73.787,0,0,View Obstructed/Limited,4437540,32.3,23.2,0.3,0.3,0.0,3.0,51,12.3,33.1,238,Drizzle: Light,0,0,
54423,2021-07-14 20:55:00,40.7132,-73.97723,0,0,Failure to Yield Right-of-Way,4437560,30.6,21.5,0.8,0.8,0.0,3.0,53,14.5,36.0,191,Drizzle: Moderate,0,0,
54424,2021-07-15 07:57:00,40.69828,-73.91092,0,0,Driver Inattention/Distraction,4437345,29.3,21.2,0.1,0.1,0.0,1.0,51,13.7,27.4,212,Drizzle: Light,0,0,
54425,2021-07-14 20:40:00,40.73028,-73.84824,0,0,Driver Inattention/Distraction,4436959,30.6,21.5,0.8,0.8,0.0,3.0,53,14.5,36.0,191,Drizzle: Moderate,0,0,
54426,2021-07-15 07:45:00,40.59814,-73.983574,0,0,Unsafe Speed,4437206,29.3,21.2,0.1,0.1,0.0,1.0,51,13.7,27.4,212,Drizzle: Light,0,0,
54427,2021-07-14 18:00:00,40.817387,-73.92277,0,0,Unspecified,4437338,30.6,21.5,0.8,0.8,0.0,3.0,53,14.5,36.0,191,Drizzle: Moderate,0,0,
54428,2021-07-16 00:03:00,40.768875,-73.94898,0,0,Fatigued/Drowsy,4437311,32.3,23.2,0.3,0.3,0.0,3.0,51,12.3,33.1,238,Drizzle: Light,0,0,
54429,2021-07-15 18:35:00,40.79935,-73.95908,1,0,Passing or Lane Usage Improper,4437244,29.3,21.2,0.1,0.1,0.0,1.0,51,13.7,27.4,212,Drizzle: Light,1,1,
54430,2021-07-16 13:45:00,40.737576,-73.70715,0,0,Unspecified,4437485,32.3,23.2,0.3,0.3,0.0,3.0,51,12.3,33.1,238,Drizzle: Light,0,0,
54431,2021-07-14 00:05:00,40.75537,-73.98746,1,0,Unspecified,4436693,30.6,21.5,0.8,0.8,0.0,3.0,53,14.5,36.0,191,Drizzle: Moderate,1,1,
54432,2021-07-15 20:55:00,40.755756,-73.96479,1,0,Driver Inattention/Distraction,4437260,29.3,21.2,0.1,0.1,0.0,1.0,51,13.7,27.4,212,Drizzle: Light,1,1,
54433,2021-07-14 17:50:00,40.663944,-73.84105,0,0,Passing or Lane Usage Improper,4436940,30.6,21.5,0.8,0.8,0.0,3.0,53,14.5,36.0,191,Drizzle: Moderate,0,0,
54434,2021-07-15 11:10:00,40.730503,-73.8698,0,0,Traffic Control Disregarded,4437413,29.3,21.2,0.1,0.1,0.0,1.0,51,13.7,27.4,212,Drizzle: Light,0,0,
54435,2021-07-14 21:38:00,40.6082,-73.920715,1,0,Driver Inattention/Distraction,4437034,30.6,21.5,0.8,0.8,0.0,3.0,53,14.5,36.0,191,Drizzle: Moderate,1,1,
54436,2021-07-15 17:33:00,40.68618,-73.79149,0,0,Driver Inexperience,4437545,29.3,21.2,0.1,0.1,0.0,1.0,51,13.7,27.4,212,Drizzle: Light,0,0,
54437,2021-07-16 06:20:00,40.742947,-73.97413,1,0,Backing Unsafely,4437472,32.3,23.2,0.3,0.3,0.0,3.0,51,12.3,33.1,238,Drizzle: Light,1,1,
54438,2021-06-09 18:05:00,40.74931,-73.98456,0,0,Unspecified,4437816,30.2,21.4,1.1,1.1,0.0,5.0,51,11.7,28.1,286,Drizzle: Light,0,0,
54439,2021-07-15 22:15:00,40.83609,-73.87039,2,0,Fell Asleep,4437285,29.3,21.2,0.1,0.1,0.0,1.0,51,13.7,27.4,212,Drizzle: Light,2,2,
54440,2021-07-15 11:45:00,40.658295,-73.93109,1,0,Unspecified,4437562,29.3,21.2,0.1,0.1,0.0,1.0,51,13.7,27.4,212,Drizzle: Light,1,1,
54441,2021-06-30 08:34:00,40.676647,-73.91647,1,0,Driver Inattention/Distraction,4437786,35.2,24.9,0.1,0.1,0.0,1.0,51,20.6,37.1,246,Drizzle: Light,1,1,
54442,2021-07-15 10:50:00,40.69687,-73.923035,0,0,Passing Too Closely,4437585,29.3,21.2,0.1,0.1,0.0,1.0,51,13.7,27.4,212,Drizzle: Light,0,0,
54443,2021-07-14 09:25:00,40.718918,-73.989395,1,0,Following Too Closely,4436981,30.6,21.5,0.8,0.8,0.0,3.0,53,14.5,36.0,191,Drizzle: Moderate,1,1,
54444,2021-07-15 10:07:00,40.601463,-73.97555,1,0,Traffic Control Disregarded,4437198,29.3,21.2,0.1,0.1,0.0,1.0,51,13.7,27.4,212,Drizzle: Light,1,1,
54445,2021-07-15 17:15:00,40.824158,-73.87462,0,0,Unspecified,4437937,29.3,21.2,0.1,0.1,0.0,1.0,51,13.7,27.4,212,Drizzle: Light,0,0,
54446,2021-07-11 22:10:00,40.740257,-73.86532,0,0,Driver Inattention/Distraction,4438014,24.9,19.8,2.5,2.5,0.0,9.0,53,15.8,35.3,141,Drizzle: Moderate,0,0,
54447,2021-07-15 13:25:00,40.777412,-73.978806,0,0,Other Vehicular,4437223,29.3,21.2,0.1,0.1,0.0,1.0,51,13.7,27.4,212,Drizzle: Light,0,0,
54448,2021-06-25 17:37:00,40.75862,-73.88784,0,0,Unspecified,4437399,24.7,15.6,0.0,0.0,0.0,0.0,3,20.9,41.0,144,Overcast,0,0,
54449,2021-07-12 13:39:00,40.669777,-73.9583,1,0,Failure to Yield Right-of-Way,4437567,28.6,22.0,9.7,9.7,0.0,12.0,63,12.0,31.7,107,Rain: Moderate,1,1,
54450,2021-07-14 17:50:00,40.78515,-73.94063,0,0,Other Vehicular,4437005,30.6,21.5,0.8,0.8,0.0,3.0,53,14.5,36.0,191,Drizzle: Moderate,0,0,
54451,2021-07-16 16:40:00,40.58196,-73.959946,0,0,Following Too Closely,4437867,32.3,23.2,0.3,0.3,0.0,3.0,51,12.3,33.1,238,Drizzle: Light,0,0,
54452,2021-07-16 13:05:00,40.62376,-74.082214,2,0,Driver Inattention/Distraction,4438001,32.3,23.2,0.3,0.3,0.0,3.0,51,12.3,33.1,238,Drizzle: Light,2,2,
54453,2021-07-15 09:50:00,40.87361,-73.84867,1,0,Driver Inattention/Distraction,4437367,29.3,21.2,0.1,0.1,0.0,1.0,51,13.7,27.4,212,Drizzle: Light,1,1,
54454,2021-06-06 10:00:00,40.716133,-73.8185,1,0,Unsafe Speed,4438247,31.0,20.0,0.0,0.0,0.0,0.0,1,16.6,32.4,222,Mainly clear,1,1,Sunny/Clear Conditions
54455,2021-07-16 07:20:00,40.728405,-73.978806,0,0,Passing Too Closely,4437914,32.3,23.2,0.3,0.3,0.0,3.0,51,12.3,33.1,238,Drizzle: Light,0,0,
54456,2021-07-05 09:00:00,40.647,-73.92694,0,0,Unspecified,4438037,26.4,17.3,0.7,0.7,0.0,2.0,53,18.8,34.6,142,Drizzle: Moderate,0,0,
54457,2021-07-02 14:20:00,40.60988,-74.08722,0,0,Driver Inattention/Distraction,4437967,24.3,19.2,29.6,29.6,0.0,23.0,63,14.1,27.7,284,Rain: Moderate,0,0,
54458,2021-07-15 03:45:00,40.636635,-74.008385,0,0,Unspecified,4437329,29.3,21.2,0.1,0.1,0.0,1.0,51,13.7,27.4,212,Drizzle: Light,0,0,
54459,2021-07-15 17:50:00,40.710667,-73.93361,0,0,Driver Inattention/Distraction,4437273,29.3,21.2,0.1,0.1,0.0,1.0,51,13.7,27.4,212,Drizzle: Light,0,0,
54460,2021-06-25 10:01:00,40.70735,-73.93529,0,0,Driver Inattention/Distraction,4438150,24.7,15.6,0.0,0.0,0.0,0.0,3,20.9,41.0,144,Overcast,0,0,
54461,2021-07-14 00:10:00,40.67825,-73.87611,0,0,Steering Failure,4436836,30.6,21.5,0.8,0.8,0.0,3.0,53,14.5,36.0,191,Drizzle: Moderate,0,0,
54462,2021-07-14 10:35:00,40.68137,-73.93401,0,0,Backing Unsafely,4436878,30.6,21.5,0.8,0.8,0.0,3.0,53,14.5,36.0,191,Drizzle: Moderate,0,0,
54463,2021-07-14 22:30:00,40.6502,-73.91963,1,0,Unspecified,4437675,30.6,21.5,0.8,0.8,0.0,3.0,53,14.5,36.0,191,Drizzle: Moderate,1,1,
54464,2021-06-30 20:00:00,40.654224,-73.91531,0,0,Unspecified,4438031,35.2,24.9,0.1,0.1,0.0,1.0,51,20.6,37.1,246,Drizzle: Light,0,0,
54465,2021-07-14 11:00:00,40.5832,-73.97304,0,0,Passing or Lane Usage Improper,4437605,30.6,21.5,0.8,0.8,0.0,3.0,53,14.5,36.0,191,Drizzle: Moderate,0,0,
54466,2021-07-08 16:00:00,40.71025,-73.799866,0,0,Unspecified,4437425,28.3,21.3,15.2,15.2,0.0,12.0,63,16.9,48.2,125,Rain: Moderate,0,0,
54467,2021-07-15 19:40:00,40.839466,-73.93721,1,0,Driver Inattention/Distraction,4437320,29.3,21.2,0.1,0.1,0.0,1.0,51,13.7,27.4,212,Drizzle: Light,1,1,
54468,2021-07-16 00:45:00,40.590424,-74.08057,0,0,Following Too Closely,4437457,32.3,23.2,0.3,0.3,0.0,3.0,51,12.3,33.1,238,Drizzle: Light,0,0,
54469,2021-07-15 09:23:00,40.67849,-73.75443,1,0,Following Too Closely,4437178,29.3,21.2,0.1,0.1,0.0,1.0,51,13.7,27.4,212,Drizzle: Light,1,1,
54470,2021-07-13 12:30:00,40.656372,-73.90445,0,0,Unspecified,4437841,25.0,20.8,2.4,2.4,0.0,12.0,53,13.0,26.3,84,Drizzle: Moderate,0,0,
54471,2021-07-14 18:20:00,40.767612,-73.950005,0,0,Reaction to Uninvolved Vehicle,4437726,30.6,21.5,0.8,0.8,0.0,3.0,53,14.5,36.0,191,Drizzle: Moderate,0,0,
54472,2021-07-16 10:15:00,40.670265,-73.99763,0,0,Unspecified,4437462,32.3,23.2,0.3,0.3,0.0,3.0,51,12.3,33.1,238,Drizzle: Light,0,0,
54473,2021-07-15 10:05:00,40.76459,-73.75873,0,0,Driver Inattention/Distraction,4437290,29.3,21.2,0.1,0.1,0.0,1.0,51,13.7,27.4,212,Drizzle: Light,0,0,
54474,2021-07-15 06:20:00,40.689022,-73.93925,1,0,Driver Inattention/Distraction,4437986,29.3,21.2,0.1,0.1,0.0,1.0,51,13.7,27.4,212,Drizzle: Light,1,1,