,CRASH DATETIME,LATITUDE,LONGITUDE,NUMBER OF PERSONS INJURED,NUMBER OF PERSONS KILLED,CONTRIBUTING FACTOR VEHICLE 1,COLLISION_ID,temperature_2m_max,temperature_2m_min,precipitation_sum,rain_sum,snowfall_sum,precipitation_hours,weather_code,wind_speed_10m_max,wind_gusts_10m_max,wind_direction_10m_dominant,Weather Description,Severity_Score,Total_Affected_Persons,Weather_Category
54475,2021-07-14 04:45:00,40.73765,-73.90557,0,0,Driver Inexperience,4436798,30.6,21.5,0.8,0.8,0.0,3.0,53,14.5,36.0,191,Drizzle: Moderate,0,0,
54476,2021-07-15 06:35:00,40.753475,-73.99254,0,0,Driver Inattention/Distraction,4437077,29.3,21.2,0.1,0.1,0.0,1.0,51,13.7,27.4,212,Drizzle: Light,0,0,
54477,2021-07-14 23:34:00,40.81983,-73.841934,0,0,Unspecified,4437123,30.6,21.5,0.8,0.8,0.0,3.0,53,14.5,36.0,191,Drizzle: Moderate,0,0,
54478,2021-07-15 22:53:00,40.8188,-73.956024,0,0,Unsafe Speed,4438022,29.3,21.2,0.1,0.1,0.0,1.0,51,13.7,27.4,212,Drizzle: Light,0,0,
54479,2021-07-15 20:13:00,40.766884,-73.921394,1,0,Driver Inattention/Distraction,4437890,29.3,21.2,0.1,0.1,0.0,1.0,51,13.7,27.4,212,Drizzle: Light,1,1,
54480,2021-07-14 11:30:00,40.74191,-73.9256,0,0,Driver Inattention/Distraction,4436846,30.6,21.5,0.8,0.8,0.0,3.0,53,14.5,36.0,191,Drizzle: Moderate,0,0,
54481,2021-07-14 23:25:00,40.825165,-73.86699,3,0,Driver Inexperience,4436994,30.6,21.5,0.8,0.8,0.0,3.0,53,14.5,36.0,191,Drizzle: Moderate,3,3,
54482,2021-07-16 08:30:00,40.71343,-73.77875,0,0,Passing Too Closely,4438291,32.3,23.2,0.3,0.3,0.0,3.0,51,12.3,33.1,238,Drizzle: Light,0,0,
54483,2021-07-15 15:21:00,40.60827,-73.94232,1,0,Driver Inattention/Distraction,4437500,29.3,21.2,0.1,0.1,0.0,1.0,51,13.7,27.4,212,Drizzle: Light,1,1,
54484,2021-07-15 15:53:00,40.64316,-74.01922,0,0,Unspecified,4437240,29.3,21.2,0.1,0.1,0.0,1.0,51,13.7,27.4,212,Drizzle: Light,0,0,
54485,2021-06-22 17:55:00,40.898186,-73.86823,0,0,Unspecified,4438095,24.2,15.1,8.5,8.5,0.0,9.0,63,22.2,43.2,305,Rain: Moderate,0,0,
54486,2021-07-16 17:28:00,40.730633,-73.871635,0,0,Passing Too Closely,4437517,32.3,23.2,0.3,0.3,0.0,3.0,51,12.3,33.1,238,Drizzle: Light,0,0,
54487,2021-07-15 08:56:00,40.68442,-73.97839,0,0,Passing or Lane Usage Improper,4437265,29.3,21.2,0.1,0.1,0.0,1.0,51,13.7,27.4,212,Drizzle: Light,0,0,
54488,2021-07-14 15:00:00,40.750248,-73.950516,0,0,Driver Inattention/Distraction,4437189,30.6,21.5,0.8,0.8,0.0,3.0,53,14.5,36.0,191,Drizzle: Moderate,0,0,
54489,2021-07-09 11:37:00,40.653378,-73.90658,1,0,Oversized Vehicle,4437394,29.8,22.0,35.0,35.0,0.0,14.0,63,31.0,55.8,341,Rain: Moderate,1,1,
54490,2021-07-14 10:24:00,40.787655,-73.977066,0,0,Driver Inattention/Distraction,4436946,30.6,21.5,0.8,0.8,0.0,3.0,53,14.5,36.0,191,Drizzle: Moderate,0,0,
54491,2021-07-16 17:59:00,40.63633,-73.94705,0,0,Driver Inattention/Distraction,4437712,32.3,23.2,0.3,0.3,0.0,3.0,51,12.3,33.1,238,Drizzle: Light,0,0,
54492,2021-07-16 08:30:00,40.674503,-73.83773,0,0,Following Too Closely,4438201,32.3,23.2,0.3,0.3,0.0,3.0,51,12.3,33.1,238,Drizzle: Light,0,0,
54493,2021-07-13 10:50:00,40.708004,-73.84458,4,0,Passing or Lane Usage Improper,4437468,25.0,20.8,2.4,2.4,0.0,12.0,53,13.0,26.3,84,Drizzle: Moderate,4,4,
54494,2021-07-14 16:00:00,40.86558,-73.89888,1,0,Passing or Lane Usage Improper,4437000,30.6,21.5,0.8,0.8,0.0,3.0,53,14.5,36.0,191,Drizzle: Moderate,1,1,
54495,2021-07-15 09:18:00,40.89551,-73.863495,0,0,Driver Inattention/Distraction,4437362,29.3,21.2,0.1,0.1,0.0,1.0,51,13.7,27.4,212,Drizzle: Light,0,0,
54496,2021-07-15 18:25:00,40.731873,-74.00879,1,0,Failure to Yield Right-of-Way,4437793,29.3,21.2,0.1,0.1,0.0,1.0,51,13.7,27.4,212,Drizzle: Light,1,1,
54497,2021-07-15 11:13:00,40.837875,-73.91971,0,0,Driver Inattention/Distraction,4437647,29.3,21.2,0.1,0.1,0.0,1.0,51,13.7,27.4,212,Drizzle: Light,0,0,
54498,2021-07-16 10:27:00,40.71521,-73.98427,2,0,Failure to Yield Right-of-Way,4437555,32.3,23.2,0.3,0.3,0.0,3.0,51,12.3,33.1,238,Drizzle: Light,2,2,
54499,2021-07-15 18:10:00,40.64632,-73.92981,0,0,Unspecified,4438054,29.3,21.2,0.1,0.1,0.0,1.0,51,13.7,27.4,212,Drizzle: Light,0,0,
54500,2021-07-10 21:30:00,40.82598,-73.93591,0,0,Driver Inattention/Distraction,4438233,25.5,20.7,0.5,0.5,0.0,3.0,51,14.5,29.9,1,Drizzle: Light,0,0,
54501,2021-07-16 11:00:00,40.672382,-73.78574,2,0,Failure to Yield Right-of-Way,4437494,32.3,23.2,0.3,0.3,0.0,3.0,51,12.3,33.1,238,Drizzle: Light,2,2,
54502,2021-07-16 12:00:00,40.694035,-73.83581,0,0,Unspecified,4437526,32.3,23.2,0.3,0.3,0.0,3.0,51,12.3,33.1,238,Drizzle: Light,0,0,
54503,2021-07-15 21:47:00,40.82635,-73.87624,0,0,Unspecified,4437932,29.3,21.2,0.1,0.1,0.0,1.0,51,13.7,27.4,212,Drizzle: Light,0,0,
54504,2021-07-09 12:35:00,40.693752,-73.9862,0,0,Unspecified,4437822,29.8,22.0,35.0,35.0,0.0,14.0,63,31.0,55.8,341,Rain: Moderate,0,0,
54505,2021-07-16 19:50:00,40.860546,-73.91081,0,0,Unspecified,4437590,32.3,23.2,0.3,0.3,0.0,3.0,51,12.3,33.1,238,Drizzle: Light,0,0,
54506,2021-07-16 10:45:00,40.693153,-73.970634,0,0,Passing Too Closely,4437862,32.3,23.2,0.3,0.3,0.0,3.0,51,12.3,33.1,238,Drizzle: Light,0,0,
54507,2021-07-15 23:30:00,40.87379,-73.87669,0,0,Other Vehicular,4437489,29.3,21.2,0.1,0.1,0.0,1.0,51,13.7,27.4,212,Drizzle: Light,0,0,
54508,2021-07-16 05:00:00,40.741825,-73.85203,0,0,Unspecified,4438082,32.3,23.2,0.3,0.3,0.0,3.0,51,12.3,33.1,238,Drizzle: Light,0,0,
54509,2021-07-15 20:16:00,40.88471,-73.83131,5,0,Driver Inattention/Distraction,4437357,29.3,21.2,0.1,0.1,0.0,1.0,51,13.7,27.4,212,Drizzle: Light,5,5,
54510,2021-07-15 20:20:00,40.62055,-74.16919,1,0,Failure to Yield Right-of-Way,4437304,29.3,21.2,0.1,0.1,0.0,1.0,51,13.7,27.4,212,Drizzle: Light,1,1,
54511,2021-07-15 15:15:00,40.704094,-73.85608,1,0,Unspecified,4437229,29.3,21.2,0.1,0.1,0.0,1.0,51,13.7,27.4,212,Drizzle: Light,1,1,
54512,2021-07-16 14:30:00,40.71745,-73.98494,0,0,Unspecified,4437552,32.3,23.2,0.3,0.3,0.0,3.0,51,12.3,33.1,238,Drizzle: Light,0,0,
54513,2021-07-14 11:50:00,40.616695,-74.00761,1,0,Driver Inattention/Distraction,4437908,30.6,21.5,0.8,0.8,0.0,3.0,53,14.5,36.0,191,Drizzle: Moderate,1,1,
54514,2021-07-13 20:22:00,40.66857,-73.798355,0,0,Passing Too Closely,4437638,25.0,20.8,2.4,2.4,0.0,12.0,53,13.0,26.3,84,Drizzle: Moderate,0,0,
54515,2021-07-16 02:55:00,40.662178,-73.85025,1,0,View Obstructed/Limited,4438183,32.3,23.2,0.3,0.3,0.0,3.0,51,12.3,33.1,238,Drizzle: Light,1,1,
54516,2021-07-15 15:45:00,40.699814,-73.93236,0,0,Unspecified,4437350,29.3,21.2,0.1,0.1,0.0,1.0,51,13.7,27.4,212,Drizzle: Light,0,0,
54517,2021-07-15 20:05:00,40.613056,-73.95816,1,0,Unsafe Lane Changing,4437769,29.3,21.2,0.1,0.1,0.0,1.0,51,13.7,27.4,212,Drizzle: Light,1,1,
54518,2021-07-14 16:27:00,40.856613,-73.86864,0,0,Passing Too Closely,4437109,30.6,21.5,0.8,0.8,0.0,3.0,53,14.5,36.0,191,Drizzle: Moderate,0,0,
54519,2021-06-30 00:05:00,40.76862,-73.84228,0,0,Driver Inattention/Distraction,4437698,35.2,24.9,0.1,0.1,0.0,1.0,51,20.6,37.1,246,Drizzle: Light,0,0,
54520,2021-07-12 17:30:00,40.761703,-73.93159,0,0,Driver Inattention/Distraction,4437886,28.6,22.0,9.7,9.7,0.0,12.0,63,12.0,31.7,107,Rain: Moderate,0,0,
54521,2021-07-12 21:00:00,40.7172,-73.80343,0,0,Unspecified,4437436,28.6,22.0,9.7,9.7,0.0,12.0,63,12.0,31.7,107,Rain: Moderate,0,0,
54522,2021-07-14 07:30:00,40.857414,-73.84662,0,0,Unspecified,4436752,30.6,21.5,0.8,0.8,0.0,3.0,53,14.5,36.0,191,Drizzle: Moderate,0,0,
54523,2021-07-14 16:55:00,40.854477,-73.8667,0,0,Driver Inattention/Distraction,4437170,30.6,21.5,0.8,0.8,0.0,3.0,53,14.5,36.0,191,Drizzle: Moderate,0,0,
54524,2021-07-12 14:56:00,40.619305,-73.9358,0,0,Unspecified,4437421,28.6,22.0,9.7,9.7,0.0,12.0,63,12.0,31.7,107,Rain: Moderate,0,0,
54525,2021-07-14 16:45:00,40.763245,-73.75806,1,0,Driver Inattention/Distraction,4436927,30.6,21.5,0.8,0.8,0.0,3.0,53,14.5,36.0,191,Drizzle: Moderate,1,1,
54526,2021-07-12 19:50:00,40.68251,-73.976326,0,0,Driver Inexperience,4437389,28.6,22.0,9.7,9.7,0.0,12.0,63,12.0,31.7,107,Rain: Moderate,0,0,
54527,2021-07-15 08:00:00,40.8239,-73.876526,0,0,Driver Inattention/Distraction,4437128,29.3,21.2,0.1,0.1,0.0,1.0,51,13.7,27.4,212,Drizzle: Light,0,0,
54528,2021-07-16 15:32:00,40.64169,-73.94571,0,0,Unspecified,4437665,32.3,23.2,0.3,0.3,0.0,3.0,51,12.3,33.1,238,Drizzle: Light,0,0,
54529,2021-07-14 20:53:00,40.825455,-73.91317,1,0,Unspecified,4437081,30.6,21.5,0.8,0.8,0.0,3.0,53,14.5,36.0,191,Drizzle: Moderate,1,1,
54530,2021-07-16 14:00:00,40.699413,-73.95902,1,0,Unsafe Lane Changing,4438170,32.3,23.2,0.3,0.3,0.0,3.0,51,12.3,33.1,238,Drizzle: Light,1,1,
54531,2021-07-15 00:35:00,40.714195,-73.902054,0,0,Accelerator Defective,4437690,29.3,21.2,0.1,0.1,0.0,1.0,51,13.7,27.4,212,Drizzle: Light,0,0,
54532,2021-07-11 18:26:00,40.859325,-73.93132,0,0,Driver Inattention/Distraction,4437974,24.9,19.8,2.5,2.5,0.0,9.0,53,15.8,35.3,141,Drizzle: Moderate,0,0,
54533,2021-07-15 23:10:00,40.73789,-73.76794,0,0,Brakes Defective,4437453,29.3,21.2,0.1,0.1,0.0,1.0,51,13.7,27.4,212,Drizzle: Light,0,0,
54534,2021-07-16 18:00:00,40.680325,-73.8009,2,0,Drugs (illegal),4437532,32.3,23.2,0.3,0.3,0.0,3.0,51,12.3,33.1,238,Drizzle: Light,2,2,
54535,2021-07-08 11:00:00,40.75539,-73.8869,0,0,Backing Unsafely,4438126,28.3,21.3,15.2,15.2,0.0,12.0,63,16.9,48.2,125,Rain: Moderate,0,0,
54536,2021-07-15 00:01:00,40.622585,-73.96281,1,0,Traffic Control Disregarded,4437019,29.3,21.2,0.1,0.1,0.0,1.0,51,13.7,27.4,212,Drizzle: Light,1,1,
54537,2021-07-13 15:34:00,40.87647,-73.87058,0,0,Obstruction/Debris,4437361,25.0,20.8,2.4,2.4,0.0,12.0,53,13.0,26.3,84,Drizzle: Moderate,0,0,
54538,2021-07-15 01:00:00,40.617924,-74.155785,0,0,Driver Inattention/Distraction,4437504,29.3,21.2,0.1,0.1,0.0,1.0,51,13.7,27.4,212,Drizzle: Light,0,0,
54539,2021-07-15 16:40:00,40.717518,-73.96474,0,0,Tire Failure/Inadequate,4437269,29.3,21.2,0.1,0.1,0.0,1.0,51,13.7,27.4,212,Drizzle: Light,0,0,
54540,2021-07-16 17:03:00,40.847366,-73.899506,1,0,Failure to Yield Right-of-Way,4438220,32.3,23.2,0.3,0.3,0.0,3.0,51,12.3,33.1,238,Drizzle: Light,1,1,
54541,2021-07-16 17:45:00,40.772953,-73.93358,0,0,Unspecified,4437521,32.3,23.2,0.3,0.3,0.0,3.0,51,12.3,33.1,238,Drizzle: Light,0,0,
54542,2021-07-14 15:00:00,40.76713,-73.99373,0,0,Driver Inattention/Distraction,4437054,30.6,21.5,0.8,0.8,0.0,3.0,53,14.5,36.0,191,Drizzle: Moderate,0,0,
54543,2021-07-14 01:55:00,40.719864,-73.94486,0,0,Driver Inattention/Distraction,4437235,30.6,21.5,0.8,0.8,0.0,3.0,53,14.5,36.0,191,Drizzle: Moderate,0,0,
54544,2021-07-15 18:07:00,40.868496,-73.92173,0,0,Unspecified,4437372,29.3,21.2,0.1,0.1,0.0,1.0,51,13.7,27.4,212,Drizzle: Light,0,0,
54545,2021-07-14 08:49:00,40.752007,-73.809845,0,0,Driver Inexperience,4436964,30.6,21.5,0.8,0.8,0.0,3.0,53,14.5,36.0,191,Drizzle: Moderate,0,0,
54546,2021-07-16 18:30:00,40.862732,-73.90333,1,0,Aggressive Driving/Road Rage,4437594,32.3,23.2,0.3,0.3,0.0,3.0,51,12.3,33.1,238,Drizzle: Light,1,1,
54547,2021-07-15 08:49:00,40.82472,-73.87147,1,0,Unspecified,4437926,29.3,21.2,0.1,0.1,0.0,1.0,51,13.7,27.4,212,Drizzle: Light,1,1,
54548,2021-07-15 13:13:00,40.756046,-73.96934,0,0,Driver Inexperience,4437179,29.3,21.2,0.1,0.1,0.0,1.0,51,13.7,27.4,212,Drizzle: Light,0,0,
54549,2021-07-15 11:00:00,40.742874,-73.933945,1,0,Driver Inattention/Distraction,4437571,29.3,21.2,0.1,0.1,0.0,1.0,51,13.7,27.4,212,Drizzle: Light,1,1,
54550,2021-07-16 11:30:00,40.735313,-73.994125,1,0,Passing or Lane Usage Improper,4437801,32.3,23.2,0.3,0.3,0.0,3.0,51,12.3,33.1,238,Drizzle: Light,1,1,
54551,2021-07-15 12:00:00,40.68723,-73.78711,0,0,Following Too Closely,4438270,29.3,21.2,0.1,0.1,0.0,1.0,51,13.7,27.4,212,Drizzle: Light,0,0,
54552,2021-07-06 13:10:00,40.657,-73.91403,2,0,Driver Inattention/Distraction,4437828,33.6,21.9,2.1,2.1,0.0,4.0,61,21.8,49.7,231,Rain: Light,2,2,
54553,2021-07-07 15:00:00,40.6934,-73.75602,0,0,Driver Inattention/Distraction,4437509,31.4,22.2,1.4,1.4,0.0,6.0,53,17.4,37.8,213,Drizzle: Moderate,0,0,
54554,2021-07-14 14:00:00,40.82077,-73.95459,0,0,Passing Too Closely,4437748,30.6,21.5,0.8,0.8,0.0,3.0,53,14.5,36.0,191,Drizzle: Moderate,0,0,
54555,2021-07-16 22:50:00,40.720707,-73.981316,1,0,Driver Inattention/Distraction,4437559,32.3,23.2,0.3,0.3,0.0,3.0,51,12.3,33.1,238,Drizzle: Light,1,1,
54556,2021-07-16 16:00:00,40.676937,-73.92183,0,0,Following Too Closely,4437522,32.3,23.2,0.3,0.3,0.0,3.0,51,12.3,33.1,238,Drizzle: Light,0,0,
54557,2021-07-16 14:45:00,40.60995,-73.999466,0,0,Driver Inattention/Distraction,4437660,32.3,23.2,0.3,0.3,0.0,3.0,51,12.3,33.1,238,Drizzle: Light,0,0,
54558,2021-07-16 21:30:00,40.738796,-73.97716,2,0,Unsafe Speed,4437818,32.3,23.2,0.3,0.3,0.0,3.0,51,12.3,33.1,238,Drizzle: Light,2,2,
54559,2021-07-15 01:45:00,40.541992,-74.1617,1,0,Alcohol Involvement,4437214,29.3,21.2,0.1,0.1,0.0,1.0,51,13.7,27.4,212,Drizzle: Light,1,1,
54560,2021-07-14 23:30:00,40.856537,-73.87257,0,0,Following Too Closely,4436999,30.6,21.5,0.8,0.8,0.0,3.0,53,14.5,36.0,191,Drizzle: Moderate,0,0,
54561,2021-07-16 10:10:00,40.779488,-73.82224,0,0,Unspecified,4437705,32.3,23.2,0.3,0.3,0.0,3.0,51,12.3,33.1,238,Drizzle: Light,0,0,
54562,2021-07-15 15:50:00,40.649643,-73.95289,0,0,Passing or Lane Usage Improper,4438066,29.3,21.2,0.1,0.1,0.0,1.0,51,13.7,27.4,212,Drizzle: Light,0,0,
54563,2021-07-10 00:00:00,40.72031,-73.762856,0,0,Driver Inattention/Distraction,4437426,25.5,20.7,0.5,0.5,0.0,3.0,51,14.5,29.9,1,Drizzle: Light,0,0,
54564,2021-07-15 06:53:00,40.628117,-73.956856,0,0,Other Vehicular,4437766,29.3,21.2,0.1,0.1,0.0,1.0,51,13.7,27.4,212,Drizzle: Light,0,0,
54565,2021-07-13 16:15:00,40.678116,-73.90787,1,0,Driver Inattention/Distraction,4437850,25.0,20.8,2.4,2.4,0.0,12.0,53,13.0,26.3,84,Drizzle: Moderate,1,1,
54566,2021-07-16 20:50:00,40.694214,-73.7531,1,0,Passing or Lane Usage Improper,4437548,32.3,23.2,0.3,0.3,0.0,3.0,51,12.3,33.1,238,Drizzle: Light,1,1,
54567,2021-07-11 01:30:00,40.724693,-73.99419,1,0,Unspecified,4437902,24.9,19.8,2.5,2.5,0.0,9.0,53,15.8,35.3,141,Drizzle: Moderate,1,1,
54568,2021-07-16 19:00:00,40.639256,-73.968796,0,0,Unsafe Speed,4437773,32.3,23.2,0.3,0.3,0.0,3.0,51,12.3,33.1,238,Drizzle: Light,0,0,
54569,2021-07-15 13:34:00,40.68121,-73.773,1,0,Turning Improperly,4437490,29.3,21.2,0.1,0.1,0.0,1.0,51,13.7,27.4,212,Drizzle: Light,1,1,
54570,2021-07-14 15:00:00,40.69652,-73.78155,3,0,Passing or Lane Usage Improper,4438284,30.6,21.5,0.8,0.8,0.0,3.0,53,14.5,36.0,191,Drizzle: Moderate,3,3,
54571,2021-07-15 20:58:00,40.829685,-73.81989,1,0,Unspecified,4437881,29.3,21.2,0.1,0.1,0.0,1.0,51,13.7,27.4,212,Drizzle: Light,1,1,
54572,2021-07-14 06:20:00,40.73599,-73.98946,0,0,Unspecified,4436774,30.6,21.5,0.8,0.8,0.0,3.0,53,14.5,36.0,191,Drizzle: Moderate,0,0,
54573,2021-07-14 15:34:00,40.762966,-73.973976,2,0,Unspecified,4437062,30.6,21.5,0.8,0.8,0.0,3.0,53,14.5,36.0,191,Drizzle: Moderate,2,2,
54574,2021-07-16 22:55:00,40.789673,-73.96986,0,0,Driver Inattention/Distraction,4437616,32.3,23.2,0.3,0.3,0.0,3.0,51,12.3,33.1,238,Drizzle: Light,0,0,
54575,2021-07-14 10:40:00,40.542427,-74.14591,1,0,Failure to Yield Right-of-Way,4436905,30.6,21.5,0.8,0.8,0.0,3.0,53,14.5,36.0,191,Drizzle: Moderate,1,1,
54576,2021-07-09 17:35:00,40.635933,-74.07585,0,0,Unspecified,4437969,29.8,22.0,35.0,35.0,0.0,14.0,63,31.0,55.8,341,Rain: Moderate,0,0,
54577,2021-07-16 15:22:00,40.703384,-73.741684,1,0,Driver Inattention/Distraction,4437536,32.3,23.2,0.3,0.3,0.0,3.0,51,12.3,33.1,238,Drizzle: Light,1,1,
54578,2021-07-14 18:25:00,40.703537,-73.90339,1,0,Failure to Yield Right-of-Way,4437683,30.6,21.5,0.8,0.8,0.0,3.0,53,14.5,36.0,191,Drizzle: Moderate,1,1,
54579,2021-07-14 12:40:00,40.77506,-73.913864,0,0,Failure to Yield Right-of-Way,4437074,30.6,21.5,0.8,0.8,0.0,3.0,53,14.5,36.0,191,Drizzle: Moderate,0,0,
54580,2021-07-14 14:20:00,40.709305,-73.84369,0,0,Driver Inattention/Distraction,4436958,30.6,21.5,0.8,0.8,0.0,3.0,53,14.5,36.0,191,Drizzle: Moderate,0,0,
54581,2021-07-14 12:15:00,40.764606,-73.97787,1,0,Unspecified,4437060,30.6,21.5,0.8,0.8,0.0,3.0,53,14.5,36.0,191,Drizzle: Moderate,1,1,
54582,2021-07-15 21:25:00,40.69384,-73.78093,1,0,Driver Inattention/Distraction,4437376,29.3,21.2,0.1,0.1,0.0,1.0,51,13.7,27.4,212,Drizzle: Light,1,1,
54583,2021-07-15 16:53:00,40.673965,-73.992256,0,0,Backing Unsafely,4437248,29.3,21.2,0.1,0.1,0.0,1.0,51,13.7,27.4,212,Drizzle: Light,0,0,
54584,2021-07-15 20:40:00,40.684185,-73.74517,2,0,Unspecified,4437256,29.3,21.2,0.1,0.1,0.0,1.0,51,13.7,27.4,212,Drizzle: Light,2,2,
54585,2021-07-10 11:24:00,40.73691,-73.86784,0,0,Driver Inattention/Distraction,4437992,25.5,20.7,0.5,0.5,0.0,3.0,51,14.5,29.9,1,Drizzle: Light,0,0,
54586,2021-07-14 01:00:00,40.66584,-73.75551,0,0,Unspecified,4436663,30.6,21.5,0.8,0.8,0.0,3.0,53,14.5,36.0,191,Drizzle: Moderate,0,0,
54587,2021-07-14 19:30:00,40.7091,-73.94009,0,0,Passing or Lane Usage Improper,4437279,30.6,21.5,0.8,0.8,0.0,3.0,53,14.5,36.0,191,Drizzle: Moderate,0,0,
54588,2021-06-20 15:00:00,40.71212,-73.89504,0,0,Driver Inexperience,4437735,28.7,17.3,0.3,0.3,0.0,2.0,51,19.5,40.0,212,Drizzle: Light,0,0,
54589,2021-07-12 03:35:00,40.660316,-73.913216,3,0,Unspecified,4437393,28.6,22.0,9.7,9.7,0.0,12.0,63,12.0,31.7,107,Rain: Moderate,3,3,
54590,2021-07-15 08:45:00,40.72898,-73.882385,1,0,Driver Inattention/Distraction,4438009,29.3,21.2,0.1,0.1,0.0,1.0,51,13.7,27.4,212,Drizzle: Light,1,1,
54591,2021-07-14 01:50:00,40.635235,-73.91167,0,0,Unspecified,4437202,30.6,21.5,0.8,0.8,0.0,3.0,53,14.5,36.0,191,Drizzle: Moderate,0,0,
54592,2021-07-15 20:15:00,40.68798,-73.9678,1,0,Driver Inexperience,4437541,29.3,21.2,0.1,0.1,0.0,1.0,51,13.7,27.4,212,Drizzle: Light,1,1,
54593,2021-07-14 18:20:00,40.82294,-73.91451,1,0,Other Vehicular,4437343,30.6,21.5,0.8,0.8,0.0,3.0,53,14.5,36.0,191,Drizzle: Moderate,1,1,
54594,2021-07-16 20:10:00,40.740913,-73.95226,0,0,Driver Inattention/Distraction,4437578,32.3,23.2,0.3,0.3,0.0,3.0,51,12.3,33.1,238,Drizzle: Light,0,0,
54595,2021-07-16 16:20:00,40.650295,-73.966156,1,0,Unspecified,4437779,32.3,23.2,0.3,0.3,0.0,3.0,51,12.3,33.1,238,Drizzle: Light,1,1,
54596,2021-07-16 11:45:00,40.829323,-73.8611,0,0,Unspecified,4437942,32.3,23.2,0.3,0.3,0.0,3.0,51,12.3,33.1,238,Drizzle: Light,0,0,
54597,2021-07-10 01:00:00,40.716034,-73.80416,0,0,Other Vehicular,4437431,25.5,20.7,0.5,0.5,0.0,3.0,51,14.5,29.9,1,Drizzle: Light,0,0,
54598,2021-07-14 23:17:00,40.695026,-73.75643,2,0,Following Too Closely,4437600,30.6,21.5,0.8,0.8,0.0,3.0,53,14.5,36.0,191,Drizzle: Moderate,2,2,
54599,2021-07-16 21:28:00,40.7313,-74.01047,2,0,Unspecified,4437809,32.3,23.2,0.3,0.3,0.0,3.0,51,12.3,33.1,238,Drizzle: Light,2,2,
54600,2021-07-09 02:15:00,40.667015,-73.9313,0,0,Unspecified,4437563,29.8,22.0,35.0,35.0,0.0,14.0,63,31.0,55.8,341,Rain: Moderate,0,0,
54601,2021-07-15 19:02:00,40.67765,-73.949776,1,0,Following Too Closely,4437954,29.3,21.2,0.1,0.1,0.0,1.0,51,13.7,27.4,212,Drizzle: Light,1,1,
54602,2021-06-30 18:10:00,40.86114,-73.91894,1,0,Driver Inattention/Distraction,4437996,35.2,24.9,0.1,0.1,0.0,1.0,51,20.6,37.1,246,Drizzle: Light,1,1,
54603,2021-07-14 13:20:00,40.67504,-73.794235,1,0,,4437650,30.6,21.5,0.8,0.8,0.0,3.0,53,14.5,36.0,191,Drizzle: Moderate,1,1,
54604,2021-07-16 21:25:00,40.769318,-73.8666,0,0,Unsafe Lane Changing,4437787,32.3,23.2,0.3,0.3,0.0,3.0,51,12.3,33.1,238,Drizzle: Light,0,0,
54605,2021-07-16 09:30:00,40.82553,-73.82309,1,0,Unspecified,4437876,32.3,23.2,0.3,0.3,0.0,3.0,51,12.3,33.1,238,Drizzle: Light,1,1,
54606,2021-06-03 16:46:00,40.668636,-73.79189,0,0,Passing Too Closely,4438232,23.0,13.2,11.9,11.9,0.0,10.0,63,13.6,38.9,165,Rain: Moderate,0,0,
54607,2021-07-08 19:20:00,40.72717,-73.8109,2,0,Unspecified,4438278,28.3,21.3,15.2,15.2,0.0,12.0,63,16.9,48.2,125,Rain: Moderate,2,2,
54608,2021-07-14 09:24:00,40.64412,-73.98907,0,0,Unspecified,4437322,30.6,21.5,0.8,0.8,0.0,3.0,53,14.5,36.0,191,Drizzle: Moderate,0,0,
54609,2021-07-15 12:25:00,40.721382,-73.81123,0,0,Driver Inattention/Distraction,4437445,29.3,21.2,0.1,0.1,0.0,1.0,51,13.7,27.4,212,Drizzle: Light,0,0,
54610,2021-07-05 04:27:00,40.61818,-73.98088,0,0,Driver Inattention/Distraction,4437923,26.4,17.3,0.7,0.7,0.0,2.0,53,18.8,34.6,142,Drizzle: Moderate,0,0,
54611,2021-07-16 14:35:00,40.793217,-73.824005,3,0,Brakes Defective,4437701,32.3,23.2,0.3,0.3,0.0,3.0,51,12.3,33.1,238,Drizzle: Light,3,3,
54612,2021-07-16 08:00:00,40.82292,-73.91206,0,0,Unspecified,4437458,32.3,23.2,0.3,0.3,0.0,3.0,51,12.3,33.1,238,Drizzle: Light,0,0,
54613,2021-07-12 16:36:00,40.68484,-73.79281,0,0,Passing Too Closely,4437546,28.6,22.0,9.7,9.7,0.0,12.0,63,12.0,31.7,107,Rain: Moderate,0,0,
54614,2021-07-16 09:00:00,40.653667,-73.97866,0,0,Unspecified,4437463,32.3,23.2,0.3,0.3,0.0,3.0,51,12.3,33.1,238,Drizzle: Light,0,0,
54615,2021-07-15 05:25:00,40.654266,-73.94827,0,0,Driver Inattention/Distraction,4438036,29.3,21.2,0.1,0.1,0.0,1.0,51,13.7,27.4,212,Drizzle: Light,0,0,
54616,2021-07-14 09:03:00,40.822838,-73.928764,2,0,Passing Too Closely,4436845,30.6,21.5,0.8,0.8,0.0,3.0,53,14.5,36.0,191,Drizzle: Moderate,2,2,
54617,2021-07-14 00:00:00,40.75548,-73.74173,0,0,Unspecified,4436847,30.6,21.5,0.8,0.8,0.0,3.0,53,14.5,36.0,191,Drizzle: Moderate,0,0,
54618,2021-07-14 17:54:00,40.58466,-73.95086,0,0,Unspecified,4437090,30.6,21.5,0.8,0.8,0.0,3.0,53,14.5,36.0,191,Drizzle: Moderate,0,0,