,CRASH DATETIME,LATITUDE,LONGITUDE,NUMBER OF PERSONS INJURED,NUMBER OF PERSONS KILLED,CONTRIBUTING FACTOR VEHICLE 1,COLLISION_ID,temperature_2m_max,temperature_2m_min,precipitation_sum,rain_sum,snowfall_sum,precipitation_hours,weather_code,wind_speed_10m_max,wind_gusts_10m_max,wind_direction_10m_dominant,Weather Description,Severity_Score,Total_Affected_Persons,Weather_Category
54619,2021-07-15 21:58:00,40.71472,-73.95846,0,0,Unspecified,4437277,29.3,21.2,0.1,0.1,0.0,1.0,51,13.7,27.4,212,Drizzle: Light,0,0,
54620,2021-07-14 07:45:00,40.68792,-73.810814,0,0,Passing Too Closely,4436911,30.6,21.5,0.8,0.8,0.0,3.0,53,14.5,36.0,191,Drizzle: Moderate,0,0,
54621,2021-07-15 09:15:00,40.65321,-73.94025,0,0,Driver Inattention/Distraction,4438125,29.3,21.2,0.1,0.1,0.0,1.0,51,13.7,27.4,212,Drizzle: Light,0,0,
54622,2021-07-14 15:00:00,40.82663,-73.87285,1,0,Following Too Closely,4437118,30.6,21.5,0.8,0.8,0.0,3.0,53,14.5,36.0,191,Drizzle: Moderate,1,1,
54623,2021-07-15 13:16:00,40.58196,-73.959946,1,0,Driver Inattention/Distraction,4437913,29.3,21.2,0.1,0.1,0.0,1.0,51,13.7,27.4,212,Drizzle: Light,1,1,
54624,2021-07-16 00:28:00,40.860718,-73.90679,0,0,Driver Inattention/Distraction,4437296,32.3,23.2,0.3,0.3,0.0,3.0,51,12.3,33.1,238,Drizzle: Light,0,0,
54625,2021-07-14 08:15:00,40.78542,-73.98399,0,0,Pavement Defective,4436945,30.6,21.5,0.8,0.8,0.0,3.0,53,14.5,36.0,191,Drizzle: Moderate,0,0,
54626,2021-07-16 17:30:00,40.611954,-74.03186,0,0,Driver Inattention/Distraction,4437621,32.3,23.2,0.3,0.3,0.0,3.0,51,12.3,33.1,238,Drizzle: Light,0,0,
54627,2021-07-15 08:25:00,40.866302,-73.890686,0,0,Unspecified,4437145,29.3,21.2,0.1,0.1,0.0,1.0,51,13.7,27.4,212,Drizzle: Light,0,0,
54628,2021-07-12 20:40:00,40.744625,-73.98525,0,0,Passenger Distraction,4437834,28.6,22.0,9.7,9.7,0.0,12.0,63,12.0,31.7,107,Rain: Moderate,0,0,
54629,2021-07-15 13:40:00,40.83472,-73.93517,2,0,Driver Inattention/Distraction,4437317,29.3,21.2,0.1,0.1,0.0,1.0,51,13.7,27.4,212,Drizzle: Light,2,2,
54630,2021-07-14 00:15:00,40.86907,-73.845924,0,0,Passing Too Closely,4436791,30.6,21.5,0.8,0.8,0.0,3.0,53,14.5,36.0,191,Drizzle: Moderate,0,0,
54631,2021-07-15 09:15:00,40.82967,-73.89384,1,0,,4437477,29.3,21.2,0.1,0.1,0.0,1.0,51,13.7,27.4,212,Drizzle: Light,1,1,
54632,2021-07-15 02:40:00,40.59401,-73.96086,0,0,Unspecified,4437091,29.3,21.2,0.1,0.1,0.0,1.0,51,13.7,27.4,212,Drizzle: Light,0,0,
54633,2021-05-29 15:36:00,40.771576,-73.87616,1,0,Driver Inattention/Distraction,4437408,11.0,8.5,25.1,25.1,0.0,22.0,63,29.9,56.9,39,Rain: Moderate,1,1,
54634,2021-07-16 08:09:00,40.76047,-73.923294,0,0,Unspecified,4437894,32.3,23.2,0.3,0.3,0.0,3.0,51,12.3,33.1,238,Drizzle: Light,0,0,
54635,2021-07-12 06:30:00,40.703968,-73.89041,2,0,View Obstructed/Limited,4437678,28.6,22.0,9.7,9.7,0.0,12.0,63,12.0,31.7,107,Rain: Moderate,2,2,
54636,2021-07-16 16:34:00,40.841133,-73.924,0,0,Driver Inattention/Distraction,4437648,32.3,23.2,0.3,0.3,0.0,3.0,51,12.3,33.1,238,Drizzle: Light,0,0,
54637,2021-07-03 22:40:00,40.64461,-73.9267,2,0,Unspecified,4438030,19.3,16.6,16.1,16.1,0.0,20.0,63,24.0,47.2,43,Rain: Moderate,2,2,
54638,2021-07-15 16:00:00,40.69832,-73.962265,0,0,Driver Inattention/Distraction,4437606,29.3,21.2,0.1,0.1,0.0,1.0,51,13.7,27.4,212,Drizzle: Light,0,0,
54639,2021-07-16 23:10:00,40.85391,-73.88364,0,0,Passing or Lane Usage Improper,4438275,32.3,23.2,0.3,0.3,0.0,3.0,51,12.3,33.1,238,Drizzle: Light,0,0,
54640,2021-07-15 01:45:00,0.0,0.0,1,0,Traffic Control Disregarded,4437139,29.3,21.2,0.1,0.1,0.0,1.0,51,13.7,27.4,212,Drizzle: Light,1,1,
54641,2021-07-15 22:00:00,40.595264,-74.06966,5,0,Following Too Closely,4437456,29.3,21.2,0.1,0.1,0.0,1.0,51,13.7,27.4,212,Drizzle: Light,5,5,
54642,2021-07-11 20:25:00,40.587303,-73.96036,0,0,Backing Unsafely,4437842,24.9,19.8,2.5,2.5,0.0,9.0,53,15.8,35.3,141,Drizzle: Moderate,0,0,
54643,2021-07-15 12:19:00,40.83801,-73.87329,1,0,Reaction to Uninvolved Vehicle,4437173,29.3,21.2,0.1,0.1,0.0,1.0,51,13.7,27.4,212,Drizzle: Light,1,1,
54644,2021-07-16 06:20:00,40.767735,-73.9185,0,0,Backing Unsafely,4437893,32.3,23.2,0.3,0.3,0.0,3.0,51,12.3,33.1,238,Drizzle: Light,0,0,
54645,2021-07-14 06:54:00,40.734768,-73.90288,2,0,Driver Inattention/Distraction,4436802,30.6,21.5,0.8,0.8,0.0,3.0,53,14.5,36.0,191,Drizzle: Moderate,2,2,
54646,2021-07-14 09:40:00,40.613163,-74.007774,0,0,Unspecified,4436909,30.6,21.5,0.8,0.8,0.0,3.0,53,14.5,36.0,191,Drizzle: Moderate,0,0,
54647,2021-07-11 09:06:00,40.743515,-73.87687,0,0,Driver Inattention/Distraction,4438083,24.9,19.8,2.5,2.5,0.0,9.0,53,15.8,35.3,141,Drizzle: Moderate,0,0,
54648,2021-07-15 15:16:00,40.668648,-73.92835,1,0,Following Too Closely,4437953,29.3,21.2,0.1,0.1,0.0,1.0,51,13.7,27.4,212,Drizzle: Light,1,1,
54649,2021-07-14 23:10:00,40.624912,-74.146706,0,0,Failure to Yield Right-of-Way,4437305,30.6,21.5,0.8,0.8,0.0,3.0,53,14.5,36.0,191,Drizzle: Moderate,0,0,
54650,2021-07-16 06:30:00,40.724255,-73.98485,1,0,Driver Inattention/Distraction,4437910,32.3,23.2,0.3,0.3,0.0,3.0,51,12.3,33.1,238,Drizzle: Light,1,1,
54651,2021-07-15 20:53:00,40.677654,-73.82866,0,0,Backing Unsafely,4438184,29.3,21.2,0.1,0.1,0.0,1.0,51,13.7,27.4,212,Drizzle: Light,0,0,
54652,2021-07-15 02:36:00,40.724087,-73.761314,0,0,Driver Inattention/Distraction,4438041,29.3,21.2,0.1,0.1,0.0,1.0,51,13.7,27.4,212,Drizzle: Light,0,0,
54653,2021-07-15 21:05:00,40.586918,-73.96387,1,0,Unsafe Speed,4437863,29.3,21.2,0.1,0.1,0.0,1.0,51,13.7,27.4,212,Drizzle: Light,1,1,
54654,2021-07-16 05:21:00,40.59545,-73.79644,0,0,Unspecified,4437310,32.3,23.2,0.3,0.3,0.0,3.0,51,12.3,33.1,238,Drizzle: Light,0,0,
54655,2021-07-14 17:00:00,40.79087,-73.972694,1,0,Unspecified,4436939,30.6,21.5,0.8,0.8,0.0,3.0,53,14.5,36.0,191,Drizzle: Moderate,1,1,
54656,2021-07-14 20:45:00,40.62526,-73.93815,0,0,Driver Inattention/Distraction,4437035,30.6,21.5,0.8,0.8,0.0,3.0,53,14.5,36.0,191,Drizzle: Moderate,0,0,
54657,2021-07-15 16:58:00,40.86581,-73.88922,1,0,Backing Unsafely,4437298,29.3,21.2,0.1,0.1,0.0,1.0,51,13.7,27.4,212,Drizzle: Light,1,1,
54658,2021-07-14 02:01:00,40.65618,-73.899055,1,0,Unspecified,4437201,30.6,21.5,0.8,0.8,0.0,3.0,53,14.5,36.0,191,Drizzle: Moderate,1,1,
54659,2021-07-15 08:03:00,40.68708,-73.913895,2,0,Turning Improperly,4437584,29.3,21.2,0.1,0.1,0.0,1.0,51,13.7,27.4,212,Drizzle: Light,2,2,
54660,2021-07-14 12:58:00,40.59589,-73.96101,0,0,Unspecified,4436825,30.6,21.5,0.8,0.8,0.0,3.0,53,14.5,36.0,191,Drizzle: Moderate,0,0,
54661,2021-07-15 11:28:00,40.642696,-74.01842,0,0,Unspecified,4437446,29.3,21.2,0.1,0.1,0.0,1.0,51,13.7,27.4,212,Drizzle: Light,0,0,
54662,2021-07-16 18:00:00,40.820095,-73.955086,1,0,Unsafe Speed,4437746,32.3,23.2,0.3,0.3,0.0,3.0,51,12.3,33.1,238,Drizzle: Light,1,1,
54663,2021-07-14 03:20:00,40.739265,-73.99545,0,0,Driver Inattention/Distraction,4436773,30.6,21.5,0.8,0.8,0.0,3.0,53,14.5,36.0,191,Drizzle: Moderate,0,0,
54664,2021-07-15 18:20:00,40.821068,-73.89894,1,0,Driver Inattention/Distraction,4437478,29.3,21.2,0.1,0.1,0.0,1.0,51,13.7,27.4,212,Drizzle: Light,1,1,
54665,2021-07-14 08:19:00,40.71717,-73.834946,1,0,Alcohol Involvement,4437415,30.6,21.5,0.8,0.8,0.0,3.0,53,14.5,36.0,191,Drizzle: Moderate,1,1,
54666,2021-07-14 00:00:00,40.644855,-73.92286,2,0,Following Too Closely,4436930,30.6,21.5,0.8,0.8,0.0,3.0,53,14.5,36.0,191,Drizzle: Moderate,2,2,
54667,2021-07-16 22:15:00,40.643215,-73.90306,1,0,Driver Inattention/Distraction,4437620,32.3,23.2,0.3,0.3,0.0,3.0,51,12.3,33.1,238,Drizzle: Light,1,1,
54668,2021-07-15 23:21:00,40.599396,-73.749954,0,0,Drugs (illegal),4437346,29.3,21.2,0.1,0.1,0.0,1.0,51,13.7,27.4,212,Drizzle: Light,0,0,
54669,2021-07-15 17:23:00,40.75855,-73.82964,0,0,Unsafe Lane Changing,4437694,29.3,21.2,0.1,0.1,0.0,1.0,51,13.7,27.4,212,Drizzle: Light,0,0,
54670,2021-07-14 20:33:00,40.851696,-73.932,1,0,Driver Inattention/Distraction,4437985,30.6,21.5,0.8,0.8,0.0,3.0,53,14.5,36.0,191,Drizzle: Moderate,1,1,
54671,2021-07-15 00:50:00,40.678417,-73.84685,0,0,Fell Asleep,4437085,29.3,21.2,0.1,0.1,0.0,1.0,51,13.7,27.4,212,Drizzle: Light,0,0,
54672,2021-07-14 22:31:00,40.72218,-73.99092,0,0,Pedestrian/Bicyclist/Other Pedestrian Error/Confusion,4437866,30.6,21.5,0.8,0.8,0.0,3.0,53,14.5,36.0,191,Drizzle: Moderate,0,0,
54673,2021-07-16 22:00:00,40.681843,-73.7501,1,0,Unspecified,4437531,32.3,23.2,0.3,0.3,0.0,3.0,51,12.3,33.1,238,Drizzle: Light,1,1,
54674,2021-07-14 05:30:00,40.85192,-73.89694,0,0,Steering Failure,4436922,30.6,21.5,0.8,0.8,0.0,3.0,53,14.5,36.0,191,Drizzle: Moderate,0,0,
54675,2021-07-16 13:57:00,40.722343,-73.77717,0,0,Unsafe Lane Changing,4437499,32.3,23.2,0.3,0.3,0.0,3.0,51,12.3,33.1,238,Drizzle: Light,0,0,
54676,2021-07-15 15:30:00,40.874702,-73.85803,0,0,Unspecified,4437368,29.3,21.2,0.1,0.1,0.0,1.0,51,13.7,27.4,212,Drizzle: Light,0,0,
54677,2021-07-15 14:04:00,40.681484,-73.97703,1,0,Failure to Yield Right-of-Way,4437247,29.3,21.2,0.1,0.1,0.0,1.0,51,13.7,27.4,212,Drizzle: Light,1,1,
54678,2021-07-13 07:50:00,40.730476,-73.87904,1,0,Unsafe Lane Changing,4438008,25.0,20.8,2.4,2.4,0.0,12.0,53,13.0,26.3,84,Drizzle: Moderate,1,1,
54679,2021-07-15 04:12:00,40.647675,-74.014595,2,0,Unspecified,4437148,29.3,21.2,0.1,0.1,0.0,1.0,51,13.7,27.4,212,Drizzle: Light,2,2,
54680,2021-07-16 16:14:00,40.72388,-73.996956,1,0,Driver Inattention/Distraction,4437853,32.3,23.2,0.3,0.3,0.0,3.0,51,12.3,33.1,238,Drizzle: Light,1,1,
54681,2021-07-16 09:00:00,40.745945,-73.95552,0,0,Unspecified,4437577,32.3,23.2,0.3,0.3,0.0,3.0,51,12.3,33.1,238,Drizzle: Light,0,0,
54682,2021-07-14 19:15:00,40.748913,-73.9374,1,0,Driver Inattention/Distraction,4436984,30.6,21.5,0.8,0.8,0.0,3.0,53,14.5,36.0,191,Drizzle: Moderate,1,1,
54683,2021-07-15 09:00:00,40.854916,-73.88944,0,0,View Obstructed/Limited,4437116,29.3,21.2,0.1,0.1,0.0,1.0,51,13.7,27.4,212,Drizzle: Light,0,0,
54684,2021-07-15 12:00:00,40.740562,-73.80928,0,0,Unspecified,4437807,29.3,21.2,0.1,0.1,0.0,1.0,51,13.7,27.4,212,Drizzle: Light,0,0,
54685,2021-07-16 03:39:00,40.83643,-73.87415,0,0,View Obstructed/Limited,4437941,32.3,23.2,0.3,0.3,0.0,3.0,51,12.3,33.1,238,Drizzle: Light,0,0,
54686,2021-07-09 13:00:00,40.72879,-73.8943,0,0,Passing Too Closely,4437682,29.8,22.0,35.0,35.0,0.0,14.0,63,31.0,55.8,341,Rain: Moderate,0,0,
54687,2021-07-14 19:23:00,40.83473,-73.940674,1,0,Unsafe Speed,4437166,30.6,21.5,0.8,0.8,0.0,3.0,53,14.5,36.0,191,Drizzle: Moderate,1,1,
54688,2021-03-28 04:30:00,40.744644,-73.77041,1,0,Reaction to Uninvolved Vehicle,4438266,18.8,7.6,18.6,18.6,0.0,15.0,63,30.0,70.9,180,Rain: Moderate,1,1,
54689,2021-07-13 19:22:00,40.72106,-73.75945,1,0,,4437439,25.0,20.8,2.4,2.4,0.0,12.0,53,13.0,26.3,84,Drizzle: Moderate,1,1,
54690,2021-07-15 10:06:00,40.55445,-74.18052,0,0,Oversized Vehicle,4437135,29.3,21.2,0.1,0.1,0.0,1.0,51,13.7,27.4,212,Drizzle: Light,0,0,
54691,2021-07-14 17:50:00,40.577995,-73.95964,0,0,Turning Improperly,4437026,30.6,21.5,0.8,0.8,0.0,3.0,53,14.5,36.0,191,Drizzle: Moderate,0,0,
54692,2021-07-16 11:30:00,40.79293,-73.950005,0,0,Failure to Yield Right-of-Way,4437821,32.3,23.2,0.3,0.3,0.0,3.0,51,12.3,33.1,238,Drizzle: Light,0,0,
54693,2021-07-14 19:45:00,40.582233,-74.16907,0,0,Driver Inexperience,4437222,30.6,21.5,0.8,0.8,0.0,3.0,53,14.5,36.0,191,Drizzle: Moderate,0,0,
54694,2021-07-14 21:00:00,40.630157,-73.94253,0,0,Other Vehicular,4437289,30.6,21.5,0.8,0.8,0.0,3.0,53,14.5,36.0,191,Drizzle: Moderate,0,0,
54695,2021-07-14 06:21:00,40.865364,-73.92439,0,0,Driver Inattention/Distraction,4437975,30.6,21.5,0.8,0.8,0.0,3.0,53,14.5,36.0,191,Drizzle: Moderate,0,0,
54696,2021-10-27 09:45:00,40.712723,-74.009674,0,0,Unspecified,4471523,16.1,12.2,6.6,6.6,0.0,6.0,61,33.3,63.0,359,Rain: Light,0,0,
54697,2021-07-16 21:45:00,40.76548,-73.913704,0,0,Passenger Distraction,4437897,32.3,23.2,0.3,0.3,0.0,3.0,51,12.3,33.1,238,Drizzle: Light,0,0,
54698,2021-07-04 14:02:00,40.754856,-73.88524,0,0,Unspecified,4437410,24.6,15.8,1.4,1.4,0.0,12.0,51,11.8,27.0,299,Drizzle: Light,0,0,
54699,2021-07-15 13:06:00,40.670532,-73.72954,1,0,Traffic Control Disregarded,4437241,29.3,21.2,0.1,0.1,0.0,1.0,51,13.7,27.4,212,Drizzle: Light,1,1,
54700,2021-07-15 13:15:00,40.520916,-74.235115,2,0,Failure to Yield Right-of-Way,4437395,29.3,21.2,0.1,0.1,0.0,1.0,51,13.7,27.4,212,Drizzle: Light,2,2,
54701,2021-07-16 11:00:00,40.659584,-73.76785,0,0,Unspecified,4437484,32.3,23.2,0.3,0.3,0.0,3.0,51,12.3,33.1,238,Drizzle: Light,0,0,
54702,2021-07-14 20:33:00,40.611084,-73.99832,0,0,Driver Inattention/Distraction,4436963,30.6,21.5,0.8,0.8,0.0,3.0,53,14.5,36.0,191,Drizzle: Moderate,0,0,
54703,2021-07-16 00:00:00,40.67678,-73.98348,1,0,Driver Inattention/Distraction,4437613,32.3,23.2,0.3,0.3,0.0,3.0,51,12.3,33.1,238,Drizzle: Light,1,1,
54704,2021-07-14 06:47:00,40.680744,-73.84225,1,0,Driverless/Runaway Vehicle,4436705,30.6,21.5,0.8,0.8,0.0,3.0,53,14.5,36.0,191,Drizzle: Moderate,1,1,
54705,2021-07-15 21:00:00,40.66516,-73.790146,0,0,Unsafe Lane Changing,4437257,29.3,21.2,0.1,0.1,0.0,1.0,51,13.7,27.4,212,Drizzle: Light,0,0,
54706,2021-07-16 23:39:00,40.844753,-73.90539,2,0,Following Too Closely,4437901,32.3,23.2,0.3,0.3,0.0,3.0,51,12.3,33.1,238,Drizzle: Light,2,2,
54707,2021-07-14 22:45:00,40.814346,-73.920906,0,0,Other Vehicular,4437351,30.6,21.5,0.8,0.8,0.0,3.0,53,14.5,36.0,191,Drizzle: Moderate,0,0,
54708,2021-07-16 14:40:00,40.690918,-73.7623,0,0,Unspecified,4437542,32.3,23.2,0.3,0.3,0.0,3.0,51,12.3,33.1,238,Drizzle: Light,0,0,
54709,2021-07-14 13:07:00,40.86558,-73.89888,1,0,Traffic Control Disregarded,4436879,30.6,21.5,0.8,0.8,0.0,3.0,53,14.5,36.0,191,Drizzle: Moderate,1,1,
54710,2021-07-15 09:00:00,40.626495,-73.962585,0,0,Driver Inattention/Distraction,4437768,29.3,21.2,0.1,0.1,0.0,1.0,51,13.7,27.4,212,Drizzle: Light,0,0,
54711,2021-07-15 12:35:00,40.720566,-73.8459,2,0,Pedestrian/Bicyclist/Other Pedestrian Error/Confusion,4437467,29.3,21.2,0.1,0.1,0.0,1.0,51,13.7,27.4,212,Drizzle: Light,2,2,
54712,2021-07-15 02:55:00,40.731304,-73.925964,1,0,Driver Inexperience,4437001,29.3,21.2,0.1,0.1,0.0,1.0,51,13.7,27.4,212,Drizzle: Light,1,1,
54713,2021-07-15 09:17:00,40.756023,-73.82088,1,0,Traffic Control Disregarded,4437699,29.3,21.2,0.1,0.1,0.0,1.0,51,13.7,27.4,212,Drizzle: Light,1,1,
54714,2021-07-15 16:15:00,40.763115,-73.99966,1,0,Unspecified,4437330,29.3,21.2,0.1,0.1,0.0,1.0,51,13.7,27.4,212,Drizzle: Light,1,1,
54715,2021-07-16 01:00:00,40.842163,-73.88902,0,0,Driver Inattention/Distraction,4437286,32.3,23.2,0.3,0.3,0.0,3.0,51,12.3,33.1,238,Drizzle: Light,0,0,
54716,2021-07-15 10:39:00,40.615612,-74.03128,0,0,Driver Inattention/Distraction,4437209,29.3,21.2,0.1,0.1,0.0,1.0,51,13.7,27.4,212,Drizzle: Light,0,0,
54717,2021-07-15 07:20:00,40.732243,-73.87013,0,0,Unsafe Lane Changing,4437676,29.3,21.2,0.1,0.1,0.0,1.0,51,13.7,27.4,212,Drizzle: Light,0,0,
54718,2021-07-16 22:07:00,40.698765,-73.95837,2,0,Following Too Closely,4438152,32.3,23.2,0.3,0.3,0.0,3.0,51,12.3,33.1,238,Drizzle: Light,2,2,
54719,2021-07-14 09:40:00,40.68468,-74.001335,0,0,Unspecified,4438235,30.6,21.5,0.8,0.8,0.0,3.0,53,14.5,36.0,191,Drizzle: Moderate,0,0,
54720,2021-07-14 23:10:00,40.6962,-73.84586,1,0,Unsafe Speed,4437510,30.6,21.5,0.8,0.8,0.0,3.0,53,14.5,36.0,191,Drizzle: Moderate,1,1,
54721,2021-07-15 11:15:00,40.738644,-73.887314,0,0,Driver Inattention/Distraction,4438016,29.3,21.2,0.1,0.1,0.0,1.0,51,13.7,27.4,212,Drizzle: Light,0,0,
54722,2021-07-14 20:30:00,40.727287,-73.71424,0,0,Unspecified,4437420,30.6,21.5,0.8,0.8,0.0,3.0,53,14.5,36.0,191,Drizzle: Moderate,0,0,
54723,2021-07-16 01:35:00,40.8324,-73.870384,0,0,Traffic Control Disregarded,4437933,32.3,23.2,0.3,0.3,0.0,3.0,51,12.3,33.1,238,Drizzle: Light,0,0,
54724,2021-07-15 12:15:00,40.8511,-73.90468,0,0,Backing Unsafely,4437378,29.3,21.2,0.1,0.1,0.0,1.0,51,13.7,27.4,212,Drizzle: Light,0,0,
54725,2021-07-01 01:55:00,40.65115,-73.95254,0,0,Unspecified,4438127,27.8,22.2,25.2,25.2,0.0,12.0,65,10.6,33.1,280,Rain: Heavy,0,0,
54726,2021-07-14 16:25:00,40.61632,-74.15936,0,0,Driver Inattention/Distraction,4437400,30.6,21.5,0.8,0.8,0.0,3.0,53,14.5,36.0,191,Drizzle: Moderate,0,0,
54727,2021-07-16 18:30:00,40.861862,-73.91275,0,0,Following Too Closely,4437592,32.3,23.2,0.3,0.3,0.0,3.0,51,12.3,33.1,238,Drizzle: Light,0,0,
54728,2021-07-04 09:45:00,40.66408,-73.94817,0,0,Driver Inattention/Distraction,4437568,24.6,15.8,1.4,1.4,0.0,12.0,51,11.8,27.0,299,Drizzle: Light,0,0,
54729,2021-07-15 22:50:00,40.732357,-73.87916,0,0,Alcohol Involvement,4438023,29.3,21.2,0.1,0.1,0.0,1.0,51,13.7,27.4,212,Drizzle: Light,0,0,
54730,2021-07-15 03:10:00,40.599873,-73.761566,0,0,Passing Too Closely,4437006,29.3,21.2,0.1,0.1,0.0,1.0,51,13.7,27.4,212,Drizzle: Light,0,0,
54731,2021-07-15 12:30:00,40.66431,-73.83954,0,0,Driver Inexperience,4437356,29.3,21.2,0.1,0.1,0.0,1.0,51,13.7,27.4,212,Drizzle: Light,0,0,
54732,2021-07-16 21:18:00,40.65392,-73.95367,0,0,Unspecified,4437666,32.3,23.2,0.3,0.3,0.0,3.0,51,12.3,33.1,238,Drizzle: Light,0,0,
54733,2021-07-15 03:14:00,40.838875,-73.90266,1,0,Unsafe Speed,4437080,29.3,21.2,0.1,0.1,0.0,1.0,51,13.7,27.4,212,Drizzle: Light,1,1,
54734,2021-07-16 18:20:00,40.60986,-74.07448,0,0,Driver Inattention/Distraction,4438002,32.3,23.2,0.3,0.3,0.0,3.0,51,12.3,33.1,238,Drizzle: Light,0,0,
54735,2021-07-15 05:44:00,40.596294,-74.07828,0,0,Obstruction/Debris,4437216,29.3,21.2,0.1,0.1,0.0,1.0,51,13.7,27.4,212,Drizzle: Light,0,0,
54736,2021-07-14 18:55:00,40.76791,-73.92542,0,0,Driver Inattention/Distraction,4437887,30.6,21.5,0.8,0.8,0.0,3.0,53,14.5,36.0,191,Drizzle: Moderate,0,0,
54737,2021-07-14 13:12:00,40.709755,-73.95707,0,0,Unspecified,4436992,30.6,21.5,0.8,0.8,0.0,3.0,53,14.5,36.0,191,Drizzle: Moderate,0,0,
54738,2021-07-16 13:30:00,40.724422,-73.84479,0,0,Driver Inattention/Distraction,4437516,32.3,23.2,0.3,0.3,0.0,3.0,51,12.3,33.1,238,Drizzle: Light,0,0,
54739,2021-07-11 15:00:00,40.894054,-73.86248,3,0,Reaction to Uninvolved Vehicle,4438100,24.9,19.8,2.5,2.5,0.0,9.0,53,15.8,35.3,141,Drizzle: Moderate,3,3,
54740,2021-07-15 12:40:00,40.576744,-73.98372,0,0,Driver Inattention/Distraction,4437849,29.3,21.2,0.1,0.1,0.0,1.0,51,13.7,27.4,212,Drizzle: Light,0,0,
54741,2021-07-16 10:14:00,40.61222,-73.918846,0,0,Unspecified,4437553,32.3,23.2,0.3,0.3,0.0,3.0,51,12.3,33.1,238,Drizzle: Light,0,0,
54742,2021-07-14 19:27:00,40.60069,-74.010056,0,0,Passing or Lane Usage Improper,4436948,30.6,21.5,0.8,0.8,0.0,3.0,53,14.5,36.0,191,Drizzle: Moderate,0,0,
54743,2021-07-15 17:30:00,40.69593,-73.96548,0,0,Reaction to Uninvolved Vehicle,4437252,29.3,21.2,0.1,0.1,0.0,1.0,51,13.7,27.4,212,Drizzle: Light,0,0,
54744,2021-07-14 06:30:00,40.696033,-73.984535,0,0,Passing or Lane Usage Improper,4437263,30.6,21.5,0.8,0.8,0.0,3.0,53,14.5,36.0,191,Drizzle: Moderate,0,0,
54745,2021-07-15 22:25:00,40.81967,-73.94424,0,0,Other Vehicular,4438248,29.3,21.2,0.1,0.1,0.0,1.0,51,13.7,27.4,212,Drizzle: Light,0,0,
54746,2021-07-15 10:30:00,40.698154,-73.80336,0,0,Driver Inattention/Distraction,4438290,29.3,21.2,0.1,0.1,0.0,1.0,51,13.7,27.4,212,Drizzle: Light,0,0,
54747,2021-07-07 18:00:00,40.677147,-73.92584,0,0,Unspecified,4437948,31.4,22.2,1.4,1.4,0.0,6.0,53,17.4,37.8,213,Drizzle: Moderate,0,0,
54748,2021-07-16 01:03:00,40.739033,-74.00315,0,0,Passing or Lane Usage Improper,4437800,32.3,23.2,0.3,0.3,0.0,3.0,51,12.3,33.1,238,Drizzle: Light,0,0,
54749,2021-07-15 06:15:00,40.73771,-73.974266,1,0,Following Too Closely,4437106,29.3,21.2,0.1,0.1,0.0,1.0,51,13.7,27.4,212,Drizzle: Light,1,1,
54750,2021-07-15 10:55:00,40.74135,-73.937096,0,0,Driver Inattention/Distraction,4437191,29.3,21.2,0.1,0.1,0.0,1.0,51,13.7,27.4,212,Drizzle: Light,0,0,
54751,2021-07-14 20:19:00,40.64409,-73.95657,0,0,Unspecified,4437015,30.6,21.5,0.8,0.8,0.0,3.0,53,14.5,36.0,191,Drizzle: Moderate,0,0,
54752,2021-07-15 18:32:00,40.834415,-73.92854,0,0,Aggressive Driving/Road Rage,4437363,29.3,21.2,0.1,0.1,0.0,1.0,51,13.7,27.4,212,Drizzle: Light,0,0,
54753,2021-07-16 12:55:00,40.667976,-73.79814,0,0,Oversized Vehicle,4437495,32.3,23.2,0.3,0.3,0.0,3.0,51,12.3,33.1,238,Drizzle: Light,0,0,
54754,2021-07-16 16:30:00,40.692463,-73.81082,0,0,Driver Inattention/Distraction,4438285,32.3,23.2,0.3,0.3,0.0,3.0,51,12.3,33.1,238,Drizzle: Light,0,0,
54755,2021-07-15 21:00:00,40.842686,-73.89817,0,0,Backing Unsafely,4437827,29.3,21.2,0.1,0.1,0.0,1.0,51,13.7,27.4,212,Drizzle: Light,0,0,
54756,2021-07-16 14:45:00,40.6082,-73.920715,1,0,Unspecified,4437554,32.3,23.2,0.3,0.3,0.0,3.0,51,12.3,33.1,238,Drizzle: Light,1,1,
54757,2021-07-14 07:20:00,40.771572,-73.934074,0,0,Turning Improperly,4437067,30.6,21.5,0.8,0.8,0.0,3.0,53,14.5,36.0,191,Drizzle: Moderate,0,0,
54758,2021-07-16 09:21:00,40.842655,-73.89052,1,0,Lost Consciousness,4437432,32.3,23.2,0.3,0.3,0.0,3.0,51,12.3,33.1,238,Drizzle: Light,1,1,
54759,2021-07-09 12:35:00,40.674736,-73.925,0,0,Other Vehicular,4437947,29.8,22.0,35.0,35.0,0.0,14.0,63,31.0,55.8,341,Rain: Moderate,0,0,
54760,2021-07-16 14:00:00,40.734337,-73.90003,0,0,Brakes Defective,4438044,32.3,23.2,0.3,0.3,0.0,3.0,51,12.3,33.1,238,Drizzle: Light,0,0,
54761,2021-07-09 11:30:00,40.702484,-73.87422,0,0,Passing Too Closely,4437738,29.8,22.0,35.0,35.0,0.0,14.0,63,31.0,55.8,341,Rain: Moderate,0,0,