,CRASH DATETIME,LATITUDE,LONGITUDE,NUMBER OF PERSONS INJURED,NUMBER OF PERSONS KILLED,CONTRIBUTING FACTOR VEHICLE 1,COLLISION_ID,temperature_2m_max,temperature_2m_min,precipitation_sum,rain_sum,snowfall_sum,precipitation_hours,weather_code,wind_speed_10m_max,wind_gusts_10m_max,wind_direction_10m_dominant,Weather Description,Severity_Score,Total_Affected_Persons,Weather_Category
54762,2021-07-06 09:10:00,40.738735,-73.992325,0,0,Driver Inattention/Distraction,4437843,33.6,21.9,2.1,2.1,0.0,4.0,61,21.8,49.7,231,Rain: Light,0,0,
54763,2021-07-15 16:36:00,40.635506,-73.913284,0,0,Unspecified,4437294,29.3,21.2,0.1,0.1,0.0,1.0,51,13.7,27.4,212,Drizzle: Light,0,0,
54764,2021-07-16 19:25:00,40.71382,-73.96361,1,0,Driver Inattention/Distraction,4438169,32.3,23.2,0.3,0.3,0.0,3.0,51,12.3,33.1,238,Drizzle: Light,1,1,
54765,2021-07-14 19:04:00,40.61213,-74.12467,1,0,Driver Inattention/Distraction,4437970,30.6,21.5,0.8,0.8,0.0,3.0,53,14.5,36.0,191,Drizzle: Moderate,1,1,
54766,2021-07-16 09:20:00,40.79653,-73.97597,1,0,Turning Improperly,4437488,32.3,23.2,0.3,0.3,0.0,3.0,51,12.3,33.1,238,Drizzle: Light,1,1,
54767,2021-07-16 14:00:00,40.68945,-73.81271,0,0,Passing Too Closely,4438216,32.3,23.2,0.3,0.3,0.0,3.0,51,12.3,33.1,238,Drizzle: Light,0,0,
54768,2021-07-15 15:45:00,40.69787,-73.743034,1,0,Driver Inattention/Distraction,4437226,29.3,21.2,0.1,0.1,0.0,1.0,51,13.7,27.4,212,Drizzle: Light,1,1,
54769,2021-07-12 15:40:00,40.700516,-73.89835,1,0,Driver Inattention/Distraction,4437688,28.6,22.0,9.7,9.7,0.0,12.0,63,12.0,31.7,107,Rain: Moderate,1,1,
54770,2021-07-08 12:50:00,40.736267,-73.772865,0,0,Traffic Control Disregarded,4437427,28.3,21.3,15.2,15.2,0.0,12.0,63,16.9,48.2,125,Rain: Moderate,0,0,
54771,2021-07-15 05:49:00,40.603413,-73.76888,0,0,Other Vehicular,4437336,29.3,21.2,0.1,0.1,0.0,1.0,51,13.7,27.4,212,Drizzle: Light,0,0,
54772,2021-07-14 16:12:00,40.764103,-73.93277,1,0,Failure to Yield Right-of-Way,4437075,30.6,21.5,0.8,0.8,0.0,3.0,53,14.5,36.0,191,Drizzle: Moderate,1,1,
54773,2021-07-16 09:35:00,40.741234,-73.84573,0,0,Unsafe Speed,4437609,32.3,23.2,0.3,0.3,0.0,3.0,51,12.3,33.1,238,Drizzle: Light,0,0,
54774,2021-07-14 07:25:00,40.636505,-73.96937,1,0,Driver Inexperience,4437324,30.6,21.5,0.8,0.8,0.0,3.0,53,14.5,36.0,191,Drizzle: Moderate,1,1,
54775,2021-07-14 00:05:00,40.60301,-74.016884,1,0,Following Too Closely,4437237,30.6,21.5,0.8,0.8,0.0,3.0,53,14.5,36.0,191,Drizzle: Moderate,1,1,
54776,2021-07-14 01:30:00,40.765217,-73.93643,0,0,Backing Unsafely,4436665,30.6,21.5,0.8,0.8,0.0,3.0,53,14.5,36.0,191,Drizzle: Moderate,0,0,
54777,2021-07-15 12:40:00,40.761047,-73.83518,1,0,Turning Improperly,4437280,29.3,21.2,0.1,0.1,0.0,1.0,51,13.7,27.4,212,Drizzle: Light,1,1,
54778,2021-07-15 17:00:00,40.889427,-73.81921,0,0,Passing or Lane Usage Improper,4438104,29.3,21.2,0.1,0.1,0.0,1.0,51,13.7,27.4,212,Drizzle: Light,0,0,
54779,2021-07-16 13:47:00,40.736744,-73.704865,0,0,Unspecified,4437538,32.3,23.2,0.3,0.3,0.0,3.0,51,12.3,33.1,238,Drizzle: Light,0,0,
54780,2021-07-14 00:21:00,40.691113,-73.838425,0,0,Following Too Closely,4437471,30.6,21.5,0.8,0.8,0.0,3.0,53,14.5,36.0,191,Drizzle: Moderate,0,0,
54781,2021-07-16 00:00:00,40.694405,-73.97621,0,0,Unspecified,4437464,32.3,23.2,0.3,0.3,0.0,3.0,51,12.3,33.1,238,Drizzle: Light,0,0,
54782,2021-07-15 20:01:00,40.624783,-74.02951,1,0,Pedestrian/Bicyclist/Other Pedestrian Error/Confusion,4437253,29.3,21.2,0.1,0.1,0.0,1.0,51,13.7,27.4,212,Drizzle: Light,1,1,
54783,2021-07-16 02:25:00,40.669476,-73.919975,2,0,Traffic Control Disregarded,4437772,32.3,23.2,0.3,0.3,0.0,3.0,51,12.3,33.1,238,Drizzle: Light,2,2,
54784,2021-07-15 08:40:00,40.593124,-73.79148,0,0,Driver Inattention/Distraction,4437126,29.3,21.2,0.1,0.1,0.0,1.0,51,13.7,27.4,212,Drizzle: Light,0,0,
54785,2021-07-14 09:07:00,40.815754,-73.89529,0,0,Unspecified,4436857,30.6,21.5,0.8,0.8,0.0,3.0,53,14.5,36.0,191,Drizzle: Moderate,0,0,
54786,2021-07-16 11:30:00,40.83228,-73.90963,0,0,Failure to Yield Right-of-Way,4437780,32.3,23.2,0.3,0.3,0.0,3.0,51,12.3,33.1,238,Drizzle: Light,0,0,
54787,2021-07-10 08:15:00,40.608253,-74.08879,1,1,Lost Consciousness,4437506,25.5,20.7,0.5,0.5,0.0,3.0,51,14.5,29.9,1,Drizzle: Light,21,2,
54788,2021-07-16 17:35:00,40.804398,-73.96129,0,0,Traffic Control Disregarded,4437523,32.3,23.2,0.3,0.3,0.0,3.0,51,12.3,33.1,238,Drizzle: Light,0,0,
54789,2021-07-10 18:03:00,40.750843,-73.99026,0,0,Unspecified,4437810,25.5,20.7,0.5,0.5,0.0,3.0,51,14.5,29.9,1,Drizzle: Light,0,0,
54790,2021-06-30 19:19:00,40.52791,-74.16486,0,0,Unspecified,4437459,35.2,24.9,0.1,0.1,0.0,1.0,51,20.6,37.1,246,Drizzle: Light,0,0,
54791,2021-07-14 16:15:00,40.826088,-73.86121,0,0,Unspecified,4437120,30.6,21.5,0.8,0.8,0.0,3.0,53,14.5,36.0,191,Drizzle: Moderate,0,0,
54792,2021-07-15 12:50:00,40.659527,-73.93704,0,0,,4437564,29.3,21.2,0.1,0.1,0.0,1.0,51,13.7,27.4,212,Drizzle: Light,0,0,
54793,2021-07-14 14:24:00,40.86258,-73.925385,0,0,Passing or Lane Usage Improper,4437997,30.6,21.5,0.8,0.8,0.0,3.0,53,14.5,36.0,191,Drizzle: Moderate,0,0,
54794,2021-07-16 22:40:00,40.73635,-73.97502,0,0,Unspecified,4437819,32.3,23.2,0.3,0.3,0.0,3.0,51,12.3,33.1,238,Drizzle: Light,0,0,
54795,2021-07-16 15:38:00,40.754974,-73.89095,0,0,Driver Inattention/Distraction,4437788,32.3,23.2,0.3,0.3,0.0,3.0,51,12.3,33.1,238,Drizzle: Light,0,0,
54796,2021-07-16 00:43:00,40.69816,-73.92528,2,0,Alcohol Involvement,4437587,32.3,23.2,0.3,0.3,0.0,3.0,51,12.3,33.1,238,Drizzle: Light,2,2,
54797,2021-07-16 08:59:00,40.852673,-73.919106,0,0,Driver Inattention/Distraction,4437407,32.3,23.2,0.3,0.3,0.0,3.0,51,12.3,33.1,238,Drizzle: Light,0,0,
54798,2021-07-15 14:25:00,40.714043,-73.92634,0,0,Unspecified,4437268,29.3,21.2,0.1,0.1,0.0,1.0,51,13.7,27.4,212,Drizzle: Light,0,0,
54799,2021-07-15 16:45:00,40.648014,-73.95818,1,0,Failure to Yield Right-of-Way,4437767,29.3,21.2,0.1,0.1,0.0,1.0,51,13.7,27.4,212,Drizzle: Light,1,1,
54800,2021-07-14 08:15:00,40.635185,-73.92862,0,0,Unsafe Lane Changing,4437210,30.6,21.5,0.8,0.8,0.0,3.0,53,14.5,36.0,191,Drizzle: Moderate,0,0,
54801,2021-07-14 17:40:00,40.582874,-73.98053,2,0,Driver Inattention/Distraction,4437025,30.6,21.5,0.8,0.8,0.0,3.0,53,14.5,36.0,191,Drizzle: Moderate,2,2,
54802,2021-07-16 07:30:00,40.647068,-73.993935,0,0,Unspecified,4437919,32.3,23.2,0.3,0.3,0.0,3.0,51,12.3,33.1,238,Drizzle: Light,0,0,
54803,2021-07-16 14:32:00,0.0,0.0,1,0,Traffic Control Disregarded,4437700,32.3,23.2,0.3,0.3,0.0,3.0,51,12.3,33.1,238,Drizzle: Light,1,1,
54804,2021-07-16 09:00:00,40.698376,-73.983055,0,0,Driver Inattention/Distraction,4437549,32.3,23.2,0.3,0.3,0.0,3.0,51,12.3,33.1,238,Drizzle: Light,0,0,
54805,2021-07-15 14:00:00,40.66684,-73.78941,0,0,Traffic Control Disregarded,4437375,29.3,21.2,0.1,0.1,0.0,1.0,51,13.7,27.4,212,Drizzle: Light,0,0,
54806,2021-07-14 10:40:00,40.763527,-73.97529,0,0,Failure to Yield Right-of-Way,4437052,30.6,21.5,0.8,0.8,0.0,3.0,53,14.5,36.0,191,Drizzle: Moderate,0,0,
54807,2021-07-15 08:20:00,40.852425,-73.86873,0,0,Unspecified,4437388,29.3,21.2,0.1,0.1,0.0,1.0,51,13.7,27.4,212,Drizzle: Light,0,0,
54808,2021-07-15 05:40:00,40.83609,-73.87039,1,0,Unspecified,4437928,29.3,21.2,0.1,0.1,0.0,1.0,51,13.7,27.4,212,Drizzle: Light,1,1,
54809,2021-07-16 17:00:00,40.596222,-73.98896,0,0,Driver Inattention/Distraction,4437658,32.3,23.2,0.3,0.3,0.0,3.0,51,12.3,33.1,238,Drizzle: Light,0,0,
54810,2021-07-16 19:10:00,40.88239,-73.88295,0,0,Driver Inattention/Distraction,4437593,32.3,23.2,0.3,0.3,0.0,3.0,51,12.3,33.1,238,Drizzle: Light,0,0,
54811,2021-07-13 13:00:00,40.843903,-73.927284,1,0,Unsafe Lane Changing,4437491,25.0,20.8,2.4,2.4,0.0,12.0,53,13.0,26.3,84,Drizzle: Moderate,1,1,
54812,2021-07-15 16:57:00,40.66386,-73.92456,1,0,Driver Inattention/Distraction,4438034,29.3,21.2,0.1,0.1,0.0,1.0,51,13.7,27.4,212,Drizzle: Light,1,1,
54813,2021-07-16 19:10:00,40.722904,-73.80468,2,0,Failure to Yield Right-of-Way,4438065,32.3,23.2,0.3,0.3,0.0,3.0,51,12.3,33.1,238,Drizzle: Light,2,2,
54814,2021-07-14 19:57:00,40.756287,-73.860725,1,0,Driver Inattention/Distraction,4437182,30.6,21.5,0.8,0.8,0.0,3.0,53,14.5,36.0,191,Drizzle: Moderate,1,1,
54815,2021-07-14 05:50:00,40.860332,-73.8983,1,0,Traffic Control Disregarded,4437087,30.6,21.5,0.8,0.8,0.0,3.0,53,14.5,36.0,191,Drizzle: Moderate,1,1,
54816,2021-07-13 12:45:00,40.658722,-73.97517,1,0,Passing or Lane Usage Improper,4437964,25.0,20.8,2.4,2.4,0.0,12.0,53,13.0,26.3,84,Drizzle: Moderate,1,1,
54817,2021-07-14 14:00:00,40.72873,-73.87215,0,0,Following Too Closely,4436917,30.6,21.5,0.8,0.8,0.0,3.0,53,14.5,36.0,191,Drizzle: Moderate,0,0,
54818,2021-07-05 05:07:00,40.684856,-73.79899,0,0,Passing Too Closely,4437558,26.4,17.3,0.7,0.7,0.0,2.0,53,18.8,34.6,142,Drizzle: Moderate,0,0,
54819,2021-07-16 11:22:00,40.58077,-73.96556,0,0,View Obstructed/Limited,4437864,32.3,23.2,0.3,0.3,0.0,3.0,51,12.3,33.1,238,Drizzle: Light,0,0,
54820,2021-07-16 18:40:00,40.73261,-73.8686,1,0,Driver Inattention/Distraction,4437598,32.3,23.2,0.3,0.3,0.0,3.0,51,12.3,33.1,238,Drizzle: Light,1,1,
54821,2021-07-16 19:30:00,40.607327,-73.957085,0,0,Unspecified,4437641,32.3,23.2,0.3,0.3,0.0,3.0,51,12.3,33.1,238,Drizzle: Light,0,0,
54822,2021-07-15 10:14:00,40.84603,-73.93034,0,0,Unspecified,4438122,29.3,21.2,0.1,0.1,0.0,1.0,51,13.7,27.4,212,Drizzle: Light,0,0,
54823,2021-07-14 02:55:00,40.78542,-73.98399,0,0,Pavement Defective,4436944,30.6,21.5,0.8,0.8,0.0,3.0,53,14.5,36.0,191,Drizzle: Moderate,0,0,
54824,2021-07-15 17:40:00,40.830154,-73.941666,1,0,,4437745,29.3,21.2,0.1,0.1,0.0,1.0,51,13.7,27.4,212,Drizzle: Light,1,1,
54825,2021-07-15 14:36:00,40.77418,-73.95296,0,0,Driver Inattention/Distraction,4437315,29.3,21.2,0.1,0.1,0.0,1.0,51,13.7,27.4,212,Drizzle: Light,0,0,
54826,2021-07-14 07:15:00,40.86316,-73.86413,0,0,Aggressive Driving/Road Rage,4436792,30.6,21.5,0.8,0.8,0.0,3.0,53,14.5,36.0,191,Drizzle: Moderate,0,0,
54827,2021-07-03 19:20:00,40.70166,-73.961464,0,0,Turning Improperly,4438173,19.3,16.6,16.1,16.1,0.0,20.0,63,24.0,47.2,43,Rain: Moderate,0,0,
54828,2021-07-15 16:45:00,40.678253,-73.91019,0,0,Driver Inattention/Distraction,4437854,29.3,21.2,0.1,0.1,0.0,1.0,51,13.7,27.4,212,Drizzle: Light,0,0,
54829,2021-07-15 17:23:00,40.86607,-73.89439,0,0,Unspecified,4437299,29.3,21.2,0.1,0.1,0.0,1.0,51,13.7,27.4,212,Drizzle: Light,0,0,
54830,2021-07-14 19:05:00,40.67665,-73.780655,2,0,Unsafe Speed,4437094,30.6,21.5,0.8,0.8,0.0,3.0,53,14.5,36.0,191,Drizzle: Moderate,2,2,
54831,2021-07-16 08:00:00,40.66438,-73.90261,0,0,Unspecified,4437856,32.3,23.2,0.3,0.3,0.0,3.0,51,12.3,33.1,238,Drizzle: Light,0,0,
54832,2020-07-19 02:30:00,40.826176,-73.93877,1,0,Driver Inattention/Distraction,4438225,33.6,21.9,0.0,0.0,0.0,0.0,3,26.5,49.3,194,Overcast,1,1,
54833,2021-07-15 17:00:00,40.71699,-73.82402,1,0,Following Too Closely,4437447,29.3,21.2,0.1,0.1,0.0,1.0,51,13.7,27.4,212,Drizzle: Light,1,1,
54834,2021-07-14 10:40:00,40.850666,-73.88243,0,0,Unspecified,4436998,30.6,21.5,0.8,0.8,0.0,3.0,53,14.5,36.0,191,Drizzle: Moderate,0,0,
54835,2021-07-15 12:07:00,40.860535,-73.914345,0,0,Driver Inattention/Distraction,4437360,29.3,21.2,0.1,0.1,0.0,1.0,51,13.7,27.4,212,Drizzle: Light,0,0,
54836,2021-07-13 13:30:00,40.729774,-73.98682,1,0,Driver Inattention/Distraction,4437903,25.0,20.8,2.4,2.4,0.0,12.0,53,13.0,26.3,84,Drizzle: Moderate,1,1,
54837,2021-07-15 18:55:00,40.800293,-73.95356,0,0,Driver Inattention/Distraction,4437442,29.3,21.2,0.1,0.1,0.0,1.0,51,13.7,27.4,212,Drizzle: Light,0,0,
54838,2021-07-15 21:00:00,40.705673,-73.94552,0,0,Driver Inattention/Distraction,4437276,29.3,21.2,0.1,0.1,0.0,1.0,51,13.7,27.4,212,Drizzle: Light,0,0,
54839,2021-07-16 04:20:00,40.824844,-73.95161,0,0,Unspecified,4437342,32.3,23.2,0.3,0.3,0.0,3.0,51,12.3,33.1,238,Drizzle: Light,0,0,
54840,2021-07-14 11:39:00,40.847065,-73.8916,0,0,Backing Unsafely,4436923,30.6,21.5,0.8,0.8,0.0,3.0,53,14.5,36.0,191,Drizzle: Moderate,0,0,
54841,2021-07-14 13:30:00,40.787025,-73.793,0,0,Passing or Lane Usage Improper,4436949,30.6,21.5,0.8,0.8,0.0,3.0,53,14.5,36.0,191,Drizzle: Moderate,0,0,
54842,2021-07-15 13:45:00,40.57761,-73.96145,1,0,Backing Unsafely,4437192,29.3,21.2,0.1,0.1,0.0,1.0,51,13.7,27.4,212,Drizzle: Light,1,1,
54843,2021-07-14 21:45:00,40.755844,-73.984436,0,0,Passing or Lane Usage Improper,4437808,30.6,21.5,0.8,0.8,0.0,3.0,53,14.5,36.0,191,Drizzle: Moderate,0,0,
54844,2021-07-14 20:35:00,40.850166,-73.93576,0,0,Unsafe Lane Changing,4437141,30.6,21.5,0.8,0.8,0.0,3.0,53,14.5,36.0,191,Drizzle: Moderate,0,0,
54845,2021-07-08 10:47:00,40.734737,-73.87227,1,0,Failure to Yield Right-of-Way,4437990,28.3,21.3,15.2,15.2,0.0,12.0,63,16.9,48.2,125,Rain: Moderate,1,1,
54846,2021-07-15 03:29:00,40.838127,-73.91931,1,0,Passing or Lane Usage Improper,4437155,29.3,21.2,0.1,0.1,0.0,1.0,51,13.7,27.4,212,Drizzle: Light,1,1,
54847,2021-07-13 17:25:00,40.868248,-73.916145,1,0,Unsafe Speed,4437364,25.0,20.8,2.4,2.4,0.0,12.0,53,13.0,26.3,84,Drizzle: Moderate,1,1,
54848,2021-06-25 14:35:00,40.822613,-73.88706,0,0,Unspecified,4437474,24.7,15.6,0.0,0.0,0.0,0.0,3,20.9,41.0,144,Overcast,0,0,
54849,2021-07-14 00:06:00,40.895523,-73.8504,3,0,Failure to Yield Right-of-Way,4436788,30.6,21.5,0.8,0.8,0.0,3.0,53,14.5,36.0,191,Drizzle: Moderate,3,3,
54850,2021-07-16 20:20:00,40.828728,-73.914734,0,0,Passing Too Closely,4437649,32.3,23.2,0.3,0.3,0.0,3.0,51,12.3,33.1,238,Drizzle: Light,0,0,
54851,2021-07-16 07:40:00,40.84224,-73.917694,0,0,Traffic Control Disregarded,4437403,32.3,23.2,0.3,0.3,0.0,3.0,51,12.3,33.1,238,Drizzle: Light,0,0,
54852,2021-07-14 20:35:00,0.0,0.0,0,0,Unspecified,4437873,30.6,21.5,0.8,0.8,0.0,3.0,53,14.5,36.0,191,Drizzle: Moderate,0,0,
54853,2021-07-16 12:50:00,40.697193,-73.72752,0,0,Unspecified,4437535,32.3,23.2,0.3,0.3,0.0,3.0,51,12.3,33.1,238,Drizzle: Light,0,0,
54854,2021-07-07 22:00:00,40.736336,-73.857574,0,0,Driver Inattention/Distraction,4438077,31.4,22.2,1.4,1.4,0.0,6.0,53,17.4,37.8,213,Drizzle: Moderate,0,0,
54855,2021-07-14 09:45:00,40.83533,-73.927,0,0,Unspecified,4437496,30.6,21.5,0.8,0.8,0.0,3.0,53,14.5,36.0,191,Drizzle: Moderate,0,0,
54856,2021-07-14 22:04:00,40.692,-73.92646,0,0,Driver Inattention/Distraction,4437059,30.6,21.5,0.8,0.8,0.0,3.0,53,14.5,36.0,191,Drizzle: Moderate,0,0,
54857,2022-07-04 23:15:00,40.723484,-73.87685,1,0,Driver Inexperience,4544351,30.9,17.5,0.0,0.0,0.0,0.0,3,15.4,27.4,302,Overcast,1,1,
54858,2021-07-09 14:30:00,40.691895,-73.77822,0,0,Following Too Closely,4437371,29.8,22.0,35.0,35.0,0.0,14.0,63,31.0,55.8,341,Rain: Moderate,0,0,
54859,2021-07-15 17:57:00,40.583538,-73.949615,1,0,Pedestrian/Bicyclist/Other Pedestrian Error/Confusion,4437503,29.3,21.2,0.1,0.1,0.0,1.0,51,13.7,27.4,212,Drizzle: Light,1,1,
54860,2021-07-14 14:39:00,40.865406,-73.86838,2,0,Failure to Yield Right-of-Way,4437630,30.6,21.5,0.8,0.8,0.0,3.0,53,14.5,36.0,191,Drizzle: Moderate,2,2,
54861,2021-07-11 21:00:00,40.740974,-73.888405,0,0,Driver Inexperience,4438012,24.9,19.8,2.5,2.5,0.0,9.0,53,15.8,35.3,141,Drizzle: Moderate,0,0,
54862,2021-07-14 23:35:00,40.68405,-73.97746,0,0,Driver Inattention/Distraction,4437392,30.6,21.5,0.8,0.8,0.0,3.0,53,14.5,36.0,191,Drizzle: Moderate,0,0,
54863,2021-07-06 07:45:00,40.821117,-73.957466,0,0,Unspecified,4437750,33.6,21.9,2.1,2.1,0.0,4.0,61,21.8,49.7,231,Rain: Light,0,0,
54864,2021-07-16 19:10:00,40.59778,-73.73974,0,0,Unsafe Lane Changing,4437582,32.3,23.2,0.3,0.3,0.0,3.0,51,12.3,33.1,238,Drizzle: Light,0,0,
54865,2021-07-04 22:05:00,40.692646,-73.800865,2,0,Unspecified,4438280,24.6,15.8,1.4,1.4,0.0,12.0,51,11.8,27.0,299,Drizzle: Light,2,2,
54866,2021-07-14 02:30:00,40.675194,-73.883766,0,0,Driver Inattention/Distraction,4436844,30.6,21.5,0.8,0.8,0.0,3.0,53,14.5,36.0,191,Drizzle: Moderate,0,0,
54867,2021-07-13 08:41:00,40.57987,-73.95667,1,0,Traffic Control Disregarded,4437912,25.0,20.8,2.4,2.4,0.0,12.0,53,13.0,26.3,84,Drizzle: Moderate,1,1,
54868,2021-07-13 15:01:00,40.734768,-73.861595,0,0,Following Too Closely,4437369,25.0,20.8,2.4,2.4,0.0,12.0,53,13.0,26.3,84,Drizzle: Moderate,0,0,
54869,2021-07-16 10:18:00,40.652817,-73.95963,0,0,Driver Inattention/Distraction,4437776,32.3,23.2,0.3,0.3,0.0,3.0,51,12.3,33.1,238,Drizzle: Light,0,0,
54870,2021-07-16 19:21:00,40.764084,-73.83336,0,0,Turning Improperly,4437696,32.3,23.2,0.3,0.3,0.0,3.0,51,12.3,33.1,238,Drizzle: Light,0,0,
54871,2021-07-15 18:08:00,40.705376,-73.868614,0,0,,4437677,29.3,21.2,0.1,0.1,0.0,1.0,51,13.7,27.4,212,Drizzle: Light,0,0,
54872,2021-07-16 20:35:00,40.708305,-73.948425,1,0,Driver Inattention/Distraction,4438164,32.3,23.2,0.3,0.3,0.0,3.0,51,12.3,33.1,238,Drizzle: Light,1,1,
54873,2021-07-14 01:04:00,40.89316,-73.852425,0,0,Driver Inexperience,4436772,30.6,21.5,0.8,0.8,0.0,3.0,53,14.5,36.0,191,Drizzle: Moderate,0,0,
54874,2021-07-15 13:28:00,40.749733,-73.936104,1,0,Driver Inattention/Distraction,4437888,29.3,21.2,0.1,0.1,0.0,1.0,51,13.7,27.4,212,Drizzle: Light,1,1,
54875,2021-07-14 08:30:00,40.75254,-73.85261,2,0,Unspecified,4436954,30.6,21.5,0.8,0.8,0.0,3.0,53,14.5,36.0,191,Drizzle: Moderate,2,2,
54876,2021-07-14 16:07:00,40.82005,-73.939285,0,0,Passing or Lane Usage Improper,4437138,30.6,21.5,0.8,0.8,0.0,3.0,53,14.5,36.0,191,Drizzle: Moderate,0,0,
54877,2021-07-16 08:45:00,40.672203,-73.73061,0,0,Unspecified,4437419,32.3,23.2,0.3,0.3,0.0,3.0,51,12.3,33.1,238,Drizzle: Light,0,0,
54878,2021-07-15 09:08:00,40.692,-73.92646,1,0,Passing Too Closely,4437347,29.3,21.2,0.1,0.1,0.0,1.0,51,13.7,27.4,212,Drizzle: Light,1,1,
54879,2021-07-16 12:30:00,40.802578,-73.939156,1,0,Driver Inattention/Distraction,4437479,32.3,23.2,0.3,0.3,0.0,3.0,51,12.3,33.1,238,Drizzle: Light,1,1,
54880,2021-07-16 19:40:00,40.667114,-73.834656,1,0,Unspecified,4437619,32.3,23.2,0.3,0.3,0.0,3.0,51,12.3,33.1,238,Drizzle: Light,1,1,
54881,2021-07-14 20:45:00,40.638447,-73.95117,1,0,Driver Inattention/Distraction,4437671,30.6,21.5,0.8,0.8,0.0,3.0,53,14.5,36.0,191,Drizzle: Moderate,1,1,
54882,2021-07-15 12:09:00,40.746174,-73.82473,0,0,Following Too Closely,4437695,29.3,21.2,0.1,0.1,0.0,1.0,51,13.7,27.4,212,Drizzle: Light,0,0,
54883,2021-07-14 13:30:00,40.68204,-73.808914,0,0,Driver Inattention/Distraction,4437084,30.6,21.5,0.8,0.8,0.0,3.0,53,14.5,36.0,191,Drizzle: Moderate,0,0,
54884,2021-07-16 21:10:00,40.700123,-73.91632,0,0,View Obstructed/Limited,4437530,32.3,23.2,0.3,0.3,0.0,3.0,51,12.3,33.1,238,Drizzle: Light,0,0,
54885,2021-07-14 12:30:00,40.743534,-73.95072,0,0,Driver Inattention/Distraction,4436908,30.6,21.5,0.8,0.8,0.0,3.0,53,14.5,36.0,191,Drizzle: Moderate,0,0,
54886,2021-07-16 11:30:00,40.682262,-73.84514,0,0,Passing Too Closely,4438185,32.3,23.2,0.3,0.3,0.0,3.0,51,12.3,33.1,238,Drizzle: Light,0,0,
54887,2021-07-13 09:00:00,40.822296,-73.95435,0,0,Unspecified,4438130,25.0,20.8,2.4,2.4,0.0,12.0,53,13.0,26.3,84,Drizzle: Moderate,0,0,
54888,2021-07-15 22:20:00,40.74137,-73.97252,0,0,Driver Inattention/Distraction,4438086,29.3,21.2,0.1,0.1,0.0,1.0,51,13.7,27.4,212,Drizzle: Light,0,0,
54889,2021-07-14 16:35:00,40.689137,-73.990715,0,0,Driver Inattention/Distraction,4437262,30.6,21.5,0.8,0.8,0.0,3.0,53,14.5,36.0,191,Drizzle: Moderate,0,0,
54890,2021-07-16 14:00:00,40.72634,-73.76508,0,0,Driver Inattention/Distraction,4437498,32.3,23.2,0.3,0.3,0.0,3.0,51,12.3,33.1,238,Drizzle: Light,0,0,
54891,2021-07-14 23:07:00,40.748886,-73.975845,1,0,,4437242,30.6,21.5,0.8,0.8,0.0,3.0,53,14.5,36.0,191,Drizzle: Moderate,1,1,
54892,2021-07-16 20:55:00,40.63686,-73.93849,0,0,Driver Inattention/Distraction,4437714,32.3,23.2,0.3,0.3,0.0,3.0,51,12.3,33.1,238,Drizzle: Light,0,0,
54893,2021-07-16 12:05:00,40.611954,-74.03186,0,0,Passing or Lane Usage Improper,4437483,32.3,23.2,0.3,0.3,0.0,3.0,51,12.3,33.1,238,Drizzle: Light,0,0,
54894,2021-07-14 13:50:00,40.7842,-73.942215,0,0,Unsafe Lane Changing,4437002,30.6,21.5,0.8,0.8,0.0,3.0,53,14.5,36.0,191,Drizzle: Moderate,0,0,
54895,2021-07-10 15:00:00,40.820095,-73.955086,1,0,Following Too Closely,4437396,25.5,20.7,0.5,0.5,0.0,3.0,51,14.5,29.9,1,Drizzle: Light,1,1,
54896,2021-10-29 11:30:00,40.885517,-73.82398,0,0,View Obstructed/Limited,4472421,13.8,8.3,9.3,9.3,0.0,5.0,63,40.9,73.8,78,Rain: Moderate,0,0,
54897,2021-07-15 09:00:00,40.727776,-73.92902,0,0,Unspecified,4437574,29.3,21.2,0.1,0.1,0.0,1.0,51,13.7,27.4,212,Drizzle: Light,0,0,
54898,2021-07-14 18:00:00,40.74255,-73.93116,0,0,Oversized Vehicle,4436985,30.6,21.5,0.8,0.8,0.0,3.0,53,14.5,36.0,191,Drizzle: Moderate,0,0,
54899,2021-07-12 06:40:00,40.73001,-73.88836,0,0,Driver Inattention/Distraction,4437515,28.6,22.0,9.7,9.7,0.0,12.0,63,12.0,31.7,107,Rain: Moderate,0,0,
54900,2021-07-14 08:29:00,40.614872,-73.82165,0,0,Following Too Closely,4437200,30.6,21.5,0.8,0.8,0.0,3.0,53,14.5,36.0,191,Drizzle: Moderate,0,0,
54901,2021-07-15 15:17:00,40.72899,-74.00935,1,0,Driver Inattention/Distraction,4437805,29.3,21.2,0.1,0.1,0.0,1.0,51,13.7,27.4,212,Drizzle: Light,1,1,
54902,2021-07-16 23:50:00,40.79149,-73.93577,0,0,Passing or Lane Usage Improper,4437831,32.3,23.2,0.3,0.3,0.0,3.0,51,12.3,33.1,238,Drizzle: Light,0,0,
54903,2021-07-16 19:30:00,40.85713,-73.8808,0,0,Backing Unsafely,4438274,32.3,23.2,0.3,0.3,0.0,3.0,51,12.3,33.1,238,Drizzle: Light,0,0,