,CRASH DATETIME,LATITUDE,LONGITUDE,NUMBER OF PERSONS INJURED,NUMBER OF PERSONS KILLED,CONTRIBUTING FACTOR VEHICLE 1,COLLISION_ID,temperature_2m_max,temperature_2m_min,precipitation_sum,rain_sum,snowfall_sum,precipitation_hours,weather_code,wind_speed_10m_max,wind_gusts_10m_max,wind_direction_10m_dominant,Weather Description,Severity_Score,Total_Affected_Persons,Weather_Category
54904,2021-07-13 13:53:00,40.71886,-73.97492,0,0,Unspecified,4437557,25.0,20.8,2.4,2.4,0.0,12.0,53,13.0,26.3,84,Drizzle: Moderate,0,0,
54905,2021-07-16 18:19:00,40.588142,-73.9444,1,0,Turning Improperly,4437643,32.3,23.2,0.3,0.3,0.0,3.0,51,12.3,33.1,238,Drizzle: Light,1,1,
54906,2021-07-16 13:50:00,40.747112,-73.96894,1,0,Driver Inattention/Distraction,4437528,32.3,23.2,0.3,0.3,0.0,3.0,51,12.3,33.1,238,Drizzle: Light,1,1,
54907,2021-07-16 01:16:00,40.830112,-73.850266,0,0,Following Too Closely,4437934,32.3,23.2,0.3,0.3,0.0,3.0,51,12.3,33.1,238,Drizzle: Light,0,0,
54908,2021-07-15 18:30:00,40.676193,-74.001335,1,0,Traffic Control Disregarded,4438238,29.3,21.2,0.1,0.1,0.0,1.0,51,13.7,27.4,212,Drizzle: Light,1,1,
54909,2021-07-14 06:29:00,40.636177,-74.13182,0,0,Driver Inattention/Distraction,4437221,30.6,21.5,0.8,0.8,0.0,3.0,53,14.5,36.0,191,Drizzle: Moderate,0,0,
54910,2021-07-14 19:56:00,40.784668,-73.95604,1,0,Driver Inattention/Distraction,4437007,30.6,21.5,0.8,0.8,0.0,3.0,53,14.5,36.0,191,Drizzle: Moderate,1,1,
54911,2021-07-16 03:20:00,40.757034,-73.87133,2,0,Driver Inattention/Distraction,4437401,32.3,23.2,0.3,0.3,0.0,3.0,51,12.3,33.1,238,Drizzle: Light,2,2,
54912,2021-07-09 19:50:00,40.744736,-73.85515,0,0,Passing or Lane Usage Improper,4438084,29.8,22.0,35.0,35.0,0.0,14.0,63,31.0,55.8,341,Rain: Moderate,0,0,
54913,2021-07-07 18:00:00,40.670376,-73.92741,0,0,Driver Inattention/Distraction,4437952,31.4,22.2,1.4,1.4,0.0,6.0,53,17.4,37.8,213,Drizzle: Moderate,0,0,
54914,2021-07-15 14:30:00,40.656864,-73.9981,0,0,Turning Improperly,4437656,29.3,21.2,0.1,0.1,0.0,1.0,51,13.7,27.4,212,Drizzle: Light,0,0,
54915,2021-06-17 10:00:00,40.717625,-73.99826,0,0,Following Too Closely,4437848,23.9,12.1,0.0,0.0,0.0,0.0,3,13.4,27.4,311,Overcast,0,0,
54916,2021-07-15 14:13:00,40.746666,-73.88564,0,0,Driver Inexperience,4438019,29.3,21.2,0.1,0.1,0.0,1.0,51,13.7,27.4,212,Drizzle: Light,0,0,
54917,2021-07-15 11:30:00,40.700836,-73.99495,0,0,Passing or Lane Usage Improper,4437550,29.3,21.2,0.1,0.1,0.0,1.0,51,13.7,27.4,212,Drizzle: Light,0,0,
54918,2021-07-15 21:55:00,40.756317,-73.83369,0,0,Backing Unsafely,4437352,29.3,21.2,0.1,0.1,0.0,1.0,51,13.7,27.4,212,Drizzle: Light,0,0,
54919,2021-07-15 14:40:00,40.85931,-73.89208,0,0,Following Too Closely,4438256,29.3,21.2,0.1,0.1,0.0,1.0,51,13.7,27.4,212,Drizzle: Light,0,0,
54920,2021-07-16 02:30:00,40.640907,-73.96928,0,0,Passing Too Closely,4437918,32.3,23.2,0.3,0.3,0.0,3.0,51,12.3,33.1,238,Drizzle: Light,0,0,
54921,2021-07-14 12:42:00,40.862698,-73.86621,1,0,Other Vehicular,4436889,30.6,21.5,0.8,0.8,0.0,3.0,53,14.5,36.0,191,Drizzle: Moderate,1,1,
54922,2021-07-16 04:43:00,40.77074,-73.99455,1,0,Traffic Control Disregarded,4437332,32.3,23.2,0.3,0.3,0.0,3.0,51,12.3,33.1,238,Drizzle: Light,1,1,
54923,2021-07-14 01:15:00,40.712727,-73.72899,0,0,Unsafe Speed,4436824,30.6,21.5,0.8,0.8,0.0,3.0,53,14.5,36.0,191,Drizzle: Moderate,0,0,
54924,2021-07-15 21:00:00,40.705246,-73.95908,0,0,Following Too Closely,4437271,29.3,21.2,0.1,0.1,0.0,1.0,51,13.7,27.4,212,Drizzle: Light,0,0,
54925,2021-07-14 15:50:00,40.853462,-73.88939,0,0,Failure to Yield Right-of-Way,4437111,30.6,21.5,0.8,0.8,0.0,3.0,53,14.5,36.0,191,Drizzle: Moderate,0,0,
54926,2021-07-06 00:00:00,40.67843,-73.91357,0,0,Other Vehicular,4437771,33.6,21.9,2.1,2.1,0.0,4.0,61,21.8,49.7,231,Rain: Light,0,0,
54927,2021-07-16 00:27:00,40.833183,-73.93022,0,0,Unsafe Speed,4437384,32.3,23.2,0.3,0.3,0.0,3.0,51,12.3,33.1,238,Drizzle: Light,0,0,
54928,2021-07-16 10:08:00,40.86877,-73.83174,1,0,Unspecified,4437423,32.3,23.2,0.3,0.3,0.0,3.0,51,12.3,33.1,238,Drizzle: Light,1,1,
54929,2021-07-15 10:40:00,40.590572,-73.93999,0,0,Driver Inattention/Distraction,4437159,29.3,21.2,0.1,0.1,0.0,1.0,51,13.7,27.4,212,Drizzle: Light,0,0,
54930,2021-07-14 00:12:00,40.639317,-73.9368,0,0,Unspecified,4436932,30.6,21.5,0.8,0.8,0.0,3.0,53,14.5,36.0,191,Drizzle: Moderate,0,0,
54931,2021-07-14 15:20:00,40.869423,-73.825745,0,0,Unspecified,4437029,30.6,21.5,0.8,0.8,0.0,3.0,53,14.5,36.0,191,Drizzle: Moderate,0,0,
54932,2021-07-15 23:10:00,40.7104,-73.83974,1,0,Failure to Yield Right-of-Way,4437732,29.3,21.2,0.1,0.1,0.0,1.0,51,13.7,27.4,212,Drizzle: Light,1,1,
54933,2021-07-12 01:52:00,40.743275,-73.77572,0,0,Driver Inattention/Distraction,4437434,28.6,22.0,9.7,9.7,0.0,12.0,63,12.0,31.7,107,Rain: Moderate,0,0,
54934,2021-07-14 11:45:00,40.551456,-74.185165,0,0,Failure to Yield Right-of-Way,4437134,30.6,21.5,0.8,0.8,0.0,3.0,53,14.5,36.0,191,Drizzle: Moderate,0,0,
54935,2021-07-14 17:15:00,40.837994,-73.90132,1,0,Following Too Closely,4437079,30.6,21.5,0.8,0.8,0.0,3.0,53,14.5,36.0,191,Drizzle: Moderate,1,1,
54936,2021-07-16 03:45:00,40.76874,-73.90881,1,0,Driver Inattention/Distraction,4437892,32.3,23.2,0.3,0.3,0.0,3.0,51,12.3,33.1,238,Drizzle: Light,1,1,
54937,2021-10-27 07:45:00,40.66367,-73.89376,0,0,Unspecified,4471400,16.1,12.2,6.6,6.6,0.0,6.0,61,33.3,63.0,359,Rain: Light,0,0,
54938,2021-07-16 10:15:00,40.85533,-73.93332,0,0,Driver Inattention/Distraction,4437981,32.3,23.2,0.3,0.3,0.0,3.0,51,12.3,33.1,238,Drizzle: Light,0,0,
54939,2021-07-15 16:17:00,40.6271,-74.12514,0,0,Failure to Yield Right-of-Way,4437971,29.3,21.2,0.1,0.1,0.0,1.0,51,13.7,27.4,212,Drizzle: Light,0,0,
54940,2021-07-14 01:27:00,40.86258,-73.925385,0,0,Driver Inattention/Distraction,4436806,30.6,21.5,0.8,0.8,0.0,3.0,53,14.5,36.0,191,Drizzle: Moderate,0,0,
54941,2021-07-14 00:30:00,40.694305,-73.91852,0,0,Unsafe Speed,4436721,30.6,21.5,0.8,0.8,0.0,3.0,53,14.5,36.0,191,Drizzle: Moderate,0,0,
54942,2021-07-14 16:05:00,40.805058,-73.93904,0,0,Passing Too Closely,4436960,30.6,21.5,0.8,0.8,0.0,3.0,53,14.5,36.0,191,Drizzle: Moderate,0,0,
54943,2021-07-16 19:07:00,40.63139,-74.03077,2,0,Driver Inattention/Distraction,4437615,32.3,23.2,0.3,0.3,0.0,3.0,51,12.3,33.1,238,Drizzle: Light,2,2,
54944,2021-07-16 00:16:00,40.81982,-73.81286,0,0,Unspecified,4437309,32.3,23.2,0.3,0.3,0.0,3.0,51,12.3,33.1,238,Drizzle: Light,0,0,
54945,2021-07-14 22:30:00,40.628086,-73.94422,1,0,View Obstructed/Limited,4437036,30.6,21.5,0.8,0.8,0.0,3.0,53,14.5,36.0,191,Drizzle: Moderate,1,1,
54946,2021-07-14 09:30:00,40.63757,-74.01457,2,0,Following Too Closely,4436938,30.6,21.5,0.8,0.8,0.0,3.0,53,14.5,36.0,191,Drizzle: Moderate,2,2,
54947,2021-07-16 22:15:00,40.694557,-73.80982,0,0,Alcohol Involvement,4438287,32.3,23.2,0.3,0.3,0.0,3.0,51,12.3,33.1,238,Drizzle: Light,0,0,
54948,2021-07-15 23:30:00,40.75053,-73.893005,0,0,Unspecified,4437411,29.3,21.2,0.1,0.1,0.0,1.0,51,13.7,27.4,212,Drizzle: Light,0,0,
54949,2021-07-15 15:00:00,40.67968,-73.97826,0,0,Passing Too Closely,4437246,29.3,21.2,0.1,0.1,0.0,1.0,51,13.7,27.4,212,Drizzle: Light,0,0,
54950,2021-07-15 22:50:00,40.635506,-73.913284,0,0,Passing Too Closely,4437258,29.3,21.2,0.1,0.1,0.0,1.0,51,13.7,27.4,212,Drizzle: Light,0,0,
54951,2021-07-16 11:00:00,40.88316,-73.8809,0,0,Passing Too Closely,4437466,32.3,23.2,0.3,0.3,0.0,3.0,51,12.3,33.1,238,Drizzle: Light,0,0,
54952,2021-07-04 23:40:00,40.67511,-73.76032,1,0,Unsafe Speed,4437543,24.6,15.8,1.4,1.4,0.0,12.0,51,11.8,27.0,299,Drizzle: Light,1,1,
54953,2021-07-15 12:29:00,40.790295,-73.9694,0,0,Passing Too Closely,4437207,29.3,21.2,0.1,0.1,0.0,1.0,51,13.7,27.4,212,Drizzle: Light,0,0,
54954,2021-07-16 17:19:00,40.733433,-73.9955,2,0,Pedestrian/Bicyclist/Other Pedestrian Error/Confusion,4437795,32.3,23.2,0.3,0.3,0.0,3.0,51,12.3,33.1,238,Drizzle: Light,2,2,
54955,2021-07-15 11:20:00,40.693348,-73.830536,1,0,Following Too Closely,4437511,29.3,21.2,0.1,0.1,0.0,1.0,51,13.7,27.4,212,Drizzle: Light,1,1,
54956,2021-07-11 03:26:00,40.82044,-73.85366,0,0,Backing Unsafely,4437940,24.9,19.8,2.5,2.5,0.0,9.0,53,15.8,35.3,141,Drizzle: Moderate,0,0,
54957,2021-07-14 13:22:00,40.70704,-73.9246,1,0,Pedestrian/Bicyclist/Other Pedestrian Error/Confusion,4437287,30.6,21.5,0.8,0.8,0.0,3.0,53,14.5,36.0,191,Drizzle: Moderate,1,1,
54958,2021-07-16 10:00:00,40.67312,-73.878654,2,0,Traffic Control Disregarded,4437416,32.3,23.2,0.3,0.3,0.0,3.0,51,12.3,33.1,238,Drizzle: Light,2,2,
54959,2021-07-16 18:30:00,40.84947,-73.889244,0,0,Driver Inattention/Distraction,4438264,32.3,23.2,0.3,0.3,0.0,3.0,51,12.3,33.1,238,Drizzle: Light,0,0,
54960,2021-07-15 21:25:00,40.856743,-73.89527,0,0,Driver Inattention/Distraction,4438060,29.3,21.2,0.1,0.1,0.0,1.0,51,13.7,27.4,212,Drizzle: Light,0,0,
54961,2021-07-16 02:10:00,40.83558,-73.886665,0,0,Backing Unsafely,4437826,32.3,23.2,0.3,0.3,0.0,3.0,51,12.3,33.1,238,Drizzle: Light,0,0,
54962,2021-07-15 14:44:00,40.795525,-73.97594,2,0,Unsafe Speed,4437379,29.3,21.2,0.1,0.1,0.0,1.0,51,13.7,27.4,212,Drizzle: Light,2,2,
54963,2021-07-16 00:00:00,40.701332,-73.92684,0,0,Driver Inexperience,4437588,32.3,23.2,0.3,0.3,0.0,3.0,51,12.3,33.1,238,Drizzle: Light,0,0,
54964,2021-07-16 19:02:00,40.728947,-73.92793,2,0,Driver Inattention/Distraction,4437570,32.3,23.2,0.3,0.3,0.0,3.0,51,12.3,33.1,238,Drizzle: Light,2,2,
54965,2021-07-14 13:25:00,40.737133,-73.99033,0,1,Oversized Vehicle,4436976,30.6,21.5,0.8,0.8,0.0,3.0,53,14.5,36.0,191,Drizzle: Moderate,20,1,
54966,2021-07-16 20:05:00,40.58227,-73.98612,1,0,Passing or Lane Usage Improper,4437871,32.3,23.2,0.3,0.3,0.0,3.0,51,12.3,33.1,238,Drizzle: Light,1,1,
54967,2021-07-15 11:47:00,40.58,-74.106224,0,0,Driver Inattention/Distraction,4437217,29.3,21.2,0.1,0.1,0.0,1.0,51,13.7,27.4,212,Drizzle: Light,0,0,
54968,2021-07-03 02:50:00,40.740578,-73.85853,0,0,Passing or Lane Usage Improper,4438004,19.3,16.6,16.1,16.1,0.0,20.0,63,24.0,47.2,43,Rain: Moderate,0,0,
54969,2021-07-16 05:50:00,40.60646,-74.164345,0,0,Animals Action,4437306,32.3,23.2,0.3,0.3,0.0,3.0,51,12.3,33.1,238,Drizzle: Light,0,0,
54970,2021-07-15 08:33:00,40.74006,-73.789894,0,0,Following Too Closely,4437100,29.3,21.2,0.1,0.1,0.0,1.0,51,13.7,27.4,212,Drizzle: Light,0,0,
54971,2021-07-14 13:20:00,40.64209,-74.002686,0,0,Unspecified,4437325,30.6,21.5,0.8,0.8,0.0,3.0,53,14.5,36.0,191,Drizzle: Moderate,0,0,
54972,2021-07-15 14:58:00,40.639996,-73.982216,0,0,Unspecified,4437925,29.3,21.2,0.1,0.1,0.0,1.0,51,13.7,27.4,212,Drizzle: Light,0,0,
54973,2021-07-16 10:00:00,40.74017,-73.97615,0,0,Passing Too Closely,4437480,32.3,23.2,0.3,0.3,0.0,3.0,51,12.3,33.1,238,Drizzle: Light,0,0,
54974,2021-07-15 17:19:00,40.803844,-73.91444,1,0,Unspecified,4437348,29.3,21.2,0.1,0.1,0.0,1.0,51,13.7,27.4,212,Drizzle: Light,1,1,
54975,2021-07-15 12:25:00,40.66154,-73.98274,0,0,Unspecified,4437465,29.3,21.2,0.1,0.1,0.0,1.0,51,13.7,27.4,212,Drizzle: Light,0,0,
54976,2021-07-14 13:00:00,40.789623,-73.94007,1,0,Following Too Closely,4436859,30.6,21.5,0.8,0.8,0.0,3.0,53,14.5,36.0,191,Drizzle: Moderate,1,1,
54977,2021-07-15 09:55:00,40.84304,-73.865776,0,0,Unspecified,4437127,29.3,21.2,0.1,0.1,0.0,1.0,51,13.7,27.4,212,Drizzle: Light,0,0,
54978,2021-07-15 17:32:00,40.847317,-73.911476,0,0,Unsafe Speed,4438064,29.3,21.2,0.1,0.1,0.0,1.0,51,13.7,27.4,212,Drizzle: Light,0,0,
54979,2021-07-15 20:00:00,40.710667,-73.93361,1,0,Driver Inexperience,4437275,29.3,21.2,0.1,0.1,0.0,1.0,51,13.7,27.4,212,Drizzle: Light,1,1,
54980,2021-07-14 14:40:00,40.603203,-73.937584,1,0,Driver Inattention/Distraction,4437088,30.6,21.5,0.8,0.8,0.0,3.0,53,14.5,36.0,191,Drizzle: Moderate,1,1,
54981,2021-07-14 11:56:00,40.677498,-73.87149,0,0,Driver Inattention/Distraction,4436838,30.6,21.5,0.8,0.8,0.0,3.0,53,14.5,36.0,191,Drizzle: Moderate,0,0,
54982,2021-07-16 06:35:00,40.73673,-73.85625,0,0,Unsafe Lane Changing,4438029,32.3,23.2,0.3,0.3,0.0,3.0,51,12.3,33.1,238,Drizzle: Light,0,0,
54983,2021-07-15 14:30:00,40.845837,-73.892006,0,0,Driver Inattention/Distraction,4437438,29.3,21.2,0.1,0.1,0.0,1.0,51,13.7,27.4,212,Drizzle: Light,0,0,
54984,2021-07-16 13:05:00,40.834095,-73.94983,0,0,Unspecified,4438121,32.3,23.2,0.3,0.3,0.0,3.0,51,12.3,33.1,238,Drizzle: Light,0,0,
54985,2021-07-15 12:12:00,40.85192,-73.89694,1,0,View Obstructed/Limited,4437172,29.3,21.2,0.1,0.1,0.0,1.0,51,13.7,27.4,212,Drizzle: Light,1,1,
54986,2021-07-15 09:00:00,40.594894,-73.98677,1,0,Driver Inattention/Distraction,4437156,29.3,21.2,0.1,0.1,0.0,1.0,51,13.7,27.4,212,Drizzle: Light,1,1,
54987,2021-07-14 02:00:00,40.75468,-73.893745,0,0,Unspecified,4436793,30.6,21.5,0.8,0.8,0.0,3.0,53,14.5,36.0,191,Drizzle: Moderate,0,0,
54988,2021-07-10 10:27:00,40.71858,-73.802475,0,0,Following Too Closely,4437455,25.5,20.7,0.5,0.5,0.0,3.0,51,14.5,29.9,1,Drizzle: Light,0,0,
54989,2021-06-18 17:03:00,40.74557,-73.8658,1,0,Alcohol Involvement,4437989,27.4,13.8,0.0,0.0,0.0,0.0,3,20.5,40.3,210,Overcast,1,1,
54990,2021-07-15 19:07:00,40.71122,-73.72827,0,0,Following Too Closely,4437288,29.3,21.2,0.1,0.1,0.0,1.0,51,13.7,27.4,212,Drizzle: Light,0,0,
54991,2021-06-26 21:20:00,40.767647,-73.92078,1,0,Failure to Yield Right-of-Way,4438166,26.5,18.6,1.3,1.3,0.0,8.0,51,23.7,52.9,181,Drizzle: Light,1,1,
54992,2021-07-12 04:50:00,40.758354,-73.89441,0,0,Unspecified,4437406,28.6,22.0,9.7,9.7,0.0,12.0,63,12.0,31.7,107,Rain: Moderate,0,0,
54993,2021-07-12 09:30:00,40.72262,-73.901535,1,0,Following Too Closely,4437680,28.6,22.0,9.7,9.7,0.0,12.0,63,12.0,31.7,107,Rain: Moderate,1,1,
54994,2021-07-16 16:30:00,40.754974,-73.93106,0,0,View Obstructed/Limited,4437896,32.3,23.2,0.3,0.3,0.0,3.0,51,12.3,33.1,238,Drizzle: Light,0,0,
54995,2021-07-16 21:19:00,40.788357,-73.97453,0,0,Unsafe Speed,4437610,32.3,23.2,0.3,0.3,0.0,3.0,51,12.3,33.1,238,Drizzle: Light,0,0,
54996,2021-07-14 14:15:00,40.844982,-73.92067,0,0,Other Vehicular,4437334,30.6,21.5,0.8,0.8,0.0,3.0,53,14.5,36.0,191,Drizzle: Moderate,0,0,
54997,2021-07-15 14:10:00,40.793777,-73.9459,0,0,Other Vehicular,4437212,29.3,21.2,0.1,0.1,0.0,1.0,51,13.7,27.4,212,Drizzle: Light,0,0,
54998,2021-07-14 20:31:00,40.884277,-73.86243,1,0,Driver Inattention/Distraction,4437359,30.6,21.5,0.8,0.8,0.0,3.0,53,14.5,36.0,191,Drizzle: Moderate,1,1,
54999,2021-07-14 14:15:00,40.634464,-73.96319,0,0,Passenger Distraction,4437014,30.6,21.5,0.8,0.8,0.0,3.0,53,14.5,36.0,191,Drizzle: Moderate,0,0,
55000,2021-07-15 16:40:00,40.687183,-73.9766,1,0,Unspecified,4437251,29.3,21.2,0.1,0.1,0.0,1.0,51,13.7,27.4,212,Drizzle: Light,1,1,
55001,2021-07-14 01:17:00,40.862583,-73.90932,0,0,Unspecified,4436673,30.6,21.5,0.8,0.8,0.0,3.0,53,14.5,36.0,191,Drizzle: Moderate,0,0,
55002,2021-07-15 11:00:00,40.774654,-73.9541,0,0,Unspecified,4437314,29.3,21.2,0.1,0.1,0.0,1.0,51,13.7,27.4,212,Drizzle: Light,0,0,
55003,2021-07-14 18:00:00,40.689743,-73.90892,0,0,Steering Failure,4437058,30.6,21.5,0.8,0.8,0.0,3.0,53,14.5,36.0,191,Drizzle: Moderate,0,0,
55004,2021-07-11 06:00:00,40.737305,-73.858536,0,0,Driver Inattention/Distraction,4438005,24.9,19.8,2.5,2.5,0.0,9.0,53,15.8,35.3,141,Drizzle: Moderate,0,0,
55005,2021-07-14 06:45:00,40.768734,-73.89156,0,0,Unspecified,4437076,30.6,21.5,0.8,0.8,0.0,3.0,53,14.5,36.0,191,Drizzle: Moderate,0,0,
55006,2021-07-15 22:15:00,40.66851,-73.76626,0,0,Backing Unsafely,4437374,29.3,21.2,0.1,0.1,0.0,1.0,51,13.7,27.4,212,Drizzle: Light,0,0,
55007,2021-07-15 19:00:00,40.75829,-73.83431,0,0,Failure to Yield Right-of-Way,4437281,29.3,21.2,0.1,0.1,0.0,1.0,51,13.7,27.4,212,Drizzle: Light,0,0,
55008,2021-07-13 15:00:00,40.678047,-73.9847,0,0,Passing or Lane Usage Improper,4437391,25.0,20.8,2.4,2.4,0.0,12.0,53,13.0,26.3,84,Drizzle: Moderate,0,0,
55009,2021-07-14 15:11:00,40.71997,-73.992905,0,0,Passing Too Closely,4436972,30.6,21.5,0.8,0.8,0.0,3.0,53,14.5,36.0,191,Drizzle: Moderate,0,0,
55010,2021-07-15 10:00:00,40.737713,-73.85496,0,0,Driver Inattention/Distraction,4438011,29.3,21.2,0.1,0.1,0.0,1.0,51,13.7,27.4,212,Drizzle: Light,0,0,
55011,2021-07-14 11:57:00,40.61483,-73.99838,1,0,Driver Inattention/Distraction,4437184,30.6,21.5,0.8,0.8,0.0,3.0,53,14.5,36.0,191,Drizzle: Moderate,1,1,
55012,2021-07-15 11:20:00,40.689766,-73.8267,0,0,Passing or Lane Usage Improper,4437470,29.3,21.2,0.1,0.1,0.0,1.0,51,13.7,27.4,212,Drizzle: Light,0,0,
55013,2021-07-14 15:10:00,40.849106,-73.89495,0,0,Driver Inattention/Distraction,4438257,30.6,21.5,0.8,0.8,0.0,3.0,53,14.5,36.0,191,Drizzle: Moderate,0,0,
55014,2021-07-15 11:00:00,40.709827,-73.83983,1,0,Passing or Lane Usage Improper,4437507,29.3,21.2,0.1,0.1,0.0,1.0,51,13.7,27.4,212,Drizzle: Light,1,1,
55015,2021-07-10 00:03:00,40.670124,-73.95528,0,0,Driver Inattention/Distraction,4437946,25.5,20.7,0.5,0.5,0.0,3.0,51,14.5,29.9,1,Drizzle: Light,0,0,
55016,2021-07-13 14:29:00,40.72915,-73.999084,1,0,Backing Unsafely,4437792,25.0,20.8,2.4,2.4,0.0,12.0,53,13.0,26.3,84,Drizzle: Moderate,1,1,
55017,2021-07-11 18:05:00,40.729736,-73.833725,0,0,Unsafe Lane Changing,4437433,24.9,19.8,2.5,2.5,0.0,9.0,53,15.8,35.3,141,Drizzle: Moderate,0,0,
55018,2021-07-15 19:18:00,40.724964,-73.779076,0,0,Unspecified,4438051,29.3,21.2,0.1,0.1,0.0,1.0,51,13.7,27.4,212,Drizzle: Light,0,0,
55019,2021-07-11 04:20:00,40.711952,-73.86258,0,0,Unspecified,4437737,24.9,19.8,2.5,2.5,0.0,9.0,53,15.8,35.3,141,Drizzle: Moderate,0,0,
55020,2021-07-11 18:00:00,40.66167,-73.93727,1,0,Failure to Yield Right-of-Way,4437565,24.9,19.8,2.5,2.5,0.0,9.0,53,15.8,35.3,141,Drizzle: Moderate,1,1,
55021,2021-07-13 09:40:00,40.57686,-73.98266,0,0,Backing Unsafely,4437845,25.0,20.8,2.4,2.4,0.0,12.0,53,13.0,26.3,84,Drizzle: Moderate,0,0,
55022,2021-07-14 00:00:00,40.879578,-73.879,0,0,Backing Unsafely,4436997,30.6,21.5,0.8,0.8,0.0,3.0,53,14.5,36.0,191,Drizzle: Moderate,0,0,
55023,2021-07-16 10:35:00,40.617832,-74.08627,0,0,Unspecified,4437998,32.3,23.2,0.3,0.3,0.0,3.0,51,12.3,33.1,238,Drizzle: Light,0,0,
55024,2021-07-15 19:45:00,40.879467,-73.87518,1,0,Driver Inattention/Distraction,4437300,29.3,21.2,0.1,0.1,0.0,1.0,51,13.7,27.4,212,Drizzle: Light,1,1,
55025,2021-07-08 16:57:00,40.82034,-73.940025,0,0,Traffic Control Disregarded,4438222,28.3,21.3,15.2,15.2,0.0,12.0,63,16.9,48.2,125,Rain: Moderate,0,0,
55026,2021-07-05 03:40:00,40.731125,-74.004234,0,0,Driver Inattention/Distraction,4437448,26.4,17.3,0.7,0.7,0.0,2.0,53,18.8,34.6,142,Drizzle: Moderate,0,0,
55027,2021-07-10 23:40:00,40.717678,-73.81713,1,0,Driver Inattention/Distraction,4437428,25.5,20.7,0.5,0.5,0.0,3.0,51,14.5,29.9,1,Drizzle: Light,1,1,
55028,2021-07-14 23:30:00,40.75372,-73.83283,0,0,Failure to Yield Right-of-Way,4437709,30.6,21.5,0.8,0.8,0.0,3.0,53,14.5,36.0,191,Drizzle: Moderate,0,0,
55029,2021-07-16 19:15:00,40.74209,-73.854324,1,0,Driver Inattention/Distraction,4438076,32.3,23.2,0.3,0.3,0.0,3.0,51,12.3,33.1,238,Drizzle: Light,1,1,
55030,2021-07-15 17:12:00,40.75529,-73.90847,1,0,Turning Improperly,4437889,29.3,21.2,0.1,0.1,0.0,1.0,51,13.7,27.4,212,Drizzle: Light,1,1,
55031,2021-07-13 16:57:00,0.0,0.0,0,0,Backing Unsafely,4437905,25.0,20.8,2.4,2.4,0.0,12.0,53,13.0,26.3,84,Drizzle: Moderate,0,0,
55032,2021-07-14 23:19:00,40.88288,-73.8632,0,0,Unsafe Speed,4437365,30.6,21.5,0.8,0.8,0.0,3.0,53,14.5,36.0,191,Drizzle: Moderate,0,0,
55033,2021-07-15 14:30:00,40.758038,-73.942024,0,0,Unspecified,4437460,29.3,21.2,0.1,0.1,0.0,1.0,51,13.7,27.4,212,Drizzle: Light,0,0,
55034,2021-07-03 02:00:00,40.652878,-73.919815,0,0,Backing Unsafely,4438137,19.3,16.6,16.1,16.1,0.0,20.0,63,24.0,47.2,43,Rain: Moderate,0,0,
55035,2021-07-03 22:20:00,40.713814,-73.92058,1,0,Passing or Lane Usage Improper,4437672,19.3,16.6,16.1,16.1,0.0,20.0,63,24.0,47.2,43,Rain: Moderate,1,1,
55036,2021-07-15 19:00:00,40.66768,-73.961815,0,0,Unsafe Speed,4437561,29.3,21.2,0.1,0.1,0.0,1.0,51,13.7,27.4,212,Drizzle: Light,0,0,
55037,2021-07-13 12:30:00,40.728798,-73.73231,0,0,Unspecified,4437757,25.0,20.8,2.4,2.4,0.0,12.0,53,13.0,26.3,84,Drizzle: Moderate,0,0,
55038,2021-06-30 19:15:00,40.830914,-73.92047,1,0,Unsafe Speed,4437492,35.2,24.9,0.1,0.1,0.0,1.0,51,20.6,37.1,246,Drizzle: Light,1,1,
55039,2021-07-15 22:00:00,40.711414,-73.77414,0,0,Driver Inattention/Distraction,4438281,29.3,21.2,0.1,0.1,0.0,1.0,51,13.7,27.4,212,Drizzle: Light,0,0,
55040,2021-07-12 16:33:00,40.78228,-73.914604,1,0,Unspecified,4437884,28.6,22.0,9.7,9.7,0.0,12.0,63,12.0,31.7,107,Rain: Moderate,1,1,
55041,2021-07-16 14:10:00,40.815643,-73.954315,0,0,Unspecified,4438033,32.3,23.2,0.3,0.3,0.0,3.0,51,12.3,33.1,238,Drizzle: Light,0,0,
55042,2021-07-14 17:20:00,40.7631,-73.99296,0,0,Driver Inattention/Distraction,4437068,30.6,21.5,0.8,0.8,0.0,3.0,53,14.5,36.0,191,Drizzle: Moderate,0,0,
55043,2021-07-14 05:40:00,40.706245,-73.89801,0,0,Fell Asleep,4436914,30.6,21.5,0.8,0.8,0.0,3.0,53,14.5,36.0,191,Drizzle: Moderate,0,0,
55044,2021-07-14 18:00:00,40.83411,-73.86336,0,0,Reaction to Uninvolved Vehicle,4437121,30.6,21.5,0.8,0.8,0.0,3.0,53,14.5,36.0,191,Drizzle: Moderate,0,0,
55045,2021-07-15 08:50:00,40.879543,-73.87221,0,0,Driver Inattention/Distraction,4437196,29.3,21.2,0.1,0.1,0.0,1.0,51,13.7,27.4,212,Drizzle: Light,0,0,
55046,2021-07-16 08:50:00,40.647217,-73.91609,0,0,Accelerator Defective,4438103,32.3,23.2,0.3,0.3,0.0,3.0,51,12.3,33.1,238,Drizzle: Light,0,0,