,CRASH DATETIME,LATITUDE,LONGITUDE,NUMBER OF PERSONS INJURED,NUMBER OF PERSONS KILLED,CONTRIBUTING FACTOR VEHICLE 1,COLLISION_ID,temperature_2m_max,temperature_2m_min,precipitation_sum,rain_sum,snowfall_sum,precipitation_hours,weather_code,wind_speed_10m_max,wind_gusts_10m_max,wind_direction_10m_dominant,Weather Description,Severity_Score,Total_Affected_Persons,Weather_Category
55047,2021-07-14 19:46:00,40.66705,-73.77417,1,0,Following Too Closely,4436950,30.6,21.5,0.8,0.8,0.0,3.0,53,14.5,36.0,191,Drizzle: Moderate,1,1,
55048,2021-07-14 16:57:00,40.776295,-73.98215,0,0,Driver Inattention/Distraction,4436943,30.6,21.5,0.8,0.8,0.0,3.0,53,14.5,36.0,191,Drizzle: Moderate,0,0,
55049,2021-07-15 09:11:00,40.66303,-73.991684,0,0,Unspecified,4437142,29.3,21.2,0.1,0.1,0.0,1.0,51,13.7,27.4,212,Drizzle: Light,0,0,
55050,2021-07-15 17:00:00,40.75399,-73.90031,0,0,Driver Inattention/Distraction,4437292,29.3,21.2,0.1,0.1,0.0,1.0,51,13.7,27.4,212,Drizzle: Light,0,0,
55051,2021-07-05 21:57:00,40.57629,-73.968544,0,0,Other Vehicular,4437839,26.4,17.3,0.7,0.7,0.0,2.0,53,18.8,34.6,142,Drizzle: Moderate,0,0,
55052,2021-07-14 21:57:00,40.817795,-73.89319,1,0,Unspecified,4437475,30.6,21.5,0.8,0.8,0.0,3.0,53,14.5,36.0,191,Drizzle: Moderate,1,1,
55053,2021-07-16 13:00:00,40.73261,-73.8686,0,0,Following Too Closely,4437534,32.3,23.2,0.3,0.3,0.0,3.0,51,12.3,33.1,238,Drizzle: Light,0,0,
55054,2021-07-15 06:54:00,40.840786,-73.9232,0,0,Driver Inexperience,4437402,29.3,21.2,0.1,0.1,0.0,1.0,51,13.7,27.4,212,Drizzle: Light,0,0,
55055,2021-07-10 10:37:00,40.730892,-73.88816,0,0,Passing or Lane Usage Improper,4437687,25.5,20.7,0.5,0.5,0.0,3.0,51,14.5,29.9,1,Drizzle: Light,0,0,
55056,2021-07-15 00:44:00,40.713924,-73.96714,0,0,Unspecified,4437267,29.3,21.2,0.1,0.1,0.0,1.0,51,13.7,27.4,212,Drizzle: Light,0,0,
55057,2021-07-15 07:20:00,40.66626,-73.99596,0,0,Driver Inattention/Distraction,4437238,29.3,21.2,0.1,0.1,0.0,1.0,51,13.7,27.4,212,Drizzle: Light,0,0,
55058,2021-07-12 00:10:00,40.836506,-73.928856,0,0,Driver Inexperience,4437355,28.6,22.0,9.7,9.7,0.0,12.0,63,12.0,31.7,107,Rain: Moderate,0,0,
55059,2021-07-14 20:00:00,40.751835,-73.869774,0,0,Unspecified,4437519,30.6,21.5,0.8,0.8,0.0,3.0,53,14.5,36.0,191,Drizzle: Moderate,0,0,
55060,2021-07-08 15:30:00,40.73833,-73.8499,1,0,Driver Inattention/Distraction,4438007,28.3,21.3,15.2,15.2,0.0,12.0,63,16.9,48.2,125,Rain: Moderate,1,1,
55061,2021-07-15 12:51:00,40.841618,-73.84337,0,0,Unspecified,4437370,29.3,21.2,0.1,0.1,0.0,1.0,51,13.7,27.4,212,Drizzle: Light,0,0,
55062,2021-07-14 13:00:00,40.760796,-73.92966,1,0,Unspecified,4437049,30.6,21.5,0.8,0.8,0.0,3.0,53,14.5,36.0,191,Drizzle: Moderate,1,1,
55063,2021-07-15 00:00:00,40.586376,-73.9479,1,0,Unspecified,4437502,29.3,21.2,0.1,0.1,0.0,1.0,51,13.7,27.4,212,Drizzle: Light,1,1,
55064,2021-07-15 20:04:00,40.872993,-73.85267,0,0,Unspecified,4437387,29.3,21.2,0.1,0.1,0.0,1.0,51,13.7,27.4,212,Drizzle: Light,0,0,
55065,2021-07-14 17:32:00,40.68174,-73.95859,0,0,Driver Inattention/Distraction,4436977,30.6,21.5,0.8,0.8,0.0,3.0,53,14.5,36.0,191,Drizzle: Moderate,0,0,
55066,2021-07-15 18:22:00,40.705772,-74.00887,0,0,Passing Too Closely,4437340,29.3,21.2,0.1,0.1,0.0,1.0,51,13.7,27.4,212,Drizzle: Light,0,0,
55067,2021-07-09 22:22:00,40.658367,-73.90881,0,0,Driver Inattention/Distraction,4437784,29.8,22.0,35.0,35.0,0.0,14.0,63,31.0,55.8,341,Rain: Moderate,0,0,
55068,2021-07-16 16:00:00,40.592667,-73.78353,0,0,Unspecified,4437580,32.3,23.2,0.3,0.3,0.0,3.0,51,12.3,33.1,238,Drizzle: Light,0,0,
55069,2021-07-15 14:17:00,40.606865,-74.08805,0,0,Traffic Control Disregarded,4437218,29.3,21.2,0.1,0.1,0.0,1.0,51,13.7,27.4,212,Drizzle: Light,0,0,
55070,2021-07-16 19:30:00,40.636826,-74.011765,1,0,Driver Inattention/Distraction,4437961,32.3,23.2,0.3,0.3,0.0,3.0,51,12.3,33.1,238,Drizzle: Light,1,1,
55071,2021-07-14 09:30:00,40.673107,-73.99959,1,0,Passing or Lane Usage Improper,4437604,30.6,21.5,0.8,0.8,0.0,3.0,53,14.5,36.0,191,Drizzle: Moderate,1,1,
55072,2021-07-14 15:19:00,40.696667,-73.88682,0,0,Following Too Closely,4437743,30.6,21.5,0.8,0.8,0.0,3.0,53,14.5,36.0,191,Drizzle: Moderate,0,0,
55073,2021-06-29 08:01:00,40.63555,-73.97803,0,0,Passing Too Closely,4437930,33.4,24.0,0.7,0.7,0.0,4.0,51,19.5,40.0,231,Drizzle: Light,0,0,
55074,2021-07-16 13:32:00,40.750317,-73.99112,0,0,Passing or Lane Usage Improper,4437814,32.3,23.2,0.3,0.3,0.0,3.0,51,12.3,33.1,238,Drizzle: Light,0,0,
55075,2021-07-16 16:46:00,40.74457,-73.731575,1,0,Driver Inattention/Distraction,4437524,32.3,23.2,0.3,0.3,0.0,3.0,51,12.3,33.1,238,Drizzle: Light,1,1,
55076,2021-07-14 14:45:00,40.67663,-73.7555,1,0,Unspecified,4437225,30.6,21.5,0.8,0.8,0.0,3.0,53,14.5,36.0,191,Drizzle: Moderate,1,1,
55077,2021-07-16 10:00:00,40.65575,-73.91975,0,0,Unspecified,4437664,32.3,23.2,0.3,0.3,0.0,3.0,51,12.3,33.1,238,Drizzle: Light,0,0,
55078,2021-07-15 16:00:00,40.694107,-73.863144,1,0,Traffic Control Disregarded,4437529,29.3,21.2,0.1,0.1,0.0,1.0,51,13.7,27.4,212,Drizzle: Light,1,1,
55079,2021-07-15 19:15:00,40.604443,-73.94848,0,0,Passing or Lane Usage Improper,4437487,29.3,21.2,0.1,0.1,0.0,1.0,51,13.7,27.4,212,Drizzle: Light,0,0,
55080,2021-07-16 05:15:00,40.73826,-73.79895,0,0,Unspecified,4437397,32.3,23.2,0.3,0.3,0.0,3.0,51,12.3,33.1,238,Drizzle: Light,0,0,
55081,2021-07-15 07:55:00,40.71813,-74.00014,0,0,Passing Too Closely,4437857,29.3,21.2,0.1,0.1,0.0,1.0,51,13.7,27.4,212,Drizzle: Light,0,0,
55082,2021-07-14 18:00:00,40.67889,-73.92221,1,0,Driver Inexperience,4437243,30.6,21.5,0.8,0.8,0.0,3.0,53,14.5,36.0,191,Drizzle: Moderate,1,1,
55083,2021-07-16 21:36:00,40.689476,-73.82769,0,0,Aggressive Driving/Road Rage,4438210,32.3,23.2,0.3,0.3,0.0,3.0,51,12.3,33.1,238,Drizzle: Light,0,0,
55084,2021-07-14 14:57:00,40.76734,-73.96868,0,0,Unsafe Lane Changing,4437003,30.6,21.5,0.8,0.8,0.0,3.0,53,14.5,36.0,191,Drizzle: Moderate,0,0,
55085,2021-10-29 17:50:00,40.608776,-74.09113,2,0,Traffic Control Disregarded,4472175,13.8,8.3,9.3,9.3,0.0,5.0,63,40.9,73.8,78,Rain: Moderate,2,2,
55086,2021-10-28 08:09:00,40.82466,-73.870804,0,0,Unspecified,4471715,15.2,7.9,0.0,0.0,0.0,0.0,3,19.1,34.6,28,Overcast,0,0,
55087,2021-10-28 21:14:00,40.86927,-73.84393,0,0,Driver Inattention/Distraction,4472415,15.2,7.9,0.0,0.0,0.0,0.0,3,19.1,34.6,28,Overcast,0,0,
55088,2021-10-28 07:05:00,40.69309,-73.94296,1,0,Unsafe Speed,4472549,15.2,7.9,0.0,0.0,0.0,0.0,3,19.1,34.6,28,Overcast,1,1,
55089,2021-10-28 15:02:00,40.724842,-73.93963,0,0,Passing Too Closely,4471975,15.2,7.9,0.0,0.0,0.0,0.0,3,19.1,34.6,28,Overcast,0,0,
55090,2021-10-29 08:20:00,40.6255,-74.152145,0,0,Driver Inattention/Distraction,4472109,13.8,8.3,9.3,9.3,0.0,5.0,63,40.9,73.8,78,Rain: Moderate,0,0,
55091,2021-10-27 21:55:00,40.737537,-73.929955,1,0,Alcohol Involvement,4471606,16.1,12.2,6.6,6.6,0.0,6.0,61,33.3,63.0,359,Rain: Light,1,1,
55092,2021-10-29 20:10:00,40.694,-73.92351,0,0,Unspecified,4472205,13.8,8.3,9.3,9.3,0.0,5.0,63,40.9,73.8,78,Rain: Moderate,0,0,
55093,2021-10-29 19:09:00,40.859352,-73.872345,0,0,Reaction to Uninvolved Vehicle,4472245,13.8,8.3,9.3,9.3,0.0,5.0,63,40.9,73.8,78,Rain: Moderate,0,0,
55094,2021-10-29 18:30:00,40.82099,-73.89589,1,0,Failure to Yield Right-of-Way,4472653,13.8,8.3,9.3,9.3,0.0,5.0,63,40.9,73.8,78,Rain: Moderate,1,1,
55095,2021-10-27 18:12:00,40.75907,-73.99621,0,0,Passing or Lane Usage Improper,4472387,16.1,12.2,6.6,6.6,0.0,6.0,61,33.3,63.0,359,Rain: Light,0,0,
55096,2021-10-28 15:40:00,40.618725,-73.9895,2,0,Unspecified,4472475,15.2,7.9,0.0,0.0,0.0,0.0,3,19.1,34.6,28,Overcast,2,2,
55097,2021-10-28 14:30:00,40.747704,-73.99067,1,0,Pedestrian/Bicyclist/Other Pedestrian Error/Confusion,4472581,15.2,7.9,0.0,0.0,0.0,0.0,3,19.1,34.6,28,Overcast,1,1,
55098,2021-10-27 18:00:00,40.730885,-73.87165,0,0,Failure to Yield Right-of-Way,4471626,16.1,12.2,6.6,6.6,0.0,6.0,61,33.3,63.0,359,Rain: Light,0,0,
55099,2021-10-28 12:33:00,40.806942,-73.92371,0,0,Unspecified,4471944,15.2,7.9,0.0,0.0,0.0,0.0,3,19.1,34.6,28,Overcast,0,0,
55100,2021-10-28 12:21:00,40.642685,-73.99122,0,0,Driver Inattention/Distraction,4471957,15.2,7.9,0.0,0.0,0.0,0.0,3,19.1,34.6,28,Overcast,0,0,
55101,2021-10-27 15:29:00,40.844112,-73.865715,1,0,Illnes,4471738,16.1,12.2,6.6,6.6,0.0,6.0,61,33.3,63.0,359,Rain: Light,1,1,
55102,2021-10-26 12:00:00,40.585804,-74.08756,0,0,Passing or Lane Usage Improper,4472065,16.9,13.8,84.5,84.5,0.0,17.0,65,28.7,53.6,87,Rain: Heavy,0,0,
55103,2021-10-27 16:37:00,40.851757,-73.88473,1,0,Driver Inattention/Distraction,4471669,16.1,12.2,6.6,6.6,0.0,6.0,61,33.3,63.0,359,Rain: Light,1,1,
55104,2021-10-28 20:19:00,40.75734,-73.98602,1,0,Unspecified,4472608,15.2,7.9,0.0,0.0,0.0,0.0,3,19.1,34.6,28,Overcast,1,1,
55105,2021-10-24 15:50:00,40.711422,-73.946144,1,0,Passenger Distraction,4472829,15.5,7.6,0.7,0.7,0.0,1.0,53,13.0,23.8,248,Drizzle: Moderate,1,1,
55106,2021-10-29 21:10:00,40.698303,-73.76536,1,0,Failure to Yield Right-of-Way,4472164,13.8,8.3,9.3,9.3,0.0,5.0,63,40.9,73.8,78,Rain: Moderate,1,1,
55107,2021-10-29 18:45:00,40.846657,-73.85944,0,0,Driver Inattention/Distraction,4472271,13.8,8.3,9.3,9.3,0.0,5.0,63,40.9,73.8,78,Rain: Moderate,0,0,
55108,2021-10-27 13:18:00,40.641644,-73.93512,0,0,Unsafe Speed,4472695,16.1,12.2,6.6,6.6,0.0,6.0,61,33.3,63.0,359,Rain: Light,0,0,
55109,2021-10-28 00:50:00,40.757145,-73.93943,0,0,Unspecified,4471722,15.2,7.9,0.0,0.0,0.0,0.0,3,19.1,34.6,28,Overcast,0,0,
55110,2021-10-28 16:00:00,40.607952,-73.96097,3,0,Aggressive Driving/Road Rage,4472026,15.2,7.9,0.0,0.0,0.0,0.0,3,19.1,34.6,28,Overcast,3,3,
55111,2021-10-27 16:10:00,40.607338,-73.96189,1,0,Failure to Yield Right-of-Way,4471516,16.1,12.2,6.6,6.6,0.0,6.0,61,33.3,63.0,359,Rain: Light,1,1,
55112,2021-10-28 00:00:00,40.746044,-73.727516,0,0,Unspecified,4471582,15.2,7.9,0.0,0.0,0.0,0.0,3,19.1,34.6,28,Overcast,0,0,
55113,2021-10-29 11:00:00,40.720306,-73.98912,1,0,Pedestrian/Bicyclist/Other Pedestrian Error/Confusion,4472232,13.8,8.3,9.3,9.3,0.0,5.0,63,40.9,73.8,78,Rain: Moderate,1,1,
55114,2021-10-28 14:30:00,40.739082,-73.79345,0,0,Driver Inattention/Distraction,4471876,15.2,7.9,0.0,0.0,0.0,0.0,3,19.1,34.6,28,Overcast,0,0,
55115,2021-10-28 20:40:00,40.75595,-73.99074,0,0,Driver Inattention/Distraction,4472523,15.2,7.9,0.0,0.0,0.0,0.0,3,19.1,34.6,28,Overcast,0,0,
55116,2021-10-29 22:00:00,40.67801,-73.8161,1,0,Failure to Yield Right-of-Way,4472755,13.8,8.3,9.3,9.3,0.0,5.0,63,40.9,73.8,78,Rain: Moderate,1,1,
55117,2021-10-28 14:40:00,40.69365,-73.98333,1,0,Unspecified,4471925,15.2,7.9,0.0,0.0,0.0,0.0,3,19.1,34.6,28,Overcast,1,1,
55118,2021-10-27 20:30:00,40.659336,-73.92726,0,0,Unspecified,4471661,16.1,12.2,6.6,6.6,0.0,6.0,61,33.3,63.0,359,Rain: Light,0,0,
55119,2021-10-27 06:45:00,40.756947,-73.866455,0,0,Unspecified,4471804,16.1,12.2,6.6,6.6,0.0,6.0,61,33.3,63.0,359,Rain: Light,0,0,
55120,2021-10-27 15:25:00,40.683243,-73.72587,1,0,Aggressive Driving/Road Rage,4471883,16.1,12.2,6.6,6.6,0.0,6.0,61,33.3,63.0,359,Rain: Light,1,1,
55121,2021-10-28 17:05:00,40.674465,-73.97547,1,0,Pedestrian/Bicyclist/Other Pedestrian Error/Confusion,4472053,15.2,7.9,0.0,0.0,0.0,0.0,3,19.1,34.6,28,Overcast,1,1,
55122,2021-10-27 15:05:00,40.65021,-74.01577,1,0,Reaction to Uninvolved Vehicle,4471530,16.1,12.2,6.6,6.6,0.0,6.0,61,33.3,63.0,359,Rain: Light,1,1,
55123,2021-10-28 10:35:00,40.598553,-73.997345,0,0,Driver Inattention/Distraction,4471915,15.2,7.9,0.0,0.0,0.0,0.0,3,19.1,34.6,28,Overcast,0,0,
55124,2021-10-27 23:30:00,40.70253,-73.813896,0,0,Alcohol Involvement,4471561,16.1,12.2,6.6,6.6,0.0,6.0,61,33.3,63.0,359,Rain: Light,0,0,
55125,2021-10-27 16:25:00,40.63532,-74.02324,0,0,Driver Inattention/Distraction,4471847,16.1,12.2,6.6,6.6,0.0,6.0,61,33.3,63.0,359,Rain: Light,0,0,
55126,2021-10-27 08:20:00,40.78956,-73.97737,0,0,Unsafe Speed,4471457,16.1,12.2,6.6,6.6,0.0,6.0,61,33.3,63.0,359,Rain: Light,0,0,
55127,2021-10-29 11:36:00,40.8398,-73.88125,1,0,Driver Inattention/Distraction,4472899,13.8,8.3,9.3,9.3,0.0,5.0,63,40.9,73.8,78,Rain: Moderate,1,1,
55128,2021-10-29 00:00:00,40.707047,-74.01745,0,0,Following Too Closely,4472097,13.8,8.3,9.3,9.3,0.0,5.0,63,40.9,73.8,78,Rain: Moderate,0,0,
55129,2021-10-28 06:22:00,40.712124,-73.934265,1,0,Unsafe Lane Changing,4471677,15.2,7.9,0.0,0.0,0.0,0.0,3,19.1,34.6,28,Overcast,1,1,
55130,2021-10-29 18:10:00,40.604767,-73.99088,1,0,Failure to Yield Right-of-Way,4472480,13.8,8.3,9.3,9.3,0.0,5.0,63,40.9,73.8,78,Rain: Moderate,1,1,
55131,2021-10-27 11:16:00,40.766666,-73.96707,1,0,Driver Inattention/Distraction,4472554,16.1,12.2,6.6,6.6,0.0,6.0,61,33.3,63.0,359,Rain: Light,1,1,
55132,2021-10-27 14:00:00,40.828053,-73.88303,0,0,Unspecified,4471709,16.1,12.2,6.6,6.6,0.0,6.0,61,33.3,63.0,359,Rain: Light,0,0,
55133,2021-10-28 20:20:00,40.75303,-73.92163,1,0,Driver Inattention/Distraction,4472212,15.2,7.9,0.0,0.0,0.0,0.0,3,19.1,34.6,28,Overcast,1,1,
55134,2021-10-28 15:01:00,40.828293,-73.861725,0,0,Unspecified,4472048,15.2,7.9,0.0,0.0,0.0,0.0,3,19.1,34.6,28,Overcast,0,0,
55135,2021-10-29 03:06:00,40.766357,-73.7811,0,0,Unsafe Speed,4471920,13.8,8.3,9.3,9.3,0.0,5.0,63,40.9,73.8,78,Rain: Moderate,0,0,
55136,2021-10-28 15:15:00,40.755745,-73.943115,2,0,Unsafe Lane Changing,4471981,15.2,7.9,0.0,0.0,0.0,0.0,3,19.1,34.6,28,Overcast,2,2,
55137,2021-10-28 11:07:00,40.73715,-73.930824,0,0,Driver Inattention/Distraction,4471767,15.2,7.9,0.0,0.0,0.0,0.0,3,19.1,34.6,28,Overcast,0,0,
55138,2021-10-29 00:00:00,40.825165,-73.86699,1,0,Unspecified,4472282,13.8,8.3,9.3,9.3,0.0,5.0,63,40.9,73.8,78,Rain: Moderate,1,1,
55139,2021-10-28 09:06:00,40.628338,-73.95689,2,0,Turning Improperly,4471837,15.2,7.9,0.0,0.0,0.0,0.0,3,19.1,34.6,28,Overcast,2,2,
55140,2021-10-29 22:00:00,40.615837,-74.08473,0,0,Unspecified,4472643,13.8,8.3,9.3,9.3,0.0,5.0,63,40.9,73.8,78,Rain: Moderate,0,0,
55141,2021-10-27 18:43:00,40.59832,-73.996994,1,0,Unspecified,4471601,16.1,12.2,6.6,6.6,0.0,6.0,61,33.3,63.0,359,Rain: Light,1,1,
55142,2021-10-28 15:05:00,40.64957,-73.93887,0,0,Driver Inattention/Distraction,4471820,15.2,7.9,0.0,0.0,0.0,0.0,3,19.1,34.6,28,Overcast,0,0,
55143,2021-10-27 13:20:00,40.736336,-73.857574,1,0,Unspecified,4471622,16.1,12.2,6.6,6.6,0.0,6.0,61,33.3,63.0,359,Rain: Light,1,1,
55144,2021-10-29 09:00:00,40.758377,-73.994385,0,0,Following Too Closely,4472119,13.8,8.3,9.3,9.3,0.0,5.0,63,40.9,73.8,78,Rain: Moderate,0,0,
55145,2021-10-28 21:40:00,40.68688,-73.73807,0,0,Driver Inattention/Distraction,4471948,15.2,7.9,0.0,0.0,0.0,0.0,3,19.1,34.6,28,Overcast,0,0,
55146,2021-10-29 20:10:00,40.747066,-73.97925,0,0,Driver Inattention/Distraction,4472181,13.8,8.3,9.3,9.3,0.0,5.0,63,40.9,73.8,78,Rain: Moderate,0,0,
55147,2021-10-28 09:16:00,40.753475,-73.99254,0,0,Unsafe Lane Changing,4472586,15.2,7.9,0.0,0.0,0.0,0.0,3,19.1,34.6,28,Overcast,0,0,
55148,2021-10-27 15:37:00,40.70163,-73.989685,3,0,Unspecified,4471570,16.1,12.2,6.6,6.6,0.0,6.0,61,33.3,63.0,359,Rain: Light,3,3,
55149,2021-10-27 15:40:00,40.623398,-73.9911,0,0,Unspecified,4471953,16.1,12.2,6.6,6.6,0.0,6.0,61,33.3,63.0,359,Rain: Light,0,0,
55150,2021-10-29 02:50:00,40.844624,-73.88422,1,0,Alcohol Involvement,4472847,13.8,8.3,9.3,9.3,0.0,5.0,63,40.9,73.8,78,Rain: Moderate,1,1,
55151,2021-10-29 10:40:00,40.660103,-73.731514,0,0,Backing Unsafely,4472085,13.8,8.3,9.3,9.3,0.0,5.0,63,40.9,73.8,78,Rain: Moderate,0,0,
55152,2021-10-29 13:53:00,40.731815,-73.8713,0,0,Driver Inattention/Distraction,4472227,13.8,8.3,9.3,9.3,0.0,5.0,63,40.9,73.8,78,Rain: Moderate,0,0,
55153,2021-10-29 19:05:00,40.575935,-74.00543,1,0,Failure to Yield Right-of-Way,4472514,13.8,8.3,9.3,9.3,0.0,5.0,63,40.9,73.8,78,Rain: Moderate,1,1,
55154,2021-10-27 14:25:00,40.67489,-73.884544,0,0,Driver Inattention/Distraction,4471655,16.1,12.2,6.6,6.6,0.0,6.0,61,33.3,63.0,359,Rain: Light,0,0,
55155,2021-10-28 05:27:00,40.68039,-73.94956,1,0,Driver Inattention/Distraction,4472002,15.2,7.9,0.0,0.0,0.0,0.0,3,19.1,34.6,28,Overcast,1,1,
55156,2021-10-28 23:50:00,40.714493,-73.759865,0,0,Turning Improperly,4472359,15.2,7.9,0.0,0.0,0.0,0.0,3,19.1,34.6,28,Overcast,0,0,
55157,2021-10-28 11:45:00,40.745598,-73.73504,0,0,Driver Inattention/Distraction,4471872,15.2,7.9,0.0,0.0,0.0,0.0,3,19.1,34.6,28,Overcast,0,0,
55158,2021-10-27 18:33:00,40.785904,-73.80029,0,0,Following Too Closely,4471537,16.1,12.2,6.6,6.6,0.0,6.0,61,33.3,63.0,359,Rain: Light,0,0,
55159,2021-10-29 19:30:00,40.768246,-73.982346,0,0,Driver Inattention/Distraction,4472266,13.8,8.3,9.3,9.3,0.0,5.0,63,40.9,73.8,78,Rain: Moderate,0,0,
55160,2021-10-29 00:05:00,40.682453,-73.88723,1,0,Failure to Yield Right-of-Way,4472751,13.8,8.3,9.3,9.3,0.0,5.0,63,40.9,73.8,78,Rain: Moderate,1,1,
55161,2021-10-26 22:50:00,40.67681,-73.91924,1,0,Unspecified,4472368,16.9,13.8,84.5,84.5,0.0,17.0,65,28.7,53.6,87,Rain: Heavy,1,1,
55162,2021-10-29 09:37:00,40.822838,-73.928764,1,0,Unspecified,4472437,13.8,8.3,9.3,9.3,0.0,5.0,63,40.9,73.8,78,Rain: Moderate,1,1,
55163,2021-10-28 09:00:00,40.601273,-74.13285,0,0,Reaction to Uninvolved Vehicle,4471791,15.2,7.9,0.0,0.0,0.0,0.0,3,19.1,34.6,28,Overcast,0,0,
55164,2021-10-27 16:30:00,40.7179,-73.83202,0,0,Following Too Closely,4471888,16.1,12.2,6.6,6.6,0.0,6.0,61,33.3,63.0,359,Rain: Light,0,0,
55165,2021-10-29 07:05:00,40.68342,-73.97545,0,0,Backing Unsafely,4472058,13.8,8.3,9.3,9.3,0.0,5.0,63,40.9,73.8,78,Rain: Moderate,0,0,
55166,2021-10-27 20:11:00,40.742786,-73.88264,0,0,Driver Inattention/Distraction,4471633,16.1,12.2,6.6,6.6,0.0,6.0,61,33.3,63.0,359,Rain: Light,0,0,
55167,2021-07-17 11:00:00,40.71736,-73.9064,0,0,Unspecified,4437739,30.8,23.3,5.1,5.1,0.0,5.0,61,17.8,36.4,201,Rain: Light,0,0,
55168,2021-10-21 16:30:00,40.684624,-73.93838,1,0,Passenger Distraction,4472001,22.9,12.0,0.0,0.0,0.0,0.0,3,17.0,31.7,207,Overcast,1,1,
55169,2021-10-27 15:45:00,40.667736,-73.75442,1,0,Traffic Control Disregarded,4471577,16.1,12.2,6.6,6.6,0.0,6.0,61,33.3,63.0,359,Rain: Light,1,1,
55170,2021-10-27 20:00:00,40.749176,-73.86295,1,0,Driver Inexperience,4471635,16.1,12.2,6.6,6.6,0.0,6.0,61,33.3,63.0,359,Rain: Light,1,1,
55171,2021-10-27 00:00:00,40.638878,-74.01519,0,0,Unspecified,4472308,16.1,12.2,6.6,6.6,0.0,6.0,61,33.3,63.0,359,Rain: Light,0,0,
55172,2021-10-28 20:05:00,40.812073,-73.93604,0,0,Reaction to Uninvolved Vehicle,4472016,15.2,7.9,0.0,0.0,0.0,0.0,3,19.1,34.6,28,Overcast,0,0,
55173,2021-10-27 12:37:00,40.70532,-73.93526,0,0,Passing or Lane Usage Improper,4471613,16.1,12.2,6.6,6.6,0.0,6.0,61,33.3,63.0,359,Rain: Light,0,0,
55174,2021-10-27 19:30:00,40.66336,-73.95975,2,0,Driver Inattention/Distraction,4471826,16.1,12.2,6.6,6.6,0.0,6.0,61,33.3,63.0,359,Rain: Light,2,2,
55175,2021-10-27 02:50:00,40.711006,-73.729675,1,0,Fatigued/Drowsy,4471246,16.1,12.2,6.6,6.6,0.0,6.0,61,33.3,63.0,359,Rain: Light,1,1,
55176,2021-10-28 09:20:00,40.625786,-73.92832,1,0,Driver Inattention/Distraction,4471852,15.2,7.9,0.0,0.0,0.0,0.0,3,19.1,34.6,28,Overcast,1,1,
55177,2021-10-28 09:12:00,40.65249,-73.95267,0,0,Passing or Lane Usage Improper,4472691,15.2,7.9,0.0,0.0,0.0,0.0,3,19.1,34.6,28,Overcast,0,0,
55178,2021-10-28 20:30:00,40.680016,-73.87743,0,0,Unspecified,4471910,15.2,7.9,0.0,0.0,0.0,0.0,3,19.1,34.6,28,Overcast,0,0,
55179,2021-10-27 20:56:00,40.77029,-73.81732,0,0,Passing or Lane Usage Improper,4471556,16.1,12.2,6.6,6.6,0.0,6.0,61,33.3,63.0,359,Rain: Light,0,0,
55180,2021-10-27 12:00:00,40.705517,-73.86688,0,0,Unspecified,4471755,16.1,12.2,6.6,6.6,0.0,6.0,61,33.3,63.0,359,Rain: Light,0,0,
55181,2021-10-28 15:53:00,40.679005,-73.86423,1,0,,4471904,15.2,7.9,0.0,0.0,0.0,0.0,3,19.1,34.6,28,Overcast,1,1,
55182,2021-10-28 09:55:00,40.726967,-73.85375,3,0,Driver Inattention/Distraction,4471887,15.2,7.9,0.0,0.0,0.0,0.0,3,19.1,34.6,28,Overcast,3,3,
55183,2021-10-28 09:25:00,40.693314,-73.92496,0,0,Turning Improperly,4471809,15.2,7.9,0.0,0.0,0.0,0.0,3,19.1,34.6,28,Overcast,0,0,
55184,2021-10-29 07:10:00,40.666565,-73.988495,0,0,Backing Unsafely,4472057,13.8,8.3,9.3,9.3,0.0,5.0,63,40.9,73.8,78,Rain: Moderate,0,0,
55185,2021-10-27 06:09:00,40.594254,-73.96203,0,0,Unspecified,4471341,16.1,12.2,6.6,6.6,0.0,6.0,61,33.3,63.0,359,Rain: Light,0,0,
55186,2021-10-28 04:50:00,40.695026,-73.75643,0,0,Unsafe Speed,4472887,15.2,7.9,0.0,0.0,0.0,0.0,3,19.1,34.6,28,Overcast,0,0,
55187,2021-10-27 09:30:00,40.8188,-73.956024,2,0,Traffic Control Disregarded,4471832,16.1,12.2,6.6,6.6,0.0,6.0,61,33.3,63.0,359,Rain: Light,2,2,
55188,2021-10-27 10:50:00,40.58744,-73.81515,2,0,Turning Improperly,4471535,16.1,12.2,6.6,6.6,0.0,6.0,61,33.3,63.0,359,Rain: Light,2,2,
55189,2021-10-27 19:55:00,40.831707,-73.901886,0,0,Traffic Control Disregarded,4471985,16.1,12.2,6.6,6.6,0.0,6.0,61,33.3,63.0,359,Rain: Light,0,0,
55190,2021-10-28 02:19:00,40.71111,-73.94553,0,0,Tire Failure/Inadequate,4471616,15.2,7.9,0.0,0.0,0.0,0.0,3,19.1,34.6,28,Overcast,0,0,
55191,2021-10-27 11:05:00,40.75326,-74.00383,1,0,Following Too Closely,4472117,16.1,12.2,6.6,6.6,0.0,6.0,61,33.3,63.0,359,Rain: Light,1,1,
55192,2021-10-28 14:04:00,40.825935,-73.85913,0,0,Unspecified,4472044,15.2,7.9,0.0,0.0,0.0,0.0,3,19.1,34.6,28,Overcast,0,0,