,CRASH DATETIME,LATITUDE,LONGITUDE,NUMBER OF PERSONS INJURED,NUMBER OF PERSONS KILLED,CONTRIBUTING FACTOR VEHICLE 1,COLLISION_ID,temperature_2m_max,temperature_2m_min,precipitation_sum,rain_sum,snowfall_sum,precipitation_hours,weather_code,wind_speed_10m_max,wind_gusts_10m_max,wind_direction_10m_dominant,Weather Description,Severity_Score,Total_Affected_Persons,Weather_Category
55193,2021-10-29 14:20:00,40.854458,-73.86532,0,0,Driver Inattention/Distraction,4472340,13.8,8.3,9.3,9.3,0.0,5.0,63,40.9,73.8,78,Rain: Moderate,0,0,
55194,2021-10-28 18:00:00,40.640835,-74.01844,1,0,Failure to Yield Right-of-Way,4472134,15.2,7.9,0.0,0.0,0.0,0.0,3,19.1,34.6,28,Overcast,1,1,
55195,2021-10-29 08:15:00,40.75456,-73.7232,0,0,Failure to Yield Right-of-Way,4472151,13.8,8.3,9.3,9.3,0.0,5.0,63,40.9,73.8,78,Rain: Moderate,0,0,
55196,2021-10-27 22:20:00,40.87932,-73.869804,1,0,Driver Inattention/Distraction,4472558,16.1,12.2,6.6,6.6,0.0,6.0,61,33.3,63.0,359,Rain: Light,1,1,
55197,2021-10-29 19:10:00,40.86025,-73.890976,0,0,Driver Inattention/Distraction,4472902,13.8,8.3,9.3,9.3,0.0,5.0,63,40.9,73.8,78,Rain: Moderate,0,0,
55198,2021-10-27 15:35:00,40.68249,-73.97962,0,0,Driver Inattention/Distraction,4471571,16.1,12.2,6.6,6.6,0.0,6.0,61,33.3,63.0,359,Rain: Light,0,0,
55199,2021-10-28 09:34:00,40.782887,-73.9439,0,0,Following Too Closely,4471746,15.2,7.9,0.0,0.0,0.0,0.0,3,19.1,34.6,28,Overcast,0,0,
55200,2021-10-29 08:00:00,40.675037,-73.930534,1,0,Following Too Closely,4472595,13.8,8.3,9.3,9.3,0.0,5.0,63,40.9,73.8,78,Rain: Moderate,1,1,
55201,2021-10-25 07:05:00,40.582863,-73.97485,0,0,Following Too Closely,4471986,22.8,13.5,10.7,10.7,0.0,8.0,63,18.9,33.5,172,Rain: Moderate,0,0,
55202,2021-10-27 22:25:00,40.82789,-73.89821,1,0,Following Too Closely,4471790,16.1,12.2,6.6,6.6,0.0,6.0,61,33.3,63.0,359,Rain: Light,1,1,
55203,2021-10-29 06:50:00,40.72355,-73.91267,0,0,Other Vehicular,4471967,13.8,8.3,9.3,9.3,0.0,5.0,63,40.9,73.8,78,Rain: Moderate,0,0,
55204,2021-10-29 20:12:00,40.57981,-73.837204,0,0,Driver Inattention/Distraction,4472139,13.8,8.3,9.3,9.3,0.0,5.0,63,40.9,73.8,78,Rain: Moderate,0,0,
55205,2021-10-27 11:00:00,40.672188,-73.81937,0,0,Failure to Keep Right,4471597,16.1,12.2,6.6,6.6,0.0,6.0,61,33.3,63.0,359,Rain: Light,0,0,
55206,2021-10-27 21:07:00,40.821262,-73.94608,1,0,Driver Inattention/Distraction,4471934,16.1,12.2,6.6,6.6,0.0,6.0,61,33.3,63.0,359,Rain: Light,1,1,
55207,2021-10-29 09:25:00,40.844505,-73.89043,0,0,Driver Inattention/Distraction,4472854,13.8,8.3,9.3,9.3,0.0,5.0,63,40.9,73.8,78,Rain: Moderate,0,0,
55208,2021-10-28 11:35:00,40.701237,-73.79465,0,0,Driver Inattention/Distraction,4472807,15.2,7.9,0.0,0.0,0.0,0.0,3,19.1,34.6,28,Overcast,0,0,
55209,2021-10-27 09:00:00,40.74788,-73.85731,0,0,Unspecified,4472465,16.1,12.2,6.6,6.6,0.0,6.0,61,33.3,63.0,359,Rain: Light,0,0,
55210,2021-10-29 12:55:00,40.68608,-73.99091,0,0,Following Too Closely,4472621,13.8,8.3,9.3,9.3,0.0,5.0,63,40.9,73.8,78,Rain: Moderate,0,0,
55211,2021-10-29 13:11:00,40.723305,-74.00299,1,0,Failure to Yield Right-of-Way,4472535,13.8,8.3,9.3,9.3,0.0,5.0,63,40.9,73.8,78,Rain: Moderate,1,1,
55212,2021-10-28 13:08:00,40.63201,-74.01318,0,0,Passing Too Closely,4471846,15.2,7.9,0.0,0.0,0.0,0.0,3,19.1,34.6,28,Overcast,0,0,
55213,2021-10-29 15:30:00,40.653805,-73.93061,0,0,Unspecified,4472705,13.8,8.3,9.3,9.3,0.0,5.0,63,40.9,73.8,78,Rain: Moderate,0,0,
55214,2021-10-28 21:59:00,40.672688,-73.73544,1,0,Passing or Lane Usage Improper,4471949,15.2,7.9,0.0,0.0,0.0,0.0,3,19.1,34.6,28,Overcast,1,1,
55215,2021-10-27 09:25:00,40.714104,-73.95322,1,0,Following Too Closely,4471456,16.1,12.2,6.6,6.6,0.0,6.0,61,33.3,63.0,359,Rain: Light,1,1,
55216,2021-10-27 13:15:00,40.72691,-73.95329,0,0,Passing Too Closely,4471492,16.1,12.2,6.6,6.6,0.0,6.0,61,33.3,63.0,359,Rain: Light,0,0,
55217,2021-10-29 14:55:00,40.735752,-73.88052,1,0,Unspecified,4472223,13.8,8.3,9.3,9.3,0.0,5.0,63,40.9,73.8,78,Rain: Moderate,1,1,
55218,2021-10-27 14:00:00,40.846657,-73.89619,0,0,Driver Inattention/Distraction,4471672,16.1,12.2,6.6,6.6,0.0,6.0,61,33.3,63.0,359,Rain: Light,0,0,
55219,2021-10-29 14:30:00,40.831398,-73.83097,0,0,Obstruction/Debris,4472166,13.8,8.3,9.3,9.3,0.0,5.0,63,40.9,73.8,78,Rain: Moderate,0,0,
55220,2021-10-28 21:40:00,40.586117,-73.93604,2,0,Unspecified,4471997,15.2,7.9,0.0,0.0,0.0,0.0,3,19.1,34.6,28,Overcast,2,2,
55221,2021-10-29 07:20:00,40.657394,-73.94574,0,0,Driver Inattention/Distraction,4472029,13.8,8.3,9.3,9.3,0.0,5.0,63,40.9,73.8,78,Rain: Moderate,0,0,
55222,2021-10-27 09:45:00,40.760216,-73.985344,0,0,Backing Unsafely,4471729,16.1,12.2,6.6,6.6,0.0,6.0,61,33.3,63.0,359,Rain: Light,0,0,
55223,2021-10-27 16:30:00,40.673565,-73.90788,0,0,Unspecified,4472369,16.1,12.2,6.6,6.6,0.0,6.0,61,33.3,63.0,359,Rain: Light,0,0,
55224,2021-09-06 10:13:00,40.667164,-73.93407,0,0,Other Vehicular,4472034,26.9,18.4,0.0,0.0,0.0,0.0,3,19.6,37.8,273,Overcast,0,0,
55225,2021-10-27 16:30:00,40.737484,-73.93604,0,0,Driver Inattention/Distraction,4471867,16.1,12.2,6.6,6.6,0.0,6.0,61,33.3,63.0,359,Rain: Light,0,0,
55226,2021-10-27 07:37:00,40.817596,-73.95319,1,0,Unspecified,4471420,16.1,12.2,6.6,6.6,0.0,6.0,61,33.3,63.0,359,Rain: Light,1,1,
55227,2021-10-27 22:18:00,40.64987,-74.003136,0,0,Driver Inattention/Distraction,4471640,16.1,12.2,6.6,6.6,0.0,6.0,61,33.3,63.0,359,Rain: Light,0,0,
55228,2021-10-28 07:03:00,40.673008,-73.78809,1,0,Failure to Yield Right-of-Way,4471678,15.2,7.9,0.0,0.0,0.0,0.0,3,19.1,34.6,28,Overcast,1,1,
55229,2021-10-29 16:35:00,40.688797,-73.923904,1,0,Pedestrian/Bicyclist/Other Pedestrian Error/Confusion,4472603,13.8,8.3,9.3,9.3,0.0,5.0,63,40.9,73.8,78,Rain: Moderate,1,1,
55230,2021-10-29 21:00:00,40.63323,-73.964806,1,0,Unspecified,4472429,13.8,8.3,9.3,9.3,0.0,5.0,63,40.9,73.8,78,Rain: Moderate,1,1,
55231,2021-10-27 07:00:00,40.83801,-73.87329,0,0,Driver Inattention/Distraction,4471471,16.1,12.2,6.6,6.6,0.0,6.0,61,33.3,63.0,359,Rain: Light,0,0,
55232,2021-10-27 19:35:00,40.73973,-73.70625,1,0,Traffic Control Disregarded,4471581,16.1,12.2,6.6,6.6,0.0,6.0,61,33.3,63.0,359,Rain: Light,1,1,
55233,2021-10-29 14:45:00,40.86177,-73.89868,0,0,Driver Inattention/Distraction,4472877,13.8,8.3,9.3,9.3,0.0,5.0,63,40.9,73.8,78,Rain: Moderate,0,0,
55234,2021-10-29 03:20:00,40.638924,-73.95976,1,0,Unspecified,4472072,13.8,8.3,9.3,9.3,0.0,5.0,63,40.9,73.8,78,Rain: Moderate,1,1,
55235,2021-10-27 15:00:00,40.902233,-73.843666,3,0,Unsafe Speed,4471805,16.1,12.2,6.6,6.6,0.0,6.0,61,33.3,63.0,359,Rain: Light,3,3,
55236,2021-10-26 09:00:00,40.653206,-73.94024,1,0,Driver Inattention/Distraction,4472689,16.9,13.8,84.5,84.5,0.0,17.0,65,28.7,53.6,87,Rain: Heavy,1,1,
55237,2021-10-27 18:00:00,40.70559,-73.85824,0,0,Following Too Closely,4471836,16.1,12.2,6.6,6.6,0.0,6.0,61,33.3,63.0,359,Rain: Light,0,0,
55238,2022-04-10 18:10:00,40.80275,-73.93358,0,0,Unspecified,4518027,9.8,3.5,0.0,0.0,0.0,0.0,3,29.3,54.4,307,Overcast,0,0,
55239,2021-10-27 18:03:00,40.839622,-73.870285,1,0,Traffic Control Disregarded,4471739,16.1,12.2,6.6,6.6,0.0,6.0,61,33.3,63.0,359,Rain: Light,1,1,
55240,2021-10-28 22:55:00,40.733917,-73.9219,0,0,Other Vehicular,4471961,15.2,7.9,0.0,0.0,0.0,0.0,3,19.1,34.6,28,Overcast,0,0,
55241,2021-10-27 12:00:00,40.696774,-73.97359,0,0,Passing Too Closely,4471544,16.1,12.2,6.6,6.6,0.0,6.0,61,33.3,63.0,359,Rain: Light,0,0,
55242,2021-10-29 07:30:00,40.75979,-73.98793,1,0,Unspecified,4472254,13.8,8.3,9.3,9.3,0.0,5.0,63,40.9,73.8,78,Rain: Moderate,1,1,
55243,2021-10-29 00:00:00,40.666294,-73.89445,0,0,Following Too Closely,4472753,13.8,8.3,9.3,9.3,0.0,5.0,63,40.9,73.8,78,Rain: Moderate,0,0,
55244,2021-10-26 12:45:00,40.65306,-73.942665,0,0,Reaction to Uninvolved Vehicle,4472694,16.9,13.8,84.5,84.5,0.0,17.0,65,28.7,53.6,87,Rain: Heavy,0,0,
55245,2021-10-27 04:25:00,40.695724,-73.73577,0,0,Following Too Closely,4471586,16.1,12.2,6.6,6.6,0.0,6.0,61,33.3,63.0,359,Rain: Light,0,0,
55246,2021-10-28 21:29:00,40.61743,-73.932495,0,0,Unspecified,4471929,15.2,7.9,0.0,0.0,0.0,0.0,3,19.1,34.6,28,Overcast,0,0,
55247,2021-10-29 10:20:00,40.76536,-73.82787,1,0,Failure to Yield Right-of-Way,4472319,13.8,8.3,9.3,9.3,0.0,5.0,63,40.9,73.8,78,Rain: Moderate,1,1,
55248,2021-10-29 16:55:00,40.699806,-73.76859,0,0,Failure to Yield Right-of-Way,4472127,13.8,8.3,9.3,9.3,0.0,5.0,63,40.9,73.8,78,Rain: Moderate,0,0,
55249,2021-10-23 20:35:00,40.62509,-74.12474,0,0,Backing Unsafely,4472639,15.9,10.4,0.2,0.2,0.0,2.0,51,14.4,26.6,326,Drizzle: Light,0,0,
55250,2021-10-29 23:35:00,40.714066,-73.94938,0,0,Traffic Control Disregarded,4472796,13.8,8.3,9.3,9.3,0.0,5.0,63,40.9,73.8,78,Rain: Moderate,0,0,
55251,2021-10-29 12:57:00,40.598564,-74.08171,0,0,Unsafe Lane Changing,4472066,13.8,8.3,9.3,9.3,0.0,5.0,63,40.9,73.8,78,Rain: Moderate,0,0,
55252,2021-10-28 21:11:00,40.718353,-73.7654,0,0,Unspecified,4472351,15.2,7.9,0.0,0.0,0.0,0.0,3,19.1,34.6,28,Overcast,0,0,
55253,2021-10-28 22:10:00,40.74762,-73.95651,0,0,Driver Inattention/Distraction,4472156,15.2,7.9,0.0,0.0,0.0,0.0,3,19.1,34.6,28,Overcast,0,0,
55254,2021-10-28 23:42:00,40.87932,-73.869804,2,0,Unspecified,4472404,15.2,7.9,0.0,0.0,0.0,0.0,3,19.1,34.6,28,Overcast,2,2,
55255,2021-10-28 15:32:00,40.835705,-73.888756,0,0,Driver Inattention/Distraction,4472061,15.2,7.9,0.0,0.0,0.0,0.0,3,19.1,34.6,28,Overcast,0,0,
55256,2021-10-29 18:56:00,40.68442,-73.97839,0,0,Passing or Lane Usage Improper,4472669,13.8,8.3,9.3,9.3,0.0,5.0,63,40.9,73.8,78,Rain: Moderate,0,0,
55257,2021-10-28 12:09:00,40.695072,-73.9901,0,0,Passing Too Closely,4471924,15.2,7.9,0.0,0.0,0.0,0.0,3,19.1,34.6,28,Overcast,0,0,
55258,2021-10-28 06:53:00,40.829834,-73.90642,0,0,View Obstructed/Limited,4471796,15.2,7.9,0.0,0.0,0.0,0.0,3,19.1,34.6,28,Overcast,0,0,
55259,2021-10-27 16:20:00,40.667908,-73.79474,0,0,Backing Unsafely,4472124,16.1,12.2,6.6,6.6,0.0,6.0,61,33.3,63.0,359,Rain: Light,0,0,
55260,2021-10-29 19:35:00,40.86867,-73.83168,0,0,Unspecified,4472449,13.8,8.3,9.3,9.3,0.0,5.0,63,40.9,73.8,78,Rain: Moderate,0,0,
55261,2021-10-29 14:20:00,40.77276,-73.91605,0,0,Unspecified,4472377,13.8,8.3,9.3,9.3,0.0,5.0,63,40.9,73.8,78,Rain: Moderate,0,0,
55262,2021-10-29 12:30:00,40.67035,-73.89743,1,0,Unspecified,4472745,13.8,8.3,9.3,9.3,0.0,5.0,63,40.9,73.8,78,Rain: Moderate,1,1,
55263,2021-10-28 13:29:00,40.612614,-74.00085,0,0,Unspecified,4471916,15.2,7.9,0.0,0.0,0.0,0.0,3,19.1,34.6,28,Overcast,0,0,
55264,2021-10-27 20:52:00,40.8464,-73.89338,1,0,Driver Inattention/Distraction,4471666,16.1,12.2,6.6,6.6,0.0,6.0,61,33.3,63.0,359,Rain: Light,1,1,
55265,2021-10-29 05:56:00,40.8459,-73.862915,0,0,Unspecified,4472241,13.8,8.3,9.3,9.3,0.0,5.0,63,40.9,73.8,78,Rain: Moderate,0,0,
55266,2021-10-28 20:35:00,40.73426,-73.98356,1,0,Passing Too Closely,4472008,15.2,7.9,0.0,0.0,0.0,0.0,3,19.1,34.6,28,Overcast,1,1,
55267,2021-10-27 06:50:00,40.864872,-73.90253,0,0,Unspecified,4471374,16.1,12.2,6.6,6.6,0.0,6.0,61,33.3,63.0,359,Rain: Light,0,0,
55268,2021-10-27 11:00:00,40.752937,-73.92204,1,0,Passing or Lane Usage Improper,4471721,16.1,12.2,6.6,6.6,0.0,6.0,61,33.3,63.0,359,Rain: Light,1,1,
55269,2021-10-28 10:10:00,40.696785,-73.95659,1,0,Pedestrian/Bicyclist/Other Pedestrian Error/Confusion,4471993,15.2,7.9,0.0,0.0,0.0,0.0,3,19.1,34.6,28,Overcast,1,1,
55270,2021-10-27 07:40:00,40.748215,-73.968544,0,0,Driver Inattention/Distraction,4471525,16.1,12.2,6.6,6.6,0.0,6.0,61,33.3,63.0,359,Rain: Light,0,0,
55271,2021-10-28 09:58:00,40.82734,-73.89386,0,0,Failure to Yield Right-of-Way,4471956,15.2,7.9,0.0,0.0,0.0,0.0,3,19.1,34.6,28,Overcast,0,0,
55272,2021-10-28 01:26:00,40.742874,-73.933945,0,0,Driver Inattention/Distraction,4471684,15.2,7.9,0.0,0.0,0.0,0.0,3,19.1,34.6,28,Overcast,0,0,
55273,2021-10-29 03:45:00,40.766617,-73.9062,0,0,Alcohol Involvement,4472214,13.8,8.3,9.3,9.3,0.0,5.0,63,40.9,73.8,78,Rain: Moderate,0,0,
55274,2021-10-27 16:45:00,40.804585,-73.91213,0,0,Passing or Lane Usage Improper,4471646,16.1,12.2,6.6,6.6,0.0,6.0,61,33.3,63.0,359,Rain: Light,0,0,
55275,2021-10-27 14:30:00,40.726536,-73.9544,0,0,Oversized Vehicle,4472236,16.1,12.2,6.6,6.6,0.0,6.0,61,33.3,63.0,359,Rain: Light,0,0,
55276,2021-10-29 11:54:00,40.764614,-73.95833,0,0,Driver Inattention/Distraction,4472546,13.8,8.3,9.3,9.3,0.0,5.0,63,40.9,73.8,78,Rain: Moderate,0,0,
55277,2021-10-29 01:56:00,40.69773,-73.81409,1,0,Failure to Yield Right-of-Way,4472025,13.8,8.3,9.3,9.3,0.0,5.0,63,40.9,73.8,78,Rain: Moderate,1,1,
55278,2021-10-29 12:30:00,40.597683,-73.96686,0,0,Unspecified,4472104,13.8,8.3,9.3,9.3,0.0,5.0,63,40.9,73.8,78,Rain: Moderate,0,0,
55279,2021-10-29 13:45:00,40.64166,-73.93705,0,0,Failure to Yield Right-of-Way,4472699,13.8,8.3,9.3,9.3,0.0,5.0,63,40.9,73.8,78,Rain: Moderate,0,0,
55280,2021-10-27 21:18:00,40.71738,-73.99131,0,0,Passing or Lane Usage Improper,4471605,16.1,12.2,6.6,6.6,0.0,6.0,61,33.3,63.0,359,Rain: Light,0,0,
55281,2021-10-28 20:48:00,40.626457,-73.918,2,0,Passing or Lane Usage Improper,4471928,15.2,7.9,0.0,0.0,0.0,0.0,3,19.1,34.6,28,Overcast,2,2,
55282,2021-10-29 09:36:00,40.650414,-73.95798,0,0,Unspecified,4472076,13.8,8.3,9.3,9.3,0.0,5.0,63,40.9,73.8,78,Rain: Moderate,0,0,
55283,2021-10-26 12:10:00,40.75707,-73.85605,2,0,Driver Inattention/Distraction,4472093,16.9,13.8,84.5,84.5,0.0,17.0,65,28.7,53.6,87,Rain: Heavy,2,2,
55284,2021-10-27 09:00:00,40.734253,-73.86622,0,0,Unspecified,4471625,16.1,12.2,6.6,6.6,0.0,6.0,61,33.3,63.0,359,Rain: Light,0,0,
55285,2021-07-17 17:20:00,40.797,-73.93778,0,0,Driver Inattention/Distraction,4438332,30.8,23.3,5.1,5.1,0.0,5.0,61,17.8,36.4,201,Rain: Light,0,0,
55286,2021-10-28 11:20:00,40.829823,-73.90773,0,0,Other Vehicular,4471797,15.2,7.9,0.0,0.0,0.0,0.0,3,19.1,34.6,28,Overcast,0,0,
55287,2021-10-28 22:07:00,40.805557,-73.91453,1,0,Unspecified,4471939,15.2,7.9,0.0,0.0,0.0,0.0,3,19.1,34.6,28,Overcast,1,1,
55288,2021-10-27 23:00:00,40.75529,-73.99493,0,0,Following Too Closely,4471560,16.1,12.2,6.6,6.6,0.0,6.0,61,33.3,63.0,359,Rain: Light,0,0,
55289,2021-10-29 14:55:00,40.681484,-73.97703,1,0,Driver Inattention/Distraction,4472159,13.8,8.3,9.3,9.3,0.0,5.0,63,40.9,73.8,78,Rain: Moderate,1,1,
55290,2021-10-29 16:00:00,40.76202,-73.78819,0,0,Driver Inattention/Distraction,4472142,13.8,8.3,9.3,9.3,0.0,5.0,63,40.9,73.8,78,Rain: Moderate,0,0,
55291,2021-10-29 11:30:00,40.712452,-73.95888,0,0,Passing Too Closely,4472827,13.8,8.3,9.3,9.3,0.0,5.0,63,40.9,73.8,78,Rain: Moderate,0,0,
55292,2021-10-29 19:30:00,40.868546,-73.85859,2,0,Failure to Yield Right-of-Way,4472276,13.8,8.3,9.3,9.3,0.0,5.0,63,40.9,73.8,78,Rain: Moderate,2,2,
55293,2021-10-29 12:59:00,40.824184,-73.93723,0,0,Failure to Yield Right-of-Way,4472270,13.8,8.3,9.3,9.3,0.0,5.0,63,40.9,73.8,78,Rain: Moderate,0,0,
55294,2021-10-10 21:00:00,40.75278,-73.85499,0,0,Driver Inattention/Distraction,4472094,18.5,16.0,2.4,2.4,0.0,8.0,53,27.2,52.6,52,Drizzle: Moderate,0,0,
55295,2021-10-28 07:27:00,40.75199,-73.931274,1,0,Driver Inattention/Distraction,4472211,15.2,7.9,0.0,0.0,0.0,0.0,3,19.1,34.6,28,Overcast,1,1,
55296,2021-10-27 16:05:00,40.74479,-73.91743,1,0,Driver Inattention/Distraction,4472346,16.1,12.2,6.6,6.6,0.0,6.0,61,33.3,63.0,359,Rain: Light,1,1,
55297,2021-10-28 06:43:00,40.688946,-73.85322,1,0,Traffic Control Disregarded,4471772,15.2,7.9,0.0,0.0,0.0,0.0,3,19.1,34.6,28,Overcast,1,1,
55298,2021-10-29 18:25:00,40.752472,-73.87818,0,0,Driver Inattention/Distraction,4472395,13.8,8.3,9.3,9.3,0.0,5.0,63,40.9,73.8,78,Rain: Moderate,0,0,
55299,2021-10-27 19:00:00,40.667236,-73.770004,0,0,Following Too Closely,4471585,16.1,12.2,6.6,6.6,0.0,6.0,61,33.3,63.0,359,Rain: Light,0,0,
55300,2021-10-29 22:45:00,40.626793,-74.12744,0,0,Driver Inattention/Distraction,4472646,13.8,8.3,9.3,9.3,0.0,5.0,63,40.9,73.8,78,Rain: Moderate,0,0,
55301,2021-10-29 07:00:00,40.602467,-73.96638,1,0,Failure to Yield Right-of-Way,4471998,13.8,8.3,9.3,9.3,0.0,5.0,63,40.9,73.8,78,Rain: Moderate,1,1,
55302,2021-10-29 23:00:00,40.833363,-73.8801,1,0,Unspecified,4472283,13.8,8.3,9.3,9.3,0.0,5.0,63,40.9,73.8,78,Rain: Moderate,1,1,
55303,2021-10-29 16:10:00,40.751446,-74.001434,0,0,Passing or Lane Usage Improper,4472386,13.8,8.3,9.3,9.3,0.0,5.0,63,40.9,73.8,78,Rain: Moderate,0,0,
55304,2021-10-29 05:00:00,40.748993,-73.89687,0,0,Driver Inattention/Distraction,4472120,13.8,8.3,9.3,9.3,0.0,5.0,63,40.9,73.8,78,Rain: Moderate,0,0,
55305,2021-10-28 22:30:00,40.715584,-74.00304,1,0,Driver Inattention/Distraction,4472444,15.2,7.9,0.0,0.0,0.0,0.0,3,19.1,34.6,28,Overcast,1,1,
55306,2021-07-16 16:25:00,40.67189,-73.895874,0,0,Passing or Lane Usage Improper,4438378,32.3,23.2,0.3,0.3,0.0,3.0,51,12.3,33.1,238,Drizzle: Light,0,0,
55307,2021-10-29 13:00:00,40.74147,-73.82281,0,0,Following Too Closely,4472296,13.8,8.3,9.3,9.3,0.0,5.0,63,40.9,73.8,78,Rain: Moderate,0,0,
55308,2021-10-29 08:00:00,40.691433,-73.89063,0,0,Following Too Closely,4472062,13.8,8.3,9.3,9.3,0.0,5.0,63,40.9,73.8,78,Rain: Moderate,0,0,
55309,2021-10-27 14:35:00,40.719456,-73.99441,0,0,Driver Inattention/Distraction,4471699,16.1,12.2,6.6,6.6,0.0,6.0,61,33.3,63.0,359,Rain: Light,0,0,
55310,2021-10-28 13:15:00,40.756096,-73.74655,0,0,Driver Inattention/Distraction,4472856,15.2,7.9,0.0,0.0,0.0,0.0,3,19.1,34.6,28,Overcast,0,0,
55311,2021-10-27 00:00:00,40.66278,-73.88086,4,0,Reaction to Uninvolved Vehicle,4471399,16.1,12.2,6.6,6.6,0.0,6.0,61,33.3,63.0,359,Rain: Light,4,4,
55312,2021-10-27 22:15:00,40.620525,-73.95929,1,0,Driver Inattention/Distraction,4471630,16.1,12.2,6.6,6.6,0.0,6.0,61,33.3,63.0,359,Rain: Light,1,1,
55313,2021-10-29 16:20:00,40.609104,-74.091515,1,0,Outside Car Distraction,4472174,13.8,8.3,9.3,9.3,0.0,5.0,63,40.9,73.8,78,Rain: Moderate,1,1,
55314,2021-10-27 13:09:00,40.80208,-73.937,0,0,Driver Inattention/Distraction,4471498,16.1,12.2,6.6,6.6,0.0,6.0,61,33.3,63.0,359,Rain: Light,0,0,
55315,2021-10-29 12:30:00,40.791603,-73.96856,0,0,Passing Too Closely,4472108,13.8,8.3,9.3,9.3,0.0,5.0,63,40.9,73.8,78,Rain: Moderate,0,0,
55316,2021-10-27 20:41:00,40.76359,-73.98144,0,0,Traffic Control Disregarded,4471553,16.1,12.2,6.6,6.6,0.0,6.0,61,33.3,63.0,359,Rain: Light,0,0,
55317,2021-10-27 19:00:00,40.74159,-73.86186,0,0,Driver Inattention/Distraction,4471629,16.1,12.2,6.6,6.6,0.0,6.0,61,33.3,63.0,359,Rain: Light,0,0,
55318,2021-10-28 10:40:00,40.80919,-73.91905,0,0,Unspecified,4471943,15.2,7.9,0.0,0.0,0.0,0.0,3,19.1,34.6,28,Overcast,0,0,
55319,2021-10-28 07:20:00,40.73403,-73.995056,0,0,Reaction to Uninvolved Vehicle,4471819,15.2,7.9,0.0,0.0,0.0,0.0,3,19.1,34.6,28,Overcast,0,0,
55320,2021-10-28 01:30:00,40.72224,-73.9863,1,0,Pedestrian/Bicyclist/Other Pedestrian Error/Confusion,4471600,15.2,7.9,0.0,0.0,0.0,0.0,3,19.1,34.6,28,Overcast,1,1,
55321,2021-10-27 10:00:00,40.665825,-73.957466,0,0,Unspecified,4471827,16.1,12.2,6.6,6.6,0.0,6.0,61,33.3,63.0,359,Rain: Light,0,0,
55322,2021-10-22 22:22:00,40.897255,-73.86268,0,0,Unspecified,4472557,20.3,14.4,0.0,0.0,0.0,0.0,3,18.1,31.3,267,Overcast,0,0,
55323,2021-10-27 03:55:00,40.61661,-73.926636,0,0,Steering Failure,4471249,16.1,12.2,6.6,6.6,0.0,6.0,61,33.3,63.0,359,Rain: Light,0,0,
55324,2021-10-28 11:35:00,40.62526,-73.917885,0,0,Failure to Yield Right-of-Way,4471853,15.2,7.9,0.0,0.0,0.0,0.0,3,19.1,34.6,28,Overcast,0,0,
55325,2021-10-28 23:48:00,40.748913,-73.9374,1,0,Driver Inattention/Distraction,4471960,15.2,7.9,0.0,0.0,0.0,0.0,3,19.1,34.6,28,Overcast,1,1,
55326,2021-10-28 08:10:00,40.667465,-73.9247,0,0,Driver Inattention/Distraction,4472584,15.2,7.9,0.0,0.0,0.0,0.0,3,19.1,34.6,28,Overcast,0,0,
55327,2021-10-27 20:25:00,40.577995,-73.95964,0,0,Driver Inattention/Distraction,4471754,16.1,12.2,6.6,6.6,0.0,6.0,61,33.3,63.0,359,Rain: Light,0,0,
55328,2021-07-17 01:50:00,40.68086,-73.864685,0,0,Backing Unsafely,4438408,30.8,23.3,5.1,5.1,0.0,5.0,61,17.8,36.4,201,Rain: Light,0,0,
55329,2021-10-28 19:35:00,40.666725,-73.86977,1,0,Unspecified,4471909,15.2,7.9,0.0,0.0,0.0,0.0,3,19.1,34.6,28,Overcast,1,1,
55330,2021-10-29 22:55:00,40.85179,-73.90279,1,0,Driver Inattention/Distraction,4472891,13.8,8.3,9.3,9.3,0.0,5.0,63,40.9,73.8,78,Rain: Moderate,1,1,
55331,2021-10-29 06:00:00,40.756424,-73.7403,0,0,Other Vehicular,4472146,13.8,8.3,9.3,9.3,0.0,5.0,63,40.9,73.8,78,Rain: Moderate,0,0,
55332,2021-10-27 19:00:00,40.82364,-73.87994,0,0,Unspecified,4472511,16.1,12.2,6.6,6.6,0.0,6.0,61,33.3,63.0,359,Rain: Light,0,0,
55333,2021-10-28 09:45:00,40.70906,-73.89537,0,0,Driver Inattention/Distraction,4472003,15.2,7.9,0.0,0.0,0.0,0.0,3,19.1,34.6,28,Overcast,0,0,
55334,2021-10-29 15:00:00,40.803776,-73.92025,0,0,Other Vehicular,4472332,13.8,8.3,9.3,9.3,0.0,5.0,63,40.9,73.8,78,Rain: Moderate,0,0,
55335,2021-10-29 11:30:00,40.65875,-73.99821,0,0,Unspecified,4472135,13.8,8.3,9.3,9.3,0.0,5.0,63,40.9,73.8,78,Rain: Moderate,0,0,
55336,2021-10-29 17:29:00,40.740574,-73.98731,0,0,Unsafe Lane Changing,4472526,13.8,8.3,9.3,9.3,0.0,5.0,63,40.9,73.8,78,Rain: Moderate,0,0,
55337,2021-10-29 20:40:00,40.67341,-73.93348,2,0,Driver Inattention/Distraction,4472566,13.8,8.3,9.3,9.3,0.0,5.0,63,40.9,73.8,78,Rain: Moderate,2,2,
55338,2021-10-29 22:45:00,40.694138,-73.92649,1,0,Following Too Closely,4472202,13.8,8.3,9.3,9.3,0.0,5.0,63,40.9,73.8,78,Rain: Moderate,1,1,