,CRASH DATETIME,LATITUDE,LONGITUDE,NUMBER OF PERSONS INJURED,NUMBER OF PERSONS KILLED,CONTRIBUTING FACTOR VEHICLE 1,COLLISION_ID,temperature_2m_max,temperature_2m_min,precipitation_sum,rain_sum,snowfall_sum,precipitation_hours,weather_code,wind_speed_10m_max,wind_gusts_10m_max,wind_direction_10m_dominant,Weather Description,Severity_Score,Total_Affected_Persons,Weather_Category
55339,2021-10-29 10:08:00,40.62889,-73.9424,0,0,Driver Inattention/Distraction,4472313,13.8,8.3,9.3,9.3,0.0,5.0,63,40.9,73.8,78,Rain: Moderate,0,0,
55340,2021-10-28 19:30:00,40.88385,-73.86366,0,0,Unspecified,4472414,15.2,7.9,0.0,0.0,0.0,0.0,3,19.1,34.6,28,Overcast,0,0,
55341,2021-10-29 23:35:00,40.677708,-73.816956,1,0,Alcohol Involvement,4472791,13.8,8.3,9.3,9.3,0.0,5.0,63,40.9,73.8,78,Rain: Moderate,1,1,
55342,2021-10-04 15:27:00,40.608078,-73.979706,1,0,Driver Inattention/Distraction,4472907,20.6,16.4,21.8,21.8,0.0,17.0,63,20.8,42.8,61,Rain: Moderate,1,1,
55343,2021-10-28 19:36:00,40.722763,-73.99594,0,0,Driver Inattention/Distraction,4472849,15.2,7.9,0.0,0.0,0.0,0.0,3,19.1,34.6,28,Overcast,0,0,
55344,2021-10-27 14:00:00,40.72145,-73.84399,0,0,Traffic Control Disregarded,4471894,16.1,12.2,6.6,6.6,0.0,6.0,61,33.3,63.0,359,Rain: Light,0,0,
55345,2021-10-29 05:30:00,40.74206,-73.82453,0,0,Reaction to Uninvolved Vehicle,4472017,13.8,8.3,9.3,9.3,0.0,5.0,63,40.9,73.8,78,Rain: Moderate,0,0,
55346,2021-10-29 21:58:00,40.61462,-73.968666,1,0,Driver Inattention/Distraction,4472473,13.8,8.3,9.3,9.3,0.0,5.0,63,40.9,73.8,78,Rain: Moderate,1,1,
55347,2021-10-29 15:34:00,40.862766,-73.84295,0,0,Unspecified,4472244,13.8,8.3,9.3,9.3,0.0,5.0,63,40.9,73.8,78,Rain: Moderate,0,0,
55348,2021-10-27 16:55:00,40.655872,-73.9564,0,0,Unsafe Speed,4472030,16.1,12.2,6.6,6.6,0.0,6.0,61,33.3,63.0,359,Rain: Light,0,0,
55349,2021-10-27 13:16:00,40.759624,-73.99548,0,0,Turning Improperly,4472118,16.1,12.2,6.6,6.6,0.0,6.0,61,33.3,63.0,359,Rain: Light,0,0,
55350,2021-10-28 22:05:00,40.7584,-73.849785,0,0,Unspecified,4472035,15.2,7.9,0.0,0.0,0.0,0.0,3,19.1,34.6,28,Overcast,0,0,
55351,2021-10-29 18:40:00,40.689697,-73.98296,1,0,Driver Inattention/Distraction,4472619,13.8,8.3,9.3,9.3,0.0,5.0,63,40.9,73.8,78,Rain: Moderate,1,1,
55352,2021-10-28 05:20:00,40.740894,-73.89961,0,0,Driver Inattention/Distraction,4471679,15.2,7.9,0.0,0.0,0.0,0.0,3,19.1,34.6,28,Overcast,0,0,
55353,2021-10-27 08:30:00,40.715137,-73.94553,0,0,Passing Too Closely,4471470,16.1,12.2,6.6,6.6,0.0,6.0,61,33.3,63.0,359,Rain: Light,0,0,
55354,2021-10-27 07:00:00,40.895695,-73.84344,0,0,Unsafe Speed,4471475,16.1,12.2,6.6,6.6,0.0,6.0,61,33.3,63.0,359,Rain: Light,0,0,
55355,2021-10-27 16:04:00,40.66445,-73.86727,0,0,Unspecified,4471656,16.1,12.2,6.6,6.6,0.0,6.0,61,33.3,63.0,359,Rain: Light,0,0,
55356,2021-10-27 13:00:00,40.619484,-73.918274,0,0,Driver Inattention/Distraction,4471851,16.1,12.2,6.6,6.6,0.0,6.0,61,33.3,63.0,359,Rain: Light,0,0,
55357,2021-10-27 00:00:00,40.59237,-73.94902,0,0,Driver Inattention/Distraction,4471515,16.1,12.2,6.6,6.6,0.0,6.0,61,33.3,63.0,359,Rain: Light,0,0,
55358,2021-10-28 14:18:00,40.661995,-73.9196,1,0,Brakes Defective,4472698,15.2,7.9,0.0,0.0,0.0,0.0,3,19.1,34.6,28,Overcast,1,1,
55359,2021-10-28 01:05:00,40.87016,-73.89099,0,0,Driver Inattention/Distraction,4471674,15.2,7.9,0.0,0.0,0.0,0.0,3,19.1,34.6,28,Overcast,0,0,
55360,2021-10-28 18:25:00,40.69312,-73.96882,0,0,Turning Improperly,4471871,15.2,7.9,0.0,0.0,0.0,0.0,3,19.1,34.6,28,Overcast,0,0,
55361,2021-10-27 08:50:00,40.617027,-74.03258,1,0,Unspecified,4471542,16.1,12.2,6.6,6.6,0.0,6.0,61,33.3,63.0,359,Rain: Light,1,1,
55362,2021-10-29 15:00:00,40.740017,-73.77724,0,0,Unspecified,4472180,13.8,8.3,9.3,9.3,0.0,5.0,63,40.9,73.8,78,Rain: Moderate,0,0,
55363,2021-10-27 21:58:00,40.828743,-73.843994,0,0,Failure to Yield Right-of-Way,4471711,16.1,12.2,6.6,6.6,0.0,6.0,61,33.3,63.0,359,Rain: Light,0,0,
55364,2021-10-29 08:36:00,40.705906,-73.78715,0,0,Following Too Closely,4472363,13.8,8.3,9.3,9.3,0.0,5.0,63,40.9,73.8,78,Rain: Moderate,0,0,
55365,2021-10-28 12:15:00,40.74701,-73.977196,0,0,Driver Inattention/Distraction,4471891,15.2,7.9,0.0,0.0,0.0,0.0,3,19.1,34.6,28,Overcast,0,0,
55366,2021-10-27 09:42:00,40.576965,-74.16974,0,0,Driver Inattention/Distraction,4471411,16.1,12.2,6.6,6.6,0.0,6.0,61,33.3,63.0,359,Rain: Light,0,0,
55367,2021-10-27 20:59:00,40.799984,-73.944855,0,0,Unspecified,4472049,16.1,12.2,6.6,6.6,0.0,6.0,61,33.3,63.0,359,Rain: Light,0,0,
55368,2021-10-27 15:10:00,40.674404,-73.86976,0,0,Following Too Closely,4471657,16.1,12.2,6.6,6.6,0.0,6.0,61,33.3,63.0,359,Rain: Light,0,0,
55369,2021-10-19 08:30:00,40.586205,-73.93417,0,0,Driver Inattention/Distraction,4471980,19.1,8.3,0.0,0.0,0.0,0.0,1,24.6,45.0,272,Mainly clear,0,0,Sunny/Clear Conditions
55370,2021-10-29 06:00:00,40.82751,-73.92495,0,0,Backing Unsafely,4472436,13.8,8.3,9.3,9.3,0.0,5.0,63,40.9,73.8,78,Rain: Moderate,0,0,
55371,2021-10-29 14:25:00,40.74613,-73.83605,2,0,Unsafe Speed,4472226,13.8,8.3,9.3,9.3,0.0,5.0,63,40.9,73.8,78,Rain: Moderate,2,2,
55372,2021-10-28 20:00:00,40.690926,-73.92066,0,0,Driver Inattention/Distraction,4472200,15.2,7.9,0.0,0.0,0.0,0.0,3,19.1,34.6,28,Overcast,0,0,
55373,2021-10-29 22:19:00,40.79465,-73.97179,0,0,Driver Inattention/Distraction,4472167,13.8,8.3,9.3,9.3,0.0,5.0,63,40.9,73.8,78,Rain: Moderate,0,0,
55374,2021-10-27 14:45:00,40.739494,-73.97663,0,0,Driver Inattention/Distraction,4471703,16.1,12.2,6.6,6.6,0.0,6.0,61,33.3,63.0,359,Rain: Light,0,0,
55375,2021-10-29 02:00:00,40.625824,-73.92762,2,0,Unsafe Speed,4472028,13.8,8.3,9.3,9.3,0.0,5.0,63,40.9,73.8,78,Rain: Moderate,2,2,
55376,2021-10-28 16:43:00,40.67648,-74.00487,1,0,Unspecified,4472373,15.2,7.9,0.0,0.0,0.0,0.0,3,19.1,34.6,28,Overcast,1,1,
55377,2021-10-27 23:30:00,40.775963,-73.94248,0,0,Failure to Yield Right-of-Way,4471728,16.1,12.2,6.6,6.6,0.0,6.0,61,33.3,63.0,359,Rain: Light,0,0,
55378,2021-10-29 08:15:00,40.673203,-74.01056,0,0,Oversized Vehicle,4472007,13.8,8.3,9.3,9.3,0.0,5.0,63,40.9,73.8,78,Rain: Moderate,0,0,
55379,2021-10-28 08:50:00,40.718143,-73.993835,1,0,Driver Inattention/Distraction,4472435,15.2,7.9,0.0,0.0,0.0,0.0,3,19.1,34.6,28,Overcast,1,1,
55380,2021-10-27 08:10:00,40.821636,-73.93909,0,0,Passing Too Closely,4471423,16.1,12.2,6.6,6.6,0.0,6.0,61,33.3,63.0,359,Rain: Light,0,0,
55381,2021-10-27 09:00:00,40.7466,-73.76503,0,0,Following Too Closely,4471510,16.1,12.2,6.6,6.6,0.0,6.0,61,33.3,63.0,359,Rain: Light,0,0,
55382,2021-10-28 00:05:00,40.751328,-73.86765,0,0,Driver Inattention/Distraction,4472670,15.2,7.9,0.0,0.0,0.0,0.0,3,19.1,34.6,28,Overcast,0,0,
55383,2022-04-10 04:50:00,40.686234,-73.82418,0,0,Unspecified,4517832,9.8,3.5,0.0,0.0,0.0,0.0,3,29.3,54.4,307,Overcast,0,0,
55384,2021-10-28 15:00:00,40.665314,-73.86846,0,0,Unspecified,4472747,15.2,7.9,0.0,0.0,0.0,0.0,3,19.1,34.6,28,Overcast,0,0,
55385,2021-10-29 22:10:00,40.71976,-73.94476,0,0,Driver Inattention/Distraction,4472632,13.8,8.3,9.3,9.3,0.0,5.0,63,40.9,73.8,78,Rain: Moderate,0,0,
55386,2021-10-29 22:52:00,40.74191,-73.9256,1,0,Failure to Yield Right-of-Way,4472188,13.8,8.3,9.3,9.3,0.0,5.0,63,40.9,73.8,78,Rain: Moderate,1,1,
55387,2021-10-29 14:38:00,40.64872,-73.96491,1,0,Driver Inattention/Distraction,4472405,13.8,8.3,9.3,9.3,0.0,5.0,63,40.9,73.8,78,Rain: Moderate,1,1,
55388,2021-10-27 13:30:00,40.614723,-73.94184,0,0,Driver Inattention/Distraction,4472195,16.1,12.2,6.6,6.6,0.0,6.0,61,33.3,63.0,359,Rain: Light,0,0,
55389,2021-10-28 12:00:00,40.677544,-73.99642,0,0,Unspecified,4471886,15.2,7.9,0.0,0.0,0.0,0.0,3,19.1,34.6,28,Overcast,0,0,
55390,2021-10-27 17:08:00,40.711082,-73.77798,1,0,Driver Inattention/Distraction,4471533,16.1,12.2,6.6,6.6,0.0,6.0,61,33.3,63.0,359,Rain: Light,1,1,
55391,2021-10-27 08:18:00,40.738415,-73.84899,0,0,Unsafe Lane Changing,4471618,16.1,12.2,6.6,6.6,0.0,6.0,61,33.3,63.0,359,Rain: Light,0,0,
55392,2021-10-27 18:15:00,40.75531,-73.73821,0,0,Driver Inattention/Distraction,4471873,16.1,12.2,6.6,6.6,0.0,6.0,61,33.3,63.0,359,Rain: Light,0,0,
55393,2021-10-28 10:26:00,40.856487,-73.872406,0,0,Unspecified,4471749,15.2,7.9,0.0,0.0,0.0,0.0,3,19.1,34.6,28,Overcast,0,0,
55394,2021-10-27 14:45:00,40.649788,-73.9622,1,0,View Obstructed/Limited,4471845,16.1,12.2,6.6,6.6,0.0,6.0,61,33.3,63.0,359,Rain: Light,1,1,
55395,2021-10-27 08:30:00,40.793556,-73.967026,0,0,Passing or Lane Usage Improper,4471455,16.1,12.2,6.6,6.6,0.0,6.0,61,33.3,63.0,359,Rain: Light,0,0,
55396,2021-10-28 22:17:00,40.812073,-73.93604,0,0,Alcohol Involvement,4472018,15.2,7.9,0.0,0.0,0.0,0.0,3,19.1,34.6,28,Overcast,0,0,
55397,2021-10-27 10:10:00,40.816772,-73.809135,1,0,Driver Inattention/Distraction,4471551,16.1,12.2,6.6,6.6,0.0,6.0,61,33.3,63.0,359,Rain: Light,1,1,
55398,2021-10-26 14:30:00,40.69133,-73.95177,0,0,Failure to Yield Right-of-Way,4471996,16.9,13.8,84.5,84.5,0.0,17.0,65,28.7,53.6,87,Rain: Heavy,0,0,
55399,2021-10-27 00:13:00,40.678738,-73.89887,0,0,Unspecified,4471398,16.1,12.2,6.6,6.6,0.0,6.0,61,33.3,63.0,359,Rain: Light,0,0,
55400,2021-10-28 10:55:00,40.668457,-73.99177,0,0,Passing Too Closely,4472050,15.2,7.9,0.0,0.0,0.0,0.0,3,19.1,34.6,28,Overcast,0,0,
55401,2021-10-28 07:52:00,40.705124,-73.81191,0,0,Unspecified,4471987,15.2,7.9,0.0,0.0,0.0,0.0,3,19.1,34.6,28,Overcast,0,0,
55402,2021-10-27 16:40:00,40.648533,-74.01752,1,0,Unspecified,4471527,16.1,12.2,6.6,6.6,0.0,6.0,61,33.3,63.0,359,Rain: Light,1,1,
55403,2021-10-29 11:25:00,40.726498,-73.8142,0,0,Backing Unsafely,4472178,13.8,8.3,9.3,9.3,0.0,5.0,63,40.9,73.8,78,Rain: Moderate,0,0,
55404,2021-03-20 00:33:00,40.841274,-73.91762,1,0,Following Too Closely,4400593,13.3,-3.2,0.0,0.0,0.0,0.0,0,13.3,23.4,287,Clear sky,1,1,Sunny/Clear Conditions
55405,2021-07-15 20:42:00,40.88654,-73.91052,1,0,Unspecified,4438693,29.3,21.2,0.1,0.1,0.0,1.0,51,13.7,27.4,212,Drizzle: Light,1,1,
55406,2021-07-09 16:25:00,40.873394,-73.90671,2,0,Turning Improperly,4438692,29.8,22.0,35.0,35.0,0.0,14.0,63,31.0,55.8,341,Rain: Moderate,2,2,
55407,2021-10-28 23:08:00,40.651974,-73.86542,0,0,Other Vehicular,4471911,15.2,7.9,0.0,0.0,0.0,0.0,3,19.1,34.6,28,Overcast,0,0,
55408,2021-10-28 12:30:00,40.650024,-73.89126,1,0,Unspecified,4472237,15.2,7.9,0.0,0.0,0.0,0.0,3,19.1,34.6,28,Overcast,1,1,
55409,2021-10-28 12:24:00,40.779762,-73.94437,0,0,Passing or Lane Usage Improper,4472551,15.2,7.9,0.0,0.0,0.0,0.0,3,19.1,34.6,28,Overcast,0,0,
55410,2021-10-28 03:00:00,40.679337,-73.89483,0,0,Failure to Yield Right-of-Way,4471649,15.2,7.9,0.0,0.0,0.0,0.0,3,19.1,34.6,28,Overcast,0,0,
55411,2021-10-28 03:10:00,40.66696,-73.77078,0,0,Unspecified,4472407,15.2,7.9,0.0,0.0,0.0,0.0,3,19.1,34.6,28,Overcast,0,0,
55412,2021-10-29 13:10:00,40.597378,-73.969635,1,0,Driver Inattention/Distraction,4472103,13.8,8.3,9.3,9.3,0.0,5.0,63,40.9,73.8,78,Rain: Moderate,1,1,
55413,2021-10-27 07:28:00,40.745422,-73.990974,1,0,Failure to Yield Right-of-Way,4471520,16.1,12.2,6.6,6.6,0.0,6.0,61,33.3,63.0,359,Rain: Light,1,1,
55414,2021-10-28 17:30:00,40.619656,-73.95745,0,0,Unspecified,4472071,15.2,7.9,0.0,0.0,0.0,0.0,3,19.1,34.6,28,Overcast,0,0,
55415,2021-10-28 06:45:00,40.666637,-73.7646,1,0,Following Too Closely,4471935,15.2,7.9,0.0,0.0,0.0,0.0,3,19.1,34.6,28,Overcast,1,1,
55416,2021-10-28 10:57:00,40.659977,-73.92297,1,0,Driver Inattention/Distraction,4471813,15.2,7.9,0.0,0.0,0.0,0.0,3,19.1,34.6,28,Overcast,1,1,
55417,2021-10-28 10:00:00,40.806915,-73.93557,1,0,Unsafe Speed,4472884,15.2,7.9,0.0,0.0,0.0,0.0,3,19.1,34.6,28,Overcast,1,1,
55418,2021-10-23 22:03:00,40.756527,-73.994026,1,0,Driver Inattention/Distraction,4472583,15.9,10.4,0.2,0.2,0.0,2.0,51,14.4,26.6,326,Drizzle: Light,1,1,
55419,2021-10-27 13:01:00,40.766167,-73.954254,0,0,Driver Inattention/Distraction,4471712,16.1,12.2,6.6,6.6,0.0,6.0,61,33.3,63.0,359,Rain: Light,0,0,
55420,2021-10-29 19:00:00,40.742584,-73.99789,0,0,Backing Unsafely,4472390,13.8,8.3,9.3,9.3,0.0,5.0,63,40.9,73.8,78,Rain: Moderate,0,0,
55421,2021-10-28 14:30:00,40.748432,-73.86876,0,0,Driver Inexperience,4471950,15.2,7.9,0.0,0.0,0.0,0.0,3,19.1,34.6,28,Overcast,0,0,
55422,2021-10-26 11:00:00,40.743015,-73.951805,1,0,Failure to Yield Right-of-Way,4472145,16.9,13.8,84.5,84.5,0.0,17.0,65,28.7,53.6,87,Rain: Heavy,1,1,
55423,2021-10-27 15:37:00,40.70163,-73.989685,0,0,Following Too Closely,4471572,16.1,12.2,6.6,6.6,0.0,6.0,61,33.3,63.0,359,Rain: Light,0,0,
55424,2021-10-27 07:30:00,40.850502,-73.89368,0,0,Passing or Lane Usage Improper,4471671,16.1,12.2,6.6,6.6,0.0,6.0,61,33.3,63.0,359,Rain: Light,0,0,
55425,2021-10-29 08:20:00,40.815865,-73.91987,0,0,Unspecified,4472330,13.8,8.3,9.3,9.3,0.0,5.0,63,40.9,73.8,78,Rain: Moderate,0,0,
55426,2021-10-29 00:15:00,40.748913,-73.9374,1,0,Driver Inattention/Distraction,4472508,13.8,8.3,9.3,9.3,0.0,5.0,63,40.9,73.8,78,Rain: Moderate,1,1,
55427,2021-10-29 23:20:00,40.755337,-73.843254,0,0,Driver Inattention/Distraction,4472230,13.8,8.3,9.3,9.3,0.0,5.0,63,40.9,73.8,78,Rain: Moderate,0,0,
55428,2021-10-27 11:45:00,40.755245,-73.900536,0,0,Passing Too Closely,4471719,16.1,12.2,6.6,6.6,0.0,6.0,61,33.3,63.0,359,Rain: Light,0,0,
55429,2021-10-29 02:08:00,40.726425,-73.80502,0,0,Alcohol Involvement,4472011,13.8,8.3,9.3,9.3,0.0,5.0,63,40.9,73.8,78,Rain: Moderate,0,0,
55430,2021-07-17 19:00:00,40.527668,-74.23023,0,0,Failure to Yield Right-of-Way,4438571,30.8,23.3,5.1,5.1,0.0,5.0,61,17.8,36.4,201,Rain: Light,0,0,
55431,2021-07-17 16:42:00,40.639175,-74.121826,0,0,Unspecified,4438003,30.8,23.3,5.1,5.1,0.0,5.0,61,17.8,36.4,201,Rain: Light,0,0,
55432,2021-07-17 04:54:00,40.6566,-73.9035,0,0,Unspecified,4437832,30.8,23.3,5.1,5.1,0.0,5.0,61,17.8,36.4,201,Rain: Light,0,0,
55433,2021-07-16 19:55:00,40.87186,-73.83681,0,0,Unspecified,4438536,32.3,23.2,0.3,0.3,0.0,3.0,51,12.3,33.1,238,Drizzle: Light,0,0,
55434,2021-07-09 14:50:00,40.679184,-73.941284,0,0,Passing or Lane Usage Improper,4438503,29.8,22.0,35.0,35.0,0.0,14.0,63,31.0,55.8,341,Rain: Moderate,0,0,
55435,2021-07-14 21:50:00,40.7231,-73.98568,1,0,Pedestrian/Bicyclist/Other Pedestrian Error/Confusion,4438357,30.6,21.5,0.8,0.8,0.0,3.0,53,14.5,36.0,191,Drizzle: Moderate,1,1,
55436,2021-07-17 00:03:00,40.671597,-73.88018,0,0,Driver Inattention/Distraction,4437569,30.8,23.3,5.1,5.1,0.0,5.0,61,17.8,36.4,201,Rain: Light,0,0,
55437,2021-07-17 17:37:00,40.838196,-73.901184,1,0,Driver Inattention/Distraction,4437796,30.8,23.3,5.1,5.1,0.0,5.0,61,17.8,36.4,201,Rain: Light,1,1,
55438,2021-07-15 14:35:00,40.80016,-73.946846,1,0,Unspecified,4438550,29.3,21.2,0.1,0.1,0.0,1.0,51,13.7,27.4,212,Drizzle: Light,1,1,
55439,2021-07-17 20:47:00,40.86732,-73.82254,1,0,Unspecified,4437880,30.8,23.3,5.1,5.1,0.0,5.0,61,17.8,36.4,201,Rain: Light,1,1,
55440,2021-07-17 17:12:00,40.81467,-73.93622,1,0,Traffic Control Disregarded,4438333,30.8,23.3,5.1,5.1,0.0,5.0,61,17.8,36.4,201,Rain: Light,1,1,
55441,2021-07-14 14:30:00,40.697098,-73.95386,0,0,Following Too Closely,4438464,30.6,21.5,0.8,0.8,0.0,3.0,53,14.5,36.0,191,Drizzle: Moderate,0,0,
55442,2021-07-17 01:00:00,40.69832,-73.962265,1,0,Driver Inattention/Distraction,4437583,30.8,23.3,5.1,5.1,0.0,5.0,61,17.8,36.4,201,Rain: Light,1,1,
55443,2021-07-17 13:00:00,40.609707,-74.011284,0,0,Driver Inexperience,4437907,30.8,23.3,5.1,5.1,0.0,5.0,61,17.8,36.4,201,Rain: Light,0,0,
55444,2021-07-15 09:40:00,40.667183,-73.899284,1,0,Failure to Yield Right-of-Way,4438376,29.3,21.2,0.1,0.1,0.0,1.0,51,13.7,27.4,212,Drizzle: Light,1,1,
55445,2021-06-21 18:30:00,40.61346,-74.122536,1,0,Unspecified,4438600,28.0,21.7,0.5,0.5,0.0,2.0,51,24.4,46.8,181,Drizzle: Light,1,1,
55446,2021-07-15 15:10:00,40.677208,-73.89723,1,0,Passing or Lane Usage Improper,4438401,29.3,21.2,0.1,0.1,0.0,1.0,51,13.7,27.4,212,Drizzle: Light,1,1,
55447,2021-07-17 00:20:00,40.816307,-73.90806,0,0,Unspecified,4438312,30.8,23.3,5.1,5.1,0.0,5.0,61,17.8,36.4,201,Rain: Light,0,0,
55448,2021-07-17 09:53:00,40.59519,-73.75572,0,0,Unsafe Speed,4437603,30.8,23.3,5.1,5.1,0.0,5.0,61,17.8,36.4,201,Rain: Light,0,0,
55449,2021-07-14 03:00:00,40.614532,-74.02966,0,0,Unspecified,4438632,30.6,21.5,0.8,0.8,0.0,3.0,53,14.5,36.0,191,Drizzle: Moderate,0,0,
55450,2021-07-14 00:00:00,40.68993,-73.98148,1,0,Driver Inattention/Distraction,4438625,30.6,21.5,0.8,0.8,0.0,3.0,53,14.5,36.0,191,Drizzle: Moderate,1,1,
55451,2021-07-17 04:35:00,40.74623,-73.89737,0,0,Driver Inattention/Distraction,4437717,30.8,23.3,5.1,5.1,0.0,5.0,61,17.8,36.4,201,Rain: Light,0,0,
55452,2021-07-17 12:46:00,40.808228,-73.96654,0,0,Passing or Lane Usage Improper,4438048,30.8,23.3,5.1,5.1,0.0,5.0,61,17.8,36.4,201,Rain: Light,0,0,
55453,2021-06-29 10:45:00,40.756138,-73.98318,1,0,Failure to Yield Right-of-Way,4438518,33.4,24.0,0.7,0.7,0.0,4.0,51,19.5,40.0,231,Drizzle: Light,1,1,
55454,2021-07-17 04:50:00,40.689102,-73.93194,2,0,Driver Inattention/Distraction,4438090,30.8,23.3,5.1,5.1,0.0,5.0,61,17.8,36.4,201,Rain: Light,2,2,
55455,2021-07-17 14:40:00,40.760475,-73.9222,0,0,Passing or Lane Usage Improper,4438155,30.8,23.3,5.1,5.1,0.0,5.0,61,17.8,36.4,201,Rain: Light,0,0,
55456,2021-07-17 08:11:00,40.67251,-73.99905,0,0,Following Too Closely,4438240,30.8,23.3,5.1,5.1,0.0,5.0,61,17.8,36.4,201,Rain: Light,0,0,
55457,2021-07-17 14:02:00,40.65858,-73.91728,0,0,Driver Inattention/Distraction,4437670,30.8,23.3,5.1,5.1,0.0,5.0,61,17.8,36.4,201,Rain: Light,0,0,
55458,2021-07-17 10:45:00,40.761204,-73.75539,1,0,Following Too Closely,4437634,30.8,23.3,5.1,5.1,0.0,5.0,61,17.8,36.4,201,Rain: Light,1,1,
55459,2021-07-16 11:00:00,40.5794,-74.16949,0,0,Driver Inattention/Distraction,4438434,32.3,23.2,0.3,0.3,0.0,3.0,51,12.3,33.1,238,Drizzle: Light,0,0,
55460,2021-07-09 21:40:00,40.680214,-73.94628,0,0,Driver Inattention/Distraction,4438456,29.8,22.0,35.0,35.0,0.0,14.0,63,31.0,55.8,341,Rain: Moderate,0,0,
55461,2021-07-15 13:06:00,40.86413,-73.82213,0,0,Unspecified,4438478,29.3,21.2,0.1,0.1,0.0,1.0,51,13.7,27.4,212,Drizzle: Light,0,0,
55462,2021-07-17 14:20:00,40.872627,-73.88546,0,0,Unspecified,4437661,30.8,23.3,5.1,5.1,0.0,5.0,61,17.8,36.4,201,Rain: Light,0,0,
55463,2021-07-17 11:00:00,40.755947,-73.77146,0,0,Driver Inattention/Distraction,4437635,30.8,23.3,5.1,5.1,0.0,5.0,61,17.8,36.4,201,Rain: Light,0,0,
55464,2021-07-16 17:45:00,40.55303,-74.17867,0,0,Driver Inattention/Distraction,4438388,32.3,23.2,0.3,0.3,0.0,3.0,51,12.3,33.1,238,Drizzle: Light,0,0,
55465,2021-07-16 21:30:00,40.791523,-73.94891,0,0,Unspecified,4438673,32.3,23.2,0.3,0.3,0.0,3.0,51,12.3,33.1,238,Drizzle: Light,0,0,
55466,2021-07-17 09:00:00,40.75809,-73.795815,0,0,Passing or Lane Usage Improper,4437710,30.8,23.3,5.1,5.1,0.0,5.0,61,17.8,36.4,201,Rain: Light,0,0,
55467,2021-07-17 03:30:00,40.718002,-73.98659,1,0,Unspecified,4437617,30.8,23.3,5.1,5.1,0.0,5.0,61,17.8,36.4,201,Rain: Light,1,1,
55468,2021-07-17 01:10:00,40.85381,-73.91386,0,0,Unspecified,4438237,30.8,23.3,5.1,5.1,0.0,5.0,61,17.8,36.4,201,Rain: Light,0,0,
55469,2021-07-15 22:35:00,40.589745,-74.09844,0,0,Passing or Lane Usage Improper,4438591,29.3,21.2,0.1,0.1,0.0,1.0,51,13.7,27.4,212,Drizzle: Light,0,0,
55470,2021-07-17 23:16:00,40.59281,-73.97877,1,0,Driver Inattention/Distraction,4437870,30.8,23.3,5.1,5.1,0.0,5.0,61,17.8,36.4,201,Rain: Light,1,1,
55471,2021-07-17 03:30:00,40.8352,-73.86599,1,0,Unspecified,4437943,30.8,23.3,5.1,5.1,0.0,5.0,61,17.8,36.4,201,Rain: Light,1,1,
55472,2021-07-16 09:00:00,40.617638,-73.99086,0,0,Unspecified,4438530,32.3,23.2,0.3,0.3,0.0,3.0,51,12.3,33.1,238,Drizzle: Light,0,0,
55473,2021-07-17 08:47:00,40.800945,-73.9463,0,0,Unspecified,4438555,30.8,23.3,5.1,5.1,0.0,5.0,61,17.8,36.4,201,Rain: Light,0,0,
55474,2021-07-17 00:46:00,40.852123,-73.88934,0,0,Driver Inattention/Distraction,4438295,30.8,23.3,5.1,5.1,0.0,5.0,61,17.8,36.4,201,Rain: Light,0,0,
55475,2021-07-17 10:20:00,40.898243,-73.858864,0,0,Passing Too Closely,4438105,30.8,23.3,5.1,5.1,0.0,5.0,61,17.8,36.4,201,Rain: Light,0,0,
55476,2021-07-17 20:00:00,40.685097,-73.760735,0,0,Unsafe Speed,4438246,30.8,23.3,5.1,5.1,0.0,5.0,61,17.8,36.4,201,Rain: Light,0,0,
55477,2021-07-17 10:40:00,40.648533,-74.01752,1,0,Unspecified,4437629,30.8,23.3,5.1,5.1,0.0,5.0,61,17.8,36.4,201,Rain: Light,1,1,
55478,2021-07-17 16:40:00,40.616882,-74.02634,0,0,Following Too Closely,4437686,30.8,23.3,5.1,5.1,0.0,5.0,61,17.8,36.4,201,Rain: Light,0,0,
55479,2021-07-17 15:12:00,40.73458,-73.998856,0,0,Reaction to Uninvolved Vehicle,4437803,30.8,23.3,5.1,5.1,0.0,5.0,61,17.8,36.4,201,Rain: Light,0,0,
55480,2021-07-17 09:55:00,40.638226,-74.134865,0,0,Driver Inattention/Distraction,4438429,30.8,23.3,5.1,5.1,0.0,5.0,61,17.8,36.4,201,Rain: Light,0,0,
55481,2021-07-17 16:50:00,40.534267,-74.15398,0,0,Failure to Yield Right-of-Way,4438492,30.8,23.3,5.1,5.1,0.0,5.0,61,17.8,36.4,201,Rain: Light,0,0,
55482,2021-07-17 22:43:00,40.729572,-73.83383,0,0,Following Too Closely,4438080,30.8,23.3,5.1,5.1,0.0,5.0,61,17.8,36.4,201,Rain: Light,0,0,
55483,2021-07-14 13:52:00,40.676975,-73.892334,0,0,Driver Inattention/Distraction,4438349,30.6,21.5,0.8,0.8,0.0,3.0,53,14.5,36.0,191,Drizzle: Moderate,0,0,
55484,2021-07-15 19:00:00,40.607723,-74.1473,0,0,Driver Inattention/Distraction,4438435,29.3,21.2,0.1,0.1,0.0,1.0,51,13.7,27.4,212,Drizzle: Light,0,0,