,CRASH DATETIME,LATITUDE,LONGITUDE,NUMBER OF PERSONS INJURED,NUMBER OF PERSONS KILLED,CONTRIBUTING FACTOR VEHICLE 1,COLLISION_ID,temperature_2m_max,temperature_2m_min,precipitation_sum,rain_sum,snowfall_sum,precipitation_hours,weather_code,wind_speed_10m_max,wind_gusts_10m_max,wind_direction_10m_dominant,Weather Description,Severity_Score,Total_Affected_Persons,Weather_Category
55485,2022-04-10 04:00:00,40.66802,-73.88541,0,0,Unspecified,4518015,9.8,3.5,0.0,0.0,0.0,0.0,3,29.3,54.4,307,Overcast,0,0,
55486,2021-07-17 20:00:00,40.746033,-73.93441,0,0,Driver Inattention/Distraction,4437718,30.8,23.3,5.1,5.1,0.0,5.0,61,17.8,36.4,201,Rain: Light,0,0,
55487,2021-07-13 19:15:00,40.695614,-73.94056,1,0,Driver Inattention/Distraction,4438474,25.0,20.8,2.4,2.4,0.0,12.0,53,13.0,26.3,84,Drizzle: Moderate,1,1,
55488,2021-07-17 23:34:00,40.630455,-73.906525,1,0,Unspecified,4437761,30.8,23.3,5.1,5.1,0.0,5.0,61,17.8,36.4,201,Rain: Light,1,1,
55489,2021-07-15 20:18:00,40.666706,-73.871826,2,0,Unsafe Speed,4438392,29.3,21.2,0.1,0.1,0.0,1.0,51,13.7,27.4,212,Drizzle: Light,2,2,
55490,2021-07-17 13:35:00,40.608467,-73.95899,0,0,Unspecified,4437644,30.8,23.3,5.1,5.1,0.0,5.0,61,17.8,36.4,201,Rain: Light,0,0,
55491,2021-07-17 01:09:00,40.839176,-73.94114,0,0,Driver Inattention/Distraction,4438123,30.8,23.3,5.1,5.1,0.0,5.0,61,17.8,36.4,201,Rain: Light,0,0,
55492,2021-07-17 21:45:00,40.75307,-73.79238,2,0,Failure to Yield Right-of-Way,4438200,30.8,23.3,5.1,5.1,0.0,5.0,61,17.8,36.4,201,Rain: Light,2,2,
55493,2021-06-29 18:03:00,40.75859,-73.99095,0,0,Driver Inattention/Distraction,4438479,33.4,24.0,0.7,0.7,0.0,4.0,51,19.5,40.0,231,Drizzle: Light,0,0,
55494,2021-07-04 14:43:00,40.653877,-73.93934,0,0,Unspecified,4438596,24.6,15.8,1.4,1.4,0.0,12.0,51,11.8,27.0,299,Drizzle: Light,0,0,
55495,2021-07-17 08:52:00,40.807434,-73.92619,0,0,Unspecified,4438323,30.8,23.3,5.1,5.1,0.0,5.0,61,17.8,36.4,201,Rain: Light,0,0,
55496,2021-07-15 17:15:00,40.54626,-74.18139,0,0,Driver Inattention/Distraction,4438384,29.3,21.2,0.1,0.1,0.0,1.0,51,13.7,27.4,212,Drizzle: Light,0,0,
55497,2021-07-17 12:30:00,40.723003,-73.98865,0,0,Following Too Closely,4437860,30.8,23.3,5.1,5.1,0.0,5.0,61,17.8,36.4,201,Rain: Light,0,0,
55498,2021-07-16 00:30:00,40.771305,-73.87664,1,0,Driver Inattention/Distraction,4438366,32.3,23.2,0.3,0.3,0.0,3.0,51,12.3,33.1,238,Drizzle: Light,1,1,
55499,2021-07-17 15:00:00,40.73304,-73.98995,1,0,Unspecified,4437915,30.8,23.3,5.1,5.1,0.0,5.0,61,17.8,36.4,201,Rain: Light,1,1,
55500,2021-07-17 18:30:00,40.827904,-73.91218,0,0,Aggressive Driving/Road Rage,4437783,30.8,23.3,5.1,5.1,0.0,5.0,61,17.8,36.4,201,Rain: Light,0,0,
55501,2021-07-14 16:30:00,40.803104,-73.95825,0,0,Driver Inattention/Distraction,4438551,30.6,21.5,0.8,0.8,0.0,3.0,53,14.5,36.0,191,Drizzle: Moderate,0,0,
55502,2021-07-17 21:07:00,40.581184,-73.825096,1,0,Alcohol Involvement,4438068,30.8,23.3,5.1,5.1,0.0,5.0,61,17.8,36.4,201,Rain: Light,1,1,
55503,2021-07-16 01:29:00,40.703873,-73.91256,1,0,Driver Inattention/Distraction,4438415,32.3,23.2,0.3,0.3,0.0,3.0,51,12.3,33.1,238,Drizzle: Light,1,1,
55504,2021-07-17 15:53:00,40.72926,-73.75282,1,0,Unspecified,4437723,30.8,23.3,5.1,5.1,0.0,5.0,61,17.8,36.4,201,Rain: Light,1,1,
55505,2021-07-17 09:00:00,40.80194,-73.93414,0,0,Unspecified,4438339,30.8,23.3,5.1,5.1,0.0,5.0,61,17.8,36.4,201,Rain: Light,0,0,
55506,2021-07-17 11:40:00,40.68366,-73.90788,0,0,Passing Too Closely,4438440,30.8,23.3,5.1,5.1,0.0,5.0,61,17.8,36.4,201,Rain: Light,0,0,
55507,2021-07-17 00:00:00,40.721233,-73.98778,0,0,Unspecified,4437979,30.8,23.3,5.1,5.1,0.0,5.0,61,17.8,36.4,201,Rain: Light,0,0,
55508,2021-07-17 20:55:00,40.688847,-73.92119,1,0,Pedestrian/Bicyclist/Other Pedestrian Error/Confusion,4437984,30.8,23.3,5.1,5.1,0.0,5.0,61,17.8,36.4,201,Rain: Light,1,1,
55509,2021-07-17 06:50:00,40.762436,-73.916176,0,0,Unspecified,4437898,30.8,23.3,5.1,5.1,0.0,5.0,61,17.8,36.4,201,Rain: Light,0,0,
55510,2021-07-16 19:05:00,40.68295,-73.88736,0,0,Driver Inattention/Distraction,4438371,32.3,23.2,0.3,0.3,0.0,3.0,51,12.3,33.1,238,Drizzle: Light,0,0,
55511,2021-07-17 03:16:00,40.736572,-73.907715,0,0,Driver Inattention/Distraction,4437572,30.8,23.3,5.1,5.1,0.0,5.0,61,17.8,36.4,201,Rain: Light,0,0,
55512,2022-06-28 17:28:00,40.680073,-73.95438,0,0,Passing Too Closely,4544197,27.5,19.1,0.0,0.0,0.0,0.0,3,14.4,28.4,334,Overcast,0,0,
55513,2021-07-17 11:20:00,40.657555,-73.894196,1,0,Driver Inattention/Distraction,4438396,30.8,23.3,5.1,5.1,0.0,5.0,61,17.8,36.4,201,Rain: Light,1,1,
55514,2021-07-15 21:00:00,40.86194,-73.91834,0,0,Unspecified,4438469,29.3,21.2,0.1,0.1,0.0,1.0,51,13.7,27.4,212,Drizzle: Light,0,0,
55515,2021-07-15 12:50:00,40.81888,-73.916504,0,0,Following Too Closely,4438318,29.3,21.2,0.1,0.1,0.0,1.0,51,13.7,27.4,212,Drizzle: Light,0,0,
55516,2021-07-11 03:00:00,40.68609,-73.93867,0,0,Passing Too Closely,4438463,24.9,19.8,2.5,2.5,0.0,9.0,53,15.8,35.3,141,Drizzle: Moderate,0,0,
55517,2021-07-16 00:00:00,40.699627,-73.923836,0,0,Alcohol Involvement,4438439,32.3,23.2,0.3,0.3,0.0,3.0,51,12.3,33.1,238,Drizzle: Light,0,0,
55518,2021-07-14 19:40:00,40.671604,-73.86907,3,0,Unspecified,4438356,30.6,21.5,0.8,0.8,0.0,3.0,53,14.5,36.0,191,Drizzle: Moderate,3,3,
55519,2021-07-17 05:52:00,40.865597,-73.90828,3,0,Passing Too Closely,4437591,30.8,23.3,5.1,5.1,0.0,5.0,61,17.8,36.4,201,Rain: Light,3,3,
55520,2021-07-07 23:44:00,40.671864,-73.87834,1,0,Backing Unsafely,4438377,31.4,22.2,1.4,1.4,0.0,6.0,53,17.4,37.8,213,Drizzle: Moderate,1,1,
55521,2021-07-17 19:00:00,40.666187,-73.79176,2,0,Driver Inattention/Distraction,4437722,30.8,23.3,5.1,5.1,0.0,5.0,61,17.8,36.4,201,Rain: Light,2,2,
55522,2021-06-15 08:00:00,40.613564,-74.07918,0,0,Unsafe Speed,4438601,25.1,17.4,1.0,1.0,0.0,4.0,53,17.7,33.8,295,Drizzle: Moderate,0,0,
55523,2021-07-17 19:45:00,40.75582,-73.93259,0,0,Backing Unsafely,4437899,30.8,23.3,5.1,5.1,0.0,5.0,61,17.8,36.4,201,Rain: Light,0,0,
55524,2021-07-15 20:30:00,40.681217,-73.88211,0,0,Failure to Yield Right-of-Way,4438402,29.3,21.2,0.1,0.1,0.0,1.0,51,13.7,27.4,212,Drizzle: Light,0,0,
55525,2021-07-17 03:38:00,40.82723,-73.89292,0,0,Unspecified,4437789,30.8,23.3,5.1,5.1,0.0,5.0,61,17.8,36.4,201,Rain: Light,0,0,
55526,2021-07-16 23:30:00,40.80929,-73.90313,4,0,Unsafe Speed,4438311,32.3,23.2,0.3,0.3,0.0,3.0,51,12.3,33.1,238,Drizzle: Light,4,4,
55527,2021-07-17 08:22:00,40.797,-73.93778,0,0,Unspecified,4438338,30.8,23.3,5.1,5.1,0.0,5.0,61,17.8,36.4,201,Rain: Light,0,0,
55528,2021-07-16 17:00:00,40.64036,-73.74351,0,0,Unspecified,4438572,32.3,23.2,0.3,0.3,0.0,3.0,51,12.3,33.1,238,Drizzle: Light,0,0,
55529,2021-07-17 03:38:00,40.739243,-73.99919,0,0,Following Too Closely,4437836,30.8,23.3,5.1,5.1,0.0,5.0,61,17.8,36.4,201,Rain: Light,0,0,
55530,2021-07-14 12:06:00,40.687637,-73.94478,0,0,Driver Inattention/Distraction,4438505,30.6,21.5,0.8,0.8,0.0,3.0,53,14.5,36.0,191,Drizzle: Moderate,0,0,
55531,2021-07-17 03:30:00,40.68039,-73.94956,1,0,Driver Inattention/Distraction,4438457,30.8,23.3,5.1,5.1,0.0,5.0,61,17.8,36.4,201,Rain: Light,1,1,
55532,2021-07-15 14:37:00,40.6793,-73.87998,0,0,Backing Unsafely,4438391,29.3,21.2,0.1,0.1,0.0,1.0,51,13.7,27.4,212,Drizzle: Light,0,0,
55533,2021-07-17 19:10:00,40.72224,-73.9863,0,0,Unspecified,4438540,30.8,23.3,5.1,5.1,0.0,5.0,61,17.8,36.4,201,Rain: Light,0,0,
55534,2021-07-17 03:23:00,40.677288,-73.92824,1,1,Unsafe Speed,4437642,30.8,23.3,5.1,5.1,0.0,5.0,61,17.8,36.4,201,Rain: Light,21,2,
55535,2021-07-17 17:45:00,40.75024,-73.94208,2,0,Driver Inexperience,4437662,30.8,23.3,5.1,5.1,0.0,5.0,61,17.8,36.4,201,Rain: Light,2,2,
55536,2021-07-17 17:40:00,40.725906,-73.79132,0,0,Accelerator Defective,4438112,30.8,23.3,5.1,5.1,0.0,5.0,61,17.8,36.4,201,Rain: Light,0,0,
55537,2021-12-05 13:20:00,40.886635,-73.88746,4,0,Unsafe Speed,4486454,7.6,0.0,0.0,0.0,0.0,0.0,3,15.1,27.0,303,Overcast,4,4,
55538,2021-07-06 21:30:00,40.887928,-73.909386,0,0,Unspecified,4438689,33.6,21.9,2.1,2.1,0.0,4.0,61,21.8,49.7,231,Rain: Light,0,0,
55539,2021-07-17 07:50:00,40.589912,-73.80738,2,0,Unspecified,4438448,30.8,23.3,5.1,5.1,0.0,5.0,61,17.8,36.4,201,Rain: Light,2,2,
55540,2021-07-17 11:34:00,40.700485,-73.901085,0,0,Driver Inattention/Distraction,4437741,30.8,23.3,5.1,5.1,0.0,5.0,61,17.8,36.4,201,Rain: Light,0,0,
55541,2021-07-17 20:22:00,40.72179,-73.99986,1,0,Unspecified,4438253,30.8,23.3,5.1,5.1,0.0,5.0,61,17.8,36.4,201,Rain: Light,1,1,
55542,2021-07-16 23:00:00,40.65444,-73.89081,0,0,Unspecified,4438407,32.3,23.2,0.3,0.3,0.0,3.0,51,12.3,33.1,238,Drizzle: Light,0,0,
55543,2021-07-17 10:40:00,40.66534,-73.743935,2,0,Unspecified,4437631,30.8,23.3,5.1,5.1,0.0,5.0,61,17.8,36.4,201,Rain: Light,2,2,
55544,2021-07-17 19:37:00,40.61578,-74.103035,0,0,Driver Inattention/Distraction,4438000,30.8,23.3,5.1,5.1,0.0,5.0,61,17.8,36.4,201,Rain: Light,0,0,
55545,2021-07-17 06:05:00,40.75546,-73.88631,1,0,Other Vehicular,4438131,30.8,23.3,5.1,5.1,0.0,5.0,61,17.8,36.4,201,Rain: Light,1,1,
55546,2021-07-17 13:03:00,40.706318,-74.009415,0,0,Backing Unsafely,4437653,30.8,23.3,5.1,5.1,0.0,5.0,61,17.8,36.4,201,Rain: Light,0,0,
55547,2021-07-17 11:29:00,40.676105,-73.90671,1,0,Driver Inexperience,4437802,30.8,23.3,5.1,5.1,0.0,5.0,61,17.8,36.4,201,Rain: Light,1,1,
55548,2021-07-16 20:30:00,40.66686,-73.86884,1,0,Unspecified,4438350,32.3,23.2,0.3,0.3,0.0,3.0,51,12.3,33.1,238,Drizzle: Light,1,1,
55549,2021-07-17 20:45:00,40.87356,-73.81853,0,0,Unspecified,4438383,30.8,23.3,5.1,5.1,0.0,5.0,61,17.8,36.4,201,Rain: Light,0,0,
55550,2021-07-17 12:00:00,40.698692,-73.8057,3,0,Unsafe Speed,4438301,30.8,23.3,5.1,5.1,0.0,5.0,61,17.8,36.4,201,Rain: Light,3,3,
55551,2021-07-03 17:22:00,40.519722,-74.22867,0,0,View Obstructed/Limited,4438562,19.3,16.6,16.1,16.1,0.0,20.0,63,24.0,47.2,43,Rain: Moderate,0,0,
55552,2021-07-17 22:08:00,40.667145,-73.950226,1,0,Failure to Yield Right-of-Way,4437730,30.8,23.3,5.1,5.1,0.0,5.0,61,17.8,36.4,201,Rain: Light,1,1,
55553,2021-07-17 11:45:00,40.688614,-73.989174,1,0,Failure to Keep Right,4437820,30.8,23.3,5.1,5.1,0.0,5.0,61,17.8,36.4,201,Rain: Light,1,1,
55554,2021-07-08 09:30:00,40.727207,-73.90742,1,0,Failure to Yield Right-of-Way,4438491,28.3,21.3,15.2,15.2,0.0,12.0,63,16.9,48.2,125,Rain: Moderate,1,1,
55555,2021-07-17 15:40:00,40.678226,-73.8871,0,0,Unspecified,4438430,30.8,23.3,5.1,5.1,0.0,5.0,61,17.8,36.4,201,Rain: Light,0,0,
55556,2021-07-17 20:45:00,40.675323,-73.86332,0,0,Unspecified,4438345,30.8,23.3,5.1,5.1,0.0,5.0,61,17.8,36.4,201,Rain: Light,0,0,
55557,2021-06-03 00:25:00,40.756035,-73.98695,0,0,Unspecified,4438475,23.0,13.2,11.9,11.9,0.0,10.0,63,13.6,38.9,165,Rain: Moderate,0,0,
55558,2021-07-17 21:21:00,40.902428,-73.85125,1,0,Aggressive Driving/Road Rage,4438099,30.8,23.3,5.1,5.1,0.0,5.0,61,17.8,36.4,201,Rain: Light,1,1,
55559,2021-07-17 03:15:00,40.726185,-73.87022,3,0,Alcohol Involvement,4437602,30.8,23.3,5.1,5.1,0.0,5.0,61,17.8,36.4,201,Rain: Light,3,3,
55560,2021-07-17 23:00:00,40.688904,-73.754456,0,0,Failure to Yield Right-of-Way,4438245,30.8,23.3,5.1,5.1,0.0,5.0,61,17.8,36.4,201,Rain: Light,0,0,
55561,2021-07-15 22:42:00,40.632065,-73.91861,0,0,Unsafe Speed,4438669,29.3,21.2,0.1,0.1,0.0,1.0,51,13.7,27.4,212,Drizzle: Light,0,0,
55562,2021-07-16 21:24:00,40.805973,-73.950516,1,0,Unspecified,4438554,32.3,23.2,0.3,0.3,0.0,3.0,51,12.3,33.1,238,Drizzle: Light,1,1,
55563,2021-07-17 22:36:00,40.846878,-73.920616,1,0,Failure to Yield Right-of-Way,4438145,30.8,23.3,5.1,5.1,0.0,5.0,61,17.8,36.4,201,Rain: Light,1,1,
55564,2021-07-17 22:50:00,40.634827,-73.9344,0,0,Driver Inexperience,4438040,30.8,23.3,5.1,5.1,0.0,5.0,61,17.8,36.4,201,Rain: Light,0,0,
55565,2021-07-17 16:23:00,40.583057,-73.973114,0,0,Reaction to Uninvolved Vehicle,4437869,30.8,23.3,5.1,5.1,0.0,5.0,61,17.8,36.4,201,Rain: Light,0,0,
55566,2021-07-16 15:55:00,40.71786,-73.96223,0,0,Driver Inattention/Distraction,4438387,32.3,23.2,0.3,0.3,0.0,3.0,51,12.3,33.1,238,Drizzle: Light,0,0,
55567,2021-07-17 02:55:00,40.8283,-73.88296,0,0,Unspecified,4437936,30.8,23.3,5.1,5.1,0.0,5.0,61,17.8,36.4,201,Rain: Light,0,0,
55568,2021-07-16 09:50:00,40.67816,-73.897484,0,0,Unspecified,4438346,32.3,23.2,0.3,0.3,0.0,3.0,51,12.3,33.1,238,Drizzle: Light,0,0,
55569,2021-07-17 00:50:00,40.747627,-73.976746,0,0,Other Vehicular,4438512,30.8,23.3,5.1,5.1,0.0,5.0,61,17.8,36.4,201,Rain: Light,0,0,
55570,2021-07-17 15:47:00,40.600082,-73.96591,0,0,Driver Inattention/Distraction,4437758,30.8,23.3,5.1,5.1,0.0,5.0,61,17.8,36.4,201,Rain: Light,0,0,
55571,2021-07-17 12:30:00,40.71504,-73.99681,0,0,Driver Inattention/Distraction,4438262,30.8,23.3,5.1,5.1,0.0,5.0,61,17.8,36.4,201,Rain: Light,0,0,
55572,2021-07-13 18:24:00,40.817307,-73.927864,0,0,Unspecified,4438324,25.0,20.8,2.4,2.4,0.0,12.0,53,13.0,26.3,84,Drizzle: Moderate,0,0,
55573,2021-07-17 02:32:00,40.75193,-73.98315,0,0,Driver Inattention/Distraction,4437817,30.8,23.3,5.1,5.1,0.0,5.0,61,17.8,36.4,201,Rain: Light,0,0,
55574,2021-07-16 14:24:00,40.853474,-73.906456,1,0,Failure to Yield Right-of-Way,4438690,32.3,23.2,0.3,0.3,0.0,3.0,51,12.3,33.1,238,Drizzle: Light,1,1,
55575,2021-07-17 13:35:00,40.716778,-73.93635,1,0,Driver Inattention/Distraction,4438153,30.8,23.3,5.1,5.1,0.0,5.0,61,17.8,36.4,201,Rain: Light,1,1,
55576,2021-07-17 09:37:00,40.634506,-73.949455,0,0,Other Vehicular,4437614,30.8,23.3,5.1,5.1,0.0,5.0,61,17.8,36.4,201,Rain: Light,0,0,
55577,2021-07-17 16:49:00,40.676254,-73.92435,2,0,Other Vehicular,4437958,30.8,23.3,5.1,5.1,0.0,5.0,61,17.8,36.4,201,Rain: Light,2,2,
55578,2021-07-17 12:15:00,40.6544,-73.92044,5,0,Driver Inattention/Distraction,4437669,30.8,23.3,5.1,5.1,0.0,5.0,61,17.8,36.4,201,Rain: Light,5,5,
55579,2021-07-16 04:15:00,40.75741,-73.87909,0,0,Driver Inattention/Distraction,4438588,32.3,23.2,0.3,0.3,0.0,3.0,51,12.3,33.1,238,Drizzle: Light,0,0,
55580,2021-07-17 04:19:00,40.84984,-73.934975,0,0,Pedestrian/Bicyclist/Other Pedestrian Error/Confusion,4437987,30.8,23.3,5.1,5.1,0.0,5.0,61,17.8,36.4,201,Rain: Light,0,0,
55581,2021-07-17 17:30:00,40.871468,-73.891045,0,0,Passing Too Closely,4437753,30.8,23.3,5.1,5.1,0.0,5.0,61,17.8,36.4,201,Rain: Light,0,0,
55582,2021-07-17 11:54:00,40.744946,-73.99133,0,0,Driver Inattention/Distraction,4437955,30.8,23.3,5.1,5.1,0.0,5.0,61,17.8,36.4,201,Rain: Light,0,0,
55583,2021-07-13 13:40:00,40.71601,-73.99306,0,0,Oversized Vehicle,4438522,25.0,20.8,2.4,2.4,0.0,12.0,53,13.0,26.3,84,Drizzle: Moderate,0,0,
55584,2021-07-14 20:10:00,40.677605,-73.90234,0,0,Unspecified,4438364,30.6,21.5,0.8,0.8,0.0,3.0,53,14.5,36.0,191,Drizzle: Moderate,0,0,
55585,2021-07-17 02:16:00,40.68174,-73.95859,1,0,Driver Inattention/Distraction,4437859,30.8,23.3,5.1,5.1,0.0,5.0,61,17.8,36.4,201,Rain: Light,1,1,
55586,2021-07-08 17:05:00,40.8147,-73.91859,1,0,,4438373,28.3,21.3,15.2,15.2,0.0,12.0,63,16.9,48.2,125,Rain: Moderate,1,1,
55587,2021-07-17 00:39:00,40.737396,-73.93193,1,0,Driver Inattention/Distraction,4437575,30.8,23.3,5.1,5.1,0.0,5.0,61,17.8,36.4,201,Rain: Light,1,1,
55588,2021-07-17 16:30:00,40.6744,-73.871666,0,0,Unspecified,4438397,30.8,23.3,5.1,5.1,0.0,5.0,61,17.8,36.4,201,Rain: Light,0,0,
55589,2021-07-14 16:21:00,40.854446,-73.928535,0,0,Unspecified,4438560,30.6,21.5,0.8,0.8,0.0,3.0,53,14.5,36.0,191,Drizzle: Moderate,0,0,
55590,2021-07-15 11:30:00,40.806698,-73.91079,0,0,Driver Inattention/Distraction,4438317,29.3,21.2,0.1,0.1,0.0,1.0,51,13.7,27.4,212,Drizzle: Light,0,0,
55591,2021-07-16 08:15:00,40.848038,-73.93285,0,0,Other Vehicular,4438468,32.3,23.2,0.3,0.3,0.0,3.0,51,12.3,33.1,238,Drizzle: Light,0,0,
55592,2021-07-17 18:30:00,40.657578,-74.00101,0,0,Driver Inattention/Distraction,4438451,30.8,23.3,5.1,5.1,0.0,5.0,61,17.8,36.4,201,Rain: Light,0,0,
55593,2021-07-17 21:48:00,40.637657,-73.89687,0,0,Passing Too Closely,4438141,30.8,23.3,5.1,5.1,0.0,5.0,61,17.8,36.4,201,Rain: Light,0,0,
55594,2021-07-17 14:43:00,40.723625,-74.00479,0,0,Passing or Lane Usage Improper,4437652,30.8,23.3,5.1,5.1,0.0,5.0,61,17.8,36.4,201,Rain: Light,0,0,
55595,2021-07-17 01:35:00,40.760666,-73.83349,0,0,Alcohol Involvement,4437655,30.8,23.3,5.1,5.1,0.0,5.0,61,17.8,36.4,201,Rain: Light,0,0,
55596,2021-07-17 07:50:00,40.709633,-73.81451,0,0,Driver Inattention/Distraction,4438069,30.8,23.3,5.1,5.1,0.0,5.0,61,17.8,36.4,201,Rain: Light,0,0,
55597,2021-07-16 07:03:00,40.677357,-73.88687,0,0,Unspecified,4438395,32.3,23.2,0.3,0.3,0.0,3.0,51,12.3,33.1,238,Drizzle: Light,0,0,
55598,2021-07-17 13:05:00,40.65477,-74.00708,1,0,Illnes,4437685,30.8,23.3,5.1,5.1,0.0,5.0,61,17.8,36.4,201,Rain: Light,1,1,
55599,2021-07-17 20:00:00,40.708603,-73.807556,0,0,Driver Inexperience,4438113,30.8,23.3,5.1,5.1,0.0,5.0,61,17.8,36.4,201,Rain: Light,0,0,
55600,2021-07-11 18:00:00,40.669186,-73.88942,0,0,Unspecified,4438411,24.9,19.8,2.5,2.5,0.0,9.0,53,15.8,35.3,141,Drizzle: Moderate,0,0,
55601,2021-07-17 20:45:00,40.65807,-73.960434,0,0,Driver Inattention/Distraction,4437729,30.8,23.3,5.1,5.1,0.0,5.0,61,17.8,36.4,201,Rain: Light,0,0,
55602,2021-07-16 08:00:00,40.877365,-73.86807,0,0,Passing Too Closely,4438445,32.3,23.2,0.3,0.3,0.0,3.0,51,12.3,33.1,238,Drizzle: Light,0,0,
55603,2021-07-17 03:40:00,40.68662,-73.82319,2,0,Driver Inattention/Distraction,4437624,30.8,23.3,5.1,5.1,0.0,5.0,61,17.8,36.4,201,Rain: Light,2,2,
55604,2021-07-17 08:45:00,40.736267,-73.772865,1,0,Glare,4438070,30.8,23.3,5.1,5.1,0.0,5.0,61,17.8,36.4,201,Rain: Light,1,1,
55605,2021-07-05 15:11:00,40.66307,-73.92576,0,0,Driver Inexperience,4438595,26.4,17.3,0.7,0.7,0.0,2.0,53,18.8,34.6,142,Drizzle: Moderate,0,0,
55606,2021-07-17 07:15:00,40.780174,-73.95721,0,0,Unspecified,4438190,30.8,23.3,5.1,5.1,0.0,5.0,61,17.8,36.4,201,Rain: Light,0,0,
55607,2021-07-17 22:06:00,40.666306,-73.79171,0,0,Reaction to Uninvolved Vehicle,4438250,30.8,23.3,5.1,5.1,0.0,5.0,61,17.8,36.4,201,Rain: Light,0,0,
55608,2021-07-17 06:20:00,40.741734,-73.7283,1,0,Driver Inattention/Distraction,4437632,30.8,23.3,5.1,5.1,0.0,5.0,61,17.8,36.4,201,Rain: Light,1,1,
55609,2021-07-13 17:25:00,40.635506,-74.1662,1,0,Unspecified,4438432,25.0,20.8,2.4,2.4,0.0,12.0,53,13.0,26.3,84,Drizzle: Moderate,1,1,
55610,2021-07-16 20:13:00,40.58604,-74.16859,1,0,View Obstructed/Limited,4438438,32.3,23.2,0.3,0.3,0.0,3.0,51,12.3,33.1,238,Drizzle: Light,1,1,
55611,2021-07-17 11:43:00,40.71558,-73.74377,0,0,Backing Unsafely,4437720,30.8,23.3,5.1,5.1,0.0,5.0,61,17.8,36.4,201,Rain: Light,0,0,
55612,2021-07-17 08:00:00,40.753677,-73.914474,3,0,Driver Inattention/Distraction,4437900,30.8,23.3,5.1,5.1,0.0,5.0,61,17.8,36.4,201,Rain: Light,3,3,
55613,2021-07-14 17:38:00,40.67421,-73.86208,2,0,Driver Inattention/Distraction,4438426,30.6,21.5,0.8,0.8,0.0,3.0,53,14.5,36.0,191,Drizzle: Moderate,2,2,
55614,2021-07-16 15:30:00,40.694138,-73.92649,0,0,Turning Improperly,4438390,32.3,23.2,0.3,0.3,0.0,3.0,51,12.3,33.1,238,Drizzle: Light,0,0,
55615,2021-07-17 00:30:00,40.820187,-73.890686,1,0,Unspecified,4437640,30.8,23.3,5.1,5.1,0.0,5.0,61,17.8,36.4,201,Rain: Light,1,1,
55616,2021-07-17 22:05:00,40.831566,-73.942986,1,0,Driver Inattention/Distraction,4437749,30.8,23.3,5.1,5.1,0.0,5.0,61,17.8,36.4,201,Rain: Light,1,1,
55617,2021-07-07 16:15:00,40.715828,-74.01539,0,0,Unspecified,4438683,31.4,22.2,1.4,1.4,0.0,6.0,53,17.4,37.8,213,Drizzle: Moderate,0,0,
55618,2021-07-17 09:10:00,40.68635,-73.96241,1,0,Traffic Control Disregarded,4437608,30.8,23.3,5.1,5.1,0.0,5.0,61,17.8,36.4,201,Rain: Light,1,1,
55619,2021-07-17 06:30:00,40.74552,-73.83544,0,0,Passing or Lane Usage Improper,4438613,30.8,23.3,5.1,5.1,0.0,5.0,61,17.8,36.4,201,Rain: Light,0,0,
55620,2021-07-16 08:40:00,40.66805,-73.9787,0,0,Failure to Yield Right-of-Way,4438470,32.3,23.2,0.3,0.3,0.0,3.0,51,12.3,33.1,238,Drizzle: Light,0,0,
55621,2021-07-17 22:08:00,40.852673,-73.919106,0,0,Alcohol Involvement,4438056,30.8,23.3,5.1,5.1,0.0,5.0,61,17.8,36.4,201,Rain: Light,0,0,
55622,2021-07-17 13:46:00,40.734272,-73.8626,3,0,Following Too Closely,4437693,30.8,23.3,5.1,5.1,0.0,5.0,61,17.8,36.4,201,Rain: Light,3,3,
55623,2021-07-16 08:00:00,40.605427,-74.0762,0,0,Failure to Yield Right-of-Way,4438506,32.3,23.2,0.3,0.3,0.0,3.0,51,12.3,33.1,238,Drizzle: Light,0,0,
55624,2021-07-15 10:45:00,40.671448,-73.89001,0,0,Unspecified,4438359,29.3,21.2,0.1,0.1,0.0,1.0,51,13.7,27.4,212,Drizzle: Light,0,0,
55625,2021-07-17 20:44:00,40.68636,-73.81483,0,0,Passing or Lane Usage Improper,4438215,30.8,23.3,5.1,5.1,0.0,5.0,61,17.8,36.4,201,Rain: Light,0,0,
55626,2021-07-17 15:50:00,40.82389,-73.87461,0,0,Unspecified,4438542,30.8,23.3,5.1,5.1,0.0,5.0,61,17.8,36.4,201,Rain: Light,0,0,
55627,2021-07-17 11:10:00,40.82681,-73.889984,1,0,,4437790,30.8,23.3,5.1,5.1,0.0,5.0,61,17.8,36.4,201,Rain: Light,1,1,
55628,2021-07-17 01:50:00,40.88308,-73.85971,0,0,Fell Asleep,4438108,30.8,23.3,5.1,5.1,0.0,5.0,61,17.8,36.4,201,Rain: Light,0,0,
55629,2021-07-17 00:00:00,40.81666,-73.938995,0,0,Driver Inattention/Distraction,4438244,30.8,23.3,5.1,5.1,0.0,5.0,61,17.8,36.4,201,Rain: Light,0,0,
55630,2021-07-17 18:40:00,40.709175,-73.95337,1,0,Reaction to Uninvolved Vehicle,4438151,30.8,23.3,5.1,5.1,0.0,5.0,61,17.8,36.4,201,Rain: Light,1,1,
55631,2021-07-17 20:55:00,40.821415,-73.82185,0,0,Unspecified,4437875,30.8,23.3,5.1,5.1,0.0,5.0,61,17.8,36.4,201,Rain: Light,0,0,