,CRASH DATETIME,LATITUDE,LONGITUDE,NUMBER OF PERSONS INJURED,NUMBER OF PERSONS KILLED,CONTRIBUTING FACTOR VEHICLE 1,COLLISION_ID,temperature_2m_max,temperature_2m_min,precipitation_sum,rain_sum,snowfall_sum,precipitation_hours,weather_code,wind_speed_10m_max,wind_gusts_10m_max,wind_direction_10m_dominant,Weather Description,Severity_Score,Total_Affected_Persons,Weather_Category
55632,2021-07-16 20:30:00,40.806915,-73.93557,0,0,Traffic Control Disregarded,4438337,32.3,23.2,0.3,0.3,0.0,3.0,51,12.3,33.1,238,Drizzle: Light,0,0,
55633,2021-07-16 18:40:00,40.607723,-73.89732,0,0,Unspecified,4438406,32.3,23.2,0.3,0.3,0.0,3.0,51,12.3,33.1,238,Drizzle: Light,0,0,
55634,2021-07-17 14:30:00,40.629166,-73.947334,0,0,Failure to Yield Right-of-Way,4437777,30.8,23.3,5.1,5.1,0.0,5.0,61,17.8,36.4,201,Rain: Light,0,0,
55635,2021-07-09 20:00:00,40.635956,-73.939316,0,0,Backing Unsafely,4438597,29.8,22.0,35.0,35.0,0.0,14.0,63,31.0,55.8,341,Rain: Moderate,0,0,
55636,2021-07-17 17:30:00,40.658577,-73.89063,0,0,Unspecified,4438351,30.8,23.3,5.1,5.1,0.0,5.0,61,17.8,36.4,201,Rain: Light,0,0,
55637,2021-07-17 15:31:00,40.645164,-73.898346,0,0,Driver Inexperience,4438563,30.8,23.3,5.1,5.1,0.0,5.0,61,17.8,36.4,201,Rain: Light,0,0,
55638,2021-07-17 04:30:00,40.68746,-73.906494,0,0,Unsafe Speed,4437597,30.8,23.3,5.1,5.1,0.0,5.0,61,17.8,36.4,201,Rain: Light,0,0,
55639,2021-07-17 15:31:00,40.675735,-73.89686,1,0,Unspecified,4438374,30.8,23.3,5.1,5.1,0.0,5.0,61,17.8,36.4,201,Rain: Light,1,1,
55640,2021-07-01 14:20:00,40.749355,-73.992645,0,0,Brakes Defective,4438476,27.8,22.2,25.2,25.2,0.0,12.0,65,10.6,33.1,280,Rain: Heavy,0,0,
55641,2021-07-17 04:20:00,40.643425,-73.94588,1,0,Traffic Control Disregarded,4437667,30.8,23.3,5.1,5.1,0.0,5.0,61,17.8,36.4,201,Rain: Light,1,1,
55642,2021-07-17 07:00:00,40.746635,-73.99197,0,0,Passing or Lane Usage Improper,4437824,30.8,23.3,5.1,5.1,0.0,5.0,61,17.8,36.4,201,Rain: Light,0,0,
55643,2021-07-14 18:20:00,40.681633,-73.95133,0,0,Passing Too Closely,4438459,30.6,21.5,0.8,0.8,0.0,3.0,53,14.5,36.0,191,Drizzle: Moderate,0,0,
55644,2021-07-16 12:37:00,40.685696,-73.87161,0,0,View Obstructed/Limited,4438403,32.3,23.2,0.3,0.3,0.0,3.0,51,12.3,33.1,238,Drizzle: Light,0,0,
55645,2021-07-16 15:48:00,40.809563,-73.92923,0,0,Unspecified,4438320,32.3,23.2,0.3,0.3,0.0,3.0,51,12.3,33.1,238,Drizzle: Light,0,0,
55646,2020-07-19 19:37:00,40.861862,-73.91275,0,0,Passing or Lane Usage Improper,4438654,33.6,21.9,0.0,0.0,0.0,0.0,3,26.5,49.3,194,Overcast,0,0,
55647,2021-07-13 15:44:00,40.74,-73.73855,0,0,Driver Inattention/Distraction,4438532,25.0,20.8,2.4,2.4,0.0,12.0,53,13.0,26.3,84,Drizzle: Moderate,0,0,
55648,2021-07-13 09:00:00,40.69585,-73.981926,0,0,Driver Inattention/Distraction,4438573,25.0,20.8,2.4,2.4,0.0,12.0,53,13.0,26.3,84,Drizzle: Moderate,0,0,
55649,2021-07-17 01:16:00,40.73986,-73.995026,1,0,Unsafe Lane Changing,4437837,30.8,23.3,5.1,5.1,0.0,5.0,61,17.8,36.4,201,Rain: Light,1,1,
55650,2021-07-01 14:20:00,40.69203,-73.94565,1,0,Driver Inattention/Distraction,4438490,27.8,22.2,25.2,25.2,0.0,12.0,65,10.6,33.1,280,Rain: Heavy,1,1,
55651,2021-07-17 18:00:00,40.642498,-73.92358,0,0,Unspecified,4438039,30.8,23.3,5.1,5.1,0.0,5.0,61,17.8,36.4,201,Rain: Light,0,0,
55652,2021-07-17 21:35:00,40.816246,-73.908134,1,0,Pedestrian/Bicyclist/Other Pedestrian Error/Confusion,4438325,30.8,23.3,5.1,5.1,0.0,5.0,61,17.8,36.4,201,Rain: Light,1,1,
55653,2021-07-17 22:45:00,40.757095,-73.89134,1,0,Pedestrian/Bicyclist/Other Pedestrian Error/Confusion,4437799,30.8,23.3,5.1,5.1,0.0,5.0,61,17.8,36.4,201,Rain: Light,1,1,
55654,2021-07-17 11:45:00,40.669304,-73.940605,0,0,Driver Inattention/Distraction,4437731,30.8,23.3,5.1,5.1,0.0,5.0,61,17.8,36.4,201,Rain: Light,0,0,
55655,2021-07-16 01:09:00,40.661156,-73.87101,0,0,Unspecified,4438368,32.3,23.2,0.3,0.3,0.0,3.0,51,12.3,33.1,238,Drizzle: Light,0,0,
55656,2021-07-16 09:02:00,40.84299,-73.82625,2,0,Reaction to Uninvolved Vehicle,4438382,32.3,23.2,0.3,0.3,0.0,3.0,51,12.3,33.1,238,Drizzle: Light,2,2,
55657,2021-07-17 16:20:00,40.86996,-73.863396,0,0,Passing Too Closely,4438096,30.8,23.3,5.1,5.1,0.0,5.0,61,17.8,36.4,201,Rain: Light,0,0,
55658,2021-07-17 07:10:00,40.81632,-73.903015,0,0,Driver Inattention/Distraction,4438307,30.8,23.3,5.1,5.1,0.0,5.0,61,17.8,36.4,201,Rain: Light,0,0,
55659,2021-07-17 15:25:00,40.769283,-73.82445,0,0,Alcohol Involvement,4437865,30.8,23.3,5.1,5.1,0.0,5.0,61,17.8,36.4,201,Rain: Light,0,0,
55660,2021-07-17 08:30:00,40.644337,-74.00754,0,0,Unspecified,4437962,30.8,23.3,5.1,5.1,0.0,5.0,61,17.8,36.4,201,Rain: Light,0,0,
55661,2021-07-17 20:05:00,40.67189,-73.895874,0,0,Unspecified,4438410,30.8,23.3,5.1,5.1,0.0,5.0,61,17.8,36.4,201,Rain: Light,0,0,
55662,2021-07-16 16:16:00,40.66965,-73.89332,1,0,Driver Inattention/Distraction,4438344,32.3,23.2,0.3,0.3,0.0,3.0,51,12.3,33.1,238,Drizzle: Light,1,1,
55663,2021-07-14 14:13:00,40.870583,-73.90266,1,0,Driver Inattention/Distraction,4438691,30.6,21.5,0.8,0.8,0.0,3.0,53,14.5,36.0,191,Drizzle: Moderate,1,1,
55664,2021-07-07 18:45:00,40.69864,-73.93819,0,0,Passing Too Closely,4438462,31.4,22.2,1.4,1.4,0.0,6.0,53,17.4,37.8,213,Drizzle: Moderate,0,0,
55665,2021-07-17 23:08:00,40.85882,-73.9368,0,0,Driver Inexperience,4437991,30.8,23.3,5.1,5.1,0.0,5.0,61,17.8,36.4,201,Rain: Light,0,0,
55666,2021-07-12 16:00:00,40.6884,-73.95118,0,0,Unspecified,4438454,28.6,22.0,9.7,9.7,0.0,12.0,63,12.0,31.7,107,Rain: Moderate,0,0,
55667,2021-07-16 08:00:00,40.665356,-73.89421,0,0,Following Too Closely,4438347,32.3,23.2,0.3,0.3,0.0,3.0,51,12.3,33.1,238,Drizzle: Light,0,0,
55668,2021-07-17 17:00:00,40.699253,-73.91719,0,0,Driver Inattention/Distraction,4438398,30.8,23.3,5.1,5.1,0.0,5.0,61,17.8,36.4,201,Rain: Light,0,0,
55669,2021-07-16 09:10:00,40.655785,-73.86289,0,0,Unspecified,4438369,32.3,23.2,0.3,0.3,0.0,3.0,51,12.3,33.1,238,Drizzle: Light,0,0,
55670,2021-07-17 16:40:00,40.63524,-73.967636,1,0,Driver Inattention/Distraction,4437774,30.8,23.3,5.1,5.1,0.0,5.0,61,17.8,36.4,201,Rain: Light,1,1,
55671,2021-07-17 17:10:00,40.705246,-73.95908,3,0,Following Too Closely,4438142,30.8,23.3,5.1,5.1,0.0,5.0,61,17.8,36.4,201,Rain: Light,3,3,
55672,2021-07-17 04:00:00,40.617645,-74.00304,2,0,Driver Inattention/Distraction,4437657,30.8,23.3,5.1,5.1,0.0,5.0,61,17.8,36.4,201,Rain: Light,2,2,
55673,2021-07-17 13:08:00,40.86235,-73.87051,0,0,Failure to Yield Right-of-Way,4438115,30.8,23.3,5.1,5.1,0.0,5.0,61,17.8,36.4,201,Rain: Light,0,0,
55674,2021-07-13 08:05:00,40.6737,-74.00444,1,0,Driver Inattention/Distraction,4438593,25.0,20.8,2.4,2.4,0.0,12.0,53,13.0,26.3,84,Drizzle: Moderate,1,1,
55675,2021-07-16 15:15:00,40.5516,-74.190155,0,0,Traffic Control Disregarded,4438386,32.3,23.2,0.3,0.3,0.0,3.0,51,12.3,33.1,238,Drizzle: Light,0,0,
55676,2021-07-17 18:02:00,40.838116,-73.85002,0,0,Unspecified,4437874,30.8,23.3,5.1,5.1,0.0,5.0,61,17.8,36.4,201,Rain: Light,0,0,
55677,2021-07-14 08:52:00,40.75355,-73.98505,1,0,Passenger Distraction,4438520,30.6,21.5,0.8,0.8,0.0,3.0,53,14.5,36.0,191,Drizzle: Moderate,1,1,
55678,2021-07-17 21:09:00,40.83029,-73.850655,1,0,Unspecified,4437927,30.8,23.3,5.1,5.1,0.0,5.0,61,17.8,36.4,201,Rain: Light,1,1,
55679,2021-07-16 11:32:00,40.810173,-73.95117,0,0,Driver Inattention/Distraction,4438553,32.3,23.2,0.3,0.3,0.0,3.0,51,12.3,33.1,238,Drizzle: Light,0,0,
55680,2021-07-17 17:00:00,40.718792,-73.993515,0,0,Driver Inattention/Distraction,4438269,30.8,23.3,5.1,5.1,0.0,5.0,61,17.8,36.4,201,Rain: Light,0,0,
55681,2021-07-17 12:20:00,40.84525,-73.91499,1,0,Unsafe Lane Changing,4438059,30.8,23.3,5.1,5.1,0.0,5.0,61,17.8,36.4,201,Rain: Light,1,1,
55682,2021-07-17 05:20:00,40.7179,-73.83202,0,0,Driver Inattention/Distraction,4437692,30.8,23.3,5.1,5.1,0.0,5.0,61,17.8,36.4,201,Rain: Light,0,0,
55683,2021-07-17 16:00:00,40.783226,-73.84223,0,0,Turning Improperly,4437728,30.8,23.3,5.1,5.1,0.0,5.0,61,17.8,36.4,201,Rain: Light,0,0,
55684,2021-07-09 09:08:00,40.66999,-73.85912,0,0,Unspecified,4438427,29.8,22.0,35.0,35.0,0.0,14.0,63,31.0,55.8,341,Rain: Moderate,0,0,
55685,2021-07-17 11:17:00,40.73769,-73.76858,1,0,Other Vehicular,4438074,30.8,23.3,5.1,5.1,0.0,5.0,61,17.8,36.4,201,Rain: Light,1,1,
55686,2021-07-17 07:00:00,40.762745,-73.83329,0,0,Following Too Closely,4437813,30.8,23.3,5.1,5.1,0.0,5.0,61,17.8,36.4,201,Rain: Light,0,0,
55687,2021-06-20 19:40:00,40.68693,-73.95089,0,0,Backing Unsafely,4438494,28.7,17.3,0.3,0.3,0.0,2.0,51,19.5,40.0,212,Drizzle: Light,0,0,
55688,2021-07-16 12:30:00,40.572548,-74.16997,0,0,Other Vehicular,4438394,32.3,23.2,0.3,0.3,0.0,3.0,51,12.3,33.1,238,Drizzle: Light,0,0,
55689,2021-07-16 18:40:00,40.671177,-73.9747,0,0,Following Too Closely,4438467,32.3,23.2,0.3,0.3,0.0,3.0,51,12.3,33.1,238,Drizzle: Light,0,0,
55690,2021-07-17 11:00:00,40.75435,-73.82139,0,0,Unspecified,4437707,30.8,23.3,5.1,5.1,0.0,5.0,61,17.8,36.4,201,Rain: Light,0,0,
55691,2021-07-17 20:20:00,40.611034,-74.01349,0,0,Alcohol Involvement,4437733,30.8,23.3,5.1,5.1,0.0,5.0,61,17.8,36.4,201,Rain: Light,0,0,
55692,2021-07-16 13:10:00,40.8147,-73.91859,1,0,Driver Inattention/Distraction,4438309,32.3,23.2,0.3,0.3,0.0,3.0,51,12.3,33.1,238,Drizzle: Light,1,1,
55693,2021-07-17 08:00:00,40.76399,-73.958786,1,0,Traffic Control Disregarded,4438192,30.8,23.3,5.1,5.1,0.0,5.0,61,17.8,36.4,201,Rain: Light,1,1,
55694,2021-07-17 06:20:00,40.71531,-73.826385,0,0,Driver Inattention/Distraction,4438223,30.8,23.3,5.1,5.1,0.0,5.0,61,17.8,36.4,201,Rain: Light,0,0,
55695,2022-03-05 16:21:00,40.705532,-73.79469,0,0,Failure to Keep Right,4518386,5.8,-4.4,0.1,0.1,0.0,1.0,51,17.8,31.7,176,Drizzle: Light,0,0,
55696,2021-07-17 03:38:00,40.719204,-73.99037,0,0,Driver Inexperience,4437623,30.8,23.3,5.1,5.1,0.0,5.0,61,17.8,36.4,201,Rain: Light,0,0,
55697,2021-07-12 23:00:00,40.63574,-74.02605,1,0,Driver Inattention/Distraction,4438579,28.6,22.0,9.7,9.7,0.0,12.0,63,12.0,31.7,107,Rain: Moderate,1,1,
55698,2021-07-17 10:00:00,40.876923,-73.87327,0,0,Other Vehicular,4437949,30.8,23.3,5.1,5.1,0.0,5.0,61,17.8,36.4,201,Rain: Light,0,0,
55699,2021-07-04 13:10:00,40.820087,-73.89056,0,0,Unspecified,4438510,24.6,15.8,1.4,1.4,0.0,12.0,51,11.8,27.0,299,Drizzle: Light,0,0,
55700,2021-07-10 06:50:00,40.849674,-73.83581,0,0,Turning Improperly,4438558,25.5,20.7,0.5,0.5,0.0,3.0,51,14.5,29.9,1,Drizzle: Light,0,0,
55701,2021-07-17 12:30:00,40.706993,-74.012344,0,0,Unspecified,4437651,30.8,23.3,5.1,5.1,0.0,5.0,61,17.8,36.4,201,Rain: Light,0,0,
55702,2021-07-17 12:12:00,40.69112,-73.953575,0,0,Passing Too Closely,4438507,30.8,23.3,5.1,5.1,0.0,5.0,61,17.8,36.4,201,Rain: Light,0,0,
55703,2021-07-17 18:50:00,40.887844,-73.83052,0,0,Backing Unsafely,4438094,30.8,23.3,5.1,5.1,0.0,5.0,61,17.8,36.4,201,Rain: Light,0,0,
55704,2021-07-17 08:50:00,40.584003,-73.92157,0,0,Driver Inattention/Distraction,4437607,30.8,23.3,5.1,5.1,0.0,5.0,61,17.8,36.4,201,Rain: Light,0,0,
55705,2021-07-17 10:17:00,40.628227,-73.926865,0,0,Failure to Yield Right-of-Way,4437752,30.8,23.3,5.1,5.1,0.0,5.0,61,17.8,36.4,201,Rain: Light,0,0,
55706,2021-07-17 16:40:00,40.597378,-73.76498,0,0,Backing Unsafely,4438187,30.8,23.3,5.1,5.1,0.0,5.0,61,17.8,36.4,201,Rain: Light,0,0,
55707,2021-07-17 06:46:00,40.841816,-73.92245,0,0,Driver Inattention/Distraction,4438637,30.8,23.3,5.1,5.1,0.0,5.0,61,17.8,36.4,201,Rain: Light,0,0,
55708,2021-07-17 18:10:00,40.85053,-73.90514,0,0,Following Too Closely,4438055,30.8,23.3,5.1,5.1,0.0,5.0,61,17.8,36.4,201,Rain: Light,0,0,
55709,2021-07-17 16:20:00,40.60582,-73.9803,0,0,Aggressive Driving/Road Rage,4437673,30.8,23.3,5.1,5.1,0.0,5.0,61,17.8,36.4,201,Rain: Light,0,0,
55710,2021-07-16 20:25:00,40.67249,-73.90064,1,0,Driver Inattention/Distraction,4438380,32.3,23.2,0.3,0.3,0.0,3.0,51,12.3,33.1,238,Drizzle: Light,1,1,
55711,2021-07-16 09:55:00,40.65309,-73.88552,0,0,Passing or Lane Usage Improper,4438352,32.3,23.2,0.3,0.3,0.0,3.0,51,12.3,33.1,238,Drizzle: Light,0,0,
55712,2021-07-17 03:31:00,40.838196,-73.901184,0,0,Turning Improperly,4437825,30.8,23.3,5.1,5.1,0.0,5.0,61,17.8,36.4,201,Rain: Light,0,0,
55713,2021-07-10 23:57:00,40.65133,-73.90607,1,0,Driver Inattention/Distraction,4438566,25.5,20.7,0.5,0.5,0.0,3.0,51,14.5,29.9,1,Drizzle: Light,1,1,
55714,2021-07-17 00:56:00,40.807594,-73.91695,1,0,Other Vehicular,4438313,30.8,23.3,5.1,5.1,0.0,5.0,61,17.8,36.4,201,Rain: Light,1,1,
55715,2021-07-17 22:35:00,40.66451,-73.91723,2,0,Driver Inattention/Distraction,4438335,30.8,23.3,5.1,5.1,0.0,5.0,61,17.8,36.4,201,Rain: Light,2,2,
55716,2021-07-17 04:02:00,40.676342,-73.910934,1,0,Traffic Control Disregarded,4437838,30.8,23.3,5.1,5.1,0.0,5.0,61,17.8,36.4,201,Rain: Light,1,1,
55717,2021-07-17 07:50:00,40.762375,-73.81932,0,0,Turning Improperly,4438576,30.8,23.3,5.1,5.1,0.0,5.0,61,17.8,36.4,201,Rain: Light,0,0,
55718,2021-06-03 17:25:00,40.751305,-73.98766,0,0,Unspecified,4438477,23.0,13.2,11.9,11.9,0.0,10.0,63,13.6,38.9,165,Rain: Moderate,0,0,
55719,2021-07-17 02:00:00,40.650806,-73.94958,0,0,Failure to Yield Right-of-Way,4437668,30.8,23.3,5.1,5.1,0.0,5.0,61,17.8,36.4,201,Rain: Light,0,0,
55720,2021-07-13 15:10:00,40.689445,-73.95513,0,0,Passing or Lane Usage Improper,4438460,25.0,20.8,2.4,2.4,0.0,12.0,53,13.0,26.3,84,Drizzle: Moderate,0,0,
55721,2021-07-17 08:20:00,40.757847,-73.78944,1,0,Following Too Closely,4437636,30.8,23.3,5.1,5.1,0.0,5.0,61,17.8,36.4,201,Rain: Light,1,1,
55722,2021-07-16 23:19:00,40.61847,-74.13689,0,0,Passing Too Closely,4438389,32.3,23.2,0.3,0.3,0.0,3.0,51,12.3,33.1,238,Drizzle: Light,0,0,
55723,2021-07-17 06:24:00,40.65634,-73.92137,1,0,Driver Inexperience,4438107,30.8,23.3,5.1,5.1,0.0,5.0,61,17.8,36.4,201,Rain: Light,1,1,
55724,2021-07-17 21:57:00,40.83045,-73.8509,4,0,Unspecified,4438548,30.8,23.3,5.1,5.1,0.0,5.0,61,17.8,36.4,201,Rain: Light,4,4,
55725,2021-07-16 11:28:00,40.788937,-73.94254,0,0,Unspecified,4438678,32.3,23.2,0.3,0.3,0.0,3.0,51,12.3,33.1,238,Drizzle: Light,0,0,
55726,2021-07-17 04:30:00,40.820435,-73.93623,0,0,Unspecified,4438242,30.8,23.3,5.1,5.1,0.0,5.0,61,17.8,36.4,201,Rain: Light,0,0,
55727,2021-07-17 04:30:00,40.737152,-73.90521,0,0,Driver Inattention/Distraction,4437716,30.8,23.3,5.1,5.1,0.0,5.0,61,17.8,36.4,201,Rain: Light,0,0,
55728,2021-07-17 16:41:00,40.8695,-73.82619,0,0,Unspecified,4437879,30.8,23.3,5.1,5.1,0.0,5.0,61,17.8,36.4,201,Rain: Light,0,0,
55729,2021-07-17 11:30:00,40.717518,-73.96474,0,0,Backing Unsafely,4438149,30.8,23.3,5.1,5.1,0.0,5.0,61,17.8,36.4,201,Rain: Light,0,0,
55730,2021-07-17 19:30:00,40.65605,-73.92361,0,0,Unspecified,4438035,30.8,23.3,5.1,5.1,0.0,5.0,61,17.8,36.4,201,Rain: Light,0,0,
55731,2021-07-17 09:30:00,40.579105,-73.84281,0,0,Driver Inattention/Distraction,4437633,30.8,23.3,5.1,5.1,0.0,5.0,61,17.8,36.4,201,Rain: Light,0,0,
55732,2021-07-17 03:02:00,40.716557,-73.82869,0,0,Unsafe Lane Changing,4437599,30.8,23.3,5.1,5.1,0.0,5.0,61,17.8,36.4,201,Rain: Light,0,0,
55733,2021-07-17 19:15:00,40.874138,-73.877525,1,0,Unsafe Speed,4437755,30.8,23.3,5.1,5.1,0.0,5.0,61,17.8,36.4,201,Rain: Light,1,1,
55734,2021-07-17 00:00:00,40.608154,-74.13211,0,0,Driver Inattention/Distraction,4438437,30.8,23.3,5.1,5.1,0.0,5.0,61,17.8,36.4,201,Rain: Light,0,0,
55735,2021-07-17 14:30:00,40.83898,-73.9186,0,0,Passing Too Closely,4437904,30.8,23.3,5.1,5.1,0.0,5.0,61,17.8,36.4,201,Rain: Light,0,0,
55736,2021-07-17 13:13:00,40.72322,-73.75385,0,0,Following Too Closely,4437719,30.8,23.3,5.1,5.1,0.0,5.0,61,17.8,36.4,201,Rain: Light,0,0,
55737,2021-07-16 10:15:00,40.6481,-73.91474,0,0,Passing Too Closely,4438599,32.3,23.2,0.3,0.3,0.0,3.0,51,12.3,33.1,238,Drizzle: Light,0,0,
55738,2021-01-15 08:40:00,40.680725,-73.87486,2,0,Driver Inattention/Distraction,4438358,7.0,-1.0,3.1,3.1,0.0,5.0,63,26.8,50.0,72,Rain: Moderate,2,2,
55739,2021-07-14 17:20:00,40.677494,-73.90202,0,0,Unspecified,4438375,30.6,21.5,0.8,0.8,0.0,3.0,53,14.5,36.0,191,Drizzle: Moderate,0,0,
55740,2021-07-16 10:40:00,40.813663,-73.931244,0,0,Passing or Lane Usage Improper,4438319,32.3,23.2,0.3,0.3,0.0,3.0,51,12.3,33.1,238,Drizzle: Light,0,0,
55741,2021-07-16 18:10:00,40.66196,-73.885635,0,0,Passing Too Closely,4438404,32.3,23.2,0.3,0.3,0.0,3.0,51,12.3,33.1,238,Drizzle: Light,0,0,
55742,2021-07-17 18:35:00,40.587643,-74.16053,0,0,Driver Inattention/Distraction,4438535,30.8,23.3,5.1,5.1,0.0,5.0,61,17.8,36.4,201,Rain: Light,0,0,
55743,2021-07-17 01:00:00,40.747242,-73.88766,0,0,Backing Unsafely,4437781,30.8,23.3,5.1,5.1,0.0,5.0,61,17.8,36.4,201,Rain: Light,0,0,
55744,2021-07-17 13:22:00,40.70313,-73.816795,1,0,Unspecified,4438327,30.8,23.3,5.1,5.1,0.0,5.0,61,17.8,36.4,201,Rain: Light,1,1,
55745,2021-07-16 13:50:00,40.58839,-74.16793,0,0,Driver Inattention/Distraction,4438433,32.3,23.2,0.3,0.3,0.0,3.0,51,12.3,33.1,238,Drizzle: Light,0,0,
55746,2021-07-17 22:32:00,40.747498,-73.853615,1,0,Driver Inattention/Distraction,4438075,30.8,23.3,5.1,5.1,0.0,5.0,61,17.8,36.4,201,Rain: Light,1,1,
55747,2021-07-11 20:07:00,40.694263,-73.95235,0,0,Following Too Closely,4438455,24.9,19.8,2.5,2.5,0.0,9.0,53,15.8,35.3,141,Drizzle: Moderate,0,0,
55748,2021-07-17 15:54:00,40.675907,-73.969505,1,0,View Obstructed/Limited,4438472,30.8,23.3,5.1,5.1,0.0,5.0,61,17.8,36.4,201,Rain: Light,1,1,
55749,2021-07-17 09:05:00,40.59781,-73.99938,0,0,,4437659,30.8,23.3,5.1,5.1,0.0,5.0,61,17.8,36.4,201,Rain: Light,0,0,
55750,2021-07-17 14:33:00,40.744026,-73.92616,0,0,Reaction to Uninvolved Vehicle,4438144,30.8,23.3,5.1,5.1,0.0,5.0,61,17.8,36.4,201,Rain: Light,0,0,
55751,2021-07-15 12:38:00,40.668133,-73.89781,0,0,Unspecified,4438393,29.3,21.2,0.1,0.1,0.0,1.0,51,13.7,27.4,212,Drizzle: Light,0,0,
55752,2021-07-17 20:10:00,40.851658,-73.921394,0,0,Unspecified,4438061,30.8,23.3,5.1,5.1,0.0,5.0,61,17.8,36.4,201,Rain: Light,0,0,
55753,2021-07-17 15:38:00,40.688324,-73.96482,1,0,Failure to Yield Right-of-Way,4437708,30.8,23.3,5.1,5.1,0.0,5.0,61,17.8,36.4,201,Rain: Light,1,1,
55754,2021-07-17 00:20:00,40.815304,-73.94371,0,0,Failure to Yield Right-of-Way,4438231,30.8,23.3,5.1,5.1,0.0,5.0,61,17.8,36.4,201,Rain: Light,0,0,
55755,2021-07-17 03:30:00,40.66669,-73.81173,7,0,Reaction to Uninvolved Vehicle,4437628,30.8,23.3,5.1,5.1,0.0,5.0,61,17.8,36.4,201,Rain: Light,7,7,
55756,2021-07-16 14:35:00,40.67613,-73.884865,0,0,Driver Inattention/Distraction,4438405,32.3,23.2,0.3,0.3,0.0,3.0,51,12.3,33.1,238,Drizzle: Light,0,0,
55757,2021-07-17 14:48:00,40.690563,-73.94536,1,0,Driver Inattention/Distraction,4438461,30.8,23.3,5.1,5.1,0.0,5.0,61,17.8,36.4,201,Rain: Light,1,1,
55758,2021-07-17 02:06:00,40.81928,-73.91789,0,0,Unspecified,4438322,30.8,23.3,5.1,5.1,0.0,5.0,61,17.8,36.4,201,Rain: Light,0,0,
55759,2021-07-12 16:35:00,40.689445,-73.95513,0,0,Backing Unsafely,4438493,28.6,22.0,9.7,9.7,0.0,12.0,63,12.0,31.7,107,Rain: Moderate,0,0,
55760,2021-07-17 06:35:00,40.696205,-73.97249,2,0,Traffic Control Disregarded,4437861,30.8,23.3,5.1,5.1,0.0,5.0,61,17.8,36.4,201,Rain: Light,2,2,
55761,2021-07-09 07:46:00,40.677155,-73.86887,0,0,Unspecified,4438367,29.8,22.0,35.0,35.0,0.0,14.0,63,31.0,55.8,341,Rain: Moderate,0,0,
55762,2021-07-16 13:16:00,40.679337,-73.89483,1,0,Driver Inattention/Distraction,4438370,32.3,23.2,0.3,0.3,0.0,3.0,51,12.3,33.1,238,Drizzle: Light,1,1,
55763,2021-07-17 03:00:00,40.69832,-73.962265,0,0,Driver Inattention/Distraction,4437581,30.8,23.3,5.1,5.1,0.0,5.0,61,17.8,36.4,201,Rain: Light,0,0,
55764,2021-07-15 21:48:00,40.607178,-74.13193,0,0,Driver Inattention/Distraction,4438442,29.3,21.2,0.1,0.1,0.0,1.0,51,13.7,27.4,212,Drizzle: Light,0,0,
55765,2021-07-17 19:40:00,40.835114,-73.861084,0,0,Unspecified,4437944,30.8,23.3,5.1,5.1,0.0,5.0,61,17.8,36.4,201,Rain: Light,0,0,
55766,2021-07-17 23:41:00,40.864403,-73.923775,1,0,Driver Inattention/Distraction,4437994,30.8,23.3,5.1,5.1,0.0,5.0,61,17.8,36.4,201,Rain: Light,1,1,
55767,2021-06-30 13:00:00,40.75687,-73.98601,1,0,Unspecified,4438519,35.2,24.9,0.1,0.1,0.0,1.0,51,20.6,37.1,246,Drizzle: Light,1,1,
55768,2021-07-15 12:45:00,40.66292,-73.899345,0,0,Unspecified,4438400,29.3,21.2,0.1,0.1,0.0,1.0,51,13.7,27.4,212,Drizzle: Light,0,0,
55769,2021-07-17 19:40:00,40.798817,-73.953804,1,0,View Obstructed/Limited,4438556,30.8,23.3,5.1,5.1,0.0,5.0,61,17.8,36.4,201,Rain: Light,1,1,
55770,2022-01-20 00:00:00,40.8325,-73.92811,1,0,Unsafe Speed,4496207,5.2,-5.5,7.3,4.6,1.89,10.0,73,22.3,40.0,315,Snow fall: Moderate,1,1,Snowy Conditions
55771,2021-07-17 06:40:00,40.758633,-73.96579,2,0,Driver Inattention/Distraction,4437762,30.8,23.3,5.1,5.1,0.0,5.0,61,17.8,36.4,201,Rain: Light,2,2,
55772,2021-07-17 10:00:00,40.862988,-73.84342,0,0,Backing Unsafely,4438273,30.8,23.3,5.1,5.1,0.0,5.0,61,17.8,36.4,201,Rain: Light,0,0,
55773,2021-07-17 01:42:00,40.757183,-73.98966,1,0,Aggressive Driving/Road Rage,4437811,30.8,23.3,5.1,5.1,0.0,5.0,61,17.8,36.4,201,Rain: Light,1,1,
55774,2021-07-16 18:01:00,40.60805,-74.15736,3,0,Driver Inattention/Distraction,4438428,32.3,23.2,0.3,0.3,0.0,3.0,51,12.3,33.1,238,Drizzle: Light,3,3,
55775,2022-04-10 21:48:00,40.631973,-74.15642,0,0,Driver Inattention/Distraction,4517933,9.8,3.5,0.0,0.0,0.0,0.0,3,29.3,54.4,307,Overcast,0,0,