,CRASH DATETIME,LATITUDE,LONGITUDE,NUMBER OF PERSONS INJURED,NUMBER OF PERSONS KILLED,CONTRIBUTING FACTOR VEHICLE 1,COLLISION_ID,temperature_2m_max,temperature_2m_min,precipitation_sum,rain_sum,snowfall_sum,precipitation_hours,weather_code,wind_speed_10m_max,wind_gusts_10m_max,wind_direction_10m_dominant,Weather Description,Severity_Score,Total_Affected_Persons,Weather_Category
55776,2021-07-17 00:22:00,40.644337,-74.00754,0,0,Driver Inattention/Distraction,4437963,30.8,23.3,5.1,5.1,0.0,5.0,61,17.8,36.4,201,Rain: Light,0,0,
55777,2021-07-17 10:00:00,40.650875,-73.932236,0,0,Unspecified,4437691,30.8,23.3,5.1,5.1,0.0,5.0,61,17.8,36.4,201,Rain: Light,0,0,
55778,2021-07-17 03:50:00,40.681263,-73.83954,0,0,Unspecified,4437622,30.8,23.3,5.1,5.1,0.0,5.0,61,17.8,36.4,201,Rain: Light,0,0,
55779,2021-07-17 01:00:00,40.84494,-73.939476,0,0,Other Vehicular,4438119,30.8,23.3,5.1,5.1,0.0,5.0,61,17.8,36.4,201,Rain: Light,0,0,
55780,2021-07-16 19:10:00,40.819992,-73.918015,1,0,Unspecified,4438310,32.3,23.2,0.3,0.3,0.0,3.0,51,12.3,33.1,238,Drizzle: Light,1,1,
55781,2021-07-17 22:40:00,40.726254,-73.90391,2,0,Reaction to Uninvolved Vehicle,4437734,30.8,23.3,5.1,5.1,0.0,5.0,61,17.8,36.4,201,Rain: Light,2,2,
55782,2021-07-17 20:21:00,40.75548,-73.74173,0,0,Driver Inattention/Distraction,4437724,30.8,23.3,5.1,5.1,0.0,5.0,61,17.8,36.4,201,Rain: Light,0,0,
55783,2021-07-17 05:10:00,40.75455,-73.74317,0,0,Fell Asleep,4438199,30.8,23.3,5.1,5.1,0.0,5.0,61,17.8,36.4,201,Rain: Light,0,0,
55784,2021-07-17 11:20:00,40.666294,-73.89445,1,0,Aggressive Driving/Road Rage,4438409,30.8,23.3,5.1,5.1,0.0,5.0,61,17.8,36.4,201,Rain: Light,1,1,
55785,2021-07-17 16:15:00,40.830784,-73.904976,0,0,Driver Inattention/Distraction,4437798,30.8,23.3,5.1,5.1,0.0,5.0,61,17.8,36.4,201,Rain: Light,0,0,
55786,2021-07-17 14:29:00,40.756573,-74.00384,0,0,Driver Inattention/Distraction,4437872,30.8,23.3,5.1,5.1,0.0,5.0,61,17.8,36.4,201,Rain: Light,0,0,
55787,2021-07-15 18:30:00,40.54643,-74.20989,0,0,Passing Too Closely,4438385,29.3,21.2,0.1,0.1,0.0,1.0,51,13.7,27.4,212,Drizzle: Light,0,0,
55788,2021-07-17 17:20:00,40.660797,-73.87183,0,0,Failure to Yield Right-of-Way,4438348,30.8,23.3,5.1,5.1,0.0,5.0,61,17.8,36.4,201,Rain: Light,0,0,
55789,2021-06-13 20:35:00,40.75687,-73.98601,1,0,Pedestrian/Bicyclist/Other Pedestrian Error/Confusion,4438480,23.9,15.0,0.2,0.2,0.0,2.0,51,17.7,35.6,185,Drizzle: Light,1,1,
55790,2021-07-14 17:20:00,40.683582,-73.953964,1,0,Failure to Yield Right-of-Way,4438509,30.6,21.5,0.8,0.8,0.0,3.0,53,14.5,36.0,191,Drizzle: Moderate,1,1,
55791,2021-07-17 17:57:00,40.723076,-73.97649,1,0,Following Too Closely,4437917,30.8,23.3,5.1,5.1,0.0,5.0,61,17.8,36.4,201,Rain: Light,1,1,
55792,2021-07-15 22:18:00,40.80641,-73.94227,0,0,Turning Improperly,4438552,29.3,21.2,0.1,0.1,0.0,1.0,51,13.7,27.4,212,Drizzle: Light,0,0,
55793,2021-07-17 05:30:00,40.840424,-73.92239,0,0,Driver Inattention/Distraction,4437782,30.8,23.3,5.1,5.1,0.0,5.0,61,17.8,36.4,201,Rain: Light,0,0,
55794,2021-07-16 12:43:00,40.68405,-73.97746,0,0,Following Too Closely,4438465,32.3,23.2,0.3,0.3,0.0,3.0,51,12.3,33.1,238,Drizzle: Light,0,0,
55795,2021-07-16 17:35:00,40.818504,-73.91448,1,0,Unspecified,4438329,32.3,23.2,0.3,0.3,0.0,3.0,51,12.3,33.1,238,Drizzle: Light,1,1,
55796,2021-07-17 11:40:00,40.638523,-73.92607,0,0,Turning Improperly,4438570,30.8,23.3,5.1,5.1,0.0,5.0,61,17.8,36.4,201,Rain: Light,0,0,
55797,2021-07-16 12:48:00,40.650272,-73.89097,1,0,Unspecified,4438353,32.3,23.2,0.3,0.3,0.0,3.0,51,12.3,33.1,238,Drizzle: Light,1,1,
55798,2021-07-17 23:20:00,40.736786,-73.98466,0,0,Oversized Vehicle,4437830,30.8,23.3,5.1,5.1,0.0,5.0,61,17.8,36.4,201,Rain: Light,0,0,
55799,2021-10-28 01:06:00,40.869736,-73.89028,0,0,Driver Inattention/Distraction,4471697,15.2,7.9,0.0,0.0,0.0,0.0,3,19.1,34.6,28,Overcast,0,0,
55800,2021-10-28 17:00:00,40.6319,-74.08374,0,0,Unsafe Speed,4472640,15.2,7.9,0.0,0.0,0.0,0.0,3,19.1,34.6,28,Overcast,0,0,
55801,2021-10-27 19:52:00,40.82248,-73.89178,2,0,Unspecified,4471610,16.1,12.2,6.6,6.6,0.0,6.0,61,33.3,63.0,359,Rain: Light,2,2,
55802,2021-10-28 11:00:00,40.6953,-73.812096,0,0,Failure to Yield Right-of-Way,4472350,15.2,7.9,0.0,0.0,0.0,0.0,3,19.1,34.6,28,Overcast,0,0,
55803,2021-10-27 18:21:00,40.76275,-73.99692,0,0,Unspecified,4471789,16.1,12.2,6.6,6.6,0.0,6.0,61,33.3,63.0,359,Rain: Light,0,0,
55804,2021-10-29 19:45:00,40.762486,-73.96298,0,0,Other Vehicular,4472548,13.8,8.3,9.3,9.3,0.0,5.0,63,40.9,73.8,78,Rain: Moderate,0,0,
55805,2021-10-29 04:09:00,40.685287,-73.85718,0,0,Animals Action,4472024,13.8,8.3,9.3,9.3,0.0,5.0,63,40.9,73.8,78,Rain: Moderate,0,0,
55806,2021-10-27 00:54:00,40.689137,-73.990715,2,0,Passing or Lane Usage Improper,4471565,16.1,12.2,6.6,6.6,0.0,6.0,61,33.3,63.0,359,Rain: Light,2,2,
55807,2021-10-29 12:00:00,40.830837,-73.9166,3,0,Failure to Yield Right-of-Way,4472440,13.8,8.3,9.3,9.3,0.0,5.0,63,40.9,73.8,78,Rain: Moderate,3,3,
55808,2021-10-27 12:21:00,40.83623,-73.90741,1,0,,4471982,16.1,12.2,6.6,6.6,0.0,6.0,61,33.3,63.0,359,Rain: Light,1,1,
55809,2021-10-28 07:40:00,40.887737,-73.86755,0,0,Failure to Yield Right-of-Way,4471806,15.2,7.9,0.0,0.0,0.0,0.0,3,19.1,34.6,28,Overcast,0,0,
55810,2021-10-28 05:20:00,40.74076,-73.86749,0,0,Driver Inattention/Distraction,4471962,15.2,7.9,0.0,0.0,0.0,0.0,3,19.1,34.6,28,Overcast,0,0,
55811,2021-10-28 20:51:00,40.756565,-73.99028,0,1,Unspecified,4472056,15.2,7.9,0.0,0.0,0.0,0.0,3,19.1,34.6,28,Overcast,20,1,
55812,2021-10-27 21:50:00,40.791187,-73.85229,0,0,Backing Unsafely,4471558,16.1,12.2,6.6,6.6,0.0,6.0,61,33.3,63.0,359,Rain: Light,0,0,
55813,2021-10-29 08:15:00,40.560085,-74.16505,1,0,Illnes,4472172,13.8,8.3,9.3,9.3,0.0,5.0,63,40.9,73.8,78,Rain: Moderate,1,1,
55814,2021-10-27 04:30:00,40.84747,-73.85472,0,0,Unsafe Speed,4471348,16.1,12.2,6.6,6.6,0.0,6.0,61,33.3,63.0,359,Rain: Light,0,0,
55815,2021-10-28 07:24:00,40.66644,-73.95361,0,0,Animals Action,4471828,15.2,7.9,0.0,0.0,0.0,0.0,3,19.1,34.6,28,Overcast,0,0,
55816,2021-10-28 11:25:00,40.841064,-73.84126,2,0,Unspecified,4472443,15.2,7.9,0.0,0.0,0.0,0.0,3,19.1,34.6,28,Overcast,2,2,
55817,2021-10-28 09:32:00,40.606327,-73.99647,0,0,Driver Inattention/Distraction,4471917,15.2,7.9,0.0,0.0,0.0,0.0,3,19.1,34.6,28,Overcast,0,0,
55818,2021-10-22 12:55:00,40.751446,-74.001434,0,0,Passing or Lane Usage Improper,4472114,20.3,14.4,0.0,0.0,0.0,0.0,3,18.1,31.3,267,Overcast,0,0,
55819,2021-10-29 16:27:00,40.659622,-73.8882,1,0,Unspecified,4472754,13.8,8.3,9.3,9.3,0.0,5.0,63,40.9,73.8,78,Rain: Moderate,1,1,
55820,2021-10-27 09:35:00,40.68269,-73.753174,1,0,Unsafe Speed,4471494,16.1,12.2,6.6,6.6,0.0,6.0,61,33.3,63.0,359,Rain: Light,1,1,
55821,2021-10-29 22:45:00,40.670124,-73.95528,0,0,Driver Inattention/Distraction,4472286,13.8,8.3,9.3,9.3,0.0,5.0,63,40.9,73.8,78,Rain: Moderate,0,0,
55822,2021-10-28 02:00:00,40.696796,-73.89678,0,0,Driver Inexperience,4472039,15.2,7.9,0.0,0.0,0.0,0.0,3,19.1,34.6,28,Overcast,0,0,
55823,2021-10-29 10:35:00,40.85366,-73.86774,0,0,Unsafe Lane Changing,4472242,13.8,8.3,9.3,9.3,0.0,5.0,63,40.9,73.8,78,Rain: Moderate,0,0,
55824,2021-10-28 12:30:00,40.71165,-73.92398,0,0,View Obstructed/Limited,4471900,15.2,7.9,0.0,0.0,0.0,0.0,3,19.1,34.6,28,Overcast,0,0,
55825,2021-10-28 16:43:00,40.821,-73.891106,2,0,Unspecified,4471862,15.2,7.9,0.0,0.0,0.0,0.0,3,19.1,34.6,28,Overcast,2,2,
55826,2021-10-29 19:45:00,40.714622,-73.90117,1,0,Following Too Closely,4472224,13.8,8.3,9.3,9.3,0.0,5.0,63,40.9,73.8,78,Rain: Moderate,1,1,
55827,2021-10-28 17:00:00,40.7417,-73.9802,1,0,Unspecified,4472714,15.2,7.9,0.0,0.0,0.0,0.0,3,19.1,34.6,28,Overcast,1,1,
55828,2021-10-26 23:09:00,40.707592,-73.95555,0,0,Driver Inattention/Distraction,4472798,16.9,13.8,84.5,84.5,0.0,17.0,65,28.7,53.6,87,Rain: Heavy,0,0,
55829,2021-10-29 13:00:00,40.68415,-73.93604,0,0,Following Too Closely,4472597,13.8,8.3,9.3,9.3,0.0,5.0,63,40.9,73.8,78,Rain: Moderate,0,0,
55830,2021-10-28 23:45:00,40.681515,-73.90412,1,0,Driver Inexperience,4471992,15.2,7.9,0.0,0.0,0.0,0.0,3,19.1,34.6,28,Overcast,1,1,
55831,2021-10-29 11:50:00,40.798424,-73.93519,0,0,Passing or Lane Usage Improper,4472099,13.8,8.3,9.3,9.3,0.0,5.0,63,40.9,73.8,78,Rain: Moderate,0,0,
55832,2021-10-27 06:45:00,40.76411,-73.9885,1,0,Unspecified,4472261,16.1,12.2,6.6,6.6,0.0,6.0,61,33.3,63.0,359,Rain: Light,1,1,
55833,2021-10-27 10:53:00,40.76069,-73.93921,2,0,Unspecified,4472483,16.1,12.2,6.6,6.6,0.0,6.0,61,33.3,63.0,359,Rain: Light,2,2,
55834,2021-10-28 17:20:00,40.733913,-73.72392,0,0,Driver Inattention/Distraction,4471945,15.2,7.9,0.0,0.0,0.0,0.0,3,19.1,34.6,28,Overcast,0,0,
55835,2021-10-29 11:30:00,40.646793,-73.92213,0,0,Backing Unsafely,4472700,13.8,8.3,9.3,9.3,0.0,5.0,63,40.9,73.8,78,Rain: Moderate,0,0,
55836,2021-10-29 03:30:00,40.813095,-73.89827,3,0,Driver Inattention/Distraction,4471968,13.8,8.3,9.3,9.3,0.0,5.0,63,40.9,73.8,78,Rain: Moderate,3,3,
55837,2021-10-27 06:17:00,40.68305,-73.97377,0,0,Fatigued/Drowsy,4472157,16.1,12.2,6.6,6.6,0.0,6.0,61,33.3,63.0,359,Rain: Light,0,0,
55838,2021-10-29 20:45:00,40.767418,-73.7906,0,0,Driver Inattention/Distraction,4472140,13.8,8.3,9.3,9.3,0.0,5.0,63,40.9,73.8,78,Rain: Moderate,0,0,
55839,2021-10-28 01:58:00,40.676903,-73.92133,0,0,Unspecified,4471598,15.2,7.9,0.0,0.0,0.0,0.0,3,19.1,34.6,28,Overcast,0,0,
55840,2021-10-29 16:00:00,40.73505,-73.956314,0,0,Following Too Closely,4472235,13.8,8.3,9.3,9.3,0.0,5.0,63,40.9,73.8,78,Rain: Moderate,0,0,
55841,2021-10-28 02:40:00,40.808807,-73.9107,0,0,Unspecified,4471644,15.2,7.9,0.0,0.0,0.0,0.0,3,19.1,34.6,28,Overcast,0,0,
55842,2021-10-29 22:00:00,40.592484,-73.99494,0,0,,4472575,13.8,8.3,9.3,9.3,0.0,5.0,63,40.9,73.8,78,Rain: Moderate,0,0,
55843,2021-10-28 07:30:00,40.700592,-73.85457,1,0,Following Too Closely,4471773,15.2,7.9,0.0,0.0,0.0,0.0,3,19.1,34.6,28,Overcast,1,1,
55844,2021-10-29 20:19:00,40.635403,-73.95718,2,0,Driver Inattention/Distraction,4472423,13.8,8.3,9.3,9.3,0.0,5.0,63,40.9,73.8,78,Rain: Moderate,2,2,
55845,2021-10-28 14:40:00,40.67243,-73.75637,1,0,Turning Improperly,4472247,15.2,7.9,0.0,0.0,0.0,0.0,3,19.1,34.6,28,Overcast,1,1,
55846,2022-03-31 14:55:00,40.671406,-73.79942,0,0,Passing or Lane Usage Improper,4518408,19.0,3.5,12.0,12.0,0.0,4.0,65,37.8,67.3,194,Rain: Heavy,0,0,
55847,2021-07-18 02:00:00,40.70145,-73.989624,0,0,Pavement Slippery,4437744,28.4,23.1,12.4,12.4,0.0,10.0,63,19.6,39.2,232,Rain: Moderate,0,0,
55848,2021-10-28 12:58:00,40.65277,-73.93051,0,0,Unspecified,4472690,15.2,7.9,0.0,0.0,0.0,0.0,3,19.1,34.6,28,Overcast,0,0,
55849,2021-10-25 19:00:00,40.671406,-73.79942,0,0,Passing or Lane Usage Improper,4472125,22.8,13.5,10.7,10.7,0.0,8.0,63,18.9,33.5,172,Rain: Moderate,0,0,
55850,2021-10-27 17:03:00,40.76402,-73.788475,1,0,Driver Inattention/Distraction,4471545,16.1,12.2,6.6,6.6,0.0,6.0,61,33.3,63.0,359,Rain: Light,1,1,
55851,2021-10-28 09:10:00,40.80117,-73.961464,0,0,Backing Unsafely,4471823,15.2,7.9,0.0,0.0,0.0,0.0,3,19.1,34.6,28,Overcast,0,0,
55852,2021-10-27 15:17:00,40.81286,-73.96341,1,0,Unsafe Lane Changing,4471835,16.1,12.2,6.6,6.6,0.0,6.0,61,33.3,63.0,359,Rain: Light,1,1,
55853,2021-10-28 17:41:00,40.701813,-73.80888,0,0,Driver Inattention/Distraction,4472808,15.2,7.9,0.0,0.0,0.0,0.0,3,19.1,34.6,28,Overcast,0,0,
55854,2021-10-27 09:55:00,40.766197,-73.97955,0,0,Traffic Control Disregarded,4472255,16.1,12.2,6.6,6.6,0.0,6.0,61,33.3,63.0,359,Rain: Light,0,0,
55855,2021-10-29 23:39:00,40.72775,-73.97619,1,0,Passenger Distraction,4472520,13.8,8.3,9.3,9.3,0.0,5.0,63,40.9,73.8,78,Rain: Moderate,1,1,
55856,2021-10-27 15:14:00,40.844902,-73.89011,0,0,Driver Inattention/Distraction,4471665,16.1,12.2,6.6,6.6,0.0,6.0,61,33.3,63.0,359,Rain: Light,0,0,
55857,2021-10-27 00:00:00,40.76301,-73.87533,1,0,Driver Inattention/Distraction,4471742,16.1,12.2,6.6,6.6,0.0,6.0,61,33.3,63.0,359,Rain: Light,1,1,
55858,2021-10-27 16:21:00,40.61082,-73.9548,0,0,Unspecified,4471604,16.1,12.2,6.6,6.6,0.0,6.0,61,33.3,63.0,359,Rain: Light,0,0,
55859,2021-10-28 18:00:00,40.617558,-73.93131,0,0,Driver Inattention/Distraction,4471930,15.2,7.9,0.0,0.0,0.0,0.0,3,19.1,34.6,28,Overcast,0,0,
55860,2021-10-29 06:00:00,40.641254,-73.9964,0,0,Unspecified,4472867,13.8,8.3,9.3,9.3,0.0,5.0,63,40.9,73.8,78,Rain: Moderate,0,0,
55861,2021-10-29 00:00:00,40.70537,-73.775826,1,0,Driver Inattention/Distraction,4472354,13.8,8.3,9.3,9.3,0.0,5.0,63,40.9,73.8,78,Rain: Moderate,1,1,
55862,2021-10-27 18:30:00,40.68211,-73.79464,0,0,Unsafe Lane Changing,4472126,16.1,12.2,6.6,6.6,0.0,6.0,61,33.3,63.0,359,Rain: Light,0,0,
55863,2021-10-27 16:00:00,40.743397,-73.88388,0,0,Driver Inattention/Distraction,4471631,16.1,12.2,6.6,6.6,0.0,6.0,61,33.3,63.0,359,Rain: Light,0,0,
55864,2021-10-29 12:45:00,40.73012,-73.98947,2,0,Following Too Closely,4472519,13.8,8.3,9.3,9.3,0.0,5.0,63,40.9,73.8,78,Rain: Moderate,2,2,
55865,2021-10-27 10:15:00,40.61184,-74.08823,0,0,Driver Inattention/Distraction,4472634,16.1,12.2,6.6,6.6,0.0,6.0,61,33.3,63.0,359,Rain: Light,0,0,
55866,2021-10-27 17:00:00,40.787666,-73.94919,0,0,Unspecified,4472269,16.1,12.2,6.6,6.6,0.0,6.0,61,33.3,63.0,359,Rain: Light,0,0,
55867,2021-10-29 23:14:00,40.684887,-74.00111,2,0,Following Too Closely,4472374,13.8,8.3,9.3,9.3,0.0,5.0,63,40.9,73.8,78,Rain: Moderate,2,2,
55868,2021-10-28 17:27:00,40.62806,-74.02029,1,0,Driver Inexperience,4471870,15.2,7.9,0.0,0.0,0.0,0.0,3,19.1,34.6,28,Overcast,1,1,
55869,2021-10-28 00:00:00,40.652946,-74.002174,1,0,Failure to Yield Right-of-Way,4472735,15.2,7.9,0.0,0.0,0.0,0.0,3,19.1,34.6,28,Overcast,1,1,
55870,2021-10-29 14:45:00,40.712532,-74.007675,0,0,Following Too Closely,4472540,13.8,8.3,9.3,9.3,0.0,5.0,63,40.9,73.8,78,Rain: Moderate,0,0,
55871,2021-10-29 07:40:00,40.65477,-74.00708,0,0,Following Too Closely,4472060,13.8,8.3,9.3,9.3,0.0,5.0,63,40.9,73.8,78,Rain: Moderate,0,0,
55872,2021-10-28 05:11:00,40.830982,-73.90082,0,0,Unspecified,4471794,15.2,7.9,0.0,0.0,0.0,0.0,3,19.1,34.6,28,Overcast,0,0,
55873,2021-10-28 00:00:00,40.71721,-73.96117,1,0,Pedestrian/Bicyclist/Other Pedestrian Error/Confusion,4472234,15.2,7.9,0.0,0.0,0.0,0.0,3,19.1,34.6,28,Overcast,1,1,
55874,2021-10-28 15:00:00,40.679832,-73.95322,0,0,Following Too Closely,4471999,15.2,7.9,0.0,0.0,0.0,0.0,3,19.1,34.6,28,Overcast,0,0,
55875,2021-10-27 22:55:00,40.55851,-74.12336,1,0,Failure to Yield Right-of-Way,4471903,16.1,12.2,6.6,6.6,0.0,6.0,61,33.3,63.0,359,Rain: Light,1,1,
55876,2021-10-27 00:00:00,40.719055,-74.01245,1,0,Passing or Lane Usage Improper,4471638,16.1,12.2,6.6,6.6,0.0,6.0,61,33.3,63.0,359,Rain: Light,1,1,
55877,2021-10-29 09:55:00,40.677944,-74.006805,1,0,Failure to Yield Right-of-Way,4472168,13.8,8.3,9.3,9.3,0.0,5.0,63,40.9,73.8,78,Rain: Moderate,1,1,
55878,2021-10-28 05:01:00,40.6411,-73.919464,0,0,Other Lighting Defects,4471799,15.2,7.9,0.0,0.0,0.0,0.0,3,19.1,34.6,28,Overcast,0,0,
55879,2021-10-27 01:40:00,40.69891,-73.93078,1,0,Driver Inattention/Distraction,4471264,16.1,12.2,6.6,6.6,0.0,6.0,61,33.3,63.0,359,Rain: Light,1,1,
55880,2021-10-27 20:40:00,40.845104,-73.91494,0,0,Driver Inattention/Distraction,4471855,16.1,12.2,6.6,6.6,0.0,6.0,61,33.3,63.0,359,Rain: Light,0,0,
55881,2021-10-26 22:20:00,40.654316,-73.922165,2,0,Unspecified,4472693,16.9,13.8,84.5,84.5,0.0,17.0,65,28.7,53.6,87,Rain: Heavy,2,2,
55882,2021-10-28 18:03:00,40.660362,-73.77553,0,0,Other Vehicular,4472110,15.2,7.9,0.0,0.0,0.0,0.0,3,19.1,34.6,28,Overcast,0,0,
55883,2021-10-23 04:50:00,40.697216,-73.872955,0,0,Following Too Closely,4472043,15.9,10.4,0.2,0.2,0.0,2.0,51,14.4,26.6,326,Drizzle: Light,0,0,
55884,2021-10-28 14:10:00,40.714622,-73.90117,0,0,Backing Unsafely,4472036,15.2,7.9,0.0,0.0,0.0,0.0,3,19.1,34.6,28,Overcast,0,0,
55885,2021-10-28 14:00:00,40.634644,-73.880905,1,0,Unsafe Speed,4471824,15.2,7.9,0.0,0.0,0.0,0.0,3,19.1,34.6,28,Overcast,1,1,
55886,2021-10-27 19:00:00,40.715263,-73.81982,2,0,Failure to Yield Right-of-Way,4471564,16.1,12.2,6.6,6.6,0.0,6.0,61,33.3,63.0,359,Rain: Light,2,2,
55887,2021-10-29 12:25:00,40.766434,-73.83767,0,0,Backing Unsafely,4472295,13.8,8.3,9.3,9.3,0.0,5.0,63,40.9,73.8,78,Rain: Moderate,0,0,
55888,2021-10-27 05:40:00,40.694836,-73.98393,0,0,Unspecified,4471487,16.1,12.2,6.6,6.6,0.0,6.0,61,33.3,63.0,359,Rain: Light,0,0,
55889,2021-10-29 18:45:00,40.774513,-73.82468,1,0,Failure to Yield Right-of-Way,4472302,13.8,8.3,9.3,9.3,0.0,5.0,63,40.9,73.8,78,Rain: Moderate,1,1,
55890,2021-10-29 08:45:00,40.870876,-73.8936,0,0,Unspecified,4472078,13.8,8.3,9.3,9.3,0.0,5.0,63,40.9,73.8,78,Rain: Moderate,0,0,
55891,2021-10-27 11:20:00,40.841076,-73.93977,0,0,Passing Too Closely,4472095,16.1,12.2,6.6,6.6,0.0,6.0,61,33.3,63.0,359,Rain: Light,0,0,
55892,2021-10-28 15:56:00,40.665546,-73.9537,1,0,Failure to Yield Right-of-Way,4472031,15.2,7.9,0.0,0.0,0.0,0.0,3,19.1,34.6,28,Overcast,1,1,
55893,2021-10-29 17:15:00,40.75204,-73.92875,1,0,Driver Inattention/Distraction,4472210,13.8,8.3,9.3,9.3,0.0,5.0,63,40.9,73.8,78,Rain: Moderate,1,1,
55894,2021-10-28 06:04:00,40.866047,-73.87207,1,0,Passing Too Closely,4471675,15.2,7.9,0.0,0.0,0.0,0.0,3,19.1,34.6,28,Overcast,1,1,
55895,2021-10-28 12:00:00,40.695026,-73.990814,1,0,Traffic Control Disregarded,4472136,15.2,7.9,0.0,0.0,0.0,0.0,3,19.1,34.6,28,Overcast,1,1,
55896,2021-10-26 23:19:00,40.67765,-73.949776,1,0,Driver Inattention/Distraction,4472567,16.9,13.8,84.5,84.5,0.0,17.0,65,28.7,53.6,87,Rain: Heavy,1,1,
55897,2021-10-27 18:30:00,40.71328,-73.76606,0,0,Unspecified,4472349,16.1,12.2,6.6,6.6,0.0,6.0,61,33.3,63.0,359,Rain: Light,0,0,
55898,2021-10-29 20:10:00,40.68055,-73.7496,1,0,Passing or Lane Usage Improper,4472315,13.8,8.3,9.3,9.3,0.0,5.0,63,40.9,73.8,78,Rain: Moderate,1,1,
55899,2021-10-28 15:18:00,40.7736,-73.98158,0,0,Driver Inattention/Distraction,4472153,15.2,7.9,0.0,0.0,0.0,0.0,3,19.1,34.6,28,Overcast,0,0,
55900,2021-10-25 19:15:00,40.882355,-73.86603,0,0,Driver Inattention/Distraction,4472925,22.8,13.5,10.7,10.7,0.0,8.0,63,18.9,33.5,172,Rain: Moderate,0,0,
55901,2021-10-28 20:40:00,40.756485,-73.94005,1,0,Driver Inattention/Distraction,4471978,15.2,7.9,0.0,0.0,0.0,0.0,3,19.1,34.6,28,Overcast,1,1,
55902,2021-10-27 20:00:00,40.729515,-73.8715,1,0,Following Too Closely,4471839,16.1,12.2,6.6,6.6,0.0,6.0,61,33.3,63.0,359,Rain: Light,1,1,
55903,2021-10-29 17:53:00,40.660027,-73.96061,0,0,Unspecified,4472285,13.8,8.3,9.3,9.3,0.0,5.0,63,40.9,73.8,78,Rain: Moderate,0,0,
55904,2021-10-28 08:17:00,40.66883,-73.90469,0,0,Unspecified,4471763,15.2,7.9,0.0,0.0,0.0,0.0,3,19.1,34.6,28,Overcast,0,0,
55905,2021-10-27 21:16:00,40.821598,-73.89787,0,0,Unspecified,4471609,16.1,12.2,6.6,6.6,0.0,6.0,61,33.3,63.0,359,Rain: Light,0,0,
55906,2021-10-29 00:23:00,40.67681,-73.91924,0,0,Unspecified,4472599,13.8,8.3,9.3,9.3,0.0,5.0,63,40.9,73.8,78,Rain: Moderate,0,0,
55907,2021-10-29 14:50:00,40.605225,-74.00119,0,0,Driver Inattention/Distraction,4472472,13.8,8.3,9.3,9.3,0.0,5.0,63,40.9,73.8,78,Rain: Moderate,0,0,
55908,2021-10-29 01:13:00,40.857414,-73.84662,0,0,Backing Unsafely,4472243,13.8,8.3,9.3,9.3,0.0,5.0,63,40.9,73.8,78,Rain: Moderate,0,0,
55909,2021-10-28 00:00:00,40.666348,-73.76093,1,0,Unspecified,4471942,15.2,7.9,0.0,0.0,0.0,0.0,3,19.1,34.6,28,Overcast,1,1,
55910,2021-10-27 12:00:00,40.618427,-73.956245,0,0,Driver Inattention/Distraction,4471624,16.1,12.2,6.6,6.6,0.0,6.0,61,33.3,63.0,359,Rain: Light,0,0,
55911,2021-10-27 17:48:00,40.633347,-73.99387,0,0,Unspecified,4471955,16.1,12.2,6.6,6.6,0.0,6.0,61,33.3,63.0,359,Rain: Light,0,0,
55912,2021-10-29 09:52:00,40.638523,-73.97319,0,0,Unspecified,4472478,13.8,8.3,9.3,9.3,0.0,5.0,63,40.9,73.8,78,Rain: Moderate,0,0,
55913,2021-10-28 21:01:00,40.86723,-73.88692,0,0,Unspecified,4472063,15.2,7.9,0.0,0.0,0.0,0.0,3,19.1,34.6,28,Overcast,0,0,
55914,2021-10-26 14:00:00,40.685024,-73.98612,1,0,Driver Inattention/Distraction,4472618,16.9,13.8,84.5,84.5,0.0,17.0,65,28.7,53.6,87,Rain: Heavy,1,1,
55915,2021-10-29 21:23:00,40.637783,-74.07695,0,0,Unspecified,4472645,13.8,8.3,9.3,9.3,0.0,5.0,63,40.9,73.8,78,Rain: Moderate,0,0,
55916,2021-10-27 22:52:00,40.748764,-73.86311,1,0,Unspecified,4471735,16.1,12.2,6.6,6.6,0.0,6.0,61,33.3,63.0,359,Rain: Light,1,1,
55917,2021-10-29 18:30:00,40.710533,-74.009384,1,0,Driver Inattention/Distraction,4472531,13.8,8.3,9.3,9.3,0.0,5.0,63,40.9,73.8,78,Rain: Moderate,1,1,
55918,2021-10-27 08:00:00,40.739517,-73.995255,0,0,Unspecified,4471519,16.1,12.2,6.6,6.6,0.0,6.0,61,33.3,63.0,359,Rain: Light,0,0,
55919,2021-10-25 17:19:00,40.77912,-73.984985,1,0,Passenger Distraction,4472130,22.8,13.5,10.7,10.7,0.0,8.0,63,18.9,33.5,172,Rain: Moderate,1,1,
55920,2021-10-28 23:58:00,40.614735,-73.959435,0,0,Unspecified,4472406,15.2,7.9,0.0,0.0,0.0,0.0,3,19.1,34.6,28,Overcast,0,0,
55921,2021-10-29 22:00:00,40.743122,-73.835075,2,0,Following Too Closely,4472162,13.8,8.3,9.3,9.3,0.0,5.0,63,40.9,73.8,78,Rain: Moderate,2,2,
55922,2021-10-29 17:30:00,40.632065,-73.91861,0,0,Driver Inattention/Distraction,4472196,13.8,8.3,9.3,9.3,0.0,5.0,63,40.9,73.8,78,Rain: Moderate,0,0,
55923,2021-10-28 18:35:00,40.648182,-73.93001,2,0,Unspecified,4472697,15.2,7.9,0.0,0.0,0.0,0.0,3,19.1,34.6,28,Overcast,2,2,
55924,2021-10-28 20:35:00,40.88698,-73.84745,0,0,Driver Inexperience,4472366,15.2,7.9,0.0,0.0,0.0,0.0,3,19.1,34.6,28,Overcast,0,0,