,CRASH DATETIME,LATITUDE,LONGITUDE,NUMBER OF PERSONS INJURED,NUMBER OF PERSONS KILLED,CONTRIBUTING FACTOR VEHICLE 1,COLLISION_ID,temperature_2m_max,temperature_2m_min,precipitation_sum,rain_sum,snowfall_sum,precipitation_hours,weather_code,wind_speed_10m_max,wind_gusts_10m_max,wind_direction_10m_dominant,Weather Description,Severity_Score,Total_Affected_Persons,Weather_Category
55925,2021-10-27 06:20:00,40.711365,-73.97897,1,0,Unsafe Speed,4471541,16.1,12.2,6.6,6.6,0.0,6.0,61,33.3,63.0,359,Rain: Light,1,1,
55926,2021-10-29 16:00:00,40.821636,-73.93909,1,0,Other Vehicular,4472273,13.8,8.3,9.3,9.3,0.0,5.0,63,40.9,73.8,78,Rain: Moderate,1,1,
55927,2021-10-28 23:00:00,40.72969,-73.86804,0,0,Alcohol Involvement,4471890,15.2,7.9,0.0,0.0,0.0,0.0,3,19.1,34.6,28,Overcast,0,0,
55928,2021-10-27 06:43:00,40.639706,-74.13909,0,0,Driver Inattention/Distraction,4471413,16.1,12.2,6.6,6.6,0.0,6.0,61,33.3,63.0,359,Rain: Light,0,0,
55929,2021-10-29 16:35:00,40.67021,-73.898346,1,0,Unspecified,4472743,13.8,8.3,9.3,9.3,0.0,5.0,63,40.9,73.8,78,Rain: Moderate,1,1,
55930,2021-10-26 21:00:00,40.667095,-73.92276,1,0,Unspecified,4472394,16.9,13.8,84.5,84.5,0.0,17.0,65,28.7,53.6,87,Rain: Heavy,1,1,
55931,2021-10-28 13:30:00,40.771286,-73.73251,1,0,Traffic Control Disregarded,4471874,15.2,7.9,0.0,0.0,0.0,0.0,3,19.1,34.6,28,Overcast,1,1,
55932,2021-10-27 20:25:00,40.656944,-73.88082,1,0,Unspecified,4471658,16.1,12.2,6.6,6.6,0.0,6.0,61,33.3,63.0,359,Rain: Light,1,1,
55933,2021-10-24 18:45:00,40.748863,-73.892715,0,0,Driver Inattention/Distraction,4472399,15.5,7.6,0.7,0.7,0.0,1.0,53,13.0,23.8,248,Drizzle: Moderate,0,0,
55934,2021-10-29 14:30:00,40.711037,-73.96059,0,0,Oversized Vehicle,4472788,13.8,8.3,9.3,9.3,0.0,5.0,63,40.9,73.8,78,Rain: Moderate,0,0,
55935,2021-10-28 21:55:00,40.804066,-73.93267,0,0,Unsafe Lane Changing,4472019,15.2,7.9,0.0,0.0,0.0,0.0,3,19.1,34.6,28,Overcast,0,0,
55936,2021-10-27 19:30:00,40.74266,-73.72108,0,0,Unspecified,4471584,16.1,12.2,6.6,6.6,0.0,6.0,61,33.3,63.0,359,Rain: Light,0,0,
55937,2021-10-28 15:15:00,40.628147,-73.92013,0,0,Following Too Closely,4471927,15.2,7.9,0.0,0.0,0.0,0.0,3,19.1,34.6,28,Overcast,0,0,
55938,2021-10-19 14:00:00,40.76154,-73.9556,1,0,Following Too Closely,4472014,19.1,8.3,0.0,0.0,0.0,0.0,1,24.6,45.0,272,Mainly clear,1,1,Sunny/Clear Conditions
55939,2021-10-28 10:49:00,40.621994,-73.94598,0,0,Passing or Lane Usage Improper,4471850,15.2,7.9,0.0,0.0,0.0,0.0,3,19.1,34.6,28,Overcast,0,0,
55940,2021-10-28 10:25:00,40.675735,-73.89686,0,0,Unspecified,4471907,15.2,7.9,0.0,0.0,0.0,0.0,3,19.1,34.6,28,Overcast,0,0,
55941,2021-10-27 14:10:00,40.734592,-73.98332,0,0,Other Vehicular,4471521,16.1,12.2,6.6,6.6,0.0,6.0,61,33.3,63.0,359,Rain: Light,0,0,
55942,2021-10-27 17:54:00,40.610237,-73.921844,1,0,Driver Inattention/Distraction,4471547,16.1,12.2,6.6,6.6,0.0,6.0,61,33.3,63.0,359,Rain: Light,1,1,
55943,2021-10-27 17:41:00,40.806293,-73.93603,0,0,Unspecified,4471743,16.1,12.2,6.6,6.6,0.0,6.0,61,33.3,63.0,359,Rain: Light,0,0,
55944,2021-10-29 09:24:00,40.821705,-73.90973,0,0,Unspecified,4472331,13.8,8.3,9.3,9.3,0.0,5.0,63,40.9,73.8,78,Rain: Moderate,0,0,
55945,2021-10-27 16:00:00,40.853138,-73.9017,0,0,Passing Too Closely,4471705,16.1,12.2,6.6,6.6,0.0,6.0,61,33.3,63.0,359,Rain: Light,0,0,
55946,2021-10-27 08:30:00,40.732838,-73.783936,1,0,Following Too Closely,4471713,16.1,12.2,6.6,6.6,0.0,6.0,61,33.3,63.0,359,Rain: Light,1,1,
55947,2021-10-29 03:50:00,40.702347,-73.83392,2,0,Unsafe Speed,4471931,13.8,8.3,9.3,9.3,0.0,5.0,63,40.9,73.8,78,Rain: Moderate,2,2,
55948,2021-10-27 23:48:00,40.70604,-73.90765,0,0,Driver Inattention/Distraction,4472046,16.1,12.2,6.6,6.6,0.0,6.0,61,33.3,63.0,359,Rain: Light,0,0,
55949,2021-10-27 08:30:00,40.60762,-74.147026,0,0,Driver Inattention/Distraction,4471410,16.1,12.2,6.6,6.6,0.0,6.0,61,33.3,63.0,359,Rain: Light,0,0,
55950,2021-10-29 21:06:00,40.69821,-73.92406,0,0,Failure to Yield Right-of-Way,4472201,13.8,8.3,9.3,9.3,0.0,5.0,63,40.9,73.8,78,Rain: Moderate,0,0,
55951,2021-10-28 18:25:00,40.769524,-73.935234,0,0,Unsafe Speed,4471973,15.2,7.9,0.0,0.0,0.0,0.0,3,19.1,34.6,28,Overcast,0,0,
55952,2021-10-29 09:00:00,40.8883,-73.85682,2,0,Failure to Yield Right-of-Way,4472412,13.8,8.3,9.3,9.3,0.0,5.0,63,40.9,73.8,78,Rain: Moderate,2,2,
55953,2021-10-29 14:14:00,40.799484,-73.92929,0,0,Unspecified,4472107,13.8,8.3,9.3,9.3,0.0,5.0,63,40.9,73.8,78,Rain: Moderate,0,0,
55954,2021-10-29 18:18:00,40.82051,-73.89189,2,0,Pedestrian/Bicyclist/Other Pedestrian Error/Confusion,4472656,13.8,8.3,9.3,9.3,0.0,5.0,63,40.9,73.8,78,Rain: Moderate,2,2,
55955,2021-10-28 15:45:00,40.633995,-73.94778,0,0,Unspecified,4472068,15.2,7.9,0.0,0.0,0.0,0.0,3,19.1,34.6,28,Overcast,0,0,
55956,2021-10-27 16:20:00,40.652992,-73.95788,0,0,Unspecified,4471628,16.1,12.2,6.6,6.6,0.0,6.0,61,33.3,63.0,359,Rain: Light,0,0,
55957,2021-10-28 22:14:00,40.660324,-73.75261,0,0,Unspecified,4471938,15.2,7.9,0.0,0.0,0.0,0.0,3,19.1,34.6,28,Overcast,0,0,
55958,2021-10-28 17:45:00,40.867256,-73.88363,0,0,Unspecified,4472075,15.2,7.9,0.0,0.0,0.0,0.0,3,19.1,34.6,28,Overcast,0,0,
55959,2021-10-29 21:18:00,40.80751,-73.93413,0,0,Pavement Slippery,4472187,13.8,8.3,9.3,9.3,0.0,5.0,63,40.9,73.8,78,Rain: Moderate,0,0,
55960,2021-10-28 22:36:00,40.728855,-73.92782,0,0,Driver Inattention/Distraction,4471959,15.2,7.9,0.0,0.0,0.0,0.0,3,19.1,34.6,28,Overcast,0,0,
55961,2021-10-29 09:30:00,40.813362,-73.85773,2,0,Unspecified,4472277,13.8,8.3,9.3,9.3,0.0,5.0,63,40.9,73.8,78,Rain: Moderate,2,2,
55962,2021-10-29 11:49:00,40.619915,-74.01143,3,0,Failure to Yield Right-of-Way,4472149,13.8,8.3,9.3,9.3,0.0,5.0,63,40.9,73.8,78,Rain: Moderate,3,3,
55963,2021-10-29 22:30:00,40.575256,-74.0053,0,0,Unspecified,4472850,13.8,8.3,9.3,9.3,0.0,5.0,63,40.9,73.8,78,Rain: Moderate,0,0,
55964,2021-10-27 08:30:00,40.743114,-73.77114,0,0,Backing Unsafely,4471461,16.1,12.2,6.6,6.6,0.0,6.0,61,33.3,63.0,359,Rain: Light,0,0,
55965,2021-10-28 21:00:00,40.9013,-73.85207,1,0,Driver Inattention/Distraction,4472457,15.2,7.9,0.0,0.0,0.0,0.0,3,19.1,34.6,28,Overcast,1,1,
55966,2021-10-28 09:41:00,40.80614,-73.925804,1,0,Unspecified,4471936,15.2,7.9,0.0,0.0,0.0,0.0,3,19.1,34.6,28,Overcast,1,1,
55967,2021-10-29 20:55:00,40.74184,-74.00746,1,0,Pavement Slippery,4472388,13.8,8.3,9.3,9.3,0.0,5.0,63,40.9,73.8,78,Rain: Moderate,1,1,
55968,2021-10-28 16:30:00,40.85088,-73.851814,0,0,Other Vehicular,4472239,15.2,7.9,0.0,0.0,0.0,0.0,3,19.1,34.6,28,Overcast,0,0,
55969,2021-10-28 01:10:00,40.87384,-73.88916,0,0,Driver Inattention/Distraction,4471664,15.2,7.9,0.0,0.0,0.0,0.0,3,19.1,34.6,28,Overcast,0,0,
55970,2021-10-29 13:45:00,40.62577,-74.134735,0,1,Unspecified,4472716,13.8,8.3,9.3,9.3,0.0,5.0,63,40.9,73.8,78,Rain: Moderate,20,1,
55971,2021-10-27 06:50:00,40.666893,-73.80546,0,0,Following Too Closely,4471378,16.1,12.2,6.6,6.6,0.0,6.0,61,33.3,63.0,359,Rain: Light,0,0,
55972,2021-10-28 20:00:00,40.58343,-73.97309,0,0,Fell Asleep,4472424,15.2,7.9,0.0,0.0,0.0,0.0,3,19.1,34.6,28,Overcast,0,0,
55973,2021-10-27 18:50:00,40.82457,-73.8391,1,0,Unspecified,4471552,16.1,12.2,6.6,6.6,0.0,6.0,61,33.3,63.0,359,Rain: Light,1,1,
55974,2021-10-27 20:50:00,40.845024,-73.92632,0,0,Driver Inattention/Distraction,4471702,16.1,12.2,6.6,6.6,0.0,6.0,61,33.3,63.0,359,Rain: Light,0,0,
55975,2021-10-28 19:11:00,40.6828,-73.90638,1,0,Driver Inattention/Distraction,4471991,15.2,7.9,0.0,0.0,0.0,0.0,3,19.1,34.6,28,Overcast,1,1,
55976,2021-10-28 22:40:00,40.700703,-73.78941,1,0,Other Vehicular,4471912,15.2,7.9,0.0,0.0,0.0,0.0,3,19.1,34.6,28,Overcast,1,1,
55977,2021-10-29 19:30:00,40.693935,-73.787605,0,0,Passing Too Closely,4472176,13.8,8.3,9.3,9.3,0.0,5.0,63,40.9,73.8,78,Rain: Moderate,0,0,
55978,2021-10-29 20:23:00,40.679718,-73.773476,1,0,Failure to Yield Right-of-Way,4472217,13.8,8.3,9.3,9.3,0.0,5.0,63,40.9,73.8,78,Rain: Moderate,1,1,
55979,2021-10-27 21:25:00,40.64404,-73.877525,1,0,Passing or Lane Usage Improper,4471648,16.1,12.2,6.6,6.6,0.0,6.0,61,33.3,63.0,359,Rain: Light,1,1,
55980,2021-10-27 08:55:00,40.821453,-73.8949,0,0,Unspecified,4472102,16.1,12.2,6.6,6.6,0.0,6.0,61,33.3,63.0,359,Rain: Light,0,0,
55981,2021-10-27 09:30:00,40.652786,-73.97807,0,0,Unspecified,4471507,16.1,12.2,6.6,6.6,0.0,6.0,61,33.3,63.0,359,Rain: Light,0,0,
55982,2021-10-28 06:40:00,40.67625,-73.88405,1,0,Unspecified,4472750,15.2,7.9,0.0,0.0,0.0,0.0,3,19.1,34.6,28,Overcast,1,1,
55983,2021-10-29 14:00:00,40.652733,-73.92566,0,0,Unspecified,4472701,13.8,8.3,9.3,9.3,0.0,5.0,63,40.9,73.8,78,Rain: Moderate,0,0,
55984,2021-10-28 04:00:00,40.74624,-73.89131,0,0,Driver Inattention/Distraction,4472681,15.2,7.9,0.0,0.0,0.0,0.0,3,19.1,34.6,28,Overcast,0,0,
55985,2021-10-27 09:24:00,40.722202,-73.88578,0,0,Unspecified,4471834,16.1,12.2,6.6,6.6,0.0,6.0,61,33.3,63.0,359,Rain: Light,0,0,
55986,2021-10-28 21:10:00,40.644142,-73.957924,1,0,Unsafe Speed,4472070,15.2,7.9,0.0,0.0,0.0,0.0,3,19.1,34.6,28,Overcast,1,1,
55987,2021-10-28 08:30:00,40.876633,-73.86412,2,0,Driver Inattention/Distraction,4471807,15.2,7.9,0.0,0.0,0.0,0.0,3,19.1,34.6,28,Overcast,2,2,
55988,2021-10-29 15:00:00,40.765457,-73.981995,1,0,,4472256,13.8,8.3,9.3,9.3,0.0,5.0,63,40.9,73.8,78,Rain: Moderate,1,1,
55989,2021-10-28 19:00:00,40.664604,-73.97685,1,0,Passing or Lane Usage Improper,4472055,15.2,7.9,0.0,0.0,0.0,0.0,3,19.1,34.6,28,Overcast,1,1,
55990,2021-10-27 08:00:00,40.59595,-74.09587,0,0,Unspecified,4471592,16.1,12.2,6.6,6.6,0.0,6.0,61,33.3,63.0,359,Rain: Light,0,0,
55991,2021-10-27 14:00:00,40.632645,-74.00177,1,0,Unspecified,4471964,16.1,12.2,6.6,6.6,0.0,6.0,61,33.3,63.0,359,Rain: Light,1,1,
55992,2021-10-29 21:05:00,40.68114,-73.97818,0,0,Unspecified,4472161,13.8,8.3,9.3,9.3,0.0,5.0,63,40.9,73.8,78,Rain: Moderate,0,0,
55993,2022-04-10 00:24:00,40.693405,-73.90886,2,0,Unsafe Speed,4517494,9.8,3.5,0.0,0.0,0.0,0.0,3,29.3,54.4,307,Overcast,2,2,
55994,2021-10-28 11:10:00,40.693436,-73.97784,1,0,Failure to Yield Right-of-Way,4472144,15.2,7.9,0.0,0.0,0.0,0.0,3,19.1,34.6,28,Overcast,1,1,
55995,2021-10-27 14:00:00,40.54387,-74.14445,0,0,Unspecified,4471573,16.1,12.2,6.6,6.6,0.0,6.0,61,33.3,63.0,359,Rain: Light,0,0,
55996,2021-10-29 13:20:00,40.71819,-73.74153,0,0,Driver Inattention/Distraction,4472087,13.8,8.3,9.3,9.3,0.0,5.0,63,40.9,73.8,78,Rain: Moderate,0,0,
55997,2021-10-28 08:30:00,40.819187,-73.94501,0,0,Unspecified,4471748,15.2,7.9,0.0,0.0,0.0,0.0,3,19.1,34.6,28,Overcast,0,0,
55998,2021-10-29 07:50:00,40.81612,-73.926636,0,0,Unsafe Lane Changing,4472329,13.8,8.3,9.3,9.3,0.0,5.0,63,40.9,73.8,78,Rain: Moderate,0,0,
55999,2021-08-21 08:45:00,40.699013,-73.79573,0,0,Unspecified,4472361,27.2,23.0,0.8,0.8,0.0,6.0,51,14.3,29.5,109,Drizzle: Light,0,0,
56000,2021-10-29 21:33:00,40.84543,-73.91399,0,0,Traffic Control Disregarded,4472837,13.8,8.3,9.3,9.3,0.0,5.0,63,40.9,73.8,78,Rain: Moderate,0,0,
56001,2021-10-29 23:31:00,40.63413,-73.928505,0,0,Unspecified,4472197,13.8,8.3,9.3,9.3,0.0,5.0,63,40.9,73.8,78,Rain: Moderate,0,0,
56002,2021-10-29 04:45:00,40.817917,-73.888725,0,0,Driver Inattention/Distraction,4472100,13.8,8.3,9.3,9.3,0.0,5.0,63,40.9,73.8,78,Rain: Moderate,0,0,
56003,2021-10-19 12:45:00,40.695133,-73.875916,1,0,Unspecified,4472488,19.1,8.3,0.0,0.0,0.0,0.0,1,24.6,45.0,272,Mainly clear,1,1,Sunny/Clear Conditions
56004,2021-10-29 16:15:00,40.711792,-73.96057,0,0,Driver Inattention/Distraction,4472799,13.8,8.3,9.3,9.3,0.0,5.0,63,40.9,73.8,78,Rain: Moderate,0,0,
56005,2021-10-27 05:43:00,40.838203,-73.9302,1,0,Reaction to Uninvolved Vehicle,4471787,16.1,12.2,6.6,6.6,0.0,6.0,61,33.3,63.0,359,Rain: Light,1,1,
56006,2021-10-27 20:20:00,40.728268,-73.97516,1,0,Driver Inattention/Distraction,4471599,16.1,12.2,6.6,6.6,0.0,6.0,61,33.3,63.0,359,Rain: Light,1,1,
56007,2021-10-29 05:40:00,40.811226,-73.8924,1,0,Traffic Control Disregarded,4471969,13.8,8.3,9.3,9.3,0.0,5.0,63,40.9,73.8,78,Rain: Moderate,1,1,
56008,2021-10-29 23:07:00,40.756027,-73.858574,0,0,Driver Inattention/Distraction,4472672,13.8,8.3,9.3,9.3,0.0,5.0,63,40.9,73.8,78,Rain: Moderate,0,0,
56009,2021-10-25 11:15:00,40.676735,-73.90432,0,0,Unspecified,4472524,22.8,13.5,10.7,10.7,0.0,8.0,63,18.9,33.5,172,Rain: Moderate,0,0,
56010,2021-10-28 05:02:00,40.75635,-74.00541,2,0,Pedestrian/Bicyclist/Other Pedestrian Error/Confusion,4472383,15.2,7.9,0.0,0.0,0.0,0.0,3,19.1,34.6,28,Overcast,2,2,
56011,2021-10-28 11:10:00,40.742874,-73.933945,1,0,Turning Improperly,4472122,15.2,7.9,0.0,0.0,0.0,0.0,3,19.1,34.6,28,Overcast,1,1,
56012,2021-10-28 00:00:00,40.68714,-73.80801,0,0,Following Too Closely,4471918,15.2,7.9,0.0,0.0,0.0,0.0,3,19.1,34.6,28,Overcast,0,0,
56013,2021-10-27 00:00:00,40.7054,-73.77293,2,0,Failure to Yield Right-of-Way,4472814,16.1,12.2,6.6,6.6,0.0,6.0,61,33.3,63.0,359,Rain: Light,2,2,
56014,2021-10-29 17:10:00,40.613335,-73.99277,0,0,Driver Inattention/Distraction,4472471,13.8,8.3,9.3,9.3,0.0,5.0,63,40.9,73.8,78,Rain: Moderate,0,0,
56015,2021-10-27 05:00:00,40.68794,-73.84956,0,0,Driver Inattention/Distraction,4471496,16.1,12.2,6.6,6.6,0.0,6.0,61,33.3,63.0,359,Rain: Light,0,0,
56016,2021-10-28 12:50:00,40.71319,-73.93879,0,0,Passing or Lane Usage Improper,4471901,15.2,7.9,0.0,0.0,0.0,0.0,3,19.1,34.6,28,Overcast,0,0,
56017,2021-10-27 02:31:00,40.88304,-73.91185,0,0,Driver Inexperience,4471454,16.1,12.2,6.6,6.6,0.0,6.0,61,33.3,63.0,359,Rain: Light,0,0,
56018,2021-10-28 13:30:00,40.753635,-73.91893,1,0,Unspecified,4471843,15.2,7.9,0.0,0.0,0.0,0.0,3,19.1,34.6,28,Overcast,1,1,
56019,2021-10-27 15:30:00,40.85803,-73.883514,0,0,Driver Inattention/Distraction,4471670,16.1,12.2,6.6,6.6,0.0,6.0,61,33.3,63.0,359,Rain: Light,0,0,
56020,2021-10-29 18:04:00,40.759678,-73.83236,1,0,Failure to Yield Right-of-Way,4472294,13.8,8.3,9.3,9.3,0.0,5.0,63,40.9,73.8,78,Rain: Moderate,1,1,
56021,2021-10-28 15:00:00,40.731815,-73.8713,0,0,Following Too Closely,4471951,15.2,7.9,0.0,0.0,0.0,0.0,3,19.1,34.6,28,Overcast,0,0,
56022,2021-10-26 20:01:00,40.682114,-73.95367,1,0,Failure to Yield Right-of-Way,4471995,16.9,13.8,84.5,84.5,0.0,17.0,65,28.7,53.6,87,Rain: Heavy,1,1,
56023,2021-10-27 17:24:00,40.64856,-73.90535,0,0,Unspecified,4471528,16.1,12.2,6.6,6.6,0.0,6.0,61,33.3,63.0,359,Rain: Light,0,0,
56024,2021-10-27 17:05:00,40.826057,-73.89722,0,0,Backing Unsafely,4471611,16.1,12.2,6.6,6.6,0.0,6.0,61,33.3,63.0,359,Rain: Light,0,0,
56025,2021-10-28 15:30:00,40.793488,-73.94328,1,0,Unsafe Lane Changing,4472264,15.2,7.9,0.0,0.0,0.0,0.0,3,19.1,34.6,28,Overcast,1,1,
56026,2021-10-28 21:05:00,40.635494,-74.00957,1,0,Failure to Yield Right-of-Way,4472006,15.2,7.9,0.0,0.0,0.0,0.0,3,19.1,34.6,28,Overcast,1,1,
56027,2022-04-03 09:30:00,40.60303,-73.82006,0,0,Following Too Closely,4518308,8.3,3.4,3.1,3.1,0.0,5.0,61,21.9,38.2,274,Rain: Light,0,0,
56028,2021-10-27 12:00:00,40.81701,-73.92127,1,0,Driver Inattention/Distraction,4471642,16.1,12.2,6.6,6.6,0.0,6.0,61,33.3,63.0,359,Rain: Light,1,1,
56029,2021-10-28 18:00:00,40.837875,-73.91971,0,0,Failure to Yield Right-of-Way,4472433,15.2,7.9,0.0,0.0,0.0,0.0,3,19.1,34.6,28,Overcast,0,0,
56030,2021-10-28 04:20:00,40.688683,-73.8292,0,0,Unspecified,4472023,15.2,7.9,0.0,0.0,0.0,0.0,3,19.1,34.6,28,Overcast,0,0,
56031,2021-10-29 03:30:00,40.689445,-73.95513,0,0,Driver Inattention/Distraction,4472550,13.8,8.3,9.3,9.3,0.0,5.0,63,40.9,73.8,78,Rain: Moderate,0,0,
56032,2021-10-27 07:35:00,40.842564,-73.84548,0,0,Unspecified,4471426,16.1,12.2,6.6,6.6,0.0,6.0,61,33.3,63.0,359,Rain: Light,0,0,
56033,2021-10-27 00:04:00,40.71216,-74.008446,1,0,Driver Inattention/Distraction,4471363,16.1,12.2,6.6,6.6,0.0,6.0,61,33.3,63.0,359,Rain: Light,1,1,
56034,2021-10-27 19:29:00,40.780148,-73.84603,0,0,Passing or Lane Usage Improper,4471557,16.1,12.2,6.6,6.6,0.0,6.0,61,33.3,63.0,359,Rain: Light,0,0,
56035,2021-10-29 15:12:00,40.601295,-74.082565,0,0,Unspecified,4472173,13.8,8.3,9.3,9.3,0.0,5.0,63,40.9,73.8,78,Rain: Moderate,0,0,
56036,2022-04-10 07:10:00,40.816025,-73.93947,0,0,Unspecified,4518215,9.8,3.5,0.0,0.0,0.0,0.0,3,29.3,54.4,307,Overcast,0,0,
56037,2021-10-27 10:00:00,40.736046,-73.87278,1,0,Turning Improperly,4471619,16.1,12.2,6.6,6.6,0.0,6.0,61,33.3,63.0,359,Rain: Light,1,1,
56038,2021-10-27 18:05:00,40.700737,-73.99014,0,0,Driver Inattention/Distraction,4471531,16.1,12.2,6.6,6.6,0.0,6.0,61,33.3,63.0,359,Rain: Light,0,0,
56039,2021-10-28 20:02:00,40.614887,-73.979904,0,0,Unspecified,4472873,15.2,7.9,0.0,0.0,0.0,0.0,3,19.1,34.6,28,Overcast,0,0,
56040,2021-10-27 07:20:00,40.585037,-73.95645,0,0,Traffic Control Disregarded,4471983,16.1,12.2,6.6,6.6,0.0,6.0,61,33.3,63.0,359,Rain: Light,0,0,
56041,2021-10-28 05:35:00,40.69695,-73.962776,0,0,Other Vehicular,4471812,15.2,7.9,0.0,0.0,0.0,0.0,3,19.1,34.6,28,Overcast,0,0,
56042,2021-10-27 01:46:00,40.70165,-73.88446,0,0,Driver Inattention/Distraction,4471830,16.1,12.2,6.6,6.6,0.0,6.0,61,33.3,63.0,359,Rain: Light,0,0,
56043,2021-10-29 09:00:00,40.655216,-73.96194,0,0,Driver Inattention/Distraction,4472038,13.8,8.3,9.3,9.3,0.0,5.0,63,40.9,73.8,78,Rain: Moderate,0,0,
56044,2021-10-26 20:00:00,40.75578,-74.00199,1,0,Failure to Yield Right-of-Way,4472115,16.9,13.8,84.5,84.5,0.0,17.0,65,28.7,53.6,87,Rain: Heavy,1,1,
56045,2021-10-27 22:00:00,40.832314,-73.93161,0,0,Aggressive Driving/Road Rage,4471759,16.1,12.2,6.6,6.6,0.0,6.0,61,33.3,63.0,359,Rain: Light,0,0,
56046,2021-10-27 09:53:00,40.808243,-73.92785,0,0,Unsafe Lane Changing,4472324,16.1,12.2,6.6,6.6,0.0,6.0,61,33.3,63.0,359,Rain: Light,0,0,
56047,2021-10-28 08:00:00,40.874584,-73.876114,0,0,Unspecified,4472083,15.2,7.9,0.0,0.0,0.0,0.0,3,19.1,34.6,28,Overcast,0,0,
56048,2021-10-29 10:46:00,40.80417,-73.966705,0,0,Unspecified,4472506,13.8,8.3,9.3,9.3,0.0,5.0,63,40.9,73.8,78,Rain: Moderate,0,0,
56049,2021-10-28 15:00:00,40.717804,-73.784904,0,0,Unspecified,4471863,15.2,7.9,0.0,0.0,0.0,0.0,3,19.1,34.6,28,Overcast,0,0,
56050,2021-10-27 13:02:00,40.71071,-73.793045,0,0,Driver Inattention/Distraction,4471988,16.1,12.2,6.6,6.6,0.0,6.0,61,33.3,63.0,359,Rain: Light,0,0,
56051,2021-10-26 00:01:00,40.84366,-73.92005,0,0,Unspecified,4472824,16.9,13.8,84.5,84.5,0.0,17.0,65,28.7,53.6,87,Rain: Heavy,0,0,
56052,2021-10-28 21:00:00,40.639523,-74.08487,0,0,Unspecified,4472641,15.2,7.9,0.0,0.0,0.0,0.0,3,19.1,34.6,28,Overcast,0,0,
56053,2021-10-29 16:00:00,40.698154,-73.80336,0,0,Driver Inattention/Distraction,4472353,13.8,8.3,9.3,9.3,0.0,5.0,63,40.9,73.8,78,Rain: Moderate,0,0,
56054,2021-10-28 17:49:00,40.744026,-73.717636,5,0,Driver Inattention/Distraction,4471946,15.2,7.9,0.0,0.0,0.0,0.0,3,19.1,34.6,28,Overcast,5,5,
56055,2021-10-28 15:00:00,40.61606,-74.02576,0,0,Driver Inattention/Distraction,4472154,15.2,7.9,0.0,0.0,0.0,0.0,3,19.1,34.6,28,Overcast,0,0,
56056,2021-10-27 16:40:00,40.694275,-73.99243,0,0,Unspecified,4471568,16.1,12.2,6.6,6.6,0.0,6.0,61,33.3,63.0,359,Rain: Light,0,0,
56057,2021-10-29 16:03:00,40.63178,-73.945625,0,0,Pedestrian/Bicyclist/Other Pedestrian Error/Confusion,4472410,13.8,8.3,9.3,9.3,0.0,5.0,63,40.9,73.8,78,Rain: Moderate,0,0,
56058,2021-10-28 12:20:00,40.7879,-73.953674,0,0,Following Too Closely,4471775,15.2,7.9,0.0,0.0,0.0,0.0,3,19.1,34.6,28,Overcast,0,0,
56059,2021-10-29 23:00:00,40.67277,-73.9628,1,0,Driver Inattention/Distraction,4472576,13.8,8.3,9.3,9.3,0.0,5.0,63,40.9,73.8,78,Rain: Moderate,1,1,
56060,2021-10-28 16:35:00,40.765987,-73.759224,0,0,Passing or Lane Usage Improper,4471880,15.2,7.9,0.0,0.0,0.0,0.0,3,19.1,34.6,28,Overcast,0,0,
56061,2021-10-27 16:10:00,40.667953,-73.87007,0,0,Driver Inattention/Distraction,4471659,16.1,12.2,6.6,6.6,0.0,6.0,61,33.3,63.0,359,Rain: Light,0,0,
56062,2021-10-28 12:00:00,40.588387,-74.09965,1,0,Fell Asleep,4471897,15.2,7.9,0.0,0.0,0.0,0.0,3,19.1,34.6,28,Overcast,1,1,
56063,2021-10-29 10:15:00,40.699833,-73.93697,0,0,Passing Too Closely,4472246,13.8,8.3,9.3,9.3,0.0,5.0,63,40.9,73.8,78,Rain: Moderate,0,0,
56064,2021-10-29 10:00:00,40.62694,-73.96756,0,0,Unspecified,4472476,13.8,8.3,9.3,9.3,0.0,5.0,63,40.9,73.8,78,Rain: Moderate,0,0,
56065,2021-10-28 17:47:00,40.68405,-73.97746,0,0,Unsafe Lane Changing,4472052,15.2,7.9,0.0,0.0,0.0,0.0,3,19.1,34.6,28,Overcast,0,0,
56066,2021-10-28 16:20:00,40.60472,-74.09109,0,0,Unspecified,4471913,15.2,7.9,0.0,0.0,0.0,0.0,3,19.1,34.6,28,Overcast,0,0,
56067,2021-10-28 17:20:00,40.63165,-74.08762,2,0,Traffic Control Disregarded,4472642,15.2,7.9,0.0,0.0,0.0,0.0,3,19.1,34.6,28,Overcast,2,2,
56068,2021-10-27 16:15:00,40.76983,-73.957634,1,0,Driver Inattention/Distraction,4472015,16.1,12.2,6.6,6.6,0.0,6.0,61,33.3,63.0,359,Rain: Light,1,1,
56069,2021-10-27 08:15:00,40.719902,-74.00261,0,0,Passing Too Closely,4471488,16.1,12.2,6.6,6.6,0.0,6.0,61,33.3,63.0,359,Rain: Light,0,0,
56070,2021-10-27 11:30:00,40.634033,-73.992004,0,0,Unspecified,4471683,16.1,12.2,6.6,6.6,0.0,6.0,61,33.3,63.0,359,Rain: Light,0,0,
56071,2021-10-29 18:37:00,40.612644,-74.13073,0,0,Passing Too Closely,4472644,13.8,8.3,9.3,9.3,0.0,5.0,63,40.9,73.8,78,Rain: Moderate,0,0,
56072,2021-10-28 10:47:00,40.607662,-73.90534,0,0,Backing Unsafely,4471848,15.2,7.9,0.0,0.0,0.0,0.0,3,19.1,34.6,28,Overcast,0,0,
56073,2021-10-27 11:32:00,40.67315,-73.896194,0,0,Unspecified,4471654,16.1,12.2,6.6,6.6,0.0,6.0,61,33.3,63.0,359,Rain: Light,0,0,