,CRASH DATETIME,LATITUDE,LONGITUDE,NUMBER OF PERSONS INJURED,NUMBER OF PERSONS KILLED,CONTRIBUTING FACTOR VEHICLE 1,COLLISION_ID,temperature_2m_max,temperature_2m_min,precipitation_sum,rain_sum,snowfall_sum,precipitation_hours,weather_code,wind_speed_10m_max,wind_gusts_10m_max,wind_direction_10m_dominant,Weather Description,Severity_Score,Total_Affected_Persons,Weather_Category
56074,2021-10-27 06:50:00,40.58967,-73.93884,1,0,Driver Inattention/Distraction,4471458,16.1,12.2,6.6,6.6,0.0,6.0,61,33.3,63.0,359,Rain: Light,1,1,
56075,2021-10-27 13:04:00,40.750774,-73.97655,0,0,Unspecified,4471522,16.1,12.2,6.6,6.6,0.0,6.0,61,33.3,63.0,359,Rain: Light,0,0,
56076,2021-10-28 00:00:00,40.752377,-73.98804,0,0,Unspecified,4472609,15.2,7.9,0.0,0.0,0.0,0.0,3,19.1,34.6,28,Overcast,0,0,
56077,2021-10-28 12:30:00,40.710728,-73.91863,0,0,Other Vehicular,4472010,15.2,7.9,0.0,0.0,0.0,0.0,3,19.1,34.6,28,Overcast,0,0,
56078,2021-10-28 12:09:00,40.634598,-73.93797,0,0,Unspecified,4472696,15.2,7.9,0.0,0.0,0.0,0.0,3,19.1,34.6,28,Overcast,0,0,
56079,2021-10-28 09:00:00,40.757095,-73.915016,0,0,Brakes Defective,4471724,15.2,7.9,0.0,0.0,0.0,0.0,3,19.1,34.6,28,Overcast,0,0,
56080,2021-10-28 01:35:00,40.716652,-73.8259,2,0,Following Too Closely,4471714,15.2,7.9,0.0,0.0,0.0,0.0,3,19.1,34.6,28,Overcast,2,2,
56081,2021-10-27 07:49:00,40.69133,-73.95177,0,0,Driver Inattention/Distraction,4471414,16.1,12.2,6.6,6.6,0.0,6.0,61,33.3,63.0,359,Rain: Light,0,0,
56082,2021-10-28 10:27:00,40.736176,-74.00353,0,0,Oversized Vehicle,4472027,15.2,7.9,0.0,0.0,0.0,0.0,3,19.1,34.6,28,Overcast,0,0,
56083,2021-10-28 09:00:00,40.88136,-73.83846,1,0,Backing Unsafely,4472555,15.2,7.9,0.0,0.0,0.0,0.0,3,19.1,34.6,28,Overcast,1,1,
56084,2021-10-29 16:07:00,40.748142,-73.71346,0,0,Unspecified,4472730,13.8,8.3,9.3,9.3,0.0,5.0,63,40.9,73.8,78,Rain: Moderate,0,0,
56085,2021-10-28 19:30:00,40.69114,-73.909904,0,0,Unspecified,4471865,15.2,7.9,0.0,0.0,0.0,0.0,3,19.1,34.6,28,Overcast,0,0,
56086,2021-10-27 05:50:00,40.59455,-73.997574,1,0,Unspecified,4471977,16.1,12.2,6.6,6.6,0.0,6.0,61,33.3,63.0,359,Rain: Light,1,1,
56087,2021-10-29 13:25:00,40.72271,-73.998116,0,0,Driver Inattention/Distraction,4472439,13.8,8.3,9.3,9.3,0.0,5.0,63,40.9,73.8,78,Rain: Moderate,0,0,
56088,2021-10-28 18:35:00,40.666008,-73.789536,0,0,Unsafe Lane Changing,4471926,15.2,7.9,0.0,0.0,0.0,0.0,3,19.1,34.6,28,Overcast,0,0,
56089,2021-10-27 16:58:00,40.734344,-73.95612,0,0,Passing or Lane Usage Improper,4471602,16.1,12.2,6.6,6.6,0.0,6.0,61,33.3,63.0,359,Rain: Light,0,0,
56090,2021-07-12 19:03:00,40.823772,-73.87245,2,0,Unspecified,4436442,28.6,22.0,9.7,9.7,0.0,12.0,63,12.0,31.7,107,Rain: Moderate,2,2,
56091,2021-07-14 03:50:00,40.70324,-73.92615,1,0,Backing Unsafely,4436975,30.6,21.5,0.8,0.8,0.0,3.0,53,14.5,36.0,191,Drizzle: Moderate,1,1,
56092,2021-07-18 19:52:00,40.837803,-73.94215,0,0,Driver Inattention/Distraction,4438120,28.4,23.1,12.4,12.4,0.0,10.0,63,19.6,39.2,232,Rain: Moderate,0,0,
56093,2021-07-18 04:20:00,40.705566,-73.79465,0,0,Unsafe Speed,4438302,28.4,23.1,12.4,12.4,0.0,10.0,63,19.6,39.2,232,Rain: Moderate,0,0,
56094,2021-07-18 01:01:00,40.77437,-73.963554,0,0,Driver Inattention/Distraction,4438193,28.4,23.1,12.4,12.4,0.0,10.0,63,19.6,39.2,232,Rain: Moderate,0,0,
56095,2021-07-12 13:50:00,40.75286,-73.99711,0,0,Unspecified,4438772,28.6,22.0,9.7,9.7,0.0,12.0,63,12.0,31.7,107,Rain: Moderate,0,0,
56096,2021-07-17 14:35:00,40.750732,-73.87035,1,0,Driver Inattention/Distraction,4438745,30.8,23.3,5.1,5.1,0.0,5.0,61,17.8,36.4,201,Rain: Light,1,1,
56097,2021-07-18 19:45:00,40.670696,-73.73953,0,0,Driver Inattention/Distraction,4438161,28.4,23.1,12.4,12.4,0.0,10.0,63,19.6,39.2,232,Rain: Moderate,0,0,
56098,2021-07-18 18:31:00,40.662132,-73.911736,1,0,Driver Inattention/Distraction,4438444,28.4,23.1,12.4,12.4,0.0,10.0,63,19.6,39.2,232,Rain: Moderate,1,1,
56099,2021-07-18 16:20:00,40.57656,-73.98259,0,0,Driver Inattention/Distraction,4438224,28.4,23.1,12.4,12.4,0.0,10.0,63,19.6,39.2,232,Rain: Moderate,0,0,
56100,2021-07-16 19:00:00,40.76671,-73.9149,0,0,Driver Inattention/Distraction,4438712,32.3,23.2,0.3,0.3,0.0,3.0,51,12.3,33.1,238,Drizzle: Light,0,0,
56101,2021-07-18 11:30:00,40.66895,-73.9339,0,0,Following Too Closely,4438834,28.4,23.1,12.4,12.4,0.0,10.0,63,19.6,39.2,232,Rain: Moderate,0,0,
56102,2021-07-13 16:45:00,40.812622,-73.92934,0,0,Other Vehicular,4438928,25.0,20.8,2.4,2.4,0.0,12.0,53,13.0,26.3,84,Drizzle: Moderate,0,0,
56103,2021-07-18 04:30:00,40.66096,-73.731476,0,0,Unspecified,4437763,28.4,23.1,12.4,12.4,0.0,10.0,63,19.6,39.2,232,Rain: Moderate,0,0,
56104,2021-07-18 19:58:00,40.846878,-73.920616,0,0,Driver Inattention/Distraction,4438230,28.4,23.1,12.4,12.4,0.0,10.0,63,19.6,39.2,232,Rain: Moderate,0,0,
56105,2021-07-18 04:53:00,40.854263,-73.869385,1,0,Following Too Closely,4438767,28.4,23.1,12.4,12.4,0.0,10.0,63,19.6,39.2,232,Rain: Moderate,1,1,
56106,2021-07-10 01:45:00,40.72566,-73.73255,0,0,Following Too Closely,4438820,25.5,20.7,0.5,0.5,0.0,3.0,51,14.5,29.9,1,Drizzle: Light,0,0,
56107,2021-07-18 00:25:00,40.739166,-73.97997,1,0,Pedestrian/Bicyclist/Other Pedestrian Error/Confusion,4437844,28.4,23.1,12.4,12.4,0.0,10.0,63,19.6,39.2,232,Rain: Moderate,1,1,
56108,2021-07-18 16:56:00,40.80715,-73.90821,0,0,Aggressive Driving/Road Rage,4438314,28.4,23.1,12.4,12.4,0.0,10.0,63,19.6,39.2,232,Rain: Moderate,0,0,
56109,2021-07-18 05:15:00,40.71572,-73.825745,1,0,Unsafe Speed,4438361,28.4,23.1,12.4,12.4,0.0,10.0,63,19.6,39.2,232,Rain: Moderate,1,1,
56110,2021-07-18 15:49:00,40.691624,-73.942665,1,0,Backing Unsafely,4438458,28.4,23.1,12.4,12.4,0.0,10.0,63,19.6,39.2,232,Rain: Moderate,1,1,
56111,2021-07-18 08:02:00,40.743187,-73.97207,1,0,Driver Inattention/Distraction,4438515,28.4,23.1,12.4,12.4,0.0,10.0,63,19.6,39.2,232,Rain: Moderate,1,1,
56112,2021-07-18 13:40:00,40.71346,-73.91522,1,0,Failure to Yield Right-of-Way,4438045,28.4,23.1,12.4,12.4,0.0,10.0,63,19.6,39.2,232,Rain: Moderate,1,1,
56113,2021-07-18 03:05:00,40.7488,-73.96986,0,0,Driver Inattention/Distraction,4437968,28.4,23.1,12.4,12.4,0.0,10.0,63,19.6,39.2,232,Rain: Moderate,0,0,
56114,2021-07-17 00:47:00,40.602135,-74.114876,0,0,Alcohol Involvement,4438860,30.8,23.3,5.1,5.1,0.0,5.0,61,17.8,36.4,201,Rain: Light,0,0,
56115,2021-07-16 12:30:00,40.75958,-73.984375,0,0,Unspecified,4438958,32.3,23.2,0.3,0.3,0.0,3.0,51,12.3,33.1,238,Drizzle: Light,0,0,
56116,2021-07-18 10:00:00,40.737114,-73.8792,0,0,Driver Inattention/Distraction,4438027,28.4,23.1,12.4,12.4,0.0,10.0,63,19.6,39.2,232,Rain: Moderate,0,0,
56117,2021-07-18 11:35:00,40.749325,-73.99638,2,0,Cell Phone (hand-Held),4437972,28.4,23.1,12.4,12.4,0.0,10.0,63,19.6,39.2,232,Rain: Moderate,2,2,
56118,2021-07-16 13:35:00,40.75898,-73.99595,1,0,Failure to Yield Right-of-Way,4438782,32.3,23.2,0.3,0.3,0.0,3.0,51,12.3,33.1,238,Drizzle: Light,1,1,
56119,2021-07-18 13:34:00,40.74308,-73.86607,1,0,Unspecified,4438078,28.4,23.1,12.4,12.4,0.0,10.0,63,19.6,39.2,232,Rain: Moderate,1,1,
56120,2021-07-18 00:19:00,40.8252,-73.867714,2,0,Driver Inattention/Distraction,4437920,28.4,23.1,12.4,12.4,0.0,10.0,63,19.6,39.2,232,Rain: Moderate,2,2,
56121,2021-07-18 14:52:00,40.747543,-73.97079,1,0,Driver Inattention/Distraction,4438513,28.4,23.1,12.4,12.4,0.0,10.0,63,19.6,39.2,232,Rain: Moderate,1,1,
56122,2021-07-18 06:31:00,40.744644,-73.77041,0,0,Driver Inattention/Distraction,4438255,28.4,23.1,12.4,12.4,0.0,10.0,63,19.6,39.2,232,Rain: Moderate,0,0,
56123,2021-07-18 23:16:00,40.850773,-73.93543,0,0,Driver Inattention/Distraction,4438561,28.4,23.1,12.4,12.4,0.0,10.0,63,19.6,39.2,232,Rain: Moderate,0,0,
56124,2021-07-18 10:01:00,40.66632,-73.880226,0,0,Unspecified,4438381,28.4,23.1,12.4,12.4,0.0,10.0,63,19.6,39.2,232,Rain: Moderate,0,0,
56125,2021-07-18 17:00:00,40.82602,-73.87098,0,0,Backing Unsafely,4438543,28.4,23.1,12.4,12.4,0.0,10.0,63,19.6,39.2,232,Rain: Moderate,0,0,
56126,2021-07-18 12:00:00,40.68246,-73.830025,3,0,Failure to Yield Right-of-Way,4437956,28.4,23.1,12.4,12.4,0.0,10.0,63,19.6,39.2,232,Rain: Moderate,3,3,
56127,2021-07-18 14:40:00,40.66095,-73.92906,0,0,Unspecified,4438050,28.4,23.1,12.4,12.4,0.0,10.0,63,19.6,39.2,232,Rain: Moderate,0,0,
56128,2021-07-18 20:41:00,40.843002,-73.90359,1,0,Traffic Control Disregarded,4438176,28.4,23.1,12.4,12.4,0.0,10.0,63,19.6,39.2,232,Rain: Moderate,1,1,
56129,2021-07-17 15:30:00,40.60915,-74.14987,0,0,Following Too Closely,4438854,30.8,23.3,5.1,5.1,0.0,5.0,61,17.8,36.4,201,Rain: Light,0,0,
56130,2021-07-01 13:10:00,40.838196,-73.901184,3,0,Unsafe Speed,4438969,27.8,22.2,25.2,25.2,0.0,12.0,65,10.6,33.1,280,Rain: Heavy,3,3,
56131,2021-07-18 00:00:00,40.664856,-73.88023,0,0,Driver Inattention/Distraction,4438360,28.4,23.1,12.4,12.4,0.0,10.0,63,19.6,39.2,232,Rain: Moderate,0,0,
56132,2021-10-27 15:30:00,40.58425,-73.9638,1,0,Following Too Closely,4471822,16.1,12.2,6.6,6.6,0.0,6.0,61,33.3,63.0,359,Rain: Light,1,1,
56133,2021-07-18 17:45:00,40.708076,-73.79257,0,0,Following Too Closely,4438865,28.4,23.1,12.4,12.4,0.0,10.0,63,19.6,39.2,232,Rain: Moderate,0,0,
56134,2021-07-18 16:58:00,40.679348,-73.93067,0,0,Backing Unsafely,4438089,28.4,23.1,12.4,12.4,0.0,10.0,63,19.6,39.2,232,Rain: Moderate,0,0,
56135,2021-07-16 20:30:00,40.76527,-73.97531,1,0,Passenger Distraction,4438950,32.3,23.2,0.3,0.3,0.0,3.0,51,12.3,33.1,238,Drizzle: Light,1,1,
56136,2021-07-18 10:50:00,40.636505,-73.91572,0,0,Turning Improperly,4438138,28.4,23.1,12.4,12.4,0.0,10.0,63,19.6,39.2,232,Rain: Moderate,0,0,
56137,2021-07-13 18:00:00,40.673042,-73.909096,0,0,Unspecified,4438795,25.0,20.8,2.4,2.4,0.0,12.0,53,13.0,26.3,84,Drizzle: Moderate,0,0,
56138,2021-07-18 13:40:00,40.635643,-73.74013,0,0,Failure to Yield Right-of-Way,4437982,28.4,23.1,12.4,12.4,0.0,10.0,63,19.6,39.2,232,Rain: Moderate,0,0,
56139,2021-05-28 23:15:00,40.752975,-73.91024,1,0,Failure to Yield Right-of-Way,4438711,19.4,10.6,25.0,25.0,0.0,8.0,63,25.6,47.9,62,Rain: Moderate,1,1,
56140,2021-07-18 13:50:00,40.670193,-73.88969,0,0,Traffic Control Disregarded,4438418,28.4,23.1,12.4,12.4,0.0,10.0,63,19.6,39.2,232,Rain: Moderate,0,0,
56141,2021-07-18 06:40:00,40.59755,-74.11133,0,0,Unspecified,4438497,28.4,23.1,12.4,12.4,0.0,10.0,63,19.6,39.2,232,Rain: Moderate,0,0,
56142,2021-07-16 22:21:00,40.75979,-73.98793,1,0,Unspecified,4438959,32.3,23.2,0.3,0.3,0.0,3.0,51,12.3,33.1,238,Drizzle: Light,1,1,
56143,2021-07-18 19:26:00,40.677944,-74.006805,0,0,Driver Inattention/Distraction,4438667,28.4,23.1,12.4,12.4,0.0,10.0,63,19.6,39.2,232,Rain: Moderate,0,0,
56144,2021-07-13 17:35:00,40.751446,-74.001434,1,0,Pedestrian/Bicyclist/Other Pedestrian Error/Confusion,4438778,25.0,20.8,2.4,2.4,0.0,12.0,53,13.0,26.3,84,Drizzle: Moderate,1,1,
56145,2021-07-17 12:50:00,40.528694,-74.1685,3,0,Driver Inattention/Distraction,4438754,30.8,23.3,5.1,5.1,0.0,5.0,61,17.8,36.4,201,Rain: Light,3,3,
56146,2021-07-18 06:46:00,40.822834,-73.941925,1,0,Unspecified,4438236,28.4,23.1,12.4,12.4,0.0,10.0,63,19.6,39.2,232,Rain: Moderate,1,1,
56147,2021-07-18 23:05:00,40.742313,-73.88309,0,0,Alcohol Involvement,4438157,28.4,23.1,12.4,12.4,0.0,10.0,63,19.6,39.2,232,Rain: Moderate,0,0,
56148,2021-07-18 21:00:00,40.798584,-73.93353,0,0,Unspecified,4438336,28.4,23.1,12.4,12.4,0.0,10.0,63,19.6,39.2,232,Rain: Moderate,0,0,
56149,2021-07-16 14:30:00,40.817245,-73.8978,0,0,Unspecified,4438848,32.3,23.2,0.3,0.3,0.0,3.0,51,12.3,33.1,238,Drizzle: Light,0,0,
56150,2021-07-12 10:47:00,40.659744,-73.91708,0,0,Unspecified,4438724,28.6,22.0,9.7,9.7,0.0,12.0,63,12.0,31.7,107,Rain: Moderate,0,0,
56151,2021-06-05 17:00:00,40.65484,-73.9597,0,0,Driver Inattention/Distraction,4438886,31.3,17.3,0.0,0.0,0.0,0.0,2,20.9,43.9,247,Partly cloudy,0,0,
56152,2021-07-18 17:41:00,40.614574,-73.954285,1,0,Tire Failure/Inadequate,4438268,28.4,23.1,12.4,12.4,0.0,10.0,63,19.6,39.2,232,Rain: Moderate,1,1,
56153,2021-07-18 00:48:00,40.7056,-73.937584,0,0,Passing Too Closely,4438163,28.4,23.1,12.4,12.4,0.0,10.0,63,19.6,39.2,232,Rain: Moderate,0,0,
56154,2021-07-18 17:00:00,40.682568,-73.78202,0,0,Passing or Lane Usage Improper,4438271,28.4,23.1,12.4,12.4,0.0,10.0,63,19.6,39.2,232,Rain: Moderate,0,0,
56155,2021-07-18 07:00:00,40.8477,-73.90097,2,0,Traffic Control Disregarded,4438226,28.4,23.1,12.4,12.4,0.0,10.0,63,19.6,39.2,232,Rain: Moderate,2,2,
56156,2021-07-18 01:15:00,40.82403,-73.94476,1,0,Failure to Yield Right-of-Way,4437747,28.4,23.1,12.4,12.4,0.0,10.0,63,19.6,39.2,232,Rain: Moderate,1,1,
56157,2021-07-10 11:55:00,40.691048,-73.986336,0,0,Passing or Lane Usage Improper,4438811,25.5,20.7,0.5,0.5,0.0,3.0,51,14.5,29.9,1,Drizzle: Light,0,0,
56158,2021-06-27 19:08:00,40.71552,-74.00925,0,0,Driver Inattention/Distraction,4438938,29.2,22.2,0.5,0.5,0.0,4.0,51,19.6,45.4,196,Drizzle: Light,0,0,
56159,2021-07-18 11:35:00,40.753033,-73.87163,0,0,Unspecified,4438133,28.4,23.1,12.4,12.4,0.0,10.0,63,19.6,39.2,232,Rain: Moderate,0,0,
56160,2021-07-18 18:47:00,40.71224,-73.957146,0,0,Backing Unsafely,4438617,28.4,23.1,12.4,12.4,0.0,10.0,63,19.6,39.2,232,Rain: Moderate,0,0,
56161,2021-07-14 17:30:00,40.817387,-73.92277,0,0,Other Vehicular,4438926,30.6,21.5,0.8,0.8,0.0,3.0,53,14.5,36.0,191,Drizzle: Moderate,0,0,
56162,2021-07-11 12:00:00,40.658184,-73.94518,2,0,Other Vehicular,4438885,24.9,19.8,2.5,2.5,0.0,9.0,53,15.8,35.3,141,Drizzle: Moderate,2,2,
56163,2021-07-12 22:15:00,40.769318,-73.8666,0,0,Failure to Yield Right-of-Way,4438743,28.6,22.0,9.7,9.7,0.0,12.0,63,12.0,31.7,107,Rain: Moderate,0,0,
56164,2021-07-18 01:04:00,40.64714,-73.958145,1,0,Unspecified,4437778,28.4,23.1,12.4,12.4,0.0,10.0,63,19.6,39.2,232,Rain: Moderate,1,1,
56165,2021-07-12 13:31:00,40.758377,-73.994385,0,0,Passing Too Closely,4438771,28.6,22.0,9.7,9.7,0.0,12.0,63,12.0,31.7,107,Rain: Moderate,0,0,
56166,2021-07-18 05:00:00,40.890648,-73.85377,0,0,Unsafe Speed,4438097,28.4,23.1,12.4,12.4,0.0,10.0,63,19.6,39.2,232,Rain: Moderate,0,0,
56167,2021-07-18 15:19:00,40.57997,-73.97466,0,0,Passing Too Closely,4438227,28.4,23.1,12.4,12.4,0.0,10.0,63,19.6,39.2,232,Rain: Moderate,0,0,
56168,2021-07-14 02:29:00,40.633953,-74.085754,0,0,Unsafe Lane Changing,4438826,30.6,21.5,0.8,0.8,0.0,3.0,53,14.5,36.0,191,Drizzle: Moderate,0,0,
56169,2021-07-18 18:12:00,40.755558,-73.9383,0,0,Unspecified,4438158,28.4,23.1,12.4,12.4,0.0,10.0,63,19.6,39.2,232,Rain: Moderate,0,0,
56170,2021-07-18 17:07:00,40.742374,-74.0088,0,0,Failure to Yield Right-of-Way,4438580,28.4,23.1,12.4,12.4,0.0,10.0,63,19.6,39.2,232,Rain: Moderate,0,0,
56171,2021-07-06 18:55:00,40.904552,-73.847824,0,0,Traffic Control Disregarded,4438720,33.6,21.9,2.1,2.1,0.0,4.0,61,21.8,49.7,231,Rain: Light,0,0,
56172,2021-07-18 13:49:00,40.762737,-73.9597,0,0,Failure to Yield Right-of-Way,4438194,28.4,23.1,12.4,12.4,0.0,10.0,63,19.6,39.2,232,Rain: Moderate,0,0,
56173,2021-07-18 05:38:00,40.665375,-73.934235,0,0,Traffic Control Disregarded,4438911,28.4,23.1,12.4,12.4,0.0,10.0,63,19.6,39.2,232,Rain: Moderate,0,0,
56174,2021-07-18 15:20:00,40.746326,-73.990326,0,0,View Obstructed/Limited,4438794,28.4,23.1,12.4,12.4,0.0,10.0,63,19.6,39.2,232,Rain: Moderate,0,0,
56175,2021-07-18 08:30:00,40.72032,-73.98251,0,0,Passing Too Closely,4437980,28.4,23.1,12.4,12.4,0.0,10.0,63,19.6,39.2,232,Rain: Moderate,0,0,
56176,2021-07-18 18:10:00,40.72784,-73.83284,3,0,Passing or Lane Usage Improper,4438028,28.4,23.1,12.4,12.4,0.0,10.0,63,19.6,39.2,232,Rain: Moderate,3,3,
56177,2021-07-18 04:30:00,40.67315,-73.896194,0,0,Driver Inattention/Distraction,4438413,28.4,23.1,12.4,12.4,0.0,10.0,63,19.6,39.2,232,Rain: Moderate,0,0,
56178,2021-07-17 02:20:00,40.74406,-74.00682,1,0,Reaction to Uninvolved Vehicle,4438892,30.8,23.3,5.1,5.1,0.0,5.0,61,17.8,36.4,201,Rain: Light,1,1,
56179,2021-07-18 11:38:00,40.842438,-73.93926,1,0,Failure to Yield Right-of-Way,4438124,28.4,23.1,12.4,12.4,0.0,10.0,63,19.6,39.2,232,Rain: Moderate,1,1,
56180,2021-07-18 23:38:00,40.831085,-73.86909,0,0,Unspecified,4438546,28.4,23.1,12.4,12.4,0.0,10.0,63,19.6,39.2,232,Rain: Moderate,0,0,
56181,2021-07-18 19:00:00,40.6753,-73.93531,0,0,Passing or Lane Usage Improper,4438832,28.4,23.1,12.4,12.4,0.0,10.0,63,19.6,39.2,232,Rain: Moderate,0,0,
56182,2021-07-18 02:00:00,40.67533,-73.93609,0,0,Unspecified,4437959,28.4,23.1,12.4,12.4,0.0,10.0,63,19.6,39.2,232,Rain: Moderate,0,0,
56183,2021-07-18 21:28:00,40.820435,-73.93623,1,0,Failure to Yield Right-of-Way,4438293,28.4,23.1,12.4,12.4,0.0,10.0,63,19.6,39.2,232,Rain: Moderate,1,1,
56184,2021-07-18 15:41:00,40.700054,-73.92459,0,0,Unsafe Speed,4438419,28.4,23.1,12.4,12.4,0.0,10.0,63,19.6,39.2,232,Rain: Moderate,0,0,
56185,2021-07-18 00:30:00,40.635555,-74.02611,0,0,Passing Too Closely,4438017,28.4,23.1,12.4,12.4,0.0,10.0,63,19.6,39.2,232,Rain: Moderate,0,0,
56186,2021-07-18 15:04:00,40.609123,-73.9503,0,0,Unspecified,4438175,28.4,23.1,12.4,12.4,0.0,10.0,63,19.6,39.2,232,Rain: Moderate,0,0,
56187,2021-07-11 23:00:00,40.769318,-73.8666,1,0,Unspecified,4438737,24.9,19.8,2.5,2.5,0.0,9.0,53,15.8,35.3,141,Drizzle: Moderate,1,1,
56188,2021-07-14 09:00:00,40.718853,-73.78933,0,0,Unsafe Lane Changing,4438777,30.6,21.5,0.8,0.8,0.0,3.0,53,14.5,36.0,191,Drizzle: Moderate,0,0,
56189,2021-07-18 16:25:00,40.66584,-73.75551,0,0,Unspecified,4438567,28.4,23.1,12.4,12.4,0.0,10.0,63,19.6,39.2,232,Rain: Moderate,0,0,
56190,2021-07-18 16:21:00,40.695995,-73.96742,1,0,Unspecified,4438111,28.4,23.1,12.4,12.4,0.0,10.0,63,19.6,39.2,232,Rain: Moderate,1,1,
56191,2021-07-18 20:50:00,40.59783,-73.96549,0,0,Alcohol Involvement,4438182,28.4,23.1,12.4,12.4,0.0,10.0,63,19.6,39.2,232,Rain: Moderate,0,0,
56192,2021-07-18 00:00:00,40.859875,-73.89323,1,0,Traffic Control Disregarded,4438967,28.4,23.1,12.4,12.4,0.0,10.0,63,19.6,39.2,232,Rain: Moderate,1,1,
56193,2021-07-16 18:55:00,40.61427,-74.156654,0,0,Following Too Closely,4438855,32.3,23.2,0.3,0.3,0.0,3.0,51,12.3,33.1,238,Drizzle: Light,0,0,
56194,2021-06-18 15:34:00,40.712196,-73.99567,1,0,Driver Inattention/Distraction,4438731,27.4,13.8,0.0,0.0,0.0,0.0,3,20.5,40.3,210,Overcast,1,1,
56195,2021-10-27 18:40:00,40.663727,-73.95386,0,0,Following Too Closely,4471825,16.1,12.2,6.6,6.6,0.0,6.0,61,33.3,63.0,359,Rain: Light,0,0,
56196,2021-07-18 00:30:00,40.743916,-73.98788,0,0,Backing Unsafely,4437833,28.4,23.1,12.4,12.4,0.0,10.0,63,19.6,39.2,232,Rain: Moderate,0,0,
56197,2021-07-18 13:19:00,40.825596,-73.86492,0,0,Unspecified,4438541,28.4,23.1,12.4,12.4,0.0,10.0,63,19.6,39.2,232,Rain: Moderate,0,0,
56198,2021-07-18 12:06:00,40.733498,-73.87038,4,0,Traffic Control Disregarded,4438079,28.4,23.1,12.4,12.4,0.0,10.0,63,19.6,39.2,232,Rain: Moderate,4,4,
56199,2021-07-18 15:50:00,40.749485,-73.97539,4,0,View Obstructed/Limited,4438441,28.4,23.1,12.4,12.4,0.0,10.0,63,19.6,39.2,232,Rain: Moderate,4,4,
56200,2021-07-18 21:46:00,40.69218,-73.82709,6,0,Alcohol Involvement,4438308,28.4,23.1,12.4,12.4,0.0,10.0,63,19.6,39.2,232,Rain: Moderate,6,6,
56201,2021-07-06 09:50:00,40.769287,-73.989,1,0,Driver Inattention/Distraction,4438952,33.6,21.9,2.1,2.1,0.0,4.0,61,21.8,49.7,231,Rain: Light,1,1,
56202,2021-07-18 10:50:00,40.67725,-73.826096,0,0,Driver Inexperience,4438212,28.4,23.1,12.4,12.4,0.0,10.0,63,19.6,39.2,232,Rain: Moderate,0,0,
56203,2021-07-14 22:47:00,40.752125,-74.00117,0,0,Driver Inattention/Distraction,4438781,30.6,21.5,0.8,0.8,0.0,3.0,53,14.5,36.0,191,Drizzle: Moderate,0,0,
56204,2021-07-18 04:16:00,40.717014,-73.7994,0,0,Unsafe Lane Changing,4438254,28.4,23.1,12.4,12.4,0.0,10.0,63,19.6,39.2,232,Rain: Moderate,0,0,
56205,2021-07-15 15:00:00,40.69657,-73.95844,0,0,Passing Too Closely,4438732,29.3,21.2,0.1,0.1,0.0,1.0,51,13.7,27.4,212,Drizzle: Light,0,0,
56206,2021-07-18 18:45:00,40.779922,-73.80601,1,0,Failure to Yield Right-of-Way,4438136,28.4,23.1,12.4,12.4,0.0,10.0,63,19.6,39.2,232,Rain: Moderate,1,1,
56207,2021-07-18 15:56:00,40.82101,-73.86575,0,0,Unspecified,4438547,28.4,23.1,12.4,12.4,0.0,10.0,63,19.6,39.2,232,Rain: Moderate,0,0,
56208,2021-07-18 15:56:00,40.782887,-73.9439,1,0,Passing Too Closely,4438679,28.4,23.1,12.4,12.4,0.0,10.0,63,19.6,39.2,232,Rain: Moderate,1,1,
56209,2021-07-18 16:37:00,40.824066,-73.908714,1,0,Driver Inattention/Distraction,4438181,28.4,23.1,12.4,12.4,0.0,10.0,63,19.6,39.2,232,Rain: Moderate,1,1,
56210,2021-07-18 19:25:00,40.867012,-73.92312,0,0,Unspecified,4438453,28.4,23.1,12.4,12.4,0.0,10.0,63,19.6,39.2,232,Rain: Moderate,0,0,
56211,2021-07-18 07:00:00,40.793896,-73.967865,0,0,Driver Inattention/Distraction,4437911,28.4,23.1,12.4,12.4,0.0,10.0,63,19.6,39.2,232,Rain: Moderate,0,0,
56212,2021-07-18 12:15:00,40.722904,-73.997795,0,0,Driver Inattention/Distraction,4438261,28.4,23.1,12.4,12.4,0.0,10.0,63,19.6,39.2,232,Rain: Moderate,0,0,
56213,2021-07-18 01:15:00,40.651733,-73.93039,0,0,Failure to Yield Right-of-Way,4438043,28.4,23.1,12.4,12.4,0.0,10.0,63,19.6,39.2,232,Rain: Moderate,0,0,
56214,2021-07-18 10:15:00,40.787544,-73.82394,0,0,Failure to Keep Right,4438132,28.4,23.1,12.4,12.4,0.0,10.0,63,19.6,39.2,232,Rain: Moderate,0,0,
56215,2021-07-18 18:10:00,40.611126,-73.96259,0,0,Passing or Lane Usage Improper,4438260,28.4,23.1,12.4,12.4,0.0,10.0,63,19.6,39.2,232,Rain: Moderate,0,0,