,CRASH DATETIME,LATITUDE,LONGITUDE,NUMBER OF PERSONS INJURED,NUMBER OF PERSONS KILLED,CONTRIBUTING FACTOR VEHICLE 1,COLLISION_ID,temperature_2m_max,temperature_2m_min,precipitation_sum,rain_sum,snowfall_sum,precipitation_hours,weather_code,wind_speed_10m_max,wind_gusts_10m_max,wind_direction_10m_dominant,Weather Description,Severity_Score,Total_Affected_Persons,Weather_Category
56216,2021-07-18 10:00:00,40.602192,-73.75523,1,0,Unsafe Speed,4438204,28.4,23.1,12.4,12.4,0.0,10.0,63,19.6,39.2,232,Rain: Moderate,1,1,
56217,2021-07-12 12:50:00,40.74307,-73.99722,0,0,Passing Too Closely,4438763,28.6,22.0,9.7,9.7,0.0,12.0,63,12.0,31.7,107,Rain: Moderate,0,0,
56218,2021-07-18 01:18:00,40.724308,-73.842575,1,0,Driver Inattention/Distraction,4437751,28.4,23.1,12.4,12.4,0.0,10.0,63,19.6,39.2,232,Rain: Moderate,1,1,
56219,2021-07-18 18:30:00,40.854477,-73.8667,1,0,Driver Inattention/Distraction,4438813,28.4,23.1,12.4,12.4,0.0,10.0,63,19.6,39.2,232,Rain: Moderate,1,1,
56220,2021-07-18 02:39:00,40.703434,-73.91181,0,1,Unspecified,4438609,28.4,23.1,12.4,12.4,0.0,10.0,63,19.6,39.2,232,Rain: Moderate,20,1,
56221,2021-07-15 20:05:00,40.578358,-73.99051,1,0,Unsafe Speed,4438935,29.3,21.2,0.1,0.1,0.0,1.0,51,13.7,27.4,212,Drizzle: Light,1,1,
56222,2021-07-17 18:20:00,40.756527,-73.994026,0,0,Driver Inattention/Distraction,4438895,30.8,23.3,5.1,5.1,0.0,5.0,61,17.8,36.4,201,Rain: Light,0,0,
56223,2021-07-18 18:15:00,40.696823,-73.91487,1,0,Traffic Control Disregarded,4438420,28.4,23.1,12.4,12.4,0.0,10.0,63,19.6,39.2,232,Rain: Moderate,1,1,
56224,2021-07-18 16:55:00,40.688873,-73.96001,1,0,Unspecified,4438020,28.4,23.1,12.4,12.4,0.0,10.0,63,19.6,39.2,232,Rain: Moderate,1,1,
56225,2021-07-18 14:00:00,40.805637,-73.9344,0,0,Unspecified,4438341,28.4,23.1,12.4,12.4,0.0,10.0,63,19.6,39.2,232,Rain: Moderate,0,0,
56226,2021-07-15 08:05:00,40.817116,-73.88307,0,0,Unspecified,4438808,29.3,21.2,0.1,0.1,0.0,1.0,51,13.7,27.4,212,Drizzle: Light,0,0,
56227,2021-07-18 02:26:00,40.636265,-73.94802,0,0,Unspecified,4438049,28.4,23.1,12.4,12.4,0.0,10.0,63,19.6,39.2,232,Rain: Moderate,0,0,
56228,2021-07-18 01:50:00,40.68238,-73.90565,0,0,Following Too Closely,4438414,28.4,23.1,12.4,12.4,0.0,10.0,63,19.6,39.2,232,Rain: Moderate,0,0,
56229,2021-07-15 09:00:00,40.818157,-73.85461,0,0,Unspecified,4438845,29.3,21.2,0.1,0.1,0.0,1.0,51,13.7,27.4,212,Drizzle: Light,0,0,
56230,2021-07-16 18:08:00,40.75898,-73.99595,0,0,Passing or Lane Usage Improper,4438891,32.3,23.2,0.3,0.3,0.0,3.0,51,12.3,33.1,238,Drizzle: Light,0,0,
56231,2021-07-18 10:15:00,40.68821,-73.96583,1,0,Driver Inexperience,4437929,28.4,23.1,12.4,12.4,0.0,10.0,63,19.6,39.2,232,Rain: Moderate,1,1,
56232,2021-07-18 12:12:00,40.800877,-73.93704,0,0,Backing Unsafely,4438342,28.4,23.1,12.4,12.4,0.0,10.0,63,19.6,39.2,232,Rain: Moderate,0,0,
56233,2021-07-18 17:10:00,40.660114,-73.96391,2,0,Following Too Closely,4438473,28.4,23.1,12.4,12.4,0.0,10.0,63,19.6,39.2,232,Rain: Moderate,2,2,
56234,2021-07-18 11:14:00,40.828133,-73.84518,0,0,Passing or Lane Usage Improper,4438545,28.4,23.1,12.4,12.4,0.0,10.0,63,19.6,39.2,232,Rain: Moderate,0,0,
56235,2021-07-18 02:00:00,40.656475,-73.92987,0,0,Unspecified,4438047,28.4,23.1,12.4,12.4,0.0,10.0,63,19.6,39.2,232,Rain: Moderate,0,0,
56236,2021-07-16 20:00:00,40.707294,-73.80424,1,0,Following Too Closely,4438856,32.3,23.2,0.3,0.3,0.0,3.0,51,12.3,33.1,238,Drizzle: Light,1,1,
56237,2021-07-18 03:55:00,40.670006,-73.95328,1,0,Driver Inattention/Distraction,4438884,28.4,23.1,12.4,12.4,0.0,10.0,63,19.6,39.2,232,Rain: Moderate,1,1,
56238,2021-07-18 20:24:00,40.756424,-73.7403,0,0,Unspecified,4438092,28.4,23.1,12.4,12.4,0.0,10.0,63,19.6,39.2,232,Rain: Moderate,0,0,
56239,2021-07-18 19:40:00,40.575787,-73.97079,2,0,Turning Improperly,4438228,28.4,23.1,12.4,12.4,0.0,10.0,63,19.6,39.2,232,Rain: Moderate,2,2,
56240,2021-07-15 14:55:00,40.609505,-74.181885,0,0,Following Too Closely,4438849,29.3,21.2,0.1,0.1,0.0,1.0,51,13.7,27.4,212,Drizzle: Light,0,0,
56241,2021-07-18 04:15:00,40.7463,-73.971664,1,0,Traffic Control Disregarded,4438605,28.4,23.1,12.4,12.4,0.0,10.0,63,19.6,39.2,232,Rain: Moderate,1,1,
56242,2021-06-17 23:22:00,40.85159,-73.867805,2,0,Other Vehicular,4438785,23.9,12.1,0.0,0.0,0.0,0.0,3,13.4,27.4,311,Overcast,2,2,
56243,2021-07-18 00:00:00,40.639126,-74.023224,0,0,Driver Inattention/Distraction,4437977,28.4,23.1,12.4,12.4,0.0,10.0,63,19.6,39.2,232,Rain: Moderate,0,0,
56244,2021-07-18 01:15:00,40.764484,-73.88399,0,0,Other Vehicular,4438128,28.4,23.1,12.4,12.4,0.0,10.0,63,19.6,39.2,232,Rain: Moderate,0,0,
56245,2021-07-18 04:11:00,40.756565,-73.99028,3,0,Traffic Control Disregarded,4437909,28.4,23.1,12.4,12.4,0.0,10.0,63,19.6,39.2,232,Rain: Moderate,3,3,
56246,2021-07-08 17:40:00,40.823658,-73.836426,0,0,Turning Improperly,4438940,28.3,21.3,15.2,15.2,0.0,12.0,63,16.9,48.2,125,Rain: Moderate,0,0,
56247,2021-07-18 14:00:00,40.647804,-74.01024,0,0,Unspecified,4438330,28.4,23.1,12.4,12.4,0.0,10.0,63,19.6,39.2,232,Rain: Moderate,0,0,
56248,2021-07-18 04:44:00,40.64306,-73.91286,0,0,Unspecified,4438071,28.4,23.1,12.4,12.4,0.0,10.0,63,19.6,39.2,232,Rain: Moderate,0,0,
56249,2021-07-18 17:40:00,40.556534,-74.12813,2,0,Following Too Closely,4438504,28.4,23.1,12.4,12.4,0.0,10.0,63,19.6,39.2,232,Rain: Moderate,2,2,
56250,2021-07-18 15:30:00,40.7024,-73.9605,0,0,Unsafe Lane Changing,4438159,28.4,23.1,12.4,12.4,0.0,10.0,63,19.6,39.2,232,Rain: Moderate,0,0,
56251,2021-07-18 01:40:00,40.665993,-73.8858,1,0,Traffic Control Disregarded,4438412,28.4,23.1,12.4,12.4,0.0,10.0,63,19.6,39.2,232,Rain: Moderate,1,1,
56252,2021-07-18 20:20:00,40.770836,-73.77098,0,0,Driver Inattention/Distraction,4438526,28.4,23.1,12.4,12.4,0.0,10.0,63,19.6,39.2,232,Rain: Moderate,0,0,
56253,2021-07-18 20:46:00,40.866024,-73.92588,3,0,Failure to Yield Right-of-Way,4438452,28.4,23.1,12.4,12.4,0.0,10.0,63,19.6,39.2,232,Rain: Moderate,3,3,
56254,2021-07-18 01:27:00,40.65185,-73.83808,0,0,Reaction to Uninvolved Vehicle,4438218,28.4,23.1,12.4,12.4,0.0,10.0,63,19.6,39.2,232,Rain: Moderate,0,0,
56255,2021-07-16 14:51:00,40.715622,-73.99428,0,0,Driver Inattention/Distraction,4438718,32.3,23.2,0.3,0.3,0.0,3.0,51,12.3,33.1,238,Drizzle: Light,0,0,
56256,2021-07-09 23:45:00,40.584644,-73.94899,5,0,Driver Inattention/Distraction,4438831,29.8,22.0,35.0,35.0,0.0,14.0,63,31.0,55.8,341,Rain: Moderate,5,5,
56257,2021-07-18 23:14:00,40.818798,-73.89213,1,0,Unspecified,4438143,28.4,23.1,12.4,12.4,0.0,10.0,63,19.6,39.2,232,Rain: Moderate,1,1,
56258,2021-07-16 19:26:00,40.74855,-73.89582,0,0,Unspecified,4438738,32.3,23.2,0.3,0.3,0.0,3.0,51,12.3,33.1,238,Drizzle: Light,0,0,
56259,2021-07-18 21:25:00,40.82536,-73.95125,0,0,Driver Inattention/Distraction,4438135,28.4,23.1,12.4,12.4,0.0,10.0,63,19.6,39.2,232,Rain: Moderate,0,0,
56260,2021-07-18 05:47:00,40.7512,-73.8062,0,0,Tire Failure/Inadequate,4437806,28.4,23.1,12.4,12.4,0.0,10.0,63,19.6,39.2,232,Rain: Moderate,0,0,
56261,2021-07-17 20:30:00,40.879807,-73.84874,0,0,Passing or Lane Usage Improper,4438764,30.8,23.3,5.1,5.1,0.0,5.0,61,17.8,36.4,201,Rain: Light,0,0,
56262,2021-07-18 13:20:00,40.719334,-73.906845,4,0,Passing or Lane Usage Improper,4438038,28.4,23.1,12.4,12.4,0.0,10.0,63,19.6,39.2,232,Rain: Moderate,4,4,
56263,2021-07-18 14:02:00,40.831768,-73.90803,0,0,Driver Inattention/Distraction,4438186,28.4,23.1,12.4,12.4,0.0,10.0,63,19.6,39.2,232,Rain: Moderate,0,0,
56264,2021-07-17 15:20:00,40.611195,-74.10613,0,0,Other Vehicular,4438827,30.8,23.3,5.1,5.1,0.0,5.0,61,17.8,36.4,201,Rain: Light,0,0,
56265,2021-07-18 22:51:00,40.65789,-73.85613,3,0,Unsafe Lane Changing,4438195,28.4,23.1,12.4,12.4,0.0,10.0,63,19.6,39.2,232,Rain: Moderate,3,3,
56266,2021-07-17 14:05:00,40.75991,-73.98629,0,0,Driver Inattention/Distraction,4438961,30.8,23.3,5.1,5.1,0.0,5.0,61,17.8,36.4,201,Rain: Light,0,0,
56267,2021-07-18 14:01:00,40.689842,-73.850075,1,0,Failure to Yield Right-of-Way,4438306,28.4,23.1,12.4,12.4,0.0,10.0,63,19.6,39.2,232,Rain: Moderate,1,1,
56268,2021-07-18 10:54:00,40.556583,-74.17724,0,0,Unspecified,4438685,28.4,23.1,12.4,12.4,0.0,10.0,63,19.6,39.2,232,Rain: Moderate,0,0,
56269,2021-07-18 22:55:00,40.83872,-73.91378,4,0,Traffic Control Disregarded,4438174,28.4,23.1,12.4,12.4,0.0,10.0,63,19.6,39.2,232,Rain: Moderate,4,4,
56270,2021-07-18 01:13:00,40.8542,-73.854416,0,0,Driver Inattention/Distraction,4438116,28.4,23.1,12.4,12.4,0.0,10.0,63,19.6,39.2,232,Rain: Moderate,0,0,
56271,2021-07-17 05:30:00,40.607754,-74.13205,1,0,Driver Inattention/Distraction,4438756,30.8,23.3,5.1,5.1,0.0,5.0,61,17.8,36.4,201,Rain: Light,1,1,
56272,2021-07-12 14:30:00,40.75024,-73.998604,1,0,Turning Improperly,4438775,28.6,22.0,9.7,9.7,0.0,12.0,63,12.0,31.7,107,Rain: Moderate,1,1,
56273,2021-07-18 00:00:00,40.67934,-73.8911,0,0,Unspecified,4438372,28.4,23.1,12.4,12.4,0.0,10.0,63,19.6,39.2,232,Rain: Moderate,0,0,
56274,2021-07-18 06:21:00,40.65421,-73.9153,0,0,Obstruction/Debris,4438569,28.4,23.1,12.4,12.4,0.0,10.0,63,19.6,39.2,232,Rain: Moderate,0,0,
56275,2021-07-18 19:12:00,40.753,-73.969894,1,0,Failure to Yield Right-of-Way,4438209,28.4,23.1,12.4,12.4,0.0,10.0,63,19.6,39.2,232,Rain: Moderate,1,1,
56276,2021-07-18 19:15:00,40.596096,-73.76976,0,0,Passing or Lane Usage Improper,4438265,28.4,23.1,12.4,12.4,0.0,10.0,63,19.6,39.2,232,Rain: Moderate,0,0,
56277,2021-07-07 10:00:00,40.647278,-73.951126,0,0,Driver Inattention/Distraction,4438836,31.4,22.2,1.4,1.4,0.0,6.0,53,17.4,37.8,213,Drizzle: Moderate,0,0,
56278,2021-07-09 09:56:00,40.728134,-73.95328,0,0,Backing Unsafely,4438730,29.8,22.0,35.0,35.0,0.0,14.0,63,31.0,55.8,341,Rain: Moderate,0,0,
56279,2021-07-18 01:49:00,40.753788,-73.744286,0,0,Obstruction/Debris,4438919,28.4,23.1,12.4,12.4,0.0,10.0,63,19.6,39.2,232,Rain: Moderate,0,0,
56280,2021-07-18 12:20:00,40.696934,-73.80358,0,0,Failure to Yield Right-of-Way,4438288,28.4,23.1,12.4,12.4,0.0,10.0,63,19.6,39.2,232,Rain: Moderate,0,0,
56281,2021-07-17 03:08:00,40.762024,-74.00116,0,0,Driver Inattention/Distraction,4438896,30.8,23.3,5.1,5.1,0.0,5.0,61,17.8,36.4,201,Rain: Light,0,0,
56282,2021-07-18 00:30:00,40.63874,-73.8952,2,0,Following Too Closely,4437759,28.4,23.1,12.4,12.4,0.0,10.0,63,19.6,39.2,232,Rain: Moderate,2,2,
56283,2021-07-16 16:50:00,40.71881,-73.89064,0,0,Unspecified,4438815,32.3,23.2,0.3,0.3,0.0,3.0,51,12.3,33.1,238,Drizzle: Light,0,0,
56284,2021-07-18 14:21:00,40.524612,-74.230446,0,0,Driver Inattention/Distraction,4438758,28.4,23.1,12.4,12.4,0.0,10.0,63,19.6,39.2,232,Rain: Moderate,0,0,
56285,2021-07-18 09:55:00,40.626736,-73.90161,0,0,Driver Inattention/Distraction,4438140,28.4,23.1,12.4,12.4,0.0,10.0,63,19.6,39.2,232,Rain: Moderate,0,0,
56286,2021-07-18 00:00:00,40.68365,-73.87219,0,0,Driver Inattention/Distraction,4438431,28.4,23.1,12.4,12.4,0.0,10.0,63,19.6,39.2,232,Rain: Moderate,0,0,
56287,2021-07-18 08:25:00,40.721592,-73.87647,0,0,Driver Inattention/Distraction,4438025,28.4,23.1,12.4,12.4,0.0,10.0,63,19.6,39.2,232,Rain: Moderate,0,0,
56288,2021-07-18 01:40:00,40.69285,-73.90355,2,0,Driver Inattention/Distraction,4438416,28.4,23.1,12.4,12.4,0.0,10.0,63,19.6,39.2,232,Rain: Moderate,2,2,
56289,2021-07-16 12:15:00,40.757828,-73.99308,0,0,Turning Improperly,4438780,32.3,23.2,0.3,0.3,0.0,3.0,51,12.3,33.1,238,Drizzle: Light,0,0,
56290,2021-07-18 16:00:00,40.682457,-73.8203,0,0,Failure to Yield Right-of-Way,4438656,28.4,23.1,12.4,12.4,0.0,10.0,63,19.6,39.2,232,Rain: Moderate,0,0,
56291,2021-07-18 13:00:00,40.67335,-73.82582,0,0,Other Vehicular,4438217,28.4,23.1,12.4,12.4,0.0,10.0,63,19.6,39.2,232,Rain: Moderate,0,0,
56292,2021-07-18 03:05:00,40.84921,-73.90011,0,0,Following Too Closely,4438252,28.4,23.1,12.4,12.4,0.0,10.0,63,19.6,39.2,232,Rain: Moderate,0,0,
56293,2021-07-18 21:00:00,40.799416,-73.95138,1,0,Driver Inattention/Distraction,4438557,28.4,23.1,12.4,12.4,0.0,10.0,63,19.6,39.2,232,Rain: Moderate,1,1,
56294,2021-07-18 03:07:00,40.65531,-73.90318,0,0,Unspecified,4438331,28.4,23.1,12.4,12.4,0.0,10.0,63,19.6,39.2,232,Rain: Moderate,0,0,
56295,2021-07-18 02:30:00,40.853813,-73.90734,0,0,Other Vehicular,4438057,28.4,23.1,12.4,12.4,0.0,10.0,63,19.6,39.2,232,Rain: Moderate,0,0,
56296,2021-07-18 01:42:00,40.885975,-73.85472,1,0,Following Too Closely,4438106,28.4,23.1,12.4,12.4,0.0,10.0,63,19.6,39.2,232,Rain: Moderate,1,1,
56297,2021-07-16 21:12:00,40.751446,-74.001434,0,0,Driver Inattention/Distraction,4438890,32.3,23.2,0.3,0.3,0.0,3.0,51,12.3,33.1,238,Drizzle: Light,0,0,
56298,2021-07-18 07:30:00,40.742943,-73.91685,0,0,Following Too Closely,4437938,28.4,23.1,12.4,12.4,0.0,10.0,63,19.6,39.2,232,Rain: Moderate,0,0,
56299,2021-07-16 15:30:00,40.606327,-74.07994,0,0,Following Too Closely,4438850,32.3,23.2,0.3,0.3,0.0,3.0,51,12.3,33.1,238,Drizzle: Light,0,0,
56300,2021-07-18 15:30:00,40.731464,-73.98699,0,0,Unspecified,4438354,28.4,23.1,12.4,12.4,0.0,10.0,63,19.6,39.2,232,Rain: Moderate,0,0,
56301,2021-07-18 08:08:00,40.824467,-73.90155,0,0,Passing Too Closely,4438180,28.4,23.1,12.4,12.4,0.0,10.0,63,19.6,39.2,232,Rain: Moderate,0,0,
56302,2021-07-05 20:00:00,40.7083,-74.01125,1,0,Unspecified,4438806,26.4,17.3,0.7,0.7,0.0,2.0,53,18.8,34.6,142,Drizzle: Moderate,1,1,
56303,2021-07-15 18:11:00,40.58576,-73.974464,0,0,Driver Inattention/Distraction,4438934,29.3,21.2,0.1,0.1,0.0,1.0,51,13.7,27.4,212,Drizzle: Light,0,0,
56304,2021-07-18 00:00:00,40.584454,-73.812965,1,0,Pedestrian/Bicyclist/Other Pedestrian Error/Confusion,4438072,28.4,23.1,12.4,12.4,0.0,10.0,63,19.6,39.2,232,Rain: Moderate,1,1,
56305,2021-07-18 15:39:00,40.86514,-73.801544,1,0,Driver Inattention/Distraction,4438117,28.4,23.1,12.4,12.4,0.0,10.0,63,19.6,39.2,232,Rain: Moderate,1,1,
56306,2021-07-18 16:17:00,40.74558,-73.989456,0,0,Following Too Closely,4438575,28.4,23.1,12.4,12.4,0.0,10.0,63,19.6,39.2,232,Rain: Moderate,0,0,
56307,2021-07-18 08:15:00,40.61244,-74.13231,1,0,Illnes,4438482,28.4,23.1,12.4,12.4,0.0,10.0,63,19.6,39.2,232,Rain: Moderate,1,1,
56308,2021-07-18 04:50:00,40.728767,-73.984436,0,0,Backing Unsafely,4437922,28.4,23.1,12.4,12.4,0.0,10.0,63,19.6,39.2,232,Rain: Moderate,0,0,
56309,2021-07-18 19:50:00,40.650528,-73.95583,2,0,Unspecified,4438259,28.4,23.1,12.4,12.4,0.0,10.0,63,19.6,39.2,232,Rain: Moderate,2,2,
56310,2021-07-18 15:39:00,40.606327,-73.99647,1,0,Failure to Yield Right-of-Way,4437995,28.4,23.1,12.4,12.4,0.0,10.0,63,19.6,39.2,232,Rain: Moderate,1,1,
56311,2021-07-18 03:30:00,40.654686,-73.87772,0,0,Unsafe Speed,4438365,28.4,23.1,12.4,12.4,0.0,10.0,63,19.6,39.2,232,Rain: Moderate,0,0,
56312,2021-07-18 02:29:00,40.870777,-73.81923,0,0,Following Too Closely,4437882,28.4,23.1,12.4,12.4,0.0,10.0,63,19.6,39.2,232,Rain: Moderate,0,0,
56313,2021-07-18 04:03:00,40.82326,-73.95277,0,0,Unspecified,4438129,28.4,23.1,12.4,12.4,0.0,10.0,63,19.6,39.2,232,Rain: Moderate,0,0,
56314,2021-07-18 13:30:00,40.578247,-74.117256,0,0,,4438466,28.4,23.1,12.4,12.4,0.0,10.0,63,19.6,39.2,232,Rain: Moderate,0,0,
56315,2021-07-17 00:50:00,40.761223,-73.98744,1,0,Passing or Lane Usage Improper,4438947,30.8,23.3,5.1,5.1,0.0,5.0,61,17.8,36.4,201,Rain: Light,1,1,
56316,2021-07-18 17:24:00,40.811398,-73.90777,1,0,Traffic Control Disregarded,4438316,28.4,23.1,12.4,12.4,0.0,10.0,63,19.6,39.2,232,Rain: Moderate,1,1,
56317,2021-07-18 17:16:00,40.704525,-73.87054,0,0,Unspecified,4438046,28.4,23.1,12.4,12.4,0.0,10.0,63,19.6,39.2,232,Rain: Moderate,0,0,
56318,2021-07-01 10:00:00,40.69775,-73.81393,1,0,Driver Inattention/Distraction,4438774,27.8,22.2,25.2,25.2,0.0,12.0,65,10.6,33.1,280,Rain: Heavy,1,1,
56319,2021-07-16 07:20:00,40.760685,-73.862206,0,0,Unspecified,4438740,32.3,23.2,0.3,0.3,0.0,3.0,51,12.3,33.1,238,Drizzle: Light,0,0,
56320,2021-07-18 19:15:00,40.835335,-73.88214,1,0,Passing or Lane Usage Improper,4438188,28.4,23.1,12.4,12.4,0.0,10.0,63,19.6,39.2,232,Rain: Moderate,1,1,
56321,2021-07-18 02:40:00,40.714592,-73.93877,0,0,Driver Inattention/Distraction,4438160,28.4,23.1,12.4,12.4,0.0,10.0,63,19.6,39.2,232,Rain: Moderate,0,0,
56322,2021-07-18 02:25:00,40.786133,-73.824356,0,0,Unsafe Speed,4438586,28.4,23.1,12.4,12.4,0.0,10.0,63,19.6,39.2,232,Rain: Moderate,0,0,
56323,2021-07-17 10:14:00,40.871376,-73.86334,0,0,Unsafe Speed,4438716,30.8,23.3,5.1,5.1,0.0,5.0,61,17.8,36.4,201,Rain: Light,0,0,
56324,2021-07-18 01:20:00,40.59461,-73.76403,0,0,Alcohol Involvement,4438198,28.4,23.1,12.4,12.4,0.0,10.0,63,19.6,39.2,232,Rain: Moderate,0,0,
56325,2021-07-10 01:04:00,40.76739,-73.98237,0,0,Unspecified,4438956,25.5,20.7,0.5,0.5,0.0,3.0,51,14.5,29.9,1,Drizzle: Light,0,0,
56326,2021-07-18 00:30:00,40.637016,-73.9452,0,0,Following Too Closely,4438042,28.4,23.1,12.4,12.4,0.0,10.0,63,19.6,39.2,232,Rain: Moderate,0,0,
56327,2021-07-18 15:10:00,40.667076,-73.99508,0,0,Other Vehicular,4438913,28.4,23.1,12.4,12.4,0.0,10.0,63,19.6,39.2,232,Rain: Moderate,0,0,
56328,2021-07-18 10:21:00,40.749054,-73.99576,0,0,Passing Too Closely,4437976,28.4,23.1,12.4,12.4,0.0,10.0,63,19.6,39.2,232,Rain: Moderate,0,0,
56329,2021-07-14 14:50:00,40.87384,-73.90892,1,0,Unspecified,4438783,30.6,21.5,0.8,0.8,0.0,3.0,53,14.5,36.0,191,Drizzle: Moderate,1,1,
56330,2021-07-18 04:03:00,40.67831,-73.869804,0,0,Other Vehicular,4438399,28.4,23.1,12.4,12.4,0.0,10.0,63,19.6,39.2,232,Rain: Moderate,0,0,
56331,2021-07-18 16:45:00,40.83968,-73.929276,0,0,Following Too Closely,4438523,28.4,23.1,12.4,12.4,0.0,10.0,63,19.6,39.2,232,Rain: Moderate,0,0,
56332,2021-07-18 16:20:00,40.746296,-73.93041,6,0,Driver Inattention/Distraction,4438087,28.4,23.1,12.4,12.4,0.0,10.0,63,19.6,39.2,232,Rain: Moderate,6,6,
56333,2021-07-18 16:30:00,40.685806,-73.83259,3,0,Failure to Yield Right-of-Way,4438219,28.4,23.1,12.4,12.4,0.0,10.0,63,19.6,39.2,232,Rain: Moderate,3,3,
56334,2021-07-18 14:00:00,40.67069,-73.91703,1,0,Other Vehicular,4438446,28.4,23.1,12.4,12.4,0.0,10.0,63,19.6,39.2,232,Rain: Moderate,1,1,
56335,2021-07-18 01:20:00,40.87637,-73.88286,0,0,Unspecified,4438305,28.4,23.1,12.4,12.4,0.0,10.0,63,19.6,39.2,232,Rain: Moderate,0,0,
56336,2021-07-18 11:40:00,40.63948,-74.016174,1,0,Unspecified,4437965,28.4,23.1,12.4,12.4,0.0,10.0,63,19.6,39.2,232,Rain: Moderate,1,1,
56337,2021-07-18 05:35:00,40.7714,-73.8306,0,0,Passing or Lane Usage Improper,4437812,28.4,23.1,12.4,12.4,0.0,10.0,63,19.6,39.2,232,Rain: Moderate,0,0,
56338,2021-07-18 17:00:00,40.78076,-73.825424,3,0,Unsafe Speed,4438134,28.4,23.1,12.4,12.4,0.0,10.0,63,19.6,39.2,232,Rain: Moderate,3,3,
56339,2021-07-15 12:31:00,40.65837,-73.955734,1,0,Accelerator Defective,4438882,29.3,21.2,0.1,0.1,0.0,1.0,51,13.7,27.4,212,Drizzle: Light,1,1,
56340,2021-07-18 20:50:00,40.838436,-73.88263,0,0,Passing or Lane Usage Improper,4438229,28.4,23.1,12.4,12.4,0.0,10.0,63,19.6,39.2,232,Rain: Moderate,0,0,
56341,2021-07-18 17:00:00,40.76829,-73.77709,0,0,Unspecified,4438091,28.4,23.1,12.4,12.4,0.0,10.0,63,19.6,39.2,232,Rain: Moderate,0,0,
56342,2021-07-17 03:30:00,40.75324,-73.86869,1,0,Unspecified,4438746,30.8,23.3,5.1,5.1,0.0,5.0,61,17.8,36.4,201,Rain: Light,1,1,
56343,2021-07-16 15:00:00,40.895134,-73.85216,0,0,Passing or Lane Usage Improper,4438766,32.3,23.2,0.3,0.3,0.0,3.0,51,12.3,33.1,238,Drizzle: Light,0,0,
56344,2021-07-18 20:00:00,40.70955,-73.95886,1,0,Traffic Control Disregarded,4438619,28.4,23.1,12.4,12.4,0.0,10.0,63,19.6,39.2,232,Rain: Moderate,1,1,
56345,2021-07-18 00:52:00,40.631306,-74.085846,0,0,Unspecified,4438828,28.4,23.1,12.4,12.4,0.0,10.0,63,19.6,39.2,232,Rain: Moderate,0,0,
56346,2021-07-18 23:45:00,40.54783,-74.13952,0,0,Unspecified,4438147,28.4,23.1,12.4,12.4,0.0,10.0,63,19.6,39.2,232,Rain: Moderate,0,0,
56347,2021-07-18 20:30:00,40.69407,-73.91406,0,0,Driver Inattention/Distraction,4438696,28.4,23.1,12.4,12.4,0.0,10.0,63,19.6,39.2,232,Rain: Moderate,0,0,
56348,2021-07-17 03:50:00,40.621586,-74.17268,1,0,Fell Asleep,4438858,30.8,23.3,5.1,5.1,0.0,5.0,61,17.8,36.4,201,Rain: Light,1,1,
56349,2021-07-18 14:30:00,40.7389,-73.73378,1,0,Driver Inattention/Distraction,4438355,28.4,23.1,12.4,12.4,0.0,10.0,63,19.6,39.2,232,Rain: Moderate,1,1,
56350,2021-07-17 20:40:00,40.753387,-73.99631,0,0,Following Too Closely,4438897,30.8,23.3,5.1,5.1,0.0,5.0,61,17.8,36.4,201,Rain: Light,0,0,
56351,2021-07-17 14:45:00,40.77074,-73.99455,1,0,Driver Inattention/Distraction,4438948,30.8,23.3,5.1,5.1,0.0,5.0,61,17.8,36.4,201,Rain: Light,1,1,
56352,2021-07-18 09:05:00,40.72484,-73.8923,0,0,Failure to Keep Right,4438026,28.4,23.1,12.4,12.4,0.0,10.0,63,19.6,39.2,232,Rain: Moderate,0,0,
56353,2021-07-18 14:10:00,40.736164,-73.97891,0,0,Driver Inattention/Distraction,4438436,28.4,23.1,12.4,12.4,0.0,10.0,63,19.6,39.2,232,Rain: Moderate,0,0,
56354,2021-07-18 14:43:00,40.624653,-73.99933,2,0,Failure to Yield Right-of-Way,4438799,28.4,23.1,12.4,12.4,0.0,10.0,63,19.6,39.2,232,Rain: Moderate,2,2,
56355,2021-07-18 12:25:00,40.80549,-73.937965,0,0,Cell Phone (hand-Held),4438334,28.4,23.1,12.4,12.4,0.0,10.0,63,19.6,39.2,232,Rain: Moderate,0,0,
56356,2021-07-18 15:50:00,40.7356,-73.716354,0,0,Unspecified,4437983,28.4,23.1,12.4,12.4,0.0,10.0,63,19.6,39.2,232,Rain: Moderate,0,0,
56357,2021-07-18 15:05:00,40.58393,-73.83093,2,0,Traffic Control Disregarded,4438073,28.4,23.1,12.4,12.4,0.0,10.0,63,19.6,39.2,232,Rain: Moderate,2,2,