,CRASH DATETIME,LATITUDE,LONGITUDE,NUMBER OF PERSONS INJURED,NUMBER OF PERSONS KILLED,CONTRIBUTING FACTOR VEHICLE 1,COLLISION_ID,temperature_2m_max,temperature_2m_min,precipitation_sum,rain_sum,snowfall_sum,precipitation_hours,weather_code,wind_speed_10m_max,wind_gusts_10m_max,wind_direction_10m_dominant,Weather Description,Severity_Score,Total_Affected_Persons,Weather_Category
56358,2021-07-18 17:00:00,40.825146,-73.864235,0,0,Unspecified,4438544,28.4,23.1,12.4,12.4,0.0,10.0,63,19.6,39.2,232,Rain: Moderate,0,0,
56359,2021-07-18 11:55:00,40.70303,-73.98467,0,0,Passing or Lane Usage Improper,4437950,28.4,23.1,12.4,12.4,0.0,10.0,63,19.6,39.2,232,Rain: Moderate,0,0,
56360,2021-07-18 16:30:00,40.647026,-74.086975,0,0,Unspecified,4438830,28.4,23.1,12.4,12.4,0.0,10.0,63,19.6,39.2,232,Rain: Moderate,0,0,
56361,2021-07-09 16:00:00,40.663067,-73.83688,0,0,Failure to Yield Right-of-Way,4438914,29.8,22.0,35.0,35.0,0.0,14.0,63,31.0,55.8,341,Rain: Moderate,0,0,
56362,2021-07-12 09:40:00,40.759274,-73.994675,0,0,Driver Inattention/Distraction,4438755,28.6,22.0,9.7,9.7,0.0,12.0,63,12.0,31.7,107,Rain: Moderate,0,0,
56363,2021-07-18 23:20:00,40.628845,-73.98381,1,0,Unspecified,4438760,28.4,23.1,12.4,12.4,0.0,10.0,63,19.6,39.2,232,Rain: Moderate,1,1,
56364,2021-07-18 00:15:00,40.639637,-73.91533,0,0,Unspecified,4437760,28.4,23.1,12.4,12.4,0.0,10.0,63,19.6,39.2,232,Rain: Moderate,0,0,
56365,2021-07-17 07:00:00,0.0,0.0,0,0,Driver Inattention/Distraction,4438887,30.8,23.3,5.1,5.1,0.0,5.0,61,17.8,36.4,201,Rain: Light,0,0,
56366,2021-07-18 18:00:00,40.594955,-73.78627,0,0,Following Too Closely,4438258,28.4,23.1,12.4,12.4,0.0,10.0,63,19.6,39.2,232,Rain: Moderate,0,0,
56367,2021-07-18 19:47:00,40.877594,-73.84518,0,0,Driver Inattention/Distraction,4438289,28.4,23.1,12.4,12.4,0.0,10.0,63,19.6,39.2,232,Rain: Moderate,0,0,
56368,2021-07-18 16:51:00,40.639343,-73.885574,1,0,Driver Inattention/Distraction,4438139,28.4,23.1,12.4,12.4,0.0,10.0,63,19.6,39.2,232,Rain: Moderate,1,1,
56369,2021-07-18 22:45:00,40.85443,-73.82889,0,0,Unspecified,4438559,28.4,23.1,12.4,12.4,0.0,10.0,63,19.6,39.2,232,Rain: Moderate,0,0,
56370,2021-07-18 04:09:00,40.602036,-73.939285,0,0,Brakes Defective,4438178,28.4,23.1,12.4,12.4,0.0,10.0,63,19.6,39.2,232,Rain: Moderate,0,0,
56371,2021-07-16 15:10:00,40.539906,-74.18686,1,0,Reaction to Uninvolved Vehicle,4438853,32.3,23.2,0.3,0.3,0.0,3.0,51,12.3,33.1,238,Drizzle: Light,1,1,
56372,2021-07-18 00:40:00,40.847813,-73.90754,0,0,Unspecified,4438053,28.4,23.1,12.4,12.4,0.0,10.0,63,19.6,39.2,232,Rain: Moderate,0,0,
56373,2021-07-18 01:25:00,40.82886,-73.876816,0,0,Unspecified,4437921,28.4,23.1,12.4,12.4,0.0,10.0,63,19.6,39.2,232,Rain: Moderate,0,0,
56374,2021-07-18 09:50:00,40.675404,-73.87192,0,0,Driver Inattention/Distraction,4438417,28.4,23.1,12.4,12.4,0.0,10.0,63,19.6,39.2,232,Rain: Moderate,0,0,
56375,2021-07-18 00:00:00,40.844532,-73.858055,0,0,Unspecified,4438118,28.4,23.1,12.4,12.4,0.0,10.0,63,19.6,39.2,232,Rain: Moderate,0,0,
56376,2021-07-18 13:49:00,40.876476,-73.84608,2,0,Turning Improperly,4438102,28.4,23.1,12.4,12.4,0.0,10.0,63,19.6,39.2,232,Rain: Moderate,2,2,
56377,2021-07-18 20:15:00,40.74616,-73.87125,0,0,Alcohol Involvement,4438486,28.4,23.1,12.4,12.4,0.0,10.0,63,19.6,39.2,232,Rain: Moderate,0,0,
56378,2021-07-18 02:05:00,40.679203,-73.9553,0,0,Unspecified,4438835,28.4,23.1,12.4,12.4,0.0,10.0,63,19.6,39.2,232,Rain: Moderate,0,0,
56379,2021-07-18 15:56:00,40.68836,-73.73659,3,0,Unspecified,4438165,28.4,23.1,12.4,12.4,0.0,10.0,63,19.6,39.2,232,Rain: Moderate,3,3,
56380,2021-07-13 01:17:00,40.693905,-73.94892,1,0,Traffic Control Disregarded,4438779,25.0,20.8,2.4,2.4,0.0,12.0,53,13.0,26.3,84,Drizzle: Moderate,1,1,
56381,2021-07-16 13:23:00,40.68228,-73.985245,0,0,View Obstructed/Limited,4438735,32.3,23.2,0.3,0.3,0.0,3.0,51,12.3,33.1,238,Drizzle: Light,0,0,
56382,2021-07-18 18:55:00,40.767815,-73.98951,0,0,Following Too Closely,4438960,28.4,23.1,12.4,12.4,0.0,10.0,63,19.6,39.2,232,Rain: Moderate,0,0,
56383,2021-07-18 01:40:00,40.683544,-74.00176,1,0,Driver Inexperience,4438241,28.4,23.1,12.4,12.4,0.0,10.0,63,19.6,39.2,232,Rain: Moderate,1,1,
56384,2021-07-18 17:15:00,40.769993,-73.915825,0,0,Following Too Closely,4438156,28.4,23.1,12.4,12.4,0.0,10.0,63,19.6,39.2,232,Rain: Moderate,0,0,
56385,2021-07-17 17:05:00,40.77656,-73.95271,0,0,Driver Inattention/Distraction,4438931,30.8,23.3,5.1,5.1,0.0,5.0,61,17.8,36.4,201,Rain: Light,0,0,
56386,2021-07-15 08:53:00,40.76624,-73.960236,1,0,Unspecified,4438710,29.3,21.2,0.1,0.1,0.0,1.0,51,13.7,27.4,212,Drizzle: Light,1,1,
56387,2021-07-12 10:26:00,40.657227,-73.900764,0,0,Passing or Lane Usage Improper,4438727,28.6,22.0,9.7,9.7,0.0,12.0,63,12.0,31.7,107,Rain: Moderate,0,0,
56388,2021-07-18 18:04:00,40.749256,-73.888985,0,0,Driver Inattention/Distraction,4438741,28.4,23.1,12.4,12.4,0.0,10.0,63,19.6,39.2,232,Rain: Moderate,0,0,
56389,2021-07-18 21:30:00,40.665916,-73.81528,6,0,Driver Inattention/Distraction,4438191,28.4,23.1,12.4,12.4,0.0,10.0,63,19.6,39.2,232,Rain: Moderate,6,6,
56390,2021-10-27 02:39:00,40.66968,-73.91075,1,0,Unspecified,4471319,16.1,12.2,6.6,6.6,0.0,6.0,61,33.3,63.0,359,Rain: Light,1,1,
56391,2021-07-18 22:00:00,40.66653,-73.806274,0,0,Driver Inattention/Distraction,4438214,28.4,23.1,12.4,12.4,0.0,10.0,63,19.6,39.2,232,Rain: Moderate,0,0,
56392,2021-10-28 14:40:00,40.71837,-73.84057,0,0,Following Too Closely,4471889,15.2,7.9,0.0,0.0,0.0,0.0,3,19.1,34.6,28,Overcast,0,0,
56393,2021-10-27 16:50:00,40.641727,-73.96332,1,0,Driver Inattention/Distraction,4471627,16.1,12.2,6.6,6.6,0.0,6.0,61,33.3,63.0,359,Rain: Light,1,1,
56394,2021-10-29 14:39:00,40.856743,-73.917625,1,0,View Obstructed/Limited,4472883,13.8,8.3,9.3,9.3,0.0,5.0,63,40.9,73.8,78,Rain: Moderate,1,1,
56395,2021-10-27 14:40:00,40.75329,-73.99016,1,0,Following Too Closely,4472578,16.1,12.2,6.6,6.6,0.0,6.0,61,33.3,63.0,359,Rain: Light,1,1,
56396,2021-10-27 06:00:00,40.768543,-73.9657,0,0,Turning Improperly,4471639,16.1,12.2,6.6,6.6,0.0,6.0,61,33.3,63.0,359,Rain: Light,0,0,
56397,2021-10-28 09:23:00,40.815437,-73.924,0,0,Unspecified,4471941,15.2,7.9,0.0,0.0,0.0,0.0,3,19.1,34.6,28,Overcast,0,0,
56398,2021-10-29 10:50:00,40.70083,-73.82635,0,0,Passing or Lane Usage Improper,4472111,13.8,8.3,9.3,9.3,0.0,5.0,63,40.9,73.8,78,Rain: Moderate,0,0,
56399,2021-10-28 10:40:00,40.763496,-73.80734,1,0,Failure to Yield Right-of-Way,4471958,15.2,7.9,0.0,0.0,0.0,0.0,3,19.1,34.6,28,Overcast,1,1,
56400,2021-10-08 19:18:00,40.678516,-73.963905,1,0,Unsafe Speed,4472588,23.7,14.5,0.0,0.0,0.0,0.0,3,13.0,22.3,94,Overcast,1,1,
56401,2021-10-27 17:30:00,40.856865,-73.85815,0,0,Following Too Closely,4471737,16.1,12.2,6.6,6.6,0.0,6.0,61,33.3,63.0,359,Rain: Light,0,0,
56402,2021-10-29 08:00:00,40.59872,-73.76601,0,0,Failure to Yield Right-of-Way,4472042,13.8,8.3,9.3,9.3,0.0,5.0,63,40.9,73.8,78,Rain: Moderate,0,0,
56403,2021-10-28 10:10:00,40.703,-73.94425,0,0,Unsafe Speed,4472817,15.2,7.9,0.0,0.0,0.0,0.0,3,19.1,34.6,28,Overcast,0,0,
56404,2021-10-26 07:25:00,40.638447,-73.95117,1,0,Failure to Yield Right-of-Way,4472079,16.9,13.8,84.5,84.5,0.0,17.0,65,28.7,53.6,87,Rain: Heavy,1,1,
56405,2021-10-28 13:32:00,40.722042,-73.97722,0,0,Oversized Vehicle,4472518,15.2,7.9,0.0,0.0,0.0,0.0,3,19.1,34.6,28,Overcast,0,0,
56406,2021-10-27 23:50:00,40.69897,-73.95702,1,0,Passing or Lane Usage Improper,4472005,16.1,12.2,6.6,6.6,0.0,6.0,61,33.3,63.0,359,Rain: Light,1,1,
56407,2021-10-23 02:30:00,40.612602,-74.079956,0,0,Unsafe Speed,4472637,15.9,10.4,0.2,0.2,0.0,2.0,51,14.4,26.6,326,Drizzle: Light,0,0,
56408,2021-10-29 19:49:00,40.791904,-73.94151,3,0,Following Too Closely,4472268,13.8,8.3,9.3,9.3,0.0,5.0,63,40.9,73.8,78,Rain: Moderate,3,3,
56409,2021-10-29 09:20:00,40.69365,-73.98333,0,0,Driver Inattention/Distraction,4472137,13.8,8.3,9.3,9.3,0.0,5.0,63,40.9,73.8,78,Rain: Moderate,0,0,
56410,2021-10-29 19:40:00,40.88791,-73.86041,1,0,Failure to Yield Right-of-Way,4472416,13.8,8.3,9.3,9.3,0.0,5.0,63,40.9,73.8,78,Rain: Moderate,1,1,
56411,2021-10-27 18:00:00,40.69078,-73.72728,2,0,Following Too Closely,4471583,16.1,12.2,6.6,6.6,0.0,6.0,61,33.3,63.0,359,Rain: Light,2,2,
56412,2021-10-29 02:26:00,40.713215,-73.950424,1,0,Alcohol Involvement,4472787,13.8,8.3,9.3,9.3,0.0,5.0,63,40.9,73.8,78,Rain: Moderate,1,1,
56413,2021-10-29 00:40:00,40.7968,-73.929375,0,0,Unsafe Lane Changing,4472020,13.8,8.3,9.3,9.3,0.0,5.0,63,40.9,73.8,78,Rain: Moderate,0,0,
56414,2021-10-28 20:30:00,40.729397,-74.001015,0,0,Driver Inattention/Distraction,4472000,15.2,7.9,0.0,0.0,0.0,0.0,3,19.1,34.6,28,Overcast,0,0,
56415,2021-10-29 11:42:00,40.7599,-73.98043,1,0,Unspecified,4472253,13.8,8.3,9.3,9.3,0.0,5.0,63,40.9,73.8,78,Rain: Moderate,1,1,
56416,2021-10-28 15:00:00,40.817795,-73.89319,2,0,Following Too Closely,4472654,15.2,7.9,0.0,0.0,0.0,0.0,3,19.1,34.6,28,Overcast,2,2,
56417,2021-10-29 06:08:00,40.84279,-73.85053,1,0,Driver Inattention/Distraction,4472447,13.8,8.3,9.3,9.3,0.0,5.0,63,40.9,73.8,78,Rain: Moderate,1,1,
56418,2021-10-28 14:37:00,40.6251,-73.96208,0,0,Unspecified,4472069,15.2,7.9,0.0,0.0,0.0,0.0,3,19.1,34.6,28,Overcast,0,0,
56419,2021-10-29 01:00:00,40.81764,-73.95686,0,0,Backing Unsafely,4471932,13.8,8.3,9.3,9.3,0.0,5.0,63,40.9,73.8,78,Rain: Moderate,0,0,
56420,2022-04-10 14:50:00,40.78922,-73.83909,0,0,Unspecified,4517731,9.8,3.5,0.0,0.0,0.0,0.0,3,29.3,54.4,307,Overcast,0,0,
56421,2021-10-29 18:49:00,40.647995,-73.93293,0,0,Failure to Yield Right-of-Way,4472702,13.8,8.3,9.3,9.3,0.0,5.0,63,40.9,73.8,78,Rain: Moderate,0,0,
56422,2021-10-20 22:19:00,40.625546,-73.93998,0,0,Driver Inattention/Distraction,4472219,24.1,13.8,0.0,0.0,0.0,0.0,3,21.6,37.1,276,Overcast,0,0,
56423,2021-10-03 08:48:00,40.785805,-73.97268,0,0,Driver Inattention/Distraction,4472133,25.9,12.8,0.0,0.0,0.0,0.0,3,12.0,24.1,217,Overcast,0,0,
56424,2021-10-29 18:20:00,40.591835,-73.97143,0,0,Unspecified,4472280,13.8,8.3,9.3,9.3,0.0,5.0,63,40.9,73.8,78,Rain: Moderate,0,0,
56425,2021-10-29 12:35:00,40.770313,-73.87603,0,0,Driver Inattention/Distraction,4472064,13.8,8.3,9.3,9.3,0.0,5.0,63,40.9,73.8,78,Rain: Moderate,0,0,
56426,2021-10-23 01:40:00,40.58227,-73.98612,0,0,Driver Inattention/Distraction,4472851,15.9,10.4,0.2,0.2,0.0,2.0,51,14.4,26.6,326,Drizzle: Light,0,0,
56427,2021-10-29 06:49:00,40.58154,-73.98465,0,0,Driver Inattention/Distraction,4472420,13.8,8.3,9.3,9.3,0.0,5.0,63,40.9,73.8,78,Rain: Moderate,0,0,
56428,2021-10-29 20:22:00,40.678165,-73.746506,1,0,Passing or Lane Usage Improper,4472318,13.8,8.3,9.3,9.3,0.0,5.0,63,40.9,73.8,78,Rain: Moderate,1,1,
56429,2021-10-27 19:00:00,40.735752,-73.88052,1,0,Unspecified,4471632,16.1,12.2,6.6,6.6,0.0,6.0,61,33.3,63.0,359,Rain: Light,1,1,
56430,2021-10-27 12:59:00,40.715237,-74.01339,0,0,Unspecified,4471518,16.1,12.2,6.6,6.6,0.0,6.0,61,33.3,63.0,359,Rain: Light,0,0,
56431,2021-10-27 07:05:00,40.711365,-73.97897,0,0,Reaction to Uninvolved Vehicle,4471407,16.1,12.2,6.6,6.6,0.0,6.0,61,33.3,63.0,359,Rain: Light,0,0,
56432,2021-10-27 20:10:00,40.836708,-73.87527,0,0,Passing or Lane Usage Improper,4471676,16.1,12.2,6.6,6.6,0.0,6.0,61,33.3,63.0,359,Rain: Light,0,0,
56433,2021-10-27 06:55:00,40.639984,-73.94842,0,0,Driver Inattention/Distraction,4472692,16.1,12.2,6.6,6.6,0.0,6.0,61,33.3,63.0,359,Rain: Light,0,0,
56434,2021-10-27 21:00:00,40.756763,-73.96716,1,0,Driver Inattention/Distraction,4471548,16.1,12.2,6.6,6.6,0.0,6.0,61,33.3,63.0,359,Rain: Light,1,1,
56435,2021-10-27 19:06:00,40.894436,-73.84807,2,0,Unsafe Speed,4471539,16.1,12.2,6.6,6.6,0.0,6.0,61,33.3,63.0,359,Rain: Light,2,2,
56436,2021-10-27 15:35:00,40.857117,-73.89907,0,0,Passing Too Closely,4471706,16.1,12.2,6.6,6.6,0.0,6.0,61,33.3,63.0,359,Rain: Light,0,0,
56437,2021-10-28 12:04:00,40.73545,-73.917046,0,0,Passing or Lane Usage Improper,4471869,15.2,7.9,0.0,0.0,0.0,0.0,3,19.1,34.6,28,Overcast,0,0,
56438,2021-10-29 13:00:00,40.604195,-73.97218,0,0,Unspecified,4472106,13.8,8.3,9.3,9.3,0.0,5.0,63,40.9,73.8,78,Rain: Moderate,0,0,
56439,2021-10-28 09:05:00,40.842064,-73.87609,0,0,Driver Inattention/Distraction,4471971,15.2,7.9,0.0,0.0,0.0,0.0,3,19.1,34.6,28,Overcast,0,0,
56440,2021-10-27 19:37:00,40.666187,-73.79176,2,0,Following Too Closely,4471578,16.1,12.2,6.6,6.6,0.0,6.0,61,33.3,63.0,359,Rain: Light,2,2,
56441,2021-10-27 20:55:00,40.793606,-73.95161,1,0,Unsafe Lane Changing,4471608,16.1,12.2,6.6,6.6,0.0,6.0,61,33.3,63.0,359,Rain: Light,1,1,
56442,2021-10-27 06:30:00,40.7491,-73.99201,0,0,Driver Inattention/Distraction,4471838,16.1,12.2,6.6,6.6,0.0,6.0,61,33.3,63.0,359,Rain: Light,0,0,
56443,2021-10-28 07:33:00,40.883575,-73.86281,2,0,Driver Inattention/Distraction,4471803,15.2,7.9,0.0,0.0,0.0,0.0,3,19.1,34.6,28,Overcast,2,2,
56444,2021-10-27 00:20:00,40.748737,-73.758385,1,0,Unspecified,4471921,16.1,12.2,6.6,6.6,0.0,6.0,61,33.3,63.0,359,Rain: Light,1,1,
56445,2021-10-28 07:50:00,40.861217,-73.90437,0,0,Unspecified,4472091,15.2,7.9,0.0,0.0,0.0,0.0,3,19.1,34.6,28,Overcast,0,0,
56446,2021-10-29 08:25:00,40.748436,-73.984566,0,0,Unspecified,4472582,13.8,8.3,9.3,9.3,0.0,5.0,63,40.9,73.8,78,Rain: Moderate,0,0,
56447,2021-10-27 12:00:00,40.831333,-73.92167,1,0,Failure to Yield Right-of-Way,4471937,16.1,12.2,6.6,6.6,0.0,6.0,61,33.3,63.0,359,Rain: Light,1,1,
56448,2021-10-27 06:55:00,40.65153,-73.96303,0,0,Unspecified,4471623,16.1,12.2,6.6,6.6,0.0,6.0,61,33.3,63.0,359,Rain: Light,0,0,
56449,2021-10-28 11:56:00,40.873592,-73.88506,0,0,Backing Unsafely,4472074,15.2,7.9,0.0,0.0,0.0,0.0,3,19.1,34.6,28,Overcast,0,0,
56450,2021-10-27 18:19:00,40.63555,-73.97803,1,0,Unspecified,4471954,16.1,12.2,6.6,6.6,0.0,6.0,61,33.3,63.0,359,Rain: Light,1,1,
56451,2021-10-29 17:54:00,40.848755,-73.898705,1,0,Driver Inattention/Distraction,4472898,13.8,8.3,9.3,9.3,0.0,5.0,63,40.9,73.8,78,Rain: Moderate,1,1,
56452,2021-10-29 16:55:00,40.745815,-73.945656,0,0,Driver Inattention/Distraction,4472148,13.8,8.3,9.3,9.3,0.0,5.0,63,40.9,73.8,78,Rain: Moderate,0,0,
56453,2021-10-28 01:40:00,40.624165,-73.917755,1,0,Other Vehicular,4471776,15.2,7.9,0.0,0.0,0.0,0.0,3,19.1,34.6,28,Overcast,1,1,
56454,2021-10-29 00:00:00,40.683266,-73.96587,1,0,Pedestrian/Bicyclist/Other Pedestrian Error/Confusion,4472165,13.8,8.3,9.3,9.3,0.0,5.0,63,40.9,73.8,78,Rain: Moderate,1,1,
56455,2021-10-29 03:43:00,40.81149,-73.94052,1,0,Fell Asleep,4472272,13.8,8.3,9.3,9.3,0.0,5.0,63,40.9,73.8,78,Rain: Moderate,1,1,
56456,2021-10-27 06:00:00,40.61042,-73.98212,0,0,Unspecified,4472479,16.1,12.2,6.6,6.6,0.0,6.0,61,33.3,63.0,359,Rain: Light,0,0,
56457,2021-10-29 21:04:00,40.869476,-73.854904,1,0,Failure to Yield Right-of-Way,4472337,13.8,8.3,9.3,9.3,0.0,5.0,63,40.9,73.8,78,Rain: Moderate,1,1,
56458,2021-10-28 23:50:00,40.83263,-73.94341,1,0,Passing Too Closely,4472096,15.2,7.9,0.0,0.0,0.0,0.0,3,19.1,34.6,28,Overcast,1,1,
56459,2021-10-27 18:07:00,40.839767,-73.905396,1,0,Pedestrian/Bicyclist/Other Pedestrian Error/Confusion,4471793,16.1,12.2,6.6,6.6,0.0,6.0,61,33.3,63.0,359,Rain: Light,1,1,
56460,2021-10-28 10:30:00,40.772163,-73.90824,0,0,Driver Inattention/Distraction,4472213,15.2,7.9,0.0,0.0,0.0,0.0,3,19.1,34.6,28,Overcast,0,0,
56461,2021-10-29 09:59:00,40.809155,-73.88316,0,0,Turning Improperly,4472101,13.8,8.3,9.3,9.3,0.0,5.0,63,40.9,73.8,78,Rain: Moderate,0,0,
56462,2021-10-28 22:00:00,40.73768,-73.9217,1,0,Driver Inattention/Distraction,4471965,15.2,7.9,0.0,0.0,0.0,0.0,3,19.1,34.6,28,Overcast,1,1,
56463,2021-10-28 00:00:00,40.716278,-74.00454,0,0,Passing Too Closely,4472401,15.2,7.9,0.0,0.0,0.0,0.0,3,19.1,34.6,28,Overcast,0,0,
56464,2021-10-29 22:05:00,40.67601,-73.88567,0,0,Unspecified,4472756,13.8,8.3,9.3,9.3,0.0,5.0,63,40.9,73.8,78,Rain: Moderate,0,0,
56465,2021-10-27 12:15:00,40.671932,-73.976265,0,0,Passing Too Closely,4471595,16.1,12.2,6.6,6.6,0.0,6.0,61,33.3,63.0,359,Rain: Light,0,0,
56466,2022-04-10 12:53:00,40.823097,-73.89119,0,0,Driver Inattention/Distraction,4517733,9.8,3.5,0.0,0.0,0.0,0.0,3,29.3,54.4,307,Overcast,0,0,
56467,2022-04-10 04:01:00,40.61606,-74.02576,0,0,Unspecified,4518449,9.8,3.5,0.0,0.0,0.0,0.0,3,29.3,54.4,307,Overcast,0,0,
56468,2022-04-10 10:20:00,40.658527,-73.939575,0,0,Driver Inattention/Distraction,4517771,9.8,3.5,0.0,0.0,0.0,0.0,3,29.3,54.4,307,Overcast,0,0,
56469,2022-04-10 02:00:00,40.59455,-73.997574,0,0,Reaction to Uninvolved Vehicle,4518163,9.8,3.5,0.0,0.0,0.0,0.0,3,29.3,54.4,307,Overcast,0,0,
56470,2022-04-10 01:00:00,40.66919,-73.77249,0,0,Passing Too Closely,4517804,9.8,3.5,0.0,0.0,0.0,0.0,3,29.3,54.4,307,Overcast,0,0,
56471,2022-04-10 23:20:00,40.85053,-73.891945,0,0,Driver Inattention/Distraction,4518268,9.8,3.5,0.0,0.0,0.0,0.0,3,29.3,54.4,307,Overcast,0,0,
56472,2022-04-10 04:10:00,40.760254,-73.83493,2,0,Traffic Control Disregarded,4517645,9.8,3.5,0.0,0.0,0.0,0.0,3,29.3,54.4,307,Overcast,2,2,
56473,2022-04-10 23:00:00,40.71122,-73.72827,0,0,Unspecified,4518072,9.8,3.5,0.0,0.0,0.0,0.0,3,29.3,54.4,307,Overcast,0,0,
56474,2022-04-09 21:45:00,40.642452,-73.93712,0,0,Driver Inattention/Distraction,4518263,13.6,5.0,4.8,4.8,0.0,12.0,55,20.1,42.8,263,Drizzle: Dense,0,0,
56475,2022-04-10 05:40:00,40.661354,-73.942276,0,0,Fell Asleep,4517768,9.8,3.5,0.0,0.0,0.0,0.0,3,29.3,54.4,307,Overcast,0,0,
56476,2022-03-07 10:05:00,40.6338,-73.8897,0,0,Unspecified,4518526,22.7,11.2,4.7,4.7,0.0,4.0,63,37.8,72.0,228,Rain: Moderate,0,0,
56477,2022-04-09 13:00:00,40.671673,-73.91124,0,0,Driver Inattention/Distraction,4518538,13.6,5.0,4.8,4.8,0.0,12.0,55,20.1,42.8,263,Drizzle: Dense,0,0,
56478,2022-04-10 22:15:00,40.666855,-73.80425,0,0,Unsafe Lane Changing,4517794,9.8,3.5,0.0,0.0,0.0,0.0,3,29.3,54.4,307,Overcast,0,0,
56479,2022-04-10 20:20:00,40.69035,-73.84108,0,0,Fatigued/Drowsy,4517971,9.8,3.5,0.0,0.0,0.0,0.0,3,29.3,54.4,307,Overcast,0,0,
56480,2022-04-09 00:33:00,40.8387,-73.86372,2,0,Driver Inattention/Distraction,4518499,13.6,5.0,4.8,4.8,0.0,12.0,55,20.1,42.8,263,Drizzle: Dense,2,2,
56481,2022-04-02 19:31:00,40.72293,-73.847336,1,0,Traffic Control Disregarded,4518307,11.1,1.4,0.0,0.0,0.0,0.0,3,26.3,47.9,286,Overcast,1,1,
56482,2022-03-06 16:55:00,40.82609,-73.92307,3,0,Unsafe Lane Changing,4518433,19.5,3.0,1.6,1.6,0.0,7.0,53,30.0,54.7,222,Drizzle: Moderate,3,3,
56483,2022-04-10 09:40:00,40.689735,-73.74729,0,0,Backing Unsafely,4517704,9.8,3.5,0.0,0.0,0.0,0.0,3,29.3,54.4,307,Overcast,0,0,
56484,2022-04-10 16:40:00,40.67228,-73.852844,3,0,Aggressive Driving/Road Rage,4517829,9.8,3.5,0.0,0.0,0.0,0.0,3,29.3,54.4,307,Overcast,3,3,
56485,2022-04-10 10:00:00,40.612556,-74.0361,1,0,Unspecified,4517785,9.8,3.5,0.0,0.0,0.0,0.0,3,29.3,54.4,307,Overcast,1,1,
56486,2022-04-10 12:54:00,40.83421,-73.81844,0,0,Unspecified,4518050,9.8,3.5,0.0,0.0,0.0,0.0,3,29.3,54.4,307,Overcast,0,0,
56487,2022-04-10 13:25:00,40.86124,-73.86172,0,0,Unspecified,4517777,9.8,3.5,0.0,0.0,0.0,0.0,3,29.3,54.4,307,Overcast,0,0,
56488,2022-04-04 10:15:00,40.701763,-73.80793,4,0,Failure to Yield Right-of-Way,4518385,12.2,2.6,0.1,0.1,0.0,1.0,51,23.7,41.4,304,Drizzle: Light,4,4,
56489,2022-04-04 12:25:00,40.842075,-73.834724,1,0,Unspecified,4518270,12.2,2.6,0.1,0.1,0.0,1.0,51,23.7,41.4,304,Drizzle: Light,1,1,
56490,2022-04-10 18:06:00,40.76468,-73.9643,0,0,Driver Inattention/Distraction,4518154,9.8,3.5,0.0,0.0,0.0,0.0,3,29.3,54.4,307,Overcast,0,0,
56491,2022-04-09 18:00:00,40.816795,-73.86578,0,0,Unspecified,4518280,13.6,5.0,4.8,4.8,0.0,12.0,55,20.1,42.8,263,Drizzle: Dense,0,0,
56492,2022-04-10 02:51:00,40.82563,-73.94456,1,0,Alcohol Involvement,4518253,9.8,3.5,0.0,0.0,0.0,0.0,3,29.3,54.4,307,Overcast,1,1,
56493,2022-04-10 08:34:00,40.759983,-73.964806,1,0,Driver Inattention/Distraction,4517959,9.8,3.5,0.0,0.0,0.0,0.0,3,29.3,54.4,307,Overcast,1,1,
56494,2022-04-08 14:51:00,40.693142,-73.922,0,0,Passing Too Closely,4518338,16.5,7.1,5.2,5.2,0.0,4.0,63,21.3,42.8,253,Rain: Moderate,0,0,
56495,2022-04-07 12:15:00,40.816067,-73.91765,0,0,View Obstructed/Limited,4518488,11.5,5.6,74.1,74.1,0.0,14.0,65,35.0,64.8,98,Rain: Heavy,0,0,
56496,2022-04-10 17:10:00,40.70546,-73.7949,0,0,Driver Inattention/Distraction,4517854,9.8,3.5,0.0,0.0,0.0,0.0,3,29.3,54.4,307,Overcast,0,0,
56497,2022-04-09 11:00:00,40.724888,-73.89899,1,0,Failure to Yield Right-of-Way,4518374,13.6,5.0,4.8,4.8,0.0,12.0,55,20.1,42.8,263,Drizzle: Dense,1,1,
56498,2022-04-10 15:35:00,40.7145,-73.957565,0,0,Unspecified,4517840,9.8,3.5,0.0,0.0,0.0,0.0,3,29.3,54.4,307,Overcast,0,0,
56499,2022-04-10 03:05:00,40.85149,-73.85231,0,0,Unspecified,4517528,9.8,3.5,0.0,0.0,0.0,0.0,3,29.3,54.4,307,Overcast,0,0,
56500,2022-04-10 14:00:00,40.889427,-73.86295,0,0,Following Too Closely,4518409,9.8,3.5,0.0,0.0,0.0,0.0,3,29.3,54.4,307,Overcast,0,0,
56501,2022-04-10 04:17:00,40.667976,-73.93399,0,0,Unspecified,4517759,9.8,3.5,0.0,0.0,0.0,0.0,3,29.3,54.4,307,Overcast,0,0,
56502,2022-04-10 22:45:00,40.87829,-73.87006,1,0,Unspecified,4517914,9.8,3.5,0.0,0.0,0.0,0.0,3,29.3,54.4,307,Overcast,1,1,
56503,2022-04-08 15:20:00,40.52865,-74.216835,2,0,Failure to Yield Right-of-Way,4518474,16.5,7.1,5.2,5.2,0.0,4.0,63,21.3,42.8,253,Rain: Moderate,2,2,
56504,2022-03-18 19:07:00,40.842464,-73.92414,0,0,Reaction to Uninvolved Vehicle,4518317,20.8,7.4,0.0,0.0,0.0,0.0,3,16.0,31.7,181,Overcast,0,0,