,CRASH DATETIME,LATITUDE,LONGITUDE,NUMBER OF PERSONS INJURED,NUMBER OF PERSONS KILLED,CONTRIBUTING FACTOR VEHICLE 1,COLLISION_ID,temperature_2m_max,temperature_2m_min,precipitation_sum,rain_sum,snowfall_sum,precipitation_hours,weather_code,wind_speed_10m_max,wind_gusts_10m_max,wind_direction_10m_dominant,Weather Description,Severity_Score,Total_Affected_Persons,Weather_Category
56505,2022-04-10 19:30:00,40.867958,-73.887695,0,0,Driver Inattention/Distraction,4517931,9.8,3.5,0.0,0.0,0.0,0.0,3,29.3,54.4,307,Overcast,0,0,
56506,2022-04-10 23:00:00,40.717087,-73.763115,0,0,Passing Too Closely,4518038,9.8,3.5,0.0,0.0,0.0,0.0,3,29.3,54.4,307,Overcast,0,0,
56507,2022-03-25 09:02:00,40.715305,-73.96044,1,0,Driver Inattention/Distraction,4518327,15.6,5.3,5.7,5.7,0.0,4.0,63,27.6,52.2,274,Rain: Moderate,1,1,
56508,2022-04-10 15:00:00,40.856987,-73.90897,1,0,Backing Unsafely,4517888,9.8,3.5,0.0,0.0,0.0,0.0,3,29.3,54.4,307,Overcast,1,1,
56509,2022-04-10 16:42:00,40.89463,-73.88229,1,0,Driver Inattention/Distraction,4517810,9.8,3.5,0.0,0.0,0.0,0.0,3,29.3,54.4,307,Overcast,1,1,
56510,2022-04-08 20:40:00,40.7628,-73.87403,0,0,Unspecified,4518419,16.5,7.1,5.2,5.2,0.0,4.0,63,21.3,42.8,253,Rain: Moderate,0,0,
56511,2022-04-10 01:00:00,40.757233,-73.97605,5,0,Unspecified,4518126,9.8,3.5,0.0,0.0,0.0,0.0,3,29.3,54.4,307,Overcast,5,5,
56512,2022-04-09 14:40:00,40.757935,-73.87239,0,0,Unspecified,4518296,13.6,5.0,4.8,4.8,0.0,12.0,55,20.1,42.8,263,Drizzle: Dense,0,0,
56513,2022-04-10 09:42:00,40.63736,-74.13382,0,0,Driver Inattention/Distraction,4517944,9.8,3.5,0.0,0.0,0.0,0.0,3,29.3,54.4,307,Overcast,0,0,
56514,2022-04-10 16:00:00,40.659775,-73.88512,0,0,Driver Inattention/Distraction,4518017,9.8,3.5,0.0,0.0,0.0,0.0,3,29.3,54.4,307,Overcast,0,0,
56515,2022-04-09 17:50:00,40.705227,-73.88505,1,0,Unspecified,4518495,13.6,5.0,4.8,4.8,0.0,12.0,55,20.1,42.8,263,Drizzle: Dense,1,1,
56516,2022-04-10 13:00:00,40.703674,-73.91513,0,0,Passing Too Closely,4518355,9.8,3.5,0.0,0.0,0.0,0.0,3,29.3,54.4,307,Overcast,0,0,
56517,2022-04-10 22:17:00,40.812073,-73.93604,1,0,Failure to Yield Right-of-Way,4518028,9.8,3.5,0.0,0.0,0.0,0.0,3,29.3,54.4,307,Overcast,1,1,
56518,2022-04-10 06:40:00,40.687145,-73.86247,0,0,Driver Inexperience,4518367,9.8,3.5,0.0,0.0,0.0,0.0,3,29.3,54.4,307,Overcast,0,0,
56519,2022-04-10 03:31:00,40.604256,-74.00342,0,0,Driver Inattention/Distraction,4517496,9.8,3.5,0.0,0.0,0.0,0.0,3,29.3,54.4,307,Overcast,0,0,
56520,2022-04-06 06:20:00,40.877476,-73.83661,1,0,Driver Inattention/Distraction,4518453,12.5,6.2,17.5,17.5,0.0,14.0,61,31.2,62.3,55,Rain: Light,1,1,
56521,2021-10-30 06:55:00,40.81175,-73.93144,1,0,Unspecified,4472326,17.8,12.0,7.8,7.8,0.0,16.0,61,38.5,68.0,112,Rain: Light,1,1,
56522,2021-08-22 04:10:00,40.867256,-73.88363,1,0,Driver Inattention/Distraction,4449312,23.9,22.5,56.2,56.2,0.0,21.0,63,19.8,36.0,299,Rain: Moderate,1,1,
56523,2021-12-10 17:21:00,40.690914,-73.72819,0,0,Unspecified,4486531,8.5,1.6,0.0,0.0,0.0,0.0,3,9.8,20.5,183,Overcast,0,0,
56524,2022-04-05 21:08:00,40.730293,-73.85592,0,0,Alcohol Involvement,4518402,12.1,1.0,1.7,1.7,0.0,3.0,53,16.8,32.8,121,Drizzle: Moderate,0,0,
56525,2022-04-10 21:50:00,40.769794,-73.96479,0,0,Unspecified,4517853,9.8,3.5,0.0,0.0,0.0,0.0,3,29.3,54.4,307,Overcast,0,0,
56526,2022-04-10 21:20:00,40.816616,-73.93484,0,0,Alcohol Involvement,4518216,9.8,3.5,0.0,0.0,0.0,0.0,3,29.3,54.4,307,Overcast,0,0,
56527,2022-04-10 06:00:00,40.80682,-73.96106,0,0,Unspecified,4517744,9.8,3.5,0.0,0.0,0.0,0.0,3,29.3,54.4,307,Overcast,0,0,
56528,2022-03-15 13:00:00,40.843903,-73.927284,0,0,Driver Inattention/Distraction,4518426,15.8,3.2,0.0,0.0,0.0,0.0,3,21.5,36.4,211,Overcast,0,0,
56529,2022-04-10 17:12:00,40.787693,-73.94148,0,0,Unspecified,4517954,9.8,3.5,0.0,0.0,0.0,0.0,3,29.3,54.4,307,Overcast,0,0,
56530,2022-04-10 21:00:00,40.66435,-73.87231,1,0,Unspecified,4517992,9.8,3.5,0.0,0.0,0.0,0.0,3,29.3,54.4,307,Overcast,1,1,
56531,2022-04-08 17:10:00,40.835968,-73.87,0,0,Following Too Closely,4518290,16.5,7.1,5.2,5.2,0.0,4.0,63,21.3,42.8,253,Rain: Moderate,0,0,
56532,2022-04-10 20:50:00,40.63686,-73.93849,0,0,Unspecified,4518051,9.8,3.5,0.0,0.0,0.0,0.0,3,29.3,54.4,307,Overcast,0,0,
56533,2022-04-10 15:08:00,40.838375,-73.871506,1,0,Driver Inattention/Distraction,4517776,9.8,3.5,0.0,0.0,0.0,0.0,3,29.3,54.4,307,Overcast,1,1,
56534,2022-04-10 18:30:00,40.738194,-73.8492,0,0,Failure to Yield Right-of-Way,4517800,9.8,3.5,0.0,0.0,0.0,0.0,3,29.3,54.4,307,Overcast,0,0,
56535,2022-04-10 08:35:00,40.79192,-73.823166,0,0,Driver Inattention/Distraction,4517649,9.8,3.5,0.0,0.0,0.0,0.0,3,29.3,54.4,307,Overcast,0,0,
56536,2022-04-08 12:40:00,40.61748,-73.96482,0,0,View Obstructed/Limited,4518501,16.5,7.1,5.2,5.2,0.0,4.0,63,21.3,42.8,253,Rain: Moderate,0,0,
56537,2022-04-10 13:45:00,40.789623,-73.94007,1,0,Unspecified,4518081,9.8,3.5,0.0,0.0,0.0,0.0,3,29.3,54.4,307,Overcast,1,1,
56538,2022-04-10 02:53:00,40.839733,-73.89882,0,0,Driver Inattention/Distraction,4517905,9.8,3.5,0.0,0.0,0.0,0.0,3,29.3,54.4,307,Overcast,0,0,
56539,2022-06-24 01:43:00,40.64569,-73.91204,2,0,Unspecified,4544401,26.7,14.6,1.0,1.0,0.0,6.0,51,19.2,37.4,204,Drizzle: Light,2,2,
56540,2022-04-10 15:25:00,40.854576,-73.85471,0,0,Driver Inattention/Distraction,4517778,9.8,3.5,0.0,0.0,0.0,0.0,3,29.3,54.4,307,Overcast,0,0,
56541,2022-04-10 19:30:00,40.68484,-73.80607,0,0,Following Too Closely,4517813,9.8,3.5,0.0,0.0,0.0,0.0,3,29.3,54.4,307,Overcast,0,0,
56542,2022-04-10 17:15:00,40.758884,-73.871666,1,0,Driver Inattention/Distraction,4518297,9.8,3.5,0.0,0.0,0.0,0.0,3,29.3,54.4,307,Overcast,1,1,
56543,2022-04-08 19:25:00,40.821945,-73.84241,0,0,Failure to Yield Right-of-Way,4518264,16.5,7.1,5.2,5.2,0.0,4.0,63,21.3,42.8,253,Rain: Moderate,0,0,
56544,2022-04-10 01:22:00,40.662743,-73.921936,0,0,Traffic Control Disregarded,4517630,9.8,3.5,0.0,0.0,0.0,0.0,3,29.3,54.4,307,Overcast,0,0,
56545,2022-04-10 15:24:00,40.665848,-73.886696,2,0,Unspecified,4518014,9.8,3.5,0.0,0.0,0.0,0.0,3,29.3,54.4,307,Overcast,2,2,
56546,2022-04-10 04:03:00,40.81774,-73.896095,0,0,Unspecified,4517730,9.8,3.5,0.0,0.0,0.0,0.0,3,29.3,54.4,307,Overcast,0,0,
56547,2022-04-10 07:58:00,40.739536,-73.8195,0,0,Unspecified,4518123,9.8,3.5,0.0,0.0,0.0,0.0,3,29.3,54.4,307,Overcast,0,0,
56548,2022-04-10 00:52:00,40.62334,-73.95595,1,0,Unspecified,4517560,9.8,3.5,0.0,0.0,0.0,0.0,3,29.3,54.4,307,Overcast,1,1,
56549,2022-04-10 06:57:00,40.66858,-73.84223,1,0,Turning Improperly,4517831,9.8,3.5,0.0,0.0,0.0,0.0,3,29.3,54.4,307,Overcast,1,1,
56550,2022-04-10 21:00:00,40.820877,-73.94517,0,0,Unspecified,4518258,9.8,3.5,0.0,0.0,0.0,0.0,3,29.3,54.4,307,Overcast,0,0,
56551,2022-04-10 23:30:00,40.85447,-73.91008,0,0,Unspecified,4518047,9.8,3.5,0.0,0.0,0.0,0.0,3,29.3,54.4,307,Overcast,0,0,
56552,2022-04-10 08:20:00,40.723263,-73.74384,1,0,Alcohol Involvement,4517767,9.8,3.5,0.0,0.0,0.0,0.0,3,29.3,54.4,307,Overcast,1,1,
56553,2022-04-06 19:11:00,40.751575,-73.85584,1,0,Unspecified,4518418,12.5,6.2,17.5,17.5,0.0,14.0,61,31.2,62.3,55,Rain: Light,1,1,
56554,2022-04-05 18:00:00,40.578804,-73.96582,0,0,Other Vehicular,4518378,12.1,1.0,1.7,1.7,0.0,3.0,53,16.8,32.8,121,Drizzle: Moderate,0,0,
56555,2022-04-10 19:00:00,40.891388,-73.862885,0,0,Backing Unsafely,4517916,9.8,3.5,0.0,0.0,0.0,0.0,3,29.3,54.4,307,Overcast,0,0,
56556,2022-04-10 06:50:00,40.703163,-73.81662,0,0,Brakes Defective,4517877,9.8,3.5,0.0,0.0,0.0,0.0,3,29.3,54.4,307,Overcast,0,0,
56557,2022-04-07 22:30:00,40.590008,-73.81428,0,0,Unspecified,4518303,11.5,5.6,74.1,74.1,0.0,14.0,65,35.0,64.8,98,Rain: Heavy,0,0,
56558,2022-04-09 03:53:00,40.82959,-73.950066,0,0,Alcohol Involvement,4518337,13.6,5.0,4.8,4.8,0.0,12.0,55,20.1,42.8,263,Drizzle: Dense,0,0,
56559,2022-04-10 16:20:00,40.605335,-73.75528,0,0,Failure to Yield Right-of-Way,4517932,9.8,3.5,0.0,0.0,0.0,0.0,3,29.3,54.4,307,Overcast,0,0,
56560,2022-04-10 18:15:00,40.741386,-73.72489,0,0,Unspecified,4517764,9.8,3.5,0.0,0.0,0.0,0.0,3,29.3,54.4,307,Overcast,0,0,
56561,2022-04-10 13:00:00,40.698822,-73.84701,0,0,Driver Inattention/Distraction,4517700,9.8,3.5,0.0,0.0,0.0,0.0,3,29.3,54.4,307,Overcast,0,0,
56562,2022-04-10 19:45:00,40.823467,-73.92447,0,0,Passing Too Closely,4518432,9.8,3.5,0.0,0.0,0.0,0.0,3,29.3,54.4,307,Overcast,0,0,
56563,2022-04-10 12:59:00,40.81766,-73.93076,1,0,Obstruction/Debris,4518148,9.8,3.5,0.0,0.0,0.0,0.0,3,29.3,54.4,307,Overcast,1,1,
56564,2022-04-09 12:00:00,40.82325,-73.88277,0,0,Reaction to Uninvolved Vehicle,4518279,13.6,5.0,4.8,4.8,0.0,12.0,55,20.1,42.8,263,Drizzle: Dense,0,0,
56565,2022-04-10 21:55:00,40.75097,-73.825775,1,0,Failure to Yield Right-of-Way,4517786,9.8,3.5,0.0,0.0,0.0,0.0,3,29.3,54.4,307,Overcast,1,1,
56566,2022-04-10 22:01:00,40.72089,-73.99576,4,0,Following Too Closely,4517960,9.8,3.5,0.0,0.0,0.0,0.0,3,29.3,54.4,307,Overcast,4,4,
56567,2022-04-10 23:40:00,40.685764,-73.97308,1,0,Driver Inattention/Distraction,4518249,9.8,3.5,0.0,0.0,0.0,0.0,3,29.3,54.4,307,Overcast,1,1,
56568,2022-04-10 22:25:00,40.740788,-73.98382,1,0,Unspecified,4518037,9.8,3.5,0.0,0.0,0.0,0.0,3,29.3,54.4,307,Overcast,1,1,
56569,2022-04-10 08:00:00,40.695282,-73.92576,0,0,Passing Too Closely,4517665,9.8,3.5,0.0,0.0,0.0,0.0,3,29.3,54.4,307,Overcast,0,0,
56570,2022-04-10 02:20:00,40.86175,-73.86269,0,0,Unspecified,4517529,9.8,3.5,0.0,0.0,0.0,0.0,3,29.3,54.4,307,Overcast,0,0,
56571,2022-04-10 16:30:00,40.71558,-73.960144,0,0,Driver Inattention/Distraction,4517839,9.8,3.5,0.0,0.0,0.0,0.0,3,29.3,54.4,307,Overcast,0,0,
56572,2022-04-07 19:00:00,40.62653,-74.16051,0,0,Passing Too Closely,4518532,11.5,5.6,74.1,74.1,0.0,14.0,65,35.0,64.8,98,Rain: Heavy,0,0,
56573,2022-04-10 18:30:00,40.681553,-73.86225,2,0,Failure to Yield Right-of-Way,4517976,9.8,3.5,0.0,0.0,0.0,0.0,3,29.3,54.4,307,Overcast,2,2,
56574,2022-04-10 16:20:00,40.754105,-73.72321,0,0,Driver Inattention/Distraction,4517793,9.8,3.5,0.0,0.0,0.0,0.0,3,29.3,54.4,307,Overcast,0,0,
56575,2022-04-09 09:00:00,40.730274,-73.88722,0,0,Unspecified,4518384,13.6,5.0,4.8,4.8,0.0,12.0,55,20.1,42.8,263,Drizzle: Dense,0,0,
56576,2022-04-08 18:02:00,40.63413,-73.928505,0,0,Failure to Yield Right-of-Way,4518410,16.5,7.1,5.2,5.2,0.0,4.0,63,21.3,42.8,253,Rain: Moderate,0,0,
56577,2022-04-04 12:24:00,40.767353,-73.9177,1,0,Unspecified,4518315,12.2,2.6,0.1,0.1,0.0,1.0,51,23.7,41.4,304,Drizzle: Light,1,1,
56578,2022-04-05 18:00:00,40.645874,-73.892845,3,0,Unspecified,4518476,12.1,1.0,1.7,1.7,0.0,3.0,53,16.8,32.8,121,Drizzle: Moderate,3,3,
56579,2022-04-10 06:00:00,40.593742,-73.96085,0,0,Unspecified,4517855,9.8,3.5,0.0,0.0,0.0,0.0,3,29.3,54.4,307,Overcast,0,0,
56580,2022-04-09 07:50:00,40.75276,-73.93404,0,0,Passing or Lane Usage Improper,4518330,13.6,5.0,4.8,4.8,0.0,12.0,55,20.1,42.8,263,Drizzle: Dense,0,0,
56581,2022-04-10 14:00:00,40.694805,-73.8982,1,0,Reaction to Uninvolved Vehicle,4518529,9.8,3.5,0.0,0.0,0.0,0.0,3,29.3,54.4,307,Overcast,1,1,
56582,2022-04-10 00:00:00,40.695854,-73.818924,0,0,Passing or Lane Usage Improper,4518096,9.8,3.5,0.0,0.0,0.0,0.0,3,29.3,54.4,307,Overcast,0,0,
56583,2022-04-10 22:45:00,40.820766,-73.939064,0,0,Passing Too Closely,4518217,9.8,3.5,0.0,0.0,0.0,0.0,3,29.3,54.4,307,Overcast,0,0,
56584,2022-04-08 20:00:00,40.843372,-73.904945,1,0,Unspecified,4518441,16.5,7.1,5.2,5.2,0.0,4.0,63,21.3,42.8,253,Rain: Moderate,1,1,
56585,2022-04-10 16:47:00,40.640984,-74.01254,0,0,Unspecified,4518057,9.8,3.5,0.0,0.0,0.0,0.0,3,29.3,54.4,307,Overcast,0,0,
56586,2022-04-10 09:45:00,40.72894,-73.89053,0,0,Unspecified,4517716,9.8,3.5,0.0,0.0,0.0,0.0,3,29.3,54.4,307,Overcast,0,0,
56587,2022-04-10 05:20:00,40.633995,-73.90253,1,0,Alcohol Involvement,4517780,9.8,3.5,0.0,0.0,0.0,0.0,3,29.3,54.4,307,Overcast,1,1,
56588,2022-04-09 14:25:00,40.824417,-73.87357,1,0,Unsafe Lane Changing,4518283,13.6,5.0,4.8,4.8,0.0,12.0,55,20.1,42.8,263,Drizzle: Dense,1,1,
56589,2022-04-10 07:50:00,40.85144,-73.88896,0,0,Driver Inattention/Distraction,4518273,9.8,3.5,0.0,0.0,0.0,0.0,3,29.3,54.4,307,Overcast,0,0,
56590,2022-04-10 02:50:00,40.739964,-73.89424,0,0,Driver Inattention/Distraction,4517656,9.8,3.5,0.0,0.0,0.0,0.0,3,29.3,54.4,307,Overcast,0,0,
56591,2022-04-08 22:10:00,40.639977,-73.92623,3,0,Unsafe Lane Changing,4518480,16.5,7.1,5.2,5.2,0.0,4.0,63,21.3,42.8,253,Rain: Moderate,3,3,
56592,2022-04-03 23:15:00,40.723362,-73.98268,0,0,Unspecified,4518324,8.3,3.4,3.1,3.1,0.0,5.0,61,21.9,38.2,274,Rain: Light,0,0,
56593,2022-04-10 10:30:00,40.60057,-74.11339,0,0,Reaction to Uninvolved Vehicle,4517937,9.8,3.5,0.0,0.0,0.0,0.0,3,29.3,54.4,307,Overcast,0,0,
56594,2022-04-02 23:00:00,40.760147,-73.80684,0,0,Unspecified,4518390,11.1,1.4,0.0,0.0,0.0,0.0,3,26.3,47.9,286,Overcast,0,0,
56595,2022-04-10 03:04:00,40.705353,-73.73218,0,0,Unspecified,4517503,9.8,3.5,0.0,0.0,0.0,0.0,3,29.3,54.4,307,Overcast,0,0,
56596,2022-04-08 20:05:00,40.61292,-74.099884,0,0,Driver Inattention/Distraction,4518543,16.5,7.1,5.2,5.2,0.0,4.0,63,21.3,42.8,253,Rain: Moderate,0,0,
56597,2022-04-10 12:54:00,40.679768,-73.894005,1,0,Unspecified,4518013,9.8,3.5,0.0,0.0,0.0,0.0,3,29.3,54.4,307,Overcast,1,1,
56598,2022-04-10 23:25:00,40.709076,-73.87368,1,0,Unspecified,4518030,9.8,3.5,0.0,0.0,0.0,0.0,3,29.3,54.4,307,Overcast,1,1,
56599,2022-04-10 11:20:00,40.59352,-73.957306,0,0,Unspecified,4517852,9.8,3.5,0.0,0.0,0.0,0.0,3,29.3,54.4,307,Overcast,0,0,
56600,2022-03-28 08:00:00,40.764484,-73.89077,0,0,Other Vehicular,4518291,0.0,-5.2,0.3,0.0,0.21,3.0,71,31.3,59.0,303,Snow fall: Light,0,0,Snowy Conditions
56601,2022-04-10 07:46:00,40.830868,-73.902885,0,0,Unspecified,4517898,9.8,3.5,0.0,0.0,0.0,0.0,3,29.3,54.4,307,Overcast,0,0,
56602,2022-04-09 22:52:00,40.64295,-73.977325,0,0,Fell Asleep,4518507,13.6,5.0,4.8,4.8,0.0,12.0,55,20.1,42.8,263,Drizzle: Dense,0,0,
56603,2022-04-10 01:10:00,40.796177,-73.933754,0,0,Alcohol Involvement,4518023,9.8,3.5,0.0,0.0,0.0,0.0,3,29.3,54.4,307,Overcast,0,0,
56604,2022-04-10 00:16:00,40.841877,-73.8888,1,0,Unsafe Speed,4517606,9.8,3.5,0.0,0.0,0.0,0.0,3,29.3,54.4,307,Overcast,1,1,
56605,2022-04-10 16:21:00,40.629368,-74.00876,2,0,Driver Inattention/Distraction,4518179,9.8,3.5,0.0,0.0,0.0,0.0,3,29.3,54.4,307,Overcast,2,2,
56606,2022-04-08 23:45:00,40.760704,-73.858246,0,0,Passing or Lane Usage Improper,4518298,16.5,7.1,5.2,5.2,0.0,4.0,63,21.3,42.8,253,Rain: Moderate,0,0,
56607,2022-04-10 01:06:00,40.689606,-73.81806,0,0,Unsafe Speed,4517815,9.8,3.5,0.0,0.0,0.0,0.0,3,29.3,54.4,307,Overcast,0,0,
56608,2022-04-10 17:20:00,40.740425,-73.89671,1,0,Unspecified,4517799,9.8,3.5,0.0,0.0,0.0,0.0,3,29.3,54.4,307,Overcast,1,1,
56609,2022-04-08 18:58:00,40.820877,-73.8667,1,0,Alcohol Involvement,4518265,16.5,7.1,5.2,5.2,0.0,4.0,63,21.3,42.8,253,Rain: Moderate,1,1,
56610,2022-04-10 17:30:00,40.70082,-73.88054,0,0,Backing Unsafely,4518494,9.8,3.5,0.0,0.0,0.0,0.0,3,29.3,54.4,307,Overcast,0,0,
56611,2022-04-10 15:00:00,40.71512,-73.77358,0,0,Turning Improperly,4517887,9.8,3.5,0.0,0.0,0.0,0.0,3,29.3,54.4,307,Overcast,0,0,
56612,2022-04-02 17:30:00,40.634087,-73.88372,0,0,Unspecified,4518425,11.1,1.4,0.0,0.0,0.0,0.0,3,26.3,47.9,286,Overcast,0,0,
56613,2022-04-10 15:39:00,40.744892,-73.77022,1,0,Driver Inattention/Distraction,4518368,9.8,3.5,0.0,0.0,0.0,0.0,3,29.3,54.4,307,Overcast,1,1,
56614,2022-04-10 04:05:00,40.659832,-73.897606,1,0,Traffic Control Disregarded,4517989,9.8,3.5,0.0,0.0,0.0,0.0,3,29.3,54.4,307,Overcast,1,1,
56615,2022-04-10 03:55:00,40.849453,-73.906006,0,0,Unspecified,4517861,9.8,3.5,0.0,0.0,0.0,0.0,3,29.3,54.4,307,Overcast,0,0,
56616,2022-04-04 07:27:00,40.753586,-73.93902,0,0,Unspecified,4518332,12.2,2.6,0.1,0.1,0.0,1.0,51,23.7,41.4,304,Drizzle: Light,0,0,
56617,2022-04-06 07:20:00,40.660435,-73.94542,0,0,Turning Improperly,4518353,12.5,6.2,17.5,17.5,0.0,14.0,61,31.2,62.3,55,Rain: Light,0,0,
56618,2022-04-10 05:30:00,40.573708,-73.99072,0,0,Unspecified,4518379,9.8,3.5,0.0,0.0,0.0,0.0,3,29.3,54.4,307,Overcast,0,0,
56619,2022-04-10 14:30:00,40.868095,-73.83383,0,0,Unspecified,4517920,9.8,3.5,0.0,0.0,0.0,0.0,3,29.3,54.4,307,Overcast,0,0,
56620,2022-07-05 04:10:00,40.560825,-74.13482,1,0,Tire Failure/Inadequate,4543851,30.0,20.3,0.5,0.5,0.0,2.0,51,30.4,56.5,191,Drizzle: Light,1,1,
56621,2022-07-04 15:55:00,40.61821,-73.89728,1,0,Unsafe Lane Changing,4544245,30.9,17.5,0.0,0.0,0.0,0.0,3,15.4,27.4,302,Overcast,1,1,
56622,2022-06-30 10:15:00,40.58584,-73.93788,0,0,Following Too Closely,4544248,31.2,17.3,0.0,0.0,0.0,0.0,2,19.1,37.4,274,Partly cloudy,0,0,
56623,2022-07-05 04:45:00,40.69003,-73.911,0,0,Traffic Control Disregarded,4543453,30.0,20.3,0.5,0.5,0.0,2.0,51,30.4,56.5,191,Drizzle: Light,0,0,
56624,2022-06-30 17:05:00,40.87829,-73.87006,1,0,Driver Inattention/Distraction,4544328,31.2,17.3,0.0,0.0,0.0,0.0,2,19.1,37.4,274,Partly cloudy,1,1,
56625,2022-07-05 01:10:00,40.8178,-73.89299,1,0,Driver Inattention/Distraction,4543950,30.0,20.3,0.5,0.5,0.0,2.0,51,30.4,56.5,191,Drizzle: Light,1,1,
56626,2022-07-05 16:54:00,40.68474,-73.974144,0,0,Driver Inattention/Distraction,4544005,30.0,20.3,0.5,0.5,0.0,2.0,51,30.4,56.5,191,Drizzle: Light,0,0,
56627,2022-07-04 23:40:00,40.71337,-73.934814,1,0,Failure to Yield Right-of-Way,4544423,30.9,17.5,0.0,0.0,0.0,0.0,3,15.4,27.4,302,Overcast,1,1,
56628,2022-06-28 17:50:00,40.732864,-73.9566,0,0,Passing Too Closely,4544291,27.5,19.1,0.0,0.0,0.0,0.0,3,14.4,28.4,334,Overcast,0,0,
56629,2022-07-05 12:41:00,40.733498,-73.87038,1,0,Unspecified,4543734,30.0,20.3,0.5,0.5,0.0,2.0,51,30.4,56.5,191,Drizzle: Light,1,1,
56630,2022-06-24 09:00:00,40.643818,-74.07637,0,0,Unspecified,4544165,26.7,14.6,1.0,1.0,0.0,6.0,51,19.2,37.4,204,Drizzle: Light,0,0,
56631,2022-07-05 00:04:00,40.658577,-73.89063,2,0,Pedestrian/Bicyclist/Other Pedestrian Error/Confusion,4543783,30.0,20.3,0.5,0.5,0.0,2.0,51,30.4,56.5,191,Drizzle: Light,2,2,
56632,2022-06-29 15:15:00,40.650944,-73.91413,0,0,Unspecified,4544314,29.0,17.7,0.0,0.0,0.0,0.0,3,27.2,51.5,195,Overcast,0,0,
56633,2022-07-01 12:10:00,40.7006,-73.94301,0,0,Other Vehicular,4544411,33.7,20.2,0.1,0.1,0.0,1.0,51,32.3,58.0,215,Drizzle: Light,0,0,
56634,2022-07-05 10:50:00,40.641434,-74.01782,2,0,Driver Inattention/Distraction,4543961,30.0,20.3,0.5,0.5,0.0,2.0,51,30.4,56.5,191,Drizzle: Light,2,2,
56635,2022-07-05 03:00:00,40.635506,-73.913284,0,0,Unspecified,4543654,30.0,20.3,0.5,0.5,0.0,2.0,51,30.4,56.5,191,Drizzle: Light,0,0,
56636,2022-07-05 04:30:00,40.75244,-73.929825,0,0,Unspecified,4543539,30.0,20.3,0.5,0.5,0.0,2.0,51,30.4,56.5,191,Drizzle: Light,0,0,
56637,2022-06-29 17:00:00,40.907497,-73.90886,0,0,Unspecified,4544125,29.0,17.7,0.0,0.0,0.0,0.0,3,27.2,51.5,195,Overcast,0,0,
56638,2022-07-01 18:00:00,40.846733,-73.90649,0,0,Unspecified,4544174,33.7,20.2,0.1,0.1,0.0,1.0,51,32.3,58.0,215,Drizzle: Light,0,0,
56639,2022-07-05 06:33:00,40.665924,-73.83504,0,0,Following Too Closely,4543698,30.0,20.3,0.5,0.5,0.0,2.0,51,30.4,56.5,191,Drizzle: Light,0,0,
56640,2022-07-05 02:46:00,40.81286,-73.96341,1,0,Driver Inexperience,4543677,30.0,20.3,0.5,0.5,0.0,2.0,51,30.4,56.5,191,Drizzle: Light,1,1,
56641,2022-07-04 01:10:00,40.7858,-73.85131,0,0,Passing or Lane Usage Improper,4544144,30.9,17.5,0.0,0.0,0.0,0.0,3,15.4,27.4,302,Overcast,0,0,
56642,2022-06-28 15:56:00,40.68064,-73.95338,0,0,Passing Too Closely,4544307,27.5,19.1,0.0,0.0,0.0,0.0,3,14.4,28.4,334,Overcast,0,0,
56643,2022-07-05 12:20:00,40.64316,-74.01922,0,0,Brakes Defective,4543766,30.0,20.3,0.5,0.5,0.0,2.0,51,30.4,56.5,191,Drizzle: Light,0,0,
56644,2022-07-05 17:11:00,40.62334,-73.95595,1,0,Failure to Yield Right-of-Way,4543876,30.0,20.3,0.5,0.5,0.0,2.0,51,30.4,56.5,191,Drizzle: Light,1,1,
56645,2022-07-05 15:27:00,40.831974,-73.9235,2,0,Following Too Closely,4544265,30.0,20.3,0.5,0.5,0.0,2.0,51,30.4,56.5,191,Drizzle: Light,2,2,
56646,2022-06-27 23:10:00,40.687668,-73.951035,0,0,Driver Inattention/Distraction,4544222,26.2,19.8,11.7,11.7,0.0,9.0,63,20.5,43.2,224,Rain: Moderate,0,0,
56647,2022-06-23 22:05:00,40.699482,-73.96104,1,0,Passing Too Closely,4544397,22.6,15.7,0.8,0.8,0.0,6.0,51,15.6,31.3,127,Drizzle: Light,1,1,
56648,2022-06-20 00:00:00,40.813828,-73.951935,0,0,Unspecified,4544419,26.5,12.9,0.0,0.0,0.0,0.0,3,18.4,31.7,308,Overcast,0,0,
56649,2021-07-15 17:30:00,40.72129,-73.94888,1,0,Failure to Yield Right-of-Way,4439173,29.3,21.2,0.1,0.1,0.0,1.0,51,13.7,27.4,212,Drizzle: Light,1,1,
56650,2022-07-05 20:20:00,40.5774,-73.95404,1,0,Driver Inattention/Distraction,4543927,30.0,20.3,0.5,0.5,0.0,2.0,51,30.4,56.5,191,Drizzle: Light,1,1,
56651,2022-07-05 13:20:00,40.693832,-73.909615,0,0,Unspecified,4543743,30.0,20.3,0.5,0.5,0.0,2.0,51,30.4,56.5,191,Drizzle: Light,0,0,
56652,2022-07-02 23:35:00,40.528275,-74.20941,0,0,Unspecified,4544355,30.8,23.1,4.0,4.0,0.0,5.0,61,19.4,40.0,229,Rain: Light,0,0,
56653,2022-06-12 12:00:00,40.69097,-73.94833,0,0,Passing Too Closely,4544202,22.7,16.0,9.3,9.3,0.0,10.0,61,23.5,44.6,179,Rain: Light,0,0,
56654,2022-07-04 21:45:00,40.695705,-73.94637,1,0,Failure to Yield Right-of-Way,4544211,30.9,17.5,0.0,0.0,0.0,0.0,3,15.4,27.4,302,Overcast,1,1,
56655,2022-06-07 16:48:00,40.617565,-74.15332,0,0,Unspecified,4544230,24.5,14.4,1.5,1.5,0.0,5.0,53,32.8,60.8,179,Drizzle: Moderate,0,0,