,CRASH DATETIME,LATITUDE,LONGITUDE,NUMBER OF PERSONS INJURED,NUMBER OF PERSONS KILLED,CONTRIBUTING FACTOR VEHICLE 1,COLLISION_ID,temperature_2m_max,temperature_2m_min,precipitation_sum,rain_sum,snowfall_sum,precipitation_hours,weather_code,wind_speed_10m_max,wind_gusts_10m_max,wind_direction_10m_dominant,Weather Description,Severity_Score,Total_Affected_Persons,Weather_Category
56656,2022-07-05 18:06:00,40.651863,-73.86536,0,0,Unsafe Lane Changing,4543815,30.0,20.3,0.5,0.5,0.0,2.0,51,30.4,56.5,191,Drizzle: Light,0,0,
56657,2021-07-07 19:15:00,40.83406,-73.944885,0,0,Reaction to Uninvolved Vehicle,4435409,31.4,22.2,1.4,1.4,0.0,6.0,53,17.4,37.8,213,Drizzle: Moderate,0,0,
56658,2021-07-09 14:25:00,40.650467,-73.92443,0,0,Driver Inattention/Distraction,4435527,29.8,22.0,35.0,35.0,0.0,14.0,63,31.0,55.8,341,Rain: Moderate,0,0,
56659,2021-07-12 20:35:00,40.84394,-73.93903,0,0,Driver Inattention/Distraction,4436692,28.6,22.0,9.7,9.7,0.0,12.0,63,12.0,31.7,107,Rain: Moderate,0,0,
56660,2021-07-18 00:50:00,40.674603,-73.886536,1,0,Unsafe Speed,4438379,28.4,23.1,12.4,12.4,0.0,10.0,63,19.6,39.2,232,Rain: Moderate,1,1,
56661,2021-07-19 13:55:00,40.708504,-73.95811,0,0,Driver Inattention/Distraction,4438616,27.5,20.8,0.5,0.5,0.0,2.0,51,12.8,29.9,307,Drizzle: Light,0,0,
56662,2021-07-19 19:36:00,40.849247,-73.88775,1,0,Driver Inattention/Distraction,4438725,27.5,20.8,0.5,0.5,0.0,2.0,51,12.8,29.9,307,Drizzle: Light,1,1,
56663,2021-07-19 18:21:00,40.829136,-73.9114,0,0,Driver Inexperience,4438662,27.5,20.8,0.5,0.5,0.0,2.0,51,12.8,29.9,307,Drizzle: Light,0,0,
56664,2021-07-09 23:30:00,40.767525,-73.91203,0,0,Unspecified,4439085,29.8,22.0,35.0,35.0,0.0,14.0,63,31.0,55.8,341,Rain: Moderate,0,0,
56665,2021-07-19 12:56:00,40.68341,-73.87687,0,0,Unspecified,4439059,27.5,20.8,0.5,0.5,0.0,2.0,51,12.8,29.9,307,Drizzle: Light,0,0,
56666,2021-07-19 00:35:00,40.74764,-73.8789,0,0,Backing Unsafely,4438154,27.5,20.8,0.5,0.5,0.0,2.0,51,12.8,29.9,307,Drizzle: Light,0,0,
56667,2021-07-19 00:46:00,40.61132,-74.114716,0,0,Unsafe Speed,4438862,27.5,20.8,0.5,0.5,0.0,2.0,51,12.8,29.9,307,Drizzle: Light,0,0,
56668,2021-07-19 20:00:00,40.778137,-73.95449,1,0,Driver Inattention/Distraction,4438682,27.5,20.8,0.5,0.5,0.0,2.0,51,12.8,29.9,307,Drizzle: Light,1,1,
56669,2021-07-15 01:21:00,40.73635,-73.97502,0,0,Driver Inattention/Distraction,4439025,29.3,21.2,0.1,0.1,0.0,1.0,51,13.7,27.4,212,Drizzle: Light,0,0,
56670,2021-07-19 22:10:00,40.662964,-73.90614,0,0,Driver Inattention/Distraction,4439161,27.5,20.8,0.5,0.5,0.0,2.0,51,12.8,29.9,307,Drizzle: Light,0,0,
56671,2021-07-17 17:00:00,40.619545,-73.91727,2,0,Driver Inattention/Distraction,4439257,30.8,23.3,5.1,5.1,0.0,5.0,61,17.8,36.4,201,Rain: Light,2,2,
56672,2021-07-19 04:00:00,40.691135,-73.82184,1,0,Backing Unsafely,4438211,27.5,20.8,0.5,0.5,0.0,2.0,51,12.8,29.9,307,Drizzle: Light,1,1,
56673,2021-07-19 18:14:00,40.703857,-73.91851,0,0,Passing or Lane Usage Improper,4438698,27.5,20.8,0.5,0.5,0.0,2.0,51,12.8,29.9,307,Drizzle: Light,0,0,
56674,2021-07-19 00:00:00,40.652462,-73.87658,1,0,Unsafe Speed,4439079,27.5,20.8,0.5,0.5,0.0,2.0,51,12.8,29.9,307,Drizzle: Light,1,1,
56675,2021-07-08 14:12:00,40.753567,-73.9654,0,0,Driver Inexperience,4439138,28.3,21.3,15.2,15.2,0.0,12.0,63,16.9,48.2,125,Rain: Moderate,0,0,
56676,2021-07-19 00:05:00,40.683758,-73.8643,1,0,Failure to Yield Right-of-Way,4438326,27.5,20.8,0.5,0.5,0.0,2.0,51,12.8,29.9,307,Drizzle: Light,1,1,
56677,2021-07-19 19:30:00,40.596508,-74.07732,0,0,Driver Inattention/Distraction,4438590,27.5,20.8,0.5,0.5,0.0,2.0,51,12.8,29.9,307,Drizzle: Light,0,0,
56678,2021-07-19 02:58:00,40.751884,-73.88376,2,0,Driver Inattention/Distraction,4438739,27.5,20.8,0.5,0.5,0.0,2.0,51,12.8,29.9,307,Drizzle: Light,2,2,
56679,2021-07-19 16:15:00,40.678318,-73.94693,1,0,Driver Inattention/Distraction,4438788,27.5,20.8,0.5,0.5,0.0,2.0,51,12.8,29.9,307,Drizzle: Light,1,1,
56680,2021-07-19 22:23:00,40.652348,-73.95552,0,0,Following Too Closely,4438874,27.5,20.8,0.5,0.5,0.0,2.0,51,12.8,29.9,307,Drizzle: Light,0,0,
56681,2021-07-19 12:43:00,40.639706,-74.13909,1,0,Turning Improperly,4438534,27.5,20.8,0.5,0.5,0.0,2.0,51,12.8,29.9,307,Drizzle: Light,1,1,
56682,2021-07-19 09:50:00,40.74711,-73.870026,0,0,Unspecified,4438483,27.5,20.8,0.5,0.5,0.0,2.0,51,12.8,29.9,307,Drizzle: Light,0,0,
56683,2021-07-18 01:25:00,40.72588,-73.941696,0,0,Tire Failure/Inadequate,4439183,28.4,23.1,12.4,12.4,0.0,10.0,63,19.6,39.2,232,Rain: Moderate,0,0,
56684,2021-07-19 16:45:00,40.714073,-73.95534,1,0,View Obstructed/Limited,4439231,27.5,20.8,0.5,0.5,0.0,2.0,51,12.8,29.9,307,Drizzle: Light,1,1,
56685,2021-07-17 15:16:00,40.58077,-73.96556,0,0,Driver Inattention/Distraction,4439320,30.8,23.3,5.1,5.1,0.0,5.0,61,17.8,36.4,201,Rain: Light,0,0,
56686,2021-07-19 13:15:00,40.743477,-73.73286,2,0,Following Too Closely,4438527,27.5,20.8,0.5,0.5,0.0,2.0,51,12.8,29.9,307,Drizzle: Light,2,2,
56687,2021-07-19 11:55:00,40.825912,-73.83647,1,0,Pavement Slippery,4438484,27.5,20.8,0.5,0.5,0.0,2.0,51,12.8,29.9,307,Drizzle: Light,1,1,
56688,2021-07-15 20:18:00,40.82523,-73.94761,0,0,Turning Improperly,4439106,29.3,21.2,0.1,0.1,0.0,1.0,51,13.7,27.4,212,Drizzle: Light,0,0,
56689,2021-07-19 20:25:00,40.781715,-73.823845,1,0,Failure to Yield Right-of-Way,4438584,27.5,20.8,0.5,0.5,0.0,2.0,51,12.8,29.9,307,Drizzle: Light,1,1,
56690,2021-07-19 04:54:00,40.669563,-73.73921,1,0,Unsafe Speed,4438363,27.5,20.8,0.5,0.5,0.0,2.0,51,12.8,29.9,307,Drizzle: Light,1,1,
56691,2021-07-19 18:00:00,40.60476,-74.0017,0,0,Driver Inattention/Distraction,4438675,27.5,20.8,0.5,0.5,0.0,2.0,51,12.8,29.9,307,Drizzle: Light,0,0,
56692,2021-07-19 12:30:00,40.653576,-73.95946,0,0,Unsafe Speed,4438703,27.5,20.8,0.5,0.5,0.0,2.0,51,12.8,29.9,307,Drizzle: Light,0,0,
56693,2021-07-19 17:25:00,40.738598,-73.927246,1,0,Driver Inattention/Distraction,4438802,27.5,20.8,0.5,0.5,0.0,2.0,51,12.8,29.9,307,Drizzle: Light,1,1,
56694,2021-07-19 08:24:00,40.823334,-73.90574,0,0,Driver Inattention/Distraction,4438965,27.5,20.8,0.5,0.5,0.0,2.0,51,12.8,29.9,307,Drizzle: Light,0,0,
56695,2021-07-19 09:10:00,40.71576,-73.74655,1,0,Unsafe Lane Changing,4438447,27.5,20.8,0.5,0.5,0.0,2.0,51,12.8,29.9,307,Drizzle: Light,1,1,
56696,2021-07-19 05:43:00,40.6435,-73.9026,0,0,Unspecified,4438564,27.5,20.8,0.5,0.5,0.0,2.0,51,12.8,29.9,307,Drizzle: Light,0,0,
56697,2021-07-19 17:51:00,40.870575,-73.89169,0,0,Unspecified,4438650,27.5,20.8,0.5,0.5,0.0,2.0,51,12.8,29.9,307,Drizzle: Light,0,0,
56698,2021-07-19 11:43:00,40.723183,-73.90059,1,0,Unsafe Speed,4439177,27.5,20.8,0.5,0.5,0.0,2.0,51,12.8,29.9,307,Drizzle: Light,1,1,
56699,2021-07-19 15:40:00,40.77453,-73.91581,0,0,Driver Inattention/Distraction,4439339,27.5,20.8,0.5,0.5,0.0,2.0,51,12.8,29.9,307,Drizzle: Light,0,0,
56700,2021-07-19 23:20:00,40.73019,-73.97255,1,0,Passing or Lane Usage Improper,4438776,27.5,20.8,0.5,0.5,0.0,2.0,51,12.8,29.9,307,Drizzle: Light,1,1,
56701,2021-07-19 11:20:00,40.72688,-73.83907,0,0,Driver Inattention/Distraction,4439191,27.5,20.8,0.5,0.5,0.0,2.0,51,12.8,29.9,307,Drizzle: Light,0,0,
56702,2021-07-19 14:14:00,40.66703,-73.94799,1,0,Driver Inattention/Distraction,4438594,27.5,20.8,0.5,0.5,0.0,2.0,51,12.8,29.9,307,Drizzle: Light,1,1,
56703,2021-07-12 22:45:00,40.750713,-73.98409,0,0,Backing Unsafely,4439288,28.6,22.0,9.7,9.7,0.0,12.0,63,12.0,31.7,107,Rain: Moderate,0,0,
56704,2021-07-19 21:59:00,40.74285,-73.97721,1,0,Oversized Vehicle,4438631,27.5,20.8,0.5,0.5,0.0,2.0,51,12.8,29.9,307,Drizzle: Light,1,1,
56705,2021-07-19 11:10:00,40.7528,-73.979294,1,0,Driver Inattention/Distraction,4438489,27.5,20.8,0.5,0.5,0.0,2.0,51,12.8,29.9,307,Drizzle: Light,1,1,
56706,2021-07-19 00:45:00,40.671947,-73.96351,0,0,Driver Inattention/Distraction,4438825,27.5,20.8,0.5,0.5,0.0,2.0,51,12.8,29.9,307,Drizzle: Light,0,0,
56707,2021-07-19 20:15:00,40.639507,-74.01013,1,0,Driver Inattention/Distraction,4438908,27.5,20.8,0.5,0.5,0.0,2.0,51,12.8,29.9,307,Drizzle: Light,1,1,
56708,2021-07-16 10:30:00,40.74638,-73.99136,0,0,Driver Inattention/Distraction,4439331,32.3,23.2,0.3,0.3,0.0,3.0,51,12.3,33.1,238,Drizzle: Light,0,0,
56709,2021-07-18 13:09:00,40.60919,-73.90744,1,0,Turning Improperly,4439016,28.4,23.1,12.4,12.4,0.0,10.0,63,19.6,39.2,232,Rain: Moderate,1,1,
56710,2021-07-12 23:00:00,40.82161,-73.92822,0,0,Other Vehicular,4439099,28.6,22.0,9.7,9.7,0.0,12.0,63,12.0,31.7,107,Rain: Moderate,0,0,
56711,2021-07-19 17:35:00,40.68481,-73.99177,0,0,Driver Inattention/Distraction,4438668,27.5,20.8,0.5,0.5,0.0,2.0,51,12.8,29.9,307,Drizzle: Light,0,0,
56712,2021-07-19 09:50:00,40.673176,-73.87216,0,0,Other Vehicular,4439066,27.5,20.8,0.5,0.5,0.0,2.0,51,12.8,29.9,307,Drizzle: Light,0,0,
56713,2021-07-19 18:30:00,40.684937,-73.91014,0,0,Passing or Lane Usage Improper,4438699,27.5,20.8,0.5,0.5,0.0,2.0,51,12.8,29.9,307,Drizzle: Light,0,0,
56714,2021-07-19 15:43:00,40.844917,-73.926384,3,0,Unsafe Speed,4438641,27.5,20.8,0.5,0.5,0.0,2.0,51,12.8,29.9,307,Drizzle: Light,3,3,
56715,2021-07-19 20:00:00,40.88471,-73.83131,0,0,Passing or Lane Usage Improper,4438759,27.5,20.8,0.5,0.5,0.0,2.0,51,12.8,29.9,307,Drizzle: Light,0,0,
56716,2021-07-19 11:15:00,40.680977,-74.00498,0,0,Driver Inattention/Distraction,4439035,27.5,20.8,0.5,0.5,0.0,2.0,51,12.8,29.9,307,Drizzle: Light,0,0,
56717,2021-07-19 02:59:00,40.65768,-73.925415,1,0,Unspecified,4439206,27.5,20.8,0.5,0.5,0.0,2.0,51,12.8,29.9,307,Drizzle: Light,1,1,
56718,2021-07-19 12:10:00,40.86832,-73.83317,0,0,Following Too Closely,4438715,27.5,20.8,0.5,0.5,0.0,2.0,51,12.8,29.9,307,Drizzle: Light,0,0,
56719,2021-07-19 12:17:00,40.877033,-73.88774,0,0,Reaction to Uninvolved Vehicle,4438646,27.5,20.8,0.5,0.5,0.0,2.0,51,12.8,29.9,307,Drizzle: Light,0,0,
56720,2021-07-19 18:00:00,40.902603,-73.8438,0,0,Driver Inattention/Distraction,4438717,27.5,20.8,0.5,0.5,0.0,2.0,51,12.8,29.9,307,Drizzle: Light,0,0,
56721,2021-07-19 23:25:00,40.79488,-73.976364,0,0,Passing Too Closely,4438686,27.5,20.8,0.5,0.5,0.0,2.0,51,12.8,29.9,307,Drizzle: Light,0,0,
56722,2021-07-17 14:00:00,40.674397,-73.896515,1,0,Failure to Yield Right-of-Way,4439074,30.8,23.3,5.1,5.1,0.0,5.0,61,17.8,36.4,201,Rain: Light,1,1,
56723,2021-07-19 02:30:00,40.703587,-73.944336,1,0,Pedestrian/Bicyclist/Other Pedestrian Error/Confusion,4438162,27.5,20.8,0.5,0.5,0.0,2.0,51,12.8,29.9,307,Drizzle: Light,1,1,
56724,2021-07-04 00:20:00,40.59931,-73.972916,1,0,Unsafe Speed,4439125,24.6,15.8,1.4,1.4,0.0,12.0,51,11.8,27.0,299,Drizzle: Light,1,1,
56725,2021-07-19 15:05:00,40.809067,-73.922775,1,0,Unspecified,4439281,27.5,20.8,0.5,0.5,0.0,2.0,51,12.8,29.9,307,Drizzle: Light,1,1,
56726,2021-07-19 19:15:00,40.701527,-73.98957,1,0,Passing or Lane Usage Improper,4438626,27.5,20.8,0.5,0.5,0.0,2.0,51,12.8,29.9,307,Drizzle: Light,1,1,
56727,2021-07-15 07:30:00,40.89204,-73.85814,0,0,Driver Inattention/Distraction,4439002,29.3,21.2,0.1,0.1,0.0,1.0,51,13.7,27.4,212,Drizzle: Light,0,0,
56728,2021-07-17 23:00:00,40.707092,-73.96674,0,0,Unspecified,4439256,30.8,23.3,5.1,5.1,0.0,5.0,61,17.8,36.4,201,Rain: Light,0,0,
56729,2021-07-14 18:30:00,40.672745,-73.90766,1,0,Following Too Closely,4439205,30.6,21.5,0.8,0.8,0.0,3.0,53,14.5,36.0,191,Drizzle: Moderate,1,1,
56730,2021-07-19 15:30:00,40.66701,-73.9004,0,0,Driver Inexperience,4439058,27.5,20.8,0.5,0.5,0.0,2.0,51,12.8,29.9,307,Drizzle: Light,0,0,
56731,2021-07-19 03:34:00,40.609768,-73.94453,0,0,Unspecified,4438234,27.5,20.8,0.5,0.5,0.0,2.0,51,12.8,29.9,307,Drizzle: Light,0,0,
56732,2021-07-19 18:00:00,40.62858,-74.12981,0,0,Backing Unsafely,4439083,27.5,20.8,0.5,0.5,0.0,2.0,51,12.8,29.9,307,Drizzle: Light,0,0,
56733,2021-07-19 00:20:00,40.761486,-73.96061,1,0,Failure to Yield Right-of-Way,4438688,27.5,20.8,0.5,0.5,0.0,2.0,51,12.8,29.9,307,Drizzle: Light,1,1,
56734,2021-07-19 10:34:00,40.677414,-73.93033,1,0,Backing Unsafely,4439143,27.5,20.8,0.5,0.5,0.0,2.0,51,12.8,29.9,307,Drizzle: Light,1,1,
56735,2021-07-19 19:50:00,40.844604,-73.90348,0,0,Following Too Closely,4438642,27.5,20.8,0.5,0.5,0.0,2.0,51,12.8,29.9,307,Drizzle: Light,0,0,
56736,2021-07-19 22:41:00,40.819572,-73.820724,0,0,Failure to Yield Right-of-Way,4438994,27.5,20.8,0.5,0.5,0.0,2.0,51,12.8,29.9,307,Drizzle: Light,0,0,
56737,2021-06-26 23:40:00,40.75792,-73.98743,0,0,Backing Unsafely,4439033,26.5,18.6,1.3,1.3,0.0,8.0,51,23.7,52.9,181,Drizzle: Light,0,0,
56738,2021-07-19 02:04:00,40.854385,-73.906815,0,0,Driver Inattention/Distraction,4438663,27.5,20.8,0.5,0.5,0.0,2.0,51,12.8,29.9,307,Drizzle: Light,0,0,
56739,2021-06-30 18:10:00,40.756367,-73.96012,0,0,Driver Inattention/Distraction,4439234,35.2,24.9,0.1,0.1,0.0,1.0,51,20.6,37.1,246,Drizzle: Light,0,0,
56740,2021-07-18 11:00:00,40.64398,-73.89578,1,0,Other Vehicular,4439116,28.4,23.1,12.4,12.4,0.0,10.0,63,19.6,39.2,232,Rain: Moderate,1,1,
56741,2021-07-19 08:45:00,40.843422,-73.89239,0,0,Driver Inattention/Distraction,4438488,27.5,20.8,0.5,0.5,0.0,2.0,51,12.8,29.9,307,Drizzle: Light,0,0,
56742,2021-07-19 01:30:00,40.748512,-73.98872,0,0,Passing Too Closely,4438528,27.5,20.8,0.5,0.5,0.0,2.0,51,12.8,29.9,307,Drizzle: Light,0,0,
56743,2021-07-19 07:53:00,40.82186,-73.88834,0,0,Unspecified,4438807,27.5,20.8,0.5,0.5,0.0,2.0,51,12.8,29.9,307,Drizzle: Light,0,0,
56744,2021-07-14 18:00:00,40.714073,-73.95534,0,0,Unspecified,4439226,30.6,21.5,0.8,0.8,0.0,3.0,53,14.5,36.0,191,Drizzle: Moderate,0,0,
56745,2021-07-19 22:10:00,40.71249,-73.93848,1,0,Driver Inattention/Distraction,4438618,27.5,20.8,0.5,0.5,0.0,2.0,51,12.8,29.9,307,Drizzle: Light,1,1,
56746,2021-07-19 06:25:00,40.794052,-73.970375,0,0,Passing Too Closely,4438449,27.5,20.8,0.5,0.5,0.0,2.0,51,12.8,29.9,307,Drizzle: Light,0,0,
56747,2021-07-19 06:50:00,40.675205,-73.904396,1,0,Reaction to Uninvolved Vehicle,4438723,27.5,20.8,0.5,0.5,0.0,2.0,51,12.8,29.9,307,Drizzle: Light,1,1,
56748,2021-07-19 05:20:00,40.61668,-74.12358,0,0,Animals Action,4438829,27.5,20.8,0.5,0.5,0.0,2.0,51,12.8,29.9,307,Drizzle: Light,0,0,
56749,2021-07-19 01:35:00,40.603725,-73.97653,0,0,Unsafe Speed,4438517,27.5,20.8,0.5,0.5,0.0,2.0,51,12.8,29.9,307,Drizzle: Light,0,0,
56750,2021-07-19 15:30:00,40.880424,-73.87712,0,0,Backing Unsafely,4438649,27.5,20.8,0.5,0.5,0.0,2.0,51,12.8,29.9,307,Drizzle: Light,0,0,
56751,2021-07-04 22:30:00,40.607647,-74.07666,0,0,Backing Unsafely,4439050,24.6,15.8,1.4,1.4,0.0,12.0,51,11.8,27.0,299,Drizzle: Light,0,0,
56752,2021-07-15 15:00:00,40.753857,-73.91764,1,0,Unspecified,4439094,29.3,21.2,0.1,0.1,0.0,1.0,51,13.7,27.4,212,Drizzle: Light,1,1,
56753,2021-07-19 14:37:00,40.746166,-73.868225,0,0,Driver Inattention/Distraction,4438987,27.5,20.8,0.5,0.5,0.0,2.0,51,12.8,29.9,307,Drizzle: Light,0,0,
56754,2021-07-19 19:52:00,40.77348,-73.804085,2,0,Driver Inexperience,4438611,27.5,20.8,0.5,0.5,0.0,2.0,51,12.8,29.9,307,Drizzle: Light,2,2,
56755,2021-07-19 16:10:00,40.67585,-73.850655,0,0,Failure to Yield Right-of-Way,4438655,27.5,20.8,0.5,0.5,0.0,2.0,51,12.8,29.9,307,Drizzle: Light,0,0,
56756,2021-07-14 21:12:00,40.74073,-73.981766,1,0,Unspecified,4439337,30.6,21.5,0.8,0.8,0.0,3.0,53,14.5,36.0,191,Drizzle: Moderate,1,1,
56757,2021-07-14 21:15:00,40.698345,-73.890205,1,0,Failure to Yield Right-of-Way,4439179,30.6,21.5,0.8,0.8,0.0,3.0,53,14.5,36.0,191,Drizzle: Moderate,1,1,
56758,2021-07-14 21:30:00,40.685326,-73.94433,0,0,Pedestrian/Bicyclist/Other Pedestrian Error/Confusion,4439038,30.6,21.5,0.8,0.8,0.0,3.0,53,14.5,36.0,191,Drizzle: Moderate,0,0,
56759,2021-07-10 09:42:00,40.65371,-73.96271,0,0,Unspecified,4439303,25.5,20.7,0.5,0.5,0.0,3.0,51,14.5,29.9,1,Drizzle: Light,0,0,
56760,2021-07-19 12:30:00,40.893665,-73.86063,0,0,Passing or Lane Usage Improper,4438793,27.5,20.8,0.5,0.5,0.0,2.0,51,12.8,29.9,307,Drizzle: Light,0,0,
56761,2021-07-19 05:26:00,40.850395,-73.9228,0,0,Following Too Closely,4438294,27.5,20.8,0.5,0.5,0.0,2.0,51,12.8,29.9,307,Drizzle: Light,0,0,
56762,2021-07-19 18:16:00,40.60102,-74.004364,0,0,Backing Unsafely,4438953,27.5,20.8,0.5,0.5,0.0,2.0,51,12.8,29.9,307,Drizzle: Light,0,0,
56763,2021-07-19 16:00:00,40.757725,-73.86372,0,0,Following Too Closely,4438585,27.5,20.8,0.5,0.5,0.0,2.0,51,12.8,29.9,307,Drizzle: Light,0,0,
56764,2021-07-19 19:00:00,40.700768,-73.81019,0,0,Driver Inattention/Distraction,4438861,27.5,20.8,0.5,0.5,0.0,2.0,51,12.8,29.9,307,Drizzle: Light,0,0,
56765,2021-07-19 18:35:00,40.679047,-73.97868,1,0,Failure to Yield Right-of-Way,4438733,27.5,20.8,0.5,0.5,0.0,2.0,51,12.8,29.9,307,Drizzle: Light,1,1,
56766,2021-07-19 12:02:00,40.84002,-73.8373,1,0,Passing or Lane Usage Improper,4438674,27.5,20.8,0.5,0.5,0.0,2.0,51,12.8,29.9,307,Drizzle: Light,1,1,
56767,2021-07-17 19:00:00,40.827103,-73.94996,0,0,Backing Unsafely,4439103,30.8,23.3,5.1,5.1,0.0,5.0,61,17.8,36.4,201,Rain: Light,0,0,
56768,2021-07-19 01:30:00,40.880142,-73.9174,0,0,Unspecified,4438702,27.5,20.8,0.5,0.5,0.0,2.0,51,12.8,29.9,307,Drizzle: Light,0,0,
56769,2021-07-19 04:56:00,40.652462,-73.92285,1,0,Unspecified,4438630,27.5,20.8,0.5,0.5,0.0,2.0,51,12.8,29.9,307,Drizzle: Light,1,1,
56770,2021-07-19 17:55:00,40.63419,-73.91927,1,0,Unspecified,4439017,27.5,20.8,0.5,0.5,0.0,2.0,51,12.8,29.9,307,Drizzle: Light,1,1,
56771,2021-07-19 19:17:00,40.880688,-73.885704,4,0,Driver Inexperience,4438653,27.5,20.8,0.5,0.5,0.0,2.0,51,12.8,29.9,307,Drizzle: Light,4,4,
56772,2021-07-19 10:09:00,40.73807,-73.93756,1,0,Unspecified,4438872,27.5,20.8,0.5,0.5,0.0,2.0,51,12.8,29.9,307,Drizzle: Light,1,1,
56773,2021-07-19 00:25:00,40.69447,-73.74388,1,0,Unsafe Speed,4438362,27.5,20.8,0.5,0.5,0.0,2.0,51,12.8,29.9,307,Drizzle: Light,1,1,
56774,2021-07-19 21:30:00,40.632084,-73.97622,0,0,Driver Inattention/Distraction,4438707,27.5,20.8,0.5,0.5,0.0,2.0,51,12.8,29.9,307,Drizzle: Light,0,0,
56775,2021-07-19 14:00:00,40.66546,-73.76389,0,0,Driver Inattention/Distraction,4438533,27.5,20.8,0.5,0.5,0.0,2.0,51,12.8,29.9,307,Drizzle: Light,0,0,
56776,2021-07-19 14:35:00,40.723747,-74.00612,0,0,Unsafe Lane Changing,4438719,27.5,20.8,0.5,0.5,0.0,2.0,51,12.8,29.9,307,Drizzle: Light,0,0,
56777,2021-07-19 23:15:00,40.7426,-73.82081,1,0,Driver Inexperience,4438624,27.5,20.8,0.5,0.5,0.0,2.0,51,12.8,29.9,307,Drizzle: Light,1,1,
56778,2021-07-19 15:50:00,40.64507,-73.95803,0,0,Driver Inattention/Distraction,4438706,27.5,20.8,0.5,0.5,0.0,2.0,51,12.8,29.9,307,Drizzle: Light,0,0,
56779,2021-07-19 13:00:00,40.673294,-73.89519,0,0,Passing Too Closely,4439065,27.5,20.8,0.5,0.5,0.0,2.0,51,12.8,29.9,307,Drizzle: Light,0,0,
56780,2021-07-19 16:39:00,40.709045,-74.008896,0,0,Following Too Closely,4438666,27.5,20.8,0.5,0.5,0.0,2.0,51,12.8,29.9,307,Drizzle: Light,0,0,
56781,2021-07-19 17:30:00,40.663643,-73.87395,0,0,Failure to Yield Right-of-Way,4439075,27.5,20.8,0.5,0.5,0.0,2.0,51,12.8,29.9,307,Drizzle: Light,0,0,
56782,2021-07-19 00:15:00,40.59852,-73.97303,0,0,Driver Inattention/Distraction,4438177,27.5,20.8,0.5,0.5,0.0,2.0,51,12.8,29.9,307,Drizzle: Light,0,0,
56783,2021-07-14 10:30:00,40.636917,-74.02491,0,0,Driver Inattention/Distraction,4439128,30.6,21.5,0.8,0.8,0.0,3.0,53,14.5,36.0,191,Drizzle: Moderate,0,0,
56784,2021-07-16 22:30:00,40.819042,-73.93075,0,0,Following Too Closely,4438999,32.3,23.2,0.3,0.3,0.0,3.0,51,12.3,33.1,238,Drizzle: Light,0,0,
56785,2021-07-19 04:12:00,40.6958,-73.99824,0,0,Unsafe Speed,4439276,27.5,20.8,0.5,0.5,0.0,2.0,51,12.8,29.9,307,Drizzle: Light,0,0,
56786,2021-07-16 23:10:00,40.722836,-73.95687,1,0,Driver Inattention/Distraction,4439227,32.3,23.2,0.3,0.3,0.0,3.0,51,12.3,33.1,238,Drizzle: Light,1,1,
56787,2021-07-19 22:43:00,40.83029,-73.850655,0,0,Unspecified,4438841,27.5,20.8,0.5,0.5,0.0,2.0,51,12.8,29.9,307,Drizzle: Light,0,0,
56788,2021-07-19 10:36:00,40.716927,-73.99813,0,0,Following Too Closely,4438521,27.5,20.8,0.5,0.5,0.0,2.0,51,12.8,29.9,307,Drizzle: Light,0,0,
56789,2021-07-19 19:11:00,40.894054,-73.86248,0,0,Following Too Closely,4438761,27.5,20.8,0.5,0.5,0.0,2.0,51,12.8,29.9,307,Drizzle: Light,0,0,
56790,2021-07-18 11:00:00,40.647205,-74.01383,0,0,Unspecified,4439122,28.4,23.1,12.4,12.4,0.0,10.0,63,19.6,39.2,232,Rain: Moderate,0,0,
56791,2021-07-19 04:55:00,40.83336,-73.872505,0,0,Unspecified,4438549,27.5,20.8,0.5,0.5,0.0,2.0,51,12.8,29.9,307,Drizzle: Light,0,0,
56792,2021-07-19 18:40:00,40.82101,-73.89733,0,0,Unsafe Lane Changing,4438809,27.5,20.8,0.5,0.5,0.0,2.0,51,12.8,29.9,307,Drizzle: Light,0,0,
56793,2021-07-05 01:30:00,40.88736,-73.89426,0,0,Unspecified,4439172,26.4,17.3,0.7,0.7,0.0,2.0,53,18.8,34.6,142,Drizzle: Moderate,0,0,
56794,2021-07-19 22:05:00,40.651653,-73.91738,0,0,Driver Inattention/Distraction,4438610,27.5,20.8,0.5,0.5,0.0,2.0,51,12.8,29.9,307,Drizzle: Light,0,0,
56795,2021-07-19 23:30:00,40.772156,-73.94541,0,0,Driver Inattention/Distraction,4438921,27.5,20.8,0.5,0.5,0.0,2.0,51,12.8,29.9,307,Drizzle: Light,0,0,
56796,2021-07-14 17:35:00,40.722992,-73.9452,0,0,Driver Inattention/Distraction,4439225,30.6,21.5,0.8,0.8,0.0,3.0,53,14.5,36.0,191,Drizzle: Moderate,0,0,
56797,2021-07-19 15:50:00,40.88415,-73.82607,1,0,Driver Inattention/Distraction,4438765,27.5,20.8,0.5,0.5,0.0,2.0,51,12.8,29.9,307,Drizzle: Light,1,1,