,CRASH DATETIME,LATITUDE,LONGITUDE,NUMBER OF PERSONS INJURED,NUMBER OF PERSONS KILLED,CONTRIBUTING FACTOR VEHICLE 1,COLLISION_ID,temperature_2m_max,temperature_2m_min,precipitation_sum,rain_sum,snowfall_sum,precipitation_hours,weather_code,wind_speed_10m_max,wind_gusts_10m_max,wind_direction_10m_dominant,Weather Description,Severity_Score,Total_Affected_Persons,Weather_Category
56798,2021-07-19 18:30:00,40.743427,-73.99802,0,0,Passing Too Closely,4438899,27.5,20.8,0.5,0.5,0.0,2.0,51,12.8,29.9,307,Drizzle: Light,0,0,
56799,2021-07-19 07:53:00,40.738113,-73.858376,0,0,Driver Inattention/Distraction,4438976,27.5,20.8,0.5,0.5,0.0,2.0,51,12.8,29.9,307,Drizzle: Light,0,0,
56800,2021-07-19 09:15:00,40.638767,-74.02162,0,0,Unspecified,4438450,27.5,20.8,0.5,0.5,0.0,2.0,51,12.8,29.9,307,Drizzle: Light,0,0,
56801,2021-07-19 09:30:00,40.75657,-73.87585,0,0,Unspecified,4438539,27.5,20.8,0.5,0.5,0.0,2.0,51,12.8,29.9,307,Drizzle: Light,0,0,
56802,2021-07-17 05:40:00,40.719845,-73.93946,0,0,Passing Too Closely,4439181,30.8,23.3,5.1,5.1,0.0,5.0,61,17.8,36.4,201,Rain: Light,0,0,
56803,2021-07-19 18:50:00,40.653805,-73.93061,4,0,Unspecified,4439203,27.5,20.8,0.5,0.5,0.0,2.0,51,12.8,29.9,307,Drizzle: Light,4,4,
56804,2021-07-19 09:35:00,40.8541,-73.919106,1,0,Driver Inattention/Distraction,4438603,27.5,20.8,0.5,0.5,0.0,2.0,51,12.8,29.9,307,Drizzle: Light,1,1,
56805,2021-07-19 11:35:00,40.690926,-73.92066,1,0,Driver Inattention/Distraction,4438695,27.5,20.8,0.5,0.5,0.0,2.0,51,12.8,29.9,307,Drizzle: Light,1,1,
56806,2021-07-19 09:17:00,40.87716,-73.91787,0,0,Unspecified,4439174,27.5,20.8,0.5,0.5,0.0,2.0,51,12.8,29.9,307,Drizzle: Light,0,0,
56807,2021-06-26 03:00:00,40.82616,-73.9168,0,0,Passing or Lane Usage Improper,4438997,26.5,18.6,1.3,1.3,0.0,8.0,51,23.7,52.9,181,Drizzle: Light,0,0,
56808,2021-07-17 12:00:00,40.82971,-73.946495,0,0,Unspecified,4439108,30.8,23.3,5.1,5.1,0.0,5.0,61,17.8,36.4,201,Rain: Light,0,0,
56809,2021-07-19 06:36:00,40.737114,-73.88561,1,0,Unspecified,4438487,27.5,20.8,0.5,0.5,0.0,2.0,51,12.8,29.9,307,Drizzle: Light,1,1,
56810,2021-07-19 15:00:00,40.777107,-73.96397,0,0,Unspecified,4438621,27.5,20.8,0.5,0.5,0.0,2.0,51,12.8,29.9,307,Drizzle: Light,0,0,
56811,2021-07-19 04:45:00,40.79552,-73.934296,0,0,Unspecified,4438343,27.5,20.8,0.5,0.5,0.0,2.0,51,12.8,29.9,307,Drizzle: Light,0,0,
56812,2021-07-19 16:30:00,40.787544,-73.82394,0,0,Failure to Yield Right-of-Way,4438587,27.5,20.8,0.5,0.5,0.0,2.0,51,12.8,29.9,307,Drizzle: Light,0,0,
56813,2021-07-18 16:45:00,40.806065,-73.90905,2,0,Unspecified,4439283,28.4,23.1,12.4,12.4,0.0,10.0,63,19.6,39.2,232,Rain: Moderate,2,2,
56814,2021-07-19 21:40:00,40.76657,-73.888466,1,0,Other Vehicular,4438747,27.5,20.8,0.5,0.5,0.0,2.0,51,12.8,29.9,307,Drizzle: Light,1,1,
56815,2021-07-19 00:00:00,40.687187,-73.97972,0,0,Unspecified,4438574,27.5,20.8,0.5,0.5,0.0,2.0,51,12.8,29.9,307,Drizzle: Light,0,0,
56816,2021-07-19 13:00:00,40.670063,-73.8798,0,0,Traffic Control Disregarded,4439064,27.5,20.8,0.5,0.5,0.0,2.0,51,12.8,29.9,307,Drizzle: Light,0,0,
56817,2021-07-19 11:16:00,40.639694,-74.010445,0,0,Backing Unsafely,4438924,27.5,20.8,0.5,0.5,0.0,2.0,51,12.8,29.9,307,Drizzle: Light,0,0,
56818,2021-07-19 00:00:00,40.605675,-73.966965,0,0,Turning Improperly,4438643,27.5,20.8,0.5,0.5,0.0,2.0,51,12.8,29.9,307,Drizzle: Light,0,0,
56819,2021-07-19 16:00:00,40.817112,-73.88504,0,0,Unspecified,4438805,27.5,20.8,0.5,0.5,0.0,2.0,51,12.8,29.9,307,Drizzle: Light,0,0,
56820,2021-07-19 09:50:00,40.76788,-73.9815,0,0,Driver Inattention/Distraction,4438951,27.5,20.8,0.5,0.5,0.0,2.0,51,12.8,29.9,307,Drizzle: Light,0,0,
56821,2021-07-19 04:49:00,40.525803,-74.22559,1,0,Driver Inattention/Distraction,4438864,27.5,20.8,0.5,0.5,0.0,2.0,51,12.8,29.9,307,Drizzle: Light,1,1,
56822,2021-07-19 15:30:00,40.871193,-73.9141,0,0,Unsafe Speed,4438680,27.5,20.8,0.5,0.5,0.0,2.0,51,12.8,29.9,307,Drizzle: Light,0,0,
56823,2021-07-09 00:03:00,40.748016,-73.98354,0,0,Fell Asleep,4439032,29.8,22.0,35.0,35.0,0.0,14.0,63,31.0,55.8,341,Rain: Moderate,0,0,
56824,2021-07-15 13:20:00,40.60345,-74.009,0,0,Driver Inattention/Distraction,4439153,29.3,21.2,0.1,0.1,0.0,1.0,51,13.7,27.4,212,Drizzle: Light,0,0,
56825,2021-07-19 14:50:00,40.60215,-73.93438,0,0,Backing Unsafely,4438638,27.5,20.8,0.5,0.5,0.0,2.0,51,12.8,29.9,307,Drizzle: Light,0,0,
56826,2021-07-18 17:51:00,40.639175,-74.121826,0,0,Unspecified,4439052,28.4,23.1,12.4,12.4,0.0,10.0,63,19.6,39.2,232,Rain: Moderate,0,0,
56827,2021-07-19 13:30:00,40.64491,-73.92192,0,0,Unspecified,4438629,27.5,20.8,0.5,0.5,0.0,2.0,51,12.8,29.9,307,Drizzle: Light,0,0,
56828,2021-07-19 03:20:00,40.73937,-73.79189,0,0,Fell Asleep,4438251,27.5,20.8,0.5,0.5,0.0,2.0,51,12.8,29.9,307,Drizzle: Light,0,0,
56829,2021-07-19 18:30:00,40.669064,-73.86557,1,0,Reaction to Uninvolved Vehicle,4439076,27.5,20.8,0.5,0.5,0.0,2.0,51,12.8,29.9,307,Drizzle: Light,1,1,
56830,2021-07-19 07:53:00,40.64161,-73.96356,0,0,Other Vehicular,4439305,27.5,20.8,0.5,0.5,0.0,2.0,51,12.8,29.9,307,Drizzle: Light,0,0,
56831,2021-07-19 13:36:00,40.73416,-73.98863,0,0,Passing or Lane Usage Improper,4438529,27.5,20.8,0.5,0.5,0.0,2.0,51,12.8,29.9,307,Drizzle: Light,0,0,
56832,2021-07-19 08:50:00,40.808857,-73.93014,0,0,Driver Inattention/Distraction,4438658,27.5,20.8,0.5,0.5,0.0,2.0,51,12.8,29.9,307,Drizzle: Light,0,0,
56833,2021-07-16 12:42:00,40.7295,-73.953964,0,0,Passing Too Closely,4439238,32.3,23.2,0.3,0.3,0.0,3.0,51,12.3,33.1,238,Drizzle: Light,0,0,
56834,2021-07-18 20:20:00,40.87022,-73.9147,1,0,Driver Inattention/Distraction,4439144,28.4,23.1,12.4,12.4,0.0,10.0,63,19.6,39.2,232,Rain: Moderate,1,1,
56835,2021-07-06 23:20:00,40.753407,-73.852356,1,0,Driver Inattention/Distraction,4439008,33.6,21.9,2.1,2.1,0.0,4.0,61,21.8,49.7,231,Rain: Light,1,1,
56836,2021-07-19 19:44:00,40.850475,-73.915436,0,0,Passing Too Closely,4438664,27.5,20.8,0.5,0.5,0.0,2.0,51,12.8,29.9,307,Drizzle: Light,0,0,
56837,2021-07-19 14:23:00,40.720432,-74.00675,0,0,View Obstructed/Limited,4438729,27.5,20.8,0.5,0.5,0.0,2.0,51,12.8,29.9,307,Drizzle: Light,0,0,
56838,2021-07-17 22:21:00,0.0,0.0,1,0,Unspecified,4439018,30.8,23.3,5.1,5.1,0.0,5.0,61,17.8,36.4,201,Rain: Light,1,1,
56839,2021-07-19 16:05:00,40.86558,-73.89888,1,0,Unspecified,4438648,27.5,20.8,0.5,0.5,0.0,2.0,51,12.8,29.9,307,Drizzle: Light,1,1,
56840,2021-07-19 11:55:00,40.765385,-73.83339,0,0,Oversized Vehicle,4438612,27.5,20.8,0.5,0.5,0.0,2.0,51,12.8,29.9,307,Drizzle: Light,0,0,
56841,2021-07-19 12:12:00,40.65871,-73.87244,1,0,View Obstructed/Limited,4439068,27.5,20.8,0.5,0.5,0.0,2.0,51,12.8,29.9,307,Drizzle: Light,1,1,
56842,2021-07-13 13:56:00,40.770405,-73.9164,1,0,Unspecified,4439093,25.0,20.8,2.4,2.4,0.0,12.0,53,13.0,26.3,84,Drizzle: Moderate,1,1,
56843,2021-07-19 15:29:00,40.700424,-73.9444,0,0,Driver Inattention/Distraction,4438791,27.5,20.8,0.5,0.5,0.0,2.0,51,12.8,29.9,307,Drizzle: Light,0,0,
56844,2021-07-15 05:30:00,40.840225,-73.91769,0,0,Unsafe Speed,4438988,29.3,21.2,0.1,0.1,0.0,1.0,51,13.7,27.4,212,Drizzle: Light,0,0,
56845,2021-07-19 13:30:00,40.683067,-73.99557,0,0,Unspecified,4438671,27.5,20.8,0.5,0.5,0.0,2.0,51,12.8,29.9,307,Drizzle: Light,0,0,
56846,2021-07-19 10:30:00,40.64272,-73.957085,0,0,Backing Unsafely,4438708,27.5,20.8,0.5,0.5,0.0,2.0,51,12.8,29.9,307,Drizzle: Light,0,0,
56847,2021-07-14 19:11:00,40.644466,-74.07686,0,0,Unspecified,4439168,30.6,21.5,0.8,0.8,0.0,3.0,53,14.5,36.0,191,Drizzle: Moderate,0,0,
56848,2021-07-18 17:05:00,40.65543,-74.003265,1,0,Unspecified,4439037,28.4,23.1,12.4,12.4,0.0,10.0,63,19.6,39.2,232,Rain: Moderate,1,1,
56849,2021-07-05 14:32:00,40.63161,-73.94171,0,0,Driver Inattention/Distraction,4439244,26.4,17.3,0.7,0.7,0.0,2.0,53,18.8,34.6,142,Drizzle: Moderate,0,0,
56850,2021-07-19 13:25:00,40.865494,-73.85868,2,0,Other Vehicular,4438721,27.5,20.8,0.5,0.5,0.0,2.0,51,12.8,29.9,307,Drizzle: Light,2,2,
56851,2021-07-19 07:47:00,40.728992,-73.95067,0,0,Passing or Lane Usage Improper,4439229,27.5,20.8,0.5,0.5,0.0,2.0,51,12.8,29.9,307,Drizzle: Light,0,0,
56852,2021-07-19 21:30:00,40.612583,-74.15915,0,0,Driver Inattention/Distraction,4439045,27.5,20.8,0.5,0.5,0.0,2.0,51,12.8,29.9,307,Drizzle: Light,0,0,
56853,2021-07-16 18:18:00,40.638454,-73.99931,0,0,Unspecified,4439135,32.3,23.2,0.3,0.3,0.0,3.0,51,12.3,33.1,238,Drizzle: Light,0,0,
56854,2021-07-19 12:03:00,40.664192,-73.87759,0,0,Unspecified,4439069,27.5,20.8,0.5,0.5,0.0,2.0,51,12.8,29.9,307,Drizzle: Light,0,0,
56855,2021-07-19 17:15:00,40.740517,-73.89236,2,0,Driver Inexperience,4438636,27.5,20.8,0.5,0.5,0.0,2.0,51,12.8,29.9,307,Drizzle: Light,2,2,
56856,2021-07-19 08:05:00,40.710495,-73.76436,0,0,Driver Inattention/Distraction,4438851,27.5,20.8,0.5,0.5,0.0,2.0,51,12.8,29.9,307,Drizzle: Light,0,0,
56857,2021-07-19 09:35:00,40.764267,-73.722946,0,0,Driver Inattention/Distraction,4438524,27.5,20.8,0.5,0.5,0.0,2.0,51,12.8,29.9,307,Drizzle: Light,0,0,
56858,2021-07-19 10:33:00,40.72648,-73.89442,0,0,Reaction to Uninvolved Vehicle,4438812,27.5,20.8,0.5,0.5,0.0,2.0,51,12.8,29.9,307,Drizzle: Light,0,0,
56859,2021-07-11 00:23:00,40.757973,-73.98554,0,0,Alcohol Involvement,4439102,24.9,19.8,2.5,2.5,0.0,9.0,53,15.8,35.3,141,Drizzle: Moderate,0,0,
56860,2021-07-13 17:30:00,40.756687,-73.91534,0,0,Unspecified,4439010,25.0,20.8,2.4,2.4,0.0,12.0,53,13.0,26.3,84,Drizzle: Moderate,0,0,
56861,2021-07-19 16:45:00,40.767925,-73.970345,0,0,Driver Inattention/Distraction,4438677,27.5,20.8,0.5,0.5,0.0,2.0,51,12.8,29.9,307,Drizzle: Light,0,0,
56862,2021-07-18 16:00:00,40.742172,-73.86414,0,0,Unspecified,4438979,28.4,23.1,12.4,12.4,0.0,10.0,63,19.6,39.2,232,Rain: Moderate,0,0,
56863,2021-07-19 08:45:00,40.649334,-73.94283,0,0,Driver Inattention/Distraction,4438568,27.5,20.8,0.5,0.5,0.0,2.0,51,12.8,29.9,307,Drizzle: Light,0,0,
56864,2021-07-19 22:59:00,40.7441,-73.97637,1,0,Failure to Yield Right-of-Way,4438608,27.5,20.8,0.5,0.5,0.0,2.0,51,12.8,29.9,307,Drizzle: Light,1,1,
56865,2021-06-23 17:41:00,40.71126,-73.899864,1,0,Failure to Yield Right-of-Way,4439216,23.1,12.2,0.0,0.0,0.0,0.0,3,16.5,31.7,309,Overcast,1,1,
56866,2021-07-19 03:50:00,40.676216,-73.88134,0,0,Driver Inattention/Distraction,4438424,27.5,20.8,0.5,0.5,0.0,2.0,51,12.8,29.9,307,Drizzle: Light,0,0,
56867,2021-07-19 16:31:00,40.884716,-73.90087,0,0,Unspecified,4439175,27.5,20.8,0.5,0.5,0.0,2.0,51,12.8,29.9,307,Drizzle: Light,0,0,
56868,2021-07-19 20:10:00,40.627117,-73.9896,0,0,Unspecified,4438768,27.5,20.8,0.5,0.5,0.0,2.0,51,12.8,29.9,307,Drizzle: Light,0,0,
56869,2021-07-19 21:50:00,40.671932,-73.85165,1,0,Unsafe Speed,4438652,27.5,20.8,0.5,0.5,0.0,2.0,51,12.8,29.9,307,Drizzle: Light,1,1,
56870,2021-07-16 13:10:00,40.638313,-74.00663,0,0,Unspecified,4439121,32.3,23.2,0.3,0.3,0.0,3.0,51,12.3,33.1,238,Drizzle: Light,0,0,
56871,2021-07-18 01:30:00,40.74359,-73.92242,0,0,Following Too Closely,4439269,28.4,23.1,12.4,12.4,0.0,10.0,63,19.6,39.2,232,Rain: Moderate,0,0,
56872,2021-07-19 11:50:00,40.766342,-73.832565,0,0,Passing Too Closely,4438582,27.5,20.8,0.5,0.5,0.0,2.0,51,12.8,29.9,307,Drizzle: Light,0,0,
56873,2021-07-19 16:00:00,40.73911,-73.943,0,0,Driver Inattention/Distraction,4438614,27.5,20.8,0.5,0.5,0.0,2.0,51,12.8,29.9,307,Drizzle: Light,0,0,
56874,2021-07-19 20:35:00,40.74906,-73.870384,0,0,Driver Inattention/Distraction,4438989,27.5,20.8,0.5,0.5,0.0,2.0,51,12.8,29.9,307,Drizzle: Light,0,0,
56875,2021-07-19 17:08:00,40.719307,-73.97723,0,0,Unspecified,4438904,27.5,20.8,0.5,0.5,0.0,2.0,51,12.8,29.9,307,Drizzle: Light,0,0,
56876,2021-07-19 01:06:00,40.688614,-73.989174,0,0,Following Too Closely,4438422,27.5,20.8,0.5,0.5,0.0,2.0,51,12.8,29.9,307,Drizzle: Light,0,0,
56877,2021-07-19 00:22:00,40.59026,-73.78872,0,0,Unspecified,4438705,27.5,20.8,0.5,0.5,0.0,2.0,51,12.8,29.9,307,Drizzle: Light,0,0,
56878,2021-07-19 07:14:00,40.743187,-73.97207,0,0,Driver Inattention/Distraction,4438514,27.5,20.8,0.5,0.5,0.0,2.0,51,12.8,29.9,307,Drizzle: Light,0,0,
56879,2021-07-19 13:00:00,40.687668,-73.951035,0,0,Unsafe Speed,4438789,27.5,20.8,0.5,0.5,0.0,2.0,51,12.8,29.9,307,Drizzle: Light,0,0,
56880,2021-07-19 06:00:00,40.68841,-73.83712,0,0,Unspecified,4438328,27.5,20.8,0.5,0.5,0.0,2.0,51,12.8,29.9,307,Drizzle: Light,0,0,
56881,2021-07-19 05:30:00,40.760532,-73.753716,0,0,Unspecified,4438622,27.5,20.8,0.5,0.5,0.0,2.0,51,12.8,29.9,307,Drizzle: Light,0,0,
56882,2021-07-19 03:05:00,40.75502,-73.832344,1,0,Failure to Yield Right-of-Way,4438876,27.5,20.8,0.5,0.5,0.0,2.0,51,12.8,29.9,307,Drizzle: Light,1,1,
56883,2021-07-19 00:55:00,40.757713,-73.87914,0,0,Driver Inattention/Distraction,4438744,27.5,20.8,0.5,0.5,0.0,2.0,51,12.8,29.9,307,Drizzle: Light,0,0,
56884,2021-07-19 08:00:00,40.718792,-73.98902,1,0,Driver Inattention/Distraction,4438538,27.5,20.8,0.5,0.5,0.0,2.0,51,12.8,29.9,307,Drizzle: Light,1,1,
56885,2021-07-10 09:04:00,40.759068,-73.94025,0,0,Unspecified,4439089,25.5,20.7,0.5,0.5,0.0,3.0,51,14.5,29.9,1,Drizzle: Light,0,0,
56886,2021-07-19 10:18:00,40.631134,-74.12794,1,0,Other Vehicular,4439055,27.5,20.8,0.5,0.5,0.0,2.0,51,12.8,29.9,307,Drizzle: Light,1,1,
56887,2021-07-19 10:30:00,40.825314,-73.90822,0,0,Turning Improperly,4438660,27.5,20.8,0.5,0.5,0.0,2.0,51,12.8,29.9,307,Drizzle: Light,0,0,
56888,2021-07-19 20:22:00,40.609943,-73.955605,1,0,Driver Inattention/Distraction,4438644,27.5,20.8,0.5,0.5,0.0,2.0,51,12.8,29.9,307,Drizzle: Light,1,1,
56889,2021-07-17 16:43:00,40.722576,-73.94049,0,0,Driver Inattention/Distraction,4439028,30.8,23.3,5.1,5.1,0.0,5.0,61,17.8,36.4,201,Rain: Light,0,0,
56890,2021-07-19 23:37:00,40.63556,-73.922844,0,0,Driver Inattention/Distraction,4438665,27.5,20.8,0.5,0.5,0.0,2.0,51,12.8,29.9,307,Drizzle: Light,0,0,
56891,2021-07-19 18:35:00,40.6268,-73.96267,0,0,Following Too Closely,4439315,27.5,20.8,0.5,0.5,0.0,2.0,51,12.8,29.9,307,Drizzle: Light,0,0,
56892,2021-07-19 13:00:00,40.72558,-73.75262,1,0,Failure to Yield Right-of-Way,4438531,27.5,20.8,0.5,0.5,0.0,2.0,51,12.8,29.9,307,Drizzle: Light,1,1,
56893,2021-07-19 10:45:00,40.734413,-73.8693,0,0,Unspecified,4438485,27.5,20.8,0.5,0.5,0.0,2.0,51,12.8,29.9,307,Drizzle: Light,0,0,
56894,2021-07-16 16:00:00,40.826237,-73.94508,1,0,Driver Inattention/Distraction,4439107,32.3,23.2,0.3,0.3,0.0,3.0,51,12.3,33.1,238,Drizzle: Light,1,1,
56895,2021-07-19 15:00:00,40.819126,-73.88579,0,0,Following Too Closely,4438804,27.5,20.8,0.5,0.5,0.0,2.0,51,12.8,29.9,307,Drizzle: Light,0,0,
56896,2021-07-19 19:58:00,40.58425,-73.9638,0,0,Driver Inattention/Distraction,4438943,27.5,20.8,0.5,0.5,0.0,2.0,51,12.8,29.9,307,Drizzle: Light,0,0,
56897,2021-07-19 14:40:00,40.5415,-74.16254,1,0,Passing or Lane Usage Improper,4438589,27.5,20.8,0.5,0.5,0.0,2.0,51,12.8,29.9,307,Drizzle: Light,1,1,
56898,2021-07-19 07:49:00,40.76827,-73.9612,0,0,Other Vehicular,4438681,27.5,20.8,0.5,0.5,0.0,2.0,51,12.8,29.9,307,Drizzle: Light,0,0,
56899,2021-07-19 16:55:00,40.697285,-73.79446,1,0,Traffic Control Disregarded,4438863,27.5,20.8,0.5,0.5,0.0,2.0,51,12.8,29.9,307,Drizzle: Light,1,1,
56900,2021-07-19 23:15:00,40.68507,-73.914925,0,0,Unsafe Speed,4438726,27.5,20.8,0.5,0.5,0.0,2.0,51,12.8,29.9,307,Drizzle: Light,0,0,
56901,2021-07-19 06:40:00,40.74736,-73.86732,0,0,Driver Inattention/Distraction,4438481,27.5,20.8,0.5,0.5,0.0,2.0,51,12.8,29.9,307,Drizzle: Light,0,0,
56902,2021-07-19 02:36:00,40.89466,-73.86137,2,0,Other Vehicular,4438279,27.5,20.8,0.5,0.5,0.0,2.0,51,12.8,29.9,307,Drizzle: Light,2,2,
56903,2021-07-19 19:10:00,40.66563,-73.73921,2,0,Driver Inattention/Distraction,4438627,27.5,20.8,0.5,0.5,0.0,2.0,51,12.8,29.9,307,Drizzle: Light,2,2,
56904,2021-07-19 02:50:00,40.756184,-73.871185,0,0,Alcohol Involvement,4439198,27.5,20.8,0.5,0.5,0.0,2.0,51,12.8,29.9,307,Drizzle: Light,0,0,
56905,2021-07-19 14:02:00,40.695114,-73.93194,0,0,Passing Too Closely,4438697,27.5,20.8,0.5,0.5,0.0,2.0,51,12.8,29.9,307,Drizzle: Light,0,0,
56906,2021-07-19 20:30:00,40.71141,-73.84397,0,0,Driver Inattention/Distraction,4438598,27.5,20.8,0.5,0.5,0.0,2.0,51,12.8,29.9,307,Drizzle: Light,0,0,
56907,2021-07-19 14:30:00,40.62925,-74.12323,0,0,Driver Inattention/Distraction,4439063,27.5,20.8,0.5,0.5,0.0,2.0,51,12.8,29.9,307,Drizzle: Light,0,0,
56908,2021-07-19 20:40:00,40.650772,-73.884796,1,0,Unspecified,4439077,27.5,20.8,0.5,0.5,0.0,2.0,51,12.8,29.9,307,Drizzle: Light,1,1,
56909,2021-06-28 21:00:00,40.753407,-73.852356,0,0,Driver Inattention/Distraction,4439006,32.3,22.9,0.0,0.0,0.0,0.0,3,20.0,37.8,212,Overcast,0,0,
56910,2021-07-18 17:30:00,40.635483,-74.09091,0,0,Unspecified,4439145,28.4,23.1,12.4,12.4,0.0,10.0,63,19.6,39.2,232,Rain: Moderate,0,0,
56911,2021-07-19 21:45:00,40.826153,-73.920265,0,0,Following Too Closely,4438639,27.5,20.8,0.5,0.5,0.0,2.0,51,12.8,29.9,307,Drizzle: Light,0,0,
56912,2021-07-18 21:40:00,40.752613,-73.99689,1,0,Driver Inattention/Distraction,4439021,28.4,23.1,12.4,12.4,0.0,10.0,63,19.6,39.2,232,Rain: Moderate,1,1,
56913,2021-07-19 17:40:00,40.702675,-73.86171,0,0,Unspecified,4439182,27.5,20.8,0.5,0.5,0.0,2.0,51,12.8,29.9,307,Drizzle: Light,0,0,
56914,2021-07-19 22:40:00,40.644264,-73.99685,1,0,Unspecified,4438769,27.5,20.8,0.5,0.5,0.0,2.0,51,12.8,29.9,307,Drizzle: Light,1,1,
56915,2021-07-19 11:15:00,40.722576,-73.94049,1,0,Driver Inattention/Distraction,4439230,27.5,20.8,0.5,0.5,0.0,2.0,51,12.8,29.9,307,Drizzle: Light,1,1,
56916,2021-07-15 14:20:00,40.725082,-73.99534,0,0,Other Vehicular,4439285,29.3,21.2,0.1,0.1,0.0,1.0,51,13.7,27.4,212,Drizzle: Light,0,0,
56917,2021-07-19 07:31:00,40.742977,-73.79556,0,0,Backing Unsafely,4438525,27.5,20.8,0.5,0.5,0.0,2.0,51,12.8,29.9,307,Drizzle: Light,0,0,
56918,2021-07-19 12:50:00,40.69733,-73.78456,1,0,Turning Improperly,4438859,27.5,20.8,0.5,0.5,0.0,2.0,51,12.8,29.9,307,Drizzle: Light,1,1,
56919,2021-07-15 22:15:00,40.811478,-73.950226,1,0,Other Vehicular,4439119,29.3,21.2,0.1,0.1,0.0,1.0,51,13.7,27.4,212,Drizzle: Light,1,1,
56920,2021-07-19 13:45:00,40.83942,-73.872925,1,0,Driver Inattention/Distraction,4438752,27.5,20.8,0.5,0.5,0.0,2.0,51,12.8,29.9,307,Drizzle: Light,1,1,
56921,2021-07-19 00:46:00,40.54387,-74.14445,1,0,Animals Action,4438500,27.5,20.8,0.5,0.5,0.0,2.0,51,12.8,29.9,307,Drizzle: Light,1,1,
56922,2021-07-19 19:23:00,40.762745,-73.83329,0,0,Failure to Yield Right-of-Way,4438583,27.5,20.8,0.5,0.5,0.0,2.0,51,12.8,29.9,307,Drizzle: Light,0,0,
56923,2021-07-19 11:30:00,40.695114,-73.911865,1,0,Traffic Control Disregarded,4438974,27.5,20.8,0.5,0.5,0.0,2.0,51,12.8,29.9,307,Drizzle: Light,1,1,
56924,2021-07-19 15:47:00,40.5758,-73.96114,0,0,Passing Too Closely,4438936,27.5,20.8,0.5,0.5,0.0,2.0,51,12.8,29.9,307,Drizzle: Light,0,0,
56925,2021-07-19 03:30:00,40.850475,-73.915436,0,0,Backing Unsafely,4438425,27.5,20.8,0.5,0.5,0.0,2.0,51,12.8,29.9,307,Drizzle: Light,0,0,
56926,2021-07-19 22:53:00,40.86159,-73.92475,1,0,Driver Inattention/Distraction,4439149,27.5,20.8,0.5,0.5,0.0,2.0,51,12.8,29.9,307,Drizzle: Light,1,1,
56927,2021-07-19 17:00:00,40.74942,-73.940544,0,0,Driver Inattention/Distraction,4439243,27.5,20.8,0.5,0.5,0.0,2.0,51,12.8,29.9,307,Drizzle: Light,0,0,
56928,2021-07-19 14:45:00,40.62702,-74.16484,1,0,Following Too Closely,4439011,27.5,20.8,0.5,0.5,0.0,2.0,51,12.8,29.9,307,Drizzle: Light,1,1,
56929,2021-07-19 05:00:00,40.782368,-73.91005,0,0,Unspecified,4439340,27.5,20.8,0.5,0.5,0.0,2.0,51,12.8,29.9,307,Drizzle: Light,0,0,
56930,2021-07-19 16:10:00,40.67236,-74.01124,0,0,Unspecified,4438670,27.5,20.8,0.5,0.5,0.0,2.0,51,12.8,29.9,307,Drizzle: Light,0,0,
56931,2021-07-18 21:00:00,40.670303,-73.86017,0,0,Unspecified,4439067,28.4,23.1,12.4,12.4,0.0,10.0,63,19.6,39.2,232,Rain: Moderate,0,0,
56932,2021-07-19 17:40:00,40.666996,-73.86789,0,0,Failure to Yield Right-of-Way,4439070,27.5,20.8,0.5,0.5,0.0,2.0,51,12.8,29.9,307,Drizzle: Light,0,0,
56933,2021-07-19 02:36:00,40.666435,-73.83478,0,0,Following Too Closely,4438203,27.5,20.8,0.5,0.5,0.0,2.0,51,12.8,29.9,307,Drizzle: Light,0,0,
56934,2021-07-09 21:30:00,40.659744,-73.91708,0,0,Unspecified,4439210,29.8,22.0,35.0,35.0,0.0,14.0,63,31.0,55.8,341,Rain: Moderate,0,0,
56935,2021-07-19 20:40:00,40.632885,-73.94771,0,0,Failure to Yield Right-of-Way,4438704,27.5,20.8,0.5,0.5,0.0,2.0,51,12.8,29.9,307,Drizzle: Light,0,0,
56936,2021-07-19 18:05:00,40.658394,-73.91557,1,0,Unspecified,4438722,27.5,20.8,0.5,0.5,0.0,2.0,51,12.8,29.9,307,Drizzle: Light,1,1,
56937,2021-07-16 17:00:00,40.709816,-74.00697,0,0,Unspecified,4439136,32.3,23.2,0.3,0.3,0.0,3.0,51,12.3,33.1,238,Drizzle: Light,0,0,
56938,2021-07-19 23:25:00,40.728947,-73.92793,1,0,Unspecified,4438633,27.5,20.8,0.5,0.5,0.0,2.0,51,12.8,29.9,307,Drizzle: Light,1,1,
56939,2021-07-15 21:00:00,40.74094,-73.86757,0,0,Driver Inattention/Distraction,4438983,29.3,21.2,0.1,0.1,0.0,1.0,51,13.7,27.4,212,Drizzle: Light,0,0,
56940,2021-07-19 16:54:00,40.65789,-73.85613,1,0,Following Too Closely,4438651,27.5,20.8,0.5,0.5,0.0,2.0,51,12.8,29.9,307,Drizzle: Light,1,1,
56941,2021-07-16 18:30:00,40.71105,-73.903854,0,0,Unspecified,4439176,32.3,23.2,0.3,0.3,0.0,3.0,51,12.3,33.1,238,Drizzle: Light,0,0,
56942,2021-07-19 11:25:00,40.59512,-73.75158,0,0,Passing Too Closely,4438709,27.5,20.8,0.5,0.5,0.0,2.0,51,12.8,29.9,307,Drizzle: Light,0,0,