,CRASH DATETIME,LATITUDE,LONGITUDE,NUMBER OF PERSONS INJURED,NUMBER OF PERSONS KILLED,CONTRIBUTING FACTOR VEHICLE 1,COLLISION_ID,temperature_2m_max,temperature_2m_min,precipitation_sum,rain_sum,snowfall_sum,precipitation_hours,weather_code,wind_speed_10m_max,wind_gusts_10m_max,wind_direction_10m_dominant,Weather Description,Severity_Score,Total_Affected_Persons,Weather_Category
56943,2021-07-19 07:20:00,40.632435,-73.88818,0,0,Unspecified,4438565,27.5,20.8,0.5,0.5,0.0,2.0,51,12.8,29.9,307,Drizzle: Light,0,0,
56944,2021-07-19 00:51:00,40.67113,-73.86132,0,0,Other Vehicular,4438421,27.5,20.8,0.5,0.5,0.0,2.0,51,12.8,29.9,307,Drizzle: Light,0,0,
56945,2021-07-19 00:00:00,40.670887,-73.93649,2,0,Driver Inattention/Distraction,4438823,27.5,20.8,0.5,0.5,0.0,2.0,51,12.8,29.9,307,Drizzle: Light,2,2,
56946,2021-07-19 12:53:00,40.703,-73.94425,1,0,Backing Unsafely,4438615,27.5,20.8,0.5,0.5,0.0,2.0,51,12.8,29.9,307,Drizzle: Light,1,1,
56947,2021-07-19 15:13:00,40.75738,-73.966705,1,0,Oversized Vehicle,4438607,27.5,20.8,0.5,0.5,0.0,2.0,51,12.8,29.9,307,Drizzle: Light,1,1,
56948,2021-07-19 21:20:00,40.636707,-73.88519,0,0,Outside Car Distraction,4438906,27.5,20.8,0.5,0.5,0.0,2.0,51,12.8,29.9,307,Drizzle: Light,0,0,
56949,2021-07-18 06:00:00,40.66409,-73.90545,0,0,Unspecified,4439166,28.4,23.1,12.4,12.4,0.0,10.0,63,19.6,39.2,232,Rain: Moderate,0,0,
56950,2021-07-19 16:48:00,40.674995,-73.80854,1,0,Driver Inexperience,4438647,27.5,20.8,0.5,0.5,0.0,2.0,51,12.8,29.9,307,Drizzle: Light,1,1,
56951,2021-07-19 20:00:00,40.81293,-73.82727,0,0,Unspecified,4438676,27.5,20.8,0.5,0.5,0.0,2.0,51,12.8,29.9,307,Drizzle: Light,0,0,
56952,2021-07-17 09:15:00,40.82773,-73.94952,1,0,Driver Inattention/Distraction,4439100,30.8,23.3,5.1,5.1,0.0,5.0,61,17.8,36.4,201,Rain: Light,1,1,
56953,2021-07-18 14:31:00,40.637936,-74.07946,0,0,Other Vehicular,4439048,28.4,23.1,12.4,12.4,0.0,10.0,63,19.6,39.2,232,Rain: Moderate,0,0,
56954,2021-07-19 00:34:00,40.89711,-73.908066,1,0,Unsafe Lane Changing,4438700,27.5,20.8,0.5,0.5,0.0,2.0,51,12.8,29.9,307,Drizzle: Light,1,1,
56955,2021-07-18 20:00:00,40.654255,-73.96177,0,0,Passing Too Closely,4439259,28.4,23.1,12.4,12.4,0.0,10.0,63,19.6,39.2,232,Rain: Moderate,0,0,
56956,2021-07-15 17:30:00,40.724174,-73.937355,1,0,Driver Inattention/Distraction,4439023,29.3,21.2,0.1,0.1,0.0,1.0,51,13.7,27.4,212,Drizzle: Light,1,1,
56957,2021-07-18 21:25:00,40.695705,-73.94637,1,0,Failure to Yield Right-of-Way,4439036,28.4,23.1,12.4,12.4,0.0,10.0,63,19.6,39.2,232,Rain: Moderate,1,1,
56958,2021-07-19 12:37:00,40.632263,-74.080284,0,0,Backing Unsafely,4439056,27.5,20.8,0.5,0.5,0.0,2.0,51,12.8,29.9,307,Drizzle: Light,0,0,
56959,2021-07-19 18:45:00,40.831345,-73.89229,1,0,Driver Inattention/Distraction,4438661,27.5,20.8,0.5,0.5,0.0,2.0,51,12.8,29.9,307,Drizzle: Light,1,1,
56960,2022-07-06 00:10:00,40.85535,-73.91836,1,0,Unsafe Speed,4543686,31.6,21.7,0.2,0.2,0.0,1.0,51,19.0,37.1,299,Drizzle: Light,1,1,
56961,2022-09-23 14:00:00,40.70837,-73.923065,0,0,Driver Inexperience,4567657,16.4,10.0,0.0,0.0,0.0,0.0,0,31.1,56.9,323,Clear sky,0,0,Sunny/Clear Conditions
56962,2024-02-02 18:15:00,40.707077,-73.954025,0,0,Other Vehicular,4700033,5.9,2.0,6.1,6.1,0.0,16.0,55,21.3,37.4,352,Drizzle: Dense,0,0,
56963,2022-09-24 18:00:00,40.666737,-73.78628,0,0,Following Too Closely,4567002,20.6,9.5,0.0,0.0,0.0,0.0,3,18.8,37.4,295,Overcast,0,0,
56964,2022-09-24 19:14:00,40.689236,-73.82852,0,0,Following Too Closely,4567387,20.6,9.5,0.0,0.0,0.0,0.0,3,18.8,37.4,295,Overcast,0,0,
56965,2022-09-24 00:00:00,40.67447,-73.8027,0,0,Failure to Yield Right-of-Way,4567225,20.6,9.5,0.0,0.0,0.0,0.0,3,18.8,37.4,295,Overcast,0,0,
56966,2022-09-21 18:43:00,40.582073,-73.96295,0,0,Unspecified,4567559,26.5,16.0,0.0,0.0,0.0,0.0,3,19.4,36.7,252,Overcast,0,0,
56967,2022-09-22 20:16:00,40.680954,-73.96768,0,0,Failure to Yield Right-of-Way,4567541,24.9,14.3,9.1,9.1,0.0,7.0,63,24.6,44.6,273,Rain: Moderate,0,0,
56968,2022-09-24 01:35:00,40.67265,-73.73593,0,0,Unspecified,4566727,20.6,9.5,0.0,0.0,0.0,0.0,3,18.8,37.4,295,Overcast,0,0,
56969,2022-09-24 16:58:00,40.88014,-73.852036,1,0,Unsafe Speed,4567157,20.6,9.5,0.0,0.0,0.0,0.0,3,18.8,37.4,295,Overcast,1,1,
56970,2022-09-23 15:20:00,40.80478,-73.936325,0,0,Passing or Lane Usage Improper,4567433,16.4,10.0,0.0,0.0,0.0,0.0,0,31.1,56.9,323,Clear sky,0,0,Sunny/Clear Conditions
56971,2022-09-24 01:42:00,40.81847,-73.9414,0,0,Alcohol Involvement,4567299,20.6,9.5,0.0,0.0,0.0,0.0,3,18.8,37.4,295,Overcast,0,0,
56972,2022-09-24 14:00:00,40.61249,-74.12232,0,0,Driver Inattention/Distraction,4567519,20.6,9.5,0.0,0.0,0.0,0.0,3,18.8,37.4,295,Overcast,0,0,
56973,2022-09-24 16:30:00,40.600986,-73.95776,1,0,Backing Unsafely,4567630,20.6,9.5,0.0,0.0,0.0,0.0,3,18.8,37.4,295,Overcast,1,1,
56974,2022-09-24 01:55:00,40.7463,-73.971664,0,0,Driver Inattention/Distraction,4566761,20.6,9.5,0.0,0.0,0.0,0.0,3,18.8,37.4,295,Overcast,0,0,
56975,2022-09-21 14:10:00,40.579357,-73.980484,0,0,Backing Unsafely,4567557,26.5,16.0,0.0,0.0,0.0,0.0,3,19.4,36.7,252,Overcast,0,0,
56976,2022-09-23 14:42:00,40.60914,-74.00186,0,0,Driver Inattention/Distraction,4567616,16.4,10.0,0.0,0.0,0.0,0.0,0,31.1,56.9,323,Clear sky,0,0,Sunny/Clear Conditions
56977,2022-09-24 05:23:00,40.76099,-73.99077,0,0,Unsafe Lane Changing,4566783,20.6,9.5,0.0,0.0,0.0,0.0,3,18.8,37.4,295,Overcast,0,0,
56978,2022-09-24 14:50:00,40.6877,-73.91095,0,0,Driver Inexperience,4566921,20.6,9.5,0.0,0.0,0.0,0.0,3,18.8,37.4,295,Overcast,0,0,
56979,2022-09-22 16:40:00,40.63753,-74.1176,0,0,Unspecified,4567391,24.9,14.3,9.1,9.1,0.0,7.0,63,24.6,44.6,273,Rain: Moderate,0,0,
56980,2022-09-13 10:00:00,40.659668,-73.95788,0,0,Unspecified,4567405,26.0,20.5,8.3,8.3,0.0,16.0,61,19.5,33.8,219,Rain: Light,0,0,
56981,2022-09-24 15:30:00,40.73963,-73.98901,0,0,Passing Too Closely,4567440,20.6,9.5,0.0,0.0,0.0,0.0,3,18.8,37.4,295,Overcast,0,0,
56982,2022-09-24 22:55:00,40.741623,-73.993744,0,0,Unspecified,4567465,20.6,9.5,0.0,0.0,0.0,0.0,3,18.8,37.4,295,Overcast,0,0,
56983,2022-09-24 16:50:00,40.72752,-73.75879,0,0,Passing Too Closely,4566869,20.6,9.5,0.0,0.0,0.0,0.0,3,18.8,37.4,295,Overcast,0,0,
56984,2022-09-24 13:35:00,40.748913,-73.9374,0,0,Failure to Yield Right-of-Way,4566837,20.6,9.5,0.0,0.0,0.0,0.0,3,18.8,37.4,295,Overcast,0,0,
56985,2022-09-23 06:05:00,40.66328,-73.898476,0,0,Backing Unsafely,4567678,16.4,10.0,0.0,0.0,0.0,0.0,0,31.1,56.9,323,Clear sky,0,0,Sunny/Clear Conditions
56986,2022-09-24 22:06:00,40.574085,-73.97672,0,0,Unspecified,4566859,20.6,9.5,0.0,0.0,0.0,0.0,3,18.8,37.4,295,Overcast,0,0,
56987,2022-09-24 13:01:00,40.743156,-73.91871,1,0,Driver Inattention/Distraction,4566839,20.6,9.5,0.0,0.0,0.0,0.0,3,18.8,37.4,295,Overcast,1,1,
56988,2022-09-23 09:20:00,40.61269,-73.982666,0,0,Following Too Closely,4567579,16.4,10.0,0.0,0.0,0.0,0.0,0,31.1,56.9,323,Clear sky,0,0,Sunny/Clear Conditions
56989,2022-09-24 23:20:00,40.591755,-73.9083,0,0,Unspecified,4566891,20.6,9.5,0.0,0.0,0.0,0.0,3,18.8,37.4,295,Overcast,0,0,
56990,2022-09-24 13:11:00,40.85084,-73.86576,0,0,Unspecified,4566812,20.6,9.5,0.0,0.0,0.0,0.0,3,18.8,37.4,295,Overcast,0,0,
56991,2021-10-18 16:30:00,40.743324,-73.83379,1,0,Following Too Closely,4471042,15.8,9.2,0.0,0.0,0.0,0.0,2,32.4,58.3,296,Partly cloudy,1,1,
56992,2021-10-24 23:00:00,40.743362,-73.87431,0,0,Failure to Yield Right-of-Way,4473257,15.5,7.6,0.7,0.7,0.0,1.0,53,13.0,23.8,248,Drizzle: Moderate,0,0,
56993,2021-10-30 18:57:00,40.686287,-73.9695,1,0,Failure to Yield Right-of-Way,4473230,17.8,12.0,7.8,7.8,0.0,16.0,61,38.5,68.0,112,Rain: Light,1,1,
56994,2021-10-28 19:12:00,40.674747,-73.9417,2,0,Driver Inattention/Distraction,4473186,15.2,7.9,0.0,0.0,0.0,0.0,3,19.1,34.6,28,Overcast,2,2,
56995,2021-10-27 08:00:00,40.698414,-73.984,0,0,Unspecified,4473207,16.1,12.2,6.6,6.6,0.0,6.0,61,33.3,63.0,359,Rain: Light,0,0,
56996,2021-10-19 16:48:00,40.6594777,-73.760038,1,0,Unsafe Speed,4468897,19.1,8.3,0.0,0.0,0.0,0.0,1,24.6,45.0,272,Mainly clear,1,1,Sunny/Clear Conditions
56997,2021-12-06 21:00:00,40.738266,-73.79706,5,0,Following Too Closely,4484206,16.3,7.7,6.3,6.3,0.0,10.0,61,35.1,65.5,201,Rain: Light,5,5,
56998,2021-12-14 07:45:00,40.678303,-73.87289,3,0,Unspecified,4487070,10.4,3.1,0.0,0.0,0.0,0.0,3,18.5,31.3,322,Overcast,3,3,
56999,2021-12-14 02:54:00,40.847622,-73.84483,0,0,Driver Inattention/Distraction,4486303,10.4,3.1,0.0,0.0,0.0,0.0,3,18.5,31.3,322,Overcast,0,0,
57000,2021-12-14 12:30:00,40.71919,-74.00871,0,0,Unspecified,4486608,10.4,3.1,0.0,0.0,0.0,0.0,3,18.5,31.3,322,Overcast,0,0,
57001,2021-12-14 19:45:00,40.736267,-73.772865,0,0,Unspecified,4486999,10.4,3.1,0.0,0.0,0.0,0.0,3,18.5,31.3,322,Overcast,0,0,
57002,2021-12-03 18:20:00,40.65369,-73.9577,1,0,Unspecified,4487050,9.3,0.9,0.0,0.0,0.0,0.0,3,27.6,53.3,301,Overcast,1,1,
57003,2021-12-14 09:30:00,40.843002,-73.90359,1,0,Failure to Yield Right-of-Way,4486893,10.4,3.1,0.0,0.0,0.0,0.0,3,18.5,31.3,322,Overcast,1,1,
57004,2021-12-14 00:30:00,40.8481,-73.90145,0,0,Driver Inattention/Distraction,4486328,10.4,3.1,0.0,0.0,0.0,0.0,3,18.5,31.3,322,Overcast,0,0,
57005,2021-12-14 14:35:00,40.66898,-73.89782,1,0,Traffic Control Disregarded,4486512,10.4,3.1,0.0,0.0,0.0,0.0,3,18.5,31.3,322,Overcast,1,1,
57006,2021-12-14 08:00:00,40.71689,-73.73544,0,0,Driver Inattention/Distraction,4486647,10.4,3.1,0.0,0.0,0.0,0.0,3,18.5,31.3,322,Overcast,0,0,
57007,2021-12-14 05:15:00,40.80964,-73.947845,0,0,Driver Inattention/Distraction,4486674,10.4,3.1,0.0,0.0,0.0,0.0,3,18.5,31.3,322,Overcast,0,0,
57008,2021-12-14 17:28:00,40.72247,-73.987144,0,0,Unspecified,4486757,10.4,3.1,0.0,0.0,0.0,0.0,3,18.5,31.3,322,Overcast,0,0,
57009,2021-12-14 13:00:00,40.659424,-73.73253,0,0,Unspecified,4486467,10.4,3.1,0.0,0.0,0.0,0.0,3,18.5,31.3,322,Overcast,0,0,
57010,2021-12-14 04:45:00,40.797867,-73.96759,1,0,Aggressive Driving/Road Rage,4486411,10.4,3.1,0.0,0.0,0.0,0.0,3,18.5,31.3,322,Overcast,1,1,
57011,2021-12-14 21:18:00,40.69161,-73.98154,0,0,Unspecified,4487094,10.4,3.1,0.0,0.0,0.0,0.0,3,18.5,31.3,322,Overcast,0,0,
57012,2021-12-10 06:29:00,40.825905,-73.94712,1,0,View Obstructed/Limited,4487159,8.5,1.6,0.0,0.0,0.0,0.0,3,9.8,20.5,183,Overcast,1,1,
57013,2021-12-14 08:10:00,40.63665,-73.96805,1,0,Driver Inattention/Distraction,4486447,10.4,3.1,0.0,0.0,0.0,0.0,3,18.5,31.3,322,Overcast,1,1,
57014,2021-12-14 08:17:00,40.673973,-73.77882,0,0,Unsafe Speed,4486414,10.4,3.1,0.0,0.0,0.0,0.0,3,18.5,31.3,322,Overcast,0,0,
57015,2021-10-30 20:07:00,40.80129,-73.9439,1,0,Turning Improperly,4472365,17.8,12.0,7.8,7.8,0.0,16.0,61,38.5,68.0,112,Rain: Light,1,1,
57016,2021-10-30 04:49:00,40.755806,-73.98641,1,0,Pavement Slippery,4472607,17.8,12.0,7.8,7.8,0.0,16.0,61,38.5,68.0,112,Rain: Light,1,1,
57017,2021-10-30 18:22:00,40.814144,-73.95571,1,0,Failure to Yield Right-of-Way,4472482,17.8,12.0,7.8,7.8,0.0,16.0,61,38.5,68.0,112,Rain: Light,1,1,
57018,2021-10-28 00:10:00,40.618732,-74.17606,0,0,Animals Action,4473009,15.2,7.9,0.0,0.0,0.0,0.0,3,19.1,34.6,28,Overcast,0,0,
57019,2021-10-30 23:28:00,40.6668,-73.99011,0,0,Backing Unsafely,4472976,17.8,12.0,7.8,7.8,0.0,16.0,61,38.5,68.0,112,Rain: Light,0,0,
57020,2021-10-30 01:15:00,40.810173,-73.95117,0,0,Driver Inattention/Distraction,4472177,17.8,12.0,7.8,7.8,0.0,16.0,61,38.5,68.0,112,Rain: Light,0,0,
57021,2021-10-30 20:55:00,40.841347,-73.9169,0,0,Driverless/Runaway Vehicle,4472434,17.8,12.0,7.8,7.8,0.0,16.0,61,38.5,68.0,112,Rain: Light,0,0,
57022,2021-10-30 03:20:00,40.67816,-73.897484,1,0,Unspecified,4472758,17.8,12.0,7.8,7.8,0.0,16.0,61,38.5,68.0,112,Rain: Light,1,1,
57023,2021-10-28 11:30:00,40.72369,-73.97792,0,0,Unsafe Speed,4472944,15.2,7.9,0.0,0.0,0.0,0.0,3,19.1,34.6,28,Overcast,0,0,
57024,2021-10-24 13:15:00,40.759914,-73.75207,0,0,Driver Inattention/Distraction,4473070,15.5,7.6,0.7,0.7,0.0,1.0,53,13.0,23.8,248,Drizzle: Moderate,0,0,
57025,2021-10-30 23:00:00,40.73065,-73.98308,1,0,Driver Inattention/Distraction,4472522,17.8,12.0,7.8,7.8,0.0,16.0,61,38.5,68.0,112,Rain: Light,1,1,
57026,2021-10-27 20:37:00,40.61427,-74.156654,0,0,Unsafe Lane Changing,4473007,16.1,12.2,6.6,6.6,0.0,6.0,61,33.3,63.0,359,Rain: Light,0,0,
57027,2021-10-29 09:56:00,40.641537,-73.981766,0,0,Unspecified,4473053,13.8,8.3,9.3,9.3,0.0,5.0,63,40.9,73.8,78,Rain: Moderate,0,0,
57028,2021-10-30 17:02:00,40.800915,-73.93715,0,0,Driver Inattention/Distraction,4472888,17.8,12.0,7.8,7.8,0.0,16.0,61,38.5,68.0,112,Rain: Light,0,0,
57029,2021-10-30 00:30:00,40.65616,-73.76736,1,0,Following Too Closely,4472194,17.8,12.0,7.8,7.8,0.0,16.0,61,38.5,68.0,112,Rain: Light,1,1,
57030,2021-10-30 15:35:00,40.856106,-73.855705,0,0,Driver Inattention/Distraction,4472339,17.8,12.0,7.8,7.8,0.0,16.0,61,38.5,68.0,112,Rain: Light,0,0,
57031,2021-10-30 21:51:00,40.68876,-73.98085,1,0,Unsafe Lane Changing,4472620,17.8,12.0,7.8,7.8,0.0,16.0,61,38.5,68.0,112,Rain: Light,1,1,
57032,2021-10-30 05:15:00,40.750168,-73.86066,0,0,Driver Inattention/Distraction,4472671,17.8,12.0,7.8,7.8,0.0,16.0,61,38.5,68.0,112,Rain: Light,0,0,
57033,2021-10-30 16:40:00,40.67046,-73.88788,0,0,Unspecified,4472762,17.8,12.0,7.8,7.8,0.0,16.0,61,38.5,68.0,112,Rain: Light,0,0,
57034,2021-10-30 23:55:00,40.7138,-73.93319,0,0,Unsafe Lane Changing,4472803,17.8,12.0,7.8,7.8,0.0,16.0,61,38.5,68.0,112,Rain: Light,0,0,
57035,2021-10-30 16:56:00,40.608982,-73.94315,0,0,Unspecified,4472307,17.8,12.0,7.8,7.8,0.0,16.0,61,38.5,68.0,112,Rain: Light,0,0,
57036,2021-10-30 00:55:00,40.76687,-73.993904,0,0,Unsafe Speed,4472258,17.8,12.0,7.8,7.8,0.0,16.0,61,38.5,68.0,112,Rain: Light,0,0,
57037,2021-09-29 12:30:00,40.8283,-73.88296,1,0,Brakes Defective,4473107,19.9,11.3,0.0,0.0,0.0,0.0,3,20.6,41.8,331,Overcast,1,1,
57038,2021-10-30 12:30:00,40.749336,-73.81035,3,0,Traffic Control Disregarded,4472300,17.8,12.0,7.8,7.8,0.0,16.0,61,38.5,68.0,112,Rain: Light,3,3,
57039,2021-10-30 13:45:00,40.75858,-73.919334,1,0,Failure to Yield Right-of-Way,4472262,17.8,12.0,7.8,7.8,0.0,16.0,61,38.5,68.0,112,Rain: Light,1,1,
57040,2021-10-23 07:59:00,40.767612,-73.950005,0,0,Driver Inattention/Distraction,4473026,15.9,10.4,0.2,0.2,0.0,2.0,51,14.4,26.6,326,Drizzle: Light,0,0,
57041,2021-10-30 05:35:00,40.666393,-73.75177,0,0,Reaction to Uninvolved Vehicle,4472208,17.8,12.0,7.8,7.8,0.0,16.0,61,38.5,68.0,112,Rain: Light,0,0,
57042,2021-10-30 06:45:00,40.71223,-73.92463,0,0,Driver Inattention/Distraction,4472800,17.8,12.0,7.8,7.8,0.0,16.0,61,38.5,68.0,112,Rain: Light,0,0,
57043,2021-10-30 23:55:00,40.72676,-73.90582,2,0,Unspecified,4472494,17.8,12.0,7.8,7.8,0.0,16.0,61,38.5,68.0,112,Rain: Light,2,2,
57044,2021-10-30 03:15:00,40.735504,-73.95264,2,0,Driver Inattention/Distraction,4472864,17.8,12.0,7.8,7.8,0.0,16.0,61,38.5,68.0,112,Rain: Light,2,2,
57045,2021-10-30 04:00:00,40.6537,-73.932106,0,0,Unspecified,4472706,17.8,12.0,7.8,7.8,0.0,16.0,61,38.5,68.0,112,Rain: Light,0,0,
57046,2021-10-30 15:00:00,40.606876,-73.94795,4,0,Unspecified,4472822,17.8,12.0,7.8,7.8,0.0,16.0,61,38.5,68.0,112,Rain: Light,4,4,
57047,2021-10-30 01:30:00,40.740017,-73.84565,0,0,Aggressive Driving/Road Rage,4472229,17.8,12.0,7.8,7.8,0.0,16.0,61,38.5,68.0,112,Rain: Light,0,0,
57048,2021-10-30 18:30:00,40.86507,-73.87185,0,0,Reaction to Uninvolved Vehicle,4472314,17.8,12.0,7.8,7.8,0.0,16.0,61,38.5,68.0,112,Rain: Light,0,0,
57049,2021-10-30 01:55:00,40.88055,-73.864525,1,0,Alcohol Involvement,4472455,17.8,12.0,7.8,7.8,0.0,16.0,61,38.5,68.0,112,Rain: Light,1,1,
57050,2021-10-27 10:05:00,40.635975,-74.00124,1,0,Driver Inattention/Distraction,4473097,16.1,12.2,6.6,6.6,0.0,6.0,61,33.3,63.0,359,Rain: Light,1,1,
57051,2021-10-30 03:30:00,40.69676,-73.984886,1,0,Drugs (illegal),4472667,17.8,12.0,7.8,7.8,0.0,16.0,61,38.5,68.0,112,Rain: Light,1,1,
57052,2021-10-30 13:45:00,40.80959,-73.949814,0,0,Reaction to Uninvolved Vehicle,4472966,17.8,12.0,7.8,7.8,0.0,16.0,61,38.5,68.0,112,Rain: Light,0,0,
57053,2021-10-02 17:15:00,40.818405,-73.86301,0,0,Unspecified,4473108,23.7,10.8,0.0,0.0,0.0,0.0,3,17.0,34.2,254,Overcast,0,0,
57054,2021-10-30 21:42:00,40.868546,-73.85859,1,0,Driver Inattention/Distraction,4472341,17.8,12.0,7.8,7.8,0.0,16.0,61,38.5,68.0,112,Rain: Light,1,1,
57055,2021-10-29 15:00:00,40.737682,-73.85206,0,0,Driver Inattention/Distraction,4473040,13.8,8.3,9.3,9.3,0.0,5.0,63,40.9,73.8,78,Rain: Moderate,0,0,
57056,2021-10-30 00:00:00,40.818523,-73.851776,0,0,Unspecified,4472278,17.8,12.0,7.8,7.8,0.0,16.0,61,38.5,68.0,112,Rain: Light,0,0,
57057,2021-10-30 20:35:00,40.731815,-73.98826,1,0,Driver Inattention/Distraction,4472942,17.8,12.0,7.8,7.8,0.0,16.0,61,38.5,68.0,112,Rain: Light,1,1,
57058,2021-10-30 01:12:00,40.73539,-73.99828,0,0,Unspecified,4472720,17.8,12.0,7.8,7.8,0.0,16.0,61,38.5,68.0,112,Rain: Light,0,0,
57059,2021-10-30 22:55:00,40.714382,-73.93345,0,0,Turning Improperly,4472789,17.8,12.0,7.8,7.8,0.0,16.0,61,38.5,68.0,112,Rain: Light,0,0,
57060,2021-10-30 20:40:00,40.87019,-73.8672,0,0,Driver Inattention/Distraction,4472931,17.8,12.0,7.8,7.8,0.0,16.0,61,38.5,68.0,112,Rain: Light,0,0,
57061,2021-10-27 04:05:00,40.719715,-73.982765,0,0,Driver Inattention/Distraction,4473016,16.1,12.2,6.6,6.6,0.0,6.0,61,33.3,63.0,359,Rain: Light,0,0,
57062,2021-10-30 20:38:00,40.704845,-73.868515,0,0,Passing Too Closely,4472490,17.8,12.0,7.8,7.8,0.0,16.0,61,38.5,68.0,112,Rain: Light,0,0,
57063,2021-10-18 16:40:00,40.862995,-73.9244,1,0,Driver Inattention/Distraction,4472991,15.8,9.2,0.0,0.0,0.0,0.0,2,32.4,58.3,296,Partly cloudy,1,1,
57064,2021-10-30 08:50:00,40.73398,-73.98669,0,0,Driver Inexperience,4472527,17.8,12.0,7.8,7.8,0.0,16.0,61,38.5,68.0,112,Rain: Light,0,0,
57065,2021-10-30 07:00:00,40.891262,-73.86088,0,0,Driver Inattention/Distraction,4472413,17.8,12.0,7.8,7.8,0.0,16.0,61,38.5,68.0,112,Rain: Light,0,0,
57066,2021-10-30 13:00:00,40.7203,-73.95508,0,0,Driver Inattention/Distraction,4472635,17.8,12.0,7.8,7.8,0.0,16.0,61,38.5,68.0,112,Rain: Light,0,0,
57067,2021-10-28 21:45:00,40.592472,-73.80244,1,0,Turning Improperly,4473078,15.2,7.9,0.0,0.0,0.0,0.0,3,19.1,34.6,28,Overcast,1,1,
57068,2021-10-30 11:45:00,40.74591,-73.8903,1,0,Driver Inattention/Distraction,4472345,17.8,12.0,7.8,7.8,0.0,16.0,61,38.5,68.0,112,Rain: Light,1,1,
57069,2021-10-29 22:32:00,40.68812,-73.9117,1,0,Driver Inattention/Distraction,4472949,13.8,8.3,9.3,9.3,0.0,5.0,63,40.9,73.8,78,Rain: Moderate,1,1,
57070,2021-10-30 20:13:00,40.665546,-73.9537,0,0,Unspecified,4473113,17.8,12.0,7.8,7.8,0.0,16.0,61,38.5,68.0,112,Rain: Light,0,0,
57071,2021-10-30 13:00:00,40.67549,-73.93885,1,0,Failure to Yield Right-of-Way,4472587,17.8,12.0,7.8,7.8,0.0,16.0,61,38.5,68.0,112,Rain: Light,1,1,
57072,2021-10-30 14:48:00,40.842083,-73.92011,1,0,Driver Inattention/Distraction,4472442,17.8,12.0,7.8,7.8,0.0,16.0,61,38.5,68.0,112,Rain: Light,1,1,
57073,2021-10-30 07:53:00,40.810993,-73.95429,2,0,Driver Inattention/Distraction,4472589,17.8,12.0,7.8,7.8,0.0,16.0,61,38.5,68.0,112,Rain: Light,2,2,
57074,2021-10-30 11:00:00,40.83609,-73.87039,0,0,Unspecified,4472512,17.8,12.0,7.8,7.8,0.0,16.0,61,38.5,68.0,112,Rain: Light,0,0,
57075,2021-10-30 08:44:00,40.848938,-73.93708,0,0,Backing Unsafely,4472999,17.8,12.0,7.8,7.8,0.0,16.0,61,38.5,68.0,112,Rain: Light,0,0,
57076,2021-10-30 01:30:00,40.722095,-73.77772,0,0,Driver Inattention/Distraction,4472179,17.8,12.0,7.8,7.8,0.0,16.0,61,38.5,68.0,112,Rain: Light,0,0,
57077,2021-10-30 18:40:00,40.71042,-73.85964,1,0,Driver Inattention/Distraction,4473045,17.8,12.0,7.8,7.8,0.0,16.0,61,38.5,68.0,112,Rain: Light,1,1,
57078,2021-10-30 04:05:00,40.772984,-73.88942,0,0,Unspecified,4472379,17.8,12.0,7.8,7.8,0.0,16.0,61,38.5,68.0,112,Rain: Light,0,0,
57079,2021-10-30 18:25:00,40.76174,-73.984795,0,0,Driver Inattention/Distraction,4472911,17.8,12.0,7.8,7.8,0.0,16.0,61,38.5,68.0,112,Rain: Light,0,0,
57080,2021-10-30 23:00:00,40.830154,-73.93964,0,0,Driver Inexperience,4473159,17.8,12.0,7.8,7.8,0.0,16.0,61,38.5,68.0,112,Rain: Light,0,0,
57081,2021-10-07 22:56:00,40.837864,-73.86356,1,0,Driver Inattention/Distraction,4473112,22.4,15.7,0.4,0.4,0.0,4.0,51,10.5,20.5,231,Drizzle: Light,1,1,
57082,2021-10-30 20:00:00,40.682823,-73.976585,0,0,Following Too Closely,4472975,17.8,12.0,7.8,7.8,0.0,16.0,61,38.5,68.0,112,Rain: Light,0,0,
57083,2021-10-30 00:45:00,40.671604,-73.72807,0,0,Turning Improperly,4472189,17.8,12.0,7.8,7.8,0.0,16.0,61,38.5,68.0,112,Rain: Light,0,0,
57084,2021-10-21 19:44:00,40.525932,-74.22798,0,0,Unspecified,4473008,22.9,12.0,0.0,0.0,0.0,0.0,3,17.0,31.7,207,Overcast,0,0,
57085,2021-10-30 11:00:00,40.741287,-73.8748,0,0,Unspecified,4472344,17.8,12.0,7.8,7.8,0.0,16.0,61,38.5,68.0,112,Rain: Light,0,0,
57086,2021-10-30 19:56:00,40.63132,-73.902336,2,0,Unspecified,4472513,17.8,12.0,7.8,7.8,0.0,16.0,61,38.5,68.0,112,Rain: Light,2,2,
57087,2021-10-29 21:50:00,40.636284,-73.97137,0,0,Unspecified,4473055,13.8,8.3,9.3,9.3,0.0,5.0,63,40.9,73.8,78,Rain: Moderate,0,0,
57088,2021-10-30 21:20:00,40.893623,-73.85525,0,0,Driver Inattention/Distraction,4472417,17.8,12.0,7.8,7.8,0.0,16.0,61,38.5,68.0,112,Rain: Light,0,0,
57089,2021-10-30 22:35:00,40.844982,-73.92067,0,0,Unspecified,4472879,17.8,12.0,7.8,7.8,0.0,16.0,61,38.5,68.0,112,Rain: Light,0,0,