,CRASH DATETIME,LATITUDE,LONGITUDE,NUMBER OF PERSONS INJURED,NUMBER OF PERSONS KILLED,CONTRIBUTING FACTOR VEHICLE 1,COLLISION_ID,temperature_2m_max,temperature_2m_min,precipitation_sum,rain_sum,snowfall_sum,precipitation_hours,weather_code,wind_speed_10m_max,wind_gusts_10m_max,wind_direction_10m_dominant,Weather Description,Severity_Score,Total_Affected_Persons,Weather_Category
57090,2021-10-30 18:00:00,40.694305,-73.91852,0,0,Unspecified,4472948,17.8,12.0,7.8,7.8,0.0,16.0,61,38.5,68.0,112,Rain: Light,0,0,
57091,2021-10-30 23:56:00,40.614452,-73.99161,1,0,Failure to Yield Right-of-Way,4472484,17.8,12.0,7.8,7.8,0.0,16.0,61,38.5,68.0,112,Rain: Light,1,1,
57092,2021-10-30 20:00:00,40.690125,-73.960266,0,0,Driver Inattention/Distraction,4473260,17.8,12.0,7.8,7.8,0.0,16.0,61,38.5,68.0,112,Rain: Light,0,0,
57093,2021-10-28 16:33:00,40.827984,-73.84329,0,0,Driver Inexperience,4473137,15.2,7.9,0.0,0.0,0.0,0.0,3,19.1,34.6,28,Overcast,0,0,
57094,2021-10-30 08:45:00,40.717987,-73.83632,2,0,Following Too Closely,4473038,17.8,12.0,7.8,7.8,0.0,16.0,61,38.5,68.0,112,Rain: Light,2,2,
57095,2021-10-30 02:35:00,40.82803,-73.934845,0,0,Unspecified,4472274,17.8,12.0,7.8,7.8,0.0,16.0,61,38.5,68.0,112,Rain: Light,0,0,
57096,2021-10-30 16:40:00,40.759678,-73.83236,1,0,Failure to Yield Right-of-Way,4472301,17.8,12.0,7.8,7.8,0.0,16.0,61,38.5,68.0,112,Rain: Light,1,1,
57097,2021-10-30 13:30:00,40.651733,-73.93039,1,0,Unspecified,4472709,17.8,12.0,7.8,7.8,0.0,16.0,61,38.5,68.0,112,Rain: Light,1,1,
57098,2021-10-30 11:15:00,40.722073,-73.882385,0,0,Unspecified,4473128,17.8,12.0,7.8,7.8,0.0,16.0,61,38.5,68.0,112,Rain: Light,0,0,
57099,2021-10-30 00:00:00,40.657,-73.91403,0,0,Unspecified,4472370,17.8,12.0,7.8,7.8,0.0,16.0,61,38.5,68.0,112,Rain: Light,0,0,
57100,2021-10-30 14:15:00,40.859253,-73.88674,1,0,Driver Inexperience,4472833,17.8,12.0,7.8,7.8,0.0,16.0,61,38.5,68.0,112,Rain: Light,1,1,
57101,2021-10-29 07:00:00,40.827927,-73.90094,0,0,Unspecified,4473065,13.8,8.3,9.3,9.3,0.0,5.0,63,40.9,73.8,78,Rain: Moderate,0,0,
57102,2021-10-30 19:00:00,40.69439,-73.93825,0,0,Unspecified,4472598,17.8,12.0,7.8,7.8,0.0,16.0,61,38.5,68.0,112,Rain: Light,0,0,
57103,2021-10-30 18:05:00,40.728603,-74.005325,0,0,Following Too Closely,4472725,17.8,12.0,7.8,7.8,0.0,16.0,61,38.5,68.0,112,Rain: Light,0,0,
57104,2021-10-30 02:15:00,40.690754,-73.79028,0,0,Driver Inexperience,4472289,17.8,12.0,7.8,7.8,0.0,16.0,61,38.5,68.0,112,Rain: Light,0,0,
57105,2021-10-30 23:00:00,40.627598,-73.93241,0,0,Unsafe Speed,4472454,17.8,12.0,7.8,7.8,0.0,16.0,61,38.5,68.0,112,Rain: Light,0,0,
57106,2021-10-30 08:00:00,40.715744,-73.98294,0,0,Other Vehicular,4473013,17.8,12.0,7.8,7.8,0.0,16.0,61,38.5,68.0,112,Rain: Light,0,0,
57107,2021-10-30 13:16:00,40.84796,-73.91444,1,0,Unsafe Speed,4472868,17.8,12.0,7.8,7.8,0.0,16.0,61,38.5,68.0,112,Rain: Light,1,1,
57108,2021-10-30 19:05:00,40.606266,-74.09274,2,0,Unspecified,4472357,17.8,12.0,7.8,7.8,0.0,16.0,61,38.5,68.0,112,Rain: Light,2,2,
57109,2021-10-30 20:40:00,40.738323,-73.8856,1,0,Driver Inattention/Distraction,4472462,17.8,12.0,7.8,7.8,0.0,16.0,61,38.5,68.0,112,Rain: Light,1,1,
57110,2021-10-30 09:30:00,40.64764,-73.977036,0,0,Unspecified,4473100,17.8,12.0,7.8,7.8,0.0,16.0,61,38.5,68.0,112,Rain: Light,0,0,
57111,2021-10-28 06:40:00,40.63379,-74.142784,0,0,Driver Inattention/Distraction,4472960,15.2,7.9,0.0,0.0,0.0,0.0,3,19.1,34.6,28,Overcast,0,0,
57112,2021-10-28 19:50:00,40.676743,-73.93316,1,0,,4473187,15.2,7.9,0.0,0.0,0.0,0.0,3,19.1,34.6,28,Overcast,1,1,
57113,2021-10-30 02:47:00,40.646923,-73.94818,0,0,Unspecified,4472703,17.8,12.0,7.8,7.8,0.0,16.0,61,38.5,68.0,112,Rain: Light,0,0,
57114,2021-10-30 02:53:00,40.721214,-73.75137,1,0,Fell Asleep,4472193,17.8,12.0,7.8,7.8,0.0,16.0,61,38.5,68.0,112,Rain: Light,1,1,
57115,2021-10-30 13:20:00,40.7118,-73.94224,1,0,Failure to Yield Right-of-Way,4472818,17.8,12.0,7.8,7.8,0.0,16.0,61,38.5,68.0,112,Rain: Light,1,1,
57116,2021-10-30 00:05:00,40.65698,-73.88943,0,0,Unspecified,4472757,17.8,12.0,7.8,7.8,0.0,16.0,61,38.5,68.0,112,Rain: Light,0,0,
57117,2021-10-30 04:55:00,40.69985,-73.90268,0,0,Alcohol Involvement,4472493,17.8,12.0,7.8,7.8,0.0,16.0,61,38.5,68.0,112,Rain: Light,0,0,
57118,2021-10-30 22:31:00,40.835297,-73.91291,0,0,Following Too Closely,4473241,17.8,12.0,7.8,7.8,0.0,16.0,61,38.5,68.0,112,Rain: Light,0,0,
57119,2021-10-30 12:25:00,40.74913,-73.98824,0,0,Unspecified,4473025,17.8,12.0,7.8,7.8,0.0,16.0,61,38.5,68.0,112,Rain: Light,0,0,
57120,2021-10-30 11:20:00,40.714928,-74.00795,1,0,Pedestrian/Bicyclist/Other Pedestrian Error/Confusion,4472542,17.8,12.0,7.8,7.8,0.0,16.0,61,38.5,68.0,112,Rain: Light,1,1,
57121,2021-10-30 22:30:00,40.635277,-74.15308,0,0,Driver Inattention/Distraction,4472961,17.8,12.0,7.8,7.8,0.0,16.0,61,38.5,68.0,112,Rain: Light,0,0,
57122,2021-09-27 11:55:00,40.678772,-73.72967,2,0,Following Too Closely,4461686,25.9,14.6,0.0,0.0,0.0,0.0,3,24.1,45.0,233,Overcast,2,2,
57123,2021-10-30 04:00:00,40.755516,-73.994774,0,0,Following Too Closely,4472392,17.8,12.0,7.8,7.8,0.0,16.0,61,38.5,68.0,112,Rain: Light,0,0,
57124,2021-10-30 03:20:00,40.757847,-73.78944,0,0,Driver Inattention/Distraction,4472835,17.8,12.0,7.8,7.8,0.0,16.0,61,38.5,68.0,112,Rain: Light,0,0,
57125,2021-10-30 12:00:00,40.596607,-73.99453,1,0,Driver Inattention/Distraction,4472934,17.8,12.0,7.8,7.8,0.0,16.0,61,38.5,68.0,112,Rain: Light,1,1,
57126,2021-10-30 00:00:00,40.731968,-73.88478,1,0,Pavement Slippery,4472461,17.8,12.0,7.8,7.8,0.0,16.0,61,38.5,68.0,112,Rain: Light,1,1,
57127,2021-10-30 10:00:00,40.67649,-73.89508,2,0,Driver Inattention/Distraction,4472761,17.8,12.0,7.8,7.8,0.0,16.0,61,38.5,68.0,112,Rain: Light,2,2,
57128,2021-10-30 01:05:00,40.764824,-73.87879,0,0,Driver Inattention/Distraction,4472207,17.8,12.0,7.8,7.8,0.0,16.0,61,38.5,68.0,112,Rain: Light,0,0,
57129,2021-10-30 08:55:00,40.693295,-73.93412,0,0,Unspecified,4472571,17.8,12.0,7.8,7.8,0.0,16.0,61,38.5,68.0,112,Rain: Light,0,0,
57130,2021-10-30 09:36:00,40.65929,-73.95249,0,0,Driver Inattention/Distraction,4472306,17.8,12.0,7.8,7.8,0.0,16.0,61,38.5,68.0,112,Rain: Light,0,0,
57131,2021-10-30 22:31:00,40.685116,-73.870514,1,0,Unsafe Speed,4472590,17.8,12.0,7.8,7.8,0.0,16.0,61,38.5,68.0,112,Rain: Light,1,1,
57132,2021-10-30 04:02:00,40.686077,-74.00038,0,0,Following Too Closely,4472376,17.8,12.0,7.8,7.8,0.0,16.0,61,38.5,68.0,112,Rain: Light,0,0,
57133,2021-10-30 20:59:00,40.89074,-73.84,0,0,Traffic Control Disregarded,4472565,17.8,12.0,7.8,7.8,0.0,16.0,61,38.5,68.0,112,Rain: Light,0,0,
57134,2021-10-27 15:15:00,40.7614,-73.91149,0,0,Reaction to Uninvolved Vehicle,4472982,16.1,12.2,6.6,6.6,0.0,6.0,61,33.3,63.0,359,Rain: Light,0,0,
57135,2021-10-30 02:30:00,40.696167,-73.97721,1,0,Passing Too Closely,4472487,17.8,12.0,7.8,7.8,0.0,16.0,61,38.5,68.0,112,Rain: Light,1,1,
57136,2021-10-29 12:10:00,40.72609,-73.99623,1,0,Driver Inattention/Distraction,4473001,13.8,8.3,9.3,9.3,0.0,5.0,63,40.9,73.8,78,Rain: Moderate,1,1,
57137,2021-10-30 00:40:00,40.667076,-73.99508,0,0,Unspecified,4472182,17.8,12.0,7.8,7.8,0.0,16.0,61,38.5,68.0,112,Rain: Light,0,0,
57138,2021-10-29 00:08:00,40.76975,-73.96061,0,0,Passing or Lane Usage Improper,4473049,13.8,8.3,9.3,9.3,0.0,5.0,63,40.9,73.8,78,Rain: Moderate,0,0,
57139,2021-10-30 05:18:00,40.846863,-73.90142,1,0,Unspecified,4472910,17.8,12.0,7.8,7.8,0.0,16.0,61,38.5,68.0,112,Rain: Light,1,1,
57140,2021-10-30 11:30:00,40.70559,-73.85824,1,0,Following Too Closely,4473130,17.8,12.0,7.8,7.8,0.0,16.0,61,38.5,68.0,112,Rain: Light,1,1,
57141,2021-10-30 19:35:00,40.731125,-74.004234,1,0,Following Too Closely,4472726,17.8,12.0,7.8,7.8,0.0,16.0,61,38.5,68.0,112,Rain: Light,1,1,
57142,2021-10-30 05:00:00,40.734924,-73.92312,1,0,Pavement Slippery,4472288,17.8,12.0,7.8,7.8,0.0,16.0,61,38.5,68.0,112,Rain: Light,1,1,
57143,2021-10-30 02:58:00,40.753693,-73.89831,3,0,Alcohol Involvement,4472290,17.8,12.0,7.8,7.8,0.0,16.0,61,38.5,68.0,112,Rain: Light,3,3,
57144,2021-10-30 06:30:00,40.63165,-74.08762,0,0,Unspecified,4472647,17.8,12.0,7.8,7.8,0.0,16.0,61,38.5,68.0,112,Rain: Light,0,0,
57145,2021-10-30 05:00:00,40.73261,-73.8686,0,0,Passing Too Closely,4473043,17.8,12.0,7.8,7.8,0.0,16.0,61,38.5,68.0,112,Rain: Light,0,0,
57146,2021-10-30 00:15:00,40.583626,-73.98407,0,0,Driver Inattention/Distraction,4472312,17.8,12.0,7.8,7.8,0.0,16.0,61,38.5,68.0,112,Rain: Light,0,0,
57147,2021-10-30 19:15:00,40.642033,-73.925446,0,0,Driver Inattention/Distraction,4472710,17.8,12.0,7.8,7.8,0.0,16.0,61,38.5,68.0,112,Rain: Light,0,0,
57148,2021-10-30 17:12:00,40.609344,-73.923256,0,0,Failure to Yield Right-of-Way,4473077,17.8,12.0,7.8,7.8,0.0,16.0,61,38.5,68.0,112,Rain: Light,0,0,
57149,2021-10-30 13:00:00,40.698055,-73.7877,0,0,Driver Inattention/Distraction,4472355,17.8,12.0,7.8,7.8,0.0,16.0,61,38.5,68.0,112,Rain: Light,0,0,
57150,2021-10-30 22:05:00,40.679893,-73.85066,0,0,Driver Inattention/Distraction,4472790,17.8,12.0,7.8,7.8,0.0,16.0,61,38.5,68.0,112,Rain: Light,0,0,
57151,2021-10-30 21:30:00,40.802784,-73.96526,0,0,Passing Too Closely,4473121,17.8,12.0,7.8,7.8,0.0,16.0,61,38.5,68.0,112,Rain: Light,0,0,
57152,2021-10-30 05:03:00,40.6707,-73.77366,0,0,Traffic Control Disregarded,4472218,17.8,12.0,7.8,7.8,0.0,16.0,61,38.5,68.0,112,Rain: Light,0,0,
57153,2021-10-30 23:39:00,40.673515,-73.875885,1,0,,4472764,17.8,12.0,7.8,7.8,0.0,16.0,61,38.5,68.0,112,Rain: Light,1,1,
57154,2021-10-30 19:28:00,40.705887,-73.94297,1,0,,4472831,17.8,12.0,7.8,7.8,0.0,16.0,61,38.5,68.0,112,Rain: Light,1,1,
57155,2021-10-30 17:10:00,40.816193,-73.895996,0,0,Unspecified,4472311,17.8,12.0,7.8,7.8,0.0,16.0,61,38.5,68.0,112,Rain: Light,0,0,
57156,2021-10-30 20:01:00,40.63291,-73.97957,0,0,Unspecified,4472516,17.8,12.0,7.8,7.8,0.0,16.0,61,38.5,68.0,112,Rain: Light,0,0,
57157,2021-10-30 17:50:00,40.876995,-73.84652,0,0,Driver Inattention/Distraction,4472908,17.8,12.0,7.8,7.8,0.0,16.0,61,38.5,68.0,112,Rain: Light,0,0,
57158,2021-10-30 10:15:00,40.788982,-73.93039,2,0,Pavement Slippery,4473035,17.8,12.0,7.8,7.8,0.0,16.0,61,38.5,68.0,112,Rain: Light,2,2,
57159,2021-10-30 21:29:00,40.67626,-74.01418,2,0,Passing or Lane Usage Improper,4472371,17.8,12.0,7.8,7.8,0.0,16.0,61,38.5,68.0,112,Rain: Light,2,2,
57160,2021-10-30 03:50:00,40.698486,-73.92144,0,0,Driver Inattention/Distraction,4472204,17.8,12.0,7.8,7.8,0.0,16.0,61,38.5,68.0,112,Rain: Light,0,0,
57161,2021-10-30 06:55:00,40.81175,-73.93144,0,0,Following Too Closely,4472334,17.8,12.0,7.8,7.8,0.0,16.0,61,38.5,68.0,112,Rain: Light,0,0,
57162,2021-10-27 11:50:00,40.665257,-73.739555,0,0,Failure to Yield Right-of-Way,4473176,16.1,12.2,6.6,6.6,0.0,6.0,61,33.3,63.0,359,Rain: Light,0,0,
57163,2021-05-24 00:27:00,40.680687,-73.84459,0,2,Unspecified,4420041,18.9,13.7,0.0,0.0,0.0,0.0,3,22.4,44.3,126,Overcast,40,2,
57164,2021-07-15 06:18:00,40.77304,-73.83052,1,0,Unsafe Speed,4437381,29.3,21.2,0.1,0.1,0.0,1.0,51,13.7,27.4,212,Drizzle: Light,1,1,
57165,2021-07-17 22:20:00,40.75458,-73.89467,3,0,Following Too Closely,4438736,30.8,23.3,5.1,5.1,0.0,5.0,61,17.8,36.4,201,Rain: Light,3,3,
57166,2021-07-20 18:00:00,40.7123,-73.98993,0,0,Backing Unsafely,4438905,30.9,21.1,0.0,0.0,0.0,0.0,1,13.3,26.6,283,Mainly clear,0,0,Sunny/Clear Conditions
57167,2021-07-20 10:30:00,40.610474,-74.08659,0,0,Unspecified,4439088,30.9,21.1,0.0,0.0,0.0,0.0,1,13.3,26.6,283,Mainly clear,0,0,Sunny/Clear Conditions
57168,2021-07-20 21:00:00,40.70109,-73.94502,0,0,Traffic Control Disregarded,4438982,30.9,21.1,0.0,0.0,0.0,0.0,1,13.3,26.6,283,Mainly clear,0,0,Sunny/Clear Conditions
57169,2021-07-20 20:18:00,40.69165,-73.779205,1,0,Unspecified,4439491,30.9,21.1,0.0,0.0,0.0,0.0,1,13.3,26.6,283,Mainly clear,1,1,Sunny/Clear Conditions
57170,2021-07-16 15:41:00,40.87656,-73.90436,1,0,Unspecified,4439466,32.3,23.2,0.3,0.3,0.0,3.0,51,12.3,33.1,238,Drizzle: Light,1,1,
57171,2021-07-20 01:01:00,40.64906,-73.91326,2,0,Passing or Lane Usage Improper,4438628,30.9,21.1,0.0,0.0,0.0,0.0,1,13.3,26.6,283,Mainly clear,2,2,Sunny/Clear Conditions
57172,2021-07-20 18:05:00,40.575165,-73.98542,2,0,Passing or Lane Usage Improper,4438954,30.9,21.1,0.0,0.0,0.0,0.0,1,13.3,26.6,283,Mainly clear,2,2,Sunny/Clear Conditions
57173,2021-07-20 10:50:00,40.702736,-73.80229,1,0,Unspecified,4439214,30.9,21.1,0.0,0.0,0.0,0.0,1,13.3,26.6,283,Mainly clear,1,1,Sunny/Clear Conditions
57174,2021-07-20 13:45:00,40.775383,-73.923035,0,0,Failure to Yield Right-of-Way,4439013,30.9,21.1,0.0,0.0,0.0,0.0,1,13.3,26.6,283,Mainly clear,0,0,Sunny/Clear Conditions
57175,2021-07-20 01:00:00,40.840496,-73.94599,0,0,Reaction to Uninvolved Vehicle,4439424,30.9,21.1,0.0,0.0,0.0,0.0,1,13.3,26.6,283,Mainly clear,0,0,Sunny/Clear Conditions
57176,2021-07-20 03:55:00,40.6901,-73.83693,1,0,Driver Inattention/Distraction,4438684,30.9,21.1,0.0,0.0,0.0,0.0,1,13.3,26.6,283,Mainly clear,1,1,Sunny/Clear Conditions
57177,2021-07-20 10:00:00,40.692997,-73.83952,0,0,Passing Too Closely,4439027,30.9,21.1,0.0,0.0,0.0,0.0,1,13.3,26.6,283,Mainly clear,0,0,Sunny/Clear Conditions
57178,2021-07-14 06:45:00,40.69997,-73.76351,0,0,Passing Too Closely,4439489,30.6,21.5,0.8,0.8,0.0,3.0,53,14.5,36.0,191,Drizzle: Moderate,0,0,
57179,2021-07-18 18:37:00,40.78006,-73.988174,1,0,Steering Failure,4439582,28.4,23.1,12.4,12.4,0.0,10.0,63,19.6,39.2,232,Rain: Moderate,1,1,
57180,2021-07-20 11:54:00,40.559437,-74.12481,1,0,Driver Inattention/Distraction,4439377,30.9,21.1,0.0,0.0,0.0,0.0,1,13.3,26.6,283,Mainly clear,1,1,Sunny/Clear Conditions
57181,2021-07-20 00:30:00,40.770283,-73.86806,1,0,Steering Failure,4438742,30.9,21.1,0.0,0.0,0.0,0.0,1,13.3,26.6,283,Mainly clear,1,1,Sunny/Clear Conditions
57182,2021-10-30 12:00:00,40.789497,-73.78225,0,0,Reaction to Uninvolved Vehicle,4472321,17.8,12.0,7.8,7.8,0.0,16.0,61,38.5,68.0,112,Rain: Light,0,0,
57183,2021-07-20 12:58:00,40.857277,-73.888466,0,0,Driver Inattention/Distraction,4439114,30.9,21.1,0.0,0.0,0.0,0.0,1,13.3,26.6,283,Mainly clear,0,0,Sunny/Clear Conditions
57184,2021-07-20 18:00:00,40.860954,-73.92651,0,0,Driver Inattention/Distraction,4439152,30.9,21.1,0.0,0.0,0.0,0.0,1,13.3,26.6,283,Mainly clear,0,0,Sunny/Clear Conditions
57185,2021-07-20 18:02:00,40.63551,-73.90829,0,0,Unspecified,4439239,30.9,21.1,0.0,0.0,0.0,0.0,1,13.3,26.6,283,Mainly clear,0,0,Sunny/Clear Conditions
57186,2021-07-20 21:50:00,40.58227,-73.98612,2,0,Unsafe Lane Changing,4439322,30.9,21.1,0.0,0.0,0.0,0.0,1,13.3,26.6,283,Mainly clear,2,2,Sunny/Clear Conditions
57187,2021-07-20 12:45:00,40.836544,-73.87365,1,0,Following Too Closely,4438844,30.9,21.1,0.0,0.0,0.0,0.0,1,13.3,26.6,283,Mainly clear,1,1,Sunny/Clear Conditions
57188,2021-07-20 00:55:00,40.7265,-73.75571,0,0,Unsafe Speed,4438800,30.9,21.1,0.0,0.0,0.0,0.0,1,13.3,26.6,283,Mainly clear,0,0,Sunny/Clear Conditions
57189,2021-07-20 17:14:00,40.802395,-73.936775,0,0,Unspecified,4438838,30.9,21.1,0.0,0.0,0.0,0.0,1,13.3,26.6,283,Mainly clear,0,0,Sunny/Clear Conditions
57190,2021-07-20 06:40:00,40.73442,-73.92238,0,0,Other Vehicular,4438801,30.9,21.1,0.0,0.0,0.0,0.0,1,13.3,26.6,283,Mainly clear,0,0,Sunny/Clear Conditions
57191,2021-07-10 02:20:00,40.5659,-74.19375,1,0,Unsafe Speed,4439526,25.5,20.7,0.5,0.5,0.0,3.0,51,14.5,29.9,1,Drizzle: Light,1,1,
57192,2021-07-20 22:46:00,40.8018,-73.96108,0,0,Driver Inattention/Distraction,4438871,30.9,21.1,0.0,0.0,0.0,0.0,1,13.3,26.6,283,Mainly clear,0,0,Sunny/Clear Conditions
57193,2021-07-20 10:50:00,40.707237,-73.79271,0,0,Unspecified,4438770,30.9,21.1,0.0,0.0,0.0,0.0,1,13.3,26.6,283,Mainly clear,0,0,Sunny/Clear Conditions
57194,2021-07-20 23:03:00,40.63529,-73.958206,2,0,Unspecified,4439319,30.9,21.1,0.0,0.0,0.0,0.0,1,13.3,26.6,283,Mainly clear,2,2,Sunny/Clear Conditions
57195,2021-07-20 02:00:00,40.84869,-73.90329,1,0,Traffic Control Disregarded,4439004,30.9,21.1,0.0,0.0,0.0,0.0,1,13.3,26.6,283,Mainly clear,1,1,Sunny/Clear Conditions
57196,2021-07-20 17:26:00,40.637817,-73.99073,0,0,Unspecified,4439046,30.9,21.1,0.0,0.0,0.0,0.0,1,13.3,26.6,283,Mainly clear,0,0,Sunny/Clear Conditions
57197,2021-07-20 19:20:00,40.83664,-73.84954,0,0,Unspecified,4439362,30.9,21.1,0.0,0.0,0.0,0.0,1,13.3,26.6,283,Mainly clear,0,0,Sunny/Clear Conditions
57198,2021-07-20 14:46:00,40.66638,-73.9244,1,0,Driver Inattention/Distraction,4439165,30.9,21.1,0.0,0.0,0.0,0.0,1,13.3,26.6,283,Mainly clear,1,1,Sunny/Clear Conditions
57199,2021-07-19 19:59:00,40.757313,-73.93927,0,0,Driver Inattention/Distraction,4439352,27.5,20.8,0.5,0.5,0.0,2.0,51,12.8,29.9,307,Drizzle: Light,0,0,
57200,2021-07-20 09:00:00,40.603054,-74.00825,0,0,Driver Inattention/Distraction,4438792,30.9,21.1,0.0,0.0,0.0,0.0,1,13.3,26.6,283,Mainly clear,0,0,Sunny/Clear Conditions
57201,2021-07-20 10:00:00,40.7122,-73.768486,0,0,Passing or Lane Usage Improper,4438857,30.9,21.1,0.0,0.0,0.0,0.0,1,13.3,26.6,283,Mainly clear,0,0,Sunny/Clear Conditions
57202,2021-07-20 06:35:00,40.82895,-73.89191,0,0,Driver Inattention/Distraction,4438968,30.9,21.1,0.0,0.0,0.0,0.0,1,13.3,26.6,283,Mainly clear,0,0,Sunny/Clear Conditions
57203,2021-07-20 22:00:00,40.597267,-73.998665,0,0,Driver Inattention/Distraction,4439151,30.9,21.1,0.0,0.0,0.0,0.0,1,13.3,26.6,283,Mainly clear,0,0,Sunny/Clear Conditions
57204,2021-07-19 21:59:00,40.839867,-73.94064,0,0,Passing Too Closely,4439446,27.5,20.8,0.5,0.5,0.0,2.0,51,12.8,29.9,307,Drizzle: Light,0,0,
57205,2021-07-20 18:15:00,40.76471,-73.830696,1,0,Backing Unsafely,4438879,30.9,21.1,0.0,0.0,0.0,0.0,1,13.3,26.6,283,Mainly clear,1,1,Sunny/Clear Conditions
57206,2021-07-20 23:47:00,40.67461,-73.80428,0,0,Failure to Yield Right-of-Way,4438923,30.9,21.1,0.0,0.0,0.0,0.0,1,13.3,26.6,283,Mainly clear,0,0,Sunny/Clear Conditions
57207,2021-07-19 15:00:00,40.807335,-73.94656,0,0,Unspecified,4439547,27.5,20.8,0.5,0.5,0.0,2.0,51,12.8,29.9,307,Drizzle: Light,0,0,
57208,2021-07-20 13:00:00,40.737537,-73.75674,0,0,Unspecified,4438816,30.9,21.1,0.0,0.0,0.0,0.0,1,13.3,26.6,283,Mainly clear,0,0,Sunny/Clear Conditions
57209,2021-07-19 15:00:00,40.834904,-73.94111,0,0,Driver Inattention/Distraction,4439419,27.5,20.8,0.5,0.5,0.0,2.0,51,12.8,29.9,307,Drizzle: Light,0,0,
57210,2021-07-20 21:15:00,40.748478,-73.89081,0,0,Driver Inattention/Distraction,4439194,30.9,21.1,0.0,0.0,0.0,0.0,1,13.3,26.6,283,Mainly clear,0,0,Sunny/Clear Conditions
57211,2021-07-20 14:50:00,40.764965,-73.978714,0,0,Following Too Closely,4439298,30.9,21.1,0.0,0.0,0.0,0.0,1,13.3,26.6,283,Mainly clear,0,0,Sunny/Clear Conditions
57212,2021-07-14 11:00:00,40.681805,-73.94987,0,0,Driver Inattention/Distraction,4439403,30.6,21.5,0.8,0.8,0.0,3.0,53,14.5,36.0,191,Drizzle: Moderate,0,0,
57213,2021-07-18 21:30:00,40.67632,-73.763435,0,0,Turning Improperly,4439510,28.4,23.1,12.4,12.4,0.0,10.0,63,19.6,39.2,232,Rain: Moderate,0,0,
57214,2021-07-20 12:12:00,40.70839,-73.939964,0,0,Turning Improperly,4438998,30.9,21.1,0.0,0.0,0.0,0.0,1,13.3,26.6,283,Mainly clear,0,0,Sunny/Clear Conditions
57215,2021-07-18 11:05:00,40.651733,-73.95806,0,0,Passing or Lane Usage Improper,4439475,28.4,23.1,12.4,12.4,0.0,10.0,63,19.6,39.2,232,Rain: Moderate,0,0,
57216,2021-07-20 21:35:00,40.755516,-73.98363,1,0,Pedestrian/Bicyclist/Other Pedestrian Error/Confusion,4439029,30.9,21.1,0.0,0.0,0.0,0.0,1,13.3,26.6,283,Mainly clear,1,1,Sunny/Clear Conditions
57217,2021-07-20 23:15:00,40.87072,-73.894455,0,0,Unsafe Speed,4438941,30.9,21.1,0.0,0.0,0.0,0.0,1,13.3,26.6,283,Mainly clear,0,0,Sunny/Clear Conditions
57218,2021-07-20 08:10:00,40.684227,-73.93531,0,0,Unspecified,4439141,30.9,21.1,0.0,0.0,0.0,0.0,1,13.3,26.6,283,Mainly clear,0,0,Sunny/Clear Conditions
57219,2021-07-20 22:38:00,40.773655,-73.95173,0,0,Backing Unsafely,4438888,30.9,21.1,0.0,0.0,0.0,0.0,1,13.3,26.6,283,Mainly clear,0,0,Sunny/Clear Conditions
57220,2021-07-19 15:42:00,40.798584,-73.93353,2,0,Following Too Closely,4439429,27.5,20.8,0.5,0.5,0.0,2.0,51,12.8,29.9,307,Drizzle: Light,2,2,
57221,2021-07-20 20:19:00,40.65407,-73.882195,0,0,Unspecified,4439073,30.9,21.1,0.0,0.0,0.0,0.0,1,13.3,26.6,283,Mainly clear,0,0,Sunny/Clear Conditions
57222,2021-07-20 19:25:00,40.576706,-73.972824,0,0,Unsafe Speed,4438957,30.9,21.1,0.0,0.0,0.0,0.0,1,13.3,26.6,283,Mainly clear,0,0,Sunny/Clear Conditions
57223,2021-07-20 09:30:00,40.62887,-74.07652,4,0,Driver Inattention/Distraction,4439078,30.9,21.1,0.0,0.0,0.0,0.0,1,13.3,26.6,283,Mainly clear,4,4,Sunny/Clear Conditions
57224,2021-07-20 17:34:00,40.753284,-73.90691,1,0,Failure to Yield Right-of-Way,4439014,30.9,21.1,0.0,0.0,0.0,0.0,1,13.3,26.6,283,Mainly clear,1,1,Sunny/Clear Conditions
57225,2021-07-11 17:00:00,40.669144,-73.76591,0,0,Alcohol Involvement,4439484,24.9,19.8,2.5,2.5,0.0,9.0,53,15.8,35.3,141,Drizzle: Moderate,0,0,
57226,2021-07-20 01:40:00,40.731346,-73.917435,0,0,Driver Inattention/Distraction,4438634,30.9,21.1,0.0,0.0,0.0,0.0,1,13.3,26.6,283,Mainly clear,0,0,Sunny/Clear Conditions
57227,2021-07-20 15:45:00,40.65903,-73.84087,0,0,Traffic Control Disregarded,4438917,30.9,21.1,0.0,0.0,0.0,0.0,1,13.3,26.6,283,Mainly clear,0,0,Sunny/Clear Conditions
57228,2021-07-17 22:00:00,40.85931,-73.89208,0,0,Driver Inattention/Distraction,4439388,30.8,23.3,5.1,5.1,0.0,5.0,61,17.8,36.4,201,Rain: Light,0,0,