,CRASH DATETIME,LATITUDE,LONGITUDE,NUMBER OF PERSONS INJURED,NUMBER OF PERSONS KILLED,CONTRIBUTING FACTOR VEHICLE 1,COLLISION_ID,temperature_2m_max,temperature_2m_min,precipitation_sum,rain_sum,snowfall_sum,precipitation_hours,weather_code,wind_speed_10m_max,wind_gusts_10m_max,wind_direction_10m_dominant,Weather Description,Severity_Score,Total_Affected_Persons,Weather_Category
57229,2021-07-20 15:50:00,40.680504,-73.8829,0,0,Driver Inexperience,4439463,30.9,21.1,0.0,0.0,0.0,0.0,1,13.3,26.6,283,Mainly clear,0,0,Sunny/Clear Conditions
57230,2021-07-20 00:08:00,40.750988,-73.99063,2,0,Other Vehicular,4438687,30.9,21.1,0.0,0.0,0.0,0.0,1,13.3,26.6,283,Mainly clear,2,2,Sunny/Clear Conditions
57231,2021-07-20 16:38:00,40.643776,-73.913765,0,0,Unspecified,4439490,30.9,21.1,0.0,0.0,0.0,0.0,1,13.3,26.6,283,Mainly clear,0,0,Sunny/Clear Conditions
57232,2021-07-20 20:35:00,40.626072,-73.923744,0,0,Driver Inattention/Distraction,4438883,30.9,21.1,0.0,0.0,0.0,0.0,1,13.3,26.6,283,Mainly clear,0,0,Sunny/Clear Conditions
57233,2021-07-20 18:30:00,40.62356,-73.927376,1,0,Failure to Yield Right-of-Way,4439019,30.9,21.1,0.0,0.0,0.0,0.0,1,13.3,26.6,283,Mainly clear,1,1,Sunny/Clear Conditions
57234,2021-07-20 23:34:00,40.60597,-73.75891,0,0,Unspecified,4439591,30.9,21.1,0.0,0.0,0.0,0.0,1,13.3,26.6,283,Mainly clear,0,0,Sunny/Clear Conditions
57235,2021-07-20 16:30:00,40.763023,-73.97815,0,0,Unspecified,4438944,30.9,21.1,0.0,0.0,0.0,0.0,1,13.3,26.6,283,Mainly clear,0,0,Sunny/Clear Conditions
57236,2021-07-17 12:00:00,40.589066,-74.138626,0,0,,4439376,30.8,23.3,5.1,5.1,0.0,5.0,61,17.8,36.4,201,Rain: Light,0,0,
57237,2021-07-18 11:21:00,40.75631,-73.87338,0,0,Unspecified,4439428,28.4,23.1,12.4,12.4,0.0,10.0,63,19.6,39.2,232,Rain: Moderate,0,0,
57238,2021-07-20 18:30:00,40.741222,-73.85374,0,0,Driver Inattention/Distraction,4438984,30.9,21.1,0.0,0.0,0.0,0.0,1,13.3,26.6,283,Mainly clear,0,0,Sunny/Clear Conditions
57239,2021-07-19 22:25:00,40.79916,-73.95176,0,0,Unsafe Lane Changing,4439546,27.5,20.8,0.5,0.5,0.0,2.0,51,12.8,29.9,307,Drizzle: Light,0,0,
57240,2021-07-20 03:30:00,40.700836,-73.99495,1,0,Following Too Closely,4438814,30.9,21.1,0.0,0.0,0.0,0.0,1,13.3,26.6,283,Mainly clear,1,1,Sunny/Clear Conditions
57241,2021-07-20 16:37:00,40.716938,-73.85715,0,0,Turning Improperly,4438839,30.9,21.1,0.0,0.0,0.0,0.0,1,13.3,26.6,283,Mainly clear,0,0,Sunny/Clear Conditions
57242,2021-07-20 22:30:00,40.618973,-74.00523,0,0,Following Too Closely,4439356,30.9,21.1,0.0,0.0,0.0,0.0,1,13.3,26.6,283,Mainly clear,0,0,Sunny/Clear Conditions
57243,2021-07-20 17:25:00,40.64059,-74.08029,1,0,Driver Inattention/Distraction,4439087,30.9,21.1,0.0,0.0,0.0,0.0,1,13.3,26.6,283,Mainly clear,1,1,Sunny/Clear Conditions
57244,2021-07-20 18:00:00,40.756493,-73.85881,0,0,Reaction to Uninvolved Vehicle,4439196,30.9,21.1,0.0,0.0,0.0,0.0,1,13.3,26.6,283,Mainly clear,0,0,Sunny/Clear Conditions
57245,2021-07-20 12:08:00,40.747765,-73.98296,1,0,Passing or Lane Usage Improper,4438822,30.9,21.1,0.0,0.0,0.0,0.0,1,13.3,26.6,283,Mainly clear,1,1,Sunny/Clear Conditions
57246,2021-07-20 14:10:00,40.843678,-73.89426,2,0,Following Too Closely,4438966,30.9,21.1,0.0,0.0,0.0,0.0,1,13.3,26.6,283,Mainly clear,2,2,Sunny/Clear Conditions
57247,2021-07-14 12:57:00,40.625786,-73.92832,1,0,Failure to Yield Right-of-Way,4439447,30.6,21.5,0.8,0.8,0.0,3.0,53,14.5,36.0,191,Drizzle: Moderate,1,1,
57248,2021-07-20 01:00:00,40.66647,-73.95659,1,0,Driver Inattention/Distraction,4439509,30.9,21.1,0.0,0.0,0.0,0.0,1,13.3,26.6,283,Mainly clear,1,1,Sunny/Clear Conditions
57249,2021-07-20 14:58:00,40.7464,-74.00511,1,0,Driver Inattention/Distraction,4438898,30.9,21.1,0.0,0.0,0.0,0.0,1,13.3,26.6,283,Mainly clear,1,1,Sunny/Clear Conditions
57250,2021-07-20 08:05:00,40.68879,-73.91691,2,0,Driver Inattention/Distraction,4438973,30.9,21.1,0.0,0.0,0.0,0.0,1,13.3,26.6,283,Mainly clear,2,2,Sunny/Clear Conditions
57251,2021-06-07 14:20:00,40.76278,-73.873955,1,0,,4439435,31.0,20.7,0.1,0.1,0.0,1.0,51,16.5,34.9,204,Drizzle: Light,1,1,
57252,2021-07-20 18:55:00,40.678993,-73.90904,0,0,Unspecified,4439162,30.9,21.1,0.0,0.0,0.0,0.0,1,13.3,26.6,283,Mainly clear,0,0,Sunny/Clear Conditions
57253,2021-07-19 06:48:00,40.743427,-73.775475,0,0,Following Too Closely,4439351,27.5,20.8,0.5,0.5,0.0,2.0,51,12.8,29.9,307,Drizzle: Light,0,0,
57254,2021-07-20 19:44:00,40.641182,-73.944664,6,0,Failure to Yield Right-of-Way,4438873,30.9,21.1,0.0,0.0,0.0,0.0,1,13.3,26.6,283,Mainly clear,6,6,Sunny/Clear Conditions
57255,2021-07-20 21:00:00,40.702477,-73.8157,0,0,Following Too Closely,4439211,30.9,21.1,0.0,0.0,0.0,0.0,1,13.3,26.6,283,Mainly clear,0,0,Sunny/Clear Conditions
57256,2021-07-20 20:23:00,40.818233,-73.95273,0,0,Driver Inexperience,4439105,30.9,21.1,0.0,0.0,0.0,0.0,1,13.3,26.6,283,Mainly clear,0,0,Sunny/Clear Conditions
57257,2021-07-20 23:29:00,40.835724,-73.92129,0,0,Failure to Yield Right-of-Way,4439003,30.9,21.1,0.0,0.0,0.0,0.0,1,13.3,26.6,283,Mainly clear,0,0,Sunny/Clear Conditions
57258,2021-07-20 21:40:00,40.666008,-73.789536,0,0,Passing or Lane Usage Improper,4439520,30.9,21.1,0.0,0.0,0.0,0.0,1,13.3,26.6,283,Mainly clear,0,0,Sunny/Clear Conditions
57259,2021-10-28 07:18:00,40.78853,-73.943474,0,0,Unspecified,4473269,15.2,7.9,0.0,0.0,0.0,0.0,3,19.1,34.6,28,Overcast,0,0,
57260,2021-07-19 16:29:00,40.802162,-73.939026,1,0,Driver Inattention/Distraction,4439437,27.5,20.8,0.5,0.5,0.0,2.0,51,12.8,29.9,307,Drizzle: Light,1,1,
57261,2021-07-20 14:45:00,40.77008,-73.94784,0,0,Unspecified,4438922,30.9,21.1,0.0,0.0,0.0,0.0,1,13.3,26.6,283,Mainly clear,0,0,Sunny/Clear Conditions
57262,2021-07-16 15:00:00,40.745815,-73.945656,1,0,Driver Inattention/Distraction,4439404,32.3,23.2,0.3,0.3,0.0,3.0,51,12.3,33.1,238,Drizzle: Light,1,1,
57263,2021-07-20 08:29:00,40.6915,-73.90956,0,0,Passing Too Closely,4438972,30.9,21.1,0.0,0.0,0.0,0.0,1,13.3,26.6,283,Mainly clear,0,0,Sunny/Clear Conditions
57264,2021-07-20 23:30:00,40.84482,-73.837,0,0,Driver Inexperience,4439232,30.9,21.1,0.0,0.0,0.0,0.0,1,13.3,26.6,283,Mainly clear,0,0,Sunny/Clear Conditions
57265,2021-07-20 01:35:00,40.625004,-74.14762,0,0,Driver Inattention/Distraction,4438757,30.9,21.1,0.0,0.0,0.0,0.0,1,13.3,26.6,283,Mainly clear,0,0,Sunny/Clear Conditions
57266,2021-07-20 23:20:00,40.66725,-73.88799,0,0,Unsafe Speed,4439062,30.9,21.1,0.0,0.0,0.0,0.0,1,13.3,26.6,283,Mainly clear,0,0,Sunny/Clear Conditions
57267,2021-07-20 12:30:00,40.825954,-73.859566,3,0,Driver Inattention/Distraction,4438843,30.9,21.1,0.0,0.0,0.0,0.0,1,13.3,26.6,283,Mainly clear,3,3,Sunny/Clear Conditions
57268,2021-07-20 15:28:00,40.661026,-73.88493,1,0,Failure to Yield Right-of-Way,4439080,30.9,21.1,0.0,0.0,0.0,0.0,1,13.3,26.6,283,Mainly clear,1,1,Sunny/Clear Conditions
57269,2021-07-20 11:00:00,40.67215,-73.843185,1,0,Backing Unsafely,4438916,30.9,21.1,0.0,0.0,0.0,0.0,1,13.3,26.6,283,Mainly clear,1,1,Sunny/Clear Conditions
57270,2021-07-20 17:00:00,40.663776,-73.889915,1,0,Traffic Control Disregarded,4439061,30.9,21.1,0.0,0.0,0.0,0.0,1,13.3,26.6,283,Mainly clear,1,1,Sunny/Clear Conditions
57271,2021-07-19 21:51:00,40.86313,-73.92575,1,0,Unsafe Speed,4439471,27.5,20.8,0.5,0.5,0.0,2.0,51,12.8,29.9,307,Drizzle: Light,1,1,
57272,2021-07-20 21:40:00,40.864655,-73.813866,0,0,Unspecified,4438993,30.9,21.1,0.0,0.0,0.0,0.0,1,13.3,26.6,283,Mainly clear,0,0,Sunny/Clear Conditions
57273,2021-07-20 20:40:00,40.660362,-73.77553,0,0,Unspecified,4439485,30.9,21.1,0.0,0.0,0.0,0.0,1,13.3,26.6,283,Mainly clear,0,0,Sunny/Clear Conditions
57274,2021-07-20 00:45:00,40.731983,-73.91912,1,0,Other Vehicular,4438635,30.9,21.1,0.0,0.0,0.0,0.0,1,13.3,26.6,283,Mainly clear,1,1,Sunny/Clear Conditions
57275,2021-07-15 03:36:00,40.78542,-73.98399,0,0,Following Too Closely,4439579,29.3,21.2,0.1,0.1,0.0,1.0,51,13.7,27.4,212,Drizzle: Light,0,0,
57276,2021-07-18 14:10:00,40.603275,-73.99606,0,0,Following Too Closely,4439387,28.4,23.1,12.4,12.4,0.0,10.0,63,19.6,39.2,232,Rain: Moderate,0,0,
57277,2021-07-20 18:05:00,40.74931,-73.88517,0,0,Driver Inattention/Distraction,4439197,30.9,21.1,0.0,0.0,0.0,0.0,1,13.3,26.6,283,Mainly clear,0,0,Sunny/Clear Conditions
57278,2021-07-20 10:34:00,40.70021,-73.737495,3,0,Driver Inattention/Distraction,4438821,30.9,21.1,0.0,0.0,0.0,0.0,1,13.3,26.6,283,Mainly clear,3,3,Sunny/Clear Conditions
57279,2021-07-20 07:45:00,40.693863,-73.92971,0,0,Aggressive Driving/Road Rage,4439142,30.9,21.1,0.0,0.0,0.0,0.0,1,13.3,26.6,283,Mainly clear,0,0,Sunny/Clear Conditions
57280,2021-07-16 10:33:00,40.809475,-73.95358,0,0,Turning Improperly,4439552,32.3,23.2,0.3,0.3,0.0,3.0,51,12.3,33.1,238,Drizzle: Light,0,0,
57281,2021-07-20 20:35:00,40.768795,-73.73708,1,0,Failure to Yield Right-of-Way,4438852,30.9,21.1,0.0,0.0,0.0,0.0,1,13.3,26.6,283,Mainly clear,1,1,Sunny/Clear Conditions
57282,2021-07-20 01:34:00,40.720318,-73.96173,0,0,Traffic Control Disregarded,4439184,30.9,21.1,0.0,0.0,0.0,0.0,1,13.3,26.6,283,Mainly clear,0,0,Sunny/Clear Conditions
57283,2021-07-20 19:30:00,40.792873,-73.94373,0,0,Unspecified,4438894,30.9,21.1,0.0,0.0,0.0,0.0,1,13.3,26.6,283,Mainly clear,0,0,Sunny/Clear Conditions
57284,2021-07-20 04:57:00,40.63525,-73.95527,0,0,Unsafe Speed,4439311,30.9,21.1,0.0,0.0,0.0,0.0,1,13.3,26.6,283,Mainly clear,0,0,Sunny/Clear Conditions
57285,2021-07-20 00:00:00,40.84457,-73.84631,0,0,Unspecified,4438786,30.9,21.1,0.0,0.0,0.0,0.0,1,13.3,26.6,283,Mainly clear,0,0,Sunny/Clear Conditions
57286,2021-07-20 17:14:00,40.63335,-74.11697,0,0,Driver Inattention/Distraction,4439146,30.9,21.1,0.0,0.0,0.0,0.0,1,13.3,26.6,283,Mainly clear,0,0,Sunny/Clear Conditions
57287,2021-07-20 14:05:00,40.72551,-73.91697,0,0,Driver Inattention/Distraction,4439270,30.9,21.1,0.0,0.0,0.0,0.0,1,13.3,26.6,283,Mainly clear,0,0,Sunny/Clear Conditions
57288,2021-07-20 13:31:00,40.602856,-73.96156,0,0,Unspecified,4438797,30.9,21.1,0.0,0.0,0.0,0.0,1,13.3,26.6,283,Mainly clear,0,0,Sunny/Clear Conditions
57289,2021-07-20 14:35:00,40.749268,-73.945465,0,0,Driver Inattention/Distraction,4438847,30.9,21.1,0.0,0.0,0.0,0.0,1,13.3,26.6,283,Mainly clear,0,0,Sunny/Clear Conditions
57290,2021-07-20 15:53:00,40.62323,-73.94136,0,0,Unspecified,4438881,30.9,21.1,0.0,0.0,0.0,0.0,1,13.3,26.6,283,Mainly clear,0,0,Sunny/Clear Conditions
57291,2021-07-20 23:17:00,40.70026,-73.80868,0,0,Reaction to Uninvolved Vehicle,4439020,30.9,21.1,0.0,0.0,0.0,0.0,1,13.3,26.6,283,Mainly clear,0,0,Sunny/Clear Conditions
57292,2021-07-20 16:39:00,40.68114,-73.97612,0,0,Driver Inattention/Distraction,4439386,30.9,21.1,0.0,0.0,0.0,0.0,1,13.3,26.6,283,Mainly clear,0,0,Sunny/Clear Conditions
57293,2021-06-27 22:23:00,40.799458,-73.95154,0,0,Unspecified,4439545,29.2,22.2,0.5,0.5,0.0,4.0,51,19.6,45.4,196,Drizzle: Light,0,0,
57294,2021-07-20 14:50:00,40.61384,-73.981445,0,0,Unspecified,4438810,30.9,21.1,0.0,0.0,0.0,0.0,1,13.3,26.6,283,Mainly clear,0,0,Sunny/Clear Conditions
57295,2021-07-20 08:30:00,40.76181,-73.8683,0,0,Unspecified,4438751,30.9,21.1,0.0,0.0,0.0,0.0,1,13.3,26.6,283,Mainly clear,0,0,Sunny/Clear Conditions
57296,2021-07-20 01:00:00,40.756317,-73.83369,2,0,Failure to Yield Right-of-Way,4438875,30.9,21.1,0.0,0.0,0.0,0.0,1,13.3,26.6,283,Mainly clear,2,2,Sunny/Clear Conditions
57297,2021-07-20 14:10:00,40.82803,-73.934845,0,0,Following Too Closely,4439124,30.9,21.1,0.0,0.0,0.0,0.0,1,13.3,26.6,283,Mainly clear,0,0,Sunny/Clear Conditions
57298,2021-07-19 08:06:00,40.866764,-73.93007,1,0,Backing Unsafely,4439469,27.5,20.8,0.5,0.5,0.0,2.0,51,12.8,29.9,307,Drizzle: Light,1,1,
57299,2021-07-20 13:40:00,40.618427,-73.956245,0,0,Driver Inattention/Distraction,4439314,30.9,21.1,0.0,0.0,0.0,0.0,1,13.3,26.6,283,Mainly clear,0,0,Sunny/Clear Conditions
57300,2021-07-20 13:00:00,40.58196,-73.959946,0,0,Other Vehicular,4438945,30.9,21.1,0.0,0.0,0.0,0.0,1,13.3,26.6,283,Mainly clear,0,0,Sunny/Clear Conditions
57301,2021-07-20 00:00:00,40.878777,-73.89946,0,0,Tow Hitch Defective,4439178,30.9,21.1,0.0,0.0,0.0,0.0,1,13.3,26.6,283,Mainly clear,0,0,Sunny/Clear Conditions
57302,2021-07-16 04:08:00,40.780857,-73.958824,2,0,Traffic Control Device Improper/Non-Working,4439347,32.3,23.2,0.3,0.3,0.0,3.0,51,12.3,33.1,238,Drizzle: Light,2,2,
57303,2021-07-20 08:35:00,40.844753,-73.90539,1,0,Driver Inattention/Distraction,4439228,30.9,21.1,0.0,0.0,0.0,0.0,1,13.3,26.6,283,Mainly clear,1,1,Sunny/Clear Conditions
57304,2021-07-20 15:30:00,40.607693,-74.14089,0,0,Unspecified,4439009,30.9,21.1,0.0,0.0,0.0,0.0,1,13.3,26.6,283,Mainly clear,0,0,Sunny/Clear Conditions
57305,2021-07-17 16:15:00,40.61132,-74.114716,0,0,Following Too Closely,4439426,30.8,23.3,5.1,5.1,0.0,5.0,61,17.8,36.4,201,Rain: Light,0,0,
57306,2021-07-20 22:50:00,40.81373,-73.9221,1,0,Failure to Yield Right-of-Way,4438930,30.9,21.1,0.0,0.0,0.0,0.0,1,13.3,26.6,283,Mainly clear,1,1,Sunny/Clear Conditions
57307,2021-07-15 14:25:00,40.77077,-73.91727,1,0,Driver Inattention/Distraction,4439448,29.3,21.2,0.1,0.1,0.0,1.0,51,13.7,27.4,212,Drizzle: Light,1,1,
57308,2021-07-20 20:09:00,40.659172,-73.839874,1,0,Backing Unsafely,4438920,30.9,21.1,0.0,0.0,0.0,0.0,1,13.3,26.6,283,Mainly clear,1,1,Sunny/Clear Conditions
57309,2021-07-20 07:47:00,40.77215,-73.929,0,0,Unsafe Lane Changing,4438713,30.9,21.1,0.0,0.0,0.0,0.0,1,13.3,26.6,283,Mainly clear,0,0,Sunny/Clear Conditions
57310,2021-07-17 00:43:00,40.68484,-73.79281,1,0,Following Too Closely,4439486,30.8,23.3,5.1,5.1,0.0,5.0,61,17.8,36.4,201,Rain: Light,1,1,
57311,2021-07-20 11:20:00,40.709915,-73.80534,3,0,,4438840,30.9,21.1,0.0,0.0,0.0,0.0,1,13.3,26.6,283,Mainly clear,3,3,Sunny/Clear Conditions
57312,2021-07-20 12:45:00,40.68746,-73.906494,1,0,Failure to Yield Right-of-Way,4438975,30.9,21.1,0.0,0.0,0.0,0.0,1,13.3,26.6,283,Mainly clear,1,1,Sunny/Clear Conditions
57313,2021-07-20 14:45:00,40.59876,-73.97794,3,0,Driver Inattention/Distraction,4439391,30.9,21.1,0.0,0.0,0.0,0.0,1,13.3,26.6,283,Mainly clear,3,3,Sunny/Clear Conditions
57314,2021-07-20 20:30:00,40.705246,-73.95908,0,0,Unsafe Lane Changing,4438985,30.9,21.1,0.0,0.0,0.0,0.0,1,13.3,26.6,283,Mainly clear,0,0,Sunny/Clear Conditions
57315,2021-07-20 16:10:00,40.849453,-73.906006,0,0,Unspecified,4439095,30.9,21.1,0.0,0.0,0.0,0.0,1,13.3,26.6,283,Mainly clear,0,0,Sunny/Clear Conditions
57316,2021-07-20 02:15:00,40.61267,-74.011604,0,0,Driver Inattention/Distraction,4439405,30.9,21.1,0.0,0.0,0.0,0.0,1,13.3,26.6,283,Mainly clear,0,0,Sunny/Clear Conditions
57317,2021-07-20 10:34:00,40.84497,-73.90247,3,0,Driver Inattention/Distraction,4438964,30.9,21.1,0.0,0.0,0.0,0.0,1,13.3,26.6,283,Mainly clear,3,3,Sunny/Clear Conditions
57318,2021-07-20 14:02:00,40.714115,-73.9894,0,0,Passing or Lane Usage Improper,4438900,30.9,21.1,0.0,0.0,0.0,0.0,1,13.3,26.6,283,Mainly clear,0,0,Sunny/Clear Conditions
57319,2021-07-18 22:45:00,40.64098,-73.8874,2,0,Alcohol Involvement,4439481,28.4,23.1,12.4,12.4,0.0,10.0,63,19.6,39.2,232,Rain: Moderate,2,2,
57320,2021-07-17 13:37:00,40.672382,-73.78574,1,0,Traffic Control Disregarded,4439508,30.8,23.3,5.1,5.1,0.0,5.0,61,17.8,36.4,201,Rain: Light,1,1,
57321,2021-07-20 20:00:00,40.66638,-73.9244,0,0,Unspecified,4439157,30.9,21.1,0.0,0.0,0.0,0.0,1,13.3,26.6,283,Mainly clear,0,0,Sunny/Clear Conditions
57322,2021-07-18 22:55:00,40.830845,-73.93154,1,0,Unsafe Speed,4439369,28.4,23.1,12.4,12.4,0.0,10.0,63,19.6,39.2,232,Rain: Moderate,1,1,
57323,2021-07-20 15:17:00,40.826515,-73.917946,0,0,Passing Too Closely,4439001,30.9,21.1,0.0,0.0,0.0,0.0,1,13.3,26.6,283,Mainly clear,0,0,Sunny/Clear Conditions
57324,2021-07-20 12:35:00,40.676937,-73.8704,0,0,Unspecified,4439071,30.9,21.1,0.0,0.0,0.0,0.0,1,13.3,26.6,283,Mainly clear,0,0,Sunny/Clear Conditions
57325,2021-07-19 07:00:00,40.75702,-73.88279,0,0,Unspecified,4439433,27.5,20.8,0.5,0.5,0.0,2.0,51,12.8,29.9,307,Drizzle: Light,0,0,
57326,2021-07-20 21:20:00,40.68642,-73.868645,1,0,Driver Inattention/Distraction,4439081,30.9,21.1,0.0,0.0,0.0,0.0,1,13.3,26.6,283,Mainly clear,1,1,Sunny/Clear Conditions
57327,2021-07-19 19:50:00,40.7968,-73.929375,0,0,Reaction to Uninvolved Vehicle,4439439,27.5,20.8,0.5,0.5,0.0,2.0,51,12.8,29.9,307,Drizzle: Light,0,0,
57328,2021-07-20 03:40:00,40.669025,-73.82716,0,0,Reaction to Uninvolved Vehicle,4438657,30.9,21.1,0.0,0.0,0.0,0.0,1,13.3,26.6,283,Mainly clear,0,0,Sunny/Clear Conditions
57329,2021-07-19 15:18:00,40.785732,-73.97645,0,0,Driver Inattention/Distraction,4439580,27.5,20.8,0.5,0.5,0.0,2.0,51,12.8,29.9,307,Drizzle: Light,0,0,
57330,2021-07-20 15:34:00,40.667908,-73.79474,0,0,Driver Inexperience,4439482,30.9,21.1,0.0,0.0,0.0,0.0,1,13.3,26.6,283,Mainly clear,0,0,Sunny/Clear Conditions
57331,2021-07-20 09:00:00,40.80484,-73.912796,0,0,Driver Inattention/Distraction,4438929,30.9,21.1,0.0,0.0,0.0,0.0,1,13.3,26.6,283,Mainly clear,0,0,Sunny/Clear Conditions
57332,2021-07-20 18:56:00,40.759182,-73.86883,1,0,View Obstructed/Limited,4439199,30.9,21.1,0.0,0.0,0.0,0.0,1,13.3,26.6,283,Mainly clear,1,1,Sunny/Clear Conditions
57333,2021-07-20 17:15:00,40.696198,-73.98877,0,0,Reaction to Uninvolved Vehicle,4438833,30.9,21.1,0.0,0.0,0.0,0.0,1,13.3,26.6,283,Mainly clear,0,0,Sunny/Clear Conditions
57334,2021-07-14 17:00:00,40.69121,-73.75296,0,0,Unspecified,4439512,30.6,21.5,0.8,0.8,0.0,3.0,53,14.5,36.0,191,Drizzle: Moderate,0,0,
57335,2021-07-20 21:37:00,40.68194,-73.88424,0,0,Unspecified,4439400,30.9,21.1,0.0,0.0,0.0,0.0,1,13.3,26.6,283,Mainly clear,0,0,Sunny/Clear Conditions
57336,2021-07-20 11:50:00,40.576828,-73.9651,1,0,Failure to Yield Right-of-Way,4439007,30.9,21.1,0.0,0.0,0.0,0.0,1,13.3,26.6,283,Mainly clear,1,1,Sunny/Clear Conditions
57337,2021-07-20 17:42:00,40.75433,-73.99263,0,0,Unspecified,4439031,30.9,21.1,0.0,0.0,0.0,0.0,1,13.3,26.6,283,Mainly clear,0,0,Sunny/Clear Conditions
57338,2021-07-16 14:30:00,40.61277,-73.993355,1,0,Driver Inattention/Distraction,4439359,32.3,23.2,0.3,0.3,0.0,3.0,51,12.3,33.1,238,Drizzle: Light,1,1,
57339,2021-07-20 13:32:00,40.750393,-73.90523,0,0,Unspecified,4439131,30.9,21.1,0.0,0.0,0.0,0.0,1,13.3,26.6,283,Mainly clear,0,0,Sunny/Clear Conditions
57340,2021-07-20 10:43:00,40.67066,-73.957985,0,0,Reaction to Uninvolved Vehicle,4438867,30.9,21.1,0.0,0.0,0.0,0.0,1,13.3,26.6,283,Mainly clear,0,0,Sunny/Clear Conditions
57341,2021-07-20 15:38:00,40.791718,-73.95298,0,0,Passing or Lane Usage Improper,4438893,30.9,21.1,0.0,0.0,0.0,0.0,1,13.3,26.6,283,Mainly clear,0,0,Sunny/Clear Conditions
57342,2021-07-20 12:17:00,40.62499,-74.14403,0,0,Driver Inattention/Distraction,4438787,30.9,21.1,0.0,0.0,0.0,0.0,1,13.3,26.6,283,Mainly clear,0,0,Sunny/Clear Conditions
57343,2021-07-20 17:05:00,40.822803,-73.90934,0,0,Driver Inattention/Distraction,4438971,30.9,21.1,0.0,0.0,0.0,0.0,1,13.3,26.6,283,Mainly clear,0,0,Sunny/Clear Conditions
57344,2021-07-11 23:10:00,40.805725,-73.95442,1,0,Unspecified,4439551,24.9,19.8,2.5,2.5,0.0,9.0,53,15.8,35.3,141,Drizzle: Moderate,1,1,
57345,2021-07-20 00:00:00,40.682423,-73.97069,0,0,Failure to Yield Right-of-Way,4438869,30.9,21.1,0.0,0.0,0.0,0.0,1,13.3,26.6,283,Mainly clear,0,0,Sunny/Clear Conditions
57346,2021-07-20 11:00:00,40.714943,-73.976654,0,0,Unspecified,4438902,30.9,21.1,0.0,0.0,0.0,0.0,1,13.3,26.6,283,Mainly clear,0,0,Sunny/Clear Conditions
57347,2021-07-19 18:27:00,40.547577,-74.15628,0,0,Driver Inattention/Distraction,4439373,27.5,20.8,0.5,0.5,0.0,2.0,51,12.8,29.9,307,Drizzle: Light,0,0,
57348,2021-07-20 06:30:00,40.725388,-73.98756,0,0,Unspecified,4439286,30.9,21.1,0.0,0.0,0.0,0.0,1,13.3,26.6,283,Mainly clear,0,0,Sunny/Clear Conditions
57349,2021-07-20 10:00:00,40.623497,-73.95916,0,0,Unspecified,4439316,30.9,21.1,0.0,0.0,0.0,0.0,1,13.3,26.6,283,Mainly clear,0,0,Sunny/Clear Conditions
57350,2021-07-20 12:50:00,40.723515,-73.75264,0,0,Unspecified,4438784,30.9,21.1,0.0,0.0,0.0,0.0,1,13.3,26.6,283,Mainly clear,0,0,Sunny/Clear Conditions
57351,2021-07-20 05:30:00,40.669647,-73.87685,0,0,Driver Inattention/Distraction,4439060,30.9,21.1,0.0,0.0,0.0,0.0,1,13.3,26.6,283,Mainly clear,0,0,Sunny/Clear Conditions
57352,2021-07-20 07:15:00,40.72469,-73.7541,0,0,Driver Inattention/Distraction,4438819,30.9,21.1,0.0,0.0,0.0,0.0,1,13.3,26.6,283,Mainly clear,0,0,Sunny/Clear Conditions
57353,2021-07-20 00:00:00,40.604294,-73.973206,1,0,Failure to Yield Right-of-Way,4439154,30.9,21.1,0.0,0.0,0.0,0.0,1,13.3,26.6,283,Mainly clear,1,1,Sunny/Clear Conditions
57354,2021-07-20 05:49:00,40.74051,-74.009315,1,0,Driver Inattention/Distraction,4438749,30.9,21.1,0.0,0.0,0.0,0.0,1,13.3,26.6,283,Mainly clear,1,1,Sunny/Clear Conditions
57355,2021-07-20 21:00:00,40.713398,-73.95187,0,0,Driver Inattention/Distraction,4439248,30.9,21.1,0.0,0.0,0.0,0.0,1,13.3,26.6,283,Mainly clear,0,0,Sunny/Clear Conditions
57356,2021-07-20 17:35:00,40.817898,-73.938095,1,0,Driver Inattention/Distraction,4439123,30.9,21.1,0.0,0.0,0.0,0.0,1,13.3,26.6,283,Mainly clear,1,1,Sunny/Clear Conditions
57357,2021-07-20 16:00:00,40.743168,-73.973976,2,0,Unspecified,4438846,30.9,21.1,0.0,0.0,0.0,0.0,1,13.3,26.6,283,Mainly clear,2,2,Sunny/Clear Conditions
57358,2021-07-18 02:48:00,40.665245,-73.80204,2,0,Pavement Slippery,4439492,28.4,23.1,12.4,12.4,0.0,10.0,63,19.6,39.2,232,Rain: Moderate,2,2,