,CRASH DATETIME,LATITUDE,LONGITUDE,NUMBER OF PERSONS INJURED,NUMBER OF PERSONS KILLED,CONTRIBUTING FACTOR VEHICLE 1,COLLISION_ID,temperature_2m_max,temperature_2m_min,precipitation_sum,rain_sum,snowfall_sum,precipitation_hours,weather_code,wind_speed_10m_max,wind_gusts_10m_max,wind_direction_10m_dominant,Weather Description,Severity_Score,Total_Affected_Persons,Weather_Category
57359,2021-07-20 19:45:00,40.768887,-73.90691,0,0,Failure to Yield Right-of-Way,4439449,30.9,21.1,0.0,0.0,0.0,0.0,1,13.3,26.6,283,Mainly clear,0,0,Sunny/Clear Conditions
57360,2021-07-20 07:50:00,40.737328,-73.86352,1,0,Unsafe Speed,4438980,30.9,21.1,0.0,0.0,0.0,0.0,1,13.3,26.6,283,Mainly clear,1,1,Sunny/Clear Conditions
57361,2021-07-20 16:15:00,40.596397,-73.98521,5,0,Fell Asleep,4438949,30.9,21.1,0.0,0.0,0.0,0.0,1,13.3,26.6,283,Mainly clear,5,5,Sunny/Clear Conditions
57362,2021-07-20 22:45:00,40.85404,-73.88646,0,0,Driver Inattention/Distraction,4439381,30.9,21.1,0.0,0.0,0.0,0.0,1,13.3,26.6,283,Mainly clear,0,0,Sunny/Clear Conditions
57363,2021-07-20 17:30:00,40.842194,-73.94541,0,0,Following Too Closely,4439425,30.9,21.1,0.0,0.0,0.0,0.0,1,13.3,26.6,283,Mainly clear,0,0,Sunny/Clear Conditions
57364,2021-07-20 17:29:00,40.746098,-73.866425,0,0,Unspecified,4438991,30.9,21.1,0.0,0.0,0.0,0.0,1,13.3,26.6,283,Mainly clear,0,0,Sunny/Clear Conditions
57365,2021-07-20 11:00:00,40.811684,-73.853966,0,0,Driver Inexperience,4438842,30.9,21.1,0.0,0.0,0.0,0.0,1,13.3,26.6,283,Mainly clear,0,0,Sunny/Clear Conditions
57366,2021-07-20 14:30:00,40.80054,-73.96192,1,0,Passing or Lane Usage Improper,4438803,30.9,21.1,0.0,0.0,0.0,0.0,1,13.3,26.6,283,Mainly clear,1,1,Sunny/Clear Conditions
57367,2021-07-19 12:50:00,40.79944,-73.95531,1,0,Unspecified,4439543,27.5,20.8,0.5,0.5,0.0,2.0,51,12.8,29.9,307,Drizzle: Light,1,1,
57368,2021-07-20 19:00:00,40.74584,-73.82342,0,0,Unspecified,4439169,30.9,21.1,0.0,0.0,0.0,0.0,1,13.3,26.6,283,Mainly clear,0,0,Sunny/Clear Conditions
57369,2021-07-20 20:28:00,40.869656,-73.898926,1,0,Failure to Yield Right-of-Way,4439330,30.9,21.1,0.0,0.0,0.0,0.0,1,13.3,26.6,283,Mainly clear,1,1,Sunny/Clear Conditions
57370,2021-07-20 09:15:00,40.792957,-73.79763,1,0,Unspecified,4438877,30.9,21.1,0.0,0.0,0.0,0.0,1,13.3,26.6,283,Mainly clear,1,1,Sunny/Clear Conditions
57371,2021-07-20 23:37:00,40.60785,-74.1624,0,0,Driver Inattention/Distraction,4439012,30.9,21.1,0.0,0.0,0.0,0.0,1,13.3,26.6,283,Mainly clear,0,0,Sunny/Clear Conditions
57372,2021-07-20 16:05:00,40.857483,-73.909676,2,0,Driver Inattention/Distraction,4439090,30.9,21.1,0.0,0.0,0.0,0.0,1,13.3,26.6,283,Mainly clear,2,2,Sunny/Clear Conditions
57373,2021-07-20 08:13:00,40.632572,-74.0303,1,0,Pedestrian/Bicyclist/Other Pedestrian Error/Confusion,4438798,30.9,21.1,0.0,0.0,0.0,0.0,1,13.3,26.6,283,Mainly clear,1,1,Sunny/Clear Conditions
57374,2021-07-20 06:45:00,40.76966,-73.918564,0,0,Driver Inattention/Distraction,4438714,30.9,21.1,0.0,0.0,0.0,0.0,1,13.3,26.6,283,Mainly clear,0,0,Sunny/Clear Conditions
57375,2021-07-20 18:45:00,40.681087,-73.846344,0,0,Traffic Control Disregarded,4438918,30.9,21.1,0.0,0.0,0.0,0.0,1,13.3,26.6,283,Mainly clear,0,0,Sunny/Clear Conditions
57376,2021-07-20 23:50:00,40.792015,-73.98051,0,0,Failure to Yield Right-of-Way,4439026,30.9,21.1,0.0,0.0,0.0,0.0,1,13.3,26.6,283,Mainly clear,0,0,Sunny/Clear Conditions
57377,2021-07-20 15:45:00,40.784935,-73.796776,1,0,Unspecified,4438880,30.9,21.1,0.0,0.0,0.0,0.0,1,13.3,26.6,283,Mainly clear,1,1,Sunny/Clear Conditions
57378,2021-07-20 10:06:00,40.62156,-73.99896,0,0,Traffic Control Disregarded,4439467,30.9,21.1,0.0,0.0,0.0,0.0,1,13.3,26.6,283,Mainly clear,0,0,Sunny/Clear Conditions
57379,2021-07-19 15:56:00,40.676437,-73.78223,0,0,Backing Unsafely,4439488,27.5,20.8,0.5,0.5,0.0,2.0,51,12.8,29.9,307,Drizzle: Light,0,0,
57380,2021-07-19 16:04:00,40.841305,-73.88419,0,0,Driver Inattention/Distraction,4439389,27.5,20.8,0.5,0.5,0.0,2.0,51,12.8,29.9,307,Drizzle: Light,0,0,
57381,2021-07-20 10:30:00,40.775166,-73.95062,0,0,Driver Inattention/Distraction,4438932,30.9,21.1,0.0,0.0,0.0,0.0,1,13.3,26.6,283,Mainly clear,0,0,Sunny/Clear Conditions
57382,2021-07-14 08:10:00,40.692776,-73.95769,0,0,Passing or Lane Usage Improper,4439413,30.6,21.5,0.8,0.8,0.0,3.0,53,14.5,36.0,191,Drizzle: Moderate,0,0,
57383,2021-07-20 12:35:00,40.733738,-73.99294,1,0,Driver Inattention/Distraction,4439150,30.9,21.1,0.0,0.0,0.0,0.0,1,13.3,26.6,283,Mainly clear,1,1,Sunny/Clear Conditions
57384,2021-07-20 16:21:00,40.668617,-73.98515,0,0,Backing Unsafely,4438837,30.9,21.1,0.0,0.0,0.0,0.0,1,13.3,26.6,283,Mainly clear,0,0,Sunny/Clear Conditions
57385,2021-07-20 07:45:00,40.689228,-73.84248,0,0,Passing Too Closely,4439200,30.9,21.1,0.0,0.0,0.0,0.0,1,13.3,26.6,283,Mainly clear,0,0,Sunny/Clear Conditions
57386,2021-07-20 17:32:00,40.805138,-73.945244,0,0,Alcohol Involvement,4439549,30.9,21.1,0.0,0.0,0.0,0.0,1,13.3,26.6,283,Mainly clear,0,0,Sunny/Clear Conditions
57387,2021-07-20 15:10:00,40.774654,-73.9541,0,0,Following Too Closely,4439133,30.9,21.1,0.0,0.0,0.0,0.0,1,13.3,26.6,283,Mainly clear,0,0,Sunny/Clear Conditions
57388,2021-07-20 05:50:00,40.680115,-73.7287,0,0,Oversized Vehicle,4438818,30.9,21.1,0.0,0.0,0.0,0.0,1,13.3,26.6,283,Mainly clear,0,0,Sunny/Clear Conditions
57389,2021-07-20 11:40:00,40.681767,-73.96754,3,0,Unspecified,4438870,30.9,21.1,0.0,0.0,0.0,0.0,1,13.3,26.6,283,Mainly clear,3,3,Sunny/Clear Conditions
57390,2021-07-20 23:14:00,40.631233,-73.95964,1,0,Unsafe Speed,4439318,30.9,21.1,0.0,0.0,0.0,0.0,1,13.3,26.6,283,Mainly clear,1,1,Sunny/Clear Conditions
57391,2021-07-20 10:00:00,40.807095,-73.945984,0,0,Brakes Defective,4438790,30.9,21.1,0.0,0.0,0.0,0.0,1,13.3,26.6,283,Mainly clear,0,0,Sunny/Clear Conditions
57392,2021-07-19 00:04:00,40.656345,-73.892235,0,0,Alcohol Involvement,4439401,27.5,20.8,0.5,0.5,0.0,2.0,51,12.8,29.9,307,Drizzle: Light,0,0,
57393,2021-07-20 10:00:00,40.832573,-73.91052,0,0,Passing Too Closely,4439000,30.9,21.1,0.0,0.0,0.0,0.0,1,13.3,26.6,283,Mainly clear,0,0,Sunny/Clear Conditions
57394,2021-07-15 19:50:00,40.753014,-73.87164,0,0,Unspecified,4439479,29.3,21.2,0.1,0.1,0.0,1.0,51,13.7,27.4,212,Drizzle: Light,0,0,
57395,2021-07-17 14:00:00,40.701347,-73.7553,0,0,Passing Too Closely,4439483,30.8,23.3,5.1,5.1,0.0,5.0,61,17.8,36.4,201,Rain: Light,0,0,
57396,2021-07-20 00:40:00,40.672886,-73.99922,3,0,Unspecified,4438672,30.9,21.1,0.0,0.0,0.0,0.0,1,13.3,26.6,283,Mainly clear,3,3,Sunny/Clear Conditions
57397,2021-07-20 02:16:00,40.66278,-73.88086,2,0,Unspecified,4439057,30.9,21.1,0.0,0.0,0.0,0.0,1,13.3,26.6,283,Mainly clear,2,2,Sunny/Clear Conditions
57398,2021-07-20 09:00:00,40.63951,-74.09775,1,0,Following Too Closely,4439086,30.9,21.1,0.0,0.0,0.0,0.0,1,13.3,26.6,283,Mainly clear,1,1,Sunny/Clear Conditions
57399,2021-07-19 18:22:00,40.783897,-73.97407,1,0,Steering Failure,4439581,27.5,20.8,0.5,0.5,0.0,2.0,51,12.8,29.9,307,Drizzle: Light,1,1,
57400,2021-07-20 13:40:00,40.77904,-73.9435,0,0,Following Too Closely,4438925,30.9,21.1,0.0,0.0,0.0,0.0,1,13.3,26.6,283,Mainly clear,0,0,Sunny/Clear Conditions
57401,2021-07-18 08:00:00,40.842335,-73.819756,0,0,Unspecified,4439360,28.4,23.1,12.4,12.4,0.0,10.0,63,19.6,39.2,232,Rain: Moderate,0,0,
57402,2021-07-20 13:00:00,40.844105,-73.898,0,0,Passing or Lane Usage Improper,4438970,30.9,21.1,0.0,0.0,0.0,0.0,1,13.3,26.6,283,Mainly clear,0,0,Sunny/Clear Conditions
57403,2021-07-20 14:00:00,40.65414,-73.88732,0,0,Driver Inattention/Distraction,4439072,30.9,21.1,0.0,0.0,0.0,0.0,1,13.3,26.6,283,Mainly clear,0,0,Sunny/Clear Conditions
57404,2021-07-20 15:40:00,40.658306,-73.95666,2,0,Driver Inattention/Distraction,4438866,30.9,21.1,0.0,0.0,0.0,0.0,1,13.3,26.6,283,Mainly clear,2,2,Sunny/Clear Conditions
57405,2021-07-20 08:00:00,40.759018,-73.855156,1,0,Passing or Lane Usage Improper,4438773,30.9,21.1,0.0,0.0,0.0,0.0,1,13.3,26.6,283,Mainly clear,1,1,Sunny/Clear Conditions
57406,2021-07-20 15:24:00,40.88082,-73.90344,1,0,Alcohol Involvement,4439186,30.9,21.1,0.0,0.0,0.0,0.0,1,13.3,26.6,283,Mainly clear,1,1,Sunny/Clear Conditions
57407,2021-07-20 19:20:00,40.555714,-74.15443,0,0,Unspecified,4439374,30.9,21.1,0.0,0.0,0.0,0.0,1,13.3,26.6,283,Mainly clear,0,0,Sunny/Clear Conditions
57408,2021-07-20 16:23:00,40.71521,-73.98427,2,0,Passing or Lane Usage Improper,4438903,30.9,21.1,0.0,0.0,0.0,0.0,1,13.3,26.6,283,Mainly clear,2,2,Sunny/Clear Conditions
57409,2021-07-20 23:55:00,40.648716,-73.92139,1,0,Driver Inattention/Distraction,4438889,30.9,21.1,0.0,0.0,0.0,0.0,1,13.3,26.6,283,Mainly clear,1,1,Sunny/Clear Conditions
57410,2021-07-20 12:20:00,40.729416,-73.9871,1,0,Driver Inattention/Distraction,4439287,30.9,21.1,0.0,0.0,0.0,0.0,1,13.3,26.6,283,Mainly clear,1,1,Sunny/Clear Conditions
57411,2021-07-20 12:55:00,40.612915,-74.004364,2,0,Driver Inattention/Distraction,4438963,30.9,21.1,0.0,0.0,0.0,0.0,1,13.3,26.6,283,Mainly clear,2,2,Sunny/Clear Conditions
57412,2021-07-20 22:00:00,40.8574,-73.90567,0,0,Unsafe Speed,4439005,30.9,21.1,0.0,0.0,0.0,0.0,1,13.3,26.6,283,Mainly clear,0,0,Sunny/Clear Conditions
57413,2021-07-19 14:40:00,40.70652,-73.76058,0,0,Following Too Closely,4439511,27.5,20.8,0.5,0.5,0.0,2.0,51,12.8,29.9,307,Drizzle: Light,0,0,
57414,2021-07-13 13:28:00,40.688614,-73.999435,0,0,Passing Too Closely,4439443,25.0,20.8,2.4,2.4,0.0,12.0,53,13.0,26.3,84,Drizzle: Moderate,0,0,
57415,2021-07-20 13:41:00,40.644566,-73.9798,0,0,Unspecified,4439030,30.9,21.1,0.0,0.0,0.0,0.0,1,13.3,26.6,283,Mainly clear,0,0,Sunny/Clear Conditions
57416,2021-07-20 09:55:00,40.842587,-73.85232,1,0,Unspecified,4438939,30.9,21.1,0.0,0.0,0.0,0.0,1,13.3,26.6,283,Mainly clear,1,1,Sunny/Clear Conditions
57417,2021-07-14 19:46:00,40.69635,-73.94071,0,0,Passing Too Closely,4439414,30.6,21.5,0.8,0.8,0.0,3.0,53,14.5,36.0,191,Drizzle: Moderate,0,0,
57418,2021-07-17 04:50:00,40.80794,-73.93694,1,0,Unsafe Speed,4439431,30.8,23.3,5.1,5.1,0.0,5.0,61,17.8,36.4,201,Rain: Light,1,1,
57419,2021-07-20 06:00:00,40.74536,-73.86522,0,0,Unspecified,4438981,30.9,21.1,0.0,0.0,0.0,0.0,1,13.3,26.6,283,Mainly clear,0,0,Sunny/Clear Conditions
57420,2021-10-28 11:45:00,40.76652,-73.92059,1,0,Aggressive Driving/Road Rage,4472981,15.2,7.9,0.0,0.0,0.0,0.0,3,19.1,34.6,28,Overcast,1,1,
57421,2021-10-30 15:58:00,40.64477,-73.954735,2,0,Unspecified,4472425,17.8,12.0,7.8,7.8,0.0,16.0,61,38.5,68.0,112,Rain: Light,2,2,
57422,2021-10-30 08:26:00,40.64954,-73.93954,0,0,Unspecified,4472708,17.8,12.0,7.8,7.8,0.0,16.0,61,38.5,68.0,112,Rain: Light,0,0,
57423,2021-10-30 21:00:00,40.690018,-73.80324,0,0,Driver Inattention/Distraction,4472815,17.8,12.0,7.8,7.8,0.0,16.0,61,38.5,68.0,112,Rain: Light,0,0,
57424,2022-09-23 20:39:00,40.737915,-73.99223,0,0,Unspecified,4567463,16.4,10.0,0.0,0.0,0.0,0.0,0,31.1,56.9,323,Clear sky,0,0,Sunny/Clear Conditions
57425,2021-10-30 22:25:00,40.833496,-73.858246,0,0,Unspecified,4472502,17.8,12.0,7.8,7.8,0.0,16.0,61,38.5,68.0,112,Rain: Light,0,0,
57426,2021-10-25 12:30:00,40.695713,-73.91486,0,0,Unspecified,4472947,22.8,13.5,10.7,10.7,0.0,8.0,63,18.9,33.5,172,Rain: Moderate,0,0,
57427,2021-10-30 01:00:00,40.841595,-73.89777,0,0,Unspecified,4473064,17.8,12.0,7.8,7.8,0.0,16.0,61,38.5,68.0,112,Rain: Light,0,0,
57428,2021-10-30 14:09:00,40.752285,-73.88004,1,0,Unspecified,4472398,17.8,12.0,7.8,7.8,0.0,16.0,61,38.5,68.0,112,Rain: Light,1,1,
57429,2021-10-30 19:14:00,40.65474,-73.90693,0,0,Unspecified,4472389,17.8,12.0,7.8,7.8,0.0,16.0,61,38.5,68.0,112,Rain: Light,0,0,
57430,2021-10-30 01:10:00,40.71122,-73.72827,0,0,Unspecified,4472190,17.8,12.0,7.8,7.8,0.0,16.0,61,38.5,68.0,112,Rain: Light,0,0,
57431,2021-10-26 09:05:00,40.86004,-73.908615,0,0,Passing Too Closely,4473004,16.9,13.8,84.5,84.5,0.0,17.0,65,28.7,53.6,87,Rain: Heavy,0,0,
57432,2021-10-28 11:49:00,40.67004,-73.93658,1,0,Driver Inattention/Distraction,4473188,15.2,7.9,0.0,0.0,0.0,0.0,3,19.1,34.6,28,Overcast,1,1,
57433,2021-10-30 00:00:00,40.784756,-73.84947,0,0,Passing or Lane Usage Improper,4472304,17.8,12.0,7.8,7.8,0.0,16.0,61,38.5,68.0,112,Rain: Light,0,0,
57434,2021-10-30 10:30:00,40.755337,-73.843254,0,0,Following Too Closely,4472463,17.8,12.0,7.8,7.8,0.0,16.0,61,38.5,68.0,112,Rain: Light,0,0,
57435,2021-10-29 22:00:00,40.661297,-73.982216,0,0,Unspecified,4473143,13.8,8.3,9.3,9.3,0.0,5.0,63,40.9,73.8,78,Rain: Moderate,0,0,
57436,2021-10-28 22:44:00,40.642204,-73.991936,1,0,Unspecified,4473058,15.2,7.9,0.0,0.0,0.0,0.0,3,19.1,34.6,28,Overcast,1,1,
57437,2021-10-30 19:15:00,40.615005,-73.980225,1,0,Driver Inattention/Distraction,4472485,17.8,12.0,7.8,7.8,0.0,16.0,61,38.5,68.0,112,Rain: Light,1,1,
57438,2021-10-26 08:50:00,40.675156,-73.99125,0,0,Backing Unsafely,4473217,16.9,13.8,84.5,84.5,0.0,17.0,65,28.7,53.6,87,Rain: Heavy,0,0,
57439,2021-10-30 05:15:00,40.747852,-73.99291,1,0,Following Too Closely,4472615,17.8,12.0,7.8,7.8,0.0,16.0,61,38.5,68.0,112,Rain: Light,1,1,
57440,2021-10-30 13:44:00,40.69174,-73.91401,0,0,Unspecified,4472935,17.8,12.0,7.8,7.8,0.0,16.0,61,38.5,68.0,112,Rain: Light,0,0,
57441,2021-10-30 22:00:00,40.590313,-74.09794,0,0,Driver Inattention/Distraction,4472358,17.8,12.0,7.8,7.8,0.0,16.0,61,38.5,68.0,112,Rain: Light,0,0,
57442,2021-10-30 22:25:00,40.702477,-73.87431,0,0,Passing Too Closely,4472688,17.8,12.0,7.8,7.8,0.0,16.0,61,38.5,68.0,112,Rain: Light,0,0,
57443,2021-10-30 17:50:00,40.64305,-73.9764,0,0,Unspecified,4472871,17.8,12.0,7.8,7.8,0.0,16.0,61,38.5,68.0,112,Rain: Light,0,0,
57444,2021-10-30 13:45:00,40.704746,-73.896095,1,0,Failure to Yield Right-of-Way,4472492,17.8,12.0,7.8,7.8,0.0,16.0,61,38.5,68.0,112,Rain: Light,1,1,
57445,2021-10-26 15:10:00,40.8248,-73.950584,0,0,Traffic Control Disregarded,4473245,16.9,13.8,84.5,84.5,0.0,17.0,65,28.7,53.6,87,Rain: Heavy,0,0,
57446,2021-10-31 04:10:00,40.755024,-73.978325,0,0,Unspecified,4472917,18.3,12.5,3.7,3.7,0.0,8.0,55,22.9,41.0,268,Drizzle: Dense,0,0,
57447,2021-10-30 17:00:00,40.61349,-73.9915,0,0,Unspecified,4472574,17.8,12.0,7.8,7.8,0.0,16.0,61,38.5,68.0,112,Rain: Light,0,0,
57448,2021-10-30 16:37:00,40.823154,-73.91127,0,0,Alcohol Involvement,4473072,17.8,12.0,7.8,7.8,0.0,16.0,61,38.5,68.0,112,Rain: Light,0,0,
57449,2021-10-28 16:00:00,40.60719,-74.16243,1,0,Driver Inattention/Distraction,4472956,15.2,7.9,0.0,0.0,0.0,0.0,3,19.1,34.6,28,Overcast,1,1,
57450,2021-10-30 00:00:00,40.83301,-73.95027,0,0,Unspecified,4473156,17.8,12.0,7.8,7.8,0.0,16.0,61,38.5,68.0,112,Rain: Light,0,0,
57451,2021-10-30 08:30:00,40.78958,-73.97548,0,0,Driver Inattention/Distraction,4472591,17.8,12.0,7.8,7.8,0.0,16.0,61,38.5,68.0,112,Rain: Light,0,0,
57452,2021-10-30 18:49:00,40.711025,-73.920296,0,0,Driver Inexperience,4473131,17.8,12.0,7.8,7.8,0.0,16.0,61,38.5,68.0,112,Rain: Light,0,0,
57453,2021-10-30 23:30:00,40.605694,-74.13428,0,0,Driver Inattention/Distraction,4472962,17.8,12.0,7.8,7.8,0.0,16.0,61,38.5,68.0,112,Rain: Light,0,0,
57454,2021-10-30 03:35:00,40.74524,-73.86929,0,0,Unspecified,4472183,17.8,12.0,7.8,7.8,0.0,16.0,61,38.5,68.0,112,Rain: Light,0,0,
57455,2021-10-30 05:05:00,40.76635,-73.95103,0,0,Passing or Lane Usage Improper,4473050,17.8,12.0,7.8,7.8,0.0,16.0,61,38.5,68.0,112,Rain: Light,0,0,
57456,2021-10-25 19:15:00,40.8532,-73.934204,0,0,Driver Inattention/Distraction,4472995,22.8,13.5,10.7,10.7,0.0,8.0,63,18.9,33.5,172,Rain: Moderate,0,0,
57457,2021-10-30 19:13:00,40.676937,-73.92183,0,0,Failure to Yield Right-of-Way,4472397,17.8,12.0,7.8,7.8,0.0,16.0,61,38.5,68.0,112,Rain: Light,0,0,
57458,2021-10-30 04:20:00,40.67769,-73.82884,1,0,Driver Inattention/Distraction,4472746,17.8,12.0,7.8,7.8,0.0,16.0,61,38.5,68.0,112,Rain: Light,1,1,
57459,2021-10-30 03:30:00,40.747585,-73.89351,0,0,Alcohol Involvement,4472292,17.8,12.0,7.8,7.8,0.0,16.0,61,38.5,68.0,112,Rain: Light,0,0,
57460,2021-10-30 23:00:00,40.650898,-73.94766,0,0,Unspecified,4472711,17.8,12.0,7.8,7.8,0.0,16.0,61,38.5,68.0,112,Rain: Light,0,0,
57461,2021-10-29 14:40:00,40.745113,-73.92021,1,0,Driver Inattention/Distraction,4473023,13.8,8.3,9.3,9.3,0.0,5.0,63,40.9,73.8,78,Rain: Moderate,1,1,
57462,2021-10-30 00:01:00,40.70632,-73.75078,0,0,Passing Too Closely,4472921,17.8,12.0,7.8,7.8,0.0,16.0,61,38.5,68.0,112,Rain: Light,0,0,
57463,2021-10-30 17:00:00,40.656624,-74.01274,0,0,Unspecified,4472498,17.8,12.0,7.8,7.8,0.0,16.0,61,38.5,68.0,112,Rain: Light,0,0,
57464,2021-10-30 03:56:00,40.763897,-73.95323,0,0,Aggressive Driving/Road Rage,4472534,17.8,12.0,7.8,7.8,0.0,16.0,61,38.5,68.0,112,Rain: Light,0,0,
57465,2021-10-30 04:36:00,40.647762,-73.911995,0,0,Unsafe Speed,4472626,17.8,12.0,7.8,7.8,0.0,16.0,61,38.5,68.0,112,Rain: Light,0,0,
57466,2021-10-30 04:23:00,40.69596,-73.964096,0,0,Other Vehicular,4472348,17.8,12.0,7.8,7.8,0.0,16.0,61,38.5,68.0,112,Rain: Light,0,0,
57467,2021-10-30 08:20:00,40.687103,-73.89251,0,0,Following Too Closely,4473115,17.8,12.0,7.8,7.8,0.0,16.0,61,38.5,68.0,112,Rain: Light,0,0,
57468,2021-10-26 20:17:00,40.852573,-73.927925,0,0,Passing or Lane Usage Improper,4473094,16.9,13.8,84.5,84.5,0.0,17.0,65,28.7,53.6,87,Rain: Heavy,0,0,
57469,2021-10-28 07:20:00,40.842968,-73.90773,0,0,Driver Inattention/Distraction,4473239,15.2,7.9,0.0,0.0,0.0,0.0,3,19.1,34.6,28,Overcast,0,0,
57470,2021-10-30 14:12:00,40.734768,-73.861595,0,0,Passing or Lane Usage Improper,4473042,17.8,12.0,7.8,7.8,0.0,16.0,61,38.5,68.0,112,Rain: Light,0,0,
57471,2021-10-30 19:12:00,40.823647,-73.943855,2,0,Following Too Closely,4473163,17.8,12.0,7.8,7.8,0.0,16.0,61,38.5,68.0,112,Rain: Light,2,2,
57472,2021-10-30 18:09:00,40.78167,-73.83152,1,0,Unspecified,4472322,17.8,12.0,7.8,7.8,0.0,16.0,61,38.5,68.0,112,Rain: Light,1,1,
57473,2021-10-30 13:30:00,40.693344,-73.80228,1,0,Driver Inattention/Distraction,4472362,17.8,12.0,7.8,7.8,0.0,16.0,61,38.5,68.0,112,Rain: Light,1,1,
57474,2021-10-30 11:00:00,40.63981,-73.995514,0,0,Unspecified,4472872,17.8,12.0,7.8,7.8,0.0,16.0,61,38.5,68.0,112,Rain: Light,0,0,
57475,2021-10-30 15:55:00,40.798397,-73.93306,0,0,Unspecified,4472777,17.8,12.0,7.8,7.8,0.0,16.0,61,38.5,68.0,112,Rain: Light,0,0,
57476,2021-10-30 08:17:00,40.68694,-73.81414,0,0,Following Too Closely,4472794,17.8,12.0,7.8,7.8,0.0,16.0,61,38.5,68.0,112,Rain: Light,0,0,
57477,2021-10-30 07:35:00,40.76907,-73.908005,0,0,Unspecified,4472216,17.8,12.0,7.8,7.8,0.0,16.0,61,38.5,68.0,112,Rain: Light,0,0,
57478,2021-10-30 18:00:00,40.889866,-73.83582,0,0,Backing Unsafely,4472559,17.8,12.0,7.8,7.8,0.0,16.0,61,38.5,68.0,112,Rain: Light,0,0,
57479,2021-09-25 21:20:00,40.675255,-73.73207,2,0,Unspecified,4460849,22.8,14.0,0.0,0.0,0.0,0.0,3,7.9,15.8,322,Overcast,2,2,
57480,2021-10-30 02:14:00,40.835968,-73.87,0,0,Unspecified,4472284,17.8,12.0,7.8,7.8,0.0,16.0,61,38.5,68.0,112,Rain: Light,0,0,
57481,2021-10-30 05:28:00,40.873123,-73.91179,1,0,Pavement Slippery,4473270,17.8,12.0,7.8,7.8,0.0,16.0,61,38.5,68.0,112,Rain: Light,1,1,
57482,2021-10-30 11:03:00,40.713528,-73.916336,0,0,Backing Unsafely,4472673,17.8,12.0,7.8,7.8,0.0,16.0,61,38.5,68.0,112,Rain: Light,0,0,
57483,2021-10-30 03:40:00,40.698452,-73.92176,0,0,Pavement Slippery,4472203,17.8,12.0,7.8,7.8,0.0,16.0,61,38.5,68.0,112,Rain: Light,0,0,
57484,2021-10-30 18:37:00,40.674652,-73.87712,0,0,Driver Inattention/Distraction,4472763,17.8,12.0,7.8,7.8,0.0,16.0,61,38.5,68.0,112,Rain: Light,0,0,
57485,2021-10-28 17:05:00,40.689724,-73.734856,3,0,Unspecified,4473177,15.2,7.9,0.0,0.0,0.0,0.0,3,19.1,34.6,28,Overcast,3,3,
57486,2021-10-30 16:21:00,40.690163,-73.98711,1,0,Passing or Lane Usage Improper,4472623,17.8,12.0,7.8,7.8,0.0,16.0,61,38.5,68.0,112,Rain: Light,1,1,
57487,2021-10-30 16:20:00,40.79393,-73.825584,1,0,Failure to Yield Right-of-Way,4472310,17.8,12.0,7.8,7.8,0.0,16.0,61,38.5,68.0,112,Rain: Light,1,1,
57488,2021-10-27 15:55:00,40.606182,-74.07613,0,0,Following Too Closely,4473010,16.1,12.2,6.6,6.6,0.0,6.0,61,33.3,63.0,359,Rain: Light,0,0,
57489,2021-10-30 13:24:00,40.681595,-73.97472,0,0,Failure to Yield Right-of-Way,4472971,17.8,12.0,7.8,7.8,0.0,16.0,61,38.5,68.0,112,Rain: Light,0,0,
57490,2021-10-30 00:16:00,40.788795,-73.93755,3,0,Unsafe Speed,4472466,17.8,12.0,7.8,7.8,0.0,16.0,61,38.5,68.0,112,Rain: Light,3,3,
57491,2021-10-30 05:00:00,40.836437,-73.91842,0,0,Driver Inexperience,4472431,17.8,12.0,7.8,7.8,0.0,16.0,61,38.5,68.0,112,Rain: Light,0,0,
57492,2021-10-30 18:20:00,40.8115,-73.93481,0,0,Reaction to Uninvolved Vehicle,4472890,17.8,12.0,7.8,7.8,0.0,16.0,61,38.5,68.0,112,Rain: Light,0,0,
57493,2021-10-27 22:25:00,40.722485,-73.974396,1,0,Unspecified,4472945,16.1,12.2,6.6,6.6,0.0,6.0,61,33.3,63.0,359,Rain: Light,1,1,
57494,2021-10-30 20:35:00,40.6174,-73.9995,1,0,Driver Inattention/Distraction,4472486,17.8,12.0,7.8,7.8,0.0,16.0,61,38.5,68.0,112,Rain: Light,1,1,
57495,2021-10-29 17:20:00,40.709988,-73.933304,1,0,Failure to Yield Right-of-Way,4473190,13.8,8.3,9.3,9.3,0.0,5.0,63,40.9,73.8,78,Rain: Moderate,1,1,
57496,2021-10-30 13:00:00,40.740746,-73.81403,0,0,Failure to Yield Right-of-Way,4472305,17.8,12.0,7.8,7.8,0.0,16.0,61,38.5,68.0,112,Rain: Light,0,0,
57497,2021-08-21 07:00:00,40.706818,-73.81173,0,0,Unspecified,4473146,27.2,23.0,0.8,0.8,0.0,6.0,51,14.3,29.5,109,Drizzle: Light,0,0,
57498,2021-10-30 00:37:00,40.76364,-73.98514,0,0,Unspecified,4472263,17.8,12.0,7.8,7.8,0.0,16.0,61,38.5,68.0,112,Rain: Light,0,0,