,CRASH DATETIME,LATITUDE,LONGITUDE,NUMBER OF PERSONS INJURED,NUMBER OF PERSONS KILLED,CONTRIBUTING FACTOR VEHICLE 1,COLLISION_ID,temperature_2m_max,temperature_2m_min,precipitation_sum,rain_sum,snowfall_sum,precipitation_hours,weather_code,wind_speed_10m_max,wind_gusts_10m_max,wind_direction_10m_dominant,Weather Description,Severity_Score,Total_Affected_Persons,Weather_Category
57499,2021-10-19 12:47:00,40.610878,-74.002495,0,0,Backing Unsafely,4473027,19.1,8.3,0.0,0.0,0.0,0.0,1,24.6,45.0,272,Mainly clear,0,0,Sunny/Clear Conditions
57500,2021-10-30 08:29:00,40.655212,-73.93272,0,0,Unspecified,4472707,17.8,12.0,7.8,7.8,0.0,16.0,61,38.5,68.0,112,Rain: Light,0,0,
57501,2021-10-30 00:00:00,40.7118,-73.77135,2,0,Driver Inattention/Distraction,4472809,17.8,12.0,7.8,7.8,0.0,16.0,61,38.5,68.0,112,Rain: Light,2,2,
57502,2021-10-30 13:46:00,40.86935,-73.848,3,0,Other Vehicular,4472336,17.8,12.0,7.8,7.8,0.0,16.0,61,38.5,68.0,112,Rain: Light,3,3,
57503,2021-10-30 13:40:00,40.828053,-73.88303,1,0,Unspecified,4472504,17.8,12.0,7.8,7.8,0.0,16.0,61,38.5,68.0,112,Rain: Light,1,1,
57504,2021-10-30 07:42:00,40.675625,-73.89879,0,0,Unspecified,4472759,17.8,12.0,7.8,7.8,0.0,16.0,61,38.5,68.0,112,Rain: Light,0,0,
57505,2021-10-30 20:29:00,40.752197,-73.981834,1,0,Driver Inattention/Distraction,4472611,17.8,12.0,7.8,7.8,0.0,16.0,61,38.5,68.0,112,Rain: Light,1,1,
57506,2021-10-30 09:00:00,40.674606,-73.90832,0,0,Driver Inattention/Distraction,4472250,17.8,12.0,7.8,7.8,0.0,16.0,61,38.5,68.0,112,Rain: Light,0,0,
57507,2021-10-30 02:39:00,40.762093,-73.75691,0,0,Unsafe Speed,4472192,17.8,12.0,7.8,7.8,0.0,16.0,61,38.5,68.0,112,Rain: Light,0,0,
57508,2021-10-30 19:20:00,40.704403,-73.814445,0,0,Driver Inattention/Distraction,4472384,17.8,12.0,7.8,7.8,0.0,16.0,61,38.5,68.0,112,Rain: Light,0,0,
57509,2021-10-30 02:50:00,40.665718,-73.95687,1,0,Unspecified,4473110,17.8,12.0,7.8,7.8,0.0,16.0,61,38.5,68.0,112,Rain: Light,1,1,
57510,2021-10-30 19:06:00,40.781647,-73.8367,0,0,Passing or Lane Usage Improper,4472342,17.8,12.0,7.8,7.8,0.0,16.0,61,38.5,68.0,112,Rain: Light,0,0,
57511,2021-10-24 14:00:00,40.763893,-73.915,0,0,Driver Inattention/Distraction,4472980,15.5,7.6,0.7,0.7,0.0,1.0,53,13.0,23.8,248,Drizzle: Moderate,0,0,
57512,2021-10-30 18:33:00,40.8468,-73.931854,1,0,Driver Inattention/Distraction,4473006,17.8,12.0,7.8,7.8,0.0,16.0,61,38.5,68.0,112,Rain: Light,1,1,
57513,2021-10-30 00:00:00,40.8733,-73.853645,1,0,Driver Inattention/Distraction,4472914,17.8,12.0,7.8,7.8,0.0,16.0,61,38.5,68.0,112,Rain: Light,1,1,
57514,2021-10-30 00:30:00,40.689022,-73.93925,0,0,Unsafe Speed,4473060,17.8,12.0,7.8,7.8,0.0,16.0,61,38.5,68.0,112,Rain: Light,0,0,
57515,2021-10-30 23:40:00,40.761063,-73.873886,0,0,Driver Inattention/Distraction,4472400,17.8,12.0,7.8,7.8,0.0,16.0,61,38.5,68.0,112,Rain: Light,0,0,
57516,2021-10-30 18:20:00,40.582233,-74.16907,0,0,Driver Inattention/Distraction,4472936,17.8,12.0,7.8,7.8,0.0,16.0,61,38.5,68.0,112,Rain: Light,0,0,
57517,2021-10-30 21:00:00,40.606762,-74.16583,1,0,Failure to Yield Right-of-Way,4473104,17.8,12.0,7.8,7.8,0.0,16.0,61,38.5,68.0,112,Rain: Light,1,1,
57518,2021-10-30 22:04:00,40.820004,-73.888885,0,0,Unspecified,4472658,17.8,12.0,7.8,7.8,0.0,16.0,61,38.5,68.0,112,Rain: Light,0,0,
57519,2021-10-30 11:29:00,40.757336,-73.86849,10,0,Unspecified,4472293,17.8,12.0,7.8,7.8,0.0,16.0,61,38.5,68.0,112,Rain: Light,10,10,
57520,2021-10-30 22:47:00,40.681755,-73.81695,1,0,Failure to Yield Right-of-Way,4472748,17.8,12.0,7.8,7.8,0.0,16.0,61,38.5,68.0,112,Rain: Light,1,1,
57521,2021-10-30 03:30:00,40.696033,-73.984535,1,0,Drugs (illegal),4472628,17.8,12.0,7.8,7.8,0.0,16.0,61,38.5,68.0,112,Rain: Light,1,1,
57522,2021-10-30 13:06:00,40.834114,-73.941124,1,0,Driver Inattention/Distraction,4472279,17.8,12.0,7.8,7.8,0.0,16.0,61,38.5,68.0,112,Rain: Light,1,1,
57523,2021-10-30 14:45:00,40.846153,-73.932335,0,0,Unspecified,4472323,17.8,12.0,7.8,7.8,0.0,16.0,61,38.5,68.0,112,Rain: Light,0,0,
57524,2021-10-30 12:00:00,40.59019,-73.944786,0,0,Unspecified,4472825,17.8,12.0,7.8,7.8,0.0,16.0,61,38.5,68.0,112,Rain: Light,0,0,
57525,2021-10-30 22:26:00,40.67851,-73.81435,0,0,Failure to Yield Right-of-Way,4472795,17.8,12.0,7.8,7.8,0.0,16.0,61,38.5,68.0,112,Rain: Light,0,0,
57526,2021-10-30 04:40:00,40.658253,-73.98465,0,0,Pavement Slippery,4472221,17.8,12.0,7.8,7.8,0.0,16.0,61,38.5,68.0,112,Rain: Light,0,0,
57527,2021-10-29 14:04:00,40.826004,-73.91168,0,0,Backing Unsafely,4473062,13.8,8.3,9.3,9.3,0.0,5.0,63,40.9,73.8,78,Rain: Moderate,0,0,
57528,2022-09-24 23:25:00,40.743427,-73.775475,1,0,Following Too Closely,4567276,20.6,9.5,0.0,0.0,0.0,0.0,3,18.8,37.4,295,Overcast,1,1,
57529,2021-10-30 20:03:00,40.69689,-73.74929,0,0,Failure to Yield Right-of-Way,4472929,17.8,12.0,7.8,7.8,0.0,16.0,61,38.5,68.0,112,Rain: Light,0,0,
57530,2021-10-29 18:20:00,40.84177,-73.92549,1,0,Passing Too Closely,4473232,13.8,8.3,9.3,9.3,0.0,5.0,63,40.9,73.8,78,Rain: Moderate,1,1,
57531,2021-10-30 19:40:00,40.84322,-73.939186,0,0,Driver Inattention/Distraction,4472491,17.8,12.0,7.8,7.8,0.0,16.0,61,38.5,68.0,112,Rain: Light,0,0,
57532,2021-10-29 12:25:00,40.852474,-73.92961,0,0,Backing Unsafely,4472997,13.8,8.3,9.3,9.3,0.0,5.0,63,40.9,73.8,78,Rain: Moderate,0,0,
57533,2021-10-30 02:30:00,40.74105,-73.72587,0,0,Driver Inattention/Distraction,4472184,17.8,12.0,7.8,7.8,0.0,16.0,61,38.5,68.0,112,Rain: Light,0,0,
57534,2021-10-30 06:34:00,40.785866,-73.950935,0,0,Driver Inattention/Distraction,4472547,17.8,12.0,7.8,7.8,0.0,16.0,61,38.5,68.0,112,Rain: Light,0,0,
57535,2021-10-30 12:00:00,40.67706,-73.96598,0,0,Driver Inattention/Distraction,4472592,17.8,12.0,7.8,7.8,0.0,16.0,61,38.5,68.0,112,Rain: Light,0,0,
57536,2021-09-30 14:37:00,40.7389,-73.73378,4,0,Unsafe Speed,4462674,18.8,13.1,0.0,0.0,0.0,0.0,3,18.1,37.4,330,Overcast,4,4,
57537,2021-10-29 18:16:00,40.644913,-73.97443,1,0,Unspecified,4473051,13.8,8.3,9.3,9.3,0.0,5.0,63,40.9,73.8,78,Rain: Moderate,1,1,
57538,2021-10-30 19:12:00,40.675346,-73.92198,1,0,,4472396,17.8,12.0,7.8,7.8,0.0,16.0,61,38.5,68.0,112,Rain: Light,1,1,
57539,2021-10-30 23:25:00,40.763897,-73.95323,1,0,Unspecified,4472863,17.8,12.0,7.8,7.8,0.0,16.0,61,38.5,68.0,112,Rain: Light,1,1,
57540,2021-10-30 00:20:00,40.87739,-73.8665,0,0,Alcohol Involvement,4472458,17.8,12.0,7.8,7.8,0.0,16.0,61,38.5,68.0,112,Rain: Light,0,0,
57541,2021-10-29 06:00:00,40.767117,-73.956505,0,0,Driver Inattention/Distraction,4473095,13.8,8.3,9.3,9.3,0.0,5.0,63,40.9,73.8,78,Rain: Moderate,0,0,
57542,2021-10-30 22:00:00,40.726128,-73.93902,0,0,Unspecified,4473254,17.8,12.0,7.8,7.8,0.0,16.0,61,38.5,68.0,112,Rain: Light,0,0,
57543,2021-10-30 00:00:00,40.752895,-73.98925,3,0,Passing or Lane Usage Improper,4472585,17.8,12.0,7.8,7.8,0.0,16.0,61,38.5,68.0,112,Rain: Light,3,3,
57544,2021-10-30 16:25:00,40.66255,-73.732895,2,0,Following Too Closely,4472316,17.8,12.0,7.8,7.8,0.0,16.0,61,38.5,68.0,112,Rain: Light,2,2,
57545,2021-10-30 04:15:00,40.718864,-73.97483,1,0,Unspecified,4472209,17.8,12.0,7.8,7.8,0.0,16.0,61,38.5,68.0,112,Rain: Light,1,1,
57546,2021-10-30 14:10:00,40.653038,-73.91523,1,0,Unspecified,4472713,17.8,12.0,7.8,7.8,0.0,16.0,61,38.5,68.0,112,Rain: Light,1,1,
57547,2021-10-30 04:26:00,40.85809,-73.901924,0,0,Driver Inattention/Distraction,4472875,17.8,12.0,7.8,7.8,0.0,16.0,61,38.5,68.0,112,Rain: Light,0,0,
57548,2021-07-21 12:54:00,40.5833,-73.96133,0,0,Unspecified,4439327,27.6,20.9,1.4,1.4,0.0,4.0,53,16.0,31.3,315,Drizzle: Moderate,0,0,
57549,2021-10-30 18:38:00,40.628036,-74.00656,1,0,Failure to Yield Right-of-Way,4472364,17.8,12.0,7.8,7.8,0.0,16.0,61,38.5,68.0,112,Rain: Light,1,1,
57550,2021-10-30 08:30:00,40.708626,-73.77957,0,0,Driver Inattention/Distraction,4472347,17.8,12.0,7.8,7.8,0.0,16.0,61,38.5,68.0,112,Rain: Light,0,0,
57551,2021-10-30 19:10:00,40.64254,-73.87652,0,0,Following Too Closely,4472778,17.8,12.0,7.8,7.8,0.0,16.0,61,38.5,68.0,112,Rain: Light,0,0,
57552,2021-10-29 21:35:00,40.832455,-73.898415,0,0,Unspecified,4473071,13.8,8.3,9.3,9.3,0.0,5.0,63,40.9,73.8,78,Rain: Moderate,0,0,
57553,2021-10-30 03:35:00,40.84195,-73.84396,0,0,Driver Inattention/Distraction,4472450,17.8,12.0,7.8,7.8,0.0,16.0,61,38.5,68.0,112,Rain: Light,0,0,
57554,2021-10-30 12:26:00,40.66758,-73.737404,1,0,Unspecified,4472497,17.8,12.0,7.8,7.8,0.0,16.0,61,38.5,68.0,112,Rain: Light,1,1,
57555,2021-10-28 13:05:00,40.858784,-73.90853,0,0,Other Vehicular,4473019,15.2,7.9,0.0,0.0,0.0,0.0,3,19.1,34.6,28,Overcast,0,0,
57556,2021-10-30 04:40:00,40.80056,-73.95614,0,0,Driver Inattention/Distraction,4472965,17.8,12.0,7.8,7.8,0.0,16.0,61,38.5,68.0,112,Rain: Light,0,0,
57557,2021-10-23 19:47:00,40.84506,-73.916855,0,0,Driver Inattention/Distraction,4473214,15.9,10.4,0.2,0.2,0.0,2.0,51,14.4,26.6,326,Drizzle: Light,0,0,
57558,2021-09-24 02:51:00,40.66158,-73.772865,1,0,Unspecified,4460373,22.4,15.6,26.0,26.0,0.0,9.0,63,14.2,29.9,274,Rain: Moderate,1,1,
57559,2021-10-30 19:00:00,40.73817,-73.97761,0,0,Unsafe Speed,4472533,17.8,12.0,7.8,7.8,0.0,16.0,61,38.5,68.0,112,Rain: Light,0,0,
57560,2021-10-30 05:00:00,40.707478,-74.00044,1,0,View Obstructed/Limited,4472402,17.8,12.0,7.8,7.8,0.0,16.0,61,38.5,68.0,112,Rain: Light,1,1,
57561,2021-10-24 00:01:00,40.703827,-73.917336,0,0,Driver Inexperience,4472941,15.5,7.6,0.7,0.7,0.0,1.0,53,13.0,23.8,248,Drizzle: Moderate,0,0,
57562,2021-10-30 13:30:00,40.608612,-74.13098,0,0,Unspecified,4472952,17.8,12.0,7.8,7.8,0.0,16.0,61,38.5,68.0,112,Rain: Light,0,0,
57563,2021-10-30 12:30:00,40.679333,-73.97533,0,0,Unspecified,4472974,17.8,12.0,7.8,7.8,0.0,16.0,61,38.5,68.0,112,Rain: Light,0,0,
57564,2021-10-30 19:30:00,40.601948,-73.99382,0,0,Unspecified,4472468,17.8,12.0,7.8,7.8,0.0,16.0,61,38.5,68.0,112,Rain: Light,0,0,
57565,2021-12-12 14:23:00,40.830906,-73.8736,2,0,Driver Inattention/Distraction,4485822,13.0,3.4,0.5,0.5,0.0,1.0,53,32.4,62.6,284,Drizzle: Moderate,2,2,
57566,2021-12-12 21:30:00,40.582954,-73.95811,0,0,Following Too Closely,4485891,13.0,3.4,0.5,0.5,0.0,1.0,53,32.4,62.6,284,Drizzle: Moderate,0,0,
57567,2021-12-10 06:30:00,40.69632,-73.960625,0,0,Driver Inattention/Distraction,4486436,8.5,1.6,0.0,0.0,0.0,0.0,3,9.8,20.5,183,Overcast,0,0,
57568,2021-12-12 04:12:00,40.803593,-73.919785,0,0,Driver Inattention/Distraction,4485863,13.0,3.4,0.5,0.5,0.0,1.0,53,32.4,62.6,284,Drizzle: Moderate,0,0,
57569,2021-12-12 10:55:00,40.86543,-73.86737,0,0,Driver Inattention/Distraction,4485942,13.0,3.4,0.5,0.5,0.0,1.0,53,32.4,62.6,284,Drizzle: Moderate,0,0,
57570,2021-12-07 09:00:00,40.66721,-73.780846,0,0,Following Too Closely,4486395,8.6,0.8,0.1,0.1,0.0,1.0,51,27.2,49.3,283,Drizzle: Light,0,0,
57571,2021-12-12 03:15:00,40.623833,-73.961136,0,0,Outside Car Distraction,4485521,13.0,3.4,0.5,0.5,0.0,1.0,53,32.4,62.6,284,Drizzle: Moderate,0,0,
57572,2021-12-12 14:00:00,40.60071,-73.75376,0,0,Following Too Closely,4485960,13.0,3.4,0.5,0.5,0.0,1.0,53,32.4,62.6,284,Drizzle: Moderate,0,0,
57573,2021-12-02 18:32:00,40.892918,-73.89667,0,0,Following Too Closely,4486461,13.2,5.4,3.4,3.4,0.0,10.0,55,28.0,46.8,215,Drizzle: Dense,0,0,
57574,2021-12-09 10:00:00,40.655396,-73.95065,0,0,Passing or Lane Usage Improper,4486502,3.6,-2.0,0.1,0.0,0.07,1.0,71,19.2,33.8,295,Snow fall: Light,0,0,Snowy Conditions
57575,2022-09-24 18:00:00,40.847794,-73.934845,0,0,Turning Improperly,4567356,20.6,9.5,0.0,0.0,0.0,0.0,3,18.8,37.4,295,Overcast,0,0,
57576,2022-09-20 08:50:00,40.61132,-74.114716,5,0,Unsafe Lane Changing,4567481,25.7,17.7,0.0,0.0,0.0,0.0,3,19.0,35.3,296,Overcast,5,5,
57577,2022-09-19 07:03:00,40.68079,-73.99174,1,0,Passing or Lane Usage Improper,4567413,30.1,19.0,4.9,4.9,0.0,3.0,63,22.4,44.3,241,Rain: Moderate,1,1,
57578,2022-09-23 14:50:00,40.738686,-73.81696,0,0,Driver Inattention/Distraction,4567471,16.4,10.0,0.0,0.0,0.0,0.0,0,31.1,56.9,323,Clear sky,0,0,Sunny/Clear Conditions
57579,2022-09-24 02:00:00,40.745785,-73.889336,0,0,Driver Inattention/Distraction,4566827,20.6,9.5,0.0,0.0,0.0,0.0,3,18.8,37.4,295,Overcast,0,0,
57580,2022-09-24 14:30:00,40.825687,-73.87066,0,0,Unsafe Speed,4566881,20.6,9.5,0.0,0.0,0.0,0.0,3,18.8,37.4,295,Overcast,0,0,
57581,2022-09-24 16:40:00,40.648182,-73.93001,0,0,Reaction to Uninvolved Vehicle,4567177,20.6,9.5,0.0,0.0,0.0,0.0,3,18.8,37.4,295,Overcast,0,0,
57582,2022-09-18 00:33:00,40.672905,-73.98981,1,0,Alcohol Involvement,4567647,28.7,17.1,0.0,0.0,0.0,0.0,3,20.2,36.7,233,Overcast,1,1,
57583,2022-09-17 22:54:00,40.87934,-73.84151,0,0,Unspecified,4567404,22.9,16.8,0.0,0.0,0.0,0.0,3,16.9,32.0,115,Overcast,0,0,
57584,2022-09-20 12:20:00,40.899452,-73.84515,1,0,Failure to Yield Right-of-Way,4567534,25.7,17.7,0.0,0.0,0.0,0.0,3,19.0,35.3,296,Overcast,1,1,
57585,2022-09-21 13:43:00,40.703163,-73.90828,0,0,Passing Too Closely,4567660,26.5,16.0,0.0,0.0,0.0,0.0,3,19.4,36.7,252,Overcast,0,0,
57586,2022-09-24 03:55:00,40.643246,-73.94877,0,0,Traffic Control Disregarded,4566923,20.6,9.5,0.0,0.0,0.0,0.0,3,18.8,37.4,295,Overcast,0,0,
57587,2022-09-24 03:59:00,40.703587,-73.944336,0,0,Driver Inattention/Distraction,4567053,20.6,9.5,0.0,0.0,0.0,0.0,3,18.8,37.4,295,Overcast,0,0,
57588,2022-09-23 22:20:00,40.592422,-73.99508,1,0,Unspecified,4567585,16.4,10.0,0.0,0.0,0.0,0.0,0,31.1,56.9,323,Clear sky,1,1,Sunny/Clear Conditions
57589,2022-09-24 15:07:00,40.695995,-73.96742,0,0,Unspecified,4566848,20.6,9.5,0.0,0.0,0.0,0.0,3,18.8,37.4,295,Overcast,0,0,
57590,2022-09-20 15:10:00,40.630127,-73.99005,1,0,Unspecified,4567518,25.7,17.7,0.0,0.0,0.0,0.0,3,19.0,35.3,296,Overcast,1,1,
57591,2022-09-18 12:25:00,40.76109,-73.97326,0,0,Backing Unsafely,4567426,28.7,17.1,0.0,0.0,0.0,0.0,3,20.2,36.7,233,Overcast,0,0,
57592,2022-09-23 18:55:00,40.7272,-73.74922,2,0,Unspecified,4567507,16.4,10.0,0.0,0.0,0.0,0.0,0,31.1,56.9,323,Clear sky,2,2,Sunny/Clear Conditions
57593,2022-08-30 15:20:00,40.625786,-73.89309,4,0,Unsafe Lane Changing,4567574,30.1,21.5,2.7,2.7,0.0,2.0,61,28.0,52.6,188,Rain: Light,4,4,
57594,2022-09-24 04:20:00,40.870888,-73.872215,2,0,Other Vehicular,4567264,20.6,9.5,0.0,0.0,0.0,0.0,3,18.8,37.4,295,Overcast,2,2,
57595,2022-09-23 10:35:00,40.69969,-73.798645,1,0,View Obstructed/Limited,4567547,16.4,10.0,0.0,0.0,0.0,0.0,0,31.1,56.9,323,Clear sky,1,1,Sunny/Clear Conditions
57596,2022-09-24 15:50:00,40.71827,-73.88264,1,0,Unspecified,4567342,20.6,9.5,0.0,0.0,0.0,0.0,3,18.8,37.4,295,Overcast,1,1,
57597,2022-09-23 09:30:00,40.784245,-73.9471,0,0,Unspecified,4567396,16.4,10.0,0.0,0.0,0.0,0.0,0,31.1,56.9,323,Clear sky,0,0,Sunny/Clear Conditions
57598,2022-09-24 15:20:00,40.726242,-73.937805,0,0,Passing or Lane Usage Improper,4567639,20.6,9.5,0.0,0.0,0.0,0.0,3,18.8,37.4,295,Overcast,0,0,
57599,2022-09-24 00:01:00,40.69467,-73.93115,0,0,Driver Inattention/Distraction,4566936,20.6,9.5,0.0,0.0,0.0,0.0,3,18.8,37.4,295,Overcast,0,0,
57600,2022-09-20 22:18:00,40.644913,-73.97443,1,0,Driver Inattention/Distraction,4567523,25.7,17.7,0.0,0.0,0.0,0.0,3,19.0,35.3,296,Overcast,1,1,
57601,2022-09-16 21:30:00,40.749733,-73.936104,0,0,Following Too Closely,4567666,23.7,11.9,0.0,0.0,0.0,0.0,3,10.3,21.6,336,Overcast,0,0,
57602,2022-09-23 17:57:00,40.719204,-73.99037,0,0,Driver Inattention/Distraction,4567374,16.4,10.0,0.0,0.0,0.0,0.0,0,31.1,56.9,323,Clear sky,0,0,Sunny/Clear Conditions
57603,2022-09-24 20:30:00,0.0,0.0,1,0,Aggressive Driving/Road Rage,4567158,20.6,9.5,0.0,0.0,0.0,0.0,3,18.8,37.4,295,Overcast,1,1,
57604,2022-09-16 21:45:00,40.721134,-73.903946,0,0,Unspecified,4567375,23.7,11.9,0.0,0.0,0.0,0.0,3,10.3,21.6,336,Overcast,0,0,
57605,2022-09-24 23:15:00,40.635185,-73.92862,0,0,Alcohol Involvement,4567321,20.6,9.5,0.0,0.0,0.0,0.0,3,18.8,37.4,295,Overcast,0,0,
57606,2022-09-23 21:00:00,40.697872,-73.802376,1,0,Unspecified,4567552,16.4,10.0,0.0,0.0,0.0,0.0,0,31.1,56.9,323,Clear sky,1,1,Sunny/Clear Conditions
57607,2022-09-24 02:00:00,40.745068,-73.97258,0,0,Unspecified,4566734,20.6,9.5,0.0,0.0,0.0,0.0,3,18.8,37.4,295,Overcast,0,0,
57608,2022-09-24 14:18:00,40.607655,-73.99867,0,0,Other Vehicular,4567609,20.6,9.5,0.0,0.0,0.0,0.0,3,18.8,37.4,295,Overcast,0,0,
57609,2022-09-24 17:50:00,40.660862,-73.90961,0,0,Unspecified,4567027,20.6,9.5,0.0,0.0,0.0,0.0,3,18.8,37.4,295,Overcast,0,0,
57610,2022-09-17 20:40:00,40.674736,-73.925,0,0,Unspecified,4567493,22.9,16.8,0.0,0.0,0.0,0.0,3,16.9,32.0,115,Overcast,0,0,
57611,2022-09-19 10:58:00,40.714485,-74.013596,0,0,Unspecified,4567690,30.1,19.0,4.9,4.9,0.0,3.0,63,22.4,44.3,241,Rain: Moderate,0,0,
57612,2022-09-20 23:31:00,40.541378,-74.16979,0,0,Driver Inattention/Distraction,4567665,25.7,17.7,0.0,0.0,0.0,0.0,3,19.0,35.3,296,Overcast,0,0,
57613,2022-09-23 17:30:00,40.880913,-73.85708,0,0,Unspecified,4567539,16.4,10.0,0.0,0.0,0.0,0.0,0,31.1,56.9,323,Clear sky,0,0,Sunny/Clear Conditions
57614,2022-09-24 05:15:00,40.699238,-73.74354,0,0,Unspecified,4566765,20.6,9.5,0.0,0.0,0.0,0.0,3,18.8,37.4,295,Overcast,0,0,
57615,2022-09-22 10:08:00,40.58715,-73.991104,0,0,Unspecified,4567558,24.9,14.3,9.1,9.1,0.0,7.0,63,24.6,44.6,273,Rain: Moderate,0,0,
57616,2022-09-24 08:23:00,40.821144,-73.8889,0,0,Unspecified,4566931,20.6,9.5,0.0,0.0,0.0,0.0,3,18.8,37.4,295,Overcast,0,0,
57617,2022-09-24 22:55:00,40.69174,-73.91401,0,0,Passing or Lane Usage Improper,4567333,20.6,9.5,0.0,0.0,0.0,0.0,3,18.8,37.4,295,Overcast,0,0,
57618,2022-01-18 18:15:00,40.84298,-73.940575,2,0,Driver Inattention/Distraction,4495676,1.7,-4.9,0.0,0.0,0.0,0.0,3,30.9,58.3,294,Overcast,2,2,
57619,2022-01-18 00:00:00,40.81008,-73.92311,0,0,Unspecified,4496816,1.7,-4.9,0.0,0.0,0.0,0.0,3,30.9,58.3,294,Overcast,0,0,
57620,2022-01-21 08:21:00,40.72846,-73.95737,0,0,Failure to Yield Right-of-Way,4496801,-5.3,-11.6,0.0,0.0,0.0,0.0,3,21.9,40.0,2,Overcast,0,0,
57621,2022-01-21 07:15:00,40.87781,-73.886856,1,0,Failure to Yield Right-of-Way,4496844,-5.3,-11.6,0.0,0.0,0.0,0.0,3,21.9,40.0,2,Overcast,1,1,
57622,2022-01-18 16:05:00,40.825077,-73.890594,0,0,Unspecified,4496826,1.7,-4.9,0.0,0.0,0.0,0.0,3,30.9,58.3,294,Overcast,0,0,
57623,2022-02-21 14:40:00,40.863163,-73.86454,0,0,Following Too Closely,4504707,9.9,-1.9,0.0,0.0,0.0,0.0,3,19.2,35.3,192,Overcast,0,0,
57624,2022-01-10 09:41:00,40.87626,-73.90395,1,0,Unspecified,4494457,4.1,-4.3,0.0,0.0,0.0,0.0,3,24.1,44.3,295,Overcast,1,1,
57625,2022-07-06 10:30:00,40.664974,-73.89702,0,0,Unspecified,4544235,31.6,21.7,0.2,0.2,0.0,1.0,51,19.0,37.1,299,Drizzle: Light,0,0,
57626,2022-02-21 21:45:00,40.671085,-73.736275,0,0,Unspecified,4504748,9.9,-1.9,0.0,0.0,0.0,0.0,3,19.2,35.3,192,Overcast,0,0,
57627,2022-01-19 09:50:00,40.692356,-73.94282,0,0,Following Too Closely,4496645,7.6,-4.9,0.0,0.0,0.0,0.0,3,23.5,43.2,208,Overcast,0,0,
57628,2022-01-19 17:50:00,40.64614,-73.93271,0,0,Unspecified,4495863,7.6,-4.9,0.0,0.0,0.0,0.0,3,23.5,43.2,208,Overcast,0,0,
57629,2022-01-16 09:05:00,40.812572,-73.950935,0,0,Other Vehicular,4496614,1.3,-13.5,4.4,0.7,2.59,4.0,75,28.1,47.2,36,Snow fall: Heavy,0,0,Snowy Conditions
57630,2022-01-20 12:05:00,40.742874,-73.933945,1,0,Driver Inattention/Distraction,4496229,5.2,-5.5,7.3,4.6,1.89,10.0,73,22.3,40.0,315,Snow fall: Moderate,1,1,Snowy Conditions
57631,2022-01-19 22:43:00,40.66796,-73.77155,1,0,Passing or Lane Usage Improper,4495968,7.6,-4.9,0.0,0.0,0.0,0.0,3,23.5,43.2,208,Overcast,1,1,
57632,2022-01-19 05:09:00,40.65932,-73.93412,0,0,Backing Unsafely,4495911,7.6,-4.9,0.0,0.0,0.0,0.0,3,23.5,43.2,208,Overcast,0,0,
57633,2022-01-21 04:25:00,40.705013,-73.74649,0,0,Unsafe Speed,4496211,-5.3,-11.6,0.0,0.0,0.0,0.0,3,21.9,40.0,2,Overcast,0,0,
57634,2022-01-19 14:42:00,40.69616,-73.78661,0,0,Passing or Lane Usage Improper,4496197,7.6,-4.9,0.0,0.0,0.0,0.0,3,23.5,43.2,208,Overcast,0,0,
57635,2022-01-09 14:06:00,40.673676,-73.79376,0,0,Unsafe Speed,4496613,4.0,-5.3,5.1,5.1,0.0,12.0,53,23.8,42.1,220,Drizzle: Moderate,0,0,
57636,2022-01-21 00:18:00,40.76428,-73.97302,0,0,Driver Inattention/Distraction,4496111,-5.3,-11.6,0.0,0.0,0.0,0.0,3,21.9,40.0,2,Overcast,0,0,
57637,2022-01-21 08:40:00,40.708927,-73.85331,1,0,Backing Unsafely,4496340,-5.3,-11.6,0.0,0.0,0.0,0.0,3,21.9,40.0,2,Overcast,1,1,
57638,2022-01-21 00:47:00,40.627857,-74.0233,1,0,Passing or Lane Usage Improper,4496087,-5.3,-11.6,0.0,0.0,0.0,0.0,3,21.9,40.0,2,Overcast,1,1,
57639,2022-01-19 00:22:00,40.766552,-73.89476,0,0,Driver Inattention/Distraction,4495616,7.6,-4.9,0.0,0.0,0.0,0.0,3,23.5,43.2,208,Overcast,0,0,
57640,2022-01-07 08:00:00,40.75488,-73.89929,0,0,Pavement Slippery,4496495,-0.0,-5.7,9.0,0.0,6.3,11.0,75,26.8,48.6,313,Snow fall: Heavy,0,0,Snowy Conditions
57641,2022-01-21 16:30:00,40.782475,-73.98082,0,0,Traffic Control Disregarded,4496678,-5.3,-11.6,0.0,0.0,0.0,0.0,3,21.9,40.0,2,Overcast,0,0,
57642,2022-01-19 16:05:00,40.791046,-73.95138,0,0,Driver Inattention/Distraction,4495893,7.6,-4.9,0.0,0.0,0.0,0.0,3,23.5,43.2,208,Overcast,0,0,
57643,2022-01-21 14:37:00,40.710888,-74.00907,0,0,Driver Inattention/Distraction,4496356,-5.3,-11.6,0.0,0.0,0.0,0.0,3,21.9,40.0,2,Overcast,0,0,
57644,2022-01-21 14:21:00,40.694035,-73.72679,0,0,Following Too Closely,4496272,-5.3,-11.6,0.0,0.0,0.0,0.0,3,21.9,40.0,2,Overcast,0,0,
57645,2022-01-20 13:20:00,40.796844,-73.93743,0,0,Following Too Closely,4496012,5.2,-5.5,7.3,4.6,1.89,10.0,73,22.3,40.0,315,Snow fall: Moderate,0,0,Snowy Conditions