,CRASH DATETIME,LATITUDE,LONGITUDE,NUMBER OF PERSONS INJURED,NUMBER OF PERSONS KILLED,CONTRIBUTING FACTOR VEHICLE 1,COLLISION_ID,temperature_2m_max,temperature_2m_min,precipitation_sum,rain_sum,snowfall_sum,precipitation_hours,weather_code,wind_speed_10m_max,wind_gusts_10m_max,wind_direction_10m_dominant,Weather Description,Severity_Score,Total_Affected_Persons,Weather_Category
57646,2022-01-16 15:51:00,40.71152,-73.7908,1,0,Driver Inattention/Distraction,4496422,1.3,-13.5,4.4,0.7,2.59,4.0,75,28.1,47.2,36,Snow fall: Heavy,1,1,Snowy Conditions
57647,2022-01-19 09:50:00,40.773975,-73.948555,0,0,Driver Inattention/Distraction,4495934,7.6,-4.9,0.0,0.0,0.0,0.0,3,23.5,43.2,208,Overcast,0,0,
57648,2022-01-18 18:12:00,40.840485,-73.93837,1,0,Traffic Control Disregarded,4496718,1.7,-4.9,0.0,0.0,0.0,0.0,3,30.9,58.3,294,Overcast,1,1,
57649,2022-01-19 12:00:00,40.66652,-73.73645,0,0,Driver Inattention/Distraction,4496069,7.6,-4.9,0.0,0.0,0.0,0.0,3,23.5,43.2,208,Overcast,0,0,
57650,2022-01-19 14:35:00,40.828068,-73.87298,0,0,Following Too Closely,4496140,7.6,-4.9,0.0,0.0,0.0,0.0,3,23.5,43.2,208,Overcast,0,0,
57651,2022-01-20 15:55:00,40.836094,-73.904205,0,0,Passing Too Closely,4496172,5.2,-5.5,7.3,4.6,1.89,10.0,73,22.3,40.0,315,Snow fall: Moderate,0,0,Snowy Conditions
57652,2022-01-19 02:25:00,40.67392,-73.91012,0,0,Unspecified,4495666,7.6,-4.9,0.0,0.0,0.0,0.0,3,23.5,43.2,208,Overcast,0,0,
57653,2022-01-21 19:30:00,40.678623,-73.990265,0,0,Unspecified,4496316,-5.3,-11.6,0.0,0.0,0.0,0.0,3,21.9,40.0,2,Overcast,0,0,
57654,2022-01-19 09:20:00,40.640915,-73.97365,0,0,Driver Inattention/Distraction,4495943,7.6,-4.9,0.0,0.0,0.0,0.0,3,23.5,43.2,208,Overcast,0,0,
57655,2022-01-20 15:30:00,40.76635,-73.95103,0,0,Following Too Closely,4496109,5.2,-5.5,7.3,4.6,1.89,10.0,73,22.3,40.0,315,Snow fall: Moderate,0,0,Snowy Conditions
57656,2022-01-18 03:30:00,40.748383,-73.90514,0,0,Driver Inattention/Distraction,4496243,1.7,-4.9,0.0,0.0,0.0,0.0,3,30.9,58.3,294,Overcast,0,0,
57657,2022-01-21 08:35:00,40.634834,-74.029366,0,0,Driver Inattention/Distraction,4496305,-5.3,-11.6,0.0,0.0,0.0,0.0,3,21.9,40.0,2,Overcast,0,0,
57658,2022-01-21 06:38:00,40.862392,-73.91802,0,0,Driver Inattention/Distraction,4496663,-5.3,-11.6,0.0,0.0,0.0,0.0,3,21.9,40.0,2,Overcast,0,0,
57659,2022-01-19 09:30:00,40.888393,-73.90884,0,0,Unspecified,4496402,7.6,-4.9,0.0,0.0,0.0,0.0,3,23.5,43.2,208,Overcast,0,0,
57660,2022-01-21 16:43:00,40.64638,-73.9288,0,0,Unspecified,4496581,-5.3,-11.6,0.0,0.0,0.0,0.0,3,21.9,40.0,2,Overcast,0,0,
57661,2022-01-20 10:24:00,40.81711,-73.89204,0,0,Unspecified,4496133,5.2,-5.5,7.3,4.6,1.89,10.0,73,22.3,40.0,315,Snow fall: Moderate,0,0,Snowy Conditions
57662,2022-01-20 02:50:00,40.757534,-73.97097,1,0,Pavement Slippery,4496706,5.2,-5.5,7.3,4.6,1.89,10.0,73,22.3,40.0,315,Snow fall: Moderate,1,1,Snowy Conditions
57663,2022-01-20 13:52:00,40.606422,-74.0147,0,0,Driver Inattention/Distraction,4496051,5.2,-5.5,7.3,4.6,1.89,10.0,73,22.3,40.0,315,Snow fall: Moderate,0,0,Snowy Conditions
57664,2022-01-21 00:47:00,40.752724,-73.996796,0,0,Following Too Closely,4496551,-5.3,-11.6,0.0,0.0,0.0,0.0,3,21.9,40.0,2,Overcast,0,0,
57665,2022-01-19 05:47:00,40.76501,-73.8871,0,0,Driver Inattention/Distraction,4495709,7.6,-4.9,0.0,0.0,0.0,0.0,3,23.5,43.2,208,Overcast,0,0,
57666,2022-01-21 00:00:00,40.726173,-74.01097,0,0,Unspecified,4496249,-5.3,-11.6,0.0,0.0,0.0,0.0,3,21.9,40.0,2,Overcast,0,0,
57667,2022-01-21 13:20:00,40.79847,-73.96901,0,0,Passing Too Closely,4496248,-5.3,-11.6,0.0,0.0,0.0,0.0,3,21.9,40.0,2,Overcast,0,0,
57668,2022-01-19 15:50:00,40.82497,-73.92228,2,0,Passing Too Closely,4495838,7.6,-4.9,0.0,0.0,0.0,0.0,3,23.5,43.2,208,Overcast,2,2,
57669,2022-01-21 19:00:00,40.70005,-73.95032,0,0,Driver Inattention/Distraction,4496451,-5.3,-11.6,0.0,0.0,0.0,0.0,3,21.9,40.0,2,Overcast,0,0,
57670,2022-01-21 16:40:00,40.624847,-73.98888,0,0,Unspecified,4496488,-5.3,-11.6,0.0,0.0,0.0,0.0,3,21.9,40.0,2,Overcast,0,0,
57671,2022-01-20 09:59:00,40.714508,-74.008736,0,0,Unspecified,4495975,5.2,-5.5,7.3,4.6,1.89,10.0,73,22.3,40.0,315,Snow fall: Moderate,0,0,Snowy Conditions
57672,2022-01-21 09:30:00,40.677532,-73.76635,0,0,Driver Inattention/Distraction,4496381,-5.3,-11.6,0.0,0.0,0.0,0.0,3,21.9,40.0,2,Overcast,0,0,
57673,2022-01-19 20:13:00,40.678062,-73.85921,1,0,Failure to Yield Right-of-Way,4496346,7.6,-4.9,0.0,0.0,0.0,0.0,3,23.5,43.2,208,Overcast,1,1,
57674,2022-01-20 08:40:00,40.7059,-73.96016,0,0,Driver Inattention/Distraction,4496761,5.2,-5.5,7.3,4.6,1.89,10.0,73,22.3,40.0,315,Snow fall: Moderate,0,0,Snowy Conditions
57675,2022-01-21 06:30:00,40.836018,-73.9243,1,0,Failure to Yield Right-of-Way,4496204,-5.3,-11.6,0.0,0.0,0.0,0.0,3,21.9,40.0,2,Overcast,1,1,
57676,2022-01-21 19:55:00,40.8076,-73.93719,0,0,Traffic Control Disregarded,4496465,-5.3,-11.6,0.0,0.0,0.0,0.0,3,21.9,40.0,2,Overcast,0,0,
57677,2022-01-19 11:50:00,40.754692,-73.93666,0,0,Backing Unsafely,4495989,7.6,-4.9,0.0,0.0,0.0,0.0,3,23.5,43.2,208,Overcast,0,0,
57678,2022-01-21 05:08:00,40.72949,-73.99333,1,0,Obstruction/Debris,4496683,-5.3,-11.6,0.0,0.0,0.0,0.0,3,21.9,40.0,2,Overcast,1,1,
57679,2022-01-20 09:30:00,40.761436,-73.76995,0,0,Unspecified,4496017,5.2,-5.5,7.3,4.6,1.89,10.0,73,22.3,40.0,315,Snow fall: Moderate,0,0,Snowy Conditions
57680,2022-01-19 17:05:00,40.719624,-73.91132,0,0,Oversized Vehicle,4495815,7.6,-4.9,0.0,0.0,0.0,0.0,3,23.5,43.2,208,Overcast,0,0,
57681,2022-01-21 18:55:00,40.74947,-73.7564,1,0,Following Too Closely,4496281,-5.3,-11.6,0.0,0.0,0.0,0.0,3,21.9,40.0,2,Overcast,1,1,
57682,2022-01-19 10:45:00,40.74105,-73.72587,3,0,Unspecified,4495772,7.6,-4.9,0.0,0.0,0.0,0.0,3,23.5,43.2,208,Overcast,3,3,
57683,2022-01-20 07:40:00,40.760586,-73.84592,0,0,Turning Improperly,4496152,5.2,-5.5,7.3,4.6,1.89,10.0,73,22.3,40.0,315,Snow fall: Moderate,0,0,Snowy Conditions
57684,2022-01-21 00:58:00,40.66323,-73.93161,0,0,Driver Inattention/Distraction,4496184,-5.3,-11.6,0.0,0.0,0.0,0.0,3,21.9,40.0,2,Overcast,0,0,
57685,2022-01-21 20:35:00,40.78169,-73.91374,0,0,Driver Inattention/Distraction,4496507,-5.3,-11.6,0.0,0.0,0.0,0.0,3,21.9,40.0,2,Overcast,0,0,
57686,2022-01-20 11:30:00,40.71376,-73.9793,1,0,Driver Inattention/Distraction,4496300,5.2,-5.5,7.3,4.6,1.89,10.0,73,22.3,40.0,315,Snow fall: Moderate,1,1,Snowy Conditions
57687,2022-01-19 10:10:00,40.830723,-73.82322,1,0,Driver Inattention/Distraction,4495801,7.6,-4.9,0.0,0.0,0.0,0.0,3,23.5,43.2,208,Overcast,1,1,
57688,2022-01-19 08:43:00,40.745106,-73.97078,0,0,Unspecified,4495773,7.6,-4.9,0.0,0.0,0.0,0.0,3,23.5,43.2,208,Overcast,0,0,
57689,2022-01-18 11:50:00,40.68787,-73.98421,0,0,Backing Unsafely,4496654,1.7,-4.9,0.0,0.0,0.0,0.0,3,30.9,58.3,294,Overcast,0,0,
57690,2022-01-20 21:19:00,40.655422,-73.95007,1,0,Failure to Yield Right-of-Way,4496120,5.2,-5.5,7.3,4.6,1.89,10.0,73,22.3,40.0,315,Snow fall: Moderate,1,1,Snowy Conditions
57691,2022-01-16 18:15:00,40.760338,-73.89477,1,0,Failure to Yield Right-of-Way,4496253,1.3,-13.5,4.4,0.7,2.59,4.0,75,28.1,47.2,36,Snow fall: Heavy,1,1,Snowy Conditions
57692,2022-01-19 17:16:00,40.6755,-73.73864,0,0,Driver Inexperience,4495830,7.6,-4.9,0.0,0.0,0.0,0.0,3,23.5,43.2,208,Overcast,0,0,
57693,2022-01-19 04:00:00,40.861835,-73.89172,0,0,Alcohol Involvement,4495727,7.6,-4.9,0.0,0.0,0.0,0.0,3,23.5,43.2,208,Overcast,0,0,
57694,2022-01-20 15:34:00,40.789055,-73.94861,1,0,Failure to Yield Right-of-Way,4496516,5.2,-5.5,7.3,4.6,1.89,10.0,73,22.3,40.0,315,Snow fall: Moderate,1,1,Snowy Conditions
57695,2022-01-20 05:25:00,40.699017,-73.80696,1,0,,4496030,5.2,-5.5,7.3,4.6,1.89,10.0,73,22.3,40.0,315,Snow fall: Moderate,1,1,Snowy Conditions
57696,2022-01-21 12:20:00,40.791336,-73.94416,0,0,Backing Unsafely,4496236,-5.3,-11.6,0.0,0.0,0.0,0.0,3,21.9,40.0,2,Overcast,0,0,
57697,2022-01-21 22:04:00,40.637108,-73.89338,1,0,Driver Inattention/Distraction,4496389,-5.3,-11.6,0.0,0.0,0.0,0.0,3,21.9,40.0,2,Overcast,1,1,
57698,2022-01-19 03:50:00,40.616432,-73.987366,0,0,Turning Improperly,4495924,7.6,-4.9,0.0,0.0,0.0,0.0,3,23.5,43.2,208,Overcast,0,0,
57699,2022-09-24 20:00:00,40.715084,-73.75383,0,0,Failure to Yield Right-of-Way,4567087,20.6,9.5,0.0,0.0,0.0,0.0,3,18.8,37.4,295,Overcast,0,0,
57700,2022-01-20 10:30:00,40.681484,-73.97703,0,0,Driver Inattention/Distraction,4496590,5.2,-5.5,7.3,4.6,1.89,10.0,73,22.3,40.0,315,Snow fall: Moderate,0,0,Snowy Conditions
57701,2022-01-12 23:15:00,40.77105,-73.95674,0,0,Failure to Yield Right-of-Way,4496781,4.6,-7.3,0.0,0.0,0.0,0.0,3,20.5,39.2,213,Overcast,0,0,
57702,2022-01-19 16:42:00,40.77099,-73.99092,0,0,Passing Too Closely,4495951,7.6,-4.9,0.0,0.0,0.0,0.0,3,23.5,43.2,208,Overcast,0,0,
57703,2022-01-06 22:20:00,40.83968,-73.929276,4,0,Following Too Closely,4496208,4.1,-0.7,0.0,0.0,0.0,0.0,3,20.2,38.2,269,Overcast,4,4,
57704,2021-10-31 20:00:00,40.7608,-73.7657,0,0,Unspecified,4472857,18.3,12.5,3.7,3.7,0.0,8.0,55,22.9,41.0,268,Drizzle: Dense,0,0,
57705,2022-01-20 09:09:00,40.7179,-73.76622,0,0,Failure to Yield Right-of-Way,4496221,5.2,-5.5,7.3,4.6,1.89,10.0,73,22.3,40.0,315,Snow fall: Moderate,0,0,Snowy Conditions
57706,2022-01-07 07:01:00,40.906517,-73.8516,0,0,Pavement Slippery,4496470,-0.0,-5.7,9.0,0.0,6.3,11.0,75,26.8,48.6,313,Snow fall: Heavy,0,0,Snowy Conditions
57707,2022-01-20 10:54:00,40.765858,-73.9311,0,0,Passenger Distraction,4495994,5.2,-5.5,7.3,4.6,1.89,10.0,73,22.3,40.0,315,Snow fall: Moderate,0,0,Snowy Conditions
57708,2022-01-21 09:00:00,40.67229,-73.913124,0,0,Unspecified,4496499,-5.3,-11.6,0.0,0.0,0.0,0.0,3,21.9,40.0,2,Overcast,0,0,
57709,2022-01-21 20:55:00,40.65474,-73.90693,0,0,Other Vehicular,4496633,-5.3,-11.6,0.0,0.0,0.0,0.0,3,21.9,40.0,2,Overcast,0,0,
57710,2022-01-19 22:55:00,40.884277,-73.86243,0,0,Passing Too Closely,4496036,7.6,-4.9,0.0,0.0,0.0,0.0,3,23.5,43.2,208,Overcast,0,0,
57711,2022-01-19 10:15:00,40.58327,-73.96006,0,0,Unsafe Speed,4495748,7.6,-4.9,0.0,0.0,0.0,0.0,3,23.5,43.2,208,Overcast,0,0,
57712,2022-01-21 01:26:00,40.869953,-73.86622,0,0,Backing Unsafely,4496285,-5.3,-11.6,0.0,0.0,0.0,0.0,3,21.9,40.0,2,Overcast,0,0,
57713,2022-01-19 16:22:00,40.88666,-73.83121,1,0,Failure to Yield Right-of-Way,4495822,7.6,-4.9,0.0,0.0,0.0,0.0,3,23.5,43.2,208,Overcast,1,1,
57714,2022-01-19 21:28:00,40.644196,-73.95467,3,0,Driver Inattention/Distraction,4495900,7.6,-4.9,0.0,0.0,0.0,0.0,3,23.5,43.2,208,Overcast,3,3,
57715,2022-01-21 13:36:00,40.64952,-73.955795,2,0,Unspecified,4496565,-5.3,-11.6,0.0,0.0,0.0,0.0,3,21.9,40.0,2,Overcast,2,2,
57716,2022-01-20 00:40:00,40.74451,-73.91747,1,0,Driver Inattention/Distraction,4496148,5.2,-5.5,7.3,4.6,1.89,10.0,73,22.3,40.0,315,Snow fall: Moderate,1,1,Snowy Conditions
57717,2022-01-18 12:04:00,40.830154,-73.82576,0,0,Unspecified,4496280,1.7,-4.9,0.0,0.0,0.0,0.0,3,30.9,58.3,294,Overcast,0,0,
57718,2022-01-15 07:40:00,40.706356,-73.900276,0,0,View Obstructed/Limited,4496189,-5.3,-11.1,0.0,0.0,0.0,0.0,3,22.4,46.1,345,Overcast,0,0,
57719,2022-01-20 08:50:00,40.80538,-73.93617,2,0,Unsafe Speed,4495988,5.2,-5.5,7.3,4.6,1.89,10.0,73,22.3,40.0,315,Snow fall: Moderate,2,2,Snowy Conditions
57720,2022-01-20 15:48:00,40.866158,-73.82363,0,0,Driver Inattention/Distraction,4496081,5.2,-5.5,7.3,4.6,1.89,10.0,73,22.3,40.0,315,Snow fall: Moderate,0,0,Snowy Conditions
57721,2022-01-14 22:45:00,40.74446,-73.8754,0,0,Unsafe Speed,4496153,5.0,-5.0,0.0,0.0,0.0,0.0,3,34.6,62.6,358,Overcast,0,0,
57722,2022-01-19 19:00:00,40.74447,-73.911514,0,0,Driver Inattention/Distraction,4495840,7.6,-4.9,0.0,0.0,0.0,0.0,3,23.5,43.2,208,Overcast,0,0,
57723,2022-01-17 13:06:00,40.70647,-73.90396,0,0,Unspecified,4496180,9.7,0.4,33.6,32.8,0.56,12.0,73,54.1,99.7,183,Snow fall: Moderate,0,0,Snowy Conditions
57724,2022-01-19 11:02:00,40.670025,-73.84787,0,0,Following Too Closely,4495877,7.6,-4.9,0.0,0.0,0.0,0.0,3,23.5,43.2,208,Overcast,0,0,
57725,2022-01-20 16:48:00,40.86304,-73.85807,5,0,Turning Improperly,4496124,5.2,-5.5,7.3,4.6,1.89,10.0,73,22.3,40.0,315,Snow fall: Moderate,5,5,Snowy Conditions
57726,2022-01-19 10:00:00,40.628643,-74.005936,1,0,Turning Improperly,4495782,7.6,-4.9,0.0,0.0,0.0,0.0,3,23.5,43.2,208,Overcast,1,1,
57727,2022-01-20 19:00:00,40.6557,-73.74486,4,0,Unsafe Speed,4496068,5.2,-5.5,7.3,4.6,1.89,10.0,73,22.3,40.0,315,Snow fall: Moderate,4,4,Snowy Conditions
57728,2022-01-21 08:50:00,40.825138,-73.9514,0,0,Backing Unsafely,4496349,-5.3,-11.6,0.0,0.0,0.0,0.0,3,21.9,40.0,2,Overcast,0,0,
57729,2022-01-21 20:40:00,40.754864,-73.85255,1,0,Passing or Lane Usage Improper,4496369,-5.3,-11.6,0.0,0.0,0.0,0.0,3,21.9,40.0,2,Overcast,1,1,
57730,2022-01-20 07:46:00,40.745106,-73.97078,1,0,Driver Inattention/Distraction,4496004,5.2,-5.5,7.3,4.6,1.89,10.0,73,22.3,40.0,315,Snow fall: Moderate,1,1,Snowy Conditions
57731,2022-01-19 12:40:00,40.75087,-73.97646,1,0,Passing or Lane Usage Improper,4496024,7.6,-4.9,0.0,0.0,0.0,0.0,3,23.5,43.2,208,Overcast,1,1,
57732,2022-01-11 18:40:00,40.746037,-73.990524,0,0,Unspecified,4496545,-4.2,-8.8,0.0,0.0,0.0,0.0,1,26.7,50.8,316,Mainly clear,0,0,Sunny/Clear Conditions
57733,2022-01-21 19:55:00,40.635494,-74.00957,0,0,Alcohol Involvement,4496309,-5.3,-11.6,0.0,0.0,0.0,0.0,3,21.9,40.0,2,Overcast,0,0,
57734,2022-01-20 19:37:00,40.843765,-73.8656,1,0,Turning Improperly,4496185,5.2,-5.5,7.3,4.6,1.89,10.0,73,22.3,40.0,315,Snow fall: Moderate,1,1,Snowy Conditions
57735,2022-01-21 12:10:00,40.701103,-73.92239,0,0,Turning Improperly,4496240,-5.3,-11.6,0.0,0.0,0.0,0.0,3,21.9,40.0,2,Overcast,0,0,
57736,2022-01-20 18:40:00,40.74614,-73.91431,1,0,Driver Inattention/Distraction,4496597,5.2,-5.5,7.3,4.6,1.89,10.0,73,22.3,40.0,315,Snow fall: Moderate,1,1,Snowy Conditions
57737,2022-01-19 16:00:00,40.608307,-74.13132,0,0,Following Too Closely,4496063,7.6,-4.9,0.0,0.0,0.0,0.0,3,23.5,43.2,208,Overcast,0,0,
57738,2022-01-19 14:10:00,40.69612,-73.94936,0,0,View Obstructed/Limited,4496646,7.6,-4.9,0.0,0.0,0.0,0.0,3,23.5,43.2,208,Overcast,0,0,
57739,2022-01-20 08:26:00,40.700775,-73.91334,1,0,View Obstructed/Limited,4496116,5.2,-5.5,7.3,4.6,1.89,10.0,73,22.3,40.0,315,Snow fall: Moderate,1,1,Snowy Conditions
57740,2022-01-21 13:15:00,40.856045,-73.90079,0,0,Driver Inattention/Distraction,4496361,-5.3,-11.6,0.0,0.0,0.0,0.0,3,21.9,40.0,2,Overcast,0,0,
57741,2022-01-19 10:30:00,40.736965,-74.00748,0,0,Unspecified,4495918,7.6,-4.9,0.0,0.0,0.0,0.0,3,23.5,43.2,208,Overcast,0,0,
57742,2022-01-21 02:20:00,40.71135,-73.76077,0,0,Fatigued/Drowsy,4496092,-5.3,-11.6,0.0,0.0,0.0,0.0,3,21.9,40.0,2,Overcast,0,0,
57743,2022-01-19 18:54:00,40.643074,-73.987335,0,0,Pedestrian/Bicyclist/Other Pedestrian Error/Confusion,4495945,7.6,-4.9,0.0,0.0,0.0,0.0,3,23.5,43.2,208,Overcast,0,0,
57744,2022-01-21 12:48:00,40.901413,-73.90002,0,0,Drugs (illegal),4496405,-5.3,-11.6,0.0,0.0,0.0,0.0,3,21.9,40.0,2,Overcast,0,0,
57745,2022-01-17 02:45:00,40.680714,-73.92684,1,0,Unspecified,4496526,9.7,0.4,33.6,32.8,0.56,12.0,73,54.1,99.7,183,Snow fall: Moderate,1,1,Snowy Conditions
57746,2022-01-19 04:00:00,40.738384,-73.87936,0,0,Unspecified,4495884,7.6,-4.9,0.0,0.0,0.0,0.0,3,23.5,43.2,208,Overcast,0,0,
57747,2022-01-18 05:35:00,40.716824,-73.82019,0,0,Reaction to Uninvolved Vehicle,4496217,1.7,-4.9,0.0,0.0,0.0,0.0,3,30.9,58.3,294,Overcast,0,0,
57748,2022-01-21 21:30:00,40.7672,-73.887825,0,0,Driver Inattention/Distraction,4496355,-5.3,-11.6,0.0,0.0,0.0,0.0,3,21.9,40.0,2,Overcast,0,0,
57749,2022-01-16 11:28:00,40.655033,-73.91474,0,0,Reaction to Uninvolved Vehicle,4496556,1.3,-13.5,4.4,0.7,2.59,4.0,75,28.1,47.2,36,Snow fall: Heavy,0,0,Snowy Conditions
57750,2022-01-19 22:00:00,40.68626,-73.8013,0,0,Passing Too Closely,4495980,7.6,-4.9,0.0,0.0,0.0,0.0,3,23.5,43.2,208,Overcast,0,0,
57751,2022-01-16 15:20:00,40.751034,-73.8919,0,0,Driver Inattention/Distraction,4496261,1.3,-13.5,4.4,0.7,2.59,4.0,75,28.1,47.2,36,Snow fall: Heavy,0,0,Snowy Conditions
57752,2022-01-21 10:15:00,40.701958,-73.9239,0,0,Passing Too Closely,4496729,-5.3,-11.6,0.0,0.0,0.0,0.0,3,21.9,40.0,2,Overcast,0,0,
57753,2022-01-19 07:20:00,40.865143,-73.87204,1,0,Aggressive Driving/Road Rage,4495853,7.6,-4.9,0.0,0.0,0.0,0.0,3,23.5,43.2,208,Overcast,1,1,
57754,2021-12-29 17:44:00,40.682384,-73.95127,0,0,Unsafe Speed,4496626,7.6,4.1,8.1,8.1,0.0,8.0,61,12.2,24.1,52,Rain: Light,0,0,
57755,2022-01-21 20:30:00,40.75279,-73.99492,1,0,Driver Inattention/Distraction,4496741,-5.3,-11.6,0.0,0.0,0.0,0.0,3,21.9,40.0,2,Overcast,1,1,
57756,2022-01-20 19:05:00,40.826427,-73.950455,0,0,Traffic Control Disregarded,4496073,5.2,-5.5,7.3,4.6,1.89,10.0,73,22.3,40.0,315,Snow fall: Moderate,0,0,Snowy Conditions
57757,2022-01-20 14:25:00,40.731815,-73.8713,0,0,Unspecified,4496157,5.2,-5.5,7.3,4.6,1.89,10.0,73,22.3,40.0,315,Snow fall: Moderate,0,0,Snowy Conditions
57758,2022-01-21 19:32:00,40.604027,-73.9523,1,0,Driver Inattention/Distraction,4496321,-5.3,-11.6,0.0,0.0,0.0,0.0,3,21.9,40.0,2,Overcast,1,1,
57759,2022-01-20 07:37:00,40.673008,-73.78809,1,0,Unspecified,4495959,5.2,-5.5,7.3,4.6,1.89,10.0,73,22.3,40.0,315,Snow fall: Moderate,1,1,Snowy Conditions
57760,2021-11-30 11:26:00,40.704147,-73.807594,0,0,Unsafe Speed,4496260,4.7,-2.4,0.1,0.1,0.0,1.0,51,19.1,34.9,245,Drizzle: Light,0,0,
57761,2022-01-19 08:31:00,40.701103,-73.92239,0,0,Driver Inattention/Distraction,4495894,7.6,-4.9,0.0,0.0,0.0,0.0,3,23.5,43.2,208,Overcast,0,0,
57762,2022-01-19 05:00:00,40.755203,-73.871,0,0,Unspecified,4495960,7.6,-4.9,0.0,0.0,0.0,0.0,3,23.5,43.2,208,Overcast,0,0,
57763,2022-01-18 06:40:00,40.672825,-73.93908,0,0,Failure to Yield Right-of-Way,4496669,1.7,-4.9,0.0,0.0,0.0,0.0,3,30.9,58.3,294,Overcast,0,0,
57764,2022-01-20 08:20:00,40.78911,-73.96656,1,0,Failure to Yield Right-of-Way,4496275,5.2,-5.5,7.3,4.6,1.89,10.0,73,22.3,40.0,315,Snow fall: Moderate,1,1,Snowy Conditions
57765,2022-01-19 13:52:00,40.84788,-73.9219,0,0,Backing Unsafely,4495935,7.6,-4.9,0.0,0.0,0.0,0.0,3,23.5,43.2,208,Overcast,0,0,
57766,2022-01-20 10:36:00,40.68795,-73.82502,0,0,Unsafe Speed,4496102,5.2,-5.5,7.3,4.6,1.89,10.0,73,22.3,40.0,315,Snow fall: Moderate,0,0,Snowy Conditions
57767,2022-01-21 14:50:00,40.88759,-73.86652,0,0,Driver Inattention/Distraction,4496292,-5.3,-11.6,0.0,0.0,0.0,0.0,3,21.9,40.0,2,Overcast,0,0,
57768,2022-01-19 01:30:00,40.602467,-73.96638,0,0,Unspecified,4495628,7.6,-4.9,0.0,0.0,0.0,0.0,3,23.5,43.2,208,Overcast,0,0,
57769,2022-01-21 11:15:00,40.784996,-73.824234,1,0,Following Too Closely,4496394,-5.3,-11.6,0.0,0.0,0.0,0.0,3,21.9,40.0,2,Overcast,1,1,
57770,2022-01-16 19:28:00,40.629494,-73.88737,0,0,Unspecified,4496428,1.3,-13.5,4.4,0.7,2.59,4.0,75,28.1,47.2,36,Snow fall: Heavy,0,0,Snowy Conditions
57771,2022-01-20 23:01:00,40.82863,-73.890884,0,0,Driver Inattention/Distraction,4496176,5.2,-5.5,7.3,4.6,1.89,10.0,73,22.3,40.0,315,Snow fall: Moderate,0,0,Snowy Conditions
57772,2022-01-19 16:30:00,40.81722,-73.91924,1,0,Driver Inattention/Distraction,4495870,7.6,-4.9,0.0,0.0,0.0,0.0,3,23.5,43.2,208,Overcast,1,1,
57773,2022-01-20 22:00:00,40.843956,-73.8978,0,0,Passing or Lane Usage Improper,4496171,5.2,-5.5,7.3,4.6,1.89,10.0,73,22.3,40.0,315,Snow fall: Moderate,0,0,Snowy Conditions
57774,2022-01-16 07:12:00,40.74487,-73.87629,1,0,Failure to Yield Right-of-Way,4496156,1.3,-13.5,4.4,0.7,2.59,4.0,75,28.1,47.2,36,Snow fall: Heavy,1,1,Snowy Conditions
57775,2022-01-21 01:40:00,40.592815,-73.90808,1,0,Unsafe Speed,4496086,-5.3,-11.6,0.0,0.0,0.0,0.0,3,21.9,40.0,2,Overcast,1,1,
57776,2022-01-21 22:01:00,40.59263,-73.93939,0,0,Unspecified,4496320,-5.3,-11.6,0.0,0.0,0.0,0.0,3,21.9,40.0,2,Overcast,0,0,
57777,2022-01-19 00:31:00,40.717648,-73.98868,0,0,Unspecified,4495688,7.6,-4.9,0.0,0.0,0.0,0.0,3,23.5,43.2,208,Overcast,0,0,
57778,2022-01-20 16:00:00,40.76685,-73.95376,0,0,Driver Inattention/Distraction,4496110,5.2,-5.5,7.3,4.6,1.89,10.0,73,22.3,40.0,315,Snow fall: Moderate,0,0,Snowy Conditions
57779,2022-01-19 00:00:00,40.7549,-73.74548,1,0,Driver Inattention/Distraction,4495849,7.6,-4.9,0.0,0.0,0.0,0.0,3,23.5,43.2,208,Overcast,1,1,
57780,2022-01-21 12:15:00,40.665634,-73.75817,0,0,Unspecified,4496244,-5.3,-11.6,0.0,0.0,0.0,0.0,3,21.9,40.0,2,Overcast,0,0,
57781,2022-01-19 19:50:00,40.86482,-73.89246,0,0,Unspecified,4495937,7.6,-4.9,0.0,0.0,0.0,0.0,3,23.5,43.2,208,Overcast,0,0,
57782,2022-01-20 15:00:00,40.66573,-73.97592,0,0,Unsafe Lane Changing,4496403,5.2,-5.5,7.3,4.6,1.89,10.0,73,22.3,40.0,315,Snow fall: Moderate,0,0,Snowy Conditions
57783,2022-01-21 22:43:00,40.65569,-73.959145,0,0,Driver Inattention/Distraction,4496303,-5.3,-11.6,0.0,0.0,0.0,0.0,3,21.9,40.0,2,Overcast,0,0,
57784,2022-01-21 20:39:00,40.703247,-73.90844,1,0,View Obstructed/Limited,4496709,-5.3,-11.6,0.0,0.0,0.0,0.0,3,21.9,40.0,2,Overcast,1,1,
57785,2022-01-19 15:27:00,40.79447,-73.824104,0,0,Turning Improperly,4496134,7.6,-4.9,0.0,0.0,0.0,0.0,3,23.5,43.2,208,Overcast,0,0,
57786,2022-09-23 18:35:00,40.526417,-74.224045,3,0,Following Too Closely,4567486,16.4,10.0,0.0,0.0,0.0,0.0,0,31.1,56.9,323,Clear sky,3,3,Sunny/Clear Conditions
57787,2022-01-18 23:30:00,40.675053,-73.947235,0,0,View Obstructed/Limited,4496670,1.7,-4.9,0.0,0.0,0.0,0.0,3,30.9,58.3,294,Overcast,0,0,