,CRASH DATETIME,LATITUDE,LONGITUDE,NUMBER OF PERSONS INJURED,NUMBER OF PERSONS KILLED,CONTRIBUTING FACTOR VEHICLE 1,COLLISION_ID,temperature_2m_max,temperature_2m_min,precipitation_sum,rain_sum,snowfall_sum,precipitation_hours,weather_code,wind_speed_10m_max,wind_gusts_10m_max,wind_direction_10m_dominant,Weather Description,Severity_Score,Total_Affected_Persons,Weather_Category
57788,2021-09-26 01:36:00,40.752693,-73.932915,1,0,Unspecified,4496482,21.4,15.6,0.0,0.0,0.0,0.0,3,23.5,45.0,294,Overcast,1,1,
57789,2022-01-19 17:10:00,40.670895,-73.91405,1,0,Unspecified,4495886,7.6,-4.9,0.0,0.0,0.0,0.0,3,23.5,43.2,208,Overcast,1,1,
57790,2022-01-20 14:00:00,40.595657,-74.00019,0,0,Driver Inattention/Distraction,4496050,5.2,-5.5,7.3,4.6,1.89,10.0,73,22.3,40.0,315,Snow fall: Moderate,0,0,Snowy Conditions
57791,2022-01-20 15:00:00,40.70564,-73.75048,0,0,Driver Inexperience,4496245,5.2,-5.5,7.3,4.6,1.89,10.0,73,22.3,40.0,315,Snow fall: Moderate,0,0,Snowy Conditions
57792,2022-01-20 07:30:00,40.736927,-73.895966,0,0,Driver Inattention/Distraction,4496230,5.2,-5.5,7.3,4.6,1.89,10.0,73,22.3,40.0,315,Snow fall: Moderate,0,0,Snowy Conditions
57793,2022-01-21 19:00:00,40.669827,-73.94979,0,0,Driver Inattention/Distraction,4496455,-5.3,-11.6,0.0,0.0,0.0,0.0,3,21.9,40.0,2,Overcast,0,0,
57794,2022-01-19 14:05:00,40.62734,-73.94126,0,0,Passing Too Closely,4495912,7.6,-4.9,0.0,0.0,0.0,0.0,3,23.5,43.2,208,Overcast,0,0,
57795,2022-01-21 22:50:00,40.7242,-73.93765,0,0,Failure to Yield Right-of-Way,4496808,-5.3,-11.6,0.0,0.0,0.0,0.0,3,21.9,40.0,2,Overcast,0,0,
57796,2022-01-20 14:38:00,40.676132,-73.81924,1,0,Unspecified,4496198,5.2,-5.5,7.3,4.6,1.89,10.0,73,22.3,40.0,315,Snow fall: Moderate,1,1,Snowy Conditions
57797,2022-01-13 23:59:00,40.84758,-73.923195,1,0,Unspecified,4496166,7.1,-3.7,0.0,0.0,0.0,0.0,3,9.7,18.7,193,Overcast,1,1,
57798,2022-01-20 17:30:00,40.85319,-73.853615,0,0,Other Vehicular,4496123,5.2,-5.5,7.3,4.6,1.89,10.0,73,22.3,40.0,315,Snow fall: Moderate,0,0,Snowy Conditions
57799,2022-01-17 19:46:00,40.67492,-73.87528,0,0,Unspecified,4496213,9.7,0.4,33.6,32.8,0.56,12.0,73,54.1,99.7,183,Snow fall: Moderate,0,0,Snowy Conditions
57800,2022-01-19 07:10:00,40.625256,-73.99152,0,0,Unspecified,4495780,7.6,-4.9,0.0,0.0,0.0,0.0,3,23.5,43.2,208,Overcast,0,0,
57801,2022-01-19 08:00:00,40.885433,-73.792854,0,0,Pavement Slippery,4495803,7.6,-4.9,0.0,0.0,0.0,0.0,3,23.5,43.2,208,Overcast,0,0,
57802,2022-01-21 12:45:00,40.73952,-73.99899,0,0,Passing Too Closely,4496552,-5.3,-11.6,0.0,0.0,0.0,0.0,3,21.9,40.0,2,Overcast,0,0,
57803,2022-01-20 07:30:00,40.82255,-73.88573,0,0,Unsafe Lane Changing,4496000,5.2,-5.5,7.3,4.6,1.89,10.0,73,22.3,40.0,315,Snow fall: Moderate,0,0,Snowy Conditions
57804,2022-01-19 16:34:00,40.673237,-73.90429,0,0,Unspecified,4496502,7.6,-4.9,0.0,0.0,0.0,0.0,3,23.5,43.2,208,Overcast,0,0,
57805,2022-01-14 21:45:00,40.722248,-73.90209,0,0,Driver Inattention/Distraction,4496256,5.0,-5.0,0.0,0.0,0.0,0.0,3,34.6,62.6,358,Overcast,0,0,
57806,2022-01-17 12:48:00,40.66961,-73.88861,0,0,Driver Inattention/Distraction,4496161,9.7,0.4,33.6,32.8,0.56,12.0,73,54.1,99.7,183,Snow fall: Moderate,0,0,Snowy Conditions
57807,2022-01-19 21:49:00,40.641716,-73.93611,1,0,Unspecified,4495865,7.6,-4.9,0.0,0.0,0.0,0.0,3,23.5,43.2,208,Overcast,1,1,
57808,2022-01-10 09:51:00,40.87001,-73.86337,0,0,Driver Inattention/Distraction,4496288,4.1,-4.3,0.0,0.0,0.0,0.0,3,24.1,44.3,295,Overcast,0,0,
57809,2022-01-20 08:30:00,40.885864,-73.854774,1,0,Lost Consciousness,4496039,5.2,-5.5,7.3,4.6,1.89,10.0,73,22.3,40.0,315,Snow fall: Moderate,1,1,Snowy Conditions
57810,2022-01-21 17:35:00,40.71345,-73.760376,0,0,Turning Improperly,4496271,-5.3,-11.6,0.0,0.0,0.0,0.0,3,21.9,40.0,2,Overcast,0,0,
57811,2022-01-20 13:50:00,40.712055,-73.96615,0,0,Failure to Yield Right-of-Way,4496746,5.2,-5.5,7.3,4.6,1.89,10.0,73,22.3,40.0,315,Snow fall: Moderate,0,0,Snowy Conditions
57812,2022-01-16 17:46:00,40.63147,-73.91955,0,0,Failure to Yield Right-of-Way,4496617,1.3,-13.5,4.4,0.7,2.59,4.0,75,28.1,47.2,36,Snow fall: Heavy,0,0,Snowy Conditions
57813,2022-01-16 08:00:00,40.74405,-73.9896,0,0,Unspecified,4496293,1.3,-13.5,4.4,0.7,2.59,4.0,75,28.1,47.2,36,Snow fall: Heavy,0,0,Snowy Conditions
57814,2022-01-20 21:03:00,40.626904,-73.99537,0,0,Unspecified,4496139,5.2,-5.5,7.3,4.6,1.89,10.0,73,22.3,40.0,315,Snow fall: Moderate,0,0,Snowy Conditions
57815,2022-01-19 11:30:00,40.585037,-73.95645,0,0,Unsafe Speed,4495749,7.6,-4.9,0.0,0.0,0.0,0.0,3,23.5,43.2,208,Overcast,0,0,
57816,2022-01-19 07:00:00,40.80275,-73.93358,0,0,Following Too Closely,4495967,7.6,-4.9,0.0,0.0,0.0,0.0,3,23.5,43.2,208,Overcast,0,0,
57817,2022-01-20 09:55:00,40.862766,-73.843445,1,0,View Obstructed/Limited,4496006,5.2,-5.5,7.3,4.6,1.89,10.0,73,22.3,40.0,315,Snow fall: Moderate,1,1,Snowy Conditions
57818,2022-01-19 13:15:00,40.74283,-73.982315,0,0,Unsafe Lane Changing,4495791,7.6,-4.9,0.0,0.0,0.0,0.0,3,23.5,43.2,208,Overcast,0,0,
57819,2022-01-19 16:02:00,40.610695,-73.96251,1,0,Driver Inattention/Distraction,4495899,7.6,-4.9,0.0,0.0,0.0,0.0,3,23.5,43.2,208,Overcast,1,1,
57820,2022-01-21 07:35:00,40.727276,-73.857346,0,0,Unspecified,4496338,-5.3,-11.6,0.0,0.0,0.0,0.0,3,21.9,40.0,2,Overcast,0,0,
57821,2022-01-20 16:06:00,40.69193,-73.982475,0,0,Unspecified,4496082,5.2,-5.5,7.3,4.6,1.89,10.0,73,22.3,40.0,315,Snow fall: Moderate,0,0,Snowy Conditions
57822,2022-01-21 22:40:00,40.771984,-73.91891,0,0,Unspecified,4496509,-5.3,-11.6,0.0,0.0,0.0,0.0,3,21.9,40.0,2,Overcast,0,0,
57823,2022-01-18 11:45:00,40.67937,-73.886444,0,0,Unspecified,4496360,1.7,-4.9,0.0,0.0,0.0,0.0,3,30.9,58.3,294,Overcast,0,0,
57824,2022-01-19 11:50:00,40.68665,-73.91315,0,0,Passing or Lane Usage Improper,4496115,7.6,-4.9,0.0,0.0,0.0,0.0,3,23.5,43.2,208,Overcast,0,0,
57825,2022-01-19 06:00:00,40.813095,-73.89827,0,0,Following Too Closely,4496046,7.6,-4.9,0.0,0.0,0.0,0.0,3,23.5,43.2,208,Overcast,0,0,
57826,2022-01-20 19:00:00,40.714935,-73.81636,0,0,Unspecified,4496225,5.2,-5.5,7.3,4.6,1.89,10.0,73,22.3,40.0,315,Snow fall: Moderate,0,0,Snowy Conditions
57827,2022-01-19 09:35:00,40.63701,-73.91495,0,0,Reaction to Uninvolved Vehicle,4495857,7.6,-4.9,0.0,0.0,0.0,0.0,3,23.5,43.2,208,Overcast,0,0,
57828,2022-01-14 18:25:00,40.807915,-73.94986,0,0,Driver Inattention/Distraction,4496601,5.0,-5.0,0.0,0.0,0.0,0.0,3,34.6,62.6,358,Overcast,0,0,
57829,2022-01-21 02:00:00,40.718075,-73.97511,4,0,Driver Inexperience,4496299,-5.3,-11.6,0.0,0.0,0.0,0.0,3,21.9,40.0,2,Overcast,4,4,
57830,2022-01-17 18:40:00,40.68497,-73.88305,1,0,Failure to Yield Right-of-Way,4496193,9.7,0.4,33.6,32.8,0.56,12.0,73,54.1,99.7,183,Snow fall: Moderate,1,1,Snowy Conditions
57831,2022-01-21 09:30:00,40.67801,-73.94138,0,0,Passing or Lane Usage Improper,4496674,-5.3,-11.6,0.0,0.0,0.0,0.0,3,21.9,40.0,2,Overcast,0,0,
57832,2022-01-19 13:10:00,40.58464,-73.96017,0,0,Driver Inattention/Distraction,4496536,7.6,-4.9,0.0,0.0,0.0,0.0,3,23.5,43.2,208,Overcast,0,0,
57833,2022-01-18 18:00:00,40.730602,-73.82151,1,0,Unspecified,4496421,1.7,-4.9,0.0,0.0,0.0,0.0,3,30.9,58.3,294,Overcast,1,1,
57834,2021-07-23 10:10:00,40.696205,-73.97249,0,0,Unspecified,4439761,26.2,17.3,0.0,0.0,0.0,0.0,1,11.3,27.0,340,Mainly clear,0,0,Sunny/Clear Conditions
57835,2022-01-21 00:20:00,40.669964,-73.775314,0,0,Passing Too Closely,4496331,-5.3,-11.6,0.0,0.0,0.0,0.0,3,21.9,40.0,2,Overcast,0,0,
57836,2022-01-02 04:56:00,40.750862,-73.87045,0,0,Alcohol Involvement,4496370,13.1,2.7,16.0,16.0,0.0,8.0,65,25.1,52.6,318,Rain: Heavy,0,0,
57837,2022-01-18 18:12:00,40.843563,-73.941956,0,0,Driver Inattention/Distraction,4496717,1.7,-4.9,0.0,0.0,0.0,0.0,3,30.9,58.3,294,Overcast,0,0,
57838,2022-01-21 09:00:00,40.64416,-73.995155,0,0,Unspecified,4496489,-5.3,-11.6,0.0,0.0,0.0,0.0,3,21.9,40.0,2,Overcast,0,0,
57839,2022-01-20 14:58:00,40.725433,-73.951744,0,0,Passing Too Closely,4496802,5.2,-5.5,7.3,4.6,1.89,10.0,73,22.3,40.0,315,Snow fall: Moderate,0,0,Snowy Conditions
57840,2022-01-21 19:00:00,40.59042,-73.967354,0,0,Driver Inattention/Distraction,4496324,-5.3,-11.6,0.0,0.0,0.0,0.0,3,21.9,40.0,2,Overcast,0,0,
57841,2022-01-17 10:03:00,40.697433,-73.898605,0,0,Unspecified,4496188,9.7,0.4,33.6,32.8,0.56,12.0,73,54.1,99.7,183,Snow fall: Moderate,0,0,Snowy Conditions
57842,2022-01-19 17:30:00,40.73911,-73.89768,0,0,Following Too Closely,4496149,7.6,-4.9,0.0,0.0,0.0,0.0,3,23.5,43.2,208,Overcast,0,0,
57843,2022-01-20 16:50:00,40.680992,-73.75509,1,0,Failure to Yield Right-of-Way,4496076,5.2,-5.5,7.3,4.6,1.89,10.0,73,22.3,40.0,315,Snow fall: Moderate,1,1,Snowy Conditions
57844,2022-01-21 18:15:00,40.759895,-73.823944,0,0,Other Vehicular,4496412,-5.3,-11.6,0.0,0.0,0.0,0.0,3,21.9,40.0,2,Overcast,0,0,
57845,2022-01-17 19:00:00,40.68986,-73.93046,0,0,Following Too Closely,4496530,9.7,0.4,33.6,32.8,0.56,12.0,73,54.1,99.7,183,Snow fall: Moderate,0,0,Snowy Conditions
57846,2022-01-21 14:35:00,40.683014,-73.83507,0,0,Passing or Lane Usage Improper,4496760,-5.3,-11.6,0.0,0.0,0.0,0.0,3,21.9,40.0,2,Overcast,0,0,
57847,2022-01-15 19:30:00,40.702484,-73.85981,0,0,Unspecified,4496181,-5.3,-11.1,0.0,0.0,0.0,0.0,3,22.4,46.1,345,Overcast,0,0,
57848,2022-01-21 22:50:00,40.687992,-73.98962,1,0,Driver Inattention/Distraction,4496653,-5.3,-11.6,0.0,0.0,0.0,0.0,3,21.9,40.0,2,Overcast,1,1,
57849,2022-01-21 09:25:00,40.66149,-73.93039,0,0,Backing Unsafely,4496582,-5.3,-11.6,0.0,0.0,0.0,0.0,3,21.9,40.0,2,Overcast,0,0,
57850,2022-01-19 07:16:00,40.676617,-73.89025,0,0,Passing Too Closely,4496846,7.6,-4.9,0.0,0.0,0.0,0.0,3,23.5,43.2,208,Overcast,0,0,
57851,2022-01-21 14:29:00,40.75337,-73.974655,1,0,Driver Inattention/Distraction,4496267,-5.3,-11.6,0.0,0.0,0.0,0.0,3,21.9,40.0,2,Overcast,1,1,
57852,2022-01-19 09:15:00,40.804066,-73.93117,0,0,Driver Inattention/Distraction,4495706,7.6,-4.9,0.0,0.0,0.0,0.0,3,23.5,43.2,208,Overcast,0,0,
57853,2022-01-19 22:24:00,40.868275,-73.8399,3,0,Driver Inattention/Distraction,4496035,7.6,-4.9,0.0,0.0,0.0,0.0,3,23.5,43.2,208,Overcast,3,3,
57854,2022-01-21 10:10:00,40.81546,-73.89533,0,0,Unspecified,4496252,-5.3,-11.6,0.0,0.0,0.0,0.0,3,21.9,40.0,2,Overcast,0,0,
57855,2022-01-19 17:50:00,40.672012,-73.983955,0,0,Failure to Yield Right-of-Way,4495832,7.6,-4.9,0.0,0.0,0.0,0.0,3,23.5,43.2,208,Overcast,0,0,
57856,2022-01-21 11:00:00,40.701935,-73.82933,1,0,Backing Unsafely,4496220,-5.3,-11.6,0.0,0.0,0.0,0.0,3,21.9,40.0,2,Overcast,1,1,
57857,2022-01-20 12:20:00,40.671097,-73.731255,0,0,Unsafe Speed,4496011,5.2,-5.5,7.3,4.6,1.89,10.0,73,22.3,40.0,315,Snow fall: Moderate,0,0,Snowy Conditions
57858,2022-01-18 17:10:00,40.736004,-73.99362,0,0,Unspecified,4496547,1.7,-4.9,0.0,0.0,0.0,0.0,3,30.9,58.3,294,Overcast,0,0,
57859,2022-01-19 06:15:00,40.598515,-73.97986,2,0,Traffic Control Disregarded,4495973,7.6,-4.9,0.0,0.0,0.0,0.0,3,23.5,43.2,208,Overcast,2,2,
57860,2022-01-21 22:10:00,40.747097,-73.88386,0,0,Unspecified,4496574,-5.3,-11.6,0.0,0.0,0.0,0.0,3,21.9,40.0,2,Overcast,0,0,
57861,2022-01-21 14:50:00,40.734398,-73.9223,0,0,Driver Inattention/Distraction,4496284,-5.3,-11.6,0.0,0.0,0.0,0.0,3,21.9,40.0,2,Overcast,0,0,
57862,2022-01-21 11:00:00,40.678703,-73.781746,0,0,Unsafe Speed,4496380,-5.3,-11.6,0.0,0.0,0.0,0.0,3,21.9,40.0,2,Overcast,0,0,
57863,2022-01-19 21:20:00,40.854477,-73.8667,1,0,Backing Unsafely,4495923,7.6,-4.9,0.0,0.0,0.0,0.0,3,23.5,43.2,208,Overcast,1,1,
57864,2022-01-21 05:40:00,40.6552,-73.893555,2,0,Failure to Yield Right-of-Way,4496192,-5.3,-11.6,0.0,0.0,0.0,0.0,3,21.9,40.0,2,Overcast,2,2,
57865,2022-01-21 08:15:00,40.72789,-73.86117,2,0,Driver Inattention/Distraction,4496345,-5.3,-11.6,0.0,0.0,0.0,0.0,3,21.9,40.0,2,Overcast,2,2,
57866,2022-01-20 21:45:00,40.8231,-73.91644,0,0,Unspecified,4496119,5.2,-5.5,7.3,4.6,1.89,10.0,73,22.3,40.0,315,Snow fall: Moderate,0,0,Snowy Conditions
57867,2022-01-21 22:00:00,40.849964,-73.91416,0,0,Alcohol Involvement,4496364,-5.3,-11.6,0.0,0.0,0.0,0.0,3,21.9,40.0,2,Overcast,0,0,
57868,2022-01-19 11:45:00,40.853905,-73.89864,0,0,Unspecified,4495949,7.6,-4.9,0.0,0.0,0.0,0.0,3,23.5,43.2,208,Overcast,0,0,
57869,2022-01-20 21:00:00,40.631298,-74.03375,0,0,Unspecified,4496078,5.2,-5.5,7.3,4.6,1.89,10.0,73,22.3,40.0,315,Snow fall: Moderate,0,0,Snowy Conditions
57870,2022-01-21 00:15:00,40.636024,-73.89506,0,0,Traffic Control Disregarded,4496203,-5.3,-11.6,0.0,0.0,0.0,0.0,3,21.9,40.0,2,Overcast,0,0,
57871,2022-01-20 00:40:00,40.6704,-73.84199,0,0,Backing Unsafely,4495876,5.2,-5.5,7.3,4.6,1.89,10.0,73,22.3,40.0,315,Snow fall: Moderate,0,0,Snowy Conditions
57872,2022-01-16 00:15:00,40.757095,-73.915016,0,0,Driver Inattention/Distraction,4496494,1.3,-13.5,4.4,0.7,2.59,4.0,75,28.1,47.2,36,Snow fall: Heavy,0,0,Snowy Conditions
57873,2022-01-19 18:00:00,40.751526,-73.859184,1,0,Unspecified,4496041,7.6,-4.9,0.0,0.0,0.0,0.0,3,23.5,43.2,208,Overcast,1,1,
57874,2022-01-21 19:00:00,40.8037,-73.93582,0,0,Driver Inattention/Distraction,4496464,-5.3,-11.6,0.0,0.0,0.0,0.0,3,21.9,40.0,2,Overcast,0,0,
57875,2022-01-17 13:00:00,40.699036,-73.9389,0,0,Backing Unsafely,4496728,9.7,0.4,33.6,32.8,0.56,12.0,73,54.1,99.7,183,Snow fall: Moderate,0,0,Snowy Conditions
57876,2022-01-21 22:20:00,40.689827,-73.81291,0,0,Alcohol Involvement,4496350,-5.3,-11.6,0.0,0.0,0.0,0.0,3,21.9,40.0,2,Overcast,0,0,
57877,2022-01-11 09:46:00,40.714417,-74.006096,0,0,Backing Unsafely,4496642,-4.2,-8.8,0.0,0.0,0.0,0.0,1,26.7,50.8,316,Mainly clear,0,0,Sunny/Clear Conditions
57878,2022-01-21 00:10:00,40.65638,-73.98066,1,0,Unspecified,4496425,-5.3,-11.6,0.0,0.0,0.0,0.0,3,21.9,40.0,2,Overcast,1,1,
57879,2022-01-20 21:49:00,40.693905,-73.94892,0,0,Backing Unsafely,4496629,5.2,-5.5,7.3,4.6,1.89,10.0,73,22.3,40.0,315,Snow fall: Moderate,0,0,Snowy Conditions
57880,2022-01-19 08:55:00,0.0,0.0,1,0,Traffic Control Disregarded,4496544,7.6,-4.9,0.0,0.0,0.0,0.0,3,23.5,43.2,208,Overcast,1,1,
57881,2022-01-21 13:45:00,40.837177,-73.942604,0,0,Driver Inattention/Distraction,4496713,-5.3,-11.6,0.0,0.0,0.0,0.0,3,21.9,40.0,2,Overcast,0,0,
57882,2022-01-21 10:30:00,40.685062,-74.00269,0,0,Unspecified,4496483,-5.3,-11.6,0.0,0.0,0.0,0.0,3,21.9,40.0,2,Overcast,0,0,
57883,2022-01-20 19:30:00,40.881607,-73.83784,2,0,Failure to Yield Right-of-Way,4496064,5.2,-5.5,7.3,4.6,1.89,10.0,73,22.3,40.0,315,Snow fall: Moderate,2,2,Snowy Conditions
57884,2022-01-07 17:33:00,40.785866,-73.950935,0,0,Driver Inexperience,4496794,-0.0,-5.7,9.0,0.0,6.3,11.0,75,26.8,48.6,313,Snow fall: Heavy,0,0,Snowy Conditions
57885,2022-01-19 17:30:00,40.756023,-73.82088,4,0,Failure to Yield Right-of-Way,4495904,7.6,-4.9,0.0,0.0,0.0,0.0,3,23.5,43.2,208,Overcast,4,4,
57886,2021-10-26 09:00:00,40.76217,-73.7568,4,0,Following Too Closely,4471695,16.9,13.8,84.5,84.5,0.0,17.0,65,28.7,53.6,87,Rain: Heavy,4,4,
57887,2021-10-29 17:00:00,40.796738,-73.92925,1,0,Unsafe Lane Changing,4472186,13.8,8.3,9.3,9.3,0.0,5.0,63,40.9,73.8,78,Rain: Moderate,1,1,
57888,2021-09-29 20:30:00,40.712727,-73.72899,0,0,Following Too Closely,4462773,19.9,11.3,0.0,0.0,0.0,0.0,3,20.6,41.8,331,Overcast,0,0,
57889,2021-10-29 10:49:00,40.639698,-73.99686,0,0,Unspecified,4473542,13.8,8.3,9.3,9.3,0.0,5.0,63,40.9,73.8,78,Rain: Moderate,0,0,
57890,2021-10-25 10:40:00,40.709946,-73.92801,0,0,Driver Inattention/Distraction,4471275,22.8,13.5,10.7,10.7,0.0,8.0,63,18.9,33.5,172,Rain: Moderate,0,0,
57891,2021-10-31 17:48:00,40.640915,-73.97365,1,0,Unspecified,4473547,18.3,12.5,3.7,3.7,0.0,8.0,55,22.9,41.0,268,Drizzle: Dense,1,1,
57892,2021-10-17 08:28:00,40.7350022,-73.8364386,2,0,Other Vehicular,4468535,17.3,11.1,0.2,0.2,0.0,2.0,51,23.9,43.9,293,Drizzle: Light,2,2,
57893,2022-01-01 22:03:00,40.680878,-73.98372,0,0,Driver Inattention/Distraction,4496593,11.7,7.5,19.4,19.4,0.0,19.0,63,13.9,22.3,161,Rain: Moderate,0,0,
57894,2021-10-22 08:20:00,40.7332923,-73.9871799,1,0,Failure to Yield Right-of-Way,4470521,20.3,14.4,0.0,0.0,0.0,0.0,3,18.1,31.3,267,Overcast,1,1,
57895,2021-12-10 17:00:00,40.874683,-73.886505,0,0,Unspecified,4486363,8.5,1.6,0.0,0.0,0.0,0.0,3,9.8,20.5,183,Overcast,0,0,
57896,2021-12-12 06:04:00,40.641365,-73.89811,2,0,Fell Asleep,4485587,13.0,3.4,0.5,0.5,0.0,1.0,53,32.4,62.6,284,Drizzle: Moderate,2,2,
57897,2021-12-12 03:46:00,40.67619,-73.9081,3,0,Other Vehicular,4486044,13.0,3.4,0.5,0.5,0.0,1.0,53,32.4,62.6,284,Drizzle: Moderate,3,3,
57898,2021-12-12 16:10:00,40.64731,-73.980125,0,0,Unspecified,4486268,13.0,3.4,0.5,0.5,0.0,1.0,53,32.4,62.6,284,Drizzle: Moderate,0,0,
57899,2021-12-12 12:47:00,40.676632,-73.95944,0,0,Driver Inattention/Distraction,4485692,13.0,3.4,0.5,0.5,0.0,1.0,53,32.4,62.6,284,Drizzle: Moderate,0,0,
57900,2021-12-12 04:00:00,40.763245,-73.82075,0,0,Backing Unsafely,4485736,13.0,3.4,0.5,0.5,0.0,1.0,53,32.4,62.6,284,Drizzle: Moderate,0,0,
57901,2021-12-12 10:30:00,40.811367,-73.95402,0,0,Driver Inattention/Distraction,4485699,13.0,3.4,0.5,0.5,0.0,1.0,53,32.4,62.6,284,Drizzle: Moderate,0,0,
57902,2021-12-12 23:10:00,40.63932,-74.02356,1,0,Alcohol Involvement,4486485,13.0,3.4,0.5,0.5,0.0,1.0,53,32.4,62.6,284,Drizzle: Moderate,1,1,
57903,2021-12-12 03:55:00,40.6224,-73.936646,2,0,Alcohol Involvement,4485644,13.0,3.4,0.5,0.5,0.0,1.0,53,32.4,62.6,284,Drizzle: Moderate,2,2,
57904,2021-12-12 16:20:00,40.584644,-73.94899,1,0,Following Too Closely,4486263,13.0,3.4,0.5,0.5,0.0,1.0,53,32.4,62.6,284,Drizzle: Moderate,1,1,
57905,2022-01-21 12:36:00,40.799805,-73.92992,1,0,Backing Unsafely,4496257,-5.3,-11.6,0.0,0.0,0.0,0.0,3,21.9,40.0,2,Overcast,1,1,
57906,2022-01-21 06:30:00,40.719406,-73.902504,0,0,Unspecified,4496648,-5.3,-11.6,0.0,0.0,0.0,0.0,3,21.9,40.0,2,Overcast,0,0,
57907,2022-01-16 10:00:00,40.83562,-73.927864,0,0,Unspecified,4496776,1.3,-13.5,4.4,0.7,2.59,4.0,75,28.1,47.2,36,Snow fall: Heavy,0,0,Snowy Conditions
57908,2022-01-20 19:22:00,40.542427,-74.14591,0,0,Failure to Yield Right-of-Way,4496407,5.2,-5.5,7.3,4.6,1.89,10.0,73,22.3,40.0,315,Snow fall: Moderate,0,0,Snowy Conditions
57909,2022-01-21 13:00:00,40.6992,-73.92309,0,0,Passing or Lane Usage Improper,4496326,-5.3,-11.6,0.0,0.0,0.0,0.0,3,21.9,40.0,2,Overcast,0,0,
57910,2022-01-20 04:15:00,40.8327,-73.950226,0,0,Pavement Slippery,4496016,5.2,-5.5,7.3,4.6,1.89,10.0,73,22.3,40.0,315,Snow fall: Moderate,0,0,Snowy Conditions
57911,2022-01-21 17:30:00,40.814007,-73.88972,0,0,Unspecified,4496828,-5.3,-11.6,0.0,0.0,0.0,0.0,3,21.9,40.0,2,Overcast,0,0,
57912,2021-10-31 20:30:00,40.676693,-73.917404,3,0,Reaction to Uninvolved Vehicle,4472674,18.3,12.5,3.7,3.7,0.0,8.0,55,22.9,41.0,268,Drizzle: Dense,3,3,
57913,2021-10-31 19:00:00,40.84763,-73.866005,1,0,Unsafe Speed,4472843,18.3,12.5,3.7,3.7,0.0,8.0,55,22.9,41.0,268,Drizzle: Dense,1,1,
57914,2021-10-31 05:00:00,40.68178,-73.87879,0,0,Driver Inexperience,4472766,18.3,12.5,3.7,3.7,0.0,8.0,55,22.9,41.0,268,Drizzle: Dense,0,0,
57915,2021-10-29 06:58:00,40.72443,-73.99347,1,0,Driver Inattention/Distraction,4473494,13.8,8.3,9.3,9.3,0.0,5.0,63,40.9,73.8,78,Rain: Moderate,1,1,
57916,2021-10-26 17:58:00,40.643425,-74.01659,0,0,Unspecified,4473432,16.9,13.8,84.5,84.5,0.0,17.0,65,28.7,53.6,87,Rain: Heavy,0,0,
57917,2021-10-31 01:00:00,40.82804,-73.94251,0,0,Traffic Control Disregarded,4473160,18.3,12.5,3.7,3.7,0.0,8.0,55,22.9,41.0,268,Drizzle: Dense,0,0,
57918,2021-10-31 00:49:00,40.623203,-73.93316,1,0,Unspecified,4473079,18.3,12.5,3.7,3.7,0.0,8.0,55,22.9,41.0,268,Drizzle: Dense,1,1,
57919,2021-10-31 01:55:00,40.57737,-74.11145,0,0,Traffic Control Disregarded,4472360,18.3,12.5,3.7,3.7,0.0,8.0,55,22.9,41.0,268,Drizzle: Dense,0,0,
57920,2021-10-31 23:30:00,40.696117,-73.970436,0,0,Alcohol Involvement,4472724,18.3,12.5,3.7,3.7,0.0,8.0,55,22.9,41.0,268,Drizzle: Dense,0,0,
57921,2021-10-31 04:00:00,40.89642,-73.85263,0,0,Unspecified,4473506,18.3,12.5,3.7,3.7,0.0,8.0,55,22.9,41.0,268,Drizzle: Dense,0,0,
57922,2021-10-31 17:30:00,40.878365,-73.85893,0,0,Failure to Yield Right-of-Way,4472915,18.3,12.5,3.7,3.7,0.0,8.0,55,22.9,41.0,268,Drizzle: Dense,0,0,
57923,2021-10-31 18:25:00,40.809494,-73.935814,0,0,Traffic Control Disregarded,4472783,18.3,12.5,3.7,3.7,0.0,8.0,55,22.9,41.0,268,Drizzle: Dense,0,0,
57924,2021-10-31 12:53:00,40.721474,-73.98383,2,0,Driver Inattention/Distraction,4473017,18.3,12.5,3.7,3.7,0.0,8.0,55,22.9,41.0,268,Drizzle: Dense,2,2,
57925,2021-10-31 00:31:00,40.84519,-73.9112,0,0,Following Too Closely,4473305,18.3,12.5,3.7,3.7,0.0,8.0,55,22.9,41.0,268,Drizzle: Dense,0,0,
57926,2021-09-04 16:40:00,40.689243,-73.98873,0,0,Unspecified,4473380,25.2,14.5,0.0,0.0,0.0,0.0,3,15.4,27.0,289,Overcast,0,0,
57927,2021-10-31 01:05:00,40.862595,-73.83153,1,0,Unsafe Speed,4472411,18.3,12.5,3.7,3.7,0.0,8.0,55,22.9,41.0,268,Drizzle: Dense,1,1,
57928,2021-10-31 04:18:00,40.746937,-73.89862,1,0,Traffic Control Disregarded,4472805,18.3,12.5,3.7,3.7,0.0,8.0,55,22.9,41.0,268,Drizzle: Dense,1,1,
57929,2021-10-31 03:24:00,40.82413,-73.94098,0,0,Lost Consciousness,4473140,18.3,12.5,3.7,3.7,0.0,8.0,55,22.9,41.0,268,Drizzle: Dense,0,0,
57930,2021-10-27 17:27:00,40.821754,-73.94724,1,0,Driver Inattention/Distraction,4473292,16.1,12.2,6.6,6.6,0.0,6.0,61,33.3,63.0,359,Rain: Light,1,1,
57931,2021-10-31 17:38:00,40.683514,-73.97596,0,0,Following Too Closely,4472978,18.3,12.5,3.7,3.7,0.0,8.0,55,22.9,41.0,268,Drizzle: Dense,0,0,