,CRASH DATETIME,LATITUDE,LONGITUDE,NUMBER OF PERSONS INJURED,NUMBER OF PERSONS KILLED,CONTRIBUTING FACTOR VEHICLE 1,COLLISION_ID,temperature_2m_max,temperature_2m_min,precipitation_sum,rain_sum,snowfall_sum,precipitation_hours,weather_code,wind_speed_10m_max,wind_gusts_10m_max,wind_direction_10m_dominant,Weather Description,Severity_Score,Total_Affected_Persons,Weather_Category
57932,2021-10-31 03:41:00,40.712597,-73.99889,0,0,Driver Inattention/Distraction,4472441,18.3,12.5,3.7,3.7,0.0,8.0,55,22.9,41.0,268,Drizzle: Dense,0,0,
57933,2021-10-31 12:26:00,40.81676,-73.917465,0,0,Backing Unsafely,4472880,18.3,12.5,3.7,3.7,0.0,8.0,55,22.9,41.0,268,Drizzle: Dense,0,0,
57934,2021-10-31 16:45:00,40.895374,-73.86356,0,0,Unspecified,4472923,18.3,12.5,3.7,3.7,0.0,8.0,55,22.9,41.0,268,Drizzle: Dense,0,0,
57935,2021-10-31 09:25:00,40.605667,-73.99717,1,0,Driver Inattention/Distraction,4472580,18.3,12.5,3.7,3.7,0.0,8.0,55,22.9,41.0,268,Drizzle: Dense,1,1,
57936,2021-07-23 16:30:00,40.672493,-73.8918,2,0,Unspecified,4439873,26.2,17.3,0.0,0.0,0.0,0.0,1,11.3,27.0,340,Mainly clear,2,2,Sunny/Clear Conditions
57937,2021-10-31 06:09:00,40.828403,-73.84392,0,0,Unspecified,4472510,18.3,12.5,3.7,3.7,0.0,8.0,55,22.9,41.0,268,Drizzle: Dense,0,0,
57938,2021-10-30 22:45:00,40.671986,-73.9197,1,0,Passing or Lane Usage Improper,4473334,17.8,12.0,7.8,7.8,0.0,16.0,61,38.5,68.0,112,Rain: Light,1,1,
57939,2021-10-30 12:30:00,40.66777,-73.95614,0,0,Driver Inattention/Distraction,4473367,17.8,12.0,7.8,7.8,0.0,16.0,61,38.5,68.0,112,Rain: Light,0,0,
57940,2021-10-30 13:48:00,40.529373,-74.161354,2,0,Driver Inattention/Distraction,4473408,17.8,12.0,7.8,7.8,0.0,16.0,61,38.5,68.0,112,Rain: Light,2,2,
57941,2021-10-31 08:46:00,40.733936,-73.807365,0,0,Unspecified,4472564,18.3,12.5,3.7,3.7,0.0,8.0,55,22.9,41.0,268,Drizzle: Dense,0,0,
57942,2021-10-31 07:13:00,40.615307,-74.15799,2,0,Driver Inattention/Distraction,4472515,18.3,12.5,3.7,3.7,0.0,8.0,55,22.9,41.0,268,Drizzle: Dense,2,2,
57943,2021-10-31 10:15:00,40.842247,-73.91403,0,0,Passing Too Closely,4473233,18.3,12.5,3.7,3.7,0.0,8.0,55,22.9,41.0,268,Drizzle: Dense,0,0,
57944,2021-10-31 12:52:00,40.692844,-73.99311,0,0,Backing Unsafely,4472630,18.3,12.5,3.7,3.7,0.0,8.0,55,22.9,41.0,268,Drizzle: Dense,0,0,
57945,2021-10-31 04:10:00,40.74757,-73.83481,1,0,Driver Inattention/Distraction,4472464,18.3,12.5,3.7,3.7,0.0,8.0,55,22.9,41.0,268,Drizzle: Dense,1,1,
57946,2021-10-31 02:15:00,40.69986,-73.92829,0,0,Pavement Slippery,4472939,18.3,12.5,3.7,3.7,0.0,8.0,55,22.9,41.0,268,Drizzle: Dense,0,0,
57947,2021-10-31 15:22:00,40.669537,-73.86226,0,0,Driver Inexperience,4472775,18.3,12.5,3.7,3.7,0.0,8.0,55,22.9,41.0,268,Drizzle: Dense,0,0,
57948,2021-10-31 23:50:00,40.612732,-74.01172,0,0,Alcohol Involvement,4472819,18.3,12.5,3.7,3.7,0.0,8.0,55,22.9,41.0,268,Drizzle: Dense,0,0,
57949,2021-09-25 06:15:00,40.80976,-73.929,0,0,Turning Improperly,4473487,22.8,14.0,0.0,0.0,0.0,0.0,3,7.9,15.8,322,Overcast,0,0,
57950,2021-10-08 11:45:00,40.715046,-73.99252,0,0,Passing Too Closely,4473524,23.7,14.5,0.0,0.0,0.0,0.0,3,13.0,22.3,94,Overcast,0,0,
57951,2021-10-31 11:15:00,40.879578,-73.875374,0,0,Passing or Lane Usage Improper,4472964,18.3,12.5,3.7,3.7,0.0,8.0,55,22.9,41.0,268,Drizzle: Dense,0,0,
57952,2021-10-31 02:36:00,40.807503,-73.91702,1,0,Driver Inattention/Distraction,4472889,18.3,12.5,3.7,3.7,0.0,8.0,55,22.9,41.0,268,Drizzle: Dense,1,1,
57953,2021-10-31 22:25:00,40.699627,-73.923836,1,0,Failure to Yield Right-of-Way,4472951,18.3,12.5,3.7,3.7,0.0,8.0,55,22.9,41.0,268,Drizzle: Dense,1,1,
57954,2021-10-31 06:00:00,40.644897,-74.00696,0,0,Unspecified,4472500,18.3,12.5,3.7,3.7,0.0,8.0,55,22.9,41.0,268,Drizzle: Dense,0,0,
57955,2021-10-31 15:00:00,40.75524,-73.98102,1,0,Unspecified,4472605,18.3,12.5,3.7,3.7,0.0,8.0,55,22.9,41.0,268,Drizzle: Dense,1,1,
57956,2021-10-31 12:54:00,40.64173,-74.00925,0,0,Unspecified,4472733,18.3,12.5,3.7,3.7,0.0,8.0,55,22.9,41.0,268,Drizzle: Dense,0,0,
57957,2021-10-31 09:35:00,40.615917,-73.986496,0,0,Backing Unsafely,4473325,18.3,12.5,3.7,3.7,0.0,8.0,55,22.9,41.0,268,Drizzle: Dense,0,0,
57958,2021-10-30 19:30:00,40.742573,-73.73389,0,0,Unspecified,4473418,17.8,12.0,7.8,7.8,0.0,16.0,61,38.5,68.0,112,Rain: Light,0,0,
57959,2021-10-31 03:16:00,40.804173,-73.91302,2,0,Unspecified,4472878,18.3,12.5,3.7,3.7,0.0,8.0,55,22.9,41.0,268,Drizzle: Dense,2,2,
57960,2021-10-31 08:51:00,40.61569,-73.964485,0,0,Driver Inattention/Distraction,4473059,18.3,12.5,3.7,3.7,0.0,8.0,55,22.9,41.0,268,Drizzle: Dense,0,0,
57961,2021-10-31 00:15:00,40.677063,-73.90803,0,0,Following Too Closely,4473335,18.3,12.5,3.7,3.7,0.0,8.0,55,22.9,41.0,268,Drizzle: Dense,0,0,
57962,2021-10-31 14:16:00,40.63762,-73.905624,0,0,Alcohol Involvement,4472649,18.3,12.5,3.7,3.7,0.0,8.0,55,22.9,41.0,268,Drizzle: Dense,0,0,
57963,2021-10-29 11:20:00,40.678886,-73.921974,1,0,Following Too Closely,4473397,13.8,8.3,9.3,9.3,0.0,5.0,63,40.9,73.8,78,Rain: Moderate,1,1,
57964,2021-10-31 06:22:00,40.757946,-73.81924,1,0,Pavement Slippery,4472685,18.3,12.5,3.7,3.7,0.0,8.0,55,22.9,41.0,268,Drizzle: Dense,1,1,
57965,2021-10-31 07:30:00,40.782513,-73.95763,0,0,Driver Inattention/Distraction,4472537,18.3,12.5,3.7,3.7,0.0,8.0,55,22.9,41.0,268,Drizzle: Dense,0,0,
57966,2021-10-31 14:40:00,40.710697,-73.984634,0,0,Unspecified,4473015,18.3,12.5,3.7,3.7,0.0,8.0,55,22.9,41.0,268,Drizzle: Dense,0,0,
57967,2021-10-31 11:51:00,40.84299,-73.82625,1,0,,4472903,18.3,12.5,3.7,3.7,0.0,8.0,55,22.9,41.0,268,Drizzle: Dense,1,1,
57968,2021-10-31 14:40:00,40.69432,-73.77785,0,0,Passing or Lane Usage Improper,4472930,18.3,12.5,3.7,3.7,0.0,8.0,55,22.9,41.0,268,Drizzle: Dense,0,0,
57969,2021-10-28 18:00:00,40.71047,-73.85092,2,0,Brakes Defective,4473409,15.2,7.9,0.0,0.0,0.0,0.0,3,19.1,34.6,28,Overcast,2,2,
57970,2021-10-31 18:45:00,40.865536,-73.92728,1,0,Unspecified,4472998,18.3,12.5,3.7,3.7,0.0,8.0,55,22.9,41.0,268,Drizzle: Dense,1,1,
57971,2021-10-31 21:00:00,40.643227,-73.980576,0,0,Unspecified,4473209,18.3,12.5,3.7,3.7,0.0,8.0,55,22.9,41.0,268,Drizzle: Dense,0,0,
57972,2021-10-31 10:45:00,40.677864,-73.87286,0,0,Unspecified,4472771,18.3,12.5,3.7,3.7,0.0,8.0,55,22.9,41.0,268,Drizzle: Dense,0,0,
57973,2021-10-31 11:04:00,40.75383,-73.88411,0,0,Unspecified,4473089,18.3,12.5,3.7,3.7,0.0,8.0,55,22.9,41.0,268,Drizzle: Dense,0,0,
57974,2021-10-31 02:12:00,40.713318,-73.76402,3,0,Driver Inattention/Distraction,4472810,18.3,12.5,3.7,3.7,0.0,8.0,55,22.9,41.0,268,Drizzle: Dense,3,3,
57975,2021-10-31 22:00:00,40.728596,-73.98015,0,0,Unspecified,4473495,18.3,12.5,3.7,3.7,0.0,8.0,55,22.9,41.0,268,Drizzle: Dense,0,0,
57976,2021-10-31 20:30:00,40.675842,-73.99905,0,0,Unspecified,4472719,18.3,12.5,3.7,3.7,0.0,8.0,55,22.9,41.0,268,Drizzle: Dense,0,0,
57977,2021-10-31 16:39:00,40.761272,-73.95571,0,0,Unsafe Speed,4472862,18.3,12.5,3.7,3.7,0.0,8.0,55,22.9,41.0,268,Drizzle: Dense,0,0,
57978,2021-10-31 14:50:00,40.817795,-73.89319,0,0,Unspecified,4472660,18.3,12.5,3.7,3.7,0.0,8.0,55,22.9,41.0,268,Drizzle: Dense,0,0,
57979,2021-10-31 05:50:00,40.72113,-73.74822,0,0,Unspecified,4473031,18.3,12.5,3.7,3.7,0.0,8.0,55,22.9,41.0,268,Drizzle: Dense,0,0,
57980,2021-10-11 09:15:00,40.81059,-73.954575,0,0,Driver Inattention/Distraction,4473347,21.7,16.3,0.0,0.0,0.0,0.0,3,25.7,49.7,41,Overcast,0,0,
57981,2021-10-31 20:10:00,40.712597,-73.967735,1,0,Failure to Yield Right-of-Way,4472836,18.3,12.5,3.7,3.7,0.0,8.0,55,22.9,41.0,268,Drizzle: Dense,1,1,
57982,2021-10-31 19:35:00,40.72161,-73.86671,0,0,Driver Inexperience,4472728,18.3,12.5,3.7,3.7,0.0,8.0,55,22.9,41.0,268,Drizzle: Dense,0,0,
57983,2021-10-31 03:15:00,40.75112,-73.763084,0,0,View Obstructed/Limited,4472838,18.3,12.5,3.7,3.7,0.0,8.0,55,22.9,41.0,268,Drizzle: Dense,0,0,
57984,2021-10-31 18:37:00,40.706997,-73.96137,0,0,Following Too Closely,4472785,18.3,12.5,3.7,3.7,0.0,8.0,55,22.9,41.0,268,Drizzle: Dense,0,0,
57985,2021-10-31 21:30:00,40.815754,-73.89529,3,0,Unspecified,4473120,18.3,12.5,3.7,3.7,0.0,8.0,55,22.9,41.0,268,Drizzle: Dense,3,3,
57986,2021-10-31 01:12:00,40.740273,-73.89586,0,0,Driver Inattention/Distraction,4472380,18.3,12.5,3.7,3.7,0.0,8.0,55,22.9,41.0,268,Drizzle: Dense,0,0,
57987,2021-12-06 06:00:00,40.755764,-73.91218,0,0,Passing or Lane Usage Improper,4487023,16.3,7.7,6.3,6.3,0.0,10.0,61,35.1,65.5,201,Rain: Light,0,0,
57988,2021-10-31 18:00:00,40.62621,-73.927666,0,0,Driver Inattention/Distraction,4472679,18.3,12.5,3.7,3.7,0.0,8.0,55,22.9,41.0,268,Drizzle: Dense,0,0,
57989,2021-10-31 21:05:00,40.7754,-73.92116,0,0,Driver Inexperience,4472985,18.3,12.5,3.7,3.7,0.0,8.0,55,22.9,41.0,268,Drizzle: Dense,0,0,
57990,2021-10-31 09:55:00,40.712597,-73.84126,0,0,Driver Inattention/Distraction,4473375,18.3,12.5,3.7,3.7,0.0,8.0,55,22.9,41.0,268,Drizzle: Dense,0,0,
57991,2021-10-31 05:30:00,40.657295,-73.915886,0,0,Reaction to Uninvolved Vehicle,4473345,18.3,12.5,3.7,3.7,0.0,8.0,55,22.9,41.0,268,Drizzle: Dense,0,0,
57992,2021-10-31 14:42:00,40.630093,-73.905716,1,0,Unspecified,4473075,18.3,12.5,3.7,3.7,0.0,8.0,55,22.9,41.0,268,Drizzle: Dense,1,1,
57993,2021-10-31 04:45:00,40.641468,-73.95938,2,0,Unspecified,4472426,18.3,12.5,3.7,3.7,0.0,8.0,55,22.9,41.0,268,Drizzle: Dense,2,2,
57994,2021-10-31 11:40:00,40.69746,-73.99303,0,0,Unspecified,4473147,18.3,12.5,3.7,3.7,0.0,8.0,55,22.9,41.0,268,Drizzle: Dense,0,0,
57995,2021-10-31 02:14:00,40.818798,-73.89213,0,0,Turning Improperly,4472659,18.3,12.5,3.7,3.7,0.0,8.0,55,22.9,41.0,268,Drizzle: Dense,0,0,
57996,2021-10-31 17:48:00,40.804375,-73.93742,0,0,Driver Inattention/Distraction,4472797,18.3,12.5,3.7,3.7,0.0,8.0,55,22.9,41.0,268,Drizzle: Dense,0,0,
57997,2021-10-31 08:30:00,40.69595,-73.86237,1,0,Brakes Defective,4473293,18.3,12.5,3.7,3.7,0.0,8.0,55,22.9,41.0,268,Drizzle: Dense,1,1,
57998,2021-10-31 04:29:00,40.737865,-74.00019,0,0,Driver Inattention/Distraction,4472721,18.3,12.5,3.7,3.7,0.0,8.0,55,22.9,41.0,268,Drizzle: Dense,0,0,
57999,2021-10-31 11:31:00,40.666595,-73.98184,0,0,Passing Too Closely,4472977,18.3,12.5,3.7,3.7,0.0,8.0,55,22.9,41.0,268,Drizzle: Dense,0,0,
58000,2021-10-31 02:10:00,40.5659,-74.19375,0,0,Unsafe Speed,4473022,18.3,12.5,3.7,3.7,0.0,8.0,55,22.9,41.0,268,Drizzle: Dense,0,0,
58001,2021-10-31 05:35:00,40.660927,-73.892426,0,0,Unspecified,4472767,18.3,12.5,3.7,3.7,0.0,8.0,55,22.9,41.0,268,Drizzle: Dense,0,0,
58002,2021-10-31 19:20:00,40.749283,-73.756645,0,0,Following Too Closely,4473437,18.3,12.5,3.7,3.7,0.0,8.0,55,22.9,41.0,268,Drizzle: Dense,0,0,
58003,2021-10-31 19:30:00,40.66124,-73.95586,0,0,Driver Inattention/Distraction,4473369,18.3,12.5,3.7,3.7,0.0,8.0,55,22.9,41.0,268,Drizzle: Dense,0,0,
58004,2021-10-31 21:25:00,40.64254,-73.87652,0,0,Following Too Closely,4473272,18.3,12.5,3.7,3.7,0.0,8.0,55,22.9,41.0,268,Drizzle: Dense,0,0,
58005,2021-10-31 21:00:00,40.727394,-73.98677,0,0,Unspecified,4473496,18.3,12.5,3.7,3.7,0.0,8.0,55,22.9,41.0,268,Drizzle: Dense,0,0,
58006,2021-10-31 01:31:00,40.77139,-73.95044,1,0,Unspecified,4472536,18.3,12.5,3.7,3.7,0.0,8.0,55,22.9,41.0,268,Drizzle: Dense,1,1,
58007,2021-10-31 10:40:00,40.65965,-73.773834,0,0,Following Too Closely,4472569,18.3,12.5,3.7,3.7,0.0,8.0,55,22.9,41.0,268,Drizzle: Dense,0,0,
58008,2021-10-31 18:54:00,40.808887,-73.906715,0,0,Other Vehicular,4472895,18.3,12.5,3.7,3.7,0.0,8.0,55,22.9,41.0,268,Drizzle: Dense,0,0,
58009,2021-10-31 15:00:00,40.541176,-74.185776,0,0,Passing or Lane Usage Improper,4473361,18.3,12.5,3.7,3.7,0.0,8.0,55,22.9,41.0,268,Drizzle: Dense,0,0,
58010,2021-10-31 02:18:00,40.73821,-73.866486,1,0,Driver Inattention/Distraction,4472675,18.3,12.5,3.7,3.7,0.0,8.0,55,22.9,41.0,268,Drizzle: Dense,1,1,
58011,2021-10-31 16:38:00,40.826683,-73.935394,2,0,Driver Inattention/Distraction,4472957,18.3,12.5,3.7,3.7,0.0,8.0,55,22.9,41.0,268,Drizzle: Dense,2,2,
58012,2021-10-31 17:23:00,40.697823,-73.76799,0,0,Aggressive Driving/Road Rage,4473304,18.3,12.5,3.7,3.7,0.0,8.0,55,22.9,41.0,268,Drizzle: Dense,0,0,
58013,2021-10-31 05:12:00,40.82888,-73.866646,0,0,Unspecified,4472503,18.3,12.5,3.7,3.7,0.0,8.0,55,22.9,41.0,268,Drizzle: Dense,0,0,
58014,2021-10-31 21:15:00,40.746544,-73.766014,0,0,Unspecified,4472842,18.3,12.5,3.7,3.7,0.0,8.0,55,22.9,41.0,268,Drizzle: Dense,0,0,
58015,2021-10-31 10:44:00,40.648705,-74.010254,1,0,Unspecified,4472732,18.3,12.5,3.7,3.7,0.0,8.0,55,22.9,41.0,268,Drizzle: Dense,1,1,
58016,2021-10-31 08:00:00,40.73844,-73.79821,0,0,Unspecified,4473066,18.3,12.5,3.7,3.7,0.0,8.0,55,22.9,41.0,268,Drizzle: Dense,0,0,
58017,2021-10-31 20:51:00,40.640316,-73.97907,0,0,Unspecified,4473208,18.3,12.5,3.7,3.7,0.0,8.0,55,22.9,41.0,268,Drizzle: Dense,0,0,
58018,2021-10-31 07:00:00,40.87627,-73.88107,0,0,Unspecified,4472967,18.3,12.5,3.7,3.7,0.0,8.0,55,22.9,41.0,268,Drizzle: Dense,0,0,
58019,2021-10-31 20:15:00,40.66706,-73.7392,7,0,Unsafe Lane Changing,4472664,18.3,12.5,3.7,3.7,0.0,8.0,55,22.9,41.0,268,Drizzle: Dense,7,7,
58020,2021-10-31 12:29:00,40.65207,-74.00676,1,0,Unspecified,4472739,18.3,12.5,3.7,3.7,0.0,8.0,55,22.9,41.0,268,Drizzle: Dense,1,1,
58021,2021-10-30 14:15:00,40.83801,-73.87329,8,0,Driver Inattention/Distraction,4473424,17.8,12.0,7.8,7.8,0.0,16.0,61,38.5,68.0,112,Rain: Light,8,8,
58022,2021-10-30 11:00:00,40.759262,-73.750374,1,0,Driver Inattention/Distraction,4473417,17.8,12.0,7.8,7.8,0.0,16.0,61,38.5,68.0,112,Rain: Light,1,1,
58023,2021-10-30 18:00:00,40.626415,-74.13009,0,0,Driver Inattention/Distraction,4473326,17.8,12.0,7.8,7.8,0.0,16.0,61,38.5,68.0,112,Rain: Light,0,0,
58024,2021-10-31 01:30:00,40.615314,-73.96237,1,0,Unspecified,4473047,18.3,12.5,3.7,3.7,0.0,8.0,55,22.9,41.0,268,Drizzle: Dense,1,1,
58025,2021-10-28 14:32:00,40.83482,-73.86801,1,0,Driver Inexperience,4473400,15.2,7.9,0.0,0.0,0.0,0.0,3,19.1,34.6,28,Overcast,1,1,
58026,2021-10-31 04:03:00,40.809456,-73.909454,0,0,Traffic Control Device Improper/Non-Working,4472886,18.3,12.5,3.7,3.7,0.0,8.0,55,22.9,41.0,268,Drizzle: Dense,0,0,
58027,2021-10-31 02:05:00,40.84921,-73.83056,0,0,Passing or Lane Usage Improper,4472438,18.3,12.5,3.7,3.7,0.0,8.0,55,22.9,41.0,268,Drizzle: Dense,0,0,
58028,2021-10-31 19:06:00,40.700672,-73.92164,0,0,Passing Too Closely,4472950,18.3,12.5,3.7,3.7,0.0,8.0,55,22.9,41.0,268,Drizzle: Dense,0,0,
58029,2021-10-31 16:30:00,40.716328,-73.948074,0,0,Driver Inexperience,4472631,18.3,12.5,3.7,3.7,0.0,8.0,55,22.9,41.0,268,Drizzle: Dense,0,0,
58030,2021-10-31 04:14:00,40.77146,-73.994354,1,0,Unspecified,4473523,18.3,12.5,3.7,3.7,0.0,8.0,55,22.9,41.0,268,Drizzle: Dense,1,1,
58031,2021-10-31 18:15:00,40.89083,-73.85435,1,0,Driver Inattention/Distraction,4472913,18.3,12.5,3.7,3.7,0.0,8.0,55,22.9,41.0,268,Drizzle: Dense,1,1,
58032,2021-10-31 07:35:00,40.75087,-73.74939,0,0,Reaction to Uninvolved Vehicle,4472855,18.3,12.5,3.7,3.7,0.0,8.0,55,22.9,41.0,268,Drizzle: Dense,0,0,
58033,2021-10-31 18:10:00,40.678596,-73.882416,0,0,Other Vehicular,4472774,18.3,12.5,3.7,3.7,0.0,8.0,55,22.9,41.0,268,Drizzle: Dense,0,0,
58034,2021-10-31 19:28:00,40.812263,-73.92059,0,0,Unspecified,4473228,18.3,12.5,3.7,3.7,0.0,8.0,55,22.9,41.0,268,Drizzle: Dense,0,0,
58035,2021-10-31 12:15:00,40.70494,-73.79449,0,0,Unspecified,4472816,18.3,12.5,3.7,3.7,0.0,8.0,55,22.9,41.0,268,Drizzle: Dense,0,0,
58036,2021-10-31 22:31:00,40.643654,-73.97103,0,0,Unspecified,4473052,18.3,12.5,3.7,3.7,0.0,8.0,55,22.9,41.0,268,Drizzle: Dense,0,0,
58037,2021-10-30 22:12:00,40.654953,-74.00703,0,0,Unspecified,4473473,17.8,12.0,7.8,7.8,0.0,16.0,61,38.5,68.0,112,Rain: Light,0,0,
58038,2021-10-31 06:05:00,40.790554,-73.82255,0,0,Passing or Lane Usage Improper,4472684,18.3,12.5,3.7,3.7,0.0,8.0,55,22.9,41.0,268,Drizzle: Dense,0,0,
58039,2021-10-31 23:15:00,40.712646,-73.98998,2,0,Unspecified,4472958,18.3,12.5,3.7,3.7,0.0,8.0,55,22.9,41.0,268,Drizzle: Dense,2,2,
58040,2021-10-31 20:22:00,40.86811,-73.91976,1,0,Driver Inattention/Distraction,4473000,18.3,12.5,3.7,3.7,0.0,8.0,55,22.9,41.0,268,Drizzle: Dense,1,1,
58041,2021-10-31 21:56:00,40.667683,-73.99608,1,0,Unsafe Speed,4472738,18.3,12.5,3.7,3.7,0.0,8.0,55,22.9,41.0,268,Drizzle: Dense,1,1,
58042,2021-10-31 03:50:00,40.75935,-73.98882,1,0,Unspecified,4472922,18.3,12.5,3.7,3.7,0.0,8.0,55,22.9,41.0,268,Drizzle: Dense,1,1,
58043,2021-10-31 04:58:00,40.63321,-73.92259,0,0,Pavement Slippery,4472453,18.3,12.5,3.7,3.7,0.0,8.0,55,22.9,41.0,268,Drizzle: Dense,0,0,
58044,2021-10-31 03:22:00,40.70604,-73.94129,0,0,Driver Inattention/Distraction,4472830,18.3,12.5,3.7,3.7,0.0,8.0,55,22.9,41.0,268,Drizzle: Dense,0,0,
58045,2021-10-31 13:10:00,40.633755,-74.155075,0,0,Driver Inattention/Distraction,4472579,18.3,12.5,3.7,3.7,0.0,8.0,55,22.9,41.0,268,Drizzle: Dense,0,0,
58046,2021-10-31 11:00:00,40.843994,-73.89752,1,0,Driver Inattention/Distraction,4472839,18.3,12.5,3.7,3.7,0.0,8.0,55,22.9,41.0,268,Drizzle: Dense,1,1,
58047,2021-10-31 11:30:00,40.762737,-73.83951,0,0,Unspecified,4472678,18.3,12.5,3.7,3.7,0.0,8.0,55,22.9,41.0,268,Drizzle: Dense,0,0,
58048,2021-10-31 08:00:00,40.579437,-73.938,1,0,Alcohol Involvement,4472828,18.3,12.5,3.7,3.7,0.0,8.0,55,22.9,41.0,268,Drizzle: Dense,1,1,
58049,2021-10-28 13:45:00,40.781315,-73.94614,1,0,Driver Inattention/Distraction,4473482,15.2,7.9,0.0,0.0,0.0,0.0,3,19.1,34.6,28,Overcast,1,1,
58050,2021-10-31 23:40:00,40.75585,-73.88259,0,0,Alcohol Involvement,4473088,18.3,12.5,3.7,3.7,0.0,8.0,55,22.9,41.0,268,Drizzle: Dense,0,0,
58051,2021-10-31 10:20:00,40.654343,-73.864204,0,0,Unspecified,4472770,18.3,12.5,3.7,3.7,0.0,8.0,55,22.9,41.0,268,Drizzle: Dense,0,0,
58052,2021-10-31 22:15:00,40.800964,-73.971016,0,0,Turning Improperly,4473124,18.3,12.5,3.7,3.7,0.0,8.0,55,22.9,41.0,268,Drizzle: Dense,0,0,
58053,2021-10-31 04:11:00,40.74456,-73.93076,0,0,Traffic Control Disregarded,4472381,18.3,12.5,3.7,3.7,0.0,8.0,55,22.9,41.0,268,Drizzle: Dense,0,0,
58054,2021-10-28 17:23:00,40.844944,-73.917404,1,0,Unspecified,4473539,15.2,7.9,0.0,0.0,0.0,0.0,3,19.1,34.6,28,Overcast,1,1,
58055,2021-10-31 16:45:00,40.76219,-73.90195,1,0,Other Vehicular,4472984,18.3,12.5,3.7,3.7,0.0,8.0,55,22.9,41.0,268,Drizzle: Dense,1,1,
58056,2021-10-27 10:00:00,40.861862,-73.91275,1,0,Driver Inattention/Distraction,4473388,16.1,12.2,6.6,6.6,0.0,6.0,61,33.3,63.0,359,Rain: Light,1,1,
58057,2021-10-31 17:25:00,40.829685,-73.8253,1,0,Unspecified,4472905,18.3,12.5,3.7,3.7,0.0,8.0,55,22.9,41.0,268,Drizzle: Dense,1,1,
58058,2021-10-31 00:30:00,40.783245,-73.94473,1,0,Driver Inattention/Distraction,4472553,18.3,12.5,3.7,3.7,0.0,8.0,55,22.9,41.0,268,Drizzle: Dense,1,1,
58059,2021-10-31 04:15:00,40.724934,-73.82976,1,0,Pavement Slippery,4472561,18.3,12.5,3.7,3.7,0.0,8.0,55,22.9,41.0,268,Drizzle: Dense,1,1,
58060,2021-10-31 05:25:00,40.768875,-73.94898,1,0,Reaction to Uninvolved Vehicle,4472865,18.3,12.5,3.7,3.7,0.0,8.0,55,22.9,41.0,268,Drizzle: Dense,1,1,
58061,2021-10-31 03:50:00,40.861862,-73.91275,2,0,Pavement Slippery,4473282,18.3,12.5,3.7,3.7,0.0,8.0,55,22.9,41.0,268,Drizzle: Dense,2,2,
58062,2021-10-31 11:28:00,0.0,0.0,0,0,Unspecified,4472604,18.3,12.5,3.7,3.7,0.0,8.0,55,22.9,41.0,268,Drizzle: Dense,0,0,
58063,2021-10-31 14:10:00,40.851757,-73.88473,3,0,Driver Inattention/Distraction,4472897,18.3,12.5,3.7,3.7,0.0,8.0,55,22.9,41.0,268,Drizzle: Dense,3,3,
58064,2021-10-30 15:00:00,40.603775,-73.75205,0,0,Unspecified,4473312,17.8,12.0,7.8,7.8,0.0,16.0,61,38.5,68.0,112,Rain: Light,0,0,
58065,2021-10-31 00:05:00,40.679615,-73.79642,0,0,Following Too Closely,4472932,18.3,12.5,3.7,3.7,0.0,8.0,55,22.9,41.0,268,Drizzle: Dense,0,0,
58066,2021-10-31 02:25:00,40.604553,-73.7557,0,0,Unspecified,4473357,18.3,12.5,3.7,3.7,0.0,8.0,55,22.9,41.0,268,Drizzle: Dense,0,0,
58067,2021-10-31 00:25:00,40.656643,-74.00527,2,0,Other Vehicular,4472474,18.3,12.5,3.7,3.7,0.0,8.0,55,22.9,41.0,268,Drizzle: Dense,2,2,
58068,2021-10-31 09:00:00,40.615227,-73.96306,0,0,Unspecified,4472866,18.3,12.5,3.7,3.7,0.0,8.0,55,22.9,41.0,268,Drizzle: Dense,0,0,
58069,2021-10-31 16:50:00,40.764923,-73.988464,0,0,Driver Inattention/Distraction,4472926,18.3,12.5,3.7,3.7,0.0,8.0,55,22.9,41.0,268,Drizzle: Dense,0,0,
58070,2021-10-31 23:50:00,40.81847,-73.9414,1,0,Driver Inattention/Distraction,4472954,18.3,12.5,3.7,3.7,0.0,8.0,55,22.9,41.0,268,Drizzle: Dense,1,1,
58071,2021-10-31 13:45:00,40.62377,-73.93552,0,0,Backing Unsafely,4472600,18.3,12.5,3.7,3.7,0.0,8.0,55,22.9,41.0,268,Drizzle: Dense,0,0,
58072,2021-10-31 13:30:00,40.615196,-74.08787,0,0,Driver Inexperience,4473327,18.3,12.5,3.7,3.7,0.0,8.0,55,22.9,41.0,268,Drizzle: Dense,0,0,
58073,2021-10-31 12:57:00,40.648193,-73.918365,0,0,Unspecified,4473338,18.3,12.5,3.7,3.7,0.0,8.0,55,22.9,41.0,268,Drizzle: Dense,0,0,
58074,2021-10-31 01:50:00,40.816856,-73.88813,0,0,Unspecified,4472655,18.3,12.5,3.7,3.7,0.0,8.0,55,22.9,41.0,268,Drizzle: Dense,0,0,
58075,2021-10-31 05:21:00,40.71196,-73.9407,0,0,Driver Inattention/Distraction,4472802,18.3,12.5,3.7,3.7,0.0,8.0,55,22.9,41.0,268,Drizzle: Dense,0,0,
58076,2021-10-30 12:55:00,40.84477,-73.846565,1,0,Driver Inattention/Distraction,4473315,17.8,12.0,7.8,7.8,0.0,16.0,61,38.5,68.0,112,Rain: Light,1,1,