,CRASH DATETIME,LATITUDE,LONGITUDE,NUMBER OF PERSONS INJURED,NUMBER OF PERSONS KILLED,CONTRIBUTING FACTOR VEHICLE 1,COLLISION_ID,temperature_2m_max,temperature_2m_min,precipitation_sum,rain_sum,snowfall_sum,precipitation_hours,weather_code,wind_speed_10m_max,wind_gusts_10m_max,wind_direction_10m_dominant,Weather Description,Severity_Score,Total_Affected_Persons,Weather_Category
58077,2021-10-31 14:31:00,40.774345,-73.90155,1,0,Driver Inattention/Distraction,4472983,18.3,12.5,3.7,3.7,0.0,8.0,55,22.9,41.0,268,Drizzle: Dense,1,1,
58078,2021-10-31 21:20:00,40.743874,-73.87067,0,0,Driver Inattention/Distraction,4473250,18.3,12.5,3.7,3.7,0.0,8.0,55,22.9,41.0,268,Drizzle: Dense,0,0,
58079,2021-10-31 12:00:00,40.667313,-73.73926,0,0,Following Too Closely,4472528,18.3,12.5,3.7,3.7,0.0,8.0,55,22.9,41.0,268,Drizzle: Dense,0,0,
58080,2021-10-31 05:23:00,40.7568,-73.873665,0,0,Fell Asleep,4472452,18.3,12.5,3.7,3.7,0.0,8.0,55,22.9,41.0,268,Drizzle: Dense,0,0,
58081,2021-10-31 03:00:00,40.715282,-73.95144,0,0,Pavement Slippery,4472633,18.3,12.5,3.7,3.7,0.0,8.0,55,22.9,41.0,268,Drizzle: Dense,0,0,
58082,2022-01-19 09:30:00,40.748367,-73.89597,1,0,Reaction to Uninvolved Vehicle,4495724,7.6,-4.9,0.0,0.0,0.0,0.0,3,23.5,43.2,208,Overcast,1,1,
58083,2021-10-31 06:13:00,40.694885,-73.98515,1,0,Unspecified,4472625,18.3,12.5,3.7,3.7,0.0,8.0,55,22.9,41.0,268,Drizzle: Dense,1,1,
58084,2021-10-26 16:15:00,40.77057,-73.98215,0,0,Driver Inattention/Distraction,4473441,16.9,13.8,84.5,84.5,0.0,17.0,65,28.7,53.6,87,Rain: Heavy,0,0,
58085,2021-10-31 19:22:00,40.748512,-73.875565,0,0,Passing Too Closely,4473083,18.3,12.5,3.7,3.7,0.0,8.0,55,22.9,41.0,268,Drizzle: Dense,0,0,
58086,2021-10-31 03:10:00,40.688305,-73.75607,0,0,Reaction to Uninvolved Vehicle,4472933,18.3,12.5,3.7,3.7,0.0,8.0,55,22.9,41.0,268,Drizzle: Dense,0,0,
58087,2021-10-31 15:30:00,40.73286,-73.98619,0,0,Other Vehicular,4473498,18.3,12.5,3.7,3.7,0.0,8.0,55,22.9,41.0,268,Drizzle: Dense,0,0,
58088,2021-10-31 15:53:00,40.68738,-73.97708,1,0,Driver Inattention/Distraction,4472722,18.3,12.5,3.7,3.7,0.0,8.0,55,22.9,41.0,268,Drizzle: Dense,1,1,
58089,2021-10-31 16:10:00,40.80612,-73.91796,0,0,Unspecified,4472894,18.3,12.5,3.7,3.7,0.0,8.0,55,22.9,41.0,268,Drizzle: Dense,0,0,
58090,2021-10-31 16:45:00,40.612495,-73.97922,0,0,Driver Inattention/Distraction,4472946,18.3,12.5,3.7,3.7,0.0,8.0,55,22.9,41.0,268,Drizzle: Dense,0,0,
58091,2021-10-31 08:30:00,40.76605,-73.9973,0,0,Reaction to Uninvolved Vehicle,4472918,18.3,12.5,3.7,3.7,0.0,8.0,55,22.9,41.0,268,Drizzle: Dense,0,0,
58092,2021-10-31 15:30:00,40.657066,-73.8895,1,0,Pedestrian/Bicyclist/Other Pedestrian Error/Confusion,4472781,18.3,12.5,3.7,3.7,0.0,8.0,55,22.9,41.0,268,Drizzle: Dense,1,1,
58093,2021-10-31 18:39:00,40.83406,-73.944885,1,0,Failure to Yield Right-of-Way,4473021,18.3,12.5,3.7,3.7,0.0,8.0,55,22.9,41.0,268,Drizzle: Dense,1,1,
58094,2021-10-29 12:00:00,40.86674,-73.928734,0,0,Passing Too Closely,4473302,13.8,8.3,9.3,9.3,0.0,5.0,63,40.9,73.8,78,Rain: Moderate,0,0,
58095,2021-10-31 04:42:00,40.652115,-73.916664,1,0,Driver Inattention/Distraction,4472712,18.3,12.5,3.7,3.7,0.0,8.0,55,22.9,41.0,268,Drizzle: Dense,1,1,
58096,2021-10-31 11:00:00,40.82782,-73.9063,0,0,Unspecified,4473067,18.3,12.5,3.7,3.7,0.0,8.0,55,22.9,41.0,268,Drizzle: Dense,0,0,
58097,2021-10-31 19:35:00,40.62689,-73.945885,0,0,Unspecified,4472683,18.3,12.5,3.7,3.7,0.0,8.0,55,22.9,41.0,268,Drizzle: Dense,0,0,
58098,2021-10-31 05:35:00,40.64156,-73.91125,0,0,View Obstructed/Limited,4472427,18.3,12.5,3.7,3.7,0.0,8.0,55,22.9,41.0,268,Drizzle: Dense,0,0,
58099,2021-10-31 12:14:00,40.71166,-73.873474,0,0,Unspecified,4473127,18.3,12.5,3.7,3.7,0.0,8.0,55,22.9,41.0,268,Drizzle: Dense,0,0,
58100,2021-10-28 14:45:00,40.727222,-73.74681,0,0,Other Vehicular,4473403,15.2,7.9,0.0,0.0,0.0,0.0,3,19.1,34.6,28,Overcast,0,0,
58101,2021-10-31 08:45:00,40.596615,-73.97652,1,0,Turning Improperly,4472573,18.3,12.5,3.7,3.7,0.0,8.0,55,22.9,41.0,268,Drizzle: Dense,1,1,
58102,2021-10-31 20:50:00,40.670265,-73.99763,1,0,Traffic Control Disregarded,4472741,18.3,12.5,3.7,3.7,0.0,8.0,55,22.9,41.0,268,Drizzle: Dense,1,1,
58103,2021-10-31 14:55:00,40.604954,-73.745865,0,0,Failure to Yield Right-of-Way,4473370,18.3,12.5,3.7,3.7,0.0,8.0,55,22.9,41.0,268,Drizzle: Dense,0,0,
58104,2021-07-02 11:20:00,40.823887,-73.95232,0,0,Unspecified,4473295,24.3,19.2,29.6,29.6,0.0,23.0,63,14.1,27.7,284,Rain: Moderate,0,0,
58105,2021-10-31 21:00:00,40.834106,-73.85246,0,0,Alcohol Involvement,4472987,18.3,12.5,3.7,3.7,0.0,8.0,55,22.9,41.0,268,Drizzle: Dense,0,0,
58106,2021-10-31 03:00:00,40.750217,-73.979065,0,0,Other Vehicular,4473491,18.3,12.5,3.7,3.7,0.0,8.0,55,22.9,41.0,268,Drizzle: Dense,0,0,
58107,2021-10-31 05:20:00,40.680008,-73.89032,0,0,Traffic Control Disregarded,4472768,18.3,12.5,3.7,3.7,0.0,8.0,55,22.9,41.0,268,Drizzle: Dense,0,0,
58108,2021-10-26 18:49:00,40.757183,-73.85503,0,0,Driver Inattention/Distraction,4473414,16.9,13.8,84.5,84.5,0.0,17.0,65,28.7,53.6,87,Rain: Heavy,0,0,
58109,2021-12-14 04:00:00,40.668797,-73.93113,0,0,Driver Inattention/Distraction,4486503,10.4,3.1,0.0,0.0,0.0,0.0,3,18.5,31.3,322,Overcast,0,0,
58110,2021-10-31 21:40:00,40.686085,-73.982666,2,0,Driver Inattention/Distraction,4472731,18.3,12.5,3.7,3.7,0.0,8.0,55,22.9,41.0,268,Drizzle: Dense,2,2,
58111,2021-10-31 10:54:00,40.696217,-73.7436,0,0,Following Too Closely,4472665,18.3,12.5,3.7,3.7,0.0,8.0,55,22.9,41.0,268,Drizzle: Dense,0,0,
58112,2021-10-31 05:40:00,40.623882,-73.9782,1,0,Driver Inattention/Distraction,4473098,18.3,12.5,3.7,3.7,0.0,8.0,55,22.9,41.0,268,Drizzle: Dense,1,1,
58113,2021-10-31 14:50:00,40.70447,-73.94274,0,0,Backing Unsafely,4473205,18.3,12.5,3.7,3.7,0.0,8.0,55,22.9,41.0,268,Drizzle: Dense,0,0,
58114,2021-10-31 00:00:00,40.8097,-73.90304,0,0,Turning Improperly,4472885,18.3,12.5,3.7,3.7,0.0,8.0,55,22.9,41.0,268,Drizzle: Dense,0,0,
58115,2021-10-31 00:40:00,40.757698,-73.9694,1,0,Traffic Control Disregarded,4472968,18.3,12.5,3.7,3.7,0.0,8.0,55,22.9,41.0,268,Drizzle: Dense,1,1,
58116,2021-10-31 17:40:00,40.65918,-73.89112,0,0,Unspecified,4472773,18.3,12.5,3.7,3.7,0.0,8.0,55,22.9,41.0,268,Drizzle: Dense,0,0,
58117,2021-10-31 19:41:00,40.60098,-73.75555,0,0,Following Too Closely,4473046,18.3,12.5,3.7,3.7,0.0,8.0,55,22.9,41.0,268,Drizzle: Dense,0,0,
58118,2021-10-30 16:00:00,40.607384,-73.754395,0,0,Unspecified,4473373,17.8,12.0,7.8,7.8,0.0,16.0,61,38.5,68.0,112,Rain: Light,0,0,
58119,2021-10-31 18:45:00,40.858406,-73.86792,1,0,Other Vehicular,4472840,18.3,12.5,3.7,3.7,0.0,8.0,55,22.9,41.0,268,Drizzle: Dense,1,1,
58120,2021-10-31 09:45:00,40.60992,-73.75361,0,0,Unspecified,4473364,18.3,12.5,3.7,3.7,0.0,8.0,55,22.9,41.0,268,Drizzle: Dense,0,0,
58121,2021-10-31 06:23:00,40.632717,-73.98377,0,0,Unspecified,4473054,18.3,12.5,3.7,3.7,0.0,8.0,55,22.9,41.0,268,Drizzle: Dense,0,0,
58122,2021-10-31 01:33:00,40.7152,-73.77847,1,0,Unspecified,4472382,18.3,12.5,3.7,3.7,0.0,8.0,55,22.9,41.0,268,Drizzle: Dense,1,1,
58123,2021-10-31 01:25:00,40.692574,-73.858185,0,0,Turning Improperly,4473288,18.3,12.5,3.7,3.7,0.0,8.0,55,22.9,41.0,268,Drizzle: Dense,0,0,
58124,2021-10-31 22:42:00,40.617928,-73.9707,0,0,Unspecified,4473099,18.3,12.5,3.7,3.7,0.0,8.0,55,22.9,41.0,268,Drizzle: Dense,0,0,
58125,2021-10-31 19:40:00,40.72488,-73.99908,0,0,Passing or Lane Usage Improper,4472687,18.3,12.5,3.7,3.7,0.0,8.0,55,22.9,41.0,268,Drizzle: Dense,0,0,
58126,2021-10-31 22:30:00,40.89,-73.849106,0,0,Traffic Control Disregarded,4472909,18.3,12.5,3.7,3.7,0.0,8.0,55,22.9,41.0,268,Drizzle: Dense,0,0,
58127,2021-10-31 06:00:00,40.711548,-73.790726,1,0,Driver Inattention/Distraction,4472562,18.3,12.5,3.7,3.7,0.0,8.0,55,22.9,41.0,268,Drizzle: Dense,1,1,
58128,2021-10-31 03:15:00,40.84497,-73.90247,3,0,Failure to Yield Right-of-Way,4472900,18.3,12.5,3.7,3.7,0.0,8.0,55,22.9,41.0,268,Drizzle: Dense,3,3,
58129,2021-10-31 22:50:00,40.677654,-73.82866,0,0,Passing or Lane Usage Improper,4473223,18.3,12.5,3.7,3.7,0.0,8.0,55,22.9,41.0,268,Drizzle: Dense,0,0,
58130,2021-10-31 05:00:00,40.82888,-73.866646,0,0,Unspecified,4472990,18.3,12.5,3.7,3.7,0.0,8.0,55,22.9,41.0,268,Drizzle: Dense,0,0,
58131,2021-10-31 03:14:00,40.657814,-73.89613,5,0,Driver Inattention/Distraction,4472780,18.3,12.5,3.7,3.7,0.0,8.0,55,22.9,41.0,268,Drizzle: Dense,5,5,
58132,2021-10-31 11:22:00,40.60567,-74.030945,0,0,Following Too Closely,4473476,18.3,12.5,3.7,3.7,0.0,8.0,55,22.9,41.0,268,Drizzle: Dense,0,0,
58133,2021-10-31 23:30:00,40.66534,-73.743935,0,0,Passing or Lane Usage Improper,4472813,18.3,12.5,3.7,3.7,0.0,8.0,55,22.9,41.0,268,Drizzle: Dense,0,0,
58134,2021-10-30 05:10:00,40.817158,-73.90154,1,0,Pavement Slippery,4473518,17.8,12.0,7.8,7.8,0.0,16.0,61,38.5,68.0,112,Rain: Light,1,1,
58135,2021-10-31 23:39:00,40.63004,-74.141525,0,0,Driver Inattention/Distraction,4472959,18.3,12.5,3.7,3.7,0.0,8.0,55,22.9,41.0,268,Drizzle: Dense,0,0,
58136,2021-10-31 00:50:00,40.756256,-73.87338,1,0,Driver Inattention/Distraction,4472622,18.3,12.5,3.7,3.7,0.0,8.0,55,22.9,41.0,268,Drizzle: Dense,1,1,
58137,2021-10-31 17:17:00,40.82408,-73.8429,0,0,Unspecified,4472662,18.3,12.5,3.7,3.7,0.0,8.0,55,22.9,41.0,268,Drizzle: Dense,0,0,
58138,2021-10-29 17:25:00,40.70153,-73.92314,0,0,Turning Improperly,4473351,13.8,8.3,9.3,9.3,0.0,5.0,63,40.9,73.8,78,Rain: Moderate,0,0,
58139,2021-10-31 03:28:00,40.66563,-73.73921,0,0,Following Too Closely,4472496,18.3,12.5,3.7,3.7,0.0,8.0,55,22.9,41.0,268,Drizzle: Dense,0,0,
58140,2021-10-31 15:10:00,40.6293,-74.07661,0,0,Backing Unsafely,4473323,18.3,12.5,3.7,3.7,0.0,8.0,55,22.9,41.0,268,Drizzle: Dense,0,0,
58141,2021-10-31 11:37:00,40.644142,-73.957924,0,0,Passing Too Closely,4472869,18.3,12.5,3.7,3.7,0.0,8.0,55,22.9,41.0,268,Drizzle: Dense,0,0,
58142,2021-10-31 19:05:00,40.64685,-74.017746,1,0,Unsafe Speed,4472736,18.3,12.5,3.7,3.7,0.0,8.0,55,22.9,41.0,268,Drizzle: Dense,1,1,
58143,2021-10-26 05:30:00,40.837708,-73.927635,0,0,Unspecified,4473420,16.9,13.8,84.5,84.5,0.0,17.0,65,28.7,53.6,87,Rain: Heavy,0,0,
58144,2021-10-31 23:00:00,40.640835,-73.98967,1,0,Unspecified,4473278,18.3,12.5,3.7,3.7,0.0,8.0,55,22.9,41.0,268,Drizzle: Dense,1,1,
58145,2021-10-29 15:00:00,40.86315,-73.90907,1,0,Following Too Closely,4473387,13.8,8.3,9.3,9.3,0.0,5.0,63,40.9,73.8,78,Rain: Moderate,1,1,
58146,2021-10-31 10:50:00,40.81752,-73.86208,0,0,View Obstructed/Limited,4472627,18.3,12.5,3.7,3.7,0.0,8.0,55,22.9,41.0,268,Drizzle: Dense,0,0,
58147,2021-10-31 03:00:00,40.69922,-73.98687,2,0,Driver Inattention/Distraction,4472666,18.3,12.5,3.7,3.7,0.0,8.0,55,22.9,41.0,268,Drizzle: Dense,2,2,
58148,2021-10-31 17:40:00,40.86832,-73.83317,0,0,Driver Inattention/Distraction,4472927,18.3,12.5,3.7,3.7,0.0,8.0,55,22.9,41.0,268,Drizzle: Dense,0,0,
58149,2021-10-31 06:30:00,40.69627,-73.90956,0,0,Passing Too Closely,4472937,18.3,12.5,3.7,3.7,0.0,8.0,55,22.9,41.0,268,Drizzle: Dense,0,0,
58150,2021-10-31 04:40:00,40.751545,-73.94199,0,0,Driver Inattention/Distraction,4472470,18.3,12.5,3.7,3.7,0.0,8.0,55,22.9,41.0,268,Drizzle: Dense,0,0,
58151,2021-10-31 12:42:00,40.607254,-73.96728,2,0,Passing or Lane Usage Improper,4472823,18.3,12.5,3.7,3.7,0.0,8.0,55,22.9,41.0,268,Drizzle: Dense,2,2,
58152,2021-10-29 18:45:00,40.68348,-73.966896,0,0,Alcohol Involvement,4473455,13.8,8.3,9.3,9.3,0.0,5.0,63,40.9,73.8,78,Rain: Moderate,0,0,
58153,2021-10-29 14:30:00,40.742393,-73.87825,0,0,Traffic Control Disregarded,4473535,13.8,8.3,9.3,9.3,0.0,5.0,63,40.9,73.8,78,Rain: Moderate,0,0,
58154,2021-10-31 03:39:00,40.70921,-74.01507,0,0,Following Too Closely,4472544,18.3,12.5,3.7,3.7,0.0,8.0,55,22.9,41.0,268,Drizzle: Dense,0,0,
58155,2021-10-31 19:00:00,40.878704,-73.90496,1,0,Passing Too Closely,4473452,18.3,12.5,3.7,3.7,0.0,8.0,55,22.9,41.0,268,Drizzle: Dense,1,1,
58156,2021-10-31 13:51:00,40.849964,-73.91416,5,0,Failure to Yield Right-of-Way,4472882,18.3,12.5,3.7,3.7,0.0,8.0,55,22.9,41.0,268,Drizzle: Dense,5,5,
58157,2021-10-31 05:20:00,40.719395,-74.00189,1,0,Driver Inattention/Distraction,4472445,18.3,12.5,3.7,3.7,0.0,8.0,55,22.9,41.0,268,Drizzle: Dense,1,1,
58158,2021-10-31 03:41:00,40.746555,-73.82621,1,0,Failure to Yield Right-of-Way,4472677,18.3,12.5,3.7,3.7,0.0,8.0,55,22.9,41.0,268,Drizzle: Dense,1,1,
58159,2021-10-31 17:15:00,40.88728,-73.85885,0,0,Following Too Closely,4472924,18.3,12.5,3.7,3.7,0.0,8.0,55,22.9,41.0,268,Drizzle: Dense,0,0,
58160,2021-10-18 14:30:00,40.789948,-73.94293,0,0,Failure to Keep Right,4473393,15.8,9.2,0.0,0.0,0.0,0.0,2,32.4,58.3,296,Partly cloudy,0,0,
58161,2021-10-31 21:20:00,40.84487,-73.92068,2,0,Steering Failure,4472858,18.3,12.5,3.7,3.7,0.0,8.0,55,22.9,41.0,268,Drizzle: Dense,2,2,
58162,2021-10-31 08:05:00,40.730366,-73.91388,3,0,Driver Inattention/Distraction,4472596,18.3,12.5,3.7,3.7,0.0,8.0,55,22.9,41.0,268,Drizzle: Dense,3,3,
58163,2021-10-31 05:00:00,40.668648,-73.92835,0,0,Driver Inattention/Distraction,4473184,18.3,12.5,3.7,3.7,0.0,8.0,55,22.9,41.0,268,Drizzle: Dense,0,0,
58164,2021-10-31 19:30:00,40.837368,-73.88777,1,0,Unspecified,4473068,18.3,12.5,3.7,3.7,0.0,8.0,55,22.9,41.0,268,Drizzle: Dense,1,1,
58165,2021-10-31 17:00:00,40.65772,-73.88328,0,0,Unspecified,4472749,18.3,12.5,3.7,3.7,0.0,8.0,55,22.9,41.0,268,Drizzle: Dense,0,0,
58166,2021-10-31 20:06:00,40.69192,-73.97896,1,0,Following Too Closely,4472723,18.3,12.5,3.7,3.7,0.0,8.0,55,22.9,41.0,268,Drizzle: Dense,1,1,
58167,2021-10-31 10:34:00,40.755398,-73.93182,2,0,Failure to Yield Right-of-Way,4472979,18.3,12.5,3.7,3.7,0.0,8.0,55,22.9,41.0,268,Drizzle: Dense,2,2,
58168,2021-10-31 07:34:00,40.71508,-73.9925,0,0,Driver Inattention/Distraction,4473020,18.3,12.5,3.7,3.7,0.0,8.0,55,22.9,41.0,268,Drizzle: Dense,0,0,
58169,2021-10-31 08:57:00,40.664013,-73.89894,1,0,Unspecified,4472769,18.3,12.5,3.7,3.7,0.0,8.0,55,22.9,41.0,268,Drizzle: Dense,1,1,
58170,2021-09-30 16:55:00,40.64312,-73.95457,0,0,Backing Unsafely,4473405,18.8,13.1,0.0,0.0,0.0,0.0,3,18.1,37.4,330,Overcast,0,0,
58171,2021-10-31 12:59:00,40.61393,-74.16409,0,0,Driver Inattention/Distraction,4472577,18.3,12.5,3.7,3.7,0.0,8.0,55,22.9,41.0,268,Drizzle: Dense,0,0,
58172,2021-10-31 23:13:00,40.604687,-73.756874,0,0,Alcohol Involvement,4473371,18.3,12.5,3.7,3.7,0.0,8.0,55,22.9,41.0,268,Drizzle: Dense,0,0,
58173,2021-10-31 09:30:00,40.573196,-73.99278,0,0,Unspecified,4472517,18.3,12.5,3.7,3.7,0.0,8.0,55,22.9,41.0,268,Drizzle: Dense,0,0,
58174,2021-10-31 05:30:00,40.82054,-73.930786,0,0,Cell Phone (hand-Held),4473240,18.3,12.5,3.7,3.7,0.0,8.0,55,22.9,41.0,268,Drizzle: Dense,0,0,
58175,2021-10-31 19:40:00,40.816555,-73.91677,4,0,Driver Inattention/Distraction,4472893,18.3,12.5,3.7,3.7,0.0,8.0,55,22.9,41.0,268,Drizzle: Dense,4,4,
58176,2021-10-31 13:00:00,40.82451,-73.95186,0,0,Following Too Closely,4473499,18.3,12.5,3.7,3.7,0.0,8.0,55,22.9,41.0,268,Drizzle: Dense,0,0,
58177,2021-10-31 12:18:00,40.674953,-73.80205,2,0,Following Too Closely,4472943,18.3,12.5,3.7,3.7,0.0,8.0,55,22.9,41.0,268,Drizzle: Dense,2,2,
58178,2021-10-31 09:15:00,40.689102,-73.96501,0,0,Unspecified,4472636,18.3,12.5,3.7,3.7,0.0,8.0,55,22.9,41.0,268,Drizzle: Dense,0,0,
58179,2021-10-31 20:30:00,40.66308,-73.89464,0,0,Backing Unsafely,4472782,18.3,12.5,3.7,3.7,0.0,8.0,55,22.9,41.0,268,Drizzle: Dense,0,0,
58180,2021-10-31 01:59:00,40.858162,-73.91699,4,0,Driver Inattention/Distraction,4472916,18.3,12.5,3.7,3.7,0.0,8.0,55,22.9,41.0,268,Drizzle: Dense,4,4,
58181,2021-10-31 13:10:00,40.830994,-73.928116,1,0,Pavement Defective,4472846,18.3,12.5,3.7,3.7,0.0,8.0,55,22.9,41.0,268,Drizzle: Dense,1,1,
58182,2021-10-31 03:38:00,40.827316,-73.85216,0,0,Unspecified,4472507,18.3,12.5,3.7,3.7,0.0,8.0,55,22.9,41.0,268,Drizzle: Dense,0,0,
58183,2021-10-31 03:01:00,40.86794,-73.87221,0,0,Pavement Slippery,4472430,18.3,12.5,3.7,3.7,0.0,8.0,55,22.9,41.0,268,Drizzle: Dense,0,0,
58184,2021-07-07 12:16:00,40.850166,-73.93576,1,0,Oversized Vehicle,4436096,31.4,22.2,1.4,1.4,0.0,6.0,53,17.4,37.8,213,Drizzle: Moderate,1,1,
58185,2021-07-15 23:50:00,40.72649,-73.8107,2,0,Driver Inattention/Distraction,4437451,29.3,21.2,0.1,0.1,0.0,1.0,51,13.7,27.4,212,Drizzle: Light,2,2,
58186,2021-07-19 16:11:00,40.683125,-73.98744,0,0,Unspecified,4438592,27.5,20.8,0.5,0.5,0.0,2.0,51,12.8,29.9,307,Drizzle: Light,0,0,
58187,2021-07-20 16:00:00,40.781693,-73.82225,1,0,Passing or Lane Usage Improper,4438878,30.9,21.1,0.0,0.0,0.0,0.0,1,13.3,26.6,283,Mainly clear,1,1,Sunny/Clear Conditions
58188,2021-07-20 19:50:00,40.65463,-73.92201,1,0,Unsafe Speed,4439964,30.9,21.1,0.0,0.0,0.0,0.0,1,13.3,26.6,283,Mainly clear,1,1,Sunny/Clear Conditions
58189,2021-07-20 18:36:00,40.67413,-73.913925,0,0,Unspecified,4440477,30.9,21.1,0.0,0.0,0.0,0.0,1,13.3,26.6,283,Mainly clear,0,0,Sunny/Clear Conditions
58190,2021-07-22 09:00:00,40.575787,-73.97079,0,0,Passing or Lane Usage Improper,4440262,26.7,17.5,0.0,0.0,0.0,0.0,3,15.3,28.4,327,Overcast,0,0,
58191,2021-07-23 17:46:00,40.81612,-73.926636,1,0,Other Vehicular,4439940,26.2,17.3,0.0,0.0,0.0,0.0,1,11.3,27.0,340,Mainly clear,1,1,Sunny/Clear Conditions
58192,2021-07-14 07:00:00,40.541744,-74.207,0,0,Brakes Defective,4439646,30.6,21.5,0.8,0.8,0.0,3.0,53,14.5,36.0,191,Drizzle: Moderate,0,0,
58193,2021-07-21 11:00:00,40.58671,-73.98534,0,0,Oversized Vehicle,4439328,27.6,20.9,1.4,1.4,0.0,4.0,53,16.0,31.3,315,Drizzle: Moderate,0,0,
58194,2021-07-23 00:55:00,40.651463,-73.97988,0,0,Driver Inattention/Distraction,4440186,26.2,17.3,0.0,0.0,0.0,0.0,1,11.3,27.0,340,Mainly clear,0,0,Sunny/Clear Conditions
58195,2021-07-21 19:12:00,40.590443,-73.97116,0,0,Turning Improperly,4439272,27.6,20.9,1.4,1.4,0.0,4.0,53,16.0,31.3,315,Drizzle: Moderate,0,0,
58196,2021-07-23 08:10:00,40.686066,-73.971436,1,0,Unspecified,4439760,26.2,17.3,0.0,0.0,0.0,0.0,1,11.3,27.0,340,Mainly clear,1,1,Sunny/Clear Conditions
58197,2021-07-21 09:00:00,40.50958,-74.25027,1,0,Failure to Yield Right-of-Way,4439628,27.6,20.9,1.4,1.4,0.0,4.0,53,16.0,31.3,315,Drizzle: Moderate,1,1,
58198,2021-07-23 14:42:00,40.86778,-73.83482,2,0,Driver Inexperience,4440329,26.2,17.3,0.0,0.0,0.0,0.0,1,11.3,27.0,340,Mainly clear,2,2,Sunny/Clear Conditions
58199,2021-07-21 19:01:00,40.67619,-73.9081,0,0,Unspecified,4440510,27.6,20.9,1.4,1.4,0.0,4.0,53,16.0,31.3,315,Drizzle: Moderate,0,0,
58200,2021-07-22 08:30:00,40.59133,-73.78618,0,0,Unspecified,4439614,26.7,17.5,0.0,0.0,0.0,0.0,3,15.3,28.4,327,Overcast,0,0,
58201,2021-07-22 15:00:00,40.69383,-73.758156,0,0,Driver Inattention/Distraction,4439515,26.7,17.5,0.0,0.0,0.0,0.0,3,15.3,28.4,327,Overcast,0,0,
58202,2021-07-22 22:06:00,40.767967,-73.96822,2,0,Unsafe Lane Changing,4440479,26.7,17.5,0.0,0.0,0.0,0.0,3,15.3,28.4,327,Overcast,2,2,
58203,2021-07-23 11:50:00,40.592907,-73.79516,0,0,Turning Improperly,4439799,26.2,17.3,0.0,0.0,0.0,0.0,1,11.3,27.0,340,Mainly clear,0,0,Sunny/Clear Conditions
58204,2021-07-23 11:29:00,40.67816,-73.897484,1,0,Failure to Yield Right-of-Way,4439749,26.2,17.3,0.0,0.0,0.0,0.0,1,11.3,27.0,340,Mainly clear,1,1,Sunny/Clear Conditions
58205,2021-07-22 18:28:00,40.71817,-73.736145,0,0,Driver Inattention/Distraction,4439495,26.7,17.5,0.0,0.0,0.0,0.0,3,15.3,28.4,327,Overcast,0,0,
58206,2021-07-21 00:31:00,40.66173,-73.96078,0,0,Driver Inattention/Distraction,4438910,27.6,20.9,1.4,1.4,0.0,4.0,53,16.0,31.3,315,Drizzle: Moderate,0,0,
58207,2021-07-23 15:18:00,40.744915,-73.903694,1,0,Passing Too Closely,4440217,26.2,17.3,0.0,0.0,0.0,0.0,1,11.3,27.0,340,Mainly clear,1,1,Sunny/Clear Conditions
58208,2021-07-23 14:00:00,40.674934,-73.80186,0,0,Driver Inattention/Distraction,4439836,26.2,17.3,0.0,0.0,0.0,0.0,1,11.3,27.0,340,Mainly clear,0,0,Sunny/Clear Conditions
58209,2021-07-23 13:00:00,40.71091,-73.85373,0,0,Passing Too Closely,4439762,26.2,17.3,0.0,0.0,0.0,0.0,1,11.3,27.0,340,Mainly clear,0,0,Sunny/Clear Conditions
58210,2021-07-21 09:35:00,40.619984,-73.96427,0,0,Unspecified,4439633,27.6,20.9,1.4,1.4,0.0,4.0,53,16.0,31.3,315,Drizzle: Moderate,0,0,
58211,2021-07-20 11:20:00,40.72717,-73.8109,0,0,Unspecified,4439689,30.9,21.1,0.0,0.0,0.0,0.0,1,13.3,26.6,283,Mainly clear,0,0,Sunny/Clear Conditions
58212,2021-07-21 18:30:00,40.66677,-73.98831,1,0,Failure to Yield Right-of-Way,4439384,27.6,20.9,1.4,1.4,0.0,4.0,53,16.0,31.3,315,Drizzle: Moderate,1,1,
58213,2021-07-23 11:28:00,40.614532,-74.02966,0,0,Backing Unsafely,4439804,26.2,17.3,0.0,0.0,0.0,0.0,1,11.3,27.0,340,Mainly clear,0,0,Sunny/Clear Conditions
58214,2021-07-22 16:00:00,40.667076,-73.99508,0,0,Passing or Lane Usage Improper,4440188,26.7,17.5,0.0,0.0,0.0,0.0,3,15.3,28.4,327,Overcast,0,0,
58215,2021-07-21 10:55:00,40.840626,-73.90306,1,0,Failure to Yield Right-of-Way,4439294,27.6,20.9,1.4,1.4,0.0,4.0,53,16.0,31.3,315,Drizzle: Moderate,1,1,
58216,2021-07-23 15:30:00,40.65404,-73.951866,0,0,Unspecified,4440043,26.2,17.3,0.0,0.0,0.0,0.0,1,11.3,27.0,340,Mainly clear,0,0,Sunny/Clear Conditions
58217,2021-07-13 14:00:00,40.788303,-73.81699,0,0,Driver Inattention/Distraction,4440133,25.0,20.8,2.4,2.4,0.0,12.0,53,13.0,26.3,84,Drizzle: Moderate,0,0,
58218,2021-07-22 14:00:00,40.665348,-73.72986,1,0,Unspecified,4439460,26.7,17.5,0.0,0.0,0.0,0.0,3,15.3,28.4,327,Overcast,1,1,
58219,2021-07-22 08:30:00,40.682564,-73.814064,0,0,Backing Unsafely,4439548,26.7,17.5,0.0,0.0,0.0,0.0,3,15.3,28.4,327,Overcast,0,0,