,CRASH DATETIME,LATITUDE,LONGITUDE,NUMBER OF PERSONS INJURED,NUMBER OF PERSONS KILLED,CONTRIBUTING FACTOR VEHICLE 1,COLLISION_ID,temperature_2m_max,temperature_2m_min,precipitation_sum,rain_sum,snowfall_sum,precipitation_hours,weather_code,wind_speed_10m_max,wind_gusts_10m_max,wind_direction_10m_dominant,Weather Description,Severity_Score,Total_Affected_Persons,Weather_Category
58220,2021-07-23 01:01:00,40.78542,-73.98399,0,0,Unsafe Speed,4439588,26.2,17.3,0.0,0.0,0.0,0.0,1,11.3,27.0,340,Mainly clear,0,0,Sunny/Clear Conditions
58221,2021-07-08 02:20:00,40.685764,-73.9415,0,0,Unspecified,4440147,28.3,21.3,15.2,15.2,0.0,12.0,63,16.9,48.2,125,Rain: Moderate,0,0,
58222,2021-07-21 05:30:00,40.699512,-73.81461,0,0,Unsafe Speed,4439022,27.6,20.9,1.4,1.4,0.0,4.0,53,16.0,31.3,315,Drizzle: Moderate,0,0,
58223,2021-07-23 18:00:00,40.818054,-73.88551,0,0,Unspecified,4440406,26.2,17.3,0.0,0.0,0.0,0.0,1,11.3,27.0,340,Mainly clear,0,0,Sunny/Clear Conditions
58224,2021-06-04 08:14:00,40.822456,-73.88569,1,0,Unspecified,4439730,25.3,17.4,6.5,6.5,0.0,10.0,61,17.9,37.8,235,Rain: Light,1,1,
58225,2021-07-21 15:35:00,40.8338,-73.88323,0,0,Driver Inattention/Distraction,4439300,27.6,20.9,1.4,1.4,0.0,4.0,53,16.0,31.3,315,Drizzle: Moderate,0,0,
58226,2021-07-22 21:55:00,40.681114,-73.79815,0,0,Driver Inattention/Distraction,4439513,26.7,17.5,0.0,0.0,0.0,0.0,3,15.3,28.4,327,Overcast,0,0,
58227,2021-07-22 09:30:00,40.73403,-73.995056,0,0,Driver Inattention/Distraction,4439660,26.7,17.5,0.0,0.0,0.0,0.0,3,15.3,28.4,327,Overcast,0,0,
58228,2021-07-21 13:00:00,40.84467,-73.8972,1,0,Other Vehicular,4440443,27.6,20.9,1.4,1.4,0.0,4.0,53,16.0,31.3,315,Drizzle: Moderate,1,1,
58229,2021-07-20 10:54:00,40.81877,-73.88927,1,0,Unspecified,4439721,30.9,21.1,0.0,0.0,0.0,0.0,1,13.3,26.6,283,Mainly clear,1,1,Sunny/Clear Conditions
58230,2021-07-22 23:45:00,40.78785,-73.84009,0,0,Failure to Yield Right-of-Way,4439979,26.7,17.5,0.0,0.0,0.0,0.0,3,15.3,28.4,327,Overcast,0,0,
58231,2021-07-22 20:30:00,40.73882,-73.809395,0,0,Following Too Closely,4439792,26.7,17.5,0.0,0.0,0.0,0.0,3,15.3,28.4,327,Overcast,0,0,
58232,2021-07-23 00:04:00,40.757538,-73.88196,0,0,Driver Inattention/Distraction,4439913,26.2,17.3,0.0,0.0,0.0,0.0,1,11.3,27.0,340,Mainly clear,0,0,Sunny/Clear Conditions
58233,2021-07-22 16:00:00,40.707554,-73.7503,0,0,Failure to Yield Right-of-Way,4439537,26.7,17.5,0.0,0.0,0.0,0.0,3,15.3,28.4,327,Overcast,0,0,
58234,2021-07-18 21:30:00,40.813747,-73.95656,1,0,,4440033,28.4,23.1,12.4,12.4,0.0,10.0,63,19.6,39.2,232,Rain: Moderate,1,1,
58235,2021-07-21 16:37:00,40.809494,-73.935814,0,0,Driver Inattention/Distraction,4439438,27.6,20.9,1.4,1.4,0.0,4.0,53,16.0,31.3,315,Drizzle: Moderate,0,0,
58236,2021-07-23 22:15:00,40.667,-73.87968,1,0,Unsafe Speed,4439888,26.2,17.3,0.0,0.0,0.0,0.0,1,11.3,27.0,340,Mainly clear,1,1,Sunny/Clear Conditions
58237,2021-07-21 22:21:00,40.83785,-73.93639,0,0,Traffic Control Disregarded,4440356,27.6,20.9,1.4,1.4,0.0,4.0,53,16.0,31.3,315,Drizzle: Moderate,0,0,
58238,2021-07-21 08:00:00,40.690304,-73.85826,0,0,Unspecified,4439044,27.6,20.9,1.4,1.4,0.0,4.0,53,16.0,31.3,315,Drizzle: Moderate,0,0,
58239,2021-07-22 16:44:00,40.839676,-73.871216,1,0,Driver Inattention/Distraction,4439666,26.7,17.5,0.0,0.0,0.0,0.0,3,15.3,28.4,327,Overcast,1,1,
58240,2021-07-21 15:20:00,40.72408,-73.837105,0,0,Driver Inexperience,4439193,27.6,20.9,1.4,1.4,0.0,4.0,53,16.0,31.3,315,Drizzle: Moderate,0,0,
58241,2021-07-15 04:00:00,40.68618,-73.79149,0,0,Passing Too Closely,4439814,29.3,21.2,0.1,0.1,0.0,1.0,51,13.7,27.4,212,Drizzle: Light,0,0,
58242,2021-07-21 18:35:00,40.745728,-73.97813,0,0,Driver Inattention/Distraction,4439831,27.6,20.9,1.4,1.4,0.0,4.0,53,16.0,31.3,315,Drizzle: Moderate,0,0,
58243,2021-07-21 18:45:00,40.821636,-73.93909,0,0,Driver Inattention/Distraction,4439334,27.6,20.9,1.4,1.4,0.0,4.0,53,16.0,31.3,315,Drizzle: Moderate,0,0,
58244,2021-07-23 16:15:00,40.667316,-73.93683,0,0,Driver Inexperience,4439781,26.2,17.3,0.0,0.0,0.0,0.0,1,11.3,27.0,340,Mainly clear,0,0,Sunny/Clear Conditions
58245,2021-07-23 14:00:00,40.7,-73.89139,0,0,Unspecified,4440246,26.2,17.3,0.0,0.0,0.0,0.0,1,11.3,27.0,340,Mainly clear,0,0,Sunny/Clear Conditions
58246,2021-07-21 02:30:00,40.753708,-73.90299,0,0,Driver Inattention/Distraction,4440115,27.6,20.9,1.4,1.4,0.0,4.0,53,16.0,31.3,315,Drizzle: Moderate,0,0,
58247,2021-07-22 16:30:00,40.666718,-73.89162,0,0,Unspecified,4439753,26.7,17.5,0.0,0.0,0.0,0.0,3,15.3,28.4,327,Overcast,0,0,
58248,2021-07-17 12:20:00,40.68249,-73.97962,0,0,Unspecified,4440270,30.8,23.3,5.1,5.1,0.0,5.0,61,17.8,36.4,201,Rain: Light,0,0,
58249,2021-07-22 08:15:00,40.70066,-73.98775,1,0,Driver Inattention/Distraction,4440079,26.7,17.5,0.0,0.0,0.0,0.0,3,15.3,28.4,327,Overcast,1,1,
58250,2021-07-23 00:45:00,40.584522,-73.949,0,0,Following Too Closely,4440162,26.2,17.3,0.0,0.0,0.0,0.0,1,11.3,27.0,340,Mainly clear,0,0,Sunny/Clear Conditions
58251,2021-07-20 11:15:00,40.71306,-73.80669,1,0,Driver Inattention/Distraction,4439621,30.9,21.1,0.0,0.0,0.0,0.0,1,13.3,26.6,283,Mainly clear,1,1,Sunny/Clear Conditions
58252,2021-07-23 19:22:00,40.758705,-73.78576,0,0,Unspecified,4439819,26.2,17.3,0.0,0.0,0.0,0.0,1,11.3,27.0,340,Mainly clear,0,0,Sunny/Clear Conditions
58253,2021-07-22 06:48:00,40.729626,-74.00841,0,0,Driver Inattention/Distraction,4439353,26.7,17.5,0.0,0.0,0.0,0.0,3,15.3,28.4,327,Overcast,0,0,
58254,2021-07-23 20:49:00,40.74017,-73.97615,2,0,Unspecified,4440018,26.2,17.3,0.0,0.0,0.0,0.0,1,11.3,27.0,340,Mainly clear,2,2,Sunny/Clear Conditions
58255,2021-07-12 20:30:00,40.87038,-73.86721,0,0,Unsafe Lane Changing,4440298,28.6,22.0,9.7,9.7,0.0,12.0,63,12.0,31.7,107,Rain: Moderate,0,0,
58256,2021-07-21 20:50:00,40.670517,-73.863106,5,0,Passing or Lane Usage Improper,4439393,27.6,20.9,1.4,1.4,0.0,4.0,53,16.0,31.3,315,Drizzle: Moderate,5,5,
58257,2021-07-23 02:37:00,40.814632,-73.9442,0,0,Alcohol Involvement,4439685,26.2,17.3,0.0,0.0,0.0,0.0,1,11.3,27.0,340,Mainly clear,0,0,Sunny/Clear Conditions
58258,2021-07-23 13:03:00,40.780754,-73.95258,0,0,Driver Inattention/Distraction,4440490,26.2,17.3,0.0,0.0,0.0,0.0,1,11.3,27.0,340,Mainly clear,0,0,Sunny/Clear Conditions
58259,2021-07-21 15:45:00,40.885296,-73.82733,1,0,Unsafe Speed,4439409,27.6,20.9,1.4,1.4,0.0,4.0,53,16.0,31.3,315,Drizzle: Moderate,1,1,
58260,2021-07-21 08:08:00,40.67922,-73.90405,0,0,Passing or Lane Usage Improper,4439156,27.6,20.9,1.4,1.4,0.0,4.0,53,16.0,31.3,315,Drizzle: Moderate,0,0,
58261,2021-07-23 13:01:00,40.59242,-74.09158,0,0,Driver Inattention/Distraction,4440225,26.2,17.3,0.0,0.0,0.0,0.0,1,11.3,27.0,340,Mainly clear,0,0,Sunny/Clear Conditions
58262,2021-07-23 09:27:00,40.845837,-73.8255,0,0,Unspecified,4440098,26.2,17.3,0.0,0.0,0.0,0.0,1,11.3,27.0,340,Mainly clear,0,0,Sunny/Clear Conditions
58263,2021-07-22 19:29:00,40.716568,-73.95868,0,0,Unspecified,4440314,26.7,17.5,0.0,0.0,0.0,0.0,3,15.3,28.4,327,Overcast,0,0,
58264,2021-07-22 18:38:00,40.70722,-73.78957,1,0,Driver Inattention/Distraction,4439698,26.7,17.5,0.0,0.0,0.0,0.0,3,15.3,28.4,327,Overcast,1,1,
58265,2021-07-21 11:40:00,40.677467,-73.86671,0,0,Unspecified,4439109,27.6,20.9,1.4,1.4,0.0,4.0,53,16.0,31.3,315,Drizzle: Moderate,0,0,
58266,2021-07-23 09:15:00,40.80907,-73.94455,0,0,Other Vehicular,4440461,26.2,17.3,0.0,0.0,0.0,0.0,1,11.3,27.0,340,Mainly clear,0,0,Sunny/Clear Conditions
58267,2021-07-22 23:10:00,40.708805,-73.92577,0,0,Failure to Yield Right-of-Way,4439564,26.7,17.5,0.0,0.0,0.0,0.0,3,15.3,28.4,327,Overcast,0,0,
58268,2021-07-23 00:45:00,40.76217,-73.7568,0,0,Fell Asleep,4439577,26.2,17.3,0.0,0.0,0.0,0.0,1,11.3,27.0,340,Mainly clear,0,0,Sunny/Clear Conditions
58269,2021-07-22 03:40:00,40.819313,-73.806305,0,0,Accelerator Defective,4439601,26.7,17.5,0.0,0.0,0.0,0.0,3,15.3,28.4,327,Overcast,0,0,
58270,2021-07-23 21:20:00,40.66709,-73.76376,0,0,Unspecified,4439847,26.2,17.3,0.0,0.0,0.0,0.0,1,11.3,27.0,340,Mainly clear,0,0,Sunny/Clear Conditions
58271,2021-07-23 10:52:00,40.6785,-73.743256,0,0,Unspecified,4439717,26.2,17.3,0.0,0.0,0.0,0.0,1,11.3,27.0,340,Mainly clear,0,0,Sunny/Clear Conditions
58272,2021-07-21 12:23:00,40.862732,-73.90333,1,0,Failure to Yield Right-of-Way,4439134,27.6,20.9,1.4,1.4,0.0,4.0,53,16.0,31.3,315,Drizzle: Moderate,1,1,
58273,2021-07-21 10:55:00,40.682663,-73.86815,0,0,Driver Inattention/Distraction,4439110,27.6,20.9,1.4,1.4,0.0,4.0,53,16.0,31.3,315,Drizzle: Moderate,0,0,
58274,2021-07-23 15:10:00,40.754498,-73.834076,1,0,Backing Unsafely,4439974,26.2,17.3,0.0,0.0,0.0,0.0,1,11.3,27.0,340,Mainly clear,1,1,Sunny/Clear Conditions
58275,2021-07-22 20:45:00,40.753788,-73.744286,1,0,Following Too Closely,4439524,26.7,17.5,0.0,0.0,0.0,0.0,3,15.3,28.4,327,Overcast,1,1,
58276,2021-07-23 01:33:00,40.759884,-73.9368,0,0,Unspecified,4439670,26.2,17.3,0.0,0.0,0.0,0.0,1,11.3,27.0,340,Mainly clear,0,0,Sunny/Clear Conditions
58277,2021-07-21 00:22:00,40.876976,-73.90584,0,0,Other Vehicular,4439188,27.6,20.9,1.4,1.4,0.0,4.0,53,16.0,31.3,315,Drizzle: Moderate,0,0,
58278,2021-07-09 08:55:00,40.758533,-73.98885,0,0,Unsafe Lane Changing,4440127,29.8,22.0,35.0,35.0,0.0,14.0,63,31.0,55.8,341,Rain: Moderate,0,0,
58279,2021-07-21 00:40:00,40.64994,-74.00172,0,0,Driver Inattention/Distraction,4439054,27.6,20.9,1.4,1.4,0.0,4.0,53,16.0,31.3,315,Drizzle: Moderate,0,0,
58280,2021-07-23 21:43:00,40.868702,-73.88472,1,0,Driver Inattention/Distraction,4439853,26.2,17.3,0.0,0.0,0.0,0.0,1,11.3,27.0,340,Mainly clear,1,1,Sunny/Clear Conditions
58281,2021-07-21 23:20:00,40.612633,-74.128555,0,0,Driver Inattention/Distraction,4439408,27.6,20.9,1.4,1.4,0.0,4.0,53,16.0,31.3,315,Drizzle: Moderate,0,0,
58282,2021-07-23 07:17:00,40.637127,-73.99711,0,0,Unspecified,4440121,26.2,17.3,0.0,0.0,0.0,0.0,1,11.3,27.0,340,Mainly clear,0,0,Sunny/Clear Conditions
58283,2021-07-22 18:51:00,40.692497,-73.87954,1,0,Following Too Closely,4440230,26.7,17.5,0.0,0.0,0.0,0.0,3,15.3,28.4,327,Overcast,1,1,
58284,2021-07-22 05:35:00,40.55484,-74.21405,0,0,Unsafe Speed,4439653,26.7,17.5,0.0,0.0,0.0,0.0,3,15.3,28.4,327,Overcast,0,0,
58285,2021-07-22 14:00:00,40.702168,-73.7924,0,0,Traffic Control Disregarded,4439785,26.7,17.5,0.0,0.0,0.0,0.0,3,15.3,28.4,327,Overcast,0,0,
58286,2021-07-21 21:00:00,40.75537,-73.98746,0,0,Driver Inattention/Distraction,4439289,27.6,20.9,1.4,1.4,0.0,4.0,53,16.0,31.3,315,Drizzle: Moderate,0,0,
58287,2021-07-23 11:00:00,40.718754,-73.74082,0,0,Unspecified,4439919,26.2,17.3,0.0,0.0,0.0,0.0,1,11.3,27.0,340,Mainly clear,0,0,Sunny/Clear Conditions
58288,2021-07-12 09:03:00,40.727406,-73.94561,0,0,Driver Inattention/Distraction,4440309,28.6,22.0,9.7,9.7,0.0,12.0,63,12.0,31.7,107,Rain: Moderate,0,0,
58289,2021-07-23 23:51:00,40.824066,-73.908714,3,0,Failure to Yield Right-of-Way,4440085,26.2,17.3,0.0,0.0,0.0,0.0,1,11.3,27.0,340,Mainly clear,3,3,Sunny/Clear Conditions
58290,2021-07-12 14:30:00,40.66079,-73.99401,0,0,Backing Unsafely,4440170,28.6,22.0,9.7,9.7,0.0,12.0,63,12.0,31.7,107,Rain: Moderate,0,0,
58291,2021-07-21 11:18:00,40.669865,-73.95051,1,0,Unspecified,4440253,27.6,20.9,1.4,1.4,0.0,4.0,53,16.0,31.3,315,Drizzle: Moderate,1,1,
58292,2021-07-21 17:00:00,40.76302,-73.97623,0,0,Unspecified,4439307,27.6,20.9,1.4,1.4,0.0,4.0,53,16.0,31.3,315,Drizzle: Moderate,0,0,
58293,2021-07-22 08:08:00,40.861862,-73.91275,0,0,Passing Too Closely,4439625,26.7,17.5,0.0,0.0,0.0,0.0,3,15.3,28.4,327,Overcast,0,0,
58294,2021-07-22 13:44:00,40.642082,-73.984314,1,0,Failure to Yield Right-of-Way,4439638,26.7,17.5,0.0,0.0,0.0,0.0,3,15.3,28.4,327,Overcast,1,1,
58295,2021-07-21 15:31:00,40.899284,-73.85508,1,0,Backing Unsafely,4439423,27.6,20.9,1.4,1.4,0.0,4.0,53,16.0,31.3,315,Drizzle: Moderate,1,1,
58296,2021-07-22 09:00:00,40.67602,-74.001236,0,0,Driver Inattention/Distraction,4439823,26.7,17.5,0.0,0.0,0.0,0.0,3,15.3,28.4,327,Overcast,0,0,
58297,2021-07-22 07:30:00,40.863018,-73.917564,1,0,Following Too Closely,4439741,26.7,17.5,0.0,0.0,0.0,0.0,3,15.3,28.4,327,Overcast,1,1,
58298,2021-07-21 12:40:00,40.607258,-74.00265,1,0,Driver Inattention/Distraction,4439365,27.6,20.9,1.4,1.4,0.0,4.0,53,16.0,31.3,315,Drizzle: Moderate,1,1,
58299,2021-07-20 20:30:00,40.65295,-73.911026,3,0,Driver Inattention/Distraction,4440277,30.9,21.1,0.0,0.0,0.0,0.0,1,13.3,26.6,283,Mainly clear,3,3,Sunny/Clear Conditions
58300,2021-07-23 15:55:00,40.859623,-73.88747,0,0,Driver Inattention/Distraction,4440496,26.2,17.3,0.0,0.0,0.0,0.0,1,11.3,27.0,340,Mainly clear,0,0,Sunny/Clear Conditions
58301,2021-07-23 00:15:00,40.666405,-73.802635,0,0,Failure to Yield Right-of-Way,4439840,26.2,17.3,0.0,0.0,0.0,0.0,1,11.3,27.0,340,Mainly clear,0,0,Sunny/Clear Conditions
58302,2021-07-19 10:44:00,40.65801,-73.92078,1,0,Driver Inattention/Distraction,4439957,27.5,20.8,0.5,0.5,0.0,2.0,51,12.8,29.9,307,Drizzle: Light,1,1,
58303,2021-07-19 16:20:00,40.64301,-74.07576,1,0,Driver Inattention/Distraction,4440338,27.5,20.8,0.5,0.5,0.0,2.0,51,12.8,29.9,307,Drizzle: Light,1,1,
58304,2021-07-22 08:38:00,40.692783,-73.74511,1,0,Pedestrian/Bicyclist/Other Pedestrian Error/Confusion,4439415,26.7,17.5,0.0,0.0,0.0,0.0,3,15.3,28.4,327,Overcast,1,1,
58305,2021-07-21 06:40:00,40.869545,-73.87972,0,0,Following Too Closely,4439097,27.6,20.9,1.4,1.4,0.0,4.0,53,16.0,31.3,315,Drizzle: Moderate,0,0,
58306,2021-07-06 16:00:00,40.72,-73.76198,1,0,Failure to Yield Right-of-Way,4439702,33.6,21.9,2.1,2.1,0.0,4.0,61,21.8,49.7,231,Rain: Light,1,1,
58307,2021-07-21 13:07:00,0.0,0.0,0,0,Passing Too Closely,4439163,27.6,20.9,1.4,1.4,0.0,4.0,53,16.0,31.3,315,Drizzle: Moderate,0,0,
58308,2021-07-21 21:50:00,40.672688,-73.73544,1,0,Following Too Closely,4439262,27.6,20.9,1.4,1.4,0.0,4.0,53,16.0,31.3,315,Drizzle: Moderate,1,1,
58309,2021-07-23 19:35:00,40.647453,-73.958664,0,0,Other Vehicular,4439900,26.2,17.3,0.0,0.0,0.0,0.0,1,11.3,27.0,340,Mainly clear,0,0,Sunny/Clear Conditions
58310,2021-07-21 20:00:00,40.836575,-73.89282,0,0,Unspecified,4439559,27.6,20.9,1.4,1.4,0.0,4.0,53,16.0,31.3,315,Drizzle: Moderate,0,0,
58311,2021-07-20 15:11:00,40.884277,-73.90586,0,0,Unspecified,4440202,30.9,21.1,0.0,0.0,0.0,0.0,1,13.3,26.6,283,Mainly clear,0,0,Sunny/Clear Conditions
58312,2021-07-21 11:15:00,40.82044,-73.9441,0,0,Passing Too Closely,4440448,27.6,20.9,1.4,1.4,0.0,4.0,53,16.0,31.3,315,Drizzle: Moderate,0,0,
58313,2021-07-21 18:00:00,40.72804,-73.83171,1,0,Failure to Yield Right-of-Way,4439697,27.6,20.9,1.4,1.4,0.0,4.0,53,16.0,31.3,315,Drizzle: Moderate,1,1,
58314,2021-07-22 23:35:00,40.823414,-73.82351,0,0,Passing Too Closely,4439606,26.7,17.5,0.0,0.0,0.0,0.0,3,15.3,28.4,327,Overcast,0,0,
58315,2021-07-22 07:10:00,40.74206,-73.82453,0,0,Following Too Closely,4439350,26.7,17.5,0.0,0.0,0.0,0.0,3,15.3,28.4,327,Overcast,0,0,
58316,2021-07-22 15:15:00,40.70654,-73.95041,0,0,Following Too Closely,4439477,26.7,17.5,0.0,0.0,0.0,0.0,3,15.3,28.4,327,Overcast,0,0,
58317,2021-07-22 21:56:00,40.709015,-73.94855,1,0,Driver Inattention/Distraction,4439565,26.7,17.5,0.0,0.0,0.0,0.0,3,15.3,28.4,327,Overcast,1,1,
58318,2021-07-21 06:41:00,40.817116,-73.88307,0,0,Turning Improperly,4439729,27.6,20.9,1.4,1.4,0.0,4.0,53,16.0,31.3,315,Drizzle: Moderate,0,0,
58319,2021-07-21 19:00:00,40.597706,-73.784805,0,0,Unspecified,4439597,27.6,20.9,1.4,1.4,0.0,4.0,53,16.0,31.3,315,Drizzle: Moderate,0,0,
58320,2021-07-21 15:08:00,40.642242,-74.0752,0,0,Driver Inattention/Distraction,4439240,27.6,20.9,1.4,1.4,0.0,4.0,53,16.0,31.3,315,Drizzle: Moderate,0,0,
58321,2021-07-22 09:00:00,40.75221,-73.90443,1,0,Driver Inattention/Distraction,4439529,26.7,17.5,0.0,0.0,0.0,0.0,3,15.3,28.4,327,Overcast,1,1,
58322,2021-07-21 12:10:00,40.854687,-73.890396,1,0,View Obstructed/Limited,4439115,27.6,20.9,1.4,1.4,0.0,4.0,53,16.0,31.3,315,Drizzle: Moderate,1,1,
58323,2021-07-21 22:30:00,40.75183,-73.70289,0,0,Unspecified,4439459,27.6,20.9,1.4,1.4,0.0,4.0,53,16.0,31.3,315,Drizzle: Moderate,0,0,
58324,2021-07-23 12:00:00,40.67871,-73.86701,1,0,Unspecified,4439756,26.2,17.3,0.0,0.0,0.0,0.0,1,11.3,27.0,340,Mainly clear,1,1,Sunny/Clear Conditions
58325,2021-07-22 16:00:00,40.71178,-73.75309,0,0,Driver Inattention/Distraction,4439773,26.7,17.5,0.0,0.0,0.0,0.0,3,15.3,28.4,327,Overcast,0,0,
58326,2021-07-21 22:00:00,40.585407,-74.10589,0,0,Failure to Yield Right-of-Way,4439375,27.6,20.9,1.4,1.4,0.0,4.0,53,16.0,31.3,315,Drizzle: Moderate,0,0,
58327,2021-07-22 10:06:00,40.652626,-74.00617,1,0,Unspecified,4440177,26.7,17.5,0.0,0.0,0.0,0.0,3,15.3,28.4,327,Overcast,1,1,
58328,2021-07-23 14:00:00,40.702755,-73.856705,0,0,Unspecified,4440237,26.2,17.3,0.0,0.0,0.0,0.0,1,11.3,27.0,340,Mainly clear,0,0,Sunny/Clear Conditions
58329,2021-07-21 16:05:00,40.652737,-73.8769,0,0,Unspecified,4439398,27.6,20.9,1.4,1.4,0.0,4.0,53,16.0,31.3,315,Drizzle: Moderate,0,0,
58330,2021-07-23 13:35:00,40.827812,-73.925934,1,0,Failure to Yield Right-of-Way,4439882,26.2,17.3,0.0,0.0,0.0,0.0,1,11.3,27.0,340,Mainly clear,1,1,Sunny/Clear Conditions
58331,2021-07-08 19:02:00,40.81614,-73.894875,0,0,Unspecified,4439724,28.3,21.3,15.2,15.2,0.0,12.0,63,16.9,48.2,125,Rain: Moderate,0,0,
58332,2021-07-22 13:45:00,40.746918,-73.97124,1,0,Driver Inattention/Distraction,4439602,26.7,17.5,0.0,0.0,0.0,0.0,3,15.3,28.4,327,Overcast,1,1,
58333,2021-07-22 13:01:00,40.58422,-74.1073,0,0,Unspecified,4439657,26.7,17.5,0.0,0.0,0.0,0.0,3,15.3,28.4,327,Overcast,0,0,
58334,2021-07-21 13:20:00,40.62539,-74.135376,1,0,Failure to Yield Right-of-Way,4439453,27.6,20.9,1.4,1.4,0.0,4.0,53,16.0,31.3,315,Drizzle: Moderate,1,1,
58335,2021-07-23 01:41:00,40.64503,-73.91998,0,0,Unspecified,4439965,26.2,17.3,0.0,0.0,0.0,0.0,1,11.3,27.0,340,Mainly clear,0,0,Sunny/Clear Conditions
58336,2021-07-21 17:35:00,40.691666,-73.76239,0,0,Unspecified,4439519,27.6,20.9,1.4,1.4,0.0,4.0,53,16.0,31.3,315,Drizzle: Moderate,0,0,
58337,2021-07-14 16:00:00,40.715305,-73.96044,1,0,Driver Inattention/Distraction,4440303,30.6,21.5,0.8,0.8,0.0,3.0,53,14.5,36.0,191,Drizzle: Moderate,1,1,
58338,2021-07-21 16:50:00,40.68777,-73.98701,1,0,Failure to Yield Right-of-Way,4439278,27.6,20.9,1.4,1.4,0.0,4.0,53,16.0,31.3,315,Drizzle: Moderate,1,1,
58339,2021-07-22 00:00:00,40.677162,-73.97245,0,0,Passing or Lane Usage Improper,4439499,26.7,17.5,0.0,0.0,0.0,0.0,3,15.3,28.4,327,Overcast,0,0,
58340,2021-07-21 13:47:00,40.760273,-73.98388,0,0,Unspecified,4439301,27.6,20.9,1.4,1.4,0.0,4.0,53,16.0,31.3,315,Drizzle: Moderate,0,0,
58341,2021-07-23 17:15:00,40.60309,-73.99262,1,0,Driver Inattention/Distraction,4439795,26.2,17.3,0.0,0.0,0.0,0.0,1,11.3,27.0,340,Mainly clear,1,1,Sunny/Clear Conditions
58342,2021-07-21 12:47:00,40.635582,-73.99155,0,0,Unspecified,4439629,27.6,20.9,1.4,1.4,0.0,4.0,53,16.0,31.3,315,Drizzle: Moderate,0,0,
58343,2021-07-22 08:35:00,40.698696,-73.93477,1,0,Failure to Yield Right-of-Way,4439859,26.7,17.5,0.0,0.0,0.0,0.0,3,15.3,28.4,327,Overcast,1,1,
58344,2021-07-20 00:00:00,40.663635,-73.92292,0,0,Unspecified,4440259,30.9,21.1,0.0,0.0,0.0,0.0,1,13.3,26.6,283,Mainly clear,0,0,Sunny/Clear Conditions
58345,2021-07-21 09:50:00,40.70938,-73.9371,0,0,Passing Too Closely,4439250,27.6,20.9,1.4,1.4,0.0,4.0,53,16.0,31.3,315,Drizzle: Moderate,0,0,
58346,2021-07-21 12:15:00,40.635994,-73.967865,1,0,Passing or Lane Usage Improper,4439634,27.6,20.9,1.4,1.4,0.0,4.0,53,16.0,31.3,315,Drizzle: Moderate,1,1,
58347,2021-07-21 02:35:00,40.90325,-73.84801,2,0,Unsafe Speed,4440283,27.6,20.9,1.4,1.4,0.0,4.0,53,16.0,31.3,315,Drizzle: Moderate,2,2,
58348,2021-07-23 02:00:00,40.682194,-74.00239,0,0,Following Too Closely,4440500,26.2,17.3,0.0,0.0,0.0,0.0,1,11.3,27.0,340,Mainly clear,0,0,Sunny/Clear Conditions
58349,2021-07-23 08:30:00,40.72422,-73.93088,0,0,Passing Too Closely,4439894,26.2,17.3,0.0,0.0,0.0,0.0,1,11.3,27.0,340,Mainly clear,0,0,Sunny/Clear Conditions
58350,2021-07-23 20:50:00,40.647068,-73.993935,1,0,Unspecified,4440196,26.2,17.3,0.0,0.0,0.0,0.0,1,11.3,27.0,340,Mainly clear,1,1,Sunny/Clear Conditions
58351,2021-07-21 14:00:00,40.60748,-74.00866,0,0,Driver Inattention/Distraction,4439344,27.6,20.9,1.4,1.4,0.0,4.0,53,16.0,31.3,315,Drizzle: Moderate,0,0,
58352,2021-07-22 16:47:00,40.632248,-73.96368,1,0,Driver Inexperience,4439678,26.7,17.5,0.0,0.0,0.0,0.0,3,15.3,28.4,327,Overcast,1,1,
58353,2021-07-23 19:00:00,40.81796,-73.960365,0,0,Unspecified,4440049,26.2,17.3,0.0,0.0,0.0,0.0,1,11.3,27.0,340,Mainly clear,0,0,Sunny/Clear Conditions
58354,2021-07-22 21:45:00,40.67872,-73.81844,0,0,Driver Inattention/Distraction,4439555,26.7,17.5,0.0,0.0,0.0,0.0,3,15.3,28.4,327,Overcast,0,0,
58355,2021-07-21 02:35:00,40.6481,-73.91474,2,0,Failure to Yield Right-of-Way,4439207,27.6,20.9,1.4,1.4,0.0,4.0,53,16.0,31.3,315,Drizzle: Moderate,2,2,
58356,2021-07-22 19:10:00,40.658283,-73.764725,0,0,Unspecified,4439946,26.7,17.5,0.0,0.0,0.0,0.0,3,15.3,28.4,327,Overcast,0,0,
58357,2021-07-19 11:39:00,40.84423,-73.89964,0,0,Turning Improperly,4440442,27.5,20.8,0.5,0.5,0.0,2.0,51,12.8,29.9,307,Drizzle: Light,0,0,
58358,2021-07-22 19:54:00,40.746056,-73.852875,0,0,Failure to Yield Right-of-Way,4440064,26.7,17.5,0.0,0.0,0.0,0.0,3,15.3,28.4,327,Overcast,0,0,