,CRASH DATETIME,LATITUDE,LONGITUDE,NUMBER OF PERSONS INJURED,NUMBER OF PERSONS KILLED,CONTRIBUTING FACTOR VEHICLE 1,COLLISION_ID,temperature_2m_max,temperature_2m_min,precipitation_sum,rain_sum,snowfall_sum,precipitation_hours,weather_code,wind_speed_10m_max,wind_gusts_10m_max,wind_direction_10m_dominant,Weather Description,Severity_Score,Total_Affected_Persons,Weather_Category
58359,2021-07-15 10:50:00,40.770824,-73.9032,0,0,Driver Inattention/Distraction,4440138,29.3,21.2,0.1,0.1,0.0,1.0,51,13.7,27.4,212,Drizzle: Light,0,0,
58360,2021-07-21 10:00:00,40.60069,-74.010056,0,0,Using On Board Navigation Device,4439465,27.6,20.9,1.4,1.4,0.0,4.0,53,16.0,31.3,315,Drizzle: Moderate,0,0,
58361,2021-07-22 16:54:00,40.70547,-73.95024,0,0,Drugs (illegal),4439569,26.7,17.5,0.0,0.0,0.0,0.0,3,15.3,28.4,327,Overcast,0,0,
58362,2021-07-19 17:57:00,40.730957,-73.85626,0,0,Driver Inattention/Distraction,4440377,27.5,20.8,0.5,0.5,0.0,2.0,51,12.8,29.9,307,Drizzle: Light,0,0,
58363,2021-06-19 05:32:00,40.822456,-73.88569,1,0,Unspecified,4439734,31.5,19.5,1.2,1.2,0.0,3.0,53,21.1,38.2,243,Drizzle: Moderate,1,1,
58364,2021-07-21 10:30:00,40.650528,-73.95583,0,0,Driver Inattention/Distraction,4439321,27.6,20.9,1.4,1.4,0.0,4.0,53,16.0,31.3,315,Drizzle: Moderate,0,0,
58365,2021-07-18 09:40:00,40.67357,-73.95294,0,0,Unspecified,4440214,28.4,23.1,12.4,12.4,0.0,10.0,63,19.6,39.2,232,Rain: Moderate,0,0,
58366,2021-07-21 18:33:00,40.72931,-73.997894,1,0,Driver Inattention/Distraction,4439677,27.6,20.9,1.4,1.4,0.0,4.0,53,16.0,31.3,315,Drizzle: Moderate,1,1,
58367,2021-07-21 15:20:00,40.701862,-73.94383,0,0,Unspecified,4439255,27.6,20.9,1.4,1.4,0.0,4.0,53,16.0,31.3,315,Drizzle: Moderate,0,0,
58368,2021-07-21 17:07:00,40.742706,-73.984535,1,0,Driver Inattention/Distraction,4439323,27.6,20.9,1.4,1.4,0.0,4.0,53,16.0,31.3,315,Drizzle: Moderate,1,1,
58369,2021-07-22 13:15:00,40.74635,-73.89609,0,0,Backing Unsafely,4439984,26.7,17.5,0.0,0.0,0.0,0.0,3,15.3,28.4,327,Overcast,0,0,
58370,2021-07-12 06:32:00,40.72015,-73.93783,1,0,Failure to Yield Right-of-Way,4439692,28.6,22.0,9.7,9.7,0.0,12.0,63,12.0,31.7,107,Rain: Moderate,1,1,
58371,2021-07-21 20:30:00,40.839268,-73.903824,1,0,Traffic Control Disregarded,4439295,27.6,20.9,1.4,1.4,0.0,4.0,53,16.0,31.3,315,Drizzle: Moderate,1,1,
58372,2021-07-21 07:38:00,40.754986,-73.74535,0,0,Unspecified,4439709,27.6,20.9,1.4,1.4,0.0,4.0,53,16.0,31.3,315,Drizzle: Moderate,0,0,
58373,2021-07-21 05:30:00,40.778713,-73.806206,1,0,Failure to Yield Right-of-Way,4438933,27.6,20.9,1.4,1.4,0.0,4.0,53,16.0,31.3,315,Drizzle: Moderate,1,1,
58374,2021-07-22 11:45:00,40.727207,-73.90742,1,0,Driver Inattention/Distraction,4439533,26.7,17.5,0.0,0.0,0.0,0.0,3,15.3,28.4,327,Overcast,1,1,
58375,2021-07-23 22:06:00,40.89851,-73.852066,1,0,Driver Inexperience,4440334,26.2,17.3,0.0,0.0,0.0,0.0,1,11.3,27.0,340,Mainly clear,1,1,Sunny/Clear Conditions
58376,2021-07-22 21:19:00,40.825577,-73.918465,1,0,Unspecified,4439788,26.7,17.5,0.0,0.0,0.0,0.0,3,15.3,28.4,327,Overcast,1,1,
58377,2021-07-19 17:00:00,40.623898,-73.917725,0,0,Unspecified,4439808,27.5,20.8,0.5,0.5,0.0,2.0,51,12.8,29.9,307,Drizzle: Light,0,0,
58378,2021-07-21 09:10:00,40.60342,-73.74769,0,0,Unspecified,4439593,27.6,20.9,1.4,1.4,0.0,4.0,53,16.0,31.3,315,Drizzle: Moderate,0,0,
58379,2021-07-21 17:55:00,40.83335,-73.93524,0,0,Fatigued/Drowsy,4439233,27.6,20.9,1.4,1.4,0.0,4.0,53,16.0,31.3,315,Drizzle: Moderate,0,0,
58380,2021-07-21 14:20:00,40.672886,-73.99922,0,0,Passenger Distraction,4439444,27.6,20.9,1.4,1.4,0.0,4.0,53,16.0,31.3,315,Drizzle: Moderate,0,0,
58381,2021-07-23 03:55:00,40.739067,-73.89588,0,0,Driver Inattention/Distraction,4439587,26.2,17.3,0.0,0.0,0.0,0.0,1,11.3,27.0,340,Mainly clear,0,0,Sunny/Clear Conditions
58382,2021-07-22 18:27:00,40.705227,-73.949844,1,0,Driver Inattention/Distraction,4439568,26.7,17.5,0.0,0.0,0.0,0.0,3,15.3,28.4,327,Overcast,1,1,
58383,2021-07-22 11:50:00,40.734497,-73.72287,0,0,Unspecified,4439494,26.7,17.5,0.0,0.0,0.0,0.0,3,15.3,28.4,327,Overcast,0,0,
58384,2021-07-21 00:18:00,40.820187,-73.890686,0,0,Unspecified,4439733,27.6,20.9,1.4,1.4,0.0,4.0,53,16.0,31.3,315,Drizzle: Moderate,0,0,
58385,2021-07-21 00:50:00,40.659264,-74.002396,0,0,Unsafe Speed,4439039,27.6,20.9,1.4,1.4,0.0,4.0,53,16.0,31.3,315,Drizzle: Moderate,0,0,
58386,2021-07-22 08:45:00,40.69041,-73.75557,2,0,Unsafe Speed,4439514,26.7,17.5,0.0,0.0,0.0,0.0,3,15.3,28.4,327,Overcast,2,2,
58387,2021-07-21 09:46:00,40.651905,-73.9526,0,0,Unspecified,4439204,27.6,20.9,1.4,1.4,0.0,4.0,53,16.0,31.3,315,Drizzle: Moderate,0,0,
58388,2021-07-22 15:50:00,40.728363,-74.00282,2,0,Driver Inattention/Distraction,4439661,26.7,17.5,0.0,0.0,0.0,0.0,3,15.3,28.4,327,Overcast,2,2,
58389,2021-07-22 01:35:00,40.830906,-73.89801,0,0,Driver Inattention/Distraction,4439296,26.7,17.5,0.0,0.0,0.0,0.0,3,15.3,28.4,327,Overcast,0,0,
58390,2021-07-16 12:00:00,40.821358,-73.889114,0,0,Unspecified,4439720,32.3,23.2,0.3,0.3,0.0,3.0,51,12.3,33.1,238,Drizzle: Light,0,0,
58391,2021-07-22 17:30:00,40.81053,-73.96206,1,0,Unsafe Speed,4440036,26.7,17.5,0.0,0.0,0.0,0.0,3,15.3,28.4,327,Overcast,1,1,
58392,2021-07-22 00:00:00,40.655254,-73.7402,2,0,Driver Inattention/Distraction,4439538,26.7,17.5,0.0,0.0,0.0,0.0,3,15.3,28.4,327,Overcast,2,2,
58393,2021-07-23 13:30:00,40.66444,-73.78206,0,0,Unspecified,4439810,26.2,17.3,0.0,0.0,0.0,0.0,1,11.3,27.0,340,Mainly clear,0,0,Sunny/Clear Conditions
58394,2021-07-23 11:20:00,40.850475,-73.915436,0,0,Following Too Closely,4439992,26.2,17.3,0.0,0.0,0.0,0.0,1,11.3,27.0,340,Mainly clear,0,0,Sunny/Clear Conditions
58395,2021-07-09 07:00:00,40.743507,-73.85156,0,0,Unspecified,4439827,29.8,22.0,35.0,35.0,0.0,14.0,63,31.0,55.8,341,Rain: Moderate,0,0,
58396,2021-07-13 03:00:00,40.677025,-73.95268,0,0,Driver Inattention/Distraction,4440242,25.0,20.8,2.4,2.4,0.0,12.0,53,13.0,26.3,84,Drizzle: Moderate,0,0,
58397,2021-07-21 11:00:00,40.71499,-73.926765,0,0,Turning Improperly,4439251,27.6,20.9,1.4,1.4,0.0,4.0,53,16.0,31.3,315,Drizzle: Moderate,0,0,
58398,2021-07-21 15:02:00,40.803425,-73.93309,0,0,Unspecified,4439436,27.6,20.9,1.4,1.4,0.0,4.0,53,16.0,31.3,315,Drizzle: Moderate,0,0,
58399,2021-07-22 11:40:00,40.64316,-74.01922,0,0,Unspecified,4440187,26.7,17.5,0.0,0.0,0.0,0.0,3,15.3,28.4,327,Overcast,0,0,
58400,2021-07-02 08:17:00,40.64446,-73.94778,0,0,Unspecified,4440264,24.3,19.2,29.6,29.6,0.0,23.0,63,14.1,27.7,284,Rain: Moderate,0,0,
58401,2021-07-21 14:00:00,40.54778,-74.16684,1,0,Failure to Yield Right-of-Way,4439662,27.6,20.9,1.4,1.4,0.0,4.0,53,16.0,31.3,315,Drizzle: Moderate,1,1,
58402,2021-07-22 07:40:00,40.70966,-74.00484,0,0,Turning Improperly,4439464,26.7,17.5,0.0,0.0,0.0,0.0,3,15.3,28.4,327,Overcast,0,0,
58403,2021-07-23 03:24:00,40.548317,-74.19396,0,0,Fell Asleep,4439647,26.2,17.3,0.0,0.0,0.0,0.0,1,11.3,27.0,340,Mainly clear,0,0,Sunny/Clear Conditions
58404,2021-07-23 18:20:00,40.84267,-73.8543,0,0,Other Vehicular,4439815,26.2,17.3,0.0,0.0,0.0,0.0,1,11.3,27.0,340,Mainly clear,0,0,Sunny/Clear Conditions
58405,2021-07-21 18:47:00,40.831135,-73.94126,0,0,Driver Inattention/Distraction,4439273,27.6,20.9,1.4,1.4,0.0,4.0,53,16.0,31.3,315,Drizzle: Moderate,0,0,
58406,2021-07-20 13:00:00,40.760475,-73.9222,1,0,Backing Unsafely,4440114,30.9,21.1,0.0,0.0,0.0,0.0,1,13.3,26.6,283,Mainly clear,1,1,Sunny/Clear Conditions
58407,2021-07-20 17:00:00,40.669735,-73.93104,0,0,Driver Inattention/Distraction,4440248,30.9,21.1,0.0,0.0,0.0,0.0,1,13.3,26.6,283,Mainly clear,0,0,Sunny/Clear Conditions
58408,2021-07-21 03:17:00,40.708206,-73.81322,0,0,Unspecified,4439615,27.6,20.9,1.4,1.4,0.0,4.0,53,16.0,31.3,315,Drizzle: Moderate,0,0,
58409,2021-07-23 17:00:00,40.677822,-73.91636,0,0,Unspecified,4440511,26.2,17.3,0.0,0.0,0.0,0.0,1,11.3,27.0,340,Mainly clear,0,0,Sunny/Clear Conditions
58410,2021-07-16 09:00:00,40.77012,-73.95741,0,0,Driver Inattention/Distraction,4440480,32.3,23.2,0.3,0.3,0.0,3.0,51,12.3,33.1,238,Drizzle: Light,0,0,
58411,2021-07-22 16:25:00,40.609917,-73.89746,0,0,Unsafe Speed,4440161,26.7,17.5,0.0,0.0,0.0,0.0,3,15.3,28.4,327,Overcast,0,0,
58412,2021-07-22 20:00:00,40.57698,-73.981575,0,0,Driver Inattention/Distraction,4440288,26.7,17.5,0.0,0.0,0.0,0.0,3,15.3,28.4,327,Overcast,0,0,
58413,2021-07-23 09:36:00,40.745308,-73.90753,1,0,Driver Inattention/Distraction,4440218,26.2,17.3,0.0,0.0,0.0,0.0,1,11.3,27.0,340,Mainly clear,1,1,Sunny/Clear Conditions
58414,2021-07-22 21:27:00,40.861862,-73.91275,1,0,Driver Inattention/Distraction,4439578,26.7,17.5,0.0,0.0,0.0,0.0,3,15.3,28.4,327,Overcast,1,1,
58415,2021-07-22 19:30:00,40.7448,-73.953415,1,0,Driver Inattention/Distraction,4439528,26.7,17.5,0.0,0.0,0.0,0.0,3,15.3,28.4,327,Overcast,1,1,
58416,2021-07-18 10:45:00,40.69529,-73.94339,0,0,Passing or Lane Usage Improper,4440361,28.4,23.1,12.4,12.4,0.0,10.0,63,19.6,39.2,232,Rain: Moderate,0,0,
58417,2021-07-22 09:03:00,40.638523,-73.97319,0,0,Unspecified,4439630,26.7,17.5,0.0,0.0,0.0,0.0,3,15.3,28.4,327,Overcast,0,0,
58418,2021-07-21 11:00:00,40.80614,-73.925804,0,0,Unspecified,4439113,27.6,20.9,1.4,1.4,0.0,4.0,53,16.0,31.3,315,Drizzle: Moderate,0,0,
58419,2021-07-21 11:12:00,40.869694,-73.86723,0,0,Driver Inattention/Distraction,4439137,27.6,20.9,1.4,1.4,0.0,4.0,53,16.0,31.3,315,Drizzle: Moderate,0,0,
58420,2021-07-23 13:44:00,40.673008,-73.87038,0,0,Unspecified,4439890,26.2,17.3,0.0,0.0,0.0,0.0,1,11.3,27.0,340,Mainly clear,0,0,Sunny/Clear Conditions
58421,2021-07-21 08:10:00,40.55464,-74.14608,0,0,Unspecified,4439368,27.6,20.9,1.4,1.4,0.0,4.0,53,16.0,31.3,315,Drizzle: Moderate,0,0,
58422,2021-07-23 13:00:00,40.576157,-73.98902,0,0,Unspecified,4440281,26.2,17.3,0.0,0.0,0.0,0.0,1,11.3,27.0,340,Mainly clear,0,0,Sunny/Clear Conditions
58423,2021-07-23 01:05:00,40.709015,-73.94855,1,0,Turning Improperly,4439842,26.2,17.3,0.0,0.0,0.0,0.0,1,11.3,27.0,340,Mainly clear,1,1,Sunny/Clear Conditions
58424,2021-07-22 15:20:00,40.738415,-73.84899,0,0,Driver Inattention/Distraction,4439673,26.7,17.5,0.0,0.0,0.0,0.0,3,15.3,28.4,327,Overcast,0,0,
58425,2021-07-22 01:00:00,40.830578,-73.88763,0,0,Unspecified,4439573,26.7,17.5,0.0,0.0,0.0,0.0,3,15.3,28.4,327,Overcast,0,0,
58426,2021-07-21 19:30:00,40.78463,-73.83634,0,0,Backing Unsafely,4439220,27.6,20.9,1.4,1.4,0.0,4.0,53,16.0,31.3,315,Drizzle: Moderate,0,0,
58427,2021-07-23 07:50:00,40.73873,-73.81428,2,0,Driver Inattention/Distraction,4439705,26.2,17.3,0.0,0.0,0.0,0.0,1,11.3,27.0,340,Mainly clear,2,2,Sunny/Clear Conditions
58428,2021-10-31 17:51:00,40.608215,-73.92835,1,0,Driver Inattention/Distraction,4472680,18.3,12.5,3.7,3.7,0.0,8.0,55,22.9,41.0,268,Drizzle: Dense,1,1,
58429,2021-07-22 19:15:00,40.82215,-73.93869,3,0,Driver Inattention/Distraction,4439688,26.7,17.5,0.0,0.0,0.0,0.0,3,15.3,28.4,327,Overcast,3,3,
58430,2021-07-22 22:30:00,40.735115,-73.87524,1,0,Failure to Yield Right-of-Way,4440067,26.7,17.5,0.0,0.0,0.0,0.0,3,15.3,28.4,327,Overcast,1,1,
58431,2021-07-23 18:24:00,40.812664,-73.906334,0,0,Unspecified,4439941,26.2,17.3,0.0,0.0,0.0,0.0,1,11.3,27.0,340,Mainly clear,0,0,Sunny/Clear Conditions
58432,2021-07-20 23:23:00,40.71338,-73.859665,0,0,Driver Inexperience,4440236,30.9,21.1,0.0,0.0,0.0,0.0,1,13.3,26.6,283,Mainly clear,0,0,Sunny/Clear Conditions
58433,2021-07-21 05:41:00,40.80174,-73.96477,0,0,Unsafe Lane Changing,4439098,27.6,20.9,1.4,1.4,0.0,4.0,53,16.0,31.3,315,Drizzle: Moderate,0,0,
58434,2021-07-21 19:10:00,40.881073,-73.878494,1,0,Failure to Yield Right-of-Way,4439378,27.6,20.9,1.4,1.4,0.0,4.0,53,16.0,31.3,315,Drizzle: Moderate,1,1,
58435,2021-07-17 19:35:00,40.576157,-73.98902,0,0,Driver Inattention/Distraction,4440272,30.8,23.3,5.1,5.1,0.0,5.0,61,17.8,36.4,201,Rain: Light,0,0,
58436,2021-07-23 09:30:00,40.638523,-73.97319,1,0,Unspecified,4440132,26.2,17.3,0.0,0.0,0.0,0.0,1,11.3,27.0,340,Mainly clear,1,1,Sunny/Clear Conditions
58437,2021-07-21 08:40:00,40.627167,-74.00389,0,0,Unspecified,4439127,27.6,20.9,1.4,1.4,0.0,4.0,53,16.0,31.3,315,Drizzle: Moderate,0,0,
58438,2021-07-21 07:40:00,40.65841,-73.96049,0,0,Driver Inattention/Distraction,4439261,27.6,20.9,1.4,1.4,0.0,4.0,53,16.0,31.3,315,Drizzle: Moderate,0,0,
58439,2021-07-23 20:40:00,40.610214,-73.94371,1,0,Unspecified,4440526,26.2,17.3,0.0,0.0,0.0,0.0,1,11.3,27.0,340,Mainly clear,1,1,Sunny/Clear Conditions
58440,2021-07-23 10:25:00,40.677357,-73.896225,0,0,Unspecified,4439748,26.2,17.3,0.0,0.0,0.0,0.0,1,11.3,27.0,340,Mainly clear,0,0,Sunny/Clear Conditions
58441,2021-07-22 04:58:00,40.826656,-73.8739,0,1,Unsafe Speed,4439478,26.7,17.5,0.0,0.0,0.0,0.0,3,15.3,28.4,327,Overcast,20,1,
58442,2021-07-17 19:40:00,40.89562,-73.84375,2,0,Driver Inattention/Distraction,4440332,30.8,23.3,5.1,5.1,0.0,5.0,61,17.8,36.4,201,Rain: Light,2,2,
58443,2021-07-23 18:00:00,40.718754,-73.74082,0,0,Driver Inattention/Distraction,4439848,26.2,17.3,0.0,0.0,0.0,0.0,1,11.3,27.0,340,Mainly clear,0,0,Sunny/Clear Conditions
58444,2021-07-22 21:45:00,40.86791,-73.86829,1,0,Driver Inattention/Distraction,4439765,26.7,17.5,0.0,0.0,0.0,0.0,3,15.3,28.4,327,Overcast,1,1,
58445,2021-07-21 15:58:00,40.683903,-73.80238,0,0,Unspecified,4439518,27.6,20.9,1.4,1.4,0.0,4.0,53,16.0,31.3,315,Drizzle: Moderate,0,0,
58446,2021-07-22 08:37:00,40.894314,-73.86027,0,0,Passing or Lane Usage Improper,4439427,26.7,17.5,0.0,0.0,0.0,0.0,3,15.3,28.4,327,Overcast,0,0,
58447,2021-07-23 07:25:00,40.605427,-74.0762,0,0,Unspecified,4439642,26.2,17.3,0.0,0.0,0.0,0.0,1,11.3,27.0,340,Mainly clear,0,0,Sunny/Clear Conditions
58448,2021-07-21 12:47:00,40.704697,-73.79681,0,0,Passing or Lane Usage Improper,4439213,27.6,20.9,1.4,1.4,0.0,4.0,53,16.0,31.3,315,Drizzle: Moderate,0,0,
58449,2021-07-23 12:45:00,40.756992,-73.72966,0,0,Passing or Lane Usage Improper,4439936,26.2,17.3,0.0,0.0,0.0,0.0,1,11.3,27.0,340,Mainly clear,0,0,Sunny/Clear Conditions
58450,2021-07-21 22:00:00,40.760532,-73.95836,0,0,Passing or Lane Usage Improper,4440445,27.6,20.9,1.4,1.4,0.0,4.0,53,16.0,31.3,315,Drizzle: Moderate,0,0,
58451,2021-06-19 10:00:00,40.63563,-74.080376,0,0,Driver Inattention/Distraction,4440337,31.5,19.5,1.2,1.2,0.0,3.0,53,21.1,38.2,243,Drizzle: Moderate,0,0,
58452,2021-07-23 10:00:00,40.70777,-74.01297,1,0,Unspecified,4439716,26.2,17.3,0.0,0.0,0.0,0.0,1,11.3,27.0,340,Mainly clear,1,1,Sunny/Clear Conditions
58453,2021-07-21 08:53:00,40.770744,-73.78582,0,0,Unspecified,4439710,27.6,20.9,1.4,1.4,0.0,4.0,53,16.0,31.3,315,Drizzle: Moderate,0,0,
58454,2021-07-21 10:15:00,40.68108,-73.84048,0,0,Traffic Control Disregarded,4439266,27.6,20.9,1.4,1.4,0.0,4.0,53,16.0,31.3,315,Drizzle: Moderate,0,0,
58455,2021-07-22 10:15:00,40.764557,-73.82891,1,0,Unspecified,4439998,26.7,17.5,0.0,0.0,0.0,0.0,3,15.3,28.4,327,Overcast,1,1,
58456,2021-07-21 16:10:00,40.635006,-73.93153,0,0,Unspecified,4439803,27.6,20.9,1.4,1.4,0.0,4.0,53,16.0,31.3,315,Drizzle: Moderate,0,0,
58457,2021-07-21 07:30:00,40.66663,-73.91874,0,0,Unspecified,4440299,27.6,20.9,1.4,1.4,0.0,4.0,53,16.0,31.3,315,Drizzle: Moderate,0,0,
58458,2021-07-19 10:00:00,40.664658,-73.90559,0,0,Unspecified,4440470,27.5,20.8,0.5,0.5,0.0,2.0,51,12.8,29.9,307,Drizzle: Light,0,0,
58459,2021-07-23 01:45:00,40.863018,-73.917564,0,0,Driver Inattention/Distraction,4439742,26.2,17.3,0.0,0.0,0.0,0.0,1,11.3,27.0,340,Mainly clear,0,0,Sunny/Clear Conditions
58460,2021-07-22 23:00:00,40.695488,-73.78592,0,0,Driver Inattention/Distraction,4439774,26.7,17.5,0.0,0.0,0.0,0.0,3,15.3,28.4,327,Overcast,0,0,
58461,2021-07-20 17:30:00,40.656868,-73.97482,0,0,Unspecified,4440178,30.9,21.1,0.0,0.0,0.0,0.0,1,13.3,26.6,283,Mainly clear,0,0,Sunny/Clear Conditions
58462,2021-05-19 21:22:00,40.6427,-73.87661,0,0,Driver Inattention/Distraction,4440041,28.2,13.6,0.0,0.0,0.0,0.0,3,19.6,40.3,337,Overcast,0,0,
58463,2021-07-20 17:10:00,40.721825,-73.987495,1,0,Failure to Yield Right-of-Way,4439832,30.9,21.1,0.0,0.0,0.0,0.0,1,13.3,26.6,283,Mainly clear,1,1,Sunny/Clear Conditions
58464,2021-07-21 21:50:00,40.74913,-73.98824,1,0,Other Vehicular,4440107,27.6,20.9,1.4,1.4,0.0,4.0,53,16.0,31.3,315,Drizzle: Moderate,1,1,
58465,2021-07-21 00:48:00,40.80899,-73.88313,1,0,Unspecified,4439737,27.6,20.9,1.4,1.4,0.0,4.0,53,16.0,31.3,315,Drizzle: Moderate,1,1,
58466,2021-07-23 14:45:00,40.671932,-73.85165,0,0,Driver Inattention/Distraction,4440321,26.2,17.3,0.0,0.0,0.0,0.0,1,11.3,27.0,340,Mainly clear,0,0,Sunny/Clear Conditions
58467,2021-07-22 23:55:00,40.828396,-73.945305,0,0,Driver Inattention/Distraction,4439560,26.7,17.5,0.0,0.0,0.0,0.0,3,15.3,28.4,327,Overcast,0,0,
58468,2021-07-22 12:00:00,40.624977,-73.96326,0,0,Unspecified,4439472,26.7,17.5,0.0,0.0,0.0,0.0,3,15.3,28.4,327,Overcast,0,0,
58469,2021-07-23 17:45:00,40.632793,-74.13405,0,0,Driver Inattention/Distraction,4439800,26.2,17.3,0.0,0.0,0.0,0.0,1,11.3,27.0,340,Mainly clear,0,0,Sunny/Clear Conditions
58470,2021-07-22 13:15:00,40.728363,-74.00282,1,0,Unsafe Lane Changing,4440148,26.7,17.5,0.0,0.0,0.0,0.0,3,15.3,28.4,327,Overcast,1,1,
58471,2021-07-23 08:43:00,40.662777,-73.98978,0,0,Unspecified,4440419,26.2,17.3,0.0,0.0,0.0,0.0,1,11.3,27.0,340,Mainly clear,0,0,Sunny/Clear Conditions
58472,2021-07-22 08:00:00,40.69467,-73.93115,0,0,Passing Too Closely,4439598,26.7,17.5,0.0,0.0,0.0,0.0,3,15.3,28.4,327,Overcast,0,0,
58473,2021-07-22 19:00:00,40.847576,-73.90633,0,0,Unspecified,4439973,26.7,17.5,0.0,0.0,0.0,0.0,3,15.3,28.4,327,Overcast,0,0,
58474,2021-07-21 23:25:00,40.824722,-73.82089,0,0,Alcohol Involvement,4439363,27.6,20.9,1.4,1.4,0.0,4.0,53,16.0,31.3,315,Drizzle: Moderate,0,0,
58475,2021-07-23 18:07:00,40.602684,-73.94232,1,0,Driver Inattention/Distraction,4439914,26.2,17.3,0.0,0.0,0.0,0.0,1,11.3,27.0,340,Mainly clear,1,1,Sunny/Clear Conditions
58476,2021-07-22 23:30:00,40.74967,-73.99531,2,0,Unspecified,4440128,26.7,17.5,0.0,0.0,0.0,0.0,3,15.3,28.4,327,Overcast,2,2,
58477,2021-07-22 22:50:00,40.821636,-73.93909,0,0,Other Vehicular,4439684,26.7,17.5,0.0,0.0,0.0,0.0,3,15.3,28.4,327,Overcast,0,0,
58478,2021-07-21 06:30:00,40.64405,-74.02217,0,0,Backing Unsafely,4439043,27.6,20.9,1.4,1.4,0.0,4.0,53,16.0,31.3,315,Drizzle: Moderate,0,0,
58479,2021-07-22 10:45:00,40.698677,-73.95886,1,0,Driver Inattention/Distraction,4439412,26.7,17.5,0.0,0.0,0.0,0.0,3,15.3,28.4,327,Overcast,1,1,
58480,2021-07-20 15:15:00,40.773087,-73.908424,0,0,Unspecified,4439669,30.9,21.1,0.0,0.0,0.0,0.0,1,13.3,26.6,283,Mainly clear,0,0,Sunny/Clear Conditions
58481,2021-07-21 14:30:00,40.74359,-73.92242,0,0,Unsafe Lane Changing,4439189,27.6,20.9,1.4,1.4,0.0,4.0,53,16.0,31.3,315,Drizzle: Moderate,0,0,
58482,2021-07-21 17:50:00,40.637207,-73.99573,0,0,Unspecified,4439637,27.6,20.9,1.4,1.4,0.0,4.0,53,16.0,31.3,315,Drizzle: Moderate,0,0,
58483,2021-07-21 11:30:00,40.66997,-73.9757,0,0,Following Too Closely,4439383,27.6,20.9,1.4,1.4,0.0,4.0,53,16.0,31.3,315,Drizzle: Moderate,0,0,
58484,2021-07-20 20:50:00,40.831974,-73.9235,0,0,Traffic Control Disregarded,4439884,30.9,21.1,0.0,0.0,0.0,0.0,1,13.3,26.6,283,Mainly clear,0,0,Sunny/Clear Conditions
58485,2021-07-21 22:55:00,40.79976,-73.96622,0,0,Backing Unsafely,4439333,27.6,20.9,1.4,1.4,0.0,4.0,53,16.0,31.3,315,Drizzle: Moderate,0,0,
58486,2021-07-23 19:35:00,40.83468,-73.944435,0,0,Failure to Yield Right-of-Way,4440387,26.2,17.3,0.0,0.0,0.0,0.0,1,11.3,27.0,340,Mainly clear,0,0,Sunny/Clear Conditions
58487,2021-07-21 06:00:00,40.75182,-73.87713,0,0,Unspecified,4439908,27.6,20.9,1.4,1.4,0.0,4.0,53,16.0,31.3,315,Drizzle: Moderate,0,0,
58488,2021-07-23 18:15:00,40.611095,-74.11467,0,0,Following Too Closely,4440226,26.2,17.3,0.0,0.0,0.0,0.0,1,11.3,27.0,340,Mainly clear,0,0,Sunny/Clear Conditions
58489,2021-07-22 10:40:00,40.729355,-73.86023,1,0,Driver Inattention/Distraction,4439701,26.7,17.5,0.0,0.0,0.0,0.0,3,15.3,28.4,327,Overcast,1,1,
58490,2021-07-22 18:00:00,40.659237,-73.93966,0,0,Driver Inexperience,4439780,26.7,17.5,0.0,0.0,0.0,0.0,3,15.3,28.4,327,Overcast,0,0,
58491,2021-07-22 10:35:00,40.612747,-74.12712,0,0,Other Vehicular,4440346,26.7,17.5,0.0,0.0,0.0,0.0,3,15.3,28.4,327,Overcast,0,0,
58492,2021-07-18 12:59:00,40.70971,-73.81342,0,0,Unspecified,4439609,28.4,23.1,12.4,12.4,0.0,10.0,63,19.6,39.2,232,Rain: Moderate,0,0,
58493,2021-07-22 18:31:00,40.68387,-73.87145,0,0,Unspecified,4439752,26.7,17.5,0.0,0.0,0.0,0.0,3,15.3,28.4,327,Overcast,0,0,
58494,2021-07-19 22:21:00,40.82473,-73.94182,0,0,Other Vehicular,4440460,27.5,20.8,0.5,0.5,0.0,2.0,51,12.8,29.9,307,Drizzle: Light,0,0,
58495,2021-07-21 13:30:00,40.843822,-73.91038,2,0,Traffic Control Disregarded,4439769,27.6,20.9,1.4,1.4,0.0,4.0,53,16.0,31.3,315,Drizzle: Moderate,2,2,
58496,2021-07-21 16:10:00,40.762856,-73.98942,0,0,Passing or Lane Usage Improper,4439306,27.6,20.9,1.4,1.4,0.0,4.0,53,16.0,31.3,315,Drizzle: Moderate,0,0,
58497,2021-07-22 13:11:00,40.645123,-73.96008,0,0,Driver Inattention/Distraction,4439473,26.7,17.5,0.0,0.0,0.0,0.0,3,15.3,28.4,327,Overcast,0,0,
58498,2021-07-22 12:25:00,40.84521,-73.89072,0,0,Driver Inattention/Distraction,4439620,26.7,17.5,0.0,0.0,0.0,0.0,3,15.3,28.4,327,Overcast,0,0,
58499,2021-07-21 21:35:00,40.66552,-73.74467,0,0,Driver Inexperience,4439237,27.6,20.9,1.4,1.4,0.0,4.0,53,16.0,31.3,315,Drizzle: Moderate,0,0,