,CRASH DATETIME,LATITUDE,LONGITUDE,NUMBER OF PERSONS INJURED,NUMBER OF PERSONS KILLED,CONTRIBUTING FACTOR VEHICLE 1,COLLISION_ID,temperature_2m_max,temperature_2m_min,precipitation_sum,rain_sum,snowfall_sum,precipitation_hours,weather_code,wind_speed_10m_max,wind_gusts_10m_max,wind_direction_10m_dominant,Weather Description,Severity_Score,Total_Affected_Persons,Weather_Category
58500,2021-07-23 14:00:00,40.68645,-73.761185,2,0,Failure to Yield Right-of-Way,4439835,26.2,17.3,0.0,0.0,0.0,0.0,1,11.3,27.0,340,Mainly clear,2,2,Sunny/Clear Conditions
58501,2021-07-20 15:40:00,40.651604,-74.01051,0,0,Unspecified,4440174,30.9,21.1,0.0,0.0,0.0,0.0,1,13.3,26.6,283,Mainly clear,0,0,Sunny/Clear Conditions
58502,2021-07-22 08:50:00,40.77418,-73.95296,0,0,Unspecified,4439420,26.7,17.5,0.0,0.0,0.0,0.0,3,15.3,28.4,327,Overcast,0,0,
58503,2021-07-20 12:50:00,40.61857,-74.150505,1,0,Drugs (illegal),4440008,30.9,21.1,0.0,0.0,0.0,0.0,1,13.3,26.6,283,Mainly clear,1,1,Sunny/Clear Conditions
58504,2021-07-23 19:50:00,40.848682,-73.88379,0,0,Driver Inattention/Distraction,4440495,26.2,17.3,0.0,0.0,0.0,0.0,1,11.3,27.0,340,Mainly clear,0,0,Sunny/Clear Conditions
58505,2021-07-23 10:00:00,40.66701,-73.9004,0,0,Unspecified,4439757,26.2,17.3,0.0,0.0,0.0,0.0,1,11.3,27.0,340,Mainly clear,0,0,Sunny/Clear Conditions
58506,2021-07-21 15:00:00,40.640163,-73.94553,0,0,Driver Inattention/Distraction,4439961,27.6,20.9,1.4,1.4,0.0,4.0,53,16.0,31.3,315,Drizzle: Moderate,0,0,
58507,2021-07-23 19:40:00,40.735794,-73.85807,1,0,Following Too Closely,4439807,26.2,17.3,0.0,0.0,0.0,0.0,1,11.3,27.0,340,Mainly clear,1,1,Sunny/Clear Conditions
58508,2021-07-07 11:15:00,40.656292,-73.92325,0,0,Unspecified,4439956,31.4,22.2,1.4,1.4,0.0,6.0,53,17.4,37.8,213,Drizzle: Moderate,0,0,
58509,2021-07-22 13:00:00,40.82054,-73.930786,0,0,Traffic Control Disregarded,4439770,26.7,17.5,0.0,0.0,0.0,0.0,3,15.3,28.4,327,Overcast,0,0,
58510,2021-07-23 21:44:00,40.679108,-73.88062,1,0,Following Too Closely,4439881,26.2,17.3,0.0,0.0,0.0,0.0,1,11.3,27.0,340,Mainly clear,1,1,Sunny/Clear Conditions
58511,2021-07-19 15:18:00,40.80297,-73.96387,1,0,Passing or Lane Usage Improper,4440037,27.5,20.8,0.5,0.5,0.0,2.0,51,12.8,29.9,307,Drizzle: Light,1,1,
58512,2021-07-23 08:00:00,40.746178,-73.89132,0,0,Driver Inexperience,4439828,26.2,17.3,0.0,0.0,0.0,0.0,1,11.3,27.0,340,Mainly clear,0,0,Sunny/Clear Conditions
58513,2021-07-21 14:30:00,40.62055,-74.16919,2,0,Driver Inattention/Distraction,4439454,27.6,20.9,1.4,1.4,0.0,4.0,53,16.0,31.3,315,Drizzle: Moderate,2,2,
58514,2021-07-18 00:00:00,40.879898,-73.83181,0,0,Unspecified,4440095,28.4,23.1,12.4,12.4,0.0,10.0,63,19.6,39.2,232,Rain: Moderate,0,0,
58515,2021-07-23 00:00:00,40.640285,-74.13449,0,0,Backing Unsafely,4439927,26.2,17.3,0.0,0.0,0.0,0.0,1,11.3,27.0,340,Mainly clear,0,0,Sunny/Clear Conditions
58516,2021-07-21 15:01:00,40.727245,-73.94,0,0,Backing Unsafely,4440308,27.6,20.9,1.4,1.4,0.0,4.0,53,16.0,31.3,315,Drizzle: Moderate,0,0,
58517,2021-07-23 00:28:00,40.73035,-74.00821,0,0,Unspecified,4439674,26.2,17.3,0.0,0.0,0.0,0.0,1,11.3,27.0,340,Mainly clear,0,0,Sunny/Clear Conditions
58518,2021-07-22 17:02:00,40.64975,-73.936,0,0,Driver Inattention/Distraction,4439966,26.7,17.5,0.0,0.0,0.0,0.0,3,15.3,28.4,327,Overcast,0,0,
58519,2021-07-23 14:00:00,40.825848,-73.90993,2,0,Unspecified,4440084,26.2,17.3,0.0,0.0,0.0,0.0,1,11.3,27.0,340,Mainly clear,2,2,Sunny/Clear Conditions
58520,2021-07-22 14:30:00,40.57747,-73.84084,1,0,Driver Inattention/Distraction,4439796,26.7,17.5,0.0,0.0,0.0,0.0,3,15.3,28.4,327,Overcast,1,1,
58521,2021-07-19 16:05:00,40.772892,-73.92543,0,0,Drugs (illegal),4440142,27.5,20.8,0.5,0.5,0.0,2.0,51,12.8,29.9,307,Drizzle: Light,0,0,
58522,2021-07-22 00:00:00,40.736046,-73.92673,1,0,Driver Inattention/Distraction,4439977,26.7,17.5,0.0,0.0,0.0,0.0,3,15.3,28.4,327,Overcast,1,1,
58523,2021-07-22 10:59:00,40.56493,-74.18058,1,0,Lost Consciousness,4439738,26.7,17.5,0.0,0.0,0.0,0.0,3,15.3,28.4,327,Overcast,1,1,
58524,2021-07-21 21:30:00,40.669724,-73.86097,2,0,Traffic Control Disregarded,4439392,27.6,20.9,1.4,1.4,0.0,4.0,53,16.0,31.3,315,Drizzle: Moderate,2,2,
58525,2021-07-23 15:52:00,40.884647,-73.82662,0,0,Traffic Control Disregarded,4440519,26.2,17.3,0.0,0.0,0.0,0.0,1,11.3,27.0,340,Mainly clear,0,0,Sunny/Clear Conditions
58526,2021-07-08 16:19:00,40.759483,-73.99186,0,0,Driver Inattention/Distraction,4440124,28.3,21.3,15.2,15.2,0.0,12.0,63,16.9,48.2,125,Rain: Moderate,0,0,
58527,2021-07-21 09:50:00,40.668335,-73.98039,0,0,Following Too Closely,4439053,27.6,20.9,1.4,1.4,0.0,4.0,53,16.0,31.3,315,Drizzle: Moderate,0,0,
58528,2021-07-21 17:50:00,40.762486,-73.96298,1,0,Driver Inattention/Distraction,4439312,27.6,20.9,1.4,1.4,0.0,4.0,53,16.0,31.3,315,Drizzle: Moderate,1,1,
58529,2021-07-21 12:00:00,40.62349,-74.000534,0,0,Backing Unsafely,4439147,27.6,20.9,1.4,1.4,0.0,4.0,53,16.0,31.3,315,Drizzle: Moderate,0,0,
58530,2021-07-23 18:00:00,40.705627,-73.91552,0,0,Driver Inattention/Distraction,4440220,26.2,17.3,0.0,0.0,0.0,0.0,1,11.3,27.0,340,Mainly clear,0,0,Sunny/Clear Conditions
58531,2021-07-19 08:17:00,40.549873,-74.17294,0,0,Driver Inattention/Distraction,4439652,27.5,20.8,0.5,0.5,0.0,2.0,51,12.8,29.9,307,Drizzle: Light,0,0,
58532,2021-07-23 17:51:00,40.715553,-73.752014,0,0,Turning Improperly,4439784,26.2,17.3,0.0,0.0,0.0,0.0,1,11.3,27.0,340,Mainly clear,0,0,Sunny/Clear Conditions
58533,2021-07-23 23:10:00,40.859627,-73.86371,0,0,Driver Inattention/Distraction,4439899,26.2,17.3,0.0,0.0,0.0,0.0,1,11.3,27.0,340,Mainly clear,0,0,Sunny/Clear Conditions
58534,2021-07-21 18:30:00,40.671947,-73.73384,3,0,Unspecified,4439223,27.6,20.9,1.4,1.4,0.0,4.0,53,16.0,31.3,315,Drizzle: Moderate,3,3,
58535,2021-07-21 16:23:00,40.85078,-73.91222,0,0,Driver Inattention/Distraction,4439310,27.6,20.9,1.4,1.4,0.0,4.0,53,16.0,31.3,315,Drizzle: Moderate,0,0,
58536,2021-07-22 22:50:00,40.600567,-73.7621,1,0,Unspecified,4439624,26.7,17.5,0.0,0.0,0.0,0.0,3,15.3,28.4,327,Overcast,1,1,
58537,2021-07-22 12:30:00,40.747192,-73.80303,1,0,Failure to Yield Right-of-Way,4439498,26.7,17.5,0.0,0.0,0.0,0.0,3,15.3,28.4,327,Overcast,1,1,
58538,2021-07-21 17:20:00,40.696033,-73.984535,0,0,Turning Improperly,4439277,27.6,20.9,1.4,1.4,0.0,4.0,53,16.0,31.3,315,Drizzle: Moderate,0,0,
58539,2021-07-22 06:08:00,40.647594,-73.97351,0,1,Pedestrian/Bicyclist/Other Pedestrian Error/Confusion,4439505,26.7,17.5,0.0,0.0,0.0,0.0,3,15.3,28.4,327,Overcast,20,1,
58540,2021-06-21 16:33:00,40.692936,-73.87777,0,0,Following Too Closely,4440241,28.0,21.7,0.5,0.5,0.0,2.0,51,24.4,46.8,181,Drizzle: Light,0,0,
58541,2021-07-21 00:01:00,40.619736,-73.98958,0,0,Fell Asleep,4438946,27.6,20.9,1.4,1.4,0.0,4.0,53,16.0,31.3,315,Drizzle: Moderate,0,0,
58542,2021-07-22 10:00:00,40.730362,-73.925415,0,0,Turning Improperly,4439534,26.7,17.5,0.0,0.0,0.0,0.0,3,15.3,28.4,327,Overcast,0,0,
58543,2021-07-23 15:20:00,40.666172,-73.76265,0,0,Driver Inattention/Distraction,4439945,26.2,17.3,0.0,0.0,0.0,0.0,1,11.3,27.0,340,Mainly clear,0,0,Sunny/Clear Conditions
58544,2021-07-22 23:35:00,40.858097,-73.89293,0,0,Driver Inattention/Distraction,4439641,26.7,17.5,0.0,0.0,0.0,0.0,3,15.3,28.4,327,Overcast,0,0,
58545,2021-07-16 09:00:00,40.671406,-73.96133,0,0,Following Too Closely,4440257,32.3,23.2,0.3,0.3,0.0,3.0,51,12.3,33.1,238,Drizzle: Light,0,0,
58546,2021-07-21 16:00:00,40.73707,-73.98102,0,0,Unspecified,4439442,27.6,20.9,1.4,1.4,0.0,4.0,53,16.0,31.3,315,Drizzle: Moderate,0,0,
58547,2021-07-23 18:30:00,40.576275,-73.98796,0,0,Unspecified,4439789,26.2,17.3,0.0,0.0,0.0,0.0,1,11.3,27.0,340,Mainly clear,0,0,Sunny/Clear Conditions
58548,2021-07-22 14:40:00,40.845005,-73.90741,2,0,Unspecified,4439592,26.7,17.5,0.0,0.0,0.0,0.0,3,15.3,28.4,327,Overcast,2,2,
58549,2021-07-20 00:00:00,40.64066,-73.97595,0,0,Unspecified,4440194,30.9,21.1,0.0,0.0,0.0,0.0,1,13.3,26.6,283,Mainly clear,0,0,Sunny/Clear Conditions
58550,2021-07-22 17:04:00,40.624584,-73.96222,1,0,Failure to Yield Right-of-Way,4439679,26.7,17.5,0.0,0.0,0.0,0.0,3,15.3,28.4,327,Overcast,1,1,
58551,2021-07-22 13:07:00,40.71153,-73.95504,0,0,Unsafe Speed,4439839,26.7,17.5,0.0,0.0,0.0,0.0,3,15.3,28.4,327,Overcast,0,0,
58552,2021-07-23 19:00:00,40.66343,-73.95874,0,0,Passing Too Closely,4440029,26.2,17.3,0.0,0.0,0.0,0.0,1,11.3,27.0,340,Mainly clear,0,0,Sunny/Clear Conditions
58553,2021-07-19 12:55:00,40.58979,-74.19329,0,0,Unsafe Speed,4440212,27.5,20.8,0.5,0.5,0.0,2.0,51,12.8,29.9,307,Drizzle: Light,0,0,
58554,2021-07-14 12:45:00,40.679203,-73.9553,1,0,Driver Inattention/Distraction,4440243,30.6,21.5,0.8,0.8,0.0,3.0,53,14.5,36.0,191,Drizzle: Moderate,1,1,
58555,2021-07-18 18:16:00,40.83354,-73.92037,0,0,Passing Too Closely,4439877,28.4,23.1,12.4,12.4,0.0,10.0,63,19.6,39.2,232,Rain: Moderate,0,0,
58556,2021-07-21 10:35:00,40.792526,-73.810234,0,0,Failure to Yield Right-of-Way,4439993,27.6,20.9,1.4,1.4,0.0,4.0,53,16.0,31.3,315,Drizzle: Moderate,0,0,
58557,2021-07-20 23:00:00,40.634445,-73.90583,0,0,Driver Inattention/Distraction,4440120,30.9,21.1,0.0,0.0,0.0,0.0,1,13.3,26.6,283,Mainly clear,0,0,Sunny/Clear Conditions
58558,2021-07-22 09:30:00,40.81074,-73.94079,0,0,Driver Inattention/Distraction,4440464,26.7,17.5,0.0,0.0,0.0,0.0,3,15.3,28.4,327,Overcast,0,0,
58559,2021-07-23 19:05:00,40.680977,-74.00498,0,0,Backing Unsafely,4440501,26.2,17.3,0.0,0.0,0.0,0.0,1,11.3,27.0,340,Mainly clear,0,0,Sunny/Clear Conditions
58560,2021-07-22 09:05:00,40.839447,-73.88384,0,0,Unspecified,4439574,26.7,17.5,0.0,0.0,0.0,0.0,3,15.3,28.4,327,Overcast,0,0,
58561,2021-07-21 20:54:00,40.74039,-73.82209,0,0,Unspecified,4439693,27.6,20.9,1.4,1.4,0.0,4.0,53,16.0,31.3,315,Drizzle: Moderate,0,0,
58562,2021-07-22 16:00:00,40.698326,-73.96106,0,0,Passing Too Closely,4440168,26.7,17.5,0.0,0.0,0.0,0.0,3,15.3,28.4,327,Overcast,0,0,
58563,2021-07-23 12:40:00,40.703175,-73.7483,0,0,Unspecified,4439917,26.2,17.3,0.0,0.0,0.0,0.0,1,11.3,27.0,340,Mainly clear,0,0,Sunny/Clear Conditions
58564,2021-07-15 11:15:00,40.842346,-73.93119,0,0,Driver Inattention/Distraction,4439706,29.3,21.2,0.1,0.1,0.0,1.0,51,13.7,27.4,212,Drizzle: Light,0,0,
58565,2021-07-22 14:55:00,40.874702,-73.85803,0,0,Driver Inattention/Distraction,4440287,26.7,17.5,0.0,0.0,0.0,0.0,3,15.3,28.4,327,Overcast,0,0,
58566,2021-07-22 08:10:00,40.869972,-73.879845,0,0,Passing Too Closely,4439379,26.7,17.5,0.0,0.0,0.0,0.0,3,15.3,28.4,327,Overcast,0,0,
58567,2021-07-21 13:40:00,40.591053,-73.94594,0,0,Driver Inattention/Distraction,4439126,27.6,20.9,1.4,1.4,0.0,4.0,53,16.0,31.3,315,Drizzle: Moderate,0,0,
58568,2021-07-21 12:00:00,40.79536,-73.96942,0,0,Passing Too Closely,4439129,27.6,20.9,1.4,1.4,0.0,4.0,53,16.0,31.3,315,Drizzle: Moderate,0,0,
58569,2021-07-21 18:03:00,40.698837,-73.91407,1,0,Failure to Yield Right-of-Way,4439345,27.6,20.9,1.4,1.4,0.0,4.0,53,16.0,31.3,315,Drizzle: Moderate,1,1,
58570,2021-07-22 06:30:00,40.74375,-73.95937,0,0,Driver Inexperience,4439532,26.7,17.5,0.0,0.0,0.0,0.0,3,15.3,28.4,327,Overcast,0,0,
58571,2021-07-21 12:53:00,40.659138,-73.915855,1,0,Driver Inattention/Distraction,4439160,27.6,20.9,1.4,1.4,0.0,4.0,53,16.0,31.3,315,Drizzle: Moderate,1,1,
58572,2021-07-23 12:15:00,40.652554,-73.95602,1,0,Driver Inattention/Distraction,4440345,26.2,17.3,0.0,0.0,0.0,0.0,1,11.3,27.0,340,Mainly clear,1,1,Sunny/Clear Conditions
58573,2021-07-21 14:26:00,40.8506,-73.85159,2,0,Tinted Windows,4439370,27.6,20.9,1.4,1.4,0.0,4.0,53,16.0,31.3,315,Drizzle: Moderate,2,2,
58574,2021-07-22 15:30:00,40.700424,-73.9444,0,0,Passing or Lane Usage Improper,4440158,26.7,17.5,0.0,0.0,0.0,0.0,3,15.3,28.4,327,Overcast,0,0,
58575,2021-07-22 21:50:00,40.69064,-73.814,2,0,Unspecified,4439554,26.7,17.5,0.0,0.0,0.0,0.0,3,15.3,28.4,327,Overcast,2,2,
58576,2021-10-29 16:45:00,40.67882,-73.910545,0,0,Unspecified,4473336,13.8,8.3,9.3,9.3,0.0,5.0,63,40.9,73.8,78,Rain: Moderate,0,0,
58577,2021-07-23 00:00:00,40.700672,-73.92164,0,0,Traffic Control Disregarded,4439858,26.2,17.3,0.0,0.0,0.0,0.0,1,11.3,27.0,340,Mainly clear,0,0,Sunny/Clear Conditions
58578,2021-07-21 19:45:00,40.677208,-73.89723,0,0,Failure to Yield Right-of-Way,4439399,27.6,20.9,1.4,1.4,0.0,4.0,53,16.0,31.3,315,Drizzle: Moderate,0,0,
58579,2021-07-23 17:01:00,40.621162,-73.95354,1,0,Driver Inattention/Distraction,4440057,26.2,17.3,0.0,0.0,0.0,0.0,1,11.3,27.0,340,Mainly clear,1,1,Sunny/Clear Conditions
58580,2021-07-23 03:43:00,40.656616,-73.89027,0,0,Alcohol Involvement,4439572,26.2,17.3,0.0,0.0,0.0,0.0,1,11.3,27.0,340,Mainly clear,0,0,Sunny/Clear Conditions
58581,2021-07-21 07:52:00,40.861942,-73.89373,1,0,Passing or Lane Usage Improper,4439091,27.6,20.9,1.4,1.4,0.0,4.0,53,16.0,31.3,315,Drizzle: Moderate,1,1,
58582,2021-07-21 08:11:00,40.822628,-73.89587,1,0,Unspecified,4439725,27.6,20.9,1.4,1.4,0.0,4.0,53,16.0,31.3,315,Drizzle: Moderate,1,1,
58583,2021-07-21 14:14:00,40.7025,-73.91633,1,0,Driver Inattention/Distraction,4439346,27.6,20.9,1.4,1.4,0.0,4.0,53,16.0,31.3,315,Drizzle: Moderate,1,1,
58584,2021-07-17 23:45:00,40.54783,-74.13952,0,0,Unspecified,4439656,30.8,23.3,5.1,5.1,0.0,5.0,61,17.8,36.4,201,Rain: Light,0,0,
58585,2021-07-17 14:41:00,40.66955,-73.94497,1,0,Driver Inattention/Distraction,4440137,30.8,23.3,5.1,5.1,0.0,5.0,61,17.8,36.4,201,Rain: Light,1,1,
58586,2021-07-22 15:00:00,40.71515,-73.94522,0,0,Passing Too Closely,4439893,26.7,17.5,0.0,0.0,0.0,0.0,3,15.3,28.4,327,Overcast,0,0,
58587,2021-07-23 23:17:00,40.65626,-73.89574,0,0,Unsafe Speed,4439875,26.2,17.3,0.0,0.0,0.0,0.0,1,11.3,27.0,340,Mainly clear,0,0,Sunny/Clear Conditions
58588,2021-07-23 08:42:00,40.892006,-73.85305,0,0,Driver Inattention/Distraction,4440280,26.2,17.3,0.0,0.0,0.0,0.0,1,11.3,27.0,340,Mainly clear,0,0,Sunny/Clear Conditions
58589,2021-07-22 11:20:00,40.711037,-73.96059,0,0,Following Too Closely,4439843,26.7,17.5,0.0,0.0,0.0,0.0,3,15.3,28.4,327,Overcast,0,0,
58590,2021-07-21 22:45:00,40.88473,-73.81571,0,0,Unspecified,4440498,27.6,20.9,1.4,1.4,0.0,4.0,53,16.0,31.3,315,Drizzle: Moderate,0,0,
58591,2021-07-22 01:18:00,40.657066,-73.8895,0,0,Backing Unsafely,4439395,26.7,17.5,0.0,0.0,0.0,0.0,3,15.3,28.4,327,Overcast,0,0,
58592,2021-07-22 17:30:00,40.71844,-73.765274,0,0,Brakes Defective,4439704,26.7,17.5,0.0,0.0,0.0,0.0,3,15.3,28.4,327,Overcast,0,0,
58593,2021-07-21 14:26:00,40.64703,-74.012,2,0,Unspecified,4440068,27.6,20.9,1.4,1.4,0.0,4.0,53,16.0,31.3,315,Drizzle: Moderate,2,2,
58594,2021-07-22 10:00:00,40.765675,-73.98441,0,0,Unspecified,4439417,26.7,17.5,0.0,0.0,0.0,0.0,3,15.3,28.4,327,Overcast,0,0,
58595,2021-07-16 07:00:00,40.80934,-73.94323,0,0,Driver Inattention/Distraction,4439683,32.3,23.2,0.3,0.3,0.0,3.0,51,12.3,33.1,238,Drizzle: Light,0,0,
58596,2021-07-15 00:30:00,40.771084,-73.908226,0,0,Backing Unsafely,4440135,29.3,21.2,0.1,0.1,0.0,1.0,51,13.7,27.4,212,Drizzle: Light,0,0,
58597,2021-07-21 00:20:00,40.824703,-73.944275,0,0,Unspecified,4439101,27.6,20.9,1.4,1.4,0.0,4.0,53,16.0,31.3,315,Drizzle: Moderate,0,0,
58598,2021-07-21 13:50:00,40.598553,-73.997345,1,0,Driver Inattention/Distraction,4439159,27.6,20.9,1.4,1.4,0.0,4.0,53,16.0,31.3,315,Drizzle: Moderate,1,1,
58599,2021-07-23 16:00:00,40.67335,-73.82582,0,0,Passing Too Closely,4440325,26.2,17.3,0.0,0.0,0.0,0.0,1,11.3,27.0,340,Mainly clear,0,0,Sunny/Clear Conditions
58600,2021-07-21 16:29:00,40.906853,-73.90125,1,0,Unspecified,4440205,27.6,20.9,1.4,1.4,0.0,4.0,53,16.0,31.3,315,Drizzle: Moderate,1,1,
58601,2021-07-21 11:41:00,40.82897,-73.9486,0,0,Unspecified,4439562,27.6,20.9,1.4,1.4,0.0,4.0,53,16.0,31.3,315,Drizzle: Moderate,0,0,
58602,2021-07-19 04:00:00,40.678455,-73.949684,0,0,Passing or Lane Usage Improper,4440153,27.5,20.8,0.5,0.5,0.0,2.0,51,12.8,29.9,307,Drizzle: Light,0,0,
58603,2021-07-23 18:00:00,40.66691,-73.822014,2,0,Traffic Control Disregarded,4440439,26.2,17.3,0.0,0.0,0.0,0.0,1,11.3,27.0,340,Mainly clear,2,2,Sunny/Clear Conditions
58604,2021-07-17 13:45:00,40.87886,-73.83949,3,0,Traffic Control Disregarded,4440289,30.8,23.3,5.1,5.1,0.0,5.0,61,17.8,36.4,201,Rain: Light,3,3,
58605,2021-07-23 13:50:00,40.78221,-73.95993,0,0,Unspecified,4439862,26.2,17.3,0.0,0.0,0.0,0.0,1,11.3,27.0,340,Mainly clear,0,0,Sunny/Clear Conditions
58606,2021-07-23 06:10:00,40.758316,-73.91069,0,0,Unspecified,4440110,26.2,17.3,0.0,0.0,0.0,0.0,1,11.3,27.0,340,Mainly clear,0,0,Sunny/Clear Conditions
58607,2021-07-23 16:00:00,40.72395,-73.812874,0,0,Unspecified,4439864,26.2,17.3,0.0,0.0,0.0,0.0,1,11.3,27.0,340,Mainly clear,0,0,Sunny/Clear Conditions
58608,2021-07-22 19:10:00,40.7118,-73.94224,1,0,Driver Inattention/Distraction,4439567,26.7,17.5,0.0,0.0,0.0,0.0,3,15.3,28.4,327,Overcast,1,1,
58609,2021-07-21 10:23:00,40.81421,-73.82696,0,0,Unspecified,4439202,27.6,20.9,1.4,1.4,0.0,4.0,53,16.0,31.3,315,Drizzle: Moderate,0,0,
58610,2021-07-21 14:00:00,40.85078,-73.91222,1,0,Following Too Closely,4439297,27.6,20.9,1.4,1.4,0.0,4.0,53,16.0,31.3,315,Drizzle: Moderate,1,1,
58611,2021-07-22 18:10:00,40.68275,-73.82043,0,0,Passing or Lane Usage Improper,4439556,26.7,17.5,0.0,0.0,0.0,0.0,3,15.3,28.4,327,Overcast,0,0,
58612,2021-07-22 08:25:00,40.73312,-73.71856,1,0,Unspecified,4439441,26.7,17.5,0.0,0.0,0.0,0.0,3,15.3,28.4,327,Overcast,1,1,
58613,2021-07-22 22:50:00,40.735497,-73.869705,0,0,Driver Inattention/Distraction,4439826,26.7,17.5,0.0,0.0,0.0,0.0,3,15.3,28.4,327,Overcast,0,0,
58614,2021-07-22 17:40:00,40.80206,-73.97352,0,0,Backing Unsafely,4439527,26.7,17.5,0.0,0.0,0.0,0.0,3,15.3,28.4,327,Overcast,0,0,
58615,2021-07-21 12:41:00,40.667385,-73.88709,2,0,Unspecified,4439112,27.6,20.9,1.4,1.4,0.0,4.0,53,16.0,31.3,315,Drizzle: Moderate,2,2,
58616,2021-07-21 23:15:00,40.73535,-73.78375,0,0,Driver Inexperience,4439694,27.6,20.9,1.4,1.4,0.0,4.0,53,16.0,31.3,315,Drizzle: Moderate,0,0,
58617,2021-07-19 08:30:00,40.63622,-73.937454,0,0,Unspecified,4439960,27.5,20.8,0.5,0.5,0.0,2.0,51,12.8,29.9,307,Drizzle: Light,0,0,
58618,2021-07-22 10:00:00,40.75254,-73.85261,0,0,Backing Unsafely,4439672,26.7,17.5,0.0,0.0,0.0,0.0,3,15.3,28.4,327,Overcast,0,0,
58619,2021-07-21 07:25:00,40.761993,-73.75849,0,0,Backing Unsafely,4439051,27.6,20.9,1.4,1.4,0.0,4.0,53,16.0,31.3,315,Drizzle: Moderate,0,0,
58620,2021-07-21 19:51:00,40.716637,-73.83422,0,0,Unspecified,4439726,27.6,20.9,1.4,1.4,0.0,4.0,53,16.0,31.3,315,Drizzle: Moderate,0,0,
58621,2021-07-22 21:16:00,40.867874,-73.86627,0,0,Driver Inattention/Distraction,4439663,26.7,17.5,0.0,0.0,0.0,0.0,3,15.3,28.4,327,Overcast,0,0,
58622,2021-07-21 15:00:00,40.72787,-73.92913,1,0,Driver Inattention/Distraction,4439190,27.6,20.9,1.4,1.4,0.0,4.0,53,16.0,31.3,315,Drizzle: Moderate,1,1,
58623,2021-07-23 17:00:00,40.77369,-73.961945,0,0,Passing Too Closely,4439856,26.2,17.3,0.0,0.0,0.0,0.0,1,11.3,27.0,340,Mainly clear,0,0,Sunny/Clear Conditions
58624,2021-07-22 18:30:00,40.85381,-73.91386,0,0,Turning Improperly,4439594,26.7,17.5,0.0,0.0,0.0,0.0,3,15.3,28.4,327,Overcast,0,0,
58625,2021-07-01 16:54:00,40.751495,-73.883675,0,0,Driver Inattention/Distraction,4439909,27.8,22.2,25.2,25.2,0.0,12.0,65,10.6,33.1,280,Rain: Heavy,0,0,
58626,2021-07-23 22:35:00,40.725273,-73.89286,1,0,Aggressive Driving/Road Rage,4440233,26.2,17.3,0.0,0.0,0.0,0.0,1,11.3,27.0,340,Mainly clear,1,1,Sunny/Clear Conditions
58627,2021-07-21 22:10:00,40.75043,-73.93533,1,0,Fatigued/Drowsy,4439341,27.6,20.9,1.4,1.4,0.0,4.0,53,16.0,31.3,315,Drizzle: Moderate,1,1,
58628,2021-07-23 15:40:00,40.65878,-73.960526,0,0,Failure to Yield Right-of-Way,4439779,26.2,17.3,0.0,0.0,0.0,0.0,1,11.3,27.0,340,Mainly clear,0,0,Sunny/Clear Conditions
58629,2021-07-21 14:45:00,40.79799,-73.96199,0,0,Failure to Yield Right-of-Way,4439170,27.6,20.9,1.4,1.4,0.0,4.0,53,16.0,31.3,315,Drizzle: Moderate,0,0,
58630,2021-07-17 10:10:00,40.796795,-73.94718,0,0,Unspecified,4439747,30.8,23.3,5.1,5.1,0.0,5.0,61,17.8,36.4,201,Rain: Light,0,0,
58631,2021-07-21 16:44:00,40.72527,-73.816154,1,0,Failure to Yield Right-of-Way,4439616,27.6,20.9,1.4,1.4,0.0,4.0,53,16.0,31.3,315,Drizzle: Moderate,1,1,
58632,2021-07-22 14:10:00,40.68007,-73.97543,1,0,Driver Inattention/Distraction,4439497,26.7,17.5,0.0,0.0,0.0,0.0,3,15.3,28.4,327,Overcast,1,1,
58633,2021-07-20 12:14:00,40.668507,-73.92561,0,0,Passing or Lane Usage Improper,4440255,30.9,21.1,0.0,0.0,0.0,0.0,1,13.3,26.6,283,Mainly clear,0,0,Sunny/Clear Conditions
58634,2021-07-21 12:50:00,40.682507,-73.94375,0,0,Driver Inattention/Distraction,4439402,27.6,20.9,1.4,1.4,0.0,4.0,53,16.0,31.3,315,Drizzle: Moderate,0,0,
58635,2021-07-21 01:05:00,40.842464,-73.92414,2,0,Driver Inattention/Distraction,4440090,27.6,20.9,1.4,1.4,0.0,4.0,53,16.0,31.3,315,Drizzle: Moderate,2,2,
58636,2021-07-15 17:20:00,40.647427,-73.979126,1,0,Unspecified,4439631,29.3,21.2,0.1,0.1,0.0,1.0,51,13.7,27.4,212,Drizzle: Light,1,1,
58637,2021-07-23 07:15:00,40.656643,-74.00527,0,0,Driver Inattention/Distraction,4439821,26.2,17.3,0.0,0.0,0.0,0.0,1,11.3,27.0,340,Mainly clear,0,0,Sunny/Clear Conditions
58638,2021-07-21 09:38:00,40.58114,-74.08876,2,0,Traffic Control Disregarded,4439367,27.6,20.9,1.4,1.4,0.0,4.0,53,16.0,31.3,315,Drizzle: Moderate,2,2,
58639,2021-07-22 01:43:00,40.86518,-73.91841,0,0,Unsafe Speed,4440021,26.7,17.5,0.0,0.0,0.0,0.0,3,15.3,28.4,327,Overcast,0,0,