,CRASH DATETIME,LATITUDE,LONGITUDE,NUMBER OF PERSONS INJURED,NUMBER OF PERSONS KILLED,CONTRIBUTING FACTOR VEHICLE 1,COLLISION_ID,temperature_2m_max,temperature_2m_min,precipitation_sum,rain_sum,snowfall_sum,precipitation_hours,weather_code,wind_speed_10m_max,wind_gusts_10m_max,wind_direction_10m_dominant,Weather Description,Severity_Score,Total_Affected_Persons,Weather_Category
58640,2021-10-31 01:40:00,40.69819,-73.96191,0,0,Driver Inattention/Distraction,4472804,18.3,12.5,3.7,3.7,0.0,8.0,55,22.9,41.0,268,Drizzle: Dense,0,0,
58641,2021-07-10 11:06:00,40.606773,-73.909904,1,0,Turning Improperly,4439898,25.5,20.7,0.5,0.5,0.0,3.0,51,14.5,29.9,1,Drizzle: Light,1,1,
58642,2021-07-21 22:45:00,40.61135,-74.09847,1,0,Alcohol Involvement,4439411,27.6,20.9,1.4,1.4,0.0,4.0,53,16.0,31.3,315,Drizzle: Moderate,1,1,
58643,2021-07-23 02:10:00,40.6972,-73.952934,0,0,Backing Unsafely,4440494,26.2,17.3,0.0,0.0,0.0,0.0,1,11.3,27.0,340,Mainly clear,0,0,Sunny/Clear Conditions
58644,2021-07-20 11:00:00,40.731663,-73.78736,0,0,View Obstructed/Limited,4439687,30.9,21.1,0.0,0.0,0.0,0.0,1,13.3,26.6,283,Mainly clear,0,0,Sunny/Clear Conditions
58645,2021-07-21 11:30:00,40.858303,-73.892784,0,0,Driver Inattention/Distraction,4439390,27.6,20.9,1.4,1.4,0.0,4.0,53,16.0,31.3,315,Drizzle: Moderate,0,0,
58646,2021-07-22 07:45:00,40.672497,-73.91686,0,0,Turning Improperly,4440300,26.7,17.5,0.0,0.0,0.0,0.0,3,15.3,28.4,327,Overcast,0,0,
58647,2021-07-23 14:00:00,40.649216,-73.944435,4,0,Following Too Closely,4440039,26.2,17.3,0.0,0.0,0.0,0.0,1,11.3,27.0,340,Mainly clear,4,4,Sunny/Clear Conditions
58648,2021-07-21 21:54:00,40.866333,-73.92501,0,0,Unspecified,4439462,27.6,20.9,1.4,1.4,0.0,4.0,53,16.0,31.3,315,Drizzle: Moderate,0,0,
58649,2021-07-21 00:56:00,40.802765,-73.95148,0,0,Failure to Yield Right-of-Way,4439542,27.6,20.9,1.4,1.4,0.0,4.0,53,16.0,31.3,315,Drizzle: Moderate,0,0,
58650,2021-07-21 19:45:00,40.7104,-73.86663,0,0,Unspecified,4440229,27.6,20.9,1.4,1.4,0.0,4.0,53,16.0,31.3,315,Drizzle: Moderate,0,0,
58651,2021-07-21 16:25:00,40.72848,-73.80523,1,0,Pedestrian/Bicyclist/Other Pedestrian Error/Confusion,4439700,27.6,20.9,1.4,1.4,0.0,4.0,53,16.0,31.3,315,Drizzle: Moderate,1,1,
58652,2021-07-21 19:00:00,40.691265,-73.99031,0,0,Passing Too Closely,4439246,27.6,20.9,1.4,1.4,0.0,4.0,53,16.0,31.3,315,Drizzle: Moderate,0,0,
58653,2021-07-17 02:45:00,40.763573,-73.92189,0,0,Unspecified,4440140,30.8,23.3,5.1,5.1,0.0,5.0,61,17.8,36.4,201,Rain: Light,0,0,
58654,2021-07-22 16:15:00,40.718002,-73.98659,1,0,Passing or Lane Usage Improper,4439480,26.7,17.5,0.0,0.0,0.0,0.0,3,15.3,28.4,327,Overcast,1,1,
58655,2021-07-23 02:37:00,40.845367,-73.94053,0,0,Traffic Control Disregarded,4439643,26.2,17.3,0.0,0.0,0.0,0.0,1,11.3,27.0,340,Mainly clear,0,0,Sunny/Clear Conditions
58656,2021-07-23 09:30:00,40.737553,-73.85089,0,0,Tire Failure/Inadequate,4439732,26.2,17.3,0.0,0.0,0.0,0.0,1,11.3,27.0,340,Mainly clear,0,0,Sunny/Clear Conditions
58657,2021-07-21 14:15:00,40.719864,-73.94486,0,0,Following Too Closely,4439236,27.6,20.9,1.4,1.4,0.0,4.0,53,16.0,31.3,315,Drizzle: Moderate,0,0,
58658,2021-07-21 16:34:00,40.790627,-73.942444,1,0,Passing or Lane Usage Improper,4439849,27.6,20.9,1.4,1.4,0.0,4.0,53,16.0,31.3,315,Drizzle: Moderate,1,1,
58659,2021-07-21 08:20:00,40.72119,-74.00443,0,0,Unspecified,4439040,27.6,20.9,1.4,1.4,0.0,4.0,53,16.0,31.3,315,Drizzle: Moderate,0,0,
58660,2021-07-22 16:44:00,40.659103,-73.93411,0,0,Driver Inattention/Distraction,4439506,26.7,17.5,0.0,0.0,0.0,0.0,3,15.3,28.4,327,Overcast,0,0,
58661,2021-07-22 19:43:00,40.609985,-73.96239,0,0,Unspecified,4440141,26.7,17.5,0.0,0.0,0.0,0.0,3,15.3,28.4,327,Overcast,0,0,
58662,2021-07-22 14:45:00,40.81698,-73.92116,1,0,Unspecified,4439599,26.7,17.5,0.0,0.0,0.0,0.0,3,15.3,28.4,327,Overcast,1,1,
58663,2021-07-22 21:15:00,40.83091,-73.92047,0,0,Traffic Control Disregarded,4439790,26.7,17.5,0.0,0.0,0.0,0.0,3,15.3,28.4,327,Overcast,0,0,
58664,2021-07-23 12:50:00,40.84403,-73.89351,0,0,View Obstructed/Limited,4440446,26.2,17.3,0.0,0.0,0.0,0.0,1,11.3,27.0,340,Mainly clear,0,0,Sunny/Clear Conditions
58665,2021-07-21 07:05:00,40.755516,-73.961105,0,0,Following Too Closely,4439139,27.6,20.9,1.4,1.4,0.0,4.0,53,16.0,31.3,315,Drizzle: Moderate,0,0,
58666,2021-06-07 20:59:00,40.748863,-73.97584,1,0,Driver Inattention/Distraction,4439972,31.0,20.7,0.1,0.1,0.0,1.0,51,16.5,34.9,204,Drizzle: Light,1,1,
58667,2021-07-23 07:24:00,40.676693,-73.74221,0,0,Driver Inattention/Distraction,4439715,26.2,17.3,0.0,0.0,0.0,0.0,1,11.3,27.0,340,Mainly clear,0,0,Sunny/Clear Conditions
58668,2021-07-21 22:16:00,40.687004,-73.82836,1,0,Traffic Control Disregarded,4439267,27.6,20.9,1.4,1.4,0.0,4.0,53,16.0,31.3,315,Drizzle: Moderate,1,1,
58669,2021-07-03 17:33:00,40.71492,-73.90053,0,0,Other Vehicular,4439915,19.3,16.6,16.1,16.1,0.0,20.0,63,24.0,47.2,43,Rain: Moderate,0,0,
58670,2021-07-23 02:25:00,40.788315,-73.9765,0,0,Unsafe Speed,4439583,26.2,17.3,0.0,0.0,0.0,0.0,1,11.3,27.0,340,Mainly clear,0,0,Sunny/Clear Conditions
58671,2021-07-21 17:35:00,40.615334,-73.918396,1,0,Driver Inattention/Distraction,4439539,27.6,20.9,1.4,1.4,0.0,4.0,53,16.0,31.3,315,Drizzle: Moderate,1,1,
58672,2021-07-22 12:12:00,40.760056,-73.941635,0,0,Driver Inattention/Distraction,4439450,26.7,17.5,0.0,0.0,0.0,0.0,3,15.3,28.4,327,Overcast,0,0,
58673,2021-07-15 21:00:00,40.820263,-73.92976,0,0,Driver Inattention/Distraction,4439891,29.3,21.2,0.1,0.1,0.0,1.0,51,13.7,27.4,212,Drizzle: Light,0,0,
58674,2021-07-22 11:45:00,40.698326,-73.96106,0,0,Oversized Vehicle,4440363,26.7,17.5,0.0,0.0,0.0,0.0,3,15.3,28.4,327,Overcast,0,0,
58675,2021-07-23 13:29:00,40.678547,-73.87079,2,0,Driver Inattention/Distraction,4439758,26.2,17.3,0.0,0.0,0.0,0.0,1,11.3,27.0,340,Mainly clear,2,2,Sunny/Clear Conditions
58676,2021-07-14 09:00:00,40.646442,-73.9277,0,0,Unspecified,4440265,30.6,21.5,0.8,0.8,0.0,3.0,53,14.5,36.0,191,Drizzle: Moderate,0,0,
58677,2021-07-22 17:30:00,40.769604,-73.91139,0,0,Driver Inattention/Distraction,4439668,26.7,17.5,0.0,0.0,0.0,0.0,3,15.3,28.4,327,Overcast,0,0,
58678,2021-07-22 23:59:00,40.690258,-73.80831,0,0,Backing Unsafely,4439775,26.7,17.5,0.0,0.0,0.0,0.0,3,15.3,28.4,327,Overcast,0,0,
58679,2021-07-19 16:09:00,40.816307,-73.90806,1,0,Pedestrian/Bicyclist/Other Pedestrian Error/Confusion,4439942,27.5,20.8,0.5,0.5,0.0,2.0,51,12.8,29.9,307,Drizzle: Light,1,1,
58680,2021-07-22 01:30:00,40.66135,-73.99343,0,0,Driver Inattention/Distraction,4440183,26.7,17.5,0.0,0.0,0.0,0.0,3,15.3,28.4,327,Overcast,0,0,
58681,2021-07-18 16:54:00,40.558887,-74.1977,0,0,Unspecified,4439626,28.4,23.1,12.4,12.4,0.0,10.0,63,19.6,39.2,232,Rain: Moderate,0,0,
58682,2021-07-22 23:57:00,40.619,-74.084785,2,0,Failure to Yield Right-of-Way,4440347,26.7,17.5,0.0,0.0,0.0,0.0,3,15.3,28.4,327,Overcast,2,2,
58683,2021-07-14 17:10:00,40.573082,-74.0928,0,0,Unspecified,4439648,30.6,21.5,0.8,0.8,0.0,3.0,53,14.5,36.0,191,Drizzle: Moderate,0,0,
58684,2021-07-23 10:00:00,40.744404,-73.94032,0,0,Driver Inattention/Distraction,4439833,26.2,17.3,0.0,0.0,0.0,0.0,1,11.3,27.0,340,Mainly clear,0,0,Sunny/Clear Conditions
58685,2021-07-23 18:00:00,40.72277,-73.83625,0,0,Following Too Closely,4439816,26.2,17.3,0.0,0.0,0.0,0.0,1,11.3,27.0,340,Mainly clear,0,0,Sunny/Clear Conditions
58686,2021-07-01 13:15:00,40.65885,-73.9236,0,0,Driver Inattention/Distraction,4440276,27.8,22.2,25.2,25.2,0.0,12.0,65,10.6,33.1,280,Rain: Heavy,0,0,
58687,2021-07-21 23:51:00,40.861862,-73.91275,2,0,Driver Inattention/Distraction,4439274,27.6,20.9,1.4,1.4,0.0,4.0,53,16.0,31.3,315,Drizzle: Moderate,2,2,
58688,2021-07-23 00:18:00,40.862324,-73.909874,0,0,Turning Improperly,4439907,26.2,17.3,0.0,0.0,0.0,0.0,1,11.3,27.0,340,Mainly clear,0,0,Sunny/Clear Conditions
58689,2021-07-22 10:31:00,40.846867,-73.90876,1,0,Driver Inattention/Distraction,4439604,26.7,17.5,0.0,0.0,0.0,0.0,3,15.3,28.4,327,Overcast,1,1,
58690,2021-07-14 14:30:00,40.82406,-73.92815,0,0,Driver Inattention/Distraction,4439885,30.6,21.5,0.8,0.8,0.0,3.0,53,14.5,36.0,191,Drizzle: Moderate,0,0,
58691,2021-07-21 01:08:00,40.874138,-73.877525,0,0,Traffic Control Disregarded,4439332,27.6,20.9,1.4,1.4,0.0,4.0,53,16.0,31.3,315,Drizzle: Moderate,0,0,
58692,2021-07-20 14:40:00,40.720524,-73.90493,0,0,Following Too Closely,4440250,30.9,21.1,0.0,0.0,0.0,0.0,1,13.3,26.6,283,Mainly clear,0,0,Sunny/Clear Conditions
58693,2021-07-22 08:30:00,0.0,0.0,0,0,Passing Too Closely,4439456,26.7,17.5,0.0,0.0,0.0,0.0,3,15.3,28.4,327,Overcast,0,0,
58694,2021-07-10 17:00:00,40.750378,-73.98138,0,0,Driver Inattention/Distraction,4440129,25.5,20.7,0.5,0.5,0.0,3.0,51,14.5,29.9,1,Drizzle: Light,0,0,
58695,2021-07-23 19:46:00,40.584057,-74.16102,0,0,Driver Inattention/Distraction,4439925,26.2,17.3,0.0,0.0,0.0,0.0,1,11.3,27.0,340,Mainly clear,0,0,Sunny/Clear Conditions
58696,2021-07-21 02:16:00,40.655632,-73.95987,1,0,Failure to Yield Right-of-Way,4439260,27.6,20.9,1.4,1.4,0.0,4.0,53,16.0,31.3,315,Drizzle: Moderate,1,1,
58697,2021-07-23 16:13:00,40.686817,-73.97821,1,0,Driver Inattention/Distraction,4439764,26.2,17.3,0.0,0.0,0.0,0.0,1,11.3,27.0,340,Mainly clear,1,1,Sunny/Clear Conditions
58698,2021-07-23 18:07:00,40.886856,-73.86099,1,0,Turning Improperly,4440333,26.2,17.3,0.0,0.0,0.0,0.0,1,11.3,27.0,340,Mainly clear,1,1,Sunny/Clear Conditions
58699,2021-10-31 17:49:00,40.720966,-73.8429,1,0,Driver Inattention/Distraction,4472650,18.3,12.5,3.7,3.7,0.0,8.0,55,22.9,41.0,268,Drizzle: Dense,1,1,
58700,2021-07-23 19:00:00,40.61606,-74.02576,1,0,Unsafe Lane Changing,4439801,26.2,17.3,0.0,0.0,0.0,0.0,1,11.3,27.0,340,Mainly clear,1,1,Sunny/Clear Conditions
58701,2021-07-21 18:00:00,40.68179,-73.8098,0,0,Driver Inattention/Distraction,4439215,27.6,20.9,1.4,1.4,0.0,4.0,53,16.0,31.3,315,Drizzle: Moderate,0,0,
58702,2021-07-22 16:40:00,40.668167,-73.97721,0,0,Traffic Control Disregarded,4439501,26.7,17.5,0.0,0.0,0.0,0.0,3,15.3,28.4,327,Overcast,0,0,
58703,2021-07-22 19:50:00,40.739574,-73.79167,0,0,Following Too Closely,4439517,26.7,17.5,0.0,0.0,0.0,0.0,3,15.3,28.4,327,Overcast,0,0,
58704,2021-07-19 13:30:00,40.85713,-73.8808,1,0,Driver Inattention/Distraction,4440482,27.5,20.8,0.5,0.5,0.0,2.0,51,12.8,29.9,307,Drizzle: Light,1,1,
58705,2021-07-23 15:40:00,40.804585,-73.91213,0,0,Other Vehicular,4439937,26.2,17.3,0.0,0.0,0.0,0.0,1,11.3,27.0,340,Mainly clear,0,0,Sunny/Clear Conditions
58706,2021-07-13 13:35:00,40.699207,-73.823,0,0,Failure to Yield Right-of-Way,4440525,25.0,20.8,2.4,2.4,0.0,12.0,53,13.0,26.3,84,Drizzle: Moderate,0,0,
58707,2021-07-23 22:00:00,40.748512,-73.98872,1,0,Driver Inattention/Distraction,4440199,26.2,17.3,0.0,0.0,0.0,0.0,1,11.3,27.0,340,Mainly clear,1,1,Sunny/Clear Conditions
58708,2021-07-23 16:10:00,40.848545,-73.90679,0,0,Following Too Closely,4440007,26.2,17.3,0.0,0.0,0.0,0.0,1,11.3,27.0,340,Mainly clear,0,0,Sunny/Clear Conditions
58709,2021-07-21 09:25:00,40.57961,-74.109116,0,0,Driver Inattention/Distraction,4439361,27.6,20.9,1.4,1.4,0.0,4.0,53,16.0,31.3,315,Drizzle: Moderate,0,0,
58710,2021-07-21 13:10:00,40.8077,-73.92955,0,0,Unspecified,4439280,27.6,20.9,1.4,1.4,0.0,4.0,53,16.0,31.3,315,Drizzle: Moderate,0,0,
58711,2021-07-09 08:20:00,40.760284,-73.769356,0,0,Unspecified,4439611,29.8,22.0,35.0,35.0,0.0,14.0,63,31.0,55.8,341,Rain: Moderate,0,0,
58712,2021-07-22 18:40:00,40.654392,-73.89295,0,0,Unspecified,4439743,26.7,17.5,0.0,0.0,0.0,0.0,3,15.3,28.4,327,Overcast,0,0,
58713,2022-01-20 06:50:00,40.66924,-73.73509,0,0,Unspecified,4495955,5.2,-5.5,7.3,4.6,1.89,10.0,73,22.3,40.0,315,Snow fall: Moderate,0,0,Snowy Conditions
58714,2021-07-23 14:12:00,40.682583,-73.788864,0,0,Other Vehicular,4440520,26.2,17.3,0.0,0.0,0.0,0.0,1,11.3,27.0,340,Mainly clear,0,0,Sunny/Clear Conditions
58715,2021-07-21 08:37:00,40.810093,-73.95309,1,0,Passing or Lane Usage Improper,4440045,27.6,20.9,1.4,1.4,0.0,4.0,53,16.0,31.3,315,Drizzle: Moderate,1,1,
58716,2021-07-23 20:20:00,40.668648,-73.92835,0,0,Passing Too Closely,4439802,26.2,17.3,0.0,0.0,0.0,0.0,1,11.3,27.0,340,Mainly clear,0,0,Sunny/Clear Conditions
58717,2021-07-21 21:50:00,40.778137,-73.95449,1,0,Driver Inattention/Distraction,4439313,27.6,20.9,1.4,1.4,0.0,4.0,53,16.0,31.3,315,Drizzle: Moderate,1,1,
58718,2021-07-22 19:26:00,40.64464,-73.96201,1,0,Driver Inattention/Distraction,4439680,26.7,17.5,0.0,0.0,0.0,0.0,3,15.3,28.4,327,Overcast,1,1,
58719,2021-07-23 09:43:00,40.75518,-73.98389,0,0,Backing Unsafely,4440198,26.2,17.3,0.0,0.0,0.0,0.0,1,11.3,27.0,340,Mainly clear,0,0,Sunny/Clear Conditions
58720,2021-07-23 18:56:00,40.88569,-73.831245,1,0,Driver Inattention/Distraction,4440292,26.2,17.3,0.0,0.0,0.0,0.0,1,11.3,27.0,340,Mainly clear,1,1,Sunny/Clear Conditions
58721,2021-07-23 19:40:00,40.608814,-73.973,4,0,Failure to Yield Right-of-Way,4439952,26.2,17.3,0.0,0.0,0.0,0.0,1,11.3,27.0,340,Mainly clear,4,4,Sunny/Clear Conditions
58722,2021-07-23 05:45:00,40.746403,-73.97973,0,0,Turning Improperly,4440070,26.2,17.3,0.0,0.0,0.0,0.0,1,11.3,27.0,340,Mainly clear,0,0,Sunny/Clear Conditions
58723,2021-07-22 09:22:00,40.827927,-73.90094,0,0,Unspecified,4439553,26.7,17.5,0.0,0.0,0.0,0.0,3,15.3,28.4,327,Overcast,0,0,
58724,2021-07-19 17:00:00,40.73207,-73.957184,0,0,Passing Too Closely,4440384,27.5,20.8,0.5,0.5,0.0,2.0,51,12.8,29.9,307,Drizzle: Light,0,0,
58725,2021-07-17 07:48:00,40.60792,-74.08921,1,0,Unspecified,4440221,30.8,23.3,5.1,5.1,0.0,5.0,61,17.8,36.4,201,Rain: Light,1,1,
58726,2021-07-13 08:00:00,40.819546,-73.88685,0,0,Unspecified,4439736,25.0,20.8,2.4,2.4,0.0,12.0,53,13.0,26.3,84,Drizzle: Moderate,0,0,
58727,2021-07-23 17:20:00,40.764988,-73.96116,0,0,Driver Inattention/Distraction,4440456,26.2,17.3,0.0,0.0,0.0,0.0,1,11.3,27.0,340,Mainly clear,0,0,Sunny/Clear Conditions
58728,2021-07-21 23:41:00,40.86177,-73.91848,0,0,Driver Inattention/Distraction,4439470,27.6,20.9,1.4,1.4,0.0,4.0,53,16.0,31.3,315,Drizzle: Moderate,0,0,
58729,2021-07-21 15:14:00,40.634575,-73.90596,1,0,Unspecified,4439906,27.6,20.9,1.4,1.4,0.0,4.0,53,16.0,31.3,315,Drizzle: Moderate,1,1,
58730,2021-07-22 14:00:00,40.59213,-73.788956,0,0,Passing Too Closely,4439675,26.7,17.5,0.0,0.0,0.0,0.0,3,15.3,28.4,327,Overcast,0,0,
58731,2021-07-22 11:00:00,40.752605,-73.9496,0,0,Driver Inattention/Distraction,4439586,26.7,17.5,0.0,0.0,0.0,0.0,3,15.3,28.4,327,Overcast,0,0,
58732,2021-07-21 20:30:00,40.741234,-73.84573,0,0,Driver Inattention/Distraction,4439325,27.6,20.9,1.4,1.4,0.0,4.0,53,16.0,31.3,315,Drizzle: Moderate,0,0,
58733,2021-07-23 00:25:00,40.652534,-73.74276,0,0,Driver Inattention/Distraction,4439575,26.2,17.3,0.0,0.0,0.0,0.0,1,11.3,27.0,340,Mainly clear,0,0,Sunny/Clear Conditions
58734,2021-07-22 14:30:00,40.732037,-73.814926,0,0,Unspecified,4439474,26.7,17.5,0.0,0.0,0.0,0.0,3,15.3,28.4,327,Overcast,0,0,
58735,2021-07-21 05:03:00,40.675755,-73.744896,0,0,Unspecified,4438962,27.6,20.9,1.4,1.4,0.0,4.0,53,16.0,31.3,315,Drizzle: Moderate,0,0,
58736,2021-07-22 16:39:00,40.742683,-73.89566,4,0,Pedestrian/Bicyclist/Other Pedestrian Error/Confusion,4439535,26.7,17.5,0.0,0.0,0.0,0.0,3,15.3,28.4,327,Overcast,4,4,
58737,2021-07-22 12:56:00,40.66638,-73.9244,2,0,Unspecified,4440336,26.7,17.5,0.0,0.0,0.0,0.0,3,15.3,28.4,327,Overcast,2,2,
58738,2021-07-23 15:00:00,40.737988,-73.98085,0,0,Driver Inattention/Distraction,4439786,26.2,17.3,0.0,0.0,0.0,0.0,1,11.3,27.0,340,Mainly clear,0,0,Sunny/Clear Conditions
58739,2021-07-05 00:00:00,40.817184,-73.897675,0,0,Unspecified,4439719,26.4,17.3,0.7,0.7,0.0,2.0,53,18.8,34.6,142,Drizzle: Moderate,0,0,
58740,2021-07-22 11:54:00,40.689377,-73.729004,1,0,Pedestrian/Bicyclist/Other Pedestrian Error/Confusion,4439712,26.7,17.5,0.0,0.0,0.0,0.0,3,15.3,28.4,327,Overcast,1,1,
58741,2021-07-22 17:00:00,40.7608,-73.7657,0,0,Following Too Closely,4439502,26.7,17.5,0.0,0.0,0.0,0.0,3,15.3,28.4,327,Overcast,0,0,
58742,2021-07-21 20:30:00,40.622013,-74.01641,0,0,Driver Inattention/Distraction,4439245,27.6,20.9,1.4,1.4,0.0,4.0,53,16.0,31.3,315,Drizzle: Moderate,0,0,
58743,2021-07-22 09:44:00,40.831146,-73.895706,0,0,Passing Too Closely,4439380,26.7,17.5,0.0,0.0,0.0,0.0,3,15.3,28.4,327,Overcast,0,0,
58744,2021-07-21 11:25:00,40.743374,-73.92056,0,0,Unspecified,4439130,27.6,20.9,1.4,1.4,0.0,4.0,53,16.0,31.3,315,Drizzle: Moderate,0,0,
58745,2021-07-15 07:30:00,40.78214,-73.824844,3,0,Unspecified,4439982,29.3,21.2,0.1,0.1,0.0,1.0,51,13.7,27.4,212,Drizzle: Light,3,3,
58746,2021-07-22 22:20:00,40.658764,-73.891884,0,0,Unspecified,4439754,26.7,17.5,0.0,0.0,0.0,0.0,3,15.3,28.4,327,Overcast,0,0,
58747,2021-07-23 16:23:00,40.755806,-73.992294,0,0,Unspecified,4440125,26.2,17.3,0.0,0.0,0.0,0.0,1,11.3,27.0,340,Mainly clear,0,0,Sunny/Clear Conditions
58748,2021-07-19 13:57:00,40.701794,-73.7855,0,0,Driver Inattention/Distraction,4439771,27.5,20.8,0.5,0.5,0.0,2.0,51,12.8,29.9,307,Drizzle: Light,0,0,
58749,2021-06-25 08:31:00,40.669403,-73.94221,0,0,Other Vehicular,4440030,24.7,15.6,0.0,0.0,0.0,0.0,3,20.9,41.0,144,Overcast,0,0,
58750,2021-07-23 07:46:00,40.736847,-73.8067,1,0,Failure to Yield Right-of-Way,4439707,26.2,17.3,0.0,0.0,0.0,0.0,1,11.3,27.0,340,Mainly clear,1,1,Sunny/Clear Conditions
58751,2021-07-15 16:48:00,40.716484,-73.95704,2,0,Passing or Lane Usage Improper,4439880,29.3,21.2,0.1,0.1,0.0,1.0,51,13.7,27.4,212,Drizzle: Light,2,2,
58752,2021-07-21 19:20:00,40.559128,-74.16948,1,0,Driver Inattention/Distraction,4439371,27.6,20.9,1.4,1.4,0.0,4.0,53,16.0,31.3,315,Drizzle: Moderate,1,1,
58753,2021-05-31 12:00:00,40.69297,-73.78024,0,0,Unsafe Lane Changing,4439812,20.3,9.3,0.7,0.7,0.0,5.0,51,20.9,40.7,318,Drizzle: Light,0,0,
58754,2021-07-23 10:00:00,40.67561,-73.941025,0,0,Other Vehicular,4440244,26.2,17.3,0.0,0.0,0.0,0.0,1,11.3,27.0,340,Mainly clear,0,0,Sunny/Clear Conditions
58755,2021-07-22 14:45:00,40.625786,-73.89309,0,0,Unsafe Speed,4440038,26.7,17.5,0.0,0.0,0.0,0.0,3,15.3,28.4,327,Overcast,0,0,
58756,2021-07-21 14:30:00,40.78941,-73.84466,0,0,Traffic Control Disregarded,4439994,27.6,20.9,1.4,1.4,0.0,4.0,53,16.0,31.3,315,Drizzle: Moderate,0,0,
58757,2021-07-23 10:55:00,40.741287,-73.885735,1,0,Traffic Control Disregarded,4439829,26.2,17.3,0.0,0.0,0.0,0.0,1,11.3,27.0,340,Mainly clear,1,1,Sunny/Clear Conditions
58758,2021-07-23 08:15:00,40.834614,-73.825165,0,0,Unspecified,4439655,26.2,17.3,0.0,0.0,0.0,0.0,1,11.3,27.0,340,Mainly clear,0,0,Sunny/Clear Conditions
58759,2021-07-22 08:10:00,40.688995,-73.78581,0,0,Passing Too Closely,4439522,26.7,17.5,0.0,0.0,0.0,0.0,3,15.3,28.4,327,Overcast,0,0,
58760,2021-07-23 23:00:00,40.65175,-73.948685,0,0,Unspecified,4439969,26.2,17.3,0.0,0.0,0.0,0.0,1,11.3,27.0,340,Mainly clear,0,0,Sunny/Clear Conditions
58761,2021-07-22 09:00:00,40.76771,-73.93247,0,0,Unspecified,4439451,26.7,17.5,0.0,0.0,0.0,0.0,3,15.3,28.4,327,Overcast,0,0,
58762,2021-07-22 15:30:00,40.840286,-73.92147,0,0,Failure to Yield Right-of-Way,4439768,26.7,17.5,0.0,0.0,0.0,0.0,3,15.3,28.4,327,Overcast,0,0,
58763,2021-07-21 23:20:00,40.750713,-73.99082,1,0,Unspecified,4439291,27.6,20.9,1.4,1.4,0.0,4.0,53,16.0,31.3,315,Drizzle: Moderate,1,1,
58764,2021-07-04 16:20:00,40.654358,-73.91916,0,0,Unspecified,4440266,24.6,15.8,1.4,1.4,0.0,12.0,51,11.8,27.0,299,Drizzle: Light,0,0,
58765,2021-07-22 17:00:00,40.690907,-73.95542,1,0,Outside Car Distraction,4440166,26.7,17.5,0.0,0.0,0.0,0.0,3,15.3,28.4,327,Overcast,1,1,
58766,2021-07-23 13:00:00,40.593487,-73.94349,0,0,Unspecified,4439916,26.2,17.3,0.0,0.0,0.0,0.0,1,11.3,27.0,340,Mainly clear,0,0,Sunny/Clear Conditions
58767,2021-07-23 09:05:00,40.58156,-73.83896,0,0,Driver Inattention/Distraction,4439797,26.2,17.3,0.0,0.0,0.0,0.0,1,11.3,27.0,340,Mainly clear,0,0,Sunny/Clear Conditions
58768,2021-07-22 15:06:00,40.603813,-73.96062,0,0,Unspecified,4439623,26.7,17.5,0.0,0.0,0.0,0.0,3,15.3,28.4,327,Overcast,0,0,
58769,2021-07-21 12:04:00,40.76553,-73.99768,1,0,Driver Inattention/Distraction,4439304,27.6,20.9,1.4,1.4,0.0,4.0,53,16.0,31.3,315,Drizzle: Moderate,1,1,
58770,2021-07-21 23:30:00,40.64516,-73.98256,0,0,Unspecified,4439636,27.6,20.9,1.4,1.4,0.0,4.0,53,16.0,31.3,315,Drizzle: Moderate,0,0,
58771,2021-07-21 17:19:00,40.660225,-73.99459,1,0,Unspecified,4440175,27.6,20.9,1.4,1.4,0.0,4.0,53,16.0,31.3,315,Drizzle: Moderate,1,1,
58772,2021-07-19 17:00:00,40.716923,-73.98322,0,0,Passing or Lane Usage Improper,4439834,27.5,20.8,0.5,0.5,0.0,2.0,51,12.8,29.9,307,Drizzle: Light,0,0,
58773,2021-07-22 20:12:00,40.722927,-74.00218,1,0,Failure to Yield Right-of-Way,4439739,26.7,17.5,0.0,0.0,0.0,0.0,3,15.3,28.4,327,Overcast,1,1,
58774,2021-07-23 15:20:00,40.57563,-73.96395,0,0,Other Vehicular,4440286,26.2,17.3,0.0,0.0,0.0,0.0,1,11.3,27.0,340,Mainly clear,0,0,Sunny/Clear Conditions
58775,2021-07-19 16:10:00,0.0,0.0,1,0,Pedestrian/Bicyclist/Other Pedestrian Error/Confusion,4440307,27.5,20.8,0.5,0.5,0.0,2.0,51,12.8,29.9,307,Drizzle: Light,1,1,
58776,2021-07-21 15:17:00,40.64544,-73.97685,0,0,Driver Inattention/Distraction,4439421,27.6,20.9,1.4,1.4,0.0,4.0,53,16.0,31.3,315,Drizzle: Moderate,0,0,
58777,2021-07-21 15:04:00,40.61204,-73.97848,0,0,Failure to Yield Right-of-Way,4439342,27.6,20.9,1.4,1.4,0.0,4.0,53,16.0,31.3,315,Drizzle: Moderate,0,0,
58778,2021-07-21 08:00:00,40.638306,-73.8947,2,0,Fell Asleep,4439167,27.6,20.9,1.4,1.4,0.0,4.0,53,16.0,31.3,315,Drizzle: Moderate,2,2,