,CRASH DATETIME,LATITUDE,LONGITUDE,NUMBER OF PERSONS INJURED,NUMBER OF PERSONS KILLED,CONTRIBUTING FACTOR VEHICLE 1,COLLISION_ID,temperature_2m_max,temperature_2m_min,precipitation_sum,rain_sum,snowfall_sum,precipitation_hours,weather_code,wind_speed_10m_max,wind_gusts_10m_max,wind_direction_10m_dominant,Weather Description,Severity_Score,Total_Affected_Persons,Weather_Category
58779,2021-07-22 08:00:00,40.620087,-73.915375,0,0,Unspecified,4439806,26.7,17.5,0.0,0.0,0.0,0.0,3,15.3,28.4,327,Overcast,0,0,
58780,2021-07-23 16:05:00,40.77117,-73.9134,0,0,Unspecified,4440111,26.2,17.3,0.0,0.0,0.0,0.0,1,11.3,27.0,340,Mainly clear,0,0,Sunny/Clear Conditions
58781,2021-07-23 22:30:00,40.679096,-73.79822,0,0,Traffic Control Disregarded,4439838,26.2,17.3,0.0,0.0,0.0,0.0,1,11.3,27.0,340,Mainly clear,0,0,Sunny/Clear Conditions
58782,2021-07-22 15:30:00,40.727154,-73.956085,0,0,Backing Unsafely,4439871,26.7,17.5,0.0,0.0,0.0,0.0,3,15.3,28.4,327,Overcast,0,0,
58783,2021-07-23 16:30:00,40.651104,-73.94381,1,0,Unspecified,4440342,26.2,17.3,0.0,0.0,0.0,0.0,1,11.3,27.0,340,Mainly clear,1,1,Sunny/Clear Conditions
58784,2021-07-23 08:28:00,40.650948,-74.00793,1,0,Unsafe Speed,4440060,26.2,17.3,0.0,0.0,0.0,0.0,1,11.3,27.0,340,Mainly clear,1,1,Sunny/Clear Conditions
58785,2021-07-21 14:00:00,40.643734,-73.93056,0,0,Driver Inattention/Distraction,4439209,27.6,20.9,1.4,1.4,0.0,4.0,53,16.0,31.3,315,Drizzle: Moderate,0,0,
58786,2021-07-18 12:00:00,40.655655,-73.93372,3,0,Unspecified,4439959,28.4,23.1,12.4,12.4,0.0,10.0,63,19.6,39.2,232,Rain: Moderate,3,3,
58787,2021-07-22 13:10:00,40.706806,-73.963264,0,0,Passing Too Closely,4439571,26.7,17.5,0.0,0.0,0.0,0.0,3,15.3,28.4,327,Overcast,0,0,
58788,2021-07-21 04:39:00,40.856792,-73.91742,0,0,Unspecified,4439092,27.6,20.9,1.4,1.4,0.0,4.0,53,16.0,31.3,315,Drizzle: Moderate,0,0,
58789,2021-07-23 19:24:00,40.84442,-73.92505,0,0,Failure to Yield Right-of-Way,4440091,26.2,17.3,0.0,0.0,0.0,0.0,1,11.3,27.0,340,Mainly clear,0,0,Sunny/Clear Conditions
58790,2021-07-21 21:31:00,40.83779,-73.82495,1,0,Unspecified,4439348,27.6,20.9,1.4,1.4,0.0,4.0,53,16.0,31.3,315,Drizzle: Moderate,1,1,
58791,2021-07-15 22:40:00,40.843006,-73.84856,2,0,Unspecified,4440096,29.3,21.2,0.1,0.1,0.0,1.0,51,13.7,27.4,212,Drizzle: Light,2,2,
58792,2021-07-23 21:00:00,40.668427,-73.92078,0,0,Unspecified,4440463,26.2,17.3,0.0,0.0,0.0,0.0,1,11.3,27.0,340,Mainly clear,0,0,Sunny/Clear Conditions
58793,2021-07-21 17:00:00,40.773663,-73.90239,0,0,Unspecified,4440143,27.6,20.9,1.4,1.4,0.0,4.0,53,16.0,31.3,315,Drizzle: Moderate,0,0,
58794,2021-07-21 16:30:00,40.74763,-73.88394,0,0,Unspecified,4439690,27.6,20.9,1.4,1.4,0.0,4.0,53,16.0,31.3,315,Drizzle: Moderate,0,0,
58795,2021-07-22 17:00:00,40.88316,-73.8809,0,0,Driver Inattention/Distraction,4439590,26.7,17.5,0.0,0.0,0.0,0.0,3,15.3,28.4,327,Overcast,0,0,
58796,2021-07-21 12:42:00,40.88271,-73.881256,1,0,Driver Inattention/Distraction,4439171,27.6,20.9,1.4,1.4,0.0,4.0,53,16.0,31.3,315,Drizzle: Moderate,1,1,
58797,2021-07-21 14:27:00,40.62149,-74.02622,0,0,Traffic Control Disregarded,4439217,27.6,20.9,1.4,1.4,0.0,4.0,53,16.0,31.3,315,Drizzle: Moderate,0,0,
58798,2021-07-21 00:00:00,40.8017,-73.9343,0,0,Unspecified,4439432,27.6,20.9,1.4,1.4,0.0,4.0,53,16.0,31.3,315,Drizzle: Moderate,0,0,
58799,2021-07-18 12:05:00,40.659016,-73.95673,0,0,Driver Inattention/Distraction,4440028,28.4,23.1,12.4,12.4,0.0,10.0,63,19.6,39.2,232,Rain: Moderate,0,0,
58800,2021-07-21 11:50:00,40.665714,-73.898445,0,0,Unspecified,4439396,27.6,20.9,1.4,1.4,0.0,4.0,53,16.0,31.3,315,Drizzle: Moderate,0,0,
58801,2021-07-21 17:30:00,40.693844,-73.89692,0,0,Failure to Yield Right-of-Way,4440240,27.6,20.9,1.4,1.4,0.0,4.0,53,16.0,31.3,315,Drizzle: Moderate,0,0,
58802,2021-07-22 09:57:00,40.604767,-73.99088,0,0,Traffic Control Disregarded,4439406,26.7,17.5,0.0,0.0,0.0,0.0,3,15.3,28.4,327,Overcast,0,0,
58803,2021-07-15 11:30:00,40.70975,-73.79562,3,0,Driver Inattention/Distraction,4439612,29.3,21.2,0.1,0.1,0.0,1.0,51,13.7,27.4,212,Drizzle: Light,3,3,
58804,2021-07-03 18:00:00,40.817184,-73.897675,0,0,Unspecified,4439722,19.3,16.6,16.1,16.1,0.0,20.0,63,24.0,47.2,43,Rain: Moderate,0,0,
58805,2021-07-21 07:20:00,40.755554,-73.91848,0,0,Driver Inattention/Distraction,4439084,27.6,20.9,1.4,1.4,0.0,4.0,53,16.0,31.3,315,Drizzle: Moderate,0,0,
58806,2021-07-19 20:20:00,40.828114,-73.93107,0,0,Following Too Closely,4439876,27.5,20.8,0.5,0.5,0.0,2.0,51,12.8,29.9,307,Drizzle: Light,0,0,
58807,2021-07-23 05:35:00,40.72085,-74.00394,0,0,Passing or Lane Usage Improper,4439651,26.2,17.3,0.0,0.0,0.0,0.0,1,11.3,27.0,340,Mainly clear,0,0,Sunny/Clear Conditions
58808,2021-07-23 04:20:00,40.63613,-73.97274,2,0,Driver Inattention/Distraction,4440117,26.2,17.3,0.0,0.0,0.0,0.0,1,11.3,27.0,340,Mainly clear,2,2,Sunny/Clear Conditions
58809,2021-07-22 09:45:00,40.64574,-73.912094,0,0,Backing Unsafely,4439783,26.7,17.5,0.0,0.0,0.0,0.0,3,15.3,28.4,327,Overcast,0,0,
58810,2021-07-22 12:49:00,40.723774,-73.93754,0,0,Unsafe Speed,4440311,26.7,17.5,0.0,0.0,0.0,0.0,3,15.3,28.4,327,Overcast,0,0,
58811,2021-07-23 07:00:00,40.682972,-73.88365,0,0,Unspecified,4439744,26.2,17.3,0.0,0.0,0.0,0.0,1,11.3,27.0,340,Mainly clear,0,0,Sunny/Clear Conditions
58812,2021-07-21 22:28:00,40.776276,-73.95795,2,0,Following Too Closely,4439309,27.6,20.9,1.4,1.4,0.0,4.0,53,16.0,31.3,315,Drizzle: Moderate,2,2,
58813,2021-07-19 06:15:00,40.85602,-73.88846,0,0,Driver Inattention/Distraction,4439619,27.5,20.8,0.5,0.5,0.0,2.0,51,12.8,29.9,307,Drizzle: Light,0,0,
58814,2021-06-01 13:00:00,40.672333,-73.901764,0,0,Unspecified,4439751,23.5,9.7,0.0,0.0,0.0,0.0,3,17.6,32.0,221,Overcast,0,0,
58815,2021-07-22 13:37:00,40.718307,-73.94222,0,0,Driver Inattention/Distraction,4439861,26.7,17.5,0.0,0.0,0.0,0.0,3,15.3,28.4,327,Overcast,0,0,
58816,2021-07-19 21:00:00,40.582977,-73.98042,0,0,Following Too Closely,4440261,27.5,20.8,0.5,0.5,0.0,2.0,51,12.8,29.9,307,Drizzle: Light,0,0,
58817,2021-07-19 03:07:00,40.854755,-73.883224,0,0,Unsafe Speed,4439640,27.5,20.8,0.5,0.5,0.0,2.0,51,12.8,29.9,307,Drizzle: Light,0,0,
58818,2021-07-22 14:34:00,40.65942,-73.92276,0,0,Reaction to Uninvolved Vehicle,4439962,26.7,17.5,0.0,0.0,0.0,0.0,3,15.3,28.4,327,Overcast,0,0,
58819,2021-07-23 13:45:00,40.74184,-73.88101,1,0,Following Too Closely,4439825,26.2,17.3,0.0,0.0,0.0,0.0,1,11.3,27.0,340,Mainly clear,1,1,Sunny/Clear Conditions
58820,2021-07-17 07:25:00,40.68039,-73.94956,1,0,Traffic Control Disregarded,4440507,30.8,23.3,5.1,5.1,0.0,5.0,61,17.8,36.4,201,Rain: Light,1,1,
58821,2021-07-21 08:38:00,40.827633,-73.93577,0,0,Unspecified,4439120,27.6,20.9,1.4,1.4,0.0,4.0,53,16.0,31.3,315,Drizzle: Moderate,0,0,
58822,2021-07-23 02:03:00,40.785805,-73.942856,1,0,Traffic Control Disregarded,4440155,26.2,17.3,0.0,0.0,0.0,0.0,1,11.3,27.0,340,Mainly clear,1,1,Sunny/Clear Conditions
58823,2021-07-22 08:00:00,40.726357,-73.76388,0,0,Driver Inattention/Distraction,4439617,26.7,17.5,0.0,0.0,0.0,0.0,3,15.3,28.4,327,Overcast,0,0,
58824,2021-07-23 00:00:00,40.824665,-73.902336,1,0,Unspecified,4440088,26.2,17.3,0.0,0.0,0.0,0.0,1,11.3,27.0,340,Mainly clear,1,1,Sunny/Clear Conditions
58825,2021-07-22 06:50:00,40.78418,-73.83641,0,0,Passing Too Closely,4439980,26.7,17.5,0.0,0.0,0.0,0.0,3,15.3,28.4,327,Overcast,0,0,
58826,2021-07-23 16:10:00,40.76501,-73.8871,2,0,Turning Improperly,4439911,26.2,17.3,0.0,0.0,0.0,0.0,1,11.3,27.0,340,Mainly clear,2,2,Sunny/Clear Conditions
58827,2021-10-31 14:00:00,40.752945,-73.89248,1,0,Pedestrian/Bicyclist/Other Pedestrian Error/Confusion,4473082,18.3,12.5,3.7,3.7,0.0,8.0,55,22.9,41.0,268,Drizzle: Dense,1,1,
58828,2021-07-22 10:29:00,40.82054,-73.930786,0,0,Following Too Closely,4439892,26.7,17.5,0.0,0.0,0.0,0.0,3,15.3,28.4,327,Overcast,0,0,
58829,2021-07-23 14:20:00,40.84691,-73.93824,0,0,Unspecified,4440368,26.2,17.3,0.0,0.0,0.0,0.0,1,11.3,27.0,340,Mainly clear,0,0,Sunny/Clear Conditions
58830,2021-07-21 08:30:00,40.738544,-73.90293,0,0,Driver Inexperience,4439047,27.6,20.9,1.4,1.4,0.0,4.0,53,16.0,31.3,315,Drizzle: Moderate,0,0,
58831,2021-07-13 19:35:00,40.773247,-73.9263,0,0,Alcohol Involvement,4440130,25.0,20.8,2.4,2.4,0.0,12.0,53,13.0,26.3,84,Drizzle: Moderate,0,0,
58832,2021-07-21 09:00:00,40.661068,-73.772194,0,0,Reaction to Uninvolved Vehicle,4439222,27.6,20.9,1.4,1.4,0.0,4.0,53,16.0,31.3,315,Drizzle: Moderate,0,0,
58833,2021-07-21 20:30:00,40.67169,-73.86621,0,0,Other Vehicular,4439394,27.6,20.9,1.4,1.4,0.0,4.0,53,16.0,31.3,315,Drizzle: Moderate,0,0,
58834,2021-07-23 01:46:00,40.71702,-73.830505,0,0,Driver Inattention/Distraction,4439727,26.2,17.3,0.0,0.0,0.0,0.0,1,11.3,27.0,340,Mainly clear,0,0,Sunny/Clear Conditions
58835,2021-07-23 17:00:00,40.7515,-73.90276,1,0,Driver Inattention/Distraction,4439854,26.2,17.3,0.0,0.0,0.0,0.0,1,11.3,27.0,340,Mainly clear,1,1,Sunny/Clear Conditions
58836,2021-06-24 18:00:00,40.827763,-73.9153,0,0,Driver Inattention/Distraction,4439886,23.2,13.5,0.0,0.0,0.0,0.0,3,19.7,40.0,145,Overcast,0,0,
58837,2021-07-03 13:35:00,40.757072,-73.85492,1,0,Driver Inattention/Distraction,4439910,19.3,16.6,16.1,16.1,0.0,20.0,63,24.0,47.2,43,Rain: Moderate,1,1,
58838,2021-07-21 13:10:00,40.765224,-73.92275,2,0,Driver Inattention/Distraction,4439338,27.6,20.9,1.4,1.4,0.0,4.0,53,16.0,31.3,315,Drizzle: Moderate,2,2,
58839,2021-07-23 11:34:00,40.66369,-73.95435,0,0,Unspecified,4439778,26.2,17.3,0.0,0.0,0.0,0.0,1,11.3,27.0,340,Mainly clear,0,0,Sunny/Clear Conditions
58840,2021-07-21 12:00:00,40.666737,-73.90224,0,0,Unspecified,4439158,27.6,20.9,1.4,1.4,0.0,4.0,53,16.0,31.3,315,Drizzle: Moderate,0,0,
58841,2021-07-23 04:30:00,40.674465,-73.84942,0,0,Unsafe Speed,4440441,26.2,17.3,0.0,0.0,0.0,0.0,1,11.3,27.0,340,Mainly clear,0,0,Sunny/Clear Conditions
58842,2021-07-23 10:15:00,40.620945,-74.10933,1,0,Driver Inattention/Distraction,4440348,26.2,17.3,0.0,0.0,0.0,0.0,1,11.3,27.0,340,Mainly clear,1,1,Sunny/Clear Conditions
58843,2021-07-22 10:43:00,40.888588,-73.849884,1,0,Driver Inattention/Distraction,4440328,26.7,17.5,0.0,0.0,0.0,0.0,3,15.3,28.4,327,Overcast,1,1,
58844,2021-07-22 19:32:00,40.756096,-73.74655,0,0,Following Too Closely,4439516,26.7,17.5,0.0,0.0,0.0,0.0,3,15.3,28.4,327,Overcast,0,0,
58845,2021-07-22 15:40:00,40.65414,-73.88732,0,0,Following Too Closely,4439746,26.7,17.5,0.0,0.0,0.0,0.0,3,15.3,28.4,327,Overcast,0,0,
58846,2021-07-21 14:50:00,40.58609,-73.822525,0,0,Driver Inattention/Distraction,4439487,27.6,20.9,1.4,1.4,0.0,4.0,53,16.0,31.3,315,Drizzle: Moderate,0,0,
58847,2021-07-23 15:05:00,40.804153,-73.91304,0,0,Other Vehicular,4439938,26.2,17.3,0.0,0.0,0.0,0.0,1,11.3,27.0,340,Mainly clear,0,0,Sunny/Clear Conditions
58848,2021-07-22 16:15:00,40.711372,-73.85034,1,0,Failure to Yield Right-of-Way,4439731,26.7,17.5,0.0,0.0,0.0,0.0,3,15.3,28.4,327,Overcast,1,1,
58849,2021-07-21 19:00:00,40.58183,-73.95284,0,0,Passenger Distraction,4439268,27.6,20.9,1.4,1.4,0.0,4.0,53,16.0,31.3,315,Drizzle: Moderate,0,0,
58850,2021-07-22 11:00:00,40.712425,-74.00902,1,0,Failure to Yield Right-of-Way,4439644,26.7,17.5,0.0,0.0,0.0,0.0,3,15.3,28.4,327,Overcast,1,1,
58851,2021-07-04 04:22:00,40.714687,-73.942604,0,0,Unsafe Speed,4439837,24.6,15.8,1.4,1.4,0.0,12.0,51,11.8,27.0,299,Drizzle: Light,0,0,
58852,2021-10-31 00:13:00,40.704155,-73.90752,1,0,Unspecified,4473132,18.3,12.5,3.7,3.7,0.0,8.0,55,22.9,41.0,268,Drizzle: Dense,1,1,
58853,2021-07-21 11:43:00,40.713043,-73.96753,0,0,Passing Too Closely,4439253,27.6,20.9,1.4,1.4,0.0,4.0,53,16.0,31.3,315,Drizzle: Moderate,0,0,
58854,2021-06-23 08:30:00,40.68962,-73.97313,1,0,Unspecified,4439763,23.1,12.2,0.0,0.0,0.0,0.0,3,16.5,31.7,309,Overcast,1,1,
58855,2021-07-22 11:44:00,40.80275,-73.93358,0,0,Brakes Defective,4439440,26.7,17.5,0.0,0.0,0.0,0.0,3,15.3,28.4,327,Overcast,0,0,
58856,2021-07-23 18:00:00,40.85482,-73.9112,1,0,Driver Inattention/Distraction,4440019,26.2,17.3,0.0,0.0,0.0,0.0,1,11.3,27.0,340,Mainly clear,1,1,Sunny/Clear Conditions
58857,2021-07-09 16:05:00,40.65317,-73.9616,1,0,Unsafe Speed,4440054,29.8,22.0,35.0,35.0,0.0,14.0,63,31.0,55.8,341,Rain: Moderate,1,1,
58858,2021-07-23 17:00:00,40.68295,-74.00635,0,0,Unspecified,4440497,26.2,17.3,0.0,0.0,0.0,0.0,1,11.3,27.0,340,Mainly clear,0,0,Sunny/Clear Conditions
58859,2021-07-23 14:00:00,40.64024,-73.91947,1,0,Passing or Lane Usage Improper,4439805,26.2,17.3,0.0,0.0,0.0,0.0,1,11.3,27.0,340,Mainly clear,1,1,Sunny/Clear Conditions
58860,2021-07-23 14:51:00,40.669044,-73.87578,0,0,Driver Inattention/Distraction,4439872,26.2,17.3,0.0,0.0,0.0,0.0,1,11.3,27.0,340,Mainly clear,0,0,Sunny/Clear Conditions
58861,2021-07-23 12:48:00,40.6957,-73.7933,1,0,Driver Inattention/Distraction,4439776,26.2,17.3,0.0,0.0,0.0,0.0,1,11.3,27.0,340,Mainly clear,1,1,Sunny/Clear Conditions
58862,2021-07-21 14:20:00,40.64423,-74.014915,0,0,Unspecified,4440185,27.6,20.9,1.4,1.4,0.0,4.0,53,16.0,31.3,315,Drizzle: Moderate,0,0,
58863,2021-07-15 08:54:00,40.677364,-73.90798,0,0,Other Vehicular,4440476,29.3,21.2,0.1,0.1,0.0,1.0,51,13.7,27.4,212,Drizzle: Light,0,0,
58864,2021-07-22 12:20:00,40.602108,-73.96629,0,0,Unspecified,4439461,26.7,17.5,0.0,0.0,0.0,0.0,3,15.3,28.4,327,Overcast,0,0,
58865,2021-07-21 07:20:00,40.690468,-73.9879,1,0,Passing or Lane Usage Improper,4439275,27.6,20.9,1.4,1.4,0.0,4.0,53,16.0,31.3,315,Drizzle: Moderate,1,1,
58866,2021-07-19 02:58:00,40.515842,-74.23898,0,0,Outside Car Distraction,4439649,27.5,20.8,0.5,0.5,0.0,2.0,51,12.8,29.9,307,Drizzle: Light,0,0,
58867,2021-07-23 21:00:00,40.889126,-73.843994,1,0,Driver Inattention/Distraction,4440327,26.2,17.3,0.0,0.0,0.0,0.0,1,11.3,27.0,340,Mainly clear,1,1,Sunny/Clear Conditions
58868,2021-07-18 14:00:00,40.88027,-73.90613,1,0,Other Vehicular,4440204,28.4,23.1,12.4,12.4,0.0,10.0,63,19.6,39.2,232,Rain: Moderate,1,1,
58869,2021-07-23 09:35:00,40.610706,-73.99771,0,0,Driver Inattention/Distraction,4439798,26.2,17.3,0.0,0.0,0.0,0.0,1,11.3,27.0,340,Mainly clear,0,0,Sunny/Clear Conditions
58870,2021-07-22 16:55:00,40.69907,-73.93548,0,0,Passing Too Closely,4439600,26.7,17.5,0.0,0.0,0.0,0.0,3,15.3,28.4,327,Overcast,0,0,
58871,2021-07-23 20:48:00,40.863106,-73.82572,1,0,Unspecified,4440486,26.2,17.3,0.0,0.0,0.0,0.0,1,11.3,27.0,340,Mainly clear,1,1,Sunny/Clear Conditions
58872,2021-07-15 00:35:00,40.692356,-73.94282,1,0,Driver Inattention/Distraction,4440164,29.3,21.2,0.1,0.1,0.0,1.0,51,13.7,27.4,212,Drizzle: Light,1,1,
58873,2021-07-21 10:06:00,40.759308,-73.9653,0,0,Passing or Lane Usage Improper,4439140,27.6,20.9,1.4,1.4,0.0,4.0,53,16.0,31.3,315,Drizzle: Moderate,0,0,
58874,2021-07-22 14:51:00,40.737553,-73.85089,1,0,Following Too Closely,4439584,26.7,17.5,0.0,0.0,0.0,0.0,3,15.3,28.4,327,Overcast,1,1,
58875,2021-07-21 08:55:00,40.79124,-73.9794,0,0,Unsafe Speed,4439111,27.6,20.9,1.4,1.4,0.0,4.0,53,16.0,31.3,315,Drizzle: Moderate,0,0,
58876,2021-07-22 00:30:00,40.677998,-73.79663,0,0,Passing Too Closely,4439525,26.7,17.5,0.0,0.0,0.0,0.0,3,15.3,28.4,327,Overcast,0,0,
58877,2021-07-21 22:24:00,40.73401,-74.00457,1,0,Outside Car Distraction,4439366,27.6,20.9,1.4,1.4,0.0,4.0,53,16.0,31.3,315,Drizzle: Moderate,1,1,
58878,2021-07-20 11:30:00,40.640347,-74.00093,1,0,Driver Inexperience,4439632,30.9,21.1,0.0,0.0,0.0,0.0,1,13.3,26.6,283,Mainly clear,1,1,Sunny/Clear Conditions
58879,2021-07-21 19:00:00,40.636665,-74.11976,0,0,Unspecified,4439410,27.6,20.9,1.4,1.4,0.0,4.0,53,16.0,31.3,315,Drizzle: Moderate,0,0,
58880,2021-07-21 14:50:00,40.731815,-73.8713,1,0,Following Too Closely,4439192,27.6,20.9,1.4,1.4,0.0,4.0,53,16.0,31.3,315,Drizzle: Moderate,1,1,
58881,2021-07-21 07:25:00,40.830402,-73.903404,0,0,Obstruction/Debris,4439293,27.6,20.9,1.4,1.4,0.0,4.0,53,16.0,31.3,315,Drizzle: Moderate,0,0,
58882,2021-07-22 17:40:00,40.81175,-73.93144,0,0,Unspecified,4439943,26.7,17.5,0.0,0.0,0.0,0.0,3,15.3,28.4,327,Overcast,0,0,
58883,2021-07-16 14:20:00,40.815067,-73.94526,0,0,Driver Inattention/Distraction,4439682,32.3,23.2,0.3,0.3,0.0,3.0,51,12.3,33.1,238,Drizzle: Light,0,0,
58884,2021-07-22 08:30:00,40.764233,-73.81683,0,0,Failure to Yield Right-of-Way,4439385,26.7,17.5,0.0,0.0,0.0,0.0,3,15.3,28.4,327,Overcast,0,0,
58885,2021-07-21 19:22:00,40.650978,-73.9612,1,0,Unspecified,4439329,27.6,20.9,1.4,1.4,0.0,4.0,53,16.0,31.3,315,Drizzle: Moderate,1,1,
58886,2021-07-14 03:30:00,40.77754,-73.91597,0,0,Alcohol Involvement,4440134,30.6,21.5,0.8,0.8,0.0,3.0,53,14.5,36.0,191,Drizzle: Moderate,0,0,
58887,2021-07-23 23:50:00,40.724735,-73.897575,0,0,Unsafe Speed,4440232,26.2,17.3,0.0,0.0,0.0,0.0,1,11.3,27.0,340,Mainly clear,0,0,Sunny/Clear Conditions
58888,2021-07-21 00:45:00,40.82403,-73.94476,1,0,View Obstructed/Limited,4439104,27.6,20.9,1.4,1.4,0.0,4.0,53,16.0,31.3,315,Drizzle: Moderate,1,1,
58889,2021-07-21 06:45:00,40.647484,-74.00067,1,0,Driver Inattention/Distraction,4439042,27.6,20.9,1.4,1.4,0.0,4.0,53,16.0,31.3,315,Drizzle: Moderate,1,1,
58890,2021-07-21 14:20:00,40.71514,-73.74937,0,0,Following Too Closely,4439235,27.6,20.9,1.4,1.4,0.0,4.0,53,16.0,31.3,315,Drizzle: Moderate,0,0,
58891,2021-07-23 21:17:00,40.60984,-73.9225,0,0,Failure to Yield Right-of-Way,4439850,26.2,17.3,0.0,0.0,0.0,0.0,1,11.3,27.0,340,Mainly clear,0,0,Sunny/Clear Conditions
58892,2021-07-21 08:15:00,40.844177,-73.90292,2,0,Other Vehicular,4439299,27.6,20.9,1.4,1.4,0.0,4.0,53,16.0,31.3,315,Drizzle: Moderate,2,2,
58893,2021-07-21 14:50:00,40.86967,-73.82605,0,0,Driver Inattention/Distraction,4439201,27.6,20.9,1.4,1.4,0.0,4.0,53,16.0,31.3,315,Drizzle: Moderate,0,0,
58894,2021-07-23 23:00:00,40.60536,-73.96174,1,0,Unspecified,4440524,26.2,17.3,0.0,0.0,0.0,0.0,1,11.3,27.0,340,Mainly clear,1,1,Sunny/Clear Conditions
58895,2021-07-22 11:32:00,40.572014,-74.146996,2,0,Following Too Closely,4439659,26.7,17.5,0.0,0.0,0.0,0.0,3,15.3,28.4,327,Overcast,2,2,
58896,2021-07-22 18:50:00,40.649277,-73.94361,1,0,Pedestrian/Bicyclist/Other Pedestrian Error/Confusion,4439496,26.7,17.5,0.0,0.0,0.0,0.0,3,15.3,28.4,327,Overcast,1,1,
58897,2021-07-22 17:25:00,40.663727,-73.95386,0,0,Driver Inexperience,4439507,26.7,17.5,0.0,0.0,0.0,0.0,3,15.3,28.4,327,Overcast,0,0,
58898,2021-07-21 00:00:00,40.750015,-73.86128,1,0,Unspecified,4439714,27.6,20.9,1.4,1.4,0.0,4.0,53,16.0,31.3,315,Drizzle: Moderate,1,1,
58899,2021-07-23 16:00:00,40.769955,-73.836426,0,0,Following Too Closely,4439791,26.2,17.3,0.0,0.0,0.0,0.0,1,11.3,27.0,340,Mainly clear,0,0,Sunny/Clear Conditions
58900,2021-07-22 10:50:00,40.757114,-73.98955,0,0,Backing Unsafely,4439445,26.7,17.5,0.0,0.0,0.0,0.0,3,15.3,28.4,327,Overcast,0,0,
58901,2021-07-16 14:00:00,40.85482,-73.9112,1,0,Driver Inattention/Distraction,4440005,32.3,23.2,0.3,0.3,0.0,3.0,51,12.3,33.1,238,Drizzle: Light,1,1,
58902,2021-07-16 05:30:00,40.828407,-73.93125,1,0,Traffic Control Disregarded,4439759,32.3,23.2,0.3,0.3,0.0,3.0,51,12.3,33.1,238,Drizzle: Light,1,1,
58903,2021-07-23 13:20:00,40.6532,-74.005585,1,0,Unspecified,4440189,26.2,17.3,0.0,0.0,0.0,0.0,1,11.3,27.0,340,Mainly clear,1,1,Sunny/Clear Conditions
58904,2021-07-22 09:15:00,40.594585,-73.90858,0,0,Unspecified,4439540,26.7,17.5,0.0,0.0,0.0,0.0,3,15.3,28.4,327,Overcast,0,0,
58905,2021-07-22 20:23:00,40.851627,-73.86013,1,0,Unspecified,4439664,26.7,17.5,0.0,0.0,0.0,0.0,3,15.3,28.4,327,Overcast,1,1,
58906,2021-07-21 10:00:00,40.63042,-73.98191,0,0,Driver Inattention/Distraction,4440491,27.6,20.9,1.4,1.4,0.0,4.0,53,16.0,31.3,315,Drizzle: Moderate,0,0,
58907,2021-07-23 19:00:00,40.66418,-73.92009,0,0,Unspecified,4440301,26.2,17.3,0.0,0.0,0.0,0.0,1,11.3,27.0,340,Mainly clear,0,0,Sunny/Clear Conditions
58908,2021-07-22 15:50:00,40.698544,-73.96236,0,0,Unspecified,4440044,26.7,17.5,0.0,0.0,0.0,0.0,3,15.3,28.4,327,Overcast,0,0,
58909,2021-07-16 13:48:00,40.527805,-74.232376,1,0,Unspecified,4439627,32.3,23.2,0.3,0.3,0.0,3.0,51,12.3,33.1,238,Drizzle: Light,1,1,
58910,2021-07-23 23:00:00,40.794353,-73.97836,0,0,Unsafe Lane Changing,4439830,26.2,17.3,0.0,0.0,0.0,0.0,1,11.3,27.0,340,Mainly clear,0,0,Sunny/Clear Conditions
58911,2021-07-21 20:15:00,40.690342,-73.78243,1,0,Turning Improperly,4439817,27.6,20.9,1.4,1.4,0.0,4.0,53,16.0,31.3,315,Drizzle: Moderate,1,1,
58912,2021-07-21 09:23:00,40.70479,-73.961876,0,0,Turning Improperly,4439247,27.6,20.9,1.4,1.4,0.0,4.0,53,16.0,31.3,315,Drizzle: Moderate,0,0,
58913,2021-07-22 12:16:00,40.636333,-73.98823,0,0,Backing Unsafely,4440116,26.7,17.5,0.0,0.0,0.0,0.0,3,15.3,28.4,327,Overcast,0,0,
58914,2021-07-22 09:20:00,40.583656,-73.98656,0,0,Oversized Vehicle,4439457,26.7,17.5,0.0,0.0,0.0,0.0,3,15.3,28.4,327,Overcast,0,0,
58915,2021-07-22 14:15:00,40.70465,-73.90191,0,0,Driver Inattention/Distraction,4440251,26.7,17.5,0.0,0.0,0.0,0.0,3,15.3,28.4,327,Overcast,0,0,
58916,2021-07-22 23:00:00,40.709213,-73.94857,0,0,Unspecified,4439563,26.7,17.5,0.0,0.0,0.0,0.0,3,15.3,28.4,327,Overcast,0,0,
58917,2021-07-21 16:40:00,40.84661,-73.832794,1,0,Unspecified,4439349,27.6,20.9,1.4,1.4,0.0,4.0,53,16.0,31.3,315,Drizzle: Moderate,1,1,
58918,2021-07-22 22:17:00,40.761436,-73.76995,0,0,Driver Inattention/Distraction,4439576,26.7,17.5,0.0,0.0,0.0,0.0,3,15.3,28.4,327,Overcast,0,0,