,CRASH DATETIME,LATITUDE,LONGITUDE,NUMBER OF PERSONS INJURED,NUMBER OF PERSONS KILLED,CONTRIBUTING FACTOR VEHICLE 1,COLLISION_ID,temperature_2m_max,temperature_2m_min,precipitation_sum,rain_sum,snowfall_sum,precipitation_hours,weather_code,wind_speed_10m_max,wind_gusts_10m_max,wind_direction_10m_dominant,Weather Description,Severity_Score,Total_Affected_Persons,Weather_Category
58919,2021-07-23 21:30:00,40.747723,-73.976685,1,0,Pavement Defective,4439924,26.2,17.3,0.0,0.0,0.0,0.0,1,11.3,27.0,340,Mainly clear,1,1,Sunny/Clear Conditions
58920,2021-07-20 02:30:00,40.652042,-74.00519,0,0,Backing Unsafely,4440173,30.9,21.1,0.0,0.0,0.0,0.0,1,13.3,26.6,283,Mainly clear,0,0,Sunny/Clear Conditions
58921,2021-07-12 10:54:00,40.820187,-73.890686,2,0,Unspecified,4439728,28.6,22.0,9.7,9.7,0.0,12.0,63,12.0,31.7,107,Rain: Moderate,2,2,
58922,2021-07-22 09:00:00,40.707462,-74.01713,0,0,Unspecified,4439596,26.7,17.5,0.0,0.0,0.0,0.0,3,15.3,28.4,327,Overcast,0,0,
58923,2021-07-22 11:15:00,40.66758,-73.737404,1,0,Passing or Lane Usage Improper,4439713,26.7,17.5,0.0,0.0,0.0,0.0,3,15.3,28.4,327,Overcast,1,1,
58924,2021-07-19 19:10:00,40.676342,-73.910934,0,0,Unspecified,4440302,27.5,20.8,0.5,0.5,0.0,2.0,51,12.8,29.9,307,Drizzle: Light,0,0,
58925,2021-07-23 08:05:00,40.669865,-73.95051,0,0,Passing Too Closely,4439691,26.2,17.3,0.0,0.0,0.0,0.0,1,11.3,27.0,340,Mainly clear,0,0,Sunny/Clear Conditions
58926,2021-07-21 13:05:00,40.778137,-73.95449,0,0,Passing Too Closely,4439132,27.6,20.9,1.4,1.4,0.0,4.0,53,16.0,31.3,315,Drizzle: Moderate,0,0,
58927,2021-07-21 19:51:00,40.67012,-73.99695,0,0,Driver Inattention/Distraction,4439382,27.6,20.9,1.4,1.4,0.0,4.0,53,16.0,31.3,315,Drizzle: Moderate,0,0,
58928,2021-07-22 07:04:00,40.72129,-73.94888,0,0,Unspecified,4440304,26.7,17.5,0.0,0.0,0.0,0.0,3,15.3,28.4,327,Overcast,0,0,
58929,2021-07-21 21:00:00,40.730366,-73.91388,1,0,Other Vehicular,4439530,27.6,20.9,1.4,1.4,0.0,4.0,53,16.0,31.3,315,Drizzle: Moderate,1,1,
58930,2021-07-22 02:27:00,40.793556,-73.967026,0,0,Passing or Lane Usage Improper,4439343,26.7,17.5,0.0,0.0,0.0,0.0,3,15.3,28.4,327,Overcast,0,0,
58931,2021-07-21 12:15:00,40.80417,-73.966705,0,0,Backing Unsafely,4439117,27.6,20.9,1.4,1.4,0.0,4.0,53,16.0,31.3,315,Drizzle: Moderate,0,0,
58932,2021-07-21 06:13:00,40.724236,-73.837685,0,0,Driver Inattention/Distraction,4439187,27.6,20.9,1.4,1.4,0.0,4.0,53,16.0,31.3,315,Drizzle: Moderate,0,0,
58933,2021-07-23 11:34:00,40.58038,-73.967606,0,0,Following Too Closely,4440279,26.2,17.3,0.0,0.0,0.0,0.0,1,11.3,27.0,340,Mainly clear,0,0,Sunny/Clear Conditions
58934,2021-07-15 23:00:00,40.70458,-73.896,0,0,Passing or Lane Usage Improper,4439686,29.3,21.2,0.1,0.1,0.0,1.0,51,13.7,27.4,212,Drizzle: Light,0,0,
58935,2021-07-22 12:55:00,40.629776,-74.110664,0,0,Driver Inattention/Distraction,4440341,26.7,17.5,0.0,0.0,0.0,0.0,3,15.3,28.4,327,Overcast,0,0,
58936,2021-07-21 18:51:00,40.87395,-73.85278,1,0,Passing or Lane Usage Improper,4439416,27.6,20.9,1.4,1.4,0.0,4.0,53,16.0,31.3,315,Drizzle: Moderate,1,1,
58937,2021-07-22 08:45:00,40.691807,-73.918625,0,0,Driver Inattention/Distraction,4439407,26.7,17.5,0.0,0.0,0.0,0.0,3,15.3,28.4,327,Overcast,0,0,
58938,2021-07-21 11:05:00,40.853813,-73.90734,0,0,Turning Improperly,4439096,27.6,20.9,1.4,1.4,0.0,4.0,53,16.0,31.3,315,Drizzle: Moderate,0,0,
58939,2021-07-22 19:30:00,40.716034,-73.80416,1,0,Unspecified,4439703,26.7,17.5,0.0,0.0,0.0,0.0,3,15.3,28.4,327,Overcast,1,1,
58940,2021-07-22 07:44:00,40.700123,-73.90622,0,0,Unspecified,4440239,26.7,17.5,0.0,0.0,0.0,0.0,3,15.3,28.4,327,Overcast,0,0,
58941,2021-07-23 21:00:00,40.739548,-73.89205,0,0,Driver Inattention/Distraction,4440382,26.2,17.3,0.0,0.0,0.0,0.0,1,11.3,27.0,340,Mainly clear,0,0,Sunny/Clear Conditions
58942,2021-07-22 15:45:00,40.605072,-73.92988,0,0,Driver Inattention/Distraction,4439541,26.7,17.5,0.0,0.0,0.0,0.0,3,15.3,28.4,327,Overcast,0,0,
58943,2021-07-23 17:30:00,40.7429,-73.89659,0,0,Unspecified,4440373,26.2,17.3,0.0,0.0,0.0,0.0,1,11.3,27.0,340,Mainly clear,0,0,Sunny/Clear Conditions
58944,2021-07-16 15:06:00,40.54534,-74.160576,0,0,Unspecified,4439654,32.3,23.2,0.3,0.3,0.0,3.0,51,12.3,33.1,238,Drizzle: Light,0,0,
58945,2021-07-22 11:00:00,40.72225,-74.00592,0,0,Unspecified,4439896,26.7,17.5,0.0,0.0,0.0,0.0,3,15.3,28.4,327,Overcast,0,0,
58946,2022-01-10 16:43:00,40.792984,-73.94007,0,0,Unspecified,4496515,4.1,-4.3,0.0,0.0,0.0,0.0,3,24.1,44.3,295,Overcast,0,0,
58947,2021-07-17 02:57:00,40.760185,-73.9147,0,0,Driver Inattention/Distraction,4440139,30.8,23.3,5.1,5.1,0.0,5.0,61,17.8,36.4,201,Rain: Light,0,0,
58948,2021-07-23 13:00:00,40.707623,-73.962135,0,0,Passing or Lane Usage Improper,4439845,26.2,17.3,0.0,0.0,0.0,0.0,1,11.3,27.0,340,Mainly clear,0,0,Sunny/Clear Conditions
58949,2021-07-23 04:10:00,40.862747,-73.90494,0,0,Unspecified,4439585,26.2,17.3,0.0,0.0,0.0,0.0,1,11.3,27.0,340,Mainly clear,0,0,Sunny/Clear Conditions
58950,2021-07-22 09:31:00,40.75199,-73.931274,1,0,Unspecified,4439452,26.7,17.5,0.0,0.0,0.0,0.0,3,15.3,28.4,327,Overcast,1,1,
58951,2021-07-21 19:27:00,40.819786,-73.91216,0,0,Unspecified,4439279,27.6,20.9,1.4,1.4,0.0,4.0,53,16.0,31.3,315,Drizzle: Moderate,0,0,
58952,2021-07-22 13:00:00,40.751637,-73.80518,0,0,Unspecified,4439500,26.7,17.5,0.0,0.0,0.0,0.0,3,15.3,28.4,327,Overcast,0,0,
58953,2021-07-21 00:55:00,40.753304,-73.912575,0,0,Unspecified,4439015,27.6,20.9,1.4,1.4,0.0,4.0,53,16.0,31.3,315,Drizzle: Moderate,0,0,
58954,2021-07-22 21:45:00,40.710957,-73.951126,1,0,Pedestrian/Bicyclist/Other Pedestrian Error/Confusion,4439570,26.7,17.5,0.0,0.0,0.0,0.0,3,15.3,28.4,327,Overcast,1,1,
58955,2021-07-21 22:40:00,40.766876,-73.97908,1,0,Driver Inattention/Distraction,4439308,27.6,20.9,1.4,1.4,0.0,4.0,53,16.0,31.3,315,Drizzle: Moderate,1,1,
58956,2021-07-23 09:12:00,40.718933,-73.91222,0,0,Following Too Closely,4440252,26.2,17.3,0.0,0.0,0.0,0.0,1,11.3,27.0,340,Mainly clear,0,0,Sunny/Clear Conditions
58957,2021-07-22 04:00:00,40.74744,-73.885796,1,0,Passing Too Closely,4439326,26.7,17.5,0.0,0.0,0.0,0.0,3,15.3,28.4,327,Overcast,1,1,
58958,2021-07-22 17:28:00,40.58584,-73.93788,0,0,Unspecified,4439622,26.7,17.5,0.0,0.0,0.0,0.0,3,15.3,28.4,327,Overcast,0,0,
58959,2021-07-23 12:40:00,40.74879,-73.756546,0,0,Unspecified,4439787,26.2,17.3,0.0,0.0,0.0,0.0,1,11.3,27.0,340,Mainly clear,0,0,Sunny/Clear Conditions
58960,2021-07-22 17:17:00,40.720966,-73.98218,0,0,Unspecified,4439536,26.7,17.5,0.0,0.0,0.0,0.0,3,15.3,28.4,327,Overcast,0,0,
58961,2021-07-23 05:30:00,40.592793,-73.77788,1,0,Traffic Control Disregarded,4439639,26.2,17.3,0.0,0.0,0.0,0.0,1,11.3,27.0,340,Mainly clear,1,1,Sunny/Clear Conditions
58962,2021-07-21 16:40:00,40.743256,-73.89814,0,0,Driver Inattention/Distraction,4439242,27.6,20.9,1.4,1.4,0.0,4.0,53,16.0,31.3,315,Drizzle: Moderate,0,0,
58963,2021-07-22 09:00:00,40.575714,-73.96301,0,0,Following Too Closely,4440260,26.7,17.5,0.0,0.0,0.0,0.0,3,15.3,28.4,327,Overcast,0,0,
58964,2021-07-21 17:00:00,40.855858,-73.91572,0,0,Unspecified,4439422,27.6,20.9,1.4,1.4,0.0,4.0,53,16.0,31.3,315,Drizzle: Moderate,0,0,
58965,2021-07-22 10:55:00,40.71187,-73.810455,0,0,Driver Inattention/Distraction,4439718,26.7,17.5,0.0,0.0,0.0,0.0,3,15.3,28.4,327,Overcast,0,0,
58966,2021-07-17 17:50:00,40.681915,-73.909676,0,0,Backing Unsafely,4440488,30.8,23.3,5.1,5.1,0.0,5.0,61,17.8,36.4,201,Rain: Light,0,0,
58967,2021-07-23 03:18:00,40.66478,-73.88642,0,0,Illnes,4439755,26.2,17.3,0.0,0.0,0.0,0.0,1,11.3,27.0,340,Mainly clear,0,0,Sunny/Clear Conditions
58968,2021-07-22 22:45:00,40.638878,-74.00605,1,0,Unspecified,4440197,26.7,17.5,0.0,0.0,0.0,0.0,3,15.3,28.4,327,Overcast,1,1,
58969,2021-07-22 10:23:00,40.751835,-73.82427,1,0,Failure to Yield Right-of-Way,4439996,26.7,17.5,0.0,0.0,0.0,0.0,3,15.3,28.4,327,Overcast,1,1,
58970,2021-07-23 09:19:00,40.616886,-73.95272,0,0,Other Vehicular,4439681,26.2,17.3,0.0,0.0,0.0,0.0,1,11.3,27.0,340,Mainly clear,0,0,Sunny/Clear Conditions
58971,2021-07-22 19:19:00,40.681175,-73.908714,1,0,Pedestrian/Bicyclist/Other Pedestrian Error/Confusion,4440297,26.7,17.5,0.0,0.0,0.0,0.0,3,15.3,28.4,327,Overcast,1,1,
58972,2021-07-23 22:00:00,40.65853,-73.764206,0,0,Unspecified,4439949,26.2,17.3,0.0,0.0,0.0,0.0,1,11.3,27.0,340,Mainly clear,0,0,Sunny/Clear Conditions
58973,2021-06-27 06:02:00,40.67517,-73.77861,0,0,Passing Too Closely,4439813,29.2,22.2,0.5,0.5,0.0,4.0,51,19.6,45.4,196,Drizzle: Light,0,0,
58974,2021-07-23 16:11:00,40.609947,-73.92227,0,0,Unspecified,4440073,26.2,17.3,0.0,0.0,0.0,0.0,1,11.3,27.0,340,Mainly clear,0,0,Sunny/Clear Conditions
58975,2021-07-21 08:25:00,40.75619,-73.99057,0,0,Unspecified,4440123,27.6,20.9,1.4,1.4,0.0,4.0,53,16.0,31.3,315,Drizzle: Moderate,0,0,
58976,2021-07-22 00:20:00,40.680115,-73.75324,0,0,Passing or Lane Usage Improper,4439263,26.7,17.5,0.0,0.0,0.0,0.0,3,15.3,28.4,327,Overcast,0,0,
58977,2021-07-21 15:30:00,40.677933,-73.94015,1,0,Driver Inattention/Distraction,4440245,27.6,20.9,1.4,1.4,0.0,4.0,53,16.0,31.3,315,Drizzle: Moderate,1,1,
58978,2021-07-22 18:00:00,40.68349,-73.82643,1,0,Failure to Yield Right-of-Way,4439558,26.7,17.5,0.0,0.0,0.0,0.0,3,15.3,28.4,327,Overcast,1,1,
58979,2021-07-18 19:40:00,40.831978,-73.93515,1,0,Passing Too Closely,4440462,28.4,23.1,12.4,12.4,0.0,10.0,63,19.6,39.2,232,Rain: Moderate,1,1,
58980,2021-07-19 18:55:00,40.726685,-73.82183,0,0,Failure to Yield Right-of-Way,4439696,27.5,20.8,0.5,0.5,0.0,2.0,51,12.8,29.9,307,Drizzle: Light,0,0,
58981,2021-07-16 13:00:00,40.699776,-73.98246,1,0,Driver Inattention/Distraction,4439676,32.3,23.2,0.3,0.3,0.0,3.0,51,12.3,33.1,238,Drizzle: Light,1,1,
58982,2021-07-16 21:50:00,40.797775,-73.9423,0,0,Aggressive Driving/Road Rage,4439930,32.3,23.2,0.3,0.3,0.0,3.0,51,12.3,33.1,238,Drizzle: Light,0,0,
58983,2021-07-22 10:15:00,40.73046,-73.95149,0,0,Passing Too Closely,4440310,26.7,17.5,0.0,0.0,0.0,0.0,3,15.3,28.4,327,Overcast,0,0,
58984,2021-07-23 15:05:00,40.75484,-73.98412,0,0,Unspecified,4440131,26.2,17.3,0.0,0.0,0.0,0.0,1,11.3,27.0,340,Mainly clear,0,0,Sunny/Clear Conditions
58985,2021-07-21 23:22:00,40.756485,-73.94005,0,0,Following Too Closely,4440144,27.6,20.9,1.4,1.4,0.0,4.0,53,16.0,31.3,315,Drizzle: Moderate,0,0,
58986,2021-07-23 14:25:00,40.880466,-73.88384,0,0,Following Too Closely,4439745,26.2,17.3,0.0,0.0,0.0,0.0,1,11.3,27.0,340,Mainly clear,0,0,Sunny/Clear Conditions
58987,2021-07-19 18:10:00,40.712616,-73.78399,2,0,Unspecified,4439613,27.5,20.8,0.5,0.5,0.0,2.0,51,12.8,29.9,307,Drizzle: Light,2,2,
58988,2021-07-23 17:25:00,40.698452,-73.92176,0,0,Alcohol Involvement,4439860,26.2,17.3,0.0,0.0,0.0,0.0,1,11.3,27.0,340,Mainly clear,0,0,Sunny/Clear Conditions
58989,2021-07-22 12:50:00,40.763584,-73.904205,0,0,Unsafe Lane Changing,4439708,26.7,17.5,0.0,0.0,0.0,0.0,3,15.3,28.4,327,Overcast,0,0,
58990,2021-07-23 14:22:00,40.613075,-74.12257,2,0,Unspecified,4440349,26.2,17.3,0.0,0.0,0.0,0.0,1,11.3,27.0,340,Mainly clear,2,2,Sunny/Clear Conditions
58991,2021-07-17 03:05:00,40.714878,-73.95447,1,0,Alcohol Involvement,4439887,30.8,23.3,5.1,5.1,0.0,5.0,61,17.8,36.4,201,Rain: Light,1,1,
58992,2021-07-23 20:30:00,40.684277,-73.78302,0,0,Backing Unsafely,4439809,26.2,17.3,0.0,0.0,0.0,0.0,1,11.3,27.0,340,Mainly clear,0,0,Sunny/Clear Conditions
58993,2021-07-22 08:00:00,40.6584,-73.917114,0,0,Unspecified,4439963,26.7,17.5,0.0,0.0,0.0,0.0,3,15.3,28.4,327,Overcast,0,0,
58994,2021-07-22 14:30:00,40.853687,-73.93397,0,0,Backing Unsafely,4439740,26.7,17.5,0.0,0.0,0.0,0.0,3,15.3,28.4,327,Overcast,0,0,
58995,2021-07-18 02:35:00,40.69897,-73.95702,3,0,Following Too Closely,4440509,28.4,23.1,12.4,12.4,0.0,10.0,63,19.6,39.2,232,Rain: Moderate,3,3,
58996,2021-06-26 15:45:00,40.75542,-73.986534,0,0,Driver Inattention/Distraction,4440126,26.5,18.6,1.3,1.3,0.0,8.0,51,23.7,52.9,181,Drizzle: Light,0,0,
58997,2021-07-22 17:00:00,40.873283,-73.85555,0,0,Driver Inattention/Distraction,4440284,26.7,17.5,0.0,0.0,0.0,0.0,3,15.3,28.4,327,Overcast,0,0,
58998,2021-07-21 18:51:00,40.87296,-73.87495,1,0,Turning Improperly,4439317,27.6,20.9,1.4,1.4,0.0,4.0,53,16.0,31.3,315,Drizzle: Moderate,1,1,
58999,2021-07-21 13:05:00,40.764896,-73.76155,0,0,Driver Inattention/Distraction,4439164,27.6,20.9,1.4,1.4,0.0,4.0,53,16.0,31.3,315,Drizzle: Moderate,0,0,
59000,2021-07-21 09:00:00,40.65452,-73.882225,0,0,Driver Inattention/Distraction,4439082,27.6,20.9,1.4,1.4,0.0,4.0,53,16.0,31.3,315,Drizzle: Moderate,0,0,
59001,2021-07-21 10:25:00,40.725243,-74.01006,1,0,Unspecified,4439372,27.6,20.9,1.4,1.4,0.0,4.0,53,16.0,31.3,315,Drizzle: Moderate,1,1,
59002,2021-07-22 10:55:00,40.597145,-73.9611,1,0,Driver Inattention/Distraction,4439434,26.7,17.5,0.0,0.0,0.0,0.0,3,15.3,28.4,327,Overcast,1,1,
59003,2021-07-21 07:00:00,40.906384,-73.85167,0,0,Passing or Lane Usage Improper,4440335,27.6,20.9,1.4,1.4,0.0,4.0,53,16.0,31.3,315,Drizzle: Moderate,0,0,
59004,2021-07-21 14:50:00,40.76465,-73.823494,0,0,Driver Inattention/Distraction,4439218,27.6,20.9,1.4,1.4,0.0,4.0,53,16.0,31.3,315,Drizzle: Moderate,0,0,
59005,2021-07-21 13:10:00,40.63169,-73.94074,0,0,Unspecified,4439208,27.6,20.9,1.4,1.4,0.0,4.0,53,16.0,31.3,315,Drizzle: Moderate,0,0,
59006,2021-07-21 23:25:00,40.680504,-73.8829,0,0,Unspecified,4439397,27.6,20.9,1.4,1.4,0.0,4.0,53,16.0,31.3,315,Drizzle: Moderate,0,0,
59007,2021-07-22 16:00:00,40.667118,-73.811165,0,0,Oversized Vehicle,4439550,26.7,17.5,0.0,0.0,0.0,0.0,3,15.3,28.4,327,Overcast,0,0,
59008,2021-07-21 15:00:00,40.782703,-73.97123,0,0,Reaction to Uninvolved Vehicle,4439723,27.6,20.9,1.4,1.4,0.0,4.0,53,16.0,31.3,315,Drizzle: Moderate,0,0,
59009,2021-07-21 09:00:00,40.667824,-73.93122,1,0,Passing Too Closely,4439782,27.6,20.9,1.4,1.4,0.0,4.0,53,16.0,31.3,315,Drizzle: Moderate,1,1,
59010,2021-07-22 11:38:00,40.516335,-74.23283,0,0,Driver Inattention/Distraction,4439650,26.7,17.5,0.0,0.0,0.0,0.0,3,15.3,28.4,327,Overcast,0,0,
59011,2021-07-23 22:50:00,40.64359,-73.90471,0,0,Driver Inattention/Distraction,4439905,26.2,17.3,0.0,0.0,0.0,0.0,1,11.3,27.0,340,Mainly clear,0,0,Sunny/Clear Conditions
59012,2021-07-21 07:45:00,0.0,0.0,1,0,Driver Inattention/Distraction,4439258,27.6,20.9,1.4,1.4,0.0,4.0,53,16.0,31.3,315,Drizzle: Moderate,1,1,
59013,2021-07-21 07:45:00,40.675755,-73.744896,0,0,Unspecified,4439290,27.6,20.9,1.4,1.4,0.0,4.0,53,16.0,31.3,315,Drizzle: Moderate,0,0,
59014,2021-07-21 00:20:00,40.669243,-73.80129,0,0,Passing or Lane Usage Improper,4439521,27.6,20.9,1.4,1.4,0.0,4.0,53,16.0,31.3,315,Drizzle: Moderate,0,0,
59015,2021-07-22 07:00:00,40.605946,-74.19036,0,0,Unspecified,4439476,26.7,17.5,0.0,0.0,0.0,0.0,3,15.3,28.4,327,Overcast,0,0,
59016,2021-07-23 06:50:00,40.755516,-73.961105,0,0,Unspecified,4439603,26.2,17.3,0.0,0.0,0.0,0.0,1,11.3,27.0,340,Mainly clear,0,0,Sunny/Clear Conditions
59017,2021-07-10 11:16:00,40.711884,-73.781204,0,0,Passing Too Closely,4439767,25.5,20.7,0.5,0.5,0.0,3.0,51,14.5,29.9,1,Drizzle: Light,0,0,
59018,2021-06-20 10:09:00,40.674904,-73.94447,0,0,Other Vehicular,4440254,28.7,17.3,0.3,0.3,0.0,2.0,51,19.5,40.0,212,Drizzle: Light,0,0,
59019,2021-07-22 10:40:00,40.85713,-73.8808,0,0,Driver Inattention/Distraction,4439618,26.7,17.5,0.0,0.0,0.0,0.0,3,15.3,28.4,327,Overcast,0,0,
59020,2021-07-21 15:54:00,40.829998,-73.90632,0,0,Cell Phone (hand-Held),4439302,27.6,20.9,1.4,1.4,0.0,4.0,53,16.0,31.3,315,Drizzle: Moderate,0,0,
59021,2021-07-23 13:50:00,40.677208,-73.89723,0,0,Unspecified,4439750,26.2,17.3,0.0,0.0,0.0,0.0,1,11.3,27.0,340,Mainly clear,0,0,Sunny/Clear Conditions
59022,2021-07-20 13:36:00,40.637196,-74.00779,0,0,Failure to Yield Right-of-Way,4439635,30.9,21.1,0.0,0.0,0.0,0.0,1,13.3,26.6,283,Mainly clear,0,0,Sunny/Clear Conditions
59023,2021-07-21 21:05:00,40.709164,-73.95776,1,0,Failure to Yield Right-of-Way,4439249,27.6,20.9,1.4,1.4,0.0,4.0,53,16.0,31.3,315,Drizzle: Moderate,1,1,
59024,2021-07-22 09:30:00,40.823414,-73.82351,0,0,Unspecified,4439589,26.7,17.5,0.0,0.0,0.0,0.0,3,15.3,28.4,327,Overcast,0,0,
59025,2021-07-04 21:05:00,40.694256,-73.97799,0,0,Unspecified,4439824,24.6,15.8,1.4,1.4,0.0,12.0,51,11.8,27.0,299,Drizzle: Light,0,0,
59026,2021-07-21 22:00:00,40.677845,-73.729744,2,0,Unspecified,4439458,27.6,20.9,1.4,1.4,0.0,4.0,53,16.0,31.3,315,Drizzle: Moderate,2,2,
59027,2021-07-22 23:15:00,40.60595,-74.07601,0,0,Following Too Closely,4440215,26.7,17.5,0.0,0.0,0.0,0.0,3,15.3,28.4,327,Overcast,0,0,
59028,2021-07-19 22:29:00,40.683784,-73.769745,0,0,Following Too Closely,4439841,27.5,20.8,0.5,0.5,0.0,2.0,51,12.8,29.9,307,Drizzle: Light,0,0,
59029,2021-07-09 15:10:00,40.6526,-73.9411,1,0,Driver Inattention/Distraction,4439958,29.8,22.0,35.0,35.0,0.0,14.0,63,31.0,55.8,341,Rain: Moderate,1,1,
59030,2021-07-20 02:21:00,40.667824,-73.93122,1,0,Failure to Yield Right-of-Way,4440031,30.9,21.1,0.0,0.0,0.0,0.0,1,13.3,26.6,283,Mainly clear,1,1,Sunny/Clear Conditions
59031,2021-07-22 22:45:00,40.701557,-73.790276,0,0,Driver Inattention/Distraction,4439772,26.7,17.5,0.0,0.0,0.0,0.0,3,15.3,28.4,327,Overcast,0,0,
59032,2021-07-22 14:00:00,40.592937,-73.94046,1,0,Driver Inexperience,4439468,26.7,17.5,0.0,0.0,0.0,0.0,3,15.3,28.4,327,Overcast,1,1,
59033,2021-07-22 08:30:00,40.83383,-73.921234,0,0,Passing Too Closely,4439883,26.7,17.5,0.0,0.0,0.0,0.0,3,15.3,28.4,327,Overcast,0,0,
59034,2021-07-23 14:50:00,40.75124,-73.77502,0,0,Failure to Yield Right-of-Way,4439777,26.2,17.3,0.0,0.0,0.0,0.0,1,11.3,27.0,340,Mainly clear,0,0,Sunny/Clear Conditions
59035,2021-07-20 15:31:00,40.826664,-73.88803,0,0,Passing Too Closely,4439735,30.9,21.1,0.0,0.0,0.0,0.0,1,13.3,26.6,283,Mainly clear,0,0,Sunny/Clear Conditions
59036,2021-07-17 06:30:00,40.50576,-74.25147,0,0,Driver Inexperience,4439645,30.8,23.3,5.1,5.1,0.0,5.0,61,17.8,36.4,201,Rain: Light,0,0,
59037,2021-07-23 17:00:00,40.844448,-73.82846,0,0,Unspecified,4440097,26.2,17.3,0.0,0.0,0.0,0.0,1,11.3,27.0,340,Mainly clear,0,0,Sunny/Clear Conditions
59038,2021-07-22 07:10:00,40.70119,-73.76171,0,0,Traffic Control Disregarded,4439493,26.7,17.5,0.0,0.0,0.0,0.0,3,15.3,28.4,327,Overcast,0,0,
59039,2021-07-23 12:40:00,40.66858,-73.84223,0,0,Turning Improperly,4440451,26.2,17.3,0.0,0.0,0.0,0.0,1,11.3,27.0,340,Mainly clear,0,0,Sunny/Clear Conditions
59040,2021-07-21 16:51:00,40.585163,-73.95641,1,0,Driver Inattention/Distraction,4439271,27.6,20.9,1.4,1.4,0.0,4.0,53,16.0,31.3,315,Drizzle: Moderate,1,1,
59041,2021-10-31 11:01:00,40.776882,-73.92332,0,0,Driver Inattention/Distraction,4472986,18.3,12.5,3.7,3.7,0.0,8.0,55,22.9,41.0,268,Drizzle: Dense,0,0,
59042,2021-10-30 06:32:00,40.73635,-73.97502,0,0,Pavement Slippery,4473300,17.8,12.0,7.8,7.8,0.0,16.0,61,38.5,68.0,112,Rain: Light,0,0,
59043,2021-10-15 21:00:00,40.73329,-73.98719,1,0,Unspecified,4473493,25.0,14.5,0.0,0.0,0.0,0.0,3,16.8,28.4,182,Overcast,1,1,
59044,2021-10-31 13:25:00,40.734085,-73.97806,1,0,Passing or Lane Usage Improper,4472715,18.3,12.5,3.7,3.7,0.0,8.0,55,22.9,41.0,268,Drizzle: Dense,1,1,
59045,2021-10-25 16:00:00,40.614086,-74.06614,0,0,Driver Inattention/Distraction,4473328,22.8,13.5,10.7,10.7,0.0,8.0,63,18.9,33.5,172,Rain: Moderate,0,0,
59046,2021-10-31 19:12:00,40.619083,-73.950264,1,0,Driver Inattention/Distraction,4472874,18.3,12.5,3.7,3.7,0.0,8.0,55,22.9,41.0,268,Drizzle: Dense,1,1,
59047,2021-10-28 15:30:00,40.629333,-73.96801,0,0,Driver Inattention/Distraction,4473366,15.2,7.9,0.0,0.0,0.0,0.0,3,19.1,34.6,28,Overcast,0,0,
59048,2021-10-31 18:40:00,40.895374,-73.86356,0,0,Driver Inattention/Distraction,4472912,18.3,12.5,3.7,3.7,0.0,8.0,55,22.9,41.0,268,Drizzle: Dense,0,0,
59049,2021-10-31 01:01:00,40.880722,-73.87665,0,0,Unspecified,4473277,18.3,12.5,3.7,3.7,0.0,8.0,55,22.9,41.0,268,Drizzle: Dense,0,0,
59050,2021-10-31 08:55:00,40.619083,-73.950264,1,0,Unspecified,4472861,18.3,12.5,3.7,3.7,0.0,8.0,55,22.9,41.0,268,Drizzle: Dense,1,1,
59051,2021-10-31 08:45:00,40.78625,-73.93935,1,0,Reaction to Uninvolved Vehicle,4472539,18.3,12.5,3.7,3.7,0.0,8.0,55,22.9,41.0,268,Drizzle: Dense,1,1,
59052,2021-10-31 17:47:00,40.63721,-74.02221,2,0,Failure to Yield Right-of-Way,4472629,18.3,12.5,3.7,3.7,0.0,8.0,55,22.9,41.0,268,Drizzle: Dense,2,2,
59053,2021-10-31 07:40:00,40.87272,-73.87659,0,0,Unspecified,4472953,18.3,12.5,3.7,3.7,0.0,8.0,55,22.9,41.0,268,Drizzle: Dense,0,0,
59054,2021-10-31 11:30:00,40.688213,-73.919815,1,0,Aggressive Driving/Road Rage,4472938,18.3,12.5,3.7,3.7,0.0,8.0,55,22.9,41.0,268,Drizzle: Dense,1,1,
59055,2021-10-31 02:59:00,40.650276,-74.01176,0,0,Unspecified,4472499,18.3,12.5,3.7,3.7,0.0,8.0,55,22.9,41.0,268,Drizzle: Dense,0,0,
59056,2021-10-26 08:40:00,40.866447,-73.9305,1,0,Unspecified,4473301,16.9,13.8,84.5,84.5,0.0,17.0,65,28.7,53.6,87,Rain: Heavy,1,1,
59057,2021-10-30 15:20:00,40.600647,-73.74233,0,0,Unspecified,4473372,17.8,12.0,7.8,7.8,0.0,16.0,61,38.5,68.0,112,Rain: Light,0,0,
59058,2021-10-31 13:42:00,40.753677,-73.914474,1,0,Unspecified,4472993,18.3,12.5,3.7,3.7,0.0,8.0,55,22.9,41.0,268,Drizzle: Dense,1,1,
59059,2021-10-26 08:30:00,40.71702,-73.830505,3,0,Unsafe Speed,4473419,16.9,13.8,84.5,84.5,0.0,17.0,65,28.7,53.6,87,Rain: Heavy,3,3,
59060,2021-10-31 18:40:00,40.759525,-73.99925,0,0,Passing or Lane Usage Improper,4473091,18.3,12.5,3.7,3.7,0.0,8.0,55,22.9,41.0,268,Drizzle: Dense,0,0,