,CRASH DATETIME,LATITUDE,LONGITUDE,NUMBER OF PERSONS INJURED,NUMBER OF PERSONS KILLED,CONTRIBUTING FACTOR VEHICLE 1,COLLISION_ID,temperature_2m_max,temperature_2m_min,precipitation_sum,rain_sum,snowfall_sum,precipitation_hours,weather_code,wind_speed_10m_max,wind_gusts_10m_max,wind_direction_10m_dominant,Weather Description,Severity_Score,Total_Affected_Persons,Weather_Category
59061,2021-10-31 22:10:00,40.81532,-73.88665,2,0,Failure to Yield Right-of-Way,4473119,18.3,12.5,3.7,3.7,0.0,8.0,55,22.9,41.0,268,Drizzle: Dense,2,2,
59062,2021-10-31 01:05:00,40.75596,-73.8815,3,0,Pavement Slippery,4472391,18.3,12.5,3.7,3.7,0.0,8.0,55,22.9,41.0,268,Drizzle: Dense,3,3,
59063,2021-10-31 01:45:00,40.608932,-73.971924,0,0,Alcohol Involvement,4472820,18.3,12.5,3.7,3.7,0.0,8.0,55,22.9,41.0,268,Drizzle: Dense,0,0,
59064,2021-10-31 18:57:00,40.86386,-73.853874,0,0,Other Vehicular,4472841,18.3,12.5,3.7,3.7,0.0,8.0,55,22.9,41.0,268,Drizzle: Dense,0,0,
59065,2021-06-20 11:33:00,40.82451,-73.95186,0,0,Unspecified,4473291,28.7,17.3,0.3,0.3,0.0,2.0,51,19.5,40.0,212,Drizzle: Light,0,0,
59066,2021-10-28 08:43:00,40.748306,-73.87104,0,0,Passing Too Closely,4473525,15.2,7.9,0.0,0.0,0.0,0.0,3,19.1,34.6,28,Overcast,0,0,
59067,2021-10-31 07:52:00,40.788193,-73.79059,0,0,Pavement Slippery,4472686,18.3,12.5,3.7,3.7,0.0,8.0,55,22.9,41.0,268,Drizzle: Dense,0,0,
59068,2021-10-31 18:30:00,40.604523,-74.00071,0,0,Failure to Yield Right-of-Way,4472963,18.3,12.5,3.7,3.7,0.0,8.0,55,22.9,41.0,268,Drizzle: Dense,0,0,
59069,2021-10-31 15:46:00,40.637196,-74.00779,1,0,Unspecified,4472734,18.3,12.5,3.7,3.7,0.0,8.0,55,22.9,41.0,268,Drizzle: Dense,1,1,
59070,2021-10-31 14:50:00,40.600895,-73.98031,0,0,Passing Too Closely,4473324,18.3,12.5,3.7,3.7,0.0,8.0,55,22.9,41.0,268,Drizzle: Dense,0,0,
59071,2021-10-31 15:00:00,40.748165,-73.99941,0,0,Passing Too Closely,4473429,18.3,12.5,3.7,3.7,0.0,8.0,55,22.9,41.0,268,Drizzle: Dense,0,0,
59072,2021-10-31 00:55:00,40.75999,-73.751945,0,0,Unsafe Speed,4472834,18.3,12.5,3.7,3.7,0.0,8.0,55,22.9,41.0,268,Drizzle: Dense,0,0,
59073,2021-10-31 12:20:00,40.756897,-73.99003,0,0,Unspecified,4472610,18.3,12.5,3.7,3.7,0.0,8.0,55,22.9,41.0,268,Drizzle: Dense,0,0,
59074,2021-10-31 05:16:00,40.746162,-73.95666,0,0,Driver Inattention/Distraction,4472467,18.3,12.5,3.7,3.7,0.0,8.0,55,22.9,41.0,268,Drizzle: Dense,0,0,
59075,2021-10-31 03:35:00,40.838238,-73.876686,0,0,Other Vehicular,4472901,18.3,12.5,3.7,3.7,0.0,8.0,55,22.9,41.0,268,Drizzle: Dense,0,0,
59076,2021-10-31 23:35:00,40.741104,-73.98857,0,0,Driver Inattention/Distraction,4472973,18.3,12.5,3.7,3.7,0.0,8.0,55,22.9,41.0,268,Drizzle: Dense,0,0,
59077,2021-10-31 01:44:00,40.685867,-73.9883,1,0,Other Vehicular,4472668,18.3,12.5,3.7,3.7,0.0,8.0,55,22.9,41.0,268,Drizzle: Dense,1,1,
59078,2021-10-31 08:15:00,40.821144,-73.8889,0,0,Aggressive Driving/Road Rage,4472661,18.3,12.5,3.7,3.7,0.0,8.0,55,22.9,41.0,268,Drizzle: Dense,0,0,
59079,2021-10-31 19:06:00,40.77074,-73.99455,2,0,Driver Inattention/Distraction,4472928,18.3,12.5,3.7,3.7,0.0,8.0,55,22.9,41.0,268,Drizzle: Dense,2,2,
59080,2021-10-29 02:05:00,40.857418,-73.89996,1,0,Unspecified,4473308,13.8,8.3,9.3,9.3,0.0,5.0,63,40.9,73.8,78,Rain: Moderate,1,1,
59081,2021-10-31 23:35:00,40.731445,-73.720535,0,0,Driver Inattention/Distraction,4472729,18.3,12.5,3.7,3.7,0.0,8.0,55,22.9,41.0,268,Drizzle: Dense,0,0,
59082,2021-10-31 17:08:00,40.63937,-73.9948,1,0,Unspecified,4473210,18.3,12.5,3.7,3.7,0.0,8.0,55,22.9,41.0,268,Drizzle: Dense,1,1,
59083,2021-10-31 13:30:00,40.738323,-73.8856,0,0,Driver Inattention/Distraction,4473056,18.3,12.5,3.7,3.7,0.0,8.0,55,22.9,41.0,268,Drizzle: Dense,0,0,
59084,2021-10-28 16:00:00,40.766468,-73.87014,0,0,Other Vehicular,4473413,15.2,7.9,0.0,0.0,0.0,0.0,3,19.1,34.6,28,Overcast,0,0,
59085,2021-10-31 02:10:00,40.88742,-73.89449,0,0,Reaction to Uninvolved Vehicle,4473454,18.3,12.5,3.7,3.7,0.0,8.0,55,22.9,41.0,268,Drizzle: Dense,0,0,
59086,2021-10-26 10:55:00,0.0,0.0,0,0,Unspecified,4473517,16.9,13.8,84.5,84.5,0.0,17.0,65,28.7,53.6,87,Rain: Heavy,0,0,
59087,2021-10-31 19:57:00,40.67812,-74.00316,0,0,Unspecified,4472718,18.3,12.5,3.7,3.7,0.0,8.0,55,22.9,41.0,268,Drizzle: Dense,0,0,
59088,2021-10-27 23:50:00,40.636494,-73.98701,1,0,Driver Inattention/Distraction,4473385,16.1,12.2,6.6,6.6,0.0,6.0,61,33.3,63.0,359,Rain: Light,1,1,
59089,2021-10-31 19:22:00,40.862778,-73.906166,0,0,Driver Inattention/Distraction,4473014,18.3,12.5,3.7,3.7,0.0,8.0,55,22.9,41.0,268,Drizzle: Dense,0,0,
59090,2021-10-31 01:00:00,40.730167,-73.86243,0,0,Driver Inattention/Distraction,4473039,18.3,12.5,3.7,3.7,0.0,8.0,55,22.9,41.0,268,Drizzle: Dense,0,0,
59091,2021-10-31 03:14:00,40.671326,-73.87093,0,0,Passing or Lane Usage Improper,4472765,18.3,12.5,3.7,3.7,0.0,8.0,55,22.9,41.0,268,Drizzle: Dense,0,0,
59092,2021-10-31 15:30:00,40.829376,-73.88562,1,0,Oversized Vehicle,4473069,18.3,12.5,3.7,3.7,0.0,8.0,55,22.9,41.0,268,Drizzle: Dense,1,1,
59093,2021-10-31 01:52:00,40.669456,-73.86284,2,0,Backing Unsafely,4472779,18.3,12.5,3.7,3.7,0.0,8.0,55,22.9,41.0,268,Drizzle: Dense,2,2,
59094,2021-12-12 09:30:00,40.712,-73.82546,1,0,Driver Inattention/Distraction,4485981,13.0,3.4,0.5,0.5,0.0,1.0,53,32.4,62.6,284,Drizzle: Moderate,1,1,
59095,2021-12-10 00:20:00,40.753994,-73.94244,1,0,Failure to Yield Right-of-Way,4486352,8.5,1.6,0.0,0.0,0.0,0.0,3,9.8,20.5,183,Overcast,1,1,
59096,2021-12-12 00:00:00,40.671894,-73.87806,1,0,Failure to Yield Right-of-Way,4486098,13.0,3.4,0.5,0.5,0.0,1.0,53,32.4,62.6,284,Drizzle: Moderate,1,1,
59097,2021-12-10 20:06:00,40.80275,-73.93358,0,0,,4486338,8.5,1.6,0.0,0.0,0.0,0.0,3,9.8,20.5,183,Overcast,0,0,
59098,2021-12-12 14:26:00,40.634705,-74.10815,2,0,Driver Inattention/Distraction,4485675,13.0,3.4,0.5,0.5,0.0,1.0,53,32.4,62.6,284,Drizzle: Moderate,2,2,
59099,2021-12-12 13:25:00,40.585133,-73.954544,1,0,Driver Inattention/Distraction,4485768,13.0,3.4,0.5,0.5,0.0,1.0,53,32.4,62.6,284,Drizzle: Moderate,1,1,
59100,2021-12-12 21:10:00,40.66922,-73.76295,2,0,Failure to Yield Right-of-Way,4485873,13.0,3.4,0.5,0.5,0.0,1.0,53,32.4,62.6,284,Drizzle: Moderate,2,2,
59101,2022-01-19 14:00:00,40.69098,-73.889084,0,0,Passing or Lane Usage Improper,4495812,7.6,-4.9,0.0,0.0,0.0,0.0,3,23.5,43.2,208,Overcast,0,0,
59102,2022-01-21 01:14:00,40.74264,-73.86189,0,0,Driver Inattention/Distraction,4496235,-5.3,-11.6,0.0,0.0,0.0,0.0,3,21.9,40.0,2,Overcast,0,0,
59103,2022-01-14 19:29:00,40.697765,-73.77039,0,0,Passing Too Closely,4496384,5.0,-5.0,0.0,0.0,0.0,0.0,3,34.6,62.6,358,Overcast,0,0,
59104,2022-01-21 05:36:00,40.65011,-73.930214,0,0,Unspecified,4496564,-5.3,-11.6,0.0,0.0,0.0,0.0,3,21.9,40.0,2,Overcast,0,0,
59105,2022-01-20 08:05:00,40.711597,-73.85819,0,0,Driver Inattention/Distraction,4495954,5.2,-5.5,7.3,4.6,1.89,10.0,73,22.3,40.0,315,Snow fall: Moderate,0,0,Snowy Conditions
59106,2022-01-20 17:34:00,40.690662,-73.81033,1,0,Failure to Yield Right-of-Way,4496090,5.2,-5.5,7.3,4.6,1.89,10.0,73,22.3,40.0,315,Snow fall: Moderate,1,1,Snowy Conditions
59107,2022-01-19 06:20:00,40.851887,-73.83586,0,0,Unspecified,4495917,7.6,-4.9,0.0,0.0,0.0,0.0,3,23.5,43.2,208,Overcast,0,0,
59108,2022-01-20 14:25:00,40.75964,-73.95817,0,0,Driver Inattention/Distraction,4496104,5.2,-5.5,7.3,4.6,1.89,10.0,73,22.3,40.0,315,Snow fall: Moderate,0,0,Snowy Conditions
59109,2022-01-19 05:55:00,40.814503,-73.88649,0,0,Turning Improperly,4495648,7.6,-4.9,0.0,0.0,0.0,0.0,3,23.5,43.2,208,Overcast,0,0,
59110,2022-01-20 16:46:00,40.794376,-73.82448,0,0,Alcohol Involvement,4496130,5.2,-5.5,7.3,4.6,1.89,10.0,73,22.3,40.0,315,Snow fall: Moderate,0,0,Snowy Conditions
59111,2022-01-21 06:00:00,40.686203,-73.950745,0,0,Unsafe Speed,4496622,-5.3,-11.6,0.0,0.0,0.0,0.0,3,21.9,40.0,2,Overcast,0,0,
59112,2022-01-20 22:16:00,40.7158,-73.824486,0,0,Traffic Control Disregarded,4496224,5.2,-5.5,7.3,4.6,1.89,10.0,73,22.3,40.0,315,Snow fall: Moderate,0,0,Snowy Conditions
59113,2022-01-20 14:17:00,40.74985,-73.987946,0,0,Alcohol Involvement,4496054,5.2,-5.5,7.3,4.6,1.89,10.0,73,22.3,40.0,315,Snow fall: Moderate,0,0,Snowy Conditions
59114,2022-01-20 14:00:00,40.828194,-73.90386,0,0,Unspecified,4496175,5.2,-5.5,7.3,4.6,1.89,10.0,73,22.3,40.0,315,Snow fall: Moderate,0,0,Snowy Conditions
59115,2022-01-20 22:29:00,40.89608,-73.86692,1,0,Alcohol Involvement,4496469,5.2,-5.5,7.3,4.6,1.89,10.0,73,22.3,40.0,315,Snow fall: Moderate,1,1,Snowy Conditions
59116,2022-01-15 02:13:00,40.67834,-73.95521,0,0,Driver Inattention/Distraction,4496665,-5.3,-11.1,0.0,0.0,0.0,0.0,3,22.4,46.1,345,Overcast,0,0,
59117,2022-01-19 07:27:00,40.62877,-73.91825,0,0,Driver Inattention/Distraction,4496262,7.6,-4.9,0.0,0.0,0.0,0.0,3,23.5,43.2,208,Overcast,0,0,
59118,2022-01-19 08:41:00,40.672962,-73.90459,0,0,Unspecified,4496498,7.6,-4.9,0.0,0.0,0.0,0.0,3,23.5,43.2,208,Overcast,0,0,
59119,2022-01-19 15:30:00,40.6073,-73.919716,0,0,Failure to Yield Right-of-Way,4496696,7.6,-4.9,0.0,0.0,0.0,0.0,3,23.5,43.2,208,Overcast,0,0,
59120,2022-01-14 07:00:00,40.856358,-73.826515,2,0,Unspecified,4496442,5.0,-5.0,0.0,0.0,0.0,0.0,3,34.6,62.6,358,Overcast,2,2,
59121,2022-01-19 10:03:00,40.68046,-73.96136,0,0,Following Too Closely,4496671,7.6,-4.9,0.0,0.0,0.0,0.0,3,23.5,43.2,208,Overcast,0,0,
59122,2022-01-18 15:46:00,40.817146,-73.89765,0,0,Unspecified,4496822,1.7,-4.9,0.0,0.0,0.0,0.0,3,30.9,58.3,294,Overcast,0,0,
59123,2022-01-17 14:00:00,40.65923,-73.89329,0,0,Failure to Yield Right-of-Way,4496162,9.7,0.4,33.6,32.8,0.56,12.0,73,54.1,99.7,183,Snow fall: Moderate,0,0,Snowy Conditions
59124,2022-01-12 06:00:00,40.71512,-73.83224,1,0,Driver Inattention/Distraction,4496276,4.6,-7.3,0.0,0.0,0.0,0.0,3,20.5,39.2,213,Overcast,1,1,
59125,2022-01-21 08:10:00,40.89608,-73.86692,0,0,Driver Inattention/Distraction,4496289,-5.3,-11.6,0.0,0.0,0.0,0.0,3,21.9,40.0,2,Overcast,0,0,
59126,2022-01-20 20:40:00,40.897778,-73.88465,1,0,Pavement Slippery,4496404,5.2,-5.5,7.3,4.6,1.89,10.0,73,22.3,40.0,315,Snow fall: Moderate,1,1,Snowy Conditions
59127,2022-01-20 07:00:00,40.74036,-73.97318,0,0,Unspecified,4496007,5.2,-5.5,7.3,4.6,1.89,10.0,73,22.3,40.0,315,Snow fall: Moderate,0,0,Snowy Conditions
59128,2022-01-19 12:55:00,40.70139,-73.83153,0,0,Unsafe Lane Changing,4495789,7.6,-4.9,0.0,0.0,0.0,0.0,3,23.5,43.2,208,Overcast,0,0,
59129,2022-01-19 09:15:00,40.8188,-73.956024,0,0,Backing Unsafely,4495796,7.6,-4.9,0.0,0.0,0.0,0.0,3,23.5,43.2,208,Overcast,0,0,
59130,2022-01-19 14:55:00,40.733433,-73.9955,1,0,Driver Inattention/Distraction,4495984,7.6,-4.9,0.0,0.0,0.0,0.0,3,23.5,43.2,208,Overcast,1,1,
59131,2022-01-20 09:18:00,40.761944,-73.82487,0,0,Passing or Lane Usage Improper,4496127,5.2,-5.5,7.3,4.6,1.89,10.0,73,22.3,40.0,315,Snow fall: Moderate,0,0,Snowy Conditions
59132,2022-01-19 14:40:00,40.70321,-73.94626,1,0,Following Too Closely,4495821,7.6,-4.9,0.0,0.0,0.0,0.0,3,23.5,43.2,208,Overcast,1,1,
59133,2022-01-20 11:01:00,40.81984,-73.94411,2,0,Unspecified,4496001,5.2,-5.5,7.3,4.6,1.89,10.0,73,22.3,40.0,315,Snow fall: Moderate,2,2,Snowy Conditions
59134,2022-01-19 14:30:00,40.562767,-74.18087,1,0,Driver Inattention/Distraction,4496143,7.6,-4.9,0.0,0.0,0.0,0.0,3,23.5,43.2,208,Overcast,1,1,
59135,2022-01-19 15:50:00,40.887547,-73.81512,0,0,Driver Inattention/Distraction,4495856,7.6,-4.9,0.0,0.0,0.0,0.0,3,23.5,43.2,208,Overcast,0,0,
59136,2022-01-17 17:48:00,40.6889,-73.92726,1,0,Unspecified,4496525,9.7,0.4,33.6,32.8,0.56,12.0,73,54.1,99.7,183,Snow fall: Moderate,1,1,Snowy Conditions
59137,2022-01-19 00:40:00,40.70253,-73.8143,1,0,Pedestrian/Bicyclist/Other Pedestrian Error/Confusion,4496026,7.6,-4.9,0.0,0.0,0.0,0.0,3,23.5,43.2,208,Overcast,1,1,
59138,2022-01-18 17:10:00,40.646244,-74.01827,3,0,Unsafe Lane Changing,4496737,1.7,-4.9,0.0,0.0,0.0,0.0,3,30.9,58.3,294,Overcast,3,3,
59139,2022-01-11 11:15:00,40.675735,-73.89686,1,0,Unspecified,4496160,-4.2,-8.8,0.0,0.0,0.0,0.0,1,26.7,50.8,316,Mainly clear,1,1,Sunny/Clear Conditions
59140,2022-01-19 08:41:00,40.788986,-73.97407,0,0,Unsafe Lane Changing,4495734,7.6,-4.9,0.0,0.0,0.0,0.0,3,23.5,43.2,208,Overcast,0,0,
59141,2022-01-21 00:15:00,40.660576,-73.99065,0,0,Alcohol Involvement,4496310,-5.3,-11.6,0.0,0.0,0.0,0.0,3,21.9,40.0,2,Overcast,0,0,
59142,2022-01-20 11:20:00,40.6287,-74.022964,1,0,Failure to Yield Right-of-Way,4495985,5.2,-5.5,7.3,4.6,1.89,10.0,73,22.3,40.0,315,Snow fall: Moderate,1,1,Snowy Conditions
59143,2022-01-21 11:30:00,40.74855,-73.89582,0,0,Traffic Control Disregarded,4496239,-5.3,-11.6,0.0,0.0,0.0,0.0,3,21.9,40.0,2,Overcast,0,0,
59144,2022-01-21 20:31:00,40.762024,-74.00116,0,0,Unsafe Lane Changing,4496555,-5.3,-11.6,0.0,0.0,0.0,0.0,3,21.9,40.0,2,Overcast,0,0,
59145,2022-01-21 23:31:00,40.577747,-74.00814,0,0,Driver Inexperience,4496537,-5.3,-11.6,0.0,0.0,0.0,0.0,3,21.9,40.0,2,Overcast,0,0,
59146,2022-01-18 10:00:00,40.771477,-73.91824,1,0,Unspecified,4496504,1.7,-4.9,0.0,0.0,0.0,0.0,3,30.9,58.3,294,Overcast,1,1,
59147,2022-01-20 09:15:00,40.647694,-73.98037,0,0,Unspecified,4496020,5.2,-5.5,7.3,4.6,1.89,10.0,73,22.3,40.0,315,Snow fall: Moderate,0,0,Snowy Conditions
59148,2022-01-20 05:00:00,40.878365,-73.870445,1,0,Pavement Slippery,4496287,5.2,-5.5,7.3,4.6,1.89,10.0,73,22.3,40.0,315,Snow fall: Moderate,1,1,Snowy Conditions
59149,2022-01-21 19:00:00,40.71526,-73.96318,1,0,Driver Inattention/Distraction,4496750,-5.3,-11.6,0.0,0.0,0.0,0.0,3,21.9,40.0,2,Overcast,1,1,
59150,2022-01-20 02:54:00,40.875755,-73.835724,1,0,Passing or Lane Usage Improper,4496038,5.2,-5.5,7.3,4.6,1.89,10.0,73,22.3,40.0,315,Snow fall: Moderate,1,1,Snowy Conditions
59151,2022-01-21 15:53:00,40.674763,-73.761154,0,0,Aggressive Driving/Road Rage,4496266,-5.3,-11.6,0.0,0.0,0.0,0.0,3,21.9,40.0,2,Overcast,0,0,
59152,2022-01-19 07:30:00,40.82779,-73.86162,0,0,Driver Inattention/Distraction,4495764,7.6,-4.9,0.0,0.0,0.0,0.0,3,23.5,43.2,208,Overcast,0,0,
59153,2022-01-19 16:27:00,40.685776,-73.76095,1,0,Failure to Yield Right-of-Way,4495820,7.6,-4.9,0.0,0.0,0.0,0.0,3,23.5,43.2,208,Overcast,1,1,
59154,2022-01-13 11:50:00,40.74107,-73.88,1,0,Driver Inattention/Distraction,4496150,7.1,-3.7,0.0,0.0,0.0,0.0,3,9.7,18.7,193,Overcast,1,1,
59155,2022-01-21 15:00:00,40.83163,-73.92252,0,0,Passing Too Closely,4496529,-5.3,-11.6,0.0,0.0,0.0,0.0,3,21.9,40.0,2,Overcast,0,0,
59156,2022-01-19 11:20:00,40.71821,-73.93699,1,0,Following Too Closely,4496804,7.6,-4.9,0.0,0.0,0.0,0.0,3,23.5,43.2,208,Overcast,1,1,
59157,2022-01-19 14:45:00,40.582382,-73.9837,0,0,Reaction to Uninvolved Vehicle,4496531,7.6,-4.9,0.0,0.0,0.0,0.0,3,23.5,43.2,208,Overcast,0,0,
59158,2022-01-20 20:14:00,40.74869,-73.85772,2,0,Driver Inattention/Distraction,4496155,5.2,-5.5,7.3,4.6,1.89,10.0,73,22.3,40.0,315,Snow fall: Moderate,2,2,Snowy Conditions
59159,2022-01-19 21:30:00,40.63574,-74.08374,0,0,Unspecified,4495939,7.6,-4.9,0.0,0.0,0.0,0.0,3,23.5,43.2,208,Overcast,0,0,
59160,2022-01-20 17:30:00,40.55426,-74.21292,0,0,Oversized Vehicle,4496145,5.2,-5.5,7.3,4.6,1.89,10.0,73,22.3,40.0,315,Snow fall: Moderate,0,0,Snowy Conditions
59161,2022-01-20 16:01:00,40.76451,-73.77448,0,0,Steering Failure,4496053,5.2,-5.5,7.3,4.6,1.89,10.0,73,22.3,40.0,315,Snow fall: Moderate,0,0,Snowy Conditions
59162,2022-01-19 16:00:00,40.70525,-73.96662,0,0,Driver Inattention/Distraction,4496478,7.6,-4.9,0.0,0.0,0.0,0.0,3,23.5,43.2,208,Overcast,0,0,
59163,2022-01-20 07:30:00,40.78824,-73.94275,0,0,Unspecified,4496122,5.2,-5.5,7.3,4.6,1.89,10.0,73,22.3,40.0,315,Snow fall: Moderate,0,0,Snowy Conditions
59164,2022-01-19 13:25:00,40.756683,-73.85793,0,0,Driver Inattention/Distraction,4495775,7.6,-4.9,0.0,0.0,0.0,0.0,3,23.5,43.2,208,Overcast,0,0,
59165,2022-01-21 13:36:00,40.755623,-73.778275,1,0,Failure to Yield Right-of-Way,4496277,-5.3,-11.6,0.0,0.0,0.0,0.0,3,21.9,40.0,2,Overcast,1,1,
59166,2022-01-17 21:30:00,40.740467,-73.99039,1,0,Alcohol Involvement,4496641,9.7,0.4,33.6,32.8,0.56,12.0,73,54.1,99.7,183,Snow fall: Moderate,1,1,Snowy Conditions
59167,2022-01-19 15:48:00,40.816757,-73.92622,0,0,Unspecified,4495867,7.6,-4.9,0.0,0.0,0.0,0.0,3,23.5,43.2,208,Overcast,0,0,
59168,2022-01-09 18:30:00,40.76014,-73.89663,1,0,Unsafe Speed,4496255,4.0,-5.3,5.1,5.1,0.0,12.0,53,23.8,42.1,220,Drizzle: Moderate,1,1,
59169,2022-01-19 00:24:00,40.619072,-73.92495,0,0,Fell Asleep,4495723,7.6,-4.9,0.0,0.0,0.0,0.0,3,23.5,43.2,208,Overcast,0,0,
59170,2022-01-21 21:05:00,40.641533,-74.01045,0,0,Alcohol Involvement,4496311,-5.3,-11.6,0.0,0.0,0.0,0.0,3,21.9,40.0,2,Overcast,0,0,
59171,2022-01-19 08:45:00,40.844883,-73.907295,1,0,Driver Inattention/Distraction,4495835,7.6,-4.9,0.0,0.0,0.0,0.0,3,23.5,43.2,208,Overcast,1,1,
59172,2022-01-10 13:25:00,40.691093,-73.93068,0,0,Unsafe Lane Changing,4496524,4.1,-4.3,0.0,0.0,0.0,0.0,3,24.1,44.3,295,Overcast,0,0,
59173,2022-01-15 15:35:00,40.78459,-73.94198,0,0,Unsafe Lane Changing,4496177,-5.3,-11.1,0.0,0.0,0.0,0.0,3,22.4,46.1,345,Overcast,0,0,
59174,2022-01-18 08:45:00,40.651123,-73.93424,0,0,Driver Inattention/Distraction,4496576,1.7,-4.9,0.0,0.0,0.0,0.0,3,30.9,58.3,294,Overcast,0,0,
59175,2022-01-19 19:45:00,40.81914,-73.93719,0,0,Unspecified,4495977,7.6,-4.9,0.0,0.0,0.0,0.0,3,23.5,43.2,208,Overcast,0,0,
59176,2022-01-20 10:02:00,40.642796,-73.97945,0,0,Unspecified,4496806,5.2,-5.5,7.3,4.6,1.89,10.0,73,22.3,40.0,315,Snow fall: Moderate,0,0,Snowy Conditions
59177,2022-01-19 07:59:00,40.647682,-73.96755,1,0,Unspecified,4496376,7.6,-4.9,0.0,0.0,0.0,0.0,3,23.5,43.2,208,Overcast,1,1,
59178,2022-01-19 19:12:00,40.697857,-73.80417,1,0,Failure to Yield Right-of-Way,4495825,7.6,-4.9,0.0,0.0,0.0,0.0,3,23.5,43.2,208,Overcast,1,1,
59179,2022-01-21 10:30:00,40.711384,-73.8366,0,0,Driver Inexperience,4496337,-5.3,-11.6,0.0,0.0,0.0,0.0,3,21.9,40.0,2,Overcast,0,0,
59180,2022-01-09 04:04:00,40.878,-73.90408,1,1,Unspecified,4496246,4.0,-5.3,5.1,5.1,0.0,12.0,53,23.8,42.1,220,Drizzle: Moderate,21,2,
59181,2022-01-21 00:34:00,40.741447,-73.84603,1,0,Unsafe Speed,4496199,-5.3,-11.6,0.0,0.0,0.0,0.0,3,21.9,40.0,2,Overcast,1,1,
59182,2022-01-21 02:00:00,40.77345,-73.783875,0,0,Reaction to Uninvolved Vehicle,4496089,-5.3,-11.6,0.0,0.0,0.0,0.0,3,21.9,40.0,2,Overcast,0,0,
59183,2022-01-20 09:10:00,40.740643,-73.97581,0,0,Driver Inattention/Distraction,4496027,5.2,-5.5,7.3,4.6,1.89,10.0,73,22.3,40.0,315,Snow fall: Moderate,0,0,Snowy Conditions
59184,2022-01-20 04:10:00,40.76973,-73.9577,0,0,Unspecified,4496783,5.2,-5.5,7.3,4.6,1.89,10.0,73,22.3,40.0,315,Snow fall: Moderate,0,0,Snowy Conditions
59185,2022-01-17 00:50:00,40.718643,-73.76625,0,0,Unsafe Speed,4496214,9.7,0.4,33.6,32.8,0.56,12.0,73,54.1,99.7,183,Snow fall: Moderate,0,0,Snowy Conditions
59186,2022-01-07 14:54:00,40.888016,-73.86374,3,0,Pavement Slippery,4496468,-0.0,-5.7,9.0,0.0,6.3,11.0,75,26.8,48.6,313,Snow fall: Heavy,3,3,Snowy Conditions
59187,2022-01-19 17:40:00,40.71552,-74.00925,0,0,Unspecified,4495888,7.6,-4.9,0.0,0.0,0.0,0.0,3,23.5,43.2,208,Overcast,0,0,
59188,2022-01-19 16:35:00,40.88809,-73.89254,0,0,Unspecified,4495997,7.6,-4.9,0.0,0.0,0.0,0.0,3,23.5,43.2,208,Overcast,0,0,
59189,2022-01-18 19:52:00,40.872383,-73.912674,0,0,Passing Too Closely,4496687,1.7,-4.9,0.0,0.0,0.0,0.0,3,30.9,58.3,294,Overcast,0,0,
59190,2022-01-21 21:40:00,40.6224,-73.936646,0,0,Turning Improperly,4496559,-5.3,-11.6,0.0,0.0,0.0,0.0,3,21.9,40.0,2,Overcast,0,0,
59191,2022-01-19 22:15:00,40.580616,-74.152534,1,0,Driver Inexperience,4496034,7.6,-4.9,0.0,0.0,0.0,0.0,3,23.5,43.2,208,Overcast,1,1,
59192,2022-01-21 12:03:00,40.75815,-73.97044,0,0,Passing or Lane Usage Improper,4496270,-5.3,-11.6,0.0,0.0,0.0,0.0,3,21.9,40.0,2,Overcast,0,0,
59193,2022-01-19 15:00:00,40.823547,-73.95539,0,0,Driver Inattention/Distraction,4496014,7.6,-4.9,0.0,0.0,0.0,0.0,3,23.5,43.2,208,Overcast,0,0,
59194,2022-01-19 15:00:00,40.63439,-74.027466,0,0,Driver Inexperience,4495931,7.6,-4.9,0.0,0.0,0.0,0.0,3,23.5,43.2,208,Overcast,0,0,
59195,2022-01-21 19:13:00,40.68617,-73.94448,0,0,Passing or Lane Usage Improper,4496716,-5.3,-11.6,0.0,0.0,0.0,0.0,3,21.9,40.0,2,Overcast,0,0,
59196,2022-01-20 15:45:00,40.680115,-73.75324,1,0,Failure to Yield Right-of-Way,4496071,5.2,-5.5,7.3,4.6,1.89,10.0,73,22.3,40.0,315,Snow fall: Moderate,1,1,Snowy Conditions
59197,2022-01-20 15:13:00,40.63981,-73.995514,0,0,Driver Inexperience,4496138,5.2,-5.5,7.3,4.6,1.89,10.0,73,22.3,40.0,315,Snow fall: Moderate,0,0,Snowy Conditions
59198,2022-01-21 16:40:00,40.690468,-73.9879,0,0,Backing Unsafely,4496283,-5.3,-11.6,0.0,0.0,0.0,0.0,3,21.9,40.0,2,Overcast,0,0,
59199,2022-01-20 00:30:00,40.68275,-73.81342,0,0,Reaction to Uninvolved Vehicle,4495881,5.2,-5.5,7.3,4.6,1.89,10.0,73,22.3,40.0,315,Snow fall: Moderate,0,0,Snowy Conditions
59200,2022-01-21 13:15:00,40.67405,-73.79793,0,0,Following Too Closely,4496241,-5.3,-11.6,0.0,0.0,0.0,0.0,3,21.9,40.0,2,Overcast,0,0,
59201,2022-01-20 20:30:00,40.667778,-73.80127,0,0,Unsafe Lane Changing,4496083,5.2,-5.5,7.3,4.6,1.89,10.0,73,22.3,40.0,315,Snow fall: Moderate,0,0,Snowy Conditions
59202,2022-01-21 10:28:00,40.75652,-73.821434,0,0,Unspecified,4496226,-5.3,-11.6,0.0,0.0,0.0,0.0,3,21.9,40.0,2,Overcast,0,0,
59203,2022-01-21 22:50:00,40.731304,-73.925964,0,0,Driver Inattention/Distraction,4496319,-5.3,-11.6,0.0,0.0,0.0,0.0,3,21.9,40.0,2,Overcast,0,0,