,CRASH DATETIME,LATITUDE,LONGITUDE,NUMBER OF PERSONS INJURED,NUMBER OF PERSONS KILLED,CONTRIBUTING FACTOR VEHICLE 1,COLLISION_ID,temperature_2m_max,temperature_2m_min,precipitation_sum,rain_sum,snowfall_sum,precipitation_hours,weather_code,wind_speed_10m_max,wind_gusts_10m_max,wind_direction_10m_dominant,Weather Description,Severity_Score,Total_Affected_Persons,Weather_Category
59204,2022-01-19 14:15:00,40.72511,-73.77056,1,0,Reaction to Uninvolved Vehicle,4495873,7.6,-4.9,0.0,0.0,0.0,0.0,3,23.5,43.2,208,Overcast,1,1,
59205,2022-01-21 23:37:00,40.75658,-73.929756,0,0,Driver Inattention/Distraction,4496510,-5.3,-11.6,0.0,0.0,0.0,0.0,3,21.9,40.0,2,Overcast,0,0,
59206,2022-01-19 06:54:00,40.719105,-73.99002,2,0,Driver Inattention/Distraction,4495693,7.6,-4.9,0.0,0.0,0.0,0.0,3,23.5,43.2,208,Overcast,2,2,
59207,2022-01-21 00:45:00,40.68178,-73.95874,0,0,Other Vehicular,4496106,-5.3,-11.6,0.0,0.0,0.0,0.0,3,21.9,40.0,2,Overcast,0,0,
59208,2022-01-14 10:21:00,40.721985,-73.90402,0,0,Backing Unsafely,4496182,5.0,-5.0,0.0,0.0,0.0,0.0,3,34.6,62.6,358,Overcast,0,0,
59209,2022-01-20 22:50:00,40.715237,-74.01339,7,0,Alcohol Involvement,4496399,5.2,-5.5,7.3,4.6,1.89,10.0,73,22.3,40.0,315,Snow fall: Moderate,7,7,Snowy Conditions
59210,2022-01-19 08:45:00,40.89213,-73.85341,0,0,Unspecified,4495807,7.6,-4.9,0.0,0.0,0.0,0.0,3,23.5,43.2,208,Overcast,0,0,
59211,2022-01-20 00:36:00,40.756527,-73.994026,0,0,Unspecified,4496650,5.2,-5.5,7.3,4.6,1.89,10.0,73,22.3,40.0,315,Snow fall: Moderate,0,0,Snowy Conditions
59212,2022-01-21 09:37:00,40.66422,-73.958595,0,0,Driver Inattention/Distraction,4496298,-5.3,-11.6,0.0,0.0,0.0,0.0,3,21.9,40.0,2,Overcast,0,0,
59213,2022-01-21 18:00:00,40.658245,-73.916916,0,0,Unspecified,4496583,-5.3,-11.6,0.0,0.0,0.0,0.0,3,21.9,40.0,2,Overcast,0,0,
59214,2022-01-20 14:40:00,40.859306,-73.89885,0,0,Passing Too Closely,4496167,5.2,-5.5,7.3,4.6,1.89,10.0,73,22.3,40.0,315,Snow fall: Moderate,0,0,Snowy Conditions
59215,2022-01-20 14:44:00,40.66566,-73.767624,0,0,Aggressive Driving/Road Rage,4496058,5.2,-5.5,7.3,4.6,1.89,10.0,73,22.3,40.0,315,Snow fall: Moderate,0,0,Snowy Conditions
59216,2022-01-20 14:30:00,40.679565,-73.93436,0,0,Oversized Vehicle,4496553,5.2,-5.5,7.3,4.6,1.89,10.0,73,22.3,40.0,315,Snow fall: Moderate,0,0,Snowy Conditions
59217,2022-01-21 23:47:00,40.66653,-73.806274,0,0,Driver Inattention/Distraction,4496352,-5.3,-11.6,0.0,0.0,0.0,0.0,3,21.9,40.0,2,Overcast,0,0,
59218,2022-01-21 08:22:00,40.81237,-73.900406,1,0,Driverless/Runaway Vehicle,4496251,-5.3,-11.6,0.0,0.0,0.0,0.0,3,21.9,40.0,2,Overcast,1,1,
59219,2022-01-20 04:48:00,40.679108,-73.88062,0,0,Brakes Defective,4496371,5.2,-5.5,7.3,4.6,1.89,10.0,73,22.3,40.0,315,Snow fall: Moderate,0,0,Snowy Conditions
59220,2022-01-21 14:12:00,40.61146,-73.92437,0,0,Backing Unsafely,4496618,-5.3,-11.6,0.0,0.0,0.0,0.0,3,21.9,40.0,2,Overcast,0,0,
59221,2022-01-18 09:40:00,40.84211,-73.91887,0,0,Driver Inattention/Distraction,4496209,1.7,-4.9,0.0,0.0,0.0,0.0,3,30.9,58.3,294,Overcast,0,0,
59222,2022-01-20 08:40:00,40.736496,-73.909225,0,0,Driver Inattention/Distraction,4496231,5.2,-5.5,7.3,4.6,1.89,10.0,73,22.3,40.0,315,Snow fall: Moderate,0,0,Snowy Conditions
59223,2022-01-18 14:03:00,40.669865,-73.95051,1,0,Passing Too Closely,4496456,1.7,-4.9,0.0,0.0,0.0,0.0,3,30.9,58.3,294,Overcast,1,1,
59224,2022-01-19 07:30:00,40.72443,-73.99347,0,0,Passing Too Closely,4495914,7.6,-4.9,0.0,0.0,0.0,0.0,3,23.5,43.2,208,Overcast,0,0,
59225,2022-09-23 09:23:00,40.611332,-73.96556,0,0,Failure to Yield Right-of-Way,4567522,16.4,10.0,0.0,0.0,0.0,0.0,0,31.1,56.9,323,Clear sky,0,0,Sunny/Clear Conditions
59226,2022-01-19 08:55:00,40.814774,-73.94038,1,0,View Obstructed/Limited,4495970,7.6,-4.9,0.0,0.0,0.0,0.0,3,23.5,43.2,208,Overcast,1,1,
59227,2022-01-20 16:30:00,40.654274,-73.72861,0,0,Driver Inattention/Distraction,4496065,5.2,-5.5,7.3,4.6,1.89,10.0,73,22.3,40.0,315,Snow fall: Moderate,0,0,Snowy Conditions
59228,2021-12-17 20:35:00,40.71782,-73.99516,0,0,Passing or Lane Usage Improper,4496847,13.9,6.1,0.0,0.0,0.0,0.0,3,21.5,37.1,265,Overcast,0,0,
59229,2022-01-21 09:45:00,40.670197,-73.9954,0,0,Passing or Lane Usage Improper,4496592,-5.3,-11.6,0.0,0.0,0.0,0.0,3,21.9,40.0,2,Overcast,0,0,
59230,2022-01-19 13:45:00,40.69666,-73.93109,0,0,Driver Inexperience,4495896,7.6,-4.9,0.0,0.0,0.0,0.0,3,23.5,43.2,208,Overcast,0,0,
59231,2022-01-21 17:55:00,40.8067,-73.92131,0,0,Unspecified,4496358,-5.3,-11.6,0.0,0.0,0.0,0.0,3,21.9,40.0,2,Overcast,0,0,
59232,2022-01-19 09:00:00,40.713955,-73.95794,0,0,Passing or Lane Usage Improper,4496767,7.6,-4.9,0.0,0.0,0.0,0.0,3,23.5,43.2,208,Overcast,0,0,
59233,2022-01-21 09:24:00,40.830635,-73.90099,0,0,Unspecified,4496415,-5.3,-11.6,0.0,0.0,0.0,0.0,3,21.9,40.0,2,Overcast,0,0,
59234,2022-01-19 23:41:00,40.72277,-73.83625,0,0,Driver Inattention/Distraction,4495859,7.6,-4.9,0.0,0.0,0.0,0.0,3,23.5,43.2,208,Overcast,0,0,
59235,2022-01-20 20:15:00,40.7179,-73.83202,1,0,Unsafe Speed,4496095,5.2,-5.5,7.3,4.6,1.89,10.0,73,22.3,40.0,315,Snow fall: Moderate,1,1,Snowy Conditions
59236,2022-01-20 17:55:00,40.68583,-73.99425,1,0,Unspecified,4496113,5.2,-5.5,7.3,4.6,1.89,10.0,73,22.3,40.0,315,Snow fall: Moderate,1,1,Snowy Conditions
59237,2022-01-21 21:50:00,40.652176,-73.92848,1,0,Unspecified,4496602,-5.3,-11.6,0.0,0.0,0.0,0.0,3,21.9,40.0,2,Overcast,1,1,
59238,2022-01-14 15:30:00,40.778397,-73.98851,0,0,Obstruction/Debris,4496681,5.0,-5.0,0.0,0.0,0.0,0.0,3,34.6,62.6,358,Overcast,0,0,
59239,2022-01-19 16:22:00,40.76736,-73.9371,1,0,Driver Inattention/Distraction,4495992,7.6,-4.9,0.0,0.0,0.0,0.0,3,23.5,43.2,208,Overcast,1,1,
59240,2022-01-20 09:34:00,40.592598,-73.995735,1,0,Driver Inattention/Distraction,4496047,5.2,-5.5,7.3,4.6,1.89,10.0,73,22.3,40.0,315,Snow fall: Moderate,1,1,Snowy Conditions
59241,2022-01-19 20:00:00,40.71982,-73.94863,0,0,Unspecified,4495921,7.6,-4.9,0.0,0.0,0.0,0.0,3,23.5,43.2,208,Overcast,0,0,
59242,2022-09-24 17:55:00,40.686028,-73.82506,0,0,Obstruction/Debris,4567228,20.6,9.5,0.0,0.0,0.0,0.0,3,18.8,37.4,295,Overcast,0,0,
59243,2022-01-20 17:57:00,40.693172,-73.97086,0,0,Passing Too Closely,4496332,5.2,-5.5,7.3,4.6,1.89,10.0,73,22.3,40.0,315,Snow fall: Moderate,0,0,Snowy Conditions
59244,2022-01-20 21:40:00,40.698696,-73.93477,0,0,Failure to Yield Right-of-Way,4496727,5.2,-5.5,7.3,4.6,1.89,10.0,73,22.3,40.0,315,Snow fall: Moderate,0,0,Snowy Conditions
59245,2022-01-21 10:30:00,40.8324,-73.890724,0,0,Unspecified,4496417,-5.3,-11.6,0.0,0.0,0.0,0.0,3,21.9,40.0,2,Overcast,0,0,
59246,2022-01-19 14:54:00,40.772236,-73.99388,3,0,Following Too Closely,4495956,7.6,-4.9,0.0,0.0,0.0,0.0,3,23.5,43.2,208,Overcast,3,3,
59247,2022-01-21 14:45:00,40.69599,-73.98322,1,0,Unspecified,4496263,-5.3,-11.6,0.0,0.0,0.0,0.0,3,21.9,40.0,2,Overcast,1,1,
59248,2022-01-14 23:40:00,40.679787,-73.93844,3,0,Turning Improperly,4496628,5.0,-5.0,0.0,0.0,0.0,0.0,3,34.6,62.6,358,Overcast,3,3,
59249,2022-01-09 13:00:00,40.636078,-74.019714,0,0,Driver Inattention/Distraction,4496753,4.0,-5.3,5.1,5.1,0.0,12.0,53,23.8,42.1,220,Drizzle: Moderate,0,0,
59250,2022-01-21 02:55:00,40.82636,-73.87136,0,0,Unspecified,4496142,-5.3,-11.6,0.0,0.0,0.0,0.0,3,21.9,40.0,2,Overcast,0,0,
59251,2022-01-21 19:51:00,40.70808,-74.01445,0,0,Backing Unsafely,4496323,-5.3,-11.6,0.0,0.0,0.0,0.0,3,21.9,40.0,2,Overcast,0,0,
59252,2022-01-21 08:10:00,40.637012,-74.01515,1,0,Illnes,4496258,-5.3,-11.6,0.0,0.0,0.0,0.0,3,21.9,40.0,2,Overcast,1,1,
59253,2022-01-21 00:50:00,0.0,0.0,0,0,Driver Inattention/Distraction,4496170,-5.3,-11.6,0.0,0.0,0.0,0.0,3,21.9,40.0,2,Overcast,0,0,
59254,2022-01-19 11:50:00,0.0,0.0,0,0,Driver Inattention/Distraction,4495963,7.6,-4.9,0.0,0.0,0.0,0.0,3,23.5,43.2,208,Overcast,0,0,
59255,2022-01-18 14:30:00,40.76663,-73.89605,0,0,Unspecified,4496505,1.7,-4.9,0.0,0.0,0.0,0.0,3,30.9,58.3,294,Overcast,0,0,
59256,2022-01-12 14:00:00,40.671883,-73.8812,0,0,Unspecified,4496163,4.6,-7.3,0.0,0.0,0.0,0.0,3,20.5,39.2,213,Overcast,0,0,
59257,2022-01-20 14:45:00,40.881958,-73.816605,0,0,Pavement Slippery,4496079,5.2,-5.5,7.3,4.6,1.89,10.0,73,22.3,40.0,315,Snow fall: Moderate,0,0,Snowy Conditions
59258,2022-01-19 00:40:00,40.786285,-73.79685,0,0,Pavement Slippery,4495661,7.6,-4.9,0.0,0.0,0.0,0.0,3,23.5,43.2,208,Overcast,0,0,
59259,2022-01-20 15:40:00,40.807514,-73.92913,0,0,Driver Inattention/Distraction,4496131,5.2,-5.5,7.3,4.6,1.89,10.0,73,22.3,40.0,315,Snow fall: Moderate,0,0,Snowy Conditions
59260,2022-01-21 08:25:00,40.65531,-73.97658,0,0,Backing Unsafely,4496390,-5.3,-11.6,0.0,0.0,0.0,0.0,3,21.9,40.0,2,Overcast,0,0,
59261,2022-01-21 22:43:00,40.87318,-73.827286,0,0,Backing Unsafely,4496302,-5.3,-11.6,0.0,0.0,0.0,0.0,3,21.9,40.0,2,Overcast,0,0,
59262,2022-01-20 17:21:00,40.84211,-73.82557,0,0,Unspecified,4496295,5.2,-5.5,7.3,4.6,1.89,10.0,73,22.3,40.0,315,Snow fall: Moderate,0,0,Snowy Conditions
59263,2022-01-21 01:30:00,40.703434,-73.74051,0,0,Unspecified,4496096,-5.3,-11.6,0.0,0.0,0.0,0.0,3,21.9,40.0,2,Overcast,0,0,
59264,2022-01-19 12:32:00,40.666893,-73.80546,0,0,Unsafe Lane Changing,4495880,7.6,-4.9,0.0,0.0,0.0,0.0,3,23.5,43.2,208,Overcast,0,0,
59265,2022-01-13 19:00:00,40.85045,-73.93667,0,0,Failure to Keep Right,4496659,7.1,-3.7,0.0,0.0,0.0,0.0,3,9.7,18.7,193,Overcast,0,0,
59266,2022-01-20 06:59:00,40.75425,-73.96899,1,0,Failure to Yield Right-of-Way,4496009,5.2,-5.5,7.3,4.6,1.89,10.0,73,22.3,40.0,315,Snow fall: Moderate,1,1,Snowy Conditions
59267,2022-01-19 10:02:00,40.763367,-73.88009,1,0,Driver Inattention/Distraction,4495797,7.6,-4.9,0.0,0.0,0.0,0.0,3,23.5,43.2,208,Overcast,1,1,
59268,2022-01-14 23:05:00,40.671642,-73.96258,3,0,Unsafe Speed,4496666,5.0,-5.0,0.0,0.0,0.0,0.0,3,34.6,62.6,358,Overcast,3,3,
59269,2022-01-21 22:18:00,40.67452,-73.80321,0,0,Following Too Closely,4496347,-5.3,-11.6,0.0,0.0,0.0,0.0,3,21.9,40.0,2,Overcast,0,0,
59270,2022-01-17 04:59:00,40.72911,-74.01068,2,0,Unspecified,4496833,9.7,0.4,33.6,32.8,0.56,12.0,73,54.1,99.7,183,Snow fall: Moderate,2,2,Snowy Conditions
59271,2021-12-17 18:30:00,40.732822,-73.8684,1,0,Driver Inattention/Distraction,4496367,13.9,6.1,0.0,0.0,0.0,0.0,3,21.5,37.1,265,Overcast,1,1,
59272,2022-01-20 12:55:00,40.690693,-73.95728,0,0,Driver Inattention/Distraction,4496701,5.2,-5.5,7.3,4.6,1.89,10.0,73,22.3,40.0,315,Snow fall: Moderate,0,0,Snowy Conditions
59273,2022-01-21 16:20:00,40.63885,-73.964935,1,0,Driver Inattention/Distraction,4496290,-5.3,-11.6,0.0,0.0,0.0,0.0,3,21.9,40.0,2,Overcast,1,1,
59274,2022-01-19 08:50:00,40.68679,-73.92596,1,0,Unspecified,4496543,7.6,-4.9,0.0,0.0,0.0,0.0,3,23.5,43.2,208,Overcast,1,1,
59275,2022-01-20 08:25:00,40.761246,-73.76294,0,0,Driver Inattention/Distraction,4496002,5.2,-5.5,7.3,4.6,1.89,10.0,73,22.3,40.0,315,Snow fall: Moderate,0,0,Snowy Conditions
59276,2022-01-15 18:00:00,40.87448,-73.83393,1,0,Aggressive Driving/Road Rage,4496443,-5.3,-11.1,0.0,0.0,0.0,0.0,3,22.4,46.1,345,Overcast,1,1,
59277,2022-01-12 23:00:00,40.839535,-73.946785,1,0,Unsafe Lane Changing,4496714,4.6,-7.3,0.0,0.0,0.0,0.0,3,20.5,39.2,213,Overcast,1,1,
59278,2022-01-21 18:59:00,40.669403,-73.922554,0,0,Driver Inattention/Distraction,4496672,-5.3,-11.6,0.0,0.0,0.0,0.0,3,21.9,40.0,2,Overcast,0,0,
59279,2022-01-19 08:00:00,40.75193,-73.990814,0,0,Unspecified,4496484,7.6,-4.9,0.0,0.0,0.0,0.0,3,23.5,43.2,208,Overcast,0,0,
59280,2022-01-21 08:35:00,40.768726,-73.87056,1,0,Driver Inattention/Distraction,4496238,-5.3,-11.6,0.0,0.0,0.0,0.0,3,21.9,40.0,2,Overcast,1,1,
59281,2022-01-20 19:54:00,40.691353,-73.92142,1,0,Driver Inattention/Distraction,4496118,5.2,-5.5,7.3,4.6,1.89,10.0,73,22.3,40.0,315,Snow fall: Moderate,1,1,Snowy Conditions
59282,2022-01-18 23:49:00,40.75355,-73.98505,0,0,Passing Too Closely,4496649,1.7,-4.9,0.0,0.0,0.0,0.0,3,30.9,58.3,294,Overcast,0,0,
59283,2022-01-19 19:00:00,40.637775,-73.95111,0,0,Unspecified,4496059,7.6,-4.9,0.0,0.0,0.0,0.0,3,23.5,43.2,208,Overcast,0,0,
59284,2022-01-21 19:10:00,40.86074,-73.895386,0,0,Unspecified,4496363,-5.3,-11.6,0.0,0.0,0.0,0.0,3,21.9,40.0,2,Overcast,0,0,
59285,2022-01-19 08:30:00,40.741646,-74.00487,0,0,Passing or Lane Usage Improper,4495930,7.6,-4.9,0.0,0.0,0.0,0.0,3,23.5,43.2,208,Overcast,0,0,
59286,2022-01-21 14:22:00,40.60567,-74.030945,0,0,Unspecified,4496587,-5.3,-11.6,0.0,0.0,0.0,0.0,3,21.9,40.0,2,Overcast,0,0,
59287,2022-01-18 09:44:00,40.61232,-73.93172,0,0,Traffic Control Disregarded,4496408,1.7,-4.9,0.0,0.0,0.0,0.0,3,30.9,58.3,294,Overcast,0,0,
59288,2022-01-20 18:20:00,40.834164,-73.922226,1,0,Driver Inexperience,4496206,5.2,-5.5,7.3,4.6,1.89,10.0,73,22.3,40.0,315,Snow fall: Moderate,1,1,Snowy Conditions
59289,2022-01-20 07:30:00,40.756393,-73.835266,0,0,Backing Unsafely,4495947,5.2,-5.5,7.3,4.6,1.89,10.0,73,22.3,40.0,315,Snow fall: Moderate,0,0,Snowy Conditions
59290,2022-01-18 19:20:00,40.725994,-73.75815,1,0,Driver Inattention/Distraction,4496219,1.7,-4.9,0.0,0.0,0.0,0.0,3,30.9,58.3,294,Overcast,1,1,
59291,2022-01-05 12:05:00,40.762383,-73.90344,0,0,Unspecified,4496493,6.9,-2.1,0.5,0.5,0.0,4.0,51,21.8,38.2,216,Drizzle: Light,0,0,
59292,2022-01-21 18:52:00,40.701763,-73.9276,0,0,Passing or Lane Usage Improper,4496327,-5.3,-11.6,0.0,0.0,0.0,0.0,3,21.9,40.0,2,Overcast,0,0,
59293,2022-01-19 11:50:00,40.812305,-73.89637,0,0,Unspecified,4496043,7.6,-4.9,0.0,0.0,0.0,0.0,3,23.5,43.2,208,Overcast,0,0,
59294,2022-01-20 10:35:00,40.6167,-74.03085,0,0,Failure to Yield Right-of-Way,4495978,5.2,-5.5,7.3,4.6,1.89,10.0,73,22.3,40.0,315,Snow fall: Moderate,0,0,Snowy Conditions
59295,2022-01-19 13:30:00,40.772327,-73.94531,0,0,Driver Inattention/Distraction,4495824,7.6,-4.9,0.0,0.0,0.0,0.0,3,23.5,43.2,208,Overcast,0,0,
59296,2022-09-23 08:20:00,40.66725,-73.88799,1,0,Driver Inattention/Distraction,4567679,16.4,10.0,0.0,0.0,0.0,0.0,0,31.1,56.9,323,Clear sky,1,1,Sunny/Clear Conditions
59297,2022-01-20 10:37:00,40.63491,-74.01017,0,0,Unspecified,4496805,5.2,-5.5,7.3,4.6,1.89,10.0,73,22.3,40.0,315,Snow fall: Moderate,0,0,Snowy Conditions
59298,2022-01-18 12:45:00,40.664158,-73.90895,0,0,Unspecified,4496497,1.7,-4.9,0.0,0.0,0.0,0.0,3,30.9,58.3,294,Overcast,0,0,
59299,2022-01-11 17:27:00,40.678978,-73.9237,0,0,Driver Inattention/Distraction,4496533,-4.2,-8.8,0.0,0.0,0.0,0.0,1,26.7,50.8,316,Mainly clear,0,0,Sunny/Clear Conditions
59300,2022-01-21 18:00:00,40.69986,-73.92829,0,0,Passing Too Closely,4496739,-5.3,-11.6,0.0,0.0,0.0,0.0,3,21.9,40.0,2,Overcast,0,0,
59301,2022-01-19 20:20:00,40.667236,-73.770004,1,0,Passing or Lane Usage Improper,4495855,7.6,-4.9,0.0,0.0,0.0,0.0,3,23.5,43.2,208,Overcast,1,1,
59302,2022-01-10 22:35:00,40.697582,-73.94965,1,0,Alcohol Involvement,4496639,4.1,-4.3,0.0,0.0,0.0,0.0,3,24.1,44.3,295,Overcast,1,1,
59303,2022-01-20 14:35:00,40.853027,-73.91827,0,0,Passing or Lane Usage Improper,4496159,5.2,-5.5,7.3,4.6,1.89,10.0,73,22.3,40.0,315,Snow fall: Moderate,0,0,Snowy Conditions
59304,2022-01-19 11:30:00,40.65925,-73.73475,0,0,Unspecified,4495735,7.6,-4.9,0.0,0.0,0.0,0.0,3,23.5,43.2,208,Overcast,0,0,
59305,2022-01-20 11:30:00,40.877125,-73.83952,0,0,Driver Inattention/Distraction,4496791,5.2,-5.5,7.3,4.6,1.89,10.0,73,22.3,40.0,315,Snow fall: Moderate,0,0,Snowy Conditions
59306,2022-01-15 05:00:00,40.90788,-73.906555,0,0,Fell Asleep,4496146,-5.3,-11.1,0.0,0.0,0.0,0.0,3,22.4,46.1,345,Overcast,0,0,
59307,2022-01-19 14:57:00,40.789783,-73.81419,0,0,Reaction to Uninvolved Vehicle,4495903,7.6,-4.9,0.0,0.0,0.0,0.0,3,23.5,43.2,208,Overcast,0,0,
59308,2022-01-21 20:54:00,40.835476,-73.907845,1,0,Unspecified,4496795,-5.3,-11.6,0.0,0.0,0.0,0.0,3,21.9,40.0,2,Overcast,1,1,
59309,2022-01-19 21:15:00,40.779106,-73.81729,0,0,Alcohol Involvement,4496126,7.6,-4.9,0.0,0.0,0.0,0.0,3,23.5,43.2,208,Overcast,0,0,
59310,2022-01-20 23:30:00,40.825848,-73.90993,0,0,Turning Improperly,4496174,5.2,-5.5,7.3,4.6,1.89,10.0,73,22.3,40.0,315,Snow fall: Moderate,0,0,Snowy Conditions
59311,2022-01-19 17:55:00,40.73274,-73.86836,0,0,Unspecified,4495827,7.6,-4.9,0.0,0.0,0.0,0.0,3,23.5,43.2,208,Overcast,0,0,
59312,2022-01-19 22:30:00,40.629356,-74.014755,0,0,Unspecified,4495861,7.6,-4.9,0.0,0.0,0.0,0.0,3,23.5,43.2,208,Overcast,0,0,
59313,2022-01-20 07:55:00,40.607243,-73.98726,1,0,Driver Inattention/Distraction,4496048,5.2,-5.5,7.3,4.6,1.89,10.0,73,22.3,40.0,315,Snow fall: Moderate,1,1,Snowy Conditions
59314,2022-01-21 18:50:00,40.70537,-73.775826,0,0,Driver Inattention/Distraction,4496689,-5.3,-11.6,0.0,0.0,0.0,0.0,3,21.9,40.0,2,Overcast,0,0,
59315,2022-01-19 11:00:00,40.63834,-74.01736,0,0,Driver Inattention/Distraction,4496021,7.6,-4.9,0.0,0.0,0.0,0.0,3,23.5,43.2,208,Overcast,0,0,
59316,2022-01-19 21:47:00,40.705425,-73.78258,0,0,Driver Inattention/Distraction,4496028,7.6,-4.9,0.0,0.0,0.0,0.0,3,23.5,43.2,208,Overcast,0,0,
59317,2022-01-17 17:45:00,40.65698,-73.88943,0,0,Unspecified,4496195,9.7,0.4,33.6,32.8,0.56,12.0,73,54.1,99.7,183,Snow fall: Moderate,0,0,Snowy Conditions
59318,2022-01-21 20:34:00,40.623913,-74.00726,1,0,Traffic Control Disregarded,4496306,-5.3,-11.6,0.0,0.0,0.0,0.0,3,21.9,40.0,2,Overcast,1,1,
59319,2022-01-19 00:00:00,40.671078,-73.842926,0,0,Unsafe Lane Changing,4495733,7.6,-4.9,0.0,0.0,0.0,0.0,3,23.5,43.2,208,Overcast,0,0,
59320,2022-01-21 00:16:00,40.834774,-73.92527,0,0,Backing Unsafely,4496538,-5.3,-11.6,0.0,0.0,0.0,0.0,3,21.9,40.0,2,Overcast,0,0,
59321,2022-01-21 08:30:00,40.63396,-74.01476,0,0,Following Too Closely,4496234,-5.3,-11.6,0.0,0.0,0.0,0.0,3,21.9,40.0,2,Overcast,0,0,
59322,2022-01-21 18:30:00,40.823032,-73.91647,0,0,Unsafe Speed,4496818,-5.3,-11.6,0.0,0.0,0.0,0.0,3,21.9,40.0,2,Overcast,0,0,
59323,2022-01-16 08:00:00,40.878,-73.90408,0,0,Following Too Closely,4496383,1.3,-13.5,4.4,0.7,2.59,4.0,75,28.1,47.2,36,Snow fall: Heavy,0,0,Snowy Conditions
59324,2022-01-21 12:30:00,40.74504,-73.7345,0,0,Driver Inattention/Distraction,4496334,-5.3,-11.6,0.0,0.0,0.0,0.0,3,21.9,40.0,2,Overcast,0,0,
59325,2022-01-20 09:15:00,40.763428,-73.99271,0,0,Driver Inattention/Distraction,4495953,5.2,-5.5,7.3,4.6,1.89,10.0,73,22.3,40.0,315,Snow fall: Moderate,0,0,Snowy Conditions
59326,2022-01-18 20:15:00,40.822838,-73.928764,0,0,Unspecified,4496202,1.7,-4.9,0.0,0.0,0.0,0.0,3,30.9,58.3,294,Overcast,0,0,
59327,2022-01-21 14:30:00,40.66632,-73.83481,2,0,Following Too Closely,4496344,-5.3,-11.6,0.0,0.0,0.0,0.0,3,21.9,40.0,2,Overcast,2,2,
59328,2022-01-08 16:00:00,40.83369,-73.91386,0,0,Unspecified,4496528,-3.3,-8.4,0.0,0.0,0.0,0.0,1,21.6,37.8,277,Mainly clear,0,0,Sunny/Clear Conditions
59329,2022-01-20 13:40:00,40.719784,-73.78283,0,0,Driver Inattention/Distraction,4496223,5.2,-5.5,7.3,4.6,1.89,10.0,73,22.3,40.0,315,Snow fall: Moderate,0,0,Snowy Conditions
59330,2022-01-21 21:35:00,40.67652,-73.91403,2,0,Other Vehicular,4496643,-5.3,-11.6,0.0,0.0,0.0,0.0,3,21.9,40.0,2,Overcast,2,2,
59331,2022-01-20 05:45:00,40.70955,-73.95886,0,0,Passing or Lane Usage Improper,4496477,5.2,-5.5,7.3,4.6,1.89,10.0,73,22.3,40.0,315,Snow fall: Moderate,0,0,Snowy Conditions
59332,2022-01-19 12:15:00,40.649918,-73.92438,0,0,Driver Inattention/Distraction,4495788,7.6,-4.9,0.0,0.0,0.0,0.0,3,23.5,43.2,208,Overcast,0,0,
59333,2022-01-20 02:43:00,40.840286,-73.92147,0,0,Alcohol Involvement,4496200,5.2,-5.5,7.3,4.6,1.89,10.0,73,22.3,40.0,315,Snow fall: Moderate,0,0,Snowy Conditions
59334,2021-12-24 12:53:00,40.665916,-73.92547,1,0,Other Vehicular,4496664,5.7,-1.1,1.0,0.0,0.7,5.0,73,12.4,21.6,73,Snow fall: Moderate,1,1,Snowy Conditions
59335,2022-01-20 09:30:00,40.632133,-73.939865,0,0,Unspecified,4496578,5.2,-5.5,7.3,4.6,1.89,10.0,73,22.3,40.0,315,Snow fall: Moderate,0,0,Snowy Conditions
59336,2022-01-19 13:20:00,40.75493,-73.904205,0,0,Driver Inattention/Distraction,4495990,7.6,-4.9,0.0,0.0,0.0,0.0,3,23.5,43.2,208,Overcast,0,0,
59337,2022-01-16 04:25:00,40.638523,-73.92607,0,0,Unspecified,4496554,1.3,-13.5,4.4,0.7,2.59,4.0,75,28.1,47.2,36,Snow fall: Heavy,0,0,Snowy Conditions
59338,2022-01-19 06:30:00,40.883453,-73.87774,0,0,Passing Too Closely,4495718,7.6,-4.9,0.0,0.0,0.0,0.0,3,23.5,43.2,208,Overcast,0,0,
59339,2022-01-21 00:45:00,40.848633,-73.82801,1,0,Unspecified,4496850,-5.3,-11.6,0.0,0.0,0.0,0.0,3,21.9,40.0,2,Overcast,1,1,
59340,2022-01-19 16:15:00,40.816902,-73.91799,0,0,Driver Inattention/Distraction,4495868,7.6,-4.9,0.0,0.0,0.0,0.0,3,23.5,43.2,208,Overcast,0,0,
59341,2022-01-19 08:40:00,40.713528,-73.916336,0,0,Driver Inattention/Distraction,4496019,7.6,-4.9,0.0,0.0,0.0,0.0,3,23.5,43.2,208,Overcast,0,0,
59342,2022-01-21 11:45:00,40.834015,-73.82661,0,0,Other Vehicular,4496250,-5.3,-11.6,0.0,0.0,0.0,0.0,3,21.9,40.0,2,Overcast,0,0,
59343,2022-01-17 10:32:00,40.7014,-73.89332,0,0,Unspecified,4496178,9.7,0.4,33.6,32.8,0.56,12.0,73,54.1,99.7,183,Snow fall: Moderate,0,0,Snowy Conditions
59344,2022-01-20 16:30:00,40.844975,-73.91877,0,0,Driver Inattention/Distraction,4496312,5.2,-5.5,7.3,4.6,1.89,10.0,73,22.3,40.0,315,Snow fall: Moderate,0,0,Snowy Conditions
59345,2022-01-13 12:00:00,40.81848,-73.9553,0,0,Backing Unsafely,4496522,7.1,-3.7,0.0,0.0,0.0,0.0,3,9.7,18.7,193,Overcast,0,0,
59346,2021-12-06 08:50:00,40.69296,-73.93106,0,0,Unspecified,4496549,16.3,7.7,6.3,6.3,0.0,10.0,61,35.1,65.5,201,Rain: Light,0,0,