,CRASH DATETIME,LATITUDE,LONGITUDE,NUMBER OF PERSONS INJURED,NUMBER OF PERSONS KILLED,CONTRIBUTING FACTOR VEHICLE 1,COLLISION_ID,temperature_2m_max,temperature_2m_min,precipitation_sum,rain_sum,snowfall_sum,precipitation_hours,weather_code,wind_speed_10m_max,wind_gusts_10m_max,wind_direction_10m_dominant,Weather Description,Severity_Score,Total_Affected_Persons,Weather_Category
59347,2021-07-11 14:57:00,40.859093,-73.93745,0,1,Unsafe Speed,4435874,24.9,19.8,2.5,2.5,0.0,9.0,53,15.8,35.3,141,Drizzle: Moderate,20,1,
59348,2021-07-24 18:40:00,40.672382,-73.78574,0,0,Failure to Yield Right-of-Way,4440854,26.8,18.2,0.0,0.0,0.0,0.0,3,16.3,31.7,152,Overcast,0,0,
59349,2021-07-22 23:50:00,40.761147,-73.97952,0,0,Failure to Yield Right-of-Way,4440859,26.7,17.5,0.0,0.0,0.0,0.0,3,15.3,28.4,327,Overcast,0,0,
59350,2021-07-24 07:45:00,40.80599,-73.917656,1,0,Driver Inattention/Distraction,4440839,26.8,18.2,0.0,0.0,0.0,0.0,3,16.3,31.7,152,Overcast,1,1,
59351,2021-07-22 02:45:00,40.617123,-73.98524,1,0,Traffic Control Disregarded,4440851,26.7,17.5,0.0,0.0,0.0,0.0,3,15.3,28.4,327,Overcast,1,1,
59352,2021-07-24 18:45:00,40.678364,-73.77949,0,0,Unsafe Speed,4440855,26.8,18.2,0.0,0.0,0.0,0.0,3,16.3,31.7,152,Overcast,0,0,
59353,2021-07-23 10:40:00,40.759163,-73.97675,1,0,Driver Inattention/Distraction,4440864,26.2,17.3,0.0,0.0,0.0,0.0,1,11.3,27.0,340,Mainly clear,1,1,Sunny/Clear Conditions
59354,2021-07-05 16:45:00,40.683388,-73.79259,0,0,Accelerator Defective,4440856,26.4,17.3,0.7,0.7,0.0,2.0,53,18.8,34.6,142,Drizzle: Moderate,0,0,
59355,2022-01-20 22:30:00,40.633007,-73.941864,0,0,Turning Improperly,4496577,5.2,-5.5,7.3,4.6,1.89,10.0,73,22.3,40.0,315,Snow fall: Moderate,0,0,Snowy Conditions
59356,2022-01-20 03:21:00,40.865955,-73.92988,0,0,Unsafe Speed,4495976,5.2,-5.5,7.3,4.6,1.89,10.0,73,22.3,40.0,315,Snow fall: Moderate,0,0,Snowy Conditions
59357,2022-01-21 17:20:00,40.620167,-73.95336,0,0,Unspecified,4496374,-5.3,-11.6,0.0,0.0,0.0,0.0,3,21.9,40.0,2,Overcast,0,0,
59358,2022-01-19 12:48:00,40.715977,-73.9061,0,0,Passing Too Closely,4495818,7.6,-4.9,0.0,0.0,0.0,0.0,3,23.5,43.2,208,Overcast,0,0,
59359,2022-01-20 01:20:00,40.76311,-73.962524,0,0,Driver Inattention/Distraction,4496112,5.2,-5.5,7.3,4.6,1.89,10.0,73,22.3,40.0,315,Snow fall: Moderate,0,0,Snowy Conditions
59360,2021-07-24 22:00:00,40.751575,-73.85584,0,0,Passing Too Closely,4440023,26.8,18.2,0.0,0.0,0.0,0.0,3,16.3,31.7,152,Overcast,0,0,
59361,2021-07-24 20:05:00,40.662632,-73.92959,1,0,Driver Inattention/Distraction,4440267,26.8,18.2,0.0,0.0,0.0,0.0,3,16.3,31.7,152,Overcast,1,1,
59362,2021-07-24 19:00:00,40.840225,-73.91769,1,0,Unsafe Speed,4440094,26.8,18.2,0.0,0.0,0.0,0.0,3,16.3,31.7,152,Overcast,1,1,
59363,2021-07-23 16:47:00,40.83037,-73.94015,2,0,Failure to Yield Right-of-Way,4440816,26.2,17.3,0.0,0.0,0.0,0.0,1,11.3,27.0,340,Mainly clear,2,2,Sunny/Clear Conditions
59364,2021-07-21 09:18:00,40.82389,-73.87461,2,0,Unspecified,4440640,27.6,20.9,1.4,1.4,0.0,4.0,53,16.0,31.3,315,Drizzle: Moderate,2,2,
59365,2021-07-22 16:11:00,40.720623,-73.99498,0,0,Unspecified,4440610,26.7,17.5,0.0,0.0,0.0,0.0,3,15.3,28.4,327,Overcast,0,0,
59366,2021-07-24 00:37:00,40.707653,-73.93984,1,0,Unsafe Speed,4439846,26.8,18.2,0.0,0.0,0.0,0.0,3,16.3,31.7,152,Overcast,1,1,
59367,2021-07-24 17:30:00,40.74418,-73.851906,0,0,Driver Inattention/Distraction,4440066,26.8,18.2,0.0,0.0,0.0,0.0,3,16.3,31.7,152,Overcast,0,0,
59368,2021-07-24 08:49:00,40.771305,-73.87664,1,0,Driver Inattention/Distraction,4440151,26.8,18.2,0.0,0.0,0.0,0.0,3,16.3,31.7,152,Overcast,1,1,
59369,2021-07-14 20:15:00,40.68951,-73.827545,0,0,Following Too Closely,4440587,30.6,21.5,0.8,0.8,0.0,3.0,53,14.5,36.0,191,Drizzle: Moderate,0,0,
59370,2021-07-24 05:15:00,40.744286,-73.75993,0,0,Unspecified,4440671,26.8,18.2,0.0,0.0,0.0,0.0,3,16.3,31.7,152,Overcast,0,0,
59371,2021-07-22 16:40:00,40.806408,-73.94016,0,0,Traffic Control Disregarded,4440735,26.7,17.5,0.0,0.0,0.0,0.0,3,15.3,28.4,327,Overcast,0,0,
59372,2021-07-24 01:20:00,40.685028,-73.971245,0,0,Backing Unsafely,4440169,26.8,18.2,0.0,0.0,0.0,0.0,3,16.3,31.7,152,Overcast,0,0,
59373,2021-07-21 06:45:00,40.826027,-73.878586,0,0,Unspecified,4440637,27.6,20.9,1.4,1.4,0.0,4.0,53,16.0,31.3,315,Drizzle: Moderate,0,0,
59374,2021-07-22 20:49:00,40.831177,-73.86333,1,0,Driver Inattention/Distraction,4440664,26.7,17.5,0.0,0.0,0.0,0.0,3,15.3,28.4,327,Overcast,1,1,
59375,2022-01-20 19:15:00,40.79167,-73.95093,0,0,Following Too Closely,4496336,5.2,-5.5,7.3,4.6,1.89,10.0,73,22.3,40.0,315,Snow fall: Moderate,0,0,Snowy Conditions
59376,2021-07-24 00:04:00,40.651974,-73.86542,1,0,Unsafe Lane Changing,4439889,26.8,18.2,0.0,0.0,0.0,0.0,3,16.3,31.7,152,Overcast,1,1,
59377,2021-07-24 14:29:00,40.781662,-73.834435,0,0,Backing Unsafely,4440003,26.8,18.2,0.0,0.0,0.0,0.0,3,16.3,31.7,152,Overcast,0,0,
59378,2021-07-24 15:03:00,40.711365,-73.97897,0,0,Unsafe Lane Changing,4440312,26.8,18.2,0.0,0.0,0.0,0.0,3,16.3,31.7,152,Overcast,0,0,
59379,2021-07-24 04:45:00,40.78503,-73.94058,1,0,Other Vehicular,4440481,26.8,18.2,0.0,0.0,0.0,0.0,3,16.3,31.7,152,Overcast,1,1,
59380,2021-07-23 18:38:00,40.699085,-73.8422,0,0,Brakes Defective,4440538,26.2,17.3,0.0,0.0,0.0,0.0,1,11.3,27.0,340,Mainly clear,0,0,Sunny/Clear Conditions
59381,2021-07-24 15:29:00,40.788063,-73.795,0,0,Passing or Lane Usage Improper,4439978,26.8,18.2,0.0,0.0,0.0,0.0,3,16.3,31.7,152,Overcast,0,0,
59382,2021-07-24 14:07:00,40.872765,-73.88864,1,0,Failure to Yield Right-of-Way,4439929,26.8,18.2,0.0,0.0,0.0,0.0,3,16.3,31.7,152,Overcast,1,1,
59383,2021-07-23 16:06:00,40.830647,-73.86058,0,0,Unspecified,4440684,26.2,17.3,0.0,0.0,0.0,0.0,1,11.3,27.0,340,Mainly clear,0,0,Sunny/Clear Conditions
59384,2021-07-20 14:50:00,40.695396,-73.81656,1,0,Pedestrian/Bicyclist/Other Pedestrian Error/Confusion,4440721,30.9,21.1,0.0,0.0,0.0,0.0,1,13.3,26.6,283,Mainly clear,1,1,Sunny/Clear Conditions
59385,2021-07-24 10:00:00,40.63834,-74.01736,1,0,Driver Inattention/Distraction,4440793,26.8,18.2,0.0,0.0,0.0,0.0,3,16.3,31.7,152,Overcast,1,1,
59386,2021-07-24 08:00:00,40.60447,-74.01674,0,0,Other Vehicular,4439955,26.8,18.2,0.0,0.0,0.0,0.0,3,16.3,31.7,152,Overcast,0,0,
59387,2021-07-15 09:30:00,40.80859,-73.85406,0,0,Unspecified,4440649,29.3,21.2,0.1,0.1,0.0,1.0,51,13.7,27.4,212,Drizzle: Light,0,0,
59388,2021-07-24 06:00:00,40.710762,-73.75855,0,0,Unspecified,4439999,26.8,18.2,0.0,0.0,0.0,0.0,3,16.3,31.7,152,Overcast,0,0,
59389,2021-07-24 08:57:00,40.75619,-73.746414,5,0,Reaction to Uninvolved Vehicle,4439902,26.8,18.2,0.0,0.0,0.0,0.0,3,16.3,31.7,152,Overcast,5,5,
59390,2021-07-21 12:00:00,40.71551,-73.99395,1,0,Driver Inattention/Distraction,4440537,27.6,20.9,1.4,1.4,0.0,4.0,53,16.0,31.3,315,Drizzle: Moderate,1,1,
59391,2021-07-24 20:36:00,40.645134,-73.90232,0,0,Unspecified,4440122,26.8,18.2,0.0,0.0,0.0,0.0,3,16.3,31.7,152,Overcast,0,0,
59392,2021-07-24 01:45:00,40.64204,-74.0204,1,0,Traffic Control Disregarded,4440184,26.8,18.2,0.0,0.0,0.0,0.0,3,16.3,31.7,152,Overcast,1,1,
59393,2021-07-14 00:17:00,40.69035,-73.84108,0,0,Turning Improperly,4440557,30.6,21.5,0.8,0.8,0.0,3.0,53,14.5,36.0,191,Drizzle: Moderate,0,0,
59394,2021-07-24 23:21:00,40.739693,-73.84598,0,0,Driver Inexperience,4440411,26.8,18.2,0.0,0.0,0.0,0.0,3,16.3,31.7,152,Overcast,0,0,
59395,2021-07-24 16:15:00,40.674557,-73.89362,0,0,Unspecified,4440542,26.8,18.2,0.0,0.0,0.0,0.0,3,16.3,31.7,152,Overcast,0,0,
59396,2021-07-24 12:41:00,40.852383,-73.92048,0,0,Unspecified,4439988,26.8,18.2,0.0,0.0,0.0,0.0,3,16.3,31.7,152,Overcast,0,0,
59397,2021-07-24 16:20:00,40.60981,-73.92251,0,0,Failure to Yield Right-of-Way,4440075,26.8,18.2,0.0,0.0,0.0,0.0,3,16.3,31.7,152,Overcast,0,0,
59398,2021-07-23 16:30:00,40.82559,-73.86316,0,0,Unspecified,4440680,26.2,17.3,0.0,0.0,0.0,0.0,1,11.3,27.0,340,Mainly clear,0,0,Sunny/Clear Conditions
59399,2021-07-22 07:20:00,40.659863,-73.97752,1,0,Driver Inattention/Distraction,4440800,26.7,17.5,0.0,0.0,0.0,0.0,3,15.3,28.4,327,Overcast,1,1,
59400,2021-07-24 07:50:00,40.846764,-73.933784,1,0,Unspecified,4440358,26.8,18.2,0.0,0.0,0.0,0.0,3,16.3,31.7,152,Overcast,1,1,
59401,2021-07-19 06:33:00,40.821606,-73.87284,0,0,Unspecified,4440603,27.5,20.8,0.5,0.5,0.0,2.0,51,12.8,29.9,307,Drizzle: Light,0,0,
59402,2021-07-24 07:20:00,40.8326,-73.866486,0,0,Unspecified,4440685,26.8,18.2,0.0,0.0,0.0,0.0,3,16.3,31.7,152,Overcast,0,0,
59403,2021-07-24 01:01:00,40.84869,-73.90329,0,0,Following Too Closely,4440006,26.8,18.2,0.0,0.0,0.0,0.0,3,16.3,31.7,152,Overcast,0,0,
59404,2021-07-20 15:30:00,40.68342,-73.982,0,0,Backing Unsafely,4440780,30.9,21.1,0.0,0.0,0.0,0.0,1,13.3,26.6,283,Mainly clear,0,0,Sunny/Clear Conditions
59405,2021-07-24 15:50:00,40.66626,-73.99596,0,0,Driver Inattention/Distraction,4440042,26.8,18.2,0.0,0.0,0.0,0.0,3,16.3,31.7,152,Overcast,0,0,
59406,2021-07-20 14:39:00,40.825455,-73.84954,1,0,Unspecified,4440653,30.9,21.1,0.0,0.0,0.0,0.0,1,13.3,26.6,283,Mainly clear,1,1,Sunny/Clear Conditions
59407,2021-07-24 15:35:00,40.71008,-73.84848,1,0,Unspecified,4439935,26.8,18.2,0.0,0.0,0.0,0.0,3,16.3,31.7,152,Overcast,1,1,
59408,2021-07-21 19:30:00,40.806343,-73.93318,1,0,Following Too Closely,4440586,27.6,20.9,1.4,1.4,0.0,4.0,53,16.0,31.3,315,Drizzle: Moderate,1,1,
59409,2021-07-24 12:29:00,40.683784,-73.769745,1,0,Traffic Control Disregarded,4440522,26.8,18.2,0.0,0.0,0.0,0.0,3,16.3,31.7,152,Overcast,1,1,
59410,2021-07-22 12:00:00,40.660927,-73.98669,0,0,Unspecified,4440795,26.7,17.5,0.0,0.0,0.0,0.0,3,15.3,28.4,327,Overcast,0,0,
59411,2021-07-16 09:35:00,40.6884,-73.84209,2,0,Passing Too Closely,4440581,32.3,23.2,0.3,0.3,0.0,3.0,51,12.3,33.1,238,Drizzle: Light,2,2,
59412,2021-07-21 13:00:00,40.82304,-73.88193,0,0,Unspecified,4440644,27.6,20.9,1.4,1.4,0.0,4.0,53,16.0,31.3,315,Drizzle: Moderate,0,0,
59413,2021-07-24 23:21:00,40.877075,-73.87511,0,0,Unspecified,4440108,26.8,18.2,0.0,0.0,0.0,0.0,3,16.3,31.7,152,Overcast,0,0,
59414,2021-07-20 10:59:00,40.8311,-73.85716,1,0,Unspecified,4440619,30.9,21.1,0.0,0.0,0.0,0.0,1,13.3,26.6,283,Mainly clear,1,1,Sunny/Clear Conditions
59415,2021-07-24 08:30:00,40.64741,-74.018684,0,0,Unspecified,4440171,26.8,18.2,0.0,0.0,0.0,0.0,3,16.3,31.7,152,Overcast,0,0,
59416,2021-07-24 05:57:00,40.638893,-73.957855,0,0,Unspecified,4440058,26.8,18.2,0.0,0.0,0.0,0.0,3,16.3,31.7,152,Overcast,0,0,
59417,2021-07-13 23:36:00,40.82738,-73.88663,2,0,Unspecified,4440676,25.0,20.8,2.4,2.4,0.0,12.0,53,13.0,26.3,84,Drizzle: Moderate,2,2,
59418,2021-07-24 16:44:00,40.665257,-73.739555,0,0,Unspecified,4440012,26.8,18.2,0.0,0.0,0.0,0.0,3,16.3,31.7,152,Overcast,0,0,
59419,2021-07-24 07:57:00,40.802353,-73.94445,0,0,Unspecified,4440593,26.8,18.2,0.0,0.0,0.0,0.0,3,16.3,31.7,152,Overcast,0,0,
59420,2021-07-24 22:57:00,40.827187,-73.86992,1,0,Unspecified,4440689,26.8,18.2,0.0,0.0,0.0,0.0,3,16.3,31.7,152,Overcast,1,1,
59421,2021-07-24 14:55:00,40.607838,-74.0872,1,0,Following Too Closely,4440227,26.8,18.2,0.0,0.0,0.0,0.0,3,16.3,31.7,152,Overcast,1,1,
59422,2021-07-24 17:58:00,40.74105,-73.72587,1,0,Turning Improperly,4440069,26.8,18.2,0.0,0.0,0.0,0.0,3,16.3,31.7,152,Overcast,1,1,
59423,2021-07-24 14:00:00,40.70796,-73.877785,4,0,Brakes Defective,4440234,26.8,18.2,0.0,0.0,0.0,0.0,3,16.3,31.7,152,Overcast,4,4,
59424,2021-07-24 08:00:00,40.79456,-73.94669,0,0,Unspecified,4440152,26.8,18.2,0.0,0.0,0.0,0.0,3,16.3,31.7,152,Overcast,0,0,
59425,2021-07-20 22:00:00,40.826492,-73.88354,0,0,Unspecified,4440630,30.9,21.1,0.0,0.0,0.0,0.0,1,13.3,26.6,283,Mainly clear,0,0,Sunny/Clear Conditions
59426,2021-07-24 00:50:00,40.625652,-73.930534,2,0,Driver Inattention/Distraction,4439851,26.8,18.2,0.0,0.0,0.0,0.0,3,16.3,31.7,152,Overcast,2,2,
59427,2021-07-23 12:26:00,40.677,-73.98197,0,0,Outside Car Distraction,4440660,26.2,17.3,0.0,0.0,0.0,0.0,1,11.3,27.0,340,Mainly clear,0,0,Sunny/Clear Conditions
59428,2021-07-24 15:20:00,40.668797,-73.93113,0,0,Driver Inattention/Distraction,4440032,26.8,18.2,0.0,0.0,0.0,0.0,3,16.3,31.7,152,Overcast,0,0,
59429,2021-07-18 08:52:00,40.688995,-73.78581,0,0,Drugs (illegal),4440573,28.4,23.1,12.4,12.4,0.0,10.0,63,19.6,39.2,232,Rain: Moderate,0,0,
59430,2021-07-17 13:00:00,40.694775,-73.84774,3,0,Following Too Closely,4440732,30.8,23.3,5.1,5.1,0.0,5.0,61,17.8,36.4,201,Rain: Light,3,3,
59431,2021-07-17 03:46:00,40.820972,-73.892845,0,0,Aggressive Driving/Road Rage,4440688,30.8,23.3,5.1,5.1,0.0,5.0,61,17.8,36.4,201,Rain: Light,0,0,
59432,2021-07-18 13:05:00,40.723907,-73.99367,0,0,Driver Inattention/Distraction,4440609,28.4,23.1,12.4,12.4,0.0,10.0,63,19.6,39.2,232,Rain: Moderate,0,0,
59433,2021-07-24 04:00:00,40.71366,-73.97739,0,0,Driver Inattention/Distraction,4439867,26.8,18.2,0.0,0.0,0.0,0.0,3,16.3,31.7,152,Overcast,0,0,
59434,2021-07-23 21:40:00,40.839615,-73.88443,0,0,Driver Inattention/Distraction,4440639,26.2,17.3,0.0,0.0,0.0,0.0,1,11.3,27.0,340,Mainly clear,0,0,Sunny/Clear Conditions
59435,2021-07-24 17:00:00,40.619267,-74.1382,1,0,Unsafe Speed,4440011,26.8,18.2,0.0,0.0,0.0,0.0,3,16.3,31.7,152,Overcast,1,1,
59436,2021-07-24 22:15:00,40.74835,-73.967865,1,0,Driver Inattention/Distraction,4440159,26.8,18.2,0.0,0.0,0.0,0.0,3,16.3,31.7,152,Overcast,1,1,
59437,2021-07-23 20:28:00,40.678566,-73.98778,0,0,Backing Unsafely,4440665,26.2,17.3,0.0,0.0,0.0,0.0,1,11.3,27.0,340,Mainly clear,0,0,Sunny/Clear Conditions
59438,2021-07-24 15:00:00,40.83801,-73.87329,0,0,Driver Inattention/Distraction,4440061,26.8,18.2,0.0,0.0,0.0,0.0,3,16.3,31.7,152,Overcast,0,0,
59439,2021-07-18 01:10:00,40.685963,-73.85654,1,0,Backing Unsafely,4440568,28.4,23.1,12.4,12.4,0.0,10.0,63,19.6,39.2,232,Rain: Moderate,1,1,
59440,2021-07-23 09:05:00,40.799545,-73.94383,0,0,Driver Inattention/Distraction,4440592,26.2,17.3,0.0,0.0,0.0,0.0,1,11.3,27.0,340,Mainly clear,0,0,Sunny/Clear Conditions
59441,2021-07-18 17:00:00,40.82831,-73.94315,0,0,Unspecified,4440817,28.4,23.1,12.4,12.4,0.0,10.0,63,19.6,39.2,232,Rain: Moderate,0,0,
59442,2021-07-22 17:25:00,40.810627,-73.95828,2,0,Following Too Closely,4440722,26.7,17.5,0.0,0.0,0.0,0.0,3,15.3,28.4,327,Overcast,2,2,
59443,2021-07-21 18:05:00,40.810352,-73.853424,0,0,Unspecified,4440652,27.6,20.9,1.4,1.4,0.0,4.0,53,16.0,31.3,315,Drizzle: Moderate,0,0,
59444,2021-07-24 12:42:00,40.752506,-73.7801,0,0,Driver Inattention/Distraction,4439934,26.8,18.2,0.0,0.0,0.0,0.0,3,16.3,31.7,152,Overcast,0,0,
59445,2021-07-24 09:00:00,40.667328,-73.77903,4,0,Unsafe Speed,4439967,26.8,18.2,0.0,0.0,0.0,0.0,3,16.3,31.7,152,Overcast,4,4,
59446,2021-07-24 11:30:00,40.684937,-73.833115,0,0,Other Vehicular,4440436,26.8,18.2,0.0,0.0,0.0,0.0,3,16.3,31.7,152,Overcast,0,0,
59447,2021-07-20 13:39:00,40.693436,-73.97784,1,0,Traffic Control Disregarded,4440705,30.9,21.1,0.0,0.0,0.0,0.0,1,13.3,26.6,283,Mainly clear,1,1,Sunny/Clear Conditions
59448,2021-07-24 07:00:00,40.86131,-73.92124,0,0,Unsafe Lane Changing,4440024,26.8,18.2,0.0,0.0,0.0,0.0,3,16.3,31.7,152,Overcast,0,0,
59449,2021-07-24 21:34:00,40.674664,-73.88363,0,0,Alcohol Involvement,4440545,26.8,18.2,0.0,0.0,0.0,0.0,3,16.3,31.7,152,Overcast,0,0,
59450,2021-07-24 23:00:00,40.7589,-73.78774,0,0,Backing Unsafely,4440670,26.8,18.2,0.0,0.0,0.0,0.0,3,16.3,31.7,152,Overcast,0,0,
59451,2021-07-24 12:40:00,40.617752,-74.025055,0,0,Following Too Closely,4439922,26.8,18.2,0.0,0.0,0.0,0.0,3,16.3,31.7,152,Overcast,0,0,
59452,2021-07-24 15:55:00,40.658115,-73.922104,0,0,Unspecified,4440263,26.8,18.2,0.0,0.0,0.0,0.0,3,16.3,31.7,152,Overcast,0,0,
59453,2021-07-24 20:30:00,40.650177,-73.83765,0,0,Passing or Lane Usage Improper,4440453,26.8,18.2,0.0,0.0,0.0,0.0,3,16.3,31.7,152,Overcast,0,0,
59454,2021-07-24 11:30:00,40.734566,-73.72269,0,0,Following Too Closely,4439950,26.8,18.2,0.0,0.0,0.0,0.0,3,16.3,31.7,152,Overcast,0,0,
59455,2021-07-24 07:15:00,40.696198,-73.98877,1,0,Traffic Control Disregarded,4440074,26.8,18.2,0.0,0.0,0.0,0.0,3,16.3,31.7,152,Overcast,1,1,
59456,2021-05-20 13:45:00,40.757233,-73.9898,0,0,Unspecified,4440604,22.2,12.5,0.0,0.0,0.0,0.0,3,19.0,38.2,147,Overcast,0,0,
59457,2021-07-19 04:07:00,40.86131,-73.92124,0,0,Unsafe Speed,4440643,27.5,20.8,0.5,0.5,0.0,2.0,51,12.8,29.9,307,Drizzle: Light,0,0,
59458,2021-07-17 00:35:00,40.719048,-73.99648,1,0,Traffic Control Disregarded,4440558,30.8,23.3,5.1,5.1,0.0,5.0,61,17.8,36.4,201,Rain: Light,1,1,
59459,2021-07-24 04:25:00,40.739902,-73.972855,1,0,Driver Inattention/Distraction,4440016,26.8,18.2,0.0,0.0,0.0,0.0,3,16.3,31.7,152,Overcast,1,1,
59460,2021-07-24 08:00:00,40.83023,-73.901505,0,0,Unspecified,4440087,26.8,18.2,0.0,0.0,0.0,0.0,3,16.3,31.7,152,Overcast,0,0,
59461,2021-07-24 14:11:00,40.64927,-74.009674,1,0,Turning Improperly,4440805,26.8,18.2,0.0,0.0,0.0,0.0,3,16.3,31.7,152,Overcast,1,1,
59462,2021-07-24 21:20:00,40.64508,-74.02109,0,0,Driver Inattention/Distraction,4440799,26.8,18.2,0.0,0.0,0.0,0.0,3,16.3,31.7,152,Overcast,0,0,
59463,2021-07-22 06:00:00,40.816574,-73.88908,0,0,Unspecified,4440681,26.7,17.5,0.0,0.0,0.0,0.0,3,15.3,28.4,327,Overcast,0,0,
59464,2021-07-17 00:58:00,40.849285,-73.93894,2,0,Passing or Lane Usage Improper,4440596,30.8,23.3,5.1,5.1,0.0,5.0,61,17.8,36.4,201,Rain: Light,2,2,
59465,2021-07-14 13:00:00,40.693798,-73.987236,0,0,Passing Too Closely,4440781,30.6,21.5,0.8,0.8,0.0,3.0,53,14.5,36.0,191,Drizzle: Moderate,0,0,
59466,2021-07-24 20:51:00,40.64275,-73.906044,0,0,Traffic Control Disregarded,4440410,26.8,18.2,0.0,0.0,0.0,0.0,3,16.3,31.7,152,Overcast,0,0,
59467,2021-07-24 07:50:00,40.68192,-73.881325,0,0,Driver Inattention/Distraction,4439870,26.8,18.2,0.0,0.0,0.0,0.0,3,16.3,31.7,152,Overcast,0,0,
59468,2021-07-23 18:29:00,40.67118,-73.89181,0,0,Unspecified,4440541,26.2,17.3,0.0,0.0,0.0,0.0,1,11.3,27.0,340,Mainly clear,0,0,Sunny/Clear Conditions
59469,2021-07-24 13:30:00,40.707542,-73.78826,1,0,Following Too Closely,4440000,26.8,18.2,0.0,0.0,0.0,0.0,3,16.3,31.7,152,Overcast,1,1,
59470,2021-04-23 09:00:00,40.703667,-73.9269,0,0,Driver Inattention/Distraction,4440874,15.5,2.0,0.0,0.0,0.0,0.0,3,28.7,57.2,273,Overcast,0,0,
59471,2021-07-24 16:30:00,40.66549,-73.91063,0,0,Unspecified,4440466,26.8,18.2,0.0,0.0,0.0,0.0,3,16.3,31.7,152,Overcast,0,0,
59472,2021-07-24 20:00:00,40.877525,-73.86443,0,0,Unsafe Speed,4440294,26.8,18.2,0.0,0.0,0.0,0.0,3,16.3,31.7,152,Overcast,0,0,
59473,2021-07-23 15:10:00,40.640625,-74.014984,1,0,Unspecified,4440803,26.2,17.3,0.0,0.0,0.0,0.0,1,11.3,27.0,340,Mainly clear,1,1,Sunny/Clear Conditions
59474,2021-07-24 19:25:00,40.84434,-73.892044,1,0,Failure to Yield Right-of-Way,4440648,26.8,18.2,0.0,0.0,0.0,0.0,3,16.3,31.7,152,Overcast,1,1,
59475,2021-07-24 04:15:00,40.654984,-74.00711,1,0,Reaction to Uninvolved Vehicle,4440182,26.8,18.2,0.0,0.0,0.0,0.0,3,16.3,31.7,152,Overcast,1,1,
59476,2021-07-24 22:25:00,40.804066,-73.93117,0,0,Following Too Closely,4440598,26.8,18.2,0.0,0.0,0.0,0.0,3,16.3,31.7,152,Overcast,0,0,
59477,2021-07-21 22:36:00,40.7736,-73.98158,1,0,Cell Phone (hands-free),4440829,27.6,20.9,1.4,1.4,0.0,4.0,53,16.0,31.3,315,Drizzle: Moderate,1,1,
59478,2021-07-24 22:29:00,40.6549,-73.918495,0,0,Unspecified,4440040,26.8,18.2,0.0,0.0,0.0,0.0,3,16.3,31.7,152,Overcast,0,0,
59479,2021-07-24 16:00:00,40.67816,-73.897484,0,0,Unspecified,4440546,26.8,18.2,0.0,0.0,0.0,0.0,3,16.3,31.7,152,Overcast,0,0,
59480,2021-07-23 14:06:00,40.6965,-73.83996,0,0,Passing Too Closely,4440582,26.2,17.3,0.0,0.0,0.0,0.0,1,11.3,27.0,340,Mainly clear,0,0,Sunny/Clear Conditions
59481,2021-07-24 16:12:00,40.831966,-73.8967,1,0,Driver Inattention/Distraction,4440086,26.8,18.2,0.0,0.0,0.0,0.0,3,16.3,31.7,152,Overcast,1,1,
59482,2021-07-24 13:55:00,40.77428,-73.957306,3,0,Traffic Control Disregarded,4440478,26.8,18.2,0.0,0.0,0.0,0.0,3,16.3,31.7,152,Overcast,3,3,
59483,2021-07-24 09:50:00,40.74947,-73.7564,0,0,Other Vehicular,4439901,26.8,18.2,0.0,0.0,0.0,0.0,3,16.3,31.7,152,Overcast,0,0,
59484,2021-07-24 12:34:00,40.627186,-74.026566,1,0,Driver Inattention/Distraction,4440208,26.8,18.2,0.0,0.0,0.0,0.0,3,16.3,31.7,152,Overcast,1,1,
59485,2021-07-24 03:05:00,40.654243,-73.95287,0,0,Unsafe Lane Changing,4439971,26.8,18.2,0.0,0.0,0.0,0.0,3,16.3,31.7,152,Overcast,0,0,
59486,2021-07-24 14:27:00,40.703106,-73.859985,3,0,Failure to Yield Right-of-Way,4440247,26.8,18.2,0.0,0.0,0.0,0.0,3,16.3,31.7,152,Overcast,3,3,
59487,2021-07-24 22:58:00,40.85186,-73.92816,1,0,Driver Inattention/Distraction,4440027,26.8,18.2,0.0,0.0,0.0,0.0,3,16.3,31.7,152,Overcast,1,1,
59488,2021-07-24 16:40:00,40.702538,-74.012566,0,0,Unspecified,4440200,26.8,18.2,0.0,0.0,0.0,0.0,3,16.3,31.7,152,Overcast,0,0,
59489,2021-07-24 20:32:00,40.767757,-73.99327,1,0,Driver Inattention/Distraction,4440850,26.8,18.2,0.0,0.0,0.0,0.0,3,16.3,31.7,152,Overcast,1,1,
59490,2021-07-20 18:50:00,40.827187,-73.86992,0,0,Aggressive Driving/Road Rage,4440618,30.9,21.1,0.0,0.0,0.0,0.0,1,13.3,26.6,283,Mainly clear,0,0,Sunny/Clear Conditions
59491,2021-07-24 04:15:00,40.861862,-73.91275,0,0,Following Too Closely,4440103,26.8,18.2,0.0,0.0,0.0,0.0,3,16.3,31.7,152,Overcast,0,0,
59492,2021-07-24 00:53:00,40.84678,-73.8838,1,0,Driver Inattention/Distraction,4439855,26.8,18.2,0.0,0.0,0.0,0.0,3,16.3,31.7,152,Overcast,1,1,