,CRASH DATETIME,LATITUDE,LONGITUDE,NUMBER OF PERSONS INJURED,NUMBER OF PERSONS KILLED,CONTRIBUTING FACTOR VEHICLE 1,COLLISION_ID,temperature_2m_max,temperature_2m_min,precipitation_sum,rain_sum,snowfall_sum,precipitation_hours,weather_code,wind_speed_10m_max,wind_gusts_10m_max,wind_direction_10m_dominant,Weather Description,Severity_Score,Total_Affected_Persons,Weather_Category
59493,2021-07-23 12:53:00,40.67804,-73.98263,1,0,Driverless/Runaway Vehicle,4440661,26.2,17.3,0.0,0.0,0.0,0.0,1,11.3,27.0,340,Mainly clear,1,1,Sunny/Clear Conditions
59494,2021-07-24 15:58:00,40.684856,-73.79899,0,0,Failure to Yield Right-of-Way,4440572,26.8,18.2,0.0,0.0,0.0,0.0,3,16.3,31.7,152,Overcast,0,0,
59495,2021-07-20 10:00:00,40.87916,-73.87715,0,0,Unspecified,4440706,30.9,21.1,0.0,0.0,0.0,0.0,1,13.3,26.6,283,Mainly clear,0,0,Sunny/Clear Conditions
59496,2021-07-24 02:48:00,40.844543,-73.88531,2,0,Driver Inattention/Distraction,4440455,26.8,18.2,0.0,0.0,0.0,0.0,3,16.3,31.7,152,Overcast,2,2,
59497,2021-07-24 13:30:00,40.667313,-73.73926,0,0,Unspecified,4439948,26.8,18.2,0.0,0.0,0.0,0.0,3,16.3,31.7,152,Overcast,0,0,
59498,2021-07-24 17:24:00,40.630672,-73.901634,1,0,Driver Inattention/Distraction,4439951,26.8,18.2,0.0,0.0,0.0,0.0,3,16.3,31.7,152,Overcast,1,1,
59499,2021-07-24 18:55:00,40.890133,-73.81974,0,0,Driver Inattention/Distraction,4440331,26.8,18.2,0.0,0.0,0.0,0.0,3,16.3,31.7,152,Overcast,0,0,
59500,2021-07-22 14:59:00,40.82466,-73.870804,0,0,Driver Inattention/Distraction,4440659,26.7,17.5,0.0,0.0,0.0,0.0,3,15.3,28.4,327,Overcast,0,0,
59501,2021-07-24 16:04:00,40.851936,-73.91078,0,0,Unspecified,4439987,26.8,18.2,0.0,0.0,0.0,0.0,3,16.3,31.7,152,Overcast,0,0,
59502,2021-07-24 06:30:00,40.67172,-73.850975,2,0,Unsafe Lane Changing,4440437,26.8,18.2,0.0,0.0,0.0,0.0,3,16.3,31.7,152,Overcast,2,2,
59503,2021-07-23 14:35:00,40.835857,-73.87213,0,0,Unspecified,4440674,26.2,17.3,0.0,0.0,0.0,0.0,1,11.3,27.0,340,Mainly clear,0,0,Sunny/Clear Conditions
59504,2021-07-24 18:25:00,40.66129,-73.75884,3,0,Unspecified,4440015,26.8,18.2,0.0,0.0,0.0,0.0,3,16.3,31.7,152,Overcast,3,3,
59505,2021-07-24 14:30:00,40.585342,-73.94157,0,0,Driver Inattention/Distraction,4440530,26.8,18.2,0.0,0.0,0.0,0.0,3,16.3,31.7,152,Overcast,0,0,
59506,2021-07-24 07:30:00,40.803627,-73.963394,0,0,Unspecified,4440695,26.8,18.2,0.0,0.0,0.0,0.0,3,16.3,31.7,152,Overcast,0,0,
59507,2021-07-24 02:40:00,40.755028,-73.872696,1,0,View Obstructed/Limited,4439912,26.8,18.2,0.0,0.0,0.0,0.0,3,16.3,31.7,152,Overcast,1,1,
59508,2021-07-24 15:00:00,40.65345,-73.927635,0,0,Unspecified,4440340,26.8,18.2,0.0,0.0,0.0,0.0,3,16.3,31.7,152,Overcast,0,0,
59509,2021-07-24 16:50:00,40.690224,-73.762215,1,0,Pedestrian/Bicyclist/Other Pedestrian Error/Confusion,4440512,26.8,18.2,0.0,0.0,0.0,0.0,3,16.3,31.7,152,Overcast,1,1,
59510,2021-07-24 18:46:00,40.67298,-73.88852,1,0,Unspecified,4440544,26.8,18.2,0.0,0.0,0.0,0.0,3,16.3,31.7,152,Overcast,1,1,
59511,2021-07-24 13:24:00,40.631153,-74.01828,0,0,Driver Inattention/Distraction,4439923,26.8,18.2,0.0,0.0,0.0,0.0,3,16.3,31.7,152,Overcast,0,0,
59512,2021-07-24 15:42:00,40.85179,-73.90279,1,0,Traffic Control Disregarded,4439986,26.8,18.2,0.0,0.0,0.0,0.0,3,16.3,31.7,152,Overcast,1,1,
59513,2021-07-22 10:00:00,40.814243,-73.88544,0,0,Unspecified,4440682,26.7,17.5,0.0,0.0,0.0,0.0,3,15.3,28.4,327,Overcast,0,0,
59514,2021-07-24 12:50:00,40.690254,-73.7366,3,0,Failure to Yield Right-of-Way,4440010,26.8,18.2,0.0,0.0,0.0,0.0,3,16.3,31.7,152,Overcast,3,3,
59515,2021-07-24 07:35:00,40.584774,-73.96011,1,0,Driver Inattention/Distraction,4440163,26.8,18.2,0.0,0.0,0.0,0.0,3,16.3,31.7,152,Overcast,1,1,
59516,2021-07-24 02:14:00,40.827656,-73.8861,0,0,Unspecified,4440677,26.8,18.2,0.0,0.0,0.0,0.0,3,16.3,31.7,152,Overcast,0,0,
59517,2021-07-24 16:45:00,40.66818,-73.993,0,0,Following Too Closely,4440651,26.8,18.2,0.0,0.0,0.0,0.0,3,16.3,31.7,152,Overcast,0,0,
59518,2021-07-24 15:00:00,40.760853,-73.72294,3,0,Traffic Control Disregarded,4439933,26.8,18.2,0.0,0.0,0.0,0.0,3,16.3,31.7,152,Overcast,3,3,
59519,2021-07-24 17:11:00,40.646927,-73.88074,1,0,Turning Improperly,4440025,26.8,18.2,0.0,0.0,0.0,0.0,3,16.3,31.7,152,Overcast,1,1,
59520,2021-07-24 00:02:00,40.851505,-73.85458,1,0,Driver Inattention/Distraction,4439897,26.8,18.2,0.0,0.0,0.0,0.0,3,16.3,31.7,152,Overcast,1,1,
59521,2021-07-24 15:24:00,40.745975,-73.948074,0,0,Unspecified,4440001,26.8,18.2,0.0,0.0,0.0,0.0,3,16.3,31.7,152,Overcast,0,0,
59522,2021-07-24 01:14:00,40.645794,-73.912186,1,0,Unspecified,4440756,26.8,18.2,0.0,0.0,0.0,0.0,3,16.3,31.7,152,Overcast,1,1,
59523,2021-07-24 15:41:00,40.676727,-73.85984,1,0,Traffic Control Disregarded,4440319,26.8,18.2,0.0,0.0,0.0,0.0,3,16.3,31.7,152,Overcast,1,1,
59524,2021-07-24 19:35:00,40.76197,-73.92539,0,0,Oversized Vehicle,4439991,26.8,18.2,0.0,0.0,0.0,0.0,3,16.3,31.7,152,Overcast,0,0,
59525,2021-07-23 22:23:00,40.82269,-73.94947,1,0,Driver Inattention/Distraction,4440819,26.2,17.3,0.0,0.0,0.0,0.0,1,11.3,27.0,340,Mainly clear,1,1,Sunny/Clear Conditions
59526,2021-07-24 17:20:00,40.577606,-73.9463,1,0,Unspecified,4440531,26.8,18.2,0.0,0.0,0.0,0.0,3,16.3,31.7,152,Overcast,1,1,
59527,2021-07-21 22:15:00,40.664993,-73.80229,0,0,Unsafe Lane Changing,4440857,27.6,20.9,1.4,1.4,0.0,4.0,53,16.0,31.3,315,Drizzle: Moderate,0,0,
59528,2021-07-24 22:43:00,40.856636,-73.86649,0,0,Unspecified,4440435,26.8,18.2,0.0,0.0,0.0,0.0,3,16.3,31.7,152,Overcast,0,0,
59529,2021-07-24 12:58:00,40.67258,-73.89122,3,0,Following Too Closely,4440540,26.8,18.2,0.0,0.0,0.0,0.0,3,16.3,31.7,152,Overcast,3,3,
59530,2021-07-24 12:38:00,40.755337,-73.843254,2,0,Unspecified,4440475,26.8,18.2,0.0,0.0,0.0,0.0,3,16.3,31.7,152,Overcast,2,2,
59531,2021-07-24 11:55:00,40.749733,-73.936104,0,0,Unspecified,4440146,26.8,18.2,0.0,0.0,0.0,0.0,3,16.3,31.7,152,Overcast,0,0,
59532,2021-07-23 13:26:00,40.799076,-73.93318,0,0,Passing or Lane Usage Improper,4440590,26.2,17.3,0.0,0.0,0.0,0.0,1,11.3,27.0,340,Mainly clear,0,0,Sunny/Clear Conditions
59533,2021-07-24 03:45:00,40.818085,-73.96048,0,0,Traffic Control Disregarded,4440050,26.8,18.2,0.0,0.0,0.0,0.0,3,16.3,31.7,152,Overcast,0,0,
59534,2021-07-24 23:31:00,40.60719,-74.16243,1,0,Driver Inattention/Distraction,4440605,26.8,18.2,0.0,0.0,0.0,0.0,3,16.3,31.7,152,Overcast,1,1,
59535,2021-07-24 22:20:00,40.738438,-73.89988,0,0,Driver Inattention/Distraction,4440035,26.8,18.2,0.0,0.0,0.0,0.0,3,16.3,31.7,152,Overcast,0,0,
59536,2021-07-24 02:30:00,40.66006,-73.89389,0,0,Driver Inexperience,4439868,26.8,18.2,0.0,0.0,0.0,0.0,3,16.3,31.7,152,Overcast,0,0,
59537,2021-07-23 09:00:00,40.845238,-73.89077,1,0,Failure to Yield Right-of-Way,4440635,26.2,17.3,0.0,0.0,0.0,0.0,1,11.3,27.0,340,Mainly clear,1,1,Sunny/Clear Conditions
59538,2021-07-24 12:40:00,40.62827,-73.941376,0,0,Turning Improperly,4440791,26.8,18.2,0.0,0.0,0.0,0.0,3,16.3,31.7,152,Overcast,0,0,
59539,2021-07-24 04:40:00,40.655273,-73.92272,0,0,Unspecified,4439968,26.8,18.2,0.0,0.0,0.0,0.0,3,16.3,31.7,152,Overcast,0,0,
59540,2021-07-24 17:25:00,40.612213,-73.99718,0,0,Driver Inattention/Distraction,4440089,26.8,18.2,0.0,0.0,0.0,0.0,3,16.3,31.7,152,Overcast,0,0,
59541,2021-07-21 08:51:00,40.70403,-73.81711,1,0,Passing or Lane Usage Improper,4440723,27.6,20.9,1.4,1.4,0.0,4.0,53,16.0,31.3,315,Drizzle: Moderate,1,1,
59542,2021-07-23 23:15:00,40.67536,-73.969696,1,0,Failure to Yield Right-of-Way,4440666,26.2,17.3,0.0,0.0,0.0,0.0,1,11.3,27.0,340,Mainly clear,1,1,Sunny/Clear Conditions
59543,2021-07-24 14:35:00,40.762817,-73.981575,0,0,Driver Inattention/Distraction,4440852,26.8,18.2,0.0,0.0,0.0,0.0,3,16.3,31.7,152,Overcast,0,0,
59544,2021-07-24 18:55:00,40.85206,-73.82664,0,0,Following Too Closely,4440100,26.8,18.2,0.0,0.0,0.0,0.0,3,16.3,31.7,152,Overcast,0,0,
59545,2021-07-20 10:00:00,40.64882,-74.00288,0,0,Unspecified,4440797,30.9,21.1,0.0,0.0,0.0,0.0,1,13.3,26.6,283,Mainly clear,0,0,Sunny/Clear Conditions
59546,2021-07-24 13:45:00,40.581516,-73.96734,1,0,Other Vehicular,4440274,26.8,18.2,0.0,0.0,0.0,0.0,3,16.3,31.7,152,Overcast,1,1,
59547,2021-07-10 21:30:00,40.80934,-73.855316,1,0,Unspecified,4440583,25.5,20.7,0.5,0.5,0.0,3.0,51,14.5,29.9,1,Drizzle: Light,1,1,
59548,2021-07-24 21:45:00,40.630035,-73.9356,0,0,Driver Inattention/Distraction,4440072,26.8,18.2,0.0,0.0,0.0,0.0,3,16.3,31.7,152,Overcast,0,0,
59549,2021-07-24 19:40:00,40.757183,-73.85503,1,0,View Obstructed/Limited,4440017,26.8,18.2,0.0,0.0,0.0,0.0,3,16.3,31.7,152,Overcast,1,1,
59550,2021-07-24 11:00:00,40.62357,-74.13836,0,0,Driver Inattention/Distraction,4440625,26.8,18.2,0.0,0.0,0.0,0.0,3,16.3,31.7,152,Overcast,0,0,
59551,2021-07-21 08:55:00,40.81886,-73.866234,1,0,Fatigued/Drowsy,4440642,27.6,20.9,1.4,1.4,0.0,4.0,53,16.0,31.3,315,Drizzle: Moderate,1,1,
59552,2021-07-24 23:05:00,40.81792,-73.9307,1,0,Driver Inattention/Distraction,4440381,26.8,18.2,0.0,0.0,0.0,0.0,3,16.3,31.7,152,Overcast,1,1,
59553,2022-09-23 17:25:00,40.610313,-74.003075,1,0,Failure to Yield Right-of-Way,4567584,16.4,10.0,0.0,0.0,0.0,0.0,0,31.1,56.9,323,Clear sky,1,1,Sunny/Clear Conditions
59554,2021-07-24 05:23:00,40.752228,-73.93911,0,0,Driver Inattention/Distraction,4440118,26.8,18.2,0.0,0.0,0.0,0.0,3,16.3,31.7,152,Overcast,0,0,
59555,2021-07-21 10:46:00,40.637577,-73.92593,0,0,Backing Unsafely,4440806,27.6,20.9,1.4,1.4,0.0,4.0,53,16.0,31.3,315,Drizzle: Moderate,0,0,
59556,2021-07-24 02:00:00,40.551563,-74.1453,1,0,Brakes Defective,4440219,26.8,18.2,0.0,0.0,0.0,0.0,3,16.3,31.7,152,Overcast,1,1,
59557,2021-07-23 12:15:00,40.831097,-73.87689,1,0,Backing Unsafely,4440673,26.2,17.3,0.0,0.0,0.0,0.0,1,11.3,27.0,340,Mainly clear,1,1,Sunny/Clear Conditions
59558,2021-07-24 14:30:00,40.801567,-73.94157,0,0,Unspecified,4440595,26.8,18.2,0.0,0.0,0.0,0.0,3,16.3,31.7,152,Overcast,0,0,
59559,2021-07-19 14:23:00,40.720432,-74.00675,0,0,Unspecified,4440727,27.5,20.8,0.5,0.5,0.0,2.0,51,12.8,29.9,307,Drizzle: Light,0,0,
59560,2021-07-24 18:00:00,40.584606,-73.82159,0,0,Backing Unsafely,4440256,26.8,18.2,0.0,0.0,0.0,0.0,3,16.3,31.7,152,Overcast,0,0,
59561,2021-07-07 12:30:00,40.68005,-73.94327,0,0,Driver Inexperience,4440601,31.4,22.2,1.4,1.4,0.0,6.0,53,17.4,37.8,213,Drizzle: Moderate,0,0,
59562,2021-07-24 01:25:00,40.773018,-73.952194,0,0,Unsafe Lane Changing,4439857,26.8,18.2,0.0,0.0,0.0,0.0,3,16.3,31.7,152,Overcast,0,0,
59563,2021-07-18 01:42:00,40.677998,-73.97306,0,0,Driver Inattention/Distraction,4440662,28.4,23.1,12.4,12.4,0.0,10.0,63,19.6,39.2,232,Rain: Moderate,0,0,
59564,2021-07-20 19:20:00,40.829685,-73.86777,0,0,Unsafe Speed,4440626,30.9,21.1,0.0,0.0,0.0,0.0,1,13.3,26.6,283,Mainly clear,0,0,Sunny/Clear Conditions
59565,2021-07-24 22:55:00,40.74255,-73.93116,0,0,Unspecified,4440047,26.8,18.2,0.0,0.0,0.0,0.0,3,16.3,31.7,152,Overcast,0,0,
59566,2021-07-24 20:59:00,40.77039,-73.954124,1,0,Driver Inattention/Distraction,4440457,26.8,18.2,0.0,0.0,0.0,0.0,3,16.3,31.7,152,Overcast,1,1,
59567,2021-07-24 00:44:00,40.609356,-74.01523,0,0,Driver Inexperience,4439953,26.8,18.2,0.0,0.0,0.0,0.0,3,16.3,31.7,152,Overcast,0,0,
59568,2021-07-24 21:45:00,40.84046,-73.88596,0,0,Unsafe Lane Changing,4440438,26.8,18.2,0.0,0.0,0.0,0.0,3,16.3,31.7,152,Overcast,0,0,
59569,2021-07-21 14:35:00,40.83232,-73.87395,0,0,Other Vehicular,4440646,27.6,20.9,1.4,1.4,0.0,4.0,53,16.0,31.3,315,Drizzle: Moderate,0,0,
59570,2021-07-23 07:45:00,40.692127,-73.83484,0,0,Turning Improperly,4440579,26.2,17.3,0.0,0.0,0.0,0.0,1,11.3,27.0,340,Mainly clear,0,0,Sunny/Clear Conditions
59571,2021-07-24 09:42:00,40.76837,-73.889595,0,0,Unspecified,4440145,26.8,18.2,0.0,0.0,0.0,0.0,3,16.3,31.7,152,Overcast,0,0,
59572,2021-07-20 19:15:00,40.762527,-73.98967,0,0,Unspecified,4440849,30.9,21.1,0.0,0.0,0.0,0.0,1,13.3,26.6,283,Mainly clear,0,0,Sunny/Clear Conditions
59573,2021-07-24 06:15:00,40.644768,-74.00708,0,0,Unspecified,4440181,26.8,18.2,0.0,0.0,0.0,0.0,3,16.3,31.7,152,Overcast,0,0,
59574,2021-07-22 19:10:00,40.67994,-73.88468,0,0,Driver Inattention/Distraction,4440547,26.7,17.5,0.0,0.0,0.0,0.0,3,15.3,28.4,327,Overcast,0,0,
59575,2021-07-24 02:09:00,40.68714,-73.80801,3,0,Unsafe Speed,4440322,26.8,18.2,0.0,0.0,0.0,0.0,3,16.3,31.7,152,Overcast,3,3,
59576,2021-07-24 13:33:00,40.85739,-73.909706,0,0,Unspecified,4439990,26.8,18.2,0.0,0.0,0.0,0.0,3,16.3,31.7,152,Overcast,0,0,
59577,2021-07-24 17:30:00,40.736412,-73.74183,0,0,Fatigued/Drowsy,4440014,26.8,18.2,0.0,0.0,0.0,0.0,3,16.3,31.7,152,Overcast,0,0,
59578,2021-07-18 19:10:00,40.823208,-73.888954,0,0,Passing Too Closely,4440692,28.4,23.1,12.4,12.4,0.0,10.0,63,19.6,39.2,232,Rain: Moderate,0,0,
59579,2021-07-24 01:01:00,40.66552,-73.74467,0,0,Unsafe Lane Changing,4439918,26.8,18.2,0.0,0.0,0.0,0.0,3,16.3,31.7,152,Overcast,0,0,
59580,2021-07-24 16:20:00,40.71576,-73.74655,0,0,Following Too Closely,4440344,26.8,18.2,0.0,0.0,0.0,0.0,3,16.3,31.7,152,Overcast,0,0,
59581,2021-07-24 22:24:00,40.69977,-73.98294,0,0,View Obstructed/Limited,4440080,26.8,18.2,0.0,0.0,0.0,0.0,3,16.3,31.7,152,Overcast,0,0,
59582,2021-07-22 22:47:00,40.654133,-74.01169,1,0,Passing or Lane Usage Improper,4440802,26.7,17.5,0.0,0.0,0.0,0.0,3,15.3,28.4,327,Overcast,1,1,
59583,2021-07-24 17:10:00,40.675755,-73.97143,0,0,Passing Too Closely,4440655,26.8,18.2,0.0,0.0,0.0,0.0,3,16.3,31.7,152,Overcast,0,0,
59584,2021-07-22 19:10:00,40.81734,-73.80609,0,0,Unsafe Lane Changing,4440738,26.7,17.5,0.0,0.0,0.0,0.0,3,15.3,28.4,327,Overcast,0,0,
59585,2021-07-24 07:00:00,40.74254,-73.82631,0,0,Passing or Lane Usage Improper,4439995,26.8,18.2,0.0,0.0,0.0,0.0,3,16.3,31.7,152,Overcast,0,0,
59586,2021-07-24 22:15:00,40.740448,-73.97732,1,0,Failure to Yield Right-of-Way,4440020,26.8,18.2,0.0,0.0,0.0,0.0,3,16.3,31.7,152,Overcast,1,1,
59587,2021-07-19 09:34:00,40.652927,-73.959335,0,0,Unspecified,4440565,27.5,20.8,0.5,0.5,0.0,2.0,51,12.8,29.9,307,Drizzle: Light,0,0,
59588,2021-07-24 22:00:00,40.87686,-73.85976,0,0,Traffic Control Disregarded,4440516,26.8,18.2,0.0,0.0,0.0,0.0,3,16.3,31.7,152,Overcast,0,0,
59589,2021-07-24 21:30:00,40.595543,-73.94095,1,0,Driver Inattention/Distraction,4440532,26.8,18.2,0.0,0.0,0.0,0.0,3,16.3,31.7,152,Overcast,1,1,
59590,2021-07-24 15:47:00,40.742123,-73.99097,1,0,Driver Inattention/Distraction,4440807,26.8,18.2,0.0,0.0,0.0,0.0,3,16.3,31.7,152,Overcast,1,1,
59591,2021-07-24 02:57:00,40.636227,-73.88595,0,0,Alcohol Involvement,4439904,26.8,18.2,0.0,0.0,0.0,0.0,3,16.3,31.7,152,Overcast,0,0,
59592,2021-07-24 14:40:00,40.707962,-73.72908,0,0,Traffic Control Disregarded,4440192,26.8,18.2,0.0,0.0,0.0,0.0,3,16.3,31.7,152,Overcast,0,0,
59593,2021-07-20 12:15:00,40.787045,-73.97759,0,0,Turning Improperly,4440828,30.9,21.1,0.0,0.0,0.0,0.0,1,13.3,26.6,283,Mainly clear,0,0,Sunny/Clear Conditions
59594,2021-07-24 15:25:00,40.66534,-73.743935,3,0,Unsafe Lane Changing,4439947,26.8,18.2,0.0,0.0,0.0,0.0,3,16.3,31.7,152,Overcast,3,3,
59595,2021-07-15 05:47:00,40.78542,-73.98399,1,0,Unsafe Speed,4440826,29.3,21.2,0.1,0.1,0.0,1.0,51,13.7,27.4,212,Drizzle: Light,1,1,
59596,2021-07-24 08:55:00,40.714073,-73.95104,0,0,Passing Too Closely,4439895,26.8,18.2,0.0,0.0,0.0,0.0,3,16.3,31.7,152,Overcast,0,0,
59597,2021-07-24 01:30:00,40.851093,-73.93244,1,0,Traffic Control Disregarded,4440026,26.8,18.2,0.0,0.0,0.0,0.0,3,16.3,31.7,152,Overcast,1,1,
59598,2021-07-24 16:50:00,40.853863,-73.7904,0,0,Unspecified,4440484,26.8,18.2,0.0,0.0,0.0,0.0,3,16.3,31.7,152,Overcast,0,0,
59599,2021-07-24 03:39:00,40.641727,-73.907646,1,0,,4440765,26.8,18.2,0.0,0.0,0.0,0.0,3,16.3,31.7,152,Overcast,1,1,
59600,2021-07-24 22:05:00,40.71235,-73.97861,0,0,Other Vehicular,4440313,26.8,18.2,0.0,0.0,0.0,0.0,3,16.3,31.7,152,Overcast,0,0,
59601,2021-07-24 17:50:00,40.85447,-73.91008,0,0,Unspecified,4439985,26.8,18.2,0.0,0.0,0.0,0.0,3,16.3,31.7,152,Overcast,0,0,
59602,2021-07-18 14:00:00,40.827023,-73.88167,0,0,Unspecified,4440641,28.4,23.1,12.4,12.4,0.0,10.0,63,19.6,39.2,232,Rain: Moderate,0,0,
59603,2021-07-24 11:03:00,40.60805,-74.15736,2,0,Driver Inexperience,4440607,26.8,18.2,0.0,0.0,0.0,0.0,3,16.3,31.7,152,Overcast,2,2,
59604,2021-07-24 12:45:00,40.835396,-73.92031,0,0,Backing Unsafely,4440092,26.8,18.2,0.0,0.0,0.0,0.0,3,16.3,31.7,152,Overcast,0,0,
59605,2021-07-24 07:56:00,40.74854,-73.87527,1,0,Driver Inattention/Distraction,4440065,26.8,18.2,0.0,0.0,0.0,0.0,3,16.3,31.7,152,Overcast,1,1,
59606,2021-07-24 14:25:00,40.718708,-74.000946,0,0,Driver Inattention/Distraction,4440570,26.8,18.2,0.0,0.0,0.0,0.0,3,16.3,31.7,152,Overcast,0,0,
59607,2021-07-22 18:24:00,40.798584,-73.93353,1,0,Passing or Lane Usage Improper,4440589,26.7,17.5,0.0,0.0,0.0,0.0,3,15.3,28.4,327,Overcast,1,1,
59608,2021-07-23 19:15:00,40.6415,-74.02411,0,0,Unspecified,4440792,26.2,17.3,0.0,0.0,0.0,0.0,1,11.3,27.0,340,Mainly clear,0,0,Sunny/Clear Conditions
59609,2021-07-24 09:50:00,40.64193,-73.95053,0,0,Failure to Yield Right-of-Way,4439970,26.8,18.2,0.0,0.0,0.0,0.0,3,16.3,31.7,152,Overcast,0,0,
59610,2021-07-21 19:49:00,40.68501,-73.85984,1,0,Pedestrian/Bicyclist/Other Pedestrian Error/Confusion,4440725,27.6,20.9,1.4,1.4,0.0,4.0,53,16.0,31.3,315,Drizzle: Moderate,1,1,
59611,2021-07-24 14:54:00,40.847004,-73.84473,1,0,Driver Inattention/Distraction,4439932,26.8,18.2,0.0,0.0,0.0,0.0,3,16.3,31.7,152,Overcast,1,1,
59612,2021-07-24 14:30:00,40.683514,-73.97596,0,0,Driver Inattention/Distraction,4440650,26.8,18.2,0.0,0.0,0.0,0.0,3,16.3,31.7,152,Overcast,0,0,
59613,2021-07-24 20:25:00,40.883633,-73.88517,1,0,Unspecified,4440428,26.8,18.2,0.0,0.0,0.0,0.0,3,16.3,31.7,152,Overcast,1,1,
59614,2021-07-22 16:41:00,40.77074,-73.99455,0,0,Turning Improperly,4440858,26.7,17.5,0.0,0.0,0.0,0.0,3,15.3,28.4,327,Overcast,0,0,
59615,2021-07-24 10:23:00,40.66937,-73.89523,9,0,Following Too Closely,4440539,26.8,18.2,0.0,0.0,0.0,0.0,3,16.3,31.7,152,Overcast,9,9,
59616,2021-07-24 17:05:00,40.63701,-73.91495,0,0,Unspecified,4440149,26.8,18.2,0.0,0.0,0.0,0.0,3,16.3,31.7,152,Overcast,0,0,
59617,2021-07-24 14:52:00,40.83645,-73.85223,1,0,Failure to Yield Right-of-Way,4440471,26.8,18.2,0.0,0.0,0.0,0.0,3,16.3,31.7,152,Overcast,1,1,
59618,2021-07-24 09:30:00,40.58557,-73.969284,0,0,Unspecified,4440271,26.8,18.2,0.0,0.0,0.0,0.0,3,16.3,31.7,152,Overcast,0,0,
59619,2021-07-24 00:04:00,40.60579,-74.12092,0,0,Driver Inattention/Distraction,4439926,26.8,18.2,0.0,0.0,0.0,0.0,3,16.3,31.7,152,Overcast,0,0,
59620,2021-07-24 06:00:00,40.656452,-73.895226,0,0,Unspecified,4439869,26.8,18.2,0.0,0.0,0.0,0.0,3,16.3,31.7,152,Overcast,0,0,
59621,2021-07-24 22:00:00,40.74854,-73.94964,0,0,Driver Inattention/Distraction,4440034,26.8,18.2,0.0,0.0,0.0,0.0,3,16.3,31.7,152,Overcast,0,0,
59622,2021-07-24 23:15:00,40.71976,-73.94476,0,0,Other Vehicular,4440686,26.8,18.2,0.0,0.0,0.0,0.0,3,16.3,31.7,152,Overcast,0,0,
59623,2021-07-24 23:50:00,40.794052,-73.970375,1,0,Unspecified,4440167,26.8,18.2,0.0,0.0,0.0,0.0,3,16.3,31.7,152,Overcast,1,1,
59624,2021-07-24 15:30:00,40.704544,-73.727234,1,0,Following Too Closely,4440009,26.8,18.2,0.0,0.0,0.0,0.0,3,16.3,31.7,152,Overcast,1,1,
59625,2021-07-19 18:01:00,40.82923,-73.87551,1,0,Unspecified,4440611,27.5,20.8,0.5,0.5,0.0,2.0,51,12.8,29.9,307,Drizzle: Light,1,1,
59626,2021-07-21 16:35:00,40.701588,-73.74865,0,0,Failure to Yield Right-of-Way,4440574,27.6,20.9,1.4,1.4,0.0,4.0,53,16.0,31.3,315,Drizzle: Moderate,0,0,
59627,2021-07-23 09:00:00,40.824726,-73.878296,0,0,Unspecified,4440667,26.2,17.3,0.0,0.0,0.0,0.0,1,11.3,27.0,340,Mainly clear,0,0,Sunny/Clear Conditions
59628,2021-07-24 21:00:00,40.76432,-73.9772,1,0,Driver Inattention/Distraction,4440853,26.8,18.2,0.0,0.0,0.0,0.0,3,16.3,31.7,152,Overcast,1,1,
59629,2021-07-24 09:00:00,40.643745,-73.97009,0,0,Driver Inattention/Distraction,4440055,26.8,18.2,0.0,0.0,0.0,0.0,3,16.3,31.7,152,Overcast,0,0,
59630,2021-07-19 15:20:00,40.805042,-73.936935,1,0,Failure to Yield Right-of-Way,4440584,27.5,20.8,0.5,0.5,0.0,2.0,51,12.8,29.9,307,Drizzle: Light,1,1,
59631,2021-07-24 19:12:00,40.818848,-73.894936,0,0,Unspecified,4440683,26.8,18.2,0.0,0.0,0.0,0.0,3,16.3,31.7,152,Overcast,0,0,
59632,2021-07-24 19:00:00,40.690483,-73.93954,0,0,Driver Inattention/Distraction,4440354,26.8,18.2,0.0,0.0,0.0,0.0,3,16.3,31.7,152,Overcast,0,0,
59633,2021-07-17 18:50:00,40.821175,-73.92574,1,0,Passing Too Closely,4440715,30.8,23.3,5.1,5.1,0.0,5.0,61,17.8,36.4,201,Rain: Light,1,1,
59634,2021-07-21 13:20:00,40.645134,-73.90232,0,0,Failure to Yield Right-of-Way,4440768,27.6,20.9,1.4,1.4,0.0,4.0,53,16.0,31.3,315,Drizzle: Moderate,0,0,
59635,2021-07-24 03:33:00,40.60958,-74.0065,0,0,Alcohol Involvement,4439954,26.8,18.2,0.0,0.0,0.0,0.0,3,16.3,31.7,152,Overcast,0,0,
59636,2021-07-24 14:53:00,40.657227,-73.900764,0,0,Following Too Closely,4440465,26.8,18.2,0.0,0.0,0.0,0.0,3,16.3,31.7,152,Overcast,0,0,
59637,2021-07-24 14:10:00,40.68158,-73.976974,0,0,Following Too Closely,4440654,26.8,18.2,0.0,0.0,0.0,0.0,3,16.3,31.7,152,Overcast,0,0,
59638,2021-07-24 05:15:00,40.68005,-73.80795,0,0,Other Vehicular,4440323,26.8,18.2,0.0,0.0,0.0,0.0,3,16.3,31.7,152,Overcast,0,0,
59639,2021-07-24 03:10:00,40.635803,-74.017624,0,0,Unspecified,4439944,26.8,18.2,0.0,0.0,0.0,0.0,3,16.3,31.7,152,Overcast,0,0,
59640,2021-07-24 18:30:00,40.75829,-73.83431,1,0,Following Too Closely,4439997,26.8,18.2,0.0,0.0,0.0,0.0,3,16.3,31.7,152,Overcast,1,1,