,CRASH DATETIME,LATITUDE,LONGITUDE,NUMBER OF PERSONS INJURED,NUMBER OF PERSONS KILLED,CONTRIBUTING FACTOR VEHICLE 1,COLLISION_ID,temperature_2m_max,temperature_2m_min,precipitation_sum,rain_sum,snowfall_sum,precipitation_hours,weather_code,wind_speed_10m_max,wind_gusts_10m_max,wind_direction_10m_dominant,Weather Description,Severity_Score,Total_Affected_Persons,Weather_Category
59641,2021-07-24 18:00:00,40.679005,-73.86423,0,0,Backing Unsafely,4440543,26.8,18.2,0.0,0.0,0.0,0.0,3,16.3,31.7,152,Overcast,0,0,
59642,2021-07-24 19:18:00,40.578117,-73.941666,2,0,Alcohol Involvement,4440534,26.8,18.2,0.0,0.0,0.0,0.0,3,16.3,31.7,152,Overcast,2,2,
59643,2022-09-24 14:00:00,40.631203,-74.02066,0,0,Driver Inattention/Distraction,4566847,20.6,9.5,0.0,0.0,0.0,0.0,3,18.8,37.4,295,Overcast,0,0,
59644,2021-07-23 09:07:00,40.67573,-73.9746,1,0,Unspecified,4440668,26.2,17.3,0.0,0.0,0.0,0.0,1,11.3,27.0,340,Mainly clear,1,1,Sunny/Clear Conditions
59645,2021-07-18 14:27:00,40.75747,-73.93911,0,0,Failure to Yield Right-of-Way,4440726,28.4,23.1,12.4,12.4,0.0,10.0,63,19.6,39.2,232,Rain: Moderate,0,0,
59646,2021-07-21 17:15:00,40.71164,-73.83591,1,0,Unspecified,4440580,27.6,20.9,1.4,1.4,0.0,4.0,53,16.0,31.3,315,Drizzle: Moderate,1,1,
59647,2021-07-22 18:34:00,40.667076,-73.99508,3,0,Unspecified,4440801,26.7,17.5,0.0,0.0,0.0,0.0,3,15.3,28.4,327,Overcast,3,3,
59648,2021-07-24 14:15:00,40.77187,-73.91481,0,0,Driver Inattention/Distraction,4440113,26.8,18.2,0.0,0.0,0.0,0.0,3,16.3,31.7,152,Overcast,0,0,
59649,2022-01-20 21:00:00,40.69317,-73.75688,3,0,Failure to Yield Right-of-Way,4496084,5.2,-5.5,7.3,4.6,1.89,10.0,73,22.3,40.0,315,Snow fall: Moderate,3,3,Snowy Conditions
59650,2021-07-24 23:58:00,40.686844,-73.836945,1,0,Alcohol Involvement,4440628,26.8,18.2,0.0,0.0,0.0,0.0,3,16.3,31.7,152,Overcast,1,1,
59651,2021-07-24 06:30:00,40.71787,-73.98858,1,0,Unsafe Speed,4439865,26.8,18.2,0.0,0.0,0.0,0.0,3,16.3,31.7,152,Overcast,1,1,
59652,2021-07-22 22:55:00,40.808437,-73.88682,0,0,Unspecified,4440691,26.7,17.5,0.0,0.0,0.0,0.0,3,15.3,28.4,327,Overcast,0,0,
59653,2021-07-24 19:50:00,40.66372,-73.93161,1,0,Unspecified,4440191,26.8,18.2,0.0,0.0,0.0,0.0,3,16.3,31.7,152,Overcast,1,1,
59654,2021-07-24 06:30:00,40.668507,-73.92561,0,0,Other Vehicular,4440258,26.8,18.2,0.0,0.0,0.0,0.0,3,16.3,31.7,152,Overcast,0,0,
59655,2021-07-12 21:00:00,40.625004,-74.14762,0,0,Driver Inattention/Distraction,4440846,28.6,22.0,9.7,9.7,0.0,12.0,63,12.0,31.7,107,Rain: Moderate,0,0,
59656,2021-07-22 08:44:00,40.833908,-73.84184,0,0,Unspecified,4440663,26.7,17.5,0.0,0.0,0.0,0.0,3,15.3,28.4,327,Overcast,0,0,
59657,2021-07-24 10:30:00,40.745068,-73.936356,2,0,Driver Inattention/Distraction,4440046,26.8,18.2,0.0,0.0,0.0,0.0,3,16.3,31.7,152,Overcast,2,2,
59658,2021-07-24 22:00:00,40.68632,-73.869095,2,0,Driver Inattention/Distraction,4440548,26.8,18.2,0.0,0.0,0.0,0.0,3,16.3,31.7,152,Overcast,2,2,
59659,2021-07-24 14:42:00,40.689137,-73.990715,1,0,Following Too Closely,4440077,26.8,18.2,0.0,0.0,0.0,0.0,3,16.3,31.7,152,Overcast,1,1,
59660,2021-07-23 07:30:00,40.825935,-73.85913,1,0,Unspecified,4440679,26.2,17.3,0.0,0.0,0.0,0.0,1,11.3,27.0,340,Mainly clear,1,1,Sunny/Clear Conditions
59661,2021-07-24 14:15:00,40.882153,-73.878136,0,0,Unspecified,4439989,26.8,18.2,0.0,0.0,0.0,0.0,3,16.3,31.7,152,Overcast,0,0,
59662,2021-07-24 03:25:00,40.797836,-73.96946,0,0,Failure to Yield Right-of-Way,4439903,26.8,18.2,0.0,0.0,0.0,0.0,3,16.3,31.7,152,Overcast,0,0,
59663,2021-07-24 15:16:00,40.812145,-73.946014,0,0,Other Vehicular,4440447,26.8,18.2,0.0,0.0,0.0,0.0,3,16.3,31.7,152,Overcast,0,0,
59664,2021-07-20 11:09:00,40.613163,-73.95719,0,0,Passing or Lane Usage Improper,4440566,30.9,21.1,0.0,0.0,0.0,0.0,1,13.3,26.6,283,Mainly clear,0,0,Sunny/Clear Conditions
59665,2021-07-24 01:40:00,40.845467,-73.92813,0,0,Other Vehicular,4440022,26.8,18.2,0.0,0.0,0.0,0.0,3,16.3,31.7,152,Overcast,0,0,
59666,2021-07-24 20:45:00,40.66758,-73.737404,0,0,Driver Inattention/Distraction,4440013,26.8,18.2,0.0,0.0,0.0,0.0,3,16.3,31.7,152,Overcast,0,0,
59667,2021-07-24 12:00:00,40.89889,-73.86503,0,0,Passing or Lane Usage Improper,4440517,26.8,18.2,0.0,0.0,0.0,0.0,3,16.3,31.7,152,Overcast,0,0,
59668,2021-07-22 15:30:00,40.835873,-73.8699,0,0,Unspecified,4440672,26.7,17.5,0.0,0.0,0.0,0.0,3,15.3,28.4,327,Overcast,0,0,
59669,2021-07-24 19:45:00,40.61467,-73.92809,0,0,Driver Inattention/Distraction,4440071,26.8,18.2,0.0,0.0,0.0,0.0,3,16.3,31.7,152,Overcast,0,0,
59670,2021-07-24 07:50:00,40.644253,-73.99987,0,0,Unspecified,4440136,26.8,18.2,0.0,0.0,0.0,0.0,3,16.3,31.7,152,Overcast,0,0,
59671,2021-07-23 23:28:00,40.83863,-73.93348,2,0,Driver Inattention/Distraction,4440645,26.2,17.3,0.0,0.0,0.0,0.0,1,11.3,27.0,340,Mainly clear,2,2,Sunny/Clear Conditions
59672,2021-07-20 11:30:00,40.62528,-74.13548,1,0,Driver Inexperience,4440602,30.9,21.1,0.0,0.0,0.0,0.0,1,13.3,26.6,283,Mainly clear,1,1,Sunny/Clear Conditions
59673,2021-07-24 09:18:00,40.643425,-74.01207,1,0,Unspecified,4440796,26.8,18.2,0.0,0.0,0.0,0.0,3,16.3,31.7,152,Overcast,1,1,
59674,2021-07-14 16:45:00,40.774155,-73.984886,0,0,Unspecified,4440827,30.6,21.5,0.8,0.8,0.0,3.0,53,14.5,36.0,191,Drizzle: Moderate,0,0,
59675,2021-07-24 14:14:00,40.65476,-74.00724,1,0,Unspecified,4440179,26.8,18.2,0.0,0.0,0.0,0.0,3,16.3,31.7,152,Overcast,1,1,
59676,2021-07-23 16:10:00,40.760456,-73.98374,0,0,Turning Improperly,4440865,26.2,17.3,0.0,0.0,0.0,0.0,1,11.3,27.0,340,Mainly clear,0,0,Sunny/Clear Conditions
59677,2021-07-24 10:00:00,40.648254,-73.971405,1,0,Driver Inattention/Distraction,4440056,26.8,18.2,0.0,0.0,0.0,0.0,3,16.3,31.7,152,Overcast,1,1,
59678,2021-07-17 12:22:00,40.85493,-73.82617,0,0,Unspecified,4440737,30.8,23.3,5.1,5.1,0.0,5.0,61,17.8,36.4,201,Rain: Light,0,0,
59679,2021-07-08 18:55:00,40.834644,-73.865036,2,0,Illnes,4440585,28.3,21.3,15.2,15.2,0.0,12.0,63,16.9,48.2,125,Rain: Moderate,2,2,
59680,2021-07-24 13:41:00,40.796005,-73.93542,0,0,Following Too Closely,4440594,26.8,18.2,0.0,0.0,0.0,0.0,3,16.3,31.7,152,Overcast,0,0,
59681,2021-07-24 18:43:00,40.842922,-73.90957,1,0,Reaction to Uninvolved Vehicle,4440093,26.8,18.2,0.0,0.0,0.0,0.0,3,16.3,31.7,152,Overcast,1,1,
59682,2022-01-20 09:44:00,40.80777,-73.94549,1,0,Oversized Vehicle,4496606,5.2,-5.5,7.3,4.6,1.89,10.0,73,22.3,40.0,315,Snow fall: Moderate,1,1,Snowy Conditions
59683,2022-01-21 23:50:00,40.65474,-73.90693,0,0,Unspecified,4496318,-5.3,-11.6,0.0,0.0,0.0,0.0,3,21.9,40.0,2,Overcast,0,0,
59684,2022-01-19 15:25:00,40.657093,-73.95026,1,0,Driver Inattention/Distraction,4495909,7.6,-4.9,0.0,0.0,0.0,0.0,3,23.5,43.2,208,Overcast,1,1,
59685,2022-01-20 08:00:00,40.762207,-73.991776,0,0,Driver Inattention/Distraction,4496227,5.2,-5.5,7.3,4.6,1.89,10.0,73,22.3,40.0,315,Snow fall: Moderate,0,0,Snowy Conditions
59686,2022-01-21 07:55:00,40.597477,-73.986465,1,0,Driver Inattention/Distraction,4496496,-5.3,-11.6,0.0,0.0,0.0,0.0,3,21.9,40.0,2,Overcast,1,1,
59687,2022-01-17 11:12:00,40.87987,-73.842026,1,0,Unsafe Speed,4496467,9.7,0.4,33.6,32.8,0.56,12.0,73,54.1,99.7,183,Snow fall: Moderate,1,1,Snowy Conditions
59688,2021-12-21 13:20:00,40.819542,-73.91353,0,0,Reaction to Uninvolved Vehicle,4496357,5.7,-2.4,0.0,0.0,0.0,0.0,3,13.6,24.5,228,Overcast,0,0,
59689,2022-01-20 14:45:00,40.76217,-73.7568,0,0,Pavement Slippery,4496052,5.2,-5.5,7.3,4.6,1.89,10.0,73,22.3,40.0,315,Snow fall: Moderate,0,0,Snowy Conditions
59690,2022-01-21 14:30:00,40.8453,-73.93827,1,0,Traffic Control Disregarded,4496684,-5.3,-11.6,0.0,0.0,0.0,0.0,3,21.9,40.0,2,Overcast,1,1,
59691,2022-01-16 01:16:00,40.692974,-73.90811,0,0,Passing or Lane Usage Improper,4496733,1.3,-13.5,4.4,0.7,2.59,4.0,75,28.1,47.2,36,Snow fall: Heavy,0,0,Snowy Conditions
59692,2022-01-21 10:45:00,40.728104,-73.80877,0,0,Driver Inattention/Distraction,4496423,-5.3,-11.6,0.0,0.0,0.0,0.0,3,21.9,40.0,2,Overcast,0,0,
59693,2022-01-21 02:07:00,40.57761,-73.96145,0,0,Driver Inattention/Distraction,4496534,-5.3,-11.6,0.0,0.0,0.0,0.0,3,21.9,40.0,2,Overcast,0,0,
59694,2022-01-17 19:56:00,40.553715,-74.16032,1,0,Driver Inattention/Distraction,4496372,9.7,0.4,33.6,32.8,0.56,12.0,73,54.1,99.7,183,Snow fall: Moderate,1,1,Snowy Conditions
59695,2022-01-20 16:26:00,40.731728,-73.717865,0,0,Alcohol Involvement,4496070,5.2,-5.5,7.3,4.6,1.89,10.0,73,22.3,40.0,315,Snow fall: Moderate,0,0,Snowy Conditions
59696,2022-01-19 06:30:00,40.836502,-73.825165,0,0,Unspecified,4495916,7.6,-4.9,0.0,0.0,0.0,0.0,3,23.5,43.2,208,Overcast,0,0,
59697,2022-01-20 23:15:00,40.667076,-73.78266,0,0,Unsafe Lane Changing,4496232,5.2,-5.5,7.3,4.6,1.89,10.0,73,22.3,40.0,315,Snow fall: Moderate,0,0,Snowy Conditions
59698,2022-01-21 21:00:00,40.735294,-73.98282,1,0,Pedestrian/Bicyclist/Other Pedestrian Error/Confusion,4496542,-5.3,-11.6,0.0,0.0,0.0,0.0,3,21.9,40.0,2,Overcast,1,1,
59699,2022-01-20 12:15:00,40.714455,-73.93502,0,0,Driver Inattention/Distraction,4496766,5.2,-5.5,7.3,4.6,1.89,10.0,73,22.3,40.0,315,Snow fall: Moderate,0,0,Snowy Conditions
59700,2022-01-21 21:03:00,40.750443,-73.96599,0,0,Unspecified,4496409,-5.3,-11.6,0.0,0.0,0.0,0.0,3,21.9,40.0,2,Overcast,0,0,
59701,2022-01-15 13:00:00,40.658337,-73.96117,0,0,Unspecified,4496183,-5.3,-11.1,0.0,0.0,0.0,0.0,3,22.4,46.1,345,Overcast,0,0,
59702,2022-01-19 00:34:00,40.586075,-73.94403,0,0,Unsafe Speed,4495809,7.6,-4.9,0.0,0.0,0.0,0.0,3,23.5,43.2,208,Overcast,0,0,
59703,2022-01-19 21:50:00,40.715305,-73.96044,0,0,Following Too Closely,4496168,7.6,-4.9,0.0,0.0,0.0,0.0,3,23.5,43.2,208,Overcast,0,0,
59704,2022-01-19 08:05:00,40.754032,-73.97206,1,0,Passing or Lane Usage Improper,4495774,7.6,-4.9,0.0,0.0,0.0,0.0,3,23.5,43.2,208,Overcast,1,1,
59705,2022-01-20 23:32:00,40.660027,-73.96061,1,0,Driver Inattention/Distraction,4496121,5.2,-5.5,7.3,4.6,1.89,10.0,73,22.3,40.0,315,Snow fall: Moderate,1,1,Snowy Conditions
59706,2022-01-19 16:35:00,40.79423,-73.94695,1,0,Pedestrian/Bicyclist/Other Pedestrian Error/Confusion,4495996,7.6,-4.9,0.0,0.0,0.0,0.0,3,23.5,43.2,208,Overcast,1,1,
59707,2022-01-09 23:15:00,40.856632,-73.927864,0,0,Backing Unsafely,4496658,4.0,-5.3,5.1,5.1,0.0,12.0,53,23.8,42.1,220,Drizzle: Moderate,0,0,
59708,2022-01-19 14:45:00,40.727295,-73.81281,1,0,,4496215,7.6,-4.9,0.0,0.0,0.0,0.0,3,23.5,43.2,208,Overcast,1,1,
59709,2022-01-21 12:00:00,40.760746,-73.862434,1,0,Unspecified,4496254,-5.3,-11.6,0.0,0.0,0.0,0.0,3,21.9,40.0,2,Overcast,1,1,
59710,2022-01-19 15:30:00,40.883556,-73.84974,0,0,Passing or Lane Usage Improper,4495837,7.6,-4.9,0.0,0.0,0.0,0.0,3,23.5,43.2,208,Overcast,0,0,
59711,2022-01-19 17:30:00,40.856785,-73.916176,0,0,Unspecified,4495932,7.6,-4.9,0.0,0.0,0.0,0.0,3,23.5,43.2,208,Overcast,0,0,
59712,2022-01-19 20:56:00,40.753677,-73.914474,1,0,Pedestrian/Bicyclist/Other Pedestrian Error/Confusion,4496620,7.6,-4.9,0.0,0.0,0.0,0.0,3,23.5,43.2,208,Overcast,1,1,
59713,2022-01-10 10:08:00,40.75809,-73.96244,0,0,Driver Inattention/Distraction,4496265,4.1,-4.3,0.0,0.0,0.0,0.0,3,24.1,44.3,295,Overcast,0,0,
59714,2022-01-20 12:20:00,40.706013,-74.00882,0,0,Unspecified,4496013,5.2,-5.5,7.3,4.6,1.89,10.0,73,22.3,40.0,315,Snow fall: Moderate,0,0,Snowy Conditions
59715,2022-01-19 09:20:00,40.788982,-73.93039,0,0,Unspecified,4495969,7.6,-4.9,0.0,0.0,0.0,0.0,3,23.5,43.2,208,Overcast,0,0,
59716,2022-01-19 13:00:00,40.66106,-73.75423,0,0,Unspecified,4495770,7.6,-4.9,0.0,0.0,0.0,0.0,3,23.5,43.2,208,Overcast,0,0,
59717,2022-01-19 06:24:00,40.864655,-73.813866,0,0,Unspecified,4495694,7.6,-4.9,0.0,0.0,0.0,0.0,3,23.5,43.2,208,Overcast,0,0,
59718,2022-01-21 23:44:00,40.771027,-73.93425,0,0,Driver Inattention/Distraction,4496511,-5.3,-11.6,0.0,0.0,0.0,0.0,3,21.9,40.0,2,Overcast,0,0,
59719,2022-09-24 23:30:00,40.75052,-73.940636,0,0,Driver Inattention/Distraction,4566860,20.6,9.5,0.0,0.0,0.0,0.0,3,18.8,37.4,295,Overcast,0,0,
59720,2022-01-19 08:45:00,40.678444,-73.914055,0,0,Unspecified,4495940,7.6,-4.9,0.0,0.0,0.0,0.0,3,23.5,43.2,208,Overcast,0,0,
59721,2022-01-19 19:00:00,40.58331,-73.95202,1,0,Unspecified,4495842,7.6,-4.9,0.0,0.0,0.0,0.0,3,23.5,43.2,208,Overcast,1,1,
59722,2022-01-21 10:55:00,40.820435,-73.93623,0,0,Other Vehicular,4496242,-5.3,-11.6,0.0,0.0,0.0,0.0,3,21.9,40.0,2,Overcast,0,0,
59723,2022-01-20 20:15:00,40.68714,-73.80801,1,0,Driver Inattention/Distraction,4496088,5.2,-5.5,7.3,4.6,1.89,10.0,73,22.3,40.0,315,Snow fall: Moderate,1,1,Snowy Conditions
59724,2022-09-21 10:57:00,40.875927,-73.86703,0,0,Unspecified,4567417,26.5,16.0,0.0,0.0,0.0,0.0,3,19.4,36.7,252,Overcast,0,0,
59725,2022-01-21 09:06:00,40.666603,-73.95655,0,0,Driver Inattention/Distraction,4496297,-5.3,-11.6,0.0,0.0,0.0,0.0,3,21.9,40.0,2,Overcast,0,0,
59726,2022-01-09 04:39:00,40.883743,-73.89831,1,0,Driver Inattention/Distraction,4496400,4.0,-5.3,5.1,5.1,0.0,12.0,53,23.8,42.1,220,Drizzle: Moderate,1,1,
59727,2022-01-19 12:35:00,40.70243,-73.9328,0,0,Backing Unsafely,4496056,7.6,-4.9,0.0,0.0,0.0,0.0,3,23.5,43.2,208,Overcast,0,0,
59728,2022-01-21 15:41:00,40.777905,-73.98209,1,0,Brakes Defective,4496679,-5.3,-11.6,0.0,0.0,0.0,0.0,3,21.9,40.0,2,Overcast,1,1,
59729,2022-01-21 20:00:00,40.68375,-73.81692,0,0,Failure to Yield Right-of-Way,4496353,-5.3,-11.6,0.0,0.0,0.0,0.0,3,21.9,40.0,2,Overcast,0,0,
59730,2021-11-01 19:00:00,40.710747,-73.75066,0,0,Unspecified,4473158,14.4,8.0,0.0,0.0,0.0,0.0,3,20.7,38.5,278,Overcast,0,0,
59731,2021-11-01 10:30:00,40.661217,-73.93141,0,0,Driver Inattention/Distraction,4473274,14.4,8.0,0.0,0.0,0.0,0.0,3,20.7,38.5,278,Overcast,0,0,
59732,2021-11-01 15:05:00,40.831474,-73.89018,0,0,Passing Too Closely,4473212,14.4,8.0,0.0,0.0,0.0,0.0,3,20.7,38.5,278,Overcast,0,0,
59733,2021-10-31 06:00:00,40.88742,-73.89449,1,0,Following Too Closely,4473901,18.3,12.5,3.7,3.7,0.0,8.0,55,22.9,41.0,268,Drizzle: Dense,1,1,
59734,2021-11-01 15:05:00,40.67567,-73.89785,0,0,Other Vehicular,4473874,14.4,8.0,0.0,0.0,0.0,0.0,3,20.7,38.5,278,Overcast,0,0,
59735,2021-11-01 18:30:00,40.753304,-73.912575,0,0,Driver Inattention/Distraction,4473646,14.4,8.0,0.0,0.0,0.0,0.0,3,20.7,38.5,278,Overcast,0,0,
59736,2021-11-01 16:49:00,40.601734,-73.74902,0,0,Backing Unsafely,4473623,14.4,8.0,0.0,0.0,0.0,0.0,3,20.7,38.5,278,Overcast,0,0,
59737,2021-11-01 11:00:00,40.576534,-73.95283,0,0,Unspecified,4473192,14.4,8.0,0.0,0.0,0.0,0.0,3,20.7,38.5,278,Overcast,0,0,
59738,2021-10-30 04:00:00,40.900223,-73.907616,0,0,Unspecified,4473912,17.8,12.0,7.8,7.8,0.0,16.0,61,38.5,68.0,112,Rain: Light,0,0,
59739,2021-11-01 06:27:00,40.583668,-73.94843,2,0,Driver Inattention/Distraction,4473343,14.4,8.0,0.0,0.0,0.0,0.0,3,20.7,38.5,278,Overcast,2,2,
59740,2021-11-01 11:30:00,40.82967,-73.931076,0,0,Aggressive Driving/Road Rage,4473235,14.4,8.0,0.0,0.0,0.0,0.0,3,20.7,38.5,278,Overcast,0,0,
59741,2021-10-31 19:30:00,40.82661,-73.89357,0,0,Passing Too Closely,4473587,18.3,12.5,3.7,3.7,0.0,8.0,55,22.9,41.0,268,Drizzle: Dense,0,0,
59742,2021-10-29 13:45:00,40.75759,-73.78108,0,0,Following Too Closely,4473779,13.8,8.3,9.3,9.3,0.0,5.0,63,40.9,73.8,78,Rain: Moderate,0,0,
59743,2021-11-01 04:55:00,40.67816,-73.897484,0,0,Unspecified,4472919,14.4,8.0,0.0,0.0,0.0,0.0,3,20.7,38.5,278,Overcast,0,0,
59744,2021-11-01 23:50:00,40.60667,-73.972595,0,0,Alcohol Involvement,4473244,14.4,8.0,0.0,0.0,0.0,0.0,3,20.7,38.5,278,Overcast,0,0,
59745,2021-11-01 17:24:00,40.766685,-73.892136,1,0,Driver Inexperience,4473644,14.4,8.0,0.0,0.0,0.0,0.0,3,20.7,38.5,278,Overcast,1,1,
59746,2021-10-28 16:57:00,40.823196,-73.93792,1,0,Backing Unsafely,4473692,15.2,7.9,0.0,0.0,0.0,0.0,3,19.1,34.6,28,Overcast,1,1,
59747,2021-11-01 10:57:00,40.878475,-73.851395,0,0,Unspecified,4473501,14.4,8.0,0.0,0.0,0.0,0.0,3,20.7,38.5,278,Overcast,0,0,
59748,2021-11-01 06:00:00,40.7515,-73.90276,1,0,Unsafe Lane Changing,4472996,14.4,8.0,0.0,0.0,0.0,0.0,3,20.7,38.5,278,Overcast,1,1,
59749,2021-11-01 10:50:00,40.83335,-73.93524,1,0,Unsafe Lane Changing,4473139,14.4,8.0,0.0,0.0,0.0,0.0,3,20.7,38.5,278,Overcast,1,1,
59750,2021-11-01 08:30:00,40.86475,-73.8889,0,0,Unspecified,4473280,14.4,8.0,0.0,0.0,0.0,0.0,3,20.7,38.5,278,Overcast,0,0,
59751,2021-10-30 21:40:00,40.81764,-73.95686,0,0,Driver Inattention/Distraction,4473888,17.8,12.0,7.8,7.8,0.0,16.0,61,38.5,68.0,112,Rain: Light,0,0,
59752,2021-11-01 22:55:00,40.68561,-73.75027,3,0,Turning Improperly,4473303,14.4,8.0,0.0,0.0,0.0,0.0,3,20.7,38.5,278,Overcast,3,3,
59753,2021-11-01 23:55:00,40.69168,-73.999344,0,0,Unspecified,4473352,14.4,8.0,0.0,0.0,0.0,0.0,3,20.7,38.5,278,Overcast,0,0,
59754,2021-11-01 09:15:00,40.63283,-74.00516,0,0,Unspecified,4473386,14.4,8.0,0.0,0.0,0.0,0.0,3,20.7,38.5,278,Overcast,0,0,
59755,2021-11-01 12:26:00,40.661846,-73.95702,1,0,Driver Inattention/Distraction,4473105,14.4,8.0,0.0,0.0,0.0,0.0,3,20.7,38.5,278,Overcast,1,1,
59756,2021-11-01 08:37:00,40.809875,-73.93674,1,0,Aggressive Driving/Road Rage,4473048,14.4,8.0,0.0,0.0,0.0,0.0,3,20.7,38.5,278,Overcast,1,1,
59757,2021-11-01 20:18:00,40.61877,-73.929794,0,0,Failure to Yield Right-of-Way,4473738,14.4,8.0,0.0,0.0,0.0,0.0,3,20.7,38.5,278,Overcast,0,0,
59758,2021-11-01 00:41:00,40.779476,-73.97358,0,0,Driver Inattention/Distraction,4473762,14.4,8.0,0.0,0.0,0.0,0.0,3,20.7,38.5,278,Overcast,0,0,
59759,2021-11-01 04:15:00,40.76255,-73.87813,0,0,,4473090,14.4,8.0,0.0,0.0,0.0,0.0,3,20.7,38.5,278,Overcast,0,0,
59760,2021-11-01 08:15:00,40.743153,-73.88791,0,0,Reaction to Uninvolved Vehicle,4473057,14.4,8.0,0.0,0.0,0.0,0.0,3,20.7,38.5,278,Overcast,0,0,
59761,2021-10-29 21:33:00,40.88205,-73.90442,1,0,Unspecified,4473669,13.8,8.3,9.3,9.3,0.0,5.0,63,40.9,73.8,78,Rain: Moderate,1,1,
59762,2021-11-01 08:40:00,40.60952,-73.92736,0,0,Failure to Yield Right-of-Way,4473129,14.4,8.0,0.0,0.0,0.0,0.0,3,20.7,38.5,278,Overcast,0,0,
59763,2021-11-01 06:41:00,40.61632,-74.15936,0,0,Unsafe Lane Changing,4473024,14.4,8.0,0.0,0.0,0.0,0.0,3,20.7,38.5,278,Overcast,0,0,
59764,2021-11-01 08:45:00,40.636597,-74.13293,1,0,Driver Inattention/Distraction,4473379,14.4,8.0,0.0,0.0,0.0,0.0,3,20.7,38.5,278,Overcast,1,1,
59765,2021-11-01 07:15:00,40.86795,-73.8705,0,0,Driver Inattention/Distraction,4473225,14.4,8.0,0.0,0.0,0.0,0.0,3,20.7,38.5,278,Overcast,0,0,
59766,2021-11-01 14:35:00,40.736965,-74.00996,1,0,Unsafe Speed,4473253,14.4,8.0,0.0,0.0,0.0,0.0,3,20.7,38.5,278,Overcast,1,1,
59767,2021-10-30 07:38:00,40.888615,-73.91019,0,0,Unspecified,4473897,17.8,12.0,7.8,7.8,0.0,16.0,61,38.5,68.0,112,Rain: Light,0,0,
59768,2021-11-01 08:00:00,40.60981,-73.99471,0,0,Unspecified,4473925,14.4,8.0,0.0,0.0,0.0,0.0,3,20.7,38.5,278,Overcast,0,0,
59769,2021-11-01 15:04:00,40.882114,-73.91101,0,0,Unspecified,4473450,14.4,8.0,0.0,0.0,0.0,0.0,3,20.7,38.5,278,Overcast,0,0,
59770,2021-11-01 15:49:00,40.79839,-73.94106,0,0,View Obstructed/Limited,4473316,14.4,8.0,0.0,0.0,0.0,0.0,3,20.7,38.5,278,Overcast,0,0,
59771,2021-11-01 09:20:00,40.771053,-73.98715,0,0,View Obstructed/Limited,4473406,14.4,8.0,0.0,0.0,0.0,0.0,3,20.7,38.5,278,Overcast,0,0,
59772,2021-11-01 08:02:00,40.701588,-73.74865,1,0,Unspecified,4473034,14.4,8.0,0.0,0.0,0.0,0.0,3,20.7,38.5,278,Overcast,1,1,
59773,2021-11-01 04:22:00,40.820984,-73.891624,1,0,Traffic Control Disregarded,4473117,14.4,8.0,0.0,0.0,0.0,0.0,3,20.7,38.5,278,Overcast,1,1,
59774,2021-11-01 21:06:00,40.68884,-73.744446,1,0,Unspecified,4473198,14.4,8.0,0.0,0.0,0.0,0.0,3,20.7,38.5,278,Overcast,1,1,
59775,2021-10-31 03:41:00,40.742138,-73.99864,0,0,Unsafe Speed,4473727,18.3,12.5,3.7,3.7,0.0,8.0,55,22.9,41.0,268,Drizzle: Dense,0,0,
59776,2021-10-31 22:00:00,40.54996,-74.15085,0,0,Unspecified,4473822,18.3,12.5,3.7,3.7,0.0,8.0,55,22.9,41.0,268,Drizzle: Dense,0,0,
59777,2021-10-21 22:43:00,40.86173,-73.91182,0,0,Turning Improperly,4473617,22.9,12.0,0.0,0.0,0.0,0.0,3,17.0,31.7,207,Overcast,0,0,
59778,2021-10-29 19:00:00,40.723698,-73.90859,0,0,Passing Too Closely,4473739,13.8,8.3,9.3,9.3,0.0,5.0,63,40.9,73.8,78,Rain: Moderate,0,0,
59779,2021-11-01 13:30:00,40.734882,-73.909966,0,0,Driver Inattention/Distraction,4473141,14.4,8.0,0.0,0.0,0.0,0.0,3,20.7,38.5,278,Overcast,0,0,
59780,2021-11-01 20:55:00,40.63806,-74.11766,2,0,Driver Inattention/Distraction,4473790,14.4,8.0,0.0,0.0,0.0,0.0,3,20.7,38.5,278,Overcast,2,2,
59781,2021-11-01 12:10:00,40.74481,-73.97992,0,0,Backing Unsafely,4473172,14.4,8.0,0.0,0.0,0.0,0.0,3,20.7,38.5,278,Overcast,0,0,
59782,2021-11-01 20:48:00,40.703213,-73.90133,0,0,Passing Too Closely,4473677,14.4,8.0,0.0,0.0,0.0,0.0,3,20.7,38.5,278,Overcast,0,0,
59783,2021-11-01 07:43:00,40.877815,-73.868126,1,0,Driver Inattention/Distraction,4473074,14.4,8.0,0.0,0.0,0.0,0.0,3,20.7,38.5,278,Overcast,1,1,
59784,2021-11-01 18:00:00,40.678596,-73.882416,1,0,Following Too Closely,4473576,14.4,8.0,0.0,0.0,0.0,0.0,3,20.7,38.5,278,Overcast,1,1,
59785,2021-11-01 18:20:00,40.598606,-73.97893,0,0,Driver Inattention/Distraction,4473332,14.4,8.0,0.0,0.0,0.0,0.0,3,20.7,38.5,278,Overcast,0,0,
59786,2021-10-30 15:00:00,40.66717,-73.88086,0,0,Unspecified,4473569,17.8,12.0,7.8,7.8,0.0,16.0,61,38.5,68.0,112,Rain: Light,0,0,
59787,2021-11-01 19:11:00,40.804962,-73.923065,0,0,Unspecified,4473220,14.4,8.0,0.0,0.0,0.0,0.0,3,20.7,38.5,278,Overcast,0,0,