,CRASH DATETIME,LATITUDE,LONGITUDE,NUMBER OF PERSONS INJURED,NUMBER OF PERSONS KILLED,CONTRIBUTING FACTOR VEHICLE 1,COLLISION_ID,temperature_2m_max,temperature_2m_min,precipitation_sum,rain_sum,snowfall_sum,precipitation_hours,weather_code,wind_speed_10m_max,wind_gusts_10m_max,wind_direction_10m_dominant,Weather Description,Severity_Score,Total_Affected_Persons,Weather_Category
59788,2021-10-27 16:36:00,40.758316,-73.91069,0,0,Passing or Lane Usage Improper,4473634,16.1,12.2,6.6,6.6,0.0,6.0,61,33.3,63.0,359,Rain: Light,0,0,
59789,2021-11-01 10:47:00,40.742844,-73.85122,0,0,Unspecified,4473247,14.4,8.0,0.0,0.0,0.0,0.0,3,20.7,38.5,278,Overcast,0,0,
59790,2021-10-30 10:23:00,40.888367,-73.90867,0,0,Unspecified,4473905,17.8,12.0,7.8,7.8,0.0,16.0,61,38.5,68.0,112,Rain: Light,0,0,
59791,2021-11-01 12:00:00,40.62149,-74.02622,1,0,Driver Inattention/Distraction,4473182,14.4,8.0,0.0,0.0,0.0,0.0,3,20.7,38.5,278,Overcast,1,1,
59792,2021-11-01 09:24:00,40.684692,-73.86497,0,0,Steering Failure,4473290,14.4,8.0,0.0,0.0,0.0,0.0,3,20.7,38.5,278,Overcast,0,0,
59793,2021-10-31 01:50:00,40.731144,-73.86937,1,0,Unsafe Speed,4473714,18.3,12.5,3.7,3.7,0.0,8.0,55,22.9,41.0,268,Drizzle: Dense,1,1,
59794,2021-11-01 10:33:00,40.690357,-73.989746,0,0,Passing or Lane Usage Improper,4473148,14.4,8.0,0.0,0.0,0.0,0.0,3,20.7,38.5,278,Overcast,0,0,
59795,2021-10-29 18:20:00,40.8617,-73.89139,1,0,Pedestrian/Bicyclist/Other Pedestrian Error/Confusion,4473594,13.8,8.3,9.3,9.3,0.0,5.0,63,40.9,73.8,78,Rain: Moderate,1,1,
59796,2021-11-01 14:45:00,40.66785,-73.92103,1,0,Unspecified,4473263,14.4,8.0,0.0,0.0,0.0,0.0,3,20.7,38.5,278,Overcast,1,1,
59797,2021-11-01 16:35:00,40.58634,-73.93145,0,0,Unspecified,4473193,14.4,8.0,0.0,0.0,0.0,0.0,3,20.7,38.5,278,Overcast,0,0,
59798,2021-11-01 05:01:00,40.57698,-73.981575,0,0,Driver Inattention/Distraction,4473264,14.4,8.0,0.0,0.0,0.0,0.0,3,20.7,38.5,278,Overcast,0,0,
59799,2021-11-01 17:25:00,40.835598,-73.9138,1,0,Driver Inattention/Distraction,4473236,14.4,8.0,0.0,0.0,0.0,0.0,3,20.7,38.5,278,Overcast,1,1,
59800,2021-11-01 03:30:00,40.76943,-73.91025,0,0,Failure to Yield Right-of-Way,4473639,14.4,8.0,0.0,0.0,0.0,0.0,3,20.7,38.5,278,Overcast,0,0,
59801,2021-11-01 00:10:00,40.71385,-73.77888,0,0,Driver Inattention/Distraction,4472812,14.4,8.0,0.0,0.0,0.0,0.0,3,20.7,38.5,278,Overcast,0,0,
59802,2021-09-12 20:02:00,40.70314,-73.76007,0,0,Traffic Control Disregarded,4473681,28.8,18.3,0.0,0.0,0.0,0.0,3,24.3,46.8,233,Overcast,0,0,
59803,2021-10-30 20:45:00,40.634697,-74.106544,1,0,Driver Inattention/Distraction,4473786,17.8,12.0,7.8,7.8,0.0,16.0,61,38.5,68.0,112,Rain: Light,1,1,
59804,2021-11-01 09:20:00,40.78015,-73.84241,0,0,Unspecified,4473168,14.4,8.0,0.0,0.0,0.0,0.0,3,20.7,38.5,278,Overcast,0,0,
59805,2021-11-01 15:11:00,40.63562,-73.98432,0,0,Unspecified,4473548,14.4,8.0,0.0,0.0,0.0,0.0,3,20.7,38.5,278,Overcast,0,0,
59806,2021-10-31 03:20:00,40.756767,-73.9984,0,0,Passenger Distraction,4473775,18.3,12.5,3.7,3.7,0.0,8.0,55,22.9,41.0,268,Drizzle: Dense,0,0,
59807,2021-11-01 17:29:00,40.818768,-73.89867,0,0,Unspecified,4473745,14.4,8.0,0.0,0.0,0.0,0.0,3,20.7,38.5,278,Overcast,0,0,
59808,2021-10-28 11:49:00,40.899548,-73.892136,1,0,Unspecified,4473622,15.2,7.9,0.0,0.0,0.0,0.0,3,19.1,34.6,28,Overcast,1,1,
59809,2021-11-01 05:41:00,40.89215,-73.86147,1,0,Unsafe Speed,4472920,14.4,8.0,0.0,0.0,0.0,0.0,3,20.7,38.5,278,Overcast,1,1,
59810,2021-10-30 13:40:00,40.5308,-74.19286,1,0,Unspecified,4473645,17.8,12.0,7.8,7.8,0.0,16.0,61,38.5,68.0,112,Rain: Light,1,1,
59811,2021-11-01 12:15:00,40.720345,-73.983475,0,0,Unspecified,4473145,14.4,8.0,0.0,0.0,0.0,0.0,3,20.7,38.5,278,Overcast,0,0,
59812,2021-11-01 03:00:00,40.830986,-73.91139,1,0,Traffic Control Disregarded,4473237,14.4,8.0,0.0,0.0,0.0,0.0,3,20.7,38.5,278,Overcast,1,1,
59813,2021-10-24 04:26:00,40.8854,-73.89723,3,0,Unspecified,4473694,15.5,7.6,0.7,0.7,0.0,1.0,53,13.0,23.8,248,Drizzle: Moderate,3,3,
59814,2021-11-01 18:59:00,40.700565,-73.76411,0,0,Driver Inattention/Distraction,4473183,14.4,8.0,0.0,0.0,0.0,0.0,3,20.7,38.5,278,Overcast,0,0,
59815,2021-10-29 17:08:00,40.850822,-73.90147,0,0,Backing Unsafely,4473593,13.8,8.3,9.3,9.3,0.0,5.0,63,40.9,73.8,78,Rain: Moderate,0,0,
59816,2021-11-01 19:15:00,40.83623,-73.90741,0,0,Following Too Closely,4473213,14.4,8.0,0.0,0.0,0.0,0.0,3,20.7,38.5,278,Overcast,0,0,
59817,2021-10-29 06:30:00,40.90686,-73.904106,1,0,Unspecified,4473875,13.8,8.3,9.3,9.3,0.0,5.0,63,40.9,73.8,78,Rain: Moderate,1,1,
59818,2021-10-31 00:46:00,40.702873,-73.89953,1,0,Pavement Slippery,4473676,18.3,12.5,3.7,3.7,0.0,8.0,55,22.9,41.0,268,Drizzle: Dense,1,1,
59819,2021-11-01 15:45:00,40.777317,-73.9624,0,0,Passing Too Closely,4473909,14.4,8.0,0.0,0.0,0.0,0.0,3,20.7,38.5,278,Overcast,0,0,
59820,2021-11-01 08:30:00,40.87683,-73.86472,0,0,Unspecified,4473073,14.4,8.0,0.0,0.0,0.0,0.0,3,20.7,38.5,278,Overcast,0,0,
59821,2021-11-01 13:18:00,40.63367,-74.01427,0,0,Driver Inattention/Distraction,4473092,14.4,8.0,0.0,0.0,0.0,0.0,3,20.7,38.5,278,Overcast,0,0,
59822,2021-11-01 12:00:00,40.599705,-73.99016,0,0,Failure to Yield Right-of-Way,4473322,14.4,8.0,0.0,0.0,0.0,0.0,3,20.7,38.5,278,Overcast,0,0,
59823,2021-11-01 01:05:00,40.755486,-73.82472,1,0,Following Too Closely,4473164,14.4,8.0,0.0,0.0,0.0,0.0,3,20.7,38.5,278,Overcast,1,1,
59824,2021-11-01 04:05:00,40.75458,-73.99915,0,0,Unsafe Speed,4473427,14.4,8.0,0.0,0.0,0.0,0.0,3,20.7,38.5,278,Overcast,0,0,
59825,2021-10-31 21:30:00,40.67132,-73.9281,0,0,Driver Inattention/Distraction,4473703,18.3,12.5,3.7,3.7,0.0,8.0,55,22.9,41.0,268,Drizzle: Dense,0,0,
59826,2021-11-01 07:50:00,40.65763,-73.85625,0,0,Other Vehicular,4473036,14.4,8.0,0.0,0.0,0.0,0.0,3,20.7,38.5,278,Overcast,0,0,
59827,2021-11-01 22:35:00,40.84497,-73.90247,1,0,Driver Inattention/Distraction,4473271,14.4,8.0,0.0,0.0,0.0,0.0,3,20.7,38.5,278,Overcast,1,1,
59828,2021-11-01 10:20:00,40.81847,-73.9414,0,0,Driver Inattention/Distraction,4473333,14.4,8.0,0.0,0.0,0.0,0.0,3,20.7,38.5,278,Overcast,0,0,
59829,2021-11-01 12:30:00,40.592205,-73.93551,1,0,Driver Inattention/Distraction,4473084,14.4,8.0,0.0,0.0,0.0,0.0,3,20.7,38.5,278,Overcast,1,1,
59830,2021-11-01 16:40:00,40.74105,-73.72587,1,0,Driver Inattention/Distraction,4473197,14.4,8.0,0.0,0.0,0.0,0.0,3,20.7,38.5,278,Overcast,1,1,
59831,2021-11-01 20:29:00,40.82699,-73.909294,0,0,Unspecified,4473662,14.4,8.0,0.0,0.0,0.0,0.0,3,20.7,38.5,278,Overcast,0,0,
59832,2021-11-01 03:51:00,40.618484,-73.92004,0,0,Fatigued/Drowsy,4473451,14.4,8.0,0.0,0.0,0.0,0.0,3,20.7,38.5,278,Overcast,0,0,
59833,2021-11-01 03:30:00,40.70678,-73.80898,0,0,Unspecified,4473152,14.4,8.0,0.0,0.0,0.0,0.0,3,20.7,38.5,278,Overcast,0,0,
59834,2021-11-01 15:51:00,40.697075,-73.93185,1,0,Driver Inattention/Distraction,4473203,14.4,8.0,0.0,0.0,0.0,0.0,3,20.7,38.5,278,Overcast,1,1,
59835,2021-10-28 11:55:00,40.693306,-73.96726,0,0,Passing or Lane Usage Improper,4473729,15.2,7.9,0.0,0.0,0.0,0.0,3,19.1,34.6,28,Overcast,0,0,
59836,2021-11-01 20:00:00,40.739666,-73.79215,2,0,Driver Inattention/Distraction,4473597,14.4,8.0,0.0,0.0,0.0,0.0,3,20.7,38.5,278,Overcast,2,2,
59837,2021-11-01 08:00:00,40.846867,-73.90876,1,0,Unspecified,4473310,14.4,8.0,0.0,0.0,0.0,0.0,3,20.7,38.5,278,Overcast,1,1,
59838,2021-11-01 06:00:00,40.82304,-73.88193,3,0,Unspecified,4472989,14.4,8.0,0.0,0.0,0.0,0.0,3,20.7,38.5,278,Overcast,3,3,
59839,2021-11-01 18:19:00,40.786022,-73.97623,0,0,Driver Inattention/Distraction,4473404,14.4,8.0,0.0,0.0,0.0,0.0,3,20.7,38.5,278,Overcast,0,0,
59840,2021-11-01 22:01:00,40.58502,-74.14763,1,0,Driver Inattention/Distraction,4473924,14.4,8.0,0.0,0.0,0.0,0.0,3,20.7,38.5,278,Overcast,1,1,
59841,2021-11-01 20:34:00,40.65249,-73.95267,0,0,Following Too Closely,4473342,14.4,8.0,0.0,0.0,0.0,0.0,3,20.7,38.5,278,Overcast,0,0,
59842,2021-11-01 05:05:00,40.86196,-73.910324,0,0,Unspecified,4473279,14.4,8.0,0.0,0.0,0.0,0.0,3,20.7,38.5,278,Overcast,0,0,
59843,2021-11-01 19:40:00,40.66807,-73.80789,0,0,Failure to Yield Right-of-Way,4473224,14.4,8.0,0.0,0.0,0.0,0.0,3,20.7,38.5,278,Overcast,0,0,
59844,2021-10-31 21:00:00,40.73539,-73.99828,1,0,Pedestrian/Bicyclist/Other Pedestrian Error/Confusion,4473851,18.3,12.5,3.7,3.7,0.0,8.0,55,22.9,41.0,268,Drizzle: Dense,1,1,
59845,2021-11-01 01:46:00,40.83801,-73.87329,2,1,Unsafe Speed,4473668,14.4,8.0,0.0,0.0,0.0,0.0,3,20.7,38.5,278,Overcast,22,3,
59846,2021-12-12 04:45:00,40.762238,-73.9763,0,0,Unspecified,4486077,13.0,3.4,0.5,0.5,0.0,1.0,53,32.4,62.6,284,Drizzle: Moderate,0,0,
59847,2021-11-01 15:15:00,40.74713,-73.88869,1,0,Failure to Yield Right-of-Way,4473252,14.4,8.0,0.0,0.0,0.0,0.0,3,20.7,38.5,278,Overcast,1,1,
59848,2021-10-26 05:37:00,40.669403,-73.94221,2,0,Driver Inattention/Distraction,4473604,16.9,13.8,84.5,84.5,0.0,17.0,65,28.7,53.6,87,Rain: Heavy,2,2,
59849,2021-11-01 16:09:00,40.817596,-73.95319,0,0,Passing Too Closely,4473887,14.4,8.0,0.0,0.0,0.0,0.0,3,20.7,38.5,278,Overcast,0,0,
59850,2021-11-01 21:59:00,40.766552,-73.77255,0,0,Passing or Lane Usage Improper,4473435,14.4,8.0,0.0,0.0,0.0,0.0,3,20.7,38.5,278,Overcast,0,0,
59851,2021-11-01 10:00:00,40.68102,-73.8934,0,0,Driver Inattention/Distraction,4473571,14.4,8.0,0.0,0.0,0.0,0.0,3,20.7,38.5,278,Overcast,0,0,
59852,2021-11-01 19:45:00,40.701485,-73.91143,0,0,Failure to Yield Right-of-Way,4473202,14.4,8.0,0.0,0.0,0.0,0.0,3,20.7,38.5,278,Overcast,0,0,
59853,2021-11-01 15:50:00,40.662743,-73.921936,1,0,Unspecified,4473348,14.4,8.0,0.0,0.0,0.0,0.0,3,20.7,38.5,278,Overcast,1,1,
59854,2021-11-01 02:38:00,40.875,-73.87471,0,0,Unsafe Speed,4473018,14.4,8.0,0.0,0.0,0.0,0.0,3,20.7,38.5,278,Overcast,0,0,
59855,2021-11-01 09:00:00,40.697716,-73.967735,1,0,Unspecified,4473259,14.4,8.0,0.0,0.0,0.0,0.0,3,20.7,38.5,278,Overcast,1,1,
59856,2021-11-01 11:00:00,40.831196,-73.86084,0,0,Unspecified,4473102,14.4,8.0,0.0,0.0,0.0,0.0,3,20.7,38.5,278,Overcast,0,0,
59857,2021-11-01 16:15:00,40.76484,-73.98054,0,0,Passing or Lane Usage Improper,4473266,14.4,8.0,0.0,0.0,0.0,0.0,3,20.7,38.5,278,Overcast,0,0,
59858,2021-11-01 00:20:00,40.74777,-73.815994,1,0,Traffic Control Disregarded,4473167,14.4,8.0,0.0,0.0,0.0,0.0,3,20.7,38.5,278,Overcast,1,1,
59859,2021-11-01 16:04:00,40.716484,-73.943016,0,0,Unspecified,4473258,14.4,8.0,0.0,0.0,0.0,0.0,3,20.7,38.5,278,Overcast,0,0,
59860,2021-10-29 16:45:00,40.628643,-74.005936,1,0,Driver Inattention/Distraction,4473896,13.8,8.3,9.3,9.3,0.0,5.0,63,40.9,73.8,78,Rain: Moderate,1,1,
59861,2021-10-28 05:10:00,40.761543,-73.92573,1,0,Driver Inattention/Distraction,4473633,15.2,7.9,0.0,0.0,0.0,0.0,3,19.1,34.6,28,Overcast,1,1,
59862,2021-11-01 08:40:00,40.80762,-73.916954,1,0,Unspecified,4473219,14.4,8.0,0.0,0.0,0.0,0.0,3,20.7,38.5,278,Overcast,1,1,
59863,2021-11-01 12:32:00,40.76791,-73.92542,0,0,Unspecified,4473640,14.4,8.0,0.0,0.0,0.0,0.0,3,20.7,38.5,278,Overcast,0,0,
59864,2021-11-01 01:25:00,40.769318,-73.8666,0,0,Driver Inattention/Distraction,4472845,14.4,8.0,0.0,0.0,0.0,0.0,3,20.7,38.5,278,Overcast,0,0,
59865,2021-10-29 11:00:00,40.619755,-73.97892,0,0,Unspecified,4473685,13.8,8.3,9.3,9.3,0.0,5.0,63,40.9,73.8,78,Rain: Moderate,0,0,
59866,2021-10-29 15:38:00,40.718143,-73.993835,0,0,Driver Inattention/Distraction,4473929,13.8,8.3,9.3,9.3,0.0,5.0,63,40.9,73.8,78,Rain: Moderate,0,0,
59867,2021-11-01 13:00:00,40.643677,-73.970726,0,0,Unspecified,4473538,14.4,8.0,0.0,0.0,0.0,0.0,3,20.7,38.5,278,Overcast,0,0,
59868,2021-10-29 22:00:00,40.6293,-74.07661,0,0,Unspecified,4473785,13.8,8.3,9.3,9.3,0.0,5.0,63,40.9,73.8,78,Rain: Moderate,0,0,
59869,2021-11-01 17:10:00,40.65542,-73.9229,1,0,Unspecified,4473339,14.4,8.0,0.0,0.0,0.0,0.0,3,20.7,38.5,278,Overcast,1,1,
59870,2021-11-01 00:50:00,40.7524,-73.87892,0,0,Driver Inattention/Distraction,4473081,14.4,8.0,0.0,0.0,0.0,0.0,3,20.7,38.5,278,Overcast,0,0,
59871,2021-11-01 00:00:00,40.86348,-73.90812,0,0,Passing or Lane Usage Improper,4473085,14.4,8.0,0.0,0.0,0.0,0.0,3,20.7,38.5,278,Overcast,0,0,
59872,2021-11-01 22:55:00,40.691868,-73.863846,0,0,Reaction to Uninvolved Vehicle,4473294,14.4,8.0,0.0,0.0,0.0,0.0,3,20.7,38.5,278,Overcast,0,0,
59873,2021-11-01 05:35:00,40.810287,-73.90172,0,0,Aggressive Driving/Road Rage,4473116,14.4,8.0,0.0,0.0,0.0,0.0,3,20.7,38.5,278,Overcast,0,0,
59874,2021-11-01 22:15:00,40.752686,-73.97905,1,0,Unspecified,4473329,14.4,8.0,0.0,0.0,0.0,0.0,3,20.7,38.5,278,Overcast,1,1,
59875,2021-10-29 00:00:00,40.726864,-73.85199,0,0,Backing Unsafely,4473713,13.8,8.3,9.3,9.3,0.0,5.0,63,40.9,73.8,78,Rain: Moderate,0,0,
59876,2021-11-01 13:45:00,40.665558,-73.72985,2,0,Unspecified,4473151,14.4,8.0,0.0,0.0,0.0,0.0,3,20.7,38.5,278,Overcast,2,2,
59877,2021-11-01 19:10:00,40.607815,-74.14082,0,0,,4473360,14.4,8.0,0.0,0.0,0.0,0.0,3,20.7,38.5,278,Overcast,0,0,
59878,2021-11-01 07:50:00,40.679012,-73.74928,0,0,Obstruction/Debris,4473030,14.4,8.0,0.0,0.0,0.0,0.0,3,20.7,38.5,278,Overcast,0,0,
59879,2021-11-01 16:00:00,40.844578,-73.902695,1,0,Unspecified,4473296,14.4,8.0,0.0,0.0,0.0,0.0,3,20.7,38.5,278,Overcast,1,1,
59880,2021-11-01 07:53:00,40.615314,-73.95442,0,0,Unspecified,4473354,14.4,8.0,0.0,0.0,0.0,0.0,3,20.7,38.5,278,Overcast,0,0,
59881,2021-11-01 17:40:00,40.768826,-73.86631,0,0,Following Too Closely,4473423,14.4,8.0,0.0,0.0,0.0,0.0,3,20.7,38.5,278,Overcast,0,0,
59882,2021-11-01 08:00:00,40.69051,-73.91188,0,0,Unspecified,4473037,14.4,8.0,0.0,0.0,0.0,0.0,3,20.7,38.5,278,Overcast,0,0,
59883,2021-11-01 06:01:00,40.669113,-73.95336,0,0,Other Vehicular,4473109,14.4,8.0,0.0,0.0,0.0,0.0,3,20.7,38.5,278,Overcast,0,0,
59884,2021-10-29 05:30:00,40.6985,-73.98698,2,0,Failure to Yield Right-of-Way,4473734,13.8,8.3,9.3,9.3,0.0,5.0,63,40.9,73.8,78,Rain: Moderate,2,2,
59885,2021-10-25 20:00:00,40.7591,-73.99214,0,0,Unsafe Lane Changing,4473744,22.8,13.5,10.7,10.7,0.0,8.0,63,18.9,33.5,172,Rain: Moderate,0,0,
59886,2021-11-01 15:30:00,40.69024,-73.99437,0,0,Aggressive Driving/Road Rage,4473144,14.4,8.0,0.0,0.0,0.0,0.0,3,20.7,38.5,278,Overcast,0,0,
59887,2021-11-01 06:48:00,40.84126,-73.92805,0,0,Aggressive Driving/Road Rage,4473238,14.4,8.0,0.0,0.0,0.0,0.0,3,20.7,38.5,278,Overcast,0,0,
59888,2021-11-01 15:36:00,40.80641,-73.94227,1,0,Driver Inattention/Distraction,4473721,14.4,8.0,0.0,0.0,0.0,0.0,3,20.7,38.5,278,Overcast,1,1,
59889,2021-11-01 11:00:00,40.893246,-73.85407,0,0,Unsafe Speed,4473516,14.4,8.0,0.0,0.0,0.0,0.0,3,20.7,38.5,278,Overcast,0,0,
59890,2021-10-25 19:13:00,40.875717,-73.909706,0,0,Unspecified,4473675,22.8,13.5,10.7,10.7,0.0,8.0,63,18.9,33.5,172,Rain: Moderate,0,0,
59891,2021-11-01 09:05:00,40.78257,-73.94522,0,0,View Obstructed/Limited,4473063,14.4,8.0,0.0,0.0,0.0,0.0,3,20.7,38.5,278,Overcast,0,0,
59892,2021-11-01 07:50:00,40.766434,-73.83767,1,0,Physical Disability,4473165,14.4,8.0,0.0,0.0,0.0,0.0,3,20.7,38.5,278,Overcast,1,1,
59893,2021-11-01 08:30:00,40.602467,-73.96638,1,0,Failure to Yield Right-of-Way,4473005,14.4,8.0,0.0,0.0,0.0,0.0,3,20.7,38.5,278,Overcast,1,1,
59894,2021-11-01 14:00:00,40.609394,-73.9406,0,0,Driver Inattention/Distraction,4473134,14.4,8.0,0.0,0.0,0.0,0.0,3,20.7,38.5,278,Overcast,0,0,
59895,2021-11-01 15:00:00,40.638268,-74.0788,0,0,Passing Too Closely,4473787,14.4,8.0,0.0,0.0,0.0,0.0,3,20.7,38.5,278,Overcast,0,0,
59896,2021-11-01 06:00:00,40.751236,-73.71349,0,0,Driver Inattention/Distraction,4473284,14.4,8.0,0.0,0.0,0.0,0.0,3,20.7,38.5,278,Overcast,0,0,
59897,2021-11-01 14:30:00,40.70738,-73.91849,0,0,Unspecified,4473123,14.4,8.0,0.0,0.0,0.0,0.0,3,20.7,38.5,278,Overcast,0,0,
59898,2022-01-20 20:00:00,40.842236,-73.87175,1,0,Turning Improperly,4496136,5.2,-5.5,7.3,4.6,1.89,10.0,73,22.3,40.0,315,Snow fall: Moderate,1,1,Snowy Conditions
59899,2021-11-01 12:54:00,40.79847,-73.96901,3,0,Traffic Control Disregarded,4473632,14.4,8.0,0.0,0.0,0.0,0.0,3,20.7,38.5,278,Overcast,3,3,
59900,2021-11-01 09:15:00,40.634815,-73.95225,1,0,Driver Inattention/Distraction,4473365,14.4,8.0,0.0,0.0,0.0,0.0,3,20.7,38.5,278,Overcast,1,1,
59901,2021-10-30 20:39:00,40.77579,-73.960396,1,0,Unspecified,4473910,17.8,12.0,7.8,7.8,0.0,16.0,61,38.5,68.0,112,Rain: Light,1,1,
59902,2021-11-01 12:00:00,40.715195,-73.997284,0,0,Backing Unsafely,4473189,14.4,8.0,0.0,0.0,0.0,0.0,3,20.7,38.5,278,Overcast,0,0,
59903,2021-11-01 11:00:00,40.79834,-73.93888,0,0,Other Vehicular,4473319,14.4,8.0,0.0,0.0,0.0,0.0,3,20.7,38.5,278,Overcast,0,0,
59904,2021-11-01 07:47:00,40.695084,-73.93859,0,0,Driver Inattention/Distraction,4473398,14.4,8.0,0.0,0.0,0.0,0.0,3,20.7,38.5,278,Overcast,0,0,
59905,2021-11-01 16:15:00,40.65634,-73.92137,0,0,Driver Inattention/Distraction,4473346,14.4,8.0,0.0,0.0,0.0,0.0,3,20.7,38.5,278,Overcast,0,0,
59906,2021-11-01 00:27:00,40.661743,-73.94784,1,0,Driver Inattention/Distraction,4473231,14.4,8.0,0.0,0.0,0.0,0.0,3,20.7,38.5,278,Overcast,1,1,
59907,2021-10-29 06:30:00,40.75887,-73.82064,0,0,Turning Improperly,4473592,13.8,8.3,9.3,9.3,0.0,5.0,63,40.9,73.8,78,Rain: Moderate,0,0,
59908,2021-10-29 21:15:00,40.692604,-73.92751,0,0,Driver Inattention/Distraction,4473702,13.8,8.3,9.3,9.3,0.0,5.0,63,40.9,73.8,78,Rain: Moderate,0,0,
59909,2021-11-01 17:44:00,40.6743,-73.74655,0,0,Unspecified,4473179,14.4,8.0,0.0,0.0,0.0,0.0,3,20.7,38.5,278,Overcast,0,0,
59910,2021-10-26 20:00:00,40.87664,-73.90139,0,0,Failure to Yield Right-of-Way,4473619,16.9,13.8,84.5,84.5,0.0,17.0,65,28.7,53.6,87,Rain: Heavy,0,0,
59911,2021-10-27 19:28:00,40.803143,-73.97256,2,0,Following Too Closely,4472129,16.1,12.2,6.6,6.6,0.0,6.0,61,33.3,63.0,359,Rain: Light,2,2,
59912,2022-01-21 12:00:00,40.677044,-74.000725,0,0,Unspecified,4496247,-5.3,-11.6,0.0,0.0,0.0,0.0,3,21.9,40.0,2,Overcast,0,0,
59913,2021-11-01 17:57:00,40.766827,-73.909294,1,0,Driver Inattention/Distraction,4473641,14.4,8.0,0.0,0.0,0.0,0.0,3,20.7,38.5,278,Overcast,1,1,
59914,2021-11-01 13:38:00,40.72585,-73.94212,1,0,Unspecified,4473096,14.4,8.0,0.0,0.0,0.0,0.0,3,20.7,38.5,278,Overcast,1,1,
59915,2021-11-01 09:30:00,40.70933,-73.92249,0,0,Other Vehicular,4473204,14.4,8.0,0.0,0.0,0.0,0.0,3,20.7,38.5,278,Overcast,0,0,
59916,2021-11-01 22:45:00,40.675037,-73.930534,0,0,Driver Inattention/Distraction,4473695,14.4,8.0,0.0,0.0,0.0,0.0,3,20.7,38.5,278,Overcast,0,0,
59917,2021-10-31 04:10:00,40.647526,-73.89469,1,0,Failure to Yield Right-of-Way,4473557,18.3,12.5,3.7,3.7,0.0,8.0,55,22.9,41.0,268,Drizzle: Dense,1,1,
59918,2021-10-30 22:10:00,40.90034,-73.90591,1,0,Following Too Closely,4473898,17.8,12.0,7.8,7.8,0.0,16.0,61,38.5,68.0,112,Rain: Light,1,1,
59919,2021-11-01 15:55:00,40.683662,-73.80665,0,0,Unsafe Lane Changing,4473215,14.4,8.0,0.0,0.0,0.0,0.0,3,20.7,38.5,278,Overcast,0,0,
59920,2021-11-01 17:00:00,40.580727,-74.10757,1,0,Unspecified,4473819,14.4,8.0,0.0,0.0,0.0,0.0,3,20.7,38.5,278,Overcast,1,1,
59921,2021-11-01 18:57:00,40.867027,-73.89111,1,0,Failure to Yield Right-of-Way,4473276,14.4,8.0,0.0,0.0,0.0,0.0,3,20.7,38.5,278,Overcast,1,1,
59922,2021-10-31 11:00:00,40.67269,-73.87253,0,0,Driver Inattention/Distraction,4473572,18.3,12.5,3.7,3.7,0.0,8.0,55,22.9,41.0,268,Drizzle: Dense,0,0,
59923,2021-11-01 20:56:00,40.584366,-73.9271,0,0,Unspecified,4473195,14.4,8.0,0.0,0.0,0.0,0.0,3,20.7,38.5,278,Overcast,0,0,
59924,2021-11-01 15:00:00,40.66162,-73.76364,0,0,Unspecified,4473153,14.4,8.0,0.0,0.0,0.0,0.0,3,20.7,38.5,278,Overcast,0,0,
59925,2021-10-28 13:35:00,40.773376,-73.89474,0,0,Unspecified,4473636,15.2,7.9,0.0,0.0,0.0,0.0,3,19.1,34.6,28,Overcast,0,0,
59926,2021-11-01 08:00:00,40.82404,-73.873604,0,0,Unspecified,4473654,14.4,8.0,0.0,0.0,0.0,0.0,3,20.7,38.5,278,Overcast,0,0,
59927,2021-11-01 04:40:00,40.84768,-73.91237,0,0,Other Vehicular,4473307,14.4,8.0,0.0,0.0,0.0,0.0,3,20.7,38.5,278,Overcast,0,0,
59928,2021-11-01 20:30:00,40.72823,-73.83313,0,0,Driver Inattention/Distraction,4473453,14.4,8.0,0.0,0.0,0.0,0.0,3,20.7,38.5,278,Overcast,0,0,
59929,2021-11-01 14:45:00,40.66252,-73.84071,0,0,Passing or Lane Usage Improper,4473222,14.4,8.0,0.0,0.0,0.0,0.0,3,20.7,38.5,278,Overcast,0,0,
59930,2021-10-29 21:24:00,40.874638,-73.909744,1,0,Unspecified,4473858,13.8,8.3,9.3,9.3,0.0,5.0,63,40.9,73.8,78,Rain: Moderate,1,1,
59931,2021-11-01 16:29:00,40.659058,-73.91095,1,0,Driver Inattention/Distraction,4473261,14.4,8.0,0.0,0.0,0.0,0.0,3,20.7,38.5,278,Overcast,1,1,
59932,2021-11-01 21:06:00,40.850475,-73.915436,0,0,Driver Inattention/Distraction,4473596,14.4,8.0,0.0,0.0,0.0,0.0,3,20.7,38.5,278,Overcast,0,0,
59933,2021-10-28 14:18:00,40.696785,-73.95659,2,0,Driver Inattention/Distraction,4473774,15.2,7.9,0.0,0.0,0.0,0.0,3,19.1,34.6,28,Overcast,2,2,
59934,2021-11-01 16:50:00,40.727287,-74.00064,0,0,Passing or Lane Usage Improper,4473267,14.4,8.0,0.0,0.0,0.0,0.0,3,20.7,38.5,278,Overcast,0,0,
59935,2021-11-01 00:00:00,40.69366,-73.85217,0,0,Following Too Closely,4473610,14.4,8.0,0.0,0.0,0.0,0.0,3,20.7,38.5,278,Overcast,0,0,
59936,2021-11-01 05:35:00,40.81417,-73.93431,0,0,Obstruction/Debris,4472896,14.4,8.0,0.0,0.0,0.0,0.0,3,20.7,38.5,278,Overcast,0,0,
59937,2021-10-31 15:20:00,40.822834,-73.941925,1,0,Turning Improperly,4473687,18.3,12.5,3.7,3.7,0.0,8.0,55,22.9,41.0,268,Drizzle: Dense,1,1,
59938,2021-11-01 08:28:00,40.752937,-73.92204,1,0,Driver Inattention/Distraction,4473637,14.4,8.0,0.0,0.0,0.0,0.0,3,20.7,38.5,278,Overcast,1,1,