,CRASH DATETIME,LATITUDE,LONGITUDE,NUMBER OF PERSONS INJURED,NUMBER OF PERSONS KILLED,CONTRIBUTING FACTOR VEHICLE 1,COLLISION_ID,temperature_2m_max,temperature_2m_min,precipitation_sum,rain_sum,snowfall_sum,precipitation_hours,weather_code,wind_speed_10m_max,wind_gusts_10m_max,wind_direction_10m_dominant,Weather Description,Severity_Score,Total_Affected_Persons,Weather_Category
59939,2021-11-01 15:30:00,40.746883,-73.76348,0,0,Driver Inattention/Distraction,4473178,14.4,8.0,0.0,0.0,0.0,0.0,3,20.7,38.5,278,Overcast,0,0,
59940,2021-11-01 08:45:00,40.650684,-73.92354,0,0,Unspecified,4473340,14.4,8.0,0.0,0.0,0.0,0.0,3,20.7,38.5,278,Overcast,0,0,
59941,2022-01-15 21:16:00,40.66394,-73.99769,0,0,Unspecified,4496719,-5.3,-11.1,0.0,0.0,0.0,0.0,3,22.4,46.1,345,Overcast,0,0,
59942,2021-11-01 21:55:00,40.785633,-73.855995,1,0,Turning Improperly,4473330,14.4,8.0,0.0,0.0,0.0,0.0,3,20.7,38.5,278,Overcast,1,1,
59943,2021-10-27 21:05:00,40.61632,-74.15936,0,0,Unspecified,4473666,16.1,12.2,6.6,6.6,0.0,6.0,61,33.3,63.0,359,Rain: Light,0,0,
59944,2021-10-28 11:15:00,40.630363,-74.00414,1,0,Passing or Lane Usage Improper,4473561,15.2,7.9,0.0,0.0,0.0,0.0,3,19.1,34.6,28,Overcast,1,1,
59945,2021-11-01 16:45:00,40.80565,-73.92062,1,0,Unspecified,4473227,14.4,8.0,0.0,0.0,0.0,0.0,3,20.7,38.5,278,Overcast,1,1,
59946,2021-11-01 08:00:00,40.81722,-73.95228,0,0,Unspecified,4473892,14.4,8.0,0.0,0.0,0.0,0.0,3,20.7,38.5,278,Overcast,0,0,
59947,2021-11-01 08:39:00,40.754864,-73.85255,1,0,Unsafe Lane Changing,4473251,14.4,8.0,0.0,0.0,0.0,0.0,3,20.7,38.5,278,Overcast,1,1,
59948,2021-11-01 21:00:00,40.88778,-73.84701,0,0,Backing Unsafely,4473922,14.4,8.0,0.0,0.0,0.0,0.0,3,20.7,38.5,278,Overcast,0,0,
59949,2021-11-01 19:00:00,40.883755,-73.898285,1,0,Unspecified,4473443,14.4,8.0,0.0,0.0,0.0,0.0,3,20.7,38.5,278,Overcast,1,1,
59950,2021-11-01 02:00:00,40.685204,-73.84837,0,0,Unspecified,4473286,14.4,8.0,0.0,0.0,0.0,0.0,3,20.7,38.5,278,Overcast,0,0,
59951,2021-11-01 12:20:00,40.692314,-73.88268,1,0,Following Too Closely,4473122,14.4,8.0,0.0,0.0,0.0,0.0,3,20.7,38.5,278,Overcast,1,1,
59952,2021-11-01 20:10:00,40.70403,-73.81711,0,0,Passing or Lane Usage Improper,4473150,14.4,8.0,0.0,0.0,0.0,0.0,3,20.7,38.5,278,Overcast,0,0,
59953,2021-10-30 08:57:00,40.7773,-73.98259,1,0,Reaction to Uninvolved Vehicle,4473751,17.8,12.0,7.8,7.8,0.0,16.0,61,38.5,68.0,112,Rain: Light,1,1,
59954,2021-11-01 09:11:00,40.85076,-73.89179,0,0,Passing Too Closely,4473032,14.4,8.0,0.0,0.0,0.0,0.0,3,20.7,38.5,278,Overcast,0,0,
59955,2021-11-01 22:37:00,40.809196,-73.95187,1,0,Following Too Closely,4473722,14.4,8.0,0.0,0.0,0.0,0.0,3,20.7,38.5,278,Overcast,1,1,
59956,2021-11-01 17:32:00,40.850395,-73.9228,1,0,Unspecified,4473297,14.4,8.0,0.0,0.0,0.0,0.0,3,20.7,38.5,278,Overcast,1,1,
59957,2021-11-01 17:30:00,40.680035,-73.9055,0,0,Failure to Yield Right-of-Way,4473201,14.4,8.0,0.0,0.0,0.0,0.0,3,20.7,38.5,278,Overcast,0,0,
59958,2021-10-31 04:50:00,40.7606,-73.964325,0,0,Passing Too Closely,4473827,18.3,12.5,3.7,3.7,0.0,8.0,55,22.9,41.0,268,Drizzle: Dense,0,0,
59959,2021-10-31 15:02:00,40.682926,-73.76665,0,0,Unsafe Speed,4473679,18.3,12.5,3.7,3.7,0.0,8.0,55,22.9,41.0,268,Drizzle: Dense,0,0,
59960,2021-10-30 14:45:00,40.58356,-73.82174,0,0,Driver Inattention/Distraction,4473782,17.8,12.0,7.8,7.8,0.0,16.0,61,38.5,68.0,112,Rain: Light,0,0,
59961,2021-11-01 00:05:00,40.79653,-73.97597,0,0,Following Too Closely,4473125,14.4,8.0,0.0,0.0,0.0,0.0,3,20.7,38.5,278,Overcast,0,0,
59962,2021-11-01 10:27:00,40.82279,-73.94941,0,0,Unspecified,4473154,14.4,8.0,0.0,0.0,0.0,0.0,3,20.7,38.5,278,Overcast,0,0,
59963,2021-11-01 11:00:00,40.70166,-73.961464,1,0,Following Too Closely,4473458,14.4,8.0,0.0,0.0,0.0,0.0,3,20.7,38.5,278,Overcast,1,1,
59964,2021-11-01 19:56:00,40.62539,-73.95951,1,0,Unspecified,4473355,14.4,8.0,0.0,0.0,0.0,0.0,3,20.7,38.5,278,Overcast,1,1,
59965,2021-11-01 11:51:00,40.619583,-73.95841,0,0,Unspecified,4473368,14.4,8.0,0.0,0.0,0.0,0.0,3,20.7,38.5,278,Overcast,0,0,
59966,2021-11-01 06:30:00,40.82929,-73.91642,1,0,Reaction to Uninvolved Vehicle,4473861,14.4,8.0,0.0,0.0,0.0,0.0,3,20.7,38.5,278,Overcast,1,1,
59967,2021-11-01 05:30:00,40.736412,-73.74183,0,0,Unsafe Speed,4473029,14.4,8.0,0.0,0.0,0.0,0.0,3,20.7,38.5,278,Overcast,0,0,
59968,2021-11-01 12:30:00,40.682373,-73.96162,1,0,Unspecified,4473256,14.4,8.0,0.0,0.0,0.0,0.0,3,20.7,38.5,278,Overcast,1,1,
59969,2021-10-30 15:23:00,40.90589,-73.90572,0,0,Unspecified,4473883,17.8,12.0,7.8,7.8,0.0,16.0,61,38.5,68.0,112,Rain: Light,0,0,
59970,2021-11-01 08:00:00,40.620956,-73.91742,0,0,Following Too Closely,4473080,14.4,8.0,0.0,0.0,0.0,0.0,3,20.7,38.5,278,Overcast,0,0,
59971,2021-11-01 14:58:00,40.853844,-73.91592,0,0,Passing Too Closely,4473306,14.4,8.0,0.0,0.0,0.0,0.0,3,20.7,38.5,278,Overcast,0,0,
59972,2021-11-01 08:25:00,40.830383,-73.857,0,0,Unspecified,4473003,14.4,8.0,0.0,0.0,0.0,0.0,3,20.7,38.5,278,Overcast,0,0,
59973,2021-11-01 07:45:00,40.785675,-73.78159,0,0,Failure to Yield Right-of-Way,4473166,14.4,8.0,0.0,0.0,0.0,0.0,3,20.7,38.5,278,Overcast,0,0,
59974,2021-11-01 18:30:00,40.67329,-73.76585,0,0,Following Too Closely,4473353,14.4,8.0,0.0,0.0,0.0,0.0,3,20.7,38.5,278,Overcast,0,0,
59975,2021-11-01 20:15:00,40.610912,-74.06576,0,0,Unspecified,4473788,14.4,8.0,0.0,0.0,0.0,0.0,3,20.7,38.5,278,Overcast,0,0,
59976,2021-11-01 12:56:00,40.66839,-73.94125,0,0,Driver Inattention/Distraction,4473106,14.4,8.0,0.0,0.0,0.0,0.0,3,20.7,38.5,278,Overcast,0,0,
59977,2021-11-01 09:15:00,40.592793,-73.77788,1,0,View Obstructed/Limited,4473620,14.4,8.0,0.0,0.0,0.0,0.0,3,20.7,38.5,278,Overcast,1,1,
59978,2021-11-01 23:49:00,40.707283,-73.935905,1,0,Driver Inattention/Distraction,4473206,14.4,8.0,0.0,0.0,0.0,0.0,3,20.7,38.5,278,Overcast,1,1,
59979,2021-11-01 18:00:00,40.69772,-73.92454,0,0,Driver Inattention/Distraction,4473191,14.4,8.0,0.0,0.0,0.0,0.0,3,20.7,38.5,278,Overcast,0,0,
59980,2021-11-01 18:35:00,40.72293,-73.98865,1,0,Driver Inattention/Distraction,4473510,14.4,8.0,0.0,0.0,0.0,0.0,3,20.7,38.5,278,Overcast,1,1,
59981,2021-10-26 12:50:00,40.821484,-73.91218,1,0,Failure to Yield Right-of-Way,4473590,16.9,13.8,84.5,84.5,0.0,17.0,65,28.7,53.6,87,Rain: Heavy,1,1,
59982,2021-11-01 14:08:00,40.677,-73.81965,1,0,Failure to Yield Right-of-Way,4473216,14.4,8.0,0.0,0.0,0.0,0.0,3,20.7,38.5,278,Overcast,1,1,
59983,2021-02-22 19:10:00,40.728935,-73.87455,1,0,Passing Too Closely,4394289,2.3,-6.6,14.0,7.0,4.9,9.0,75,23.8,42.5,216,Snow fall: Heavy,1,1,Snowy Conditions
59984,2021-05-23 01:00:00,40.68714,-73.80801,1,0,Driver Inattention/Distraction,4419656,31.4,19.8,0.0,0.0,0.0,0.0,3,28.5,54.4,322,Overcast,1,1,
59985,2021-07-11 14:00:00,40.554893,-74.14021,0,0,Following Too Closely,4436235,24.9,19.8,2.5,2.5,0.0,9.0,53,15.8,35.3,141,Drizzle: Moderate,0,0,
59986,2021-10-27 16:00:00,40.594807,-74.08633,0,0,Turning Improperly,4473807,16.1,12.2,6.6,6.6,0.0,6.0,61,33.3,63.0,359,Rain: Light,0,0,
59987,2021-07-21 08:40:00,40.6974,-73.80952,0,0,Turning Improperly,4439212,27.6,20.9,1.4,1.4,0.0,4.0,53,16.0,31.3,315,Drizzle: Moderate,0,0,
59988,2021-07-25 19:39:00,40.850475,-73.915436,0,0,Unsafe Speed,4441257,28.0,20.3,7.3,7.3,0.0,10.0,63,20.9,43.2,198,Rain: Moderate,0,0,
59989,2021-07-18 17:06:00,40.76161,-73.97076,0,0,Driver Inattention/Distraction,4441233,28.4,23.1,12.4,12.4,0.0,10.0,63,19.6,39.2,232,Rain: Moderate,0,0,
59990,2021-07-25 15:08:00,40.749462,-73.86656,1,0,Driver Inattention/Distraction,4441258,28.0,20.3,7.3,7.3,0.0,10.0,63,20.9,43.2,198,Rain: Moderate,1,1,
59991,2021-07-24 17:07:00,40.674934,-73.80186,0,0,Following Too Closely,4441230,26.8,18.2,0.0,0.0,0.0,0.0,3,16.3,31.7,152,Overcast,0,0,
59992,2021-07-22 14:30:00,40.737705,-73.88231,0,0,Unspecified,4441264,26.7,17.5,0.0,0.0,0.0,0.0,3,15.3,28.4,327,Overcast,0,0,
59993,2021-11-01 13:15:00,40.759995,-73.97615,1,0,Passing or Lane Usage Improper,4473101,14.4,8.0,0.0,0.0,0.0,0.0,3,20.7,38.5,278,Overcast,1,1,
59994,2021-11-01 08:08:00,40.74197,-73.84116,0,0,Following Too Closely,4473061,14.4,8.0,0.0,0.0,0.0,0.0,3,20.7,38.5,278,Overcast,0,0,
59995,2021-10-27 20:13:00,40.71509,-74.00195,1,0,Driver Inattention/Distraction,4473911,16.1,12.2,6.6,6.6,0.0,6.0,61,33.3,63.0,359,Rain: Light,1,1,
59996,2021-11-01 21:59:00,40.68727,-73.79003,0,0,Following Too Closely,4473395,14.4,8.0,0.0,0.0,0.0,0.0,3,20.7,38.5,278,Overcast,0,0,
59997,2021-11-01 15:04:00,40.8398,-73.928665,1,0,Passing or Lane Usage Improper,4473234,14.4,8.0,0.0,0.0,0.0,0.0,3,20.7,38.5,278,Overcast,1,1,
59998,2021-07-25 16:21:00,40.756424,-73.7403,2,0,Brakes Defective,4440367,28.0,20.3,7.3,7.3,0.0,10.0,63,20.9,43.2,198,Rain: Moderate,2,2,
59999,2021-07-25 15:50:00,40.611732,-73.94889,0,0,Driver Inattention/Distraction,4440527,28.0,20.3,7.3,7.3,0.0,10.0,63,20.9,43.2,198,Rain: Moderate,0,0,
60000,2021-07-25 00:00:00,40.724495,-73.72469,1,0,Following Too Closely,4440415,28.0,20.3,7.3,7.3,0.0,10.0,63,20.9,43.2,198,Rain: Moderate,1,1,
60001,2021-07-24 22:12:00,40.757637,-73.96342,1,0,Driver Inattention/Distraction,4441206,26.8,18.2,0.0,0.0,0.0,0.0,3,16.3,31.7,152,Overcast,1,1,
60002,2021-07-24 10:58:00,40.63851,-74.07581,0,0,Driver Inattention/Distraction,4440968,26.8,18.2,0.0,0.0,0.0,0.0,3,16.3,31.7,152,Overcast,0,0,
60003,2021-07-24 00:00:00,40.71405,-73.77801,0,0,Unspecified,4440945,26.8,18.2,0.0,0.0,0.0,0.0,3,16.3,31.7,152,Overcast,0,0,
60004,2021-07-25 00:15:00,40.69611,-73.96406,0,0,Unspecified,4440051,28.0,20.3,7.3,7.3,0.0,10.0,63,20.9,43.2,198,Rain: Moderate,0,0,
60005,2021-07-25 13:00:00,40.76509,-73.82907,1,0,Following Too Closely,4440398,28.0,20.3,7.3,7.3,0.0,10.0,63,20.9,43.2,198,Rain: Moderate,1,1,
60006,2021-07-25 22:30:00,40.867767,-73.92593,0,0,Backing Unsafely,4440647,28.0,20.3,7.3,7.3,0.0,10.0,63,20.9,43.2,198,Rain: Moderate,0,0,
60007,2021-07-25 05:00:00,40.67715,-73.8609,0,0,Passing Too Closely,4440450,28.0,20.3,7.3,7.3,0.0,10.0,63,20.9,43.2,198,Rain: Moderate,0,0,
60008,2021-07-25 18:36:00,40.697582,-73.92983,1,0,Driver Inattention/Distraction,4440889,28.0,20.3,7.3,7.3,0.0,10.0,63,20.9,43.2,198,Rain: Moderate,1,1,
60009,2021-07-23 10:45:00,40.513092,-74.24857,0,0,Driver Inattention/Distraction,4441029,26.2,17.3,0.0,0.0,0.0,0.0,1,11.3,27.0,340,Mainly clear,0,0,Sunny/Clear Conditions
60010,2021-07-25 09:25:00,40.882427,-73.902306,0,0,Unspecified,4441098,28.0,20.3,7.3,7.3,0.0,10.0,63,20.9,43.2,198,Rain: Moderate,0,0,
60011,2021-07-25 01:35:00,40.61785,-73.988075,0,0,Driver Inattention/Distraction,4440082,28.0,20.3,7.3,7.3,0.0,10.0,63,20.9,43.2,198,Rain: Moderate,0,0,
60012,2021-07-25 04:00:00,40.84497,-73.90247,0,0,Driver Inattention/Distraction,4440469,28.0,20.3,7.3,7.3,0.0,10.0,63,20.9,43.2,198,Rain: Moderate,0,0,
60013,2021-07-23 20:45:00,40.617786,-74.08111,1,0,Unspecified,4440966,26.2,17.3,0.0,0.0,0.0,0.0,1,11.3,27.0,340,Mainly clear,1,1,Sunny/Clear Conditions
60014,2021-07-24 16:00:00,40.712055,-73.75319,4,0,Driver Inexperience,4441008,26.8,18.2,0.0,0.0,0.0,0.0,3,16.3,31.7,152,Overcast,4,4,
60015,2021-07-25 08:31:00,40.76099,-73.99077,0,0,Driver Inattention/Distraction,4440863,28.0,20.3,7.3,7.3,0.0,10.0,63,20.9,43.2,198,Rain: Moderate,0,0,
60016,2021-07-25 04:13:00,40.788795,-73.93755,0,0,Following Too Closely,4440109,28.0,20.3,7.3,7.3,0.0,10.0,63,20.9,43.2,198,Rain: Moderate,0,0,
60017,2021-07-25 18:30:00,40.69612,-73.746185,2,0,Unspecified,4440343,28.0,20.3,7.3,7.3,0.0,10.0,63,20.9,43.2,198,Rain: Moderate,2,2,
60018,2021-07-25 06:25:00,40.58407,-73.92344,1,0,Reaction to Uninvolved Vehicle,4440536,28.0,20.3,7.3,7.3,0.0,10.0,63,20.9,43.2,198,Rain: Moderate,1,1,
60019,2021-07-25 15:00:00,40.613163,-73.95719,1,0,Driver Inattention/Distraction,4440564,28.0,20.3,7.3,7.3,0.0,10.0,63,20.9,43.2,198,Rain: Moderate,1,1,
60020,2021-07-25 02:40:00,40.833813,-73.86275,0,0,Unsafe Speed,4440690,28.0,20.3,7.3,7.3,0.0,10.0,63,20.9,43.2,198,Rain: Moderate,0,0,
60021,2021-07-25 15:08:00,40.738377,-73.70352,0,0,Driverless/Runaway Vehicle,4440724,28.0,20.3,7.3,7.3,0.0,10.0,63,20.9,43.2,198,Rain: Moderate,0,0,
60022,2021-07-25 03:40:00,40.58353,-73.971214,0,0,Driver Inattention/Distraction,4440291,28.0,20.3,7.3,7.3,0.0,10.0,63,20.9,43.2,198,Rain: Moderate,0,0,
60023,2021-07-25 02:49:00,40.72255,-74.00631,1,0,Driver Inattention/Distraction,4440207,28.0,20.3,7.3,7.3,0.0,10.0,63,20.9,43.2,198,Rain: Moderate,1,1,
60024,2021-07-25 22:30:00,40.811367,-73.95402,1,0,Unspecified,4441062,28.0,20.3,7.3,7.3,0.0,10.0,63,20.9,43.2,198,Rain: Moderate,1,1,
60025,2021-07-23 02:17:00,40.8827,-73.89273,0,0,Other Vehicular,4441091,26.2,17.3,0.0,0.0,0.0,0.0,1,11.3,27.0,340,Mainly clear,0,0,Sunny/Clear Conditions
60026,2021-07-24 01:09:00,40.870605,-73.8465,0,0,Backing Unsafely,4441146,26.8,18.2,0.0,0.0,0.0,0.0,3,16.3,31.7,152,Overcast,0,0,
60027,2021-07-25 15:10:00,40.688255,-73.979294,1,0,Unsafe Lane Changing,4440275,28.0,20.3,7.3,7.3,0.0,10.0,63,20.9,43.2,198,Rain: Moderate,1,1,
60028,2021-07-25 12:30:00,40.667824,-73.93122,0,0,Driver Inattention/Distraction,4440209,28.0,20.3,7.3,7.3,0.0,10.0,63,20.9,43.2,198,Rain: Moderate,0,0,
60029,2021-07-24 18:50:00,40.737995,-73.794,0,0,Passing or Lane Usage Improper,4440989,26.8,18.2,0.0,0.0,0.0,0.0,3,16.3,31.7,152,Overcast,0,0,
60030,2021-07-25 03:50:00,40.75772,-73.86358,0,0,Unspecified,4440157,28.0,20.3,7.3,7.3,0.0,10.0,63,20.9,43.2,198,Rain: Moderate,0,0,
60031,2021-07-25 20:30:00,40.69326,-73.9675,0,0,Passing or Lane Usage Improper,4440716,28.0,20.3,7.3,7.3,0.0,10.0,63,20.9,43.2,198,Rain: Moderate,0,0,
60032,2021-07-25 02:30:00,40.864872,-73.90253,0,0,Traffic Control Disregarded,4440432,28.0,20.3,7.3,7.3,0.0,10.0,63,20.9,43.2,198,Rain: Moderate,0,0,
60033,2021-07-25 19:00:00,40.70781,-73.72916,0,0,Unspecified,4440824,28.0,20.3,7.3,7.3,0.0,10.0,63,20.9,43.2,198,Rain: Moderate,0,0,
60034,2021-07-25 12:53:00,40.7964,-73.93423,0,0,Unspecified,4440599,28.0,20.3,7.3,7.3,0.0,10.0,63,20.9,43.2,198,Rain: Moderate,0,0,
60035,2021-07-25 04:55:00,40.63659,-73.994736,2,0,Unsafe Lane Changing,4440195,28.0,20.3,7.3,7.3,0.0,10.0,63,20.9,43.2,198,Rain: Moderate,2,2,
60036,2021-07-25 10:45:00,40.589035,-74.08988,2,0,Brakes Defective,4440305,28.0,20.3,7.3,7.3,0.0,10.0,63,20.9,43.2,198,Rain: Moderate,2,2,
60037,2021-07-25 21:57:00,40.61394,-73.92053,0,0,Failure to Yield Right-of-Way,4440403,28.0,20.3,7.3,7.3,0.0,10.0,63,20.9,43.2,198,Rain: Moderate,0,0,
60038,2021-07-09 22:27:00,40.66006,-73.910225,0,0,Pedestrian/Bicyclist/Other Pedestrian Error/Confusion,4441050,29.8,22.0,35.0,35.0,0.0,14.0,63,31.0,55.8,341,Rain: Moderate,0,0,
60039,2021-07-08 10:30:00,40.737152,-73.90602,0,0,Unsafe Lane Changing,4441159,28.3,21.3,15.2,15.2,0.0,12.0,63,16.9,48.2,125,Rain: Moderate,0,0,
60040,2021-07-25 12:23:00,40.711998,-74.005264,0,0,Backing Unsafely,4440562,28.0,20.3,7.3,7.3,0.0,10.0,63,20.9,43.2,198,Rain: Moderate,0,0,
60041,2021-07-25 16:25:00,40.66803,-73.983955,1,0,Failure to Yield Right-of-Way,4440916,28.0,20.3,7.3,7.3,0.0,10.0,63,20.9,43.2,198,Rain: Moderate,1,1,
60042,2021-05-13 22:30:00,40.700768,-73.990944,1,0,Traffic Control Disregarded,4441065,19.1,7.2,0.0,0.0,0.0,0.0,1,15.8,27.4,315,Mainly clear,1,1,Sunny/Clear Conditions
60043,2021-07-25 16:33:00,40.630543,-73.90872,0,0,Driver Inattention/Distraction,4440350,28.0,20.3,7.3,7.3,0.0,10.0,63,20.9,43.2,198,Rain: Moderate,0,0,
60044,2021-07-05 18:20:00,40.78542,-73.98399,1,0,Unsafe Lane Changing,4441133,26.4,17.3,0.7,0.7,0.0,2.0,53,18.8,34.6,142,Drizzle: Moderate,1,1,
60045,2021-07-25 17:40:00,40.71549,-73.860634,0,0,Unspecified,4440383,28.0,20.3,7.3,7.3,0.0,10.0,63,20.9,43.2,198,Rain: Moderate,0,0,
60046,2021-06-20 11:00:00,40.69979,-73.950096,0,0,Driver Inattention/Distraction,4440998,28.7,17.3,0.3,0.3,0.0,2.0,51,19.5,40.0,212,Drizzle: Light,0,0,
60047,2021-07-25 10:30:00,40.59664,-74.066345,0,0,Unspecified,4440223,28.0,20.3,7.3,7.3,0.0,10.0,63,20.9,43.2,198,Rain: Moderate,0,0,
60048,2021-07-25 18:40:00,40.708694,-73.92071,0,0,Driver Inattention/Distraction,4440888,28.0,20.3,7.3,7.3,0.0,10.0,63,20.9,43.2,198,Rain: Moderate,0,0,
60049,2021-07-22 21:45:00,40.70863,-73.85144,1,0,Failure to Yield Right-of-Way,4441147,26.7,17.5,0.0,0.0,0.0,0.0,3,15.3,28.4,327,Overcast,1,1,
60050,2021-07-24 22:03:00,40.69697,-73.90653,0,0,Unspecified,4440882,26.8,18.2,0.0,0.0,0.0,0.0,3,16.3,31.7,152,Overcast,0,0,
60051,2021-07-19 00:23:00,40.679832,-73.95322,0,0,Driver Inattention/Distraction,4440980,27.5,20.8,0.5,0.5,0.0,2.0,51,12.8,29.9,307,Drizzle: Light,0,0,
60052,2021-07-25 19:23:00,40.832283,-73.92975,0,0,Unspecified,4440426,28.0,20.3,7.3,7.3,0.0,10.0,63,20.9,43.2,198,Rain: Moderate,0,0,
60053,2021-07-07 13:00:00,40.69993,-73.90588,1,0,Unspecified,4440954,31.4,22.2,1.4,1.4,0.0,6.0,53,17.4,37.8,213,Drizzle: Moderate,1,1,
60054,2021-07-25 18:15:00,40.887547,-73.81512,1,0,Unspecified,4440472,28.0,20.3,7.3,7.3,0.0,10.0,63,20.9,43.2,198,Rain: Moderate,1,1,
60055,2021-07-25 06:04:00,40.86745,-73.84399,0,0,Driver Inexperience,4440391,28.0,20.3,7.3,7.3,0.0,10.0,63,20.9,43.2,198,Rain: Moderate,0,0,
60056,2021-07-25 21:00:00,40.680016,-73.87743,3,0,Unspecified,4440553,28.0,20.3,7.3,7.3,0.0,10.0,63,20.9,43.2,198,Rain: Moderate,3,3,
60057,2021-07-20 19:40:00,40.63413,-73.928505,1,0,Driver Inattention/Distraction,4441040,30.9,21.1,0.0,0.0,0.0,0.0,1,13.3,26.6,283,Mainly clear,1,1,Sunny/Clear Conditions
60058,2021-07-25 15:00:00,40.68693,-73.95089,0,0,Passing or Lane Usage Improper,4440355,28.0,20.3,7.3,7.3,0.0,10.0,63,20.9,43.2,198,Rain: Moderate,0,0,
60059,2021-07-20 08:53:00,40.78809,-73.98271,0,0,Following Too Closely,4440907,30.9,21.1,0.0,0.0,0.0,0.0,1,13.3,26.6,283,Mainly clear,0,0,Sunny/Clear Conditions
60060,2021-07-22 20:23:00,40.78994,-73.98036,3,0,Pedestrian/Bicyclist/Other Pedestrian Error/Confusion,4441069,26.7,17.5,0.0,0.0,0.0,0.0,3,15.3,28.4,327,Overcast,3,3,
60061,2021-07-25 03:25:00,40.806934,-73.92075,0,0,Passing Too Closely,4440506,28.0,20.3,7.3,7.3,0.0,10.0,63,20.9,43.2,198,Rain: Moderate,0,0,
60062,2021-07-25 17:00:00,40.75539,-73.828285,1,0,Passing or Lane Usage Improper,4440399,28.0,20.3,7.3,7.3,0.0,10.0,63,20.9,43.2,198,Rain: Moderate,1,1,
60063,2021-07-25 00:00:00,40.589977,-73.99313,0,0,Reaction to Uninvolved Vehicle,4440508,28.0,20.3,7.3,7.3,0.0,10.0,63,20.9,43.2,198,Rain: Moderate,0,0,
60064,2021-07-25 13:00:00,40.686573,-73.82231,0,0,Passing or Lane Usage Improper,4440454,28.0,20.3,7.3,7.3,0.0,10.0,63,20.9,43.2,198,Rain: Moderate,0,0,
60065,2021-07-23 17:05:00,40.62669,-74.07527,0,0,Driver Inattention/Distraction,4440960,26.2,17.3,0.0,0.0,0.0,0.0,1,11.3,27.0,340,Mainly clear,0,0,Sunny/Clear Conditions
60066,2021-07-25 00:20:00,40.742252,-73.97769,1,0,Driver Inattention/Distraction,4440052,28.0,20.3,7.3,7.3,0.0,10.0,63,20.9,43.2,198,Rain: Moderate,1,1,
60067,2021-07-25 08:40:00,40.594543,-73.76189,0,0,Driver Inattention/Distraction,4441003,28.0,20.3,7.3,7.3,0.0,10.0,63,20.9,43.2,198,Rain: Moderate,0,0,
60068,2021-07-24 01:25:00,40.59028,-73.8108,1,0,Alcohol Involvement,4441110,26.8,18.2,0.0,0.0,0.0,0.0,3,16.3,31.7,152,Overcast,1,1,
60069,2021-07-25 16:50:00,40.817387,-73.92277,1,0,Unspecified,4440374,28.0,20.3,7.3,7.3,0.0,10.0,63,20.9,43.2,198,Rain: Moderate,1,1,
60070,2021-07-16 09:45:00,40.69324,-73.92865,1,0,Driver Inattention/Distraction,4440877,32.3,23.2,0.3,0.3,0.0,3.0,51,12.3,33.1,238,Drizzle: Light,1,1,
60071,2021-07-25 08:17:00,40.875378,-73.91015,1,0,Unspecified,4441097,28.0,20.3,7.3,7.3,0.0,10.0,63,20.9,43.2,198,Rain: Moderate,1,1,
60072,2021-07-25 19:30:00,40.819267,-73.884865,0,0,Unsafe Speed,4441068,28.0,20.3,7.3,7.3,0.0,10.0,63,20.9,43.2,198,Rain: Moderate,0,0,
60073,2021-07-15 12:25:00,40.75706,-73.979515,0,0,Pedestrian/Bicyclist/Other Pedestrian Error/Confusion,4440944,29.3,21.2,0.1,0.1,0.0,1.0,51,13.7,27.4,212,Drizzle: Light,0,0,
60074,2021-07-24 04:14:00,40.610172,-74.12146,0,0,Driver Inattention/Distraction,4440967,26.8,18.2,0.0,0.0,0.0,0.0,3,16.3,31.7,152,Overcast,0,0,
60075,2021-07-25 04:26:00,40.835808,-73.949455,0,0,Unspecified,4440353,28.0,20.3,7.3,7.3,0.0,10.0,63,20.9,43.2,198,Rain: Moderate,0,0,
60076,2021-07-25 01:44:00,40.777634,-73.94289,2,0,Brakes Defective,4440458,28.0,20.3,7.3,7.3,0.0,10.0,63,20.9,43.2,198,Rain: Moderate,2,2,
60077,2021-07-25 18:41:00,40.700428,-73.78851,0,0,Other Vehicular,4441012,28.0,20.3,7.3,7.3,0.0,10.0,63,20.9,43.2,198,Rain: Moderate,0,0,
60078,2021-07-25 23:17:00,40.84619,-73.93846,0,0,Failure to Yield Right-of-Way,4440392,28.0,20.3,7.3,7.3,0.0,10.0,63,20.9,43.2,198,Rain: Moderate,0,0,
60079,2021-07-25 12:00:00,40.67302,-73.76763,0,0,Following Too Closely,4440861,28.0,20.3,7.3,7.3,0.0,10.0,63,20.9,43.2,198,Rain: Moderate,0,0,
60080,2021-07-22 15:27:00,40.610085,-74.11668,1,0,Driver Inattention/Distraction,4440905,26.7,17.5,0.0,0.0,0.0,0.0,3,15.3,28.4,327,Overcast,1,1,
60081,2021-07-25 23:40:00,40.660393,-74.001236,0,0,Unspecified,4440418,28.0,20.3,7.3,7.3,0.0,10.0,63,20.9,43.2,198,Rain: Moderate,0,0,
60082,2021-07-21 12:55:00,40.779476,-73.97358,0,0,Failure to Yield Right-of-Way,4441216,27.6,20.9,1.4,1.4,0.0,4.0,53,16.0,31.3,315,Drizzle: Moderate,0,0,
60083,2021-07-23 09:08:00,40.876583,-73.90266,5,0,Backing Unsafely,4441092,26.2,17.3,0.0,0.0,0.0,0.0,1,11.3,27.0,340,Mainly clear,5,5,Sunny/Clear Conditions