,CRASH DATETIME,LATITUDE,LONGITUDE,NUMBER OF PERSONS INJURED,NUMBER OF PERSONS KILLED,CONTRIBUTING FACTOR VEHICLE 1,COLLISION_ID,temperature_2m_max,temperature_2m_min,precipitation_sum,rain_sum,snowfall_sum,precipitation_hours,weather_code,wind_speed_10m_max,wind_gusts_10m_max,wind_direction_10m_dominant,Weather Description,Severity_Score,Total_Affected_Persons,Weather_Category
60084,2021-07-21 10:10:00,40.697582,-73.94965,0,0,Driver Inattention/Distraction,4440995,27.6,20.9,1.4,1.4,0.0,4.0,53,16.0,31.3,315,Drizzle: Moderate,0,0,
60085,2021-07-25 00:57:00,40.60391,-74.07002,0,0,Unspecified,4440213,28.0,20.3,7.3,7.3,0.0,10.0,63,20.9,43.2,198,Rain: Moderate,0,0,
60086,2021-07-25 14:32:00,40.871933,-73.87758,0,0,Passing Too Closely,4440278,28.0,20.3,7.3,7.3,0.0,10.0,63,20.9,43.2,198,Rain: Moderate,0,0,
60087,2021-07-25 04:30:00,40.632576,-74.13364,0,0,Driver Inattention/Distraction,4440612,28.0,20.3,7.3,7.3,0.0,10.0,63,20.9,43.2,198,Rain: Moderate,0,0,
60088,2021-07-17 07:50:00,40.786938,-73.979294,1,0,Unspecified,4441074,30.8,23.3,5.1,5.1,0.0,5.0,61,17.8,36.4,201,Rain: Light,1,1,
60089,2021-07-25 19:30:00,40.688572,-73.991104,1,0,Following Too Closely,4440787,28.0,20.3,7.3,7.3,0.0,10.0,63,20.9,43.2,198,Rain: Moderate,1,1,
60090,2021-07-24 16:20:00,40.710175,-74.001144,0,0,Unspecified,4441028,26.8,18.2,0.0,0.0,0.0,0.0,3,16.3,31.7,152,Overcast,0,0,
60091,2021-07-25 11:50:00,40.71373,-74.01385,0,0,Unspecified,4440201,28.0,20.3,7.3,7.3,0.0,10.0,63,20.9,43.2,198,Rain: Moderate,0,0,
60092,2021-07-25 18:00:00,40.874134,-73.840866,0,0,Driver Inattention/Distraction,4440518,28.0,20.3,7.3,7.3,0.0,10.0,63,20.9,43.2,198,Rain: Moderate,0,0,
60093,2021-07-25 17:21:00,40.668964,-73.95059,0,0,Following Too Closely,4440622,28.0,20.3,7.3,7.3,0.0,10.0,63,20.9,43.2,198,Rain: Moderate,0,0,
60094,2021-07-25 09:00:00,40.69826,-73.90577,0,0,Passing or Lane Usage Improper,4440238,28.0,20.3,7.3,7.3,0.0,10.0,63,20.9,43.2,198,Rain: Moderate,0,0,
60095,2021-07-25 01:28:00,40.720707,-73.84626,0,0,Driver Inexperience,4440402,28.0,20.3,7.3,7.3,0.0,10.0,63,20.9,43.2,198,Rain: Moderate,0,0,
60096,2021-07-24 13:05:00,40.765984,-73.965454,1,0,Driver Inattention/Distraction,4440928,26.8,18.2,0.0,0.0,0.0,0.0,3,16.3,31.7,152,Overcast,1,1,
60097,2021-07-25 19:35:00,40.665627,-73.909706,0,0,Unspecified,4440976,28.0,20.3,7.3,7.3,0.0,10.0,63,20.9,43.2,198,Rain: Moderate,0,0,
60098,2021-07-25 01:55:00,40.78542,-73.98399,0,0,Driver Inattention/Distraction,4440825,28.0,20.3,7.3,7.3,0.0,10.0,63,20.9,43.2,198,Rain: Moderate,0,0,
60099,2021-07-25 00:00:00,40.69645,-73.946495,1,0,Turning Improperly,4440362,28.0,20.3,7.3,7.3,0.0,10.0,63,20.9,43.2,198,Rain: Moderate,1,1,
60100,2021-07-25 22:35:00,40.65471,-73.93072,0,0,Unspecified,4440408,28.0,20.3,7.3,7.3,0.0,10.0,63,20.9,43.2,198,Rain: Moderate,0,0,
60101,2021-07-03 16:20:00,40.843903,-73.927284,0,0,Passing or Lane Usage Improper,4441164,19.3,16.6,16.1,16.1,0.0,20.0,63,24.0,47.2,43,Rain: Moderate,0,0,
60102,2021-07-22 16:12:00,40.806343,-73.93318,0,0,Driver Inattention/Distraction,4441158,26.7,17.5,0.0,0.0,0.0,0.0,3,15.3,28.4,327,Overcast,0,0,
60103,2021-07-14 22:58:00,40.81339,-73.95627,0,0,Unspecified,4441053,30.6,21.5,0.8,0.8,0.0,3.0,53,14.5,36.0,191,Drizzle: Moderate,0,0,
60104,2021-07-25 10:39:00,40.869686,-73.83483,0,0,Passing or Lane Usage Improper,4441141,28.0,20.3,7.3,7.3,0.0,10.0,63,20.9,43.2,198,Rain: Moderate,0,0,
60105,2021-07-25 06:10:00,40.856712,-73.93264,0,0,Alcohol Involvement,4440597,28.0,20.3,7.3,7.3,0.0,10.0,63,20.9,43.2,198,Rain: Moderate,0,0,
60106,2021-07-25 06:20:00,40.876976,-73.88966,0,0,Unspecified,4440106,28.0,20.3,7.3,7.3,0.0,10.0,63,20.9,43.2,198,Rain: Moderate,0,0,
60107,2021-07-25 16:15:00,40.71041,-73.98545,0,0,Unspecified,4440324,28.0,20.3,7.3,7.3,0.0,10.0,63,20.9,43.2,198,Rain: Moderate,0,0,
60108,2021-07-25 08:45:00,40.689003,-73.829346,0,0,Passing Too Closely,4440632,28.0,20.3,7.3,7.3,0.0,10.0,63,20.9,43.2,198,Rain: Moderate,0,0,
60109,2021-07-25 16:00:00,40.583862,-73.94008,0,0,Unspecified,4440535,28.0,20.3,7.3,7.3,0.0,10.0,63,20.9,43.2,198,Rain: Moderate,0,0,
60110,2021-07-25 19:43:00,40.862717,-73.9023,0,0,Turning Improperly,4440430,28.0,20.3,7.3,7.3,0.0,10.0,63,20.9,43.2,198,Rain: Moderate,0,0,
60111,2021-07-25 13:49:00,40.86507,-73.87185,0,0,Driver Inattention/Distraction,4441163,28.0,20.3,7.3,7.3,0.0,10.0,63,20.9,43.2,198,Rain: Moderate,0,0,
60112,2021-07-25 17:30:00,40.762177,-73.96613,1,0,Driver Inattention/Distraction,4440487,28.0,20.3,7.3,7.3,0.0,10.0,63,20.9,43.2,198,Rain: Moderate,1,1,
60113,2021-07-23 19:29:00,40.671783,-73.9742,0,0,Driver Inattention/Distraction,4440912,26.2,17.3,0.0,0.0,0.0,0.0,1,11.3,27.0,340,Mainly clear,0,0,Sunny/Clear Conditions
60114,2021-07-25 00:03:00,40.815296,-73.91904,1,0,Passing or Lane Usage Improper,4440380,28.0,20.3,7.3,7.3,0.0,10.0,63,20.9,43.2,198,Rain: Moderate,1,1,
60115,2021-07-25 13:42:00,40.691456,-73.9178,4,0,Unsafe Speed,4440883,28.0,20.3,7.3,7.3,0.0,10.0,63,20.9,43.2,198,Rain: Moderate,4,4,
60116,2021-07-25 19:49:00,40.812634,-73.88313,0,0,View Obstructed/Limited,4440407,28.0,20.3,7.3,7.3,0.0,10.0,63,20.9,43.2,198,Rain: Moderate,0,0,
60117,2021-07-25 05:20:00,40.754353,-73.87378,0,0,Driver Inattention/Distraction,4440156,28.0,20.3,7.3,7.3,0.0,10.0,63,20.9,43.2,198,Rain: Moderate,0,0,
60118,2021-07-25 23:15:00,40.68892,-73.99915,1,0,Unspecified,4440503,28.0,20.3,7.3,7.3,0.0,10.0,63,20.9,43.2,198,Rain: Moderate,1,1,
60119,2021-07-25 02:07:00,40.894436,-73.84807,3,0,Failure to Yield Right-of-Way,4440290,28.0,20.3,7.3,7.3,0.0,10.0,63,20.9,43.2,198,Rain: Moderate,3,3,
60120,2021-07-25 07:00:00,40.682568,-73.91713,0,0,Unspecified,4440513,28.0,20.3,7.3,7.3,0.0,10.0,63,20.9,43.2,198,Rain: Moderate,0,0,
60121,2021-07-25 03:00:00,40.751926,-73.904564,0,0,Driver Inattention/Distraction,4440372,28.0,20.3,7.3,7.3,0.0,10.0,63,20.9,43.2,198,Rain: Moderate,0,0,
60122,2021-07-25 20:06:00,40.67251,-73.99905,1,0,Driver Inattention/Distraction,4440502,28.0,20.3,7.3,7.3,0.0,10.0,63,20.9,43.2,198,Rain: Moderate,1,1,
60123,2021-07-14 20:37:00,40.709343,-73.9153,1,0,Driver Inattention/Distraction,4440951,30.6,21.5,0.8,0.8,0.0,3.0,53,14.5,36.0,191,Drizzle: Moderate,1,1,
60124,2021-07-25 10:09:00,40.83369,-73.91386,0,0,Passing Too Closely,4440425,28.0,20.3,7.3,7.3,0.0,10.0,63,20.9,43.2,198,Rain: Moderate,0,0,
60125,2021-07-16 22:15:00,40.61118,-74.105606,0,0,Unspecified,4440961,32.3,23.2,0.3,0.3,0.0,3.0,51,12.3,33.1,238,Drizzle: Light,0,0,
60126,2021-07-25 03:10:00,40.73573,-73.89324,1,0,Driver Inattention/Distraction,4440053,28.0,20.3,7.3,7.3,0.0,10.0,63,20.9,43.2,198,Rain: Moderate,1,1,
60127,2021-07-24 14:07:00,40.71808,-73.95962,1,0,Failure to Yield Right-of-Way,4441004,26.8,18.2,0.0,0.0,0.0,0.0,3,16.3,31.7,152,Overcast,1,1,
60128,2021-07-15 12:30:00,40.701195,-73.91409,0,0,Backing Unsafely,4440876,29.3,21.2,0.1,0.1,0.0,1.0,51,13.7,27.4,212,Drizzle: Light,0,0,
60129,2021-07-15 17:50:00,40.875484,-73.8507,1,0,Driver Inattention/Distraction,4441107,29.3,21.2,0.1,0.1,0.0,1.0,51,13.7,27.4,212,Drizzle: Light,1,1,
60130,2021-07-24 15:20:00,40.730587,-73.95772,1,0,Failure to Yield Right-of-Way,4441077,26.8,18.2,0.0,0.0,0.0,0.0,3,16.3,31.7,152,Overcast,1,1,
60131,2021-07-25 16:40:00,40.610214,-74.1202,0,0,Driver Inexperience,4440623,28.0,20.3,7.3,7.3,0.0,10.0,63,20.9,43.2,198,Rain: Moderate,0,0,
60132,2021-07-25 11:40:00,40.709515,-73.8988,0,0,Unspecified,4440235,28.0,20.3,7.3,7.3,0.0,10.0,63,20.9,43.2,198,Rain: Moderate,0,0,
60133,2021-07-25 22:00:00,40.675884,-73.90347,0,0,Unsafe Speed,4440554,28.0,20.3,7.3,7.3,0.0,10.0,63,20.9,43.2,198,Rain: Moderate,0,0,
60134,2021-07-24 23:15:00,40.687508,-73.80666,0,0,Traffic Control Disregarded,4441002,26.8,18.2,0.0,0.0,0.0,0.0,3,16.3,31.7,152,Overcast,0,0,
60135,2021-07-25 00:00:00,40.871315,-73.860374,0,0,Tinted Windows,4440296,28.0,20.3,7.3,7.3,0.0,10.0,63,20.9,43.2,198,Rain: Moderate,0,0,
60136,2021-07-25 16:00:00,40.608433,-74.15544,1,0,Driver Inattention/Distraction,4440613,28.0,20.3,7.3,7.3,0.0,10.0,63,20.9,43.2,198,Rain: Moderate,1,1,
60137,2021-07-23 22:50:00,40.8651,-73.92189,1,0,Driver Inattention/Distraction,4441039,26.2,17.3,0.0,0.0,0.0,0.0,1,11.3,27.0,340,Mainly clear,1,1,Sunny/Clear Conditions
60138,2021-07-25 11:59:00,40.746235,-73.89895,0,0,Driver Inattention/Distraction,4440360,28.0,20.3,7.3,7.3,0.0,10.0,63,20.9,43.2,198,Rain: Moderate,0,0,
60139,2021-07-25 22:00:00,40.668945,-73.95018,0,0,Unspecified,4440708,28.0,20.3,7.3,7.3,0.0,10.0,63,20.9,43.2,198,Rain: Moderate,0,0,
60140,2021-07-23 13:00:00,40.632496,-74.01071,0,0,Unspecified,4441073,26.2,17.3,0.0,0.0,0.0,0.0,1,11.3,27.0,340,Mainly clear,0,0,Sunny/Clear Conditions
60141,2021-07-25 07:20:00,40.64204,-74.0204,0,0,Unspecified,4440172,28.0,20.3,7.3,7.3,0.0,10.0,63,20.9,43.2,198,Rain: Moderate,0,0,
60142,2021-07-25 00:15:00,40.71738,-73.99131,1,0,Driver Inattention/Distraction,4440556,28.0,20.3,7.3,7.3,0.0,10.0,63,20.9,43.2,198,Rain: Moderate,1,1,
60143,2021-07-25 00:00:00,40.832233,-73.85427,0,0,Traffic Control Disregarded,4440694,28.0,20.3,7.3,7.3,0.0,10.0,63,20.9,43.2,198,Rain: Moderate,0,0,
60144,2021-07-25 15:30:00,40.710464,-73.986626,0,0,Unspecified,4440755,28.0,20.3,7.3,7.3,0.0,10.0,63,20.9,43.2,198,Rain: Moderate,0,0,
60145,2021-07-25 06:05:00,40.70404,-74.01319,0,0,Unspecified,4440203,28.0,20.3,7.3,7.3,0.0,10.0,63,20.9,43.2,198,Rain: Moderate,0,0,
60146,2021-07-25 00:24:00,40.89551,-73.863495,3,0,Failure to Yield Right-of-Way,4440295,28.0,20.3,7.3,7.3,0.0,10.0,63,20.9,43.2,198,Rain: Moderate,3,3,
60147,2021-07-23 09:30:00,40.80288,-73.94061,0,0,Unspecified,4441055,26.2,17.3,0.0,0.0,0.0,0.0,1,11.3,27.0,340,Mainly clear,0,0,Sunny/Clear Conditions
60148,2021-07-24 17:00:00,40.700703,-73.98868,4,0,Driver Inattention/Distraction,4441067,26.8,18.2,0.0,0.0,0.0,0.0,3,16.3,31.7,152,Overcast,4,4,
60149,2021-07-25 16:45:00,40.750988,-73.99063,1,0,Turning Improperly,4440352,28.0,20.3,7.3,7.3,0.0,10.0,63,20.9,43.2,198,Rain: Moderate,1,1,
60150,2021-07-25 08:00:00,40.609707,-74.011284,0,0,Other Vehicular,4440459,28.0,20.3,7.3,7.3,0.0,10.0,63,20.9,43.2,198,Rain: Moderate,0,0,
60151,2021-07-24 21:55:00,40.74835,-73.967865,4,0,Driver Inattention/Distraction,4441042,26.8,18.2,0.0,0.0,0.0,0.0,3,16.3,31.7,152,Overcast,4,4,
60152,2021-07-25 09:00:00,40.62757,-73.976585,1,0,Unspecified,4440872,28.0,20.3,7.3,7.3,0.0,10.0,63,20.9,43.2,198,Rain: Moderate,1,1,
60153,2021-07-25 19:27:00,40.73303,-73.82251,0,0,Driver Inattention/Distraction,4440991,28.0,20.3,7.3,7.3,0.0,10.0,63,20.9,43.2,198,Rain: Moderate,0,0,
60154,2021-07-25 07:35:00,40.861862,-73.91275,0,0,Passing or Lane Usage Improper,4440211,28.0,20.3,7.3,7.3,0.0,10.0,63,20.9,43.2,198,Rain: Moderate,0,0,
60155,2021-07-25 01:05:00,40.840496,-73.94599,0,0,Passing or Lane Usage Improper,4440370,28.0,20.3,7.3,7.3,0.0,10.0,63,20.9,43.2,198,Rain: Moderate,0,0,
60156,2021-07-25 00:14:00,40.638695,-73.87859,0,0,Aggressive Driving/Road Rage,4440154,28.0,20.3,7.3,7.3,0.0,10.0,63,20.9,43.2,198,Rain: Moderate,0,0,
60157,2021-07-25 05:00:00,40.881374,-73.86653,0,0,Passing or Lane Usage Improper,4440330,28.0,20.3,7.3,7.3,0.0,10.0,63,20.9,43.2,198,Rain: Moderate,0,0,
60158,2021-07-22 17:00:00,40.6911,-73.98647,0,0,Passing Too Closely,4441113,26.7,17.5,0.0,0.0,0.0,0.0,3,15.3,28.4,327,Overcast,0,0,
60159,2021-07-25 02:10:00,40.67816,-73.897484,0,0,Following Too Closely,4440550,28.0,20.3,7.3,7.3,0.0,10.0,63,20.9,43.2,198,Rain: Moderate,0,0,
60160,2021-07-25 01:00:00,40.659843,-73.83521,1,0,Other Vehicular,4440316,28.0,20.3,7.3,7.3,0.0,10.0,63,20.9,43.2,198,Rain: Moderate,1,1,
60161,2021-07-25 11:15:00,40.697933,-73.892006,3,0,Driver Inattention/Distraction,4440950,28.0,20.3,7.3,7.3,0.0,10.0,63,20.9,43.2,198,Rain: Moderate,3,3,
60162,2021-07-25 21:25:00,40.672363,-73.9308,0,0,Unspecified,4440709,28.0,20.3,7.3,7.3,0.0,10.0,63,20.9,43.2,198,Rain: Moderate,0,0,
60163,2021-07-25 21:00:00,40.655144,-73.95459,1,0,Passing or Lane Usage Improper,4440393,28.0,20.3,7.3,7.3,0.0,10.0,63,20.9,43.2,198,Rain: Moderate,1,1,
60164,2021-07-25 01:12:00,40.62037,-74.15761,0,0,Driver Inattention/Distraction,4440606,28.0,20.3,7.3,7.3,0.0,10.0,63,20.9,43.2,198,Rain: Moderate,0,0,
60165,2021-07-25 14:53:00,40.58425,-73.9638,0,0,Following Too Closely,4440742,28.0,20.3,7.3,7.3,0.0,10.0,63,20.9,43.2,198,Rain: Moderate,0,0,
60166,2021-07-25 20:55:00,40.67839,-73.97495,0,0,Driver Inattention/Distraction,4440657,28.0,20.3,7.3,7.3,0.0,10.0,63,20.9,43.2,198,Rain: Moderate,0,0,
60167,2021-07-25 03:30:00,40.66929,-73.842445,2,0,Unsafe Speed,4440440,28.0,20.3,7.3,7.3,0.0,10.0,63,20.9,43.2,198,Rain: Moderate,2,2,
60168,2021-07-22 14:45:00,40.697247,-73.84302,1,0,Traffic Control Disregarded,4440903,26.7,17.5,0.0,0.0,0.0,0.0,3,15.3,28.4,327,Overcast,1,1,
60169,2021-07-20 20:36:00,40.72162,-73.995476,0,0,Unspecified,4441027,30.9,21.1,0.0,0.0,0.0,0.0,1,13.3,26.6,283,Mainly clear,0,0,Sunny/Clear Conditions
60170,2021-07-25 00:13:00,40.64196,-73.95708,1,0,Passing or Lane Usage Improper,4440388,28.0,20.3,7.3,7.3,0.0,10.0,63,20.9,43.2,198,Rain: Moderate,1,1,
60171,2021-07-17 12:36:00,40.83455,-73.8717,0,0,Unspecified,4440931,30.8,23.3,5.1,5.1,0.0,5.0,61,17.8,36.4,201,Rain: Light,0,0,
60172,2021-07-25 16:30:00,40.745705,-73.89474,2,0,Driver Inattention/Distraction,4440376,28.0,20.3,7.3,7.3,0.0,10.0,63,20.9,43.2,198,Rain: Moderate,2,2,
60173,2021-07-25 04:01:00,40.862778,-73.906166,0,0,Unspecified,4440104,28.0,20.3,7.3,7.3,0.0,10.0,63,20.9,43.2,198,Rain: Moderate,0,0,
60174,2021-07-23 08:15:00,40.619408,-74.09023,0,0,Unspecified,4440962,26.2,17.3,0.0,0.0,0.0,0.0,1,11.3,27.0,340,Mainly clear,0,0,Sunny/Clear Conditions
60175,2021-07-25 05:59:00,40.87835,-73.870346,0,0,Failure to Yield Right-of-Way,4440282,28.0,20.3,7.3,7.3,0.0,10.0,63,20.9,43.2,198,Rain: Moderate,0,0,
60176,2021-07-25 00:15:00,40.81666,-73.888,1,0,Unspecified,4440409,28.0,20.3,7.3,7.3,0.0,10.0,63,20.9,43.2,198,Rain: Moderate,1,1,
60177,2021-07-21 13:30:00,40.70064,-73.93647,0,0,Driver Inattention/Distraction,4440879,27.6,20.9,1.4,1.4,0.0,4.0,53,16.0,31.3,315,Drizzle: Moderate,0,0,
60178,2021-07-25 15:41:00,40.771236,-73.91203,1,0,Pedestrian/Bicyclist/Other Pedestrian Error/Confusion,4440421,28.0,20.3,7.3,7.3,0.0,10.0,63,20.9,43.2,198,Rain: Moderate,1,1,
60179,2021-07-18 20:26:00,40.90034,-73.90591,0,0,Traffic Control Disregarded,4441157,28.4,23.1,12.4,12.4,0.0,10.0,63,19.6,39.2,232,Rain: Moderate,0,0,
60180,2021-07-25 00:40:00,40.588028,-73.94926,0,0,Turning Improperly,4440533,28.0,20.3,7.3,7.3,0.0,10.0,63,20.9,43.2,198,Rain: Moderate,0,0,
60181,2021-07-24 11:53:00,40.830223,-73.834045,0,0,Driver Inattention/Distraction,4440885,26.8,18.2,0.0,0.0,0.0,0.0,3,16.3,31.7,152,Overcast,0,0,
60182,2021-07-25 09:05:00,40.75662,-73.81718,1,0,Reaction to Uninvolved Vehicle,4440401,28.0,20.3,7.3,7.3,0.0,10.0,63,20.9,43.2,198,Rain: Moderate,1,1,
60183,2021-07-25 17:20:00,40.75739,-73.72776,1,0,Unspecified,4440364,28.0,20.3,7.3,7.3,0.0,10.0,63,20.9,43.2,198,Rain: Moderate,1,1,
60184,2021-07-22 23:34:00,40.711845,-73.859764,0,0,Driver Inattention/Distraction,4440974,26.7,17.5,0.0,0.0,0.0,0.0,3,15.3,28.4,327,Overcast,0,0,
60185,2021-07-25 00:33:00,40.804012,-73.93097,0,0,Unspecified,4440591,28.0,20.3,7.3,7.3,0.0,10.0,63,20.9,43.2,198,Rain: Moderate,0,0,
60186,2021-07-25 00:00:00,40.68978,-73.98139,0,0,Unspecified,4440830,28.0,20.3,7.3,7.3,0.0,10.0,63,20.9,43.2,198,Rain: Moderate,0,0,
60187,2021-07-25 19:50:00,40.83057,-73.93072,0,0,Turning Improperly,4440429,28.0,20.3,7.3,7.3,0.0,10.0,63,20.9,43.2,198,Rain: Moderate,0,0,
60188,2021-07-25 02:38:00,40.779892,-73.76895,0,0,Alcohol Involvement,4441174,28.0,20.3,7.3,7.3,0.0,10.0,63,20.9,43.2,198,Rain: Moderate,0,0,
60189,2021-07-25 15:30:00,40.611797,-74.00553,0,0,Unsafe Speed,4440504,28.0,20.3,7.3,7.3,0.0,10.0,63,20.9,43.2,198,Rain: Moderate,0,0,
60190,2021-07-23 13:15:00,40.749844,-73.95225,0,0,Driver Inattention/Distraction,4441035,26.2,17.3,0.0,0.0,0.0,0.0,1,11.3,27.0,340,Mainly clear,0,0,Sunny/Clear Conditions
60191,2021-07-25 03:00:00,40.754257,-73.905045,0,0,Unspecified,4440910,28.0,20.3,7.3,7.3,0.0,10.0,63,20.9,43.2,198,Rain: Moderate,0,0,
60192,2021-07-24 10:36:00,40.882023,-73.90441,0,0,Unspecified,4441096,26.8,18.2,0.0,0.0,0.0,0.0,3,16.3,31.7,152,Overcast,0,0,
60193,2021-07-25 13:10:00,40.660725,-73.91819,1,0,Unspecified,4440514,28.0,20.3,7.3,7.3,0.0,10.0,63,20.9,43.2,198,Rain: Moderate,1,1,
60194,2021-07-24 21:25:00,40.68992,-73.87261,0,0,Driver Inexperience,4441084,26.8,18.2,0.0,0.0,0.0,0.0,3,16.3,31.7,152,Overcast,0,0,
60195,2021-07-23 16:15:00,40.679607,-73.89303,1,0,Failure to Yield Right-of-Way,4440914,26.2,17.3,0.0,0.0,0.0,0.0,1,11.3,27.0,340,Mainly clear,1,1,Sunny/Clear Conditions
60196,2021-07-25 03:28:00,40.736732,-73.85451,0,0,Driver Inattention/Distraction,4440059,28.0,20.3,7.3,7.3,0.0,10.0,63,20.9,43.2,198,Rain: Moderate,0,0,
60197,2021-07-23 14:51:00,40.519623,-74.220146,1,0,Passing or Lane Usage Improper,4441005,26.2,17.3,0.0,0.0,0.0,0.0,1,11.3,27.0,340,Mainly clear,1,1,Sunny/Clear Conditions
60198,2021-07-24 03:40:00,40.725925,-73.89088,0,0,Unspecified,4440957,26.8,18.2,0.0,0.0,0.0,0.0,3,16.3,31.7,152,Overcast,0,0,
60199,2021-07-25 16:00:00,40.659016,-73.95673,0,0,Unspecified,4440624,28.0,20.3,7.3,7.3,0.0,10.0,63,20.9,43.2,198,Rain: Moderate,0,0,
60200,2021-07-25 12:35:00,40.658867,-73.92921,0,0,Driver Inattention/Distraction,4440268,28.0,20.3,7.3,7.3,0.0,10.0,63,20.9,43.2,198,Rain: Moderate,0,0,
60201,2021-07-25 21:25:00,40.625004,-74.14762,0,0,Driver Inattention/Distraction,4440616,28.0,20.3,7.3,7.3,0.0,10.0,63,20.9,43.2,198,Rain: Moderate,0,0,
60202,2022-01-21 03:00:00,40.82868,-73.89864,0,0,Unspecified,4496486,-5.3,-11.6,0.0,0.0,0.0,0.0,3,21.9,40.0,2,Overcast,0,0,
60203,2021-07-24 04:00:00,40.73437,-73.89602,0,0,Driver Inattention/Distraction,4440985,26.8,18.2,0.0,0.0,0.0,0.0,3,16.3,31.7,152,Overcast,0,0,
60204,2021-07-17 11:23:00,40.86514,-73.801544,1,0,Pedestrian/Bicyclist/Other Pedestrian Error/Confusion,4440880,30.8,23.3,5.1,5.1,0.0,5.0,61,17.8,36.4,201,Rain: Light,1,1,
60205,2021-07-25 09:00:00,40.830654,-73.89066,0,0,Backing Unsafely,4440434,28.0,20.3,7.3,7.3,0.0,10.0,63,20.9,43.2,198,Rain: Moderate,0,0,
60206,2021-07-09 14:00:00,40.85592,-73.9172,0,0,Unspecified,4441242,29.8,22.0,35.0,35.0,0.0,14.0,63,31.0,55.8,341,Rain: Moderate,0,0,
60207,2021-07-25 03:02:00,40.780464,-73.94404,1,0,Reaction to Uninvolved Vehicle,4440485,28.0,20.3,7.3,7.3,0.0,10.0,63,20.9,43.2,198,Rain: Moderate,1,1,
60208,2021-07-20 15:40:00,40.75533,-73.99119,1,0,Unspecified,4439034,30.9,21.1,0.0,0.0,0.0,0.0,1,13.3,26.6,283,Mainly clear,1,1,Sunny/Clear Conditions
60209,2021-07-25 12:40:00,40.651512,-74.00734,0,0,Driver Inattention/Distraction,4440804,28.0,20.3,7.3,7.3,0.0,10.0,63,20.9,43.2,198,Rain: Moderate,0,0,
60210,2021-07-25 03:20:00,40.677525,-73.88625,0,0,Driver Inattention/Distraction,4440551,28.0,20.3,7.3,7.3,0.0,10.0,63,20.9,43.2,198,Rain: Moderate,0,0,
60211,2021-07-25 01:00:00,40.84441,-73.8689,0,0,Unspecified,4440315,28.0,20.3,7.3,7.3,0.0,10.0,63,20.9,43.2,198,Rain: Moderate,0,0,
60212,2021-07-25 05:15:00,40.842438,-73.93926,0,0,Unspecified,4440359,28.0,20.3,7.3,7.3,0.0,10.0,63,20.9,43.2,198,Rain: Moderate,0,0,
60213,2021-07-22 19:57:00,40.630566,-74.03405,2,0,Failure to Yield Right-of-Way,4441072,26.7,17.5,0.0,0.0,0.0,0.0,3,15.3,28.4,327,Overcast,2,2,
60214,2021-07-25 03:00:00,40.654648,-73.973274,0,0,Unspecified,4440180,28.0,20.3,7.3,7.3,0.0,10.0,63,20.9,43.2,198,Rain: Moderate,0,0,
60215,2021-07-22 15:07:00,40.774853,-73.98067,0,0,Driver Inattention/Distraction,4441046,26.7,17.5,0.0,0.0,0.0,0.0,3,15.3,28.4,327,Overcast,0,0,
60216,2021-07-25 17:15:00,40.691536,-73.85419,3,0,Driver Inexperience,4440559,28.0,20.3,7.3,7.3,0.0,10.0,63,20.9,43.2,198,Rain: Moderate,3,3,
60217,2021-07-25 00:00:00,40.789055,-73.94861,0,0,Backing Unsafely,4440405,28.0,20.3,7.3,7.3,0.0,10.0,63,20.9,43.2,198,Rain: Moderate,0,0,
60218,2021-07-25 12:11:00,40.768642,-73.949036,0,0,Unsafe Lane Changing,4441161,28.0,20.3,7.3,7.3,0.0,10.0,63,20.9,43.2,198,Rain: Moderate,0,0,
60219,2021-07-24 14:19:00,40.70253,-73.8143,0,0,Driver Inattention/Distraction,4441001,26.8,18.2,0.0,0.0,0.0,0.0,3,16.3,31.7,152,Overcast,0,0,
60220,2021-07-25 17:31:00,40.903538,-73.89741,0,0,Unspecified,4441100,28.0,20.3,7.3,7.3,0.0,10.0,63,20.9,43.2,198,Rain: Moderate,0,0,
60221,2021-07-25 20:30:00,40.753857,-73.76627,0,0,Driver Inattention/Distraction,4440365,28.0,20.3,7.3,7.3,0.0,10.0,63,20.9,43.2,198,Rain: Moderate,0,0,
60222,2021-07-25 03:23:00,40.59783,-73.96549,1,0,Alcohol Involvement,4440842,28.0,20.3,7.3,7.3,0.0,10.0,63,20.9,43.2,198,Rain: Moderate,1,1,
60223,2021-07-25 18:00:00,40.81992,-73.86647,1,0,Reaction to Uninvolved Vehicle,4440696,28.0,20.3,7.3,7.3,0.0,10.0,63,20.9,43.2,198,Rain: Moderate,1,1,
60224,2021-07-25 00:01:00,40.668648,-73.92835,0,0,Unspecified,4440710,28.0,20.3,7.3,7.3,0.0,10.0,63,20.9,43.2,198,Rain: Moderate,0,0,
60225,2021-07-25 04:20:00,40.758965,-73.95819,0,0,Pavement Slippery,4440165,28.0,20.3,7.3,7.3,0.0,10.0,63,20.9,43.2,198,Rain: Moderate,0,0,