,CRASH DATETIME,LATITUDE,LONGITUDE,NUMBER OF PERSONS INJURED,NUMBER OF PERSONS KILLED,CONTRIBUTING FACTOR VEHICLE 1,COLLISION_ID,temperature_2m_max,temperature_2m_min,precipitation_sum,rain_sum,snowfall_sum,precipitation_hours,weather_code,wind_speed_10m_max,wind_gusts_10m_max,wind_direction_10m_dominant,Weather Description,Severity_Score,Total_Affected_Persons,Weather_Category
60226,2021-07-25 18:05:00,40.88473,-73.81571,0,0,Unspecified,4440499,28.0,20.3,7.3,7.3,0.0,10.0,63,20.9,43.2,198,Rain: Moderate,0,0,
60227,2021-07-24 00:00:00,40.676548,-73.76838,0,0,Passing or Lane Usage Improper,4441228,26.8,18.2,0.0,0.0,0.0,0.0,3,16.3,31.7,152,Overcast,0,0,
60228,2021-11-01 05:56:00,40.659485,-73.918304,0,0,Unspecified,4473344,14.4,8.0,0.0,0.0,0.0,0.0,3,20.7,38.5,278,Overcast,0,0,
60229,2021-07-25 02:00:00,40.746334,-73.89633,0,0,Driver Inattention/Distraction,4440231,28.0,20.3,7.3,7.3,0.0,10.0,63,20.9,43.2,198,Rain: Moderate,0,0,
60230,2021-07-25 04:33:00,40.680855,-74.00305,0,0,Unspecified,4441220,28.0,20.3,7.3,7.3,0.0,10.0,63,20.9,43.2,198,Rain: Moderate,0,0,
60231,2021-07-25 18:15:00,40.666946,-73.79712,1,0,Passing or Lane Usage Improper,4440567,28.0,20.3,7.3,7.3,0.0,10.0,63,20.9,43.2,198,Rain: Moderate,1,1,
60232,2021-07-25 04:40:00,40.76989,-73.880455,0,0,Driver Inattention/Distraction,4440150,28.0,20.3,7.3,7.3,0.0,10.0,63,20.9,43.2,198,Rain: Moderate,0,0,
60233,2021-07-25 04:43:00,40.846466,-73.94516,1,0,Driver Inattention/Distraction,4440371,28.0,20.3,7.3,7.3,0.0,10.0,63,20.9,43.2,198,Rain: Moderate,1,1,
60234,2021-07-25 02:00:00,40.832897,-73.862274,2,0,Unspecified,4440693,28.0,20.3,7.3,7.3,0.0,10.0,63,20.9,43.2,198,Rain: Moderate,2,2,
60235,2021-07-24 13:05:00,40.651646,-73.93233,0,0,Traffic Control Disregarded,4441122,26.8,18.2,0.0,0.0,0.0,0.0,3,16.3,31.7,152,Overcast,0,0,
60236,2021-07-25 08:38:00,40.58546,-73.9891,0,0,Unspecified,4440293,28.0,20.3,7.3,7.3,0.0,10.0,63,20.9,43.2,198,Rain: Moderate,0,0,
60237,2021-07-25 01:30:00,40.623817,-74.08209,0,0,Unspecified,4440970,28.0,20.3,7.3,7.3,0.0,10.0,63,20.9,43.2,198,Rain: Moderate,0,0,
60238,2021-07-20 19:15:00,40.741222,-73.78433,1,0,Driver Inattention/Distraction,4440937,30.9,21.1,0.0,0.0,0.0,0.0,1,13.3,26.6,283,Mainly clear,1,1,Sunny/Clear Conditions
60239,2021-07-25 21:29:00,40.850018,-73.9107,0,0,Unspecified,4440413,28.0,20.3,7.3,7.3,0.0,10.0,63,20.9,43.2,198,Rain: Moderate,0,0,
60240,2021-07-25 17:57:00,40.696342,-73.97644,0,0,Passing or Lane Usage Improper,4440394,28.0,20.3,7.3,7.3,0.0,10.0,63,20.9,43.2,198,Rain: Moderate,0,0,
60241,2021-07-25 00:50:00,40.759365,-73.98696,0,0,Driver Inattention/Distraction,4440867,28.0,20.3,7.3,7.3,0.0,10.0,63,20.9,43.2,198,Rain: Moderate,0,0,
60242,2021-07-25 23:56:00,40.693726,-73.92572,1,0,Unspecified,4440890,28.0,20.3,7.3,7.3,0.0,10.0,63,20.9,43.2,198,Rain: Moderate,1,1,
60243,2021-07-25 21:12:00,40.771084,-73.908226,1,0,Driver Inattention/Distraction,4440422,28.0,20.3,7.3,7.3,0.0,10.0,63,20.9,43.2,198,Rain: Moderate,1,1,
60244,2012-07-27 20:53:00,40.676937,-73.92183,0,0,Failure to Yield Right-of-Way,4441145,30.2,22.6,4.8,4.8,0.0,2.0,63,14.7,31.0,281,Rain: Moderate,0,0,
60245,2021-07-25 14:45:00,40.87617,-73.84904,1,0,Driver Inattention/Distraction,4440285,28.0,20.3,7.3,7.3,0.0,10.0,63,20.9,43.2,198,Rain: Moderate,1,1,
60246,2021-07-23 18:20:00,40.898594,-73.897095,1,0,Unsafe Speed,4441094,26.2,17.3,0.0,0.0,0.0,0.0,1,11.3,27.0,340,Mainly clear,1,1,Sunny/Clear Conditions
60247,2021-07-25 14:00:00,40.667103,-73.93281,0,0,Unspecified,4440210,28.0,20.3,7.3,7.3,0.0,10.0,63,20.9,43.2,198,Rain: Moderate,0,0,
60248,2021-07-25 05:49:00,40.738064,-73.83657,2,0,Pavement Slippery,4440990,28.0,20.3,7.3,7.3,0.0,10.0,63,20.9,43.2,198,Rain: Moderate,2,2,
60249,2021-07-25 18:31:00,40.79716,-73.93608,0,0,Illnes,4440600,28.0,20.3,7.3,7.3,0.0,10.0,63,20.9,43.2,198,Rain: Moderate,0,0,
60250,2021-07-25 06:20:00,40.5872,-73.97439,0,0,Driver Inattention/Distraction,4440741,28.0,20.3,7.3,7.3,0.0,10.0,63,20.9,43.2,198,Rain: Moderate,0,0,
60251,2022-01-19 23:44:00,40.71721,-73.93471,1,0,Driver Inattention/Distraction,4496461,7.6,-4.9,0.0,0.0,0.0,0.0,3,23.5,43.2,208,Overcast,1,1,
60252,2021-07-25 18:40:00,40.844105,-73.898,1,0,Unspecified,4440444,28.0,20.3,7.3,7.3,0.0,10.0,63,20.9,43.2,198,Rain: Moderate,1,1,
60253,2021-07-25 00:00:00,40.683514,-73.97596,1,0,Backing Unsafely,4440656,28.0,20.3,7.3,7.3,0.0,10.0,63,20.9,43.2,198,Rain: Moderate,1,1,
60254,2021-07-25 17:58:00,40.591988,-73.97665,1,0,Unspecified,4440528,28.0,20.3,7.3,7.3,0.0,10.0,63,20.9,43.2,198,Rain: Moderate,1,1,
60255,2021-07-25 08:57:00,40.726166,-73.99837,0,0,Unspecified,4440206,28.0,20.3,7.3,7.3,0.0,10.0,63,20.9,43.2,198,Rain: Moderate,0,0,
60256,2021-07-25 02:50:00,40.872143,-73.818695,1,0,Unsafe Speed,4440105,28.0,20.3,7.3,7.3,0.0,10.0,63,20.9,43.2,198,Rain: Moderate,1,1,
60257,2021-07-25 11:12:00,40.730118,-73.86232,1,0,Passing or Lane Usage Improper,4440375,28.0,20.3,7.3,7.3,0.0,10.0,63,20.9,43.2,198,Rain: Moderate,1,1,
60258,2021-06-22 14:30:00,40.688248,-73.988205,0,0,Driver Inattention/Distraction,4441066,24.2,15.1,8.5,8.5,0.0,9.0,63,22.2,43.2,305,Rain: Moderate,0,0,
60259,2021-07-25 02:35:00,40.657135,-73.90365,0,0,Unspecified,4440468,28.0,20.3,7.3,7.3,0.0,10.0,63,20.9,43.2,198,Rain: Moderate,0,0,
60260,2021-07-25 17:55:00,40.645134,-73.90232,0,0,Passing or Lane Usage Improper,4440351,28.0,20.3,7.3,7.3,0.0,10.0,63,20.9,43.2,198,Rain: Moderate,0,0,
60261,2021-07-24 22:20:00,40.84519,-73.9112,0,0,Following Too Closely,4440949,26.8,18.2,0.0,0.0,0.0,0.0,3,16.3,31.7,152,Overcast,0,0,
60262,2021-07-14 12:30:00,40.630573,-74.106255,0,0,Following Too Closely,4440963,30.6,21.5,0.8,0.8,0.0,3.0,53,14.5,36.0,191,Drizzle: Moderate,0,0,
60263,2021-07-24 13:15:00,40.69808,-73.92536,1,0,Failure to Yield Right-of-Way,4440878,26.8,18.2,0.0,0.0,0.0,0.0,3,16.3,31.7,152,Overcast,1,1,
60264,2021-07-22 13:27:00,40.69591,-73.80995,1,0,Failure to Yield Right-of-Way,4441021,26.7,17.5,0.0,0.0,0.0,0.0,3,15.3,28.4,327,Overcast,1,1,
60265,2021-07-24 12:45:00,40.610214,-74.1202,0,0,Following Too Closely,4441256,26.8,18.2,0.0,0.0,0.0,0.0,3,16.3,31.7,152,Overcast,0,0,
60266,2021-07-25 16:10:00,40.67077,-73.89456,0,0,Aggressive Driving/Road Rage,4440389,28.0,20.3,7.3,7.3,0.0,10.0,63,20.9,43.2,198,Rain: Moderate,0,0,
60267,2021-07-23 10:40:00,40.805073,-73.9629,0,0,Driver Inattention/Distraction,4441061,26.2,17.3,0.0,0.0,0.0,0.0,1,11.3,27.0,340,Mainly clear,0,0,Sunny/Clear Conditions
60268,2021-07-22 18:11:00,40.882923,-73.90828,0,0,Unspecified,4441090,26.7,17.5,0.0,0.0,0.0,0.0,3,15.3,28.4,327,Overcast,0,0,
60269,2021-07-24 19:40:00,40.63713,-73.94519,1,0,Unspecified,4441123,26.8,18.2,0.0,0.0,0.0,0.0,3,16.3,31.7,152,Overcast,1,1,
60270,2021-07-25 04:10:00,40.586212,-73.990585,0,0,Pavement Slippery,4440273,28.0,20.3,7.3,7.3,0.0,10.0,63,20.9,43.2,198,Rain: Moderate,0,0,
60271,2021-07-22 14:00:00,40.700268,-73.80232,0,0,Backing Unsafely,4441000,26.7,17.5,0.0,0.0,0.0,0.0,3,15.3,28.4,327,Overcast,0,0,
60272,2021-07-25 21:20:00,40.645344,-73.87897,0,0,Unsafe Lane Changing,4440552,28.0,20.3,7.3,7.3,0.0,10.0,63,20.9,43.2,198,Rain: Moderate,0,0,
60273,2021-07-25 07:33:00,40.712864,-73.90478,1,0,Driver Inattention/Distraction,4440228,28.0,20.3,7.3,7.3,0.0,10.0,63,20.9,43.2,198,Rain: Moderate,1,1,
60274,2021-07-25 21:40:00,40.71983,-73.98755,1,0,Unspecified,4440754,28.0,20.3,7.3,7.3,0.0,10.0,63,20.9,43.2,198,Rain: Moderate,1,1,
60275,2021-07-25 21:00:00,40.575207,-74.12776,2,0,Alcohol Involvement,4440713,28.0,20.3,7.3,7.3,0.0,10.0,63,20.9,43.2,198,Rain: Moderate,2,2,
60276,2021-07-25 09:49:00,40.749573,-73.75467,0,0,Driver Inattention/Distraction,4440193,28.0,20.3,7.3,7.3,0.0,10.0,63,20.9,43.2,198,Rain: Moderate,0,0,
60277,2021-07-21 08:30:00,40.720764,-73.99063,0,0,Oversized Vehicle,4441026,27.6,20.9,1.4,1.4,0.0,4.0,53,16.0,31.3,315,Drizzle: Moderate,0,0,
60278,2021-07-24 07:34:00,40.88742,-73.89449,0,0,Driver Inattention/Distraction,4441095,26.8,18.2,0.0,0.0,0.0,0.0,3,16.3,31.7,152,Overcast,0,0,
60279,2021-07-21 09:05:00,40.690647,-73.90805,0,0,Unsafe Speed,4440881,27.6,20.9,1.4,1.4,0.0,4.0,53,16.0,31.3,315,Drizzle: Moderate,0,0,
60280,2021-07-25 10:20:00,40.88305,-73.89983,0,0,Driver Inattention/Distraction,4441160,28.0,20.3,7.3,7.3,0.0,10.0,63,20.9,43.2,198,Rain: Moderate,0,0,
60281,2021-07-25 14:13:00,40.842503,-73.92797,0,0,Unsafe Lane Changing,4440427,28.0,20.3,7.3,7.3,0.0,10.0,63,20.9,43.2,198,Rain: Moderate,0,0,
60282,2021-07-21 15:30:00,40.70041,-73.90368,1,0,Driver Inattention/Distraction,4440955,27.6,20.9,1.4,1.4,0.0,4.0,53,16.0,31.3,315,Drizzle: Moderate,1,1,
60283,2021-07-25 14:30:00,40.714127,-73.87933,0,0,Backing Unsafely,4440958,28.0,20.3,7.3,7.3,0.0,10.0,63,20.9,43.2,198,Rain: Moderate,0,0,
60284,2021-07-25 04:13:00,40.666416,-73.738495,1,0,Unspecified,4440078,28.0,20.3,7.3,7.3,0.0,10.0,63,20.9,43.2,198,Rain: Moderate,1,1,
60285,2021-07-23 20:40:00,40.666008,-73.789536,1,0,Other Vehicular,4441071,26.2,17.3,0.0,0.0,0.0,0.0,1,11.3,27.0,340,Mainly clear,1,1,Sunny/Clear Conditions
60286,2021-07-25 16:20:00,40.874992,-73.81846,1,0,Unspecified,4440493,28.0,20.3,7.3,7.3,0.0,10.0,63,20.9,43.2,198,Rain: Moderate,1,1,
60287,2021-07-25 18:34:00,40.65846,-73.90066,0,0,Backing Unsafely,4440515,28.0,20.3,7.3,7.3,0.0,10.0,63,20.9,43.2,198,Rain: Moderate,0,0,
60288,2021-07-14 00:56:00,40.815533,-73.91861,1,0,Driver Inattention/Distraction,4441235,30.6,21.5,0.8,0.8,0.0,3.0,53,14.5,36.0,191,Drizzle: Moderate,1,1,
60289,2021-07-25 02:05:00,40.708927,-73.77733,1,0,Driver Inattention/Distraction,4441006,28.0,20.3,7.3,7.3,0.0,10.0,63,20.9,43.2,198,Rain: Moderate,1,1,
60290,2021-07-25 13:00:00,40.81238,-73.92473,0,0,Unspecified,4440385,28.0,20.3,7.3,7.3,0.0,10.0,63,20.9,43.2,198,Rain: Moderate,0,0,
60291,2021-07-25 07:10:00,40.82807,-73.94064,0,0,Passing Too Closely,4440822,28.0,20.3,7.3,7.3,0.0,10.0,63,20.9,43.2,198,Rain: Moderate,0,0,
60292,2021-07-25 07:10:00,40.731964,-73.97412,2,0,Unspecified,4440404,28.0,20.3,7.3,7.3,0.0,10.0,63,20.9,43.2,198,Rain: Moderate,2,2,
60293,2020-07-22 12:30:00,40.657658,-73.90377,0,0,Driver Inattention/Distraction,4441049,31.9,23.4,4.5,4.5,0.0,5.0,63,21.7,41.0,188,Rain: Moderate,0,0,
60294,2021-07-23 06:03:00,40.696663,-73.98085,0,0,Passing or Lane Usage Improper,4441202,26.2,17.3,0.0,0.0,0.0,0.0,1,11.3,27.0,340,Mainly clear,0,0,Sunny/Clear Conditions
60295,2021-07-25 10:45:00,40.672844,-73.907036,0,0,Failure to Yield Right-of-Way,4440505,28.0,20.3,7.3,7.3,0.0,10.0,63,20.9,43.2,198,Rain: Moderate,0,0,
60296,2021-07-25 12:40:00,40.715553,-73.95188,0,0,Passing Too Closely,4440306,28.0,20.3,7.3,7.3,0.0,10.0,63,20.9,43.2,198,Rain: Moderate,0,0,
60297,2021-07-25 00:00:00,40.582203,-74.16276,1,0,Driver Inattention/Distraction,4440617,28.0,20.3,7.3,7.3,0.0,10.0,63,20.9,43.2,198,Rain: Moderate,1,1,
60298,2021-07-25 17:00:00,40.76428,-73.99859,0,0,Driver Inattention/Distraction,4440860,28.0,20.3,7.3,7.3,0.0,10.0,63,20.9,43.2,198,Rain: Moderate,0,0,
60299,2021-07-25 11:50:00,40.759686,-73.77183,1,0,Passing or Lane Usage Improper,4440366,28.0,20.3,7.3,7.3,0.0,10.0,63,20.9,43.2,198,Rain: Moderate,1,1,
60300,2021-07-25 18:30:00,40.838497,-73.939835,0,0,Traffic Control Disregarded,4440357,28.0,20.3,7.3,7.3,0.0,10.0,63,20.9,43.2,198,Rain: Moderate,0,0,
60301,2021-07-25 18:00:00,40.80194,-73.93414,0,0,Unspecified,4440703,28.0,20.3,7.3,7.3,0.0,10.0,63,20.9,43.2,198,Rain: Moderate,0,0,
60302,2021-07-22 07:30:00,40.784245,-73.9471,0,0,Driver Inattention/Distraction,4441032,26.7,17.5,0.0,0.0,0.0,0.0,3,15.3,28.4,327,Overcast,0,0,
60303,2021-07-25 21:10:00,40.744556,-73.983185,1,0,Pedestrian/Bicyclist/Other Pedestrian Error/Confusion,4440400,28.0,20.3,7.3,7.3,0.0,10.0,63,20.9,43.2,198,Rain: Moderate,1,1,
60304,2021-07-25 07:45:00,40.82943,-73.89089,0,0,Driver Inattention/Distraction,4440433,28.0,20.3,7.3,7.3,0.0,10.0,63,20.9,43.2,198,Rain: Moderate,0,0,
60305,2021-07-21 07:02:00,40.803585,-73.93961,0,0,Unspecified,4440982,27.6,20.9,1.4,1.4,0.0,4.0,53,16.0,31.3,315,Drizzle: Moderate,0,0,
60306,2021-07-25 06:30:00,40.665024,-73.887436,0,0,Unsafe Speed,4440915,28.0,20.3,7.3,7.3,0.0,10.0,63,20.9,43.2,198,Rain: Moderate,0,0,
60307,2021-07-23 15:40:00,40.8925,-73.86125,0,0,Driver Inattention/Distraction,4441149,26.2,17.3,0.0,0.0,0.0,0.0,1,11.3,27.0,340,Mainly clear,0,0,Sunny/Clear Conditions
60308,2021-07-19 15:51:00,40.816944,-73.92109,0,0,Driver Inattention/Distraction,4441226,27.5,20.8,0.5,0.5,0.0,2.0,51,12.8,29.9,307,Drizzle: Light,0,0,
60309,2021-07-25 08:52:00,40.77564,-73.96263,0,0,Fatigued/Drowsy,4440483,28.0,20.3,7.3,7.3,0.0,10.0,63,20.9,43.2,198,Rain: Moderate,0,0,
60310,2021-07-25 12:00:00,40.87664,-73.90139,0,0,Unspecified,4441099,28.0,20.3,7.3,7.3,0.0,10.0,63,20.9,43.2,198,Rain: Moderate,0,0,
60311,2021-07-24 03:22:00,40.856358,-73.826515,1,0,Driver Inattention/Distraction,4440887,26.8,18.2,0.0,0.0,0.0,0.0,3,16.3,31.7,152,Overcast,1,1,
60312,2021-07-12 14:50:00,40.778164,-73.97454,0,0,Obstruction/Debris,4440908,28.6,22.0,9.7,9.7,0.0,12.0,63,12.0,31.7,107,Rain: Moderate,0,0,
60313,2021-07-24 01:05:00,40.718792,-73.98902,1,0,Unspecified,4440940,26.8,18.2,0.0,0.0,0.0,0.0,3,16.3,31.7,152,Overcast,1,1,
60314,2021-07-25 02:28:00,40.720837,-73.98953,0,0,Unspecified,4440414,28.0,20.3,7.3,7.3,0.0,10.0,63,20.9,43.2,198,Rain: Moderate,0,0,
60315,2021-11-01 15:07:00,40.668346,-73.960526,0,0,Unspecified,4473275,14.4,8.0,0.0,0.0,0.0,0.0,3,20.7,38.5,278,Overcast,0,0,
60316,2021-11-01 10:25:00,40.718334,-73.83349,0,0,Glare,4473044,14.4,8.0,0.0,0.0,0.0,0.0,3,20.7,38.5,278,Overcast,0,0,
60317,2021-11-01 02:20:00,40.835194,-73.874054,0,0,Unspecified,4472988,14.4,8.0,0.0,0.0,0.0,0.0,3,20.7,38.5,278,Overcast,0,0,
60318,2021-11-01 12:00:00,40.75317,-73.82193,0,0,Following Too Closely,4473169,14.4,8.0,0.0,0.0,0.0,0.0,3,20.7,38.5,278,Overcast,0,0,
60319,2021-10-26 07:40:00,40.719555,-73.92287,0,0,Passing Too Closely,4473741,16.9,13.8,84.5,84.5,0.0,17.0,65,28.7,53.6,87,Rain: Heavy,0,0,
60320,2021-11-01 11:30:00,40.830143,-73.92858,2,0,Driverless/Runaway Vehicle,4473242,14.4,8.0,0.0,0.0,0.0,0.0,3,20.7,38.5,278,Overcast,2,2,
60321,2021-11-01 00:01:00,40.75093,-73.948685,0,0,Driver Inattention/Distraction,4473142,14.4,8.0,0.0,0.0,0.0,0.0,3,20.7,38.5,278,Overcast,0,0,
60322,2021-11-01 16:00:00,40.60225,-73.75383,0,0,Unspecified,4473627,14.4,8.0,0.0,0.0,0.0,0.0,3,20.7,38.5,278,Overcast,0,0,
60323,2021-10-31 02:10:00,40.885426,-73.897446,1,0,Unspecified,4473643,18.3,12.5,3.7,3.7,0.0,8.0,55,22.9,41.0,268,Drizzle: Dense,1,1,
60324,2021-11-01 19:06:00,40.633682,-73.89868,1,0,Driver Inexperience,4473556,14.4,8.0,0.0,0.0,0.0,0.0,3,20.7,38.5,278,Overcast,1,1,
60325,2021-10-04 06:05:00,40.675793,-73.94438,1,0,Pedestrian/Bicyclist/Other Pedestrian Error/Confusion,4473700,20.6,16.4,21.8,21.8,0.0,17.0,63,20.8,42.8,61,Rain: Moderate,1,1,
60326,2021-10-27 16:45:00,40.87626,-73.90395,0,0,Failure to Yield Right-of-Way,4473899,16.1,12.2,6.6,6.6,0.0,6.0,61,33.3,63.0,359,Rain: Light,0,0,
60327,2022-01-19 15:45:00,40.58761,-73.95235,1,0,Backing Unsafely,4495882,7.6,-4.9,0.0,0.0,0.0,0.0,3,23.5,43.2,208,Overcast,1,1,
60328,2021-10-27 20:00:00,40.65452,-73.882225,3,0,Unspecified,4473573,16.1,12.2,6.6,6.6,0.0,6.0,61,33.3,63.0,359,Rain: Light,3,3,
60329,2021-11-01 09:00:00,40.6985,-73.98698,0,0,Failure to Yield Right-of-Way,4473735,14.4,8.0,0.0,0.0,0.0,0.0,3,20.7,38.5,278,Overcast,0,0,
60330,2021-11-01 10:15:00,40.636627,-73.94226,0,0,Traffic Control Disregarded,4473298,14.4,8.0,0.0,0.0,0.0,0.0,3,20.7,38.5,278,Overcast,0,0,
60331,2021-10-28 22:27:00,40.787563,-73.97882,1,0,Unspecified,4473761,15.2,7.9,0.0,0.0,0.0,0.0,3,19.1,34.6,28,Overcast,1,1,
60332,2021-11-01 16:50:00,40.628735,-74.074486,0,0,Unspecified,4473789,14.4,8.0,0.0,0.0,0.0,0.0,3,20.7,38.5,278,Overcast,0,0,
60333,2021-11-01 11:20:00,40.681877,-73.88036,0,0,Oversized Vehicle,4473087,14.4,8.0,0.0,0.0,0.0,0.0,3,20.7,38.5,278,Overcast,0,0,
60334,2021-11-01 21:17:00,40.64967,-73.95237,2,0,Accelerator Defective,4473341,14.4,8.0,0.0,0.0,0.0,0.0,3,20.7,38.5,278,Overcast,2,2,
60335,2021-10-30 18:46:00,40.721485,-73.86658,0,0,Following Too Closely,4473678,17.8,12.0,7.8,7.8,0.0,16.0,61,38.5,68.0,112,Rain: Light,0,0,
60336,2021-11-01 01:31:00,40.715076,-73.79413,0,0,Alcohol Involvement,4473076,14.4,8.0,0.0,0.0,0.0,0.0,3,20.7,38.5,278,Overcast,0,0,
60337,2021-11-01 04:07:00,40.692936,-73.87777,0,0,Reaction to Uninvolved Vehicle,4473126,14.4,8.0,0.0,0.0,0.0,0.0,3,20.7,38.5,278,Overcast,0,0,
60338,2021-11-01 03:30:00,40.743904,-73.94877,0,0,Driver Inexperience,4473422,14.4,8.0,0.0,0.0,0.0,0.0,3,20.7,38.5,278,Overcast,0,0,
60339,2021-11-01 18:20:00,40.730434,-73.86061,0,0,Unsafe Speed,4473377,14.4,8.0,0.0,0.0,0.0,0.0,3,20.7,38.5,278,Overcast,0,0,
60340,2021-11-01 08:14:00,40.734566,-73.72269,0,0,Driver Inattention/Distraction,4473033,14.4,8.0,0.0,0.0,0.0,0.0,3,20.7,38.5,278,Overcast,0,0,
60341,2021-10-28 12:59:00,40.671898,-73.92231,1,0,Unspecified,4473701,15.2,7.9,0.0,0.0,0.0,0.0,3,19.1,34.6,28,Overcast,1,1,
60342,2021-10-29 18:45:00,40.78642,-73.978065,0,0,Unspecified,4473772,13.8,8.3,9.3,9.3,0.0,5.0,63,40.9,73.8,78,Rain: Moderate,0,0,
60343,2021-11-01 21:06:00,40.81656,-73.90037,0,0,Unspecified,4473567,14.4,8.0,0.0,0.0,0.0,0.0,3,20.7,38.5,278,Overcast,0,0,
60344,2021-11-01 09:45:00,40.560295,-74.16046,1,0,Traffic Control Disregarded,4473823,14.4,8.0,0.0,0.0,0.0,0.0,3,20.7,38.5,278,Overcast,1,1,
60345,2021-11-01 09:30:00,40.80635,-73.9212,0,0,Unspecified,4473221,14.4,8.0,0.0,0.0,0.0,0.0,3,20.7,38.5,278,Overcast,0,0,
60346,2021-10-28 09:30:00,40.754692,-73.93665,0,0,Unsafe Speed,4473635,15.2,7.9,0.0,0.0,0.0,0.0,3,19.1,34.6,28,Overcast,0,0,
60347,2021-10-30 05:40:00,40.758705,-73.93793,0,0,Reaction to Uninvolved Vehicle,4473638,17.8,12.0,7.8,7.8,0.0,16.0,61,38.5,68.0,112,Rain: Light,0,0,
60348,2021-11-01 00:05:00,40.870014,-73.832436,2,0,Failure to Yield Right-of-Way,4472906,14.4,8.0,0.0,0.0,0.0,0.0,3,20.7,38.5,278,Overcast,2,2,
60349,2021-10-05 09:10:00,40.776684,-73.983055,0,0,Unspecified,4473749,19.9,15.0,0.0,0.0,0.0,0.0,3,14.5,28.1,46,Overcast,0,0,
60350,2021-11-01 20:00:00,40.708004,-74.00617,0,0,Unspecified,4473268,14.4,8.0,0.0,0.0,0.0,0.0,3,20.7,38.5,278,Overcast,0,0,
60351,2021-10-29 11:28:00,40.739082,-73.88954,0,0,Unspecified,4473890,13.8,8.3,9.3,9.3,0.0,5.0,63,40.9,73.8,78,Rain: Moderate,0,0,
60352,2021-10-31 04:52:00,40.811623,-73.950584,0,0,Unsafe Speed,4473688,18.3,12.5,3.7,3.7,0.0,8.0,55,22.9,41.0,268,Drizzle: Dense,0,0,
60353,2021-10-31 14:00:00,40.575203,-74.169846,0,0,Backing Unsafely,4473927,18.3,12.5,3.7,3.7,0.0,8.0,55,22.9,41.0,268,Drizzle: Dense,0,0,
60354,2021-11-01 14:35:00,40.71806,-73.74778,0,0,Unspecified,4473175,14.4,8.0,0.0,0.0,0.0,0.0,3,20.7,38.5,278,Overcast,0,0,
60355,2021-11-01 11:50:00,40.879475,-73.91675,0,0,Unspecified,4473448,14.4,8.0,0.0,0.0,0.0,0.0,3,20.7,38.5,278,Overcast,0,0,
60356,2021-11-01 00:13:00,40.671608,-73.91695,0,0,Unspecified,4473200,14.4,8.0,0.0,0.0,0.0,0.0,3,20.7,38.5,278,Overcast,0,0,
60357,2021-10-29 13:00:00,40.704273,-74.00869,0,0,Following Too Closely,4473724,13.8,8.3,9.3,9.3,0.0,5.0,63,40.9,73.8,78,Rain: Moderate,0,0,
60358,2021-11-01 18:45:00,40.665348,-73.922325,1,0,,4473262,14.4,8.0,0.0,0.0,0.0,0.0,3,20.7,38.5,278,Overcast,1,1,
60359,2021-11-01 06:57:00,40.810287,-73.90172,0,0,Driver Inattention/Distraction,4473118,14.4,8.0,0.0,0.0,0.0,0.0,3,20.7,38.5,278,Overcast,0,0,
60360,2021-11-01 04:20:00,40.70648,-73.96375,0,0,Driver Inattention/Distraction,4473028,14.4,8.0,0.0,0.0,0.0,0.0,3,20.7,38.5,278,Overcast,0,0,
60361,2021-11-01 19:25:00,40.75156,-73.829384,1,0,Failure to Yield Right-of-Way,4473331,14.4,8.0,0.0,0.0,0.0,0.0,3,20.7,38.5,278,Overcast,1,1,
60362,2021-11-01 20:21:00,40.7138,-73.93319,0,0,Fell Asleep,4473460,14.4,8.0,0.0,0.0,0.0,0.0,3,20.7,38.5,278,Overcast,0,0,
60363,2021-11-01 15:53:00,40.822258,-73.95616,0,0,Driver Inattention/Distraction,4473157,14.4,8.0,0.0,0.0,0.0,0.0,3,20.7,38.5,278,Overcast,0,0,
60364,2021-11-01 18:02:00,40.7187,-73.78195,0,0,Driver Inexperience,4473149,14.4,8.0,0.0,0.0,0.0,0.0,3,20.7,38.5,278,Overcast,0,0,
60365,2021-11-01 22:22:00,40.629986,-73.97157,3,0,Driver Inattention/Distraction,4473356,14.4,8.0,0.0,0.0,0.0,0.0,3,20.7,38.5,278,Overcast,3,3,
60366,2021-10-30 00:30:00,40.684624,-73.93838,0,0,Unsafe Speed,4473707,17.8,12.0,7.8,7.8,0.0,16.0,61,38.5,68.0,112,Rain: Light,0,0,
60367,2021-11-01 16:40:00,40.585133,-73.954544,1,0,Unspecified,4473194,14.4,8.0,0.0,0.0,0.0,0.0,3,20.7,38.5,278,Overcast,1,1,
60368,2021-11-01 07:35:00,40.81099,-73.914856,0,0,Backing Unsafely,4473226,14.4,8.0,0.0,0.0,0.0,0.0,3,20.7,38.5,278,Overcast,0,0,
60369,2021-10-26 08:00:00,40.629826,-74.147385,1,0,Passing or Lane Usage Improper,4473665,16.9,13.8,84.5,84.5,0.0,17.0,65,28.7,53.6,87,Rain: Heavy,1,1,
60370,2021-11-01 20:46:00,40.60685,-73.750824,0,0,Unspecified,4473616,14.4,8.0,0.0,0.0,0.0,0.0,3,20.7,38.5,278,Overcast,0,0,
60371,2021-10-31 23:15:00,40.573265,-74.146965,2,0,Driver Inattention/Distraction,4473816,18.3,12.5,3.7,3.7,0.0,8.0,55,22.9,41.0,268,Drizzle: Dense,2,2,
60372,2021-10-31 19:19:00,40.72071,-73.99253,2,0,Pedestrian/Bicyclist/Other Pedestrian Error/Confusion,4473918,18.3,12.5,3.7,3.7,0.0,8.0,55,22.9,41.0,268,Drizzle: Dense,2,2,