,CRASH DATETIME,LATITUDE,LONGITUDE,NUMBER OF PERSONS INJURED,NUMBER OF PERSONS KILLED,CONTRIBUTING FACTOR VEHICLE 1,COLLISION_ID,temperature_2m_max,temperature_2m_min,precipitation_sum,rain_sum,snowfall_sum,precipitation_hours,weather_code,wind_speed_10m_max,wind_gusts_10m_max,wind_direction_10m_dominant,Weather Description,Severity_Score,Total_Affected_Persons,Weather_Category
60373,2021-11-01 17:00:00,40.657185,-73.76597,0,0,Unspecified,4473181,14.4,8.0,0.0,0.0,0.0,0.0,3,20.7,38.5,278,Overcast,0,0,
60374,2021-10-30 23:30:00,40.727608,-73.89452,0,0,Driver Inexperience,4473780,17.8,12.0,7.8,7.8,0.0,16.0,61,38.5,68.0,112,Rain: Light,0,0,
60375,2021-11-01 17:46:00,40.681026,-73.89336,0,0,Unspecified,4473575,14.4,8.0,0.0,0.0,0.0,0.0,3,20.7,38.5,278,Overcast,0,0,
60376,2021-10-30 03:34:00,40.84869,-73.90329,0,0,Unspecified,4473595,17.8,12.0,7.8,7.8,0.0,16.0,61,38.5,68.0,112,Rain: Light,0,0,
60377,2021-10-27 18:34:00,40.878,-73.90408,5,0,Unspecified,4473621,16.1,12.2,6.6,6.6,0.0,6.0,61,33.3,63.0,359,Rain: Light,5,5,
60378,2021-11-01 23:52:00,40.57275,-73.997055,0,0,Driver Inattention/Distraction,4473211,14.4,8.0,0.0,0.0,0.0,0.0,3,20.7,38.5,278,Overcast,0,0,
60379,2021-12-12 21:34:00,40.65067,-73.95248,0,0,Unspecified,4486423,13.0,3.4,0.5,0.5,0.0,1.0,53,32.4,62.6,284,Drizzle: Moderate,0,0,
60380,2021-12-12 04:25:00,40.700768,-73.990944,0,0,Unspecified,4485839,13.0,3.4,0.5,0.5,0.0,1.0,53,32.4,62.6,284,Drizzle: Moderate,0,0,
60381,2021-12-11 04:04:00,40.72648,-73.89442,0,0,Unspecified,4486489,17.3,5.0,8.1,8.1,0.0,5.0,63,35.0,67.0,206,Rain: Moderate,0,0,
60382,2021-12-12 09:03:00,40.706223,-73.88638,0,0,Failure to Yield Right-of-Way,4485722,13.0,3.4,0.5,0.5,0.0,1.0,53,32.4,62.6,284,Drizzle: Moderate,0,0,
60383,2021-12-08 14:40:00,40.870415,-73.91515,0,0,Other Vehicular,4486392,4.7,0.9,0.7,0.7,0.0,2.0,51,14.5,24.8,355,Drizzle: Light,0,0,
60384,2021-12-12 04:05:00,40.741943,-73.99449,1,0,Unspecified,4486224,13.0,3.4,0.5,0.5,0.0,1.0,53,32.4,62.6,284,Drizzle: Moderate,1,1,
60385,2021-12-10 23:15:00,40.53465,-74.19386,0,0,Fell Asleep,4486386,8.5,1.6,0.0,0.0,0.0,0.0,3,9.8,20.5,183,Overcast,0,0,
60386,2017-02-19 16:10:00,40.6369807,-73.9365431,0,0,Unspecified,3618395,18.1,7.0,0.0,0.0,0.0,0.0,3,19.2,36.0,283,Overcast,0,0,
60387,2018-03-26 00:06:00,40.6372771,-73.9317652,2,0,Unspecified,3869923,8.4,-2.3,0.0,0.0,0.0,0.0,0,17.2,36.7,74,Clear sky,2,2,Sunny/Clear Conditions
60388,2020-07-12 12:33:00,40.7265697,-73.8380179,2,0,Driver Inattention/Distraction,4328048,30.8,20.9,0.0,0.0,0.0,0.0,3,20.2,38.2,260,Overcast,2,2,
60389,2022-01-21 15:50:00,40.814907,-73.92436,0,0,Driver Inattention/Distraction,4496817,-5.3,-11.6,0.0,0.0,0.0,0.0,3,21.9,40.0,2,Overcast,0,0,
60390,2022-01-20 19:00:00,40.672688,-73.73544,1,0,Unspecified,4496066,5.2,-5.5,7.3,4.6,1.89,10.0,73,22.3,40.0,315,Snow fall: Moderate,1,1,Snowy Conditions
60391,2020-12-24 00:00:00,40.6523139,-73.9560111,0,0,Unspecified,4379109,14.5,3.0,5.1,5.1,0.0,7.0,61,43.7,90.7,166,Rain: Light,0,0,
60392,2021-01-19 17:15:00,40.656861,-73.9270238,1,0,Failure to Yield Right-of-Way,4385438,4.7,-1.5,0.0,0.0,0.0,0.0,3,25.9,49.7,263,Overcast,1,1,
60393,2021-05-15 00:10:00,40.700469,-73.934528,0,0,Unspecified,4420141,22.4,8.7,0.0,0.0,0.0,0.0,3,12.5,23.8,229,Overcast,0,0,
60394,2021-06-01 14:46:00,40.6652573,-73.7395512,0,0,Driver Inattention/Distraction,4422634,23.5,9.7,0.0,0.0,0.0,0.0,3,17.6,32.0,221,Overcast,0,0,
60395,2021-07-10 22:10:00,40.8246333,-73.9105876,0,0,Driver Inattention/Distraction,4435624,25.5,20.7,0.5,0.5,0.0,3.0,51,14.5,29.9,1,Drizzle: Light,0,0,
60396,2021-07-13 20:20:00,40.7565397,-73.9467863,0,0,Aggressive Driving/Road Rage,4437073,25.0,20.8,2.4,2.4,0.0,12.0,53,13.0,26.3,84,Drizzle: Moderate,0,0,
60397,2022-01-19 17:30:00,40.853905,-73.89864,0,0,Driver Inattention/Distraction,4495987,7.6,-4.9,0.0,0.0,0.0,0.0,3,23.5,43.2,208,Overcast,0,0,
60398,2021-08-12 13:00:00,40.8402259,-73.9176827,0,0,Failure to Yield Right-of-Way,4446368,35.2,23.1,0.0,0.0,0.0,0.0,3,21.0,47.5,220,Overcast,0,0,
60399,2021-08-08 03:00:00,40.6866487,-73.9207388,0,0,Unspecified,4446373,22.9,19.4,12.7,12.7,0.0,17.0,63,19.9,36.0,38,Rain: Moderate,0,0,
60400,2021-08-12 00:00:00,40.7288651,-73.9278123,2,0,Following Too Closely,4446656,35.2,23.1,0.0,0.0,0.0,0.0,3,21.0,47.5,220,Overcast,2,2,
60401,2021-07-08 18:25:00,40.6805492,-73.9744291,0,0,Passing Too Closely,4447508,28.3,21.3,15.2,15.2,0.0,12.0,63,16.9,48.2,125,Rain: Moderate,0,0,
60402,2021-08-16 23:27:00,40.8474873,-73.9055219,0,0,Driver Inattention/Distraction,4447744,26.6,19.9,0.0,0.0,0.0,0.0,3,17.7,33.8,121,Overcast,0,0,
60403,2021-07-25 14:43:00,40.7128574,-73.9048939,1,0,Passing or Lane Usage Improper,4447963,28.0,20.3,7.3,7.3,0.0,10.0,63,20.9,43.2,198,Rain: Moderate,1,1,
60404,2021-08-22 00:26:00,40.6814069,-73.8235501,1,0,Driver Inexperience,4449270,23.9,22.5,56.2,56.2,0.0,21.0,63,19.8,36.0,299,Rain: Moderate,1,1,
60405,2021-08-25 14:23:00,40.8454299,-73.9139752,1,0,Driver Inattention/Distraction,4450628,31.2,20.1,0.0,0.0,0.0,0.0,3,10.2,18.7,277,Overcast,1,1,
60406,2022-01-18 15:45:00,40.716522,-73.93732,0,0,Unsafe Lane Changing,4496164,1.7,-4.9,0.0,0.0,0.0,0.0,3,30.9,58.3,294,Overcast,0,0,
60407,2022-01-21 15:48:00,40.67645,-73.97411,0,0,Backing Unsafely,4496591,-5.3,-11.6,0.0,0.0,0.0,0.0,3,21.9,40.0,2,Overcast,0,0,
60408,2021-08-29 06:35:00,40.8077723,-73.9454833,0,0,Backing Unsafely,4451962,24.5,19.7,2.5,2.5,0.0,9.0,53,13.6,25.6,98,Drizzle: Moderate,0,0,
60409,2021-07-21 15:15:00,40.7065744,-73.9228648,0,0,Driver Inattention/Distraction,4452478,27.6,20.9,1.4,1.4,0.0,4.0,53,16.0,31.3,315,Drizzle: Moderate,0,0,
60410,2021-09-01 18:00:00,40.669823,-73.949745,0,0,Pavement Slippery,4452870,23.2,18.4,121.7,121.7,0.0,18.0,65,43.2,78.5,42,Rain: Heavy,0,0,
60411,2022-01-20 19:45:00,40.833206,-73.82797,0,0,Driver Inattention/Distraction,4496313,5.2,-5.5,7.3,4.6,1.89,10.0,73,22.3,40.0,315,Snow fall: Moderate,0,0,Snowy Conditions
60412,2021-09-02 20:00:00,40.7199263,-73.7838344,3,0,Unsafe Speed,4453431,24.5,15.0,24.6,24.6,0.0,5.0,65,43.0,83.5,344,Rain: Heavy,3,3,
60413,2021-09-03 13:45:00,40.6661438,-73.8232509,0,0,Unsafe Lane Changing,4453578,21.9,14.0,0.0,0.0,0.0,0.0,3,14.5,30.2,321,Overcast,0,0,
60414,2021-09-04 21:47:00,40.8139383,-73.9484189,0,0,Lost Consciousness,4454168,25.2,14.5,0.0,0.0,0.0,0.0,3,15.4,27.0,289,Overcast,0,0,
60415,2022-01-20 03:55:00,40.72822,-73.886116,0,0,Reaction to Uninvolved Vehicle,4496179,5.2,-5.5,7.3,4.6,1.89,10.0,73,22.3,40.0,315,Snow fall: Moderate,0,0,Snowy Conditions
60416,2021-09-10 15:50:00,40.5852419,-73.9892259,1,0,Glare,4456006,22.9,16.0,0.0,0.0,0.0,0.0,3,24.2,47.2,314,Overcast,1,1,
60417,2021-01-21 09:29:00,40.740772,-73.99435,1,0,Driver Inattention/Distraction,4496296,5.3,-4.7,0.0,0.0,0.0,0.0,3,20.0,40.3,213,Overcast,1,1,
60418,2022-09-10 02:55:00,40.697556,-73.91181,1,0,Passing or Lane Usage Improper,4567670,27.4,15.3,0.0,0.0,0.0,0.0,3,12.6,24.8,209,Overcast,1,1,
60419,2022-01-19 14:16:00,40.57928,-74.16349,1,0,Unspecified,4495800,7.6,-4.9,0.0,0.0,0.0,0.0,3,23.5,43.2,208,Overcast,1,1,
60420,2021-09-10 16:45:00,40.8841485,-73.8588522,0,0,Following Too Closely,4456485,22.9,16.0,0.0,0.0,0.0,0.0,3,24.2,47.2,314,Overcast,0,0,
60421,2022-01-20 09:00:00,40.694035,-73.72679,0,0,Unspecified,4496010,5.2,-5.5,7.3,4.6,1.89,10.0,73,22.3,40.0,315,Snow fall: Moderate,0,0,Snowy Conditions
60422,2022-01-20 22:59:00,40.86536,-73.87043,0,0,Driver Inattention/Distraction,4496125,5.2,-5.5,7.3,4.6,1.89,10.0,73,22.3,40.0,315,Snow fall: Moderate,0,0,Snowy Conditions
60423,2021-09-15 16:00:00,40.6286429,-74.0059263,0,0,Unspecified,4457607,29.6,20.7,0.3,0.3,0.0,3.0,51,21.6,40.7,192,Drizzle: Light,0,0,
60424,2021-09-15 19:50:00,40.7677758,-73.8649828,1,0,Unsafe Speed,4457932,29.6,20.7,0.3,0.3,0.0,3.0,51,21.6,40.7,192,Drizzle: Light,1,1,
60425,2021-09-18 16:00:00,40.6658496,-73.7555007,1,0,Unspecified,4458423,27.1,19.2,0.2,0.2,0.0,2.0,51,14.6,25.9,349,Drizzle: Light,1,1,
60426,2022-01-19 17:51:00,40.85594,-73.86764,0,0,Backing Unsafely,4495979,7.6,-4.9,0.0,0.0,0.0,0.0,3,23.5,43.2,208,Overcast,0,0,
60427,2021-09-18 07:15:00,40.5734359,-74.1064621,2,0,Passenger Distraction,4458557,27.1,19.2,0.2,0.2,0.0,2.0,51,14.6,25.9,349,Drizzle: Light,2,2,
60428,2021-09-15 00:00:00,40.6753803,-73.9081956,1,0,Pedestrian/Bicyclist/Other Pedestrian Error/Confusion,4458683,29.6,20.7,0.3,0.3,0.0,3.0,51,21.6,40.7,192,Drizzle: Light,1,1,
60429,2021-09-17 15:42:00,40.6510887,-73.9391882,1,0,Unspecified,4458747,23.6,20.1,1.0,1.0,0.0,7.0,51,20.3,38.9,59,Drizzle: Light,1,1,
60430,2022-01-19 01:20:00,40.819157,-73.96038,0,0,Unsafe Speed,4495787,7.6,-4.9,0.0,0.0,0.0,0.0,3,23.5,43.2,208,Overcast,0,0,
60431,2022-01-19 14:43:00,40.666233,-73.761,3,0,Following Too Closely,4495828,7.6,-4.9,0.0,0.0,0.0,0.0,3,23.5,43.2,208,Overcast,3,3,
60432,2022-01-13 18:00:00,40.61791,-73.91905,0,0,Unspecified,4496269,7.1,-3.7,0.0,0.0,0.0,0.0,3,9.7,18.7,193,Overcast,0,0,
60433,2021-09-21 14:30:00,40.875133,-73.8333395,6,0,Other Vehicular,4459742,23.1,16.4,0.0,0.0,0.0,0.0,3,14.2,29.5,108,Overcast,6,6,
60434,2021-09-04 14:08:00,40.81943,-73.88972,0,1,Lost Consciousness,4453643,25.2,14.5,0.0,0.0,0.0,0.0,3,15.4,27.0,289,Overcast,20,1,
60435,2021-09-03 18:44:00,40.8723169,-73.8495814,0,0,Driver Inattention/Distraction,4460098,21.9,14.0,0.0,0.0,0.0,0.0,3,14.5,30.2,321,Overcast,0,0,
60436,2021-09-23 07:10:00,40.5855001,-73.9557635,1,0,Following Too Closely,4460163,26.2,18.0,15.6,15.6,0.0,14.0,63,40.7,77.4,156,Rain: Moderate,1,1,
60437,2021-09-23 07:31:00,40.6768131,-73.9192363,0,0,Unspecified,4460197,26.2,18.0,15.6,15.6,0.0,14.0,63,40.7,77.4,156,Rain: Moderate,0,0,
60438,2022-01-20 02:50:00,40.89024,-73.860306,0,0,Driver Inattention/Distraction,4496037,5.2,-5.5,7.3,4.6,1.89,10.0,73,22.3,40.0,315,Snow fall: Moderate,0,0,Snowy Conditions
60439,2021-09-22 18:30:00,40.7631012,-73.9877621,1,0,Pedestrian/Bicyclist/Other Pedestrian Error/Confusion,4460465,25.3,19.9,5.1,5.1,0.0,15.0,61,29.3,55.1,154,Rain: Light,1,1,
60440,2021-09-24 15:34:00,40.7586802,-73.7755711,0,0,Driver Inattention/Distraction,4460557,22.4,15.6,26.0,26.0,0.0,9.0,63,14.2,29.9,274,Rain: Moderate,0,0,
60441,2021-09-24 15:30:00,40.6159968,-74.0154882,1,0,Driver Inexperience,4460605,22.4,15.6,26.0,26.0,0.0,9.0,63,14.2,29.9,274,Rain: Moderate,1,1,
60442,2021-09-24 16:00:00,40.8339652,-73.862892,0,0,Driver Inattention/Distraction,4460762,22.4,15.6,26.0,26.0,0.0,9.0,63,14.2,29.9,274,Rain: Moderate,0,0,
60443,2021-09-24 23:12:00,40.6345336,-74.0866969,3,0,Unspecified,4460827,22.4,15.6,26.0,26.0,0.0,9.0,63,14.2,29.9,274,Rain: Moderate,3,3,
60444,2022-01-19 16:45:00,40.694748,-73.78991,0,0,Driver Inattention/Distraction,4496029,7.6,-4.9,0.0,0.0,0.0,0.0,3,23.5,43.2,208,Overcast,0,0,
60445,2021-09-26 11:15:00,40.6355203,-74.0166962,1,0,Traffic Control Disregarded,4461027,21.4,15.6,0.0,0.0,0.0,0.0,3,23.5,45.0,294,Overcast,1,1,
60446,2021-09-25 06:37:00,40.666189,-73.9166575,2,1,Alcohol Involvement,4461288,22.8,14.0,0.0,0.0,0.0,0.0,3,7.9,15.8,322,Overcast,22,3,
60447,2021-09-24 21:50:00,40.7790506,-73.9434935,0,0,Reaction to Uninvolved Vehicle,4461371,22.4,15.6,26.0,26.0,0.0,9.0,63,14.2,29.9,274,Rain: Moderate,0,0,
60448,2022-01-19 06:30:00,40.666416,-73.738495,0,0,Following Too Closely,4495742,7.6,-4.9,0.0,0.0,0.0,0.0,3,23.5,43.2,208,Overcast,0,0,
60449,2021-09-27 09:30:00,40.7364966,-73.9845859,1,0,Driver Inexperience,4461812,25.9,14.6,0.0,0.0,0.0,0.0,3,24.1,45.0,233,Overcast,1,1,
60450,2021-09-27 21:00:00,40.6611498,-73.9228401,0,0,Unspecified,4461988,25.9,14.6,0.0,0.0,0.0,0.0,3,24.1,45.0,233,Overcast,0,0,
60451,2021-09-29 08:45:00,40.7188191,-73.8326472,0,0,Driver Inattention/Distraction,4462184,19.9,11.3,0.0,0.0,0.0,0.0,3,20.6,41.8,331,Overcast,0,0,
60452,2021-09-29 09:26:00,40.7160431,-73.8041526,3,0,Driver Inattention/Distraction,4462225,19.9,11.3,0.0,0.0,0.0,0.0,3,20.6,41.8,331,Overcast,3,3,
60453,2021-09-21 07:00:00,40.6536316,-73.9189461,0,0,Driver Inattention/Distraction,4462245,23.1,16.4,0.0,0.0,0.0,0.0,3,14.2,29.5,108,Overcast,0,0,
60454,2021-09-29 14:13:00,40.5627,-74.1117052,1,0,View Obstructed/Limited,4462303,19.9,11.3,0.0,0.0,0.0,0.0,3,20.6,41.8,331,Overcast,1,1,
60455,2021-09-26 10:04:00,40.8157206,-73.9250541,1,0,Traffic Control Disregarded,4462323,21.4,15.6,0.0,0.0,0.0,0.0,3,23.5,45.0,294,Overcast,1,1,
60456,2021-09-29 22:25:00,40.7221049,-73.7777123,0,0,Driver Inattention/Distraction,4462416,19.9,11.3,0.0,0.0,0.0,0.0,3,20.6,41.8,331,Overcast,0,0,
60457,2022-01-07 14:30:00,40.87965,-73.84236,0,0,Driver Inattention/Distraction,4496286,-0.0,-5.7,9.0,0.0,6.3,11.0,75,26.8,48.6,313,Snow fall: Heavy,0,0,Snowy Conditions
60458,2022-01-20 18:45:00,40.590633,-73.94976,1,0,Failure to Yield Right-of-Way,4496137,5.2,-5.5,7.3,4.6,1.89,10.0,73,22.3,40.0,315,Snow fall: Moderate,1,1,Snowy Conditions
60459,2022-01-11 16:20:00,40.75322,-73.86868,0,0,Driver Inattention/Distraction,4496237,-4.2,-8.8,0.0,0.0,0.0,0.0,1,26.7,50.8,316,Mainly clear,0,0,Sunny/Clear Conditions
60460,2021-09-30 03:15:00,40.8303057,-73.8717924,0,0,Driver Inattention/Distraction,4462860,18.8,13.1,0.0,0.0,0.0,0.0,3,18.1,37.4,330,Overcast,0,0,
60461,2021-10-01 12:45:00,40.7016614,-73.9614533,0,0,Driver Inattention/Distraction,4462910,19.4,9.5,0.0,0.0,0.0,0.0,0,13.8,28.1,302,Clear sky,0,0,Sunny/Clear Conditions
60462,2021-10-02 09:15:00,40.610902,-74.1419738,0,0,View Obstructed/Limited,4463104,23.7,10.8,0.0,0.0,0.0,0.0,3,17.0,34.2,254,Overcast,0,0,
60463,2021-10-01 15:00:00,40.7395015,-73.8368894,1,0,Passing or Lane Usage Improper,4463113,19.4,9.5,0.0,0.0,0.0,0.0,0,13.8,28.1,302,Clear sky,1,1,Sunny/Clear Conditions
60464,2021-10-01 20:00:00,40.5862603,-73.9489224,1,0,Unspecified,4463147,19.4,9.5,0.0,0.0,0.0,0.0,0,13.8,28.1,302,Clear sky,1,1,Sunny/Clear Conditions
60465,2021-09-30 07:30:00,40.6249126,-74.1467004,1,0,Unspecified,4463181,18.8,13.1,0.0,0.0,0.0,0.0,3,18.1,37.4,330,Overcast,1,1,
60466,2021-10-02 10:00:00,40.8220118,-73.858263,0,0,Driver Inattention/Distraction,4463237,23.7,10.8,0.0,0.0,0.0,0.0,3,17.0,34.2,254,Overcast,0,0,
60467,2021-10-02 13:35:00,40.678255,-74.002722,0,1,Unsafe Speed,4463263,23.7,10.8,0.0,0.0,0.0,0.0,3,17.0,34.2,254,Overcast,20,1,
60468,2021-10-02 10:00:00,40.7190642,-73.8331949,0,0,Brakes Defective,4463276,23.7,10.8,0.0,0.0,0.0,0.0,3,17.0,34.2,254,Overcast,0,0,
60469,2022-01-17 00:30:00,40.639023,-73.941536,0,0,Unspecified,4496558,9.7,0.4,33.6,32.8,0.56,12.0,73,54.1,99.7,183,Snow fall: Moderate,0,0,Snowy Conditions
60470,2021-09-28 10:51:00,40.6433896,-73.9778546,0,0,Unspecified,4463368,22.1,16.3,12.4,12.4,0.0,9.0,63,19.2,38.5,264,Rain: Moderate,0,0,
60471,2021-10-02 09:12:00,40.5871218,-73.962045,2,0,Backing Unsafely,4463444,23.7,10.8,0.0,0.0,0.0,0.0,3,17.0,34.2,254,Overcast,2,2,
60472,2022-01-21 04:30:00,40.75739,-73.94044,0,0,Driver Inattention/Distraction,4496506,-5.3,-11.6,0.0,0.0,0.0,0.0,3,21.9,40.0,2,Overcast,0,0,
60473,2022-01-19 15:35:00,40.610477,-74.09396,0,0,Brakes Defective,4496062,7.6,-4.9,0.0,0.0,0.0,0.0,3,23.5,43.2,208,Overcast,0,0,
60474,2021-10-04 19:28:00,40.5915855,-73.9737863,1,0,Driver Inattention/Distraction,4464200,20.6,16.4,21.8,21.8,0.0,17.0,63,20.8,42.8,61,Rain: Moderate,1,1,
60475,2021-10-04 07:40:00,40.8184304,-73.9210458,0,0,Unsafe Speed,4464223,20.6,16.4,21.8,21.8,0.0,17.0,63,20.8,42.8,61,Rain: Moderate,0,0,
60476,2021-10-01 22:47:00,40.6890032,-73.8293347,0,0,Unsafe Speed,4464257,19.4,9.5,0.0,0.0,0.0,0.0,0,13.8,28.1,302,Clear sky,0,0,Sunny/Clear Conditions
60477,2021-09-30 15:00:00,40.7216183,-73.8545695,0,0,Other Vehicular,4464297,18.8,13.1,0.0,0.0,0.0,0.0,3,18.1,37.4,330,Overcast,0,0,
60478,2021-10-04 17:10:00,40.69041,-73.7555643,2,0,Unsafe Speed,4464299,20.6,16.4,21.8,21.8,0.0,17.0,63,20.8,42.8,61,Rain: Moderate,2,2,
60479,2021-10-04 22:33:00,40.8516684,-73.9213895,0,0,Unsafe Lane Changing,4464304,20.6,16.4,21.8,21.8,0.0,17.0,63,20.8,42.8,61,Rain: Moderate,0,0,
60480,2021-10-04 13:10:00,40.6099823,-73.921878,9,0,Unsafe Speed,4464357,20.6,16.4,21.8,21.8,0.0,17.0,63,20.8,42.8,61,Rain: Moderate,9,9,
60481,2022-01-13 08:15:00,40.70882,-73.751854,2,0,Unsafe Lane Changing,4496190,7.1,-3.7,0.0,0.0,0.0,0.0,3,9.7,18.7,193,Overcast,2,2,
60482,2021-10-05 14:57:00,40.8782149,-73.8411402,1,0,Driver Inattention/Distraction,4464411,19.9,15.0,0.0,0.0,0.0,0.0,3,14.5,28.1,46,Overcast,1,1,
60483,2021-10-04 18:45:00,40.7664463,-73.8290893,0,0,Passing Too Closely,4464444,20.6,16.4,21.8,21.8,0.0,17.0,63,20.8,42.8,61,Rain: Moderate,0,0,
60484,2021-10-05 15:00:00,40.7168035,-73.7872268,1,0,Unspecified,4464457,19.9,15.0,0.0,0.0,0.0,0.0,3,14.5,28.1,46,Overcast,1,1,
60485,2021-10-05 15:15:00,40.6893066,-73.9852405,0,0,Unsafe Lane Changing,4464470,19.9,15.0,0.0,0.0,0.0,0.0,3,14.5,28.1,46,Overcast,0,0,
60486,2021-10-05 19:50:00,40.6641936,-73.8411164,1,0,Following Too Closely,4464534,19.9,15.0,0.0,0.0,0.0,0.0,3,14.5,28.1,46,Overcast,1,1,
60487,2021-10-05 11:00:00,40.6114054,-74.009512,0,0,Pedestrian/Bicyclist/Other Pedestrian Error/Confusion,4464644,19.9,15.0,0.0,0.0,0.0,0.0,3,14.5,28.1,46,Overcast,0,0,
60488,2022-01-19 11:00:00,40.734673,-73.960045,0,0,Other Vehicular,4495920,7.6,-4.9,0.0,0.0,0.0,0.0,3,23.5,43.2,208,Overcast,0,0,
60489,2021-10-04 06:00:00,40.7014946,-73.9054655,0,0,Traffic Control Disregarded,4464672,20.6,16.4,21.8,21.8,0.0,17.0,63,20.8,42.8,61,Rain: Moderate,0,0,
60490,2021-10-06 08:29:00,40.8325458,-73.8579674,1,0,Unspecified,4464709,20.3,16.0,0.1,0.1,0.0,1.0,51,6.5,14.0,28,Drizzle: Light,1,1,
60491,2021-10-06 10:15:00,40.6730798,-73.9112306,0,0,Unspecified,4464714,20.3,16.0,0.1,0.1,0.0,1.0,51,6.5,14.0,28,Drizzle: Light,0,0,
60492,2021-10-06 13:53:00,40.7518401,-73.9035714,1,0,Traffic Control Disregarded,4464798,20.3,16.0,0.1,0.1,0.0,1.0,51,6.5,14.0,28,Drizzle: Light,1,1,
60493,2021-10-07 01:50:00,40.7612344,-73.9638843,1,0,Unspecified,4464849,22.4,15.7,0.4,0.4,0.0,4.0,51,10.5,20.5,231,Drizzle: Light,1,1,
60494,2021-10-06 20:39:00,40.7132101,-73.9772222,2,0,Other Vehicular,4464856,20.3,16.0,0.1,0.1,0.0,1.0,51,6.5,14.0,28,Drizzle: Light,2,2,
60495,2022-01-20 17:46:00,40.73251,-73.857056,0,0,Traffic Control Disregarded,4496094,5.2,-5.5,7.3,4.6,1.89,10.0,73,22.3,40.0,315,Snow fall: Moderate,0,0,Snowy Conditions
60496,2021-09-18 03:05:00,40.8642444,-73.9174485,1,0,Unsafe Lane Changing,4464939,27.1,19.2,0.2,0.2,0.0,2.0,51,14.6,25.9,349,Drizzle: Light,1,1,
60497,2022-01-19 17:06:00,40.765575,-73.91475,1,0,Backing Unsafely,4496099,7.6,-4.9,0.0,0.0,0.0,0.0,3,23.5,43.2,208,Overcast,1,1,
60498,2021-10-07 07:00:00,40.6675755,-73.729503,1,0,Driver Inexperience,4464981,22.4,15.7,0.4,0.4,0.0,4.0,51,10.5,20.5,231,Drizzle: Light,1,1,
60499,2021-10-07 08:30:00,40.7084944,-73.9388628,0,0,Driver Inattention/Distraction,4464996,22.4,15.7,0.4,0.4,0.0,4.0,51,10.5,20.5,231,Drizzle: Light,0,0,
60500,2021-10-02 10:50:00,40.8636899,-73.9170643,0,0,Unspecified,4465002,23.7,10.8,0.0,0.0,0.0,0.0,3,17.0,34.2,254,Overcast,0,0,
60501,2021-10-05 15:51:00,40.7357435,-73.9925888,1,0,Passing or Lane Usage Improper,4465006,19.9,15.0,0.0,0.0,0.0,0.0,3,14.5,28.1,46,Overcast,1,1,
60502,2021-10-07 14:30:00,40.6397952,-73.9291071,1,0,Unspecified,4465086,22.4,15.7,0.4,0.4,0.0,4.0,51,10.5,20.5,231,Drizzle: Light,1,1,
60503,2022-01-19 05:36:00,40.756657,-73.83482,0,0,Alcohol Involvement,4495662,7.6,-4.9,0.0,0.0,0.0,0.0,3,23.5,43.2,208,Overcast,0,0,
60504,2021-10-06 21:41:00,40.6625349,-73.9479124,0,0,Unspecified,4465118,20.3,16.0,0.1,0.1,0.0,1.0,51,6.5,14.0,28,Drizzle: Light,0,0,
60505,2021-10-07 22:21:00,40.6383153,-73.9140952,0,0,Fell Asleep,4465126,22.4,15.7,0.4,0.4,0.0,4.0,51,10.5,20.5,231,Drizzle: Light,0,0,
60506,2021-10-08 06:40:00,40.6652495,-73.9481518,0,0,Passing or Lane Usage Improper,4465165,23.7,14.5,0.0,0.0,0.0,0.0,3,13.0,22.3,94,Overcast,0,0,
60507,2021-10-07 17:15:00,40.6984155,-73.9337943,0,0,Driver Inattention/Distraction,4465185,22.4,15.7,0.4,0.4,0.0,4.0,51,10.5,20.5,231,Drizzle: Light,0,0,
60508,2022-01-20 09:30:00,40.85809,-73.901924,0,0,Passing Too Closely,4496158,5.2,-5.5,7.3,4.6,1.89,10.0,73,22.3,40.0,315,Snow fall: Moderate,0,0,Snowy Conditions
60509,2021-10-02 11:41:00,40.6862815,-73.7769974,1,0,Brakes Defective,4465326,23.7,10.8,0.0,0.0,0.0,0.0,3,17.0,34.2,254,Overcast,1,1,
60510,2021-10-08 14:22:00,40.7763113,-73.9642299,1,0,Pedestrian/Bicyclist/Other Pedestrian Error/Confusion,4465335,23.7,14.5,0.0,0.0,0.0,0.0,3,13.0,22.3,94,Overcast,1,1,
60511,2021-10-07 00:08:00,40.8020705,-73.9735112,0,1,Pedestrian/Bicyclist/Other Pedestrian Error/Confusion,4465371,22.4,15.7,0.4,0.4,0.0,4.0,51,10.5,20.5,231,Drizzle: Light,20,1,
60512,2021-10-08 17:18:00,40.7440274,-73.7176262,1,0,Unspecified,4465398,23.7,14.5,0.0,0.0,0.0,0.0,3,13.0,22.3,94,Overcast,1,1,
60513,2022-01-19 23:48:00,40.763115,-73.99966,1,0,Failure to Yield Right-of-Way,4495952,7.6,-4.9,0.0,0.0,0.0,0.0,3,23.5,43.2,208,Overcast,1,1,
60514,2022-01-20 04:24:00,40.81983,-73.841934,0,0,Driver Inattention/Distraction,4495965,5.2,-5.5,7.3,4.6,1.89,10.0,73,22.3,40.0,315,Snow fall: Moderate,0,0,Snowy Conditions