,CRASH DATETIME,LATITUDE,LONGITUDE,NUMBER OF PERSONS INJURED,NUMBER OF PERSONS KILLED,CONTRIBUTING FACTOR VEHICLE 1,COLLISION_ID,temperature_2m_max,temperature_2m_min,precipitation_sum,rain_sum,snowfall_sum,precipitation_hours,weather_code,wind_speed_10m_max,wind_gusts_10m_max,wind_direction_10m_dominant,Weather Description,Severity_Score,Total_Affected_Persons,Weather_Category
60515,2022-01-20 16:00:00,40.837875,-73.91971,0,0,Failure to Yield Right-of-Way,4496205,5.2,-5.5,7.3,4.6,1.89,10.0,73,22.3,40.0,315,Snow fall: Moderate,0,0,Snowy Conditions
60516,2021-10-09 16:27:00,40.8357057,-73.8887453,0,0,Driver Inattention/Distraction,4465522,20.2,15.2,1.2,1.2,0.0,5.0,51,22.8,42.8,71,Drizzle: Light,0,0,
60517,2021-10-08 12:30:00,40.6101508,-74.1469669,1,0,Unspecified,4465552,23.7,14.5,0.0,0.0,0.0,0.0,3,13.0,22.3,94,Overcast,1,1,
60518,2021-10-09 06:30:00,40.6637842,-73.9035407,0,0,Unspecified,4465581,20.2,15.2,1.2,1.2,0.0,5.0,51,22.8,42.8,71,Drizzle: Light,0,0,
60519,2021-10-07 20:41:00,40.6114287,-74.1168345,0,0,Unspecified,4465687,22.4,15.7,0.4,0.4,0.0,4.0,51,10.5,20.5,231,Drizzle: Light,0,0,
60520,2021-10-11 20:30:00,40.80396,-73.94828,0,0,Driver Inattention/Distraction,4466248,21.7,16.3,0.0,0.0,0.0,0.0,3,25.7,49.7,41,Overcast,0,0,
60521,2022-01-21 23:00:00,40.74147,-73.82281,4,0,Unsafe Speed,4496393,-5.3,-11.6,0.0,0.0,0.0,0.0,3,21.9,40.0,2,Overcast,4,4,
60522,2021-07-14 19:45:00,40.885636,-73.8584015,0,0,Unspecified,4465810,30.6,21.5,0.8,0.8,0.0,3.0,53,14.5,36.0,191,Drizzle: Moderate,0,0,
60523,2021-10-08 07:25:00,40.6870097,-73.9196066,0,0,Tire Failure/Inadequate,4465821,23.7,14.5,0.0,0.0,0.0,0.0,3,13.0,22.3,94,Overcast,0,0,
60524,2021-10-10 08:32:00,40.640808,-73.9118656,0,0,Driver Inexperience,4465854,18.5,16.0,2.4,2.4,0.0,8.0,53,27.2,52.6,52,Drizzle: Moderate,0,0,
60525,2021-10-10 19:26:00,40.8764759,-73.9044863,0,0,Driver Inattention/Distraction,4465883,18.5,16.0,2.4,2.4,0.0,8.0,53,27.2,52.6,52,Drizzle: Moderate,0,0,
60526,2021-10-10 09:30:00,40.7492931,-73.7566381,1,0,Unsafe Lane Changing,4465909,18.5,16.0,2.4,2.4,0.0,8.0,53,27.2,52.6,52,Drizzle: Moderate,1,1,
60527,2022-01-20 12:40:00,40.593502,-73.94328,0,0,Failure to Yield Right-of-Way,4496132,5.2,-5.5,7.3,4.6,1.89,10.0,73,22.3,40.0,315,Snow fall: Moderate,0,0,Snowy Conditions
60528,2021-10-08 14:30:00,40.6733217,-73.8463905,0,0,Driver Inexperience,4466011,23.7,14.5,0.0,0.0,0.0,0.0,3,13.0,22.3,94,Overcast,0,0,
60529,2021-10-10 07:43:00,40.685723,-73.8573737,1,0,Alcohol Involvement,4466045,18.5,16.0,2.4,2.4,0.0,8.0,53,27.2,52.6,52,Drizzle: Moderate,1,1,
60530,2021-10-10 23:23:00,40.665116,-73.9293072,0,0,Driver Inattention/Distraction,4466079,18.5,16.0,2.4,2.4,0.0,8.0,53,27.2,52.6,52,Drizzle: Moderate,0,0,
60531,2021-10-09 23:47:00,40.8803256,-73.8277623,2,0,Unspecified,4466099,20.2,15.2,1.2,1.2,0.0,5.0,51,22.8,42.8,71,Drizzle: Light,2,2,
60532,2021-10-11 14:05:00,40.6296168,-73.9424729,1,0,Failure to Yield Right-of-Way,4466210,21.7,16.3,0.0,0.0,0.0,0.0,3,25.7,49.7,41,Overcast,1,1,
60533,2021-10-11 16:20:00,40.5952986,-74.0628627,0,0,Driver Inattention/Distraction,4466214,21.7,16.3,0.0,0.0,0.0,0.0,3,25.7,49.7,41,Overcast,0,0,
60534,2021-10-11 14:00:00,40.6326333,-74.0125342,1,0,Unspecified,4466236,21.7,16.3,0.0,0.0,0.0,0.0,3,25.7,49.7,41,Overcast,1,1,
60535,2021-10-11 18:11:00,40.6324945,-74.0215798,1,0,Driver Inattention/Distraction,4466237,21.7,16.3,0.0,0.0,0.0,0.0,3,25.7,49.7,41,Overcast,1,1,
60536,2022-01-21 08:37:00,40.858826,-73.86858,1,0,Driver Inattention/Distraction,4496222,-5.3,-11.6,0.0,0.0,0.0,0.0,3,21.9,40.0,2,Overcast,1,1,
60537,2021-10-11 15:06:00,40.6103374,-74.1311058,1,0,Unspecified,4466254,21.7,16.3,0.0,0.0,0.0,0.0,3,25.7,49.7,41,Overcast,1,1,
60538,2021-10-11 20:06:00,40.6668538,-73.7367116,3,0,Driver Inattention/Distraction,4466255,21.7,16.3,0.0,0.0,0.0,0.0,3,25.7,49.7,41,Overcast,3,3,
60539,2021-10-10 00:01:00,40.6761178,-73.7404569,0,0,Unspecified,4466256,18.5,16.0,2.4,2.4,0.0,8.0,53,27.2,52.6,52,Drizzle: Moderate,0,0,
60540,2022-01-19 07:50:00,40.606346,-73.95273,0,0,Unspecified,4495878,7.6,-4.9,0.0,0.0,0.0,0.0,3,23.5,43.2,208,Overcast,0,0,
60541,2022-09-24 17:00:00,40.6082,-73.920715,0,0,Turning Improperly,4567011,20.6,9.5,0.0,0.0,0.0,0.0,3,18.8,37.4,295,Overcast,0,0,
60542,2021-10-11 23:30:00,40.7008471,-73.9949415,0,0,View Obstructed/Limited,4466257,21.7,16.3,0.0,0.0,0.0,0.0,3,25.7,49.7,41,Overcast,0,0,
60543,2021-10-11 11:20:00,40.7700155,-73.7356516,0,0,Unspecified,4466259,21.7,16.3,0.0,0.0,0.0,0.0,3,25.7,49.7,41,Overcast,0,0,
60544,2021-10-10 18:51:00,40.7648351,-73.7260024,0,0,Driver Inattention/Distraction,4466260,18.5,16.0,2.4,2.4,0.0,8.0,53,27.2,52.6,52,Drizzle: Moderate,0,0,
60545,2021-10-09 00:55:00,40.7583082,-73.9629257,1,0,Driver Inattention/Distraction,4466261,20.2,15.2,1.2,1.2,0.0,5.0,51,22.8,42.8,71,Drizzle: Light,1,1,
60546,2021-10-11 21:49:00,40.8214864,-73.9485395,0,0,Failure to Yield Right-of-Way,4466262,21.7,16.3,0.0,0.0,0.0,0.0,3,25.7,49.7,41,Overcast,0,0,
60547,2021-10-11 18:22:00,40.68424,-73.8460949,0,0,Following Too Closely,4466263,21.7,16.3,0.0,0.0,0.0,0.0,3,25.7,49.7,41,Overcast,0,0,
60548,2021-10-04 21:10:00,40.7015324,-73.8234023,1,0,Failure to Yield Right-of-Way,4466266,20.6,16.4,21.8,21.8,0.0,17.0,63,20.8,42.8,61,Rain: Moderate,1,1,
60549,2021-10-11 20:15:00,40.6944406,-73.8151197,5,0,Unsafe Speed,4466267,21.7,16.3,0.0,0.0,0.0,0.0,3,25.7,49.7,41,Overcast,5,5,
60550,2021-10-11 14:15:00,40.6661202,-73.8222416,1,0,Driver Inattention/Distraction,4466268,21.7,16.3,0.0,0.0,0.0,0.0,3,25.7,49.7,41,Overcast,1,1,
60551,2021-10-11 13:00:00,40.682243,-73.8222131,0,0,Driver Inattention/Distraction,4466269,21.7,16.3,0.0,0.0,0.0,0.0,3,25.7,49.7,41,Overcast,0,0,
60552,2021-10-11 18:45:00,40.6912102,-73.8135384,0,0,Driver Inattention/Distraction,4466270,21.7,16.3,0.0,0.0,0.0,0.0,3,25.7,49.7,41,Overcast,0,0,
60553,2021-10-11 21:13:00,40.6666992,-73.8117267,1,0,Unsafe Lane Changing,4466272,21.7,16.3,0.0,0.0,0.0,0.0,3,25.7,49.7,41,Overcast,1,1,
60554,2021-10-12 00:41:00,40.6904357,-73.8114198,0,0,Backing Unsafely,4466273,21.6,15.2,0.0,0.0,0.0,0.0,3,11.8,23.8,81,Overcast,0,0,
60555,2021-10-10 23:14:00,40.6757957,-73.8170533,0,0,Unsafe Speed,4466274,18.5,16.0,2.4,2.4,0.0,8.0,53,27.2,52.6,52,Drizzle: Moderate,0,0,
60556,2021-10-11 11:00:00,40.6687266,-73.8214416,0,0,Driver Inattention/Distraction,4466275,21.7,16.3,0.0,0.0,0.0,0.0,3,25.7,49.7,41,Overcast,0,0,
60557,2021-10-11 18:06:00,40.6769174,-73.8527274,0,0,Passing or Lane Usage Improper,4466276,21.7,16.3,0.0,0.0,0.0,0.0,3,25.7,49.7,41,Overcast,0,0,
60558,2022-01-19 09:00:00,40.817116,-73.88307,0,0,Unspecified,4496044,7.6,-4.9,0.0,0.0,0.0,0.0,3,23.5,43.2,208,Overcast,0,0,
60559,2021-10-11 08:04:00,40.6896595,-74.0004688,0,0,Following Too Closely,4466281,21.7,16.3,0.0,0.0,0.0,0.0,3,25.7,49.7,41,Overcast,0,0,
60560,2022-01-21 15:00:00,40.625774,-74.016495,0,0,Unspecified,4496301,-5.3,-11.6,0.0,0.0,0.0,0.0,3,21.9,40.0,2,Overcast,0,0,
60561,2021-10-11 17:27:00,40.5909015,-73.9396197,0,0,Unspecified,4466284,21.7,16.3,0.0,0.0,0.0,0.0,3,25.7,49.7,41,Overcast,0,0,
60562,2021-10-05 16:20:00,40.6031897,-73.9584733,1,0,Failure to Yield Right-of-Way,4466285,19.9,15.0,0.0,0.0,0.0,0.0,3,14.5,28.1,46,Overcast,1,1,
60563,2021-10-09 04:33:00,40.5971853,-73.9724299,1,0,Unsafe Speed,4466287,20.2,15.2,1.2,1.2,0.0,5.0,51,22.8,42.8,71,Drizzle: Light,1,1,
60564,2021-10-07 07:10:00,40.8012713,-73.9362873,0,0,Following Too Closely,4466288,22.4,15.7,0.4,0.4,0.0,4.0,51,10.5,20.5,231,Drizzle: Light,0,0,
60565,2021-10-11 09:41:00,40.8034264,-73.933083,1,0,Failure to Yield Right-of-Way,4466289,21.7,16.3,0.0,0.0,0.0,0.0,3,25.7,49.7,41,Overcast,1,1,
60566,2021-10-11 06:30:00,40.814055,-73.9348317,0,0,Unspecified,4466290,21.7,16.3,0.0,0.0,0.0,0.0,3,25.7,49.7,41,Overcast,0,0,
60567,2021-10-11 07:00:00,40.7987955,-73.9346738,0,0,Unspecified,4466291,21.7,16.3,0.0,0.0,0.0,0.0,3,25.7,49.7,41,Overcast,0,0,
60568,2021-10-11 15:29:00,40.8009801,-73.9317744,0,0,Passing or Lane Usage Improper,4466292,21.7,16.3,0.0,0.0,0.0,0.0,3,25.7,49.7,41,Overcast,0,0,
60569,2021-10-12 00:40:00,40.7011785,-73.9429051,0,0,Following Too Closely,4466294,21.6,15.2,0.0,0.0,0.0,0.0,3,11.8,23.8,81,Overcast,0,0,
60570,2021-10-11 02:00:00,40.7180041,-73.944588,0,0,Driver Inexperience,4466295,21.7,16.3,0.0,0.0,0.0,0.0,3,25.7,49.7,41,Overcast,0,0,
60571,2021-10-11 23:40:00,40.815611,-73.934297,0,0,Driver Inattention/Distraction,4466296,21.7,16.3,0.0,0.0,0.0,0.0,3,25.7,49.7,41,Overcast,0,0,
60572,2021-10-11 17:00:00,40.726103,-73.9384262,0,0,Unspecified,4466297,21.7,16.3,0.0,0.0,0.0,0.0,3,25.7,49.7,41,Overcast,0,0,
60573,2021-10-11 21:25:00,40.7175238,-73.8842277,0,0,Driver Inexperience,4466301,21.7,16.3,0.0,0.0,0.0,0.0,3,25.7,49.7,41,Overcast,0,0,
60574,2021-10-11 20:45:00,40.7065479,-73.8750114,0,0,Passing Too Closely,4466302,21.7,16.3,0.0,0.0,0.0,0.0,3,25.7,49.7,41,Overcast,0,0,
60575,2021-10-11 06:53:00,40.6914356,-73.8906231,0,0,Unspecified,4466303,21.7,16.3,0.0,0.0,0.0,0.0,3,25.7,49.7,41,Overcast,0,0,
60576,2021-10-11 22:55:00,40.7253863,-73.8701823,0,0,Reaction to Uninvolved Vehicle,4466304,21.7,16.3,0.0,0.0,0.0,0.0,3,25.7,49.7,41,Overcast,0,0,
60577,2021-10-09 07:00:00,40.6808521,-73.9774553,0,0,Driver Inattention/Distraction,4466305,20.2,15.2,1.2,1.2,0.0,5.0,51,22.8,42.8,71,Drizzle: Light,0,0,
60578,2022-01-21 00:00:00,40.66612,-73.82225,0,0,Passing or Lane Usage Improper,4496348,-5.3,-11.6,0.0,0.0,0.0,0.0,3,21.9,40.0,2,Overcast,0,0,
60579,2021-10-07 18:40:00,40.7609926,-73.990759,1,0,Failure to Yield Right-of-Way,4466308,22.4,15.7,0.4,0.4,0.0,4.0,51,10.5,20.5,231,Drizzle: Light,1,1,
60580,2021-10-11 19:00:00,40.6046716,-74.0165156,0,0,Unspecified,4466309,21.7,16.3,0.0,0.0,0.0,0.0,3,25.7,49.7,41,Overcast,0,0,
60581,2021-10-07 19:00:00,40.5959345,-73.759619,0,0,Unspecified,4466310,22.4,15.7,0.4,0.4,0.0,4.0,51,10.5,20.5,231,Drizzle: Light,0,0,
60582,2021-10-08 11:30:00,40.7619084,-73.9696292,0,0,Other Vehicular,4466311,23.7,14.5,0.0,0.0,0.0,0.0,3,13.0,22.3,94,Overcast,0,0,
60583,2022-01-21 12:40:00,40.671406,-73.96133,1,0,Following Too Closely,4496673,-5.3,-11.6,0.0,0.0,0.0,0.0,3,21.9,40.0,2,Overcast,1,1,
60584,2021-10-11 00:00:00,40.7299172,-73.9509512,0,0,Passing Too Closely,4466313,21.7,16.3,0.0,0.0,0.0,0.0,3,25.7,49.7,41,Overcast,0,0,
60585,2021-10-12 06:30:00,40.7452378,-73.9376959,1,0,Driver Inattention/Distraction,4466314,21.6,15.2,0.0,0.0,0.0,0.0,3,11.8,23.8,81,Overcast,1,1,
60586,2021-10-08 16:10:00,40.7587238,-73.983745,1,0,Unsafe Speed,4466315,23.7,14.5,0.0,0.0,0.0,0.0,3,13.0,22.3,94,Overcast,1,1,
60587,2021-10-08 17:30:00,40.7703138,-73.9914004,0,0,Other Vehicular,4466316,23.7,14.5,0.0,0.0,0.0,0.0,3,13.0,22.3,94,Overcast,0,0,
60588,2021-10-10 03:20:00,40.7221796,-73.9498645,0,0,Unsafe Speed,4466317,18.5,16.0,2.4,2.4,0.0,8.0,53,27.2,52.6,52,Drizzle: Moderate,0,0,
60589,2021-10-07 23:12:00,40.7297901,-73.9482567,0,0,Driver Inattention/Distraction,4466318,22.4,15.7,0.4,0.4,0.0,4.0,51,10.5,20.5,231,Drizzle: Light,0,0,
60590,2021-10-08 11:35:00,40.7585739,-73.9850489,0,0,Driver Inattention/Distraction,4466319,23.7,14.5,0.0,0.0,0.0,0.0,3,13.0,22.3,94,Overcast,0,0,
60591,2021-10-09 02:53:00,40.6021218,-73.7579296,0,0,Unspecified,4466320,20.2,15.2,1.2,1.2,0.0,5.0,51,22.8,42.8,71,Drizzle: Light,0,0,
60592,2021-10-11 09:00:00,40.6325563,-73.9578833,0,0,Unspecified,4466321,21.7,16.3,0.0,0.0,0.0,0.0,3,25.7,49.7,41,Overcast,0,0,
60593,2021-10-11 12:45:00,40.6182488,-73.9590061,0,0,Unspecified,4466322,21.7,16.3,0.0,0.0,0.0,0.0,3,25.7,49.7,41,Overcast,0,0,
60594,2021-10-11 20:00:00,40.6441434,-73.9579191,0,0,Unspecified,4466324,21.7,16.3,0.0,0.0,0.0,0.0,3,25.7,49.7,41,Overcast,0,0,
60595,2021-10-12 01:49:00,40.8216698,-73.9151801,0,0,Unspecified,4466325,21.6,15.2,0.0,0.0,0.0,0.0,3,11.8,23.8,81,Overcast,0,0,
60596,2021-10-12 00:14:00,40.6317075,-73.946481,1,0,Driver Inattention/Distraction,4466326,21.6,15.2,0.0,0.0,0.0,0.0,3,11.8,23.8,81,Overcast,1,1,
60597,2022-01-20 05:30:00,40.696033,-73.984535,1,0,Pavement Slippery,4496264,5.2,-5.5,7.3,4.6,1.89,10.0,73,22.3,40.0,315,Snow fall: Moderate,1,1,Snowy Conditions
60598,2022-01-20 19:00:00,40.686905,-73.94463,0,0,Driver Inexperience,4496627,5.2,-5.5,7.3,4.6,1.89,10.0,73,22.3,40.0,315,Snow fall: Moderate,0,0,Snowy Conditions
60599,2021-10-09 20:05:00,40.7632592,-73.9906061,1,0,Passing Too Closely,4466331,20.2,15.2,1.2,1.2,0.0,5.0,51,22.8,42.8,71,Drizzle: Light,1,1,
60600,2021-06-21 00:11:00,40.646328,-73.91276,0,0,Alcohol Involvement,4431957,28.0,21.7,0.5,0.5,0.0,2.0,51,24.4,46.8,181,Drizzle: Light,0,0,
60601,2021-07-23 22:15:00,40.763245,-73.75806,1,0,Following Too Closely,4439820,26.2,17.3,0.0,0.0,0.0,0.0,1,11.3,27.0,340,Mainly clear,1,1,Sunny/Clear Conditions
60602,2021-07-19 14:30:00,40.693573,-73.92275,1,0,Unsafe Speed,4441518,27.5,20.8,0.5,0.5,0.0,2.0,51,12.8,29.9,307,Drizzle: Light,1,1,
60603,2021-07-24 23:15:00,40.737167,-74.001465,0,0,Turning Improperly,4441491,26.8,18.2,0.0,0.0,0.0,0.0,3,16.3,31.7,152,Overcast,0,0,
60604,2021-07-26 01:33:00,40.649303,-74.0203,0,0,Unsafe Speed,4441465,31.4,21.8,0.0,0.0,0.0,0.0,3,13.0,25.6,295,Overcast,0,0,
60605,2021-07-22 23:13:00,40.574593,-73.98764,0,0,Passing Too Closely,4441451,26.7,17.5,0.0,0.0,0.0,0.0,3,15.3,28.4,327,Overcast,0,0,
60606,2021-07-25 14:21:00,40.732178,-73.99136,0,0,Unspecified,4441494,28.0,20.3,7.3,7.3,0.0,10.0,63,20.9,43.2,198,Rain: Moderate,0,0,
60607,2021-07-26 19:00:00,40.653755,-74.00501,1,0,Pedestrian/Bicyclist/Other Pedestrian Error/Confusion,4441464,31.4,21.8,0.0,0.0,0.0,0.0,3,13.0,25.6,295,Overcast,1,1,
60608,2021-07-04 21:05:00,40.694256,-73.97799,0,0,Unspecified,4441473,24.6,15.8,1.4,1.4,0.0,12.0,51,11.8,27.0,299,Drizzle: Light,0,0,
60609,2021-07-26 21:59:00,40.766556,-73.96294,2,0,Traffic Control Disregarded,4441495,31.4,21.8,0.0,0.0,0.0,0.0,3,13.0,25.6,295,Overcast,2,2,
60610,2021-07-26 00:37:00,40.847794,-73.82671,0,1,Unsafe Speed,4441449,31.4,21.8,0.0,0.0,0.0,0.0,3,13.0,25.6,295,Overcast,20,1,
60611,2021-10-08 00:41:00,40.7647362,-73.988033,1,0,Driver Inattention/Distraction,4466332,23.7,14.5,0.0,0.0,0.0,0.0,3,13.0,22.3,94,Overcast,1,1,
60612,2021-10-10 10:55:00,40.7644248,-73.975587,0,0,Unspecified,4466333,18.5,16.0,2.4,2.4,0.0,8.0,53,27.2,52.6,52,Drizzle: Moderate,0,0,
60613,2021-10-10 14:30:00,40.8703866,-73.8819765,0,0,Failure to Keep Right,4466334,18.5,16.0,2.4,2.4,0.0,8.0,53,27.2,52.6,52,Drizzle: Moderate,0,0,
60614,2021-10-11 21:50:00,40.8674755,-73.8974019,0,0,Driver Inattention/Distraction,4466335,21.7,16.3,0.0,0.0,0.0,0.0,3,25.7,49.7,41,Overcast,0,0,
60615,2022-01-20 08:15:00,40.70479,-73.961876,1,0,Other Vehicular,4496444,5.2,-5.5,7.3,4.6,1.89,10.0,73,22.3,40.0,315,Snow fall: Moderate,1,1,Snowy Conditions
60616,2021-10-10 10:12:00,40.8742704,-73.8847756,0,0,Following Too Closely,4466338,18.5,16.0,2.4,2.4,0.0,8.0,53,27.2,52.6,52,Drizzle: Moderate,0,0,
60617,2021-10-10 14:22:00,40.7559108,-73.9793391,1,0,Unspecified,4466339,18.5,16.0,2.4,2.4,0.0,8.0,53,27.2,52.6,52,Drizzle: Moderate,1,1,
60618,2021-10-11 00:00:00,40.8760008,-73.8850882,0,0,Unspecified,4466340,21.7,16.3,0.0,0.0,0.0,0.0,3,25.7,49.7,41,Overcast,0,0,
60619,2021-10-11 06:55:00,40.8586258,-73.8858711,2,0,Driver Inattention/Distraction,4466341,21.7,16.3,0.0,0.0,0.0,0.0,3,25.7,49.7,41,Overcast,2,2,
60620,2021-07-26 13:40:00,40.713985,-73.73812,1,0,Driver Inattention/Distraction,4440776,31.4,21.8,0.0,0.0,0.0,0.0,3,13.0,25.6,295,Overcast,1,1,
60621,2021-07-26 22:35:00,40.728024,-73.74764,0,0,Traffic Control Disregarded,4440929,31.4,21.8,0.0,0.0,0.0,0.0,3,13.0,25.6,295,Overcast,0,0,
60622,2021-07-26 17:40:00,40.6535,-73.9654,0,0,Unspecified,4440841,31.4,21.8,0.0,0.0,0.0,0.0,3,13.0,25.6,295,Overcast,0,0,
60623,2021-07-24 16:50:00,40.71451,-73.822975,0,0,Passing Too Closely,4441322,26.8,18.2,0.0,0.0,0.0,0.0,3,16.3,31.7,152,Overcast,0,0,
60624,2021-07-26 15:50:00,40.75892,-73.92566,2,0,Unspecified,4441283,31.4,21.8,0.0,0.0,0.0,0.0,3,13.0,25.6,295,Overcast,2,2,
60625,2021-07-26 01:41:00,40.733707,-73.722275,0,0,Driver Inattention/Distraction,4440412,31.4,21.8,0.0,0.0,0.0,0.0,3,13.0,25.6,295,Overcast,0,0,
60626,2021-07-26 02:30:00,40.74373,-73.98507,0,0,Turning Improperly,4440815,31.4,21.8,0.0,0.0,0.0,0.0,3,13.0,25.6,295,Overcast,0,0,
60627,2021-07-26 17:02:00,40.692062,-73.95191,2,0,Turning Improperly,4441009,31.4,21.8,0.0,0.0,0.0,0.0,3,13.0,25.6,295,Overcast,2,2,
60628,2021-07-26 06:30:00,40.846443,-73.826004,0,0,Unspecified,4440892,31.4,21.8,0.0,0.0,0.0,0.0,3,13.0,25.6,295,Overcast,0,0,
60629,2021-07-26 14:23:00,40.688614,-73.999435,0,0,Unspecified,4441221,31.4,21.8,0.0,0.0,0.0,0.0,3,13.0,25.6,295,Overcast,0,0,
60630,2021-07-24 21:20:00,40.751526,-73.859184,1,0,Traffic Control Disregarded,4441397,26.8,18.2,0.0,0.0,0.0,0.0,3,16.3,31.7,152,Overcast,1,1,
60631,2021-07-26 05:00:00,40.696556,-73.98091,1,0,Pavement Slippery,4440424,31.4,21.8,0.0,0.0,0.0,0.0,3,13.0,25.6,295,Overcast,1,1,
60632,2021-07-26 13:21:00,40.8466,-73.88346,2,0,Aggressive Driving/Road Rage,4440897,31.4,21.8,0.0,0.0,0.0,0.0,3,13.0,25.6,295,Overcast,2,2,
60633,2021-07-24 09:00:00,40.709343,-73.8178,0,0,Unspecified,4441320,26.8,18.2,0.0,0.0,0.0,0.0,3,16.3,31.7,152,Overcast,0,0,
60634,2021-07-15 16:40:00,40.764126,-73.88194,1,0,Driver Inattention/Distraction,4441383,29.3,21.2,0.1,0.1,0.0,1.0,51,13.7,27.4,212,Drizzle: Light,1,1,
60635,2021-07-26 15:00:00,40.889175,-73.84416,1,0,Driver Inattention/Distraction,4441136,31.4,21.8,0.0,0.0,0.0,0.0,3,13.0,25.6,295,Overcast,1,1,
60636,2021-07-26 01:05:00,40.69955,-73.747734,1,0,Unsafe Speed,4440523,31.4,21.8,0.0,0.0,0.0,0.0,3,13.0,25.6,295,Overcast,1,1,
60637,2021-07-26 00:20:00,40.649693,-73.936966,0,0,Unspecified,4440761,31.4,21.8,0.0,0.0,0.0,0.0,3,13.0,25.6,295,Overcast,0,0,
60638,2021-07-26 15:42:00,40.846367,-73.862724,0,0,Backing Unsafely,4440934,31.4,21.8,0.0,0.0,0.0,0.0,3,13.0,25.6,295,Overcast,0,0,
60639,2021-07-26 15:23:00,40.62586,-74.114746,1,0,Driver Inattention/Distraction,4440964,31.4,21.8,0.0,0.0,0.0,0.0,3,13.0,25.6,295,Overcast,1,1,
60640,2021-07-26 15:00:00,40.70576,-73.80167,1,0,Failure to Yield Right-of-Way,4441017,31.4,21.8,0.0,0.0,0.0,0.0,3,13.0,25.6,295,Overcast,1,1,
60641,2021-07-26 14:15:00,40.805042,-73.936935,3,0,Unspecified,4440736,31.4,21.8,0.0,0.0,0.0,0.0,3,13.0,25.6,295,Overcast,3,3,
60642,2021-07-26 07:30:00,40.833393,-73.859375,0,0,Driver Inattention/Distraction,4440698,31.4,21.8,0.0,0.0,0.0,0.0,3,13.0,25.6,295,Overcast,0,0,
60643,2021-07-26 18:21:00,40.783897,-73.97407,1,0,Driver Inattention/Distraction,4441414,31.4,21.8,0.0,0.0,0.0,0.0,3,13.0,25.6,295,Overcast,1,1,
60644,2021-07-26 18:25:00,40.840164,-73.84262,1,0,Turning Improperly,4441435,31.4,21.8,0.0,0.0,0.0,0.0,3,13.0,25.6,295,Overcast,1,1,
60645,2021-07-26 10:00:00,40.72135,-74.00465,0,0,Passing Too Closely,4440729,31.4,21.8,0.0,0.0,0.0,0.0,3,13.0,25.6,295,Overcast,0,0,
60646,2022-09-24 16:39:00,40.824635,-73.91298,0,0,Unspecified,4567475,20.6,9.5,0.0,0.0,0.0,0.0,3,18.8,37.4,295,Overcast,0,0,
60647,2021-07-26 08:50:00,40.67081,-73.879974,0,0,Driver Inattention/Distraction,4440699,31.4,21.8,0.0,0.0,0.0,0.0,3,13.0,25.6,295,Overcast,0,0,
60648,2021-07-23 18:14:00,40.76093,-73.96914,1,0,Driver Inattention/Distraction,4441335,26.2,17.3,0.0,0.0,0.0,0.0,1,11.3,27.0,340,Mainly clear,1,1,Sunny/Clear Conditions
60649,2021-07-26 16:51:00,40.86607,-73.89439,1,0,Failure to Yield Right-of-Way,4440757,31.4,21.8,0.0,0.0,0.0,0.0,3,13.0,25.6,295,Overcast,1,1,
60650,2021-07-26 00:50:00,40.857418,-73.89996,1,0,Traffic Control Disregarded,4440576,31.4,21.8,0.0,0.0,0.0,0.0,3,13.0,25.6,295,Overcast,1,1,
60651,2021-07-26 23:41:00,40.747925,-73.97362,3,0,Alcohol Involvement,4441041,31.4,21.8,0.0,0.0,0.0,0.0,3,13.0,25.6,295,Overcast,3,3,
60652,2021-07-26 16:20:00,40.610523,-73.981186,0,0,Driver Inattention/Distraction,4440871,31.4,21.8,0.0,0.0,0.0,0.0,3,13.0,25.6,295,Overcast,0,0,
60653,2021-07-26 13:20:00,40.634567,-74.1172,1,0,Unspecified,4440972,31.4,21.8,0.0,0.0,0.0,0.0,3,13.0,25.6,295,Overcast,1,1,
60654,2021-07-26 15:15:00,40.812088,-73.95145,1,0,View Obstructed/Limited,4441063,31.4,21.8,0.0,0.0,0.0,0.0,3,13.0,25.6,295,Overcast,1,1,
60655,2021-07-26 00:00:00,40.74701,-73.977196,1,0,Driver Inattention/Distraction,4440634,31.4,21.8,0.0,0.0,0.0,0.0,3,13.0,25.6,295,Overcast,1,1,
60656,2021-07-26 14:00:00,40.626293,-74.01572,0,0,Following Too Closely,4440747,31.4,21.8,0.0,0.0,0.0,0.0,3,13.0,25.6,295,Overcast,0,0,
60657,2021-07-26 12:55:00,40.68931,-73.96509,0,0,Failure to Yield Right-of-Way,4440831,31.4,21.8,0.0,0.0,0.0,0.0,3,13.0,25.6,295,Overcast,0,0,
60658,2021-06-23 16:00:00,40.760937,-73.8699,0,0,Driver Inattention/Distraction,4441407,23.1,12.2,0.0,0.0,0.0,0.0,3,16.5,31.7,309,Overcast,0,0,
60659,2021-07-26 19:42:00,40.701862,-73.89272,1,0,Driver Inattention/Distraction,4440953,31.4,21.8,0.0,0.0,0.0,0.0,3,13.0,25.6,295,Overcast,1,1,
60660,2021-07-26 22:36:00,40.64353,-73.9796,1,0,Unspecified,4441271,31.4,21.8,0.0,0.0,0.0,0.0,3,13.0,25.6,295,Overcast,1,1,
60661,2021-07-20 06:00:00,40.81269,-73.89321,0,0,Unspecified,4441415,30.9,21.1,0.0,0.0,0.0,0.0,1,13.3,26.6,283,Mainly clear,0,0,Sunny/Clear Conditions