,CRASH DATETIME,LATITUDE,LONGITUDE,NUMBER OF PERSONS INJURED,NUMBER OF PERSONS KILLED,CONTRIBUTING FACTOR VEHICLE 1,COLLISION_ID,temperature_2m_max,temperature_2m_min,precipitation_sum,rain_sum,snowfall_sum,precipitation_hours,weather_code,wind_speed_10m_max,wind_gusts_10m_max,wind_direction_10m_dominant,Weather Description,Severity_Score,Total_Affected_Persons,Weather_Category
60662,2021-07-26 17:00:00,40.644344,-73.950806,1,0,Failure to Yield Right-of-Way,4440762,31.4,21.8,0.0,0.0,0.0,0.0,3,13.0,25.6,295,Overcast,1,1,
60663,2021-07-26 08:00:00,40.606926,-73.95408,0,0,Driver Inattention/Distraction,4440788,31.4,21.8,0.0,0.0,0.0,0.0,3,13.0,25.6,295,Overcast,0,0,
60664,2021-07-20 19:00:00,40.62657,-74.01167,1,0,Driver Inattention/Distraction,4441346,30.9,21.1,0.0,0.0,0.0,0.0,1,13.3,26.6,283,Mainly clear,1,1,Sunny/Clear Conditions
60665,2021-07-26 10:05:00,40.652767,-73.8863,0,0,Unspecified,4440704,31.4,21.8,0.0,0.0,0.0,0.0,3,13.0,25.6,295,Overcast,0,0,
60666,2021-07-26 06:40:00,40.69504,-73.969215,0,0,Unspecified,4441209,31.4,21.8,0.0,0.0,0.0,0.0,3,13.0,25.6,295,Overcast,0,0,
60667,2021-07-26 13:45:00,40.77645,-73.90167,0,0,Unspecified,4440993,31.4,21.8,0.0,0.0,0.0,0.0,3,13.0,25.6,295,Overcast,0,0,
60668,2021-07-26 16:01:00,40.79157,-73.94678,0,0,Traffic Control Disregarded,4441030,31.4,21.8,0.0,0.0,0.0,0.0,3,13.0,25.6,295,Overcast,0,0,
60669,2021-07-26 11:30:00,40.750336,-73.9,0,0,Unspecified,4441179,31.4,21.8,0.0,0.0,0.0,0.0,3,13.0,25.6,295,Overcast,0,0,
60670,2021-07-26 21:28:00,40.61384,-73.981445,1,0,Traffic Control Disregarded,4440862,31.4,21.8,0.0,0.0,0.0,0.0,3,13.0,25.6,295,Overcast,1,1,
60671,2021-07-26 18:30:00,40.859623,-73.88747,0,0,Passing or Lane Usage Improper,4440898,31.4,21.8,0.0,0.0,0.0,0.0,3,13.0,25.6,295,Overcast,0,0,
60672,2022-09-20 11:23:00,40.72033,-74.00551,1,0,Driver Inattention/Distraction,4567628,25.7,17.7,0.0,0.0,0.0,0.0,3,19.0,35.3,296,Overcast,1,1,
60673,2021-07-26 19:08:00,40.857483,-73.909676,0,0,Driver Inattention/Distraction,4440943,31.4,21.8,0.0,0.0,0.0,0.0,3,13.0,25.6,295,Overcast,0,0,
60674,2021-07-23 14:15:00,40.760494,-73.8614,0,0,Driver Inattention/Distraction,4441401,26.2,17.3,0.0,0.0,0.0,0.0,1,11.3,27.0,340,Mainly clear,0,0,Sunny/Clear Conditions
60675,2021-07-26 13:49:00,40.64452,-73.91207,2,0,Unsafe Speed,4440767,31.4,21.8,0.0,0.0,0.0,0.0,3,13.0,25.6,295,Overcast,2,2,
60676,2021-07-26 13:15:00,40.738213,-73.88228,0,0,Driver Inattention/Distraction,4441250,31.4,21.8,0.0,0.0,0.0,0.0,3,13.0,25.6,295,Overcast,0,0,
60677,2021-07-06 11:11:00,40.77353,-73.98534,0,0,Backing Unsafely,4441420,33.6,21.9,2.1,2.1,0.0,4.0,61,21.8,49.7,231,Rain: Light,0,0,
60678,2021-07-26 19:32:00,40.66374,-73.89668,1,0,Unspecified,4440922,31.4,21.8,0.0,0.0,0.0,0.0,3,13.0,25.6,295,Overcast,1,1,
60679,2021-07-26 14:55:00,40.82312,-73.9505,0,0,Passing Too Closely,4440818,31.4,21.8,0.0,0.0,0.0,0.0,3,13.0,25.6,295,Overcast,0,0,
60680,2021-07-26 18:40:00,40.68536,-73.88221,0,0,Unspecified,4440923,31.4,21.8,0.0,0.0,0.0,0.0,3,13.0,25.6,295,Overcast,0,0,
60681,2021-07-25 22:31:00,40.835835,-73.87308,1,0,View Obstructed/Limited,4441307,28.0,20.3,7.3,7.3,0.0,10.0,63,20.9,43.2,198,Rain: Moderate,1,1,
60682,2021-07-26 02:15:00,40.73306,-73.72289,0,0,Unsafe Speed,4440416,31.4,21.8,0.0,0.0,0.0,0.0,3,13.0,25.6,295,Overcast,0,0,
60683,2021-07-20 22:15:00,40.60481,-74.023964,1,0,Unspecified,4441364,30.9,21.1,0.0,0.0,0.0,0.0,1,13.3,26.6,283,Mainly clear,1,1,Sunny/Clear Conditions
60684,2021-07-26 21:00:00,40.754128,-73.94945,0,0,Driver Inattention/Distraction,4440783,31.4,21.8,0.0,0.0,0.0,0.0,3,13.0,25.6,295,Overcast,0,0,
60685,2021-07-26 00:01:00,40.90404,-73.84194,0,0,Other Vehicular,4441148,31.4,21.8,0.0,0.0,0.0,0.0,3,13.0,25.6,295,Overcast,0,0,
60686,2021-07-14 18:00:00,40.781128,-73.983536,0,0,Driver Inattention/Distraction,4441419,30.6,21.5,0.8,0.8,0.0,3.0,53,14.5,36.0,191,Drizzle: Moderate,0,0,
60687,2021-07-26 17:50:00,40.760773,-73.914215,0,0,Driver Inattention/Distraction,4441281,31.4,21.8,0.0,0.0,0.0,0.0,3,13.0,25.6,295,Overcast,0,0,
60688,2021-07-26 00:40:00,40.86404,-73.89245,0,0,Driver Inattention/Distraction,4440431,31.4,21.8,0.0,0.0,0.0,0.0,3,13.0,25.6,295,Overcast,0,0,
60689,2021-07-26 19:33:00,40.634815,-73.901276,0,0,Failure to Yield Right-of-Way,4440766,31.4,21.8,0.0,0.0,0.0,0.0,3,13.0,25.6,295,Overcast,0,0,
60690,2021-07-26 09:00:00,40.691822,-73.92223,0,0,Passing Too Closely,4440894,31.4,21.8,0.0,0.0,0.0,0.0,3,13.0,25.6,295,Overcast,0,0,
60691,2021-07-23 19:38:00,40.76075,-73.87185,0,0,Driver Inattention/Distraction,4441384,26.2,17.3,0.0,0.0,0.0,0.0,1,11.3,27.0,340,Mainly clear,0,0,Sunny/Clear Conditions
60692,2021-07-26 17:44:00,40.724434,-73.8693,0,0,Driver Inattention/Distraction,4440812,31.4,21.8,0.0,0.0,0.0,0.0,3,13.0,25.6,295,Overcast,0,0,
60693,2021-07-26 13:26:00,40.659286,-73.92925,1,0,Unspecified,4441126,31.4,21.8,0.0,0.0,0.0,0.0,3,13.0,25.6,295,Overcast,1,1,
60694,2021-07-26 00:00:00,40.818012,-73.92519,1,0,Following Too Closely,4441241,31.4,21.8,0.0,0.0,0.0,0.0,3,13.0,25.6,295,Overcast,1,1,
60695,2021-07-26 17:54:00,40.609776,-73.9643,0,0,Driver Inattention/Distraction,4440843,31.4,21.8,0.0,0.0,0.0,0.0,3,13.0,25.6,295,Overcast,0,0,
60696,2021-07-15 16:10:00,40.64254,-73.87652,0,0,Failure to Yield Right-of-Way,4441436,29.3,21.2,0.1,0.1,0.0,1.0,51,13.7,27.4,212,Drizzle: Light,0,0,
60697,2021-07-24 12:49:00,40.809643,-73.91037,0,0,Unspecified,4441345,26.8,18.2,0.0,0.0,0.0,0.0,3,16.3,31.7,152,Overcast,0,0,
60698,2021-07-26 10:08:00,40.672844,-73.88943,0,0,Driver Inattention/Distraction,4440702,31.4,21.8,0.0,0.0,0.0,0.0,3,13.0,25.6,295,Overcast,0,0,
60699,2021-07-26 13:05:00,40.719395,-74.00189,1,0,Driver Inattention/Distraction,4440730,31.4,21.8,0.0,0.0,0.0,0.0,3,13.0,25.6,295,Overcast,1,1,
60700,2021-07-26 06:03:00,40.72298,-73.89393,0,0,Passing Too Closely,4440983,31.4,21.8,0.0,0.0,0.0,0.0,3,13.0,25.6,295,Overcast,0,0,
60701,2021-07-26 13:51:00,40.66555,-73.74239,0,0,Unspecified,4440777,31.4,21.8,0.0,0.0,0.0,0.0,3,13.0,25.6,295,Overcast,0,0,
60702,2021-07-26 10:09:00,40.72766,-73.92938,0,0,Driver Inexperience,4441081,31.4,21.8,0.0,0.0,0.0,0.0,3,13.0,25.6,295,Overcast,0,0,
60703,2021-07-15 18:54:00,40.677643,-73.93469,0,0,Passing or Lane Usage Improper,4441396,29.3,21.2,0.1,0.1,0.0,1.0,51,13.7,27.4,212,Drizzle: Light,0,0,
60704,2021-07-26 06:20:00,40.84271,-73.885666,2,0,Failure to Yield Right-of-Way,4440638,31.4,21.8,0.0,0.0,0.0,0.0,3,13.0,25.6,295,Overcast,2,2,
60705,2021-07-26 21:32:00,40.674652,-73.87712,0,0,Other Vehicular,4440927,31.4,21.8,0.0,0.0,0.0,0.0,3,13.0,25.6,295,Overcast,0,0,
60706,2021-07-26 14:14:00,40.602028,-73.99857,1,0,Failure to Yield Right-of-Way,4440994,31.4,21.8,0.0,0.0,0.0,0.0,3,13.0,25.6,295,Overcast,1,1,
60707,2021-07-26 12:00:00,40.66326,-73.99512,0,0,Driver Inattention/Distraction,4440718,31.4,21.8,0.0,0.0,0.0,0.0,3,13.0,25.6,295,Overcast,0,0,
60708,2021-07-26 20:03:00,40.678757,-73.81347,0,0,Passing or Lane Usage Improper,4440823,31.4,21.8,0.0,0.0,0.0,0.0,3,13.0,25.6,295,Overcast,0,0,
60709,2021-07-26 22:36:00,40.664803,-73.92271,1,0,Unspecified,4441276,31.4,21.8,0.0,0.0,0.0,0.0,3,13.0,25.6,295,Overcast,1,1,
60710,2021-07-24 12:55:00,40.64412,-74.07659,1,0,Unspecified,4441326,26.8,18.2,0.0,0.0,0.0,0.0,3,16.3,31.7,152,Overcast,1,1,
60711,2021-07-26 09:35:00,40.655254,-73.76568,2,0,Unspecified,4440772,31.4,21.8,0.0,0.0,0.0,0.0,3,13.0,25.6,295,Overcast,2,2,
60712,2021-07-26 09:20:00,40.81922,-73.91062,0,0,Unspecified,4440836,31.4,21.8,0.0,0.0,0.0,0.0,3,13.0,25.6,295,Overcast,0,0,
60713,2021-07-22 14:50:00,40.750107,-73.8948,1,0,Driver Inattention/Distraction,4441408,26.7,17.5,0.0,0.0,0.0,0.0,3,15.3,28.4,327,Overcast,1,1,
60714,2021-07-26 18:05:00,40.6877,-73.91095,1,0,Traffic Control Disregarded,4441260,31.4,21.8,0.0,0.0,0.0,0.0,3,13.0,25.6,295,Overcast,1,1,
60715,2021-07-26 11:30:00,40.633858,-74.12596,1,0,Unspecified,4440971,31.4,21.8,0.0,0.0,0.0,0.0,3,13.0,25.6,295,Overcast,1,1,
60716,2021-07-26 03:00:00,40.850456,-73.899315,0,0,Driver Inattention/Distraction,4440489,31.4,21.8,0.0,0.0,0.0,0.0,3,13.0,25.6,295,Overcast,0,0,
60717,2021-07-26 22:06:00,40.669403,-73.94221,0,0,Driver Inexperience,4441060,31.4,21.8,0.0,0.0,0.0,0.0,3,13.0,25.6,295,Overcast,0,0,
60718,2021-07-26 13:30:00,40.66725,-73.8132,3,0,Driver Inattention/Distraction,4440758,31.4,21.8,0.0,0.0,0.0,0.0,3,13.0,25.6,295,Overcast,3,3,
60719,2021-07-26 22:15:00,40.682537,-73.95002,1,0,Failure to Yield Right-of-Way,4441007,31.4,21.8,0.0,0.0,0.0,0.0,3,13.0,25.6,295,Overcast,1,1,
60720,2021-07-26 17:49:00,40.86709,-73.83975,1,0,Unspecified,4440933,31.4,21.8,0.0,0.0,0.0,0.0,3,13.0,25.6,295,Overcast,1,1,
60721,2021-07-22 09:19:00,40.822308,-73.93859,1,0,Unspecified,4441332,26.7,17.5,0.0,0.0,0.0,0.0,3,15.3,28.4,327,Overcast,1,1,
60722,2021-10-10 20:11:00,40.5972883,-73.7488347,1,0,Aggressive Driving/Road Rage,4466342,18.5,16.0,2.4,2.4,0.0,8.0,53,27.2,52.6,52,Drizzle: Moderate,1,1,
60723,2021-07-26 16:40:00,40.69986,-73.92829,0,0,Backing Unsafely,4441261,31.4,21.8,0.0,0.0,0.0,0.0,3,13.0,25.6,295,Overcast,0,0,
60724,2021-07-26 20:44:00,40.72565,-73.93205,0,0,Steering Failure,4441087,31.4,21.8,0.0,0.0,0.0,0.0,3,13.0,25.6,295,Overcast,0,0,
60725,2021-07-26 07:30:00,40.832012,-73.85621,1,0,Unsafe Speed,4441183,31.4,21.8,0.0,0.0,0.0,0.0,3,13.0,25.6,295,Overcast,1,1,
60726,2021-07-26 22:13:00,40.874313,-73.87848,1,0,Unspecified,4440835,31.4,21.8,0.0,0.0,0.0,0.0,3,13.0,25.6,295,Overcast,1,1,
60727,2021-07-26 12:15:00,40.702496,-73.81303,0,0,Other Vehicular,4441016,31.4,21.8,0.0,0.0,0.0,0.0,3,13.0,25.6,295,Overcast,0,0,
60728,2021-07-26 01:45:00,40.587986,-73.91973,0,0,Oversized Vehicle,4440575,31.4,21.8,0.0,0.0,0.0,0.0,3,13.0,25.6,295,Overcast,0,0,
60729,2021-07-26 15:54:00,40.661156,-73.87101,1,0,Driver Inattention/Distraction,4440919,31.4,21.8,0.0,0.0,0.0,0.0,3,13.0,25.6,295,Overcast,1,1,
60730,2021-07-26 13:20:00,40.870907,-73.90725,0,0,Passing or Lane Usage Improper,4440734,31.4,21.8,0.0,0.0,0.0,0.0,3,13.0,25.6,295,Overcast,0,0,
60731,2021-07-26 14:20:00,40.673275,-73.86853,1,0,Driver Inattention/Distraction,4440924,31.4,21.8,0.0,0.0,0.0,0.0,3,13.0,25.6,295,Overcast,1,1,
60732,2021-07-26 14:20:00,40.739574,-73.892235,1,0,Unspecified,4440782,31.4,21.8,0.0,0.0,0.0,0.0,3,13.0,25.6,295,Overcast,1,1,
60733,2021-07-26 12:35:00,40.67006,-73.890564,1,0,Driver Inattention/Distraction,4440918,31.4,21.8,0.0,0.0,0.0,0.0,3,13.0,25.6,295,Overcast,1,1,
60734,2021-07-26 12:45:00,40.766903,-73.897934,0,0,Driver Inattention/Distraction,4441289,31.4,21.8,0.0,0.0,0.0,0.0,3,13.0,25.6,295,Overcast,0,0,
60735,2021-07-26 20:25:00,40.63363,-74.138985,0,0,Unspecified,4440847,31.4,21.8,0.0,0.0,0.0,0.0,3,13.0,25.6,295,Overcast,0,0,
60736,2021-07-26 03:59:00,40.698265,-73.833855,0,0,Driver Inexperience,4441308,31.4,21.8,0.0,0.0,0.0,0.0,3,13.0,25.6,295,Overcast,0,0,
60737,2021-07-26 01:10:00,40.665257,-73.735344,1,0,Following Too Closely,4440417,31.4,21.8,0.0,0.0,0.0,0.0,3,13.0,25.6,295,Overcast,1,1,
60738,2021-07-25 13:09:00,40.747856,-73.88174,0,0,Turning Improperly,4441367,28.0,20.3,7.3,7.3,0.0,10.0,63,20.9,43.2,198,Rain: Moderate,0,0,
60739,2021-07-26 10:40:00,40.88337,-73.85956,0,0,Driver Inattention/Distraction,4441142,31.4,21.8,0.0,0.0,0.0,0.0,3,13.0,25.6,295,Overcast,0,0,
60740,2021-07-26 11:29:00,40.698544,-73.96236,0,0,Unspecified,4440717,31.4,21.8,0.0,0.0,0.0,0.0,3,13.0,25.6,295,Overcast,0,0,
60741,2021-07-26 00:00:00,40.668648,-73.945465,0,0,Unspecified,4440719,31.4,21.8,0.0,0.0,0.0,0.0,3,13.0,25.6,295,Overcast,0,0,
60742,2021-07-26 06:42:00,40.85592,-73.9172,0,0,Unspecified,4440946,31.4,21.8,0.0,0.0,0.0,0.0,3,13.0,25.6,295,Overcast,0,0,
60743,2021-07-23 09:34:00,40.73378,-73.98065,1,0,Driver Inattention/Distraction,4441362,26.2,17.3,0.0,0.0,0.0,0.0,1,11.3,27.0,340,Mainly clear,1,1,Sunny/Clear Conditions
60744,2021-07-26 11:10:00,40.83569,-73.86857,0,0,Unspecified,4440746,31.4,21.8,0.0,0.0,0.0,0.0,3,13.0,25.6,295,Overcast,0,0,
60745,2021-07-26 19:05:00,40.760914,-73.869965,1,0,Driver Inattention/Distraction,4441400,31.4,21.8,0.0,0.0,0.0,0.0,3,13.0,25.6,295,Overcast,1,1,
60746,2021-07-26 13:30:00,40.713284,-73.7358,1,0,Driver Inattention/Distraction,4440771,31.4,21.8,0.0,0.0,0.0,0.0,3,13.0,25.6,295,Overcast,1,1,
60747,2021-07-26 05:00:00,40.788795,-73.93755,1,0,Unsafe Speed,4441031,31.4,21.8,0.0,0.0,0.0,0.0,3,13.0,25.6,295,Overcast,1,1,
60748,2021-07-16 12:21:00,40.781193,-73.97975,0,0,Driver Inattention/Distraction,4441423,32.3,23.2,0.3,0.3,0.0,3.0,51,12.3,33.1,238,Drizzle: Light,0,0,
60749,2021-07-26 00:00:00,40.676796,-73.80634,1,0,Driver Inattention/Distraction,4440614,31.4,21.8,0.0,0.0,0.0,0.0,3,13.0,25.6,295,Overcast,1,1,
60750,2021-07-26 08:17:00,40.708344,-73.910355,0,0,Passing Too Closely,4440947,31.4,21.8,0.0,0.0,0.0,0.0,3,13.0,25.6,295,Overcast,0,0,
60751,2021-07-26 17:10:00,40.83542,-73.86809,0,0,Reaction to Uninvolved Vehicle,4441022,31.4,21.8,0.0,0.0,0.0,0.0,3,13.0,25.6,295,Overcast,0,0,
60752,2021-07-26 09:50:00,40.73046,-73.95149,0,0,Failure to Yield Right-of-Way,4441078,31.4,21.8,0.0,0.0,0.0,0.0,3,13.0,25.6,295,Overcast,0,0,
60753,2021-07-26 08:20:00,40.64025,-73.89287,1,0,Unspecified,4440658,31.4,21.8,0.0,0.0,0.0,0.0,3,13.0,25.6,295,Overcast,1,1,
60754,2021-07-26 15:40:00,40.806408,-73.94016,0,0,Unsafe Lane Changing,4440745,31.4,21.8,0.0,0.0,0.0,0.0,3,13.0,25.6,295,Overcast,0,0,
60755,2021-07-23 12:11:00,40.819077,-73.88947,2,0,Unspecified,4441412,26.2,17.3,0.0,0.0,0.0,0.0,1,11.3,27.0,340,Mainly clear,2,2,Sunny/Clear Conditions
60756,2021-07-20 11:00:00,40.81331,-73.88619,0,0,Unspecified,4441417,30.9,21.1,0.0,0.0,0.0,0.0,1,13.3,26.6,283,Mainly clear,0,0,Sunny/Clear Conditions
60757,2021-07-26 00:00:00,40.633934,-73.91131,0,0,Steering Failure,4440764,31.4,21.8,0.0,0.0,0.0,0.0,3,13.0,25.6,295,Overcast,0,0,
60758,2021-07-26 16:30:00,40.684513,-73.909386,1,0,Driver Inattention/Distraction,4440895,31.4,21.8,0.0,0.0,0.0,0.0,3,13.0,25.6,295,Overcast,1,1,
60759,2021-07-25 12:00:00,40.76942,-73.880295,0,0,Unsafe Lane Changing,4441402,28.0,20.3,7.3,7.3,0.0,10.0,63,20.9,43.2,198,Rain: Moderate,0,0,
60760,2021-07-26 21:30:00,40.90152,-73.84695,5,0,Turning Improperly,4441139,31.4,21.8,0.0,0.0,0.0,0.0,3,13.0,25.6,295,Overcast,5,5,
60761,2021-07-23 10:37:00,40.87859,-73.86895,0,0,Driver Inattention/Distraction,4441338,26.2,17.3,0.0,0.0,0.0,0.0,1,11.3,27.0,340,Mainly clear,0,0,Sunny/Clear Conditions
60762,2021-07-26 03:27:00,40.68049,-73.89252,0,0,,4440701,31.4,21.8,0.0,0.0,0.0,0.0,3,13.0,25.6,295,Overcast,0,0,
60763,2021-07-26 20:10:00,40.562828,-74.102615,0,0,Passing Too Closely,4440778,31.4,21.8,0.0,0.0,0.0,0.0,3,13.0,25.6,295,Overcast,0,0,
60764,2021-07-26 04:32:00,40.61777,-73.9481,0,0,Unspecified,4440563,31.4,21.8,0.0,0.0,0.0,0.0,3,13.0,25.6,295,Overcast,0,0,
60765,2021-07-26 10:34:00,40.74457,-73.95351,0,0,Driver Inattention/Distraction,4440759,31.4,21.8,0.0,0.0,0.0,0.0,3,13.0,25.6,295,Overcast,0,0,
60766,2021-07-26 19:35:00,40.710464,-73.986626,0,0,Unspecified,4440938,31.4,21.8,0.0,0.0,0.0,0.0,3,13.0,25.6,295,Overcast,0,0,
60767,2021-07-26 14:52:00,40.582726,-73.97321,0,0,Driver Inattention/Distraction,4440750,31.4,21.8,0.0,0.0,0.0,0.0,3,13.0,25.6,295,Overcast,0,0,
60768,2020-07-25 00:50:00,40.771374,-73.877144,0,0,Unsafe Speed,4441288,29.7,20.7,0.0,0.0,0.0,0.0,3,14.8,28.1,218,Overcast,0,0,
60769,2021-07-26 23:13:00,40.639088,-74.03351,1,0,Unsafe Speed,4441033,31.4,21.8,0.0,0.0,0.0,0.0,3,13.0,25.6,295,Overcast,1,1,
60770,2021-07-26 09:30:00,40.721676,-73.835976,1,0,Unspecified,4440813,31.4,21.8,0.0,0.0,0.0,0.0,3,13.0,25.6,295,Overcast,1,1,
60771,2021-07-26 19:25:00,40.66597,-73.928604,0,0,Unspecified,4441059,31.4,21.8,0.0,0.0,0.0,0.0,3,13.0,25.6,295,Overcast,0,0,
60772,2021-07-26 10:35:00,40.703163,-73.81662,0,0,Following Too Closely,4441014,31.4,21.8,0.0,0.0,0.0,0.0,3,13.0,25.6,295,Overcast,0,0,
60773,2021-07-26 04:00:00,40.84632,-73.823296,0,0,Unspecified,4440884,31.4,21.8,0.0,0.0,0.0,0.0,3,13.0,25.6,295,Overcast,0,0,
60774,2021-07-26 00:41:00,40.857758,-73.90095,1,0,Driver Inattention/Distraction,4441231,31.4,21.8,0.0,0.0,0.0,0.0,3,13.0,25.6,295,Overcast,1,1,
60775,2021-07-25 06:02:00,40.752842,-73.8629,1,0,Pavement Slippery,4441393,28.0,20.3,7.3,7.3,0.0,10.0,63,20.9,43.2,198,Rain: Moderate,1,1,
60776,2021-07-26 08:55:00,40.771984,-73.91891,1,0,Passing or Lane Usage Improper,4441277,31.4,21.8,0.0,0.0,0.0,0.0,3,13.0,25.6,295,Overcast,1,1,
60777,2021-07-26 10:30:00,40.73055,-73.98058,0,0,Unspecified,4440785,31.4,21.8,0.0,0.0,0.0,0.0,3,13.0,25.6,295,Overcast,0,0,
60778,2021-07-26 03:15:00,40.734978,-73.8614,0,0,Unspecified,4440449,31.4,21.8,0.0,0.0,0.0,0.0,3,13.0,25.6,295,Overcast,0,0,
60779,2021-07-06 08:50:00,40.611458,-74.15254,0,0,Driver Inattention/Distraction,4441313,33.6,21.9,2.1,2.1,0.0,4.0,61,21.8,49.7,231,Rain: Light,0,0,
60780,2021-07-26 10:00:00,40.70694,-74.00901,0,0,Passing Too Closely,4440731,31.4,21.8,0.0,0.0,0.0,0.0,3,13.0,25.6,295,Overcast,0,0,
60781,2021-07-26 18:15:00,40.81888,-73.916504,1,0,Unspecified,4440837,31.4,21.8,0.0,0.0,0.0,0.0,3,13.0,25.6,295,Overcast,1,1,
60782,2021-07-25 15:45:00,40.58425,-73.9638,2,0,Following Too Closely,4441440,28.0,20.3,7.3,7.3,0.0,10.0,63,20.9,43.2,198,Rain: Moderate,2,2,
60783,2021-07-25 22:13:00,40.754494,-73.8954,0,0,Driver Inexperience,4441388,28.0,20.3,7.3,7.3,0.0,10.0,63,20.9,43.2,198,Rain: Moderate,0,0,
60784,2021-07-26 21:00:00,40.765823,-73.82373,0,0,Passing or Lane Usage Improper,4441166,31.4,21.8,0.0,0.0,0.0,0.0,3,13.0,25.6,295,Overcast,0,0,
60785,2021-07-26 12:44:00,40.676834,-74.0108,0,0,Turning Improperly,4440844,31.4,21.8,0.0,0.0,0.0,0.0,3,13.0,25.6,295,Overcast,0,0,
60786,2021-07-26 19:49:00,40.85088,-73.851814,2,0,Turning Improperly,4440932,31.4,21.8,0.0,0.0,0.0,0.0,3,13.0,25.6,295,Overcast,2,2,
60787,2021-07-26 15:15:00,40.655273,-74.0105,1,0,Unspecified,4441185,31.4,21.8,0.0,0.0,0.0,0.0,3,13.0,25.6,295,Overcast,1,1,
60788,2021-07-26 11:55:00,40.791187,-73.85229,0,0,Turning Improperly,4440821,31.4,21.8,0.0,0.0,0.0,0.0,3,13.0,25.6,295,Overcast,0,0,
60789,2021-07-26 07:30:00,40.73841,-73.976204,0,0,Unspecified,4440773,31.4,21.8,0.0,0.0,0.0,0.0,3,13.0,25.6,295,Overcast,0,0,
60790,2021-07-23 17:50:00,40.70883,-73.833405,0,0,Driver Inexperience,4441299,26.2,17.3,0.0,0.0,0.0,0.0,1,11.3,27.0,340,Mainly clear,0,0,Sunny/Clear Conditions
60791,2021-07-26 16:37:00,40.61658,-74.08275,1,0,Unspecified,4441325,31.4,21.8,0.0,0.0,0.0,0.0,3,13.0,25.6,295,Overcast,1,1,
60792,2021-07-26 10:00:00,40.643497,-74.07418,0,0,Backing Unsafely,4440969,31.4,21.8,0.0,0.0,0.0,0.0,3,13.0,25.6,295,Overcast,0,0,
60793,2021-07-26 19:40:00,40.579735,-73.837425,0,0,Unspecified,4441112,31.4,21.8,0.0,0.0,0.0,0.0,3,13.0,25.6,295,Overcast,0,0,
60794,2021-07-26 10:47:00,40.68484,-73.79281,0,0,Steering Failure,4440869,31.4,21.8,0.0,0.0,0.0,0.0,3,13.0,25.6,295,Overcast,0,0,
60795,2021-07-26 16:45:00,40.658512,-73.89822,0,0,Unspecified,4440920,31.4,21.8,0.0,0.0,0.0,0.0,3,13.0,25.6,295,Overcast,0,0,
60796,2021-07-19 08:40:00,40.812634,-73.88313,0,0,Passing or Lane Usage Improper,4441399,27.5,20.8,0.5,0.5,0.0,2.0,51,12.8,29.9,307,Drizzle: Light,0,0,
60797,2021-07-26 18:45:00,40.73998,-73.87711,1,0,Driver Inattention/Distraction,4441254,31.4,21.8,0.0,0.0,0.0,0.0,3,13.0,25.6,295,Overcast,1,1,
60798,2021-07-22 16:55:00,40.598953,-74.00696,0,0,Following Too Closely,4441432,26.7,17.5,0.0,0.0,0.0,0.0,3,15.3,28.4,327,Overcast,0,0,
60799,2021-07-26 20:30:00,40.610508,-74.09576,4,0,Unsafe Lane Changing,4441263,31.4,21.8,0.0,0.0,0.0,0.0,3,13.0,25.6,295,Overcast,4,4,
60800,2021-07-19 00:00:00,40.805965,-73.95107,0,0,Driver Inattention/Distraction,4441375,27.5,20.8,0.5,0.5,0.0,2.0,51,12.8,29.9,307,Drizzle: Light,0,0,
60801,2021-07-09 12:40:00,40.67813,-73.98081,0,0,Passing Too Closely,4441303,29.8,22.0,35.0,35.0,0.0,14.0,63,31.0,55.8,341,Rain: Moderate,0,0,
60802,2021-07-26 20:50:00,40.591988,-73.97665,0,0,Driver Inattention/Distraction,4440790,31.4,21.8,0.0,0.0,0.0,0.0,3,13.0,25.6,295,Overcast,0,0,
60803,2021-07-26 16:08:00,40.721947,-73.814445,1,0,Driver Inattention/Distraction,4440997,31.4,21.8,0.0,0.0,0.0,0.0,3,13.0,25.6,295,Overcast,1,1,
60804,2021-07-26 12:13:00,40.664303,-73.9573,1,0,Driver Inattention/Distraction,4440720,31.4,21.8,0.0,0.0,0.0,0.0,3,13.0,25.6,295,Overcast,1,1,
60805,2021-07-26 20:00:00,40.709633,-73.8145,1,0,Unspecified,4440988,31.4,21.8,0.0,0.0,0.0,0.0,3,13.0,25.6,295,Overcast,1,1,
60806,2021-07-25 16:45:00,40.710186,-73.82113,1,0,Following Too Closely,4441331,28.0,20.3,7.3,7.3,0.0,10.0,63,20.9,43.2,198,Rain: Moderate,1,1,
60807,2021-07-26 09:05:00,40.76536,-73.82787,1,0,Turning Improperly,4441171,31.4,21.8,0.0,0.0,0.0,0.0,3,13.0,25.6,295,Overcast,1,1,
60808,2021-07-26 11:25:00,40.61748,-73.96482,2,0,Unspecified,4440875,31.4,21.8,0.0,0.0,0.0,0.0,3,13.0,25.6,295,Overcast,2,2,
60809,2021-07-26 14:47:00,40.82877,-73.91032,0,0,View Obstructed/Limited,4440901,31.4,21.8,0.0,0.0,0.0,0.0,3,13.0,25.6,295,Overcast,0,0,
60810,2021-07-26 11:00:00,40.886024,-73.90887,0,0,Unspecified,4441101,31.4,21.8,0.0,0.0,0.0,0.0,3,13.0,25.6,295,Overcast,0,0,
60811,2021-07-26 20:50:00,40.860264,-73.90164,1,0,Failure to Yield Right-of-Way,4440941,31.4,21.8,0.0,0.0,0.0,0.0,3,13.0,25.6,295,Overcast,1,1,