,CRASH DATETIME,LATITUDE,LONGITUDE,NUMBER OF PERSONS INJURED,NUMBER OF PERSONS KILLED,CONTRIBUTING FACTOR VEHICLE 1,COLLISION_ID,temperature_2m_max,temperature_2m_min,precipitation_sum,rain_sum,snowfall_sum,precipitation_hours,weather_code,wind_speed_10m_max,wind_gusts_10m_max,wind_direction_10m_dominant,Weather Description,Severity_Score,Total_Affected_Persons,Weather_Category
60812,2021-07-26 13:41:00,40.57925,-74.07781,2,0,Turning Improperly,4440749,31.4,21.8,0.0,0.0,0.0,0.0,3,13.0,25.6,295,Overcast,2,2,
60813,2021-07-26 09:51:00,40.759727,-73.8455,0,1,Unspecified,4440770,31.4,21.8,0.0,0.0,0.0,0.0,3,13.0,25.6,295,Overcast,20,1,
60814,2021-07-14 22:57:00,40.783337,-73.970764,1,0,Failure to Yield Right-of-Way,4441422,30.6,21.5,0.8,0.8,0.0,3.0,53,14.5,36.0,191,Drizzle: Moderate,1,1,
60815,2021-07-26 01:40:00,40.66525,-73.94816,0,0,Traffic Control Disregarded,4440627,31.4,21.8,0.0,0.0,0.0,0.0,3,13.0,25.6,295,Overcast,0,0,
60816,2021-07-26 19:40:00,40.760532,-73.89291,0,0,Driver Inexperience,4441403,31.4,21.8,0.0,0.0,0.0,0.0,3,13.0,25.6,295,Overcast,0,0,
60817,2021-07-26 16:41:00,40.733604,-73.8979,0,0,Driver Inattention/Distraction,4440948,31.4,21.8,0.0,0.0,0.0,0.0,3,13.0,25.6,295,Overcast,0,0,
60818,2021-07-26 23:25:00,40.69557,-73.97896,0,0,Following Too Closely,4440834,31.4,21.8,0.0,0.0,0.0,0.0,3,13.0,25.6,295,Overcast,0,0,
60819,2021-07-23 09:14:00,40.822277,-73.86715,0,0,Fatigued/Drowsy,4441357,26.2,17.3,0.0,0.0,0.0,0.0,1,11.3,27.0,340,Mainly clear,0,0,Sunny/Clear Conditions
60820,2021-07-26 16:40:00,40.719204,-73.99037,0,0,Unspecified,4440751,31.4,21.8,0.0,0.0,0.0,0.0,3,13.0,25.6,295,Overcast,0,0,
60821,2021-07-26 16:05:00,40.74026,-73.990524,1,0,Backing Unsafely,4440774,31.4,21.8,0.0,0.0,0.0,0.0,3,13.0,25.6,295,Overcast,1,1,
60822,2021-07-26 14:15:00,40.64644,-73.91289,1,0,Unspecified,4441115,31.4,21.8,0.0,0.0,0.0,0.0,3,13.0,25.6,295,Overcast,1,1,
60823,2021-07-26 18:25:00,40.833702,-73.856445,2,0,Driver Inattention/Distraction,4441023,31.4,21.8,0.0,0.0,0.0,0.0,3,13.0,25.6,295,Overcast,2,2,
60824,2021-07-26 00:33:00,40.863113,-73.920616,0,0,Driver Inattention/Distraction,4441036,31.4,21.8,0.0,0.0,0.0,0.0,3,13.0,25.6,295,Overcast,0,0,
60825,2021-07-26 00:05:00,40.682262,-73.84514,1,0,Following Too Closely,4440588,31.4,21.8,0.0,0.0,0.0,0.0,3,13.0,25.6,295,Overcast,1,1,
60826,2021-07-26 14:45:00,40.664974,-73.89702,0,0,Driver Inattention/Distraction,4440917,31.4,21.8,0.0,0.0,0.0,0.0,3,13.0,25.6,295,Overcast,0,0,
60827,2021-07-26 12:09:00,40.57558,-74.08335,1,0,Passing or Lane Usage Improper,4440714,31.4,21.8,0.0,0.0,0.0,0.0,3,13.0,25.6,295,Overcast,1,1,
60828,2021-07-26 16:00:00,40.6435,-73.99408,0,0,Unspecified,4440965,31.4,21.8,0.0,0.0,0.0,0.0,3,13.0,25.6,295,Overcast,0,0,
60829,2021-07-26 04:55:00,40.65711,-73.89788,0,0,Tire Failure/Inadequate,4440555,31.4,21.8,0.0,0.0,0.0,0.0,3,13.0,25.6,295,Overcast,0,0,
60830,2021-07-26 12:00:00,40.759186,-73.76716,0,0,Unspecified,4440779,31.4,21.8,0.0,0.0,0.0,0.0,3,13.0,25.6,295,Overcast,0,0,
60831,2021-07-26 17:00:00,40.69691,-73.790436,0,0,Driver Inattention/Distraction,4441019,31.4,21.8,0.0,0.0,0.0,0.0,3,13.0,25.6,295,Overcast,0,0,
60832,2021-07-26 17:10:00,40.803787,-73.92023,0,0,Unspecified,4441485,31.4,21.8,0.0,0.0,0.0,0.0,3,13.0,25.6,295,Overcast,0,0,
60833,2021-07-26 18:59:00,40.850315,-73.843124,0,0,Driver Inattention/Distraction,4440935,31.4,21.8,0.0,0.0,0.0,0.0,3,13.0,25.6,295,Overcast,0,0,
60834,2021-07-26 09:13:00,40.690247,-73.82497,1,0,Unspecified,4440739,31.4,21.8,0.0,0.0,0.0,0.0,3,13.0,25.6,295,Overcast,1,1,
60835,2021-07-24 23:15:00,40.72682,-73.78843,0,0,Alcohol Involvement,4441323,26.8,18.2,0.0,0.0,0.0,0.0,3,16.3,31.7,152,Overcast,0,0,
60836,2021-07-26 07:54:00,40.77039,-73.91771,1,0,Unspecified,4441278,31.4,21.8,0.0,0.0,0.0,0.0,3,13.0,25.6,295,Overcast,1,1,
60837,2021-07-26 03:00:00,40.80612,-73.91796,0,0,Unsafe Speed,4440838,31.4,21.8,0.0,0.0,0.0,0.0,3,13.0,25.6,295,Overcast,0,0,
60838,2021-07-26 14:03:00,40.71614,-73.83357,0,0,Passing Too Closely,4440814,31.4,21.8,0.0,0.0,0.0,0.0,3,13.0,25.6,295,Overcast,0,0,
60839,2021-07-26 14:20:00,40.87353,-73.844475,0,0,Unspecified,4441138,31.4,21.8,0.0,0.0,0.0,0.0,3,13.0,25.6,295,Overcast,0,0,
60840,2021-07-26 18:45:00,40.80566,-73.90848,0,0,Passing Too Closely,4441225,31.4,21.8,0.0,0.0,0.0,0.0,3,13.0,25.6,295,Overcast,0,0,
60841,2021-07-26 18:17:00,40.67098,-73.99997,0,0,Passing Too Closely,4440845,31.4,21.8,0.0,0.0,0.0,0.0,3,13.0,25.6,295,Overcast,0,0,
60842,2021-07-24 13:44:00,40.699066,-73.76699,1,0,View Obstructed/Limited,4441500,26.8,18.2,0.0,0.0,0.0,0.0,3,16.3,31.7,152,Overcast,1,1,
60843,2021-07-26 14:00:00,40.700954,-73.825676,0,0,Following Too Closely,4440733,31.4,21.8,0.0,0.0,0.0,0.0,3,13.0,25.6,295,Overcast,0,0,
60844,2021-07-26 11:30:00,40.584557,-73.950874,0,0,Driver Inattention/Distraction,4441441,31.4,21.8,0.0,0.0,0.0,0.0,3,13.0,25.6,295,Overcast,0,0,
60845,2021-07-26 08:30:00,40.66999,-73.85912,1,0,Driver Inattention/Distraction,4440700,31.4,21.8,0.0,0.0,0.0,0.0,3,13.0,25.6,295,Overcast,1,1,
60846,2021-07-17 23:00:00,40.822903,-73.87005,0,0,Driver Inattention/Distraction,4441336,30.8,23.3,5.1,5.1,0.0,5.0,61,17.8,36.4,201,Rain: Light,0,0,
60847,2021-07-26 05:15:00,40.678116,-73.90787,1,0,Failure to Yield Right-of-Way,4440975,31.4,21.8,0.0,0.0,0.0,0.0,3,13.0,25.6,295,Overcast,1,1,
60848,2021-07-26 17:00:00,40.666378,-73.95266,0,0,Driver Inattention/Distraction,4441058,31.4,21.8,0.0,0.0,0.0,0.0,3,13.0,25.6,295,Overcast,0,0,
60849,2021-07-26 07:03:00,40.749607,-73.89687,1,0,Tire Failure/Inadequate,4440760,31.4,21.8,0.0,0.0,0.0,0.0,3,13.0,25.6,295,Overcast,1,1,
60850,2021-07-26 04:35:00,40.68836,-73.91615,1,0,Driver Inattention/Distraction,4440891,31.4,21.8,0.0,0.0,0.0,0.0,3,13.0,25.6,295,Overcast,1,1,
60851,2021-07-26 16:25:00,40.626335,-73.97924,1,0,Unspecified,4441013,31.4,21.8,0.0,0.0,0.0,0.0,3,13.0,25.6,295,Overcast,1,1,
60852,2021-07-26 21:30:00,40.86541,-73.86849,0,0,Unspecified,4440930,31.4,21.8,0.0,0.0,0.0,0.0,3,13.0,25.6,295,Overcast,0,0,
60853,2021-07-26 06:03:00,40.835938,-73.86697,0,0,Unspecified,4440697,31.4,21.8,0.0,0.0,0.0,0.0,3,13.0,25.6,295,Overcast,0,0,
60854,2021-07-26 05:58:00,40.737682,-73.85206,0,0,Unspecified,4440474,31.4,21.8,0.0,0.0,0.0,0.0,3,13.0,25.6,295,Overcast,0,0,
60855,2021-07-26 21:49:00,40.66111,-73.93137,0,0,Unspecified,4440784,31.4,21.8,0.0,0.0,0.0,0.0,3,13.0,25.6,295,Overcast,0,0,
60856,2021-07-23 12:10:00,40.810406,-73.88926,0,0,Unspecified,4441416,26.2,17.3,0.0,0.0,0.0,0.0,1,11.3,27.0,340,Mainly clear,0,0,Sunny/Clear Conditions
60857,2021-07-26 20:30:00,40.701103,-73.92239,1,0,Driver Inattention/Distraction,4440896,31.4,21.8,0.0,0.0,0.0,0.0,3,13.0,25.6,295,Overcast,1,1,
60858,2021-07-26 18:00:00,40.64632,-73.92981,0,0,Driver Inattention/Distraction,4440763,31.4,21.8,0.0,0.0,0.0,0.0,3,13.0,25.6,295,Overcast,0,0,
60859,2021-07-26 15:00:00,40.7315,-73.872086,1,0,Following Too Closely,4441285,31.4,21.8,0.0,0.0,0.0,0.0,3,13.0,25.6,295,Overcast,1,1,
60860,2021-07-26 14:35:00,40.883556,-73.84974,0,0,Tire Failure/Inadequate,4441150,31.4,21.8,0.0,0.0,0.0,0.0,3,13.0,25.6,295,Overcast,0,0,
60861,2021-07-21 08:26:00,40.592846,-73.79616,2,0,Driver Inexperience,4441389,27.6,20.9,1.4,1.4,0.0,4.0,53,16.0,31.3,315,Drizzle: Moderate,2,2,
60862,2021-07-26 23:00:00,40.6277,-74.02933,1,0,Driver Inattention/Distraction,4440808,31.4,21.8,0.0,0.0,0.0,0.0,3,13.0,25.6,295,Overcast,1,1,
60863,2021-07-14 11:19:00,40.813095,-73.89827,1,0,Unspecified,4441413,30.6,21.5,0.8,0.8,0.0,3.0,53,14.5,36.0,191,Drizzle: Moderate,1,1,
60864,2021-07-26 17:28:00,40.708996,-73.92041,0,0,Unspecified,4440952,31.4,21.8,0.0,0.0,0.0,0.0,3,13.0,25.6,295,Overcast,0,0,
60865,2021-07-26 07:05:00,40.69832,-73.962265,0,0,Driver Inattention/Distraction,4441434,31.4,21.8,0.0,0.0,0.0,0.0,3,13.0,25.6,295,Overcast,0,0,
60866,2021-07-25 23:00:00,40.831375,-73.905685,0,0,Unspecified,4441489,28.0,20.3,7.3,7.3,0.0,10.0,63,20.9,43.2,198,Rain: Moderate,0,0,
60867,2021-07-26 09:48:00,40.720375,-74.003265,0,0,Unspecified,4440728,31.4,21.8,0.0,0.0,0.0,0.0,3,13.0,25.6,295,Overcast,0,0,
60868,2021-07-26 11:31:00,40.70927,-73.797325,1,0,Other Vehicular,4440999,31.4,21.8,0.0,0.0,0.0,0.0,3,13.0,25.6,295,Overcast,1,1,
60869,2021-07-26 15:00:00,40.88273,-73.90373,0,0,Unspecified,4441349,31.4,21.8,0.0,0.0,0.0,0.0,3,13.0,25.6,295,Overcast,0,0,
60870,2021-07-26 16:20:00,40.84731,-73.9149,2,0,Driver Inattention/Distraction,4440942,31.4,21.8,0.0,0.0,0.0,0.0,3,13.0,25.6,295,Overcast,2,2,
60871,2021-07-26 11:35:00,40.742435,-73.76516,0,0,Driver Inattention/Distraction,4440711,31.4,21.8,0.0,0.0,0.0,0.0,3,13.0,25.6,295,Overcast,0,0,
60872,2021-07-26 15:50:00,40.69248,-73.85939,0,0,Passing Too Closely,4441075,31.4,21.8,0.0,0.0,0.0,0.0,3,13.0,25.6,295,Overcast,0,0,
60873,2021-07-26 04:02:00,40.785866,-73.950935,0,0,Driver Inattention/Distraction,4441038,31.4,21.8,0.0,0.0,0.0,0.0,3,13.0,25.6,295,Overcast,0,0,
60874,2021-07-26 03:30:00,40.75645,-73.97032,0,0,Driver Inattention/Distraction,4440629,31.4,21.8,0.0,0.0,0.0,0.0,3,13.0,25.6,295,Overcast,0,0,
60875,2021-07-26 23:35:00,40.770718,-73.87887,1,0,Passing or Lane Usage Improper,4441391,31.4,21.8,0.0,0.0,0.0,0.0,3,13.0,25.6,295,Overcast,1,1,
60876,2021-07-22 06:20:00,40.754986,-73.74535,0,0,Passing or Lane Usage Improper,4441447,26.7,17.5,0.0,0.0,0.0,0.0,3,15.3,28.4,327,Overcast,0,0,
60877,2021-07-26 07:30:00,40.67144,-73.79402,0,0,Passing Too Closely,4440868,31.4,21.8,0.0,0.0,0.0,0.0,3,13.0,25.6,295,Overcast,0,0,
60878,2021-07-14 09:30:00,40.6689,-73.97874,0,0,Other Vehicular,4441295,30.6,21.5,0.8,0.8,0.0,3.0,53,14.5,36.0,191,Drizzle: Moderate,0,0,
60879,2021-07-22 02:15:00,40.689445,-73.95513,0,0,Driver Inattention/Distraction,4441306,26.7,17.5,0.0,0.0,0.0,0.0,3,15.3,28.4,327,Overcast,0,0,
60880,2021-07-26 03:10:00,40.66552,-73.74467,1,0,Pavement Slippery,4440423,31.4,21.8,0.0,0.0,0.0,0.0,3,13.0,25.6,295,Overcast,1,1,
60881,2021-07-17 08:16:00,40.77242,-73.97873,1,0,Unsafe Speed,4441421,30.8,23.3,5.1,5.1,0.0,5.0,61,17.8,36.4,201,Rain: Light,1,1,
60882,2021-07-26 11:30:00,40.880764,-73.87663,0,0,Unspecified,4440909,31.4,21.8,0.0,0.0,0.0,0.0,3,13.0,25.6,295,Overcast,0,0,
60883,2021-07-26 20:27:00,40.68111,-73.97531,1,0,Turning Improperly,4440926,31.4,21.8,0.0,0.0,0.0,0.0,3,13.0,25.6,295,Overcast,1,1,
60884,2021-06-29 18:23:00,40.664112,-73.94777,1,0,Driver Inexperience,4441382,33.4,24.0,0.7,0.7,0.0,4.0,51,19.5,40.0,231,Drizzle: Light,1,1,
60885,2021-07-26 22:10:00,40.594315,-73.96342,2,0,Unspecified,4440789,31.4,21.8,0.0,0.0,0.0,0.0,3,13.0,25.6,295,Overcast,2,2,
60886,2021-07-26 18:30:00,40.882427,-73.902306,1,0,Passing or Lane Usage Improper,4441103,31.4,21.8,0.0,0.0,0.0,0.0,3,13.0,25.6,295,Overcast,1,1,
60887,2021-07-26 00:44:00,40.724335,-73.72464,0,0,Unspecified,4440833,31.4,21.8,0.0,0.0,0.0,0.0,3,13.0,25.6,295,Overcast,0,0,
60888,2021-07-21 09:50:00,40.753437,-73.860176,0,0,Unspecified,4441404,27.6,20.9,1.4,1.4,0.0,4.0,53,16.0,31.3,315,Drizzle: Moderate,0,0,
60889,2021-07-26 15:45:00,40.675907,-73.969505,5,0,Reaction to Uninvolved Vehicle,4440921,31.4,21.8,0.0,0.0,0.0,0.0,3,13.0,25.6,295,Overcast,5,5,
60890,2021-07-26 13:49:00,40.66989,-73.93381,1,0,Following Too Closely,4440748,31.4,21.8,0.0,0.0,0.0,0.0,3,13.0,25.6,295,Overcast,1,1,
60891,2021-07-26 05:50:00,40.6775,-73.76289,1,0,Lost Consciousness,4440578,31.4,21.8,0.0,0.0,0.0,0.0,3,13.0,25.6,295,Overcast,1,1,
60892,2021-07-26 16:10:00,40.741814,-73.770325,0,0,Driver Inattention/Distraction,4440992,31.4,21.8,0.0,0.0,0.0,0.0,3,13.0,25.6,295,Overcast,0,0,
60893,2021-07-26 11:30:00,40.644432,-73.9296,0,0,Following Too Closely,4441124,31.4,21.8,0.0,0.0,0.0,0.0,3,13.0,25.6,295,Overcast,0,0,
60894,2021-07-26 04:00:00,40.660294,-73.771736,0,0,Unsafe Speed,4440775,31.4,21.8,0.0,0.0,0.0,0.0,3,13.0,25.6,295,Overcast,0,0,
60895,2021-07-26 00:09:00,40.74206,-73.82453,0,1,Driver Inattention/Distraction,4440769,31.4,21.8,0.0,0.0,0.0,0.0,3,13.0,25.6,295,Overcast,20,1,
60896,2021-07-26 22:11:00,40.839886,-73.86445,0,0,Driver Inattention/Distraction,4441024,31.4,21.8,0.0,0.0,0.0,0.0,3,13.0,25.6,295,Overcast,0,0,
60897,2021-07-26 01:22:00,40.747036,-73.88958,1,0,Driver Inattention/Distraction,4441398,31.4,21.8,0.0,0.0,0.0,0.0,3,13.0,25.6,295,Overcast,1,1,
60898,2021-07-26 16:15:00,40.820877,-73.94517,0,0,Driver Inattention/Distraction,4440820,31.4,21.8,0.0,0.0,0.0,0.0,3,13.0,25.6,295,Overcast,0,0,
60899,2021-07-26 10:42:00,40.63845,-73.99325,0,0,Unspecified,4440873,31.4,21.8,0.0,0.0,0.0,0.0,3,13.0,25.6,295,Overcast,0,0,
60900,2021-07-22 09:20:00,40.71111,-73.831375,2,0,Unspecified,4441328,26.7,17.5,0.0,0.0,0.0,0.0,3,15.3,28.4,327,Overcast,2,2,
60901,2021-07-26 08:30:00,40.83159,-73.90388,0,0,Unspecified,4441265,31.4,21.8,0.0,0.0,0.0,0.0,3,13.0,25.6,295,Overcast,0,0,
60902,2021-07-26 22:42:00,40.637978,-74.01416,0,0,Driver Inattention/Distraction,4440900,31.4,21.8,0.0,0.0,0.0,0.0,3,13.0,25.6,295,Overcast,0,0,
60903,2021-07-26 12:30:00,40.72569,-73.85463,1,0,Driver Inattention/Distraction,4440810,31.4,21.8,0.0,0.0,0.0,0.0,3,13.0,25.6,295,Overcast,1,1,
60904,2021-07-26 04:55:00,40.668964,-73.95059,0,0,Driver Inattention/Distraction,4441456,31.4,21.8,0.0,0.0,0.0,0.0,3,13.0,25.6,295,Overcast,0,0,
60905,2021-07-26 22:59:00,40.65694,-73.76878,1,0,Driver Inattention/Distraction,4441199,31.4,21.8,0.0,0.0,0.0,0.0,3,13.0,25.6,295,Overcast,1,1,
60906,2021-07-26 09:00:00,40.739437,-73.85763,0,0,Driver Inattention/Distraction,4441253,31.4,21.8,0.0,0.0,0.0,0.0,3,13.0,25.6,295,Overcast,0,0,
60907,2020-07-26 19:00:00,40.75415,-73.90877,1,0,Driver Inattention/Distraction,4441280,33.8,23.2,0.0,0.0,0.0,0.0,3,20.2,38.9,260,Overcast,1,1,
60908,2021-07-26 18:08:00,40.65484,-73.9597,0,0,Unspecified,4440840,31.4,21.8,0.0,0.0,0.0,0.0,3,13.0,25.6,295,Overcast,0,0,
60909,2021-10-11 07:04:00,40.8659982,-73.8998013,1,0,Failure to Yield Right-of-Way,4466343,21.7,16.3,0.0,0.0,0.0,0.0,3,25.7,49.7,41,Overcast,1,1,
60910,2022-01-19 09:50:00,40.698036,-73.962845,0,0,Passing Too Closely,4496759,7.6,-4.9,0.0,0.0,0.0,0.0,3,23.5,43.2,208,Overcast,0,0,
60911,2021-10-11 08:15:00,40.8261528,-73.9202583,0,0,Unsafe Lane Changing,4466345,21.7,16.3,0.0,0.0,0.0,0.0,3,25.7,49.7,41,Overcast,0,0,
60912,2022-01-19 10:50:00,40.816994,-73.8858,0,0,Unsafe Speed,4496827,7.6,-4.9,0.0,0.0,0.0,0.0,3,23.5,43.2,208,Overcast,0,0,
60913,2021-10-11 13:45:00,40.8582627,-73.8855523,2,0,Aggressive Driving/Road Rage,4466347,21.7,16.3,0.0,0.0,0.0,0.0,3,25.7,49.7,41,Overcast,2,2,
60914,2021-10-10 23:16:00,40.5955246,-73.7568852,1,0,Traffic Control Disregarded,4466348,18.5,16.0,2.4,2.4,0.0,8.0,53,27.2,52.6,52,Drizzle: Moderate,1,1,
60915,2022-01-19 15:21:00,40.778614,-73.83887,1,0,Glare,4495902,7.6,-4.9,0.0,0.0,0.0,0.0,3,23.5,43.2,208,Overcast,1,1,
60916,2021-10-10 21:30:00,40.7207946,-74.0042532,1,0,Driver Inattention/Distraction,4466350,18.5,16.0,2.4,2.4,0.0,8.0,53,27.2,52.6,52,Drizzle: Moderate,1,1,
60917,2021-10-11 10:00:00,40.753636,-73.918923,0,0,Driver Inattention/Distraction,4466351,21.7,16.3,0.0,0.0,0.0,0.0,3,25.7,49.7,41,Overcast,0,0,
60918,2021-10-01 14:15:00,40.7573294,-73.9450662,0,0,Unspecified,4466352,19.4,9.5,0.0,0.0,0.0,0.0,0,13.8,28.1,302,Clear sky,0,0,Sunny/Clear Conditions
60919,2021-10-11 13:30:00,40.7675151,-73.899295,1,0,Passing or Lane Usage Improper,4466354,21.7,16.3,0.0,0.0,0.0,0.0,3,25.7,49.7,41,Overcast,1,1,
60920,2021-10-11 10:47:00,40.7360016,-74.010035,0,0,Failure to Yield Right-of-Way,4466356,21.7,16.3,0.0,0.0,0.0,0.0,3,25.7,49.7,41,Overcast,0,0,
60921,2021-10-11 21:25:00,40.7110321,-74.0145328,0,0,Unspecified,4466357,21.7,16.3,0.0,0.0,0.0,0.0,3,25.7,49.7,41,Overcast,0,0,
60922,2021-10-10 13:00:00,40.7080591,-73.9225385,1,0,Failure to Yield Right-of-Way,4466358,18.5,16.0,2.4,2.4,0.0,8.0,53,27.2,52.6,52,Drizzle: Moderate,1,1,
60923,2021-10-11 21:04:00,40.6969863,-73.9352238,0,0,Driver Inattention/Distraction,4466359,21.7,16.3,0.0,0.0,0.0,0.0,3,25.7,49.7,41,Overcast,0,0,
60924,2021-10-11 22:30:00,40.7869141,-73.8116143,0,0,View Obstructed/Limited,4466360,21.7,16.3,0.0,0.0,0.0,0.0,3,25.7,49.7,41,Overcast,0,0,
60925,2021-10-10 16:45:00,40.6692484,-73.9128471,0,0,Unspecified,4466362,18.5,16.0,2.4,2.4,0.0,8.0,53,27.2,52.6,52,Drizzle: Moderate,0,0,
60926,2021-10-11 16:49:00,40.6984873,-73.9214352,1,0,Driver Inattention/Distraction,4466364,21.7,16.3,0.0,0.0,0.0,0.0,3,25.7,49.7,41,Overcast,1,1,
60927,2021-10-11 10:20:00,40.734545,-74.000392,0,0,Traffic Control Disregarded,4466365,21.7,16.3,0.0,0.0,0.0,0.0,3,25.7,49.7,41,Overcast,0,0,
60928,2021-10-08 21:29:00,40.680036,-73.9054924,1,0,Passing or Lane Usage Improper,4466366,23.7,14.5,0.0,0.0,0.0,0.0,3,13.0,22.3,94,Overcast,1,1,
60929,2021-10-11 14:15:00,40.659619,-73.9071901,0,0,Failure to Yield Right-of-Way,4466367,21.7,16.3,0.0,0.0,0.0,0.0,3,25.7,49.7,41,Overcast,0,0,
60930,2021-10-09 13:45:00,40.6019562,-73.7454051,1,0,Unspecified,4466368,20.2,15.2,1.2,1.2,0.0,5.0,51,22.8,42.8,71,Drizzle: Light,1,1,
60931,2022-01-19 16:41:00,40.841194,-73.842926,1,0,Unspecified,4496279,7.6,-4.9,0.0,0.0,0.0,0.0,3,23.5,43.2,208,Overcast,1,1,
60932,2022-01-16 05:27:00,40.64143,-74.02098,0,0,Alcohol Involvement,4496259,1.3,-13.5,4.4,0.7,2.59,4.0,75,28.1,47.2,36,Snow fall: Heavy,0,0,Snowy Conditions
60933,2021-10-11 18:55:00,40.6690836,-73.9107349,0,0,Unspecified,4466370,21.7,16.3,0.0,0.0,0.0,0.0,3,25.7,49.7,41,Overcast,0,0,
60934,2021-10-09 19:00:00,40.7322637,-74.0035757,0,0,Failure to Yield Right-of-Way,4466371,20.2,15.2,1.2,1.2,0.0,5.0,51,22.8,42.8,71,Drizzle: Light,0,0,
60935,2021-10-07 23:51:00,40.7341384,-73.9991845,0,0,Driver Inattention/Distraction,4466372,22.4,15.7,0.4,0.4,0.0,4.0,51,10.5,20.5,231,Drizzle: Light,0,0,
60936,2021-10-11 23:45:00,40.8144383,-73.8930727,1,0,Traffic Control Disregarded,4466373,21.7,16.3,0.0,0.0,0.0,0.0,3,25.7,49.7,41,Overcast,1,1,
60937,2021-10-11 11:15:00,40.8201447,-73.8902829,0,0,Unspecified,4466374,21.7,16.3,0.0,0.0,0.0,0.0,3,25.7,49.7,41,Overcast,0,0,
60938,2021-10-11 19:00:00,40.7375662,-74.0099197,2,0,Unsafe Speed,4466375,21.7,16.3,0.0,0.0,0.0,0.0,3,25.7,49.7,41,Overcast,2,2,
60939,2021-10-11 20:36:00,40.7387605,-74.0024069,2,0,Other Vehicular,4466376,21.7,16.3,0.0,0.0,0.0,0.0,3,25.7,49.7,41,Overcast,2,2,
60940,2021-10-10 23:35:00,40.7333917,-74.0042758,0,0,Driver Inexperience,4466377,18.5,16.0,2.4,2.4,0.0,8.0,53,27.2,52.6,52,Drizzle: Moderate,0,0,
60941,2021-10-10 20:18:00,40.8548229,-73.911194,1,0,Driver Inattention/Distraction,4466378,18.5,16.0,2.4,2.4,0.0,8.0,53,27.2,52.6,52,Drizzle: Moderate,1,1,
60942,2021-10-10 23:15:00,40.7225555,-74.0014034,0,0,Failure to Yield Right-of-Way,4466380,18.5,16.0,2.4,2.4,0.0,8.0,53,27.2,52.6,52,Drizzle: Moderate,0,0,
60943,2021-10-11 20:08:00,40.5951359,-73.7532016,1,0,Traffic Control Disregarded,4466381,21.7,16.3,0.0,0.0,0.0,0.0,3,25.7,49.7,41,Overcast,1,1,
60944,2022-01-21 18:10:00,40.65239,-73.92655,1,0,Failure to Yield Right-of-Way,4496599,-5.3,-11.6,0.0,0.0,0.0,0.0,3,21.9,40.0,2,Overcast,1,1,
60945,2022-01-15 23:50:00,40.795536,-73.9481,1,0,Failure to Yield Right-of-Way,4496335,-5.3,-11.1,0.0,0.0,0.0,0.0,3,22.4,46.1,345,Overcast,1,1,
60946,2021-10-11 23:09:00,40.8545875,-73.9018608,0,0,Traffic Control Disregarded,4466384,21.7,16.3,0.0,0.0,0.0,0.0,3,25.7,49.7,41,Overcast,0,0,
60947,2021-10-07 11:30:00,40.6009113,-73.7558751,0,0,Unspecified,4466385,22.4,15.7,0.4,0.4,0.0,4.0,51,10.5,20.5,231,Drizzle: Light,0,0,
60948,2021-10-07 09:15:00,40.5920086,-73.7841102,0,0,Following Too Closely,4466386,22.4,15.7,0.4,0.4,0.0,4.0,51,10.5,20.5,231,Drizzle: Light,0,0,
60949,2022-01-21 10:00:00,40.67935,-73.75035,0,0,Unspecified,4496196,-5.3,-11.6,0.0,0.0,0.0,0.0,3,21.9,40.0,2,Overcast,0,0,
60950,2021-12-23 00:20:00,40.69468,-73.93739,0,0,Driver Inattention/Distraction,4496527,2.1,-2.3,0.0,0.0,0.0,0.0,3,20.1,35.6,299,Overcast,0,0,
60951,2021-10-08 22:50:00,40.5870756,-74.1039242,1,0,Driver Inattention/Distraction,4466389,23.7,14.5,0.0,0.0,0.0,0.0,3,13.0,22.3,94,Overcast,1,1,
60952,2021-10-10 17:00:00,40.6713276,-73.788475,0,0,Passing or Lane Usage Improper,4466391,18.5,16.0,2.4,2.4,0.0,8.0,53,27.2,52.6,52,Drizzle: Moderate,0,0,
60953,2021-10-11 14:15:00,40.5918322,-74.1009755,0,0,Aggressive Driving/Road Rage,4466392,21.7,16.3,0.0,0.0,0.0,0.0,3,25.7,49.7,41,Overcast,0,0,
60954,2021-10-10 18:03:00,40.6825669,-73.7926578,0,0,Passing or Lane Usage Improper,4466393,18.5,16.0,2.4,2.4,0.0,8.0,53,27.2,52.6,52,Drizzle: Moderate,0,0,
60955,2021-10-10 06:30:00,40.6814909,-73.7723227,0,0,Failure to Keep Right,4466394,18.5,16.0,2.4,2.4,0.0,8.0,53,27.2,52.6,52,Drizzle: Moderate,0,0,
60956,2021-10-10 00:35:00,40.6245928,-74.1412853,0,0,Traffic Control Disregarded,4466395,18.5,16.0,2.4,2.4,0.0,8.0,53,27.2,52.6,52,Drizzle: Moderate,0,0,
60957,2021-10-10 06:05:00,40.659745,-73.9006513,0,0,Driver Inattention/Distraction,4466397,18.5,16.0,2.4,2.4,0.0,8.0,53,27.2,52.6,52,Drizzle: Moderate,0,0,
60958,2021-10-10 13:44:00,40.5580789,-74.1132396,0,0,View Obstructed/Limited,4466398,18.5,16.0,2.4,2.4,0.0,8.0,53,27.2,52.6,52,Drizzle: Moderate,0,0,