,CRASH DATETIME,LATITUDE,LONGITUDE,NUMBER OF PERSONS INJURED,NUMBER OF PERSONS KILLED,CONTRIBUTING FACTOR VEHICLE 1,COLLISION_ID,temperature_2m_max,temperature_2m_min,precipitation_sum,rain_sum,snowfall_sum,precipitation_hours,weather_code,wind_speed_10m_max,wind_gusts_10m_max,wind_direction_10m_dominant,Weather Description,Severity_Score,Total_Affected_Persons,Weather_Category
60959,2021-10-11 14:20:00,40.6094034,-74.1165609,0,0,Following Too Closely,4466399,21.7,16.3,0.0,0.0,0.0,0.0,3,25.7,49.7,41,Overcast,0,0,
60960,2021-10-09 11:25:00,40.5979121,-74.0836066,0,0,Unspecified,4466400,20.2,15.2,1.2,1.2,0.0,5.0,51,22.8,42.8,71,Drizzle: Light,0,0,
60961,2021-10-11 10:40:00,40.5644155,-74.1556503,0,0,Unspecified,4466402,21.7,16.3,0.0,0.0,0.0,0.0,3,25.7,49.7,41,Overcast,0,0,
60962,2021-10-11 13:30:00,40.5878767,-74.1653587,0,0,Driver Inattention/Distraction,4466403,21.7,16.3,0.0,0.0,0.0,0.0,3,25.7,49.7,41,Overcast,0,0,
60963,2021-10-11 18:50:00,40.5996102,-74.0886033,0,0,Unsafe Speed,4466404,21.7,16.3,0.0,0.0,0.0,0.0,3,25.7,49.7,41,Overcast,0,0,
60964,2021-10-11 10:20:00,40.6142103,-74.1622868,0,0,Driver Inattention/Distraction,4466406,21.7,16.3,0.0,0.0,0.0,0.0,3,25.7,49.7,41,Overcast,0,0,
60965,2021-10-12 09:00:00,40.6185191,-74.16367,1,0,Following Too Closely,4466407,21.6,15.2,0.0,0.0,0.0,0.0,3,11.8,23.8,81,Overcast,1,1,
60966,2022-01-21 08:18:00,40.895374,-73.86356,0,0,Driver Inattention/Distraction,4496291,-5.3,-11.6,0.0,0.0,0.0,0.0,3,21.9,40.0,2,Overcast,0,0,
60967,2022-09-24 03:20:00,40.636013,-74.14036,0,0,Driver Inattention/Distraction,4566828,20.6,9.5,0.0,0.0,0.0,0.0,3,18.8,37.4,295,Overcast,0,0,
60968,2021-10-08 16:54:00,40.6644448,-73.907512,1,0,Driver Inattention/Distraction,4466410,23.7,14.5,0.0,0.0,0.0,0.0,3,13.0,22.3,94,Overcast,1,1,
60969,2021-10-11 20:05:00,40.5799723,-73.9746526,0,0,Unspecified,4466411,21.7,16.3,0.0,0.0,0.0,0.0,3,25.7,49.7,41,Overcast,0,0,
60970,2021-10-12 07:48:00,40.7357423,-73.8726564,0,0,Driver Inattention/Distraction,4466412,21.6,15.2,0.0,0.0,0.0,0.0,3,11.8,23.8,81,Overcast,0,0,
60971,2021-10-11 11:00:00,40.7440465,-73.881659,0,0,Driver Inattention/Distraction,4466413,21.7,16.3,0.0,0.0,0.0,0.0,3,25.7,49.7,41,Overcast,0,0,
60972,2021-10-10 17:27:00,40.5788242,-73.9862735,0,0,Other Vehicular,4466414,18.5,16.0,2.4,2.4,0.0,8.0,53,27.2,52.6,52,Drizzle: Moderate,0,0,
60973,2021-10-12 00:15:00,40.7396822,-73.8573087,0,0,Driver Inattention/Distraction,4466415,21.6,15.2,0.0,0.0,0.0,0.0,3,11.8,23.8,81,Overcast,0,0,
60974,2021-10-11 12:00:00,40.7221049,-73.7777123,0,0,Passing Too Closely,4466416,21.7,16.3,0.0,0.0,0.0,0.0,3,25.7,49.7,41,Overcast,0,0,
60975,2021-10-11 20:05:00,40.5857583,-73.9744596,0,0,Unspecified,4466417,21.7,16.3,0.0,0.0,0.0,0.0,3,25.7,49.7,41,Overcast,0,0,
60976,2021-10-10 01:21:00,40.7159613,-73.8196413,0,0,Unspecified,4466418,18.5,16.0,2.4,2.4,0.0,8.0,53,27.2,52.6,52,Drizzle: Moderate,0,0,
60977,2021-09-28 22:40:00,40.7285596,-73.8285226,1,0,Alcohol Involvement,4466419,22.1,16.3,12.4,12.4,0.0,9.0,63,19.2,38.5,264,Rain: Moderate,1,1,
60978,2021-10-10 11:45:00,40.6662372,-73.9022418,0,0,Unspecified,4466421,18.5,16.0,2.4,2.4,0.0,8.0,53,27.2,52.6,52,Drizzle: Moderate,0,0,
60979,2021-10-08 12:00:00,40.6715017,-73.9150358,1,0,Driver Inattention/Distraction,4466422,23.7,14.5,0.0,0.0,0.0,0.0,3,13.0,22.3,94,Overcast,1,1,
60980,2021-10-09 20:00:00,40.6708708,-73.9085793,0,0,Driver Inattention/Distraction,4466423,20.2,15.2,1.2,1.2,0.0,5.0,51,22.8,42.8,71,Drizzle: Light,0,0,
60981,2021-10-11 07:15:00,40.6544685,-73.9104395,0,0,Unspecified,4466424,21.7,16.3,0.0,0.0,0.0,0.0,3,25.7,49.7,41,Overcast,0,0,
60982,2021-10-11 03:30:00,40.6698234,-73.9098038,0,0,Unsafe Speed,4466425,21.7,16.3,0.0,0.0,0.0,0.0,3,25.7,49.7,41,Overcast,0,0,
60983,2021-10-08 13:05:00,40.669257,-73.9172777,1,0,Lost Consciousness,4466426,23.7,14.5,0.0,0.0,0.0,0.0,3,13.0,22.3,94,Overcast,1,1,
60984,2021-10-11 15:20:00,40.8246333,-73.9105876,1,0,Unspecified,4466428,21.7,16.3,0.0,0.0,0.0,0.0,3,25.7,49.7,41,Overcast,1,1,
60985,2021-10-10 14:40:00,40.5833519,-73.9669182,1,0,Unspecified,4466405,18.5,16.0,2.4,2.4,0.0,8.0,53,27.2,52.6,52,Drizzle: Moderate,1,1,
60986,2021-10-11 19:01:00,40.8372142,-73.8876222,0,0,Unspecified,4466429,21.7,16.3,0.0,0.0,0.0,0.0,3,25.7,49.7,41,Overcast,0,0,
60987,2021-10-11 15:11:00,40.7988329,-73.9520171,0,0,Passing Too Closely,4466430,21.7,16.3,0.0,0.0,0.0,0.0,3,25.7,49.7,41,Overcast,0,0,
60988,2021-10-07 16:47:00,40.7988329,-73.9520171,1,0,Driver Inattention/Distraction,4466431,22.4,15.7,0.4,0.4,0.0,4.0,51,10.5,20.5,231,Drizzle: Light,1,1,
60989,2021-10-12 08:46:00,40.8032165,-73.9525305,1,0,Driver Inattention/Distraction,4466432,21.6,15.2,0.0,0.0,0.0,0.0,3,11.8,23.8,81,Overcast,1,1,
60990,2022-01-19 15:40:00,40.74014,-73.99935,1,0,Fell Asleep,4496550,7.6,-4.9,0.0,0.0,0.0,0.0,3,23.5,43.2,208,Overcast,1,1,
60991,2021-10-11 07:19:00,40.6081071,-73.7541333,3,0,Traffic Control Disregarded,4466434,21.7,16.3,0.0,0.0,0.0,0.0,3,25.7,49.7,41,Overcast,3,3,
60992,2021-10-11 22:49:00,40.8301369,-73.8918767,1,0,Unspecified,4466435,21.7,16.3,0.0,0.0,0.0,0.0,3,25.7,49.7,41,Overcast,1,1,
60993,2021-10-11 17:00:00,40.8300576,-73.8864096,0,0,Unspecified,4466436,21.7,16.3,0.0,0.0,0.0,0.0,3,25.7,49.7,41,Overcast,0,0,
60994,2021-10-07 09:45:00,40.6073763,-73.754178,0,0,Unspecified,4466437,22.4,15.7,0.4,0.4,0.0,4.0,51,10.5,20.5,231,Drizzle: Light,0,0,
60995,2021-10-07 14:40:00,40.6066288,-73.7482855,0,0,Passing Too Closely,4466438,22.4,15.7,0.4,0.4,0.0,4.0,51,10.5,20.5,231,Drizzle: Light,0,0,
60996,2022-01-20 14:40:00,40.65616,-73.76736,1,0,Driver Inattention/Distraction,4496435,5.2,-5.5,7.3,4.6,1.89,10.0,73,22.3,40.0,315,Snow fall: Moderate,1,1,Snowy Conditions
60997,2021-10-09 18:44:00,40.6579423,-73.9077366,2,0,Unspecified,4466441,20.2,15.2,1.2,1.2,0.0,5.0,51,22.8,42.8,71,Drizzle: Light,2,2,
60998,2021-10-08 15:14:00,40.6716074,-73.9169427,1,0,Unspecified,4466442,23.7,14.5,0.0,0.0,0.0,0.0,3,13.0,22.3,94,Overcast,1,1,
60999,2021-10-01 17:32:00,40.6742806,-73.9166906,0,0,Backing Unsafely,4466443,19.4,9.5,0.0,0.0,0.0,0.0,0,13.8,28.1,302,Clear sky,0,0,Sunny/Clear Conditions
61000,2021-10-08 21:40:00,40.6687091,-73.9173068,0,0,Unspecified,4466444,23.7,14.5,0.0,0.0,0.0,0.0,3,13.0,22.3,94,Overcast,0,0,
61001,2021-10-05 10:00:00,40.6753803,-73.9081956,1,0,Driver Inattention/Distraction,4466445,19.9,15.0,0.0,0.0,0.0,0.0,3,14.5,28.1,46,Overcast,1,1,
61002,2021-10-12 08:30:00,40.659756,-73.9067769,0,0,Unspecified,4466446,21.6,15.2,0.0,0.0,0.0,0.0,3,11.8,23.8,81,Overcast,0,0,
61003,2022-01-16 04:27:00,40.69319,-73.89575,0,0,Unspecified,4496644,1.3,-13.5,4.4,0.7,2.59,4.0,75,28.1,47.2,36,Snow fall: Heavy,0,0,Snowy Conditions
61004,2021-10-07 16:25:00,40.5951403,-73.7539866,1,0,Unsafe Speed,4466448,22.4,15.7,0.4,0.4,0.0,4.0,51,10.5,20.5,231,Drizzle: Light,1,1,
61005,2021-10-11 06:31:00,40.815093,-73.9404596,0,0,Passing Too Closely,4466450,21.7,16.3,0.0,0.0,0.0,0.0,3,25.7,49.7,41,Overcast,0,0,
61006,2021-10-08 08:30:00,40.6000251,-73.757404,0,0,Reaction to Uninvolved Vehicle,4466451,23.7,14.5,0.0,0.0,0.0,0.0,3,13.0,22.3,94,Overcast,0,0,
61007,2021-10-05 14:25:00,40.7875154,-73.938297,1,0,Unsafe Lane Changing,4466452,19.9,15.0,0.0,0.0,0.0,0.0,3,14.5,28.1,46,Overcast,1,1,
61008,2021-09-30 15:42:00,40.7050781,-73.8010858,1,0,Unsafe Lane Changing,4466453,18.8,13.1,0.0,0.0,0.0,0.0,3,18.1,37.4,330,Overcast,1,1,
61009,2021-10-11 09:50:00,40.8529554,-73.8431525,2,0,Traffic Control Disregarded,4466454,21.7,16.3,0.0,0.0,0.0,0.0,3,25.7,49.7,41,Overcast,2,2,
61010,2021-10-09 13:30:00,40.5958232,-73.7500074,0,0,Passing Too Closely,4466455,20.2,15.2,1.2,1.2,0.0,5.0,51,22.8,42.8,71,Drizzle: Light,0,0,
61011,2021-10-11 15:00:00,40.853685,-73.8691664,1,0,Driver Inattention/Distraction,4466457,21.7,16.3,0.0,0.0,0.0,0.0,3,25.7,49.7,41,Overcast,1,1,
61012,2021-10-11 22:49:00,40.8652228,-73.8361856,1,0,Driver Inattention/Distraction,4466458,21.7,16.3,0.0,0.0,0.0,0.0,3,25.7,49.7,41,Overcast,1,1,
61013,2021-10-12 06:10:00,40.8399338,-73.9328562,2,0,Reaction to Uninvolved Vehicle,4466459,21.6,15.2,0.0,0.0,0.0,0.0,3,11.8,23.8,81,Overcast,2,2,
61014,2021-10-08 14:50:00,40.6224353,-74.1500054,0,0,Driver Inattention/Distraction,4466460,23.7,14.5,0.0,0.0,0.0,0.0,3,13.0,22.3,94,Overcast,0,0,
61015,2022-01-21 15:54:00,40.846745,-73.84978,1,0,View Obstructed/Limited,4496329,-5.3,-11.6,0.0,0.0,0.0,0.0,3,21.9,40.0,2,Overcast,1,1,
61016,2021-10-12 08:45:00,40.6792565,-73.8117043,1,0,Other Vehicular,4466462,21.6,15.2,0.0,0.0,0.0,0.0,3,11.8,23.8,81,Overcast,1,1,
61017,2021-10-10 19:25:00,40.6022084,-73.7470066,0,0,Unspecified,4466463,18.5,16.0,2.4,2.4,0.0,8.0,53,27.2,52.6,52,Drizzle: Moderate,0,0,
61018,2021-10-06 11:15:00,40.7609926,-73.990759,1,0,Pedestrian/Bicyclist/Other Pedestrian Error/Confusion,4466465,20.3,16.0,0.1,0.1,0.0,1.0,51,6.5,14.0,28,Drizzle: Light,1,1,
61019,2022-01-21 08:30:00,40.88136,-73.88138,0,0,Unspecified,4496837,-5.3,-11.6,0.0,0.0,0.0,0.0,3,21.9,40.0,2,Overcast,0,0,
61020,2022-01-19 16:12:00,40.713875,-73.97703,1,0,Driver Inattention/Distraction,4495957,7.6,-4.9,0.0,0.0,0.0,0.0,3,23.5,43.2,208,Overcast,1,1,
61021,2021-10-12 08:00:00,40.6215623,-74.0091393,0,0,Following Too Closely,4466468,21.6,15.2,0.0,0.0,0.0,0.0,3,11.8,23.8,81,Overcast,0,0,
61022,2021-10-09 11:58:00,40.7079009,-73.8488839,4,0,Following Too Closely,4466469,20.2,15.2,1.2,1.2,0.0,5.0,51,22.8,42.8,71,Drizzle: Light,4,4,
61023,2021-10-12 09:00:00,40.6383995,-73.9704763,0,0,Unspecified,4466470,21.6,15.2,0.0,0.0,0.0,0.0,3,11.8,23.8,81,Overcast,0,0,
61024,2022-01-19 17:20:00,40.870697,-73.84332,1,0,Passing or Lane Usage Improper,4495823,7.6,-4.9,0.0,0.0,0.0,0.0,3,23.5,43.2,208,Overcast,1,1,
61025,2021-10-08 16:04:00,40.6656643,-73.9973462,1,0,Unspecified,4466472,23.7,14.5,0.0,0.0,0.0,0.0,3,13.0,22.3,94,Overcast,1,1,
61026,2021-10-12 10:25:00,40.8688807,-73.8796111,1,0,Pedestrian/Bicyclist/Other Pedestrian Error/Confusion,4466474,21.6,15.2,0.0,0.0,0.0,0.0,3,11.8,23.8,81,Overcast,1,1,
61027,2021-10-11 12:18:00,40.8730311,-73.8565525,0,0,Driver Inattention/Distraction,4466475,21.7,16.3,0.0,0.0,0.0,0.0,3,25.7,49.7,41,Overcast,0,0,
61028,2022-01-19 07:50:00,40.687748,-73.7618,0,0,Passing or Lane Usage Improper,4495729,7.6,-4.9,0.0,0.0,0.0,0.0,3,23.5,43.2,208,Overcast,0,0,
61029,2021-10-06 06:15:00,40.7468134,-74.0079578,0,0,Unsafe Lane Changing,4466478,20.3,16.0,0.1,0.1,0.0,1.0,51,6.5,14.0,28,Drizzle: Light,0,0,
61030,2021-10-11 09:40:00,40.8884565,-73.841962,1,0,Failure to Yield Right-of-Way,4466479,21.7,16.3,0.0,0.0,0.0,0.0,3,25.7,49.7,41,Overcast,1,1,
61031,2021-10-10 00:17:00,40.614026,-74.084783,0,0,Driver Inattention/Distraction,4466480,18.5,16.0,2.4,2.4,0.0,8.0,53,27.2,52.6,52,Drizzle: Moderate,0,0,
61032,2021-10-08 04:25:00,40.7459518,-73.9980079,0,0,Driver Inattention/Distraction,4466481,23.7,14.5,0.0,0.0,0.0,0.0,3,13.0,22.3,94,Overcast,0,0,
61033,2021-10-11 15:51:00,40.619258,-74.0803338,0,0,Accelerator Defective,4466482,21.7,16.3,0.0,0.0,0.0,0.0,3,25.7,49.7,41,Overcast,0,0,
61034,2021-10-12 10:18:00,40.69041,-73.7555643,1,0,Failure to Yield Right-of-Way,4466483,21.6,15.2,0.0,0.0,0.0,0.0,3,11.8,23.8,81,Overcast,1,1,
61035,2021-10-10 04:30:00,40.6022948,-73.7586202,1,0,Unspecified,4466484,18.5,16.0,2.4,2.4,0.0,8.0,53,27.2,52.6,52,Drizzle: Moderate,1,1,
61036,2022-01-19 09:28:00,40.598236,-73.75426,0,0,Driver Inattention/Distraction,4496003,7.6,-4.9,0.0,0.0,0.0,0.0,3,23.5,43.2,208,Overcast,0,0,
61037,2021-10-06 00:05:00,40.7570653,-74.001054,0,0,Unsafe Lane Changing,4466486,20.3,16.0,0.1,0.1,0.0,1.0,51,6.5,14.0,28,Drizzle: Light,0,0,
61038,2021-10-06 08:50:00,40.7576718,-73.9948239,0,0,Following Too Closely,4466487,20.3,16.0,0.1,0.1,0.0,1.0,51,6.5,14.0,28,Drizzle: Light,0,0,
61039,2021-10-06 12:05:00,40.7440605,-74.0068099,0,0,Following Too Closely,4466488,20.3,16.0,0.1,0.1,0.0,1.0,51,6.5,14.0,28,Drizzle: Light,0,0,
61040,2021-10-06 17:00:00,40.758981,-73.9959428,0,0,Passing or Lane Usage Improper,4466489,20.3,16.0,0.1,0.1,0.0,1.0,51,6.5,14.0,28,Drizzle: Light,0,0,
61041,2021-10-10 18:00:00,40.5989704,-73.7393372,0,0,Unspecified,4466490,18.5,16.0,2.4,2.4,0.0,8.0,53,27.2,52.6,52,Drizzle: Moderate,0,0,
61042,2021-10-11 07:25:00,40.6585778,-73.8906229,0,0,Unspecified,4466491,21.7,16.3,0.0,0.0,0.0,0.0,3,25.7,49.7,41,Overcast,0,0,
61043,2021-10-11 12:16:00,40.6668534,-73.8906923,2,0,Unspecified,4466492,21.7,16.3,0.0,0.0,0.0,0.0,3,25.7,49.7,41,Overcast,2,2,
61044,2021-10-11 11:30:00,40.6687913,-73.8891663,0,0,Unspecified,4466493,21.7,16.3,0.0,0.0,0.0,0.0,3,25.7,49.7,41,Overcast,0,0,
61045,2021-10-09 16:00:00,40.6705544,-73.8953248,0,0,Alcohol Involvement,4466494,20.2,15.2,1.2,1.2,0.0,5.0,51,22.8,42.8,71,Drizzle: Light,0,0,
61046,2021-10-11 18:30:00,40.659121,-73.8725869,0,0,Driver Inattention/Distraction,4466495,21.7,16.3,0.0,0.0,0.0,0.0,3,25.7,49.7,41,Overcast,0,0,
61047,2021-10-09 09:30:00,40.6498926,-73.8860314,0,0,Unspecified,4466496,20.2,15.2,1.2,1.2,0.0,5.0,51,22.8,42.8,71,Drizzle: Light,0,0,
61048,2021-10-11 11:30:00,40.6667077,-73.8718221,0,0,Unspecified,4466497,21.7,16.3,0.0,0.0,0.0,0.0,3,25.7,49.7,41,Overcast,0,0,
61049,2021-10-11 11:00:00,40.67493,-73.866067,0,0,Unspecified,4466498,21.7,16.3,0.0,0.0,0.0,0.0,3,25.7,49.7,41,Overcast,0,0,
61050,2021-10-05 09:10:00,40.6869382,-73.8732219,0,0,Unspecified,4466499,19.9,15.0,0.0,0.0,0.0,0.0,3,14.5,28.1,46,Overcast,0,0,
61051,2021-10-11 13:31:00,40.6611568,-73.8710038,0,0,Unspecified,4466500,21.7,16.3,0.0,0.0,0.0,0.0,3,25.7,49.7,41,Overcast,0,0,
61052,2021-10-11 17:15:00,40.6823715,-73.8641015,1,0,Driver Inattention/Distraction,4466501,21.7,16.3,0.0,0.0,0.0,0.0,3,25.7,49.7,41,Overcast,1,1,
61053,2021-10-11 19:56:00,40.6885631,-73.8757069,3,0,Unsafe Speed,4466502,21.7,16.3,0.0,0.0,0.0,0.0,3,25.7,49.7,41,Overcast,3,3,
61054,2021-10-11 22:35:00,40.6555642,-73.8797328,0,0,Oversized Vehicle,4466503,21.7,16.3,0.0,0.0,0.0,0.0,3,25.7,49.7,41,Overcast,0,0,
61055,2021-10-12 08:10:00,40.6735747,-73.9020767,1,0,Unspecified,4466504,21.6,15.2,0.0,0.0,0.0,0.0,3,11.8,23.8,81,Overcast,1,1,
61056,2021-10-12 09:31:00,40.6662545,-73.8620436,0,0,Unspecified,4466505,21.6,15.2,0.0,0.0,0.0,0.0,3,11.8,23.8,81,Overcast,0,0,
61057,2021-10-12 09:35:00,40.7283988,-73.8330164,0,0,Driver Inattention/Distraction,4466506,21.6,15.2,0.0,0.0,0.0,0.0,3,11.8,23.8,81,Overcast,0,0,
61058,2021-10-12 11:18:00,40.6678344,-73.8948325,1,0,Unspecified,4466507,21.6,15.2,0.0,0.0,0.0,0.0,3,11.8,23.8,81,Overcast,1,1,
61059,2021-10-12 08:30:00,40.7149604,-73.7961132,0,0,Unspecified,4466508,21.6,15.2,0.0,0.0,0.0,0.0,3,11.8,23.8,81,Overcast,0,0,
61060,2021-10-12 11:00:00,40.6774998,-73.8714805,1,0,Unspecified,4466509,21.6,15.2,0.0,0.0,0.0,0.0,3,11.8,23.8,81,Overcast,1,1,
61061,2021-09-06 05:10:00,40.6355144,-73.980843,2,0,Failure to Yield Right-of-Way,4466510,26.9,18.4,0.0,0.0,0.0,0.0,3,19.6,37.8,273,Overcast,2,2,
61062,2021-10-10 19:38:00,40.6408838,-73.972644,1,0,Unspecified,4466511,18.5,16.0,2.4,2.4,0.0,8.0,53,27.2,52.6,52,Drizzle: Moderate,1,1,
61063,2022-09-18 03:30:00,40.63157,-74.0775,0,0,Alcohol Involvement,4567386,28.7,17.1,0.0,0.0,0.0,0.0,3,20.2,36.7,233,Overcast,0,0,
61064,2021-07-27 10:30:00,40.66511,-73.981415,0,0,Unspecified,4441293,30.4,19.1,0.2,0.2,0.0,2.0,51,19.5,38.9,206,Drizzle: Light,0,0,
61065,2021-10-08 13:00:00,40.6263574,-74.1323009,1,0,Driver Inattention/Distraction,4466514,23.7,14.5,0.0,0.0,0.0,0.0,3,13.0,22.3,94,Overcast,1,1,
61066,2021-10-12 12:50:00,40.6354682,-74.1660347,0,0,Driver Inattention/Distraction,4466515,21.6,15.2,0.0,0.0,0.0,0.0,3,11.8,23.8,81,Overcast,0,0,
61067,2021-09-30 16:00:00,40.7845155,-73.9498247,1,0,Driver Inattention/Distraction,4466517,18.8,13.1,0.0,0.0,0.0,0.0,3,18.1,37.4,330,Overcast,1,1,
61068,2022-01-20 12:40:00,40.596745,-73.985275,1,0,Driver Inattention/Distraction,4496049,5.2,-5.5,7.3,4.6,1.89,10.0,73,22.3,40.0,315,Snow fall: Moderate,1,1,Snowy Conditions
61069,2021-10-12 06:40:00,40.7119207,-73.7332728,0,0,Traffic Control Disregarded,4466519,21.6,15.2,0.0,0.0,0.0,0.0,3,11.8,23.8,81,Overcast,0,0,
61070,2021-10-11 22:46:00,40.6926401,-73.761416,0,0,Passing Too Closely,4466520,21.7,16.3,0.0,0.0,0.0,0.0,3,25.7,49.7,41,Overcast,0,0,
61071,2021-10-10 04:50:00,40.8509074,-73.9382837,1,0,Unspecified,4466521,18.5,16.0,2.4,2.4,0.0,8.0,53,27.2,52.6,52,Drizzle: Moderate,1,1,
61072,2021-10-06 05:10:00,40.7520753,-73.7210967,1,0,Unspecified,4466522,20.3,16.0,0.1,0.1,0.0,1.0,51,6.5,14.0,28,Drizzle: Light,1,1,
61073,2021-10-12 06:25:00,40.6997814,-73.7432788,0,0,Traffic Control Disregarded,4466523,21.6,15.2,0.0,0.0,0.0,0.0,3,11.8,23.8,81,Overcast,0,0,
61074,2021-10-09 12:31:00,40.6652813,-73.7356112,0,0,Failure to Yield Right-of-Way,4466524,20.2,15.2,1.2,1.2,0.0,5.0,51,22.8,42.8,71,Drizzle: Light,0,0,
61075,2021-10-11 15:30:00,40.8626134,-73.9285984,2,0,Turning Improperly,4466525,21.7,16.3,0.0,0.0,0.0,0.0,3,25.7,49.7,41,Overcast,2,2,
61076,2021-10-11 18:57:00,40.7489568,-73.8713571,1,0,Pedestrian/Bicyclist/Other Pedestrian Error/Confusion,4466526,21.7,16.3,0.0,0.0,0.0,0.0,3,25.7,49.7,41,Overcast,1,1,
61077,2022-01-19 16:40:00,40.8097,-73.90304,0,0,Unspecified,4495862,7.6,-4.9,0.0,0.0,0.0,0.0,3,23.5,43.2,208,Overcast,0,0,
61078,2021-10-11 17:20:00,40.7602854,-73.8771849,0,0,Unspecified,4466528,21.7,16.3,0.0,0.0,0.0,0.0,3,25.7,49.7,41,Overcast,0,0,
61079,2021-10-11 15:00:00,40.7517938,-73.8628894,0,0,Unspecified,4466529,21.7,16.3,0.0,0.0,0.0,0.0,3,25.7,49.7,41,Overcast,0,0,
61080,2021-10-12 11:47:00,40.705837,-73.9024549,0,0,Passing or Lane Usage Improper,4466531,21.6,15.2,0.0,0.0,0.0,0.0,3,11.8,23.8,81,Overcast,0,0,
61081,2021-10-06 19:15:00,40.7092306,-73.8701786,1,0,Driver Inattention/Distraction,4466532,20.3,16.0,0.1,0.1,0.0,1.0,51,6.5,14.0,28,Drizzle: Light,1,1,
61082,2021-10-07 16:00:00,40.6962506,-73.8942864,1,0,Unspecified,4466533,22.4,15.7,0.4,0.4,0.0,4.0,51,10.5,20.5,231,Drizzle: Light,1,1,
61083,2021-10-12 08:44:00,40.6114516,-73.95867,0,0,Driver Inattention/Distraction,4466534,21.6,15.2,0.0,0.0,0.0,0.0,3,11.8,23.8,81,Overcast,0,0,
61084,2022-01-19 13:15:00,40.85223,-73.87141,0,0,Driver Inattention/Distraction,4495854,7.6,-4.9,0.0,0.0,0.0,0.0,3,23.5,43.2,208,Overcast,0,0,
61085,2021-10-09 11:50:00,40.6939271,-73.8987876,1,0,Pedestrian/Bicyclist/Other Pedestrian Error/Confusion,4466537,20.2,15.2,1.2,1.2,0.0,5.0,51,22.8,42.8,71,Drizzle: Light,1,1,
61086,2021-10-12 15:10:00,40.5944424,-74.1589678,0,0,Following Too Closely,4466538,21.6,15.2,0.0,0.0,0.0,0.0,3,11.8,23.8,81,Overcast,0,0,
61087,2021-10-11 14:00:00,40.6056539,-74.1657741,0,0,Unspecified,4466539,21.7,16.3,0.0,0.0,0.0,0.0,3,25.7,49.7,41,Overcast,0,0,
61088,2021-10-05 20:00:00,40.688712,-73.9549775,0,0,Driver Inattention/Distraction,4466540,19.9,15.0,0.0,0.0,0.0,0.0,3,14.5,28.1,46,Overcast,0,0,
61089,2021-10-09 17:33:00,40.6985403,-73.9411512,1,0,Passing Too Closely,4466541,20.2,15.2,1.2,1.2,0.0,5.0,51,22.8,42.8,71,Drizzle: Light,1,1,
61090,2021-10-11 14:10:00,40.769222,-73.967316,1,0,Backing Unsafely,4466516,21.7,16.3,0.0,0.0,0.0,0.0,3,25.7,49.7,41,Overcast,1,1,
61091,2022-01-19 23:00:00,40.756382,-73.96433,0,0,Driver Inattention/Distraction,4496022,7.6,-4.9,0.0,0.0,0.0,0.0,3,23.5,43.2,208,Overcast,0,0,
61092,2022-01-20 00:00:00,40.609417,-73.9677,2,0,Driver Inattention/Distraction,4496141,5.2,-5.5,7.3,4.6,1.89,10.0,73,22.3,40.0,315,Snow fall: Moderate,2,2,Snowy Conditions
61093,2021-10-12 12:40:00,40.6826323,-73.8512095,0,0,Driver Inexperience,4466545,21.6,15.2,0.0,0.0,0.0,0.0,3,11.8,23.8,81,Overcast,0,0,
61094,2021-10-11 02:20:00,40.7468448,-73.8914308,0,0,Alcohol Involvement,4466546,21.7,16.3,0.0,0.0,0.0,0.0,3,25.7,49.7,41,Overcast,0,0,
61095,2021-10-11 23:00:00,40.7103517,-73.7938951,1,0,Unspecified,4466547,21.7,16.3,0.0,0.0,0.0,0.0,3,25.7,49.7,41,Overcast,1,1,
61096,2021-10-11 18:50:00,40.7012377,-73.794641,0,0,Failure to Yield Right-of-Way,4466548,21.7,16.3,0.0,0.0,0.0,0.0,3,25.7,49.7,41,Overcast,0,0,
61097,2021-10-11 22:41:00,40.6857669,-73.8066379,1,0,View Obstructed/Limited,4466549,21.7,16.3,0.0,0.0,0.0,0.0,3,25.7,49.7,41,Overcast,1,1,
61098,2021-10-12 12:30:00,40.8542507,-73.8658847,0,0,Unspecified,4466550,21.6,15.2,0.0,0.0,0.0,0.0,3,11.8,23.8,81,Overcast,0,0,
61099,2021-10-11 22:32:00,40.6937956,-73.8117259,0,0,Unsafe Lane Changing,4466551,21.7,16.3,0.0,0.0,0.0,0.0,3,25.7,49.7,41,Overcast,0,0,
61100,2021-10-12 13:50:00,40.6781823,-73.8706969,0,0,Unspecified,4466552,21.6,15.2,0.0,0.0,0.0,0.0,3,11.8,23.8,81,Overcast,0,0,
61101,2021-10-12 14:10:00,40.6827493,-73.8753608,0,0,Unspecified,4466553,21.6,15.2,0.0,0.0,0.0,0.0,3,11.8,23.8,81,Overcast,0,0,
61102,2022-01-11 19:00:00,40.75193,-73.990814,0,0,Passing Too Closely,4496740,-4.2,-8.8,0.0,0.0,0.0,0.0,1,26.7,50.8,316,Mainly clear,0,0,Sunny/Clear Conditions
61103,2021-10-11 01:21:00,40.745287,-73.9887294,0,0,Unsafe Speed,4466555,21.7,16.3,0.0,0.0,0.0,0.0,3,25.7,49.7,41,Overcast,0,0,
61104,2021-10-02 09:13:00,40.8289244,-73.8384047,0,0,Unspecified,4466556,23.7,10.8,0.0,0.0,0.0,0.0,3,17.0,34.2,254,Overcast,0,0,
61105,2021-10-06 00:00:00,40.5642549,-74.1043278,0,0,Unspecified,4466558,20.3,16.0,0.1,0.1,0.0,1.0,51,6.5,14.0,28,Drizzle: Light,0,0,