,CRASH DATETIME,LATITUDE,LONGITUDE,NUMBER OF PERSONS INJURED,NUMBER OF PERSONS KILLED,CONTRIBUTING FACTOR VEHICLE 1,COLLISION_ID,temperature_2m_max,temperature_2m_min,precipitation_sum,rain_sum,snowfall_sum,precipitation_hours,weather_code,wind_speed_10m_max,wind_gusts_10m_max,wind_direction_10m_dominant,Weather Description,Severity_Score,Total_Affected_Persons,Weather_Category
61106,2021-10-12 08:55:00,40.7991318,-73.9666629,0,0,Aggressive Driving/Road Rage,4466559,21.6,15.2,0.0,0.0,0.0,0.0,3,11.8,23.8,81,Overcast,0,0,
61107,2022-01-21 12:06:00,40.615227,-74.01272,0,0,Unsafe Lane Changing,4496382,-5.3,-11.6,0.0,0.0,0.0,0.0,3,21.9,40.0,2,Overcast,0,0,
61108,2021-10-12 13:25:00,40.7725539,-73.7722858,0,0,Failure to Yield Right-of-Way,4466562,21.6,15.2,0.0,0.0,0.0,0.0,3,11.8,23.8,81,Overcast,0,0,
61109,2021-10-12 16:30:00,40.6541334,-73.9123297,0,0,Driver Inattention/Distraction,4466563,21.6,15.2,0.0,0.0,0.0,0.0,3,11.8,23.8,81,Overcast,0,0,
61110,2021-10-10 23:17:00,40.6374087,-73.9471322,0,0,Driver Inattention/Distraction,4466565,18.5,16.0,2.4,2.4,0.0,8.0,53,27.2,52.6,52,Drizzle: Moderate,0,0,
61111,2021-10-11 10:30:00,40.6500012,-73.9299072,0,0,Backing Unsafely,4466566,21.7,16.3,0.0,0.0,0.0,0.0,3,25.7,49.7,41,Overcast,0,0,
61112,2021-10-11 20:50:00,40.6485398,-73.9242472,1,0,Alcohol Involvement,4466567,21.7,16.3,0.0,0.0,0.0,0.0,3,25.7,49.7,41,Overcast,1,1,
61113,2021-10-12 08:30:00,40.6465591,-73.9259215,0,0,Outside Car Distraction,4466568,21.6,15.2,0.0,0.0,0.0,0.0,3,11.8,23.8,81,Overcast,0,0,
61114,2021-10-12 14:50:00,40.6395223,-74.0848658,4,0,Failure to Yield Right-of-Way,4466570,21.6,15.2,0.0,0.0,0.0,0.0,3,11.8,23.8,81,Overcast,4,4,
61115,2021-10-12 15:20:00,40.6333355,-74.0161278,0,0,Unsafe Lane Changing,4466571,21.6,15.2,0.0,0.0,0.0,0.0,3,11.8,23.8,81,Overcast,0,0,
61116,2021-10-12 16:33:00,40.6369521,-74.0224794,1,0,Unspecified,4466572,21.6,15.2,0.0,0.0,0.0,0.0,3,11.8,23.8,81,Overcast,1,1,
61117,2022-01-20 06:24:00,40.660267,-73.92141,1,0,Failure to Yield Right-of-Way,4496567,5.2,-5.5,7.3,4.6,1.89,10.0,73,22.3,40.0,315,Snow fall: Moderate,1,1,Snowy Conditions
61118,2021-10-05 22:00:00,40.6741976,-73.7560635,1,0,Unspecified,4466574,19.9,15.0,0.0,0.0,0.0,0.0,3,14.5,28.1,46,Overcast,1,1,
61119,2021-10-12 09:10:00,40.7236414,-73.7557707,1,0,Failure to Yield Right-of-Way,4466575,21.6,15.2,0.0,0.0,0.0,0.0,3,11.8,23.8,81,Overcast,1,1,
61120,2021-10-12 17:10:00,40.8624717,-73.9002838,0,0,Driver Inattention/Distraction,4466576,21.6,15.2,0.0,0.0,0.0,0.0,3,11.8,23.8,81,Overcast,0,0,
61121,2021-10-12 17:15:00,40.7159904,-73.8720845,0,0,Passing Too Closely,4466577,21.6,15.2,0.0,0.0,0.0,0.0,3,11.8,23.8,81,Overcast,0,0,
61122,2021-10-12 15:32:00,40.6610209,-73.766602,2,0,Aggressive Driving/Road Rage,4466578,21.6,15.2,0.0,0.0,0.0,0.0,3,11.8,23.8,81,Overcast,2,2,
61123,2021-08-16 01:00:00,40.8774659,-73.8476228,0,0,Other Vehicular,4466579,26.6,19.9,0.0,0.0,0.0,0.0,3,17.7,33.8,121,Overcast,0,0,
61124,2022-01-19 12:14:00,40.7065,-73.91701,0,0,Backing Unsafely,4495895,7.6,-4.9,0.0,0.0,0.0,0.0,3,23.5,43.2,208,Overcast,0,0,
61125,2021-10-12 16:00:00,40.6998217,-73.8327537,1,0,Unsafe Speed,4466581,21.6,15.2,0.0,0.0,0.0,0.0,3,11.8,23.8,81,Overcast,1,1,
61126,2021-10-11 15:00:00,40.7045039,-73.8174195,1,0,Following Too Closely,4466582,21.7,16.3,0.0,0.0,0.0,0.0,3,25.7,49.7,41,Overcast,1,1,
61127,2021-10-12 14:40:00,40.879465,-73.8524848,2,0,Driver Inattention/Distraction,4466583,21.6,15.2,0.0,0.0,0.0,0.0,3,11.8,23.8,81,Overcast,2,2,
61128,2021-10-11 18:18:00,40.6952041,-73.8492899,1,0,Backing Unsafely,4466584,21.7,16.3,0.0,0.0,0.0,0.0,3,25.7,49.7,41,Overcast,1,1,
61129,2021-10-11 14:00:00,40.7209677,-73.9821677,0,0,Other Vehicular,4466585,21.7,16.3,0.0,0.0,0.0,0.0,3,25.7,49.7,41,Overcast,0,0,
61130,2021-10-11 12:00:00,40.6440161,-74.0178514,0,0,Unspecified,4466586,21.7,16.3,0.0,0.0,0.0,0.0,3,25.7,49.7,41,Overcast,0,0,
61131,2021-10-12 16:30:00,40.6623073,-73.9887304,1,0,Following Too Closely,4466587,21.6,15.2,0.0,0.0,0.0,0.0,3,11.8,23.8,81,Overcast,1,1,
61132,2021-10-12 12:45:00,40.6614055,-73.9906938,0,0,Following Too Closely,4466588,21.6,15.2,0.0,0.0,0.0,0.0,3,11.8,23.8,81,Overcast,0,0,
61133,2021-10-12 10:10:00,40.7256184,-73.8510251,1,0,Failure to Yield Right-of-Way,4466591,21.6,15.2,0.0,0.0,0.0,0.0,3,11.8,23.8,81,Overcast,1,1,
61134,2022-01-19 19:44:00,40.579197,-73.98195,0,0,Turning Improperly,4495927,7.6,-4.9,0.0,0.0,0.0,0.0,3,23.5,43.2,208,Overcast,0,0,
61135,2021-10-11 11:00:00,40.7672697,-73.8290439,0,0,Following Too Closely,4466593,21.7,16.3,0.0,0.0,0.0,0.0,3,25.7,49.7,41,Overcast,0,0,
61136,2022-01-20 13:49:00,40.79149,-73.93577,1,0,Reaction to Uninvolved Vehicle,4496117,5.2,-5.5,7.3,4.6,1.89,10.0,73,22.3,40.0,315,Snow fall: Moderate,1,1,Snowy Conditions
61137,2022-01-19 14:35:00,40.895447,-73.88002,0,0,Turning Improperly,4496080,7.6,-4.9,0.0,0.0,0.0,0.0,3,23.5,43.2,208,Overcast,0,0,
61138,2021-10-11 23:30:00,40.8537155,-73.8718608,0,0,Unsafe Speed,4466598,21.7,16.3,0.0,0.0,0.0,0.0,3,25.7,49.7,41,Overcast,0,0,
61139,2022-01-20 08:45:00,40.70361,-73.8367,0,0,Backing Unsafely,4496186,5.2,-5.5,7.3,4.6,1.89,10.0,73,22.3,40.0,315,Snow fall: Moderate,0,0,Snowy Conditions
61140,2021-10-12 19:15:00,40.7833407,-73.9436776,0,0,Driver Inattention/Distraction,4466600,21.6,15.2,0.0,0.0,0.0,0.0,3,11.8,23.8,81,Overcast,0,0,
61141,2021-10-07 15:30:00,40.6818566,-73.96759,0,0,Driver Inattention/Distraction,4466602,22.4,15.7,0.4,0.4,0.0,4.0,51,10.5,20.5,231,Drizzle: Light,0,0,
61142,2021-10-10 04:10:00,40.6959697,-73.9640906,0,0,Unsafe Lane Changing,4466603,18.5,16.0,2.4,2.4,0.0,8.0,53,27.2,52.6,52,Drizzle: Moderate,0,0,
61143,2021-10-12 17:50:00,40.654313,-73.9175769,1,0,Unspecified,4466604,21.6,15.2,0.0,0.0,0.0,0.0,3,11.8,23.8,81,Overcast,1,1,
61144,2021-10-11 13:00:00,40.643345,-73.9365008,0,0,Unspecified,4466605,21.7,16.3,0.0,0.0,0.0,0.0,3,25.7,49.7,41,Overcast,0,0,
61145,2021-10-12 21:50:00,40.847918,-73.8711997,2,0,Unsafe Speed,4466606,21.6,15.2,0.0,0.0,0.0,0.0,3,11.8,23.8,81,Overcast,2,2,
61146,2021-10-12 21:30:00,40.8927532,-73.8577324,1,0,Failure to Yield Right-of-Way,4466607,21.6,15.2,0.0,0.0,0.0,0.0,3,11.8,23.8,81,Overcast,1,1,
61147,2021-10-12 21:40:00,40.6870434,-73.9664817,0,0,Backing Unsafely,4466608,21.6,15.2,0.0,0.0,0.0,0.0,3,11.8,23.8,81,Overcast,0,0,
61148,2021-10-12 14:44:00,40.6689642,-73.9556258,0,0,Driver Inattention/Distraction,4466609,21.6,15.2,0.0,0.0,0.0,0.0,3,11.8,23.8,81,Overcast,0,0,
61149,2021-10-12 08:00:00,40.670658,-73.9579745,0,0,Driver Inattention/Distraction,4466610,21.6,15.2,0.0,0.0,0.0,0.0,3,11.8,23.8,81,Overcast,0,0,
61150,2021-10-12 17:25:00,40.6904686,-73.9878913,0,0,Turning Improperly,4466611,21.6,15.2,0.0,0.0,0.0,0.0,3,11.8,23.8,81,Overcast,0,0,
61151,2021-10-12 04:05:00,40.6935074,-73.9884247,0,0,,4466612,21.6,15.2,0.0,0.0,0.0,0.0,3,11.8,23.8,81,Overcast,0,0,
61152,2021-10-12 12:22:00,40.688616,-73.9891681,0,0,Turning Improperly,4466613,21.6,15.2,0.0,0.0,0.0,0.0,3,11.8,23.8,81,Overcast,0,0,
61153,2021-10-12 06:50:00,40.7384039,-73.9386261,0,0,Unspecified,4466615,21.6,15.2,0.0,0.0,0.0,0.0,3,11.8,23.8,81,Overcast,0,0,
61154,2021-10-12 16:30:00,40.7320184,-73.9190359,2,0,Driver Inattention/Distraction,4466616,21.6,15.2,0.0,0.0,0.0,0.0,3,11.8,23.8,81,Overcast,2,2,
61155,2021-10-12 17:00:00,40.7055813,-73.739711,0,0,Unspecified,4466617,21.6,15.2,0.0,0.0,0.0,0.0,3,11.8,23.8,81,Overcast,0,0,
61156,2021-10-12 21:20:00,40.6655588,-73.7298428,2,0,Traffic Control Disregarded,4466618,21.6,15.2,0.0,0.0,0.0,0.0,3,11.8,23.8,81,Overcast,2,2,
61157,2021-10-13 01:20:00,40.7259911,-73.724209,2,0,Unspecified,4466620,21.7,14.8,0.1,0.1,0.0,1.0,51,12.2,23.0,200,Drizzle: Light,2,2,
61158,2021-10-13 01:20:00,40.7431872,-73.9720607,0,0,Driver Inattention/Distraction,4466621,21.7,14.8,0.1,0.1,0.0,1.0,51,12.2,23.0,200,Drizzle: Light,0,0,
61159,2021-10-08 11:45:00,40.7234696,-73.9832226,0,0,Other Vehicular,4466622,23.7,14.5,0.0,0.0,0.0,0.0,3,13.0,22.3,94,Overcast,0,0,
61160,2021-10-12 07:05:00,40.7215948,-73.9747647,0,0,Driver Inattention/Distraction,4466623,21.6,15.2,0.0,0.0,0.0,0.0,3,11.8,23.8,81,Overcast,0,0,
61161,2021-10-12 16:57:00,40.7293696,-73.9839983,0,0,Driver Inattention/Distraction,4466624,21.6,15.2,0.0,0.0,0.0,0.0,3,11.8,23.8,81,Overcast,0,0,
61162,2021-10-12 11:30:00,40.7464029,-73.9797248,0,0,Driver Inattention/Distraction,4466625,21.6,15.2,0.0,0.0,0.0,0.0,3,11.8,23.8,81,Overcast,0,0,
61163,2021-10-12 08:30:00,40.7116135,-73.961841,0,0,Tinted Windows,4466626,21.6,15.2,0.0,0.0,0.0,0.0,3,11.8,23.8,81,Overcast,0,0,
61164,2021-10-12 09:55:00,40.6997084,-73.9571664,0,0,Turning Improperly,4466627,21.6,15.2,0.0,0.0,0.0,0.0,3,11.8,23.8,81,Overcast,0,0,
61165,2021-10-11 20:30:00,40.7092222,-73.9575506,0,0,Driver Inattention/Distraction,4466628,21.7,16.3,0.0,0.0,0.0,0.0,3,25.7,49.7,41,Overcast,0,0,
61166,2021-10-12 20:14:00,40.702078,-73.9490993,0,0,Other Vehicular,4466629,21.6,15.2,0.0,0.0,0.0,0.0,3,11.8,23.8,81,Overcast,0,0,
61167,2022-01-20 07:00:00,40.844917,-73.926384,0,0,Driver Inattention/Distraction,4496201,5.2,-5.5,7.3,4.6,1.89,10.0,73,22.3,40.0,315,Snow fall: Moderate,0,0,Snowy Conditions
61168,2021-10-11 20:00:00,40.78893,-73.9454215,0,0,Unspecified,4466632,21.7,16.3,0.0,0.0,0.0,0.0,3,25.7,49.7,41,Overcast,0,0,
61169,2022-01-19 12:56:00,40.642384,-73.98042,0,0,Unspecified,4495946,7.6,-4.9,0.0,0.0,0.0,0.0,3,23.5,43.2,208,Overcast,0,0,
61170,2022-01-21 12:05:00,40.72589,-73.8514,0,0,Driver Inattention/Distraction,4496341,-5.3,-11.6,0.0,0.0,0.0,0.0,3,21.9,40.0,2,Overcast,0,0,
61171,2021-10-12 17:39:00,40.6040288,-73.952294,1,0,Unspecified,4466635,21.6,15.2,0.0,0.0,0.0,0.0,3,11.8,23.8,81,Overcast,1,1,
61172,2021-10-12 10:15:00,40.7684858,-73.9555012,1,0,Failure to Yield Right-of-Way,4466636,21.6,15.2,0.0,0.0,0.0,0.0,3,11.8,23.8,81,Overcast,1,1,
61173,2021-10-12 19:21:00,40.7636378,-73.9532966,0,0,Driver Inattention/Distraction,4466638,21.6,15.2,0.0,0.0,0.0,0.0,3,11.8,23.8,81,Overcast,0,0,
61174,2021-10-12 16:03:00,40.766868,-73.9597766,1,0,Driver Inattention/Distraction,4466639,21.6,15.2,0.0,0.0,0.0,0.0,3,11.8,23.8,81,Overcast,1,1,
61175,2021-10-10 01:00:00,40.6753147,-73.8103815,0,0,Driver Inattention/Distraction,4466640,18.5,16.0,2.4,2.4,0.0,8.0,53,27.2,52.6,52,Drizzle: Moderate,0,0,
61176,2021-10-12 15:00:00,40.6608493,-73.8402918,0,0,Passing or Lane Usage Improper,4466641,21.6,15.2,0.0,0.0,0.0,0.0,3,11.8,23.8,81,Overcast,0,0,
61177,2021-10-12 19:00:00,40.66454,-73.8227505,1,0,Failure to Yield Right-of-Way,4466642,21.6,15.2,0.0,0.0,0.0,0.0,3,11.8,23.8,81,Overcast,1,1,
61178,2021-10-12 19:45:00,40.6860237,-73.8108631,1,0,Traffic Control Disregarded,4466643,21.6,15.2,0.0,0.0,0.0,0.0,3,11.8,23.8,81,Overcast,1,1,
61179,2021-10-12 12:30:00,40.7236278,-73.9421579,0,0,Backing Unsafely,4466646,21.6,15.2,0.0,0.0,0.0,0.0,3,11.8,23.8,81,Overcast,0,0,
61180,2021-10-12 21:00:00,40.7433678,-73.8841137,1,0,Driver Inattention/Distraction,4466647,21.6,15.2,0.0,0.0,0.0,0.0,3,11.8,23.8,81,Overcast,1,1,
61181,2021-10-12 22:10:00,40.7178641,-73.9483201,1,0,Driver Inattention/Distraction,4466648,21.6,15.2,0.0,0.0,0.0,0.0,3,11.8,23.8,81,Overcast,1,1,
61182,2021-10-08 21:00:00,40.7225868,-73.9404856,0,0,Driver Inattention/Distraction,4466649,23.7,14.5,0.0,0.0,0.0,0.0,3,13.0,22.3,94,Overcast,0,0,
61183,2021-10-11 10:05:00,40.816554,-73.9195436,0,0,Driverless/Runaway Vehicle,4466650,21.7,16.3,0.0,0.0,0.0,0.0,3,25.7,49.7,41,Overcast,0,0,
61184,2021-10-12 08:10:00,40.8104377,-73.9305668,0,0,Following Too Closely,4466651,21.6,15.2,0.0,0.0,0.0,0.0,3,11.8,23.8,81,Overcast,0,0,
61185,2021-10-12 23:12:00,40.8068143,-73.9174964,1,0,Failure to Yield Right-of-Way,4466652,21.6,15.2,0.0,0.0,0.0,0.0,3,11.8,23.8,81,Overcast,1,1,
61186,2022-01-18 15:30:00,40.716312,-73.81938,1,0,Driver Inattention/Distraction,4496218,1.7,-4.9,0.0,0.0,0.0,0.0,3,30.9,58.3,294,Overcast,1,1,
61187,2021-10-11 16:41:00,40.832501,-73.9280995,0,0,Passing or Lane Usage Improper,4466654,21.7,16.3,0.0,0.0,0.0,0.0,3,25.7,49.7,41,Overcast,0,0,
61188,2021-10-12 12:47:00,40.7211721,-73.9965764,0,0,Passing or Lane Usage Improper,4466655,21.6,15.2,0.0,0.0,0.0,0.0,3,11.8,23.8,81,Overcast,0,0,
61189,2022-01-19 15:30:00,40.733498,-73.87038,0,0,Following Too Closely,4495883,7.6,-4.9,0.0,0.0,0.0,0.0,3,23.5,43.2,208,Overcast,0,0,
61190,2021-10-11 04:00:00,40.8317235,-73.9150083,1,0,Driver Inattention/Distraction,4466657,21.7,16.3,0.0,0.0,0.0,0.0,3,25.7,49.7,41,Overcast,1,1,
61191,2021-10-11 19:22:00,40.7152372,-74.0133794,1,0,Driver Inattention/Distraction,4466658,21.7,16.3,0.0,0.0,0.0,0.0,3,25.7,49.7,41,Overcast,1,1,
61192,2021-10-12 15:05:00,40.8187699,-73.9037882,0,0,Backing Unsafely,4466659,21.6,15.2,0.0,0.0,0.0,0.0,3,11.8,23.8,81,Overcast,0,0,
61193,2021-10-06 19:20:00,40.833275,-73.9092684,1,0,Driver Inattention/Distraction,4466660,20.3,16.0,0.1,0.1,0.0,1.0,51,6.5,14.0,28,Drizzle: Light,1,1,
61194,2021-10-12 14:58:00,40.6144783,-73.9264002,1,0,Driver Inattention/Distraction,4466662,21.6,15.2,0.0,0.0,0.0,0.0,3,11.8,23.8,81,Overcast,1,1,
61195,2021-10-12 17:20:00,40.7233076,-74.00298,0,0,Passing Too Closely,4466663,21.6,15.2,0.0,0.0,0.0,0.0,3,11.8,23.8,81,Overcast,0,0,
61196,2021-10-08 23:57:00,40.6556301,-73.9531588,0,0,Backing Unsafely,4466664,23.7,14.5,0.0,0.0,0.0,0.0,3,13.0,22.3,94,Overcast,0,0,
61197,2021-07-26 08:00:00,40.7013,-73.93674,0,0,Backing Unsafely,4441812,31.4,21.8,0.0,0.0,0.0,0.0,3,13.0,25.6,295,Overcast,0,0,
61198,2021-07-19 11:30:00,40.598392,-73.90629,2,0,Aggressive Driving/Road Rage,4441807,27.5,20.8,0.5,0.5,0.0,2.0,51,12.8,29.9,307,Drizzle: Light,2,2,
61199,2022-01-21 06:11:00,40.83648,-73.897736,0,0,Unspecified,4496173,-5.3,-11.6,0.0,0.0,0.0,0.0,3,21.9,40.0,2,Overcast,0,0,
61200,2021-10-12 21:00:00,40.73477,-73.8745815,1,0,Driver Inattention/Distraction,4466667,21.6,15.2,0.0,0.0,0.0,0.0,3,11.8,23.8,81,Overcast,1,1,
61201,2021-10-12 14:50:00,40.6158525,-73.9632842,0,0,Unspecified,4466668,21.6,15.2,0.0,0.0,0.0,0.0,3,11.8,23.8,81,Overcast,0,0,
61202,2021-10-12 18:00:00,40.7400607,-73.8786312,1,0,,4466669,21.6,15.2,0.0,0.0,0.0,0.0,3,11.8,23.8,81,Overcast,1,1,
61203,2022-01-16 21:50:00,40.677025,-73.95268,0,0,Oversized Vehicle,4496668,1.3,-13.5,4.4,0.7,2.59,4.0,75,28.1,47.2,36,Snow fall: Heavy,0,0,Snowy Conditions
61204,2021-10-12 16:37:00,40.6531723,-73.9615966,1,0,Unspecified,4466671,21.6,15.2,0.0,0.0,0.0,0.0,3,11.8,23.8,81,Overcast,1,1,
61205,2021-10-12 20:00:00,40.6386507,-73.956838,1,0,Unspecified,4466672,21.6,15.2,0.0,0.0,0.0,0.0,3,11.8,23.8,81,Overcast,1,1,
61206,2022-01-19 08:30:00,40.701077,-73.94043,0,0,Failure to Yield Right-of-Way,4496475,7.6,-4.9,0.0,0.0,0.0,0.0,3,23.5,43.2,208,Overcast,0,0,
61207,2021-09-14 08:25:00,40.8309366,-73.9123967,0,0,Following Too Closely,4466674,26.0,19.0,0.2,0.2,0.0,1.0,51,18.0,35.6,138,Drizzle: Light,0,0,
61208,2022-01-19 22:48:00,40.749283,-73.756645,0,0,Driver Inattention/Distraction,4496067,7.6,-4.9,0.0,0.0,0.0,0.0,3,23.5,43.2,208,Overcast,0,0,
61209,2022-01-21 15:40:00,40.60069,-73.98249,0,0,Unspecified,4496501,-5.3,-11.6,0.0,0.0,0.0,0.0,3,21.9,40.0,2,Overcast,0,0,
61210,2021-10-11 15:00:00,40.582725,-73.9732043,0,0,Unspecified,4466677,21.7,16.3,0.0,0.0,0.0,0.0,3,25.7,49.7,41,Overcast,0,0,
61211,2021-10-08 19:33:00,40.7333726,-74.0025727,0,0,Passing or Lane Usage Improper,4466678,23.7,14.5,0.0,0.0,0.0,0.0,3,13.0,22.3,94,Overcast,0,0,
61212,2022-01-07 09:00:00,40.69412,-73.96017,0,0,Driver Inattention/Distraction,4496638,-0.0,-5.7,9.0,0.0,6.3,11.0,75,26.8,48.6,313,Snow fall: Heavy,0,0,Snowy Conditions
61213,2021-10-12 20:00:00,40.709932,-73.9904646,1,0,Passing Too Closely,4466680,21.6,15.2,0.0,0.0,0.0,0.0,3,11.8,23.8,81,Overcast,1,1,
61214,2021-10-12 15:47:00,40.7170989,-73.9985895,1,0,Passing or Lane Usage Improper,4466681,21.6,15.2,0.0,0.0,0.0,0.0,3,11.8,23.8,81,Overcast,1,1,
61215,2021-10-12 00:10:00,40.677492,-73.8414578,0,0,Passing or Lane Usage Improper,4466682,21.6,15.2,0.0,0.0,0.0,0.0,3,11.8,23.8,81,Overcast,0,0,
61216,2021-10-12 12:44:00,40.8349176,-73.8941239,0,0,Unspecified,4466683,21.6,15.2,0.0,0.0,0.0,0.0,3,11.8,23.8,81,Overcast,0,0,
61217,2021-10-11 16:38:00,40.8502262,-73.8954806,0,0,Driver Inattention/Distraction,4466684,21.7,16.3,0.0,0.0,0.0,0.0,3,25.7,49.7,41,Overcast,0,0,
61218,2021-10-13 00:45:00,40.7362694,-73.7728608,0,0,Driver Inattention/Distraction,4466685,21.7,14.8,0.1,0.1,0.0,1.0,51,12.2,23.0,200,Drizzle: Light,0,0,
61219,2022-01-21 18:10:00,40.73425,-73.86336,0,0,Fell Asleep,4496702,-5.3,-11.6,0.0,0.0,0.0,0.0,3,21.9,40.0,2,Overcast,0,0,
61220,2021-10-12 18:22:00,40.8381983,-73.9011767,0,0,Driver Inattention/Distraction,4466687,21.6,15.2,0.0,0.0,0.0,0.0,3,11.8,23.8,81,Overcast,0,0,
61221,2021-10-11 12:30:00,40.8209797,-73.8938751,1,0,Obstruction/Debris,4466689,21.7,16.3,0.0,0.0,0.0,0.0,3,25.7,49.7,41,Overcast,1,1,
61222,2021-10-11 10:45:00,40.8124982,-73.8909501,0,0,Other Vehicular,4466690,21.7,16.3,0.0,0.0,0.0,0.0,3,25.7,49.7,41,Overcast,0,0,
61223,2022-01-21 08:49:00,40.631535,-74.007904,0,0,Failure to Yield Right-of-Way,4496368,-5.3,-11.6,0.0,0.0,0.0,0.0,3,21.9,40.0,2,Overcast,0,0,
61224,2021-10-12 23:25:00,40.7680332,-73.9958483,0,0,Unspecified,4466693,21.6,15.2,0.0,0.0,0.0,0.0,3,11.8,23.8,81,Overcast,0,0,
61225,2021-07-27 16:27:00,40.740322,-73.703514,0,0,Reaction to Uninvolved Vehicle,4441156,30.4,19.1,0.2,0.2,0.0,2.0,51,19.5,38.9,206,Drizzle: Light,0,0,
61226,2021-07-27 19:00:00,40.870636,-73.902054,0,0,Driver Inattention/Distraction,4441212,30.4,19.1,0.2,0.2,0.0,2.0,51,19.5,38.9,206,Drizzle: Light,0,0,
61227,2021-07-21 09:30:00,40.693497,-73.94594,0,0,Passing Too Closely,4441659,27.6,20.9,1.4,1.4,0.0,4.0,53,16.0,31.3,315,Drizzle: Moderate,0,0,
61228,2021-07-27 15:15:00,40.81632,-73.95784,1,0,Driver Inattention/Distraction,4441631,30.4,19.1,0.2,0.2,0.0,2.0,51,19.5,38.9,206,Drizzle: Light,1,1,
61229,2021-07-27 03:07:00,40.694084,-73.965096,0,0,Other Vehicular,4440832,30.4,19.1,0.2,0.2,0.0,2.0,51,19.5,38.9,206,Drizzle: Light,0,0,
61230,2021-07-27 19:35:00,40.561092,-74.16984,0,0,Turning Improperly,4441190,30.4,19.1,0.2,0.2,0.0,2.0,51,19.5,38.9,206,Drizzle: Light,0,0,
61231,2021-07-27 13:23:00,40.615227,-74.01272,0,0,Unspecified,4441372,30.4,19.1,0.2,0.2,0.0,2.0,51,19.5,38.9,206,Drizzle: Light,0,0,
61232,2021-07-27 10:45:00,40.854477,-73.90125,0,0,Passing Too Closely,4441238,30.4,19.1,0.2,0.2,0.0,2.0,51,19.5,38.9,206,Drizzle: Light,0,0,
61233,2021-07-22 17:45:00,40.719597,-73.97791,0,0,Driver Inattention/Distraction,4441605,26.7,17.5,0.0,0.0,0.0,0.0,3,15.3,28.4,327,Overcast,0,0,
61234,2021-07-27 17:30:00,40.708637,-73.90412,0,0,Passing Too Closely,4441707,30.4,19.1,0.2,0.2,0.0,2.0,51,19.5,38.9,206,Drizzle: Light,0,0,
61235,2021-07-27 00:00:00,40.802998,-73.932106,0,0,Unspecified,4440936,30.4,19.1,0.2,0.2,0.0,2.0,51,19.5,38.9,206,Drizzle: Light,0,0,
61236,2021-07-27 12:15:00,40.836502,-73.825165,0,0,Unspecified,4441251,30.4,19.1,0.2,0.2,0.0,2.0,51,19.5,38.9,206,Drizzle: Light,0,0,
61237,2021-07-20 00:00:00,40.68984,-73.945206,0,0,Backing Unsafely,4441657,30.9,21.1,0.0,0.0,0.0,0.0,1,13.3,26.6,283,Mainly clear,0,0,Sunny/Clear Conditions
61238,2021-07-25 19:00:00,40.670734,-73.93373,1,0,Driver Inattention/Distraction,4441691,28.0,20.3,7.3,7.3,0.0,10.0,63,20.9,43.2,198,Rain: Moderate,1,1,
61239,2021-07-10 19:25:00,40.761585,-73.76086,1,0,Driver Inattention/Distraction,4441560,25.5,20.7,0.5,0.5,0.0,3.0,51,14.5,29.9,1,Drizzle: Light,1,1,
61240,2021-07-27 05:30:00,40.621075,-74.1101,0,0,Driver Inattention/Distraction,4440979,30.4,19.1,0.2,0.2,0.0,2.0,51,19.5,38.9,206,Drizzle: Light,0,0,
61241,2021-07-27 14:45:00,40.650528,-73.95583,0,0,Driver Inattention/Distraction,4441130,30.4,19.1,0.2,0.2,0.0,2.0,51,19.5,38.9,206,Drizzle: Light,0,0,
61242,2021-07-27 18:21:00,40.803185,-73.93463,1,0,Failure to Yield Right-of-Way,4441298,30.4,19.1,0.2,0.2,0.0,2.0,51,19.5,38.9,206,Drizzle: Light,1,1,
61243,2021-07-27 03:00:00,40.85348,-73.89349,0,0,Driver Inattention/Distraction,4441317,30.4,19.1,0.2,0.2,0.0,2.0,51,19.5,38.9,206,Drizzle: Light,0,0,
61244,2021-07-27 17:15:00,40.75285,-73.86425,0,0,Pavement Defective,4441406,30.4,19.1,0.2,0.2,0.0,2.0,51,19.5,38.9,206,Drizzle: Light,0,0,
61245,2021-07-27 16:50:00,40.673157,-73.789024,1,0,Unsafe Speed,4441504,30.4,19.1,0.2,0.2,0.0,2.0,51,19.5,38.9,206,Drizzle: Light,1,1,
61246,2021-07-27 11:53:00,40.896633,-73.898346,1,0,Unspecified,4441106,30.4,19.1,0.2,0.2,0.0,2.0,51,19.5,38.9,206,Drizzle: Light,1,1,
61247,2021-07-27 13:40:00,40.679794,-73.80982,1,0,Driver Inattention/Distraction,4441051,30.4,19.1,0.2,0.2,0.0,2.0,51,19.5,38.9,206,Drizzle: Light,1,1,
61248,2021-07-27 15:45:00,40.581257,-73.957924,1,0,Driver Inattention/Distraction,4441728,30.4,19.1,0.2,0.2,0.0,2.0,51,19.5,38.9,206,Drizzle: Light,1,1,
61249,2021-07-27 14:30:00,40.7331,-73.94191,0,0,Unspecified,4441086,30.4,19.1,0.2,0.2,0.0,2.0,51,19.5,38.9,206,Drizzle: Light,0,0,
61250,2021-07-27 13:46:00,40.701706,-73.83655,3,0,Traffic Control Disregarded,4441052,30.4,19.1,0.2,0.2,0.0,2.0,51,19.5,38.9,206,Drizzle: Light,3,3,
61251,2021-07-26 16:10:00,40.564877,-74.18132,0,0,Driver Inattention/Distraction,4441673,31.4,21.8,0.0,0.0,0.0,0.0,3,13.0,25.6,295,Overcast,0,0,