,CRASH DATETIME,LATITUDE,LONGITUDE,NUMBER OF PERSONS INJURED,NUMBER OF PERSONS KILLED,CONTRIBUTING FACTOR VEHICLE 1,COLLISION_ID,temperature_2m_max,temperature_2m_min,precipitation_sum,rain_sum,snowfall_sum,precipitation_hours,weather_code,wind_speed_10m_max,wind_gusts_10m_max,wind_direction_10m_dominant,Weather Description,Severity_Score,Total_Affected_Persons,Weather_Category
61252,2021-07-27 11:20:00,40.65134,-73.9389,0,0,Unspecified,4441125,30.4,19.1,0.2,0.2,0.0,2.0,51,19.5,38.9,206,Drizzle: Light,0,0,
61253,2021-07-27 09:00:00,40.66708,-73.81033,0,0,Backing Unsafely,4441011,30.4,19.1,0.2,0.2,0.0,2.0,51,19.5,38.9,206,Drizzle: Light,0,0,
61254,2021-07-27 07:06:00,40.62728,-73.9914,1,0,Backing Unsafely,4441503,30.4,19.1,0.2,0.2,0.0,2.0,51,19.5,38.9,206,Drizzle: Light,1,1,
61255,2021-07-27 16:00:00,40.815975,-73.91102,1,0,Passing or Lane Usage Improper,4441227,30.4,19.1,0.2,0.2,0.0,2.0,51,19.5,38.9,206,Drizzle: Light,1,1,
61256,2021-07-27 12:00:00,40.736534,-73.85611,0,0,Driver Inexperience,4441268,30.4,19.1,0.2,0.2,0.0,2.0,51,19.5,38.9,206,Drizzle: Light,0,0,
61257,2021-07-27 18:58:00,40.706013,-74.00882,0,0,Turning Improperly,4441540,30.4,19.1,0.2,0.2,0.0,2.0,51,19.5,38.9,206,Drizzle: Light,0,0,
61258,2021-07-27 22:25:00,40.89466,-73.86137,0,0,Unsafe Lane Changing,4441337,30.4,19.1,0.2,0.2,0.0,2.0,51,19.5,38.9,206,Drizzle: Light,0,0,
61259,2021-07-27 16:45:00,40.6904,-73.92365,1,0,Passing Too Closely,4441520,30.4,19.1,0.2,0.2,0.0,2.0,51,19.5,38.9,206,Drizzle: Light,1,1,
61260,2021-07-27 13:00:00,40.842514,-73.871544,1,0,Following Too Closely,4441043,30.4,19.1,0.2,0.2,0.0,2.0,51,19.5,38.9,206,Drizzle: Light,1,1,
61261,2021-07-27 08:20:00,40.64352,-73.90257,0,0,Driver Inattention/Distraction,4441116,30.4,19.1,0.2,0.2,0.0,2.0,51,19.5,38.9,206,Drizzle: Light,0,0,
61262,2021-07-27 16:44:00,40.682423,-73.97069,0,0,Passing or Lane Usage Improper,4441195,30.4,19.1,0.2,0.2,0.0,2.0,51,19.5,38.9,206,Drizzle: Light,0,0,
61263,2021-07-27 16:45:00,40.70675,-73.798996,0,0,Traffic Control Disregarded,4441721,30.4,19.1,0.2,0.2,0.0,2.0,51,19.5,38.9,206,Drizzle: Light,0,0,
61264,2021-07-27 10:00:00,40.85775,-73.88267,1,0,Passing or Lane Usage Improper,4441316,30.4,19.1,0.2,0.2,0.0,2.0,51,19.5,38.9,206,Drizzle: Light,1,1,
61265,2021-07-26 22:15:00,40.55316,-74.17033,0,0,Traffic Control Disregarded,4441623,31.4,21.8,0.0,0.0,0.0,0.0,3,13.0,25.6,295,Overcast,0,0,
61266,2021-07-23 16:22:00,40.77242,-73.97873,1,0,Passing or Lane Usage Improper,4441730,26.2,17.3,0.0,0.0,0.0,0.0,1,11.3,27.0,340,Mainly clear,1,1,Sunny/Clear Conditions
61267,2021-07-27 15:33:00,40.65725,-73.92903,1,0,Unspecified,4441131,30.4,19.1,0.2,0.2,0.0,2.0,51,19.5,38.9,206,Drizzle: Light,1,1,
61268,2021-07-27 06:30:00,40.74762,-73.95651,0,0,Backing Unsafely,4441175,30.4,19.1,0.2,0.2,0.0,2.0,51,19.5,38.9,206,Drizzle: Light,0,0,
61269,2021-07-27 18:00:00,40.676674,-73.95508,0,0,Driver Inattention/Distraction,4441679,30.4,19.1,0.2,0.2,0.0,2.0,51,19.5,38.9,206,Drizzle: Light,0,0,
61270,2021-07-27 06:50:00,40.698242,-73.99321,0,0,Driver Inattention/Distraction,4441064,30.4,19.1,0.2,0.2,0.0,2.0,51,19.5,38.9,206,Drizzle: Light,0,0,
61271,2021-07-23 12:10:00,40.680138,-73.90566,0,0,Other Vehicular,4441604,26.2,17.3,0.0,0.0,0.0,0.0,1,11.3,27.0,340,Mainly clear,0,0,Sunny/Clear Conditions
61272,2021-07-27 14:56:00,40.588997,-73.81629,1,0,Driver Inexperience,4441348,30.4,19.1,0.2,0.2,0.0,2.0,51,19.5,38.9,206,Drizzle: Light,1,1,
61273,2021-07-27 14:50:00,40.665512,-73.926384,0,0,Unspecified,4441443,30.4,19.1,0.2,0.2,0.0,2.0,51,19.5,38.9,206,Drizzle: Light,0,0,
61274,2021-07-23 00:30:00,40.725643,-73.99207,0,0,Driver Inattention/Distraction,4441593,26.2,17.3,0.0,0.0,0.0,0.0,1,11.3,27.0,340,Mainly clear,0,0,Sunny/Clear Conditions
61275,2021-07-23 19:20:00,40.531918,-74.19175,1,0,Aggressive Driving/Road Rage,4441664,26.2,17.3,0.0,0.0,0.0,0.0,1,11.3,27.0,340,Mainly clear,1,1,Sunny/Clear Conditions
61276,2021-07-27 19:30:00,40.687317,-74.00006,0,0,Unsafe Lane Changing,4441219,30.4,19.1,0.2,0.2,0.0,2.0,51,19.5,38.9,206,Drizzle: Light,0,0,
61277,2021-07-23 18:49:00,40.686577,-73.947464,0,0,Driver Inattention/Distraction,4441637,26.2,17.3,0.0,0.0,0.0,0.0,1,11.3,27.0,340,Mainly clear,0,0,Sunny/Clear Conditions
61278,2021-07-27 17:15:00,40.833282,-73.82836,0,0,Unspecified,4441252,30.4,19.1,0.2,0.2,0.0,2.0,51,19.5,38.9,206,Drizzle: Light,0,0,
61279,2021-07-27 09:22:00,40.646515,-73.974655,3,0,Unspecified,4441184,30.4,19.1,0.2,0.2,0.0,2.0,51,19.5,38.9,206,Drizzle: Light,3,3,
61280,2021-07-27 22:32:00,40.845432,-73.93658,1,0,Failure to Yield Right-of-Way,4441305,30.4,19.1,0.2,0.2,0.0,2.0,51,19.5,38.9,206,Drizzle: Light,1,1,
61281,2021-07-14 12:51:00,40.708996,-73.863594,0,0,Driver Inattention/Distraction,4441712,30.6,21.5,0.8,0.8,0.0,3.0,53,14.5,36.0,191,Drizzle: Moderate,0,0,
61282,2021-07-27 17:21:00,40.88504,-73.8271,1,0,Unsafe Lane Changing,4441137,30.4,19.1,0.2,0.2,0.0,2.0,51,19.5,38.9,206,Drizzle: Light,1,1,
61283,2021-07-27 13:26:00,40.874393,-73.83713,0,0,Unspecified,4441612,30.4,19.1,0.2,0.2,0.0,2.0,51,19.5,38.9,206,Drizzle: Light,0,0,
61284,2021-07-27 22:50:00,40.63908,-73.940605,2,0,Driver Inexperience,4441191,30.4,19.1,0.2,0.2,0.0,2.0,51,19.5,38.9,206,Drizzle: Light,2,2,
61285,2021-07-27 01:00:00,40.77078,-73.93317,0,0,Unspecified,4441284,30.4,19.1,0.2,0.2,0.0,2.0,51,19.5,38.9,206,Drizzle: Light,0,0,
61286,2021-07-27 14:58:00,40.76275,-73.99692,1,0,Driver Inattention/Distraction,4441239,30.4,19.1,0.2,0.2,0.0,2.0,51,19.5,38.9,206,Drizzle: Light,1,1,
61287,2021-07-09 17:19:00,40.62605,-74.03804,1,0,Driver Inexperience,4441647,29.8,22.0,35.0,35.0,0.0,14.0,63,31.0,55.8,341,Rain: Moderate,1,1,
61288,2021-07-27 06:00:00,40.661777,-73.85069,0,0,View Obstructed/Limited,4440848,30.4,19.1,0.2,0.2,0.0,2.0,51,19.5,38.9,206,Drizzle: Light,0,0,
61289,2021-07-26 13:55:00,40.67004,-73.93658,2,0,Following Too Closely,4441684,31.4,21.8,0.0,0.0,0.0,0.0,3,13.0,25.6,295,Overcast,2,2,
61290,2021-07-22 16:00:00,40.72222,-73.9771,0,0,Unspecified,4441573,26.7,17.5,0.0,0.0,0.0,0.0,3,15.3,28.4,327,Overcast,0,0,
61291,2021-07-26 18:32:00,40.676548,-73.76838,1,0,Turning Improperly,4441751,31.4,21.8,0.0,0.0,0.0,0.0,3,13.0,25.6,295,Overcast,1,1,
61292,2021-07-27 11:27:00,40.531796,-74.170425,0,0,Driver Inattention/Distraction,4441630,30.4,19.1,0.2,0.2,0.0,2.0,51,19.5,38.9,206,Drizzle: Light,0,0,
61293,2021-07-27 04:08:00,40.721222,-73.98301,1,0,Failure to Yield Right-of-Way,4440939,30.4,19.1,0.2,0.2,0.0,2.0,51,19.5,38.9,206,Drizzle: Light,1,1,
61294,2021-07-26 01:09:00,40.6802,-73.953285,1,0,Following Too Closely,4441658,31.4,21.8,0.0,0.0,0.0,0.0,3,13.0,25.6,295,Overcast,1,1,
61295,2021-07-27 18:53:00,40.62228,-74.010735,0,0,Following Too Closely,4441135,30.4,19.1,0.2,0.2,0.0,2.0,51,19.5,38.9,206,Drizzle: Light,0,0,
61296,2021-07-27 20:30:00,40.77099,-73.99092,0,0,Unspecified,4441240,30.4,19.1,0.2,0.2,0.0,2.0,51,19.5,38.9,206,Drizzle: Light,0,0,
61297,2021-07-24 15:20:00,40.70522,-73.91354,0,0,Driver Inattention/Distraction,4441692,26.8,18.2,0.0,0.0,0.0,0.0,3,16.3,31.7,152,Overcast,0,0,
61298,2021-07-27 17:00:00,40.66495,-73.993355,1,0,Unspecified,4441186,30.4,19.1,0.2,0.2,0.0,2.0,51,19.5,38.9,206,Drizzle: Light,1,1,
61299,2021-07-27 19:20:00,40.67412,-73.972534,0,0,Unspecified,4441559,30.4,19.1,0.2,0.2,0.0,2.0,51,19.5,38.9,206,Drizzle: Light,0,0,
61300,2021-07-24 17:48:00,40.730877,-73.9894,0,0,Backing Unsafely,4441611,26.8,18.2,0.0,0.0,0.0,0.0,3,16.3,31.7,152,Overcast,0,0,
61301,2021-07-27 13:22:00,40.86226,-73.89589,1,0,Driver Inattention/Distraction,4441213,30.4,19.1,0.2,0.2,0.0,2.0,51,19.5,38.9,206,Drizzle: Light,1,1,
61302,2021-07-07 14:50:00,40.672363,-73.9308,1,0,Unspecified,4441678,31.4,22.2,1.4,1.4,0.0,6.0,53,17.4,37.8,213,Drizzle: Moderate,1,1,
61303,2021-07-27 14:30:00,40.770485,-73.7867,2,0,Fell Asleep,4441057,30.4,19.1,0.2,0.2,0.0,2.0,51,19.5,38.9,206,Drizzle: Light,2,2,
61304,2021-07-27 17:00:00,40.717678,-73.96349,0,0,Backing Unsafely,4441088,30.4,19.1,0.2,0.2,0.0,2.0,51,19.5,38.9,206,Drizzle: Light,0,0,
61305,2021-07-27 23:20:00,40.679344,-73.85318,1,0,Passing Too Closely,4441342,30.4,19.1,0.2,0.2,0.0,2.0,51,19.5,38.9,206,Drizzle: Light,1,1,
61306,2021-07-26 15:20:00,40.658875,-73.94753,1,0,Driver Inattention/Distraction,4441775,31.4,21.8,0.0,0.0,0.0,0.0,3,13.0,25.6,295,Overcast,1,1,
61307,2021-07-27 14:45:00,40.8219,-73.81854,0,0,Unsafe Lane Changing,4441162,30.4,19.1,0.2,0.2,0.0,2.0,51,19.5,38.9,206,Drizzle: Light,0,0,
61308,2021-07-26 16:20:00,40.765854,-73.914505,0,0,Failure to Yield Right-of-Way,4441531,31.4,21.8,0.0,0.0,0.0,0.0,3,13.0,25.6,295,Overcast,0,0,
61309,2021-07-13 10:12:00,40.70246,-73.8869,0,0,Following Too Closely,4441706,25.0,20.8,2.4,2.4,0.0,12.0,53,13.0,26.3,84,Drizzle: Moderate,0,0,
61310,2021-07-27 10:16:00,40.68342,-73.982,2,0,Driver Inattention/Distraction,4441045,30.4,19.1,0.2,0.2,0.0,2.0,51,19.5,38.9,206,Drizzle: Light,2,2,
61311,2021-07-27 13:16:00,40.80109,-73.94146,0,0,Unspecified,4441292,30.4,19.1,0.2,0.2,0.0,2.0,51,19.5,38.9,206,Drizzle: Light,0,0,
61312,2021-07-27 12:00:00,40.667328,-73.77903,0,0,Passing or Lane Usage Improper,4441351,30.4,19.1,0.2,0.2,0.0,2.0,51,19.5,38.9,206,Drizzle: Light,0,0,
61313,2021-07-27 16:40:00,40.68937,-73.991394,0,0,Driver Inexperience,4441080,30.4,19.1,0.2,0.2,0.0,2.0,51,19.5,38.9,206,Drizzle: Light,0,0,
61314,2021-07-25 22:10:00,40.757633,-73.98581,0,0,Alcohol Involvement,4441624,28.0,20.3,7.3,7.3,0.0,10.0,63,20.9,43.2,198,Rain: Moderate,0,0,
61315,2021-07-08 00:00:00,40.67994,-73.941216,0,0,Passing Too Closely,4441662,28.3,21.3,15.2,15.2,0.0,12.0,63,16.9,48.2,125,Rain: Moderate,0,0,
61316,2021-07-06 11:20:00,40.82201,-73.85827,0,0,Unspecified,4441548,33.6,21.9,2.1,2.1,0.0,4.0,61,21.8,49.7,231,Rain: Light,0,0,
61317,2021-07-27 15:44:00,40.665955,-73.757965,0,0,Unspecified,4441152,30.4,19.1,0.2,0.2,0.0,2.0,51,19.5,38.9,206,Drizzle: Light,0,0,
61318,2021-07-27 16:10:00,40.745068,-73.97258,1,0,Failure to Yield Right-of-Way,4441207,30.4,19.1,0.2,0.2,0.0,2.0,51,19.5,38.9,206,Drizzle: Light,1,1,
61319,2021-07-26 10:30:00,40.703236,-73.80717,0,0,Other Vehicular,4441723,31.4,21.8,0.0,0.0,0.0,0.0,3,13.0,25.6,295,Overcast,0,0,
61320,2021-07-19 14:01:00,40.695885,-73.93828,0,0,Unspecified,4441617,27.5,20.8,0.5,0.5,0.0,2.0,51,12.8,29.9,307,Drizzle: Light,0,0,
61321,2021-07-27 23:27:00,40.81261,-73.9556,1,0,Passing Too Closely,4441334,30.4,19.1,0.2,0.2,0.0,2.0,51,19.5,38.9,206,Drizzle: Light,1,1,
61322,2021-07-27 05:09:00,40.669476,-73.919975,2,0,Unspecified,4440978,30.4,19.1,0.2,0.2,0.0,2.0,51,19.5,38.9,206,Drizzle: Light,2,2,
61323,2021-07-23 15:00:00,40.70064,-73.93647,0,0,Turning Improperly,4441519,26.2,17.3,0.0,0.0,0.0,0.0,1,11.3,27.0,340,Mainly clear,0,0,Sunny/Clear Conditions
61324,2021-07-27 16:14:00,40.82403,-73.94476,0,0,Passing or Lane Usage Improper,4441127,30.4,19.1,0.2,0.2,0.0,2.0,51,19.5,38.9,206,Drizzle: Light,0,0,
61325,2021-07-27 14:24:00,40.80858,-73.95342,0,0,Unsafe Lane Changing,4441371,30.4,19.1,0.2,0.2,0.0,2.0,51,19.5,38.9,206,Drizzle: Light,0,0,
61326,2021-07-27 17:45:00,40.59823,-73.961975,0,0,Backing Unsafely,4441297,30.4,19.1,0.2,0.2,0.0,2.0,51,19.5,38.9,206,Drizzle: Light,0,0,
61327,2021-07-27 07:04:00,40.770477,-73.96639,1,0,Driver Inattention/Distraction,4441224,30.4,19.1,0.2,0.2,0.0,2.0,51,19.5,38.9,206,Drizzle: Light,1,1,
61328,2021-07-25 13:50:00,40.55754,-74.19707,0,0,Unspecified,4441671,28.0,20.3,7.3,7.3,0.0,10.0,63,20.9,43.2,198,Rain: Moderate,0,0,
61329,2021-07-27 16:05:00,40.79525,-73.97321,0,0,Passing Too Closely,4441267,30.4,19.1,0.2,0.2,0.0,2.0,51,19.5,38.9,206,Drizzle: Light,0,0,
61330,2021-07-26 01:05:00,40.678722,-73.952995,0,0,Unspecified,4441618,31.4,21.8,0.0,0.0,0.0,0.0,3,13.0,25.6,295,Overcast,0,0,
61331,2021-07-27 18:17:00,40.775444,-73.828445,1,0,Following Too Closely,4441173,30.4,19.1,0.2,0.2,0.0,2.0,51,19.5,38.9,206,Drizzle: Light,1,1,
61332,2021-07-26 10:30:00,40.777615,-73.89853,0,0,Driver Inattention/Distraction,4441532,31.4,21.8,0.0,0.0,0.0,0.0,3,13.0,25.6,295,Overcast,0,0,
61333,2021-07-20 17:30:00,40.606457,-73.989136,0,0,Driver Inattention/Distraction,4441595,30.9,21.1,0.0,0.0,0.0,0.0,1,13.3,26.6,283,Mainly clear,0,0,Sunny/Clear Conditions
61334,2021-07-27 15:49:00,40.614666,-74.0133,0,0,Unspecified,4441201,30.4,19.1,0.2,0.2,0.0,2.0,51,19.5,38.9,206,Drizzle: Light,0,0,
61335,2021-07-27 00:00:00,40.755493,-73.88606,0,0,Driver Inattention/Distraction,4441405,30.4,19.1,0.2,0.2,0.0,2.0,51,19.5,38.9,206,Drizzle: Light,0,0,
61336,2021-07-27 09:00:00,40.67243,-73.841194,0,0,Backing Unsafely,4441010,30.4,19.1,0.2,0.2,0.0,2.0,51,19.5,38.9,206,Drizzle: Light,0,0,
61337,2021-07-27 16:00:00,40.673542,-73.91955,0,0,Unspecified,4441274,30.4,19.1,0.2,0.2,0.0,2.0,51,19.5,38.9,206,Drizzle: Light,0,0,
61338,2021-07-27 14:40:00,40.78775,-73.947464,1,0,Failure to Yield Right-of-Way,4441104,30.4,19.1,0.2,0.2,0.0,2.0,51,19.5,38.9,206,Drizzle: Light,1,1,
61339,2021-07-27 12:00:00,40.758984,-73.943306,0,0,Unspecified,4441286,30.4,19.1,0.2,0.2,0.0,2.0,51,19.5,38.9,206,Drizzle: Light,0,0,
61340,2021-07-27 18:30:00,40.788895,-73.81869,2,0,Unsafe Lane Changing,4441168,30.4,19.1,0.2,0.2,0.0,2.0,51,19.5,38.9,206,Drizzle: Light,2,2,
61341,2021-07-27 17:00:00,40.678574,-73.916306,0,0,Driver Inattention/Distraction,4441273,30.4,19.1,0.2,0.2,0.0,2.0,51,19.5,38.9,206,Drizzle: Light,0,0,
61342,2021-07-27 07:00:00,40.812572,-73.950935,0,0,Other Vehicular,4441636,30.4,19.1,0.2,0.2,0.0,2.0,51,19.5,38.9,206,Drizzle: Light,0,0,
61343,2021-07-27 00:50:00,40.836975,-73.87933,1,0,Accelerator Defective,4440899,30.4,19.1,0.2,0.2,0.0,2.0,51,19.5,38.9,206,Drizzle: Light,1,1,
61344,2021-07-27 15:56:00,40.595642,-73.99676,0,0,Unspecified,4441572,30.4,19.1,0.2,0.2,0.0,2.0,51,19.5,38.9,206,Drizzle: Light,0,0,
61345,2021-07-27 19:33:00,40.642845,-73.97826,0,0,Unspecified,4441785,30.4,19.1,0.2,0.2,0.0,2.0,51,19.5,38.9,206,Drizzle: Light,0,0,
61346,2021-07-27 16:45:00,40.86124,-73.84087,1,0,Driver Inattention/Distraction,4441352,30.4,19.1,0.2,0.2,0.0,2.0,51,19.5,38.9,206,Drizzle: Light,1,1,
61347,2021-07-27 17:30:00,40.6911,-73.98647,1,0,Driver Inattention/Distraction,4441079,30.4,19.1,0.2,0.2,0.0,2.0,51,19.5,38.9,206,Drizzle: Light,1,1,
61348,2021-07-27 16:00:00,40.697506,-73.982285,0,0,Driver Inexperience,4441082,30.4,19.1,0.2,0.2,0.0,2.0,51,19.5,38.9,206,Drizzle: Light,0,0,
61349,2021-07-27 15:20:00,40.734943,-73.751396,1,0,Driver Inexperience,4441311,30.4,19.1,0.2,0.2,0.0,2.0,51,19.5,38.9,206,Drizzle: Light,1,1,
61350,2021-07-26 15:25:00,40.676895,-73.93593,0,0,Driver Inattention/Distraction,4441682,31.4,21.8,0.0,0.0,0.0,0.0,3,13.0,25.6,295,Overcast,0,0,
61351,2021-07-27 19:10:00,40.656796,-73.95983,0,0,Driver Inattention/Distraction,4441114,30.4,19.1,0.2,0.2,0.0,2.0,51,19.5,38.9,206,Drizzle: Light,0,0,
61352,2021-07-27 18:00:00,40.844856,-73.846634,1,0,Turning Improperly,4441343,30.4,19.1,0.2,0.2,0.0,2.0,51,19.5,38.9,206,Drizzle: Light,1,1,
61353,2021-07-27 06:30:00,40.7152,-73.91823,0,0,Passing or Lane Usage Improper,4441710,30.4,19.1,0.2,0.2,0.0,2.0,51,19.5,38.9,206,Drizzle: Light,0,0,
61354,2021-07-27 17:10:00,40.655754,-73.92403,0,0,Unspecified,4441151,30.4,19.1,0.2,0.2,0.0,2.0,51,19.5,38.9,206,Drizzle: Light,0,0,
61355,2021-07-27 22:25:00,40.69365,-73.98333,0,0,Other Vehicular,4441444,30.4,19.1,0.2,0.2,0.0,2.0,51,19.5,38.9,206,Drizzle: Light,0,0,
61356,2021-07-27 16:30:00,40.635017,-73.96328,0,0,Unspecified,4441774,30.4,19.1,0.2,0.2,0.0,2.0,51,19.5,38.9,206,Drizzle: Light,0,0,
61357,2021-07-27 11:30:00,40.696865,-73.81535,1,0,Following Too Closely,4441025,30.4,19.1,0.2,0.2,0.0,2.0,51,19.5,38.9,206,Drizzle: Light,1,1,
61358,2021-07-27 21:35:00,40.837193,-73.9367,1,0,Failure to Yield Right-of-Way,4441312,30.4,19.1,0.2,0.2,0.0,2.0,51,19.5,38.9,206,Drizzle: Light,1,1,
61359,2021-07-27 18:35:00,40.755753,-73.883514,1,0,Driver Inattention/Distraction,4441411,30.4,19.1,0.2,0.2,0.0,2.0,51,19.5,38.9,206,Drizzle: Light,1,1,
61360,2021-07-24 21:10:00,40.771076,-73.91872,1,0,Failure to Yield Right-of-Way,4441529,26.8,18.2,0.0,0.0,0.0,0.0,3,16.3,31.7,152,Overcast,1,1,
61361,2021-07-27 09:10:00,40.860332,-73.8983,1,0,Turning Improperly,4441047,30.4,19.1,0.2,0.2,0.0,2.0,51,19.5,38.9,206,Drizzle: Light,1,1,
61362,2021-07-27 18:00:00,40.78873,-73.846405,0,0,Unspecified,4441111,30.4,19.1,0.2,0.2,0.0,2.0,51,19.5,38.9,206,Drizzle: Light,0,0,
61363,2021-07-24 23:30:00,40.696785,-73.81171,0,0,Passing or Lane Usage Improper,4441724,26.8,18.2,0.0,0.0,0.0,0.0,3,16.3,31.7,152,Overcast,0,0,
61364,2021-07-26 10:31:00,40.681488,-73.77233,1,0,Lost Consciousness,4441750,31.4,21.8,0.0,0.0,0.0,0.0,3,13.0,25.6,295,Overcast,1,1,
61365,2021-07-27 18:20:00,40.82465,-73.94623,3,0,Driver Inexperience,4441134,30.4,19.1,0.2,0.2,0.0,2.0,51,19.5,38.9,206,Drizzle: Light,3,3,
61366,2021-07-27 18:45:00,40.69297,-73.78024,2,0,Reaction to Uninvolved Vehicle,4441245,30.4,19.1,0.2,0.2,0.0,2.0,51,19.5,38.9,206,Drizzle: Light,2,2,
61367,2021-07-27 14:35:00,40.886528,-73.89979,0,0,Following Too Closely,4441716,30.4,19.1,0.2,0.2,0.0,2.0,51,19.5,38.9,206,Drizzle: Light,0,0,
61368,2021-07-20 12:35:00,40.711823,-73.83612,0,0,Unspecified,4441571,30.9,21.1,0.0,0.0,0.0,0.0,1,13.3,26.6,283,Mainly clear,0,0,Sunny/Clear Conditions
61369,2021-07-27 13:24:00,40.67117,-73.92534,1,0,Unspecified,4441677,30.4,19.1,0.2,0.2,0.0,2.0,51,19.5,38.9,206,Drizzle: Light,1,1,
61370,2021-07-27 13:30:00,40.763344,-73.75791,0,0,Tire Failure/Inadequate,4441056,30.4,19.1,0.2,0.2,0.0,2.0,51,19.5,38.9,206,Drizzle: Light,0,0,
61371,2021-07-27 07:20:00,40.691456,-73.85012,0,0,Traffic Control Disregarded,4440987,30.4,19.1,0.2,0.2,0.0,2.0,51,19.5,38.9,206,Drizzle: Light,0,0,
61372,2021-07-27 10:40:00,40.647606,-73.915504,1,0,Unspecified,4441128,30.4,19.1,0.2,0.2,0.0,2.0,51,19.5,38.9,206,Drizzle: Light,1,1,
61373,2021-07-27 20:05:00,40.681484,-73.97703,1,0,Unsafe Speed,4441301,30.4,19.1,0.2,0.2,0.0,2.0,51,19.5,38.9,206,Drizzle: Light,1,1,
61374,2021-07-27 08:04:00,40.74831,-73.70954,1,0,Failure to Yield Right-of-Way,4441119,30.4,19.1,0.2,0.2,0.0,2.0,51,19.5,38.9,206,Drizzle: Light,1,1,
61375,2021-07-23 17:44:00,40.53465,-74.19386,0,0,Failure to Yield Right-of-Way,4441634,26.2,17.3,0.0,0.0,0.0,0.0,1,11.3,27.0,340,Mainly clear,0,0,Sunny/Clear Conditions
61376,2021-07-27 14:05:00,40.686928,-73.98484,0,0,Driver Inattention/Distraction,4441445,30.4,19.1,0.2,0.2,0.0,2.0,51,19.5,38.9,206,Drizzle: Light,0,0,
61377,2021-07-27 21:38:00,40.749386,-73.88424,0,0,Driver Inattention/Distraction,4441187,30.4,19.1,0.2,0.2,0.0,2.0,51,19.5,38.9,206,Drizzle: Light,0,0,
61378,2021-07-27 12:55:00,40.757996,-73.98923,0,0,Passing Too Closely,4441515,30.4,19.1,0.2,0.2,0.0,2.0,51,19.5,38.9,206,Drizzle: Light,0,0,
61379,2021-07-27 19:00:00,40.865383,-73.89348,0,0,Driver Inattention/Distraction,4441380,30.4,19.1,0.2,0.2,0.0,2.0,51,19.5,38.9,206,Drizzle: Light,0,0,
61380,2021-07-27 21:15:00,40.77074,-73.99455,0,0,Unspecified,4441234,30.4,19.1,0.2,0.2,0.0,2.0,51,19.5,38.9,206,Drizzle: Light,0,0,
61381,2021-07-22 12:00:00,40.733116,-73.99092,0,0,Driver Inattention/Distraction,4441610,26.7,17.5,0.0,0.0,0.0,0.0,3,15.3,28.4,327,Overcast,0,0,
61382,2021-07-27 12:33:00,40.72175,-73.91933,0,0,Failure to Yield Right-of-Way,4441705,30.4,19.1,0.2,0.2,0.0,2.0,51,19.5,38.9,206,Drizzle: Light,0,0,
61383,2021-07-27 19:15:00,40.733917,-73.9219,3,0,Driver Inattention/Distraction,4441180,30.4,19.1,0.2,0.2,0.0,2.0,51,19.5,38.9,206,Drizzle: Light,3,3,
61384,2021-07-27 18:15:00,40.73572,-73.93677,0,0,Driver Inattention/Distraction,4441172,30.4,19.1,0.2,0.2,0.0,2.0,51,19.5,38.9,206,Drizzle: Light,0,0,
61385,2021-07-27 06:23:00,40.71464,-73.90313,0,0,Backing Unsafely,4440959,30.4,19.1,0.2,0.2,0.0,2.0,51,19.5,38.9,206,Drizzle: Light,0,0,
61386,2021-07-15 12:15:00,40.68107,-73.94972,0,0,Passing Too Closely,4441654,29.3,21.2,0.1,0.1,0.0,1.0,51,13.7,27.4,212,Drizzle: Light,0,0,
61387,2021-07-27 17:11:00,40.79465,-73.97179,0,0,Passing Too Closely,4441089,30.4,19.1,0.2,0.2,0.0,2.0,51,19.5,38.9,206,Drizzle: Light,0,0,
61388,2021-07-27 23:51:00,40.757122,-73.97192,0,0,Following Too Closely,4441208,30.4,19.1,0.2,0.2,0.0,2.0,51,19.5,38.9,206,Drizzle: Light,0,0,
61389,2021-07-26 05:15:00,40.696213,-73.78228,0,0,Passing or Lane Usage Improper,4441797,31.4,21.8,0.0,0.0,0.0,0.0,3,13.0,25.6,295,Overcast,0,0,
61390,2021-07-27 07:15:00,40.879818,-73.880226,0,0,Unspecified,4441214,30.4,19.1,0.2,0.2,0.0,2.0,51,19.5,38.9,206,Drizzle: Light,0,0,
61391,2021-07-27 15:47:00,40.689426,-73.94223,0,0,Driver Inattention/Distraction,4441296,30.4,19.1,0.2,0.2,0.0,2.0,51,19.5,38.9,206,Drizzle: Light,0,0,
61392,2021-07-27 20:40:00,40.61824,-73.98408,1,0,Driver Inattention/Distraction,4441599,30.4,19.1,0.2,0.2,0.0,2.0,51,19.5,38.9,206,Drizzle: Light,1,1,
61393,2021-07-27 12:55:00,40.68975,-73.96541,1,0,Passing or Lane Usage Improper,4441193,30.4,19.1,0.2,0.2,0.0,2.0,51,19.5,38.9,206,Drizzle: Light,1,1,
61394,2021-07-27 08:54:00,40.726227,-73.756714,0,0,Following Too Closely,4441153,30.4,19.1,0.2,0.2,0.0,2.0,51,19.5,38.9,206,Drizzle: Light,0,0,