,CRASH DATETIME,LATITUDE,LONGITUDE,NUMBER OF PERSONS INJURED,NUMBER OF PERSONS KILLED,CONTRIBUTING FACTOR VEHICLE 1,COLLISION_ID,temperature_2m_max,temperature_2m_min,precipitation_sum,rain_sum,snowfall_sum,precipitation_hours,weather_code,wind_speed_10m_max,wind_gusts_10m_max,wind_direction_10m_dominant,Weather Description,Severity_Score,Total_Affected_Persons,Weather_Category
61395,2021-07-24 19:40:00,40.69253,-73.95985,0,0,Passing Too Closely,4441661,26.8,18.2,0.0,0.0,0.0,0.0,3,16.3,31.7,152,Overcast,0,0,
61396,2021-07-26 18:10:00,40.618275,-73.93713,0,0,Driver Inattention/Distraction,4441550,31.4,21.8,0.0,0.0,0.0,0.0,3,13.0,25.6,295,Overcast,0,0,
61397,2021-07-27 14:16:00,40.77317,-73.94859,0,0,Driver Inattention/Distraction,4441223,30.4,19.1,0.2,0.2,0.0,2.0,51,19.5,38.9,206,Drizzle: Light,0,0,
61398,2021-07-27 18:11:00,40.692936,-73.87777,2,0,Following Too Closely,4441709,30.4,19.1,0.2,0.2,0.0,2.0,51,19.5,38.9,206,Drizzle: Light,2,2,
61399,2021-06-16 16:00:00,40.698326,-73.96106,0,0,Unspecified,4441615,23.1,15.1,0.0,0.0,0.0,0.0,1,20.2,40.0,317,Mainly clear,0,0,Sunny/Clear Conditions
61400,2021-07-27 19:29:00,40.757195,-73.90827,1,0,Failure to Yield Right-of-Way,4441287,30.4,19.1,0.2,0.2,0.0,2.0,51,19.5,38.9,206,Drizzle: Light,1,1,
61401,2021-07-26 01:20:00,40.62202,-73.98726,1,0,Driver Inattention/Distraction,4441786,31.4,21.8,0.0,0.0,0.0,0.0,3,13.0,25.6,295,Overcast,1,1,
61402,2021-07-27 07:00:00,40.84104,-73.92195,0,0,Driver Inattention/Distraction,4441619,30.4,19.1,0.2,0.2,0.0,2.0,51,19.5,38.9,206,Drizzle: Light,0,0,
61403,2021-07-27 00:30:00,40.712357,-73.8263,0,0,Backing Unsafely,4440906,30.4,19.1,0.2,0.2,0.0,2.0,51,19.5,38.9,206,Drizzle: Light,0,0,
61404,2021-07-11 18:13:00,40.668507,-73.92561,0,0,Following Too Closely,4441689,24.9,19.8,2.5,2.5,0.0,9.0,53,15.8,35.3,141,Drizzle: Moderate,0,0,
61405,2021-07-20 17:00:00,40.690918,-73.7623,1,0,Backing Unsafely,4441644,30.9,21.1,0.0,0.0,0.0,0.0,1,13.3,26.6,283,Mainly clear,1,1,Sunny/Clear Conditions
61406,2021-07-27 08:55:00,40.74762,-73.95651,0,0,Backing Unsafely,4441178,30.4,19.1,0.2,0.2,0.0,2.0,51,19.5,38.9,206,Drizzle: Light,0,0,
61407,2021-07-27 13:00:00,40.73586,-73.993256,0,0,Passing Too Closely,4441361,30.4,19.1,0.2,0.2,0.0,2.0,51,19.5,38.9,206,Drizzle: Light,0,0,
61408,2021-07-27 10:00:00,40.655605,-73.883896,0,0,Unspecified,4441083,30.4,19.1,0.2,0.2,0.0,2.0,51,19.5,38.9,206,Drizzle: Light,0,0,
61409,2021-07-27 15:00:00,40.817173,-73.90667,0,0,Other Vehicular,4441344,30.4,19.1,0.2,0.2,0.0,2.0,51,19.5,38.9,206,Drizzle: Light,0,0,
61410,2021-07-25 15:20:00,40.516624,-74.20279,1,0,Lost Consciousness,4441670,28.0,20.3,7.3,7.3,0.0,10.0,63,20.9,43.2,198,Rain: Moderate,1,1,
61411,2021-07-27 20:00:00,40.61495,-74.0002,0,0,Unspecified,4441586,30.4,19.1,0.2,0.2,0.0,2.0,51,19.5,38.9,206,Drizzle: Light,0,0,
61412,2021-07-27 17:21:00,40.813232,-73.90908,0,0,Unspecified,4441232,30.4,19.1,0.2,0.2,0.0,2.0,51,19.5,38.9,206,Drizzle: Light,0,0,
61413,2021-07-27 17:00:00,40.702953,-73.91706,0,0,Driver Inattention/Distraction,4441266,30.4,19.1,0.2,0.2,0.0,2.0,51,19.5,38.9,206,Drizzle: Light,0,0,
61414,2021-07-24 02:00:00,40.750294,-73.99485,1,0,Unspecified,4441538,26.8,18.2,0.0,0.0,0.0,0.0,3,16.3,31.7,152,Overcast,1,1,
61415,2021-07-27 21:05:00,40.689476,-73.82769,0,0,Aggressive Driving/Road Rage,4441302,30.4,19.1,0.2,0.2,0.0,2.0,51,19.5,38.9,206,Drizzle: Light,0,0,
61416,2021-07-27 00:00:00,40.64136,-73.948555,0,0,Unspecified,4441118,30.4,19.1,0.2,0.2,0.0,2.0,51,19.5,38.9,206,Drizzle: Light,0,0,
61417,2021-07-27 16:53:00,40.877945,-73.86616,1,0,Following Too Closely,4441143,30.4,19.1,0.2,0.2,0.0,2.0,51,19.5,38.9,206,Drizzle: Light,1,1,
61418,2021-07-18 14:31:00,40.65508,-73.96191,0,0,Driver Inattention/Distraction,4441773,28.4,23.1,12.4,12.4,0.0,10.0,63,19.6,39.2,232,Rain: Moderate,0,0,
61419,2021-07-27 03:55:00,40.63444,-74.02544,0,0,Unsafe Speed,4441034,30.4,19.1,0.2,0.2,0.0,2.0,51,19.5,38.9,206,Drizzle: Light,0,0,
61420,2021-07-24 02:45:00,40.709324,-73.78838,0,0,Aggressive Driving/Road Rage,4441718,26.8,18.2,0.0,0.0,0.0,0.0,3,16.3,31.7,152,Overcast,0,0,
61421,2021-07-27 20:35:00,40.831776,-73.82097,2,0,Traffic Control Disregarded,4441314,30.4,19.1,0.2,0.2,0.0,2.0,51,19.5,38.9,206,Drizzle: Light,2,2,
61422,2021-07-27 23:30:00,40.67652,-73.73711,3,0,Failure to Yield Right-of-Way,4441198,30.4,19.1,0.2,0.2,0.0,2.0,51,19.5,38.9,206,Drizzle: Light,3,3,
61423,2021-07-18 21:20:00,40.67357,-73.95294,3,0,Driver Inattention/Distraction,4441681,28.4,23.1,12.4,12.4,0.0,10.0,63,19.6,39.2,232,Rain: Moderate,3,3,
61424,2021-07-27 12:00:00,40.660168,-73.77423,1,0,Driver Inattention/Distraction,4441120,30.4,19.1,0.2,0.2,0.0,2.0,51,19.5,38.9,206,Drizzle: Light,1,1,
61425,2021-07-27 16:45:00,40.72416,-73.754974,0,0,Unspecified,4441154,30.4,19.1,0.2,0.2,0.0,2.0,51,19.5,38.9,206,Drizzle: Light,0,0,
61426,2021-07-27 14:35:00,40.63831,-74.16609,0,0,Other Vehicular,4441553,30.4,19.1,0.2,0.2,0.0,2.0,51,19.5,38.9,206,Drizzle: Light,0,0,
61427,2021-07-27 22:08:00,40.773697,-73.98894,1,0,Failure to Yield Right-of-Way,4441418,30.4,19.1,0.2,0.2,0.0,2.0,51,19.5,38.9,206,Drizzle: Light,1,1,
61428,2021-07-27 22:15:00,40.619545,-73.91727,0,0,Unsafe Speed,4441498,30.4,19.1,0.2,0.2,0.0,2.0,51,19.5,38.9,206,Drizzle: Light,0,0,
61429,2021-07-27 07:00:00,40.698406,-73.80647,0,0,Traffic Control Disregarded,4441018,30.4,19.1,0.2,0.2,0.0,2.0,51,19.5,38.9,206,Drizzle: Light,0,0,
61430,2021-07-27 20:30:00,40.838875,-73.90266,0,0,Unsafe Speed,4441272,30.4,19.1,0.2,0.2,0.0,2.0,51,19.5,38.9,206,Drizzle: Light,0,0,
61431,2021-07-27 16:52:00,40.702793,-73.83214,1,0,Failure to Yield Right-of-Way,4441076,30.4,19.1,0.2,0.2,0.0,2.0,51,19.5,38.9,206,Drizzle: Light,1,1,
61432,2021-07-27 16:40:00,40.616333,-74.08712,0,0,Accelerator Defective,4441324,30.4,19.1,0.2,0.2,0.0,2.0,51,19.5,38.9,206,Drizzle: Light,0,0,
61433,2021-07-27 13:12:00,40.824696,-73.89184,4,0,Other Vehicular,4441410,30.4,19.1,0.2,0.2,0.0,2.0,51,19.5,38.9,206,Drizzle: Light,4,4,
61434,2021-07-27 18:54:00,40.684475,-73.866516,1,0,Failure to Yield Right-of-Way,4441300,30.4,19.1,0.2,0.2,0.0,2.0,51,19.5,38.9,206,Drizzle: Light,1,1,
61435,2021-07-27 13:27:00,40.8733,-73.853645,1,0,Unsafe Speed,4441108,30.4,19.1,0.2,0.2,0.0,2.0,51,19.5,38.9,206,Drizzle: Light,1,1,
61436,2021-07-17 11:22:00,40.889366,-73.84232,1,0,Backing Unsafely,4441660,30.8,23.3,5.1,5.1,0.0,5.0,61,17.8,36.4,201,Rain: Light,1,1,
61437,2021-07-27 18:25:00,40.88046,-73.881645,0,0,Turning Improperly,4441210,30.4,19.1,0.2,0.2,0.0,2.0,51,19.5,38.9,206,Drizzle: Light,0,0,
61438,2021-07-27 17:40:00,40.563915,-74.11637,0,0,Turning Improperly,4441189,30.4,19.1,0.2,0.2,0.0,2.0,51,19.5,38.9,206,Drizzle: Light,0,0,
61439,2021-07-27 21:00:00,40.840496,-73.82113,0,0,Unspecified,4441570,30.4,19.1,0.2,0.2,0.0,2.0,51,19.5,38.9,206,Drizzle: Light,0,0,
61440,2021-07-27 20:08:00,40.598244,-73.98264,1,0,Driver Inattention/Distraction,4441609,30.4,19.1,0.2,0.2,0.0,2.0,51,19.5,38.9,206,Drizzle: Light,1,1,
61441,2021-07-27 20:59:00,40.87367,-73.879234,0,0,Traffic Control Disregarded,4441215,30.4,19.1,0.2,0.2,0.0,2.0,51,19.5,38.9,206,Drizzle: Light,0,0,
61442,2021-07-27 18:09:00,40.786423,-73.94239,0,0,Following Too Closely,4441102,30.4,19.1,0.2,0.2,0.0,2.0,51,19.5,38.9,206,Drizzle: Light,0,0,
61443,2021-07-21 23:20:00,40.682266,-73.78781,0,0,Alcohol Involvement,4441798,27.6,20.9,1.4,1.4,0.0,4.0,53,16.0,31.3,315,Drizzle: Moderate,0,0,
61444,2021-07-27 08:23:00,40.683735,-73.85932,2,0,Traffic Control Disregarded,4441054,30.4,19.1,0.2,0.2,0.0,2.0,51,19.5,38.9,206,Drizzle: Light,2,2,
61445,2021-07-15 23:30:00,40.635098,-73.917915,0,0,Driver Inattention/Distraction,4441676,29.3,21.2,0.1,0.1,0.0,1.0,51,13.7,27.4,212,Drizzle: Light,0,0,
61446,2021-07-27 23:00:00,40.584587,-73.81958,2,0,Traffic Control Disregarded,4441340,30.4,19.1,0.2,0.2,0.0,2.0,51,19.5,38.9,206,Drizzle: Light,2,2,
61447,2021-07-27 05:40:00,40.68521,-73.76612,1,0,Traffic Control Disregarded,4441505,30.4,19.1,0.2,0.2,0.0,2.0,51,19.5,38.9,206,Drizzle: Light,1,1,
61448,2021-07-27 12:30:00,40.647232,-73.92989,0,0,Backing Unsafely,4441129,30.4,19.1,0.2,0.2,0.0,2.0,51,19.5,38.9,206,Drizzle: Light,0,0,
61449,2021-07-27 04:15:00,40.813663,-73.931244,1,0,Unspecified,4441236,30.4,19.1,0.2,0.2,0.0,2.0,51,19.5,38.9,206,Drizzle: Light,1,1,
61450,2021-07-27 07:39:00,40.791084,-73.953445,0,0,Driver Inattention/Distraction,4441374,30.4,19.1,0.2,0.2,0.0,2.0,51,19.5,38.9,206,Drizzle: Light,0,0,
61451,2021-07-27 13:44:00,40.738396,-73.79462,1,0,Passing or Lane Usage Improper,4441294,30.4,19.1,0.2,0.2,0.0,2.0,51,19.5,38.9,206,Drizzle: Light,1,1,
61452,2021-07-27 13:56:00,40.592323,-73.96074,1,0,Unspecified,4441048,30.4,19.1,0.2,0.2,0.0,2.0,51,19.5,38.9,206,Drizzle: Light,1,1,
61453,2021-07-27 12:25:00,40.75829,-73.83431,0,0,Passing or Lane Usage Improper,4441170,30.4,19.1,0.2,0.2,0.0,2.0,51,19.5,38.9,206,Drizzle: Light,0,0,
61454,2021-07-23 07:00:00,40.655884,-73.942535,0,0,Backing Unsafely,4441745,26.2,17.3,0.0,0.0,0.0,0.0,1,11.3,27.0,340,Mainly clear,0,0,Sunny/Clear Conditions
61455,2021-07-27 00:00:00,40.837646,-73.85101,0,0,Unspecified,4441249,30.4,19.1,0.2,0.2,0.0,2.0,51,19.5,38.9,206,Drizzle: Light,0,0,
61456,2021-07-27 16:20:00,40.640648,-73.95316,0,0,Alcohol Involvement,4441132,30.4,19.1,0.2,0.2,0.0,2.0,51,19.5,38.9,206,Drizzle: Light,0,0,
61457,2021-07-25 17:11:00,40.690594,-73.95162,1,0,Following Too Closely,4441633,28.0,20.3,7.3,7.3,0.0,10.0,63,20.9,43.2,198,Rain: Moderate,1,1,
61458,2021-07-08 15:40:00,40.688698,-73.942085,0,0,Following Too Closely,4441656,28.3,21.3,15.2,15.2,0.0,12.0,63,16.9,48.2,125,Rain: Moderate,0,0,
61459,2021-07-27 22:06:00,40.729237,-73.98367,1,0,Unspecified,4441574,30.4,19.1,0.2,0.2,0.0,2.0,51,19.5,38.9,206,Drizzle: Light,1,1,
61460,2021-07-27 12:38:00,40.72452,-73.897995,0,0,Driver Inattention/Distraction,4441701,30.4,19.1,0.2,0.2,0.0,2.0,51,19.5,38.9,206,Drizzle: Light,0,0,
61461,2021-07-27 04:10:00,40.618717,-73.93262,0,0,Unspecified,4441181,30.4,19.1,0.2,0.2,0.0,2.0,51,19.5,38.9,206,Drizzle: Light,0,0,
61462,2021-07-04 06:00:00,40.6921,-73.95754,5,0,Driver Inattention/Distraction,4441600,24.6,15.8,1.4,1.4,0.0,12.0,51,11.8,27.0,299,Drizzle: Light,5,5,
61463,2021-07-27 13:08:00,40.694984,-73.799904,0,0,Passing or Lane Usage Improper,4441725,30.4,19.1,0.2,0.2,0.0,2.0,51,19.5,38.9,206,Drizzle: Light,0,0,
61464,2021-07-27 17:15:00,40.753376,-73.98096,0,0,Unsafe Lane Changing,4441315,30.4,19.1,0.2,0.2,0.0,2.0,51,19.5,38.9,206,Drizzle: Light,0,0,
61465,2021-07-27 17:15:00,40.681095,-73.8736,0,0,Backing Unsafely,4441085,30.4,19.1,0.2,0.2,0.0,2.0,51,19.5,38.9,206,Drizzle: Light,0,0,
61466,2021-07-27 22:07:00,40.74137,-73.97252,2,0,Unsafe Speed,4441363,30.4,19.1,0.2,0.2,0.0,2.0,51,19.5,38.9,206,Drizzle: Light,2,2,
61467,2021-07-27 18:15:00,40.804474,-73.93764,1,0,Unspecified,4441304,30.4,19.1,0.2,0.2,0.0,2.0,51,19.5,38.9,206,Drizzle: Light,1,1,
61468,2021-07-27 12:47:00,40.623356,-74.00784,0,0,Driver Inattention/Distraction,4441070,30.4,19.1,0.2,0.2,0.0,2.0,51,19.5,38.9,206,Drizzle: Light,0,0,
61469,2021-07-27 07:20:00,40.705544,-74.00796,0,0,Turning Improperly,4441521,30.4,19.1,0.2,0.2,0.0,2.0,51,19.5,38.9,206,Drizzle: Light,0,0,
61470,2021-07-27 09:00:00,40.69142,-73.7875,0,0,Passing Too Closely,4441499,30.4,19.1,0.2,0.2,0.0,2.0,51,19.5,38.9,206,Drizzle: Light,0,0,
61471,2021-07-12 18:14:00,40.712864,-73.90478,1,0,Driver Inattention/Distraction,4441704,28.6,22.0,9.7,9.7,0.0,12.0,63,12.0,31.7,107,Rain: Moderate,1,1,
61472,2021-07-27 09:15:00,40.717022,-73.94913,1,0,Driver Inattention/Distraction,4441805,30.4,19.1,0.2,0.2,0.0,2.0,51,19.5,38.9,206,Drizzle: Light,1,1,
61473,2021-07-22 08:00:00,40.723637,-73.98733,0,0,Driver Inattention/Distraction,4441589,26.7,17.5,0.0,0.0,0.0,0.0,3,15.3,28.4,327,Overcast,0,0,
61474,2021-07-27 13:40:00,40.771286,-73.9467,0,0,Following Too Closely,4441222,30.4,19.1,0.2,0.2,0.0,2.0,51,19.5,38.9,206,Drizzle: Light,0,0,
61475,2021-07-04 00:00:00,40.69854,-73.94116,0,0,Driver Inattention/Distraction,4441640,24.6,15.8,1.4,1.4,0.0,12.0,51,11.8,27.0,299,Drizzle: Light,0,0,
61476,2021-07-04 03:50:00,40.65767,-73.96036,1,0,Failure to Yield Right-of-Way,4441645,24.6,15.8,1.4,1.4,0.0,12.0,51,11.8,27.0,299,Drizzle: Light,1,1,
61477,2021-07-25 22:00:00,40.717396,-73.9906,0,0,Unspecified,4441767,28.0,20.3,7.3,7.3,0.0,10.0,63,20.9,43.2,198,Rain: Moderate,0,0,
61478,2021-07-27 23:45:00,40.742493,-73.87337,1,0,Driver Inattention/Distraction,4441269,30.4,19.1,0.2,0.2,0.0,2.0,51,19.5,38.9,206,Drizzle: Light,1,1,
61479,2021-07-16 16:16:00,40.655594,-73.94717,0,0,Driver Inattention/Distraction,4441690,32.3,23.2,0.3,0.3,0.0,3.0,51,12.3,33.1,238,Drizzle: Light,0,0,
61480,2021-07-27 12:15:00,40.73701,-73.89993,0,0,Driver Inattention/Distraction,4441177,30.4,19.1,0.2,0.2,0.0,2.0,51,19.5,38.9,206,Drizzle: Light,0,0,
61481,2021-07-19 17:07:00,40.726955,-74.003456,0,0,Unsafe Lane Changing,4441539,27.5,20.8,0.5,0.5,0.0,2.0,51,12.8,29.9,307,Drizzle: Light,0,0,
61482,2021-07-27 14:26:00,40.718002,-73.98659,0,0,Traffic Control Disregarded,4441197,30.4,19.1,0.2,0.2,0.0,2.0,51,19.5,38.9,206,Drizzle: Light,0,0,
61483,2021-07-27 18:10:00,40.69691,-73.81124,0,0,Passing or Lane Usage Improper,4441720,30.4,19.1,0.2,0.2,0.0,2.0,51,19.5,38.9,206,Drizzle: Light,0,0,
61484,2021-07-27 10:50:00,40.712727,-73.72899,0,0,Driver Inattention/Distraction,4441117,30.4,19.1,0.2,0.2,0.0,2.0,51,19.5,38.9,206,Drizzle: Light,0,0,
61485,2021-07-27 00:30:00,40.69498,-73.79009,0,0,Driver Inattention/Distraction,4441015,30.4,19.1,0.2,0.2,0.0,2.0,51,19.5,38.9,206,Drizzle: Light,0,0,
61486,2021-07-11 00:16:00,40.810505,-73.938225,1,0,Unspecified,4441557,24.9,19.8,2.5,2.5,0.0,9.0,53,15.8,35.3,141,Drizzle: Moderate,1,1,
61487,2021-07-27 17:50:00,40.668392,-73.75627,0,0,Unspecified,4441155,30.4,19.1,0.2,0.2,0.0,2.0,51,19.5,38.9,206,Drizzle: Light,0,0,
61488,2021-07-27 09:10:00,40.893623,-73.85525,1,0,Driver Inattention/Distraction,4441140,30.4,19.1,0.2,0.2,0.0,2.0,51,19.5,38.9,206,Drizzle: Light,1,1,
61489,2021-07-27 19:00:00,40.85071,-73.83569,0,0,Unspecified,4441431,30.4,19.1,0.2,0.2,0.0,2.0,51,19.5,38.9,206,Drizzle: Light,0,0,
61490,2021-07-23 08:47:00,40.7085,-73.89766,0,0,Unspecified,4441708,26.2,17.3,0.0,0.0,0.0,0.0,1,11.3,27.0,340,Mainly clear,0,0,Sunny/Clear Conditions
61491,2021-07-27 18:40:00,40.683453,-73.96184,0,0,Driver Inattention/Distraction,4441192,30.4,19.1,0.2,0.2,0.0,2.0,51,19.5,38.9,206,Drizzle: Light,0,0,
61492,2021-07-27 12:50:00,40.852383,-73.90365,0,0,Other Vehicular,4441229,30.4,19.1,0.2,0.2,0.0,2.0,51,19.5,38.9,206,Drizzle: Light,0,0,
61493,2021-07-25 02:30:00,40.55079,-74.20098,0,0,Headlights Defective,4441666,28.0,20.3,7.3,7.3,0.0,10.0,63,20.9,43.2,198,Rain: Moderate,0,0,
61494,2021-07-21 15:00:00,40.84915,-73.917336,0,0,Unsafe Lane Changing,4441620,27.6,20.9,1.4,1.4,0.0,4.0,53,16.0,31.3,315,Drizzle: Moderate,0,0,
61495,2021-07-27 12:30:00,40.824257,-73.909325,0,0,Unspecified,4441262,30.4,19.1,0.2,0.2,0.0,2.0,51,19.5,38.9,206,Drizzle: Light,0,0,
61496,2021-07-27 10:55:00,40.62318,-73.93693,0,0,Passing Too Closely,4441182,30.4,19.1,0.2,0.2,0.0,2.0,51,19.5,38.9,206,Drizzle: Light,0,0,
61497,2021-07-13 18:48:00,40.747017,-73.704994,0,0,Unspecified,4441602,25.0,20.8,2.4,2.4,0.0,12.0,53,13.0,26.3,84,Drizzle: Moderate,0,0,
61498,2021-07-27 22:05:00,40.61384,-73.981445,1,0,Failure to Yield Right-of-Way,4441613,30.4,19.1,0.2,0.2,0.0,2.0,51,19.5,38.9,206,Drizzle: Light,1,1,
61499,2021-07-27 10:30:00,40.69133,-73.95177,0,0,Passing Too Closely,4441629,30.4,19.1,0.2,0.2,0.0,2.0,51,19.5,38.9,206,Drizzle: Light,0,0,
61500,2021-07-27 17:51:00,40.861412,-73.90497,0,0,Unspecified,4441211,30.4,19.1,0.2,0.2,0.0,2.0,51,19.5,38.9,206,Drizzle: Light,0,0,
61501,2021-10-13 01:50:00,40.7692957,-73.9949385,0,0,Unspecified,4466694,21.7,14.8,0.1,0.1,0.0,1.0,51,12.2,23.0,200,Drizzle: Light,0,0,
61502,2022-01-19 14:26:00,40.631752,-74.01725,0,0,Passing or Lane Usage Improper,4496074,7.6,-4.9,0.0,0.0,0.0,0.0,3,23.5,43.2,208,Overcast,0,0,
61503,2021-09-26 18:21:00,40.8227021,-73.8919604,1,0,Unspecified,4466696,21.4,15.6,0.0,0.0,0.0,0.0,3,23.5,45.0,294,Overcast,1,1,
61504,2021-10-12 19:55:00,40.7875502,-73.850529,0,0,Turning Improperly,4466698,21.6,15.2,0.0,0.0,0.0,0.0,3,11.8,23.8,81,Overcast,0,0,
61505,2022-01-21 21:35:00,40.574135,-74.08581,0,0,Following Too Closely,4496373,-5.3,-11.6,0.0,0.0,0.0,0.0,3,21.9,40.0,2,Overcast,0,0,
61506,2022-01-21 17:08:00,40.723305,-74.00299,0,0,Driver Inattention/Distraction,4496322,-5.3,-11.6,0.0,0.0,0.0,0.0,3,21.9,40.0,2,Overcast,0,0,
61507,2021-10-10 11:00:00,40.7055008,-73.762131,0,0,Passing Too Closely,4466701,18.5,16.0,2.4,2.4,0.0,8.0,53,27.2,52.6,52,Drizzle: Moderate,0,0,
61508,2021-10-11 21:09:00,40.6663161,-73.791704,2,0,Passing Too Closely,4466702,21.7,16.3,0.0,0.0,0.0,0.0,3,25.7,49.7,41,Overcast,2,2,
61509,2021-10-01 22:10:00,40.6833421,-73.804323,0,0,Following Too Closely,4466703,19.4,9.5,0.0,0.0,0.0,0.0,0,13.8,28.1,302,Clear sky,0,0,Sunny/Clear Conditions
61510,2021-10-09 00:00:00,40.681888,-73.9654882,1,0,Aggressive Driving/Road Rage,4466705,20.2,15.2,1.2,1.2,0.0,5.0,51,22.8,42.8,71,Drizzle: Light,1,1,
61511,2021-10-09 10:57:00,40.5753322,-74.1617859,3,0,Driver Inattention/Distraction,4466707,20.2,15.2,1.2,1.2,0.0,5.0,51,22.8,42.8,71,Drizzle: Light,3,3,
61512,2021-10-12 01:00:00,40.815611,-73.934297,0,0,Unsafe Lane Changing,4466708,21.6,15.2,0.0,0.0,0.0,0.0,3,11.8,23.8,81,Overcast,0,0,
61513,2022-01-20 17:45:00,0.0,0.0,2,0,Following Too Closely,4496228,5.2,-5.5,7.3,4.6,1.89,10.0,73,22.3,40.0,315,Snow fall: Moderate,2,2,Snowy Conditions
61514,2021-10-12 07:28:00,40.7976168,-73.932939,0,0,Unsafe Speed,4466710,21.6,15.2,0.0,0.0,0.0,0.0,3,11.8,23.8,81,Overcast,0,0,
61515,2021-10-10 22:16:00,40.8548229,-73.911194,1,0,Turning Improperly,4466711,18.5,16.0,2.4,2.4,0.0,8.0,53,27.2,52.6,52,Drizzle: Moderate,1,1,
61516,2021-10-10 23:00:00,40.8485182,-73.9359293,0,0,Unspecified,4466712,18.5,16.0,2.4,2.4,0.0,8.0,53,27.2,52.6,52,Drizzle: Moderate,0,0,
61517,2021-10-12 16:15:00,40.6096259,-74.1495445,0,0,Driver Inattention/Distraction,4466714,21.6,15.2,0.0,0.0,0.0,0.0,3,11.8,23.8,81,Overcast,0,0,
61518,2021-10-12 16:18:00,40.8598744,-73.8932165,0,0,Unspecified,4466715,21.6,15.2,0.0,0.0,0.0,0.0,3,11.8,23.8,81,Overcast,0,0,
61519,2022-01-21 16:14:00,40.880924,-73.83966,0,0,Following Too Closely,4496798,-5.3,-11.6,0.0,0.0,0.0,0.0,3,21.9,40.0,2,Overcast,0,0,
61520,2021-10-12 18:39:00,40.7996625,-73.9389866,0,0,Driver Inattention/Distraction,4466717,21.6,15.2,0.0,0.0,0.0,0.0,3,11.8,23.8,81,Overcast,0,0,
61521,2022-01-20 06:00:00,40.65878,-73.83977,0,0,Failure to Yield Right-of-Way,4496085,5.2,-5.5,7.3,4.6,1.89,10.0,73,22.3,40.0,315,Snow fall: Moderate,0,0,Snowy Conditions
61522,2022-01-19 16:20:00,40.655884,-73.942535,0,0,Unsafe Lane Changing,4495910,7.6,-4.9,0.0,0.0,0.0,0.0,3,23.5,43.2,208,Overcast,0,0,
61523,2022-09-23 18:30:00,40.722958,-73.86691,0,0,Other Vehicular,4567427,16.4,10.0,0.0,0.0,0.0,0.0,0,31.1,56.9,323,Clear sky,0,0,Sunny/Clear Conditions
61524,2021-10-08 05:30:00,40.7452028,-73.9945236,1,0,Following Too Closely,4466721,23.7,14.5,0.0,0.0,0.0,0.0,3,13.0,22.3,94,Overcast,1,1,
61525,2022-09-24 15:00:00,40.689243,-73.98873,1,0,Pedestrian/Bicyclist/Other Pedestrian Error/Confusion,4566854,20.6,9.5,0.0,0.0,0.0,0.0,3,18.8,37.4,295,Overcast,1,1,
61526,2022-09-24 12:00:00,40.74634,-73.829185,0,0,Unspecified,4567176,20.6,9.5,0.0,0.0,0.0,0.0,3,18.8,37.4,295,Overcast,0,0,
61527,2022-09-10 04:30:00,40.88351,-73.83004,0,0,Aggressive Driving/Road Rage,4567535,27.4,15.3,0.0,0.0,0.0,0.0,3,12.6,24.8,209,Overcast,0,0,
61528,2021-10-09 11:52:00,40.7227796,-73.9539908,0,0,Unspecified,4466726,20.2,15.2,1.2,1.2,0.0,5.0,51,22.8,42.8,71,Drizzle: Light,0,0,
61529,2022-09-21 07:55:00,40.650402,-73.89422,0,0,Unspecified,4567570,26.5,16.0,0.0,0.0,0.0,0.0,3,19.4,36.7,252,Overcast,0,0,
61530,2022-09-02 15:59:00,40.842003,-73.92338,0,0,Driver Inexperience,4567482,25.2,15.5,0.0,0.0,0.0,0.0,3,14.8,28.8,66,Overcast,0,0,
61531,2022-09-24 07:10:00,40.67376,-73.79473,1,0,Outside Car Distraction,4566994,20.6,9.5,0.0,0.0,0.0,0.0,3,18.8,37.4,295,Overcast,1,1,
61532,2022-09-24 20:05:00,40.79978,-73.96821,1,0,Driver Inattention/Distraction,4567200,20.6,9.5,0.0,0.0,0.0,0.0,3,18.8,37.4,295,Overcast,1,1,
61533,2022-09-24 22:20:00,40.71848,-73.991394,1,0,Backing Unsafely,4567650,20.6,9.5,0.0,0.0,0.0,0.0,3,18.8,37.4,295,Overcast,1,1,
61534,2021-07-28 02:00:00,40.69246,-73.726875,1,0,Unsafe Lane Changing,4441200,26.7,20.2,0.7,0.7,0.0,3.0,53,16.7,34.2,1,Drizzle: Moderate,1,1,
61535,2021-10-13 05:40:00,40.7554913,-73.7417264,0,0,Fell Asleep,4466735,21.7,14.8,0.1,0.1,0.0,1.0,51,12.2,23.0,200,Drizzle: Light,0,0,
61536,2021-10-12 23:47:00,40.743451,-73.790949,0,0,Driver Inattention/Distraction,4466736,21.6,15.2,0.0,0.0,0.0,0.0,3,11.8,23.8,81,Overcast,0,0,
61537,2021-10-12 17:30:00,40.7613154,-73.860869,0,0,Unspecified,4466737,21.6,15.2,0.0,0.0,0.0,0.0,3,11.8,23.8,81,Overcast,0,0,
61538,2022-09-24 15:15:00,40.640408,-74.00444,1,0,Unsafe Speed,4567526,20.6,9.5,0.0,0.0,0.0,0.0,3,18.8,37.4,295,Overcast,1,1,