,CRASH DATETIME,LATITUDE,LONGITUDE,NUMBER OF PERSONS INJURED,NUMBER OF PERSONS KILLED,CONTRIBUTING FACTOR VEHICLE 1,COLLISION_ID,temperature_2m_max,temperature_2m_min,precipitation_sum,rain_sum,snowfall_sum,precipitation_hours,weather_code,wind_speed_10m_max,wind_gusts_10m_max,wind_direction_10m_dominant,Weather Description,Severity_Score,Total_Affected_Persons,Weather_Category
61539,2021-10-12 21:50:00,40.7650136,-73.8870909,0,0,Alcohol Involvement,4466739,21.6,15.2,0.0,0.0,0.0,0.0,3,11.8,23.8,81,Overcast,0,0,
61540,2021-10-08 23:15:00,40.5250272,-74.2392663,0,0,Other Vehicular,4466740,23.7,14.5,0.0,0.0,0.0,0.0,3,13.0,22.3,94,Overcast,0,0,
61541,2022-09-24 14:10:00,40.680977,-74.00498,0,0,Driver Inattention/Distraction,4567410,20.6,9.5,0.0,0.0,0.0,0.0,3,18.8,37.4,295,Overcast,0,0,
61542,2021-10-10 23:19:00,40.5933791,-73.7768785,1,0,Unspecified,4466742,18.5,16.0,2.4,2.4,0.0,8.0,53,27.2,52.6,52,Drizzle: Moderate,1,1,
61543,2021-10-08 21:57:00,40.5985436,-74.0794843,0,0,Backing Unsafely,4466743,23.7,14.5,0.0,0.0,0.0,0.0,3,13.0,22.3,94,Overcast,0,0,
61544,2021-10-08 08:03:00,40.7978898,-73.9368996,1,0,Other Vehicular,4466744,23.7,14.5,0.0,0.0,0.0,0.0,3,13.0,22.3,94,Overcast,1,1,
61545,2021-10-12 00:15:00,40.5962568,-73.766834,0,0,Traffic Control Disregarded,4466745,21.6,15.2,0.0,0.0,0.0,0.0,3,11.8,23.8,81,Overcast,0,0,
61546,2021-10-12 08:45:00,40.6069288,-73.747439,0,0,Passing Too Closely,4466746,21.6,15.2,0.0,0.0,0.0,0.0,3,11.8,23.8,81,Overcast,0,0,
61547,2021-10-12 18:45:00,40.8127391,-73.9376183,1,0,Driver Inattention/Distraction,4466747,21.6,15.2,0.0,0.0,0.0,0.0,3,11.8,23.8,81,Overcast,1,1,
61548,2021-10-12 16:00:00,40.8406312,-73.888045,0,0,Other Vehicular,4466748,21.6,15.2,0.0,0.0,0.0,0.0,3,11.8,23.8,81,Overcast,0,0,
61549,2021-10-12 21:25:00,40.6562732,-73.9073064,3,0,Unspecified,4466749,21.6,15.2,0.0,0.0,0.0,0.0,3,11.8,23.8,81,Overcast,3,3,
61550,2021-10-11 08:49:00,40.6652035,-73.9225511,0,0,Driver Inattention/Distraction,4466750,21.7,16.3,0.0,0.0,0.0,0.0,3,25.7,49.7,41,Overcast,0,0,
61551,2022-09-24 00:00:00,40.73048,-73.82977,0,0,Unspecified,4566780,20.6,9.5,0.0,0.0,0.0,0.0,3,18.8,37.4,295,Overcast,0,0,
61552,2021-10-12 18:14:00,40.6626114,-73.9071352,0,0,Unspecified,4466752,21.6,15.2,0.0,0.0,0.0,0.0,3,11.8,23.8,81,Overcast,0,0,
61553,2022-09-24 23:40:00,40.72106,-73.99821,1,0,Driver Inattention/Distraction,4567469,20.6,9.5,0.0,0.0,0.0,0.0,3,18.8,37.4,295,Overcast,1,1,
61554,2021-10-01 12:25:00,40.6576666,-73.9095968,1,0,Unspecified,4466754,19.4,9.5,0.0,0.0,0.0,0.0,0,13.8,28.1,302,Clear sky,1,1,Sunny/Clear Conditions
61555,2022-09-24 06:25:00,40.598392,-73.90629,1,0,Unspecified,4566892,20.6,9.5,0.0,0.0,0.0,0.0,3,18.8,37.4,295,Overcast,1,1,
61556,2021-10-12 22:00:00,40.8553962,-73.9180955,1,0,Unsafe Speed,4466756,21.6,15.2,0.0,0.0,0.0,0.0,3,11.8,23.8,81,Overcast,1,1,
61557,2022-09-23 13:35:00,40.806973,-73.937645,0,0,Following Too Closely,4567432,16.4,10.0,0.0,0.0,0.0,0.0,0,31.1,56.9,323,Clear sky,0,0,Sunny/Clear Conditions
61558,2022-09-22 08:40:00,40.63165,-74.08762,0,0,Unspecified,4567390,24.9,14.3,9.1,9.1,0.0,7.0,63,24.6,44.6,273,Rain: Moderate,0,0,
61559,2021-10-12 14:56:00,40.7497316,-73.9762344,1,0,Failure to Yield Right-of-Way,4466759,21.6,15.2,0.0,0.0,0.0,0.0,3,11.8,23.8,81,Overcast,1,1,
61560,2021-10-13 12:50:00,40.7449019,-73.7702092,0,0,Reaction to Uninvolved Vehicle,4466760,21.7,14.8,0.1,0.1,0.0,1.0,51,12.2,23.0,200,Drizzle: Light,0,0,
61561,2022-09-24 18:35:00,40.739666,-73.79215,0,0,Driver Inattention/Distraction,4567275,20.6,9.5,0.0,0.0,0.0,0.0,3,18.8,37.4,295,Overcast,0,0,
61562,2021-10-12 16:41:00,40.7137303,-74.0138408,1,0,Unspecified,4466762,21.6,15.2,0.0,0.0,0.0,0.0,3,11.8,23.8,81,Overcast,1,1,
61563,2022-09-21 15:15:00,40.613995,-73.99538,1,0,Unspecified,4567578,26.5,16.0,0.0,0.0,0.0,0.0,3,19.4,36.7,252,Overcast,1,1,
61564,2022-09-24 11:47:00,40.552765,-74.191414,0,0,Unspecified,4567354,20.6,9.5,0.0,0.0,0.0,0.0,3,18.8,37.4,295,Overcast,0,0,
61565,2021-10-05 11:00:00,40.6820589,-73.9908673,0,0,Unspecified,4466765,19.9,15.0,0.0,0.0,0.0,0.0,3,14.5,28.1,46,Overcast,0,0,
61566,2021-10-11 07:03:00,40.6685062,-73.9256052,1,0,Traffic Control Disregarded,4466766,21.7,16.3,0.0,0.0,0.0,0.0,3,25.7,49.7,41,Overcast,1,1,
61567,2022-09-24 00:35:00,40.66654,-73.99509,2,0,Failure to Yield Right-of-Way,4567527,20.6,9.5,0.0,0.0,0.0,0.0,3,18.8,37.4,295,Overcast,2,2,
61568,2022-09-24 11:00:00,40.720715,-73.80319,0,0,Unspecified,4567035,20.6,9.5,0.0,0.0,0.0,0.0,3,18.8,37.4,295,Overcast,0,0,
61569,2021-10-12 09:30:00,40.5975812,-73.9677754,0,0,Following Too Closely,4466769,21.6,15.2,0.0,0.0,0.0,0.0,3,11.8,23.8,81,Overcast,0,0,
61570,2022-09-24 17:43:00,40.83329,-73.894196,0,0,Unspecified,4567476,20.6,9.5,0.0,0.0,0.0,0.0,3,18.8,37.4,295,Overcast,0,0,
61571,2022-09-14 10:15:00,40.63936,-73.97194,0,0,Unspecified,4567514,26.4,15.8,0.0,0.0,0.0,0.0,2,20.1,37.1,283,Partly cloudy,0,0,
61572,2021-10-09 12:51:00,40.8617202,-73.8305294,0,0,Backing Unsafely,4466772,20.2,15.2,1.2,1.2,0.0,5.0,51,22.8,42.8,71,Drizzle: Light,0,0,
61573,2021-10-13 00:40:00,40.6297311,-73.9222151,0,0,Outside Car Distraction,4466773,21.7,14.8,0.1,0.1,0.0,1.0,51,12.2,23.0,200,Drizzle: Light,0,0,
61574,2022-09-24 00:00:00,40.700497,-73.962555,0,0,Alcohol Involvement,4567190,20.6,9.5,0.0,0.0,0.0,0.0,3,18.8,37.4,295,Overcast,0,0,
61575,2021-10-09 19:30:00,40.6222066,-73.9440427,1,0,Unspecified,4466777,20.2,15.2,1.2,1.2,0.0,5.0,51,22.8,42.8,71,Drizzle: Light,1,1,
61576,2021-10-12 03:08:00,40.6784553,-73.9496774,0,0,Driver Inattention/Distraction,4466778,21.6,15.2,0.0,0.0,0.0,0.0,3,11.8,23.8,81,Overcast,0,0,
61577,2022-09-24 12:35:00,40.650055,-73.90739,1,0,Following Too Closely,4566809,20.6,9.5,0.0,0.0,0.0,0.0,3,18.8,37.4,295,Overcast,1,1,
61578,2021-10-09 18:00:00,40.6758186,-73.9304568,0,0,Following Too Closely,4466780,20.2,15.2,1.2,1.2,0.0,5.0,51,22.8,42.8,71,Drizzle: Light,0,0,
61579,2021-10-05 18:37:00,40.6789349,-73.9619567,1,0,Driver Inexperience,4466781,19.9,15.0,0.0,0.0,0.0,0.0,3,14.5,28.1,46,Overcast,1,1,
61580,2021-10-12 20:10:00,40.8863332,-73.9126832,2,0,Steering Failure,4466782,21.6,15.2,0.0,0.0,0.0,0.0,3,11.8,23.8,81,Overcast,2,2,
61581,2021-10-11 16:40:00,40.6685062,-73.9256052,0,0,Driver Inattention/Distraction,4466783,21.7,16.3,0.0,0.0,0.0,0.0,3,25.7,49.7,41,Overcast,0,0,
61582,2022-09-18 08:53:00,40.725918,-73.89535,3,0,Reaction to Uninvolved Vehicle,4567367,28.7,17.1,0.0,0.0,0.0,0.0,3,20.2,36.7,233,Overcast,3,3,
61583,2022-09-24 16:59:00,40.66714,-73.95925,0,0,Driver Inattention/Distraction,4566866,20.6,9.5,0.0,0.0,0.0,0.0,3,18.8,37.4,295,Overcast,0,0,
61584,2022-09-23 14:52:00,40.817196,-73.895325,0,0,Passing Too Closely,4567376,16.4,10.0,0.0,0.0,0.0,0.0,0,31.1,56.9,323,Clear sky,0,0,Sunny/Clear Conditions
61585,2022-09-24 21:19:00,40.72469,-73.7541,0,0,Turning Improperly,4567022,20.6,9.5,0.0,0.0,0.0,0.0,3,18.8,37.4,295,Overcast,0,0,
61586,2021-10-09 02:17:00,40.6035493,-73.9153053,3,0,Fell Asleep,4466788,20.2,15.2,1.2,1.2,0.0,5.0,51,22.8,42.8,71,Drizzle: Light,3,3,
61587,2022-09-24 23:51:00,40.838497,-73.939835,1,0,Unspecified,4567366,20.6,9.5,0.0,0.0,0.0,0.0,3,18.8,37.4,295,Overcast,1,1,
61588,2022-09-10 18:35:00,40.893375,-73.85451,0,0,Unspecified,4567546,27.4,15.3,0.0,0.0,0.0,0.0,3,12.6,24.8,209,Overcast,0,0,
61589,2022-09-24 00:00:00,40.868546,-73.88832,0,0,Failure to Yield Right-of-Way,4567257,20.6,9.5,0.0,0.0,0.0,0.0,3,18.8,37.4,295,Overcast,0,0,
61590,2021-10-10 06:30:00,40.7049151,-73.8804493,0,0,Driver Inexperience,4466793,18.5,16.0,2.4,2.4,0.0,8.0,53,27.2,52.6,52,Drizzle: Moderate,0,0,
61591,2021-10-08 23:30:00,40.712877,-73.8788932,0,0,Driver Inattention/Distraction,4466794,23.7,14.5,0.0,0.0,0.0,0.0,3,13.0,22.3,94,Overcast,0,0,
61592,2022-09-22 16:00:00,40.704185,-73.781715,0,0,Traffic Control Disregarded,4567553,24.9,14.3,9.1,9.1,0.0,7.0,63,24.6,44.6,273,Rain: Moderate,0,0,
61593,2022-09-24 06:00:00,40.681946,-73.904884,0,0,View Obstructed/Limited,4566738,20.6,9.5,0.0,0.0,0.0,0.0,3,18.8,37.4,295,Overcast,0,0,
61594,2022-09-24 19:08:00,40.62448,-73.99593,1,0,Unspecified,4567610,20.6,9.5,0.0,0.0,0.0,0.0,3,18.8,37.4,295,Overcast,1,1,
61595,2022-09-21 09:15:00,40.701275,-73.88887,0,0,Unspecified,4567492,26.5,16.0,0.0,0.0,0.0,0.0,3,19.4,36.7,252,Overcast,0,0,
61596,2022-09-24 07:51:00,40.669724,-73.86097,0,0,Unspecified,4567671,20.6,9.5,0.0,0.0,0.0,0.0,3,18.8,37.4,295,Overcast,0,0,
61597,2021-10-12 14:45:00,40.6503478,-73.8684855,1,0,Following Too Closely,4466800,21.6,15.2,0.0,0.0,0.0,0.0,3,11.8,23.8,81,Overcast,1,1,
61598,2021-10-09 18:00:00,40.5849841,-73.9433948,2,0,Unsafe Speed,4466801,20.2,15.2,1.2,1.2,0.0,5.0,51,22.8,42.8,71,Drizzle: Light,2,2,
61599,2022-09-23 12:00:00,40.788982,-73.93039,0,0,Unspecified,4567428,16.4,10.0,0.0,0.0,0.0,0.0,0,31.1,56.9,323,Clear sky,0,0,Sunny/Clear Conditions
61600,2022-09-24 11:30:00,40.78614,-73.93929,0,0,Reaction to Uninvolved Vehicle,4566853,20.6,9.5,0.0,0.0,0.0,0.0,3,18.8,37.4,295,Overcast,0,0,
61601,2022-09-24 16:00:00,40.695023,-73.98885,0,0,Passing or Lane Usage Improper,4566855,20.6,9.5,0.0,0.0,0.0,0.0,3,18.8,37.4,295,Overcast,0,0,
61602,2021-10-04 19:40:00,40.69603,-73.9435263,1,0,Other Vehicular,4466806,20.6,16.4,21.8,21.8,0.0,17.0,63,20.8,42.8,61,Rain: Moderate,1,1,
61603,2022-08-18 01:00:00,40.8781,-73.85339,0,0,Unsafe Speed,4567399,30.7,17.3,0.0,0.0,0.0,0.0,3,17.5,35.3,292,Overcast,0,0,
61604,2022-09-24 11:33:00,40.593845,-74.16676,0,0,Unspecified,4566880,20.6,9.5,0.0,0.0,0.0,0.0,3,18.8,37.4,295,Overcast,0,0,
61605,2022-09-24 00:00:00,40.677998,-74.01216,1,0,Unspecified,4567418,20.6,9.5,0.0,0.0,0.0,0.0,3,18.8,37.4,295,Overcast,1,1,
61606,2022-09-17 09:30:00,40.717834,-73.94324,1,0,Driver Inattention/Distraction,4567638,22.9,16.8,0.0,0.0,0.0,0.0,3,16.9,32.0,115,Overcast,1,1,
61607,2021-10-08 19:41:00,40.8313358,-73.9216614,1,0,Driver Inattention/Distraction,4466812,23.7,14.5,0.0,0.0,0.0,0.0,3,13.0,22.3,94,Overcast,1,1,
61608,2022-09-24 14:37:00,40.813778,-73.959694,0,0,Unspecified,4566979,20.6,9.5,0.0,0.0,0.0,0.0,3,18.8,37.4,295,Overcast,0,0,
61609,2021-09-30 22:00:00,40.8281223,-73.9310615,1,0,Following Too Closely,4466814,18.8,13.1,0.0,0.0,0.0,0.0,3,18.1,37.4,330,Overcast,1,1,
61610,2021-10-12 16:20:00,40.7497011,-73.9025603,0,0,Driver Inattention/Distraction,4466816,21.6,15.2,0.0,0.0,0.0,0.0,3,11.8,23.8,81,Overcast,0,0,
61611,2021-10-11 14:50:00,40.6881735,-73.9839866,0,0,Other Vehicular,4466818,21.7,16.3,0.0,0.0,0.0,0.0,3,25.7,49.7,41,Overcast,0,0,
61612,2021-10-05 19:00:00,40.7198654,-73.9897554,0,0,Passing or Lane Usage Improper,4466820,19.9,15.0,0.0,0.0,0.0,0.0,3,14.5,28.1,46,Overcast,0,0,
61613,2021-10-12 08:00:00,40.6895615,-73.9671143,1,0,Passing or Lane Usage Improper,4466822,21.6,15.2,0.0,0.0,0.0,0.0,3,11.8,23.8,81,Overcast,1,1,
61614,2021-09-15 14:45:00,40.8281594,-73.9129604,5,0,Driver Inattention/Distraction,4466824,29.6,20.7,0.3,0.3,0.0,3.0,51,21.6,40.7,192,Drizzle: Light,5,5,
61615,2021-10-13 07:15:00,40.7159668,-73.8127455,1,0,Driver Inattention/Distraction,4466827,21.7,14.8,0.1,0.1,0.0,1.0,51,12.2,23.0,200,Drizzle: Light,1,1,
61616,2021-12-26 22:52:00,40.824085,-73.874344,0,1,Unspecified,4490225,8.9,3.4,0.0,0.0,0.0,0.0,3,21.9,38.9,316,Overcast,20,1,
61617,2022-04-11 00:44:00,40.749706,-73.99157,1,0,Pedestrian/Bicyclist/Other Pedestrian Error/Confusion,4518845,13.1,1.8,0.0,0.0,0.0,0.0,3,18.6,36.4,246,Overcast,1,1,
61618,2022-04-09 22:16:00,40.695652,-73.90269,0,0,Unspecified,4518836,13.6,5.0,4.8,4.8,0.0,12.0,55,20.1,42.8,263,Drizzle: Dense,0,0,
61619,2021-10-06 14:45:00,40.7333949,-73.990919,0,0,Unspecified,4466836,20.3,16.0,0.1,0.1,0.0,1.0,51,6.5,14.0,28,Drizzle: Light,0,0,
61620,2021-10-11 16:00:00,40.7344895,-73.9907722,2,0,Driver Inexperience,4466837,21.7,16.3,0.0,0.0,0.0,0.0,3,25.7,49.7,41,Overcast,2,2,
61621,2022-04-10 22:30:00,40.70276,-73.88894,0,0,Unsafe Speed,4518837,9.8,3.5,0.0,0.0,0.0,0.0,3,29.3,54.4,307,Overcast,0,0,
61622,2022-04-08 22:00:00,40.69993,-73.90588,1,0,Failure to Yield Right-of-Way,4518835,16.5,7.1,5.2,5.2,0.0,4.0,63,21.3,42.8,253,Rain: Moderate,1,1,
61623,2022-04-11 07:15:00,40.637875,-73.95847,0,0,Driver Inexperience,4518838,13.1,1.8,0.0,0.0,0.0,0.0,3,18.6,36.4,246,Overcast,0,0,
61624,2022-04-11 23:56:00,40.597122,-74.00418,0,0,Unsafe Speed,4518791,13.1,1.8,0.0,0.0,0.0,0.0,3,18.6,36.4,246,Overcast,0,0,
61625,2022-04-11 17:10:00,40.708256,-73.91997,1,0,Following Too Closely,4518839,13.1,1.8,0.0,0.0,0.0,0.0,3,18.6,36.4,246,Overcast,1,1,
61626,2022-09-17 19:35:00,40.732994,-73.982414,0,0,Unsafe Speed,4567459,22.9,16.8,0.0,0.0,0.0,0.0,3,16.9,32.0,115,Overcast,0,0,
61627,2022-04-11 01:10:00,40.845104,-73.91494,0,0,Driver Inattention/Distraction,4522436,13.1,1.8,0.0,0.0,0.0,0.0,3,18.6,36.4,246,Overcast,0,0,
61628,2022-04-11 14:00:00,40.831127,-73.91745,0,0,Unspecified,4522442,13.1,1.8,0.0,0.0,0.0,0.0,3,18.6,36.4,246,Overcast,0,0,
61629,2022-04-18 16:00:00,40.843643,-73.90676,0,0,Backing Unsafely,4522441,10.6,1.5,6.1,6.1,0.0,5.0,63,30.8,52.9,90,Rain: Moderate,0,0,
61630,2022-04-19 15:50:00,40.844833,-73.909386,0,0,Unspecified,4522440,11.0,4.5,27.1,27.1,0.0,9.0,63,41.1,85.0,282,Rain: Moderate,0,0,
61631,2022-03-11 16:30:00,40.83005,-73.922424,0,0,Unspecified,4522431,10.7,-1.0,0.0,0.0,0.0,0.0,3,20.5,39.2,178,Overcast,0,0,
61632,2022-04-22 16:20:00,40.86315,-73.90907,1,0,Driver Inattention/Distraction,4522437,18.1,8.5,0.0,0.0,0.0,0.0,3,21.3,43.2,301,Overcast,1,1,
61633,2022-04-23 12:00:00,0.0,0.0,0,0,Following Too Closely,4522443,14.7,6.3,0.0,0.0,0.0,0.0,3,15.0,29.2,119,Overcast,0,0,
61634,2022-09-18 23:25:00,40.68746,-73.906494,1,0,Drugs (illegal),4567669,28.7,17.1,0.0,0.0,0.0,0.0,3,20.2,36.7,233,Overcast,1,1,
61635,2022-09-24 04:25:00,40.7923,-73.95046,2,0,Traffic Control Disregarded,4566820,20.6,9.5,0.0,0.0,0.0,0.0,3,18.8,37.4,295,Overcast,2,2,
61636,2022-09-20 18:06:00,40.89466,-73.86137,1,0,Passing or Lane Usage Improper,4567400,25.7,17.7,0.0,0.0,0.0,0.0,3,19.0,35.3,296,Overcast,1,1,
61637,2022-09-22 08:35:00,40.742336,-73.98175,0,0,Backing Unsafely,4567443,24.9,14.3,9.1,9.1,0.0,7.0,63,24.6,44.6,273,Rain: Moderate,0,0,
61638,2022-09-24 22:00:00,40.715683,-73.81193,0,0,Passing or Lane Usage Improper,4567474,20.6,9.5,0.0,0.0,0.0,0.0,3,18.8,37.4,295,Overcast,0,0,
61639,2022-09-24 06:00:00,40.749462,-73.86656,0,0,Driver Inattention/Distraction,4566829,20.6,9.5,0.0,0.0,0.0,0.0,3,18.8,37.4,295,Overcast,0,0,
61640,2021-10-13 15:03:00,40.7801743,-73.95931,1,0,Failure to Yield Right-of-Way,4466858,21.7,14.8,0.1,0.1,0.0,1.0,51,12.2,23.0,200,Drizzle: Light,1,1,
61641,2021-07-29 08:40:00,40.851807,-73.90683,0,0,Unspecified,4441616,25.3,20.4,33.0,33.0,0.0,11.0,65,26.1,50.8,182,Rain: Heavy,0,0,
61642,2022-04-11 11:32:00,40.634354,-73.97891,0,0,Unspecified,4518189,13.1,1.8,0.0,0.0,0.0,0.0,3,18.6,36.4,246,Overcast,0,0,
61643,2022-04-11 13:41:00,40.70205,-73.91443,0,0,Driver Inattention/Distraction,4518357,13.1,1.8,0.0,0.0,0.0,0.0,3,18.6,36.4,246,Overcast,0,0,
61644,2021-10-02 00:30:00,40.7609829,-73.9649873,0,0,Driver Inattention/Distraction,4466855,23.7,10.8,0.0,0.0,0.0,0.0,3,17.0,34.2,254,Overcast,0,0,
61645,2022-04-11 15:12:00,40.667313,-73.73926,1,0,Unspecified,4518260,13.1,1.8,0.0,0.0,0.0,0.0,3,18.6,36.4,246,Overcast,1,1,
61646,2022-03-21 15:15:00,40.676872,-73.94985,0,0,Passing Too Closely,4518744,15.6,5.0,0.0,0.0,0.0,0.0,3,30.0,53.6,299,Overcast,0,0,
61647,2022-04-11 09:33:00,40.676693,-73.917404,1,0,Following Too Closely,4518704,13.1,1.8,0.0,0.0,0.0,0.0,3,18.6,36.4,246,Overcast,1,1,
61648,2022-04-11 00:01:00,40.740467,-73.8593,0,0,Unspecified,4517808,13.1,1.8,0.0,0.0,0.0,0.0,3,18.6,36.4,246,Overcast,0,0,
61649,2022-04-11 16:40:00,40.648293,-73.95823,1,0,Unspecified,4518234,13.1,1.8,0.0,0.0,0.0,0.0,3,18.6,36.4,246,Overcast,1,1,
61650,2022-04-05 23:24:00,40.825222,-73.93779,0,0,Pavement Slippery,4518567,12.1,1.0,1.7,1.7,0.0,3.0,53,16.8,32.8,121,Drizzle: Moderate,0,0,
61651,2022-04-11 18:45:00,40.766685,-73.892136,0,0,Failure to Yield Right-of-Way,4518305,13.1,1.8,0.0,0.0,0.0,0.0,3,18.6,36.4,246,Overcast,0,0,
61652,2022-04-02 20:10:00,40.7466,-73.76503,0,0,Following Too Closely,4518661,11.1,1.4,0.0,0.0,0.0,0.0,3,26.3,47.9,286,Overcast,0,0,
61653,2021-10-11 22:39:00,40.6812413,-73.8513189,1,0,Driver Inattention/Distraction,4466865,21.7,16.3,0.0,0.0,0.0,0.0,3,25.7,49.7,41,Overcast,1,1,
61654,2022-04-11 00:36:00,40.78294,-73.948044,0,0,Unspecified,4517856,13.1,1.8,0.0,0.0,0.0,0.0,3,18.6,36.4,246,Overcast,0,0,
61655,2021-10-09 22:00:00,40.7922448,-73.9441814,0,0,Unspecified,4466868,20.2,15.2,1.2,1.2,0.0,5.0,51,22.8,42.8,71,Drizzle: Light,0,0,
61656,2022-04-06 13:00:00,40.82162,-73.89589,0,0,Unspecified,4518734,12.5,6.2,17.5,17.5,0.0,14.0,61,31.2,62.3,55,Rain: Light,0,0,
61657,2021-10-13 18:10:00,40.8132378,-73.93129,1,0,Unspecified,4466870,21.7,14.8,0.1,0.1,0.0,1.0,51,12.2,23.0,200,Drizzle: Light,1,1,
61658,2022-04-04 05:14:00,40.676598,-73.93039,0,0,Alcohol Involvement,4518634,12.2,2.6,0.1,0.1,0.0,1.0,51,23.7,41.4,304,Drizzle: Light,0,0,
61659,2022-04-11 08:00:00,40.780224,-73.80255,1,0,Reaction to Uninvolved Vehicle,4517973,13.1,1.8,0.0,0.0,0.0,0.0,3,18.6,36.4,246,Overcast,1,1,
61660,2022-04-11 15:25:00,40.72778,-73.78551,0,0,Driver Inattention/Distraction,4518169,13.1,1.8,0.0,0.0,0.0,0.0,3,18.6,36.4,246,Overcast,0,0,
61661,2022-04-11 12:20:00,40.74709,-73.97419,1,0,,4518383,13.1,1.8,0.0,0.0,0.0,0.0,3,18.6,36.4,246,Overcast,1,1,
61662,2022-04-11 14:30:00,40.82406,-73.8998,1,0,Unspecified,4518439,13.1,1.8,0.0,0.0,0.0,0.0,3,18.6,36.4,246,Overcast,1,1,
61663,2022-04-11 15:40:00,40.899628,-73.84435,0,0,Passing or Lane Usage Improper,4518573,13.1,1.8,0.0,0.0,0.0,0.0,3,18.6,36.4,246,Overcast,0,0,
61664,2021-10-14 02:32:00,40.7400268,-73.8456427,1,0,Traffic Control Disregarded,4466878,25.0,15.4,0.0,0.0,0.0,0.0,3,15.4,29.9,328,Overcast,1,1,
61665,2022-04-11 07:30:00,40.7555,-73.90843,1,0,Driver Inattention/Distraction,4518600,13.1,1.8,0.0,0.0,0.0,0.0,3,18.6,36.4,246,Overcast,1,1,
61666,2021-10-13 07:30:00,40.7344798,-73.8631559,3,0,Following Too Closely,4466880,21.7,14.8,0.1,0.1,0.0,1.0,51,12.2,23.0,200,Drizzle: Light,3,3,
61667,2021-10-13 06:44:00,40.7365435,-73.8561008,0,0,Driver Inattention/Distraction,4466881,21.7,14.8,0.1,0.1,0.0,1.0,51,12.2,23.0,200,Drizzle: Light,0,0,
61668,2022-04-11 09:45:00,40.583652,-73.94356,1,0,Unspecified,4518139,13.1,1.8,0.0,0.0,0.0,0.0,3,18.6,36.4,246,Overcast,1,1,
61669,2022-04-11 10:10:00,40.6867,-73.73745,0,0,Unspecified,4518074,13.1,1.8,0.0,0.0,0.0,0.0,3,18.6,36.4,246,Overcast,0,0,
61670,2022-04-11 13:20:00,40.59351,-74.08392,1,0,Traffic Control Disregarded,4518115,13.1,1.8,0.0,0.0,0.0,0.0,3,18.6,36.4,246,Overcast,1,1,
61671,2022-04-11 09:00:00,40.605427,-74.0762,1,0,Following Too Closely,4518082,13.1,1.8,0.0,0.0,0.0,0.0,3,18.6,36.4,246,Overcast,1,1,
61672,2022-04-10 15:51:00,40.820984,-73.893326,0,0,Unsafe Lane Changing,4518774,9.8,3.5,0.0,0.0,0.0,0.0,3,29.3,54.4,307,Overcast,0,0,
61673,2022-04-11 12:58:00,0.0,0.0,1,0,Pedestrian/Bicyclist/Other Pedestrian Error/Confusion,4518165,13.1,1.8,0.0,0.0,0.0,0.0,3,18.6,36.4,246,Overcast,1,1,
61674,2022-04-11 08:42:00,40.79505,-73.93317,0,0,Unspecified,4518035,13.1,1.8,0.0,0.0,0.0,0.0,3,18.6,36.4,246,Overcast,0,0,
61675,2021-10-07 12:20:00,40.8257582,-73.950939,0,0,View Obstructed/Limited,4466891,22.4,15.7,0.4,0.4,0.0,4.0,51,10.5,20.5,231,Drizzle: Light,0,0,
61676,2021-10-08 12:20:00,40.8277283,-73.9495067,0,0,Passing or Lane Usage Improper,4466892,23.7,14.5,0.0,0.0,0.0,0.0,3,13.0,22.3,94,Overcast,0,0,
61677,2021-10-01 16:00:00,40.8289254,-73.9503947,0,0,Unspecified,4466893,19.4,9.5,0.0,0.0,0.0,0.0,0,13.8,28.1,302,Clear sky,0,0,Sunny/Clear Conditions
61678,2021-10-04 12:00:00,40.8221958,-73.9447134,0,0,Unspecified,4466894,20.6,16.4,21.8,21.8,0.0,17.0,63,20.8,42.8,61,Rain: Moderate,0,0,
61679,2022-04-09 16:58:00,40.59281,-73.97877,1,0,Driver Inattention/Distraction,4518597,13.6,5.0,4.8,4.8,0.0,12.0,55,20.1,42.8,263,Drizzle: Dense,1,1,
61680,2021-10-07 13:31:00,40.7214426,-73.9452203,0,0,Passing Too Closely,4466896,22.4,15.7,0.4,0.4,0.0,4.0,51,10.5,20.5,231,Drizzle: Light,0,0,
61681,2022-04-11 06:00:00,40.83451,-73.84039,0,0,Unsafe Speed,4518289,13.1,1.8,0.0,0.0,0.0,0.0,3,18.6,36.4,246,Overcast,0,0,
61682,2021-10-11 15:05:00,40.8271531,-73.9462009,0,0,Unspecified,4466898,21.7,16.3,0.0,0.0,0.0,0.0,3,25.7,49.7,41,Overcast,0,0,
61683,2022-04-11 12:38:00,0.0,0.0,0,0,Passing Too Closely,4518340,13.1,1.8,0.0,0.0,0.0,0.0,3,18.6,36.4,246,Overcast,0,0,
61684,2021-10-07 16:25:00,40.8327103,-73.9502235,1,0,Driver Inattention/Distraction,4466900,22.4,15.7,0.4,0.4,0.0,4.0,51,10.5,20.5,231,Drizzle: Light,1,1,
61685,2022-04-11 07:20:00,40.697075,-73.93185,1,0,Failure to Yield Right-of-Way,4518622,13.1,1.8,0.0,0.0,0.0,0.0,3,18.6,36.4,246,Overcast,1,1,
61686,2021-10-13 21:15:00,40.8479791,-73.9247661,1,0,Other Vehicular,4466902,21.7,14.8,0.1,0.1,0.0,1.0,51,12.2,23.0,200,Drizzle: Light,1,1,
61687,2022-04-11 15:30:00,40.583275,-73.982254,2,0,Driver Inattention/Distraction,4518454,13.1,1.8,0.0,0.0,0.0,0.0,3,18.6,36.4,246,Overcast,2,2,
61688,2022-04-11 14:56:00,40.753677,-73.914474,2,0,Passing or Lane Usage Improper,4518604,13.1,1.8,0.0,0.0,0.0,0.0,3,18.6,36.4,246,Overcast,2,2,