,CRASH DATETIME,LATITUDE,LONGITUDE,NUMBER OF PERSONS INJURED,NUMBER OF PERSONS KILLED,CONTRIBUTING FACTOR VEHICLE 1,COLLISION_ID,temperature_2m_max,temperature_2m_min,precipitation_sum,rain_sum,snowfall_sum,precipitation_hours,weather_code,wind_speed_10m_max,wind_gusts_10m_max,wind_direction_10m_dominant,Weather Description,Severity_Score,Total_Affected_Persons,Weather_Category
61689,2022-04-11 10:00:00,40.76465,-73.823494,0,0,Following Too Closely,4518067,13.1,1.8,0.0,0.0,0.0,0.0,3,18.6,36.4,246,Overcast,0,0,
61690,2022-04-11 06:48:00,0.0,0.0,0,0,Alcohol Involvement,4518157,13.1,1.8,0.0,0.0,0.0,0.0,3,18.6,36.4,246,Overcast,0,0,
61691,2022-04-11 07:45:00,40.85407,-73.89932,0,0,Passing Too Closely,4518240,13.1,1.8,0.0,0.0,0.0,0.0,3,18.6,36.4,246,Overcast,0,0,
61692,2021-10-07 00:45:00,40.7087741,-73.9981114,1,0,Following Too Closely,4466908,22.4,15.7,0.4,0.4,0.0,4.0,51,10.5,20.5,231,Drizzle: Light,1,1,
61693,2021-10-12 19:00:00,40.6581467,-74.0035588,0,0,Unsafe Lane Changing,4466909,21.6,15.2,0.0,0.0,0.0,0.0,3,11.8,23.8,81,Overcast,0,0,
61694,2021-10-14 05:55:00,40.6615311,-74.0000699,1,0,Unspecified,4466910,25.0,15.4,0.0,0.0,0.0,0.0,3,15.4,29.9,328,Overcast,1,1,
61695,2021-09-08 23:30:00,40.7700767,-73.9874019,0,0,Backing Unsafely,4466912,26.4,19.6,0.7,0.7,0.0,6.0,51,26.7,55.8,187,Drizzle: Light,0,0,
61696,2021-08-21 01:06:00,40.7707422,-73.9945485,2,0,Unspecified,4466913,27.2,23.0,0.8,0.8,0.0,6.0,51,14.3,29.5,109,Drizzle: Light,2,2,
61697,2021-10-12 15:00:00,40.7211721,-73.9965764,1,0,Driver Inattention/Distraction,4466914,21.6,15.2,0.0,0.0,0.0,0.0,3,11.8,23.8,81,Overcast,1,1,
61698,2021-10-08 00:05:00,40.5842623,-73.9637906,2,0,Steering Failure,4466915,23.7,14.5,0.0,0.0,0.0,0.0,3,13.0,22.3,94,Overcast,2,2,
61699,2021-09-25 13:00:00,40.6304365,-73.8859293,0,0,Driver Inattention/Distraction,4466916,22.8,14.0,0.0,0.0,0.0,0.0,3,7.9,15.8,322,Overcast,0,0,
61700,2021-10-11 07:00:00,40.6545439,-73.8609088,2,0,Driver Inattention/Distraction,4466917,21.7,16.3,0.0,0.0,0.0,0.0,3,25.7,49.7,41,Overcast,2,2,
61701,2022-04-11 05:30:00,0.0,0.0,1,0,Driver Inattention/Distraction,4518436,13.1,1.8,0.0,0.0,0.0,0.0,3,18.6,36.4,246,Overcast,1,1,
61702,2021-10-06 10:55:00,40.8414831,-73.8885224,1,0,Driver Inattention/Distraction,4466919,20.3,16.0,0.1,0.1,0.0,1.0,51,6.5,14.0,28,Drizzle: Light,1,1,
61703,2022-04-09 16:13:00,40.679203,-73.9553,0,0,Unsafe Speed,4518690,13.6,5.0,4.8,4.8,0.0,12.0,55,20.1,42.8,263,Drizzle: Dense,0,0,
61704,2021-09-25 12:30:00,40.6029571,-73.8993152,0,0,Tire Failure/Inadequate,4466921,22.8,14.0,0.0,0.0,0.0,0.0,3,7.9,15.8,322,Overcast,0,0,
61705,2021-10-12 06:30:00,40.694001,-73.9234996,0,0,Driver Inattention/Distraction,4466922,21.6,15.2,0.0,0.0,0.0,0.0,3,11.8,23.8,81,Overcast,0,0,
61706,2022-04-11 08:30:00,40.71572,-73.825745,3,0,Unsafe Lane Changing,4518170,13.1,1.8,0.0,0.0,0.0,0.0,3,18.6,36.4,246,Overcast,3,3,
61707,2021-10-13 19:50:00,40.7198717,-73.9448532,5,0,Passing or Lane Usage Improper,4466924,21.7,14.8,0.1,0.1,0.0,1.0,51,12.2,23.0,200,Drizzle: Light,5,5,
61708,2022-04-11 13:00:00,40.74069,-73.86353,0,0,Backing Unsafely,4518202,13.1,1.8,0.0,0.0,0.0,0.0,3,18.6,36.4,246,Overcast,0,0,
61709,2021-09-25 10:30:00,40.585171,-73.9564096,0,0,Driver Inattention/Distraction,4466926,22.8,14.0,0.0,0.0,0.0,0.0,3,7.9,15.8,322,Overcast,0,0,
61710,2021-10-11 12:00:00,40.6976795,-73.9163657,0,0,Driver Inattention/Distraction,4466927,21.7,16.3,0.0,0.0,0.0,0.0,3,25.7,49.7,41,Overcast,0,0,
61711,2021-10-12 08:00:00,40.6924837,-73.9202992,0,0,Driver Inattention/Distraction,4466928,21.6,15.2,0.0,0.0,0.0,0.0,3,11.8,23.8,81,Overcast,0,0,
61712,2021-10-12 20:45:00,40.6918236,-73.9222292,0,0,Passing Too Closely,4466929,21.6,15.2,0.0,0.0,0.0,0.0,3,11.8,23.8,81,Overcast,0,0,
61713,2021-10-02 14:25:00,40.699628,-73.9238321,2,0,Reaction to Uninvolved Vehicle,4466930,23.7,10.8,0.0,0.0,0.0,0.0,3,17.0,34.2,254,Overcast,2,2,
61714,2022-04-11 08:55:00,40.615993,-73.99717,1,0,Driver Inattention/Distraction,4518790,13.1,1.8,0.0,0.0,0.0,0.0,3,18.6,36.4,246,Overcast,1,1,
61715,2021-10-14 03:07:00,40.6985519,-73.9623509,2,0,Driver Inexperience,4466932,25.0,15.4,0.0,0.0,0.0,0.0,3,15.4,29.9,328,Overcast,2,2,
61716,2022-04-11 08:00:00,40.676815,-73.82338,1,0,Reaction to Uninvolved Vehicle,4518089,13.1,1.8,0.0,0.0,0.0,0.0,3,18.6,36.4,246,Overcast,1,1,
61717,2021-10-12 15:17:00,40.6938318,-73.9096054,0,0,Passing Too Closely,4466934,21.6,15.2,0.0,0.0,0.0,0.0,3,11.8,23.8,81,Overcast,0,0,
61718,2022-04-09 19:15:00,40.760708,-73.77954,0,0,Driver Inattention/Distraction,4518660,13.6,5.0,4.8,4.8,0.0,12.0,55,20.1,42.8,263,Drizzle: Dense,0,0,
61719,2022-04-11 16:00:00,40.671078,-73.842926,1,0,Pavement Defective,4518527,13.1,1.8,0.0,0.0,0.0,0.0,3,18.6,36.4,246,Overcast,1,1,
61720,2022-04-11 18:49:00,40.581516,-73.96734,0,0,Unspecified,4518587,13.1,1.8,0.0,0.0,0.0,0.0,3,18.6,36.4,246,Overcast,0,0,
61721,2022-04-10 06:16:00,40.694576,-73.95615,1,0,Unspecified,4518648,9.8,3.5,0.0,0.0,0.0,0.0,3,29.3,54.4,307,Overcast,1,1,
61722,2021-10-13 00:00:00,40.5603501,-74.1276931,1,0,Driver Inexperience,4466939,21.7,14.8,0.1,0.1,0.0,1.0,51,12.2,23.0,200,Drizzle: Light,1,1,
61723,2022-04-11 17:01:00,40.70247,-73.93478,1,0,Driver Inattention/Distraction,4518755,13.1,1.8,0.0,0.0,0.0,0.0,3,18.6,36.4,246,Overcast,1,1,
61724,2022-04-11 13:03:00,40.825577,-73.918465,0,0,Backing Unsafely,4518277,13.1,1.8,0.0,0.0,0.0,0.0,3,18.6,36.4,246,Overcast,0,0,
61725,2022-04-11 17:20:00,40.717148,-73.99051,1,0,Failure to Yield Right-of-Way,4518320,13.1,1.8,0.0,0.0,0.0,0.0,3,18.6,36.4,246,Overcast,1,1,
61726,2022-04-11 11:29:00,40.678158,-73.779335,1,0,Backing Unsafely,4518218,13.1,1.8,0.0,0.0,0.0,0.0,3,18.6,36.4,246,Overcast,1,1,
61727,2022-04-11 22:45:00,40.725174,-73.83739,0,0,Failure to Yield Right-of-Way,4518403,13.1,1.8,0.0,0.0,0.0,0.0,3,18.6,36.4,246,Overcast,0,0,
61728,2022-04-11 16:00:00,40.63552,-74.0167,1,0,Driver Inattention/Distraction,4518178,13.1,1.8,0.0,0.0,0.0,0.0,3,18.6,36.4,246,Overcast,1,1,
61729,2022-04-09 00:00:00,40.882767,-73.85504,0,0,Turning Improperly,4518680,13.6,5.0,4.8,4.8,0.0,12.0,55,20.1,42.8,263,Drizzle: Dense,0,0,
61730,2021-10-12 00:05:00,40.7537216,-73.8328215,1,0,View Obstructed/Limited,4466947,21.6,15.2,0.0,0.0,0.0,0.0,3,11.8,23.8,81,Overcast,1,1,
61731,2022-09-24 09:50:00,40.627068,-74.16509,0,0,Unspecified,4566877,20.6,9.5,0.0,0.0,0.0,0.0,3,18.8,37.4,295,Overcast,0,0,
61732,2021-10-12 11:15:00,40.6008797,-73.7542056,0,0,Passing Too Closely,4466949,21.6,15.2,0.0,0.0,0.0,0.0,3,11.8,23.8,81,Overcast,0,0,
61733,2021-10-07 17:10:00,40.6107571,-73.9627161,0,0,Traffic Control Disregarded,4466950,22.4,15.7,0.4,0.4,0.0,4.0,51,10.5,20.5,231,Drizzle: Light,0,0,
61734,2021-10-06 15:55:00,40.7574719,-73.9390994,1,0,Driver Inattention/Distraction,4466952,20.3,16.0,0.1,0.1,0.0,1.0,51,6.5,14.0,28,Drizzle: Light,1,1,
61735,2021-10-12 14:30:00,40.7440288,-73.9261524,1,0,Driver Inattention/Distraction,4466953,21.6,15.2,0.0,0.0,0.0,0.0,3,11.8,23.8,81,Overcast,1,1,
61736,2022-04-11 20:47:00,40.646515,-73.958115,1,0,Unspecified,4518235,13.1,1.8,0.0,0.0,0.0,0.0,3,18.6,36.4,246,Overcast,1,1,
61737,2021-10-12 23:15:00,40.7392038,-73.91854,0,0,Driver Inattention/Distraction,4466955,21.6,15.2,0.0,0.0,0.0,0.0,3,11.8,23.8,81,Overcast,0,0,
61738,2022-04-11 19:55:00,40.654343,-73.864204,2,0,Driver Inattention/Distraction,4518350,13.1,1.8,0.0,0.0,0.0,0.0,3,18.6,36.4,246,Overcast,2,2,
61739,2021-10-12 11:09:00,40.7912359,-73.9521936,0,0,Passing Too Closely,4466957,21.6,15.2,0.0,0.0,0.0,0.0,3,11.8,23.8,81,Overcast,0,0,
61740,2021-10-11 16:47:00,40.76132,-73.9170907,0,0,Driver Inattention/Distraction,4466958,21.7,16.3,0.0,0.0,0.0,0.0,3,25.7,49.7,41,Overcast,0,0,
61741,2022-04-11 19:45:00,40.755363,-73.88723,0,0,Backing Unsafely,4518306,13.1,1.8,0.0,0.0,0.0,0.0,3,18.6,36.4,246,Overcast,0,0,
61742,2021-10-07 16:59:00,40.5798042,-73.9718339,1,0,Illnes,4466960,22.4,15.7,0.4,0.4,0.0,4.0,51,10.5,20.5,231,Drizzle: Light,1,1,
61743,2022-04-10 21:30:00,40.69248,-73.93517,0,0,Driver Inattention/Distraction,4518727,9.8,3.5,0.0,0.0,0.0,0.0,3,29.3,54.4,307,Overcast,0,0,
61744,2021-10-12 14:25:00,40.7534886,-73.9379409,0,0,Driver Inattention/Distraction,4466962,21.6,15.2,0.0,0.0,0.0,0.0,3,11.8,23.8,81,Overcast,0,0,
61745,2022-04-11 00:02:00,40.75321,-73.907814,0,0,Backing Unsafely,4517814,13.1,1.8,0.0,0.0,0.0,0.0,3,18.6,36.4,246,Overcast,0,0,
61746,2021-10-12 15:02:00,40.7993065,-73.9432328,1,0,Driver Inattention/Distraction,4466964,21.6,15.2,0.0,0.0,0.0,0.0,3,11.8,23.8,81,Overcast,1,1,
61747,2021-10-12 17:34:00,40.7602045,-73.901662,0,0,Following Too Closely,4466965,21.6,15.2,0.0,0.0,0.0,0.0,3,11.8,23.8,81,Overcast,0,0,
61748,2021-10-08 11:30:00,40.5773235,-74.0056913,1,0,Driver Inattention/Distraction,4466967,23.7,14.5,0.0,0.0,0.0,0.0,3,13.0,22.3,94,Overcast,1,1,
61749,2021-09-28 13:00:00,40.77077,-73.91727,1,0,Driver Inattention/Distraction,4466951,22.1,16.3,12.4,12.4,0.0,9.0,63,19.2,38.5,264,Rain: Moderate,1,1,
61750,2022-04-11 08:00:00,40.680954,-73.96768,0,0,Oversized Vehicle,4518198,13.1,1.8,0.0,0.0,0.0,0.0,3,18.6,36.4,246,Overcast,0,0,
61751,2022-04-07 15:50:00,40.66917,-73.98631,0,0,Backing Unsafely,4518641,11.5,5.6,74.1,74.1,0.0,14.0,65,35.0,64.8,98,Rain: Heavy,0,0,
61752,2022-04-10 13:00:00,40.724796,-73.99621,0,0,Unspecified,4518703,9.8,3.5,0.0,0.0,0.0,0.0,3,29.3,54.4,307,Overcast,0,0,
61753,2021-10-12 22:15:00,40.7722922,-73.9153946,0,0,Driver Inattention/Distraction,4466971,21.6,15.2,0.0,0.0,0.0,0.0,3,11.8,23.8,81,Overcast,0,0,
61754,2022-04-11 01:02:00,40.728134,-73.95328,0,0,Driver Inattention/Distraction,4517878,13.1,1.8,0.0,0.0,0.0,0.0,3,18.6,36.4,246,Overcast,0,0,
61755,2022-04-06 13:00:00,40.668507,-73.92561,0,0,Driver Inattention/Distraction,4518743,12.5,6.2,17.5,17.5,0.0,14.0,61,31.2,62.3,55,Rain: Light,0,0,
61756,2022-04-11 21:35:00,40.745422,-73.990974,0,0,Passing or Lane Usage Improper,4518173,13.1,1.8,0.0,0.0,0.0,0.0,3,18.6,36.4,246,Overcast,0,0,
61757,2022-04-11 08:15:00,40.86528,-73.84719,1,0,Driver Inattention/Distraction,4518309,13.1,1.8,0.0,0.0,0.0,0.0,3,18.6,36.4,246,Overcast,1,1,
61758,2022-04-11 18:02:00,40.851208,-73.91742,0,0,Passing Too Closely,4518221,13.1,1.8,0.0,0.0,0.0,0.0,3,18.6,36.4,246,Overcast,0,0,
61759,2022-04-09 17:15:00,40.85025,-73.9007,1,0,Passing or Lane Usage Improper,4518633,13.6,5.0,4.8,4.8,0.0,12.0,55,20.1,42.8,263,Drizzle: Dense,1,1,
61760,2022-04-07 09:51:00,40.887688,-73.85225,1,0,Unsafe Speed,4518679,11.5,5.6,74.1,74.1,0.0,14.0,65,35.0,64.8,98,Rain: Heavy,1,1,
61761,2022-04-11 15:52:00,40.81116,-73.90981,0,0,Reaction to Uninvolved Vehicle,4518266,13.1,1.8,0.0,0.0,0.0,0.0,3,18.6,36.4,246,Overcast,0,0,
61762,2021-10-09 00:08:00,40.8498406,-73.9349665,1,0,Traffic Control Disregarded,4466980,20.2,15.2,1.2,1.2,0.0,5.0,51,22.8,42.8,71,Drizzle: Light,1,1,
61763,2021-10-08 14:33:00,40.578358,-73.9905035,1,0,Driver Inattention/Distraction,4466981,23.7,14.5,0.0,0.0,0.0,0.0,3,13.0,22.3,94,Overcast,1,1,
61764,2022-04-06 08:20:00,40.603275,-73.99606,1,0,Driver Inattention/Distraction,4518787,12.5,6.2,17.5,17.5,0.0,14.0,61,31.2,62.3,55,Rain: Light,1,1,
61765,2021-10-12 00:17:00,40.8538839,-73.9404874,2,0,Following Too Closely,4466983,21.6,15.2,0.0,0.0,0.0,0.0,3,11.8,23.8,81,Overcast,2,2,
61766,2022-04-11 05:55:00,40.6749,-73.85243,0,0,Reaction to Uninvolved Vehicle,4518088,13.1,1.8,0.0,0.0,0.0,0.0,3,18.6,36.4,246,Overcast,0,0,
61767,2021-10-13 09:55:00,40.6204463,-74.1671955,1,0,Following Too Closely,4466985,21.7,14.8,0.1,0.1,0.0,1.0,51,12.2,23.0,200,Drizzle: Light,1,1,
61768,2021-10-08 02:54:00,40.5567026,-74.1159471,0,0,Driver Inattention/Distraction,4466986,23.7,14.5,0.0,0.0,0.0,0.0,3,13.0,22.3,94,Overcast,0,0,
61769,2021-10-11 21:10:00,40.8493135,-73.9300151,0,0,Driver Inattention/Distraction,4466987,21.7,16.3,0.0,0.0,0.0,0.0,3,25.7,49.7,41,Overcast,0,0,
61770,2022-04-11 08:01:00,40.81542,-73.924614,0,0,Unspecified,4518117,13.1,1.8,0.0,0.0,0.0,0.0,3,18.6,36.4,246,Overcast,0,0,
61771,2022-04-11 13:25:00,40.524612,-74.230446,0,0,Driver Inattention/Distraction,4518472,13.1,1.8,0.0,0.0,0.0,0.0,3,18.6,36.4,246,Overcast,0,0,
61772,2022-04-11 18:05:00,40.76912,-73.95505,0,0,Illnes,4518192,13.1,1.8,0.0,0.0,0.0,0.0,3,18.6,36.4,246,Overcast,0,0,
61773,2021-10-12 09:40:00,40.7109353,-73.9354664,0,0,Failure to Yield Right-of-Way,4466991,21.6,15.2,0.0,0.0,0.0,0.0,3,11.8,23.8,81,Overcast,0,0,
61774,2021-10-11 15:00:00,40.8059833,-73.9567356,0,0,Unsafe Speed,4466992,21.7,16.3,0.0,0.0,0.0,0.0,3,25.7,49.7,41,Overcast,0,0,
61775,2022-03-29 13:30:00,40.580128,-73.959,1,0,Driver Inattention/Distraction,4518612,3.3,-5.2,0.0,0.0,0.0,0.0,2,29.3,54.4,311,Partly cloudy,1,1,
61776,2022-04-11 09:45:00,40.70546,-73.7949,1,0,Failure to Yield Right-of-Way,4518068,13.1,1.8,0.0,0.0,0.0,0.0,3,18.6,36.4,246,Overcast,1,1,
61777,2021-10-13 15:18:00,40.6925709,-73.8193097,1,0,Unspecified,4466984,21.7,14.8,0.1,0.1,0.0,1.0,51,12.2,23.0,200,Drizzle: Light,1,1,
61778,2021-10-13 06:40:00,40.6099925,-74.1201649,0,0,Backing Unsafely,4466996,21.7,14.8,0.1,0.1,0.0,1.0,51,12.2,23.0,200,Drizzle: Light,0,0,
61779,2022-04-11 11:00:00,40.676598,-73.89038,0,0,Unspecified,4518356,13.1,1.8,0.0,0.0,0.0,0.0,3,18.6,36.4,246,Overcast,0,0,
61780,2021-10-09 19:23:00,40.773844,-73.9598862,0,0,Passing Too Closely,4466998,20.2,15.2,1.2,1.2,0.0,5.0,51,22.8,42.8,71,Drizzle: Light,0,0,
61781,2021-10-12 22:35:00,40.6276946,-73.9260834,0,0,Outside Car Distraction,4466999,21.6,15.2,0.0,0.0,0.0,0.0,3,11.8,23.8,81,Overcast,0,0,
61782,2022-04-11 08:20:00,40.63029,-74.08891,0,0,Driver Inattention/Distraction,4518541,13.1,1.8,0.0,0.0,0.0,0.0,3,18.6,36.4,246,Overcast,0,0,
61783,2022-04-11 06:00:00,40.64729,-73.89202,0,0,Unspecified,4518100,13.1,1.8,0.0,0.0,0.0,0.0,3,18.6,36.4,246,Overcast,0,0,
61784,2022-04-11 12:25:00,40.6028,-73.74879,0,0,Oversized Vehicle,4518239,13.1,1.8,0.0,0.0,0.0,0.0,3,18.6,36.4,246,Overcast,0,0,
61785,2022-04-08 18:51:00,40.677715,-73.93587,0,0,Driver Inattention/Distraction,4518694,16.5,7.1,5.2,5.2,0.0,4.0,63,21.3,42.8,253,Rain: Moderate,0,0,
61786,2021-10-05 08:30:00,40.8571285,-73.8807926,0,0,Driver Inattention/Distraction,4467004,19.9,15.0,0.0,0.0,0.0,0.0,3,14.5,28.1,46,Overcast,0,0,
61787,2021-10-12 07:55:00,40.6093329,-73.9484149,1,0,Unspecified,4467005,21.6,15.2,0.0,0.0,0.0,0.0,3,11.8,23.8,81,Overcast,1,1,
61788,2021-10-10 19:51:00,40.7118451,-73.8597598,0,0,Unspecified,4467006,18.5,16.0,2.4,2.4,0.0,8.0,53,27.2,52.6,52,Drizzle: Moderate,0,0,
61789,2021-10-08 23:10:00,40.7020766,-73.8791656,0,0,Turning Improperly,4467007,23.7,14.5,0.0,0.0,0.0,0.0,3,13.0,22.3,94,Overcast,0,0,
61790,2021-10-10 16:28:00,40.7618573,-73.9634255,0,0,Driver Inattention/Distraction,4467008,18.5,16.0,2.4,2.4,0.0,8.0,53,27.2,52.6,52,Drizzle: Moderate,0,0,
61791,2022-04-11 16:20:00,40.706,-73.95698,0,0,Turning Improperly,4518753,13.1,1.8,0.0,0.0,0.0,0.0,3,18.6,36.4,246,Overcast,0,0,
61792,2022-04-07 09:15:00,40.750828,-74.00189,0,0,Passing or Lane Usage Improper,4518626,11.5,5.6,74.1,74.1,0.0,14.0,65,35.0,64.8,98,Rain: Heavy,0,0,
61793,2021-10-12 11:40:00,40.7570322,-73.938118,0,0,Unspecified,4467011,21.6,15.2,0.0,0.0,0.0,0.0,3,11.8,23.8,81,Overcast,0,0,
61794,2022-04-11 06:30:00,0.0,0.0,0,0,Unspecified,4518184,13.1,1.8,0.0,0.0,0.0,0.0,3,18.6,36.4,246,Overcast,0,0,
61795,2022-04-11 00:00:00,40.715176,-73.951965,0,0,View Obstructed/Limited,4518248,13.1,1.8,0.0,0.0,0.0,0.0,3,18.6,36.4,246,Overcast,0,0,
61796,2021-10-12 14:56:00,40.7136697,-73.7377881,1,0,Driver Inattention/Distraction,4467014,21.6,15.2,0.0,0.0,0.0,0.0,3,11.8,23.8,81,Overcast,1,1,
61797,2022-04-07 22:50:00,40.805588,-73.94028,0,0,Turning Improperly,4518683,11.5,5.6,74.1,74.1,0.0,14.0,65,35.0,64.8,98,Rain: Heavy,0,0,
61798,2022-04-11 00:35:00,40.61562,-73.95959,0,0,Unspecified,4517921,13.1,1.8,0.0,0.0,0.0,0.0,3,18.6,36.4,246,Overcast,0,0,
61799,2022-04-09 14:40:00,40.576744,-73.98372,0,0,Backing Unsafely,4518603,13.6,5.0,4.8,4.8,0.0,12.0,55,20.1,42.8,263,Drizzle: Dense,0,0,
61800,2021-10-14 00:00:00,40.6658653,-73.750036,1,0,Unspecified,4467019,25.0,15.4,0.0,0.0,0.0,0.0,3,15.4,29.9,328,Overcast,1,1,
61801,2022-04-11 19:00:00,40.76651,-73.81651,1,0,,4518166,13.1,1.8,0.0,0.0,0.0,0.0,3,18.6,36.4,246,Overcast,1,1,
61802,2022-04-11 13:30:00,40.81922,-73.91062,0,0,Unspecified,4518565,13.1,1.8,0.0,0.0,0.0,0.0,3,18.6,36.4,246,Overcast,0,0,
61803,2022-04-11 22:00:00,40.808903,-73.93835,4,0,Traffic Control Disregarded,4518364,13.1,1.8,0.0,0.0,0.0,0.0,3,18.6,36.4,246,Overcast,4,4,
61804,2021-10-05 21:00:00,40.6271444,-74.0003134,1,0,Driver Inattention/Distraction,4467024,19.9,15.0,0.0,0.0,0.0,0.0,3,14.5,28.1,46,Overcast,1,1,
61805,2022-04-11 07:00:00,40.832233,-73.85427,0,0,Unspecified,4518287,13.1,1.8,0.0,0.0,0.0,0.0,3,18.6,36.4,246,Overcast,0,0,
61806,2022-04-10 20:32:00,40.687527,-73.97173,1,0,Driver Inattention/Distraction,4518771,9.8,3.5,0.0,0.0,0.0,0.0,3,29.3,54.4,307,Overcast,1,1,
61807,2021-10-12 14:43:00,40.5936827,-73.7753767,1,0,Traffic Control Disregarded,4467027,21.6,15.2,0.0,0.0,0.0,0.0,3,11.8,23.8,81,Overcast,1,1,
61808,2022-04-11 10:31:00,40.703976,-73.92309,0,0,Other Vehicular,4518339,13.1,1.8,0.0,0.0,0.0,0.0,3,18.6,36.4,246,Overcast,0,0,
61809,2022-04-09 16:19:00,40.68005,-73.94327,0,0,Driver Inattention/Distraction,4518684,13.6,5.0,4.8,4.8,0.0,12.0,55,20.1,42.8,263,Drizzle: Dense,0,0,
61810,2022-04-11 14:00:00,40.7375,-73.85276,0,0,Unspecified,4518201,13.1,1.8,0.0,0.0,0.0,0.0,3,18.6,36.4,246,Overcast,0,0,
61811,2022-04-11 22:10:00,40.834156,-73.88427,0,0,Unspecified,4518613,13.1,1.8,0.0,0.0,0.0,0.0,3,18.6,36.4,246,Overcast,0,0,
61812,2022-04-07 08:13:00,40.723698,-74.00792,0,0,Passing Too Closely,4518649,11.5,5.6,74.1,74.1,0.0,14.0,65,35.0,64.8,98,Rain: Heavy,0,0,
61813,2021-10-12 13:30:00,40.8228364,-73.9419157,1,0,Driver Inattention/Distraction,4467033,21.6,15.2,0.0,0.0,0.0,0.0,3,11.8,23.8,81,Overcast,1,1,
61814,2022-04-11 13:15:00,40.7242,-73.93765,0,0,Failure to Yield Right-of-Way,4518244,13.1,1.8,0.0,0.0,0.0,0.0,3,18.6,36.4,246,Overcast,0,0,
61815,2021-10-12 13:07:00,40.8964553,-73.863158,1,0,Drugs (illegal),4467035,21.6,15.2,0.0,0.0,0.0,0.0,3,11.8,23.8,81,Overcast,1,1,
61816,2021-10-12 11:15:00,40.7431952,-73.9367235,0,0,Driver Inattention/Distraction,4467036,21.6,15.2,0.0,0.0,0.0,0.0,3,11.8,23.8,81,Overcast,0,0,
61817,2022-03-25 05:50:00,40.859608,-73.90778,0,0,Other Vehicular,4518571,15.6,5.3,5.7,5.7,0.0,4.0,63,27.6,52.2,274,Rain: Moderate,0,0,
61818,2022-04-11 08:10:00,40.681484,-73.84788,1,0,Traffic Control Disregarded,4518029,13.1,1.8,0.0,0.0,0.0,0.0,3,18.6,36.4,246,Overcast,1,1,
61819,2021-07-17 12:00:00,40.8077723,-73.9454833,0,0,Unspecified,4467039,30.8,23.3,5.1,5.1,0.0,5.0,61,17.8,36.4,201,Rain: Light,0,0,
61820,2021-10-09 16:00:00,40.8090355,-73.9554855,0,0,Driver Inattention/Distraction,4467041,20.2,15.2,1.2,1.2,0.0,5.0,51,22.8,42.8,71,Drizzle: Light,0,0,
61821,2021-10-07 20:00:00,40.8098677,-73.9513113,1,0,Driver Inattention/Distraction,4467042,22.4,15.7,0.4,0.4,0.0,4.0,51,10.5,20.5,231,Drizzle: Light,1,1,
61822,2022-04-11 14:03:00,40.763645,-73.97769,1,0,View Obstructed/Limited,4518130,13.1,1.8,0.0,0.0,0.0,0.0,3,18.6,36.4,246,Overcast,1,1,
61823,2022-04-11 22:15:00,40.659405,-73.9505,0,0,Unspecified,4518351,13.1,1.8,0.0,0.0,0.0,0.0,3,18.6,36.4,246,Overcast,0,0,
61824,2022-04-11 14:40:00,40.67639,-73.97189,0,0,Unsafe Lane Changing,4518197,13.1,1.8,0.0,0.0,0.0,0.0,3,18.6,36.4,246,Overcast,0,0,
61825,2021-10-09 15:10:00,40.6687388,-73.9966728,1,0,Other Vehicular,4467046,20.2,15.2,1.2,1.2,0.0,5.0,51,22.8,42.8,71,Drizzle: Light,1,1,
61826,2022-04-11 11:30:00,40.702255,-73.92008,0,0,Driver Inattention/Distraction,4518345,13.1,1.8,0.0,0.0,0.0,0.0,3,18.6,36.4,246,Overcast,0,0,
61827,2022-03-04 21:00:00,40.693035,-73.8096,0,0,Driver Inattention/Distraction,4518709,3.2,-7.1,0.0,0.0,0.0,0.0,3,20.3,38.5,280,Overcast,0,0,
61828,2022-04-11 15:58:00,40.85144,-73.88896,1,0,Failure to Yield Right-of-Way,4518276,13.1,1.8,0.0,0.0,0.0,0.0,3,18.6,36.4,246,Overcast,1,1,
61829,2022-04-11 17:37:00,40.67939,-73.92535,0,0,Driver Inattention/Distraction,4518728,13.1,1.8,0.0,0.0,0.0,0.0,3,18.6,36.4,246,Overcast,0,0,
61830,2022-04-11 02:00:00,40.76943,-73.91025,0,0,Driver Inexperience,4517817,13.1,1.8,0.0,0.0,0.0,0.0,3,18.6,36.4,246,Overcast,0,0,
61831,2021-10-12 20:17:00,40.7554882,-73.8247175,0,0,Driver Inattention/Distraction,4467054,21.6,15.2,0.0,0.0,0.0,0.0,3,11.8,23.8,81,Overcast,0,0,
61832,2021-10-12 20:35:00,40.6933461,-73.802267,1,0,Driver Inattention/Distraction,4467056,21.6,15.2,0.0,0.0,0.0,0.0,3,11.8,23.8,81,Overcast,1,1,
61833,2022-04-11 08:00:00,40.667114,-73.834656,0,0,Following Too Closely,4518095,13.1,1.8,0.0,0.0,0.0,0.0,3,18.6,36.4,246,Overcast,0,0,
61834,2021-10-12 15:23:00,40.8798659,-73.8759568,0,0,Backing Unsafely,4467058,21.6,15.2,0.0,0.0,0.0,0.0,3,11.8,23.8,81,Overcast,0,0,
61835,2022-04-11 00:00:00,40.692635,-73.9777,1,0,Passing Too Closely,4518101,13.1,1.8,0.0,0.0,0.0,0.0,3,18.6,36.4,246,Overcast,1,1,
61836,2022-04-11 07:53:00,40.578415,-73.83746,0,0,Failure to Yield Right-of-Way,4518406,13.1,1.8,0.0,0.0,0.0,0.0,3,18.6,36.4,246,Overcast,0,0,