,CRASH DATETIME,LATITUDE,LONGITUDE,NUMBER OF PERSONS INJURED,NUMBER OF PERSONS KILLED,CONTRIBUTING FACTOR VEHICLE 1,COLLISION_ID,temperature_2m_max,temperature_2m_min,precipitation_sum,rain_sum,snowfall_sum,precipitation_hours,weather_code,wind_speed_10m_max,wind_gusts_10m_max,wind_direction_10m_dominant,Weather Description,Severity_Score,Total_Affected_Persons,Weather_Category
61837,2022-04-11 11:00:00,40.77105,-73.76265,0,0,Driver Inattention/Distraction,4518155,13.1,1.8,0.0,0.0,0.0,0.0,3,18.6,36.4,246,Overcast,0,0,
61838,2022-04-11 21:04:00,40.64366,-73.90067,0,0,Turning Improperly,4518475,13.1,1.8,0.0,0.0,0.0,0.0,3,18.6,36.4,246,Overcast,0,0,
61839,2022-04-11 12:20:00,40.688076,-73.98037,2,0,Unspecified,4518183,13.1,1.8,0.0,0.0,0.0,0.0,3,18.6,36.4,246,Overcast,2,2,
61840,2022-04-11 15:55:00,40.692833,-73.862465,0,0,Backing Unsafely,4518588,13.1,1.8,0.0,0.0,0.0,0.0,3,18.6,36.4,246,Overcast,0,0,
61841,2022-04-11 08:50:00,40.63347,-74.02102,1,0,Failure to Yield Right-of-Way,4518054,13.1,1.8,0.0,0.0,0.0,0.0,3,18.6,36.4,246,Overcast,1,1,
61842,2021-10-08 13:50:00,40.8033321,-73.9551798,0,0,View Obstructed/Limited,4467067,23.7,14.5,0.0,0.0,0.0,0.0,3,13.0,22.3,94,Overcast,0,0,
61843,2022-04-11 09:30:00,40.846386,-73.828285,0,0,Unspecified,4518412,13.1,1.8,0.0,0.0,0.0,0.0,3,18.6,36.4,246,Overcast,0,0,
61844,2021-10-13 09:45:00,40.7632532,-73.7580527,0,0,Other Vehicular,4467069,21.7,14.8,0.1,0.1,0.0,1.0,51,12.2,23.0,200,Drizzle: Light,0,0,
61845,2021-10-12 18:30:00,40.6290374,-74.1653746,0,0,Driver Inattention/Distraction,4467070,21.6,15.2,0.0,0.0,0.0,0.0,3,11.8,23.8,81,Overcast,0,0,
61846,2021-10-08 16:37:00,40.6249126,-74.1467004,2,0,Driver Inattention/Distraction,4467071,23.7,14.5,0.0,0.0,0.0,0.0,3,13.0,22.3,94,Overcast,2,2,
61847,2022-04-09 13:10:00,40.90123,-73.86217,1,0,Backing Unsafely,4518576,13.6,5.0,4.8,4.8,0.0,12.0,55,20.1,42.8,263,Drizzle: Dense,1,1,
61848,2021-10-09 17:50:00,40.6056297,-74.140705,2,0,Fatigued/Drowsy,4467073,20.2,15.2,1.2,1.2,0.0,5.0,51,22.8,42.8,71,Drizzle: Light,2,2,
61849,2022-04-09 00:10:00,40.57948,-73.84005,0,0,Unspecified,4518607,13.6,5.0,4.8,4.8,0.0,12.0,55,20.1,42.8,263,Drizzle: Dense,0,0,
61850,2022-04-11 05:40:00,40.749607,-73.89687,0,0,Driver Inattention/Distraction,4518070,13.1,1.8,0.0,0.0,0.0,0.0,3,18.6,36.4,246,Overcast,0,0,
61851,2022-04-11 10:00:00,40.666187,-73.79176,0,0,Fell Asleep,4518151,13.1,1.8,0.0,0.0,0.0,0.0,3,18.6,36.4,246,Overcast,0,0,
61852,2022-04-11 10:00:00,40.721947,-73.814445,0,0,Reaction to Uninvolved Vehicle,4518172,13.1,1.8,0.0,0.0,0.0,0.0,3,18.6,36.4,246,Overcast,0,0,
61853,2021-10-14 13:20:00,40.6663942,-73.8017715,1,0,View Obstructed/Limited,4467078,25.0,15.4,0.0,0.0,0.0,0.0,3,15.4,29.9,328,Overcast,1,1,
61854,2022-04-11 07:32:00,40.853363,-73.866745,0,0,Driver Inattention/Distraction,4518311,13.1,1.8,0.0,0.0,0.0,0.0,3,18.6,36.4,246,Overcast,0,0,
61855,2021-10-12 21:35:00,40.6592762,-73.8889963,0,0,Unsafe Speed,4467082,21.6,15.2,0.0,0.0,0.0,0.0,3,11.8,23.8,81,Overcast,0,0,
61856,2021-10-13 12:55:00,40.7506611,-73.9877793,1,0,Passing or Lane Usage Improper,4467081,21.7,14.8,0.1,0.1,0.0,1.0,51,12.2,23.0,200,Drizzle: Light,1,1,
61857,2022-04-11 15:05:00,40.78318,-73.94362,1,0,Unspecified,4518785,13.1,1.8,0.0,0.0,0.0,0.0,3,18.6,36.4,246,Overcast,1,1,
61858,2022-04-11 09:03:00,40.721497,-73.83531,0,0,Driver Inattention/Distraction,4518085,13.1,1.8,0.0,0.0,0.0,0.0,3,18.6,36.4,246,Overcast,0,0,
61859,2022-04-11 15:00:00,40.680164,-73.84095,1,0,Driver Inattention/Distraction,4518194,13.1,1.8,0.0,0.0,0.0,0.0,3,18.6,36.4,246,Overcast,1,1,
61860,2022-04-11 00:00:00,40.67897,-73.895706,0,0,Driver Inattention/Distraction,4518018,13.1,1.8,0.0,0.0,0.0,0.0,3,18.6,36.4,246,Overcast,0,0,
61861,2022-04-11 10:12:00,40.670296,-73.997604,0,0,Unspecified,4518167,13.1,1.8,0.0,0.0,0.0,0.0,3,18.6,36.4,246,Overcast,0,0,
61862,2021-10-06 14:55:00,40.7585944,-73.8745114,1,0,Other Vehicular,4467089,20.3,16.0,0.1,0.1,0.0,1.0,51,6.5,14.0,28,Drizzle: Light,1,1,
61863,2021-10-12 19:20:00,40.7493558,-73.8880269,1,0,Backing Unsafely,4467090,21.6,15.2,0.0,0.0,0.0,0.0,3,11.8,23.8,81,Overcast,1,1,
61864,2022-04-11 17:55:00,40.783245,-73.94473,1,0,Other Vehicular,4518392,13.1,1.8,0.0,0.0,0.0,0.0,3,18.6,36.4,246,Overcast,1,1,
61865,2022-04-11 13:05:00,40.754356,-73.83497,0,0,Unspecified,4518160,13.1,1.8,0.0,0.0,0.0,0.0,3,18.6,36.4,246,Overcast,0,0,
61866,2021-10-11 14:00:00,40.7043845,-73.9018151,0,0,Unspecified,4467094,21.7,16.3,0.0,0.0,0.0,0.0,3,25.7,49.7,41,Overcast,0,0,
61867,2022-04-11 19:00:00,40.814487,-73.95547,0,0,Unspecified,4518706,13.1,1.8,0.0,0.0,0.0,0.0,3,18.6,36.4,246,Overcast,0,0,
61868,2022-04-11 21:10:00,40.811565,-73.942726,0,0,Unspecified,4518222,13.1,1.8,0.0,0.0,0.0,0.0,3,18.6,36.4,246,Overcast,0,0,
61869,2022-04-11 19:34:00,40.75539,-73.828285,1,0,Turning Improperly,4518469,13.1,1.8,0.0,0.0,0.0,0.0,3,18.6,36.4,246,Overcast,1,1,
61870,2022-04-10 16:55:00,40.760307,-73.87582,2,0,Driver Inattention/Distraction,4518602,9.8,3.5,0.0,0.0,0.0,0.0,3,29.3,54.4,307,Overcast,2,2,
61871,2022-04-11 05:55:00,40.771305,-73.87664,0,0,Fell Asleep,4518302,13.1,1.8,0.0,0.0,0.0,0.0,3,18.6,36.4,246,Overcast,0,0,
61872,2021-10-09 13:00:00,40.6059418,-73.9792777,0,0,Driver Inattention/Distraction,4467102,20.2,15.2,1.2,1.2,0.0,5.0,51,22.8,42.8,71,Drizzle: Light,0,0,
61873,2021-10-12 10:05:00,40.6165212,-73.9858588,1,0,Driver Inattention/Distraction,4467103,21.6,15.2,0.0,0.0,0.0,0.0,3,11.8,23.8,81,Overcast,1,1,
61874,2022-04-08 11:35:00,40.675323,-73.86332,0,0,Unspecified,4518677,16.5,7.1,5.2,5.2,0.0,4.0,63,21.3,42.8,253,Rain: Moderate,0,0,
61875,2022-04-11 05:58:00,40.72298,-74.01161,1,0,Driver Inattention/Distraction,4518209,13.1,1.8,0.0,0.0,0.0,0.0,3,18.6,36.4,246,Overcast,1,1,
61876,2021-10-09 20:17:00,40.8108332,-73.9531547,1,0,Alcohol Involvement,4467106,20.2,15.2,1.2,1.2,0.0,5.0,51,22.8,42.8,71,Drizzle: Light,1,1,
61877,2022-04-01 19:50:00,40.682808,-73.928,0,0,Unspecified,4518695,15.2,5.3,1.4,1.4,0.0,8.0,51,33.1,61.9,277,Drizzle: Light,0,0,
61878,2021-10-12 15:20:00,40.8100093,-73.958721,1,0,Passing or Lane Usage Improper,4467109,21.6,15.2,0.0,0.0,0.0,0.0,3,11.8,23.8,81,Overcast,1,1,
61879,2022-04-11 00:09:00,40.82358,-73.90675,0,0,Driver Inattention/Distraction,4517899,13.1,1.8,0.0,0.0,0.0,0.0,3,18.6,36.4,246,Overcast,0,0,
61880,2022-04-11 08:56:00,40.67973,-73.9374,0,0,Following Too Closely,4518730,13.1,1.8,0.0,0.0,0.0,0.0,3,18.6,36.4,246,Overcast,0,0,
61881,2022-09-24 21:00:00,40.726864,-73.97991,1,0,Driver Inattention/Distraction,4567652,20.6,9.5,0.0,0.0,0.0,0.0,3,18.8,37.4,295,Overcast,1,1,
61882,2022-01-20 07:30:00,40.831387,-73.87793,0,0,Passing Too Closely,4496938,5.2,-5.5,7.3,4.6,1.89,10.0,73,22.3,40.0,315,Snow fall: Moderate,0,0,Snowy Conditions
61883,2021-10-13 07:54:00,40.5966278,-74.0023024,3,0,Following Too Closely,4467114,21.7,14.8,0.1,0.1,0.0,1.0,51,12.2,23.0,200,Drizzle: Light,3,3,
61884,2022-04-11 08:35:00,40.761974,-73.99376,0,0,Driver Inattention/Distraction,4518120,13.1,1.8,0.0,0.0,0.0,0.0,3,18.6,36.4,246,Overcast,0,0,
61885,2022-04-11 16:40:00,40.717365,-73.99744,1,0,Driver Inattention/Distraction,4518250,13.1,1.8,0.0,0.0,0.0,0.0,3,18.6,36.4,246,Overcast,1,1,
61886,2022-04-05 09:45:00,40.73243,-73.83512,1,0,Following Too Closely,4518644,12.1,1.0,1.7,1.7,0.0,3.0,53,16.8,32.8,121,Drizzle: Moderate,1,1,
61887,2022-04-11 16:00:00,40.63974,-73.98633,1,0,Unspecified,4518269,13.1,1.8,0.0,0.0,0.0,0.0,3,18.6,36.4,246,Overcast,1,1,
61888,2022-04-11 12:57:00,40.681515,-73.90412,0,0,Passing or Lane Usage Improper,4518359,13.1,1.8,0.0,0.0,0.0,0.0,3,18.6,36.4,246,Overcast,0,0,
61889,2021-10-14 01:03:00,40.7967462,-73.9292484,0,0,Following Too Closely,4467120,25.0,15.4,0.0,0.0,0.0,0.0,3,15.4,29.9,328,Overcast,0,0,
61890,2021-10-14 01:05:00,40.7967462,-73.9292484,0,0,Following Too Closely,4467121,25.0,15.4,0.0,0.0,0.0,0.0,3,15.4,29.9,328,Overcast,0,0,
61891,2022-04-11 17:50:00,40.835445,-73.923386,1,0,Following Too Closely,4518237,13.1,1.8,0.0,0.0,0.0,0.0,3,18.6,36.4,246,Overcast,1,1,
61892,2022-04-11 16:48:00,40.74348,-73.921486,1,0,Unspecified,4518185,13.1,1.8,0.0,0.0,0.0,0.0,3,18.6,36.4,246,Overcast,1,1,
61893,2021-08-30 01:00:00,40.7025309,-73.814293,0,0,Backing Unsafely,4467125,28.7,21.7,3.9,3.9,0.0,7.0,63,14.7,33.8,231,Rain: Moderate,0,0,
61894,2021-10-12 10:06:00,40.6174702,-73.9812876,0,0,Traffic Control Disregarded,4467126,21.6,15.2,0.0,0.0,0.0,0.0,3,11.8,23.8,81,Overcast,0,0,
61895,2021-10-07 09:50:00,40.6028547,-73.9844572,0,0,Traffic Control Disregarded,4467127,22.4,15.7,0.4,0.4,0.0,4.0,51,10.5,20.5,231,Drizzle: Light,0,0,
61896,2022-04-10 10:33:00,40.65431,-74.004425,1,0,Steering Failure,4518717,9.8,3.5,0.0,0.0,0.0,0.0,3,29.3,54.4,307,Overcast,1,1,
61897,2022-04-11 19:30:00,40.71122,-73.72827,0,0,Driver Inattention/Distraction,4518752,13.1,1.8,0.0,0.0,0.0,0.0,3,18.6,36.4,246,Overcast,0,0,
61898,2022-04-11 16:09:00,40.819504,-73.897896,0,0,Backing Unsafely,4518444,13.1,1.8,0.0,0.0,0.0,0.0,3,18.6,36.4,246,Overcast,0,0,
61899,2021-09-30 11:45:00,40.6223214,-73.990361,0,0,Driver Inattention/Distraction,4467131,18.8,13.1,0.0,0.0,0.0,0.0,3,18.1,37.4,330,Overcast,0,0,
61900,2021-10-12 17:00:00,40.6048466,-73.9947464,0,0,Driver Inattention/Distraction,4467133,21.6,15.2,0.0,0.0,0.0,0.0,3,11.8,23.8,81,Overcast,0,0,
61901,2022-04-10 00:10:00,40.743393,-73.99799,0,0,Pedestrian/Bicyclist/Other Pedestrian Error/Confusion,4518627,9.8,3.5,0.0,0.0,0.0,0.0,3,29.3,54.4,307,Overcast,0,0,
61902,2022-04-11 23:45:00,40.62718,-73.98555,0,0,Unspecified,4518286,13.1,1.8,0.0,0.0,0.0,0.0,3,18.6,36.4,246,Overcast,0,0,
61903,2021-10-01 12:30:00,40.621671,-73.9912574,1,0,Traffic Control Disregarded,4467136,19.4,9.5,0.0,0.0,0.0,0.0,0,13.8,28.1,302,Clear sky,1,1,Sunny/Clear Conditions
61904,2021-10-05 14:33:00,40.6100628,-74.0076032,0,0,Driver Inattention/Distraction,4467137,19.9,15.0,0.0,0.0,0.0,0.0,3,14.5,28.1,46,Overcast,0,0,
61905,2022-04-11 13:30:00,40.679024,-73.899475,0,0,Unspecified,4518347,13.1,1.8,0.0,0.0,0.0,0.0,3,18.6,36.4,246,Overcast,0,0,
61906,2022-04-10 12:54:00,40.895973,-73.85258,0,0,Unspecified,4518682,9.8,3.5,0.0,0.0,0.0,0.0,3,29.3,54.4,307,Overcast,0,0,
61907,2022-04-11 05:44:00,40.67591,-73.89492,0,0,Unspecified,4518352,13.1,1.8,0.0,0.0,0.0,0.0,3,18.6,36.4,246,Overcast,0,0,
61908,2022-04-11 00:25:00,40.68034,-73.80787,0,0,Unsafe Speed,4517824,13.1,1.8,0.0,0.0,0.0,0.0,3,18.6,36.4,246,Overcast,0,0,
61909,2022-04-10 10:45:00,40.70403,-73.81711,0,0,Driver Inattention/Distraction,4518721,9.8,3.5,0.0,0.0,0.0,0.0,3,29.3,54.4,307,Overcast,0,0,
61910,2022-04-11 00:00:00,40.709522,-74.00167,0,0,Unspecified,4518208,13.1,1.8,0.0,0.0,0.0,0.0,3,18.6,36.4,246,Overcast,0,0,
61911,2022-04-07 10:50:00,0.0,0.0,1,0,Driver Inattention/Distraction,4518562,11.5,5.6,74.1,74.1,0.0,14.0,65,35.0,64.8,98,Rain: Heavy,1,1,
61912,2022-04-11 10:45:00,40.75081,-73.98285,0,0,Driver Inattention/Distraction,4518517,13.1,1.8,0.0,0.0,0.0,0.0,3,18.6,36.4,246,Overcast,0,0,
61913,2022-04-11 17:00:00,40.718117,-73.90905,0,0,Passing Too Closely,4518761,13.1,1.8,0.0,0.0,0.0,0.0,3,18.6,36.4,246,Overcast,0,0,
61914,2022-04-04 01:00:00,40.830402,-73.837654,0,0,Unsafe Lane Changing,4518645,12.2,2.6,0.1,0.1,0.0,1.0,51,23.7,41.4,304,Drizzle: Light,0,0,
61915,2021-10-14 12:05:00,40.7282398,-73.8331214,1,0,Unsafe Speed,4467153,25.0,15.4,0.0,0.0,0.0,0.0,3,15.4,29.9,328,Overcast,1,1,
61916,2022-04-11 12:00:00,40.647007,-73.946266,1,0,Unspecified,4518300,13.1,1.8,0.0,0.0,0.0,0.0,3,18.6,36.4,246,Overcast,1,1,
61917,2022-04-11 15:55:00,40.846645,-73.93542,0,0,Backing Unsafely,4518335,13.1,1.8,0.0,0.0,0.0,0.0,3,18.6,36.4,246,Overcast,0,0,
61918,2022-04-10 11:45:00,40.839767,-73.905396,0,0,Unspecified,4518617,9.8,3.5,0.0,0.0,0.0,0.0,3,29.3,54.4,307,Overcast,0,0,
61919,2022-04-11 06:29:00,40.654984,-74.00711,0,0,Unspecified,4518397,13.1,1.8,0.0,0.0,0.0,0.0,3,18.6,36.4,246,Overcast,0,0,
61920,2022-04-11 13:13:00,40.786903,-73.95338,0,0,Unspecified,4518159,13.1,1.8,0.0,0.0,0.0,0.0,3,18.6,36.4,246,Overcast,0,0,
61921,2022-04-11 09:02:00,40.68308,-73.96886,0,0,Passing Too Closely,4518181,13.1,1.8,0.0,0.0,0.0,0.0,3,18.6,36.4,246,Overcast,0,0,
61922,2022-04-11 07:35:00,40.63932,-74.02356,1,0,Passing Too Closely,4518055,13.1,1.8,0.0,0.0,0.0,0.0,3,18.6,36.4,246,Overcast,1,1,
61923,2022-04-11 17:46:00,40.833126,-73.828285,0,0,Unspecified,4518421,13.1,1.8,0.0,0.0,0.0,0.0,3,18.6,36.4,246,Overcast,0,0,
61924,2021-10-11 08:35:00,40.694745,-73.9315648,1,0,Pedestrian/Bicyclist/Other Pedestrian Error/Confusion,4467162,21.7,16.3,0.0,0.0,0.0,0.0,3,25.7,49.7,41,Overcast,1,1,
61925,2021-10-09 09:20:00,40.5504501,-74.1540791,0,0,Unspecified,4467163,20.2,15.2,1.2,1.2,0.0,5.0,51,22.8,42.8,71,Drizzle: Light,0,0,
61926,2022-04-11 07:05:00,40.844734,-73.89935,1,0,Driver Inattention/Distraction,4518242,13.1,1.8,0.0,0.0,0.0,0.0,3,18.6,36.4,246,Overcast,1,1,
61927,2022-04-11 02:00:00,0.0,0.0,0,0,Driver Inattention/Distraction,4518161,13.1,1.8,0.0,0.0,0.0,0.0,3,18.6,36.4,246,Overcast,0,0,
61928,2022-04-11 12:20:00,40.63223,-73.99504,0,0,Unspecified,4518187,13.1,1.8,0.0,0.0,0.0,0.0,3,18.6,36.4,246,Overcast,0,0,
61929,2021-10-14 18:10:00,40.7542707,-73.7433337,0,0,Unsafe Lane Changing,4467167,25.0,15.4,0.0,0.0,0.0,0.0,3,15.4,29.9,328,Overcast,0,0,
61930,2021-10-08 20:05:00,40.6820036,-73.9546214,0,0,Following Too Closely,4467172,23.7,14.5,0.0,0.0,0.0,0.0,3,13.0,22.3,94,Overcast,0,0,
61931,2021-10-11 17:00:00,40.6722124,-73.7346248,0,0,Following Too Closely,4467173,21.7,16.3,0.0,0.0,0.0,0.0,3,25.7,49.7,41,Overcast,0,0,
61932,2021-10-09 18:00:00,40.71294,-73.823845,1,0,Passing or Lane Usage Improper,4467171,20.2,15.2,1.2,1.2,0.0,5.0,51,22.8,42.8,71,Drizzle: Light,1,1,
61933,2021-12-30 12:25:00,40.71406,-73.95292,2,0,Driver Inattention/Distraction,4490984,8.3,5.0,1.8,1.8,0.0,7.0,53,9.9,17.6,22,Drizzle: Moderate,2,2,
61934,2022-01-21 18:30:00,40.61152,-74.098625,1,0,Pavement Slippery,4496274,-5.3,-11.6,0.0,0.0,0.0,0.0,3,21.9,40.0,2,Overcast,1,1,
61935,2021-10-14 20:35:00,40.8380174,-73.8732824,0,0,Reaction to Uninvolved Vehicle,4467175,25.0,15.4,0.0,0.0,0.0,0.0,3,15.4,29.9,328,Overcast,0,0,
61936,2021-10-14 20:35:00,40.8380174,-73.8732824,1,0,Unspecified,4467176,25.0,15.4,0.0,0.0,0.0,0.0,3,15.4,29.9,328,Overcast,1,1,
61937,2022-04-09 11:59:00,40.756584,-73.99771,0,0,Unspecified,4518629,13.6,5.0,4.8,4.8,0.0,12.0,55,20.1,42.8,263,Drizzle: Dense,0,0,
61938,2022-04-11 17:30:00,40.58919,-73.98256,0,0,Driver Inattention/Distraction,4518593,13.1,1.8,0.0,0.0,0.0,0.0,3,18.6,36.4,246,Overcast,0,0,
61939,2022-04-11 01:37:00,40.84525,-73.91499,0,0,Unsafe Lane Changing,4518049,13.1,1.8,0.0,0.0,0.0,0.0,3,18.6,36.4,246,Overcast,0,0,
61940,2022-04-11 08:40:00,40.69706,-73.91933,1,0,Failure to Yield Right-of-Way,4518344,13.1,1.8,0.0,0.0,0.0,0.0,3,18.6,36.4,246,Overcast,1,1,
61941,2021-10-03 11:50:00,40.5671203,-74.1130312,0,0,Unspecified,4467182,25.9,12.8,0.0,0.0,0.0,0.0,3,12.0,24.1,217,Overcast,0,0,
61942,2022-04-11 08:00:00,40.674896,-73.80745,0,0,Driver Inexperience,4518094,13.1,1.8,0.0,0.0,0.0,0.0,3,18.6,36.4,246,Overcast,0,0,
61943,2022-04-11 08:05:00,40.81319,-73.885185,0,0,Unspecified,4518443,13.1,1.8,0.0,0.0,0.0,0.0,3,18.6,36.4,246,Overcast,0,0,
61944,2022-04-11 01:45:00,40.66475,-73.89405,0,0,Turning Improperly,4517993,13.1,1.8,0.0,0.0,0.0,0.0,3,18.6,36.4,246,Overcast,0,0,
61945,2022-04-11 16:00:00,40.69011,-73.81206,1,0,Backing Unsafely,4518195,13.1,1.8,0.0,0.0,0.0,0.0,3,18.6,36.4,246,Overcast,1,1,
61946,2022-04-10 00:00:00,40.820625,-73.95842,2,0,Alcohol Involvement,4518575,9.8,3.5,0.0,0.0,0.0,0.0,3,29.3,54.4,307,Overcast,2,2,
61947,2022-04-11 12:52:00,40.786556,-73.946594,0,0,Backing Unsafely,4518389,13.1,1.8,0.0,0.0,0.0,0.0,3,18.6,36.4,246,Overcast,0,0,
61948,2022-04-11 12:08:00,40.651104,-73.94381,0,0,Unsafe Lane Changing,4518150,13.1,1.8,0.0,0.0,0.0,0.0,3,18.6,36.4,246,Overcast,0,0,
61949,2022-04-11 16:20:00,40.699833,-73.95609,0,0,Passing Too Closely,4518748,13.1,1.8,0.0,0.0,0.0,0.0,3,18.6,36.4,246,Overcast,0,0,
61950,2022-04-10 17:56:00,40.818157,-73.80985,0,0,Other Vehicular,4518701,9.8,3.5,0.0,0.0,0.0,0.0,3,29.3,54.4,307,Overcast,0,0,
61951,2022-04-11 12:55:00,40.680756,-73.82045,0,0,Passing or Lane Usage Improper,4518254,13.1,1.8,0.0,0.0,0.0,0.0,3,18.6,36.4,246,Overcast,0,0,
61952,2021-10-14 22:05:00,40.7432067,-73.8958842,1,0,Driver Inexperience,4467193,25.0,15.4,0.0,0.0,0.0,0.0,3,15.4,29.9,328,Overcast,1,1,
61953,2021-10-08 20:52:00,40.7425138,-73.9073308,0,0,Unspecified,4467194,23.7,14.5,0.0,0.0,0.0,0.0,3,13.0,22.3,94,Overcast,0,0,
61954,2021-10-12 18:50:00,40.6847487,-73.9644304,0,0,Driver Inattention/Distraction,4467196,21.6,15.2,0.0,0.0,0.0,0.0,3,11.8,23.8,81,Overcast,0,0,
61955,2022-04-11 15:42:00,40.638725,-73.95667,1,0,Unspecified,4518229,13.1,1.8,0.0,0.0,0.0,0.0,3,18.6,36.4,246,Overcast,1,1,
61956,2022-04-10 10:43:00,40.577946,-74.102325,0,0,Animals Action,4518636,9.8,3.5,0.0,0.0,0.0,0.0,3,29.3,54.4,307,Overcast,0,0,
61957,2022-04-11 08:23:00,40.67315,-73.896194,2,0,Unsafe Lane Changing,4518670,13.1,1.8,0.0,0.0,0.0,0.0,3,18.6,36.4,246,Overcast,2,2,
61958,2022-04-11 14:56:00,40.8266,-73.82084,1,0,Unspecified,4518272,13.1,1.8,0.0,0.0,0.0,0.0,3,18.6,36.4,246,Overcast,1,1,
61959,2022-04-11 12:10:00,40.66696,-73.77078,0,0,Turning Improperly,4518125,13.1,1.8,0.0,0.0,0.0,0.0,3,18.6,36.4,246,Overcast,0,0,
61960,2022-01-22 21:15:00,40.68892,-73.99915,1,0,Other Vehicular,4496481,-1.3,-12.3,0.0,0.0,0.0,0.0,3,18.4,32.8,1,Overcast,1,1,
61961,2022-01-22 21:15:00,40.844975,-73.91877,1,0,Following Too Closely,4496779,-1.3,-12.3,0.0,0.0,0.0,0.0,3,18.4,32.8,1,Overcast,1,1,
61962,2021-10-10 21:20:00,40.6714474,-73.7894191,1,0,Unspecified,4467207,18.5,16.0,2.4,2.4,0.0,8.0,53,27.2,52.6,52,Drizzle: Moderate,1,1,
61963,2022-01-22 19:35:00,40.854755,-73.890396,0,0,Driver Inattention/Distraction,4496611,-1.3,-12.3,0.0,0.0,0.0,0.0,3,18.4,32.8,1,Overcast,0,0,
61964,2022-01-15 20:54:00,40.75585,-73.88259,0,0,Driver Inattention/Distraction,4497020,-5.3,-11.1,0.0,0.0,0.0,0.0,3,22.4,46.1,345,Overcast,0,0,
61965,2021-10-14 06:05:00,40.6673588,-73.7699356,0,0,Following Too Closely,4467210,25.0,15.4,0.0,0.0,0.0,0.0,3,15.4,29.9,328,Overcast,0,0,
61966,2022-01-21 15:21:00,40.817173,-73.94607,1,0,Unspecified,4496984,-5.3,-11.6,0.0,0.0,0.0,0.0,3,21.9,40.0,2,Overcast,1,1,
61967,2022-01-22 00:35:00,40.660645,-73.94191,0,0,Driver Inattention/Distraction,4496304,-1.3,-12.3,0.0,0.0,0.0,0.0,3,18.4,32.8,1,Overcast,0,0,
61968,2021-10-06 20:30:00,40.7065539,-73.7944515,0,0,Steering Failure,4467213,20.3,16.0,0.1,0.1,0.0,1.0,51,6.5,14.0,28,Drizzle: Light,0,0,
61969,2022-01-22 22:30:00,40.61074,-74.09583,0,0,Unspecified,4496571,-1.3,-12.3,0.0,0.0,0.0,0.0,3,18.4,32.8,1,Overcast,0,0,
61970,2022-01-20 10:00:00,40.860565,-73.905716,0,0,Passing or Lane Usage Improper,4496885,5.2,-5.5,7.3,4.6,1.89,10.0,73,22.3,40.0,315,Snow fall: Moderate,0,0,Snowy Conditions
61971,2022-01-22 01:25:00,40.851093,-73.93244,0,0,Unsafe Lane Changing,4496667,-1.3,-12.3,0.0,0.0,0.0,0.0,3,18.4,32.8,1,Overcast,0,0,
61972,2021-10-14 14:07:00,40.665596,-73.8313172,0,0,Passing or Lane Usage Improper,4467217,25.0,15.4,0.0,0.0,0.0,0.0,3,15.4,29.9,328,Overcast,0,0,
61973,2022-01-22 04:15:00,40.828133,-73.86286,0,0,Unspecified,4496950,-1.3,-12.3,0.0,0.0,0.0,0.0,3,18.4,32.8,1,Overcast,0,0,
61974,2021-10-12 08:45:00,40.7076309,-73.9291146,0,0,Passing or Lane Usage Improper,4467219,21.6,15.2,0.0,0.0,0.0,0.0,3,11.8,23.8,81,Overcast,0,0,
61975,2021-10-14 13:30:00,40.7026246,-73.9605742,0,0,Following Too Closely,4467220,25.0,15.4,0.0,0.0,0.0,0.0,3,15.4,29.9,328,Overcast,0,0,
61976,2022-01-22 01:40:00,40.732513,-73.88831,0,0,Driver Inattention/Distraction,4496328,-1.3,-12.3,0.0,0.0,0.0,0.0,3,18.4,32.8,1,Overcast,0,0,
61977,2021-10-14 22:00:00,40.7091914,-73.956819,0,0,Failure to Yield Right-of-Way,4467222,25.0,15.4,0.0,0.0,0.0,0.0,3,15.4,29.9,328,Overcast,0,0,
61978,2022-01-22 17:35:00,40.710342,-73.79161,0,0,Alcohol Involvement,4496693,-1.3,-12.3,0.0,0.0,0.0,0.0,3,18.4,32.8,1,Overcast,0,0,
61979,2021-12-28 09:20:00,40.759308,-73.9653,1,0,Turning Improperly,4497018,8.5,2.2,0.0,0.0,0.0,0.0,3,12.5,22.0,271,Overcast,1,1,
61980,2021-10-09 01:00:00,40.8417944,-73.8236354,0,0,Unspecified,4467226,20.2,15.2,1.2,1.2,0.0,5.0,51,22.8,42.8,71,Drizzle: Light,0,0,
61981,2022-01-17 12:50:00,40.75033,-73.87874,1,0,Driver Inattention/Distraction,4496932,9.7,0.4,33.6,32.8,0.56,12.0,73,54.1,99.7,183,Snow fall: Moderate,1,1,Snowy Conditions
61982,2022-01-22 18:45:00,40.68954,-73.971146,1,0,Driver Inattention/Distraction,4496454,-1.3,-12.3,0.0,0.0,0.0,0.0,3,18.4,32.8,1,Overcast,1,1,
61983,2022-01-22 00:00:00,40.726242,-73.937805,0,0,Following Too Closely,4496807,-1.3,-12.3,0.0,0.0,0.0,0.0,3,18.4,32.8,1,Overcast,0,0,
61984,2021-10-07 21:05:00,40.6431097,-74.0160711,1,0,Unsafe Speed,4467231,22.4,15.7,0.4,0.4,0.0,4.0,51,10.5,20.5,231,Drizzle: Light,1,1,
61985,2021-10-14 16:54:00,40.843913,-73.927279,1,0,Following Too Closely,4467234,25.0,15.4,0.0,0.0,0.0,0.0,3,15.4,29.9,328,Overcast,1,1,
61986,2022-01-22 08:00:00,40.860306,-73.90949,0,0,Unspecified,4496853,-1.3,-12.3,0.0,0.0,0.0,0.0,3,18.4,32.8,1,Overcast,0,0,