,CRASH DATETIME,LATITUDE,LONGITUDE,NUMBER OF PERSONS INJURED,NUMBER OF PERSONS KILLED,CONTRIBUTING FACTOR VEHICLE 1,COLLISION_ID,temperature_2m_max,temperature_2m_min,precipitation_sum,rain_sum,snowfall_sum,precipitation_hours,weather_code,wind_speed_10m_max,wind_gusts_10m_max,wind_direction_10m_dominant,Weather Description,Severity_Score,Total_Affected_Persons,Weather_Category
61987,2021-10-05 00:27:00,40.8431749,-73.9119469,2,0,Traffic Control Disregarded,4467238,19.9,15.0,0.0,0.0,0.0,0.0,3,14.5,28.1,46,Overcast,2,2,
61988,2022-01-18 00:48:00,40.646214,-73.876114,1,0,Brakes Defective,4496899,1.7,-4.9,0.0,0.0,0.0,0.0,3,30.9,58.3,294,Overcast,1,1,
61989,2022-01-18 21:46:00,40.673378,-73.88585,1,0,Driver Inattention/Distraction,4496911,1.7,-4.9,0.0,0.0,0.0,0.0,3,30.9,58.3,294,Overcast,1,1,
61990,2022-01-22 15:15:00,40.860893,-73.84321,0,0,Turning Improperly,4496434,-1.3,-12.3,0.0,0.0,0.0,0.0,3,18.4,32.8,1,Overcast,0,0,
61991,2022-01-22 13:25:00,40.755264,-73.88817,0,0,Driver Inattention/Distraction,4496397,-1.3,-12.3,0.0,0.0,0.0,0.0,3,18.4,32.8,1,Overcast,0,0,
61992,2021-10-11 10:24:00,40.8409687,-73.899174,1,0,Pedestrian/Bicyclist/Other Pedestrian Error/Confusion,4467243,21.7,16.3,0.0,0.0,0.0,0.0,3,25.7,49.7,41,Overcast,1,1,
61993,2021-10-15 01:36:00,40.8117585,-73.9314396,0,0,Driver Inexperience,4467246,25.0,14.5,0.0,0.0,0.0,0.0,3,16.8,28.4,182,Overcast,0,0,
61994,2022-01-22 01:02:00,40.79465,-73.97179,0,0,Turning Improperly,4496398,-1.3,-12.3,0.0,0.0,0.0,0.0,3,18.4,32.8,1,Overcast,0,0,
61995,2022-01-22 14:20:00,40.668793,-73.91668,0,0,Unspecified,4497067,-1.3,-12.3,0.0,0.0,0.0,0.0,3,18.4,32.8,1,Overcast,0,0,
61996,2022-01-22 17:30:00,40.71458,-73.73108,0,0,Unspecified,4496449,-1.3,-12.3,0.0,0.0,0.0,0.0,3,18.4,32.8,1,Overcast,0,0,
61997,2022-01-22 08:10:00,40.86767,-73.85485,0,0,Unspecified,4496377,-1.3,-12.3,0.0,0.0,0.0,0.0,3,18.4,32.8,1,Overcast,0,0,
61998,2022-01-18 17:25:00,40.658577,-73.89063,0,0,Unspecified,4496910,1.7,-4.9,0.0,0.0,0.0,0.0,3,30.9,58.3,294,Overcast,0,0,
61999,2021-10-14 01:42:00,40.8579322,-73.8725649,3,0,Following Too Closely,4467253,25.0,15.4,0.0,0.0,0.0,0.0,3,15.4,29.9,328,Overcast,3,3,
62000,2022-01-22 14:00:00,40.715866,-73.89861,1,0,Passenger Distraction,4496647,-1.3,-12.3,0.0,0.0,0.0,0.0,3,18.4,32.8,1,Overcast,1,1,
62001,2022-01-22 23:13:00,40.755516,-73.961105,0,0,Passing or Lane Usage Improper,4496707,-1.3,-12.3,0.0,0.0,0.0,0.0,3,18.4,32.8,1,Overcast,0,0,
62002,2021-10-12 15:59:00,40.6545182,-73.8822143,3,0,Unsafe Speed,4467256,21.6,15.2,0.0,0.0,0.0,0.0,3,11.8,23.8,81,Overcast,3,3,
62003,2022-01-19 09:30:00,40.69031,-73.8679,0,0,Unspecified,4496926,7.6,-4.9,0.0,0.0,0.0,0.0,3,23.5,43.2,208,Overcast,0,0,
62004,2021-10-07 12:45:00,40.6702118,-73.8983398,0,0,Turning Improperly,4467258,22.4,15.7,0.4,0.4,0.0,4.0,51,10.5,20.5,231,Drizzle: Light,0,0,
62005,2022-01-05 07:05:00,40.654316,-73.922165,2,0,Driver Inattention/Distraction,4496861,6.9,-2.1,0.5,0.5,0.0,4.0,51,21.8,38.2,216,Drizzle: Light,2,2,
62006,2022-01-19 14:40:00,40.666153,-73.89542,1,0,Failure to Yield Right-of-Way,4496918,7.6,-4.9,0.0,0.0,0.0,0.0,3,23.5,43.2,208,Overcast,1,1,
62007,2022-01-22 08:05:00,40.65616,-73.76736,2,0,Traffic Control Disregarded,4496388,-1.3,-12.3,0.0,0.0,0.0,0.0,3,18.4,32.8,1,Overcast,2,2,
62008,2022-01-22 18:19:00,40.646885,-73.94916,0,0,Unspecified,4496588,-1.3,-12.3,0.0,0.0,0.0,0.0,3,18.4,32.8,1,Overcast,0,0,
62009,2022-01-22 12:53:00,40.86315,-73.90907,0,0,Driver Inattention/Distraction,4496852,-1.3,-12.3,0.0,0.0,0.0,0.0,3,18.4,32.8,1,Overcast,0,0,
62010,2022-01-22 18:50:00,40.639706,-74.01961,0,0,Driver Inattention/Distraction,4496457,-1.3,-12.3,0.0,0.0,0.0,0.0,3,18.4,32.8,1,Overcast,0,0,
62011,2022-01-22 16:02:00,40.779564,-73.90607,1,0,Failure to Yield Right-of-Way,4496517,-1.3,-12.3,0.0,0.0,0.0,0.0,3,18.4,32.8,1,Overcast,1,1,
62012,2022-01-16 02:30:00,40.69911,-73.93402,0,0,Driver Inattention/Distraction,4497088,1.3,-13.5,4.4,0.7,2.59,4.0,75,28.1,47.2,36,Snow fall: Heavy,0,0,Snowy Conditions
62013,2022-01-22 16:06:00,40.75866,-73.82969,0,0,Unspecified,4496413,-1.3,-12.3,0.0,0.0,0.0,0.0,3,18.4,32.8,1,Overcast,0,0,
62014,2022-01-21 15:30:00,40.5447,-74.17978,0,0,Driver Inattention/Distraction,4496949,-5.3,-11.6,0.0,0.0,0.0,0.0,3,21.9,40.0,2,Overcast,0,0,
62015,2021-10-12 18:05:00,40.6795349,-73.9004708,0,0,Turning Improperly,4467272,21.6,15.2,0.0,0.0,0.0,0.0,3,11.8,23.8,81,Overcast,0,0,
62016,2022-01-20 23:00:00,40.626816,-74.074135,0,0,Driver Inattention/Distraction,4496878,5.2,-5.5,7.3,4.6,1.89,10.0,73,22.3,40.0,315,Snow fall: Moderate,0,0,Snowy Conditions
62017,2022-01-18 07:25:00,40.67765,-73.87058,0,0,Unspecified,4496905,1.7,-4.9,0.0,0.0,0.0,0.0,3,30.9,58.3,294,Overcast,0,0,
62018,2021-10-09 04:21:00,40.8050639,-73.9411654,3,0,Unsafe Speed,4467275,20.2,15.2,1.2,1.2,0.0,5.0,51,22.8,42.8,71,Drizzle: Light,3,3,
62019,2022-01-14 17:00:00,40.56345,-74.169754,0,0,Driver Inattention/Distraction,4496944,5.0,-5.0,0.0,0.0,0.0,0.0,3,34.6,62.6,358,Overcast,0,0,
62020,2022-01-22 16:35:00,40.657246,-73.91243,0,0,Driver Inexperience,4497052,-1.3,-12.3,0.0,0.0,0.0,0.0,3,18.4,32.8,1,Overcast,0,0,
62021,2021-10-09 17:54:00,40.7067428,-73.9203146,0,0,Driver Inattention/Distraction,4467278,20.2,15.2,1.2,1.2,0.0,5.0,51,22.8,42.8,71,Drizzle: Light,0,0,
62022,2022-01-22 22:00:00,40.72931,-73.997894,1,0,Unspecified,4496632,-1.3,-12.3,0.0,0.0,0.0,0.0,3,18.4,32.8,1,Overcast,1,1,
62023,2022-01-18 14:02:00,40.617233,-73.99212,0,0,Driver Inattention/Distraction,4496990,1.7,-4.9,0.0,0.0,0.0,0.0,3,30.9,58.3,294,Overcast,0,0,
62024,2022-01-22 13:00:00,40.697258,-73.80575,0,0,Driver Inattention/Distraction,4496694,-1.3,-12.3,0.0,0.0,0.0,0.0,3,18.4,32.8,1,Overcast,0,0,
62025,2021-10-14 15:50:00,40.8650786,-73.8718425,0,0,Unspecified,4467282,25.0,15.4,0.0,0.0,0.0,0.0,3,15.4,29.9,328,Overcast,0,0,
62026,2022-01-22 22:53:00,40.62266,-73.98834,0,0,Unspecified,4496563,-1.3,-12.3,0.0,0.0,0.0,0.0,3,18.4,32.8,1,Overcast,0,0,
62027,2022-01-22 18:30:00,40.72089,-73.99576,0,0,Passing Too Closely,4496840,-1.3,-12.3,0.0,0.0,0.0,0.0,3,18.4,32.8,1,Overcast,0,0,
62028,2021-04-15 13:47:00,40.9011789,-73.9020431,0,0,Unspecified,4467286,12.9,7.7,15.9,15.9,0.0,15.0,63,17.3,32.0,166,Rain: Moderate,0,0,
62029,2022-01-22 03:00:00,40.71596,-73.76364,0,0,Driver Inattention/Distraction,4496954,-1.3,-12.3,0.0,0.0,0.0,0.0,3,18.4,32.8,1,Overcast,0,0,
62030,2022-01-22 18:05:00,40.67843,-73.91357,1,0,,4496757,-1.3,-12.3,0.0,0.0,0.0,0.0,3,18.4,32.8,1,Overcast,1,1,
62031,2022-01-22 12:45:00,40.732243,-73.87013,0,0,Following Too Closely,4496575,-1.3,-12.3,0.0,0.0,0.0,0.0,3,18.4,32.8,1,Overcast,0,0,
62032,2022-01-22 06:00:00,40.67769,-73.82884,0,0,Passing or Lane Usage Improper,4496765,-1.3,-12.3,0.0,0.0,0.0,0.0,3,18.4,32.8,1,Overcast,0,0,
62033,2022-01-22 15:45:00,40.85618,-73.92872,0,0,Traffic Control Disregarded,4496685,-1.3,-12.3,0.0,0.0,0.0,0.0,3,18.4,32.8,1,Overcast,0,0,
62034,2022-01-17 14:00:00,40.681618,-73.99853,0,0,Unspecified,4497002,9.7,0.4,33.6,32.8,0.56,12.0,73,54.1,99.7,183,Snow fall: Moderate,0,0,Snowy Conditions
62035,2022-01-22 03:15:00,40.599163,-73.91084,0,0,Unsafe Speed,4496308,-1.3,-12.3,0.0,0.0,0.0,0.0,3,18.4,32.8,1,Overcast,0,0,
62036,2022-01-20 17:36:00,40.780968,-73.96121,1,0,Passing or Lane Usage Improper,4497100,5.2,-5.5,7.3,4.6,1.89,10.0,73,22.3,40.0,315,Snow fall: Moderate,1,1,Snowy Conditions
62037,2021-10-14 15:00:00,40.843767,-73.8655934,1,0,Unspecified,4467287,25.0,15.4,0.0,0.0,0.0,0.0,3,15.4,29.9,328,Overcast,1,1,
62038,2021-10-08 15:10:00,40.8910726,-73.9082717,2,0,Following Too Closely,4467297,23.7,14.5,0.0,0.0,0.0,0.0,3,13.0,22.3,94,Overcast,2,2,
62039,2022-01-22 10:25:00,40.71309,-73.87584,1,0,Driver Inattention/Distraction,4496982,-1.3,-12.3,0.0,0.0,0.0,0.0,3,18.4,32.8,1,Overcast,1,1,
62040,2022-01-12 14:40:00,40.84299,-73.82625,0,0,Aggressive Driving/Road Rage,4497019,4.6,-7.3,0.0,0.0,0.0,0.0,3,20.5,39.2,213,Overcast,0,0,
62041,2022-01-22 09:30:00,40.69168,-73.999344,2,0,Unsafe Lane Changing,4496462,-1.3,-12.3,0.0,0.0,0.0,0.0,3,18.4,32.8,1,Overcast,2,2,
62042,2022-01-22 20:41:00,40.856606,-73.92841,2,0,Turning Improperly,4496686,-1.3,-12.3,0.0,0.0,0.0,0.0,3,18.4,32.8,1,Overcast,2,2,
62043,2022-01-22 11:27:00,40.684963,-73.935455,1,0,Failure to Yield Right-of-Way,4496566,-1.3,-12.3,0.0,0.0,0.0,0.0,3,18.4,32.8,1,Overcast,1,1,
62044,2022-01-22 01:39:00,40.605835,-74.16339,0,0,Alcohol Involvement,4496931,-1.3,-12.3,0.0,0.0,0.0,0.0,3,18.4,32.8,1,Overcast,0,0,
62045,2022-01-22 21:15:00,40.54339,-74.21123,0,0,Driver Inattention/Distraction,4496953,-1.3,-12.3,0.0,0.0,0.0,0.0,3,18.4,32.8,1,Overcast,0,0,
62046,2022-04-11 09:17:00,40.879337,-73.87494,1,0,Following Too Closely,4518083,13.1,1.8,0.0,0.0,0.0,0.0,3,18.6,36.4,246,Overcast,1,1,
62047,2022-01-21 20:30:00,40.773335,-73.94421,1,0,Lost Consciousness,4497073,-5.3,-11.6,0.0,0.0,0.0,0.0,3,21.9,40.0,2,Overcast,1,1,
62048,2022-01-22 17:45:00,40.788986,-73.97407,0,0,Passing Too Closely,4496411,-1.3,-12.3,0.0,0.0,0.0,0.0,3,18.4,32.8,1,Overcast,0,0,
62049,2021-10-15 02:55:00,40.7713823,-73.8771351,0,0,Unsafe Speed,4467309,25.0,14.5,0.0,0.0,0.0,0.0,3,16.8,28.4,182,Overcast,0,0,
62050,2022-01-22 19:37:00,40.756096,-73.74655,0,0,Driver Inattention/Distraction,4496430,-1.3,-12.3,0.0,0.0,0.0,0.0,3,18.4,32.8,1,Overcast,0,0,
62051,2022-01-18 14:00:00,40.627274,-74.10418,2,0,Failure to Yield Right-of-Way,4496871,1.7,-4.9,0.0,0.0,0.0,0.0,3,30.9,58.3,294,Overcast,2,2,
62052,2022-01-22 19:53:00,40.8319,-73.89249,1,0,Unspecified,4496487,-1.3,-12.3,0.0,0.0,0.0,0.0,3,18.4,32.8,1,Overcast,1,1,
62053,2021-10-10 19:15:00,40.7265697,-73.8380179,0,0,Driver Inattention/Distraction,4467313,18.5,16.0,2.4,2.4,0.0,8.0,53,27.2,52.6,52,Drizzle: Moderate,0,0,
62054,2021-10-12 12:05:00,40.7213656,-73.8480763,1,0,,4467314,21.6,15.2,0.0,0.0,0.0,0.0,3,11.8,23.8,81,Overcast,1,1,
62055,2022-01-22 23:20:00,40.67421,-73.86208,1,0,Aggressive Driving/Road Rage,4496921,-1.3,-12.3,0.0,0.0,0.0,0.0,3,18.4,32.8,1,Overcast,1,1,
62056,2022-01-22 09:39:00,40.866047,-73.87207,1,0,Unsafe Lane Changing,4496391,-1.3,-12.3,0.0,0.0,0.0,0.0,3,18.4,32.8,1,Overcast,1,1,
62057,2021-10-11 19:55:00,40.7691939,-73.8760951,1,0,Failure to Yield Right-of-Way,4467317,21.7,16.3,0.0,0.0,0.0,0.0,3,25.7,49.7,41,Overcast,1,1,
62058,2022-01-22 12:23:00,40.84506,-73.916855,2,0,Following Too Closely,4496778,-1.3,-12.3,0.0,0.0,0.0,0.0,3,18.4,32.8,1,Overcast,2,2,
62059,2022-01-21 11:10:00,40.635597,-74.092445,1,0,Driver Inattention/Distraction,4496879,-5.3,-11.6,0.0,0.0,0.0,0.0,3,21.9,40.0,2,Overcast,1,1,
62060,2022-01-22 18:00:00,40.609272,-74.02499,0,0,Following Too Closely,4496419,-1.3,-12.3,0.0,0.0,0.0,0.0,3,18.4,32.8,1,Overcast,0,0,
62061,2022-01-22 16:00:00,40.649693,-73.936966,0,0,Unspecified,4496585,-1.3,-12.3,0.0,0.0,0.0,0.0,3,18.4,32.8,1,Overcast,0,0,
62062,2022-01-18 21:38:00,40.646717,-73.99789,1,0,Failure to Yield Right-of-Way,4496977,1.7,-4.9,0.0,0.0,0.0,0.0,3,30.9,58.3,294,Overcast,1,1,
62063,2022-01-19 22:26:00,40.663704,-73.88991,2,0,Backing Unsafely,4496927,7.6,-4.9,0.0,0.0,0.0,0.0,3,23.5,43.2,208,Overcast,2,2,
62064,2021-10-08 18:00:00,40.7821994,-73.9511638,0,0,Driver Inattention/Distraction,4467326,23.7,14.5,0.0,0.0,0.0,0.0,3,13.0,22.3,94,Overcast,0,0,
62065,2022-01-22 19:45:00,40.891838,-73.86275,0,0,Driver Inattention/Distraction,4496473,-1.3,-12.3,0.0,0.0,0.0,0.0,3,18.4,32.8,1,Overcast,0,0,
62066,2021-10-12 14:40:00,40.7403935,-73.8220832,0,0,Backing Unsafely,4467329,21.6,15.2,0.0,0.0,0.0,0.0,3,11.8,23.8,81,Overcast,0,0,
62067,2021-10-14 13:59:00,40.8582196,-73.9167798,0,0,Following Too Closely,4467330,25.0,15.4,0.0,0.0,0.0,0.0,3,15.4,29.9,328,Overcast,0,0,
62068,2022-01-22 02:55:00,40.859184,-73.88663,1,0,Pedestrian/Bicyclist/Other Pedestrian Error/Confusion,4496607,-1.3,-12.3,0.0,0.0,0.0,0.0,3,18.4,32.8,1,Overcast,1,1,
62069,2022-01-22 17:14:00,40.82548,-73.87042,0,0,Passing Too Closely,4496964,-1.3,-12.3,0.0,0.0,0.0,0.0,3,18.4,32.8,1,Overcast,0,0,
62070,2022-01-22 10:47:00,40.87304,-73.885796,2,0,Backing Unsafely,4496860,-1.3,-12.3,0.0,0.0,0.0,0.0,3,18.4,32.8,1,Overcast,2,2,
62071,2021-10-14 21:35:00,40.8421726,-73.8890142,0,0,Aggressive Driving/Road Rage,4467334,25.0,15.4,0.0,0.0,0.0,0.0,3,15.4,29.9,328,Overcast,0,0,
62072,2021-09-19 16:20:00,40.6966299,-73.9185632,3,0,Failure to Yield Right-of-Way,4467335,23.6,16.8,0.0,0.0,0.0,0.0,2,17.6,35.6,0,Partly cloudy,3,3,
62073,2021-10-06 13:45:00,40.8462709,-73.8919165,0,0,Driver Inattention/Distraction,4467336,20.3,16.0,0.1,0.1,0.0,1.0,51,6.5,14.0,28,Drizzle: Light,0,0,
62074,2021-10-15 05:38:00,40.7344911,-73.9224226,2,0,Reaction to Uninvolved Vehicle,4467337,25.0,14.5,0.0,0.0,0.0,0.0,3,16.8,28.4,182,Overcast,2,2,
62075,2022-01-22 04:27:00,40.71552,-74.00925,1,0,Driver Inattention/Distraction,4496343,-1.3,-12.3,0.0,0.0,0.0,0.0,3,18.4,32.8,1,Overcast,1,1,
62076,2022-01-19 13:30:00,40.665848,-73.886696,0,0,Unspecified,4496917,7.6,-4.9,0.0,0.0,0.0,0.0,3,23.5,43.2,208,Overcast,0,0,
62077,2021-09-29 23:15:00,40.740493,-73.9296675,0,0,View Obstructed/Limited,4467340,19.9,11.3,0.0,0.0,0.0,0.0,3,20.6,41.8,331,Overcast,0,0,
62078,2022-01-22 15:50:00,40.66542,-73.745995,0,0,Driver Inattention/Distraction,4496450,-1.3,-12.3,0.0,0.0,0.0,0.0,3,18.4,32.8,1,Overcast,0,0,
62079,2022-01-22 09:15:00,40.62434,-74.09396,0,0,Following Too Closely,4496884,-1.3,-12.3,0.0,0.0,0.0,0.0,3,18.4,32.8,1,Overcast,0,0,
62080,2022-01-22 13:27:00,40.732323,-73.95461,0,0,Lost Consciousness,4496803,-1.3,-12.3,0.0,0.0,0.0,0.0,3,18.4,32.8,1,Overcast,0,0,
62081,2021-10-06 14:05:00,40.8688059,-73.8905447,0,0,Driver Inattention/Distraction,4467344,20.3,16.0,0.1,0.1,0.0,1.0,51,6.5,14.0,28,Drizzle: Light,0,0,
62082,2022-01-22 15:30:00,40.670715,-73.91697,0,0,Glare,4496637,-1.3,-12.3,0.0,0.0,0.0,0.0,3,18.4,32.8,1,Overcast,0,0,
62083,2022-01-20 13:50:00,40.666885,-73.911964,0,0,Unspecified,4497060,5.2,-5.5,7.3,4.6,1.89,10.0,73,22.3,40.0,315,Snow fall: Moderate,0,0,Snowy Conditions
62084,2022-01-22 17:15:00,40.732033,-73.91893,0,0,Driver Inattention/Distraction,4496705,-1.3,-12.3,0.0,0.0,0.0,0.0,3,18.4,32.8,1,Overcast,0,0,
62085,2022-01-22 18:30:00,40.840622,-73.866234,0,0,Unspecified,4496965,-1.3,-12.3,0.0,0.0,0.0,0.0,3,18.4,32.8,1,Overcast,0,0,
62086,2022-01-22 14:00:00,40.72216,-73.996185,0,0,Passing Too Closely,4496514,-1.3,-12.3,0.0,0.0,0.0,0.0,3,18.4,32.8,1,Overcast,0,0,
62087,2022-01-19 16:44:00,40.67211,-73.88553,0,0,Unspecified,4496923,7.6,-4.9,0.0,0.0,0.0,0.0,3,23.5,43.2,208,Overcast,0,0,
62088,2021-10-10 15:00:00,40.8235627,-73.8903271,0,0,Unspecified,4467351,18.5,16.0,2.4,2.4,0.0,8.0,53,27.2,52.6,52,Drizzle: Moderate,0,0,
62089,2022-01-22 10:40:00,40.740597,-73.9306,0,0,Driver Inattention/Distraction,4496598,-1.3,-12.3,0.0,0.0,0.0,0.0,3,18.4,32.8,1,Overcast,0,0,
62090,2022-01-20 11:00:00,40.78566,-73.855095,0,0,Unspecified,4496894,5.2,-5.5,7.3,4.6,1.89,10.0,73,22.3,40.0,315,Snow fall: Moderate,0,0,Snowy Conditions
62091,2021-10-04 07:33:00,40.8161389,-73.8948691,0,0,Passing or Lane Usage Improper,4467355,20.6,16.4,21.8,21.8,0.0,17.0,63,20.8,42.8,61,Rain: Moderate,0,0,
62092,2022-01-22 12:00:00,40.7067,-74.01605,0,0,Unspecified,4496375,-1.3,-12.3,0.0,0.0,0.0,0.0,3,18.4,32.8,1,Overcast,0,0,
62093,2022-01-22 10:20:00,40.6993,-73.91361,0,0,Reaction to Uninvolved Vehicle,4496731,-1.3,-12.3,0.0,0.0,0.0,0.0,3,18.4,32.8,1,Overcast,0,0,
62094,2022-01-22 00:15:00,40.604637,-73.97614,0,0,Following Too Closely,4496433,-1.3,-12.3,0.0,0.0,0.0,0.0,3,18.4,32.8,1,Overcast,0,0,
62095,2022-01-22 21:00:00,40.666348,-73.82021,0,0,Passing or Lane Usage Improper,4496770,-1.3,-12.3,0.0,0.0,0.0,0.0,3,18.4,32.8,1,Overcast,0,0,
62096,2022-01-22 07:00:00,40.67731,-73.90703,0,0,Other Vehicular,4496500,-1.3,-12.3,0.0,0.0,0.0,0.0,3,18.4,32.8,1,Overcast,0,0,
62097,2021-10-10 20:18:00,40.8471777,-73.9339332,2,0,Following Too Closely,4467361,18.5,16.0,2.4,2.4,0.0,8.0,53,27.2,52.6,52,Drizzle: Moderate,2,2,
62098,2022-01-22 10:56:00,40.70476,-73.91996,0,0,Passing Too Closely,4496730,-1.3,-12.3,0.0,0.0,0.0,0.0,3,18.4,32.8,1,Overcast,0,0,
62099,2022-01-20 13:40:00,40.834126,-73.85246,1,0,Driver Inattention/Distraction,4496987,5.2,-5.5,7.3,4.6,1.89,10.0,73,22.3,40.0,315,Snow fall: Moderate,1,1,Snowy Conditions
62100,2022-01-22 08:45:00,40.731064,-74.00142,0,0,Unspecified,4496625,-1.3,-12.3,0.0,0.0,0.0,0.0,3,18.4,32.8,1,Overcast,0,0,
62101,2021-10-01 11:30:00,40.8384262,-73.9416888,0,0,Unspecified,4467365,19.4,9.5,0.0,0.0,0.0,0.0,0,13.8,28.1,302,Clear sky,0,0,Sunny/Clear Conditions
62102,2022-01-22 20:35:00,40.77367,-73.77482,0,0,Accelerator Defective,4497005,-1.3,-12.3,0.0,0.0,0.0,0.0,3,18.4,32.8,1,Overcast,0,0,
62103,2022-01-22 00:05:00,40.61562,-73.89724,0,0,Driver Inexperience,4496314,-1.3,-12.3,0.0,0.0,0.0,0.0,3,18.4,32.8,1,Overcast,0,0,
62104,2022-01-22 00:09:00,40.834515,-73.91771,0,0,Steering Failure,4497101,-1.3,-12.3,0.0,0.0,0.0,0.0,3,18.4,32.8,1,Overcast,0,0,
62105,2022-01-21 14:16:00,40.60086,-74.137726,1,0,Illnes,4496935,-5.3,-11.6,0.0,0.0,0.0,0.0,3,21.9,40.0,2,Overcast,1,1,
62106,2022-01-22 11:34:00,40.63533,-74.12537,0,0,Unspecified,4496880,-1.3,-12.3,0.0,0.0,0.0,0.0,3,18.4,32.8,1,Overcast,0,0,
62107,2022-01-22 16:25:00,40.63103,-74.00702,0,0,Driver Inattention/Distraction,4496418,-1.3,-12.3,0.0,0.0,0.0,0.0,3,18.4,32.8,1,Overcast,0,0,
62108,2022-01-22 03:55:00,40.73243,-73.83512,0,0,Following Too Closely,4496420,-1.3,-12.3,0.0,0.0,0.0,0.0,3,18.4,32.8,1,Overcast,0,0,
62109,2022-01-22 14:30:00,40.859425,-73.8947,0,0,Backing Unsafely,4496841,-1.3,-12.3,0.0,0.0,0.0,0.0,3,18.4,32.8,1,Overcast,0,0,
62110,2022-01-12 21:58:00,40.8617,-73.89139,1,0,Failure to Yield Right-of-Way,4497099,4.6,-7.3,0.0,0.0,0.0,0.0,3,20.5,39.2,213,Overcast,1,1,
62111,2022-01-22 17:33:00,40.62149,-74.02622,0,0,Failure to Yield Right-of-Way,4496439,-1.3,-12.3,0.0,0.0,0.0,0.0,3,18.4,32.8,1,Overcast,0,0,
62112,2021-10-13 01:35:00,40.7904077,-73.8234424,0,0,Unsafe Speed,4467376,21.7,14.8,0.1,0.1,0.0,1.0,51,12.2,23.0,200,Drizzle: Light,0,0,
62113,2022-01-20 12:00:00,40.641483,-74.08496,0,0,Unspecified,4496872,5.2,-5.5,7.3,4.6,1.89,10.0,73,22.3,40.0,315,Snow fall: Moderate,0,0,Snowy Conditions
62114,2022-01-22 14:44:00,40.896496,-73.85905,6,0,Driver Inattention/Distraction,4496472,-1.3,-12.3,0.0,0.0,0.0,0.0,3,18.4,32.8,1,Overcast,6,6,
62115,2022-01-18 10:59:00,40.674118,-73.89839,0,0,Failure to Yield Right-of-Way,4496906,1.7,-4.9,0.0,0.0,0.0,0.0,3,30.9,58.3,294,Overcast,0,0,
62116,2022-01-22 04:00:00,40.72555,-73.72627,0,0,Unspecified,4496385,-1.3,-12.3,0.0,0.0,0.0,0.0,3,18.4,32.8,1,Overcast,0,0,
62117,2022-01-22 03:46:00,40.87916,-73.87715,0,0,Other Vehicular,4496842,-1.3,-12.3,0.0,0.0,0.0,0.0,3,18.4,32.8,1,Overcast,0,0,
62118,2022-01-16 05:50:00,40.677746,-73.87369,0,0,Driver Inattention/Distraction,4496902,1.3,-13.5,4.4,0.7,2.59,4.0,75,28.1,47.2,36,Snow fall: Heavy,0,0,Snowy Conditions
62119,2021-10-07 22:30:00,40.6885556,-73.9628347,1,0,Unspecified,4467383,22.4,15.7,0.4,0.4,0.0,4.0,51,10.5,20.5,231,Drizzle: Light,1,1,
62120,2022-01-19 15:40:00,40.675602,-73.89973,0,0,Unspecified,4496920,7.6,-4.9,0.0,0.0,0.0,0.0,3,23.5,43.2,208,Overcast,0,0,
62121,2022-01-22 14:45:00,40.86778,-73.8615,1,0,Unspecified,4496392,-1.3,-12.3,0.0,0.0,0.0,0.0,3,18.4,32.8,1,Overcast,1,1,
62122,2022-01-22 12:27:00,40.743244,-73.73154,0,0,Driver Inattention/Distraction,4496438,-1.3,-12.3,0.0,0.0,0.0,0.0,3,18.4,32.8,1,Overcast,0,0,
62123,2022-01-22 16:37:00,40.702477,-73.94065,0,0,Unspecified,4496460,-1.3,-12.3,0.0,0.0,0.0,0.0,3,18.4,32.8,1,Overcast,0,0,
62124,2022-01-22 12:55:00,40.696167,-73.8045,1,0,Traffic Control Disregarded,4496690,-1.3,-12.3,0.0,0.0,0.0,0.0,3,18.4,32.8,1,Overcast,1,1,
62125,2022-01-22 20:00:00,40.623787,-73.90821,0,0,Driver Inattention/Distraction,4497072,-1.3,-12.3,0.0,0.0,0.0,0.0,3,18.4,32.8,1,Overcast,0,0,
62126,2022-01-22 08:52:00,40.672825,-73.911804,0,0,Backing Unsafely,4496406,-1.3,-12.3,0.0,0.0,0.0,0.0,3,18.4,32.8,1,Overcast,0,0,
62127,2022-01-22 19:36:00,40.751453,-73.83228,0,0,Following Too Closely,4496490,-1.3,-12.3,0.0,0.0,0.0,0.0,3,18.4,32.8,1,Overcast,0,0,
62128,2022-01-22 02:36:00,40.764435,-73.72269,0,0,Fell Asleep,4496366,-1.3,-12.3,0.0,0.0,0.0,0.0,3,18.4,32.8,1,Overcast,0,0,
62129,2021-09-23 17:35:00,40.6919491,-73.7306662,3,0,Driver Inattention/Distraction,4467397,26.2,18.0,15.6,15.6,0.0,14.0,63,40.7,77.4,156,Rain: Moderate,3,3,
62130,2022-01-22 21:28:00,40.709023,-73.798195,0,0,Aggressive Driving/Road Rage,4496452,-1.3,-12.3,0.0,0.0,0.0,0.0,3,18.4,32.8,1,Overcast,0,0,
62131,2022-01-22 04:00:00,40.81148,-73.9264,0,0,Backing Unsafely,4496819,-1.3,-12.3,0.0,0.0,0.0,0.0,3,18.4,32.8,1,Overcast,0,0,
62132,2022-01-22 11:30:00,40.701912,-73.93699,1,0,Following Too Closely,4496446,-1.3,-12.3,0.0,0.0,0.0,0.0,3,18.4,32.8,1,Overcast,1,1,
62133,2022-01-18 15:33:00,40.684982,-73.871445,0,0,Unspecified,4496907,1.7,-4.9,0.0,0.0,0.0,0.0,3,30.9,58.3,294,Overcast,0,0,
62134,2022-01-22 08:47:00,40.682163,-73.920555,0,0,Driver Inattention/Distraction,4496568,-1.3,-12.3,0.0,0.0,0.0,0.0,3,18.4,32.8,1,Overcast,0,0,