,CRASH DATETIME,LATITUDE,LONGITUDE,NUMBER OF PERSONS INJURED,NUMBER OF PERSONS KILLED,CONTRIBUTING FACTOR VEHICLE 1,COLLISION_ID,temperature_2m_max,temperature_2m_min,precipitation_sum,rain_sum,snowfall_sum,precipitation_hours,weather_code,wind_speed_10m_max,wind_gusts_10m_max,wind_direction_10m_dominant,Weather Description,Severity_Score,Total_Affected_Persons,Weather_Category
62135,2022-01-21 23:15:00,40.685017,-73.84336,1,0,Following Too Closely,4496865,-5.3,-11.6,0.0,0.0,0.0,0.0,3,21.9,40.0,2,Overcast,1,1,
62136,2022-01-19 10:50:00,40.680504,-73.8829,0,0,Unspecified,4496913,7.6,-4.9,0.0,0.0,0.0,0.0,3,23.5,43.2,208,Overcast,0,0,
62137,2022-01-22 14:15:00,40.686832,-73.85792,0,0,Passing or Lane Usage Improper,4496889,-1.3,-12.3,0.0,0.0,0.0,0.0,3,18.4,32.8,1,Overcast,0,0,
62138,2021-10-07 07:45:00,40.7466701,-73.9478358,1,0,Driver Inattention/Distraction,4467408,22.4,15.7,0.4,0.4,0.0,4.0,51,10.5,20.5,231,Drizzle: Light,1,1,
62139,2022-01-22 18:19:00,40.648922,-73.94938,1,0,Unspecified,4496655,-1.3,-12.3,0.0,0.0,0.0,0.0,3,18.4,32.8,1,Overcast,1,1,
62140,2022-01-22 15:00:00,40.836296,-73.87369,0,0,Unspecified,4496952,-1.3,-12.3,0.0,0.0,0.0,0.0,3,18.4,32.8,1,Overcast,0,0,
62141,2021-10-12 10:00:00,40.8734384,-73.879187,0,0,Unspecified,4467411,21.6,15.2,0.0,0.0,0.0,0.0,3,11.8,23.8,81,Overcast,0,0,
62142,2021-10-12 20:56:00,40.8682833,-73.8884749,0,0,Passenger Distraction,4467412,21.6,15.2,0.0,0.0,0.0,0.0,3,11.8,23.8,81,Overcast,0,0,
62143,2021-10-08 20:42:00,40.8637993,-73.9025197,0,0,Driver Inexperience,4467413,23.7,14.5,0.0,0.0,0.0,0.0,3,13.0,22.3,94,Overcast,0,0,
62144,2021-10-08 19:00:00,40.75221,-73.90443,2,0,Unspecified,4467403,23.7,14.5,0.0,0.0,0.0,0.0,3,13.0,22.3,94,Overcast,2,2,
62145,2021-10-12 12:42:00,40.8682829,-73.9010669,1,0,Failure to Yield Right-of-Way,4467416,21.6,15.2,0.0,0.0,0.0,0.0,3,11.8,23.8,81,Overcast,1,1,
62146,2022-01-22 00:15:00,40.604637,-73.97614,0,0,Following Too Closely,4496523,-1.3,-12.3,0.0,0.0,0.0,0.0,3,18.4,32.8,1,Overcast,0,0,
62147,2021-10-10 14:06:00,40.8631541,-73.9090643,2,0,Driver Inattention/Distraction,4467418,18.5,16.0,2.4,2.4,0.0,8.0,53,27.2,52.6,52,Drizzle: Moderate,2,2,
62148,2022-01-10 22:38:00,40.654312,-73.91759,1,0,Unsafe Speed,4496978,4.1,-4.3,0.0,0.0,0.0,0.0,3,24.1,44.3,295,Overcast,1,1,
62149,2022-01-22 15:42:00,40.608494,-74.004715,0,0,Backing Unsafely,4496513,-1.3,-12.3,0.0,0.0,0.0,0.0,3,18.4,32.8,1,Overcast,0,0,
62150,2022-01-22 04:30:00,40.72525,-73.86817,0,0,Fell Asleep,4496339,-1.3,-12.3,0.0,0.0,0.0,0.0,3,18.4,32.8,1,Overcast,0,0,
62151,2022-01-18 19:15:00,40.76155,-73.96659,0,0,Driver Inexperience,4497006,1.7,-4.9,0.0,0.0,0.0,0.0,3,30.9,58.3,294,Overcast,0,0,
62152,2022-01-22 15:05:00,40.739082,-73.79345,1,0,Driver Inattention/Distraction,4496431,-1.3,-12.3,0.0,0.0,0.0,0.0,3,18.4,32.8,1,Overcast,1,1,
62153,2021-10-12 16:00:00,40.7048474,-73.8011112,0,0,Unspecified,4467425,21.6,15.2,0.0,0.0,0.0,0.0,3,11.8,23.8,81,Overcast,0,0,
62154,2021-10-11 15:30:00,40.6976261,-73.7877261,0,0,Passing or Lane Usage Improper,4467426,21.7,16.3,0.0,0.0,0.0,0.0,3,25.7,49.7,41,Overcast,0,0,
62155,2021-10-11 19:50:00,40.7068328,-73.7833705,0,0,Passing or Lane Usage Improper,4467427,21.7,16.3,0.0,0.0,0.0,0.0,3,25.7,49.7,41,Overcast,0,0,
62156,2021-10-08 17:45:00,40.7012773,-73.78311,0,0,Passing or Lane Usage Improper,4467428,23.7,14.5,0.0,0.0,0.0,0.0,3,13.0,22.3,94,Overcast,0,0,
62157,2022-01-22 18:05:00,40.69247,-73.75942,0,0,Backing Unsafely,4496608,-1.3,-12.3,0.0,0.0,0.0,0.0,3,18.4,32.8,1,Overcast,0,0,
62158,2021-10-07 18:20:00,40.7601559,-73.998798,0,0,Aggressive Driving/Road Rage,4467430,22.4,15.7,0.4,0.4,0.0,4.0,51,10.5,20.5,231,Drizzle: Light,0,0,
62159,2021-10-10 21:55:00,40.7570653,-74.001054,1,0,Driver Inattention/Distraction,4467431,18.5,16.0,2.4,2.4,0.0,8.0,53,27.2,52.6,52,Drizzle: Moderate,1,1,
62160,2021-10-11 16:16:00,40.7603968,-73.9968889,0,0,Turning Improperly,4467433,21.7,16.3,0.0,0.0,0.0,0.0,3,25.7,49.7,41,Overcast,0,0,
62161,2022-01-21 12:00:00,40.829147,-73.8793,0,0,Passing Too Closely,4496940,-5.3,-11.6,0.0,0.0,0.0,0.0,3,21.9,40.0,2,Overcast,0,0,
62162,2022-01-22 22:55:00,40.645947,-73.9951,0,0,Driver Inattention/Distraction,4496616,-1.3,-12.3,0.0,0.0,0.0,0.0,3,18.4,32.8,1,Overcast,0,0,
62163,2022-01-22 12:50:00,40.78106,-73.94943,0,0,Unspecified,4496785,-1.3,-12.3,0.0,0.0,0.0,0.0,3,18.4,32.8,1,Overcast,0,0,
62164,2022-01-21 17:44:00,40.828293,-73.861725,0,0,Failure to Yield Right-of-Way,4496946,-5.3,-11.6,0.0,0.0,0.0,0.0,3,21.9,40.0,2,Overcast,0,0,
62165,2021-10-11 20:30:00,40.762025,-74.0011515,0,0,Passing or Lane Usage Improper,4467439,21.7,16.3,0.0,0.0,0.0,0.0,3,25.7,49.7,41,Overcast,0,0,
62166,2021-10-12 13:00:00,40.7469444,-74.0028044,0,0,Following Too Closely,4467440,21.6,15.2,0.0,0.0,0.0,0.0,3,11.8,23.8,81,Overcast,0,0,
62167,2022-01-22 10:30:00,40.639664,-73.94837,0,0,Fell Asleep,4496584,-1.3,-12.3,0.0,0.0,0.0,0.0,3,18.4,32.8,1,Overcast,0,0,
62168,2022-01-22 00:15:00,40.702286,-73.74592,2,0,Unsafe Speed,4496476,-1.3,-12.3,0.0,0.0,0.0,0.0,3,18.4,32.8,1,Overcast,2,2,
62169,2022-01-16 07:49:00,40.609333,-73.996925,0,0,Driver Inattention/Distraction,4496994,1.3,-13.5,4.4,0.7,2.59,4.0,75,28.1,47.2,36,Snow fall: Heavy,0,0,Snowy Conditions
62170,2021-10-10 18:44:00,40.758305,-74.000145,1,0,Traffic Control Disregarded,4467432,18.5,16.0,2.4,2.4,0.0,8.0,53,27.2,52.6,52,Drizzle: Moderate,1,1,
62171,2022-01-21 02:00:00,40.768887,-73.90691,0,0,Backing Unsafely,4497045,-5.3,-11.6,0.0,0.0,0.0,0.0,3,21.9,40.0,2,Overcast,0,0,
62172,2021-10-15 15:57:00,40.6606061,-74.0012666,1,0,Unspecified,4467447,25.0,14.5,0.0,0.0,0.0,0.0,3,16.8,28.4,182,Overcast,1,1,
62173,2021-09-26 10:00:00,40.8270861,-73.8698138,0,0,Unspecified,4467448,21.4,15.6,0.0,0.0,0.0,0.0,3,23.5,45.0,294,Overcast,0,0,
62174,2022-01-09 20:41:00,40.816746,-73.915306,0,0,Unspecified,4496858,4.0,-5.3,5.1,5.1,0.0,12.0,53,23.8,42.1,220,Drizzle: Moderate,0,0,
62175,2021-10-04 21:43:00,40.8237097,-73.8789881,2,0,Unspecified,4467450,20.6,16.4,21.8,21.8,0.0,17.0,63,20.8,42.8,61,Rain: Moderate,2,2,
62176,2021-10-06 14:58:00,40.834606,-73.8639712,0,0,Unspecified,4467451,20.3,16.0,0.1,0.1,0.0,1.0,51,6.5,14.0,28,Drizzle: Light,0,0,
62177,2022-01-20 02:07:00,40.65591,-73.89191,0,0,Backing Unsafely,4496928,5.2,-5.5,7.3,4.6,1.89,10.0,73,22.3,40.0,315,Snow fall: Moderate,0,0,Snowy Conditions
62178,2022-01-22 15:24:00,40.65613,-73.90825,1,0,Other Vehicular,4496636,-1.3,-12.3,0.0,0.0,0.0,0.0,3,18.4,32.8,1,Overcast,1,1,
62179,2021-10-08 22:48:00,40.8256666,-73.8754874,2,0,Traffic Control Disregarded,4467454,23.7,14.5,0.0,0.0,0.0,0.0,3,13.0,22.3,94,Overcast,2,2,
62180,2021-10-08 14:00:00,40.8208121,-73.866034,1,0,Passing or Lane Usage Improper,4467455,23.7,14.5,0.0,0.0,0.0,0.0,3,13.0,22.3,94,Overcast,1,1,
62181,2021-10-08 23:55:00,40.8301207,-73.8502577,1,0,Unspecified,4467456,23.7,14.5,0.0,0.0,0.0,0.0,3,13.0,22.3,94,Overcast,1,1,
62182,2021-10-09 02:30:00,40.8255043,-73.843062,1,0,Unsafe Speed,4467457,20.2,15.2,1.2,1.2,0.0,5.0,51,22.8,42.8,71,Drizzle: Light,1,1,
62183,2021-10-08 23:25:00,40.8377516,-73.863335,0,0,Unspecified,4467458,23.7,14.5,0.0,0.0,0.0,0.0,3,13.0,22.3,94,Overcast,0,0,
62184,2021-10-09 03:35:00,40.8246725,-73.8707966,0,0,,4467459,20.2,15.2,1.2,1.2,0.0,5.0,51,22.8,42.8,71,Drizzle: Light,0,0,
62185,2022-01-22 20:10:00,40.69174,-73.91401,0,0,Passing or Lane Usage Improper,4496732,-1.3,-12.3,0.0,0.0,0.0,0.0,3,18.4,32.8,1,Overcast,0,0,
62186,2021-10-11 03:30:00,40.8339652,-73.862892,0,0,Unspecified,4467461,21.7,16.3,0.0,0.0,0.0,0.0,3,25.7,49.7,41,Overcast,0,0,
62187,2021-10-11 21:11:00,40.8184993,-73.8680939,0,0,Alcohol Involvement,4467462,21.7,16.3,0.0,0.0,0.0,0.0,3,25.7,49.7,41,Overcast,0,0,
62188,2021-10-12 06:35:00,40.8309144,-73.8735923,0,0,Driver Inexperience,4467463,21.6,15.2,0.0,0.0,0.0,0.0,3,11.8,23.8,81,Overcast,0,0,
62189,2022-01-21 21:53:00,40.836403,-73.875595,0,0,Following Too Closely,4496961,-5.3,-11.6,0.0,0.0,0.0,0.0,3,21.9,40.0,2,Overcast,0,0,
62190,2021-10-12 10:56:00,40.8252014,-73.8677049,0,0,Unspecified,4467465,21.6,15.2,0.0,0.0,0.0,0.0,3,11.8,23.8,81,Overcast,0,0,
62191,2021-10-12 07:00:00,40.8338223,-73.862742,0,0,Unspecified,4467466,21.6,15.2,0.0,0.0,0.0,0.0,3,11.8,23.8,81,Overcast,0,0,
62192,2021-10-12 12:53:00,40.8241662,-73.8746132,1,0,Unspecified,4467467,21.6,15.2,0.0,0.0,0.0,0.0,3,11.8,23.8,81,Overcast,1,1,
62193,2021-10-12 13:00:00,40.8312003,-73.884767,0,0,,4467468,21.6,15.2,0.0,0.0,0.0,0.0,3,11.8,23.8,81,Overcast,0,0,
62194,2021-10-12 11:00:00,40.8341221,-73.8632654,0,0,Unspecified,4467469,21.6,15.2,0.0,0.0,0.0,0.0,3,11.8,23.8,81,Overcast,0,0,
62195,2022-01-22 02:40:00,40.719868,-73.986626,0,0,Driver Inattention/Distraction,4496774,-1.3,-12.3,0.0,0.0,0.0,0.0,3,18.4,32.8,1,Overcast,0,0,
62196,2022-01-17 12:09:00,40.849247,-73.82739,0,0,Unspecified,4496967,9.7,0.4,33.6,32.8,0.56,12.0,73,54.1,99.7,183,Snow fall: Moderate,0,0,Snowy Conditions
62197,2022-01-22 00:52:00,40.634377,-73.899445,0,0,Unspecified,4496317,-1.3,-12.3,0.0,0.0,0.0,0.0,3,18.4,32.8,1,Overcast,0,0,
62198,2021-10-13 13:25:00,40.8250769,-73.8667418,0,0,Other Vehicular,4467473,21.7,14.8,0.1,0.1,0.0,1.0,51,12.2,23.0,200,Drizzle: Light,0,0,
62199,2021-10-14 00:00:00,40.8301207,-73.8502577,1,0,Other Vehicular,4467474,25.0,15.4,0.0,0.0,0.0,0.0,3,15.4,29.9,328,Overcast,1,1,
62200,2022-01-18 19:15:00,40.60461,-73.99826,1,0,Failure to Yield Right-of-Way,4497107,1.7,-4.9,0.0,0.0,0.0,0.0,3,30.9,58.3,294,Overcast,1,1,
62201,2022-01-17 16:52:00,40.82577,-73.85277,0,0,Unspecified,4496998,9.7,0.4,33.6,32.8,0.56,12.0,73,54.1,99.7,183,Snow fall: Moderate,0,0,Snowy Conditions
62202,2021-10-13 23:36:00,40.823145,-73.8822388,0,0,Unspecified,4467478,21.7,14.8,0.1,0.1,0.0,1.0,51,12.2,23.0,200,Drizzle: Light,0,0,
62203,2022-01-22 18:00:00,40.74872,-73.87371,1,0,Driver Inattention/Distraction,4496881,-1.3,-12.3,0.0,0.0,0.0,0.0,3,18.4,32.8,1,Overcast,1,1,
62204,2022-01-22 11:54:00,40.614937,-74.034546,1,0,Unspecified,4496426,-1.3,-12.3,0.0,0.0,0.0,0.0,3,18.4,32.8,1,Overcast,1,1,
62205,2021-10-08 10:00:00,40.8320378,-73.855676,0,0,Driver Inexperience,4467481,23.7,14.5,0.0,0.0,0.0,0.0,3,13.0,22.3,94,Overcast,0,0,
62206,2021-10-09 07:37:00,40.8375888,-73.8594617,1,0,Brakes Defective,4467482,20.2,15.2,1.2,1.2,0.0,5.0,51,22.8,42.8,71,Drizzle: Light,1,1,
62207,2022-01-20 18:06:00,40.637,-74.07654,0,0,Brakes Defective,4496875,5.2,-5.5,7.3,4.6,1.89,10.0,73,22.3,40.0,315,Snow fall: Moderate,0,0,Snowy Conditions
62208,2021-09-26 21:45:00,40.8360499,-73.8551252,1,0,Pedestrian/Bicyclist/Other Pedestrian Error/Confusion,4467484,21.4,15.6,0.0,0.0,0.0,0.0,3,23.5,45.0,294,Overcast,1,1,
62209,2022-01-21 09:38:00,40.588028,-73.94926,1,0,Unspecified,4497055,-5.3,-11.6,0.0,0.0,0.0,0.0,3,21.9,40.0,2,Overcast,1,1,
62210,2022-01-21 00:00:00,40.82624,-73.87706,0,0,Unspecified,4496942,-5.3,-11.6,0.0,0.0,0.0,0.0,3,21.9,40.0,2,Overcast,0,0,
62211,2022-01-22 17:15:00,40.72428,-73.898445,0,0,Passing or Lane Usage Improper,4496652,-1.3,-12.3,0.0,0.0,0.0,0.0,3,18.4,32.8,1,Overcast,0,0,
62212,2021-10-08 17:30:00,40.8220118,-73.858263,1,0,Unspecified,4467488,23.7,14.5,0.0,0.0,0.0,0.0,3,13.0,22.3,94,Overcast,1,1,
62213,2022-01-22 20:50:00,40.86544,-73.85579,0,0,Other Vehicular,4496703,-1.3,-12.3,0.0,0.0,0.0,0.0,3,18.4,32.8,1,Overcast,0,0,
62214,2022-01-19 19:10:00,40.66384,-73.8784,0,0,Failure to Yield Right-of-Way,4496924,7.6,-4.9,0.0,0.0,0.0,0.0,3,23.5,43.2,208,Overcast,0,0,
62215,2022-01-22 08:30:00,40.80515,-73.91105,0,0,Unspecified,4496820,-1.3,-12.3,0.0,0.0,0.0,0.0,3,18.4,32.8,1,Overcast,0,0,
62216,2022-01-22 15:00:00,40.788956,-73.823555,0,0,Unsafe Lane Changing,4496445,-1.3,-12.3,0.0,0.0,0.0,0.0,3,18.4,32.8,1,Overcast,0,0,
62217,2022-01-22 12:15:00,40.881264,-73.83875,0,0,Driver Inattention/Distraction,4496471,-1.3,-12.3,0.0,0.0,0.0,0.0,3,18.4,32.8,1,Overcast,0,0,
62218,2021-10-12 02:06:00,40.7419392,-74.0078992,0,0,Unspecified,4467495,21.6,15.2,0.0,0.0,0.0,0.0,3,11.8,23.8,81,Overcast,0,0,
62219,2021-10-15 08:41:00,40.6304365,-73.8859293,0,0,Driver Inattention/Distraction,4467496,25.0,14.5,0.0,0.0,0.0,0.0,3,16.8,28.4,182,Overcast,0,0,
62220,2021-10-15 15:40:00,40.6056787,-74.0309407,1,0,Following Too Closely,4467497,25.0,14.5,0.0,0.0,0.0,0.0,3,16.8,28.4,182,Overcast,1,1,
62221,2021-10-08 19:00:00,40.6997872,-73.737481,0,0,Backing Unsafely,4467498,23.7,14.5,0.0,0.0,0.0,0.0,3,13.0,22.3,94,Overcast,0,0,
62222,2022-01-22 00:00:00,40.658913,-73.75661,1,0,Failure to Yield Right-of-Way,4496386,-1.3,-12.3,0.0,0.0,0.0,0.0,3,18.4,32.8,1,Overcast,1,1,
62223,2022-01-22 05:50:00,40.86593,-73.902885,0,0,Following Too Closely,4496843,-1.3,-12.3,0.0,0.0,0.0,0.0,3,18.4,32.8,1,Overcast,0,0,
62224,2022-01-22 15:55:00,40.64949,-73.93014,1,0,Failure to Yield Right-of-Way,4496596,-1.3,-12.3,0.0,0.0,0.0,0.0,3,18.4,32.8,1,Overcast,1,1,
62225,2021-10-10 22:00:00,40.6642368,-73.9428691,0,0,Driver Inattention/Distraction,4467503,18.5,16.0,2.4,2.4,0.0,8.0,53,27.2,52.6,52,Drizzle: Moderate,0,0,
62226,2022-01-21 18:00:00,40.746387,-73.85991,0,0,Unspecified,4497094,-5.3,-11.6,0.0,0.0,0.0,0.0,3,21.9,40.0,2,Overcast,0,0,
62227,2021-10-14 20:00:00,40.7223536,-73.7771631,0,0,Following Too Closely,4467505,25.0,15.4,0.0,0.0,0.0,0.0,3,15.4,29.9,328,Overcast,0,0,
62228,2022-01-22 19:35:00,40.667236,-73.770004,2,0,Reaction to Uninvolved Vehicle,4496447,-1.3,-12.3,0.0,0.0,0.0,0.0,3,18.4,32.8,1,Overcast,2,2,
62229,2022-01-22 22:10:00,40.674232,-73.86177,4,0,Traffic Control Disregarded,4496479,-1.3,-12.3,0.0,0.0,0.0,0.0,3,18.4,32.8,1,Overcast,4,4,
62230,2021-10-14 00:00:00,40.7263507,-73.7650741,2,0,Unspecified,4467508,25.0,15.4,0.0,0.0,0.0,0.0,3,15.4,29.9,328,Overcast,2,2,
62231,2022-01-20 02:06:00,40.676598,-73.89038,0,0,Unspecified,4496929,5.2,-5.5,7.3,4.6,1.89,10.0,73,22.3,40.0,315,Snow fall: Moderate,0,0,Snowy Conditions
62232,2021-10-11 04:45:00,40.8089731,-73.9483252,1,0,Driver Inattention/Distraction,4467510,21.7,16.3,0.0,0.0,0.0,0.0,3,25.7,49.7,41,Overcast,1,1,
62233,2021-10-15 21:05:00,40.7158422,-73.8137451,0,0,Other Vehicular,4467511,25.0,14.5,0.0,0.0,0.0,0.0,3,16.8,28.4,182,Overcast,0,0,
62234,2022-01-13 11:45:00,40.678825,-73.89284,0,0,Unspecified,4496903,7.1,-3.7,0.0,0.0,0.0,0.0,3,9.7,18.7,193,Overcast,0,0,
62235,2021-10-12 10:00:00,40.7263549,-73.8219073,0,0,Unspecified,4467513,21.6,15.2,0.0,0.0,0.0,0.0,3,11.8,23.8,81,Overcast,0,0,
62236,2022-01-18 17:15:00,40.672607,-73.89992,0,0,Unspecified,4496908,1.7,-4.9,0.0,0.0,0.0,0.0,3,30.9,58.3,294,Overcast,0,0,
62237,2022-01-22 03:50:00,40.696667,-73.750175,0,0,Unsafe Speed,4496379,-1.3,-12.3,0.0,0.0,0.0,0.0,3,18.4,32.8,1,Overcast,0,0,
62238,2022-01-22 12:06:00,40.636265,-73.94802,2,0,Unspecified,4496726,-1.3,-12.3,0.0,0.0,0.0,0.0,3,18.4,32.8,1,Overcast,2,2,
62239,2022-01-22 02:52:00,40.72224,-73.9863,1,0,Driver Inattention/Distraction,4496416,-1.3,-12.3,0.0,0.0,0.0,0.0,3,18.4,32.8,1,Overcast,1,1,
62240,2022-01-22 22:00:00,40.88397,-73.88027,0,0,Unspecified,4496855,-1.3,-12.3,0.0,0.0,0.0,0.0,3,18.4,32.8,1,Overcast,0,0,
62241,2022-01-22 08:00:00,40.704998,-73.90785,0,0,Driver Inattention/Distraction,4496359,-1.3,-12.3,0.0,0.0,0.0,0.0,3,18.4,32.8,1,Overcast,0,0,
62242,2021-10-15 19:59:00,40.7482348,-73.7597819,0,0,Following Too Closely,4467520,25.0,14.5,0.0,0.0,0.0,0.0,3,16.8,28.4,182,Overcast,0,0,
62243,2022-01-22 15:30:00,40.76407,-73.80914,0,0,Passing or Lane Usage Improper,4496492,-1.3,-12.3,0.0,0.0,0.0,0.0,3,18.4,32.8,1,Overcast,0,0,
62244,2021-10-15 20:00:00,40.8379052,-73.8813742,0,0,Unsafe Lane Changing,4467522,25.0,14.5,0.0,0.0,0.0,0.0,3,16.8,28.4,182,Overcast,0,0,
62245,2022-01-22 12:00:00,40.62132,-74.0349,0,0,Passing or Lane Usage Improper,4496901,-1.3,-12.3,0.0,0.0,0.0,0.0,3,18.4,32.8,1,Overcast,0,0,
62246,2022-01-22 01:11:00,40.644615,-73.962166,0,0,Unspecified,4496815,-1.3,-12.3,0.0,0.0,0.0,0.0,3,18.4,32.8,1,Overcast,0,0,
62247,2022-01-22 21:46:00,40.617367,-74.028275,0,0,Unspecified,4496436,-1.3,-12.3,0.0,0.0,0.0,0.0,3,18.4,32.8,1,Overcast,0,0,
62248,2022-01-20 20:01:00,40.658314,-74.00353,2,0,Driver Inattention/Distraction,4497032,5.2,-5.5,7.3,4.6,1.89,10.0,73,22.3,40.0,315,Snow fall: Moderate,2,2,Snowy Conditions
62249,2022-01-22 17:21:00,40.695965,-73.83786,0,0,Unspecified,4496979,-1.3,-12.3,0.0,0.0,0.0,0.0,3,18.4,32.8,1,Overcast,0,0,
62250,2022-01-22 17:50:00,40.6707,-73.77366,0,0,Unspecified,4496609,-1.3,-12.3,0.0,0.0,0.0,0.0,3,18.4,32.8,1,Overcast,0,0,
62251,2022-01-22 13:20:00,40.686825,-73.93881,0,0,Following Too Closely,4496569,-1.3,-12.3,0.0,0.0,0.0,0.0,3,18.4,32.8,1,Overcast,0,0,
62252,2022-01-14 14:00:00,40.63868,-74.16323,0,0,Unspecified,4496933,5.0,-5.0,0.0,0.0,0.0,0.0,3,34.6,62.6,358,Overcast,0,0,
62253,2022-01-22 04:00:00,40.826233,-73.85286,0,0,Driver Inattention/Distraction,4496951,-1.3,-12.3,0.0,0.0,0.0,0.0,3,18.4,32.8,1,Overcast,0,0,
62254,2022-01-22 04:20:00,40.680214,-73.94628,0,0,Driver Inattention/Distraction,4496621,-1.3,-12.3,0.0,0.0,0.0,0.0,3,18.4,32.8,1,Overcast,0,0,
62255,2022-01-22 15:15:00,40.753395,-73.79243,1,0,Failure to Yield Right-of-Way,4496432,-1.3,-12.3,0.0,0.0,0.0,0.0,3,18.4,32.8,1,Overcast,1,1,
62256,2022-01-22 13:17:00,40.63129,-73.94606,0,0,Unspecified,4496401,-1.3,-12.3,0.0,0.0,0.0,0.0,3,18.4,32.8,1,Overcast,0,0,
62257,2022-01-20 18:59:00,40.68214,-73.91433,0,0,Unspecified,4497070,5.2,-5.5,7.3,4.6,1.89,10.0,73,22.3,40.0,315,Snow fall: Moderate,0,0,Snowy Conditions
62258,2022-01-08 21:50:00,40.804012,-73.93097,0,0,Driver Inattention/Distraction,4496864,-3.3,-8.4,0.0,0.0,0.0,0.0,1,21.6,37.8,277,Mainly clear,0,0,Sunny/Clear Conditions
62259,2022-01-19 07:27:00,40.67765,-73.87058,0,0,Unspecified,4496912,7.6,-4.9,0.0,0.0,0.0,0.0,3,23.5,43.2,208,Overcast,0,0,
62260,2021-10-12 09:20:00,40.687993,-73.9896117,1,0,Failure to Yield Right-of-Way,4467541,21.6,15.2,0.0,0.0,0.0,0.0,3,11.8,23.8,81,Overcast,1,1,
62261,2022-01-22 13:51:00,40.65994,-73.95347,1,0,Driver Inattention/Distraction,4496453,-1.3,-12.3,0.0,0.0,0.0,0.0,3,18.4,32.8,1,Overcast,1,1,
62262,2022-01-22 20:00:00,40.83863,-73.93348,0,0,Unsafe Speed,4496657,-1.3,-12.3,0.0,0.0,0.0,0.0,3,18.4,32.8,1,Overcast,0,0,
62263,2022-01-22 16:04:00,40.68305,-73.85029,1,0,Failure to Yield Right-of-Way,4496886,-1.3,-12.3,0.0,0.0,0.0,0.0,3,18.4,32.8,1,Overcast,1,1,
62264,2022-01-22 10:09:00,40.762676,-73.954346,1,0,Driver Inattention/Distraction,4496784,-1.3,-12.3,0.0,0.0,0.0,0.0,3,18.4,32.8,1,Overcast,1,1,
62265,2022-01-22 02:32:00,40.663284,-73.96096,0,0,Driver Inattention/Distraction,4496396,-1.3,-12.3,0.0,0.0,0.0,0.0,3,18.4,32.8,1,Overcast,0,0,
62266,2022-01-22 03:54:00,40.830727,-73.83756,0,0,Alcohol Involvement,4496342,-1.3,-12.3,0.0,0.0,0.0,0.0,3,18.4,32.8,1,Overcast,0,0,
62267,2022-01-22 03:20:00,40.782856,-73.910736,0,0,Driver Inattention/Distraction,4496512,-1.3,-12.3,0.0,0.0,0.0,0.0,3,18.4,32.8,1,Overcast,0,0,
62268,2022-01-22 18:50:00,40.714855,-73.76289,0,0,Failure to Keep Right,4496692,-1.3,-12.3,0.0,0.0,0.0,0.0,3,18.4,32.8,1,Overcast,0,0,
62269,2022-01-22 04:05:00,40.70467,-73.93142,0,0,Unsafe Speed,4496459,-1.3,-12.3,0.0,0.0,0.0,0.0,3,18.4,32.8,1,Overcast,0,0,
62270,2022-01-22 00:50:00,40.816025,-73.93947,0,0,Driver Inattention/Distraction,4496985,-1.3,-12.3,0.0,0.0,0.0,0.0,3,18.4,32.8,1,Overcast,0,0,
62271,2022-01-02 08:10:00,40.744194,-73.97133,0,0,Unspecified,4497007,13.1,2.7,16.0,16.0,0.0,8.0,65,25.1,52.6,318,Rain: Heavy,0,0,
62272,2021-10-15 04:45:00,40.8751317,-73.9051695,1,0,Other Vehicular,4467553,25.0,14.5,0.0,0.0,0.0,0.0,3,16.8,28.4,182,Overcast,1,1,
62273,2022-01-21 12:02:00,40.711338,-73.85646,0,0,Passing Too Closely,4496939,-5.3,-11.6,0.0,0.0,0.0,0.0,3,21.9,40.0,2,Overcast,0,0,
62274,2021-09-27 12:00:00,40.693211,-73.912556,0,0,Driver Inattention/Distraction,4467555,25.9,14.6,0.0,0.0,0.0,0.0,3,24.1,45.0,233,Overcast,0,0,
62275,2022-01-22 18:48:00,40.826515,-73.917946,5,0,Following Too Closely,4496532,-1.3,-12.3,0.0,0.0,0.0,0.0,3,18.4,32.8,1,Overcast,5,5,
62276,2022-01-22 04:10:00,40.668526,-73.973595,0,0,Driver Inattention/Distraction,4496851,-1.3,-12.3,0.0,0.0,0.0,0.0,3,18.4,32.8,1,Overcast,0,0,
62277,2022-01-22 11:56:00,40.639477,-73.89322,0,0,Driver Inattention/Distraction,4496427,-1.3,-12.3,0.0,0.0,0.0,0.0,3,18.4,32.8,1,Overcast,0,0,
62278,2022-01-20 10:02:00,40.620354,-74.13078,0,0,Driver Inexperience,4496883,5.2,-5.5,7.3,4.6,1.89,10.0,73,22.3,40.0,315,Snow fall: Moderate,0,0,Snowy Conditions
62279,2021-10-12 19:00:00,40.8934353,-73.8834598,0,0,Unsafe Speed,4467563,21.6,15.2,0.0,0.0,0.0,0.0,3,11.8,23.8,81,Overcast,0,0,
62280,2022-01-22 14:45:00,40.754677,-73.975815,0,0,Other Vehicular,4496824,-1.3,-12.3,0.0,0.0,0.0,0.0,3,18.4,32.8,1,Overcast,0,0,
62281,2022-01-22 17:30:00,40.7831,-73.77972,0,0,Passing or Lane Usage Improper,4496414,-1.3,-12.3,0.0,0.0,0.0,0.0,3,18.4,32.8,1,Overcast,0,0,
62282,2022-01-22 20:00:00,40.711033,-73.7281,0,0,Unspecified,4496448,-1.3,-12.3,0.0,0.0,0.0,0.0,3,18.4,32.8,1,Overcast,0,0,
62283,2022-01-19 16:50:00,40.652462,-73.87658,1,0,Unspecified,4496919,7.6,-4.9,0.0,0.0,0.0,0.0,3,23.5,43.2,208,Overcast,1,1,
62284,2022-01-18 19:30:00,40.68341,-73.87304,0,0,Failure to Yield Right-of-Way,4496909,1.7,-4.9,0.0,0.0,0.0,0.0,3,30.9,58.3,294,Overcast,0,0,