,CRASH DATETIME,LATITUDE,LONGITUDE,NUMBER OF PERSONS INJURED,NUMBER OF PERSONS KILLED,CONTRIBUTING FACTOR VEHICLE 1,COLLISION_ID,temperature_2m_max,temperature_2m_min,precipitation_sum,rain_sum,snowfall_sum,precipitation_hours,weather_code,wind_speed_10m_max,wind_gusts_10m_max,wind_direction_10m_dominant,Weather Description,Severity_Score,Total_Affected_Persons,Weather_Category
62285,2022-01-22 07:44:00,40.62325,-73.96292,1,0,Turning Improperly,4496387,-1.3,-12.3,0.0,0.0,0.0,0.0,3,18.4,32.8,1,Overcast,1,1,
62286,2022-01-21 13:28:00,40.83609,-73.87039,1,0,Brakes Defective,4496943,-5.3,-11.6,0.0,0.0,0.0,0.0,3,21.9,40.0,2,Overcast,1,1,
62287,2022-01-22 04:30:00,40.606144,-73.97737,0,0,Fatigued/Drowsy,4496635,-1.3,-12.3,0.0,0.0,0.0,0.0,3,18.4,32.8,1,Overcast,0,0,
62288,2022-01-14 17:15:00,40.598488,-73.980354,1,0,Driver Inattention/Distraction,4496991,5.0,-5.0,0.0,0.0,0.0,0.0,3,34.6,62.6,358,Overcast,1,1,
62289,2022-01-18 14:40:00,40.833218,-73.8469,0,0,Driver Inattention/Distraction,4496999,1.7,-4.9,0.0,0.0,0.0,0.0,3,30.9,58.3,294,Overcast,0,0,
62290,2022-01-22 02:48:00,40.718678,-73.9405,0,0,Unspecified,4496325,-1.3,-12.3,0.0,0.0,0.0,0.0,3,18.4,32.8,1,Overcast,0,0,
62291,2021-10-10 23:13:00,40.7874418,-73.9447705,0,0,Alcohol Involvement,4467576,18.5,16.0,2.4,2.4,0.0,8.0,53,27.2,52.6,52,Drizzle: Moderate,0,0,
62292,2022-01-22 17:23:00,40.682358,-73.79376,0,0,Following Too Closely,4496722,-1.3,-12.3,0.0,0.0,0.0,0.0,3,18.4,32.8,1,Overcast,0,0,
62293,2022-01-22 14:41:00,40.586117,-73.93604,3,0,Following Too Closely,4496775,-1.3,-12.3,0.0,0.0,0.0,0.0,3,18.4,32.8,1,Overcast,3,3,
62294,2022-01-22 16:30:00,40.753284,-73.92049,0,0,Unspecified,4496518,-1.3,-12.3,0.0,0.0,0.0,0.0,3,18.4,32.8,1,Overcast,0,0,
62295,2021-10-16 01:05:00,40.8751317,-73.9051695,0,0,Passing or Lane Usage Improper,4467580,24.3,15.0,17.5,17.5,0.0,9.0,63,25.7,46.4,195,Rain: Moderate,0,0,
62296,2021-10-10 01:00:00,40.7407471,-73.7844108,0,0,Backing Unsafely,4467581,18.5,16.0,2.4,2.4,0.0,8.0,53,27.2,52.6,52,Drizzle: Moderate,0,0,
62297,2022-01-19 20:30:00,40.668327,-73.869606,0,0,Unspecified,4496925,7.6,-4.9,0.0,0.0,0.0,0.0,3,23.5,43.2,208,Overcast,0,0,
62298,2022-01-22 09:00:00,40.651554,-73.928406,0,0,Unspecified,4496595,-1.3,-12.3,0.0,0.0,0.0,0.0,3,18.4,32.8,1,Overcast,0,0,
62299,2022-01-22 08:12:00,40.749332,-73.984665,0,0,Passing or Lane Usage Improper,4496742,-1.3,-12.3,0.0,0.0,0.0,0.0,3,18.4,32.8,1,Overcast,0,0,
62300,2022-01-22 22:20:00,40.714027,-73.735725,0,0,Failure to Yield Right-of-Way,4496441,-1.3,-12.3,0.0,0.0,0.0,0.0,3,18.4,32.8,1,Overcast,0,0,
62301,2021-09-12 04:00:00,40.7328979,-73.920577,1,0,Unspecified,4467587,28.8,18.3,0.0,0.0,0.0,0.0,3,24.3,46.8,233,Overcast,1,1,
62302,2021-10-12 08:18:00,40.8682829,-73.9010669,1,0,Driver Inattention/Distraction,4467588,21.6,15.2,0.0,0.0,0.0,0.0,3,11.8,23.8,81,Overcast,1,1,
62303,2022-01-22 09:25:00,40.744026,-73.92616,0,0,Driver Inattention/Distraction,4496378,-1.3,-12.3,0.0,0.0,0.0,0.0,3,18.4,32.8,1,Overcast,0,0,
62304,2022-01-22 19:50:00,40.74906,-73.89082,0,0,Driver Inattention/Distraction,4496877,-1.3,-12.3,0.0,0.0,0.0,0.0,3,18.4,32.8,1,Overcast,0,0,
62305,2022-01-21 14:30:00,40.799576,-73.935905,0,0,Unspecified,4496930,-5.3,-11.6,0.0,0.0,0.0,0.0,3,21.9,40.0,2,Overcast,0,0,
62306,2022-01-22 19:30:00,40.6785,-73.821365,0,0,Passing or Lane Usage Improper,4496480,-1.3,-12.3,0.0,0.0,0.0,0.0,3,18.4,32.8,1,Overcast,0,0,
62307,2022-01-22 06:24:00,40.89725,-73.855255,0,0,Unsafe Speed,4496466,-1.3,-12.3,0.0,0.0,0.0,0.0,3,18.4,32.8,1,Overcast,0,0,
62308,2022-01-18 11:07:00,40.675667,-73.86436,0,0,Unspecified,4496904,1.7,-4.9,0.0,0.0,0.0,0.0,3,30.9,58.3,294,Overcast,0,0,
62309,2021-10-16 08:00:00,40.7392014,-73.9012744,0,0,Driver Inattention/Distraction,4467599,24.3,15.0,17.5,17.5,0.0,9.0,63,25.7,46.4,195,Rain: Moderate,0,0,
62310,2022-01-22 16:27:00,40.722233,-73.8858,0,0,Backing Unsafely,4496651,-1.3,-12.3,0.0,0.0,0.0,0.0,3,18.4,32.8,1,Overcast,0,0,
62311,2021-10-15 22:30:00,40.7869511,-73.7755783,0,0,Following Too Closely,4467601,25.0,14.5,0.0,0.0,0.0,0.0,3,16.8,28.4,182,Overcast,0,0,
62312,2021-10-15 21:45:00,40.7869511,-73.7755783,3,0,Unspecified,4467602,25.0,14.5,0.0,0.0,0.0,0.0,3,16.8,28.4,182,Overcast,3,3,
62313,2022-01-20 14:08:00,40.6715,-73.91505,0,0,Unspecified,4497054,5.2,-5.5,7.3,4.6,1.89,10.0,73,22.3,40.0,315,Snow fall: Moderate,0,0,Snowy Conditions
62314,2022-01-18 12:27:00,40.67389,-73.864365,0,0,Unspecified,4496969,1.7,-4.9,0.0,0.0,0.0,0.0,3,30.9,58.3,294,Overcast,0,0,
62315,2022-01-22 23:00:00,40.697666,-73.792046,0,0,Driver Inattention/Distraction,4496700,-1.3,-12.3,0.0,0.0,0.0,0.0,3,18.4,32.8,1,Overcast,0,0,
62316,2022-01-22 10:50:00,40.58576,-73.974464,0,0,Driver Inattention/Distraction,4496540,-1.3,-12.3,0.0,0.0,0.0,0.0,3,18.4,32.8,1,Overcast,0,0,
62317,2022-01-21 17:30:00,40.835796,-73.861084,1,0,Driver Inexperience,4496948,-5.3,-11.6,0.0,0.0,0.0,0.0,3,21.9,40.0,2,Overcast,1,1,
62318,2022-01-22 00:00:00,40.828587,-73.85026,1,0,Pavement Slippery,4496960,-1.3,-12.3,0.0,0.0,0.0,0.0,3,18.4,32.8,1,Overcast,1,1,
62319,2022-01-22 15:00:00,40.694107,-73.89737,0,0,Unspecified,4496981,-1.3,-12.3,0.0,0.0,0.0,0.0,3,18.4,32.8,1,Overcast,0,0,
62320,2022-01-22 18:45:00,40.855495,-73.88891,0,0,Backing Unsafely,4496610,-1.3,-12.3,0.0,0.0,0.0,0.0,3,18.4,32.8,1,Overcast,0,0,
62321,2022-04-11 17:20:00,40.729034,-73.74387,0,0,Driver Inattention/Distraction,4518456,13.1,1.8,0.0,0.0,0.0,0.0,3,18.6,36.4,246,Overcast,0,0,
62322,2022-04-07 13:05:00,40.775375,-73.92797,1,0,Pavement Slippery,4518601,11.5,5.6,74.1,74.1,0.0,14.0,65,35.0,64.8,98,Rain: Heavy,1,1,
62323,2021-10-12 12:35:00,40.6193087,-73.9198942,0,0,Unspecified,4467613,21.6,15.2,0.0,0.0,0.0,0.0,3,11.8,23.8,81,Overcast,0,0,
62324,2022-04-11 10:34:00,40.71995,-73.81342,0,0,Unspecified,4518168,13.1,1.8,0.0,0.0,0.0,0.0,3,18.6,36.4,246,Overcast,0,0,
62325,2022-04-11 15:40:00,40.766685,-73.892136,0,0,Unsafe Lane Changing,4518304,13.1,1.8,0.0,0.0,0.0,0.0,3,18.6,36.4,246,Overcast,0,0,
62326,2022-04-10 18:20:00,40.58117,-73.95989,1,0,Driver Inattention/Distraction,4518569,9.8,3.5,0.0,0.0,0.0,0.0,3,29.3,54.4,307,Overcast,1,1,
62327,2022-04-11 12:47:00,0.0,0.0,1,0,Failure to Yield Right-of-Way,4518358,13.1,1.8,0.0,0.0,0.0,0.0,3,18.6,36.4,246,Overcast,1,1,
62328,2022-04-11 08:50:00,40.66645,-73.75764,1,0,Following Too Closely,4518073,13.1,1.8,0.0,0.0,0.0,0.0,3,18.6,36.4,246,Overcast,1,1,
62329,2022-04-11 12:45:00,40.672768,-73.98672,0,0,Driver Inattention/Distraction,4518199,13.1,1.8,0.0,0.0,0.0,0.0,3,18.6,36.4,246,Overcast,0,0,
62330,2022-04-11 11:40:00,40.863876,-73.869354,0,0,Unspecified,4518312,13.1,1.8,0.0,0.0,0.0,0.0,3,18.6,36.4,246,Overcast,0,0,
62331,2021-10-15 19:47:00,40.5924309,-73.9950722,1,0,Following Too Closely,4467622,25.0,14.5,0.0,0.0,0.0,0.0,3,16.8,28.4,182,Overcast,1,1,
62332,2022-04-11 19:20:00,40.714054,-73.79474,0,0,Unspecified,4518171,13.1,1.8,0.0,0.0,0.0,0.0,3,18.6,36.4,246,Overcast,0,0,
62333,2022-04-08 21:00:00,40.64715,-74.0137,0,0,Alcohol Involvement,4518705,16.5,7.1,5.2,5.2,0.0,4.0,63,21.3,42.8,253,Rain: Moderate,0,0,
62334,2022-04-05 10:00:00,40.807228,-73.90262,0,0,Unspecified,4518733,12.1,1.0,1.7,1.7,0.0,3.0,53,16.8,32.8,121,Drizzle: Moderate,0,0,
62335,2022-04-07 20:55:00,40.67255,-73.9863,2,0,Unsafe Speed,4518642,11.5,5.6,74.1,74.1,0.0,14.0,65,35.0,64.8,98,Rain: Heavy,2,2,
62336,2022-04-11 13:00:00,0.0,0.0,0,0,Eating or Drinking,4518212,13.1,1.8,0.0,0.0,0.0,0.0,3,18.6,36.4,246,Overcast,0,0,
62337,2022-04-09 12:30:00,40.71282,-73.90378,1,0,Unspecified,4518656,13.6,5.0,4.8,4.8,0.0,12.0,55,20.1,42.8,263,Drizzle: Dense,1,1,
62338,2022-04-11 10:02:00,40.815754,-73.89529,0,0,Passing or Lane Usage Improper,4518435,13.1,1.8,0.0,0.0,0.0,0.0,3,18.6,36.4,246,Overcast,0,0,
62339,2022-04-11 02:15:00,40.848606,-73.8898,1,0,Driver Inattention/Distraction,4518105,13.1,1.8,0.0,0.0,0.0,0.0,3,18.6,36.4,246,Overcast,1,1,
62340,2022-04-11 12:25:00,40.843884,-73.89613,1,0,Driver Inattention/Distraction,4518563,13.1,1.8,0.0,0.0,0.0,0.0,3,18.6,36.4,246,Overcast,1,1,
62341,2022-04-11 08:45:00,40.667915,-73.77523,0,0,Failure to Yield Right-of-Way,4518399,13.1,1.8,0.0,0.0,0.0,0.0,3,18.6,36.4,246,Overcast,0,0,
62342,2022-04-11 10:20:00,40.680668,-73.836334,0,0,Passing or Lane Usage Improper,4518090,13.1,1.8,0.0,0.0,0.0,0.0,3,18.6,36.4,246,Overcast,0,0,
62343,2022-04-11 14:40:00,0.0,0.0,1,0,Failure to Yield Right-of-Way,4518162,13.1,1.8,0.0,0.0,0.0,0.0,3,18.6,36.4,246,Overcast,1,1,
62344,2022-04-09 01:00:00,40.764046,-73.776024,0,0,Other Vehicular,4518606,13.6,5.0,4.8,4.8,0.0,12.0,55,20.1,42.8,263,Drizzle: Dense,0,0,
62345,2021-04-12 14:30:00,40.83921,-73.88055,1,0,Unspecified,4518595,8.7,6.7,13.6,13.6,0.0,21.0,61,23.4,42.1,51,Rain: Light,1,1,
62346,2022-04-11 09:30:00,40.76465,-73.823494,0,0,Following Too Closely,4518061,13.1,1.8,0.0,0.0,0.0,0.0,3,18.6,36.4,246,Overcast,0,0,
62347,2021-10-14 22:49:00,40.7045039,-73.8174195,1,0,Following Too Closely,4467640,25.0,15.4,0.0,0.0,0.0,0.0,3,15.4,29.9,328,Overcast,1,1,
62348,2022-04-11 07:00:00,40.844715,-73.91228,0,0,Driver Inattention/Distraction,4518278,13.1,1.8,0.0,0.0,0.0,0.0,3,18.6,36.4,246,Overcast,0,0,
62349,2022-04-10 14:00:00,40.648724,-73.97284,0,0,Unspecified,4518714,9.8,3.5,0.0,0.0,0.0,0.0,3,29.3,54.4,307,Overcast,0,0,
62350,2021-10-16 02:30:00,40.7083351,-73.8431299,1,0,Other Vehicular,4467643,24.3,15.0,17.5,17.5,0.0,9.0,63,25.7,46.4,195,Rain: Moderate,1,1,
62351,2022-03-02 03:30:00,40.817684,-73.89853,1,0,,4518724,10.3,1.5,0.0,0.0,0.0,0.0,3,17.1,34.6,275,Overcast,1,1,
62352,2022-04-11 04:51:00,40.69982,-73.9498,0,0,Driver Inattention/Distraction,4517828,13.1,1.8,0.0,0.0,0.0,0.0,3,18.6,36.4,246,Overcast,0,0,
62353,2022-04-11 23:30:00,40.69687,-73.923035,0,0,Driver Inattention/Distraction,4518342,13.1,1.8,0.0,0.0,0.0,0.0,3,18.6,36.4,246,Overcast,0,0,
62354,2022-04-11 13:48:00,0.0,0.0,0,0,Driver Inattention/Distraction,4518354,13.1,1.8,0.0,0.0,0.0,0.0,3,18.6,36.4,246,Overcast,0,0,
62355,2022-04-11 17:00:00,40.6005,-73.962265,0,0,Driver Inattention/Distraction,4518205,13.1,1.8,0.0,0.0,0.0,0.0,3,18.6,36.4,246,Overcast,0,0,
62356,2022-04-10 07:00:00,40.716877,-73.9465,0,0,Passing Too Closely,4518618,9.8,3.5,0.0,0.0,0.0,0.0,3,29.3,54.4,307,Overcast,0,0,
62357,2022-04-11 16:54:00,40.85071,-73.89408,1,0,Driver Inattention/Distraction,4518241,13.1,1.8,0.0,0.0,0.0,0.0,3,18.6,36.4,246,Overcast,1,1,
62358,2022-04-11 17:04:00,0.0,0.0,0,0,Driver Inattention/Distraction,4518348,13.1,1.8,0.0,0.0,0.0,0.0,3,18.6,36.4,246,Overcast,0,0,
62359,2021-10-15 20:00:00,40.8450874,-73.9111073,0,0,Driver Inattention/Distraction,4467654,25.0,14.5,0.0,0.0,0.0,0.0,3,16.8,28.4,182,Overcast,0,0,
62360,2022-04-11 12:54:00,40.791046,-73.95138,0,0,Following Too Closely,4518158,13.1,1.8,0.0,0.0,0.0,0.0,3,18.6,36.4,246,Overcast,0,0,
62361,2021-10-14 14:30:00,40.8380174,-73.8732824,0,0,Driver Inattention/Distraction,4467655,25.0,15.4,0.0,0.0,0.0,0.0,3,15.4,29.9,328,Overcast,0,0,
62362,2022-04-11 03:30:00,40.861862,-73.91275,0,0,Driver Inattention/Distraction,4518046,13.1,1.8,0.0,0.0,0.0,0.0,3,18.6,36.4,246,Overcast,0,0,
62363,2022-04-11 08:00:00,40.750988,-73.99063,1,0,Failure to Yield Right-of-Way,4518521,13.1,1.8,0.0,0.0,0.0,0.0,3,18.6,36.4,246,Overcast,1,1,
62364,2022-04-11 23:50:00,40.762024,-74.00116,0,0,Turning Improperly,4518631,13.1,1.8,0.0,0.0,0.0,0.0,3,18.6,36.4,246,Overcast,0,0,
62365,2022-04-11 14:00:00,40.615833,-73.97573,0,0,Unspecified,4518188,13.1,1.8,0.0,0.0,0.0,0.0,3,18.6,36.4,246,Overcast,0,0,
62366,2022-04-11 20:39:00,40.634422,-74.03082,0,0,Driver Inattention/Distraction,4518180,13.1,1.8,0.0,0.0,0.0,0.0,3,18.6,36.4,246,Overcast,0,0,
62367,2022-04-09 13:09:00,40.57858,-73.9884,0,0,Driver Inattention/Distraction,4518580,13.6,5.0,4.8,4.8,0.0,12.0,55,20.1,42.8,263,Drizzle: Dense,0,0,
62368,2022-04-11 21:15:00,40.621162,-73.95354,1,0,Driver Inattention/Distraction,4518236,13.1,1.8,0.0,0.0,0.0,0.0,3,18.6,36.4,246,Overcast,1,1,
62369,2022-04-11 13:50:00,40.834423,-73.879265,1,0,Traffic Control Disregarded,4518295,13.1,1.8,0.0,0.0,0.0,0.0,3,18.6,36.4,246,Overcast,1,1,
62370,2022-04-11 15:35:00,40.616913,-73.98187,0,0,Driver Inattention/Distraction,4518757,13.1,1.8,0.0,0.0,0.0,0.0,3,18.6,36.4,246,Overcast,0,0,
62371,2022-04-01 20:20:00,40.67417,-73.95671,1,0,Driver Inattention/Distraction,4518689,15.2,5.3,1.4,1.4,0.0,8.0,51,33.1,61.9,277,Drizzle: Light,1,1,
62372,2022-04-11 13:10:00,40.768715,-73.93322,0,0,Driver Inattention/Distraction,4518328,13.1,1.8,0.0,0.0,0.0,0.0,3,18.6,36.4,246,Overcast,0,0,
62373,2022-03-28 08:00:00,40.762516,-73.76522,0,0,Unspecified,4518659,0.0,-5.2,0.3,0.0,0.21,3.0,71,31.3,59.0,303,Snow fall: Light,0,0,Snowy Conditions
62374,2022-04-11 13:00:00,40.661762,-73.89618,0,0,Unsafe Speed,4518681,13.1,1.8,0.0,0.0,0.0,0.0,3,18.6,36.4,246,Overcast,0,0,
62375,2022-04-09 13:10:00,40.6775,-73.94701,1,0,Following Too Closely,4518702,13.6,5.0,4.8,4.8,0.0,12.0,55,20.1,42.8,263,Drizzle: Dense,1,1,
62376,2022-04-11 08:45:00,40.68444,-73.83192,0,0,Passing or Lane Usage Improper,4518255,13.1,1.8,0.0,0.0,0.0,0.0,3,18.6,36.4,246,Overcast,0,0,
62377,2022-09-24 22:27:00,40.77178,-73.9792,0,0,Driver Inattention/Distraction,4567662,20.6,9.5,0.0,0.0,0.0,0.0,3,18.8,37.4,295,Overcast,0,0,
62378,2022-09-24 16:23:00,40.648792,-73.95228,0,0,Other Vehicular,4566929,20.6,9.5,0.0,0.0,0.0,0.0,3,18.8,37.4,295,Overcast,0,0,
62379,2022-09-24 07:00:00,40.705284,-73.87834,0,0,Unspecified,4567336,20.6,9.5,0.0,0.0,0.0,0.0,3,18.8,37.4,295,Overcast,0,0,
62380,2022-09-24 03:01:00,40.717155,-73.94924,2,0,Following Too Closely,4567640,20.6,9.5,0.0,0.0,0.0,0.0,3,18.8,37.4,295,Overcast,2,2,
62381,2022-09-16 22:15:00,40.724598,-73.95428,0,0,Alcohol Involvement,4567490,23.7,11.9,0.0,0.0,0.0,0.0,3,10.3,21.6,336,Overcast,0,0,
62382,2022-09-23 18:00:00,40.615772,-73.98308,0,0,Unspecified,4567583,16.4,10.0,0.0,0.0,0.0,0.0,0,31.1,56.9,323,Clear sky,0,0,Sunny/Clear Conditions
62383,2022-12-08 11:40:00,40.816917,-73.92298,0,0,Unspecified,4598983,11.4,5.6,0.0,0.0,0.0,0.0,3,19.5,34.6,328,Overcast,0,0,
62384,2021-10-12 16:15:00,40.6405903,-73.9542821,1,0,Failure to Yield Right-of-Way,4467684,21.6,15.2,0.0,0.0,0.0,0.0,3,11.8,23.8,81,Overcast,1,1,
62385,2022-09-24 13:18:00,40.59326,-74.11065,3,0,Following Too Closely,4566797,20.6,9.5,0.0,0.0,0.0,0.0,3,18.8,37.4,295,Overcast,3,3,
62386,2021-10-16 13:35:00,40.7259836,-73.7574917,1,0,Following Too Closely,4467686,24.3,15.0,17.5,17.5,0.0,9.0,63,25.7,46.4,195,Rain: Moderate,1,1,
62387,2022-09-24 02:57:00,40.62356,-73.927376,0,0,Driver Inattention/Distraction,4566895,20.6,9.5,0.0,0.0,0.0,0.0,3,18.8,37.4,295,Overcast,0,0,
62388,2022-09-23 15:00:00,40.625523,-74.09229,1,0,Following Too Closely,4567393,16.4,10.0,0.0,0.0,0.0,0.0,0,31.1,56.9,323,Clear sky,1,1,Sunny/Clear Conditions
62389,2022-09-24 20:10:00,40.625046,-74.02446,1,0,Driver Inattention/Distraction,4566886,20.6,9.5,0.0,0.0,0.0,0.0,3,18.8,37.4,295,Overcast,1,1,
62390,2022-09-24 16:12:00,40.695637,-73.80372,1,0,Failure to Yield Right-of-Way,4567545,20.6,9.5,0.0,0.0,0.0,0.0,3,18.8,37.4,295,Overcast,1,1,
62391,2022-09-23 12:11:00,40.73978,-73.97951,0,0,Driver Inattention/Distraction,4567460,16.4,10.0,0.0,0.0,0.0,0.0,0,31.1,56.9,323,Clear sky,0,0,Sunny/Clear Conditions
62392,2022-09-24 17:45:00,40.81172,-73.92813,0,0,Following Too Closely,4567125,20.6,9.5,0.0,0.0,0.0,0.0,3,18.8,37.4,295,Overcast,0,0,
62393,2022-09-24 07:00:00,40.891678,-73.85083,0,0,Unspecified,4567416,20.6,9.5,0.0,0.0,0.0,0.0,3,18.8,37.4,295,Overcast,0,0,
62394,2022-09-24 15:45:00,40.717365,-73.99744,1,0,Pedestrian/Bicyclist/Other Pedestrian Error/Confusion,4567468,20.6,9.5,0.0,0.0,0.0,0.0,3,18.8,37.4,295,Overcast,1,1,
62395,2022-09-24 12:10:00,40.784462,-73.97737,0,0,Unspecified,4567287,20.6,9.5,0.0,0.0,0.0,0.0,3,18.8,37.4,295,Overcast,0,0,
62396,2022-09-22 08:30:00,40.61977,-73.966194,0,0,Driver Inattention/Distraction,4567521,24.9,14.3,9.1,9.1,0.0,7.0,63,24.6,44.6,273,Rain: Moderate,0,0,
62397,2022-09-24 22:19:00,40.65671,-73.95648,0,0,Driver Inattention/Distraction,4567625,20.6,9.5,0.0,0.0,0.0,0.0,3,18.8,37.4,295,Overcast,0,0,
62398,2022-09-24 22:00:00,40.75398,-73.99373,0,0,Backing Unsafely,4567056,20.6,9.5,0.0,0.0,0.0,0.0,3,18.8,37.4,295,Overcast,0,0,
62399,2021-10-02 06:30:00,40.8532225,-73.8273925,0,0,Unspecified,4467700,23.7,10.8,0.0,0.0,0.0,0.0,3,17.0,34.2,254,Overcast,0,0,
62400,2022-09-01 16:30:00,40.874752,-73.83895,0,0,Unsafe Lane Changing,4567536,29.3,19.5,0.0,0.0,0.0,0.0,1,18.0,35.6,295,Mainly clear,0,0,Sunny/Clear Conditions
62401,2022-09-24 15:20:00,40.711548,-73.790726,0,0,Failure to Yield Right-of-Way,4567034,20.6,9.5,0.0,0.0,0.0,0.0,3,18.8,37.4,295,Overcast,0,0,
62402,2022-09-24 00:02:00,40.748417,-73.87649,0,0,Fatigued/Drowsy,4566772,20.6,9.5,0.0,0.0,0.0,0.0,3,18.8,37.4,295,Overcast,0,0,
62403,2021-10-15 23:30:00,40.8258032,-73.8612337,0,0,Unspecified,4467704,25.0,14.5,0.0,0.0,0.0,0.0,3,16.8,28.4,182,Overcast,0,0,
62404,2022-09-22 11:20:00,40.705418,-73.7994,1,0,Failure to Yield Right-of-Way,4567554,24.9,14.3,9.1,9.1,0.0,7.0,63,24.6,44.6,273,Rain: Moderate,1,1,
62405,2022-09-24 18:06:00,40.666363,-73.95223,0,0,Driver Inattention/Distraction,4566861,20.6,9.5,0.0,0.0,0.0,0.0,3,18.8,37.4,295,Overcast,0,0,
62406,2022-09-24 00:00:00,40.794353,-73.97836,2,0,Unspecified,4567201,20.6,9.5,0.0,0.0,0.0,0.0,3,18.8,37.4,295,Overcast,2,2,
62407,2022-09-23 07:55:00,40.67385,-73.90024,0,0,Unspecified,4567680,16.4,10.0,0.0,0.0,0.0,0.0,0,31.1,56.9,323,Clear sky,0,0,Sunny/Clear Conditions
62408,2022-09-24 12:44:00,40.645073,-73.878654,1,0,Failure to Yield Right-of-Way,4567619,20.6,9.5,0.0,0.0,0.0,0.0,3,18.8,37.4,295,Overcast,1,1,
62409,2022-09-13 10:45:00,40.744125,-74.005165,1,0,Passing Too Closely,4567499,26.0,20.5,8.3,8.3,0.0,16.0,61,19.5,33.8,219,Rain: Light,1,1,
62410,2022-09-24 15:25:00,40.681503,-73.81782,4,0,Failure to Yield Right-of-Way,4567231,20.6,9.5,0.0,0.0,0.0,0.0,3,18.8,37.4,295,Overcast,4,4,
62411,2021-10-08 12:30:00,40.8169326,-73.925822,0,0,Unspecified,4467715,23.7,14.5,0.0,0.0,0.0,0.0,3,13.0,22.3,94,Overcast,0,0,
62412,2022-09-21 11:00:00,40.640182,-74.079254,1,0,Unspecified,4567389,26.5,16.0,0.0,0.0,0.0,0.0,3,19.4,36.7,252,Overcast,1,1,
62413,2022-09-13 10:50:00,40.63413,-74.00886,1,0,Unspecified,4567515,26.0,20.5,8.3,8.3,0.0,16.0,61,19.5,33.8,219,Rain: Light,1,1,
62414,2022-09-24 18:00:00,40.761497,-73.82706,0,0,Traffic Control Disregarded,4567174,20.6,9.5,0.0,0.0,0.0,0.0,3,18.8,37.4,295,Overcast,0,0,
62415,2022-09-24 10:05:00,40.66645,-73.75764,1,0,Failure to Yield Right-of-Way,4566995,20.6,9.5,0.0,0.0,0.0,0.0,3,18.8,37.4,295,Overcast,1,1,
62416,2022-09-24 21:00:00,40.697086,-73.80202,0,0,Passing or Lane Usage Improper,4567549,20.6,9.5,0.0,0.0,0.0,0.0,3,18.8,37.4,295,Overcast,0,0,
62417,2022-09-22 08:52:00,40.889717,-73.863815,2,0,Driver Inattention/Distraction,4567567,24.9,14.3,9.1,9.1,0.0,7.0,63,24.6,44.6,273,Rain: Moderate,2,2,
62418,2022-09-22 15:45:00,40.67602,-74.001236,0,0,Failure to Yield Right-of-Way,4567407,24.9,14.3,9.1,9.1,0.0,7.0,63,24.6,44.6,273,Rain: Moderate,0,0,
62419,2022-09-21 07:20:00,40.610508,-74.09576,1,0,Following Too Closely,4567483,26.5,16.0,0.0,0.0,0.0,0.0,3,19.4,36.7,252,Overcast,1,1,
62420,2021-10-13 08:07:00,40.8060576,-73.9226859,1,0,Unspecified,4467724,21.7,14.8,0.1,0.1,0.0,1.0,51,12.2,23.0,200,Drizzle: Light,1,1,
62421,2022-09-24 18:45:00,40.853706,-73.871864,0,0,Driver Inattention/Distraction,4567269,20.6,9.5,0.0,0.0,0.0,0.0,3,18.8,37.4,295,Overcast,0,0,
62422,2022-09-19 05:15:00,40.702454,-73.859406,0,0,Unspecified,4567371,30.1,19.0,4.9,4.9,0.0,3.0,63,22.4,44.3,241,Rain: Moderate,0,0,
62423,2022-09-24 11:36:00,40.77918,-73.9508,1,0,Driver Inattention/Distraction,4567637,20.6,9.5,0.0,0.0,0.0,0.0,3,18.8,37.4,295,Overcast,1,1,
62424,2022-09-23 23:38:00,40.6364,-73.98709,0,0,Unspecified,4567525,16.4,10.0,0.0,0.0,0.0,0.0,0,31.1,56.9,323,Clear sky,0,0,Sunny/Clear Conditions
62425,2022-09-24 18:42:00,40.65906,-73.88459,0,0,Unspecified,4567683,20.6,9.5,0.0,0.0,0.0,0.0,3,18.8,37.4,295,Overcast,0,0,
62426,2022-09-22 16:40:00,40.8396,-73.86922,0,0,Unspecified,4567378,24.9,14.3,9.1,9.1,0.0,7.0,63,24.6,44.6,273,Rain: Moderate,0,0,
62427,2022-09-23 22:00:00,40.661125,-73.8947,0,0,Unspecified,4567672,16.4,10.0,0.0,0.0,0.0,0.0,0,31.1,56.9,323,Clear sky,0,0,Sunny/Clear Conditions
62428,2022-09-13 17:04:00,40.61805,-73.98069,0,0,Driver Inattention/Distraction,4567532,26.0,20.5,8.3,8.3,0.0,16.0,61,19.5,33.8,219,Rain: Light,0,0,
62429,2022-09-24 02:25:00,40.759197,-73.98463,0,0,Unspecified,4566748,20.6,9.5,0.0,0.0,0.0,0.0,3,18.8,37.4,295,Overcast,0,0,
62430,2022-09-24 13:00:00,40.60722,-73.99043,0,0,Unspecified,4567612,20.6,9.5,0.0,0.0,0.0,0.0,3,18.8,37.4,295,Overcast,0,0,
62431,2022-09-23 09:30:00,40.703106,-73.77384,0,0,Backing Unsafely,4567550,16.4,10.0,0.0,0.0,0.0,0.0,0,31.1,56.9,323,Clear sky,0,0,Sunny/Clear Conditions
62432,2022-09-24 20:54:00,40.755478,-73.9856,0,0,Passing or Lane Usage Improper,4567055,20.6,9.5,0.0,0.0,0.0,0.0,3,18.8,37.4,295,Overcast,0,0,
62433,2022-09-21 12:51:00,40.80635,-73.938095,1,0,Driver Inattention/Distraction,4567429,26.5,16.0,0.0,0.0,0.0,0.0,3,19.4,36.7,252,Overcast,1,1,