,CRASH DATETIME,LATITUDE,LONGITUDE,NUMBER OF PERSONS INJURED,NUMBER OF PERSONS KILLED,CONTRIBUTING FACTOR VEHICLE 1,COLLISION_ID,temperature_2m_max,temperature_2m_min,precipitation_sum,rain_sum,snowfall_sum,precipitation_hours,weather_code,wind_speed_10m_max,wind_gusts_10m_max,wind_direction_10m_dominant,Weather Description,Severity_Score,Total_Affected_Persons,Weather_Category
62434,2022-09-24 17:20:00,40.802338,-73.946365,0,0,Driver Inattention/Distraction,4566857,20.6,9.5,0.0,0.0,0.0,0.0,3,18.8,37.4,295,Overcast,0,0,
62435,2022-09-23 12:19:00,40.845795,-73.92548,1,0,Backing Unsafely,4567424,16.4,10.0,0.0,0.0,0.0,0.0,0,31.1,56.9,323,Clear sky,1,1,Sunny/Clear Conditions
62436,2022-09-09 14:30:00,40.81751,-73.96069,2,0,Driver Inattention/Distraction,4567577,26.3,16.3,0.0,0.0,0.0,0.0,0,11.8,23.8,63,Clear sky,2,2,Sunny/Clear Conditions
62437,2022-09-09 18:30:00,40.679585,-73.96507,1,0,Unsafe Speed,4567501,26.3,16.3,0.0,0.0,0.0,0.0,0,11.8,23.8,63,Clear sky,1,1,Sunny/Clear Conditions
62438,2022-09-24 19:57:00,40.75892,-73.7747,0,0,Driver Inattention/Distraction,4567280,20.6,9.5,0.0,0.0,0.0,0.0,3,18.8,37.4,295,Overcast,0,0,
62439,2022-09-24 01:55:00,40.72186,-73.8931,0,0,Unsafe Speed,4567350,20.6,9.5,0.0,0.0,0.0,0.0,3,18.8,37.4,295,Overcast,0,0,
62440,2021-10-15 18:00:00,40.7375092,-73.9338507,0,0,Driver Inattention/Distraction,4467748,25.0,14.5,0.0,0.0,0.0,0.0,3,16.8,28.4,182,Overcast,0,0,
62441,2021-10-15 23:00:00,40.66741,-73.7736302,0,0,Passing or Lane Usage Improper,4467749,25.0,14.5,0.0,0.0,0.0,0.0,3,16.8,28.4,182,Overcast,0,0,
62442,2021-10-09 23:30:00,40.753091,-73.7245805,2,0,Driver Inattention/Distraction,4467751,20.2,15.2,1.2,1.2,0.0,5.0,51,22.8,42.8,71,Drizzle: Light,2,2,
62443,2022-09-22 17:00:00,40.84097,-73.89918,1,0,Driver Inattention/Distraction,4567477,24.9,14.3,9.1,9.1,0.0,7.0,63,24.6,44.6,273,Rain: Moderate,1,1,
62444,2022-09-23 22:00:00,40.64216,-74.11504,0,0,Driver Inattention/Distraction,4567394,16.4,10.0,0.0,0.0,0.0,0.0,0,31.1,56.9,323,Clear sky,0,0,Sunny/Clear Conditions
62445,2022-09-24 23:31:00,40.648605,-73.905266,0,0,Unspecified,4566884,20.6,9.5,0.0,0.0,0.0,0.0,3,18.8,37.4,295,Overcast,0,0,
62446,2022-09-24 07:26:00,40.6341,-73.937225,0,0,Reaction to Uninvolved Vehicle,4566942,20.6,9.5,0.0,0.0,0.0,0.0,3,18.8,37.4,295,Overcast,0,0,
62447,2022-09-23 06:30:00,40.723625,-74.00479,4,0,Drugs (illegal),4567668,16.4,10.0,0.0,0.0,0.0,0.0,0,31.1,56.9,323,Clear sky,4,4,Sunny/Clear Conditions
62448,2022-09-24 13:10:00,40.78739,-73.938225,0,0,Driver Inattention/Distraction,4566822,20.6,9.5,0.0,0.0,0.0,0.0,3,18.8,37.4,295,Overcast,0,0,
62449,2022-09-23 10:35:00,40.788994,-73.94656,0,0,Following Too Closely,4567642,16.4,10.0,0.0,0.0,0.0,0.0,0,31.1,56.9,323,Clear sky,0,0,Sunny/Clear Conditions
62450,2022-09-21 10:00:00,40.888035,-73.83131,1,0,Pedestrian/Bicyclist/Other Pedestrian Error/Confusion,4567401,26.5,16.0,0.0,0.0,0.0,0.0,3,19.4,36.7,252,Overcast,1,1,
62451,2022-09-24 20:45:00,40.794464,-73.93964,0,0,Unspecified,4567186,20.6,9.5,0.0,0.0,0.0,0.0,3,18.8,37.4,295,Overcast,0,0,
62452,2022-09-17 18:00:00,40.753544,-73.83381,0,0,Unspecified,4567603,22.9,16.8,0.0,0.0,0.0,0.0,3,16.9,32.0,115,Overcast,0,0,
62453,2022-09-24 17:58:00,40.634167,-74.02073,0,0,Unspecified,4566889,20.6,9.5,0.0,0.0,0.0,0.0,3,18.8,37.4,295,Overcast,0,0,
62454,2021-10-12 13:20:00,40.588728,-73.9923325,0,0,Unspecified,4467764,21.6,15.2,0.0,0.0,0.0,0.0,3,11.8,23.8,81,Overcast,0,0,
62455,2022-09-21 18:38:00,40.610214,-74.1202,0,0,Passing or Lane Usage Improper,4567484,26.5,16.0,0.0,0.0,0.0,0.0,3,19.4,36.7,252,Overcast,0,0,
62456,2022-09-23 13:45:00,40.844177,-73.90292,0,0,Driver Inattention/Distraction,4567449,16.4,10.0,0.0,0.0,0.0,0.0,0,31.1,56.9,323,Clear sky,0,0,Sunny/Clear Conditions
62457,2022-09-22 15:50:00,40.74277,-73.9866,1,0,Driver Inattention/Distraction,4567461,24.9,14.3,9.1,9.1,0.0,7.0,63,24.6,44.6,273,Rain: Moderate,1,1,
62458,2022-09-24 05:50:00,40.666134,-73.99224,1,0,Driver Inattention/Distraction,4566818,20.6,9.5,0.0,0.0,0.0,0.0,3,18.8,37.4,295,Overcast,1,1,
62459,2022-09-24 00:24:00,40.728363,-73.88449,1,0,Passing Too Closely,4567359,20.6,9.5,0.0,0.0,0.0,0.0,3,18.8,37.4,295,Overcast,1,1,
62460,2022-09-24 18:00:00,40.71516,-73.9972,0,0,View Obstructed/Limited,4566850,20.6,9.5,0.0,0.0,0.0,0.0,3,18.8,37.4,295,Overcast,0,0,
62461,2022-09-18 02:10:00,40.888958,-73.86593,0,0,Following Too Closely,4567406,28.7,17.1,0.0,0.0,0.0,0.0,3,20.2,36.7,233,Overcast,0,0,
62462,2022-09-24 09:33:00,40.769268,-73.991005,0,0,Backing Unsafely,4566784,20.6,9.5,0.0,0.0,0.0,0.0,3,18.8,37.4,295,Overcast,0,0,
62463,2022-09-24 20:10:00,40.57831,-73.854294,1,0,Failure to Yield Right-of-Way,4567019,20.6,9.5,0.0,0.0,0.0,0.0,3,18.8,37.4,295,Overcast,1,1,
62464,2021-10-15 19:25:00,40.5829845,-73.9804203,0,0,Driver Inattention/Distraction,4467776,25.0,14.5,0.0,0.0,0.0,0.0,3,16.8,28.4,182,Overcast,0,0,
62465,2021-10-12 14:05:00,40.6030888,-73.9926175,0,0,Driver Inattention/Distraction,4467777,21.6,15.2,0.0,0.0,0.0,0.0,3,11.8,23.8,81,Overcast,0,0,
62466,2021-10-12 07:27:00,40.6664404,-73.9536083,0,0,Driver Inattention/Distraction,4467779,21.6,15.2,0.0,0.0,0.0,0.0,3,11.8,23.8,81,Overcast,0,0,
62467,2022-09-23 21:00:00,40.61789,-74.084045,0,0,Driver Inattention/Distraction,4567392,16.4,10.0,0.0,0.0,0.0,0.0,0,31.1,56.9,323,Clear sky,0,0,Sunny/Clear Conditions
62468,2022-09-24 23:40:00,40.625244,-74.14984,1,0,Turning Improperly,4566872,20.6,9.5,0.0,0.0,0.0,0.0,3,18.8,37.4,295,Overcast,1,1,
62469,2022-09-22 18:30:00,40.57557,-73.981224,0,0,Driver Inattention/Distraction,4567560,24.9,14.3,9.1,9.1,0.0,7.0,63,24.6,44.6,273,Rain: Moderate,0,0,
62470,2022-09-22 08:30:00,40.67341,-73.93348,3,0,Driver Inattention/Distraction,4567537,24.9,14.3,9.1,9.1,0.0,7.0,63,24.6,44.6,273,Rain: Moderate,3,3,
62471,2022-09-24 21:30:00,40.75703,-73.938126,3,0,Failure to Yield Right-of-Way,4567218,20.6,9.5,0.0,0.0,0.0,0.0,3,18.8,37.4,295,Overcast,3,3,
62472,2021-10-11 15:25:00,40.7348905,-73.9748297,0,0,Unsafe Speed,4467785,21.7,16.3,0.0,0.0,0.0,0.0,3,25.7,49.7,41,Overcast,0,0,
62473,2022-09-24 21:35:00,40.76228,-73.87112,0,0,Driver Inattention/Distraction,4567149,20.6,9.5,0.0,0.0,0.0,0.0,3,18.8,37.4,295,Overcast,0,0,
62474,2022-09-23 13:30:00,40.839275,-73.88436,0,0,Driver Inattention/Distraction,4567489,16.4,10.0,0.0,0.0,0.0,0.0,0,31.1,56.9,323,Clear sky,0,0,Sunny/Clear Conditions
62475,2021-10-15 21:50:00,40.5840201,-73.9858671,0,0,Driver Inattention/Distraction,4467788,25.0,14.5,0.0,0.0,0.0,0.0,3,16.8,28.4,182,Overcast,0,0,
62476,2022-09-23 15:58:00,40.62417,-73.97048,1,0,,4567520,16.4,10.0,0.0,0.0,0.0,0.0,0,31.1,56.9,323,Clear sky,1,1,Sunny/Clear Conditions
62477,2022-09-24 00:41:00,40.767803,-73.95601,1,0,Unspecified,4567242,20.6,9.5,0.0,0.0,0.0,0.0,3,18.8,37.4,295,Overcast,1,1,
62478,2022-09-24 11:00:00,40.665398,-73.95093,0,0,Unspecified,4566865,20.6,9.5,0.0,0.0,0.0,0.0,3,18.8,37.4,295,Overcast,0,0,
62479,2022-09-23 13:30:00,40.65923,-73.89329,0,0,Unspecified,4567681,16.4,10.0,0.0,0.0,0.0,0.0,0,31.1,56.9,323,Clear sky,0,0,Sunny/Clear Conditions
62480,2022-09-24 16:55:00,40.755486,-73.82472,1,0,Backing Unsafely,4566843,20.6,9.5,0.0,0.0,0.0,0.0,3,18.8,37.4,295,Overcast,1,1,
62481,2022-09-13 07:58:00,40.608006,-73.99473,0,0,Driver Inattention/Distraction,4567580,26.0,20.5,8.3,8.3,0.0,16.0,61,19.5,33.8,219,Rain: Light,0,0,
62482,2022-09-23 15:56:00,40.822357,-73.91146,0,0,Unspecified,4567467,16.4,10.0,0.0,0.0,0.0,0.0,0,31.1,56.9,323,Clear sky,0,0,Sunny/Clear Conditions
62483,2021-10-11 14:50:00,40.67398,-73.91115,1,0,Other Vehicular,4467798,21.7,16.3,0.0,0.0,0.0,0.0,3,25.7,49.7,41,Overcast,1,1,
62484,2022-09-24 22:21:00,40.72605,-73.99492,0,0,Backing Unsafely,4566904,20.6,9.5,0.0,0.0,0.0,0.0,3,18.8,37.4,295,Overcast,0,0,
62485,2022-09-24 14:41:00,40.842754,-73.89359,1,0,Driver Inattention/Distraction,4567291,20.6,9.5,0.0,0.0,0.0,0.0,3,18.8,37.4,295,Overcast,1,1,
62486,2022-09-24 06:40:00,40.796738,-73.92925,0,0,Driver Inattention/Distraction,4567434,20.6,9.5,0.0,0.0,0.0,0.0,3,18.8,37.4,295,Overcast,0,0,
62487,2022-09-21 18:00:00,40.63392,-74.12514,0,0,Other Vehicular,4567388,26.5,16.0,0.0,0.0,0.0,0.0,3,19.4,36.7,252,Overcast,0,0,
62488,2021-10-10 03:00:00,40.6706587,-73.9042007,0,0,Unspecified,4467804,18.5,16.0,2.4,2.4,0.0,8.0,53,27.2,52.6,52,Drizzle: Moderate,0,0,
62489,2022-09-24 08:00:00,40.762196,-73.842865,0,0,Driver Inattention/Distraction,4566833,20.6,9.5,0.0,0.0,0.0,0.0,3,18.8,37.4,295,Overcast,0,0,
62490,2022-09-22 07:48:00,40.713295,-73.916245,1,0,Failure to Yield Right-of-Way,4567661,24.9,14.3,9.1,9.1,0.0,7.0,63,24.6,44.6,273,Rain: Moderate,1,1,
62491,2022-09-24 07:00:00,40.706337,-73.88052,0,0,Unspecified,4567337,20.6,9.5,0.0,0.0,0.0,0.0,3,18.8,37.4,295,Overcast,0,0,
62492,2022-09-24 04:00:00,40.643147,-73.927505,0,0,Driver Inattention/Distraction,4566926,20.6,9.5,0.0,0.0,0.0,0.0,3,18.8,37.4,295,Overcast,0,0,
62493,2022-09-20 16:30:00,40.697872,-73.802376,0,0,Unspecified,4567542,25.7,17.7,0.0,0.0,0.0,0.0,3,19.0,35.3,296,Overcast,0,0,
62494,2022-09-19 08:30:00,40.57587,-73.95948,0,0,Unspecified,4567556,30.1,19.0,4.9,4.9,0.0,3.0,63,22.4,44.3,241,Rain: Moderate,0,0,
62495,2022-09-17 03:02:00,40.67329,-73.95703,1,0,Driver Inattention/Distraction,4567494,22.9,16.8,0.0,0.0,0.0,0.0,3,16.9,32.0,115,Overcast,1,1,
62496,2022-09-23 12:40:00,40.663498,-73.89855,0,0,Unspecified,4567620,16.4,10.0,0.0,0.0,0.0,0.0,0,31.1,56.9,323,Clear sky,0,0,Sunny/Clear Conditions
62497,2022-09-24 02:02:00,40.75638,-73.98779,0,0,Unspecified,4567058,20.6,9.5,0.0,0.0,0.0,0.0,3,18.8,37.4,295,Overcast,0,0,
62498,2022-09-13 09:25:00,40.62417,-73.97048,0,0,Driver Inattention/Distraction,4567516,26.0,20.5,8.3,8.3,0.0,16.0,61,19.5,33.8,219,Rain: Light,0,0,
62499,2022-09-24 16:11:00,40.671112,-73.978065,1,0,Turning Improperly,4567654,20.6,9.5,0.0,0.0,0.0,0.0,3,18.8,37.4,295,Overcast,1,1,
62500,2022-09-20 15:55:00,40.611427,-74.116844,1,0,Driver Inattention/Distraction,4567403,25.7,17.7,0.0,0.0,0.0,0.0,3,19.0,35.3,296,Overcast,1,1,
62501,2022-09-17 17:36:00,40.70518,-73.942856,0,0,Driver Inattention/Distraction,4567675,22.9,16.8,0.0,0.0,0.0,0.0,3,16.9,32.0,115,Overcast,0,0,
62502,2022-09-24 15:47:00,40.687576,-73.9998,0,0,Unspecified,4566858,20.6,9.5,0.0,0.0,0.0,0.0,3,18.8,37.4,295,Overcast,0,0,
62503,2022-09-23 15:47:00,40.797943,-73.94003,0,0,Unspecified,4567431,16.4,10.0,0.0,0.0,0.0,0.0,0,31.1,56.9,323,Clear sky,0,0,Sunny/Clear Conditions
62504,2022-09-21 17:45:00,40.701782,-73.80634,1,0,Driver Inattention/Distraction,4567586,26.5,16.0,0.0,0.0,0.0,0.0,3,19.4,36.7,252,Overcast,1,1,
62505,2022-09-24 01:00:00,40.60957,-74.07994,0,0,Driver Inattention/Distraction,4567395,20.6,9.5,0.0,0.0,0.0,0.0,3,18.8,37.4,295,Overcast,0,0,
62506,2022-09-24 16:10:00,40.625782,-73.917915,0,0,Driver Inattention/Distraction,4566890,20.6,9.5,0.0,0.0,0.0,0.0,3,18.8,37.4,295,Overcast,0,0,
62507,2022-09-11 18:02:00,40.78056,-73.98022,1,0,Failure to Yield Right-of-Way,4567472,24.5,18.9,12.9,12.9,0.0,13.0,61,12.4,22.0,205,Rain: Light,1,1,
62508,2022-09-15 12:30:00,40.734837,-73.98312,0,0,Failure to Yield Right-of-Way,4567462,21.9,15.6,0.0,0.0,0.0,0.0,1,18.2,37.1,328,Mainly clear,0,0,Sunny/Clear Conditions
62509,2022-09-24 15:57:00,40.756462,-73.987946,0,0,Passing or Lane Usage Improper,4566824,20.6,9.5,0.0,0.0,0.0,0.0,3,18.8,37.4,295,Overcast,0,0,
62510,2022-09-24 14:15:00,0.0,0.0,0,0,Driver Inattention/Distraction,4567621,20.6,9.5,0.0,0.0,0.0,0.0,3,18.8,37.4,295,Overcast,0,0,
62511,2022-09-23 13:50:00,40.675735,-73.89686,0,0,Unspecified,4567682,16.4,10.0,0.0,0.0,0.0,0.0,0,31.1,56.9,323,Clear sky,0,0,Sunny/Clear Conditions
62512,2021-10-11 09:40:00,40.6840001,-73.9503006,1,0,Driver Inattention/Distraction,4467835,21.7,16.3,0.0,0.0,0.0,0.0,3,25.7,49.7,41,Overcast,1,1,
62513,2022-09-24 19:56:00,40.588955,-74.167595,0,0,Driver Inattention/Distraction,4567504,20.6,9.5,0.0,0.0,0.0,0.0,3,18.8,37.4,295,Overcast,0,0,
62514,2021-10-15 20:00:00,40.7662794,-73.8903392,0,0,Driver Inattention/Distraction,4467837,25.0,14.5,0.0,0.0,0.0,0.0,3,16.8,28.4,182,Overcast,0,0,
62515,2022-09-24 17:22:00,40.861862,-73.91275,0,0,Driver Inattention/Distraction,4567265,20.6,9.5,0.0,0.0,0.0,0.0,3,18.8,37.4,295,Overcast,0,0,
62516,2021-10-16 15:50:00,40.75778,-73.8541563,1,0,Driver Inattention/Distraction,4467841,24.3,15.0,17.5,17.5,0.0,9.0,63,25.7,46.4,195,Rain: Moderate,1,1,
62517,2021-10-11 20:55:00,40.7493558,-73.8880269,1,0,Driver Inattention/Distraction,4467842,21.7,16.3,0.0,0.0,0.0,0.0,3,25.7,49.7,41,Overcast,1,1,
62518,2022-09-24 08:47:00,40.703262,-73.78728,0,0,Alcohol Involvement,4567548,20.6,9.5,0.0,0.0,0.0,0.0,3,18.8,37.4,295,Overcast,0,0,
62519,2022-09-23 14:00:00,40.705723,-73.76335,0,0,Unspecified,4567551,16.4,10.0,0.0,0.0,0.0,0.0,0,31.1,56.9,323,Clear sky,0,0,Sunny/Clear Conditions
62520,2022-09-24 05:50:00,40.743732,-73.87559,0,0,Fell Asleep,4566757,20.6,9.5,0.0,0.0,0.0,0.0,3,18.8,37.4,295,Overcast,0,0,
62521,2022-09-24 08:20:00,40.758972,-73.91901,0,0,Backing Unsafely,4567667,20.6,9.5,0.0,0.0,0.0,0.0,3,18.8,37.4,295,Overcast,0,0,
62522,2021-10-01 19:40:00,40.6975836,-73.9496485,0,0,Pedestrian/Bicyclist/Other Pedestrian Error/Confusion,4467847,19.4,9.5,0.0,0.0,0.0,0.0,0,13.8,28.1,302,Clear sky,0,0,Sunny/Clear Conditions
62523,2022-09-24 23:45:00,40.72087,-73.961136,0,0,Unspecified,4567357,20.6,9.5,0.0,0.0,0.0,0.0,3,18.8,37.4,295,Overcast,0,0,
62524,2022-09-22 15:05:00,40.70684,-73.825005,0,0,Passing Too Closely,4567380,24.9,14.3,9.1,9.1,0.0,7.0,63,24.6,44.6,273,Rain: Moderate,0,0,
62525,2022-09-21 18:52:00,40.624786,-73.99792,0,0,Unspecified,4567613,26.5,16.0,0.0,0.0,0.0,0.0,3,19.4,36.7,252,Overcast,0,0,
62526,2022-09-24 19:20:00,40.75484,-73.98412,0,0,Driver Inattention/Distraction,4567054,20.6,9.5,0.0,0.0,0.0,0.0,3,18.8,37.4,295,Overcast,0,0,
62527,2021-10-12 08:15:00,40.6952888,-73.9433863,1,0,Failure to Yield Right-of-Way,4467853,21.6,15.2,0.0,0.0,0.0,0.0,3,11.8,23.8,81,Overcast,1,1,
62528,2021-10-10 05:20:00,40.6957047,-73.9463647,1,0,Following Too Closely,4467855,18.5,16.0,2.4,2.4,0.0,8.0,53,27.2,52.6,52,Drizzle: Moderate,1,1,
62529,2022-09-24 23:55:00,40.762093,-73.75691,2,0,Unsafe Speed,4567182,20.6,9.5,0.0,0.0,0.0,0.0,3,18.8,37.4,295,Overcast,2,2,
62530,2022-09-04 12:14:00,40.804585,-73.91213,1,0,Driver Inattention/Distraction,4567645,29.8,20.4,1.2,1.2,0.0,8.0,51,11.9,27.4,213,Drizzle: Light,1,1,
62531,2022-09-24 18:20:00,40.789425,-73.94754,0,0,Driver Inexperience,4567372,20.6,9.5,0.0,0.0,0.0,0.0,3,18.8,37.4,295,Overcast,0,0,
62532,2021-10-09 12:10:00,40.6952888,-73.9433863,1,0,Unsafe Speed,4467859,20.2,15.2,1.2,1.2,0.0,5.0,51,22.8,42.8,71,Drizzle: Light,1,1,
62533,2022-09-24 11:50:00,40.821316,-73.852745,1,0,Driver Inattention/Distraction,4566883,20.6,9.5,0.0,0.0,0.0,0.0,3,18.8,37.4,295,Overcast,1,1,
62534,2022-09-24 09:30:00,40.649597,-73.9805,0,0,Unsafe Lane Changing,4566814,20.6,9.5,0.0,0.0,0.0,0.0,3,18.8,37.4,295,Overcast,0,0,
62535,2022-09-24 23:38:00,40.637196,-74.03073,0,0,Unsafe Speed,4567425,20.6,9.5,0.0,0.0,0.0,0.0,3,18.8,37.4,295,Overcast,0,0,
62536,2022-09-20 17:45:00,40.603832,-74.06895,0,0,Tire Failure/Inadequate,4567485,25.7,17.7,0.0,0.0,0.0,0.0,3,19.0,35.3,296,Overcast,0,0,
62537,2022-09-24 19:45:00,40.62731,-73.941826,0,0,Following Too Closely,4567001,20.6,9.5,0.0,0.0,0.0,0.0,3,18.8,37.4,295,Overcast,0,0,
62538,2022-09-24 06:39:00,40.65655,-73.92284,0,0,Driver Inattention/Distraction,4566937,20.6,9.5,0.0,0.0,0.0,0.0,3,18.8,37.4,295,Overcast,0,0,
62539,2022-09-23 04:40:00,40.767357,-73.820045,0,0,Driver Inattention/Distraction,4567456,16.4,10.0,0.0,0.0,0.0,0.0,0,31.1,56.9,323,Clear sky,0,0,Sunny/Clear Conditions
62540,2022-09-19 19:14:00,40.760532,-73.95836,0,0,Other Vehicular,4567635,30.1,19.0,4.9,4.9,0.0,3.0,63,22.4,44.3,241,Rain: Moderate,0,0,
62541,2022-04-12 17:32:00,40.69111,-73.91697,0,0,Driver Inexperience,4518621,20.4,7.7,1.6,1.6,0.0,3.0,53,17.8,36.0,271,Drizzle: Moderate,0,0,
62542,2022-07-08 13:30:00,40.665268,-73.73556,0,0,Unspecified,4544589,29.6,19.3,1.8,1.8,0.0,8.0,51,15.0,31.0,187,Drizzle: Light,0,0,
62543,2021-10-16 20:28:00,40.7378047,-73.8506925,3,0,Passing or Lane Usage Improper,4467871,24.3,15.0,17.5,17.5,0.0,9.0,63,25.7,46.4,195,Rain: Moderate,3,3,
62544,2021-10-10 09:30:00,40.762447,-73.91949,4,0,Unspecified,4467884,18.5,16.0,2.4,2.4,0.0,8.0,53,27.2,52.6,52,Drizzle: Moderate,4,4,
62545,2022-09-24 19:54:00,40.760166,-73.83262,0,0,Unspecified,4567171,20.6,9.5,0.0,0.0,0.0,0.0,3,18.8,37.4,295,Overcast,0,0,
62546,2022-09-23 00:00:00,40.690346,-73.9603,1,0,Passing or Lane Usage Improper,4567575,16.4,10.0,0.0,0.0,0.0,0.0,0,31.1,56.9,323,Clear sky,1,1,Sunny/Clear Conditions
62547,2022-09-22 23:00:00,40.680187,-73.967964,1,0,View Obstructed/Limited,4567533,24.9,14.3,9.1,9.1,0.0,7.0,63,24.6,44.6,273,Rain: Moderate,1,1,
62548,2022-09-24 11:00:00,40.865494,-73.85868,0,0,Failure to Yield Right-of-Way,4567349,20.6,9.5,0.0,0.0,0.0,0.0,3,18.8,37.4,295,Overcast,0,0,
62549,2022-09-24 14:41:00,40.716667,-73.849686,1,0,Failure to Yield Right-of-Way,4567063,20.6,9.5,0.0,0.0,0.0,0.0,3,18.8,37.4,295,Overcast,1,1,
62550,2021-10-08 08:30:00,40.7693194,-73.9192006,0,0,Unspecified,4467879,23.7,14.5,0.0,0.0,0.0,0.0,3,13.0,22.3,94,Overcast,0,0,
62551,2021-10-07 22:36:00,40.767935,-73.9202734,1,0,Other Vehicular,4467880,22.4,15.7,0.4,0.4,0.0,4.0,51,10.5,20.5,231,Drizzle: Light,1,1,
62552,2021-10-06 16:44:00,40.7520129,-73.9148586,1,0,Driver Inattention/Distraction,4467881,20.3,16.0,0.1,0.1,0.0,1.0,51,6.5,14.0,28,Drizzle: Light,1,1,
62553,2022-09-19 19:29:00,40.626568,-73.970924,0,0,Unspecified,4567517,30.1,19.0,4.9,4.9,0.0,3.0,63,22.4,44.3,241,Rain: Moderate,0,0,
62554,2022-09-23 20:11:00,40.63981,-73.995514,1,0,,4567524,16.4,10.0,0.0,0.0,0.0,0.0,0,31.1,56.9,323,Clear sky,1,1,Sunny/Clear Conditions
62555,2021-10-12 16:45:00,40.7554475,-73.9446375,0,0,Turning Improperly,4467886,21.6,15.2,0.0,0.0,0.0,0.0,3,11.8,23.8,81,Overcast,0,0,
62556,2022-09-22 08:35:00,40.67043,-73.928185,0,0,Other Vehicular,4567538,24.9,14.3,9.1,9.1,0.0,7.0,63,24.6,44.6,273,Rain: Moderate,0,0,
62557,2022-09-24 05:32:00,40.762577,-73.908356,0,0,Driver Inattention/Distraction,4567219,20.6,9.5,0.0,0.0,0.0,0.0,3,18.8,37.4,295,Overcast,0,0,
62558,2021-10-16 23:15:00,40.8330205,-73.9502666,4,0,Unsafe Lane Changing,4467898,24.3,15.0,17.5,17.5,0.0,9.0,63,25.7,46.4,195,Rain: Moderate,4,4,
62559,2023-04-27 14:55:00,40.752853,-73.99299,1,0,Unspecified,4624712,13.5,7.6,1.4,1.4,0.0,8.0,51,16.0,32.8,146,Drizzle: Light,1,1,
62560,2022-01-22 11:30:00,40.608776,-74.090805,0,0,Turning Improperly,4497252,-1.3,-12.3,0.0,0.0,0.0,0.0,3,18.4,32.8,1,Overcast,0,0,
62561,2021-10-15 00:30:00,40.7521862,-73.8520065,1,0,Driver Inattention/Distraction,4467915,25.0,14.5,0.0,0.0,0.0,0.0,3,16.8,28.4,182,Overcast,1,1,
62562,2021-10-17 05:08:00,40.7283988,-73.8330164,1,0,Driver Inattention/Distraction,4467918,17.3,11.1,0.2,0.2,0.0,2.0,51,23.9,43.9,293,Drizzle: Light,1,1,
62563,2021-10-05 14:30:00,40.7388307,-73.9831481,0,0,Driver Inattention/Distraction,4467930,19.9,15.0,0.0,0.0,0.0,0.0,3,14.5,28.1,46,Overcast,0,0,
62564,2022-07-04 19:11:00,40.8283,-73.87624,0,0,Unspecified,4544627,30.9,17.5,0.0,0.0,0.0,0.0,3,15.4,27.4,302,Overcast,0,0,
62565,2023-07-27 17:23:00,40.636326,-73.958405,1,0,Unsafe Speed,4651738,33.4,22.1,0.2,0.2,0.0,2.0,51,26.4,59.0,222,Drizzle: Light,1,1,
62566,2021-10-09 22:30:00,40.8459475,-73.9378112,0,0,Backing Unsafely,4467936,20.2,15.2,1.2,1.2,0.0,5.0,51,22.8,42.8,71,Drizzle: Light,0,0,
62567,2021-10-17 00:00:00,40.8423426,-73.9310865,1,0,Reaction to Uninvolved Vehicle,4467942,17.3,11.1,0.2,0.2,0.0,2.0,51,23.9,43.9,293,Drizzle: Light,1,1,
62568,2021-12-12 03:34:00,40.764473,-73.98825,0,0,Unspecified,4497372,13.0,3.4,0.5,0.5,0.0,1.0,53,32.4,62.6,284,Drizzle: Moderate,0,0,
62569,2022-01-04 12:20:00,40.701103,-73.92239,0,0,Turning Improperly,4497384,0.7,-6.7,0.0,0.0,0.0,0.0,3,20.0,36.4,287,Overcast,0,0,
62570,2021-11-26 19:58:00,40.823647,-73.943855,1,0,,4497368,7.6,1.6,8.4,8.4,0.0,11.0,61,28.7,53.6,279,Rain: Light,1,1,
62571,2022-01-22 18:00:00,40.79292,-73.94579,1,0,Backing Unsafely,4497393,-1.3,-12.3,0.0,0.0,0.0,0.0,3,18.4,32.8,1,Overcast,1,1,
62572,2022-01-23 20:53:00,40.695965,-73.96642,0,0,Unspecified,4497381,2.8,-6.1,0.5,0.0,0.35,3.0,71,14.2,28.1,243,Snow fall: Light,0,0,Snowy Conditions
62573,2022-01-23 18:10:00,40.738415,-73.84899,1,0,Following Too Closely,4497367,2.8,-6.1,0.5,0.0,0.35,3.0,71,14.2,28.1,243,Snow fall: Light,1,1,Snowy Conditions
62574,2022-01-20 15:32:00,40.681473,-73.72776,1,0,Unspecified,4496072,5.2,-5.5,7.3,4.6,1.89,10.0,73,22.3,40.0,315,Snow fall: Moderate,1,1,Snowy Conditions
62575,2022-01-22 10:00:00,40.743423,-73.999855,0,0,Failure to Yield Right-of-Way,4497380,-1.3,-12.3,0.0,0.0,0.0,0.0,3,18.4,32.8,1,Overcast,0,0,
62576,2022-01-21 15:35:00,40.667313,-73.73926,2,0,Brakes Defective,4496273,-5.3,-11.6,0.0,0.0,0.0,0.0,3,21.9,40.0,2,Overcast,2,2,
62577,2021-10-11 09:30:00,40.8998846,-73.8652194,0,0,Unspecified,4467962,21.7,16.3,0.0,0.0,0.0,0.0,3,25.7,49.7,41,Overcast,0,0,