,CRASH DATETIME,LATITUDE,LONGITUDE,NUMBER OF PERSONS INJURED,NUMBER OF PERSONS KILLED,CONTRIBUTING FACTOR VEHICLE 1,COLLISION_ID,temperature_2m_max,temperature_2m_min,precipitation_sum,rain_sum,snowfall_sum,precipitation_hours,weather_code,wind_speed_10m_max,wind_gusts_10m_max,wind_direction_10m_dominant,Weather Description,Severity_Score,Total_Affected_Persons,Weather_Category
62578,2022-02-19 14:32:00,40.84915,-73.917336,2,0,Backing Unsafely,4505034,3.3,-5.5,0.4,0.0,0.28,4.0,71,35.3,64.4,260,Snow fall: Light,2,2,Snowy Conditions
62579,2022-02-18 15:00:00,40.754623,-73.931335,0,0,Driver Inattention/Distraction,4505031,15.6,-2.8,11.9,11.9,0.0,6.0,63,44.1,79.2,261,Rain: Moderate,0,0,
62580,2022-02-18 20:42:00,40.845005,-73.90741,0,0,Brakes Defective,4505023,15.6,-2.8,11.9,11.9,0.0,6.0,63,44.1,79.2,261,Rain: Moderate,0,0,
62581,2022-02-20 04:15:00,40.859875,-73.89323,0,0,Unspecified,4505024,2.4,-6.6,0.0,0.0,0.0,0.0,3,23.4,44.3,250,Overcast,0,0,
62582,2022-02-21 10:27:00,40.631275,-73.97606,0,1,Failure to Yield Right-of-Way,4505026,9.9,-1.9,0.0,0.0,0.0,0.0,3,19.2,35.3,192,Overcast,20,1,
62583,2022-02-14 07:57:00,40.76181,-73.8683,0,0,Driver Inattention/Distraction,4505027,-3.4,-10.4,0.0,0.0,0.0,0.0,3,26.4,49.3,316,Overcast,0,0,
62584,2023-10-17 18:06:00,40.766357,-73.7811,1,0,Driver Inattention/Distraction,4671305,16.8,8.3,0.2,0.2,0.0,2.0,51,12.4,23.4,344,Drizzle: Light,1,1,
62585,2023-11-01 14:57:00,40.74202,-73.92656,1,0,Driver Inattention/Distraction,4675715,9.4,3.4,2.8,2.8,0.0,12.0,53,22.0,44.6,333,Drizzle: Moderate,1,1,
62586,2023-11-02 16:26:00,40.622334,-73.975555,0,0,Unspecified,4676209,9.5,0.3,0.0,0.0,0.0,0.0,2,13.3,26.3,276,Partly cloudy,0,0,
62587,2023-11-01 17:02:00,40.71371,-73.919014,1,0,Failure to Yield Right-of-Way,4675905,9.4,3.4,2.8,2.8,0.0,12.0,53,22.0,44.6,333,Drizzle: Moderate,1,1,
62588,2023-11-02 03:54:00,40.75449,-74.006744,0,0,Turning Improperly,4675771,9.5,0.3,0.0,0.0,0.0,0.0,2,13.3,26.3,276,Partly cloudy,0,0,
62589,2022-01-23 05:46:00,40.711044,-73.950294,0,0,Unsafe Lane Changing,4496768,2.8,-6.1,0.5,0.0,0.35,3.0,71,14.2,28.1,243,Snow fall: Light,0,0,Snowy Conditions
62590,2021-10-11 14:18:00,40.6725157,-73.9335533,0,0,Driver Inattention/Distraction,4467964,21.7,16.3,0.0,0.0,0.0,0.0,3,25.7,49.7,41,Overcast,0,0,
62591,2021-10-12 03:00:00,40.8967575,-73.8697559,3,0,Unsafe Speed,4467965,21.6,15.2,0.0,0.0,0.0,0.0,3,11.8,23.8,81,Overcast,3,3,
62592,2022-01-23 19:49:00,40.60631,-73.96181,1,0,Unspecified,4497057,2.8,-6.1,0.5,0.0,0.35,3.0,71,14.2,28.1,243,Snow fall: Light,1,1,Snowy Conditions
62593,2022-01-23 04:40:00,40.853706,-73.871864,1,0,Reaction to Uninvolved Vehicle,4496854,2.8,-6.1,0.5,0.0,0.35,3.0,71,14.2,28.1,243,Snow fall: Light,1,1,Snowy Conditions
62594,2022-01-14 18:05:00,40.60763,-74.12105,1,0,Unspecified,4497321,5.0,-5.0,0.0,0.0,0.0,0.0,3,34.6,62.6,358,Overcast,1,1,
62595,2022-01-23 01:35:00,40.69832,-73.962265,0,0,Driver Inattention/Distraction,4496458,2.8,-6.1,0.5,0.0,0.35,3.0,71,14.2,28.1,243,Snow fall: Light,0,0,Snowy Conditions
62596,2021-10-12 20:30:00,40.7293433,-73.902619,0,0,Driver Inattention/Distraction,4467971,21.6,15.2,0.0,0.0,0.0,0.0,3,11.8,23.8,81,Overcast,0,0,
62597,2022-01-23 02:56:00,40.820137,-73.89029,1,0,Unspecified,4496823,2.8,-6.1,0.5,0.0,0.35,3.0,71,14.2,28.1,243,Snow fall: Light,1,1,Snowy Conditions
62598,2022-01-20 08:18:00,40.695717,-73.856125,1,0,Failure to Yield Right-of-Way,4497145,5.2,-5.5,7.3,4.6,1.89,10.0,73,22.3,40.0,315,Snow fall: Moderate,1,1,Snowy Conditions
62599,2022-01-23 05:00:00,40.692493,-73.84663,0,0,Driver Inexperience,4496887,2.8,-6.1,0.5,0.0,0.35,3.0,71,14.2,28.1,243,Snow fall: Light,0,0,Snowy Conditions
62600,2022-01-23 04:30:00,40.59889,-73.99337,0,0,Unspecified,4496521,2.8,-6.1,0.5,0.0,0.35,3.0,71,14.2,28.1,243,Snow fall: Light,0,0,Snowy Conditions
62601,2022-01-23 18:00:00,40.69283,-73.85468,0,0,Unspecified,4496915,2.8,-6.1,0.5,0.0,0.35,3.0,71,14.2,28.1,243,Snow fall: Light,0,0,Snowy Conditions
62602,2021-10-15 11:00:00,40.6923186,-73.8814602,1,0,Reaction to Uninvolved Vehicle,4467977,25.0,14.5,0.0,0.0,0.0,0.0,3,16.8,28.4,182,Overcast,1,1,
62603,2022-01-23 11:10:00,40.57507,-74.121796,0,0,Unspecified,4497319,2.8,-6.1,0.5,0.0,0.35,3.0,71,14.2,28.1,243,Snow fall: Light,0,0,Snowy Conditions
62604,2022-01-14 15:58:00,40.65435,-73.73155,0,0,Driver Inattention/Distraction,4497226,5.0,-5.0,0.0,0.0,0.0,0.0,3,34.6,62.6,358,Overcast,0,0,
62605,2020-11-26 21:11:00,40.843174,-73.91196,0,1,Obstruction/Debris,4372558,17.0,9.2,11.3,11.3,0.0,12.0,63,20.5,49.3,218,Rain: Moderate,20,1,
62606,2021-07-17 17:30:00,40.834644,-73.865036,1,0,Following Too Closely,4438602,30.8,23.3,5.1,5.1,0.0,5.0,61,17.8,36.4,201,Rain: Light,1,1,
62607,2021-07-22 07:24:00,40.88839,-73.84666,2,0,Driver Inattention/Distraction,4439418,26.7,17.5,0.0,0.0,0.0,0.0,3,15.3,28.4,327,Overcast,2,2,
62608,2022-01-23 10:00:00,40.676735,-73.9179,0,0,Driver Inattention/Distraction,4496570,2.8,-6.1,0.5,0.0,0.35,3.0,71,14.2,28.1,243,Snow fall: Light,0,0,Snowy Conditions
62609,2021-07-24 20:25:00,40.643776,-74.008125,1,0,Failure to Yield Right-of-Way,4440190,26.8,18.2,0.0,0.0,0.0,0.0,3,16.3,31.7,152,Overcast,1,1,
62610,2021-07-24 19:20:00,40.61023,-74.10529,7,0,Unsafe Speed,4440621,26.8,18.2,0.0,0.0,0.0,0.0,3,16.3,31.7,152,Overcast,7,7,
62611,2021-07-18 04:22:00,40.721935,-73.98533,1,0,Unspecified,4443150,28.4,23.1,12.4,12.4,0.0,10.0,63,19.6,39.2,232,Rain: Moderate,1,1,
62612,2021-07-31 23:30:00,40.836792,-73.84669,4,0,Unspecified,4443124,25.6,14.5,0.0,0.0,0.0,0.0,2,16.8,33.8,304,Partly cloudy,4,4,
62613,2021-06-30 08:20:00,40.757164,-73.88281,0,0,Unspecified,4443170,35.2,24.9,0.1,0.1,0.0,1.0,51,20.6,37.1,246,Drizzle: Light,0,0,
62614,2021-07-24 05:05:00,40.675884,-73.75577,3,0,Failure to Yield Right-of-Way,4440569,26.8,18.2,0.0,0.0,0.0,0.0,3,16.3,31.7,152,Overcast,3,3,
62615,2022-01-23 22:18:00,40.75866,-73.98875,0,0,Reaction to Uninvolved Vehicle,4496745,2.8,-6.1,0.5,0.0,0.35,3.0,71,14.2,28.1,243,Snow fall: Light,0,0,Snowy Conditions
62616,2021-07-27 21:03:00,40.643063,-73.95166,0,0,Driver Inattention/Distraction,4442181,30.4,19.1,0.2,0.2,0.0,2.0,51,19.5,38.9,206,Drizzle: Light,0,0,
62617,2021-07-28 16:07:00,40.688,-73.99757,0,0,Passing Too Closely,4442443,26.7,20.2,0.7,0.7,0.0,3.0,53,16.7,34.2,1,Drizzle: Moderate,0,0,
62618,2021-07-28 17:30:00,40.71614,-73.83357,1,0,Driver Inattention/Distraction,4441471,26.7,20.2,0.7,0.7,0.0,3.0,53,16.7,34.2,1,Drizzle: Moderate,1,1,
62619,2021-07-31 18:00:00,40.654045,-73.92673,0,0,Driver Inattention/Distraction,4442630,25.6,14.5,0.0,0.0,0.0,0.0,2,16.8,33.8,304,Partly cloudy,0,0,
62620,2021-07-31 12:30:00,40.766434,-73.83767,1,0,Traffic Control Disregarded,4442352,25.6,14.5,0.0,0.0,0.0,0.0,2,16.8,33.8,304,Partly cloudy,1,1,
62621,2021-07-30 17:00:00,40.68297,-73.82824,1,0,Driver Inattention/Distraction,4442165,27.6,19.1,0.0,0.0,0.0,0.0,1,24.2,45.7,310,Mainly clear,1,1,Sunny/Clear Conditions
62622,2021-07-30 10:00:00,40.890224,-73.84455,0,0,Turning Improperly,4442612,27.6,19.1,0.0,0.0,0.0,0.0,1,24.2,45.7,310,Mainly clear,0,0,Sunny/Clear Conditions
62623,2021-07-30 17:59:00,40.664654,-73.916275,2,0,Unspecified,4441901,27.6,19.1,0.0,0.0,0.0,0.0,1,24.2,45.7,310,Mainly clear,2,2,Sunny/Clear Conditions
62624,2021-07-29 07:00:00,40.78566,-73.855095,0,0,Unspecified,4441569,25.3,20.4,33.0,33.0,0.0,11.0,65,26.1,50.8,182,Rain: Heavy,0,0,
62625,2021-07-31 11:38:00,40.724636,-73.94818,0,0,Passing Too Closely,4442908,25.6,14.5,0.0,0.0,0.0,0.0,2,16.8,33.8,304,Partly cloudy,0,0,
62626,2021-07-30 22:30:00,40.836792,-73.84669,0,0,Driver Inattention/Distraction,4442302,27.6,19.1,0.0,0.0,0.0,0.0,1,24.2,45.7,310,Mainly clear,0,0,Sunny/Clear Conditions
62627,2021-07-28 15:10:00,40.760353,-73.99124,1,0,Failure to Yield Right-of-Way,4441516,26.7,20.2,0.7,0.7,0.0,3.0,53,16.7,34.2,1,Drizzle: Moderate,1,1,
62628,2021-07-24 19:45:00,40.695934,-73.761604,1,0,Failure to Yield Right-of-Way,4442761,26.8,18.2,0.0,0.0,0.0,0.0,3,16.3,31.7,152,Overcast,1,1,
62629,2021-07-30 16:20:00,40.729572,-73.86083,0,0,Driver Inattention/Distraction,4441883,27.6,19.1,0.0,0.0,0.0,0.0,1,24.2,45.7,310,Mainly clear,0,0,Sunny/Clear Conditions
62630,2021-07-25 04:56:00,40.709084,-73.960106,0,0,Unsafe Speed,4442988,28.0,20.3,7.3,7.3,0.0,10.0,63,20.9,43.2,198,Rain: Moderate,0,0,
62631,2021-07-21 14:50:00,40.641266,-73.976074,0,0,Unspecified,4442390,27.6,20.9,1.4,1.4,0.0,4.0,53,16.0,31.3,315,Drizzle: Moderate,0,0,
62632,2021-07-30 11:30:00,40.675205,-73.904396,0,0,Pavement Defective,4441869,27.6,19.1,0.0,0.0,0.0,0.0,1,24.2,45.7,310,Mainly clear,0,0,Sunny/Clear Conditions
62633,2021-07-30 15:20:00,40.66496,-73.82226,1,0,Following Too Closely,4442164,27.6,19.1,0.0,0.0,0.0,0.0,1,24.2,45.7,310,Mainly clear,1,1,Sunny/Clear Conditions
62634,2021-07-30 07:57:00,40.887737,-73.86755,0,0,Driver Inattention/Distraction,4442625,27.6,19.1,0.0,0.0,0.0,0.0,1,24.2,45.7,310,Mainly clear,0,0,Sunny/Clear Conditions
62635,2021-07-29 03:15:00,40.665474,-73.74751,0,0,Driver Inattention/Distraction,4441772,25.3,20.4,33.0,33.0,0.0,11.0,65,26.1,50.8,182,Rain: Heavy,0,0,
62636,2021-07-26 17:20:00,40.680855,-74.00305,1,0,Unspecified,4442444,31.4,21.8,0.0,0.0,0.0,0.0,3,13.0,25.6,295,Overcast,1,1,
62637,2021-07-29 08:30:00,40.67689,-73.900055,0,0,Driver Inattention/Distraction,4442054,25.3,20.4,33.0,33.0,0.0,11.0,65,26.1,50.8,182,Rain: Heavy,0,0,
62638,2021-07-22 14:30:00,40.8464,-73.89338,1,0,Driver Inattention/Distraction,4442729,26.7,17.5,0.0,0.0,0.0,0.0,3,15.3,28.4,327,Overcast,1,1,
62639,2021-07-15 06:20:00,40.723648,-73.99103,1,0,Outside Car Distraction,4442543,29.3,21.2,0.1,0.1,0.0,1.0,51,13.7,27.4,212,Drizzle: Light,1,1,
62640,2021-07-26 12:40:00,40.8226,-73.939316,0,0,Unspecified,4442004,31.4,21.8,0.0,0.0,0.0,0.0,3,13.0,25.6,295,Overcast,0,0,
62641,2021-07-29 11:50:00,40.667076,-73.78266,0,0,Passing Too Closely,4441755,25.3,20.4,33.0,33.0,0.0,11.0,65,26.1,50.8,182,Rain: Heavy,0,0,
62642,2021-07-31 16:45:00,40.858788,-73.92291,2,0,Unsafe Speed,4442506,25.6,14.5,0.0,0.0,0.0,0.0,2,16.8,33.8,304,Partly cloudy,2,2,
62643,2021-07-31 23:27:00,40.867878,-73.893005,0,0,Unsafe Speed,4442892,25.6,14.5,0.0,0.0,0.0,0.0,2,16.8,33.8,304,Partly cloudy,0,0,
62644,2021-07-31 09:01:00,40.62158,-73.94975,1,0,Driver Inattention/Distraction,4442319,25.6,14.5,0.0,0.0,0.0,0.0,2,16.8,33.8,304,Partly cloudy,1,1,
62645,2021-07-30 19:32:00,40.63917,-73.91604,1,0,Unspecified,4442202,27.6,19.1,0.0,0.0,0.0,0.0,1,24.2,45.7,310,Mainly clear,1,1,Sunny/Clear Conditions
62646,2021-07-28 19:28:00,40.76614,-73.97166,0,0,Driver Inattention/Distraction,4441496,26.7,20.2,0.7,0.7,0.0,3.0,53,16.7,34.2,1,Drizzle: Moderate,0,0,
62647,2021-07-24 06:55:00,40.854923,-73.82636,1,0,Unspecified,4442768,26.8,18.2,0.0,0.0,0.0,0.0,3,16.3,31.7,152,Overcast,1,1,
62648,2021-07-27 13:44:00,40.825577,-73.918465,1,0,Driver Inattention/Distraction,4442017,30.4,19.1,0.2,0.2,0.0,2.0,51,19.5,38.9,206,Drizzle: Light,1,1,
62649,2021-07-30 17:00:00,40.666405,-73.74669,0,0,Unspecified,4441888,27.6,19.1,0.0,0.0,0.0,0.0,1,24.2,45.7,310,Mainly clear,0,0,Sunny/Clear Conditions
62650,2021-07-30 07:30:00,40.80934,-73.855316,0,0,Unspecified,4442927,27.6,19.1,0.0,0.0,0.0,0.0,1,24.2,45.7,310,Mainly clear,0,0,Sunny/Clear Conditions
62651,2021-07-30 19:10:00,40.76233,-73.87136,1,0,Turning Improperly,4441944,27.6,19.1,0.0,0.0,0.0,0.0,1,24.2,45.7,310,Mainly clear,1,1,Sunny/Clear Conditions
62652,2021-07-27 15:15:00,40.726494,-73.98829,0,0,Unspecified,4442559,30.4,19.1,0.2,0.2,0.0,2.0,51,19.5,38.9,206,Drizzle: Light,0,0,
62653,2021-07-29 06:30:00,40.742886,-73.99075,0,0,Unspecified,4441635,25.3,20.4,33.0,33.0,0.0,11.0,65,26.1,50.8,182,Rain: Heavy,0,0,
62654,2021-07-30 16:50:00,40.83388,-73.8766,1,0,Unspecified,4442948,27.6,19.1,0.0,0.0,0.0,0.0,1,24.2,45.7,310,Mainly clear,1,1,Sunny/Clear Conditions
62655,2021-07-27 05:00:00,40.84366,-73.92005,0,0,Backing Unsafely,4442059,30.4,19.1,0.2,0.2,0.0,2.0,51,19.5,38.9,206,Drizzle: Light,0,0,
62656,2021-07-30 14:20:00,40.831776,-73.82097,0,0,Brakes Defective,4442304,27.6,19.1,0.0,0.0,0.0,0.0,1,24.2,45.7,310,Mainly clear,0,0,Sunny/Clear Conditions
62657,2021-07-29 05:00:00,40.729996,-73.91187,1,0,Unsafe Lane Changing,4442590,25.3,20.4,33.0,33.0,0.0,11.0,65,26.1,50.8,182,Rain: Heavy,1,1,
62658,2021-07-31 20:00:00,40.654163,-73.91154,1,0,Unspecified,4442219,25.6,14.5,0.0,0.0,0.0,0.0,2,16.8,33.8,304,Partly cloudy,1,1,
62659,2021-07-20 22:13:00,40.809883,-73.930305,0,0,Unspecified,4442271,30.9,21.1,0.0,0.0,0.0,0.0,1,13.3,26.6,283,Mainly clear,0,0,Sunny/Clear Conditions
62660,2021-07-29 13:45:00,40.727207,-73.90742,0,0,Driver Inattention/Distraction,4441735,25.3,20.4,33.0,33.0,0.0,11.0,65,26.1,50.8,182,Rain: Heavy,0,0,
62661,2021-07-28 06:00:00,40.70837,-73.923065,0,0,Driver Inattention/Distraction,4441811,26.7,20.2,0.7,0.7,0.0,3.0,53,16.7,34.2,1,Drizzle: Moderate,0,0,
62662,2021-07-27 17:22:00,40.622234,-73.990685,0,0,Passenger Distraction,4442690,30.4,19.1,0.2,0.2,0.0,2.0,51,19.5,38.9,206,Drizzle: Light,0,0,
62663,2021-07-30 16:50:00,40.694275,-73.901855,1,0,Driver Inattention/Distraction,4442579,27.6,19.1,0.0,0.0,0.0,0.0,1,24.2,45.7,310,Mainly clear,1,1,Sunny/Clear Conditions
62664,2021-07-26 12:50:00,40.729877,-73.9576,0,0,Failure to Yield Right-of-Way,4441844,31.4,21.8,0.0,0.0,0.0,0.0,3,13.0,25.6,295,Overcast,0,0,
62665,2021-07-30 09:00:00,40.834724,-73.89609,0,0,Backing Unsafely,4442282,27.6,19.1,0.0,0.0,0.0,0.0,1,24.2,45.7,310,Mainly clear,0,0,Sunny/Clear Conditions
62666,2021-07-31 06:30:00,40.69596,-73.964096,0,0,Unsafe Speed,4442696,25.6,14.5,0.0,0.0,0.0,0.0,2,16.8,33.8,304,Partly cloudy,0,0,
62667,2021-07-28 03:30:00,40.763428,-73.99271,0,0,Driver Inattention/Distraction,4441243,26.7,20.2,0.7,0.7,0.0,3.0,53,16.7,34.2,1,Drizzle: Moderate,0,0,
62668,2021-07-28 14:02:00,40.62452,-74.104454,1,0,Lost Consciousness,4442422,26.7,20.2,0.7,0.7,0.0,3.0,53,16.7,34.2,1,Drizzle: Moderate,1,1,
62669,2021-07-30 09:57:00,40.826298,-73.85742,1,0,Unspecified,4442932,27.6,19.1,0.0,0.0,0.0,0.0,1,24.2,45.7,310,Mainly clear,1,1,Sunny/Clear Conditions
62670,2021-07-29 05:30:00,40.84541,-73.891136,0,0,Driver Inattention/Distraction,4441985,25.3,20.4,33.0,33.0,0.0,11.0,65,26.1,50.8,182,Rain: Heavy,0,0,
62671,2021-07-28 12:15:00,40.846577,-73.891884,0,0,Driver Inattention/Distraction,4441545,26.7,20.2,0.7,0.7,0.0,3.0,53,16.7,34.2,1,Drizzle: Moderate,0,0,
62672,2021-07-30 01:43:00,40.66367,-73.76372,0,0,Traffic Control Disregarded,4441770,27.6,19.1,0.0,0.0,0.0,0.0,1,24.2,45.7,310,Mainly clear,0,0,Sunny/Clear Conditions
62673,2021-07-29 11:15:00,40.709576,-73.99635,0,0,Unspecified,4442821,25.3,20.4,33.0,33.0,0.0,11.0,65,26.1,50.8,182,Rain: Heavy,0,0,
62674,2021-07-30 19:07:00,40.614414,-73.994965,0,0,Driver Inattention/Distraction,4441915,27.6,19.1,0.0,0.0,0.0,0.0,1,24.2,45.7,310,Mainly clear,0,0,Sunny/Clear Conditions
62675,2021-07-31 23:36:00,40.826275,-73.85971,1,0,Unspecified,4443033,25.6,14.5,0.0,0.0,0.0,0.0,2,16.8,33.8,304,Partly cloudy,1,1,
62676,2021-07-29 08:30:00,40.61194,-74.07038,0,0,Unspecified,4442427,25.3,20.4,33.0,33.0,0.0,11.0,65,26.1,50.8,182,Rain: Heavy,0,0,
62677,2021-07-29 17:47:00,40.68846,-73.80878,1,0,Following Too Closely,4441976,25.3,20.4,33.0,33.0,0.0,11.0,65,26.1,50.8,182,Rain: Heavy,1,1,
62678,2021-07-30 21:34:00,40.78781,-73.82341,2,0,Reaction to Uninvolved Vehicle,4442191,27.6,19.1,0.0,0.0,0.0,0.0,1,24.2,45.7,310,Mainly clear,2,2,Sunny/Clear Conditions
62679,2021-07-30 06:44:00,40.677296,-73.87682,1,0,Traffic Control Disregarded,4442047,27.6,19.1,0.0,0.0,0.0,0.0,1,24.2,45.7,310,Mainly clear,1,1,Sunny/Clear Conditions
62680,2021-07-31 14:00:00,40.734943,-73.751396,0,0,Following Too Closely,4442150,25.6,14.5,0.0,0.0,0.0,0.0,2,16.8,33.8,304,Partly cloudy,0,0,
62681,2021-07-29 20:13:00,40.8541,-73.919106,1,0,Following Too Closely,4441802,25.3,20.4,33.0,33.0,0.0,11.0,65,26.1,50.8,182,Rain: Heavy,1,1,
62682,2021-07-28 09:00:00,40.72621,-73.920525,0,0,Reaction to Uninvolved Vehicle,4442213,26.7,20.2,0.7,0.7,0.0,3.0,53,16.7,34.2,1,Drizzle: Moderate,0,0,
62683,2021-07-29 09:00:00,40.71453,-73.914085,0,0,Unspecified,4441703,25.3,20.4,33.0,33.0,0.0,11.0,65,26.1,50.8,182,Rain: Heavy,0,0,
62684,2021-07-31 03:00:00,40.885296,-73.860374,0,0,Other Vehicular,4442635,25.6,14.5,0.0,0.0,0.0,0.0,2,16.8,33.8,304,Partly cloudy,0,0,
62685,2021-07-27 22:00:00,40.57515,-73.98558,0,0,Passing Too Closely,4442406,30.4,19.1,0.2,0.2,0.0,2.0,51,19.5,38.9,206,Drizzle: Light,0,0,
62686,2021-07-30 17:46:00,40.859444,-73.915985,0,0,Unsafe Lane Changing,4442882,27.6,19.1,0.0,0.0,0.0,0.0,1,24.2,45.7,310,Mainly clear,0,0,Sunny/Clear Conditions
62687,2021-07-28 00:35:00,40.64002,-74.13042,0,0,Turning Improperly,4441310,26.7,20.2,0.7,0.7,0.0,3.0,53,16.7,34.2,1,Drizzle: Moderate,0,0,
62688,2021-07-31 21:30:00,40.664948,-73.94262,1,0,Failure to Yield Right-of-Way,4442710,25.6,14.5,0.0,0.0,0.0,0.0,2,16.8,33.8,304,Partly cloudy,1,1,
62689,2021-07-30 16:57:00,40.863106,-73.82572,0,0,Unspecified,4441921,27.6,19.1,0.0,0.0,0.0,0.0,1,24.2,45.7,310,Mainly clear,0,0,Sunny/Clear Conditions
62690,2021-07-28 23:20:00,40.825794,-73.86124,3,0,Unsafe Speed,4441920,26.7,20.2,0.7,0.7,0.0,3.0,53,16.7,34.2,1,Drizzle: Moderate,3,3,
62691,2021-07-28 10:45:00,40.675755,-73.744896,0,0,Unspecified,4441454,26.7,20.2,0.7,0.7,0.0,3.0,53,16.7,34.2,1,Drizzle: Moderate,0,0,
62692,2021-07-31 02:35:00,40.669823,-73.78883,10,0,Turning Improperly,4442086,25.6,14.5,0.0,0.0,0.0,0.0,2,16.8,33.8,304,Partly cloudy,10,10,
62693,2021-07-28 12:00:00,40.679546,-73.85048,0,0,Passing Too Closely,4441578,26.7,20.2,0.7,0.7,0.0,3.0,53,16.7,34.2,1,Drizzle: Moderate,0,0,
62694,2021-07-28 14:45:00,40.671597,-73.88018,0,0,Unspecified,4442036,26.7,20.2,0.7,0.7,0.0,3.0,53,16.7,34.2,1,Drizzle: Moderate,0,0,
62695,2021-07-29 09:45:00,40.525932,-74.221924,0,0,Driver Inattention/Distraction,4442858,25.3,20.4,33.0,33.0,0.0,11.0,65,26.1,50.8,182,Rain: Heavy,0,0,
62696,2021-07-30 15:30:00,40.584625,-73.94713,1,0,Following Too Closely,4442255,27.6,19.1,0.0,0.0,0.0,0.0,1,24.2,45.7,310,Mainly clear,1,1,Sunny/Clear Conditions
62697,2021-07-26 23:08:00,40.66788,-73.93243,0,0,Backing Unsafely,4443070,31.4,21.8,0.0,0.0,0.0,0.0,3,13.0,25.6,295,Overcast,0,0,
62698,2021-07-27 14:00:00,40.817844,-73.94185,1,0,Unspecified,4442008,30.4,19.1,0.2,0.2,0.0,2.0,51,19.5,38.9,206,Drizzle: Light,1,1,
62699,2021-07-31 01:24:00,40.84825,-73.90975,0,0,Unsafe Speed,4442979,25.6,14.5,0.0,0.0,0.0,0.0,2,16.8,33.8,304,Partly cloudy,0,0,
62700,2021-07-24 14:50:00,40.69487,-73.736206,0,0,Unsafe Speed,4442358,26.8,18.2,0.0,0.0,0.0,0.0,3,16.3,31.7,152,Overcast,0,0,
62701,2021-07-30 18:00:00,40.71082,-73.93595,0,0,Unspecified,4443016,27.6,19.1,0.0,0.0,0.0,0.0,1,24.2,45.7,310,Mainly clear,0,0,Sunny/Clear Conditions
62702,2021-07-31 13:51:00,40.586308,-73.8068,1,0,Traffic Control Disregarded,4442237,25.6,14.5,0.0,0.0,0.0,0.0,2,16.8,33.8,304,Partly cloudy,1,1,
62703,2021-07-29 00:03:00,40.6211,-73.945816,0,0,Passing Too Closely,4442289,25.3,20.4,33.0,33.0,0.0,11.0,65,26.1,50.8,182,Rain: Heavy,0,0,
62704,2021-07-31 18:00:00,40.738033,-73.86115,1,0,Driver Inattention/Distraction,4442510,25.6,14.5,0.0,0.0,0.0,0.0,2,16.8,33.8,304,Partly cloudy,1,1,
62705,2022-01-23 23:10:00,40.844234,-73.92363,0,0,Driver Inattention/Distraction,4497102,2.8,-6.1,0.5,0.0,0.35,3.0,71,14.2,28.1,243,Snow fall: Light,0,0,Snowy Conditions
62706,2021-07-29 03:09:00,40.652115,-73.916664,3,0,Following Too Closely,4441876,25.3,20.4,33.0,33.0,0.0,11.0,65,26.1,50.8,182,Rain: Heavy,3,3,
62707,2021-07-23 11:58:00,40.703667,-73.9269,0,0,Driver Inattention/Distraction,4442074,26.2,17.3,0.0,0.0,0.0,0.0,1,11.3,27.0,340,Mainly clear,0,0,Sunny/Clear Conditions
62708,2021-07-29 08:00:00,40.666233,-73.761,0,0,Driver Inattention/Distraction,4441592,25.3,20.4,33.0,33.0,0.0,11.0,65,26.1,50.8,182,Rain: Heavy,0,0,
62709,2021-07-29 23:55:00,40.74453,-73.98888,0,0,Driver Inattention/Distraction,4442494,25.3,20.4,33.0,33.0,0.0,11.0,65,26.1,50.8,182,Rain: Heavy,0,0,
62710,2021-07-31 18:00:00,40.70256,-73.74482,1,0,Unspecified,4442206,25.6,14.5,0.0,0.0,0.0,0.0,2,16.8,33.8,304,Partly cloudy,1,1,
62711,2021-07-26 20:55:00,40.732914,-74.00398,2,0,Driver Inattention/Distraction,4442373,31.4,21.8,0.0,0.0,0.0,0.0,3,13.0,25.6,295,Overcast,2,2,
62712,2021-07-29 08:23:00,40.75457,-73.97169,0,0,Passing or Lane Usage Improper,4441643,25.3,20.4,33.0,33.0,0.0,11.0,65,26.1,50.8,182,Rain: Heavy,0,0,
62713,2021-07-31 19:10:00,40.814102,-73.940865,1,0,Driver Inattention/Distraction,4442750,25.6,14.5,0.0,0.0,0.0,0.0,2,16.8,33.8,304,Partly cloudy,1,1,
62714,2021-07-29 11:30:00,40.74724,-73.888695,0,0,Unspecified,4441940,25.3,20.4,33.0,33.0,0.0,11.0,65,26.1,50.8,182,Rain: Heavy,0,0,
62715,2021-07-26 13:30:00,40.671318,-73.98372,0,0,Passing or Lane Usage Improper,4442915,31.4,21.8,0.0,0.0,0.0,0.0,3,13.0,25.6,295,Overcast,0,0,
62716,2021-07-30 14:10:00,40.675117,-74.00962,0,0,Passing Too Closely,4442449,27.6,19.1,0.0,0.0,0.0,0.0,1,24.2,45.7,310,Mainly clear,0,0,Sunny/Clear Conditions
62717,2021-07-29 12:00:00,40.585354,-73.93104,0,0,Driver Inattention/Distraction,4441668,25.3,20.4,33.0,33.0,0.0,11.0,65,26.1,50.8,182,Rain: Heavy,0,0,