,CRASH DATETIME,LATITUDE,LONGITUDE,NUMBER OF PERSONS INJURED,NUMBER OF PERSONS KILLED,CONTRIBUTING FACTOR VEHICLE 1,COLLISION_ID,temperature_2m_max,temperature_2m_min,precipitation_sum,rain_sum,snowfall_sum,precipitation_hours,weather_code,wind_speed_10m_max,wind_gusts_10m_max,wind_direction_10m_dominant,Weather Description,Severity_Score,Total_Affected_Persons,Weather_Category
62718,2021-07-22 04:55:00,40.725918,-73.89535,0,0,Following Too Closely,4442586,26.7,17.5,0.0,0.0,0.0,0.0,3,15.3,28.4,327,Overcast,0,0,
62719,2021-07-22 07:30:00,40.711166,-73.9489,2,0,Driver Inattention/Distraction,4442994,26.7,17.5,0.0,0.0,0.0,0.0,3,15.3,28.4,327,Overcast,2,2,
62720,2021-07-29 13:19:00,40.81339,-73.95627,1,0,Pedestrian/Bicyclist/Other Pedestrian Error/Confusion,4442796,25.3,20.4,33.0,33.0,0.0,11.0,65,26.1,50.8,182,Rain: Heavy,1,1,
62721,2021-07-28 06:49:00,40.759113,-73.808876,1,0,Turning Improperly,4441425,26.7,20.2,0.7,0.7,0.0,3.0,53,16.7,34.2,1,Drizzle: Moderate,1,1,
62722,2021-07-28 01:05:00,40.789528,-73.820435,1,0,Pavement Slippery,4442324,26.7,20.2,0.7,0.7,0.0,3.0,53,16.7,34.2,1,Drizzle: Moderate,1,1,
62723,2021-07-31 19:10:00,40.60456,-73.96897,1,0,Driver Inattention/Distraction,4442249,25.6,14.5,0.0,0.0,0.0,0.0,2,16.8,33.8,304,Partly cloudy,1,1,
62724,2021-07-29 08:35:00,40.737915,-74.00444,1,0,Driver Inattention/Distraction,4442385,25.3,20.4,33.0,33.0,0.0,11.0,65,26.1,50.8,182,Rain: Heavy,1,1,
62725,2021-07-29 18:30:00,40.634552,-73.91477,1,0,Unspecified,4441953,25.3,20.4,33.0,33.0,0.0,11.0,65,26.1,50.8,182,Rain: Heavy,1,1,
62726,2021-07-28 05:14:00,40.861862,-73.91275,0,0,Driver Inattention/Distraction,4441366,26.7,20.2,0.7,0.7,0.0,3.0,53,16.7,34.2,1,Drizzle: Moderate,0,0,
62727,2021-07-26 12:00:00,40.675186,-73.933304,1,0,Other Vehicular,4442555,31.4,21.8,0.0,0.0,0.0,0.0,3,13.0,25.6,295,Overcast,1,1,
62728,2021-07-31 07:00:00,40.61258,-74.129166,1,0,Turning Improperly,4442434,25.6,14.5,0.0,0.0,0.0,0.0,2,16.8,33.8,304,Partly cloudy,1,1,
62729,2021-07-18 19:00:00,40.686478,-73.926796,1,0,Driver Inattention/Distraction,4442641,28.4,23.1,12.4,12.4,0.0,10.0,63,19.6,39.2,232,Rain: Moderate,1,1,
62730,2021-07-20 13:35:00,40.837177,-73.942604,0,0,Following Too Closely,4441824,30.9,21.1,0.0,0.0,0.0,0.0,1,13.3,26.6,283,Mainly clear,0,0,Sunny/Clear Conditions
62731,2021-07-29 22:45:00,40.68632,-73.86352,0,0,Unsafe Speed,4441837,25.3,20.4,33.0,33.0,0.0,11.0,65,26.1,50.8,182,Rain: Heavy,0,0,
62732,2021-07-07 10:45:00,40.696983,-73.935234,1,0,Backing Unsafely,4441856,31.4,22.2,1.4,1.4,0.0,6.0,53,17.4,37.8,213,Drizzle: Moderate,1,1,
62733,2021-07-31 02:50:00,40.756897,-73.893196,1,0,Driver Inattention/Distraction,4442101,25.6,14.5,0.0,0.0,0.0,0.0,2,16.8,33.8,304,Partly cloudy,1,1,
62734,2021-07-29 08:20:00,40.630688,-73.92521,0,0,Unsafe Lane Changing,4441972,25.3,20.4,33.0,33.0,0.0,11.0,65,26.1,50.8,182,Rain: Heavy,0,0,
62735,2021-07-28 14:19:00,40.62452,-74.104454,0,0,Unspecified,4441390,26.7,20.2,0.7,0.7,0.0,3.0,53,16.7,34.2,1,Drizzle: Moderate,0,0,
62736,2021-07-29 09:15:00,40.62783,-74.02928,0,0,Passing Too Closely,4443023,25.3,20.4,33.0,33.0,0.0,11.0,65,26.1,50.8,182,Rain: Heavy,0,0,
62737,2021-07-25 13:40:00,40.70941,-73.960815,1,0,Reaction to Uninvolved Vehicle,4442967,28.0,20.3,7.3,7.3,0.0,10.0,63,20.9,43.2,198,Rain: Moderate,1,1,
62738,2021-07-30 15:28:00,40.631287,-73.945564,1,0,,4442187,27.6,19.1,0.0,0.0,0.0,0.0,1,24.2,45.7,310,Mainly clear,1,1,Sunny/Clear Conditions
62739,2021-07-30 01:45:00,40.767372,-73.950066,0,0,Driver Inattention/Distraction,4441783,27.6,19.1,0.0,0.0,0.0,0.0,1,24.2,45.7,310,Mainly clear,0,0,Sunny/Clear Conditions
62740,2021-07-18 10:55:00,40.745106,-73.908646,0,0,Driver Inattention/Distraction,4441925,28.4,23.1,12.4,12.4,0.0,10.0,63,19.6,39.2,232,Rain: Moderate,0,0,
62741,2021-07-28 17:09:00,40.739178,-73.79393,0,0,Turning Improperly,4441446,26.7,20.2,0.7,0.7,0.0,3.0,53,16.7,34.2,1,Drizzle: Moderate,0,0,
62742,2021-07-31 08:30:00,40.83923,-73.94555,0,0,Unspecified,4442652,25.6,14.5,0.0,0.0,0.0,0.0,2,16.8,33.8,304,Partly cloudy,0,0,
62743,2022-01-20 05:42:00,40.823902,-73.87452,0,0,Passing Too Closely,4497120,5.2,-5.5,7.3,4.6,1.89,10.0,73,22.3,40.0,315,Snow fall: Moderate,0,0,Snowy Conditions
62744,2021-07-30 14:10:00,40.80879,-73.91619,1,0,Unspecified,4442265,27.6,19.1,0.0,0.0,0.0,0.0,1,24.2,45.7,310,Mainly clear,1,1,Sunny/Clear Conditions
62745,2021-07-28 10:00:00,40.690475,-73.86792,0,0,Passing Too Closely,4441339,26.7,20.2,0.7,0.7,0.0,3.0,53,16.7,34.2,1,Drizzle: Moderate,0,0,
62746,2021-07-31 10:46:00,40.75519,-73.97122,0,0,Unspecified,4442106,25.6,14.5,0.0,0.0,0.0,0.0,2,16.8,33.8,304,Partly cloudy,0,0,
62747,2021-07-29 14:52:00,40.8223,-73.873,0,0,Unspecified,4441667,25.3,20.4,33.0,33.0,0.0,11.0,65,26.1,50.8,182,Rain: Heavy,0,0,
62748,2021-07-31 15:52:00,40.594425,-73.93496,1,0,Unspecified,4442259,25.6,14.5,0.0,0.0,0.0,0.0,2,16.8,33.8,304,Partly cloudy,1,1,
62749,2021-07-25 02:21:00,40.872143,-73.818695,0,0,Unspecified,4441908,28.0,20.3,7.3,7.3,0.0,10.0,63,20.9,43.2,198,Rain: Moderate,0,0,
62750,2021-07-28 12:30:00,40.65975,-73.8921,0,0,Unspecified,4442040,26.7,20.2,0.7,0.7,0.0,3.0,53,16.7,34.2,1,Drizzle: Moderate,0,0,
62751,2021-07-28 19:35:00,40.769604,-73.91139,0,0,Unspecified,4441530,26.7,20.2,0.7,0.7,0.0,3.0,53,16.7,34.2,1,Drizzle: Moderate,0,0,
62752,2021-07-20 14:30:00,40.850166,-73.93576,1,0,Driver Inattention/Distraction,4443022,30.9,21.1,0.0,0.0,0.0,0.0,1,13.3,26.6,283,Mainly clear,1,1,Sunny/Clear Conditions
62753,2021-07-30 08:50:00,40.566227,-74.12025,0,0,Failure to Yield Right-of-Way,4442123,27.6,19.1,0.0,0.0,0.0,0.0,1,24.2,45.7,310,Mainly clear,0,0,Sunny/Clear Conditions
62754,2021-07-29 17:25:00,40.81329,-73.93517,0,0,Unspecified,4442155,25.3,20.4,33.0,33.0,0.0,11.0,65,26.1,50.8,182,Rain: Heavy,0,0,
62755,2022-01-23 14:20:00,40.783245,-73.94473,0,0,Unspecified,4497159,2.8,-6.1,0.5,0.0,0.35,3.0,71,14.2,28.1,243,Snow fall: Light,0,0,Snowy Conditions
62756,2021-07-31 05:40:00,40.775154,-73.920166,1,0,Driver Inattention/Distraction,4442472,25.6,14.5,0.0,0.0,0.0,0.0,2,16.8,33.8,304,Partly cloudy,1,1,
62757,2021-07-31 00:36:00,40.667824,-73.93122,0,0,Other Vehicular,4442241,25.6,14.5,0.0,0.0,0.0,0.0,2,16.8,33.8,304,Partly cloudy,0,0,
62758,2021-07-30 16:19:00,40.8416,-73.90112,0,0,Unspecified,4442293,27.6,19.1,0.0,0.0,0.0,0.0,1,24.2,45.7,310,Mainly clear,0,0,Sunny/Clear Conditions
62759,2021-07-28 17:30:00,40.796227,-73.93188,0,0,Failure to Yield Right-of-Way,4441552,26.7,20.2,0.7,0.7,0.0,3.0,53,16.7,34.2,1,Drizzle: Moderate,0,0,
62760,2021-07-30 17:00:00,40.65661,-73.93091,0,0,Unspecified,4441880,27.6,19.1,0.0,0.0,0.0,0.0,1,24.2,45.7,310,Mainly clear,0,0,Sunny/Clear Conditions
62761,2021-07-31 03:40:00,40.82237,-73.95454,0,0,Traffic Control Disregarded,4443074,25.6,14.5,0.0,0.0,0.0,0.0,2,16.8,33.8,304,Partly cloudy,0,0,
62762,2021-07-29 21:11:00,40.737007,-73.98157,0,0,Unspecified,4442499,25.3,20.4,33.0,33.0,0.0,11.0,65,26.1,50.8,182,Rain: Heavy,0,0,
62763,2021-07-27 05:10:00,40.72182,-73.75671,0,0,Backing Unsafely,4441893,30.4,19.1,0.2,0.2,0.0,2.0,51,19.5,38.9,206,Drizzle: Light,0,0,
62764,2021-07-31 16:44:00,40.665726,-73.96425,1,0,Driver Inexperience,4442909,25.6,14.5,0.0,0.0,0.0,0.0,2,16.8,33.8,304,Partly cloudy,1,1,
62765,2021-07-29 15:55:00,40.823135,-73.88225,0,0,Unspecified,4441696,25.3,20.4,33.0,33.0,0.0,11.0,65,26.1,50.8,182,Rain: Heavy,0,0,
62766,2021-07-30 12:30:00,40.748478,-73.89081,1,0,Unspecified,4442659,27.6,19.1,0.0,0.0,0.0,0.0,1,24.2,45.7,310,Mainly clear,1,1,Sunny/Clear Conditions
62767,2021-07-29 12:47:00,40.709557,-74.00644,0,0,Unspecified,4442804,25.3,20.4,33.0,33.0,0.0,11.0,65,26.1,50.8,182,Rain: Heavy,0,0,
62768,2021-07-23 21:57:00,40.762024,-74.00116,0,0,Passing or Lane Usage Improper,4442521,26.2,17.3,0.0,0.0,0.0,0.0,1,11.3,27.0,340,Mainly clear,0,0,Sunny/Clear Conditions
62769,2021-07-30 15:45:00,40.73769,-73.76858,0,0,Driver Inattention/Distraction,4442078,27.6,19.1,0.0,0.0,0.0,0.0,1,24.2,45.7,310,Mainly clear,0,0,Sunny/Clear Conditions
62770,2021-07-28 09:10:00,40.658337,-73.87759,0,0,Failure to Yield Right-of-Way,4441996,26.7,20.2,0.7,0.7,0.0,3.0,53,16.7,34.2,1,Drizzle: Moderate,0,0,
62771,2021-07-29 08:15:00,40.665257,-73.73926,0,0,Unspecified,4441598,25.3,20.4,33.0,33.0,0.0,11.0,65,26.1,50.8,182,Rain: Heavy,0,0,
62772,2021-07-31 15:33:00,40.75455,-73.74317,0,0,Driver Inattention/Distraction,4442361,25.6,14.5,0.0,0.0,0.0,0.0,2,16.8,33.8,304,Partly cloudy,0,0,
62773,2021-07-29 09:30:00,40.7778,-73.91308,0,0,Unspecified,4442455,25.3,20.4,33.0,33.0,0.0,11.0,65,26.1,50.8,182,Rain: Heavy,0,0,
62774,2021-07-29 12:45:00,40.870552,-73.84641,1,0,View Obstructed/Limited,4442095,25.3,20.4,33.0,33.0,0.0,11.0,65,26.1,50.8,182,Rain: Heavy,1,1,
62775,2021-07-31 11:00:00,40.654976,-73.936554,0,0,Unspecified,4442174,25.6,14.5,0.0,0.0,0.0,0.0,2,16.8,33.8,304,Partly cloudy,0,0,
62776,2021-07-27 00:50:00,40.57788,-73.99477,0,0,Driverless/Runaway Vehicle,4442397,30.4,19.1,0.2,0.2,0.0,2.0,51,19.5,38.9,206,Drizzle: Light,0,0,
62777,2021-07-31 13:05:00,40.85118,-73.88637,0,0,Driver Inattention/Distraction,4442736,25.6,14.5,0.0,0.0,0.0,0.0,2,16.8,33.8,304,Partly cloudy,0,0,
62778,2021-07-28 07:23:00,40.83313,-73.85765,1,0,Unspecified,4441358,26.7,20.2,0.7,0.7,0.0,3.0,53,16.7,34.2,1,Drizzle: Moderate,1,1,
62779,2021-07-30 16:45:00,40.77099,-73.99092,0,0,Driver Inattention/Distraction,4442826,27.6,19.1,0.0,0.0,0.0,0.0,1,24.2,45.7,310,Mainly clear,0,0,Sunny/Clear Conditions
62780,2021-07-28 19:00:00,40.70912,-73.92764,0,0,Driver Inattention/Distraction,4442999,26.7,20.2,0.7,0.7,0.0,3.0,53,16.7,34.2,1,Drizzle: Moderate,0,0,
62781,2021-07-30 23:44:00,40.574005,-73.98969,0,0,Following Too Closely,4441957,27.6,19.1,0.0,0.0,0.0,0.0,1,24.2,45.7,310,Mainly clear,0,0,Sunny/Clear Conditions
62782,2021-07-30 20:35:00,40.695995,-73.96742,1,0,Failure to Yield Right-of-Way,4442419,27.6,19.1,0.0,0.0,0.0,0.0,1,24.2,45.7,310,Mainly clear,1,1,Sunny/Clear Conditions
62783,2021-07-22 14:00:00,40.718273,-73.90219,0,0,Driver Inattention/Distraction,4442551,26.7,17.5,0.0,0.0,0.0,0.0,3,15.3,28.4,327,Overcast,0,0,
62784,2021-07-28 19:50:00,40.674953,-73.80205,1,0,Following Too Closely,4441507,26.7,20.2,0.7,0.7,0.0,3.0,53,16.7,34.2,1,Drizzle: Moderate,1,1,
62785,2021-07-30 08:30:00,40.838154,-73.9212,0,0,Backing Unsafely,4442142,27.6,19.1,0.0,0.0,0.0,0.0,1,24.2,45.7,310,Mainly clear,0,0,Sunny/Clear Conditions
62786,2021-07-29 10:44:00,40.687687,-73.93123,1,0,Driver Inattention/Distraction,4442598,25.3,20.4,33.0,33.0,0.0,11.0,65,26.1,50.8,182,Rain: Heavy,1,1,
62787,2021-07-29 12:20:00,40.86661,-73.90121,1,0,Backing Unsafely,4441820,25.3,20.4,33.0,33.0,0.0,11.0,65,26.1,50.8,182,Rain: Heavy,1,1,
62788,2021-07-30 17:12:00,40.634953,-74.16141,0,0,Unspecified,4442312,27.6,19.1,0.0,0.0,0.0,0.0,1,24.2,45.7,310,Mainly clear,0,0,Sunny/Clear Conditions
62789,2021-07-26 21:12:00,40.81694,-73.95366,1,0,Turning Improperly,4442430,31.4,21.8,0.0,0.0,0.0,0.0,3,13.0,25.6,295,Overcast,1,1,
62790,2021-07-24 18:00:00,40.74106,-73.946106,0,0,Driver Inattention/Distraction,4441952,26.8,18.2,0.0,0.0,0.0,0.0,3,16.3,31.7,152,Overcast,0,0,
62791,2021-07-30 15:20:00,40.78176,-73.944145,2,0,Following Too Closely,4442778,27.6,19.1,0.0,0.0,0.0,0.0,1,24.2,45.7,310,Mainly clear,2,2,Sunny/Clear Conditions
62792,2021-06-01 14:20:00,40.712914,-73.877365,1,0,Unspecified,4441861,23.5,9.7,0.0,0.0,0.0,0.0,3,17.6,32.0,221,Overcast,1,1,
62793,2021-07-29 03:30:00,40.682175,-73.733345,0,0,Unspecified,4441591,25.3,20.4,33.0,33.0,0.0,11.0,65,26.1,50.8,182,Rain: Heavy,0,0,
62794,2021-07-29 16:10:00,40.70352,-73.813866,0,0,Unsafe Speed,4441747,25.3,20.4,33.0,33.0,0.0,11.0,65,26.1,50.8,182,Rain: Heavy,0,0,
62795,2021-07-29 09:25:00,40.723267,-73.83833,0,0,Driver Inattention/Distraction,4441825,25.3,20.4,33.0,33.0,0.0,11.0,65,26.1,50.8,182,Rain: Heavy,0,0,
62796,2021-07-26 16:35:00,40.73238,-73.98288,1,0,Driver Inexperience,4441984,31.4,21.8,0.0,0.0,0.0,0.0,3,13.0,25.6,295,Overcast,1,1,
62797,2021-07-28 16:25:00,40.7281,-73.74896,1,0,Driver Inattention/Distraction,4441455,26.7,20.2,0.7,0.7,0.0,3.0,53,16.7,34.2,1,Drizzle: Moderate,1,1,
62798,2021-07-30 07:55:00,40.854973,-73.89251,0,0,Driver Inattention/Distraction,4442756,27.6,19.1,0.0,0.0,0.0,0.0,1,24.2,45.7,310,Mainly clear,0,0,Sunny/Clear Conditions
62799,2021-07-28 17:46:00,40.642086,-73.973885,1,0,Unspecified,4441790,26.7,20.2,0.7,0.7,0.0,3.0,53,16.7,34.2,1,Drizzle: Moderate,1,1,
62800,2021-07-16 22:25:00,40.70302,-73.93312,0,0,Following Too Closely,4442971,32.3,23.2,0.3,0.3,0.0,3.0,51,12.3,33.1,238,Drizzle: Light,0,0,
62801,2021-07-28 07:00:00,40.75254,-73.85261,0,0,Following Too Closely,4441376,26.7,20.2,0.7,0.7,0.0,3.0,53,16.7,34.2,1,Drizzle: Moderate,0,0,
62802,2021-07-29 18:10:00,40.674004,-73.81881,3,0,Failure to Yield Right-of-Way,4441734,25.3,20.4,33.0,33.0,0.0,11.0,65,26.1,50.8,182,Rain: Heavy,3,3,
62803,2021-07-28 00:00:00,40.820534,-73.94054,1,0,Driver Inattention/Distraction,4442011,26.7,20.2,0.7,0.7,0.0,3.0,53,16.7,34.2,1,Drizzle: Moderate,1,1,
62804,2021-07-27 11:00:00,40.848625,-73.93425,0,0,Aggressive Driving/Road Rage,4442487,30.4,19.1,0.2,0.2,0.0,2.0,51,19.5,38.9,206,Drizzle: Light,0,0,
62805,2021-07-29 22:15:00,40.650223,-73.89103,1,0,Driver Inattention/Distraction,4442028,25.3,20.4,33.0,33.0,0.0,11.0,65,26.1,50.8,182,Rain: Heavy,1,1,
62806,2021-07-21 18:00:00,40.851852,-73.83376,0,0,Unspecified,4443165,27.6,20.9,1.4,1.4,0.0,4.0,53,16.0,31.3,315,Drizzle: Moderate,0,0,
62807,2021-07-30 03:45:00,40.828785,-73.82268,0,0,Unspecified,4442298,27.6,19.1,0.0,0.0,0.0,0.0,1,24.2,45.7,310,Mainly clear,0,0,Sunny/Clear Conditions
62808,2021-07-28 02:00:00,40.743866,-73.82568,0,0,Failure to Yield Right-of-Way,4442331,26.7,20.2,0.7,0.7,0.0,3.0,53,16.7,34.2,1,Drizzle: Moderate,0,0,
62809,2021-07-28 23:00:00,40.630577,-73.88591,1,0,Unsafe Speed,4441651,26.7,20.2,0.7,0.7,0.0,3.0,53,16.7,34.2,1,Drizzle: Moderate,1,1,
62810,2021-07-31 13:00:00,40.743008,-73.77996,4,0,Driver Inattention/Distraction,4442127,25.6,14.5,0.0,0.0,0.0,0.0,2,16.8,33.8,304,Partly cloudy,4,4,
62811,2021-07-25 06:10:00,40.69289,-73.75376,0,0,Failure to Yield Right-of-Way,4441979,28.0,20.3,7.3,7.3,0.0,10.0,63,20.9,43.2,198,Rain: Moderate,0,0,
62812,2021-07-30 09:10:00,40.88125,-73.86071,1,0,Traffic Control Disregarded,4442634,27.6,19.1,0.0,0.0,0.0,0.0,1,24.2,45.7,310,Mainly clear,1,1,Sunny/Clear Conditions
62813,2021-07-31 21:20:00,40.81914,-73.93719,1,0,Following Too Closely,4442766,25.6,14.5,0.0,0.0,0.0,0.0,2,16.8,33.8,304,Partly cloudy,1,1,
62814,2021-07-30 11:50:00,40.854443,-73.86482,1,0,Failure to Yield Right-of-Way,4441857,27.6,19.1,0.0,0.0,0.0,0.0,1,24.2,45.7,310,Mainly clear,1,1,Sunny/Clear Conditions
62815,2021-07-29 18:00:00,40.617683,-73.98466,1,0,Failure to Yield Right-of-Way,4441912,25.3,20.4,33.0,33.0,0.0,11.0,65,26.1,50.8,182,Rain: Heavy,1,1,
62816,2021-07-30 21:26:00,40.732582,-73.86806,0,0,Following Too Closely,4442159,27.6,19.1,0.0,0.0,0.0,0.0,1,24.2,45.7,310,Mainly clear,0,0,Sunny/Clear Conditions
62817,2021-07-29 15:20:00,40.72937,-73.85899,0,0,Unspecified,4441727,25.3,20.4,33.0,33.0,0.0,11.0,65,26.1,50.8,182,Rain: Heavy,0,0,
62818,2021-07-25 01:39:00,40.82092,-73.94333,1,0,Pedestrian/Bicyclist/Other Pedestrian Error/Confusion,4442182,28.0,20.3,7.3,7.3,0.0,10.0,63,20.9,43.2,198,Rain: Moderate,1,1,
62819,2021-07-29 23:36:00,40.686928,-73.98484,0,0,Backing Unsafely,4441779,25.3,20.4,33.0,33.0,0.0,11.0,65,26.1,50.8,182,Rain: Heavy,0,0,
62820,2021-07-27 02:58:00,40.656204,-73.886696,0,0,Unspecified,4442021,30.4,19.1,0.2,0.2,0.0,2.0,51,19.5,38.9,206,Drizzle: Light,0,0,
62821,2021-07-31 17:10:00,40.725304,-73.99911,0,0,Driver Inattention/Distraction,4442808,25.6,14.5,0.0,0.0,0.0,0.0,2,16.8,33.8,304,Partly cloudy,0,0,
62822,2021-07-28 23:00:00,40.6993,-73.91361,0,0,Unspecified,4441525,26.7,20.2,0.7,0.7,0.0,3.0,53,16.7,34.2,1,Drizzle: Moderate,0,0,
62823,2021-07-29 15:08:00,40.68112,-73.96,0,0,Physical Disability,4441759,25.3,20.4,33.0,33.0,0.0,11.0,65,26.1,50.8,182,Rain: Heavy,0,0,
62824,2021-07-28 19:30:00,40.832096,-73.85531,0,0,Unspecified,4441546,26.7,20.2,0.7,0.7,0.0,3.0,53,16.7,34.2,1,Drizzle: Moderate,0,0,
62825,2021-07-28 12:15:00,40.668655,-73.8785,0,0,Unspecified,4442050,26.7,20.2,0.7,0.7,0.0,3.0,53,16.7,34.2,1,Drizzle: Moderate,0,0,
62826,2021-07-30 07:00:00,40.759403,-73.98511,1,0,Pedestrian/Bicyclist/Other Pedestrian Error/Confusion,4442830,27.6,19.1,0.0,0.0,0.0,0.0,1,24.2,45.7,310,Mainly clear,1,1,Sunny/Clear Conditions
62827,2021-07-30 14:00:00,40.735424,-73.974754,0,0,Aggressive Driving/Road Rage,4442502,27.6,19.1,0.0,0.0,0.0,0.0,1,24.2,45.7,310,Mainly clear,0,0,Sunny/Clear Conditions
62828,2021-07-27 16:30:00,40.67888,-73.93561,0,0,Unspecified,4442605,30.4,19.1,0.2,0.2,0.0,2.0,51,19.5,38.9,206,Drizzle: Light,0,0,
62829,2021-07-30 12:30:00,40.694866,-73.73927,1,0,Pedestrian/Bicyclist/Other Pedestrian Error/Confusion,4441884,27.6,19.1,0.0,0.0,0.0,0.0,1,24.2,45.7,310,Mainly clear,1,1,Sunny/Clear Conditions
62830,2021-07-29 16:50:00,40.577946,-74.102325,1,0,Pedestrian/Bicyclist/Other Pedestrian Error/Confusion,4442110,25.3,20.4,33.0,33.0,0.0,11.0,65,26.1,50.8,182,Rain: Heavy,1,1,
62831,2021-07-29 18:22:00,40.77151,-73.815865,0,0,Passing Too Closely,4442349,25.3,20.4,33.0,33.0,0.0,11.0,65,26.1,50.8,182,Rain: Heavy,0,0,
62832,2021-07-29 01:05:00,40.742508,-73.91788,0,0,Driver Inattention/Distraction,4441488,25.3,20.4,33.0,33.0,0.0,11.0,65,26.1,50.8,182,Rain: Heavy,0,0,
62833,2021-07-30 17:50:00,40.662357,-73.73517,1,0,Driver Inexperience,4441889,27.6,19.1,0.0,0.0,0.0,0.0,1,24.2,45.7,310,Mainly clear,1,1,Sunny/Clear Conditions
62834,2021-07-29 14:15:00,40.885216,-73.87937,0,0,Unspecified,4442896,25.3,20.4,33.0,33.0,0.0,11.0,65,26.1,50.8,182,Rain: Heavy,0,0,
62835,2021-07-28 21:00:00,40.665398,-73.95093,0,0,Driver Inattention/Distraction,4443080,26.7,20.2,0.7,0.7,0.0,3.0,53,16.7,34.2,1,Drizzle: Moderate,0,0,
62836,2021-07-30 21:30:00,40.875256,-73.84342,0,0,Unspecified,4442647,27.6,19.1,0.0,0.0,0.0,0.0,1,24.2,45.7,310,Mainly clear,0,0,Sunny/Clear Conditions
62837,2021-07-27 18:00:00,40.80777,-73.94549,0,0,Driver Inattention/Distraction,4442365,30.4,19.1,0.2,0.2,0.0,2.0,51,19.5,38.9,206,Drizzle: Light,0,0,
62838,2021-07-30 07:10:00,40.62417,-73.97048,1,0,Unspecified,4442458,27.6,19.1,0.0,0.0,0.0,0.0,1,24.2,45.7,310,Mainly clear,1,1,Sunny/Clear Conditions
62839,2021-07-29 13:45:00,40.84497,-73.90247,1,0,Driver Inattention/Distraction,4442016,25.3,20.4,33.0,33.0,0.0,11.0,65,26.1,50.8,182,Rain: Heavy,1,1,
62840,2021-07-30 16:29:00,40.675762,-73.95522,0,0,Driver Inattention/Distraction,4442563,27.6,19.1,0.0,0.0,0.0,0.0,1,24.2,45.7,310,Mainly clear,0,0,Sunny/Clear Conditions
62841,2021-07-31 16:30:00,40.829685,-73.81989,0,0,Driver Inattention/Distraction,4442308,25.6,14.5,0.0,0.0,0.0,0.0,2,16.8,33.8,304,Partly cloudy,0,0,
62842,2021-07-28 22:24:00,40.737682,-73.85206,0,0,Backing Unsafely,4441584,26.7,20.2,0.7,0.7,0.0,3.0,53,16.7,34.2,1,Drizzle: Moderate,0,0,
62843,2021-07-26 21:12:00,40.59565,-73.908165,2,0,Reaction to Uninvolved Vehicle,4442873,31.4,21.8,0.0,0.0,0.0,0.0,3,13.0,25.6,295,Overcast,2,2,
62844,2021-07-30 19:14:00,40.763885,-73.84002,0,0,Lost Consciousness,4441933,27.6,19.1,0.0,0.0,0.0,0.0,1,24.2,45.7,310,Mainly clear,0,0,Sunny/Clear Conditions
62845,2021-07-27 23:05:00,40.720623,-73.99498,0,0,Following Too Closely,4442223,30.4,19.1,0.2,0.2,0.0,2.0,51,19.5,38.9,206,Drizzle: Light,0,0,
62846,2021-07-28 17:00:00,40.61074,-74.09583,0,0,Following Too Closely,4441816,26.7,20.2,0.7,0.7,0.0,3.0,53,16.7,34.2,1,Drizzle: Moderate,0,0,
62847,2021-07-31 02:30:00,40.82757,-73.84515,0,0,Unspecified,4442952,25.6,14.5,0.0,0.0,0.0,0.0,2,16.8,33.8,304,Partly cloudy,0,0,
62848,2021-07-28 15:45:00,40.709305,-73.84369,0,0,Unsafe Lane Changing,4441460,26.7,20.2,0.7,0.7,0.0,3.0,53,16.7,34.2,1,Drizzle: Moderate,0,0,
62849,2021-07-31 14:24:00,40.66612,-73.82225,0,0,Driver Inattention/Distraction,4442170,25.6,14.5,0.0,0.0,0.0,0.0,2,16.8,33.8,304,Partly cloudy,0,0,
62850,2021-07-28 22:00:00,40.622463,-74.07254,1,0,Reaction to Uninvolved Vehicle,4442426,26.7,20.2,0.7,0.7,0.0,3.0,53,16.7,34.2,1,Drizzle: Moderate,1,1,
62851,2021-07-30 00:00:00,40.720535,-73.99395,0,0,Driver Inattention/Distraction,4442228,27.6,19.1,0.0,0.0,0.0,0.0,1,24.2,45.7,310,Mainly clear,0,0,Sunny/Clear Conditions
62852,2021-07-28 10:50:00,40.685215,-73.95928,3,0,Traffic Control Disregarded,4441739,26.7,20.2,0.7,0.7,0.0,3.0,53,16.7,34.2,1,Drizzle: Moderate,3,3,
62853,2021-07-02 19:00:00,40.675644,-73.94161,0,0,Driver Inattention/Distraction,4442532,24.3,19.2,29.6,29.6,0.0,23.0,63,14.1,27.7,284,Rain: Moderate,0,0,
62854,2021-07-30 01:20:00,40.640415,-74.01162,0,0,Alcohol Involvement,4442412,27.6,19.1,0.0,0.0,0.0,0.0,1,24.2,45.7,310,Mainly clear,0,0,Sunny/Clear Conditions
62855,2021-07-30 00:00:00,40.75455,-73.96252,2,0,Driver Inattention/Distraction,4442695,27.6,19.1,0.0,0.0,0.0,0.0,1,24.2,45.7,310,Mainly clear,2,2,Sunny/Clear Conditions
62856,2021-07-18 16:50:00,40.629036,-74.16538,2,0,Driver Inattention/Distraction,4441989,28.4,23.1,12.4,12.4,0.0,10.0,63,19.6,39.2,232,Rain: Moderate,2,2,