,CRASH DATETIME,LATITUDE,LONGITUDE,NUMBER OF PERSONS INJURED,NUMBER OF PERSONS KILLED,CONTRIBUTING FACTOR VEHICLE 1,COLLISION_ID,temperature_2m_max,temperature_2m_min,precipitation_sum,rain_sum,snowfall_sum,precipitation_hours,weather_code,wind_speed_10m_max,wind_gusts_10m_max,wind_direction_10m_dominant,Weather Description,Severity_Score,Total_Affected_Persons,Weather_Category
62857,2021-07-31 12:40:00,40.607555,-74.08711,0,0,Following Too Closely,4442785,25.6,14.5,0.0,0.0,0.0,0.0,2,16.8,33.8,304,Partly cloudy,0,0,
62858,2021-07-28 13:09:00,40.718647,-73.83771,1,0,Unspecified,4441563,26.7,20.2,0.7,0.7,0.0,3.0,53,16.7,34.2,1,Drizzle: Moderate,1,1,
62859,2021-07-30 08:40:00,40.631706,-73.94649,0,0,Unspecified,4442316,27.6,19.1,0.0,0.0,0.0,0.0,1,24.2,45.7,310,Mainly clear,0,0,Sunny/Clear Conditions
62860,2021-07-30 11:45:00,40.747444,-73.8685,0,0,Following Too Closely,4441932,27.6,19.1,0.0,0.0,0.0,0.0,1,24.2,45.7,310,Mainly clear,0,0,Sunny/Clear Conditions
62861,2021-07-28 07:40:00,40.62788,-73.93251,0,0,Fell Asleep,4441497,26.7,20.2,0.7,0.7,0.0,3.0,53,16.7,34.2,1,Drizzle: Moderate,0,0,
62862,2021-07-28 10:50:00,40.76434,-73.98834,0,0,Driver Inattention/Distraction,4441564,26.7,20.2,0.7,0.7,0.0,3.0,53,16.7,34.2,1,Drizzle: Moderate,0,0,
62863,2021-07-27 16:21:00,40.595566,-73.99996,0,0,Unspecified,4442196,30.4,19.1,0.2,0.2,0.0,2.0,51,19.5,38.9,206,Drizzle: Light,0,0,
62864,2021-07-31 06:55:00,40.709427,-73.91045,0,0,Fell Asleep,4442583,25.6,14.5,0.0,0.0,0.0,0.0,2,16.8,33.8,304,Partly cloudy,0,0,
62865,2021-07-31 00:10:00,40.699265,-73.72717,1,0,Unspecified,4441947,25.6,14.5,0.0,0.0,0.0,0.0,2,16.8,33.8,304,Partly cloudy,1,1,
62866,2021-07-31 14:45:00,40.76294,-73.86067,0,0,Driver Inattention/Distraction,4442572,25.6,14.5,0.0,0.0,0.0,0.0,2,16.8,33.8,304,Partly cloudy,0,0,
62867,2021-07-28 10:18:00,40.709076,-74.01406,1,0,Unspecified,4441541,26.7,20.2,0.7,0.7,0.0,3.0,53,16.7,34.2,1,Drizzle: Moderate,1,1,
62868,2021-07-29 19:10:00,40.637108,-73.89338,0,0,Backing Unsafely,4441765,25.3,20.4,33.0,33.0,0.0,11.0,65,26.1,50.8,182,Rain: Heavy,0,0,
62869,2021-07-25 14:38:00,40.629227,-73.93956,0,0,Other Vehicular,4441964,28.0,20.3,7.3,7.3,0.0,10.0,63,20.9,43.2,198,Rain: Moderate,0,0,
62870,2021-07-30 18:10:00,40.84492,-73.82031,1,0,Unspecified,4442928,27.6,19.1,0.0,0.0,0.0,0.0,1,24.2,45.7,310,Mainly clear,1,1,Sunny/Clear Conditions
62871,2021-07-28 01:45:00,40.744938,-73.90959,0,0,Passing or Lane Usage Improper,4441203,26.7,20.2,0.7,0.7,0.0,3.0,53,16.7,34.2,1,Drizzle: Moderate,0,0,
62872,2021-07-31 13:45:00,40.81479,-73.93614,2,0,Driver Inattention/Distraction,4442760,25.6,14.5,0.0,0.0,0.0,0.0,2,16.8,33.8,304,Partly cloudy,2,2,
62873,2021-07-31 18:26:00,40.70154,-73.963875,1,0,Driver Inattention/Distraction,4442993,25.6,14.5,0.0,0.0,0.0,0.0,2,16.8,33.8,304,Partly cloudy,1,1,
62874,2021-07-29 06:45:00,40.753407,-73.852356,0,0,Unspecified,4441795,25.3,20.4,33.0,33.0,0.0,11.0,65,26.1,50.8,182,Rain: Heavy,0,0,
62875,2021-07-16 13:00:00,40.735924,-73.78534,0,0,Unspecified,4442393,32.3,23.2,0.3,0.3,0.0,3.0,51,12.3,33.1,238,Drizzle: Light,0,0,
62876,2021-07-29 23:05:00,40.661835,-73.893105,0,0,Unspecified,4442043,25.3,20.4,33.0,33.0,0.0,11.0,65,26.1,50.8,182,Rain: Heavy,0,0,
62877,2021-07-05 18:48:00,40.8421,-73.92624,0,0,Reaction to Uninvolved Vehicle,4442063,26.4,17.3,0.7,0.7,0.0,2.0,53,18.8,34.6,142,Drizzle: Moderate,0,0,
62878,2021-07-15 17:56:00,40.611637,-73.91287,0,0,Unspecified,4441848,29.3,21.2,0.1,0.1,0.0,1.0,51,13.7,27.4,212,Drizzle: Light,0,0,
62879,2021-07-29 00:10:00,40.627827,-73.89021,0,0,Unspecified,4441477,25.3,20.4,33.0,33.0,0.0,11.0,65,26.1,50.8,182,Rain: Heavy,0,0,
62880,2021-07-28 17:20:00,40.75426,-73.74334,0,0,Unsafe Lane Changing,4441715,26.7,20.2,0.7,0.7,0.0,3.0,53,16.7,34.2,1,Drizzle: Moderate,0,0,
62881,2021-07-30 12:25:00,40.772675,-73.833595,0,0,Backing Unsafely,4441843,27.6,19.1,0.0,0.0,0.0,0.0,1,24.2,45.7,310,Mainly clear,0,0,Sunny/Clear Conditions
62882,2021-07-11 02:39:00,40.656914,-73.95315,2,0,Unsafe Speed,4442704,24.9,19.8,2.5,2.5,0.0,9.0,53,15.8,35.3,141,Drizzle: Moderate,2,2,
62883,2021-07-29 18:04:00,40.84105,-73.94469,0,0,Driver Inattention/Distraction,4441828,25.3,20.4,33.0,33.0,0.0,11.0,65,26.1,50.8,182,Rain: Heavy,0,0,
62884,2021-07-31 19:20:00,40.74006,-73.789894,0,0,Driver Inattention/Distraction,4442940,25.6,14.5,0.0,0.0,0.0,0.0,2,16.8,33.8,304,Partly cloudy,0,0,
62885,2021-07-29 10:50:00,40.684277,-73.78302,0,0,Tow Hitch Defective,4441754,25.3,20.4,33.0,33.0,0.0,11.0,65,26.1,50.8,182,Rain: Heavy,0,0,
62886,2021-07-28 08:30:00,40.60855,-74.13216,0,0,Backing Unsafely,4441988,26.7,20.2,0.7,0.7,0.0,3.0,53,16.7,34.2,1,Drizzle: Moderate,0,0,
62887,2021-07-28 00:37:00,40.61283,-74.03365,1,0,Unspecified,4441244,26.7,20.2,0.7,0.7,0.0,3.0,53,16.7,34.2,1,Drizzle: Moderate,1,1,
62888,2021-07-27 23:57:00,40.86258,-73.925385,0,0,Driver Inattention/Distraction,4442483,30.4,19.1,0.2,0.2,0.0,2.0,51,19.5,38.9,206,Drizzle: Light,0,0,
62889,2021-07-30 02:00:00,40.665733,-73.755585,0,0,Alcohol Involvement,4441771,27.6,19.1,0.0,0.0,0.0,0.0,1,24.2,45.7,310,Mainly clear,0,0,Sunny/Clear Conditions
62890,2021-07-28 15:30:00,40.575806,-73.9922,0,0,Unspecified,4441459,26.7,20.2,0.7,0.7,0.0,3.0,53,16.7,34.2,1,Drizzle: Moderate,0,0,
62891,2021-07-27 11:23:00,40.855385,-73.9181,2,0,Driver Inattention/Distraction,4441916,30.4,19.1,0.2,0.2,0.0,2.0,51,19.5,38.9,206,Drizzle: Light,2,2,
62892,2021-07-29 00:33:00,40.84286,-73.893486,1,0,Driver Inattention/Distraction,4441542,25.3,20.4,33.0,33.0,0.0,11.0,65,26.1,50.8,182,Rain: Heavy,1,1,
62893,2021-07-27 21:43:00,40.811253,-73.949646,0,0,Unspecified,4442048,30.4,19.1,0.2,0.2,0.0,2.0,51,19.5,38.9,206,Drizzle: Light,0,0,
62894,2021-07-31 02:15:00,40.74788,-73.85731,0,0,Failure to Yield Right-of-Way,4442507,25.6,14.5,0.0,0.0,0.0,0.0,2,16.8,33.8,304,Partly cloudy,0,0,
62895,2021-07-08 08:00:00,40.788265,-73.93893,0,0,Passing Too Closely,4441975,28.3,21.3,15.2,15.2,0.0,12.0,63,16.9,48.2,125,Rain: Moderate,0,0,
62896,2021-07-31 22:22:00,40.7497,-73.902565,1,0,Failure to Yield Right-of-Way,4442214,25.6,14.5,0.0,0.0,0.0,0.0,2,16.8,33.8,304,Partly cloudy,1,1,
62897,2021-07-29 20:12:00,40.600082,-73.96591,1,0,Driver Inattention/Distraction,4441803,25.3,20.4,33.0,33.0,0.0,11.0,65,26.1,50.8,182,Rain: Heavy,1,1,
62898,2021-07-26 04:49:00,40.841133,-73.924,0,0,Unsafe Speed,4442065,31.4,21.8,0.0,0.0,0.0,0.0,3,13.0,25.6,295,Overcast,0,0,
62899,2021-07-31 00:50:00,40.607243,-73.98726,1,0,Unspecified,4442197,25.6,14.5,0.0,0.0,0.0,0.0,2,16.8,33.8,304,Partly cloudy,1,1,
62900,2021-07-24 18:50:00,40.686394,-73.782455,0,0,Unsafe Speed,4442082,26.8,18.2,0.0,0.0,0.0,0.0,3,16.3,31.7,152,Overcast,0,0,
62901,2021-07-28 09:23:00,40.870415,-73.91515,0,0,Unspecified,4442488,26.7,20.2,0.7,0.7,0.0,3.0,53,16.7,34.2,1,Drizzle: Moderate,0,0,
62902,2021-07-28 16:40:00,40.82485,-73.911316,0,0,Other Vehicular,4441490,26.7,20.2,0.7,0.7,0.0,3.0,53,16.7,34.2,1,Drizzle: Moderate,0,0,
62903,2021-07-05 04:35:00,40.761215,-73.886406,0,0,Traffic Control Disregarded,4443171,26.4,17.3,0.7,0.7,0.0,2.0,53,18.8,34.6,142,Drizzle: Moderate,0,0,
62904,2021-07-28 12:53:00,40.712757,-73.902,0,0,Failure to Yield Right-of-Way,4441702,26.7,20.2,0.7,0.7,0.0,3.0,53,16.7,34.2,1,Drizzle: Moderate,0,0,
62905,2021-07-27 10:25:00,40.823536,-73.868416,0,0,Unspecified,4442926,30.4,19.1,0.2,0.2,0.0,2.0,51,19.5,38.9,206,Drizzle: Light,0,0,
62906,2021-07-31 18:34:00,40.68588,-73.838875,0,0,Unspecified,4442832,25.6,14.5,0.0,0.0,0.0,0.0,2,16.8,33.8,304,Partly cloudy,0,0,
62907,2021-07-31 03:00:00,40.836792,-73.84669,1,0,Unsafe Speed,4442303,25.6,14.5,0.0,0.0,0.0,0.0,2,16.8,33.8,304,Partly cloudy,1,1,
62908,2021-07-31 14:00:00,40.78356,-73.82449,1,0,Following Too Closely,4442353,25.6,14.5,0.0,0.0,0.0,0.0,2,16.8,33.8,304,Partly cloudy,1,1,
62909,2021-07-29 16:35:00,40.64932,-73.904175,0,0,Driver Inattention/Distraction,4441917,25.3,20.4,33.0,33.0,0.0,11.0,65,26.1,50.8,182,Rain: Heavy,0,0,
62910,2021-07-29 18:18:00,40.625576,-74.01927,0,0,Unspecified,4441738,25.3,20.4,33.0,33.0,0.0,11.0,65,26.1,50.8,182,Rain: Heavy,0,0,
62911,2021-07-27 14:18:00,40.69754,-73.98312,0,0,Following Too Closely,4441902,30.4,19.1,0.2,0.2,0.0,2.0,51,19.5,38.9,206,Drizzle: Light,0,0,
62912,2021-07-24 07:10:00,40.724552,-73.72452,0,0,Driver Inattention/Distraction,4439920,26.8,18.2,0.0,0.0,0.0,0.0,3,16.3,31.7,152,Overcast,0,0,
62913,2021-07-30 08:30:00,40.74121,-73.84277,0,0,Following Too Closely,4442070,27.6,19.1,0.0,0.0,0.0,0.0,1,24.2,45.7,310,Mainly clear,0,0,Sunny/Clear Conditions
62914,2021-07-28 13:40:00,40.744556,-73.983185,0,0,Unsafe Lane Changing,4441517,26.7,20.2,0.7,0.7,0.0,3.0,53,16.7,34.2,1,Drizzle: Moderate,0,0,
62915,2021-07-31 11:35:00,40.88599,-73.82792,0,0,Failure to Yield Right-of-Way,4442683,25.6,14.5,0.0,0.0,0.0,0.0,2,16.8,33.8,304,Partly cloudy,0,0,
62916,2021-07-30 16:16:00,40.59064,-73.97514,1,0,Driver Inattention/Distraction,4442254,27.6,19.1,0.0,0.0,0.0,0.0,1,24.2,45.7,310,Mainly clear,1,1,Sunny/Clear Conditions
62917,2021-07-31 20:20:00,40.66495,-73.92288,1,0,Unspecified,4442642,25.6,14.5,0.0,0.0,0.0,0.0,2,16.8,33.8,304,Partly cloudy,1,1,
62918,2021-07-29 08:30:00,40.760216,-73.89826,0,0,Unspecified,4442656,25.3,20.4,33.0,33.0,0.0,11.0,65,26.1,50.8,182,Rain: Heavy,0,0,
62919,2021-07-26 22:00:00,40.508713,-74.248055,0,0,Unspecified,4442857,31.4,21.8,0.0,0.0,0.0,0.0,3,13.0,25.6,295,Overcast,0,0,
62920,2021-07-29 16:15:00,40.71513,-73.83055,0,0,Driver Inattention/Distraction,4443066,25.3,20.4,33.0,33.0,0.0,11.0,65,26.1,50.8,182,Rain: Heavy,0,0,
62921,2021-07-30 12:00:00,40.85162,-73.8265,0,0,Unspecified,4441870,27.6,19.1,0.0,0.0,0.0,0.0,1,24.2,45.7,310,Mainly clear,0,0,Sunny/Clear Conditions
62922,2021-07-29 19:33:00,40.623962,-73.97245,0,0,Unspecified,4442464,25.3,20.4,33.0,33.0,0.0,11.0,65,26.1,50.8,182,Rain: Heavy,0,0,
62923,2021-07-31 13:20:00,40.67549,-73.93885,0,0,Passing Too Closely,4442533,25.6,14.5,0.0,0.0,0.0,0.0,2,16.8,33.8,304,Partly cloudy,0,0,
62924,2021-07-24 17:15:00,40.707752,-73.94666,1,0,Passing or Lane Usage Improper,4442961,26.8,18.2,0.0,0.0,0.0,0.0,3,16.3,31.7,152,Overcast,1,1,
62925,2021-07-31 09:43:00,40.682667,-74.0023,0,0,Driver Inattention/Distraction,4442445,25.6,14.5,0.0,0.0,0.0,0.0,2,16.8,33.8,304,Partly cloudy,0,0,
62926,2021-07-27 21:50:00,40.652557,-73.96043,0,0,Turning Improperly,4442288,30.4,19.1,0.2,0.2,0.0,2.0,51,19.5,38.9,206,Drizzle: Light,0,0,
62927,2021-07-31 19:55:00,40.829163,-73.93727,0,0,Pedestrian/Bicyclist/Other Pedestrian Error/Confusion,4442743,25.6,14.5,0.0,0.0,0.0,0.0,2,16.8,33.8,304,Partly cloudy,0,0,
62928,2021-07-23 15:25:00,40.73453,-73.99227,0,0,Passing Too Closely,4442369,26.2,17.3,0.0,0.0,0.0,0.0,1,11.3,27.0,340,Mainly clear,0,0,Sunny/Clear Conditions
62929,2021-07-27 19:25:00,40.69375,-73.93079,0,0,Driver Inattention/Distraction,4442606,30.4,19.1,0.2,0.2,0.0,2.0,51,19.5,38.9,206,Drizzle: Light,0,0,
62930,2021-07-31 11:31:00,40.63904,-73.9611,0,0,Unspecified,4442320,25.6,14.5,0.0,0.0,0.0,0.0,2,16.8,33.8,304,Partly cloudy,0,0,
62931,2021-07-25 08:24:00,40.68434,-73.93534,0,0,Unsafe Speed,4442637,28.0,20.3,7.3,7.3,0.0,10.0,63,20.9,43.2,198,Rain: Moderate,0,0,
62932,2021-07-30 12:12:00,40.707214,-73.96615,1,0,Following Too Closely,4443009,27.6,19.1,0.0,0.0,0.0,0.0,1,24.2,45.7,310,Mainly clear,1,1,Sunny/Clear Conditions
62933,2021-07-18 15:08:00,40.81824,-73.87001,2,0,Aggressive Driving/Road Rage,4441838,28.4,23.1,12.4,12.4,0.0,10.0,63,19.6,39.2,232,Rain: Moderate,2,2,
62934,2021-07-28 16:50:00,40.64292,-74.00069,0,0,Following Too Closely,4441788,26.7,20.2,0.7,0.7,0.0,3.0,53,16.7,34.2,1,Drizzle: Moderate,0,0,
62935,2021-07-30 13:00:00,40.66484,-73.82229,0,0,Unsafe Lane Changing,4442791,27.6,19.1,0.0,0.0,0.0,0.0,1,24.2,45.7,310,Mainly clear,0,0,Sunny/Clear Conditions
62936,2021-07-29 20:30:00,40.64592,-74.02384,0,0,Unspecified,4442407,25.3,20.4,33.0,33.0,0.0,11.0,65,26.1,50.8,182,Rain: Heavy,0,0,
62937,2021-07-29 16:00:00,40.726547,-73.726265,0,0,Unspecified,4441885,25.3,20.4,33.0,33.0,0.0,11.0,65,26.1,50.8,182,Rain: Heavy,0,0,
62938,2021-07-30 19:25:00,40.86834,-73.891884,0,0,Unspecified,4442885,27.6,19.1,0.0,0.0,0.0,0.0,1,24.2,45.7,310,Mainly clear,0,0,Sunny/Clear Conditions
62939,2021-07-28 11:30:00,40.85934,-73.90448,1,0,Traffic Control Disregarded,4441373,26.7,20.2,0.7,0.7,0.0,3.0,53,16.7,34.2,1,Drizzle: Moderate,1,1,
62940,2021-07-28 07:00:00,40.754707,-73.87575,1,0,Unspecified,4441392,26.7,20.2,0.7,0.7,0.0,3.0,53,16.7,34.2,1,Drizzle: Moderate,1,1,
62941,2021-07-31 18:00:00,40.813046,-73.86007,2,0,Unspecified,4442954,25.6,14.5,0.0,0.0,0.0,0.0,2,16.8,33.8,304,Partly cloudy,2,2,
62942,2021-07-31 14:55:00,40.542427,-74.14591,0,0,Following Too Closely,4442134,25.6,14.5,0.0,0.0,0.0,0.0,2,16.8,33.8,304,Partly cloudy,0,0,
62943,2021-07-28 12:00:00,40.677776,-73.91564,0,0,Other Vehicular,4441606,26.7,20.2,0.7,0.7,0.0,3.0,53,16.7,34.2,1,Drizzle: Moderate,0,0,
62944,2021-07-27 14:10:00,40.80964,-73.947845,0,0,Turning Improperly,4442364,30.4,19.1,0.2,0.2,0.0,2.0,51,19.5,38.9,206,Drizzle: Light,0,0,
62945,2021-07-26 10:14:00,40.84506,-73.916855,0,0,Passing or Lane Usage Improper,4442097,31.4,21.8,0.0,0.0,0.0,0.0,3,13.0,25.6,295,Overcast,0,0,
62946,2021-07-29 23:15:00,40.70919,-73.99513,0,0,Unspecified,4441928,25.3,20.4,33.0,33.0,0.0,11.0,65,26.1,50.8,182,Rain: Heavy,0,0,
62947,2021-07-29 15:11:00,40.835167,-73.857185,1,0,Passing Too Closely,4441833,25.3,20.4,33.0,33.0,0.0,11.0,65,26.1,50.8,182,Rain: Heavy,1,1,
62948,2021-07-28 02:10:00,40.71042,-73.85964,0,0,Other Vehicular,4441472,26.7,20.2,0.7,0.7,0.0,3.0,53,16.7,34.2,1,Drizzle: Moderate,0,0,
62949,2021-07-29 00:00:00,40.704823,-73.92459,0,0,Passing Too Closely,4441960,25.3,20.4,33.0,33.0,0.0,11.0,65,26.1,50.8,182,Rain: Heavy,0,0,
62950,2021-07-28 21:59:00,40.675926,-73.95608,1,0,Passenger Distraction,4441686,26.7,20.2,0.7,0.7,0.0,3.0,53,16.7,34.2,1,Drizzle: Moderate,1,1,
62951,2021-07-24 21:30:00,0.0,0.0,0,0,Driver Inattention/Distraction,4441943,26.8,18.2,0.0,0.0,0.0,0.0,3,16.3,31.7,152,Overcast,0,0,
62952,2021-07-30 12:38:00,40.710083,-73.99411,0,0,Backing Unsafely,4442229,27.6,19.1,0.0,0.0,0.0,0.0,1,24.2,45.7,310,Mainly clear,0,0,Sunny/Clear Conditions
62953,2021-07-31 08:00:00,40.740894,-73.87974,1,0,Passing or Lane Usage Improper,4442166,25.6,14.5,0.0,0.0,0.0,0.0,2,16.8,33.8,304,Partly cloudy,1,1,
62954,2021-07-12 18:23:00,40.641186,-73.91956,0,0,Unspecified,4441965,28.6,22.0,9.7,9.7,0.0,12.0,63,12.0,31.7,107,Rain: Moderate,0,0,
62955,2021-07-29 08:15:00,40.687355,-73.9183,0,0,Driver Inattention/Distraction,4441810,25.3,20.4,33.0,33.0,0.0,11.0,65,26.1,50.8,182,Rain: Heavy,0,0,
62956,2021-07-31 14:00:00,40.760662,-73.814,1,0,Failure to Yield Right-of-Way,4442330,25.6,14.5,0.0,0.0,0.0,0.0,2,16.8,33.8,304,Partly cloudy,1,1,
62957,2021-07-28 09:55:00,40.83609,-73.86522,0,0,Unspecified,4441359,26.7,20.2,0.7,0.7,0.0,3.0,53,16.7,34.2,1,Drizzle: Moderate,0,0,
62958,2021-07-29 00:00:00,40.812737,-73.93762,1,0,Unspecified,4441568,25.3,20.4,33.0,33.0,0.0,11.0,65,26.1,50.8,182,Rain: Heavy,1,1,
62959,2021-07-28 10:50:00,40.81676,-73.917465,0,0,Driver Inattention/Distraction,4441621,26.7,20.2,0.7,0.7,0.0,3.0,53,16.7,34.2,1,Drizzle: Moderate,0,0,
62960,2021-07-31 06:00:00,40.718136,-73.75726,0,0,Unspecified,4442359,25.6,14.5,0.0,0.0,0.0,0.0,2,16.8,33.8,304,Partly cloudy,0,0,
62961,2021-07-29 17:38:00,40.81396,-73.928185,0,0,Driver Inattention/Distraction,4442270,25.3,20.4,33.0,33.0,0.0,11.0,65,26.1,50.8,182,Rain: Heavy,0,0,
62962,2021-07-28 00:00:00,40.878643,-73.871605,0,0,Driver Inattention/Distraction,4441381,26.7,20.2,0.7,0.7,0.0,3.0,53,16.7,34.2,1,Drizzle: Moderate,0,0,
62963,2021-07-22 08:40:00,40.717022,-73.96527,0,0,Driver Inattention/Distraction,4442989,26.7,17.5,0.0,0.0,0.0,0.0,3,15.3,28.4,327,Overcast,0,0,
62964,2021-07-28 17:37:00,40.860996,-73.89643,0,0,Unspecified,4441506,26.7,20.2,0.7,0.7,0.0,3.0,53,16.7,34.2,1,Drizzle: Moderate,0,0,
62965,2021-07-31 17:44:00,40.759346,-73.91981,0,0,Driver Inattention/Distraction,4442471,25.6,14.5,0.0,0.0,0.0,0.0,2,16.8,33.8,304,Partly cloudy,0,0,
62966,2021-07-29 20:00:00,40.84506,-73.916855,0,0,Driver Inattention/Distraction,4442003,25.3,20.4,33.0,33.0,0.0,11.0,65,26.1,50.8,182,Rain: Heavy,0,0,
62967,2021-07-29 17:25:00,40.701813,-73.80888,0,0,Backing Unsafely,4441748,25.3,20.4,33.0,33.0,0.0,11.0,65,26.1,50.8,182,Rain: Heavy,0,0,
62968,2021-07-30 13:10:00,40.73937,-73.79189,1,0,Driver Inattention/Distraction,4442391,27.6,19.1,0.0,0.0,0.0,0.0,1,24.2,45.7,310,Mainly clear,1,1,Sunny/Clear Conditions
62969,2021-07-31 06:00:00,40.76501,-73.8871,0,0,Unspecified,4442102,25.6,14.5,0.0,0.0,0.0,0.0,2,16.8,33.8,304,Partly cloudy,0,0,
62970,2021-07-28 06:30:00,40.671204,-73.90051,1,0,Traffic Control Disregarded,4442020,26.7,20.2,0.7,0.7,0.0,3.0,53,16.7,34.2,1,Drizzle: Moderate,1,1,
62971,2021-07-30 12:50:00,40.68798,-73.91943,0,0,View Obstructed/Limited,4442626,27.6,19.1,0.0,0.0,0.0,0.0,1,24.2,45.7,310,Mainly clear,0,0,Sunny/Clear Conditions
62972,2021-07-28 08:50:00,40.70066,-73.98775,0,0,Passing Too Closely,4441778,26.7,20.2,0.7,0.7,0.0,3.0,53,16.7,34.2,1,Drizzle: Moderate,0,0,
62973,2021-07-29 01:30:00,40.754456,-73.85559,0,0,Driver Inattention/Distraction,4441697,25.3,20.4,33.0,33.0,0.0,11.0,65,26.1,50.8,182,Rain: Heavy,0,0,
62974,2021-07-27 23:05:00,40.63787,-73.90963,0,0,Driver Inattention/Distraction,4441897,30.4,19.1,0.2,0.2,0.0,2.0,51,19.5,38.9,206,Drizzle: Light,0,0,
62975,2021-07-28 20:00:00,40.746426,-73.895424,1,0,Backing Unsafely,4441467,26.7,20.2,0.7,0.7,0.0,3.0,53,16.7,34.2,1,Drizzle: Moderate,1,1,
62976,2021-07-30 22:00:00,40.74217,-73.88071,0,0,Driver Inattention/Distraction,4442161,27.6,19.1,0.0,0.0,0.0,0.0,1,24.2,45.7,310,Mainly clear,0,0,Sunny/Clear Conditions
62977,2021-07-29 08:40:00,40.60997,-74.00343,0,0,Driver Inattention/Distraction,4442428,25.3,20.4,33.0,33.0,0.0,11.0,65,26.1,50.8,182,Rain: Heavy,0,0,
62978,2021-07-29 13:35:00,40.72172,-73.76172,1,0,Driver Inattention/Distraction,4442396,25.3,20.4,33.0,33.0,0.0,11.0,65,26.1,50.8,182,Rain: Heavy,1,1,
62979,2021-07-29 16:40:00,40.629505,-73.94416,1,0,View Obstructed/Limited,4441971,25.3,20.4,33.0,33.0,0.0,11.0,65,26.1,50.8,182,Rain: Heavy,1,1,
62980,2021-07-28 14:00:00,40.749718,-73.9935,1,0,Unspecified,4441511,26.7,20.2,0.7,0.7,0.0,3.0,53,16.7,34.2,1,Drizzle: Moderate,1,1,
62981,2021-07-28 23:15:00,40.827377,-73.81404,0,0,Unspecified,4441865,26.7,20.2,0.7,0.7,0.0,3.0,53,16.7,34.2,1,Drizzle: Moderate,0,0,
62982,2021-07-31 11:56:00,40.6349,-73.91892,0,0,Driver Inattention/Distraction,4442889,25.6,14.5,0.0,0.0,0.0,0.0,2,16.8,33.8,304,Partly cloudy,0,0,
62983,2021-07-30 13:00:00,40.67617,-74.006966,0,0,Failure to Keep Right,4443151,27.6,19.1,0.0,0.0,0.0,0.0,1,24.2,45.7,310,Mainly clear,0,0,Sunny/Clear Conditions
62984,2021-07-29 13:56:00,40.637856,-73.899536,1,0,Turning Improperly,4442201,25.3,20.4,33.0,33.0,0.0,11.0,65,26.1,50.8,182,Rain: Heavy,1,1,
62985,2021-07-28 18:15:00,40.567703,-74.112526,1,0,Unspecified,4442119,26.7,20.2,0.7,0.7,0.0,3.0,53,16.7,34.2,1,Drizzle: Moderate,1,1,
62986,2021-07-30 01:15:00,40.639053,-73.881584,0,0,Driver Inattention/Distraction,4442058,27.6,19.1,0.0,0.0,0.0,0.0,1,24.2,45.7,310,Mainly clear,0,0,Sunny/Clear Conditions
62987,2021-07-21 11:30:00,40.730083,-74.004814,1,0,Driver Inattention/Distraction,4442374,27.6,20.9,1.4,1.4,0.0,4.0,53,16.0,31.3,315,Drizzle: Moderate,1,1,
62988,2021-07-22 20:15:00,40.761967,-73.93212,1,0,Driver Inattention/Distraction,4442440,26.7,17.5,0.0,0.0,0.0,0.0,3,15.3,28.4,327,Overcast,1,1,
62989,2021-07-30 16:25:00,40.76529,-73.979485,0,0,Driver Inattention/Distraction,4442841,27.6,19.1,0.0,0.0,0.0,0.0,1,24.2,45.7,310,Mainly clear,0,0,Sunny/Clear Conditions
62990,2021-07-29 22:00:00,40.61029,-74.13167,0,0,Unspecified,4441997,25.3,20.4,33.0,33.0,0.0,11.0,65,26.1,50.8,182,Rain: Heavy,0,0,
62991,2021-07-29 14:03:00,40.666706,-73.871826,0,0,Driver Inattention/Distraction,4442029,25.3,20.4,33.0,33.0,0.0,11.0,65,26.1,50.8,182,Rain: Heavy,0,0,
62992,2021-07-31 23:15:00,40.78833,-73.94913,0,0,Unspecified,4442947,25.6,14.5,0.0,0.0,0.0,0.0,2,16.8,33.8,304,Partly cloudy,0,0,
62993,2021-07-28 11:30:00,40.667286,-73.96173,0,0,Reaction to Uninvolved Vehicle,4442712,26.7,20.2,0.7,0.7,0.0,3.0,53,16.7,34.2,1,Drizzle: Moderate,0,0,
62994,2021-07-28 17:00:00,40.64254,-73.87652,0,0,Following Too Closely,4442615,26.7,20.2,0.7,0.7,0.0,3.0,53,16.7,34.2,1,Drizzle: Moderate,0,0,
62995,2021-07-29 21:40:00,40.753605,-73.9871,1,0,Passenger Distraction,4442299,25.3,20.4,33.0,33.0,0.0,11.0,65,26.1,50.8,182,Rain: Heavy,1,1,
62996,2021-07-31 21:00:00,40.66411,-73.74045,0,0,Unspecified,4442218,25.6,14.5,0.0,0.0,0.0,0.0,2,16.8,33.8,304,Partly cloudy,0,0,
62997,2021-07-29 14:15:00,40.75524,-73.97328,0,0,Brakes Defective,4442914,25.3,20.4,33.0,33.0,0.0,11.0,65,26.1,50.8,182,Rain: Heavy,0,0,
62998,2021-07-23 15:35:00,40.683094,-73.80576,0,0,Following Too Closely,4442087,26.2,17.3,0.0,0.0,0.0,0.0,1,11.3,27.0,340,Mainly clear,0,0,Sunny/Clear Conditions
62999,2021-07-31 11:55:00,40.81278,-73.95188,0,0,Passing Too Closely,4442798,25.6,14.5,0.0,0.0,0.0,0.0,2,16.8,33.8,304,Partly cloudy,0,0,