,CRASH DATETIME,LATITUDE,LONGITUDE,NUMBER OF PERSONS INJURED,NUMBER OF PERSONS KILLED,CONTRIBUTING FACTOR VEHICLE 1,COLLISION_ID,temperature_2m_max,temperature_2m_min,precipitation_sum,rain_sum,snowfall_sum,precipitation_hours,weather_code,wind_speed_10m_max,wind_gusts_10m_max,wind_direction_10m_dominant,Weather Description,Severity_Score,Total_Affected_Persons,Weather_Category
63000,2021-06-18 13:45:00,40.655632,-73.95987,1,0,Driver Inattention/Distraction,4443078,27.4,13.8,0.0,0.0,0.0,0.0,3,20.5,40.3,210,Overcast,1,1,
63001,2021-07-17 00:45:00,40.747658,-73.883736,0,0,Driver Inattention/Distraction,4443125,30.8,23.3,5.1,5.1,0.0,5.0,61,17.8,36.4,201,Rain: Light,0,0,
63002,2021-07-31 19:57:00,40.6107,-73.9534,1,0,Unspecified,4442250,25.6,14.5,0.0,0.0,0.0,0.0,2,16.8,33.8,304,Partly cloudy,1,1,
63003,2021-07-29 12:10:00,40.624706,-74.13644,0,0,Unspecified,4441992,25.3,20.4,33.0,33.0,0.0,11.0,65,26.1,50.8,182,Rain: Heavy,0,0,
63004,2021-07-30 07:44:00,40.65203,-74.0052,0,0,Unspecified,4442386,27.6,19.1,0.0,0.0,0.0,0.0,1,24.2,45.7,310,Mainly clear,0,0,Sunny/Clear Conditions
63005,2021-07-30 09:55:00,40.73883,-73.983154,1,0,Driver Inattention/Distraction,4441860,27.6,19.1,0.0,0.0,0.0,0.0,1,24.2,45.7,310,Mainly clear,1,1,Sunny/Clear Conditions
63006,2021-07-29 16:30:00,40.70295,-73.858536,1,0,Failure to Yield Right-of-Way,4442556,25.3,20.4,33.0,33.0,0.0,11.0,65,26.1,50.8,182,Rain: Heavy,1,1,
63007,2021-06-25 13:45:00,40.679565,-73.93436,1,0,Unspecified,4442597,24.7,15.6,0.0,0.0,0.0,0.0,3,20.9,41.0,144,Overcast,1,1,
63008,2021-07-28 19:22:00,40.86431,-73.901474,0,0,Unspecified,4441821,26.7,20.2,0.7,0.7,0.0,3.0,53,16.7,34.2,1,Drizzle: Moderate,0,0,
63009,2021-07-29 14:55:00,40.667313,-73.73926,2,0,Reaction to Uninvolved Vehicle,4441742,25.3,20.4,33.0,33.0,0.0,11.0,65,26.1,50.8,182,Rain: Heavy,2,2,
63010,2021-07-29 12:00:00,40.65264,-73.876785,0,0,Unspecified,4442055,25.3,20.4,33.0,33.0,0.0,11.0,65,26.1,50.8,182,Rain: Heavy,0,0,
63011,2021-07-30 19:31:00,40.8313,-73.90074,1,0,Driver Inattention/Distraction,4442283,27.6,19.1,0.0,0.0,0.0,0.0,1,24.2,45.7,310,Mainly clear,1,1,Sunny/Clear Conditions
63012,2021-07-31 02:31:00,40.721462,-73.98853,1,0,Driver Inattention/Distraction,4442234,25.6,14.5,0.0,0.0,0.0,0.0,2,16.8,33.8,304,Partly cloudy,1,1,
63013,2021-07-29 15:15:00,40.82077,-73.95459,0,0,Backing Unsafely,4442738,25.3,20.4,33.0,33.0,0.0,11.0,65,26.1,50.8,182,Rain: Heavy,0,0,
63014,2021-07-05 01:15:00,40.693073,-73.7733,1,0,Reaction to Uninvolved Vehicle,4442982,26.4,17.3,0.7,0.7,0.0,2.0,53,18.8,34.6,142,Drizzle: Moderate,1,1,
63015,2021-07-28 15:00:00,40.60817,-74.08559,0,0,Unspecified,4442423,26.7,20.2,0.7,0.7,0.0,3.0,53,16.7,34.2,1,Drizzle: Moderate,0,0,
63016,2021-07-28 06:04:00,40.69951,-73.82096,0,0,Passing Too Closely,4442822,26.7,20.2,0.7,0.7,0.0,3.0,53,16.7,34.2,1,Drizzle: Moderate,0,0,
63017,2021-07-31 02:00:00,40.582874,-73.98053,1,0,Following Too Closely,4443034,25.6,14.5,0.0,0.0,0.0,0.0,2,16.8,33.8,304,Partly cloudy,1,1,
63018,2021-07-29 12:50:00,40.71327,-73.96209,0,0,Turning Improperly,4443015,25.3,20.4,33.0,33.0,0.0,11.0,65,26.1,50.8,182,Rain: Heavy,0,0,
63019,2021-07-29 14:01:00,40.84589,-73.8263,0,0,Other Vehicular,4441853,25.3,20.4,33.0,33.0,0.0,11.0,65,26.1,50.8,182,Rain: Heavy,0,0,
63020,2021-07-27 12:00:00,40.65661,-73.93091,1,0,Unspecified,4442186,30.4,19.1,0.2,0.2,0.0,2.0,51,19.5,38.9,206,Drizzle: Light,1,1,
63021,2021-07-31 23:50:00,40.739243,-73.87116,0,0,Passing or Lane Usage Improper,4442514,25.6,14.5,0.0,0.0,0.0,0.0,2,16.8,33.8,304,Partly cloudy,0,0,
63022,2021-07-29 11:41:00,40.66495,-73.993355,2,0,Unspecified,4442602,25.3,20.4,33.0,33.0,0.0,11.0,65,26.1,50.8,182,Rain: Heavy,2,2,
63023,2021-07-29 07:21:00,40.76468,-73.9643,0,0,Turning Improperly,4441597,25.3,20.4,33.0,33.0,0.0,11.0,65,26.1,50.8,182,Rain: Heavy,0,0,
63024,2021-07-30 18:43:00,40.633984,-73.889404,1,0,Driver Inattention/Distraction,4442151,27.6,19.1,0.0,0.0,0.0,0.0,1,24.2,45.7,310,Mainly clear,1,1,Sunny/Clear Conditions
63025,2021-07-30 19:00:00,40.61132,-74.114716,0,0,Passing or Lane Usage Improper,4442787,27.6,19.1,0.0,0.0,0.0,0.0,1,24.2,45.7,310,Mainly clear,0,0,Sunny/Clear Conditions
63026,2021-07-29 08:45:00,40.858868,-73.89113,0,0,Pedestrian/Bicyclist/Other Pedestrian Error/Confusion,4442771,25.3,20.4,33.0,33.0,0.0,11.0,65,26.1,50.8,182,Rain: Heavy,0,0,
63027,2021-07-24 22:00:00,40.703373,-73.93764,1,0,Unsafe Speed,4442966,26.8,18.2,0.0,0.0,0.0,0.0,3,16.3,31.7,152,Overcast,1,1,
63028,2021-07-27 17:52:00,40.814934,-73.91496,0,0,Unspecified,4442266,30.4,19.1,0.2,0.2,0.0,2.0,51,19.5,38.9,206,Drizzle: Light,0,0,
63029,2021-07-31 03:00:00,40.669403,-73.94221,2,0,Driver Inattention/Distraction,4442562,25.6,14.5,0.0,0.0,0.0,0.0,2,16.8,33.8,304,Partly cloudy,2,2,
63030,2021-07-30 00:32:00,40.75585,-73.88259,0,0,Driver Inattention/Distraction,4441939,27.6,19.1,0.0,0.0,0.0,0.0,1,24.2,45.7,310,Mainly clear,0,0,Sunny/Clear Conditions
63031,2021-07-28 05:10:00,40.82325,-73.88277,0,0,Backing Unsafely,4441309,26.7,20.2,0.7,0.7,0.0,3.0,53,16.7,34.2,1,Drizzle: Moderate,0,0,
63032,2021-07-01 15:35:00,40.831978,-73.93515,0,0,Other Vehicular,4442751,27.8,22.2,25.2,25.2,0.0,12.0,65,10.6,33.1,280,Rain: Heavy,0,0,
63033,2021-07-29 11:19:00,40.627987,-73.93078,4,0,Failure to Yield Right-of-Way,4441674,25.3,20.4,33.0,33.0,0.0,11.0,65,26.1,50.8,182,Rain: Heavy,4,4,
63034,2021-07-26 08:30:00,40.728127,-73.88945,0,0,Unspecified,4442591,31.4,21.8,0.0,0.0,0.0,0.0,3,13.0,25.6,295,Overcast,0,0,
63035,2021-07-30 06:30:00,40.73634,-73.93266,0,0,Driver Inattention/Distraction,4441924,27.6,19.1,0.0,0.0,0.0,0.0,1,24.2,45.7,310,Mainly clear,0,0,Sunny/Clear Conditions
63036,2021-07-28 16:28:00,40.792362,-73.96418,1,0,Unspecified,4441448,26.7,20.2,0.7,0.7,0.0,3.0,53,16.7,34.2,1,Drizzle: Moderate,1,1,
63037,2021-07-31 23:15:00,40.733147,-74.00587,0,0,Driver Inattention/Distraction,4442810,25.6,14.5,0.0,0.0,0.0,0.0,2,16.8,33.8,304,Partly cloudy,0,0,
63038,2021-07-30 13:50:00,40.677086,-73.73887,1,0,Following Too Closely,4441892,27.6,19.1,0.0,0.0,0.0,0.0,1,24.2,45.7,310,Mainly clear,1,1,Sunny/Clear Conditions
63039,2021-07-28 22:38:00,40.513195,-74.24834,0,0,Illnes,4441632,26.7,20.2,0.7,0.7,0.0,3.0,53,16.7,34.2,1,Drizzle: Moderate,0,0,
63040,2021-07-31 13:40:00,40.595497,-74.084076,0,0,Failure to Yield Right-of-Way,4442129,25.6,14.5,0.0,0.0,0.0,0.0,2,16.8,33.8,304,Partly cloudy,0,0,
63041,2021-07-28 00:00:00,40.670708,-73.85352,4,0,Driver Inattention/Distraction,4441577,26.7,20.2,0.7,0.7,0.0,3.0,53,16.7,34.2,1,Drizzle: Moderate,4,4,
63042,2021-07-30 11:00:00,40.72998,-73.7269,0,0,Unspecified,4442417,27.6,19.1,0.0,0.0,0.0,0.0,1,24.2,45.7,310,Mainly clear,0,0,Sunny/Clear Conditions
63043,2021-07-30 10:20:00,40.84506,-73.916855,0,0,Driver Inattention/Distraction,4442146,27.6,19.1,0.0,0.0,0.0,0.0,1,24.2,45.7,310,Mainly clear,0,0,Sunny/Clear Conditions
63044,2021-07-29 20:21:00,40.786118,-73.804085,0,0,Traffic Control Disregarded,4442325,25.3,20.4,33.0,33.0,0.0,11.0,65,26.1,50.8,182,Rain: Heavy,0,0,
63045,2021-07-30 17:42:00,40.767803,-73.95601,0,0,Driver Inattention/Distraction,4441956,27.6,19.1,0.0,0.0,0.0,0.0,1,24.2,45.7,310,Mainly clear,0,0,Sunny/Clear Conditions
63046,2021-07-28 22:20:00,40.684647,-73.8687,0,0,Driver Inattention/Distraction,4442035,26.7,20.2,0.7,0.7,0.0,3.0,53,16.7,34.2,1,Drizzle: Moderate,0,0,
63047,2021-07-31 14:25:00,40.724556,-73.99152,0,0,Driver Inattention/Distraction,4442574,25.6,14.5,0.0,0.0,0.0,0.0,2,16.8,33.8,304,Partly cloudy,0,0,
63048,2021-07-30 13:00:00,40.655636,-74.00513,0,0,Backing Unsafely,4442401,27.6,19.1,0.0,0.0,0.0,0.0,1,24.2,45.7,310,Mainly clear,0,0,Sunny/Clear Conditions
63049,2021-07-28 14:30:00,40.793552,-73.945335,0,0,Passing Too Closely,4441528,26.7,20.2,0.7,0.7,0.0,3.0,53,16.7,34.2,1,Drizzle: Moderate,0,0,
63050,2021-07-20 14:10:00,40.882965,-73.82563,1,0,Unspecified,4441864,30.9,21.1,0.0,0.0,0.0,0.0,1,13.3,26.6,283,Mainly clear,1,1,Sunny/Clear Conditions
63051,2021-07-26 21:00:00,40.817505,-73.94494,0,0,Unspecified,4442007,31.4,21.8,0.0,0.0,0.0,0.0,3,13.0,25.6,295,Overcast,0,0,
63052,2021-07-29 19:50:00,40.771103,-73.96383,0,0,Following Too Closely,4441782,25.3,20.4,33.0,33.0,0.0,11.0,65,26.1,50.8,182,Rain: Heavy,0,0,
63053,2021-07-31 04:16:00,40.645206,-74.09389,1,0,Turning Improperly,4442433,25.6,14.5,0.0,0.0,0.0,0.0,2,16.8,33.8,304,Partly cloudy,1,1,
63054,2021-07-27 17:47:00,40.81782,-73.915276,2,0,Following Too Closely,4442846,30.4,19.1,0.2,0.2,0.0,2.0,51,19.5,38.9,206,Drizzle: Light,2,2,
63055,2021-07-31 02:30:00,40.871708,-73.84371,0,0,Driver Inattention/Distraction,4442616,25.6,14.5,0.0,0.0,0.0,0.0,2,16.8,33.8,304,Partly cloudy,0,0,
63056,2021-07-28 13:55:00,40.79829,-73.94082,0,0,Driver Inattention/Distraction,4441551,26.7,20.2,0.7,0.7,0.0,3.0,53,16.7,34.2,1,Drizzle: Moderate,0,0,
63057,2021-07-29 18:02:00,40.703384,-73.741684,0,0,Driver Inattention/Distraction,4441743,25.3,20.4,33.0,33.0,0.0,11.0,65,26.1,50.8,182,Rain: Heavy,0,0,
63058,2021-07-28 11:00:00,40.64166,-73.93705,0,0,Driver Inattention/Distraction,4441875,26.7,20.2,0.7,0.7,0.0,3.0,53,16.7,34.2,1,Drizzle: Moderate,0,0,
63059,2021-07-29 04:14:00,40.779007,-73.78211,0,0,Passing or Lane Usage Improper,4443136,25.3,20.4,33.0,33.0,0.0,11.0,65,26.1,50.8,182,Rain: Heavy,0,0,
63060,2021-07-31 04:01:00,40.741356,-73.989136,1,0,Turning Improperly,4442498,25.6,14.5,0.0,0.0,0.0,0.0,2,16.8,33.8,304,Partly cloudy,1,1,
63061,2021-07-29 04:30:00,40.711033,-73.7281,1,0,Reaction to Uninvolved Vehicle,4441480,25.3,20.4,33.0,33.0,0.0,11.0,65,26.1,50.8,182,Rain: Heavy,1,1,
63062,2021-07-31 07:02:00,40.630066,-74.10912,1,0,Unspecified,4442090,25.6,14.5,0.0,0.0,0.0,0.0,2,16.8,33.8,304,Partly cloudy,1,1,
63063,2021-07-30 02:00:00,40.754093,-73.99209,0,0,Driver Inattention/Distraction,4442295,27.6,19.1,0.0,0.0,0.0,0.0,1,24.2,45.7,310,Mainly clear,0,0,Sunny/Clear Conditions
63064,2021-07-30 14:03:00,40.666126,-73.9953,1,0,Unspecified,4442895,27.6,19.1,0.0,0.0,0.0,0.0,1,24.2,45.7,310,Mainly clear,1,1,Sunny/Clear Conditions
63065,2021-07-29 15:00:00,40.655388,-73.83896,0,0,Backing Unsafely,4441687,25.3,20.4,33.0,33.0,0.0,11.0,65,26.1,50.8,182,Rain: Heavy,0,0,
63066,2021-07-30 14:20:00,40.697407,-73.93601,1,0,Passing or Lane Usage Improper,4442073,27.6,19.1,0.0,0.0,0.0,0.0,1,24.2,45.7,310,Mainly clear,1,1,Sunny/Clear Conditions
63067,2021-07-31 18:04:00,40.622272,-73.93377,0,0,Traffic Control Disregarded,4442205,25.6,14.5,0.0,0.0,0.0,0.0,2,16.8,33.8,304,Partly cloudy,0,0,
63068,2021-07-31 19:00:00,40.683037,-73.96478,0,0,Driver Inexperience,4442222,25.6,14.5,0.0,0.0,0.0,0.0,2,16.8,33.8,304,Partly cloudy,0,0,
63069,2021-07-06 14:00:00,40.669636,-73.96195,1,0,Driver Inattention/Distraction,4442706,33.6,21.9,2.1,2.1,0.0,4.0,61,21.8,49.7,231,Rain: Light,1,1,
63070,2021-07-18 13:20:00,40.81359,-73.93967,0,0,Unspecified,4442012,28.4,23.1,12.4,12.4,0.0,10.0,63,19.6,39.2,232,Rain: Moderate,0,0,
63071,2021-07-30 23:38:00,40.654316,-73.922165,2,0,Passing or Lane Usage Improper,4442178,27.6,19.1,0.0,0.0,0.0,0.0,1,24.2,45.7,310,Mainly clear,2,2,Sunny/Clear Conditions
63072,2021-07-28 16:28:00,40.8385,-73.90598,0,0,Turning Improperly,4442062,26.7,20.2,0.7,0.7,0.0,3.0,53,16.7,34.2,1,Drizzle: Moderate,0,0,
63073,2021-07-31 08:01:00,40.662495,-73.92168,0,0,Unspecified,4442173,25.6,14.5,0.0,0.0,0.0,0.0,2,16.8,33.8,304,Partly cloudy,0,0,
63074,2021-07-29 11:00:00,40.667835,-73.89484,2,0,Unspecified,4442025,25.3,20.4,33.0,33.0,0.0,11.0,65,26.1,50.8,182,Rain: Heavy,2,2,
63075,2021-07-30 01:20:00,40.688232,-73.933105,0,0,Pavement Defective,4442601,27.6,19.1,0.0,0.0,0.0,0.0,1,24.2,45.7,310,Mainly clear,0,0,Sunny/Clear Conditions
63076,2021-07-30 13:34:00,40.827076,-73.85171,0,0,Unspecified,4442943,27.6,19.1,0.0,0.0,0.0,0.0,1,24.2,45.7,310,Mainly clear,0,0,Sunny/Clear Conditions
63077,2021-07-31 02:20:00,40.570747,-74.1281,0,0,Unsafe Speed,4442126,25.6,14.5,0.0,0.0,0.0,0.0,2,16.8,33.8,304,Partly cloudy,0,0,
63078,2021-07-28 13:00:00,40.71949,-73.99231,0,0,Passing Too Closely,4442215,26.7,20.2,0.7,0.7,0.0,3.0,53,16.7,34.2,1,Drizzle: Moderate,0,0,
63079,2021-07-26 12:36:00,40.682903,-73.92273,0,0,Driver Inattention/Distraction,4442633,31.4,21.8,0.0,0.0,0.0,0.0,3,13.0,25.6,295,Overcast,0,0,
63080,2021-07-28 05:50:00,40.706596,-73.908585,0,0,Unspecified,4442552,26.7,20.2,0.7,0.7,0.0,3.0,53,16.7,34.2,1,Drizzle: Moderate,0,0,
63081,2021-07-31 23:30:00,40.805058,-73.93904,0,0,Passing or Lane Usage Improper,4442834,25.6,14.5,0.0,0.0,0.0,0.0,2,16.8,33.8,304,Partly cloudy,0,0,
63082,2021-07-26 16:30:00,40.67542,-73.76358,0,0,Backing Unsafely,4442083,31.4,21.8,0.0,0.0,0.0,0.0,3,13.0,25.6,295,Overcast,0,0,
63083,2022-01-23 14:02:00,40.757584,-73.98213,1,0,Unspecified,4497181,2.8,-6.1,0.5,0.0,0.35,3.0,71,14.2,28.1,243,Snow fall: Light,1,1,Snowy Conditions
63084,2021-07-31 08:00:00,40.590355,-73.971886,1,0,Unspecified,4442246,25.6,14.5,0.0,0.0,0.0,0.0,2,16.8,33.8,304,Partly cloudy,1,1,
63085,2021-07-28 11:20:00,40.752132,-73.99125,0,0,Unspecified,4441510,26.7,20.2,0.7,0.7,0.0,3.0,53,16.7,34.2,1,Drizzle: Moderate,0,0,
63086,2021-07-24 20:38:00,40.65616,-73.76736,4,2,Unsafe Speed,4442158,26.8,18.2,0.0,0.0,0.0,0.0,3,16.3,31.7,152,Overcast,44,6,
63087,2021-07-28 17:15:00,40.729168,-74.0012,1,0,Driver Inattention/Distraction,4442381,26.7,20.2,0.7,0.7,0.0,3.0,53,16.7,34.2,1,Drizzle: Moderate,1,1,
63088,2021-07-30 20:20:00,40.64953,-73.91633,0,0,Unspecified,4441929,27.6,19.1,0.0,0.0,0.0,0.0,1,24.2,45.7,310,Mainly clear,0,0,Sunny/Clear Conditions
63089,2021-07-31 02:05:00,40.69158,-73.79319,0,0,Passing or Lane Usage Improper,4442777,25.6,14.5,0.0,0.0,0.0,0.0,2,16.8,33.8,304,Partly cloudy,0,0,
63090,2021-07-27 18:00:00,40.728657,-73.863266,3,0,Driver Inattention/Distraction,4442183,30.4,19.1,0.2,0.2,0.0,2.0,51,19.5,38.9,206,Drizzle: Light,3,3,
63091,2021-07-25 02:00:00,40.85891,-73.922966,3,0,Unsafe Speed,4443021,28.0,20.3,7.3,7.3,0.0,10.0,63,20.9,43.2,198,Rain: Moderate,3,3,
63092,2021-07-29 18:10:00,40.711082,-73.89923,0,0,Unspecified,4442582,25.3,20.4,33.0,33.0,0.0,11.0,65,26.1,50.8,182,Rain: Heavy,0,0,
63093,2021-07-30 19:13:00,40.84822,-73.883125,2,0,Driver Inattention/Distraction,4442755,27.6,19.1,0.0,0.0,0.0,0.0,1,24.2,45.7,310,Mainly clear,2,2,Sunny/Clear Conditions
63094,2021-07-29 15:00:00,40.72147,-73.9801,0,0,View Obstructed/Limited,4442569,25.3,20.4,33.0,33.0,0.0,11.0,65,26.1,50.8,182,Rain: Heavy,0,0,
63095,2021-07-30 23:20:00,40.757256,-73.98583,1,0,Driver Inattention/Distraction,4442240,27.6,19.1,0.0,0.0,0.0,0.0,1,24.2,45.7,310,Mainly clear,1,1,Sunny/Clear Conditions
63096,2021-07-28 16:30:00,40.680016,-73.87743,0,0,Tire Failure/Inadequate,4442051,26.7,20.2,0.7,0.7,0.0,3.0,53,16.7,34.2,1,Drizzle: Moderate,0,0,
63097,2021-07-31 18:30:00,40.69756,-73.85275,0,0,Following Too Closely,4442829,25.6,14.5,0.0,0.0,0.0,0.0,2,16.8,33.8,304,Partly cloudy,0,0,
63098,2021-07-25 17:00:00,40.702614,-73.96058,0,0,Following Too Closely,4443003,28.0,20.3,7.3,7.3,0.0,10.0,63,20.9,43.2,198,Rain: Moderate,0,0,
63099,2021-07-31 11:30:00,40.7615,-73.997826,0,0,Unspecified,4443152,25.6,14.5,0.0,0.0,0.0,0.0,2,16.8,33.8,304,Partly cloudy,0,0,
63100,2021-07-31 14:30:00,40.866047,-73.87207,0,0,Other Vehicular,4443027,25.6,14.5,0.0,0.0,0.0,0.0,2,16.8,33.8,304,Partly cloudy,0,0,
63101,2021-07-26 08:00:00,40.706093,-73.933525,0,0,Driver Inattention/Distraction,4442970,31.4,21.8,0.0,0.0,0.0,0.0,3,13.0,25.6,295,Overcast,0,0,
63102,2021-07-30 04:12:00,40.71058,-74.007385,0,0,Other Vehicular,4442803,27.6,19.1,0.0,0.0,0.0,0.0,1,24.2,45.7,310,Mainly clear,0,0,Sunny/Clear Conditions
63103,2021-07-25 15:48:00,40.77447,-73.9924,1,0,Driver Inattention/Distraction,4442190,28.0,20.3,7.3,7.3,0.0,10.0,63,20.9,43.2,198,Rain: Moderate,1,1,
63104,2021-07-24 13:55:00,40.714073,-73.95534,1,0,Driver Inattention/Distraction,4442911,26.8,18.2,0.0,0.0,0.0,0.0,3,16.3,31.7,152,Overcast,1,1,
63105,2021-07-31 21:15:00,40.652786,-73.91997,0,0,Driver Inattention/Distraction,4442664,25.6,14.5,0.0,0.0,0.0,0.0,2,16.8,33.8,304,Partly cloudy,0,0,
63106,2021-07-28 14:40:00,40.679035,-73.938515,0,0,Driver Inattention/Distraction,4442646,26.7,20.2,0.7,0.7,0.0,3.0,53,16.7,34.2,1,Drizzle: Moderate,0,0,
63107,2021-07-30 07:20:00,40.59287,-73.96878,0,0,Fell Asleep,4441993,27.6,19.1,0.0,0.0,0.0,0.0,1,24.2,45.7,310,Mainly clear,0,0,Sunny/Clear Conditions
63108,2021-07-24 23:45:00,40.714066,-73.94938,0,0,Passing Too Closely,4442568,26.8,18.2,0.0,0.0,0.0,0.0,3,16.3,31.7,152,Overcast,0,0,
63109,2021-07-29 08:45:00,40.769222,-73.967316,0,0,Passing or Lane Usage Improper,4441642,25.3,20.4,33.0,33.0,0.0,11.0,65,26.1,50.8,182,Rain: Heavy,0,0,
63110,2021-07-30 09:06:00,40.640713,-73.989784,2,0,Failure to Yield Right-of-Way,4442465,27.6,19.1,0.0,0.0,0.0,0.0,1,24.2,45.7,310,Mainly clear,2,2,Sunny/Clear Conditions
63111,2021-07-31 22:35:00,40.614918,-73.91468,0,0,Driver Inattention/Distraction,4442261,25.6,14.5,0.0,0.0,0.0,0.0,2,16.8,33.8,304,Partly cloudy,0,0,
63112,2021-07-28 01:05:00,40.62186,-74.07207,0,0,Unsafe Speed,4441330,26.7,20.2,0.7,0.7,0.0,3.0,53,16.7,34.2,1,Drizzle: Moderate,0,0,
63113,2021-07-28 13:09:00,40.590393,-74.1661,1,0,Driver Inattention/Distraction,4441558,26.7,20.2,0.7,0.7,0.0,3.0,53,16.7,34.2,1,Drizzle: Moderate,1,1,
63114,2021-07-22 14:00:00,40.72282,-73.89498,0,0,Driver Inattention/Distraction,4442587,26.7,17.5,0.0,0.0,0.0,0.0,3,15.3,28.4,327,Overcast,0,0,
63115,2021-07-30 14:15:00,40.804585,-73.91213,0,0,Passing or Lane Usage Improper,4442105,27.6,19.1,0.0,0.0,0.0,0.0,1,24.2,45.7,310,Mainly clear,0,0,Sunny/Clear Conditions
63116,2021-07-29 11:00:00,40.709393,-73.9219,0,0,Traffic Control Disregarded,4442998,25.3,20.4,33.0,33.0,0.0,11.0,65,26.1,50.8,182,Rain: Heavy,0,0,
63117,2021-07-28 14:45:00,40.8168,-73.89705,1,0,Unspecified,4441409,26.7,20.2,0.7,0.7,0.0,3.0,53,16.7,34.2,1,Drizzle: Moderate,1,1,
63118,2021-07-29 18:53:00,40.624878,-73.96418,1,0,Unspecified,4442321,25.3,20.4,33.0,33.0,0.0,11.0,65,26.1,50.8,182,Rain: Heavy,1,1,
63119,2021-07-30 03:45:00,40.828518,-73.84119,0,0,Reaction to Uninvolved Vehicle,4441907,27.6,19.1,0.0,0.0,0.0,0.0,1,24.2,45.7,310,Mainly clear,0,0,Sunny/Clear Conditions
63120,2021-07-29 09:45:00,40.663925,-73.89961,0,0,Unspecified,4442039,25.3,20.4,33.0,33.0,0.0,11.0,65,26.1,50.8,182,Rain: Heavy,0,0,
63121,2021-07-25 17:10:00,40.8396,-73.929474,0,0,Driver Inattention/Distraction,4442141,28.0,20.3,7.3,7.3,0.0,10.0,63,20.9,43.2,198,Rain: Moderate,0,0,
63122,2021-07-28 10:06:00,40.75979,-73.98793,1,0,Pedestrian/Bicyclist/Other Pedestrian Error/Confusion,4441565,26.7,20.2,0.7,0.7,0.0,3.0,53,16.7,34.2,1,Drizzle: Moderate,1,1,
63123,2021-07-28 09:30:00,40.718304,-73.987404,1,0,Accelerator Defective,4441476,26.7,20.2,0.7,0.7,0.0,3.0,53,16.7,34.2,1,Drizzle: Moderate,1,1,
63124,2021-07-28 09:50:00,40.72293,-73.847336,0,0,Backing Unsafely,4441556,26.7,20.2,0.7,0.7,0.0,3.0,53,16.7,34.2,1,Drizzle: Moderate,0,0,
63125,2021-07-29 18:05:00,40.67973,-73.76162,1,0,Driver Inattention/Distraction,4441758,25.3,20.4,33.0,33.0,0.0,11.0,65,26.1,50.8,182,Rain: Heavy,1,1,
63126,2021-07-29 02:03:00,40.698536,-73.91788,2,0,Driver Inattention/Distraction,4441524,25.3,20.4,33.0,33.0,0.0,11.0,65,26.1,50.8,182,Rain: Heavy,2,2,
63127,2021-07-30 00:08:00,40.674255,-73.87989,0,0,Driver Inattention/Distraction,4441766,27.6,19.1,0.0,0.0,0.0,0.0,1,24.2,45.7,310,Mainly clear,0,0,Sunny/Clear Conditions
63128,2021-07-28 15:18:00,40.676937,-73.92183,0,0,Unspecified,4442929,26.7,20.2,0.7,0.7,0.0,3.0,53,16.7,34.2,1,Drizzle: Moderate,0,0,
63129,2021-07-30 07:00:00,40.78356,-73.82449,1,0,Unsafe Lane Changing,4442334,27.6,19.1,0.0,0.0,0.0,0.0,1,24.2,45.7,310,Mainly clear,1,1,Sunny/Clear Conditions
63130,2021-07-31 22:00:00,40.821198,-73.91716,0,0,Unspecified,4442733,25.6,14.5,0.0,0.0,0.0,0.0,2,16.8,33.8,304,Partly cloudy,0,0,
63131,2021-07-29 16:30:00,40.858112,-73.93299,0,0,Passing or Lane Usage Improper,4442503,25.3,20.4,33.0,33.0,0.0,11.0,65,26.1,50.8,182,Rain: Heavy,0,0,
63132,2021-07-29 17:05:00,40.700214,-73.94632,1,0,Passing or Lane Usage Improper,4442992,25.3,20.4,33.0,33.0,0.0,11.0,65,26.1,50.8,182,Rain: Heavy,1,1,
63133,2021-07-29 13:05:00,40.8452,-73.916885,0,0,Reaction to Uninvolved Vehicle,4441799,25.3,20.4,33.0,33.0,0.0,11.0,65,26.1,50.8,182,Rain: Heavy,0,0,
63134,2021-07-31 12:25:00,40.65569,-73.84004,0,0,Driver Inattention/Distraction,4442169,25.6,14.5,0.0,0.0,0.0,0.0,2,16.8,33.8,304,Partly cloudy,0,0,
63135,2021-07-30 15:06:00,40.79275,-73.97132,0,0,Passing or Lane Usage Improper,4441896,27.6,19.1,0.0,0.0,0.0,0.0,1,24.2,45.7,310,Mainly clear,0,0,Sunny/Clear Conditions
63136,2021-07-29 07:26:00,40.778614,-73.83887,0,0,Passing or Lane Usage Improper,4442348,25.3,20.4,33.0,33.0,0.0,11.0,65,26.1,50.8,182,Rain: Heavy,0,0,
63137,2021-07-29 17:17:00,40.794075,-73.972206,0,0,Passing Too Closely,4441714,25.3,20.4,33.0,33.0,0.0,11.0,65,26.1,50.8,182,Rain: Heavy,0,0,
63138,2021-07-30 01:05:00,40.663296,-73.88979,0,0,Unspecified,4442044,27.6,19.1,0.0,0.0,0.0,0.0,1,24.2,45.7,310,Mainly clear,0,0,Sunny/Clear Conditions