,CRASH DATETIME,LATITUDE,LONGITUDE,NUMBER OF PERSONS INJURED,NUMBER OF PERSONS KILLED,CONTRIBUTING FACTOR VEHICLE 1,COLLISION_ID,temperature_2m_max,temperature_2m_min,precipitation_sum,rain_sum,snowfall_sum,precipitation_hours,weather_code,wind_speed_10m_max,wind_gusts_10m_max,wind_direction_10m_dominant,Weather Description,Severity_Score,Total_Affected_Persons,Weather_Category
63139,2021-07-26 15:22:00,40.730587,-73.95772,0,0,Following Too Closely,4441847,31.4,21.8,0.0,0.0,0.0,0.0,3,13.0,25.6,295,Overcast,0,0,
63140,2021-07-30 22:00:00,40.644756,-74.099724,1,0,Unspecified,4442484,27.6,19.1,0.0,0.0,0.0,0.0,1,24.2,45.7,310,Mainly clear,1,1,Sunny/Clear Conditions
63141,2021-07-30 21:30:00,40.687504,-73.91465,0,0,Driver Inattention/Distraction,4442077,27.6,19.1,0.0,0.0,0.0,0.0,1,24.2,45.7,310,Mainly clear,0,0,Sunny/Clear Conditions
63142,2021-07-31 16:25:00,40.6436,-73.94979,0,0,Unspecified,4442193,25.6,14.5,0.0,0.0,0.0,0.0,2,16.8,33.8,304,Partly cloudy,0,0,
63143,2021-07-28 16:55:00,40.57741,-73.96237,1,0,Driver Inattention/Distraction,4442307,26.7,20.2,0.7,0.7,0.0,3.0,53,16.7,34.2,1,Drizzle: Moderate,1,1,
63144,2021-07-31 14:35:00,40.87965,-73.84236,0,0,Driver Inattention/Distraction,4442650,25.6,14.5,0.0,0.0,0.0,0.0,2,16.8,33.8,304,Partly cloudy,0,0,
63145,2021-07-31 14:10:00,40.868015,-73.89997,2,0,Backing Unsafely,4442879,25.6,14.5,0.0,0.0,0.0,0.0,2,16.8,33.8,304,Partly cloudy,2,2,
63146,2021-07-25 22:00:00,40.806057,-73.91779,0,0,Unspecified,4443099,28.0,20.3,7.3,7.3,0.0,10.0,63,20.9,43.2,198,Rain: Moderate,0,0,
63147,2021-07-30 18:50:00,40.738373,-73.86008,1,0,Failure to Yield Right-of-Way,4441934,27.6,19.1,0.0,0.0,0.0,0.0,1,24.2,45.7,310,Mainly clear,1,1,Sunny/Clear Conditions
63148,2021-07-31 23:00:00,40.63858,-73.9396,0,0,Driver Inattention/Distraction,4442629,25.6,14.5,0.0,0.0,0.0,0.0,2,16.8,33.8,304,Partly cloudy,0,0,
63149,2021-07-31 10:00:00,40.61458,-74.022804,1,0,Fell Asleep,4442094,25.6,14.5,0.0,0.0,0.0,0.0,2,16.8,33.8,304,Partly cloudy,1,1,
63150,2021-07-26 23:00:00,40.611008,-73.995186,0,0,Driver Inattention/Distraction,4442694,31.4,21.8,0.0,0.0,0.0,0.0,3,13.0,25.6,295,Overcast,0,0,
63151,2021-07-25 15:07:00,40.72705,-73.954704,0,0,View Obstructed/Limited,4442902,28.0,20.3,7.3,7.3,0.0,10.0,63,20.9,43.2,198,Rain: Moderate,0,0,
63152,2021-07-28 19:30:00,40.640236,-73.90598,1,0,Driver Inattention/Distraction,4442210,26.7,20.2,0.7,0.7,0.0,3.0,53,16.7,34.2,1,Drizzle: Moderate,1,1,
63153,2021-07-28 08:20:00,40.88881,-73.85578,0,0,Driver Inattention/Distraction,4442614,26.7,20.2,0.7,0.7,0.0,3.0,53,16.7,34.2,1,Drizzle: Moderate,0,0,
63154,2021-07-30 16:50:00,40.847813,-73.90754,0,0,Turning Improperly,4442863,27.6,19.1,0.0,0.0,0.0,0.0,1,24.2,45.7,310,Mainly clear,0,0,Sunny/Clear Conditions
63155,2021-07-26 20:20:00,40.84543,-73.91399,1,0,Unsafe Speed,4442066,31.4,21.8,0.0,0.0,0.0,0.0,3,13.0,25.6,295,Overcast,1,1,
63156,2021-07-28 10:06:00,40.748203,-74.005424,1,0,Failure to Yield Right-of-Way,4442528,26.7,20.2,0.7,0.7,0.0,3.0,53,16.7,34.2,1,Drizzle: Moderate,1,1,
63157,2021-07-30 17:05:00,40.863163,-73.8942,1,0,Unspecified,4442898,27.6,19.1,0.0,0.0,0.0,0.0,1,24.2,45.7,310,Mainly clear,1,1,Sunny/Clear Conditions
63158,2021-07-28 12:44:00,40.647694,-73.95817,0,0,Backing Unsafely,4442315,26.7,20.2,0.7,0.7,0.0,3.0,53,16.7,34.2,1,Drizzle: Moderate,0,0,
63159,2021-07-31 11:03:00,40.773113,-73.82786,1,0,Turning Improperly,4442336,25.6,14.5,0.0,0.0,0.0,0.0,2,16.8,33.8,304,Partly cloudy,1,1,
63160,2021-07-29 12:54:00,40.603626,-74.06931,0,0,Following Too Closely,4442122,25.3,20.4,33.0,33.0,0.0,11.0,65,26.1,50.8,182,Rain: Heavy,0,0,
63161,2021-07-28 16:45:00,40.793743,-73.93706,1,0,Unsafe Lane Changing,4442198,26.7,20.2,0.7,0.7,0.0,3.0,53,16.7,34.2,1,Drizzle: Moderate,1,1,
63162,2021-07-31 15:28:00,40.585625,-73.954865,1,0,Unspecified,4442258,25.6,14.5,0.0,0.0,0.0,0.0,2,16.8,33.8,304,Partly cloudy,1,1,
63163,2021-07-27 17:09:00,40.719124,-73.791405,1,0,Following Too Closely,4442439,30.4,19.1,0.2,0.2,0.0,2.0,51,19.5,38.9,206,Drizzle: Light,1,1,
63164,2023-11-01 18:15:00,0.0,0.0,0,0,Other Vehicular,4676391,9.4,3.4,2.8,2.8,0.0,12.0,53,22.0,44.6,333,Drizzle: Moderate,0,0,
63165,2021-07-29 16:45:00,40.644382,-73.97402,0,0,Unspecified,4442459,25.3,20.4,33.0,33.0,0.0,11.0,65,26.1,50.8,182,Rain: Heavy,0,0,
63166,2021-07-30 21:15:00,40.831623,-73.95072,3,0,Driver Inattention/Distraction,4443073,27.6,19.1,0.0,0.0,0.0,0.0,1,24.2,45.7,310,Mainly clear,3,3,Sunny/Clear Conditions
63167,2021-07-29 16:05:00,40.82817,-73.86265,1,0,Unspecified,4441834,25.3,20.4,33.0,33.0,0.0,11.0,65,26.1,50.8,182,Rain: Heavy,1,1,
63168,2021-07-31 02:45:00,40.723747,-74.00612,0,0,Traffic Control Disregarded,4442807,25.6,14.5,0.0,0.0,0.0,0.0,2,16.8,33.8,304,Partly cloudy,0,0,
63169,2021-07-30 16:40:00,40.626545,-73.94101,1,0,Failure to Yield Right-of-Way,4441948,27.6,19.1,0.0,0.0,0.0,0.0,1,24.2,45.7,310,Mainly clear,1,1,Sunny/Clear Conditions
63170,2021-07-19 20:10:00,40.727814,-73.99116,1,0,Turning Improperly,4442547,27.5,20.8,0.5,0.5,0.0,2.0,51,12.8,29.9,307,Drizzle: Light,1,1,
63171,2021-07-31 20:56:00,40.8324,-73.890724,0,0,Unspecified,4442292,25.6,14.5,0.0,0.0,0.0,0.0,2,16.8,33.8,304,Partly cloudy,0,0,
63172,2021-07-27 18:45:00,40.70854,-73.93844,0,0,Driver Inattention/Distraction,4443005,30.4,19.1,0.2,0.2,0.0,2.0,51,19.5,38.9,206,Drizzle: Light,0,0,
63173,2021-07-29 18:00:00,40.67148,-73.97531,0,0,Unspecified,4441961,25.3,20.4,33.0,33.0,0.0,11.0,65,26.1,50.8,182,Rain: Heavy,0,0,
63174,2021-07-26 17:00:00,40.654343,-73.864204,0,0,Unspecified,4442049,31.4,21.8,0.0,0.0,0.0,0.0,3,13.0,25.6,295,Overcast,0,0,
63175,2021-07-27 21:15:00,40.802494,-73.9409,3,0,Traffic Control Disregarded,4442825,30.4,19.1,0.2,0.2,0.0,2.0,51,19.5,38.9,206,Drizzle: Light,3,3,
63176,2021-07-28 16:15:00,40.610443,-73.93462,2,0,Traffic Control Disregarded,4441966,26.7,20.2,0.7,0.7,0.0,3.0,53,16.7,34.2,1,Drizzle: Moderate,2,2,
63177,2021-07-30 20:47:00,40.820435,-73.93623,0,0,Following Too Closely,4442759,27.6,19.1,0.0,0.0,0.0,0.0,1,24.2,45.7,310,Mainly clear,0,0,Sunny/Clear Conditions
63178,2021-07-31 21:05:00,40.83609,-73.87039,1,0,Unspecified,4442956,25.6,14.5,0.0,0.0,0.0,0.0,2,16.8,33.8,304,Partly cloudy,1,1,
63179,2021-07-22 23:00:00,40.728363,-74.00282,2,0,Traffic Control Disregarded,4442368,26.7,17.5,0.0,0.0,0.0,0.0,3,15.3,28.4,327,Overcast,2,2,
63180,2021-07-28 09:46:00,40.81542,-73.9173,1,0,Unspecified,4441622,26.7,20.2,0.7,0.7,0.0,3.0,53,16.7,34.2,1,Drizzle: Moderate,1,1,
63181,2021-07-28 08:19:00,40.862747,-73.90494,0,0,Unspecified,4441379,26.7,20.2,0.7,0.7,0.0,3.0,53,16.7,34.2,1,Drizzle: Moderate,0,0,
63182,2021-07-28 12:16:00,40.739082,-73.79345,0,0,Brakes Defective,4441385,26.7,20.2,0.7,0.7,0.0,3.0,53,16.7,34.2,1,Drizzle: Moderate,0,0,
63183,2021-07-25 14:50:00,40.717472,-73.949,0,0,Turning Improperly,4443051,28.0,20.3,7.3,7.3,0.0,10.0,63,20.9,43.2,198,Rain: Moderate,0,0,
63184,2021-07-28 14:50:00,40.74184,-73.88101,0,0,Driver Inattention/Distraction,4441585,26.7,20.2,0.7,0.7,0.0,3.0,53,16.7,34.2,1,Drizzle: Moderate,0,0,
63185,2021-07-29 19:00:00,40.73574,-73.872665,1,0,Driver Inattention/Distraction,4441794,25.3,20.4,33.0,33.0,0.0,11.0,65,26.1,50.8,182,Rain: Heavy,1,1,
63186,2021-07-28 12:00:00,40.76961,-73.831505,0,0,Unspecified,4441429,26.7,20.2,0.7,0.7,0.0,3.0,53,16.7,34.2,1,Drizzle: Moderate,0,0,
63187,2021-07-30 13:25:00,40.664425,-73.98696,0,0,Aggressive Driving/Road Rage,4442400,27.6,19.1,0.0,0.0,0.0,0.0,1,24.2,45.7,310,Mainly clear,0,0,Sunny/Clear Conditions
63188,2021-07-28 11:05:00,40.869984,-73.86931,0,0,Backing Unsafely,4441607,26.7,20.2,0.7,0.7,0.0,3.0,53,16.7,34.2,1,Drizzle: Moderate,0,0,
63189,2021-07-27 15:40:00,40.64973,-73.96313,1,0,Alcohol Involvement,4442287,30.4,19.1,0.2,0.2,0.0,2.0,51,19.5,38.9,206,Drizzle: Light,1,1,
63190,2021-07-28 16:18:00,40.65257,-73.72558,1,0,Passing or Lane Usage Improper,4441466,26.7,20.2,0.7,0.7,0.0,3.0,53,16.7,34.2,1,Drizzle: Moderate,1,1,
63191,2021-07-19 16:00:00,40.78263,-73.9512,0,0,Driver Inattention/Distraction,4443164,27.5,20.8,0.5,0.5,0.0,2.0,51,12.8,29.9,307,Drizzle: Light,0,0,
63192,2021-07-29 06:30:00,40.646904,-74.01527,0,0,Failure to Yield Right-of-Way,4441652,25.3,20.4,33.0,33.0,0.0,11.0,65,26.1,50.8,182,Rain: Heavy,0,0,
63193,2021-07-27 20:00:00,40.71793,-74.00099,1,0,Failure to Yield Right-of-Way,4442225,30.4,19.1,0.2,0.2,0.0,2.0,51,19.5,38.9,206,Drizzle: Light,1,1,
63194,2021-07-29 16:05:00,40.835026,-73.858086,0,0,Unspecified,4441832,25.3,20.4,33.0,33.0,0.0,11.0,65,26.1,50.8,182,Rain: Heavy,0,0,
63195,2021-07-28 04:06:00,40.738728,-73.812164,0,1,Unsafe Speed,4441354,26.7,20.2,0.7,0.7,0.0,3.0,53,16.7,34.2,1,Drizzle: Moderate,20,1,
63196,2021-07-29 15:30:00,40.7096,-73.8318,0,0,Driver Inexperience,4441980,25.3,20.4,33.0,33.0,0.0,11.0,65,26.1,50.8,182,Rain: Heavy,0,0,
63197,2021-07-28 10:14:00,40.85713,-73.8808,1,0,Passing or Lane Usage Improper,4441587,26.7,20.2,0.7,0.7,0.0,3.0,53,16.7,34.2,1,Drizzle: Moderate,1,1,
63198,2021-07-26 10:50:00,40.601948,-73.99382,0,0,Driver Inattention/Distraction,4441911,31.4,21.8,0.0,0.0,0.0,0.0,3,13.0,25.6,295,Overcast,0,0,
63199,2021-07-31 05:26:00,40.803593,-73.919785,0,0,Unsafe Speed,4442274,25.6,14.5,0.0,0.0,0.0,0.0,2,16.8,33.8,304,Partly cloudy,0,0,
63200,2021-07-30 14:05:00,40.78383,-73.97783,0,0,Other Vehicular,4442137,27.6,19.1,0.0,0.0,0.0,0.0,1,24.2,45.7,310,Mainly clear,0,0,Sunny/Clear Conditions
63201,2021-07-29 09:50:00,40.556534,-74.12813,1,0,Failure to Yield Right-of-Way,4442120,25.3,20.4,33.0,33.0,0.0,11.0,65,26.1,50.8,182,Rain: Heavy,1,1,
63202,2021-07-31 23:25:00,40.802074,-73.93407,0,0,Unspecified,4442833,25.6,14.5,0.0,0.0,0.0,0.0,2,16.8,33.8,304,Partly cloudy,0,0,
63203,2021-07-31 22:50:00,40.692722,-73.72673,4,0,Unsafe Speed,4442363,25.6,14.5,0.0,0.0,0.0,0.0,2,16.8,33.8,304,Partly cloudy,4,4,
63204,2021-07-31 12:00:00,40.66563,-73.73921,0,0,View Obstructed/Limited,4442098,25.6,14.5,0.0,0.0,0.0,0.0,2,16.8,33.8,304,Partly cloudy,0,0,
63205,2021-07-28 23:23:00,40.63329,-73.97644,0,0,Unspecified,4442457,26.7,20.2,0.7,0.7,0.0,3.0,53,16.7,34.2,1,Drizzle: Moderate,0,0,
63206,2021-07-24 01:57:00,40.67786,-73.93863,3,0,Unsafe Speed,4442557,26.8,18.2,0.0,0.0,0.0,0.0,3,16.3,31.7,152,Overcast,3,3,
63207,2021-07-29 08:46:00,40.752064,-73.97351,0,0,Passing or Lane Usage Improper,4441648,25.3,20.4,33.0,33.0,0.0,11.0,65,26.1,50.8,182,Rain: Heavy,0,0,
63208,2021-07-29 12:30:00,40.698246,-73.92997,0,0,Passing Too Closely,4441959,25.3,20.4,33.0,33.0,0.0,11.0,65,26.1,50.8,182,Rain: Heavy,0,0,
63209,2021-07-22 00:30:00,40.69832,-73.90011,1,0,Traffic Control Disregarded,4442592,26.7,17.5,0.0,0.0,0.0,0.0,3,15.3,28.4,327,Overcast,1,1,
63210,2021-07-29 13:25:00,40.715446,-73.997955,0,0,Passing Too Closely,4442230,25.3,20.4,33.0,33.0,0.0,11.0,65,26.1,50.8,182,Rain: Heavy,0,0,
63211,2021-07-29 15:15:00,40.730118,-73.86232,0,0,Driver Inattention/Distraction,4441685,25.3,20.4,33.0,33.0,0.0,11.0,65,26.1,50.8,182,Rain: Heavy,0,0,
63212,2021-07-14 12:55:00,40.757935,-73.89242,0,0,Driver Inattention/Distraction,4441938,30.6,21.5,0.8,0.8,0.0,3.0,53,14.5,36.0,191,Drizzle: Moderate,0,0,
63213,2021-07-30 21:15:00,40.816307,-73.90806,0,0,Brakes Defective,4442273,27.6,19.1,0.0,0.0,0.0,0.0,1,24.2,45.7,310,Mainly clear,0,0,Sunny/Clear Conditions
63214,2021-07-28 12:30:00,40.764988,-73.82067,1,0,Failure to Yield Right-of-Way,4441428,26.7,20.2,0.7,0.7,0.0,3.0,53,16.7,34.2,1,Drizzle: Moderate,1,1,
63215,2021-07-26 14:40:00,40.638065,-73.97735,1,0,Driver Inattention/Distraction,4442387,31.4,21.8,0.0,0.0,0.0,0.0,3,13.0,25.6,295,Overcast,1,1,
63216,2021-07-27 23:00:00,40.6496,-73.96792,0,0,Unspecified,4442314,30.4,19.1,0.2,0.2,0.0,2.0,51,19.5,38.9,206,Drizzle: Light,0,0,
63217,2021-07-30 10:35:00,40.58229,-74.085625,0,0,Unspecified,4441822,27.6,19.1,0.0,0.0,0.0,0.0,1,24.2,45.7,310,Mainly clear,0,0,Sunny/Clear Conditions
63218,2021-07-30 19:31:00,40.817738,-73.924164,0,0,Glare,4442284,27.6,19.1,0.0,0.0,0.0,0.0,1,24.2,45.7,310,Mainly clear,0,0,Sunny/Clear Conditions
63219,2021-07-31 23:05:00,40.716793,-73.92155,1,0,Aggressive Driving/Road Rage,4442424,25.6,14.5,0.0,0.0,0.0,0.0,2,16.8,33.8,304,Partly cloudy,1,1,
63220,2021-07-26 08:40:00,40.72911,-74.01068,0,0,Driver Inattention/Distraction,4442370,31.4,21.8,0.0,0.0,0.0,0.0,3,13.0,25.6,295,Overcast,0,0,
63221,2021-07-31 21:43:00,40.613052,-73.94913,1,0,Driver Inattention/Distraction,4442251,25.6,14.5,0.0,0.0,0.0,0.0,2,16.8,33.8,304,Partly cloudy,1,1,
63222,2021-07-30 15:27:00,40.60574,-74.08353,1,0,Unsafe Speed,4442115,27.6,19.1,0.0,0.0,0.0,0.0,1,24.2,45.7,310,Mainly clear,1,1,Sunny/Clear Conditions
63223,2021-07-30 10:43:00,40.687286,-73.97982,0,0,Oversized Vehicle,4441827,27.6,19.1,0.0,0.0,0.0,0.0,1,24.2,45.7,310,Mainly clear,0,0,Sunny/Clear Conditions
63224,2021-07-21 07:45:00,40.67164,-73.95034,0,0,Passing Too Closely,4442534,27.6,20.9,1.4,1.4,0.0,4.0,53,16.0,31.3,315,Drizzle: Moderate,0,0,
63225,2021-07-28 17:20:00,40.85713,-73.8808,0,0,Following Too Closely,4441543,26.7,20.2,0.7,0.7,0.0,3.0,53,16.7,34.2,1,Drizzle: Moderate,0,0,
63226,2021-07-31 18:00:00,40.691017,-73.77464,0,0,Following Too Closely,4442792,25.6,14.5,0.0,0.0,0.0,0.0,2,16.8,33.8,304,Partly cloudy,0,0,
63227,2021-07-29 15:50:00,40.561275,-74.198456,0,0,Passing or Lane Usage Improper,4441817,25.3,20.4,33.0,33.0,0.0,11.0,65,26.1,50.8,182,Rain: Heavy,0,0,
63228,2021-07-28 20:06:00,40.621098,-74.01377,1,0,Failure to Yield Right-of-Way,4441713,26.7,20.2,0.7,0.7,0.0,3.0,53,16.7,34.2,1,Drizzle: Moderate,1,1,
63229,2021-07-30 18:50:00,40.70152,-73.94052,1,0,Driver Inattention/Distraction,4443010,27.6,19.1,0.0,0.0,0.0,0.0,1,24.2,45.7,310,Mainly clear,1,1,Sunny/Clear Conditions
63230,2021-07-31 23:22:00,40.854904,-73.89645,0,0,Following Too Closely,4442965,25.6,14.5,0.0,0.0,0.0,0.0,2,16.8,33.8,304,Partly cloudy,0,0,
63231,2021-07-30 16:10:00,40.686302,-73.793915,0,0,Failure to Yield Right-of-Way,4442081,27.6,19.1,0.0,0.0,0.0,0.0,1,24.2,45.7,310,Mainly clear,0,0,Sunny/Clear Conditions
63232,2021-07-28 16:51:00,40.644356,-73.995514,0,0,Unspecified,4441787,26.7,20.2,0.7,0.7,0.0,3.0,53,16.7,34.2,1,Drizzle: Moderate,0,0,
63233,2021-07-28 09:30:00,40.735634,-73.87602,1,0,Unspecified,4441370,26.7,20.2,0.7,0.7,0.0,3.0,53,16.7,34.2,1,Drizzle: Moderate,1,1,
63234,2021-07-24 13:20:00,40.613235,-73.92335,0,0,Unsafe Speed,4441949,26.8,18.2,0.0,0.0,0.0,0.0,3,16.3,31.7,152,Overcast,0,0,
63235,2021-07-31 18:50:00,40.665737,-73.75194,2,0,Unspecified,4442177,25.6,14.5,0.0,0.0,0.0,0.0,2,16.8,33.8,304,Partly cloudy,2,2,
63236,2021-07-29 03:30:00,40.682175,-73.733345,0,0,Unspecified,4441474,25.3,20.4,33.0,33.0,0.0,11.0,65,26.1,50.8,182,Rain: Heavy,0,0,
63237,2021-07-30 08:35:00,40.752098,-73.94425,1,0,View Obstructed/Limited,4441927,27.6,19.1,0.0,0.0,0.0,0.0,1,24.2,45.7,310,Mainly clear,1,1,Sunny/Clear Conditions
63238,2021-07-30 19:00:00,40.719933,-73.97879,2,0,Driver Inattention/Distraction,4442812,27.6,19.1,0.0,0.0,0.0,0.0,1,24.2,45.7,310,Mainly clear,2,2,Sunny/Clear Conditions
63239,2021-07-28 06:30:00,40.835674,-73.946815,0,0,Passing or Lane Usage Improper,4441329,26.7,20.2,0.7,0.7,0.0,3.0,53,16.7,34.2,1,Drizzle: Moderate,0,0,
63240,2021-07-28 20:30:00,40.704494,-73.81743,1,0,Passing or Lane Usage Improper,4441981,26.7,20.2,0.7,0.7,0.0,3.0,53,16.7,34.2,1,Drizzle: Moderate,1,1,
63241,2021-07-26 08:56:00,40.85735,-73.936584,0,0,Backing Unsafely,4442501,31.4,21.8,0.0,0.0,0.0,0.0,3,13.0,25.6,295,Overcast,0,0,
63242,2021-07-28 03:00:00,40.834995,-73.825,1,0,Driver Inexperience,4441918,26.7,20.2,0.7,0.7,0.0,3.0,53,16.7,34.2,1,Drizzle: Moderate,1,1,
63243,2021-07-28 14:24:00,40.617817,-74.03339,1,0,Unspecified,4441450,26.7,20.2,0.7,0.7,0.0,3.0,53,16.7,34.2,1,Drizzle: Moderate,1,1,
63244,2021-07-18 23:00:00,40.63347,-74.02102,1,0,Unspecified,4442108,28.4,23.1,12.4,12.4,0.0,10.0,63,19.6,39.2,232,Rain: Moderate,1,1,
63245,2021-07-29 07:42:00,40.827152,-73.83698,1,0,Unspecified,4441849,25.3,20.4,33.0,33.0,0.0,11.0,65,26.1,50.8,182,Rain: Heavy,1,1,
63246,2021-07-29 17:55:00,40.737682,-73.85206,1,0,Driver Inattention/Distraction,4443036,25.3,20.4,33.0,33.0,0.0,11.0,65,26.1,50.8,182,Rain: Heavy,1,1,
63247,2021-07-30 10:50:00,40.83994,-73.9242,0,0,Passing Too Closely,4442147,27.6,19.1,0.0,0.0,0.0,0.0,1,24.2,45.7,310,Mainly clear,0,0,Sunny/Clear Conditions
63248,2021-07-30 15:50:00,40.784725,-73.85036,1,0,Failure to Yield Right-of-Way,4442329,27.6,19.1,0.0,0.0,0.0,0.0,1,24.2,45.7,310,Mainly clear,1,1,Sunny/Clear Conditions
63249,2021-07-29 08:10:00,40.712162,-73.83495,0,0,Failure to Yield Right-of-Way,4441580,25.3,20.4,33.0,33.0,0.0,11.0,65,26.1,50.8,182,Rain: Heavy,0,0,
63250,2021-07-28 16:26:00,40.680016,-73.87743,0,0,Lane Marking Improper/Inadequate,4442034,26.7,20.2,0.7,0.7,0.0,3.0,53,16.7,34.2,1,Drizzle: Moderate,0,0,
63251,2021-07-12 20:40:00,40.749744,-73.884315,1,0,Unspecified,4442658,28.6,22.0,9.7,9.7,0.0,12.0,63,12.0,31.7,107,Rain: Moderate,1,1,
63252,2021-07-27 18:05:00,40.675446,-73.759514,1,0,Unspecified,4442764,30.4,19.1,0.2,0.2,0.0,2.0,51,19.5,38.9,206,Drizzle: Light,1,1,
63253,2021-07-24 10:00:00,0.0,0.0,0,0,Driver Inattention/Distraction,4442990,26.8,18.2,0.0,0.0,0.0,0.0,3,16.3,31.7,152,Overcast,0,0,
63254,2021-07-28 17:47:00,40.639847,-73.91055,1,0,Pedestrian/Bicyclist/Other Pedestrian Error/Confusion,4441438,26.7,20.2,0.7,0.7,0.0,3.0,53,16.7,34.2,1,Drizzle: Moderate,1,1,
63255,2021-07-28 19:55:00,40.840927,-73.912704,0,0,Driver Inattention/Distraction,4442002,26.7,20.2,0.7,0.7,0.0,3.0,53,16.7,34.2,1,Drizzle: Moderate,0,0,
63256,2021-07-30 16:00:00,40.628235,-73.996414,0,0,Unspecified,4442745,27.6,19.1,0.0,0.0,0.0,0.0,1,24.2,45.7,310,Mainly clear,0,0,Sunny/Clear Conditions
63257,2021-07-26 16:53:00,40.649452,-73.94077,1,0,Passing or Lane Usage Improper,4441871,31.4,21.8,0.0,0.0,0.0,0.0,3,13.0,25.6,295,Overcast,1,1,
63258,2021-07-31 17:00:00,40.81551,-73.93564,0,0,Unspecified,4442740,25.6,14.5,0.0,0.0,0.0,0.0,2,16.8,33.8,304,Partly cloudy,0,0,
63259,2021-07-29 15:00:00,40.666405,-73.802635,0,0,Following Too Closely,4441757,25.3,20.4,33.0,33.0,0.0,11.0,65,26.1,50.8,182,Rain: Heavy,0,0,
63260,2021-07-24 12:36:00,40.86446,-73.91895,0,0,Backing Unsafely,4442479,26.8,18.2,0.0,0.0,0.0,0.0,3,16.3,31.7,152,Overcast,0,0,
63261,2021-07-30 09:41:00,40.752052,-73.8307,0,0,Glare,4442347,27.6,19.1,0.0,0.0,0.0,0.0,1,24.2,45.7,310,Mainly clear,0,0,Sunny/Clear Conditions
63262,2021-07-28 15:06:00,40.899536,-73.89418,0,0,Unsafe Speed,4441655,26.7,20.2,0.7,0.7,0.0,3.0,53,16.7,34.2,1,Drizzle: Moderate,0,0,
63263,2021-07-26 22:00:00,40.70683,-73.9684,0,0,Unspecified,4443014,31.4,21.8,0.0,0.0,0.0,0.0,3,13.0,25.6,295,Overcast,0,0,
63264,2021-07-30 15:10:00,40.605175,-73.963425,1,0,Unspecified,4442244,27.6,19.1,0.0,0.0,0.0,0.0,1,24.2,45.7,310,Mainly clear,1,1,Sunny/Clear Conditions
63265,2021-07-31 19:45:00,40.66546,-73.74724,0,0,Unspecified,4442513,25.6,14.5,0.0,0.0,0.0,0.0,2,16.8,33.8,304,Partly cloudy,0,0,
63266,2021-07-25 14:40:00,40.706394,-73.95411,1,0,Illnes,4442962,28.0,20.3,7.3,7.3,0.0,10.0,63,20.9,43.2,198,Rain: Moderate,1,1,
63267,2021-07-28 19:02:00,40.65953,-73.73261,1,0,Failure to Yield Right-of-Way,4441886,26.7,20.2,0.7,0.7,0.0,3.0,53,16.7,34.2,1,Drizzle: Moderate,1,1,
63268,2021-07-30 21:07:00,40.69426,-73.91036,2,0,Failure to Yield Right-of-Way,4442076,27.6,19.1,0.0,0.0,0.0,0.0,1,24.2,45.7,310,Mainly clear,2,2,Sunny/Clear Conditions
63269,2022-01-23 19:55:00,40.682796,-73.732185,0,0,Unspecified,4496711,2.8,-6.1,0.5,0.0,0.35,3.0,71,14.2,28.1,243,Snow fall: Light,0,0,Snowy Conditions
63270,2021-07-28 14:23:00,40.606388,-73.952446,1,0,Following Too Closely,4441492,26.7,20.2,0.7,0.7,0.0,3.0,53,16.7,34.2,1,Drizzle: Moderate,1,1,
63271,2021-07-31 17:31:00,40.6666,-73.73177,0,0,Unsafe Speed,4442208,25.6,14.5,0.0,0.0,0.0,0.0,2,16.8,33.8,304,Partly cloudy,0,0,
63272,2021-07-31 09:16:00,40.86877,-73.83174,0,0,Driver Inattention/Distraction,4442306,25.6,14.5,0.0,0.0,0.0,0.0,2,16.8,33.8,304,Partly cloudy,0,0,
63273,2021-07-31 00:45:00,40.720642,-73.943275,0,0,Unspecified,4442913,25.6,14.5,0.0,0.0,0.0,0.0,2,16.8,33.8,304,Partly cloudy,0,0,
63274,2021-07-28 21:19:00,40.74074,-73.97601,1,0,Pedestrian/Bicyclist/Other Pedestrian Error/Confusion,4441672,26.7,20.2,0.7,0.7,0.0,3.0,53,16.7,34.2,1,Drizzle: Moderate,1,1,
63275,2021-07-31 12:17:00,40.67994,-73.941216,1,0,Failure to Yield Right-of-Way,4442945,25.6,14.5,0.0,0.0,0.0,0.0,2,16.8,33.8,304,Partly cloudy,1,1,
63276,2021-07-25 01:35:00,40.7636,-73.77098,1,0,Driver Inattention/Distraction,4441942,28.0,20.3,7.3,7.3,0.0,10.0,63,20.9,43.2,198,Rain: Moderate,1,1,
63277,2021-07-28 13:40:00,40.76155,-73.96659,1,0,Following Too Closely,4441639,26.7,20.2,0.7,0.7,0.0,3.0,53,16.7,34.2,1,Drizzle: Moderate,1,1,
63278,2021-07-27 10:00:00,40.736,-74.01004,0,0,Driver Inattention/Distraction,4442375,30.4,19.1,0.2,0.2,0.0,2.0,51,19.5,38.9,206,Drizzle: Light,0,0,
63279,2021-07-28 12:37:00,40.755753,-73.92801,0,0,Driver Inattention/Distraction,4441535,26.7,20.2,0.7,0.7,0.0,3.0,53,16.7,34.2,1,Drizzle: Moderate,0,0,
63280,2021-07-31 17:00:00,40.707306,-73.75122,1,0,Driver Inattention/Distraction,4442217,25.6,14.5,0.0,0.0,0.0,0.0,2,16.8,33.8,304,Partly cloudy,1,1,