,CRASH DATETIME,LATITUDE,LONGITUDE,NUMBER OF PERSONS INJURED,NUMBER OF PERSONS KILLED,CONTRIBUTING FACTOR VEHICLE 1,COLLISION_ID,temperature_2m_max,temperature_2m_min,precipitation_sum,rain_sum,snowfall_sum,precipitation_hours,weather_code,wind_speed_10m_max,wind_gusts_10m_max,wind_direction_10m_dominant,Weather Description,Severity_Score,Total_Affected_Persons,Weather_Category
63281,2021-07-09 15:55:00,40.66521,-73.93094,1,0,,4443079,29.8,22.0,35.0,35.0,0.0,14.0,63,31.0,55.8,341,Rain: Moderate,1,1,
63282,2021-07-29 13:45:00,40.786724,-73.94822,0,0,Driver Inattention/Distraction,4441737,25.3,20.4,33.0,33.0,0.0,11.0,65,26.1,50.8,182,Rain: Heavy,0,0,
63283,2021-07-29 16:49:00,40.85681,-73.89818,0,0,Other Vehicular,4441809,25.3,20.4,33.0,33.0,0.0,11.0,65,26.1,50.8,182,Rain: Heavy,0,0,
63284,2021-07-28 05:20:00,40.781853,-73.82523,0,0,Reaction to Uninvolved Vehicle,4442326,26.7,20.2,0.7,0.7,0.0,3.0,53,16.7,34.2,1,Drizzle: Moderate,0,0,
63285,2021-07-31 11:05:00,40.660362,-73.77553,0,0,Driver Inattention/Distraction,4442783,25.6,14.5,0.0,0.0,0.0,0.0,2,16.8,33.8,304,Partly cloudy,0,0,
63286,2021-07-29 15:10:00,40.679245,-73.92864,3,0,Following Too Closely,4442596,25.3,20.4,33.0,33.0,0.0,11.0,65,26.1,50.8,182,Rain: Heavy,3,3,
63287,2021-07-30 18:55:00,40.871346,-73.84967,0,0,Driver Inattention/Distraction,4441955,27.6,19.1,0.0,0.0,0.0,0.0,1,24.2,45.7,310,Mainly clear,0,0,Sunny/Clear Conditions
63288,2021-07-28 18:30:00,40.809395,-73.91954,1,0,Backing Unsafely,4441484,26.7,20.2,0.7,0.7,0.0,3.0,53,16.7,34.2,1,Drizzle: Moderate,1,1,
63289,2021-07-21 19:47:00,40.679348,-73.93067,1,0,View Obstructed/Limited,4442644,27.6,20.9,1.4,1.4,0.0,4.0,53,16.0,31.3,315,Drizzle: Moderate,1,1,
63290,2021-07-31 07:04:00,40.806065,-73.90905,0,0,Unsafe Speed,4442277,25.6,14.5,0.0,0.0,0.0,0.0,2,16.8,33.8,304,Partly cloudy,0,0,
63291,2021-07-29 17:45:00,40.6087,-73.97404,0,0,Unspecified,4441913,25.3,20.4,33.0,33.0,0.0,11.0,65,26.1,50.8,182,Rain: Heavy,0,0,
63292,2021-07-31 17:59:00,40.725105,-73.98878,0,0,Aggressive Driving/Road Rage,4442575,25.6,14.5,0.0,0.0,0.0,0.0,2,16.8,33.8,304,Partly cloudy,0,0,
63293,2021-07-24 22:40:00,40.71516,-73.90133,0,0,Passing Too Closely,4442581,26.8,18.2,0.0,0.0,0.0,0.0,3,16.3,31.7,152,Overcast,0,0,
63294,2021-07-29 21:47:00,40.709023,-73.798195,0,0,Unspecified,4441749,25.3,20.4,33.0,33.0,0.0,11.0,65,26.1,50.8,182,Rain: Heavy,0,0,
63295,2021-07-30 16:35:00,40.689884,-73.90878,0,0,Other Vehicular,4441898,27.6,19.1,0.0,0.0,0.0,0.0,1,24.2,45.7,310,Mainly clear,0,0,Sunny/Clear Conditions
63296,2021-07-29 13:00:00,40.793816,-73.94012,1,0,Other Vehicular,4441987,25.3,20.4,33.0,33.0,0.0,11.0,65,26.1,50.8,182,Rain: Heavy,1,1,
63297,2021-07-28 16:15:00,0.0,0.0,0,0,Unspecified,4441479,26.7,20.2,0.7,0.7,0.0,3.0,53,16.7,34.2,1,Drizzle: Moderate,0,0,
63298,2021-07-31 00:35:00,40.750946,-73.87051,0,0,Driver Inattention/Distraction,4442103,25.6,14.5,0.0,0.0,0.0,0.0,2,16.8,33.8,304,Partly cloudy,0,0,
63299,2021-07-28 00:25:00,40.66535,-73.81695,0,0,Reaction to Uninvolved Vehicle,4441246,26.7,20.2,0.7,0.7,0.0,3.0,53,16.7,34.2,1,Drizzle: Moderate,0,0,
63300,2021-07-28 16:00:00,40.717648,-73.98868,0,0,Pedestrian/Bicyclist/Other Pedestrian Error/Confusion,4441768,26.7,20.2,0.7,0.7,0.0,3.0,53,16.7,34.2,1,Drizzle: Moderate,0,0,
63301,2021-07-31 11:49:00,40.804962,-73.923065,0,0,Driver Inexperience,4442278,25.6,14.5,0.0,0.0,0.0,0.0,2,16.8,33.8,304,Partly cloudy,0,0,
63302,2021-07-30 12:20:00,40.795326,-73.9713,0,0,Unsafe Speed,4441854,27.6,19.1,0.0,0.0,0.0,0.0,1,24.2,45.7,310,Mainly clear,0,0,Sunny/Clear Conditions
63303,2021-07-29 23:50:00,40.67264,-73.87281,1,0,Unspecified,4442045,25.3,20.4,33.0,33.0,0.0,11.0,65,26.1,50.8,182,Rain: Heavy,1,1,
63304,2021-07-29 18:40:00,40.61332,-74.11945,1,0,Turning Improperly,4442429,25.3,20.4,33.0,33.0,0.0,11.0,65,26.1,50.8,182,Rain: Heavy,1,1,
63305,2021-07-28 11:35:00,40.842377,-73.86907,0,0,Unspecified,4441394,26.7,20.2,0.7,0.7,0.0,3.0,53,16.7,34.2,1,Drizzle: Moderate,0,0,
63306,2021-07-30 19:40:00,40.655197,-73.91354,1,0,Driver Inattention/Distraction,4442185,27.6,19.1,0.0,0.0,0.0,0.0,1,24.2,45.7,310,Mainly clear,1,1,Sunny/Clear Conditions
63307,2021-07-22 21:59:00,40.690132,-73.92953,0,0,Passenger Distraction,4442638,26.7,17.5,0.0,0.0,0.0,0.0,3,15.3,28.4,327,Overcast,0,0,
63308,2021-07-29 16:15:00,40.63172,-73.919136,0,0,Driver Inattention/Distraction,4441970,25.3,20.4,33.0,33.0,0.0,11.0,65,26.1,50.8,182,Rain: Heavy,0,0,
63309,2021-07-28 17:30:00,40.85179,-73.90279,2,0,Following Too Closely,4441512,26.7,20.2,0.7,0.7,0.0,3.0,53,16.7,34.2,1,Drizzle: Moderate,2,2,
63310,2021-07-29 11:05:00,40.887444,-73.878006,14,0,Unsafe Lane Changing,4442152,25.3,20.4,33.0,33.0,0.0,11.0,65,26.1,50.8,182,Rain: Heavy,14,14,
63311,2021-07-30 08:13:00,40.840195,-73.94307,0,0,Driver Inattention/Distraction,4441839,27.6,19.1,0.0,0.0,0.0,0.0,1,24.2,45.7,310,Mainly clear,0,0,Sunny/Clear Conditions
63312,2021-07-31 15:35:00,40.682358,-73.79376,0,0,Backing Unsafely,4442788,25.6,14.5,0.0,0.0,0.0,0.0,2,16.8,33.8,304,Partly cloudy,0,0,
63313,2021-07-29 19:35:00,40.58207,-73.950066,1,0,Driver Inattention/Distraction,4441804,25.3,20.4,33.0,33.0,0.0,11.0,65,26.1,50.8,182,Rain: Heavy,1,1,
63314,2021-07-29 12:50:00,40.71328,-73.76606,0,0,Lost Consciousness,4441719,25.3,20.4,33.0,33.0,0.0,11.0,65,26.1,50.8,182,Rain: Heavy,0,0,
63315,2021-07-29 22:00:00,40.78175,-73.98107,3,0,Driver Inattention/Distraction,4442135,25.3,20.4,33.0,33.0,0.0,11.0,65,26.1,50.8,182,Rain: Heavy,3,3,
63316,2021-07-21 23:10:00,40.747692,-73.89381,1,0,Driver Inattention/Distraction,4443172,27.6,20.9,1.4,1.4,0.0,4.0,53,16.0,31.3,315,Drizzle: Moderate,1,1,
63317,2021-07-25 22:45:00,40.666126,-73.9953,1,0,Other Vehicular,4442408,28.0,20.3,7.3,7.3,0.0,10.0,63,20.9,43.2,198,Rain: Moderate,1,1,
63318,2021-07-31 19:23:00,40.862614,-73.890114,2,0,Unsafe Speed,4442886,25.6,14.5,0.0,0.0,0.0,0.0,2,16.8,33.8,304,Partly cloudy,2,2,
63319,2021-07-28 05:12:00,40.73858,-73.77457,0,0,Driver Inattention/Distraction,4442441,26.7,20.2,0.7,0.7,0.0,3.0,53,16.7,34.2,1,Drizzle: Moderate,0,0,
63320,2021-07-29 05:00:00,40.83923,-73.92579,0,0,Traffic Control Disregarded,4442013,25.3,20.4,33.0,33.0,0.0,11.0,65,26.1,50.8,182,Rain: Heavy,0,0,
63321,2021-07-31 13:25:00,40.789368,-73.78612,0,0,Following Too Closely,4442354,25.6,14.5,0.0,0.0,0.0,0.0,2,16.8,33.8,304,Partly cloudy,0,0,
63322,2021-07-30 06:04:00,40.738403,-73.93864,0,0,Driver Inexperience,4441923,27.6,19.1,0.0,0.0,0.0,0.0,1,24.2,45.7,310,Mainly clear,0,0,Sunny/Clear Conditions
63323,2021-07-27 10:00:00,40.671295,-73.89997,0,0,Driver Inattention/Distraction,4442030,30.4,19.1,0.2,0.2,0.0,2.0,51,19.5,38.9,206,Drizzle: Light,0,0,
63324,2021-07-31 17:37:00,40.843166,-73.87786,1,0,Turning Improperly,4442716,25.6,14.5,0.0,0.0,0.0,0.0,2,16.8,33.8,304,Partly cloudy,1,1,
63325,2021-07-31 03:52:00,40.67674,-73.843735,0,0,Alcohol Involvement,4442167,25.6,14.5,0.0,0.0,0.0,0.0,2,16.8,33.8,304,Partly cloudy,0,0,
63326,2021-07-29 08:30:00,40.632298,-73.947624,0,0,Failure to Yield Right-of-Way,4442300,25.3,20.4,33.0,33.0,0.0,11.0,65,26.1,50.8,182,Rain: Heavy,0,0,
63327,2021-07-29 08:51:00,40.650948,-73.94668,1,0,Traffic Control Disregarded,4441881,25.3,20.4,33.0,33.0,0.0,11.0,65,26.1,50.8,182,Rain: Heavy,1,1,
63328,2021-07-27 22:00:00,40.64166,-74.00916,0,0,Steering Failure,4442403,30.4,19.1,0.2,0.2,0.0,2.0,51,19.5,38.9,206,Drizzle: Light,0,0,
63329,2021-07-18 05:10:00,40.69985,-73.991035,0,0,Driver Inattention/Distraction,4441903,28.4,23.1,12.4,12.4,0.0,10.0,63,19.6,39.2,232,Rain: Moderate,0,0,
63330,2021-07-31 06:30:00,40.751682,-73.836006,0,0,Driver Inattention/Distraction,4442088,25.6,14.5,0.0,0.0,0.0,0.0,2,16.8,33.8,304,Partly cloudy,0,0,
63331,2021-07-28 16:10:00,40.872494,-73.88147,0,0,Following Too Closely,4441522,26.7,20.2,0.7,0.7,0.0,3.0,53,16.7,34.2,1,Drizzle: Moderate,0,0,
63332,2021-07-31 08:05:00,40.833286,-73.914085,0,0,Passing or Lane Usage Improper,4442145,25.6,14.5,0.0,0.0,0.0,0.0,2,16.8,33.8,304,Partly cloudy,0,0,
63333,2021-07-30 13:40:00,40.85127,-73.88523,0,0,Driver Inexperience,4441859,27.6,19.1,0.0,0.0,0.0,0.0,1,24.2,45.7,310,Mainly clear,0,0,Sunny/Clear Conditions
63334,2021-07-15 15:35:00,40.668377,-73.92012,1,0,Unspecified,4442130,29.3,21.2,0.1,0.1,0.0,1.0,51,13.7,27.4,212,Drizzle: Light,1,1,
63335,2021-07-29 08:30:00,40.69997,-73.81553,1,0,Failure to Yield Right-of-Way,4441576,25.3,20.4,33.0,33.0,0.0,11.0,65,26.1,50.8,182,Rain: Heavy,1,1,
63336,2021-07-30 11:50:00,40.753395,-73.79243,2,0,Following Too Closely,4442341,27.6,19.1,0.0,0.0,0.0,0.0,1,24.2,45.7,310,Mainly clear,2,2,Sunny/Clear Conditions
63337,2021-07-28 15:30:00,40.78028,-73.98153,1,0,Following Too Closely,4441731,26.7,20.2,0.7,0.7,0.0,3.0,53,16.7,34.2,1,Drizzle: Moderate,1,1,
63338,2021-07-31 14:50:00,40.853474,-73.906456,1,0,Driver Inattention/Distraction,4442851,25.6,14.5,0.0,0.0,0.0,0.0,2,16.8,33.8,304,Partly cloudy,1,1,
63339,2021-07-31 11:15:00,40.793472,-73.93726,0,0,Passing Too Closely,4442157,25.6,14.5,0.0,0.0,0.0,0.0,2,16.8,33.8,304,Partly cloudy,0,0,
63340,2021-07-28 19:58:00,40.6278,-73.915855,0,0,Unspecified,4441502,26.7,20.2,0.7,0.7,0.0,3.0,53,16.7,34.2,1,Drizzle: Moderate,0,0,
63341,2021-07-28 16:04:00,40.844917,-73.926384,1,0,Unsafe Lane Changing,4442019,26.7,20.2,0.7,0.7,0.0,3.0,53,16.7,34.2,1,Drizzle: Moderate,1,1,
63342,2021-07-27 13:54:00,40.70619,-73.80818,0,0,Driver Inattention/Distraction,4442392,30.4,19.1,0.2,0.2,0.0,2.0,51,19.5,38.9,206,Drizzle: Light,0,0,
63343,2021-07-31 17:15:00,40.663906,-73.95098,1,0,Driver Inattention/Distraction,4442239,25.6,14.5,0.0,0.0,0.0,0.0,2,16.8,33.8,304,Partly cloudy,1,1,
63344,2021-07-29 16:25:00,40.683346,-73.88651,1,0,Unspecified,4442056,25.3,20.4,33.0,33.0,0.0,11.0,65,26.1,50.8,182,Rain: Heavy,1,1,
63345,2021-07-28 03:38:00,40.74413,-73.927055,0,0,Backing Unsafely,4441468,26.7,20.2,0.7,0.7,0.0,3.0,53,16.7,34.2,1,Drizzle: Moderate,0,0,
63346,2021-07-29 06:00:00,40.75425,-73.96899,1,0,Traffic Control Disregarded,4441762,25.3,20.4,33.0,33.0,0.0,11.0,65,26.1,50.8,182,Rain: Heavy,1,1,
63347,2021-07-29 00:00:00,40.8133,-73.930405,0,0,Other Vehicular,4441777,25.3,20.4,33.0,33.0,0.0,11.0,65,26.1,50.8,182,Rain: Heavy,0,0,
63348,2021-07-30 22:02:00,40.632835,-74.02724,1,0,Unspecified,4442621,27.6,19.1,0.0,0.0,0.0,0.0,1,24.2,45.7,310,Mainly clear,1,1,Sunny/Clear Conditions
63349,2021-07-28 22:00:00,40.674625,-74.00772,2,0,Traffic Control Disregarded,4442446,26.7,20.2,0.7,0.7,0.0,3.0,53,16.7,34.2,1,Drizzle: Moderate,2,2,
63350,2021-07-31 12:30:00,40.799522,-73.94164,0,0,Obstruction/Debris,4442828,25.6,14.5,0.0,0.0,0.0,0.0,2,16.8,33.8,304,Partly cloudy,0,0,
63351,2021-07-19 08:00:00,40.74595,-73.99802,0,0,Unspecified,4442546,27.5,20.8,0.5,0.5,0.0,2.0,51,12.8,29.9,307,Drizzle: Light,0,0,
63352,2021-07-30 04:10:00,40.677334,-73.82548,0,0,Reaction to Uninvolved Vehicle,4442162,27.6,19.1,0.0,0.0,0.0,0.0,1,24.2,45.7,310,Mainly clear,0,0,Sunny/Clear Conditions
63353,2021-07-30 11:45:00,40.772617,-73.918144,0,0,Unspecified,4442469,27.6,19.1,0.0,0.0,0.0,0.0,1,24.2,45.7,310,Mainly clear,0,0,Sunny/Clear Conditions
63354,2021-07-23 15:00:00,40.623817,-73.994804,0,0,Unspecified,4442311,26.2,17.3,0.0,0.0,0.0,0.0,1,11.3,27.0,340,Mainly clear,0,0,Sunny/Clear Conditions
63355,2021-07-31 10:15:00,40.748066,-73.8574,0,0,Driver Inattention/Distraction,4442508,25.6,14.5,0.0,0.0,0.0,0.0,2,16.8,33.8,304,Partly cloudy,0,0,
63356,2021-07-29 03:50:00,40.696983,-73.935234,0,0,Unspecified,4442607,25.3,20.4,33.0,33.0,0.0,11.0,65,26.1,50.8,182,Rain: Heavy,0,0,
63357,2021-07-31 23:53:00,40.737194,-73.97447,0,0,Unsafe Speed,4443146,25.6,14.5,0.0,0.0,0.0,0.0,2,16.8,33.8,304,Partly cloudy,0,0,
63358,2021-07-31 13:20:00,40.583725,-73.89372,0,0,Driver Inexperience,4442204,25.6,14.5,0.0,0.0,0.0,0.0,2,16.8,33.8,304,Partly cloudy,0,0,
63359,2021-07-28 18:00:00,40.665062,-73.90281,0,0,Unspecified,4441596,26.7,20.2,0.7,0.7,0.0,3.0,53,16.7,34.2,1,Drizzle: Moderate,0,0,
63360,2021-07-29 05:45:00,40.698753,-73.89726,1,0,Reaction to Uninvolved Vehicle,4441698,25.3,20.4,33.0,33.0,0.0,11.0,65,26.1,50.8,182,Rain: Heavy,1,1,
63361,2022-01-23 05:00:00,40.67264,-73.907646,0,0,Steering Failure,4496634,2.8,-6.1,0.5,0.0,0.35,3.0,71,14.2,28.1,243,Snow fall: Light,0,0,Snowy Conditions
63362,2021-07-29 06:40:00,40.697853,-73.93325,1,0,Driver Inattention/Distraction,4441527,25.3,20.4,33.0,33.0,0.0,11.0,65,26.1,50.8,182,Rain: Heavy,1,1,
63363,2021-07-30 09:00:00,40.847027,-73.89807,2,0,Driver Inattention/Distraction,4441998,27.6,19.1,0.0,0.0,0.0,0.0,1,24.2,45.7,310,Mainly clear,2,2,Sunny/Clear Conditions
63364,2021-07-31 02:25:00,40.743923,-73.99208,1,0,Unspecified,4442497,25.6,14.5,0.0,0.0,0.0,0.0,2,16.8,33.8,304,Partly cloudy,1,1,
63365,2021-07-31 09:20:00,40.784515,-73.94983,0,0,Driver Inattention/Distraction,4442772,25.6,14.5,0.0,0.0,0.0,0.0,2,16.8,33.8,304,Partly cloudy,0,0,
63366,2021-07-30 07:30:00,40.758175,-73.924065,1,0,Unspecified,4442466,27.6,19.1,0.0,0.0,0.0,0.0,1,24.2,45.7,310,Mainly clear,1,1,Sunny/Clear Conditions
63367,2021-07-27 23:40:00,40.715904,-73.995094,0,0,Following Too Closely,4442221,30.4,19.1,0.2,0.2,0.0,2.0,51,19.5,38.9,206,Drizzle: Light,0,0,
63368,2021-07-29 21:57:00,40.680016,-73.87743,0,0,Driver Inattention/Distraction,4442057,25.3,20.4,33.0,33.0,0.0,11.0,65,26.1,50.8,182,Rain: Heavy,0,0,
63369,2021-07-30 11:19:00,40.712,-73.82546,2,0,Failure to Yield Right-of-Way,4442880,27.6,19.1,0.0,0.0,0.0,0.0,1,24.2,45.7,310,Mainly clear,2,2,Sunny/Clear Conditions
63370,2021-07-31 20:00:00,40.6775,-73.94701,0,0,Other Vehicular,4442565,25.6,14.5,0.0,0.0,0.0,0.0,2,16.8,33.8,304,Partly cloudy,0,0,
63371,2021-07-26 14:03:00,40.749157,-73.9727,0,0,Driver Inattention/Distraction,4442919,31.4,21.8,0.0,0.0,0.0,0.0,3,13.0,25.6,295,Overcast,0,0,
63372,2021-07-28 10:46:00,40.66575,-73.97923,1,0,Traffic Control Disregarded,4441561,26.7,20.2,0.7,0.7,0.0,3.0,53,16.7,34.2,1,Drizzle: Moderate,1,1,
63373,2021-07-30 21:04:00,40.74107,-73.88,1,0,Pavement Defective,4441935,27.6,19.1,0.0,0.0,0.0,0.0,1,24.2,45.7,310,Mainly clear,1,1,Sunny/Clear Conditions
63374,2021-07-13 10:56:00,40.6727,-73.93635,0,0,Illnes,4442536,25.0,20.8,2.4,2.4,0.0,12.0,53,13.0,26.3,84,Drizzle: Moderate,0,0,
63375,2021-07-30 20:30:00,40.840412,-73.862686,0,0,Unspecified,4442950,27.6,19.1,0.0,0.0,0.0,0.0,1,24.2,45.7,310,Mainly clear,0,0,Sunny/Clear Conditions
63376,2021-07-31 17:02:00,40.82486,-73.820465,0,0,Unspecified,4442310,25.6,14.5,0.0,0.0,0.0,0.0,2,16.8,33.8,304,Partly cloudy,0,0,
63377,2021-07-26 00:00:00,40.73267,-73.999535,0,0,Unspecified,4442371,31.4,21.8,0.0,0.0,0.0,0.0,3,13.0,25.6,295,Overcast,0,0,
63378,2021-07-30 16:00:00,40.647068,-73.91492,0,0,Unspecified,4442172,27.6,19.1,0.0,0.0,0.0,0.0,1,24.2,45.7,310,Mainly clear,0,0,Sunny/Clear Conditions
63379,2021-07-29 23:20:00,40.90362,-73.85068,1,0,Passing or Lane Usage Improper,4442639,25.3,20.4,33.0,33.0,0.0,11.0,65,26.1,50.8,182,Rain: Heavy,1,1,
63380,2021-07-31 19:20:00,40.747112,-73.96894,0,0,Unspecified,4442231,25.6,14.5,0.0,0.0,0.0,0.0,2,16.8,33.8,304,Partly cloudy,0,0,
63381,2021-07-31 03:05:00,40.875423,-73.86028,0,0,Driver Inattention/Distraction,4442682,25.6,14.5,0.0,0.0,0.0,0.0,2,16.8,33.8,304,Partly cloudy,0,0,
63382,2021-07-29 05:16:00,40.71572,-73.825745,0,0,Unsafe Lane Changing,4441814,25.3,20.4,33.0,33.0,0.0,11.0,65,26.1,50.8,182,Rain: Heavy,0,0,
63383,2021-07-30 08:00:00,40.63184,-73.95463,0,0,Unspecified,4442322,27.6,19.1,0.0,0.0,0.0,0.0,1,24.2,45.7,310,Mainly clear,0,0,Sunny/Clear Conditions
63384,2021-07-29 10:40:00,40.601444,-74.1935,0,0,Driver Inattention/Distraction,4441991,25.3,20.4,33.0,33.0,0.0,11.0,65,26.1,50.8,182,Rain: Heavy,0,0,
63385,2021-07-31 00:14:00,40.623055,-74.11327,0,0,Other Vehicular,4442432,25.6,14.5,0.0,0.0,0.0,0.0,2,16.8,33.8,304,Partly cloudy,0,0,
63386,2021-07-26 16:44:00,40.68316,-73.93809,0,0,Unspecified,4442600,31.4,21.8,0.0,0.0,0.0,0.0,3,13.0,25.6,295,Overcast,0,0,
63387,2021-07-31 12:16:00,40.878643,-73.871605,0,0,Driver Inattention/Distraction,4442887,25.6,14.5,0.0,0.0,0.0,0.0,2,16.8,33.8,304,Partly cloudy,0,0,
63388,2021-07-29 14:48:00,40.61405,-74.013916,0,0,Driver Inattention/Distraction,4441741,25.3,20.4,33.0,33.0,0.0,11.0,65,26.1,50.8,182,Rain: Heavy,0,0,
63389,2021-07-30 19:30:00,40.82317,-73.9275,0,0,Passing or Lane Usage Improper,4442144,27.6,19.1,0.0,0.0,0.0,0.0,1,24.2,45.7,310,Mainly clear,0,0,Sunny/Clear Conditions
63390,2021-07-25 14:12:00,40.74694,-73.89051,1,0,Driver Inattention/Distraction,4441930,28.0,20.3,7.3,7.3,0.0,10.0,63,20.9,43.2,198,Rain: Moderate,1,1,
63391,2021-07-30 13:00:00,40.71092,-73.9204,0,0,Failure to Yield Right-of-Way,4442570,27.6,19.1,0.0,0.0,0.0,0.0,1,24.2,45.7,310,Mainly clear,0,0,Sunny/Clear Conditions
63392,2021-07-30 09:50:00,40.808807,-73.9107,1,0,Unsafe Speed,4441842,27.6,19.1,0.0,0.0,0.0,0.0,1,24.2,45.7,310,Mainly clear,1,1,Sunny/Clear Conditions
63393,2021-07-28 23:49:00,40.757385,-73.98226,0,0,Unspecified,4441566,26.7,20.2,0.7,0.7,0.0,3.0,53,16.7,34.2,1,Drizzle: Moderate,0,0,
63394,2021-07-31 14:40:00,40.69689,-73.74929,0,0,Failure to Yield Right-of-Way,4442776,25.6,14.5,0.0,0.0,0.0,0.0,2,16.8,33.8,304,Partly cloudy,0,0,
63395,2021-07-30 22:35:00,40.67447,-73.82144,0,0,Driver Inattention/Distraction,4442099,27.6,19.1,0.0,0.0,0.0,0.0,1,24.2,45.7,310,Mainly clear,0,0,Sunny/Clear Conditions
63396,2021-07-30 16:10:00,40.727303,-73.895454,1,0,Failure to Yield Right-of-Way,4442585,27.6,19.1,0.0,0.0,0.0,0.0,1,24.2,45.7,310,Mainly clear,1,1,Sunny/Clear Conditions
63397,2021-07-22 16:30:00,40.826557,-73.87771,0,0,Unspecified,4441835,26.7,17.5,0.0,0.0,0.0,0.0,3,15.3,28.4,327,Overcast,0,0,
63398,2021-07-29 21:00:00,40.71071,-73.793045,1,0,Pedestrian/Bicyclist/Other Pedestrian Error/Confusion,4441744,25.3,20.4,33.0,33.0,0.0,11.0,65,26.1,50.8,182,Rain: Heavy,1,1,
63399,2021-07-28 00:52:00,40.63132,-73.902336,5,0,Unspecified,4441205,26.7,20.2,0.7,0.7,0.0,3.0,53,16.7,34.2,1,Drizzle: Moderate,5,5,
63400,2021-07-26 20:00:00,40.708717,-73.96419,3,0,Other Vehicular,4443004,31.4,21.8,0.0,0.0,0.0,0.0,3,13.0,25.6,295,Overcast,3,3,
63401,2021-07-29 15:20:00,40.74484,-73.85225,0,0,Failure to Yield Right-of-Way,4441800,25.3,20.4,33.0,33.0,0.0,11.0,65,26.1,50.8,182,Rain: Heavy,0,0,
63402,2021-07-27 14:00:00,40.714237,-73.80736,0,0,Unspecified,4442395,30.4,19.1,0.2,0.2,0.0,2.0,51,19.5,38.9,206,Drizzle: Light,0,0,
63403,2021-07-30 18:10:00,40.679615,-73.79642,1,0,Failure to Yield Right-of-Way,4442758,27.6,19.1,0.0,0.0,0.0,0.0,1,24.2,45.7,310,Mainly clear,1,1,Sunny/Clear Conditions
63404,2021-07-29 13:00:00,40.655983,-73.897575,1,0,Passing Too Closely,4442041,25.3,20.4,33.0,33.0,0.0,11.0,65,26.1,50.8,182,Rain: Heavy,1,1,
63405,2021-07-25 13:20:00,40.794697,-73.93637,1,0,Failure to Yield Right-of-Way,4441974,28.0,20.3,7.3,7.3,0.0,10.0,63,20.9,43.2,198,Rain: Moderate,1,1,
63406,2021-07-26 18:04:00,40.621563,-73.939125,1,0,Unspecified,4441967,31.4,21.8,0.0,0.0,0.0,0.0,3,13.0,25.6,295,Overcast,1,1,
63407,2021-07-29 20:00:00,40.697716,-73.967735,0,0,Failure to Yield Right-of-Way,4441763,25.3,20.4,33.0,33.0,0.0,11.0,65,26.1,50.8,182,Rain: Heavy,0,0,
63408,2021-07-28 15:23:00,40.812267,-73.92747,0,0,Unspecified,4441483,26.7,20.2,0.7,0.7,0.0,3.0,53,16.7,34.2,1,Drizzle: Moderate,0,0,
63409,2021-07-30 19:40:00,40.799717,-73.92991,1,0,Driver Inattention/Distraction,4442189,27.6,19.1,0.0,0.0,0.0,0.0,1,24.2,45.7,310,Mainly clear,1,1,Sunny/Clear Conditions
63410,2021-07-28 18:15:00,40.61919,-74.118515,1,0,Driver Inattention/Distraction,4442485,26.7,20.2,0.7,0.7,0.0,3.0,53,16.7,34.2,1,Drizzle: Moderate,1,1,
63411,2021-07-29 12:25:00,40.672104,-73.783455,0,0,Pavement Defective,4441625,25.3,20.4,33.0,33.0,0.0,11.0,65,26.1,50.8,182,Rain: Heavy,0,0,
63412,2021-07-28 09:15:00,40.86357,-73.92602,1,0,Failure to Yield Right-of-Way,4441386,26.7,20.2,0.7,0.7,0.0,3.0,53,16.7,34.2,1,Drizzle: Moderate,1,1,
63413,2021-07-26 04:15:00,40.600048,-73.972824,0,0,Driver Inattention/Distraction,4442194,31.4,21.8,0.0,0.0,0.0,0.0,3,13.0,25.6,295,Overcast,0,0,
63414,2021-07-29 16:36:00,40.84366,-73.92005,1,0,Driver Inattention/Distraction,4442009,25.3,20.4,33.0,33.0,0.0,11.0,65,26.1,50.8,182,Rain: Heavy,1,1,
63415,2021-07-19 05:47:00,40.669624,-73.94635,0,0,Alcohol Involvement,4442707,27.5,20.8,0.5,0.5,0.0,2.0,51,12.8,29.9,307,Drizzle: Light,0,0,
63416,2021-07-31 03:10:00,40.63742,-73.92401,0,0,Failure to Yield Right-of-Way,4442262,25.6,14.5,0.0,0.0,0.0,0.0,2,16.8,33.8,304,Partly cloudy,0,0,
63417,2021-07-30 18:00:00,40.692623,-73.93398,1,0,Driver Inattention/Distraction,4442628,27.6,19.1,0.0,0.0,0.0,0.0,1,24.2,45.7,310,Mainly clear,1,1,Sunny/Clear Conditions
63418,2021-07-29 20:00:00,40.666996,-73.86789,0,0,Unspecified,4442026,25.3,20.4,33.0,33.0,0.0,11.0,65,26.1,50.8,182,Rain: Heavy,0,0,
63419,2021-07-31 17:14:00,40.63642,-73.8988,0,0,Driver Inexperience,4442211,25.6,14.5,0.0,0.0,0.0,0.0,2,16.8,33.8,304,Partly cloudy,0,0,
63420,2021-07-05 08:46:00,40.761925,-73.86283,0,0,Unspecified,4443169,26.4,17.3,0.7,0.7,0.0,2.0,53,18.8,34.6,142,Drizzle: Moderate,0,0,