,CRASH DATETIME,LATITUDE,LONGITUDE,NUMBER OF PERSONS INJURED,NUMBER OF PERSONS KILLED,CONTRIBUTING FACTOR VEHICLE 1,COLLISION_ID,temperature_2m_max,temperature_2m_min,precipitation_sum,rain_sum,snowfall_sum,precipitation_hours,weather_code,wind_speed_10m_max,wind_gusts_10m_max,wind_direction_10m_dominant,Weather Description,Severity_Score,Total_Affected_Persons,Weather_Category
63421,2021-07-29 18:00:00,40.70064,-73.93647,0,0,Reaction to Uninvolved Vehicle,4441962,25.3,20.4,33.0,33.0,0.0,11.0,65,26.1,50.8,182,Rain: Heavy,0,0,
63422,2021-07-31 00:02:00,40.845177,-73.91417,0,0,Passing or Lane Usage Improper,4442862,25.6,14.5,0.0,0.0,0.0,0.0,2,16.8,33.8,304,Partly cloudy,0,0,
63423,2021-07-29 07:10:00,40.781387,-73.95213,2,0,Unspecified,4442930,25.3,20.4,33.0,33.0,0.0,11.0,65,26.1,50.8,182,Rain: Heavy,2,2,
63424,2021-07-30 16:50:00,40.601204,-74.06509,3,0,Glare,4442125,27.6,19.1,0.0,0.0,0.0,0.0,1,24.2,45.7,310,Mainly clear,3,3,Sunny/Clear Conditions
63425,2021-07-28 04:11:00,40.879242,-73.86536,0,0,Unsafe Speed,4441608,26.7,20.2,0.7,0.7,0.0,3.0,53,16.7,34.2,1,Drizzle: Moderate,0,0,
63426,2021-07-27 22:20:00,40.71826,-73.98551,0,0,Failure to Yield Right-of-Way,4442067,30.4,19.1,0.2,0.2,0.0,2.0,51,19.5,38.9,206,Drizzle: Light,0,0,
63427,2021-07-18 16:00:00,40.681297,-73.93472,1,0,Turning Improperly,4442509,28.4,23.1,12.4,12.4,0.0,10.0,63,19.6,39.2,232,Rain: Moderate,1,1,
63428,2021-07-29 18:15:00,40.78884,-73.81381,0,0,Unspecified,4442337,25.3,20.4,33.0,33.0,0.0,11.0,65,26.1,50.8,182,Rain: Heavy,0,0,
63429,2021-07-29 17:50:00,40.72441,-73.99763,0,0,Passenger Distraction,4442216,25.3,20.4,33.0,33.0,0.0,11.0,65,26.1,50.8,182,Rain: Heavy,0,0,
63430,2021-07-31 15:09:00,40.610947,-73.97733,0,0,Backing Unsafely,4442199,25.6,14.5,0.0,0.0,0.0,0.0,2,16.8,33.8,304,Partly cloudy,0,0,
63431,2021-07-26 19:00:00,40.68723,-73.78711,1,0,Other Vehicular,4442084,31.4,21.8,0.0,0.0,0.0,0.0,3,13.0,25.6,295,Overcast,1,1,
63432,2021-06-23 11:13:00,40.695614,-73.94056,0,0,Driver Inattention/Distraction,4442491,23.1,12.2,0.0,0.0,0.0,0.0,3,16.5,31.7,309,Overcast,0,0,
63433,2021-07-29 23:10:00,40.692123,-73.98904,0,0,Failure to Yield Right-of-Way,4441781,25.3,20.4,33.0,33.0,0.0,11.0,65,26.1,50.8,182,Rain: Heavy,0,0,
63434,2021-07-06 21:00:00,40.668648,-73.92835,1,0,Driver Inattention/Distraction,4443072,33.6,21.9,2.1,2.1,0.0,4.0,61,21.8,49.7,231,Rain: Light,1,1,
63435,2021-07-30 08:50:00,40.720078,-74.00519,0,0,Other Vehicular,4442806,27.6,19.1,0.0,0.0,0.0,0.0,1,24.2,45.7,310,Mainly clear,0,0,Sunny/Clear Conditions
63436,2021-07-31 18:00:00,40.82274,-73.93959,0,0,Unspecified,4442184,25.6,14.5,0.0,0.0,0.0,0.0,2,16.8,33.8,304,Partly cloudy,0,0,
63437,2021-07-28 02:30:00,40.703163,-73.81662,1,0,Driver Inattention/Distraction,4441722,26.7,20.2,0.7,0.7,0.0,3.0,53,16.7,34.2,1,Drizzle: Moderate,1,1,
63438,2021-07-29 00:10:00,40.67189,-73.895874,0,0,Driver Inattention/Distraction,4442023,25.3,20.4,33.0,33.0,0.0,11.0,65,26.1,50.8,182,Rain: Heavy,0,0,
63439,2021-07-28 11:00:00,40.753677,-73.914474,1,0,Driver Inattention/Distraction,4441534,26.7,20.2,0.7,0.7,0.0,3.0,53,16.7,34.2,1,Drizzle: Moderate,1,1,
63440,2021-07-31 22:00:00,40.77446,-73.84668,1,0,Failure to Yield Right-of-Way,4442355,25.6,14.5,0.0,0.0,0.0,0.0,2,16.8,33.8,304,Partly cloudy,1,1,
63441,2021-07-31 01:57:00,40.826458,-73.8993,0,0,Unspecified,4442291,25.6,14.5,0.0,0.0,0.0,0.0,2,16.8,33.8,304,Partly cloudy,0,0,
63442,2021-07-29 08:08:00,40.798805,-73.93799,0,0,Lost Consciousness,4442153,25.3,20.4,33.0,33.0,0.0,11.0,65,26.1,50.8,182,Rain: Heavy,0,0,
63443,2021-07-28 23:15:00,40.67816,-73.897484,0,0,Unspecified,4442052,26.7,20.2,0.7,0.7,0.0,3.0,53,16.7,34.2,1,Drizzle: Moderate,0,0,
63444,2021-07-29 17:55:00,40.860954,-73.92651,0,0,Driver Inattention/Distraction,4442504,25.3,20.4,33.0,33.0,0.0,11.0,65,26.1,50.8,182,Rain: Heavy,0,0,
63445,2021-07-29 17:02:00,40.657295,-73.915886,0,0,Driver Inexperience,4441878,25.3,20.4,33.0,33.0,0.0,11.0,65,26.1,50.8,182,Rain: Heavy,0,0,
63446,2021-07-29 07:10:00,40.729866,-73.87733,0,0,Unspecified,4441549,25.3,20.4,33.0,33.0,0.0,11.0,65,26.1,50.8,182,Rain: Heavy,0,0,
63447,2021-07-30 13:55:00,40.76204,-73.97584,1,0,Unsafe Speed,4442824,27.6,19.1,0.0,0.0,0.0,0.0,1,24.2,45.7,310,Mainly clear,1,1,Sunny/Clear Conditions
63448,2021-07-25 23:00:00,40.68013,-73.91666,1,0,Aggressive Driving/Road Rage,4442603,28.0,20.3,7.3,7.3,0.0,10.0,63,20.9,43.2,198,Rain: Moderate,1,1,
63449,2021-07-30 13:30:00,40.634964,-74.0204,1,0,Pedestrian/Bicyclist/Other Pedestrian Error/Confusion,4441891,27.6,19.1,0.0,0.0,0.0,0.0,1,24.2,45.7,310,Mainly clear,1,1,Sunny/Clear Conditions
63450,2021-07-31 19:15:00,40.75219,-73.99347,0,0,Driver Inattention/Distraction,4442296,25.6,14.5,0.0,0.0,0.0,0.0,2,16.8,33.8,304,Partly cloudy,0,0,
63451,2021-07-30 12:25:00,40.772675,-73.833595,0,0,Backing Unsafely,4442089,27.6,19.1,0.0,0.0,0.0,0.0,1,24.2,45.7,310,Mainly clear,0,0,Sunny/Clear Conditions
63452,2021-07-25 16:50:00,40.72507,-73.98122,0,0,Driver Inattention/Distraction,4442550,28.0,20.3,7.3,7.3,0.0,10.0,63,20.9,43.2,198,Rain: Moderate,0,0,
63453,2021-07-29 21:30:00,40.633938,-74.13439,0,0,Driver Inattention/Distraction,4441994,25.3,20.4,33.0,33.0,0.0,11.0,65,26.1,50.8,182,Rain: Heavy,0,0,
63454,2021-07-25 22:45:00,40.61232,-73.93172,2,0,Driver Inattention/Distraction,4442894,28.0,20.3,7.3,7.3,0.0,10.0,63,20.9,43.2,198,Rain: Moderate,2,2,
63455,2021-07-31 13:00:00,40.738743,-74.00426,0,0,Following Too Closely,4442380,25.6,14.5,0.0,0.0,0.0,0.0,2,16.8,33.8,304,Partly cloudy,0,0,
63456,2021-07-28 22:06:00,40.742676,-73.839516,0,0,Unspecified,4441581,26.7,20.2,0.7,0.7,0.0,3.0,53,16.7,34.2,1,Drizzle: Moderate,0,0,
63457,2021-07-17 22:30:00,40.6845,-73.92639,1,0,Driver Inattention/Distraction,4442645,30.8,23.3,5.1,5.1,0.0,5.0,61,17.8,36.4,201,Rain: Light,1,1,
63458,2022-01-23 04:00:00,40.69961,-73.79242,0,0,Unsafe Speed,4496698,2.8,-6.1,0.5,0.0,0.35,3.0,71,14.2,28.1,243,Snow fall: Light,0,0,Snowy Conditions
63459,2021-07-28 15:30:00,40.7452,-73.8249,0,0,Turning Improperly,4441437,26.7,20.2,0.7,0.7,0.0,3.0,53,16.7,34.2,1,Drizzle: Moderate,0,0,
63460,2021-07-28 07:33:00,40.840878,-73.90477,1,0,Unsafe Speed,4442061,26.7,20.2,0.7,0.7,0.0,3.0,53,16.7,34.2,1,Drizzle: Moderate,1,1,
63461,2021-07-31 22:08:00,40.58396,-73.9253,0,0,Driver Inattention/Distraction,4442252,25.6,14.5,0.0,0.0,0.0,0.0,2,16.8,33.8,304,Partly cloudy,0,0,
63462,2021-07-30 23:30:00,40.621353,-74.02635,0,0,Driver Inattention/Distraction,4442093,27.6,19.1,0.0,0.0,0.0,0.0,1,24.2,45.7,310,Mainly clear,0,0,Sunny/Clear Conditions
63463,2021-07-24 13:00:00,40.704834,-73.90445,0,0,Unspecified,4442588,26.8,18.2,0.0,0.0,0.0,0.0,3,16.3,31.7,152,Overcast,0,0,
63464,2021-07-31 11:19:00,40.801926,-73.96519,0,0,Outside Car Distraction,4442116,25.6,14.5,0.0,0.0,0.0,0.0,2,16.8,33.8,304,Partly cloudy,0,0,
63465,2021-07-19 14:50:00,40.620834,-74.07127,0,0,Driver Inattention/Distraction,4442399,27.5,20.8,0.5,0.5,0.0,2.0,51,12.8,29.9,307,Drizzle: Light,0,0,
63466,2021-07-31 13:00:00,40.72388,-73.996956,0,0,Following Too Closely,4442226,25.6,14.5,0.0,0.0,0.0,0.0,2,16.8,33.8,304,Partly cloudy,0,0,
63467,2021-07-28 13:55:00,40.647675,-74.014595,0,0,Driver Inattention/Distraction,4441462,26.7,20.2,0.7,0.7,0.0,3.0,53,16.7,34.2,1,Drizzle: Moderate,0,0,
63468,2021-07-31 12:40:00,40.75183,-73.70289,6,0,Unspecified,4442176,25.6,14.5,0.0,0.0,0.0,0.0,2,16.8,33.8,304,Partly cloudy,6,6,
63469,2021-07-30 22:42:00,40.584976,-73.9434,1,0,Driver Inexperience,4442613,27.6,19.1,0.0,0.0,0.0,0.0,1,24.2,45.7,310,Mainly clear,1,1,Sunny/Clear Conditions
63470,2021-07-28 23:00:00,40.710964,-73.74975,1,0,Driver Inattention/Distraction,4441831,26.7,20.2,0.7,0.7,0.0,3.0,53,16.7,34.2,1,Drizzle: Moderate,1,1,
63471,2021-07-28 10:35:00,40.60926,-73.9584,0,0,Unspecified,4441355,26.7,20.2,0.7,0.7,0.0,3.0,53,16.7,34.2,1,Drizzle: Moderate,0,0,
63472,2021-07-30 17:15:00,40.619972,-73.98933,1,0,Driver Inattention/Distraction,4442692,27.6,19.1,0.0,0.0,0.0,0.0,1,24.2,45.7,310,Mainly clear,1,1,Sunny/Clear Conditions
63473,2021-07-28 09:21:00,40.64384,-74.080605,0,0,Driver Inattention/Distraction,4442421,26.7,20.2,0.7,0.7,0.0,3.0,53,16.7,34.2,1,Drizzle: Moderate,0,0,
63474,2021-07-31 00:43:00,40.58345,-73.95039,0,0,Alcohol Involvement,4442245,25.6,14.5,0.0,0.0,0.0,0.0,2,16.8,33.8,304,Partly cloudy,0,0,
63475,2022-01-23 12:28:00,40.74432,-73.99026,0,0,Unspecified,4496640,2.8,-6.1,0.5,0.0,0.35,3.0,71,14.2,28.1,243,Snow fall: Light,0,0,Snowy Conditions
63476,2021-07-28 20:00:00,40.869827,-73.89148,2,0,Pavement Slippery,4441818,26.7,20.2,0.7,0.7,0.0,3.0,53,16.7,34.2,1,Drizzle: Moderate,2,2,
63477,2021-07-27 08:59:00,40.76607,-73.98132,1,0,Driver Inattention/Distraction,4442836,30.4,19.1,0.2,0.2,0.0,2.0,51,19.5,38.9,206,Drizzle: Light,1,1,
63478,2021-07-28 17:30:00,40.738373,-73.86008,2,0,Driver Inattention/Distraction,4441588,26.7,20.2,0.7,0.7,0.0,3.0,53,16.7,34.2,1,Drizzle: Moderate,2,2,
63479,2021-07-27 09:15:00,40.667866,-73.93212,0,0,Driver Inattention/Distraction,4442247,30.4,19.1,0.2,0.2,0.0,2.0,51,19.5,38.9,206,Drizzle: Light,0,0,
63480,2021-07-31 12:52:00,40.81286,-73.96341,0,0,Driver Inattention/Distraction,4442436,25.6,14.5,0.0,0.0,0.0,0.0,2,16.8,33.8,304,Partly cloudy,0,0,
63481,2021-07-28 15:30:00,40.620865,-73.935,1,0,Driver Inattention/Distraction,4441950,26.7,20.2,0.7,0.7,0.0,3.0,53,16.7,34.2,1,Drizzle: Moderate,1,1,
63482,2021-07-30 15:30:00,40.7122,-73.86208,0,0,Failure to Yield Right-of-Way,4442553,27.6,19.1,0.0,0.0,0.0,0.0,1,24.2,45.7,310,Mainly clear,0,0,Sunny/Clear Conditions
63483,2021-07-28 17:42:00,40.826412,-73.9406,0,0,Unspecified,4441509,26.7,20.2,0.7,0.7,0.0,3.0,53,16.7,34.2,1,Drizzle: Moderate,0,0,
63484,2021-07-22 10:21:00,40.833282,-73.82836,0,0,Following Too Closely,4441863,26.7,17.5,0.0,0.0,0.0,0.0,3,15.3,28.4,327,Overcast,0,0,
63485,2021-07-24 13:00:00,40.674885,-73.927765,0,0,Turning Improperly,4442530,26.8,18.2,0.0,0.0,0.0,0.0,3,16.3,31.7,152,Overcast,0,0,
63486,2021-07-29 04:10:00,40.705738,-73.944695,2,0,Unspecified,4443006,25.3,20.4,33.0,33.0,0.0,11.0,65,26.1,50.8,182,Rain: Heavy,2,2,
63487,2021-07-25 22:03:00,40.82261,-73.91345,0,0,Driver Inattention/Distraction,4442280,28.0,20.3,7.3,7.3,0.0,10.0,63,20.9,43.2,198,Rain: Moderate,0,0,
63488,2021-07-31 15:32:00,40.788586,-73.95529,1,0,Unsafe Speed,4443029,25.6,14.5,0.0,0.0,0.0,0.0,2,16.8,33.8,304,Partly cloudy,1,1,
63489,2021-07-17 02:54:00,40.751762,-73.86791,0,0,Fatigued/Drowsy,4441945,30.8,23.3,5.1,5.1,0.0,5.0,61,17.8,36.4,201,Rain: Light,0,0,
63490,2021-07-26 01:47:00,40.711323,-73.94725,0,0,Driver Inattention/Distraction,4442969,31.4,21.8,0.0,0.0,0.0,0.0,3,13.0,25.6,295,Overcast,0,0,
63491,2021-07-29 19:30:00,40.74763,-73.88394,0,0,Backing Unsafely,4441793,25.3,20.4,33.0,33.0,0.0,11.0,65,26.1,50.8,182,Rain: Heavy,0,0,
63492,2021-07-30 16:25:00,40.633507,-74.00496,3,0,Unspecified,4442753,27.6,19.1,0.0,0.0,0.0,0.0,1,24.2,45.7,310,Mainly clear,3,3,Sunny/Clear Conditions
63493,2021-07-30 11:20:00,40.814934,-73.91496,0,0,Failure to Yield Right-of-Way,4441846,27.6,19.1,0.0,0.0,0.0,0.0,1,24.2,45.7,310,Mainly clear,0,0,Sunny/Clear Conditions
63494,2021-07-30 22:00:00,40.694107,-73.89737,0,0,Unspecified,4442578,27.6,19.1,0.0,0.0,0.0,0.0,1,24.2,45.7,310,Mainly clear,0,0,Sunny/Clear Conditions
63495,2021-07-28 12:55:00,40.642574,-73.90235,1,0,Failure to Yield Right-of-Way,4441439,26.7,20.2,0.7,0.7,0.0,3.0,53,16.7,34.2,1,Drizzle: Moderate,1,1,
63496,2021-07-31 02:33:00,40.84603,-73.93034,0,0,Driver Inattention/Distraction,4442649,25.6,14.5,0.0,0.0,0.0,0.0,2,16.8,33.8,304,Partly cloudy,0,0,
63497,2021-07-28 03:53:00,40.743717,-73.92807,0,0,Driver Inattention/Distraction,4441469,26.7,20.2,0.7,0.7,0.0,3.0,53,16.7,34.2,1,Drizzle: Moderate,0,0,
63498,2021-07-28 16:56:00,40.753326,-73.8718,1,0,Passenger Distraction,4441699,26.7,20.2,0.7,0.7,0.0,3.0,53,16.7,34.2,1,Drizzle: Moderate,1,1,
63499,2021-07-31 20:30:00,40.657406,-73.74507,0,0,Unspecified,4442209,25.6,14.5,0.0,0.0,0.0,0.0,2,16.8,33.8,304,Partly cloudy,0,0,
63500,2021-07-23 11:30:00,40.77204,-73.951965,0,0,Driver Inattention/Distraction,4443163,26.2,17.3,0.0,0.0,0.0,0.0,1,11.3,27.0,340,Mainly clear,0,0,Sunny/Clear Conditions
63501,2021-07-29 10:49:00,40.63552,-74.0167,1,0,Unsafe Lane Changing,4441649,25.3,20.4,33.0,33.0,0.0,11.0,65,26.1,50.8,182,Rain: Heavy,1,1,
63502,2021-07-30 16:00:00,40.854504,-73.867714,0,0,Driver Inattention/Distraction,4441867,27.6,19.1,0.0,0.0,0.0,0.0,1,24.2,45.7,310,Mainly clear,0,0,Sunny/Clear Conditions
63503,2021-07-30 18:30:00,40.71647,-73.95998,1,0,Driver Inattention/Distraction,4442906,27.6,19.1,0.0,0.0,0.0,0.0,1,24.2,45.7,310,Mainly clear,1,1,Sunny/Clear Conditions
63504,2021-07-23 23:52:00,40.751575,-73.982285,0,0,Following Too Closely,4442900,26.2,17.3,0.0,0.0,0.0,0.0,1,11.3,27.0,340,Mainly clear,0,0,Sunny/Clear Conditions
63505,2021-07-30 06:34:00,40.73639,-73.90972,0,0,Driver Inattention/Distraction,4441977,27.6,19.1,0.0,0.0,0.0,0.0,1,24.2,45.7,310,Mainly clear,0,0,Sunny/Clear Conditions
63506,2021-07-28 07:30:00,40.667973,-73.99586,0,0,Unspecified,4441353,26.7,20.2,0.7,0.7,0.0,3.0,53,16.7,34.2,1,Drizzle: Moderate,0,0,
63507,2021-07-29 14:00:00,40.68282,-73.932045,0,0,Passing or Lane Usage Improper,4442632,25.3,20.4,33.0,33.0,0.0,11.0,65,26.1,50.8,182,Rain: Heavy,0,0,
63508,2021-07-29 10:24:00,40.585922,-74.10526,0,0,Oversized Vehicle,4442121,25.3,20.4,33.0,33.0,0.0,11.0,65,26.1,50.8,182,Rain: Heavy,0,0,
63509,2021-07-30 19:30:00,40.674923,-73.73694,1,0,Unspecified,4441906,27.6,19.1,0.0,0.0,0.0,0.0,1,24.2,45.7,310,Mainly clear,1,1,Sunny/Clear Conditions
63510,2021-07-29 19:45:00,40.5981,-73.94342,0,0,Traffic Control Disregarded,4442257,25.3,20.4,33.0,33.0,0.0,11.0,65,26.1,50.8,182,Rain: Heavy,0,0,
63511,2021-07-29 07:00:00,40.6806,-73.883896,0,0,Unspecified,4442038,25.3,20.4,33.0,33.0,0.0,11.0,65,26.1,50.8,182,Rain: Heavy,0,0,
63512,2021-07-30 13:40:00,40.73814,-74.00816,0,0,Driver Inattention/Distraction,4442384,27.6,19.1,0.0,0.0,0.0,0.0,1,24.2,45.7,310,Mainly clear,0,0,Sunny/Clear Conditions
63513,2021-07-30 16:54:00,40.856808,-73.92827,0,0,Driver Inattention/Distraction,4443020,27.6,19.1,0.0,0.0,0.0,0.0,1,24.2,45.7,310,Mainly clear,0,0,Sunny/Clear Conditions
63514,2021-07-31 22:45:00,40.687325,-73.83525,1,0,Unspecified,4442986,25.6,14.5,0.0,0.0,0.0,0.0,2,16.8,33.8,304,Partly cloudy,1,1,
63515,2021-07-26 13:20:00,40.829697,-73.91313,0,0,Oversized Vehicle,4441999,31.4,21.8,0.0,0.0,0.0,0.0,3,13.0,25.6,295,Overcast,0,0,
63516,2021-07-28 20:08:00,40.624912,-74.146706,0,0,Failure to Yield Right-of-Way,4441555,26.7,20.2,0.7,0.7,0.0,3.0,53,16.7,34.2,1,Drizzle: Moderate,0,0,
63517,2021-07-28 16:51:00,40.65563,-73.9261,0,0,Unspecified,4441874,26.7,20.2,0.7,0.7,0.0,3.0,53,16.7,34.2,1,Drizzle: Moderate,0,0,
63518,2021-07-25 16:23:00,40.837513,-73.91478,1,0,Unspecified,4442006,28.0,20.3,7.3,7.3,0.0,10.0,63,20.9,43.2,198,Rain: Moderate,1,1,
63519,2021-07-31 12:15:00,40.59075,-74.08837,3,0,Failure to Yield Right-of-Way,4442112,25.6,14.5,0.0,0.0,0.0,0.0,2,16.8,33.8,304,Partly cloudy,3,3,
63520,2021-07-21 21:00:00,40.746883,-74.00224,1,0,Driver Inattention/Distraction,4442524,27.6,20.9,1.4,1.4,0.0,4.0,53,16.0,31.3,315,Drizzle: Moderate,1,1,
63521,2021-07-30 07:33:00,40.782368,-73.803955,0,0,Failure to Yield Right-of-Way,4442351,27.6,19.1,0.0,0.0,0.0,0.0,1,24.2,45.7,310,Mainly clear,0,0,Sunny/Clear Conditions
63522,2021-07-30 15:10:00,40.696384,-73.977394,1,0,Unspecified,4441895,27.6,19.1,0.0,0.0,0.0,0.0,1,24.2,45.7,310,Mainly clear,1,1,Sunny/Clear Conditions
63523,2021-07-24 20:38:00,40.713814,-74.00558,0,0,Driver Inattention/Distraction,4442802,26.8,18.2,0.0,0.0,0.0,0.0,3,16.3,31.7,152,Overcast,0,0,
63524,2021-07-30 17:38:00,40.656185,-73.951256,0,0,Driver Inattention/Distraction,4443084,27.6,19.1,0.0,0.0,0.0,0.0,1,24.2,45.7,310,Mainly clear,0,0,Sunny/Clear Conditions
63525,2021-07-31 17:00:00,40.827904,-73.8646,0,0,Unspecified,4442955,25.6,14.5,0.0,0.0,0.0,0.0,2,16.8,33.8,304,Partly cloudy,0,0,
63526,2021-07-30 19:03:00,40.64573,-73.94903,1,0,Backing Unsafely,4442179,27.6,19.1,0.0,0.0,0.0,0.0,1,24.2,45.7,310,Mainly clear,1,1,Sunny/Clear Conditions
63527,2021-07-30 10:15:00,40.69225,-73.76669,0,0,Following Too Closely,4442080,27.6,19.1,0.0,0.0,0.0,0.0,1,24.2,45.7,310,Mainly clear,0,0,Sunny/Clear Conditions
63528,2021-10-16 02:55:00,40.7282303,-73.8861119,2,0,Alcohol Involvement,4467988,24.3,15.0,17.5,17.5,0.0,9.0,63,25.7,46.4,195,Rain: Moderate,2,2,
63529,2021-07-28 11:00:00,40.74738,-73.83509,0,0,Unspecified,4441378,26.7,20.2,0.7,0.7,0.0,3.0,53,16.7,34.2,1,Drizzle: Moderate,0,0,
63530,2021-07-30 22:42:00,40.825993,-73.907936,0,0,Other Vehicular,4442285,27.6,19.1,0.0,0.0,0.0,0.0,1,24.2,45.7,310,Mainly clear,0,0,Sunny/Clear Conditions
63531,2021-07-29 17:30:00,40.639748,-73.952286,1,0,Failure to Yield Right-of-Way,4441872,25.3,20.4,33.0,33.0,0.0,11.0,65,26.1,50.8,182,Rain: Heavy,1,1,
63532,2021-07-31 01:17:00,40.701283,-73.961266,1,0,Unsafe Speed,4443011,25.6,14.5,0.0,0.0,0.0,0.0,2,16.8,33.8,304,Partly cloudy,1,1,
63533,2021-07-30 08:00:00,40.66465,-73.95143,0,0,Driver Inattention/Distraction,4442242,27.6,19.1,0.0,0.0,0.0,0.0,1,24.2,45.7,310,Mainly clear,0,0,Sunny/Clear Conditions
63534,2021-07-30 05:35:00,40.72032,-73.99405,0,0,Driver Inattention/Distraction,4442820,27.6,19.1,0.0,0.0,0.0,0.0,1,24.2,45.7,310,Mainly clear,0,0,Sunny/Clear Conditions
63535,2021-07-31 19:58:00,40.653503,-73.935425,0,0,Driver Inattention/Distraction,4442192,25.6,14.5,0.0,0.0,0.0,0.0,2,16.8,33.8,304,Partly cloudy,0,0,
63536,2021-07-27 07:00:00,40.743416,-73.95387,0,0,Passing Too Closely,4442610,30.4,19.1,0.2,0.2,0.0,2.0,51,19.5,38.9,206,Drizzle: Light,0,0,
63537,2021-07-31 11:40:00,40.83639,-73.91588,1,0,Following Too Closely,4442149,25.6,14.5,0.0,0.0,0.0,0.0,2,16.8,33.8,304,Partly cloudy,1,1,
63538,2021-07-23 14:00:00,40.708595,-73.963196,0,0,Unspecified,4442959,26.2,17.3,0.0,0.0,0.0,0.0,1,11.3,27.0,340,Mainly clear,0,0,Sunny/Clear Conditions
63539,2021-07-28 14:15:00,40.67041,-73.91188,0,0,Unspecified,4441594,26.7,20.2,0.7,0.7,0.0,3.0,53,16.7,34.2,1,Drizzle: Moderate,0,0,
63540,2021-07-29 23:20:00,40.658875,-73.94753,3,0,Turning Improperly,4443081,25.3,20.4,33.0,33.0,0.0,11.0,65,26.1,50.8,182,Rain: Heavy,3,3,
63541,2021-07-31 00:22:00,40.78542,-73.98399,1,0,Other Vehicular,4442136,25.6,14.5,0.0,0.0,0.0,0.0,2,16.8,33.8,304,Partly cloudy,1,1,
63542,2021-07-31 02:20:00,40.841843,-73.94539,0,0,Unsafe Lane Changing,4442648,25.6,14.5,0.0,0.0,0.0,0.0,2,16.8,33.8,304,Partly cloudy,0,0,
63543,2021-07-31 23:18:00,40.73442,-73.92238,3,0,Unsafe Lane Changing,4442409,25.6,14.5,0.0,0.0,0.0,0.0,2,16.8,33.8,304,Partly cloudy,3,3,
63544,2021-07-28 00:42:00,40.854008,-73.894135,0,0,Aggressive Driving/Road Rage,4441318,26.7,20.2,0.7,0.7,0.0,3.0,53,16.7,34.2,1,Drizzle: Moderate,0,0,
63545,2021-07-30 18:13:00,40.807186,-73.924286,1,0,Unsafe Lane Changing,4442268,27.6,19.1,0.0,0.0,0.0,0.0,1,24.2,45.7,310,Mainly clear,1,1,Sunny/Clear Conditions
63546,2021-07-28 21:20:00,40.690346,-73.99206,1,0,Failure to Yield Right-of-Way,4441475,26.7,20.2,0.7,0.7,0.0,3.0,53,16.7,34.2,1,Drizzle: Moderate,1,1,
63547,2021-07-29 09:30:00,40.75738,-73.966705,1,0,Driver Inattention/Distraction,4441646,25.3,20.4,33.0,33.0,0.0,11.0,65,26.1,50.8,182,Rain: Heavy,1,1,
63548,2021-07-30 06:00:00,40.846943,-73.88159,0,0,Backing Unsafely,4442749,27.6,19.1,0.0,0.0,0.0,0.0,1,24.2,45.7,310,Mainly clear,0,0,Sunny/Clear Conditions
63549,2021-07-28 14:15:00,40.712204,-73.88638,1,0,Unspecified,4442560,26.7,20.2,0.7,0.7,0.0,3.0,53,16.7,34.2,1,Drizzle: Moderate,1,1,
63550,2021-07-29 08:00:00,40.777905,-73.814674,0,0,Failure to Yield Right-of-Way,4442813,25.3,20.4,33.0,33.0,0.0,11.0,65,26.1,50.8,182,Rain: Heavy,0,0,
63551,2021-07-30 18:50:00,40.7414,-73.79278,0,0,Turning Improperly,4441922,27.6,19.1,0.0,0.0,0.0,0.0,1,24.2,45.7,310,Mainly clear,0,0,Sunny/Clear Conditions
63552,2021-07-28 21:35:00,40.725006,-73.8792,1,0,Failure to Yield Right-of-Way,4442593,26.7,20.2,0.7,0.7,0.0,3.0,53,16.7,34.2,1,Drizzle: Moderate,1,1,
63553,2021-07-24 01:46:00,40.689243,-73.84501,0,0,Following Too Closely,4441982,26.8,18.2,0.0,0.0,0.0,0.0,3,16.3,31.7,152,Overcast,0,0,
63554,2021-07-29 14:45:00,40.629353,-73.884766,2,0,Following Too Closely,4442107,25.3,20.4,33.0,33.0,0.0,11.0,65,26.1,50.8,182,Rain: Heavy,2,2,
63555,2021-07-30 20:51:00,40.696247,-73.840805,0,0,Steering Failure,4442131,27.6,19.1,0.0,0.0,0.0,0.0,1,24.2,45.7,310,Mainly clear,0,0,Sunny/Clear Conditions
63556,2021-07-17 10:10:00,40.72102,-73.94611,0,0,Backing Unsafely,4443050,30.8,23.3,5.1,5.1,0.0,5.0,61,17.8,36.4,201,Rain: Light,0,0,
63557,2021-07-31 06:58:00,40.82802,-73.93122,4,0,Unsafe Lane Changing,4442148,25.6,14.5,0.0,0.0,0.0,0.0,2,16.8,33.8,304,Partly cloudy,4,4,
63558,2021-07-28 04:50:00,40.71003,-73.83405,2,0,Traffic Control Disregarded,4441579,26.7,20.2,0.7,0.7,0.0,3.0,53,16.7,34.2,1,Drizzle: Moderate,2,2,
63559,2021-07-28 11:30:00,40.74036,-73.81642,0,0,Backing Unsafely,4441426,26.7,20.2,0.7,0.7,0.0,3.0,53,16.7,34.2,1,Drizzle: Moderate,0,0,
63560,2021-07-29 15:15:00,40.61813,-74.11545,1,0,Reaction to Uninvolved Vehicle,4442425,25.3,20.4,33.0,33.0,0.0,11.0,65,26.1,50.8,182,Rain: Heavy,1,1,