,CRASH DATETIME,LATITUDE,LONGITUDE,NUMBER OF PERSONS INJURED,NUMBER OF PERSONS KILLED,CONTRIBUTING FACTOR VEHICLE 1,COLLISION_ID,temperature_2m_max,temperature_2m_min,precipitation_sum,rain_sum,snowfall_sum,precipitation_hours,weather_code,wind_speed_10m_max,wind_gusts_10m_max,wind_direction_10m_dominant,Weather Description,Severity_Score,Total_Affected_Persons,Weather_Category
63561,2021-07-29 21:16:00,40.65576,-74.01132,0,0,Unspecified,4442404,25.3,20.4,33.0,33.0,0.0,11.0,65,26.1,50.8,182,Rain: Heavy,0,0,
63562,2021-07-28 21:24:00,40.703686,-73.965065,0,0,Unspecified,4442991,26.7,20.2,0.7,0.7,0.0,3.0,53,16.7,34.2,1,Drizzle: Moderate,0,0,
63563,2021-07-17 02:51:00,40.684902,-73.92946,1,0,Failure to Yield Right-of-Way,4442576,30.8,23.3,5.1,5.1,0.0,5.0,61,17.8,36.4,201,Rain: Light,1,1,
63564,2021-07-27 18:30:00,40.647297,-73.9803,0,0,Passing or Lane Usage Improper,4442389,30.4,19.1,0.2,0.2,0.0,2.0,51,19.5,38.9,206,Drizzle: Light,0,0,
63565,2021-07-29 17:55:00,40.818226,-73.916794,1,0,Driver Inattention/Distraction,4441776,25.3,20.4,33.0,33.0,0.0,11.0,65,26.1,50.8,182,Rain: Heavy,1,1,
63566,2021-07-27 19:50:00,40.764053,-73.99225,0,0,Unspecified,4442001,30.4,19.1,0.2,0.2,0.0,2.0,51,19.5,38.9,206,Drizzle: Light,0,0,
63567,2021-07-28 08:25:00,40.682365,-73.755135,0,0,Turning Improperly,4441752,26.7,20.2,0.7,0.7,0.0,3.0,53,16.7,34.2,1,Drizzle: Moderate,0,0,
63568,2021-07-30 11:30:00,40.67027,-73.820984,0,0,Backing Unsafely,4442163,27.6,19.1,0.0,0.0,0.0,0.0,1,24.2,45.7,310,Mainly clear,0,0,Sunny/Clear Conditions
63569,2021-07-26 06:00:00,40.84423,-73.89964,0,0,Driver Inattention/Distraction,4441986,31.4,21.8,0.0,0.0,0.0,0.0,3,13.0,25.6,295,Overcast,0,0,
63570,2021-07-31 19:30:00,40.670208,-73.81902,0,0,Failure to Yield Right-of-Way,4442730,25.6,14.5,0.0,0.0,0.0,0.0,2,16.8,33.8,304,Partly cloudy,0,0,
63571,2021-07-28 14:30:00,40.66447,-73.89593,0,0,Unspecified,4441513,26.7,20.2,0.7,0.7,0.0,3.0,53,16.7,34.2,1,Drizzle: Moderate,0,0,
63572,2021-07-24 16:00:00,40.695854,-73.93841,0,0,Unspecified,4442893,26.8,18.2,0.0,0.0,0.0,0.0,3,16.3,31.7,152,Overcast,0,0,
63573,2021-07-30 10:00:00,40.629387,-73.94524,0,0,Driver Inattention/Distraction,4441899,27.6,19.1,0.0,0.0,0.0,0.0,1,24.2,45.7,310,Mainly clear,0,0,Sunny/Clear Conditions
63574,2021-07-31 03:07:00,40.744164,-73.99371,0,0,Unspecified,4442496,25.6,14.5,0.0,0.0,0.0,0.0,2,16.8,33.8,304,Partly cloudy,0,0,
63575,2021-07-30 18:41:00,40.693245,-73.91955,0,0,Steering Failure,4442075,27.6,19.1,0.0,0.0,0.0,0.0,1,24.2,45.7,310,Mainly clear,0,0,Sunny/Clear Conditions
63576,2021-07-28 15:55:00,40.597996,-73.94435,1,0,Unspecified,4441493,26.7,20.2,0.7,0.7,0.0,3.0,53,16.7,34.2,1,Drizzle: Moderate,1,1,
63577,2021-07-28 13:25:00,40.826153,-73.920265,1,0,Passing or Lane Usage Improper,4442018,26.7,20.2,0.7,0.7,0.0,3.0,53,16.7,34.2,1,Drizzle: Moderate,1,1,
63578,2021-07-28 14:40:00,40.700497,-73.90021,0,0,Failure to Yield Right-of-Way,4441711,26.7,20.2,0.7,0.7,0.0,3.0,53,16.7,34.2,1,Drizzle: Moderate,0,0,
63579,2021-07-31 17:41:00,40.692623,-73.7445,0,0,Following Too Closely,4442207,25.6,14.5,0.0,0.0,0.0,0.0,2,16.8,33.8,304,Partly cloudy,0,0,
63580,2021-07-30 13:00:00,40.76067,-73.97259,1,0,Unspecified,4442837,27.6,19.1,0.0,0.0,0.0,0.0,1,24.2,45.7,310,Mainly clear,1,1,Sunny/Clear Conditions
63581,2021-07-30 11:05:00,40.728035,-73.902176,1,0,Driver Inattention/Distraction,4442558,27.6,19.1,0.0,0.0,0.0,0.0,1,24.2,45.7,310,Mainly clear,1,1,Sunny/Clear Conditions
63582,2021-07-31 12:44:00,40.713505,-73.998634,0,0,Failure to Yield Right-of-Way,4442224,25.6,14.5,0.0,0.0,0.0,0.0,2,16.8,33.8,304,Partly cloudy,0,0,
63583,2021-07-28 22:25:00,40.720554,-73.81863,0,0,Unsafe Speed,4442060,26.7,20.2,0.7,0.7,0.0,3.0,53,16.7,34.2,1,Drizzle: Moderate,0,0,
63584,2021-07-28 19:35:00,40.551003,-74.15431,0,0,Failure to Yield Right-of-Way,4442117,26.7,20.2,0.7,0.7,0.0,3.0,53,16.7,34.2,1,Drizzle: Moderate,0,0,
63585,2021-07-27 23:50:00,40.680504,-73.8829,1,0,Unspecified,4442031,30.4,19.1,0.2,0.2,0.0,2.0,51,19.5,38.9,206,Drizzle: Light,1,1,
63586,2021-07-30 23:04:00,40.583534,-73.984184,2,0,Unsafe Speed,4442301,27.6,19.1,0.0,0.0,0.0,0.0,1,24.2,45.7,310,Mainly clear,2,2,Sunny/Clear Conditions
63587,2021-07-30 19:30:00,40.682426,-73.937935,1,0,Driver Inattention/Distraction,4442953,27.6,19.1,0.0,0.0,0.0,0.0,1,24.2,45.7,310,Mainly clear,1,1,Sunny/Clear Conditions
63588,2021-07-28 09:30:00,40.680573,-74.00644,0,0,Unspecified,4442442,26.7,20.2,0.7,0.7,0.0,3.0,53,16.7,34.2,1,Drizzle: Moderate,0,0,
63589,2021-07-29 13:30:00,40.68662,-73.82319,1,0,Failure to Yield Right-of-Way,4441736,25.3,20.4,33.0,33.0,0.0,11.0,65,26.1,50.8,182,Rain: Heavy,1,1,
63590,2021-07-28 00:00:00,40.697395,-73.90728,0,0,Passing Too Closely,4441523,26.7,20.2,0.7,0.7,0.0,3.0,53,16.7,34.2,1,Drizzle: Moderate,0,0,
63591,2021-07-22 07:12:00,40.72624,-73.93795,1,0,Traffic Control Disregarded,4442907,26.7,17.5,0.0,0.0,0.0,0.0,3,15.3,28.4,327,Overcast,1,1,
63592,2021-07-31 17:15:00,40.579197,-73.98195,0,0,Following Too Closely,4443122,25.6,14.5,0.0,0.0,0.0,0.0,2,16.8,33.8,304,Partly cloudy,0,0,
63593,2021-07-30 13:57:00,40.68302,-73.96783,1,0,Passing or Lane Usage Improper,4441904,27.6,19.1,0.0,0.0,0.0,0.0,1,24.2,45.7,310,Mainly clear,1,1,Sunny/Clear Conditions
63594,2021-07-30 05:20:00,40.631313,-73.999565,0,0,Unspecified,4442388,27.6,19.1,0.0,0.0,0.0,0.0,1,24.2,45.7,310,Mainly clear,0,0,Sunny/Clear Conditions
63595,2021-07-30 22:30:00,40.626328,-74.13132,1,0,Driver Inattention/Distraction,4442313,27.6,19.1,0.0,0.0,0.0,0.0,1,24.2,45.7,310,Mainly clear,1,1,Sunny/Clear Conditions
63596,2021-07-09 18:05:00,40.828407,-73.93125,1,0,Unsafe Speed,4442765,29.8,22.0,35.0,35.0,0.0,14.0,63,31.0,55.8,341,Rain: Moderate,1,1,
63597,2021-07-16 11:38:00,40.661743,-73.94784,0,0,Turning Improperly,4443071,32.3,23.2,0.3,0.3,0.0,3.0,51,12.3,33.1,238,Drizzle: Light,0,0,
63598,2021-07-30 14:20:00,40.579903,-74.10779,0,0,Unspecified,4442124,27.6,19.1,0.0,0.0,0.0,0.0,1,24.2,45.7,310,Mainly clear,0,0,Sunny/Clear Conditions
63599,2021-07-29 09:00:00,40.708805,-73.92577,0,0,Failure to Yield Right-of-Way,4443007,25.3,20.4,33.0,33.0,0.0,11.0,65,26.1,50.8,182,Rain: Heavy,0,0,
63600,2021-07-31 14:50:00,40.671642,-73.96258,0,0,Driver Inattention/Distraction,4442238,25.6,14.5,0.0,0.0,0.0,0.0,2,16.8,33.8,304,Partly cloudy,0,0,
63601,2021-07-31 11:45:00,40.669098,-73.93666,2,0,Driver Inattention/Distraction,4442541,25.6,14.5,0.0,0.0,0.0,0.0,2,16.8,33.8,304,Partly cloudy,2,2,
63602,2021-07-30 15:30:00,40.78076,-73.825424,0,0,Other Vehicular,4442356,27.6,19.1,0.0,0.0,0.0,0.0,1,24.2,45.7,310,Mainly clear,0,0,Sunny/Clear Conditions
63603,2021-07-31 17:15:00,40.752056,-74.00099,0,0,Turning Improperly,4442545,25.6,14.5,0.0,0.0,0.0,0.0,2,16.8,33.8,304,Partly cloudy,0,0,
63604,2021-07-28 22:31:00,40.823257,-73.94293,0,0,Other Vehicular,4442053,26.7,20.2,0.7,0.7,0.0,3.0,53,16.7,34.2,1,Drizzle: Moderate,0,0,
63605,2021-07-29 13:15:00,40.70738,-73.91849,0,0,Passing Too Closely,4441855,25.3,20.4,33.0,33.0,0.0,11.0,65,26.1,50.8,182,Rain: Heavy,0,0,
63606,2021-07-26 14:00:00,40.77247,-73.922005,0,0,Driver Inattention/Distraction,4442447,31.4,21.8,0.0,0.0,0.0,0.0,3,13.0,25.6,295,Overcast,0,0,
63607,2021-07-30 09:30:00,40.83451,-73.88526,0,0,Passing Too Closely,4442290,27.6,19.1,0.0,0.0,0.0,0.0,1,24.2,45.7,310,Mainly clear,0,0,Sunny/Clear Conditions
63608,2021-07-28 11:00:00,40.86265,-73.83801,0,0,Driver Inattention/Distraction,4441395,26.7,20.2,0.7,0.7,0.0,3.0,53,16.7,34.2,1,Drizzle: Moderate,0,0,
63609,2021-07-28 17:50:00,40.837074,-73.944305,0,0,Passing Too Closely,4441840,26.7,20.2,0.7,0.7,0.0,3.0,53,16.7,34.2,1,Drizzle: Moderate,0,0,
63610,2021-07-31 02:14:00,40.630383,-74.04066,0,0,Unspecified,4442671,25.6,14.5,0.0,0.0,0.0,0.0,2,16.8,33.8,304,Partly cloudy,0,0,
63611,2021-07-28 09:08:00,40.7606,-73.964325,0,0,Driver Inattention/Distraction,4441369,26.7,20.2,0.7,0.7,0.0,3.0,53,16.7,34.2,1,Drizzle: Moderate,0,0,
63612,2021-07-28 20:45:00,40.73953,-73.70719,0,0,Driver Inattention/Distraction,4442512,26.7,20.2,0.7,0.7,0.0,3.0,53,16.7,34.2,1,Drizzle: Moderate,0,0,
63613,2021-07-30 17:15:00,40.83228,-73.90963,0,0,Unspecified,4442757,27.6,19.1,0.0,0.0,0.0,0.0,1,24.2,45.7,310,Mainly clear,0,0,Sunny/Clear Conditions
63614,2021-07-28 11:00:00,40.625084,-73.978676,0,0,Unspecified,4441784,26.7,20.2,0.7,0.7,0.0,3.0,53,16.7,34.2,1,Drizzle: Moderate,0,0,
63615,2021-07-28 21:05:00,40.664505,-73.90673,3,0,Unspecified,4441601,26.7,20.2,0.7,0.7,0.0,3.0,53,16.7,34.2,1,Drizzle: Moderate,3,3,
63616,2021-07-30 08:30:00,40.80275,-73.93358,1,0,Unspecified,4442188,27.6,19.1,0.0,0.0,0.0,0.0,1,24.2,45.7,310,Mainly clear,1,1,Sunny/Clear Conditions
63617,2021-07-30 15:05:00,0.0,0.0,1,0,Unspecified,4441887,27.6,19.1,0.0,0.0,0.0,0.0,1,24.2,45.7,310,Mainly clear,1,1,Sunny/Clear Conditions
63618,2021-07-30 19:45:00,40.759575,-73.77703,0,0,Driver Inattention/Distraction,4441926,27.6,19.1,0.0,0.0,0.0,0.0,1,24.2,45.7,310,Mainly clear,0,0,Sunny/Clear Conditions
63619,2021-07-29 14:10:00,40.593456,-73.94056,0,0,Driver Inattention/Distraction,4441669,25.3,20.4,33.0,33.0,0.0,11.0,65,26.1,50.8,182,Rain: Heavy,0,0,
63620,2021-07-28 07:00:00,40.663998,-73.7664,0,0,Unspecified,4441453,26.7,20.2,0.7,0.7,0.0,3.0,53,16.7,34.2,1,Drizzle: Moderate,0,0,
63621,2021-07-28 22:15:00,40.758705,-73.93793,2,0,Failure to Yield Right-of-Way,4441536,26.7,20.2,0.7,0.7,0.0,3.0,53,16.7,34.2,1,Drizzle: Moderate,2,2,
63622,2021-07-29 17:00:00,40.67801,-73.84975,0,0,Passing Too Closely,4442168,25.3,20.4,33.0,33.0,0.0,11.0,65,26.1,50.8,182,Rain: Heavy,0,0,
63623,2021-07-29 19:45:00,40.74906,-73.89082,1,0,Driver Inattention/Distraction,4441937,25.3,20.4,33.0,33.0,0.0,11.0,65,26.1,50.8,182,Rain: Heavy,1,1,
63624,2021-07-29 02:15:00,40.753242,-73.96662,1,0,Traffic Control Disregarded,4441638,25.3,20.4,33.0,33.0,0.0,11.0,65,26.1,50.8,182,Rain: Heavy,1,1,
63625,2021-07-28 14:20:00,40.666893,-73.80546,0,0,Driver Inattention/Distraction,4441575,26.7,20.2,0.7,0.7,0.0,3.0,53,16.7,34.2,1,Drizzle: Moderate,0,0,
63626,2021-07-26 08:30:00,40.713795,-73.944275,1,0,Traffic Control Device Improper/Non-Working,4442996,31.4,21.8,0.0,0.0,0.0,0.0,3,13.0,25.6,295,Overcast,1,1,
63627,2021-07-30 12:37:00,40.82805,-73.898155,1,0,Driver Inattention/Distraction,4442272,27.6,19.1,0.0,0.0,0.0,0.0,1,24.2,45.7,310,Mainly clear,1,1,Sunny/Clear Conditions
63628,2021-07-30 12:25:00,40.681152,-73.97253,0,0,Passing Too Closely,4441954,27.6,19.1,0.0,0.0,0.0,0.0,1,24.2,45.7,310,Mainly clear,0,0,Sunny/Clear Conditions
63629,2021-07-30 14:40:00,40.775974,-73.82779,1,0,Failure to Yield Right-of-Way,4442328,27.6,19.1,0.0,0.0,0.0,0.0,1,24.2,45.7,310,Mainly clear,1,1,Sunny/Clear Conditions
63630,2021-07-28 20:44:00,40.749763,-73.80288,0,0,Turning Improperly,4442323,26.7,20.2,0.7,0.7,0.0,3.0,53,16.7,34.2,1,Drizzle: Moderate,0,0,
63631,2021-07-28 08:25:00,40.811638,-73.9316,0,0,Unspecified,4441365,26.7,20.2,0.7,0.7,0.0,3.0,53,16.7,34.2,1,Drizzle: Moderate,0,0,
63632,2021-07-31 08:00:00,40.698338,-73.89483,0,0,Unspecified,4442580,25.6,14.5,0.0,0.0,0.0,0.0,2,16.8,33.8,304,Partly cloudy,0,0,
63633,2021-07-28 00:17:00,40.83539,-73.887825,0,0,Traffic Control Disregarded,4441270,26.7,20.2,0.7,0.7,0.0,3.0,53,16.7,34.2,1,Drizzle: Moderate,0,0,
63634,2021-07-28 17:04:00,40.6338,-73.8897,0,0,Unspecified,4441478,26.7,20.2,0.7,0.7,0.0,3.0,53,16.7,34.2,1,Drizzle: Moderate,0,0,
63635,2021-07-27 14:40:00,40.678097,-73.92748,0,0,Driver Inattention/Distraction,4442624,30.4,19.1,0.2,0.2,0.0,2.0,51,19.5,38.9,206,Drizzle: Light,0,0,
63636,2021-07-31 04:20:00,40.758026,-73.85776,0,0,Alcohol Involvement,4442104,25.6,14.5,0.0,0.0,0.0,0.0,2,16.8,33.8,304,Partly cloudy,0,0,
63637,2021-07-30 09:31:00,40.72098,-73.840866,1,0,Failure to Yield Right-of-Way,4441826,27.6,19.1,0.0,0.0,0.0,0.0,1,24.2,45.7,310,Mainly clear,1,1,Sunny/Clear Conditions
63638,2021-07-29 04:00:00,40.838844,-73.87817,4,0,Unsafe Speed,4441544,25.3,20.4,33.0,33.0,0.0,11.0,65,26.1,50.8,182,Rain: Heavy,4,4,
63639,2021-07-30 18:59:00,40.753265,-73.914764,0,0,Unsafe Lane Changing,4442468,27.6,19.1,0.0,0.0,0.0,0.0,1,24.2,45.7,310,Mainly clear,0,0,Sunny/Clear Conditions
63640,2021-07-30 17:30:00,40.601948,-73.99382,0,0,Driver Inattention/Distraction,4441914,27.6,19.1,0.0,0.0,0.0,0.0,1,24.2,45.7,310,Mainly clear,0,0,Sunny/Clear Conditions
63641,2021-07-29 17:40:00,40.688995,-73.78581,2,0,Following Too Closely,4441756,25.3,20.4,33.0,33.0,0.0,11.0,65,26.1,50.8,182,Rain: Heavy,2,2,
63642,2021-07-30 00:01:00,40.73444,-73.72179,1,0,Unsafe Speed,4441769,27.6,19.1,0.0,0.0,0.0,0.0,1,24.2,45.7,310,Mainly clear,1,1,Sunny/Clear Conditions
63643,2021-07-28 22:15:00,40.62262,-73.94028,1,0,Driver Inattention/Distraction,4441969,26.7,20.2,0.7,0.7,0.0,3.0,53,16.7,34.2,1,Drizzle: Moderate,1,1,
63644,2021-07-30 01:05:00,40.659702,-73.89788,0,0,Unspecified,4442046,27.6,19.1,0.0,0.0,0.0,0.0,1,24.2,45.7,310,Mainly clear,0,0,Sunny/Clear Conditions
63645,2021-07-29 15:53:00,40.876583,-73.90266,1,0,Unspecified,4441717,25.3,20.4,33.0,33.0,0.0,11.0,65,26.1,50.8,182,Rain: Heavy,1,1,
63646,2021-07-31 18:30:00,40.63505,-73.90523,0,0,Driver Inattention/Distraction,4442203,25.6,14.5,0.0,0.0,0.0,0.0,2,16.8,33.8,304,Partly cloudy,0,0,
63647,2021-07-25 16:40:00,40.739666,-73.99273,0,0,Unspecified,4443149,28.0,20.3,7.3,7.3,0.0,10.0,63,20.9,43.2,198,Rain: Moderate,0,0,
63648,2021-07-28 23:50:00,40.863113,-73.920616,0,0,Driver Inattention/Distraction,4442493,26.7,20.2,0.7,0.7,0.0,3.0,53,16.7,34.2,1,Drizzle: Moderate,0,0,
63649,2021-07-17 18:58:00,40.721733,-73.95806,1,0,Passenger Distraction,4442912,30.8,23.3,5.1,5.1,0.0,5.0,61,17.8,36.4,201,Rain: Light,1,1,
63650,2021-07-28 12:54:00,40.668056,-73.93562,1,0,Driver Inattention/Distraction,4442708,26.7,20.2,0.7,0.7,0.0,3.0,53,16.7,34.2,1,Drizzle: Moderate,1,1,
63651,2021-07-27 12:00:00,40.834667,-73.92939,0,0,Unspecified,4442014,30.4,19.1,0.2,0.2,0.0,2.0,51,19.5,38.9,206,Drizzle: Light,0,0,
63652,2021-07-31 05:00:00,40.83658,-73.863335,0,0,Unspecified,4442949,25.6,14.5,0.0,0.0,0.0,0.0,2,16.8,33.8,304,Partly cloudy,0,0,
63653,2021-07-31 05:00:00,40.836502,-73.825165,0,0,Unspecified,4442305,25.6,14.5,0.0,0.0,0.0,0.0,2,16.8,33.8,304,Partly cloudy,0,0,
63654,2021-07-29 22:30:00,40.67181,-73.998795,2,0,Unsafe Lane Changing,4441806,25.3,20.4,33.0,33.0,0.0,11.0,65,26.1,50.8,182,Rain: Heavy,2,2,
63655,2021-07-31 03:30:00,40.687763,-73.99516,0,0,Driver Inattention/Distraction,4442450,25.6,14.5,0.0,0.0,0.0,0.0,2,16.8,33.8,304,Partly cloudy,0,0,
63656,2021-07-27 14:20:00,40.73656,-74.0011,0,0,Following Too Closely,4442376,30.4,19.1,0.2,0.2,0.0,2.0,51,19.5,38.9,206,Drizzle: Light,0,0,
63657,2021-07-31 17:20:00,40.647606,-73.915504,0,0,Driver Inattention/Distraction,4442220,25.6,14.5,0.0,0.0,0.0,0.0,2,16.8,33.8,304,Partly cloudy,0,0,
63658,2021-07-30 16:00:00,40.738194,-73.8492,0,0,Following Too Closely,4441882,27.6,19.1,0.0,0.0,0.0,0.0,1,24.2,45.7,310,Mainly clear,0,0,Sunny/Clear Conditions
63659,2021-07-30 22:36:00,40.669376,-73.76389,0,0,Failure to Yield Right-of-Way,4442085,27.6,19.1,0.0,0.0,0.0,0.0,1,24.2,45.7,310,Mainly clear,0,0,Sunny/Clear Conditions
63660,2021-07-19 20:08:00,40.700977,-73.91782,1,0,Brakes Defective,4442072,27.5,20.8,0.5,0.5,0.0,2.0,51,12.8,29.9,307,Drizzle: Light,1,1,
63661,2021-07-28 10:00:00,40.8382,-73.88512,0,0,Backing Unsafely,4441486,26.7,20.2,0.7,0.7,0.0,3.0,53,16.7,34.2,1,Drizzle: Moderate,0,0,
63662,2021-07-31 05:40:00,40.67692,-73.91737,0,0,Unspecified,4442640,25.6,14.5,0.0,0.0,0.0,0.0,2,16.8,33.8,304,Partly cloudy,0,0,
63663,2021-07-31 15:33:00,40.60247,-73.94425,1,0,Traffic Control Disregarded,4442256,25.6,14.5,0.0,0.0,0.0,0.0,2,16.8,33.8,304,Partly cloudy,1,1,
63664,2021-07-29 18:16:00,40.69205,-73.982544,0,0,Following Too Closely,4441732,25.3,20.4,33.0,33.0,0.0,11.0,65,26.1,50.8,182,Rain: Heavy,0,0,
63665,2021-07-22 22:10:00,40.86159,-73.92475,0,0,Unspecified,4442849,26.7,17.5,0.0,0.0,0.0,0.0,3,15.3,28.4,327,Overcast,0,0,
63666,2021-07-30 12:52:00,40.76304,-73.814125,0,0,Backing Unsafely,4442342,27.6,19.1,0.0,0.0,0.0,0.0,1,24.2,45.7,310,Mainly clear,0,0,Sunny/Clear Conditions
63667,2021-07-30 10:33:00,40.56011,-74.16495,0,0,Passing Too Closely,4441823,27.6,19.1,0.0,0.0,0.0,0.0,1,24.2,45.7,310,Mainly clear,0,0,Sunny/Clear Conditions
63668,2021-07-25 20:34:00,40.89466,-73.86137,1,0,Pedestrian/Bicyclist/Other Pedestrian Error/Confusion,4442781,28.0,20.3,7.3,7.3,0.0,10.0,63,20.9,43.2,198,Rain: Moderate,1,1,
63669,2021-07-30 17:11:00,40.71995,-74.00859,1,0,Passing or Lane Usage Improper,4442805,27.6,19.1,0.0,0.0,0.0,0.0,1,24.2,45.7,310,Mainly clear,1,1,Sunny/Clear Conditions
63670,2021-07-29 02:30:00,40.676945,-73.75184,0,0,Failure to Yield Right-of-Way,4441590,25.3,20.4,33.0,33.0,0.0,11.0,65,26.1,50.8,182,Rain: Heavy,0,0,
63671,2021-07-29 00:00:00,40.826275,-73.85971,0,0,Unspecified,4441836,25.3,20.4,33.0,33.0,0.0,11.0,65,26.1,50.8,182,Rain: Heavy,0,0,
63672,2021-07-04 19:50:00,40.713436,-73.91467,0,0,Unspecified,4442584,24.6,15.8,1.4,1.4,0.0,12.0,51,11.8,27.0,299,Drizzle: Light,0,0,
63673,2021-07-31 06:30:00,40.834057,-73.88973,0,0,Driver Inattention/Distraction,4442294,25.6,14.5,0.0,0.0,0.0,0.0,2,16.8,33.8,304,Partly cloudy,0,0,
63674,2021-07-30 06:50:00,40.75398,-73.99373,0,0,Driver Inattention/Distraction,4441983,27.6,19.1,0.0,0.0,0.0,0.0,1,24.2,45.7,310,Mainly clear,0,0,Sunny/Clear Conditions
63675,2021-07-28 21:44:00,40.71759,-73.94995,0,0,Passing Too Closely,4441851,26.7,20.2,0.7,0.7,0.0,3.0,53,16.7,34.2,1,Drizzle: Moderate,0,0,
63676,2021-06-29 17:20:00,40.654926,-73.958405,0,0,Unspecified,4443077,33.4,24.0,0.7,0.7,0.0,4.0,51,19.5,40.0,231,Drizzle: Light,0,0,
63677,2021-07-29 11:00:00,40.671402,-73.99439,0,0,Following Too Closely,4441968,25.3,20.4,33.0,33.0,0.0,11.0,65,26.1,50.8,182,Rain: Heavy,0,0,
63678,2021-07-31 13:30:00,40.856678,-73.790794,0,0,Turning Improperly,4442377,25.6,14.5,0.0,0.0,0.0,0.0,2,16.8,33.8,304,Partly cloudy,0,0,
63679,2021-07-30 22:15:00,40.72981,-73.74469,0,0,Unspecified,4441946,27.6,19.1,0.0,0.0,0.0,0.0,1,24.2,45.7,310,Mainly clear,0,0,Sunny/Clear Conditions
63680,2021-07-28 09:50:00,40.862564,-73.9165,0,0,Oversized Vehicle,4441387,26.7,20.2,0.7,0.7,0.0,3.0,53,16.7,34.2,1,Drizzle: Moderate,0,0,
63681,2021-07-27 03:14:00,40.687103,-73.89251,0,0,Unspecified,4442549,30.4,19.1,0.2,0.2,0.0,2.0,51,19.5,38.9,206,Drizzle: Light,0,0,
63682,2021-07-30 09:30:00,40.742146,-74.00821,0,0,Passing Too Closely,4442523,27.6,19.1,0.0,0.0,0.0,0.0,1,24.2,45.7,310,Mainly clear,0,0,Sunny/Clear Conditions
63683,2021-07-31 19:50:00,40.617287,-73.97786,0,0,Unspecified,4442752,25.6,14.5,0.0,0.0,0.0,0.0,2,16.8,33.8,304,Partly cloudy,0,0,
63684,2021-07-28 13:24:00,40.762775,-73.787384,0,0,Turning Improperly,4441628,26.7,20.2,0.7,0.7,0.0,3.0,53,16.7,34.2,1,Drizzle: Moderate,0,0,
63685,2021-07-29 12:12:00,40.729855,-74.00396,0,0,Oversized Vehicle,4442379,25.3,20.4,33.0,33.0,0.0,11.0,65,26.1,50.8,182,Rain: Heavy,0,0,
63686,2021-07-29 13:19:00,40.760586,-73.84592,1,0,Traffic Control Disregarded,4441792,25.3,20.4,33.0,33.0,0.0,11.0,65,26.1,50.8,182,Rain: Heavy,1,1,
63687,2021-07-28 17:20:00,40.76249,-73.839584,0,0,Driver Inattention/Distraction,4441583,26.7,20.2,0.7,0.7,0.0,3.0,53,16.7,34.2,1,Drizzle: Moderate,0,0,
63688,2021-07-25 19:55:00,40.713547,-73.94695,0,0,Backing Unsafely,4442968,28.0,20.3,7.3,7.3,0.0,10.0,63,20.9,43.2,198,Rain: Moderate,0,0,
63689,2021-07-28 05:47:00,40.72784,-73.83284,0,0,Driver Inattention/Distraction,4441377,26.7,20.2,0.7,0.7,0.0,3.0,53,16.7,34.2,1,Drizzle: Moderate,0,0,
63690,2021-07-28 04:02:00,40.659336,-73.92726,2,0,Unspecified,4441442,26.7,20.2,0.7,0.7,0.0,3.0,53,16.7,34.2,1,Drizzle: Moderate,2,2,
63691,2021-07-31 17:54:00,40.744465,-73.77179,1,0,Driver Inattention/Distraction,4442362,25.6,14.5,0.0,0.0,0.0,0.0,2,16.8,33.8,304,Partly cloudy,1,1,
63692,2021-07-30 14:00:00,40.75837,-73.87925,0,0,Turning Improperly,4441941,27.6,19.1,0.0,0.0,0.0,0.0,1,24.2,45.7,310,Mainly clear,0,0,Sunny/Clear Conditions
63693,2021-07-27 23:30:00,40.63777,-74.07602,0,0,Unsafe Lane Changing,4442398,30.4,19.1,0.2,0.2,0.0,2.0,51,19.5,38.9,206,Drizzle: Light,0,0,
63694,2021-07-28 21:05:00,40.82493,-73.94785,2,0,Driver Inattention/Distraction,4441683,26.7,20.2,0.7,0.7,0.0,3.0,53,16.7,34.2,1,Drizzle: Moderate,2,2,
63695,2021-07-25 11:00:00,40.763054,-73.88389,0,0,Following Too Closely,4443167,28.0,20.3,7.3,7.3,0.0,10.0,63,20.9,43.2,198,Rain: Moderate,0,0,
63696,2021-07-29 11:30:00,40.827637,-73.87608,0,0,Unspecified,4441665,25.3,20.4,33.0,33.0,0.0,11.0,65,26.1,50.8,182,Rain: Heavy,0,0,
63697,2021-07-28 07:40:00,40.82312,-73.86053,0,0,Unspecified,4441356,26.7,20.2,0.7,0.7,0.0,3.0,53,16.7,34.2,1,Drizzle: Moderate,0,0,
63698,2021-07-30 21:50:00,40.76285,-73.967735,0,0,Driver Inattention/Distraction,4441958,27.6,19.1,0.0,0.0,0.0,0.0,1,24.2,45.7,310,Mainly clear,0,0,Sunny/Clear Conditions
63699,2021-07-30 12:35:00,40.701942,-73.961754,1,0,Failure to Yield Right-of-Way,4443000,27.6,19.1,0.0,0.0,0.0,0.0,1,24.2,45.7,310,Mainly clear,1,1,Sunny/Clear Conditions