,CRASH DATETIME,LATITUDE,LONGITUDE,NUMBER OF PERSONS INJURED,NUMBER OF PERSONS KILLED,CONTRIBUTING FACTOR VEHICLE 1,COLLISION_ID,temperature_2m_max,temperature_2m_min,precipitation_sum,rain_sum,snowfall_sum,precipitation_hours,weather_code,wind_speed_10m_max,wind_gusts_10m_max,wind_direction_10m_dominant,Weather Description,Severity_Score,Total_Affected_Persons,Weather_Category
63700,2021-07-28 12:30:00,40.74371,-73.825645,0,0,Passing or Lane Usage Improper,4442332,26.7,20.2,0.7,0.7,0.0,3.0,53,16.7,34.2,1,Drizzle: Moderate,0,0,
63701,2021-07-28 01:04:00,40.69426,-73.91036,0,0,Traffic Control Disregarded,4441808,26.7,20.2,0.7,0.7,0.0,3.0,53,16.7,34.2,1,Drizzle: Moderate,0,0,
63702,2021-07-29 17:40:00,40.666126,-73.9953,0,0,Unspecified,4442411,25.3,20.4,33.0,33.0,0.0,11.0,65,26.1,50.8,182,Rain: Heavy,0,0,
63703,2021-07-25 22:50:00,40.8695,-73.82619,0,0,Driver Inattention/Distraction,4441909,28.0,20.3,7.3,7.3,0.0,10.0,63,20.9,43.2,198,Rain: Moderate,0,0,
63704,2021-07-30 19:00:00,40.738194,-73.8492,0,0,Following Too Closely,4442139,27.6,19.1,0.0,0.0,0.0,0.0,1,24.2,45.7,310,Mainly clear,0,0,Sunny/Clear Conditions
63705,2021-07-31 11:10:00,40.70268,-73.74078,1,0,Lost Consciousness,4442100,25.6,14.5,0.0,0.0,0.0,0.0,2,16.8,33.8,304,Partly cloudy,1,1,
63706,2021-07-29 13:20:00,40.703163,-73.81662,0,0,Following Too Closely,4441726,25.3,20.4,33.0,33.0,0.0,11.0,65,26.1,50.8,182,Rain: Heavy,0,0,
63707,2021-07-28 13:54:00,40.84592,-73.831566,0,0,Other Vehicular,4441862,26.7,20.2,0.7,0.7,0.0,3.0,53,16.7,34.2,1,Drizzle: Moderate,0,0,
63708,2021-07-29 04:40:00,40.689648,-73.9184,1,0,Unspecified,4441526,25.3,20.4,33.0,33.0,0.0,11.0,65,26.1,50.8,182,Rain: Heavy,1,1,
63709,2022-01-23 22:00:00,40.760532,-73.95836,0,0,Traffic Control Disregarded,4497356,2.8,-6.1,0.5,0.0,0.35,3.0,71,14.2,28.1,243,Snow fall: Light,0,0,Snowy Conditions
63710,2021-07-29 19:00:00,40.682873,-73.96397,0,0,Driver Inattention/Distraction,4441760,25.3,20.4,33.0,33.0,0.0,11.0,65,26.1,50.8,182,Rain: Heavy,0,0,
63711,2021-07-29 18:03:00,40.636593,-73.89418,0,0,Traffic Control Disregarded,4441764,25.3,20.4,33.0,33.0,0.0,11.0,65,26.1,50.8,182,Rain: Heavy,0,0,
63712,2021-07-28 05:15:00,40.738266,-73.79706,0,0,Passing Too Closely,4441237,26.7,20.2,0.7,0.7,0.0,3.0,53,16.7,34.2,1,Drizzle: Moderate,0,0,
63713,2021-07-30 05:10:00,40.744892,-73.77022,0,0,Other Vehicular,4441830,27.6,19.1,0.0,0.0,0.0,0.0,1,24.2,45.7,310,Mainly clear,0,0,Sunny/Clear Conditions
63714,2021-07-29 00:00:00,40.80307,-73.93838,0,0,Unspecified,4441554,25.3,20.4,33.0,33.0,0.0,11.0,65,26.1,50.8,182,Rain: Heavy,0,0,
63715,2021-07-26 05:00:00,40.70082,-73.957466,1,0,Driver Inattention/Distraction,4442478,31.4,21.8,0.0,0.0,0.0,0.0,3,13.0,25.6,295,Overcast,1,1,
63716,2021-07-28 23:49:00,40.758118,-73.98401,1,0,,4441567,26.7,20.2,0.7,0.7,0.0,3.0,53,16.7,34.2,1,Drizzle: Moderate,1,1,
63717,2021-07-28 23:04:00,40.642014,-73.9313,1,0,Failure to Yield Right-of-Way,4441877,26.7,20.2,0.7,0.7,0.0,3.0,53,16.7,34.2,1,Drizzle: Moderate,1,1,
63718,2021-07-29 11:15:00,40.665947,-73.8735,0,0,Driver Inattention/Distraction,4442042,25.3,20.4,33.0,33.0,0.0,11.0,65,26.1,50.8,182,Rain: Heavy,0,0,
63719,2021-07-29 19:22:00,40.578365,-73.849396,1,0,Unspecified,4441801,25.3,20.4,33.0,33.0,0.0,11.0,65,26.1,50.8,182,Rain: Heavy,1,1,
63720,2021-07-30 13:21:00,40.606544,-74.03255,0,0,Driver Inattention/Distraction,4441894,27.6,19.1,0.0,0.0,0.0,0.0,1,24.2,45.7,310,Mainly clear,0,0,Sunny/Clear Conditions
63721,2021-07-28 16:40:00,40.809044,-73.92856,0,0,Unspecified,4441482,26.7,20.2,0.7,0.7,0.0,3.0,53,16.7,34.2,1,Drizzle: Moderate,0,0,
63722,2021-07-29 16:55:00,40.78884,-73.81381,0,0,Driver Inattention/Distraction,4442350,25.3,20.4,33.0,33.0,0.0,11.0,65,26.1,50.8,182,Rain: Heavy,0,0,
63723,2021-07-28 07:29:00,40.689686,-73.89029,1,0,Unspecified,4441695,26.7,20.2,0.7,0.7,0.0,3.0,53,16.7,34.2,1,Drizzle: Moderate,1,1,
63724,2021-07-21 19:39:00,40.84464,-73.8939,0,0,Backing Unsafely,4441973,27.6,20.9,1.4,1.4,0.0,4.0,53,16.0,31.3,315,Drizzle: Moderate,0,0,
63725,2021-07-30 12:20:00,40.878853,-73.87349,0,0,Passing or Lane Usage Improper,4442881,27.6,19.1,0.0,0.0,0.0,0.0,1,24.2,45.7,310,Mainly clear,0,0,Sunny/Clear Conditions
63726,2021-07-27 18:05:00,40.758984,-73.943306,0,0,Unspecified,4442448,30.4,19.1,0.2,0.2,0.0,2.0,51,19.5,38.9,206,Drizzle: Light,0,0,
63727,2021-07-27 21:30:00,40.758488,-73.97514,0,0,Following Too Closely,4442010,30.4,19.1,0.2,0.2,0.0,2.0,51,19.5,38.9,206,Drizzle: Light,0,0,
63728,2021-07-31 14:30:00,40.825912,-73.83647,0,0,Unspecified,4442309,25.6,14.5,0.0,0.0,0.0,0.0,2,16.8,33.8,304,Partly cloudy,0,0,
63729,2021-07-31 17:42:00,40.84048,-73.93647,0,0,Unspecified,4442653,25.6,14.5,0.0,0.0,0.0,0.0,2,16.8,33.8,304,Partly cloudy,0,0,
63730,2021-07-31 18:40:00,40.794807,-73.94441,1,0,Following Too Closely,4442200,25.6,14.5,0.0,0.0,0.0,0.0,2,16.8,33.8,304,Partly cloudy,1,1,
63731,2021-07-31 15:15:00,40.651657,-73.93191,0,0,Unspecified,4442627,25.6,14.5,0.0,0.0,0.0,0.0,2,16.8,33.8,304,Partly cloudy,0,0,
63732,2021-06-21 13:15:00,40.86006,-73.891136,0,0,Passing Too Closely,4443103,28.0,21.7,0.5,0.5,0.0,2.0,51,24.4,46.8,181,Drizzle: Light,0,0,
63733,2021-07-30 16:40:00,40.755066,-73.84419,0,0,Driver Inattention/Distraction,4441936,27.6,19.1,0.0,0.0,0.0,0.0,1,24.2,45.7,310,Mainly clear,0,0,Sunny/Clear Conditions
63734,2021-07-30 15:00:00,40.63075,-73.92425,0,0,Traffic Control Disregarded,4442917,27.6,19.1,0.0,0.0,0.0,0.0,1,24.2,45.7,310,Mainly clear,0,0,Sunny/Clear Conditions
63735,2021-07-27 05:48:00,40.742374,-74.0088,0,0,Unsafe Lane Changing,4442372,30.4,19.1,0.2,0.2,0.0,2.0,51,19.5,38.9,206,Drizzle: Light,0,0,
63736,2021-07-26 08:45:00,40.673103,-73.92793,0,0,Unspecified,4442540,31.4,21.8,0.0,0.0,0.0,0.0,3,13.0,25.6,295,Overcast,0,0,
63737,2021-07-30 23:10:00,40.682262,-73.84514,0,0,Driver Inattention/Distraction,4442171,27.6,19.1,0.0,0.0,0.0,0.0,1,24.2,45.7,310,Mainly clear,0,0,Sunny/Clear Conditions
63738,2021-07-30 08:55:00,40.595985,-73.90822,1,0,Driver Inattention/Distraction,4442068,27.6,19.1,0.0,0.0,0.0,0.0,1,24.2,45.7,310,Mainly clear,1,1,Sunny/Clear Conditions
63739,2021-07-30 15:20:00,40.741356,-73.989136,1,0,Driver Inattention/Distraction,4442679,27.6,19.1,0.0,0.0,0.0,0.0,1,24.2,45.7,310,Mainly clear,1,1,Sunny/Clear Conditions
63740,2021-07-31 23:00:00,40.794132,-73.94282,1,0,Traffic Control Disregarded,4442232,25.6,14.5,0.0,0.0,0.0,0.0,2,16.8,33.8,304,Partly cloudy,1,1,
63741,2021-07-28 13:00:00,40.584324,-73.91604,1,0,Driver Inattention/Distraction,4442260,26.7,20.2,0.7,0.7,0.0,3.0,53,16.7,34.2,1,Drizzle: Moderate,1,1,
63742,2021-07-29 15:07:00,40.542423,-74.218254,0,0,Fatigued/Drowsy,4442859,25.3,20.4,33.0,33.0,0.0,11.0,65,26.1,50.8,182,Rain: Heavy,0,0,
63743,2021-07-28 14:45:00,40.678818,-73.96535,1,0,Unsafe Speed,4442531,26.7,20.2,0.7,0.7,0.0,3.0,53,16.7,34.2,1,Drizzle: Moderate,1,1,
63744,2021-07-29 03:50:00,40.853523,-73.90273,2,0,Driver Inattention/Distraction,4441508,25.3,20.4,33.0,33.0,0.0,11.0,65,26.1,50.8,182,Rain: Heavy,2,2,
63745,2021-07-29 14:20:00,40.869415,-73.8932,1,0,Unsafe Speed,4441819,25.3,20.4,33.0,33.0,0.0,11.0,65,26.1,50.8,182,Rain: Heavy,1,1,
63746,2021-07-31 11:15:00,40.818172,-73.95649,0,0,Driver Inattention/Distraction,4442435,25.6,14.5,0.0,0.0,0.0,0.0,2,16.8,33.8,304,Partly cloudy,0,0,
63747,2021-07-28 15:15:00,40.6972,-73.952934,1,0,Unsafe Lane Changing,4442492,26.7,20.2,0.7,0.7,0.0,3.0,53,16.7,34.2,1,Drizzle: Moderate,1,1,
63748,2021-07-30 22:23:00,40.7379,-73.714775,0,0,Alcohol Involvement,4441951,27.6,19.1,0.0,0.0,0.0,0.0,1,24.2,45.7,310,Mainly clear,0,0,Sunny/Clear Conditions
63749,2021-07-31 14:20:00,40.644115,-73.976295,0,0,Steering Failure,4442746,25.6,14.5,0.0,0.0,0.0,0.0,2,16.8,33.8,304,Partly cloudy,0,0,
63750,2021-07-30 08:00:00,40.74958,-73.8654,0,0,Driver Inattention/Distraction,4441931,27.6,19.1,0.0,0.0,0.0,0.0,1,24.2,45.7,310,Mainly clear,0,0,Sunny/Clear Conditions
63751,2021-07-31 17:00:00,40.76155,-73.96659,0,0,Driver Inattention/Distraction,4442160,25.6,14.5,0.0,0.0,0.0,0.0,2,16.8,33.8,304,Partly cloudy,0,0,
63752,2021-07-29 17:55:00,40.742374,-74.0088,0,0,Driver Inattention/Distraction,4442383,25.3,20.4,33.0,33.0,0.0,11.0,65,26.1,50.8,182,Rain: Heavy,0,0,
63753,2021-07-31 17:30:00,40.806065,-73.90905,0,0,Unspecified,4442281,25.6,14.5,0.0,0.0,0.0,0.0,2,16.8,33.8,304,Partly cloudy,0,0,
63754,2021-07-24 19:22:00,40.70113,-73.96087,0,0,Unspecified,4442987,26.8,18.2,0.0,0.0,0.0,0.0,3,16.3,31.7,152,Overcast,0,0,
63755,2021-07-30 18:46:00,40.730198,-73.98341,0,0,Driver Inattention/Distraction,4442571,27.6,19.1,0.0,0.0,0.0,0.0,1,24.2,45.7,310,Mainly clear,0,0,Sunny/Clear Conditions
63756,2021-07-27 18:00:00,40.843296,-73.917816,0,0,Driver Inattention/Distraction,4442000,30.4,19.1,0.2,0.2,0.0,2.0,51,19.5,38.9,206,Drizzle: Light,0,0,
63757,2021-07-30 10:45:00,40.850315,-73.843124,0,0,Backing Unsafely,4441868,27.6,19.1,0.0,0.0,0.0,0.0,1,24.2,45.7,310,Mainly clear,0,0,Sunny/Clear Conditions
63758,2021-07-29 12:25:00,40.57281,-73.99916,0,0,Unspecified,4442801,25.3,20.4,33.0,33.0,0.0,11.0,65,26.1,50.8,182,Rain: Heavy,0,0,
63759,2021-07-31 16:30:00,40.7024,-73.9605,0,0,Driver Inattention/Distraction,4443017,25.6,14.5,0.0,0.0,0.0,0.0,2,16.8,33.8,304,Partly cloudy,0,0,
63760,2022-01-23 14:10:00,40.68665,-73.91315,0,0,Driver Inattention/Distraction,4496736,2.8,-6.1,0.5,0.0,0.35,3.0,71,14.2,28.1,243,Snow fall: Light,0,0,Snowy Conditions
63761,2021-07-29 16:00:00,40.609436,-74.1498,0,0,Passing or Lane Usage Improper,4442111,25.3,20.4,33.0,33.0,0.0,11.0,65,26.1,50.8,182,Rain: Heavy,0,0,
63762,2021-07-31 12:50:00,40.812737,-73.93762,1,0,Driver Inattention/Distraction,4442831,25.6,14.5,0.0,0.0,0.0,0.0,2,16.8,33.8,304,Partly cloudy,1,1,
63763,2021-07-29 22:30:00,40.68297,-73.97667,0,0,Passing or Lane Usage Improper,4441963,25.3,20.4,33.0,33.0,0.0,11.0,65,26.1,50.8,182,Rain: Heavy,0,0,
63764,2021-07-29 23:45:00,40.64204,-74.0204,1,0,Following Too Closely,4442405,25.3,20.4,33.0,33.0,0.0,11.0,65,26.1,50.8,182,Rain: Heavy,1,1,
63765,2021-07-30 14:25:00,40.688934,-73.82836,0,0,Aggressive Driving/Road Rage,4442132,27.6,19.1,0.0,0.0,0.0,0.0,1,24.2,45.7,310,Mainly clear,0,0,Sunny/Clear Conditions
63766,2021-07-27 08:10:00,40.69399,-73.93517,0,0,Unspecified,4442604,30.4,19.1,0.2,0.2,0.0,2.0,51,19.5,38.9,206,Drizzle: Light,0,0,
63767,2021-07-29 10:19:00,40.843777,-73.90947,1,0,Failure to Keep Right,4442064,25.3,20.4,33.0,33.0,0.0,11.0,65,26.1,50.8,182,Rain: Heavy,1,1,
63768,2021-07-30 18:00:00,40.81847,-73.9414,0,0,Other Vehicular,4442180,27.6,19.1,0.0,0.0,0.0,0.0,1,24.2,45.7,310,Mainly clear,0,0,Sunny/Clear Conditions
63769,2021-07-30 08:00:00,40.847363,-73.8579,0,0,Driver Inattention/Distraction,4441995,27.6,19.1,0.0,0.0,0.0,0.0,1,24.2,45.7,310,Mainly clear,0,0,Sunny/Clear Conditions
63770,2021-07-30 18:10:00,40.640614,-73.998375,1,0,Unspecified,4442462,27.6,19.1,0.0,0.0,0.0,0.0,1,24.2,45.7,310,Mainly clear,1,1,Sunny/Clear Conditions
63771,2021-07-28 15:30:00,40.71235,-73.89128,0,0,Failure to Yield Right-of-Way,4442577,26.7,20.2,0.7,0.7,0.0,3.0,53,16.7,34.2,1,Drizzle: Moderate,0,0,
63772,2021-07-29 10:30:00,40.838013,-73.88669,0,0,Driver Inattention/Distraction,4442264,25.3,20.4,33.0,33.0,0.0,11.0,65,26.1,50.8,182,Rain: Heavy,0,0,
63773,2021-07-29 19:32:00,40.802532,-73.95303,1,0,Passing or Lane Usage Improper,4442366,25.3,20.4,33.0,33.0,0.0,11.0,65,26.1,50.8,182,Rain: Heavy,1,1,
63774,2021-07-28 15:44:00,40.68342,-73.97545,0,0,Failure to Yield Right-of-Way,4441562,26.7,20.2,0.7,0.7,0.0,3.0,53,16.7,34.2,1,Drizzle: Moderate,0,0,
63775,2021-07-28 12:56:00,40.853477,-73.82622,0,0,Unspecified,4441433,26.7,20.2,0.7,0.7,0.0,3.0,53,16.7,34.2,1,Drizzle: Moderate,0,0,
63776,2021-07-28 09:33:00,40.860355,-73.86716,1,0,Driver Inattention/Distraction,4441350,26.7,20.2,0.7,0.7,0.0,3.0,53,16.7,34.2,1,Drizzle: Moderate,1,1,
63777,2021-07-28 07:43:00,40.88471,-73.83131,0,0,Driver Inattention/Distraction,4441614,26.7,20.2,0.7,0.7,0.0,3.0,53,16.7,34.2,1,Drizzle: Moderate,0,0,
63778,2021-07-29 07:50:00,40.758026,-73.85776,0,0,Unspecified,4441700,25.3,20.4,33.0,33.0,0.0,11.0,65,26.1,50.8,182,Rain: Heavy,0,0,
63779,2021-07-30 09:18:00,40.704147,-73.815834,0,0,Lost Consciousness,4442394,27.6,19.1,0.0,0.0,0.0,0.0,1,24.2,45.7,310,Mainly clear,0,0,Sunny/Clear Conditions
63780,2021-07-28 22:15:00,40.700836,-73.99495,0,0,Driver Inattention/Distraction,4441470,26.7,20.2,0.7,0.7,0.0,3.0,53,16.7,34.2,1,Drizzle: Moderate,0,0,
63781,2021-07-31 14:55:00,40.713295,-73.916245,1,0,Driver Inexperience,4442564,25.6,14.5,0.0,0.0,0.0,0.0,2,16.8,33.8,304,Partly cloudy,1,1,
63782,2021-07-28 21:30:00,40.76709,-73.91793,0,0,Passing Too Closely,4441461,26.7,20.2,0.7,0.7,0.0,3.0,53,16.7,34.2,1,Drizzle: Moderate,0,0,
63783,2021-07-31 00:15:00,40.700962,-73.88504,0,0,Unspecified,4442589,25.6,14.5,0.0,0.0,0.0,0.0,2,16.8,33.8,304,Partly cloudy,0,0,
63784,2021-07-28 09:36:00,40.80545,-73.95653,0,0,Driver Inattention/Distraction,4441650,26.7,20.2,0.7,0.7,0.0,3.0,53,16.7,34.2,1,Drizzle: Moderate,0,0,
63785,2021-07-30 20:30:00,40.724594,-73.98376,0,0,Passing Too Closely,4443161,27.6,19.1,0.0,0.0,0.0,0.0,1,24.2,45.7,310,Mainly clear,0,0,Sunny/Clear Conditions
63786,2021-07-25 15:48:00,40.61467,-73.92809,1,0,Traffic Control Disregarded,4441813,28.0,20.3,7.3,7.3,0.0,10.0,63,20.9,43.2,198,Rain: Moderate,1,1,
63787,2021-07-31 01:30:00,40.72138,-73.99555,0,0,Passing Too Closely,4442227,25.6,14.5,0.0,0.0,0.0,0.0,2,16.8,33.8,304,Partly cloudy,0,0,
63788,2021-07-29 13:38:00,40.79078,-73.951546,1,0,Passing or Lane Usage Improper,4441978,25.3,20.4,33.0,33.0,0.0,11.0,65,26.1,50.8,182,Rain: Heavy,1,1,
63789,2021-07-28 12:15:00,40.612633,-74.128555,0,0,Unspecified,4442420,26.7,20.2,0.7,0.7,0.0,3.0,53,16.7,34.2,1,Drizzle: Moderate,0,0,
63790,2021-07-31 14:30:00,40.67429,-73.800644,0,0,Following Too Closely,4442786,25.6,14.5,0.0,0.0,0.0,0.0,2,16.8,33.8,304,Partly cloudy,0,0,
63791,2021-07-29 05:00:00,40.68536,-73.88221,0,0,Unspecified,4442037,25.3,20.4,33.0,33.0,0.0,11.0,65,26.1,50.8,182,Rain: Heavy,0,0,
63792,2021-01-01 05:28:00,40.6873,-73.973656,0,0,Unspecified,4441905,3.6,-2.5,8.4,8.4,0.0,6.0,63,18.4,33.5,45,Rain: Moderate,0,0,
63793,2021-07-30 18:51:00,40.840927,-73.912704,1,0,Pavement Defective,4442143,27.6,19.1,0.0,0.0,0.0,0.0,1,24.2,45.7,310,Mainly clear,1,1,Sunny/Clear Conditions
63794,2021-07-28 19:35:00,40.612354,-73.92422,0,0,Unspecified,4441501,26.7,20.2,0.7,0.7,0.0,3.0,53,16.7,34.2,1,Drizzle: Moderate,0,0,
63795,2021-07-28 09:55:00,40.771687,-73.904434,0,0,Unspecified,4441533,26.7,20.2,0.7,0.7,0.0,3.0,53,16.7,34.2,1,Drizzle: Moderate,0,0,
63796,2021-07-29 13:56:00,40.691532,-73.993744,0,0,Failure to Yield Right-of-Way,4441780,25.3,20.4,33.0,33.0,0.0,11.0,65,26.1,50.8,182,Rain: Heavy,0,0,
63797,2021-07-29 12:50:00,40.68342,-73.982,1,0,Driver Inattention/Distraction,4441746,25.3,20.4,33.0,33.0,0.0,11.0,65,26.1,50.8,182,Rain: Heavy,1,1,
63798,2020-07-30 00:01:00,40.736164,-73.97891,1,0,Driver Inattention/Distraction,4441858,32.5,23.0,0.1,0.1,0.0,1.0,51,13.5,34.2,231,Drizzle: Light,1,1,
63799,2021-07-28 19:00:00,40.66965,-73.89047,0,0,Driver Inattention/Distraction,4442022,26.7,20.2,0.7,0.7,0.0,3.0,53,16.7,34.2,1,Drizzle: Moderate,0,0,
63800,2021-07-29 21:45:00,40.651344,-73.947716,0,0,Unspecified,4441873,25.3,20.4,33.0,33.0,0.0,11.0,65,26.1,50.8,182,Rain: Heavy,0,0,
63801,2021-07-29 06:00:00,40.83803,-73.86778,0,0,Unspecified,4441547,25.3,20.4,33.0,33.0,0.0,11.0,65,26.1,50.8,182,Rain: Heavy,0,0,
63802,2021-07-28 07:30:00,40.843903,-73.927284,0,0,Unsafe Lane Changing,4442005,26.7,20.2,0.7,0.7,0.0,3.0,53,16.7,34.2,1,Drizzle: Moderate,0,0,
63803,2021-07-31 17:00:00,40.855556,-73.92918,1,0,Failure to Yield Right-of-Way,4442505,25.6,14.5,0.0,0.0,0.0,0.0,2,16.8,33.8,304,Partly cloudy,1,1,
63804,2021-07-30 17:30:00,40.66439,-73.76245,2,0,Unspecified,4441890,27.6,19.1,0.0,0.0,0.0,0.0,1,24.2,45.7,310,Mainly clear,2,2,Sunny/Clear Conditions
63805,2021-07-30 09:00:00,40.688614,-73.989174,0,0,Unspecified,4442500,27.6,19.1,0.0,0.0,0.0,0.0,1,24.2,45.7,310,Mainly clear,0,0,Sunny/Clear Conditions
63806,2021-07-15 09:30:00,40.697437,-73.900955,0,0,Passing Too Closely,4442594,29.3,21.2,0.1,0.1,0.0,1.0,51,13.7,27.4,212,Drizzle: Light,0,0,
63807,2021-07-28 16:52:00,40.610664,-74.093575,1,0,Unspecified,4442486,26.7,20.2,0.7,0.7,0.0,3.0,53,16.7,34.2,1,Drizzle: Moderate,1,1,
63808,2021-07-18 14:55:00,40.608746,-73.95829,1,0,Failure to Yield Right-of-Way,4442897,28.4,23.1,12.4,12.4,0.0,10.0,63,19.6,39.2,232,Rain: Moderate,1,1,
63809,2021-07-20 13:30:00,40.728638,-73.95738,1,0,Unsafe Speed,4441845,30.9,21.1,0.0,0.0,0.0,0.0,1,13.3,26.6,283,Mainly clear,1,1,Sunny/Clear Conditions
63810,2021-07-25 03:25:00,40.60973,-73.99158,0,0,Driver Inattention/Distraction,4442195,28.0,20.3,7.3,7.3,0.0,10.0,63,20.9,43.2,198,Rain: Moderate,0,0,
63811,2021-07-30 14:00:00,40.69977,-73.755585,0,0,Failure to Yield Right-of-Way,4442079,27.6,19.1,0.0,0.0,0.0,0.0,1,24.2,45.7,310,Mainly clear,0,0,Sunny/Clear Conditions
63812,2021-07-29 18:35:00,40.85446,-73.85754,0,0,Unspecified,4441733,25.3,20.4,33.0,33.0,0.0,11.0,65,26.1,50.8,182,Rain: Heavy,0,0,
63813,2021-07-26 22:15:00,40.688625,-73.93618,0,0,Failure to Yield Right-of-Way,4442631,31.4,21.8,0.0,0.0,0.0,0.0,3,13.0,25.6,295,Overcast,0,0,
63814,2021-07-30 12:40:00,40.6535,-73.9654,3,0,Turning Improperly,4442317,27.6,19.1,0.0,0.0,0.0,0.0,1,24.2,45.7,310,Mainly clear,3,3,Sunny/Clear Conditions
63815,2021-07-24 12:30:00,40.643127,-73.950676,0,0,Unspecified,4442175,26.8,18.2,0.0,0.0,0.0,0.0,3,16.3,31.7,152,Overcast,0,0,
63816,2021-07-31 21:57:00,40.742683,-73.89566,1,0,Driver Inattention/Distraction,4442212,25.6,14.5,0.0,0.0,0.0,0.0,2,16.8,33.8,304,Partly cloudy,1,1,
63817,2021-07-29 20:15:00,40.672882,-73.89808,1,0,Unspecified,4442027,25.3,20.4,33.0,33.0,0.0,11.0,65,26.1,50.8,182,Rain: Heavy,1,1,
63818,2021-07-30 10:00:00,40.849224,-73.88781,0,0,Driver Inattention/Distraction,4442737,27.6,19.1,0.0,0.0,0.0,0.0,1,24.2,45.7,310,Mainly clear,0,0,Sunny/Clear Conditions
63819,2021-07-29 12:00:00,40.78076,-73.9487,0,0,Passing or Lane Usage Improper,4442931,25.3,20.4,33.0,33.0,0.0,11.0,65,26.1,50.8,182,Rain: Heavy,0,0,
63820,2021-07-29 13:10:00,40.677925,-73.75486,1,0,Failure to Yield Right-of-Way,4441740,25.3,20.4,33.0,33.0,0.0,11.0,65,26.1,50.8,182,Rain: Heavy,1,1,
63821,2021-07-31 12:06:00,40.763245,-73.75806,3,0,Driver Inattention/Distraction,4442128,25.6,14.5,0.0,0.0,0.0,0.0,2,16.8,33.8,304,Partly cloudy,3,3,
63822,2021-07-27 08:30:00,40.677357,-73.88687,0,0,Failure to Yield Right-of-Way,4442032,30.4,19.1,0.2,0.2,0.0,2.0,51,19.5,38.9,206,Drizzle: Light,0,0,
63823,2021-07-25 02:02:00,40.593918,-74.1869,0,0,Driver Inattention/Distraction,4441990,28.0,20.3,7.3,7.3,0.0,10.0,63,20.9,43.2,198,Rain: Moderate,0,0,
63824,2021-07-30 18:27:00,40.688637,-73.98026,0,0,Driver Inattention/Distraction,4442691,27.6,19.1,0.0,0.0,0.0,0.0,1,24.2,45.7,310,Mainly clear,0,0,Sunny/Clear Conditions
63825,2021-07-30 17:50:00,40.68632,-73.96911,0,0,Other Vehicular,4441900,27.6,19.1,0.0,0.0,0.0,0.0,1,24.2,45.7,310,Mainly clear,0,0,Sunny/Clear Conditions
63826,2021-07-27 13:30:00,40.65992,-73.94763,1,0,Driver Inexperience,4442248,30.4,19.1,0.2,0.2,0.0,2.0,51,19.5,38.9,206,Drizzle: Light,1,1,
63827,2021-07-28 17:08:00,40.67986,-73.7883,0,0,Outside Car Distraction,4441753,26.7,20.2,0.7,0.7,0.0,3.0,53,16.7,34.2,1,Drizzle: Moderate,0,0,
63828,2021-07-29 02:15:00,40.81133,-73.96403,0,0,Other Vehicular,4442431,25.3,20.4,33.0,33.0,0.0,11.0,65,26.1,50.8,182,Rain: Heavy,0,0,
63829,2021-07-28 00:00:00,40.755554,-73.98982,1,0,Unspecified,4441514,26.7,20.2,0.7,0.7,0.0,3.0,53,16.7,34.2,1,Drizzle: Moderate,1,1,
63830,2021-07-31 23:18:00,40.757973,-73.98554,0,0,Unsafe Lane Changing,4442599,25.6,14.5,0.0,0.0,0.0,0.0,2,16.8,33.8,304,Partly cloudy,0,0,
63831,2021-07-31 05:05:00,40.702972,-73.89651,0,0,Driver Inattention/Distraction,4442554,25.6,14.5,0.0,0.0,0.0,0.0,2,16.8,33.8,304,Partly cloudy,0,0,
63832,2021-10-07 20:30:00,40.6810657,-73.9253854,1,0,Driver Inattention/Distraction,4467991,22.4,15.7,0.4,0.4,0.0,4.0,51,10.5,20.5,231,Drizzle: Light,1,1,
63833,2022-01-23 07:30:00,40.654068,-73.92621,0,0,Unspecified,4496600,2.8,-6.1,0.5,0.0,0.35,3.0,71,14.2,28.1,243,Snow fall: Light,0,0,Snowy Conditions
63834,2021-10-12 08:30:00,40.896957,-73.8629201,0,0,Driver Inattention/Distraction,4467993,21.6,15.2,0.0,0.0,0.0,0.0,3,11.8,23.8,81,Overcast,0,0,
63835,2022-01-23 08:20:00,40.675625,-73.89879,0,0,Unspecified,4497180,2.8,-6.1,0.5,0.0,0.35,3.0,71,14.2,28.1,243,Snow fall: Light,0,0,Snowy Conditions
63836,2022-01-23 16:39:00,40.863686,-73.907425,0,0,Tire Failure/Inadequate,4496869,2.8,-6.1,0.5,0.0,0.35,3.0,71,14.2,28.1,243,Snow fall: Light,0,0,Snowy Conditions
63837,2022-01-23 17:15:00,40.82817,-73.86265,0,0,Driver Inattention/Distraction,4496970,2.8,-6.1,0.5,0.0,0.35,3.0,71,14.2,28.1,243,Snow fall: Light,0,0,Snowy Conditions
63838,2022-01-19 13:30:00,40.817513,-73.91712,1,0,Unspecified,4497212,7.6,-4.9,0.0,0.0,0.0,0.0,3,23.5,43.2,208,Overcast,1,1,
63839,2022-01-21 17:05:00,40.849907,-73.85225,1,0,Failure to Yield Right-of-Way,4497125,-5.3,-11.6,0.0,0.0,0.0,0.0,3,21.9,40.0,2,Overcast,1,1,