,CRASH DATETIME,LATITUDE,LONGITUDE,NUMBER OF PERSONS INJURED,NUMBER OF PERSONS KILLED,CONTRIBUTING FACTOR VEHICLE 1,COLLISION_ID,temperature_2m_max,temperature_2m_min,precipitation_sum,rain_sum,snowfall_sum,precipitation_hours,weather_code,wind_speed_10m_max,wind_gusts_10m_max,wind_direction_10m_dominant,Weather Description,Severity_Score,Total_Affected_Persons,Weather_Category
63840,2021-12-18 13:40:00,40.81145,-73.916214,0,0,Unspecified,4497189,6.3,4.5,3.8,3.8,0.0,9.0,61,12.3,24.5,35,Rain: Light,0,0,
63841,2022-01-23 07:55:00,40.64741,-74.018684,0,0,Unspecified,4496623,2.8,-6.1,0.5,0.0,0.35,3.0,71,14.2,28.1,243,Snow fall: Light,0,0,Snowy Conditions
63842,2021-10-16 21:07:00,40.9002506,-73.8864647,2,0,Unspecified,4467997,24.3,15.0,17.5,17.5,0.0,9.0,63,25.7,46.4,195,Rain: Moderate,2,2,
63843,2021-09-25 15:00:00,40.88996,-73.88738,1,0,Following Too Closely,4468019,22.8,14.0,0.0,0.0,0.0,0.0,3,7.9,15.8,322,Overcast,1,1,
63844,2022-01-23 15:38:00,40.639435,-74.00546,1,0,Passing or Lane Usage Improper,4496721,2.8,-6.1,0.5,0.0,0.35,3.0,71,14.2,28.1,243,Snow fall: Light,1,1,Snowy Conditions
63845,2022-01-23 17:30:00,40.743866,-73.82568,2,0,Failure to Yield Right-of-Way,4496834,2.8,-6.1,0.5,0.0,0.35,3.0,71,14.2,28.1,243,Snow fall: Light,2,2,Snowy Conditions
63846,2022-01-15 22:30:00,40.826183,-73.86053,2,0,Alcohol Involvement,4497119,-5.3,-11.1,0.0,0.0,0.0,0.0,3,22.4,46.1,345,Overcast,2,2,
63847,2022-01-23 13:24:00,40.634995,-74.076454,0,0,Driver Inattention/Distraction,4497273,2.8,-6.1,0.5,0.0,0.35,3.0,71,14.2,28.1,243,Snow fall: Light,0,0,Snowy Conditions
63848,2022-01-23 11:50:00,40.70109,-73.94502,0,0,Turning Improperly,4496747,2.8,-6.1,0.5,0.0,0.35,3.0,71,14.2,28.1,243,Snow fall: Light,0,0,Snowy Conditions
63849,2022-01-23 16:05:00,40.769844,-73.96686,0,0,Driver Inattention/Distraction,4496793,2.8,-6.1,0.5,0.0,0.35,3.0,71,14.2,28.1,243,Snow fall: Light,0,0,Snowy Conditions
63850,2021-09-30 12:40:00,40.6985403,-73.9411512,0,0,Backing Unsafely,4468009,18.8,13.1,0.0,0.0,0.0,0.0,3,18.1,37.4,330,Overcast,0,0,
63851,2022-01-23 14:30:00,40.728024,-73.74764,1,0,Following Too Closely,4496675,2.8,-6.1,0.5,0.0,0.35,3.0,71,14.2,28.1,243,Snow fall: Light,1,1,Snowy Conditions
63852,2021-10-13 10:45:00,40.6457941,-74.0164299,0,0,Driver Inattention/Distraction,4468011,21.7,14.8,0.1,0.1,0.0,1.0,51,12.2,23.0,200,Drizzle: Light,0,0,
63853,2022-01-22 11:45:00,40.608776,-74.090805,1,0,Passing or Lane Usage Improper,4497251,-1.3,-12.3,0.0,0.0,0.0,0.0,3,18.4,32.8,1,Overcast,1,1,
63854,2022-01-23 17:24:00,40.716972,-73.99446,0,0,Unspecified,4497135,2.8,-6.1,0.5,0.0,0.35,3.0,71,14.2,28.1,243,Snow fall: Light,0,0,Snowy Conditions
63855,2021-10-14 17:00:00,40.6972254,-73.8729478,2,0,Following Too Closely,4468014,25.0,15.4,0.0,0.0,0.0,0.0,3,15.4,29.9,328,Overcast,2,2,
63856,2022-01-09 04:20:00,40.690483,-73.80022,0,0,Traffic Control Disregarded,4497169,4.0,-5.3,5.1,5.1,0.0,12.0,53,23.8,42.1,220,Drizzle: Moderate,0,0,
63857,2022-01-18 20:00:00,40.573784,-74.10643,0,0,Driver Inattention/Distraction,4497246,1.7,-4.9,0.0,0.0,0.0,0.0,3,30.9,58.3,294,Overcast,0,0,
63858,2022-01-20 15:00:00,40.712265,-73.95548,0,0,Passing Too Closely,4497349,5.2,-5.5,7.3,4.6,1.89,10.0,73,22.3,40.0,315,Snow fall: Moderate,0,0,Snowy Conditions
63859,2022-01-23 11:42:00,40.76624,-73.960236,0,0,Driver Inexperience,4496863,2.8,-6.1,0.5,0.0,0.35,3.0,71,14.2,28.1,243,Snow fall: Light,0,0,Snowy Conditions
63860,2022-01-22 14:50:00,40.688564,-73.93019,0,0,Driver Inattention/Distraction,4497299,-1.3,-12.3,0.0,0.0,0.0,0.0,3,18.4,32.8,1,Overcast,0,0,
63861,2022-01-23 08:10:00,40.636284,-73.97137,0,0,Driver Inattention/Distraction,4496810,2.8,-6.1,0.5,0.0,0.35,3.0,71,14.2,28.1,243,Snow fall: Light,0,0,Snowy Conditions
63862,2022-01-23 00:34:00,40.70247,-73.88783,1,0,Driver Inattention/Distraction,4497112,2.8,-6.1,0.5,0.0,0.35,3.0,71,14.2,28.1,243,Snow fall: Light,1,1,Snowy Conditions
63863,2022-01-23 19:50:00,40.702614,-73.96058,0,0,Brakes Defective,4496752,2.8,-6.1,0.5,0.0,0.35,3.0,71,14.2,28.1,243,Snow fall: Light,0,0,Snowy Conditions
63864,2022-01-23 21:42:00,40.576405,-74.127075,2,0,Driver Inattention/Distraction,4497256,2.8,-6.1,0.5,0.0,0.35,3.0,71,14.2,28.1,243,Snow fall: Light,2,2,Snowy Conditions
63865,2022-01-23 07:00:00,40.83335,-73.93524,3,0,Unsafe Speed,4497013,2.8,-6.1,0.5,0.0,0.35,3.0,71,14.2,28.1,243,Snow fall: Light,3,3,Snowy Conditions
63866,2022-01-23 07:30:00,40.77099,-73.99092,1,0,Unspecified,4496825,2.8,-6.1,0.5,0.0,0.35,3.0,71,14.2,28.1,243,Snow fall: Light,1,1,Snowy Conditions
63867,2021-10-07 10:50:00,40.7580218,-73.9817932,0,0,Driver Inexperience,4468031,22.4,15.7,0.4,0.4,0.0,4.0,51,10.5,20.5,231,Drizzle: Light,0,0,
63868,2023-11-02 17:15:00,40.61326,-74.076416,0,0,Driver Inattention/Distraction,4676164,9.5,0.3,0.0,0.0,0.0,0.0,2,13.3,26.3,276,Partly cloudy,0,0,
63869,2022-01-23 20:18:00,40.689873,-73.84282,3,0,Alcohol Involvement,4496916,2.8,-6.1,0.5,0.0,0.35,3.0,71,14.2,28.1,243,Snow fall: Light,3,3,Snowy Conditions
63870,2021-10-12 16:16:00,40.6791818,-73.9273563,0,0,Following Too Closely,4468034,21.6,15.2,0.0,0.0,0.0,0.0,3,11.8,23.8,81,Overcast,0,0,
63871,2022-01-23 17:13:00,40.739693,-73.84598,1,0,Following Too Closely,4497015,2.8,-6.1,0.5,0.0,0.35,3.0,71,14.2,28.1,243,Snow fall: Light,1,1,Snowy Conditions
63872,2022-01-23 05:29:00,40.688496,-73.8548,0,0,Traffic Control Disregarded,4496891,2.8,-6.1,0.5,0.0,0.35,3.0,71,14.2,28.1,243,Snow fall: Light,0,0,Snowy Conditions
63873,2022-01-18 10:45:00,40.697098,-73.95386,0,0,Driver Inattention/Distraction,4497312,1.7,-4.9,0.0,0.0,0.0,0.0,3,30.9,58.3,294,Overcast,0,0,
63874,2021-10-08 11:46:00,40.6807878,-73.919574,1,0,Unsafe Speed,4468038,23.7,14.5,0.0,0.0,0.0,0.0,3,13.0,22.3,94,Overcast,1,1,
63875,2022-01-23 00:20:00,40.6427,-73.87661,0,0,Following Too Closely,4496474,2.8,-6.1,0.5,0.0,0.35,3.0,71,14.2,28.1,243,Snow fall: Light,0,0,Snowy Conditions
63876,2022-01-23 21:33:00,40.76415,-73.95526,0,0,Driver Inattention/Distraction,4496788,2.8,-6.1,0.5,0.0,0.35,3.0,71,14.2,28.1,243,Snow fall: Light,0,0,Snowy Conditions
63877,2022-01-22 22:39:00,40.65169,-74.00461,0,0,Unspecified,4497238,-1.3,-12.3,0.0,0.0,0.0,0.0,3,18.4,32.8,1,Overcast,0,0,
63878,2021-10-11 02:03:00,40.6792919,-73.9226343,0,0,Unspecified,4468043,21.7,16.3,0.0,0.0,0.0,0.0,3,25.7,49.7,41,Overcast,0,0,
63879,2021-10-12 12:14:00,40.6821509,-73.9227087,0,0,Backing Unsafely,4468044,21.6,15.2,0.0,0.0,0.0,0.0,3,11.8,23.8,81,Overcast,0,0,
63880,2022-01-19 18:38:00,40.70422,-73.908615,1,0,Other Vehicular,4497282,7.6,-4.9,0.0,0.0,0.0,0.0,3,23.5,43.2,208,Overcast,1,1,
63881,2022-01-23 07:14:00,40.64802,-73.952194,0,0,Failure to Yield Right-of-Way,4496557,2.8,-6.1,0.5,0.0,0.35,3.0,71,14.2,28.1,243,Snow fall: Light,0,0,Snowy Conditions
63882,2022-01-23 19:40:00,40.606358,-74.120926,0,0,Failure to Yield Right-of-Way,4497320,2.8,-6.1,0.5,0.0,0.35,3.0,71,14.2,28.1,243,Snow fall: Light,0,0,Snowy Conditions
63883,2021-10-08 17:49:00,40.6791096,-73.9313916,1,0,Driver Inattention/Distraction,4468048,23.7,14.5,0.0,0.0,0.0,0.0,3,13.0,22.3,94,Overcast,1,1,
63884,2022-01-23 19:50:00,40.71015,-73.94369,2,0,Brakes Defective,4496751,2.8,-6.1,0.5,0.0,0.35,3.0,71,14.2,28.1,243,Snow fall: Light,2,2,Snowy Conditions
63885,2022-01-23 00:04:00,40.699604,-73.83069,0,0,Following Too Closely,4496892,2.8,-6.1,0.5,0.0,0.35,3.0,71,14.2,28.1,243,Snow fall: Light,0,0,Snowy Conditions
63886,2022-01-23 14:08:00,40.642944,-73.974045,0,0,Driver Inattention/Distraction,4496811,2.8,-6.1,0.5,0.0,0.35,3.0,71,14.2,28.1,243,Snow fall: Light,0,0,Snowy Conditions
63887,2022-01-20 17:30:00,40.841618,-73.91448,0,0,Driver Inattention/Distraction,4497223,5.2,-5.5,7.3,4.6,1.89,10.0,73,22.3,40.0,315,Snow fall: Moderate,0,0,Snowy Conditions
63888,2022-01-22 23:20:00,40.589066,-74.138626,0,0,Driver Inattention/Distraction,4497255,-1.3,-12.3,0.0,0.0,0.0,0.0,3,18.4,32.8,1,Overcast,0,0,
63889,2021-10-15 03:05:00,40.7612837,-73.9557023,0,0,Unspecified,4468054,25.0,14.5,0.0,0.0,0.0,0.0,3,16.8,28.4,182,Overcast,0,0,
63890,2022-01-23 14:46:00,40.87016,-73.89099,1,0,Unspecified,4496856,2.8,-6.1,0.5,0.0,0.35,3.0,71,14.2,28.1,243,Snow fall: Light,1,1,Snowy Conditions
63891,2022-01-23 14:30:00,40.71486,-73.75922,0,0,Failure to Yield Right-of-Way,4496699,2.8,-6.1,0.5,0.0,0.35,3.0,71,14.2,28.1,243,Snow fall: Light,0,0,Snowy Conditions
63892,2022-01-22 13:15:00,40.82451,-73.95186,1,0,Driver Inattention/Distraction,4497128,-1.3,-12.3,0.0,0.0,0.0,0.0,3,18.4,32.8,1,Overcast,1,1,
63893,2022-01-23 14:40:00,40.601852,-73.94988,1,0,Driver Inattention/Distraction,4496777,2.8,-6.1,0.5,0.0,0.35,3.0,71,14.2,28.1,243,Snow fall: Light,1,1,Snowy Conditions
63894,2021-10-17 00:49:00,40.7624195,-73.9544273,0,0,Unspecified,4468061,17.3,11.1,0.2,0.2,0.0,2.0,51,23.9,43.9,293,Drizzle: Light,0,0,
63895,2022-01-23 12:20:00,40.74947,-73.7564,0,0,Unsafe Lane Changing,4496624,2.8,-6.1,0.5,0.0,0.35,3.0,71,14.2,28.1,243,Snow fall: Light,0,0,Snowy Conditions
63896,2022-01-23 00:05:00,40.75666,-73.83378,1,0,Driver Inattention/Distraction,4497043,2.8,-6.1,0.5,0.0,0.35,3.0,71,14.2,28.1,243,Snow fall: Light,1,1,Snowy Conditions
63897,2021-10-09 03:40:00,40.6078926,-74.1351109,1,0,Unsafe Speed,4468066,20.2,15.2,1.2,1.2,0.0,5.0,51,22.8,42.8,71,Drizzle: Light,1,1,
63898,2021-10-02 20:55:00,40.6142563,-74.1537884,0,0,Passing or Lane Usage Improper,4468067,23.7,10.8,0.0,0.0,0.0,0.0,3,17.0,34.2,254,Overcast,0,0,
63899,2022-01-16 20:52:00,40.715847,-73.994934,0,0,Driver Inexperience,4497137,1.3,-13.5,4.4,0.7,2.59,4.0,75,28.1,47.2,36,Snow fall: Heavy,0,0,Snowy Conditions
63900,2022-01-23 14:00:00,40.789444,-73.98212,0,0,Driver Inattention/Distraction,4496688,2.8,-6.1,0.5,0.0,0.35,3.0,71,14.2,28.1,243,Snow fall: Light,0,0,Snowy Conditions
63901,2021-10-13 07:30:00,40.6075657,-74.0871064,0,0,Unsafe Lane Changing,4468070,21.7,14.8,0.1,0.1,0.0,1.0,51,12.2,23.0,200,Drizzle: Light,0,0,
63902,2021-10-14 15:55:00,40.6085525,-74.0888544,0,0,Following Too Closely,4468071,25.0,15.4,0.0,0.0,0.0,0.0,3,15.4,29.9,328,Overcast,0,0,
63903,2021-10-14 21:10:00,40.6061902,-74.0761311,0,0,Following Too Closely,4468072,25.0,15.4,0.0,0.0,0.0,0.0,3,15.4,29.9,328,Overcast,0,0,
63904,2022-01-23 16:45:00,40.78221,-73.78151,0,0,Steering Failure,4496832,2.8,-6.1,0.5,0.0,0.35,3.0,71,14.2,28.1,243,Snow fall: Light,0,0,Snowy Conditions
63905,2021-10-15 10:50:00,40.6059597,-74.0760084,0,0,Following Too Closely,4468074,25.0,14.5,0.0,0.0,0.0,0.0,3,16.8,28.4,182,Overcast,0,0,
63906,2022-01-18 09:28:00,40.631077,-74.08808,0,0,Unspecified,4497276,1.7,-4.9,0.0,0.0,0.0,0.0,3,30.9,58.3,294,Overcast,0,0,
63907,2021-10-16 22:30:00,40.7636378,-73.9532966,0,0,Following Too Closely,4468076,24.3,15.0,17.5,17.5,0.0,9.0,63,25.7,46.4,195,Rain: Moderate,0,0,
63908,2022-01-20 16:35:00,40.83981,-73.91314,0,0,Passing Too Closely,4497215,5.2,-5.5,7.3,4.6,1.89,10.0,73,22.3,40.0,315,Snow fall: Moderate,0,0,Snowy Conditions
63909,2023-11-02 16:00:00,40.84279,-73.85053,1,0,Driver Inattention/Distraction,4676075,9.5,0.3,0.0,0.0,0.0,0.0,2,13.3,26.3,276,Partly cloudy,1,1,
63910,2022-01-23 15:30:00,40.7171,-73.9986,0,0,Traffic Control Disregarded,4496839,2.8,-6.1,0.5,0.0,0.35,3.0,71,14.2,28.1,243,Snow fall: Light,0,0,Snowy Conditions
63911,2022-01-10 21:52:00,40.614586,-73.98429,2,0,Driver Inexperience,4497124,4.1,-4.3,0.0,0.0,0.0,0.0,3,24.1,44.3,295,Overcast,2,2,
63912,2022-01-23 08:44:00,40.72626,-73.72387,2,0,Unspecified,4496562,2.8,-6.1,0.5,0.0,0.35,3.0,71,14.2,28.1,243,Snow fall: Light,2,2,Snowy Conditions
63913,2022-01-23 00:00:00,40.69212,-73.90661,1,0,Failure to Yield Right-of-Way,4496738,2.8,-6.1,0.5,0.0,0.35,3.0,71,14.2,28.1,243,Snow fall: Light,1,1,Snowy Conditions
63914,2022-01-20 13:30:00,40.845177,-73.91417,1,0,Failure to Yield Right-of-Way,4497144,5.2,-5.5,7.3,4.6,1.89,10.0,73,22.3,40.0,315,Snow fall: Moderate,1,1,Snowy Conditions
63915,2022-01-23 21:00:00,40.636368,-73.961586,1,0,Driver Inattention/Distraction,4497098,2.8,-6.1,0.5,0.0,0.35,3.0,71,14.2,28.1,243,Snow fall: Light,1,1,Snowy Conditions
63916,2022-01-23 17:15:00,40.799297,-73.94113,1,0,Traffic Control Disregarded,4496868,2.8,-6.1,0.5,0.0,0.35,3.0,71,14.2,28.1,243,Snow fall: Light,1,1,Snowy Conditions
63917,2022-01-23 15:35:00,40.76611,-73.95796,0,0,Reaction to Uninvolved Vehicle,4497355,2.8,-6.1,0.5,0.0,0.35,3.0,71,14.2,28.1,243,Snow fall: Light,0,0,Snowy Conditions
63918,2021-09-15 06:35:00,40.665256,-73.7353338,1,0,View Obstructed/Limited,4468089,29.6,20.7,0.3,0.3,0.0,3.0,51,21.6,40.7,192,Drizzle: Light,1,1,
63919,2022-01-23 15:32:00,40.835373,-73.85522,2,0,Driver Inexperience,4496966,2.8,-6.1,0.5,0.0,0.35,3.0,71,14.2,28.1,243,Snow fall: Light,2,2,Snowy Conditions
63920,2022-01-23 22:14:00,40.627453,-73.97807,1,0,Unspecified,4497266,2.8,-6.1,0.5,0.0,0.35,3.0,71,14.2,28.1,243,Snow fall: Light,1,1,Snowy Conditions
63921,2022-01-23 11:00:00,40.776196,-73.94988,0,0,Driver Inattention/Distraction,4496792,2.8,-6.1,0.5,0.0,0.35,3.0,71,14.2,28.1,243,Snow fall: Light,0,0,Snowy Conditions
63922,2022-01-22 12:05:00,40.822784,-73.9574,0,0,Unspecified,4497196,-1.3,-12.3,0.0,0.0,0.0,0.0,3,18.4,32.8,1,Overcast,0,0,
63923,2022-01-21 14:49:00,0.0,0.0,0,0,Unspecified,4497247,-5.3,-11.6,0.0,0.0,0.0,0.0,3,21.9,40.0,2,Overcast,0,0,
63924,2021-10-11 12:49:00,40.6819344,-73.9225436,0,0,Driver Inattention/Distraction,4468095,21.7,16.3,0.0,0.0,0.0,0.0,3,25.7,49.7,41,Overcast,0,0,
63925,2021-10-17 18:40:00,40.7379141,-73.9045781,0,0,Driver Inattention/Distraction,4468096,17.3,11.1,0.2,0.2,0.0,2.0,51,23.9,43.9,293,Drizzle: Light,0,0,
63926,2022-01-23 21:10:00,40.765823,-73.82373,0,0,View Obstructed/Limited,4496838,2.8,-6.1,0.5,0.0,0.35,3.0,71,14.2,28.1,243,Snow fall: Light,0,0,Snowy Conditions
63927,2022-01-22 05:30:00,40.605522,-74.18429,0,0,Driver Inattention/Distraction,4497157,-1.3,-12.3,0.0,0.0,0.0,0.0,3,18.4,32.8,1,Overcast,0,0,
63928,2022-01-23 21:50:00,40.637863,-73.96568,0,0,Driver Inattention/Distraction,4496997,2.8,-6.1,0.5,0.0,0.35,3.0,71,14.2,28.1,243,Snow fall: Light,0,0,Snowy Conditions
63929,2022-01-23 18:39:00,40.666348,-73.76093,3,0,Driver Inattention/Distraction,4496710,2.8,-6.1,0.5,0.0,0.35,3.0,71,14.2,28.1,243,Snow fall: Light,3,3,Snowy Conditions
63930,2022-01-23 17:10:00,40.730118,-73.86232,1,0,Following Too Closely,4497016,2.8,-6.1,0.5,0.0,0.35,3.0,71,14.2,28.1,243,Snow fall: Light,1,1,Snowy Conditions
63931,2022-01-23 13:01:00,40.760857,-73.961075,0,0,Unspecified,4496787,2.8,-6.1,0.5,0.0,0.35,3.0,71,14.2,28.1,243,Snow fall: Light,0,0,Snowy Conditions
63932,2022-01-23 18:30:00,40.73914,-73.98294,1,0,Reaction to Uninvolved Vehicle,4496988,2.8,-6.1,0.5,0.0,0.35,3.0,71,14.2,28.1,243,Snow fall: Light,1,1,Snowy Conditions
63933,2021-12-17 08:30:00,40.680077,-73.932365,0,0,Driver Inattention/Distraction,4497297,13.9,6.1,0.0,0.0,0.0,0.0,3,21.5,37.1,265,Overcast,0,0,
63934,2022-01-23 16:45:00,40.651512,-73.93506,0,0,Driver Inattention/Distraction,4496862,2.8,-6.1,0.5,0.0,0.35,3.0,71,14.2,28.1,243,Snow fall: Light,0,0,Snowy Conditions
63935,2022-01-17 12:37:00,40.693203,-73.953995,0,0,Passing Too Closely,4497316,9.7,0.4,33.6,32.8,0.56,12.0,73,54.1,99.7,183,Snow fall: Moderate,0,0,Snowy Conditions
63936,2022-01-23 00:57:00,40.8275,-73.886406,0,0,Driver Inattention/Distraction,4496485,2.8,-6.1,0.5,0.0,0.35,3.0,71,14.2,28.1,243,Snow fall: Light,0,0,Snowy Conditions
63937,2022-01-19 11:58:00,40.64228,-74.00868,0,0,Unspecified,4497237,7.6,-4.9,0.0,0.0,0.0,0.0,3,23.5,43.2,208,Overcast,0,0,
63938,2021-09-27 04:50:00,40.6652755,-73.9294204,0,0,Unspecified,4468111,25.9,14.6,0.0,0.0,0.0,0.0,3,24.1,45.0,233,Overcast,0,0,
63939,2022-01-22 14:50:00,40.83147,-73.94678,0,0,Unspecified,4497138,-1.3,-12.3,0.0,0.0,0.0,0.0,3,18.4,32.8,1,Overcast,0,0,
63940,2022-01-23 15:45:00,40.71521,-73.98427,0,0,Driver Inattention/Distraction,4496680,2.8,-6.1,0.5,0.0,0.35,3.0,71,14.2,28.1,243,Snow fall: Light,0,0,Snowy Conditions
63941,2022-01-23 18:54:00,40.743427,-73.775475,0,0,Following Too Closely,4496691,2.8,-6.1,0.5,0.0,0.35,3.0,71,14.2,28.1,243,Snow fall: Light,0,0,Snowy Conditions
63942,2022-01-22 02:05:00,40.691074,-73.88733,0,0,Unspecified,4497114,-1.3,-12.3,0.0,0.0,0.0,0.0,3,18.4,32.8,1,Overcast,0,0,
63943,2022-01-23 16:22:00,40.661232,-73.99171,0,0,Unspecified,4496720,2.8,-6.1,0.5,0.0,0.35,3.0,71,14.2,28.1,243,Snow fall: Light,0,0,Snowy Conditions
63944,2022-01-22 11:15:00,40.70719,-73.91511,0,0,Unspecified,4497129,-1.3,-12.3,0.0,0.0,0.0,0.0,3,18.4,32.8,1,Overcast,0,0,
63945,2022-01-23 20:40:00,40.69314,-73.74486,0,0,Unspecified,4496756,2.8,-6.1,0.5,0.0,0.35,3.0,71,14.2,28.1,243,Snow fall: Light,0,0,Snowy Conditions
63946,2021-10-07 18:15:00,40.6786223,-73.927268,0,0,Failure to Yield Right-of-Way,4468119,22.4,15.7,0.4,0.4,0.0,4.0,51,10.5,20.5,231,Drizzle: Light,0,0,
63947,2022-01-22 13:20:00,40.765198,-73.913925,0,0,Unspecified,4497173,-1.3,-12.3,0.0,0.0,0.0,0.0,3,18.4,32.8,1,Overcast,0,0,
63948,2022-01-23 08:30:00,40.87548,-73.85758,0,0,Driver Inattention/Distraction,4496605,2.8,-6.1,0.5,0.0,0.35,3.0,71,14.2,28.1,243,Snow fall: Light,0,0,Snowy Conditions
63949,2022-01-23 05:30:00,40.576885,-74.00323,0,0,Unspecified,4497115,2.8,-6.1,0.5,0.0,0.35,3.0,71,14.2,28.1,243,Snow fall: Light,0,0,Snowy Conditions
63950,2022-01-22 00:00:00,40.827583,-73.84085,1,0,Unspecified,4497164,-1.3,-12.3,0.0,0.0,0.0,0.0,3,18.4,32.8,1,Overcast,1,1,
63951,2022-01-22 15:42:00,40.852142,-73.8976,0,0,Driver Inattention/Distraction,4497194,-1.3,-12.3,0.0,0.0,0.0,0.0,3,18.4,32.8,1,Overcast,0,0,
63952,2022-01-23 11:10:00,40.73814,-74.00816,2,0,Failure to Yield Right-of-Way,4496630,2.8,-6.1,0.5,0.0,0.35,3.0,71,14.2,28.1,243,Snow fall: Light,2,2,Snowy Conditions
63953,2021-10-17 21:10:00,40.6658024,-73.7463956,1,0,Driver Inattention/Distraction,4468128,17.3,11.1,0.2,0.2,0.0,2.0,51,23.9,43.9,293,Drizzle: Light,1,1,
63954,2022-01-23 18:15:00,40.839867,-73.94064,0,0,Driver Inattention/Distraction,4496715,2.8,-6.1,0.5,0.0,0.35,3.0,71,14.2,28.1,243,Snow fall: Light,0,0,Snowy Conditions
63955,2022-01-23 19:36:00,40.707,-73.9673,1,0,Failure to Yield Right-of-Way,4496749,2.8,-6.1,0.5,0.0,0.35,3.0,71,14.2,28.1,243,Snow fall: Light,1,1,Snowy Conditions
63956,2022-01-23 17:15:00,40.729443,-73.97804,0,0,Unspecified,4496893,2.8,-6.1,0.5,0.0,0.35,3.0,71,14.2,28.1,243,Snow fall: Light,0,0,Snowy Conditions
63957,2022-01-11 02:58:00,40.609142,-74.14711,0,0,Backing Unsafely,4497231,-4.2,-8.8,0.0,0.0,0.0,0.0,1,26.7,50.8,316,Mainly clear,0,0,Sunny/Clear Conditions
63958,2021-10-17 20:30:00,40.6924672,-73.7268683,0,0,Driver Inattention/Distraction,4468133,17.3,11.1,0.2,0.2,0.0,2.0,51,23.9,43.9,293,Drizzle: Light,0,0,
63959,2022-01-23 00:00:00,40.745197,-73.871574,0,0,Unspecified,4496660,2.8,-6.1,0.5,0.0,0.35,3.0,71,14.2,28.1,243,Snow fall: Light,0,0,Snowy Conditions
63960,2022-01-23 18:45:00,40.835724,-73.92129,1,0,Failure to Yield Right-of-Way,4496780,2.8,-6.1,0.5,0.0,0.35,3.0,71,14.2,28.1,243,Snow fall: Light,1,1,Snowy Conditions
63961,2022-01-23 09:50:00,40.606842,-74.0155,0,0,Unspecified,4496586,2.8,-6.1,0.5,0.0,0.35,3.0,71,14.2,28.1,243,Snow fall: Light,0,0,Snowy Conditions
63962,2022-01-23 16:18:00,40.751827,-73.9886,0,0,Driver Inattention/Distraction,4496743,2.8,-6.1,0.5,0.0,0.35,3.0,71,14.2,28.1,243,Snow fall: Light,0,0,Snowy Conditions
63963,2022-01-21 15:43:00,40.70193,-73.90621,0,0,Backing Unsafely,4497109,-5.3,-11.6,0.0,0.0,0.0,0.0,3,21.9,40.0,2,Overcast,0,0,
63964,2022-01-23 18:24:00,40.66684,-73.78941,0,0,Following Too Closely,4496725,2.8,-6.1,0.5,0.0,0.35,3.0,71,14.2,28.1,243,Snow fall: Light,0,0,Snowy Conditions
63965,2022-01-17 11:10:00,40.6845,-73.92639,1,0,Driver Inattention/Distraction,4497296,9.7,0.4,33.6,32.8,0.56,12.0,73,54.1,99.7,183,Snow fall: Moderate,1,1,Snowy Conditions
63966,2021-10-16 23:00:00,40.6050231,-74.0292838,0,0,Following Too Closely,4468143,24.3,15.0,17.5,17.5,0.0,9.0,63,25.7,46.4,195,Rain: Moderate,0,0,
63967,2021-10-13 17:45:00,40.7091914,-73.956819,1,0,Following Too Closely,4468144,21.7,14.8,0.1,0.1,0.0,1.0,51,12.2,23.0,200,Drizzle: Light,1,1,
63968,2022-01-23 11:20:00,40.776314,-73.90845,0,0,Unspecified,4497174,2.8,-6.1,0.5,0.0,0.35,3.0,71,14.2,28.1,243,Snow fall: Light,0,0,Snowy Conditions
63969,2022-01-23 18:55:00,40.76417,-73.83967,1,0,Following Too Closely,4496812,2.8,-6.1,0.5,0.0,0.35,3.0,71,14.2,28.1,243,Snow fall: Light,1,1,Snowy Conditions
63970,2022-01-03 19:00:00,40.827343,-73.94279,0,0,Unspecified,4497127,2.0,-4.4,1.4,0.0,0.98,6.0,73,29.3,55.4,359,Snow fall: Moderate,0,0,Snowy Conditions
63971,2021-10-17 23:00:00,40.8337639,-73.8740639,1,0,Following Too Closely,4468149,17.3,11.1,0.2,0.2,0.0,2.0,51,23.9,43.9,293,Drizzle: Light,1,1,
63972,2022-01-23 18:50:00,40.610897,-74.10001,0,0,Alcohol Involvement,4497184,2.8,-6.1,0.5,0.0,0.35,3.0,71,14.2,28.1,243,Snow fall: Light,0,0,Snowy Conditions
63973,2022-01-18 13:15:00,40.689102,-73.94507,0,0,Aggressive Driving/Road Rage,4497151,1.7,-4.9,0.0,0.0,0.0,0.0,3,30.9,58.3,294,Overcast,0,0,
63974,2021-10-16 08:50:00,40.6303667,-73.9737131,0,0,Unspecified,4468138,24.3,15.0,17.5,17.5,0.0,9.0,63,25.7,46.4,195,Rain: Moderate,0,0,