,CRASH DATETIME,LATITUDE,LONGITUDE,NUMBER OF PERSONS INJURED,NUMBER OF PERSONS KILLED,CONTRIBUTING FACTOR VEHICLE 1,COLLISION_ID,temperature_2m_max,temperature_2m_min,precipitation_sum,rain_sum,snowfall_sum,precipitation_hours,weather_code,wind_speed_10m_max,wind_gusts_10m_max,wind_direction_10m_dominant,Weather Description,Severity_Score,Total_Affected_Persons,Weather_Category
63975,2021-10-12 10:52:00,40.644042,-73.8775195,1,0,Turning Improperly,4468155,21.6,15.2,0.0,0.0,0.0,0.0,3,11.8,23.8,81,Overcast,1,1,
63976,2021-10-17 00:48:00,40.6782423,-73.8975215,1,0,Unsafe Speed,4468156,17.3,11.1,0.2,0.2,0.0,2.0,51,23.9,43.9,293,Drizzle: Light,1,1,
63977,2022-01-23 02:21:00,40.837654,-73.89997,0,0,Alcohol Involvement,4496876,2.8,-6.1,0.5,0.0,0.35,3.0,71,14.2,28.1,243,Snow fall: Light,0,0,Snowy Conditions
63978,2021-10-17 18:15:00,40.6519829,-73.8654117,2,0,Following Too Closely,4468158,17.3,11.1,0.2,0.2,0.0,2.0,51,23.9,43.9,293,Drizzle: Light,2,2,
63979,2022-01-20 19:14:00,40.68267,-73.97187,4,0,Alcohol Involvement,4497254,5.2,-5.5,7.3,4.6,1.89,10.0,73,22.3,40.0,315,Snow fall: Moderate,4,4,Snowy Conditions
63980,2022-01-23 19:45:00,40.880833,-73.83232,1,0,Pedestrian/Bicyclist/Other Pedestrian Error/Confusion,4496799,2.8,-6.1,0.5,0.0,0.35,3.0,71,14.2,28.1,243,Snow fall: Light,1,1,Snowy Conditions
63981,2021-12-23 18:50:00,40.579235,-73.838936,0,0,Driver Inattention/Distraction,4497278,2.1,-2.3,0.0,0.0,0.0,0.0,3,20.1,35.6,299,Overcast,0,0,
63982,2021-09-30 16:00:00,40.683783,-73.7897299,0,0,Passing Too Closely,4468162,18.8,13.1,0.0,0.0,0.0,0.0,3,18.1,37.4,330,Overcast,0,0,
63983,2022-01-23 10:45:00,40.878212,-73.84115,1,0,Traffic Control Disregarded,4496790,2.8,-6.1,0.5,0.0,0.35,3.0,71,14.2,28.1,243,Snow fall: Light,1,1,Snowy Conditions
63984,2022-01-23 05:40:00,40.66645,-73.75764,0,0,Driver Inattention/Distraction,4496560,2.8,-6.1,0.5,0.0,0.35,3.0,71,14.2,28.1,243,Snow fall: Light,0,0,Snowy Conditions
63985,2021-10-16 12:30:00,40.651873,-73.8653471,0,0,Unspecified,4468165,24.3,15.0,17.5,17.5,0.0,9.0,63,25.7,46.4,195,Rain: Moderate,0,0,
63986,2022-01-22 16:30:00,40.558163,-74.153404,1,0,Unspecified,4497317,-1.3,-12.3,0.0,0.0,0.0,0.0,3,18.4,32.8,1,Overcast,1,1,
63987,2022-01-23 10:30:00,40.796642,-73.96848,0,0,Backing Unsafely,4496845,2.8,-6.1,0.5,0.0,0.35,3.0,71,14.2,28.1,243,Snow fall: Light,0,0,Snowy Conditions
63988,2022-01-19 12:00:00,40.58661,-74.08683,0,0,Turning Improperly,4497242,7.6,-4.9,0.0,0.0,0.0,0.0,3,23.5,43.2,208,Overcast,0,0,
63989,2022-01-23 18:43:00,40.869656,-73.898926,0,0,Unspecified,4496857,2.8,-6.1,0.5,0.0,0.35,3.0,71,14.2,28.1,243,Snow fall: Light,0,0,Snowy Conditions
63990,2022-01-23 21:20:00,40.638733,-73.98468,1,0,Unspecified,4497079,2.8,-6.1,0.5,0.0,0.35,3.0,71,14.2,28.1,243,Snow fall: Light,1,1,Snowy Conditions
63991,2022-01-23 03:07:00,40.794895,-73.822235,0,0,Unsafe Speed,4496831,2.8,-6.1,0.5,0.0,0.35,3.0,71,14.2,28.1,243,Snow fall: Light,0,0,Snowy Conditions
63992,2022-01-23 17:00:00,40.68343,-73.82661,0,0,Following Too Closely,4496762,2.8,-6.1,0.5,0.0,0.35,3.0,71,14.2,28.1,243,Snow fall: Light,0,0,Snowy Conditions
63993,2022-01-23 15:36:00,40.89492,-73.85314,3,0,Driver Inexperience,4497303,2.8,-6.1,0.5,0.0,0.35,3.0,71,14.2,28.1,243,Snow fall: Light,3,3,Snowy Conditions
63994,2022-01-16 21:50:00,40.665474,-73.74751,0,0,Unspecified,4497331,1.3,-13.5,4.4,0.7,2.59,4.0,75,28.1,47.2,36,Snow fall: Heavy,0,0,Snowy Conditions
63995,2021-10-17 15:45:00,40.6425478,-73.8765147,0,0,Following Too Closely,4468177,17.3,11.1,0.2,0.2,0.0,2.0,51,23.9,43.9,293,Drizzle: Light,0,0,
63996,2022-01-22 06:45:00,40.840866,-73.87281,1,0,,4497123,-1.3,-12.3,0.0,0.0,0.0,0.0,3,18.4,32.8,1,Overcast,1,1,
63997,2022-01-23 23:01:00,40.831722,-73.915016,1,0,Passenger Distraction,4497216,2.8,-6.1,0.5,0.0,0.35,3.0,71,14.2,28.1,243,Snow fall: Light,1,1,Snowy Conditions
63998,2022-01-23 11:49:00,40.797688,-73.9394,0,0,Driver Inattention/Distraction,4496867,2.8,-6.1,0.5,0.0,0.35,3.0,71,14.2,28.1,243,Snow fall: Light,0,0,Snowy Conditions
63999,2021-10-12 15:17:00,40.683144,-73.7685817,3,0,Turning Improperly,4468183,21.6,15.2,0.0,0.0,0.0,0.0,3,11.8,23.8,81,Overcast,3,3,
64000,2021-10-12 17:16:00,40.6660102,-73.78953,1,0,Passing or Lane Usage Improper,4468184,21.6,15.2,0.0,0.0,0.0,0.0,3,11.8,23.8,81,Overcast,1,1,
64001,2021-10-12 14:28:00,40.681338,-73.7741368,0,0,Following Too Closely,4468185,21.6,15.2,0.0,0.0,0.0,0.0,3,11.8,23.8,81,Overcast,0,0,
64002,2022-01-23 11:30:00,40.649754,-73.93584,0,0,Unspecified,4497259,2.8,-6.1,0.5,0.0,0.35,3.0,71,14.2,28.1,243,Snow fall: Light,0,0,Snowy Conditions
64003,2022-01-23 21:16:00,40.68888,-73.960014,0,0,Driver Inattention/Distraction,4497022,2.8,-6.1,0.5,0.0,0.35,3.0,71,14.2,28.1,243,Snow fall: Light,0,0,Snowy Conditions
64004,2022-01-23 02:45:00,40.636505,-73.91572,2,0,Driver Inattention/Distraction,4497269,2.8,-6.1,0.5,0.0,0.35,3.0,71,14.2,28.1,243,Snow fall: Light,2,2,Snowy Conditions
64005,2022-01-23 12:30:00,40.87632,-73.84854,0,0,Turning Improperly,4497306,2.8,-6.1,0.5,0.0,0.35,3.0,71,14.2,28.1,243,Snow fall: Light,0,0,Snowy Conditions
64006,2022-01-23 13:00:00,40.878998,-73.85858,0,0,Unspecified,4496797,2.8,-6.1,0.5,0.0,0.35,3.0,71,14.2,28.1,243,Snow fall: Light,0,0,Snowy Conditions
64007,2022-01-23 18:50:00,40.74991,-73.985985,1,0,Driver Inattention/Distraction,4497141,2.8,-6.1,0.5,0.0,0.35,3.0,71,14.2,28.1,243,Snow fall: Light,1,1,Snowy Conditions
64008,2022-01-23 03:22:00,40.69961,-73.79242,0,0,Driver Inexperience,4496695,2.8,-6.1,0.5,0.0,0.35,3.0,71,14.2,28.1,243,Snow fall: Light,0,0,Snowy Conditions
64009,2022-01-23 11:10:00,40.711838,-73.917496,0,0,Other Vehicular,4497130,2.8,-6.1,0.5,0.0,0.35,3.0,71,14.2,28.1,243,Snow fall: Light,0,0,Snowy Conditions
64010,2022-01-21 20:00:00,40.658295,-73.93109,0,0,Alcohol Involvement,4497353,-5.3,-11.6,0.0,0.0,0.0,0.0,3,21.9,40.0,2,Overcast,0,0,
64011,2022-01-23 16:50:00,40.830994,-73.90705,1,0,Backing Unsafely,4496874,2.8,-6.1,0.5,0.0,0.35,3.0,71,14.2,28.1,243,Snow fall: Light,1,1,Snowy Conditions
64012,2022-01-23 00:10:00,40.61017,-74.188736,0,0,Pavement Slippery,4496937,2.8,-6.1,0.5,0.0,0.35,3.0,71,14.2,28.1,243,Snow fall: Light,0,0,Snowy Conditions
64013,2022-01-20 11:00:00,40.593594,-73.77656,0,0,Unspecified,4497200,5.2,-5.5,7.3,4.6,1.89,10.0,73,22.3,40.0,315,Snow fall: Moderate,0,0,Snowy Conditions
64014,2022-01-21 23:20:00,40.697216,-73.872955,0,0,Reaction to Uninvolved Vehicle,4497110,-5.3,-11.6,0.0,0.0,0.0,0.0,3,21.9,40.0,2,Overcast,0,0,
64015,2022-01-23 15:10:00,40.673786,-73.76381,0,0,Unsafe Lane Changing,4496724,2.8,-6.1,0.5,0.0,0.35,3.0,71,14.2,28.1,243,Snow fall: Light,0,0,Snowy Conditions
64016,2022-01-23 21:08:00,40.803432,-73.95237,1,0,Driver Inattention/Distraction,4496755,2.8,-6.1,0.5,0.0,0.35,3.0,71,14.2,28.1,243,Snow fall: Light,1,1,Snowy Conditions
64017,2023-10-28 16:10:00,40.830303,-73.8718,1,0,Driver Inattention/Distraction,4676366,26.6,16.4,0.0,0.0,0.0,0.0,3,17.9,34.6,279,Overcast,1,1,
64018,2022-01-20 08:57:00,40.703487,-73.855446,1,0,Turning Improperly,4497116,5.2,-5.5,7.3,4.6,1.89,10.0,73,22.3,40.0,315,Snow fall: Moderate,1,1,Snowy Conditions
64019,2022-01-23 19:00:00,40.76394,-73.828156,1,0,Failure to Yield Right-of-Way,4496836,2.8,-6.1,0.5,0.0,0.35,3.0,71,14.2,28.1,243,Snow fall: Light,1,1,Snowy Conditions
64020,2022-01-23 03:14:00,40.70183,-73.91933,0,0,Tire Failure/Inadequate,4496734,2.8,-6.1,0.5,0.0,0.35,3.0,71,14.2,28.1,243,Snow fall: Light,0,0,Snowy Conditions
64021,2022-01-23 00:00:00,40.674995,-73.80854,0,0,Passing or Lane Usage Improper,4496763,2.8,-6.1,0.5,0.0,0.35,3.0,71,14.2,28.1,243,Snow fall: Light,0,0,Snowy Conditions
64022,2022-01-05 14:40:00,40.690514,-73.73747,1,0,Failure to Yield Right-of-Way,4497219,6.9,-2.1,0.5,0.5,0.0,4.0,51,21.8,38.2,216,Drizzle: Light,1,1,
64023,2022-01-21 23:00:00,40.708443,-73.90876,0,0,Passing Too Closely,4497165,-5.3,-11.6,0.0,0.0,0.0,0.0,3,21.9,40.0,2,Overcast,0,0,
64024,2021-10-18 00:15:00,40.6648495,-73.8222861,1,0,Driver Inattention/Distraction,4468211,15.8,9.2,0.0,0.0,0.0,0.0,2,32.4,58.3,296,Partly cloudy,1,1,
64025,2022-01-23 11:13:00,40.752995,-73.93495,0,0,Driver Inattention/Distraction,4497175,2.8,-6.1,0.5,0.0,0.35,3.0,71,14.2,28.1,243,Snow fall: Light,0,0,Snowy Conditions
64026,2021-10-17 09:50:00,40.6788389,-73.8271903,0,0,Unsafe Speed,4468206,17.3,11.1,0.2,0.2,0.0,2.0,51,23.9,43.9,293,Drizzle: Light,0,0,
64027,2022-01-23 07:05:00,40.89646,-73.86921,0,0,Oversized Vehicle,4496604,2.8,-6.1,0.5,0.0,0.35,3.0,71,14.2,28.1,243,Snow fall: Light,0,0,Snowy Conditions
64028,2022-01-23 02:55:00,40.74197,-73.980865,1,0,Driver Inattention/Distraction,4496983,2.8,-6.1,0.5,0.0,0.35,3.0,71,14.2,28.1,243,Snow fall: Light,1,1,Snowy Conditions
64029,2022-01-23 16:27:00,40.665794,-73.7464,2,0,Unspecified,4496677,2.8,-6.1,0.5,0.0,0.35,3.0,71,14.2,28.1,243,Snow fall: Light,2,2,Snowy Conditions
64030,2022-01-05 17:00:00,40.83147,-73.94678,0,0,Unspecified,4497121,6.9,-2.1,0.5,0.5,0.0,4.0,51,21.8,38.2,216,Drizzle: Light,0,0,
64031,2022-01-23 02:05:00,40.74713,-73.88869,0,0,Driver Inattention/Distraction,4496580,2.8,-6.1,0.5,0.0,0.35,3.0,71,14.2,28.1,243,Snow fall: Light,0,0,Snowy Conditions
64032,2022-01-23 02:23:00,40.76649,-73.95696,0,0,Traffic Control Disregarded,4496786,2.8,-6.1,0.5,0.0,0.35,3.0,71,14.2,28.1,243,Snow fall: Light,0,0,Snowy Conditions
64033,2021-10-17 23:41:00,40.6664846,-73.8081263,0,0,Following Too Closely,4468220,17.3,11.1,0.2,0.2,0.0,2.0,51,23.9,43.9,293,Drizzle: Light,0,0,
64034,2021-10-18 01:34:00,40.665596,-73.8313172,0,0,Reaction to Uninvolved Vehicle,4468221,15.8,9.2,0.0,0.0,0.0,0.0,2,32.4,58.3,296,Partly cloudy,0,0,
64035,2022-01-23 23:33:00,40.64344,-73.95171,2,0,Backing Unsafely,4497162,2.8,-6.1,0.5,0.0,0.35,3.0,71,14.2,28.1,243,Snow fall: Light,2,2,Snowy Conditions
64036,2022-01-23 07:07:00,40.673874,-73.819855,0,0,Driver Inattention/Distraction,4497104,2.8,-6.1,0.5,0.0,0.35,3.0,71,14.2,28.1,243,Snow fall: Light,0,0,Snowy Conditions
64037,2022-01-23 17:26:00,40.689724,-73.734856,0,0,Unsafe Speed,4496712,2.8,-6.1,0.5,0.0,0.35,3.0,71,14.2,28.1,243,Snow fall: Light,0,0,Snowy Conditions
64038,2022-01-16 16:52:00,40.666397,-73.755516,0,0,Unspecified,4497329,1.3,-13.5,4.4,0.7,2.59,4.0,75,28.1,47.2,36,Snow fall: Heavy,0,0,Snowy Conditions
64039,2022-01-23 16:15:00,40.59028,-73.8108,0,0,Passing or Lane Usage Improper,4497279,2.8,-6.1,0.5,0.0,0.35,3.0,71,14.2,28.1,243,Snow fall: Light,0,0,Snowy Conditions
64040,2021-10-04 05:34:00,40.867276,-73.9192147,0,0,Driver Inattention/Distraction,4468227,20.6,16.4,21.8,21.8,0.0,17.0,63,20.8,42.8,61,Rain: Moderate,0,0,
64041,2022-01-23 12:51:00,40.8566,-73.82646,0,0,Following Too Closely,4496848,2.8,-6.1,0.5,0.0,0.35,3.0,71,14.2,28.1,243,Snow fall: Light,0,0,Snowy Conditions
64042,2022-01-23 08:30:00,40.819317,-73.93032,1,0,Driver Inattention/Distraction,4496821,2.8,-6.1,0.5,0.0,0.35,3.0,71,14.2,28.1,243,Snow fall: Light,1,1,Snowy Conditions
64043,2022-01-22 15:10:00,40.73871,-73.70192,1,0,Driver Inattention/Distraction,4497229,-1.3,-12.3,0.0,0.0,0.0,0.0,3,18.4,32.8,1,Overcast,1,1,
64044,2022-01-22 13:30:00,40.552326,-74.154884,1,0,Failure to Yield Right-of-Way,4497253,-1.3,-12.3,0.0,0.0,0.0,0.0,3,18.4,32.8,1,Overcast,1,1,
64045,2022-01-23 20:00:00,40.880688,-73.885704,0,0,Unspecified,4496859,2.8,-6.1,0.5,0.0,0.35,3.0,71,14.2,28.1,243,Snow fall: Light,0,0,Snowy Conditions
64046,2022-01-23 14:40:00,40.750156,-73.97699,0,0,Unsafe Lane Changing,4496708,2.8,-6.1,0.5,0.0,0.35,3.0,71,14.2,28.1,243,Snow fall: Light,0,0,Snowy Conditions
64047,2021-10-11 04:40:00,40.7615528,-73.9126426,0,0,Driver Inattention/Distraction,4468234,21.7,16.3,0.0,0.0,0.0,0.0,3,25.7,49.7,41,Overcast,0,0,
64048,2021-10-06 00:05:00,40.7744252,-73.8987909,1,0,Failure to Yield Right-of-Way,4468235,20.3,16.0,0.1,0.1,0.0,1.0,51,6.5,14.0,28,Drizzle: Light,1,1,
64049,2022-01-23 11:00:00,40.637157,-73.93368,1,0,Unsafe Speed,4496656,2.8,-6.1,0.5,0.0,0.35,3.0,71,14.2,28.1,243,Snow fall: Light,1,1,Snowy Conditions
64050,2022-01-23 22:15:00,40.86226,-73.89589,1,0,,4497363,2.8,-6.1,0.5,0.0,0.35,3.0,71,14.2,28.1,243,Snow fall: Light,1,1,Snowy Conditions
64051,2021-12-01 00:00:00,40.82077,-73.95459,1,0,Driver Inattention/Distraction,4497126,8.6,1.0,0.1,0.1,0.0,1.0,51,16.6,29.5,254,Drizzle: Light,1,1,
64052,2021-10-17 17:32:00,40.5846692,-73.9508512,1,0,Following Too Closely,4468240,17.3,11.1,0.2,0.2,0.0,2.0,51,23.9,43.9,293,Drizzle: Light,1,1,
64053,2022-01-18 00:00:00,40.691666,-73.76239,0,0,Passing or Lane Usage Improper,4497183,1.7,-4.9,0.0,0.0,0.0,0.0,3,30.9,58.3,294,Overcast,0,0,
64054,2022-01-23 17:15:00,40.74877,-73.98434,0,0,Passing or Lane Usage Improper,4496744,2.8,-6.1,0.5,0.0,0.35,3.0,71,14.2,28.1,243,Snow fall: Light,0,0,Snowy Conditions
64055,2022-01-23 03:55:00,40.75585,-73.88259,0,0,Unspecified,4496882,2.8,-6.1,0.5,0.0,0.35,3.0,71,14.2,28.1,243,Snow fall: Light,0,0,Snowy Conditions
64056,2023-11-03 01:06:00,40.643063,-73.95166,0,0,Driver Inattention/Distraction,4676523,12.8,1.0,0.0,0.0,0.0,0.0,1,17.7,35.6,206,Mainly clear,0,0,Sunny/Clear Conditions
64057,2021-10-12 17:00:00,40.6061132,-73.9548711,1,0,Unspecified,4468248,21.6,15.2,0.0,0.0,0.0,0.0,3,11.8,23.8,81,Overcast,1,1,
64058,2022-01-23 21:20:00,40.633583,-74.00797,1,0,Unspecified,4497078,2.8,-6.1,0.5,0.0,0.35,3.0,71,14.2,28.1,243,Snow fall: Light,1,1,Snowy Conditions
64059,2022-01-23 07:00:00,40.63082,-73.88636,0,0,Aggressive Driving/Road Rage,4496631,2.8,-6.1,0.5,0.0,0.35,3.0,71,14.2,28.1,243,Snow fall: Light,0,0,Snowy Conditions
64060,2022-01-23 07:30:00,40.66584,-73.75551,0,0,Steering Failure,4496561,2.8,-6.1,0.5,0.0,0.35,3.0,71,14.2,28.1,243,Snow fall: Light,0,0,Snowy Conditions
64061,2022-01-23 10:11:00,40.888878,-73.843216,1,0,Turning Improperly,4496789,2.8,-6.1,0.5,0.0,0.35,3.0,71,14.2,28.1,243,Snow fall: Light,1,1,Snowy Conditions
64062,2022-01-23 03:25:00,40.670784,-73.86122,0,0,Unspecified,4496914,2.8,-6.1,0.5,0.0,0.35,3.0,71,14.2,28.1,243,Snow fall: Light,0,0,Snowy Conditions
64063,2022-01-23 18:25:00,40.698463,-73.960205,1,0,Failure to Yield Right-of-Way,4496748,2.8,-6.1,0.5,0.0,0.35,3.0,71,14.2,28.1,243,Snow fall: Light,1,1,Snowy Conditions
64064,2022-01-12 17:38:00,40.681892,-73.92948,0,0,Driver Inexperience,4497295,4.6,-7.3,0.0,0.0,0.0,0.0,3,20.5,39.2,213,Overcast,0,0,
64065,2022-01-23 03:30:00,40.549374,-74.152664,1,0,Unsafe Speed,4497318,2.8,-6.1,0.5,0.0,0.35,3.0,71,14.2,28.1,243,Snow fall: Light,1,1,Snowy Conditions
64066,2022-01-19 20:19:00,40.714928,-74.00795,0,0,Driver Inattention/Distraction,4497239,7.6,-4.9,0.0,0.0,0.0,0.0,3,23.5,43.2,208,Overcast,0,0,
64067,2022-01-23 00:30:00,40.81175,-73.93144,1,0,Unsafe Speed,4496800,2.8,-6.1,0.5,0.0,0.35,3.0,71,14.2,28.1,243,Snow fall: Light,1,1,Snowy Conditions
64068,2021-10-15 10:40:00,40.8281223,-73.9310615,0,0,Unsafe Lane Changing,4468259,25.0,14.5,0.0,0.0,0.0,0.0,3,16.8,28.4,182,Overcast,0,0,
64069,2021-10-15 10:19:00,40.8452876,-73.9264896,0,0,Following Too Closely,4468260,25.0,14.5,0.0,0.0,0.0,0.0,3,16.8,28.4,182,Overcast,0,0,
64070,2022-01-21 18:27:00,40.571266,-74.09118,1,0,Failure to Yield Right-of-Way,4497249,-5.3,-11.6,0.0,0.0,0.0,0.0,3,21.9,40.0,2,Overcast,1,1,
64071,2022-01-23 19:35:00,40.574867,-74.00069,0,0,Driver Inattention/Distraction,4497118,2.8,-6.1,0.5,0.0,0.35,3.0,71,14.2,28.1,243,Snow fall: Light,0,0,Snowy Conditions
64072,2022-01-23 16:44:00,40.63413,-73.928505,1,0,Driver Inattention/Distraction,4496697,2.8,-6.1,0.5,0.0,0.35,3.0,71,14.2,28.1,243,Snow fall: Light,1,1,Snowy Conditions
64073,2022-01-22 18:05:00,40.75595,-73.99074,1,0,Unspecified,4497142,-1.3,-12.3,0.0,0.0,0.0,0.0,3,18.4,32.8,1,Overcast,1,1,
64074,2022-01-16 22:50:00,40.60058,-73.99161,1,0,Failure to Yield Right-of-Way,4497111,1.3,-13.5,4.4,0.7,2.59,4.0,75,28.1,47.2,36,Snow fall: Heavy,1,1,Snowy Conditions
64075,2022-01-23 17:00:00,40.66696,-73.77078,0,0,Unspecified,4496676,2.8,-6.1,0.5,0.0,0.35,3.0,71,14.2,28.1,243,Snow fall: Light,0,0,Snowy Conditions
64076,2022-01-23 00:00:00,40.7025,-73.91633,1,0,Driver Inattention/Distraction,4496735,2.8,-6.1,0.5,0.0,0.35,3.0,71,14.2,28.1,243,Snow fall: Light,1,1,Snowy Conditions
64077,2022-01-23 03:00:00,40.670574,-73.794235,0,0,Unsafe Speed,4497191,2.8,-6.1,0.5,0.0,0.35,3.0,71,14.2,28.1,243,Snow fall: Light,0,0,Snowy Conditions
64078,2023-11-01 03:00:00,40.66615,-73.80575,0,0,Passing or Lane Usage Improper,4675745,9.4,3.4,2.8,2.8,0.0,12.0,53,22.0,44.6,333,Drizzle: Moderate,0,0,
64079,2021-09-17 05:13:00,40.8289689,-73.9239325,0,0,Reaction to Uninvolved Vehicle,4468271,23.6,20.1,1.0,1.0,0.0,7.0,51,20.3,38.9,59,Drizzle: Light,0,0,
64080,2022-01-23 15:15:00,40.831886,-73.87422,0,0,Driver Inattention/Distraction,4497178,2.8,-6.1,0.5,0.0,0.35,3.0,71,14.2,28.1,243,Snow fall: Light,0,0,Snowy Conditions
64081,2022-01-23 08:40:00,40.773594,-73.91179,0,0,Unspecified,4496619,2.8,-6.1,0.5,0.0,0.35,3.0,71,14.2,28.1,243,Snow fall: Light,0,0,Snowy Conditions
64082,2022-01-20 02:12:00,40.57122,-74.093445,0,0,Aggressive Driving/Road Rage,4497245,5.2,-5.5,7.3,4.6,1.89,10.0,73,22.3,40.0,315,Snow fall: Moderate,0,0,Snowy Conditions
64083,2022-01-23 09:15:00,40.62006,-73.908936,0,0,Unspecified,4496866,2.8,-6.1,0.5,0.0,0.35,3.0,71,14.2,28.1,243,Snow fall: Light,0,0,Snowy Conditions
64084,2021-12-19 22:49:00,40.67699,-73.92283,0,0,Driver Inattention/Distraction,4497300,7.1,-1.8,0.5,0.5,0.0,4.0,51,26.4,47.5,327,Drizzle: Light,0,0,
64085,2021-09-28 13:30:00,40.68004,-73.93267,0,0,Driver Inattention/Distraction,4497310,22.1,16.3,12.4,12.4,0.0,9.0,63,19.2,38.5,264,Rain: Moderate,0,0,
64086,2022-01-23 04:45:00,40.614166,-74.000404,0,0,Driver Inexperience,4496520,2.8,-6.1,0.5,0.0,0.35,3.0,71,14.2,28.1,243,Snow fall: Light,0,0,Snowy Conditions
64087,2021-10-07 17:30:00,40.7434737,-73.9767593,0,0,Passing or Lane Usage Improper,4468283,22.4,15.7,0.4,0.4,0.0,4.0,51,10.5,20.5,231,Drizzle: Light,0,0,
64088,2022-01-23 17:10:00,40.826305,-73.876595,1,0,,4496972,2.8,-6.1,0.5,0.0,0.35,3.0,71,14.2,28.1,243,Snow fall: Light,1,1,Snowy Conditions
64089,2022-01-23 14:40:00,40.605568,-74.03118,0,0,Following Too Closely,4497031,2.8,-6.1,0.5,0.0,0.35,3.0,71,14.2,28.1,243,Snow fall: Light,0,0,Snowy Conditions
64090,2022-01-23 07:30:00,40.879974,-73.8614,0,0,Unsafe Speed,4496796,2.8,-6.1,0.5,0.0,0.35,3.0,71,14.2,28.1,243,Snow fall: Light,0,0,Snowy Conditions
64091,2022-01-23 06:09:00,40.818558,-73.92732,1,0,Unsafe Speed,4497210,2.8,-6.1,0.5,0.0,0.35,3.0,71,14.2,28.1,243,Snow fall: Light,1,1,Snowy Conditions
64092,2022-01-23 05:00:00,40.722534,-73.99922,0,0,Driver Inattention/Distraction,4496835,2.8,-6.1,0.5,0.0,0.35,3.0,71,14.2,28.1,243,Snow fall: Light,0,0,Snowy Conditions
64093,2022-01-23 16:24:00,40.725674,-73.7524,0,0,Passing or Lane Usage Improper,4497012,2.8,-6.1,0.5,0.0,0.35,3.0,71,14.2,28.1,243,Snow fall: Light,0,0,Snowy Conditions
64094,2022-01-23 09:30:00,40.68484,-73.79281,0,0,Unsafe Speed,4496723,2.8,-6.1,0.5,0.0,0.35,3.0,71,14.2,28.1,243,Snow fall: Light,0,0,Snowy Conditions
64095,2022-01-23 08:45:00,40.808804,-73.95589,1,0,Traffic Control Disregarded,4496603,2.8,-6.1,0.5,0.0,0.35,3.0,71,14.2,28.1,243,Snow fall: Light,1,1,Snowy Conditions
64096,2022-01-23 10:19:00,40.70397,-73.90413,0,0,Failure to Yield Right-of-Way,4497131,2.8,-6.1,0.5,0.0,0.35,3.0,71,14.2,28.1,243,Snow fall: Light,0,0,Snowy Conditions
64097,2022-01-21 11:30:00,40.843822,-73.91038,0,0,Driver Inattention/Distraction,4497222,-5.3,-11.6,0.0,0.0,0.0,0.0,3,21.9,40.0,2,Overcast,0,0,
64098,2021-10-06 14:30:00,40.8349135,-73.9157139,0,0,Passing Too Closely,4468295,20.3,16.0,0.1,0.1,0.0,1.0,51,6.5,14.0,28,Drizzle: Light,0,0,
64099,2022-01-23 03:00:00,40.728806,-73.84033,0,0,Driver Inattention/Distraction,4496764,2.8,-6.1,0.5,0.0,0.35,3.0,71,14.2,28.1,243,Snow fall: Light,0,0,Snowy Conditions
64100,2022-01-23 22:16:00,40.75967,-73.92725,1,0,Driver Inattention/Distraction,4496754,2.8,-6.1,0.5,0.0,0.35,3.0,71,14.2,28.1,243,Snow fall: Light,1,1,Snowy Conditions
64101,2022-01-23 08:20:00,40.787834,-73.8331,0,0,Traffic Control Disregarded,4496830,2.8,-6.1,0.5,0.0,0.35,3.0,71,14.2,28.1,243,Snow fall: Light,0,0,Snowy Conditions
64102,2021-10-11 23:30:00,40.8854417,-73.8280433,1,0,Unspecified,4468300,21.7,16.3,0.0,0.0,0.0,0.0,3,25.7,49.7,41,Overcast,1,1,
64103,2022-01-23 13:59:00,40.83428,-73.90397,0,0,Passing Too Closely,4496873,2.8,-6.1,0.5,0.0,0.35,3.0,71,14.2,28.1,243,Snow fall: Light,0,0,Snowy Conditions
64104,2022-01-23 16:30:00,40.76666,-73.94542,0,0,Driver Inattention/Distraction,4497351,2.8,-6.1,0.5,0.0,0.35,3.0,71,14.2,28.1,243,Snow fall: Light,0,0,Snowy Conditions
64105,2021-09-24 21:30:00,40.69038,-73.7504,0,0,Passing Too Closely,4497272,22.4,15.6,26.0,26.0,0.0,9.0,63,14.2,29.9,274,Rain: Moderate,0,0,
64106,2022-01-23 10:30:00,40.572548,-74.16997,0,0,Driver Inattention/Distraction,4496936,2.8,-6.1,0.5,0.0,0.35,3.0,71,14.2,28.1,243,Snow fall: Light,0,0,Snowy Conditions
64107,2022-01-23 17:35:00,40.715305,-73.96044,0,0,Unspecified,4496809,2.8,-6.1,0.5,0.0,0.35,3.0,71,14.2,28.1,243,Snow fall: Light,0,0,Snowy Conditions