,CRASH DATETIME,LATITUDE,LONGITUDE,NUMBER OF PERSONS INJURED,NUMBER OF PERSONS KILLED,CONTRIBUTING FACTOR VEHICLE 1,COLLISION_ID,temperature_2m_max,temperature_2m_min,precipitation_sum,rain_sum,snowfall_sum,precipitation_hours,weather_code,wind_speed_10m_max,wind_gusts_10m_max,wind_direction_10m_dominant,Weather Description,Severity_Score,Total_Affected_Persons,Weather_Category
64108,2022-01-22 13:34:00,40.59219,-74.087395,1,0,Following Too Closely,4497250,-1.3,-12.3,0.0,0.0,0.0,0.0,3,18.4,32.8,1,Overcast,1,1,
64109,2022-01-22 13:35:00,40.566666,-74.11358,0,0,Unspecified,4497258,-1.3,-12.3,0.0,0.0,0.0,0.0,3,18.4,32.8,1,Overcast,0,0,
64110,2021-10-09 10:50:00,40.8380174,-73.8732824,0,0,Following Too Closely,4468311,20.2,15.2,1.2,1.2,0.0,5.0,51,22.8,42.8,71,Drizzle: Light,0,0,
64111,2022-01-20 20:52:00,40.724434,-73.8693,1,0,Failure to Yield Right-of-Way,4497280,5.2,-5.5,7.3,4.6,1.89,10.0,73,22.3,40.0,315,Snow fall: Moderate,1,1,Snowy Conditions
64112,2022-01-23 16:33:00,40.833282,-73.82836,0,0,Turning Improperly,4496849,2.8,-6.1,0.5,0.0,0.35,3.0,71,14.2,28.1,243,Snow fall: Light,0,0,Snowy Conditions
64113,2023-11-03 17:54:00,40.6082,-73.920715,0,0,Driver Inattention/Distraction,4676191,12.8,1.0,0.0,0.0,0.0,0.0,1,17.7,35.6,206,Mainly clear,0,0,Sunny/Clear Conditions
64114,2023-11-01 18:00:00,40.842503,-73.92797,2,0,Driver Inattention/Distraction,4676281,9.4,3.4,2.8,2.8,0.0,12.0,53,22.0,44.6,333,Drizzle: Moderate,2,2,
64115,2023-11-02 13:40:00,40.680733,-73.97451,0,0,Other Vehicular,4675977,9.5,0.3,0.0,0.0,0.0,0.0,2,13.3,26.3,276,Partly cloudy,0,0,
64116,2023-03-31 19:08:00,40.68544,-73.88202,1,0,Brakes Defective,4617247,9.6,-0.2,0.0,0.0,0.0,0.0,3,27.1,50.8,165,Overcast,1,1,
64117,2023-04-02 12:28:00,40.746887,-73.8347,2,0,Following Too Closely,4618236,10.1,2.8,0.0,0.0,0.0,0.0,3,32.4,61.2,310,Overcast,2,2,
64118,2023-04-15 21:41:00,40.7614,-73.91149,1,0,Driver Inattention/Distraction,4620731,21.1,15.1,2.7,2.7,0.0,6.0,61,20.0,40.0,160,Rain: Light,1,1,
64119,2023-04-19 17:12:00,40.759983,-73.964806,1,0,Driver Inattention/Distraction,4622587,17.1,4.2,0.0,0.0,0.0,0.0,3,24.1,47.5,283,Overcast,1,1,
64120,2023-04-24 10:17:00,40.66637,-73.7796,1,0,Unspecified,4623083,15.9,5.9,0.0,0.0,0.0,0.0,3,15.9,31.7,293,Overcast,1,1,
64121,2023-04-28 19:20:00,40.63981,-73.995514,1,0,,4624856,13.0,6.4,4.4,4.4,0.0,7.0,55,21.7,39.6,83,Drizzle: Dense,1,1,
64122,2023-04-27 12:47:00,40.79417,-73.93984,0,0,Passing Too Closely,4624854,13.5,7.6,1.4,1.4,0.0,8.0,51,16.0,32.8,146,Drizzle: Light,0,0,
64123,2023-04-27 12:10:00,40.699192,-73.909,0,0,Unspecified,4624872,13.5,7.6,1.4,1.4,0.0,8.0,51,16.0,32.8,146,Drizzle: Light,0,0,
64124,2023-04-26 15:45:00,40.553192,-74.164345,1,0,Failure to Yield Right-of-Way,4624004,13.8,5.9,1.5,1.5,0.0,3.0,53,19.5,38.2,142,Drizzle: Moderate,1,1,
64125,2021-10-12 11:28:00,40.7171991,-73.9465314,0,0,Passing or Lane Usage Improper,4468333,21.6,15.2,0.0,0.0,0.0,0.0,3,11.8,23.8,81,Overcast,0,0,
64126,2021-10-17 22:20:00,40.7197701,-73.9447595,0,0,Driver Inattention/Distraction,4468334,17.3,11.1,0.2,0.2,0.0,2.0,51,23.9,43.9,293,Drizzle: Light,0,0,
64127,2023-10-14 21:30:00,40.717834,-73.95773,0,0,Driver Inattention/Distraction,4676458,11.3,9.8,12.6,12.6,0.0,14.0,63,17.4,31.7,22,Rain: Moderate,0,0,
64128,2023-11-03 07:58:00,40.675323,-73.90827,3,0,Unspecified,4676568,12.8,1.0,0.0,0.0,0.0,0.0,1,17.7,35.6,206,Mainly clear,3,3,Sunny/Clear Conditions
64129,2023-11-01 22:50:00,40.729446,-74.00518,0,0,Driver Inattention/Distraction,4675815,9.4,3.4,2.8,2.8,0.0,12.0,53,22.0,44.6,333,Drizzle: Moderate,0,0,
64130,2021-10-16 00:10:00,40.7251495,-73.9338053,0,0,Passing or Lane Usage Improper,4468336,24.3,15.0,17.5,17.5,0.0,9.0,63,25.7,46.4,195,Rain: Moderate,0,0,
64131,2023-04-27 13:35:00,40.72882,-73.95367,0,0,Driver Inexperience,4624798,13.5,7.6,1.4,1.4,0.0,8.0,51,16.0,32.8,146,Drizzle: Light,0,0,
64132,2023-04-26 08:26:00,40.82111,-73.92749,1,0,View Obstructed/Limited,4623825,13.8,5.9,1.5,1.5,0.0,3.0,53,19.5,38.2,142,Drizzle: Moderate,1,1,
64133,2023-04-12 17:50:00,40.758305,-73.85561,0,0,Unsafe Lane Changing,4624750,27.0,15.6,0.0,0.0,0.0,0.0,3,25.9,46.8,282,Overcast,0,0,
64134,2023-04-26 22:37:00,40.649525,-73.98072,0,0,Passing or Lane Usage Improper,4624252,13.8,5.9,1.5,1.5,0.0,3.0,53,19.5,38.2,142,Drizzle: Moderate,0,0,
64135,2023-04-26 17:00:00,40.645664,-74.085846,0,0,Unspecified,4623965,13.8,5.9,1.5,1.5,0.0,3.0,53,19.5,38.2,142,Drizzle: Moderate,0,0,
64136,2023-04-26 16:23:00,40.734188,-73.874,0,0,Unspecified,4623879,13.8,5.9,1.5,1.5,0.0,3.0,53,19.5,38.2,142,Drizzle: Moderate,0,0,
64137,2023-04-24 17:08:00,40.73883,-73.983154,0,0,Unspecified,4624459,15.9,5.9,0.0,0.0,0.0,0.0,3,15.9,31.7,293,Overcast,0,0,
64138,2023-04-04 19:10:00,40.704876,-73.95571,1,0,Traffic Control Disregarded,4624220,19.0,5.4,0.0,0.0,0.0,0.0,3,15.1,31.0,162,Overcast,1,1,
64139,2023-04-21 14:04:00,40.906815,-73.89654,0,0,Passing or Lane Usage Improper,4624744,19.8,7.7,0.0,0.0,0.0,0.0,3,21.0,41.8,106,Overcast,0,0,
64140,2023-04-21 10:15:00,40.813374,-73.93058,1,0,Following Too Closely,4624136,19.8,7.7,0.0,0.0,0.0,0.0,3,21.0,41.8,106,Overcast,1,1,
64141,2021-10-14 23:49:00,40.8438947,-73.8961242,0,0,Driver Inattention/Distraction,4468348,25.0,15.4,0.0,0.0,0.0,0.0,3,15.4,29.9,328,Overcast,0,0,
64142,2023-04-27 21:54:00,40.83214,-73.92729,0,0,Obstruction/Debris,4624438,13.5,7.6,1.4,1.4,0.0,8.0,51,16.0,32.8,146,Drizzle: Light,0,0,
64143,2023-04-26 07:45:00,40.81655,-73.91955,1,0,Driver Inexperience,4624121,13.8,5.9,1.5,1.5,0.0,3.0,53,19.5,38.2,142,Drizzle: Moderate,1,1,
64144,2023-04-26 02:30:00,40.6568,-73.85758,3,0,Passing or Lane Usage Improper,4623504,13.8,5.9,1.5,1.5,0.0,3.0,53,19.5,38.2,142,Drizzle: Moderate,3,3,
64145,2023-04-28 16:39:00,40.77139,-73.95044,0,0,Driver Inattention/Distraction,4624579,13.0,6.4,4.4,4.4,0.0,7.0,55,21.7,39.6,83,Drizzle: Dense,0,0,
64146,2023-04-26 18:00:00,40.837364,-73.93417,2,0,Driver Inattention/Distraction,4624851,13.8,5.9,1.5,1.5,0.0,3.0,53,19.5,38.2,142,Drizzle: Moderate,2,2,
64147,2021-10-17 05:00:00,40.8466512,-73.9256785,2,0,Following Too Closely,4468355,17.3,11.1,0.2,0.2,0.0,2.0,51,23.9,43.9,293,Drizzle: Light,2,2,
64148,2023-04-26 19:57:00,40.733166,-73.936844,1,0,Driver Inattention/Distraction,4623857,13.8,5.9,1.5,1.5,0.0,3.0,53,19.5,38.2,142,Drizzle: Moderate,1,1,
64149,2023-04-26 10:59:00,40.61978,-74.10793,0,0,Outside Car Distraction,4624462,13.8,5.9,1.5,1.5,0.0,3.0,53,19.5,38.2,142,Drizzle: Moderate,0,0,
64150,2023-04-27 13:20:00,40.768127,-73.87625,0,0,Driver Inattention/Distraction,4624239,13.5,7.6,1.4,1.4,0.0,8.0,51,16.0,32.8,146,Drizzle: Light,0,0,
64151,2021-10-17 01:30:00,40.7967462,-73.9292484,0,0,Unspecified,4468361,17.3,11.1,0.2,0.2,0.0,2.0,51,23.9,43.9,293,Drizzle: Light,0,0,
64152,2021-10-07 17:08:00,40.6835047,-73.9115123,1,0,Driver Inexperience,4468362,22.4,15.7,0.4,0.4,0.0,4.0,51,10.5,20.5,231,Drizzle: Light,1,1,
64153,2022-04-12 09:19:00,40.6709,-73.95319,1,0,Failure to Yield Right-of-Way,4518959,20.4,7.7,1.6,1.6,0.0,3.0,53,17.8,36.0,271,Drizzle: Moderate,1,1,
64154,2022-01-24 06:30:00,40.7099,-73.786736,0,0,Unspecified,4496955,0.2,-2.7,0.3,0.0,0.21,2.0,71,15.1,31.0,307,Snow fall: Light,0,0,Snowy Conditions
64155,2021-07-30 23:03:00,40.66925,-73.93944,1,0,,4443468,27.6,19.1,0.0,0.0,0.0,0.0,1,24.2,45.7,310,Mainly clear,1,1,Sunny/Clear Conditions
64156,2023-04-28 21:45:00,40.859756,-73.84611,0,0,Alcohol Involvement,4624317,13.0,6.4,4.4,4.4,0.0,7.0,55,21.7,39.6,83,Drizzle: Dense,0,0,
64157,2021-07-16 17:30:00,40.692623,-73.923676,0,0,Driver Inattention/Distraction,4437596,32.3,23.2,0.3,0.3,0.0,3.0,51,12.3,33.1,238,Drizzle: Light,0,0,
64158,2021-07-31 16:00:00,40.866283,-73.89068,0,0,Unspecified,4442888,25.6,14.5,0.0,0.0,0.0,0.0,2,16.8,33.8,304,Partly cloudy,0,0,
64159,2021-08-01 15:20:00,40.71787,-73.997116,0,0,Driver Inattention/Distraction,4443576,24.4,16.6,0.8,0.8,0.0,5.0,51,19.9,39.2,168,Drizzle: Light,0,0,
64160,2021-07-31 08:10:00,40.710587,-73.94711,0,0,Passing Too Closely,4443528,25.6,14.5,0.0,0.0,0.0,0.0,2,16.8,33.8,304,Partly cloudy,0,0,
64161,2021-07-28 20:55:00,40.82967,-73.931076,1,0,Traffic Control Disregarded,4443546,26.7,20.2,0.7,0.7,0.0,3.0,53,16.7,34.2,1,Drizzle: Moderate,1,1,
64162,2021-08-01 12:45:00,40.719482,-73.991295,2,0,Lost Consciousness,4443578,24.4,16.6,0.8,0.8,0.0,5.0,51,19.9,39.2,168,Drizzle: Light,2,2,
64163,2021-07-30 18:46:00,40.862755,-73.901085,1,0,Passenger Distraction,4443591,27.6,19.1,0.0,0.0,0.0,0.0,1,24.2,45.7,310,Mainly clear,1,1,Sunny/Clear Conditions
64164,2021-07-28 13:30:00,40.67975,-73.976364,0,0,Unspecified,4443524,26.7,20.2,0.7,0.7,0.0,3.0,53,16.7,34.2,1,Drizzle: Moderate,0,0,
64165,2021-07-31 01:20:00,40.845078,-73.91111,0,0,Unsafe Speed,4443544,25.6,14.5,0.0,0.0,0.0,0.0,2,16.8,33.8,304,Partly cloudy,0,0,
64166,2021-07-29 13:30:00,40.726833,-73.71358,0,0,Unspecified,4443592,25.3,20.4,33.0,33.0,0.0,11.0,65,26.1,50.8,182,Rain: Heavy,0,0,
64167,2021-08-01 10:00:00,40.614155,-73.96214,0,0,Unspecified,4443552,24.4,16.6,0.8,0.8,0.0,5.0,51,19.9,39.2,168,Drizzle: Light,0,0,
64168,2021-07-30 14:35:00,40.70835,-73.95323,0,0,Unspecified,4443542,27.6,19.1,0.0,0.0,0.0,0.0,1,24.2,45.7,310,Mainly clear,0,0,Sunny/Clear Conditions
64169,2021-07-31 17:00:00,40.70262,-73.96521,0,0,Driver Inattention/Distraction,4443512,25.6,14.5,0.0,0.0,0.0,0.0,2,16.8,33.8,304,Partly cloudy,0,0,
64170,2021-07-27 23:35:00,40.60595,-74.07601,0,0,Unsafe Lane Changing,4443568,30.4,19.1,0.2,0.2,0.0,2.0,51,19.5,38.9,206,Drizzle: Light,0,0,
64171,2021-07-30 13:00:00,40.81881,-73.92828,1,0,Unspecified,4443533,27.6,19.1,0.0,0.0,0.0,0.0,1,24.2,45.7,310,Mainly clear,1,1,Sunny/Clear Conditions
64172,2021-10-18 06:52:00,40.6667645,-73.8365302,2,0,Tire Failure/Inadequate,4468368,15.8,9.2,0.0,0.0,0.0,0.0,2,32.4,58.3,296,Partly cloudy,2,2,
64173,2023-04-26 18:00:00,40.718864,-73.97483,1,0,Unsafe Lane Changing,4624037,13.8,5.9,1.5,1.5,0.0,3.0,53,19.5,38.2,142,Drizzle: Moderate,1,1,
64174,2021-10-08 10:45:00,40.6082313,-74.1293996,0,0,Driver Inexperience,4468370,23.7,14.5,0.0,0.0,0.0,0.0,3,13.0,22.3,94,Overcast,0,0,
64175,2021-10-15 20:40:00,40.8553962,-73.9180955,0,0,Following Too Closely,4468371,25.0,14.5,0.0,0.0,0.0,0.0,3,16.8,28.4,182,Overcast,0,0,
64176,2023-04-24 21:00:00,40.690884,-73.912506,0,0,Other Vehicular,4624533,15.9,5.9,0.0,0.0,0.0,0.0,3,15.9,31.7,293,Overcast,0,0,
64177,2021-10-14 12:30:00,40.7355701,-73.9150494,0,0,Driver Inattention/Distraction,4468373,25.0,15.4,0.0,0.0,0.0,0.0,3,15.4,29.9,328,Overcast,0,0,
64178,2023-04-26 17:00:00,40.681366,-73.920975,0,0,Unspecified,4624643,13.8,5.9,1.5,1.5,0.0,3.0,53,19.5,38.2,142,Drizzle: Moderate,0,0,
64179,2023-04-27 08:35:00,40.724575,-73.987495,2,0,Traffic Control Disregarded,4623913,13.5,7.6,1.4,1.4,0.0,8.0,51,16.0,32.8,146,Drizzle: Light,2,2,
64180,2023-04-27 06:20:00,40.740692,-73.84418,0,0,Failure to Yield Right-of-Way,4624100,13.5,7.6,1.4,1.4,0.0,8.0,51,16.0,32.8,146,Drizzle: Light,0,0,
64181,2023-04-28 07:53:00,40.694836,-73.98393,0,0,Driver Inattention/Distraction,4624163,13.0,6.4,4.4,4.4,0.0,7.0,55,21.7,39.6,83,Drizzle: Dense,0,0,
64182,2021-10-18 07:05:00,40.7234506,-73.938984,0,0,Driver Inattention/Distraction,4468378,15.8,9.2,0.0,0.0,0.0,0.0,2,32.4,58.3,296,Partly cloudy,0,0,
64183,2021-10-15 19:14:00,40.8553962,-73.9180955,0,0,Following Too Closely,4468380,25.0,14.5,0.0,0.0,0.0,0.0,3,16.8,28.4,182,Overcast,0,0,
64184,2021-08-01 08:40:00,40.57548,-74.11489,0,0,Driverless/Runaway Vehicle,4442666,24.4,16.6,0.8,0.8,0.0,5.0,51,19.9,39.2,168,Drizzle: Light,0,0,
64185,2021-07-25 16:25:00,40.674004,-73.94455,1,0,Unspecified,4443483,28.0,20.3,7.3,7.3,0.0,10.0,63,20.9,43.2,198,Rain: Moderate,1,1,
64186,2021-08-01 03:00:00,40.633053,-73.92259,0,0,Unspecified,4442722,24.4,16.6,0.8,0.8,0.0,5.0,51,19.9,39.2,168,Drizzle: Light,0,0,
64187,2021-07-26 19:50:00,40.892056,-73.8615,0,0,Passing or Lane Usage Improper,4443427,31.4,21.8,0.0,0.0,0.0,0.0,3,13.0,25.6,295,Overcast,0,0,
64188,2021-07-31 00:20:00,40.810287,-73.90172,3,0,Reaction to Uninvolved Vehicle,4443402,25.6,14.5,0.0,0.0,0.0,0.0,2,16.8,33.8,304,Partly cloudy,3,3,
64189,2021-07-24 09:15:00,40.703545,-73.92234,0,0,Following Too Closely,4443242,26.8,18.2,0.0,0.0,0.0,0.0,3,16.3,31.7,152,Overcast,0,0,
64190,2021-07-30 16:10:00,40.658577,-73.89063,2,0,Failure to Yield Right-of-Way,4443224,27.6,19.1,0.0,0.0,0.0,0.0,1,24.2,45.7,310,Mainly clear,2,2,Sunny/Clear Conditions
64191,2021-08-01 02:51:00,40.677048,-73.98004,0,0,Traffic Control Disregarded,4442233,24.4,16.6,0.8,0.8,0.0,5.0,51,19.9,39.2,168,Drizzle: Light,0,0,
64192,2021-08-01 22:30:00,40.67884,-73.75419,1,0,Backing Unsafely,4442699,24.4,16.6,0.8,0.8,0.0,5.0,51,19.9,39.2,168,Drizzle: Light,1,1,
64193,2021-08-01 17:35:00,40.67363,-73.95401,0,0,Unsafe Speed,4443449,24.4,16.6,0.8,0.8,0.0,5.0,51,19.9,39.2,168,Drizzle: Light,0,0,
64194,2021-08-01 17:23:00,40.763245,-73.75806,0,0,Following Too Closely,4443002,24.4,16.6,0.8,0.8,0.0,5.0,51,19.9,39.2,168,Drizzle: Light,0,0,
64195,2021-08-01 23:03:00,40.7343,-73.7552,0,0,Driver Inattention/Distraction,4442767,24.4,16.6,0.8,0.8,0.0,5.0,51,19.9,39.2,168,Drizzle: Light,0,0,
64196,2021-07-30 13:20:00,40.667835,-73.89484,0,0,Unspecified,4443201,27.6,19.1,0.0,0.0,0.0,0.0,1,24.2,45.7,310,Mainly clear,0,0,Sunny/Clear Conditions
64197,2021-07-30 15:05:00,40.61208,-74.08527,0,0,Driver Inattention/Distraction,4443293,27.6,19.1,0.0,0.0,0.0,0.0,1,24.2,45.7,310,Mainly clear,0,0,Sunny/Clear Conditions
64198,2021-07-29 23:15:00,40.683502,-73.91152,1,0,Driver Inattention/Distraction,4443363,25.3,20.4,33.0,33.0,0.0,11.0,65,26.1,50.8,182,Rain: Heavy,1,1,
64199,2021-08-01 03:28:00,40.825527,-73.905945,0,0,Steering Failure,4442286,24.4,16.6,0.8,0.8,0.0,5.0,51,19.9,39.2,168,Drizzle: Light,0,0,
64200,2021-08-01 22:25:00,40.77008,-73.94784,0,0,Driver Inattention/Distraction,4442780,24.4,16.6,0.8,0.8,0.0,5.0,51,19.9,39.2,168,Drizzle: Light,0,0,
64201,2021-07-12 20:30:00,40.59567,-73.775734,1,0,Alcohol Involvement,4443238,28.6,22.0,9.7,9.7,0.0,12.0,63,12.0,31.7,107,Rain: Moderate,1,1,
64202,2021-07-30 10:00:00,40.82451,-73.95186,0,0,Driver Inattention/Distraction,4443278,27.6,19.1,0.0,0.0,0.0,0.0,1,24.2,45.7,310,Mainly clear,0,0,Sunny/Clear Conditions
64203,2021-07-31 18:00:00,40.671997,-73.87742,0,0,Unspecified,4443185,25.6,14.5,0.0,0.0,0.0,0.0,2,16.8,33.8,304,Partly cloudy,0,0,
64204,2021-08-01 09:00:00,40.67545,-73.74404,1,0,Driver Inattention/Distraction,4442415,24.4,16.6,0.8,0.8,0.0,5.0,51,19.9,39.2,168,Drizzle: Light,1,1,
64205,2021-08-01 17:15:00,40.688904,-73.980934,1,0,Unspecified,4442622,24.4,16.6,0.8,0.8,0.0,5.0,51,19.9,39.2,168,Drizzle: Light,1,1,
64206,2021-08-01 20:22:00,40.69225,-73.81791,4,0,Passing or Lane Usage Improper,4442852,24.4,16.6,0.8,0.8,0.0,5.0,51,19.9,39.2,168,Drizzle: Light,4,4,
64207,2021-08-01 22:45:00,40.87088,-73.84617,0,0,Unsafe Speed,4443415,24.4,16.6,0.8,0.8,0.0,5.0,51,19.9,39.2,168,Drizzle: Light,0,0,
64208,2021-08-01 20:30:00,40.600754,-74.009865,0,0,Passing or Lane Usage Improper,4442899,24.4,16.6,0.8,0.8,0.0,5.0,51,19.9,39.2,168,Drizzle: Light,0,0,
64209,2021-08-01 19:34:00,40.640945,-73.94852,0,0,Backing Unsafely,4443019,24.4,16.6,0.8,0.8,0.0,5.0,51,19.9,39.2,168,Drizzle: Light,0,0,
64210,2021-08-01 12:59:00,40.835636,-73.88217,0,0,Unspecified,4443117,24.4,16.6,0.8,0.8,0.0,5.0,51,19.9,39.2,168,Drizzle: Light,0,0,
64211,2021-08-01 09:00:00,40.746582,-73.87973,0,0,Driver Inattention/Distraction,4442538,24.4,16.6,0.8,0.8,0.0,5.0,51,19.9,39.2,168,Drizzle: Light,0,0,
64212,2021-08-01 00:30:00,40.63082,-73.88636,0,0,Aggressive Driving/Road Rage,4442480,24.4,16.6,0.8,0.8,0.0,5.0,51,19.9,39.2,168,Drizzle: Light,0,0,
64213,2021-06-28 14:40:00,40.715553,-73.82617,0,0,Alcohol Involvement,4443312,32.3,22.9,0.0,0.0,0.0,0.0,3,20.0,37.8,212,Overcast,0,0,
64214,2021-07-28 10:00:00,40.65474,-73.90693,0,0,Unspecified,4443354,26.7,20.2,0.7,0.7,0.0,3.0,53,16.7,34.2,1,Drizzle: Moderate,0,0,
64215,2021-07-26 19:20:00,40.80967,-73.89302,0,0,Other Vehicular,4443388,31.4,21.8,0.0,0.0,0.0,0.0,3,13.0,25.6,295,Overcast,0,0,
64216,2021-08-01 15:18:00,40.735645,-73.88657,0,0,Passing or Lane Usage Improper,4442525,24.4,16.6,0.8,0.8,0.0,5.0,51,19.9,39.2,168,Drizzle: Light,0,0,
64217,2021-08-01 01:19:00,40.64485,-73.911125,0,0,Unsafe Speed,4442481,24.4,16.6,0.8,0.8,0.0,5.0,51,19.9,39.2,168,Drizzle: Light,0,0,
64218,2021-08-01 11:08:00,40.726097,-73.91943,1,0,Driver Inattention/Distraction,4442617,24.4,16.6,0.8,0.8,0.0,5.0,51,19.9,39.2,168,Drizzle: Light,1,1,
64219,2021-08-01 12:40:00,40.745735,-73.714386,0,0,Driver Inattention/Distraction,4442438,24.4,16.6,0.8,0.8,0.0,5.0,51,19.9,39.2,168,Drizzle: Light,0,0,
64220,2021-08-01 14:00:00,40.82082,-73.91562,0,0,Unspecified,4443097,24.4,16.6,0.8,0.8,0.0,5.0,51,19.9,39.2,168,Drizzle: Light,0,0,
64221,2021-08-01 21:15:00,40.821068,-73.934525,1,0,Other Vehicular,4442741,24.4,16.6,0.8,0.8,0.0,5.0,51,19.9,39.2,168,Drizzle: Light,1,1,
64222,2021-08-01 08:56:00,40.68625,-73.76848,0,0,Other Vehicular,4442799,24.4,16.6,0.8,0.8,0.0,5.0,51,19.9,39.2,168,Drizzle: Light,0,0,
64223,2021-07-26 21:21:00,40.898243,-73.858864,1,0,Passing Too Closely,4443424,31.4,21.8,0.0,0.0,0.0,0.0,3,13.0,25.6,295,Overcast,1,1,
64224,2021-07-13 11:20:00,40.634407,-74.11883,0,0,Driver Inattention/Distraction,4443454,25.0,20.8,2.4,2.4,0.0,12.0,53,13.0,26.3,84,Drizzle: Moderate,0,0,
64225,2021-08-01 18:00:00,40.744644,-73.77041,0,0,Other Vehicular,4443179,24.4,16.6,0.8,0.8,0.0,5.0,51,19.9,39.2,168,Drizzle: Light,0,0,
64226,2021-08-01 12:03:00,40.681244,-73.97434,0,0,Driver Inattention/Distraction,4442920,24.4,16.6,0.8,0.8,0.0,5.0,51,19.9,39.2,168,Drizzle: Light,0,0,
64227,2021-08-01 17:48:00,40.816772,-73.809135,2,0,Unspecified,4443126,24.4,16.6,0.8,0.8,0.0,5.0,51,19.9,39.2,168,Drizzle: Light,2,2,
64228,2021-08-01 12:25:00,40.755203,-73.74191,1,0,Driver Inattention/Distraction,4442474,24.4,16.6,0.8,0.8,0.0,5.0,51,19.9,39.2,168,Drizzle: Light,1,1,
64229,2021-08-01 00:01:00,40.70333,-73.8638,0,0,Steering Failure,4442566,24.4,16.6,0.8,0.8,0.0,5.0,51,19.9,39.2,168,Drizzle: Light,0,0,
64230,2021-08-01 16:45:00,40.585976,-73.93791,2,0,Unspecified,4442711,24.4,16.6,0.8,0.8,0.0,5.0,51,19.9,39.2,168,Drizzle: Light,2,2,
64231,2021-07-30 13:40:00,40.86135,-73.89774,1,0,Failure to Yield Right-of-Way,4443306,27.6,19.1,0.0,0.0,0.0,0.0,1,24.2,45.7,310,Mainly clear,1,1,Sunny/Clear Conditions
64232,2021-07-22 13:50:00,40.820187,-73.890686,1,0,Unspecified,4443393,26.7,17.5,0.0,0.0,0.0,0.0,3,15.3,28.4,327,Overcast,1,1,
64233,2021-08-01 18:43:00,40.873753,-73.88498,1,0,Pedestrian/Bicyclist/Other Pedestrian Error/Confusion,4442890,24.4,16.6,0.8,0.8,0.0,5.0,51,19.9,39.2,168,Drizzle: Light,1,1,
64234,2021-07-31 20:00:00,40.667336,-73.88091,0,0,Driver Inattention/Distraction,4443212,25.6,14.5,0.0,0.0,0.0,0.0,2,16.8,33.8,304,Partly cloudy,0,0,
64235,2021-07-31 15:30:00,40.686913,-73.79438,0,0,Other Vehicular,4443317,25.6,14.5,0.0,0.0,0.0,0.0,2,16.8,33.8,304,Partly cloudy,0,0,
64236,2021-08-01 15:30:00,40.747078,-73.981346,1,0,View Obstructed/Limited,4442623,24.4,16.6,0.8,0.8,0.0,5.0,51,19.9,39.2,168,Drizzle: Light,1,1,
64237,2021-07-21 07:30:00,40.72106,-73.75945,1,0,Unspecified,4443381,27.6,20.9,1.4,1.4,0.0,4.0,53,16.0,31.3,315,Drizzle: Moderate,1,1,
64238,2021-08-01 18:15:00,40.73771,-73.974266,1,0,Following Too Closely,4442680,24.4,16.6,0.8,0.8,0.0,5.0,51,19.9,39.2,168,Drizzle: Light,1,1,
64239,2021-07-31 21:40:00,40.697582,-73.92983,0,0,Unsafe Speed,4443255,25.6,14.5,0.0,0.0,0.0,0.0,2,16.8,33.8,304,Partly cloudy,0,0,
64240,2021-08-01 14:15:00,40.678955,-73.74914,0,0,Unspecified,4442511,24.4,16.6,0.8,0.8,0.0,5.0,51,19.9,39.2,168,Drizzle: Light,0,0,
64241,2021-07-30 05:30:00,40.703163,-73.81662,1,0,Driver Inattention/Distraction,4443200,27.6,19.1,0.0,0.0,0.0,0.0,1,24.2,45.7,310,Mainly clear,1,1,Sunny/Clear Conditions
64242,2021-08-01 23:15:00,40.633904,-73.99329,2,0,Failure to Yield Right-of-Way,4442958,24.4,16.6,0.8,0.8,0.0,5.0,51,19.9,39.2,168,Drizzle: Light,2,2,
64243,2021-08-01 18:34:00,40.664936,-73.775826,1,0,Failure to Yield Right-of-Way,4443047,24.4,16.6,0.8,0.8,0.0,5.0,51,19.9,39.2,168,Drizzle: Light,1,1,
64244,2021-07-28 21:24:00,40.821,-73.8969,1,0,Unspecified,4443389,26.7,20.2,0.7,0.7,0.0,3.0,53,16.7,34.2,1,Drizzle: Moderate,1,1,
64245,2021-07-31 19:00:00,40.68419,-73.880936,0,0,Unspecified,4443194,25.6,14.5,0.0,0.0,0.0,0.0,2,16.8,33.8,304,Partly cloudy,0,0,
64246,2021-07-26 10:45:00,0.0,0.0,1,0,Passing or Lane Usage Improper,4443246,31.4,21.8,0.0,0.0,0.0,0.0,3,13.0,25.6,295,Overcast,1,1,
64247,2021-08-01 10:07:00,40.677,-73.81965,0,0,Following Too Closely,4442728,24.4,16.6,0.8,0.8,0.0,5.0,51,19.9,39.2,168,Drizzle: Light,0,0,
64248,2021-07-31 21:35:00,40.671165,-73.895676,0,0,Unspecified,4443228,25.6,14.5,0.0,0.0,0.0,0.0,2,16.8,33.8,304,Partly cloudy,0,0,
64249,2021-08-01 03:00:00,40.67704,-73.80443,0,0,Passing Too Closely,4442789,24.4,16.6,0.8,0.8,0.0,5.0,51,19.9,39.2,168,Drizzle: Light,0,0,
64250,2021-07-26 19:50:00,40.895374,-73.86356,1,0,Following Too Closely,4443428,31.4,21.8,0.0,0.0,0.0,0.0,3,13.0,25.6,295,Overcast,1,1,