,CRASH DATETIME,LATITUDE,LONGITUDE,NUMBER OF PERSONS INJURED,NUMBER OF PERSONS KILLED,CONTRIBUTING FACTOR VEHICLE 1,COLLISION_ID,temperature_2m_max,temperature_2m_min,precipitation_sum,rain_sum,snowfall_sum,precipitation_hours,weather_code,wind_speed_10m_max,wind_gusts_10m_max,wind_direction_10m_dominant,Weather Description,Severity_Score,Total_Affected_Persons,Weather_Category
64251,2021-08-01 23:12:00,40.632435,-73.88818,0,0,Failure to Yield Right-of-Way,4442688,24.4,16.6,0.8,0.8,0.0,5.0,51,19.9,39.2,168,Drizzle: Light,0,0,
64252,2021-07-18 18:40:00,40.615204,-74.084656,0,0,Unspecified,4443450,28.4,23.1,12.4,12.4,0.0,10.0,63,19.6,39.2,232,Rain: Moderate,0,0,
64253,2021-08-01 22:40:00,40.78722,-73.952065,1,0,Failure to Yield Right-of-Way,4442869,24.4,16.6,0.8,0.8,0.0,5.0,51,19.9,39.2,168,Drizzle: Light,1,1,
64254,2021-07-31 20:05:00,40.847004,-73.84473,0,0,Driver Inattention/Distraction,4443299,25.6,14.5,0.0,0.0,0.0,0.0,2,16.8,33.8,304,Partly cloudy,0,0,
64255,2021-07-30 18:00:00,40.676144,-73.893074,0,0,Unspecified,4443205,27.6,19.1,0.0,0.0,0.0,0.0,1,24.2,45.7,310,Mainly clear,0,0,Sunny/Clear Conditions
64256,2021-07-18 03:40:00,40.723232,-73.95049,0,0,Pedestrian/Bicyclist/Other Pedestrian Error/Confusion,4443334,28.4,23.1,12.4,12.4,0.0,10.0,63,19.6,39.2,232,Rain: Moderate,0,0,
64257,2021-08-01 17:00:00,40.75829,-73.83431,1,0,Passing Too Closely,4442818,24.4,16.6,0.8,0.8,0.0,5.0,51,19.9,39.2,168,Drizzle: Light,1,1,
64258,2021-08-01 20:38:00,40.715122,-73.9599,0,0,Alcohol Involvement,4442700,24.4,16.6,0.8,0.8,0.0,5.0,51,19.9,39.2,168,Drizzle: Light,0,0,
64259,2021-08-01 17:11:00,40.79087,-73.807434,2,0,Traffic Control Disregarded,4442819,24.4,16.6,0.8,0.8,0.0,5.0,51,19.9,39.2,168,Drizzle: Light,2,2,
64260,2021-08-01 07:00:00,40.687286,-73.758865,0,0,Passing Too Closely,4442770,24.4,16.6,0.8,0.8,0.0,5.0,51,19.9,39.2,168,Drizzle: Light,0,0,
64261,2021-06-21 09:30:00,40.651863,-73.86536,0,0,Unspecified,4443233,28.0,21.7,0.5,0.5,0.0,2.0,51,24.4,46.8,181,Drizzle: Light,0,0,
64262,2021-08-01 01:40:00,40.665474,-73.74751,0,0,Unsafe Lane Changing,4442235,24.4,16.6,0.8,0.8,0.0,5.0,51,19.9,39.2,168,Drizzle: Light,0,0,
64263,2021-08-01 22:06:00,40.698807,-73.91837,1,0,Unspecified,4443260,24.4,16.6,0.8,0.8,0.0,5.0,51,19.9,39.2,168,Drizzle: Light,1,1,
64264,2021-08-01 12:45:00,40.666695,-73.767136,3,0,Unspecified,4443369,24.4,16.6,0.8,0.8,0.0,5.0,51,19.9,39.2,168,Drizzle: Light,3,3,
64265,2021-08-01 02:13:00,40.677715,-73.93587,1,1,Unspecified,4442673,24.4,16.6,0.8,0.8,0.0,5.0,51,19.9,39.2,168,Drizzle: Light,21,2,
64266,2021-07-28 07:50:00,40.657516,-73.8931,0,0,Unsafe Lane Changing,4443189,26.7,20.2,0.7,0.7,0.0,3.0,53,16.7,34.2,1,Drizzle: Moderate,0,0,
64267,2021-07-29 16:00:00,40.673542,-73.91955,0,0,Unspecified,4443362,25.3,20.4,33.0,33.0,0.0,11.0,65,26.1,50.8,182,Rain: Heavy,0,0,
64268,2021-07-08 09:30:00,40.736214,-73.95864,0,0,Passing Too Closely,4443333,28.3,21.3,15.2,15.2,0.0,12.0,63,16.9,48.2,125,Rain: Moderate,0,0,
64269,2021-07-30 14:49:00,40.690483,-73.80022,0,0,Traffic Control Disregarded,4443223,27.6,19.1,0.0,0.0,0.0,0.0,1,24.2,45.7,310,Mainly clear,0,0,Sunny/Clear Conditions
64270,2021-07-27 13:08:00,40.59312,-73.772705,0,0,Failure to Yield Right-of-Way,4443241,30.4,19.1,0.2,0.2,0.0,2.0,51,19.5,38.9,206,Drizzle: Light,0,0,
64271,2021-08-01 19:26:00,40.846115,-73.817406,0,0,Unspecified,4442773,24.4,16.6,0.8,0.8,0.0,5.0,51,19.9,39.2,168,Drizzle: Light,0,0,
64272,2021-07-09 18:40:00,40.646374,-74.01591,0,1,Unspecified,4443281,29.8,22.0,35.0,35.0,0.0,14.0,63,31.0,55.8,341,Rain: Moderate,20,1,
64273,2021-08-01 23:40:00,40.64043,-73.92917,3,0,Unspecified,4442689,24.4,16.6,0.8,0.8,0.0,5.0,51,19.9,39.2,168,Drizzle: Light,3,3,
64274,2021-07-31 15:25:00,40.66645,-73.89642,0,0,Unspecified,4443184,25.6,14.5,0.0,0.0,0.0,0.0,2,16.8,33.8,304,Partly cloudy,0,0,
64275,2021-07-30 17:38:00,40.683716,-73.87829,0,0,Unspecified,4443204,27.6,19.1,0.0,0.0,0.0,0.0,1,24.2,45.7,310,Mainly clear,0,0,Sunny/Clear Conditions
64276,2021-07-31 11:30:00,40.679104,-73.88916,0,0,Other Vehicular,4443493,25.6,14.5,0.0,0.0,0.0,0.0,2,16.8,33.8,304,Partly cloudy,0,0,
64277,2021-08-01 10:31:00,40.60667,-73.91149,0,0,Failure to Yield Right-of-Way,4442723,24.4,16.6,0.8,0.8,0.0,5.0,51,19.9,39.2,168,Drizzle: Light,0,0,
64278,2021-07-30 13:50:00,40.74835,-73.967865,0,0,Driver Inattention/Distraction,4443403,27.6,19.1,0.0,0.0,0.0,0.0,1,24.2,45.7,310,Mainly clear,0,0,Sunny/Clear Conditions
64279,2021-07-15 18:49:00,40.763874,-73.875465,1,0,Failure to Yield Right-of-Way,4443355,29.3,21.2,0.1,0.1,0.0,1.0,51,13.7,27.4,212,Drizzle: Light,1,1,
64280,2021-07-31 15:45:00,40.697823,-73.90803,0,0,Driver Inexperience,4443254,25.6,14.5,0.0,0.0,0.0,0.0,2,16.8,33.8,304,Partly cloudy,0,0,
64281,2021-06-30 13:00:00,40.87683,-73.86472,1,0,Failure to Yield Right-of-Way,4443430,35.2,24.9,0.1,0.1,0.0,1.0,51,20.6,37.1,246,Drizzle: Light,1,1,
64282,2021-08-01 12:00:00,40.743168,-73.98177,0,0,Unspecified,4442495,24.4,16.6,0.8,0.8,0.0,5.0,51,19.9,39.2,168,Drizzle: Light,0,0,
64283,2021-08-01 12:00:00,40.697575,-73.984055,0,0,Other Vehicular,4442526,24.4,16.6,0.8,0.8,0.0,5.0,51,19.9,39.2,168,Drizzle: Light,0,0,
64284,2021-08-01 12:00:00,40.617004,-73.96912,0,0,Driver Inattention/Distraction,4442934,24.4,16.6,0.8,0.8,0.0,5.0,51,19.9,39.2,168,Drizzle: Light,0,0,
64285,2021-07-30 10:45:00,40.65474,-73.90693,0,0,Unspecified,4443348,27.6,19.1,0.0,0.0,0.0,0.0,1,24.2,45.7,310,Mainly clear,0,0,Sunny/Clear Conditions
64286,2021-08-01 13:50:00,40.583042,-74.096176,0,0,Following Too Closely,4442667,24.4,16.6,0.8,0.8,0.0,5.0,51,19.9,39.2,168,Drizzle: Light,0,0,
64287,2021-07-26 08:25:00,40.69242,-73.808685,0,0,Driver Inattention/Distraction,4443175,31.4,21.8,0.0,0.0,0.0,0.0,3,13.0,25.6,295,Overcast,0,0,
64288,2021-07-31 20:10:00,40.64289,-74.11386,0,0,Driver Inattention/Distraction,4443292,25.6,14.5,0.0,0.0,0.0,0.0,2,16.8,33.8,304,Partly cloudy,0,0,
64289,2021-08-01 12:30:00,40.756096,-73.74655,0,0,Following Too Closely,4442475,24.4,16.6,0.8,0.8,0.0,5.0,51,19.9,39.2,168,Drizzle: Light,0,0,
64290,2021-08-01 01:48:00,40.82437,-73.84299,0,0,Unspecified,4442972,24.4,16.6,0.8,0.8,0.0,5.0,51,19.9,39.2,168,Drizzle: Light,0,0,
64291,2021-08-01 18:00:00,40.70634,-73.8805,0,0,Backing Unsafely,4442518,24.4,16.6,0.8,0.8,0.0,5.0,51,19.9,39.2,168,Drizzle: Light,0,0,
64292,2021-08-01 13:21:00,40.677357,-73.88687,0,0,Unspecified,4443213,24.4,16.6,0.8,0.8,0.0,5.0,51,19.9,39.2,168,Drizzle: Light,0,0,
64293,2021-07-27 22:00:00,40.69579,-73.93313,0,0,Failure to Yield Right-of-Way,4443245,30.4,19.1,0.2,0.2,0.0,2.0,51,19.5,38.9,206,Drizzle: Light,0,0,
64294,2021-07-27 11:47:00,40.606117,-73.75921,0,0,Reaction to Uninvolved Vehicle,4443180,30.4,19.1,0.2,0.2,0.0,2.0,51,19.5,38.9,206,Drizzle: Light,0,0,
64295,2021-07-18 17:30:00,40.820187,-73.890686,0,0,Oversized Vehicle,4443462,28.4,23.1,12.4,12.4,0.0,10.0,63,19.6,39.2,232,Rain: Moderate,0,0,
64296,2021-08-01 21:15:00,40.727226,-73.71051,1,0,Unspecified,4442661,24.4,16.6,0.8,0.8,0.0,5.0,51,19.9,39.2,168,Drizzle: Light,1,1,
64297,2021-07-05 20:45:00,40.74945,-73.88711,0,0,Unspecified,4443397,26.4,17.3,0.7,0.7,0.0,2.0,53,18.8,34.6,142,Drizzle: Moderate,0,0,
64298,2021-07-28 20:20:00,40.817795,-73.89319,1,0,Unspecified,4443392,26.7,20.2,0.7,0.7,0.0,3.0,53,16.7,34.2,1,Drizzle: Moderate,1,1,
64299,2021-08-01 03:07:00,40.595932,-73.75963,0,0,Traffic Control Disregarded,4443307,24.4,16.6,0.8,0.8,0.0,5.0,51,19.9,39.2,168,Drizzle: Light,0,0,
64300,2021-07-31 06:40:00,40.67315,-73.896194,0,0,Unspecified,4443208,25.6,14.5,0.0,0.0,0.0,0.0,2,16.8,33.8,304,Partly cloudy,0,0,
64301,2021-07-26 18:23:00,40.823284,-73.88762,1,0,Backing Unsafely,4443383,31.4,21.8,0.0,0.0,0.0,0.0,3,13.0,25.6,295,Overcast,1,1,
64302,2021-08-01 05:30:00,40.71406,-73.95292,0,0,Failure to Yield Right-of-Way,4442910,24.4,16.6,0.8,0.8,0.0,5.0,51,19.9,39.2,168,Drizzle: Light,0,0,
64303,2021-08-01 16:22:00,40.83913,-73.84964,0,0,Unspecified,4443121,24.4,16.6,0.8,0.8,0.0,5.0,51,19.9,39.2,168,Drizzle: Light,0,0,
64304,2021-08-01 08:00:00,40.651974,-73.86542,0,0,Backing Unsafely,4442618,24.4,16.6,0.8,0.8,0.0,5.0,51,19.9,39.2,168,Drizzle: Light,0,0,
64305,2021-07-30 19:00:00,40.823936,-73.89488,1,0,Unspecified,4443453,27.6,19.1,0.0,0.0,0.0,0.0,1,24.2,45.7,310,Mainly clear,1,1,Sunny/Clear Conditions
64306,2021-08-01 12:38:00,40.8239,-73.876526,0,0,Unspecified,4442983,24.4,16.6,0.8,0.8,0.0,5.0,51,19.9,39.2,168,Drizzle: Light,0,0,
64307,2021-08-01 05:40:00,40.86357,-73.92602,1,0,Driver Inattention/Distraction,4442850,24.4,16.6,0.8,0.8,0.0,5.0,51,19.9,39.2,168,Drizzle: Light,1,1,
64308,2021-08-01 15:35:00,40.678288,-73.82914,0,0,Following Too Closely,4442739,24.4,16.6,0.8,0.8,0.0,5.0,51,19.9,39.2,168,Drizzle: Light,0,0,
64309,2021-07-26 07:00:00,40.761066,-73.863976,0,0,Unspecified,4443396,31.4,21.8,0.0,0.0,0.0,0.0,3,13.0,25.6,295,Overcast,0,0,
64310,2023-04-24 17:30:00,40.620438,-74.1672,0,0,Unsafe Lane Changing,4624195,15.9,5.9,0.0,0.0,0.0,0.0,3,15.9,31.7,293,Overcast,0,0,
64311,2021-08-01 20:00:00,40.770737,-73.96622,0,0,Driver Inattention/Distraction,4442797,24.4,16.6,0.8,0.8,0.0,5.0,51,19.9,39.2,168,Drizzle: Light,0,0,
64312,2021-07-30 13:45:00,40.671986,-73.893906,0,0,Driver Inexperience,4443209,27.6,19.1,0.0,0.0,0.0,0.0,1,24.2,45.7,310,Mainly clear,0,0,Sunny/Clear Conditions
64313,2021-08-01 10:30:00,40.885178,-73.860054,0,0,Passing or Lane Usage Improper,4443414,24.4,16.6,0.8,0.8,0.0,5.0,51,19.9,39.2,168,Drizzle: Light,0,0,
64314,2021-08-01 22:15:00,40.733334,-73.98319,0,0,Unspecified,4442677,24.4,16.6,0.8,0.8,0.0,5.0,51,19.9,39.2,168,Drizzle: Light,0,0,
64315,2021-07-24 11:06:00,40.606426,-73.75045,0,0,Unspecified,4443176,26.8,18.2,0.0,0.0,0.0,0.0,3,16.3,31.7,152,Overcast,0,0,
64316,2021-08-01 17:40:00,40.671467,-73.88109,0,0,Driver Inattention/Distraction,4443195,24.4,16.6,0.8,0.8,0.0,5.0,51,19.9,39.2,168,Drizzle: Light,0,0,
64317,2021-08-01 17:00:00,40.59366,-73.98469,1,0,Failure to Yield Right-of-Way,4442715,24.4,16.6,0.8,0.8,0.0,5.0,51,19.9,39.2,168,Drizzle: Light,1,1,
64318,2021-08-01 09:25:00,40.711903,-73.96295,0,0,Turning Improperly,4443018,24.4,16.6,0.8,0.8,0.0,5.0,51,19.9,39.2,168,Drizzle: Light,0,0,
64319,2021-08-01 01:00:00,40.818733,-73.96109,0,0,Driver Inattention/Distraction,4442437,24.4,16.6,0.8,0.8,0.0,5.0,51,19.9,39.2,168,Drizzle: Light,0,0,
64320,2021-08-01 10:30:00,40.786495,-73.79463,3,0,Following Too Closely,4442815,24.4,16.6,0.8,0.8,0.0,5.0,51,19.9,39.2,168,Drizzle: Light,3,3,
64321,2021-08-01 02:20:00,40.667465,-73.9247,0,0,Other Vehicular,4442537,24.4,16.6,0.8,0.8,0.0,5.0,51,19.9,39.2,168,Drizzle: Light,0,0,
64322,2021-08-01 02:20:00,40.799484,-73.92929,0,0,Unspecified,4442835,24.4,16.6,0.8,0.8,0.0,5.0,51,19.9,39.2,168,Drizzle: Light,0,0,
64323,2021-08-01 06:00:00,40.651108,-73.94283,0,0,Unspecified,4442672,24.4,16.6,0.8,0.8,0.0,5.0,51,19.9,39.2,168,Drizzle: Light,0,0,
64324,2021-08-01 16:30:00,40.788303,-73.81699,6,0,Unsafe Lane Changing,4442814,24.4,16.6,0.8,0.8,0.0,5.0,51,19.9,39.2,168,Drizzle: Light,6,6,
64325,2021-07-29 20:55:00,40.900486,-73.85411,0,0,Other Vehicular,4443423,25.3,20.4,33.0,33.0,0.0,11.0,65,26.1,50.8,182,Rain: Heavy,0,0,
64326,2021-07-31 18:00:00,40.66041,-73.87693,0,0,Driver Inattention/Distraction,4443227,25.6,14.5,0.0,0.0,0.0,0.0,2,16.8,33.8,304,Partly cloudy,0,0,
64327,2021-08-01 08:00:00,40.676647,-73.82236,2,0,Driver Inattention/Distraction,4442727,24.4,16.6,0.8,0.8,0.0,5.0,51,19.9,39.2,168,Drizzle: Light,2,2,
64328,2021-08-01 10:00:00,40.67825,-73.87611,0,0,Unspecified,4443234,24.4,16.6,0.8,0.8,0.0,5.0,51,19.9,39.2,168,Drizzle: Light,0,0,
64329,2021-08-01 01:24:00,40.61018,-74.03548,0,0,Backing Unsafely,4442236,24.4,16.6,0.8,0.8,0.0,5.0,51,19.9,39.2,168,Drizzle: Light,0,0,
64330,2021-07-30 21:55:00,40.60283,-73.758064,0,0,Unspecified,4443261,27.6,19.1,0.0,0.0,0.0,0.0,1,24.2,45.7,310,Mainly clear,0,0,Sunny/Clear Conditions
64331,2021-07-22 18:00:00,40.814594,-73.88588,1,0,Unspecified,4443460,26.7,17.5,0.0,0.0,0.0,0.0,3,15.3,28.4,327,Overcast,1,1,
64332,2021-08-01 01:52:00,40.665245,-73.87513,0,0,Traffic Control Disregarded,4443188,24.4,16.6,0.8,0.8,0.0,5.0,51,19.9,39.2,168,Drizzle: Light,0,0,
64333,2021-08-01 10:25:00,40.828804,-73.84686,2,0,Unspecified,4442973,24.4,16.6,0.8,0.8,0.0,5.0,51,19.9,39.2,168,Drizzle: Light,2,2,
64334,2021-08-01 15:30:00,40.668785,-73.94782,1,0,Unspecified,4442517,24.4,16.6,0.8,0.8,0.0,5.0,51,19.9,39.2,168,Drizzle: Light,1,1,
64335,2021-08-01 14:51:00,40.557568,-74.207,2,0,Failure to Yield Right-of-Way,4442519,24.4,16.6,0.8,0.8,0.0,5.0,51,19.9,39.2,168,Drizzle: Light,2,2,
64336,2021-08-01 18:19:00,40.635166,-73.98481,1,0,Unspecified,4442870,24.4,16.6,0.8,0.8,0.0,5.0,51,19.9,39.2,168,Drizzle: Light,1,1,
64337,2021-08-01 17:45:00,40.69841,-73.913315,0,0,Unspecified,4443259,24.4,16.6,0.8,0.8,0.0,5.0,51,19.9,39.2,168,Drizzle: Light,0,0,
64338,2021-08-01 18:50:00,40.664948,-73.94262,0,0,Driver Inattention/Distraction,4442544,24.4,16.6,0.8,0.8,0.0,5.0,51,19.9,39.2,168,Drizzle: Light,0,0,
64339,2021-08-01 12:00:00,40.679913,-73.73942,0,0,Failure to Yield Right-of-Way,4442935,24.4,16.6,0.8,0.8,0.0,5.0,51,19.9,39.2,168,Drizzle: Light,0,0,
64340,2021-07-17 13:21:00,40.618526,-74.11819,1,0,Lost Consciousness,4443297,30.8,23.3,5.1,5.1,0.0,5.0,61,17.8,36.4,201,Rain: Light,1,1,
64341,2021-08-01 19:42:00,40.74906,-73.870384,1,0,Passenger Distraction,4442660,24.4,16.6,0.8,0.8,0.0,5.0,51,19.9,39.2,168,Drizzle: Light,1,1,
64342,2021-08-01 13:48:00,40.76155,-73.96659,1,0,Driver Inattention/Distraction,4443060,24.4,16.6,0.8,0.8,0.0,5.0,51,19.9,39.2,168,Drizzle: Light,1,1,
64343,2021-07-31 23:00:00,40.72073,-73.960884,0,0,Turning Improperly,4443338,25.6,14.5,0.0,0.0,0.0,0.0,2,16.8,33.8,304,Partly cloudy,0,0,
64344,2021-08-01 11:13:00,40.636547,-74.02866,1,0,Failure to Yield Right-of-Way,4442460,24.4,16.6,0.8,0.8,0.0,5.0,51,19.9,39.2,168,Drizzle: Light,1,1,
64345,2021-08-01 14:21:00,40.88271,-73.881256,0,0,Turning Improperly,4442874,24.4,16.6,0.8,0.8,0.0,5.0,51,19.9,39.2,168,Drizzle: Light,0,0,
64346,2021-08-01 18:50:00,40.86645,-73.897354,0,0,Unspecified,4443028,24.4,16.6,0.8,0.8,0.0,5.0,51,19.9,39.2,168,Drizzle: Light,0,0,
64347,2021-07-31 00:00:00,40.69401,-73.80714,0,0,Driver Inattention/Distraction,4443174,25.6,14.5,0.0,0.0,0.0,0.0,2,16.8,33.8,304,Partly cloudy,0,0,
64348,2021-08-01 13:50:00,40.635708,-73.95439,1,0,Unspecified,4442476,24.4,16.6,0.8,0.8,0.0,5.0,51,19.9,39.2,168,Drizzle: Light,1,1,
64349,2021-08-01 06:40:00,40.668648,-73.92835,5,0,Fell Asleep,4442542,24.4,16.6,0.8,0.8,0.0,5.0,51,19.9,39.2,168,Drizzle: Light,5,5,
64350,2021-08-01 15:55:00,40.60076,-73.754036,0,0,Passing or Lane Usage Improper,4443309,24.4,16.6,0.8,0.8,0.0,5.0,51,19.9,39.2,168,Drizzle: Light,0,0,
64351,2021-07-30 17:00:00,40.648983,-73.94841,1,0,Unspecified,4443324,27.6,19.1,0.0,0.0,0.0,0.0,1,24.2,45.7,310,Mainly clear,1,1,Sunny/Clear Conditions
64352,2021-08-01 09:00:00,40.682766,-73.92202,0,0,Unspecified,4442643,24.4,16.6,0.8,0.8,0.0,5.0,51,19.9,39.2,168,Drizzle: Light,0,0,
64353,2021-08-01 19:20:00,40.738445,-73.999756,1,0,Unspecified,4442774,24.4,16.6,0.8,0.8,0.0,5.0,51,19.9,39.2,168,Drizzle: Light,1,1,
64354,2021-07-31 01:00:00,40.662132,-73.911736,0,0,Unspecified,4443300,25.6,14.5,0.0,0.0,0.0,0.0,2,16.8,33.8,304,Partly cloudy,0,0,
64355,2021-08-01 02:50:00,40.67613,-73.884865,0,0,Unspecified,4443187,24.4,16.6,0.8,0.8,0.0,5.0,51,19.9,39.2,168,Drizzle: Light,0,0,
64356,2021-07-29 07:00:00,40.599243,-73.752495,0,0,Unspecified,4443253,25.3,20.4,33.0,33.0,0.0,11.0,65,26.1,50.8,182,Rain: Heavy,0,0,
64357,2021-08-01 11:40:00,40.802204,-73.967804,0,0,Driver Inattention/Distraction,4442490,24.4,16.6,0.8,0.8,0.0,5.0,51,19.9,39.2,168,Drizzle: Light,0,0,
64358,2021-08-01 17:05:00,40.572224,-74.12139,0,0,Unspecified,4442668,24.4,16.6,0.8,0.8,0.0,5.0,51,19.9,39.2,168,Drizzle: Light,0,0,
64359,2021-08-01 09:45:00,40.665257,-73.739555,0,0,Driver Inattention/Distraction,4442418,24.4,16.6,0.8,0.8,0.0,5.0,51,19.9,39.2,168,Drizzle: Light,0,0,
64360,2021-08-01 13:30:00,40.743416,-73.95387,1,0,Driver Inattention/Distraction,4442619,24.4,16.6,0.8,0.8,0.0,5.0,51,19.9,39.2,168,Drizzle: Light,1,1,
64361,2021-07-17 22:00:00,40.815125,-73.8988,0,0,Other Vehicular,4443372,30.8,23.3,5.1,5.1,0.0,5.0,61,17.8,36.4,201,Rain: Light,0,0,
64362,2021-08-01 19:30:00,40.848118,-73.93089,1,0,Pedestrian/Bicyclist/Other Pedestrian Error/Confusion,4442854,24.4,16.6,0.8,0.8,0.0,5.0,51,19.9,39.2,168,Drizzle: Light,1,1,
64363,2021-08-01 15:30:00,40.6532,-74.005585,0,0,Driver Inattention/Distraction,4442608,24.4,16.6,0.8,0.8,0.0,5.0,51,19.9,39.2,168,Drizzle: Light,0,0,
64364,2021-07-30 11:12:00,40.67628,-73.892166,1,0,Failure to Yield Right-of-Way,4443226,27.6,19.1,0.0,0.0,0.0,0.0,1,24.2,45.7,310,Mainly clear,1,1,Sunny/Clear Conditions
64365,2021-07-31 11:09:00,40.83568,-73.87037,0,0,Unsafe Speed,4443436,25.6,14.5,0.0,0.0,0.0,0.0,2,16.8,33.8,304,Partly cloudy,0,0,
64366,2021-08-01 15:24:00,40.719833,-73.82624,0,0,Following Too Closely,4442693,24.4,16.6,0.8,0.8,0.0,5.0,51,19.9,39.2,168,Drizzle: Light,0,0,
64367,2021-08-01 01:26:00,40.583725,-73.89372,2,0,Driver Inattention/Distraction,4442925,24.4,16.6,0.8,0.8,0.0,5.0,51,19.9,39.2,168,Drizzle: Light,2,2,
64368,2021-08-01 21:48:00,40.754486,-73.86039,0,0,Driver Inattention/Distraction,4443119,24.4,16.6,0.8,0.8,0.0,5.0,51,19.9,39.2,168,Drizzle: Light,0,0,
64369,2021-08-01 02:55:00,40.710533,-73.928276,0,0,Passing Too Closely,4443013,24.4,16.6,0.8,0.8,0.0,5.0,51,19.9,39.2,168,Drizzle: Light,0,0,
64370,2021-07-30 16:24:00,40.67689,-73.900055,0,0,Unspecified,4443203,27.6,19.1,0.0,0.0,0.0,0.0,1,24.2,45.7,310,Mainly clear,0,0,Sunny/Clear Conditions
64371,2021-07-23 17:19:00,40.692024,-73.9818,1,0,Other Vehicular,4443286,26.2,17.3,0.0,0.0,0.0,0.0,1,11.3,27.0,340,Mainly clear,1,1,Sunny/Clear Conditions
64372,2021-08-01 14:20:00,40.89193,-73.848076,0,0,Driver Inattention/Distraction,4442685,24.4,16.6,0.8,0.8,0.0,5.0,51,19.9,39.2,168,Drizzle: Light,0,0,
64373,2021-07-31 22:00:00,40.66127,-73.896065,0,0,Unspecified,4443214,25.6,14.5,0.0,0.0,0.0,0.0,2,16.8,33.8,304,Partly cloudy,0,0,
64374,2021-07-25 01:30:00,40.632847,-73.928375,0,0,Unspecified,4443464,28.0,20.3,7.3,7.3,0.0,10.0,63,20.9,43.2,198,Rain: Moderate,0,0,
64375,2021-08-01 02:15:00,40.741745,-73.993645,0,0,Driver Inattention/Distraction,4442676,24.4,16.6,0.8,0.8,0.0,5.0,51,19.9,39.2,168,Drizzle: Light,0,0,
64376,2021-08-01 04:20:00,40.635643,-73.74013,0,0,Tire Failure/Inadequate,4442357,24.4,16.6,0.8,0.8,0.0,5.0,51,19.9,39.2,168,Drizzle: Light,0,0,
64377,2021-07-27 06:20:00,40.59723,-73.76237,0,0,Unspecified,4443235,30.4,19.1,0.2,0.2,0.0,2.0,51,19.5,38.9,206,Drizzle: Light,0,0,
64378,2021-08-01 13:00:00,40.75001,-73.72166,0,0,Driver Inattention/Distraction,4443385,24.4,16.6,0.8,0.8,0.0,5.0,51,19.9,39.2,168,Drizzle: Light,0,0,
64379,2021-08-01 04:58:00,40.86827,-73.84426,1,0,Unsafe Speed,4442529,24.4,16.6,0.8,0.8,0.0,5.0,51,19.9,39.2,168,Drizzle: Light,1,1,
64380,2021-08-01 14:50:00,40.601738,-73.90031,0,0,Unsafe Lane Changing,4442718,24.4,16.6,0.8,0.8,0.0,5.0,51,19.9,39.2,168,Drizzle: Light,0,0,
64381,2021-08-01 19:04:00,40.74457,-73.731575,1,0,Driver Inattention/Distraction,4443356,24.4,16.6,0.8,0.8,0.0,5.0,51,19.9,39.2,168,Drizzle: Light,1,1,
64382,2021-08-01 21:55:00,40.658875,-74.002945,0,0,Unspecified,4443282,24.4,16.6,0.8,0.8,0.0,5.0,51,19.9,39.2,168,Drizzle: Light,0,0,
64383,2021-08-01 13:10:00,40.66947,-73.86246,0,0,View Obstructed/Limited,4443191,24.4,16.6,0.8,0.8,0.0,5.0,51,19.9,39.2,168,Drizzle: Light,0,0,
64384,2021-07-26 23:00:00,40.891838,-73.86275,0,0,Driver Inattention/Distraction,4443425,31.4,21.8,0.0,0.0,0.0,0.0,3,13.0,25.6,295,Overcast,0,0,
64385,2021-07-21 11:40:00,0.0,0.0,0,0,Other Vehicular,4443502,27.6,20.9,1.4,1.4,0.0,4.0,53,16.0,31.3,315,Drizzle: Moderate,0,0,
64386,2021-07-28 20:30:00,40.815754,-73.89529,2,0,Unspecified,4443391,26.7,20.2,0.7,0.7,0.0,3.0,53,16.7,34.2,1,Drizzle: Moderate,2,2,
64387,2021-08-01 15:15:00,40.694862,-73.81842,1,0,Traffic Control Disregarded,4442848,24.4,16.6,0.8,0.8,0.0,5.0,51,19.9,39.2,168,Drizzle: Light,1,1,
64388,2012-08-01 10:22:00,40.67452,-73.878044,1,0,Unspecified,4443197,26.2,19.7,10.3,10.3,0.0,9.0,63,10.8,23.8,196,Rain: Moderate,1,1,
64389,2021-08-01 11:53:00,40.668964,-73.95059,0,0,Traffic Control Disregarded,4442705,24.4,16.6,0.8,0.8,0.0,5.0,51,19.9,39.2,168,Drizzle: Light,0,0,
64390,2021-08-01 21:25:00,40.655663,-73.91404,0,0,Driver Inattention/Distraction,4442662,24.4,16.6,0.8,0.8,0.0,5.0,51,19.9,39.2,168,Drizzle: Light,0,0,
64391,2021-08-01 13:00:00,40.66906,-73.88658,2,0,Unspecified,4443230,24.4,16.6,0.8,0.8,0.0,5.0,51,19.9,39.2,168,Drizzle: Light,2,2,
64392,2021-07-31 18:30:00,40.696644,-73.80741,0,0,Driver Inattention/Distraction,4443244,25.6,14.5,0.0,0.0,0.0,0.0,2,16.8,33.8,304,Partly cloudy,0,0,
64393,2021-08-01 17:30:00,40.719227,-73.962906,0,0,Unsafe Speed,4442904,24.4,16.6,0.8,0.8,0.0,5.0,51,19.9,39.2,168,Drizzle: Light,0,0,
64394,2021-07-30 18:50:00,40.670624,-73.895546,0,0,Unspecified,4443181,27.6,19.1,0.0,0.0,0.0,0.0,1,24.2,45.7,310,Mainly clear,0,0,Sunny/Clear Conditions