,CRASH DATETIME,LATITUDE,LONGITUDE,NUMBER OF PERSONS INJURED,NUMBER OF PERSONS KILLED,CONTRIBUTING FACTOR VEHICLE 1,COLLISION_ID,temperature_2m_max,temperature_2m_min,precipitation_sum,rain_sum,snowfall_sum,precipitation_hours,weather_code,wind_speed_10m_max,wind_gusts_10m_max,wind_direction_10m_dominant,Weather Description,Severity_Score,Total_Affected_Persons,Weather_Category
64395,2021-07-20 09:00:00,40.809628,-73.890045,3,0,Driver Inattention/Distraction,4443398,30.9,21.1,0.0,0.0,0.0,0.0,1,13.3,26.6,283,Mainly clear,3,3,Sunny/Clear Conditions
64396,2021-08-01 14:30:00,40.781677,-73.83871,1,0,Failure to Yield Right-of-Way,4442816,24.4,16.6,0.8,0.8,0.0,5.0,51,19.9,39.2,168,Drizzle: Light,1,1,
64397,2021-07-31 18:29:00,40.870987,-73.84726,0,0,Passing or Lane Usage Improper,4443295,25.6,14.5,0.0,0.0,0.0,0.0,2,16.8,33.8,304,Partly cloudy,0,0,
64398,2021-07-30 02:00:00,40.67689,-73.900055,1,0,Traffic Control Disregarded,4443207,27.6,19.1,0.0,0.0,0.0,0.0,1,24.2,45.7,310,Mainly clear,1,1,Sunny/Clear Conditions
64399,2021-07-30 21:20:00,40.66861,-73.912415,0,0,Backing Unsafely,4443360,27.6,19.1,0.0,0.0,0.0,0.0,1,24.2,45.7,310,Mainly clear,0,0,Sunny/Clear Conditions
64400,2021-08-01 02:28:00,40.79971,-73.94017,0,0,Unspecified,4442838,24.4,16.6,0.8,0.8,0.0,5.0,51,19.9,39.2,168,Drizzle: Light,0,0,
64401,2021-07-29 23:44:00,40.65794,-73.907745,2,0,Unspecified,4443351,25.3,20.4,33.0,33.0,0.0,11.0,65,26.1,50.8,182,Rain: Heavy,2,2,
64402,2021-07-31 09:45:00,40.689007,-73.874695,1,0,Driver Inattention/Distraction,4443210,25.6,14.5,0.0,0.0,0.0,0.0,2,16.8,33.8,304,Partly cloudy,1,1,
64403,2021-08-01 04:10:00,40.661003,-73.94776,2,0,Driver Inattention/Distraction,4442243,24.4,16.6,0.8,0.8,0.0,5.0,51,19.9,39.2,168,Drizzle: Light,2,2,
64404,2021-07-29 17:37:00,40.668976,-73.90668,2,0,Failure to Yield Right-of-Way,4443271,25.3,20.4,33.0,33.0,0.0,11.0,65,26.1,50.8,182,Rain: Heavy,2,2,
64405,2021-08-01 18:05:00,40.68767,-73.870285,1,0,Failure to Yield Right-of-Way,4443231,24.4,16.6,0.8,0.8,0.0,5.0,51,19.9,39.2,168,Drizzle: Light,1,1,
64406,2021-08-01 22:50:00,40.893616,-73.8526,0,0,Failure to Yield Right-of-Way,4442684,24.4,16.6,0.8,0.8,0.0,5.0,51,19.9,39.2,168,Drizzle: Light,0,0,
64407,2021-08-01 13:58:00,40.827423,-73.86823,0,0,Driver Inattention/Distraction,4442974,24.4,16.6,0.8,0.8,0.0,5.0,51,19.9,39.2,168,Drizzle: Light,0,0,
64408,2021-08-01 13:45:00,40.733498,-73.87038,2,0,Driver Inattention/Distraction,4442520,24.4,16.6,0.8,0.8,0.0,5.0,51,19.9,39.2,168,Drizzle: Light,2,2,
64409,2021-08-01 04:00:00,40.696785,-73.95659,0,0,Driver Inattention/Distraction,4442941,24.4,16.6,0.8,0.8,0.0,5.0,51,19.9,39.2,168,Drizzle: Light,0,0,
64410,2021-07-30 19:00:00,40.70004,-73.9361,0,0,Driver Inattention/Distraction,4443248,27.6,19.1,0.0,0.0,0.0,0.0,1,24.2,45.7,310,Mainly clear,0,0,Sunny/Clear Conditions
64411,2021-08-01 12:05:00,40.678577,-73.867935,0,0,Unspecified,4443192,24.4,16.6,0.8,0.8,0.0,5.0,51,19.9,39.2,168,Drizzle: Light,0,0,
64412,2021-08-01 18:40:00,40.826553,-73.93466,1,0,Other Vehicular,4442747,24.4,16.6,0.8,0.8,0.0,5.0,51,19.9,39.2,168,Drizzle: Light,1,1,
64413,2021-07-12 19:28:00,40.678318,-73.94693,1,0,Following Too Closely,4443422,28.6,22.0,9.7,9.7,0.0,12.0,63,12.0,31.7,107,Rain: Moderate,1,1,
64414,2021-08-01 16:30:00,40.60915,-74.14987,0,0,Unsafe Lane Changing,4442795,24.4,16.6,0.8,0.8,0.0,5.0,51,19.9,39.2,168,Drizzle: Light,0,0,
64415,2021-07-30 18:30:00,40.8097,-73.90304,0,0,Unspecified,4443452,27.6,19.1,0.0,0.0,0.0,0.0,1,24.2,45.7,310,Mainly clear,0,0,Sunny/Clear Conditions
64416,2021-07-30 08:00:00,40.70028,-73.80354,0,0,Other Vehicular,4443177,27.6,19.1,0.0,0.0,0.0,0.0,1,24.2,45.7,310,Mainly clear,0,0,Sunny/Clear Conditions
64417,2021-08-01 14:00:00,40.704605,-73.9023,1,0,Failure to Yield Right-of-Way,4442573,24.4,16.6,0.8,0.8,0.0,5.0,51,19.9,39.2,168,Drizzle: Light,1,1,
64418,2021-08-01 17:00:00,40.76294,-73.86067,0,0,Following Too Closely,4442657,24.4,16.6,0.8,0.8,0.0,5.0,51,19.9,39.2,168,Drizzle: Light,0,0,
64419,2021-06-25 20:00:00,40.756767,-73.98272,0,0,Unsafe Lane Changing,4443336,24.7,15.6,0.0,0.0,0.0,0.0,3,20.9,41.0,144,Overcast,0,0,
64420,2021-08-01 13:30:00,40.752724,-73.996796,1,0,Obstruction/Debris,4442470,24.4,16.6,0.8,0.8,0.0,5.0,51,19.9,39.2,168,Drizzle: Light,1,1,
64421,2021-07-25 13:00:00,40.718536,-73.999054,0,0,Driver Inattention/Distraction,4443303,28.0,20.3,7.3,7.3,0.0,10.0,63,20.9,43.2,198,Rain: Moderate,0,0,
64422,2021-08-01 00:00:00,40.88103,-73.87751,0,0,Unspecified,4442876,24.4,16.6,0.8,0.8,0.0,5.0,51,19.9,39.2,168,Drizzle: Light,0,0,
64423,2021-08-01 16:34:00,40.584625,-73.94713,1,0,Unspecified,4442714,24.4,16.6,0.8,0.8,0.0,5.0,51,19.9,39.2,168,Drizzle: Light,1,1,
64424,2021-07-31 01:55:00,40.81974,-73.90149,1,0,Pavement Slippery,4443395,25.6,14.5,0.0,0.0,0.0,0.0,2,16.8,33.8,304,Partly cloudy,1,1,
64425,2021-07-30 20:05:00,40.608105,-73.75414,0,0,Following Too Closely,4443257,27.6,19.1,0.0,0.0,0.0,0.0,1,24.2,45.7,310,Mainly clear,0,0,Sunny/Clear Conditions
64426,2021-07-26 15:00:00,40.666603,-73.91387,1,0,Unspecified,4443365,31.4,21.8,0.0,0.0,0.0,0.0,3,13.0,25.6,295,Overcast,1,1,
64427,2021-08-01 17:18:00,40.62776,-74.02443,0,0,Passing Too Closely,4442609,24.4,16.6,0.8,0.8,0.0,5.0,51,19.9,39.2,168,Drizzle: Light,0,0,
64428,2021-08-01 18:29:00,40.6796,-73.80349,0,0,Following Too Closely,4442663,24.4,16.6,0.8,0.8,0.0,5.0,51,19.9,39.2,168,Drizzle: Light,0,0,
64429,2021-07-30 21:50:00,40.666718,-73.89162,1,0,Unspecified,4443182,27.6,19.1,0.0,0.0,0.0,0.0,1,24.2,45.7,310,Mainly clear,1,1,Sunny/Clear Conditions
64430,2021-08-01 09:10:00,40.622414,-73.896484,2,0,Unsafe Speed,4443092,24.4,16.6,0.8,0.8,0.0,5.0,51,19.9,39.2,168,Drizzle: Light,2,2,
64431,2021-07-29 09:30:00,40.819126,-73.88579,0,0,Unspecified,4443399,25.3,20.4,33.0,33.0,0.0,11.0,65,26.1,50.8,182,Rain: Heavy,0,0,
64432,2021-08-01 04:14:00,40.74128,-73.90257,7,0,Failure to Yield Right-of-Way,4442453,24.4,16.6,0.8,0.8,0.0,5.0,51,19.9,39.2,168,Drizzle: Light,7,7,
64433,2021-08-01 23:15:00,40.731705,-74.00096,0,0,Unspecified,4442811,24.4,16.6,0.8,0.8,0.0,5.0,51,19.9,39.2,168,Drizzle: Light,0,0,
64434,2021-07-18 14:39:00,40.873497,-73.85429,0,0,Driver Inattention/Distraction,4443413,28.4,23.1,12.4,12.4,0.0,10.0,63,19.6,39.2,232,Rain: Moderate,0,0,
64435,2021-07-25 04:35:00,40.662796,-73.92612,0,0,Unspecified,4443456,28.0,20.3,7.3,7.3,0.0,10.0,63,20.9,43.2,198,Rain: Moderate,0,0,
64436,2021-08-01 15:43:00,40.65488,-73.96189,1,0,Pedestrian/Bicyclist/Other Pedestrian Error/Confusion,4442516,24.4,16.6,0.8,0.8,0.0,5.0,51,19.9,39.2,168,Drizzle: Light,1,1,
64437,2021-08-01 12:20:00,40.696674,-73.957535,1,0,Driver Inattention/Distraction,4443407,24.4,16.6,0.8,0.8,0.0,5.0,51,19.9,39.2,168,Drizzle: Light,1,1,
64438,2021-08-01 15:20:00,40.727802,-73.95308,0,0,Driver Inattention/Distraction,4442903,24.4,16.6,0.8,0.8,0.0,5.0,51,19.9,39.2,168,Drizzle: Light,0,0,
64439,2021-08-01 08:00:00,40.667313,-73.73926,0,0,Driver Inattention/Distraction,4442416,24.4,16.6,0.8,0.8,0.0,5.0,51,19.9,39.2,168,Drizzle: Light,0,0,
64440,2021-08-01 08:50:00,40.597805,-74.07178,0,0,Unspecified,4442670,24.4,16.6,0.8,0.8,0.0,5.0,51,19.9,39.2,168,Drizzle: Light,0,0,
64441,2021-08-01 23:08:00,40.873592,-73.88506,1,0,Unsafe Speed,4443025,24.4,16.6,0.8,0.8,0.0,5.0,51,19.9,39.2,168,Drizzle: Light,1,1,
64442,2021-07-26 09:40:00,40.816517,-73.88789,0,0,Unspecified,4443373,31.4,21.8,0.0,0.0,0.0,0.0,3,13.0,25.6,295,Overcast,0,0,
64443,2021-08-01 22:30:00,40.707726,-73.82611,0,0,Steering Failure,4442853,24.4,16.6,0.8,0.8,0.0,5.0,51,19.9,39.2,168,Drizzle: Light,0,0,
64444,2021-08-01 14:15:00,40.79978,-73.96821,0,0,Passing Too Closely,4442539,24.4,16.6,0.8,0.8,0.0,5.0,51,19.9,39.2,168,Drizzle: Light,0,0,
64445,2021-07-28 08:00:00,40.601936,-73.74876,0,0,Unspecified,4443243,26.7,20.2,0.7,0.7,0.0,3.0,53,16.7,34.2,1,Drizzle: Moderate,0,0,
64446,2021-07-18 17:15:00,40.67046,-73.88788,0,0,Unspecified,4443220,28.4,23.1,12.4,12.4,0.0,10.0,63,19.6,39.2,232,Rain: Moderate,0,0,
64447,2021-08-01 20:45:00,40.83493,-73.90315,0,0,Unspecified,4442719,24.4,16.6,0.8,0.8,0.0,5.0,51,19.9,39.2,168,Drizzle: Light,0,0,
64448,2021-08-01 22:25:00,40.759308,-73.9653,0,0,Following Too Closely,4442697,24.4,16.6,0.8,0.8,0.0,5.0,51,19.9,39.2,168,Drizzle: Light,0,0,
64449,2021-08-01 01:11:00,40.675663,-73.901695,0,0,Driver Inattention/Distraction,4443186,24.4,16.6,0.8,0.8,0.0,5.0,51,19.9,39.2,168,Drizzle: Light,0,0,
64450,2021-07-30 16:18:00,40.677208,-73.89723,1,0,Traffic Control Disregarded,4443202,27.6,19.1,0.0,0.0,0.0,0.0,1,24.2,45.7,310,Mainly clear,1,1,Sunny/Clear Conditions
64451,2021-08-01 20:58:00,40.836998,-73.90691,0,0,Turning Improperly,4442725,24.4,16.6,0.8,0.8,0.0,5.0,51,19.9,39.2,168,Drizzle: Light,0,0,
64452,2021-07-26 13:00:00,40.71135,-73.96143,0,0,Turning Improperly,4443510,31.4,21.8,0.0,0.0,0.0,0.0,3,13.0,25.6,295,Overcast,0,0,
64453,2021-07-25 19:49:00,40.81942,-73.88392,0,0,Unspecified,4443387,28.0,20.3,7.3,7.3,0.0,10.0,63,20.9,43.2,198,Rain: Moderate,0,0,
64454,2021-08-01 17:55:00,40.73453,-73.99227,0,0,Unspecified,4442535,24.4,16.6,0.8,0.8,0.0,5.0,51,19.9,39.2,168,Drizzle: Light,0,0,
64455,2021-07-29 19:29:00,40.66633,-73.91571,0,0,Unspecified,4443357,25.3,20.4,33.0,33.0,0.0,11.0,65,26.1,50.8,182,Rain: Heavy,0,0,
64456,2021-08-01 12:07:00,40.634846,-73.888084,2,0,Reaction to Uninvolved Vehicle,4442482,24.4,16.6,0.8,0.8,0.0,5.0,51,19.9,39.2,168,Drizzle: Light,2,2,
64457,2021-07-31 08:38:00,40.69584,-73.92959,1,0,Failure to Yield Right-of-Way,4443252,25.6,14.5,0.0,0.0,0.0,0.0,2,16.8,33.8,304,Partly cloudy,1,1,
64458,2021-08-01 07:35:00,40.788994,-73.94656,0,0,Alcohol Involvement,4442924,24.4,16.6,0.8,0.8,0.0,5.0,51,19.9,39.2,168,Drizzle: Light,0,0,
64459,2021-08-01 14:45:00,40.670734,-73.93373,1,0,Other Vehicular,4443448,24.4,16.6,0.8,0.8,0.0,5.0,51,19.9,39.2,168,Drizzle: Light,1,1,
64460,2021-08-01 23:15:00,40.75729,-73.88948,0,0,Unspecified,4443118,24.4,16.6,0.8,0.8,0.0,5.0,51,19.9,39.2,168,Drizzle: Light,0,0,
64461,2021-08-01 13:34:00,40.744797,-73.77952,0,0,Driver Inattention/Distraction,4442620,24.4,16.6,0.8,0.8,0.0,5.0,51,19.9,39.2,168,Drizzle: Light,0,0,
64462,2021-08-01 00:30:00,40.83862,-73.92708,0,0,Passing Too Closely,4442762,24.4,16.6,0.8,0.8,0.0,5.0,51,19.9,39.2,168,Drizzle: Light,0,0,
64463,2021-08-01 03:20:00,40.70854,-73.927414,0,0,Passing or Lane Usage Improper,4443012,24.4,16.6,0.8,0.8,0.0,5.0,51,19.9,39.2,168,Drizzle: Light,0,0,
64464,2021-08-01 01:30:00,40.689953,-73.826004,0,0,Unsafe Speed,4442847,24.4,16.6,0.8,0.8,0.0,5.0,51,19.9,39.2,168,Drizzle: Light,0,0,
64465,2021-08-01 13:13:00,40.61652,-73.98586,1,0,Failure to Yield Right-of-Way,4442477,24.4,16.6,0.8,0.8,0.0,5.0,51,19.9,39.2,168,Drizzle: Light,1,1,
64466,2021-08-01 05:10:00,40.79854,-73.95969,0,0,Backing Unsafely,4442402,24.4,16.6,0.8,0.8,0.0,5.0,51,19.9,39.2,168,Drizzle: Light,0,0,
64467,2021-08-01 21:46:00,40.684856,-73.97805,0,0,Driver Inattention/Distraction,4442675,24.4,16.6,0.8,0.8,0.0,5.0,51,19.9,39.2,168,Drizzle: Light,0,0,
64468,2021-07-31 21:25:00,40.676037,-73.79035,1,0,Following Too Closely,4443322,25.6,14.5,0.0,0.0,0.0,0.0,2,16.8,33.8,304,Partly cloudy,1,1,
64469,2021-08-01 04:37:00,40.833363,-73.92915,1,0,Unsafe Speed,4442775,24.4,16.6,0.8,0.8,0.0,5.0,51,19.9,39.2,168,Drizzle: Light,1,1,
64470,2021-08-01 05:20:00,40.651733,-73.92013,0,0,Unspecified,4442636,24.4,16.6,0.8,0.8,0.0,5.0,51,19.9,39.2,168,Drizzle: Light,0,0,
64471,2021-07-31 02:06:00,40.676327,-73.86547,0,0,Driver Inattention/Distraction,4443225,25.6,14.5,0.0,0.0,0.0,0.0,2,16.8,33.8,304,Partly cloudy,0,0,
64472,2021-07-25 18:52:00,40.605335,-73.75528,0,0,Unspecified,4443237,28.0,20.3,7.3,7.3,0.0,10.0,63,20.9,43.2,198,Rain: Moderate,0,0,
64473,2021-05-21 15:05:00,40.676598,-73.89038,0,0,Unspecified,4443190,23.9,11.3,0.0,0.0,0.0,0.0,3,19.2,38.5,174,Overcast,0,0,
64474,2021-07-19 08:25:00,40.757725,-73.86372,0,0,Unspecified,4443284,27.5,20.8,0.5,0.5,0.0,2.0,51,12.8,29.9,307,Drizzle: Light,0,0,
64475,2021-08-01 04:30:00,40.88302,-73.85325,1,0,Failure to Keep Right,4443426,24.4,16.6,0.8,0.8,0.0,5.0,51,19.9,39.2,168,Drizzle: Light,1,1,
64476,2021-08-01 01:19:00,40.884888,-73.85872,0,0,Tinted Windows,4442686,24.4,16.6,0.8,0.8,0.0,5.0,51,19.9,39.2,168,Drizzle: Light,0,0,
64477,2021-07-31 23:00:00,40.668266,-73.88116,0,0,Unspecified,4443198,25.6,14.5,0.0,0.0,0.0,0.0,2,16.8,33.8,304,Partly cloudy,0,0,
64478,2021-07-31 01:47:00,40.67784,-73.87307,0,0,Alcohol Involvement,4443310,25.6,14.5,0.0,0.0,0.0,0.0,2,16.8,33.8,304,Partly cloudy,0,0,
64479,2021-08-01 21:00:00,40.66591,-73.76998,1,0,Other Vehicular,4442877,24.4,16.6,0.8,0.8,0.0,5.0,51,19.9,39.2,168,Drizzle: Light,1,1,
64480,2021-08-01 00:30:00,40.681713,-73.91152,2,0,Traffic Control Disregarded,4443353,24.4,16.6,0.8,0.8,0.0,5.0,51,19.9,39.2,168,Drizzle: Light,2,2,
64481,2021-09-13 17:03:00,40.5842623,-73.9637906,1,0,Aggressive Driving/Road Rage,4468382,28.8,21.8,1.1,1.1,0.0,2.0,53,20.1,36.7,277,Drizzle: Moderate,1,1,
64482,2021-08-01 14:50:00,40.646763,-73.89983,1,0,Unsafe Speed,4442522,24.4,16.6,0.8,0.8,0.0,5.0,51,19.9,39.2,168,Drizzle: Light,1,1,
64483,2021-08-01 12:30:00,40.688564,-73.79781,0,0,Passing Too Closely,4442980,24.4,16.6,0.8,0.8,0.0,5.0,51,19.9,39.2,168,Drizzle: Light,0,0,
64484,2021-07-31 20:45:00,40.69321,-73.91256,0,0,Driver Inattention/Distraction,4443256,25.6,14.5,0.0,0.0,0.0,0.0,2,16.8,33.8,304,Partly cloudy,0,0,
64485,2021-08-01 16:29:00,40.628983,-74.00033,0,0,Unspecified,4442868,24.4,16.6,0.8,0.8,0.0,5.0,51,19.9,39.2,168,Drizzle: Light,0,0,
64486,2021-08-01 01:05:00,40.741234,-73.84573,0,0,Unspecified,4442515,24.4,16.6,0.8,0.8,0.0,5.0,51,19.9,39.2,168,Drizzle: Light,0,0,
64487,2021-08-01 01:00:00,40.68532,-73.91931,0,0,Unsafe Speed,4442611,24.4,16.6,0.8,0.8,0.0,5.0,51,19.9,39.2,168,Drizzle: Light,0,0,
64488,2021-07-30 11:00:00,40.69976,-73.7857,0,0,Driver Inattention/Distraction,4443173,27.6,19.1,0.0,0.0,0.0,0.0,1,24.2,45.7,310,Mainly clear,0,0,Sunny/Clear Conditions
64489,2021-08-01 13:43:00,40.703636,-73.74652,0,0,Driver Inattention/Distraction,4442473,24.4,16.6,0.8,0.8,0.0,5.0,51,19.9,39.2,168,Drizzle: Light,0,0,
64490,2021-07-06 15:38:00,40.6873,-73.973656,1,0,Unspecified,4443285,33.6,21.9,2.1,2.1,0.0,4.0,61,21.8,49.7,231,Rain: Light,1,1,
64491,2021-07-26 08:33:00,40.65733,-73.9032,0,0,Unspecified,4443359,31.4,21.8,0.0,0.0,0.0,0.0,3,13.0,25.6,295,Overcast,0,0,
64492,2021-08-01 17:10:00,40.65732,-73.88967,0,0,Unspecified,4443193,24.4,16.6,0.8,0.8,0.0,5.0,51,19.9,39.2,168,Drizzle: Light,0,0,
64493,2021-08-01 03:55:00,40.683933,-73.87119,0,0,Driver Inattention/Distraction,4443229,24.4,16.6,0.8,0.8,0.0,5.0,51,19.9,39.2,168,Drizzle: Light,0,0,
64494,2021-08-01 22:20:00,40.676495,-73.8636,1,0,Unspecified,4443232,24.4,16.6,0.8,0.8,0.0,5.0,51,19.9,39.2,168,Drizzle: Light,1,1,
64495,2021-08-01 05:14:00,40.718555,-73.988205,0,0,Driver Inexperience,4442263,24.4,16.6,0.8,0.8,0.0,5.0,51,19.9,39.2,168,Drizzle: Light,0,0,
64496,2021-08-01 17:34:00,40.666546,-73.78808,0,0,Following Too Closely,4442800,24.4,16.6,0.8,0.8,0.0,5.0,51,19.9,39.2,168,Drizzle: Light,0,0,
64497,2021-08-01 05:14:00,40.82691,-73.93103,0,0,Alcohol Involvement,4442840,24.4,16.6,0.8,0.8,0.0,5.0,51,19.9,39.2,168,Drizzle: Light,0,0,
64498,2021-07-26 00:00:00,40.897102,-73.843185,0,0,Driver Inexperience,4443417,31.4,21.8,0.0,0.0,0.0,0.0,3,13.0,25.6,295,Overcast,0,0,
64499,2021-08-01 06:00:00,40.62926,-74.076614,0,0,Backing Unsafely,4443274,24.4,16.6,0.8,0.8,0.0,5.0,51,19.9,39.2,168,Drizzle: Light,0,0,
64500,2021-06-24 23:30:00,40.623905,-74.08175,1,0,Other Vehicular,4443455,23.2,13.5,0.0,0.0,0.0,0.0,3,19.7,40.0,145,Overcast,1,1,
64501,2021-08-01 17:25:00,40.72545,-73.837776,2,0,Following Too Closely,4442681,24.4,16.6,0.8,0.8,0.0,5.0,51,19.9,39.2,168,Drizzle: Light,2,2,
64502,2021-07-24 22:20:00,40.70003,-73.78873,3,0,Unsafe Speed,4443178,26.8,18.2,0.0,0.0,0.0,0.0,3,16.3,31.7,152,Overcast,3,3,
64503,2021-08-01 05:00:00,40.59981,-73.96132,0,0,Alcohol Involvement,4442713,24.4,16.6,0.8,0.8,0.0,5.0,51,19.9,39.2,168,Drizzle: Light,0,0,
64504,2021-08-01 09:28:00,40.84816,-73.86338,3,0,View Obstructed/Limited,4443304,24.4,16.6,0.8,0.8,0.0,5.0,51,19.9,39.2,168,Drizzle: Light,3,3,
64505,2021-07-30 13:15:00,40.824135,-73.89296,1,0,Unspecified,4443401,27.6,19.1,0.0,0.0,0.0,0.0,1,24.2,45.7,310,Mainly clear,1,1,Sunny/Clear Conditions
64506,2021-08-01 01:10:00,40.67327,-73.9335,0,0,Driver Inattention/Distraction,4442567,24.4,16.6,0.8,0.8,0.0,5.0,51,19.9,39.2,168,Drizzle: Light,0,0,
64507,2021-08-01 08:15:00,40.807552,-73.91922,1,0,Unspecified,4442452,24.4,16.6,0.8,0.8,0.0,5.0,51,19.9,39.2,168,Drizzle: Light,1,1,
64508,2021-08-01 17:41:00,40.86177,-73.89868,0,0,Backing Unsafely,4442946,24.4,16.6,0.8,0.8,0.0,5.0,51,19.9,39.2,168,Drizzle: Light,0,0,
64509,2021-07-31 00:00:00,40.670067,-73.86869,0,0,Unspecified,4443183,25.6,14.5,0.0,0.0,0.0,0.0,2,16.8,33.8,304,Partly cloudy,0,0,
64510,2021-08-01 08:05:00,40.600204,-74.08117,1,0,Driver Inexperience,4442665,24.4,16.6,0.8,0.8,0.0,5.0,51,19.9,39.2,168,Drizzle: Light,1,1,
64511,2021-08-01 07:20:00,40.667465,-73.9247,0,0,Unspecified,4443035,24.4,16.6,0.8,0.8,0.0,5.0,51,19.9,39.2,168,Drizzle: Light,0,0,
64512,2021-07-21 19:40:00,40.63534,-74.11129,0,0,Driver Inattention/Distraction,4443294,27.6,20.9,1.4,1.4,0.0,4.0,53,16.0,31.3,315,Drizzle: Moderate,0,0,
64513,2021-08-01 14:50:00,40.706543,-73.939644,0,0,Driver Inattention/Distraction,4443511,24.4,16.6,0.8,0.8,0.0,5.0,51,19.9,39.2,168,Drizzle: Light,0,0,
64514,2021-08-01 19:12:00,40.58877,-73.98597,0,0,Driver Inattention/Distraction,4442703,24.4,16.6,0.8,0.8,0.0,5.0,51,19.9,39.2,168,Drizzle: Light,0,0,
64515,2021-08-01 14:30:00,40.671196,-73.802666,0,0,Failure to Yield Right-of-Way,4442744,24.4,16.6,0.8,0.8,0.0,5.0,51,19.9,39.2,168,Drizzle: Light,0,0,
64516,2021-07-29 06:30:00,40.600933,-73.750916,0,0,Unspecified,4443247,25.3,20.4,33.0,33.0,0.0,11.0,65,26.1,50.8,182,Rain: Heavy,0,0,
64517,2021-07-31 20:05:00,40.660072,-73.877754,2,0,Driver Inattention/Distraction,4443211,25.6,14.5,0.0,0.0,0.0,0.0,2,16.8,33.8,304,Partly cloudy,2,2,
64518,2021-07-28 06:28:00,40.825287,-73.88646,0,0,Alcohol Involvement,4443390,26.7,20.2,0.7,0.7,0.0,3.0,53,16.7,34.2,1,Drizzle: Moderate,0,0,
64519,2021-07-31 20:30:00,40.757473,-73.946144,0,0,Unspecified,4443412,25.6,14.5,0.0,0.0,0.0,0.0,2,16.8,33.8,304,Partly cloudy,0,0,
64520,2021-08-01 14:30:00,40.67535,-73.812386,0,0,Unsafe Speed,4442790,24.4,16.6,0.8,0.8,0.0,5.0,51,19.9,39.2,168,Drizzle: Light,0,0,
64521,2021-07-28 07:05:00,40.643497,-74.07418,0,0,Passing or Lane Usage Improper,4443451,26.7,20.2,0.7,0.7,0.0,3.0,53,16.7,34.2,1,Drizzle: Moderate,0,0,
64522,2021-08-01 03:23:00,40.68038,-73.80466,2,1,Unsafe Speed,4442687,24.4,16.6,0.8,0.8,0.0,5.0,51,19.9,39.2,168,Drizzle: Light,22,3,
64523,2021-07-31 15:50:00,40.676098,-73.90635,0,0,Driver Inattention/Distraction,4443364,25.6,14.5,0.0,0.0,0.0,0.0,2,16.8,33.8,304,Partly cloudy,0,0,
64524,2021-07-26 06:49:00,40.68978,-73.98139,0,0,Unspecified,4443199,31.4,21.8,0.0,0.0,0.0,0.0,3,13.0,25.6,295,Overcast,0,0,
64525,2021-07-30 15:48:00,40.674385,-73.87897,1,0,Driver Inattention/Distraction,4443206,27.6,19.1,0.0,0.0,0.0,0.0,1,24.2,45.7,310,Mainly clear,1,1,Sunny/Clear Conditions
64526,2021-08-01 15:10:00,40.65616,-73.76736,4,0,Unspecified,4443472,24.4,16.6,0.8,0.8,0.0,5.0,51,19.9,39.2,168,Drizzle: Light,4,4,
64527,2021-07-26 07:15:00,40.703163,-73.81662,0,0,Driver Inattention/Distraction,4443222,31.4,21.8,0.0,0.0,0.0,0.0,3,13.0,25.6,295,Overcast,0,0,
64528,2021-08-01 21:00:00,40.839268,-73.903824,1,0,Unspecified,4442720,24.4,16.6,0.8,0.8,0.0,5.0,51,19.9,39.2,168,Drizzle: Light,1,1,
64529,2021-10-17 15:15:00,40.8451973,-73.9111939,0,0,Passing Too Closely,4468383,17.3,11.1,0.2,0.2,0.0,2.0,51,23.9,43.9,293,Drizzle: Light,0,0,
64530,2023-04-26 08:50:00,40.853813,-73.90734,1,0,Unspecified,4623613,13.8,5.9,1.5,1.5,0.0,3.0,53,19.5,38.2,142,Drizzle: Moderate,1,1,
64531,2023-04-26 17:00:00,40.639355,-74.034386,0,0,Driver Inattention/Distraction,4624401,13.8,5.9,1.5,1.5,0.0,3.0,53,19.5,38.2,142,Drizzle: Moderate,0,0,
64532,2023-04-26 07:30:00,40.82502,-73.86767,0,0,Following Too Closely,4623938,13.8,5.9,1.5,1.5,0.0,3.0,53,19.5,38.2,142,Drizzle: Moderate,0,0,
64533,2021-10-15 12:46:00,40.8466512,-73.9256785,0,0,Failure to Yield Right-of-Way,4468388,25.0,14.5,0.0,0.0,0.0,0.0,3,16.8,28.4,182,Overcast,0,0,
64534,2023-04-27 09:45:00,40.843906,-73.88047,0,0,Driver Inattention/Distraction,4624134,13.5,7.6,1.4,1.4,0.0,8.0,51,16.0,32.8,146,Drizzle: Light,0,0,
64535,2023-04-28 23:57:00,40.754864,-73.85255,2,0,Unsafe Speed,4624273,13.0,6.4,4.4,4.4,0.0,7.0,55,21.7,39.6,83,Drizzle: Dense,2,2,
64536,2023-04-28 22:30:00,40.81183,-73.96112,0,0,Unspecified,4624372,13.0,6.4,4.4,4.4,0.0,7.0,55,21.7,39.6,83,Drizzle: Dense,0,0,
64537,2023-04-26 18:21:00,40.683514,-73.97596,0,0,Passing or Lane Usage Improper,4624817,13.8,5.9,1.5,1.5,0.0,3.0,53,19.5,38.2,142,Drizzle: Moderate,0,0,
64538,2023-04-28 23:58:00,40.82304,-73.88193,0,0,Unspecified,4624507,13.0,6.4,4.4,4.4,0.0,7.0,55,21.7,39.6,83,Drizzle: Dense,0,0,