,CRASH DATETIME,LATITUDE,LONGITUDE,NUMBER OF PERSONS INJURED,NUMBER OF PERSONS KILLED,CONTRIBUTING FACTOR VEHICLE 1,COLLISION_ID,temperature_2m_max,temperature_2m_min,precipitation_sum,rain_sum,snowfall_sum,precipitation_hours,weather_code,wind_speed_10m_max,wind_gusts_10m_max,wind_direction_10m_dominant,Weather Description,Severity_Score,Total_Affected_Persons,Weather_Category
64539,2023-04-28 11:00:00,40.68406,-73.87812,1,0,Driver Inattention/Distraction,4624699,13.0,6.4,4.4,4.4,0.0,7.0,55,21.7,39.6,83,Drizzle: Dense,1,1,
64540,2023-04-26 08:29:00,40.73274,-73.86836,0,0,Driver Inattention/Distraction,4624156,13.8,5.9,1.5,1.5,0.0,3.0,53,19.5,38.2,142,Drizzle: Moderate,0,0,
64541,2023-04-17 08:15:00,40.673782,-73.87405,1,0,Unspecified,4624672,19.6,11.7,5.5,5.5,0.0,5.0,63,22.9,42.8,234,Rain: Moderate,1,1,
64542,2023-04-26 10:30:00,40.590164,-73.79787,0,0,Driver Inattention/Distraction,4623663,13.8,5.9,1.5,1.5,0.0,3.0,53,19.5,38.2,142,Drizzle: Moderate,0,0,
64543,2023-04-28 23:00:00,40.76491,-73.86899,0,0,Fell Asleep,4624279,13.0,6.4,4.4,4.4,0.0,7.0,55,21.7,39.6,83,Drizzle: Dense,0,0,
64544,2023-04-26 18:49:00,40.64254,-73.87652,1,0,Following Too Closely,4623801,13.8,5.9,1.5,1.5,0.0,3.0,53,19.5,38.2,142,Drizzle: Moderate,1,1,
64545,2023-04-27 16:10:00,40.703857,-73.91851,1,0,Driver Inattention/Distraction,4624543,13.5,7.6,1.4,1.4,0.0,8.0,51,16.0,32.8,146,Drizzle: Light,1,1,
64546,2023-04-28 14:02:00,40.635185,-73.92862,1,0,Failure to Yield Right-of-Way,4624572,13.0,6.4,4.4,4.4,0.0,7.0,55,21.7,39.6,83,Drizzle: Dense,1,1,
64547,2021-10-12 16:30:00,40.6073017,-73.9197094,1,0,Reaction to Uninvolved Vehicle,4468404,21.6,15.2,0.0,0.0,0.0,0.0,3,11.8,23.8,81,Overcast,1,1,
64548,2021-10-10 12:43:00,40.8373176,-73.9233023,0,0,Driver Inexperience,4468405,18.5,16.0,2.4,2.4,0.0,8.0,53,27.2,52.6,52,Drizzle: Moderate,0,0,
64549,2023-04-27 12:33:00,40.696033,-73.984535,0,0,Unsafe Lane Changing,4623984,13.5,7.6,1.4,1.4,0.0,8.0,51,16.0,32.8,146,Drizzle: Light,0,0,
64550,2022-01-17 11:30:00,40.70563,-74.005295,0,0,Unspecified,4495267,9.7,0.4,33.6,32.8,0.56,12.0,73,54.1,99.7,183,Snow fall: Moderate,0,0,Snowy Conditions
64551,2022-04-09 03:46:00,40.818798,-73.89213,0,0,Following Too Closely,4518442,13.6,5.0,4.8,4.8,0.0,12.0,55,20.1,42.8,263,Drizzle: Dense,0,0,
64552,2022-04-14 14:34:00,40.875122,-73.905174,0,0,Unsafe Speed,4522506,28.1,13.9,0.2,0.2,0.0,2.0,51,25.9,46.1,249,Drizzle: Light,0,0,
64553,2022-04-02 02:19:00,40.696182,-73.93384,0,0,Backing Unsafely,4519144,11.1,1.4,0.0,0.0,0.0,0.0,3,26.3,47.9,286,Overcast,0,0,
64554,2022-04-07 21:57:00,40.693844,-73.89692,1,0,Following Too Closely,4519132,11.5,5.6,74.1,74.1,0.0,14.0,65,35.0,64.8,98,Rain: Heavy,1,1,
64555,2021-10-13 05:24:00,40.8450427,-73.9450747,1,0,Driver Inattention/Distraction,4468420,21.7,14.8,0.1,0.1,0.0,1.0,51,12.2,23.0,200,Drizzle: Light,1,1,
64556,2022-04-12 14:27:00,40.626217,-74.15783,1,0,Driver Inattention/Distraction,4519125,20.4,7.7,1.6,1.6,0.0,3.0,53,17.8,36.0,271,Drizzle: Moderate,1,1,
64557,2022-03-24 14:30:00,40.67602,-74.001236,0,0,Unsafe Lane Changing,4519138,9.9,3.5,21.4,21.4,0.0,16.0,63,27.2,50.8,57,Rain: Moderate,0,0,
64558,2023-04-24 21:25:00,40.67043,-73.928185,0,0,Unspecified,4624489,15.9,5.9,0.0,0.0,0.0,0.0,3,15.9,31.7,293,Overcast,0,0,
64559,2021-10-18 07:41:00,40.7175249,-73.7975756,0,0,Following Too Closely,4468425,15.8,9.2,0.0,0.0,0.0,0.0,2,32.4,58.3,296,Partly cloudy,0,0,
64560,2023-04-28 18:21:00,40.7407,-74.008965,0,0,Unspecified,4624445,13.0,6.4,4.4,4.4,0.0,7.0,55,21.7,39.6,83,Drizzle: Dense,0,0,
64561,2023-04-28 17:48:00,40.732037,-73.814926,0,0,Failure to Yield Right-of-Way,4624227,13.0,6.4,4.4,4.4,0.0,7.0,55,21.7,39.6,83,Drizzle: Dense,0,0,
64562,2023-04-28 04:44:00,40.629913,-73.98668,1,0,Backing Unsafely,4624550,13.0,6.4,4.4,4.4,0.0,7.0,55,21.7,39.6,83,Drizzle: Dense,1,1,
64563,2023-04-27 09:00:00,40.61526,-74.16017,2,0,Failure to Yield Right-of-Way,4624009,13.5,7.6,1.4,1.4,0.0,8.0,51,16.0,32.8,146,Drizzle: Light,2,2,
64564,2021-10-02 02:15:00,40.6208269,-74.0818918,0,0,Backing Unsafely,4468433,23.7,10.8,0.0,0.0,0.0,0.0,3,17.0,34.2,254,Overcast,0,0,
64565,2023-04-26 04:15:00,40.709156,-73.84107,0,0,Backing Unsafely,4624042,13.8,5.9,1.5,1.5,0.0,3.0,53,19.5,38.2,142,Drizzle: Moderate,0,0,
64566,2023-04-15 09:09:00,40.839718,-73.872314,2,0,Passing or Lane Usage Improper,4624313,21.1,15.1,2.7,2.7,0.0,6.0,61,20.0,40.0,160,Rain: Light,2,2,
64567,2021-10-01 10:45:00,40.6282609,-74.0803807,0,0,Unspecified,4468437,19.4,9.5,0.0,0.0,0.0,0.0,0,13.8,28.1,302,Clear sky,0,0,Sunny/Clear Conditions
64568,2023-04-27 17:30:00,40.696198,-73.98877,0,0,View Obstructed/Limited,4624058,13.5,7.6,1.4,1.4,0.0,8.0,51,16.0,32.8,146,Drizzle: Light,0,0,
64569,2023-04-26 17:05:00,40.63043,-73.88593,1,0,Following Too Closely,4623771,13.8,5.9,1.5,1.5,0.0,3.0,53,19.5,38.2,142,Drizzle: Moderate,1,1,
64570,2022-04-25 13:40:00,40.653267,-73.93927,1,0,Reaction to Uninvolved Vehicle,4522510,15.1,6.1,0.0,0.0,0.0,0.0,3,20.9,41.4,119,Overcast,1,1,
64571,2022-04-22 09:15:00,40.650517,-73.92359,0,0,Unspecified,4522501,18.1,8.5,0.0,0.0,0.0,0.0,3,21.3,43.2,301,Overcast,0,0,
64572,2022-04-24 09:45:00,0.0,0.0,1,0,Other Vehicular,4522509,15.8,7.0,0.0,0.0,0.0,0.0,3,21.7,43.2,114,Overcast,1,1,
64573,2022-04-22 16:05:00,0.0,0.0,1,0,Unspecified,4522500,18.1,8.5,0.0,0.0,0.0,0.0,3,21.3,43.2,301,Overcast,1,1,
64574,2023-04-28 16:30:00,40.85223,-73.87141,0,0,Other Vehicular,4624327,13.0,6.4,4.4,4.4,0.0,7.0,55,21.7,39.6,83,Drizzle: Dense,0,0,
64575,2023-04-26 09:20:00,40.709293,-73.80879,0,0,Vehicle Vandalism,4623717,13.8,5.9,1.5,1.5,0.0,3.0,53,19.5,38.2,142,Drizzle: Moderate,0,0,
64576,2023-01-22 00:00:00,40.86369,-73.91707,0,0,Driver Inattention/Distraction,4624175,5.3,-3.8,5.3,5.3,0.0,5.0,61,15.9,34.2,120,Rain: Light,0,0,
64577,2021-10-03 09:32:00,40.6445538,-73.9276606,1,0,Failure to Yield Right-of-Way,4468440,25.9,12.8,0.0,0.0,0.0,0.0,3,12.0,24.1,217,Overcast,1,1,
64578,2021-10-16 08:20:00,40.7934492,-73.9328309,0,0,Cell Phone (hand-Held),4468441,24.3,15.0,17.5,17.5,0.0,9.0,63,25.7,46.4,195,Rain: Moderate,0,0,
64579,2022-04-12 17:00:00,40.63068,-73.91847,0,0,Driver Inattention/Distraction,4518479,20.4,7.7,1.6,1.6,0.0,3.0,53,17.8,36.0,271,Drizzle: Moderate,0,0,
64580,2022-04-12 17:47:00,40.82897,-73.9486,0,0,Unspecified,4518536,20.4,7.7,1.6,1.6,0.0,3.0,53,17.8,36.0,271,Drizzle: Moderate,0,0,
64581,2022-04-12 00:15:00,40.74251,-73.90734,0,0,Driver Inattention/Distraction,4518176,20.4,7.7,1.6,1.6,0.0,3.0,53,17.8,36.0,271,Drizzle: Moderate,0,0,
64582,2022-04-12 14:36:00,40.75781,-73.97353,1,0,Driver Inexperience,4518514,20.4,7.7,1.6,1.6,0.0,3.0,53,17.8,36.0,271,Drizzle: Moderate,1,1,
64583,2022-04-12 15:20:00,40.68249,-73.97962,0,0,Passing or Lane Usage Improper,4518725,20.4,7.7,1.6,1.6,0.0,3.0,53,17.8,36.0,271,Drizzle: Moderate,0,0,
64584,2022-04-12 01:50:00,40.823505,-73.94144,0,0,Unsafe Speed,4518566,20.4,7.7,1.6,1.6,0.0,3.0,53,17.8,36.0,271,Drizzle: Moderate,0,0,
64585,2022-04-09 21:45:00,40.80016,-73.946846,0,0,Failure to Yield Right-of-Way,4518892,13.6,5.0,4.8,4.8,0.0,12.0,55,20.1,42.8,263,Drizzle: Dense,0,0,
64586,2022-04-12 21:19:00,40.78393,-73.94423,1,0,Failure to Yield Right-of-Way,4519034,20.4,7.7,1.6,1.6,0.0,3.0,53,17.8,36.0,271,Drizzle: Moderate,1,1,
64587,2022-04-12 00:21:00,40.597263,-73.95101,1,0,Driver Inattention/Distraction,4518206,20.4,7.7,1.6,1.6,0.0,3.0,53,17.8,36.0,271,Drizzle: Moderate,1,1,
64588,2021-10-18 05:33:00,40.7344798,-73.8631559,0,0,Unspecified,4468451,15.8,9.2,0.0,0.0,0.0,0.0,2,32.4,58.3,296,Partly cloudy,0,0,
64589,2022-04-12 16:20:00,40.804066,-73.93267,0,0,Passing or Lane Usage Improper,4518582,20.4,7.7,1.6,1.6,0.0,3.0,53,17.8,36.0,271,Drizzle: Moderate,0,0,
64590,2022-04-08 10:00:00,40.677933,-73.970116,0,0,Passing Too Closely,4518955,16.5,7.1,5.2,5.2,0.0,4.0,63,21.3,42.8,253,Rain: Moderate,0,0,
64591,2022-04-08 13:04:00,40.841667,-73.843544,5,0,Unspecified,4519010,16.5,7.1,5.2,5.2,0.0,4.0,63,21.3,42.8,253,Rain: Moderate,5,5,
64592,2022-04-12 16:40:00,40.748108,-73.9935,0,0,Passing Too Closely,4518859,20.4,7.7,1.6,1.6,0.0,3.0,53,17.8,36.0,271,Drizzle: Moderate,0,0,
64593,2022-04-12 05:49:00,40.834007,-73.87568,1,0,Unspecified,4518292,20.4,7.7,1.6,1.6,0.0,3.0,53,17.8,36.0,271,Drizzle: Moderate,1,1,
64594,2021-10-17 11:17:00,40.7554913,-73.7417264,0,0,Unspecified,4468457,17.3,11.1,0.2,0.2,0.0,2.0,51,23.9,43.9,293,Drizzle: Light,0,0,
64595,2022-04-12 09:59:00,40.62931,-74.02273,0,0,Failure to Yield Right-of-Way,4518458,20.4,7.7,1.6,1.6,0.0,3.0,53,17.8,36.0,271,Drizzle: Moderate,0,0,
64596,2022-04-12 23:50:00,40.697823,-73.76799,1,0,Traffic Control Disregarded,4518632,20.4,7.7,1.6,1.6,0.0,3.0,53,17.8,36.0,271,Drizzle: Moderate,1,1,
64597,2022-04-12 11:45:00,40.656116,-73.89666,0,0,Oversized Vehicle,4518669,20.4,7.7,1.6,1.6,0.0,3.0,53,17.8,36.0,271,Drizzle: Moderate,0,0,
64598,2022-04-12 09:50:00,40.64542,-73.90266,0,0,Passing or Lane Usage Improper,4518738,20.4,7.7,1.6,1.6,0.0,3.0,53,17.8,36.0,271,Drizzle: Moderate,0,0,
64599,2022-04-12 17:30:00,40.609287,-74.00935,0,0,Unspecified,4518793,20.4,7.7,1.6,1.6,0.0,3.0,53,17.8,36.0,271,Drizzle: Moderate,0,0,
64600,2022-04-12 10:57:00,40.881073,-73.878494,0,0,Backing Unsafely,4518369,20.4,7.7,1.6,1.6,0.0,3.0,53,17.8,36.0,271,Drizzle: Moderate,0,0,
64601,2022-04-11 21:20:00,40.90028,-73.89704,0,0,Failure to Yield Right-of-Way,4519071,13.1,1.8,0.0,0.0,0.0,0.0,3,18.6,36.4,246,Overcast,0,0,
64602,2022-04-12 13:47:00,40.67897,-73.75985,0,0,Accelerator Defective,4518400,20.4,7.7,1.6,1.6,0.0,3.0,53,17.8,36.0,271,Drizzle: Moderate,0,0,
64603,2022-04-12 10:00:00,40.715904,-73.75559,0,0,Unspecified,4518370,20.4,7.7,1.6,1.6,0.0,3.0,53,17.8,36.0,271,Drizzle: Moderate,0,0,
64604,2022-04-09 12:45:00,40.680977,-74.00498,0,0,Failure to Yield Right-of-Way,4518973,13.6,5.0,4.8,4.8,0.0,12.0,55,20.1,42.8,263,Drizzle: Dense,0,0,
64605,2022-04-12 15:30:00,40.881588,-73.84704,1,0,Failure to Yield Right-of-Way,4518447,20.4,7.7,1.6,1.6,0.0,3.0,53,17.8,36.0,271,Drizzle: Moderate,1,1,
64606,2022-04-12 10:15:00,40.846386,-73.89841,0,0,Driver Inattention/Distraction,4518319,20.4,7.7,1.6,1.6,0.0,3.0,53,17.8,36.0,271,Drizzle: Moderate,0,0,
64607,2022-04-12 07:30:00,40.618908,-74.00047,0,0,Passing or Lane Usage Improper,4518789,20.4,7.7,1.6,1.6,0.0,3.0,53,17.8,36.0,271,Drizzle: Moderate,0,0,
64608,2022-04-12 11:35:00,40.85668,-73.90811,1,0,Traffic Control Disregarded,4518557,20.4,7.7,1.6,1.6,0.0,3.0,53,17.8,36.0,271,Drizzle: Moderate,1,1,
64609,2022-04-12 22:00:00,40.696865,-73.81535,1,0,Driver Inattention/Distraction,4518591,20.4,7.7,1.6,1.6,0.0,3.0,53,17.8,36.0,271,Drizzle: Moderate,1,1,
64610,2022-04-12 11:30:00,40.701862,-73.881744,0,0,Unspecified,4518840,20.4,7.7,1.6,1.6,0.0,3.0,53,17.8,36.0,271,Drizzle: Moderate,0,0,
64611,2022-04-12 19:30:00,40.67006,-73.890564,1,0,Driver Inattention/Distraction,4518674,20.4,7.7,1.6,1.6,0.0,3.0,53,17.8,36.0,271,Drizzle: Moderate,1,1,
64612,2022-04-12 16:32:00,40.65719,-73.948875,1,0,Pedestrian/Bicyclist/Other Pedestrian Error/Confusion,4518805,20.4,7.7,1.6,1.6,0.0,3.0,53,17.8,36.0,271,Drizzle: Moderate,1,1,
64613,2022-04-12 01:20:00,40.675602,-73.89973,0,0,Unspecified,4518360,20.4,7.7,1.6,1.6,0.0,3.0,53,17.8,36.0,271,Drizzle: Moderate,0,0,
64614,2021-10-11 19:30:00,40.7294733,-73.8654883,0,0,Passing Too Closely,4468481,21.7,16.3,0.0,0.0,0.0,0.0,3,25.7,49.7,41,Overcast,0,0,
64615,2021-10-11 11:53:00,40.7309116,-73.860831,1,0,Pedestrian/Bicyclist/Other Pedestrian Error/Confusion,4468482,21.7,16.3,0.0,0.0,0.0,0.0,3,25.7,49.7,41,Overcast,1,1,
64616,2022-04-12 18:36:00,40.66645,-73.75764,0,0,Passing or Lane Usage Improper,4518429,20.4,7.7,1.6,1.6,0.0,3.0,53,17.8,36.0,271,Drizzle: Moderate,0,0,
64617,2022-04-12 16:11:00,40.60175,-73.950806,1,0,Following Too Closely,4518520,20.4,7.7,1.6,1.6,0.0,3.0,53,17.8,36.0,271,Drizzle: Moderate,1,1,
64618,2022-04-08 23:40:00,40.62392,-73.9216,1,0,Driver Inattention/Distraction,4519058,16.5,7.1,5.2,5.2,0.0,4.0,63,21.3,42.8,253,Rain: Moderate,1,1,
64619,2022-04-12 00:00:00,40.677166,-73.87775,0,0,Pavement Defective,4518667,20.4,7.7,1.6,1.6,0.0,3.0,53,17.8,36.0,271,Drizzle: Moderate,0,0,
64620,2022-04-11 09:25:00,40.73602,-73.98228,1,0,Driver Inexperience,4518919,13.1,1.8,0.0,0.0,0.0,0.0,3,18.6,36.4,246,Overcast,1,1,
64621,2022-03-30 15:58:00,40.662132,-73.911736,2,0,Pedestrian/Bicyclist/Other Pedestrian Error/Confusion,4519078,5.9,-3.5,0.0,0.0,0.0,0.0,3,17.0,30.6,215,Overcast,2,2,
64622,2022-04-12 14:30:00,40.62781,-74.02334,0,0,Unsafe Lane Changing,4518461,20.4,7.7,1.6,1.6,0.0,3.0,53,17.8,36.0,271,Drizzle: Moderate,0,0,
64623,2022-04-12 10:46:00,40.729515,-73.8715,0,0,Following Too Closely,4518496,20.4,7.7,1.6,1.6,0.0,3.0,53,17.8,36.0,271,Drizzle: Moderate,0,0,
64624,2022-04-12 08:05:00,40.8325,-73.92811,0,0,Aggressive Driving/Road Rage,4518980,20.4,7.7,1.6,1.6,0.0,3.0,53,17.8,36.0,271,Drizzle: Moderate,0,0,
64625,2021-10-11 18:00:00,40.786732,-73.9832385,0,0,Following Too Closely,4468492,21.7,16.3,0.0,0.0,0.0,0.0,3,25.7,49.7,41,Overcast,0,0,
64626,2021-10-10 19:05:00,40.776724,-73.9792859,1,0,Pedestrian/Bicyclist/Other Pedestrian Error/Confusion,4468493,18.5,16.0,2.4,2.4,0.0,8.0,53,27.2,52.6,52,Drizzle: Moderate,1,1,
64627,2022-04-12 08:50:00,40.78076,-73.825424,1,0,Following Too Closely,4518377,20.4,7.7,1.6,1.6,0.0,3.0,53,17.8,36.0,271,Drizzle: Moderate,1,1,
64628,2021-10-01 07:24:00,40.7741151,-73.988627,0,0,Passing Too Closely,4468495,19.4,9.5,0.0,0.0,0.0,0.0,0,13.8,28.1,302,Clear sky,0,0,Sunny/Clear Conditions
64629,2022-04-09 03:30:00,40.80066,-73.9544,1,0,Driver Inattention/Distraction,4518890,13.6,5.0,4.8,4.8,0.0,12.0,55,20.1,42.8,263,Drizzle: Dense,1,1,
64630,2021-10-08 10:45:00,40.776724,-73.9792859,0,0,Other Vehicular,4468498,23.7,14.5,0.0,0.0,0.0,0.0,3,13.0,22.3,94,Overcast,0,0,
64631,2022-04-12 19:00:00,40.701237,-73.79465,0,0,Driver Inattention/Distraction,4518707,20.4,7.7,1.6,1.6,0.0,3.0,53,17.8,36.0,271,Drizzle: Moderate,0,0,
64632,2022-04-12 18:38:00,40.60567,-74.030945,0,0,Following Too Closely,4518767,20.4,7.7,1.6,1.6,0.0,3.0,53,17.8,36.0,271,Drizzle: Moderate,0,0,
64633,2021-10-06 08:10:00,40.7876856,-73.9750141,1,0,Failure to Yield Right-of-Way,4468502,20.3,16.0,0.1,0.1,0.0,1.0,51,6.5,14.0,28,Drizzle: Light,1,1,
64634,2022-03-24 08:22:00,40.802597,-73.94506,1,0,Failure to Yield Right-of-Way,4518872,9.9,3.5,21.4,21.4,0.0,16.0,63,27.2,50.8,57,Rain: Moderate,1,1,
64635,2022-04-03 11:28:00,40.753742,-73.92984,0,0,Unsafe Speed,4518967,8.3,3.4,3.1,3.1,0.0,5.0,61,21.9,38.2,274,Rain: Light,0,0,
64636,2022-04-06 09:11:00,40.73978,-73.97951,1,0,,4518937,12.5,6.2,17.5,17.5,0.0,14.0,61,31.2,62.3,55,Rain: Light,1,1,
64637,2022-04-12 03:20:00,40.646717,-73.99789,1,0,Pedestrian/Bicyclist/Other Pedestrian Error/Confusion,4518508,20.4,7.7,1.6,1.6,0.0,3.0,53,17.8,36.0,271,Drizzle: Moderate,1,1,
64638,2022-04-12 16:00:00,40.729683,-73.989815,1,0,Pedestrian/Bicyclist/Other Pedestrian Error/Confusion,4518650,20.4,7.7,1.6,1.6,0.0,3.0,53,17.8,36.0,271,Drizzle: Moderate,1,1,
64639,2021-10-18 12:16:00,40.6763071,-73.7320467,1,0,Unsafe Speed,4468510,15.8,9.2,0.0,0.0,0.0,0.0,2,32.4,58.3,296,Partly cloudy,1,1,
64640,2022-04-10 08:42:00,40.818798,-73.89213,0,0,Failure to Yield Right-of-Way,4519042,9.8,3.5,0.0,0.0,0.0,0.0,3,29.3,54.4,307,Overcast,0,0,
64641,2022-04-12 08:20:00,40.738266,-73.79706,0,0,Following Too Closely,4518465,20.4,7.7,1.6,1.6,0.0,3.0,53,17.8,36.0,271,Drizzle: Moderate,0,0,
64642,2021-10-12 15:40:00,40.7829172,-73.9857743,1,0,Driver Inattention/Distraction,4468513,21.6,15.2,0.0,0.0,0.0,0.0,3,11.8,23.8,81,Overcast,1,1,
64643,2022-04-11 22:10:00,40.809086,-73.94859,2,0,Unsafe Speed,4518898,13.1,1.8,0.0,0.0,0.0,0.0,3,18.6,36.4,246,Overcast,2,2,
64644,2022-04-07 00:00:00,40.642727,-73.99281,0,0,Unspecified,4519109,11.5,5.6,74.1,74.1,0.0,14.0,65,35.0,64.8,98,Rain: Heavy,0,0,
64645,2021-10-09 19:42:00,40.768891,-73.9820935,0,0,Unsafe Lane Changing,4468516,20.2,15.2,1.2,1.2,0.0,5.0,51,22.8,42.8,71,Drizzle: Light,0,0,
64646,2022-04-12 08:15:00,40.843002,-73.90359,2,0,Driver Inattention/Distraction,4518610,20.4,7.7,1.6,1.6,0.0,3.0,53,17.8,36.0,271,Drizzle: Moderate,2,2,
64647,2022-04-12 20:40:00,40.760117,-73.98484,0,0,Driver Inattention/Distraction,4518515,20.4,7.7,1.6,1.6,0.0,3.0,53,17.8,36.0,271,Drizzle: Moderate,0,0,
64648,2022-04-12 18:05:00,40.834515,-73.89454,0,0,Unspecified,4518614,20.4,7.7,1.6,1.6,0.0,3.0,53,17.8,36.0,271,Drizzle: Moderate,0,0,
64649,2022-04-12 21:25:00,40.823208,-73.93795,1,0,Pedestrian/Bicyclist/Other Pedestrian Error/Confusion,4518568,20.4,7.7,1.6,1.6,0.0,3.0,53,17.8,36.0,271,Drizzle: Moderate,1,1,
64650,2022-04-09 16:06:00,40.57741,-73.96237,1,0,Passing or Lane Usage Improper,4518946,13.6,5.0,4.8,4.8,0.0,12.0,55,20.1,42.8,263,Drizzle: Dense,1,1,
64651,2022-04-12 00:50:00,40.655743,-73.85908,3,0,Driver Inattention/Distraction,4518177,20.4,7.7,1.6,1.6,0.0,3.0,53,17.8,36.0,271,Drizzle: Moderate,3,3,
64652,2022-04-10 21:00:00,40.61848,-73.96107,0,0,Unspecified,4518996,9.8,3.5,0.0,0.0,0.0,0.0,3,29.3,54.4,307,Overcast,0,0,
64653,2021-10-13 13:25:00,40.5917631,-73.908294,2,0,Driver Inattention/Distraction,4468524,21.7,14.8,0.1,0.1,0.0,1.0,51,12.2,23.0,200,Drizzle: Light,2,2,
64654,2022-04-12 23:39:00,40.60567,-74.030945,0,0,Passing or Lane Usage Improper,4518486,20.4,7.7,1.6,1.6,0.0,3.0,53,17.8,36.0,271,Drizzle: Moderate,0,0,
64655,2022-04-12 16:40:00,40.705864,-73.91884,1,0,Driver Inattention/Distraction,4518865,20.4,7.7,1.6,1.6,0.0,3.0,53,17.8,36.0,271,Drizzle: Moderate,1,1,
64656,2022-04-12 16:15:00,40.768166,-73.83749,0,0,Passing or Lane Usage Improper,4519107,20.4,7.7,1.6,1.6,0.0,3.0,53,17.8,36.0,271,Drizzle: Moderate,0,0,
64657,2022-04-12 17:10:00,40.741642,-73.97817,1,0,Driver Inattention/Distraction,4518924,20.4,7.7,1.6,1.6,0.0,3.0,53,17.8,36.0,271,Drizzle: Moderate,1,1,
64658,2021-10-17 15:38:00,40.7435125,-73.8356671,1,0,Driver Inattention/Distraction,4468531,17.3,11.1,0.2,0.2,0.0,2.0,51,23.9,43.9,293,Drizzle: Light,1,1,
64659,2021-10-17 12:10:00,40.7006366,-73.7272352,1,0,Unsafe Speed,4468532,17.3,11.1,0.2,0.2,0.0,2.0,51,23.9,43.9,293,Drizzle: Light,1,1,
64660,2022-04-03 01:27:00,40.753593,-73.92338,3,0,Driver Inattention/Distraction,4518956,8.3,3.4,3.1,3.1,0.0,5.0,61,21.9,38.2,274,Rain: Light,3,3,
64661,2021-10-18 14:51:00,40.681666,-73.7278247,0,0,Driver Inexperience,4468536,15.8,9.2,0.0,0.0,0.0,0.0,2,32.4,58.3,296,Partly cloudy,0,0,
64662,2022-04-12 16:45:00,40.63396,-74.01476,0,0,Driver Inattention/Distraction,4518464,20.4,7.7,1.6,1.6,0.0,3.0,53,17.8,36.0,271,Drizzle: Moderate,0,0,
64663,2022-04-12 23:30:00,40.577827,-73.96038,1,0,Lost Consciousness,4518572,20.4,7.7,1.6,1.6,0.0,3.0,53,17.8,36.0,271,Drizzle: Moderate,1,1,
64664,2022-04-12 11:00:00,40.61871,-73.93076,0,0,Failure to Yield Right-of-Way,4519012,20.4,7.7,1.6,1.6,0.0,3.0,53,17.8,36.0,271,Drizzle: Moderate,0,0,
64665,2022-04-12 20:39:00,40.877422,-73.88732,0,0,Unspecified,4518511,20.4,7.7,1.6,1.6,0.0,3.0,53,17.8,36.0,271,Drizzle: Moderate,0,0,
64666,2022-04-10 18:00:00,40.709885,-73.96723,0,0,Driver Inattention/Distraction,4518857,9.8,3.5,0.0,0.0,0.0,0.0,3,29.3,54.4,307,Overcast,0,0,
64667,2022-04-05 18:10:00,40.72654,-74.000244,1,0,Other Vehicular,4518896,12.1,1.0,1.7,1.7,0.0,3.0,53,16.8,32.8,121,Drizzle: Moderate,1,1,
64668,2022-04-12 19:15:00,40.580616,-74.152534,0,0,Driver Inattention/Distraction,4518537,20.4,7.7,1.6,1.6,0.0,3.0,53,17.8,36.0,271,Drizzle: Moderate,0,0,
64669,2022-04-11 21:29:00,40.83354,-73.92037,0,0,Other Vehicular,4518979,13.1,1.8,0.0,0.0,0.0,0.0,3,18.6,36.4,246,Overcast,0,0,
64670,2022-04-12 13:54:00,40.746033,-73.9768,0,0,Driver Inattention/Distraction,4518376,20.4,7.7,1.6,1.6,0.0,3.0,53,17.8,36.0,271,Drizzle: Moderate,0,0,
64671,2022-04-12 14:45:00,40.674934,-73.80186,1,0,Driver Inattention/Distraction,4518401,20.4,7.7,1.6,1.6,0.0,3.0,53,17.8,36.0,271,Drizzle: Moderate,1,1,
64672,2022-04-12 03:00:00,40.681767,-73.96754,0,0,Passing or Lane Usage Improper,4518693,20.4,7.7,1.6,1.6,0.0,3.0,53,17.8,36.0,271,Drizzle: Moderate,0,0,
64673,2021-10-18 06:21:00,40.7883144,-73.8169911,0,0,Following Too Closely,4468550,15.8,9.2,0.0,0.0,0.0,0.0,2,32.4,58.3,296,Partly cloudy,0,0,
64674,2022-04-12 18:58:00,40.61106,-73.89714,0,0,Following Too Closely,4518481,20.4,7.7,1.6,1.6,0.0,3.0,53,17.8,36.0,271,Drizzle: Moderate,0,0,
64675,2022-04-12 21:04:00,40.663284,-73.96096,0,0,Unspecified,4518811,20.4,7.7,1.6,1.6,0.0,3.0,53,17.8,36.0,271,Drizzle: Moderate,0,0,
64676,2022-04-03 11:00:00,40.85717,-73.88621,0,0,Driver Inattention/Distraction,4519030,8.3,3.4,3.1,3.1,0.0,5.0,61,21.9,38.2,274,Rain: Light,0,0,
64677,2022-04-12 07:38:00,40.874653,-73.86269,0,0,View Obstructed/Limited,4518361,20.4,7.7,1.6,1.6,0.0,3.0,53,17.8,36.0,271,Drizzle: Moderate,0,0,
64678,2021-10-17 16:26:00,40.7891273,-73.8225863,0,0,Following Too Closely,4468555,17.3,11.1,0.2,0.2,0.0,2.0,51,23.9,43.9,293,Drizzle: Light,0,0,
64679,2022-04-12 21:25:00,40.689922,-73.92281,2,0,Passing Too Closely,4518620,20.4,7.7,1.6,1.6,0.0,3.0,53,17.8,36.0,271,Drizzle: Moderate,2,2,
64680,2022-04-12 12:52:00,40.69401,-73.80714,0,0,Reaction to Uninvolved Vehicle,4518708,20.4,7.7,1.6,1.6,0.0,3.0,53,17.8,36.0,271,Drizzle: Moderate,0,0,