,CRASH DATETIME,LATITUDE,LONGITUDE,NUMBER OF PERSONS INJURED,NUMBER OF PERSONS KILLED,CONTRIBUTING FACTOR VEHICLE 1,COLLISION_ID,temperature_2m_max,temperature_2m_min,precipitation_sum,rain_sum,snowfall_sum,precipitation_hours,weather_code,wind_speed_10m_max,wind_gusts_10m_max,wind_direction_10m_dominant,Weather Description,Severity_Score,Total_Affected_Persons,Weather_Category
64681,2022-04-12 13:25:00,40.790894,-73.945175,0,0,Brakes Defective,4518393,20.4,7.7,1.6,1.6,0.0,3.0,53,17.8,36.0,271,Drizzle: Moderate,0,0,
64682,2022-04-12 08:35:00,40.578373,-73.93887,0,0,Driver Inattention/Distraction,4518519,20.4,7.7,1.6,1.6,0.0,3.0,53,17.8,36.0,271,Drizzle: Moderate,0,0,
64683,2022-04-03 10:25:00,40.76696,-73.92158,0,0,Unspecified,4518964,8.3,3.4,3.1,3.1,0.0,5.0,61,21.9,38.2,274,Rain: Light,0,0,
64684,2022-04-12 06:25:00,40.884014,-73.8791,0,0,Failure to Yield Right-of-Way,4518848,20.4,7.7,1.6,1.6,0.0,3.0,53,17.8,36.0,271,Drizzle: Moderate,0,0,
64685,2022-04-12 19:40:00,40.700058,-73.78199,1,0,Unsafe Speed,4518471,20.4,7.7,1.6,1.6,0.0,3.0,53,17.8,36.0,271,Drizzle: Moderate,1,1,
64686,2022-04-12 20:20:00,40.683662,-73.82578,0,0,Driver Inattention/Distraction,4518528,20.4,7.7,1.6,1.6,0.0,3.0,53,17.8,36.0,271,Drizzle: Moderate,0,0,
64687,2022-04-08 10:29:00,40.60648,-73.9277,0,0,Driver Inattention/Distraction,4519060,16.5,7.1,5.2,5.2,0.0,4.0,63,21.3,42.8,253,Rain: Moderate,0,0,
64688,2022-03-27 02:55:00,40.690594,-73.95162,0,0,Driver Inattention/Distraction,4518914,7.5,-1.1,0.3,0.3,0.07,3.0,71,26.4,47.5,288,Snow fall: Light,0,0,Snowy Conditions
64689,2021-10-18 21:46:00,40.7080495,-73.8450242,0,0,Following Too Closely,4468573,15.8,9.2,0.0,0.0,0.0,0.0,2,32.4,58.3,296,Partly cloudy,0,0,
64690,2022-04-12 19:00:00,40.675625,-73.89879,0,0,Unspecified,4518673,20.4,7.7,1.6,1.6,0.0,3.0,53,17.8,36.0,271,Drizzle: Moderate,0,0,
64691,2022-04-12 02:24:00,40.6873,-73.7331,1,0,Driver Inattention/Distraction,4518262,20.4,7.7,1.6,1.6,0.0,3.0,53,17.8,36.0,271,Drizzle: Moderate,1,1,
64692,2022-04-12 13:05:00,40.88922,-73.85969,1,0,Driver Inattention/Distraction,4518448,20.4,7.7,1.6,1.6,0.0,3.0,53,17.8,36.0,271,Drizzle: Moderate,1,1,
64693,2022-04-12 11:40:00,40.700672,-73.92164,0,0,Passing Too Closely,4518722,20.4,7.7,1.6,1.6,0.0,3.0,53,17.8,36.0,271,Drizzle: Moderate,0,0,
64694,2022-04-12 14:05:00,40.760777,-74.00219,0,0,Driver Inattention/Distraction,4518630,20.4,7.7,1.6,1.6,0.0,3.0,53,17.8,36.0,271,Drizzle: Moderate,0,0,
64695,2022-04-12 14:01:00,40.67211,-73.91124,0,0,Unspecified,4518553,20.4,7.7,1.6,1.6,0.0,3.0,53,17.8,36.0,271,Drizzle: Moderate,0,0,
64696,2022-04-06 15:25:00,40.81985,-73.91471,0,0,Accelerator Defective,4518971,12.5,6.2,17.5,17.5,0.0,14.0,61,31.2,62.3,55,Rain: Light,0,0,
64697,2022-04-08 13:00:00,40.772343,-73.95269,0,0,Unspecified,4518915,16.5,7.1,5.2,5.2,0.0,4.0,63,21.3,42.8,253,Rain: Moderate,0,0,
64698,2022-04-12 18:15:00,40.72632,-73.90179,0,0,Failure to Yield Right-of-Way,4518493,20.4,7.7,1.6,1.6,0.0,3.0,53,17.8,36.0,271,Drizzle: Moderate,0,0,
64699,2022-04-12 23:43:00,40.666428,-73.93691,0,0,Passing Too Closely,4518812,20.4,7.7,1.6,1.6,0.0,3.0,53,17.8,36.0,271,Drizzle: Moderate,0,0,
64700,2021-10-12 12:03:00,40.7071535,-73.9314809,1,0,Driver Inattention/Distraction,4468588,21.6,15.2,0.0,0.0,0.0,0.0,3,11.8,23.8,81,Overcast,1,1,
64701,2022-04-06 07:55:00,40.67164,-73.95034,5,0,Failure to Yield Right-of-Way,4518875,12.5,6.2,17.5,17.5,0.0,14.0,61,31.2,62.3,55,Rain: Light,5,5,
64702,2022-04-12 17:18:00,40.825577,-73.918465,0,0,Passing or Lane Usage Improper,4518524,20.4,7.7,1.6,1.6,0.0,3.0,53,17.8,36.0,271,Drizzle: Moderate,0,0,
64703,2022-04-12 19:34:00,40.642727,-73.91749,1,0,Unspecified,4518736,20.4,7.7,1.6,1.6,0.0,3.0,53,17.8,36.0,271,Drizzle: Moderate,1,1,
64704,2022-04-12 00:25:00,40.634087,-73.88372,0,0,Alcohol Involvement,4518318,20.4,7.7,1.6,1.6,0.0,3.0,53,17.8,36.0,271,Drizzle: Moderate,0,0,
64705,2022-04-12 08:34:00,40.68971,-73.826866,0,0,Alcohol Involvement,4518599,20.4,7.7,1.6,1.6,0.0,3.0,53,17.8,36.0,271,Drizzle: Moderate,0,0,
64706,2022-04-12 12:56:00,40.82914,-73.90811,0,0,Unspecified,4518615,20.4,7.7,1.6,1.6,0.0,3.0,53,17.8,36.0,271,Drizzle: Moderate,0,0,
64707,2022-04-12 09:25:00,40.854687,-73.890396,1,0,Failure to Yield Right-of-Way,4518596,20.4,7.7,1.6,1.6,0.0,3.0,53,17.8,36.0,271,Drizzle: Moderate,1,1,
64708,2022-04-12 17:50:00,40.741547,-73.98958,2,0,Failure to Yield Right-of-Way,4518933,20.4,7.7,1.6,1.6,0.0,3.0,53,17.8,36.0,271,Drizzle: Moderate,2,2,
64709,2022-04-12 08:00:00,40.744556,-73.870834,0,0,Driver Inattention/Distraction,4518549,20.4,7.7,1.6,1.6,0.0,3.0,53,17.8,36.0,271,Drizzle: Moderate,0,0,
64710,2022-04-07 07:14:00,40.668507,-73.92561,0,0,Traffic Control Disregarded,4518947,11.5,5.6,74.1,74.1,0.0,14.0,65,35.0,64.8,98,Rain: Heavy,0,0,
64711,2021-10-18 20:07:00,40.683103,-73.8057565,0,0,Passing or Lane Usage Improper,4468603,15.8,9.2,0.0,0.0,0.0,0.0,2,32.4,58.3,296,Partly cloudy,0,0,
64712,2022-04-12 00:06:00,40.788532,-73.95322,0,0,Unspecified,4518193,20.4,7.7,1.6,1.6,0.0,3.0,53,17.8,36.0,271,Drizzle: Moderate,0,0,
64713,2022-04-12 00:01:00,40.618214,-73.95815,0,0,Unspecified,4518997,20.4,7.7,1.6,1.6,0.0,3.0,53,17.8,36.0,271,Drizzle: Moderate,0,0,
64714,2022-04-11 16:10:00,40.737865,-74.00019,1,0,Unspecified,4518864,13.1,1.8,0.0,0.0,0.0,0.0,3,18.6,36.4,246,Overcast,1,1,
64715,2021-10-16 03:30:00,40.5828736,-73.974851,0,0,Driver Inattention/Distraction,4468608,24.3,15.0,17.5,17.5,0.0,9.0,63,25.7,46.4,195,Rain: Moderate,0,0,
64716,2022-04-12 12:20:00,40.777447,-73.812546,1,0,Traffic Control Disregarded,4518391,20.4,7.7,1.6,1.6,0.0,3.0,53,17.8,36.0,271,Drizzle: Moderate,1,1,
64717,2021-10-18 07:05:00,40.7668452,-73.8966523,1,0,Driver Inattention/Distraction,4468610,15.8,9.2,0.0,0.0,0.0,0.0,2,32.4,58.3,296,Partly cloudy,1,1,
64718,2022-04-12 14:40:00,40.79507,-73.93919,0,0,Following Too Closely,4518395,20.4,7.7,1.6,1.6,0.0,3.0,53,17.8,36.0,271,Drizzle: Moderate,0,0,
64719,2022-04-12 17:20:00,40.72633,-73.98932,1,0,Passing or Lane Usage Improper,4518652,20.4,7.7,1.6,1.6,0.0,3.0,53,17.8,36.0,271,Drizzle: Moderate,1,1,
64720,2022-02-27 11:00:00,40.87739,-73.8665,1,0,Turning Improperly,4518995,8.0,-3.9,0.0,0.0,0.0,0.0,3,33.2,59.0,262,Overcast,1,1,
64721,2021-10-06 13:25:00,40.8325366,-73.8283748,1,0,,4468614,20.3,16.0,0.1,0.1,0.0,1.0,51,6.5,14.0,28,Drizzle: Light,1,1,
64722,2022-04-12 21:30:00,40.671642,-73.96258,0,0,Unsafe Speed,4518696,20.4,7.7,1.6,1.6,0.0,3.0,53,17.8,36.0,271,Drizzle: Moderate,0,0,
64723,2022-04-12 14:03:00,40.714333,-73.77686,0,0,Driver Inexperience,4519040,20.4,7.7,1.6,1.6,0.0,3.0,53,17.8,36.0,271,Drizzle: Moderate,0,0,
64724,2022-04-12 15:50:00,40.68668,-73.97937,1,0,Unspecified,4518468,20.4,7.7,1.6,1.6,0.0,3.0,53,17.8,36.0,271,Drizzle: Moderate,1,1,
64725,2022-04-12 15:37:00,40.745335,-73.913536,0,0,Driver Inattention/Distraction,4518770,20.4,7.7,1.6,1.6,0.0,3.0,53,17.8,36.0,271,Drizzle: Moderate,0,0,
64726,2022-04-12 10:05:00,40.74097,-73.99794,0,0,Passing Too Closely,4518329,20.4,7.7,1.6,1.6,0.0,3.0,53,17.8,36.0,271,Drizzle: Moderate,0,0,
64727,2022-04-12 17:05:00,40.678722,-73.952995,0,0,Passing Too Closely,4518657,20.4,7.7,1.6,1.6,0.0,3.0,53,17.8,36.0,271,Drizzle: Moderate,0,0,
64728,2021-10-06 00:45:00,40.7674973,-73.9016982,0,0,Unspecified,4468623,20.3,16.0,0.1,0.1,0.0,1.0,51,6.5,14.0,28,Drizzle: Light,0,0,
64729,2022-04-12 08:25:00,40.7138,-73.9516,1,0,Reaction to Uninvolved Vehicle,4518747,20.4,7.7,1.6,1.6,0.0,3.0,53,17.8,36.0,271,Drizzle: Moderate,1,1,
64730,2022-04-12 20:20:00,40.665726,-73.96143,2,0,Driver Inattention/Distraction,4518809,20.4,7.7,1.6,1.6,0.0,3.0,53,17.8,36.0,271,Drizzle: Moderate,2,2,
64731,2022-04-12 08:00:00,40.806915,-73.93557,2,0,Driver Inattention/Distraction,4518365,20.4,7.7,1.6,1.6,0.0,3.0,53,17.8,36.0,271,Drizzle: Moderate,2,2,
64732,2022-04-12 15:51:00,40.83872,-73.91378,1,0,Driver Inattention/Distraction,4518424,20.4,7.7,1.6,1.6,0.0,3.0,53,17.8,36.0,271,Drizzle: Moderate,1,1,
64733,2021-08-02 14:00:00,40.66542,-73.745995,0,0,Unspecified,4443375,26.4,17.2,0.0,0.0,0.0,0.0,3,18.4,37.4,313,Overcast,0,0,
64734,2022-04-12 18:03:00,40.62853,-73.9221,0,0,Driver Inattention/Distraction,4519062,20.4,7.7,1.6,1.6,0.0,3.0,53,17.8,36.0,271,Drizzle: Moderate,0,0,
64735,2022-04-07 07:05:00,40.665245,-73.80204,0,0,Following Too Closely,4519096,11.5,5.6,74.1,74.1,0.0,14.0,65,35.0,64.8,98,Rain: Heavy,0,0,
64736,2022-04-12 16:30:00,40.65932,-73.759346,0,0,Driver Inattention/Distraction,4518463,20.4,7.7,1.6,1.6,0.0,3.0,53,17.8,36.0,271,Drizzle: Moderate,0,0,
64737,2022-04-12 17:20:00,40.820972,-73.892845,0,0,Passing Too Closely,4519043,20.4,7.7,1.6,1.6,0.0,3.0,53,17.8,36.0,271,Drizzle: Moderate,0,0,
64738,2022-04-12 19:00:00,40.728638,-74.00531,0,0,Driver Inattention/Distraction,4518863,20.4,7.7,1.6,1.6,0.0,3.0,53,17.8,36.0,271,Drizzle: Moderate,0,0,
64739,2021-10-18 21:20:00,40.8340262,-73.8266007,1,0,Unspecified,4468640,15.8,9.2,0.0,0.0,0.0,0.0,2,32.4,58.3,296,Partly cloudy,1,1,
64740,2022-04-12 17:29:00,40.67234,-73.73643,1,0,Driver Inattention/Distraction,4518975,20.4,7.7,1.6,1.6,0.0,3.0,53,17.8,36.0,271,Drizzle: Moderate,1,1,
64741,2022-04-12 11:00:00,40.854588,-73.90187,0,0,Passing Too Closely,4518375,20.4,7.7,1.6,1.6,0.0,3.0,53,17.8,36.0,271,Drizzle: Moderate,0,0,
64742,2022-04-12 23:05:00,40.87647,-73.87058,1,0,Reaction to Uninvolved Vehicle,4518482,20.4,7.7,1.6,1.6,0.0,3.0,53,17.8,36.0,271,Drizzle: Moderate,1,1,
64743,2022-04-12 02:30:00,40.7619,-73.913315,0,0,Driver Inattention/Distraction,4518316,20.4,7.7,1.6,1.6,0.0,3.0,53,17.8,36.0,271,Drizzle: Moderate,0,0,
64744,2022-04-12 20:30:00,40.719833,-73.82624,3,0,Driver Inattention/Distraction,4518455,20.4,7.7,1.6,1.6,0.0,3.0,53,17.8,36.0,271,Drizzle: Moderate,3,3,
64745,2022-04-12 13:30:00,40.66822,-73.97383,2,0,Unsafe Speed,4518640,20.4,7.7,1.6,1.6,0.0,3.0,53,17.8,36.0,271,Drizzle: Moderate,2,2,
64746,2022-04-12 17:08:00,40.80669,-73.8854,0,0,Backing Unsafely,4518438,20.4,7.7,1.6,1.6,0.0,3.0,53,17.8,36.0,271,Drizzle: Moderate,0,0,
64747,2022-04-11 21:10:00,40.742023,-73.98292,1,0,Failure to Yield Right-of-Way,4518930,13.1,1.8,0.0,0.0,0.0,0.0,3,18.6,36.4,246,Overcast,1,1,
64748,2022-04-12 19:45:00,40.608772,-74.01227,0,0,Backing Unsafely,4518773,20.4,7.7,1.6,1.6,0.0,3.0,53,17.8,36.0,271,Drizzle: Moderate,0,0,
64749,2022-04-12 13:51:00,40.759842,-73.984184,1,0,Driver Inattention/Distraction,4518512,20.4,7.7,1.6,1.6,0.0,3.0,53,17.8,36.0,271,Drizzle: Moderate,1,1,
64750,2022-04-12 15:06:00,40.674145,-73.93062,0,0,Unspecified,4518688,20.4,7.7,1.6,1.6,0.0,3.0,53,17.8,36.0,271,Drizzle: Moderate,0,0,
64751,2022-04-12 10:00:00,40.65245,-73.83821,0,0,Backing Unsafely,4518798,20.4,7.7,1.6,1.6,0.0,3.0,53,17.8,36.0,271,Drizzle: Moderate,0,0,
64752,2021-10-19 01:30:00,40.7400268,-73.8456427,0,0,Driver Inattention/Distraction,4468653,19.1,8.3,0.0,0.0,0.0,0.0,1,24.6,45.0,272,Mainly clear,0,0,Sunny/Clear Conditions
64753,2022-04-12 23:23:00,40.69369,-73.93121,1,0,Traffic Control Disregarded,4518731,20.4,7.7,1.6,1.6,0.0,3.0,53,17.8,36.0,271,Drizzle: Moderate,1,1,
64754,2022-04-12 10:07:00,40.85407,-73.89932,0,0,Passing Too Closely,4518561,20.4,7.7,1.6,1.6,0.0,3.0,53,17.8,36.0,271,Drizzle: Moderate,0,0,
64755,2022-04-04 11:45:00,40.802998,-73.94792,0,0,Driver Inattention/Distraction,4518895,12.2,2.6,0.1,0.1,0.0,1.0,51,23.7,41.4,304,Drizzle: Light,0,0,
64756,2021-10-17 14:00:00,40.6142771,-74.1566483,0,0,Unsafe Speed,4468658,17.3,11.1,0.2,0.2,0.0,2.0,51,23.9,43.9,293,Drizzle: Light,0,0,
64757,2021-10-18 19:00:00,40.6055324,-74.1842826,3,0,Following Too Closely,4468660,15.8,9.2,0.0,0.0,0.0,0.0,2,32.4,58.3,296,Partly cloudy,3,3,
64758,2021-10-18 06:30:00,40.6075657,-74.0871064,0,0,Following Too Closely,4468661,15.8,9.2,0.0,0.0,0.0,0.0,2,32.4,58.3,296,Partly cloudy,0,0,
64759,2022-04-08 17:00:00,40.854897,-73.82813,0,0,Unspecified,4519026,16.5,7.1,5.2,5.2,0.0,4.0,63,21.3,42.8,253,Rain: Moderate,0,0,
64760,2021-10-19 06:45:00,40.6075657,-74.0871064,0,0,Following Too Closely,4468664,19.1,8.3,0.0,0.0,0.0,0.0,1,24.6,45.0,272,Mainly clear,0,0,Sunny/Clear Conditions
64761,2022-04-12 22:31:00,40.696213,-73.97528,4,0,Driver Inattention/Distraction,4518503,20.4,7.7,1.6,1.6,0.0,3.0,53,17.8,36.0,271,Drizzle: Moderate,4,4,
64762,2022-04-09 11:20:00,40.7441,-73.99565,1,0,Unspecified,4518921,13.6,5.0,4.8,4.8,0.0,12.0,55,20.1,42.8,263,Drizzle: Dense,1,1,
64763,2022-04-12 08:40:00,40.701588,-73.98863,0,0,Failure to Yield Right-of-Way,4518492,20.4,7.7,1.6,1.6,0.0,3.0,53,17.8,36.0,271,Drizzle: Moderate,0,0,
64764,2022-04-12 14:53:00,40.66895,-73.9339,1,0,Unspecified,4518952,20.4,7.7,1.6,1.6,0.0,3.0,53,17.8,36.0,271,Drizzle: Moderate,1,1,
64765,2022-04-12 15:10:00,40.695637,-73.80372,1,0,Failure to Yield Right-of-Way,4518405,20.4,7.7,1.6,1.6,0.0,3.0,53,17.8,36.0,271,Drizzle: Moderate,1,1,
64766,2022-04-12 08:00:00,40.637142,-74.16017,0,0,Driver Inattention/Distraction,4518533,20.4,7.7,1.6,1.6,0.0,3.0,53,17.8,36.0,271,Drizzle: Moderate,0,0,
64767,2022-04-07 09:05:00,40.612873,-73.98245,0,0,Unspecified,4519016,11.5,5.6,74.1,74.1,0.0,14.0,65,35.0,64.8,98,Rain: Heavy,0,0,
64768,2022-04-12 11:00:00,40.7013,-73.93674,0,0,Passing Too Closely,4518867,20.4,7.7,1.6,1.6,0.0,3.0,53,17.8,36.0,271,Drizzle: Moderate,0,0,
64769,2022-04-12 06:18:00,40.679295,-73.90643,0,0,Unspecified,4518542,20.4,7.7,1.6,1.6,0.0,3.0,53,17.8,36.0,271,Drizzle: Moderate,0,0,
64770,2022-04-12 08:54:00,40.60772,-73.745445,2,0,Passing or Lane Usage Improper,4518628,20.4,7.7,1.6,1.6,0.0,3.0,53,17.8,36.0,271,Drizzle: Moderate,2,2,
64771,2022-04-01 08:25:00,40.765224,-73.9317,0,0,Passing or Lane Usage Improper,4518878,15.2,5.3,1.4,1.4,0.0,8.0,51,33.1,61.9,277,Drizzle: Light,0,0,
64772,2022-04-12 11:30:00,40.598488,-73.941536,0,0,Unspecified,4518518,20.4,7.7,1.6,1.6,0.0,3.0,53,17.8,36.0,271,Drizzle: Moderate,0,0,
64773,2022-04-12 16:20:00,40.51107,-74.24669,4,0,View Obstructed/Limited,4518473,20.4,7.7,1.6,1.6,0.0,3.0,53,17.8,36.0,271,Drizzle: Moderate,4,4,
64774,2022-04-11 08:30:00,40.62423,-73.93858,0,0,Driver Inattention/Distraction,4518940,13.1,1.8,0.0,0.0,0.0,0.0,3,18.6,36.4,246,Overcast,0,0,
64775,2022-04-10 12:35:00,40.72823,-73.83313,0,0,Unspecified,4518963,9.8,3.5,0.0,0.0,0.0,0.0,3,29.3,54.4,307,Overcast,0,0,
64776,2022-04-12 09:01:00,40.671513,-73.880714,0,0,Driver Inattention/Distraction,4518672,20.4,7.7,1.6,1.6,0.0,3.0,53,17.8,36.0,271,Drizzle: Moderate,0,0,
64777,2022-04-10 00:00:00,40.618534,-74.157135,0,0,Turning Improperly,4518850,9.8,3.5,0.0,0.0,0.0,0.0,3,29.3,54.4,307,Overcast,0,0,
64778,2022-04-12 08:45:00,40.6692,-73.90383,0,0,Unspecified,4518552,20.4,7.7,1.6,1.6,0.0,3.0,53,17.8,36.0,271,Drizzle: Moderate,0,0,
64779,2022-04-12 16:09:00,40.729736,-73.833725,1,0,Driver Inexperience,4519039,20.4,7.7,1.6,1.6,0.0,3.0,53,17.8,36.0,271,Drizzle: Moderate,1,1,
64780,2022-04-11 22:00:00,40.721966,-74.00824,0,0,Unspecified,4518908,13.1,1.8,0.0,0.0,0.0,0.0,3,18.6,36.4,246,Overcast,0,0,
64781,2022-04-12 13:00:00,40.701218,-73.81622,0,0,Following Too Closely,4518616,20.4,7.7,1.6,1.6,0.0,3.0,53,17.8,36.0,271,Drizzle: Moderate,0,0,
64782,2022-04-08 20:55:00,40.686203,-73.950745,0,0,Turning Improperly,4518916,16.5,7.1,5.2,5.2,0.0,4.0,63,21.3,42.8,253,Rain: Moderate,0,0,
64783,2022-04-12 00:30:00,40.656593,-73.857635,4,0,View Obstructed/Limited,4518196,20.4,7.7,1.6,1.6,0.0,3.0,53,17.8,36.0,271,Drizzle: Moderate,4,4,
64784,2022-04-09 11:00:00,40.824654,-73.89194,0,0,Passing Too Closely,4518998,13.6,5.0,4.8,4.8,0.0,12.0,55,20.1,42.8,263,Drizzle: Dense,0,0,
64785,2022-04-12 15:35:00,40.831085,-73.86909,1,0,Other Vehicular,4518502,20.4,7.7,1.6,1.6,0.0,3.0,53,17.8,36.0,271,Drizzle: Moderate,1,1,
64786,2022-04-12 18:40:00,40.692627,-73.959,0,0,Passing Too Closely,4518719,20.4,7.7,1.6,1.6,0.0,3.0,53,17.8,36.0,271,Drizzle: Moderate,0,0,
64787,2022-04-12 16:20:00,40.788994,-73.94656,0,0,Failure to Yield Right-of-Way,4518396,20.4,7.7,1.6,1.6,0.0,3.0,53,17.8,36.0,271,Drizzle: Moderate,0,0,
64788,2022-04-12 14:46:00,40.676807,-73.95576,1,0,Driver Inattention/Distraction,4518699,20.4,7.7,1.6,1.6,0.0,3.0,53,17.8,36.0,271,Drizzle: Moderate,1,1,
64789,2022-04-08 09:50:00,40.77862,-73.901695,1,0,Driver Inattention/Distraction,4518970,16.5,7.1,5.2,5.2,0.0,4.0,63,21.3,42.8,253,Rain: Moderate,1,1,
64790,2022-04-12 22:00:00,40.694557,-73.906555,0,0,Following Too Closely,4518870,20.4,7.7,1.6,1.6,0.0,3.0,53,17.8,36.0,271,Drizzle: Moderate,0,0,
64791,2021-10-07 15:30:00,40.8084473,-73.9449951,0,0,Unsafe Lane Changing,4468700,22.4,15.7,0.4,0.4,0.0,4.0,51,10.5,20.5,231,Drizzle: Light,0,0,
64792,2022-04-12 18:09:00,40.851654,-73.91566,0,0,Passing Too Closely,4518560,20.4,7.7,1.6,1.6,0.0,3.0,53,17.8,36.0,271,Drizzle: Moderate,0,0,
64793,2021-10-11 12:03:00,40.7415195,-73.8812858,1,0,Driver Inattention/Distraction,4468703,21.7,16.3,0.0,0.0,0.0,0.0,3,25.7,49.7,41,Overcast,1,1,
64794,2022-04-12 19:51:00,40.641182,-73.9712,1,0,Pedestrian/Bicyclist/Other Pedestrian Error/Confusion,4518816,20.4,7.7,1.6,1.6,0.0,3.0,53,17.8,36.0,271,Drizzle: Moderate,1,1,
64795,2022-04-12 08:00:00,40.717655,-73.7968,1,0,Driver Inattention/Distraction,4518643,20.4,7.7,1.6,1.6,0.0,3.0,53,17.8,36.0,271,Drizzle: Moderate,1,1,
64796,2022-04-12 03:30:00,40.80697,-73.88357,0,0,Oversized Vehicle,4518437,20.4,7.7,1.6,1.6,0.0,3.0,53,17.8,36.0,271,Drizzle: Moderate,0,0,
64797,2021-10-16 17:58:00,40.6142007,-73.8971984,1,0,Driver Inexperience,4468707,24.3,15.0,17.5,17.5,0.0,9.0,63,25.7,46.4,195,Rain: Moderate,1,1,
64798,2021-10-18 08:30:00,40.6663311,-73.8348011,2,0,Following Too Closely,4468708,15.8,9.2,0.0,0.0,0.0,0.0,2,32.4,58.3,296,Partly cloudy,2,2,
64799,2022-04-12 12:50:00,40.685226,-73.978294,1,0,Following Too Closely,4518467,20.4,7.7,1.6,1.6,0.0,3.0,53,17.8,36.0,271,Drizzle: Moderate,1,1,
64800,2022-04-12 08:00:00,40.749737,-73.94026,0,0,Following Too Closely,4518331,20.4,7.7,1.6,1.6,0.0,3.0,53,17.8,36.0,271,Drizzle: Moderate,0,0,
64801,2022-04-12 18:35:00,40.81694,-73.886024,0,0,Passing Too Closely,4519044,20.4,7.7,1.6,1.6,0.0,3.0,53,17.8,36.0,271,Drizzle: Moderate,0,0,
64802,2022-04-12 10:10:00,40.75778,-73.79202,0,0,Driver Inattention/Distraction,4518658,20.4,7.7,1.6,1.6,0.0,3.0,53,17.8,36.0,271,Drizzle: Moderate,0,0,
64803,2022-04-12 18:14:00,40.633644,-73.96395,1,0,Passing or Lane Usage Improper,4518523,20.4,7.7,1.6,1.6,0.0,3.0,53,17.8,36.0,271,Drizzle: Moderate,1,1,
64804,2022-04-12 21:00:00,40.66408,-73.94817,0,0,Passing Too Closely,4518994,20.4,7.7,1.6,1.6,0.0,3.0,53,17.8,36.0,271,Drizzle: Moderate,0,0,
64805,2022-04-12 13:05:00,40.809887,-73.88042,0,0,Unspecified,4518445,20.4,7.7,1.6,1.6,0.0,3.0,53,17.8,36.0,271,Drizzle: Moderate,0,0,
64806,2022-04-12 18:17:00,40.64609,-73.89691,0,0,Unspecified,4518477,20.4,7.7,1.6,1.6,0.0,3.0,53,17.8,36.0,271,Drizzle: Moderate,0,0,
64807,2022-04-12 15:39:00,40.625515,-74.15226,0,0,Unspecified,4518851,20.4,7.7,1.6,1.6,0.0,3.0,53,17.8,36.0,271,Drizzle: Moderate,0,0,
64808,2022-04-12 17:45:00,40.619156,-73.99388,0,0,Failure to Yield Right-of-Way,4518758,20.4,7.7,1.6,1.6,0.0,3.0,53,17.8,36.0,271,Drizzle: Moderate,0,0,
64809,2021-10-19 06:10:00,40.5506804,-74.2185465,1,0,Following Too Closely,4468721,19.1,8.3,0.0,0.0,0.0,0.0,1,24.6,45.0,272,Mainly clear,1,1,Sunny/Clear Conditions
64810,2021-07-23 17:19:00,40.82748,-73.910866,0,0,Driver Inattention/Distraction,4440083,26.2,17.3,0.0,0.0,0.0,0.0,1,11.3,27.0,340,Mainly clear,0,0,Sunny/Clear Conditions
64811,2021-08-02 14:46:00,40.595116,-73.996124,0,0,Driver Inattention/Distraction,4443771,26.4,17.2,0.0,0.0,0.0,0.0,3,18.4,37.4,313,Overcast,0,0,
64812,2021-07-26 18:56:00,40.82463,-73.91059,2,0,Turning Improperly,4440902,31.4,21.8,0.0,0.0,0.0,0.0,3,13.0,25.6,295,Overcast,2,2,
64813,2021-07-23 14:50:00,40.800686,-73.952515,1,0,Driver Inattention/Distraction,4442382,26.2,17.3,0.0,0.0,0.0,0.0,1,11.3,27.0,340,Mainly clear,1,1,Sunny/Clear Conditions
64814,2021-07-26 22:30:00,40.59423,-73.908325,1,0,Unsafe Speed,4443032,31.4,21.8,0.0,0.0,0.0,0.0,3,13.0,25.6,295,Overcast,1,1,
64815,2021-08-02 11:45:00,40.735596,-74.00767,0,0,Driver Inattention/Distraction,4443061,26.4,17.2,0.0,0.0,0.0,0.0,3,18.4,37.4,313,Overcast,0,0,
64816,2021-08-02 21:30:00,40.64254,-73.87652,1,0,Unspecified,4443219,26.4,17.2,0.0,0.0,0.0,0.0,3,18.4,37.4,313,Overcast,1,1,
64817,2021-08-02 23:40:00,40.7879,-73.953674,0,0,Traffic Control Disregarded,4443112,26.4,17.2,0.0,0.0,0.0,0.0,3,18.4,37.4,313,Overcast,0,0,
64818,2021-07-31 07:11:00,40.763626,-73.88116,1,0,Driver Inattention/Distraction,4443683,25.6,14.5,0.0,0.0,0.0,0.0,2,16.8,33.8,304,Partly cloudy,1,1,
64819,2021-07-31 02:33:00,40.662743,-73.921936,7,0,Unsafe Speed,4443640,25.6,14.5,0.0,0.0,0.0,0.0,2,16.8,33.8,304,Partly cloudy,7,7,
64820,2021-08-02 03:36:00,40.58749,-74.110565,0,0,Passing or Lane Usage Improper,4442698,26.4,17.2,0.0,0.0,0.0,0.0,3,18.4,37.4,313,Overcast,0,0,
64821,2021-08-02 14:30:00,40.666332,-73.81056,0,0,Failure to Yield Right-of-Way,4443095,26.4,17.2,0.0,0.0,0.0,0.0,3,18.4,37.4,313,Overcast,0,0,
64822,2021-08-02 11:00:00,40.648598,-73.923256,0,0,Driver Inattention/Distraction,4443325,26.4,17.2,0.0,0.0,0.0,0.0,3,18.4,37.4,313,Overcast,0,0,