,CRASH DATETIME,LATITUDE,LONGITUDE,NUMBER OF PERSONS INJURED,NUMBER OF PERSONS KILLED,CONTRIBUTING FACTOR VEHICLE 1,COLLISION_ID,temperature_2m_max,temperature_2m_min,precipitation_sum,rain_sum,snowfall_sum,precipitation_hours,weather_code,wind_speed_10m_max,wind_gusts_10m_max,wind_direction_10m_dominant,Weather Description,Severity_Score,Total_Affected_Persons,Weather_Category
64823,2021-08-02 14:59:00,40.65457,-73.96183,1,0,Unspecified,4443139,26.4,17.2,0.0,0.0,0.0,0.0,3,18.4,37.4,313,Overcast,1,1,
64824,2021-07-20 13:04:00,40.898537,-73.87957,3,0,Unspecified,4443601,30.9,21.1,0.0,0.0,0.0,0.0,1,13.3,26.6,283,Mainly clear,3,3,Sunny/Clear Conditions
64825,2021-08-02 18:15:00,40.64527,-73.94682,0,0,Backing Unsafely,4443745,26.4,17.2,0.0,0.0,0.0,0.0,3,18.4,37.4,313,Overcast,0,0,
64826,2021-08-02 00:21:00,40.846657,-73.89619,2,0,Driver Inattention/Distraction,4442748,26.4,17.2,0.0,0.0,0.0,0.0,3,18.4,37.4,313,Overcast,2,2,
64827,2021-08-02 08:00:00,40.79337,-73.93274,0,0,Following Too Closely,4443144,26.4,17.2,0.0,0.0,0.0,0.0,3,18.4,37.4,313,Overcast,0,0,
64828,2021-07-21 05:00:00,40.719864,-73.94486,0,0,Passing or Lane Usage Improper,4443681,27.6,20.9,1.4,1.4,0.0,4.0,53,16.0,31.3,315,Drizzle: Moderate,0,0,
64829,2021-08-02 19:50:00,40.815502,-73.89958,0,0,Unspecified,4443734,26.4,17.2,0.0,0.0,0.0,0.0,3,18.4,37.4,313,Overcast,0,0,
64830,2021-08-02 08:31:00,40.699276,-73.988594,0,0,Driverless/Runaway Vehicle,4443495,26.4,17.2,0.0,0.0,0.0,0.0,3,18.4,37.4,313,Overcast,0,0,
64831,2021-08-02 01:50:00,40.814384,-73.93464,0,0,Unspecified,4442845,26.4,17.2,0.0,0.0,0.0,0.0,3,18.4,37.4,313,Overcast,0,0,
64832,2021-08-02 16:00:00,40.7499,-73.72802,0,0,Reaction to Uninvolved Vehicle,4443044,26.4,17.2,0.0,0.0,0.0,0.0,3,18.4,37.4,313,Overcast,0,0,
64833,2021-08-02 18:58:00,40.85108,-73.8948,0,0,Driver Inattention/Distraction,4443240,26.4,17.2,0.0,0.0,0.0,0.0,3,18.4,37.4,313,Overcast,0,0,
64834,2021-08-02 11:22:00,40.63173,-74.1249,1,0,Unspecified,4443275,26.4,17.2,0.0,0.0,0.0,0.0,3,18.4,37.4,313,Overcast,1,1,
64835,2021-08-02 15:25:00,40.85241,-73.867775,1,0,Driver Inattention/Distraction,4443329,26.4,17.2,0.0,0.0,0.0,0.0,3,18.4,37.4,313,Overcast,1,1,
64836,2021-08-02 14:50:00,40.62457,-74.02218,0,0,Passing Too Closely,4442984,26.4,17.2,0.0,0.0,0.0,0.0,3,18.4,37.4,313,Overcast,0,0,
64837,2021-08-02 08:17:00,40.728134,-73.95328,0,0,Failure to Yield Right-of-Way,4442905,26.4,17.2,0.0,0.0,0.0,0.0,3,18.4,37.4,313,Overcast,0,0,
64838,2021-07-31 23:50:00,40.66132,-73.942696,0,0,Driver Inattention/Distraction,4443780,25.6,14.5,0.0,0.0,0.0,0.0,2,16.8,33.8,304,Partly cloudy,0,0,
64839,2021-08-02 19:05:00,40.606182,-74.07613,0,0,Unsafe Lane Changing,4443833,26.4,17.2,0.0,0.0,0.0,0.0,3,18.4,37.4,313,Overcast,0,0,
64840,2021-08-02 03:10:00,40.824207,-73.87529,0,0,Unspecified,4442975,26.4,17.2,0.0,0.0,0.0,0.0,3,18.4,37.4,313,Overcast,0,0,
64841,2021-08-02 10:00:00,40.67362,-73.986015,0,0,Passing or Lane Usage Improper,4442916,26.4,17.2,0.0,0.0,0.0,0.0,3,18.4,37.4,313,Overcast,0,0,
64842,2021-07-30 22:00:00,40.704548,-74.0143,1,0,,4443705,27.6,19.1,0.0,0.0,0.0,0.0,1,24.2,45.7,310,Mainly clear,1,1,Sunny/Clear Conditions
64843,2021-08-02 16:30:00,40.793556,-73.967026,0,0,Passing or Lane Usage Improper,4443040,26.4,17.2,0.0,0.0,0.0,0.0,3,18.4,37.4,313,Overcast,0,0,
64844,2021-08-02 04:00:00,40.839615,-73.88443,2,0,Following Too Closely,4442864,26.4,17.2,0.0,0.0,0.0,0.0,3,18.4,37.4,313,Overcast,2,2,
64845,2021-08-02 18:00:00,40.86514,-73.801544,1,0,Unspecified,4443371,26.4,17.2,0.0,0.0,0.0,0.0,3,18.4,37.4,313,Overcast,1,1,
64846,2021-08-02 21:50:00,40.75857,-73.985054,1,0,Aggressive Driving/Road Rage,4443154,26.4,17.2,0.0,0.0,0.0,0.0,3,18.4,37.4,313,Overcast,1,1,
64847,2021-08-02 14:12:00,40.83213,-73.86547,1,0,Driver Inattention/Distraction,4443437,26.4,17.2,0.0,0.0,0.0,0.0,3,18.4,37.4,313,Overcast,1,1,
64848,2021-08-02 18:00:00,40.82207,-73.94993,0,0,Driver Inattention/Distraction,4443280,26.4,17.2,0.0,0.0,0.0,0.0,3,18.4,37.4,313,Overcast,0,0,
64849,2021-08-02 07:50:00,40.697903,-73.9468,0,0,Passing Too Closely,4443409,26.4,17.2,0.0,0.0,0.0,0.0,3,18.4,37.4,313,Overcast,0,0,
64850,2021-08-02 09:45:00,40.64057,-74.028854,0,0,Unspecified,4442878,26.4,17.2,0.0,0.0,0.0,0.0,3,18.4,37.4,313,Overcast,0,0,
64851,2021-08-02 12:25:00,40.87315,-73.88721,0,0,Reaction to Uninvolved Vehicle,4443024,26.4,17.2,0.0,0.0,0.0,0.0,3,18.4,37.4,313,Overcast,0,0,
64852,2021-08-02 09:53:00,40.802723,-73.91985,1,0,Passing Too Closely,4443104,26.4,17.2,0.0,0.0,0.0,0.0,3,18.4,37.4,313,Overcast,1,1,
64853,2021-08-02 05:49:00,40.86159,-73.92475,0,0,Driverless/Runaway Vehicle,4443272,26.4,17.2,0.0,0.0,0.0,0.0,3,18.4,37.4,313,Overcast,0,0,
64854,2021-08-02 17:30:00,40.813385,-73.94511,0,0,Driver Inattention/Distraction,4443629,26.4,17.2,0.0,0.0,0.0,0.0,3,18.4,37.4,313,Overcast,0,0,
64855,2021-08-02 16:40:00,40.71841,-73.74167,0,0,Unspecified,4443045,26.4,17.2,0.0,0.0,0.0,0.0,3,18.4,37.4,313,Overcast,0,0,
64856,2021-08-02 18:22:00,40.66777,-73.94514,1,0,Unspecified,4443082,26.4,17.2,0.0,0.0,0.0,0.0,3,18.4,37.4,313,Overcast,1,1,
64857,2021-08-02 16:50:00,40.69747,-73.80929,0,0,Following Too Closely,4443711,26.4,17.2,0.0,0.0,0.0,0.0,3,18.4,37.4,313,Overcast,0,0,
64858,2021-08-02 13:00:00,40.688885,-73.73833,1,0,Unspecified,4442923,26.4,17.2,0.0,0.0,0.0,0.0,3,18.4,37.4,313,Overcast,1,1,
64859,2021-07-22 11:29:00,40.87717,-73.906075,1,0,Driver Inattention/Distraction,4443600,26.7,17.5,0.0,0.0,0.0,0.0,3,15.3,28.4,327,Overcast,1,1,
64860,2021-08-02 09:40:00,40.592087,-73.786255,0,0,Following Too Closely,4443313,26.4,17.2,0.0,0.0,0.0,0.0,3,18.4,37.4,313,Overcast,0,0,
64861,2021-08-02 16:00:00,40.841457,-73.86805,0,0,Illnes,4443347,26.4,17.2,0.0,0.0,0.0,0.0,3,18.4,37.4,313,Overcast,0,0,
64862,2021-08-02 14:35:00,40.608307,-74.13132,0,0,Following Too Closely,4443563,26.4,17.2,0.0,0.0,0.0,0.0,3,18.4,37.4,313,Overcast,0,0,
64863,2021-08-02 08:15:00,40.68927,-73.798645,0,0,Unsafe Speed,4443693,26.4,17.2,0.0,0.0,0.0,0.0,3,18.4,37.4,313,Overcast,0,0,
64864,2021-08-02 18:30:00,40.57515,-73.98558,0,0,Other Vehicular,4443127,26.4,17.2,0.0,0.0,0.0,0.0,3,18.4,37.4,313,Overcast,0,0,
64865,2021-08-01 22:01:00,40.704605,-73.9023,0,0,Following Too Closely,4443653,24.4,16.6,0.8,0.8,0.0,5.0,51,19.9,39.2,168,Drizzle: Light,0,0,
64866,2021-08-02 00:00:00,40.7859,-73.848656,0,0,Passing Too Closely,4443145,26.4,17.2,0.0,0.0,0.0,0.0,3,18.4,37.4,313,Overcast,0,0,
64867,2021-08-02 15:26:00,40.86531,-73.90333,1,0,Driver Inattention/Distraction,4443266,26.4,17.2,0.0,0.0,0.0,0.0,3,18.4,37.4,313,Overcast,1,1,
64868,2021-07-30 00:55:00,40.625706,-73.91019,0,0,Unspecified,4443756,27.6,19.1,0.0,0.0,0.0,0.0,1,24.2,45.7,310,Mainly clear,0,0,Sunny/Clear Conditions
64869,2021-08-02 10:18:00,40.68945,-73.96809,1,0,Unspecified,4443052,26.4,17.2,0.0,0.0,0.0,0.0,3,18.4,37.4,313,Overcast,1,1,
64870,2021-08-02 15:13:00,40.847355,-73.93518,1,0,Driver Inattention/Distraction,4443614,26.4,17.2,0.0,0.0,0.0,0.0,3,18.4,37.4,313,Overcast,1,1,
64871,2021-08-02 19:00:00,40.804695,-73.92239,0,0,Unspecified,4443813,26.4,17.2,0.0,0.0,0.0,0.0,3,18.4,37.4,313,Overcast,0,0,
64872,2021-08-02 22:50:00,40.76118,-73.88356,0,0,Driver Inattention/Distraction,4443168,26.4,17.2,0.0,0.0,0.0,0.0,3,18.4,37.4,313,Overcast,0,0,
64873,2021-08-02 17:40:00,40.671932,-73.85165,0,0,Unsafe Speed,4443096,26.4,17.2,0.0,0.0,0.0,0.0,3,18.4,37.4,313,Overcast,0,0,
64874,2021-08-02 11:20:00,40.663296,-73.88979,1,0,Unspecified,4443196,26.4,17.2,0.0,0.0,0.0,0.0,3,18.4,37.4,313,Overcast,1,1,
64875,2021-08-02 19:01:00,40.634506,-73.949455,1,0,Brakes Defective,4443140,26.4,17.2,0.0,0.0,0.0,0.0,3,18.4,37.4,313,Overcast,1,1,
64876,2021-07-27 14:00:00,40.751522,-73.99396,2,0,Driver Inattention/Distraction,4443665,30.4,19.1,0.2,0.2,0.0,2.0,51,19.5,38.9,206,Drizzle: Light,2,2,
64877,2021-08-02 01:34:00,40.610447,-73.98497,0,0,Driver Inattention/Distraction,4442701,26.4,17.2,0.0,0.0,0.0,0.0,3,18.4,37.4,313,Overcast,0,0,
64878,2021-07-31 20:00:00,40.623497,-73.92838,1,0,Unspecified,4443721,25.6,14.5,0.0,0.0,0.0,0.0,2,16.8,33.8,304,Partly cloudy,1,1,
64879,2021-08-02 07:07:00,40.654255,-73.96177,2,0,Driver Inattention/Distraction,4443068,26.4,17.2,0.0,0.0,0.0,0.0,3,18.4,37.4,313,Overcast,2,2,
64880,2021-08-02 11:25:00,40.587566,-73.811264,0,0,Failure to Yield Right-of-Way,4443513,26.4,17.2,0.0,0.0,0.0,0.0,3,18.4,37.4,313,Overcast,0,0,
64881,2021-08-02 08:00:00,40.81099,-73.914856,0,0,Unspecified,4443810,26.4,17.2,0.0,0.0,0.0,0.0,3,18.4,37.4,313,Overcast,0,0,
64882,2021-08-02 16:20:00,40.653564,-73.934494,0,0,Unspecified,4443639,26.4,17.2,0.0,0.0,0.0,0.0,3,18.4,37.4,313,Overcast,0,0,
64883,2021-08-02 05:55:00,40.84106,-73.92851,1,0,Unsafe Speed,4442769,26.4,17.2,0.0,0.0,0.0,0.0,3,18.4,37.4,313,Overcast,1,1,
64884,2021-08-02 11:45:00,40.727848,-73.95638,1,0,Driver Inattention/Distraction,4443682,26.4,17.2,0.0,0.0,0.0,0.0,3,18.4,37.4,313,Overcast,1,1,
64885,2021-08-02 18:22:00,40.737137,-73.70923,1,0,Unspecified,4443049,26.4,17.2,0.0,0.0,0.0,0.0,3,18.4,37.4,313,Overcast,1,1,
64886,2021-08-02 17:00:00,40.62247,-73.95092,3,0,Driver Inattention/Distraction,4443141,26.4,17.2,0.0,0.0,0.0,0.0,3,18.4,37.4,313,Overcast,3,3,
64887,2021-08-01 11:42:00,40.58963,-73.797806,0,0,Driver Inattention/Distraction,4443737,24.4,16.6,0.8,0.8,0.0,5.0,51,19.9,39.2,168,Drizzle: Light,0,0,
64888,2021-08-02 15:20:00,40.727608,-73.91211,1,0,Following Too Closely,4443090,26.4,17.2,0.0,0.0,0.0,0.0,3,18.4,37.4,313,Overcast,1,1,
64889,2021-08-02 23:50:00,40.7861,-73.93967,1,0,Failure to Yield Right-of-Way,4443114,26.4,17.2,0.0,0.0,0.0,0.0,3,18.4,37.4,313,Overcast,1,1,
64890,2021-07-29 11:23:00,40.7586,-73.802345,2,0,Failure to Yield Right-of-Way,4443841,25.3,20.4,33.0,33.0,0.0,11.0,65,26.1,50.8,182,Rain: Heavy,2,2,
64891,2021-07-31 00:30:00,40.696934,-73.80358,0,0,Driver Inattention/Distraction,4443710,25.6,14.5,0.0,0.0,0.0,0.0,2,16.8,33.8,304,Partly cloudy,0,0,
64892,2021-08-02 09:20:00,40.617336,-74.032104,0,0,Unspecified,4442922,26.4,17.2,0.0,0.0,0.0,0.0,3,18.4,37.4,313,Overcast,0,0,
64893,2021-08-02 06:40:00,40.834114,-73.86327,1,0,Shoulders Defective/Improper,4442976,26.4,17.2,0.0,0.0,0.0,0.0,3,18.4,37.4,313,Overcast,1,1,
64894,2021-08-02 09:01:00,40.868546,-73.85859,1,0,Driver Inattention/Distraction,4443296,26.4,17.2,0.0,0.0,0.0,0.0,3,18.4,37.4,313,Overcast,1,1,
64895,2021-08-02 20:10:00,40.72135,-74.00465,0,0,Unspecified,4443828,26.4,17.2,0.0,0.0,0.0,0.0,3,18.4,37.4,313,Overcast,0,0,
64896,2021-08-02 10:30:00,40.696835,-73.99705,0,0,Driverless/Runaway Vehicle,4443062,26.4,17.2,0.0,0.0,0.0,0.0,3,18.4,37.4,313,Overcast,0,0,
64897,2021-08-02 20:26:00,40.87739,-73.8665,0,0,Traffic Control Disregarded,4443420,26.4,17.2,0.0,0.0,0.0,0.0,3,18.4,37.4,313,Overcast,0,0,
64898,2021-07-26 18:50:00,40.656914,-73.95315,1,0,Unspecified,4443742,31.4,21.8,0.0,0.0,0.0,0.0,3,13.0,25.6,295,Overcast,1,1,
64899,2021-08-02 06:20:00,40.87016,-73.89099,1,0,Traffic Control Disregarded,4442883,26.4,17.2,0.0,0.0,0.0,0.0,3,18.4,37.4,313,Overcast,1,1,
64900,2021-08-02 00:00:00,40.68416,-73.86745,0,0,Unspecified,4443218,26.4,17.2,0.0,0.0,0.0,0.0,3,18.4,37.4,313,Overcast,0,0,
64901,2021-08-02 13:55:00,40.606712,-73.763565,0,0,Unspecified,4443314,26.4,17.2,0.0,0.0,0.0,0.0,3,18.4,37.4,313,Overcast,0,0,
64902,2021-08-02 12:00:00,40.68424,-73.83808,1,0,Driver Inattention/Distraction,4442938,26.4,17.2,0.0,0.0,0.0,0.0,3,18.4,37.4,313,Overcast,1,1,
64903,2021-08-02 09:36:00,40.671078,-73.842926,0,0,Turning Improperly,4443101,26.4,17.2,0.0,0.0,0.0,0.0,3,18.4,37.4,313,Overcast,0,0,
64904,2021-07-28 22:10:00,40.81851,-73.93765,1,0,Backing Unsafely,4443630,26.7,20.2,0.7,0.7,0.0,3.0,53,16.7,34.2,1,Drizzle: Moderate,1,1,
64905,2021-08-02 14:25:00,40.799255,-73.91206,1,0,Turning Improperly,4443691,26.4,17.2,0.0,0.0,0.0,0.0,3,18.4,37.4,313,Overcast,1,1,
64906,2021-08-02 14:40:00,40.709698,-74.00978,0,0,Passing Too Closely,4443443,26.4,17.2,0.0,0.0,0.0,0.0,3,18.4,37.4,313,Overcast,0,0,
64907,2021-08-02 15:00:00,40.710697,-73.984634,1,0,Unsafe Speed,4443056,26.4,17.2,0.0,0.0,0.0,0.0,3,18.4,37.4,313,Overcast,1,1,
64908,2021-08-02 15:01:00,40.680748,-73.84486,0,0,Turning Improperly,4443108,26.4,17.2,0.0,0.0,0.0,0.0,3,18.4,37.4,313,Overcast,0,0,
64909,2021-06-27 21:52:00,40.82193,-73.88844,1,0,Failure to Yield Right-of-Way,4443772,29.2,22.2,0.5,0.5,0.0,4.0,51,19.6,45.4,196,Drizzle: Light,1,1,
64910,2021-08-02 13:07:00,40.57375,-74.109566,0,0,Passing Too Closely,4443620,26.4,17.2,0.0,0.0,0.0,0.0,3,18.4,37.4,313,Overcast,0,0,
64911,2021-08-02 16:50:00,40.82269,-73.94947,2,0,Driver Inattention/Distraction,4443279,26.4,17.2,0.0,0.0,0.0,0.0,3,18.4,37.4,313,Overcast,2,2,
64912,2021-08-02 00:00:00,40.81423,-73.93444,0,0,Other Vehicular,4442844,26.4,17.2,0.0,0.0,0.0,0.0,3,18.4,37.4,313,Overcast,0,0,
64913,2021-08-02 14:00:00,40.689754,-73.93939,0,0,Passing Too Closely,4443408,26.4,17.2,0.0,0.0,0.0,0.0,3,18.4,37.4,313,Overcast,0,0,
64914,2021-08-02 04:05:00,40.640133,-74.026276,5,0,Traffic Control Disregarded,4443041,26.4,17.2,0.0,0.0,0.0,0.0,3,18.4,37.4,313,Overcast,5,5,
64915,2021-08-02 23:05:00,40.592484,-73.78417,0,0,Passing or Lane Usage Improper,4443323,26.4,17.2,0.0,0.0,0.0,0.0,3,18.4,37.4,313,Overcast,0,0,
64916,2021-08-02 23:13:00,40.583687,-73.944695,0,0,Unspecified,4443239,26.4,17.2,0.0,0.0,0.0,0.0,3,18.4,37.4,313,Overcast,0,0,
64917,2021-08-02 04:30:00,40.762062,-73.81589,0,0,Alcohol Involvement,4443131,26.4,17.2,0.0,0.0,0.0,0.0,3,18.4,37.4,313,Overcast,0,0,
64918,2021-08-02 20:30:00,40.690628,-73.79734,1,0,Following Too Closely,4443702,26.4,17.2,0.0,0.0,0.0,0.0,3,18.4,37.4,313,Overcast,1,1,
64919,2021-08-02 10:50:00,40.75889,-73.97486,0,0,Failure to Yield Right-of-Way,4443153,26.4,17.2,0.0,0.0,0.0,0.0,3,18.4,37.4,313,Overcast,0,0,
64920,2021-08-01 18:19:00,40.582367,-74.074486,0,0,Driver Inexperience,4443621,24.4,16.6,0.8,0.8,0.0,5.0,51,19.9,39.2,168,Drizzle: Light,0,0,
64921,2021-08-02 20:48:00,40.716442,-73.98837,0,0,Driver Inattention/Distraction,4443076,26.4,17.2,0.0,0.0,0.0,0.0,3,18.4,37.4,313,Overcast,0,0,
64922,2021-08-02 22:17:00,40.875492,-73.86052,4,0,Driver Inattention/Distraction,4443429,26.4,17.2,0.0,0.0,0.0,0.0,3,18.4,37.4,313,Overcast,4,4,
64923,2021-08-02 17:20:00,40.765263,-73.80617,0,0,Unspecified,4443565,26.4,17.2,0.0,0.0,0.0,0.0,3,18.4,37.4,313,Overcast,0,0,
64924,2021-08-02 21:04:00,40.67215,-73.843185,0,0,Passing or Lane Usage Improper,4443107,26.4,17.2,0.0,0.0,0.0,0.0,3,18.4,37.4,313,Overcast,0,0,
64925,2021-08-02 19:30:00,40.637012,-74.01515,0,0,Driver Inattention/Distraction,4443328,26.4,17.2,0.0,0.0,0.0,0.0,3,18.4,37.4,313,Overcast,0,0,
64926,2021-08-02 09:35:00,40.846657,-73.89619,1,0,Traffic Control Disregarded,4442861,26.4,17.2,0.0,0.0,0.0,0.0,3,18.4,37.4,313,Overcast,1,1,
64927,2021-08-02 13:30:00,40.729774,-73.98682,0,0,Driver Inattention/Distraction,4443160,26.4,17.2,0.0,0.0,0.0,0.0,3,18.4,37.4,313,Overcast,0,0,
64928,2021-08-02 11:30:00,40.680294,-73.76282,0,0,Turning Improperly,4442981,26.4,17.2,0.0,0.0,0.0,0.0,3,18.4,37.4,313,Overcast,0,0,
64929,2021-08-02 12:17:00,40.68761,-73.87522,0,0,Steering Failure,4443215,26.4,17.2,0.0,0.0,0.0,0.0,3,18.4,37.4,313,Overcast,0,0,
64930,2021-08-02 21:28:00,40.649822,-74.009094,1,0,Traffic Control Disregarded,4443065,26.4,17.2,0.0,0.0,0.0,0.0,3,18.4,37.4,313,Overcast,1,1,
64931,2021-08-02 21:57:00,40.834038,-73.89528,0,0,Driver Inattention/Distraction,4443159,26.4,17.2,0.0,0.0,0.0,0.0,3,18.4,37.4,313,Overcast,0,0,
64932,2021-06-19 02:45:00,40.719624,-73.91132,1,0,Driver Inattention/Distraction,4443652,31.5,19.5,1.2,1.2,0.0,3.0,53,21.1,38.2,243,Drizzle: Moderate,1,1,
64933,2021-08-02 18:52:00,40.8324,-73.890724,1,0,Driver Inattention/Distraction,4443123,26.4,17.2,0.0,0.0,0.0,0.0,3,18.4,37.4,313,Overcast,1,1,
64934,2021-08-02 16:35:00,40.720417,-73.8689,1,0,Failure to Yield Right-of-Way,4443667,26.4,17.2,0.0,0.0,0.0,0.0,3,18.4,37.4,313,Overcast,1,1,
64935,2021-08-02 00:28:00,40.644016,-73.90803,1,0,Unspecified,4442702,26.4,17.2,0.0,0.0,0.0,0.0,3,18.4,37.4,313,Overcast,1,1,
64936,2021-08-02 00:00:00,40.74694,-73.89051,1,0,Driver Inattention/Distraction,4443723,26.4,17.2,0.0,0.0,0.0,0.0,3,18.4,37.4,313,Overcast,1,1,
64937,2021-08-02 14:01:00,40.686386,-73.98346,1,0,Turning Improperly,4443500,26.4,17.2,0.0,0.0,0.0,0.0,3,18.4,37.4,313,Overcast,1,1,
64938,2021-08-02 14:40:00,40.622787,-73.9901,0,0,Driver Inattention/Distraction,4443829,26.4,17.2,0.0,0.0,0.0,0.0,3,18.4,37.4,313,Overcast,0,0,
64939,2021-08-02 14:49:00,40.60696,-73.75561,0,0,Passing Too Closely,4443316,26.4,17.2,0.0,0.0,0.0,0.0,3,18.4,37.4,313,Overcast,0,0,
64940,2021-08-02 14:00:00,40.7462,-73.73563,0,0,Following Too Closely,4442937,26.4,17.2,0.0,0.0,0.0,0.0,3,18.4,37.4,313,Overcast,0,0,
64941,2021-08-02 13:05:00,40.74709,-73.76325,0,0,Unsafe Lane Changing,4442939,26.4,17.2,0.0,0.0,0.0,0.0,3,18.4,37.4,313,Overcast,0,0,
64942,2021-08-02 08:50:00,40.864216,-73.895805,1,0,Unspecified,4443267,26.4,17.2,0.0,0.0,0.0,0.0,3,18.4,37.4,313,Overcast,1,1,
64943,2021-07-27 12:30:00,40.81899,-73.8867,0,0,Unspecified,4443719,30.4,19.1,0.2,0.2,0.0,2.0,51,19.5,38.9,206,Drizzle: Light,0,0,
64944,2021-08-02 10:45:00,40.709316,-73.93301,0,0,Driver Inattention/Distraction,4443001,26.4,17.2,0.0,0.0,0.0,0.0,3,18.4,37.4,313,Overcast,0,0,
64945,2021-08-02 11:20:00,40.85964,-73.86277,2,0,View Obstructed/Limited,4443298,26.4,17.2,0.0,0.0,0.0,0.0,3,18.4,37.4,313,Overcast,2,2,
64946,2021-07-30 01:00:00,40.554157,-74.17955,0,0,Unspecified,4443754,27.6,19.1,0.0,0.0,0.0,0.0,1,24.2,45.7,310,Mainly clear,0,0,Sunny/Clear Conditions
64947,2021-08-02 16:25:00,40.598392,-73.90629,3,0,Unspecified,4443055,26.4,17.2,0.0,0.0,0.0,0.0,3,18.4,37.4,313,Overcast,3,3,
64948,2021-08-02 09:37:00,40.684032,-73.91742,0,0,Driver Inattention/Distraction,4443349,26.4,17.2,0.0,0.0,0.0,0.0,3,18.4,37.4,313,Overcast,0,0,
64949,2021-07-26 15:00:00,40.726173,-74.01097,1,0,Failure to Yield Right-of-Way,4443825,31.4,21.8,0.0,0.0,0.0,0.0,3,13.0,25.6,295,Overcast,1,1,
64950,2021-08-02 08:00:00,40.859623,-73.88747,0,0,Driver Inattention/Distraction,4442867,26.4,17.2,0.0,0.0,0.0,0.0,3,18.4,37.4,313,Overcast,0,0,
64951,2021-08-02 23:31:00,40.866383,-73.88515,1,0,Following Too Closely,4443268,26.4,17.2,0.0,0.0,0.0,0.0,3,18.4,37.4,313,Overcast,1,1,
64952,2021-08-02 17:56:00,40.901806,-73.851036,0,0,Driver Inattention/Distraction,4443419,26.4,17.2,0.0,0.0,0.0,0.0,3,18.4,37.4,313,Overcast,0,0,
64953,2021-08-02 07:45:00,40.854248,-73.89399,0,0,Steering Failure,4442884,26.4,17.2,0.0,0.0,0.0,0.0,3,18.4,37.4,313,Overcast,0,0,
64954,2021-08-02 07:40:00,40.7109,-73.943794,1,0,Unspecified,4442995,26.4,17.2,0.0,0.0,0.0,0.0,3,18.4,37.4,313,Overcast,1,1,
64955,2021-07-14 17:06:00,40.820187,-73.890686,0,0,Unspecified,4443773,30.6,21.5,0.8,0.8,0.0,3.0,53,14.5,36.0,191,Drizzle: Moderate,0,0,
64956,2021-07-29 17:00:00,40.7417,-73.98317,0,0,Backing Unsafely,4443807,25.3,20.4,33.0,33.0,0.0,11.0,65,26.1,50.8,182,Rain: Heavy,0,0,
64957,2021-08-02 17:50:00,40.68836,-73.73659,1,0,Unspecified,4443048,26.4,17.2,0.0,0.0,0.0,0.0,3,18.4,37.4,313,Overcast,1,1,
64958,2021-08-02 21:00:00,40.624325,-73.95317,0,0,Unspecified,4443142,26.4,17.2,0.0,0.0,0.0,0.0,3,18.4,37.4,313,Overcast,0,0,
64959,2021-08-01 18:07:00,40.774113,-73.98863,1,0,Failure to Yield Right-of-Way,4443764,24.4,16.6,0.8,0.8,0.0,5.0,51,19.9,39.2,168,Drizzle: Light,1,1,
64960,2021-08-02 20:25:00,40.70333,-73.99339,0,0,Reaction to Uninvolved Vehicle,4443499,26.4,17.2,0.0,0.0,0.0,0.0,3,18.4,37.4,313,Overcast,0,0,
64961,2021-07-31 15:23:00,40.581764,-73.8383,0,0,Brakes Defective,4443707,25.6,14.5,0.0,0.0,0.0,0.0,2,16.8,33.8,304,Partly cloudy,0,0,
64962,2021-08-02 11:59:00,40.678677,-73.9822,0,0,Driver Inattention/Distraction,4442921,26.4,17.2,0.0,0.0,0.0,0.0,3,18.4,37.4,313,Overcast,0,0,
64963,2021-08-02 16:35:00,40.69421,-73.99492,0,0,Driver Inattention/Distraction,4443063,26.4,17.2,0.0,0.0,0.0,0.0,3,18.4,37.4,313,Overcast,0,0,
64964,2021-08-02 10:00:00,40.711784,-73.75307,0,0,Driver Inattention/Distraction,4442856,26.4,17.2,0.0,0.0,0.0,0.0,3,18.4,37.4,313,Overcast,0,0,
64965,2021-08-02 17:48:00,40.66552,-73.74467,0,0,Following Too Closely,4443042,26.4,17.2,0.0,0.0,0.0,0.0,3,18.4,37.4,313,Overcast,0,0,
64966,2021-08-02 14:00:00,40.701275,-73.98075,1,0,Pavement Slippery,4443037,26.4,17.2,0.0,0.0,0.0,0.0,3,18.4,37.4,313,Overcast,1,1,
64967,2021-07-10 02:19:00,40.712227,-73.88436,1,0,Driver Inattention/Distraction,4443650,25.5,20.7,0.5,0.5,0.0,3.0,51,14.5,29.9,1,Drizzle: Light,1,1,
64968,2021-08-02 09:30:00,40.867794,-73.92999,0,0,Unspecified,4443358,26.4,17.2,0.0,0.0,0.0,0.0,3,18.4,37.4,313,Overcast,0,0,
64969,2021-08-02 17:16:00,40.834793,-73.868996,0,0,Unspecified,4443288,26.4,17.2,0.0,0.0,0.0,0.0,3,18.4,37.4,313,Overcast,0,0,
64970,2021-08-02 20:24:00,40.817352,-73.88339,1,0,Traffic Control Disregarded,4443400,26.4,17.2,0.0,0.0,0.0,0.0,3,18.4,37.4,313,Overcast,1,1,
64971,2021-08-02 18:30:00,40.648453,-74.00226,0,0,Unspecified,4443327,26.4,17.2,0.0,0.0,0.0,0.0,3,18.4,37.4,313,Overcast,0,0,