,CRASH DATETIME,LATITUDE,LONGITUDE,NUMBER OF PERSONS INJURED,NUMBER OF PERSONS KILLED,CONTRIBUTING FACTOR VEHICLE 1,COLLISION_ID,temperature_2m_max,temperature_2m_min,precipitation_sum,rain_sum,snowfall_sum,precipitation_hours,weather_code,wind_speed_10m_max,wind_gusts_10m_max,wind_direction_10m_dominant,Weather Description,Severity_Score,Total_Affected_Persons,Weather_Category
64972,2021-08-02 16:15:00,40.784042,-73.85032,1,0,Passing Too Closely,4443135,26.4,17.2,0.0,0.0,0.0,0.0,3,18.4,37.4,313,Overcast,1,1,
64973,2021-07-31 02:36:00,40.86135,-73.89774,2,0,Traffic Control Disregarded,4443611,25.6,14.5,0.0,0.0,0.0,0.0,2,16.8,33.8,304,Partly cloudy,2,2,
64974,2021-08-02 15:44:00,40.65133,-73.90607,1,0,Driver Inattention/Distraction,4443086,26.4,17.2,0.0,0.0,0.0,0.0,3,18.4,37.4,313,Overcast,1,1,
64975,2021-08-02 14:48:00,40.824757,-73.94052,1,0,Pedestrian/Bicyclist/Other Pedestrian Error/Confusion,4443631,26.4,17.2,0.0,0.0,0.0,0.0,3,18.4,37.4,313,Overcast,1,1,
64976,2021-08-02 07:34:00,40.827553,-73.95328,1,0,Unspecified,4443075,26.4,17.2,0.0,0.0,0.0,0.0,3,18.4,37.4,313,Overcast,1,1,
64977,2021-08-02 00:00:00,40.679363,-73.7973,0,0,Driver Inattention/Distraction,4442779,26.4,17.2,0.0,0.0,0.0,0.0,3,18.4,37.4,313,Overcast,0,0,
64978,2021-07-30 06:50:00,40.726067,-73.9089,0,0,Failure to Yield Right-of-Way,4443669,27.6,19.1,0.0,0.0,0.0,0.0,1,24.2,45.7,310,Mainly clear,0,0,Sunny/Clear Conditions
64979,2021-08-02 09:00:00,40.82553,-73.86012,0,0,Unspecified,4442977,26.4,17.2,0.0,0.0,0.0,0.0,3,18.4,37.4,313,Overcast,0,0,
64980,2021-08-02 15:55:00,40.59087,-73.801285,1,0,Alcohol Involvement,4443738,26.4,17.2,0.0,0.0,0.0,0.0,3,18.4,37.4,313,Overcast,1,1,
64981,2022-04-12 07:30:00,40.740692,-73.84418,0,0,Failure to Yield Right-of-Way,4518323,20.4,7.7,1.6,1.6,0.0,3.0,53,17.8,36.0,271,Drizzle: Moderate,0,0,
64982,2021-08-02 16:48:00,40.792812,-73.937744,0,0,Passing Too Closely,4443116,26.4,17.2,0.0,0.0,0.0,0.0,3,18.4,37.4,313,Overcast,0,0,
64983,2021-08-02 09:37:00,40.688625,-73.84925,1,0,Passing or Lane Usage Improper,4443236,26.4,17.2,0.0,0.0,0.0,0.0,3,18.4,37.4,313,Overcast,1,1,
64984,2021-08-02 19:47:00,40.71543,-73.99797,0,0,Driver Inattention/Distraction,4443575,26.4,17.2,0.0,0.0,0.0,0.0,3,18.4,37.4,313,Overcast,0,0,
64985,2021-08-02 23:41:00,40.66496,-73.82226,1,0,Reaction to Uninvolved Vehicle,4443100,26.4,17.2,0.0,0.0,0.0,0.0,3,18.4,37.4,313,Overcast,1,1,
64986,2021-08-02 09:43:00,40.68442,-73.97839,1,0,Traffic Control Disregarded,4443057,26.4,17.2,0.0,0.0,0.0,0.0,3,18.4,37.4,313,Overcast,1,1,
64987,2021-07-20 22:05:00,40.716793,-73.92155,1,0,Unspecified,4443657,30.9,21.1,0.0,0.0,0.0,0.0,1,13.3,26.6,283,Mainly clear,1,1,Sunny/Clear Conditions
64988,2021-08-02 16:13:00,40.781387,-73.94828,0,0,Driver Inattention/Distraction,4443690,26.4,17.2,0.0,0.0,0.0,0.0,3,18.4,37.4,313,Overcast,0,0,
64989,2021-08-02 11:37:00,40.6216,-74.11154,1,0,Passing or Lane Usage Improper,4443277,26.4,17.2,0.0,0.0,0.0,0.0,3,18.4,37.4,313,Overcast,1,1,
64990,2021-08-02 16:30:00,40.70599,-74.01133,0,0,Unspecified,4443444,26.4,17.2,0.0,0.0,0.0,0.0,3,18.4,37.4,313,Overcast,0,0,
64991,2021-08-02 22:14:00,40.856358,-73.826515,1,0,Other Vehicular,4443129,26.4,17.2,0.0,0.0,0.0,0.0,3,18.4,37.4,313,Overcast,1,1,
64992,2021-08-02 20:12:00,40.72639,-73.991806,1,0,Following Too Closely,4443162,26.4,17.2,0.0,0.0,0.0,0.0,3,18.4,37.4,313,Overcast,1,1,
64993,2021-08-01 22:33:00,40.67884,-73.75419,1,0,Driverless/Runaway Vehicle,4443753,24.4,16.6,0.8,0.8,0.0,5.0,51,19.9,39.2,168,Drizzle: Light,1,1,
64994,2021-08-02 17:44:00,40.610214,-74.1202,1,0,Driver Inattention/Distraction,4443618,26.4,17.2,0.0,0.0,0.0,0.0,3,18.4,37.4,313,Overcast,1,1,
64995,2021-07-22 16:00:00,40.827423,-73.836754,0,0,Other Vehicular,4443857,26.7,17.5,0.0,0.0,0.0,0.0,3,15.3,28.4,327,Overcast,0,0,
64996,2021-08-02 12:00:00,40.663807,-73.90042,0,0,Unspecified,4443216,26.4,17.2,0.0,0.0,0.0,0.0,3,18.4,37.4,313,Overcast,0,0,
64997,2021-08-02 22:00:00,40.6790038,-73.8642165,2,0,Unsafe Speed,4443109,26.4,17.2,0.0,0.0,0.0,0.0,3,18.4,37.4,313,Overcast,2,2,
64998,2021-08-02 05:30:00,40.66691,-73.822014,0,0,Reaction to Uninvolved Vehicle,4442734,26.4,17.2,0.0,0.0,0.0,0.0,3,18.4,37.4,313,Overcast,0,0,
64999,2021-07-29 01:10:00,40.80676,-73.8849,0,0,Unspecified,4443727,25.3,20.4,33.0,33.0,0.0,11.0,65,26.1,50.8,182,Rain: Heavy,0,0,
65000,2021-08-02 10:17:00,40.694008,-73.90557,0,0,Unspecified,4443660,26.4,17.2,0.0,0.0,0.0,0.0,3,18.4,37.4,313,Overcast,0,0,
65001,2021-08-02 05:10:00,40.63425,-73.89021,0,0,Unspecified,4443085,26.4,17.2,0.0,0.0,0.0,0.0,3,18.4,37.4,313,Overcast,0,0,
65002,2021-08-02 20:30:00,40.60123,-73.75183,0,0,Passing Too Closely,4443318,26.4,17.2,0.0,0.0,0.0,0.0,3,18.4,37.4,313,Overcast,0,0,
65003,2021-08-02 08:05:00,40.75727,-73.74765,3,0,Driver Inattention/Distraction,4442942,26.4,17.2,0.0,0.0,0.0,0.0,3,18.4,37.4,313,Overcast,3,3,
65004,2021-08-02 07:44:00,40.860897,-73.84292,0,0,Passing Too Closely,4443301,26.4,17.2,0.0,0.0,0.0,0.0,3,18.4,37.4,313,Overcast,0,0,
65005,2021-07-15 19:25:00,40.704678,-73.80921,0,0,Driver Inattention/Distraction,4443701,29.3,21.2,0.1,0.1,0.0,1.0,51,13.7,27.4,212,Drizzle: Light,0,0,
65006,2021-08-02 04:40:00,40.848637,-73.91169,3,0,Turning Improperly,4443547,26.4,17.2,0.0,0.0,0.0,0.0,3,18.4,37.4,313,Overcast,3,3,
65007,2021-08-02 14:04:00,40.76189,-73.82967,0,0,Outside Car Distraction,4443134,26.4,17.2,0.0,0.0,0.0,0.0,3,18.4,37.4,313,Overcast,0,0,
65008,2021-08-02 22:52:00,40.78614,-73.93929,2,0,Unspecified,4443148,26.4,17.2,0.0,0.0,0.0,0.0,3,18.4,37.4,313,Overcast,2,2,
65009,2021-08-02 15:50:00,40.885323,-73.86046,1,0,Lost Consciousness,4443431,26.4,17.2,0.0,0.0,0.0,0.0,3,18.4,37.4,313,Overcast,1,1,
65010,2021-08-02 21:15:00,40.864254,-73.88813,0,0,Driver Inattention/Distraction,4443264,26.4,17.2,0.0,0.0,0.0,0.0,3,18.4,37.4,313,Overcast,0,0,
65011,2021-08-02 14:30:00,40.834812,-73.863045,0,0,Unspecified,4443030,26.4,17.2,0.0,0.0,0.0,0.0,3,18.4,37.4,313,Overcast,0,0,
65012,2021-08-02 16:48:00,40.62219,-73.903824,0,0,Failure to Yield Right-of-Way,4443054,26.4,17.2,0.0,0.0,0.0,0.0,3,18.4,37.4,313,Overcast,0,0,
65013,2021-07-31 15:20:00,40.746002,-73.99427,2,0,,4443817,25.6,14.5,0.0,0.0,0.0,0.0,2,16.8,33.8,304,Partly cloudy,2,2,
65014,2021-08-02 07:03:00,40.621994,-73.99493,1,0,Driver Inattention/Distraction,4442872,26.4,17.2,0.0,0.0,0.0,0.0,3,18.4,37.4,313,Overcast,1,1,
65015,2021-07-26 00:15:00,40.77242,-73.97873,0,0,Other Vehicular,4443765,31.4,21.8,0.0,0.0,0.0,0.0,3,13.0,25.6,295,Overcast,0,0,
65016,2021-08-02 02:20:00,40.61359,-73.97082,0,0,Reaction to Uninvolved Vehicle,4443269,26.4,17.2,0.0,0.0,0.0,0.0,3,18.4,37.4,313,Overcast,0,0,
65017,2021-08-02 21:44:00,40.811638,-73.9316,0,0,Unspecified,4443106,26.4,17.2,0.0,0.0,0.0,0.0,3,18.4,37.4,313,Overcast,0,0,
65018,2021-07-31 05:25:00,40.71958,-73.75834,0,0,Passing Too Closely,4443715,25.6,14.5,0.0,0.0,0.0,0.0,2,16.8,33.8,304,Partly cloudy,0,0,
65019,2021-08-02 15:00:00,40.733425,-73.97447,4,0,Unsafe Lane Changing,4443038,26.4,17.2,0.0,0.0,0.0,0.0,3,18.4,37.4,313,Overcast,4,4,
65020,2021-08-02 13:25:00,40.69684,-73.98707,1,0,Driver Inattention/Distraction,4443058,26.4,17.2,0.0,0.0,0.0,0.0,3,18.4,37.4,313,Overcast,1,1,
65021,2021-08-02 13:35:00,40.64993,-73.93312,0,0,Unspecified,4443458,26.4,17.2,0.0,0.0,0.0,0.0,3,18.4,37.4,313,Overcast,0,0,
65022,2021-08-02 21:46:00,40.714943,-73.942764,0,0,Passing Too Closely,4443340,26.4,17.2,0.0,0.0,0.0,0.0,3,18.4,37.4,313,Overcast,0,0,
65023,2021-08-02 10:39:00,40.76241,-73.95443,2,0,Drugs (illegal),4443361,26.4,17.2,0.0,0.0,0.0,0.0,3,18.4,37.4,313,Overcast,2,2,
65024,2021-08-02 07:00:00,40.853626,-73.894356,0,0,Passing Too Closely,4442866,26.4,17.2,0.0,0.0,0.0,0.0,3,18.4,37.4,313,Overcast,0,0,
65025,2021-08-02 00:01:00,40.70269,-73.839485,1,0,Unsafe Speed,4443157,26.4,17.2,0.0,0.0,0.0,0.0,3,18.4,37.4,313,Overcast,1,1,
65026,2021-08-02 12:00:00,40.786423,-73.94239,2,0,Reaction to Uninvolved Vehicle,4442936,26.4,17.2,0.0,0.0,0.0,0.0,3,18.4,37.4,313,Overcast,2,2,
65027,2021-08-02 23:37:00,40.72166,-73.98755,0,0,Headlights Defective,4443276,26.4,17.2,0.0,0.0,0.0,0.0,3,18.4,37.4,313,Overcast,0,0,
65028,2021-08-02 06:28:00,40.86499,-73.824715,3,0,Following Too Closely,4442855,26.4,17.2,0.0,0.0,0.0,0.0,3,18.4,37.4,313,Overcast,3,3,
65029,2021-08-02 08:00:00,40.65073,-73.9719,1,0,Driver Inattention/Distraction,4443064,26.4,17.2,0.0,0.0,0.0,0.0,3,18.4,37.4,313,Overcast,1,1,
65030,2021-08-02 21:10:00,40.667614,-73.99644,0,0,Other Vehicular,4443331,26.4,17.2,0.0,0.0,0.0,0.0,3,18.4,37.4,313,Overcast,0,0,
65031,2021-08-02 13:05:00,40.74882,-73.98546,0,0,Unspecified,4443258,26.4,17.2,0.0,0.0,0.0,0.0,3,18.4,37.4,313,Overcast,0,0,
65032,2021-08-02 09:49:00,40.619377,-73.91985,0,0,Passing or Lane Usage Improper,4442985,26.4,17.2,0.0,0.0,0.0,0.0,3,18.4,37.4,313,Overcast,0,0,
65033,2021-07-30 06:20:00,40.642708,-73.99428,1,0,Unspecified,4443634,27.6,19.1,0.0,0.0,0.0,0.0,1,24.2,45.7,310,Mainly clear,1,1,Sunny/Clear Conditions
65034,2021-08-02 08:00:00,40.74529,-73.88819,0,0,Driver Inattention/Distraction,4443110,26.4,17.2,0.0,0.0,0.0,0.0,3,18.4,37.4,313,Overcast,0,0,
65035,2021-08-02 17:43:00,40.609264,-73.962234,0,0,Unspecified,4443094,26.4,17.2,0.0,0.0,0.0,0.0,3,18.4,37.4,313,Overcast,0,0,
65036,2021-08-02 22:35:00,40.68902,-73.98617,1,0,Passenger Distraction,4443496,26.4,17.2,0.0,0.0,0.0,0.0,3,18.4,37.4,313,Overcast,1,1,
65037,2021-06-26 00:20:00,40.868015,-73.89997,0,0,Driver Inattention/Distraction,4443605,26.5,18.6,1.3,1.3,0.0,8.0,51,23.7,52.9,181,Drizzle: Light,0,0,
65038,2021-08-02 12:10:00,40.827755,-73.9117,0,0,Passing or Lane Usage Improper,4443120,26.4,17.2,0.0,0.0,0.0,0.0,3,18.4,37.4,313,Overcast,0,0,
65039,2021-08-02 07:10:00,40.83126,-73.8848,0,0,Unspecified,4442978,26.4,17.2,0.0,0.0,0.0,0.0,3,18.4,37.4,313,Overcast,0,0,
65040,2021-08-02 07:06:00,40.684437,-73.97773,0,0,Oversized Vehicle,4442918,26.4,17.2,0.0,0.0,0.0,0.0,3,18.4,37.4,313,Overcast,0,0,
65041,2021-08-01 22:30:00,40.709373,-73.78006,0,0,Driver Inattention/Distraction,4443706,24.4,16.6,0.8,0.8,0.0,5.0,51,19.9,39.2,168,Drizzle: Light,0,0,
65042,2021-08-02 19:38:00,40.641544,-74.00596,0,0,Driver Inexperience,4443283,26.4,17.2,0.0,0.0,0.0,0.0,3,18.4,37.4,313,Overcast,0,0,
65043,2021-08-02 14:30:00,40.8499,-73.90919,0,0,Following Too Closely,4443382,26.4,17.2,0.0,0.0,0.0,0.0,3,18.4,37.4,313,Overcast,0,0,
65044,2021-08-02 13:28:00,40.696148,-73.743355,0,0,Unspecified,4443043,26.4,17.2,0.0,0.0,0.0,0.0,3,18.4,37.4,313,Overcast,0,0,
65045,2021-08-02 00:30:00,40.76657,-73.8174,0,0,Failure to Yield Right-of-Way,4443137,26.4,17.2,0.0,0.0,0.0,0.0,3,18.4,37.4,313,Overcast,0,0,
65046,2021-08-02 09:50:00,40.655273,-73.93178,2,0,Unspecified,4443326,26.4,17.2,0.0,0.0,0.0,0.0,3,18.4,37.4,313,Overcast,2,2,
65047,2021-08-02 23:15:00,0.0,0.0,0,0,Driver Inattention/Distraction,4443221,26.4,17.2,0.0,0.0,0.0,0.0,3,18.4,37.4,313,Overcast,0,0,
65048,2021-08-02 06:36:00,40.877346,-73.84547,2,0,Following Too Closely,4442782,26.4,17.2,0.0,0.0,0.0,0.0,3,18.4,37.4,313,Overcast,2,2,
65049,2021-08-02 13:50:00,40.65671,-73.95648,1,0,Failure to Yield Right-of-Way,4443069,26.4,17.2,0.0,0.0,0.0,0.0,3,18.4,37.4,313,Overcast,1,1,
65050,2021-07-26 10:54:00,40.629677,-73.94151,0,0,Traffic Control Disregarded,4443797,31.4,21.8,0.0,0.0,0.0,0.0,3,13.0,25.6,295,Overcast,0,0,
65051,2021-08-02 22:05:00,40.618385,-73.94725,3,0,Unspecified,4443143,26.4,17.2,0.0,0.0,0.0,0.0,3,18.4,37.4,313,Overcast,3,3,
65052,2021-08-02 14:00:00,40.680115,-73.75324,0,0,Unsafe Lane Changing,4443046,26.4,17.2,0.0,0.0,0.0,0.0,3,18.4,37.4,313,Overcast,0,0,
65053,2021-08-02 08:58:00,40.653088,-73.94211,0,0,Unspecified,4443642,26.4,17.2,0.0,0.0,0.0,0.0,3,18.4,37.4,313,Overcast,0,0,
65054,2021-08-02 19:00:00,40.679695,-73.96815,1,0,Following Too Closely,4443529,26.4,17.2,0.0,0.0,0.0,0.0,3,18.4,37.4,313,Overcast,1,1,
65055,2021-07-31 16:46:00,40.583706,-73.81595,0,0,Driver Inattention/Distraction,4443739,25.6,14.5,0.0,0.0,0.0,0.0,2,16.8,33.8,304,Partly cloudy,0,0,
65056,2021-08-02 17:06:00,40.64208,-73.91967,0,0,Passing Too Closely,4443087,26.4,17.2,0.0,0.0,0.0,0.0,3,18.4,37.4,313,Overcast,0,0,
65057,2021-07-29 12:00:00,40.700356,-73.912575,0,0,Failure to Yield Right-of-Way,4443595,25.3,20.4,33.0,33.0,0.0,11.0,65,26.1,50.8,182,Rain: Heavy,0,0,
65058,2021-07-23 12:00:00,40.8097,-73.90304,0,0,Unspecified,4443774,26.2,17.3,0.0,0.0,0.0,0.0,1,11.3,27.0,340,Mainly clear,0,0,Sunny/Clear Conditions
65059,2021-08-02 20:21:00,40.632942,-74.00379,1,0,Unspecified,4443270,26.4,17.2,0.0,0.0,0.0,0.0,3,18.4,37.4,313,Overcast,1,1,
65060,2021-07-21 09:20:00,40.61898,-74.163895,0,0,Oversized Vehicle,4443832,27.6,20.9,1.4,1.4,0.0,4.0,53,16.0,31.3,315,Drizzle: Moderate,0,0,
65061,2021-08-02 12:00:00,40.753242,-73.96662,1,0,Driver Inattention/Distraction,4442964,26.4,17.2,0.0,0.0,0.0,0.0,3,18.4,37.4,313,Overcast,1,1,
65062,2021-08-02 22:38:00,40.683098,-73.78432,0,0,Aggressive Driving/Road Rage,4443319,26.4,17.2,0.0,0.0,0.0,0.0,3,18.4,37.4,313,Overcast,0,0,
65063,2021-08-02 16:13:00,40.69248,-73.800995,0,0,Driver Inattention/Distraction,4443712,26.4,17.2,0.0,0.0,0.0,0.0,3,18.4,37.4,313,Overcast,0,0,
65064,2021-08-02 16:30:00,40.641254,-73.9964,2,0,Unspecified,4443265,26.4,17.2,0.0,0.0,0.0,0.0,3,18.4,37.4,313,Overcast,2,2,
65065,2021-08-02 06:25:00,40.639256,-73.968796,1,0,Unspecified,4442933,26.4,17.2,0.0,0.0,0.0,0.0,3,18.4,37.4,313,Overcast,1,1,
65066,2021-08-02 16:00:00,40.79465,-73.97179,1,0,Turning Improperly,4443039,26.4,17.2,0.0,0.0,0.0,0.0,3,18.4,37.4,313,Overcast,1,1,
65067,2021-08-02 16:07:00,40.88893,-73.86579,0,0,Driver Inattention/Distraction,4443418,26.4,17.2,0.0,0.0,0.0,0.0,3,18.4,37.4,313,Overcast,0,0,
65068,2021-08-02 08:10:00,40.859444,-73.915985,2,0,Following Too Closely,4442875,26.4,17.2,0.0,0.0,0.0,0.0,3,18.4,37.4,313,Overcast,2,2,
65069,2022-04-12 12:30:00,40.86012,-73.89297,0,0,Driver Inattention/Distraction,4518594,20.4,7.7,1.6,1.6,0.0,3.0,53,17.8,36.0,271,Drizzle: Moderate,0,0,
65070,2021-08-02 18:30:00,40.766308,-73.8197,0,0,Backing Unsafely,4443556,26.4,17.2,0.0,0.0,0.0,0.0,3,18.4,37.4,313,Overcast,0,0,
65071,2021-08-02 23:11:00,40.834915,-73.894135,3,0,Unspecified,4443128,26.4,17.2,0.0,0.0,0.0,0.0,3,18.4,37.4,313,Overcast,3,3,
65072,2021-07-25 18:27:00,40.711845,-73.859764,0,0,Turning Improperly,4443654,28.0,20.3,7.3,7.3,0.0,10.0,63,20.9,43.2,198,Rain: Moderate,0,0,
65073,2021-07-31 12:21:00,40.70059,-73.89719,0,0,Driver Inattention/Distraction,4443664,25.6,14.5,0.0,0.0,0.0,0.0,2,16.8,33.8,304,Partly cloudy,0,0,
65074,2021-07-29 19:00:00,40.811714,-73.92671,0,0,Other Vehicular,4443815,25.3,20.4,33.0,33.0,0.0,11.0,65,26.1,50.8,182,Rain: Heavy,0,0,
65075,2021-08-02 16:00:00,40.658577,-73.89063,0,0,Following Too Closely,4443217,26.4,17.2,0.0,0.0,0.0,0.0,3,18.4,37.4,313,Overcast,0,0,
65076,2021-08-02 15:15:00,40.69365,-73.98333,1,0,Following Too Closely,4443729,26.4,17.2,0.0,0.0,0.0,0.0,3,18.4,37.4,313,Overcast,1,1,
65077,2021-08-02 14:00:00,40.668083,-73.95929,0,0,Driver Inattention/Distraction,4443083,26.4,17.2,0.0,0.0,0.0,0.0,3,18.4,37.4,313,Overcast,0,0,
65078,2021-08-02 19:07:00,40.8937,-73.86175,0,0,Unsafe Speed,4443432,26.4,17.2,0.0,0.0,0.0,0.0,3,18.4,37.4,313,Overcast,0,0,
65079,2021-08-02 16:53:00,40.80543,-73.92087,1,0,Unspecified,4443105,26.4,17.2,0.0,0.0,0.0,0.0,3,18.4,37.4,313,Overcast,1,1,
65080,2021-07-30 12:30:00,40.7549,-73.74548,0,0,Unsafe Lane Changing,4443768,27.6,19.1,0.0,0.0,0.0,0.0,1,24.2,45.7,310,Mainly clear,0,0,Sunny/Clear Conditions
65081,2021-08-02 14:35:00,40.77144,-73.95939,0,0,Pedestrian/Bicyclist/Other Pedestrian Error/Confusion,4443166,26.4,17.2,0.0,0.0,0.0,0.0,3,18.4,37.4,313,Overcast,0,0,
65082,2021-08-02 15:35:00,40.883453,-73.87774,0,0,Driver Inexperience,4443026,26.4,17.2,0.0,0.0,0.0,0.0,3,18.4,37.4,313,Overcast,0,0,
65083,2021-08-02 05:50:00,40.838757,-73.882904,0,0,Driver Inattention/Distraction,4442865,26.4,17.2,0.0,0.0,0.0,0.0,3,18.4,37.4,313,Overcast,0,0,
65084,2021-08-02 15:45:00,40.656963,-74.0088,0,0,Other Vehicular,4443311,26.4,17.2,0.0,0.0,0.0,0.0,3,18.4,37.4,313,Overcast,0,0,
65085,2021-08-02 17:07:00,40.76776,-73.78932,0,0,Driver Inattention/Distraction,4443484,26.4,17.2,0.0,0.0,0.0,0.0,3,18.4,37.4,313,Overcast,0,0,
65086,2021-08-02 00:05:00,40.719738,-73.78574,1,0,Driver Inexperience,4443059,26.4,17.2,0.0,0.0,0.0,0.0,3,18.4,37.4,313,Overcast,1,1,
65087,2021-08-02 19:13:00,40.681118,-73.96443,0,0,Driver Inattention/Distraction,4443053,26.4,17.2,0.0,0.0,0.0,0.0,3,18.4,37.4,313,Overcast,0,0,
65088,2021-08-02 17:38:00,40.86357,-73.92602,0,0,Passing or Lane Usage Improper,4443346,26.4,17.2,0.0,0.0,0.0,0.0,3,18.4,37.4,313,Overcast,0,0,
65089,2021-07-24 07:15:00,40.66184,-73.93488,0,0,Driver Inattention/Distraction,4443748,26.8,18.2,0.0,0.0,0.0,0.0,3,16.3,31.7,152,Overcast,0,0,
65090,2021-08-02 15:30:00,40.66873,-73.85585,1,0,Unsafe Speed,4443098,26.4,17.2,0.0,0.0,0.0,0.0,3,18.4,37.4,313,Overcast,1,1,
65091,2021-08-02 10:05:00,40.61748,-73.95556,1,0,Physical Disability,4443133,26.4,17.2,0.0,0.0,0.0,0.0,3,18.4,37.4,313,Overcast,1,1,
65092,2021-08-02 14:20:00,40.714584,-74.00723,0,0,Driver Inattention/Distraction,4443699,26.4,17.2,0.0,0.0,0.0,0.0,3,18.4,37.4,313,Overcast,0,0,
65093,2021-08-02 11:55:00,40.833828,-73.931564,1,0,Steering Failure,4443147,26.4,17.2,0.0,0.0,0.0,0.0,3,18.4,37.4,313,Overcast,1,1,
65094,2021-08-02 17:25:00,40.74855,-73.89582,0,0,Following Too Closely,4443088,26.4,17.2,0.0,0.0,0.0,0.0,3,18.4,37.4,313,Overcast,0,0,
65095,2021-08-01 23:02:00,40.693874,-73.91777,1,0,Pedestrian/Bicyclist/Other Pedestrian Error/Confusion,4443597,24.4,16.6,0.8,0.8,0.0,5.0,51,19.9,39.2,168,Drizzle: Light,1,1,
65096,2021-08-02 14:29:00,40.58657,-74.09206,0,0,Unspecified,4443617,26.4,17.2,0.0,0.0,0.0,0.0,3,18.4,37.4,313,Overcast,0,0,
65097,2021-07-10 16:55:00,40.84037,-73.86712,1,0,Following Too Closely,4443637,25.5,20.7,0.5,0.5,0.0,3.0,51,14.5,29.9,1,Drizzle: Light,1,1,
65098,2021-08-02 22:50:00,40.629616,-73.94248,0,0,Other Vehicular,4443111,26.4,17.2,0.0,0.0,0.0,0.0,3,18.4,37.4,313,Overcast,0,0,
65099,2022-01-04 18:05:00,40.658337,-73.87759,2,0,Unspecified,4492441,0.7,-6.7,0.0,0.0,0.0,0.0,3,20.0,36.4,287,Overcast,2,2,
65100,2021-08-02 15:45:00,40.862442,-73.89715,0,0,Driver Inattention/Distraction,4443155,26.4,17.2,0.0,0.0,0.0,0.0,3,18.4,37.4,313,Overcast,0,0,
65101,2022-01-19 22:10:00,40.78148,-73.95625,1,0,Following Too Closely,4496107,7.6,-4.9,0.0,0.0,0.0,0.0,3,23.5,43.2,208,Overcast,1,1,
65102,2022-01-20 16:00:00,40.732887,-73.87443,3,0,Driver Inattention/Distraction,4496154,5.2,-5.5,7.3,4.6,1.89,10.0,73,22.3,40.0,315,Snow fall: Moderate,3,3,Snowy Conditions
65103,2022-01-17 19:00:00,40.649624,-73.88383,0,0,Unspecified,4496194,9.7,0.4,33.6,32.8,0.56,12.0,73,54.1,99.7,183,Snow fall: Moderate,0,0,Snowy Conditions
65104,2022-04-12 10:25:00,40.753696,-73.803955,0,0,Failure to Yield Right-of-Way,4518388,20.4,7.7,1.6,1.6,0.0,3.0,53,17.8,36.0,271,Drizzle: Moderate,0,0,
65105,2022-04-12 17:15:00,40.67226,-73.87557,0,0,Aggressive Driving/Road Rage,4518671,20.4,7.7,1.6,1.6,0.0,3.0,53,17.8,36.0,271,Drizzle: Moderate,0,0,
65106,2022-04-12 02:05:00,40.866062,-73.86538,1,0,Driver Inattention/Distraction,4518313,20.4,7.7,1.6,1.6,0.0,3.0,53,17.8,36.0,271,Drizzle: Moderate,1,1,
65107,2022-04-12 10:00:00,40.812126,-73.90419,0,0,Following Too Closely,4518483,20.4,7.7,1.6,1.6,0.0,3.0,53,17.8,36.0,271,Drizzle: Moderate,0,0,
65108,2022-04-12 21:40:00,40.7081,-73.999405,0,0,Driver Inattention/Distraction,4518740,20.4,7.7,1.6,1.6,0.0,3.0,53,17.8,36.0,271,Drizzle: Moderate,0,0,
65109,2022-04-12 10:23:00,40.67467,-73.822525,1,0,Turning Improperly,4518635,20.4,7.7,1.6,1.6,0.0,3.0,53,17.8,36.0,271,Drizzle: Moderate,1,1,
65110,2022-04-12 13:27:00,40.840164,-73.84262,1,0,Unspecified,4518420,20.4,7.7,1.6,1.6,0.0,3.0,53,17.8,36.0,271,Drizzle: Moderate,1,1,
65111,2022-04-03 03:55:00,40.763893,-73.915,0,0,Alcohol Involvement,4518962,8.3,3.4,3.1,3.1,0.0,5.0,61,21.9,38.2,274,Rain: Light,0,0,
65112,2022-04-12 10:30:00,40.741547,-73.98958,1,0,Driver Inattention/Distraction,4518922,20.4,7.7,1.6,1.6,0.0,3.0,53,17.8,36.0,271,Drizzle: Moderate,1,1,
65113,2021-10-07 04:32:00,40.7215085,-73.7893972,0,0,Aggressive Driving/Road Rage,4468735,22.4,15.7,0.4,0.4,0.0,4.0,51,10.5,20.5,231,Drizzle: Light,0,0,
65114,2022-04-12 13:15:00,40.631336,-74.1478,0,0,Driver Inattention/Distraction,4518534,20.4,7.7,1.6,1.6,0.0,3.0,53,17.8,36.0,271,Drizzle: Moderate,0,0,
65115,2022-04-12 14:50:00,40.754055,-73.99583,1,0,Passing or Lane Usage Improper,4518513,20.4,7.7,1.6,1.6,0.0,3.0,53,17.8,36.0,271,Drizzle: Moderate,1,1,
65116,2021-10-18 12:00:00,40.7409183,-73.8372685,1,0,Following Too Closely,4468739,15.8,9.2,0.0,0.0,0.0,0.0,2,32.4,58.3,296,Partly cloudy,1,1,
65117,2022-03-29 20:35:00,40.6202,-73.966286,0,0,Unspecified,4518861,3.3,-5.2,0.0,0.0,0.0,0.0,2,29.3,54.4,311,Partly cloudy,0,0,
65118,2022-04-11 15:45:00,40.618732,-74.17606,0,0,Passing or Lane Usage Improper,4518894,13.1,1.8,0.0,0.0,0.0,0.0,3,18.6,36.4,246,Overcast,0,0,
65119,2021-10-18 11:30:00,40.5838165,-73.9693747,1,0,Driver Inattention/Distraction,4468743,15.8,9.2,0.0,0.0,0.0,0.0,2,32.4,58.3,296,Partly cloudy,1,1,