,CRASH DATETIME,LATITUDE,LONGITUDE,NUMBER OF PERSONS INJURED,NUMBER OF PERSONS KILLED,CONTRIBUTING FACTOR VEHICLE 1,COLLISION_ID,temperature_2m_max,temperature_2m_min,precipitation_sum,rain_sum,snowfall_sum,precipitation_hours,weather_code,wind_speed_10m_max,wind_gusts_10m_max,wind_direction_10m_dominant,Weather Description,Severity_Score,Total_Affected_Persons,Weather_Category
65120,2022-04-12 08:40:00,40.6915,-73.988525,0,0,Driver Inattention/Distraction,4518411,20.4,7.7,1.6,1.6,0.0,3.0,53,17.8,36.0,271,Drizzle: Moderate,0,0,
65121,2022-04-12 05:22:00,40.61986,-73.982376,0,0,Unspecified,4518371,20.4,7.7,1.6,1.6,0.0,3.0,53,17.8,36.0,271,Drizzle: Moderate,0,0,
65122,2022-04-12 18:12:00,40.713875,-73.75405,1,0,Unspecified,4518974,20.4,7.7,1.6,1.6,0.0,3.0,53,17.8,36.0,271,Drizzle: Moderate,1,1,
65123,2022-04-12 16:10:00,40.679108,-73.88062,0,0,Unspecified,4518678,20.4,7.7,1.6,1.6,0.0,3.0,53,17.8,36.0,271,Drizzle: Moderate,0,0,
65124,2022-04-12 00:00:00,40.67054,-73.820885,0,0,Passing or Lane Usage Improper,4518795,20.4,7.7,1.6,1.6,0.0,3.0,53,17.8,36.0,271,Drizzle: Moderate,0,0,
65125,2022-04-12 15:30:00,40.70114,-73.73827,0,0,Failure to Yield Right-of-Way,4518457,20.4,7.7,1.6,1.6,0.0,3.0,53,17.8,36.0,271,Drizzle: Moderate,0,0,
65126,2022-04-12 14:53:00,40.818504,-73.91448,1,0,Driver Inattention/Distraction,4518564,20.4,7.7,1.6,1.6,0.0,3.0,53,17.8,36.0,271,Drizzle: Moderate,1,1,
65127,2021-10-19 07:10:00,40.651873,-73.8653471,0,0,Passing or Lane Usage Improper,4468754,19.1,8.3,0.0,0.0,0.0,0.0,1,24.6,45.0,272,Mainly clear,0,0,Sunny/Clear Conditions
65128,2022-01-24 00:02:00,40.66479,-73.91532,1,0,Traffic Control Disregarded,4497053,0.2,-2.7,0.3,0.0,0.21,2.0,71,15.1,31.0,307,Snow fall: Light,1,1,Snowy Conditions
65129,2022-01-24 07:05:00,40.636864,-74.15287,0,0,Driver Inattention/Distraction,4497232,0.2,-2.7,0.3,0.0,0.21,2.0,71,15.1,31.0,307,Snow fall: Light,0,0,Snowy Conditions
65130,2022-01-24 01:00:00,40.719524,-73.99315,0,0,Alcohol Involvement,4497132,0.2,-2.7,0.3,0.0,0.21,2.0,71,15.1,31.0,307,Snow fall: Light,0,0,Snowy Conditions
65131,2021-10-10 20:40:00,40.810993,-73.9542878,1,0,Traffic Control Disregarded,4468758,18.5,16.0,2.4,2.4,0.0,8.0,53,27.2,52.6,52,Drizzle: Moderate,1,1,
65132,2022-01-20 12:54:00,40.639267,-74.0941,0,0,Unspecified,4497531,5.2,-5.5,7.3,4.6,1.89,10.0,73,22.3,40.0,315,Snow fall: Moderate,0,0,Snowy Conditions
65133,2022-01-24 15:00:00,40.794132,-73.94282,1,0,Traffic Control Disregarded,4497500,0.2,-2.7,0.3,0.0,0.21,2.0,71,15.1,31.0,307,Snow fall: Light,1,1,Snowy Conditions
65134,2022-01-24 00:50:00,40.690193,-73.81462,0,0,Unspecified,4496769,0.2,-2.7,0.3,0.0,0.21,2.0,71,15.1,31.0,307,Snow fall: Light,0,0,Snowy Conditions
65135,2022-01-24 05:40:00,40.759727,-73.8455,0,0,Driver Inattention/Distraction,4497084,0.2,-2.7,0.3,0.0,0.21,2.0,71,15.1,31.0,307,Snow fall: Light,0,0,Snowy Conditions
65136,2022-01-21 12:20:00,40.61183,-74.00108,1,0,Lost Consciousness,4497401,-5.3,-11.6,0.0,0.0,0.0,0.0,3,21.9,40.0,2,Overcast,1,1,
65137,2022-01-24 12:57:00,40.61241,-74.13281,0,0,Driver Inattention/Distraction,4497158,0.2,-2.7,0.3,0.0,0.21,2.0,71,15.1,31.0,307,Snow fall: Light,0,0,Snowy Conditions
65138,2022-01-24 00:55:00,40.651974,-73.86542,1,0,Unspecified,4497472,0.2,-2.7,0.3,0.0,0.21,2.0,71,15.1,31.0,307,Snow fall: Light,1,1,Snowy Conditions
65139,2022-01-19 11:30:00,40.621178,-73.92132,0,0,Passing Too Closely,4497590,7.6,-4.9,0.0,0.0,0.0,0.0,3,23.5,43.2,208,Overcast,0,0,
65140,2022-01-16 05:30:00,40.84467,-73.8972,0,0,Alcohol Involvement,4497712,1.3,-13.5,4.4,0.7,2.59,4.0,75,28.1,47.2,36,Snow fall: Heavy,0,0,Snowy Conditions
65141,2021-10-11 15:00:00,40.6944252,-73.8009367,1,0,Unspecified,4468769,21.7,16.3,0.0,0.0,0.0,0.0,3,25.7,49.7,41,Overcast,1,1,
65142,2022-01-24 04:43:00,40.74218,-73.850876,0,0,Unspecified,4496814,0.2,-2.7,0.3,0.0,0.21,2.0,71,15.1,31.0,307,Snow fall: Light,0,0,Snowy Conditions
65143,2022-04-12 09:36:00,40.67122,-73.88276,2,0,Following Too Closely,4518729,20.4,7.7,1.6,1.6,0.0,3.0,53,17.8,36.0,271,Drizzle: Moderate,2,2,
65144,2022-01-19 19:48:00,40.76531,-73.99134,1,0,Unspecified,4497582,7.6,-4.9,0.0,0.0,0.0,0.0,3,23.5,43.2,208,Overcast,1,1,
65145,2022-01-18 10:30:00,40.66682,-73.88166,0,0,Failure to Yield Right-of-Way,4497454,1.7,-4.9,0.0,0.0,0.0,0.0,3,30.9,58.3,294,Overcast,0,0,
65146,2022-01-24 07:50:00,40.74689,-73.92081,1,0,Unspecified,4496895,0.2,-2.7,0.3,0.0,0.21,2.0,71,15.1,31.0,307,Snow fall: Light,1,1,Snowy Conditions
65147,2022-01-24 06:30:00,40.788784,-73.79116,0,0,View Obstructed/Limited,4497036,0.2,-2.7,0.3,0.0,0.21,2.0,71,15.1,31.0,307,Snow fall: Light,0,0,Snowy Conditions
65148,2022-01-24 18:45:00,40.676632,-73.95944,0,0,Passing or Lane Usage Improper,4497263,0.2,-2.7,0.3,0.0,0.21,2.0,71,15.1,31.0,307,Snow fall: Light,0,0,Snowy Conditions
65149,2022-01-24 09:15:00,40.87987,-73.842026,0,0,Driver Inexperience,4497301,0.2,-2.7,0.3,0.0,0.21,2.0,71,15.1,31.0,307,Snow fall: Light,0,0,Snowy Conditions
65150,2022-01-23 06:40:00,40.810276,-73.94738,0,0,Reaction to Uninvolved Vehicle,4497414,2.8,-6.1,0.5,0.0,0.35,3.0,71,14.2,28.1,243,Snow fall: Light,0,0,Snowy Conditions
65151,2022-01-22 14:30:00,40.683002,-73.883514,0,0,Unspecified,4497432,-1.3,-12.3,0.0,0.0,0.0,0.0,3,18.4,32.8,1,Overcast,0,0,
65152,2022-01-24 15:20:00,40.839867,-73.94064,0,0,Driver Inattention/Distraction,4497014,0.2,-2.7,0.3,0.0,0.21,2.0,71,15.1,31.0,307,Snow fall: Light,0,0,Snowy Conditions
65153,2022-01-24 12:35:00,40.817368,-73.81049,0,0,Unspecified,4496968,0.2,-2.7,0.3,0.0,0.21,2.0,71,15.1,31.0,307,Snow fall: Light,0,0,Snowy Conditions
65154,2022-01-21 18:06:00,40.60301,-74.016884,1,0,Following Too Closely,4497642,-5.3,-11.6,0.0,0.0,0.0,0.0,3,21.9,40.0,2,Overcast,1,1,
65155,2022-01-16 06:30:00,40.83828,-73.92728,1,0,Driver Inexperience,4497691,1.3,-13.5,4.4,0.7,2.59,4.0,75,28.1,47.2,36,Snow fall: Heavy,1,1,Snowy Conditions
65156,2022-01-24 15:14:00,40.682957,-73.99788,0,0,Aggressive Driving/Road Rage,4497004,0.2,-2.7,0.3,0.0,0.21,2.0,71,15.1,31.0,307,Snow fall: Light,0,0,Snowy Conditions
65157,2022-01-24 10:10:00,40.835335,-73.87001,0,0,Following Too Closely,4496971,0.2,-2.7,0.3,0.0,0.21,2.0,71,15.1,31.0,307,Snow fall: Light,0,0,Snowy Conditions
65158,2022-01-24 10:28:00,40.758785,-73.79047,0,1,Unspecified,4497550,0.2,-2.7,0.3,0.0,0.21,2.0,71,15.1,31.0,307,Snow fall: Light,20,1,Snowy Conditions
65159,2022-01-24 20:16:00,40.749664,-73.98158,1,0,Following Too Closely,4497030,0.2,-2.7,0.3,0.0,0.21,2.0,71,15.1,31.0,307,Snow fall: Light,1,1,Snowy Conditions
65160,2022-01-24 05:00:00,40.68057,-73.851,0,0,Traffic Control Disregarded,4496900,0.2,-2.7,0.3,0.0,0.21,2.0,71,15.1,31.0,307,Snow fall: Light,0,0,Snowy Conditions
65161,2022-01-24 12:18:00,40.655785,-73.86289,1,0,Driver Inattention/Distraction,4497430,0.2,-2.7,0.3,0.0,0.21,2.0,71,15.1,31.0,307,Snow fall: Light,1,1,Snowy Conditions
65162,2022-01-24 13:14:00,40.853027,-73.91827,0,0,Passing or Lane Usage Improper,4497150,0.2,-2.7,0.3,0.0,0.21,2.0,71,15.1,31.0,307,Snow fall: Light,0,0,Snowy Conditions
65163,2022-01-24 07:31:00,40.66735,-73.76994,2,0,Following Too Closely,4497188,0.2,-2.7,0.3,0.0,0.21,2.0,71,15.1,31.0,307,Snow fall: Light,2,2,Snowy Conditions
65164,2022-01-22 05:10:00,40.673294,-73.89519,0,0,Driver Inattention/Distraction,4497447,-1.3,-12.3,0.0,0.0,0.0,0.0,3,18.4,32.8,1,Overcast,0,0,
65165,2022-01-24 12:26:00,40.687504,-73.97995,0,0,Following Too Closely,4497326,0.2,-2.7,0.3,0.0,0.21,2.0,71,15.1,31.0,307,Snow fall: Light,0,0,Snowy Conditions
65166,2022-01-21 14:00:00,40.677208,-73.89723,0,0,Unsafe Lane Changing,4497439,-5.3,-11.6,0.0,0.0,0.0,0.0,3,21.9,40.0,2,Overcast,0,0,
65167,2022-01-24 12:00:00,40.540012,-74.22283,0,0,Illnes,4496958,0.2,-2.7,0.3,0.0,0.21,2.0,71,15.1,31.0,307,Snow fall: Light,0,0,Snowy Conditions
65168,2021-10-18 19:11:00,40.6056787,-74.0309407,0,0,Passing or Lane Usage Improper,4468802,15.8,9.2,0.0,0.0,0.0,0.0,2,32.4,58.3,296,Partly cloudy,0,0,
65169,2022-01-24 08:30:00,40.698807,-73.91837,1,0,Driver Inattention/Distraction,4497092,0.2,-2.7,0.3,0.0,0.21,2.0,71,15.1,31.0,307,Snow fall: Light,1,1,Snowy Conditions
65170,2022-01-24 15:00:00,40.636375,-74.02154,0,0,Driver Inattention/Distraction,4497625,0.2,-2.7,0.3,0.0,0.21,2.0,71,15.1,31.0,307,Snow fall: Light,0,0,Snowy Conditions
65171,2022-01-24 22:30:00,40.756134,-73.74047,1,0,Driver Inattention/Distraction,4497298,0.2,-2.7,0.3,0.0,0.21,2.0,71,15.1,31.0,307,Snow fall: Light,1,1,Snowy Conditions
65172,2022-01-24 04:30:00,40.678234,-73.89753,0,0,Driver Inattention/Distraction,4497488,0.2,-2.7,0.3,0.0,0.21,2.0,71,15.1,31.0,307,Snow fall: Light,0,0,Snowy Conditions
65173,2021-10-09 15:40:00,40.7151868,-73.9519598,0,0,Following Too Closely,4468807,20.2,15.2,1.2,1.2,0.0,5.0,51,22.8,42.8,71,Drizzle: Light,0,0,
65174,2022-01-14 11:49:00,40.659996,-73.87553,0,0,View Obstructed/Limited,4497643,5.0,-5.0,0.0,0.0,0.0,0.0,3,34.6,62.6,358,Overcast,0,0,
65175,2021-10-12 08:40:00,40.707935,-73.7856861,0,0,Passing Too Closely,4468809,21.6,15.2,0.0,0.0,0.0,0.0,3,11.8,23.8,81,Overcast,0,0,
65176,2021-10-12 18:30:00,40.6713386,-73.9447945,0,0,Unsafe Speed,4468810,21.6,15.2,0.0,0.0,0.0,0.0,3,11.8,23.8,81,Overcast,0,0,
65177,2022-01-24 10:01:00,40.78382,-73.85645,0,0,Driver Inattention/Distraction,4497037,0.2,-2.7,0.3,0.0,0.21,2.0,71,15.1,31.0,307,Snow fall: Light,0,0,Snowy Conditions
65178,2022-01-24 17:00:00,40.820187,-73.890686,0,0,Following Too Closely,4497066,0.2,-2.7,0.3,0.0,0.21,2.0,71,15.1,31.0,307,Snow fall: Light,0,0,Snowy Conditions
65179,2022-01-21 00:00:00,40.818394,-73.95089,0,0,Other Vehicular,4497561,-5.3,-11.6,0.0,0.0,0.0,0.0,3,21.9,40.0,2,Overcast,0,0,
65180,2021-10-12 04:35:00,40.8636899,-73.9170643,2,0,Driver Inattention/Distraction,4468817,21.6,15.2,0.0,0.0,0.0,0.0,3,11.8,23.8,81,Overcast,2,2,
65181,2022-01-24 02:30:00,40.703728,-73.87304,2,0,Unsafe Speed,4496980,0.2,-2.7,0.3,0.0,0.21,2.0,71,15.1,31.0,307,Snow fall: Light,2,2,Snowy Conditions
65182,2022-01-24 00:10:00,40.645256,-73.874954,0,0,Following Too Closely,4497471,0.2,-2.7,0.3,0.0,0.21,2.0,71,15.1,31.0,307,Snow fall: Light,0,0,Snowy Conditions
65183,2021-10-11 00:21:00,40.8481201,-73.9308839,1,0,Driver Inattention/Distraction,4468820,21.7,16.3,0.0,0.0,0.0,0.0,3,25.7,49.7,41,Overcast,1,1,
65184,2022-01-24 07:00:00,40.693726,-73.92572,0,0,Following Too Closely,4497389,0.2,-2.7,0.3,0.0,0.21,2.0,71,15.1,31.0,307,Snow fall: Light,0,0,Snowy Conditions
65185,2022-01-20 07:03:00,40.67736,-73.87645,0,0,Unspecified,4497425,5.2,-5.5,7.3,4.6,1.89,10.0,73,22.3,40.0,315,Snow fall: Moderate,0,0,Snowy Conditions
65186,2022-01-24 13:25:00,40.67897,-73.895706,0,0,Unspecified,4497463,0.2,-2.7,0.3,0.0,0.21,2.0,71,15.1,31.0,307,Snow fall: Light,0,0,Snowy Conditions
65187,2022-01-18 01:05:00,40.669434,-73.9255,0,0,Driver Inattention/Distraction,4497540,1.7,-4.9,0.0,0.0,0.0,0.0,3,30.9,58.3,294,Overcast,0,0,
65188,2022-01-24 15:30:00,40.822735,-73.94763,0,0,Passing or Lane Usage Improper,4497143,0.2,-2.7,0.3,0.0,0.21,2.0,71,15.1,31.0,307,Snow fall: Light,0,0,Snowy Conditions
65189,2022-01-14 12:30:00,40.89711,-73.88008,1,0,Reaction to Uninvolved Vehicle,4497515,5.0,-5.0,0.0,0.0,0.0,0.0,3,34.6,62.6,358,Overcast,1,1,
65190,2022-01-24 11:50:00,40.73624,-74.00318,0,0,Driver Inattention/Distraction,4497177,0.2,-2.7,0.3,0.0,0.21,2.0,71,15.1,31.0,307,Snow fall: Light,0,0,Snowy Conditions
65191,2022-01-24 22:00:00,40.724796,-73.952415,0,0,Unspecified,4497076,0.2,-2.7,0.3,0.0,0.21,2.0,71,15.1,31.0,307,Snow fall: Light,0,0,Snowy Conditions
65192,2021-10-12 16:20:00,40.5441955,-74.1763418,1,0,Unspecified,4468829,21.6,15.2,0.0,0.0,0.0,0.0,3,11.8,23.8,81,Overcast,1,1,
65193,2022-01-24 18:22:00,40.634468,-74.086945,0,0,Unspecified,4497275,0.2,-2.7,0.3,0.0,0.21,2.0,71,15.1,31.0,307,Snow fall: Light,0,0,Snowy Conditions
65194,2022-01-23 23:43:00,40.731182,-73.871605,0,0,Driver Inattention/Distraction,4497612,2.8,-6.1,0.5,0.0,0.35,3.0,71,14.2,28.1,243,Snow fall: Light,0,0,Snowy Conditions
65195,2022-01-24 16:15:00,40.75357,-73.814575,0,0,Unspecified,4497041,0.2,-2.7,0.3,0.0,0.21,2.0,71,15.1,31.0,307,Snow fall: Light,0,0,Snowy Conditions
65196,2022-01-20 19:27:00,40.673954,-73.88599,0,0,Unspecified,4497481,5.2,-5.5,7.3,4.6,1.89,10.0,73,22.3,40.0,315,Snow fall: Moderate,0,0,Snowy Conditions
65197,2022-01-23 02:40:00,40.72662,-73.757324,0,0,Reaction to Uninvolved Vehicle,4497658,2.8,-6.1,0.5,0.0,0.35,3.0,71,14.2,28.1,243,Snow fall: Light,0,0,Snowy Conditions
65198,2022-01-24 22:05:00,40.825413,-73.923485,0,0,Unsafe Speed,4497218,0.2,-2.7,0.3,0.0,0.21,2.0,71,15.1,31.0,307,Snow fall: Light,0,0,Snowy Conditions
65199,2022-01-24 16:45:00,40.622787,-73.960945,1,0,Driver Inattention/Distraction,4497086,0.2,-2.7,0.3,0.0,0.21,2.0,71,15.1,31.0,307,Snow fall: Light,1,1,Snowy Conditions
65200,2021-10-03 21:00:00,40.6348753,-74.1379484,1,0,Alcohol Involvement,4468838,25.9,12.8,0.0,0.0,0.0,0.0,3,12.0,24.1,217,Overcast,1,1,
65201,2022-01-24 10:30:00,40.823467,-73.92447,0,0,Unsafe Lane Changing,4497220,0.2,-2.7,0.3,0.0,0.21,2.0,71,15.1,31.0,307,Snow fall: Light,0,0,Snowy Conditions
65202,2022-01-24 21:10:00,40.85706,-73.90469,0,0,Passing Too Closely,4497160,0.2,-2.7,0.3,0.0,0.21,2.0,71,15.1,31.0,307,Snow fall: Light,0,0,Snowy Conditions
65203,2022-01-23 13:30:00,40.665535,-73.93699,0,0,Driver Inattention/Distraction,4497525,2.8,-6.1,0.5,0.0,0.35,3.0,71,14.2,28.1,243,Snow fall: Light,0,0,Snowy Conditions
65204,2022-01-24 03:20:00,40.665268,-73.827705,0,0,Unsafe Lane Changing,4496771,0.2,-2.7,0.3,0.0,0.21,2.0,71,15.1,31.0,307,Snow fall: Light,0,0,Snowy Conditions
65205,2022-01-24 16:20:00,40.684624,-73.93838,1,0,Unsafe Speed,4497569,0.2,-2.7,0.3,0.0,0.21,2.0,71,15.1,31.0,307,Snow fall: Light,1,1,Snowy Conditions
65206,2022-01-19 17:11:00,40.754147,-73.722885,0,0,Unspecified,4495843,7.6,-4.9,0.0,0.0,0.0,0.0,3,23.5,43.2,208,Overcast,0,0,
65207,2022-01-24 19:18:00,40.605797,-73.95773,1,0,Driver Inattention/Distraction,4497062,0.2,-2.7,0.3,0.0,0.21,2.0,71,15.1,31.0,307,Snow fall: Light,1,1,Snowy Conditions
65208,2022-01-13 18:25:00,40.602528,-74.015114,0,0,Following Too Closely,4497458,7.1,-3.7,0.0,0.0,0.0,0.0,3,9.7,18.7,193,Overcast,0,0,
65209,2022-01-22 07:15:00,40.72593,-73.99466,3,0,Alcohol Involvement,4497711,-1.3,-12.3,0.0,0.0,0.0,0.0,3,18.4,32.8,1,Overcast,3,3,
65210,2022-01-19 08:50:00,40.711998,-73.82286,0,0,Driver Inattention/Distraction,4497654,7.6,-4.9,0.0,0.0,0.0,0.0,3,23.5,43.2,208,Overcast,0,0,
65211,2022-01-20 10:30:00,40.58197,-73.95495,1,0,Other Vehicular,4497499,5.2,-5.5,7.3,4.6,1.89,10.0,73,22.3,40.0,315,Snow fall: Moderate,1,1,Snowy Conditions
65212,2022-01-24 03:05:00,40.81033,-73.8854,0,0,Unsafe Speed,4496829,0.2,-2.7,0.3,0.0,0.21,2.0,71,15.1,31.0,307,Snow fall: Light,0,0,Snowy Conditions
65213,2022-01-24 15:00:00,40.705944,-73.81202,1,0,Unspecified,4497530,0.2,-2.7,0.3,0.0,0.21,2.0,71,15.1,31.0,307,Snow fall: Light,1,1,Snowy Conditions
65214,2022-01-24 13:45:00,40.745304,-73.82595,1,0,Backing Unsafely,4497040,0.2,-2.7,0.3,0.0,0.21,2.0,71,15.1,31.0,307,Snow fall: Light,1,1,Snowy Conditions
65215,2022-01-24 14:00:00,40.848545,-73.90679,0,0,Obstruction/Debris,4497161,0.2,-2.7,0.3,0.0,0.21,2.0,71,15.1,31.0,307,Snow fall: Light,0,0,Snowy Conditions
65216,2021-12-28 20:02:00,40.674953,-73.80205,1,0,Passing or Lane Usage Improper,4497584,8.5,2.2,0.0,0.0,0.0,0.0,3,12.5,22.0,271,Overcast,1,1,
65217,2022-01-24 06:30:00,40.8086,-73.909775,0,0,Unspecified,4497080,0.2,-2.7,0.3,0.0,0.21,2.0,71,15.1,31.0,307,Snow fall: Light,0,0,Snowy Conditions
65218,2022-01-24 00:00:00,40.674786,-73.8762,1,0,Driver Inattention/Distraction,4497452,0.2,-2.7,0.3,0.0,0.21,2.0,71,15.1,31.0,307,Snow fall: Light,1,1,Snowy Conditions
65219,2022-01-24 13:00:00,40.60915,-73.96997,0,0,Driver Inattention/Distraction,4497479,0.2,-2.7,0.3,0.0,0.21,2.0,71,15.1,31.0,307,Snow fall: Light,0,0,Snowy Conditions
65220,2022-01-24 05:24:00,40.75537,-73.98746,1,0,Unspecified,4497133,0.2,-2.7,0.3,0.0,0.21,2.0,71,15.1,31.0,307,Snow fall: Light,1,1,Snowy Conditions
65221,2022-01-12 21:46:00,40.77247,-73.91959,1,0,Pedestrian/Bicyclist/Other Pedestrian Error/Confusion,4497699,4.6,-7.3,0.0,0.0,0.0,0.0,3,20.5,39.2,213,Overcast,1,1,
65222,2022-01-18 11:26:00,40.813885,-73.95211,0,0,Other Vehicular,4497560,1.7,-4.9,0.0,0.0,0.0,0.0,3,30.9,58.3,294,Overcast,0,0,
65223,2022-01-24 05:07:00,40.649307,-74.00367,0,0,Fell Asleep,4496976,0.2,-2.7,0.3,0.0,0.21,2.0,71,15.1,31.0,307,Snow fall: Light,0,0,Snowy Conditions
65224,2022-01-24 22:56:00,40.735424,-73.84466,1,0,Driver Inattention/Distraction,4497365,0.2,-2.7,0.3,0.0,0.21,2.0,71,15.1,31.0,307,Snow fall: Light,1,1,Snowy Conditions
65225,2022-01-21 13:56:00,40.71384,-73.99273,1,0,Driver Inattention/Distraction,4497674,-5.3,-11.6,0.0,0.0,0.0,0.0,3,21.9,40.0,2,Overcast,1,1,
65226,2021-10-19 13:15:00,40.7412428,-73.8457301,0,0,Following Too Closely,4468869,19.1,8.3,0.0,0.0,0.0,0.0,1,24.6,45.0,272,Mainly clear,0,0,Sunny/Clear Conditions
65227,2022-01-24 11:35:00,40.59842,-73.96019,0,0,Driver Inattention/Distraction,4497056,0.2,-2.7,0.3,0.0,0.21,2.0,71,15.1,31.0,307,Snow fall: Light,0,0,Snowy Conditions
65228,2022-01-24 16:49:00,40.651688,-73.88877,0,0,Turning Improperly,4497442,0.2,-2.7,0.3,0.0,0.21,2.0,71,15.1,31.0,307,Snow fall: Light,0,0,Snowy Conditions
65229,2022-01-22 14:05:00,40.73951,-73.98475,0,0,Glare,4497589,-1.3,-12.3,0.0,0.0,0.0,0.0,3,18.4,32.8,1,Overcast,0,0,
65230,2022-01-24 10:00:00,40.71157,-73.785034,0,0,Driver Inattention/Distraction,4496959,0.2,-2.7,0.3,0.0,0.21,2.0,71,15.1,31.0,307,Snow fall: Light,0,0,Snowy Conditions
65231,2022-01-24 23:00:00,40.5953,-74.1619,0,0,Following Too Closely,4497230,0.2,-2.7,0.3,0.0,0.21,2.0,71,15.1,31.0,307,Snow fall: Light,0,0,Snowy Conditions
65232,2022-01-24 02:25:00,40.690926,-73.92066,1,0,Failure to Yield Right-of-Way,4497390,0.2,-2.7,0.3,0.0,0.21,2.0,71,15.1,31.0,307,Snow fall: Light,1,1,Snowy Conditions
65233,2022-01-24 06:30:00,40.624928,-73.993645,0,0,Unspecified,4496995,0.2,-2.7,0.3,0.0,0.21,2.0,71,15.1,31.0,307,Snow fall: Light,0,0,Snowy Conditions
65234,2022-01-24 10:59:00,40.705296,-74.01001,0,0,Reaction to Uninvolved Vehicle,4497091,0.2,-2.7,0.3,0.0,0.21,2.0,71,15.1,31.0,307,Snow fall: Light,0,0,Snowy Conditions
65235,2022-01-23 13:44:00,40.65414,-73.88732,1,0,Unspecified,4497489,2.8,-6.1,0.5,0.0,0.35,3.0,71,14.2,28.1,243,Snow fall: Light,1,1,Snowy Conditions
65236,2022-01-24 09:30:00,40.767853,-73.934235,0,0,Unspecified,4497538,0.2,-2.7,0.3,0.0,0.21,2.0,71,15.1,31.0,307,Snow fall: Light,0,0,Snowy Conditions
65237,2021-09-28 19:08:00,40.776724,-73.9792859,0,0,Backing Unsafely,4468882,22.1,16.3,12.4,12.4,0.0,9.0,63,19.2,38.5,264,Rain: Moderate,0,0,
65238,2021-10-12 16:30:00,40.7843547,-73.9811649,0,0,Unsafe Lane Changing,4468883,21.6,15.2,0.0,0.0,0.0,0.0,3,11.8,23.8,81,Overcast,0,0,
65239,2022-01-22 10:00:00,40.680016,-73.87743,0,0,Unspecified,4497448,-1.3,-12.3,0.0,0.0,0.0,0.0,3,18.4,32.8,1,Overcast,0,0,
65240,2022-01-24 01:08:00,40.605568,-74.03118,0,0,Traffic Control Disregarded,4497047,0.2,-2.7,0.3,0.0,0.21,2.0,71,15.1,31.0,307,Snow fall: Light,0,0,Snowy Conditions
65241,2022-01-24 18:10:00,40.68846,-73.80878,1,0,Driver Inattention/Distraction,4497105,0.2,-2.7,0.3,0.0,0.21,2.0,71,15.1,31.0,307,Snow fall: Light,1,1,Snowy Conditions
65242,2022-01-05 07:05:00,40.556583,-74.176254,1,0,Pavement Slippery,4497631,6.9,-2.1,0.5,0.5,0.0,4.0,51,21.8,38.2,216,Drizzle: Light,1,1,
65243,2022-01-21 18:30:00,40.680016,-73.87743,0,0,Unsafe Speed,4497484,-5.3,-11.6,0.0,0.0,0.0,0.0,3,21.9,40.0,2,Overcast,0,0,
65244,2022-01-24 20:00:00,40.68635,-73.96241,0,0,Unspecified,4497325,0.2,-2.7,0.3,0.0,0.21,2.0,71,15.1,31.0,307,Snow fall: Light,0,0,Snowy Conditions
65245,2021-10-14 22:15:00,40.6669444,-73.7827084,0,0,Unspecified,4468890,25.0,15.4,0.0,0.0,0.0,0.0,3,15.4,29.9,328,Overcast,0,0,
65246,2022-01-24 00:12:00,40.690025,-73.82571,0,0,Following Too Closely,4496890,0.2,-2.7,0.3,0.0,0.21,2.0,71,15.1,31.0,307,Snow fall: Light,0,0,Snowy Conditions
65247,2022-01-21 08:55:00,40.657913,-73.87854,0,0,Unspecified,4497438,-5.3,-11.6,0.0,0.0,0.0,0.0,3,21.9,40.0,2,Overcast,0,0,
65248,2022-01-24 07:20:00,40.65671,-73.95648,0,0,Driver Inattention/Distraction,4497033,0.2,-2.7,0.3,0.0,0.21,2.0,71,15.1,31.0,307,Snow fall: Light,0,0,Snowy Conditions
65249,2022-01-24 18:20:00,40.766617,-73.8389,0,0,Passing or Lane Usage Improper,4497398,0.2,-2.7,0.3,0.0,0.21,2.0,71,15.1,31.0,307,Snow fall: Light,0,0,Snowy Conditions
65250,2022-01-24 18:38:00,40.566494,-74.11377,1,0,Unspecified,4497261,0.2,-2.7,0.3,0.0,0.21,2.0,71,15.1,31.0,307,Snow fall: Light,1,1,Snowy Conditions
65251,2022-01-24 06:00:00,40.845642,-73.90211,0,0,Traffic Control Disregarded,4497148,0.2,-2.7,0.3,0.0,0.21,2.0,71,15.1,31.0,307,Snow fall: Light,0,0,Snowy Conditions
65252,2022-01-24 18:15:00,40.677525,-73.963715,1,0,Driver Inattention/Distraction,4497549,0.2,-2.7,0.3,0.0,0.21,2.0,71,15.1,31.0,307,Snow fall: Light,1,1,Snowy Conditions
65253,2022-01-24 02:44:00,40.611095,-74.11467,3,0,Pavement Slippery,4497187,0.2,-2.7,0.3,0.0,0.21,2.0,71,15.1,31.0,307,Snow fall: Light,3,3,Snowy Conditions