,CRASH DATETIME,LATITUDE,LONGITUDE,NUMBER OF PERSONS INJURED,NUMBER OF PERSONS KILLED,CONTRIBUTING FACTOR VEHICLE 1,COLLISION_ID,temperature_2m_max,temperature_2m_min,precipitation_sum,rain_sum,snowfall_sum,precipitation_hours,weather_code,wind_speed_10m_max,wind_gusts_10m_max,wind_direction_10m_dominant,Weather Description,Severity_Score,Total_Affected_Persons,Weather_Category
65254,2022-01-22 15:00:00,40.678596,-73.882416,1,0,Unspecified,4497485,-1.3,-12.3,0.0,0.0,0.0,0.0,3,18.4,32.8,1,Overcast,1,1,
65255,2021-10-11 20:30:00,40.6333536,-73.8832765,0,0,Unspecified,4468904,21.7,16.3,0.0,0.0,0.0,0.0,3,25.7,49.7,41,Overcast,0,0,
65256,2022-01-24 06:00:00,40.65989,-73.91217,0,0,Unspecified,4497065,0.2,-2.7,0.3,0.0,0.21,2.0,71,15.1,31.0,307,Snow fall: Light,0,0,Snowy Conditions
65257,2022-01-19 04:59:00,40.667526,-73.868996,0,0,Unspecified,4497444,7.6,-4.9,0.0,0.0,0.0,0.0,3,23.5,43.2,208,Overcast,0,0,
65258,2022-01-24 13:00:00,40.664345,-73.88633,0,0,Other Vehicular,4497464,0.2,-2.7,0.3,0.0,0.21,2.0,71,15.1,31.0,307,Snow fall: Light,0,0,Snowy Conditions
65259,2021-08-03 15:17:00,40.593204,-73.77535,0,0,Unsafe Speed,4443612,24.2,15.3,0.0,0.0,0.0,0.0,3,10.7,21.2,7,Overcast,0,0,
65260,2021-10-19 17:30:00,40.82439,-73.8363,0,0,Passing or Lane Usage Improper,4468899,19.1,8.3,0.0,0.0,0.0,0.0,1,24.6,45.0,272,Mainly clear,0,0,Sunny/Clear Conditions
65261,2022-01-24 17:35:00,40.687668,-73.8117,1,0,Failure to Yield Right-of-Way,4497096,0.2,-2.7,0.3,0.0,0.21,2.0,71,15.1,31.0,307,Snow fall: Light,1,1,Snowy Conditions
65262,2022-01-13 15:00:00,40.76485,-73.73543,2,0,Illnes,4497410,7.1,-3.7,0.0,0.0,0.0,0.0,3,9.7,18.7,193,Overcast,2,2,
65263,2022-01-24 00:41:00,40.787693,-73.94148,1,0,Failure to Yield Right-of-Way,4496898,0.2,-2.7,0.3,0.0,0.21,2.0,71,15.1,31.0,307,Snow fall: Light,1,1,Snowy Conditions
65264,2022-01-24 22:07:00,40.633606,-73.91623,3,0,Brakes Defective,4497207,0.2,-2.7,0.3,0.0,0.21,2.0,71,15.1,31.0,307,Snow fall: Light,3,3,Snowy Conditions
65265,2022-01-24 17:00:00,40.66675,-73.779945,1,0,Unspecified,4497011,0.2,-2.7,0.3,0.0,0.21,2.0,71,15.1,31.0,307,Snow fall: Light,1,1,Snowy Conditions
65266,2022-01-24 08:29:00,40.840878,-73.90477,1,0,Driver Inattention/Distraction,4497221,0.2,-2.7,0.3,0.0,0.21,2.0,71,15.1,31.0,307,Snow fall: Light,1,1,Snowy Conditions
65267,2022-01-24 15:00:00,40.78427,-73.95634,0,0,Driver Inexperience,4497061,0.2,-2.7,0.3,0.0,0.21,2.0,71,15.1,31.0,307,Snow fall: Light,0,0,Snowy Conditions
65268,2021-10-07 08:52:00,40.7647488,-73.8214142,0,0,Unspecified,4468922,22.4,15.7,0.4,0.4,0.0,4.0,51,10.5,20.5,231,Drizzle: Light,0,0,
65269,2022-01-24 19:50:00,40.64366,-73.90067,2,0,Unspecified,4497206,0.2,-2.7,0.3,0.0,0.21,2.0,71,15.1,31.0,307,Snow fall: Light,2,2,Snowy Conditions
65270,2022-01-14 16:24:00,40.88396,-73.90128,0,0,Failure to Yield Right-of-Way,4497513,5.0,-5.0,0.0,0.0,0.0,0.0,3,34.6,62.6,358,Overcast,0,0,
65271,2022-01-24 20:29:00,40.759644,-73.98064,1,0,Turning Improperly,4497140,0.2,-2.7,0.3,0.0,0.21,2.0,71,15.1,31.0,307,Snow fall: Light,1,1,Snowy Conditions
65272,2022-01-24 04:42:00,40.666573,-73.811775,1,0,Following Too Closely,4496772,0.2,-2.7,0.3,0.0,0.21,2.0,71,15.1,31.0,307,Snow fall: Light,1,1,Snowy Conditions
65273,2022-01-21 19:20:00,40.65906,-73.88459,0,0,Following Too Closely,4497570,-5.3,-11.6,0.0,0.0,0.0,0.0,3,21.9,40.0,2,Overcast,0,0,
65274,2022-01-24 08:20:00,40.67731,-73.89913,0,0,Unspecified,4497457,0.2,-2.7,0.3,0.0,0.21,2.0,71,15.1,31.0,307,Snow fall: Light,0,0,Snowy Conditions
65275,2022-01-16 19:00:00,40.716644,-73.99582,1,0,Failure to Yield Right-of-Way,4497675,1.3,-13.5,4.4,0.7,2.59,4.0,75,28.1,47.2,36,Snow fall: Heavy,1,1,Snowy Conditions
65276,2022-01-24 14:44:00,40.791718,-73.95298,0,0,Passing Too Closely,4497391,0.2,-2.7,0.3,0.0,0.21,2.0,71,15.1,31.0,307,Snow fall: Light,0,0,Snowy Conditions
65277,2022-01-24 14:24:00,40.59052,-73.805336,1,0,Failure to Yield Right-of-Way,4496993,0.2,-2.7,0.3,0.0,0.21,2.0,71,15.1,31.0,307,Snow fall: Light,1,1,Snowy Conditions
65278,2022-01-24 07:05:00,40.63782,-73.952965,1,0,Unspecified,4496996,0.2,-2.7,0.3,0.0,0.21,2.0,71,15.1,31.0,307,Snow fall: Light,1,1,Snowy Conditions
65279,2022-01-24 08:01:00,40.707092,-73.89724,1,0,Passing or Lane Usage Improper,4497281,0.2,-2.7,0.3,0.0,0.21,2.0,71,15.1,31.0,307,Snow fall: Light,1,1,Snowy Conditions
65280,2021-08-26 09:00:00,40.681335,-73.77415,0,0,Passing Too Closely,4497565,31.8,22.8,0.1,0.1,0.0,1.0,51,14.8,29.2,228,Drizzle: Light,0,0,
65281,2022-01-24 14:59:00,40.64592,-74.02384,0,0,Unspecified,4497023,0.2,-2.7,0.3,0.0,0.21,2.0,71,15.1,31.0,307,Snow fall: Light,0,0,Snowy Conditions
65282,2022-01-24 20:25:00,40.86507,-73.87185,1,0,Following Too Closely,4497366,0.2,-2.7,0.3,0.0,0.21,2.0,71,15.1,31.0,307,Snow fall: Light,1,1,Snowy Conditions
65283,2021-10-07 20:19:00,40.7636871,-73.8144329,0,0,Backing Unsafely,4468940,22.4,15.7,0.4,0.4,0.0,4.0,51,10.5,20.5,231,Drizzle: Light,0,0,
65284,2022-01-23 11:10:00,40.70591,-73.731926,0,0,Unspecified,4497611,2.8,-6.1,0.5,0.0,0.35,3.0,71,14.2,28.1,243,Snow fall: Light,0,0,Snowy Conditions
65285,2022-01-20 07:47:00,40.6783,-73.88988,0,0,Alcohol Involvement,4497426,5.2,-5.5,7.3,4.6,1.89,10.0,73,22.3,40.0,315,Snow fall: Moderate,0,0,Snowy Conditions
65286,2022-01-12 14:45:00,40.777332,-73.95451,0,0,Driver Inattention/Distraction,4497670,4.6,-7.3,0.0,0.0,0.0,0.0,3,20.5,39.2,213,Overcast,0,0,
65287,2022-01-24 20:40:00,40.845005,-73.90741,0,0,Aggressive Driving/Road Rage,4497287,0.2,-2.7,0.3,0.0,0.21,2.0,71,15.1,31.0,307,Snow fall: Light,0,0,Snowy Conditions
65288,2022-01-20 15:30:00,40.580944,-74.002914,0,0,Unspecified,4497421,5.2,-5.5,7.3,4.6,1.89,10.0,73,22.3,40.0,315,Snow fall: Moderate,0,0,Snowy Conditions
65289,2022-01-21 17:05:00,40.67891,-73.89003,0,0,Unspecified,4497441,-5.3,-11.6,0.0,0.0,0.0,0.0,3,21.9,40.0,2,Overcast,0,0,
65290,2022-01-24 05:39:00,40.72218,-73.938736,0,0,Failure to Yield Right-of-Way,4496962,0.2,-2.7,0.3,0.0,0.21,2.0,71,15.1,31.0,307,Snow fall: Light,0,0,Snowy Conditions
65291,2022-01-21 18:40:00,40.67816,-73.897484,0,0,Following Too Closely,4497637,-5.3,-11.6,0.0,0.0,0.0,0.0,3,21.9,40.0,2,Overcast,0,0,
65292,2022-01-21 16:55:00,40.70547,-73.95024,0,0,Passing or Lane Usage Improper,4497652,-5.3,-11.6,0.0,0.0,0.0,0.0,3,21.9,40.0,2,Overcast,0,0,
65293,2022-01-24 11:17:00,40.73963,-73.82482,0,0,Unspecified,4497039,0.2,-2.7,0.3,0.0,0.21,2.0,71,15.1,31.0,307,Snow fall: Light,0,0,Snowy Conditions
65294,2021-10-19 16:59:00,40.7128108,-73.9541654,1,0,Following Too Closely,4468957,19.1,8.3,0.0,0.0,0.0,0.0,1,24.6,45.0,272,Mainly clear,1,1,Sunny/Clear Conditions
65295,2022-01-24 11:43:00,40.7293,-73.862854,1,0,Failure to Yield Right-of-Way,4497613,0.2,-2.7,0.3,0.0,0.21,2.0,71,15.1,31.0,307,Snow fall: Light,1,1,Snowy Conditions
65296,2022-01-22 00:44:00,40.665714,-73.898445,1,0,Unspecified,4497456,-1.3,-12.3,0.0,0.0,0.0,0.0,3,18.4,32.8,1,Overcast,1,1,
65297,2022-01-21 08:00:00,40.6148,-73.98766,0,0,Driver Inattention/Distraction,4497557,-5.3,-11.6,0.0,0.0,0.0,0.0,3,21.9,40.0,2,Overcast,0,0,
65298,2022-01-24 09:30:00,40.82154,-73.91842,0,0,Unspecified,4496975,0.2,-2.7,0.3,0.0,0.21,2.0,71,15.1,31.0,307,Snow fall: Light,0,0,Snowy Conditions
65299,2022-01-24 17:30:00,40.601734,-73.935036,1,0,Traffic Control Disregarded,4497058,0.2,-2.7,0.3,0.0,0.21,2.0,71,15.1,31.0,307,Snow fall: Light,1,1,Snowy Conditions
65300,2022-01-24 04:27:00,40.809914,-73.88815,0,0,Traffic Control Disregarded,4496897,0.2,-2.7,0.3,0.0,0.21,2.0,71,15.1,31.0,307,Snow fall: Light,0,0,Snowy Conditions
65301,2022-01-24 19:30:00,40.711903,-73.95129,0,0,Failure to Yield Right-of-Way,4497034,0.2,-2.7,0.3,0.0,0.21,2.0,71,15.1,31.0,307,Snow fall: Light,0,0,Snowy Conditions
65302,2022-01-24 19:29:00,40.7263,-73.94913,1,0,Unspecified,4497267,0.2,-2.7,0.3,0.0,0.21,2.0,71,15.1,31.0,307,Snow fall: Light,1,1,Snowy Conditions
65303,2022-01-24 13:00:00,40.823082,-73.86722,0,0,Driver Inattention/Distraction,4497511,0.2,-2.7,0.3,0.0,0.21,2.0,71,15.1,31.0,307,Snow fall: Light,0,0,Snowy Conditions
65304,2022-01-21 00:00:00,40.672405,-73.871185,1,0,Unspecified,4497427,-5.3,-11.6,0.0,0.0,0.0,0.0,3,21.9,40.0,2,Overcast,1,1,
65305,2022-01-24 14:35:00,40.638855,-73.98813,0,0,Failure to Yield Right-of-Way,4497081,0.2,-2.7,0.3,0.0,0.21,2.0,71,15.1,31.0,307,Snow fall: Light,0,0,Snowy Conditions
65306,2021-10-19 14:10:00,40.5845311,-73.94899,1,0,Driver Inattention/Distraction,4468973,19.1,8.3,0.0,0.0,0.0,0.0,1,24.6,45.0,272,Mainly clear,1,1,Sunny/Clear Conditions
65307,2022-01-24 16:00:00,40.66878,-73.80266,0,0,Passing or Lane Usage Improper,4497339,0.2,-2.7,0.3,0.0,0.21,2.0,71,15.1,31.0,307,Snow fall: Light,0,0,Snowy Conditions
65308,2022-01-18 14:19:00,40.6701,-73.85829,1,0,Unspecified,4497437,1.7,-4.9,0.0,0.0,0.0,0.0,3,30.9,58.3,294,Overcast,1,1,
65309,2022-01-21 19:00:00,40.60143,-74.00514,0,0,Traffic Control Disregarded,4497406,-5.3,-11.6,0.0,0.0,0.0,0.0,3,21.9,40.0,2,Overcast,0,0,
65310,2022-01-24 11:30:00,40.63322,-73.94477,0,0,Unspecified,4497155,0.2,-2.7,0.3,0.0,0.21,2.0,71,15.1,31.0,307,Snow fall: Light,0,0,Snowy Conditions
65311,2022-01-22 09:00:00,40.652462,-73.87658,0,0,Unspecified,4497474,-1.3,-12.3,0.0,0.0,0.0,0.0,3,18.4,32.8,1,Overcast,0,0,
65312,2022-01-21 05:00:00,40.739735,-74.00033,0,0,Unspecified,4497588,-5.3,-11.6,0.0,0.0,0.0,0.0,3,21.9,40.0,2,Overcast,0,0,
65313,2022-01-24 15:33:00,40.828533,-73.903465,0,0,Driver Inattention/Distraction,4497071,0.2,-2.7,0.3,0.0,0.21,2.0,71,15.1,31.0,307,Snow fall: Light,0,0,Snowy Conditions
65314,2022-01-05 05:48:00,40.570835,-74.16983,0,0,Pavement Slippery,4497491,6.9,-2.1,0.5,0.5,0.0,4.0,51,21.8,38.2,216,Drizzle: Light,0,0,
65315,2022-01-24 16:10:00,40.82389,-73.89585,0,0,Unspecified,4497064,0.2,-2.7,0.3,0.0,0.21,2.0,71,15.1,31.0,307,Snow fall: Light,0,0,Snowy Conditions
65316,2022-04-12 12:30:00,40.708256,-73.91997,0,0,Oversized Vehicle,4518623,20.4,7.7,1.6,1.6,0.0,3.0,53,17.8,36.0,271,Drizzle: Moderate,0,0,
65317,2022-01-23 04:30:00,40.879307,-73.90295,1,0,Alcohol Involvement,4497527,2.8,-6.1,0.5,0.0,0.35,3.0,71,14.2,28.1,243,Snow fall: Light,1,1,Snowy Conditions
65318,2022-01-24 13:05:00,40.678226,-73.75236,0,0,Unspecified,4497009,0.2,-2.7,0.3,0.0,0.21,2.0,71,15.1,31.0,307,Snow fall: Light,0,0,Snowy Conditions
65319,2022-01-24 14:45:00,40.715065,-73.9462,0,0,Passing Too Closely,4497108,0.2,-2.7,0.3,0.0,0.21,2.0,71,15.1,31.0,307,Snow fall: Light,0,0,Snowy Conditions
65320,2022-01-24 07:45:00,40.73135,-73.98256,1,0,Unspecified,4497700,0.2,-2.7,0.3,0.0,0.21,2.0,71,15.1,31.0,307,Snow fall: Light,1,1,Snowy Conditions
65321,2021-12-15 20:55:00,40.678436,-73.80057,0,0,Unsafe Speed,4497585,10.3,1.8,1.0,1.0,0.0,6.0,51,20.6,38.2,104,Drizzle: Light,0,0,
65322,2022-01-20 15:30:00,40.67189,-73.895874,1,0,Passing or Lane Usage Improper,4497460,5.2,-5.5,7.3,4.6,1.89,10.0,73,22.3,40.0,315,Snow fall: Moderate,1,1,Snowy Conditions
65323,2022-01-24 21:34:00,40.85779,-73.90645,0,0,Other Vehicular,4497136,0.2,-2.7,0.3,0.0,0.21,2.0,71,15.1,31.0,307,Snow fall: Light,0,0,Snowy Conditions
65324,2022-01-24 16:21:00,40.70058,-73.80775,0,0,Driver Inattention/Distraction,4497257,0.2,-2.7,0.3,0.0,0.21,2.0,71,15.1,31.0,307,Snow fall: Light,0,0,Snowy Conditions
65325,2022-01-20 11:30:00,40.57275,-73.997055,0,0,Unspecified,4497465,5.2,-5.5,7.3,4.6,1.89,10.0,73,22.3,40.0,315,Snow fall: Moderate,0,0,Snowy Conditions
65326,2022-01-24 17:08:00,40.70734,-74.00865,0,0,Unspecified,4497089,0.2,-2.7,0.3,0.0,0.21,2.0,71,15.1,31.0,307,Snow fall: Light,0,0,Snowy Conditions
65327,2022-01-24 22:15:00,40.724495,-73.72469,0,0,Unspecified,4497048,0.2,-2.7,0.3,0.0,0.21,2.0,71,15.1,31.0,307,Snow fall: Light,0,0,Snowy Conditions
65328,2021-08-10 03:32:00,40.669262,-73.784386,0,0,Passing Too Closely,4497535,27.3,20.4,3.8,3.8,0.0,11.0,61,18.0,36.0,170,Rain: Light,0,0,
65329,2022-01-24 07:27:00,40.685047,-73.954254,1,0,Driver Inattention/Distraction,4497313,0.2,-2.7,0.3,0.0,0.21,2.0,71,15.1,31.0,307,Snow fall: Light,1,1,Snowy Conditions
65330,2021-09-25 05:06:00,40.8154026,-73.9399099,0,0,Unspecified,4469002,22.8,14.0,0.0,0.0,0.0,0.0,3,7.9,15.8,322,Overcast,0,0,
65331,2021-10-16 03:10:00,40.8319864,-73.9351481,0,0,Other Vehicular,4469003,24.3,15.0,17.5,17.5,0.0,9.0,63,25.7,46.4,195,Rain: Moderate,0,0,
65332,2022-01-24 00:54:00,40.6647,-73.87364,0,0,Unsafe Speed,4497449,0.2,-2.7,0.3,0.0,0.21,2.0,71,15.1,31.0,307,Snow fall: Light,0,0,Snowy Conditions
65333,2022-01-24 18:54:00,40.829597,-73.94814,1,0,Driver Inattention/Distraction,4497147,0.2,-2.7,0.3,0.0,0.21,2.0,71,15.1,31.0,307,Snow fall: Light,1,1,Snowy Conditions
65334,2021-10-20 01:00:00,40.7644443,-73.7226816,1,0,Unsafe Lane Changing,4469006,24.1,13.8,0.0,0.0,0.0,0.0,3,21.6,37.1,276,Overcast,1,1,
65335,2021-10-19 23:00:00,40.757365,-73.7388639,1,0,Reaction to Uninvolved Vehicle,4469007,19.1,8.3,0.0,0.0,0.0,0.0,1,24.6,45.0,272,Mainly clear,1,1,Sunny/Clear Conditions
65336,2022-01-24 18:45:00,40.64485,-73.911125,2,0,Unspecified,4497209,0.2,-2.7,0.3,0.0,0.21,2.0,71,15.1,31.0,307,Snow fall: Light,2,2,Snowy Conditions
65337,2022-01-10 20:44:00,40.639637,-73.88224,0,0,Driver Inattention/Distraction,4497608,4.1,-4.3,0.0,0.0,0.0,0.0,3,24.1,44.3,295,Overcast,0,0,
65338,2022-01-21 08:00:00,40.65444,-73.89081,0,0,Traffic Control Disregarded,4497483,-5.3,-11.6,0.0,0.0,0.0,0.0,3,21.9,40.0,2,Overcast,0,0,
65339,2021-10-16 16:30:00,40.7537979,-73.7442812,0,0,Driver Inattention/Distraction,4469012,24.3,15.0,17.5,17.5,0.0,9.0,63,25.7,46.4,195,Rain: Moderate,0,0,
65340,2021-10-20 05:55:00,40.746892,-73.7634715,1,0,Other Vehicular,4469014,24.1,13.8,0.0,0.0,0.0,0.0,3,21.6,37.1,276,Overcast,1,1,
65341,2022-01-01 14:31:00,40.694305,-73.91852,0,0,Alcohol Involvement,4497707,11.7,7.5,19.4,19.4,0.0,19.0,63,13.9,22.3,161,Rain: Moderate,0,0,
65342,2021-10-11 17:00:00,40.6773546,-74.0044561,2,0,Traffic Control Disregarded,4469016,21.7,16.3,0.0,0.0,0.0,0.0,3,25.7,49.7,41,Overcast,2,2,
65343,2022-01-24 03:57:00,40.836945,-73.91532,0,0,Passing Too Closely,4497224,0.2,-2.7,0.3,0.0,0.21,2.0,71,15.1,31.0,307,Snow fall: Light,0,0,Snowy Conditions
65344,2022-01-10 14:40:00,40.838158,-73.92324,0,0,Driver Inattention/Distraction,4497686,4.1,-4.3,0.0,0.0,0.0,0.0,3,24.1,44.3,295,Overcast,0,0,
65345,2021-10-18 00:20:00,40.709696,-73.9912545,0,0,Other Vehicular,4469019,15.8,9.2,0.0,0.0,0.0,0.0,2,32.4,58.3,296,Partly cloudy,0,0,
65346,2022-01-22 16:00:00,40.65289,-73.866745,3,0,Driver Inattention/Distraction,4497486,-1.3,-12.3,0.0,0.0,0.0,0.0,3,18.4,32.8,1,Overcast,3,3,
65347,2022-01-24 00:20:00,40.67215,-73.843185,0,0,Following Too Closely,4496773,0.2,-2.7,0.3,0.0,0.21,2.0,71,15.1,31.0,307,Snow fall: Light,0,0,Snowy Conditions
65348,2022-01-24 05:25:00,40.817596,-73.95319,0,0,Pavement Slippery,4497574,0.2,-2.7,0.3,0.0,0.21,2.0,71,15.1,31.0,307,Snow fall: Light,0,0,Snowy Conditions
65349,2021-12-04 13:50:00,40.68626,-73.8013,0,0,Driver Inattention/Distraction,4497521,8.3,-0.7,0.0,0.0,0.0,0.0,3,13.5,25.9,231,Overcast,0,0,
65350,2022-01-24 15:42:00,40.83404,-73.88759,0,0,Unspecified,4497069,0.2,-2.7,0.3,0.0,0.21,2.0,71,15.1,31.0,307,Snow fall: Light,0,0,Snowy Conditions
65351,2022-01-16 15:00:00,40.80332,-73.95619,0,0,Backing Unsafely,4497396,1.3,-13.5,4.4,0.7,2.59,4.0,75,28.1,47.2,36,Snow fall: Heavy,0,0,Snowy Conditions
65352,2022-01-24 16:09:00,40.74932,-73.75569,0,0,Driver Inattention/Distraction,4497000,0.2,-2.7,0.3,0.0,0.21,2.0,71,15.1,31.0,307,Snow fall: Light,0,0,Snowy Conditions
65353,2022-01-24 17:40:00,40.607838,-74.0872,0,0,Following Too Closely,4497378,0.2,-2.7,0.3,0.0,0.21,2.0,71,15.1,31.0,307,Snow fall: Light,0,0,Snowy Conditions
65354,2022-01-18 00:00:00,40.666416,-73.738495,0,0,Following Too Closely,4497547,1.7,-4.9,0.0,0.0,0.0,0.0,3,30.9,58.3,294,Overcast,0,0,
65355,2022-01-21 15:15:00,40.674072,-73.863,0,0,Driver Inattention/Distraction,4497461,-5.3,-11.6,0.0,0.0,0.0,0.0,3,21.9,40.0,2,Overcast,0,0,
65356,2021-10-19 12:01:00,40.8310089,-73.8852386,1,0,Following Too Closely,4469030,19.1,8.3,0.0,0.0,0.0,0.0,1,24.6,45.0,272,Mainly clear,1,1,Sunny/Clear Conditions
65357,2022-01-24 10:30:00,40.63336,-73.941925,0,0,Unspecified,4497154,0.2,-2.7,0.3,0.0,0.21,2.0,71,15.1,31.0,307,Snow fall: Light,0,0,Snowy Conditions
65358,2022-01-24 06:55:00,40.69689,-73.74929,0,0,Traffic Control Disregarded,4497185,0.2,-2.7,0.3,0.0,0.21,2.0,71,15.1,31.0,307,Snow fall: Light,0,0,Snowy Conditions
65359,2022-01-21 06:27:00,40.67201,-73.86628,0,0,Unspecified,4497445,-5.3,-11.6,0.0,0.0,0.0,0.0,3,21.9,40.0,2,Overcast,0,0,
65360,2021-10-19 09:00:00,40.8452097,-73.9168828,0,0,Driver Inattention/Distraction,4469034,19.1,8.3,0.0,0.0,0.0,0.0,1,24.6,45.0,272,Mainly clear,0,0,Sunny/Clear Conditions
65361,2022-01-24 06:34:00,40.77233,-73.958725,0,1,Failure to Yield Right-of-Way,4497268,0.2,-2.7,0.3,0.0,0.21,2.0,71,15.1,31.0,307,Snow fall: Light,20,1,Snowy Conditions
65362,2022-01-24 18:45:00,40.709316,-73.73441,1,0,Failure to Yield Right-of-Way,4497026,0.2,-2.7,0.3,0.0,0.21,2.0,71,15.1,31.0,307,Snow fall: Light,1,1,Snowy Conditions
65363,2022-01-24 17:07:00,40.60891,-73.990204,0,0,Failure to Yield Right-of-Way,4497044,0.2,-2.7,0.3,0.0,0.21,2.0,71,15.1,31.0,307,Snow fall: Light,0,0,Snowy Conditions
65364,2022-01-23 18:02:00,40.73986,-73.79012,4,0,Driver Inattention/Distraction,4497662,2.8,-6.1,0.5,0.0,0.35,3.0,71,14.2,28.1,243,Snow fall: Light,4,4,Snowy Conditions
65365,2022-01-24 05:37:00,40.642185,-74.013374,0,0,Unspecified,4496956,0.2,-2.7,0.3,0.0,0.21,2.0,71,15.1,31.0,307,Snow fall: Light,0,0,Snowy Conditions
65366,2022-01-24 08:17:00,40.737682,-73.85206,1,0,Turning Improperly,4497614,0.2,-2.7,0.3,0.0,0.21,2.0,71,15.1,31.0,307,Snow fall: Light,1,1,Snowy Conditions
65367,2022-01-24 13:30:00,40.885517,-73.894684,0,0,Failure to Yield Right-of-Way,4497288,0.2,-2.7,0.3,0.0,0.21,2.0,71,15.1,31.0,307,Snow fall: Light,0,0,Snowy Conditions
65368,2022-01-24 14:50:00,40.745792,-73.8855,1,0,Failure to Yield Right-of-Way,4497095,0.2,-2.7,0.3,0.0,0.21,2.0,71,15.1,31.0,307,Snow fall: Light,1,1,Snowy Conditions
65369,2021-10-17 18:04:00,40.8448803,-73.920671,0,0,Following Too Closely,4469047,17.3,11.1,0.2,0.2,0.0,2.0,51,23.9,43.9,293,Drizzle: Light,0,0,
65370,2021-09-12 09:00:00,40.703373,-73.759186,0,0,Passing Too Closely,4497564,28.8,18.3,0.0,0.0,0.0,0.0,3,24.3,46.8,233,Overcast,0,0,
65371,2022-01-24 15:34:00,40.60719,-74.16243,2,0,Unspecified,4497028,0.2,-2.7,0.3,0.0,0.21,2.0,71,15.1,31.0,307,Snow fall: Light,2,2,Snowy Conditions
65372,2021-10-19 16:40:00,40.5842623,-73.9637906,0,0,Unsafe Lane Changing,4469050,19.1,8.3,0.0,0.0,0.0,0.0,1,24.6,45.0,272,Mainly clear,0,0,Sunny/Clear Conditions
65373,2021-10-19 23:56:00,40.5840106,-73.9215677,2,0,Unsafe Speed,4469051,19.1,8.3,0.0,0.0,0.0,0.0,1,24.6,45.0,272,Mainly clear,2,2,Sunny/Clear Conditions
65374,2022-01-24 23:39:00,40.63063,-74.00923,0,0,Driver Inattention/Distraction,4497049,0.2,-2.7,0.3,0.0,0.21,2.0,71,15.1,31.0,307,Snow fall: Light,0,0,Snowy Conditions
65375,2022-01-24 17:52:00,40.65747,-73.89364,0,0,Unspecified,4497450,0.2,-2.7,0.3,0.0,0.21,2.0,71,15.1,31.0,307,Snow fall: Light,0,0,Snowy Conditions
65376,2022-01-12 14:08:00,40.757523,-73.82914,0,0,Failure to Yield Right-of-Way,4497422,4.6,-7.3,0.0,0.0,0.0,0.0,3,20.5,39.2,213,Overcast,0,0,
65377,2022-01-21 15:55:00,40.657555,-73.894196,0,0,Unspecified,4497428,-5.3,-11.6,0.0,0.0,0.0,0.0,3,21.9,40.0,2,Overcast,0,0,
65378,2022-01-24 11:35:00,40.61652,-73.98586,0,0,Driver Inexperience,4496941,0.2,-2.7,0.3,0.0,0.21,2.0,71,15.1,31.0,307,Snow fall: Light,0,0,Snowy Conditions
65379,2022-01-24 20:39:00,40.818913,-73.94243,0,0,Unspecified,4497202,0.2,-2.7,0.3,0.0,0.21,2.0,71,15.1,31.0,307,Snow fall: Light,0,0,Snowy Conditions
65380,2022-01-24 08:45:00,40.61074,-73.97919,3,0,Driver Inattention/Distraction,4496992,0.2,-2.7,0.3,0.0,0.21,2.0,71,15.1,31.0,307,Snow fall: Light,3,3,Snowy Conditions
65381,2022-01-24 08:50:00,40.677414,-73.93033,0,0,Driver Inattention/Distraction,4497302,0.2,-2.7,0.3,0.0,0.21,2.0,71,15.1,31.0,307,Snow fall: Light,0,0,Snowy Conditions
65382,2022-01-24 03:17:00,40.873383,-73.88938,0,0,Alcohol Involvement,4496896,0.2,-2.7,0.3,0.0,0.21,2.0,71,15.1,31.0,307,Snow fall: Light,0,0,Snowy Conditions
65383,2022-01-24 22:00:00,40.592514,-73.95231,0,0,Passing or Lane Usage Improper,4497059,0.2,-2.7,0.3,0.0,0.21,2.0,71,15.1,31.0,307,Snow fall: Light,0,0,Snowy Conditions
65384,2022-01-23 19:02:00,40.621853,-74.00083,0,0,Driver Inattention/Distraction,4497415,2.8,-6.1,0.5,0.0,0.35,3.0,71,14.2,28.1,243,Snow fall: Light,0,0,Snowy Conditions
65385,2022-01-24 11:51:00,40.792126,-73.97178,0,1,Unspecified,4497264,0.2,-2.7,0.3,0.0,0.21,2.0,71,15.1,31.0,307,Snow fall: Light,20,1,Snowy Conditions
65386,2022-01-24 17:16:00,40.7179,-73.83202,0,0,Passing or Lane Usage Improper,4497017,0.2,-2.7,0.3,0.0,0.21,2.0,71,15.1,31.0,307,Snow fall: Light,0,0,Snowy Conditions
65387,2022-01-21 08:08:00,40.598045,-73.99661,1,0,Driver Inattention/Distraction,4497533,-5.3,-11.6,0.0,0.0,0.0,0.0,3,21.9,40.0,2,Overcast,1,1,
65388,2022-01-22 13:30:00,40.61723,-73.99955,0,0,Driver Inexperience,4497494,-1.3,-12.3,0.0,0.0,0.0,0.0,3,18.4,32.8,1,Overcast,0,0,