,CRASH DATETIME,LATITUDE,LONGITUDE,NUMBER OF PERSONS INJURED,NUMBER OF PERSONS KILLED,CONTRIBUTING FACTOR VEHICLE 1,COLLISION_ID,temperature_2m_max,temperature_2m_min,precipitation_sum,rain_sum,snowfall_sum,precipitation_hours,weather_code,wind_speed_10m_max,wind_gusts_10m_max,wind_direction_10m_dominant,Weather Description,Severity_Score,Total_Affected_Persons,Weather_Category
65389,2022-01-24 00:00:00,40.58401,-73.98587,1,0,Following Too Closely,4497113,0.2,-2.7,0.3,0.0,0.21,2.0,71,15.1,31.0,307,Snow fall: Light,1,1,Snowy Conditions
65390,2022-01-24 21:05:00,40.640984,-73.972916,0,0,Unspecified,4497082,0.2,-2.7,0.3,0.0,0.21,2.0,71,15.1,31.0,307,Snow fall: Light,0,0,Snowy Conditions
65391,2022-01-21 18:51:00,40.65923,-73.89329,0,0,Failure to Yield Right-of-Way,4497455,-5.3,-11.6,0.0,0.0,0.0,0.0,3,21.9,40.0,2,Overcast,0,0,
65392,2021-10-19 18:06:00,40.8115107,-73.9348031,1,0,Driver Inattention/Distraction,4469072,19.1,8.3,0.0,0.0,0.0,0.0,1,24.6,45.0,272,Mainly clear,1,1,Sunny/Clear Conditions
65393,2021-09-16 07:15:00,40.7043902,-73.7791586,0,0,Unsafe Speed,4469073,23.9,19.1,4.0,4.0,0.0,10.0,55,18.8,37.8,38,Drizzle: Dense,0,0,
65394,2021-06-15 08:15:00,40.67798,-73.872116,2,0,Unsafe Speed,4427800,25.1,17.4,1.0,1.0,0.0,4.0,53,17.7,33.8,295,Drizzle: Moderate,2,2,
65395,2021-07-13 13:53:00,40.68631,-73.97445,0,0,Failure to Yield Right-of-Way,4436811,25.0,20.8,2.4,2.4,0.0,12.0,53,13.0,26.3,84,Drizzle: Moderate,0,0,
65396,2021-08-01 12:52:00,40.879898,-73.83181,0,0,Other Vehicular,4444174,24.4,16.6,0.8,0.8,0.0,5.0,51,19.9,39.2,168,Drizzle: Light,0,0,
65397,2021-07-17 18:10:00,40.691673,-73.904686,0,0,Unspecified,4444176,30.8,23.3,5.1,5.1,0.0,5.0,61,17.8,36.4,201,Rain: Light,0,0,
65398,2021-08-01 04:31:00,40.701153,-73.93057,0,0,Alcohol Involvement,4444178,24.4,16.6,0.8,0.8,0.0,5.0,51,19.9,39.2,168,Drizzle: Light,0,0,
65399,2021-07-30 21:30:00,40.69397,-73.75397,0,0,Following Too Closely,4444181,27.6,19.1,0.0,0.0,0.0,0.0,1,24.2,45.7,310,Mainly clear,0,0,Sunny/Clear Conditions
65400,2022-01-23 11:47:00,40.672314,-73.893036,0,0,Driver Inattention/Distraction,4497473,2.8,-6.1,0.5,0.0,0.35,3.0,71,14.2,28.1,243,Snow fall: Light,0,0,Snowy Conditions
65401,2022-01-24 17:38:00,40.845005,-73.90741,1,0,Following Too Closely,4497139,0.2,-2.7,0.3,0.0,0.21,2.0,71,15.1,31.0,307,Snow fall: Light,1,1,Snowy Conditions
65402,2022-01-24 15:00:00,40.689735,-73.74729,0,0,Unspecified,4497010,0.2,-2.7,0.3,0.0,0.21,2.0,71,15.1,31.0,307,Snow fall: Light,0,0,Snowy Conditions
65403,2021-10-19 18:00:00,40.8361011,-73.8703842,0,0,Unspecified,4469080,19.1,8.3,0.0,0.0,0.0,0.0,1,24.6,45.0,272,Mainly clear,0,0,Sunny/Clear Conditions
65404,2022-01-24 07:41:00,40.813374,-73.93058,0,0,Unspecified,4496974,0.2,-2.7,0.3,0.0,0.21,2.0,71,15.1,31.0,307,Snow fall: Light,0,0,Snowy Conditions
65405,2021-10-19 18:09:00,40.8361011,-73.8703842,3,0,Brakes Defective,4469083,19.1,8.3,0.0,0.0,0.0,0.0,1,24.6,45.0,272,Mainly clear,3,3,Sunny/Clear Conditions
65406,2022-01-20 09:18:00,40.775642,-73.958405,0,0,Driver Inattention/Distraction,4497553,5.2,-5.5,7.3,4.6,1.89,10.0,73,22.3,40.0,315,Snow fall: Moderate,0,0,Snowy Conditions
65407,2022-01-24 12:00:00,40.658577,-73.76475,0,0,Driver Inattention/Distraction,4497330,0.2,-2.7,0.3,0.0,0.21,2.0,71,15.1,31.0,307,Snow fall: Light,0,0,Snowy Conditions
65408,2022-01-21 15:14:00,40.82779,-73.87517,0,0,Unspecified,4497434,-5.3,-11.6,0.0,0.0,0.0,0.0,3,21.9,40.0,2,Overcast,0,0,
65409,2021-10-19 19:50:00,40.8224407,-73.8729435,0,0,Driver Inattention/Distraction,4469087,19.1,8.3,0.0,0.0,0.0,0.0,1,24.6,45.0,272,Mainly clear,0,0,Sunny/Clear Conditions
65410,2022-01-24 08:14:00,40.764378,-73.81007,0,0,Turning Improperly,4497035,0.2,-2.7,0.3,0.0,0.21,2.0,71,15.1,31.0,307,Snow fall: Light,0,0,Snowy Conditions
65411,2022-01-24 12:10:00,40.641735,-73.93593,0,0,Pavement Slippery,4497156,0.2,-2.7,0.3,0.0,0.21,2.0,71,15.1,31.0,307,Snow fall: Light,0,0,Snowy Conditions
65412,2022-01-24 18:48:00,40.850445,-73.922554,0,0,Other Vehicular,4497403,0.2,-2.7,0.3,0.0,0.21,2.0,71,15.1,31.0,307,Snow fall: Light,0,0,Snowy Conditions
65413,2022-01-24 14:30:00,40.774933,-73.94477,0,0,Driver Inattention/Distraction,4497243,0.2,-2.7,0.3,0.0,0.21,2.0,71,15.1,31.0,307,Snow fall: Light,0,0,Snowy Conditions
65414,2022-01-24 07:00:00,40.854946,-73.89339,0,0,Driver Inattention/Distraction,4496963,0.2,-2.7,0.3,0.0,0.21,2.0,71,15.1,31.0,307,Snow fall: Light,0,0,Snowy Conditions
65415,2022-01-24 06:56:00,40.688168,-73.809944,1,0,Failure to Yield Right-of-Way,4496888,0.2,-2.7,0.3,0.0,0.21,2.0,71,15.1,31.0,307,Snow fall: Light,1,1,Snowy Conditions
65416,2022-01-24 16:05:00,40.820984,-73.891624,0,0,Unspecified,4497063,0.2,-2.7,0.3,0.0,0.21,2.0,71,15.1,31.0,307,Snow fall: Light,0,0,Snowy Conditions
65417,2022-01-24 00:00:00,40.726227,-73.756714,1,0,Unsafe Speed,4497651,0.2,-2.7,0.3,0.0,0.21,2.0,71,15.1,31.0,307,Snow fall: Light,1,1,Snowy Conditions
65418,2022-01-24 22:00:00,40.84664,-73.90469,0,0,Unspecified,4497167,0.2,-2.7,0.3,0.0,0.21,2.0,71,15.1,31.0,307,Snow fall: Light,0,0,Snowy Conditions
65419,2021-08-03 14:19:00,40.67267,-73.77738,0,0,Unspecified,4443479,24.2,15.3,0.0,0.0,0.0,0.0,3,10.7,21.2,7,Overcast,0,0,
65420,2021-08-03 14:50:00,40.678867,-73.89282,0,0,Other Vehicular,4443584,24.2,15.3,0.0,0.0,0.0,0.0,3,10.7,21.2,7,Overcast,0,0,
65421,2021-08-02 20:03:00,40.67413,-73.913925,1,0,Unspecified,4443974,26.4,17.2,0.0,0.0,0.0,0.0,3,18.4,37.4,313,Overcast,1,1,
65422,2021-08-03 08:50:00,40.873844,-73.87425,0,0,Driver Inexperience,4443939,24.2,15.3,0.0,0.0,0.0,0.0,3,10.7,21.2,7,Overcast,0,0,
65423,2021-08-03 04:20:00,40.695385,-73.840355,1,0,Fell Asleep,4443113,24.2,15.3,0.0,0.0,0.0,0.0,3,10.7,21.2,7,Overcast,1,1,
65424,2021-08-03 17:15:00,40.74576,-73.92581,0,0,Driver Inattention/Distraction,4443508,24.2,15.3,0.0,0.0,0.0,0.0,3,10.7,21.2,7,Overcast,0,0,
65425,2021-08-03 09:30:00,40.705627,-73.91552,0,0,Driver Inattention/Distraction,4443658,24.2,15.3,0.0,0.0,0.0,0.0,3,10.7,21.2,7,Overcast,0,0,
65426,2021-08-03 00:55:00,40.622585,-73.96281,0,0,Driver Inexperience,4443550,24.2,15.3,0.0,0.0,0.0,0.0,3,10.7,21.2,7,Overcast,0,0,
65427,2021-07-30 18:00:00,40.799675,-73.93806,0,0,Unspecified,4443913,27.6,19.1,0.0,0.0,0.0,0.0,1,24.2,45.7,310,Mainly clear,0,0,Sunny/Clear Conditions
65428,2021-10-20 06:40:00,40.7285249,-73.8842677,0,0,Unspecified,4469099,24.1,13.8,0.0,0.0,0.0,0.0,3,21.6,37.1,276,Overcast,0,0,
65429,2021-07-02 23:00:00,40.672752,-73.95432,2,0,Passing Too Closely,4444117,24.3,19.2,29.6,29.6,0.0,23.0,63,14.1,27.7,284,Rain: Moderate,2,2,
65430,2021-08-03 06:38:00,40.816273,-73.89287,0,0,Driver Inattention/Distraction,4443250,24.2,15.3,0.0,0.0,0.0,0.0,3,10.7,21.2,7,Overcast,0,0,
65431,2021-08-03 06:30:00,40.65276,-73.96507,0,0,Unspecified,4443557,24.2,15.3,0.0,0.0,0.0,0.0,3,10.7,21.2,7,Overcast,0,0,
65432,2021-08-02 16:30:00,40.701782,-74.01117,0,0,Unspecified,4443969,26.4,17.2,0.0,0.0,0.0,0.0,3,18.4,37.4,313,Overcast,0,0,
65433,2021-07-30 08:00:00,40.557568,-74.207,0,0,Unsafe Lane Changing,4444021,27.6,19.1,0.0,0.0,0.0,0.0,1,24.2,45.7,310,Mainly clear,0,0,Sunny/Clear Conditions
65434,2021-08-03 14:27:00,40.763626,-73.9796,0,0,Passing or Lane Usage Improper,4443873,24.2,15.3,0.0,0.0,0.0,0.0,3,10.7,21.2,7,Overcast,0,0,
65435,2021-08-03 09:00:00,40.83121,-73.850876,0,0,Driver Inexperience,4443290,24.2,15.3,0.0,0.0,0.0,0.0,3,10.7,21.2,7,Overcast,0,0,
65436,2021-08-03 15:32:00,40.814793,-73.95629,0,0,View Obstructed/Limited,4443463,24.2,15.3,0.0,0.0,0.0,0.0,3,10.7,21.2,7,Overcast,0,0,
65437,2021-08-03 23:40:00,40.67006,-73.890564,1,0,Traffic Control Disregarded,4443588,24.2,15.3,0.0,0.0,0.0,0.0,3,10.7,21.2,7,Overcast,1,1,
65438,2021-08-03 02:32:00,40.588078,-74.16127,2,0,Unspecified,4443670,24.2,15.3,0.0,0.0,0.0,0.0,3,10.7,21.2,7,Overcast,2,2,
65439,2021-08-03 18:26:00,40.641727,-73.907646,1,0,Unspecified,4443751,24.2,15.3,0.0,0.0,0.0,0.0,3,10.7,21.2,7,Overcast,1,1,
65440,2021-08-03 13:30:00,40.90249,-73.8512,1,0,Unsafe Speed,4443433,24.2,15.3,0.0,0.0,0.0,0.0,3,10.7,21.2,7,Overcast,1,1,
65441,2021-07-31 13:32:00,40.705177,-73.80942,1,0,Turning Improperly,4444066,25.6,14.5,0.0,0.0,0.0,0.0,2,16.8,33.8,304,Partly cloudy,1,1,
65442,2021-07-09 14:55:00,40.672825,-73.93908,0,0,Traffic Control Disregarded,4444110,29.8,22.0,35.0,35.0,0.0,14.0,63,31.0,55.8,341,Rain: Moderate,0,0,
65443,2021-08-02 16:35:00,40.705845,-73.955734,0,0,Failure to Yield Right-of-Way,4444134,26.4,17.2,0.0,0.0,0.0,0.0,3,18.4,37.4,313,Overcast,0,0,
65444,2021-08-03 08:03:00,40.698677,-73.95886,0,0,Tire Failure/Inadequate,4443406,24.2,15.3,0.0,0.0,0.0,0.0,3,10.7,21.2,7,Overcast,0,0,
65445,2021-08-03 09:30:00,40.595654,-74.08216,0,0,Unspecified,4443345,24.2,15.3,0.0,0.0,0.0,0.0,3,10.7,21.2,7,Overcast,0,0,
65446,2021-07-26 15:30:00,40.680748,-73.78948,0,0,Passing Too Closely,4444001,31.4,21.8,0.0,0.0,0.0,0.0,3,13.0,25.6,295,Overcast,0,0,
65447,2021-08-03 16:30:00,40.71401,-73.85965,0,0,Backing Unsafely,4443447,24.2,15.3,0.0,0.0,0.0,0.0,3,10.7,21.2,7,Overcast,0,0,
65448,2021-08-03 08:49:00,40.672752,-73.87205,0,0,Turning Improperly,4443308,24.2,15.3,0.0,0.0,0.0,0.0,3,10.7,21.2,7,Overcast,0,0,
65449,2021-08-03 15:48:00,40.634373,-73.89033,0,0,Unspecified,4443750,24.2,15.3,0.0,0.0,0.0,0.0,3,10.7,21.2,7,Overcast,0,0,
65450,2021-08-03 18:22:00,40.806965,-73.911674,1,0,Unspecified,4443540,24.2,15.3,0.0,0.0,0.0,0.0,3,10.7,21.2,7,Overcast,1,1,
65451,2021-08-03 18:00:00,40.608223,-74.1294,0,0,Unsafe Lane Changing,4443562,24.2,15.3,0.0,0.0,0.0,0.0,3,10.7,21.2,7,Overcast,0,0,
65452,2021-08-03 19:35:00,40.59905,-73.99442,0,0,Unspecified,4443862,24.2,15.3,0.0,0.0,0.0,0.0,3,10.7,21.2,7,Overcast,0,0,
65453,2021-08-03 15:50:00,40.5744,-74.099304,1,0,Fell Asleep,4443624,24.2,15.3,0.0,0.0,0.0,0.0,3,10.7,21.2,7,Overcast,1,1,
65454,2021-08-03 23:58:00,40.67146,-73.99103,0,0,Following Too Closely,4443761,24.2,15.3,0.0,0.0,0.0,0.0,3,10.7,21.2,7,Overcast,0,0,
65455,2021-08-03 09:25:00,40.74197,-73.84116,0,0,Driver Inattention/Distraction,4443337,24.2,15.3,0.0,0.0,0.0,0.0,3,10.7,21.2,7,Overcast,0,0,
65456,2021-08-03 09:15:00,40.822895,-73.88218,0,0,Backing Unsafely,4443439,24.2,15.3,0.0,0.0,0.0,0.0,3,10.7,21.2,7,Overcast,0,0,
65457,2021-08-03 12:30:00,40.71725,-73.965744,0,0,Driver Inattention/Distraction,4443517,24.2,15.3,0.0,0.0,0.0,0.0,3,10.7,21.2,7,Overcast,0,0,
65458,2021-07-23 12:20:00,40.89213,-73.85341,0,0,Driver Inattention/Distraction,4444050,26.2,17.3,0.0,0.0,0.0,0.0,1,11.3,27.0,340,Mainly clear,0,0,Sunny/Clear Conditions
65459,2021-08-03 14:15:00,40.721985,-73.98552,1,0,Driver Inattention/Distraction,4444155,24.2,15.3,0.0,0.0,0.0,0.0,3,10.7,21.2,7,Overcast,1,1,
65460,2021-08-03 14:00:00,40.753475,-73.99254,1,0,Driver Inattention/Distraction,4443610,24.2,15.3,0.0,0.0,0.0,0.0,3,10.7,21.2,7,Overcast,1,1,
65461,2021-08-01 13:40:00,40.881264,-73.83875,0,0,Following Too Closely,4443930,24.4,16.6,0.8,0.8,0.0,5.0,51,19.9,39.2,168,Drizzle: Light,0,0,
65462,2021-06-06 21:00:00,40.87624,-73.86686,0,0,Driver Inattention/Distraction,4444072,31.0,20.0,0.0,0.0,0.0,0.0,1,16.6,32.4,222,Mainly clear,0,0,Sunny/Clear Conditions
65463,2021-08-03 18:25:00,40.73516,-73.89784,2,0,Following Too Closely,4443465,24.2,15.3,0.0,0.0,0.0,0.0,3,10.7,21.2,7,Overcast,2,2,
65464,2021-07-19 19:45:00,40.670006,-73.95328,2,0,Driver Inattention/Distraction,4444125,27.5,20.8,0.5,0.5,0.0,2.0,51,12.8,29.9,307,Drizzle: Light,2,2,
65465,2021-08-03 20:00:00,40.822086,-73.89035,0,0,Driver Inattention/Distraction,4443490,24.2,15.3,0.0,0.0,0.0,0.0,3,10.7,21.2,7,Overcast,0,0,
65466,2021-07-23 17:13:00,40.678364,-73.77949,0,0,Backing Unsafely,4444009,26.2,17.3,0.0,0.0,0.0,0.0,1,11.3,27.0,340,Mainly clear,0,0,Sunny/Clear Conditions
65467,2021-08-03 06:17:00,40.804035,-73.87836,1,0,Unspecified,4443374,24.2,15.3,0.0,0.0,0.0,0.0,3,10.7,21.2,7,Overcast,1,1,
65468,2021-07-25 13:55:00,40.757095,-73.789375,1,0,Driver Inattention/Distraction,4443911,28.0,20.3,7.3,7.3,0.0,10.0,63,20.9,43.2,198,Rain: Moderate,1,1,
65469,2021-08-03 23:15:00,40.64836,-73.9271,0,0,Unspecified,4443644,24.2,15.3,0.0,0.0,0.0,0.0,3,10.7,21.2,7,Overcast,0,0,
65470,2021-08-03 18:00:00,40.701782,-74.01117,0,0,Unspecified,4443703,24.2,15.3,0.0,0.0,0.0,0.0,3,10.7,21.2,7,Overcast,0,0,
65471,2021-07-31 08:00:00,40.71302,-73.959305,0,0,Passing Too Closely,4444135,25.6,14.5,0.0,0.0,0.0,0.0,2,16.8,33.8,304,Partly cloudy,0,0,
65472,2021-08-03 17:44:00,40.843597,-73.90587,0,0,Other Vehicular,4443895,24.2,15.3,0.0,0.0,0.0,0.0,3,10.7,21.2,7,Overcast,0,0,
65473,2021-06-26 03:00:00,40.821598,-73.89787,0,0,Other Vehicular,4443988,26.5,18.6,1.3,1.3,0.0,8.0,51,23.7,52.9,181,Drizzle: Light,0,0,
65474,2021-08-03 00:01:00,40.676243,-73.84792,1,0,Animals Action,4443536,24.2,15.3,0.0,0.0,0.0,0.0,3,10.7,21.2,7,Overcast,1,1,
65475,2021-08-01 06:00:00,40.88103,-73.87751,0,0,Unspecified,4443944,24.4,16.6,0.8,0.8,0.0,5.0,51,19.9,39.2,168,Drizzle: Light,0,0,
65476,2021-08-03 11:05:00,40.61772,-73.94518,0,0,Unspecified,4443558,24.2,15.3,0.0,0.0,0.0,0.0,3,10.7,21.2,7,Overcast,0,0,
65477,2021-08-03 18:00:00,40.730946,-73.84859,3,0,Driver Inattention/Distraction,4443503,24.2,15.3,0.0,0.0,0.0,0.0,3,10.7,21.2,7,Overcast,3,3,
65478,2021-08-03 11:04:00,40.70324,-73.91439,0,0,Passing or Lane Usage Improper,4443599,24.2,15.3,0.0,0.0,0.0,0.0,3,10.7,21.2,7,Overcast,0,0,
65479,2021-07-25 23:55:00,40.6843,-73.94121,0,0,Driver Inattention/Distraction,4444044,28.0,20.3,7.3,7.3,0.0,10.0,63,20.9,43.2,198,Rain: Moderate,0,0,
65480,2021-08-03 18:50:00,40.66552,-73.74467,0,0,Driver Inattention/Distraction,4443470,24.2,15.3,0.0,0.0,0.0,0.0,3,10.7,21.2,7,Overcast,0,0,
65481,2021-08-03 13:00:00,40.730614,-73.98078,0,0,Unspecified,4443920,24.2,15.3,0.0,0.0,0.0,0.0,3,10.7,21.2,7,Overcast,0,0,
65482,2021-08-03 17:30:00,40.723858,-73.87056,0,0,Failure to Yield Right-of-Way,4444087,24.2,15.3,0.0,0.0,0.0,0.0,3,10.7,21.2,7,Overcast,0,0,
65483,2021-08-03 18:39:00,40.718143,-73.993835,1,0,Unspecified,4443577,24.2,15.3,0.0,0.0,0.0,0.0,3,10.7,21.2,7,Overcast,1,1,
65484,2021-08-03 01:00:00,40.70839,-73.939964,1,0,Turning Improperly,4443509,24.2,15.3,0.0,0.0,0.0,0.0,3,10.7,21.2,7,Overcast,1,1,
65485,2021-08-03 17:45:00,40.66813,-73.93675,1,0,Failure to Yield Right-of-Way,4443579,24.2,15.3,0.0,0.0,0.0,0.0,3,10.7,21.2,7,Overcast,1,1,
65486,2021-08-03 09:00:00,40.619778,-73.95421,0,0,Backing Unsafely,4443551,24.2,15.3,0.0,0.0,0.0,0.0,3,10.7,21.2,7,Overcast,0,0,
65487,2021-08-03 22:30:00,40.666744,-73.91292,0,0,Driver Inattention/Distraction,4443960,24.2,15.3,0.0,0.0,0.0,0.0,3,10.7,21.2,7,Overcast,0,0,
65488,2021-08-01 22:31:00,40.67243,-73.75637,3,0,Unspecified,4444014,24.4,16.6,0.8,0.8,0.0,5.0,51,19.9,39.2,168,Drizzle: Light,3,3,
65489,2021-07-30 16:36:00,40.667095,-73.92276,0,0,Unspecified,4444121,27.6,19.1,0.0,0.0,0.0,0.0,1,24.2,45.7,310,Mainly clear,0,0,Sunny/Clear Conditions
65490,2021-08-03 16:10:00,40.761204,-73.75539,0,0,Reaction to Uninvolved Vehicle,4443486,24.2,15.3,0.0,0.0,0.0,0.0,3,10.7,21.2,7,Overcast,0,0,
65491,2021-08-03 18:52:00,40.85816,-73.89113,0,0,Backing Unsafely,4443887,24.2,15.3,0.0,0.0,0.0,0.0,3,10.7,21.2,7,Overcast,0,0,
65492,2021-07-15 03:20:00,40.67279,-73.922226,0,0,Unsafe Speed,4444116,29.3,21.2,0.1,0.1,0.0,1.0,51,13.7,27.4,212,Drizzle: Light,0,0,
65493,2021-08-02 08:30:00,40.710533,-73.92076,0,0,Driver Inattention/Distraction,4444086,26.4,17.2,0.0,0.0,0.0,0.0,3,18.4,37.4,313,Overcast,0,0,
65494,2021-08-03 18:00:00,40.613235,-73.92335,1,0,Failure to Yield Right-of-Way,4443938,24.2,15.3,0.0,0.0,0.0,0.0,3,10.7,21.2,7,Overcast,1,1,
65495,2021-08-03 03:30:00,40.68879,-73.91691,0,0,Unsafe Speed,4443262,24.2,15.3,0.0,0.0,0.0,0.0,3,10.7,21.2,7,Overcast,0,0,
65496,2021-08-03 14:30:00,40.822357,-73.91146,0,0,Driver Inattention/Distraction,4443553,24.2,15.3,0.0,0.0,0.0,0.0,3,10.7,21.2,7,Overcast,0,0,
65497,2021-08-03 16:00:00,40.543205,-74.21272,0,0,Unspecified,4444022,24.2,15.3,0.0,0.0,0.0,0.0,3,10.7,21.2,7,Overcast,0,0,
65498,2021-08-03 16:20:00,40.74135,-73.937096,0,0,Driver Inattention/Distraction,4443505,24.2,15.3,0.0,0.0,0.0,0.0,3,10.7,21.2,7,Overcast,0,0,
65499,2021-08-03 20:58:00,40.576275,-73.98796,1,0,Traffic Control Disregarded,4443869,24.2,15.3,0.0,0.0,0.0,0.0,3,10.7,21.2,7,Overcast,1,1,
65500,2021-08-01 04:10:00,40.632664,-73.93128,0,0,Driver Inexperience,4443919,24.4,16.6,0.8,0.8,0.0,5.0,51,19.9,39.2,168,Drizzle: Light,0,0,
65501,2021-08-03 17:06:00,40.82802,-73.93122,0,0,Following Too Closely,4443527,24.2,15.3,0.0,0.0,0.0,0.0,3,10.7,21.2,7,Overcast,0,0,
65502,2021-08-02 17:10:00,40.66878,-73.93071,0,0,Driver Inattention/Distraction,4444111,26.4,17.2,0.0,0.0,0.0,0.0,3,18.4,37.4,313,Overcast,0,0,
65503,2021-07-24 13:10:00,40.696186,-73.751976,1,0,Unsafe Speed,4444007,26.8,18.2,0.0,0.0,0.0,0.0,3,16.3,31.7,152,Overcast,1,1,
65504,2021-08-03 09:15:00,40.682777,-73.7483,0,0,Unspecified,4443370,24.2,15.3,0.0,0.0,0.0,0.0,3,10.7,21.2,7,Overcast,0,0,
65505,2021-08-03 10:11:00,40.690346,-73.9603,0,0,Other Vehicular,4443410,24.2,15.3,0.0,0.0,0.0,0.0,3,10.7,21.2,7,Overcast,0,0,
65506,2021-08-03 17:01:00,40.83609,-73.87039,1,0,Unspecified,4443633,24.2,15.3,0.0,0.0,0.0,0.0,3,10.7,21.2,7,Overcast,1,1,
65507,2021-07-30 21:00:00,40.639523,-74.08487,0,0,Unspecified,4444097,27.6,19.1,0.0,0.0,0.0,0.0,1,24.2,45.7,310,Mainly clear,0,0,Sunny/Clear Conditions
65508,2021-08-03 20:44:00,40.75738,-73.76539,1,0,Pedestrian/Bicyclist/Other Pedestrian Error/Confusion,4443480,24.2,15.3,0.0,0.0,0.0,0.0,3,10.7,21.2,7,Overcast,1,1,
65509,2021-08-03 16:16:00,40.630505,-73.92812,0,0,Unspecified,4443799,24.2,15.3,0.0,0.0,0.0,0.0,3,10.7,21.2,7,Overcast,0,0,
65510,2021-08-01 23:50:00,40.555664,-74.21351,0,0,Unspecified,4444029,24.4,16.6,0.8,0.8,0.0,5.0,51,19.9,39.2,168,Drizzle: Light,0,0,
65511,2021-08-03 08:00:00,40.7242,-73.93765,0,0,Turning Improperly,4443341,24.2,15.3,0.0,0.0,0.0,0.0,3,10.7,21.2,7,Overcast,0,0,
65512,2021-08-03 09:05:00,40.69168,-73.999344,1,0,Following Too Closely,4443583,24.2,15.3,0.0,0.0,0.0,0.0,3,10.7,21.2,7,Overcast,1,1,
65513,2021-08-03 19:15:00,40.66717,-73.88086,0,0,Driver Inexperience,4443645,24.2,15.3,0.0,0.0,0.0,0.0,3,10.7,21.2,7,Overcast,0,0,
65514,2021-08-03 12:18:00,40.67134,-73.74982,0,0,Unspecified,4443380,24.2,15.3,0.0,0.0,0.0,0.0,3,10.7,21.2,7,Overcast,0,0,
65515,2021-08-03 10:05:00,40.68178,-73.97415,0,0,Unspecified,4443516,24.2,15.3,0.0,0.0,0.0,0.0,3,10.7,21.2,7,Overcast,0,0,
65516,2021-07-31 11:50:00,40.58544,-73.89567,4,0,Driver Inattention/Distraction,4443932,25.6,14.5,0.0,0.0,0.0,0.0,2,16.8,33.8,304,Partly cloudy,4,4,
65517,2021-08-03 09:12:00,40.60882,-73.98183,1,0,Unspecified,4443865,24.2,15.3,0.0,0.0,0.0,0.0,3,10.7,21.2,7,Overcast,1,1,
65518,2021-08-03 15:35:00,40.624584,-74.003,1,0,Other Vehicular,4443475,24.2,15.3,0.0,0.0,0.0,0.0,3,10.7,21.2,7,Overcast,1,1,
65519,2021-08-03 19:50:00,40.674557,-73.859604,0,0,Failure to Yield Right-of-Way,4443521,24.2,15.3,0.0,0.0,0.0,0.0,3,10.7,21.2,7,Overcast,0,0,
65520,2021-07-31 03:05:00,40.772156,-73.94541,1,0,Tire Failure/Inadequate,4444164,25.6,14.5,0.0,0.0,0.0,0.0,2,16.8,33.8,304,Partly cloudy,1,1,
65521,2021-07-29 07:33:00,40.719547,-73.98663,2,0,Following Too Closely,4444154,25.3,20.4,33.0,33.0,0.0,11.0,65,26.1,50.8,182,Rain: Heavy,2,2,
65522,2021-08-03 09:30:00,40.895447,-73.88002,1,0,Turning Improperly,4444052,24.2,15.3,0.0,0.0,0.0,0.0,3,10.7,21.2,7,Overcast,1,1,
65523,2021-06-21 17:00:00,40.70025,-73.93774,0,0,Driver Inattention/Distraction,4443924,28.0,21.7,0.5,0.5,0.0,2.0,51,24.4,46.8,181,Drizzle: Light,0,0,
65524,2021-08-03 18:00:00,40.67549,-73.93885,1,0,Other Vehicular,4444128,24.2,15.3,0.0,0.0,0.0,0.0,3,10.7,21.2,7,Overcast,1,1,
65525,2021-08-03 13:05:00,40.60066,-74.079285,1,0,Unspecified,4443623,24.2,15.3,0.0,0.0,0.0,0.0,3,10.7,21.2,7,Overcast,1,1,
65526,2021-08-03 02:41:00,40.829754,-73.87374,2,0,Unspecified,4443289,24.2,15.3,0.0,0.0,0.0,0.0,3,10.7,21.2,7,Overcast,2,2,
65527,2021-08-03 12:20:00,40.77221,-73.982185,0,0,Traffic Control Disregarded,4443760,24.2,15.3,0.0,0.0,0.0,0.0,3,10.7,21.2,7,Overcast,0,0,
65528,2021-08-03 12:08:00,40.655132,-73.916336,0,0,Driver Inattention/Distraction,4443457,24.2,15.3,0.0,0.0,0.0,0.0,3,10.7,21.2,7,Overcast,0,0,
65529,2021-08-03 23:48:00,40.69366,-73.85217,0,0,Failure to Yield Right-of-Way,4443655,24.2,15.3,0.0,0.0,0.0,0.0,3,10.7,21.2,7,Overcast,0,0,
65530,2021-08-03 19:00:00,40.6769,-73.87959,2,0,Unsafe Speed,4443587,24.2,15.3,0.0,0.0,0.0,0.0,3,10.7,21.2,7,Overcast,2,2,
65531,2021-08-03 16:40:00,40.794914,-73.94073,0,0,Passing or Lane Usage Improper,4443539,24.2,15.3,0.0,0.0,0.0,0.0,3,10.7,21.2,7,Overcast,0,0,
65532,2021-07-30 15:38:00,40.76115,-73.96087,0,0,View Obstructed/Limited,4444163,27.6,19.1,0.0,0.0,0.0,0.0,1,24.2,45.7,310,Mainly clear,0,0,Sunny/Clear Conditions
65533,2021-07-31 20:48:00,40.667976,-73.79814,0,0,Backing Unsafely,4444000,25.6,14.5,0.0,0.0,0.0,0.0,2,16.8,33.8,304,Partly cloudy,0,0,
65534,2021-08-03 18:00:00,40.63158,-73.94755,0,0,Driver Inattention/Distraction,4443561,24.2,15.3,0.0,0.0,0.0,0.0,3,10.7,21.2,7,Overcast,0,0,
65535,2021-08-01 02:58:00,40.75081,-73.89398,0,0,Unspecified,4443925,24.4,16.6,0.8,0.8,0.0,5.0,51,19.9,39.2,168,Drizzle: Light,0,0,