,CRASH DATETIME,LATITUDE,LONGITUDE,NUMBER OF PERSONS INJURED,NUMBER OF PERSONS KILLED,CONTRIBUTING FACTOR VEHICLE 1,COLLISION_ID,temperature_2m_max,temperature_2m_min,precipitation_sum,rain_sum,snowfall_sum,precipitation_hours,weather_code,wind_speed_10m_max,wind_gusts_10m_max,wind_direction_10m_dominant,Weather Description,Severity_Score,Total_Affected_Persons,Weather_Category
65536,2021-08-03 21:00:00,40.822872,-73.886986,1,0,Obstruction/Debris,4443489,24.2,15.3,0.0,0.0,0.0,0.0,3,10.7,21.2,7,Overcast,1,1,
65537,2021-08-03 22:30:00,40.598392,-73.90629,0,0,Reaction to Uninvolved Vehicle,4443800,24.2,15.3,0.0,0.0,0.0,0.0,3,10.7,21.2,7,Overcast,0,0,
65538,2021-08-03 10:07:00,40.840878,-73.90477,0,0,Unsafe Speed,4443896,24.2,15.3,0.0,0.0,0.0,0.0,3,10.7,21.2,7,Overcast,0,0,
65539,2021-08-03 19:20:00,40.67904,-73.98311,0,0,Failure to Yield Right-of-Way,4443520,24.2,15.3,0.0,0.0,0.0,0.0,3,10.7,21.2,7,Overcast,0,0,
65540,2021-08-03 00:00:00,40.735146,-73.89903,2,0,Driver Inattention/Distraction,4443666,24.2,15.3,0.0,0.0,0.0,0.0,3,10.7,21.2,7,Overcast,2,2,
65541,2021-08-03 21:30:00,40.63836,-73.96098,2,0,Following Too Closely,4443570,24.2,15.3,0.0,0.0,0.0,0.0,3,10.7,21.2,7,Overcast,2,2,
65542,2021-08-03 14:18:00,40.58575,-73.95368,1,0,Other Electronic Device,4443421,24.2,15.3,0.0,0.0,0.0,0.0,3,10.7,21.2,7,Overcast,1,1,
65543,2021-08-03 13:39:00,40.687824,-73.784065,0,0,Illnes,4443485,24.2,15.3,0.0,0.0,0.0,0.0,3,10.7,21.2,7,Overcast,0,0,
65544,2021-08-03 15:38:00,40.77812,-73.800606,1,0,Backing Unsafely,4443569,24.2,15.3,0.0,0.0,0.0,0.0,3,10.7,21.2,7,Overcast,1,1,
65545,2021-08-03 17:30:00,40.71242,-73.82932,1,0,Unsafe Speed,4443943,24.2,15.3,0.0,0.0,0.0,0.0,3,10.7,21.2,7,Overcast,1,1,
65546,2021-08-03 12:40:00,40.662247,-73.84262,1,0,Driver Inattention/Distraction,4443535,24.2,15.3,0.0,0.0,0.0,0.0,3,10.7,21.2,7,Overcast,1,1,
65547,2021-07-11 22:11:00,40.70703,-73.909325,1,0,Driver Inattention/Distraction,4443961,24.9,19.8,2.5,2.5,0.0,9.0,53,15.8,35.3,141,Drizzle: Moderate,1,1,
65548,2021-08-03 02:25:00,40.75004,-73.88152,0,0,Backing Unsafely,4443130,24.2,15.3,0.0,0.0,0.0,0.0,3,10.7,21.2,7,Overcast,0,0,
65549,2021-08-01 18:20:00,40.826397,-73.92116,0,0,Turning Improperly,4443884,24.4,16.6,0.8,0.8,0.0,5.0,51,19.9,39.2,168,Drizzle: Light,0,0,
65550,2021-08-01 00:00:00,40.668587,-73.92708,0,0,Driver Inattention/Distraction,4444120,24.4,16.6,0.8,0.8,0.0,5.0,51,19.9,39.2,168,Drizzle: Light,0,0,
65551,2021-08-02 22:51:00,40.621143,-74.08561,0,0,Failure to Yield Right-of-Way,4444098,26.4,17.2,0.0,0.0,0.0,0.0,3,18.4,37.4,313,Overcast,0,0,
65552,2021-08-03 21:00:00,40.748035,-73.88,0,0,Driver Inattention/Distraction,4443647,24.2,15.3,0.0,0.0,0.0,0.0,3,10.7,21.2,7,Overcast,0,0,
65553,2021-08-03 14:00:00,40.668907,-73.76988,1,0,View Obstructed/Limited,4443378,24.2,15.3,0.0,0.0,0.0,0.0,3,10.7,21.2,7,Overcast,1,1,
65554,2021-08-03 08:41:00,40.820187,-73.890686,1,0,Unspecified,4443384,24.2,15.3,0.0,0.0,0.0,0.0,3,10.7,21.2,7,Overcast,1,1,
65555,2021-08-03 11:30:00,40.703114,-73.921585,0,0,Backing Unsafely,4443602,24.2,15.3,0.0,0.0,0.0,0.0,3,10.7,21.2,7,Overcast,0,0,
65556,2021-08-01 00:00:00,40.666386,-73.80178,0,0,Passing Too Closely,4444013,24.4,16.6,0.8,0.8,0.0,5.0,51,19.9,39.2,168,Drizzle: Light,0,0,
65557,2021-08-03 10:00:00,40.82304,-73.88193,0,0,Unspecified,4443438,24.2,15.3,0.0,0.0,0.0,0.0,3,10.7,21.2,7,Overcast,0,0,
65558,2021-08-03 19:34:00,40.74017,-73.97615,1,0,Failure to Yield Right-of-Way,4443638,24.2,15.3,0.0,0.0,0.0,0.0,3,10.7,21.2,7,Overcast,1,1,
65559,2021-07-30 08:00:00,40.818188,-73.95036,0,0,Unspecified,4444041,27.6,19.1,0.0,0.0,0.0,0.0,1,24.2,45.7,310,Mainly clear,0,0,Sunny/Clear Conditions
65560,2021-08-03 12:38:00,40.632435,-73.88818,1,0,Failure to Yield Right-of-Way,4443474,24.2,15.3,0.0,0.0,0.0,0.0,3,10.7,21.2,7,Overcast,1,1,
65561,2021-08-03 12:45:00,40.692463,-73.81082,0,0,Unsafe Lane Changing,4443708,24.2,15.3,0.0,0.0,0.0,0.0,3,10.7,21.2,7,Overcast,0,0,
65562,2021-08-03 08:15:00,40.641247,-73.99337,0,0,Unspecified,4443321,24.2,15.3,0.0,0.0,0.0,0.0,3,10.7,21.2,7,Overcast,0,0,
65563,2021-08-03 21:40:00,40.83527,-73.832245,1,0,Unspecified,4443603,24.2,15.3,0.0,0.0,0.0,0.0,3,10.7,21.2,7,Overcast,1,1,
65564,2021-08-03 02:15:00,40.694546,-73.80212,1,0,Failure to Yield Right-of-Way,4443694,24.2,15.3,0.0,0.0,0.0,0.0,3,10.7,21.2,7,Overcast,1,1,
65565,2021-08-03 12:39:00,40.72165,-73.886444,0,1,Failure to Yield Right-of-Way,4443779,24.2,15.3,0.0,0.0,0.0,0.0,3,10.7,21.2,7,Overcast,20,1,
65566,2021-08-03 08:40:00,40.725243,-73.933914,1,0,Driver Inattention/Distraction,4443342,24.2,15.3,0.0,0.0,0.0,0.0,3,10.7,21.2,7,Overcast,1,1,
65567,2021-08-03 15:50:00,40.67765,-73.949776,0,0,Passing Too Closely,4443435,24.2,15.3,0.0,0.0,0.0,0.0,3,10.7,21.2,7,Overcast,0,0,
65568,2021-08-02 12:10:00,40.89487,-73.85657,0,0,Passing or Lane Usage Improper,4444057,26.4,17.2,0.0,0.0,0.0,0.0,3,18.4,37.4,313,Overcast,0,0,
65569,2021-08-03 07:50:00,40.633095,-73.93131,3,0,Turning Improperly,4444085,24.2,15.3,0.0,0.0,0.0,0.0,3,10.7,21.2,7,Overcast,3,3,
65570,2021-08-03 18:36:00,40.63073,-74.01734,0,0,Driver Inattention/Distraction,4443467,24.2,15.3,0.0,0.0,0.0,0.0,3,10.7,21.2,7,Overcast,0,0,
65571,2021-08-03 08:00:00,40.622894,-73.96002,0,0,Passing Too Closely,4443554,24.2,15.3,0.0,0.0,0.0,0.0,3,10.7,21.2,7,Overcast,0,0,
65572,2021-08-03 17:33:00,40.753746,-73.87326,0,0,Backing Unsafely,4444045,24.2,15.3,0.0,0.0,0.0,0.0,3,10.7,21.2,7,Overcast,0,0,
65573,2021-08-02 11:35:00,40.846264,-73.89146,0,0,Aggressive Driving/Road Rage,4443881,26.4,17.2,0.0,0.0,0.0,0.0,3,18.4,37.4,313,Overcast,0,0,
65574,2021-08-03 23:07:00,40.68199,-73.788414,0,0,Passing or Lane Usage Improper,4444006,24.2,15.3,0.0,0.0,0.0,0.0,3,10.7,21.2,7,Overcast,0,0,
65575,2021-08-03 01:55:00,40.73274,-73.74521,0,0,Unsafe Speed,4443368,24.2,15.3,0.0,0.0,0.0,0.0,3,10.7,21.2,7,Overcast,0,0,
65576,2021-08-03 07:40:00,40.82993,-73.86592,0,0,Traffic Control Disregarded,4443302,24.2,15.3,0.0,0.0,0.0,0.0,3,10.7,21.2,7,Overcast,0,0,
65577,2021-08-03 08:55:00,40.819553,-73.95919,1,0,Unspecified,4443459,24.2,15.3,0.0,0.0,0.0,0.0,3,10.7,21.2,7,Overcast,1,1,
65578,2021-08-02 13:29:00,40.668507,-73.92561,1,0,Failure to Yield Right-of-Way,4444122,26.4,17.2,0.0,0.0,0.0,0.0,3,18.4,37.4,313,Overcast,1,1,
65579,2021-08-03 15:30:00,40.76428,-73.9921,0,0,Turning Improperly,4443594,24.2,15.3,0.0,0.0,0.0,0.0,3,10.7,21.2,7,Overcast,0,0,
65580,2021-08-03 13:50:00,40.825165,-73.86699,0,0,Unspecified,4443442,24.2,15.3,0.0,0.0,0.0,0.0,3,10.7,21.2,7,Overcast,0,0,
65581,2021-08-01 20:01:00,40.872128,-73.88248,0,0,Unspecified,4443941,24.4,16.6,0.8,0.8,0.0,5.0,51,19.9,39.2,168,Drizzle: Light,0,0,
65582,2021-08-03 02:14:00,40.820625,-73.8903,0,0,Unspecified,4443718,24.2,15.3,0.0,0.0,0.0,0.0,3,10.7,21.2,7,Overcast,0,0,
65583,2021-08-03 17:00:00,40.746143,-73.89812,1,0,Failure to Yield Right-of-Way,4443506,24.2,15.3,0.0,0.0,0.0,0.0,3,10.7,21.2,7,Overcast,1,1,
65584,2021-08-03 12:58:00,40.816025,-73.93947,0,0,Other Vehicular,4443632,24.2,15.3,0.0,0.0,0.0,0.0,3,10.7,21.2,7,Overcast,0,0,
65585,2021-08-03 13:57:00,40.73698,-73.89417,1,0,Driver Inattention/Distraction,4443759,24.2,15.3,0.0,0.0,0.0,0.0,3,10.7,21.2,7,Overcast,1,1,
65586,2021-08-03 17:30:00,40.7591,-73.99214,0,0,Unspecified,4443662,24.2,15.3,0.0,0.0,0.0,0.0,3,10.7,21.2,7,Overcast,0,0,
65587,2021-07-12 19:05:00,40.628803,-73.92793,0,0,Driver Inattention/Distraction,4443917,28.6,22.0,9.7,9.7,0.0,12.0,63,12.0,31.7,107,Rain: Moderate,0,0,
65588,2021-08-01 20:50:00,40.52418,-74.2348,0,0,Turning Improperly,4444028,24.4,16.6,0.8,0.8,0.0,5.0,51,19.9,39.2,168,Drizzle: Light,0,0,
65589,2021-08-03 16:12:00,40.68733,-73.98183,0,0,Failure to Yield Right-of-Way,4443497,24.2,15.3,0.0,0.0,0.0,0.0,3,10.7,21.2,7,Overcast,0,0,
65590,2021-08-02 22:36:00,40.87384,-73.90892,0,0,Unsafe Speed,4443933,26.4,17.2,0.0,0.0,0.0,0.0,3,18.4,37.4,313,Overcast,0,0,
65591,2021-08-03 17:24:00,40.68091,-73.78106,0,0,Following Too Closely,4443488,24.2,15.3,0.0,0.0,0.0,0.0,3,10.7,21.2,7,Overcast,0,0,
65592,2021-08-03 06:55:00,40.791084,-73.953445,1,0,Failure to Yield Right-of-Way,4443273,24.2,15.3,0.0,0.0,0.0,0.0,3,10.7,21.2,7,Overcast,1,1,
65593,2021-07-19 00:30:00,40.708244,-73.910484,0,0,Driver Inattention/Distraction,4443962,27.5,20.8,0.5,0.5,0.0,2.0,51,12.8,29.9,307,Drizzle: Light,0,0,
65594,2021-06-28 03:30:00,40.71142,-73.95313,0,0,Unspecified,4444129,32.3,22.9,0.0,0.0,0.0,0.0,3,20.0,37.8,212,Overcast,0,0,
65595,2021-08-03 13:50:00,40.68883,-73.940834,0,0,Driver Inattention/Distraction,4443411,24.2,15.3,0.0,0.0,0.0,0.0,3,10.7,21.2,7,Overcast,0,0,
65596,2021-08-03 23:34:00,40.681484,-73.97703,0,0,Failure to Yield Right-of-Way,4443522,24.2,15.3,0.0,0.0,0.0,0.0,3,10.7,21.2,7,Overcast,0,0,
65597,2021-07-30 17:50:00,40.681767,-73.96754,0,0,Driver Inattention/Distraction,4444112,27.6,19.1,0.0,0.0,0.0,0.0,1,24.2,45.7,310,Mainly clear,0,0,Sunny/Clear Conditions
65598,2021-07-21 11:41:00,40.899,-73.89832,1,0,Unspecified,4444023,27.6,20.9,1.4,1.4,0.0,4.0,53,16.0,31.3,315,Drizzle: Moderate,1,1,
65599,2021-08-03 15:00:00,40.743374,-73.92056,0,0,Turning Improperly,4444145,24.2,15.3,0.0,0.0,0.0,0.0,3,10.7,21.2,7,Overcast,0,0,
65600,2021-08-03 18:40:00,40.64816,-73.88212,6,0,Driver Inattention/Distraction,4443586,24.2,15.3,0.0,0.0,0.0,0.0,3,10.7,21.2,7,Overcast,6,6,
65601,2021-08-03 17:06:00,40.84652,-73.86281,0,0,Driver Inattention/Distraction,4443905,24.2,15.3,0.0,0.0,0.0,0.0,3,10.7,21.2,7,Overcast,0,0,
65602,2021-08-03 21:05:00,40.59615,-73.761314,1,0,Illnes,4443515,24.2,15.3,0.0,0.0,0.0,0.0,3,10.7,21.2,7,Overcast,1,1,
65603,2021-08-03 19:10:00,40.63849,-73.894936,1,0,Backing Unsafely,4443476,24.2,15.3,0.0,0.0,0.0,0.0,3,10.7,21.2,7,Overcast,1,1,
65604,2021-08-03 23:30:00,40.882046,-73.86863,4,0,Unsafe Speed,4443949,24.2,15.3,0.0,0.0,0.0,0.0,3,10.7,21.2,7,Overcast,4,4,
65605,2021-07-12 06:20:00,40.812817,-73.89198,0,0,Unspecified,4443979,28.6,22.0,9.7,9.7,0.0,12.0,63,12.0,31.7,107,Rain: Moderate,0,0,
65606,2021-08-03 18:27:00,40.79778,-73.93412,1,0,Unspecified,4443616,24.2,15.3,0.0,0.0,0.0,0.0,3,10.7,21.2,7,Overcast,1,1,
65607,2021-08-02 10:22:00,40.664185,-73.92205,1,0,Backing Unsafely,4443866,26.4,17.2,0.0,0.0,0.0,0.0,3,18.4,37.4,313,Overcast,1,1,
65608,2021-08-03 13:20:00,40.809696,-73.91564,0,0,Unspecified,4443538,24.2,15.3,0.0,0.0,0.0,0.0,3,10.7,21.2,7,Overcast,0,0,
65609,2021-08-02 14:04:00,40.870907,-73.827385,0,0,,4444165,26.4,17.2,0.0,0.0,0.0,0.0,3,18.4,37.4,313,Overcast,0,0,
65610,2021-08-03 22:40:00,40.67976,-73.73741,0,0,Unspecified,4443571,24.2,15.3,0.0,0.0,0.0,0.0,3,10.7,21.2,7,Overcast,0,0,
65611,2021-06-21 00:30:00,40.815113,-73.95501,0,0,Following Too Closely,4444040,28.0,21.7,0.5,0.5,0.0,2.0,51,24.4,46.8,181,Drizzle: Light,0,0,
65612,2021-07-16 16:31:00,40.68708,-73.913895,1,0,Driver Inattention/Distraction,4443923,32.3,23.2,0.3,0.3,0.0,3.0,51,12.3,33.1,238,Drizzle: Light,1,1,
65613,2021-07-29 21:03:00,40.67357,-73.95294,0,0,Following Too Closely,4444115,25.3,20.4,33.0,33.0,0.0,11.0,65,26.1,50.8,182,Rain: Heavy,0,0,
65614,2021-08-02 23:30:00,40.615623,-74.105354,1,0,Fell Asleep,4444101,26.4,17.2,0.0,0.0,0.0,0.0,3,18.4,37.4,313,Overcast,1,1,
65615,2021-08-02 16:19:00,40.867035,-73.896324,0,0,Passing or Lane Usage Improper,4443928,26.4,17.2,0.0,0.0,0.0,0.0,3,18.4,37.4,313,Overcast,0,0,
65616,2021-08-03 00:25:00,40.746887,-73.8347,0,0,Failure to Yield Right-of-Way,4443138,24.2,15.3,0.0,0.0,0.0,0.0,3,10.7,21.2,7,Overcast,0,0,
65617,2021-07-31 12:30:00,40.534798,-74.23591,0,0,View Obstructed/Limited,4444017,25.6,14.5,0.0,0.0,0.0,0.0,2,16.8,33.8,304,Partly cloudy,0,0,
65618,2021-07-29 10:00:00,40.735413,-73.91835,1,0,Turning Improperly,4443951,25.3,20.4,33.0,33.0,0.0,11.0,65,26.1,50.8,182,Rain: Heavy,1,1,
65619,2021-08-03 20:10:00,40.68777,-73.98701,1,0,Passing Too Closely,4443494,24.2,15.3,0.0,0.0,0.0,0.0,3,10.7,21.2,7,Overcast,1,1,
65620,2021-08-03 14:38:00,40.83183,-73.86649,1,0,Unspecified,4443649,24.2,15.3,0.0,0.0,0.0,0.0,3,10.7,21.2,7,Overcast,1,1,
65621,2021-08-03 12:30:00,40.65869,-73.72782,0,0,Passing Too Closely,4443386,24.2,15.3,0.0,0.0,0.0,0.0,3,10.7,21.2,7,Overcast,0,0,
65622,2021-08-03 14:07:00,40.64195,-73.932274,0,0,Unspecified,4443641,24.2,15.3,0.0,0.0,0.0,0.0,3,10.7,21.2,7,Overcast,0,0,
65623,2021-08-02 10:00:00,40.79672,-73.97618,0,0,Passing or Lane Usage Improper,4443996,26.4,17.2,0.0,0.0,0.0,0.0,3,18.4,37.4,313,Overcast,0,0,
65624,2021-07-21 19:00:00,40.71392,-73.998726,0,0,Driver Inexperience,4443891,27.6,20.9,1.4,1.4,0.0,4.0,53,16.0,31.3,315,Drizzle: Moderate,0,0,
65625,2021-08-03 20:14:00,40.705128,-73.95982,0,0,Unspecified,4443543,24.2,15.3,0.0,0.0,0.0,0.0,3,10.7,21.2,7,Overcast,0,0,
65626,2021-08-03 15:15:00,40.78463,-73.83634,1,0,Backing Unsafely,4443560,24.2,15.3,0.0,0.0,0.0,0.0,3,10.7,21.2,7,Overcast,1,1,
65627,2021-08-03 11:03:00,40.809868,-73.94255,0,0,Unspecified,4443858,24.2,15.3,0.0,0.0,0.0,0.0,3,10.7,21.2,7,Overcast,0,0,
65628,2021-08-03 19:00:00,40.766712,-73.98289,1,0,Unspecified,4443596,24.2,15.3,0.0,0.0,0.0,0.0,3,10.7,21.2,7,Overcast,1,1,
65629,2021-08-03 10:40:00,40.825935,-73.85913,0,0,Unspecified,4443441,24.2,15.3,0.0,0.0,0.0,0.0,3,10.7,21.2,7,Overcast,0,0,
65630,2021-08-03 21:45:00,40.6873,-73.7331,1,0,Passing or Lane Usage Improper,4443473,24.2,15.3,0.0,0.0,0.0,0.0,3,10.7,21.2,7,Overcast,1,1,
65631,2021-08-03 13:07:00,40.727192,-73.89328,1,0,Driver Inattention/Distraction,4444089,24.2,15.3,0.0,0.0,0.0,0.0,3,10.7,21.2,7,Overcast,1,1,
65632,2021-08-03 02:15:00,40.669113,-73.95336,0,0,Driver Inattention/Distraction,4443330,24.2,15.3,0.0,0.0,0.0,0.0,3,10.7,21.2,7,Overcast,0,0,
65633,2021-07-28 17:00:00,40.68187,-73.96348,0,0,Unspecified,4444046,26.7,20.2,0.7,0.7,0.0,3.0,53,16.7,34.2,1,Drizzle: Moderate,0,0,
65634,2021-08-03 23:05:00,40.666405,-73.802635,1,0,Following Too Closely,4443607,24.2,15.3,0.0,0.0,0.0,0.0,3,10.7,21.2,7,Overcast,1,1,
65635,2021-08-03 05:30:00,40.668976,-73.98415,0,0,Unspecified,4443519,24.2,15.3,0.0,0.0,0.0,0.0,3,10.7,21.2,7,Overcast,0,0,
65636,2021-07-29 17:25:00,40.773018,-73.952194,0,0,Other Vehicular,4444161,25.3,20.4,33.0,33.0,0.0,11.0,65,26.1,50.8,182,Rain: Heavy,0,0,
65637,2021-07-30 05:15:00,40.681778,-73.78156,2,0,Unsafe Speed,4444011,27.6,19.1,0.0,0.0,0.0,0.0,1,24.2,45.7,310,Mainly clear,2,2,Sunny/Clear Conditions
65638,2021-08-03 08:00:00,40.678455,-73.949684,0,0,Other Vehicular,4444119,24.2,15.3,0.0,0.0,0.0,0.0,3,10.7,21.2,7,Overcast,0,0,
65639,2021-08-03 01:00:00,40.74054,-73.89208,0,0,Unspecified,4443445,24.2,15.3,0.0,0.0,0.0,0.0,3,10.7,21.2,7,Overcast,0,0,
65640,2021-08-03 18:45:00,40.64366,-73.90067,1,0,Driver Inattention/Distraction,4443477,24.2,15.3,0.0,0.0,0.0,0.0,3,10.7,21.2,7,Overcast,1,1,
65641,2021-08-02 18:50:00,40.579197,-73.98195,1,0,Driver Inattention/Distraction,4443867,26.4,17.2,0.0,0.0,0.0,0.0,3,18.4,37.4,313,Overcast,1,1,
65642,2021-08-03 22:11:00,40.732853,-74.00753,1,0,Failure to Yield Right-of-Way,4443698,24.2,15.3,0.0,0.0,0.0,0.0,3,10.7,21.2,7,Overcast,1,1,
65643,2021-08-03 10:13:00,40.64018,-74.00112,1,0,Driver Inattention/Distraction,4443725,24.2,15.3,0.0,0.0,0.0,0.0,3,10.7,21.2,7,Overcast,1,1,
65644,2021-08-03 07:00:00,40.688957,-73.76205,0,0,Brakes Defective,4443320,24.2,15.3,0.0,0.0,0.0,0.0,3,10.7,21.2,7,Overcast,0,0,
65645,2021-08-03 12:36:00,40.678226,-73.75236,0,0,Unspecified,4443377,24.2,15.3,0.0,0.0,0.0,0.0,3,10.7,21.2,7,Overcast,0,0,
65646,2021-08-03 20:33:00,40.803143,-73.97256,0,0,Passing or Lane Usage Improper,4443615,24.2,15.3,0.0,0.0,0.0,0.0,3,10.7,21.2,7,Overcast,0,0,
65647,2021-08-03 21:30:00,40.75455,-73.74317,0,0,Passing or Lane Usage Improper,4443482,24.2,15.3,0.0,0.0,0.0,0.0,3,10.7,21.2,7,Overcast,0,0,
65648,2021-08-03 15:30:00,40.7042,-73.95825,1,0,Unspecified,4444123,24.2,15.3,0.0,0.0,0.0,0.0,3,10.7,21.2,7,Overcast,1,1,
65649,2021-08-03 11:00:00,40.57343,-73.99175,0,0,Backing Unsafely,4443593,24.2,15.3,0.0,0.0,0.0,0.0,3,10.7,21.2,7,Overcast,0,0,
65650,2021-08-03 14:12:00,40.670624,-73.895546,1,0,Unspecified,4443434,24.2,15.3,0.0,0.0,0.0,0.0,3,10.7,21.2,7,Overcast,1,1,
65651,2021-08-03 16:00:00,40.819046,-73.944695,0,0,Other Vehicular,4443978,24.2,15.3,0.0,0.0,0.0,0.0,3,10.7,21.2,7,Overcast,0,0,
65652,2021-08-03 08:30:00,40.628162,-73.94137,0,0,Driver Inattention/Distraction,4443934,24.2,15.3,0.0,0.0,0.0,0.0,3,10.7,21.2,7,Overcast,0,0,
65653,2021-08-03 21:49:00,40.737537,-73.929955,0,0,Driver Inattention/Distraction,4443507,24.2,15.3,0.0,0.0,0.0,0.0,3,10.7,21.2,7,Overcast,0,0,
65654,2021-07-30 00:00:00,40.845177,-73.91417,1,0,Driver Inattention/Distraction,4443879,27.6,19.1,0.0,0.0,0.0,0.0,1,24.2,45.7,310,Mainly clear,1,1,Sunny/Clear Conditions
65655,2021-08-03 06:45:00,40.720707,-73.981316,1,0,Traffic Control Disregarded,4443916,24.2,15.3,0.0,0.0,0.0,0.0,3,10.7,21.2,7,Overcast,1,1,
65656,2021-08-03 12:45:00,40.691208,-73.813545,1,0,Passing or Lane Usage Improper,4443534,24.2,15.3,0.0,0.0,0.0,0.0,3,10.7,21.2,7,Overcast,1,1,
65657,2021-08-03 13:30:00,40.709946,-73.953026,0,0,Passing or Lane Usage Improper,4444132,24.2,15.3,0.0,0.0,0.0,0.0,3,10.7,21.2,7,Overcast,0,0,
65658,2021-08-03 06:25:00,40.88455,-73.832344,0,0,Backing Unsafely,4443416,24.2,15.3,0.0,0.0,0.0,0.0,3,10.7,21.2,7,Overcast,0,0,
65659,2021-07-30 23:03:00,40.66925,-73.93944,1,0,View Obstructed/Limited,4444113,27.6,19.1,0.0,0.0,0.0,0.0,1,24.2,45.7,310,Mainly clear,1,1,Sunny/Clear Conditions
65660,2021-08-03 05:00:00,40.875237,-73.885185,0,0,Unspecified,4443352,24.2,15.3,0.0,0.0,0.0,0.0,3,10.7,21.2,7,Overcast,0,0,
65661,2021-08-03 14:40:00,40.688362,-73.77663,0,0,Failure to Yield Right-of-Way,4444004,24.2,15.3,0.0,0.0,0.0,0.0,3,10.7,21.2,7,Overcast,0,0,
65662,2021-08-03 16:50:00,40.738693,-73.98281,0,0,Passing Too Closely,4443628,24.2,15.3,0.0,0.0,0.0,0.0,3,10.7,21.2,7,Overcast,0,0,
65663,2021-08-03 19:05:00,40.629734,-73.940544,0,0,Unspecified,4443755,24.2,15.3,0.0,0.0,0.0,0.0,3,10.7,21.2,7,Overcast,0,0,
65664,2021-08-03 16:45:00,40.82,-73.95887,0,0,Other Vehicular,4443461,24.2,15.3,0.0,0.0,0.0,0.0,3,10.7,21.2,7,Overcast,0,0,
65665,2021-08-03 23:39:00,40.631504,-74.024796,0,0,Turning Improperly,4443548,24.2,15.3,0.0,0.0,0.0,0.0,3,10.7,21.2,7,Overcast,0,0,
65666,2021-08-03 21:14:00,40.608852,-74.15334,2,0,Driver Inattention/Distraction,4443661,24.2,15.3,0.0,0.0,0.0,0.0,3,10.7,21.2,7,Overcast,2,2,
65667,2021-08-03 17:00:00,40.663914,-73.86716,0,0,Unspecified,4443585,24.2,15.3,0.0,0.0,0.0,0.0,3,10.7,21.2,7,Overcast,0,0,
65668,2021-08-03 01:00:00,40.716248,-73.949,0,0,Passing Too Closely,4443343,24.2,15.3,0.0,0.0,0.0,0.0,3,10.7,21.2,7,Overcast,0,0,
65669,2021-08-03 05:45:00,40.701405,-73.82392,0,0,Alcohol Involvement,4443287,24.2,15.3,0.0,0.0,0.0,0.0,3,10.7,21.2,7,Overcast,0,0,
65670,2021-08-03 16:50:00,40.694294,-73.74868,3,0,Failure to Yield Right-of-Way,4443487,24.2,15.3,0.0,0.0,0.0,0.0,3,10.7,21.2,7,Overcast,3,3,
65671,2022-01-05 04:00:00,40.87802,-73.90646,0,0,Unspecified,4497504,6.9,-2.1,0.5,0.5,0.0,4.0,51,21.8,38.2,216,Drizzle: Light,0,0,
65672,2021-08-03 15:12:00,40.612854,-73.96001,0,0,Driver Inattention/Distraction,4443555,24.2,15.3,0.0,0.0,0.0,0.0,3,10.7,21.2,7,Overcast,0,0,
65673,2021-08-03 19:31:00,40.733307,-73.88998,0,0,Reaction to Uninvolved Vehicle,4443466,24.2,15.3,0.0,0.0,0.0,0.0,3,10.7,21.2,7,Overcast,0,0,
65674,2021-08-02 18:40:00,40.8722,-73.90501,0,0,Backing Unsafely,4443940,26.4,17.2,0.0,0.0,0.0,0.0,3,18.4,37.4,313,Overcast,0,0,
65675,2021-07-31 13:00:00,40.599163,-73.91084,1,0,Driver Inattention/Distraction,4443968,25.6,14.5,0.0,0.0,0.0,0.0,2,16.8,33.8,304,Partly cloudy,1,1,
65676,2021-07-25 17:00:00,40.8477,-73.90097,2,0,Other Vehicular,4443888,28.0,20.3,7.3,7.3,0.0,10.0,63,20.9,43.2,198,Rain: Moderate,2,2,
65677,2021-07-31 13:45:00,40.547832,-74.220375,1,0,Following Too Closely,4444025,25.6,14.5,0.0,0.0,0.0,0.0,2,16.8,33.8,304,Partly cloudy,1,1,
65678,2021-08-03 18:33:00,40.685524,-73.98125,1,0,Aggressive Driving/Road Rage,4443498,24.2,15.3,0.0,0.0,0.0,0.0,3,10.7,21.2,7,Overcast,1,1,
65679,2021-08-01 03:00:00,40.758156,-73.89627,0,0,Unspecified,4443907,24.4,16.6,0.8,0.8,0.0,5.0,51,19.9,39.2,168,Drizzle: Light,0,0,
65680,2021-08-03 06:36:00,40.78318,-73.94362,1,0,Driver Inattention/Distraction,4444061,24.2,15.3,0.0,0.0,0.0,0.0,3,10.7,21.2,7,Overcast,1,1,
65681,2021-08-03 06:15:00,40.69385,-73.76643,0,0,Passing Too Closely,4443608,24.2,15.3,0.0,0.0,0.0,0.0,3,10.7,21.2,7,Overcast,0,0,
65682,2021-08-03 19:00:00,40.633953,-74.085754,1,0,Illnes,4444102,24.2,15.3,0.0,0.0,0.0,0.0,3,10.7,21.2,7,Overcast,1,1,
65683,2021-08-03 18:00:00,40.679375,-73.96408,0,0,Driver Inattention/Distraction,4444124,24.2,15.3,0.0,0.0,0.0,0.0,3,10.7,21.2,7,Overcast,0,0,
65684,2021-08-03 15:09:00,40.757698,-73.9694,0,0,Unspecified,4443404,24.2,15.3,0.0,0.0,0.0,0.0,3,10.7,21.2,7,Overcast,0,0,
65685,2021-08-03 08:03:00,40.58038,-73.967606,1,0,Traffic Control Disregarded,4443651,24.2,15.3,0.0,0.0,0.0,0.0,3,10.7,21.2,7,Overcast,1,1,
65686,2021-07-23 00:30:00,40.69142,-73.7875,0,0,Passing Too Closely,4444010,26.2,17.3,0.0,0.0,0.0,0.0,1,11.3,27.0,340,Mainly clear,0,0,Sunny/Clear Conditions