,CRASH DATETIME,LATITUDE,LONGITUDE,NUMBER OF PERSONS INJURED,NUMBER OF PERSONS KILLED,CONTRIBUTING FACTOR VEHICLE 1,COLLISION_ID,temperature_2m_max,temperature_2m_min,precipitation_sum,rain_sum,snowfall_sum,precipitation_hours,weather_code,wind_speed_10m_max,wind_gusts_10m_max,wind_direction_10m_dominant,Weather Description,Severity_Score,Total_Affected_Persons,Weather_Category
65687,2021-08-03 09:00:00,40.692482,-73.9203,1,0,Failure to Yield Right-of-Way,4443598,24.2,15.3,0.0,0.0,0.0,0.0,3,10.7,21.2,7,Overcast,1,1,
65688,2021-08-03 10:00:00,40.67337,-73.75619,0,0,Failure to Yield Right-of-Way,4443376,24.2,15.3,0.0,0.0,0.0,0.0,3,10.7,21.2,7,Overcast,0,0,
65689,2021-08-03 08:00:00,40.717743,-74.01409,0,0,Passing Too Closely,4443446,24.2,15.3,0.0,0.0,0.0,0.0,3,10.7,21.2,7,Overcast,0,0,
65690,2021-08-03 00:00:00,40.821262,-73.94608,1,0,Other Vehicular,4443776,24.2,15.3,0.0,0.0,0.0,0.0,3,10.7,21.2,7,Overcast,1,1,
65691,2021-08-03 21:23:00,40.82255,-73.88573,0,0,Unspecified,4443726,24.2,15.3,0.0,0.0,0.0,0.0,3,10.7,21.2,7,Overcast,0,0,
65692,2021-08-03 12:09:00,40.651268,-73.97181,0,0,Unspecified,4443332,24.2,15.3,0.0,0.0,0.0,0.0,3,10.7,21.2,7,Overcast,0,0,
65693,2021-07-31 00:00:00,40.541275,-74.19056,0,0,Driver Inattention/Distraction,4444026,25.6,14.5,0.0,0.0,0.0,0.0,2,16.8,33.8,304,Partly cloudy,0,0,
65694,2021-08-02 21:56:00,40.668507,-73.92561,0,0,Traffic Control Disregarded,4444114,26.4,17.2,0.0,0.0,0.0,0.0,3,18.4,37.4,313,Overcast,0,0,
65695,2021-07-15 20:17:00,40.71843,-74.000534,0,0,Passing or Lane Usage Improper,4443893,29.3,21.2,0.1,0.1,0.0,1.0,51,13.7,27.4,212,Drizzle: Light,0,0,
65696,2021-08-03 09:36:00,40.670403,-73.85629,0,0,Following Too Closely,4443537,24.2,15.3,0.0,0.0,0.0,0.0,3,10.7,21.2,7,Overcast,0,0,
65697,2021-08-03 17:34:00,40.861862,-73.91275,0,0,Unspecified,4443945,24.2,15.3,0.0,0.0,0.0,0.0,3,10.7,21.2,7,Overcast,0,0,
65698,2021-07-08 00:00:00,40.820095,-73.955086,0,0,Pavement Slippery,4443958,28.3,21.3,15.2,15.2,0.0,12.0,63,16.9,48.2,125,Rain: Moderate,0,0,
65699,2021-08-03 05:04:00,40.762287,-73.972374,1,0,Driver Inattention/Distraction,4443156,24.2,15.3,0.0,0.0,0.0,0.0,3,10.7,21.2,7,Overcast,1,1,
65700,2021-08-03 14:00:00,40.833004,-73.89803,1,0,Driver Inattention/Distraction,4443566,24.2,15.3,0.0,0.0,0.0,0.0,3,10.7,21.2,7,Overcast,1,1,
65701,2021-08-03 12:50:00,40.67487,-73.88098,1,0,,4443582,24.2,15.3,0.0,0.0,0.0,0.0,3,10.7,21.2,7,Overcast,1,1,
65702,2021-09-28 18:00:00,40.6805377,-73.9701714,0,0,Passing or Lane Usage Improper,4469102,22.1,16.3,12.4,12.4,0.0,9.0,63,19.2,38.5,264,Rain: Moderate,0,0,
65703,2021-08-03 17:00:00,40.5426,-74.208336,2,0,Aggressive Driving/Road Rage,4444020,24.2,15.3,0.0,0.0,0.0,0.0,3,10.7,21.2,7,Overcast,2,2,
65704,2021-08-03 20:11:00,40.68671,-73.979065,0,0,Unspecified,4443492,24.2,15.3,0.0,0.0,0.0,0.0,3,10.7,21.2,7,Overcast,0,0,
65705,2021-08-03 14:30:00,40.831,-73.82652,0,0,Unspecified,4443860,24.2,15.3,0.0,0.0,0.0,0.0,3,10.7,21.2,7,Overcast,0,0,
65706,2021-08-03 14:00:00,40.674686,-73.97601,0,0,Driver Inattention/Distraction,4443518,24.2,15.3,0.0,0.0,0.0,0.0,3,10.7,21.2,7,Overcast,0,0,
65707,2022-04-12 08:55:00,40.809494,-73.935814,2,0,Unspecified,4518366,20.4,7.7,1.6,1.6,0.0,3.0,53,17.8,36.0,271,Drizzle: Moderate,2,2,
65708,2021-07-15 14:00:00,40.709393,-73.9219,0,0,Driver Inattention/Distraction,4444168,29.3,21.2,0.1,0.1,0.0,1.0,51,13.7,27.4,212,Drizzle: Light,0,0,
65709,2021-08-03 16:54:00,40.83648,-73.897736,0,0,Unspecified,4443574,24.2,15.3,0.0,0.0,0.0,0.0,3,10.7,21.2,7,Overcast,0,0,
65710,2021-08-03 14:22:00,40.838524,-73.87009,0,0,Driver Inattention/Distraction,4443440,24.2,15.3,0.0,0.0,0.0,0.0,3,10.7,21.2,7,Overcast,0,0,
65711,2021-08-03 11:15:00,40.586025,-73.95107,1,0,Unspecified,4443315,24.2,15.3,0.0,0.0,0.0,0.0,3,10.7,21.2,7,Overcast,1,1,
65712,2021-08-03 17:50:00,40.64967,-73.95237,2,0,Driver Inattention/Distraction,4443643,24.2,15.3,0.0,0.0,0.0,0.0,3,10.7,21.2,7,Overcast,2,2,
65713,2021-07-14 00:05:00,40.796795,-73.94718,1,0,Traffic Control Disregarded,4443868,30.6,21.5,0.8,0.8,0.0,3.0,53,14.5,36.0,191,Drizzle: Moderate,1,1,
65714,2021-08-03 19:59:00,40.629707,-73.90822,1,0,Failure to Yield Right-of-Way,4443478,24.2,15.3,0.0,0.0,0.0,0.0,3,10.7,21.2,7,Overcast,1,1,
65715,2021-08-03 18:25:00,40.666145,-73.759125,8,0,Driver Inattention/Distraction,4443471,24.2,15.3,0.0,0.0,0.0,0.0,3,10.7,21.2,7,Overcast,8,8,
65716,2021-08-03 20:45:00,40.72363,-74.01148,0,0,Traffic Control Disregarded,4443700,24.2,15.3,0.0,0.0,0.0,0.0,3,10.7,21.2,7,Overcast,0,0,
65717,2021-08-03 17:30:00,40.696587,-73.85285,0,0,Passing or Lane Usage Improper,4444037,24.2,15.3,0.0,0.0,0.0,0.0,3,10.7,21.2,7,Overcast,0,0,
65718,2021-08-03 20:10:00,40.60739,-73.943214,2,0,Unspecified,4443514,24.2,15.3,0.0,0.0,0.0,0.0,3,10.7,21.2,7,Overcast,2,2,
65719,2021-08-03 09:00:00,40.713997,-73.924126,0,0,Driver Inattention/Distraction,4443541,24.2,15.3,0.0,0.0,0.0,0.0,3,10.7,21.2,7,Overcast,0,0,
65720,2021-08-01 07:25:00,40.714302,-73.76657,0,0,Driver Inattention/Distraction,4443990,24.4,16.6,0.8,0.8,0.0,5.0,51,19.9,39.2,168,Drizzle: Light,0,0,
65721,2021-07-24 09:20:00,40.892567,-73.85275,0,0,Passing or Lane Usage Improper,4443929,26.8,18.2,0.0,0.0,0.0,0.0,3,16.3,31.7,152,Overcast,0,0,
65722,2021-08-01 15:50:00,40.733685,-73.92396,0,0,Unsafe Speed,4444142,24.4,16.6,0.8,0.8,0.0,5.0,51,19.9,39.2,168,Drizzle: Light,0,0,
65723,2021-08-03 17:20:00,40.63375,-73.950676,0,0,Failure to Yield Right-of-Way,4443559,24.2,15.3,0.0,0.0,0.0,0.0,3,10.7,21.2,7,Overcast,0,0,
65724,2021-08-03 21:40:00,40.6943,-73.99769,0,0,Backing Unsafely,4443501,24.2,15.3,0.0,0.0,0.0,0.0,3,10.7,21.2,7,Overcast,0,0,
65725,2021-08-03 13:00:00,40.677414,-73.93033,0,0,Following Too Closely,4444118,24.2,15.3,0.0,0.0,0.0,0.0,3,10.7,21.2,7,Overcast,0,0,
65726,2021-08-03 22:20:00,40.759018,-73.85349,2,0,Reaction to Uninvolved Vehicle,4443909,24.2,15.3,0.0,0.0,0.0,0.0,3,10.7,21.2,7,Overcast,2,2,
65727,2021-08-03 06:25:00,40.61146,-73.92437,0,0,Driverless/Runaway Vehicle,4443922,24.2,15.3,0.0,0.0,0.0,0.0,3,10.7,21.2,7,Overcast,0,0,
65728,2021-08-03 12:40:00,40.873337,-73.84648,0,0,Oversized Vehicle,4443935,24.2,15.3,0.0,0.0,0.0,0.0,3,10.7,21.2,7,Overcast,0,0,
65729,2021-08-03 14:00:00,40.715427,-73.93876,0,0,Driver Inexperience,4443525,24.2,15.3,0.0,0.0,0.0,0.0,3,10.7,21.2,7,Overcast,0,0,
65730,2021-12-18 14:45:00,40.670982,-73.76997,0,0,Unsafe Speed,4497528,6.3,4.5,3.8,3.8,0.0,9.0,61,12.3,24.5,35,Rain: Light,0,0,
65731,2022-01-19 14:23:00,40.667915,-73.77523,0,0,Turning Improperly,4497586,7.6,-4.9,0.0,0.0,0.0,0.0,3,23.5,43.2,208,Overcast,0,0,
65732,2022-01-24 19:25:00,40.726833,-73.94942,1,0,Unspecified,4497074,0.2,-2.7,0.3,0.0,0.21,2.0,71,15.1,31.0,307,Snow fall: Light,1,1,Snowy Conditions
65733,2021-10-17 10:15:00,40.7676217,-73.9499978,2,0,Driver Inexperience,4469109,17.3,11.1,0.2,0.2,0.0,2.0,51,23.9,43.9,293,Drizzle: Light,2,2,
65734,2022-01-21 03:52:00,40.658577,-73.89063,0,0,Unspecified,4497639,-5.3,-11.6,0.0,0.0,0.0,0.0,3,21.9,40.0,2,Overcast,0,0,
65735,2022-01-24 14:39:00,40.690235,-73.92215,0,0,Passing Too Closely,4497292,0.2,-2.7,0.3,0.0,0.21,2.0,71,15.1,31.0,307,Snow fall: Light,0,0,Snowy Conditions
65736,2022-01-24 12:07:00,40.689342,-73.99866,0,0,Following Too Closely,4497003,0.2,-2.7,0.3,0.0,0.21,2.0,71,15.1,31.0,307,Snow fall: Light,0,0,Snowy Conditions
65737,2022-01-22 04:37:00,40.80403,-73.95658,0,0,Driver Inattention/Distraction,4497397,-1.3,-12.3,0.0,0.0,0.0,0.0,3,18.4,32.8,1,Overcast,0,0,
65738,2022-01-21 13:30:00,40.812008,-73.951515,2,0,Passing Too Closely,4497562,-5.3,-11.6,0.0,0.0,0.0,0.0,3,21.9,40.0,2,Overcast,2,2,
65739,2022-01-24 10:50:00,40.688778,-73.786446,1,0,Backing Unsafely,4497270,0.2,-2.7,0.3,0.0,0.21,2.0,71,15.1,31.0,307,Snow fall: Light,1,1,Snowy Conditions
65740,2022-01-24 11:16:00,40.738876,-73.99575,0,0,Driver Inattention/Distraction,4496989,0.2,-2.7,0.3,0.0,0.21,2.0,71,15.1,31.0,307,Snow fall: Light,0,0,Snowy Conditions
65741,2022-01-24 19:46:00,40.63195,-74.14667,0,0,Driver Inattention/Distraction,4497029,0.2,-2.7,0.3,0.0,0.21,2.0,71,15.1,31.0,307,Snow fall: Light,0,0,Snowy Conditions
65742,2022-01-21 12:20:00,40.654266,-73.88281,0,0,Passing or Lane Usage Improper,4497440,-5.3,-11.6,0.0,0.0,0.0,0.0,3,21.9,40.0,2,Overcast,0,0,
65743,2021-10-12 03:20:00,40.8514695,-73.8955651,0,0,Driver Inattention/Distraction,4469120,21.6,15.2,0.0,0.0,0.0,0.0,3,11.8,23.8,81,Overcast,0,0,
65744,2022-01-22 22:20:00,40.67374,-73.88341,0,0,Traffic Control Disregarded,4497429,-1.3,-12.3,0.0,0.0,0.0,0.0,3,18.4,32.8,1,Overcast,0,0,
65745,2022-01-24 06:38:00,40.860035,-73.89117,1,0,View Obstructed/Limited,4496957,0.2,-2.7,0.3,0.0,0.21,2.0,71,15.1,31.0,307,Snow fall: Light,1,1,Snowy Conditions
65746,2021-12-22 20:25:00,40.67554,-73.79231,0,0,Turning Improperly,4497587,8.1,-0.0,4.2,4.2,0.0,9.0,61,26.7,47.9,313,Rain: Light,0,0,
65747,2022-01-18 19:40:00,40.75898,-73.91681,1,0,Lost Consciousness,4497706,1.7,-4.9,0.0,0.0,0.0,0.0,3,30.9,58.3,294,Overcast,1,1,
65748,2022-01-22 19:30:00,40.64254,-73.87652,0,0,Unsafe Speed,4497462,-1.3,-12.3,0.0,0.0,0.0,0.0,3,18.4,32.8,1,Overcast,0,0,
65749,2022-01-24 21:00:00,40.689854,-73.86311,0,0,Passing or Lane Usage Improper,4497146,0.2,-2.7,0.3,0.0,0.21,2.0,71,15.1,31.0,307,Snow fall: Light,0,0,Snowy Conditions
65750,2022-01-15 16:30:00,40.90122,-73.90322,0,0,Passing or Lane Usage Improper,4497517,-5.3,-11.1,0.0,0.0,0.0,0.0,3,22.4,46.1,345,Overcast,0,0,
65751,2022-01-19 23:40:00,40.8854,-73.89723,0,0,Unspecified,4497522,7.6,-4.9,0.0,0.0,0.0,0.0,3,23.5,43.2,208,Overcast,0,0,
65752,2021-10-11 14:36:00,40.7422847,-74.0044171,1,0,Failure to Yield Right-of-Way,4469130,21.7,16.3,0.0,0.0,0.0,0.0,3,25.7,49.7,41,Overcast,1,1,
65753,2022-01-22 03:24:00,40.666706,-73.871826,2,0,Unsafe Speed,4497468,-1.3,-12.3,0.0,0.0,0.0,0.0,3,18.4,32.8,1,Overcast,2,2,
65754,2022-01-24 01:00:00,40.73401,-73.866455,0,0,Driver Inattention/Distraction,4496813,0.2,-2.7,0.3,0.0,0.21,2.0,71,15.1,31.0,307,Snow fall: Light,0,0,Snowy Conditions
65755,2022-01-23 13:00:00,40.739296,-73.78505,0,0,Unspecified,4497659,2.8,-6.1,0.5,0.0,0.35,3.0,71,14.2,28.1,243,Snow fall: Light,0,0,Snowy Conditions
65756,2022-01-24 16:23:00,40.843994,-73.89752,0,0,Turning Improperly,4497193,0.2,-2.7,0.3,0.0,0.21,2.0,71,15.1,31.0,307,Snow fall: Light,0,0,Snowy Conditions
65757,2022-01-24 12:00:00,40.839603,-73.918144,0,0,Backing Unsafely,4497225,0.2,-2.7,0.3,0.0,0.21,2.0,71,15.1,31.0,307,Snow fall: Light,0,0,Snowy Conditions
65758,2022-01-23 08:50:00,40.66874,-73.99668,0,0,Driverless/Runaway Vehicle,4497580,2.8,-6.1,0.5,0.0,0.35,3.0,71,14.2,28.1,243,Snow fall: Light,0,0,Snowy Conditions
65759,2022-01-21 17:50:00,40.675735,-73.89686,1,0,Traffic Control Disregarded,4497446,-5.3,-11.6,0.0,0.0,0.0,0.0,3,21.9,40.0,2,Overcast,1,1,
65760,2022-01-24 00:00:00,40.703545,-73.92234,0,0,Backing Unsafely,4497093,0.2,-2.7,0.3,0.0,0.21,2.0,71,15.1,31.0,307,Snow fall: Light,0,0,Snowy Conditions
65761,2022-01-19 17:05:00,40.665348,-73.91157,0,0,Unspecified,4497624,7.6,-4.9,0.0,0.0,0.0,0.0,3,23.5,43.2,208,Overcast,0,0,
65762,2022-01-24 06:25:00,40.838333,-73.91692,1,0,Pavement Slippery,4497214,0.2,-2.7,0.3,0.0,0.21,2.0,71,15.1,31.0,307,Snow fall: Light,1,1,Snowy Conditions
65763,2022-01-24 14:50:00,40.86507,-73.87185,0,0,Driver Inexperience,4497025,0.2,-2.7,0.3,0.0,0.21,2.0,71,15.1,31.0,307,Snow fall: Light,0,0,Snowy Conditions
65764,2022-01-24 06:50:00,40.62731,-73.98539,1,0,Failure to Yield Right-of-Way,4496922,0.2,-2.7,0.3,0.0,0.21,2.0,71,15.1,31.0,307,Snow fall: Light,1,1,Snowy Conditions
65765,2022-01-24 13:20:00,40.653576,-73.95946,0,0,Driver Inattention/Distraction,4497379,0.2,-2.7,0.3,0.0,0.21,2.0,71,15.1,31.0,307,Snow fall: Light,0,0,Snowy Conditions
65766,2022-01-24 16:15:00,40.67986,-73.87794,1,0,Unspecified,4497451,0.2,-2.7,0.3,0.0,0.21,2.0,71,15.1,31.0,307,Snow fall: Light,1,1,Snowy Conditions
65767,2022-01-24 10:35:00,40.657227,-73.900764,0,0,Following Too Closely,4497051,0.2,-2.7,0.3,0.0,0.21,2.0,71,15.1,31.0,307,Snow fall: Light,0,0,Snowy Conditions
65768,2022-01-24 17:50:00,40.76315,-73.81261,1,0,Failure to Yield Right-of-Way,4497042,0.2,-2.7,0.3,0.0,0.21,2.0,71,15.1,31.0,307,Snow fall: Light,1,1,Snowy Conditions
65769,2022-01-05 05:48:00,40.56345,-74.169754,0,0,Pavement Slippery,4497423,6.9,-2.1,0.5,0.5,0.0,4.0,51,21.8,38.2,216,Drizzle: Light,0,0,
65770,2022-01-22 17:58:00,40.696392,-73.78328,0,0,Other Vehicular,4497607,-1.3,-12.3,0.0,0.0,0.0,0.0,3,18.4,32.8,1,Overcast,0,0,
65771,2022-01-24 23:05:00,40.68854,-73.82294,1,0,Following Too Closely,4497087,0.2,-2.7,0.3,0.0,0.21,2.0,71,15.1,31.0,307,Snow fall: Light,1,1,Snowy Conditions
65772,2022-01-24 15:00:00,40.636776,-73.94615,0,0,Unspecified,4497153,0.2,-2.7,0.3,0.0,0.21,2.0,71,15.1,31.0,307,Snow fall: Light,0,0,Snowy Conditions
65773,2022-01-23 22:48:00,40.74947,-73.85056,0,1,Unspecified,4497543,2.8,-6.1,0.5,0.0,0.35,3.0,71,14.2,28.1,243,Snow fall: Light,20,1,Snowy Conditions
65774,2022-01-23 18:06:00,40.65753,-73.89797,1,0,Unspecified,4497487,2.8,-6.1,0.5,0.0,0.35,3.0,71,14.2,28.1,243,Snow fall: Light,1,1,Snowy Conditions
65775,2022-01-24 20:00:00,40.61068,-74.00669,0,0,Driver Inattention/Distraction,4497179,0.2,-2.7,0.3,0.0,0.21,2.0,71,15.1,31.0,307,Snow fall: Light,0,0,Snowy Conditions
65776,2022-01-24 17:28:00,40.76226,-73.75699,0,0,Following Too Closely,4497075,0.2,-2.7,0.3,0.0,0.21,2.0,71,15.1,31.0,307,Snow fall: Light,0,0,Snowy Conditions
65777,2021-12-16 05:00:00,40.803272,-73.918884,0,0,Passing Too Closely,4497721,14.6,9.9,0.0,0.0,0.0,0.0,3,22.4,38.5,222,Overcast,0,0,
65778,2022-01-20 09:15:00,40.677296,-73.87682,0,0,Failure to Yield Right-of-Way,4497470,5.2,-5.5,7.3,4.6,1.89,10.0,73,22.3,40.0,315,Snow fall: Moderate,0,0,Snowy Conditions
65779,2022-01-21 02:20:00,40.660946,-73.880196,0,0,Alcohol Involvement,4497482,-5.3,-11.6,0.0,0.0,0.0,0.0,3,21.9,40.0,2,Overcast,0,0,
65780,2022-01-22 22:54:00,40.65768,-73.925415,1,0,Traffic Control Disregarded,4497497,-1.3,-12.3,0.0,0.0,0.0,0.0,3,18.4,32.8,1,Overcast,1,1,
65781,2022-01-24 18:30:00,40.82256,-73.87101,0,0,Following Too Closely,4497122,0.2,-2.7,0.3,0.0,0.21,2.0,71,15.1,31.0,307,Snow fall: Light,0,0,Snowy Conditions
65782,2021-10-20 10:00:00,40.6667453,-73.7862704,1,0,Following Too Closely,4469168,24.1,13.8,0.0,0.0,0.0,0.0,3,21.6,37.1,276,Overcast,1,1,
65783,2021-10-20 12:00:00,40.6664122,-73.8026258,1,0,Following Too Closely,4469170,24.1,13.8,0.0,0.0,0.0,0.0,3,21.6,37.1,276,Overcast,1,1,
65784,2022-02-11 23:15:00,40.665916,-73.92547,2,0,Driver Inattention/Distraction,4502206,11.8,-3.7,0.0,0.0,0.0,0.0,3,26.6,47.5,188,Overcast,2,2,
65785,2022-02-16 11:59:00,40.759293,-73.92646,1,0,Failure to Yield Right-of-Way,4503726,6.2,-5.1,0.0,0.0,0.0,0.0,3,21.1,41.0,187,Overcast,1,1,
65786,2022-02-18 21:10:00,40.703712,-73.90677,1,0,Failure to Yield Right-of-Way,4505187,15.6,-2.8,11.9,11.9,0.0,6.0,63,44.1,79.2,261,Rain: Moderate,1,1,
65787,2022-02-21 04:48:00,40.706028,-73.89559,0,0,Driver Inattention/Distraction,4505200,9.9,-1.9,0.0,0.0,0.0,0.0,3,19.2,35.3,192,Overcast,0,0,
65788,2021-12-26 20:35:00,40.823887,-73.95232,0,0,Driver Inexperience,4505201,8.9,3.4,0.0,0.0,0.0,0.0,3,21.9,38.9,316,Overcast,0,0,
65789,2022-02-20 17:55:00,40.82897,-73.9486,0,0,Driver Inexperience,4505204,2.4,-6.6,0.0,0.0,0.0,0.0,3,23.4,44.3,250,Overcast,0,0,
65790,2022-02-18 20:53:00,40.844902,-73.89011,4,0,Other Vehicular,4505193,15.6,-2.8,11.9,11.9,0.0,6.0,63,44.1,79.2,261,Rain: Moderate,4,4,
65791,2022-02-18 11:55:00,40.608253,-74.08879,1,0,Driver Inattention/Distraction,4505194,15.6,-2.8,11.9,11.9,0.0,6.0,63,44.1,79.2,261,Rain: Moderate,1,1,
65792,2022-02-08 08:10:00,40.743168,-73.762474,0,0,View Obstructed/Limited,4505205,7.9,-1.4,3.9,3.9,0.0,5.0,55,25.0,44.3,301,Drizzle: Dense,0,0,
65793,2022-02-21 16:07:00,40.845837,-73.892006,0,0,Passenger Distraction,4505192,9.9,-1.9,0.0,0.0,0.0,0.0,3,19.2,35.3,192,Overcast,0,0,
65794,2022-02-19 11:08:00,40.827774,-73.945755,0,0,Unsafe Speed,4505199,3.3,-5.5,0.4,0.0,0.28,4.0,71,35.3,64.4,260,Snow fall: Light,0,0,Snowy Conditions
65795,2022-02-22 18:00:00,40.761856,-73.96343,0,0,Other Vehicular,4505134,13.6,-0.2,4.7,4.7,0.0,8.0,61,38.4,76.0,175,Rain: Light,0,0,
65796,2022-02-22 08:46:00,40.7067,-73.95292,0,0,Unsafe Lane Changing,4504851,13.6,-0.2,4.7,4.7,0.0,8.0,61,38.4,76.0,175,Rain: Light,0,0,
65797,2022-02-15 20:30:00,40.895145,-73.83979,0,0,Unspecified,4505231,-0.2,-9.2,0.0,0.0,0.0,0.0,3,12.9,28.4,276,Overcast,0,0,
65798,2022-04-12 18:30:00,40.853706,-73.871864,1,0,Unspecified,4518487,20.4,7.7,1.6,1.6,0.0,3.0,53,17.8,36.0,271,Drizzle: Moderate,1,1,
65799,2022-04-12 14:20:00,40.7978,-73.9397,0,0,Unsafe Lane Changing,4518581,20.4,7.7,1.6,1.6,0.0,3.0,53,17.8,36.0,271,Drizzle: Moderate,0,0,
65800,2022-04-12 18:45:00,40.88622,-73.86711,0,0,Unspecified,4518462,20.4,7.7,1.6,1.6,0.0,3.0,53,17.8,36.0,271,Drizzle: Moderate,0,0,
65801,2022-04-07 18:00:00,40.88219,-73.85066,0,0,Traffic Control Disregarded,4518929,11.5,5.6,74.1,74.1,0.0,14.0,65,35.0,64.8,98,Rain: Heavy,0,0,
65802,2022-04-12 22:50:00,40.682823,-73.976585,0,0,Driver Inattention/Distraction,4518954,20.4,7.7,1.6,1.6,0.0,3.0,53,17.8,36.0,271,Drizzle: Moderate,0,0,
65803,2022-04-07 16:05:00,40.692974,-73.91398,0,0,Following Too Closely,4518866,11.5,5.6,74.1,74.1,0.0,14.0,65,35.0,64.8,98,Rain: Heavy,0,0,
65804,2022-04-08 10:36:00,40.615185,-73.98367,3,0,Driver Inattention/Distraction,4519020,16.5,7.1,5.2,5.2,0.0,4.0,63,21.3,42.8,253,Rain: Moderate,3,3,
65805,2022-04-12 09:20:00,40.722992,-73.80008,0,0,Backing Unsafely,4518504,20.4,7.7,1.6,1.6,0.0,3.0,53,17.8,36.0,271,Drizzle: Moderate,0,0,
65806,2022-04-12 22:20:00,40.59054,-74.076706,1,0,Failure to Yield Right-of-Way,4518880,20.4,7.7,1.6,1.6,0.0,3.0,53,17.8,36.0,271,Drizzle: Moderate,1,1,
65807,2021-10-01 12:50:00,40.8732603,-73.8692978,0,0,Driver Inattention/Distraction,4469197,19.4,9.5,0.0,0.0,0.0,0.0,0,13.8,28.1,302,Clear sky,0,0,Sunny/Clear Conditions
65808,2022-04-04 10:00:00,40.7145,-73.93046,0,0,Driver Inattention/Distraction,4519070,12.2,2.6,0.1,0.1,0.0,1.0,51,23.7,41.4,304,Drizzle: Light,0,0,
65809,2022-04-12 16:18:00,40.763344,-73.75791,0,0,Driver Inattention/Distraction,4518662,20.4,7.7,1.6,1.6,0.0,3.0,53,17.8,36.0,271,Drizzle: Moderate,0,0,
65810,2022-04-12 13:20:00,40.702564,-73.99175,0,0,Unspecified,4518398,20.4,7.7,1.6,1.6,0.0,3.0,53,17.8,36.0,271,Drizzle: Moderate,0,0,
65811,2022-04-12 04:45:00,40.66798,-73.893845,1,0,,4518720,20.4,7.7,1.6,1.6,0.0,3.0,53,17.8,36.0,271,Drizzle: Moderate,1,1,
65812,2022-04-08 21:26:00,40.812073,-73.93604,1,0,Alcohol Involvement,4518992,16.5,7.1,5.2,5.2,0.0,4.0,63,21.3,42.8,253,Rain: Moderate,1,1,
65813,2022-04-12 13:05:00,40.728413,-73.99426,1,0,Driver Inattention/Distraction,4518646,20.4,7.7,1.6,1.6,0.0,3.0,53,17.8,36.0,271,Drizzle: Moderate,1,1,
65814,2022-04-12 18:30:00,40.82835,-73.86116,0,0,Unsafe Lane Changing,4518446,20.4,7.7,1.6,1.6,0.0,3.0,53,17.8,36.0,271,Drizzle: Moderate,0,0,
65815,2022-04-12 18:00:00,40.66415,-73.947075,0,0,Driver Inattention/Distraction,4518806,20.4,7.7,1.6,1.6,0.0,3.0,53,17.8,36.0,271,Drizzle: Moderate,0,0,
65816,2022-04-12 18:00:00,40.60636,-73.97532,0,0,Cell Phone (hand-Held),4518788,20.4,7.7,1.6,1.6,0.0,3.0,53,17.8,36.0,271,Drizzle: Moderate,0,0,
65817,2022-04-12 07:15:00,40.83533,-73.927,0,0,Passing or Lane Usage Improper,4518336,20.4,7.7,1.6,1.6,0.0,3.0,53,17.8,36.0,271,Drizzle: Moderate,0,0,
65818,2022-04-06 08:00:00,40.824577,-73.82318,0,0,Unspecified,4519024,12.5,6.2,17.5,17.5,0.0,14.0,61,31.2,62.3,55,Rain: Light,0,0,
65819,2022-01-27 17:27:00,40.808163,-73.94519,1,0,Driver Inattention/Distraction,4518871,-0.3,-9.6,0.0,0.0,0.0,0.0,3,18.7,37.1,184,Overcast,1,1,
65820,2022-04-12 10:30:00,40.739635,-73.86074,0,0,Unspecified,4518551,20.4,7.7,1.6,1.6,0.0,3.0,53,17.8,36.0,271,Drizzle: Moderate,0,0,
65821,2022-04-10 03:10:00,40.636345,-74.01096,1,0,Unspecified,4518938,9.8,3.5,0.0,0.0,0.0,0.0,3,29.3,54.4,307,Overcast,1,1,
65822,2022-04-09 03:26:00,40.7441,-73.99565,1,0,Driver Inattention/Distraction,4518945,13.6,5.0,4.8,4.8,0.0,12.0,55,20.1,42.8,263,Drizzle: Dense,1,1,
65823,2022-04-12 04:45:00,40.743767,-73.83748,1,0,Driver Inattention/Distraction,4518203,20.4,7.7,1.6,1.6,0.0,3.0,53,17.8,36.0,271,Drizzle: Moderate,1,1,
65824,2021-10-19 19:45:00,40.7549095,-73.7454788,0,0,Following Too Closely,4469217,19.1,8.3,0.0,0.0,0.0,0.0,1,24.6,45.0,272,Mainly clear,0,0,Sunny/Clear Conditions
65825,2022-04-09 17:40:00,40.636024,-74.13477,1,0,Failure to Yield Right-of-Way,4519124,13.6,5.0,4.8,4.8,0.0,12.0,55,20.1,42.8,263,Drizzle: Dense,1,1,
65826,2021-10-16 21:00:00,40.7607137,-73.8582397,0,0,Unsafe Lane Changing,4469220,24.3,15.0,17.5,17.5,0.0,9.0,63,25.7,46.4,195,Rain: Moderate,0,0,
65827,2022-04-12 23:05:00,40.693726,-73.84471,1,0,Following Too Closely,4518592,20.4,7.7,1.6,1.6,0.0,3.0,53,17.8,36.0,271,Drizzle: Moderate,1,1,
65828,2022-04-12 09:30:00,40.701332,-73.92684,0,0,Passing or Lane Usage Improper,4518619,20.4,7.7,1.6,1.6,0.0,3.0,53,17.8,36.0,271,Drizzle: Moderate,0,0,
65829,2022-04-08 10:00:00,40.673573,-73.79258,0,0,Passing Too Closely,4518999,16.5,7.1,5.2,5.2,0.0,4.0,63,21.3,42.8,253,Rain: Moderate,0,0,