,CRASH DATETIME,LATITUDE,LONGITUDE,NUMBER OF PERSONS INJURED,NUMBER OF PERSONS KILLED,CONTRIBUTING FACTOR VEHICLE 1,COLLISION_ID,temperature_2m_max,temperature_2m_min,precipitation_sum,rain_sum,snowfall_sum,precipitation_hours,weather_code,wind_speed_10m_max,wind_gusts_10m_max,wind_direction_10m_dominant,Weather Description,Severity_Score,Total_Affected_Persons,Weather_Category
65830,2022-04-12 13:50:00,40.83045,-73.8509,2,0,Following Too Closely,4518500,20.4,7.7,1.6,1.6,0.0,3.0,53,17.8,36.0,271,Drizzle: Moderate,2,2,
65831,2021-10-20 05:25:00,40.7666377,-73.8890281,0,0,Driver Inattention/Distraction,4469225,24.1,13.8,0.0,0.0,0.0,0.0,3,21.6,37.1,276,Overcast,0,0,
65832,2021-10-11 19:09:00,40.8319864,-73.9351481,0,0,Driver Inattention/Distraction,4469227,21.7,16.3,0.0,0.0,0.0,0.0,3,25.7,49.7,41,Overcast,0,0,
65833,2021-10-13 18:11:00,40.8319864,-73.9351481,2,0,Driver Inexperience,4469228,21.7,14.8,0.1,0.1,0.0,1.0,51,12.2,23.0,200,Drizzle: Light,2,2,
65834,2022-04-12 20:00:00,40.63817,-73.976425,1,0,Pedestrian/Bicyclist/Other Pedestrian Error/Confusion,4518818,20.4,7.7,1.6,1.6,0.0,3.0,53,17.8,36.0,271,Drizzle: Moderate,1,1,
65835,2021-10-20 13:45:00,40.739032,-73.9733486,0,0,Driver Inattention/Distraction,4469230,24.1,13.8,0.0,0.0,0.0,0.0,3,21.6,37.1,276,Overcast,0,0,
65836,2022-04-12 13:50:00,40.623863,-73.95117,1,0,Glare,4518522,20.4,7.7,1.6,1.6,0.0,3.0,53,17.8,36.0,271,Drizzle: Moderate,1,1,
65837,2022-04-10 19:30:00,40.632965,-73.92643,0,0,Unspecified,4519057,9.8,3.5,0.0,0.0,0.0,0.0,3,29.3,54.4,307,Overcast,0,0,
65838,2022-04-12 10:26:00,40.831383,-73.906845,0,0,Unspecified,4518609,20.4,7.7,1.6,1.6,0.0,3.0,53,17.8,36.0,271,Drizzle: Moderate,0,0,
65839,2022-04-12 10:15:00,40.717648,-73.98868,0,0,Driver Inexperience,4518321,20.4,7.7,1.6,1.6,0.0,3.0,53,17.8,36.0,271,Drizzle: Moderate,0,0,
65840,2022-04-12 10:30:00,40.829098,-73.836494,2,0,Following Too Closely,4518700,20.4,7.7,1.6,1.6,0.0,3.0,53,17.8,36.0,271,Drizzle: Moderate,2,2,
65841,2022-04-11 16:13:00,0.0,0.0,0,0,Passing Too Closely,4518856,13.1,1.8,0.0,0.0,0.0,0.0,3,18.6,36.4,246,Overcast,0,0,
65842,2022-04-12 17:39:00,40.63413,-73.928505,1,0,Driver Inattention/Distraction,4518478,20.4,7.7,1.6,1.6,0.0,3.0,53,17.8,36.0,271,Drizzle: Moderate,1,1,
65843,2022-04-12 14:30:00,40.688614,-73.989174,3,0,Driver Inattention/Distraction,4518763,20.4,7.7,1.6,1.6,0.0,3.0,53,17.8,36.0,271,Drizzle: Moderate,3,3,
65844,2022-04-12 05:36:00,40.7528,-73.979294,1,0,Pedestrian/Bicyclist/Other Pedestrian Error/Confusion,4518516,20.4,7.7,1.6,1.6,0.0,3.0,53,17.8,36.0,271,Drizzle: Moderate,1,1,
65845,2022-04-12 16:15:00,40.852947,-73.8421,0,0,Driver Inattention/Distraction,4518558,20.4,7.7,1.6,1.6,0.0,3.0,53,17.8,36.0,271,Drizzle: Moderate,0,0,
65846,2022-04-07 10:25:00,40.67766,-73.968864,1,0,Driver Inattention/Distraction,4518968,11.5,5.6,74.1,74.1,0.0,14.0,65,35.0,64.8,98,Rain: Heavy,1,1,
65847,2022-03-29 11:40:00,40.696686,-73.9378,0,0,Illnes,4518918,3.3,-5.2,0.0,0.0,0.0,0.0,2,29.3,54.4,311,Partly cloudy,0,0,
65848,2022-04-12 16:28:00,40.802494,-73.9409,0,0,Driver Inattention/Distraction,4518585,20.4,7.7,1.6,1.6,0.0,3.0,53,17.8,36.0,271,Drizzle: Moderate,0,0,
65849,2022-04-12 22:34:00,40.63613,-73.97274,1,0,Pedestrian/Bicyclist/Other Pedestrian Error/Confusion,4518505,20.4,7.7,1.6,1.6,0.0,3.0,53,17.8,36.0,271,Drizzle: Moderate,1,1,
65850,2022-04-12 09:00:00,40.728924,-74.00344,0,0,Driver Inattention/Distraction,4518902,20.4,7.7,1.6,1.6,0.0,3.0,53,17.8,36.0,271,Drizzle: Moderate,0,0,
65851,2022-04-10 10:50:00,40.7429,-73.98309,0,0,Passing Too Closely,4518923,9.8,3.5,0.0,0.0,0.0,0.0,3,29.3,54.4,307,Overcast,0,0,
65852,2022-04-12 14:34:00,40.82265,-73.95131,1,0,Pedestrian/Bicyclist/Other Pedestrian Error/Confusion,4518535,20.4,7.7,1.6,1.6,0.0,3.0,53,17.8,36.0,271,Drizzle: Moderate,1,1,
65853,2023-04-26 04:06:00,40.61652,-73.99806,0,0,Driver Inattention/Distraction,4624188,13.8,5.9,1.5,1.5,0.0,3.0,53,19.5,38.2,142,Drizzle: Moderate,0,0,
65854,2023-04-15 09:37:00,40.84733,-73.82718,0,0,Unspecified,4624207,21.1,15.1,2.7,2.7,0.0,6.0,61,20.0,40.0,160,Rain: Light,0,0,
65855,2021-10-20 16:40:00,40.7549095,-73.7454788,0,0,Unspecified,4469256,24.1,13.8,0.0,0.0,0.0,0.0,3,21.6,37.1,276,Overcast,0,0,
65856,2021-10-20 15:20:00,40.6731932,-73.868355,0,0,Unspecified,4469236,24.1,13.8,0.0,0.0,0.0,0.0,3,21.6,37.1,276,Overcast,0,0,
65857,2021-10-20 15:50:00,40.7299328,-73.9120763,0,0,Driver Inattention/Distraction,4469273,24.1,13.8,0.0,0.0,0.0,0.0,3,21.6,37.1,276,Overcast,0,0,
65858,2021-09-14 02:30:00,40.6753333,-73.9360776,2,0,Backing Unsafely,4469280,26.0,19.0,0.2,0.2,0.0,1.0,51,18.0,35.6,138,Drizzle: Light,2,2,
65859,2022-01-23 01:13:00,40.668617,-73.98515,0,0,Oversized Vehicle,4505171,2.8,-6.1,0.5,0.0,0.35,3.0,71,14.2,28.1,243,Snow fall: Light,0,0,Snowy Conditions
65860,2022-02-21 00:49:00,40.587784,-74.165565,0,0,Backing Unsafely,4504305,9.9,-1.9,0.0,0.0,0.0,0.0,3,19.2,35.3,192,Overcast,0,0,
65861,2022-02-21 13:30:00,40.819736,-73.91339,0,0,Turning Improperly,4504664,9.9,-1.9,0.0,0.0,0.0,0.0,3,19.2,35.3,192,Overcast,0,0,
65862,2022-02-19 12:29:00,40.72993,-73.87157,1,0,Following Too Closely,4505145,3.3,-5.5,0.4,0.0,0.28,4.0,71,35.3,64.4,260,Snow fall: Light,1,1,Snowy Conditions
65863,2022-02-21 09:20:00,40.62597,-74.02815,0,0,Driver Inattention/Distraction,4504464,9.9,-1.9,0.0,0.0,0.0,0.0,3,19.2,35.3,192,Overcast,0,0,
65864,2022-02-21 14:44:00,40.84506,-73.916855,4,0,Following Too Closely,4504797,9.9,-1.9,0.0,0.0,0.0,0.0,3,19.2,35.3,192,Overcast,4,4,
65865,2022-02-06 13:00:00,40.750538,-73.893005,0,0,Unspecified,4505072,-1.4,-8.8,0.0,0.0,0.0,0.0,3,16.2,31.7,83,Overcast,0,0,
65866,2022-02-21 08:48:00,40.811394,-73.916046,0,0,Unspecified,4504477,9.9,-1.9,0.0,0.0,0.0,0.0,3,19.2,35.3,192,Overcast,0,0,
65867,2022-02-21 11:45:00,40.642765,-74.01857,0,0,Unspecified,4504596,9.9,-1.9,0.0,0.0,0.0,0.0,3,19.2,35.3,192,Overcast,0,0,
65868,2022-02-20 14:30:00,40.755116,-74.00248,0,0,Following Too Closely,4504976,2.4,-6.6,0.0,0.0,0.0,0.0,3,23.4,44.3,250,Overcast,0,0,
65869,2022-02-18 00:00:00,40.75444,-73.8724,0,0,Driver Inattention/Distraction,4505018,15.6,-2.8,11.9,11.9,0.0,6.0,63,44.1,79.2,261,Rain: Moderate,0,0,
65870,2022-02-21 13:58:00,40.64254,-73.87652,0,0,Following Too Closely,4504553,9.9,-1.9,0.0,0.0,0.0,0.0,3,19.2,35.3,192,Overcast,0,0,
65871,2022-02-21 09:00:00,40.664406,-73.893974,0,0,Unspecified,4504590,9.9,-1.9,0.0,0.0,0.0,0.0,3,19.2,35.3,192,Overcast,0,0,
65872,2022-02-21 11:45:00,40.700592,-73.85457,0,0,Driver Inexperience,4504488,9.9,-1.9,0.0,0.0,0.0,0.0,3,19.2,35.3,192,Overcast,0,0,
65873,2022-02-21 11:40:00,40.66487,-73.77235,0,0,Unspecified,4504749,9.9,-1.9,0.0,0.0,0.0,0.0,3,19.2,35.3,192,Overcast,0,0,
65874,2022-02-21 16:20:00,40.76631,-73.96313,0,0,Unspecified,4504861,9.9,-1.9,0.0,0.0,0.0,0.0,3,19.2,35.3,192,Overcast,0,0,
65875,2022-02-16 23:57:00,40.647114,-73.89092,1,0,Driver Inattention/Distraction,4505058,6.2,-5.1,0.0,0.0,0.0,0.0,3,21.1,41.0,187,Overcast,1,1,
65876,2022-02-17 20:00:00,40.58893,-73.78934,0,0,Turning Improperly,4504984,16.7,5.1,2.2,2.2,0.0,2.0,61,31.8,56.5,201,Rain: Light,0,0,
65877,2022-02-17 21:30:00,40.674736,-73.925,1,0,Backing Unsafely,4505042,16.7,5.1,2.2,2.2,0.0,2.0,61,31.8,56.5,201,Rain: Light,1,1,
65878,2022-02-21 11:16:00,40.694416,-73.83599,0,0,Aggressive Driving/Road Rage,4504505,9.9,-1.9,0.0,0.0,0.0,0.0,3,19.2,35.3,192,Overcast,0,0,
65879,2022-02-21 00:00:00,40.65985,-73.876495,0,0,Unspecified,4504572,9.9,-1.9,0.0,0.0,0.0,0.0,3,19.2,35.3,192,Overcast,0,0,
65880,2022-02-21 14:44:00,40.620914,-73.9753,1,0,Unspecified,4504680,9.9,-1.9,0.0,0.0,0.0,0.0,3,19.2,35.3,192,Overcast,1,1,
65881,2021-10-20 22:16:00,40.7425908,-73.7297411,2,0,Reaction to Uninvolved Vehicle,4469288,24.1,13.8,0.0,0.0,0.0,0.0,3,21.6,37.1,276,Overcast,2,2,
65882,2021-10-20 22:30:00,40.7418076,-73.728142,0,0,Unspecified,4469291,24.1,13.8,0.0,0.0,0.0,0.0,3,21.6,37.1,276,Overcast,0,0,
65883,2022-12-21 01:00:00,40.691536,-73.99912,3,0,Following Too Closely,4593625,3.1,-4.0,0.0,0.0,0.0,0.0,3,9.0,17.6,330,Overcast,3,3,
65884,2021-10-20 14:07:00,40.5861249,-73.9360349,0,0,Reaction to Uninvolved Vehicle,4469304,24.1,13.8,0.0,0.0,0.0,0.0,3,21.6,37.1,276,Overcast,0,0,
65885,2023-01-08 17:30:00,40.86607,-73.89439,1,0,Driver Inattention/Distraction,4596611,4.2,-2.3,0.0,0.0,0.0,0.0,3,14.0,24.5,289,Overcast,1,1,
65886,2023-01-15 19:35:00,40.794052,-73.970375,0,1,Unspecified,4597979,4.7,-2.1,0.0,0.0,0.0,0.0,3,29.5,53.6,354,Overcast,20,1,
65887,2023-01-02 21:58:00,40.819893,-73.946724,1,0,Other Vehicular,4598873,12.4,4.7,0.8,0.8,0.0,4.0,51,9.7,16.2,254,Drizzle: Light,1,1,
65888,2023-01-10 21:36:00,40.81482,-73.949135,0,0,Other Vehicular,4598871,6.2,0.3,0.0,0.0,0.0,0.0,3,15.6,29.9,285,Overcast,0,0,
65889,2021-10-20 16:20:00,40.6649675,-73.8222497,1,0,Following Too Closely,4469310,24.1,13.8,0.0,0.0,0.0,0.0,3,21.6,37.1,276,Overcast,1,1,
65890,2023-01-14 15:00:00,40.653633,-73.72538,0,0,Unspecified,4598888,2.8,-0.9,0.0,0.0,0.0,0.0,3,25.6,45.7,351,Overcast,0,0,
65891,2021-10-20 19:12:00,40.656807,-73.8575739,0,0,Following Too Closely,4469312,24.1,13.8,0.0,0.0,0.0,0.0,3,21.6,37.1,276,Overcast,0,0,
65892,2023-01-16 17:17:00,40.682594,-73.962654,1,0,Turning Improperly,4598877,8.0,-2.7,0.0,0.0,0.0,0.0,2,23.4,41.4,339,Partly cloudy,1,1,
65893,2023-01-09 19:00:00,40.821068,-73.934525,1,0,Other Vehicular,4598872,6.9,0.6,1.7,0.9,0.56,5.0,73,17.2,32.0,282,Snow fall: Moderate,1,1,Snowy Conditions
65894,2022-12-28 00:00:00,40.815205,-73.947495,0,0,Aggressive Driving/Road Rage,4598876,6.4,-4.1,0.0,0.0,0.0,0.0,3,18.2,34.6,218,Overcast,0,0,
65895,2023-01-16 01:51:00,40.818558,-73.92732,4,0,Traffic Control Disregarded,4598883,8.0,-2.7,0.0,0.0,0.0,0.0,2,23.4,41.4,339,Partly cloudy,4,4,
65896,2023-01-01 19:00:00,40.708237,-73.94337,1,0,Driver Inattention/Distraction,4599015,11.4,4.6,2.1,2.1,0.0,3.0,55,17.2,32.8,281,Drizzle: Dense,1,1,
65897,2023-01-17 11:10:00,40.584816,-73.95271,0,0,Oversized Vehicle,4598710,7.1,-2.3,0.9,0.9,0.0,2.0,53,13.2,24.5,254,Drizzle: Moderate,0,0,
65898,2023-01-17 12:00:00,40.710888,-73.79725,0,0,Unspecified,4598956,7.1,-2.3,0.9,0.9,0.0,2.0,53,13.2,24.5,254,Drizzle: Moderate,0,0,
65899,2023-01-17 02:40:00,40.781647,-73.8367,1,0,Driver Inattention/Distraction,4598430,7.1,-2.3,0.9,0.9,0.0,2.0,53,13.2,24.5,254,Drizzle: Moderate,1,1,
65900,2023-01-17 08:55:00,40.67915,-74.01301,1,0,Driver Inattention/Distraction,4598847,7.1,-2.3,0.9,0.9,0.0,2.0,53,13.2,24.5,254,Drizzle: Moderate,1,1,
65901,2023-01-17 12:08:00,40.62894,-73.97377,0,0,Driver Inexperience,4598508,7.1,-2.3,0.9,0.9,0.0,2.0,53,13.2,24.5,254,Drizzle: Moderate,0,0,
65902,2023-01-17 17:06:00,40.63196,-74.1228,0,0,Unspecified,4598866,7.1,-2.3,0.9,0.9,0.0,2.0,53,13.2,24.5,254,Drizzle: Moderate,0,0,
65903,2023-01-17 20:20:00,40.59134,-73.96068,1,0,Unspecified,4598605,7.1,-2.3,0.9,0.9,0.0,2.0,53,13.2,24.5,254,Drizzle: Moderate,1,1,
65904,2023-01-17 20:50:00,40.72293,-73.98865,0,0,Driver Inattention/Distraction,4598846,7.1,-2.3,0.9,0.9,0.0,2.0,53,13.2,24.5,254,Drizzle: Moderate,0,0,
65905,2023-01-15 07:05:00,40.74959,-73.87862,0,0,Unspecified,4599063,4.7,-2.1,0.0,0.0,0.0,0.0,3,29.5,53.6,354,Overcast,0,0,
65906,2023-01-17 11:30:00,40.79099,-73.96518,0,0,Unspecified,4598769,7.1,-2.3,0.9,0.9,0.0,2.0,53,13.2,24.5,254,Drizzle: Moderate,0,0,
65907,2021-10-20 05:40:00,40.7461426,-73.8360431,0,0,Driver Inattention/Distraction,4469320,24.1,13.8,0.0,0.0,0.0,0.0,3,21.6,37.1,276,Overcast,0,0,
65908,2021-10-20 06:30:00,40.7582758,-73.838984,0,0,Driver Inattention/Distraction,4469324,24.1,13.8,0.0,0.0,0.0,0.0,3,21.6,37.1,276,Overcast,0,0,
65909,2021-10-20 20:00:00,40.7461426,-73.8360431,3,0,Brakes Defective,4469327,24.1,13.8,0.0,0.0,0.0,0.0,3,21.6,37.1,276,Overcast,3,3,
65910,2021-10-15 13:00:00,40.7384228,-73.8489879,2,0,Following Too Closely,4469332,25.0,14.5,0.0,0.0,0.0,0.0,3,16.8,28.4,182,Overcast,2,2,
65911,2021-10-09 06:55:00,40.7504066,-73.8351267,0,0,Unspecified,4469334,20.2,15.2,1.2,1.2,0.0,5.0,51,22.8,42.8,71,Drizzle: Light,0,0,
65912,2022-02-21 10:00:00,40.69663,-73.91857,0,0,Unspecified,4504974,9.9,-1.9,0.0,0.0,0.0,0.0,3,19.2,35.3,192,Overcast,0,0,
65913,2021-10-17 16:29:00,40.5850344,-73.9582674,0,0,Following Too Closely,4469348,17.3,11.1,0.2,0.2,0.0,2.0,51,23.9,43.9,293,Drizzle: Light,0,0,
65914,2022-02-19 04:50:00,40.71572,-73.825745,0,0,Driver Inattention/Distraction,4505163,3.3,-5.5,0.4,0.0,0.28,4.0,71,35.3,64.4,260,Snow fall: Light,0,0,Snowy Conditions
65915,2021-10-20 07:55:00,40.6999379,-73.9618813,0,0,Driver Inattention/Distraction,4469350,24.1,13.8,0.0,0.0,0.0,0.0,3,21.6,37.1,276,Overcast,0,0,
65916,2021-10-18 09:50:00,40.7669166,-73.9899275,1,0,,4469328,15.8,9.2,0.0,0.0,0.0,0.0,2,32.4,58.3,296,Partly cloudy,1,1,
65917,2022-02-21 08:00:00,40.617924,-74.02665,0,0,Unspecified,4504532,9.9,-1.9,0.0,0.0,0.0,0.0,3,19.2,35.3,192,Overcast,0,0,
65918,2022-02-20 19:15:00,40.67897,-73.75985,0,0,Passing or Lane Usage Improper,4505142,2.4,-6.6,0.0,0.0,0.0,0.0,3,23.4,44.3,250,Overcast,0,0,
65919,2022-02-19 11:24:00,40.83852,-73.92619,1,0,Illnes,4505003,3.3,-5.5,0.4,0.0,0.28,4.0,71,35.3,64.4,260,Snow fall: Light,1,1,Snowy Conditions
65920,2022-02-19 19:50:00,40.657875,-73.77051,0,0,Following Too Closely,4505113,3.3,-5.5,0.4,0.0,0.28,4.0,71,35.3,64.4,260,Snow fall: Light,0,0,Snowy Conditions
65921,2022-02-21 16:36:00,40.845985,-73.884476,1,0,Turning Improperly,4504744,9.9,-1.9,0.0,0.0,0.0,0.0,3,19.2,35.3,192,Overcast,1,1,
65922,2022-02-21 14:00:00,40.843903,-73.927284,1,0,Unsafe Lane Changing,4504798,9.9,-1.9,0.0,0.0,0.0,0.0,3,19.2,35.3,192,Overcast,1,1,
65923,2022-02-21 11:30:00,40.599415,-73.95105,0,0,Unspecified,4504651,9.9,-1.9,0.0,0.0,0.0,0.0,3,19.2,35.3,192,Overcast,0,0,
65924,2022-02-21 01:55:00,40.80132,-73.95763,0,0,Driver Inattention/Distraction,4504605,9.9,-1.9,0.0,0.0,0.0,0.0,3,19.2,35.3,192,Overcast,0,0,
65925,2022-01-16 19:40:00,0.0,0.0,0,0,Following Too Closely,4505155,1.3,-13.5,4.4,0.7,2.59,4.0,75,28.1,47.2,36,Snow fall: Heavy,0,0,Snowy Conditions
65926,2022-02-10 17:00:00,40.55933,-74.162224,0,0,Driver Inattention/Distraction,4504934,10.8,-0.2,0.0,0.0,0.0,0.0,3,32.6,59.4,244,Overcast,0,0,
65927,2022-02-21 19:33:00,40.816044,-73.91195,1,0,Alcohol Involvement,4504665,9.9,-1.9,0.0,0.0,0.0,0.0,3,19.2,35.3,192,Overcast,1,1,
65928,2022-02-21 18:17:00,40.8332,-73.87343,0,0,Passing Too Closely,4504935,9.9,-1.9,0.0,0.0,0.0,0.0,3,19.2,35.3,192,Overcast,0,0,
65929,2022-02-21 14:04:00,40.608593,-74.00486,0,0,Driver Inattention/Distraction,4504769,9.9,-1.9,0.0,0.0,0.0,0.0,3,19.2,35.3,192,Overcast,0,0,
65930,2022-02-21 00:55:00,40.673008,-73.78809,1,0,Unsafe Speed,4504314,9.9,-1.9,0.0,0.0,0.0,0.0,3,19.2,35.3,192,Overcast,1,1,
65931,2022-02-17 08:20:00,40.760494,-73.8614,1,0,Unspecified,4505077,16.7,5.1,2.2,2.2,0.0,2.0,61,31.8,56.5,201,Rain: Light,1,1,
65932,2022-02-19 13:41:00,40.673485,-73.97614,0,0,Passing Too Closely,4505170,3.3,-5.5,0.4,0.0,0.28,4.0,71,35.3,64.4,260,Snow fall: Light,0,0,Snowy Conditions
65933,2022-02-21 03:10:00,40.824085,-73.874344,0,0,Following Too Closely,4504465,9.9,-1.9,0.0,0.0,0.0,0.0,3,19.2,35.3,192,Overcast,0,0,
65934,2023-01-16 00:00:00,40.819057,-73.92923,0,0,Unsafe Speed,4598341,8.0,-2.7,0.0,0.0,0.0,0.0,2,23.4,41.4,339,Partly cloudy,0,0,
65935,2023-01-12 20:45:00,40.845684,-73.83138,0,0,Driver Inattention/Distraction,4598639,10.1,-0.6,10.8,10.8,0.0,13.0,63,20.1,36.7,117,Rain: Moderate,0,0,
65936,2023-01-16 23:33:00,40.77304,-73.83052,2,0,Driver Inexperience,4598448,8.0,-2.7,0.0,0.0,0.0,0.0,2,23.4,41.4,339,Partly cloudy,2,2,
65937,2023-01-14 13:00:00,40.821106,-73.93575,0,0,Driver Inattention/Distraction,4598852,2.8,-0.9,0.0,0.0,0.0,0.0,3,25.6,45.7,351,Overcast,0,0,
65938,2023-01-16 01:34:00,40.80668,-73.92504,1,0,Driver Inattention/Distraction,4598408,8.0,-2.7,0.0,0.0,0.0,0.0,2,23.4,41.4,339,Partly cloudy,1,1,
65939,2022-12-01 17:00:00,40.645336,-74.02287,0,0,Unspecified,4598694,5.9,0.3,0.0,0.0,0.0,0.0,3,29.4,54.0,281,Overcast,0,0,
65940,2023-01-16 20:35:00,40.55243,-74.1437,1,0,Pavement Slippery,4598573,8.0,-2.7,0.0,0.0,0.0,0.0,2,23.4,41.4,339,Partly cloudy,1,1,
65941,2021-10-20 01:20:00,40.7728109,-73.848912,0,0,Backing Unsafely,4469360,24.1,13.8,0.0,0.0,0.0,0.0,3,21.6,37.1,276,Overcast,0,0,
65942,2023-01-16 05:20:00,40.69488,-73.85791,0,0,Failure to Yield Right-of-Way,4598107,8.0,-2.7,0.0,0.0,0.0,0.0,2,23.4,41.4,339,Partly cloudy,0,0,
65943,2023-01-16 14:50:00,40.74576,-73.92581,1,0,Driver Inattention/Distraction,4598585,8.0,-2.7,0.0,0.0,0.0,0.0,2,23.4,41.4,339,Partly cloudy,1,1,
65944,2022-12-29 09:10:00,40.844795,-73.92445,1,0,Following Too Closely,4598787,8.2,-1.1,0.0,0.0,0.0,0.0,3,14.9,29.5,222,Overcast,1,1,
65945,2023-01-16 09:20:00,40.64944,-73.96308,1,0,Passing Too Closely,4598131,8.0,-2.7,0.0,0.0,0.0,0.0,2,23.4,41.4,339,Partly cloudy,1,1,
65946,2023-01-16 08:10:00,40.597477,-73.96871,1,0,Unspecified,4598304,8.0,-2.7,0.0,0.0,0.0,0.0,2,23.4,41.4,339,Partly cloudy,1,1,
65947,2023-01-13 08:24:00,40.827103,-73.843605,0,0,Unspecified,4598647,12.6,3.1,2.2,2.2,0.0,12.0,53,26.2,47.2,243,Drizzle: Moderate,0,0,
65948,2023-01-08 23:50:00,40.753586,-73.83353,0,0,Driver Inattention/Distraction,4598668,4.2,-2.3,0.0,0.0,0.0,0.0,3,14.0,24.5,289,Overcast,0,0,
65949,2023-01-05 14:00:00,40.709023,-73.798195,0,0,Driver Inattention/Distraction,4598699,12.9,7.2,0.0,0.0,0.0,0.0,3,12.8,23.8,75,Overcast,0,0,
65950,2021-10-20 21:42:00,40.7080495,-73.8450242,5,0,Reaction to Uninvolved Vehicle,4469369,24.1,13.8,0.0,0.0,0.0,0.0,3,21.6,37.1,276,Overcast,5,5,
65951,2023-01-15 10:35:00,40.5839,-73.93874,0,0,Passing or Lane Usage Improper,4598750,4.7,-2.1,0.0,0.0,0.0,0.0,3,29.5,53.6,354,Overcast,0,0,
65952,2023-01-16 18:00:00,40.66682,-73.88166,0,0,Unspecified,4598286,8.0,-2.7,0.0,0.0,0.0,0.0,2,23.4,41.4,339,Partly cloudy,0,0,
65953,2023-01-16 18:29:00,40.65289,-73.866745,0,0,Reaction to Uninvolved Vehicle,4598227,8.0,-2.7,0.0,0.0,0.0,0.0,2,23.4,41.4,339,Partly cloudy,0,0,
65954,2023-01-16 00:34:00,40.616013,-73.91323,1,0,Unsafe Speed,4598274,8.0,-2.7,0.0,0.0,0.0,0.0,2,23.4,41.4,339,Partly cloudy,1,1,
65955,2023-01-16 16:15:00,40.667187,-73.8665,1,0,Driver Inattention/Distraction,4598239,8.0,-2.7,0.0,0.0,0.0,0.0,2,23.4,41.4,339,Partly cloudy,1,1,
65956,2023-01-16 09:05:00,40.779568,-73.90607,0,0,Backing Unsafely,4598298,8.0,-2.7,0.0,0.0,0.0,0.0,2,23.4,41.4,339,Partly cloudy,0,0,
65957,2021-10-20 17:15:00,40.7665795,-73.8884579,0,0,Driver Inattention/Distraction,4469376,24.1,13.8,0.0,0.0,0.0,0.0,3,21.6,37.1,276,Overcast,0,0,
65958,2021-10-20 21:25:00,40.7661632,-73.8922527,0,0,Unsafe Speed,4469377,24.1,13.8,0.0,0.0,0.0,0.0,3,21.6,37.1,276,Overcast,0,0,
65959,2023-01-16 01:00:00,40.74872,-73.89625,1,0,Reaction to Uninvolved Vehicle,4598160,8.0,-2.7,0.0,0.0,0.0,0.0,2,23.4,41.4,339,Partly cloudy,1,1,
65960,2023-04-24 03:00:00,40.655514,-73.927864,0,0,Unspecified,4624607,15.9,5.9,0.0,0.0,0.0,0.0,3,15.9,31.7,293,Overcast,0,0,
65961,2021-10-12 19:45:00,40.6289563,-74.1730397,0,0,Unsafe Lane Changing,4469385,21.6,15.2,0.0,0.0,0.0,0.0,3,11.8,23.8,81,Overcast,0,0,
65962,2021-10-10 09:35:00,40.8631133,-73.9206117,2,0,Passenger Distraction,4469387,18.5,16.0,2.4,2.4,0.0,8.0,53,27.2,52.6,52,Drizzle: Moderate,2,2,
65963,2021-10-18 20:13:00,40.78421,-73.9422072,0,0,Unspecified,4469401,15.8,9.2,0.0,0.0,0.0,0.0,2,32.4,58.3,296,Partly cloudy,0,0,
65964,2021-10-20 23:15:00,40.790761,-73.9813668,1,0,Following Too Closely,4469403,24.1,13.8,0.0,0.0,0.0,0.0,3,21.6,37.1,276,Overcast,1,1,
65965,2022-01-22 07:00:00,40.751076,-73.934616,0,0,Unspecified,4497736,-1.3,-12.3,0.0,0.0,0.0,0.0,3,18.4,32.8,1,Overcast,0,0,
65966,2022-02-22 06:20:00,40.672886,-73.99922,2,0,Pavement Slippery,4504760,13.6,-0.2,4.7,4.7,0.0,8.0,61,38.4,76.0,175,Rain: Light,2,2,
65967,2022-02-22 16:50:00,40.751198,-73.89027,1,0,Driver Inattention/Distraction,4505070,13.6,-0.2,4.7,4.7,0.0,8.0,61,38.4,76.0,175,Rain: Light,1,1,
65968,2022-02-22 12:25:00,40.817158,-73.90154,0,0,Unspecified,4505224,13.6,-0.2,4.7,4.7,0.0,8.0,61,38.4,76.0,175,Rain: Light,0,0,
65969,2022-02-16 00:00:00,40.875206,-73.8511,0,0,Passing or Lane Usage Improper,4505256,6.2,-5.1,0.0,0.0,0.0,0.0,3,21.1,41.0,187,Overcast,0,0,
65970,2022-02-22 14:00:00,40.632633,-74.01254,0,0,Unsafe Lane Changing,4504776,13.6,-0.2,4.7,4.7,0.0,8.0,61,38.4,76.0,175,Rain: Light,0,0,
65971,2022-02-22 20:25:00,40.715347,-73.74845,1,0,Failure to Yield Right-of-Way,4504826,13.6,-0.2,4.7,4.7,0.0,8.0,61,38.4,76.0,175,Rain: Light,1,1,
65972,2022-02-22 17:58:00,40.80054,-73.96192,0,0,Failure to Yield Right-of-Way,4504846,13.6,-0.2,4.7,4.7,0.0,8.0,61,38.4,76.0,175,Rain: Light,0,0,
65973,2022-02-22 05:00:00,40.812073,-73.93604,1,0,Driver Inattention/Distraction,4504964,13.6,-0.2,4.7,4.7,0.0,8.0,61,38.4,76.0,175,Rain: Light,1,1,
65974,2022-02-20 04:26:00,40.850395,-73.9228,9,0,Brakes Defective,4505281,2.4,-6.6,0.0,0.0,0.0,0.0,3,23.4,44.3,250,Overcast,9,9,
65975,2022-02-22 20:25:00,40.761234,-73.96389,1,0,Unspecified,4504866,13.6,-0.2,4.7,4.7,0.0,8.0,61,38.4,76.0,175,Rain: Light,1,1,
65976,2022-02-22 04:45:00,40.638786,-73.94538,1,0,Driver Inattention/Distraction,4504722,13.6,-0.2,4.7,4.7,0.0,8.0,61,38.4,76.0,175,Rain: Light,1,1,