,CRASH DATETIME,LATITUDE,LONGITUDE,NUMBER OF PERSONS INJURED,NUMBER OF PERSONS KILLED,CONTRIBUTING FACTOR VEHICLE 1,COLLISION_ID,temperature_2m_max,temperature_2m_min,precipitation_sum,rain_sum,snowfall_sum,precipitation_hours,weather_code,wind_speed_10m_max,wind_gusts_10m_max,wind_direction_10m_dominant,Weather Description,Severity_Score,Total_Affected_Persons,Weather_Category
65977,2022-02-22 09:38:00,40.761623,-73.82208,1,0,Failure to Yield Right-of-Way,4504839,13.6,-0.2,4.7,4.7,0.0,8.0,61,38.4,76.0,175,Rain: Light,1,1,
65978,2022-02-22 19:02:00,40.828613,-73.943855,0,0,Unspecified,4504831,13.6,-0.2,4.7,4.7,0.0,8.0,61,38.4,76.0,175,Rain: Light,0,0,
65979,2022-02-16 23:06:00,40.6109,-73.93391,0,0,Unspecified,4505342,6.2,-5.1,0.0,0.0,0.0,0.0,3,21.1,41.0,187,Overcast,0,0,
65980,2022-02-12 05:28:00,40.82097,-73.89242,1,0,Driver Inattention/Distraction,4505234,13.1,5.9,0.0,0.0,0.0,0.0,3,25.0,44.3,252,Overcast,1,1,
65981,2022-02-22 13:30:00,40.74733,-73.8818,0,0,Driver Inattention/Distraction,4504894,13.6,-0.2,4.7,4.7,0.0,8.0,61,38.4,76.0,175,Rain: Light,0,0,
65982,2022-02-22 19:47:00,40.638428,-73.91275,1,0,Driver Inattention/Distraction,4505120,13.6,-0.2,4.7,4.7,0.0,8.0,61,38.4,76.0,175,Rain: Light,1,1,
65983,2022-02-02 07:30:00,40.74411,-73.95364,0,0,Driver Inattention/Distraction,4505251,3.8,-7.2,0.0,0.0,0.0,0.0,3,10.6,16.2,93,Overcast,0,0,
65984,2022-02-22 09:30:00,40.614544,-74.10937,0,0,Other Vehicular,4505314,13.6,-0.2,4.7,4.7,0.0,8.0,61,38.4,76.0,175,Rain: Light,0,0,
65985,2022-02-22 00:00:00,40.697716,-73.967735,1,0,Unspecified,4504885,13.6,-0.2,4.7,4.7,0.0,8.0,61,38.4,76.0,175,Rain: Light,1,1,
65986,2022-12-16 22:00:00,40.839535,-73.946785,2,0,Unspecified,4598736,6.4,3.1,17.9,16.4,1.05,22.0,75,33.6,59.8,36,Snow fall: Heavy,2,2,Snowy Conditions
65987,2023-01-16 21:12:00,40.828938,-73.84559,3,0,Unspecified,4598524,8.0,-2.7,0.0,0.0,0.0,0.0,2,23.4,41.4,339,Partly cloudy,3,3,
65988,2023-01-16 18:40:00,40.626488,-74.16007,0,0,Backing Unsafely,4598618,8.0,-2.7,0.0,0.0,0.0,0.0,2,23.4,41.4,339,Partly cloudy,0,0,
65989,2023-01-12 00:55:00,40.65794,-73.936874,1,0,,4598781,10.1,-0.6,10.8,10.8,0.0,13.0,63,20.1,36.7,117,Rain: Moderate,1,1,
65990,2023-01-14 22:00:00,40.72093,-73.94323,0,0,Turning Improperly,4598765,2.8,-0.9,0.0,0.0,0.0,0.0,3,25.6,45.7,351,Overcast,0,0,
65991,2023-01-16 15:02:00,40.718002,-73.98659,1,0,Driver Inattention/Distraction,4598184,8.0,-2.7,0.0,0.0,0.0,0.0,2,23.4,41.4,339,Partly cloudy,1,1,
65992,2023-01-16 20:40:00,40.666588,-73.80809,3,0,Passing or Lane Usage Improper,4598291,8.0,-2.7,0.0,0.0,0.0,0.0,2,23.4,41.4,339,Partly cloudy,3,3,
65993,2023-01-16 01:30:00,40.80808,-73.92838,0,0,Driver Inattention/Distraction,4598419,8.0,-2.7,0.0,0.0,0.0,0.0,2,23.4,41.4,339,Partly cloudy,0,0,
65994,2023-01-12 20:05:00,40.82892,-73.89777,0,0,Driver Inattention/Distraction,4598667,10.1,-0.6,10.8,10.8,0.0,13.0,63,20.1,36.7,117,Rain: Moderate,0,0,
65995,2021-10-14 20:15:00,40.8449252,-73.9263743,0,0,Unsafe Lane Changing,4469424,25.0,15.4,0.0,0.0,0.0,0.0,3,15.4,29.9,328,Overcast,0,0,
65996,2021-08-31 08:30:00,40.8429984,-73.9147445,0,0,Passing Too Closely,4469425,28.5,21.2,0.0,0.0,0.0,0.0,3,15.5,29.9,301,Overcast,0,0,
65997,2023-01-07 23:27:00,40.73414,-73.99919,0,0,Reaction to Uninvolved Vehicle,4598841,8.0,0.2,0.0,0.0,0.0,0.0,3,19.2,37.1,293,Overcast,0,0,
65998,2023-01-16 00:00:00,40.590202,-73.95361,0,0,Driver Inattention/Distraction,4598305,8.0,-2.7,0.0,0.0,0.0,0.0,2,23.4,41.4,339,Partly cloudy,0,0,
65999,2023-01-16 20:30:00,40.862732,-73.90333,0,0,Following Too Closely,4598359,8.0,-2.7,0.0,0.0,0.0,0.0,2,23.4,41.4,339,Partly cloudy,0,0,
66000,2023-01-16 16:25:00,40.730015,-73.82348,1,0,Turning Improperly,4598252,8.0,-2.7,0.0,0.0,0.0,0.0,2,23.4,41.4,339,Partly cloudy,1,1,
66001,2023-01-09 12:00:00,40.804825,-73.954216,0,0,Unspecified,4598817,6.9,0.6,1.7,0.9,0.56,5.0,73,17.2,32.0,282,Snow fall: Moderate,0,0,Snowy Conditions
66002,2023-01-13 17:55:00,40.610523,-73.981186,1,0,Failure to Yield Right-of-Way,4598687,12.6,3.1,2.2,2.2,0.0,12.0,53,26.2,47.2,243,Drizzle: Moderate,1,1,
66003,2023-01-15 10:35:00,40.592815,-73.90808,4,0,Unsafe Speed,4598718,4.7,-2.1,0.0,0.0,0.0,0.0,3,29.5,53.6,354,Overcast,4,4,
66004,2023-01-16 00:38:00,40.816917,-73.91738,0,0,Driver Inexperience,4598809,8.0,-2.7,0.0,0.0,0.0,0.0,2,23.4,41.4,339,Partly cloudy,0,0,
66005,2023-01-16 04:30:00,40.765423,-73.89001,0,0,Driver Inattention/Distraction,4598470,8.0,-2.7,0.0,0.0,0.0,0.0,2,23.4,41.4,339,Partly cloudy,0,0,
66006,2021-10-06 22:10:00,40.6922138,-73.9229175,1,0,Failure to Yield Right-of-Way,4469435,20.3,16.0,0.1,0.1,0.0,1.0,51,6.5,14.0,28,Drizzle: Light,1,1,
66007,2023-01-14 21:29:00,40.822834,-73.941925,0,0,Other Vehicular,4598857,2.8,-0.9,0.0,0.0,0.0,0.0,3,25.6,45.7,351,Overcast,0,0,
66008,2023-01-16 12:50:00,40.598114,-74.16249,0,0,Driver Inattention/Distraction,4598588,8.0,-2.7,0.0,0.0,0.0,0.0,2,23.4,41.4,339,Partly cloudy,0,0,
66009,2023-01-16 12:25:00,40.683094,-73.80596,0,0,Unspecified,4598387,8.0,-2.7,0.0,0.0,0.0,0.0,2,23.4,41.4,339,Partly cloudy,0,0,
66010,2023-01-16 18:35:00,40.763496,-73.80734,1,0,Driver Inexperience,4598659,8.0,-2.7,0.0,0.0,0.0,0.0,2,23.4,41.4,339,Partly cloudy,1,1,
66011,2023-01-16 06:01:00,40.768875,-73.94898,0,0,Unsafe Speed,4598313,8.0,-2.7,0.0,0.0,0.0,0.0,2,23.4,41.4,339,Partly cloudy,0,0,
66012,2022-01-25 20:36:00,40.60583,-73.75779,1,0,Unspecified,4497809,6.3,-3.9,0.0,0.0,0.0,0.0,3,16.9,33.8,270,Overcast,1,1,
66013,2023-01-14 00:11:00,40.74026,-73.990524,0,0,Passing or Lane Usage Improper,4598824,2.8,-0.9,0.0,0.0,0.0,0.0,3,25.6,45.7,351,Overcast,0,0,
66014,2023-01-16 08:55:00,40.877815,-73.868126,0,0,Passing or Lane Usage Improper,4598627,8.0,-2.7,0.0,0.0,0.0,0.0,2,23.4,41.4,339,Partly cloudy,0,0,
66015,2023-01-16 14:58:00,40.76532,-73.771904,0,0,Driver Inattention/Distraction,4598409,8.0,-2.7,0.0,0.0,0.0,0.0,2,23.4,41.4,339,Partly cloudy,0,0,
66016,2023-01-16 15:20:00,40.754635,-73.92252,1,0,Failure to Yield Right-of-Way,4598628,8.0,-2.7,0.0,0.0,0.0,0.0,2,23.4,41.4,339,Partly cloudy,1,1,
66017,2023-01-16 19:45:00,40.651863,-73.86536,0,0,Driver Inattention/Distraction,4598577,8.0,-2.7,0.0,0.0,0.0,0.0,2,23.4,41.4,339,Partly cloudy,0,0,
66018,2023-01-16 11:44:00,40.639652,-74.07551,1,0,Physical Disability,4598865,8.0,-2.7,0.0,0.0,0.0,0.0,2,23.4,41.4,339,Partly cloudy,1,1,
66019,2023-01-16 01:34:00,40.66626,-73.99596,2,0,Unspecified,4598031,8.0,-2.7,0.0,0.0,0.0,0.0,2,23.4,41.4,339,Partly cloudy,2,2,
66020,2023-01-16 22:17:00,40.8477,-73.90097,1,0,Driver Inattention/Distraction,4598350,8.0,-2.7,0.0,0.0,0.0,0.0,2,23.4,41.4,339,Partly cloudy,1,1,
66021,2022-12-30 14:50:00,40.729774,-73.98682,0,0,Unspecified,4598796,13.1,2.1,0.0,0.0,0.0,0.0,3,13.7,25.9,211,Overcast,0,0,
66022,2023-01-14 09:00:00,40.817898,-73.938095,0,0,Unspecified,4598851,2.8,-0.9,0.0,0.0,0.0,0.0,3,25.6,45.7,351,Overcast,0,0,
66023,2023-01-16 04:55:00,40.746468,-73.86772,0,0,Tire Failure/Inadequate,4598118,8.0,-2.7,0.0,0.0,0.0,0.0,2,23.4,41.4,339,Partly cloudy,0,0,
66024,2023-01-16 20:00:00,40.733498,-74.00126,0,0,Unspecified,4598310,8.0,-2.7,0.0,0.0,0.0,0.0,2,23.4,41.4,339,Partly cloudy,0,0,
66025,2023-01-16 17:26:00,40.750645,-73.94566,0,0,Driver Inattention/Distraction,4598580,8.0,-2.7,0.0,0.0,0.0,0.0,2,23.4,41.4,339,Partly cloudy,0,0,
66026,2023-01-16 07:53:00,40.625256,-73.96078,1,0,Unspecified,4598394,8.0,-2.7,0.0,0.0,0.0,0.0,2,23.4,41.4,339,Partly cloudy,1,1,
66027,2023-01-16 18:22:00,40.627705,-74.13789,0,0,Driver Inattention/Distraction,4598786,8.0,-2.7,0.0,0.0,0.0,0.0,2,23.4,41.4,339,Partly cloudy,0,0,
66028,2021-10-20 21:11:00,40.8945774,-73.9081005,1,0,Unsafe Speed,4469460,24.1,13.8,0.0,0.0,0.0,0.0,3,21.6,37.1,276,Overcast,1,1,
66029,2023-01-16 20:09:00,40.743187,-73.97207,0,0,Driver Inattention/Distraction,4598458,8.0,-2.7,0.0,0.0,0.0,0.0,2,23.4,41.4,339,Partly cloudy,0,0,
66030,2023-01-16 05:20:00,40.672665,-73.878555,0,0,Fell Asleep,4598250,8.0,-2.7,0.0,0.0,0.0,0.0,2,23.4,41.4,339,Partly cloudy,0,0,
66031,2023-01-16 03:15:00,40.626102,-73.93735,1,0,Pedestrian/Bicyclist/Other Pedestrian Error/Confusion,4598275,8.0,-2.7,0.0,0.0,0.0,0.0,2,23.4,41.4,339,Partly cloudy,1,1,
66032,2023-01-16 14:45:00,40.795444,-73.93286,2,0,Driver Inattention/Distraction,4598679,8.0,-2.7,0.0,0.0,0.0,0.0,2,23.4,41.4,339,Partly cloudy,2,2,
66033,2023-01-16 06:40:00,40.63613,-73.97274,1,0,Failure to Yield Right-of-Way,4598345,8.0,-2.7,0.0,0.0,0.0,0.0,2,23.4,41.4,339,Partly cloudy,1,1,
66034,2023-01-12 07:00:00,40.707096,-73.834984,1,0,Failure to Yield Right-of-Way,4598776,10.1,-0.6,10.8,10.8,0.0,13.0,63,20.1,36.7,117,Rain: Moderate,1,1,
66035,2023-01-16 11:10:00,40.84706,-73.84908,0,0,Failure to Yield Right-of-Way,4598186,8.0,-2.7,0.0,0.0,0.0,0.0,2,23.4,41.4,339,Partly cloudy,0,0,
66036,2023-01-14 07:30:00,40.653057,-73.93054,0,0,Unspecified,4598637,2.8,-0.9,0.0,0.0,0.0,0.0,3,25.6,45.7,351,Overcast,0,0,
66037,2022-09-18 13:20:00,40.76428,-73.97302,0,0,Driver Inattention/Distraction,4567786,28.7,17.1,0.0,0.0,0.0,0.0,3,20.2,36.7,233,Overcast,0,0,
66038,2022-04-13 10:57:00,0.0,0.0,0,0,Unsafe Speed,4518823,18.9,7.1,0.0,0.0,0.0,0.0,3,18.7,37.4,112,Overcast,0,0,
66039,2023-01-11 14:44:00,40.847614,-73.88779,0,0,Driver Inattention/Distraction,4598688,3.3,-1.5,0.0,0.0,0.0,0.0,3,13.2,23.4,50,Overcast,0,0,
66040,2023-01-16 11:17:00,40.77047,-73.79324,1,0,Other Vehicular,4598261,8.0,-2.7,0.0,0.0,0.0,0.0,2,23.4,41.4,339,Partly cloudy,1,1,
66041,2023-01-16 14:13:00,40.606297,-73.74413,1,0,Unspecified,4598417,8.0,-2.7,0.0,0.0,0.0,0.0,2,23.4,41.4,339,Partly cloudy,1,1,
66042,2023-01-02 15:15:00,40.823658,-73.836426,0,0,Unspecified,4598843,12.4,4.7,0.8,0.8,0.0,4.0,51,9.7,16.2,254,Drizzle: Light,0,0,
66043,2023-01-12 08:35:00,40.65878,-73.960526,1,0,Driver Inattention/Distraction,4598782,10.1,-0.6,10.8,10.8,0.0,13.0,63,20.1,36.7,117,Rain: Moderate,1,1,
66044,2023-01-16 09:10:00,40.7059,-73.963104,1,0,Pedestrian/Bicyclist/Other Pedestrian Error/Confusion,4598333,8.0,-2.7,0.0,0.0,0.0,0.0,2,23.4,41.4,339,Partly cloudy,1,1,
66045,2023-01-16 20:30:00,40.778996,-73.80334,0,0,Passing or Lane Usage Improper,4598438,8.0,-2.7,0.0,0.0,0.0,0.0,2,23.4,41.4,339,Partly cloudy,0,0,
66046,2023-01-11 04:20:00,40.831326,-73.816536,0,0,Unspecified,4598828,3.3,-1.5,0.0,0.0,0.0,0.0,3,13.2,23.4,50,Overcast,0,0,
66047,2023-01-12 15:30:00,40.818504,-73.86796,0,0,Backing Unsafely,4598673,10.1,-0.6,10.8,10.8,0.0,13.0,63,20.1,36.7,117,Rain: Moderate,0,0,
66048,2023-01-16 05:35:00,40.657036,-73.89383,0,0,Backing Unsafely,4598124,8.0,-2.7,0.0,0.0,0.0,0.0,2,23.4,41.4,339,Partly cloudy,0,0,
66049,2022-01-18 16:00:00,40.863552,-73.90443,1,0,Unsafe Speed,4598759,1.7,-4.9,0.0,0.0,0.0,0.0,3,30.9,58.3,294,Overcast,1,1,
66050,2023-01-16 15:30:00,40.59758,-73.99594,1,0,Driver Inattention/Distraction,4598299,8.0,-2.7,0.0,0.0,0.0,0.0,2,23.4,41.4,339,Partly cloudy,1,1,
66051,2023-01-15 11:23:00,40.59495,-74.064514,0,0,Backing Unsafely,4598693,4.7,-2.1,0.0,0.0,0.0,0.0,3,29.5,53.6,354,Overcast,0,0,
66052,2023-01-02 18:04:00,40.858807,-73.88015,1,0,Driver Inattention/Distraction,4598646,12.4,4.7,0.8,0.8,0.0,4.0,51,9.7,16.2,254,Drizzle: Light,1,1,
66053,2021-10-18 18:36:00,40.7258847,-73.7600609,1,0,Following Too Closely,4469495,15.8,9.2,0.0,0.0,0.0,0.0,2,32.4,58.3,296,Partly cloudy,1,1,
66054,2023-01-16 12:45:00,40.68969,-73.99237,0,0,Failure to Yield Right-of-Way,4598511,8.0,-2.7,0.0,0.0,0.0,0.0,2,23.4,41.4,339,Partly cloudy,0,0,
66055,2023-01-16 03:38:00,40.614685,-74.15805,1,0,Unspecified,4598617,8.0,-2.7,0.0,0.0,0.0,0.0,2,23.4,41.4,339,Partly cloudy,1,1,
66056,2022-01-25 16:50:00,40.701862,-73.94383,1,0,Failure to Yield Right-of-Way,4497344,6.3,-3.9,0.0,0.0,0.0,0.0,3,16.9,33.8,270,Overcast,1,1,
66057,2022-01-25 19:15:00,40.62619,-73.921844,0,0,Other Vehicular,4497572,6.3,-3.9,0.0,0.0,0.0,0.0,3,16.9,33.8,270,Overcast,0,0,
66058,2022-01-25 19:05:00,40.851654,-73.91566,0,0,Backing Unsafely,4497409,6.3,-3.9,0.0,0.0,0.0,0.0,3,16.9,33.8,270,Overcast,0,0,
66059,2021-10-21 01:00:00,40.7297448,-73.8337202,0,0,Unspecified,4469503,22.9,12.0,0.0,0.0,0.0,0.0,3,17.0,31.7,207,Overcast,0,0,
66060,2021-10-12 23:46:00,40.8947022,-73.8472027,1,0,Driver Inattention/Distraction,4469504,21.6,15.2,0.0,0.0,0.0,0.0,3,11.8,23.8,81,Overcast,1,1,
66061,2022-01-13 14:30:00,40.762486,-73.96298,1,0,Driver Inattention/Distraction,4497956,7.1,-3.7,0.0,0.0,0.0,0.0,3,9.7,18.7,193,Overcast,1,1,
66062,2022-01-09 03:54:00,40.67968,-73.93663,2,0,Alcohol Involvement,4497887,4.0,-5.3,5.1,5.1,0.0,12.0,53,23.8,42.1,220,Drizzle: Moderate,2,2,
66063,2021-10-20 04:00:00,40.732473,-73.8122968,0,0,Unspecified,4469500,24.1,13.8,0.0,0.0,0.0,0.0,3,21.6,37.1,276,Overcast,0,0,
66064,2022-04-13 17:19:00,40.75592,-73.9749,1,0,Pedestrian/Bicyclist/Other Pedestrian Error/Confusion,4518883,18.9,7.1,0.0,0.0,0.0,0.0,3,18.7,37.4,112,Overcast,1,1,
66065,2022-01-25 12:19:00,40.680664,-73.902626,1,0,Following Too Closely,4497385,6.3,-3.9,0.0,0.0,0.0,0.0,3,16.9,33.8,270,Overcast,1,1,
66066,2022-01-25 17:25:00,40.676147,-73.98391,1,0,Unsafe Speed,4497476,6.3,-3.9,0.0,0.0,0.0,0.0,3,16.9,33.8,270,Overcast,1,1,
66067,2022-01-25 06:58:00,40.86431,-73.901474,0,0,Unspecified,4497106,6.3,-3.9,0.0,0.0,0.0,0.0,3,16.9,33.8,270,Overcast,0,0,
66068,2021-10-11 14:00:00,40.5198349,-74.2193192,1,0,Unspecified,4469514,21.7,16.3,0.0,0.0,0.0,0.0,3,25.7,49.7,41,Overcast,1,1,
66069,2022-01-18 16:24:00,40.74137,-73.97252,0,0,Driver Inexperience,4497938,1.7,-4.9,0.0,0.0,0.0,0.0,3,30.9,58.3,294,Overcast,0,0,
66070,2022-01-25 07:40:00,40.61157,-73.994606,0,0,Turning Improperly,4497171,6.3,-3.9,0.0,0.0,0.0,0.0,3,16.9,33.8,270,Overcast,0,0,
66071,2021-10-20 20:40:00,40.750451,-73.9659813,0,0,Driver Inattention/Distraction,4469517,24.1,13.8,0.0,0.0,0.0,0.0,3,21.6,37.1,276,Overcast,0,0,
66072,2022-01-25 10:59:00,40.59971,-74.08261,0,0,Turning Improperly,4497322,6.3,-3.9,0.0,0.0,0.0,0.0,3,16.9,33.8,270,Overcast,0,0,
66073,2022-01-25 16:30:00,40.70239,-73.94181,0,0,Following Too Closely,4497664,6.3,-3.9,0.0,0.0,0.0,0.0,3,16.9,33.8,270,Overcast,0,0,
66074,2022-01-25 20:30:00,40.712696,-73.900604,0,0,Unsafe Speed,4497743,6.3,-3.9,0.0,0.0,0.0,0.0,3,16.9,33.8,270,Overcast,0,0,
66075,2021-10-19 10:10:00,40.5413708,-74.2238445,2,0,Fatigued/Drowsy,4469522,19.1,8.3,0.0,0.0,0.0,0.0,1,24.6,45.0,272,Mainly clear,2,2,Sunny/Clear Conditions
66076,2021-10-12 15:52:00,40.5286359,-74.1913679,0,0,Passing Too Closely,4469523,21.6,15.2,0.0,0.0,0.0,0.0,3,11.8,23.8,81,Overcast,0,0,
66077,2021-10-03 20:00:00,40.5303802,-74.186741,1,0,Alcohol Involvement,4469524,25.9,12.8,0.0,0.0,0.0,0.0,3,12.0,24.1,217,Overcast,1,1,
66078,2021-10-16 08:15:00,40.5257538,-74.2275044,0,0,Driver Inattention/Distraction,4469525,24.3,15.0,17.5,17.5,0.0,9.0,63,25.7,46.4,195,Rain: Moderate,0,0,
66079,2022-01-25 08:10:00,40.84469,-73.90667,0,0,Passing Too Closely,4497211,6.3,-3.9,0.0,0.0,0.0,0.0,3,16.9,33.8,270,Overcast,0,0,
66080,2021-10-21 00:00:00,40.7423378,-73.8376295,1,0,Unsafe Lane Changing,4469528,22.9,12.0,0.0,0.0,0.0,0.0,3,17.0,31.7,207,Overcast,1,1,
66081,2021-10-09 01:54:00,40.8427518,-73.9228189,0,0,Turning Improperly,4469529,20.2,15.2,1.2,1.2,0.0,5.0,51,22.8,42.8,71,Drizzle: Light,0,0,
66082,2022-01-25 16:00:00,40.786423,-73.82394,0,0,Driver Inattention/Distraction,4497271,6.3,-3.9,0.0,0.0,0.0,0.0,3,16.9,33.8,270,Overcast,0,0,
66083,2022-01-25 10:00:00,40.801685,-73.91734,0,0,Unspecified,4497213,6.3,-3.9,0.0,0.0,0.0,0.0,3,16.9,33.8,270,Overcast,0,0,
66084,2022-01-25 07:40:00,40.87856,-73.865776,0,0,Unsafe Lane Changing,4497309,6.3,-3.9,0.0,0.0,0.0,0.0,3,16.9,33.8,270,Overcast,0,0,
66085,2022-01-25 07:40:00,40.67071,-73.77697,0,0,Traffic Control Disregarded,4497190,6.3,-3.9,0.0,0.0,0.0,0.0,3,16.9,33.8,270,Overcast,0,0,
66086,2021-10-17 05:01:00,40.843913,-73.927279,0,0,Unsafe Speed,4469534,17.3,11.1,0.2,0.2,0.0,2.0,51,23.9,43.9,293,Drizzle: Light,0,0,
66087,2022-01-21 17:40:00,40.765385,-73.789085,0,0,,4497761,-5.3,-11.6,0.0,0.0,0.0,0.0,3,21.9,40.0,2,Overcast,0,0,
66088,2022-01-25 16:10:00,40.66585,-73.88392,0,0,Unspecified,4497443,6.3,-3.9,0.0,0.0,0.0,0.0,3,16.9,33.8,270,Overcast,0,0,
66089,2022-01-25 20:35:00,40.852337,-73.92517,1,0,Following Too Closely,4497795,6.3,-3.9,0.0,0.0,0.0,0.0,3,16.9,33.8,270,Overcast,1,1,
66090,2022-01-25 17:11:00,40.65431,-74.004425,0,0,Unspecified,4497697,6.3,-3.9,0.0,0.0,0.0,0.0,3,16.9,33.8,270,Overcast,0,0,
66091,2022-01-11 14:50:00,40.65821,-73.89625,0,0,Turning Improperly,4497779,-4.2,-8.8,0.0,0.0,0.0,0.0,1,26.7,50.8,316,Mainly clear,0,0,Sunny/Clear Conditions
66092,2022-01-25 08:24:00,40.68672,-73.848114,0,0,Passing Too Closely,4497203,6.3,-3.9,0.0,0.0,0.0,0.0,3,16.9,33.8,270,Overcast,0,0,
66093,2022-01-25 16:16:00,40.735596,-73.89901,1,0,Driver Inattention/Distraction,4497293,6.3,-3.9,0.0,0.0,0.0,0.0,3,16.9,33.8,270,Overcast,1,1,
66094,2022-01-25 12:14:00,40.71727,-73.96286,0,0,Passing Too Closely,4497395,6.3,-3.9,0.0,0.0,0.0,0.0,3,16.9,33.8,270,Overcast,0,0,
66095,2022-01-25 19:08:00,40.7042,-73.95825,0,0,Driver Inattention/Distraction,4497663,6.3,-3.9,0.0,0.0,0.0,0.0,3,16.9,33.8,270,Overcast,0,0,
66096,2021-12-22 13:00:00,40.67058,-73.93096,0,0,Driver Inattention/Distraction,4497879,8.1,-0.0,4.2,4.2,0.0,9.0,61,26.7,47.9,313,Rain: Light,0,0,
66097,2022-01-25 17:30:00,40.691074,-73.79656,1,0,Driver Inattention/Distraction,4497323,6.3,-3.9,0.0,0.0,0.0,0.0,3,16.9,33.8,270,Overcast,1,1,
66098,2022-01-25 17:13:00,40.681404,-73.85334,0,0,Unsafe Speed,4497358,6.3,-3.9,0.0,0.0,0.0,0.0,3,16.9,33.8,270,Overcast,0,0,
66099,2022-01-25 06:27:00,40.648067,-73.89784,0,0,Driver Inattention/Distraction,4497233,6.3,-3.9,0.0,0.0,0.0,0.0,3,16.9,33.8,270,Overcast,0,0,
66100,2022-01-20 16:00:00,40.760567,-73.9155,0,0,Unspecified,4497844,5.2,-5.5,7.3,4.6,1.89,10.0,73,22.3,40.0,315,Snow fall: Moderate,0,0,Snowy Conditions
66101,2022-01-25 19:15:00,40.835194,-73.9385,0,0,Driver Inattention/Distraction,4497725,6.3,-3.9,0.0,0.0,0.0,0.0,3,16.9,33.8,270,Overcast,0,0,
66102,2022-01-19 13:07:00,40.609905,-73.74503,0,0,Unspecified,4497754,7.6,-4.9,0.0,0.0,0.0,0.0,3,23.5,43.2,208,Overcast,0,0,
66103,2022-01-21 20:14:00,40.66684,-73.78941,1,0,Following Too Closely,4497821,-5.3,-11.6,0.0,0.0,0.0,0.0,3,21.9,40.0,2,Overcast,1,1,
66104,2022-01-22 14:59:00,40.789948,-73.94293,0,0,Illnes,4497970,-1.3,-12.3,0.0,0.0,0.0,0.0,3,18.4,32.8,1,Overcast,0,0,
66105,2021-10-21 16:34:00,40.8361658,-73.871779,0,0,Unspecified,4469554,22.9,12.0,0.0,0.0,0.0,0.0,3,17.0,31.7,207,Overcast,0,0,
66106,2022-01-25 18:00:00,40.612495,-73.97922,0,0,Driver Inattention/Distraction,4497418,6.3,-3.9,0.0,0.0,0.0,0.0,3,16.9,33.8,270,Overcast,0,0,
66107,2022-01-25 11:05:00,40.58425,-73.9638,1,0,Failure to Yield Right-of-Way,4497495,6.3,-3.9,0.0,0.0,0.0,0.0,3,16.9,33.8,270,Overcast,1,1,
66108,2022-01-25 15:55:00,40.760105,-73.97478,0,0,Unspecified,4497375,6.3,-3.9,0.0,0.0,0.0,0.0,3,16.9,33.8,270,Overcast,0,0,
66109,2022-01-25 09:57:00,40.65905,-73.90027,0,0,Unspecified,4497628,6.3,-3.9,0.0,0.0,0.0,0.0,3,16.9,33.8,270,Overcast,0,0,
66110,2022-01-25 08:30:00,40.71488,-73.75368,0,0,Unspecified,4497332,6.3,-3.9,0.0,0.0,0.0,0.0,3,16.9,33.8,270,Overcast,0,0,
66111,2022-01-20 17:30:00,40.792114,-73.941345,1,0,Unsafe Speed,4497859,5.2,-5.5,7.3,4.6,1.89,10.0,73,22.3,40.0,315,Snow fall: Moderate,1,1,Snowy Conditions
66112,2022-01-25 23:56:00,40.638157,-74.07971,0,0,Unspecified,4497514,6.3,-3.9,0.0,0.0,0.0,0.0,3,16.9,33.8,270,Overcast,0,0,
66113,2022-01-25 09:39:00,40.68238,-73.90565,2,0,Failure to Yield Right-of-Way,4497386,6.3,-3.9,0.0,0.0,0.0,0.0,3,16.9,33.8,270,Overcast,2,2,
66114,2022-01-25 10:40:00,40.84017,-73.88702,0,0,Other Vehicular,4497516,6.3,-3.9,0.0,0.0,0.0,0.0,3,16.9,33.8,270,Overcast,0,0,
66115,2021-10-21 10:50:00,40.6221498,-74.1686424,0,0,View Obstructed/Limited,4469543,22.9,12.0,0.0,0.0,0.0,0.0,3,17.0,31.7,207,Overcast,0,0,
66116,2022-01-25 21:20:00,40.679653,-73.88556,2,0,Unspecified,4497477,6.3,-3.9,0.0,0.0,0.0,0.0,3,16.9,33.8,270,Overcast,2,2,
66117,2022-01-25 10:20:00,40.781837,-73.979294,0,0,Driver Inattention/Distraction,4497913,6.3,-3.9,0.0,0.0,0.0,0.0,3,16.9,33.8,270,Overcast,0,0,
66118,2022-01-25 02:30:00,40.746357,-73.86245,1,0,Traffic Control Disregarded,4497083,6.3,-3.9,0.0,0.0,0.0,0.0,3,16.9,33.8,270,Overcast,1,1,
66119,2022-01-25 00:47:00,40.706436,-73.95778,0,0,Driver Inattention/Distraction,4497350,6.3,-3.9,0.0,0.0,0.0,0.0,3,16.9,33.8,270,Overcast,0,0,
66120,2021-12-04 08:33:00,40.840824,-73.94597,1,0,Following Too Closely,4497814,8.3,-0.7,0.0,0.0,0.0,0.0,3,13.5,25.9,231,Overcast,1,1,
66121,2022-01-18 09:34:00,40.810406,-73.95387,0,0,Unspecified,4497886,1.7,-4.9,0.0,0.0,0.0,0.0,3,30.9,58.3,294,Overcast,0,0,
66122,2022-01-25 01:02:00,40.693737,-73.89675,0,0,Unspecified,4497117,6.3,-3.9,0.0,0.0,0.0,0.0,3,16.9,33.8,270,Overcast,0,0,
66123,2021-08-12 19:34:00,40.8763798,-73.8460045,0,0,Unspecified,4469574,35.2,23.1,0.0,0.0,0.0,0.0,3,21.0,47.5,220,Overcast,0,0,
66124,2022-01-25 06:53:00,40.683605,-73.91462,1,0,Unspecified,4497328,6.3,-3.9,0.0,0.0,0.0,0.0,3,16.9,33.8,270,Overcast,1,1,