,CRASH DATETIME,LATITUDE,LONGITUDE,NUMBER OF PERSONS INJURED,NUMBER OF PERSONS KILLED,CONTRIBUTING FACTOR VEHICLE 1,COLLISION_ID,temperature_2m_max,temperature_2m_min,precipitation_sum,rain_sum,snowfall_sum,precipitation_hours,weather_code,wind_speed_10m_max,wind_gusts_10m_max,wind_direction_10m_dominant,Weather Description,Severity_Score,Total_Affected_Persons,Weather_Category
66125,2022-01-25 14:45:00,40.67314,-73.86945,1,0,Brakes Defective,4497478,6.3,-3.9,0.0,0.0,0.0,0.0,3,16.9,33.8,270,Overcast,1,1,
66126,2022-01-25 10:00:00,40.754063,-73.99388,0,0,Driver Inattention/Distraction,4497376,6.3,-3.9,0.0,0.0,0.0,0.0,3,16.9,33.8,270,Overcast,0,0,
66127,2022-01-23 08:38:00,40.603603,-73.751755,0,0,Passing Too Closely,4497807,2.8,-6.1,0.5,0.0,0.35,3.0,71,14.2,28.1,243,Snow fall: Light,0,0,Snowy Conditions
66128,2022-01-10 09:00:00,40.69221,-73.92293,0,0,Driver Inattention/Distraction,4497854,4.1,-4.3,0.0,0.0,0.0,0.0,3,24.1,44.3,295,Overcast,0,0,
66129,2022-01-25 17:12:00,40.857758,-73.90095,1,0,Failure to Yield Right-of-Way,4497412,6.3,-3.9,0.0,0.0,0.0,0.0,3,16.9,33.8,270,Overcast,1,1,
66130,2022-01-25 13:45:00,40.66549,-73.75236,1,0,Unspecified,4497228,6.3,-3.9,0.0,0.0,0.0,0.0,3,16.9,33.8,270,Overcast,1,1,
66131,2022-01-25 12:30:00,40.74036,-73.97318,0,0,Unspecified,4497274,6.3,-3.9,0.0,0.0,0.0,0.0,3,16.9,33.8,270,Overcast,0,0,
66132,2022-01-25 19:24:00,40.84353,-73.89401,0,0,Driver Inattention/Distraction,4497716,6.3,-3.9,0.0,0.0,0.0,0.0,3,16.9,33.8,270,Overcast,0,0,
66133,2022-01-25 17:32:00,40.69819,-73.96191,0,0,Passing or Lane Usage Improper,4497345,6.3,-3.9,0.0,0.0,0.0,0.0,3,16.9,33.8,270,Overcast,0,0,
66134,2022-01-22 11:00:00,40.60809,-73.752235,0,0,Unsafe Speed,4497791,-1.3,-12.3,0.0,0.0,0.0,0.0,3,18.4,32.8,1,Overcast,0,0,
66135,2021-10-12 17:10:00,40.8710347,-73.8564478,0,0,Driver Inattention/Distraction,4469586,21.6,15.2,0.0,0.0,0.0,0.0,3,11.8,23.8,81,Overcast,0,0,
66136,2022-01-25 10:49:00,40.692318,-73.8609,0,0,Unsafe Speed,4497204,6.3,-3.9,0.0,0.0,0.0,0.0,3,16.9,33.8,270,Overcast,0,0,
66137,2022-01-25 15:33:00,40.804375,-73.93742,1,0,Unspecified,4497566,6.3,-3.9,0.0,0.0,0.0,0.0,3,16.9,33.8,270,Overcast,1,1,
66138,2022-01-24 13:30:00,40.74522,-73.890854,0,0,Passing Too Closely,4497726,0.2,-2.7,0.3,0.0,0.21,2.0,71,15.1,31.0,307,Snow fall: Light,0,0,Snowy Conditions
66139,2022-01-25 11:30:00,40.601948,-73.99382,0,0,Turning Improperly,4497240,6.3,-3.9,0.0,0.0,0.0,0.0,3,16.9,33.8,270,Overcast,0,0,
66140,2022-01-25 14:45:00,40.786903,-73.95338,0,0,Obstruction/Debris,4497394,6.3,-3.9,0.0,0.0,0.0,0.0,3,16.9,33.8,270,Overcast,0,0,
66141,2022-01-25 19:45:00,40.670277,-73.92542,1,0,Passing or Lane Usage Improper,4497880,6.3,-3.9,0.0,0.0,0.0,0.0,3,16.9,33.8,270,Overcast,1,1,
66142,2021-09-26 09:00:00,40.6827353,-73.7261684,1,0,Unspecified,4469593,21.4,15.6,0.0,0.0,0.0,0.0,3,23.5,45.0,294,Overcast,1,1,
66143,2021-10-06 07:00:00,40.6751631,-73.7557241,0,0,Unspecified,4469596,20.3,16.0,0.1,0.1,0.0,1.0,51,6.5,14.0,28,Drizzle: Light,0,0,
66144,2021-10-05 02:30:00,40.6606432,-73.7638777,0,0,,4469597,19.9,15.0,0.0,0.0,0.0,0.0,3,14.5,28.1,46,Overcast,0,0,
66145,2022-01-19 05:50:00,40.708942,-73.941765,0,0,Passing Too Closely,4497964,7.6,-4.9,0.0,0.0,0.0,0.0,3,23.5,43.2,208,Overcast,0,0,
66146,2021-10-20 06:45:00,40.7113919,-73.8365939,1,0,Driver Inexperience,4469599,24.1,13.8,0.0,0.0,0.0,0.0,3,21.6,37.1,276,Overcast,1,1,
66147,2021-10-21 18:15:00,40.6982617,-73.8693899,0,0,Following Too Closely,4469600,22.9,12.0,0.0,0.0,0.0,0.0,3,17.0,31.7,207,Overcast,0,0,
66148,2022-01-16 15:00:00,40.73984,-73.89766,0,0,Driver Inattention/Distraction,4497796,1.3,-13.5,4.4,0.7,2.59,4.0,75,28.1,47.2,36,Snow fall: Heavy,0,0,Snowy Conditions
66149,2022-01-25 00:14:00,40.681225,-73.80953,0,0,Driver Inattention/Distraction,4497338,6.3,-3.9,0.0,0.0,0.0,0.0,3,16.9,33.8,270,Overcast,0,0,
66150,2021-10-20 14:00:00,40.7170411,-73.8220892,0,0,Driver Inattention/Distraction,4469603,24.1,13.8,0.0,0.0,0.0,0.0,3,21.6,37.1,276,Overcast,0,0,
66151,2022-01-25 09:52:00,40.803593,-73.919785,0,0,Driver Inattention/Distraction,4497404,6.3,-3.9,0.0,0.0,0.0,0.0,3,16.9,33.8,270,Overcast,0,0,
66152,2022-01-25 15:45:00,40.76373,-73.81431,1,0,Backing Unsafely,4497687,6.3,-3.9,0.0,0.0,0.0,0.0,3,16.9,33.8,270,Overcast,1,1,
66153,2022-01-25 08:57:00,40.701862,-73.89272,0,0,Backing Unsafely,4497166,6.3,-3.9,0.0,0.0,0.0,0.0,3,16.9,33.8,270,Overcast,0,0,
66154,2022-01-25 17:14:00,40.64204,-74.0204,2,0,Turning Improperly,4497311,6.3,-3.9,0.0,0.0,0.0,0.0,3,16.9,33.8,270,Overcast,2,2,
66155,2022-01-17 07:30:00,40.594334,-73.75122,0,0,Unspecified,4497735,9.7,0.4,33.6,32.8,0.56,12.0,73,54.1,99.7,183,Snow fall: Moderate,0,0,Snowy Conditions
66156,2021-10-21 17:45:00,40.7179096,-73.8320145,1,0,Failure to Yield Right-of-Way,4469615,22.9,12.0,0.0,0.0,0.0,0.0,3,17.0,31.7,207,Overcast,1,1,
66157,2022-01-25 15:00:00,40.884777,-73.85877,0,0,Driver Inattention/Distraction,4497593,6.3,-3.9,0.0,0.0,0.0,0.0,3,16.9,33.8,270,Overcast,0,0,
66158,2022-01-25 07:44:00,40.6698,-73.901115,0,0,Failure to Yield Right-of-Way,4497431,6.3,-3.9,0.0,0.0,0.0,0.0,3,16.9,33.8,270,Overcast,0,0,
66159,2022-01-25 09:20:00,40.669724,-73.98742,1,0,Passing or Lane Usage Improper,4497502,6.3,-3.9,0.0,0.0,0.0,0.0,3,16.9,33.8,270,Overcast,1,1,
66160,2022-01-01 03:40:00,40.6772,-73.94147,0,0,Driver Inattention/Distraction,4497876,11.7,7.5,19.4,19.4,0.0,19.0,63,13.9,22.3,161,Rain: Moderate,0,0,
66161,2022-01-25 11:38:00,40.801624,-73.90968,0,0,Unspecified,4497357,6.3,-3.9,0.0,0.0,0.0,0.0,3,16.9,33.8,270,Overcast,0,0,
66162,2022-01-25 09:30:00,40.640827,-74.17976,1,0,Driver Inattention/Distraction,4497792,6.3,-3.9,0.0,0.0,0.0,0.0,3,16.9,33.8,270,Overcast,1,1,
66163,2022-01-24 17:55:00,40.67824,-73.7711,1,0,Failure to Yield Right-of-Way,4497823,0.2,-2.7,0.3,0.0,0.21,2.0,71,15.1,31.0,307,Snow fall: Light,1,1,Snowy Conditions
66164,2022-01-25 13:31:00,40.80897,-73.94833,1,0,Following Too Closely,4497402,6.3,-3.9,0.0,0.0,0.0,0.0,3,16.9,33.8,270,Overcast,1,1,
66165,2022-01-16 20:05:00,40.5832,-73.97304,0,0,Pavement Slippery,4497740,1.3,-13.5,4.4,0.7,2.59,4.0,75,28.1,47.2,36,Snow fall: Heavy,0,0,Snowy Conditions
66166,2023-01-04 06:55:00,40.66955,-73.94497,0,0,Unsafe Lane Changing,4598829,17.6,10.5,2.1,2.1,0.0,4.0,53,17.3,31.3,215,Drizzle: Moderate,0,0,
66167,2021-10-21 14:10:00,40.6666632,-73.8099065,0,0,Fell Asleep,4469630,22.9,12.0,0.0,0.0,0.0,0.0,3,17.0,31.7,207,Overcast,0,0,
66168,2021-10-21 15:00:00,40.6665812,-73.8117667,0,0,Following Too Closely,4469631,22.9,12.0,0.0,0.0,0.0,0.0,3,17.0,31.7,207,Overcast,0,0,
66169,2021-10-22 00:30:00,40.6667645,-73.8365302,0,0,Unsafe Lane Changing,4469632,20.3,14.4,0.0,0.0,0.0,0.0,3,18.1,31.3,267,Overcast,0,0,
66170,2022-01-25 04:33:00,40.592484,-73.99494,1,0,Following Too Closely,4497182,6.3,-3.9,0.0,0.0,0.0,0.0,3,16.9,33.8,270,Overcast,1,1,
66171,2021-10-21 14:00:00,40.6663227,-73.8016838,0,0,Driver Inattention/Distraction,4469634,22.9,12.0,0.0,0.0,0.0,0.0,3,17.0,31.7,207,Overcast,0,0,
66172,2022-01-25 06:37:00,40.830906,-73.8736,2,0,Reaction to Uninvolved Vehicle,4497508,6.3,-3.9,0.0,0.0,0.0,0.0,3,16.9,33.8,270,Overcast,2,2,
66173,2022-01-25 06:45:00,40.712864,-73.856636,0,0,Passing Too Closely,4497284,6.3,-3.9,0.0,0.0,0.0,0.0,3,16.9,33.8,270,Overcast,0,0,
66174,2022-01-25 18:34:00,40.68126,-73.76483,1,0,Unspecified,4497518,6.3,-3.9,0.0,0.0,0.0,0.0,3,16.9,33.8,270,Overcast,1,1,
66175,2021-10-22 03:00:00,40.7444741,-73.7717841,1,0,Unsafe Speed,4469638,20.3,14.4,0.0,0.0,0.0,0.0,3,18.1,31.3,267,Overcast,1,1,
66176,2022-01-25 23:12:00,40.63082,-73.88636,2,0,Unspecified,4497348,6.3,-3.9,0.0,0.0,0.0,0.0,3,16.9,33.8,270,Overcast,2,2,
66177,2022-01-25 14:40:00,40.85194,-73.88966,0,0,Turning Improperly,4497507,6.3,-3.9,0.0,0.0,0.0,0.0,3,16.9,33.8,270,Overcast,0,0,
66178,2022-01-25 19:52:00,40.653378,-73.90658,0,1,Driver Inexperience,4497898,6.3,-3.9,0.0,0.0,0.0,0.0,3,16.9,33.8,270,Overcast,20,1,
66179,2021-10-22 00:45:00,40.6201621,-74.0230011,0,0,Reaction to Uninvolved Vehicle,4469642,20.3,14.4,0.0,0.0,0.0,0.0,3,18.1,31.3,267,Overcast,0,0,
66180,2022-01-25 09:00:00,40.80251,-73.94678,0,0,Driver Inattention/Distraction,4497417,6.3,-3.9,0.0,0.0,0.0,0.0,3,16.9,33.8,270,Overcast,0,0,
66181,2022-01-22 23:15:00,40.71945,-73.739105,1,0,Unspecified,4497920,-1.3,-12.3,0.0,0.0,0.0,0.0,3,18.4,32.8,1,Overcast,1,1,
66182,2022-01-21 14:30:00,40.84405,-73.942665,0,0,Unspecified,4497813,-5.3,-11.6,0.0,0.0,0.0,0.0,3,21.9,40.0,2,Overcast,0,0,
66183,2022-01-21 22:20:00,40.80777,-73.94549,1,0,Driver Inattention/Distraction,4497727,-5.3,-11.6,0.0,0.0,0.0,0.0,3,21.9,40.0,2,Overcast,1,1,
66184,2022-01-25 06:22:00,40.555824,-74.16103,1,0,Traffic Control Disregarded,4497236,6.3,-3.9,0.0,0.0,0.0,0.0,3,16.9,33.8,270,Overcast,1,1,
66185,2022-01-25 09:28:00,40.631344,-74.022804,0,0,Unspecified,4497241,6.3,-3.9,0.0,0.0,0.0,0.0,3,16.9,33.8,270,Overcast,0,0,
66186,2022-01-25 23:50:00,40.59401,-73.96086,0,0,Unspecified,4497629,6.3,-3.9,0.0,0.0,0.0,0.0,3,16.9,33.8,270,Overcast,0,0,
66187,2022-01-25 17:44:00,40.663555,-73.93162,0,0,Driver Inattention/Distraction,4497291,6.3,-3.9,0.0,0.0,0.0,0.0,3,16.9,33.8,270,Overcast,0,0,
66188,2022-01-25 16:35:00,40.818756,-73.90876,0,0,Failure to Yield Right-of-Way,4497720,6.3,-3.9,0.0,0.0,0.0,0.0,3,16.9,33.8,270,Overcast,0,0,
66189,2022-01-25 20:09:00,40.70786,-73.74779,0,0,Passing Too Closely,4497337,6.3,-3.9,0.0,0.0,0.0,0.0,3,16.9,33.8,270,Overcast,0,0,
66190,2021-12-30 14:00:00,40.850185,-73.93209,0,0,Unspecified,4497755,8.3,5.0,1.8,1.8,0.0,7.0,53,9.9,17.6,22,Drizzle: Moderate,0,0,
66191,2022-01-25 08:28:00,40.79814,-73.94051,0,0,Following Too Closely,4497198,6.3,-3.9,0.0,0.0,0.0,0.0,3,16.9,33.8,270,Overcast,0,0,
66192,2022-01-25 22:40:00,40.674385,-73.88795,1,0,Unspecified,4497634,6.3,-3.9,0.0,0.0,0.0,0.0,3,16.9,33.8,270,Overcast,1,1,
66193,2022-01-18 15:18:00,40.606956,-73.74353,1,0,Following Too Closely,4497745,1.7,-4.9,0.0,0.0,0.0,0.0,3,30.9,58.3,294,Overcast,1,1,
66194,2021-10-21 14:54:00,40.7091914,-73.956819,1,0,Glare,4469663,22.9,12.0,0.0,0.0,0.0,0.0,3,17.0,31.7,207,Overcast,1,1,
66195,2022-01-25 09:00:00,40.62704,-73.96663,1,0,Unspecified,4497205,6.3,-3.9,0.0,0.0,0.0,0.0,3,16.9,33.8,270,Overcast,1,1,
66196,2022-01-25 18:30:00,40.649456,-73.95236,0,0,Unspecified,4497290,6.3,-3.9,0.0,0.0,0.0,0.0,3,16.9,33.8,270,Overcast,0,0,
66197,2022-01-25 16:00:00,40.63396,-74.01476,0,0,Turning Improperly,4497327,6.3,-3.9,0.0,0.0,0.0,0.0,3,16.9,33.8,270,Overcast,0,0,
66198,2022-01-25 07:55:00,40.66976,-73.89254,1,0,Driver Inattention/Distraction,4497490,6.3,-3.9,0.0,0.0,0.0,0.0,3,16.9,33.8,270,Overcast,1,1,
66199,2022-01-18 18:10:00,40.84215,-73.94228,1,0,Drugs (illegal),4497812,1.7,-4.9,0.0,0.0,0.0,0.0,3,30.9,58.3,294,Overcast,1,1,
66200,2021-10-21 17:25:00,40.5861063,-73.9323662,0,0,Driver Inattention/Distraction,4469673,22.9,12.0,0.0,0.0,0.0,0.0,3,17.0,31.7,207,Overcast,0,0,
66201,2022-01-25 07:30:00,40.730656,-73.73649,0,0,Passing Too Closely,4497227,6.3,-3.9,0.0,0.0,0.0,0.0,3,16.9,33.8,270,Overcast,0,0,
66202,2022-01-25 12:50:00,40.70307,-73.95699,2,0,Alcohol Involvement,4497346,6.3,-3.9,0.0,0.0,0.0,0.0,3,16.9,33.8,270,Overcast,2,2,
66203,2022-01-25 06:15:00,40.770916,-73.889046,0,0,Passing or Lane Usage Improper,4497176,6.3,-3.9,0.0,0.0,0.0,0.0,3,16.9,33.8,270,Overcast,0,0,
66204,2021-10-21 13:23:00,40.8751317,-73.9051695,0,0,Unspecified,4469677,22.9,12.0,0.0,0.0,0.0,0.0,3,17.0,31.7,207,Overcast,0,0,
66205,2022-01-25 15:40:00,40.686028,-73.82506,0,0,Obstruction/Debris,4497314,6.3,-3.9,0.0,0.0,0.0,0.0,3,16.9,33.8,270,Overcast,0,0,
66206,2022-01-25 23:50:00,40.678276,-73.91076,0,0,Following Too Closely,4497620,6.3,-3.9,0.0,0.0,0.0,0.0,3,16.9,33.8,270,Overcast,0,0,
66207,2022-01-25 21:51:00,40.87683,-73.86472,2,0,Driver Inattention/Distraction,4497305,6.3,-3.9,0.0,0.0,0.0,0.0,3,16.9,33.8,270,Overcast,2,2,
66208,2022-01-25 20:35:00,40.686096,-73.97109,0,0,Unspecified,4497891,6.3,-3.9,0.0,0.0,0.0,0.0,3,16.9,33.8,270,Overcast,0,0,
66209,2022-01-20 02:40:00,40.593544,-73.77716,0,0,Passing or Lane Usage Improper,4497757,5.2,-5.5,7.3,4.6,1.89,10.0,73,22.3,40.0,315,Snow fall: Moderate,0,0,Snowy Conditions
66210,2022-01-25 16:00:00,40.841496,-73.92486,1,0,Turning Improperly,4497377,6.3,-3.9,0.0,0.0,0.0,0.0,3,16.9,33.8,270,Overcast,1,1,
66211,2022-01-25 16:00:00,40.630745,-73.97717,0,0,Driver Inattention/Distraction,4497710,6.3,-3.9,0.0,0.0,0.0,0.0,3,16.9,33.8,270,Overcast,0,0,
66212,2022-01-21 12:30:00,40.601143,-73.7566,0,0,Failure to Yield Right-of-Way,4497772,-5.3,-11.6,0.0,0.0,0.0,0.0,3,21.9,40.0,2,Overcast,0,0,
66213,2022-01-17 09:30:00,40.594334,-73.75122,0,0,Unspecified,4497739,9.7,0.4,33.6,32.8,0.56,12.0,73,54.1,99.7,183,Snow fall: Moderate,0,0,Snowy Conditions
66214,2022-01-25 19:30:00,40.66685,-73.8907,1,0,Driver Inattention/Distraction,4497467,6.3,-3.9,0.0,0.0,0.0,0.0,3,16.9,33.8,270,Overcast,1,1,
66215,2022-01-22 17:30:00,40.71576,-73.74655,0,0,Unspecified,4497851,-1.3,-12.3,0.0,0.0,0.0,0.0,3,18.4,32.8,1,Overcast,0,0,
66216,2022-01-25 16:20:00,40.641537,-73.981766,0,0,Unspecified,4497362,6.3,-3.9,0.0,0.0,0.0,0.0,3,16.9,33.8,270,Overcast,0,0,
66217,2022-01-23 23:29:00,40.770603,-73.917656,1,1,Unspecified,4497882,2.8,-6.1,0.5,0.0,0.35,3.0,71,14.2,28.1,243,Snow fall: Light,21,2,Snowy Conditions
66218,2022-01-25 20:50:00,40.766884,-73.921394,1,0,Driver Inattention/Distraction,4497354,6.3,-3.9,0.0,0.0,0.0,0.0,3,16.9,33.8,270,Overcast,1,1,
66219,2022-01-25 05:50:00,40.724136,-73.992615,1,0,Pedestrian/Bicyclist/Other Pedestrian Error/Confusion,4497134,6.3,-3.9,0.0,0.0,0.0,0.0,3,16.9,33.8,270,Overcast,1,1,
66220,2022-01-24 21:46:00,40.755264,-73.989136,0,0,Alcohol Involvement,4497927,0.2,-2.7,0.3,0.0,0.21,2.0,71,15.1,31.0,307,Snow fall: Light,0,0,Snowy Conditions
66221,2021-10-21 10:07:00,40.600883,-73.958681,1,0,Unspecified,4469698,22.9,12.0,0.0,0.0,0.0,0.0,3,17.0,31.7,207,Overcast,1,1,
66222,2022-01-25 08:35:00,40.6148,-74.12066,0,0,Other Vehicular,4497277,6.3,-3.9,0.0,0.0,0.0,0.0,3,16.9,33.8,270,Overcast,0,0,
66223,2022-01-25 18:55:00,40.757355,-73.82485,0,0,Unspecified,4497405,6.3,-3.9,0.0,0.0,0.0,0.0,3,16.9,33.8,270,Overcast,0,0,
66224,2022-01-20 19:33:00,40.69246,-73.726875,1,0,Following Too Closely,4497817,5.2,-5.5,7.3,4.6,1.89,10.0,73,22.3,40.0,315,Snow fall: Moderate,1,1,Snowy Conditions
66225,2022-01-25 23:23:00,40.8518,-73.909225,0,0,Passing Too Closely,4497413,6.3,-3.9,0.0,0.0,0.0,0.0,3,16.9,33.8,270,Overcast,0,0,
66226,2022-01-25 17:35:00,40.626713,-73.94121,0,0,Following Too Closely,4497583,6.3,-3.9,0.0,0.0,0.0,0.0,3,16.9,33.8,270,Overcast,0,0,
66227,2022-01-25 17:00:00,40.695934,-73.761604,0,0,Passing or Lane Usage Improper,4497825,6.3,-3.9,0.0,0.0,0.0,0.0,3,16.9,33.8,270,Overcast,0,0,
66228,2022-01-25 08:15:00,40.609417,-73.9677,1,0,Unspecified,4497392,6.3,-3.9,0.0,0.0,0.0,0.0,3,16.9,33.8,270,Overcast,1,1,
66229,2022-01-25 16:00:00,40.667114,-73.834656,2,0,Traffic Control Disregarded,4497340,6.3,-3.9,0.0,0.0,0.0,0.0,3,16.9,33.8,270,Overcast,2,2,
66230,2022-01-25 14:55:00,40.69225,-73.76669,0,0,Following Too Closely,4497960,6.3,-3.9,0.0,0.0,0.0,0.0,3,16.9,33.8,270,Overcast,0,0,
66231,2022-01-25 16:45:00,40.83142,-73.92643,1,0,Driver Inattention/Distraction,4497681,6.3,-3.9,0.0,0.0,0.0,0.0,3,16.9,33.8,270,Overcast,1,1,
66232,2022-01-23 21:43:00,40.609905,-73.74503,0,0,Following Too Closely,4497799,2.8,-6.1,0.5,0.0,0.35,3.0,71,14.2,28.1,243,Snow fall: Light,0,0,Snowy Conditions
66233,2022-01-25 13:45:00,40.75425,-73.827835,0,0,Turning Improperly,4497424,6.3,-3.9,0.0,0.0,0.0,0.0,3,16.9,33.8,270,Overcast,0,0,
66234,2022-01-25 15:15:00,40.85713,-73.8808,1,0,Driver Inattention/Distraction,4497509,6.3,-3.9,0.0,0.0,0.0,0.0,3,16.9,33.8,270,Overcast,1,1,
66235,2022-01-24 08:45:00,40.639866,-73.87788,0,0,Following Too Closely,4497866,0.2,-2.7,0.3,0.0,0.21,2.0,71,15.1,31.0,307,Snow fall: Light,0,0,Snowy Conditions
66236,2022-01-25 17:33:00,40.79686,-73.93742,0,0,Alcohol Involvement,4497536,6.3,-3.9,0.0,0.0,0.0,0.0,3,16.9,33.8,270,Overcast,0,0,
66237,2022-01-20 10:30:00,40.669586,-73.92827,0,0,Failure to Yield Right-of-Way,4497877,5.2,-5.5,7.3,4.6,1.89,10.0,73,22.3,40.0,315,Snow fall: Moderate,0,0,Snowy Conditions
66238,2022-01-24 15:50:00,40.76889,-73.9821,0,0,Passing or Lane Usage Improper,4497908,0.2,-2.7,0.3,0.0,0.21,2.0,71,15.1,31.0,307,Snow fall: Light,0,0,Snowy Conditions
66239,2021-10-01 19:13:00,40.8371809,-73.9489011,0,0,Unspecified,4469721,19.4,9.5,0.0,0.0,0.0,0.0,0,13.8,28.1,302,Clear sky,0,0,Sunny/Clear Conditions
66240,2022-01-25 14:20:00,40.534748,-74.16527,0,0,Driver Inattention/Distraction,4497361,6.3,-3.9,0.0,0.0,0.0,0.0,3,16.9,33.8,270,Overcast,0,0,
66241,2022-01-17 06:21:00,40.593708,-73.75319,0,0,Unspecified,4497728,9.7,0.4,33.6,32.8,0.56,12.0,73,54.1,99.7,183,Snow fall: Moderate,0,0,Snowy Conditions
66242,2022-01-24 19:20:00,40.68247,-73.9763,3,0,Unsafe Lane Changing,4497723,0.2,-2.7,0.3,0.0,0.21,2.0,71,15.1,31.0,307,Snow fall: Light,3,3,Snowy Conditions
66243,2021-10-20 16:48:00,40.8910726,-73.9082717,0,0,Brakes Defective,4469726,24.1,13.8,0.0,0.0,0.0,0.0,3,21.6,37.1,276,Overcast,0,0,
66244,2022-01-22 09:26:00,40.62701,-73.94482,0,0,Driver Inattention/Distraction,4497818,-1.3,-12.3,0.0,0.0,0.0,0.0,3,18.4,32.8,1,Overcast,0,0,
66245,2022-01-25 12:53:00,40.67816,-73.897484,1,0,Unspecified,4497466,6.3,-3.9,0.0,0.0,0.0,0.0,3,16.9,33.8,270,Overcast,1,1,
66246,2021-08-06 13:17:00,40.70154,-73.93837,1,0,Traffic Control Disregarded,4444482,28.9,17.4,0.0,0.0,0.0,0.0,3,18.1,38.2,188,Overcast,1,1,
66247,2022-01-25 18:44:00,40.653805,-73.93061,0,0,Unspecified,4497498,6.3,-3.9,0.0,0.0,0.0,0.0,3,16.9,33.8,270,Overcast,0,0,
66248,2022-01-23 09:30:00,40.625908,-74.15577,0,0,Backing Unsafely,4497793,2.8,-6.1,0.5,0.0,0.35,3.0,71,14.2,28.1,243,Snow fall: Light,0,0,Snowy Conditions
66249,2022-01-25 20:45:00,40.66843,-73.91919,0,0,Unspecified,4497622,6.3,-3.9,0.0,0.0,0.0,0.0,3,16.9,33.8,270,Overcast,0,0,
66250,2021-10-21 09:00:00,40.7366625,-73.9078925,0,0,Driver Inattention/Distraction,4469733,22.9,12.0,0.0,0.0,0.0,0.0,3,17.0,31.7,207,Overcast,0,0,
66251,2022-01-25 07:45:00,40.90117,-73.86199,0,0,Unsafe Lane Changing,4497304,6.3,-3.9,0.0,0.0,0.0,0.0,3,16.9,33.8,270,Overcast,0,0,
66252,2022-01-25 21:00:00,40.67884,-73.75419,0,0,Driver Inattention/Distraction,4497335,6.3,-3.9,0.0,0.0,0.0,0.0,3,16.9,33.8,270,Overcast,0,0,
66253,2022-01-25 07:54:00,40.798935,-73.93637,0,0,Passing Too Closely,4497199,6.3,-3.9,0.0,0.0,0.0,0.0,3,16.9,33.8,270,Overcast,0,0,
66254,2022-01-25 15:51:00,40.719482,-73.81058,0,0,Driver Inattention/Distraction,4497653,6.3,-3.9,0.0,0.0,0.0,0.0,3,16.9,33.8,270,Overcast,0,0,
66255,2022-01-25 18:00:00,40.778603,-73.846115,0,0,Passing or Lane Usage Improper,4497400,6.3,-3.9,0.0,0.0,0.0,0.0,3,16.9,33.8,270,Overcast,0,0,
66256,2022-01-25 09:53:00,40.721233,-73.98778,1,0,Unspecified,4497307,6.3,-3.9,0.0,0.0,0.0,0.0,3,16.9,33.8,270,Overcast,1,1,
66257,2022-01-25 17:25:00,40.664192,-73.841125,0,0,Failure to Yield Right-of-Way,4497341,6.3,-3.9,0.0,0.0,0.0,0.0,3,16.9,33.8,270,Overcast,0,0,
66258,2022-01-25 08:00:00,40.595985,-73.763,0,0,Turning Improperly,4497803,6.3,-3.9,0.0,0.0,0.0,0.0,3,16.9,33.8,270,Overcast,0,0,
66259,2022-01-24 06:00:00,40.75578,-74.00199,1,0,Failure to Yield Right-of-Way,4497747,0.2,-2.7,0.3,0.0,0.21,2.0,71,15.1,31.0,307,Snow fall: Light,1,1,Snowy Conditions
66260,2022-01-20 11:58:00,40.59026,-73.78872,2,0,Passing Too Closely,4497758,5.2,-5.5,7.3,4.6,1.89,10.0,73,22.3,40.0,315,Snow fall: Moderate,2,2,Snowy Conditions
66261,2022-01-25 07:22:00,40.634026,-73.95023,2,0,Unsafe Speed,4497197,6.3,-3.9,0.0,0.0,0.0,0.0,3,16.9,33.8,270,Overcast,2,2,
66262,2022-01-25 23:24:00,40.808334,-73.940865,2,0,Traffic Control Disregarded,4497506,6.3,-3.9,0.0,0.0,0.0,0.0,3,16.9,33.8,270,Overcast,2,2,
66263,2022-01-25 11:23:00,40.82856,-73.87954,0,0,Turning Improperly,4497235,6.3,-3.9,0.0,0.0,0.0,0.0,3,16.9,33.8,270,Overcast,0,0,
66264,2022-01-25 23:00:00,40.81437,-73.896706,2,0,Unspecified,4497671,6.3,-3.9,0.0,0.0,0.0,0.0,3,16.9,33.8,270,Overcast,2,2,
66265,2022-01-25 08:10:00,40.735325,-73.865166,0,0,Following Too Closely,4497172,6.3,-3.9,0.0,0.0,0.0,0.0,3,16.9,33.8,270,Overcast,0,0,
66266,2023-01-16 07:00:00,40.63199,-74.03051,0,0,Unspecified,4598356,8.0,-2.7,0.0,0.0,0.0,0.0,2,23.4,41.4,339,Partly cloudy,0,0,
66267,2022-01-09 12:00:00,40.586185,-73.98328,0,0,Driver Inattention/Distraction,4497744,4.0,-5.3,5.1,5.1,0.0,12.0,53,23.8,42.1,220,Drizzle: Moderate,0,0,
66268,2022-01-25 15:38:00,40.793377,-73.97086,1,0,Failure to Yield Right-of-Way,4497289,6.3,-3.9,0.0,0.0,0.0,0.0,3,16.9,33.8,270,Overcast,1,1,
66269,2022-01-09 00:00:00,40.660362,-73.77553,0,0,Following Too Closely,4497959,4.0,-5.3,5.1,5.1,0.0,12.0,53,23.8,42.1,220,Drizzle: Moderate,0,0,
66270,2022-01-21 00:00:00,40.68262,-73.92964,0,0,Passing Too Closely,4497884,-5.3,-11.6,0.0,0.0,0.0,0.0,3,21.9,40.0,2,Overcast,0,0,
66271,2022-01-25 16:20:00,40.858986,-73.89382,1,0,Driver Inattention/Distraction,4497407,6.3,-3.9,0.0,0.0,0.0,0.0,3,16.9,33.8,270,Overcast,1,1,
66272,2022-01-25 06:40:00,40.69141,-73.72668,1,0,Driver Inattention/Distraction,4497609,6.3,-3.9,0.0,0.0,0.0,0.0,3,16.9,33.8,270,Overcast,1,1,