,CRASH DATETIME,LATITUDE,LONGITUDE,NUMBER OF PERSONS INJURED,NUMBER OF PERSONS KILLED,CONTRIBUTING FACTOR VEHICLE 1,COLLISION_ID,temperature_2m_max,temperature_2m_min,precipitation_sum,rain_sum,snowfall_sum,precipitation_hours,weather_code,wind_speed_10m_max,wind_gusts_10m_max,wind_direction_10m_dominant,Weather Description,Severity_Score,Total_Affected_Persons,Weather_Category
66273,2022-01-25 18:31:00,40.85068,-73.82731,2,0,Unspecified,4497383,6.3,-3.9,0.0,0.0,0.0,0.0,3,16.9,33.8,270,Overcast,2,2,
66274,2022-01-25 18:55:00,40.847794,-73.934845,0,0,Driver Inattention/Distraction,4497810,6.3,-3.9,0.0,0.0,0.0,0.0,3,16.9,33.8,270,Overcast,0,0,
66275,2022-01-25 13:30:00,40.78459,-73.94198,1,0,Unspecified,4497849,6.3,-3.9,0.0,0.0,0.0,0.0,3,16.9,33.8,270,Overcast,1,1,
66276,2022-01-25 08:15:00,40.80949,-73.95167,1,0,Backing Unsafely,4497416,6.3,-3.9,0.0,0.0,0.0,0.0,3,16.9,33.8,270,Overcast,1,1,
66277,2022-01-25 14:45:00,40.639126,-74.023224,0,0,Driver Inattention/Distraction,4497283,6.3,-3.9,0.0,0.0,0.0,0.0,3,16.9,33.8,270,Overcast,0,0,
66278,2022-01-25 08:30:00,40.737167,-73.740166,2,0,Unspecified,4497217,6.3,-3.9,0.0,0.0,0.0,0.0,3,16.9,33.8,270,Overcast,2,2,
66279,2022-01-25 18:28:00,40.772804,-73.92112,0,0,Backing Unsafely,4497702,6.3,-3.9,0.0,0.0,0.0,0.0,3,16.9,33.8,270,Overcast,0,0,
66280,2022-01-25 22:00:00,40.795437,-73.943954,0,0,Passing or Lane Usage Improper,4497769,6.3,-3.9,0.0,0.0,0.0,0.0,3,16.9,33.8,270,Overcast,0,0,
66281,2022-01-25 10:00:00,40.695004,-73.9525,1,0,Failure to Yield Right-of-Way,4497315,6.3,-3.9,0.0,0.0,0.0,0.0,3,16.9,33.8,270,Overcast,1,1,
66282,2022-01-25 10:01:00,40.65753,-73.89797,0,0,Driver Inattention/Distraction,4497475,6.3,-3.9,0.0,0.0,0.0,0.0,3,16.9,33.8,270,Overcast,0,0,
66283,2022-01-17 08:22:00,40.594334,-73.75122,0,0,Unspecified,4497737,9.7,0.4,33.6,32.8,0.56,12.0,73,54.1,99.7,183,Snow fall: Moderate,0,0,Snowy Conditions
66284,2022-01-25 14:25:00,40.60981,-73.92251,0,0,Alcohol Involvement,4497573,6.3,-3.9,0.0,0.0,0.0,0.0,3,16.9,33.8,270,Overcast,0,0,
66285,2022-01-25 07:50:00,40.625103,-74.14877,1,0,Driver Inattention/Distraction,4497152,6.3,-3.9,0.0,0.0,0.0,0.0,3,16.9,33.8,270,Overcast,1,1,
66286,2022-01-25 09:22:00,40.660294,-73.93614,0,0,Following Too Closely,4497352,6.3,-3.9,0.0,0.0,0.0,0.0,3,16.9,33.8,270,Overcast,0,0,
66287,2022-01-25 13:40:00,40.80288,-73.94061,0,0,Passing Too Closely,4497492,6.3,-3.9,0.0,0.0,0.0,0.0,3,16.9,33.8,270,Overcast,0,0,
66288,2022-01-25 23:30:00,40.689274,-73.92398,0,0,Alcohol Involvement,4497888,6.3,-3.9,0.0,0.0,0.0,0.0,3,16.9,33.8,270,Overcast,0,0,
66289,2022-01-17 03:30:00,40.814144,-73.95571,0,0,Unspecified,4497931,9.7,0.4,33.6,32.8,0.56,12.0,73,54.1,99.7,183,Snow fall: Moderate,0,0,Snowy Conditions
66290,2022-01-21 21:46:00,40.8449,-73.94073,0,0,Unspecified,4497816,-5.3,-11.6,0.0,0.0,0.0,0.0,3,21.9,40.0,2,Overcast,0,0,
66291,2022-01-25 15:20:00,40.86661,-73.890366,0,0,Unspecified,4497364,6.3,-3.9,0.0,0.0,0.0,0.0,3,16.9,33.8,270,Overcast,0,0,
66292,2022-01-21 13:57:00,40.806866,-73.94337,0,0,Other Vehicular,4497829,-5.3,-11.6,0.0,0.0,0.0,0.0,3,21.9,40.0,2,Overcast,0,0,
66293,2022-01-25 14:10:00,40.71714,-73.778046,0,0,Unspecified,4497655,6.3,-3.9,0.0,0.0,0.0,0.0,3,16.9,33.8,270,Overcast,0,0,
66294,2022-01-25 13:50:00,40.760822,-73.99832,0,0,Driver Inattention/Distraction,4497265,6.3,-3.9,0.0,0.0,0.0,0.0,3,16.9,33.8,270,Overcast,0,0,
66295,2022-01-25 18:43:00,40.616985,-74.0275,0,0,Passing or Lane Usage Improper,4497627,6.3,-3.9,0.0,0.0,0.0,0.0,3,16.9,33.8,270,Overcast,0,0,
66296,2022-01-25 08:07:00,40.82709,-73.87405,0,0,Unspecified,4497234,6.3,-3.9,0.0,0.0,0.0,0.0,3,16.9,33.8,270,Overcast,0,0,
66297,2022-01-25 04:30:00,40.710697,-73.984634,0,0,Unspecified,4497308,6.3,-3.9,0.0,0.0,0.0,0.0,3,16.9,33.8,270,Overcast,0,0,
66298,2022-01-25 06:05:00,40.67239,-73.87463,0,0,Unspecified,4497784,6.3,-3.9,0.0,0.0,0.0,0.0,3,16.9,33.8,270,Overcast,0,0,
66299,2022-01-21 16:15:00,40.78848,-73.95114,0,0,Unsafe Speed,4497760,-5.3,-11.6,0.0,0.0,0.0,0.0,3,21.9,40.0,2,Overcast,0,0,
66300,2022-01-25 09:40:00,40.60461,-74.01777,1,0,Unsafe Speed,4497201,6.3,-3.9,0.0,0.0,0.0,0.0,3,16.9,33.8,270,Overcast,1,1,
66301,2022-01-22 12:00:00,40.73426,-73.98356,1,0,Driver Inattention/Distraction,4497820,-1.3,-12.3,0.0,0.0,0.0,0.0,3,18.4,32.8,1,Overcast,1,1,
66302,2022-01-25 19:10:00,40.76242,-73.82752,0,0,Unspecified,4497419,6.3,-3.9,0.0,0.0,0.0,0.0,3,16.9,33.8,270,Overcast,0,0,
66303,2022-01-25 09:30:00,40.66955,-73.94497,1,0,Unsafe Lane Changing,4497912,6.3,-3.9,0.0,0.0,0.0,0.0,3,16.9,33.8,270,Overcast,1,1,
66304,2022-01-25 06:58:00,40.7199,-73.93884,0,0,Driver Inattention/Distraction,4497103,6.3,-3.9,0.0,0.0,0.0,0.0,3,16.9,33.8,270,Overcast,0,0,
66305,2022-01-25 14:27:00,40.82383,-73.87624,1,0,Pavement Slippery,4497505,6.3,-3.9,0.0,0.0,0.0,0.0,3,16.9,33.8,270,Overcast,1,1,
66306,2022-01-25 09:10:00,40.737488,-73.95321,0,0,Passing Too Closely,4497548,6.3,-3.9,0.0,0.0,0.0,0.0,3,16.9,33.8,270,Overcast,0,0,
66307,2022-01-24 11:50:00,40.596256,-73.76684,0,0,Passing or Lane Usage Improper,4497794,0.2,-2.7,0.3,0.0,0.21,2.0,71,15.1,31.0,307,Snow fall: Light,0,0,Snowy Conditions
66308,2022-01-25 13:15:00,40.791615,-73.847855,0,0,Outside Car Distraction,4497399,6.3,-3.9,0.0,0.0,0.0,0.0,3,16.9,33.8,270,Overcast,0,0,
66309,2022-01-25 10:00:00,40.72025,-73.834305,1,0,Following Too Closely,4497192,6.3,-3.9,0.0,0.0,0.0,0.0,3,16.9,33.8,270,Overcast,1,1,
66310,2022-01-17 09:30:00,40.594334,-73.75122,0,0,Unspecified,4497724,9.7,0.4,33.6,32.8,0.56,12.0,73,54.1,99.7,183,Snow fall: Moderate,0,0,Snowy Conditions
66311,2022-01-25 11:30:00,40.661312,-73.849106,1,0,Passing or Lane Usage Improper,4497343,6.3,-3.9,0.0,0.0,0.0,0.0,3,16.9,33.8,270,Overcast,1,1,
66312,2022-01-25 16:25:00,40.67313,-73.75347,0,0,Passing or Lane Usage Improper,4497334,6.3,-3.9,0.0,0.0,0.0,0.0,3,16.9,33.8,270,Overcast,0,0,
66313,2022-01-22 16:56:00,40.72364,-73.755775,0,0,Unspecified,4497750,-1.3,-12.3,0.0,0.0,0.0,0.0,3,18.4,32.8,1,Overcast,0,0,
66314,2022-01-25 17:13:00,40.761223,-73.965836,1,0,Driver Inattention/Distraction,4497387,6.3,-3.9,0.0,0.0,0.0,0.0,3,16.9,33.8,270,Overcast,1,1,
66315,2022-01-25 06:30:00,40.67798,-73.872116,0,0,Unspecified,4497453,6.3,-3.9,0.0,0.0,0.0,0.0,3,16.9,33.8,270,Overcast,0,0,
66316,2022-01-13 07:50:00,40.670277,-73.92542,0,0,Other Vehicular,4497878,7.1,-3.7,0.0,0.0,0.0,0.0,3,9.7,18.7,193,Overcast,0,0,
66317,2022-01-25 14:00:00,40.65463,-73.92201,0,0,View Obstructed/Limited,4497496,6.3,-3.9,0.0,0.0,0.0,0.0,3,16.9,33.8,270,Overcast,0,0,
66318,2022-01-25 05:20:00,40.60487,-74.02955,0,0,Other Vehicular,4497370,6.3,-3.9,0.0,0.0,0.0,0.0,3,16.9,33.8,270,Overcast,0,0,
66319,2022-01-07 00:01:00,40.660362,-73.77553,0,0,Lost Consciousness,4497830,-0.0,-5.7,9.0,0.0,6.3,11.0,75,26.8,48.6,313,Snow fall: Heavy,0,0,Snowy Conditions
66320,2022-01-08 13:14:00,40.74445,-73.97304,0,0,Driver Inattention/Distraction,4497860,-3.3,-8.4,0.0,0.0,0.0,0.0,1,21.6,37.8,277,Mainly clear,0,0,Sunny/Clear Conditions
66321,2021-11-02 04:00:00,40.669735,-73.8085,0,0,Driver Inattention/Distraction,4473478,11.4,7.0,0.6,0.6,0.0,4.0,51,14.1,28.1,271,Drizzle: Light,0,0,
66322,2022-01-25 15:55:00,40.59124,-73.99402,0,0,Unspecified,4497408,6.3,-3.9,0.0,0.0,0.0,0.0,3,16.9,33.8,270,Overcast,0,0,
66323,2022-02-21 20:14:00,40.597813,-74.16708,0,0,Driver Inattention/Distraction,4504604,9.9,-1.9,0.0,0.0,0.0,0.0,3,19.2,35.3,192,Overcast,0,0,
66324,2022-02-21 12:52:00,40.61592,-74.00482,0,0,Passing Too Closely,4504772,9.9,-1.9,0.0,0.0,0.0,0.0,3,19.2,35.3,192,Overcast,0,0,
66325,2022-02-21 08:20:00,40.6094,-73.96031,0,0,Unspecified,4504652,9.9,-1.9,0.0,0.0,0.0,0.0,3,19.2,35.3,192,Overcast,0,0,
66326,2022-02-19 14:00:00,40.75644,-73.87345,0,0,Driver Inattention/Distraction,4505069,3.3,-5.5,0.4,0.0,0.28,4.0,71,35.3,64.4,260,Snow fall: Light,0,0,Snowy Conditions
66327,2022-02-12 21:00:00,40.706738,-73.80625,1,0,Failure to Yield Right-of-Way,4505154,13.1,5.9,0.0,0.0,0.0,0.0,3,25.0,44.3,252,Overcast,1,1,
66328,2022-02-21 17:17:00,40.867554,-73.847206,0,0,Driver Inexperience,4504708,9.9,-1.9,0.0,0.0,0.0,0.0,3,19.2,35.3,192,Overcast,0,0,
66329,2022-02-21 18:30:00,40.756306,-73.8751,0,0,Following Too Closely,4504531,9.9,-1.9,0.0,0.0,0.0,0.0,3,19.2,35.3,192,Overcast,0,0,
66330,2022-02-20 10:50:00,40.682888,-73.78488,0,0,Traffic Control Disregarded,4504991,2.4,-6.6,0.0,0.0,0.0,0.0,3,23.4,44.3,250,Overcast,0,0,
66331,2022-02-18 07:30:00,40.67295,-73.92517,0,0,Oversized Vehicle,4505046,15.6,-2.8,11.9,11.9,0.0,6.0,63,44.1,79.2,261,Rain: Moderate,0,0,
66332,2022-02-21 03:00:00,40.652786,-73.91997,0,0,Driver Inattention/Distraction,4504520,9.9,-1.9,0.0,0.0,0.0,0.0,3,19.2,35.3,192,Overcast,0,0,
66333,2022-02-17 21:25:00,40.56274,-74.11755,0,0,Unspecified,4504939,16.7,5.1,2.2,2.2,0.0,2.0,61,31.8,56.5,201,Rain: Light,0,0,
66334,2022-02-19 14:50:00,40.843903,-73.927284,0,0,Passing or Lane Usage Improper,4505004,3.3,-5.5,0.4,0.0,0.28,4.0,71,35.3,64.4,260,Snow fall: Light,0,0,Snowy Conditions
66335,2022-02-21 15:43:00,40.83623,-73.90741,1,0,Passing or Lane Usage Improper,4504677,9.9,-1.9,0.0,0.0,0.0,0.0,3,19.2,35.3,192,Overcast,1,1,
66336,2022-02-20 04:05:00,40.70453,-73.817245,0,0,Unsafe Lane Changing,4505164,2.4,-6.6,0.0,0.0,0.0,0.0,3,23.4,44.3,250,Overcast,0,0,
66337,2022-02-21 17:22:00,40.790997,-73.94931,0,0,Passing Too Closely,4505060,9.9,-1.9,0.0,0.0,0.0,0.0,3,19.2,35.3,192,Overcast,0,0,
66338,2022-02-21 21:55:00,40.658287,-73.99134,1,0,Unsafe Speed,4504611,9.9,-1.9,0.0,0.0,0.0,0.0,3,19.2,35.3,192,Overcast,1,1,
66339,2022-02-21 16:30:00,40.69182,-73.78779,0,0,Following Too Closely,4504688,9.9,-1.9,0.0,0.0,0.0,0.0,3,19.2,35.3,192,Overcast,0,0,
66340,2022-02-15 00:00:00,40.57799,-73.8354,1,0,Passing Too Closely,4504982,-0.2,-9.2,0.0,0.0,0.0,0.0,3,12.9,28.4,276,Overcast,1,1,
66341,2022-02-21 05:30:00,40.636112,-73.7403,2,0,Failure to Yield Right-of-Way,4504476,9.9,-1.9,0.0,0.0,0.0,0.0,3,19.2,35.3,192,Overcast,2,2,
66342,2022-02-16 16:30:00,40.680798,-73.958405,0,0,Passing or Lane Usage Improper,4505039,6.2,-5.1,0.0,0.0,0.0,0.0,3,21.1,41.0,187,Overcast,0,0,
66343,2022-02-21 16:00:00,40.667835,-73.889984,0,0,Unspecified,4504591,9.9,-1.9,0.0,0.0,0.0,0.0,3,19.2,35.3,192,Overcast,0,0,
66344,2022-01-23 17:30:00,40.59176,-73.79705,0,0,Backing Unsafely,4505011,2.8,-6.1,0.5,0.0,0.35,3.0,71,14.2,28.1,243,Snow fall: Light,0,0,Snowy Conditions
66345,2022-02-21 22:34:00,40.826786,-73.87591,0,0,Unspecified,4504944,9.9,-1.9,0.0,0.0,0.0,0.0,3,19.2,35.3,192,Overcast,0,0,
66346,2022-02-21 13:23:00,40.61751,-74.15156,1,0,Driver Inattention/Distraction,4504857,9.9,-1.9,0.0,0.0,0.0,0.0,3,19.2,35.3,192,Overcast,1,1,
66347,2022-02-07 09:09:00,40.71713,-73.7986,1,0,Driver Inattention/Distraction,4505159,2.8,-4.9,4.3,3.4,0.63,13.0,73,13.7,24.5,7,Snow fall: Moderate,1,1,Snowy Conditions
66348,2023-01-10 07:57:00,40.668358,-73.95592,6,0,Driver Inattention/Distraction,4598778,6.2,0.3,0.0,0.0,0.0,0.0,3,15.6,29.9,285,Overcast,6,6,
66349,2023-01-14 21:15:00,40.729996,-73.84148,0,0,Driver Inattention/Distraction,4598810,2.8,-0.9,0.0,0.0,0.0,0.0,3,25.6,45.7,351,Overcast,0,0,
66350,2022-12-31 17:40:00,40.697758,-73.79333,1,0,Driver Inattention/Distraction,4598697,11.1,5.8,5.5,5.5,0.0,10.0,61,13.8,28.4,208,Rain: Light,1,1,
66351,2023-01-16 10:04:00,40.86455,-73.901955,0,0,Passing Too Closely,4598158,8.0,-2.7,0.0,0.0,0.0,0.0,2,23.4,41.4,339,Partly cloudy,0,0,
66352,2023-01-08 23:41:00,40.863422,-73.93003,0,0,Unspecified,4598624,4.2,-2.3,0.0,0.0,0.0,0.0,3,14.0,24.5,289,Overcast,0,0,
66353,2023-01-10 23:25:00,40.86769,-73.92122,0,0,Driver Inattention/Distraction,4598631,6.2,0.3,0.0,0.0,0.0,0.0,3,15.6,29.9,285,Overcast,0,0,
66354,2023-01-16 19:55:00,40.633694,-73.9777,0,0,Unspecified,4598349,8.0,-2.7,0.0,0.0,0.0,0.0,2,23.4,41.4,339,Partly cloudy,0,0,
66355,2023-01-11 16:58:00,40.763275,-73.93134,1,0,Backing Unsafely,4598623,3.3,-1.5,0.0,0.0,0.0,0.0,3,13.2,23.4,50,Overcast,1,1,
66356,2023-01-13 17:47:00,40.82092,-73.94333,1,0,Other Vehicular,4598856,12.6,3.1,2.2,2.2,0.0,12.0,53,26.2,47.2,243,Drizzle: Moderate,1,1,
66357,2023-01-16 23:30:00,40.74818,-73.89499,0,0,Alcohol Involvement,4598467,8.0,-2.7,0.0,0.0,0.0,0.0,2,23.4,41.4,339,Partly cloudy,0,0,
66358,2022-11-09 00:59:00,40.82977,-73.93685,0,0,Unspecified,4598867,10.5,4.1,0.0,0.0,0.0,0.0,3,18.3,32.0,42,Overcast,0,0,
66359,2023-01-16 05:35:00,40.723274,-73.937416,0,0,Driver Inattention/Distraction,4598039,8.0,-2.7,0.0,0.0,0.0,0.0,2,23.4,41.4,339,Partly cloudy,0,0,
66360,2023-01-14 14:11:00,40.596786,-73.79272,0,0,Driver Inattention/Distraction,4598795,2.8,-0.9,0.0,0.0,0.0,0.0,3,25.6,45.7,351,Overcast,0,0,
66361,2023-01-16 15:00:00,40.65198,-74.006836,1,0,Backing Unsafely,4598690,8.0,-2.7,0.0,0.0,0.0,0.0,2,23.4,41.4,339,Partly cloudy,1,1,
66362,2023-01-16 06:55:00,40.778614,-73.83887,0,0,Driver Inattention/Distraction,4598260,8.0,-2.7,0.0,0.0,0.0,0.0,2,23.4,41.4,339,Partly cloudy,0,0,
66363,2023-01-16 15:08:00,40.65187,-73.90456,0,0,Passing Too Closely,4598265,8.0,-2.7,0.0,0.0,0.0,0.0,2,23.4,41.4,339,Partly cloudy,0,0,
66364,2023-01-16 15:30:00,40.670403,-73.85629,1,0,Glare,4598289,8.0,-2.7,0.0,0.0,0.0,0.0,2,23.4,41.4,339,Partly cloudy,1,1,
66365,2023-01-11 01:20:00,40.80087,-73.94098,0,0,Unspecified,4598682,3.3,-1.5,0.0,0.0,0.0,0.0,3,13.2,23.4,50,Overcast,0,0,
66366,2023-01-16 17:08:00,40.738415,-73.84899,0,0,Driver Inattention/Distraction,4598329,8.0,-2.7,0.0,0.0,0.0,0.0,2,23.4,41.4,339,Partly cloudy,0,0,
66367,2023-01-11 23:00:00,40.584625,-73.94713,0,0,Driver Inexperience,4598719,3.3,-1.5,0.0,0.0,0.0,0.0,3,13.2,23.4,50,Overcast,0,0,
66368,2023-01-16 01:45:00,40.607655,-74.01703,1,0,Traffic Control Disregarded,4598167,8.0,-2.7,0.0,0.0,0.0,0.0,2,23.4,41.4,339,Partly cloudy,1,1,
66369,2023-01-16 16:46:00,40.7731,-73.84566,0,0,Driver Inattention/Distraction,4598662,8.0,-2.7,0.0,0.0,0.0,0.0,2,23.4,41.4,339,Partly cloudy,0,0,
66370,2022-12-31 00:00:00,40.700695,-73.7832,0,0,Illnes,4598702,11.1,5.8,5.5,5.5,0.0,10.0,61,13.8,28.4,208,Rain: Light,0,0,
66371,2022-11-19 12:00:00,40.80612,-73.91796,1,0,Driver Inexperience,4598775,4.1,-1.9,0.0,0.0,0.0,0.0,2,19.2,37.4,250,Partly cloudy,1,1,
66372,2023-01-16 14:30:00,40.735565,-73.716545,0,0,Unspecified,4598188,8.0,-2.7,0.0,0.0,0.0,0.0,2,23.4,41.4,339,Partly cloudy,0,0,
66373,2022-09-24 13:10:00,40.794132,-73.94282,1,0,Unsafe Speed,4567885,20.6,9.5,0.0,0.0,0.0,0.0,3,18.8,37.4,295,Overcast,1,1,
66374,2023-01-16 14:50:00,40.67603,-74.01666,0,0,Passing Too Closely,4598288,8.0,-2.7,0.0,0.0,0.0,0.0,2,23.4,41.4,339,Partly cloudy,0,0,
66375,2023-01-16 14:24:00,40.780853,-73.95672,1,0,Unspecified,4598309,8.0,-2.7,0.0,0.0,0.0,0.0,2,23.4,41.4,339,Partly cloudy,1,1,
66376,2023-01-16 23:20:00,40.745327,-73.922066,1,0,Driver Inattention/Distraction,4598581,8.0,-2.7,0.0,0.0,0.0,0.0,2,23.4,41.4,339,Partly cloudy,1,1,
66377,2023-01-12 13:15:00,40.72543,-73.99678,0,0,Unspecified,4598789,10.1,-0.6,10.8,10.8,0.0,13.0,63,20.1,36.7,117,Rain: Moderate,0,0,
66378,2023-01-16 14:00:00,40.712673,-73.81427,0,0,Driver Inattention/Distraction,4598249,8.0,-2.7,0.0,0.0,0.0,0.0,2,23.4,41.4,339,Partly cloudy,0,0,
66379,2023-01-16 12:10:00,40.644535,-73.99427,0,0,Unspecified,4598346,8.0,-2.7,0.0,0.0,0.0,0.0,2,23.4,41.4,339,Partly cloudy,0,0,
66380,2023-01-16 05:35:00,40.763344,-73.75791,0,0,Unspecified,4598148,8.0,-2.7,0.0,0.0,0.0,0.0,2,23.4,41.4,339,Partly cloudy,0,0,
66381,2023-01-16 16:00:00,40.603275,-73.99606,0,0,Alcohol Involvement,4598300,8.0,-2.7,0.0,0.0,0.0,0.0,2,23.4,41.4,339,Partly cloudy,0,0,
66382,2023-01-15 09:00:00,40.892708,-73.84455,0,0,Failure to Yield Right-of-Way,4598652,4.7,-2.1,0.0,0.0,0.0,0.0,3,29.5,53.6,354,Overcast,0,0,
66383,2023-01-16 11:10:00,40.670532,-73.72954,1,0,Driver Inattention/Distraction,4598294,8.0,-2.7,0.0,0.0,0.0,0.0,2,23.4,41.4,339,Partly cloudy,1,1,
66384,2023-01-15 14:50:00,40.673786,-73.76381,0,0,Driver Inexperience,4598854,4.7,-2.1,0.0,0.0,0.0,0.0,3,29.5,53.6,354,Overcast,0,0,
66385,2023-01-12 10:00:00,40.583057,-73.973114,0,0,Unsafe Speed,4598720,10.1,-0.6,10.8,10.8,0.0,13.0,63,20.1,36.7,117,Rain: Moderate,0,0,
66386,2023-01-16 05:40:00,40.515926,-74.19682,0,0,Unspecified,4598406,8.0,-2.7,0.0,0.0,0.0,0.0,2,23.4,41.4,339,Partly cloudy,0,0,
66387,2023-01-16 14:00:00,40.703667,-73.9269,0,0,Driver Inattention/Distraction,4598758,8.0,-2.7,0.0,0.0,0.0,0.0,2,23.4,41.4,339,Partly cloudy,0,0,
66388,2023-01-16 13:30:00,40.706554,-73.791855,0,0,Unspecified,4598696,8.0,-2.7,0.0,0.0,0.0,0.0,2,23.4,41.4,339,Partly cloudy,0,0,
66389,2023-01-16 17:18:00,40.894875,-73.88219,0,0,Unspecified,4598558,8.0,-2.7,0.0,0.0,0.0,0.0,2,23.4,41.4,339,Partly cloudy,0,0,
66390,2023-01-16 16:45:00,40.750015,-73.991356,1,0,Following Too Closely,4598822,8.0,-2.7,0.0,0.0,0.0,0.0,2,23.4,41.4,339,Partly cloudy,1,1,
66391,2023-01-16 18:45:00,40.882217,-73.88046,0,0,Turning Improperly,4598374,8.0,-2.7,0.0,0.0,0.0,0.0,2,23.4,41.4,339,Partly cloudy,0,0,
66392,2022-12-10 12:30:00,40.815533,-73.91861,1,0,,4598845,4.8,-1.8,0.0,0.0,0.0,0.0,3,17.4,32.4,32,Overcast,1,1,
66393,2023-01-16 21:00:00,40.85429,-73.90027,0,0,Driver Inattention/Distraction,4598354,8.0,-2.7,0.0,0.0,0.0,0.0,2,23.4,41.4,339,Partly cloudy,0,0,
66394,2023-01-16 03:50:00,40.65616,-73.76736,0,0,Fell Asleep,4598119,8.0,-2.7,0.0,0.0,0.0,0.0,2,23.4,41.4,339,Partly cloudy,0,0,
66395,2023-01-12 17:05:00,40.822933,-73.93813,0,0,Unspecified,4598869,10.1,-0.6,10.8,10.8,0.0,13.0,63,20.1,36.7,117,Rain: Moderate,0,0,
66396,2023-01-16 13:10:00,40.615078,-73.94223,0,0,View Obstructed/Limited,4598276,8.0,-2.7,0.0,0.0,0.0,0.0,2,23.4,41.4,339,Partly cloudy,0,0,
66397,2023-01-16 07:25:00,40.673477,-73.791534,0,0,Fell Asleep,4598440,8.0,-2.7,0.0,0.0,0.0,0.0,2,23.4,41.4,339,Partly cloudy,0,0,
66398,2022-12-19 23:24:00,40.759842,-73.984184,0,0,Oversized Vehicle,4598804,3.4,-2.3,0.0,0.0,0.0,0.0,2,22.6,42.8,287,Partly cloudy,0,0,
66399,2023-01-16 05:00:00,40.88974,-73.84591,0,0,Unspecified,4598459,8.0,-2.7,0.0,0.0,0.0,0.0,2,23.4,41.4,339,Partly cloudy,0,0,
66400,2023-01-16 23:54:00,40.65686,-73.92703,1,0,Unspecified,4598642,8.0,-2.7,0.0,0.0,0.0,0.0,2,23.4,41.4,339,Partly cloudy,1,1,
66401,2022-04-13 15:50:00,40.687016,-73.77487,0,0,Reaction to Uninvolved Vehicle,4518991,18.9,7.1,0.0,0.0,0.0,0.0,3,18.7,37.4,112,Overcast,0,0,
66402,2023-01-14 20:00:00,40.758183,-73.98998,0,0,Unspecified,4598812,2.8,-0.9,0.0,0.0,0.0,0.0,3,25.6,45.7,351,Overcast,0,0,
66403,2023-01-16 22:30:00,40.729736,-73.833725,0,0,Other Vehicular,4598416,8.0,-2.7,0.0,0.0,0.0,0.0,2,23.4,41.4,339,Partly cloudy,0,0,
66404,2023-01-16 09:29:00,40.720238,-73.94441,1,0,Oversized Vehicle,4598335,8.0,-2.7,0.0,0.0,0.0,0.0,2,23.4,41.4,339,Partly cloudy,1,1,
66405,2023-01-12 04:00:00,40.627647,-74.1052,0,0,Unspecified,4598859,10.1,-0.6,10.8,10.8,0.0,13.0,63,20.1,36.7,117,Rain: Moderate,0,0,
66406,2023-01-16 07:00:00,40.821198,-73.93567,0,0,Driver Inattention/Distraction,4598875,8.0,-2.7,0.0,0.0,0.0,0.0,2,23.4,41.4,339,Partly cloudy,0,0,
66407,2022-12-30 14:00:00,40.81189,-73.888,0,0,Unspecified,4598671,13.1,2.1,0.0,0.0,0.0,0.0,3,13.7,25.9,211,Overcast,0,0,
66408,2023-01-09 08:40:00,40.655113,-73.9613,1,0,Driver Inexperience,4598783,6.9,0.6,1.7,0.9,0.56,5.0,73,17.2,32.0,282,Snow fall: Moderate,1,1,Snowy Conditions
66409,2023-01-04 01:40:00,40.8468,-73.931854,0,0,Driver Inattention/Distraction,4598625,17.6,10.5,2.1,2.1,0.0,4.0,53,17.3,31.3,215,Drizzle: Moderate,0,0,
66410,2022-12-16 10:30:00,40.841324,-73.85155,0,0,Unspecified,4598826,6.4,3.1,17.9,16.4,1.05,22.0,75,33.6,59.8,36,Snow fall: Heavy,0,0,Snowy Conditions
66411,2023-01-10 10:25:00,40.857414,-73.92282,0,0,Passing or Lane Usage Improper,4598632,6.2,0.3,0.0,0.0,0.0,0.0,3,15.6,29.9,285,Overcast,0,0,
66412,2023-01-16 14:30:00,40.73919,-73.744865,0,0,Unspecified,4598832,8.0,-2.7,0.0,0.0,0.0,0.0,2,23.4,41.4,339,Partly cloudy,0,0,
66413,2023-01-16 02:50:00,40.801857,-73.957245,0,0,Driver Inattention/Distraction,4598066,8.0,-2.7,0.0,0.0,0.0,0.0,2,23.4,41.4,339,Partly cloudy,0,0,
66414,2023-01-15 19:18:00,40.63759,-74.08006,0,0,Alcohol Involvement,4598860,4.7,-2.1,0.0,0.0,0.0,0.0,3,29.5,53.6,354,Overcast,0,0,
66415,2023-01-16 12:30:00,40.5763,-73.96854,0,0,Other Vehicular,4598373,8.0,-2.7,0.0,0.0,0.0,0.0,2,23.4,41.4,339,Partly cloudy,0,0,
66416,2023-01-12 08:10:00,40.609985,-74.10179,0,0,Driver Inattention/Distraction,4598691,10.1,-0.6,10.8,10.8,0.0,13.0,63,20.1,36.7,117,Rain: Moderate,0,0,
66417,2023-01-16 17:23:00,40.64509,-73.90637,0,0,Driver Inattention/Distraction,4598266,8.0,-2.7,0.0,0.0,0.0,0.0,2,23.4,41.4,339,Partly cloudy,0,0,
66418,2023-01-14 21:00:00,40.758545,-73.833145,0,0,Unspecified,4598684,2.8,-0.9,0.0,0.0,0.0,0.0,3,25.6,45.7,351,Overcast,0,0,
66419,2023-01-09 09:50:00,40.815,-73.945045,0,0,Driver Inattention/Distraction,4598882,6.9,0.6,1.7,0.9,0.56,5.0,73,17.2,32.0,282,Snow fall: Moderate,0,0,Snowy Conditions
66420,2023-01-14 04:35:00,40.83091,-73.92047,0,0,Turning Improperly,4598807,2.8,-0.9,0.0,0.0,0.0,0.0,3,25.6,45.7,351,Overcast,0,0,
66421,2023-01-16 08:20:00,40.697544,-73.982254,0,0,Unspecified,4598547,8.0,-2.7,0.0,0.0,0.0,0.0,2,23.4,41.4,339,Partly cloudy,0,0,