,CRASH DATETIME,LATITUDE,LONGITUDE,NUMBER OF PERSONS INJURED,NUMBER OF PERSONS KILLED,CONTRIBUTING FACTOR VEHICLE 1,COLLISION_ID,temperature_2m_max,temperature_2m_min,precipitation_sum,rain_sum,snowfall_sum,precipitation_hours,weather_code,wind_speed_10m_max,wind_gusts_10m_max,wind_direction_10m_dominant,Weather Description,Severity_Score,Total_Affected_Persons,Weather_Category
66422,2023-01-16 16:49:00,40.722054,-73.84716,1,0,Backing Unsafely,4598612,8.0,-2.7,0.0,0.0,0.0,0.0,2,23.4,41.4,339,Partly cloudy,1,1,
66423,2023-01-10 16:30:00,40.668224,-73.953445,1,0,Driver Inattention/Distraction,4598779,6.2,0.3,0.0,0.0,0.0,0.0,3,15.6,29.9,285,Overcast,1,1,
66424,2023-01-16 13:15:00,40.83801,-73.87329,0,0,Following Too Closely,4598653,8.0,-2.7,0.0,0.0,0.0,0.0,2,23.4,41.4,339,Partly cloudy,0,0,
66425,2023-01-16 18:35:00,40.760284,-73.769356,0,0,Failure to Yield Right-of-Way,4598293,8.0,-2.7,0.0,0.0,0.0,0.0,2,23.4,41.4,339,Partly cloudy,0,0,
66426,2023-01-16 09:50:00,40.73093,-73.864586,1,0,Failure to Yield Right-of-Way,4598324,8.0,-2.7,0.0,0.0,0.0,0.0,2,23.4,41.4,339,Partly cloudy,1,1,
66427,2023-01-16 09:40:00,40.637115,-73.91078,2,0,Driver Inexperience,4598179,8.0,-2.7,0.0,0.0,0.0,0.0,2,23.4,41.4,339,Partly cloudy,2,2,
66428,2023-01-03 13:57:00,40.894547,-73.86104,0,0,Backing Unsafely,4598664,12.9,7.0,11.9,11.9,0.0,10.0,63,19.4,32.4,194,Rain: Moderate,0,0,
66429,2023-01-16 08:00:00,40.674465,-73.84942,0,0,Passing or Lane Usage Improper,4598296,8.0,-2.7,0.0,0.0,0.0,0.0,2,23.4,41.4,339,Partly cloudy,0,0,
66430,2023-01-16 15:32:00,40.772877,-73.993416,0,0,Unspecified,4598337,8.0,-2.7,0.0,0.0,0.0,0.0,2,23.4,41.4,339,Partly cloudy,0,0,
66431,2023-01-16 16:35:00,40.6276,-74.17171,0,0,Glare,4598784,8.0,-2.7,0.0,0.0,0.0,0.0,2,23.4,41.4,339,Partly cloudy,0,0,
66432,2023-01-16 17:46:00,40.702343,-73.90938,1,0,Following Too Closely,4598705,8.0,-2.7,0.0,0.0,0.0,0.0,2,23.4,41.4,339,Partly cloudy,1,1,
66433,2023-01-13 12:00:00,40.74458,-73.91557,1,0,Failure to Yield Right-of-Way,4598721,12.6,3.1,2.2,2.2,0.0,12.0,53,26.2,47.2,243,Drizzle: Moderate,1,1,
66434,2023-01-16 12:08:00,40.618656,-74.0199,0,0,Glare,4598165,8.0,-2.7,0.0,0.0,0.0,0.0,2,23.4,41.4,339,Partly cloudy,0,0,
66435,2023-01-13 19:30:00,40.785156,-73.97901,0,0,Driver Inattention/Distraction,4598622,12.6,3.1,2.2,2.2,0.0,12.0,53,26.2,47.2,243,Drizzle: Moderate,0,0,
66436,2023-01-16 09:10:00,40.729866,-73.87733,2,0,Driver Inattention/Distraction,4598257,8.0,-2.7,0.0,0.0,0.0,0.0,2,23.4,41.4,339,Partly cloudy,2,2,
66437,2023-01-13 19:50:00,40.72611,-73.85847,0,0,Fell Asleep,4598670,12.6,3.1,2.2,2.2,0.0,12.0,53,26.2,47.2,243,Drizzle: Moderate,0,0,
66438,2023-01-16 08:00:00,40.753788,-73.744286,1,0,Following Too Closely,4598146,8.0,-2.7,0.0,0.0,0.0,0.0,2,23.4,41.4,339,Partly cloudy,1,1,
66439,2023-01-16 17:30:00,40.62638,-73.97513,0,0,Unspecified,4598348,8.0,-2.7,0.0,0.0,0.0,0.0,2,23.4,41.4,339,Partly cloudy,0,0,
66440,2023-01-14 17:50:00,40.72773,-73.90674,0,0,Unspecified,4598701,2.8,-0.9,0.0,0.0,0.0,0.0,3,25.6,45.7,351,Overcast,0,0,
66441,2023-01-16 16:15:00,40.85559,-73.886536,0,0,Backing Unsafely,4598649,8.0,-2.7,0.0,0.0,0.0,0.0,2,23.4,41.4,339,Partly cloudy,0,0,
66442,2023-01-16 16:15:00,40.65888,-73.894104,1,0,Unspecified,4598287,8.0,-2.7,0.0,0.0,0.0,0.0,2,23.4,41.4,339,Partly cloudy,1,1,
66443,2022-07-26 06:30:00,40.812283,-73.95122,2,0,Driver Inattention/Distraction,4598874,29.2,20.1,0.0,0.0,0.0,0.0,3,19.5,38.9,277,Overcast,2,2,
66444,2022-01-06 22:07:00,40.850475,-73.890945,1,0,Other Vehicular,4598849,4.1,-0.7,0.0,0.0,0.0,0.0,3,20.2,38.2,269,Overcast,1,1,
66445,2023-04-23 06:40:00,40.884033,-73.89797,1,0,Turning Improperly,4624368,18.3,10.9,20.4,20.4,0.0,14.0,63,18.4,36.7,291,Rain: Moderate,1,1,
66446,2023-01-16 17:50:00,40.556923,-74.17485,0,0,Following Too Closely,4598407,8.0,-2.7,0.0,0.0,0.0,0.0,2,23.4,41.4,339,Partly cloudy,0,0,
66447,2023-01-16 04:20:00,40.665375,-73.934235,2,0,Driver Inattention/Distraction,4598788,8.0,-2.7,0.0,0.0,0.0,0.0,2,23.4,41.4,339,Partly cloudy,2,2,
66448,2023-01-14 08:06:00,40.74715,-73.985504,1,0,Failure to Yield Right-of-Way,4598820,2.8,-0.9,0.0,0.0,0.0,0.0,3,25.6,45.7,351,Overcast,1,1,
66449,2023-01-16 17:25:00,40.719433,-73.99116,0,0,Driver Inattention/Distraction,4598463,8.0,-2.7,0.0,0.0,0.0,0.0,2,23.4,41.4,339,Partly cloudy,0,0,
66450,2023-01-16 05:49:00,40.74701,-73.977196,1,0,Driver Inattention/Distraction,4598281,8.0,-2.7,0.0,0.0,0.0,0.0,2,23.4,41.4,339,Partly cloudy,1,1,
66451,2023-01-16 14:30:00,40.651863,-73.86536,5,0,Following Too Closely,4598244,8.0,-2.7,0.0,0.0,0.0,0.0,2,23.4,41.4,339,Partly cloudy,5,5,
66452,2022-09-11 16:00:00,40.558655,-74.11478,1,0,Driver Inattention/Distraction,4566637,24.5,18.9,12.9,12.9,0.0,13.0,61,12.4,22.0,205,Rain: Light,1,1,
66453,2022-09-25 05:46:00,40.8122,-73.94226,0,0,Driver Inattention/Distraction,4567314,23.8,11.8,0.3,0.3,0.0,1.0,51,22.2,41.0,207,Drizzle: Light,0,0,
66454,2022-09-22 15:00:00,40.733116,-73.87058,0,0,Driver Inattention/Distraction,4568046,24.9,14.3,9.1,9.1,0.0,7.0,63,24.6,44.6,273,Rain: Moderate,0,0,
66455,2022-09-25 22:04:00,40.67221,-73.734634,0,0,Following Too Closely,4567594,23.8,11.8,0.3,0.3,0.0,1.0,51,22.2,41.0,207,Drizzle: Light,0,0,
66456,2022-09-25 07:00:00,40.848606,-73.91397,0,0,Unspecified,4567423,23.8,11.8,0.3,0.3,0.0,1.0,51,22.2,41.0,207,Drizzle: Light,0,0,
66457,2022-06-20 16:45:00,40.694973,-73.76759,1,0,Failure to Yield Right-of-Way,4539302,26.5,12.9,0.0,0.0,0.0,0.0,3,18.4,31.7,308,Overcast,1,1,
66458,2022-09-25 03:50:00,40.762287,-73.97027,0,0,Unspecified,4568012,23.8,11.8,0.3,0.3,0.0,1.0,51,22.2,41.0,207,Drizzle: Light,0,0,
66459,2022-06-26 11:57:00,40.764256,-73.923294,1,0,Driver Inattention/Distraction,4540953,30.8,19.9,0.0,0.0,0.0,0.0,3,30.9,55.8,188,Overcast,1,1,
66460,2022-06-24 12:00:00,40.578987,-73.97531,0,0,Other Vehicular,4543943,26.7,14.6,1.0,1.0,0.0,6.0,51,19.2,37.4,204,Drizzle: Light,0,0,
66461,2022-07-03 13:30:00,40.84274,-73.854485,1,0,Driver Inattention/Distraction,4544141,31.2,21.0,0.0,0.0,0.0,0.0,3,15.8,31.3,341,Overcast,1,1,
66462,2022-07-08 11:25:00,40.735012,-73.86625,0,0,Driver Inattention/Distraction,4544941,29.6,19.3,1.8,1.8,0.0,8.0,51,15.0,31.0,187,Drizzle: Light,0,0,
66463,2022-07-06 19:00:00,40.670494,-73.78359,1,0,Passing or Lane Usage Improper,4544059,31.6,21.7,0.2,0.2,0.0,1.0,51,19.0,37.1,299,Drizzle: Light,1,1,
66464,2022-07-04 10:35:00,40.69309,-73.94296,1,0,Traffic Control Disregarded,4544921,30.9,17.5,0.0,0.0,0.0,0.0,3,15.4,27.4,302,Overcast,1,1,
66465,2022-06-10 11:35:00,40.808105,-73.952675,1,0,Driver Inattention/Distraction,4544575,26.1,15.1,0.0,0.0,0.0,0.0,3,21.9,38.5,289,Overcast,1,1,
66466,2022-07-04 23:08:00,40.71181,-73.78785,0,0,Driver Inattention/Distraction,4545171,30.9,17.5,0.0,0.0,0.0,0.0,3,15.4,27.4,302,Overcast,0,0,
66467,2022-07-06 22:30:00,40.801125,-73.92988,1,0,Following Too Closely,4544136,31.6,21.7,0.2,0.2,0.0,1.0,51,19.0,37.1,299,Drizzle: Light,1,1,
66468,2022-07-07 23:08:00,40.708843,-74.00251,0,0,Unspecified,4544700,27.5,20.1,0.0,0.0,0.0,0.0,3,19.1,37.4,110,Overcast,0,0,
66469,2022-07-05 05:20:00,40.721172,-73.99658,0,0,Following Too Closely,4544557,30.0,20.3,0.5,0.5,0.0,2.0,51,30.4,56.5,191,Drizzle: Light,0,0,
66470,2022-07-07 16:37:00,40.73197,-73.78651,0,0,Driver Inattention/Distraction,4544543,27.5,20.1,0.0,0.0,0.0,0.0,3,19.1,37.4,110,Overcast,0,0,
66471,2022-07-04 04:05:00,40.68039,-73.94956,1,0,Passing or Lane Usage Improper,4544920,30.9,17.5,0.0,0.0,0.0,0.0,3,15.4,27.4,302,Overcast,1,1,
66472,2022-07-07 17:13:00,40.86516,-73.84076,1,0,Unspecified,4544459,27.5,20.1,0.0,0.0,0.0,0.0,3,19.1,37.4,110,Overcast,1,1,
66473,2022-07-06 12:10:00,40.756317,-73.83369,0,0,Pedestrian/Bicyclist/Other Pedestrian Error/Confusion,4544754,31.6,21.7,0.2,0.2,0.0,1.0,51,19.0,37.1,299,Drizzle: Light,0,0,
66474,2022-07-08 19:45:00,40.71576,-73.74655,1,0,Following Too Closely,4544685,29.6,19.3,1.8,1.8,0.0,8.0,51,15.0,31.0,187,Drizzle: Light,1,1,
66475,2022-07-02 05:15:00,40.909607,-73.8987,0,0,Traffic Control Disregarded,4544444,30.8,23.1,4.0,4.0,0.0,5.0,61,19.4,40.0,229,Rain: Light,0,0,
66476,2022-07-05 13:32:00,40.593994,-73.98072,1,0,Driver Inattention/Distraction,4545203,30.0,20.3,0.5,0.5,0.0,2.0,51,30.4,56.5,191,Drizzle: Light,1,1,
66477,2022-07-08 17:55:00,40.59121,-74.1651,1,0,Driver Inattention/Distraction,4544818,29.6,19.3,1.8,1.8,0.0,8.0,51,15.0,31.0,187,Drizzle: Light,1,1,
66478,2022-07-06 21:20:00,40.562134,-74.11819,1,0,Passing or Lane Usage Improper,4544968,31.6,21.7,0.2,0.2,0.0,1.0,51,19.0,37.1,299,Drizzle: Light,1,1,
66479,2022-07-08 00:05:00,40.647125,-73.9615,1,0,Unspecified,4544702,29.6,19.3,1.8,1.8,0.0,8.0,51,15.0,31.0,187,Drizzle: Light,1,1,
66480,2022-07-05 00:00:00,40.755398,-73.77654,1,0,Driver Inattention/Distraction,4544618,30.0,20.3,0.5,0.5,0.0,2.0,51,30.4,56.5,191,Drizzle: Light,1,1,
66481,2022-07-06 09:35:00,40.651104,-73.94381,0,0,Unspecified,4544320,31.6,21.7,0.2,0.2,0.0,1.0,51,19.0,37.1,299,Drizzle: Light,0,0,
66482,2022-07-08 21:07:00,40.835827,-73.828804,0,0,Unspecified,4544762,29.6,19.3,1.8,1.8,0.0,8.0,51,15.0,31.0,187,Drizzle: Light,0,0,
66483,2022-07-08 15:50:00,40.756035,-73.98695,0,0,Unsafe Lane Changing,4544861,29.6,19.3,1.8,1.8,0.0,8.0,51,15.0,31.0,187,Drizzle: Light,0,0,
66484,2022-07-04 01:53:00,40.676094,-73.94992,0,0,Driver Inattention/Distraction,4544990,30.9,17.5,0.0,0.0,0.0,0.0,3,15.4,27.4,302,Overcast,0,0,
66485,2022-07-07 21:00:00,40.669125,-73.74369,0,0,Unspecified,4544413,27.5,20.1,0.0,0.0,0.0,0.0,3,19.1,37.4,110,Overcast,0,0,
66486,2022-07-07 14:30:00,40.860317,-73.90937,0,0,Unsafe Speed,4544486,27.5,20.1,0.0,0.0,0.0,0.0,3,19.1,37.4,110,Overcast,0,0,
66487,2022-07-08 12:15:00,40.75245,-73.94507,0,0,Driver Inattention/Distraction,4545137,29.6,19.3,1.8,1.8,0.0,8.0,51,15.0,31.0,187,Drizzle: Light,0,0,
66488,2022-07-06 04:50:00,40.805042,-73.936935,0,0,Unspecified,4543823,31.6,21.7,0.2,0.2,0.0,1.0,51,19.0,37.1,299,Drizzle: Light,0,0,
66489,2022-07-02 21:30:00,40.83313,-73.85765,0,0,Driver Inexperience,4544659,30.8,23.1,4.0,4.0,0.0,5.0,61,19.4,40.0,229,Rain: Light,0,0,
66490,2022-07-07 00:10:00,40.728733,-73.73717,1,0,Failure to Yield Right-of-Way,4544191,27.5,20.1,0.0,0.0,0.0,0.0,3,19.1,37.4,110,Overcast,1,1,
66491,2022-07-08 14:40:00,40.611366,-74.03488,0,0,Backing Unsafely,4544650,29.6,19.3,1.8,1.8,0.0,8.0,51,15.0,31.0,187,Drizzle: Light,0,0,
66492,2022-07-08 19:45:00,40.643246,-73.94877,1,0,Unspecified,4544746,29.6,19.3,1.8,1.8,0.0,8.0,51,15.0,31.0,187,Drizzle: Light,1,1,
66493,2022-07-08 10:44:00,40.786175,-73.9457,0,0,Unspecified,4544904,29.6,19.3,1.8,1.8,0.0,8.0,51,15.0,31.0,187,Drizzle: Light,0,0,
66494,2022-07-05 16:00:00,40.854366,-73.88437,1,0,Driver Inattention/Distraction,4544479,30.0,20.3,0.5,0.5,0.0,2.0,51,30.4,56.5,191,Drizzle: Light,1,1,
66495,2022-07-08 16:25:00,40.75219,-73.99347,0,0,Failure to Yield Right-of-Way,4544982,29.6,19.3,1.8,1.8,0.0,8.0,51,15.0,31.0,187,Drizzle: Light,0,0,
66496,2022-07-08 02:00:00,40.59907,-73.90498,2,0,Unsafe Speed,4544386,29.6,19.3,1.8,1.8,0.0,8.0,51,15.0,31.0,187,Drizzle: Light,2,2,
66497,2022-07-06 20:20:00,40.668125,-73.90358,2,0,Unspecified,4544880,31.6,21.7,0.2,0.2,0.0,1.0,51,19.0,37.1,299,Drizzle: Light,2,2,
66498,2022-07-06 08:40:00,40.768127,-73.87625,1,0,Driver Inattention/Distraction,4543865,31.6,21.7,0.2,0.2,0.0,1.0,51,19.0,37.1,299,Drizzle: Light,1,1,
66499,2022-07-07 19:50:00,40.82097,-73.892296,1,0,Aggressive Driving/Road Rage,4544595,27.5,20.1,0.0,0.0,0.0,0.0,3,19.1,37.4,110,Overcast,1,1,
66500,2021-11-02 19:23:00,40.836685,-73.8889,0,0,Unspecified,4474136,11.4,7.0,0.6,0.6,0.0,4.0,51,14.1,28.1,271,Drizzle: Light,0,0,
66501,2022-07-07 13:15:00,40.82674,-73.8879,2,0,Unspecified,4544594,27.5,20.1,0.0,0.0,0.0,0.0,3,19.1,37.4,110,Overcast,2,2,
66502,2022-07-06 20:53:00,40.68798,-73.9678,2,0,Driver Inattention/Distraction,4544030,31.6,21.7,0.2,0.2,0.0,1.0,51,19.0,37.1,299,Drizzle: Light,2,2,
66503,2022-07-06 06:00:00,40.59455,-73.997574,2,0,Unspecified,4544244,31.6,21.7,0.2,0.2,0.0,1.0,51,19.0,37.1,299,Drizzle: Light,2,2,
66504,2022-07-07 18:43:00,40.73347,-73.73614,0,0,Failure to Yield Right-of-Way,4544730,27.5,20.1,0.0,0.0,0.0,0.0,3,19.1,37.4,110,Overcast,0,0,
66505,2022-07-05 20:51:00,40.67308,-73.91124,1,0,Driver Inattention/Distraction,4545066,30.0,20.3,0.5,0.5,0.0,2.0,51,30.4,56.5,191,Drizzle: Light,1,1,
66506,2022-07-07 00:40:00,40.632885,-73.94771,1,0,Unspecified,4544692,27.5,20.1,0.0,0.0,0.0,0.0,3,19.1,37.4,110,Overcast,1,1,
66507,2022-07-08 23:40:00,40.759197,-73.98463,1,0,Failure to Yield Right-of-Way,4545026,29.6,19.3,1.8,1.8,0.0,8.0,51,15.0,31.0,187,Drizzle: Light,1,1,
66508,2022-07-07 17:15:00,40.63013,-73.89727,0,0,Unspecified,4545146,27.5,20.1,0.0,0.0,0.0,0.0,3,19.1,37.4,110,Overcast,0,0,
66509,2022-07-02 14:08:00,40.713917,-73.92265,1,0,Passing or Lane Usage Improper,4544550,30.8,23.1,4.0,4.0,0.0,5.0,61,19.4,40.0,229,Rain: Light,1,1,
66510,2022-06-10 02:10:00,40.753994,-73.8687,0,0,Driver Inattention/Distraction,4544788,26.1,15.1,0.0,0.0,0.0,0.0,3,21.9,38.5,289,Overcast,0,0,
66511,2022-09-23 10:21:00,40.69056,-73.98511,1,0,Driver Inattention/Distraction,4567970,16.4,10.0,0.0,0.0,0.0,0.0,0,31.1,56.9,323,Clear sky,1,1,Sunny/Clear Conditions
66512,2022-07-08 00:01:00,40.706966,-73.75283,1,0,Traffic Control Disregarded,4544973,29.6,19.3,1.8,1.8,0.0,8.0,51,15.0,31.0,187,Drizzle: Light,1,1,
66513,2022-07-07 17:40:00,40.763245,-73.75806,0,0,Driver Inattention/Distraction,4544332,27.5,20.1,0.0,0.0,0.0,0.0,3,19.1,37.4,110,Overcast,0,0,
66514,2022-07-08 14:00:00,40.8396,-73.929474,0,0,Reaction to Uninvolved Vehicle,4544614,29.6,19.3,1.8,1.8,0.0,8.0,51,15.0,31.0,187,Drizzle: Light,0,0,
66515,2022-07-06 08:40:00,40.522366,-74.21674,0,0,Backing Unsafely,4544364,31.6,21.7,0.2,0.2,0.0,1.0,51,19.0,37.1,299,Drizzle: Light,0,0,
66516,2022-07-06 14:28:00,40.674,-73.960396,2,0,Following Too Closely,4543996,31.6,21.7,0.2,0.2,0.0,1.0,51,19.0,37.1,299,Drizzle: Light,2,2,
66517,2022-07-08 11:02:00,40.703857,-73.91851,5,0,Backing Unsafely,4545217,29.6,19.3,1.8,1.8,0.0,8.0,51,15.0,31.0,187,Drizzle: Light,5,5,
66518,2022-07-07 19:50:00,40.63573,-74.10676,0,0,Driver Inattention/Distraction,4545055,27.5,20.1,0.0,0.0,0.0,0.0,3,19.1,37.4,110,Overcast,0,0,
66519,2021-10-21 19:07:00,40.7498974,-73.7743569,0,0,Driver Inattention/Distraction,4469748,22.9,12.0,0.0,0.0,0.0,0.0,3,17.0,31.7,207,Overcast,0,0,
66520,2022-07-06 05:30:00,40.70178,-73.88283,0,0,Outside Car Distraction,4543918,31.6,21.7,0.2,0.2,0.0,1.0,51,19.0,37.1,299,Drizzle: Light,0,0,
66521,2022-06-14 07:00:00,40.771328,-73.90391,1,0,Unspecified,4544498,29.0,18.6,0.0,0.0,0.0,0.0,3,19.1,40.0,10,Overcast,1,1,
66522,2022-07-04 16:30:00,40.761993,-73.942474,0,0,Unsafe Lane Changing,4544511,30.9,17.5,0.0,0.0,0.0,0.0,3,15.4,27.4,302,Overcast,0,0,
66523,2021-10-21 16:20:00,40.7434356,-73.775465,0,0,Following Too Closely,4469755,22.9,12.0,0.0,0.0,0.0,0.0,3,17.0,31.7,207,Overcast,0,0,
66524,2021-10-22 06:05:00,40.6803893,-73.8046539,1,0,Following Too Closely,4469757,20.3,14.4,0.0,0.0,0.0,0.0,3,18.1,31.3,267,Overcast,1,1,
66525,2022-01-27 11:56:00,40.80275,-73.93358,0,0,Passing Too Closely,4497847,-0.3,-9.6,0.0,0.0,0.0,0.0,3,18.7,37.1,184,Overcast,0,0,
66526,2021-07-31 14:30:00,40.634468,-73.967415,3,0,Driver Inattention/Distraction,4442318,25.6,14.5,0.0,0.0,0.0,0.0,2,16.8,33.8,304,Partly cloudy,3,3,
66527,2021-08-02 17:30:00,40.670727,-73.98948,1,0,Failure to Yield Right-of-Way,4443530,26.4,17.2,0.0,0.0,0.0,0.0,3,18.4,37.4,313,Overcast,1,1,
66528,2021-07-29 10:25:00,40.61816,-74.08492,0,1,Driver Inexperience,4444034,25.3,20.4,33.0,33.0,0.0,11.0,65,26.1,50.8,182,Rain: Heavy,20,1,
66529,2021-07-24 14:50:00,40.72195,-73.99628,0,0,Passing or Lane Usage Improper,4445167,26.8,18.2,0.0,0.0,0.0,0.0,3,16.3,31.7,152,Overcast,0,0,
66530,2021-07-14 09:00:00,40.720432,-73.99987,0,0,Unspecified,4445166,30.6,21.5,0.8,0.8,0.0,3.0,53,14.5,36.0,191,Drizzle: Moderate,0,0,
66531,2022-06-23 10:00:00,40.74576,-73.92581,1,0,Brakes Defective,4544530,22.6,15.7,0.8,0.8,0.0,6.0,51,15.6,31.3,127,Drizzle: Light,1,1,
66532,2022-07-08 00:00:00,40.744957,-73.99373,0,0,Driver Inattention/Distraction,4544835,29.6,19.3,1.8,1.8,0.0,8.0,51,15.0,31.0,187,Drizzle: Light,0,0,
66533,2022-07-08 15:30:00,40.758633,-73.96579,1,0,Driver Inattention/Distraction,4544646,29.6,19.3,1.8,1.8,0.0,8.0,51,15.0,31.0,187,Drizzle: Light,1,1,
66534,2022-07-06 13:45:00,40.753468,-73.91355,1,0,Failure to Yield Right-of-Way,4543919,31.6,21.7,0.2,0.2,0.0,1.0,51,19.0,37.1,299,Drizzle: Light,1,1,
66535,2022-09-21 11:45:00,40.861275,-73.86366,1,0,Reaction to Uninvolved Vehicle,4567840,26.5,16.0,0.0,0.0,0.0,0.0,3,19.4,36.7,252,Overcast,1,1,
66536,2022-07-06 18:30:00,40.693348,-73.830536,2,0,Driver Inattention/Distraction,4544467,31.6,21.7,0.2,0.2,0.0,1.0,51,19.0,37.1,299,Drizzle: Light,2,2,
66537,2021-10-21 11:45:00,40.7542707,-73.7433337,0,0,Unsafe Lane Changing,4469769,22.9,12.0,0.0,0.0,0.0,0.0,3,17.0,31.7,207,Overcast,0,0,
66538,2022-07-08 09:00:00,40.87831,-73.90523,0,0,Driver Inattention/Distraction,4544599,29.6,19.3,1.8,1.8,0.0,8.0,51,15.0,31.0,187,Drizzle: Light,0,0,
66539,2022-07-06 07:40:00,40.810844,-73.95281,1,0,Other Vehicular,4544022,31.6,21.7,0.2,0.2,0.0,1.0,51,19.0,37.1,299,Drizzle: Light,1,1,
66540,2022-07-07 21:00:00,40.725307,-73.878586,0,0,Driver Inattention/Distraction,4545089,27.5,20.1,0.0,0.0,0.0,0.0,3,19.1,37.4,110,Overcast,0,0,
66541,2021-10-15 16:15:00,40.5564645,-74.2077693,0,0,Unspecified,4469774,25.0,14.5,0.0,0.0,0.0,0.0,3,16.8,28.4,182,Overcast,0,0,
66542,2022-07-06 08:18:00,40.783566,-73.77733,0,0,Backing Unsafely,4543888,31.6,21.7,0.2,0.2,0.0,1.0,51,19.0,37.1,299,Drizzle: Light,0,0,
66543,2021-10-22 07:00:00,40.7633517,-73.7579043,0,0,Other Vehicular,4469776,20.3,14.4,0.0,0.0,0.0,0.0,3,18.1,31.3,267,Overcast,0,0,
66544,2022-06-20 14:00:00,40.665085,-73.90958,0,0,Unspecified,4544844,26.5,12.9,0.0,0.0,0.0,0.0,3,18.4,31.7,308,Overcast,0,0,
66545,2022-07-07 13:18:00,40.5119,-74.24963,0,0,Unspecified,4544362,27.5,20.1,0.0,0.0,0.0,0.0,3,19.1,37.4,110,Overcast,0,0,
66546,2022-07-06 08:25:00,40.837894,-73.88138,2,0,Driver Inattention/Distraction,4545224,31.6,21.7,0.2,0.2,0.0,1.0,51,19.0,37.1,299,Drizzle: Light,2,2,
66547,2022-07-05 14:30:00,40.733307,-73.88838,0,0,Unspecified,4544582,30.0,20.3,0.5,0.5,0.0,2.0,51,30.4,56.5,191,Drizzle: Light,0,0,
66548,2022-07-08 00:00:00,40.658577,-73.89063,4,0,Driver Inattention/Distraction,4544737,29.6,19.3,1.8,1.8,0.0,8.0,51,15.0,31.0,187,Drizzle: Light,4,4,
66549,2022-07-06 09:50:00,40.8178,-73.9456,0,0,Driver Inexperience,4544173,31.6,21.7,0.2,0.2,0.0,1.0,51,19.0,37.1,299,Drizzle: Light,0,0,
66550,2022-07-06 19:36:00,40.661713,-73.903824,1,0,Unspecified,4544866,31.6,21.7,0.2,0.2,0.0,1.0,51,19.0,37.1,299,Drizzle: Light,1,1,
66551,2021-07-31 05:10:00,40.78941,-73.847984,0,0,Alcohol Involvement,4444583,25.6,14.5,0.0,0.0,0.0,0.0,2,16.8,33.8,304,Partly cloudy,0,0,
66552,2021-08-06 00:01:00,40.840874,-73.91979,1,0,Driver Inattention/Distraction,4445025,28.9,17.4,0.0,0.0,0.0,0.0,3,18.1,38.2,188,Overcast,1,1,
66553,2021-08-04 18:59:00,40.81438,-73.89623,2,0,Cell Phone (hand-Held),4443775,24.3,17.5,0.1,0.1,0.0,1.0,51,13.7,27.4,57,Drizzle: Light,2,2,
66554,2021-08-05 06:20:00,40.5861,-73.81856,0,0,Traffic Control Disregarded,4444866,27.1,17.4,0.1,0.1,0.0,1.0,51,13.2,27.0,5,Drizzle: Light,0,0,
66555,2021-08-05 12:45:00,40.772987,-73.9164,1,0,View Obstructed/Limited,4444552,27.1,17.4,0.1,0.1,0.0,1.0,51,13.2,27.0,5,Drizzle: Light,1,1,
66556,2021-08-05 16:40:00,40.830906,-73.8736,0,0,Brakes Defective,4444239,27.1,17.4,0.1,0.1,0.0,1.0,51,13.2,27.0,5,Drizzle: Light,0,0,
66557,2021-05-23 16:38:00,40.681503,-73.904106,0,0,Unsafe Speed,4444791,31.4,19.8,0.0,0.0,0.0,0.0,3,28.5,54.4,322,Overcast,0,0,
66558,2021-08-04 09:40:00,40.813313,-73.92288,0,0,Unspecified,4443819,24.3,17.5,0.1,0.1,0.0,1.0,51,13.7,27.4,57,Drizzle: Light,0,0,
66559,2021-08-05 21:04:00,40.644016,-73.90803,0,0,Unspecified,4444353,27.1,17.4,0.1,0.1,0.0,1.0,51,13.2,27.0,5,Drizzle: Light,0,0,
66560,2021-08-05 20:45:00,40.754333,-73.99268,0,0,Unspecified,4444910,27.1,17.4,0.1,0.1,0.0,1.0,51,13.2,27.0,5,Drizzle: Light,0,0,
66561,2021-08-06 09:30:00,40.857006,-73.88632,0,0,Driver Inattention/Distraction,4445054,28.9,17.4,0.0,0.0,0.0,0.0,3,18.1,38.2,188,Overcast,0,0,
66562,2021-08-06 04:30:00,40.849453,-73.906006,0,0,Unspecified,4444207,28.9,17.4,0.0,0.0,0.0,0.0,3,18.1,38.2,188,Overcast,0,0,
66563,2021-08-05 12:00:00,40.755013,-73.93434,0,0,Unspecified,4444551,27.1,17.4,0.1,0.1,0.0,1.0,51,13.2,27.0,5,Drizzle: Light,0,0,
66564,2021-08-05 15:00:00,40.746494,-73.932274,1,0,Driver Inattention/Distraction,4444074,27.1,17.4,0.1,0.1,0.0,1.0,51,13.2,27.0,5,Drizzle: Light,1,1,
66565,2021-08-03 16:48:00,40.69925,-73.973206,1,0,Failure to Yield Right-of-Way,4445027,24.2,15.3,0.0,0.0,0.0,0.0,3,10.7,21.2,7,Overcast,1,1,
66566,2021-08-06 04:50:00,40.601948,-73.99382,1,0,Unspecified,4444392,28.9,17.4,0.0,0.0,0.0,0.0,3,18.1,38.2,188,Overcast,1,1,
66567,2021-08-06 10:45:00,40.83609,-73.92926,0,0,Passing Too Closely,4444342,28.9,17.4,0.0,0.0,0.0,0.0,3,18.1,38.2,188,Overcast,0,0,