,CRASH DATETIME,LATITUDE,LONGITUDE,NUMBER OF PERSONS INJURED,NUMBER OF PERSONS KILLED,CONTRIBUTING FACTOR VEHICLE 1,COLLISION_ID,temperature_2m_max,temperature_2m_min,precipitation_sum,rain_sum,snowfall_sum,precipitation_hours,weather_code,wind_speed_10m_max,wind_gusts_10m_max,wind_direction_10m_dominant,Weather Description,Severity_Score,Total_Affected_Persons,Weather_Category
66568,2021-08-05 00:45:00,40.874702,-73.85803,1,0,Unsafe Speed,4444055,27.1,17.4,0.1,0.1,0.0,1.0,51,13.2,27.0,5,Drizzle: Light,1,1,
66569,2021-08-06 23:25:00,40.67476,-73.79884,1,0,Passing or Lane Usage Improper,4445128,28.9,17.4,0.0,0.0,0.0,0.0,3,18.1,38.2,188,Overcast,1,1,
66570,2021-08-06 11:50:00,40.725273,-73.90731,0,0,Unspecified,4444818,28.9,17.4,0.0,0.0,0.0,0.0,3,18.1,38.2,188,Overcast,0,0,
66571,2021-08-06 21:15:00,40.604046,-73.756996,0,0,Failure to Yield Right-of-Way,4444436,28.9,17.4,0.0,0.0,0.0,0.0,3,18.1,38.2,188,Overcast,0,0,
66572,2021-08-01 17:03:00,40.7344,-73.991936,0,0,Driver Inattention/Distraction,4444634,24.4,16.6,0.8,0.8,0.0,5.0,51,19.9,39.2,168,Drizzle: Light,0,0,
66573,2021-08-05 19:10:00,40.70058,-73.80775,1,0,Failure to Yield Right-of-Way,4444355,27.1,17.4,0.1,0.1,0.0,1.0,51,13.2,27.0,5,Drizzle: Light,1,1,
66574,2021-07-29 14:55:00,40.664436,-73.902626,0,0,Driver Inattention/Distraction,4444226,25.3,20.4,33.0,33.0,0.0,11.0,65,26.1,50.8,182,Rain: Heavy,0,0,
66575,2021-08-04 22:33:00,40.861862,-73.91275,1,0,Unspecified,4443942,24.3,17.5,0.1,0.1,0.0,1.0,51,13.7,27.4,57,Drizzle: Light,1,1,
66576,2021-08-06 15:16:00,40.68987,-73.988304,0,0,Driver Inattention/Distraction,4444397,28.9,17.4,0.0,0.0,0.0,0.0,3,18.1,38.2,188,Overcast,0,0,
66577,2021-08-04 22:30:00,40.654984,-74.00711,1,0,Passing or Lane Usage Improper,4444795,24.3,17.5,0.1,0.1,0.0,1.0,51,13.7,27.4,57,Drizzle: Light,1,1,
66578,2021-08-05 05:41:00,40.677055,-73.798485,0,0,Passing or Lane Usage Improper,4443839,27.1,17.4,0.1,0.1,0.0,1.0,51,13.2,27.0,5,Drizzle: Light,0,0,
66579,2021-08-06 17:00:00,40.579918,-73.973625,0,0,Unspecified,4444662,28.9,17.4,0.0,0.0,0.0,0.0,3,18.1,38.2,188,Overcast,0,0,
66580,2022-07-08 11:00:00,40.837193,-73.9367,0,0,Unspecified,4544910,29.6,19.3,1.8,1.8,0.0,8.0,51,15.0,31.0,187,Drizzle: Light,0,0,
66581,2021-08-05 11:00:00,40.795464,-73.96381,0,0,Failure to Keep Right,4444024,27.1,17.4,0.1,0.1,0.0,1.0,51,13.2,27.0,5,Drizzle: Light,0,0,
66582,2021-08-05 16:05:00,40.67243,-73.93211,0,0,Driver Inattention/Distraction,4444130,27.1,17.4,0.1,0.1,0.0,1.0,51,13.2,27.0,5,Drizzle: Light,0,0,
66583,2021-08-06 00:45:00,40.78519,-73.94934,1,0,Unspecified,4444179,28.9,17.4,0.0,0.0,0.0,0.0,3,18.1,38.2,188,Overcast,1,1,
66584,2021-08-05 19:38:00,40.68137,-73.94063,0,0,Unsafe Speed,4444750,27.1,17.4,0.1,0.1,0.0,1.0,51,13.2,27.0,5,Drizzle: Light,0,0,
66585,2021-08-04 06:30:00,40.786907,-73.812935,0,0,Driver Inattention/Distraction,4443573,24.3,17.5,0.1,0.1,0.0,1.0,51,13.7,27.4,57,Drizzle: Light,0,0,
66586,2021-07-28 20:15:00,40.67973,-73.9374,1,0,Driver Inattention/Distraction,4444973,26.7,20.2,0.7,0.7,0.0,3.0,53,16.7,34.2,1,Drizzle: Moderate,1,1,
66587,2021-08-06 12:17:00,40.7642,-73.98872,1,0,Driver Inattention/Distraction,4444323,28.9,17.4,0.0,0.0,0.0,0.0,3,18.1,38.2,188,Overcast,1,1,
66588,2021-08-04 17:15:00,40.783268,-73.82485,0,0,Failure to Yield Right-of-Way,4443845,24.3,17.5,0.1,0.1,0.0,1.0,51,13.7,27.4,57,Drizzle: Light,0,0,
66589,2021-08-05 16:10:00,40.68342,-73.97545,0,0,Other Vehicular,4444071,27.1,17.4,0.1,0.1,0.0,1.0,51,13.2,27.0,5,Drizzle: Light,0,0,
66590,2021-08-05 20:30:00,40.651863,-73.86536,1,0,Driver Inattention/Distraction,4444253,27.1,17.4,0.1,0.1,0.0,1.0,51,13.2,27.0,5,Drizzle: Light,1,1,
66591,2021-08-06 18:35:00,40.84105,-73.94469,0,0,Reaction to Uninvolved Vehicle,4444983,28.9,17.4,0.0,0.0,0.0,0.0,3,18.1,38.2,188,Overcast,0,0,
66592,2021-08-05 23:34:00,40.812496,-73.90283,0,0,Alcohol Involvement,4444314,27.1,17.4,0.1,0.1,0.0,1.0,51,13.2,27.0,5,Drizzle: Light,0,0,
66593,2021-08-06 11:20:00,40.737682,-73.85206,0,0,Failure to Yield Right-of-Way,4444605,28.9,17.4,0.0,0.0,0.0,0.0,3,18.1,38.2,188,Overcast,0,0,
66594,2021-08-06 16:00:00,40.820503,-73.8881,0,0,Unspecified,4444385,28.9,17.4,0.0,0.0,0.0,0.0,3,18.1,38.2,188,Overcast,0,0,
66595,2021-08-04 11:55:00,40.76958,-73.9156,0,0,Driver Inattention/Distraction,4444523,24.3,17.5,0.1,0.1,0.0,1.0,51,13.7,27.4,57,Drizzle: Light,0,0,
66596,2021-08-05 20:30:00,40.661934,-73.76048,0,0,Unspecified,4444105,27.1,17.4,0.1,0.1,0.0,1.0,51,13.2,27.0,5,Drizzle: Light,0,0,
66597,2021-08-06 21:30:00,40.644142,-73.957924,0,0,Driver Inattention/Distraction,4444652,28.9,17.4,0.0,0.0,0.0,0.0,3,18.1,38.2,188,Overcast,0,0,
66598,2021-08-06 14:25:00,40.54505,-74.21931,0,0,Unspecified,4444502,28.9,17.4,0.0,0.0,0.0,0.0,3,18.1,38.2,188,Overcast,0,0,
66599,2021-07-27 13:00:00,40.676693,-73.917404,1,0,Unspecified,4444944,30.4,19.1,0.2,0.2,0.0,2.0,51,19.5,38.9,206,Drizzle: Light,1,1,
66600,2021-08-06 10:00:00,40.654484,-73.886536,2,0,Lost Consciousness,4444259,28.9,17.4,0.0,0.0,0.0,0.0,3,18.1,38.2,188,Overcast,2,2,
66601,2021-08-05 21:30:00,40.678272,-73.869995,1,0,Following Too Closely,4444258,27.1,17.4,0.1,0.1,0.0,1.0,51,13.2,27.0,5,Drizzle: Light,1,1,
66602,2021-08-04 12:30:00,40.740437,-73.92304,1,0,Driver Inattention/Distraction,4443744,24.3,17.5,0.1,0.1,0.0,1.0,51,13.7,27.4,57,Drizzle: Light,1,1,
66603,2022-07-08 19:22:00,40.703606,-73.93791,1,0,Unspecified,4545037,29.6,19.3,1.8,1.8,0.0,8.0,51,15.0,31.0,187,Drizzle: Light,1,1,
66604,2021-08-04 06:21:00,40.761993,-73.961784,1,0,Driver Inattention/Distraction,4443882,24.3,17.5,0.1,0.1,0.0,1.0,51,13.7,27.4,57,Drizzle: Light,1,1,
66605,2021-08-03 15:39:00,40.754818,-73.96455,0,0,Unsafe Speed,4444374,24.2,15.3,0.0,0.0,0.0,0.0,3,10.7,21.2,7,Overcast,0,0,
66606,2021-08-06 19:30:00,40.75349,-73.86359,1,0,Driver Inattention/Distraction,4444843,28.9,17.4,0.0,0.0,0.0,0.0,3,18.1,38.2,188,Overcast,1,1,
66607,2021-08-04 13:20:00,40.848736,-73.93234,0,0,Passing or Lane Usage Improper,4444346,24.3,17.5,0.1,0.1,0.0,1.0,51,13.7,27.4,57,Drizzle: Light,0,0,
66608,2021-08-06 15:10:00,40.747498,-73.853615,0,0,Driver Inattention/Distraction,4444872,28.9,17.4,0.0,0.0,0.0,0.0,3,18.1,38.2,188,Overcast,0,0,
66609,2021-07-25 17:00:00,40.79968,-73.95586,0,0,Passing Too Closely,4444681,28.0,20.3,7.3,7.3,0.0,10.0,63,20.9,43.2,198,Rain: Moderate,0,0,
66610,2021-07-30 19:00:00,40.688774,-73.9479,0,0,Following Too Closely,4444762,27.6,19.1,0.0,0.0,0.0,0.0,1,24.2,45.7,310,Mainly clear,0,0,Sunny/Clear Conditions
66611,2021-07-30 10:00:00,40.741394,-73.82303,0,0,Following Too Closely,4445061,27.6,19.1,0.0,0.0,0.0,0.0,1,24.2,45.7,310,Mainly clear,0,0,Sunny/Clear Conditions
66612,2021-08-05 18:50:00,40.788982,-73.93039,1,0,Driver Inexperience,4445150,27.1,17.4,0.1,0.1,0.0,1.0,51,13.2,27.0,5,Drizzle: Light,1,1,
66613,2021-08-05 12:00:00,40.845024,-73.92632,0,0,Driver Inattention/Distraction,4444214,27.1,17.4,0.1,0.1,0.0,1.0,51,13.2,27.0,5,Drizzle: Light,0,0,
66614,2021-08-06 18:40:00,40.709015,-73.94855,1,0,Reaction to Uninvolved Vehicle,4444412,28.9,17.4,0.0,0.0,0.0,0.0,3,18.1,38.2,188,Overcast,1,1,
66615,2021-08-04 16:00:00,40.569588,-74.11064,0,0,Pedestrian/Bicyclist/Other Pedestrian Error/Confusion,4443901,24.3,17.5,0.1,0.1,0.0,1.0,51,13.7,27.4,57,Drizzle: Light,0,0,
66616,2021-08-04 19:03:00,40.736958,-74.00826,0,0,Driver Inexperience,4445107,24.3,17.5,0.1,0.1,0.0,1.0,51,13.7,27.4,57,Drizzle: Light,0,0,
66617,2021-08-05 14:28:00,40.65319,-73.96622,0,0,Driver Inattention/Distraction,4444644,27.1,17.4,0.1,0.1,0.0,1.0,51,13.2,27.0,5,Drizzle: Light,0,0,
66618,2021-08-02 15:23:00,40.601696,-74.12518,1,0,Failure to Yield Right-of-Way,4444892,26.4,17.2,0.0,0.0,0.0,0.0,3,18.4,37.4,313,Overcast,1,1,
66619,2021-08-05 07:50:00,40.882393,-73.83623,0,0,Backing Unsafely,4443950,27.1,17.4,0.1,0.1,0.0,1.0,51,13.2,27.0,5,Drizzle: Light,0,0,
66620,2021-08-06 08:45:00,40.583733,-73.91969,0,0,Driver Inattention/Distraction,4444278,28.9,17.4,0.0,0.0,0.0,0.0,3,18.1,38.2,188,Overcast,0,0,
66621,2021-08-03 07:26:00,40.782005,-73.95167,1,0,View Obstructed/Limited,4445034,24.2,15.3,0.0,0.0,0.0,0.0,3,10.7,21.2,7,Overcast,1,1,
66622,2021-08-05 11:00:00,40.85391,-73.88364,0,0,Driver Inattention/Distraction,4443966,27.1,17.4,0.1,0.1,0.0,1.0,51,13.2,27.0,5,Drizzle: Light,0,0,
66623,2021-08-04 14:31:00,40.726562,-73.74125,0,0,Unspecified,4443714,24.3,17.5,0.1,0.1,0.0,1.0,51,13.7,27.4,57,Drizzle: Light,0,0,
66624,2021-07-31 12:20:00,0.0,0.0,3,0,Failure to Yield Right-of-Way,4444824,25.6,14.5,0.0,0.0,0.0,0.0,2,16.8,33.8,304,Partly cloudy,3,3,
66625,2021-07-31 11:00:00,40.663235,-73.90442,0,0,Unspecified,4444696,25.6,14.5,0.0,0.0,0.0,0.0,2,16.8,33.8,304,Partly cloudy,0,0,
66626,2021-08-06 17:20:00,40.610256,-74.13232,0,0,Driver Inattention/Distraction,4444904,28.9,17.4,0.0,0.0,0.0,0.0,3,18.1,38.2,188,Overcast,0,0,
66627,2021-08-06 13:13:00,40.682987,-73.75459,1,0,Failure to Yield Right-of-Way,4444291,28.9,17.4,0.0,0.0,0.0,0.0,3,18.1,38.2,188,Overcast,1,1,
66628,2021-08-04 10:30:00,40.763245,-73.75806,0,0,Following Too Closely,4443673,24.3,17.5,0.1,0.1,0.0,1.0,51,13.7,27.4,57,Drizzle: Light,0,0,
66629,2021-08-06 15:46:00,40.663284,-73.96096,1,0,Failure to Yield Right-of-Way,4445001,28.9,17.4,0.0,0.0,0.0,0.0,3,18.1,38.2,188,Overcast,1,1,
66630,2021-08-05 20:28:00,40.75321,-73.90782,0,0,Aggressive Driving/Road Rage,4444147,27.1,17.4,0.1,0.1,0.0,1.0,51,13.2,27.0,5,Drizzle: Light,0,0,
66631,2021-08-04 20:42:00,40.7606,-73.964325,0,0,Alcohol Involvement,4444169,24.3,17.5,0.1,0.1,0.0,1.0,51,13.7,27.4,57,Drizzle: Light,0,0,
66632,2021-08-06 06:20:00,40.746098,-73.866425,0,0,Driver Inattention/Distraction,4444194,28.9,17.4,0.0,0.0,0.0,0.0,3,18.1,38.2,188,Overcast,0,0,
66633,2021-08-06 17:30:00,40.652878,-73.87706,1,0,Unspecified,4444453,28.9,17.4,0.0,0.0,0.0,0.0,3,18.1,38.2,188,Overcast,1,1,
66634,2021-08-05 13:50:00,40.83427,-73.94537,0,0,Passing Too Closely,4444310,27.1,17.4,0.1,0.1,0.0,1.0,51,13.2,27.0,5,Drizzle: Light,0,0,
66635,2021-08-04 11:55:00,40.700848,-73.80998,2,0,Unsafe Speed,4443696,24.3,17.5,0.1,0.1,0.0,1.0,51,13.7,27.4,57,Drizzle: Light,2,2,
66636,2021-08-04 10:35:00,40.595036,-74.06611,0,0,Unspecified,4443674,24.3,17.5,0.1,0.1,0.0,1.0,51,13.7,27.4,57,Drizzle: Light,0,0,
66637,2021-08-06 08:27:00,40.871162,-73.85214,0,0,Unspecified,4444597,28.9,17.4,0.0,0.0,0.0,0.0,3,18.1,38.2,188,Overcast,0,0,
66638,2021-08-05 17:43:00,40.787525,-73.94887,0,0,Unspecified,4444082,27.1,17.4,0.1,0.1,0.0,1.0,51,13.2,27.0,5,Drizzle: Light,0,0,
66639,2021-08-05 19:20:00,40.560074,-74.10733,0,0,Failure to Yield Right-of-Way,4444263,27.1,17.4,0.1,0.1,0.0,1.0,51,13.2,27.0,5,Drizzle: Light,0,0,
66640,2021-08-04 10:05:00,40.82114,-73.88649,0,0,Unspecified,4443733,24.3,17.5,0.1,0.1,0.0,1.0,51,13.7,27.4,57,Drizzle: Light,0,0,
66641,2021-08-05 16:35:00,40.6972,-73.952934,1,0,Driver Inattention/Distraction,4444724,27.1,17.4,0.1,0.1,0.0,1.0,51,13.2,27.0,5,Drizzle: Light,1,1,
66642,2021-08-04 00:35:00,40.83211,-73.862335,0,0,Driver Inattention/Distraction,4443635,24.3,17.5,0.1,0.1,0.0,1.0,51,13.7,27.4,57,Drizzle: Light,0,0,
66643,2021-07-01 21:00:00,40.6993,-73.91361,0,0,Driver Inattention/Distraction,4444460,27.8,22.2,25.2,25.2,0.0,12.0,65,10.6,33.1,280,Rain: Heavy,0,0,
66644,2021-08-05 00:00:00,40.715622,-73.99428,1,0,Pedestrian/Bicyclist/Other Pedestrian Error/Confusion,4443965,27.1,17.4,0.1,0.1,0.0,1.0,51,13.2,27.0,5,Drizzle: Light,1,1,
66645,2021-08-06 06:03:00,40.662663,-73.902145,0,0,Unspecified,4444715,28.9,17.4,0.0,0.0,0.0,0.0,3,18.1,38.2,188,Overcast,0,0,
66646,2021-08-06 04:20:00,40.708427,-73.780556,1,0,Driver Inattention/Distraction,4444246,28.9,17.4,0.0,0.0,0.0,0.0,3,18.1,38.2,188,Overcast,1,1,
66647,2021-08-06 14:30:00,40.64165,-73.90378,0,0,Following Too Closely,4444378,28.9,17.4,0.0,0.0,0.0,0.0,3,18.1,38.2,188,Overcast,0,0,
66648,2021-08-04 12:20:00,40.636826,-73.95099,0,0,Unspecified,4443834,24.3,17.5,0.1,0.1,0.0,1.0,51,13.7,27.4,57,Drizzle: Light,0,0,
66649,2021-08-06 08:30:00,40.884388,-73.87997,0,0,Unspecified,4444490,28.9,17.4,0.0,0.0,0.0,0.0,3,18.1,38.2,188,Overcast,0,0,
66650,2021-07-30 07:00:00,40.863537,-73.897575,0,0,Unspecified,4444530,27.6,19.1,0.0,0.0,0.0,0.0,1,24.2,45.7,310,Mainly clear,0,0,Sunny/Clear Conditions
66651,2021-08-03 16:30:00,40.62678,-74.1629,0,0,Unspecified,4444901,24.2,15.3,0.0,0.0,0.0,0.0,3,10.7,21.2,7,Overcast,0,0,
66652,2021-08-05 19:02:00,40.633358,-73.98482,1,0,Unspecified,4445068,27.1,17.4,0.1,0.1,0.0,1.0,51,13.2,27.0,5,Drizzle: Light,1,1,
66653,2021-08-06 08:50:00,40.67066,-73.904205,0,0,Unspecified,4444689,28.9,17.4,0.0,0.0,0.0,0.0,3,18.1,38.2,188,Overcast,0,0,
66654,2021-08-01 18:30:00,40.686695,-73.91717,0,0,Unspecified,4444775,24.4,16.6,0.8,0.8,0.0,5.0,51,19.9,39.2,168,Drizzle: Light,0,0,
66655,2021-07-31 17:30:00,40.75507,-73.89002,0,0,Driver Inattention/Distraction,4444853,25.6,14.5,0.0,0.0,0.0,0.0,2,16.8,33.8,304,Partly cloudy,0,0,
66656,2021-08-04 16:38:00,40.678234,-73.89753,0,0,Failure to Yield Right-of-Way,4443853,24.3,17.5,0.1,0.1,0.0,1.0,51,13.7,27.4,57,Drizzle: Light,0,0,
66657,2021-08-06 02:05:00,40.6755,-73.73864,2,0,Unspecified,4444218,28.9,17.4,0.0,0.0,0.0,0.0,3,18.1,38.2,188,Overcast,2,2,
66658,2021-08-03 21:05:00,40.85713,-73.8808,1,0,Driver Inattention/Distraction,4445118,24.2,15.3,0.0,0.0,0.0,0.0,3,10.7,21.2,7,Overcast,1,1,
66659,2021-07-30 12:00:00,40.66137,-73.90609,0,0,Unspecified,4444231,27.6,19.1,0.0,0.0,0.0,0.0,1,24.2,45.7,310,Mainly clear,0,0,Sunny/Clear Conditions
66660,2021-08-05 05:30:00,40.751984,-73.967545,0,0,Driver Inattention/Distraction,4443984,27.1,17.4,0.1,0.1,0.0,1.0,51,13.2,27.0,5,Drizzle: Light,0,0,
66661,2021-08-06 21:20:00,40.621834,-73.919464,3,0,Unspecified,4444416,28.9,17.4,0.0,0.0,0.0,0.0,3,18.1,38.2,188,Overcast,3,3,
66662,2021-08-06 15:30:00,40.715218,-73.74899,1,0,Unspecified,4444334,28.9,17.4,0.0,0.0,0.0,0.0,3,18.1,38.2,188,Overcast,1,1,
66663,2021-08-04 18:49:00,40.75842,-73.87159,1,0,Driver Inattention/Distraction,4443906,24.3,17.5,0.1,0.1,0.0,1.0,51,13.7,27.4,57,Drizzle: Light,1,1,
66664,2021-07-18 11:40:00,40.66895,-73.9339,1,0,Failure to Yield Right-of-Way,4444880,28.4,23.1,12.4,12.4,0.0,10.0,63,19.6,39.2,232,Rain: Moderate,1,1,
66665,2021-08-05 21:10:00,40.66551,-73.992775,0,0,Alcohol Involvement,4445039,27.1,17.4,0.1,0.1,0.0,1.0,51,13.2,27.0,5,Drizzle: Light,0,0,
66666,2021-07-31 06:35:00,40.87356,-73.81853,1,0,Unspecified,4444440,25.6,14.5,0.0,0.0,0.0,0.0,2,16.8,33.8,304,Partly cloudy,1,1,
66667,2021-08-06 23:00:00,40.747078,-73.981346,1,0,Traffic Control Disregarded,4444566,28.9,17.4,0.0,0.0,0.0,0.0,3,18.1,38.2,188,Overcast,1,1,
66668,2021-08-02 13:00:00,40.67715,-73.92559,0,0,Unspecified,4444923,26.4,17.2,0.0,0.0,0.0,0.0,3,18.4,37.4,313,Overcast,0,0,
66669,2021-08-05 13:30:00,40.674934,-73.80186,0,0,Following Too Closely,4443973,27.1,17.4,0.1,0.1,0.0,1.0,51,13.2,27.0,5,Drizzle: Light,0,0,
66670,2021-08-04 08:07:00,40.83582,-73.88753,0,0,Driver Inattention/Distraction,4443663,24.3,17.5,0.1,0.1,0.0,1.0,51,13.7,27.4,57,Drizzle: Light,0,0,
66671,2021-08-06 13:05:00,40.72948,-73.9721,0,0,Other Vehicular,4444295,28.9,17.4,0.0,0.0,0.0,0.0,3,18.1,38.2,188,Overcast,0,0,
66672,2021-06-18 18:15:00,40.668648,-73.92835,0,0,Driver Inattention/Distraction,4444963,27.4,13.8,0.0,0.0,0.0,0.0,3,20.5,40.3,210,Overcast,0,0,
66673,2021-08-04 14:15:00,40.76041,-73.87485,0,0,Unspecified,4443722,24.3,17.5,0.1,0.1,0.0,1.0,51,13.7,27.4,57,Drizzle: Light,0,0,
66674,2021-08-04 10:30:00,40.72926,-73.977615,0,0,Driverless/Runaway Vehicle,4443806,24.3,17.5,0.1,0.1,0.0,1.0,51,13.7,27.4,57,Drizzle: Light,0,0,
66675,2021-08-01 23:59:00,40.764267,-73.9158,1,0,Unspecified,4444515,24.4,16.6,0.8,0.8,0.0,5.0,51,19.9,39.2,168,Drizzle: Light,1,1,
66676,2021-08-05 10:30:00,40.728947,-73.92793,0,0,Unspecified,4444141,27.1,17.4,0.1,0.1,0.0,1.0,51,13.2,27.0,5,Drizzle: Light,0,0,
66677,2021-07-29 10:50:00,40.68723,-73.941795,1,0,Failure to Yield Right-of-Way,4444810,25.3,20.4,33.0,33.0,0.0,11.0,65,26.1,50.8,182,Rain: Heavy,1,1,
66678,2021-08-06 20:00:00,40.840496,-73.94599,2,0,Following Too Closely,4444988,28.9,17.4,0.0,0.0,0.0,0.0,3,18.1,38.2,188,Overcast,2,2,
66679,2021-08-06 13:50:00,40.690224,-73.762215,0,0,Failure to Yield Right-of-Way,4444290,28.9,17.4,0.0,0.0,0.0,0.0,3,18.1,38.2,188,Overcast,0,0,
66680,2021-08-05 00:17:00,40.550434,-74.13608,0,0,Unspecified,4443900,27.1,17.4,0.1,0.1,0.0,1.0,51,13.2,27.0,5,Drizzle: Light,0,0,
66681,2021-08-05 13:11:00,40.683723,-73.96797,2,0,Traffic Control Disregarded,4444043,27.1,17.4,0.1,0.1,0.0,1.0,51,13.2,27.0,5,Drizzle: Light,2,2,
66682,2021-08-05 21:00:00,40.666332,-73.81056,0,0,Failure to Yield Right-of-Way,4444148,27.1,17.4,0.1,0.1,0.0,1.0,51,13.2,27.0,5,Drizzle: Light,0,0,
66683,2021-08-06 14:00:00,40.665825,-73.94811,1,0,Other Vehicular,4444322,28.9,17.4,0.0,0.0,0.0,0.0,3,18.1,38.2,188,Overcast,1,1,
66684,2021-08-04 14:30:00,40.65081,-73.9493,0,0,Illnes,4443746,24.3,17.5,0.1,0.1,0.0,1.0,51,13.7,27.4,57,Drizzle: Light,0,0,
66685,2021-08-04 17:29:00,40.766617,-73.98667,1,0,Following Too Closely,4444190,24.3,17.5,0.1,0.1,0.0,1.0,51,13.7,27.4,57,Drizzle: Light,1,1,
66686,2021-08-04 19:40:00,40.730366,-73.91388,0,0,Driver Inattention/Distraction,4443787,24.3,17.5,0.1,0.1,0.0,1.0,51,13.7,27.4,57,Drizzle: Light,0,0,
66687,2021-08-05 16:00:00,40.720165,-73.844795,1,0,Passing Too Closely,4444092,27.1,17.4,0.1,0.1,0.0,1.0,51,13.2,27.0,5,Drizzle: Light,1,1,
66688,2021-08-05 01:41:00,40.856045,-73.85249,1,0,Traffic Control Disregarded,4444019,27.1,17.4,0.1,0.1,0.0,1.0,51,13.2,27.0,5,Drizzle: Light,1,1,
66689,2021-08-06 13:30:00,40.65965,-73.773834,0,0,Unspecified,4444349,28.9,17.4,0.0,0.0,0.0,0.0,3,18.1,38.2,188,Overcast,0,0,
66690,2021-08-06 17:20:00,40.641808,-73.99429,2,0,Driver Inattention/Distraction,4445084,28.9,17.4,0.0,0.0,0.0,0.0,3,18.1,38.2,188,Overcast,2,2,
66691,2021-06-11 07:35:00,40.6958,-73.99824,1,0,Reaction to Uninvolved Vehicle,4444366,20.7,15.3,1.2,1.2,0.0,3.0,53,13.2,27.0,97,Drizzle: Moderate,1,1,
66692,2021-08-04 23:37:00,40.667675,-73.80264,0,0,Unsafe Speed,4443921,24.3,17.5,0.1,0.1,0.0,1.0,51,13.7,27.4,57,Drizzle: Light,0,0,
66693,2021-07-31 14:09:00,40.670868,-73.9198,0,0,Passing Too Closely,4444781,25.6,14.5,0.0,0.0,0.0,0.0,2,16.8,33.8,304,Partly cloudy,0,0,
66694,2021-08-01 12:38:00,40.725086,-73.87901,1,0,Driver Inattention/Distraction,4444832,24.4,16.6,0.8,0.8,0.0,5.0,51,19.9,39.2,168,Drizzle: Light,1,1,
66695,2021-08-04 15:40:00,40.83394,-73.9087,3,0,Failure to Yield Right-of-Way,4443956,24.3,17.5,0.1,0.1,0.0,1.0,51,13.7,27.4,57,Drizzle: Light,3,3,
66696,2021-08-03 16:55:00,40.711033,-74.01454,1,0,Passing or Lane Usage Improper,4444495,24.2,15.3,0.0,0.0,0.0,0.0,3,10.7,21.2,7,Overcast,1,1,
66697,2021-08-05 19:16:00,40.712093,-74.00835,1,0,Driver Inattention/Distraction,4444317,27.1,17.4,0.1,0.1,0.0,1.0,51,13.2,27.0,5,Drizzle: Light,1,1,
66698,2021-08-05 14:00:00,40.765728,-73.98359,0,0,Unspecified,4444195,27.1,17.4,0.1,0.1,0.0,1.0,51,13.2,27.0,5,Drizzle: Light,0,0,
66699,2021-08-05 23:30:00,40.67811,-73.89762,0,0,Driver Inattention/Distraction,4444250,27.1,17.4,0.1,0.1,0.0,1.0,51,13.2,27.0,5,Drizzle: Light,0,0,
66700,2021-08-05 02:15:00,40.77077,-73.91727,0,0,Turning Improperly,4444538,27.1,17.4,0.1,0.1,0.0,1.0,51,13.2,27.0,5,Drizzle: Light,0,0,
66701,2021-08-04 19:11:00,40.681973,-73.766304,0,0,Passing Too Closely,4444005,24.3,17.5,0.1,0.1,0.0,1.0,51,13.7,27.4,57,Drizzle: Light,0,0,
66702,2021-08-05 18:42:00,40.757183,-73.83396,0,0,Following Too Closely,4444584,27.1,17.4,0.1,0.1,0.0,1.0,51,13.2,27.0,5,Drizzle: Light,0,0,
66703,2021-08-05 15:10:00,40.66837,-73.94091,0,0,Other Vehicular,4444078,27.1,17.4,0.1,0.1,0.0,1.0,51,13.2,27.0,5,Drizzle: Light,0,0,
66704,2021-08-02 15:20:00,40.585884,-74.15994,0,0,Driver Inattention/Distraction,4444897,26.4,17.2,0.0,0.0,0.0,0.0,3,18.4,37.4,313,Overcast,0,0,
66705,2021-08-04 17:00:00,40.708843,-74.00251,0,0,Unspecified,4443824,24.3,17.5,0.1,0.1,0.0,1.0,51,13.7,27.4,57,Drizzle: Light,0,0,
66706,2021-08-05 15:00:00,40.749775,-73.88411,0,0,Driver Inattention/Distraction,4444060,27.1,17.4,0.1,0.1,0.0,1.0,51,13.2,27.0,5,Drizzle: Light,0,0,
66707,2021-08-04 18:05:00,40.75437,-73.98703,1,0,Driver Inattention/Distraction,4443848,24.3,17.5,0.1,0.1,0.0,1.0,51,13.7,27.4,57,Drizzle: Light,1,1,
66708,2021-08-06 16:20:00,40.65716,-74.003136,0,0,Other Vehicular,4444388,28.9,17.4,0.0,0.0,0.0,0.0,3,18.1,38.2,188,Overcast,0,0,
66709,2021-08-06 22:05:00,40.810856,-73.939026,0,0,Other Vehicular,4445123,28.9,17.4,0.0,0.0,0.0,0.0,3,18.1,38.2,188,Overcast,0,0,
66710,2021-08-06 03:19:00,40.850845,-73.87146,3,0,Tire Failure/Inadequate,4444222,28.9,17.4,0.0,0.0,0.0,0.0,3,18.1,38.2,188,Overcast,3,3,
66711,2021-08-06 10:35:00,40.826427,-73.950455,1,0,Driver Inattention/Distraction,4444467,28.9,17.4,0.0,0.0,0.0,0.0,3,18.1,38.2,188,Overcast,1,1,
66712,2021-07-17 04:15:00,40.677414,-73.93033,0,0,Traffic Control Disregarded,4444862,30.8,23.3,5.1,5.1,0.0,5.0,61,17.8,36.4,201,Rain: Light,0,0,
66713,2021-08-04 23:00:00,40.70145,-73.989624,0,0,Fatigued/Drowsy,4443794,24.3,17.5,0.1,0.1,0.0,1.0,51,13.7,27.4,57,Drizzle: Light,0,0,