,CRASH DATETIME,LATITUDE,LONGITUDE,NUMBER OF PERSONS INJURED,NUMBER OF PERSONS KILLED,CONTRIBUTING FACTOR VEHICLE 1,COLLISION_ID,temperature_2m_max,temperature_2m_min,precipitation_sum,rain_sum,snowfall_sum,precipitation_hours,weather_code,wind_speed_10m_max,wind_gusts_10m_max,wind_direction_10m_dominant,Weather Description,Severity_Score,Total_Affected_Persons,Weather_Category
66714,2021-07-30 21:48:00,40.5726,-74.16669,0,0,Driver Inattention/Distraction,4444884,27.6,19.1,0.0,0.0,0.0,0.0,1,24.2,45.7,310,Mainly clear,0,0,Sunny/Clear Conditions
66715,2021-08-05 15:50:00,40.638897,-74.01678,0,0,View Obstructed/Limited,4445048,27.1,17.4,0.1,0.1,0.0,1.0,51,13.2,27.0,5,Drizzle: Light,0,0,
66716,2021-07-30 22:00:00,40.70467,-73.80566,0,0,Turning Improperly,4444354,27.6,19.1,0.0,0.0,0.0,0.0,1,24.2,45.7,310,Mainly clear,0,0,Sunny/Clear Conditions
66717,2021-07-31 07:00:00,40.758118,-73.917206,0,0,Driver Inattention/Distraction,4444511,25.6,14.5,0.0,0.0,0.0,0.0,2,16.8,33.8,304,Partly cloudy,0,0,
66718,2021-08-04 12:54:00,40.84434,-73.91475,1,0,Traffic Control Disregarded,4443892,24.3,17.5,0.1,0.1,0.0,1.0,51,13.7,27.4,57,Drizzle: Light,1,1,
66719,2021-08-06 12:34:00,40.84001,-73.9034,0,0,Driver Inattention/Distraction,4444667,28.9,17.4,0.0,0.0,0.0,0.0,3,18.1,38.2,188,Overcast,0,0,
66720,2021-08-04 17:44:00,40.61913,-73.92398,0,0,Driver Inattention/Distraction,4443757,24.3,17.5,0.1,0.1,0.0,1.0,51,13.7,27.4,57,Drizzle: Light,0,0,
66721,2021-08-06 15:00:00,40.753307,-73.90669,0,0,Unspecified,4444557,28.9,17.4,0.0,0.0,0.0,0.0,3,18.1,38.2,188,Overcast,0,0,
66722,2021-08-05 23:16:00,40.63714,-74.08088,1,0,Unspecified,4444982,27.1,17.4,0.1,0.1,0.0,1.0,51,13.2,27.0,5,Drizzle: Light,1,1,
66723,2021-07-31 05:20:00,40.80411,-73.94672,0,0,Unsafe Speed,4444674,25.6,14.5,0.0,0.0,0.0,0.0,2,16.8,33.8,304,Partly cloudy,0,0,
66724,2021-07-30 17:20:00,40.678722,-73.952995,1,0,Backing Unsafely,4444740,27.6,19.1,0.0,0.0,0.0,0.0,1,24.2,45.7,310,Mainly clear,1,1,Sunny/Clear Conditions
66725,2021-08-05 10:19:00,40.529972,-74.16543,0,0,Driver Inattention/Distraction,4444032,27.1,17.4,0.1,0.1,0.0,1.0,51,13.2,27.0,5,Drizzle: Light,0,0,
66726,2021-08-04 14:37:00,40.719715,-73.982765,0,0,Unspecified,4444152,24.3,17.5,0.1,0.1,0.0,1.0,51,13.7,27.4,57,Drizzle: Light,0,0,
66727,2021-08-01 22:30:00,40.679665,-73.93634,0,0,Unsafe Lane Changing,4444953,24.4,16.6,0.8,0.8,0.0,5.0,51,19.9,39.2,168,Drizzle: Light,0,0,
66728,2021-08-05 20:15:00,40.841618,-73.912476,1,0,Cell Phone (hand-Held),4444327,27.1,17.4,0.1,0.1,0.0,1.0,51,13.2,27.0,5,Drizzle: Light,1,1,
66729,2021-08-04 15:48:00,40.658417,-73.929146,2,0,Driver Inattention/Distraction,4443864,24.3,17.5,0.1,0.1,0.0,1.0,51,13.7,27.4,57,Drizzle: Light,2,2,
66730,2021-08-01 06:45:00,40.67055,-73.91738,0,0,Unspecified,4444814,24.4,16.6,0.8,0.8,0.0,5.0,51,19.9,39.2,168,Drizzle: Light,0,0,
66731,2021-08-04 07:05:00,40.84231,-73.937035,1,0,Turning Improperly,4444270,24.3,17.5,0.1,0.1,0.0,1.0,51,13.7,27.4,57,Drizzle: Light,1,1,
66732,2021-08-05 00:30:00,40.670025,-73.84787,0,0,Driver Inattention/Distraction,4443802,27.1,17.4,0.1,0.1,0.0,1.0,51,13.2,27.0,5,Drizzle: Light,0,0,
66733,2021-08-04 15:30:00,40.64214,-73.92909,1,0,Driver Inattention/Distraction,4443870,24.3,17.5,0.1,0.1,0.0,1.0,51,13.7,27.4,57,Drizzle: Light,1,1,
66734,2021-08-06 14:59:00,40.830112,-73.940315,0,0,Backing Unsafely,4444621,28.9,17.4,0.0,0.0,0.0,0.0,3,18.1,38.2,188,Overcast,0,0,
66735,2021-08-05 19:33:00,40.764267,-73.722946,0,0,Unspecified,4444285,27.1,17.4,0.1,0.1,0.0,1.0,51,13.2,27.0,5,Drizzle: Light,0,0,
66736,2021-08-04 09:50:00,40.781647,-73.8367,1,0,Turning Improperly,4443840,24.3,17.5,0.1,0.1,0.0,1.0,51,13.7,27.4,57,Drizzle: Light,1,1,
66737,2021-08-05 17:15:00,40.711433,-73.79102,0,0,Driver Inattention/Distraction,4444067,27.1,17.4,0.1,0.1,0.0,1.0,51,13.2,27.0,5,Drizzle: Light,0,0,
66738,2021-08-05 18:30:00,40.728725,-73.95462,0,0,Turning Improperly,4444302,27.1,17.4,0.1,0.1,0.0,1.0,51,13.2,27.0,5,Drizzle: Light,0,0,
66739,2021-08-04 00:28:00,40.641747,-74.013824,0,0,Traffic Control Disregarded,4443531,24.3,17.5,0.1,0.1,0.0,1.0,51,13.7,27.4,57,Drizzle: Light,0,0,
66740,2021-08-04 00:00:00,40.643497,-74.07418,0,0,Unspecified,4444099,24.3,17.5,0.1,0.1,0.0,1.0,51,13.7,27.4,57,Drizzle: Light,0,0,
66741,2021-08-06 13:30:00,40.69488,-73.94042,0,0,Turning Improperly,4444914,28.9,17.4,0.0,0.0,0.0,0.0,3,18.1,38.2,188,Overcast,0,0,
66742,2021-08-06 16:00:00,40.767418,-73.7906,0,0,Unspecified,4444381,28.9,17.4,0.0,0.0,0.0,0.0,3,18.1,38.2,188,Overcast,0,0,
66743,2021-08-06 21:55:00,40.728542,-73.73633,1,0,Unspecified,4444401,28.9,17.4,0.0,0.0,0.0,0.0,3,18.1,38.2,188,Overcast,1,1,
66744,2021-08-05 17:42:00,40.674953,-73.80205,0,0,Driver Inattention/Distraction,4444185,27.1,17.4,0.1,0.1,0.0,1.0,51,13.2,27.0,5,Drizzle: Light,0,0,
66745,2021-08-04 15:40:00,40.681545,-73.98129,0,0,Passing or Lane Usage Improper,4443783,24.3,17.5,0.1,0.1,0.0,1.0,51,13.7,27.4,57,Drizzle: Light,0,0,
66746,2021-08-05 06:00:00,40.699017,-73.80696,0,0,Driver Inattention/Distraction,4443997,27.1,17.4,0.1,0.1,0.0,1.0,51,13.2,27.0,5,Drizzle: Light,0,0,
66747,2021-08-05 19:35:00,40.828346,-73.94906,0,0,Unspecified,4444177,27.1,17.4,0.1,0.1,0.0,1.0,51,13.2,27.0,5,Drizzle: Light,0,0,
66748,2021-08-06 02:44:00,40.748913,-73.9374,2,0,Driver Inattention/Distraction,4444151,28.9,17.4,0.0,0.0,0.0,0.0,3,18.1,38.2,188,Overcast,2,2,
66749,2021-08-05 16:15:00,40.61284,-73.92598,0,0,Unspecified,4444054,27.1,17.4,0.1,0.1,0.0,1.0,51,13.2,27.0,5,Drizzle: Light,0,0,
66750,2021-07-05 19:00:00,40.71206,-73.76934,0,0,Driver Inattention/Distraction,4444326,26.4,17.3,0.7,0.7,0.0,2.0,53,18.8,34.6,142,Drizzle: Moderate,0,0,
66751,2021-08-04 00:50:00,40.6777,-73.89068,0,0,Unspecified,4443589,24.3,17.5,0.1,0.1,0.0,1.0,51,13.7,27.4,57,Drizzle: Light,0,0,
66752,2021-08-06 13:07:00,40.63358,-74.00483,1,0,Unspecified,4445071,28.9,17.4,0.0,0.0,0.0,0.0,3,18.1,38.2,188,Overcast,1,1,
66753,2021-08-05 13:15:00,40.671368,-73.98206,0,0,Steering Failure,4444073,27.1,17.4,0.1,0.1,0.0,1.0,51,13.2,27.0,5,Drizzle: Light,0,0,
66754,2021-08-04 09:05:00,40.6385,-73.899925,0,0,Unspecified,4443752,24.3,17.5,0.1,0.1,0.0,1.0,51,13.7,27.4,57,Drizzle: Light,0,0,
66755,2021-08-06 05:00:00,40.67798,-73.872116,0,0,Passing or Lane Usage Improper,4444254,28.9,17.4,0.0,0.0,0.0,0.0,3,18.1,38.2,188,Overcast,0,0,
66756,2021-08-04 13:02:00,40.756264,-73.823524,0,0,Failure to Yield Right-of-Way,4443842,24.3,17.5,0.1,0.1,0.0,1.0,51,13.7,27.4,57,Drizzle: Light,0,0,
66757,2021-08-06 18:48:00,40.68787,-73.978355,1,0,Unsafe Lane Changing,4444386,28.9,17.4,0.0,0.0,0.0,0.0,3,18.1,38.2,188,Overcast,1,1,
66758,2021-08-04 05:08:00,40.68775,-73.79039,0,0,Following Too Closely,4445130,24.3,17.5,0.1,0.1,0.0,1.0,51,13.7,27.4,57,Drizzle: Light,0,0,
66759,2021-08-06 06:09:00,40.817795,-73.89319,1,0,Driver Inattention/Distraction,4444313,28.9,17.4,0.0,0.0,0.0,0.0,3,18.1,38.2,188,Overcast,1,1,
66760,2021-08-05 15:30:00,40.83064,-73.885635,0,0,Driver Inattention/Distraction,4444656,27.1,17.4,0.1,0.1,0.0,1.0,51,13.2,27.0,5,Drizzle: Light,0,0,
66761,2021-08-04 16:00:00,40.693623,-73.72879,1,0,Failure to Yield Right-of-Way,4444106,24.3,17.5,0.1,0.1,0.0,1.0,51,13.7,27.4,57,Drizzle: Light,1,1,
66762,2021-08-06 18:40:00,40.699757,-73.75855,0,0,Passing Too Closely,4444403,28.9,17.4,0.0,0.0,0.0,0.0,3,18.1,38.2,188,Overcast,0,0,
66763,2021-08-05 23:00:00,40.8119,-73.966255,0,0,Unspecified,4444624,27.1,17.4,0.1,0.1,0.0,1.0,51,13.2,27.0,5,Drizzle: Light,0,0,
66764,2021-05-21 18:15:00,40.753864,-73.89264,0,0,Unspecified,4444839,23.9,11.3,0.0,0.0,0.0,0.0,3,19.2,38.5,174,Overcast,0,0,
66765,2021-08-06 14:50:00,40.89845,-73.85431,0,0,Passing or Lane Usage Improper,4445086,28.9,17.4,0.0,0.0,0.0,0.0,3,18.1,38.2,188,Overcast,0,0,
66766,2021-08-05 03:29:00,40.69728,-73.987045,0,0,Passing or Lane Usage Improper,4443795,27.1,17.4,0.1,0.1,0.0,1.0,51,13.2,27.0,5,Drizzle: Light,0,0,
66767,2021-08-05 10:55:00,40.65822,-73.89146,0,0,Passing Too Closely,4443991,27.1,17.4,0.1,0.1,0.0,1.0,51,13.2,27.0,5,Drizzle: Light,0,0,
66768,2021-08-06 06:10:00,40.660847,-73.8403,0,0,Following Too Closely,4444793,28.9,17.4,0.0,0.0,0.0,0.0,3,18.1,38.2,188,Overcast,0,0,
66769,2021-08-02 20:30:00,40.670006,-73.95328,1,0,Following Too Closely,4444867,26.4,17.2,0.0,0.0,0.0,0.0,3,18.4,37.4,313,Overcast,1,1,
66770,2021-08-06 07:03:00,40.659412,-73.8708,0,0,Passing or Lane Usage Improper,4444255,28.9,17.4,0.0,0.0,0.0,0.0,3,18.1,38.2,188,Overcast,0,0,
66771,2021-08-05 09:30:00,40.684685,-73.98114,1,0,Pedestrian/Bicyclist/Other Pedestrian Error/Confusion,4444031,27.1,17.4,0.1,0.1,0.0,1.0,51,13.2,27.0,5,Drizzle: Light,1,1,
66772,2021-08-05 20:07:00,40.835873,-73.8699,0,0,Unsafe Lane Changing,4444240,27.1,17.4,0.1,0.1,0.0,1.0,51,13.2,27.0,5,Drizzle: Light,0,0,
66773,2021-08-05 15:15:00,40.764347,-73.82595,0,0,Unspecified,4444408,27.1,17.4,0.1,0.1,0.0,1.0,51,13.2,27.0,5,Drizzle: Light,0,0,
66774,2021-08-04 16:45:00,40.657497,-73.83947,0,0,Turning Improperly,4443820,24.3,17.5,0.1,0.1,0.0,1.0,51,13.7,27.4,57,Drizzle: Light,0,0,
66775,2021-08-06 15:47:00,40.66223,-73.93997,1,0,Following Too Closely,4444710,28.9,17.4,0.0,0.0,0.0,0.0,3,18.1,38.2,188,Overcast,1,1,
66776,2021-08-06 09:15:00,40.760662,-73.88629,1,0,Driver Inattention/Distraction,4444845,28.9,17.4,0.0,0.0,0.0,0.0,3,18.1,38.2,188,Overcast,1,1,
66777,2021-08-05 12:34:00,40.847813,-73.90754,0,0,Driver Inattention/Distraction,4444208,27.1,17.4,0.1,0.1,0.0,1.0,51,13.2,27.0,5,Drizzle: Light,0,0,
66778,2021-08-05 18:50:00,40.87932,-73.869804,1,0,Tire Failure/Inadequate,4445055,27.1,17.4,0.1,0.1,0.0,1.0,51,13.2,27.0,5,Drizzle: Light,1,1,
66779,2021-08-06 03:47:00,40.682423,-73.97069,1,0,Other Vehicular,4445028,28.9,17.4,0.0,0.0,0.0,0.0,3,18.1,38.2,188,Overcast,1,1,
66780,2021-07-30 09:40:00,40.69657,-73.95844,1,0,Driver Inattention/Distraction,4444761,27.6,19.1,0.0,0.0,0.0,0.0,1,24.2,45.7,310,Mainly clear,1,1,Sunny/Clear Conditions
66781,2021-07-14 17:45:00,40.677025,-73.95268,0,0,Driver Inattention/Distraction,4444888,30.6,21.5,0.8,0.8,0.0,3.0,53,14.5,36.0,191,Drizzle: Moderate,0,0,
66782,2021-07-31 21:35:00,40.69842,-73.90564,1,0,Driver Inattention/Distraction,4444819,25.6,14.5,0.0,0.0,0.0,0.0,2,16.8,33.8,304,Partly cloudy,1,1,
66783,2021-08-04 23:30:00,40.8804,-73.8275,1,0,Pedestrian/Bicyclist/Other Pedestrian Error/Confusion,4444170,24.3,17.5,0.1,0.1,0.0,1.0,51,13.7,27.4,57,Drizzle: Light,1,1,
66784,2021-08-05 07:43:00,40.70973,-73.84631,1,0,Driver Inattention/Distraction,4444091,27.1,17.4,0.1,0.1,0.0,1.0,51,13.2,27.0,5,Drizzle: Light,1,1,
66785,2021-08-06 20:51:00,40.682835,-73.94092,2,0,Reaction to Uninvolved Vehicle,4444947,28.9,17.4,0.0,0.0,0.0,0.0,3,18.1,38.2,188,Overcast,2,2,
66786,2021-08-05 13:29:00,40.878853,-73.87349,0,0,Unsafe Speed,4444223,27.1,17.4,0.1,0.1,0.0,1.0,51,13.2,27.0,5,Drizzle: Light,0,0,
66787,2021-08-04 11:26:00,40.702595,-73.8553,2,0,Driver Inattention/Distraction,4443678,24.3,17.5,0.1,0.1,0.0,1.0,51,13.7,27.4,57,Drizzle: Light,2,2,
66788,2021-08-04 11:54:00,40.705826,-73.79397,1,0,Other Vehicular,4443697,24.3,17.5,0.1,0.1,0.0,1.0,51,13.7,27.4,57,Drizzle: Light,1,1,
66789,2021-08-06 14:55:00,40.78613,-73.80215,1,0,Brakes Defective,4444506,28.9,17.4,0.0,0.0,0.0,0.0,3,18.1,38.2,188,Overcast,1,1,
66790,2021-08-04 08:54:00,40.861343,-73.86749,1,0,Driver Inattention/Distraction,4443912,24.3,17.5,0.1,0.1,0.0,1.0,51,13.7,27.4,57,Drizzle: Light,1,1,
66791,2021-07-30 06:44:00,40.60719,-74.16243,0,0,Driver Inattention/Distraction,4444883,27.6,19.1,0.0,0.0,0.0,0.0,1,24.2,45.7,310,Mainly clear,0,0,Sunny/Clear Conditions
66792,2021-08-06 15:45:00,40.730366,-73.91388,1,0,Following Too Closely,4444442,28.9,17.4,0.0,0.0,0.0,0.0,3,18.1,38.2,188,Overcast,1,1,
66793,2021-08-06 09:50:00,40.7007,-73.83805,0,0,Passing or Lane Usage Improper,4444266,28.9,17.4,0.0,0.0,0.0,0.0,3,18.1,38.2,188,Overcast,0,0,
66794,2021-08-04 21:39:00,40.818558,-73.92732,0,0,Driver Inattention/Distraction,4444158,24.3,17.5,0.1,0.1,0.0,1.0,51,13.7,27.4,57,Drizzle: Light,0,0,
66795,2021-08-04 21:39:00,40.673965,-73.84157,2,0,Failure to Yield Right-of-Way,4443777,24.3,17.5,0.1,0.1,0.0,1.0,51,13.7,27.4,57,Drizzle: Light,2,2,
66796,2021-08-04 21:00:00,40.71592,-73.95909,0,0,Oversized Vehicle,4444298,24.3,17.5,0.1,0.1,0.0,1.0,51,13.7,27.4,57,Drizzle: Light,0,0,
66797,2021-08-05 12:00:00,40.843678,-73.89426,0,0,Following Too Closely,4443977,27.1,17.4,0.1,0.1,0.0,1.0,51,13.2,27.0,5,Drizzle: Light,0,0,
66798,2021-08-06 07:50:00,40.64254,-73.87652,1,0,Driver Inattention/Distraction,4444281,28.9,17.4,0.0,0.0,0.0,0.0,3,18.1,38.2,188,Overcast,1,1,
66799,2021-07-29 19:00:00,40.80647,-73.94644,2,0,Driver Inattention/Distraction,4444675,25.3,20.4,33.0,33.0,0.0,11.0,65,26.1,50.8,182,Rain: Heavy,2,2,
66800,2021-08-05 17:00:00,40.782368,-73.91005,0,0,Driver Inattention/Distraction,4444553,27.1,17.4,0.1,0.1,0.0,1.0,51,13.2,27.0,5,Drizzle: Light,0,0,
66801,2021-08-05 19:30:00,40.72831,-73.959015,0,0,Passing Too Closely,4444303,27.1,17.4,0.1,0.1,0.0,1.0,51,13.2,27.0,5,Drizzle: Light,0,0,
66802,2021-08-05 16:10:00,40.702892,-73.95681,0,0,Driver Inattention/Distraction,4444127,27.1,17.4,0.1,0.1,0.0,1.0,51,13.2,27.0,5,Drizzle: Light,0,0,
66803,2021-08-05 17:19:00,40.696415,-73.88785,0,0,Backing Unsafely,4444831,27.1,17.4,0.1,0.1,0.0,1.0,51,13.2,27.0,5,Drizzle: Light,0,0,
66804,2021-08-04 05:00:00,40.706875,-73.90908,0,0,Passing Too Closely,4443668,24.3,17.5,0.1,0.1,0.0,1.0,51,13.7,27.4,57,Drizzle: Light,0,0,
66805,2021-08-04 12:43:00,40.758644,-73.981346,1,0,Pedestrian/Bicyclist/Other Pedestrian Error/Confusion,4443875,24.3,17.5,0.1,0.1,0.0,1.0,51,13.7,27.4,57,Drizzle: Light,1,1,
66806,2021-08-04 02:15:00,40.861217,-73.90437,0,0,Driver Inattention/Distraction,4443926,24.3,17.5,0.1,0.1,0.0,1.0,51,13.7,27.4,57,Drizzle: Light,0,0,
66807,2021-08-06 18:45:00,40.741028,-73.87697,0,0,Driver Inattention/Distraction,4444873,28.9,17.4,0.0,0.0,0.0,0.0,3,18.1,38.2,188,Overcast,0,0,
66808,2021-08-04 21:55:00,40.692425,-73.96075,0,0,Passing Too Closely,4444735,24.3,17.5,0.1,0.1,0.0,1.0,51,13.7,27.4,57,Drizzle: Light,0,0,
66809,2021-08-04 11:30:00,40.820568,-73.959305,0,0,Unspecified,4443688,24.3,17.5,0.1,0.1,0.0,1.0,51,13.7,27.4,57,Drizzle: Light,0,0,
66810,2021-08-04 08:12:00,40.74757,-73.83481,0,0,Driver Inattention/Distraction,4443805,24.3,17.5,0.1,0.1,0.0,1.0,51,13.7,27.4,57,Drizzle: Light,0,0,
66811,2021-07-25 00:34:00,40.88055,-73.864525,0,0,Passing or Lane Usage Improper,4445067,28.0,20.3,7.3,7.3,0.0,10.0,63,20.9,43.2,198,Rain: Moderate,0,0,
66812,2021-08-05 15:00:00,40.752785,-73.87255,0,0,Unspecified,4444047,27.1,17.4,0.1,0.1,0.0,1.0,51,13.2,27.0,5,Drizzle: Light,0,0,
66813,2021-08-05 20:15:00,40.750843,-73.99026,1,0,Failure to Yield Right-of-Way,4444912,27.1,17.4,0.1,0.1,0.0,1.0,51,13.2,27.0,5,Drizzle: Light,1,1,
66814,2021-08-06 11:50:00,40.75193,-73.808914,1,0,Failure to Yield Right-of-Way,4444358,28.9,17.4,0.0,0.0,0.0,0.0,3,18.1,38.2,188,Overcast,1,1,
66815,2021-08-05 12:30:00,40.670124,-73.95528,0,0,Driver Inattention/Distraction,4444077,27.1,17.4,0.1,0.1,0.0,1.0,51,13.2,27.0,5,Drizzle: Light,0,0,
66816,2021-08-05 06:52:00,40.74854,-73.97315,1,0,View Obstructed/Limited,4443985,27.1,17.4,0.1,0.1,0.0,1.0,51,13.2,27.0,5,Drizzle: Light,1,1,
66817,2021-08-06 07:00:00,40.69942,-73.86878,1,0,Following Too Closely,4444235,28.9,17.4,0.0,0.0,0.0,0.0,3,18.1,38.2,188,Overcast,1,1,
66818,2021-08-04 16:14:00,40.741035,-73.78634,1,0,Lost Consciousness,4443766,24.3,17.5,0.1,0.1,0.0,1.0,51,13.7,27.4,57,Drizzle: Light,1,1,
66819,2021-08-06 17:43:00,40.861298,-73.906265,0,0,Turning Improperly,4444543,28.9,17.4,0.0,0.0,0.0,0.0,3,18.1,38.2,188,Overcast,0,0,
66820,2021-07-29 08:45:00,40.69441,-73.93806,0,0,Unspecified,4444922,25.3,20.4,33.0,33.0,0.0,11.0,65,26.1,50.8,182,Rain: Heavy,0,0,
66821,2021-07-28 13:00:00,40.764164,-73.90485,0,0,Unspecified,4444309,26.7,20.2,0.7,0.7,0.0,3.0,53,16.7,34.2,1,Drizzle: Moderate,0,0,
66822,2021-08-04 11:06:00,40.80314,-73.90906,0,0,Unspecified,4443812,24.3,17.5,0.1,0.1,0.0,1.0,51,13.7,27.4,57,Drizzle: Light,0,0,
66823,2021-08-04 10:00:00,40.729977,-73.99407,0,0,,4444633,24.3,17.5,0.1,0.1,0.0,1.0,51,13.7,27.4,57,Drizzle: Light,0,0,
66824,2021-08-06 13:25:00,40.703674,-73.91513,0,0,Passing Too Closely,4444483,28.9,17.4,0.0,0.0,0.0,0.0,3,18.1,38.2,188,Overcast,0,0,
66825,2021-08-06 20:26:00,40.692154,-73.98529,1,0,Driver Inattention/Distraction,4444396,28.9,17.4,0.0,0.0,0.0,0.0,3,18.1,38.2,188,Overcast,1,1,
66826,2021-07-31 20:35:00,40.626328,-74.13132,1,0,Failure to Yield Right-of-Way,4444893,25.6,14.5,0.0,0.0,0.0,0.0,2,16.8,33.8,304,Partly cloudy,1,1,
66827,2021-08-04 21:30:00,40.63858,-74.02078,1,0,Alcohol Involvement,4445014,24.3,17.5,0.1,0.1,0.0,1.0,51,13.7,27.4,57,Drizzle: Light,1,1,
66828,2021-08-06 09:00:00,40.67272,-73.947464,3,0,Unspecified,4444335,28.9,17.4,0.0,0.0,0.0,0.0,3,18.1,38.2,188,Overcast,3,3,
66829,2021-08-04 13:07:00,40.85735,-73.936584,0,0,Driver Inattention/Distraction,4444367,24.3,17.5,0.1,0.1,0.0,1.0,51,13.7,27.4,57,Drizzle: Light,0,0,
66830,2021-08-01 18:00:00,40.678116,-73.90787,0,0,Other Vehicular,4444782,24.4,16.6,0.8,0.8,0.0,5.0,51,19.9,39.2,168,Drizzle: Light,0,0,
66831,2021-08-06 10:00:00,40.578938,-73.98522,0,0,Unsafe Speed,4444660,28.9,17.4,0.0,0.0,0.0,0.0,3,18.1,38.2,188,Overcast,0,0,
66832,2021-07-16 19:30:00,40.758408,-73.982704,0,0,Unspecified,4444432,32.3,23.2,0.3,0.3,0.0,3.0,51,12.3,33.1,238,Drizzle: Light,0,0,
66833,2021-08-06 16:20:00,40.70996,-73.989334,0,0,Following Too Closely,4444699,28.9,17.4,0.0,0.0,0.0,0.0,3,18.1,38.2,188,Overcast,0,0,
66834,2021-07-30 10:25:00,40.843903,-73.927284,0,0,Unsafe Lane Changing,4444330,27.6,19.1,0.0,0.0,0.0,0.0,1,24.2,45.7,310,Mainly clear,0,0,Sunny/Clear Conditions
66835,2021-08-06 17:35:00,40.600624,-74.163,0,0,Driver Inattention/Distraction,4444905,28.9,17.4,0.0,0.0,0.0,0.0,3,18.1,38.2,188,Overcast,0,0,
66836,2021-08-05 14:50:00,40.814266,-73.912964,1,0,Other Vehicular,4444198,27.1,17.4,0.1,0.1,0.0,1.0,51,13.2,27.0,5,Drizzle: Light,1,1,
66837,2021-08-05 17:58:00,40.610996,-74.09581,1,0,Unspecified,4444143,27.1,17.4,0.1,0.1,0.0,1.0,51,13.2,27.0,5,Drizzle: Light,1,1,
66838,2021-08-05 22:55:00,40.607765,-73.98255,0,0,Following Too Closely,4444393,27.1,17.4,0.1,0.1,0.0,1.0,51,13.2,27.0,5,Drizzle: Light,0,0,
66839,2021-08-06 21:18:00,40.760498,-73.915344,1,0,Driver Inattention/Distraction,4444752,28.9,17.4,0.0,0.0,0.0,0.0,3,18.1,38.2,188,Overcast,1,1,
66840,2021-07-27 13:23:00,40.79825,-73.950645,0,0,Unspecified,4444680,30.4,19.1,0.2,0.2,0.0,2.0,51,19.5,38.9,206,Drizzle: Light,0,0,
66841,2021-08-04 14:31:00,40.846657,-73.85944,1,0,Unspecified,4444976,24.3,17.5,0.1,0.1,0.0,1.0,51,13.7,27.4,57,Drizzle: Light,1,1,
66842,2021-07-29 14:30:00,40.721096,-73.9887,1,0,Driver Inattention/Distraction,4444191,25.3,20.4,33.0,33.0,0.0,11.0,65,26.1,50.8,182,Rain: Heavy,1,1,
66843,2021-08-03 08:59:00,40.638363,-73.900116,1,0,Unspecified,4444594,24.2,15.3,0.0,0.0,0.0,0.0,3,10.7,21.2,7,Overcast,1,1,
66844,2021-08-05 07:30:00,40.675735,-73.89686,2,0,Unspecified,4443904,27.1,17.4,0.1,0.1,0.0,1.0,51,13.2,27.0,5,Drizzle: Light,2,2,
66845,2021-08-04 13:00:00,40.758965,-73.920105,0,0,Unspecified,4444524,24.3,17.5,0.1,0.1,0.0,1.0,51,13.7,27.4,57,Drizzle: Light,0,0,
66846,2021-08-06 21:52:00,40.825996,-73.92483,1,0,Reaction to Uninvolved Vehicle,4444725,28.9,17.4,0.0,0.0,0.0,0.0,3,18.1,38.2,188,Overcast,1,1,
66847,2021-08-05 22:20:00,40.770313,-73.99141,1,0,Unspecified,4444277,27.1,17.4,0.1,0.1,0.0,1.0,51,13.2,27.0,5,Drizzle: Light,1,1,
66848,2021-08-04 05:10:00,40.69535,-73.91632,0,0,Unspecified,4443606,24.3,17.5,0.1,0.1,0.0,1.0,51,13.7,27.4,57,Drizzle: Light,0,0,
66849,2021-08-05 00:00:00,40.804367,-73.93533,1,0,Unspecified,4443971,27.1,17.4,0.1,0.1,0.0,1.0,51,13.2,27.0,5,Drizzle: Light,1,1,
66850,2021-08-05 17:56:00,40.576283,-74.12666,0,0,Following Too Closely,4444262,27.1,17.4,0.1,0.1,0.0,1.0,51,13.2,27.0,5,Drizzle: Light,0,0,
66851,2021-08-04 14:10:00,40.738216,-73.98568,0,0,Passing Too Closely,4443735,24.3,17.5,0.1,0.1,0.0,1.0,51,13.7,27.4,57,Drizzle: Light,0,0,
66852,2021-08-05 10:12:00,40.60848,-73.76537,0,0,Unspecified,4444230,27.1,17.4,0.1,0.1,0.0,1.0,51,13.2,27.0,5,Drizzle: Light,0,0,
66853,2021-08-05 04:15:00,40.619633,-73.945366,1,0,Unspecified,4443937,27.1,17.4,0.1,0.1,0.0,1.0,51,13.2,27.0,5,Drizzle: Light,1,1,
66854,2021-07-14 12:20:00,40.55492,-74.19364,0,0,Traffic Control Disregarded,4444498,30.6,21.5,0.8,0.8,0.0,3.0,53,14.5,36.0,191,Drizzle: Moderate,0,0,
66855,2021-08-05 03:08:00,40.625183,-74.00018,0,0,Driver Inattention/Distraction,4443880,27.1,17.4,0.1,0.1,0.0,1.0,51,13.2,27.0,5,Drizzle: Light,0,0,
66856,2021-08-03 22:40:00,40.665916,-73.92547,1,0,Failure to Yield Right-of-Way,4444962,24.2,15.3,0.0,0.0,0.0,0.0,3,10.7,21.2,7,Overcast,1,1,
66857,2021-08-03 08:00:00,40.753643,-73.90767,1,0,Failure to Yield Right-of-Way,4444519,24.2,15.3,0.0,0.0,0.0,0.0,3,10.7,21.2,7,Overcast,1,1,
66858,2021-08-06 07:45:00,40.704742,-73.902504,0,0,,4444825,28.9,17.4,0.0,0.0,0.0,0.0,3,18.1,38.2,188,Overcast,0,0,