,CRASH DATETIME,LATITUDE,LONGITUDE,NUMBER OF PERSONS INJURED,NUMBER OF PERSONS KILLED,CONTRIBUTING FACTOR VEHICLE 1,COLLISION_ID,temperature_2m_max,temperature_2m_min,precipitation_sum,rain_sum,snowfall_sum,precipitation_hours,weather_code,wind_speed_10m_max,wind_gusts_10m_max,wind_direction_10m_dominant,Weather Description,Severity_Score,Total_Affected_Persons,Weather_Category
66859,2021-08-06 12:20:00,40.737362,-73.70817,0,0,Driver Inexperience,4444294,28.9,17.4,0.0,0.0,0.0,0.0,3,18.1,38.2,188,Overcast,0,0,
66860,2021-08-06 12:00:00,40.679344,-73.859535,0,0,Passing or Lane Usage Improper,4444373,28.9,17.4,0.0,0.0,0.0,0.0,3,18.1,38.2,188,Overcast,0,0,
66861,2021-08-06 11:00:00,40.696033,-73.984535,0,0,Traffic Control Disregarded,4444931,28.9,17.4,0.0,0.0,0.0,0.0,3,18.1,38.2,188,Overcast,0,0,
66862,2021-08-04 15:25:00,40.66743,-73.76676,0,0,Unsafe Lane Changing,4443830,24.3,17.5,0.1,0.1,0.0,1.0,51,13.7,27.4,57,Drizzle: Light,0,0,
66863,2021-08-06 13:10:00,40.60295,-73.93979,0,0,Unspecified,4444345,28.9,17.4,0.0,0.0,0.0,0.0,3,18.1,38.2,188,Overcast,0,0,
66864,2021-08-05 17:26:00,40.790905,-73.93914,0,0,Traffic Control Disregarded,4444081,27.1,17.4,0.1,0.1,0.0,1.0,51,13.2,27.0,5,Drizzle: Light,0,0,
66865,2021-08-03 10:40:00,40.66338,-73.94681,0,0,Unspecified,4444999,24.2,15.3,0.0,0.0,0.0,0.0,3,10.7,21.2,7,Overcast,0,0,
66866,2021-08-05 03:00:00,40.754925,-73.836044,0,0,Passing or Lane Usage Improper,4444362,27.1,17.4,0.1,0.1,0.0,1.0,51,13.2,27.0,5,Drizzle: Light,0,0,
66867,2021-08-04 08:40:00,40.670975,-73.89315,0,0,Unspecified,4443852,24.3,17.5,0.1,0.1,0.0,1.0,51,13.7,27.4,57,Drizzle: Light,0,0,
66868,2021-08-05 11:40:00,40.68884,-73.8219,1,0,Traffic Control Disregarded,4444038,27.1,17.4,0.1,0.1,0.0,1.0,51,13.2,27.0,5,Drizzle: Light,1,1,
66869,2021-07-30 18:00:00,40.849804,-73.92033,0,0,Passing Too Closely,4444213,27.6,19.1,0.0,0.0,0.0,0.0,1,24.2,45.7,310,Mainly clear,0,0,Sunny/Clear Conditions
66870,2021-08-05 14:10:00,40.82092,-73.94333,1,0,Passing or Lane Usage Improper,4445115,27.1,17.4,0.1,0.1,0.0,1.0,51,13.2,27.0,5,Drizzle: Light,1,1,
66871,2021-08-04 05:10:00,40.79748,-73.94879,0,0,Traffic Control Disregarded,4443786,24.3,17.5,0.1,0.1,0.0,1.0,51,13.7,27.4,57,Drizzle: Light,0,0,
66872,2021-08-06 17:00:00,40.584755,-73.94712,0,0,Unsafe Lane Changing,4444435,28.9,17.4,0.0,0.0,0.0,0.0,3,18.1,38.2,188,Overcast,0,0,
66873,2021-07-27 20:04:00,40.657227,-73.900764,2,0,Unspecified,4444777,30.4,19.1,0.2,0.2,0.0,2.0,51,19.5,38.9,206,Drizzle: Light,2,2,
66874,2021-08-04 10:27:00,40.821358,-73.889114,0,0,Other Vehicular,4443980,24.3,17.5,0.1,0.1,0.0,1.0,51,13.7,27.4,57,Drizzle: Light,0,0,
66875,2021-08-05 18:30:00,40.7124,-73.95136,1,0,Failure to Yield Right-of-Way,4444411,27.1,17.4,0.1,0.1,0.0,1.0,51,13.2,27.0,5,Drizzle: Light,1,1,
66876,2021-08-05 13:15:00,40.629166,-73.947334,1,0,Unspecified,4444643,27.1,17.4,0.1,0.1,0.0,1.0,51,13.2,27.0,5,Drizzle: Light,1,1,
66877,2021-08-06 07:16:00,40.772327,-73.94531,0,0,Following Too Closely,4445038,28.9,17.4,0.0,0.0,0.0,0.0,3,18.1,38.2,188,Overcast,0,0,
66878,2021-08-06 03:05:00,40.830368,-73.89718,1,0,Aggressive Driving/Road Rage,4444666,28.9,17.4,0.0,0.0,0.0,0.0,3,18.1,38.2,188,Overcast,1,1,
66879,2021-08-05 15:47:00,40.665474,-73.74751,0,0,Following Too Closely,4444350,27.1,17.4,0.1,0.1,0.0,1.0,51,13.2,27.0,5,Drizzle: Light,0,0,
66880,2021-08-06 23:00:00,40.72091,-73.73371,0,0,Passing Too Closely,4444580,28.9,17.4,0.0,0.0,0.0,0.0,3,18.1,38.2,188,Overcast,0,0,
66881,2021-08-05 03:15:00,40.732197,-73.71031,0,0,Unsafe Speed,4444400,27.1,17.4,0.1,0.1,0.0,1.0,51,13.2,27.0,5,Drizzle: Light,0,0,
66882,2021-08-05 02:15:00,40.758488,-73.96591,0,0,Unspecified,4444565,27.1,17.4,0.1,0.1,0.0,1.0,51,13.2,27.0,5,Drizzle: Light,0,0,
66883,2021-08-06 05:43:00,40.780148,-73.84603,0,0,Unspecified,4444363,28.9,17.4,0.0,0.0,0.0,0.0,3,18.1,38.2,188,Overcast,0,0,
66884,2021-08-06 17:22:00,40.725243,-74.01006,0,0,Driver Inattention/Distraction,4444494,28.9,17.4,0.0,0.0,0.0,0.0,3,18.1,38.2,188,Overcast,0,0,
66885,2021-08-05 14:14:00,40.824707,-73.91552,0,0,Unspecified,4444657,27.1,17.4,0.1,0.1,0.0,1.0,51,13.2,27.0,5,Drizzle: Light,0,0,
66886,2021-08-06 21:55:00,40.58566,-73.81729,0,0,Other Vehicular,4444424,28.9,17.4,0.0,0.0,0.0,0.0,3,18.1,38.2,188,Overcast,0,0,
66887,2021-08-04 20:01:00,40.6678,-73.801414,3,0,Passing Too Closely,4444008,24.3,17.5,0.1,0.1,0.0,1.0,51,13.7,27.4,57,Drizzle: Light,3,3,
66888,2021-08-06 02:52:00,40.658215,-73.9088,0,0,Driver Inattention/Distraction,4444693,28.9,17.4,0.0,0.0,0.0,0.0,3,18.1,38.2,188,Overcast,0,0,
66889,2021-08-04 20:24:00,40.76844,-73.927155,0,0,Unspecified,4444537,24.3,17.5,0.1,0.1,0.0,1.0,51,13.7,27.4,57,Drizzle: Light,0,0,
66890,2021-08-05 04:30:00,40.608154,-74.13211,1,0,Driver Inattention/Distraction,4444900,27.1,17.4,0.1,0.1,0.0,1.0,51,13.2,27.0,5,Drizzle: Light,1,1,
66891,2021-08-06 07:10:00,40.83639,-73.940735,0,0,Passing Too Closely,4444267,28.9,17.4,0.0,0.0,0.0,0.0,3,18.1,38.2,188,Overcast,0,0,
66892,2021-07-31 18:10:00,40.778,-73.7783,0,0,Backing Unsafely,4444586,25.6,14.5,0.0,0.0,0.0,0.0,2,16.8,33.8,304,Partly cloudy,0,0,
66893,2021-07-26 14:35:00,40.67529,-73.906555,0,0,Unspecified,4444686,31.4,21.8,0.0,0.0,0.0,0.0,3,13.0,25.6,295,Overcast,0,0,
66894,2021-08-06 16:57:00,40.73634,-73.93266,1,0,Driver Inattention/Distraction,4444389,28.9,17.4,0.0,0.0,0.0,0.0,3,18.1,38.2,188,Overcast,1,1,
66895,2021-08-04 16:00:00,40.695377,-73.94921,0,0,Passing Too Closely,4444747,24.3,17.5,0.1,0.1,0.0,1.0,51,13.7,27.4,57,Drizzle: Light,0,0,
66896,2021-08-06 14:12:00,40.748848,-73.872375,1,0,Driver Inattention/Distraction,4444604,28.9,17.4,0.0,0.0,0.0,0.0,3,18.1,38.2,188,Overcast,1,1,
66897,2021-08-05 00:51:00,40.671627,-73.93364,0,0,Driver Inattention/Distraction,4444331,27.1,17.4,0.1,0.1,0.0,1.0,51,13.2,27.0,5,Drizzle: Light,0,0,
66898,2021-08-04 17:15:00,40.861828,-73.89286,10,0,Aggressive Driving/Road Rage,4443948,24.3,17.5,0.1,0.1,0.0,1.0,51,13.7,27.4,57,Drizzle: Light,10,10,
66899,2021-07-25 17:41:00,40.885693,-73.86165,0,0,View Obstructed/Limited,4445056,28.0,20.3,7.3,7.3,0.0,10.0,63,20.9,43.2,198,Rain: Moderate,0,0,
66900,2021-08-05 10:35:00,40.672157,-73.91691,1,0,Backing Unsafely,4444717,27.1,17.4,0.1,0.1,0.0,1.0,51,13.2,27.0,5,Drizzle: Light,1,1,
66901,2021-08-04 02:00:00,40.61074,-74.09583,0,0,Unspecified,4443626,24.3,17.5,0.1,0.1,0.0,1.0,51,13.7,27.4,57,Drizzle: Light,0,0,
66902,2021-08-04 19:30:00,40.666573,-73.78632,8,0,Unsafe Speed,4443859,24.3,17.5,0.1,0.1,0.0,1.0,51,13.7,27.4,57,Drizzle: Light,8,8,
66903,2021-08-06 22:11:00,40.67937,-73.886444,1,0,Alcohol Involvement,4444459,28.9,17.4,0.0,0.0,0.0,0.0,3,18.1,38.2,188,Overcast,1,1,
66904,2021-08-04 09:20:00,40.665245,-73.73709,0,0,Unspecified,4443713,24.3,17.5,0.1,0.1,0.0,1.0,51,13.7,27.4,57,Drizzle: Light,0,0,
66905,2021-08-04 21:00:00,40.716625,-73.904625,0,0,Driver Inattention/Distraction,4444821,24.3,17.5,0.1,0.1,0.0,1.0,51,13.7,27.4,57,Drizzle: Light,0,0,
66906,2021-08-05 21:23:00,40.81847,-73.9414,1,0,Turning Improperly,4444245,27.1,17.4,0.1,0.1,0.0,1.0,51,13.2,27.0,5,Drizzle: Light,1,1,
66907,2021-08-06 11:50:00,40.67256,-73.840256,0,0,Traffic Control Disregarded,4444377,28.9,17.4,0.0,0.0,0.0,0.0,3,18.1,38.2,188,Overcast,0,0,
66908,2021-08-01 17:45:00,40.76122,-73.93056,1,0,Driver Inattention/Distraction,4444514,24.4,16.6,0.8,0.8,0.0,5.0,51,19.9,39.2,168,Drizzle: Light,1,1,
66909,2021-08-05 06:18:00,40.58712,-73.96205,0,0,Driver Inattention/Distraction,4443871,27.1,17.4,0.1,0.1,0.0,1.0,51,13.2,27.0,5,Drizzle: Light,0,0,
66910,2021-08-04 21:53:00,40.674744,-73.76368,1,0,Unsafe Speed,4443782,24.3,17.5,0.1,0.1,0.0,1.0,51,13.7,27.4,57,Drizzle: Light,1,1,
66911,2021-08-04 12:30:00,40.595592,-73.739624,0,0,Backing Unsafely,4443856,24.3,17.5,0.1,0.1,0.0,1.0,51,13.7,27.4,57,Drizzle: Light,0,0,
66912,2021-08-05 11:58:00,40.85573,-73.910416,1,0,Failure to Yield Right-of-Way,4444217,27.1,17.4,0.1,0.1,0.0,1.0,51,13.2,27.0,5,Drizzle: Light,1,1,
66913,2021-08-05 16:30:00,40.749416,-73.88427,0,0,Driver Inattention/Distraction,4444059,27.1,17.4,0.1,0.1,0.0,1.0,51,13.2,27.0,5,Drizzle: Light,0,0,
66914,2021-08-04 19:05:00,40.741234,-73.84573,0,0,Brakes Defective,4443823,24.3,17.5,0.1,0.1,0.0,1.0,51,13.7,27.4,57,Drizzle: Light,0,0,
66915,2021-08-05 16:10:00,40.705425,-73.78258,1,0,Driver Inattention/Distraction,4444068,27.1,17.4,0.1,0.1,0.0,1.0,51,13.2,27.0,5,Drizzle: Light,1,1,
66916,2021-08-01 13:00:00,40.761425,-73.86053,0,0,Driver Inattention/Distraction,4444838,24.4,16.6,0.8,0.8,0.0,5.0,51,19.9,39.2,168,Drizzle: Light,0,0,
66917,2021-08-04 03:04:00,40.63367,-74.01427,1,0,Unspecified,4443549,24.3,17.5,0.1,0.1,0.0,1.0,51,13.7,27.4,57,Drizzle: Light,1,1,
66918,2021-08-06 22:50:00,40.815826,-73.947044,1,0,Driver Inattention/Distraction,4445124,28.9,17.4,0.0,0.0,0.0,0.0,3,18.1,38.2,188,Overcast,1,1,
66919,2021-08-05 11:50:00,40.628544,-74.07648,0,0,Unspecified,4444100,27.1,17.4,0.1,0.1,0.0,1.0,51,13.2,27.0,5,Drizzle: Light,0,0,
66920,2021-08-06 06:20:00,40.755325,-73.94599,0,0,Unspecified,4444556,28.9,17.4,0.0,0.0,0.0,0.0,3,18.1,38.2,188,Overcast,0,0,
66921,2021-08-06 07:00:00,40.69942,-73.86878,1,0,Following Too Closely,4444234,28.9,17.4,0.0,0.0,0.0,0.0,3,18.1,38.2,188,Overcast,1,1,
66922,2021-08-06 00:23:00,40.672363,-73.9308,1,0,Passing or Lane Usage Improper,4444859,28.9,17.4,0.0,0.0,0.0,0.0,3,18.1,38.2,188,Overcast,1,1,
66923,2021-08-05 09:13:00,40.672607,-73.89992,0,0,Unspecified,4443995,27.1,17.4,0.1,0.1,0.0,1.0,51,13.2,27.0,5,Drizzle: Light,0,0,
66924,2021-08-05 18:11:00,40.7393,-73.837036,0,0,Unsafe Lane Changing,4444184,27.1,17.4,0.1,0.1,0.0,1.0,51,13.2,27.0,5,Drizzle: Light,0,0,
66925,2021-08-04 19:00:00,40.644077,-73.97638,0,0,View Obstructed/Limited,4445080,24.3,17.5,0.1,0.1,0.0,1.0,51,13.7,27.4,57,Drizzle: Light,0,0,
66926,2021-08-06 18:29:00,40.624634,-73.93794,1,0,Driver Inattention/Distraction,4444415,28.9,17.4,0.0,0.0,0.0,0.0,3,18.1,38.2,188,Overcast,1,1,
66927,2021-08-06 14:30:00,40.734848,-73.90002,0,0,Driver Inattention/Distraction,4444612,28.9,17.4,0.0,0.0,0.0,0.0,3,18.1,38.2,188,Overcast,0,0,
66928,2021-08-06 13:20:00,40.612717,-74.085014,2,0,Unspecified,4444801,28.9,17.4,0.0,0.0,0.0,0.0,3,18.1,38.2,188,Overcast,2,2,
66929,2021-08-06 00:50:00,40.759037,-73.8879,1,0,Traffic Control Disregarded,4444272,28.9,17.4,0.0,0.0,0.0,0.0,3,18.1,38.2,188,Overcast,1,1,
66930,2021-08-06 15:20:00,40.568893,-74.09205,0,0,Unspecified,4444439,28.9,17.4,0.0,0.0,0.0,0.0,3,18.1,38.2,188,Overcast,0,0,
66931,2021-08-05 09:35:00,40.82602,-73.905754,0,0,Aggressive Driving/Road Rage,4444649,27.1,17.4,0.1,0.1,0.0,1.0,51,13.2,27.0,5,Drizzle: Light,0,0,
66932,2021-07-30 16:00:00,40.67247,-73.79987,0,0,Turning Improperly,4444404,27.6,19.1,0.0,0.0,0.0,0.0,1,24.2,45.7,310,Mainly clear,0,0,Sunny/Clear Conditions
66933,2021-07-30 14:00:00,40.67695,-73.91367,1,0,Other Vehicular,4444813,27.6,19.1,0.0,0.0,0.0,0.0,1,24.2,45.7,310,Mainly clear,1,1,Sunny/Clear Conditions
66934,2021-08-06 03:00:00,40.75898,-73.87075,0,0,Traffic Control Disregarded,4444840,28.9,17.4,0.0,0.0,0.0,0.0,3,18.1,38.2,188,Overcast,0,0,
66935,2021-08-06 23:40:00,40.6828,-73.90638,1,0,Passing Too Closely,4444487,28.9,17.4,0.0,0.0,0.0,0.0,3,18.1,38.2,188,Overcast,1,1,
66936,2021-08-02 13:40:00,40.729755,-74.00217,1,0,Failure to Yield Right-of-Way,4444630,26.4,17.2,0.0,0.0,0.0,0.0,3,18.4,37.4,313,Overcast,1,1,
66937,2021-08-01 02:40:00,40.811478,-73.950226,0,0,Pedestrian/Bicyclist/Other Pedestrian Error/Confusion,4444714,24.4,16.6,0.8,0.8,0.0,5.0,51,19.9,39.2,168,Drizzle: Light,0,0,
66938,2021-08-05 00:05:00,40.657413,-73.983,0,0,Unspecified,4445012,27.1,17.4,0.1,0.1,0.0,1.0,51,13.2,27.0,5,Drizzle: Light,0,0,
66939,2021-08-05 05:00:00,40.76019,-73.9329,0,0,Unspecified,4445090,27.1,17.4,0.1,0.1,0.0,1.0,51,13.2,27.0,5,Drizzle: Light,0,0,
66940,2021-08-06 14:30:00,40.64479,-74.00827,0,0,Unspecified,4445049,28.9,17.4,0.0,0.0,0.0,0.0,3,18.1,38.2,188,Overcast,0,0,
66941,2021-08-04 16:37:00,40.708492,-74.00294,1,0,Passing or Lane Usage Improper,4444159,24.3,17.5,0.1,0.1,0.0,1.0,51,13.7,27.4,57,Drizzle: Light,1,1,
66942,2021-08-06 11:30:00,40.756958,-73.77326,0,0,Driver Inattention/Distraction,4444286,28.9,17.4,0.0,0.0,0.0,0.0,3,18.1,38.2,188,Overcast,0,0,
66943,2021-07-26 14:51:00,40.66353,-73.913086,0,0,Driver Inattention/Distraction,4444774,31.4,21.8,0.0,0.0,0.0,0.0,3,13.0,25.6,295,Overcast,0,0,
66944,2021-08-05 17:00:00,40.81505,-73.92427,0,0,Unspecified,4444529,27.1,17.4,0.1,0.1,0.0,1.0,51,13.2,27.0,5,Drizzle: Light,0,0,
66945,2021-07-30 12:29:00,40.735043,-73.95621,0,0,Unspecified,4444299,27.6,19.1,0.0,0.0,0.0,0.0,1,24.2,45.7,310,Mainly clear,0,0,Sunny/Clear Conditions
66946,2021-08-06 16:00:00,40.68945,-73.96809,1,0,Failure to Yield Right-of-Way,4444387,28.9,17.4,0.0,0.0,0.0,0.0,3,18.1,38.2,188,Overcast,1,1,
66947,2021-08-06 10:12:00,40.714687,-73.94271,0,0,Oversized Vehicle,4444304,28.9,17.4,0.0,0.0,0.0,0.0,3,18.1,38.2,188,Overcast,0,0,
66948,2021-06-19 04:50:00,40.677845,-73.95282,0,0,Unspecified,4444887,31.5,19.5,1.2,1.2,0.0,3.0,53,21.1,38.2,243,Drizzle: Moderate,0,0,
66949,2021-08-04 07:55:00,40.681343,-73.965515,0,0,Unspecified,4443685,24.3,17.5,0.1,0.1,0.0,1.0,51,13.7,27.4,57,Drizzle: Light,0,0,
66950,2021-08-04 10:20:00,40.71769,-73.831406,0,0,Unsafe Lane Changing,4443689,24.3,17.5,0.1,0.1,0.0,1.0,51,13.7,27.4,57,Drizzle: Light,0,0,
66951,2021-08-04 19:50:00,40.71997,-73.992905,1,0,Pedestrian/Bicyclist/Other Pedestrian Error/Confusion,4443894,24.3,17.5,0.1,0.1,0.0,1.0,51,13.7,27.4,57,Drizzle: Light,1,1,
66952,2021-08-05 18:00:00,40.696342,-73.97644,0,0,Passing or Lane Usage Improper,4444095,27.1,17.4,0.1,0.1,0.0,1.0,51,13.2,27.0,5,Drizzle: Light,0,0,
66953,2021-08-04 05:01:00,40.80348,-73.87374,0,0,Unspecified,4443720,24.3,17.5,0.1,0.1,0.0,1.0,51,13.7,27.4,57,Drizzle: Light,0,0,
66954,2021-08-06 21:05:00,40.696815,-73.93496,1,0,Driver Inattention/Distraction,4444930,28.9,17.4,0.0,0.0,0.0,0.0,3,18.1,38.2,188,Overcast,1,1,
66955,2021-08-05 03:10:00,40.801125,-73.92988,0,0,Steering Failure,4443914,27.1,17.4,0.1,0.1,0.0,1.0,51,13.2,27.0,5,Drizzle: Light,0,0,
66956,2021-08-05 13:40:00,40.68039,-73.94956,1,0,Driver Inattention/Distraction,4444760,27.1,17.4,0.1,0.1,0.0,1.0,51,13.2,27.0,5,Drizzle: Light,1,1,
66957,2021-08-04 20:00:00,40.70839,-73.939964,0,0,Unspecified,4444136,24.3,17.5,0.1,0.1,0.0,1.0,51,13.7,27.4,57,Drizzle: Light,0,0,
66958,2021-08-04 17:54:00,40.753555,-73.70362,0,0,Failure to Yield Right-of-Way,4443763,24.3,17.5,0.1,0.1,0.0,1.0,51,13.7,27.4,57,Drizzle: Light,0,0,
66959,2021-08-03 21:32:00,40.819424,-73.955574,0,0,Unspecified,4444466,24.2,15.3,0.0,0.0,0.0,0.0,3,10.7,21.2,7,Overcast,0,0,
66960,2021-08-04 00:00:00,40.83045,-73.8509,0,0,Unsafe Speed,4443957,24.3,17.5,0.1,0.1,0.0,1.0,51,13.7,27.4,57,Drizzle: Light,0,0,
66961,2021-08-05 09:08:00,40.58038,-73.967606,0,0,Unsafe Speed,4444670,27.1,17.4,0.1,0.1,0.0,1.0,51,13.2,27.0,5,Drizzle: Light,0,0,
66962,2021-08-04 22:00:00,40.820297,-73.90411,0,0,Unspecified,4444157,24.3,17.5,0.1,0.1,0.0,1.0,51,13.7,27.4,57,Drizzle: Light,0,0,
66963,2021-08-04 08:50:00,40.83358,-73.861084,0,0,Driver Inexperience,4443648,24.3,17.5,0.1,0.1,0.0,1.0,51,13.7,27.4,57,Drizzle: Light,0,0,
66964,2021-06-18 16:19:00,40.81443,-73.88691,0,0,Backing Unsafely,4444318,27.4,13.8,0.0,0.0,0.0,0.0,3,20.5,40.3,210,Overcast,0,0,
66965,2021-08-04 15:55:00,40.821175,-73.92574,1,0,Failure to Keep Right,4443897,24.3,17.5,0.1,0.1,0.0,1.0,51,13.7,27.4,57,Drizzle: Light,1,1,
66966,2021-08-04 00:00:00,40.643543,-73.87787,1,0,Unspecified,4444249,24.3,17.5,0.1,0.1,0.0,1.0,51,13.7,27.4,57,Drizzle: Light,1,1,
66967,2021-08-06 16:45:00,40.752228,-73.93911,1,0,Unsafe Speed,4444739,28.9,17.4,0.0,0.0,0.0,0.0,3,18.1,38.2,188,Overcast,1,1,
66968,2021-07-27 16:12:00,40.780605,-73.91222,0,0,Unspecified,4444510,30.4,19.1,0.2,0.2,0.0,2.0,51,19.5,38.9,206,Drizzle: Light,0,0,
66969,2021-08-06 16:30:00,40.699024,-73.91623,1,0,Passing Too Closely,4444484,28.9,17.4,0.0,0.0,0.0,0.0,3,18.1,38.2,188,Overcast,1,1,
66970,2021-07-30 18:30:00,40.6266,-74.16119,1,0,Failure to Yield Right-of-Way,4444882,27.6,19.1,0.0,0.0,0.0,0.0,1,24.2,45.7,310,Mainly clear,1,1,Sunny/Clear Conditions
66971,2021-08-05 11:45:00,40.64204,-74.0204,0,0,Passing or Lane Usage Improper,4445047,27.1,17.4,0.1,0.1,0.0,1.0,51,13.2,27.0,5,Drizzle: Light,0,0,
66972,2021-08-04 14:45:00,40.70003,-73.90698,0,0,Driver Inattention/Distraction,4443953,24.3,17.5,0.1,0.1,0.0,1.0,51,13.7,27.4,57,Drizzle: Light,0,0,
66973,2021-07-30 01:32:00,40.720573,-73.93622,1,0,Fell Asleep,4444297,27.6,19.1,0.0,0.0,0.0,0.0,1,24.2,45.7,310,Mainly clear,1,1,Sunny/Clear Conditions
66974,2021-07-24 10:30:00,40.788994,-73.94656,2,0,Other Vehicular,4444676,26.8,18.2,0.0,0.0,0.0,0.0,3,16.3,31.7,152,Overcast,2,2,
66975,2021-08-05 09:30:00,40.809284,-73.92927,0,0,Unspecified,4443976,27.1,17.4,0.1,0.1,0.0,1.0,51,13.2,27.0,5,Drizzle: Light,0,0,
66976,2021-08-06 11:20:00,40.69535,-73.962494,1,0,Driver Inattention/Distraction,4444276,28.9,17.4,0.0,0.0,0.0,0.0,3,18.1,38.2,188,Overcast,1,1,
66977,2021-08-06 15:34:00,40.76548,-73.913704,1,0,Driver Inattention/Distraction,4444738,28.9,17.4,0.0,0.0,0.0,0.0,3,18.1,38.2,188,Overcast,1,1,
66978,2021-08-04 01:10:00,40.755154,-73.98086,1,0,Following Too Closely,4443671,24.3,17.5,0.1,0.1,0.0,1.0,51,13.7,27.4,57,Drizzle: Light,1,1,
66979,2021-08-04 13:50:00,40.832657,-73.86097,0,0,Oversized Vehicle,4443717,24.3,17.5,0.1,0.1,0.0,1.0,51,13.7,27.4,57,Drizzle: Light,0,0,
66980,2021-08-06 15:00:00,40.635853,-74.16619,0,0,Driver Inattention/Distraction,4444906,28.9,17.4,0.0,0.0,0.0,0.0,3,18.1,38.2,188,Overcast,0,0,
66981,2021-08-06 23:11:00,40.61606,-74.02576,0,0,Unspecified,4444812,28.9,17.4,0.0,0.0,0.0,0.0,3,18.1,38.2,188,Overcast,0,0,
66982,2021-08-05 21:50:00,40.642563,-74.08653,1,0,Unspecified,4444144,27.1,17.4,0.1,0.1,0.0,1.0,51,13.2,27.0,5,Drizzle: Light,1,1,
66983,2021-07-12 16:19:00,40.688698,-73.942085,2,0,Failure to Yield Right-of-Way,4444755,28.6,22.0,9.7,9.7,0.0,12.0,63,12.0,31.7,107,Rain: Moderate,2,2,
66984,2021-08-04 18:35:00,40.811367,-73.95402,0,0,Unspecified,4444977,24.3,17.5,0.1,0.1,0.0,1.0,51,13.7,27.4,57,Drizzle: Light,0,0,
66985,2021-06-20 22:20:00,40.672363,-73.9308,0,0,Driver Inattention/Distraction,4444889,28.7,17.3,0.3,0.3,0.0,2.0,51,19.5,40.0,212,Drizzle: Light,0,0,
66986,2021-08-06 23:15:00,40.60715,-73.89837,3,0,Aggressive Driving/Road Rage,4444472,28.9,17.4,0.0,0.0,0.0,0.0,3,18.1,38.2,188,Overcast,3,3,
66987,2021-08-06 08:30:00,40.65288,-73.90646,0,0,Failure to Yield Right-of-Way,4444706,28.9,17.4,0.0,0.0,0.0,0.0,3,18.1,38.2,188,Overcast,0,0,
66988,2021-08-04 21:35:00,40.71604,-73.80504,7,0,Driver Inattention/Distraction,4444479,24.3,17.5,0.1,0.1,0.0,1.0,51,13.7,27.4,57,Drizzle: Light,7,7,
66989,2021-08-04 21:45:00,40.756763,-73.96716,2,0,Unsafe Lane Changing,4444150,24.3,17.5,0.1,0.1,0.0,1.0,51,13.7,27.4,57,Drizzle: Light,2,2,
66990,2021-08-04 16:20:00,40.65619,-73.9396,2,0,Driver Inattention/Distraction,4443749,24.3,17.5,0.1,0.1,0.0,1.0,51,13.7,27.4,57,Drizzle: Light,2,2,
66991,2021-08-04 15:20:00,40.77058,-73.84303,0,0,Traffic Control Device Improper/Non-Working,4443843,24.3,17.5,0.1,0.1,0.0,1.0,51,13.7,27.4,57,Drizzle: Light,0,0,
66992,2021-08-05 20:47:00,40.747334,-73.73681,0,0,Unsafe Lane Changing,4444138,27.1,17.4,0.1,0.1,0.0,1.0,51,13.2,27.0,5,Drizzle: Light,0,0,
66993,2021-08-05 12:15:00,40.67251,-73.873726,0,0,Unspecified,4443994,27.1,17.4,0.1,0.1,0.0,1.0,51,13.2,27.0,5,Drizzle: Light,0,0,
66994,2021-08-06 08:40:00,40.81053,-73.96206,0,0,Unsafe Speed,4444419,28.9,17.4,0.0,0.0,0.0,0.0,3,18.1,38.2,188,Overcast,0,0,
66995,2021-08-05 08:15:00,40.72297,-73.84448,0,0,Unspecified,4444090,27.1,17.4,0.1,0.1,0.0,1.0,51,13.2,27.0,5,Drizzle: Light,0,0,
66996,2021-08-04 12:25:00,40.669865,-73.95051,2,0,Traffic Control Disregarded,4443677,24.3,17.5,0.1,0.1,0.0,1.0,51,13.7,27.4,57,Drizzle: Light,2,2,
66997,2021-08-06 12:40:00,40.752045,-73.78885,0,0,Driver Inattention/Distraction,4444287,28.9,17.4,0.0,0.0,0.0,0.0,3,18.1,38.2,188,Overcast,0,0,
66998,2021-08-06 14:42:00,40.778606,-73.98163,0,0,Following Too Closely,4444571,28.9,17.4,0.0,0.0,0.0,0.0,3,18.1,38.2,188,Overcast,0,0,
66999,2021-08-04 19:40:00,40.693676,-73.780815,0,0,Other Vehicular,4443778,24.3,17.5,0.1,0.1,0.0,1.0,51,13.7,27.4,57,Drizzle: Light,0,0,
67000,2021-08-05 18:00:00,40.692516,-73.85911,0,0,Backing Unsafely,4444265,27.1,17.4,0.1,0.1,0.0,1.0,51,13.2,27.0,5,Drizzle: Light,0,0,
67001,2021-08-04 05:18:00,40.59034,-74.06663,1,0,Fell Asleep,4443625,24.3,17.5,0.1,0.1,0.0,1.0,51,13.7,27.4,57,Drizzle: Light,1,1,
67002,2021-08-06 14:23:00,40.615166,-73.91864,0,0,Backing Unsafely,4444319,28.9,17.4,0.0,0.0,0.0,0.0,3,18.1,38.2,188,Overcast,0,0,
67003,2021-08-06 10:55:00,40.66278,-73.88086,3,0,Unspecified,4444256,28.9,17.4,0.0,0.0,0.0,0.0,3,18.1,38.2,188,Overcast,3,3,
67004,2021-08-04 13:51:00,40.690346,-73.9603,2,0,Driver Inattention/Distraction,4443736,24.3,17.5,0.1,0.1,0.0,1.0,51,13.7,27.4,57,Drizzle: Light,2,2,
67005,2021-07-17 15:45:00,40.698807,-73.91837,0,0,Passenger Distraction,4444462,30.8,23.3,5.1,5.1,0.0,5.0,61,17.8,36.4,201,Rain: Light,0,0,