,CRASH DATETIME,LATITUDE,LONGITUDE,NUMBER OF PERSONS INJURED,NUMBER OF PERSONS KILLED,CONTRIBUTING FACTOR VEHICLE 1,COLLISION_ID,temperature_2m_max,temperature_2m_min,precipitation_sum,rain_sum,snowfall_sum,precipitation_hours,weather_code,wind_speed_10m_max,wind_gusts_10m_max,wind_direction_10m_dominant,Weather Description,Severity_Score,Total_Affected_Persons,Weather_Category
67006,2021-08-05 22:12:00,40.738373,-73.86008,0,0,Unspecified,4444186,27.1,17.4,0.1,0.1,0.0,1.0,51,13.2,27.0,5,Drizzle: Light,0,0,
67007,2021-08-03 10:30:00,40.765217,-73.90589,0,0,Unspecified,4444520,24.2,15.3,0.0,0.0,0.0,0.0,3,10.7,21.2,7,Overcast,0,0,
67008,2021-08-05 20:25:00,40.722248,-73.90133,0,0,Failure to Yield Right-of-Way,4444830,27.1,17.4,0.1,0.1,0.0,1.0,51,13.2,27.0,5,Drizzle: Light,0,0,
67009,2021-08-04 16:00:00,40.856106,-73.90646,0,0,Unsafe Speed,4443885,24.3,17.5,0.1,0.1,0.0,1.0,51,13.7,27.4,57,Drizzle: Light,0,0,
67010,2021-08-05 13:50:00,40.779182,-73.98297,0,0,Driver Inattention/Distraction,4444709,27.1,17.4,0.1,0.1,0.0,1.0,51,13.2,27.0,5,Drizzle: Light,0,0,
67011,2021-08-06 17:00:00,40.76417,-73.83967,0,0,Unspecified,4444372,28.9,17.4,0.0,0.0,0.0,0.0,3,18.1,38.2,188,Overcast,0,0,
67012,2021-08-04 00:00:00,40.66959,-73.9959,0,0,Driver Inattention/Distraction,4443730,24.3,17.5,0.1,0.1,0.0,1.0,51,13.7,27.4,57,Drizzle: Light,0,0,
67013,2021-08-04 18:04:00,40.758724,-73.88689,0,0,Unspecified,4444340,24.3,17.5,0.1,0.1,0.0,1.0,51,13.7,27.4,57,Drizzle: Light,0,0,
67014,2021-08-04 00:39:00,40.869267,-73.84397,0,0,Other Vehicular,4444209,24.3,17.5,0.1,0.1,0.0,1.0,51,13.7,27.4,57,Drizzle: Light,0,0,
67015,2021-08-05 15:37:00,40.888454,-73.84197,1,0,Driver Inattention/Distraction,4444058,27.1,17.4,0.1,0.1,0.0,1.0,51,13.2,27.0,5,Drizzle: Light,1,1,
67016,2021-08-06 08:45:00,40.624947,-73.97712,0,0,Turning Improperly,4445070,28.9,17.4,0.0,0.0,0.0,0.0,3,18.1,38.2,188,Overcast,0,0,
67017,2021-07-30 05:50:00,40.754406,-73.855804,0,0,Other Vehicular,4444856,27.6,19.1,0.0,0.0,0.0,0.0,1,24.2,45.7,310,Mainly clear,0,0,Sunny/Clear Conditions
67018,2021-08-05 11:50:00,40.546963,-74.158295,0,0,Driver Inattention/Distraction,4443959,27.1,17.4,0.1,0.1,0.0,1.0,51,13.2,27.0,5,Drizzle: Light,0,0,
67019,2021-07-14 16:24:00,40.80366,-73.95357,0,0,Unspecified,4444691,30.6,21.5,0.8,0.8,0.0,3.0,53,14.5,36.0,191,Drizzle: Moderate,0,0,
67020,2021-08-06 00:00:00,40.85228,-73.87159,3,0,Reaction to Uninvolved Vehicle,4444224,28.9,17.4,0.0,0.0,0.0,0.0,3,18.1,38.2,188,Overcast,3,3,
67021,2021-08-06 04:55:00,40.700424,-73.9444,0,0,Driver Inattention/Distraction,4444414,28.9,17.4,0.0,0.0,0.0,0.0,3,18.1,38.2,188,Overcast,0,0,
67022,2021-08-04 13:00:00,40.620285,-73.94564,0,0,Unspecified,4443796,24.3,17.5,0.1,0.1,0.0,1.0,51,13.7,27.4,57,Drizzle: Light,0,0,
67023,2021-08-04 18:15:00,40.763878,-73.72673,0,0,Unspecified,4443910,24.3,17.5,0.1,0.1,0.0,1.0,51,13.7,27.4,57,Drizzle: Light,0,0,
67024,2021-07-21 05:45:00,40.73065,-73.98308,1,0,Other Vehicular,4444647,27.6,20.9,1.4,1.4,0.0,4.0,53,16.0,31.3,315,Drizzle: Moderate,1,1,
67025,2021-08-05 23:12:00,40.874615,-73.90472,1,1,Tinted Windows,4444800,27.1,17.4,0.1,0.1,0.0,1.0,51,13.2,27.0,5,Drizzle: Light,21,2,
67026,2021-08-01 14:30:00,40.765766,-73.90347,4,0,Following Too Closely,4444513,24.4,16.6,0.8,0.8,0.0,5.0,51,19.9,39.2,168,Drizzle: Light,4,4,
67027,2021-08-05 11:40:00,40.724052,-74.00439,0,0,Unspecified,4443970,27.1,17.4,0.1,0.1,0.0,1.0,51,13.2,27.0,5,Drizzle: Light,0,0,
67028,2021-08-06 11:10:00,40.851757,-73.88473,1,0,Driver Inattention/Distraction,4445037,28.9,17.4,0.0,0.0,0.0,0.0,3,18.1,38.2,188,Overcast,1,1,
67029,2022-07-08 10:30:00,40.666855,-73.80425,0,0,Following Too Closely,4545152,29.6,19.3,1.8,1.8,0.0,8.0,51,15.0,31.0,187,Drizzle: Light,0,0,
67030,2021-08-01 09:00:00,40.75729,-73.88948,0,0,Unspecified,4444280,24.4,16.6,0.8,0.8,0.0,5.0,51,19.9,39.2,168,Drizzle: Light,0,0,
67031,2021-08-04 10:30:00,40.902935,-73.84934,0,0,Passing or Lane Usage Improper,4443947,24.3,17.5,0.1,0.1,0.0,1.0,51,13.7,27.4,57,Drizzle: Light,0,0,
67032,2021-04-10 20:45:00,40.675053,-73.947235,1,0,Driver Inattention/Distraction,4444894,17.0,7.7,1.2,1.2,0.0,3.0,53,14.4,31.7,166,Drizzle: Moderate,1,1,
67033,2021-08-04 20:25:00,40.632885,-73.94771,0,0,Unsafe Lane Changing,4443837,24.3,17.5,0.1,0.1,0.0,1.0,51,13.7,27.4,57,Drizzle: Light,0,0,
67034,2021-08-04 14:45:00,40.588886,-73.965645,1,0,Unsafe Speed,4444659,24.3,17.5,0.1,0.1,0.0,1.0,51,13.7,27.4,57,Drizzle: Light,1,1,
67035,2021-08-04 18:00:00,40.67187,-73.95464,0,0,Driver Inattention/Distraction,4444126,24.3,17.5,0.1,0.1,0.0,1.0,51,13.7,27.4,57,Drizzle: Light,0,0,
67036,2021-08-05 00:24:00,40.69759,-73.90194,0,0,Traffic Control Disregarded,4444826,27.1,17.4,0.1,0.1,0.0,1.0,51,13.2,27.0,5,Drizzle: Light,0,0,
67037,2021-07-19 18:50:00,40.699024,-73.91623,0,0,Driver Inattention/Distraction,4444293,27.5,20.8,0.5,0.5,0.0,2.0,51,12.8,29.9,307,Drizzle: Light,0,0,
67038,2021-08-06 17:49:00,40.752228,-73.93911,0,0,Driver Inattention/Distraction,4444742,28.9,17.4,0.0,0.0,0.0,0.0,3,18.1,38.2,188,Overcast,0,0,
67039,2021-08-05 15:02:00,40.671448,-73.89001,0,0,Unspecified,4444251,27.1,17.4,0.1,0.1,0.0,1.0,51,13.2,27.0,5,Drizzle: Light,0,0,
67040,2021-08-04 08:30:00,40.896423,-73.86291,0,0,Accelerator Defective,4444049,24.3,17.5,0.1,0.1,0.0,1.0,51,13.7,27.4,57,Drizzle: Light,0,0,
67041,2021-08-05 18:45:00,40.738266,-73.79706,1,0,Fatigued/Drowsy,4444236,27.1,17.4,0.1,0.1,0.0,1.0,51,13.2,27.0,5,Drizzle: Light,1,1,
67042,2021-07-21 18:44:00,40.699017,-73.80696,0,0,Passing or Lane Usage Improper,4444325,27.6,20.9,1.4,1.4,0.0,4.0,53,16.0,31.3,315,Drizzle: Moderate,0,0,
67043,2021-08-04 16:45:00,40.74473,-73.93359,0,0,Driver Inattention/Distraction,4443785,24.3,17.5,0.1,0.1,0.0,1.0,51,13.7,27.4,57,Drizzle: Light,0,0,
67044,2021-08-06 21:00:00,40.660595,-73.89686,0,0,Other Vehicular,4444455,28.9,17.4,0.0,0.0,0.0,0.0,3,18.1,38.2,188,Overcast,0,0,
67045,2021-08-04 01:30:00,40.843956,-73.8978,0,0,Following Too Closely,4443590,24.3,17.5,0.1,0.1,0.0,1.0,51,13.7,27.4,57,Drizzle: Light,0,0,
67046,2021-08-05 17:00:00,40.856045,-73.85249,0,0,Unspecified,4444069,27.1,17.4,0.1,0.1,0.0,1.0,51,13.2,27.0,5,Drizzle: Light,0,0,
67047,2021-08-06 17:45:00,40.681805,-73.94987,3,0,Following Too Closely,4444745,28.9,17.4,0.0,0.0,0.0,0.0,3,18.1,38.2,188,Overcast,3,3,
67048,2021-08-05 11:01:00,40.714897,-73.9919,1,0,Reaction to Uninvolved Vehicle,4444192,27.1,17.4,0.1,0.1,0.0,1.0,51,13.2,27.0,5,Drizzle: Light,1,1,
67049,2021-08-06 17:10:00,40.72277,-73.83625,1,0,Passing or Lane Usage Improper,4444383,28.9,17.4,0.0,0.0,0.0,0.0,3,18.1,38.2,188,Overcast,1,1,
67050,2021-08-06 19:00:00,40.837513,-73.93865,1,0,Driver Inattention/Distraction,4444985,28.9,17.4,0.0,0.0,0.0,0.0,3,18.1,38.2,188,Overcast,1,1,
67051,2021-08-04 08:30:00,40.67681,-73.79405,0,0,Backing Unsafely,4443704,24.3,17.5,0.1,0.1,0.0,1.0,51,13.7,27.4,57,Drizzle: Light,0,0,
67052,2021-08-04 19:33:00,40.744934,-73.82943,0,0,Unspecified,4444588,24.3,17.5,0.1,0.1,0.0,1.0,51,13.7,27.4,57,Drizzle: Light,0,0,
67053,2021-07-27 00:09:00,40.768433,-73.90447,0,0,Unspecified,4444308,30.4,19.1,0.2,0.2,0.0,2.0,51,19.5,38.9,206,Drizzle: Light,0,0,
67054,2021-08-04 17:51:00,40.80697,-73.91785,0,0,Fell Asleep,4443814,24.3,17.5,0.1,0.1,0.0,1.0,51,13.7,27.4,57,Drizzle: Light,0,0,
67055,2021-08-04 13:50:00,40.76645,-73.9085,0,0,Driver Inattention/Distraction,4444525,24.3,17.5,0.1,0.1,0.0,1.0,51,13.7,27.4,57,Drizzle: Light,0,0,
67056,2021-08-05 17:33:00,40.689407,-73.913956,0,0,Passing Too Closely,4444171,27.1,17.4,0.1,0.1,0.0,1.0,51,13.2,27.0,5,Drizzle: Light,0,0,
67057,2021-08-05 17:03:00,40.63396,-74.01476,1,0,Unspecified,4444107,27.1,17.4,0.1,0.1,0.0,1.0,51,13.2,27.0,5,Drizzle: Light,1,1,
67058,2021-08-05 12:58:00,40.62814,-73.9182,1,0,Steering Failure,4443999,27.1,17.4,0.1,0.1,0.0,1.0,51,13.2,27.0,5,Drizzle: Light,1,1,
67059,2021-08-05 13:00:00,40.776096,-73.800896,0,0,Unspecified,4444507,27.1,17.4,0.1,0.1,0.0,1.0,51,13.2,27.0,5,Drizzle: Light,0,0,
67060,2021-08-05 22:00:00,40.680496,-73.92858,0,0,Unspecified,4444949,27.1,17.4,0.1,0.1,0.0,1.0,51,13.2,27.0,5,Drizzle: Light,0,0,
67061,2021-08-06 16:00:00,0.0,0.0,0,0,Failure to Yield Right-of-Way,4445015,28.9,17.4,0.0,0.0,0.0,0.0,3,18.1,38.2,188,Overcast,0,0,
67062,2021-08-06 09:09:00,40.76025,-73.969635,0,0,Driver Inattention/Distraction,4444261,28.9,17.4,0.0,0.0,0.0,0.0,3,18.1,38.2,188,Overcast,0,0,
67063,2021-08-03 09:00:00,40.84954,-73.93641,0,0,Driver Inattention/Distraction,4444368,24.2,15.3,0.0,0.0,0.0,0.0,3,10.7,21.2,7,Overcast,0,0,
67064,2021-08-05 20:15:00,40.772987,-73.9164,1,0,Unspecified,4444554,27.1,17.4,0.1,0.1,0.0,1.0,51,13.2,27.0,5,Drizzle: Light,1,1,
67065,2021-07-13 21:26:00,40.663036,-73.91645,0,0,Unspecified,4444783,25.0,20.8,2.4,2.4,0.0,12.0,53,13.0,26.3,84,Drizzle: Moderate,0,0,
67066,2021-08-06 01:34:00,40.714447,-73.73211,1,0,Cell Phone (hand-Held),4444219,28.9,17.4,0.0,0.0,0.0,0.0,3,18.1,38.2,188,Overcast,1,1,
67067,2021-07-31 14:20:00,40.810062,-73.95497,2,0,Driver Inattention/Distraction,4444935,25.6,14.5,0.0,0.0,0.0,0.0,2,16.8,33.8,304,Partly cloudy,2,2,
67068,2021-08-05 22:00:00,40.696518,-73.79892,0,0,Aggressive Driving/Road Rage,4444241,27.1,17.4,0.1,0.1,0.0,1.0,51,13.2,27.0,5,Drizzle: Light,0,0,
67069,2021-07-30 08:00:00,40.828346,-73.94906,0,0,Unspecified,4444433,27.6,19.1,0.0,0.0,0.0,0.0,1,24.2,45.7,310,Mainly clear,0,0,Sunny/Clear Conditions
67070,2021-08-06 22:43:00,40.742973,-73.814316,1,0,Failure to Yield Right-of-Way,4444409,28.9,17.4,0.0,0.0,0.0,0.0,3,18.1,38.2,188,Overcast,1,1,
67071,2021-05-24 15:37:00,40.6792,-73.9553,0,0,Other Vehicular,4444878,18.9,13.7,0.0,0.0,0.0,0.0,3,22.4,44.3,126,Overcast,0,0,
67072,2021-08-02 13:44:00,40.77096,-73.92143,1,0,Following Too Closely,4444518,26.4,17.2,0.0,0.0,0.0,0.0,3,18.4,37.4,313,Overcast,1,1,
67073,2021-07-30 17:25:00,40.825905,-73.94712,0,0,Driver Inattention/Distraction,4444197,27.6,19.1,0.0,0.0,0.0,0.0,1,24.2,45.7,310,Mainly clear,0,0,Sunny/Clear Conditions
67074,2021-08-06 13:50:00,40.554142,-74.17635,0,0,Driver Inattention/Distraction,4444499,28.9,17.4,0.0,0.0,0.0,0.0,3,18.1,38.2,188,Overcast,0,0,
67075,2021-08-05 07:40:00,40.704403,-73.89392,0,0,Passing Too Closely,4443878,27.1,17.4,0.1,0.1,0.0,1.0,51,13.2,27.0,5,Drizzle: Light,0,0,
67076,2021-07-30 17:30:00,40.76352,-73.863174,0,0,Other Vehicular,4444847,27.6,19.1,0.0,0.0,0.0,0.0,1,24.2,45.7,310,Mainly clear,0,0,Sunny/Clear Conditions
67077,2021-08-04 21:30:00,40.666405,-73.802635,1,0,Unsafe Lane Changing,4444012,24.3,17.5,0.1,0.1,0.0,1.0,51,13.7,27.4,57,Drizzle: Light,1,1,
67078,2021-07-31 09:05:00,40.817596,-73.95319,0,0,Unspecified,4444729,25.6,14.5,0.0,0.0,0.0,0.0,2,16.8,33.8,304,Partly cloudy,0,0,
67079,2021-08-06 23:00:00,40.81527,-73.904434,0,0,Other Vehicular,4444533,28.9,17.4,0.0,0.0,0.0,0.0,3,18.1,38.2,188,Overcast,0,0,
67080,2021-08-04 13:33:00,40.669384,-73.81447,0,0,Failure to Yield Right-of-Way,4443804,24.3,17.5,0.1,0.1,0.0,1.0,51,13.7,27.4,57,Drizzle: Light,0,0,
67081,2021-08-06 04:30:00,40.75678,-73.82651,0,0,Failure to Yield Right-of-Way,4444357,28.9,17.4,0.0,0.0,0.0,0.0,3,18.1,38.2,188,Overcast,0,0,
67082,2021-07-27 11:30:00,40.693863,-73.92971,1,0,Failure to Yield Right-of-Way,4444913,30.4,19.1,0.2,0.2,0.0,2.0,51,19.5,38.9,206,Drizzle: Light,1,1,
67083,2021-07-30 22:06:00,40.804825,-73.954216,0,0,Driver Inattention/Distraction,4444684,27.6,19.1,0.0,0.0,0.0,0.0,1,24.2,45.7,310,Mainly clear,0,0,Sunny/Clear Conditions
67084,2021-08-05 22:45:00,40.606556,-73.973625,0,0,Driver Inattention/Distraction,4444394,27.1,17.4,0.1,0.1,0.0,1.0,51,13.2,27.0,5,Drizzle: Light,0,0,
67085,2021-08-04 16:20:00,40.762974,-73.760796,0,0,Passing or Lane Usage Improper,4443767,24.3,17.5,0.1,0.1,0.0,1.0,51,13.7,27.4,57,Drizzle: Light,0,0,
67086,2021-08-05 18:05:00,40.82101,-73.93436,0,0,Following Too Closely,4444063,27.1,17.4,0.1,0.1,0.0,1.0,51,13.2,27.0,5,Drizzle: Light,0,0,
67087,2021-08-05 19:10:00,40.74559,-73.76857,0,0,Unsafe Lane Changing,4444076,27.1,17.4,0.1,0.1,0.0,1.0,51,13.2,27.0,5,Drizzle: Light,0,0,
67088,2021-08-04 00:00:00,40.670074,-73.98638,0,0,Passing Too Closely,4445031,24.3,17.5,0.1,0.1,0.0,1.0,51,13.7,27.4,57,Drizzle: Light,0,0,
67089,2021-08-05 07:45:00,40.77077,-73.91727,0,0,Driver Inattention/Distraction,4444548,27.1,17.4,0.1,0.1,0.0,1.0,51,13.2,27.0,5,Drizzle: Light,0,0,
67090,2021-08-04 14:19:00,40.641113,-74.003716,0,0,Unspecified,4445066,24.3,17.5,0.1,0.1,0.0,1.0,51,13.7,27.4,57,Drizzle: Light,0,0,
67091,2021-07-23 13:29:00,40.683647,-73.94688,0,0,Driver Inattention/Distraction,4444809,26.2,17.3,0.0,0.0,0.0,0.0,1,11.3,27.0,340,Mainly clear,0,0,Sunny/Clear Conditions
67092,2021-08-06 17:30:00,40.70021,-73.83356,0,0,Backing Unsafely,4445136,28.9,17.4,0.0,0.0,0.0,0.0,3,18.1,38.2,188,Overcast,0,0,
67093,2021-08-03 17:00:00,40.617924,-73.98983,0,0,Unspecified,4444641,24.2,15.3,0.0,0.0,0.0,0.0,3,10.7,21.2,7,Overcast,0,0,
67094,2021-08-04 22:30:00,40.577946,-74.102325,0,0,Unspecified,4443903,24.3,17.5,0.1,0.1,0.0,1.0,51,13.7,27.4,57,Drizzle: Light,0,0,
67095,2021-08-05 08:06:00,40.755756,-73.96479,0,0,Driver Inattention/Distraction,4443986,27.1,17.4,0.1,0.1,0.0,1.0,51,13.2,27.0,5,Drizzle: Light,0,0,
67096,2021-08-04 12:11:00,40.601334,-73.76257,0,0,Turning Improperly,4443827,24.3,17.5,0.1,0.1,0.0,1.0,51,13.7,27.4,57,Drizzle: Light,0,0,
67097,2021-08-05 21:25:00,40.58327,-73.96006,1,0,Aggressive Driving/Road Rage,4444204,27.1,17.4,0.1,0.1,0.0,1.0,51,13.2,27.0,5,Drizzle: Light,1,1,
67098,2021-08-05 12:00:00,40.84506,-73.916855,0,0,Following Too Closely,4444336,27.1,17.4,0.1,0.1,0.0,1.0,51,13.2,27.0,5,Drizzle: Light,0,0,
67099,2021-08-06 12:46:00,40.812813,-73.94181,0,0,Backing Unsafely,4445113,28.9,17.4,0.0,0.0,0.0,0.0,3,18.1,38.2,188,Overcast,0,0,
67100,2021-08-06 04:00:00,40.903656,-73.85082,0,0,Brakes Defective,4445057,28.9,17.4,0.0,0.0,0.0,0.0,3,18.1,38.2,188,Overcast,0,0,
67101,2021-08-05 18:40:00,40.691536,-73.99912,0,0,Following Too Closely,4444395,27.1,17.4,0.1,0.1,0.0,1.0,51,13.2,27.0,5,Drizzle: Light,0,0,
67102,2021-08-04 18:30:00,40.849792,-73.83036,0,0,Unspecified,4443861,24.3,17.5,0.1,0.1,0.0,1.0,51,13.7,27.4,57,Drizzle: Light,0,0,
67103,2021-08-04 14:45:00,40.83427,-73.94537,0,0,Failure to Yield Right-of-Way,4444273,24.3,17.5,0.1,0.1,0.0,1.0,51,13.7,27.4,57,Drizzle: Light,0,0,
67104,2021-08-05 14:30:00,40.692883,-73.95678,0,0,Following Too Closely,4444808,27.1,17.4,0.1,0.1,0.0,1.0,51,13.2,27.0,5,Drizzle: Light,0,0,
67105,2021-08-01 15:00:00,40.598232,-74.12623,0,0,Driver Inattention/Distraction,4444890,24.4,16.6,0.8,0.8,0.0,5.0,51,19.9,39.2,168,Drizzle: Light,0,0,
67106,2021-08-03 10:14:00,40.663425,-73.93337,0,0,Driver Inattention/Distraction,4444563,24.2,15.3,0.0,0.0,0.0,0.0,3,10.7,21.2,7,Overcast,0,0,
67107,2021-07-24 18:51:00,40.80248,-73.95485,0,0,Driver Inattention/Distraction,4444677,26.8,18.2,0.0,0.0,0.0,0.0,3,16.3,31.7,152,Overcast,0,0,
67108,2021-08-05 22:05:00,40.704876,-73.95571,0,0,Turning Improperly,4444133,27.1,17.4,0.1,0.1,0.0,1.0,51,13.2,27.0,5,Drizzle: Light,0,0,
67109,2021-08-06 17:00:00,40.65965,-73.773834,0,0,Following Too Closely,4444961,28.9,17.4,0.0,0.0,0.0,0.0,3,18.1,38.2,188,Overcast,0,0,
67110,2021-08-06 17:15:00,40.69814,-73.89111,0,0,Following Too Closely,4444822,28.9,17.4,0.0,0.0,0.0,0.0,3,18.1,38.2,188,Overcast,0,0,
67111,2021-08-06 08:00:00,40.8438,-73.90674,0,0,Oversized Vehicle,4444329,28.9,17.4,0.0,0.0,0.0,0.0,3,18.1,38.2,188,Overcast,0,0,
67112,2021-07-27 14:55:00,40.72752,-73.75879,1,0,Driver Inattention/Distraction,4444997,30.4,19.1,0.2,0.2,0.0,2.0,51,19.5,38.9,206,Drizzle: Light,1,1,
67113,2021-08-05 11:20:00,40.61239,-74.000916,0,0,Driver Inattention/Distraction,4444035,27.1,17.4,0.1,0.1,0.0,1.0,51,13.2,27.0,5,Drizzle: Light,0,0,
67114,2021-08-02 11:00:00,40.7699,-73.92597,0,0,Backing Unsafely,4444517,26.4,17.2,0.0,0.0,0.0,0.0,3,18.4,37.4,313,Overcast,0,0,
67115,2021-08-05 19:20:00,40.843567,-73.93422,0,0,Driver Inattention/Distraction,4444268,27.1,17.4,0.1,0.1,0.0,1.0,51,13.2,27.0,5,Drizzle: Light,0,0,
67116,2021-08-04 10:40:00,40.849533,-73.83045,0,0,Unspecified,4444175,24.3,17.5,0.1,0.1,0.0,1.0,51,13.7,27.4,57,Drizzle: Light,0,0,
67117,2021-08-04 18:30:00,40.69528,-73.86211,0,0,Passing or Lane Usage Improper,4443872,24.3,17.5,0.1,0.1,0.0,1.0,51,13.7,27.4,57,Drizzle: Light,0,0,
67118,2021-08-06 15:30:00,40.677155,-73.86887,0,0,Unspecified,4444451,28.9,17.4,0.0,0.0,0.0,0.0,3,18.1,38.2,188,Overcast,0,0,
67119,2021-08-04 21:00:00,40.840828,-73.84797,0,0,Unspecified,4444162,24.3,17.5,0.1,0.1,0.0,1.0,51,13.7,27.4,57,Drizzle: Light,0,0,
67120,2021-08-04 13:40:00,40.572872,-73.99491,1,0,Backing Unsafely,4444039,24.3,17.5,0.1,0.1,0.0,1.0,51,13.7,27.4,57,Drizzle: Light,1,1,
67121,2021-08-04 00:58:00,40.790733,-73.81457,0,0,Backing Unsafely,4443564,24.3,17.5,0.1,0.1,0.0,1.0,51,13.7,27.4,57,Drizzle: Light,0,0,
67122,2021-08-05 16:21:00,40.784943,-73.946594,0,0,Unspecified,4444103,27.1,17.4,0.1,0.1,0.0,1.0,51,13.2,27.0,5,Drizzle: Light,0,0,
67123,2021-08-03 02:10:00,40.694016,-73.93128,1,0,Lost Consciousness,4444921,24.2,15.3,0.0,0.0,0.0,0.0,3,10.7,21.2,7,Overcast,1,1,
67124,2021-07-29 09:10:00,40.781273,-73.976006,0,0,Unspecified,4444379,25.3,20.4,33.0,33.0,0.0,11.0,65,26.1,50.8,182,Rain: Heavy,0,0,
67125,2021-08-06 08:46:00,40.808716,-73.88497,1,0,Unspecified,4444312,28.9,17.4,0.0,0.0,0.0,0.0,3,18.1,38.2,188,Overcast,1,1,
67126,2021-08-05 15:00:00,40.718723,-73.95894,0,0,Passing Too Closely,4444305,27.1,17.4,0.1,0.1,0.0,1.0,51,13.2,27.0,5,Drizzle: Light,0,0,
67127,2021-08-04 15:35:00,40.833065,-73.85974,0,0,Driver Inattention/Distraction,4444064,24.3,17.5,0.1,0.1,0.0,1.0,51,13.7,27.4,57,Drizzle: Light,0,0,
67128,2021-08-04 17:20:00,40.77994,-73.97103,0,0,Driver Inattention/Distraction,4443790,24.3,17.5,0.1,0.1,0.0,1.0,51,13.7,27.4,57,Drizzle: Light,0,0,
67129,2021-08-06 15:50:00,40.745895,-73.87497,1,0,Driver Inattention/Distraction,4444602,28.9,17.4,0.0,0.0,0.0,0.0,3,18.1,38.2,188,Overcast,1,1,
67130,2021-08-06 20:12:00,40.63558,-74.00812,0,0,Unspecified,4445081,28.9,17.4,0.0,0.0,0.0,0.0,3,18.1,38.2,188,Overcast,0,0,
67131,2021-08-04 08:00:00,40.697117,-73.93401,0,0,Passing or Lane Usage Improper,4443931,24.3,17.5,0.1,0.1,0.0,1.0,51,13.7,27.4,57,Drizzle: Light,0,0,
67132,2021-08-04 12:30:00,40.828228,-73.88297,0,0,Driver Inattention/Distraction,4443692,24.3,17.5,0.1,0.1,0.0,1.0,51,13.7,27.4,57,Drizzle: Light,0,0,
67133,2021-08-05 12:30:00,40.6216,-74.00493,0,0,Unspecified,4444347,27.1,17.4,0.1,0.1,0.0,1.0,51,13.2,27.0,5,Drizzle: Light,0,0,
67134,2021-08-02 21:27:00,40.682446,-73.911674,1,0,Driver Inattention/Distraction,4444719,26.4,17.2,0.0,0.0,0.0,0.0,3,18.4,37.4,313,Overcast,1,1,
67135,2021-08-05 07:47:00,40.765285,-73.80144,3,0,Failure to Yield Right-of-Way,4444364,27.1,17.4,0.1,0.1,0.0,1.0,51,13.2,27.0,5,Drizzle: Light,3,3,
67136,2021-08-05 20:26:00,40.615414,-73.96144,0,0,Driver Inattention/Distraction,4444650,27.1,17.4,0.1,0.1,0.0,1.0,51,13.2,27.0,5,Drizzle: Light,0,0,
67137,2021-07-30 05:00:00,40.724022,-73.955635,0,0,Unsafe Speed,4444300,27.6,19.1,0.0,0.0,0.0,0.0,1,24.2,45.7,310,Mainly clear,0,0,Sunny/Clear Conditions
67138,2021-08-04 22:00:00,40.72508,-74.01048,1,0,Passing or Lane Usage Improper,4444493,24.3,17.5,0.1,0.1,0.0,1.0,51,13.7,27.4,57,Drizzle: Light,1,1,
67139,2021-08-04 16:56:00,40.842644,-73.85181,1,0,Turning Improperly,4443915,24.3,17.5,0.1,0.1,0.0,1.0,51,13.7,27.4,57,Drizzle: Light,1,1,
67140,2021-07-30 23:30:00,40.736885,-73.978546,1,0,Driver Inexperience,4444405,27.6,19.1,0.0,0.0,0.0,0.0,1,24.2,45.7,310,Mainly clear,1,1,Sunny/Clear Conditions
67141,2021-08-06 18:07:00,40.735065,-73.88184,0,0,Driver Inexperience,4445143,28.9,17.4,0.0,0.0,0.0,0.0,3,18.1,38.2,188,Overcast,0,0,
67142,2021-08-06 18:45:00,40.747925,-73.88114,0,0,Driver Inattention/Distraction,4444841,28.9,17.4,0.0,0.0,0.0,0.0,3,18.1,38.2,188,Overcast,0,0,
67143,2021-08-05 13:00:00,40.8339,-73.883514,0,0,Driver Inattention/Distraction,4444658,27.1,17.4,0.1,0.1,0.0,1.0,51,13.2,27.0,5,Drizzle: Light,0,0,
67144,2021-08-05 19:00:00,40.730434,-74.00908,1,0,,4444631,27.1,17.4,0.1,0.1,0.0,1.0,51,13.2,27.0,5,Drizzle: Light,1,1,
67145,2021-08-06 17:45:00,40.770485,-73.7867,0,0,Backing Unsafely,4444427,28.9,17.4,0.0,0.0,0.0,0.0,3,18.1,38.2,188,Overcast,0,0,
67146,2021-08-05 08:45:00,40.759068,-73.94442,0,0,Turning Improperly,4445091,27.1,17.4,0.1,0.1,0.0,1.0,51,13.2,27.0,5,Drizzle: Light,0,0,
67147,2021-08-04 21:10:00,40.81479,-73.93614,1,0,Driver Inattention/Distraction,4444248,24.3,17.5,0.1,0.1,0.0,1.0,51,13.7,27.4,57,Drizzle: Light,1,1,
67148,2021-08-05 14:24:00,40.739666,-73.79215,0,0,Unsafe Lane Changing,4444080,27.1,17.4,0.1,0.1,0.0,1.0,51,13.2,27.0,5,Drizzle: Light,0,0,
67149,2021-08-06 23:45:00,40.784916,-73.84213,0,0,Unspecified,4444587,28.9,17.4,0.0,0.0,0.0,0.0,3,18.1,38.2,188,Overcast,0,0,
67150,2021-08-04 21:15:00,40.66735,-73.76994,0,0,Unspecified,4444002,24.3,17.5,0.1,0.1,0.0,1.0,51,13.7,27.4,57,Drizzle: Light,0,0,
67151,2021-08-05 01:42:00,40.86369,-73.91707,0,0,Driver Inattention/Distraction,4444361,27.1,17.4,0.1,0.1,0.0,1.0,51,13.2,27.0,5,Drizzle: Light,0,0,