,CRASH DATETIME,LATITUDE,LONGITUDE,NUMBER OF PERSONS INJURED,NUMBER OF PERSONS KILLED,CONTRIBUTING FACTOR VEHICLE 1,COLLISION_ID,temperature_2m_max,temperature_2m_min,precipitation_sum,rain_sum,snowfall_sum,precipitation_hours,weather_code,wind_speed_10m_max,wind_gusts_10m_max,wind_direction_10m_dominant,Weather Description,Severity_Score,Total_Affected_Persons,Weather_Category
67152,2021-08-04 18:15:00,40.78467,-73.80256,0,0,Unspecified,4443836,24.3,17.5,0.1,0.1,0.0,1.0,51,13.7,27.4,57,Drizzle: Light,0,0,
67153,2021-07-14 08:18:00,40.678722,-73.952995,0,0,Other Vehicular,4444869,30.6,21.5,0.8,0.8,0.0,3.0,53,14.5,36.0,191,Drizzle: Moderate,0,0,
67154,2021-07-05 00:00:00,40.656273,-73.90731,0,0,Unspecified,4444773,26.4,17.3,0.7,0.7,0.0,2.0,53,18.8,34.6,142,Drizzle: Moderate,0,0,
67155,2021-08-04 14:00:00,40.810253,-73.91434,0,0,Unspecified,4444528,24.3,17.5,0.1,0.1,0.0,1.0,51,13.7,27.4,57,Drizzle: Light,0,0,
67156,2021-08-06 17:19:00,40.740093,-73.89986,1,0,Driver Inattention/Distraction,4444390,28.9,17.4,0.0,0.0,0.0,0.0,3,18.1,38.2,188,Overcast,1,1,
67157,2021-08-06 10:00:00,40.89432,-73.83948,0,0,Driver Inattention/Distraction,4445125,28.9,17.4,0.0,0.0,0.0,0.0,3,18.1,38.2,188,Overcast,0,0,
67158,2021-08-06 07:00:00,40.61799,-74.0365,0,0,Unspecified,4444216,28.9,17.4,0.0,0.0,0.0,0.0,3,18.1,38.2,188,Overcast,0,0,
67159,2021-08-04 11:15:00,40.74967,-73.99531,1,0,View Obstructed/Limited,4443851,24.3,17.5,0.1,0.1,0.0,1.0,51,13.7,27.4,57,Drizzle: Light,1,1,
67160,2021-07-11 00:29:00,40.662914,-73.90903,0,0,Unspecified,4444229,24.9,19.8,2.5,2.5,0.0,9.0,53,15.8,35.3,141,Drizzle: Moderate,0,0,
67161,2021-08-06 18:20:00,40.68623,-73.91786,5,0,Driver Inattention/Distraction,4444778,28.9,17.4,0.0,0.0,0.0,0.0,3,18.1,38.2,188,Overcast,5,5,
67162,2021-07-30 11:00:00,40.824818,-73.94869,0,0,Unspecified,4444434,27.6,19.1,0.0,0.0,0.0,0.0,1,24.2,45.7,310,Mainly clear,0,0,Sunny/Clear Conditions
67163,2021-08-06 03:15:00,40.668507,-73.92561,0,0,Passing or Lane Usage Improper,4444332,28.9,17.4,0.0,0.0,0.0,0.0,3,18.1,38.2,188,Overcast,0,0,
67164,2021-06-18 21:45:00,40.67642,-73.94154,0,0,Driver Inattention/Distraction,4444886,27.4,13.8,0.0,0.0,0.0,0.0,3,20.5,40.3,210,Overcast,0,0,
67165,2021-06-28 12:08:00,40.672516,-73.93356,0,0,Driver Inattention/Distraction,4444899,32.3,22.9,0.0,0.0,0.0,0.0,3,20.0,37.8,212,Overcast,0,0,
67166,2021-08-05 11:33:00,40.80711,-73.93753,1,0,Unspecified,4443981,27.1,17.4,0.1,0.1,0.0,1.0,51,13.2,27.0,5,Drizzle: Light,1,1,
67167,2021-08-04 22:22:00,40.836617,-73.87377,0,0,Driver Inattention/Distraction,4443886,24.3,17.5,0.1,0.1,0.0,1.0,51,13.7,27.4,57,Drizzle: Light,0,0,
67168,2021-07-30 17:00:00,40.709393,-73.91406,0,0,Unspecified,4444817,27.6,19.1,0.0,0.0,0.0,0.0,1,24.2,45.7,310,Mainly clear,0,0,Sunny/Clear Conditions
67169,2021-08-04 13:10:00,40.7103,-74.00106,0,0,Unspecified,4443728,24.3,17.5,0.1,0.1,0.0,1.0,51,13.7,27.4,57,Drizzle: Light,0,0,
67170,2021-08-06 18:12:00,40.69205,-73.982544,1,0,Pedestrian/Bicyclist/Other Pedestrian Error/Confusion,4444399,28.9,17.4,0.0,0.0,0.0,0.0,3,18.1,38.2,188,Overcast,1,1,
67171,2021-08-02 16:00:00,40.67538,-73.9082,1,0,Unspecified,4444707,26.4,17.2,0.0,0.0,0.0,0.0,3,18.4,37.4,313,Overcast,1,1,
67172,2021-08-06 23:05:00,40.602295,-73.752174,0,0,Passing or Lane Usage Improper,4444438,28.9,17.4,0.0,0.0,0.0,0.0,3,18.1,38.2,188,Overcast,0,0,
67173,2021-08-06 04:30:00,40.705215,-73.92069,0,0,Passing Too Closely,4444480,28.9,17.4,0.0,0.0,0.0,0.0,3,18.1,38.2,188,Overcast,0,0,
67174,2021-07-30 10:45:00,40.699818,-73.995605,0,0,Unspecified,4444929,27.6,19.1,0.0,0.0,0.0,0.0,1,24.2,45.7,310,Mainly clear,0,0,Sunny/Clear Conditions
67175,2021-08-06 20:00:00,40.579826,-73.97622,0,0,Driver Inattention/Distraction,4444671,28.9,17.4,0.0,0.0,0.0,0.0,3,18.1,38.2,188,Overcast,0,0,
67176,2021-08-04 14:35:00,40.680935,-73.9818,0,0,Driver Inattention/Distraction,4443762,24.3,17.5,0.1,0.1,0.0,1.0,51,13.7,27.4,57,Drizzle: Light,0,0,
67177,2021-08-01 00:00:00,40.775146,-73.98047,0,0,Alcohol Involvement,4444570,24.4,16.6,0.8,0.8,0.0,5.0,51,19.9,39.2,168,Drizzle: Light,0,0,
67178,2021-08-05 05:15:00,40.719933,-73.97876,1,0,Following Too Closely,4444156,27.1,17.4,0.1,0.1,0.0,1.0,51,13.2,27.0,5,Drizzle: Light,1,1,
67179,2021-08-04 00:00:00,40.729305,-73.910385,0,0,Reaction to Uninvolved Vehicle,4443656,24.3,17.5,0.1,0.1,0.0,1.0,51,13.7,27.4,57,Drizzle: Light,0,0,
67180,2021-08-02 16:10:00,40.676598,-73.93039,1,0,Other Vehicular,4444965,26.4,17.2,0.0,0.0,0.0,0.0,3,18.4,37.4,313,Overcast,1,1,
67181,2021-08-02 10:52:00,40.61957,-73.98973,0,0,Unspecified,4444692,26.4,17.2,0.0,0.0,0.0,0.0,3,18.4,37.4,313,Overcast,0,0,
67182,2021-08-04 12:57:00,40.638554,-74.08174,0,0,Unspecified,4444139,24.3,17.5,0.1,0.1,0.0,1.0,51,13.7,27.4,57,Drizzle: Light,0,0,
67183,2021-07-24 10:46:00,40.80755,-73.95291,0,0,Alcohol Involvement,4444694,26.8,18.2,0.0,0.0,0.0,0.0,3,16.3,31.7,152,Overcast,0,0,
67184,2021-08-05 17:30:00,40.642746,-74.00794,1,0,Unspecified,4445011,27.1,17.4,0.1,0.1,0.0,1.0,51,13.2,27.0,5,Drizzle: Light,1,1,
67185,2021-08-02 12:10:00,40.86135,-73.89774,0,0,Passing Too Closely,4444288,26.4,17.2,0.0,0.0,0.0,0.0,3,18.4,37.4,313,Overcast,0,0,
67186,2021-08-04 14:00:00,40.82207,-73.94993,0,0,Unspecified,4443809,24.3,17.5,0.1,0.1,0.0,1.0,51,13.7,27.4,57,Drizzle: Light,0,0,
67187,2021-08-05 07:35:00,40.59181,-73.954124,0,0,Driver Inattention/Distraction,4444201,27.1,17.4,0.1,0.1,0.0,1.0,51,13.2,27.0,5,Drizzle: Light,0,0,
67188,2021-08-04 08:35:00,40.68324,-73.9439,0,0,Driver Inattention/Distraction,4444748,24.3,17.5,0.1,0.1,0.0,1.0,51,13.7,27.4,57,Drizzle: Light,0,0,
67189,2021-08-05 22:00:00,40.762436,-73.86142,2,0,Unsafe Lane Changing,4444283,27.1,17.4,0.1,0.1,0.0,1.0,51,13.2,27.0,5,Drizzle: Light,2,2,
67190,2022-07-06 15:34:00,40.69798,-73.91257,0,0,Driver Inexperience,4544210,31.6,21.7,0.2,0.2,0.0,1.0,51,19.0,37.1,299,Drizzle: Light,0,0,
67191,2021-08-05 16:47:00,40.69595,-73.75288,3,0,Following Too Closely,4444183,27.1,17.4,0.1,0.1,0.0,1.0,51,13.2,27.0,5,Drizzle: Light,3,3,
67192,2021-08-04 11:43:00,40.747295,-73.97405,0,0,Unspecified,4443731,24.3,17.5,0.1,0.1,0.0,1.0,51,13.7,27.4,57,Drizzle: Light,0,0,
67193,2021-08-04 09:39:00,40.62677,-74.01501,3,0,Following Too Closely,4443769,24.3,17.5,0.1,0.1,0.0,1.0,51,13.7,27.4,57,Drizzle: Light,3,3,
67194,2021-08-05 08:15:00,40.746044,-73.727516,2,0,Passing or Lane Usage Improper,4443987,27.1,17.4,0.1,0.1,0.0,1.0,51,13.2,27.0,5,Drizzle: Light,2,2,
67195,2021-08-05 21:35:00,40.646793,-73.958115,1,0,Failure to Keep Right,4444648,27.1,17.4,0.1,0.1,0.0,1.0,51,13.2,27.0,5,Drizzle: Light,1,1,
67196,2021-08-04 20:05:00,40.834038,-73.846466,0,0,Unspecified,4443954,24.3,17.5,0.1,0.1,0.0,1.0,51,13.7,27.4,57,Drizzle: Light,0,0,
67197,2021-08-05 22:13:00,40.756714,-73.85774,3,0,Driver Inattention/Distraction,4444836,27.1,17.4,0.1,0.1,0.0,1.0,51,13.2,27.0,5,Drizzle: Light,3,3,
67198,2021-08-05 10:00:00,40.76259,-73.76305,0,0,Unspecified,4443963,27.1,17.4,0.1,0.1,0.0,1.0,51,13.2,27.0,5,Drizzle: Light,0,0,
67199,2021-08-06 09:50:00,40.810192,-73.88632,0,0,Unspecified,4444315,28.9,17.4,0.0,0.0,0.0,0.0,3,18.1,38.2,188,Overcast,0,0,
67200,2021-08-04 08:00:00,40.650517,-73.92359,0,0,Turning Improperly,4443646,24.3,17.5,0.1,0.1,0.0,1.0,51,13.7,27.4,57,Drizzle: Light,0,0,
67201,2021-08-06 19:40:00,40.701912,-73.93699,1,0,Driver Inattention/Distraction,4444485,28.9,17.4,0.0,0.0,0.0,0.0,3,18.1,38.2,188,Overcast,1,1,
67202,2021-08-04 21:55:00,40.829487,-73.93705,4,0,Aggressive Driving/Road Rage,4444244,24.3,17.5,0.1,0.1,0.0,1.0,51,13.7,27.4,57,Drizzle: Light,4,4,
67203,2021-08-04 10:30:00,40.78517,-73.973145,0,0,Passing Too Closely,4444713,24.3,17.5,0.1,0.1,0.0,1.0,51,13.7,27.4,57,Drizzle: Light,0,0,
67204,2021-08-06 08:55:00,40.677334,-73.82548,1,0,Turning Improperly,4444376,28.9,17.4,0.0,0.0,0.0,0.0,3,18.1,38.2,188,Overcast,1,1,
67205,2021-08-06 15:50:00,40.592236,-74.18978,1,0,Driver Inattention/Distraction,4444903,28.9,17.4,0.0,0.0,0.0,0.0,3,18.1,38.2,188,Overcast,1,1,
67206,2021-08-05 22:21:00,40.83611,-73.92238,1,0,Failure to Yield Right-of-Way,4444337,27.1,17.4,0.1,0.1,0.0,1.0,51,13.2,27.0,5,Drizzle: Light,1,1,
67207,2021-08-04 21:20:00,40.6783,-73.88988,1,0,Unspecified,4443855,24.3,17.5,0.1,0.1,0.0,1.0,51,13.7,27.4,57,Drizzle: Light,1,1,
67208,2021-08-06 06:40:00,40.744465,-73.77179,1,0,Following Too Closely,4444212,28.9,17.4,0.0,0.0,0.0,0.0,3,18.1,38.2,188,Overcast,1,1,
67209,2021-08-06 10:15:00,40.84954,-73.93641,0,0,Driver Inattention/Distraction,4444344,28.9,17.4,0.0,0.0,0.0,0.0,3,18.1,38.2,188,Overcast,0,0,
67210,2021-07-31 12:17:00,40.747623,-73.89658,1,0,Driver Inattention/Distraction,4444469,25.6,14.5,0.0,0.0,0.0,0.0,2,16.8,33.8,304,Partly cloudy,1,1,
67211,2021-07-02 20:02:00,40.675644,-73.94161,1,0,Failure to Yield Right-of-Way,4444864,24.3,19.2,29.6,29.6,0.0,23.0,63,14.1,27.7,284,Rain: Moderate,1,1,
67212,2021-08-05 15:25:00,40.678116,-73.90787,1,0,Unspecified,4444233,27.1,17.4,0.1,0.1,0.0,1.0,51,13.2,27.0,5,Drizzle: Light,1,1,
67213,2021-08-06 02:40:00,40.832912,-73.87638,0,0,Unsafe Speed,4444418,28.9,17.4,0.0,0.0,0.0,0.0,3,18.1,38.2,188,Overcast,0,0,
67214,2021-08-06 23:00:00,40.85325,-73.89308,1,0,Driver Inattention/Distraction,4445050,28.9,17.4,0.0,0.0,0.0,0.0,3,18.1,38.2,188,Overcast,1,1,
67215,2021-08-04 02:05:00,40.721977,-73.959946,0,0,Driver Inexperience,4443684,24.3,17.5,0.1,0.1,0.0,1.0,51,13.7,27.4,57,Drizzle: Light,0,0,
67216,2021-07-26 00:01:00,40.695004,-73.9525,1,0,Traffic Control Disregarded,4444759,31.4,21.8,0.0,0.0,0.0,0.0,3,13.0,25.6,295,Overcast,1,1,
67217,2022-06-26 09:45:00,40.72195,-73.99628,0,0,Unspecified,4544554,30.8,19.9,0.0,0.0,0.0,0.0,3,30.9,55.8,188,Overcast,0,0,
67218,2021-07-29 16:50:00,40.676647,-73.91647,0,0,Unspecified,4444690,25.3,20.4,33.0,33.0,0.0,11.0,65,26.1,50.8,182,Rain: Heavy,0,0,
67219,2021-08-06 12:15:00,40.75065,-73.94283,0,0,Driver Inattention/Distraction,4444607,28.9,17.4,0.0,0.0,0.0,0.0,3,18.1,38.2,188,Overcast,0,0,
67220,2021-08-04 09:00:00,40.75201,-73.93016,1,0,Passing or Lane Usage Improper,4444522,24.3,17.5,0.1,0.1,0.0,1.0,51,13.7,27.4,57,Drizzle: Light,1,1,
67221,2021-08-04 20:00:00,40.59493,-74.09799,0,0,Traffic Control Disregarded,4443902,24.3,17.5,0.1,0.1,0.0,1.0,51,13.7,27.4,57,Drizzle: Light,0,0,
67222,2021-08-06 20:32:00,40.746555,-73.82621,0,0,Passing or Lane Usage Improper,4444508,28.9,17.4,0.0,0.0,0.0,0.0,3,18.1,38.2,188,Overcast,0,0,
67223,2021-07-30 13:53:00,40.687557,-73.93896,1,0,Driver Inattention/Distraction,4444951,27.6,19.1,0.0,0.0,0.0,0.0,1,24.2,45.7,310,Mainly clear,1,1,Sunny/Clear Conditions
67224,2021-08-04 01:10:00,40.544075,-74.15808,0,0,Alcohol Involvement,4443619,24.3,17.5,0.1,0.1,0.0,1.0,51,13.7,27.4,57,Drizzle: Light,0,0,
67225,2021-07-28 15:20:00,40.690594,-73.95162,0,0,Driver Inattention/Distraction,4444731,26.7,20.2,0.7,0.7,0.0,3.0,53,16.7,34.2,1,Drizzle: Moderate,0,0,
67226,2021-08-04 23:55:00,40.642467,-73.91103,0,0,Driver Inexperience,4443781,24.3,17.5,0.1,0.1,0.0,1.0,51,13.7,27.4,57,Drizzle: Light,0,0,
67227,2021-08-04 02:22:00,40.662533,-73.94792,0,0,Alcohol Involvement,4443952,24.3,17.5,0.1,0.1,0.0,1.0,51,13.7,27.4,57,Drizzle: Light,0,0,
67228,2021-08-05 00:01:00,40.536716,-74.14712,0,0,Failure to Yield Right-of-Way,4444260,27.1,17.4,0.1,0.1,0.0,1.0,51,13.2,27.0,5,Drizzle: Light,0,0,
67229,2021-08-06 04:00:00,40.74835,-73.967865,1,0,Passing or Lane Usage Improper,4444187,28.9,17.4,0.0,0.0,0.0,0.0,3,18.1,38.2,188,Overcast,1,1,
67230,2021-08-06 02:57:00,40.623875,-73.93547,0,0,Reaction to Uninvolved Vehicle,4444320,28.9,17.4,0.0,0.0,0.0,0.0,3,18.1,38.2,188,Overcast,0,0,
67231,2021-08-06 12:50:00,40.65525,-73.952965,0,0,View Obstructed/Limited,4444461,28.9,17.4,0.0,0.0,0.0,0.0,3,18.1,38.2,188,Overcast,0,0,
67232,2021-08-01 13:30:00,40.546745,-74.17358,0,0,Unspecified,4444500,24.4,16.6,0.8,0.8,0.0,5.0,51,19.9,39.2,168,Drizzle: Light,0,0,
67233,2021-08-05 06:55:00,40.75592,-73.9749,1,0,Driver Inattention/Distraction,4443883,27.1,17.4,0.1,0.1,0.0,1.0,51,13.2,27.0,5,Drizzle: Light,1,1,
67234,2021-08-06 16:00:00,40.666435,-73.83478,0,0,Other Vehicular,4444371,28.9,17.4,0.0,0.0,0.0,0.0,3,18.1,38.2,188,Overcast,0,0,
67235,2021-08-04 03:02:00,40.757233,-73.9898,0,0,Driver Inattention/Distraction,4443716,24.3,17.5,0.1,0.1,0.0,1.0,51,13.7,27.4,57,Drizzle: Light,0,0,
67236,2021-06-14 01:00:00,40.6843,-73.94121,0,0,Unspecified,4444981,21.4,17.5,21.7,21.7,0.0,11.0,65,21.1,48.6,154,Rain: Heavy,0,0,
67237,2021-08-06 09:15:00,40.695614,-73.94056,1,0,Driver Inattention/Distraction,4444938,28.9,17.4,0.0,0.0,0.0,0.0,3,18.1,38.2,188,Overcast,1,1,
67238,2021-08-05 16:24:00,40.751488,-73.99769,1,0,Failure to Yield Right-of-Way,4444909,27.1,17.4,0.1,0.1,0.0,1.0,51,13.2,27.0,5,Drizzle: Light,1,1,
67239,2021-08-05 18:48:00,40.891674,-73.864685,0,0,Following Too Closely,4444075,27.1,17.4,0.1,0.1,0.0,1.0,51,13.2,27.0,5,Drizzle: Light,0,0,
67240,2021-07-30 21:00:00,40.76294,-73.86067,0,0,Driver Inattention/Distraction,4444339,27.6,19.1,0.0,0.0,0.0,0.0,1,24.2,45.7,310,Mainly clear,0,0,Sunny/Clear Conditions
67241,2021-08-04 10:20:00,40.899815,-73.85781,1,0,Driver Inattention/Distraction,4444051,24.3,17.5,0.1,0.1,0.0,1.0,51,13.7,27.4,57,Drizzle: Light,1,1,
67242,2021-08-05 11:00:00,40.758812,-73.925446,0,0,Unspecified,4444550,27.1,17.4,0.1,0.1,0.0,1.0,51,13.2,27.0,5,Drizzle: Light,0,0,
67243,2021-08-06 16:25:00,40.828293,-73.861725,0,0,Unspecified,4444324,28.9,17.4,0.0,0.0,0.0,0.0,3,18.1,38.2,188,Overcast,0,0,
67244,2021-08-05 00:05:00,40.74622,-73.87755,1,0,Traffic Control Disregarded,4443816,27.1,17.4,0.1,0.1,0.0,1.0,51,13.2,27.0,5,Drizzle: Light,1,1,
67245,2021-08-05 18:35:00,40.66493,-73.9144,1,0,Driver Inattention/Distraction,4444237,27.1,17.4,0.1,0.1,0.0,1.0,51,13.2,27.0,5,Drizzle: Light,1,1,
67246,2021-08-06 15:00:00,40.597504,-73.75096,0,0,Unspecified,4444437,28.9,17.4,0.0,0.0,0.0,0.0,3,18.1,38.2,188,Overcast,0,0,
67247,2021-08-05 00:00:00,40.70272,-73.83807,0,0,Passing Too Closely,4445108,27.1,17.4,0.1,0.1,0.0,1.0,51,13.2,27.0,5,Drizzle: Light,0,0,
67248,2021-08-06 02:02:00,40.705334,-73.95953,4,0,Driver Inattention/Distraction,4444413,28.9,17.4,0.0,0.0,0.0,0.0,3,18.1,38.2,188,Overcast,4,4,
67249,2021-08-04 21:17:00,40.586098,-73.93237,1,0,Unspecified,4443798,24.3,17.5,0.1,0.1,0.0,1.0,51,13.7,27.4,57,Drizzle: Light,1,1,
67250,2021-08-05 01:15:00,40.657555,-73.894196,0,0,Turning Improperly,4443993,27.1,17.4,0.1,0.1,0.0,1.0,51,13.2,27.0,5,Drizzle: Light,0,0,
67251,2021-08-05 19:10:00,40.631493,-73.97557,1,0,Unspecified,4444646,27.1,17.4,0.1,0.1,0.0,1.0,51,13.2,27.0,5,Drizzle: Light,1,1,
67252,2021-08-06 22:30:00,40.828907,-73.886986,0,0,Unspecified,4444669,28.9,17.4,0.0,0.0,0.0,0.0,3,18.1,38.2,188,Overcast,0,0,
67253,2021-08-06 14:43:00,40.76483,-73.96081,0,0,Other Vehicular,4445040,28.9,17.4,0.0,0.0,0.0,0.0,3,18.1,38.2,188,Overcast,0,0,
67254,2021-08-06 08:13:00,40.689137,-73.990715,0,0,Driver Inattention/Distraction,4444398,28.9,17.4,0.0,0.0,0.0,0.0,3,18.1,38.2,188,Overcast,0,0,
67255,2021-08-06 06:58:00,40.703403,-73.917786,0,0,Passing Too Closely,4444481,28.9,17.4,0.0,0.0,0.0,0.0,3,18.1,38.2,188,Overcast,0,0,
67256,2021-08-06 14:30:00,40.670815,-73.90318,0,0,Unspecified,4444784,28.9,17.4,0.0,0.0,0.0,0.0,3,18.1,38.2,188,Overcast,0,0,
67257,2021-08-03 19:30:00,40.826622,-73.930984,2,0,Driver Inattention/Distraction,4445024,24.2,15.3,0.0,0.0,0.0,0.0,3,10.7,21.2,7,Overcast,2,2,
67258,2021-08-04 14:41:00,40.73931,-73.91947,1,0,Unspecified,4444242,24.3,17.5,0.1,0.1,0.0,1.0,51,13.7,27.4,57,Drizzle: Light,1,1,
67259,2021-08-02 09:07:00,40.754055,-73.99583,0,0,Unspecified,4444907,26.4,17.2,0.0,0.0,0.0,0.0,3,18.4,37.4,313,Overcast,0,0,
67260,2021-08-04 10:05:00,40.686203,-73.950745,0,0,Driver Inattention/Distraction,4444811,24.3,17.5,0.1,0.1,0.0,1.0,51,13.7,27.4,57,Drizzle: Light,0,0,
67261,2021-08-06 21:00:00,40.866955,-73.89782,0,0,Passing or Lane Usage Improper,4444491,28.9,17.4,0.0,0.0,0.0,0.0,3,18.1,38.2,188,Overcast,0,0,
67262,2021-07-14 16:00:00,40.803635,-73.95349,0,0,Passing Too Closely,4444683,30.6,21.5,0.8,0.8,0.0,3.0,53,14.5,36.0,191,Drizzle: Moderate,0,0,
67263,2021-08-04 08:00:00,40.677765,-73.96488,0,0,Unspecified,4444870,24.3,17.5,0.1,0.1,0.0,1.0,51,13.7,27.4,57,Drizzle: Light,0,0,
67264,2021-08-02 20:30:00,40.617672,-73.99542,1,0,Passenger Distraction,4444391,26.4,17.2,0.0,0.0,0.0,0.0,3,18.4,37.4,313,Overcast,1,1,
67265,2021-08-05 14:45:00,40.758022,-73.981804,0,0,Passenger Distraction,4444193,27.1,17.4,0.1,0.1,0.0,1.0,51,13.2,27.0,5,Drizzle: Light,0,0,
67266,2021-08-06 09:42:00,40.667156,-73.98384,1,0,Passing Too Closely,4445032,28.9,17.4,0.0,0.0,0.0,0.0,3,18.1,38.2,188,Overcast,1,1,
67267,2021-08-05 23:50:00,40.76577,-73.919,1,0,Traffic Control Disregarded,4444767,27.1,17.4,0.1,0.1,0.0,1.0,51,13.2,27.0,5,Drizzle: Light,1,1,
67268,2021-08-05 19:50:00,40.77904,-73.9435,0,0,Passing or Lane Usage Improper,4444172,27.1,17.4,0.1,0.1,0.0,1.0,51,13.2,27.0,5,Drizzle: Light,0,0,
67269,2021-08-04 10:45:00,40.592342,-74.064186,0,0,Unspecified,4443675,24.3,17.5,0.1,0.1,0.0,1.0,51,13.7,27.4,57,Drizzle: Light,0,0,
67270,2021-08-04 18:00:00,40.68489,-73.80592,1,0,Passing or Lane Usage Improper,4444084,24.3,17.5,0.1,0.1,0.0,1.0,51,13.7,27.4,57,Drizzle: Light,1,1,
67271,2021-08-05 06:30:00,40.756336,-73.87794,0,0,Driver Inattention/Distraction,4443908,27.1,17.4,0.1,0.1,0.0,1.0,51,13.2,27.0,5,Drizzle: Light,0,0,
67272,2021-08-06 07:25:00,40.73821,-73.866486,1,0,Driver Inattention/Distraction,4444598,28.9,17.4,0.0,0.0,0.0,0.0,3,18.1,38.2,188,Overcast,1,1,
67273,2021-07-30 23:45:00,40.864674,-73.896835,0,0,Unspecified,4444225,27.6,19.1,0.0,0.0,0.0,0.0,1,24.2,45.7,310,Mainly clear,0,0,Sunny/Clear Conditions
67274,2021-08-06 09:39:00,40.83071,-73.82713,0,0,Driver Inattention/Distraction,4444264,28.9,17.4,0.0,0.0,0.0,0.0,3,18.1,38.2,188,Overcast,0,0,
67275,2021-08-05 11:00:00,0.0,0.0,0,0,Backing Unsafely,4443967,27.1,17.4,0.1,0.1,0.0,1.0,51,13.2,27.0,5,Drizzle: Light,0,0,
67276,2021-08-04 14:28:00,40.745815,-73.945656,0,0,Driver Inattention/Distraction,4443743,24.3,17.5,0.1,0.1,0.0,1.0,51,13.7,27.4,57,Drizzle: Light,0,0,
67277,2021-08-05 05:47:00,40.686302,-73.793915,0,0,Passing or Lane Usage Improper,4443838,27.1,17.4,0.1,0.1,0.0,1.0,51,13.2,27.0,5,Drizzle: Light,0,0,
67278,2021-08-05 16:32:00,40.752975,-73.91024,1,0,Failure to Yield Right-of-Way,4444555,27.1,17.4,0.1,0.1,0.0,1.0,51,13.2,27.0,5,Drizzle: Light,1,1,
67279,2021-08-06 09:27:00,40.818012,-73.92519,1,0,Unspecified,4444275,28.9,17.4,0.0,0.0,0.0,0.0,3,18.1,38.2,188,Overcast,1,1,
67280,2021-08-04 17:25:00,40.884388,-73.87997,0,0,Turning Improperly,4443946,24.3,17.5,0.1,0.1,0.0,1.0,51,13.7,27.4,57,Drizzle: Light,0,0,
67281,2021-08-04 06:30:00,40.845005,-73.90741,1,0,Unsafe Lane Changing,4443877,24.3,17.5,0.1,0.1,0.0,1.0,51,13.7,27.4,57,Drizzle: Light,1,1,
67282,2021-08-05 05:30:00,40.77855,-73.951256,1,0,Driver Inattention/Distraction,4444292,27.1,17.4,0.1,0.1,0.0,1.0,51,13.2,27.0,5,Drizzle: Light,1,1,
67283,2021-07-28 15:00:00,40.72428,-73.898445,1,0,Unsafe Lane Changing,4444829,26.7,20.2,0.7,0.7,0.0,3.0,53,16.7,34.2,1,Drizzle: Moderate,1,1,
67284,2021-08-06 06:30:00,40.726067,-73.9089,0,0,Passing or Lane Usage Improper,4444823,28.9,17.4,0.0,0.0,0.0,0.0,3,18.1,38.2,188,Overcast,0,0,
67285,2021-08-04 08:10:00,40.75787,-73.725555,0,0,Unspecified,4443672,24.3,17.5,0.1,0.1,0.0,1.0,51,13.7,27.4,57,Drizzle: Light,0,0,
67286,2021-08-04 01:00:00,40.6877,-73.91095,0,0,Driver Inattention/Distraction,4443604,24.3,17.5,0.1,0.1,0.0,1.0,51,13.7,27.4,57,Drizzle: Light,0,0,
67287,2021-08-04 11:30:00,40.68582,-73.982834,0,0,Backing Unsafely,4443784,24.3,17.5,0.1,0.1,0.0,1.0,51,13.7,27.4,57,Drizzle: Light,0,0,
67288,2021-08-06 17:38:00,40.679787,-73.8782,1,0,Turning Improperly,4444456,28.9,17.4,0.0,0.0,0.0,0.0,3,18.1,38.2,188,Overcast,1,1,
67289,2021-08-04 21:30:00,40.76027,-73.80401,0,0,Other Vehicular,4443844,24.3,17.5,0.1,0.1,0.0,1.0,51,13.7,27.4,57,Drizzle: Light,0,0,
67290,2021-08-04 14:45:00,40.702168,-73.7924,0,0,Aggressive Driving/Road Rage,4443747,24.3,17.5,0.1,0.1,0.0,1.0,51,13.7,27.4,57,Drizzle: Light,0,0,
67291,2021-08-06 17:30:00,40.840004,-73.877396,1,0,Driver Inattention/Distraction,4445064,28.9,17.4,0.0,0.0,0.0,0.0,3,18.1,38.2,188,Overcast,1,1,
67292,2021-08-05 18:56:00,40.67567,-73.87008,0,0,Driver Inattention/Distraction,4444252,27.1,17.4,0.1,0.1,0.0,1.0,51,13.2,27.0,5,Drizzle: Light,0,0,
67293,2021-08-04 07:00:00,40.895367,-73.86072,0,0,Passing or Lane Usage Improper,4444056,24.3,17.5,0.1,0.1,0.0,1.0,51,13.7,27.4,57,Drizzle: Light,0,0,
67294,2021-08-05 09:43:00,40.68342,-73.97545,0,0,Backing Unsafely,4444070,27.1,17.4,0.1,0.1,0.0,1.0,51,13.2,27.0,5,Drizzle: Light,0,0,
67295,2021-08-03 15:14:00,40.84398,-73.8696,1,0,Traffic Control Disregarded,4444307,24.2,15.3,0.0,0.0,0.0,0.0,3,10.7,21.2,7,Overcast,1,1,
67296,2021-08-06 14:48:00,40.688904,-73.980934,0,0,Passing or Lane Usage Improper,4444384,28.9,17.4,0.0,0.0,0.0,0.0,3,18.1,38.2,188,Overcast,0,0,
67297,2021-08-05 09:15:00,40.67173,-73.87926,0,0,Driver Inattention/Distraction,4443998,27.1,17.4,0.1,0.1,0.0,1.0,51,13.2,27.0,5,Drizzle: Light,0,0,