,CRASH DATETIME,LATITUDE,LONGITUDE,NUMBER OF PERSONS INJURED,NUMBER OF PERSONS KILLED,CONTRIBUTING FACTOR VEHICLE 1,COLLISION_ID,temperature_2m_max,temperature_2m_min,precipitation_sum,rain_sum,snowfall_sum,precipitation_hours,weather_code,wind_speed_10m_max,wind_gusts_10m_max,wind_direction_10m_dominant,Weather Description,Severity_Score,Total_Affected_Persons,Weather_Category
67298,2021-08-06 15:50:00,40.729446,-74.00518,0,0,Driver Inattention/Distraction,4444635,28.9,17.4,0.0,0.0,0.0,0.0,3,18.1,38.2,188,Overcast,0,0,
67299,2021-08-04 15:31:00,40.728523,-73.999916,0,0,Driver Inattention/Distraction,4445106,24.3,17.5,0.1,0.1,0.0,1.0,51,13.7,27.4,57,Drizzle: Light,0,0,
67300,2021-08-06 14:30:00,40.766308,-73.8197,0,0,Backing Unsafely,4444352,28.9,17.4,0.0,0.0,0.0,0.0,3,18.1,38.2,188,Overcast,0,0,
67301,2021-08-05 19:20:00,40.62667,-74.12827,0,0,Driver Inattention/Distraction,4444799,27.1,17.4,0.1,0.1,0.0,1.0,51,13.2,27.0,5,Drizzle: Light,0,0,
67302,2021-08-04 19:50:00,40.623913,-74.00726,0,0,Failure to Yield Right-of-Way,4444108,24.3,17.5,0.1,0.1,0.0,1.0,51,13.7,27.4,57,Drizzle: Light,0,0,
67303,2021-08-05 17:13:00,40.572037,-74.144196,1,0,Following Too Closely,4444257,27.1,17.4,0.1,0.1,0.0,1.0,51,13.2,27.0,5,Drizzle: Light,1,1,
67304,2021-08-04 19:19:00,40.780464,-73.953865,0,0,Unsafe Speed,4445035,24.3,17.5,0.1,0.1,0.0,1.0,51,13.7,27.4,57,Drizzle: Light,0,0,
67305,2021-05-24 15:30:00,40.671032,-73.93927,0,0,Passing or Lane Usage Improper,4444895,18.9,13.7,0.0,0.0,0.0,0.0,3,22.4,44.3,126,Overcast,0,0,
67306,2021-08-05 09:41:00,40.832085,-73.89561,0,0,Driver Inattention/Distraction,4444663,27.1,17.4,0.1,0.1,0.0,1.0,51,13.2,27.0,5,Drizzle: Light,0,0,
67307,2021-08-06 00:00:00,40.66406,-73.73846,1,0,Driver Inattention/Distraction,4444220,28.9,17.4,0.0,0.0,0.0,0.0,3,18.1,38.2,188,Overcast,1,1,
67308,2021-08-06 22:34:00,40.566715,-74.13769,3,0,Traffic Control Disregarded,4444410,28.9,17.4,0.0,0.0,0.0,0.0,3,18.1,38.2,188,Overcast,3,3,
67309,2021-08-05 11:50:00,40.781303,-73.98201,0,0,Passing or Lane Usage Improper,4444712,27.1,17.4,0.1,0.1,0.0,1.0,51,13.2,27.0,5,Drizzle: Light,0,0,
67310,2021-08-05 10:08:00,40.63538,-73.896034,0,0,Unspecified,4444015,27.1,17.4,0.1,0.1,0.0,1.0,51,13.2,27.0,5,Drizzle: Light,0,0,
67311,2021-08-02 20:00:00,40.75054,-73.896545,0,0,Driver Inattention/Distraction,4444848,26.4,17.2,0.0,0.0,0.0,0.0,3,18.4,37.4,313,Overcast,0,0,
67312,2021-08-05 12:46:00,40.74889,-73.91944,0,0,Unspecified,4444146,27.1,17.4,0.1,0.1,0.0,1.0,51,13.2,27.0,5,Drizzle: Light,0,0,
67313,2021-08-04 15:33:00,40.833916,-73.92702,1,0,Driver Inattention/Distraction,4443899,24.3,17.5,0.1,0.1,0.0,1.0,51,13.7,27.4,57,Drizzle: Light,1,1,
67314,2021-08-05 07:30:00,40.780853,-73.95672,1,0,Unsafe Lane Changing,4444166,27.1,17.4,0.1,0.1,0.0,1.0,51,13.2,27.0,5,Drizzle: Light,1,1,
67315,2021-08-06 23:13:00,40.814762,-73.92761,1,0,Unspecified,4444531,28.9,17.4,0.0,0.0,0.0,0.0,3,18.1,38.2,188,Overcast,1,1,
67316,2021-08-01 07:17:00,40.65474,-73.90693,0,0,Passing Too Closely,4444776,24.4,16.6,0.8,0.8,0.0,5.0,51,19.9,39.2,168,Drizzle: Light,0,0,
67317,2021-08-06 14:40:00,40.623676,-73.937996,0,0,Passing or Lane Usage Improper,4444321,28.9,17.4,0.0,0.0,0.0,0.0,3,18.1,38.2,188,Overcast,0,0,
67318,2021-08-05 16:44:00,40.768032,-73.99586,0,0,Unspecified,4444189,27.1,17.4,0.1,0.1,0.0,1.0,51,13.2,27.0,5,Drizzle: Light,0,0,
67319,2021-08-05 15:00:00,40.71543,-73.95387,0,0,Passing Too Closely,4444306,27.1,17.4,0.1,0.1,0.0,1.0,51,13.2,27.0,5,Drizzle: Light,0,0,
67320,2021-07-21 14:35:00,40.67786,-73.93863,0,0,Driver Inattention/Distraction,4444896,27.6,20.9,1.4,1.4,0.0,4.0,53,16.0,31.3,315,Drizzle: Moderate,0,0,
67321,2021-08-06 09:50:00,40.81061,-73.93847,0,0,Driver Inattention/Distraction,4444284,28.9,17.4,0.0,0.0,0.0,0.0,3,18.1,38.2,188,Overcast,0,0,
67322,2021-08-04 01:00:00,40.702744,-73.80592,0,0,Turning Improperly,4443695,24.3,17.5,0.1,0.1,0.0,1.0,51,13.7,27.4,57,Drizzle: Light,0,0,
67323,2021-08-04 08:53:00,40.8801,-73.85799,1,0,Driver Inattention/Distraction,4443936,24.3,17.5,0.1,0.1,0.0,1.0,51,13.7,27.4,57,Drizzle: Light,1,1,
67324,2021-08-03 08:20:00,40.608612,-74.13098,0,0,Passing Too Closely,4444898,24.2,15.3,0.0,0.0,0.0,0.0,3,10.7,21.2,7,Overcast,0,0,
67325,2021-08-05 06:45:00,40.69453,-73.897896,0,0,Unspecified,4444093,27.1,17.4,0.1,0.1,0.0,1.0,51,13.2,27.0,5,Drizzle: Light,0,0,
67326,2021-08-04 15:16:00,40.853138,-73.9017,0,0,Passing Too Closely,4443890,24.3,17.5,0.1,0.1,0.0,1.0,51,13.7,27.4,57,Drizzle: Light,0,0,
67327,2021-08-04 12:15:00,40.838875,-73.90266,0,0,Unspecified,4443680,24.3,17.5,0.1,0.1,0.0,1.0,51,13.7,27.4,57,Drizzle: Light,0,0,
67328,2021-08-04 13:30:00,40.66077,-73.91975,0,0,Unspecified,4443732,24.3,17.5,0.1,0.1,0.0,1.0,51,13.7,27.4,57,Drizzle: Light,0,0,
67329,2021-07-27 09:25:00,40.625816,-74.15519,0,0,Driver Inattention/Distraction,4444881,30.4,19.1,0.2,0.2,0.0,2.0,51,19.5,38.9,206,Drizzle: Light,0,0,
67330,2021-08-05 12:45:00,40.75219,-73.99347,0,0,Following Too Closely,4444279,27.1,17.4,0.1,0.1,0.0,1.0,51,13.2,27.0,5,Drizzle: Light,0,0,
67331,2021-08-03 19:35:00,40.679565,-73.93436,1,0,Driver Inattention/Distraction,4444924,24.2,15.3,0.0,0.0,0.0,0.0,3,10.7,21.2,7,Overcast,1,1,
67332,2021-08-04 16:00:00,40.84519,-73.9112,0,0,Obstruction/Debris,4443975,24.3,17.5,0.1,0.1,0.0,1.0,51,13.7,27.4,57,Drizzle: Light,0,0,
67333,2021-08-05 10:00:00,40.85415,-73.88447,0,0,Driver Inattention/Distraction,4443964,27.1,17.4,0.1,0.1,0.0,1.0,51,13.2,27.0,5,Drizzle: Light,0,0,
67334,2021-08-04 02:45:00,40.70013,-73.84274,0,0,Driver Inattention/Distraction,4443659,24.3,17.5,0.1,0.1,0.0,1.0,51,13.7,27.4,57,Drizzle: Light,0,0,
67335,2021-08-03 08:30:00,40.732136,-73.94441,0,0,Driver Inexperience,4444296,24.2,15.3,0.0,0.0,0.0,0.0,3,10.7,21.2,7,Overcast,0,0,
67336,2021-06-21 18:25:00,40.583725,-73.89372,1,0,Driver Inattention/Distraction,4444834,28.0,21.7,0.5,0.5,0.0,2.0,51,24.4,46.8,181,Drizzle: Light,1,1,
67337,2021-07-30 19:20:00,40.69003,-73.93048,3,0,Driver Inexperience,4444954,27.6,19.1,0.0,0.0,0.0,0.0,1,24.2,45.7,310,Mainly clear,3,3,Sunny/Clear Conditions
67338,2021-08-05 17:20:00,40.61728,-74.00856,0,0,Unspecified,4444109,27.1,17.4,0.1,0.1,0.0,1.0,51,13.2,27.0,5,Drizzle: Light,0,0,
67339,2021-08-05 13:45:00,40.695854,-73.93841,0,0,Driver Inattention/Distraction,4444952,27.1,17.4,0.1,0.1,0.0,1.0,51,13.2,27.0,5,Drizzle: Light,0,0,
67340,2021-07-29 14:50:00,40.776546,-73.92377,0,0,Unspecified,4444512,25.3,20.4,33.0,33.0,0.0,11.0,65,26.1,50.8,182,Rain: Heavy,0,0,
67341,2021-08-06 17:35:00,40.756676,-73.920876,2,0,Driver Inattention/Distraction,4444741,28.9,17.4,0.0,0.0,0.0,0.0,3,18.1,38.2,188,Overcast,2,2,
67342,2021-08-06 16:05:00,40.648956,-73.88301,1,0,Unspecified,4444452,28.9,17.4,0.0,0.0,0.0,0.0,3,18.1,38.2,188,Overcast,1,1,
67343,2021-08-05 19:43:00,40.79293,-73.94791,0,0,Following Too Closely,4444173,27.1,17.4,0.1,0.1,0.0,1.0,51,13.2,27.0,5,Drizzle: Light,0,0,
67344,2021-08-04 09:00:00,40.690086,-73.751205,3,0,Traffic Control Disregarded,4444003,24.3,17.5,0.1,0.1,0.0,1.0,51,13.7,27.4,57,Drizzle: Light,3,3,
67345,2021-08-04 08:45:00,40.59125,-74.19328,0,0,Driver Inattention/Distraction,4444200,24.3,17.5,0.1,0.1,0.0,1.0,51,13.7,27.4,57,Drizzle: Light,0,0,
67346,2021-08-04 21:50:00,40.89711,-73.88008,0,0,Unsafe Lane Changing,4444062,24.3,17.5,0.1,0.1,0.0,1.0,51,13.7,27.4,57,Drizzle: Light,0,0,
67347,2021-08-05 16:55:00,40.85159,-73.867805,0,0,Following Too Closely,4444065,27.1,17.4,0.1,0.1,0.0,1.0,51,13.2,27.0,5,Drizzle: Light,0,0,
67348,2021-08-04 00:35:00,40.662186,-73.737946,1,0,Unspecified,4443572,24.3,17.5,0.1,0.1,0.0,1.0,51,13.7,27.4,57,Drizzle: Light,1,1,
67349,2021-08-04 15:27:00,40.718792,-73.98902,0,0,Unsafe Lane Changing,4444153,24.3,17.5,0.1,0.1,0.0,1.0,51,13.7,27.4,57,Drizzle: Light,0,0,
67350,2021-08-04 19:18:00,40.651863,-73.86536,0,0,Following Too Closely,4443854,24.3,17.5,0.1,0.1,0.0,1.0,51,13.7,27.4,57,Drizzle: Light,0,0,
67351,2021-08-06 16:36:00,40.640865,-73.9852,0,0,Unspecified,4445069,28.9,17.4,0.0,0.0,0.0,0.0,3,18.1,38.2,188,Overcast,0,0,
67352,2021-08-01 01:47:00,40.755028,-73.872696,0,0,Unspecified,4444849,24.4,16.6,0.8,0.8,0.0,5.0,51,19.9,39.2,168,Drizzle: Light,0,0,
67353,2021-08-04 21:20:00,40.79856,-73.96336,0,0,Driver Inattention/Distraction,4443874,24.3,17.5,0.1,0.1,0.0,1.0,51,13.7,27.4,57,Drizzle: Light,0,0,
67354,2021-08-06 09:03:00,40.689713,-73.840775,1,0,Failure to Yield Right-of-Way,4444215,28.9,17.4,0.0,0.0,0.0,0.0,3,18.1,38.2,188,Overcast,1,1,
67355,2021-08-05 22:45:00,40.68866,-73.985245,0,0,Passing Too Closely,4444104,27.1,17.4,0.1,0.1,0.0,1.0,51,13.2,27.0,5,Drizzle: Light,0,0,
67356,2021-08-04 08:00:00,40.735928,-73.89036,0,0,Unspecified,4443788,24.3,17.5,0.1,0.1,0.0,1.0,51,13.7,27.4,57,Drizzle: Light,0,0,
67357,2021-06-29 21:05:00,40.67582,-73.930466,0,0,Driver Inattention/Distraction,4444863,33.4,24.0,0.7,0.7,0.0,4.0,51,19.5,40.0,231,Drizzle: Light,0,0,
67358,2021-08-05 05:00:00,40.817116,-73.88307,0,0,Unspecified,4443982,27.1,17.4,0.1,0.1,0.0,1.0,51,13.2,27.0,5,Drizzle: Light,0,0,
67359,2021-08-05 15:30:00,40.820187,-73.890686,0,0,Traffic Control Disregarded,4444311,27.1,17.4,0.1,0.1,0.0,1.0,51,13.2,27.0,5,Drizzle: Light,0,0,
67360,2021-08-06 14:30:00,40.76739,-73.97073,0,0,Backing Unsafely,4445033,28.9,17.4,0.0,0.0,0.0,0.0,3,18.1,38.2,188,Overcast,0,0,
67361,2021-08-05 15:40:00,40.719067,-73.99336,1,0,Unspecified,4444803,27.1,17.4,0.1,0.1,0.0,1.0,51,13.2,27.0,5,Drizzle: Light,1,1,
67362,2021-08-02 22:58:00,40.732925,-74.00007,0,0,Oversized Vehicle,4444632,26.4,17.2,0.0,0.0,0.0,0.0,3,18.4,37.4,313,Overcast,0,0,
67363,2021-08-05 19:00:00,40.806118,-73.924805,0,0,Unspecified,4444274,27.1,17.4,0.1,0.1,0.0,1.0,51,13.2,27.0,5,Drizzle: Light,0,0,
67364,2021-08-01 21:00:00,40.622826,-74.162224,1,0,Driver Inattention/Distraction,4444891,24.4,16.6,0.8,0.8,0.0,5.0,51,19.9,39.2,168,Drizzle: Light,1,1,
67365,2021-08-06 17:49:00,40.660786,-73.93982,1,0,Traffic Control Disregarded,4444562,28.9,17.4,0.0,0.0,0.0,0.0,3,18.1,38.2,188,Overcast,1,1,
67366,2021-08-06 11:13:00,40.77178,-73.9792,1,0,Following Too Closely,4444678,28.9,17.4,0.0,0.0,0.0,0.0,3,18.1,38.2,188,Overcast,1,1,
67367,2021-08-06 11:56:00,40.668377,-73.92012,0,0,Unspecified,4444716,28.9,17.4,0.0,0.0,0.0,0.0,3,18.1,38.2,188,Overcast,0,0,
67368,2021-08-04 22:30:00,40.74424,-73.84717,0,0,Reaction to Uninvolved Vehicle,4443808,24.3,17.5,0.1,0.1,0.0,1.0,51,13.7,27.4,57,Drizzle: Light,0,0,
67369,2021-08-02 01:30:00,40.75232,-73.85959,1,0,Driver Inattention/Distraction,4444842,26.4,17.2,0.0,0.0,0.0,0.0,3,18.4,37.4,313,Overcast,1,1,
67370,2021-08-04 21:15:00,40.623386,-74.132065,0,0,Unspecified,4444140,24.3,17.5,0.1,0.1,0.0,1.0,51,13.7,27.4,57,Drizzle: Light,0,0,
67371,2021-08-03 18:10:00,40.624878,-73.96418,1,0,Driver Inexperience,4445008,24.2,15.3,0.0,0.0,0.0,0.0,3,10.7,21.2,7,Overcast,1,1,
67372,2021-08-06 14:29:00,40.82876,-73.84123,2,0,Unspecified,4445096,28.9,17.4,0.0,0.0,0.0,0.0,3,18.1,38.2,188,Overcast,2,2,
67373,2021-08-06 11:28:00,40.850494,-73.86573,0,0,Unspecified,4444289,28.9,17.4,0.0,0.0,0.0,0.0,3,18.1,38.2,188,Overcast,0,0,
67374,2021-08-02 21:41:00,40.84552,-73.93469,0,0,Turning Improperly,4444269,26.4,17.2,0.0,0.0,0.0,0.0,3,18.4,37.4,313,Overcast,0,0,
67375,2021-08-06 00:00:00,40.671257,-73.84425,0,0,Passing or Lane Usage Improper,4444542,28.9,17.4,0.0,0.0,0.0,0.0,3,18.1,38.2,188,Overcast,0,0,
67376,2021-08-05 20:00:00,40.575203,-74.169846,1,0,Passing or Lane Usage Improper,4444902,27.1,17.4,0.1,0.1,0.0,1.0,51,13.2,27.0,5,Drizzle: Light,1,1,
67377,2021-08-06 19:36:00,40.690594,-73.95162,0,0,Unsafe Lane Changing,4444732,28.9,17.4,0.0,0.0,0.0,0.0,3,18.1,38.2,188,Overcast,0,0,
67378,2021-07-31 01:45:00,40.68064,-73.95338,0,0,Driver Inattention/Distraction,4444749,25.6,14.5,0.0,0.0,0.0,0.0,2,16.8,33.8,304,Partly cloudy,0,0,
67379,2021-08-06 08:15:00,40.828114,-73.93107,0,0,Following Too Closely,4444338,28.9,17.4,0.0,0.0,0.0,0.0,3,18.1,38.2,188,Overcast,0,0,
67380,2021-08-05 19:37:00,40.604584,-73.952415,0,0,Unspecified,4444206,27.1,17.4,0.1,0.1,0.0,1.0,51,13.2,27.0,5,Drizzle: Light,0,0,
67381,2021-08-06 07:40:00,40.742874,-73.933945,0,0,Driver Inattention/Distraction,4444468,28.9,17.4,0.0,0.0,0.0,0.0,3,18.1,38.2,188,Overcast,0,0,
67382,2021-08-03 18:30:00,40.7196,-73.94391,0,0,Driver Inattention/Distraction,4444301,24.2,15.3,0.0,0.0,0.0,0.0,3,10.7,21.2,7,Overcast,0,0,
67383,2021-07-31 01:00:00,40.697514,-73.94093,0,0,Backing Unsafely,4444943,25.6,14.5,0.0,0.0,0.0,0.0,2,16.8,33.8,304,Partly cloudy,0,0,
67384,2021-08-05 00:00:00,40.552124,-74.17258,0,0,Failure to Yield Right-of-Way,4444501,27.1,17.4,0.1,0.1,0.0,1.0,51,13.2,27.0,5,Drizzle: Light,0,0,
67385,2021-08-06 13:55:00,40.669964,-73.775314,1,0,Other Vehicular,4444402,28.9,17.4,0.0,0.0,0.0,0.0,3,18.1,38.2,188,Overcast,1,1,
67386,2021-08-06 17:32:00,40.783268,-73.82485,0,0,Following Too Closely,4444582,28.9,17.4,0.0,0.0,0.0,0.0,3,18.1,38.2,188,Overcast,0,0,
67387,2021-07-25 21:31:00,40.670124,-73.95528,1,0,Driver Inattention/Distraction,4444333,28.0,20.3,7.3,7.3,0.0,10.0,63,20.9,43.2,198,Rain: Moderate,1,1,
67388,2021-08-06 03:00:00,40.906155,-73.848206,0,0,Driver Inattention/Distraction,4445053,28.9,17.4,0.0,0.0,0.0,0.0,3,18.1,38.2,188,Overcast,0,0,
67389,2021-07-27 06:43:00,40.832916,-73.92939,1,0,Driver Inattention/Distraction,4444722,30.4,19.1,0.2,0.2,0.0,2.0,51,19.5,38.9,206,Drizzle: Light,1,1,
67390,2021-05-01 10:43:00,40.673256,-73.9307,0,0,Other Vehicular,4444885,17.3,5.0,0.0,0.0,0.0,0.0,3,31.7,63.4,302,Overcast,0,0,
67391,2021-08-04 09:50:00,40.660442,-73.95688,3,0,Following Too Closely,4443724,24.3,17.5,0.1,0.1,0.0,1.0,51,13.7,27.4,57,Drizzle: Light,3,3,
67392,2021-08-04 17:00:00,40.691914,-73.88363,2,0,Following Too Closely,4443918,24.3,17.5,0.1,0.1,0.0,1.0,51,13.7,27.4,57,Drizzle: Light,2,2,
67393,2021-08-05 09:00:00,40.671467,-73.88109,0,0,Driver Inattention/Distraction,4443989,27.1,17.4,0.1,0.1,0.0,1.0,51,13.2,27.0,5,Drizzle: Light,0,0,
67394,2021-08-02 21:35:00,40.69149,-73.92557,1,0,Driver Inattention/Distraction,4444920,26.4,17.2,0.0,0.0,0.0,0.0,3,18.4,37.4,313,Overcast,1,1,
67395,2021-08-04 20:08:00,40.729084,-73.93104,0,0,Steering Failure,4443770,24.3,17.5,0.1,0.1,0.0,1.0,51,13.7,27.4,57,Drizzle: Light,0,0,
67396,2021-08-04 12:48:00,40.591755,-73.9083,0,0,Unspecified,4443758,24.3,17.5,0.1,0.1,0.0,1.0,51,13.7,27.4,57,Drizzle: Light,0,0,
67397,2021-08-05 09:49:00,40.825413,-73.923485,0,0,Passing or Lane Usage Improper,4443955,27.1,17.4,0.1,0.1,0.0,1.0,51,13.2,27.0,5,Drizzle: Light,0,0,
67398,2021-08-05 07:32:00,40.700977,-73.95871,0,0,Driver Inattention/Distraction,4444131,27.1,17.4,0.1,0.1,0.0,1.0,51,13.2,27.0,5,Drizzle: Light,0,0,
67399,2021-07-30 09:00:00,40.80885,-73.95404,0,0,Backing Unsafely,4444673,27.6,19.1,0.0,0.0,0.0,0.0,1,24.2,45.7,310,Mainly clear,0,0,Sunny/Clear Conditions
67400,2021-07-31 20:21:00,40.71322,-74.01172,0,0,Unspecified,4444316,25.6,14.5,0.0,0.0,0.0,0.0,2,16.8,33.8,304,Partly cloudy,0,0,
67401,2021-06-18 15:35:00,40.671925,-73.939186,0,0,Driver Inattention/Distraction,4444964,27.4,13.8,0.0,0.0,0.0,0.0,3,20.5,40.3,210,Overcast,0,0,
67402,2021-08-06 06:15:00,40.690235,-73.81214,0,0,Backing Unsafely,4444375,28.9,17.4,0.0,0.0,0.0,0.0,3,18.1,38.2,188,Overcast,0,0,
67403,2020-08-05 19:50:00,40.73715,-73.930824,0,0,Driver Inexperience,4444243,30.1,21.5,0.0,0.0,0.0,0.0,2,19.6,37.1,253,Partly cloudy,0,0,
67404,2021-08-05 02:00:00,40.691357,-73.812904,0,0,Driver Inattention/Distraction,4443803,27.1,17.4,0.1,0.1,0.0,1.0,51,13.2,27.0,5,Drizzle: Light,0,0,
67405,2021-08-04 14:23:00,40.629543,-73.96609,1,0,Driver Inattention/Distraction,4443835,24.3,17.5,0.1,0.1,0.0,1.0,51,13.7,27.4,57,Drizzle: Light,1,1,
67406,2021-08-05 13:40:00,40.69821,-73.78648,1,0,Driver Inattention/Distraction,4444079,27.1,17.4,0.1,0.1,0.0,1.0,51,13.2,27.0,5,Drizzle: Light,1,1,
67407,2021-08-04 10:40:00,40.690907,-73.95542,1,0,Aggressive Driving/Road Rage,4444042,24.3,17.5,0.1,0.1,0.0,1.0,51,13.7,27.4,57,Drizzle: Light,1,1,
67408,2021-08-05 18:53:00,40.761383,-73.978165,1,0,Passing or Lane Usage Improper,4444196,27.1,17.4,0.1,0.1,0.0,1.0,51,13.2,27.0,5,Drizzle: Light,1,1,
67409,2021-08-06 16:00:00,40.775665,-73.84537,0,0,Failure to Yield Right-of-Way,4444360,28.9,17.4,0.0,0.0,0.0,0.0,3,18.1,38.2,188,Overcast,0,0,
67410,2021-08-06 08:20:00,40.73631,-73.85766,0,0,Driver Inattention/Distraction,4444211,28.9,17.4,0.0,0.0,0.0,0.0,3,18.1,38.2,188,Overcast,0,0,
67411,2021-08-04 16:27:00,40.783245,-73.81173,0,0,Passing Too Closely,4443849,24.3,17.5,0.1,0.1,0.0,1.0,51,13.7,27.4,57,Drizzle: Light,0,0,
67412,2021-07-24 03:00:00,40.874146,-73.927216,2,0,Driverless/Runaway Vehicle,4444343,26.8,18.2,0.0,0.0,0.0,0.0,3,16.3,31.7,152,Overcast,2,2,
67413,2021-07-31 15:11:00,40.69447,-73.78147,0,0,Other Vehicular,4445126,25.6,14.5,0.0,0.0,0.0,0.0,2,16.8,33.8,304,Partly cloudy,0,0,
67414,2021-07-29 19:00:00,40.666603,-73.91387,0,0,Unspecified,4444228,25.3,20.4,33.0,33.0,0.0,11.0,65,26.1,50.8,182,Rain: Heavy,0,0,
67415,2021-08-04 23:40:00,40.60307,-74.01667,1,0,Following Too Closely,4443793,24.3,17.5,0.1,0.1,0.0,1.0,51,13.7,27.4,57,Drizzle: Light,1,1,
67416,2021-08-06 22:30:00,40.842266,-73.885765,0,0,Driver Inattention/Distraction,4445120,28.9,17.4,0.0,0.0,0.0,0.0,3,18.1,38.2,188,Overcast,0,0,
67417,2021-08-06 11:20:00,40.636456,-74.000534,0,0,Unspecified,4445082,28.9,17.4,0.0,0.0,0.0,0.0,3,18.1,38.2,188,Overcast,0,0,
67418,2021-08-05 09:02:00,40.841305,-73.82735,0,0,Unspecified,4444180,27.1,17.4,0.1,0.1,0.0,1.0,51,13.2,27.0,5,Drizzle: Light,0,0,
67419,2021-07-31 12:00:00,40.65443,-74.00757,0,0,Driver Inattention/Distraction,4444619,25.6,14.5,0.0,0.0,0.0,0.0,2,16.8,33.8,304,Partly cloudy,0,0,
67420,2021-08-06 22:10:00,40.618946,-73.94439,3,0,Unspecified,4444417,28.9,17.4,0.0,0.0,0.0,0.0,3,18.1,38.2,188,Overcast,3,3,
67421,2021-08-04 18:42:00,40.85,-73.861946,0,0,Unspecified,4444018,24.3,17.5,0.1,0.1,0.0,1.0,51,13.7,27.4,57,Drizzle: Light,0,0,
67422,2021-07-16 19:58:00,40.678116,-73.90787,0,0,Unspecified,4444815,32.3,23.2,0.3,0.3,0.0,3.0,51,12.3,33.1,238,Drizzle: Light,0,0,
67423,2021-08-05 08:00:00,40.73566,-73.91521,0,0,Driver Inattention/Distraction,4444441,27.1,17.4,0.1,0.1,0.0,1.0,51,13.2,27.0,5,Drizzle: Light,0,0,
67424,2021-08-06 22:00:00,40.75694,-73.97145,0,0,Unspecified,4444567,28.9,17.4,0.0,0.0,0.0,0.0,3,18.1,38.2,188,Overcast,0,0,
67425,2021-07-16 00:00:00,40.67265,-73.91963,1,0,Other Vehicular,4444780,32.3,23.2,0.3,0.3,0.0,3.0,51,12.3,33.1,238,Drizzle: Light,1,1,
67426,2021-08-06 11:41:00,40.628563,-73.94823,1,0,Backing Unsafely,4444651,28.9,17.4,0.0,0.0,0.0,0.0,3,18.1,38.2,188,Overcast,1,1,
67427,2021-07-31 15:29:00,40.848118,-73.93089,0,0,Unspecified,4444365,25.6,14.5,0.0,0.0,0.0,0.0,2,16.8,33.8,304,Partly cloudy,0,0,
67428,2021-08-05 11:40:00,40.60416,-73.99752,0,0,Driver Inattention/Distraction,4444033,27.1,17.4,0.1,0.1,0.0,1.0,51,13.2,27.0,5,Drizzle: Light,0,0,
67429,2021-08-06 18:25:00,40.722992,-74.0023,0,0,Passing or Lane Usage Improper,4444496,28.9,17.4,0.0,0.0,0.0,0.0,3,18.1,38.2,188,Overcast,0,0,
67430,2021-08-04 14:00:00,40.86485,-73.9226,0,0,Unspecified,4444370,24.3,17.5,0.1,0.1,0.0,1.0,51,13.7,27.4,57,Drizzle: Light,0,0,
67431,2021-08-04 23:00:00,40.83316,-73.91317,0,0,Unspecified,4444328,24.3,17.5,0.1,0.1,0.0,1.0,51,13.7,27.4,57,Drizzle: Light,0,0,
67432,2021-08-06 04:00:00,40.595978,-73.77079,0,0,Unspecified,4444238,28.9,17.4,0.0,0.0,0.0,0.0,3,18.1,38.2,188,Overcast,0,0,
67433,2021-08-01 05:09:00,40.67584,-73.91655,1,0,Unspecified,4444695,24.4,16.6,0.8,0.8,0.0,5.0,51,19.9,39.2,168,Drizzle: Light,1,1,
67434,2021-08-04 22:50:00,40.666786,-73.78452,1,0,Unspecified,4444053,24.3,17.5,0.1,0.1,0.0,1.0,51,13.7,27.4,57,Drizzle: Light,1,1,
67435,2021-08-03 16:16:00,40.699833,-73.93697,0,0,Backing Unsafely,4444992,24.2,15.3,0.0,0.0,0.0,0.0,3,10.7,21.2,7,Overcast,0,0,
67436,2021-08-04 18:20:00,40.8315,-73.888084,1,0,Driver Inattention/Distraction,4443818,24.3,17.5,0.1,0.1,0.0,1.0,51,13.7,27.4,57,Drizzle: Light,1,1,
67437,2022-07-04 14:30:00,40.60549,-73.979195,0,0,Driver Inattention/Distraction,4544567,30.9,17.5,0.0,0.0,0.0,0.0,3,15.4,27.4,302,Overcast,0,0,
67438,2022-07-07 13:00:00,40.667652,-73.88531,1,0,Failure to Yield Right-of-Way,4544379,27.5,20.1,0.0,0.0,0.0,0.0,3,19.1,37.4,110,Overcast,1,1,
67439,2022-07-07 13:30:00,40.75829,-73.83431,0,0,Backing Unsafely,4544793,27.5,20.1,0.0,0.0,0.0,0.0,3,19.1,37.4,110,Overcast,0,0,
67440,2022-07-07 23:35:00,40.69168,-73.999344,3,0,Other Vehicular,4544675,27.5,20.1,0.0,0.0,0.0,0.0,3,19.1,37.4,110,Overcast,3,3,
67441,2021-10-08 23:54:00,40.7029527,-73.9170515,0,0,Unspecified,4469798,23.7,14.5,0.0,0.0,0.0,0.0,3,13.0,22.3,94,Overcast,0,0,
67442,2022-07-06 23:50:00,40.717552,-73.95727,0,0,Driver Inattention/Distraction,4544283,31.6,21.7,0.2,0.2,0.0,1.0,51,19.0,37.1,299,Drizzle: Light,0,0,
67443,2022-07-08 21:32:00,40.71294,-73.823845,1,0,Driver Inattention/Distraction,4544823,29.6,19.3,1.8,1.8,0.0,8.0,51,15.0,31.0,187,Drizzle: Light,1,1,