,CRASH DATETIME,LATITUDE,LONGITUDE,NUMBER OF PERSONS INJURED,NUMBER OF PERSONS KILLED,CONTRIBUTING FACTOR VEHICLE 1,COLLISION_ID,temperature_2m_max,temperature_2m_min,precipitation_sum,rain_sum,snowfall_sum,precipitation_hours,weather_code,wind_speed_10m_max,wind_gusts_10m_max,wind_direction_10m_dominant,Weather Description,Severity_Score,Total_Affected_Persons,Weather_Category
67444,2022-06-30 17:10:00,40.738377,-73.87734,0,0,Driver Inattention/Distraction,4544934,31.2,17.3,0.0,0.0,0.0,0.0,2,19.1,37.4,274,Partly cloudy,0,0,
67445,2022-07-06 13:36:00,40.73715,-73.930824,0,0,Driver Inattention/Distraction,4544370,31.6,21.7,0.2,0.2,0.0,1.0,51,19.0,37.1,299,Drizzle: Light,0,0,
67446,2022-07-06 12:42:00,40.775932,-73.82445,1,0,Failure to Yield Right-of-Way,4543899,31.6,21.7,0.2,0.2,0.0,1.0,51,19.0,37.1,299,Drizzle: Light,1,1,
67447,2022-07-08 11:53:00,40.834522,-73.87183,2,0,Unspecified,4544631,29.6,19.3,1.8,1.8,0.0,8.0,51,15.0,31.0,187,Drizzle: Light,2,2,
67448,2021-10-20 14:00:00,40.7191462,-73.7894826,1,0,Passing or Lane Usage Improper,4469805,24.1,13.8,0.0,0.0,0.0,0.0,3,21.6,37.1,276,Overcast,1,1,
67449,2022-07-06 19:42:00,40.58659,-73.94593,0,0,Failure to Keep Right,4544004,31.6,21.7,0.2,0.2,0.0,1.0,51,19.0,37.1,299,Drizzle: Light,0,0,
67450,2022-07-06 14:30:00,40.74663,-73.883255,0,0,Driver Inattention/Distraction,4544114,31.6,21.7,0.2,0.2,0.0,1.0,51,19.0,37.1,299,Drizzle: Light,0,0,
67451,2022-07-08 20:55:00,40.682655,-73.910034,2,0,Driver Inattention/Distraction,4544895,29.6,19.3,1.8,1.8,0.0,8.0,51,15.0,31.0,187,Drizzle: Light,2,2,
67452,2022-07-07 20:05:00,40.8514,-73.90606,4,0,Unspecified,4544494,27.5,20.1,0.0,0.0,0.0,0.0,3,19.1,37.4,110,Overcast,4,4,
67453,2022-07-01 15:22:00,40.788506,-73.98107,0,0,Unspecified,4545193,33.7,20.2,0.1,0.1,0.0,1.0,51,32.3,58.0,215,Drizzle: Light,0,0,
67454,2022-07-08 13:50:00,40.694115,-73.79214,2,0,Failure to Yield Right-of-Way,4544626,29.6,19.3,1.8,1.8,0.0,8.0,51,15.0,31.0,187,Drizzle: Light,2,2,
67455,2022-07-06 03:50:00,0.0,0.0,2,0,Driver Inattention/Distraction,4544535,31.6,21.7,0.2,0.2,0.0,1.0,51,19.0,37.1,299,Drizzle: Light,2,2,
67456,2022-07-06 19:05:00,40.727825,-73.89218,2,0,Failure to Yield Right-of-Way,4544273,31.6,21.7,0.2,0.2,0.0,1.0,51,19.0,37.1,299,Drizzle: Light,2,2,
67457,2022-07-07 17:00:00,40.71332,-73.9425,0,0,Driver Inattention/Distraction,4544434,27.5,20.1,0.0,0.0,0.0,0.0,3,19.1,37.4,110,Overcast,0,0,
67458,2022-06-18 04:25:00,40.76635,-73.89093,0,0,Following Too Closely,4544499,21.6,15.3,0.0,0.0,0.0,0.0,3,30.9,59.4,320,Overcast,0,0,
67459,2022-07-04 04:19:00,40.828915,-73.88276,0,0,Aggressive Driving/Road Rage,4544658,30.9,17.5,0.0,0.0,0.0,0.0,3,15.4,27.4,302,Overcast,0,0,
67460,2022-07-06 00:00:00,40.677654,-73.82866,0,0,Turning Improperly,4544032,31.6,21.7,0.2,0.2,0.0,1.0,51,19.0,37.1,299,Drizzle: Light,0,0,
67461,2022-06-24 09:30:00,40.70312,-73.78941,1,0,,4544526,26.7,14.6,1.0,1.0,0.0,6.0,51,19.2,37.4,204,Drizzle: Light,1,1,
67462,2022-07-06 18:30:00,40.76025,-73.969635,0,0,Driver Inattention/Distraction,4544076,31.6,21.7,0.2,0.2,0.0,1.0,51,19.0,37.1,299,Drizzle: Light,0,0,
67463,2022-07-04 23:13:00,40.691814,-73.81672,1,0,Backing Unsafely,4544471,30.9,17.5,0.0,0.0,0.0,0.0,3,15.4,27.4,302,Overcast,1,1,
67464,2022-07-06 14:35:00,40.68342,-73.982,1,0,Passing or Lane Usage Improper,4543946,31.6,21.7,0.2,0.2,0.0,1.0,51,19.0,37.1,299,Drizzle: Light,1,1,
67465,2022-07-07 17:40:00,40.71232,-73.73202,0,0,Unspecified,4544412,27.5,20.1,0.0,0.0,0.0,0.0,3,19.1,37.4,110,Overcast,0,0,
67466,2022-07-07 18:30:00,40.636353,-73.965256,0,0,Alcohol Involvement,4544696,27.5,20.1,0.0,0.0,0.0,0.0,3,19.1,37.4,110,Overcast,0,0,
67467,2021-10-09 04:00:00,40.8836139,-73.8504028,0,0,Unsafe Speed,4469825,20.2,15.2,1.2,1.2,0.0,5.0,51,22.8,42.8,71,Drizzle: Light,0,0,
67468,2021-10-20 14:00:00,40.7289557,-73.9279276,0,0,Driver Inattention/Distraction,4469826,24.1,13.8,0.0,0.0,0.0,0.0,3,21.6,37.1,276,Overcast,0,0,
67469,2022-07-07 15:15:00,40.608513,-74.016106,1,0,Unsafe Speed,4544716,27.5,20.1,0.0,0.0,0.0,0.0,3,19.1,37.4,110,Overcast,1,1,
67470,2022-07-07 08:15:00,40.830128,-73.85087,1,0,Driver Inattention/Distraction,4544304,27.5,20.1,0.0,0.0,0.0,0.0,3,19.1,37.4,110,Overcast,1,1,
67471,2022-07-06 18:58:00,40.77056,-73.91751,3,0,Driver Inattention/Distraction,4545158,31.6,21.7,0.2,0.2,0.0,1.0,51,19.0,37.1,299,Drizzle: Light,3,3,
67472,2022-07-07 19:31:00,40.745968,-73.75965,1,0,Driver Inattention/Distraction,4544341,27.5,20.1,0.0,0.0,0.0,0.0,3,19.1,37.4,110,Overcast,1,1,
67473,2022-07-08 15:50:00,40.655853,-73.910126,0,0,Turning Improperly,4544870,29.6,19.3,1.8,1.8,0.0,8.0,51,15.0,31.0,187,Drizzle: Light,0,0,
67474,2021-10-21 05:58:00,40.7344911,-73.9224226,0,0,Driver Inattention/Distraction,4469832,22.9,12.0,0.0,0.0,0.0,0.0,3,17.0,31.7,207,Overcast,0,0,
67475,2022-06-24 09:40:00,40.81569,-73.958305,1,0,Unspecified,4544653,26.7,14.6,1.0,1.0,0.0,6.0,51,19.2,37.4,204,Drizzle: Light,1,1,
67476,2022-07-07 11:30:00,40.715885,-73.81661,0,0,Following Too Closely,4544531,27.5,20.1,0.0,0.0,0.0,0.0,3,19.1,37.4,110,Overcast,0,0,
67477,2022-07-08 07:44:00,40.629368,-74.00876,1,0,Unspecified,4544586,29.6,19.3,1.8,1.8,0.0,8.0,51,15.0,31.0,187,Drizzle: Light,1,1,
67478,2022-07-08 16:00:00,40.63799,-74.00607,0,0,Unspecified,4544915,29.6,19.3,1.8,1.8,0.0,8.0,51,15.0,31.0,187,Drizzle: Light,0,0,
67479,2022-07-07 00:00:00,40.76524,-73.95788,0,0,Unspecified,4544396,27.5,20.1,0.0,0.0,0.0,0.0,3,19.1,37.4,110,Overcast,0,0,
67480,2022-07-08 15:30:00,40.748215,-73.87846,1,0,Driver Inattention/Distraction,4544942,29.6,19.3,1.8,1.8,0.0,8.0,51,15.0,31.0,187,Drizzle: Light,1,1,
67481,2022-07-05 13:37:00,40.689842,-73.850075,1,0,Failure to Yield Right-of-Way,4544463,30.0,20.3,0.5,0.5,0.0,2.0,51,30.4,56.5,191,Drizzle: Light,1,1,
67482,2022-07-06 22:00:00,40.60101,-73.93292,0,0,Unspecified,4544707,31.6,21.7,0.2,0.2,0.0,1.0,51,19.0,37.1,299,Drizzle: Light,0,0,
67483,2021-10-09 02:46:00,40.691299,-73.9454956,1,0,Unsafe Speed,4469844,20.2,15.2,1.2,1.2,0.0,5.0,51,22.8,42.8,71,Drizzle: Light,1,1,
67484,2022-07-07 09:00:00,40.62149,-74.17076,0,0,,4544164,27.5,20.1,0.0,0.0,0.0,0.0,3,19.1,37.4,110,Overcast,0,0,
67485,2022-07-07 13:00:00,40.738663,-73.857895,0,0,Unspecified,4544448,27.5,20.1,0.0,0.0,0.0,0.0,3,19.1,37.4,110,Overcast,0,0,
67486,2021-10-22 09:08:00,40.5846209,-73.9271041,2,0,Driver Inattention/Distraction,4469855,20.3,14.4,0.0,0.0,0.0,0.0,3,18.1,31.3,267,Overcast,2,2,
67487,2022-01-08 01:20:00,40.69015,-73.99864,2,0,Pavement Slippery,4494170,-3.3,-8.4,0.0,0.0,0.0,0.0,1,21.6,37.8,277,Mainly clear,2,2,Sunny/Clear Conditions
67488,2022-01-17 14:00:00,40.630577,-73.88591,3,0,Driver Inexperience,4495270,9.7,0.4,33.6,32.8,0.56,12.0,73,54.1,99.7,183,Snow fall: Moderate,3,3,Snowy Conditions
67489,2022-01-13 13:48:00,40.687557,-73.93896,1,0,Unsafe Speed,4495508,7.1,-3.7,0.0,0.0,0.0,0.0,3,9.7,18.7,193,Overcast,1,1,
67490,2022-01-20 16:33:00,40.825138,-73.9514,1,0,Driver Inexperience,4496147,5.2,-5.5,7.3,4.6,1.89,10.0,73,22.3,40.0,315,Snow fall: Moderate,1,1,Snowy Conditions
67491,2022-01-13 00:00:00,40.577003,-74.00217,2,0,Driver Inattention/Distraction,4496535,7.1,-3.7,0.0,0.0,0.0,0.0,3,9.7,18.7,193,Overcast,2,2,
67492,2022-01-22 15:17:00,40.641285,-73.970276,1,0,Unspecified,4496615,-1.3,-12.3,0.0,0.0,0.0,0.0,3,18.4,32.8,1,Overcast,1,1,
67493,2022-01-24 06:00:00,40.60817,-73.98735,1,0,Driver Inattention/Distraction,4497170,0.2,-2.7,0.3,0.0,0.21,2.0,71,15.1,31.0,307,Snow fall: Light,1,1,Snowy Conditions
67494,2022-02-20 04:25:00,40.670216,-73.92442,0,0,Following Too Closely,4505047,2.4,-6.6,0.0,0.0,0.0,0.0,3,23.4,44.3,250,Overcast,0,0,
67495,2022-02-17 14:28:00,40.62108,-74.02199,0,0,Unsafe Speed,4505128,16.7,5.1,2.2,2.2,0.0,2.0,61,31.8,56.5,201,Rain: Light,0,0,
67496,2022-02-21 08:25:00,40.833275,-73.94299,0,0,Passing Too Closely,4504687,9.9,-1.9,0.0,0.0,0.0,0.0,3,19.2,35.3,192,Overcast,0,0,
67497,2022-02-11 13:30:00,40.732296,-73.981735,1,0,Unspecified,4505016,11.8,-3.7,0.0,0.0,0.0,0.0,3,26.6,47.5,188,Overcast,1,1,
67498,2022-02-21 11:15:00,40.75548,-73.74173,0,0,Following Too Closely,4504482,9.9,-1.9,0.0,0.0,0.0,0.0,3,19.2,35.3,192,Overcast,0,0,
67499,2022-01-20 18:30:00,40.747314,-73.86935,2,0,Failure to Yield Right-of-Way,4504930,5.2,-5.5,7.3,4.6,1.89,10.0,73,22.3,40.0,315,Snow fall: Moderate,2,2,Snowy Conditions
67500,2022-02-21 14:36:00,40.66758,-73.737404,0,0,Reaction to Uninvolved Vehicle,4504551,9.9,-1.9,0.0,0.0,0.0,0.0,3,19.2,35.3,192,Overcast,0,0,
67501,2022-01-26 14:15:00,40.61719,-74.02992,1,0,View Obstructed/Limited,4497630,-3.1,-8.0,0.0,0.0,0.0,0.0,0,20.5,39.6,328,Clear sky,1,1,Sunny/Clear Conditions
67502,2022-01-26 21:00:00,40.631462,-74.0278,0,0,Unspecified,4497756,-3.1,-8.0,0.0,0.0,0.0,0.0,0,20.5,39.6,328,Clear sky,0,0,Sunny/Clear Conditions
67503,2022-01-26 19:52:00,40.744667,-73.971146,1,0,Driver Inattention/Distraction,4497683,-3.1,-8.0,0.0,0.0,0.0,0.0,0,20.5,39.6,328,Clear sky,1,1,Sunny/Clear Conditions
67504,2022-01-27 19:15:00,40.748913,-73.9374,1,0,Driver Inattention/Distraction,4497915,-0.3,-9.6,0.0,0.0,0.0,0.0,3,18.7,37.1,184,Overcast,1,1,
67505,2022-01-26 01:30:00,40.712837,-73.7465,0,0,Unspecified,4497333,-3.1,-8.0,0.0,0.0,0.0,0.0,0,20.5,39.6,328,Clear sky,0,0,Sunny/Clear Conditions
67506,2022-01-26 09:56:00,40.713245,-73.942474,1,0,Driver Inattention/Distraction,4497665,-3.1,-8.0,0.0,0.0,0.0,0.0,0,20.5,39.6,328,Clear sky,1,1,Sunny/Clear Conditions
67507,2022-01-26 13:30:00,40.841843,-73.94539,1,0,Brakes Defective,4497811,-3.1,-8.0,0.0,0.0,0.0,0.0,0,20.5,39.6,328,Clear sky,1,1,Sunny/Clear Conditions
67508,2021-10-21 19:38:00,40.756375,-73.9601128,1,0,Driver Inattention/Distraction,4469878,22.9,12.0,0.0,0.0,0.0,0.0,3,17.0,31.7,207,Overcast,1,1,
67509,2022-01-26 14:50:00,40.679592,-73.93488,0,0,Failure to Yield Right-of-Way,4497890,-3.1,-8.0,0.0,0.0,0.0,0.0,0,20.5,39.6,328,Clear sky,0,0,Sunny/Clear Conditions
67510,2022-01-27 16:40:00,40.705887,-73.94297,0,0,Driver Inattention/Distraction,4497966,-0.3,-9.6,0.0,0.0,0.0,0.0,3,18.7,37.1,184,Overcast,0,0,
67511,2022-01-26 04:25:00,40.665627,-73.909706,1,0,Traffic Control Disregarded,4497373,-3.1,-8.0,0.0,0.0,0.0,0.0,0,20.5,39.6,328,Clear sky,1,1,Sunny/Clear Conditions
67512,2022-01-26 11:45:00,40.53742,-74.174904,1,0,Reaction to Uninvolved Vehicle,4497717,-3.1,-8.0,0.0,0.0,0.0,0.0,0,20.5,39.6,328,Clear sky,1,1,Sunny/Clear Conditions
67513,2022-01-27 00:00:00,40.753788,-73.744286,0,0,Driver Inattention/Distraction,4497930,-0.3,-9.6,0.0,0.0,0.0,0.0,3,18.7,37.1,184,Overcast,0,0,
67514,2022-01-27 05:49:00,40.77529,-73.953636,0,0,Unsafe Speed,4497955,-0.3,-9.6,0.0,0.0,0.0,0.0,3,18.7,37.1,184,Overcast,0,0,
67515,2022-01-27 10:05:00,40.6532,-74.005585,1,0,Turning Improperly,4497862,-0.3,-9.6,0.0,0.0,0.0,0.0,3,18.7,37.1,184,Overcast,1,1,
67516,2022-01-26 02:08:00,40.657864,-73.89227,0,0,Driver Inattention/Distraction,4497433,-3.1,-8.0,0.0,0.0,0.0,0.0,0,20.5,39.6,328,Clear sky,0,0,Sunny/Clear Conditions
67517,2022-01-26 18:45:00,40.640568,-73.91391,1,0,Unspecified,4497603,-3.1,-8.0,0.0,0.0,0.0,0.0,0,20.5,39.6,328,Clear sky,1,1,Sunny/Clear Conditions
67518,2022-01-26 23:32:00,40.85512,-73.872215,0,0,Unsafe Lane Changing,4497764,-3.1,-8.0,0.0,0.0,0.0,0.0,0,20.5,39.6,328,Clear sky,0,0,Sunny/Clear Conditions
67519,2022-01-27 07:55:00,40.801857,-73.957245,1,0,Driver Inattention/Distraction,4497780,-0.3,-9.6,0.0,0.0,0.0,0.0,3,18.7,37.1,184,Overcast,1,1,
67520,2022-01-27 09:35:00,40.68747,-73.794785,1,0,Turning Improperly,4497824,-0.3,-9.6,0.0,0.0,0.0,0.0,3,18.7,37.1,184,Overcast,1,1,
67521,2021-09-26 04:18:00,40.7328674,-73.891136,0,0,Unsafe Speed,4469891,21.4,15.6,0.0,0.0,0.0,0.0,3,23.5,45.0,294,Overcast,0,0,
67522,2022-01-26 16:58:00,40.642384,-73.92539,0,0,Unspecified,4497838,-3.1,-8.0,0.0,0.0,0.0,0.0,0,20.5,39.6,328,Clear sky,0,0,Sunny/Clear Conditions
67523,2022-07-06 14:26:00,40.73346,-73.735466,0,0,Unspecified,4544192,31.6,21.7,0.2,0.2,0.0,1.0,51,19.0,37.1,299,Drizzle: Light,0,0,
67524,2022-01-26 08:22:00,40.728138,-73.74532,2,0,Failure to Yield Right-of-Way,4497541,-3.1,-8.0,0.0,0.0,0.0,0.0,0,20.5,39.6,328,Clear sky,2,2,Sunny/Clear Conditions
67525,2022-01-27 15:05:00,40.848324,-73.858665,1,0,Backing Unsafely,4497979,-0.3,-9.6,0.0,0.0,0.0,0.0,3,18.7,37.1,184,Overcast,1,1,
67526,2022-01-26 15:07:00,40.796192,-73.93374,0,0,Unspecified,4497567,-3.1,-8.0,0.0,0.0,0.0,0.0,0,20.5,39.6,328,Clear sky,0,0,Sunny/Clear Conditions
67527,2021-10-14 22:00:00,40.7251495,-73.9338053,1,0,Unsafe Lane Changing,4469901,25.0,15.4,0.0,0.0,0.0,0.0,3,15.4,29.9,328,Overcast,1,1,
67528,2022-01-26 08:04:00,40.89205,-73.86081,1,0,Outside Car Distraction,4497599,-3.1,-8.0,0.0,0.0,0.0,0.0,0,20.5,39.6,328,Clear sky,1,1,Sunny/Clear Conditions
67529,2022-01-26 00:00:00,40.672447,-73.892136,2,0,Unspecified,4497480,-3.1,-8.0,0.0,0.0,0.0,0.0,0,20.5,39.6,328,Clear sky,2,2,Sunny/Clear Conditions
67530,2022-01-27 06:00:00,40.654316,-73.922165,0,0,Unspecified,4497837,-0.3,-9.6,0.0,0.0,0.0,0.0,3,18.7,37.1,184,Overcast,0,0,
67531,2022-01-26 21:45:00,40.71552,-74.00925,1,0,Unspecified,4497696,-3.1,-8.0,0.0,0.0,0.0,0.0,0,20.5,39.6,328,Clear sky,1,1,Sunny/Clear Conditions
67532,2022-01-26 21:10:00,40.743675,-73.88711,0,0,Driver Inattention/Distraction,4497731,-3.1,-8.0,0.0,0.0,0.0,0.0,0,20.5,39.6,328,Clear sky,0,0,Sunny/Clear Conditions
67533,2022-01-27 00:00:00,40.688553,-73.91245,0,0,Following Too Closely,4497853,-0.3,-9.6,0.0,0.0,0.0,0.0,3,18.7,37.1,184,Overcast,0,0,
67534,2022-01-27 08:30:00,40.86536,-73.87043,0,0,Passing Too Closely,4497786,-0.3,-9.6,0.0,0.0,0.0,0.0,3,18.7,37.1,184,Overcast,0,0,
67535,2022-01-27 08:25:00,40.763138,-73.91341,1,0,Failure to Yield Right-of-Way,4497842,-0.3,-9.6,0.0,0.0,0.0,0.0,3,18.7,37.1,184,Overcast,1,1,
67536,2022-01-26 17:30:00,40.709473,-73.735855,0,0,Driver Inattention/Distraction,4497591,-3.1,-8.0,0.0,0.0,0.0,0.0,0,20.5,39.6,328,Clear sky,0,0,Sunny/Clear Conditions
67537,2022-01-26 17:19:00,40.81707,-73.88525,0,0,Unspecified,4497672,-3.1,-8.0,0.0,0.0,0.0,0.0,0,20.5,39.6,328,Clear sky,0,0,Sunny/Clear Conditions
67538,2022-01-27 22:00:00,40.685665,-73.83976,0,0,Passing Too Closely,4497975,-0.3,-9.6,0.0,0.0,0.0,0.0,3,18.7,37.1,184,Overcast,0,0,
67539,2022-01-27 06:37:00,40.85071,-73.865906,1,0,Unspecified,4497778,-0.3,-9.6,0.0,0.0,0.0,0.0,3,18.7,37.1,184,Overcast,1,1,
67540,2022-01-27 17:10:00,40.683094,-73.80596,1,0,Following Too Closely,4497906,-0.3,-9.6,0.0,0.0,0.0,0.0,3,18.7,37.1,184,Overcast,1,1,
67541,2021-10-22 21:00:00,40.7242705,-73.9374428,0,0,Driver Inattention/Distraction,4469916,20.3,14.4,0.0,0.0,0.0,0.0,3,18.1,31.3,267,Overcast,0,0,
67542,2022-01-27 19:10:00,40.51116,-74.241295,0,0,Other Vehicular,4497980,-0.3,-9.6,0.0,0.0,0.0,0.0,3,18.7,37.1,184,Overcast,0,0,
67543,2021-10-21 18:44:00,40.78421,-73.9422072,0,0,Following Too Closely,4469918,22.9,12.0,0.0,0.0,0.0,0.0,3,17.0,31.7,207,Overcast,0,0,
67544,2022-01-26 17:20:00,40.71575,-73.73737,0,0,Unsafe Speed,4497604,-3.1,-8.0,0.0,0.0,0.0,0.0,0,20.5,39.6,328,Clear sky,0,0,Sunny/Clear Conditions
67545,2022-01-26 18:30:00,40.651974,-73.86542,3,0,Unspecified,4497645,-3.1,-8.0,0.0,0.0,0.0,0.0,0,20.5,39.6,328,Clear sky,3,3,Sunny/Clear Conditions
67546,2022-01-27 15:45:00,40.62194,-73.91753,0,0,Passing Too Closely,4497947,-0.3,-9.6,0.0,0.0,0.0,0.0,3,18.7,37.1,184,Overcast,0,0,
67547,2022-01-26 08:15:00,40.76543,-73.8033,0,0,Failure to Yield Right-of-Way,4497551,-3.1,-8.0,0.0,0.0,0.0,0.0,0,20.5,39.6,328,Clear sky,0,0,Sunny/Clear Conditions
67548,2022-01-27 08:35:00,40.69369,-73.93121,0,0,Driver Inattention/Distraction,4497889,-0.3,-9.6,0.0,0.0,0.0,0.0,3,18.7,37.1,184,Overcast,0,0,
67549,2022-01-27 10:30:00,40.712696,-73.900604,0,0,Following Too Closely,4497873,-0.3,-9.6,0.0,0.0,0.0,0.0,3,18.7,37.1,184,Overcast,0,0,
67550,2021-10-20 22:12:00,40.6983296,-73.9622573,0,0,Failure to Yield Right-of-Way,4469927,24.1,13.8,0.0,0.0,0.0,0.0,3,21.6,37.1,276,Overcast,0,0,
67551,2022-01-27 15:45:00,40.83801,-73.87329,1,0,Driver Inattention/Distraction,4497937,-0.3,-9.6,0.0,0.0,0.0,0.0,3,18.7,37.1,184,Overcast,1,1,
67552,2022-01-26 16:40:00,40.82751,-73.92495,1,0,Unsafe Speed,4497692,-3.1,-8.0,0.0,0.0,0.0,0.0,0,20.5,39.6,328,Clear sky,1,1,Sunny/Clear Conditions
67553,2022-01-27 12:20:00,40.699364,-73.72782,1,0,Driver Inattention/Distraction,4497919,-0.3,-9.6,0.0,0.0,0.0,0.0,3,18.7,37.1,184,Overcast,1,1,
67554,2022-01-26 16:05:00,40.56152,-74.17186,0,0,Glare,4497718,-3.1,-8.0,0.0,0.0,0.0,0.0,0,20.5,39.6,328,Clear sky,0,0,Sunny/Clear Conditions
67555,2022-01-26 07:55:00,40.717678,-73.81713,0,0,Driver Inattention/Distraction,4497656,-3.1,-8.0,0.0,0.0,0.0,0.0,0,20.5,39.6,328,Clear sky,0,0,Sunny/Clear Conditions
67556,2022-01-27 01:15:00,40.822655,-73.86751,0,0,Driver Inattention/Distraction,4497771,-0.3,-9.6,0.0,0.0,0.0,0.0,3,18.7,37.1,184,Overcast,0,0,
67557,2022-01-27 13:55:00,40.794807,-73.94441,1,0,Failure to Yield Right-of-Way,4497971,-0.3,-9.6,0.0,0.0,0.0,0.0,3,18.7,37.1,184,Overcast,1,1,
67558,2022-01-26 14:30:00,40.72003,-73.85673,0,0,Unspecified,4497615,-3.1,-8.0,0.0,0.0,0.0,0.0,0,20.5,39.6,328,Clear sky,0,0,Sunny/Clear Conditions
67559,2022-01-27 14:40:00,40.876633,-73.86412,0,0,Unsafe Lane Changing,4497895,-0.3,-9.6,0.0,0.0,0.0,0.0,3,18.7,37.1,184,Overcast,0,0,
67560,2022-01-26 15:05:00,40.575302,-73.9766,0,0,Driver Inattention/Distraction,4497746,-3.1,-8.0,0.0,0.0,0.0,0.0,0,20.5,39.6,328,Clear sky,0,0,Sunny/Clear Conditions
67561,2022-01-26 15:30:00,40.70814,-73.93991,0,0,Passing Too Closely,4497666,-3.1,-8.0,0.0,0.0,0.0,0.0,0,20.5,39.6,328,Clear sky,0,0,Sunny/Clear Conditions
67562,2022-01-26 15:30:00,40.585155,-74.16881,0,0,Driver Inattention/Distraction,4497748,-3.1,-8.0,0.0,0.0,0.0,0.0,0,20.5,39.6,328,Clear sky,0,0,Sunny/Clear Conditions
67563,2022-01-26 20:45:00,40.691307,-73.91326,0,0,Traffic Control Disregarded,4497709,-3.1,-8.0,0.0,0.0,0.0,0.0,0,20.5,39.6,328,Clear sky,0,0,Sunny/Clear Conditions
67564,2021-10-07 00:28:00,40.5883886,-74.0996382,0,0,Failure to Yield Right-of-Way,4469941,22.4,15.7,0.4,0.4,0.0,4.0,51,10.5,20.5,231,Drizzle: Light,0,0,
67565,2022-01-27 07:15:00,40.64644,-73.91289,0,0,Passing or Lane Usage Improper,4497925,-0.3,-9.6,0.0,0.0,0.0,0.0,3,18.7,37.1,184,Overcast,0,0,
67566,2022-01-26 00:40:00,40.703068,-73.85953,0,0,Driver Inattention/Distraction,4497336,-3.1,-8.0,0.0,0.0,0.0,0.0,0,20.5,39.6,328,Clear sky,0,0,Sunny/Clear Conditions
67567,2022-01-27 07:20:00,40.857506,-73.83818,1,0,Driver Inattention/Distraction,4497951,-0.3,-9.6,0.0,0.0,0.0,0.0,3,18.7,37.1,184,Overcast,1,1,
67568,2022-01-26 19:40:00,40.677155,-73.86887,0,0,Traffic Control Disregarded,4497638,-3.1,-8.0,0.0,0.0,0.0,0.0,0,20.5,39.6,328,Clear sky,0,0,Sunny/Clear Conditions
67569,2022-01-27 14:05:00,40.759586,-73.968056,0,0,Following Too Closely,4497867,-0.3,-9.6,0.0,0.0,0.0,0.0,3,18.7,37.1,184,Overcast,0,0,
67570,2022-01-27 08:51:00,40.740093,-73.89986,1,0,Following Too Closely,4497914,-0.3,-9.6,0.0,0.0,0.0,0.0,3,18.7,37.1,184,Overcast,1,1,
67571,2022-01-26 05:29:00,40.743103,-73.99638,0,0,Driver Inexperience,4497382,-3.1,-8.0,0.0,0.0,0.0,0.0,0,20.5,39.6,328,Clear sky,0,0,Sunny/Clear Conditions
67572,2022-01-27 21:16:00,40.75548,-73.74173,1,0,Driver Inattention/Distraction,4497932,-0.3,-9.6,0.0,0.0,0.0,0.0,3,18.7,37.1,184,Overcast,1,1,
67573,2021-10-22 22:30:00,40.7258847,-73.7600609,0,0,Driver Inattention/Distraction,4469951,20.3,14.4,0.0,0.0,0.0,0.0,3,18.1,31.3,267,Overcast,0,0,
67574,2022-01-26 20:42:00,40.74351,-73.717415,0,0,Unspecified,4497610,-3.1,-8.0,0.0,0.0,0.0,0.0,0,20.5,39.6,328,Clear sky,0,0,Sunny/Clear Conditions
67575,2022-01-26 18:20:00,40.62051,-73.99248,0,0,Following Too Closely,4497713,-3.1,-8.0,0.0,0.0,0.0,0.0,0,20.5,39.6,328,Clear sky,0,0,Sunny/Clear Conditions
67576,2021-10-22 01:41:00,40.7348814,-73.9233062,0,0,Unspecified,4469954,20.3,14.4,0.0,0.0,0.0,0.0,3,18.1,31.3,267,Overcast,0,0,
67577,2022-01-27 00:00:00,40.77246,-73.96705,0,0,Following Too Closely,4497957,-0.3,-9.6,0.0,0.0,0.0,0.0,3,18.7,37.1,184,Overcast,0,0,
67578,2022-01-26 10:40:00,40.7178,-73.80358,0,0,Driver Inattention/Distraction,4497657,-3.1,-8.0,0.0,0.0,0.0,0.0,0,20.5,39.6,328,Clear sky,0,0,Sunny/Clear Conditions
67579,2022-01-26 18:20:00,40.633858,-74.12596,0,0,Unspecified,4497861,-3.1,-8.0,0.0,0.0,0.0,0.0,0,20.5,39.6,328,Clear sky,0,0,Sunny/Clear Conditions
67580,2022-01-27 06:07:00,40.871464,-73.86888,0,0,Prescription Medication,4497894,-0.3,-9.6,0.0,0.0,0.0,0.0,3,18.7,37.1,184,Overcast,0,0,
67581,2022-01-26 14:30:00,40.74163,-73.975075,0,0,Backing Unsafely,4497684,-3.1,-8.0,0.0,0.0,0.0,0.0,0,20.5,39.6,328,Clear sky,0,0,Sunny/Clear Conditions
67582,2022-01-27 17:00:00,40.63077,-73.91848,0,0,Backing Unsafely,4497946,-0.3,-9.6,0.0,0.0,0.0,0.0,3,18.7,37.1,184,Overcast,0,0,
67583,2022-01-26 11:55:00,40.72524,-73.75318,0,0,Unspecified,4497546,-3.1,-8.0,0.0,0.0,0.0,0.0,0,20.5,39.6,328,Clear sky,0,0,Sunny/Clear Conditions
67584,2022-01-26 06:30:00,40.70066,-73.98775,0,0,Reaction to Uninvolved Vehicle,4497568,-3.1,-8.0,0.0,0.0,0.0,0.0,0,20.5,39.6,328,Clear sky,0,0,Sunny/Clear Conditions
67585,2022-01-26 10:00:00,40.827908,-73.88309,1,0,Unsafe Speed,4497789,-3.1,-8.0,0.0,0.0,0.0,0.0,0,20.5,39.6,328,Clear sky,1,1,Sunny/Clear Conditions