,CRASH DATETIME,LATITUDE,LONGITUDE,NUMBER OF PERSONS INJURED,NUMBER OF PERSONS KILLED,CONTRIBUTING FACTOR VEHICLE 1,COLLISION_ID,temperature_2m_max,temperature_2m_min,precipitation_sum,rain_sum,snowfall_sum,precipitation_hours,weather_code,wind_speed_10m_max,wind_gusts_10m_max,wind_direction_10m_dominant,Weather Description,Severity_Score,Total_Affected_Persons,Weather_Category
67586,2022-01-26 23:30:00,40.830265,-73.95131,2,0,Unsafe Speed,4497632,-3.1,-8.0,0.0,0.0,0.0,0.0,0,20.5,39.6,328,Clear sky,2,2,Sunny/Clear Conditions
67587,2022-01-27 19:24:00,40.699406,-73.95338,0,0,Driver Inattention/Distraction,4497965,-0.3,-9.6,0.0,0.0,0.0,0.0,3,18.7,37.1,184,Overcast,0,0,
67588,2022-01-26 09:45:00,40.784355,-73.98117,0,0,Unsafe Lane Changing,4497534,-3.1,-8.0,0.0,0.0,0.0,0.0,0,20.5,39.6,328,Clear sky,0,0,Sunny/Clear Conditions
67589,2021-10-23 01:25:00,40.7654428,-73.8626735,4,0,Unsafe Speed,4469970,15.9,10.4,0.2,0.2,0.0,2.0,51,14.4,26.6,326,Drizzle: Light,4,4,
67590,2022-01-26 17:14:00,40.75449,-74.006744,0,0,Driver Inattention/Distraction,4497753,-3.1,-8.0,0.0,0.0,0.0,0.0,0,20.5,39.6,328,Clear sky,0,0,Sunny/Clear Conditions
67591,2022-01-26 12:10:00,40.60897,-73.92159,0,0,Aggressive Driving/Road Rage,4497801,-3.1,-8.0,0.0,0.0,0.0,0.0,0,20.5,39.6,328,Clear sky,0,0,Sunny/Clear Conditions
67592,2022-01-26 12:27:00,40.719837,-74.005196,0,0,Passing or Lane Usage Improper,4497556,-3.1,-8.0,0.0,0.0,0.0,0.0,0,20.5,39.6,328,Clear sky,0,0,Sunny/Clear Conditions
67593,2022-01-26 15:08:00,40.76661,-73.965,1,0,Driver Inexperience,4497669,-3.1,-8.0,0.0,0.0,0.0,0.0,0,20.5,39.6,328,Clear sky,1,1,Sunny/Clear Conditions
67594,2022-01-27 17:00:00,40.87683,-73.86472,0,0,Driver Inattention/Distraction,4497907,-0.3,-9.6,0.0,0.0,0.0,0.0,3,18.7,37.1,184,Overcast,0,0,
67595,2021-09-30 00:00:00,40.6577386,-73.9496075,0,0,Unspecified,4469976,18.8,13.1,0.0,0.0,0.0,0.0,3,18.1,37.4,330,Overcast,0,0,
67596,2022-01-27 20:50:00,40.635475,-74.03204,0,0,Unsafe Speed,4497936,-0.3,-9.6,0.0,0.0,0.0,0.0,3,18.7,37.1,184,Overcast,0,0,
67597,2022-01-27 11:07:00,40.737682,-73.85206,0,0,Passing or Lane Usage Improper,4497855,-0.3,-9.6,0.0,0.0,0.0,0.0,3,18.7,37.1,184,Overcast,0,0,
67598,2022-01-26 23:45:00,40.756424,-73.7403,1,0,Driver Inattention/Distraction,4497619,-3.1,-8.0,0.0,0.0,0.0,0.0,0,20.5,39.6,328,Clear sky,1,1,Sunny/Clear Conditions
67599,2022-01-26 07:03:00,40.83369,-73.91386,0,0,Passing or Lane Usage Improper,4497678,-3.1,-8.0,0.0,0.0,0.0,0.0,0,20.5,39.6,328,Clear sky,0,0,Sunny/Clear Conditions
67600,2022-01-28 01:00:00,40.704494,-73.81743,0,0,Following Too Closely,4497976,1.0,-3.1,2.4,0.0,1.68,13.0,73,18.7,31.3,251,Snow fall: Moderate,0,0,Snowy Conditions
67601,2022-01-26 14:15:00,40.838337,-73.83883,0,0,Driver Inattention/Distraction,4497899,-3.1,-8.0,0.0,0.0,0.0,0.0,0,20.5,39.6,328,Clear sky,0,0,Sunny/Clear Conditions
67602,2022-01-26 13:31:00,40.67604,-73.895905,1,0,Unspecified,4497783,-3.1,-8.0,0.0,0.0,0.0,0.0,0,20.5,39.6,328,Clear sky,1,1,Sunny/Clear Conditions
67603,2022-07-07 18:00:00,40.643246,-73.94877,0,0,Unspecified,4544749,27.5,20.1,0.0,0.0,0.0,0.0,3,19.1,37.4,110,Overcast,0,0,
67604,2022-01-27 11:18:00,40.60323,-74.09261,0,0,Reaction to Uninvolved Vehicle,4497841,-0.3,-9.6,0.0,0.0,0.0,0.0,3,18.7,37.1,184,Overcast,0,0,
67605,2022-01-26 19:00:00,40.795036,-73.97269,0,0,Following Too Closely,4497600,-3.1,-8.0,0.0,0.0,0.0,0.0,0,20.5,39.6,328,Clear sky,0,0,Sunny/Clear Conditions
67606,2021-10-23 05:20:00,40.7647528,-73.8617869,0,0,Unsafe Lane Changing,4469991,15.9,10.4,0.2,0.2,0.0,2.0,51,14.4,26.6,326,Drizzle: Light,0,0,
67607,2022-01-27 08:00:00,40.587093,-73.94134,1,0,Driver Inattention/Distraction,4497808,-0.3,-9.6,0.0,0.0,0.0,0.0,3,18.7,37.1,184,Overcast,1,1,
67608,2022-01-26 07:54:00,40.863647,-73.8918,3,0,Unspecified,4497763,-3.1,-8.0,0.0,0.0,0.0,0.0,0,20.5,39.6,328,Clear sky,3,3,Sunny/Clear Conditions
67609,2022-01-26 10:15:00,40.648533,-73.95827,0,0,Backing Unsafely,4497695,-3.1,-8.0,0.0,0.0,0.0,0.0,0,20.5,39.6,328,Clear sky,0,0,Sunny/Clear Conditions
67610,2022-01-27 16:00:00,40.81108,-73.9273,0,0,Driver Inattention/Distraction,4497942,-0.3,-9.6,0.0,0.0,0.0,0.0,3,18.7,37.1,184,Overcast,0,0,
67611,2021-10-23 07:40:00,40.6975472,-73.8710538,0,0,Unsafe Lane Changing,4469996,15.9,10.4,0.2,0.2,0.0,2.0,51,14.4,26.6,326,Drizzle: Light,0,0,
67612,2022-01-26 09:15:00,40.74618,-73.85293,0,0,Driver Inattention/Distraction,4497729,-3.1,-8.0,0.0,0.0,0.0,0.0,0,20.5,39.6,328,Clear sky,0,0,Sunny/Clear Conditions
67613,2021-10-22 19:09:00,40.6975472,-73.8710538,0,0,Driver Inattention/Distraction,4469999,20.3,14.4,0.0,0.0,0.0,0.0,3,18.1,31.3,267,Overcast,0,0,
67614,2022-01-26 00:30:00,40.84525,-73.82031,0,0,Unspecified,4497900,-3.1,-8.0,0.0,0.0,0.0,0.0,0,20.5,39.6,328,Clear sky,0,0,Sunny/Clear Conditions
67615,2022-01-26 15:43:00,40.671715,-73.8882,0,0,Driver Inattention/Distraction,4497644,-3.1,-8.0,0.0,0.0,0.0,0.0,0,20.5,39.6,328,Clear sky,0,0,Sunny/Clear Conditions
67616,2022-01-27 16:25:00,40.64638,-73.9288,0,0,Unspecified,4497874,-0.3,-9.6,0.0,0.0,0.0,0.0,3,18.7,37.1,184,Overcast,0,0,
67617,2021-10-02 12:55:00,40.772114,-73.9349894,0,0,Driver Inattention/Distraction,4470004,23.7,10.8,0.0,0.0,0.0,0.0,3,17.0,34.2,254,Overcast,0,0,
67618,2021-10-10 10:42:00,40.7615455,-73.9961887,0,0,Unspecified,4470005,18.5,16.0,2.4,2.4,0.0,8.0,53,27.2,52.6,52,Drizzle: Moderate,0,0,
67619,2022-01-26 12:30:00,40.68645,-73.81583,0,0,Traffic Control Disregarded,4497677,-3.1,-8.0,0.0,0.0,0.0,0.0,0,20.5,39.6,328,Clear sky,0,0,Sunny/Clear Conditions
67620,2021-10-06 14:50:00,40.7622904,-73.9861058,0,0,Following Too Closely,4470008,20.3,16.0,0.1,0.1,0.0,1.0,51,6.5,14.0,28,Drizzle: Light,0,0,
67621,2022-01-27 01:00:00,40.742645,-73.98246,0,0,Unspecified,4497822,-0.3,-9.6,0.0,0.0,0.0,0.0,3,18.7,37.1,184,Overcast,0,0,
67622,2022-01-26 08:15:00,40.665028,-73.98646,1,0,Pedestrian/Bicyclist/Other Pedestrian Error/Confusion,4497469,-3.1,-8.0,0.0,0.0,0.0,0.0,0,20.5,39.6,328,Clear sky,1,1,Sunny/Clear Conditions
67623,2022-01-26 19:10:00,40.577995,-73.95964,0,0,Driver Inattention/Distraction,4497738,-3.1,-8.0,0.0,0.0,0.0,0.0,0,20.5,39.6,328,Clear sky,0,0,Sunny/Clear Conditions
67624,2022-01-26 08:00:00,40.81751,-73.96069,1,0,Unspecified,4497576,-3.1,-8.0,0.0,0.0,0.0,0.0,0,20.5,39.6,328,Clear sky,1,1,Sunny/Clear Conditions
67625,2022-01-27 08:00:00,40.607723,-74.1473,1,0,Glare,4497749,-0.3,-9.6,0.0,0.0,0.0,0.0,3,18.7,37.1,184,Overcast,1,1,
67626,2022-01-26 19:21:00,40.67974,-73.89213,2,0,Driver Inexperience,4497636,-3.1,-8.0,0.0,0.0,0.0,0.0,0,20.5,39.6,328,Clear sky,2,2,Sunny/Clear Conditions
67627,2022-01-27 06:10:00,40.72455,-74.00194,2,0,Other Vehicular,4497734,-0.3,-9.6,0.0,0.0,0.0,0.0,3,18.7,37.1,184,Overcast,2,2,
67628,2022-01-27 06:55:00,40.743317,-73.731384,0,0,Unspecified,4497918,-0.3,-9.6,0.0,0.0,0.0,0.0,3,18.7,37.1,184,Overcast,0,0,
67629,2022-01-26 14:37:00,40.625477,-73.97614,0,0,Unspecified,4497689,-3.1,-8.0,0.0,0.0,0.0,0.0,0,20.5,39.6,328,Clear sky,0,0,Sunny/Clear Conditions
67630,2021-10-22 02:00:00,40.7113919,-73.8365939,0,0,Traffic Control Disregarded,4470020,20.3,14.4,0.0,0.0,0.0,0.0,3,18.1,31.3,267,Overcast,0,0,
67631,2021-10-21 20:30:00,40.6663311,-73.8348011,0,0,Unsafe Speed,4470021,22.9,12.0,0.0,0.0,0.0,0.0,3,17.0,31.7,207,Overcast,0,0,
67632,2021-10-23 01:00:00,40.7187236,-73.794051,1,0,Unsafe Speed,4470022,15.9,10.4,0.2,0.2,0.0,2.0,51,14.4,26.6,326,Drizzle: Light,1,1,
67633,2022-01-26 16:55:00,40.64891,-73.89256,0,0,Driver Inattention/Distraction,4497926,-3.1,-8.0,0.0,0.0,0.0,0.0,0,20.5,39.6,328,Clear sky,0,0,Sunny/Clear Conditions
67634,2022-01-26 18:00:00,40.866577,-73.867325,0,0,Unspecified,4497952,-3.1,-8.0,0.0,0.0,0.0,0.0,0,20.5,39.6,328,Clear sky,0,0,Sunny/Clear Conditions
67635,2022-01-27 13:00:00,40.709827,-73.83983,0,0,Following Too Closely,4497865,-0.3,-9.6,0.0,0.0,0.0,0.0,3,18.7,37.1,184,Overcast,0,0,
67636,2022-01-27 08:25:00,40.563915,-74.11637,0,0,Failure to Yield Right-of-Way,4497802,-0.3,-9.6,0.0,0.0,0.0,0.0,3,18.7,37.1,184,Overcast,0,0,
67637,2022-01-26 08:30:00,40.772156,-73.94541,1,0,Following Too Closely,4497555,-3.1,-8.0,0.0,0.0,0.0,0.0,0,20.5,39.6,328,Clear sky,1,1,Sunny/Clear Conditions
67638,2022-01-26 12:44:00,40.74955,-73.97158,0,0,Driver Inattention/Distraction,4497558,-3.1,-8.0,0.0,0.0,0.0,0.0,0,20.5,39.6,328,Clear sky,0,0,Sunny/Clear Conditions
67639,2022-01-27 08:13:00,40.86173,-73.91182,0,0,Unspecified,4497773,-0.3,-9.6,0.0,0.0,0.0,0.0,3,18.7,37.1,184,Overcast,0,0,
67640,2022-01-27 12:55:00,40.68574,-73.82774,1,0,Failure to Yield Right-of-Way,4497950,-0.3,-9.6,0.0,0.0,0.0,0.0,3,18.7,37.1,184,Overcast,1,1,
67641,2022-01-26 15:15:00,40.681263,-73.83954,0,0,Reaction to Uninvolved Vehicle,4497581,-3.1,-8.0,0.0,0.0,0.0,0.0,0,20.5,39.6,328,Clear sky,0,0,Sunny/Clear Conditions
67642,2022-01-26 18:30:00,40.59415,-74.086586,1,0,Failure to Yield Right-of-Way,4497790,-3.1,-8.0,0.0,0.0,0.0,0.0,0,20.5,39.6,328,Clear sky,1,1,Sunny/Clear Conditions
67643,2022-01-26 20:54:00,40.862442,-73.89715,0,0,Other Vehicular,4497969,-3.1,-8.0,0.0,0.0,0.0,0.0,0,20.5,39.6,328,Clear sky,0,0,Sunny/Clear Conditions
67644,2022-01-26 17:37:00,40.69164,-73.971565,0,0,Unspecified,4497618,-3.1,-8.0,0.0,0.0,0.0,0.0,0,20.5,39.6,328,Clear sky,0,0,Sunny/Clear Conditions
67645,2022-01-26 16:18:00,40.65141,-73.913414,0,0,Unspecified,4497833,-3.1,-8.0,0.0,0.0,0.0,0.0,0,20.5,39.6,328,Clear sky,0,0,Sunny/Clear Conditions
67646,2022-01-26 07:15:00,40.667915,-73.77523,1,0,Passing Too Closely,4497520,-3.1,-8.0,0.0,0.0,0.0,0.0,0,20.5,39.6,328,Clear sky,1,1,Sunny/Clear Conditions
67647,2022-01-26 18:35:00,40.79496,-73.95064,0,0,Passing or Lane Usage Improper,4497774,-3.1,-8.0,0.0,0.0,0.0,0.0,0,20.5,39.6,328,Clear sky,0,0,Sunny/Clear Conditions
67648,2022-01-26 00:00:00,40.65002,-73.91555,2,0,Unspecified,4497827,-3.1,-8.0,0.0,0.0,0.0,0.0,0,20.5,39.6,328,Clear sky,2,2,Sunny/Clear Conditions
67649,2022-01-27 12:15:00,40.75621,-73.92896,1,0,Failure to Yield Right-of-Way,4497846,-0.3,-9.6,0.0,0.0,0.0,0.0,3,18.7,37.1,184,Overcast,1,1,
67650,2022-01-26 04:52:00,40.63082,-73.88636,0,0,Unsafe Lane Changing,4497537,-3.1,-8.0,0.0,0.0,0.0,0.0,0,20.5,39.6,328,Clear sky,0,0,Sunny/Clear Conditions
67651,2022-01-26 08:20:00,40.638153,-74.01397,1,0,Failure to Yield Right-of-Way,4497579,-3.1,-8.0,0.0,0.0,0.0,0.0,0,20.5,39.6,328,Clear sky,1,1,Sunny/Clear Conditions
67652,2022-01-27 19:53:00,40.84493,-73.84671,0,0,Alcohol Involvement,4497977,-0.3,-9.6,0.0,0.0,0.0,0.0,3,18.7,37.1,184,Overcast,0,0,
67653,2022-01-26 19:40:00,40.818848,-73.894936,0,0,View Obstructed/Limited,4497606,-3.1,-8.0,0.0,0.0,0.0,0.0,0,20.5,39.6,328,Clear sky,0,0,Sunny/Clear Conditions
67654,2022-01-26 09:46:00,40.848503,-73.898834,0,0,Unsafe Speed,4497714,-3.1,-8.0,0.0,0.0,0.0,0.0,0,20.5,39.6,328,Clear sky,0,0,Sunny/Clear Conditions
67655,2021-08-09 14:35:00,40.6967006,-73.9103011,0,0,Backing Unsafely,4470050,26.2,20.1,1.1,1.1,0.0,7.0,51,17.3,34.6,36,Drizzle: Light,0,0,
67656,2022-01-27 23:55:00,40.885216,-73.87937,0,0,Following Too Closely,4497972,-0.3,-9.6,0.0,0.0,0.0,0.0,3,18.7,37.1,184,Overcast,0,0,
67657,2022-01-27 09:00:00,40.67794,-73.8023,1,0,Following Too Closely,4497864,-0.3,-9.6,0.0,0.0,0.0,0.0,3,18.7,37.1,184,Overcast,1,1,
67658,2022-01-27 15:03:00,40.583725,-73.89372,0,0,Brakes Defective,4497945,-0.3,-9.6,0.0,0.0,0.0,0.0,3,18.7,37.1,184,Overcast,0,0,
67659,2022-01-26 07:39:00,40.665733,-73.755585,0,0,Following Too Closely,4497545,-3.1,-8.0,0.0,0.0,0.0,0.0,0,20.5,39.6,328,Clear sky,0,0,Sunny/Clear Conditions
67660,2022-01-26 17:05:00,40.675606,-73.89926,0,0,Driver Inattention/Distraction,4497633,-3.1,-8.0,0.0,0.0,0.0,0.0,0,20.5,39.6,328,Clear sky,0,0,Sunny/Clear Conditions
67661,2022-01-26 06:49:00,40.5859,-73.96634,1,0,Driver Inattention/Distraction,4497436,-3.1,-8.0,0.0,0.0,0.0,0.0,0,20.5,39.6,328,Clear sky,1,1,Sunny/Clear Conditions
67662,2022-01-26 19:25:00,40.882133,-73.844215,0,0,Unspecified,4497601,-3.1,-8.0,0.0,0.0,0.0,0.0,0,20.5,39.6,328,Clear sky,0,0,Sunny/Clear Conditions
67663,2022-01-26 14:40:00,40.88313,-73.89217,0,0,Passing Too Closely,4497767,-3.1,-8.0,0.0,0.0,0.0,0.0,0,20.5,39.6,328,Clear sky,0,0,Sunny/Clear Conditions
67664,2022-01-26 10:00:00,40.878807,-73.86388,0,0,Unspecified,4497595,-3.1,-8.0,0.0,0.0,0.0,0.0,0,20.5,39.6,328,Clear sky,0,0,Sunny/Clear Conditions
67665,2022-01-27 18:41:00,40.73328,-73.91078,0,0,Failure to Yield Right-of-Way,4497917,-0.3,-9.6,0.0,0.0,0.0,0.0,3,18.7,37.1,184,Overcast,0,0,
67666,2022-01-27 01:28:00,40.652786,-73.91997,0,0,Unspecified,4497834,-0.3,-9.6,0.0,0.0,0.0,0.0,3,18.7,37.1,184,Overcast,0,0,
67667,2022-01-26 18:30:00,40.706367,-73.816734,1,0,Following Too Closely,4497660,-3.1,-8.0,0.0,0.0,0.0,0.0,0,20.5,39.6,328,Clear sky,1,1,Sunny/Clear Conditions
67668,2022-01-26 08:40:00,40.672775,-73.880974,1,0,Backing Unsafely,4497788,-3.1,-8.0,0.0,0.0,0.0,0.0,0,20.5,39.6,328,Clear sky,1,1,Sunny/Clear Conditions
67669,2021-10-05 13:18:00,40.8143642,-73.8874009,1,0,Unspecified,4470070,19.9,15.0,0.0,0.0,0.0,0.0,3,14.5,28.1,46,Overcast,1,1,
67670,2022-01-26 08:15:00,40.646854,-73.92119,2,0,Unspecified,4497840,-3.1,-8.0,0.0,0.0,0.0,0.0,0,20.5,39.6,328,Clear sky,2,2,Sunny/Clear Conditions
67671,2021-10-22 15:45:00,40.8354931,-73.9493975,0,0,Unspecified,4470072,20.3,14.4,0.0,0.0,0.0,0.0,3,18.1,31.3,267,Overcast,0,0,
67672,2021-10-10 23:07:00,40.8341493,-73.9414588,0,0,Backing Unsafely,4470073,18.5,16.0,2.4,2.4,0.0,8.0,53,27.2,52.6,52,Drizzle: Moderate,0,0,
67673,2022-01-27 01:16:00,40.72948,-73.9721,0,0,Driver Inattention/Distraction,4497819,-0.3,-9.6,0.0,0.0,0.0,0.0,3,18.7,37.1,184,Overcast,0,0,
67674,2022-01-26 14:14:00,40.746597,-73.94372,0,0,Driver Inattention/Distraction,4497704,-3.1,-8.0,0.0,0.0,0.0,0.0,0,20.5,39.6,328,Clear sky,0,0,Sunny/Clear Conditions
67675,2021-10-11 06:50:00,40.8408355,-73.94596,1,0,Driver Inattention/Distraction,4470076,21.7,16.3,0.0,0.0,0.0,0.0,3,25.7,49.7,41,Overcast,1,1,
67676,2022-01-26 16:00:00,40.87645,-73.848175,3,0,Failure to Yield Right-of-Way,4497893,-3.1,-8.0,0.0,0.0,0.0,0.0,0,20.5,39.6,328,Clear sky,3,3,Sunny/Clear Conditions
67677,2022-01-27 15:40:00,40.700462,-73.947495,0,0,Passing or Lane Usage Improper,4497963,-0.3,-9.6,0.0,0.0,0.0,0.0,3,18.7,37.1,184,Overcast,0,0,
67678,2022-01-26 19:50:00,40.675648,-73.898506,0,0,Unspecified,4497648,-3.1,-8.0,0.0,0.0,0.0,0.0,0,20.5,39.6,328,Clear sky,0,0,Sunny/Clear Conditions
67679,2022-01-27 14:16:00,40.703667,-73.9269,1,0,Failure to Yield Right-of-Way,4497909,-0.3,-9.6,0.0,0.0,0.0,0.0,3,18.7,37.1,184,Overcast,1,1,
67680,2022-01-26 22:00:00,40.681637,-73.88887,0,0,Unspecified,4497641,-3.1,-8.0,0.0,0.0,0.0,0.0,0,20.5,39.6,328,Clear sky,0,0,Sunny/Clear Conditions
67681,2022-01-26 06:18:00,40.774952,-73.96101,1,0,Unspecified,4497388,-3.1,-8.0,0.0,0.0,0.0,0.0,0,20.5,39.6,328,Clear sky,1,1,Sunny/Clear Conditions
67682,2022-07-02 06:50:00,40.59845,-73.98079,0,0,Unspecified,4544558,30.8,23.1,4.0,4.0,0.0,5.0,61,19.4,40.0,229,Rain: Light,0,0,
67683,2022-01-26 06:14:00,40.63147,-73.91955,0,0,Traffic Control Disregarded,4497571,-3.1,-8.0,0.0,0.0,0.0,0.0,0,20.5,39.6,328,Clear sky,0,0,Sunny/Clear Conditions
67684,2022-01-26 14:07:00,40.830738,-73.9105,0,0,Unspecified,4497679,-3.1,-8.0,0.0,0.0,0.0,0.0,0,20.5,39.6,328,Clear sky,0,0,Sunny/Clear Conditions
67685,2022-02-21 22:00:00,40.596825,-74.0659,0,0,Unspecified,4504936,9.9,-1.9,0.0,0.0,0.0,0.0,3,19.2,35.3,192,Overcast,0,0,
67686,2021-10-23 17:20:00,40.6999379,-73.9618813,0,0,Driver Inattention/Distraction,4470087,15.9,10.4,0.2,0.2,0.0,2.0,51,14.4,26.6,326,Drizzle: Light,0,0,
67687,2021-10-23 06:45:00,40.5998197,-74.0085647,0,0,Other Vehicular,4470088,15.9,10.4,0.2,0.2,0.0,2.0,51,14.4,26.6,326,Drizzle: Light,0,0,
67688,2021-10-23 18:50:00,40.7052535,-73.9590758,1,0,Driver Inattention/Distraction,4470090,15.9,10.4,0.2,0.2,0.0,2.0,51,14.4,26.6,326,Drizzle: Light,1,1,
67689,2021-10-08 21:55:00,40.8011739,-73.9507181,1,0,Driver Inattention/Distraction,4470091,23.7,14.5,0.0,0.0,0.0,0.0,3,13.0,22.3,94,Overcast,1,1,
67690,2021-10-11 16:14:00,40.8074117,-73.9442088,1,0,Turning Improperly,4470092,21.7,16.3,0.0,0.0,0.0,0.0,3,25.7,49.7,41,Overcast,1,1,
67691,2022-01-27 10:15:00,40.76468,-73.9643,0,0,Passing or Lane Usage Improper,4497958,-0.3,-9.6,0.0,0.0,0.0,0.0,3,18.7,37.1,184,Overcast,0,0,
67692,2022-01-27 13:00:00,40.698257,-73.98063,0,0,Driver Inattention/Distraction,4497870,-0.3,-9.6,0.0,0.0,0.0,0.0,3,18.7,37.1,184,Overcast,0,0,
67693,2022-01-26 13:05:00,40.75513,-73.96525,2,0,Unspecified,4497685,-3.1,-8.0,0.0,0.0,0.0,0.0,0,20.5,39.6,328,Clear sky,2,2,Sunny/Clear Conditions
67694,2022-01-27 08:10:00,40.711338,-73.85646,0,0,Other Vehicular,4497762,-0.3,-9.6,0.0,0.0,0.0,0.0,3,18.7,37.1,184,Overcast,0,0,
67695,2022-01-26 10:13:00,40.682777,-73.98242,0,0,Unspecified,4497875,-3.1,-8.0,0.0,0.0,0.0,0.0,0,20.5,39.6,328,Clear sky,0,0,Sunny/Clear Conditions
67696,2021-10-14 17:30:00,40.5846508,-73.9601578,0,0,Passing or Lane Usage Improper,4470098,25.0,15.4,0.0,0.0,0.0,0.0,3,15.4,29.9,328,Overcast,0,0,
67697,2022-01-26 04:11:00,40.738495,-73.90274,0,0,Driver Inattention/Distraction,4497668,-3.1,-8.0,0.0,0.0,0.0,0.0,0,20.5,39.6,328,Clear sky,0,0,Sunny/Clear Conditions
67698,2022-01-26 15:47:00,40.66463,-73.92114,0,0,Unspecified,4497621,-3.1,-8.0,0.0,0.0,0.0,0.0,0,20.5,39.6,328,Clear sky,0,0,Sunny/Clear Conditions
67699,2022-07-08 11:58:00,40.588512,-73.949356,1,0,Unspecified,4544851,29.6,19.3,1.8,1.8,0.0,8.0,51,15.0,31.0,187,Drizzle: Light,1,1,
67700,2022-01-26 12:41:00,40.675735,-73.89686,0,0,Unspecified,4497782,-3.1,-8.0,0.0,0.0,0.0,0.0,0,20.5,39.6,328,Clear sky,0,0,Sunny/Clear Conditions
67701,2022-01-27 10:00:00,40.721363,-73.84808,0,0,Driver Inattention/Distraction,4497856,-0.3,-9.6,0.0,0.0,0.0,0.0,3,18.7,37.1,184,Overcast,0,0,
67702,2022-01-27 01:38:00,40.75625,-73.802666,1,0,Failure to Keep Right,4497694,-0.3,-9.6,0.0,0.0,0.0,0.0,3,18.7,37.1,184,Overcast,1,1,
67703,2022-01-27 05:20:00,40.714607,-73.897125,0,0,Unspecified,4497741,-0.3,-9.6,0.0,0.0,0.0,0.0,3,18.7,37.1,184,Overcast,0,0,
67704,2022-01-27 17:00:00,40.699177,-73.9605,0,0,Passing or Lane Usage Improper,4497968,-0.3,-9.6,0.0,0.0,0.0,0.0,3,18.7,37.1,184,Overcast,0,0,
67705,2021-10-23 20:50:00,40.7160431,-73.8041526,0,0,Driver Inattention/Distraction,4470110,15.9,10.4,0.2,0.2,0.0,2.0,51,14.4,26.6,326,Drizzle: Light,0,0,
67706,2022-01-26 16:42:00,40.89154,-73.849846,1,0,Unspecified,4497897,-3.1,-8.0,0.0,0.0,0.0,0.0,0,20.5,39.6,328,Clear sky,1,1,Sunny/Clear Conditions
67707,2022-01-27 03:58:00,40.60544,-74.16789,0,0,Fatigued/Drowsy,4497751,-0.3,-9.6,0.0,0.0,0.0,0.0,3,18.7,37.1,184,Overcast,0,0,
67708,2022-01-27 15:11:00,40.844078,-73.834694,0,0,Unspecified,4497904,-0.3,-9.6,0.0,0.0,0.0,0.0,3,18.7,37.1,184,Overcast,0,0,
67709,2022-01-26 04:56:00,40.74651,-73.89109,0,0,Turning Improperly,4497369,-3.1,-8.0,0.0,0.0,0.0,0.0,0,20.5,39.6,328,Clear sky,0,0,Sunny/Clear Conditions
67710,2022-01-28 00:22:00,40.88473,-73.81571,0,0,Unspecified,4497953,1.0,-3.1,2.4,0.0,1.68,13.0,73,18.7,31.3,251,Snow fall: Moderate,0,0,Snowy Conditions
67711,2022-01-27 19:20:00,40.68787,-73.79747,0,0,Driver Inattention/Distraction,4497923,-0.3,-9.6,0.0,0.0,0.0,0.0,3,18.7,37.1,184,Overcast,0,0,
67712,2022-01-26 15:50:00,40.685917,-73.87071,0,0,Unspecified,4497647,-3.1,-8.0,0.0,0.0,0.0,0.0,0,20.5,39.6,328,Clear sky,0,0,Sunny/Clear Conditions
67713,2021-10-22 07:50:00,40.64939,-73.975296,0,0,Unspecified,4470105,20.3,14.4,0.0,0.0,0.0,0.0,3,18.1,31.3,267,Overcast,0,0,
67714,2022-01-27 07:15:00,40.598476,-73.95245,0,0,Following Too Closely,4497805,-0.3,-9.6,0.0,0.0,0.0,0.0,3,18.7,37.1,184,Overcast,0,0,
67715,2022-01-26 10:00:00,40.843174,-73.91196,3,0,Driver Inattention/Distraction,4497559,-3.1,-8.0,0.0,0.0,0.0,0.0,0,20.5,39.6,328,Clear sky,3,3,Sunny/Clear Conditions
67716,2022-01-27 11:15:00,40.764816,-73.7868,1,0,Driver Inattention/Distraction,4497797,-0.3,-9.6,0.0,0.0,0.0,0.0,3,18.7,37.1,184,Overcast,1,1,
67717,2022-01-27 08:30:00,40.797943,-73.94213,0,0,Backing Unsafely,4497871,-0.3,-9.6,0.0,0.0,0.0,0.0,3,18.7,37.1,184,Overcast,0,0,
67718,2022-01-26 02:35:00,40.865795,-73.920006,0,0,Other Vehicular,4497701,-3.1,-8.0,0.0,0.0,0.0,0.0,0,20.5,39.6,328,Clear sky,0,0,Sunny/Clear Conditions
67719,2022-01-27 01:30:00,40.816917,-73.92298,0,0,Unspecified,4497722,-0.3,-9.6,0.0,0.0,0.0,0.0,3,18.7,37.1,184,Overcast,0,0,
67720,2022-01-26 05:25:00,40.716164,-73.74477,0,0,Turning Improperly,4497850,-3.1,-8.0,0.0,0.0,0.0,0.0,0,20.5,39.6,328,Clear sky,0,0,Sunny/Clear Conditions
67721,2022-01-26 22:12:00,40.855118,-73.8677,0,0,Following Too Closely,4497768,-3.1,-8.0,0.0,0.0,0.0,0.0,0,20.5,39.6,328,Clear sky,0,0,Sunny/Clear Conditions
67722,2022-01-26 15:19:00,40.810608,-73.88356,0,0,Unspecified,4497594,-3.1,-8.0,0.0,0.0,0.0,0.0,0,20.5,39.6,328,Clear sky,0,0,Sunny/Clear Conditions
67723,2022-01-26 16:00:00,40.68599,-73.97367,3,0,Unspecified,4497617,-3.1,-8.0,0.0,0.0,0.0,0.0,0,20.5,39.6,328,Clear sky,3,3,Sunny/Clear Conditions
67724,2022-01-26 11:00:00,40.651863,-73.86536,0,0,Reaction to Uninvolved Vehicle,4497523,-3.1,-8.0,0.0,0.0,0.0,0.0,0,20.5,39.6,328,Clear sky,0,0,Sunny/Clear Conditions