,CRASH DATETIME,LATITUDE,LONGITUDE,NUMBER OF PERSONS INJURED,NUMBER OF PERSONS KILLED,CONTRIBUTING FACTOR VEHICLE 1,COLLISION_ID,temperature_2m_max,temperature_2m_min,precipitation_sum,rain_sum,snowfall_sum,precipitation_hours,weather_code,wind_speed_10m_max,wind_gusts_10m_max,wind_direction_10m_dominant,Weather Description,Severity_Score,Total_Affected_Persons,Weather_Category
67725,2022-01-27 19:30:00,40.745106,-73.89201,1,0,Driver Inattention/Distraction,4497973,-0.3,-9.6,0.0,0.0,0.0,0.0,3,18.7,37.1,184,Overcast,1,1,
67726,2022-01-26 02:20:00,40.796844,-73.93743,0,0,Alcohol Involvement,4497775,-3.1,-8.0,0.0,0.0,0.0,0.0,0,20.5,39.6,328,Clear sky,0,0,Sunny/Clear Conditions
67727,2022-01-26 19:50:00,40.675446,-73.81354,0,0,Driver Inattention/Distraction,4497676,-3.1,-8.0,0.0,0.0,0.0,0.0,0,20.5,39.6,328,Clear sky,0,0,Sunny/Clear Conditions
67728,2022-01-26 19:45:00,40.666714,-73.75156,0,0,Failure to Yield Right-of-Way,4497597,-3.1,-8.0,0.0,0.0,0.0,0.0,0,20.5,39.6,328,Clear sky,0,0,Sunny/Clear Conditions
67729,2022-01-26 10:30:00,40.668777,-73.920074,0,0,Unspecified,4497623,-3.1,-8.0,0.0,0.0,0.0,0.0,0,20.5,39.6,328,Clear sky,0,0,Sunny/Clear Conditions
67730,2022-01-27 12:23:00,40.7616,-73.96865,0,0,Unspecified,4497857,-0.3,-9.6,0.0,0.0,0.0,0.0,3,18.7,37.1,184,Overcast,0,0,
67731,2022-01-26 20:30:00,40.63595,-73.944115,0,0,Passing or Lane Usage Improper,4497828,-3.1,-8.0,0.0,0.0,0.0,0.0,0,20.5,39.6,328,Clear sky,0,0,Sunny/Clear Conditions
67732,2022-01-27 08:30:00,40.624393,-73.96512,1,0,Unspecified,4497835,-0.3,-9.6,0.0,0.0,0.0,0.0,3,18.7,37.1,184,Overcast,1,1,
67733,2022-01-26 00:25:00,40.845028,-73.880394,0,0,Other Vehicular,4497512,-3.1,-8.0,0.0,0.0,0.0,0.0,0,20.5,39.6,328,Clear sky,0,0,Sunny/Clear Conditions
67734,2021-10-23 07:00:00,40.7671233,-73.9040489,1,0,Reaction to Uninvolved Vehicle,4470146,15.9,10.4,0.2,0.2,0.0,2.0,51,14.4,26.6,326,Drizzle: Light,1,1,
67735,2022-01-26 16:00:00,40.623154,-73.99372,0,0,Failure to Yield Right-of-Way,4497733,-3.1,-8.0,0.0,0.0,0.0,0.0,0,20.5,39.6,328,Clear sky,0,0,Sunny/Clear Conditions
67736,2022-01-26 08:15:00,40.774323,-73.96149,1,0,Unspecified,4497554,-3.1,-8.0,0.0,0.0,0.0,0.0,0,20.5,39.6,328,Clear sky,1,1,Sunny/Clear Conditions
67737,2022-01-27 03:42:00,40.682556,-73.8882,3,0,Passing or Lane Usage Improper,4497781,-0.3,-9.6,0.0,0.0,0.0,0.0,3,18.7,37.1,184,Overcast,3,3,
67738,2022-01-26 06:16:00,40.87305,-73.882965,0,0,Turning Improperly,4497435,-3.1,-8.0,0.0,0.0,0.0,0.0,0,20.5,39.6,328,Clear sky,0,0,Sunny/Clear Conditions
67739,2022-01-26 17:45:00,40.668957,-73.898026,1,0,Unspecified,4497635,-3.1,-8.0,0.0,0.0,0.0,0.0,0,20.5,39.6,328,Clear sky,1,1,Sunny/Clear Conditions
67740,2022-01-27 08:30:00,40.708675,-73.956314,1,0,Driver Inattention/Distraction,4497826,-0.3,-9.6,0.0,0.0,0.0,0.0,3,18.7,37.1,184,Overcast,1,1,
67741,2021-10-21 22:06:00,40.8833516,-73.8161328,2,0,Unspecified,4470157,22.9,12.0,0.0,0.0,0.0,0.0,3,17.0,31.7,207,Overcast,2,2,
67742,2022-01-26 19:48:00,40.8639,-73.89429,0,0,Unspecified,4497766,-3.1,-8.0,0.0,0.0,0.0,0.0,0,20.5,39.6,328,Clear sky,0,0,Sunny/Clear Conditions
67743,2022-01-26 11:30:00,40.697575,-73.984055,0,0,Passing or Lane Usage Improper,4497578,-3.1,-8.0,0.0,0.0,0.0,0.0,0,20.5,39.6,328,Clear sky,0,0,Sunny/Clear Conditions
67744,2022-01-27 15:58:00,40.633205,-74.02568,0,0,Driver Inattention/Distraction,4497934,-0.3,-9.6,0.0,0.0,0.0,0.0,3,18.7,37.1,184,Overcast,0,0,
67745,2022-01-27 15:25:00,40.702675,-73.93396,1,0,Following Too Closely,4497910,-0.3,-9.6,0.0,0.0,0.0,0.0,3,18.7,37.1,184,Overcast,1,1,
67746,2021-10-11 22:00:00,40.7444841,-73.9923133,0,0,Driver Inattention/Distraction,4470162,21.7,16.3,0.0,0.0,0.0,0.0,3,25.7,49.7,41,Overcast,0,0,
67747,2022-01-26 16:09:00,40.609985,-73.95658,1,0,Backing Unsafely,4497680,-3.1,-8.0,0.0,0.0,0.0,0.0,0,20.5,39.6,328,Clear sky,1,1,Sunny/Clear Conditions
67748,2021-10-23 17:30:00,40.8339901,-73.8263442,0,0,Unspecified,4470165,15.9,10.4,0.2,0.2,0.0,2.0,51,14.4,26.6,326,Drizzle: Light,0,0,
67749,2022-01-27 02:18:00,40.643005,-74.00533,0,0,Driver Inattention/Distraction,4497863,-0.3,-9.6,0.0,0.0,0.0,0.0,3,18.7,37.1,184,Overcast,0,0,
67750,2022-01-26 14:05:00,40.696297,-73.97716,0,0,Driver Inattention/Distraction,4497892,-3.1,-8.0,0.0,0.0,0.0,0.0,0,20.5,39.6,328,Clear sky,0,0,Sunny/Clear Conditions
67751,2021-08-04 14:00:00,40.759773,-73.8173,1,0,Failure to Yield Right-of-Way,4444407,24.3,17.5,0.1,0.1,0.0,1.0,51,13.7,27.4,57,Drizzle: Light,1,1,
67752,2021-08-07 08:50:00,40.64782,-73.897575,0,0,Passing Too Closely,4444593,29.7,19.9,0.0,0.0,0.0,0.0,3,24.2,45.0,198,Overcast,0,0,
67753,2021-08-07 18:00:00,40.72192,-73.99004,0,0,Driver Inattention/Distraction,4444807,29.7,19.9,0.0,0.0,0.0,0.0,3,24.2,45.0,198,Overcast,0,0,
67754,2021-08-07 09:40:00,40.576275,-73.98796,0,0,Traffic Control Disregarded,4444661,29.7,19.9,0.0,0.0,0.0,0.0,3,24.2,45.0,198,Overcast,0,0,
67755,2021-08-06 21:20:00,40.576252,-74.16978,1,0,Unspecified,4445503,28.9,17.4,0.0,0.0,0.0,0.0,3,18.1,38.2,188,Overcast,1,1,
67756,2021-06-16 18:00:00,40.759308,-73.9653,0,0,Driver Inexperience,4445451,23.1,15.1,0.0,0.0,0.0,0.0,1,20.2,40.0,317,Mainly clear,0,0,Sunny/Clear Conditions
67757,2021-08-07 21:45:00,40.824734,-73.849365,1,0,Unspecified,4445245,29.7,19.9,0.0,0.0,0.0,0.0,3,24.2,45.0,198,Overcast,1,1,
67758,2021-08-07 02:13:00,40.63082,-73.88636,0,0,Unspecified,4444420,29.7,19.9,0.0,0.0,0.0,0.0,3,24.2,45.0,198,Overcast,0,0,
67759,2021-08-07 06:34:00,40.738323,-73.8856,2,0,Aggressive Driving/Road Rage,4444623,29.7,19.9,0.0,0.0,0.0,0.0,3,24.2,45.0,198,Overcast,2,2,
67760,2021-08-07 03:00:00,40.656105,-74.00594,0,0,Following Too Closely,4445013,29.7,19.9,0.0,0.0,0.0,0.0,3,24.2,45.0,198,Overcast,0,0,
67761,2021-08-07 05:00:00,40.686497,-73.9168,0,0,Alcohol Involvement,4444705,29.7,19.9,0.0,0.0,0.0,0.0,3,24.2,45.0,198,Overcast,0,0,
67762,2021-07-25 06:10:00,40.715454,-73.772575,0,0,Driver Inattention/Distraction,4445201,28.0,20.3,7.3,7.3,0.0,10.0,63,20.9,43.2,198,Rain: Moderate,0,0,
67763,2021-08-04 17:40:00,40.593323,-74.15871,1,0,Driver Inattention/Distraction,4445300,24.3,17.5,0.1,0.1,0.0,1.0,51,13.7,27.4,57,Drizzle: Light,1,1,
67764,2021-08-05 15:30:00,40.64166,-73.93705,0,0,Driver Inattention/Distraction,4445379,27.1,17.4,0.1,0.1,0.0,1.0,51,13.2,27.0,5,Drizzle: Light,0,0,
67765,2021-08-07 00:13:00,40.760284,-73.769356,0,0,Backing Unsafely,4444428,29.7,19.9,0.0,0.0,0.0,0.0,3,24.2,45.0,198,Overcast,0,0,
67766,2021-08-07 11:00:00,40.84442,-73.92505,0,0,Unspecified,4444726,29.7,19.9,0.0,0.0,0.0,0.0,3,24.2,45.0,198,Overcast,0,0,
67767,2021-08-07 20:45:00,40.823368,-73.87877,0,0,Unspecified,4445243,29.7,19.9,0.0,0.0,0.0,0.0,3,24.2,45.0,198,Overcast,0,0,
67768,2021-08-06 11:00:00,40.725517,-73.76993,0,0,Unspecified,4445283,28.9,17.4,0.0,0.0,0.0,0.0,3,18.1,38.2,188,Overcast,0,0,
67769,2021-08-07 19:43:00,40.678276,-73.762344,0,0,Following Too Closely,4445175,29.7,19.9,0.0,0.0,0.0,0.0,3,24.2,45.0,198,Overcast,0,0,
67770,2021-08-07 03:55:00,40.681667,-73.88607,0,0,Alcohol Involvement,4444446,29.7,19.9,0.0,0.0,0.0,0.0,3,24.2,45.0,198,Overcast,0,0,
67771,2021-08-07 17:54:00,40.634617,-74.02353,1,0,Failure to Yield Right-of-Way,4444572,29.7,19.9,0.0,0.0,0.0,0.0,3,24.2,45.0,198,Overcast,1,1,
67772,2021-08-07 00:30:00,40.752945,-73.89248,0,0,Driver Inattention/Distraction,4444837,29.7,19.9,0.0,0.0,0.0,0.0,3,24.2,45.0,198,Overcast,0,0,
67773,2021-08-07 11:08:00,40.845005,-73.90741,0,0,Driver Inattention/Distraction,4444939,29.7,19.9,0.0,0.0,0.0,0.0,3,24.2,45.0,198,Overcast,0,0,
67774,2021-08-07 23:00:00,40.822712,-73.903145,0,0,Passenger Distraction,4445045,29.7,19.9,0.0,0.0,0.0,0.0,3,24.2,45.0,198,Overcast,0,0,
67775,2021-08-07 14:30:00,40.576275,-73.98796,0,0,Other Vehicular,4445109,29.7,19.9,0.0,0.0,0.0,0.0,3,24.2,45.0,198,Overcast,0,0,
67776,2021-08-07 06:10:00,40.86023,-73.907234,0,0,Aggressive Driving/Road Rage,4444540,29.7,19.9,0.0,0.0,0.0,0.0,3,24.2,45.0,198,Overcast,0,0,
67777,2021-08-05 14:44:00,40.720848,-73.98883,0,0,Unspecified,4445335,27.1,17.4,0.1,0.1,0.0,1.0,51,13.2,27.0,5,Drizzle: Light,0,0,
67778,2021-08-07 16:35:00,40.723824,-73.797615,0,0,Unsafe Speed,4445358,29.7,19.9,0.0,0.0,0.0,0.0,3,24.2,45.0,198,Overcast,0,0,
67779,2021-08-07 13:40:00,40.653267,-73.93927,2,0,Unspecified,4445392,29.7,19.9,0.0,0.0,0.0,0.0,3,24.2,45.0,198,Overcast,2,2,
67780,2021-08-07 00:02:00,40.811638,-73.9316,4,0,Following Too Closely,4444532,29.7,19.9,0.0,0.0,0.0,0.0,3,24.2,45.0,198,Overcast,4,4,
67781,2021-08-06 23:30:00,40.716824,-73.82019,0,0,Unspecified,4445262,28.9,17.4,0.0,0.0,0.0,0.0,3,18.1,38.2,188,Overcast,0,0,
67782,2021-08-07 03:28:00,40.619724,-74.02327,1,0,Alcohol Involvement,4444561,29.7,19.9,0.0,0.0,0.0,0.0,3,24.2,45.0,198,Overcast,1,1,
67783,2021-08-07 00:45:00,40.678303,-73.87289,0,0,Driver Inattention/Distraction,4444457,29.7,19.9,0.0,0.0,0.0,0.0,3,24.2,45.0,198,Overcast,0,0,
67784,2021-08-07 12:26:00,40.840164,-73.84262,0,0,Unspecified,4445095,29.7,19.9,0.0,0.0,0.0,0.0,3,24.2,45.0,198,Overcast,0,0,
67785,2021-08-07 00:40:00,40.719204,-73.99037,0,0,Other Vehicular,4444700,29.7,19.9,0.0,0.0,0.0,0.0,3,24.2,45.0,198,Overcast,0,0,
67786,2021-08-07 10:03:00,40.774612,-73.92399,0,0,Unspecified,4444756,29.7,19.9,0.0,0.0,0.0,0.0,3,24.2,45.0,198,Overcast,0,0,
67787,2021-08-04 22:00:00,40.575336,-73.996445,1,0,Driver Inattention/Distraction,4445498,24.3,17.5,0.1,0.1,0.0,1.0,51,13.7,27.4,57,Drizzle: Light,1,1,
67788,2021-08-07 07:31:00,40.690147,-73.78656,0,0,Following Too Closely,4445148,29.7,19.9,0.0,0.0,0.0,0.0,3,24.2,45.0,198,Overcast,0,0,
67789,2021-08-07 10:17:00,40.639595,-73.88517,0,0,,4444955,29.7,19.9,0.0,0.0,0.0,0.0,3,24.2,45.0,198,Overcast,0,0,
67790,2021-08-07 16:52:00,40.684753,-73.86077,0,0,Failure to Yield Right-of-Way,4445131,29.7,19.9,0.0,0.0,0.0,0.0,3,24.2,45.0,198,Overcast,0,0,
67791,2021-08-07 13:00:00,40.63043,-73.88593,0,0,Following Too Closely,4444471,29.7,19.9,0.0,0.0,0.0,0.0,3,24.2,45.0,198,Overcast,0,0,
67792,2021-08-07 00:52:00,40.865257,-73.9096,0,0,Unsafe Speed,4444546,29.7,19.9,0.0,0.0,0.0,0.0,3,24.2,45.0,198,Overcast,0,0,
67793,2021-08-07 19:34:00,40.63429,-73.89023,1,0,Unspecified,4444629,29.7,19.9,0.0,0.0,0.0,0.0,3,24.2,45.0,198,Overcast,1,1,
67794,2021-07-31 07:46:00,40.729855,-73.81853,0,0,Reaction to Uninvolved Vehicle,4445322,25.6,14.5,0.0,0.0,0.0,0.0,2,16.8,33.8,304,Partly cloudy,0,0,
67795,2021-07-30 17:00:00,40.72402,-73.76356,0,0,Unspecified,4445400,27.6,19.1,0.0,0.0,0.0,0.0,1,24.2,45.7,310,Mainly clear,0,0,Sunny/Clear Conditions
67796,2021-08-07 16:12:00,40.844982,-73.92067,0,0,Unsafe Lane Changing,4444937,29.7,19.9,0.0,0.0,0.0,0.0,3,24.2,45.0,198,Overcast,0,0,
67797,2021-08-06 17:02:00,40.73115,-73.95179,2,0,Failure to Yield Right-of-Way,4445216,28.9,17.4,0.0,0.0,0.0,0.0,3,18.1,38.2,188,Overcast,2,2,
67798,2021-08-07 21:00:00,40.574394,-74.10581,0,0,Unsafe Lane Changing,4445336,29.7,19.9,0.0,0.0,0.0,0.0,3,24.2,45.0,198,Overcast,0,0,
67799,2021-08-07 14:50:00,40.6027,-73.99511,1,0,Unspecified,4444573,29.7,19.9,0.0,0.0,0.0,0.0,3,24.2,45.0,198,Overcast,1,1,
67800,2021-08-06 15:35:00,40.64028,-73.94363,0,0,Unspecified,4445387,28.9,17.4,0.0,0.0,0.0,0.0,3,18.1,38.2,188,Overcast,0,0,
67801,2021-08-07 17:00:00,40.878464,-73.88168,0,0,Unspecified,4444609,29.7,19.9,0.0,0.0,0.0,0.0,3,24.2,45.0,198,Overcast,0,0,
67802,2021-08-07 05:54:00,40.86242,-73.89405,0,0,Passing or Lane Usage Improper,4444492,29.7,19.9,0.0,0.0,0.0,0.0,3,24.2,45.0,198,Overcast,0,0,
67803,2021-08-03 09:30:00,40.63722,-74.16238,0,0,Driver Inattention/Distraction,4445200,24.2,15.3,0.0,0.0,0.0,0.0,3,10.7,21.2,7,Overcast,0,0,
67804,2021-08-07 21:20:00,40.75734,-73.98602,1,0,Unsafe Speed,4444980,29.7,19.9,0.0,0.0,0.0,0.0,3,24.2,45.0,198,Overcast,1,1,
67805,2021-08-07 14:57:00,40.63283,-74.00516,3,0,Unsafe Speed,4445073,29.7,19.9,0.0,0.0,0.0,0.0,3,24.2,45.0,198,Overcast,3,3,
67806,2021-08-07 14:10:00,40.650642,-73.92161,0,0,Driver Inattention/Distraction,4445393,29.7,19.9,0.0,0.0,0.0,0.0,3,24.2,45.0,198,Overcast,0,0,
67807,2021-08-06 22:00:00,40.71556,-73.95262,0,0,Backing Unsafely,4445193,28.9,17.4,0.0,0.0,0.0,0.0,3,18.1,38.2,188,Overcast,0,0,
67808,2021-08-07 00:03:00,40.65474,-73.90693,0,0,Other Vehicular,4444685,29.7,19.9,0.0,0.0,0.0,0.0,3,24.2,45.0,198,Overcast,0,0,
67809,2021-08-07 13:20:00,40.718494,-73.817566,0,0,Driver Inattention/Distraction,4445233,29.7,19.9,0.0,0.0,0.0,0.0,3,24.2,45.0,198,Overcast,0,0,
67810,2021-08-07 01:39:00,40.833088,-73.91904,2,0,Unspecified,4444727,29.7,19.9,0.0,0.0,0.0,0.0,3,24.2,45.0,198,Overcast,2,2,
67811,2021-07-16 12:55:00,40.60219,-74.13962,0,0,Unspecified,4445505,32.3,23.2,0.3,0.3,0.0,3.0,51,12.3,33.1,238,Drizzle: Light,0,0,
67812,2021-08-07 15:45:00,40.586117,-73.93604,1,0,Driver Inexperience,4444617,29.7,19.9,0.0,0.0,0.0,0.0,3,24.2,45.0,198,Overcast,1,1,
67813,2021-08-07 00:50:00,40.67417,-73.95671,0,0,Unspecified,4444860,29.7,19.9,0.0,0.0,0.0,0.0,3,24.2,45.0,198,Overcast,0,0,
67814,2021-08-07 18:20:00,40.86203,-73.80215,0,0,Unspecified,4445314,29.7,19.9,0.0,0.0,0.0,0.0,3,24.2,45.0,198,Overcast,0,0,
67815,2021-08-07 14:49:00,40.622005,-73.913536,0,0,Unsafe Speed,4444577,29.7,19.9,0.0,0.0,0.0,0.0,3,24.2,45.0,198,Overcast,0,0,
67816,2021-07-25 05:15:00,40.717648,-73.76665,0,0,Driver Inattention/Distraction,4445207,28.0,20.3,7.3,7.3,0.0,10.0,63,20.9,43.2,198,Rain: Moderate,0,0,
67817,2021-08-05 10:00:00,40.696033,-73.984535,0,0,Passing Too Closely,4445348,27.1,17.4,0.1,0.1,0.0,1.0,51,13.2,27.0,5,Drizzle: Light,0,0,
67818,2021-08-07 22:30:00,40.73714,-73.9886,1,0,Backing Unsafely,4444772,29.7,19.9,0.0,0.0,0.0,0.0,3,24.2,45.0,198,Overcast,1,1,
67819,2021-08-07 20:44:00,40.678165,-73.746506,3,0,Aggressive Driving/Road Rage,4444625,29.7,19.9,0.0,0.0,0.0,0.0,3,24.2,45.0,198,Overcast,3,3,
67820,2021-08-07 18:28:00,40.680008,-73.8488,2,0,Failure to Yield Right-of-Way,4444789,29.7,19.9,0.0,0.0,0.0,0.0,3,24.2,45.0,198,Overcast,2,2,
67821,2021-08-07 23:24:00,40.657227,-73.900764,0,0,Other Vehicular,4444708,29.7,19.9,0.0,0.0,0.0,0.0,3,24.2,45.0,198,Overcast,0,0,
67822,2021-08-07 01:30:00,40.712524,-73.962555,1,0,Unspecified,4444421,29.7,19.9,0.0,0.0,0.0,0.0,3,24.2,45.0,198,Overcast,1,1,
67823,2021-08-05 18:00:00,40.631252,-73.94167,0,0,Unspecified,4445383,27.1,17.4,0.1,0.1,0.0,1.0,51,13.2,27.0,5,Drizzle: Light,0,0,
67824,2021-08-07 21:02:00,40.679348,-73.93067,0,0,Unspecified,4444601,29.7,19.9,0.0,0.0,0.0,0.0,3,24.2,45.0,198,Overcast,0,0,
67825,2021-08-02 13:20:00,40.653435,-73.95278,0,0,Driver Inattention/Distraction,4445378,26.4,17.2,0.0,0.0,0.0,0.0,3,18.4,37.4,313,Overcast,0,0,
67826,2021-07-28 17:24:00,40.69595,-73.93764,0,0,Driver Inattention/Distraction,4445347,26.7,20.2,0.7,0.7,0.0,3.0,53,16.7,34.2,1,Drizzle: Moderate,0,0,
67827,2021-08-03 00:50:00,40.716526,-73.82308,0,0,Unspecified,4445227,24.2,15.3,0.0,0.0,0.0,0.0,3,10.7,21.2,7,Overcast,0,0,
67828,2021-08-07 02:48:00,40.703163,-73.81662,0,0,Driver Inattention/Distraction,4444431,29.7,19.9,0.0,0.0,0.0,0.0,3,24.2,45.0,198,Overcast,0,0,
67829,2021-08-07 18:00:00,40.832073,-73.87905,0,0,Unspecified,4445244,29.7,19.9,0.0,0.0,0.0,0.0,3,24.2,45.0,198,Overcast,0,0,
67830,2021-08-07 18:00:00,40.610317,-73.98304,0,0,Unspecified,4444576,29.7,19.9,0.0,0.0,0.0,0.0,3,24.2,45.0,198,Overcast,0,0,
67831,2021-08-07 04:05:00,40.69642,-73.95978,0,0,Driver Inattention/Distraction,4444720,29.7,19.9,0.0,0.0,0.0,0.0,3,24.2,45.0,198,Overcast,0,0,
67832,2021-08-07 04:38:00,40.710846,-73.964935,0,0,Driver Inattention/Distraction,4445284,29.7,19.9,0.0,0.0,0.0,0.0,3,24.2,45.0,198,Overcast,0,0,
67833,2021-08-07 14:50:00,40.768387,-73.97107,0,0,Driver Inattention/Distraction,4444618,29.7,19.9,0.0,0.0,0.0,0.0,3,24.2,45.0,198,Overcast,0,0,
67834,2021-07-08 00:27:00,40.712727,-73.72899,1,0,Driver Inattention/Distraction,4445174,28.3,21.3,15.2,15.2,0.0,12.0,63,16.9,48.2,125,Rain: Moderate,1,1,
67835,2021-08-07 03:22:00,40.62686,-74.157875,0,0,Driver Inattention/Distraction,4445206,29.7,19.9,0.0,0.0,0.0,0.0,3,24.2,45.0,198,Overcast,0,0,
67836,2021-08-07 17:42:00,40.82463,-73.91059,0,0,Driver Inattention/Distraction,4444665,29.7,19.9,0.0,0.0,0.0,0.0,3,24.2,45.0,198,Overcast,0,0,
67837,2021-08-02 00:50:00,40.837654,-73.89997,1,0,Unspecified,4445468,26.4,17.2,0.0,0.0,0.0,0.0,3,18.4,37.4,313,Overcast,1,1,
67838,2021-08-06 13:39:00,40.697433,-73.93123,1,0,Failure to Yield Right-of-Way,4445368,28.9,17.4,0.0,0.0,0.0,0.0,3,18.1,38.2,188,Overcast,1,1,
67839,2021-08-05 12:12:00,40.684143,-73.999405,0,0,Oversized Vehicle,4445268,27.1,17.4,0.1,0.1,0.0,1.0,51,13.2,27.0,5,Drizzle: Light,0,0,
67840,2021-08-07 00:00:00,40.730133,-73.98578,0,0,Unspecified,4445508,29.7,19.9,0.0,0.0,0.0,0.0,3,24.2,45.0,198,Overcast,0,0,
67841,2021-08-07 11:45:00,40.76369,-73.72498,1,0,Unspecified,4444489,29.7,19.9,0.0,0.0,0.0,0.0,3,24.2,45.0,198,Overcast,1,1,
67842,2021-08-07 11:34:00,40.804585,-73.91213,3,0,Driver Inattention/Distraction,4444534,29.7,19.9,0.0,0.0,0.0,0.0,3,24.2,45.0,198,Overcast,3,3,
67843,2021-08-07 17:00:00,40.678543,-73.96855,1,0,Passing or Lane Usage Improper,4444966,29.7,19.9,0.0,0.0,0.0,0.0,3,24.2,45.0,198,Overcast,1,1,
67844,2021-08-06 13:40:00,40.68138,-73.95352,0,0,Driver Inattention/Distraction,4445352,28.9,17.4,0.0,0.0,0.0,0.0,3,18.1,38.2,188,Overcast,0,0,
67845,2021-08-07 20:15:00,40.65505,-73.95631,1,0,Driver Inattention/Distraction,4444595,29.7,19.9,0.0,0.0,0.0,0.0,3,24.2,45.0,198,Overcast,1,1,
67846,2021-08-07 01:00:00,40.666386,-73.80178,0,0,Alcohol Involvement,4445137,29.7,19.9,0.0,0.0,0.0,0.0,3,24.2,45.0,198,Overcast,0,0,
67847,2021-08-07 07:45:00,40.825413,-73.923485,1,0,Driver Inattention/Distraction,4445298,29.7,19.9,0.0,0.0,0.0,0.0,3,24.2,45.0,198,Overcast,1,1,
67848,2021-08-07 12:25:00,40.57104,-74.10919,0,0,Driver Inattention/Distraction,4444473,29.7,19.9,0.0,0.0,0.0,0.0,3,24.2,45.0,198,Overcast,0,0,
67849,2021-08-07 08:48:00,40.623455,-74.083176,0,0,Driver Inattention/Distraction,4444804,29.7,19.9,0.0,0.0,0.0,0.0,3,24.2,45.0,198,Overcast,0,0,
67850,2021-08-07 20:49:00,40.844578,-73.902695,3,0,Driver Inattention/Distraction,4444991,29.7,19.9,0.0,0.0,0.0,0.0,3,24.2,45.0,198,Overcast,3,3,
67851,2021-08-07 14:05:00,40.776756,-73.82764,1,0,Unspecified,4444505,29.7,19.9,0.0,0.0,0.0,0.0,3,24.2,45.0,198,Overcast,1,1,
67852,2021-08-07 21:29:00,40.69593,-73.96548,1,0,Unspecified,4444628,29.7,19.9,0.0,0.0,0.0,0.0,3,24.2,45.0,198,Overcast,1,1,
67853,2021-08-06 12:40:00,40.704807,-73.77278,1,0,Failure to Yield Right-of-Way,4445217,28.9,17.4,0.0,0.0,0.0,0.0,3,18.1,38.2,188,Overcast,1,1,
67854,2021-08-07 15:00:00,40.89493,-73.84825,1,0,Unsafe Speed,4445152,29.7,19.9,0.0,0.0,0.0,0.0,3,24.2,45.0,198,Overcast,1,1,
67855,2021-08-07 20:45:00,40.856537,-73.87257,1,0,Traffic Control Disregarded,4444589,29.7,19.9,0.0,0.0,0.0,0.0,3,24.2,45.0,198,Overcast,1,1,
67856,2021-08-07 23:57:00,40.731705,-74.00096,1,0,Unspecified,4444645,29.7,19.9,0.0,0.0,0.0,0.0,3,24.2,45.0,198,Overcast,1,1,
67857,2021-08-07 01:26:00,40.63747,-73.91027,5,0,Unspecified,4445433,29.7,19.9,0.0,0.0,0.0,0.0,3,24.2,45.0,198,Overcast,5,5,
67858,2021-08-07 23:45:00,40.638046,-73.92698,0,0,Unspecified,4445396,29.7,19.9,0.0,0.0,0.0,0.0,3,24.2,45.0,198,Overcast,0,0,
67859,2021-08-06 11:55:00,40.735638,-73.95004,0,0,Passing Too Closely,4445323,28.9,17.4,0.0,0.0,0.0,0.0,3,18.1,38.2,188,Overcast,0,0,
67860,2021-08-04 07:20:00,40.712444,-73.80256,0,0,Driver Inattention/Distraction,4445210,24.3,17.5,0.1,0.1,0.0,1.0,51,13.7,27.4,57,Drizzle: Light,0,0,
67861,2021-08-06 21:00:00,40.64999,-73.943695,0,0,Driver Inattention/Distraction,4445388,28.9,17.4,0.0,0.0,0.0,0.0,3,18.1,38.2,188,Overcast,0,0,
67862,2021-08-07 18:50:00,40.680164,-73.93151,1,0,Driver Inattention/Distraction,4444950,29.7,19.9,0.0,0.0,0.0,0.0,3,24.2,45.0,198,Overcast,1,1,
67863,2021-08-07 01:15:00,40.686302,-73.793915,2,0,Traffic Control Disregarded,4445129,29.7,19.9,0.0,0.0,0.0,0.0,3,24.2,45.0,198,Overcast,2,2,
67864,2021-08-07 19:00:00,40.69441,-73.97606,0,0,Turning Improperly,4444564,29.7,19.9,0.0,0.0,0.0,0.0,3,24.2,45.0,198,Overcast,0,0,
67865,2021-08-07 23:44:00,40.617805,-73.96189,0,0,Alcohol Involvement,4445005,29.7,19.9,0.0,0.0,0.0,0.0,3,24.2,45.0,198,Overcast,0,0,
67866,2022-02-21 14:53:00,40.716618,-73.99723,0,0,Unspecified,4504928,9.9,-1.9,0.0,0.0,0.0,0.0,3,19.2,35.3,192,Overcast,0,0,
67867,2021-08-07 06:55:00,40.630238,-73.93246,2,0,Unsafe Lane Changing,4444833,29.7,19.9,0.0,0.0,0.0,0.0,3,24.2,45.0,198,Overcast,2,2,
67868,2021-08-07 16:08:00,40.65846,-73.90066,0,0,Unspecified,4444698,29.7,19.9,0.0,0.0,0.0,0.0,3,24.2,45.0,198,Overcast,0,0,
67869,2021-07-30 19:29:00,40.6481,-73.91474,0,0,Unspecified,4445420,27.6,19.1,0.0,0.0,0.0,0.0,1,24.2,45.7,310,Mainly clear,0,0,Sunny/Clear Conditions
67870,2021-08-06 13:45:00,40.712284,-73.78536,1,0,Following Too Closely,4445261,28.9,17.4,0.0,0.0,0.0,0.0,3,18.1,38.2,188,Overcast,1,1,
67871,2021-08-07 13:10:00,40.680477,-73.951164,0,0,Reaction to Uninvolved Vehicle,4444751,29.7,19.9,0.0,0.0,0.0,0.0,3,24.2,45.0,198,Overcast,0,0,
67872,2021-08-06 14:30:00,40.722576,-73.94049,0,0,Driver Inattention/Distraction,4445211,28.9,17.4,0.0,0.0,0.0,0.0,3,18.1,38.2,188,Overcast,0,0,