,CRASH DATETIME,LATITUDE,LONGITUDE,NUMBER OF PERSONS INJURED,NUMBER OF PERSONS KILLED,CONTRIBUTING FACTOR VEHICLE 1,COLLISION_ID,temperature_2m_max,temperature_2m_min,precipitation_sum,rain_sum,snowfall_sum,precipitation_hours,weather_code,wind_speed_10m_max,wind_gusts_10m_max,wind_direction_10m_dominant,Weather Description,Severity_Score,Total_Affected_Persons,Weather_Category
67873,2021-08-07 12:50:00,40.82403,-73.94476,0,0,Driver Inattention/Distraction,4445491,29.7,19.9,0.0,0.0,0.0,0.0,3,24.2,45.0,198,Overcast,0,0,
67874,2021-08-07 14:30:00,40.75,-73.89924,1,0,Driver Inattention/Distraction,4444608,29.7,19.9,0.0,0.0,0.0,0.0,3,24.2,45.0,198,Overcast,1,1,
67875,2021-08-07 15:00:00,40.699055,-73.83238,0,0,Passing Too Closely,4445138,29.7,19.9,0.0,0.0,0.0,0.0,3,24.2,45.0,198,Overcast,0,0,
67876,2021-08-06 14:55:00,40.72125,-73.93651,1,0,Reaction to Uninvolved Vehicle,4445194,28.9,17.4,0.0,0.0,0.0,0.0,3,18.1,38.2,188,Overcast,1,1,
67877,2021-08-07 23:15:00,40.76226,-73.75699,0,0,Unspecified,4444639,29.7,19.9,0.0,0.0,0.0,0.0,3,24.2,45.0,198,Overcast,0,0,
67878,2021-08-07 00:25:00,40.65431,-74.004425,1,0,Alcohol Involvement,4445041,29.7,19.9,0.0,0.0,0.0,0.0,3,24.2,45.0,198,Overcast,1,1,
67879,2021-08-07 03:30:00,40.796074,-73.94349,0,0,Alcohol Involvement,4444450,29.7,19.9,0.0,0.0,0.0,0.0,3,24.2,45.0,198,Overcast,0,0,
67880,2021-08-07 18:40:00,40.768013,-73.90423,0,0,Driver Inattention/Distraction,4444764,29.7,19.9,0.0,0.0,0.0,0.0,3,24.2,45.0,198,Overcast,0,0,
67881,2021-08-07 03:36:00,40.682224,-73.81418,0,0,Driver Inattention/Distraction,4444539,29.7,19.9,0.0,0.0,0.0,0.0,3,24.2,45.0,198,Overcast,0,0,
67882,2021-08-07 13:50:00,40.673145,-73.8141,0,0,Driver Inattention/Distraction,4444796,29.7,19.9,0.0,0.0,0.0,0.0,3,24.2,45.0,198,Overcast,0,0,
67883,2021-08-07 20:55:00,40.720104,-74.00677,0,0,Unspecified,4444600,29.7,19.9,0.0,0.0,0.0,0.0,3,24.2,45.0,198,Overcast,0,0,
67884,2021-08-07 18:45:00,40.773464,-73.92316,0,0,View Obstructed/Limited,4444763,29.7,19.9,0.0,0.0,0.0,0.0,3,24.2,45.0,198,Overcast,0,0,
67885,2021-08-06 10:00:00,40.74456,-73.93076,1,0,Driver Inattention/Distraction,4445497,28.9,17.4,0.0,0.0,0.0,0.0,3,18.1,38.2,188,Overcast,1,1,
67886,2021-08-03 04:02:00,40.831493,-73.85444,0,0,Steering Failure,4445232,24.2,15.3,0.0,0.0,0.0,0.0,3,10.7,21.2,7,Overcast,0,0,
67887,2021-08-07 00:25:00,40.797718,-73.946495,1,0,Failure to Yield Right-of-Way,4444679,29.7,19.9,0.0,0.0,0.0,0.0,3,24.2,45.0,198,Overcast,1,1,
67888,2021-08-04 19:11:00,40.736267,-73.772865,0,0,Unspecified,4445240,24.3,17.5,0.1,0.1,0.0,1.0,51,13.7,27.4,57,Drizzle: Light,0,0,
67889,2021-08-07 01:27:00,40.712597,-73.967735,0,0,Driver Inattention/Distraction,4444422,29.7,19.9,0.0,0.0,0.0,0.0,3,24.2,45.0,198,Overcast,0,0,
67890,2021-08-05 12:45:00,40.67393,-73.999954,0,0,Driver Inattention/Distraction,4445276,27.1,17.4,0.1,0.1,0.0,1.0,51,13.2,27.0,5,Drizzle: Light,0,0,
67891,2021-08-07 15:55:00,40.668922,-73.912476,1,0,Driver Inattention/Distraction,4445184,29.7,19.9,0.0,0.0,0.0,0.0,3,24.2,45.0,198,Overcast,1,1,
67892,2021-08-05 20:24:00,40.66398,-73.92618,0,0,Unspecified,4445382,27.1,17.4,0.1,0.1,0.0,1.0,51,13.2,27.0,5,Drizzle: Light,0,0,
67893,2021-07-26 04:30:00,40.69822,-73.943954,0,0,Driver Inattention/Distraction,4445353,31.4,21.8,0.0,0.0,0.0,0.0,3,13.0,25.6,295,Overcast,0,0,
67894,2021-08-07 03:30:00,40.656097,-73.93909,1,0,Driver Inattention/Distraction,4444998,29.7,19.9,0.0,0.0,0.0,0.0,3,24.2,45.0,198,Overcast,1,1,
67895,2021-08-07 16:00:00,40.7731,-73.84566,0,0,Backing Unsafely,4444504,29.7,19.9,0.0,0.0,0.0,0.0,3,24.2,45.0,198,Overcast,0,0,
67896,2021-08-07 14:58:00,40.746887,-73.8347,1,0,Traffic Control Disregarded,4444509,29.7,19.9,0.0,0.0,0.0,0.0,3,24.2,45.0,198,Overcast,1,1,
67897,2021-08-07 22:25:00,40.671642,-73.96258,3,0,Unspecified,4444865,29.7,19.9,0.0,0.0,0.0,0.0,3,24.2,45.0,198,Overcast,3,3,
67898,2021-08-03 09:18:00,40.681335,-74.00297,2,0,Following Too Closely,4445272,24.2,15.3,0.0,0.0,0.0,0.0,3,10.7,21.2,7,Overcast,2,2,
67899,2021-08-07 16:00:00,40.7032,-73.73395,0,0,Unspecified,4444545,29.7,19.9,0.0,0.0,0.0,0.0,3,24.2,45.0,198,Overcast,0,0,
67900,2021-08-07 07:26:00,40.80865,-73.90445,1,0,Unspecified,4445307,29.7,19.9,0.0,0.0,0.0,0.0,3,24.2,45.0,198,Overcast,1,1,
67901,2021-08-07 14:19:00,40.75829,-73.83431,0,0,Following Too Closely,4444585,29.7,19.9,0.0,0.0,0.0,0.0,3,24.2,45.0,198,Overcast,0,0,
67902,2021-08-07 05:06:00,40.639194,-73.97663,0,0,Alcohol Involvement,4445083,29.7,19.9,0.0,0.0,0.0,0.0,3,24.2,45.0,198,Overcast,0,0,
67903,2021-08-06 16:00:00,40.685844,-73.94732,0,0,Driver Inattention/Distraction,4445351,28.9,17.4,0.0,0.0,0.0,0.0,3,18.1,38.2,188,Overcast,0,0,
67904,2021-08-07 02:40:00,40.761845,-73.76766,0,0,Driver Inattention/Distraction,4444464,29.7,19.9,0.0,0.0,0.0,0.0,3,24.2,45.0,198,Overcast,0,0,
67905,2021-08-07 23:45:00,40.605114,-73.81973,0,0,Passing Too Closely,4444871,29.7,19.9,0.0,0.0,0.0,0.0,3,24.2,45.0,198,Overcast,0,0,
67906,2021-08-07 07:21:00,40.85192,-73.89694,3,0,Unsafe Speed,4445058,29.7,19.9,0.0,0.0,0.0,0.0,3,24.2,45.0,198,Overcast,3,3,
67907,2021-08-07 19:36:00,40.700592,-73.85457,0,0,Alcohol Involvement,4445133,29.7,19.9,0.0,0.0,0.0,0.0,3,24.2,45.0,198,Overcast,0,0,
67908,2021-08-07 02:20:00,40.665794,-73.7464,0,0,Illnes,4444474,29.7,19.9,0.0,0.0,0.0,0.0,3,24.2,45.0,198,Overcast,0,0,
67909,2021-08-07 01:41:00,40.6807,-73.84465,0,0,Other Vehicular,4444544,29.7,19.9,0.0,0.0,0.0,0.0,3,24.2,45.0,198,Overcast,0,0,
67910,2021-08-05 09:30:00,40.723774,-73.93754,0,0,Turning Improperly,4445324,27.1,17.4,0.1,0.1,0.0,1.0,51,13.2,27.0,5,Drizzle: Light,0,0,
67911,2021-07-27 19:00:00,40.69822,-73.943954,0,0,Driver Inattention/Distraction,4445346,30.4,19.1,0.2,0.2,0.0,2.0,51,19.5,38.9,206,Drizzle: Light,0,0,
67912,2021-08-07 17:30:00,40.619926,-74.00066,0,0,Unspecified,4444575,29.7,19.9,0.0,0.0,0.0,0.0,3,24.2,45.0,198,Overcast,0,0,
67913,2021-08-07 16:09:00,40.82839,-73.916916,1,0,Unsafe Speed,4444721,29.7,19.9,0.0,0.0,0.0,0.0,3,24.2,45.0,198,Overcast,1,1,
67914,2022-02-09 07:57:00,0.0,0.0,1,0,Traffic Control Disregarded,4505185,5.2,-4.6,0.0,0.0,0.0,0.0,1,16.6,33.5,203,Mainly clear,1,1,Sunny/Clear Conditions
67915,2021-07-10 12:50:00,40.788982,-73.93039,1,0,Unspecified,4445183,25.5,20.7,0.5,0.5,0.0,3.0,51,14.5,29.9,1,Drizzle: Light,1,1,
67916,2021-08-07 16:26:00,40.861862,-73.91275,2,0,Traffic Control Disregarded,4445266,29.7,19.9,0.0,0.0,0.0,0.0,3,24.2,45.0,198,Overcast,2,2,
67917,2021-08-07 00:00:00,40.690075,-73.91916,1,0,Following Too Closely,4444488,29.7,19.9,0.0,0.0,0.0,0.0,3,24.2,45.0,198,Overcast,1,1,
67918,2021-08-07 18:30:00,40.76041,-73.768295,0,0,Backing Unsafely,4444596,29.7,19.9,0.0,0.0,0.0,0.0,3,24.2,45.0,198,Overcast,0,0,
67919,2021-08-07 05:50:00,40.60984,-73.93123,1,0,Fell Asleep,4444448,29.7,19.9,0.0,0.0,0.0,0.0,3,24.2,45.0,198,Overcast,1,1,
67920,2021-08-07 15:30:00,40.757698,-73.9694,1,0,Driver Inattention/Distraction,4444568,29.7,19.9,0.0,0.0,0.0,0.0,3,24.2,45.0,198,Overcast,1,1,
67921,2021-08-06 00:34:00,40.659336,-73.92726,2,0,Unspecified,4445384,28.9,17.4,0.0,0.0,0.0,0.0,3,18.1,38.2,188,Overcast,2,2,
67922,2021-08-07 05:30:00,40.7558,-73.86156,1,0,Driver Inattention/Distraction,4444846,29.7,19.9,0.0,0.0,0.0,0.0,3,24.2,45.0,198,Overcast,1,1,
67923,2021-08-07 00:17:00,40.71312,-73.83376,0,0,Driver Inattention/Distraction,4444558,29.7,19.9,0.0,0.0,0.0,0.0,3,24.2,45.0,198,Overcast,0,0,
67924,2021-08-07 16:30:00,40.74099,-73.86563,0,0,Driver Inattention/Distraction,4445474,29.7,19.9,0.0,0.0,0.0,0.0,3,24.2,45.0,198,Overcast,0,0,
67925,2021-08-06 23:30:00,40.83121,-73.850876,0,0,Alcohol Involvement,4445231,28.9,17.4,0.0,0.0,0.0,0.0,3,18.1,38.2,188,Overcast,0,0,
67926,2021-08-07 22:39:00,40.75253,-73.94384,1,0,Turning Improperly,4445089,29.7,19.9,0.0,0.0,0.0,0.0,3,24.2,45.0,198,Overcast,1,1,
67927,2021-08-07 00:00:00,40.73174,-73.99147,0,0,Other Vehicular,4445509,29.7,19.9,0.0,0.0,0.0,0.0,3,24.2,45.0,198,Overcast,0,0,
67928,2021-08-07 22:33:00,40.75624,-73.87887,0,0,Turning Improperly,4444620,29.7,19.9,0.0,0.0,0.0,0.0,3,24.2,45.0,198,Overcast,0,0,
67929,2021-08-07 21:57:00,40.72009,-73.739555,0,0,Turning Improperly,4444958,29.7,19.9,0.0,0.0,0.0,0.0,3,24.2,45.0,198,Overcast,0,0,
67930,2021-08-07 12:50:00,40.82316,-73.937996,0,0,Unspecified,4445127,29.7,19.9,0.0,0.0,0.0,0.0,3,24.2,45.0,198,Overcast,0,0,
67931,2021-08-07 23:08:00,40.66767,-73.92845,0,0,Unsafe Speed,4444703,29.7,19.9,0.0,0.0,0.0,0.0,3,24.2,45.0,198,Overcast,0,0,
67932,2021-07-26 15:36:00,40.694096,-73.810814,0,0,Passing Too Closely,4445205,31.4,21.8,0.0,0.0,0.0,0.0,3,13.0,25.6,295,Overcast,0,0,
67933,2021-08-05 12:00:00,40.606358,-74.120926,1,0,Failure to Yield Right-of-Way,4445291,27.1,17.4,0.1,0.1,0.0,1.0,51,13.2,27.0,5,Drizzle: Light,1,1,
67934,2021-08-07 11:40:00,40.741863,-73.90751,1,0,Driver Inattention/Distraction,4444613,29.7,19.9,0.0,0.0,0.0,0.0,3,24.2,45.0,198,Overcast,1,1,
67935,2021-08-07 16:00:00,40.70963,-73.78656,0,0,Failure to Yield Right-of-Way,4445218,29.7,19.9,0.0,0.0,0.0,0.0,3,24.2,45.0,198,Overcast,0,0,
67936,2021-08-07 10:00:00,40.741154,-73.919106,0,0,Driver Inattention/Distraction,4444606,29.7,19.9,0.0,0.0,0.0,0.0,3,24.2,45.0,198,Overcast,0,0,
67937,2021-08-07 09:00:00,40.839676,-73.871216,0,0,Driver Inattention/Distraction,4444443,29.7,19.9,0.0,0.0,0.0,0.0,3,24.2,45.0,198,Overcast,0,0,
67938,2021-08-06 17:30:00,40.72921,-73.781166,0,0,Unspecified,4445241,28.9,17.4,0.0,0.0,0.0,0.0,3,18.1,38.2,188,Overcast,0,0,
67939,2021-08-06 19:28:00,40.6413,-73.95435,1,0,Unspecified,4445390,28.9,17.4,0.0,0.0,0.0,0.0,3,18.1,38.2,188,Overcast,1,1,
67940,2021-08-07 12:50:00,40.80684,-73.9275,1,0,Other Vehicular,4444535,29.7,19.9,0.0,0.0,0.0,0.0,3,24.2,45.0,198,Overcast,1,1,
67941,2021-08-07 10:30:00,40.644325,-73.95994,1,0,Unspecified,4444653,29.7,19.9,0.0,0.0,0.0,0.0,3,24.2,45.0,198,Overcast,1,1,
67942,2021-07-18 05:10:00,40.654133,-73.91234,1,0,Unspecified,4445374,28.4,23.1,12.4,12.4,0.0,10.0,63,19.6,39.2,232,Rain: Moderate,1,1,
67943,2021-08-07 08:55:00,40.704113,-73.94786,1,0,Unspecified,4445285,29.7,19.9,0.0,0.0,0.0,0.0,3,24.2,45.0,198,Overcast,1,1,
67944,2021-08-02 11:55:00,40.605278,-73.98114,1,0,Brakes Defective,4445188,26.4,17.2,0.0,0.0,0.0,0.0,3,18.4,37.4,313,Overcast,1,1,
67945,2021-08-07 15:58:00,40.579826,-73.97622,0,0,Failure to Yield Right-of-Way,4445499,29.7,19.9,0.0,0.0,0.0,0.0,3,24.2,45.0,198,Overcast,0,0,
67946,2021-08-07 05:26:00,40.832737,-73.90504,1,0,Unspecified,4444668,29.7,19.9,0.0,0.0,0.0,0.0,3,24.2,45.0,198,Overcast,1,1,
67947,2021-08-07 19:20:00,40.65142,-73.93716,0,0,Unspecified,4445395,29.7,19.9,0.0,0.0,0.0,0.0,3,24.2,45.0,198,Overcast,0,0,
67948,2021-08-07 16:46:00,40.721844,-73.89306,0,0,Passing or Lane Usage Improper,4444827,29.7,19.9,0.0,0.0,0.0,0.0,3,24.2,45.0,198,Overcast,0,0,
67949,2021-08-01 16:00:00,40.725803,-73.93694,0,0,Steering Failure,4445195,24.4,16.6,0.8,0.8,0.0,5.0,51,19.9,39.2,168,Drizzle: Light,0,0,
67950,2021-08-07 11:04:00,40.650948,-73.906,1,0,Unspecified,4444627,29.7,19.9,0.0,0.0,0.0,0.0,3,24.2,45.0,198,Overcast,1,1,
67951,2021-08-07 16:40:00,40.90861,-73.90172,1,0,Alcohol Involvement,4444590,29.7,19.9,0.0,0.0,0.0,0.0,3,24.2,45.0,198,Overcast,1,1,
67952,2021-08-07 08:15:00,40.821926,-73.853065,0,0,Unspecified,4445235,29.7,19.9,0.0,0.0,0.0,0.0,3,24.2,45.0,198,Overcast,0,0,
67953,2021-08-07 09:00:00,40.7152,-73.77847,0,0,Unspecified,4445249,29.7,19.9,0.0,0.0,0.0,0.0,3,24.2,45.0,198,Overcast,0,0,
67954,2021-08-07 23:48:00,40.6831,-73.93209,1,0,Driver Inexperience,4444945,29.7,19.9,0.0,0.0,0.0,0.0,3,24.2,45.0,198,Overcast,1,1,
67955,2021-08-07 19:00:00,40.806973,-73.937645,1,0,Traffic Control Disregarded,4445155,29.7,19.9,0.0,0.0,0.0,0.0,3,24.2,45.0,198,Overcast,1,1,
67956,2021-08-07 13:50:00,40.7107,-73.98471,0,0,Following Too Closely,4444697,29.7,19.9,0.0,0.0,0.0,0.0,3,24.2,45.0,198,Overcast,0,0,
67957,2021-07-29 17:00:00,40.698643,-73.94697,0,0,Passing or Lane Usage Improper,4445437,25.3,20.4,33.0,33.0,0.0,11.0,65,26.1,50.8,182,Rain: Heavy,0,0,
67958,2021-08-07 17:35:00,40.756718,-73.91422,1,0,Driver Inattention/Distraction,4444765,29.7,19.9,0.0,0.0,0.0,0.0,3,24.2,45.0,198,Overcast,1,1,
67959,2021-08-07 23:29:00,40.644035,-74.0131,0,0,Driver Inattention/Distraction,4445306,29.7,19.9,0.0,0.0,0.0,0.0,3,24.2,45.0,198,Overcast,0,0,
67960,2021-08-02 11:20:00,40.612797,-73.98162,0,0,Unspecified,4445209,26.4,17.2,0.0,0.0,0.0,0.0,3,18.4,37.4,313,Overcast,0,0,
67961,2021-08-03 14:10:00,40.65661,-73.93091,1,0,Driver Inattention/Distraction,4445377,24.2,15.3,0.0,0.0,0.0,0.0,3,10.7,21.2,7,Overcast,1,1,
67962,2021-08-07 22:15:00,40.858635,-73.846466,1,0,Driver Inattention/Distraction,4444797,29.7,19.9,0.0,0.0,0.0,0.0,3,24.2,45.0,198,Overcast,1,1,
67963,2021-08-02 13:00:00,40.71118,-73.80444,0,0,Unspecified,4445354,26.4,17.2,0.0,0.0,0.0,0.0,3,18.4,37.4,313,Overcast,0,0,
67964,2021-08-03 09:46:00,40.726707,-73.819084,0,0,Unspecified,4445213,24.2,15.3,0.0,0.0,0.0,0.0,3,10.7,21.2,7,Overcast,0,0,
67965,2021-08-07 09:00:00,40.72696,-73.95465,0,0,Unspecified,4445236,29.7,19.9,0.0,0.0,0.0,0.0,3,24.2,45.0,198,Overcast,0,0,
67966,2021-08-07 14:10:00,40.746178,-73.90813,0,0,Driver Inattention/Distraction,4444611,29.7,19.9,0.0,0.0,0.0,0.0,3,24.2,45.0,198,Overcast,0,0,
67967,2021-08-07 20:40:00,40.663727,-73.95386,1,0,Backing Unsafely,4445002,29.7,19.9,0.0,0.0,0.0,0.0,3,24.2,45.0,198,Overcast,1,1,
67968,2021-08-07 01:09:00,40.80761,-73.91341,1,0,Traffic Control Disregarded,4444526,29.7,19.9,0.0,0.0,0.0,0.0,3,24.2,45.0,198,Overcast,1,1,
67969,2021-08-07 21:18:00,40.8431,-73.84778,3,0,Unspecified,4444972,29.7,19.9,0.0,0.0,0.0,0.0,3,24.2,45.0,198,Overcast,3,3,
67970,2021-08-04 06:30:00,40.714542,-73.78124,0,0,Driver Inattention/Distraction,4445257,24.3,17.5,0.1,0.1,0.0,1.0,51,13.7,27.4,57,Drizzle: Light,0,0,
67971,2021-07-28 10:53:00,40.74743,-73.925476,0,0,Driver Inattention/Distraction,4445189,26.7,20.2,0.7,0.7,0.0,3.0,53,16.7,34.2,1,Drizzle: Moderate,0,0,
67972,2021-08-03 16:14:00,40.5861,-73.97128,0,0,Driver Inattention/Distraction,4445496,24.2,15.3,0.0,0.0,0.0,0.0,3,10.7,21.2,7,Overcast,0,0,
67973,2021-08-07 13:30:00,40.58425,-73.9638,1,0,Driver Inattention/Distraction,4444734,29.7,19.9,0.0,0.0,0.0,0.0,3,24.2,45.0,198,Overcast,1,1,
67974,2021-08-07 05:25:00,40.69103,-73.78079,0,0,Passing or Lane Usage Improper,4445142,29.7,19.9,0.0,0.0,0.0,0.0,3,24.2,45.0,198,Overcast,0,0,
67975,2021-08-07 22:32:00,40.750626,-73.87595,0,0,Following Too Closely,4444850,29.7,19.9,0.0,0.0,0.0,0.0,3,24.2,45.0,198,Overcast,0,0,
67976,2021-08-07 09:10:00,40.756107,-73.90071,0,0,Driver Inattention/Distraction,4444549,29.7,19.9,0.0,0.0,0.0,0.0,3,24.2,45.0,198,Overcast,0,0,
67977,2022-01-26 10:20:00,40.64401,-73.99189,0,0,Passing or Lane Usage Improper,4497688,-3.1,-8.0,0.0,0.0,0.0,0.0,0,20.5,39.6,328,Clear sky,0,0,Sunny/Clear Conditions
67978,2021-07-31 18:44:00,40.6802,-73.953285,1,0,Passenger Distraction,4445350,25.6,14.5,0.0,0.0,0.0,0.0,2,16.8,33.8,304,Partly cloudy,1,1,
67979,2021-08-07 08:00:00,40.795326,-73.9713,0,0,Backing Unsafely,4444465,29.7,19.9,0.0,0.0,0.0,0.0,3,24.2,45.0,198,Overcast,0,0,
67980,2021-08-07 20:30:00,40.731968,-73.88478,1,0,Driver Inattention/Distraction,4444874,29.7,19.9,0.0,0.0,0.0,0.0,3,24.2,45.0,198,Overcast,1,1,
67981,2021-08-07 23:30:00,40.75935,-73.750244,0,0,Unsafe Lane Changing,4444637,29.7,19.9,0.0,0.0,0.0,0.0,3,24.2,45.0,198,Overcast,0,0,
67982,2021-08-06 14:41:00,40.673965,-73.99998,1,0,Driver Inattention/Distraction,4445271,28.9,17.4,0.0,0.0,0.0,0.0,3,18.1,38.2,188,Overcast,1,1,
67983,2021-08-05 16:40:00,40.66435,-73.92906,1,0,Driver Inattention/Distraction,4445381,27.1,17.4,0.1,0.1,0.0,1.0,51,13.2,27.0,5,Drizzle: Light,1,1,
67984,2021-08-07 10:08:00,40.722313,-73.841545,0,0,Driver Inattention/Distraction,4444559,29.7,19.9,0.0,0.0,0.0,0.0,3,24.2,45.0,198,Overcast,0,0,
67985,2021-08-07 09:20:00,40.692078,-73.99123,0,0,Passing Too Closely,4444591,29.7,19.9,0.0,0.0,0.0,0.0,3,24.2,45.0,198,Overcast,0,0,
67986,2021-08-07 18:30:00,40.804066,-73.93117,0,0,Following Too Closely,4445161,29.7,19.9,0.0,0.0,0.0,0.0,3,24.2,45.0,198,Overcast,0,0,
67987,2021-08-07 11:52:00,40.889923,-73.85931,1,0,Driver Inattention/Distraction,4445060,29.7,19.9,0.0,0.0,0.0,0.0,3,24.2,45.0,198,Overcast,1,1,
67988,2021-08-07 02:40:00,40.887817,-73.83102,0,0,Alcohol Involvement,4445092,29.7,19.9,0.0,0.0,0.0,0.0,3,24.2,45.0,198,Overcast,0,0,
67989,2021-07-05 18:00:00,40.638138,-73.93572,0,0,Driver Inattention/Distraction,4445444,26.4,17.3,0.7,0.7,0.0,2.0,53,18.8,34.6,142,Drizzle: Moderate,0,0,
67990,2021-08-07 01:00:00,40.79653,-73.97597,0,0,Alcohol Involvement,4444463,29.7,19.9,0.0,0.0,0.0,0.0,3,24.2,45.0,198,Overcast,0,0,
67991,2021-08-07 18:30:00,40.768887,-73.90691,1,0,Driver Inattention/Distraction,4444758,29.7,19.9,0.0,0.0,0.0,0.0,3,24.2,45.0,198,Overcast,1,1,
67992,2021-08-06 13:00:00,40.714153,-73.85967,1,0,Unspecified,4445486,28.9,17.4,0.0,0.0,0.0,0.0,3,18.1,38.2,188,Overcast,1,1,
67993,2021-08-06 12:00:00,40.721474,-73.98383,1,0,Driver Inattention/Distraction,4445484,28.9,17.4,0.0,0.0,0.0,0.0,3,18.1,38.2,188,Overcast,1,1,
67994,2021-08-07 18:18:00,40.849453,-73.906006,1,0,Passing Too Closely,4444941,29.7,19.9,0.0,0.0,0.0,0.0,3,24.2,45.0,198,Overcast,1,1,
67995,2021-08-07 01:00:00,40.740017,-73.84565,0,0,Unspecified,4444599,29.7,19.9,0.0,0.0,0.0,0.0,3,24.2,45.0,198,Overcast,0,0,
67996,2021-08-07 14:30:00,40.643005,-74.00533,0,0,Unspecified,4445051,29.7,19.9,0.0,0.0,0.0,0.0,3,24.2,45.0,198,Overcast,0,0,
67997,2021-08-06 12:00:00,40.64854,-73.924255,2,0,Fell Asleep,4445385,28.9,17.4,0.0,0.0,0.0,0.0,3,18.1,38.2,188,Overcast,2,2,
67998,2021-08-05 06:32:00,40.711033,-73.7281,2,0,Unspecified,4445405,27.1,17.4,0.1,0.1,0.0,1.0,51,13.2,27.0,5,Drizzle: Light,2,2,
67999,2021-08-07 04:30:00,40.76113,-73.85851,0,0,Driver Inattention/Distraction,4444844,29.7,19.9,0.0,0.0,0.0,0.0,3,24.2,45.0,198,Overcast,0,0,
68000,2021-08-07 13:45:00,40.66712,-73.81228,1,0,Unsafe Lane Changing,4444541,29.7,19.9,0.0,0.0,0.0,0.0,3,24.2,45.0,198,Overcast,1,1,
68001,2021-08-06 09:34:00,40.71817,-73.82261,0,0,Unspecified,4445248,28.9,17.4,0.0,0.0,0.0,0.0,3,18.1,38.2,188,Overcast,0,0,
68002,2021-08-06 20:15:00,40.71927,-73.790306,0,0,Unspecified,4445221,28.9,17.4,0.0,0.0,0.0,0.0,3,18.1,38.2,188,Overcast,0,0,
68003,2021-08-07 10:20:00,40.635784,-73.95953,0,0,Traffic Control Disregarded,4444654,29.7,19.9,0.0,0.0,0.0,0.0,3,24.2,45.0,198,Overcast,0,0,
68004,2021-08-07 13:50:00,40.847965,-73.87145,0,0,Driver Inattention/Distraction,4444622,29.7,19.9,0.0,0.0,0.0,0.0,3,24.2,45.0,198,Overcast,0,0,
68005,2021-08-07 03:53:00,40.67815,-73.84869,0,0,Driver Inattention/Distraction,4445180,29.7,19.9,0.0,0.0,0.0,0.0,3,24.2,45.0,198,Overcast,0,0,
68006,2021-08-07 16:20:00,40.70569,-73.806145,0,0,Passing or Lane Usage Improper,4445204,29.7,19.9,0.0,0.0,0.0,0.0,3,24.2,45.0,198,Overcast,0,0,
68007,2021-08-07 17:00:00,40.576275,-73.98796,0,0,Driver Inattention/Distraction,4444672,29.7,19.9,0.0,0.0,0.0,0.0,3,24.2,45.0,198,Overcast,0,0,
68008,2021-08-07 10:58:00,40.650642,-73.92161,0,0,Unspecified,4445391,29.7,19.9,0.0,0.0,0.0,0.0,3,24.2,45.0,198,Overcast,0,0,
68009,2021-08-07 16:06:00,40.809284,-73.92927,0,0,Unspecified,4444536,29.7,19.9,0.0,0.0,0.0,0.0,3,24.2,45.0,198,Overcast,0,0,
68010,2021-07-31 13:20:00,40.651325,-73.93906,0,0,Unspecified,4445375,25.6,14.5,0.0,0.0,0.0,0.0,2,16.8,33.8,304,Partly cloudy,0,0,
68011,2021-08-07 09:00:00,40.695114,-73.911865,0,0,Driver Inattention/Distraction,4444486,29.7,19.9,0.0,0.0,0.0,0.0,3,24.2,45.0,198,Overcast,0,0,
68012,2021-08-07 16:43:00,40.865353,-73.89494,1,0,Alcohol Involvement,4445265,29.7,19.9,0.0,0.0,0.0,0.0,3,24.2,45.0,198,Overcast,1,1,
68013,2021-08-07 08:36:00,40.845966,-73.89224,1,0,Driver Inattention/Distraction,4445121,29.7,19.9,0.0,0.0,0.0,0.0,3,24.2,45.0,198,Overcast,1,1,
68014,2021-08-07 17:46:00,0.0,0.0,0,0,Following Too Closely,4444569,29.7,19.9,0.0,0.0,0.0,0.0,3,24.2,45.0,198,Overcast,0,0,
68015,2021-08-07 00:42:00,40.662506,-73.90929,1,0,Driver Inexperience,4444704,29.7,19.9,0.0,0.0,0.0,0.0,3,24.2,45.0,198,Overcast,1,1,
68016,2021-08-07 07:50:00,40.719624,-73.91132,0,0,Oversized Vehicle,4444820,29.7,19.9,0.0,0.0,0.0,0.0,3,24.2,45.0,198,Overcast,0,0,
68017,2021-08-07 01:30:00,40.853718,-73.86483,0,0,Unspecified,4444444,29.7,19.9,0.0,0.0,0.0,0.0,3,24.2,45.0,198,Overcast,0,0,
68018,2021-07-30 11:30:00,40.819523,-73.848145,0,0,Unspecified,4445345,27.6,19.1,0.0,0.0,0.0,0.0,1,24.2,45.7,310,Mainly clear,0,0,Sunny/Clear Conditions
68019,2021-08-07 18:15:00,40.830936,-73.91241,2,0,Pedestrian/Bicyclist/Other Pedestrian Error/Confusion,4444723,29.7,19.9,0.0,0.0,0.0,0.0,3,24.2,45.0,198,Overcast,2,2,
68020,2021-08-07 14:30:00,40.602455,-73.99929,0,0,Unspecified,4444574,29.7,19.9,0.0,0.0,0.0,0.0,3,24.2,45.0,198,Overcast,0,0,
68021,2021-08-06 13:45:00,40.730885,-73.9479,1,0,Failure to Yield Right-of-Way,4445230,28.9,17.4,0.0,0.0,0.0,0.0,3,18.1,38.2,188,Overcast,1,1,
68022,2021-08-07 19:55:00,40.823082,-73.86722,0,0,Turning Improperly,4445242,29.7,19.9,0.0,0.0,0.0,0.0,3,24.2,45.0,198,Overcast,0,0,