,CRASH DATETIME,LATITUDE,LONGITUDE,NUMBER OF PERSONS INJURED,NUMBER OF PERSONS KILLED,CONTRIBUTING FACTOR VEHICLE 1,COLLISION_ID,temperature_2m_max,temperature_2m_min,precipitation_sum,rain_sum,snowfall_sum,precipitation_hours,weather_code,wind_speed_10m_max,wind_gusts_10m_max,wind_direction_10m_dominant,Weather Description,Severity_Score,Total_Affected_Persons,Weather_Category
68023,2021-08-03 09:20:00,40.604618,-74.02771,2,0,Following Too Closely,4445186,24.2,15.3,0.0,0.0,0.0,0.0,3,10.7,21.2,7,Overcast,2,2,
68024,2021-08-07 17:10:00,40.701466,-73.95198,1,0,Passing or Lane Usage Improper,4445286,29.7,19.9,0.0,0.0,0.0,0.0,3,24.2,45.0,198,Overcast,1,1,
68025,2021-07-26 08:23:00,40.64052,-74.171295,0,0,Following Too Closely,4445501,31.4,21.8,0.0,0.0,0.0,0.0,3,13.0,25.6,295,Overcast,0,0,
68026,2021-08-07 18:00:00,40.66353,-73.734535,0,0,Unspecified,4444615,29.7,19.9,0.0,0.0,0.0,0.0,3,24.2,45.0,198,Overcast,0,0,
68027,2021-07-20 22:05:00,40.721363,-73.97772,0,0,Passing Too Closely,4445196,30.9,21.1,0.0,0.0,0.0,0.0,1,13.3,26.6,283,Mainly clear,0,0,Sunny/Clear Conditions
68028,2021-08-05 10:26:00,40.72708,-73.94284,0,0,Passing or Lane Usage Improper,4445325,27.1,17.4,0.1,0.1,0.0,1.0,51,13.2,27.0,5,Drizzle: Light,0,0,
68029,2021-08-07 12:00:00,40.69365,-73.98333,1,0,Driver Inattention/Distraction,4444927,29.7,19.9,0.0,0.0,0.0,0.0,3,24.2,45.0,198,Overcast,1,1,
68030,2021-08-04 19:12:00,40.717033,-73.8221,0,0,Unspecified,4445357,24.3,17.5,0.1,0.1,0.0,1.0,51,13.7,27.4,57,Drizzle: Light,0,0,
68031,2021-08-06 13:55:00,40.6559,-73.91433,2,0,Unspecified,4445386,28.9,17.4,0.0,0.0,0.0,0.0,3,18.1,38.2,188,Overcast,2,2,
68032,2021-08-07 17:08:00,40.815975,-73.91102,1,0,Failure to Yield Right-of-Way,4444527,29.7,19.9,0.0,0.0,0.0,0.0,3,24.2,45.0,198,Overcast,1,1,
68033,2021-08-07 23:55:00,40.6628,-73.94001,0,0,Driver Inattention/Distraction,4445003,29.7,19.9,0.0,0.0,0.0,0.0,3,24.2,45.0,198,Overcast,0,0,
68034,2021-08-07 10:09:00,40.686756,-73.9938,1,0,Passing Too Closely,4445270,29.7,19.9,0.0,0.0,0.0,0.0,3,24.2,45.0,198,Overcast,1,1,
68035,2021-08-07 09:30:00,40.59213,-73.79509,0,0,Unspecified,4444857,29.7,19.9,0.0,0.0,0.0,0.0,3,24.2,45.0,198,Overcast,0,0,
68036,2021-08-07 12:50:00,40.781647,-73.8367,1,0,Following Too Closely,4444497,29.7,19.9,0.0,0.0,0.0,0.0,3,24.2,45.0,198,Overcast,1,1,
68037,2021-08-07 16:00:00,40.78214,-73.824844,0,0,Unspecified,4444560,29.7,19.9,0.0,0.0,0.0,0.0,3,24.2,45.0,198,Overcast,0,0,
68038,2021-08-07 13:30:00,40.676487,-73.79693,0,0,Passing Too Closely,4445132,29.7,19.9,0.0,0.0,0.0,0.0,3,24.2,45.0,198,Overcast,0,0,
68039,2021-08-07 05:54:00,40.87787,-73.8701,1,0,Fell Asleep,4445094,29.7,19.9,0.0,0.0,0.0,0.0,3,24.2,45.0,198,Overcast,1,1,
68040,2021-08-07 12:30:00,40.70713,-73.90327,0,0,Backing Unsafely,4444470,29.7,19.9,0.0,0.0,0.0,0.0,3,24.2,45.0,198,Overcast,0,0,
68041,2021-07-20 18:00:00,40.711166,-73.9489,1,0,Driver Inattention/Distraction,4445287,30.9,21.1,0.0,0.0,0.0,0.0,1,13.3,26.6,283,Mainly clear,1,1,Sunny/Clear Conditions
68042,2021-08-04 21:37:00,40.63692,-73.93752,3,0,Driver Inattention/Distraction,4445376,24.3,17.5,0.1,0.1,0.0,1.0,51,13.7,27.4,57,Drizzle: Light,3,3,
68043,2021-08-05 08:30:00,40.736015,-73.81054,2,0,Unspecified,4445192,27.1,17.4,0.1,0.1,0.0,1.0,51,13.2,27.0,5,Drizzle: Light,2,2,
68044,2021-08-03 12:45:00,40.722782,-73.74209,0,0,Turning Improperly,4445404,24.2,15.3,0.0,0.0,0.0,0.0,3,10.7,21.2,7,Overcast,0,0,
68045,2021-08-07 12:10:00,40.75455,-73.74317,1,0,Unsafe Speed,4444687,29.7,19.9,0.0,0.0,0.0,0.0,3,24.2,45.0,198,Overcast,1,1,
68046,2021-08-04 23:55:00,40.780464,-73.94404,0,0,Driver Inattention/Distraction,4445234,24.3,17.5,0.1,0.1,0.0,1.0,51,13.7,27.4,57,Drizzle: Light,0,0,
68047,2021-08-07 15:15:00,40.721943,-73.95545,0,0,Unspecified,4445237,29.7,19.9,0.0,0.0,0.0,0.0,3,24.2,45.0,198,Overcast,0,0,
68048,2021-08-07 05:53:00,40.741344,-73.95459,0,0,Driver Inattention/Distraction,4444426,29.7,19.9,0.0,0.0,0.0,0.0,3,24.2,45.0,198,Overcast,0,0,
68049,2021-07-29 18:13:00,40.6892,-73.95716,0,0,Passing Too Closely,4445349,25.3,20.4,33.0,33.0,0.0,11.0,65,26.1,50.8,182,Rain: Heavy,0,0,
68050,2021-08-07 17:30:00,40.753468,-73.91355,1,0,Driver Inattention/Distraction,4444757,29.7,19.9,0.0,0.0,0.0,0.0,3,24.2,45.0,198,Overcast,1,1,
68051,2022-01-26 08:30:00,40.624596,-73.9445,2,0,Traffic Control Disregarded,4497575,-3.1,-8.0,0.0,0.0,0.0,0.0,0,20.5,39.6,328,Clear sky,2,2,Sunny/Clear Conditions
68052,2021-08-01 05:00:00,40.776947,-73.952415,1,0,Unsafe Lane Changing,4445495,24.4,16.6,0.8,0.8,0.0,5.0,51,19.9,39.2,168,Drizzle: Light,1,1,
68053,2021-08-07 18:35:00,40.736496,-73.909225,1,0,Failure to Yield Right-of-Way,4444610,29.7,19.9,0.0,0.0,0.0,0.0,3,24.2,45.0,198,Overcast,1,1,
68054,2021-08-07 10:57:00,40.732243,-73.87013,1,0,Driver Inattention/Distraction,4445146,29.7,19.9,0.0,0.0,0.0,0.0,3,24.2,45.0,198,Overcast,1,1,
68055,2021-08-07 07:55:00,40.73938,-74.00995,3,0,Unsafe Speed,4444636,29.7,19.9,0.0,0.0,0.0,0.0,3,24.2,45.0,198,Overcast,3,3,
68056,2021-08-04 18:20:00,40.717033,-73.8221,0,0,Unspecified,4445447,24.3,17.5,0.1,0.1,0.0,1.0,51,13.7,27.4,57,Drizzle: Light,0,0,
68057,2021-08-07 03:21:00,40.75892,-73.92566,1,0,Traffic Control Disregarded,4444768,29.7,19.9,0.0,0.0,0.0,0.0,3,24.2,45.0,198,Overcast,1,1,
68058,2021-08-07 00:00:00,40.683235,-73.87368,0,0,Aggressive Driving/Road Rage,4444458,29.7,19.9,0.0,0.0,0.0,0.0,3,24.2,45.0,198,Overcast,0,0,
68059,2021-08-07 04:04:00,40.576157,-73.98902,1,0,Traffic Control Disregarded,4444979,29.7,19.9,0.0,0.0,0.0,0.0,3,24.2,45.0,198,Overcast,1,1,
68060,2021-08-07 21:00:00,40.880825,-73.85158,3,0,Unsafe Speed,4445163,29.7,19.9,0.0,0.0,0.0,0.0,3,24.2,45.0,198,Overcast,3,3,
68061,2021-08-07 19:15:00,40.627464,-73.89956,0,0,Driver Inexperience,4444592,29.7,19.9,0.0,0.0,0.0,0.0,3,24.2,45.0,198,Overcast,0,0,
68062,2021-08-07 17:40:00,40.658203,-73.75397,3,0,Driver Inattention/Distraction,4444578,29.7,19.9,0.0,0.0,0.0,0.0,3,24.2,45.0,198,Overcast,3,3,
68063,2021-08-07 16:50:00,40.85808,-73.883934,0,0,Driver Inattention/Distraction,4445062,29.7,19.9,0.0,0.0,0.0,0.0,3,24.2,45.0,198,Overcast,0,0,
68064,2021-08-07 15:19:00,40.75455,-73.74317,0,0,Following Too Closely,4445303,29.7,19.9,0.0,0.0,0.0,0.0,3,24.2,45.0,198,Overcast,0,0,
68065,2021-08-07 20:44:00,40.67934,-73.74584,0,0,Unspecified,4444626,29.7,19.9,0.0,0.0,0.0,0.0,3,24.2,45.0,198,Overcast,0,0,
68066,2021-08-07 17:30:00,40.665554,-73.91014,1,0,Turning Improperly,4444701,29.7,19.9,0.0,0.0,0.0,0.0,3,24.2,45.0,198,Overcast,1,1,
68067,2021-08-03 16:40:00,40.73854,-73.80089,0,0,Unsafe Speed,4445256,24.2,15.3,0.0,0.0,0.0,0.0,3,10.7,21.2,7,Overcast,0,0,
68068,2021-08-04 03:15:00,40.731407,-73.77213,0,0,Unspecified,4445215,24.3,17.5,0.1,0.1,0.0,1.0,51,13.7,27.4,57,Drizzle: Light,0,0,
68069,2021-08-07 14:46:00,40.64421,-73.94886,1,0,Unspecified,4445394,29.7,19.9,0.0,0.0,0.0,0.0,3,24.2,45.0,198,Overcast,1,1,
68070,2021-08-07 10:00:00,40.728825,-73.98642,0,0,Unspecified,4445485,29.7,19.9,0.0,0.0,0.0,0.0,3,24.2,45.0,198,Overcast,0,0,
68071,2021-08-07 14:30:00,40.576626,-73.98478,1,0,Driver Inattention/Distraction,4444733,29.7,19.9,0.0,0.0,0.0,0.0,3,24.2,45.0,198,Overcast,1,1,
68072,2021-08-07 23:00:00,40.718502,-73.73527,1,0,Failure to Yield Right-of-Way,4444616,29.7,19.9,0.0,0.0,0.0,0.0,3,24.2,45.0,198,Overcast,1,1,
68073,2021-08-05 16:25:00,40.653625,-73.920906,1,0,Unspecified,4445380,27.1,17.4,0.1,0.1,0.0,1.0,51,13.2,27.0,5,Drizzle: Light,1,1,
68074,2021-08-05 19:56:00,40.85866,-73.90374,0,0,Backing Unsafely,4445197,27.1,17.4,0.1,0.1,0.0,1.0,51,13.2,27.0,5,Drizzle: Light,0,0,
68075,2021-07-30 21:05:00,40.586815,-74.1639,0,0,Driver Inattention/Distraction,4445208,27.6,19.1,0.0,0.0,0.0,0.0,1,24.2,45.7,310,Mainly clear,0,0,Sunny/Clear Conditions
68076,2021-08-02 07:30:00,40.745384,-73.76879,0,0,Failure to Yield Right-of-Way,4445226,26.4,17.2,0.0,0.0,0.0,0.0,3,18.4,37.4,313,Overcast,0,0,
68077,2021-08-07 19:29:00,40.6527,-73.96355,0,0,Unspecified,4444655,29.7,19.9,0.0,0.0,0.0,0.0,3,24.2,45.0,198,Overcast,0,0,
68078,2022-01-26 06:30:00,40.70947,-73.74581,0,0,Unspecified,4497544,-3.1,-8.0,0.0,0.0,0.0,0.0,0,20.5,39.6,328,Clear sky,0,0,Sunny/Clear Conditions
68079,2022-01-27 14:50:00,40.725792,-74.01103,0,0,Unspecified,4497944,-0.3,-9.6,0.0,0.0,0.0,0.0,3,18.7,37.1,184,Overcast,0,0,
68080,2022-01-27 09:50:00,40.702255,-73.92008,0,0,Driver Inexperience,4497787,-0.3,-9.6,0.0,0.0,0.0,0.0,3,18.7,37.1,184,Overcast,0,0,
68081,2022-01-26 08:20:00,40.64503,-73.91998,1,0,Unspecified,4497839,-3.1,-8.0,0.0,0.0,0.0,0.0,0,20.5,39.6,328,Clear sky,1,1,Sunny/Clear Conditions
68082,2022-01-26 23:07:00,40.661037,-73.99744,0,0,Pedestrian/Bicyclist/Other Pedestrian Error/Confusion,4497705,-3.1,-8.0,0.0,0.0,0.0,0.0,0,20.5,39.6,328,Clear sky,0,0,Sunny/Clear Conditions
68083,2022-01-26 15:48:00,40.79,-73.952156,0,0,Failure to Yield Right-of-Way,4497759,-3.1,-8.0,0.0,0.0,0.0,0.0,0,20.5,39.6,328,Clear sky,0,0,Sunny/Clear Conditions
68084,2022-01-26 09:42:00,40.7431,-73.974014,2,0,Brakes Defective,4497539,-3.1,-8.0,0.0,0.0,0.0,0.0,0,20.5,39.6,328,Clear sky,2,2,Sunny/Clear Conditions
68085,2022-01-26 02:58:00,40.752403,-73.92442,0,0,Following Too Closely,4497411,-3.1,-8.0,0.0,0.0,0.0,0.0,0,20.5,39.6,328,Clear sky,0,0,Sunny/Clear Conditions
68086,2022-01-26 18:40:00,40.67944,-73.89714,1,0,Following Too Closely,4497640,-3.1,-8.0,0.0,0.0,0.0,0.0,0,20.5,39.6,328,Clear sky,1,1,Sunny/Clear Conditions
68087,2022-01-27 16:50:00,40.8327,-73.950226,0,0,Driver Inattention/Distraction,4497981,-0.3,-9.6,0.0,0.0,0.0,0.0,3,18.7,37.1,184,Overcast,0,0,
68088,2022-01-26 13:05:00,40.862602,-73.92028,0,0,Driver Inattention/Distraction,4497715,-3.1,-8.0,0.0,0.0,0.0,0.0,0,20.5,39.6,328,Clear sky,0,0,Sunny/Clear Conditions
68089,2022-01-26 18:15:00,40.7171,-73.74077,0,0,Unspecified,4497605,-3.1,-8.0,0.0,0.0,0.0,0.0,0,20.5,39.6,328,Clear sky,0,0,Sunny/Clear Conditions
68090,2022-01-27 12:44:00,40.748993,-73.89687,0,0,Driver Inattention/Distraction,4497916,-0.3,-9.6,0.0,0.0,0.0,0.0,3,18.7,37.1,184,Overcast,0,0,
68091,2022-01-26 12:34:00,40.659092,-73.9852,0,0,Other Vehicular,4497929,-3.1,-8.0,0.0,0.0,0.0,0.0,0,20.5,39.6,328,Clear sky,0,0,Sunny/Clear Conditions
68092,2022-01-27 13:50:00,40.850166,-73.93576,0,0,Other Vehicular,4497869,-0.3,-9.6,0.0,0.0,0.0,0.0,3,18.7,37.1,184,Overcast,0,0,
68093,2022-01-27 19:25:00,40.771076,-73.947586,0,0,Outside Car Distraction,4497961,-0.3,-9.6,0.0,0.0,0.0,0.0,3,18.7,37.1,184,Overcast,0,0,
68094,2022-07-06 17:30:00,40.686646,-73.78471,0,0,Following Too Closely,4544089,31.6,21.7,0.2,0.2,0.0,1.0,51,19.0,37.1,299,Drizzle: Light,0,0,
68095,2022-01-26 15:32:00,40.668797,-73.93113,1,0,Driver Inattention/Distraction,4497881,-3.1,-8.0,0.0,0.0,0.0,0.0,0,20.5,39.6,328,Clear sky,1,1,Sunny/Clear Conditions
68096,2022-01-26 17:45:00,40.842854,-73.85,1,0,Driver Inattention/Distraction,4497978,-3.1,-8.0,0.0,0.0,0.0,0.0,0,20.5,39.6,328,Clear sky,1,1,Sunny/Clear Conditions
68097,2022-01-26 11:30:00,40.69407,-73.821236,0,0,Passing Too Closely,4497776,-3.1,-8.0,0.0,0.0,0.0,0.0,0,20.5,39.6,328,Clear sky,0,0,Sunny/Clear Conditions
68098,2022-01-26 10:30:00,40.809155,-73.90377,0,0,Driver Inexperience,4497563,-3.1,-8.0,0.0,0.0,0.0,0.0,0,20.5,39.6,328,Clear sky,0,0,Sunny/Clear Conditions
68099,2022-01-27 10:20:00,40.862114,-73.863625,0,0,Backing Unsafely,4497806,-0.3,-9.6,0.0,0.0,0.0,0.0,3,18.7,37.1,184,Overcast,0,0,
68100,2022-01-27 11:50:00,40.670025,-73.84787,2,0,Following Too Closely,4497948,-0.3,-9.6,0.0,0.0,0.0,0.0,3,18.7,37.1,184,Overcast,2,2,
68101,2022-01-26 14:58:00,40.862743,-73.905106,0,0,Passing or Lane Usage Improper,4497770,-3.1,-8.0,0.0,0.0,0.0,0.0,0,20.5,39.6,328,Clear sky,0,0,Sunny/Clear Conditions
68102,2022-01-26 12:53:00,40.76095,-73.832756,1,0,Failure to Yield Right-of-Way,4497552,-3.1,-8.0,0.0,0.0,0.0,0.0,0,20.5,39.6,328,Clear sky,1,1,Sunny/Clear Conditions
68103,2022-01-26 08:11:00,40.880333,-73.846146,1,0,Driver Inattention/Distraction,4497598,-3.1,-8.0,0.0,0.0,0.0,0.0,0,20.5,39.6,328,Clear sky,1,1,Sunny/Clear Conditions
68104,2022-01-27 11:42:00,40.743187,-73.97207,0,0,Driver Inattention/Distraction,4497843,-0.3,-9.6,0.0,0.0,0.0,0.0,3,18.7,37.1,184,Overcast,0,0,
68105,2022-01-26 17:09:00,40.653805,-73.93061,0,0,Unspecified,4497836,-3.1,-8.0,0.0,0.0,0.0,0.0,0,20.5,39.6,328,Clear sky,0,0,Sunny/Clear Conditions
68106,2022-01-26 07:15:00,40.669456,-73.86284,0,0,Traffic Control Disregarded,4497524,-3.1,-8.0,0.0,0.0,0.0,0.0,0,20.5,39.6,328,Clear sky,0,0,Sunny/Clear Conditions
68107,2022-01-26 17:15:00,40.700695,-73.7832,0,0,Unspecified,4497872,-3.1,-8.0,0.0,0.0,0.0,0.0,0,20.5,39.6,328,Clear sky,0,0,Sunny/Clear Conditions
68108,2022-01-26 08:51:00,40.628998,-73.95703,1,0,Driver Inattention/Distraction,4497693,-3.1,-8.0,0.0,0.0,0.0,0.0,0,20.5,39.6,328,Clear sky,1,1,Sunny/Clear Conditions
68109,2022-01-27 00:09:00,40.759308,-73.9653,0,0,Turning Improperly,4497921,-0.3,-9.6,0.0,0.0,0.0,0.0,3,18.7,37.1,184,Overcast,0,0,
68110,2022-01-26 17:00:00,40.638756,-74.019554,0,0,Unspecified,4497924,-3.1,-8.0,0.0,0.0,0.0,0.0,0,20.5,39.6,328,Clear sky,0,0,Sunny/Clear Conditions
68111,2021-10-12 00:00:00,40.6657792,-73.9194119,0,0,Unsafe Lane Changing,4470212,21.6,15.2,0.0,0.0,0.0,0.0,3,11.8,23.8,81,Overcast,0,0,
68112,2022-01-26 01:16:00,40.65418,-73.91072,0,0,Other Vehicular,4497371,-3.1,-8.0,0.0,0.0,0.0,0.0,0,20.5,39.6,328,Clear sky,0,0,Sunny/Clear Conditions
68113,2022-01-26 16:15:00,40.757065,-74.00106,2,0,Failure to Yield Right-of-Way,4497752,-3.1,-8.0,0.0,0.0,0.0,0.0,0,20.5,39.6,328,Clear sky,2,2,Sunny/Clear Conditions
68114,2022-01-26 19:30:00,40.665142,-73.88557,0,0,Unspecified,4497646,-3.1,-8.0,0.0,0.0,0.0,0.0,0,20.5,39.6,328,Clear sky,0,0,Sunny/Clear Conditions
68115,2022-01-27 10:38:00,40.691307,-73.91326,0,0,Driver Inexperience,4497852,-0.3,-9.6,0.0,0.0,0.0,0.0,3,18.7,37.1,184,Overcast,0,0,
68116,2022-07-07 16:12:00,40.65447,-73.96292,1,0,Unspecified,4544701,27.5,20.1,0.0,0.0,0.0,0.0,3,19.1,37.4,110,Overcast,1,1,
68117,2022-01-27 16:30:00,40.765335,-73.90612,0,0,Traffic Control Disregarded,4497974,-0.3,-9.6,0.0,0.0,0.0,0.0,3,18.7,37.1,184,Overcast,0,0,
68118,2022-01-26 20:48:00,40.693737,-73.89675,0,0,Unspecified,4497742,-3.1,-8.0,0.0,0.0,0.0,0.0,0,20.5,39.6,328,Clear sky,0,0,Sunny/Clear Conditions
68119,2021-10-19 10:15:00,40.8441132,-73.8979996,0,0,Driver Inattention/Distraction,4470221,19.1,8.3,0.0,0.0,0.0,0.0,1,24.6,45.0,272,Mainly clear,0,0,Sunny/Clear Conditions
68120,2022-01-26 07:43:00,40.889294,-73.849495,0,0,Unspecified,4497592,-3.1,-8.0,0.0,0.0,0.0,0.0,0,20.5,39.6,328,Clear sky,0,0,Sunny/Clear Conditions
68121,2021-10-18 09:35:00,40.6655296,-73.7446592,1,0,Unspecified,4470223,15.8,9.2,0.0,0.0,0.0,0.0,2,32.4,58.3,296,Partly cloudy,1,1,
68122,2022-01-26 07:39:00,40.78586,-73.94301,0,0,Glare,4497501,-3.1,-8.0,0.0,0.0,0.0,0.0,0,20.5,39.6,328,Clear sky,0,0,Sunny/Clear Conditions
68123,2022-01-27 08:37:00,40.76049,-73.767525,1,0,Failure to Yield Right-of-Way,4497798,-0.3,-9.6,0.0,0.0,0.0,0.0,3,18.7,37.1,184,Overcast,1,1,
68124,2021-10-24 00:11:00,40.7621801,-73.7567895,0,0,Following Too Closely,4470226,15.5,7.6,0.7,0.7,0.0,1.0,53,13.0,23.8,248,Drizzle: Moderate,0,0,
68125,2021-10-08 19:00:00,40.8324089,-73.8663164,0,0,Unspecified,4470227,23.7,14.5,0.0,0.0,0.0,0.0,3,13.0,22.3,94,Overcast,0,0,
68126,2022-01-27 12:14:00,40.88517,-73.90733,2,0,Unspecified,4497858,-0.3,-9.6,0.0,0.0,0.0,0.0,3,18.7,37.1,184,Overcast,2,2,
68127,2021-07-07 00:00:00,40.6957911,-73.933119,0,0,Passing or Lane Usage Improper,4470229,31.4,22.2,1.4,1.4,0.0,6.0,53,17.4,37.8,213,Drizzle: Moderate,0,0,
68128,2022-01-26 16:42:00,40.670116,-73.92248,0,0,Unspecified,4497626,-3.1,-8.0,0.0,0.0,0.0,0.0,0,20.5,39.6,328,Clear sky,0,0,Sunny/Clear Conditions
68129,2022-01-26 14:30:00,40.8492,-73.82716,0,0,Driver Inattention/Distraction,4497616,-3.1,-8.0,0.0,0.0,0.0,0.0,0,20.5,39.6,328,Clear sky,0,0,Sunny/Clear Conditions
68130,2022-01-27 22:40:00,40.70113,-73.96087,0,0,Passing or Lane Usage Improper,4497967,-0.3,-9.6,0.0,0.0,0.0,0.0,3,18.7,37.1,184,Overcast,0,0,
68131,2022-01-26 17:55:00,40.707405,-73.959946,0,0,Turning Improperly,4497667,-3.1,-8.0,0.0,0.0,0.0,0.0,0,20.5,39.6,328,Clear sky,0,0,Sunny/Clear Conditions
68132,2022-01-26 11:00:00,40.647434,-74.006645,0,0,Unspecified,4497698,-3.1,-8.0,0.0,0.0,0.0,0.0,0,20.5,39.6,328,Clear sky,0,0,Sunny/Clear Conditions
68133,2022-01-27 12:00:00,40.684277,-73.78302,1,0,Failure to Yield Right-of-Way,4497905,-0.3,-9.6,0.0,0.0,0.0,0.0,3,18.7,37.1,184,Overcast,1,1,
68134,2022-01-26 14:04:00,40.59814,-73.983574,4,0,Driver Inattention/Distraction,4497719,-3.1,-8.0,0.0,0.0,0.0,0.0,0,20.5,39.6,328,Clear sky,4,4,Sunny/Clear Conditions
68135,2022-01-27 17:02:00,40.763245,-73.75806,0,0,Following Too Closely,4497883,-0.3,-9.6,0.0,0.0,0.0,0.0,3,18.7,37.1,184,Overcast,0,0,
68136,2022-01-27 15:48:00,40.699627,-73.923836,0,0,Other Vehicular,4497896,-0.3,-9.6,0.0,0.0,0.0,0.0,3,18.7,37.1,184,Overcast,0,0,
68137,2022-01-27 15:35:00,40.693314,-73.92496,0,0,Following Too Closely,4497911,-0.3,-9.6,0.0,0.0,0.0,0.0,3,18.7,37.1,184,Overcast,0,0,
68138,2021-10-20 15:20:00,40.8387658,-73.8828978,0,0,Driver Inattention/Distraction,4470245,24.1,13.8,0.0,0.0,0.0,0.0,3,21.6,37.1,276,Overcast,0,0,
68139,2022-01-26 14:49:00,40.840225,-73.91769,0,0,Driver Inexperience,4497682,-3.1,-8.0,0.0,0.0,0.0,0.0,0,20.5,39.6,328,Clear sky,0,0,Sunny/Clear Conditions
68140,2022-02-21 00:55:00,40.8399,-73.87562,1,0,Following Too Closely,4504741,9.9,-1.9,0.0,0.0,0.0,0.0,3,19.2,35.3,192,Overcast,1,1,
68141,2022-02-21 04:50:00,40.68747,-73.794785,1,0,Failure to Yield Right-of-Way,4504385,9.9,-1.9,0.0,0.0,0.0,0.0,3,19.2,35.3,192,Overcast,1,1,
68142,2022-02-12 04:00:00,40.756416,-73.88649,0,0,Driver Inattention/Distraction,4505076,13.1,5.9,0.0,0.0,0.0,0.0,3,25.0,44.3,252,Overcast,0,0,
68143,2022-02-20 11:15:00,40.867,-73.89776,0,0,Failure to Yield Right-of-Way,4505006,2.4,-6.6,0.0,0.0,0.0,0.0,3,23.4,44.3,250,Overcast,0,0,
68144,2021-10-23 03:35:00,40.7087741,-73.9981114,1,0,Alcohol Involvement,4470252,15.9,10.4,0.2,0.2,0.0,2.0,51,14.4,26.6,326,Drizzle: Light,1,1,
68145,2022-02-15 17:25:00,40.545456,-74.23052,0,0,Failure to Yield Right-of-Way,4504961,-0.2,-9.2,0.0,0.0,0.0,0.0,3,12.9,28.4,276,Overcast,0,0,
68146,2022-02-21 03:20:00,40.672176,-73.89397,0,0,Following Too Closely,4504570,9.9,-1.9,0.0,0.0,0.0,0.0,3,19.2,35.3,192,Overcast,0,0,
68147,2022-02-21 15:05:00,40.62332,-73.99713,0,0,Illnes,4504610,9.9,-1.9,0.0,0.0,0.0,0.0,3,19.2,35.3,192,Overcast,0,0,
68148,2022-02-21 04:30:00,40.626328,-74.03284,0,0,Driver Inattention/Distraction,4504497,9.9,-1.9,0.0,0.0,0.0,0.0,3,19.2,35.3,192,Overcast,0,0,
68149,2022-02-10 20:33:00,40.748356,-74.00369,0,0,Following Too Closely,4504968,10.8,-0.2,0.0,0.0,0.0,0.0,3,32.6,59.4,244,Overcast,0,0,
68150,2022-02-20 00:18:00,40.74577,-73.97043,1,0,Following Too Closely,4505020,2.4,-6.6,0.0,0.0,0.0,0.0,3,23.4,44.3,250,Overcast,1,1,
68151,2022-02-21 10:43:00,40.671787,-73.95311,0,0,Driver Inattention/Distraction,4505045,9.9,-1.9,0.0,0.0,0.0,0.0,3,19.2,35.3,192,Overcast,0,0,
68152,2022-02-21 05:55:00,40.649044,-73.95232,0,0,Reaction to Uninvolved Vehicle,4504521,9.9,-1.9,0.0,0.0,0.0,0.0,3,19.2,35.3,192,Overcast,0,0,
68153,2022-07-08 08:00:00,40.697315,-73.932274,0,0,Driver Inattention/Distraction,4544889,29.6,19.3,1.8,1.8,0.0,8.0,51,15.0,31.0,187,Drizzle: Light,0,0,
68154,2022-07-08 10:50:00,40.778477,-73.98546,0,0,Driver Inattention/Distraction,4545187,29.6,19.3,1.8,1.8,0.0,8.0,51,15.0,31.0,187,Drizzle: Light,0,0,
68155,2022-07-06 11:12:00,40.756477,-73.9613,1,0,Driver Inattention/Distraction,4544263,31.6,21.7,0.2,0.2,0.0,1.0,51,19.0,37.1,299,Drizzle: Light,1,1,
68156,2022-07-08 10:41:00,40.802338,-73.93389,1,0,Driver Inattention/Distraction,4544607,29.6,19.3,1.8,1.8,0.0,8.0,51,15.0,31.0,187,Drizzle: Light,1,1,
68157,2022-07-02 15:01:00,40.818874,-73.86524,0,0,Other Vehicular,4544999,30.8,23.1,4.0,4.0,0.0,5.0,61,19.4,40.0,229,Rain: Light,0,0,
68158,2022-07-07 15:18:00,40.80366,-73.95357,0,0,Driver Inattention/Distraction,4544490,27.5,20.1,0.0,0.0,0.0,0.0,3,19.1,37.4,110,Overcast,0,0,
68159,2022-07-06 08:30:00,40.87,-73.87888,0,0,Passing or Lane Usage Improper,4544048,31.6,21.7,0.2,0.2,0.0,1.0,51,19.0,37.1,299,Drizzle: Light,0,0,
68160,2022-07-08 19:00:00,40.669186,-73.981094,0,0,Driver Inattention/Distraction,4544929,29.6,19.3,1.8,1.8,0.0,8.0,51,15.0,31.0,187,Drizzle: Light,0,0,
68161,2022-07-07 17:13:00,40.763588,-73.97142,0,0,Driver Inattention/Distraction,4545020,27.5,20.1,0.0,0.0,0.0,0.0,3,19.1,37.4,110,Overcast,0,0,
68162,2022-06-20 06:30:00,40.76394,-73.828156,0,0,Unspecified,4545109,26.5,12.9,0.0,0.0,0.0,0.0,3,18.4,31.7,308,Overcast,0,0,
68163,2022-07-07 17:51:00,40.831944,-73.91987,0,0,Alcohol Involvement,4544426,27.5,20.1,0.0,0.0,0.0,0.0,3,19.1,37.4,110,Overcast,0,0,
68164,2022-07-07 12:25:00,40.846565,-73.92589,0,0,Passing or Lane Usage Improper,4544503,27.5,20.1,0.0,0.0,0.0,0.0,3,19.1,37.4,110,Overcast,0,0,
68165,2022-07-05 19:55:00,40.673035,-73.99075,0,0,Following Too Closely,4544663,30.0,20.3,0.5,0.5,0.0,2.0,51,30.4,56.5,191,Drizzle: Light,0,0,