,CRASH DATETIME,LATITUDE,LONGITUDE,NUMBER OF PERSONS INJURED,NUMBER OF PERSONS KILLED,CONTRIBUTING FACTOR VEHICLE 1,COLLISION_ID,temperature_2m_max,temperature_2m_min,precipitation_sum,rain_sum,snowfall_sum,precipitation_hours,weather_code,wind_speed_10m_max,wind_gusts_10m_max,wind_direction_10m_dominant,Weather Description,Severity_Score,Total_Affected_Persons,Weather_Category
68166,2022-07-06 21:00:00,40.710815,-73.98326,1,0,Unspecified,4544224,31.6,21.7,0.2,0.2,0.0,1.0,51,19.0,37.1,299,Drizzle: Light,1,1,
68167,2022-07-07 17:45:00,40.81847,-73.9414,0,0,Other Vehicular,4545199,27.5,20.1,0.0,0.0,0.0,0.0,3,19.1,37.4,110,Overcast,0,0,
68168,2022-07-06 08:50:00,40.74613,-73.83605,2,0,Following Too Closely,4544107,31.6,21.7,0.2,0.2,0.0,1.0,51,19.0,37.1,299,Drizzle: Light,2,2,
68169,2022-07-06 16:20:00,40.87525,-73.8756,1,0,Failure to Yield Right-of-Way,4544226,31.6,21.7,0.2,0.2,0.0,1.0,51,19.0,37.1,299,Drizzle: Light,1,1,
68170,2022-07-08 20:40:00,40.76156,-73.93518,1,0,Pedestrian/Bicyclist/Other Pedestrian Error/Confusion,4544957,29.6,19.3,1.8,1.8,0.0,8.0,51,15.0,31.0,187,Drizzle: Light,1,1,
68171,2022-07-06 18:53:00,40.81693,-73.88617,0,0,Unspecified,4544621,31.6,21.7,0.2,0.2,0.0,1.0,51,19.0,37.1,299,Drizzle: Light,0,0,
68172,2022-07-07 05:50:00,40.814774,-73.94038,0,0,Traffic Control Disregarded,4544182,27.5,20.1,0.0,0.0,0.0,0.0,3,19.1,37.4,110,Overcast,0,0,
68173,2022-07-07 09:45:00,40.83959,-73.88268,2,0,Unsafe Speed,4544453,27.5,20.1,0.0,0.0,0.0,0.0,3,19.1,37.4,110,Overcast,2,2,
68174,2022-07-07 09:09:00,40.62997,-73.936775,1,0,Failure to Yield Right-of-Way,4544638,27.5,20.1,0.0,0.0,0.0,0.0,3,19.1,37.4,110,Overcast,1,1,
68175,2022-07-06 00:10:00,40.73329,-73.98719,2,0,View Obstructed/Limited,4543692,31.6,21.7,0.2,0.2,0.0,1.0,51,19.0,37.1,299,Drizzle: Light,2,2,
68176,2022-07-03 00:30:00,40.764484,-73.88399,0,0,Passing or Lane Usage Improper,4544475,31.2,21.0,0.0,0.0,0.0,0.0,3,15.8,31.3,341,Overcast,0,0,
68177,2022-07-07 19:53:00,40.651546,-73.95257,1,0,Unspecified,4544741,27.5,20.1,0.0,0.0,0.0,0.0,3,19.1,37.4,110,Overcast,1,1,
68178,2022-07-08 19:00:00,40.675766,-73.87279,0,0,Driver Inattention/Distraction,4544767,29.6,19.3,1.8,1.8,0.0,8.0,51,15.0,31.0,187,Drizzle: Light,0,0,
68179,2022-07-08 09:25:00,40.850845,-73.87146,0,0,Following Too Closely,4544522,29.6,19.3,1.8,1.8,0.0,8.0,51,15.0,31.0,187,Drizzle: Light,0,0,
68180,2021-10-23 18:34:00,40.6656858,-73.7482957,1,0,Driver Inattention/Distraction,4470299,15.9,10.4,0.2,0.2,0.0,2.0,51,14.4,26.6,326,Drizzle: Light,1,1,
68181,2021-10-23 00:00:00,40.7545613,-73.7431665,0,0,Following Too Closely,4470300,15.9,10.4,0.2,0.2,0.0,2.0,51,14.4,26.6,326,Drizzle: Light,0,0,
68182,2022-07-08 02:35:00,40.6786,-73.82707,0,0,Driver Inattention/Distraction,4544390,29.6,19.3,1.8,1.8,0.0,8.0,51,15.0,31.0,187,Drizzle: Light,0,0,
68183,2022-07-07 23:05:00,40.759567,-73.83015,1,0,Failure to Yield Right-of-Way,4544517,27.5,20.1,0.0,0.0,0.0,0.0,3,19.1,37.4,110,Overcast,1,1,
68184,2022-07-08 03:50:00,40.758305,-73.85561,0,0,Driver Inexperience,4544502,29.6,19.3,1.8,1.8,0.0,8.0,51,15.0,31.0,187,Drizzle: Light,0,0,
68185,2022-07-07 22:00:00,40.755337,-73.843254,1,0,Driver Inattention/Distraction,4544443,27.5,20.1,0.0,0.0,0.0,0.0,3,19.1,37.4,110,Overcast,1,1,
68186,2022-07-06 16:22:00,40.67686,-73.97222,1,0,Unsafe Speed,4544662,31.6,21.7,0.2,0.2,0.0,1.0,51,19.0,37.1,299,Drizzle: Light,1,1,
68187,2022-07-06 08:18:00,40.748604,-73.89984,0,0,Driver Inattention/Distraction,4543828,31.6,21.7,0.2,0.2,0.0,1.0,51,19.0,37.1,299,Drizzle: Light,0,0,
68188,2022-07-07 16:15:00,40.848602,-73.85123,0,0,Unspecified,4544458,27.5,20.1,0.0,0.0,0.0,0.0,3,19.1,37.4,110,Overcast,0,0,
68189,2022-07-06 09:25:00,40.690662,-73.81033,1,0,Failure to Yield Right-of-Way,4544035,31.6,21.7,0.2,0.2,0.0,1.0,51,19.0,37.1,299,Drizzle: Light,1,1,
68190,2022-07-06 15:40:00,40.855385,-73.9181,0,0,Unsafe Lane Changing,4544187,31.6,21.7,0.2,0.2,0.0,1.0,51,19.0,37.1,299,Drizzle: Light,0,0,
68191,2022-07-07 16:35:00,40.66283,-73.92615,0,0,Unsafe Speed,4544747,27.5,20.1,0.0,0.0,0.0,0.0,3,19.1,37.4,110,Overcast,0,0,
68192,2022-09-23 17:00:00,40.629986,-73.97157,1,0,Failure to Yield Right-of-Way,4567810,16.4,10.0,0.0,0.0,0.0,0.0,0,31.1,56.9,323,Clear sky,1,1,Sunny/Clear Conditions
68193,2021-10-23 01:09:00,40.7099055,-73.8394002,1,0,Illnes,4470314,15.9,10.4,0.2,0.2,0.0,2.0,51,14.4,26.6,326,Drizzle: Light,1,1,
68194,2022-07-08 18:00:00,40.748436,-73.984566,0,0,Traffic Control Disregarded,4544983,29.6,19.3,1.8,1.8,0.0,8.0,51,15.0,31.0,187,Drizzle: Light,0,0,
68195,2022-07-05 04:15:00,40.843956,-73.8978,6,0,Passing or Lane Usage Improper,4544480,30.0,20.3,0.5,0.5,0.0,2.0,51,30.4,56.5,191,Drizzle: Light,6,6,
68196,2021-10-22 23:30:00,40.697741,-73.8140842,0,0,Following Too Closely,4470317,20.3,14.4,0.0,0.0,0.0,0.0,3,18.1,31.3,267,Overcast,0,0,
68197,2022-07-08 17:45:00,40.662502,-73.89855,0,0,Unspecified,4544773,29.6,19.3,1.8,1.8,0.0,8.0,51,15.0,31.0,187,Drizzle: Light,0,0,
68198,2022-07-06 15:21:00,40.685764,-73.9415,1,0,Turning Improperly,4544963,31.6,21.7,0.2,0.2,0.0,1.0,51,19.0,37.1,299,Drizzle: Light,1,1,
68199,2022-07-08 07:05:00,40.76213,-73.82494,0,0,Failure to Yield Right-of-Way,4544801,29.6,19.3,1.8,1.8,0.0,8.0,51,15.0,31.0,187,Drizzle: Light,0,0,
68200,2021-10-24 04:53:00,40.8274644,-73.8366016,4,0,Unsafe Speed,4470321,15.5,7.6,0.7,0.7,0.0,1.0,53,13.0,23.8,248,Drizzle: Moderate,4,4,
68201,2022-06-30 08:17:00,40.69245,-73.811005,0,0,Passing or Lane Usage Improper,4542358,31.2,17.3,0.0,0.0,0.0,0.0,2,19.1,37.4,274,Partly cloudy,0,0,
68202,2022-07-06 22:40:00,40.665688,-73.939766,1,0,Driver Inattention/Distraction,4544098,31.6,21.7,0.2,0.2,0.0,1.0,51,19.0,37.1,299,Drizzle: Light,1,1,
68203,2022-07-07 11:30:00,40.65545,-73.863335,1,0,Unspecified,4544385,27.5,20.1,0.0,0.0,0.0,0.0,3,19.1,37.4,110,Overcast,1,1,
68204,2022-06-30 22:52:00,40.782677,-73.95711,0,0,Driverless/Runaway Vehicle,4545172,31.2,17.3,0.0,0.0,0.0,0.0,2,19.1,37.4,274,Partly cloudy,0,0,
68205,2022-07-05 07:50:00,40.746075,-73.86408,0,0,Driver Inattention/Distraction,4544591,30.0,20.3,0.5,0.5,0.0,2.0,51,30.4,56.5,191,Drizzle: Light,0,0,
68206,2022-07-07 17:05:00,40.828114,-73.93107,0,0,Driver Inattention/Distraction,4544425,27.5,20.1,0.0,0.0,0.0,0.0,3,19.1,37.4,110,Overcast,0,0,
68207,2022-07-07 11:35:00,40.72473,-73.72316,1,0,Unspecified,4544576,27.5,20.1,0.0,0.0,0.0,0.0,3,19.1,37.4,110,Overcast,1,1,
68208,2022-07-01 07:55:00,40.895374,-73.86356,0,0,Reaction to Uninvolved Vehicle,4544783,33.7,20.2,0.1,0.1,0.0,1.0,51,32.3,58.0,215,Drizzle: Light,0,0,
68209,2022-07-06 10:15:00,40.764084,-73.83336,0,0,Backing Unsafely,4544139,31.6,21.7,0.2,0.2,0.0,1.0,51,19.0,37.1,299,Drizzle: Light,0,0,
68210,2022-07-08 16:50:00,40.634697,-74.106544,0,0,Unspecified,4545063,29.6,19.3,1.8,1.8,0.0,8.0,51,15.0,31.0,187,Drizzle: Light,0,0,
68211,2021-10-23 09:04:00,40.823145,-73.8822388,1,0,Unspecified,4470335,15.9,10.4,0.2,0.2,0.0,2.0,51,14.4,26.6,326,Drizzle: Light,1,1,
68212,2022-06-22 20:55:00,40.643204,-73.90929,1,0,Driver Inattention/Distraction,4545145,20.6,16.7,3.3,3.3,0.0,11.0,53,23.2,43.9,127,Drizzle: Moderate,1,1,
68213,2022-07-08 18:55:00,40.83305,-73.90592,1,0,Driver Inattention/Distraction,4545204,29.6,19.3,1.8,1.8,0.0,8.0,51,15.0,31.0,187,Drizzle: Light,1,1,
68214,2022-07-07 13:45:00,40.758743,-73.797615,2,0,Turning Improperly,4544512,27.5,20.1,0.0,0.0,0.0,0.0,3,19.1,37.4,110,Overcast,2,2,
68215,2022-07-08 05:35:00,40.704494,-73.81743,0,0,Aggressive Driving/Road Rage,4544470,29.6,19.3,1.8,1.8,0.0,8.0,51,15.0,31.0,187,Drizzle: Light,0,0,
68216,2022-07-08 09:00:00,40.839794,-73.84307,0,0,Following Too Closely,4544559,29.6,19.3,1.8,1.8,0.0,8.0,51,15.0,31.0,187,Drizzle: Light,0,0,
68217,2022-07-06 09:45:00,40.836998,-73.90691,0,0,Unsafe Lane Changing,4543942,31.6,21.7,0.2,0.2,0.0,1.0,51,19.0,37.1,299,Drizzle: Light,0,0,
68218,2022-07-06 15:30:00,40.664017,-73.90541,0,0,Unspecified,4543987,31.6,21.7,0.2,0.2,0.0,1.0,51,19.0,37.1,299,Drizzle: Light,0,0,
68219,2022-07-05 04:18:00,40.67531,-73.906876,0,0,Passing Too Closely,4544881,30.0,20.3,0.5,0.5,0.0,2.0,51,30.4,56.5,191,Drizzle: Light,0,0,
68220,2022-07-06 08:05:00,40.713707,-73.76959,0,0,Driver Inattention/Distraction,4544292,31.6,21.7,0.2,0.2,0.0,1.0,51,19.0,37.1,299,Drizzle: Light,0,0,
68221,2022-06-26 01:55:00,40.751442,-73.97606,0,0,Driver Inattention/Distraction,4544830,30.8,19.9,0.0,0.0,0.0,0.0,3,30.9,55.8,188,Overcast,0,0,
68222,2022-07-02 04:20:00,40.773594,-73.91179,0,0,Following Too Closely,4544507,30.8,23.1,4.0,4.0,0.0,5.0,61,19.4,40.0,229,Rain: Light,0,0,
68223,2022-07-06 09:15:00,40.815697,-73.91678,0,0,Unspecified,4544060,31.6,21.7,0.2,0.2,0.0,1.0,51,19.0,37.1,299,Drizzle: Light,0,0,
68224,2022-07-08 08:20:00,40.880283,-73.88269,1,0,Backing Unsafely,4544634,29.6,19.3,1.8,1.8,0.0,8.0,51,15.0,31.0,187,Drizzle: Light,1,1,
68225,2022-07-07 17:20:00,40.717194,-73.98411,1,0,Driver Inattention/Distraction,4544374,27.5,20.1,0.0,0.0,0.0,0.0,3,19.1,37.4,110,Overcast,1,1,
68226,2022-07-07 20:36:00,40.763737,-73.97583,0,0,Following Too Closely,4545021,27.5,20.1,0.0,0.0,0.0,0.0,3,19.1,37.4,110,Overcast,0,0,
68227,2022-07-08 06:00:00,40.679184,-73.941284,0,0,Driver Inattention/Distraction,4544922,29.6,19.3,1.8,1.8,0.0,8.0,51,15.0,31.0,187,Drizzle: Light,0,0,
68228,2022-07-07 13:43:00,40.61907,-73.910484,0,0,Accelerator Defective,4544639,27.5,20.1,0.0,0.0,0.0,0.0,3,19.1,37.4,110,Overcast,0,0,
68229,2021-10-10 09:25:00,40.6742518,-73.9377652,0,0,,4470358,18.5,16.0,2.4,2.4,0.0,8.0,53,27.2,52.6,52,Drizzle: Moderate,0,0,
68230,2022-07-03 11:28:00,40.755493,-73.94534,0,0,Unspecified,4544485,31.2,21.0,0.0,0.0,0.0,0.0,3,15.8,31.3,341,Overcast,0,0,
68231,2022-07-06 22:45:00,40.671352,-73.88182,0,0,Unspecified,4544234,31.6,21.7,0.2,0.2,0.0,1.0,51,19.0,37.1,299,Drizzle: Light,0,0,
68232,2022-07-07 08:28:00,40.83569,-73.86857,1,0,Driver Inattention/Distraction,4544305,27.5,20.1,0.0,0.0,0.0,0.0,3,19.1,37.4,110,Overcast,1,1,
68233,2022-07-08 14:06:00,40.635006,-73.93153,1,0,Driver Inattention/Distraction,4545100,29.6,19.3,1.8,1.8,0.0,8.0,51,15.0,31.0,187,Drizzle: Light,1,1,
68234,2022-07-06 15:11:00,40.614563,-73.994804,2,0,Failure to Yield Right-of-Way,4543959,31.6,21.7,0.2,0.2,0.0,1.0,51,19.0,37.1,299,Drizzle: Light,2,2,
68235,2022-07-06 12:49:00,40.613056,-73.95816,0,0,Driver Inattention/Distraction,4544113,31.6,21.7,0.2,0.2,0.0,1.0,51,19.0,37.1,299,Drizzle: Light,0,0,
68236,2022-07-08 22:17:00,40.66549,-73.75236,1,0,Failure to Yield Right-of-Way,4544684,29.6,19.3,1.8,1.8,0.0,8.0,51,15.0,31.0,187,Drizzle: Light,1,1,
68237,2022-07-07 12:53:00,40.715427,-73.93876,0,0,Driver Inattention/Distraction,4544435,27.5,20.1,0.0,0.0,0.0,0.0,3,19.1,37.4,110,Overcast,0,0,
68238,2022-07-08 16:12:00,40.732437,-73.98165,0,0,Unspecified,4544836,29.6,19.3,1.8,1.8,0.0,8.0,51,15.0,31.0,187,Drizzle: Light,0,0,
68239,2022-07-08 16:55:00,40.727947,-74.00315,1,0,Driver Inattention/Distraction,4544705,29.6,19.3,1.8,1.8,0.0,8.0,51,15.0,31.0,187,Drizzle: Light,1,1,
68240,2022-09-25 01:00:00,40.668358,-73.95592,0,0,Oversized Vehicle,4566862,23.8,11.8,0.3,0.3,0.0,1.0,51,22.2,41.0,207,Drizzle: Light,0,0,
68241,2022-07-07 12:00:00,40.66879,-73.88839,0,0,Driver Inattention/Distraction,4544380,27.5,20.1,0.0,0.0,0.0,0.0,3,19.1,37.4,110,Overcast,0,0,
68242,2022-07-07 10:00:00,40.749733,-73.936104,0,0,Pavement Defective,4544571,27.5,20.1,0.0,0.0,0.0,0.0,3,19.1,37.4,110,Overcast,0,0,
68243,2022-07-06 18:13:00,40.81243,-73.92736,0,0,Unspecified,4544053,31.6,21.7,0.2,0.2,0.0,1.0,51,19.0,37.1,299,Drizzle: Light,0,0,
68244,2021-10-05 09:00:00,40.6556268,-74.0088078,0,0,Unspecified,4470378,19.9,15.0,0.0,0.0,0.0,0.0,3,14.5,28.1,46,Overcast,0,0,
68245,2022-07-08 06:00:00,40.63492,-73.97253,0,0,Unspecified,4544917,29.6,19.3,1.8,1.8,0.0,8.0,51,15.0,31.0,187,Drizzle: Light,0,0,
68246,2022-07-07 01:35:00,40.763897,-73.95323,2,0,Unsafe Lane Changing,4544120,27.5,20.1,0.0,0.0,0.0,0.0,3,19.1,37.4,110,Overcast,2,2,
68247,2022-07-06 19:20:00,40.717663,-73.77584,1,0,Failure to Yield Right-of-Way,4544539,31.6,21.7,0.2,0.2,0.0,1.0,51,19.0,37.1,299,Drizzle: Light,1,1,
68248,2022-07-07 17:05:00,40.800602,-73.97426,3,0,Unsafe Speed,4544967,27.5,20.1,0.0,0.0,0.0,0.0,3,19.1,37.4,110,Overcast,3,3,
68249,2022-07-07 15:00:00,40.747078,-73.981346,0,0,Passing or Lane Usage Improper,4544862,27.5,20.1,0.0,0.0,0.0,0.0,3,19.1,37.4,110,Overcast,0,0,
68250,2022-07-07 22:45:00,40.82359,-73.811104,0,0,Driver Inattention/Distraction,4544761,27.5,20.1,0.0,0.0,0.0,0.0,3,19.1,37.4,110,Overcast,0,0,
68251,2022-07-08 09:20:00,40.689957,-73.98228,0,0,Failure to Yield Right-of-Way,4544676,29.6,19.3,1.8,1.8,0.0,8.0,51,15.0,31.0,187,Drizzle: Light,0,0,
68252,2022-07-01 16:30:00,40.70019,-73.90561,1,0,Failure to Yield Right-of-Way,4544717,33.7,20.2,0.1,0.1,0.0,1.0,51,32.3,58.0,215,Drizzle: Light,1,1,
68253,2021-10-16 15:10:00,40.8940655,-73.8624729,1,0,Passing or Lane Usage Improper,4470391,24.3,15.0,17.5,17.5,0.0,9.0,63,25.7,46.4,195,Rain: Moderate,1,1,
68254,2021-10-11 08:40:00,40.8820861,-73.8335421,0,0,Other Vehicular,4470401,21.7,16.3,0.0,0.0,0.0,0.0,3,25.7,49.7,41,Overcast,0,0,
68255,2021-10-23 16:15:00,40.8952499,-73.8613962,3,0,Driver Inattention/Distraction,4470409,15.9,10.4,0.2,0.2,0.0,2.0,51,14.4,26.6,326,Drizzle: Light,3,3,
68256,2021-08-10 16:40:00,40.8843497,-73.851765,0,0,Outside Car Distraction,4470414,27.3,20.4,3.8,3.8,0.0,11.0,61,18.0,36.0,170,Rain: Light,0,0,
68257,2021-10-23 23:07:00,40.7633517,-73.7579043,2,0,Driver Inattention/Distraction,4470420,15.9,10.4,0.2,0.2,0.0,2.0,51,14.4,26.6,326,Drizzle: Light,2,2,
68258,2021-10-15 21:08:00,40.6944007,-73.9309847,1,0,Driver Inattention/Distraction,4470415,25.0,14.5,0.0,0.0,0.0,0.0,3,16.8,28.4,182,Overcast,1,1,
68259,2021-12-06 18:47:00,40.72021,-73.89178,2,0,Failure to Yield Right-of-Way,4486478,16.3,7.7,6.3,6.3,0.0,10.0,61,35.1,65.5,201,Rain: Light,2,2,
68260,2021-12-12 17:06:00,40.652927,-73.959335,0,0,Driver Inexperience,4485909,13.0,3.4,0.5,0.5,0.0,1.0,53,32.4,62.6,284,Drizzle: Moderate,0,0,
68261,2021-12-12 02:00:00,40.87655,-73.90948,0,0,Unspecified,4486446,13.0,3.4,0.5,0.5,0.0,1.0,53,32.4,62.6,284,Drizzle: Moderate,0,0,
68262,2021-12-12 16:25:00,40.75781,-73.94584,1,0,Following Too Closely,4485851,13.0,3.4,0.5,0.5,0.0,1.0,53,32.4,62.6,284,Drizzle: Moderate,1,1,
68263,2021-12-12 12:07:00,40.76359,-73.98144,1,0,View Obstructed/Limited,4486067,13.0,3.4,0.5,0.5,0.0,1.0,53,32.4,62.6,284,Drizzle: Moderate,1,1,
68264,2021-11-20 07:50:00,40.750473,-74.002144,0,0,Unspecified,4486558,6.8,0.2,0.0,0.0,0.0,0.0,3,13.8,25.6,219,Overcast,0,0,
68265,2021-12-12 07:52:00,40.64615,-73.93242,0,0,Driver Inattention/Distraction,4485797,13.0,3.4,0.5,0.5,0.0,1.0,53,32.4,62.6,284,Drizzle: Moderate,0,0,
68266,2021-12-08 08:30:00,40.72634,-73.76508,0,0,Driver Inattention/Distraction,4486401,4.7,0.9,0.7,0.7,0.0,2.0,51,14.5,24.8,355,Drizzle: Light,0,0,
68267,2021-12-12 01:38:00,40.676598,-73.903404,0,0,Passing Too Closely,4486010,13.0,3.4,0.5,0.5,0.0,1.0,53,32.4,62.6,284,Drizzle: Moderate,0,0,
68268,2021-12-12 13:55:00,40.661312,-73.849106,1,0,Failure to Yield Right-of-Way,4485865,13.0,3.4,0.5,0.5,0.0,1.0,53,32.4,62.6,284,Drizzle: Moderate,1,1,
68269,2021-12-12 06:23:00,40.67628,-73.892166,0,0,Driver Inattention/Distraction,4486011,13.0,3.4,0.5,0.5,0.0,1.0,53,32.4,62.6,284,Drizzle: Moderate,0,0,
68270,2021-12-12 17:31:00,40.854504,-73.867714,2,0,Failure to Yield Right-of-Way,4485944,13.0,3.4,0.5,0.5,0.0,1.0,53,32.4,62.6,284,Drizzle: Moderate,2,2,
68271,2021-12-09 00:00:00,40.652287,-73.95634,0,0,Unspecified,4486457,3.6,-2.0,0.1,0.0,0.07,1.0,71,19.2,33.8,295,Snow fall: Light,0,0,Snowy Conditions
68272,2021-12-12 02:30:00,40.69383,-73.82887,1,0,Fell Asleep,4485477,13.0,3.4,0.5,0.5,0.0,1.0,53,32.4,62.6,284,Drizzle: Moderate,1,1,
68273,2021-12-09 17:45:00,40.750183,-73.86799,0,0,Driver Inattention/Distraction,4486495,3.6,-2.0,0.1,0.0,0.07,1.0,71,19.2,33.8,295,Snow fall: Light,0,0,Snowy Conditions
68274,2021-12-12 12:50:00,40.56469,-74.13474,0,0,Alcohol Involvement,4485828,13.0,3.4,0.5,0.5,0.0,1.0,53,32.4,62.6,284,Drizzle: Moderate,0,0,
68275,2021-11-29 12:10:00,40.68327,-73.95016,0,0,Passing Too Closely,4486433,5.8,-0.8,0.4,0.4,0.0,3.0,51,20.6,38.2,312,Drizzle: Light,0,0,
68276,2021-12-12 01:00:00,40.582466,-74.15596,0,0,Driver Inattention/Distraction,4485540,13.0,3.4,0.5,0.5,0.0,1.0,53,32.4,62.6,284,Drizzle: Moderate,0,0,
68277,2021-12-05 00:00:00,40.75166,-73.71894,0,0,Unspecified,4486469,7.6,0.0,0.0,0.0,0.0,0.0,3,15.1,27.0,303,Overcast,0,0,
68278,2021-12-12 18:00:00,40.614433,-73.92725,1,0,Unspecified,4485796,13.0,3.4,0.5,0.5,0.0,1.0,53,32.4,62.6,284,Drizzle: Moderate,1,1,
68279,2021-12-12 13:30:00,0.0,0.0,1,0,Driver Inattention/Distraction,4485946,13.0,3.4,0.5,0.5,0.0,1.0,53,32.4,62.6,284,Drizzle: Moderate,1,1,
68280,2022-07-08 13:50:00,40.79275,-73.97132,0,0,Unspecified,4545159,29.6,19.3,1.8,1.8,0.0,8.0,51,15.0,31.0,187,Drizzle: Light,0,0,
68281,2021-10-23 00:53:00,40.8363051,-73.8736832,1,0,Pedestrian/Bicyclist/Other Pedestrian Error/Confusion,4470422,15.9,10.4,0.2,0.2,0.0,2.0,51,14.4,26.6,326,Drizzle: Light,1,1,
68282,2022-07-07 13:32:00,40.670124,-73.95528,1,0,Failure to Yield Right-of-Way,4544988,27.5,20.1,0.0,0.0,0.0,0.0,3,19.1,37.4,110,Overcast,1,1,
68283,2022-07-07 15:54:00,40.63962,-74.08808,1,0,Unspecified,4545056,27.5,20.1,0.0,0.0,0.0,0.0,3,19.1,37.4,110,Overcast,1,1,
68284,2022-07-05 01:30:00,40.660526,-73.94383,0,0,Driver Inattention/Distraction,4544670,30.0,20.3,0.5,0.5,0.0,2.0,51,30.4,56.5,191,Drizzle: Light,0,0,
68285,2022-07-08 00:06:00,40.71658,-73.80124,0,0,Following Too Closely,4544534,29.6,19.3,1.8,1.8,0.0,8.0,51,15.0,31.0,187,Drizzle: Light,0,0,
68286,2022-07-07 04:30:00,40.854904,-73.89645,0,0,Driver Inattention/Distraction,4544495,27.5,20.1,0.0,0.0,0.0,0.0,3,19.1,37.4,110,Overcast,0,0,
68287,2022-07-06 19:30:00,40.70739,-73.95054,1,0,Driver Inattention/Distraction,4544430,31.6,21.7,0.2,0.2,0.0,1.0,51,19.0,37.1,299,Drizzle: Light,1,1,
68288,2022-07-07 13:45:00,40.66154,-73.98274,1,0,Failure to Yield Right-of-Way,4544757,27.5,20.1,0.0,0.0,0.0,0.0,3,19.1,37.4,110,Overcast,1,1,
68289,2021-10-22 07:20:00,40.6871499,-73.8079983,0,0,Driver Inattention/Distraction,4470432,20.3,14.4,0.0,0.0,0.0,0.0,3,18.1,31.3,267,Overcast,0,0,
68290,2012-10-22 17:18:00,40.6666992,-73.8117267,0,0,Unsafe Speed,4470433,18.5,9.1,0.0,0.0,0.0,0.0,1,15.7,30.6,285,Mainly clear,0,0,Sunny/Clear Conditions
68291,2022-07-08 15:06:00,40.727608,-73.91211,1,0,Turning Improperly,4545139,29.6,19.3,1.8,1.8,0.0,8.0,51,15.0,31.0,187,Drizzle: Light,1,1,
68292,2022-07-08 23:55:00,40.59145,-73.97652,0,0,Following Too Closely,4544856,29.6,19.3,1.8,1.8,0.0,8.0,51,15.0,31.0,187,Drizzle: Light,0,0,
68293,2022-07-08 15:05:00,40.764168,-73.98474,3,0,Unsafe Speed,4545025,29.6,19.3,1.8,1.8,0.0,8.0,51,15.0,31.0,187,Drizzle: Light,3,3,
68294,2022-07-05 13:10:00,40.77085,-73.918396,0,0,Following Too Closely,4544946,30.0,20.3,0.5,0.5,0.0,2.0,51,30.4,56.5,191,Drizzle: Light,0,0,
68295,2022-07-06 23:00:00,40.716873,-73.767105,0,0,Driver Inattention/Distraction,4544277,31.6,21.7,0.2,0.2,0.0,1.0,51,19.0,37.1,299,Drizzle: Light,0,0,
68296,2022-06-09 00:07:00,40.846138,-73.93424,2,0,Traffic Control Disregarded,4544906,28.0,18.5,13.3,13.3,0.0,11.0,63,28.1,52.2,252,Rain: Moderate,2,2,
68297,2022-07-06 08:40:00,40.73687,-73.928505,1,0,Following Too Closely,4543861,31.6,21.7,0.2,0.2,0.0,1.0,51,19.0,37.1,299,Drizzle: Light,1,1,
68298,2022-07-06 15:34:00,40.732033,-73.91893,2,0,Driver Inattention/Distraction,4544369,31.6,21.7,0.2,0.2,0.0,1.0,51,19.0,37.1,299,Drizzle: Light,2,2,
68299,2022-07-08 14:37:00,40.836216,-73.88845,1,0,Pedestrian/Bicyclist/Other Pedestrian Error/Confusion,4544598,29.6,19.3,1.8,1.8,0.0,8.0,51,15.0,31.0,187,Drizzle: Light,1,1,
68300,2022-07-06 19:18:00,40.846176,-73.93628,0,0,Driver Inattention/Distraction,4544023,31.6,21.7,0.2,0.2,0.0,1.0,51,19.0,37.1,299,Drizzle: Light,0,0,
68301,2022-07-03 15:55:00,40.86877,-73.83174,0,0,Driver Inattention/Distraction,4544566,31.2,21.0,0.0,0.0,0.0,0.0,3,15.8,31.3,341,Overcast,0,0,
68302,2022-07-07 11:20:00,40.659042,-73.92923,1,0,Backing Unsafely,4544319,27.5,20.1,0.0,0.0,0.0,0.0,3,19.1,37.4,110,Overcast,1,1,
68303,2022-07-05 20:00:00,40.68567,-73.9162,0,0,Unspecified,4544873,30.0,20.3,0.5,0.5,0.0,2.0,51,30.4,56.5,191,Drizzle: Light,0,0,
68304,2021-08-04 09:09:00,40.829136,-73.9114,1,0,Unsafe Speed,4445565,24.3,17.5,0.1,0.1,0.0,1.0,51,13.7,27.4,57,Drizzle: Light,1,1,
68305,2022-07-06 18:20:00,40.76295,-73.83196,0,0,Unspecified,4544242,31.6,21.7,0.2,0.2,0.0,1.0,51,19.0,37.1,299,Drizzle: Light,0,0,
68306,2022-06-30 09:33:00,40.680214,-73.94628,0,0,Passing or Lane Usage Improper,4544899,31.2,17.3,0.0,0.0,0.0,0.0,2,19.1,37.4,274,Partly cloudy,0,0,
68307,2022-07-04 08:55:00,40.7065,-73.91701,0,0,Passing Too Closely,4545218,30.9,17.5,0.0,0.0,0.0,0.0,3,15.4,27.4,302,Overcast,0,0,
68308,2021-10-22 20:10:00,40.7641807,-73.8396628,0,0,Unspecified,4470454,20.3,14.4,0.0,0.0,0.0,0.0,3,18.1,31.3,267,Overcast,0,0,
68309,2022-07-07 16:46:00,40.83489,-73.8663,0,0,Passing or Lane Usage Improper,4544630,27.5,20.1,0.0,0.0,0.0,0.0,3,19.1,37.4,110,Overcast,0,0,