,CRASH DATETIME,LATITUDE,LONGITUDE,NUMBER OF PERSONS INJURED,NUMBER OF PERSONS KILLED,CONTRIBUTING FACTOR VEHICLE 1,COLLISION_ID,temperature_2m_max,temperature_2m_min,precipitation_sum,rain_sum,snowfall_sum,precipitation_hours,weather_code,wind_speed_10m_max,wind_gusts_10m_max,wind_direction_10m_dominant,Weather Description,Severity_Score,Total_Affected_Persons,Weather_Category
68310,2022-07-08 12:35:00,40.730625,-73.869705,1,0,Backing Unsafely,4544727,29.6,19.3,1.8,1.8,0.0,8.0,51,15.0,31.0,187,Drizzle: Light,1,1,
68311,2022-07-06 11:05:00,40.81898,-73.95451,1,0,Backing Unsafely,4544171,31.6,21.7,0.2,0.2,0.0,1.0,51,19.0,37.1,299,Drizzle: Light,1,1,
68312,2022-07-08 15:48:00,40.795437,-73.943954,2,0,Pavement Slippery,4544691,29.6,19.3,1.8,1.8,0.0,8.0,51,15.0,31.0,187,Drizzle: Light,2,2,
68313,2022-07-05 04:15:00,40.846657,-73.90081,0,0,Driver Inattention/Distraction,4544466,30.0,20.3,0.5,0.5,0.0,2.0,51,30.4,56.5,191,Drizzle: Light,0,0,
68314,2022-07-02 19:10:00,40.840176,-73.92528,0,0,Passing or Lane Usage Improper,4544710,30.8,23.1,4.0,4.0,0.0,5.0,61,19.4,40.0,229,Rain: Light,0,0,
68315,2022-07-07 08:04:00,40.68804,-73.947754,1,0,Driver Inattention/Distraction,4544206,27.5,20.1,0.0,0.0,0.0,0.0,3,19.1,37.4,110,Overcast,1,1,
68316,2022-07-06 20:00:00,40.71407,-73.954346,1,0,Driver Inattention/Distraction,4544431,31.6,21.7,0.2,0.2,0.0,1.0,51,19.0,37.1,299,Drizzle: Light,1,1,
68317,2022-07-08 05:30:00,40.8097,-73.90304,1,0,Following Too Closely,4544549,29.6,19.3,1.8,1.8,0.0,8.0,51,15.0,31.0,187,Drizzle: Light,1,1,
68318,2022-07-06 16:56:00,40.727047,-74.00014,0,0,Lane Marking Improper/Inadequate,4544072,31.6,21.7,0.2,0.2,0.0,1.0,51,19.0,37.1,299,Drizzle: Light,0,0,
68319,2022-07-04 22:48:00,40.747578,-73.98097,1,0,Reaction to Uninvolved Vehicle,4544817,30.9,17.5,0.0,0.0,0.0,0.0,3,15.4,27.4,302,Overcast,1,1,
68320,2022-07-03 16:40:00,40.760567,-73.9155,1,0,Driver Inattention/Distraction,4545155,31.2,21.0,0.0,0.0,0.0,0.0,3,15.8,31.3,341,Overcast,1,1,
68321,2022-07-06 13:00:00,40.719337,-73.985916,0,0,Unspecified,4544375,31.6,21.7,0.2,0.2,0.0,1.0,51,19.0,37.1,299,Drizzle: Light,0,0,
68322,2022-07-08 15:30:00,40.878613,-73.849464,3,0,Traffic Control Disregarded,4544787,29.6,19.3,1.8,1.8,0.0,8.0,51,15.0,31.0,187,Drizzle: Light,3,3,
68323,2022-07-07 17:55:00,40.688995,-73.78581,1,0,Aggressive Driving/Road Rage,4544972,27.5,20.1,0.0,0.0,0.0,0.0,3,19.1,37.4,110,Overcast,1,1,
68324,2022-07-08 18:00:00,40.669434,-73.9255,1,0,Driver Inattention/Distraction,4544993,29.6,19.3,1.8,1.8,0.0,8.0,51,15.0,31.0,187,Drizzle: Light,1,1,
68325,2022-07-08 14:38:00,40.789074,-73.95448,1,0,Unsafe Speed,4544697,29.6,19.3,1.8,1.8,0.0,8.0,51,15.0,31.0,187,Drizzle: Light,1,1,
68326,2022-06-30 18:30:00,40.744373,-73.869804,0,0,Unspecified,4544938,31.2,17.3,0.0,0.0,0.0,0.0,2,19.1,37.4,274,Partly cloudy,0,0,
68327,2022-07-07 18:00:00,40.68403,-73.88183,0,0,Driver Inattention/Distraction,4544766,27.5,20.1,0.0,0.0,0.0,0.0,3,19.1,37.4,110,Overcast,0,0,
68328,2022-07-07 09:10:00,40.675156,-73.99125,0,0,Backing Unsafely,4544933,27.5,20.1,0.0,0.0,0.0,0.0,3,19.1,37.4,110,Overcast,0,0,
68329,2022-07-06 03:32:00,40.834515,-73.91771,0,0,Oversized Vehicle,4544711,31.6,21.7,0.2,0.2,0.0,1.0,51,19.0,37.1,299,Drizzle: Light,0,0,
68330,2022-07-07 15:30:00,40.664097,-73.90932,1,0,,4544869,27.5,20.1,0.0,0.0,0.0,0.0,3,19.1,37.4,110,Overcast,1,1,
68331,2021-10-24 10:30:00,40.7461426,-73.8360431,0,0,Unsafe Lane Changing,4470481,15.5,7.6,0.7,0.7,0.0,1.0,53,13.0,23.8,248,Drizzle: Moderate,0,0,
68332,2022-07-06 11:45:00,40.74925,-73.739685,1,0,Passing or Lane Usage Improper,4544984,31.6,21.7,0.2,0.2,0.0,1.0,51,19.0,37.1,299,Drizzle: Light,1,1,
68333,2022-07-08 22:30:00,40.76122,-73.81549,1,0,Fell Asleep,4544803,29.6,19.3,1.8,1.8,0.0,8.0,51,15.0,31.0,187,Drizzle: Light,1,1,
68334,2022-07-07 10:50:00,40.72688,-73.83907,1,0,Following Too Closely,4544404,27.5,20.1,0.0,0.0,0.0,0.0,3,19.1,37.4,110,Overcast,1,1,
68335,2022-07-07 01:09:00,40.62782,-74.12126,1,0,Failure to Yield Right-of-Way,4545052,27.5,20.1,0.0,0.0,0.0,0.0,3,19.1,37.4,110,Overcast,1,1,
68336,2022-07-06 17:45:00,40.643772,-73.958755,1,0,Unspecified,4544119,31.6,21.7,0.2,0.2,0.0,1.0,51,19.0,37.1,299,Drizzle: Light,1,1,
68337,2022-07-06 19:45:00,40.80549,-73.937965,1,0,Unspecified,4544603,31.6,21.7,0.2,0.2,0.0,1.0,51,19.0,37.1,299,Drizzle: Light,1,1,
68338,2022-07-02 09:30:00,40.755505,-73.92291,0,0,Driver Inattention/Distraction,4544943,30.8,23.1,4.0,4.0,0.0,5.0,61,19.4,40.0,229,Rain: Light,0,0,
68339,2022-07-01 13:38:00,40.639984,-73.94842,0,0,Other Vehicular,4545036,33.7,20.2,0.1,0.1,0.0,1.0,51,32.3,58.0,215,Drizzle: Light,0,0,
68340,2022-07-05 18:00:00,40.646255,-73.93081,2,0,Driver Inattention/Distraction,4544750,30.0,20.3,0.5,0.5,0.0,2.0,51,30.4,56.5,191,Drizzle: Light,2,2,
68341,2022-07-07 19:05:00,40.766483,-73.98022,1,0,Pedestrian/Bicyclist/Other Pedestrian Error/Confusion,4545126,27.5,20.1,0.0,0.0,0.0,0.0,3,19.1,37.4,110,Overcast,1,1,
68342,2022-07-07 09:00:00,40.67158,-73.97906,1,0,Driver Inattention/Distraction,4544950,27.5,20.1,0.0,0.0,0.0,0.0,3,19.1,37.4,110,Overcast,1,1,
68343,2022-07-06 19:00:00,40.65525,-73.952965,1,0,Pedestrian/Bicyclist/Other Pedestrian Error/Confusion,4544671,31.6,21.7,0.2,0.2,0.0,1.0,51,19.0,37.1,299,Drizzle: Light,1,1,
68344,2022-07-07 15:40:00,40.691536,-73.99912,1,0,Driver Inattention/Distraction,4544331,27.5,20.1,0.0,0.0,0.0,0.0,3,19.1,37.4,110,Overcast,1,1,
68345,2022-07-07 19:40:00,40.59455,-73.997574,0,0,Unspecified,4545083,27.5,20.1,0.0,0.0,0.0,0.0,3,19.1,37.4,110,Overcast,0,0,
68346,2022-07-06 09:45:00,40.840744,-73.89933,0,0,Unspecified,4543886,31.6,21.7,0.2,0.2,0.0,1.0,51,19.0,37.1,299,Drizzle: Light,0,0,
68347,2022-07-07 11:00:00,40.826214,-73.90787,0,0,Passing Too Closely,4544215,27.5,20.1,0.0,0.0,0.0,0.0,3,19.1,37.4,110,Overcast,0,0,
68348,2022-06-26 00:00:00,40.670685,-73.917015,0,0,Unspecified,4544842,30.8,19.9,0.0,0.0,0.0,0.0,3,30.9,55.8,188,Overcast,0,0,
68349,2021-10-23 23:45:00,40.7127369,-73.728982,0,0,Driver Inattention/Distraction,4470503,15.9,10.4,0.2,0.2,0.0,2.0,51,14.4,26.6,326,Drizzle: Light,0,0,
68350,2022-07-06 12:44:00,40.670994,-73.95496,1,0,Following Too Closely,4543995,31.6,21.7,0.2,0.2,0.0,1.0,51,19.0,37.1,299,Drizzle: Light,1,1,
68351,2022-07-07 13:19:00,40.579826,-73.97622,0,0,Unsafe Lane Changing,4545206,27.5,20.1,0.0,0.0,0.0,0.0,3,19.1,37.4,110,Overcast,0,0,
68352,2021-10-24 21:00:00,40.6944629,-73.9988763,0,0,Driver Inattention/Distraction,4470506,15.5,7.6,0.7,0.7,0.0,1.0,53,13.0,23.8,248,Drizzle: Moderate,0,0,
68353,2021-10-19 15:00:00,40.6916907,-73.9993379,0,0,Following Too Closely,4470507,19.1,8.3,0.0,0.0,0.0,0.0,1,24.6,45.0,272,Mainly clear,0,0,Sunny/Clear Conditions
68354,2022-07-08 12:45:00,40.7492,-73.78962,2,0,Unsafe Speed,4544581,29.6,19.3,1.8,1.8,0.0,8.0,51,15.0,31.0,187,Drizzle: Light,2,2,
68355,2022-07-08 16:35:00,40.662533,-73.8983,1,0,Driver Inattention/Distraction,4544736,29.6,19.3,1.8,1.8,0.0,8.0,51,15.0,31.0,187,Drizzle: Light,1,1,
68356,2022-07-08 11:44:00,40.648254,-73.971405,1,0,Unsafe Lane Changing,4544892,29.6,19.3,1.8,1.8,0.0,8.0,51,15.0,31.0,187,Drizzle: Light,1,1,
68357,2022-07-07 05:47:00,40.834515,-73.897705,0,0,Oversized Vehicle,4544227,27.5,20.1,0.0,0.0,0.0,0.0,3,19.1,37.4,110,Overcast,0,0,
68358,2022-07-06 12:33:00,40.587616,-73.93656,0,0,Traffic Control Disregarded,4544065,31.6,21.7,0.2,0.2,0.0,1.0,51,19.0,37.1,299,Drizzle: Light,0,0,
68359,2021-10-25 00:07:00,40.7642747,-73.7229386,0,0,Unspecified,4470516,22.8,13.5,10.7,10.7,0.0,8.0,63,18.9,33.5,172,Rain: Moderate,0,0,
68360,2021-10-21 20:47:00,40.8792716,-73.8696165,0,0,Driver Inattention/Distraction,4470517,22.9,12.0,0.0,0.0,0.0,0.0,3,17.0,31.7,207,Overcast,0,0,
68361,2022-07-07 09:40:00,40.86955,-73.88175,1,0,Driver Inattention/Distraction,4544214,27.5,20.1,0.0,0.0,0.0,0.0,3,19.1,37.4,110,Overcast,1,1,
68362,2022-07-07 17:30:00,40.717278,-73.99544,0,0,Driver Inattention/Distraction,4544553,27.5,20.1,0.0,0.0,0.0,0.0,3,19.1,37.4,110,Overcast,0,0,
68363,2022-07-07 19:40:00,40.737682,-73.85206,1,0,Driver Inattention/Distraction,4544447,27.5,20.1,0.0,0.0,0.0,0.0,3,19.1,37.4,110,Overcast,1,1,
68364,2022-06-24 20:57:00,40.838757,-73.882904,0,0,Driver Inattention/Distraction,4544454,26.7,14.6,1.0,1.0,0.0,6.0,51,19.2,37.4,204,Drizzle: Light,0,0,
68365,2022-07-06 01:35:00,40.81108,-73.9273,3,0,Traffic Control Disregarded,4543727,31.6,21.7,0.2,0.2,0.0,1.0,51,19.0,37.1,299,Drizzle: Light,3,3,
68366,2022-06-03 07:50:00,40.76301,-73.87533,1,0,Fell Asleep,4544476,25.3,18.0,0.5,0.5,0.0,4.0,51,14.2,32.0,84,Drizzle: Light,1,1,
68367,2022-07-08 16:00:00,40.59034,-74.06663,0,0,Driver Inexperience,4544927,29.6,19.3,1.8,1.8,0.0,8.0,51,15.0,31.0,187,Drizzle: Light,0,0,
68368,2022-06-24 04:10:00,40.61652,-73.98586,0,0,Alcohol Involvement,4544570,26.7,14.6,1.0,1.0,0.0,6.0,51,19.2,37.4,204,Drizzle: Light,0,0,
68369,2022-07-08 02:10:00,40.67266,-73.81133,0,0,Animals Action,4544389,29.6,19.3,1.8,1.8,0.0,8.0,51,15.0,31.0,187,Drizzle: Light,0,0,
68370,2021-09-24 21:25:00,40.6765561,-73.7780826,0,0,Passing Too Closely,4470532,22.4,15.6,26.0,26.0,0.0,9.0,63,14.2,29.9,274,Rain: Moderate,0,0,
68371,2022-07-08 06:29:00,40.642815,-73.94005,0,0,Unspecified,4544742,29.6,19.3,1.8,1.8,0.0,8.0,51,15.0,31.0,187,Drizzle: Light,0,0,
68372,2022-07-02 14:25:00,40.807545,-73.95681,0,0,Driver Inattention/Distraction,4544521,30.8,23.1,4.0,4.0,0.0,5.0,61,19.4,40.0,229,Rain: Light,0,0,
68373,2022-07-08 19:44:00,40.75747,-73.81622,0,0,Reaction to Uninvolved Vehicle,4544792,29.6,19.3,1.8,1.8,0.0,8.0,51,15.0,31.0,187,Drizzle: Light,0,0,
68374,2022-07-07 11:00:00,40.751972,-73.93197,1,0,Unsafe Lane Changing,4544953,27.5,20.1,0.0,0.0,0.0,0.0,3,19.1,37.4,110,Overcast,1,1,
68375,2022-07-08 06:14:00,40.83285,-73.886246,0,0,Unspecified,4545184,29.6,19.3,1.8,1.8,0.0,8.0,51,15.0,31.0,187,Drizzle: Light,0,0,
68376,2022-07-07 09:00:00,40.760994,-73.82443,0,0,Backing Unsafely,4544608,27.5,20.1,0.0,0.0,0.0,0.0,3,19.1,37.4,110,Overcast,0,0,
68377,2022-07-08 18:54:00,40.658592,-73.9387,0,0,Driver Inexperience,4544821,29.6,19.3,1.8,1.8,0.0,8.0,51,15.0,31.0,187,Drizzle: Light,0,0,
68378,2022-07-08 11:14:00,40.729153,-73.84946,0,0,Driver Inattention/Distraction,4544979,29.6,19.3,1.8,1.8,0.0,8.0,51,15.0,31.0,187,Drizzle: Light,0,0,
68379,2022-07-08 20:55:00,40.73578,-73.746544,0,0,Driver Inattention/Distraction,4544774,29.6,19.3,1.8,1.8,0.0,8.0,51,15.0,31.0,187,Drizzle: Light,0,0,
68380,2022-06-24 00:15:00,40.584137,-73.96386,1,0,Unsafe Lane Changing,4545196,26.7,14.6,1.0,1.0,0.0,6.0,51,19.2,37.4,204,Drizzle: Light,1,1,
68381,2022-06-27 16:29:00,40.67619,-73.9081,1,0,Other Vehicular,4544865,26.2,19.8,11.7,11.7,0.0,9.0,63,20.5,43.2,224,Rain: Moderate,1,1,
68382,2022-06-10 16:00:00,40.660072,-73.93974,2,0,Driver Inattention/Distraction,4544964,26.1,15.1,0.0,0.0,0.0,0.0,3,21.9,38.5,289,Overcast,2,2,
68383,2022-09-25 11:15:00,40.69278,-73.86268,0,0,Following Too Closely,4567383,23.8,11.8,0.3,0.3,0.0,1.0,51,22.2,41.0,207,Drizzle: Light,0,0,
68384,2021-08-06 18:47:00,40.859875,-73.89323,7,0,Passing or Lane Usage Improper,4445865,28.9,17.4,0.0,0.0,0.0,0.0,3,18.1,38.2,188,Overcast,7,7,
68385,2022-06-27 00:00:00,40.67619,-73.9081,1,0,Driver Inexperience,4545070,26.2,19.8,11.7,11.7,0.0,9.0,63,20.5,43.2,224,Rain: Moderate,1,1,
68386,2022-07-07 14:35:00,40.740185,-73.986374,1,0,Oversized Vehicle,4544508,27.5,20.1,0.0,0.0,0.0,0.0,3,19.1,37.4,110,Overcast,1,1,
68387,2022-07-08 14:30:00,40.749825,-73.818275,0,0,Failure to Yield Right-of-Way,4544622,29.6,19.3,1.8,1.8,0.0,8.0,51,15.0,31.0,187,Drizzle: Light,0,0,
68388,2022-07-08 23:30:00,40.660847,-73.8403,2,0,Traffic Control Disregarded,4545150,29.6,19.3,1.8,1.8,0.0,8.0,51,15.0,31.0,187,Drizzle: Light,2,2,
68389,2022-07-08 20:06:00,40.844685,-73.9408,0,0,Passing Too Closely,4544909,29.6,19.3,1.8,1.8,0.0,8.0,51,15.0,31.0,187,Drizzle: Light,0,0,
68390,2022-07-08 18:26:00,40.665207,-73.91252,0,0,Pavement Slippery,4544635,29.6,19.3,1.8,1.8,0.0,8.0,51,15.0,31.0,187,Drizzle: Light,0,0,
68391,2022-07-07 22:00:00,40.643173,-73.92946,0,0,Backing Unsafely,4544748,27.5,20.1,0.0,0.0,0.0,0.0,3,19.1,37.4,110,Overcast,0,0,
68392,2021-07-29 13:12:00,40.68609,-73.93867,0,1,Unspecified,4441729,25.3,20.4,33.0,33.0,0.0,11.0,65,26.1,50.8,182,Rain: Heavy,20,1,
68393,2021-07-31 10:30:00,40.704746,-73.91404,0,0,Passing or Lane Usage Improper,4443249,25.6,14.5,0.0,0.0,0.0,0.0,2,16.8,33.8,304,Partly cloudy,0,0,
68394,2021-08-05 03:38:00,40.7563,-73.92007,0,0,Unspecified,4445882,27.1,17.4,0.1,0.1,0.0,1.0,51,13.2,27.0,5,Drizzle: Light,0,0,
68395,2021-07-14 19:05:00,40.786358,-73.940254,0,0,Other Vehicular,4445844,30.6,21.5,0.8,0.8,0.0,3.0,53,14.5,36.0,191,Drizzle: Moderate,0,0,
68396,2021-08-04 16:25:00,40.86945,-73.82409,0,0,Unspecified,4445869,24.3,17.5,0.1,0.1,0.0,1.0,51,13.7,27.4,57,Drizzle: Light,0,0,
68397,2021-08-02 08:55:00,40.769844,-73.89177,0,0,Unspecified,4445879,26.4,17.2,0.0,0.0,0.0,0.0,3,18.4,37.4,313,Overcast,0,0,
68398,2021-08-08 15:00:00,40.721813,-73.998695,0,0,Driver Inattention/Distraction,4445884,22.9,19.4,12.7,12.7,0.0,17.0,63,19.9,36.0,38,Rain: Moderate,0,0,
68399,2021-08-08 20:40:00,40.738117,-73.7973,0,0,Unspecified,4445849,22.9,19.4,12.7,12.7,0.0,17.0,63,19.9,36.0,38,Rain: Moderate,0,0,
68400,2021-07-26 13:35:00,40.72545,-73.837776,1,0,Following Too Closely,4440811,31.4,21.8,0.0,0.0,0.0,0.0,3,13.0,25.6,295,Overcast,1,1,
68401,2021-10-23 11:45:00,40.6072565,-73.9672737,0,0,Driver Inattention/Distraction,4470558,15.9,10.4,0.2,0.2,0.0,2.0,51,14.4,26.6,326,Drizzle: Light,0,0,
68402,2021-07-29 20:19:00,40.72382,-73.99372,0,0,Driver Inattention/Distraction,4445878,25.3,20.4,33.0,33.0,0.0,11.0,65,26.1,50.8,182,Rain: Heavy,0,0,
68403,2021-08-08 06:00:00,40.7044,-73.92384,0,0,Passing or Lane Usage Improper,4445856,22.9,19.4,12.7,12.7,0.0,17.0,63,19.9,36.0,38,Rain: Moderate,0,0,
68404,2022-07-07 08:20:00,40.61651,-73.93393,0,0,Failure to Yield Right-of-Way,4544640,27.5,20.1,0.0,0.0,0.0,0.0,3,19.1,37.4,110,Overcast,0,0,
68405,2022-07-07 09:55:00,40.84248,-73.90064,0,0,Driver Inattention/Distraction,4544306,27.5,20.1,0.0,0.0,0.0,0.0,3,19.1,37.4,110,Overcast,0,0,
68406,2021-10-23 22:35:00,40.5842876,-73.9252864,0,0,Following Too Closely,4470560,15.9,10.4,0.2,0.2,0.0,2.0,51,14.4,26.6,326,Drizzle: Light,0,0,
68407,2021-10-24 03:50:00,40.5843766,-73.9270936,2,0,Unspecified,4470561,15.5,7.6,0.7,0.7,0.0,1.0,53,13.0,23.8,248,Drizzle: Moderate,2,2,
68408,2022-07-06 13:37:00,40.82663,-73.87285,4,0,Fatigued/Drowsy,4543958,31.6,21.7,0.2,0.2,0.0,1.0,51,19.0,37.1,299,Drizzle: Light,4,4,
68409,2022-07-06 13:30:00,40.823143,-73.89043,0,0,Unsafe Speed,4543970,31.6,21.7,0.2,0.2,0.0,1.0,51,19.0,37.1,299,Drizzle: Light,0,0,
68410,2022-07-06 11:10:00,40.803387,-73.94024,0,0,Unspecified,4544268,31.6,21.7,0.2,0.2,0.0,1.0,51,19.0,37.1,299,Drizzle: Light,0,0,
68411,2021-08-08 13:10:00,40.84168,-73.93934,0,0,Passing or Lane Usage Improper,4444990,22.9,19.4,12.7,12.7,0.0,17.0,63,19.9,36.0,38,Rain: Moderate,0,0,
68412,2021-08-08 15:55:00,40.668377,-73.92012,1,0,Driver Inattention/Distraction,4445170,22.9,19.4,12.7,12.7,0.0,17.0,63,19.9,36.0,38,Rain: Moderate,1,1,
68413,2021-08-08 01:00:00,40.804585,-73.91213,1,0,Failure to Yield Right-of-Way,4445085,22.9,19.4,12.7,12.7,0.0,17.0,63,19.9,36.0,38,Rain: Moderate,1,1,
68414,2021-08-08 01:08:00,40.76226,-73.75699,0,0,Driver Inattention/Distraction,4444638,22.9,19.4,12.7,12.7,0.0,17.0,63,19.9,36.0,38,Rain: Moderate,0,0,
68415,2021-08-08 21:00:00,40.70656,-73.96386,1,0,Driver Inattention/Distraction,4445288,22.9,19.4,12.7,12.7,0.0,17.0,63,19.9,36.0,38,Rain: Moderate,1,1,
68416,2021-08-08 18:55:00,40.58425,-73.9638,1,0,Following Too Closely,4445116,22.9,19.4,12.7,12.7,0.0,17.0,63,19.9,36.0,38,Rain: Moderate,1,1,
68417,2021-08-05 14:21:00,40.843643,-73.90676,0,0,Driver Inattention/Distraction,4445529,27.1,17.4,0.1,0.1,0.0,1.0,51,13.2,27.0,5,Drizzle: Light,0,0,
68418,2021-07-29 16:09:00,40.687107,-73.95583,0,0,Following Too Closely,4445646,25.3,20.4,33.0,33.0,0.0,11.0,65,26.1,50.8,182,Rain: Heavy,0,0,
68419,2021-08-06 18:30:00,40.795403,-73.94188,1,0,Following Too Closely,4445712,28.9,17.4,0.0,0.0,0.0,0.0,3,18.1,38.2,188,Overcast,1,1,
68420,2021-08-08 06:15:00,40.60487,-74.02955,0,0,Following Too Closely,4444718,22.9,19.4,12.7,12.7,0.0,17.0,63,19.9,36.0,38,Rain: Moderate,0,0,
68421,2021-08-08 14:16:00,40.68954,-73.82749,0,0,Aggressive Driving/Road Rage,4445140,22.9,19.4,12.7,12.7,0.0,17.0,63,19.9,36.0,38,Rain: Moderate,0,0,
68422,2021-08-06 08:43:00,40.762184,-73.993614,0,0,Unspecified,4445595,28.9,17.4,0.0,0.0,0.0,0.0,3,18.1,38.2,188,Overcast,0,0,
68423,2021-08-08 19:30:00,40.82056,-73.899864,1,0,Pavement Slippery,4445629,22.9,19.4,12.7,12.7,0.0,17.0,63,19.9,36.0,38,Rain: Moderate,1,1,
68424,2021-08-08 16:30:00,40.816288,-73.918564,0,0,Backing Unsafely,4445481,22.9,19.4,12.7,12.7,0.0,17.0,63,19.9,36.0,38,Rain: Moderate,0,0,
68425,2021-08-08 04:25:00,40.69203,-73.94565,0,0,Traffic Control Disregarded,4444746,22.9,19.4,12.7,12.7,0.0,17.0,63,19.9,36.0,38,Rain: Moderate,0,0,
68426,2021-08-08 10:15:00,40.643684,-73.909805,0,0,Unspecified,4444957,22.9,19.4,12.7,12.7,0.0,17.0,63,19.9,36.0,38,Rain: Moderate,0,0,
68427,2021-08-08 19:40:00,40.68409,-73.80169,1,0,Following Too Closely,4445177,22.9,19.4,12.7,12.7,0.0,17.0,63,19.9,36.0,38,Rain: Moderate,1,1,
68428,2021-08-08 06:10:00,40.704643,-73.81186,0,0,Unsafe Speed,4445222,22.9,19.4,12.7,12.7,0.0,17.0,63,19.9,36.0,38,Rain: Moderate,0,0,
68429,2021-08-08 00:01:00,40.575302,-73.9766,0,0,Driver Inattention/Distraction,4445294,22.9,19.4,12.7,12.7,0.0,17.0,63,19.9,36.0,38,Rain: Moderate,0,0,
68430,2021-08-08 22:35:00,40.59702,-74.09339,0,0,Unsafe Speed,4445337,22.9,19.4,12.7,12.7,0.0,17.0,63,19.9,36.0,38,Rain: Moderate,0,0,
68431,2021-08-08 17:00:00,40.72277,-73.83625,0,0,Unsafe Lane Changing,4444917,22.9,19.4,12.7,12.7,0.0,17.0,63,19.9,36.0,38,Rain: Moderate,0,0,
68432,2021-08-08 11:00:00,40.682285,-73.80805,1,0,Failure to Yield Right-of-Way,4444794,22.9,19.4,12.7,12.7,0.0,17.0,63,19.9,36.0,38,Rain: Moderate,1,1,
68433,2021-08-06 04:12:00,40.678886,-73.921974,1,0,Unspecified,4445703,28.9,17.4,0.0,0.0,0.0,0.0,3,18.1,38.2,188,Overcast,1,1,
68434,2021-08-07 16:54:00,40.69114,-73.80488,0,0,Failure to Yield Right-of-Way,4445754,29.7,19.9,0.0,0.0,0.0,0.0,3,24.2,45.0,198,Overcast,0,0,
68435,2021-08-08 15:10:00,40.838333,-73.91692,0,0,Passing or Lane Usage Improper,4444879,22.9,19.4,12.7,12.7,0.0,17.0,63,19.9,36.0,38,Rain: Moderate,0,0,
68436,2021-08-08 13:20:00,40.695957,-73.742744,1,0,View Obstructed/Limited,4444805,22.9,19.4,12.7,12.7,0.0,17.0,63,19.9,36.0,38,Rain: Moderate,1,1,
68437,2021-07-31 18:00:00,40.64927,-74.009674,0,0,Unspecified,4445611,25.6,14.5,0.0,0.0,0.0,0.0,2,16.8,33.8,304,Partly cloudy,0,0,
68438,2021-08-08 14:30:00,40.8007,-73.96427,0,0,Passing Too Closely,4444940,22.9,19.4,12.7,12.7,0.0,17.0,63,19.9,36.0,38,Rain: Moderate,0,0,
68439,2021-08-08 05:25:00,40.73635,-73.97502,0,0,Driver Inexperience,4444769,22.9,19.4,12.7,12.7,0.0,17.0,63,19.9,36.0,38,Rain: Moderate,0,0,
68440,2021-08-08 19:15:00,40.811592,-73.83534,1,0,Unspecified,4445103,22.9,19.4,12.7,12.7,0.0,17.0,63,19.9,36.0,38,Rain: Moderate,1,1,
68441,2021-08-08 12:00:00,40.896694,-73.853516,2,0,Traffic Control Disregarded,4445149,22.9,19.4,12.7,12.7,0.0,17.0,63,19.9,36.0,38,Rain: Moderate,2,2,
68442,2021-08-08 21:05:00,40.657856,-73.9165,1,0,Driver Inattention/Distraction,4445417,22.9,19.4,12.7,12.7,0.0,17.0,63,19.9,36.0,38,Rain: Moderate,1,1,
68443,2021-08-08 17:25:00,40.71543,-73.95387,2,0,Failure to Yield Right-of-Way,4445238,22.9,19.4,12.7,12.7,0.0,17.0,63,19.9,36.0,38,Rain: Moderate,2,2,
68444,2021-08-08 04:44:00,40.632156,-73.93966,0,0,Failure to Keep Right,4445398,22.9,19.4,12.7,12.7,0.0,17.0,63,19.9,36.0,38,Rain: Moderate,0,0,
68445,2021-08-08 06:05:00,40.86779,-73.841125,1,0,Fell Asleep,4444787,22.9,19.4,12.7,12.7,0.0,17.0,63,19.9,36.0,38,Rain: Moderate,1,1,
68446,2021-08-08 17:00:00,40.75228,-73.9897,1,0,Outside Car Distraction,4444926,22.9,19.4,12.7,12.7,0.0,17.0,63,19.9,36.0,38,Rain: Moderate,1,1,
68447,2021-08-08 18:34:00,40.85347,-73.88771,0,0,Driver Inattention/Distraction,4445065,22.9,19.4,12.7,12.7,0.0,17.0,63,19.9,36.0,38,Rain: Moderate,0,0,
68448,2021-08-06 14:00:00,40.71792,-73.80297,0,0,Backing Unsafely,4445655,28.9,17.4,0.0,0.0,0.0,0.0,3,18.1,38.2,188,Overcast,0,0,
68449,2021-08-06 00:35:00,40.666447,-73.757286,1,0,Driver Inattention/Distraction,4445767,28.9,17.4,0.0,0.0,0.0,0.0,3,18.1,38.2,188,Overcast,1,1,
68450,2021-08-08 19:55:00,40.836555,-73.87135,1,0,Pavement Slippery,4445219,22.9,19.4,12.7,12.7,0.0,17.0,63,19.9,36.0,38,Rain: Moderate,1,1,
68451,2021-08-08 05:43:00,40.834824,-73.867,1,0,Driver Inexperience,4445552,22.9,19.4,12.7,12.7,0.0,17.0,63,19.9,36.0,38,Rain: Moderate,1,1,
68452,2021-08-07 14:30:00,40.704185,-73.781715,2,0,Turning Improperly,4445680,29.7,19.9,0.0,0.0,0.0,0.0,3,24.2,45.0,198,Overcast,2,2,
68453,2021-08-08 01:20:00,40.752777,-73.70743,0,0,Unspecified,4444959,22.9,19.4,12.7,12.7,0.0,17.0,63,19.9,36.0,38,Rain: Moderate,0,0,