,CRASH DATETIME,LATITUDE,LONGITUDE,NUMBER OF PERSONS INJURED,NUMBER OF PERSONS KILLED,CONTRIBUTING FACTOR VEHICLE 1,COLLISION_ID,temperature_2m_max,temperature_2m_min,precipitation_sum,rain_sum,snowfall_sum,precipitation_hours,weather_code,wind_speed_10m_max,wind_gusts_10m_max,wind_direction_10m_dominant,Weather Description,Severity_Score,Total_Affected_Persons,Weather_Category
68454,2021-08-08 11:23:00,40.725887,-73.95199,1,0,Failure to Yield Right-of-Way,4445732,22.9,19.4,12.7,12.7,0.0,17.0,63,19.9,36.0,38,Rain: Moderate,1,1,
68455,2021-08-08 06:05:00,40.65476,-74.00724,0,0,View Obstructed/Limited,4445010,22.9,19.4,12.7,12.7,0.0,17.0,63,19.9,36.0,38,Rain: Moderate,0,0,
68456,2021-07-29 10:23:00,40.821358,-73.889114,0,0,Unspecified,4445618,25.3,20.4,33.0,33.0,0.0,11.0,65,26.1,50.8,182,Rain: Heavy,0,0,
68457,2021-08-08 04:30:00,40.755554,-73.885376,2,0,Unspecified,4444851,22.9,19.4,12.7,12.7,0.0,17.0,63,19.9,36.0,38,Rain: Moderate,2,2,
68458,2021-08-06 15:59:00,40.71583,-73.81375,0,0,Unsafe Lane Changing,4445527,28.9,17.4,0.0,0.0,0.0,0.0,3,18.1,38.2,188,Overcast,0,0,
68459,2021-08-08 23:00:00,40.836708,-73.87527,1,0,Unspecified,4445263,22.9,19.4,12.7,12.7,0.0,17.0,63,19.9,36.0,38,Rain: Moderate,1,1,
68460,2021-08-08 00:59:00,40.649918,-74.01226,0,0,Unspecified,4445302,22.9,19.4,12.7,12.7,0.0,17.0,63,19.9,36.0,38,Rain: Moderate,0,0,
68461,2021-08-06 21:52:00,40.851696,-73.932,0,0,Driver Inattention/Distraction,4445519,28.9,17.4,0.0,0.0,0.0,0.0,3,18.1,38.2,188,Overcast,0,0,
68462,2021-08-08 17:00:00,40.777954,-73.9038,0,0,Unspecified,4445099,22.9,19.4,12.7,12.7,0.0,17.0,63,19.9,36.0,38,Rain: Moderate,0,0,
68463,2021-08-06 00:56:00,40.679832,-73.95322,0,0,Turning Improperly,4445576,28.9,17.4,0.0,0.0,0.0,0.0,3,18.1,38.2,188,Overcast,0,0,
68464,2021-08-08 23:35:00,40.666348,-73.76093,0,0,Driver Inattention/Distraction,4445141,22.9,19.4,12.7,12.7,0.0,17.0,63,19.9,36.0,38,Rain: Moderate,0,0,
68465,2021-08-08 13:20:00,40.680485,-73.9806,0,0,Unspecified,4445026,22.9,19.4,12.7,12.7,0.0,17.0,63,19.9,36.0,38,Rain: Moderate,0,0,
68466,2021-08-08 05:55:00,40.864452,-73.90894,0,0,Alcohol Involvement,4445187,22.9,19.4,12.7,12.7,0.0,17.0,63,19.9,36.0,38,Rain: Moderate,0,0,
68467,2021-08-07 14:32:00,40.659405,-73.9505,1,0,Traffic Control Disregarded,4445651,29.7,19.9,0.0,0.0,0.0,0.0,3,24.2,45.0,198,Overcast,1,1,
68468,2021-08-08 12:15:00,40.59953,-73.97099,0,0,Driver Inattention/Distraction,4445159,22.9,19.4,12.7,12.7,0.0,17.0,63,19.9,36.0,38,Rain: Moderate,0,0,
68469,2021-08-08 04:25:00,40.82965,-73.90784,0,0,Following Too Closely,4445046,22.9,19.4,12.7,12.7,0.0,17.0,63,19.9,36.0,38,Rain: Moderate,0,0,
68470,2021-08-08 03:09:00,40.896496,-73.85905,1,0,Unsafe Speed,4445160,22.9,19.4,12.7,12.7,0.0,17.0,63,19.9,36.0,38,Rain: Moderate,1,1,
68471,2021-08-08 00:37:00,40.847366,-73.899506,0,0,Driver Inattention/Distraction,4445119,22.9,19.4,12.7,12.7,0.0,17.0,63,19.9,36.0,38,Rain: Moderate,0,0,
68472,2021-08-08 02:55:00,40.712532,-74.007675,0,0,Failure to Yield Right-of-Way,4445584,22.9,19.4,12.7,12.7,0.0,17.0,63,19.9,36.0,38,Rain: Moderate,0,0,
68473,2021-08-08 03:54:00,40.81782,-73.89264,2,0,Unsafe Lane Changing,4444640,22.9,19.4,12.7,12.7,0.0,17.0,63,19.9,36.0,38,Rain: Moderate,2,2,
68474,2021-08-06 10:28:00,40.818798,-73.89213,1,0,Unspecified,4445623,28.9,17.4,0.0,0.0,0.0,0.0,3,18.1,38.2,188,Overcast,1,1,
68475,2021-08-08 17:40:00,40.677414,-73.93033,0,0,Passing Too Closely,4445726,22.9,19.4,12.7,12.7,0.0,17.0,63,19.9,36.0,38,Rain: Moderate,0,0,
68476,2021-08-08 19:45:00,40.66223,-73.93997,0,0,Unspecified,4445000,22.9,19.4,12.7,12.7,0.0,17.0,63,19.9,36.0,38,Rain: Moderate,0,0,
68477,2021-07-31 12:50:00,40.80123,-73.9577,0,0,Passing Too Closely,4445514,25.6,14.5,0.0,0.0,0.0,0.0,2,16.8,33.8,304,Partly cloudy,0,0,
68478,2021-08-02 15:15:00,40.67942,-73.96823,0,0,Failure to Yield Right-of-Way,4445711,26.4,17.2,0.0,0.0,0.0,0.0,3,18.4,37.4,313,Overcast,0,0,
68479,2021-08-07 15:18:00,40.705803,-73.78766,0,0,Unsafe Speed,4445689,29.7,19.9,0.0,0.0,0.0,0.0,3,24.2,45.0,198,Overcast,0,0,
68480,2021-08-05 07:44:00,40.82684,-73.916245,0,0,Unspecified,4445564,27.1,17.4,0.1,0.1,0.0,1.0,51,13.2,27.0,5,Drizzle: Light,0,0,
68481,2021-08-08 07:00:00,40.599163,-73.91084,2,0,Other Vehicular,4444728,22.9,19.4,12.7,12.7,0.0,17.0,63,19.9,36.0,38,Rain: Moderate,2,2,
68482,2021-08-06 18:32:00,40.763588,-73.97142,0,0,Driver Inattention/Distraction,4445597,28.9,17.4,0.0,0.0,0.0,0.0,3,18.1,38.2,188,Overcast,0,0,
68483,2021-08-08 20:13:00,40.617886,-74.01712,0,0,Driver Inattention/Distraction,4444968,22.9,19.4,12.7,12.7,0.0,17.0,63,19.9,36.0,38,Rain: Moderate,0,0,
68484,2021-08-08 01:18:00,40.692875,-73.83219,0,0,Following Too Closely,4445134,22.9,19.4,12.7,12.7,0.0,17.0,63,19.9,36.0,38,Rain: Moderate,0,0,
68485,2021-07-31 17:13:00,40.741272,-73.97535,1,0,Unspecified,4445632,25.6,14.5,0.0,0.0,0.0,0.0,2,16.8,33.8,304,Partly cloudy,1,1,
68486,2021-08-08 18:50:00,40.681797,-73.97681,1,0,Unspecified,4445029,22.9,19.4,12.7,12.7,0.0,17.0,63,19.9,36.0,38,Rain: Moderate,1,1,
68487,2021-08-08 13:50:00,40.744747,-73.86489,1,0,Failure to Yield Right-of-Way,4445479,22.9,19.4,12.7,12.7,0.0,17.0,63,19.9,36.0,38,Rain: Moderate,1,1,
68488,2021-08-08 13:00:00,40.81467,-73.9142,1,0,Passing Too Closely,4445087,22.9,19.4,12.7,12.7,0.0,17.0,63,19.9,36.0,38,Rain: Moderate,1,1,
68489,2021-08-06 00:00:00,40.8265,-73.88352,0,0,Unspecified,4445705,28.9,17.4,0.0,0.0,0.0,0.0,3,18.1,38.2,188,Overcast,0,0,
68490,2021-07-23 14:43:00,40.821358,-73.889114,0,0,Unspecified,4445617,26.2,17.3,0.0,0.0,0.0,0.0,1,11.3,27.0,340,Mainly clear,0,0,Sunny/Clear Conditions
68491,2021-08-08 12:20:00,40.741386,-73.994995,0,0,Driver Inattention/Distraction,4444835,22.9,19.4,12.7,12.7,0.0,17.0,63,19.9,36.0,38,Rain: Moderate,0,0,
68492,2021-08-08 15:43:00,40.83611,-73.92238,1,0,Traffic Control Disregarded,4444908,22.9,19.4,12.7,12.7,0.0,17.0,63,19.9,36.0,38,Rain: Moderate,1,1,
68493,2021-08-08 11:50:00,40.75791,-73.97766,0,0,Passing or Lane Usage Improper,4445251,22.9,19.4,12.7,12.7,0.0,17.0,63,19.9,36.0,38,Rain: Moderate,0,0,
68494,2021-08-08 15:38:00,40.6915,-73.90956,0,0,Driver Inattention/Distraction,4444993,22.9,19.4,12.7,12.7,0.0,17.0,63,19.9,36.0,38,Rain: Moderate,0,0,
68495,2021-08-08 12:00:00,40.648823,-73.951775,0,0,Driver Inattention/Distraction,4445411,22.9,19.4,12.7,12.7,0.0,17.0,63,19.9,36.0,38,Rain: Moderate,0,0,
68496,2021-07-28 15:27:00,40.704876,-73.81279,1,0,Failure to Yield Right-of-Way,4445645,26.7,20.2,0.7,0.7,0.0,3.0,53,16.7,34.2,1,Drizzle: Moderate,1,1,
68497,2021-08-08 03:15:00,40.748913,-73.9374,0,0,Driver Inattention/Distraction,4444788,22.9,19.4,12.7,12.7,0.0,17.0,63,19.9,36.0,38,Rain: Moderate,0,0,
68498,2021-08-08 07:30:00,40.7968,-73.929375,1,0,Following Too Closely,4445169,22.9,19.4,12.7,12.7,0.0,17.0,63,19.9,36.0,38,Rain: Moderate,1,1,
68499,2021-08-08 15:40:00,40.86278,-73.90672,0,0,Unspecified,4445267,22.9,19.4,12.7,12.7,0.0,17.0,63,19.9,36.0,38,Rain: Moderate,0,0,
68500,2021-08-08 12:47:00,40.676598,-73.93039,0,0,Backing Unsafely,4444861,22.9,19.4,12.7,12.7,0.0,17.0,63,19.9,36.0,38,Rain: Moderate,0,0,
68501,2021-08-08 21:50:00,40.598553,-73.997345,2,0,Following Too Closely,4445063,22.9,19.4,12.7,12.7,0.0,17.0,63,19.9,36.0,38,Rain: Moderate,2,2,
68502,2021-08-02 13:00:00,40.605427,-74.0762,0,0,Driver Inattention/Distraction,4445554,26.4,17.2,0.0,0.0,0.0,0.0,3,18.4,37.4,313,Overcast,0,0,
68503,2021-08-08 16:15:00,40.74197,-73.90356,0,0,Unspecified,4445427,22.9,19.4,12.7,12.7,0.0,17.0,63,19.9,36.0,38,Rain: Moderate,0,0,
68504,2021-08-08 16:45:00,40.76349,-73.86079,2,0,Driver Inattention/Distraction,4444978,22.9,19.4,12.7,12.7,0.0,17.0,63,19.9,36.0,38,Rain: Moderate,2,2,
68505,2021-08-08 14:00:00,40.63509,-73.97256,0,0,Unspecified,4445076,22.9,19.4,12.7,12.7,0.0,17.0,63,19.9,36.0,38,Rain: Moderate,0,0,
68506,2021-08-08 10:31:00,40.70253,-73.94879,0,0,Aggressive Driving/Road Rage,4445815,22.9,19.4,12.7,12.7,0.0,17.0,63,19.9,36.0,38,Rain: Moderate,0,0,
68507,2021-07-12 07:30:00,40.656155,-73.95173,0,0,Other Vehicular,4445760,28.6,22.0,9.7,9.7,0.0,12.0,63,12.0,31.7,107,Rain: Moderate,0,0,
68508,2021-08-08 13:00:00,40.743263,-73.98202,1,0,Traffic Control Disregarded,4445660,22.9,19.4,12.7,12.7,0.0,17.0,63,19.9,36.0,38,Rain: Moderate,1,1,
68509,2021-07-11 05:07:00,40.6224,-73.936646,0,0,Alcohol Involvement,4445543,24.9,19.8,2.5,2.5,0.0,9.0,53,15.8,35.3,141,Drizzle: Moderate,0,0,
68510,2021-07-25 08:33:00,40.820988,-73.89491,0,0,Unspecified,4445745,28.0,20.3,7.3,7.3,0.0,10.0,63,20.9,43.2,198,Rain: Moderate,0,0,
68511,2021-08-08 01:45:00,40.76121,-73.991264,0,0,Alcohol Involvement,4445225,22.9,19.4,12.7,12.7,0.0,17.0,63,19.9,36.0,38,Rain: Moderate,0,0,
68512,2021-08-08 05:00:00,40.695004,-73.9525,1,0,Turning Improperly,4444744,22.9,19.4,12.7,12.7,0.0,17.0,63,19.9,36.0,38,Rain: Moderate,1,1,
68513,2021-08-08 03:00:00,40.652504,-73.9244,0,0,Reaction to Uninvolved Vehicle,4445397,22.9,19.4,12.7,12.7,0.0,17.0,63,19.9,36.0,38,Rain: Moderate,0,0,
68514,2021-08-08 10:00:00,40.851044,-73.91488,1,0,Other Vehicular,4444942,22.9,19.4,12.7,12.7,0.0,17.0,63,19.9,36.0,38,Rain: Moderate,1,1,
68515,2021-08-08 20:55:00,40.768543,-73.9657,1,0,Traffic Control Disregarded,4445280,22.9,19.4,12.7,12.7,0.0,17.0,63,19.9,36.0,38,Rain: Moderate,1,1,
68516,2021-08-08 15:20:00,40.695156,-73.761765,1,0,Following Too Closely,4445176,22.9,19.4,12.7,12.7,0.0,17.0,63,19.9,36.0,38,Rain: Moderate,1,1,
68517,2021-08-05 23:40:00,40.706852,-73.948204,1,0,Traffic Control Disregarded,4445807,27.1,17.4,0.1,0.1,0.0,1.0,51,13.2,27.0,5,Drizzle: Light,1,1,
68518,2021-08-03 18:19:00,40.642494,-73.98014,0,0,Unspecified,4445609,24.2,15.3,0.0,0.0,0.0,0.0,3,10.7,21.2,7,Overcast,0,0,
68519,2021-08-08 21:40:00,40.746414,-73.88341,0,0,Driver Inattention/Distraction,4445147,22.9,19.4,12.7,12.7,0.0,17.0,63,19.9,36.0,38,Rain: Moderate,0,0,
68520,2021-06-15 11:50:00,40.635006,-73.93153,0,0,Unspecified,4445548,25.1,17.4,1.0,1.0,0.0,4.0,53,17.7,33.8,295,Drizzle: Moderate,0,0,
68521,2021-08-08 04:34:00,40.638153,-74.01397,0,0,Unspecified,4445009,22.9,19.4,12.7,12.7,0.0,17.0,63,19.9,36.0,38,Rain: Moderate,0,0,
68522,2021-08-08 11:27:00,40.64495,-73.9249,0,0,Unspecified,4445412,22.9,19.4,12.7,12.7,0.0,17.0,63,19.9,36.0,38,Rain: Moderate,0,0,
68523,2021-08-01 04:20:00,40.841682,-73.88832,0,0,Following Too Closely,4445520,24.4,16.6,0.8,0.8,0.0,5.0,51,19.9,39.2,168,Drizzle: Light,0,0,
68524,2021-08-08 12:40:00,40.615093,-73.96436,2,0,Unspecified,4445075,22.9,19.4,12.7,12.7,0.0,17.0,63,19.9,36.0,38,Rain: Moderate,2,2,
68525,2021-08-08 15:33:00,40.83984,-73.828445,0,0,Unspecified,4445293,22.9,19.4,12.7,12.7,0.0,17.0,63,19.9,36.0,38,Rain: Moderate,0,0,
68526,2021-08-08 07:00:00,40.79271,-73.84654,1,0,Unsafe Speed,4444766,22.9,19.4,12.7,12.7,0.0,17.0,63,19.9,36.0,38,Rain: Moderate,1,1,
68527,2021-08-08 01:37:00,40.878777,-73.85294,0,0,Failure to Yield Right-of-Way,4445156,22.9,19.4,12.7,12.7,0.0,17.0,63,19.9,36.0,38,Rain: Moderate,0,0,
68528,2021-08-08 08:03:00,40.71729,-73.83208,0,0,Alcohol Involvement,4444916,22.9,19.4,12.7,12.7,0.0,17.0,63,19.9,36.0,38,Rain: Moderate,0,0,
68529,2021-08-08 16:20:00,40.900208,-73.841705,0,0,Traffic Control Disregarded,4445164,22.9,19.4,12.7,12.7,0.0,17.0,63,19.9,36.0,38,Rain: Moderate,0,0,
68530,2021-08-08 00:42:00,40.855785,-73.90558,1,0,Driver Inattention/Distraction,4444996,22.9,19.4,12.7,12.7,0.0,17.0,63,19.9,36.0,38,Rain: Moderate,1,1,
68531,2021-08-08 18:07:00,40.593323,-73.964645,1,0,Following Too Closely,4445154,22.9,19.4,12.7,12.7,0.0,17.0,63,19.9,36.0,38,Rain: Moderate,1,1,
68532,2021-07-28 16:01:00,40.680477,-73.951164,5,0,Alcohol Involvement,4445575,26.7,20.2,0.7,0.7,0.0,3.0,53,16.7,34.2,1,Drizzle: Moderate,5,5,
68533,2021-08-08 15:00:00,40.75694,-73.93464,1,0,Traffic Control Disregarded,4445098,22.9,19.4,12.7,12.7,0.0,17.0,63,19.9,36.0,38,Rain: Moderate,1,1,
68534,2021-08-07 18:30:00,40.70644,-74.01782,0,0,Backing Unsafely,4445585,29.7,19.9,0.0,0.0,0.0,0.0,3,24.2,45.0,198,Overcast,0,0,
68535,2021-08-08 00:00:00,40.747112,-73.96894,0,0,Driver Inattention/Distraction,4444642,22.9,19.4,12.7,12.7,0.0,17.0,63,19.9,36.0,38,Rain: Moderate,0,0,
68536,2021-07-10 22:00:00,40.817158,-73.90154,1,0,Unspecified,4445624,25.5,20.7,0.5,0.5,0.0,3.0,51,14.5,29.9,1,Drizzle: Light,1,1,
68537,2021-07-31 15:20:00,40.80797,-73.94598,0,0,Following Too Closely,4445513,25.6,14.5,0.0,0.0,0.0,0.0,2,16.8,33.8,304,Partly cloudy,0,0,
68538,2021-08-05 17:10:00,40.688904,-73.980934,0,0,Following Too Closely,4445699,27.1,17.4,0.1,0.1,0.0,1.0,51,13.2,27.0,5,Drizzle: Light,0,0,
68539,2021-08-08 16:31:00,40.862442,-73.89715,1,0,Failure to Yield Right-of-Way,4445273,22.9,19.4,12.7,12.7,0.0,17.0,63,19.9,36.0,38,Rain: Moderate,1,1,
68540,2021-08-08 12:44:00,40.689983,-73.971245,0,0,Turning Improperly,4444858,22.9,19.4,12.7,12.7,0.0,17.0,63,19.9,36.0,38,Rain: Moderate,0,0,
68541,2021-08-08 04:00:00,40.74618,-73.86617,0,0,Unspecified,4444875,22.9,19.4,12.7,12.7,0.0,17.0,63,19.9,36.0,38,Rain: Moderate,0,0,
68542,2022-06-02 04:15:00,40.75648,-73.872154,0,0,Unspecified,4544474,26.7,15.9,10.9,10.9,0.0,11.0,63,13.3,26.3,217,Rain: Moderate,0,0,
68543,2021-08-03 02:59:00,40.81358,-73.89385,0,0,Passing Too Closely,4445622,24.2,15.3,0.0,0.0,0.0,0.0,3,10.7,21.2,7,Overcast,0,0,
68544,2021-08-08 15:00:00,40.754143,-73.87222,1,0,Driver Inattention/Distraction,4444925,22.9,19.4,12.7,12.7,0.0,17.0,63,19.9,36.0,38,Rain: Moderate,1,1,
68545,2021-08-08 12:26:00,40.82722,-73.84965,0,0,Unspecified,4445253,22.9,19.4,12.7,12.7,0.0,17.0,63,19.9,36.0,38,Rain: Moderate,0,0,
68546,2021-08-02 10:41:00,40.6577,-73.94058,1,0,Pedestrian/Bicyclist/Other Pedestrian Error/Confusion,4445650,26.4,17.2,0.0,0.0,0.0,0.0,3,18.4,37.4,313,Overcast,1,1,
68547,2021-08-08 21:09:00,40.709305,-73.84369,1,0,Driver Inattention/Distraction,4444975,22.9,19.4,12.7,12.7,0.0,17.0,63,19.9,36.0,38,Rain: Moderate,1,1,
68548,2021-08-08 15:00:00,40.65901,-73.98509,1,0,Driver Inattention/Distraction,4445309,22.9,19.4,12.7,12.7,0.0,17.0,63,19.9,36.0,38,Rain: Moderate,1,1,
68549,2021-07-31 06:39:00,40.681213,-73.931725,0,0,Unsafe Speed,4445694,25.6,14.5,0.0,0.0,0.0,0.0,2,16.8,33.8,304,Partly cloudy,0,0,
68550,2021-08-08 11:55:00,40.667095,-73.92276,1,0,Pedestrian/Bicyclist/Other Pedestrian Error/Confusion,4444779,22.9,19.4,12.7,12.7,0.0,17.0,63,19.9,36.0,38,Rain: Moderate,1,1,
68551,2021-08-08 21:19:00,40.730278,-73.98936,0,0,Driver Inattention/Distraction,4445198,22.9,19.4,12.7,12.7,0.0,17.0,63,19.9,36.0,38,Rain: Moderate,0,0,
68552,2021-08-08 04:59:00,40.676598,-73.89038,0,0,Unsafe Speed,4445297,22.9,19.4,12.7,12.7,0.0,17.0,63,19.9,36.0,38,Rain: Moderate,0,0,
68553,2021-08-08 22:45:00,40.664017,-73.7686,0,0,Unspecified,4445401,22.9,19.4,12.7,12.7,0.0,17.0,63,19.9,36.0,38,Rain: Moderate,0,0,
68554,2021-08-08 02:40:00,40.76652,-73.78339,1,0,Pavement Slippery,4444790,22.9,19.4,12.7,12.7,0.0,17.0,63,19.9,36.0,38,Rain: Moderate,1,1,
68555,2021-08-08 17:50:00,40.599854,-73.98878,2,0,Driver Inattention/Distraction,4444919,22.9,19.4,12.7,12.7,0.0,17.0,63,19.9,36.0,38,Rain: Moderate,2,2,
68556,2021-07-24 21:23:00,40.817673,-73.91704,1,0,Unspecified,4445665,26.8,18.2,0.0,0.0,0.0,0.0,3,16.3,31.7,152,Overcast,1,1,
68557,2021-08-07 19:00:00,40.6953,-73.812096,0,0,Driver Inattention/Distraction,4445687,29.7,19.9,0.0,0.0,0.0,0.0,3,24.2,45.0,198,Overcast,0,0,
68558,2021-08-08 19:19:00,40.759983,-73.964806,1,0,Failure to Yield Right-of-Way,4444967,22.9,19.4,12.7,12.7,0.0,17.0,63,19.9,36.0,38,Rain: Moderate,1,1,
68559,2021-08-08 16:07:00,40.744358,-73.88597,0,0,Driver Inattention/Distraction,4445135,22.9,19.4,12.7,12.7,0.0,17.0,63,19.9,36.0,38,Rain: Moderate,0,0,
68560,2021-07-28 09:30:00,40.717014,-73.7994,0,0,Driver Inattention/Distraction,4445512,26.7,20.2,0.7,0.7,0.0,3.0,53,16.7,34.2,1,Drizzle: Moderate,0,0,
68561,2021-07-16 13:45:00,40.823143,-73.89043,0,0,Unspecified,4445616,32.3,23.2,0.3,0.3,0.0,3.0,51,12.3,33.1,238,Drizzle: Light,0,0,
68562,2021-08-08 12:30:00,40.777905,-73.98209,0,0,Other Vehicular,4444816,22.9,19.4,12.7,12.7,0.0,17.0,63,19.9,36.0,38,Rain: Moderate,0,0,
68563,2021-08-08 18:00:00,40.848667,-73.939186,0,0,Failure to Yield Right-of-Way,4444994,22.9,19.4,12.7,12.7,0.0,17.0,63,19.9,36.0,38,Rain: Moderate,0,0,
68564,2021-08-08 07:00:00,40.765224,-73.9317,3,0,Failure to Yield Right-of-Way,4444754,22.9,19.4,12.7,12.7,0.0,17.0,63,19.9,36.0,38,Rain: Moderate,3,3,
68565,2021-08-08 13:35:00,40.684734,-73.950455,1,0,Driver Inattention/Distraction,4444946,22.9,19.4,12.7,12.7,0.0,17.0,63,19.9,36.0,38,Rain: Moderate,1,1,
68566,2021-07-06 20:15:00,40.668373,-73.92264,0,0,Driver Inattention/Distraction,4445728,33.6,21.9,2.1,2.1,0.0,4.0,61,21.8,49.7,231,Rain: Light,0,0,
68567,2021-08-08 02:07:00,40.6771,-73.92479,0,0,Unspecified,4444933,22.9,19.4,12.7,12.7,0.0,17.0,63,19.9,36.0,38,Rain: Moderate,0,0,
68568,2021-07-31 16:22:00,40.761078,-73.9968,0,0,Unspecified,4445574,25.6,14.5,0.0,0.0,0.0,0.0,2,16.8,33.8,304,Partly cloudy,0,0,
68569,2021-08-08 16:34:00,40.620533,-74.003624,0,0,Driver Inattention/Distraction,4445315,22.9,19.4,12.7,12.7,0.0,17.0,63,19.9,36.0,38,Rain: Moderate,0,0,
68570,2021-08-08 06:00:00,40.863228,-73.883026,0,0,Driver Inattention/Distraction,4445036,22.9,19.4,12.7,12.7,0.0,17.0,63,19.9,36.0,38,Rain: Moderate,0,0,
68571,2021-08-08 12:17:00,40.64166,-73.93705,1,0,Unspecified,4445389,22.9,19.4,12.7,12.7,0.0,17.0,63,19.9,36.0,38,Rain: Moderate,1,1,
68572,2021-08-08 19:00:00,40.802998,-73.932106,0,0,Unspecified,4445292,22.9,19.4,12.7,12.7,0.0,17.0,63,19.9,36.0,38,Rain: Moderate,0,0,
68573,2021-08-08 22:45:00,40.858303,-73.892784,1,0,Failure to Yield Right-of-Way,4445112,22.9,19.4,12.7,12.7,0.0,17.0,63,19.9,36.0,38,Rain: Moderate,1,1,
68574,2021-07-27 06:00:00,40.740555,-73.78051,0,0,Driver Inattention/Distraction,4445644,30.4,19.1,0.2,0.2,0.0,2.0,51,19.5,38.9,206,Drizzle: Light,0,0,
68575,2021-08-07 17:52:00,40.541737,-74.183464,0,0,Driver Inattention/Distraction,4445557,29.7,19.9,0.0,0.0,0.0,0.0,3,24.2,45.0,198,Overcast,0,0,
68576,2021-08-08 14:18:00,40.644405,-73.964096,1,0,Failure to Yield Right-of-Way,4445006,22.9,19.4,12.7,12.7,0.0,17.0,63,19.9,36.0,38,Rain: Moderate,1,1,
68577,2021-08-08 09:00:00,40.620575,-74.00358,0,0,Driver Inattention/Distraction,4444730,22.9,19.4,12.7,12.7,0.0,17.0,63,19.9,36.0,38,Rain: Moderate,0,0,
68578,2021-08-08 17:32:00,40.695114,-73.911865,2,0,View Obstructed/Limited,4445586,22.9,19.4,12.7,12.7,0.0,17.0,63,19.9,36.0,38,Rain: Moderate,2,2,
68579,2021-08-07 20:35:00,40.679073,-73.92527,0,0,Driver Inattention/Distraction,4445746,29.7,19.9,0.0,0.0,0.0,0.0,3,24.2,45.0,198,Overcast,0,0,
68580,2021-08-08 13:00:00,40.74111,-73.89842,2,0,Unsafe Lane Changing,4444911,22.9,19.4,12.7,12.7,0.0,17.0,63,19.9,36.0,38,Rain: Moderate,2,2,
68581,2021-08-08 16:35:00,40.72971,-73.99966,0,0,Unspecified,4445077,22.9,19.4,12.7,12.7,0.0,17.0,63,19.9,36.0,38,Rain: Moderate,0,0,
68582,2021-08-08 11:36:00,40.811413,-73.85614,0,0,Unspecified,4445706,22.9,19.4,12.7,12.7,0.0,17.0,63,19.9,36.0,38,Rain: Moderate,0,0,
68583,2021-08-06 22:32:00,40.850414,-73.93455,0,0,Passing or Lane Usage Improper,4445516,28.9,17.4,0.0,0.0,0.0,0.0,3,18.1,38.2,188,Overcast,0,0,
68584,2021-08-07 10:30:00,40.77077,-73.91727,0,0,Following Too Closely,4445880,29.7,19.9,0.0,0.0,0.0,0.0,3,24.2,45.0,198,Overcast,0,0,
68585,2021-08-08 22:25:00,40.807552,-73.91922,1,0,Driver Inattention/Distraction,4445088,22.9,19.4,12.7,12.7,0.0,17.0,63,19.9,36.0,38,Rain: Moderate,1,1,
68586,2021-08-08 03:40:00,40.674885,-73.927765,0,0,Driver Inattention/Distraction,4445759,22.9,19.4,12.7,12.7,0.0,17.0,63,19.9,36.0,38,Rain: Moderate,0,0,
68587,2021-08-08 03:30:00,40.68372,-73.78468,1,0,Unsafe Speed,4445173,22.9,19.4,12.7,12.7,0.0,17.0,63,19.9,36.0,38,Rain: Moderate,1,1,
68588,2021-08-06 11:19:00,40.807095,-73.945984,0,0,Driver Inattention/Distraction,4445521,28.9,17.4,0.0,0.0,0.0,0.0,3,18.1,38.2,188,Overcast,0,0,
68589,2021-08-08 11:17:00,40.842945,-73.89061,0,0,Driver Inattention/Distraction,4445059,22.9,19.4,12.7,12.7,0.0,17.0,63,19.9,36.0,38,Rain: Moderate,0,0,
68590,2021-08-08 00:50:00,40.84681,-73.93581,0,0,Unspecified,4444986,22.9,19.4,12.7,12.7,0.0,17.0,63,19.9,36.0,38,Rain: Moderate,0,0,
68591,2021-08-07 14:30:00,40.71832,-74.007034,0,0,Traffic Control Disregarded,4445581,29.7,19.9,0.0,0.0,0.0,0.0,3,24.2,45.0,198,Overcast,0,0,
68592,2021-08-08 00:30:00,40.714268,-73.94723,0,0,Unspecified,4445224,22.9,19.4,12.7,12.7,0.0,17.0,63,19.9,36.0,38,Rain: Moderate,0,0,
68593,2021-08-08 02:09:00,40.708763,-73.998116,0,1,Driver Inattention/Distraction,4445442,22.9,19.4,12.7,12.7,0.0,17.0,63,19.9,36.0,38,Rain: Moderate,20,1,
68594,2021-08-08 18:30:00,40.754555,-73.91151,1,0,Pavement Slippery,4445101,22.9,19.4,12.7,12.7,0.0,17.0,63,19.9,36.0,38,Rain: Moderate,1,1,
68595,2021-07-31 01:08:00,40.708805,-73.92577,2,0,Driver Inattention/Distraction,4445816,25.6,14.5,0.0,0.0,0.0,0.0,2,16.8,33.8,304,Partly cloudy,2,2,
68596,2021-08-08 00:41:00,40.584652,-73.95297,0,0,Pavement Slippery,4445157,22.9,19.4,12.7,12.7,0.0,17.0,63,19.9,36.0,38,Rain: Moderate,0,0,