,CRASH DATETIME,LATITUDE,LONGITUDE,NUMBER OF PERSONS INJURED,NUMBER OF PERSONS KILLED,CONTRIBUTING FACTOR VEHICLE 1,COLLISION_ID,temperature_2m_max,temperature_2m_min,precipitation_sum,rain_sum,snowfall_sum,precipitation_hours,weather_code,wind_speed_10m_max,wind_gusts_10m_max,wind_direction_10m_dominant,Weather Description,Severity_Score,Total_Affected_Persons,Weather_Category
68597,2021-08-08 20:51:00,0.0,0.0,1,0,Driver Inattention/Distraction,4445648,22.9,19.4,12.7,12.7,0.0,17.0,63,19.9,36.0,38,Rain: Moderate,1,1,
68598,2021-08-05 21:57:00,40.605072,-73.92988,0,0,Failure to Yield Right-of-Way,4445541,27.1,17.4,0.1,0.1,0.0,1.0,51,13.2,27.0,5,Drizzle: Light,0,0,
68599,2021-07-26 17:30:00,40.671185,-73.94204,0,0,Traffic Control Disregarded,4445710,31.4,21.8,0.0,0.0,0.0,0.0,3,13.0,25.6,295,Overcast,0,0,
68600,2021-08-08 06:30:00,40.786545,-73.95256,1,0,Alcohol Involvement,4445549,22.9,19.4,12.7,12.7,0.0,17.0,63,19.9,36.0,38,Rain: Moderate,1,1,
68601,2021-08-08 04:05:00,40.72326,-73.988434,0,0,Traffic Control Disregarded,4444682,22.9,19.4,12.7,12.7,0.0,17.0,63,19.9,36.0,38,Rain: Moderate,0,0,
68602,2021-08-07 03:11:00,40.81328,-73.89749,0,0,Unspecified,4445627,29.7,19.9,0.0,0.0,0.0,0.0,3,24.2,45.0,198,Overcast,0,0,
68603,2021-08-08 00:00:00,40.71879,-74.00824,0,0,Unspecified,4445582,22.9,19.4,12.7,12.7,0.0,17.0,63,19.9,36.0,38,Rain: Moderate,0,0,
68604,2021-08-08 14:15:00,40.709316,-73.73441,1,0,Failure to Yield Right-of-Way,4445019,22.9,19.4,12.7,12.7,0.0,17.0,63,19.9,36.0,38,Rain: Moderate,1,1,
68605,2021-08-08 00:10:00,40.675243,-74.012695,1,0,Unspecified,4445278,22.9,19.4,12.7,12.7,0.0,17.0,63,19.9,36.0,38,Rain: Moderate,1,1,
68606,2021-08-08 03:30:00,40.750565,-73.85868,1,0,Unspecified,4444876,22.9,19.4,12.7,12.7,0.0,17.0,63,19.9,36.0,38,Rain: Moderate,1,1,
68607,2021-08-08 17:58:00,40.84059,-73.86637,1,0,Failure to Yield Right-of-Way,4445254,22.9,19.4,12.7,12.7,0.0,17.0,63,19.9,36.0,38,Rain: Moderate,1,1,
68608,2021-08-02 18:58:00,40.63586,-73.979935,0,0,Unspecified,4445608,26.4,17.2,0.0,0.0,0.0,0.0,3,18.4,37.4,313,Overcast,0,0,
68609,2021-08-02 11:13:00,40.810764,-73.9526,0,0,Pedestrian/Bicyclist/Other Pedestrian Error/Confusion,4445517,26.4,17.2,0.0,0.0,0.0,0.0,3,18.4,37.4,313,Overcast,0,0,
68610,2021-08-08 20:40:00,40.76219,-73.90195,0,0,Driver Inattention/Distraction,4445110,22.9,19.4,12.7,12.7,0.0,17.0,63,19.9,36.0,38,Rain: Moderate,0,0,
68611,2021-07-27 23:36:00,40.756485,-73.94005,0,0,Unsafe Speed,4445876,30.4,19.1,0.2,0.2,0.0,2.0,51,19.5,38.9,206,Drizzle: Light,0,0,
68612,2021-08-08 23:43:00,40.74264,-73.86987,0,0,Unspecified,4445145,22.9,19.4,12.7,12.7,0.0,17.0,63,19.9,36.0,38,Rain: Moderate,0,0,
68613,2021-08-08 15:00:00,40.653126,-73.92951,0,0,Driver Inattention/Distraction,4445413,22.9,19.4,12.7,12.7,0.0,17.0,63,19.9,36.0,38,Rain: Moderate,0,0,
68614,2021-08-08 14:00:00,40.679546,-73.82471,2,0,Failure to Yield Right-of-Way,4445181,22.9,19.4,12.7,12.7,0.0,17.0,63,19.9,36.0,38,Rain: Moderate,2,2,
68615,2021-08-08 07:25:00,40.679073,-73.92527,0,0,Driver Inattention/Distraction,4444932,22.9,19.4,12.7,12.7,0.0,17.0,63,19.9,36.0,38,Rain: Moderate,0,0,
68616,2021-08-08 10:35:00,40.658234,-73.9321,0,0,Unspecified,4444785,22.9,19.4,12.7,12.7,0.0,17.0,63,19.9,36.0,38,Rain: Moderate,0,0,
68617,2021-08-08 23:00:00,40.709023,-73.798195,0,0,Alcohol Involvement,4445653,22.9,19.4,12.7,12.7,0.0,17.0,63,19.9,36.0,38,Rain: Moderate,0,0,
68618,2021-08-08 08:20:00,40.699516,-73.810936,0,0,Unspecified,4445202,22.9,19.4,12.7,12.7,0.0,17.0,63,19.9,36.0,38,Rain: Moderate,0,0,
68619,2021-08-08 11:00:00,40.87492,-73.83836,1,0,Driver Inattention/Distraction,4445074,22.9,19.4,12.7,12.7,0.0,17.0,63,19.9,36.0,38,Rain: Moderate,1,1,
68620,2021-08-07 00:05:00,40.83501,-73.90353,3,0,Driver Inattention/Distraction,4445803,29.7,19.9,0.0,0.0,0.0,0.0,3,24.2,45.0,198,Overcast,3,3,
68621,2021-07-21 08:30:00,40.820335,-73.88423,0,0,Unspecified,4445620,27.6,20.9,1.4,1.4,0.0,4.0,53,16.0,31.3,315,Drizzle: Moderate,0,0,
68622,2021-06-27 08:40:00,40.675793,-73.94438,0,0,Unspecified,4445717,29.2,22.2,0.5,0.5,0.0,4.0,51,19.6,45.4,196,Drizzle: Light,0,0,
68623,2021-08-08 00:00:00,40.758415,-73.80991,0,0,Passing or Lane Usage Improper,4444934,22.9,19.4,12.7,12.7,0.0,17.0,63,19.9,36.0,38,Rain: Moderate,0,0,
68624,2021-08-08 01:00:00,40.843655,-73.93065,0,0,Driver Inattention/Distraction,4444987,22.9,19.4,12.7,12.7,0.0,17.0,63,19.9,36.0,38,Rain: Moderate,0,0,
68625,2021-08-08 08:30:00,40.712452,-73.80845,1,0,Driver Inattention/Distraction,4445448,22.9,19.4,12.7,12.7,0.0,17.0,63,19.9,36.0,38,Rain: Moderate,1,1,
68626,2021-08-08 00:00:00,40.843365,-73.91545,0,0,Reaction to Uninvolved Vehicle,4445299,22.9,19.4,12.7,12.7,0.0,17.0,63,19.9,36.0,38,Rain: Moderate,0,0,
68627,2021-08-08 15:25:00,40.67959,-73.88928,0,0,Other Vehicular,4445321,22.9,19.4,12.7,12.7,0.0,17.0,63,19.9,36.0,38,Rain: Moderate,0,0,
68628,2021-08-08 20:35:00,40.60386,-74.00979,1,0,Driver Inattention/Distraction,4445827,22.9,19.4,12.7,12.7,0.0,17.0,63,19.9,36.0,38,Rain: Moderate,1,1,
68629,2021-08-08 12:00:00,40.765625,-73.7244,0,0,Driver Inattention/Distraction,4444771,22.9,19.4,12.7,12.7,0.0,17.0,63,19.9,36.0,38,Rain: Moderate,0,0,
68630,2021-08-08 11:58:00,40.593742,-73.96085,1,0,Pedestrian/Bicyclist/Other Pedestrian Error/Confusion,4445153,22.9,19.4,12.7,12.7,0.0,17.0,63,19.9,36.0,38,Rain: Moderate,1,1,
68631,2021-07-31 12:08:00,40.68836,-73.91615,0,0,Other Vehicular,4445860,25.6,14.5,0.0,0.0,0.0,0.0,2,16.8,33.8,304,Partly cloudy,0,0,
68632,2021-08-08 03:25:00,40.765022,-73.876686,0,0,Driver Inattention/Distraction,4444854,22.9,19.4,12.7,12.7,0.0,17.0,63,19.9,36.0,38,Rain: Moderate,0,0,
68633,2021-08-07 21:45:00,40.693863,-73.92971,0,0,Unsafe Speed,4445858,29.7,19.9,0.0,0.0,0.0,0.0,3,24.2,45.0,198,Overcast,0,0,
68634,2021-08-08 14:40:00,40.694435,-73.80198,1,0,Pedestrian/Bicyclist/Other Pedestrian Error/Confusion,4445223,22.9,19.4,12.7,12.7,0.0,17.0,63,19.9,36.0,38,Rain: Moderate,1,1,
68635,2021-08-08 01:55:00,40.754158,-73.898636,0,0,Pavement Slippery,4444753,22.9,19.4,12.7,12.7,0.0,17.0,63,19.9,36.0,38,Rain: Moderate,0,0,
68636,2021-08-08 21:43:00,40.694687,-73.91112,2,0,Driver Inattention/Distraction,4444995,22.9,19.4,12.7,12.7,0.0,17.0,63,19.9,36.0,38,Rain: Moderate,2,2,
68637,2021-08-08 14:25:00,40.58667,-73.966156,0,0,Backing Unsafely,4445296,22.9,19.4,12.7,12.7,0.0,17.0,63,19.9,36.0,38,Rain: Moderate,0,0,
68638,2021-06-13 08:00:00,40.669273,-73.922554,0,0,Unspecified,4445729,23.9,15.0,0.2,0.2,0.0,2.0,51,17.7,35.6,185,Drizzle: Light,0,0,
68639,2021-08-08 21:30:00,40.676548,-73.76838,1,0,Unsafe Speed,4445178,22.9,19.4,12.7,12.7,0.0,17.0,63,19.9,36.0,38,Rain: Moderate,1,1,
68640,2021-08-08 14:58:00,40.59124,-73.99402,1,0,Unsafe Speed,4444918,22.9,19.4,12.7,12.7,0.0,17.0,63,19.9,36.0,38,Rain: Moderate,1,1,
68641,2021-07-09 10:50:00,40.803085,-73.91646,0,0,Unsafe Speed,4445602,29.8,22.0,35.0,35.0,0.0,14.0,63,31.0,55.8,341,Rain: Moderate,0,0,
68642,2021-08-03 08:00:00,40.73661,-74.005325,0,0,Unspecified,4445562,24.2,15.3,0.0,0.0,0.0,0.0,3,10.7,21.2,7,Overcast,0,0,
68643,2021-08-08 21:45:00,40.72693,-73.996666,0,0,Driver Inattention/Distraction,4445078,22.9,19.4,12.7,12.7,0.0,17.0,63,19.9,36.0,38,Rain: Moderate,0,0,
68644,2021-08-08 11:31:00,40.65463,-74.00042,1,0,Unspecified,4445042,22.9,19.4,12.7,12.7,0.0,17.0,63,19.9,36.0,38,Rain: Moderate,1,1,
68645,2021-08-08 00:40:00,40.73949,-73.8369,1,0,Passing or Lane Usage Improper,4445488,22.9,19.4,12.7,12.7,0.0,17.0,63,19.9,36.0,38,Rain: Moderate,1,1,
68646,2021-08-05 17:00:00,40.841396,-73.92277,0,0,Backing Unsafely,4445530,27.1,17.4,0.1,0.1,0.0,1.0,51,13.2,27.0,5,Drizzle: Light,0,0,
68647,2021-08-08 15:15:00,40.776466,-73.92738,0,0,Failure to Yield Right-of-Way,4445097,22.9,19.4,12.7,12.7,0.0,17.0,63,19.9,36.0,38,Rain: Moderate,0,0,
68648,2021-08-08 04:07:00,40.738194,-73.8492,1,0,Driver Inattention/Distraction,4444915,22.9,19.4,12.7,12.7,0.0,17.0,63,19.9,36.0,38,Rain: Moderate,1,1,
68649,2021-06-28 17:30:00,40.67058,-73.93096,0,0,Passing or Lane Usage Improper,4445708,32.3,22.9,0.0,0.0,0.0,0.0,3,20.0,37.8,212,Overcast,0,0,
68650,2021-08-08 13:40:00,40.670223,-73.72855,2,0,Unspecified,4444806,22.9,19.4,12.7,12.7,0.0,17.0,63,19.9,36.0,38,Rain: Moderate,2,2,
68651,2021-08-07 18:45:00,40.76067,-73.97259,1,0,Driver Inattention/Distraction,4445612,29.7,19.9,0.0,0.0,0.0,0.0,3,24.2,45.0,198,Overcast,1,1,
68652,2021-08-08 02:57:00,40.832897,-73.862274,0,0,Driver Inattention/Distraction,4445246,22.9,19.4,12.7,12.7,0.0,17.0,63,19.9,36.0,38,Rain: Moderate,0,0,
68653,2021-08-08 18:05:00,40.719177,-73.79223,0,0,Brakes Defective,4445355,22.9,19.4,12.7,12.7,0.0,17.0,63,19.9,36.0,38,Rain: Moderate,0,0,
68654,2021-08-08 09:45:00,40.85223,-73.87141,1,0,Other Vehicular,4444948,22.9,19.4,12.7,12.7,0.0,17.0,63,19.9,36.0,38,Rain: Moderate,1,1,
68655,2021-08-08 04:39:00,40.821068,-73.934525,0,0,Unspecified,4445114,22.9,19.4,12.7,12.7,0.0,17.0,63,19.9,36.0,38,Rain: Moderate,0,0,
68656,2021-08-08 23:45:00,40.702614,-73.96058,5,0,Driver Inattention/Distraction,4445289,22.9,19.4,12.7,12.7,0.0,17.0,63,19.9,36.0,38,Rain: Moderate,5,5,
68657,2021-08-08 10:00:00,40.68259,-73.80614,1,0,Driver Inattention/Distraction,4444792,22.9,19.4,12.7,12.7,0.0,17.0,63,19.9,36.0,38,Rain: Moderate,1,1,
68658,2021-08-08 07:10:00,40.584522,-73.949,1,0,Unsafe Lane Changing,4444743,22.9,19.4,12.7,12.7,0.0,17.0,63,19.9,36.0,38,Rain: Moderate,1,1,
68659,2021-08-08 20:00:00,40.730366,-73.91388,0,0,Unspecified,4445004,22.9,19.4,12.7,12.7,0.0,17.0,63,19.9,36.0,38,Rain: Moderate,0,0,
68660,2021-08-08 13:30:00,40.70535,-73.773155,0,0,Unsafe Speed,4445683,22.9,19.4,12.7,12.7,0.0,17.0,63,19.9,36.0,38,Rain: Moderate,0,0,
68661,2021-08-08 09:06:00,40.68963,-73.82583,0,0,Passing Too Closely,4445139,22.9,19.4,12.7,12.7,0.0,17.0,63,19.9,36.0,38,Rain: Moderate,0,0,
68662,2021-08-08 10:30:00,40.65965,-73.773834,0,0,Unspecified,4444960,22.9,19.4,12.7,12.7,0.0,17.0,63,19.9,36.0,38,Rain: Moderate,0,0,
68663,2021-08-07 00:56:00,40.67986,-73.7883,0,0,Passing Too Closely,4445568,29.7,19.9,0.0,0.0,0.0,0.0,3,24.2,45.0,198,Overcast,0,0,
68664,2021-08-06 15:52:00,40.7247,-74.00932,1,0,Driver Inattention/Distraction,4445589,28.9,17.4,0.0,0.0,0.0,0.0,3,18.1,38.2,188,Overcast,1,1,
68665,2021-07-25 18:43:00,40.726665,-73.98309,1,0,Following Too Closely,4445515,28.0,20.3,7.3,7.3,0.0,10.0,63,20.9,43.2,198,Rain: Moderate,1,1,
68666,2021-08-08 10:09:00,40.85858,-73.89349,0,0,Driver Inattention/Distraction,4445638,22.9,19.4,12.7,12.7,0.0,17.0,63,19.9,36.0,38,Rain: Moderate,0,0,
68667,2021-08-08 20:12:00,40.753677,-73.914474,1,0,Driver Inattention/Distraction,4445881,22.9,19.4,12.7,12.7,0.0,17.0,63,19.9,36.0,38,Rain: Moderate,1,1,
68668,2021-08-08 21:24:00,40.720707,-73.981316,0,0,,4445022,22.9,19.4,12.7,12.7,0.0,17.0,63,19.9,36.0,38,Rain: Moderate,0,0,
68669,2021-08-03 21:58:00,40.85372,-73.928696,0,0,Driver Inattention/Distraction,4445523,24.2,15.3,0.0,0.0,0.0,0.0,3,10.7,21.2,7,Overcast,0,0,
68670,2021-08-03 12:30:00,40.748302,-73.97835,0,0,Unsafe Lane Changing,4445666,24.2,15.3,0.0,0.0,0.0,0.0,3,10.7,21.2,7,Overcast,0,0,
68671,2021-08-08 06:58:00,40.861862,-73.91275,0,0,Unsafe Speed,4445203,22.9,19.4,12.7,12.7,0.0,17.0,63,19.9,36.0,38,Rain: Moderate,0,0,
68672,2021-08-08 13:50:00,40.67034,-73.90637,0,0,Unspecified,4445702,22.9,19.4,12.7,12.7,0.0,17.0,63,19.9,36.0,38,Rain: Moderate,0,0,
68673,2021-07-31 12:07:00,40.725292,-73.954666,0,0,Passing Too Closely,4445731,25.6,14.5,0.0,0.0,0.0,0.0,2,16.8,33.8,304,Partly cloudy,0,0,
68674,2021-08-08 08:15:00,40.74738,-73.83509,0,0,Unspecified,4444877,22.9,19.4,12.7,12.7,0.0,17.0,63,19.9,36.0,38,Rain: Moderate,0,0,
68675,2021-08-08 04:20:00,40.768642,-73.949036,0,0,Driver Inattention/Distraction,4445279,22.9,19.4,12.7,12.7,0.0,17.0,63,19.9,36.0,38,Rain: Moderate,0,0,
68676,2021-08-01 20:13:00,40.81843,-73.887535,0,0,Unspecified,4445619,24.4,16.6,0.8,0.8,0.0,5.0,51,19.9,39.2,168,Drizzle: Light,0,0,
68677,2021-08-08 21:00:00,40.665268,-73.827705,1,0,Driver Inattention/Distraction,4445182,22.9,19.4,12.7,12.7,0.0,17.0,63,19.9,36.0,38,Rain: Moderate,1,1,
68678,2021-08-08 05:50:00,40.759624,-73.85817,0,0,Driver Inattention/Distraction,4444852,22.9,19.4,12.7,12.7,0.0,17.0,63,19.9,36.0,38,Rain: Moderate,0,0,
68679,2021-08-08 14:13:00,40.81796,-73.960365,0,0,Unspecified,4444936,22.9,19.4,12.7,12.7,0.0,17.0,63,19.9,36.0,38,Rain: Moderate,0,0,
68680,2021-08-08 13:32:00,40.658394,-73.91557,1,0,Unspecified,4445399,22.9,19.4,12.7,12.7,0.0,17.0,63,19.9,36.0,38,Rain: Moderate,1,1,
68681,2021-08-08 13:50:00,40.58042,-74.09865,0,0,Unspecified,4445329,22.9,19.4,12.7,12.7,0.0,17.0,63,19.9,36.0,38,Rain: Moderate,0,0,
68682,2021-08-08 00:00:00,40.870823,-73.86708,1,0,Obstruction/Debris,4444786,22.9,19.4,12.7,12.7,0.0,17.0,63,19.9,36.0,38,Rain: Moderate,1,1,
68683,2021-08-07 04:15:00,40.848118,-73.93089,0,0,Passing or Lane Usage Improper,4445640,29.7,19.9,0.0,0.0,0.0,0.0,3,24.2,45.0,198,Overcast,0,0,
68684,2021-08-08 01:57:00,40.678516,-73.963905,0,0,Alcohol Involvement,4445709,22.9,19.4,12.7,12.7,0.0,17.0,63,19.9,36.0,38,Rain: Moderate,0,0,
68685,2021-08-07 00:23:00,40.8531,-73.92915,0,0,Driver Inattention/Distraction,4445518,29.7,19.9,0.0,0.0,0.0,0.0,3,24.2,45.0,198,Overcast,0,0,
68686,2022-07-06 09:30:00,40.704594,-73.80211,0,0,Backing Unsafely,4544293,31.6,21.7,0.2,0.2,0.0,1.0,51,19.0,37.1,299,Drizzle: Light,0,0,
68687,2021-08-08 18:30:00,40.753677,-73.914474,0,0,Driver Inattention/Distraction,4445100,22.9,19.4,12.7,12.7,0.0,17.0,63,19.9,36.0,38,Rain: Moderate,0,0,
68688,2021-08-07 03:01:00,40.72584,-74.00757,0,0,Driver Inattention/Distraction,4445579,29.7,19.9,0.0,0.0,0.0,0.0,3,24.2,45.0,198,Overcast,0,0,
68689,2021-08-08 13:00:00,40.762188,-73.976135,0,0,Driver Inattention/Distraction,4445583,22.9,19.4,12.7,12.7,0.0,17.0,63,19.9,36.0,38,Rain: Moderate,0,0,
68690,2021-08-08 04:05:00,40.743504,-73.83567,2,0,Driver Inattention/Distraction,4444688,22.9,19.4,12.7,12.7,0.0,17.0,63,19.9,36.0,38,Rain: Moderate,2,2,
68691,2021-08-08 03:50:00,40.873497,-73.85429,0,0,Fell Asleep,4445151,22.9,19.4,12.7,12.7,0.0,17.0,63,19.9,36.0,38,Rain: Moderate,0,0,
68692,2021-08-08 21:40:00,40.71697,-73.998245,0,0,Driver Inattention/Distraction,4445168,22.9,19.4,12.7,12.7,0.0,17.0,63,19.9,36.0,38,Rain: Moderate,0,0,
68693,2021-08-07 09:20:00,40.6028,-73.74879,0,0,Unspecified,4445870,29.7,19.9,0.0,0.0,0.0,0.0,3,24.2,45.0,198,Overcast,0,0,
68694,2021-08-07 00:00:00,40.8154,-73.902245,0,0,Unspecified,4445628,29.7,19.9,0.0,0.0,0.0,0.0,3,24.2,45.0,198,Overcast,0,0,
68695,2021-08-08 08:30:00,40.744038,-73.81804,0,0,Alcohol Involvement,4445018,22.9,19.4,12.7,12.7,0.0,17.0,63,19.9,36.0,38,Rain: Moderate,0,0,
68696,2021-08-08 21:27:00,40.648865,-73.95048,0,0,Unspecified,4445414,22.9,19.4,12.7,12.7,0.0,17.0,63,19.9,36.0,38,Rain: Moderate,0,0,
68697,2021-08-08 00:33:00,40.742374,-74.0088,0,0,Driver Inattention/Distraction,4445072,22.9,19.4,12.7,12.7,0.0,17.0,63,19.9,36.0,38,Rain: Moderate,0,0,
68698,2021-08-06 20:15:00,40.718662,-73.80748,0,0,Unspecified,4445654,28.9,17.4,0.0,0.0,0.0,0.0,3,18.1,38.2,188,Overcast,0,0,
68699,2021-08-06 17:21:00,40.6715,-73.91505,0,0,Unspecified,4445842,28.9,17.4,0.0,0.0,0.0,0.0,3,18.1,38.2,188,Overcast,0,0,
68700,2021-08-08 03:25:00,40.598534,-73.95901,0,0,Pavement Slippery,4445158,22.9,19.4,12.7,12.7,0.0,17.0,63,19.9,36.0,38,Rain: Moderate,0,0,
68701,2021-08-08 17:15:00,40.692123,-73.98904,0,0,Following Too Closely,4444928,22.9,19.4,12.7,12.7,0.0,17.0,63,19.9,36.0,38,Rain: Moderate,0,0,
68702,2021-08-08 02:50:00,40.741623,-73.993744,0,0,Unspecified,4444770,22.9,19.4,12.7,12.7,0.0,17.0,63,19.9,36.0,38,Rain: Moderate,0,0,
68703,2021-08-08 16:10:00,40.577946,-74.102325,4,0,Failure to Yield Right-of-Way,4445258,22.9,19.4,12.7,12.7,0.0,17.0,63,19.9,36.0,38,Rain: Moderate,4,4,
68704,2021-08-08 12:00:00,40.728127,-73.8022,0,0,Driver Inattention/Distraction,4445449,22.9,19.4,12.7,12.7,0.0,17.0,63,19.9,36.0,38,Rain: Moderate,0,0,
68705,2021-08-08 06:09:00,40.843246,-73.94505,1,0,Pavement Slippery,4444989,22.9,19.4,12.7,12.7,0.0,17.0,63,19.9,36.0,38,Rain: Moderate,1,1,
68706,2021-08-08 10:15:00,40.82653,-73.94667,0,0,Traffic Control Disregarded,4444971,22.9,19.4,12.7,12.7,0.0,17.0,63,19.9,36.0,38,Rain: Moderate,0,0,
68707,2021-08-08 00:35:00,40.654793,-73.88999,0,0,Unspecified,4445301,22.9,19.4,12.7,12.7,0.0,17.0,63,19.9,36.0,38,Rain: Moderate,0,0,
68708,2021-08-08 03:20:00,40.649822,-74.009094,0,0,Turning Improperly,4445052,22.9,19.4,12.7,12.7,0.0,17.0,63,19.9,36.0,38,Rain: Moderate,0,0,
68709,2021-08-08 16:39:00,40.833233,-73.8282,0,0,Unspecified,4445104,22.9,19.4,12.7,12.7,0.0,17.0,63,19.9,36.0,38,Rain: Moderate,0,0,
68710,2021-08-08 19:00:00,40.86805,-73.90805,0,0,Unspecified,4445606,22.9,19.4,12.7,12.7,0.0,17.0,63,19.9,36.0,38,Rain: Moderate,0,0,
68711,2021-08-05 22:00:00,40.72963,-73.85558,1,0,Driver Inattention/Distraction,4445551,27.1,17.4,0.1,0.1,0.0,1.0,51,13.2,27.0,5,Drizzle: Light,1,1,
68712,2021-08-06 11:15:00,40.663906,-73.95098,0,0,Other Vehicular,4445758,28.9,17.4,0.0,0.0,0.0,0.0,3,18.1,38.2,188,Overcast,0,0,
68713,2021-08-01 14:00:00,40.699936,-73.91181,1,0,Driver Inattention/Distraction,4445859,24.4,16.6,0.8,0.8,0.0,5.0,51,19.9,39.2,168,Drizzle: Light,1,1,
68714,2021-08-08 21:40:00,40.738846,-73.86376,0,0,Driver Inattention/Distraction,4445144,22.9,19.4,12.7,12.7,0.0,17.0,63,19.9,36.0,38,Rain: Moderate,0,0,
68715,2021-08-08 21:47:00,40.717392,-73.97515,1,0,Pedestrian/Bicyclist/Other Pedestrian Error/Confusion,4445023,22.9,19.4,12.7,12.7,0.0,17.0,63,19.9,36.0,38,Rain: Moderate,1,1,
68716,2021-08-06 19:12:00,40.67357,-73.95294,0,0,Following Too Closely,4445716,28.9,17.4,0.0,0.0,0.0,0.0,3,18.1,38.2,188,Overcast,0,0,
68717,2021-03-12 16:20:00,40.625774,-73.936325,1,0,Unspecified,4445540,18.2,11.2,0.3,0.3,0.0,1.0,51,26.1,48.6,273,Drizzle: Light,1,1,
68718,2021-08-08 12:00:00,40.738132,-74.00418,0,0,Unspecified,4445563,22.9,19.4,12.7,12.7,0.0,17.0,63,19.9,36.0,38,Rain: Moderate,0,0,
68719,2021-08-08 20:20:00,40.638897,-73.96982,0,0,Unspecified,4445079,22.9,19.4,12.7,12.7,0.0,17.0,63,19.9,36.0,38,Rain: Moderate,0,0,
68720,2022-07-04 18:02:00,40.637962,-73.91347,3,0,Traffic Control Disregarded,4545144,30.9,17.5,0.0,0.0,0.0,0.0,3,15.4,27.4,302,Overcast,3,3,
68721,2022-05-27 21:00:00,40.6354,-74.106674,1,0,Unspecified,4544489,23.6,16.2,4.8,4.8,0.0,10.0,53,22.1,51.5,177,Drizzle: Moderate,1,1,
68722,2022-07-06 15:10:00,40.678436,-73.80057,0,0,Driver Inattention/Distraction,4544052,31.6,21.7,0.2,0.2,0.0,1.0,51,19.0,37.1,299,Drizzle: Light,0,0,
68723,2022-07-07 12:42:00,40.597168,-73.97149,1,0,Failure to Yield Right-of-Way,4544850,27.5,20.1,0.0,0.0,0.0,0.0,3,19.1,37.4,110,Overcast,1,1,
68724,2022-07-07 16:13:00,40.73578,-73.746544,4,0,Aggressive Driving/Road Rage,4544342,27.5,20.1,0.0,0.0,0.0,0.0,3,19.1,37.4,110,Overcast,4,4,
68725,2022-09-11 13:00:00,40.763817,-73.9887,0,0,Driver Inattention/Distraction,4568022,24.5,18.9,12.9,12.9,0.0,13.0,61,12.4,22.0,205,Rain: Light,0,0,
68726,2022-07-07 16:23:00,40.856403,-73.9073,0,0,Passing Too Closely,4544506,27.5,20.1,0.0,0.0,0.0,0.0,3,19.1,37.4,110,Overcast,0,0,
68727,2022-07-06 09:57:00,40.69363,-73.91332,0,0,Passing Too Closely,4543894,31.6,21.7,0.2,0.2,0.0,1.0,51,19.0,37.1,299,Drizzle: Light,0,0,
68728,2022-07-08 09:50:00,40.810814,-73.95875,0,0,Unspecified,4544654,29.6,19.3,1.8,1.8,0.0,8.0,51,15.0,31.0,187,Drizzle: Light,0,0,
68729,2022-07-06 12:35:00,40.60855,-74.14289,0,0,Driver Inattention/Distraction,4544269,31.6,21.7,0.2,0.2,0.0,1.0,51,19.0,37.1,299,Drizzle: Light,0,0,
68730,2022-07-05 14:00:00,40.82664,-73.94306,0,0,Unspecified,4544585,30.0,20.3,0.5,0.5,0.0,2.0,51,30.4,56.5,191,Drizzle: Light,0,0,
68731,2022-06-21 15:00:00,40.62673,-73.91155,0,0,Unspecified,4545104,26.0,14.6,1.0,1.0,0.0,3.0,53,13.0,24.1,175,Drizzle: Moderate,0,0,
68732,2022-07-08 08:17:00,40.70324,-73.91439,1,0,Driver Inattention/Distraction,4544887,29.6,19.3,1.8,1.8,0.0,8.0,51,15.0,31.0,187,Drizzle: Light,1,1,
68733,2022-07-05 14:53:00,40.720707,-73.981316,1,0,Pedestrian/Bicyclist/Other Pedestrian Error/Confusion,4544863,30.0,20.3,0.5,0.5,0.0,2.0,51,30.4,56.5,191,Drizzle: Light,1,1,
68734,2022-07-08 11:30:00,40.73007,-73.974625,0,0,Driver Inattention/Distraction,4544831,29.6,19.3,1.8,1.8,0.0,8.0,51,15.0,31.0,187,Drizzle: Light,0,0,
68735,2022-07-07 14:30:00,40.8681,-73.90836,1,0,Unsafe Speed,4544633,27.5,20.1,0.0,0.0,0.0,0.0,3,19.1,37.4,110,Overcast,1,1,
68736,2022-07-08 16:00:00,40.76338,-73.97156,2,0,Following Too Closely,4545022,29.6,19.3,1.8,1.8,0.0,8.0,51,15.0,31.0,187,Drizzle: Light,2,2,
68737,2022-07-07 09:20:00,40.81308,-73.95213,0,0,Unspecified,4544373,27.5,20.1,0.0,0.0,0.0,0.0,3,19.1,37.4,110,Overcast,0,0,
68738,2022-07-07 11:10:00,40.827244,-73.92406,1,0,Driver Inexperience,4544612,27.5,20.1,0.0,0.0,0.0,0.0,3,19.1,37.4,110,Overcast,1,1,
68739,2022-07-05 19:00:00,40.60529,-73.91436,0,0,Unspecified,4545103,30.0,20.3,0.5,0.5,0.0,2.0,51,30.4,56.5,191,Drizzle: Light,0,0,
68740,2022-07-06 12:00:00,40.880688,-73.885704,1,0,Failure to Yield Right-of-Way,4543901,31.6,21.7,0.2,0.2,0.0,1.0,51,19.0,37.1,299,Drizzle: Light,1,1,