,CRASH DATETIME,LATITUDE,LONGITUDE,NUMBER OF PERSONS INJURED,NUMBER OF PERSONS KILLED,CONTRIBUTING FACTOR VEHICLE 1,COLLISION_ID,temperature_2m_max,temperature_2m_min,precipitation_sum,rain_sum,snowfall_sum,precipitation_hours,weather_code,wind_speed_10m_max,wind_gusts_10m_max,wind_direction_10m_dominant,Weather Description,Severity_Score,Total_Affected_Persons,Weather_Category
68741,2022-07-06 03:47:00,40.69832,-73.962265,0,0,Outside Car Distraction,4544001,31.6,21.7,0.2,0.2,0.0,1.0,51,19.0,37.1,299,Drizzle: Light,0,0,
68742,2022-06-30 06:58:00,40.82119,-73.938,1,0,Passing Too Closely,4545195,31.2,17.3,0.0,0.0,0.0,0.0,2,19.1,37.4,274,Partly cloudy,1,1,
68743,2022-07-03 02:15:00,40.62047,-74.08441,0,0,Reaction to Uninvolved Vehicle,4544496,31.2,21.0,0.0,0.0,0.0,0.0,3,15.8,31.3,341,Overcast,0,0,
68744,2022-07-08 14:35:00,40.750965,-73.94027,2,0,Driver Inattention/Distraction,4545141,29.6,19.3,1.8,1.8,0.0,8.0,51,15.0,31.0,187,Drizzle: Light,2,2,
68745,2022-07-08 06:44:00,40.60175,-73.950806,1,0,Traffic Control Disregarded,4544855,29.6,19.3,1.8,1.8,0.0,8.0,51,15.0,31.0,187,Drizzle: Light,1,1,
68746,2022-07-08 08:50:00,40.629734,-74.08457,0,0,Unspecified,4545057,29.6,19.3,1.8,1.8,0.0,8.0,51,15.0,31.0,187,Drizzle: Light,0,0,
68747,2022-07-07 03:29:00,40.657738,-73.90917,0,0,Other Vehicular,4544857,27.5,20.1,0.0,0.0,0.0,0.0,3,19.1,37.4,110,Overcast,0,0,
68748,2022-07-06 17:10:00,40.680164,-73.84095,0,0,Unsafe Lane Changing,4544034,31.6,21.7,0.2,0.2,0.0,1.0,51,19.0,37.1,299,Drizzle: Light,0,0,
68749,2022-07-06 08:00:00,40.85407,-73.89932,0,0,Driver Inattention/Distraction,4544188,31.6,21.7,0.2,0.2,0.0,1.0,51,19.0,37.1,299,Drizzle: Light,0,0,
68750,2021-10-22 09:07:00,40.6306728,-73.9818892,1,0,Other Vehicular,4470606,20.3,14.4,0.0,0.0,0.0,0.0,3,18.1,31.3,267,Overcast,1,1,
68751,2022-07-05 13:42:00,40.762653,-73.922646,0,0,Driver Inattention/Distraction,4544491,30.0,20.3,0.5,0.5,0.0,2.0,51,30.4,56.5,191,Drizzle: Light,0,0,
68752,2022-07-07 14:30:00,40.710587,-73.95511,1,0,Driver Inattention/Distraction,4544388,27.5,20.1,0.0,0.0,0.0,0.0,3,19.1,37.4,110,Overcast,1,1,
68753,2022-06-24 07:10:00,40.759,-73.8705,0,0,Driver Inattention/Distraction,4544799,26.7,14.6,1.0,1.0,0.0,6.0,51,19.2,37.4,204,Drizzle: Light,0,0,
68754,2022-07-01 00:00:00,40.823822,-73.9443,0,0,Unspecified,4544469,33.7,20.2,0.1,0.1,0.0,1.0,51,32.3,58.0,215,Drizzle: Light,0,0,
68755,2022-07-06 01:45:00,40.700737,-73.99499,3,0,Unsafe Lane Changing,4543936,31.6,21.7,0.2,0.2,0.0,1.0,51,19.0,37.1,299,Drizzle: Light,3,3,
68756,2022-07-08 17:16:00,40.790657,-73.80467,0,0,Passing or Lane Usage Improper,4544623,29.6,19.3,1.8,1.8,0.0,8.0,51,15.0,31.0,187,Drizzle: Light,0,0,
68757,2022-07-06 18:40:00,40.765457,-73.981995,0,0,Unspecified,4544061,31.6,21.7,0.2,0.2,0.0,1.0,51,19.0,37.1,299,Drizzle: Light,0,0,
68758,2022-07-07 18:12:00,40.796738,-73.92925,1,0,Following Too Closely,4544601,27.5,20.1,0.0,0.0,0.0,0.0,3,19.1,37.4,110,Overcast,1,1,
68759,2022-07-08 18:05:00,40.83076,-73.86421,0,0,Unsafe Speed,4544655,29.6,19.3,1.8,1.8,0.0,8.0,51,15.0,31.0,187,Drizzle: Light,0,0,
68760,2022-07-04 15:15:00,40.818604,-73.88917,0,0,Unspecified,4544592,30.9,17.5,0.0,0.0,0.0,0.0,3,15.4,27.4,302,Overcast,0,0,
68761,2022-07-06 22:21:00,40.759644,-73.734505,0,0,Unspecified,4544028,31.6,21.7,0.2,0.2,0.0,1.0,51,19.0,37.1,299,Drizzle: Light,0,0,
68762,2022-07-01 14:44:00,40.676342,-73.910934,0,0,Turning Improperly,4544848,33.7,20.2,0.1,0.1,0.0,1.0,51,32.3,58.0,215,Drizzle: Light,0,0,
68763,2022-07-07 17:30:00,40.831055,-73.905846,1,0,Unspecified,4544523,27.5,20.1,0.0,0.0,0.0,0.0,3,19.1,37.4,110,Overcast,1,1,
68764,2021-10-24 12:26:00,40.6089348,-73.9719152,0,0,Unspecified,4470605,15.5,7.6,0.7,0.7,0.0,1.0,53,13.0,23.8,248,Drizzle: Moderate,0,0,
68765,2021-10-23 11:35:00,40.8053511,-73.9209457,0,0,Unspecified,4470628,15.9,10.4,0.2,0.2,0.0,2.0,51,14.4,26.6,326,Drizzle: Light,0,0,
68766,2021-10-24 11:26:00,40.8404706,-73.8859559,0,0,Unsafe Lane Changing,4470632,15.5,7.6,0.7,0.7,0.0,1.0,53,13.0,23.8,248,Drizzle: Moderate,0,0,
68767,2021-10-24 18:15:00,40.856634,-73.8318955,2,0,Unspecified,4470638,15.5,7.6,0.7,0.7,0.0,1.0,53,13.0,23.8,248,Drizzle: Moderate,2,2,
68768,2021-10-23 20:00:00,40.8266254,-73.9391482,0,0,Driver Inattention/Distraction,4470648,15.9,10.4,0.2,0.2,0.0,2.0,51,14.4,26.6,326,Drizzle: Light,0,0,
68769,2021-12-05 07:00:00,40.669403,-73.94221,2,0,Driver Inattention/Distraction,4486504,7.6,0.0,0.0,0.0,0.0,0.0,3,15.1,27.0,303,Overcast,2,2,
68770,2021-12-12 00:01:00,40.776546,-73.92377,1,0,Driver Inattention/Distraction,4485852,13.0,3.4,0.5,0.5,0.0,1.0,53,32.4,62.6,284,Drizzle: Moderate,1,1,
68771,2021-08-24 00:00:00,40.608223,-74.1294,0,0,Unspecified,4486399,30.6,21.9,0.0,0.0,0.0,0.0,1,13.9,28.1,291,Mainly clear,0,0,Sunny/Clear Conditions
68772,2021-12-09 14:14:00,40.84784,-73.93953,1,0,Failure to Yield Right-of-Way,4486488,3.6,-2.0,0.1,0.0,0.07,1.0,71,19.2,33.8,295,Snow fall: Light,1,1,Snowy Conditions
68773,2021-12-12 08:18:00,40.702854,-73.86973,0,0,Failure to Yield Right-of-Way,4485721,13.0,3.4,0.5,0.5,0.0,1.0,53,32.4,62.6,284,Drizzle: Moderate,0,0,
68774,2021-12-12 00:00:00,40.742973,-73.814316,0,0,Other Vehicular,4485739,13.0,3.4,0.5,0.5,0.0,1.0,53,32.4,62.6,284,Drizzle: Moderate,0,0,
68775,2021-12-12 20:28:00,40.627132,-73.983604,0,0,Driver Inattention/Distraction,4486111,13.0,3.4,0.5,0.5,0.0,1.0,53,32.4,62.6,284,Drizzle: Moderate,0,0,
68776,2021-12-12 17:30:00,40.748436,-73.984566,0,0,Failure to Yield Right-of-Way,4485823,13.0,3.4,0.5,0.5,0.0,1.0,53,32.4,62.6,284,Drizzle: Moderate,0,0,
68777,2021-12-10 05:20:00,40.75228,-73.9897,0,0,Driver Inattention/Distraction,4486342,8.5,1.6,0.0,0.0,0.0,0.0,3,9.8,20.5,183,Overcast,0,0,
68778,2021-12-12 17:24:00,40.72692,-73.86177,1,0,Driver Inattention/Distraction,4486524,13.0,3.4,0.5,0.5,0.0,1.0,53,32.4,62.6,284,Drizzle: Moderate,1,1,
68779,2021-12-12 06:10:00,40.663315,-73.923935,0,0,Unspecified,4485682,13.0,3.4,0.5,0.5,0.0,1.0,53,32.4,62.6,284,Drizzle: Moderate,0,0,
68780,2021-12-12 21:37:00,40.66649,-73.89645,0,0,Obstruction/Debris,4486026,13.0,3.4,0.5,0.5,0.0,1.0,53,32.4,62.6,284,Drizzle: Moderate,0,0,
68781,2021-12-12 14:30:00,40.738598,-73.87744,1,0,Failure to Yield Right-of-Way,4485728,13.0,3.4,0.5,0.5,0.0,1.0,53,32.4,62.6,284,Drizzle: Moderate,1,1,
68782,2021-12-12 00:02:00,40.677357,-73.843925,1,0,Passing or Lane Usage Improper,4485872,13.0,3.4,0.5,0.5,0.0,1.0,53,32.4,62.6,284,Drizzle: Moderate,1,1,
68783,2021-12-11 19:42:00,40.679035,-73.938515,1,0,Failure to Yield Right-of-Way,4486424,17.3,5.0,8.1,8.1,0.0,5.0,63,35.0,67.0,206,Rain: Moderate,1,1,
68784,2021-11-28 22:31:00,40.694107,-73.89737,0,0,Unspecified,4486477,4.4,0.2,1.4,0.0,0.98,10.0,73,11.0,20.9,193,Snow fall: Moderate,0,0,Snowy Conditions
68785,2021-12-09 13:00:00,40.546955,-74.18129,1,0,Failure to Yield Right-of-Way,4486353,3.6,-2.0,0.1,0.0,0.07,1.0,71,19.2,33.8,295,Snow fall: Light,1,1,Snowy Conditions
68786,2021-12-12 16:00:00,40.65476,-74.00724,0,0,Unspecified,4485811,13.0,3.4,0.5,0.5,0.0,1.0,53,32.4,62.6,284,Drizzle: Moderate,0,0,
68787,2021-12-12 04:04:00,40.80891,-73.93021,0,0,Alcohol Involvement,4485885,13.0,3.4,0.5,0.5,0.0,1.0,53,32.4,62.6,284,Drizzle: Moderate,0,0,
68788,2021-12-12 06:00:00,40.66322,-73.893654,0,0,Passing Too Closely,4486097,13.0,3.4,0.5,0.5,0.0,1.0,53,32.4,62.6,284,Drizzle: Moderate,0,0,
68789,2021-12-12 04:30:00,40.676495,-73.913704,1,0,,4485580,13.0,3.4,0.5,0.5,0.0,1.0,53,32.4,62.6,284,Drizzle: Moderate,1,1,
68790,2021-12-12 12:23:00,40.673275,-73.98429,0,0,Passing Too Closely,4486296,13.0,3.4,0.5,0.5,0.0,1.0,53,32.4,62.6,284,Drizzle: Moderate,0,0,
68791,2022-07-08 22:00:00,40.78459,-73.94198,0,0,Passing or Lane Usage Improper,4544901,29.6,19.3,1.8,1.8,0.0,8.0,51,15.0,31.0,187,Drizzle: Light,0,0,
68792,2021-10-24 20:19:00,40.8421726,-73.8890142,0,0,Driver Inattention/Distraction,4470653,15.5,7.6,0.7,0.7,0.0,1.0,53,13.0,23.8,248,Drizzle: Moderate,0,0,
68793,2022-07-07 12:38:00,40.781025,-73.981316,0,0,Backing Unsafely,4544257,27.5,20.1,0.0,0.0,0.0,0.0,3,19.1,37.4,110,Overcast,0,0,
68794,2022-07-08 10:35:00,40.620968,-74.12374,0,0,Driver Inattention/Distraction,4545059,29.6,19.3,1.8,1.8,0.0,8.0,51,15.0,31.0,187,Drizzle: Light,0,0,
68795,2022-07-07 20:25:00,40.715233,-74.005424,0,0,Unspecified,4544724,27.5,20.1,0.0,0.0,0.0,0.0,3,19.1,37.4,110,Overcast,0,0,
68796,2022-07-06 20:10:00,40.701588,-73.98863,1,0,Traffic Control Disregarded,4544018,31.6,21.7,0.2,0.2,0.0,1.0,51,19.0,37.1,299,Drizzle: Light,1,1,
68797,2022-07-08 17:00:00,40.68019,-73.74027,0,0,Unsafe Speed,4544683,29.6,19.3,1.8,1.8,0.0,8.0,51,15.0,31.0,187,Drizzle: Light,0,0,
68798,2022-07-06 19:46:00,40.73369,-73.788315,0,0,Failure to Yield Right-of-Way,4544545,31.6,21.7,0.2,0.2,0.0,1.0,51,19.0,37.1,299,Drizzle: Light,0,0,
68799,2022-07-07 14:30:00,40.76093,-73.84064,0,0,Following Too Closely,4544446,27.5,20.1,0.0,0.0,0.0,0.0,3,19.1,37.4,110,Overcast,0,0,
68800,2022-07-07 17:47:00,40.641182,-73.944664,1,0,Unspecified,4544343,27.5,20.1,0.0,0.0,0.0,0.0,3,19.1,37.4,110,Overcast,1,1,
68801,2022-07-08 10:10:00,40.699707,-73.95718,1,0,Following Too Closely,4545041,29.6,19.3,1.8,1.8,0.0,8.0,51,15.0,31.0,187,Drizzle: Light,1,1,
68802,2021-10-25 02:30:00,40.8929664,-73.8638207,0,0,Driver Inattention/Distraction,4470663,22.8,13.5,10.7,10.7,0.0,8.0,63,18.9,33.5,172,Rain: Moderate,0,0,
68803,2022-07-08 09:45:00,40.711708,-73.9929,0,0,Unspecified,4544560,29.6,19.3,1.8,1.8,0.0,8.0,51,15.0,31.0,187,Drizzle: Light,0,0,
68804,2021-10-25 04:44:00,40.6731168,-73.9995833,1,0,Fell Asleep,4470666,22.8,13.5,10.7,10.7,0.0,8.0,63,18.9,33.5,172,Rain: Moderate,1,1,
68805,2022-07-02 20:04:00,40.89675,-73.85988,0,0,Traffic Control Disregarded,4544790,30.8,23.1,4.0,4.0,0.0,5.0,61,19.4,40.0,229,Rain: Light,0,0,
68806,2022-07-07 00:55:00,40.711216,-73.94043,1,0,Unsafe Speed,4544099,27.5,20.1,0.0,0.0,0.0,0.0,3,19.1,37.4,110,Overcast,1,1,
68807,2022-07-07 14:30:00,40.727146,-73.93998,0,0,Unspecified,4544290,27.5,20.1,0.0,0.0,0.0,0.0,3,19.1,37.4,110,Overcast,0,0,
68808,2022-07-05 12:00:00,40.750828,-73.98777,0,0,Driver Inattention/Distraction,4544976,30.0,20.3,0.5,0.5,0.0,2.0,51,30.4,56.5,191,Drizzle: Light,0,0,
68809,2021-10-20 11:15:00,40.6204463,-74.1671955,0,0,Unsafe Lane Changing,4470671,24.1,13.8,0.0,0.0,0.0,0.0,3,21.6,37.1,276,Overcast,0,0,
68810,2021-10-20 15:35:00,40.5348208,-74.1941104,2,0,Following Too Closely,4470672,24.1,13.8,0.0,0.0,0.0,0.0,3,21.6,37.1,276,Overcast,2,2,
68811,2022-07-06 08:48:00,40.834133,-73.91665,0,0,Driver Inexperience,4545177,31.6,21.7,0.2,0.2,0.0,1.0,51,19.0,37.1,299,Drizzle: Light,0,0,
68812,2022-06-13 09:16:00,40.684937,-73.91014,0,0,Other Vehicular,4544891,27.7,17.8,6.8,6.8,0.0,9.0,63,12.1,32.0,254,Rain: Moderate,0,0,
68813,2022-07-07 07:05:00,40.647324,-73.91158,0,0,Unsafe Speed,4544616,27.5,20.1,0.0,0.0,0.0,0.0,3,19.1,37.4,110,Overcast,0,0,
68814,2022-07-07 18:25:00,40.691895,-74.0002,1,0,Passing Too Closely,4544330,27.5,20.1,0.0,0.0,0.0,0.0,3,19.1,37.4,110,Overcast,1,1,
68815,2022-07-06 15:17:00,40.74197,-73.980865,1,0,Traffic Control Disregarded,4544178,31.6,21.7,0.2,0.2,0.0,1.0,51,19.0,37.1,299,Drizzle: Light,1,1,
68816,2021-10-22 18:38:00,40.6285205,-74.1457551,1,0,Following Too Closely,4470680,20.3,14.4,0.0,0.0,0.0,0.0,3,18.1,31.3,267,Overcast,1,1,
68817,2021-08-09 11:00:00,40.66584,-73.75551,1,0,Unspecified,4445406,26.2,20.1,1.1,1.1,0.0,7.0,51,17.3,34.6,36,Drizzle: Light,1,1,
68818,2022-05-30 08:05:00,40.699406,-73.95338,0,0,Driver Inattention/Distraction,4544986,29.3,15.0,0.0,0.0,0.0,0.0,3,22.0,41.8,202,Overcast,0,0,
68819,2022-07-06 19:33:00,40.843365,-73.91545,1,0,Unspecified,4544424,31.6,21.7,0.2,0.2,0.0,1.0,51,19.0,37.1,299,Drizzle: Light,1,1,
68820,2022-07-06 12:00:00,40.75352,-73.93448,0,0,Driver Inattention/Distraction,4544484,31.6,21.7,0.2,0.2,0.0,1.0,51,19.0,37.1,299,Drizzle: Light,0,0,
68821,2022-07-08 18:00:00,40.59355,-73.98465,0,0,Driver Inattention/Distraction,4545222,29.6,19.3,1.8,1.8,0.0,8.0,51,15.0,31.0,187,Drizzle: Light,0,0,
68822,2022-07-08 02:58:00,40.8211,-73.854225,0,0,Unspecified,4544629,29.6,19.3,1.8,1.8,0.0,8.0,51,15.0,31.0,187,Drizzle: Light,0,0,
68823,2022-07-06 16:35:00,40.636673,-73.99182,1,0,Unspecified,4544082,31.6,21.7,0.2,0.2,0.0,1.0,51,19.0,37.1,299,Drizzle: Light,1,1,
68824,2021-10-21 22:05:00,40.8011987,-73.9300274,1,0,Following Too Closely,4470687,22.9,12.0,0.0,0.0,0.0,0.0,3,17.0,31.7,207,Overcast,1,1,
68825,2022-07-06 19:26:00,40.821068,-73.89894,1,0,Failure to Yield Right-of-Way,4545115,31.6,21.7,0.2,0.2,0.0,1.0,51,19.0,37.1,299,Drizzle: Light,1,1,
68826,2022-07-07 15:50:00,40.719643,-73.83507,1,0,Driver Inattention/Distraction,4544587,27.5,20.1,0.0,0.0,0.0,0.0,3,19.1,37.4,110,Overcast,1,1,
68827,2022-07-07 21:23:00,40.700966,-73.94093,1,0,Driver Inattention/Distraction,4544436,27.5,20.1,0.0,0.0,0.0,0.0,3,19.1,37.4,110,Overcast,1,1,
68828,2022-07-06 15:06:00,40.596745,-73.985275,1,0,Unspecified,4544572,31.6,21.7,0.2,0.2,0.0,1.0,51,19.0,37.1,299,Drizzle: Light,1,1,
68829,2022-07-06 14:15:00,40.66917,-73.98631,0,0,Driver Inattention/Distraction,4544661,31.6,21.7,0.2,0.2,0.0,1.0,51,19.0,37.1,299,Drizzle: Light,0,0,
68830,2022-07-06 16:32:00,40.585228,-73.94155,1,0,Driver Inattention/Distraction,4544071,31.6,21.7,0.2,0.2,0.0,1.0,51,19.0,37.1,299,Drizzle: Light,1,1,
68831,2021-10-20 00:00:00,40.8451973,-73.9111939,2,0,Driver Inattention/Distraction,4470696,24.1,13.8,0.0,0.0,0.0,0.0,3,21.6,37.1,276,Overcast,2,2,
68832,2022-06-06 09:15:00,40.732697,-73.98366,0,0,Driver Inattention/Distraction,4544839,26.3,13.4,0.0,0.0,0.0,0.0,3,23.1,42.1,191,Overcast,0,0,
68833,2022-07-06 04:57:00,40.742874,-73.933945,0,0,Passing or Lane Usage Improper,4543829,31.6,21.7,0.2,0.2,0.0,1.0,51,19.0,37.1,299,Drizzle: Light,0,0,
68834,2022-07-07 09:30:00,40.84006,-73.879005,0,0,Driver Inattention/Distraction,4544455,27.5,20.1,0.0,0.0,0.0,0.0,3,19.1,37.4,110,Overcast,0,0,
68835,2022-07-07 17:15:00,40.823658,-73.836426,0,0,Unspecified,4545123,27.5,20.1,0.0,0.0,0.0,0.0,3,19.1,37.4,110,Overcast,0,0,
68836,2022-07-02 04:39:00,40.77225,-73.92719,0,0,Alcohol Involvement,4544528,30.8,23.1,4.0,4.0,0.0,5.0,61,19.4,40.0,229,Rain: Light,0,0,
68837,2022-07-05 02:11:00,40.6481,-73.91474,0,0,Unspecified,4544743,30.0,20.3,0.5,0.5,0.0,2.0,51,30.4,56.5,191,Drizzle: Light,0,0,
68838,2022-07-06 15:45:00,40.74504,-73.7345,1,0,Following Too Closely,4543989,31.6,21.7,0.2,0.2,0.0,1.0,51,19.0,37.1,299,Drizzle: Light,1,1,
68839,2022-07-06 11:19:00,40.773766,-73.894264,0,0,Backing Unsafely,4544945,31.6,21.7,0.2,0.2,0.0,1.0,51,19.0,37.1,299,Drizzle: Light,0,0,
68840,2021-10-25 01:15:00,40.8265465,-73.8727008,2,0,Driver Inattention/Distraction,4470706,22.8,13.5,10.7,10.7,0.0,8.0,63,18.9,33.5,172,Rain: Moderate,2,2,
68841,2022-07-07 19:29:00,40.629913,-73.937744,1,0,Unsafe Speed,4544644,27.5,20.1,0.0,0.0,0.0,0.0,3,19.1,37.4,110,Overcast,1,1,
68842,2022-07-06 19:10:00,40.60691,-73.759544,1,0,Passing Too Closely,4544122,31.6,21.7,0.2,0.2,0.0,1.0,51,19.0,37.1,299,Drizzle: Light,1,1,
68843,2021-10-23 12:30:00,40.8183447,-73.9342581,1,0,Failure to Yield Right-of-Way,4470709,15.9,10.4,0.2,0.2,0.0,2.0,51,14.4,26.6,326,Drizzle: Light,1,1,
68844,2022-07-07 17:50:00,40.757484,-73.88762,1,0,Driver Inexperience,4544481,27.5,20.1,0.0,0.0,0.0,0.0,3,19.1,37.4,110,Overcast,1,1,
68845,2022-07-07 17:27:00,40.706512,-73.9309,0,0,Oversized Vehicle,4544393,27.5,20.1,0.0,0.0,0.0,0.0,3,19.1,37.4,110,Overcast,0,0,
68846,2022-07-07 21:31:00,40.699818,-73.920135,1,0,Passing Too Closely,4544884,27.5,20.1,0.0,0.0,0.0,0.0,3,19.1,37.4,110,Overcast,1,1,
68847,2022-07-08 11:41:00,40.790314,-73.94769,0,0,Following Too Closely,4544698,29.6,19.3,1.8,1.8,0.0,8.0,51,15.0,31.0,187,Drizzle: Light,0,0,
68848,2022-07-08 05:53:00,40.817795,-73.89319,1,0,Driver Inattention/Distraction,4544597,29.6,19.3,1.8,1.8,0.0,8.0,51,15.0,31.0,187,Drizzle: Light,1,1,
68849,2022-07-08 18:36:00,40.811775,-73.90961,1,0,Failure to Yield Right-of-Way,4544718,29.6,19.3,1.8,1.8,0.0,8.0,51,15.0,31.0,187,Drizzle: Light,1,1,
68850,2021-10-24 02:12:00,40.7982365,-73.9290951,2,0,Other Vehicular,4470721,15.5,7.6,0.7,0.7,0.0,1.0,53,13.0,23.8,248,Drizzle: Moderate,2,2,
68851,2022-07-08 20:49:00,40.716415,-73.76039,0,0,Driver Inattention/Distraction,4545164,29.6,19.3,1.8,1.8,0.0,8.0,51,15.0,31.0,187,Drizzle: Light,0,0,
68852,2022-07-02 17:43:00,40.62435,-74.13927,3,0,Failure to Yield Right-of-Way,4544555,30.8,23.1,4.0,4.0,0.0,5.0,61,19.4,40.0,229,Rain: Light,3,3,
68853,2022-07-06 11:40:00,40.603626,-74.06931,2,0,Driver Inattention/Distraction,4544577,31.6,21.7,0.2,0.2,0.0,1.0,51,19.0,37.1,299,Drizzle: Light,2,2,
68854,2022-07-05 05:00:00,40.70143,-73.98442,1,0,Physical Disability,4544814,30.0,20.3,0.5,0.5,0.0,2.0,51,30.4,56.5,191,Drizzle: Light,1,1,
68855,2021-10-20 23:20:00,40.738852,-73.814038,0,0,Following Too Closely,4470727,24.1,13.8,0.0,0.0,0.0,0.0,3,21.6,37.1,276,Overcast,0,0,
68856,2021-10-21 04:50:00,40.738852,-73.814038,0,0,Failure to Yield Right-of-Way,4470728,22.9,12.0,0.0,0.0,0.0,0.0,3,17.0,31.7,207,Overcast,0,0,
68857,2022-07-07 21:00:00,0.0,0.0,1,0,Turning Improperly,4544784,27.5,20.1,0.0,0.0,0.0,0.0,3,19.1,37.4,110,Overcast,1,1,
68858,2022-07-06 10:10:00,40.63732,-74.08056,0,0,Driver Inattention/Distraction,4544149,31.6,21.7,0.2,0.2,0.0,1.0,51,19.0,37.1,299,Drizzle: Light,0,0,
68859,2022-07-02 00:45:00,40.69798,-73.91257,0,0,Unspecified,4544898,30.8,23.1,4.0,4.0,0.0,5.0,61,19.4,40.0,229,Rain: Light,0,0,
68860,2022-07-06 17:24:00,40.680492,-73.915565,0,0,Unspecified,4544876,31.6,21.7,0.2,0.2,0.0,1.0,51,19.0,37.1,299,Drizzle: Light,0,0,
68861,2021-10-06 22:00:00,40.7564741,-73.9472651,0,0,Alcohol Involvement,4470733,20.3,16.0,0.1,0.1,0.0,1.0,51,6.5,14.0,28,Drizzle: Light,0,0,
68862,2022-07-06 17:30:00,40.69579,-73.967804,0,0,Reaction to Uninvolved Vehicle,4544241,31.6,21.7,0.2,0.2,0.0,1.0,51,19.0,37.1,299,Drizzle: Light,0,0,
68863,2022-07-07 15:35:00,0.0,0.0,2,0,Reaction to Uninvolved Vehicle,4544405,27.5,20.1,0.0,0.0,0.0,0.0,3,19.1,37.4,110,Overcast,2,2,
68864,2022-07-08 20:20:00,40.711193,-73.79172,1,0,Turning Improperly,4545093,29.6,19.3,1.8,1.8,0.0,8.0,51,15.0,31.0,187,Drizzle: Light,1,1,
68865,2021-10-21 10:00:00,40.7878221,-73.8234023,0,0,Following Too Closely,4470737,22.9,12.0,0.0,0.0,0.0,0.0,3,17.0,31.7,207,Overcast,0,0,
68866,2022-07-05 00:12:00,40.735664,-73.8457,0,0,Unspecified,4544913,30.0,20.3,0.5,0.5,0.0,2.0,51,30.4,56.5,191,Drizzle: Light,0,0,
68867,2022-07-06 12:45:00,40.738735,-74.00961,0,0,Driver Inattention/Distraction,4544111,31.6,21.7,0.2,0.2,0.0,1.0,51,19.0,37.1,299,Drizzle: Light,0,0,
68868,2021-10-09 19:50:00,40.7669107,-73.9383616,1,0,Driver Inattention/Distraction,4470740,20.2,15.2,1.2,1.2,0.0,5.0,51,22.8,42.8,71,Drizzle: Light,1,1,
68869,2021-10-10 13:31:00,40.7767731,-73.9345252,0,0,Driver Inattention/Distraction,4470744,18.5,16.0,2.4,2.4,0.0,8.0,53,27.2,52.6,52,Drizzle: Moderate,0,0,
68870,2021-10-09 06:40:00,40.7555143,-73.8202994,1,0,Unspecified,4470754,20.2,15.2,1.2,1.2,0.0,5.0,51,22.8,42.8,71,Drizzle: Light,1,1,
68871,2022-01-26 00:00:00,40.696785,-73.95659,1,0,Failure to Yield Right-of-Way,4498361,-3.1,-8.0,0.0,0.0,0.0,0.0,0,20.5,39.6,328,Clear sky,1,1,Sunny/Clear Conditions
68872,2022-02-21 03:00:00,40.656036,-73.89309,0,0,Unspecified,4504559,9.9,-1.9,0.0,0.0,0.0,0.0,3,19.2,35.3,192,Overcast,0,0,
68873,2022-02-21 15:00:00,40.582233,-74.16907,0,0,Driver Inattention/Distraction,4504603,9.9,-1.9,0.0,0.0,0.0,0.0,3,19.2,35.3,192,Overcast,0,0,
68874,2022-02-21 23:34:00,40.675735,-73.89686,0,0,Unsafe Speed,4504785,9.9,-1.9,0.0,0.0,0.0,0.0,3,19.2,35.3,192,Overcast,0,0,
68875,2022-02-07 16:00:00,40.75004,-73.88152,0,0,Passing Too Closely,4505075,2.8,-4.9,4.3,3.4,0.63,13.0,73,13.7,24.5,7,Snow fall: Moderate,0,0,Snowy Conditions
68876,2022-02-21 14:55:00,40.772163,-73.95229,0,0,Backing Unsafely,4504530,9.9,-1.9,0.0,0.0,0.0,0.0,3,19.2,35.3,192,Overcast,0,0,
68877,2022-02-21 23:54:00,40.732033,-73.91893,1,0,Driver Inattention/Distraction,4504622,9.9,-1.9,0.0,0.0,0.0,0.0,3,19.2,35.3,192,Overcast,1,1,
68878,2022-02-21 03:40:00,40.608143,-73.764,0,0,Unspecified,4504481,9.9,-1.9,0.0,0.0,0.0,0.0,3,19.2,35.3,192,Overcast,0,0,
68879,2022-02-21 19:00:00,40.668514,-73.89031,0,0,Unspecified,4504592,9.9,-1.9,0.0,0.0,0.0,0.0,3,19.2,35.3,192,Overcast,0,0,
68880,2022-02-21 11:30:00,40.676003,-73.865395,0,0,Unspecified,4504584,9.9,-1.9,0.0,0.0,0.0,0.0,3,19.2,35.3,192,Overcast,0,0,
68881,2022-02-14 18:21:00,0.0,0.0,1,0,Unsafe Speed,4505179,-3.4,-10.4,0.0,0.0,0.0,0.0,3,26.4,49.3,316,Overcast,1,1,
68882,2022-02-21 20:25:00,40.684437,-73.97773,2,0,Unsafe Speed,4504658,9.9,-1.9,0.0,0.0,0.0,0.0,3,19.2,35.3,192,Overcast,2,2,
68883,2022-02-05 14:20:00,40.57981,-73.837204,0,0,Driver Inattention/Distraction,4504986,-1.9,-6.9,0.4,0.0,0.28,3.0,71,26.8,50.4,322,Snow fall: Light,0,0,Snowy Conditions
68884,2022-02-21 09:50:00,40.6972,-73.952934,1,0,Traffic Control Disregarded,4505038,9.9,-1.9,0.0,0.0,0.0,0.0,3,19.2,35.3,192,Overcast,1,1,
68885,2022-02-18 15:40:00,40.81488,-73.92886,0,0,Unspecified,4505151,15.6,-2.8,11.9,11.9,0.0,6.0,63,44.1,79.2,261,Rain: Moderate,0,0,