,CRASH DATETIME,LATITUDE,LONGITUDE,NUMBER OF PERSONS INJURED,NUMBER OF PERSONS KILLED,CONTRIBUTING FACTOR VEHICLE 1,COLLISION_ID,temperature_2m_max,temperature_2m_min,precipitation_sum,rain_sum,snowfall_sum,precipitation_hours,weather_code,wind_speed_10m_max,wind_gusts_10m_max,wind_direction_10m_dominant,Weather Description,Severity_Score,Total_Affected_Persons,Weather_Category
68886,2022-02-21 12:35:00,40.737335,-73.86345,0,0,Driver Inattention/Distraction,4504643,9.9,-1.9,0.0,0.0,0.0,0.0,3,19.2,35.3,192,Overcast,0,0,
68887,2022-02-20 14:25:00,40.70335,-73.94755,0,0,Other Vehicular,4505166,2.4,-6.6,0.0,0.0,0.0,0.0,3,23.4,44.3,250,Overcast,0,0,
68888,2022-02-21 05:40:00,40.762196,-73.842865,0,0,Driver Inexperience,4504637,9.9,-1.9,0.0,0.0,0.0,0.0,3,19.2,35.3,192,Overcast,0,0,
68889,2022-02-21 08:42:00,40.698994,-73.96161,3,0,Driver Inattention/Distraction,4504470,9.9,-1.9,0.0,0.0,0.0,0.0,3,19.2,35.3,192,Overcast,3,3,
68890,2022-02-21 23:24:00,40.835308,-73.94398,0,0,Driver Inattention/Distraction,4504690,9.9,-1.9,0.0,0.0,0.0,0.0,3,19.2,35.3,192,Overcast,0,0,
68891,2022-02-16 08:08:00,40.63742,-73.92401,2,0,Other Vehicular,4505083,6.2,-5.1,0.0,0.0,0.0,0.0,3,21.1,41.0,187,Overcast,2,2,
68892,2022-02-21 19:15:00,40.86952,-73.84443,1,0,Failure to Yield Right-of-Way,4504709,9.9,-1.9,0.0,0.0,0.0,0.0,3,19.2,35.3,192,Overcast,1,1,
68893,2022-02-19 16:10:00,40.811264,-73.95782,3,0,Turning Improperly,4505131,3.3,-5.5,0.4,0.0,0.28,4.0,71,35.3,64.4,260,Snow fall: Light,3,3,Snowy Conditions
68894,2021-10-08 15:20:00,40.7619707,-73.9253817,0,0,Driver Inattention/Distraction,4470774,23.7,14.5,0.0,0.0,0.0,0.0,3,13.0,22.3,94,Overcast,0,0,
68895,2022-07-08 17:27:00,40.722324,-74.01176,1,0,Driver Inattention/Distraction,4544704,29.6,19.3,1.8,1.8,0.0,8.0,51,15.0,31.0,187,Drizzle: Light,1,1,
68896,2022-07-08 13:50:00,40.633396,-73.94482,0,0,Unspecified,4545034,29.6,19.3,1.8,1.8,0.0,8.0,51,15.0,31.0,187,Drizzle: Light,0,0,
68897,2022-07-08 19:49:00,40.6488,-74.01343,2,0,Unspecified,4544758,29.6,19.3,1.8,1.8,0.0,8.0,51,15.0,31.0,187,Drizzle: Light,2,2,
68898,2022-07-06 12:35:00,40.756073,-73.97688,1,0,Unspecified,4544056,31.6,21.7,0.2,0.2,0.0,1.0,51,19.0,37.1,299,Drizzle: Light,1,1,
68899,2022-07-07 00:00:00,40.786804,-73.98338,1,0,Unspecified,4544450,27.5,20.1,0.0,0.0,0.0,0.0,3,19.1,37.4,110,Overcast,1,1,
68900,2022-07-03 22:30:00,40.72137,-73.8895,0,0,Driver Inattention/Distraction,4544461,31.2,21.0,0.0,0.0,0.0,0.0,3,15.8,31.3,341,Overcast,0,0,
68901,2022-07-07 23:00:00,40.64305,-73.9764,0,0,Unspecified,4544918,27.5,20.1,0.0,0.0,0.0,0.0,3,19.1,37.4,110,Overcast,0,0,
68902,2022-07-07 12:30:00,40.697052,-73.75734,0,0,Passing or Lane Usage Improper,4545191,27.5,20.1,0.0,0.0,0.0,0.0,3,19.1,37.4,110,Overcast,0,0,
68903,2022-07-04 04:30:00,40.680218,-73.775505,0,0,Backing Unsafely,4544971,30.9,17.5,0.0,0.0,0.0,0.0,3,15.4,27.4,302,Overcast,0,0,
68904,2021-10-08 11:45:00,40.7999524,-73.9544023,1,0,Driver Inattention/Distraction,4470784,23.7,14.5,0.0,0.0,0.0,0.0,3,13.0,22.3,94,Overcast,1,1,
68905,2022-07-06 15:43:00,40.71328,-73.76606,1,0,Failure to Yield Right-of-Way,4544276,31.6,21.7,0.2,0.2,0.0,1.0,51,19.0,37.1,299,Drizzle: Light,1,1,
68906,2022-07-07 16:15:00,40.68536,-73.88221,0,0,Following Too Closely,4544382,27.5,20.1,0.0,0.0,0.0,0.0,3,19.1,37.4,110,Overcast,0,0,
68907,2022-07-01 17:55:00,40.70647,-73.81681,0,0,Unspecified,4544540,33.7,20.2,0.1,0.1,0.0,1.0,51,32.3,58.0,215,Drizzle: Light,0,0,
68908,2022-07-07 14:47:00,40.676094,-73.94992,0,0,Unspecified,4544992,27.5,20.1,0.0,0.0,0.0,0.0,3,19.1,37.4,110,Overcast,0,0,
68909,2022-07-08 22:33:00,40.645348,-74.01375,1,0,Pedestrian/Bicyclist/Other Pedestrian Error/Confusion,4544759,29.6,19.3,1.8,1.8,0.0,8.0,51,15.0,31.0,187,Drizzle: Light,1,1,
68910,2022-07-07 09:40:00,40.88571,-73.8483,0,0,Backing Unsafely,4544216,27.5,20.1,0.0,0.0,0.0,0.0,3,19.1,37.4,110,Overcast,0,0,
68911,2021-10-24 13:30:00,40.7914994,-73.9357653,3,0,Driver Inattention/Distraction,4470794,15.5,7.6,0.7,0.7,0.0,1.0,53,13.0,23.8,248,Drizzle: Moderate,3,3,
68912,2022-07-08 18:00:00,40.66996,-73.78979,0,0,Passing Too Closely,4545190,29.6,19.3,1.8,1.8,0.0,8.0,51,15.0,31.0,187,Drizzle: Light,0,0,
68913,2022-07-07 02:00:00,40.669846,-73.98244,1,0,Driver Inattention/Distraction,4544932,27.5,20.1,0.0,0.0,0.0,0.0,3,19.1,37.4,110,Overcast,1,1,
68914,2021-10-23 12:30:00,40.7282398,-73.8331214,0,0,Unsafe Lane Changing,4470798,15.9,10.4,0.2,0.2,0.0,2.0,51,14.4,26.6,326,Drizzle: Light,0,0,
68915,2022-07-06 17:45:00,40.64161,-74.110245,1,0,Pedestrian/Bicyclist/Other Pedestrian Error/Confusion,4544488,31.6,21.7,0.2,0.2,0.0,1.0,51,19.0,37.1,299,Drizzle: Light,1,1,
68916,2022-03-23 17:37:00,40.730118,-73.86232,3,0,Following Too Closely,4513306,8.4,1.3,2.2,2.2,0.0,3.0,55,19.6,34.6,73,Drizzle: Dense,3,3,
68917,2022-04-12 15:03:00,40.671898,-73.92231,0,0,Unspecified,4519886,20.4,7.7,1.6,1.6,0.0,3.0,53,17.8,36.0,271,Drizzle: Moderate,0,0,
68918,2021-10-25 07:50:00,40.78421,-73.9422072,0,0,Failure to Yield Right-of-Way,4470802,22.8,13.5,10.7,10.7,0.0,8.0,63,18.9,33.5,172,Rain: Moderate,0,0,
68919,2021-10-24 12:30:00,40.5843766,-73.9270936,0,0,Following Too Closely,4470805,15.5,7.6,0.7,0.7,0.0,1.0,53,13.0,23.8,248,Drizzle: Moderate,0,0,
68920,2021-10-25 00:00:00,40.6617287,-74.0000988,2,0,Driver Inattention/Distraction,4470806,22.8,13.5,10.7,10.7,0.0,8.0,63,18.9,33.5,172,Rain: Moderate,2,2,
68921,2022-03-22 12:40:00,40.710175,-74.001144,1,0,Failure to Yield Right-of-Way,4514204,12.8,3.9,0.0,0.0,0.0,0.0,3,23.1,44.3,311,Overcast,1,1,
68922,2021-10-08 20:30:00,40.72533,-73.9457591,0,0,Driver Inexperience,4470808,23.7,14.5,0.0,0.0,0.0,0.0,3,13.0,22.3,94,Overcast,0,0,
68923,2022-03-28 16:30:00,40.59332,-73.77272,7,0,Traffic Control Disregarded,4515005,0.0,-5.2,0.3,0.0,0.21,3.0,71,31.3,59.0,303,Snow fall: Light,7,7,Snowy Conditions
68924,2022-04-01 17:42:00,40.76663,-73.88903,3,0,Driver Inattention/Distraction,4515377,15.2,5.3,1.4,1.4,0.0,8.0,51,33.1,61.9,277,Drizzle: Light,3,3,
68925,2022-04-07 09:50:00,40.769127,-73.91061,0,0,Following Too Closely,4517200,11.5,5.6,74.1,74.1,0.0,14.0,65,35.0,64.8,98,Rain: Heavy,0,0,
68926,2022-04-09 06:24:00,40.686527,-73.83005,2,0,Traffic Control Disregarded,4517443,13.6,5.0,4.8,4.8,0.0,12.0,55,20.1,42.8,263,Drizzle: Dense,2,2,
68927,2022-07-08 01:13:00,40.577003,-74.00217,1,0,Failure to Yield Right-of-Way,4545208,29.6,19.3,1.8,1.8,0.0,8.0,51,15.0,31.0,187,Drizzle: Light,1,1,
68928,2022-07-08 18:00:00,40.68631,-73.97445,0,0,Drugs (illegal),4544667,29.6,19.3,1.8,1.8,0.0,8.0,51,15.0,31.0,187,Drizzle: Light,0,0,
68929,2022-07-06 09:00:00,40.703,-73.94425,0,0,Following Too Closely,4544429,31.6,21.7,0.2,0.2,0.0,1.0,51,19.0,37.1,299,Drizzle: Light,0,0,
68930,2022-07-08 19:40:00,40.69811,-73.91713,0,0,Passing Too Closely,4544897,29.6,19.3,1.8,1.8,0.0,8.0,51,15.0,31.0,187,Drizzle: Light,0,0,
68931,2022-07-05 06:30:00,40.754658,-73.833115,1,0,Failure to Yield Right-of-Way,4544516,30.0,20.3,0.5,0.5,0.0,2.0,51,30.4,56.5,191,Drizzle: Light,1,1,
68932,2022-07-06 14:29:00,40.87724,-73.88658,0,0,Following Too Closely,4544231,31.6,21.7,0.2,0.2,0.0,1.0,51,19.0,37.1,299,Drizzle: Light,0,0,
68933,2022-07-07 12:50:00,40.729156,-73.97528,5,0,Following Too Closely,4544833,27.5,20.1,0.0,0.0,0.0,0.0,3,19.1,37.4,110,Overcast,5,5,
68934,2022-07-05 17:10:00,40.757523,-73.82914,0,0,Unspecified,4544509,30.0,20.3,0.5,0.5,0.0,2.0,51,30.4,56.5,191,Drizzle: Light,0,0,
68935,2022-07-07 10:00:00,40.87614,-73.902954,0,0,Unspecified,4544432,27.5,20.1,0.0,0.0,0.0,0.0,3,19.1,37.4,110,Overcast,0,0,
68936,2022-07-06 00:05:00,40.66933,-73.8738,0,0,Unspecified,4543786,31.6,21.7,0.2,0.2,0.0,1.0,51,19.0,37.1,299,Drizzle: Light,0,0,
68937,2022-05-17 10:35:00,40.854866,-73.893456,0,0,Driver Inattention/Distraction,4544477,23.0,11.8,0.1,0.1,0.0,1.0,51,31.8,59.8,286,Drizzle: Light,0,0,
68938,2022-07-04 21:50:00,40.651604,-73.933304,1,0,Unspecified,4544739,30.9,17.5,0.0,0.0,0.0,0.0,3,15.4,27.4,302,Overcast,1,1,
68939,2022-07-07 18:46:00,40.818012,-73.92519,0,0,Outside Car Distraction,4544648,27.5,20.1,0.0,0.0,0.0,0.0,3,19.1,37.4,110,Overcast,0,0,
68940,2022-07-08 06:18:00,40.62023,-73.93982,0,0,Unspecified,4544641,29.6,19.3,1.8,1.8,0.0,8.0,51,15.0,31.0,187,Drizzle: Light,0,0,
68941,2022-07-04 18:00:00,40.858154,-73.89435,2,0,Driver Inattention/Distraction,4544451,30.9,17.5,0.0,0.0,0.0,0.0,3,15.4,27.4,302,Overcast,2,2,
68942,2022-07-06 10:00:00,40.616943,-73.97731,0,0,Driver Inattention/Distraction,4544080,31.6,21.7,0.2,0.2,0.0,1.0,51,19.0,37.1,299,Drizzle: Light,0,0,
68943,2022-06-30 10:00:00,40.665726,-73.96425,0,0,Driver Inattention/Distraction,4544949,31.2,17.3,0.0,0.0,0.0,0.0,2,19.1,37.4,274,Partly cloudy,0,0,
68944,2022-07-06 17:28:00,40.64644,-73.927864,0,0,Unspecified,4544310,31.6,21.7,0.2,0.2,0.0,1.0,51,19.0,37.1,299,Drizzle: Light,0,0,
68945,2022-04-15 19:00:00,40.676342,-73.910934,1,0,Unspecified,4519601,19.2,6.3,0.1,0.1,0.0,1.0,51,26.9,46.1,243,Drizzle: Light,1,1,
68946,2022-04-13 23:35:00,40.715324,-73.99167,0,0,Driver Inexperience,4518794,18.9,7.1,0.0,0.0,0.0,0.0,3,18.7,37.4,112,Overcast,0,0,
68947,2021-10-24 14:56:00,40.7407,-73.8441724,0,0,Following Too Closely,4470837,15.5,7.6,0.7,0.7,0.0,1.0,53,13.0,23.8,248,Drizzle: Moderate,0,0,
68948,2021-10-24 20:22:00,40.7428688,-73.8465275,2,0,Following Too Closely,4470838,15.5,7.6,0.7,0.7,0.0,1.0,53,13.0,23.8,248,Drizzle: Moderate,2,2,
68949,2022-04-11 23:50:00,40.755157,-73.93755,1,0,Backing Unsafely,4519572,13.1,1.8,0.0,0.0,0.0,0.0,3,18.6,36.4,246,Overcast,1,1,
68950,2021-10-25 05:48:00,40.6916907,-73.9993379,1,0,Passing or Lane Usage Improper,4470840,22.8,13.5,10.7,10.7,0.0,8.0,63,18.9,33.5,172,Rain: Moderate,1,1,
68951,2022-04-03 12:00:00,40.74628,-73.85984,0,0,Unspecified,4519210,8.3,3.4,3.1,3.1,0.0,5.0,61,21.9,38.2,274,Rain: Light,0,0,
68952,2021-10-24 13:00:00,40.6082313,-74.1293996,0,0,Unsafe Lane Changing,4470843,15.5,7.6,0.7,0.7,0.0,1.0,53,13.0,23.8,248,Drizzle: Moderate,0,0,
68953,2022-04-13 08:00:00,40.69714,-73.759895,0,0,Passing or Lane Usage Improper,4518906,18.9,7.1,0.0,0.0,0.0,0.0,3,18.7,37.4,112,Overcast,0,0,
68954,2022-04-06 08:40:00,40.823658,-73.836426,0,0,Unspecified,4519843,12.5,6.2,17.5,17.5,0.0,14.0,61,31.2,62.3,55,Rain: Light,0,0,
68955,2022-04-13 16:55:00,40.614063,-73.94909,0,0,Driver Inattention/Distraction,4518842,18.9,7.1,0.0,0.0,0.0,0.0,3,18.7,37.4,112,Overcast,0,0,
68956,2022-04-15 23:30:00,40.68286,-73.78116,1,0,Turning Improperly,4519332,19.2,6.3,0.1,0.1,0.0,1.0,51,26.9,46.1,243,Drizzle: Light,1,1,
68957,2022-04-15 09:00:00,40.742874,-73.933945,1,0,Driver Inattention/Distraction,4519192,19.2,6.3,0.1,0.1,0.0,1.0,51,26.9,46.1,243,Drizzle: Light,1,1,
68958,2022-04-12 20:10:00,40.804695,-73.92239,0,0,Following Too Closely,4519178,20.4,7.7,1.6,1.6,0.0,3.0,53,17.8,36.0,271,Drizzle: Moderate,0,0,
68959,2022-04-09 16:00:00,40.757435,-73.94039,0,0,Unspecified,4519571,13.6,5.0,4.8,4.8,0.0,12.0,55,20.1,42.8,263,Drizzle: Dense,0,0,
68960,2022-04-13 12:15:00,40.708004,-73.82972,0,0,Unspecified,4519085,18.9,7.1,0.0,0.0,0.0,0.0,3,18.7,37.4,112,Overcast,0,0,
68961,2021-10-24 15:32:00,40.8780099,-73.9040806,2,0,Unspecified,4470852,15.5,7.6,0.7,0.7,0.0,1.0,53,13.0,23.8,248,Drizzle: Moderate,2,2,
68962,2022-04-01 09:00:00,40.671566,-73.79031,0,0,Following Too Closely,4519374,15.2,5.3,1.4,1.4,0.0,8.0,51,33.1,61.9,277,Drizzle: Light,0,0,
68963,2021-10-25 06:23:00,40.8654845,-73.9332317,0,0,Driver Inattention/Distraction,4470854,22.8,13.5,10.7,10.7,0.0,8.0,63,18.9,33.5,172,Rain: Moderate,0,0,
68964,2022-04-07 14:00:00,40.60233,-73.97251,0,0,Unspecified,4519314,11.5,5.6,74.1,74.1,0.0,14.0,65,35.0,64.8,98,Rain: Heavy,0,0,
68965,2022-04-14 16:02:00,40.699707,-73.95718,0,0,Cell Phone (hand-Held),4519066,28.1,13.9,0.2,0.2,0.0,2.0,51,25.9,46.1,249,Drizzle: Light,0,0,
68966,2022-04-06 07:45:00,40.639694,-74.13891,0,0,Driver Inattention/Distraction,4519876,12.5,6.2,17.5,17.5,0.0,14.0,61,31.2,62.3,55,Rain: Light,0,0,
68967,2022-04-13 10:00:00,40.717457,-73.82338,0,0,Unspecified,4519435,18.9,7.1,0.0,0.0,0.0,0.0,3,18.7,37.4,112,Overcast,0,0,
68968,2021-10-25 02:55:00,40.788805,-73.9375447,0,0,Pavement Slippery,4470860,22.8,13.5,10.7,10.7,0.0,8.0,63,18.9,33.5,172,Rain: Moderate,0,0,
68969,2022-07-06 15:19:00,40.61448,-73.92641,3,0,Driver Inattention/Distraction,4543984,31.6,21.7,0.2,0.2,0.0,1.0,51,19.0,37.1,299,Drizzle: Light,3,3,
68970,2022-04-15 23:00:00,40.707638,-74.00816,0,0,Driver Inattention/Distraction,4519335,19.2,6.3,0.1,0.1,0.0,1.0,51,26.9,46.1,243,Drizzle: Light,0,0,
68971,2021-10-25 00:39:00,40.7914994,-73.9357653,0,0,Following Too Closely,4470864,22.8,13.5,10.7,10.7,0.0,8.0,63,18.9,33.5,172,Rain: Moderate,0,0,
68972,2021-10-25 12:46:00,40.6522375,-73.9527953,1,0,Backing Unsafely,4470865,22.8,13.5,10.7,10.7,0.0,8.0,63,18.9,33.5,172,Rain: Moderate,1,1,
68973,2022-04-14 17:58:00,40.722343,-73.77717,0,0,Driver Inattention/Distraction,4519253,28.1,13.9,0.2,0.2,0.0,2.0,51,25.9,46.1,249,Drizzle: Light,0,0,
68974,2022-04-13 15:40:00,40.80684,-73.9175,0,0,Failure to Yield Right-of-Way,4518972,18.9,7.1,0.0,0.0,0.0,0.0,3,18.7,37.4,112,Overcast,0,0,
68975,2022-04-14 11:25:00,40.750763,-73.97445,0,0,Driver Inattention/Distraction,4519382,28.1,13.9,0.2,0.2,0.0,2.0,51,25.9,46.1,249,Drizzle: Light,0,0,
68976,2022-04-12 09:22:00,40.70778,-73.93854,0,0,Driver Inattention/Distraction,4519488,20.4,7.7,1.6,1.6,0.0,3.0,53,17.8,36.0,271,Drizzle: Moderate,0,0,
68977,2022-04-15 00:30:00,40.592857,-73.77531,5,0,Unsafe Speed,4519845,19.2,6.3,0.1,0.1,0.0,1.0,51,26.9,46.1,243,Drizzle: Light,5,5,
68978,2022-04-13 18:40:00,40.680504,-73.90629,0,0,Driver Inattention/Distraction,4518869,18.9,7.1,0.0,0.0,0.0,0.0,3,18.7,37.4,112,Overcast,0,0,
68979,2022-04-11 00:20:00,40.70584,-73.894104,0,0,Unspecified,4519676,13.1,1.8,0.0,0.0,0.0,0.0,3,18.6,36.4,246,Overcast,0,0,
68980,2022-04-14 22:40:00,40.68846,-73.80878,0,0,Following Too Closely,4519770,28.1,13.9,0.2,0.2,0.0,2.0,51,25.9,46.1,249,Drizzle: Light,0,0,
68981,2022-07-08 13:30:00,40.772644,-73.9269,0,0,Unspecified,4544954,29.6,19.3,1.8,1.8,0.0,8.0,51,15.0,31.0,187,Drizzle: Light,0,0,
68982,2022-04-14 16:40:00,40.72568,-73.89105,0,0,Following Too Closely,4519115,28.1,13.9,0.2,0.2,0.0,2.0,51,25.9,46.1,249,Drizzle: Light,0,0,
68983,2021-10-25 15:55:00,40.7941774,-73.944866,1,0,Following Too Closely,4470876,22.8,13.5,10.7,10.7,0.0,8.0,63,18.9,33.5,172,Rain: Moderate,1,1,
68984,2021-10-25 05:40:00,40.7901632,-73.9367489,0,0,Following Too Closely,4470877,22.8,13.5,10.7,10.7,0.0,8.0,63,18.9,33.5,172,Rain: Moderate,0,0,
68985,2022-04-14 04:45:00,40.70747,-73.91007,0,0,Unsafe Speed,4519153,28.1,13.9,0.2,0.2,0.0,2.0,51,25.9,46.1,249,Drizzle: Light,0,0,
68986,2022-04-14 05:30:00,40.795536,-73.977234,2,0,Other Vehicular,4519806,28.1,13.9,0.2,0.2,0.0,2.0,51,25.9,46.1,249,Drizzle: Light,2,2,
68987,2022-04-13 01:30:00,40.836624,-73.92612,0,0,Driver Inattention/Distraction,4518559,18.9,7.1,0.0,0.0,0.0,0.0,3,18.7,37.4,112,Overcast,0,0,
68988,2022-04-15 18:18:00,40.665485,-73.75137,0,0,Unspecified,4519294,19.2,6.3,0.1,0.1,0.0,1.0,51,26.9,46.1,243,Drizzle: Light,0,0,
68989,2022-04-13 23:00:00,40.559486,-74.12246,3,0,Driver Inexperience,4518879,18.9,7.1,0.0,0.0,0.0,0.0,3,18.7,37.4,112,Overcast,3,3,
68990,2022-04-13 15:30:00,40.62577,-73.99957,0,0,Driver Inattention/Distraction,4519083,18.9,7.1,0.0,0.0,0.0,0.0,3,18.7,37.4,112,Overcast,0,0,
68991,2021-10-25 15:40:00,40.6321706,-74.0230666,0,0,Passing Too Closely,4470884,22.8,13.5,10.7,10.7,0.0,8.0,63,18.9,33.5,172,Rain: Moderate,0,0,
68992,2022-04-11 12:27:00,0.0,0.0,0,0,Driver Inattention/Distraction,4519224,13.1,1.8,0.0,0.0,0.0,0.0,3,18.6,36.4,246,Overcast,0,0,
68993,2022-04-12 16:14:00,40.585976,-73.93791,0,0,Driver Inattention/Distraction,4519285,20.4,7.7,1.6,1.6,0.0,3.0,53,17.8,36.0,271,Drizzle: Moderate,0,0,
68994,2021-10-05 12:45:00,40.7748523,-73.9806585,1,0,Other Vehicular,4470888,19.9,15.0,0.0,0.0,0.0,0.0,3,14.5,28.1,46,Overcast,1,1,
68995,2022-04-14 03:29:00,40.676632,-73.95944,0,0,Fell Asleep,4519617,28.1,13.9,0.2,0.2,0.0,2.0,51,25.9,46.1,249,Drizzle: Light,0,0,
68996,2021-10-25 17:16:00,40.7544821,-73.7720985,1,0,Turning Improperly,4470890,22.8,13.5,10.7,10.7,0.0,8.0,63,18.9,33.5,172,Rain: Moderate,1,1,
68997,2021-10-23 23:15:00,40.7089197,-73.8046855,0,0,Unspecified,4470893,15.9,10.4,0.2,0.2,0.0,2.0,51,14.4,26.6,326,Drizzle: Light,0,0,
68998,2021-10-25 20:28:00,40.7915585,-73.9386493,0,0,Pedestrian/Bicyclist/Other Pedestrian Error/Confusion,4470894,22.8,13.5,10.7,10.7,0.0,8.0,63,18.9,33.5,172,Rain: Moderate,0,0,
68999,2021-10-25 13:10:00,40.647602,-73.89456,0,0,Driver Inattention/Distraction,4470886,22.8,13.5,10.7,10.7,0.0,8.0,63,18.9,33.5,172,Rain: Moderate,0,0,
69000,2021-10-30 12:29:00,40.66041,-73.87693,2,0,Failure to Yield Right-of-Way,4472760,17.8,12.0,7.8,7.8,0.0,16.0,61,38.5,68.0,112,Rain: Light,2,2,
69001,2021-11-01 18:40:00,40.710747,-73.75066,2,0,Unspecified,4473180,14.4,8.0,0.0,0.0,0.0,0.0,3,20.7,38.5,278,Overcast,2,2,
69002,2021-12-12 18:38:00,40.652363,-73.89137,1,0,Unspecified,4485785,13.0,3.4,0.5,0.5,0.0,1.0,53,32.4,62.6,284,Drizzle: Moderate,1,1,
69003,2021-12-12 14:58:00,40.674534,-73.89656,1,0,Unspecified,4486035,13.0,3.4,0.5,0.5,0.0,1.0,53,32.4,62.6,284,Drizzle: Moderate,1,1,
69004,2021-12-12 20:20:00,40.73359,-74.00735,1,0,Driver Inattention/Distraction,4485916,13.0,3.4,0.5,0.5,0.0,1.0,53,32.4,62.6,284,Drizzle: Moderate,1,1,
69005,2021-12-07 18:09:00,40.729305,-73.910385,0,0,Following Too Closely,4486484,8.6,0.8,0.1,0.1,0.0,1.0,51,27.2,49.3,283,Drizzle: Light,0,0,
69006,2021-12-12 19:25:00,40.750374,-73.85462,0,0,Driver Inattention/Distraction,4485976,13.0,3.4,0.5,0.5,0.0,1.0,53,32.4,62.6,284,Drizzle: Moderate,0,0,
69007,2021-12-10 16:00:00,40.69612,-73.746185,0,0,Backing Unsafely,4486412,8.5,1.6,0.0,0.0,0.0,0.0,3,9.8,20.5,183,Overcast,0,0,
69008,2021-12-12 23:20:00,40.707436,-73.727554,0,0,Unspecified,4485836,13.0,3.4,0.5,0.5,0.0,1.0,53,32.4,62.6,284,Drizzle: Moderate,0,0,
69009,2021-07-30 23:14:00,40.7528,-73.979294,3,1,Traffic Control Disregarded,4442674,27.6,19.1,0.0,0.0,0.0,0.0,1,24.2,45.7,310,Mainly clear,23,4,Sunny/Clear Conditions
69010,2021-08-06 14:00:00,40.67291,-73.94077,0,0,Backing Unsafely,4446085,28.9,17.4,0.0,0.0,0.0,0.0,3,18.1,38.2,188,Overcast,0,0,
69011,2021-08-07 18:04:00,40.815845,-73.95287,0,0,Other Vehicular,4446131,29.7,19.9,0.0,0.0,0.0,0.0,3,24.2,45.0,198,Overcast,0,0,
69012,2021-08-09 13:51:00,40.575714,-73.96301,0,0,Passing Too Closely,4446158,26.2,20.1,1.1,1.1,0.0,7.0,51,17.3,34.6,36,Drizzle: Light,0,0,
69013,2020-12-29 12:10:00,40.826786,-73.892944,0,0,Unspecified,4446116,3.3,-2.8,0.0,0.0,0.0,0.0,3,27.0,51.5,305,Overcast,0,0,
69014,2021-08-08 19:00:00,40.76334,-73.99446,0,0,Failure to Yield Right-of-Way,4446151,22.9,19.4,12.7,12.7,0.0,17.0,63,19.9,36.0,38,Rain: Moderate,0,0,
69015,2021-08-08 00:45:00,40.58588,-73.912704,0,0,Unsafe Speed,4446097,22.9,19.4,12.7,12.7,0.0,17.0,63,19.9,36.0,38,Rain: Moderate,0,0,
69016,2021-08-06 16:11:00,40.672527,-73.95026,1,0,Driver Inattention/Distraction,4446084,28.9,17.4,0.0,0.0,0.0,0.0,3,18.1,38.2,188,Overcast,1,1,
69017,2021-08-05 15:30:00,40.57223,-73.99697,0,0,Passing Too Closely,4446157,27.1,17.4,0.1,0.1,0.0,1.0,51,13.2,27.0,5,Drizzle: Light,0,0,
69018,2021-08-09 22:12:00,40.624,-73.93107,0,0,Unspecified,4446095,26.2,20.1,1.1,1.1,0.0,7.0,51,17.3,34.6,36,Drizzle: Light,0,0,
69019,2021-07-07 17:35:00,40.641212,-73.9351,1,0,Unsafe Speed,4446104,31.4,22.2,1.4,1.4,0.0,6.0,53,17.4,37.8,213,Drizzle: Moderate,1,1,
69020,2021-12-12 14:15:00,40.69283,-73.85468,1,0,Failure to Yield Right-of-Way,4486346,13.0,3.4,0.5,0.5,0.0,1.0,53,32.4,62.6,284,Drizzle: Moderate,1,1,
69021,2021-12-09 09:00:00,40.575375,-74.18999,0,0,Failure to Yield Right-of-Way,4486387,3.6,-2.0,0.1,0.0,0.07,1.0,71,19.2,33.8,295,Snow fall: Light,0,0,Snowy Conditions
69022,2021-12-12 23:06:00,40.81231,-73.91648,0,0,Alcohol Involvement,4485881,13.0,3.4,0.5,0.5,0.0,1.0,53,32.4,62.6,284,Drizzle: Moderate,0,0,
69023,2021-12-12 01:54:00,40.711468,-73.80919,2,0,Unsafe Speed,4485612,13.0,3.4,0.5,0.5,0.0,1.0,53,32.4,62.6,284,Drizzle: Moderate,2,2,
69024,2021-12-12 22:50:00,40.89976,-73.85681,2,0,Driver Inattention/Distraction,4485993,13.0,3.4,0.5,0.5,0.0,1.0,53,32.4,62.6,284,Drizzle: Moderate,2,2,
69025,2021-12-12 07:00:00,40.748913,-73.9374,0,0,Traffic Control Disregarded,4485749,13.0,3.4,0.5,0.5,0.0,1.0,53,32.4,62.6,284,Drizzle: Moderate,0,0,
69026,2021-12-12 00:14:00,40.6635,-73.895676,0,0,Animals Action,4486022,13.0,3.4,0.5,0.5,0.0,1.0,53,32.4,62.6,284,Drizzle: Moderate,0,0,
69027,2021-08-09 17:32:00,40.678364,-73.77949,1,0,Unspecified,4445416,26.2,20.1,1.1,1.1,0.0,7.0,51,17.3,34.6,36,Drizzle: Light,1,1,
69028,2021-08-09 16:57:00,40.608063,-73.9383,1,0,Unspecified,4445542,26.2,20.1,1.1,1.1,0.0,7.0,51,17.3,34.6,36,Drizzle: Light,1,1,
69029,2021-08-09 12:10:00,40.76242,-73.82752,1,0,Failure to Yield Right-of-Way,4445460,26.2,20.1,1.1,1.1,0.0,7.0,51,17.3,34.6,36,Drizzle: Light,1,1,
69030,2021-07-09 23:15:00,40.75654,-73.867294,0,0,Unsafe Speed,4445945,29.8,22.0,35.0,35.0,0.0,14.0,63,31.0,55.8,341,Rain: Moderate,0,0,