,CRASH DATETIME,LATITUDE,LONGITUDE,NUMBER OF PERSONS INJURED,NUMBER OF PERSONS KILLED,CONTRIBUTING FACTOR VEHICLE 1,COLLISION_ID,temperature_2m_max,temperature_2m_min,precipitation_sum,rain_sum,snowfall_sum,precipitation_hours,weather_code,wind_speed_10m_max,wind_gusts_10m_max,wind_direction_10m_dominant,Weather Description,Severity_Score,Total_Affected_Persons,Weather_Category
69031,2021-08-07 19:30:00,40.845886,-73.915085,0,0,Unspecified,4445909,29.7,19.9,0.0,0.0,0.0,0.0,3,24.2,45.0,198,Overcast,0,0,
69032,2021-08-09 00:00:00,40.626762,-73.95661,0,0,Unspecified,4445007,26.2,20.1,1.1,1.1,0.0,7.0,51,17.3,34.6,36,Drizzle: Light,0,0,
69033,2021-08-09 17:35:00,40.75851,-73.72247,0,0,Alcohol Involvement,4445440,26.2,20.1,1.1,1.1,0.0,7.0,51,17.3,34.6,36,Drizzle: Light,0,0,
69034,2021-08-09 17:18:00,40.80919,-73.94093,1,0,Driver Inattention/Distraction,4445663,26.2,20.1,1.1,1.1,0.0,7.0,51,17.3,34.6,36,Drizzle: Light,1,1,
69035,2021-08-09 19:11:00,40.69011,-73.81206,1,0,Failure to Yield Right-of-Way,4445476,26.2,20.1,1.1,1.1,0.0,7.0,51,17.3,34.6,36,Drizzle: Light,1,1,
69036,2021-08-09 11:48:00,40.850098,-73.9067,1,0,Unspecified,4445864,26.2,20.1,1.1,1.1,0.0,7.0,51,17.3,34.6,36,Drizzle: Light,1,1,
69037,2021-08-06 14:00:00,40.83381,-73.918396,0,0,Failure to Yield Right-of-Way,4446009,28.9,17.4,0.0,0.0,0.0,0.0,3,18.1,38.2,188,Overcast,0,0,
69038,2021-08-09 17:45:00,40.718647,-73.83771,0,0,Unspecified,4445487,26.2,20.1,1.1,1.1,0.0,7.0,51,17.3,34.6,36,Drizzle: Light,0,0,
69039,2021-08-09 13:04:00,40.754593,-73.887085,0,0,Unspecified,4445940,26.2,20.1,1.1,1.1,0.0,7.0,51,17.3,34.6,36,Drizzle: Light,0,0,
69040,2021-08-08 03:50:00,40.865795,-73.920006,0,0,Driver Inattention/Distraction,4445984,22.9,19.4,12.7,12.7,0.0,17.0,63,19.9,36.0,38,Rain: Moderate,0,0,
69041,2021-08-09 19:30:00,40.575325,-73.84258,0,0,Driver Inattention/Distraction,4445787,26.2,20.1,1.1,1.1,0.0,7.0,51,17.3,34.6,36,Drizzle: Light,0,0,
69042,2021-08-09 08:43:00,40.723236,-73.98558,0,0,Other Vehicular,4445199,26.2,20.1,1.1,1.1,0.0,7.0,51,17.3,34.6,36,Drizzle: Light,0,0,
69043,2021-08-09 09:00:00,40.706306,-73.919586,0,0,Passing Too Closely,4445369,26.2,20.1,1.1,1.1,0.0,7.0,51,17.3,34.6,36,Drizzle: Light,0,0,
69044,2021-08-09 18:54:00,40.862717,-73.9023,0,0,Unspecified,4445556,26.2,20.1,1.1,1.1,0.0,7.0,51,17.3,34.6,36,Drizzle: Light,0,0,
69045,2021-08-09 08:30:00,40.77328,-73.961,0,0,Unspecified,4445588,26.2,20.1,1.1,1.1,0.0,7.0,51,17.3,34.6,36,Drizzle: Light,0,0,
69046,2021-08-09 14:00:00,40.867977,-73.85001,0,0,Unspecified,4445675,26.2,20.1,1.1,1.1,0.0,7.0,51,17.3,34.6,36,Drizzle: Light,0,0,
69047,2021-08-09 16:00:00,40.68721,-73.85212,0,0,Backing Unsafely,4445713,26.2,20.1,1.1,1.1,0.0,7.0,51,17.3,34.6,36,Drizzle: Light,0,0,
69048,2021-08-09 12:29:00,40.87091,-73.881,1,0,Failure to Yield Right-of-Way,4445341,26.2,20.1,1.1,1.1,0.0,7.0,51,17.3,34.6,36,Drizzle: Light,1,1,
69049,2021-08-06 03:15:00,40.702374,-73.87544,0,0,Failure to Yield Right-of-Way,4446048,28.9,17.4,0.0,0.0,0.0,0.0,3,18.1,38.2,188,Overcast,0,0,
69050,2021-08-09 16:00:00,40.727486,-73.94482,0,0,Driver Inattention/Distraction,4446065,26.2,20.1,1.1,1.1,0.0,7.0,51,17.3,34.6,36,Drizzle: Light,0,0,
69051,2021-08-09 12:38:00,40.57592,-74.130035,1,0,Failure to Yield Right-of-Way,4445333,26.2,20.1,1.1,1.1,0.0,7.0,51,17.3,34.6,36,Drizzle: Light,1,1,
69052,2021-08-09 10:05:00,40.80487,-73.915,0,0,Driver Inattention/Distraction,4445308,26.2,20.1,1.1,1.1,0.0,7.0,51,17.3,34.6,36,Drizzle: Light,0,0,
69053,2021-08-09 06:40:00,40.825287,-73.88646,0,0,Unspecified,4445963,26.2,20.1,1.1,1.1,0.0,7.0,51,17.3,34.6,36,Drizzle: Light,0,0,
69054,2021-08-09 17:42:00,40.849884,-73.8629,0,0,Driver Inattention/Distraction,4445364,26.2,20.1,1.1,1.1,0.0,7.0,51,17.3,34.6,36,Drizzle: Light,0,0,
69055,2021-08-09 08:15:00,40.7118,-73.77135,0,0,Failure to Yield Right-of-Way,4445229,26.2,20.1,1.1,1.1,0.0,7.0,51,17.3,34.6,36,Drizzle: Light,0,0,
69056,2021-08-09 20:56:00,40.679565,-73.93436,1,0,Unsafe Speed,4445704,26.2,20.1,1.1,1.1,0.0,7.0,51,17.3,34.6,36,Drizzle: Light,1,1,
69057,2021-08-09 13:35:00,40.835724,-73.90579,0,0,Unspecified,4445470,26.2,20.1,1.1,1.1,0.0,7.0,51,17.3,34.6,36,Drizzle: Light,0,0,
69058,2021-08-09 17:26:00,40.58406,-73.96901,0,0,Other Vehicular,4445502,26.2,20.1,1.1,1.1,0.0,7.0,51,17.3,34.6,36,Drizzle: Light,0,0,
69059,2021-08-09 20:00:00,40.653915,-73.95396,0,0,Unspecified,4445757,26.2,20.1,1.1,1.1,0.0,7.0,51,17.3,34.6,36,Drizzle: Light,0,0,
69060,2021-08-09 15:20:00,40.797943,-73.94003,1,0,Unspecified,4445598,26.2,20.1,1.1,1.1,0.0,7.0,51,17.3,34.6,36,Drizzle: Light,1,1,
69061,2021-08-09 23:59:00,40.677414,-73.93033,1,0,Traffic Control Disregarded,4445727,26.2,20.1,1.1,1.1,0.0,7.0,51,17.3,34.6,36,Drizzle: Light,1,1,
69062,2021-08-09 11:05:00,40.701588,-73.7544,1,0,Failure to Yield Right-of-Way,4445282,26.2,20.1,1.1,1.1,0.0,7.0,51,17.3,34.6,36,Drizzle: Light,1,1,
69063,2021-08-09 16:10:00,40.713184,-73.82393,0,0,Unsafe Lane Changing,4445356,26.2,20.1,1.1,1.1,0.0,7.0,51,17.3,34.6,36,Drizzle: Light,0,0,
69064,2021-08-09 18:09:00,40.74036,-73.97318,0,0,Other Vehicular,4445450,26.2,20.1,1.1,1.1,0.0,7.0,51,17.3,34.6,36,Drizzle: Light,0,0,
69065,2021-08-09 17:29:00,40.719856,-73.91049,0,0,Turning Improperly,4446041,26.2,20.1,1.1,1.1,0.0,7.0,51,17.3,34.6,36,Drizzle: Light,0,0,
69066,2021-08-09 22:57:00,40.797867,-73.96759,0,0,Reaction to Uninvolved Vehicle,4445587,26.2,20.1,1.1,1.1,0.0,7.0,51,17.3,34.6,36,Drizzle: Light,0,0,
69067,2021-07-31 02:00:00,40.77122,-73.9915,0,0,Unspecified,4445897,25.6,14.5,0.0,0.0,0.0,0.0,2,16.8,33.8,304,Partly cloudy,0,0,
69068,2021-08-03 15:53:00,40.723755,-73.89945,0,0,Traffic Control Disregarded,4446049,24.2,15.3,0.0,0.0,0.0,0.0,3,10.7,21.2,7,Overcast,0,0,
69069,2021-08-09 16:35:00,40.664265,-73.957375,1,0,Driver Inattention/Distraction,4445370,26.2,20.1,1.1,1.1,0.0,7.0,51,17.3,34.6,36,Drizzle: Light,1,1,
69070,2021-08-09 20:12:00,40.636078,-74.019714,1,0,Driver Inattention/Distraction,4445428,26.2,20.1,1.1,1.1,0.0,7.0,51,17.3,34.6,36,Drizzle: Light,1,1,
69071,2021-07-30 18:30:00,40.720432,-73.99987,0,0,Unspecified,4445967,27.6,19.1,0.0,0.0,0.0,0.0,1,24.2,45.7,310,Mainly clear,0,0,Sunny/Clear Conditions
69072,2021-08-09 01:50:00,40.846657,-73.89619,0,0,Aggressive Driving/Road Rage,4445313,26.2,20.1,1.1,1.1,0.0,7.0,51,17.3,34.6,36,Drizzle: Light,0,0,
69073,2021-08-09 19:44:00,40.68907,-73.92131,1,0,Failure to Yield Right-of-Way,4445862,26.2,20.1,1.1,1.1,0.0,7.0,51,17.3,34.6,36,Drizzle: Light,1,1,
69074,2021-08-09 23:17:00,40.897625,-73.85625,2,0,View Obstructed/Limited,4445626,26.2,20.1,1.1,1.1,0.0,7.0,51,17.3,34.6,36,Drizzle: Light,2,2,
69075,2021-08-09 17:30:00,40.710335,-73.760345,1,0,Traffic Control Disregarded,4445686,26.2,20.1,1.1,1.1,0.0,7.0,51,17.3,34.6,36,Drizzle: Light,1,1,
69076,2021-08-09 22:00:00,40.7452,-73.88426,0,0,Backing Unsafely,4445848,26.2,20.1,1.1,1.1,0.0,7.0,51,17.3,34.6,36,Drizzle: Light,0,0,
69077,2021-08-06 23:50:00,40.862812,-73.907555,1,0,Unspecified,4445957,28.9,17.4,0.0,0.0,0.0,0.0,3,18.1,38.2,188,Overcast,1,1,
69078,2021-08-09 07:18:00,40.761234,-73.96389,1,0,Failure to Yield Right-of-Way,4445465,26.2,20.1,1.1,1.1,0.0,7.0,51,17.3,34.6,36,Drizzle: Light,1,1,
69079,2021-08-07 01:01:00,40.632835,-74.02724,0,0,Alcohol Involvement,4445915,29.7,19.9,0.0,0.0,0.0,0.0,3,24.2,45.0,198,Overcast,0,0,
69080,2021-08-09 11:05:00,40.6168,-73.94885,0,0,Unspecified,4445489,26.2,20.1,1.1,1.1,0.0,7.0,51,17.3,34.6,36,Drizzle: Light,0,0,
69081,2021-08-09 18:15:00,40.647224,-73.911766,2,0,Unspecified,4445435,26.2,20.1,1.1,1.1,0.0,7.0,51,17.3,34.6,36,Drizzle: Light,2,2,
69082,2021-08-09 21:18:00,40.680115,-73.75324,0,0,Unsafe Speed,4445567,26.2,20.1,1.1,1.1,0.0,7.0,51,17.3,34.6,36,Drizzle: Light,0,0,
69083,2021-08-08 03:06:00,40.704796,-74.01669,0,0,Unspecified,4446026,22.9,19.4,12.7,12.7,0.0,17.0,63,19.9,36.0,38,Rain: Moderate,0,0,
69084,2021-08-09 09:35:00,40.7135,-73.73899,0,0,Failure to Yield Right-of-Way,4445402,26.2,20.1,1.1,1.1,0.0,7.0,51,17.3,34.6,36,Drizzle: Light,0,0,
69085,2021-08-09 00:20:00,40.75253,-73.94384,1,0,Driver Inattention/Distraction,4445887,26.2,20.1,1.1,1.1,0.0,7.0,51,17.3,34.6,36,Drizzle: Light,1,1,
69086,2021-07-22 06:35:00,40.712452,-73.882065,0,0,Unspecified,4446054,26.7,17.5,0.0,0.0,0.0,0.0,3,15.3,28.4,327,Overcast,0,0,
69087,2021-08-09 15:43:00,40.82967,-73.931076,0,0,Turning Improperly,4445526,26.2,20.1,1.1,1.1,0.0,7.0,51,17.3,34.6,36,Drizzle: Light,0,0,
69088,2021-08-09 19:45:00,40.678654,-74.01629,0,0,Driver Inattention/Distraction,4445441,26.2,20.1,1.1,1.1,0.0,7.0,51,17.3,34.6,36,Drizzle: Light,0,0,
69089,2021-08-09 17:19:00,40.825115,-73.92541,1,0,Failure to Yield Right-of-Way,4445528,26.2,20.1,1.1,1.1,0.0,7.0,51,17.3,34.6,36,Drizzle: Light,1,1,
69090,2021-08-09 23:30:00,40.676132,-73.81924,2,0,Failure to Yield Right-of-Way,4445478,26.2,20.1,1.1,1.1,0.0,7.0,51,17.3,34.6,36,Drizzle: Light,2,2,
69091,2021-08-09 16:24:00,40.63841,-74.1316,1,0,Traffic Control Disregarded,4445925,26.2,20.1,1.1,1.1,0.0,7.0,51,17.3,34.6,36,Drizzle: Light,1,1,
69092,2021-08-09 03:08:00,40.74432,-73.89494,1,0,Tire Failure/Inadequate,4445017,26.2,20.1,1.1,1.1,0.0,7.0,51,17.3,34.6,36,Drizzle: Light,1,1,
69093,2021-08-08 19:50:00,40.592194,-73.78414,0,0,Traffic Control Disregarded,4445973,22.9,19.4,12.7,12.7,0.0,17.0,63,19.9,36.0,38,Rain: Moderate,0,0,
69094,2021-08-09 10:00:00,40.692566,-73.763954,0,0,Passing or Lane Usage Improper,4445423,26.2,20.1,1.1,1.1,0.0,7.0,51,17.3,34.6,36,Drizzle: Light,0,0,
69095,2021-08-09 21:15:00,40.826675,-73.90023,0,0,Unspecified,4445812,26.2,20.1,1.1,1.1,0.0,7.0,51,17.3,34.6,36,Drizzle: Light,0,0,
69096,2021-07-30 21:20:00,40.710316,-73.77173,1,0,Unspecified,4446053,27.6,19.1,0.0,0.0,0.0,0.0,1,24.2,45.7,310,Mainly clear,1,1,Sunny/Clear Conditions
69097,2021-08-02 18:05:00,40.676342,-73.910934,0,0,Driver Inattention/Distraction,4445907,26.4,17.2,0.0,0.0,0.0,0.0,3,18.4,37.4,313,Overcast,0,0,
69098,2021-08-09 03:30:00,40.635117,-73.89115,0,0,Other Vehicular,4445111,26.2,20.1,1.1,1.1,0.0,7.0,51,17.3,34.6,36,Drizzle: Light,0,0,
69099,2021-08-09 05:15:00,40.752056,-73.868935,0,0,Tire Failure/Inadequate,4445942,26.2,20.1,1.1,1.1,0.0,7.0,51,17.3,34.6,36,Drizzle: Light,0,0,
69100,2021-08-09 18:10:00,40.679317,-73.92603,0,0,Driver Inattention/Distraction,4445373,26.2,20.1,1.1,1.1,0.0,7.0,51,17.3,34.6,36,Drizzle: Light,0,0,
69101,2021-08-09 19:28:00,40.810345,-73.9101,2,0,Unspecified,4445480,26.2,20.1,1.1,1.1,0.0,7.0,51,17.3,34.6,36,Drizzle: Light,2,2,
69102,2021-08-09 21:40:00,40.86357,-73.92602,1,0,Failure to Yield Right-of-Way,4445985,26.2,20.1,1.1,1.1,0.0,7.0,51,17.3,34.6,36,Drizzle: Light,1,1,
69103,2021-08-09 16:16:00,40.638226,-73.895996,1,0,Unspecified,4445436,26.2,20.1,1.1,1.1,0.0,7.0,51,17.3,34.6,36,Drizzle: Light,1,1,
69104,2021-08-09 21:30:00,40.850792,-73.87124,1,0,Following Too Closely,4445780,26.2,20.1,1.1,1.1,0.0,7.0,51,17.3,34.6,36,Drizzle: Light,1,1,
69105,2021-08-09 18:50:00,40.773537,-73.91052,0,0,Unspecified,4445886,26.2,20.1,1.1,1.1,0.0,7.0,51,17.3,34.6,36,Drizzle: Light,0,0,
69106,2021-08-09 18:00:00,40.75815,-73.8109,0,0,Other Vehicular,4445461,26.2,20.1,1.1,1.1,0.0,7.0,51,17.3,34.6,36,Drizzle: Light,0,0,
69107,2021-07-20 21:18:00,40.67088,-73.9504,1,0,Driver Inattention/Distraction,4446070,30.9,21.1,0.0,0.0,0.0,0.0,1,13.3,26.6,283,Mainly clear,1,1,Sunny/Clear Conditions
69108,2021-08-09 13:15:00,40.735413,-73.91835,0,0,Driver Inattention/Distraction,4445312,26.2,20.1,1.1,1.1,0.0,7.0,51,17.3,34.6,36,Drizzle: Light,0,0,
69109,2021-08-09 14:20:00,40.591904,-74.07445,0,0,Unspecified,4445334,26.2,20.1,1.1,1.1,0.0,7.0,51,17.3,34.6,36,Drizzle: Light,0,0,
69110,2021-08-09 16:50:00,40.633137,-73.9905,0,0,Unspecified,4445607,26.2,20.1,1.1,1.1,0.0,7.0,51,17.3,34.6,36,Drizzle: Light,0,0,
69111,2021-08-08 12:00:00,40.69774,-73.89289,0,0,Unspecified,4446059,22.9,19.4,12.7,12.7,0.0,17.0,63,19.9,36.0,38,Rain: Moderate,0,0,
69112,2021-08-09 15:00:00,40.687286,-73.758865,0,0,Unsafe Lane Changing,4445418,26.2,20.1,1.1,1.1,0.0,7.0,51,17.3,34.6,36,Drizzle: Light,0,0,
69113,2021-08-09 16:40:00,40.719864,-73.94486,0,0,Driver Inattention/Distraction,4445734,26.2,20.1,1.1,1.1,0.0,7.0,51,17.3,34.6,36,Drizzle: Light,0,0,
69114,2021-08-09 16:40:00,40.654343,-73.864204,0,0,Driver Inattention/Distraction,4446006,26.2,20.1,1.1,1.1,0.0,7.0,51,17.3,34.6,36,Drizzle: Light,0,0,
69115,2021-08-09 02:50:00,40.707077,-73.954025,3,0,Driver Inattention/Distraction,4445290,26.2,20.1,1.1,1.1,0.0,7.0,51,17.3,34.6,36,Drizzle: Light,3,3,
69116,2021-08-09 14:30:00,40.821026,-73.908905,0,0,Following Too Closely,4445535,26.2,20.1,1.1,1.1,0.0,7.0,51,17.3,34.6,36,Drizzle: Light,0,0,
69117,2021-08-09 08:30:00,40.755478,-73.729744,0,0,Passing Too Closely,4445631,26.2,20.1,1.1,1.1,0.0,7.0,51,17.3,34.6,36,Drizzle: Light,0,0,
69118,2021-08-09 08:15:00,40.722576,-73.94049,0,0,Following Too Closely,4445327,26.2,20.1,1.1,1.1,0.0,7.0,51,17.3,34.6,36,Drizzle: Light,0,0,
69119,2021-08-09 05:06:00,40.846165,-73.929146,0,1,Unspecified,4445446,26.2,20.1,1.1,1.1,0.0,7.0,51,17.3,34.6,36,Drizzle: Light,20,1,
69120,2021-08-09 10:00:00,40.624195,-74.07816,0,0,Driver Inattention/Distraction,4445955,26.2,20.1,1.1,1.1,0.0,7.0,51,17.3,34.6,36,Drizzle: Light,0,0,
69121,2021-08-09 10:18:00,40.70947,-73.74581,1,0,Following Too Closely,4445766,26.2,20.1,1.1,1.1,0.0,7.0,51,17.3,34.6,36,Drizzle: Light,1,1,
69122,2021-08-09 12:40:00,40.696617,-73.73227,0,0,Unspecified,4445408,26.2,20.1,1.1,1.1,0.0,7.0,51,17.3,34.6,36,Drizzle: Light,0,0,
69123,2021-08-09 23:10:00,40.748913,-73.9374,0,0,Driver Inattention/Distraction,4445455,26.2,20.1,1.1,1.1,0.0,7.0,51,17.3,34.6,36,Drizzle: Light,0,0,
69124,2021-08-07 05:23:00,40.7265,-73.8741,0,0,Unspecified,4446042,29.7,19.9,0.0,0.0,0.0,0.0,3,24.2,45.0,198,Overcast,0,0,
69125,2021-08-09 13:00:00,40.75203,-73.92915,1,0,Failure to Yield Right-of-Way,4445891,26.2,20.1,1.1,1.1,0.0,7.0,51,17.3,34.6,36,Drizzle: Light,1,1,
69126,2021-08-09 14:00:00,40.804375,-73.93742,0,0,Unspecified,4445596,26.2,20.1,1.1,1.1,0.0,7.0,51,17.3,34.6,36,Drizzle: Light,0,0,
69127,2021-08-09 08:00:00,40.59594,-73.93813,0,0,Unspecified,4445190,26.2,20.1,1.1,1.1,0.0,7.0,51,17.3,34.6,36,Drizzle: Light,0,0,
69128,2021-08-09 08:10:00,40.619728,-74.08358,1,0,Failure to Yield Right-of-Way,4445723,26.2,20.1,1.1,1.1,0.0,7.0,51,17.3,34.6,36,Drizzle: Light,1,1,
69129,2021-08-09 19:20:00,40.574135,-74.08581,1,0,Pedestrian/Bicyclist/Other Pedestrian Error/Confusion,4445365,26.2,20.1,1.1,1.1,0.0,7.0,51,17.3,34.6,36,Drizzle: Light,1,1,
69130,2021-08-09 21:10:00,40.820965,-73.939575,0,0,Driver Inattention/Distraction,4445662,26.2,20.1,1.1,1.1,0.0,7.0,51,17.3,34.6,36,Drizzle: Light,0,0,
69131,2021-08-09 16:20:00,40.610085,-74.11668,1,0,Turning Improperly,4445555,26.2,20.1,1.1,1.1,0.0,7.0,51,17.3,34.6,36,Drizzle: Light,1,1,
69132,2021-08-05 03:45:00,40.817795,-73.89319,1,0,Driver Inattention/Distraction,4445961,27.1,17.4,0.1,0.1,0.0,1.0,51,13.2,27.0,5,Drizzle: Light,1,1,
69133,2021-08-09 09:35:00,40.57605,-73.97304,1,0,Unspecified,4445500,26.2,20.1,1.1,1.1,0.0,7.0,51,17.3,34.6,36,Drizzle: Light,1,1,
69134,2021-08-09 16:40:00,40.771347,-73.92285,1,0,Driver Inattention/Distraction,4445892,26.2,20.1,1.1,1.1,0.0,7.0,51,17.3,34.6,36,Drizzle: Light,1,1,
69135,2021-08-09 00:00:00,40.62104,-73.9995,0,0,Driver Inattention/Distraction,4445426,26.2,20.1,1.1,1.1,0.0,7.0,51,17.3,34.6,36,Drizzle: Light,0,0,
69136,2021-08-09 18:06:00,40.659485,-73.918304,1,0,Unspecified,4445736,26.2,20.1,1.1,1.1,0.0,7.0,51,17.3,34.6,36,Drizzle: Light,1,1,
69137,2021-08-09 23:27:00,40.610844,-73.991776,0,0,Backing Unsafely,4445851,26.2,20.1,1.1,1.1,0.0,7.0,51,17.3,34.6,36,Drizzle: Light,0,0,
69138,2021-08-09 05:46:00,40.740704,-73.931526,0,0,Tow Hitch Defective,4445454,26.2,20.1,1.1,1.1,0.0,7.0,51,17.3,34.6,36,Drizzle: Light,0,0,
69139,2021-08-09 22:11:00,40.846424,-73.86034,0,0,Failure to Yield Right-of-Way,4445674,26.2,20.1,1.1,1.1,0.0,7.0,51,17.3,34.6,36,Drizzle: Light,0,0,
69140,2021-08-09 07:30:00,40.713173,-73.78573,1,0,Driver Inattention/Distraction,4445220,26.2,20.1,1.1,1.1,0.0,7.0,51,17.3,34.6,36,Drizzle: Light,1,1,
69141,2021-08-09 17:11:00,40.854294,-73.89008,2,0,Reaction to Uninvolved Vehicle,4445510,26.2,20.1,1.1,1.1,0.0,7.0,51,17.3,34.6,36,Drizzle: Light,2,2,
69142,2021-08-09 16:15:00,40.69386,-73.96222,1,0,Turning Improperly,4445340,26.2,20.1,1.1,1.1,0.0,7.0,51,17.3,34.6,36,Drizzle: Light,1,1,
69143,2021-08-09 18:00:00,40.83533,-73.927,0,0,Unspecified,4445531,26.2,20.1,1.1,1.1,0.0,7.0,51,17.3,34.6,36,Drizzle: Light,0,0,
69144,2021-08-09 09:35:00,40.67481,-73.79511,1,0,Failure to Yield Right-of-Way,4445422,26.2,20.1,1.1,1.1,0.0,7.0,51,17.3,34.6,36,Drizzle: Light,1,1,
69145,2021-08-09 19:58:00,40.576885,-74.00323,1,0,Brakes Defective,4445507,26.2,20.1,1.1,1.1,0.0,7.0,51,17.3,34.6,36,Drizzle: Light,1,1,
69146,2021-08-08 22:55:00,40.846954,-73.91863,0,0,Driver Inattention/Distraction,4445913,22.9,19.4,12.7,12.7,0.0,17.0,63,19.9,36.0,38,Rain: Moderate,0,0,
69147,2021-08-09 07:00:00,40.83573,-73.886604,0,0,Driver Inattention/Distraction,4445464,26.2,20.1,1.1,1.1,0.0,7.0,51,17.3,34.6,36,Drizzle: Light,0,0,
69148,2021-08-06 17:45:00,40.637028,-74.16822,0,0,Aggressive Driving/Road Rage,4445928,28.9,17.4,0.0,0.0,0.0,0.0,3,18.1,38.2,188,Overcast,0,0,
69149,2021-08-09 00:30:00,40.666397,-73.785,2,0,Reaction to Uninvolved Vehicle,4445020,26.2,20.1,1.1,1.1,0.0,7.0,51,17.3,34.6,36,Drizzle: Light,2,2,
69150,2021-08-05 15:50:00,40.675198,-74.015434,0,0,Unspecified,4445975,27.1,17.4,0.1,0.1,0.0,1.0,51,13.2,27.0,5,Drizzle: Light,0,0,
69151,2021-08-09 12:30:00,40.70992,-73.9623,0,0,Following Too Closely,4445809,26.2,20.1,1.1,1.1,0.0,7.0,51,17.3,34.6,36,Drizzle: Light,0,0,
69152,2021-08-01 02:00:00,40.72935,-73.910194,0,0,Driver Inattention/Distraction,4446060,24.4,16.6,0.8,0.8,0.0,5.0,51,19.9,39.2,168,Drizzle: Light,0,0,
69153,2021-08-09 12:14:00,40.800507,-73.938156,1,0,Traffic Control Disregarded,4445635,26.2,20.1,1.1,1.1,0.0,7.0,51,17.3,34.6,36,Drizzle: Light,1,1,
69154,2021-08-09 08:15:00,40.71976,-73.94476,0,0,Following Too Closely,4445326,26.2,20.1,1.1,1.1,0.0,7.0,51,17.3,34.6,36,Drizzle: Light,0,0,
69155,2021-08-09 15:31:00,40.714077,-73.953804,0,0,Failure to Yield Right-of-Way,4445328,26.2,20.1,1.1,1.1,0.0,7.0,51,17.3,34.6,36,Drizzle: Light,0,0,
69156,2021-08-09 07:45:00,40.684277,-73.78302,0,0,Following Too Closely,4445570,26.2,20.1,1.1,1.1,0.0,7.0,51,17.3,34.6,36,Drizzle: Light,0,0,
69157,2021-08-03 14:00:00,40.621887,-73.98741,1,0,Unspecified,4445971,24.2,15.3,0.0,0.0,0.0,0.0,3,10.7,21.2,7,Overcast,1,1,
69158,2021-08-09 03:00:00,40.700672,-73.92164,1,0,Alcohol Involvement,4445344,26.2,20.1,1.1,1.1,0.0,7.0,51,17.3,34.6,36,Drizzle: Light,1,1,
69159,2021-08-09 12:30:00,40.66494,-73.99664,1,0,Following Too Closely,4445610,26.2,20.1,1.1,1.1,0.0,7.0,51,17.3,34.6,36,Drizzle: Light,1,1,
69160,2021-08-02 16:58:00,40.81693,-73.88617,1,0,Failure to Yield Right-of-Way,4446024,26.4,17.2,0.0,0.0,0.0,0.0,3,18.4,37.4,313,Overcast,1,1,
69161,2021-08-09 19:45:00,40.743362,-73.70862,0,0,Unspecified,4445407,26.2,20.1,1.1,1.1,0.0,7.0,51,17.3,34.6,36,Drizzle: Light,0,0,
69162,2021-08-09 10:00:00,40.700768,-73.81019,0,0,Driver Inattention/Distraction,4445695,26.2,20.1,1.1,1.1,0.0,7.0,51,17.3,34.6,36,Drizzle: Light,0,0,
69163,2021-10-16 21:00:00,40.676134,-73.8192263,1,0,Failure to Yield Right-of-Way,4468215,24.3,15.0,17.5,17.5,0.0,9.0,63,25.7,46.4,195,Rain: Moderate,1,1,
69164,2021-08-09 08:00:00,40.61244,-74.13231,1,0,Following Too Closely,4445260,26.2,20.1,1.1,1.1,0.0,7.0,51,17.3,34.6,36,Drizzle: Light,1,1,
69165,2021-08-09 13:30:00,40.753376,-73.99259,1,0,Pedestrian/Bicyclist/Other Pedestrian Error/Confusion,4445571,26.2,20.1,1.1,1.1,0.0,7.0,51,17.3,34.6,36,Drizzle: Light,1,1,
69166,2021-08-09 09:45:00,40.710396,-74.00561,0,0,Turning Improperly,4445681,26.2,20.1,1.1,1.1,0.0,7.0,51,17.3,34.6,36,Drizzle: Light,0,0,
69167,2021-08-09 11:30:00,40.714825,-73.95588,0,0,Backing Unsafely,4445733,26.2,20.1,1.1,1.1,0.0,7.0,51,17.3,34.6,36,Drizzle: Light,0,0,
69168,2021-08-09 11:30:00,40.746483,-73.894936,1,0,Driver Inattention/Distraction,4445295,26.2,20.1,1.1,1.1,0.0,7.0,51,17.3,34.6,36,Drizzle: Light,1,1,
69169,2021-08-09 17:02:00,40.8675,-73.89174,1,0,Driver Inattention/Distraction,4445343,26.2,20.1,1.1,1.1,0.0,7.0,51,17.3,34.6,36,Drizzle: Light,1,1,
69170,2021-08-08 03:10:00,40.701,-73.786125,0,0,Driver Inattention/Distraction,4446045,22.9,19.4,12.7,12.7,0.0,17.0,63,19.9,36.0,38,Rain: Moderate,0,0,
69171,2021-08-08 20:50:00,40.731136,-73.8936,0,0,Unsafe Speed,4446051,22.9,19.4,12.7,12.7,0.0,17.0,63,19.9,36.0,38,Rain: Moderate,0,0,
69172,2021-08-09 11:42:00,40.637756,-74.00721,1,0,Backing Unsafely,4445372,26.2,20.1,1.1,1.1,0.0,7.0,51,17.3,34.6,36,Drizzle: Light,1,1,
69173,2021-08-09 17:30:00,40.7555,-73.792725,1,0,Passing or Lane Usage Improper,4445482,26.2,20.1,1.1,1.1,0.0,7.0,51,17.3,34.6,36,Drizzle: Light,1,1,
69174,2021-08-09 15:03:00,40.646416,-73.97608,0,0,Unspecified,4446027,26.2,20.1,1.1,1.1,0.0,7.0,51,17.3,34.6,36,Drizzle: Light,0,0,