,CRASH DATETIME,LATITUDE,LONGITUDE,NUMBER OF PERSONS INJURED,NUMBER OF PERSONS KILLED,CONTRIBUTING FACTOR VEHICLE 1,COLLISION_ID,temperature_2m_max,temperature_2m_min,precipitation_sum,rain_sum,snowfall_sum,precipitation_hours,weather_code,wind_speed_10m_max,wind_gusts_10m_max,wind_direction_10m_dominant,Weather Description,Severity_Score,Total_Affected_Persons,Weather_Category
69175,2021-08-09 09:15:00,40.806263,-73.92018,0,0,Turning Improperly,4445800,26.2,20.1,1.1,1.1,0.0,7.0,51,17.3,34.6,36,Drizzle: Light,0,0,
69176,2021-07-24 05:30:00,40.710197,-73.9965,4,0,Alcohol Involvement,4445965,26.8,18.2,0.0,0.0,0.0,0.0,3,16.3,31.7,152,Overcast,4,4,
69177,2021-08-09 08:30:00,40.74942,-73.940544,0,0,Driver Inattention/Distraction,4445311,26.2,20.1,1.1,1.1,0.0,7.0,51,17.3,34.6,36,Drizzle: Light,0,0,
69178,2021-08-09 15:40:00,40.69447,-73.78147,0,0,Passing or Lane Usage Improper,4445419,26.2,20.1,1.1,1.1,0.0,7.0,51,17.3,34.6,36,Drizzle: Light,0,0,
69179,2021-08-09 01:45:00,40.689125,-73.79801,0,0,Turning Improperly,4445214,26.2,20.1,1.1,1.1,0.0,7.0,51,17.3,34.6,36,Drizzle: Light,0,0,
69180,2021-08-09 12:20:00,0.0,0.0,0,0,Passing Too Closely,4445366,26.2,20.1,1.1,1.1,0.0,7.0,51,17.3,34.6,36,Drizzle: Light,0,0,
69181,2021-08-09 02:30:00,40.717308,-73.84927,1,0,,4445560,26.2,20.1,1.1,1.1,0.0,7.0,51,17.3,34.6,36,Drizzle: Light,1,1,
69182,2021-08-09 15:45:00,40.81632,-73.89622,0,0,Unspecified,4445361,26.2,20.1,1.1,1.1,0.0,7.0,51,17.3,34.6,36,Drizzle: Light,0,0,
69183,2021-08-09 13:53:00,40.72083,-73.99561,1,0,Pedestrian/Bicyclist/Other Pedestrian Error/Confusion,4445912,26.2,20.1,1.1,1.1,0.0,7.0,51,17.3,34.6,36,Drizzle: Light,1,1,
69184,2021-08-09 15:46:00,40.844387,-73.83463,0,0,Unspecified,4445696,26.2,20.1,1.1,1.1,0.0,7.0,51,17.3,34.6,36,Drizzle: Light,0,0,
69185,2021-08-09 18:30:00,40.758205,-73.777405,0,0,Unsafe Lane Changing,4445438,26.2,20.1,1.1,1.1,0.0,7.0,51,17.3,34.6,36,Drizzle: Light,0,0,
69186,2021-08-09 19:00:00,40.90348,-73.85035,0,0,Backing Unsafely,4445600,26.2,20.1,1.1,1.1,0.0,7.0,51,17.3,34.6,36,Drizzle: Light,0,0,
69187,2021-08-09 11:01:00,40.707172,-73.83212,0,0,Unspecified,4445722,26.2,20.1,1.1,1.1,0.0,7.0,51,17.3,34.6,36,Drizzle: Light,0,0,
69188,2021-08-09 20:45:00,40.67536,-73.8126,0,0,Passing or Lane Usage Improper,4445473,26.2,20.1,1.1,1.1,0.0,7.0,51,17.3,34.6,36,Drizzle: Light,0,0,
69189,2021-08-09 05:44:00,40.77039,-73.91771,0,0,Driver Inattention/Distraction,4445885,26.2,20.1,1.1,1.1,0.0,7.0,51,17.3,34.6,36,Drizzle: Light,0,0,
69190,2021-08-09 19:00:00,40.665348,-73.72986,0,0,Driver Inattention/Distraction,4445431,26.2,20.1,1.1,1.1,0.0,7.0,51,17.3,34.6,36,Drizzle: Light,0,0,
69191,2021-07-31 01:45:00,40.72469,-73.7541,4,0,Unspecified,4445901,25.6,14.5,0.0,0.0,0.0,0.0,2,16.8,33.8,304,Partly cloudy,4,4,
69192,2021-08-09 19:20:00,40.59607,-73.98413,0,0,Driver Inattention/Distraction,4445425,26.2,20.1,1.1,1.1,0.0,7.0,51,17.3,34.6,36,Drizzle: Light,0,0,
69193,2021-08-09 02:37:00,40.63868,-73.91682,0,0,Unspecified,4445117,26.2,20.1,1.1,1.1,0.0,7.0,51,17.3,34.6,36,Drizzle: Light,0,0,
69194,2021-08-08 22:24:00,40.63795,-74.14479,0,0,Driver Inattention/Distraction,4445930,22.9,19.4,12.7,12.7,0.0,17.0,63,19.9,36.0,38,Rain: Moderate,0,0,
69195,2021-08-05 18:19:00,40.62537,-74.039116,0,0,Driver Inattention/Distraction,4446125,27.1,17.4,0.1,0.1,0.0,1.0,51,13.2,27.0,5,Drizzle: Light,0,0,
69196,2021-08-09 00:00:00,40.590336,-74.12685,0,0,Animals Action,4445338,26.2,20.1,1.1,1.1,0.0,7.0,51,17.3,34.6,36,Drizzle: Light,0,0,
69197,2021-08-09 16:15:00,40.636635,-74.008385,0,0,Failure to Yield Right-of-Way,4445457,26.2,20.1,1.1,1.1,0.0,7.0,51,17.3,34.6,36,Drizzle: Light,0,0,
69198,2021-07-30 09:06:00,40.59028,-73.8108,0,0,Passing or Lane Usage Improper,4446071,27.6,19.1,0.0,0.0,0.0,0.0,1,24.2,45.7,310,Mainly clear,0,0,Sunny/Clear Conditions
69199,2021-08-04 17:12:00,40.861828,-73.89286,0,0,Backing Unsafely,4445995,24.3,17.5,0.1,0.1,0.0,1.0,51,13.7,27.4,57,Drizzle: Light,0,0,
69200,2021-08-09 16:15:00,40.662407,-73.96516,1,0,Following Too Closely,4445821,26.2,20.1,1.1,1.1,0.0,7.0,51,17.3,34.6,36,Drizzle: Light,1,1,
69201,2021-08-07 22:48:00,40.575428,-73.977875,0,0,Failure to Yield Right-of-Way,4446155,29.7,19.9,0.0,0.0,0.0,0.0,3,24.2,45.0,198,Overcast,0,0,
69202,2021-10-13 06:25:00,40.7623345,-73.8269171,0,0,Following Too Closely,4466941,21.7,14.8,0.1,0.1,0.0,1.0,51,12.2,23.0,200,Drizzle: Light,0,0,
69203,2021-08-09 08:35:00,40.848938,-73.93708,0,0,Oversized Vehicle,4445855,26.2,20.1,1.1,1.1,0.0,7.0,51,17.3,34.6,36,Drizzle: Light,0,0,
69204,2021-08-09 17:41:00,40.625656,-73.94011,0,0,Unspecified,4445445,26.2,20.1,1.1,1.1,0.0,7.0,51,17.3,34.6,36,Drizzle: Light,0,0,
69205,2021-08-09 20:30:00,40.574894,-74.108444,0,0,Reaction to Uninvolved Vehicle,4445409,26.2,20.1,1.1,1.1,0.0,7.0,51,17.3,34.6,36,Drizzle: Light,0,0,
69206,2021-08-09 09:00:00,40.61034,-73.98278,0,0,Unspecified,4445919,26.2,20.1,1.1,1.1,0.0,7.0,51,17.3,34.6,36,Drizzle: Light,0,0,
69207,2021-08-09 19:00:00,40.865345,-73.90849,0,0,Backing Unsafely,4445950,26.2,20.1,1.1,1.1,0.0,7.0,51,17.3,34.6,36,Drizzle: Light,0,0,
69208,2021-08-09 15:48:00,40.876083,-73.854126,0,0,Driver Inattention/Distraction,4445594,26.2,20.1,1.1,1.1,0.0,7.0,51,17.3,34.6,36,Drizzle: Light,0,0,
69209,2021-08-09 15:00:00,40.71793,-73.73696,0,0,Turning Improperly,4445771,26.2,20.1,1.1,1.1,0.0,7.0,51,17.3,34.6,36,Drizzle: Light,0,0,
69210,2021-08-09 15:30:00,40.8308,-73.90861,0,0,Unspecified,4445467,26.2,20.1,1.1,1.1,0.0,7.0,51,17.3,34.6,36,Drizzle: Light,0,0,
69211,2021-08-09 00:00:00,40.843884,-73.89613,1,0,Driver Inexperience,4445511,26.2,20.1,1.1,1.1,0.0,7.0,51,17.3,34.6,36,Drizzle: Light,1,1,
69212,2021-08-08 13:10:00,40.730225,-74.00686,0,0,Driver Inattention/Distraction,4446018,22.9,19.4,12.7,12.7,0.0,17.0,63,19.9,36.0,38,Rain: Moderate,0,0,
69213,2021-10-17 13:10:00,40.6396158,-73.932015,0,0,Unspecified,4468251,17.3,11.1,0.2,0.2,0.0,2.0,51,23.9,43.9,293,Drizzle: Light,0,0,
69214,2021-08-09 14:50:00,40.771904,-73.895226,2,0,Driver Inattention/Distraction,4445889,26.2,20.1,1.1,1.1,0.0,7.0,51,17.3,34.6,36,Drizzle: Light,2,2,
69215,2021-07-30 11:15:00,40.67356,-73.93627,1,0,Unsafe Lane Changing,4446082,27.6,19.1,0.0,0.0,0.0,0.0,1,24.2,45.7,310,Mainly clear,1,1,Sunny/Clear Conditions
69216,2021-08-09 18:40:00,40.83533,-73.927,0,0,Passing Too Closely,4445532,26.2,20.1,1.1,1.1,0.0,7.0,51,17.3,34.6,36,Drizzle: Light,0,0,
69217,2021-08-09 01:30:00,40.692936,-73.87777,4,0,Unspecified,4446061,26.2,20.1,1.1,1.1,0.0,7.0,51,17.3,34.6,36,Drizzle: Light,4,4,
69218,2021-08-07 09:20:00,40.6028,-73.74879,0,0,Unspecified,4445894,29.7,19.9,0.0,0.0,0.0,0.0,3,24.2,45.0,198,Overcast,0,0,
69219,2021-08-09 02:04:00,40.784325,-73.94225,2,0,Unsafe Lane Changing,4445044,26.2,20.1,1.1,1.1,0.0,7.0,51,17.3,34.6,36,Drizzle: Light,2,2,
69220,2021-08-08 22:30:00,40.595253,-73.78214,1,0,Turning Improperly,4445977,22.9,19.4,12.7,12.7,0.0,17.0,63,19.9,36.0,38,Rain: Moderate,1,1,
69221,2021-08-09 12:34:00,40.86135,-73.89774,0,0,Other Vehicular,4445922,26.2,20.1,1.1,1.1,0.0,7.0,51,17.3,34.6,36,Drizzle: Light,0,0,
69222,2021-08-09 17:30:00,40.666397,-73.7532,0,0,Unspecified,4445430,26.2,20.1,1.1,1.1,0.0,7.0,51,17.3,34.6,36,Drizzle: Light,0,0,
69223,2021-08-09 08:30:00,40.75639,-73.859726,2,0,Driver Inexperience,4445659,26.2,20.1,1.1,1.1,0.0,7.0,51,17.3,34.6,36,Drizzle: Light,2,2,
69224,2021-08-09 03:40:00,40.57477,-74.097626,0,0,Animals Action,4445330,26.2,20.1,1.1,1.1,0.0,7.0,51,17.3,34.6,36,Drizzle: Light,0,0,
69225,2021-08-09 09:27:00,40.76104,-73.97538,1,0,Failure to Yield Right-of-Way,4445613,26.2,20.1,1.1,1.1,0.0,7.0,51,17.3,34.6,36,Drizzle: Light,1,1,
69226,2021-08-05 00:30:00,40.820988,-73.89491,0,0,Traffic Control Disregarded,4445960,27.1,17.4,0.1,0.1,0.0,1.0,51,13.2,27.0,5,Drizzle: Light,0,0,
69227,2021-08-09 18:58:00,40.740017,-73.84565,0,0,Unspecified,4445822,26.2,20.1,1.1,1.1,0.0,7.0,51,17.3,34.6,36,Drizzle: Light,0,0,
69228,2021-08-09 21:40:00,40.671288,-73.838066,0,0,Failure to Yield Right-of-Way,4445472,26.2,20.1,1.1,1.1,0.0,7.0,51,17.3,34.6,36,Drizzle: Light,0,0,
69229,2021-08-09 20:51:00,40.825954,-73.94337,0,0,Driver Inattention/Distraction,4445494,26.2,20.1,1.1,1.1,0.0,7.0,51,17.3,34.6,36,Drizzle: Light,0,0,
69230,2021-08-09 08:35:00,40.81558,-73.88694,0,0,Unspecified,4445741,26.2,20.1,1.1,1.1,0.0,7.0,51,17.3,34.6,36,Drizzle: Light,0,0,
69231,2021-08-09 08:50:00,40.564056,-74.18728,1,0,Driver Inattention/Distraction,4445561,26.2,20.1,1.1,1.1,0.0,7.0,51,17.3,34.6,36,Drizzle: Light,1,1,
69232,2021-08-07 21:03:00,40.71946,-73.89117,0,0,Driver Inattention/Distraction,4446056,29.7,19.9,0.0,0.0,0.0,0.0,3,24.2,45.0,198,Overcast,0,0,
69233,2021-08-09 02:05:00,40.691048,-73.88703,1,0,Unsafe Speed,4446037,26.2,20.1,1.1,1.1,0.0,7.0,51,17.3,34.6,36,Drizzle: Light,1,1,
69234,2021-08-09 21:50:00,40.846466,-73.87123,0,0,Passing or Lane Usage Improper,4445578,26.2,20.1,1.1,1.1,0.0,7.0,51,17.3,34.6,36,Drizzle: Light,0,0,
69235,2021-08-09 06:00:00,40.731655,-73.92179,0,0,Driver Inattention/Distraction,4445453,26.2,20.1,1.1,1.1,0.0,7.0,51,17.3,34.6,36,Drizzle: Light,0,0,
69236,2021-08-09 17:41:00,40.828346,-73.94906,1,0,Failure to Yield Right-of-Way,4445969,26.2,20.1,1.1,1.1,0.0,7.0,51,17.3,34.6,36,Drizzle: Light,1,1,
69237,2021-08-06 22:35:00,40.59281,-73.97877,3,0,Driver Inattention/Distraction,4446087,28.9,17.4,0.0,0.0,0.0,0.0,3,18.1,38.2,188,Overcast,3,3,
69238,2021-08-09 15:45:00,40.676193,-74.001335,0,0,Unsafe Lane Changing,4445362,26.2,20.1,1.1,1.1,0.0,7.0,51,17.3,34.6,36,Drizzle: Light,0,0,
69239,2021-08-09 15:50:00,40.585026,-73.958275,1,0,Following Too Closely,4445410,26.2,20.1,1.1,1.1,0.0,7.0,51,17.3,34.6,36,Drizzle: Light,1,1,
69240,2021-08-09 17:10:00,40.843655,-73.93065,1,0,Unsafe Speed,4445778,26.2,20.1,1.1,1.1,0.0,7.0,51,17.3,34.6,36,Drizzle: Light,1,1,
69241,2021-08-09 10:40:00,40.696644,-73.80741,1,0,Passing or Lane Usage Improper,4445684,26.2,20.1,1.1,1.1,0.0,7.0,51,17.3,34.6,36,Drizzle: Light,1,1,
69242,2021-08-09 17:11:00,40.68445,-73.92031,1,0,Failure to Yield Right-of-Way,4445697,26.2,20.1,1.1,1.1,0.0,7.0,51,17.3,34.6,36,Drizzle: Light,1,1,
69243,2021-08-09 01:48:00,40.835857,-73.87213,0,0,Unspecified,4445259,26.2,20.1,1.1,1.1,0.0,7.0,51,17.3,34.6,36,Drizzle: Light,0,0,
69244,2021-08-09 19:05:00,40.59228,-74.189705,0,0,Unspecified,4445506,26.2,20.1,1.1,1.1,0.0,7.0,51,17.3,34.6,36,Drizzle: Light,0,0,
69245,2021-08-09 12:20:00,40.82796,-73.82367,0,0,Unspecified,4445320,26.2,20.1,1.1,1.1,0.0,7.0,51,17.3,34.6,36,Drizzle: Light,0,0,
69246,2021-08-09 11:40:00,40.720318,-74.01218,1,0,Unspecified,4445591,26.2,20.1,1.1,1.1,0.0,7.0,51,17.3,34.6,36,Drizzle: Light,1,1,
69247,2021-08-09 08:00:00,40.85638,-73.82631,0,0,Unsafe Lane Changing,4445212,26.2,20.1,1.1,1.1,0.0,7.0,51,17.3,34.6,36,Drizzle: Light,0,0,
69248,2021-08-09 21:47:00,40.64614,-73.93271,0,0,Driver Inattention/Distraction,4445421,26.2,20.1,1.1,1.1,0.0,7.0,51,17.3,34.6,36,Drizzle: Light,0,0,
69249,2021-08-09 11:06:00,40.869614,-73.84463,1,0,Alcohol Involvement,4445677,26.2,20.1,1.1,1.1,0.0,7.0,51,17.3,34.6,36,Drizzle: Light,1,1,
69250,2021-08-09 17:07:00,40.70739,-73.95054,1,0,Unspecified,4446110,26.2,20.1,1.1,1.1,0.0,7.0,51,17.3,34.6,36,Drizzle: Light,1,1,
69251,2021-08-09 13:04:00,40.859444,-73.915985,0,0,Unspecified,4445558,26.2,20.1,1.1,1.1,0.0,7.0,51,17.3,34.6,36,Drizzle: Light,0,0,
69252,2021-08-09 12:30:00,40.872444,-73.87687,0,0,Passing or Lane Usage Improper,4445342,26.2,20.1,1.1,1.1,0.0,7.0,51,17.3,34.6,36,Drizzle: Light,0,0,
69253,2021-08-09 13:00:00,40.668037,-73.93497,0,0,Driver Inattention/Distraction,4445948,26.2,20.1,1.1,1.1,0.0,7.0,51,17.3,34.6,36,Drizzle: Light,0,0,
69254,2021-08-06 23:45:00,40.59574,-73.77909,0,0,Unspecified,4445902,28.9,17.4,0.0,0.0,0.0,0.0,3,18.1,38.2,188,Overcast,0,0,
69255,2021-08-09 14:24:00,40.64703,-74.012,1,0,Unspecified,4445458,26.2,20.1,1.1,1.1,0.0,7.0,51,17.3,34.6,36,Drizzle: Light,1,1,
69256,2021-08-09 18:15:00,40.75369,-73.74445,0,0,Reaction to Uninvolved Vehicle,4445439,26.2,20.1,1.1,1.1,0.0,7.0,51,17.3,34.6,36,Drizzle: Light,0,0,
69257,2021-08-09 14:00:00,40.709305,-73.84369,1,0,Turning Improperly,4445789,26.2,20.1,1.1,1.1,0.0,7.0,51,17.3,34.6,36,Drizzle: Light,1,1,
69258,2021-08-09 07:04:00,40.8407,-73.84544,0,0,Unspecified,4445883,26.2,20.1,1.1,1.1,0.0,7.0,51,17.3,34.6,36,Drizzle: Light,0,0,
69259,2021-08-09 12:07:00,40.791733,-73.81017,0,0,Failure to Yield Right-of-Way,4445463,26.2,20.1,1.1,1.1,0.0,7.0,51,17.3,34.6,36,Drizzle: Light,0,0,
69260,2021-08-03 09:48:00,40.68804,-73.947754,1,0,Driver Inattention/Distraction,4446127,24.2,15.3,0.0,0.0,0.0,0.0,3,10.7,21.2,7,Overcast,1,1,
69261,2021-08-09 01:00:00,40.556076,-74.116196,0,0,Unspecified,4445339,26.2,20.1,1.1,1.1,0.0,7.0,51,17.3,34.6,36,Drizzle: Light,0,0,
69262,2021-08-07 11:05:00,40.691082,-73.98345,1,0,Driver Inattention/Distraction,4446076,29.7,19.9,0.0,0.0,0.0,0.0,3,24.2,45.0,198,Overcast,1,1,
69263,2021-08-08 23:50:00,40.71852,-73.99158,0,0,Brakes Defective,4445964,22.9,19.4,12.7,12.7,0.0,17.0,63,19.9,36.0,38,Rain: Moderate,0,0,
69264,2021-08-09 16:25:00,40.901836,-73.84548,1,0,Traffic Control Disregarded,4445599,26.2,20.1,1.1,1.1,0.0,7.0,51,17.3,34.6,36,Drizzle: Light,1,1,
69265,2021-08-09 17:15:00,40.69242,-73.85151,1,0,Following Too Closely,4445720,26.2,20.1,1.1,1.1,0.0,7.0,51,17.3,34.6,36,Drizzle: Light,1,1,
69266,2021-08-09 15:50:00,40.58524,-74.093414,0,0,Turning Improperly,4445367,26.2,20.1,1.1,1.1,0.0,7.0,51,17.3,34.6,36,Drizzle: Light,0,0,
69267,2021-08-09 21:15:00,40.68379,-73.80978,0,0,Illnes,4445475,26.2,20.1,1.1,1.1,0.0,7.0,51,17.3,34.6,36,Drizzle: Light,0,0,
69268,2021-08-09 00:45:00,40.815403,-73.93992,0,0,Unspecified,4445664,26.2,20.1,1.1,1.1,0.0,7.0,51,17.3,34.6,36,Drizzle: Light,0,0,
69269,2021-08-09 07:48:00,40.623623,-73.92637,0,0,Passing Too Closely,4445544,26.2,20.1,1.1,1.1,0.0,7.0,51,17.3,34.6,36,Drizzle: Light,0,0,
69270,2021-08-09 07:09:00,40.74992,-73.74493,0,0,Passing Too Closely,4445304,26.2,20.1,1.1,1.1,0.0,7.0,51,17.3,34.6,36,Drizzle: Light,0,0,
69271,2021-08-09 18:20:00,40.599255,-73.9894,1,0,Driver Inattention/Distraction,4445424,26.2,20.1,1.1,1.1,0.0,7.0,51,17.3,34.6,36,Drizzle: Light,1,1,
69272,2021-08-02 02:00:00,40.72935,-73.910194,0,0,Passing or Lane Usage Improper,4446050,26.4,17.2,0.0,0.0,0.0,0.0,3,18.4,37.4,313,Overcast,0,0,
69273,2021-08-09 15:06:00,40.786892,-73.80798,0,0,Backing Unsafely,4445483,26.2,20.1,1.1,1.1,0.0,7.0,51,17.3,34.6,36,Drizzle: Light,0,0,
69274,2021-08-09 14:10:00,40.66874,-73.99668,2,0,Driver Inattention/Distraction,4445371,26.2,20.1,1.1,1.1,0.0,7.0,51,17.3,34.6,36,Drizzle: Light,2,2,
69275,2021-08-09 07:39:00,40.71843,-74.000534,0,0,Outside Car Distraction,4445911,26.2,20.1,1.1,1.1,0.0,7.0,51,17.3,34.6,36,Drizzle: Light,0,0,
69276,2021-07-31 00:15:00,40.760036,-73.991455,0,0,Unspecified,4445937,25.6,14.5,0.0,0.0,0.0,0.0,2,16.8,33.8,304,Partly cloudy,0,0,
69277,2021-08-09 15:25:00,40.791588,-73.9527,0,0,Driverless/Runaway Vehicle,4445820,26.2,20.1,1.1,1.1,0.0,7.0,51,17.3,34.6,36,Drizzle: Light,0,0,
69278,2021-08-09 07:30:00,40.602192,-73.75523,0,0,Lane Marking Improper/Inadequate,4445996,26.2,20.1,1.1,1.1,0.0,7.0,51,17.3,34.6,36,Drizzle: Light,0,0,
69279,2021-08-09 18:18:00,40.63627,-74.02584,0,0,Unspecified,4445432,26.2,20.1,1.1,1.1,0.0,7.0,51,17.3,34.6,36,Drizzle: Light,0,0,
69280,2021-08-09 00:30:00,40.700672,-73.92164,0,0,Passing or Lane Usage Improper,4445857,26.2,20.1,1.1,1.1,0.0,7.0,51,17.3,34.6,36,Drizzle: Light,0,0,
69281,2021-07-31 22:51:00,40.709415,-73.87022,1,0,Traffic Control Disregarded,4446047,25.6,14.5,0.0,0.0,0.0,0.0,2,16.8,33.8,304,Partly cloudy,1,1,
69282,2021-08-09 08:57:00,40.722878,-74.00206,0,0,Driver Inattention/Distraction,4445580,26.2,20.1,1.1,1.1,0.0,7.0,51,17.3,34.6,36,Drizzle: Light,0,0,
69283,2021-08-07 04:20:00,40.703083,-73.85766,0,0,Passing or Lane Usage Improper,4446062,29.7,19.9,0.0,0.0,0.0,0.0,3,24.2,45.0,198,Overcast,0,0,
69284,2021-08-09 10:00:00,40.711693,-73.935814,0,0,Driver Inattention/Distraction,4446111,26.2,20.1,1.1,1.1,0.0,7.0,51,17.3,34.6,36,Drizzle: Light,0,0,
69285,2021-08-09 11:40:00,40.59922,-74.09173,3,0,Accelerator Defective,4445332,26.2,20.1,1.1,1.1,0.0,7.0,51,17.3,34.6,36,Drizzle: Light,3,3,
69286,2021-08-09 12:17:00,40.7448,-73.991425,1,0,Failure to Yield Right-of-Way,4445661,26.2,20.1,1.1,1.1,0.0,7.0,51,17.3,34.6,36,Drizzle: Light,1,1,
69287,2021-08-03 00:00:00,40.83037,-73.94015,0,0,Backing Unsafely,4445968,24.2,15.3,0.0,0.0,0.0,0.0,3,10.7,21.2,7,Overcast,0,0,
69288,2021-08-09 18:28:00,40.789734,-73.9661,0,0,Passing or Lane Usage Improper,4445566,26.2,20.1,1.1,1.1,0.0,7.0,51,17.3,34.6,36,Drizzle: Light,0,0,
69289,2021-08-09 07:50:00,40.627506,-74.03237,1,0,Steering Failure,4445316,26.2,20.1,1.1,1.1,0.0,7.0,51,17.3,34.6,36,Drizzle: Light,1,1,
69290,2021-08-09 13:30:00,40.843655,-73.93065,0,0,Unspecified,4445363,26.2,20.1,1.1,1.1,0.0,7.0,51,17.3,34.6,36,Drizzle: Light,0,0,
69291,2021-08-09 20:42:00,40.671627,-73.93364,1,0,Driver Inattention/Distraction,4445730,26.2,20.1,1.1,1.1,0.0,7.0,51,17.3,34.6,36,Drizzle: Light,1,1,
69292,2021-08-09 06:31:00,40.74923,-73.88613,1,0,Alcohol Involvement,4445701,26.2,20.1,1.1,1.1,0.0,7.0,51,17.3,34.6,36,Drizzle: Light,1,1,
69293,2021-08-09 10:15:00,40.702133,-73.82862,0,0,Driver Inexperience,4445275,26.2,20.1,1.1,1.1,0.0,7.0,51,17.3,34.6,36,Drizzle: Light,0,0,
69294,2021-08-09 11:43:00,40.599064,-73.74481,0,0,Fell Asleep,4445997,26.2,20.1,1.1,1.1,0.0,7.0,51,17.3,34.6,36,Drizzle: Light,0,0,
69295,2021-07-22 23:27:00,40.678455,-73.949684,0,0,Driver Inattention/Distraction,4446078,26.7,17.5,0.0,0.0,0.0,0.0,3,15.3,28.4,327,Overcast,0,0,
69296,2021-08-09 17:20:00,40.665905,-73.91854,0,0,Unspecified,4445841,26.2,20.1,1.1,1.1,0.0,7.0,51,17.3,34.6,36,Drizzle: Light,0,0,
69297,2021-08-05 23:19:00,40.646828,-73.98224,1,0,Unspecified,4446170,27.1,17.4,0.1,0.1,0.0,1.0,51,13.2,27.0,5,Drizzle: Light,1,1,
69298,2021-08-09 05:28:00,40.828278,-73.907036,0,0,Driver Inattention/Distraction,4445466,26.2,20.1,1.1,1.1,0.0,7.0,51,17.3,34.6,36,Drizzle: Light,0,0,
69299,2021-08-07 08:51:00,40.66578,-73.91942,1,0,Turning Improperly,4445917,29.7,19.9,0.0,0.0,0.0,0.0,3,24.2,45.0,198,Overcast,1,1,
69300,2021-08-08 22:34:00,40.852673,-73.919106,0,0,Driver Inattention/Distraction,4445924,22.9,19.4,12.7,12.7,0.0,17.0,63,19.9,36.0,38,Rain: Moderate,0,0,
69301,2021-08-09 04:14:00,40.637444,-73.90155,1,0,Traffic Control Disregarded,4445093,26.2,20.1,1.1,1.1,0.0,7.0,51,17.3,34.6,36,Drizzle: Light,1,1,
69302,2021-07-27 16:10:00,40.703686,-73.90918,0,0,Traffic Control Disregarded,4446055,30.4,19.1,0.2,0.2,0.0,2.0,51,19.5,38.9,206,Drizzle: Light,0,0,
69303,2021-08-09 14:47:00,40.632164,-74.166336,3,0,Other Vehicular,4445504,26.2,20.1,1.1,1.1,0.0,7.0,51,17.3,34.6,36,Drizzle: Light,3,3,
69304,2021-08-09 17:51:00,40.83226,-73.91369,1,0,Unsafe Speed,4445533,26.2,20.1,1.1,1.1,0.0,7.0,51,17.3,34.6,36,Drizzle: Light,1,1,
69305,2021-08-09 23:20:00,40.642033,-73.89609,1,0,Unspecified,4445980,26.2,20.1,1.1,1.1,0.0,7.0,51,17.3,34.6,36,Drizzle: Light,1,1,
69306,2021-08-09 19:30:00,40.7024,-73.7431,0,0,Unspecified,4445429,26.2,20.1,1.1,1.1,0.0,7.0,51,17.3,34.6,36,Drizzle: Light,0,0,
69307,2021-08-09 18:20:00,40.636448,-73.94513,1,0,Driver Inattention/Distraction,4445742,26.2,20.1,1.1,1.1,0.0,7.0,51,17.3,34.6,36,Drizzle: Light,1,1,
69308,2021-08-09 06:05:00,40.747837,-73.947464,0,0,,4445452,26.2,20.1,1.1,1.1,0.0,7.0,51,17.3,34.6,36,Drizzle: Light,0,0,
69309,2021-08-09 16:34:00,40.70485,-73.90562,0,0,Traffic Control Disregarded,4446040,26.2,20.1,1.1,1.1,0.0,7.0,51,17.3,34.6,36,Drizzle: Light,0,0,
69310,2021-08-09 21:39:00,40.864456,-73.900986,0,0,Unspecified,4445522,26.2,20.1,1.1,1.1,0.0,7.0,51,17.3,34.6,36,Drizzle: Light,0,0,
69311,2021-08-09 08:36:00,40.85922,-73.83626,0,0,Driver Inattention/Distraction,4445359,26.2,20.1,1.1,1.1,0.0,7.0,51,17.3,34.6,36,Drizzle: Light,0,0,
69312,2021-08-09 11:00:00,40.702087,-73.81862,0,0,Driver Inexperience,4445247,26.2,20.1,1.1,1.1,0.0,7.0,51,17.3,34.6,36,Drizzle: Light,0,0,
69313,2021-08-09 02:33:00,40.81313,-73.89428,3,0,Unspecified,4445621,26.2,20.1,1.1,1.1,0.0,7.0,51,17.3,34.6,36,Drizzle: Light,3,3,
69314,2021-08-09 10:00:00,40.820137,-73.89029,0,0,Unspecified,4445779,26.2,20.1,1.1,1.1,0.0,7.0,51,17.3,34.6,36,Drizzle: Light,0,0,
69315,2021-08-09 10:00:00,40.639496,-73.93392,0,0,Unspecified,4445415,26.2,20.1,1.1,1.1,0.0,7.0,51,17.3,34.6,36,Drizzle: Light,0,0,
69316,2021-08-09 03:30:00,40.665333,-73.77272,0,0,Unspecified,4445403,26.2,20.1,1.1,1.1,0.0,7.0,51,17.3,34.6,36,Drizzle: Light,0,0,
69317,2021-08-09 18:11:00,40.70731,-73.764626,1,0,Following Too Closely,4445685,26.2,20.1,1.1,1.1,0.0,7.0,51,17.3,34.6,36,Drizzle: Light,1,1,
69318,2021-08-09 02:48:00,40.668797,-73.93113,1,1,Unsafe Speed,4445443,26.2,20.1,1.1,1.1,0.0,7.0,51,17.3,34.6,36,Drizzle: Light,21,2,
69319,2021-08-09 20:26:00,40.688774,-73.817635,0,0,Following Too Closely,4445471,26.2,20.1,1.1,1.1,0.0,7.0,51,17.3,34.6,36,Drizzle: Light,0,0,
69320,2021-08-08 05:36:00,40.86923,-73.89604,0,0,Alcohol Involvement,4445958,22.9,19.4,12.7,12.7,0.0,17.0,63,19.9,36.0,38,Rain: Moderate,0,0,