,CRASH DATETIME,LATITUDE,LONGITUDE,NUMBER OF PERSONS INJURED,NUMBER OF PERSONS KILLED,CONTRIBUTING FACTOR VEHICLE 1,COLLISION_ID,temperature_2m_max,temperature_2m_min,precipitation_sum,rain_sum,snowfall_sum,precipitation_hours,weather_code,wind_speed_10m_max,wind_gusts_10m_max,wind_direction_10m_dominant,Weather Description,Severity_Score,Total_Affected_Persons,Weather_Category
69321,2021-08-08 21:05:00,40.72089,-73.99576,1,0,Driver Inattention/Distraction,4445896,22.9,19.4,12.7,12.7,0.0,17.0,63,19.9,36.0,38,Rain: Moderate,1,1,
69322,2021-08-06 00:32:00,40.687687,-73.792564,0,0,Driver Inattention/Distraction,4446154,28.9,17.4,0.0,0.0,0.0,0.0,3,18.1,38.2,188,Overcast,0,0,
69323,2021-08-09 08:45:00,40.828396,-73.945305,0,0,Unspecified,4445493,26.2,20.1,1.1,1.1,0.0,7.0,51,17.3,34.6,36,Drizzle: Light,0,0,
69324,2021-08-09 09:20:00,40.637325,-73.89741,2,0,Driver Inattention/Distraction,4445434,26.2,20.1,1.1,1.1,0.0,7.0,51,17.3,34.6,36,Drizzle: Light,2,2,
69325,2021-08-07 13:04:00,40.675053,-73.947235,0,0,Driver Inattention/Distraction,4446086,29.7,19.9,0.0,0.0,0.0,0.0,3,24.2,45.0,198,Overcast,0,0,
69326,2021-08-09 23:11:00,40.695114,-73.911865,1,0,Passing or Lane Usage Improper,4445861,26.2,20.1,1.1,1.1,0.0,7.0,51,17.3,34.6,36,Drizzle: Light,1,1,
69327,2021-08-09 08:55:00,40.772964,-73.89233,0,0,Unspecified,4445888,26.2,20.1,1.1,1.1,0.0,7.0,51,17.3,34.6,36,Drizzle: Light,0,0,
69328,2021-08-09 23:30:00,40.858162,-73.91699,0,0,Driver Inattention/Distraction,4445903,26.2,20.1,1.1,1.1,0.0,7.0,51,17.3,34.6,36,Drizzle: Light,0,0,
69329,2021-08-09 23:28:00,40.6547,-73.94116,0,0,Unspecified,4445459,26.2,20.1,1.1,1.1,0.0,7.0,51,17.3,34.6,36,Drizzle: Light,0,0,
69330,2021-10-20 08:45:00,40.7138774,-73.7540462,1,0,Failure to Yield Right-of-Way,4469081,24.1,13.8,0.0,0.0,0.0,0.0,3,21.6,37.1,276,Overcast,1,1,
69331,2021-10-14 17:17:00,40.7627585,-73.822601,1,0,Passing Too Closely,4467372,25.0,15.4,0.0,0.0,0.0,0.0,3,15.4,29.9,328,Overcast,1,1,
69332,2021-10-15 17:41:00,40.8044551,-73.9118464,1,0,Traffic Control Disregarded,4467716,25.0,14.5,0.0,0.0,0.0,0.0,3,16.8,28.4,182,Overcast,1,1,
69333,2021-09-28 10:51:00,40.6514467,-73.9508294,0,0,Unspecified,4467085,22.1,16.3,12.4,12.4,0.0,9.0,63,19.2,38.5,264,Rain: Moderate,0,0,
69334,2021-10-19 17:13:00,40.6550377,-73.9784696,1,0,Failure to Yield Right-of-Way,4468879,19.1,8.3,0.0,0.0,0.0,0.0,1,24.6,45.0,272,Mainly clear,1,1,Sunny/Clear Conditions
69335,2021-10-18 11:49:00,40.6082163,-73.998084,0,0,Driver Inattention/Distraction,4468686,15.8,9.2,0.0,0.0,0.0,0.0,2,32.4,58.3,296,Partly cloudy,0,0,
69336,2021-10-30 20:52:00,40.663673,-73.954865,0,0,Driver Inattention/Distraction,4473931,17.8,12.0,7.8,7.8,0.0,16.0,61,38.5,68.0,112,Rain: Light,0,0,
69337,2021-10-22 20:20:00,40.6513528,-73.892743,1,0,Driver Inattention/Distraction,4469950,20.3,14.4,0.0,0.0,0.0,0.0,3,18.1,31.3,267,Overcast,1,1,
69338,2021-10-15 00:20:00,40.7133313,-73.8292724,0,0,Driver Inattention/Distraction,4467637,25.0,14.5,0.0,0.0,0.0,0.0,3,16.8,28.4,182,Overcast,0,0,
69339,2021-10-08 13:19:00,40.7625386,-73.9908266,0,0,Unspecified,4467552,23.7,14.5,0.0,0.0,0.0,0.0,3,13.0,22.3,94,Overcast,0,0,
69340,2021-10-22 12:00:00,40.7282925,-73.7839754,0,0,Unspecified,4469963,20.3,14.4,0.0,0.0,0.0,0.0,3,18.1,31.3,267,Overcast,0,0,
69341,2021-10-17 17:20:00,40.8833828,-73.9023336,0,0,Driver Inattention/Distraction,4468506,17.3,11.1,0.2,0.2,0.0,2.0,51,23.9,43.9,293,Drizzle: Light,0,0,
69342,2021-10-21 17:00:00,40.8212629,-73.9460792,0,0,Driver Inattention/Distraction,4470327,22.9,12.0,0.0,0.0,0.0,0.0,3,17.0,31.7,207,Overcast,0,0,
69343,2021-10-15 19:00:00,40.6664676,-73.9147863,1,0,Other Vehicular,4470213,25.0,14.5,0.0,0.0,0.0,0.0,3,16.8,28.4,182,Overcast,1,1,
69344,2021-11-02 20:35:00,40.72106,-73.75945,0,0,Unspecified,4474119,11.4,7.0,0.6,0.6,0.0,4.0,51,14.1,28.1,271,Drizzle: Light,0,0,
69345,2021-10-15 01:23:00,40.7132541,-73.9775851,1,0,Driver Inattention/Distraction,4467387,25.0,14.5,0.0,0.0,0.0,0.0,3,16.8,28.4,182,Overcast,1,1,
69346,2021-10-13 01:15:00,40.6422048,-73.9919285,1,0,Unspecified,4467769,21.7,14.8,0.1,0.1,0.0,1.0,51,12.2,23.0,200,Drizzle: Light,1,1,
69347,2021-10-17 22:15:00,40.7386864,-73.9958754,0,0,Unspecified,4468146,17.3,11.1,0.2,0.2,0.0,2.0,51,23.9,43.9,293,Drizzle: Light,0,0,
69348,2021-11-01 14:20:00,40.647114,-73.94338,0,0,Driver Inattention/Distraction,4474086,14.4,8.0,0.0,0.0,0.0,0.0,3,20.7,38.5,278,Overcast,0,0,
69349,2021-10-30 03:00:00,40.829098,-73.836494,2,0,Alcohol Involvement,4473956,17.8,12.0,7.8,7.8,0.0,16.0,61,38.5,68.0,112,Rain: Light,2,2,
69350,2021-10-18 09:02:00,40.6250815,-73.9758799,1,0,Unspecified,4468668,15.8,9.2,0.0,0.0,0.0,0.0,2,32.4,58.3,296,Partly cloudy,1,1,
69351,2021-10-21 19:30:00,40.65828,-73.9042964,0,0,Unspecified,4469856,22.9,12.0,0.0,0.0,0.0,0.0,3,17.0,31.7,207,Overcast,0,0,
69352,2021-10-15 15:13:00,40.726007,-73.7517212,1,0,Unspecified,4467519,25.0,14.5,0.0,0.0,0.0,0.0,3,16.8,28.4,182,Overcast,1,1,
69353,2021-10-23 20:20:00,40.7894445,-73.9375318,0,0,Following Too Closely,4470862,15.9,10.4,0.2,0.2,0.0,2.0,51,14.4,26.6,326,Drizzle: Light,0,0,
69354,2021-10-13 22:45:00,40.8172199,-73.9522712,0,0,Unspecified,4468801,21.7,14.8,0.1,0.1,0.0,1.0,51,12.2,23.0,200,Drizzle: Light,0,0,
69355,2021-10-13 11:45:00,40.8617318,-73.9118139,0,0,Passing or Lane Usage Improper,4467419,21.7,14.8,0.1,0.1,0.0,1.0,51,12.2,23.0,200,Drizzle: Light,0,0,
69356,2021-10-19 14:55:00,40.8234781,-73.8189683,0,0,Unspecified,4468949,19.1,8.3,0.0,0.0,0.0,0.0,1,24.6,45.0,272,Mainly clear,0,0,Sunny/Clear Conditions
69357,2021-10-17 03:29:00,40.7165076,-73.9839205,1,0,Driver Inattention/Distraction,4467874,17.3,11.1,0.2,0.2,0.0,2.0,51,23.9,43.9,293,Drizzle: Light,1,1,
69358,2021-10-13 22:25:00,40.8567445,-73.895264,1,0,Failure to Yield Right-of-Way,4467240,21.7,14.8,0.1,0.1,0.0,1.0,51,12.2,23.0,200,Drizzle: Light,1,1,
69359,2021-10-14 20:00:00,40.6767361,-73.807076,0,0,Passing or Lane Usage Improper,4467218,25.0,15.4,0.0,0.0,0.0,0.0,3,15.4,29.9,328,Overcast,0,0,
69360,2021-10-17 18:50:00,40.6689973,-73.9209458,0,0,Other Vehicular,4468359,17.3,11.1,0.2,0.2,0.0,2.0,51,23.9,43.9,293,Drizzle: Light,0,0,
69361,2021-10-19 08:00:00,40.8424482,-73.8937007,0,0,Driver Inattention/Distraction,4469113,19.1,8.3,0.0,0.0,0.0,0.0,1,24.6,45.0,272,Mainly clear,0,0,Sunny/Clear Conditions
69362,2021-10-21 12:30:00,40.7633066,-73.9856019,1,0,Driver Inattention/Distraction,4469863,22.9,12.0,0.0,0.0,0.0,0.0,3,17.0,31.7,207,Overcast,1,1,
69363,2021-10-22 18:25:00,40.8426172,-73.8781767,0,0,Unsafe Speed,4470216,20.3,14.4,0.0,0.0,0.0,0.0,3,18.1,31.3,267,Overcast,0,0,
69364,2021-10-20 11:55:00,40.6110682,-74.0013038,0,0,Driver Inattention/Distraction,4469406,24.1,13.8,0.0,0.0,0.0,0.0,3,21.6,37.1,276,Overcast,0,0,
69365,2021-10-06 13:48:00,40.8193167,-73.930314,0,0,Driver Inattention/Distraction,4466808,20.3,16.0,0.1,0.1,0.0,1.0,51,6.5,14.0,28,Drizzle: Light,0,0,
69366,2021-10-21 21:30:00,40.7288072,-73.8403274,0,0,Passing Too Closely,4469766,22.9,12.0,0.0,0.0,0.0,0.0,3,17.0,31.7,207,Overcast,0,0,
69367,2021-10-15 19:46:00,40.7056704,-73.9214087,0,0,Passing or Lane Usage Improper,4470230,25.0,14.5,0.0,0.0,0.0,0.0,3,16.8,28.4,182,Overcast,0,0,
69368,2021-10-18 05:45:00,40.7326221,-73.9963085,0,0,Driver Inattention/Distraction,4468394,15.8,9.2,0.0,0.0,0.0,0.0,2,32.4,58.3,296,Partly cloudy,0,0,
69369,2021-10-16 23:55:00,40.7381347,-74.0041751,0,0,Aggressive Driving/Road Rage,4468389,24.3,15.0,17.5,17.5,0.0,9.0,63,25.7,46.4,195,Rain: Moderate,0,0,
69370,2021-10-16 18:44:00,40.750766,-73.9744433,2,0,Failure to Yield Right-of-Way,4469068,24.3,15.0,17.5,17.5,0.0,9.0,63,25.7,46.4,195,Rain: Moderate,2,2,
69371,2021-10-15 20:00:00,40.6757357,-73.8968533,0,0,Unspecified,4468161,25.0,14.5,0.0,0.0,0.0,0.0,3,16.8,28.4,182,Overcast,0,0,
69372,2021-10-24 17:01:00,40.8316328,-73.9225175,0,0,Passing Too Closely,4470594,15.5,7.6,0.7,0.7,0.0,1.0,53,13.0,23.8,248,Drizzle: Moderate,0,0,
69373,2021-10-15 02:18:00,40.6509486,-73.9466746,0,1,Driver Inexperience,4467504,25.0,14.5,0.0,0.0,0.0,0.0,3,16.8,28.4,182,Overcast,20,1,
69374,2021-10-15 16:30:00,40.708426,-73.9579038,2,0,Driver Inattention/Distraction,4468083,25.0,14.5,0.0,0.0,0.0,0.0,3,16.8,28.4,182,Overcast,2,2,
69375,2021-10-17 17:28:00,40.6305649,-74.0340419,0,0,Driver Inexperience,4468124,17.3,11.1,0.2,0.2,0.0,2.0,51,23.9,43.9,293,Drizzle: Light,0,0,
69376,2021-10-21 22:41:00,40.8620897,-73.9132993,0,0,Unspecified,4470025,22.9,12.0,0.0,0.0,0.0,0.0,3,17.0,31.7,207,Overcast,0,0,
69377,2021-10-20 11:40:00,40.9063395,-73.8964918,0,0,Unspecified,4469725,24.1,13.8,0.0,0.0,0.0,0.0,3,21.6,37.1,276,Overcast,0,0,
69378,2021-10-21 17:00:00,40.601683,-74.1632938,0,0,Unspecified,4469824,22.9,12.0,0.0,0.0,0.0,0.0,3,17.0,31.7,207,Overcast,0,0,
69379,2021-10-15 03:40:00,40.6547415,-73.940397,0,0,Unspecified,4467818,25.0,14.5,0.0,0.0,0.0,0.0,3,16.8,28.4,182,Overcast,0,0,
69380,2021-10-17 17:28:00,40.6924922,-73.8170543,3,0,Traffic Control Disregarded,4468047,17.3,11.1,0.2,0.2,0.0,2.0,51,23.9,43.9,293,Drizzle: Light,3,3,
69381,2021-10-12 12:53:00,40.7085381,-73.9994821,1,0,Driver Inattention/Distraction,4468316,21.6,15.2,0.0,0.0,0.0,0.0,3,11.8,23.8,81,Overcast,1,1,
69382,2021-10-22 23:25:00,40.6906841,-73.7272889,1,0,Driver Inattention/Distraction,4469931,20.3,14.4,0.0,0.0,0.0,0.0,3,18.1,31.3,267,Overcast,1,1,
69383,2021-10-18 11:23:00,40.7592103,-73.9186142,0,0,Unsafe Speed,4470670,15.8,9.2,0.0,0.0,0.0,0.0,2,32.4,58.3,296,Partly cloudy,0,0,
69384,2021-11-02 14:00:00,40.671597,-73.88018,0,0,Driver Inattention/Distraction,4473574,11.4,7.0,0.6,0.6,0.0,4.0,51,14.1,28.1,271,Drizzle: Light,0,0,
69385,2021-10-15 23:15:00,40.7310723,-73.9918827,0,0,Driver Inattention/Distraction,4467610,25.0,14.5,0.0,0.0,0.0,0.0,3,16.8,28.4,182,Overcast,0,0,
69386,2021-10-14 19:30:00,40.6576664,-74.0009227,1,0,Driver Inattention/Distraction,4467155,25.0,15.4,0.0,0.0,0.0,0.0,3,15.4,29.9,328,Overcast,1,1,
69387,2021-10-20 10:40:00,40.8347039,-73.9182569,0,0,Failure to Yield Right-of-Way,4469730,24.1,13.8,0.0,0.0,0.0,0.0,3,21.6,37.1,276,Overcast,0,0,
69388,2021-10-21 16:36:00,40.6819344,-73.9225436,0,0,Driver Inattention/Distraction,4470497,22.9,12.0,0.0,0.0,0.0,0.0,3,17.0,31.7,207,Overcast,0,0,
69389,2021-10-22 11:00:00,40.7220122,-73.8534755,1,0,Driver Inattention/Distraction,4469784,20.3,14.4,0.0,0.0,0.0,0.0,3,18.1,31.3,267,Overcast,1,1,
69390,2021-10-14 11:00:00,40.5763924,-73.9868932,1,0,Driver Inattention/Distraction,4467780,25.0,15.4,0.0,0.0,0.0,0.0,3,15.4,29.9,328,Overcast,1,1,
69391,2021-10-18 20:04:00,40.7178368,-73.7749041,1,0,Following Too Closely,4469496,15.8,9.2,0.0,0.0,0.0,0.0,2,32.4,58.3,296,Partly cloudy,1,1,
69392,2021-10-17 19:00:00,40.6437471,-73.9746853,1,0,Unspecified,4468465,17.3,11.1,0.2,0.2,0.0,2.0,51,23.9,43.9,293,Drizzle: Light,1,1,
69393,2021-10-14 12:16:00,40.7576313,-73.8279785,1,0,Passing Too Closely,4468936,25.0,15.4,0.0,0.0,0.0,0.0,3,15.4,29.9,328,Overcast,1,1,
69394,2021-10-13 22:57:00,40.7304639,-73.9514819,1,0,Driver Inattention/Distraction,4466895,21.7,14.8,0.1,0.1,0.0,1.0,51,12.2,23.0,200,Drizzle: Light,1,1,
69395,2021-10-22 19:45:00,40.7674176,-73.7905994,2,0,Driver Inattention/Distraction,4469945,20.3,14.4,0.0,0.0,0.0,0.0,3,18.1,31.3,267,Overcast,2,2,
69396,2021-10-18 19:45:00,40.861831,-73.8928519,0,0,Unspecified,4468981,15.8,9.2,0.0,0.0,0.0,0.0,2,32.4,58.3,296,Partly cloudy,0,0,
69397,2021-10-20 06:45:00,40.6581931,-74.0010322,0,0,Following Too Closely,4470053,24.1,13.8,0.0,0.0,0.0,0.0,3,21.6,37.1,276,Overcast,0,0,
69398,2021-10-16 00:20:00,40.5358343,-74.1937701,2,0,Driver Inexperience,4469539,24.3,15.0,17.5,17.5,0.0,9.0,63,25.7,46.4,195,Rain: Moderate,2,2,
69399,2021-10-13 05:23:00,40.7246786,-73.7648153,0,0,Passing or Lane Usage Improper,4466676,21.7,14.8,0.1,0.1,0.0,1.0,51,12.2,23.0,200,Drizzle: Light,0,0,
69400,2021-10-27 07:30:00,40.71082,-73.96853,1,0,Pedestrian/Bicyclist/Other Pedestrian Error/Confusion,4474220,16.1,12.2,6.6,6.6,0.0,6.0,61,33.3,63.0,359,Rain: Light,1,1,
69401,2021-10-13 21:40:00,40.8506802,-73.8530498,1,0,Driver Inattention/Distraction,4467080,21.7,14.8,0.1,0.1,0.0,1.0,51,12.2,23.0,200,Drizzle: Light,1,1,
69402,2021-10-14 10:14:00,40.7844638,-73.9773661,0,0,Driver Inattention/Distraction,4468517,25.0,15.4,0.0,0.0,0.0,0.0,3,15.4,29.9,328,Overcast,0,0,
69403,2021-10-21 10:00:00,40.7348534,-73.8663487,0,0,Driver Inattention/Distraction,4469459,22.9,12.0,0.0,0.0,0.0,0.0,3,17.0,31.7,207,Overcast,0,0,
69404,2021-10-16 15:00:00,40.6753333,-73.9360776,0,0,Passenger Distraction,4467950,24.3,15.0,17.5,17.5,0.0,9.0,63,25.7,46.4,195,Rain: Moderate,0,0,
69405,2021-10-13 04:30:00,40.7566718,-73.8287931,0,0,Fatigued/Drowsy,4466942,21.7,14.8,0.1,0.1,0.0,1.0,51,12.2,23.0,200,Drizzle: Light,0,0,
69406,2021-10-14 16:48:00,40.7728532,-73.9060611,1,0,Failure to Yield Right-of-Way,4467891,25.0,15.4,0.0,0.0,0.0,0.0,3,15.4,29.9,328,Overcast,1,1,
69407,2021-10-20 18:15:00,40.7605354,-73.9583509,0,0,Driver Inattention/Distraction,4469644,24.1,13.8,0.0,0.0,0.0,0.0,3,21.6,37.1,276,Overcast,0,0,
69408,2021-10-24 02:57:00,40.8061229,-73.9179524,0,0,Driver Inattention/Distraction,4470622,15.5,7.6,0.7,0.7,0.0,1.0,53,13.0,23.8,248,Drizzle: Moderate,0,0,
69409,2021-11-02 09:00:00,40.697468,-73.7442,0,0,Unspecified,4473839,11.4,7.0,0.6,0.6,0.0,4.0,51,14.1,28.1,271,Drizzle: Light,0,0,
69410,2021-11-02 17:00:00,40.69612,-73.746185,0,0,Unsafe Lane Changing,4473674,11.4,7.0,0.6,0.6,0.0,4.0,51,14.1,28.1,271,Drizzle: Light,0,0,
69411,2021-10-19 07:43:00,40.8653624,-73.8704197,3,0,Driver Inattention/Distraction,4468844,19.1,8.3,0.0,0.0,0.0,0.0,1,24.6,45.0,272,Mainly clear,3,3,Sunny/Clear Conditions
69412,2021-10-17 20:15:00,40.6249491,-73.9771104,0,0,Unspecified,4468651,17.3,11.1,0.2,0.2,0.0,2.0,51,23.9,43.9,293,Drizzle: Light,0,0,
69413,2021-10-16 19:20:00,40.7654813,-73.9136994,1,0,Unspecified,4467901,24.3,15.0,17.5,17.5,0.0,9.0,63,25.7,46.4,195,Rain: Moderate,1,1,
69414,2021-10-17 08:26:00,40.7623345,-73.8269171,1,0,Other Vehicular,4468554,17.3,11.1,0.2,0.2,0.0,2.0,51,23.9,43.9,293,Drizzle: Light,1,1,
69415,2021-10-13 05:07:00,40.6390218,-74.022464,0,0,Oversized Vehicle,4468534,21.7,14.8,0.1,0.1,0.0,1.0,51,12.2,23.0,200,Drizzle: Light,0,0,
69416,2021-10-18 14:05:00,40.8302701,-73.9439219,0,0,Traffic Control Disregarded,4468615,15.8,9.2,0.0,0.0,0.0,0.0,2,32.4,58.3,296,Partly cloudy,0,0,
69417,2023-01-15 16:00:00,40.8037,-73.93582,2,0,Unspecified,4598675,4.7,-2.1,0.0,0.0,0.0,0.0,3,29.5,53.6,354,Overcast,2,2,
69418,2021-10-22 09:10:00,40.8308198,-73.8700064,1,0,Unspecified,4469777,20.3,14.4,0.0,0.0,0.0,0.0,3,18.1,31.3,267,Overcast,1,1,
69419,2021-10-11 19:00:00,40.6233275,-74.0198538,0,0,Following Too Closely,4466278,21.7,16.3,0.0,0.0,0.0,0.0,3,25.7,49.7,41,Overcast,0,0,
69420,2021-10-16 22:30:00,40.6679154,-73.775224,0,0,Unsafe Lane Changing,4468600,24.3,15.0,17.5,17.5,0.0,9.0,63,25.7,46.4,195,Rain: Moderate,0,0,
69421,2021-10-13 15:00:00,40.7553632,-73.8872263,1,0,Other Vehicular,4466990,21.7,14.8,0.1,0.1,0.0,1.0,51,12.2,23.0,200,Drizzle: Light,1,1,
69422,2021-10-30 13:53:00,40.80934,-73.855316,1,0,Unsafe Speed,4474014,17.8,12.0,7.8,7.8,0.0,16.0,61,38.5,68.0,112,Rain: Light,1,1,
69423,2021-10-14 15:43:00,40.702159,-73.9493782,1,0,Failure to Yield Right-of-Way,4467229,25.0,15.4,0.0,0.0,0.0,0.0,3,15.4,29.9,328,Overcast,1,1,
69424,2021-10-16 21:15:00,40.7515446,-73.8708432,1,0,Pavement Slippery,4468384,24.3,15.0,17.5,17.5,0.0,9.0,63,25.7,46.4,195,Rain: Moderate,1,1,
69425,2021-10-22 16:25:00,40.7361537,-73.8675461,3,0,Driver Inattention/Distraction,4470450,20.3,14.4,0.0,0.0,0.0,0.0,3,18.1,31.3,267,Overcast,3,3,
69426,2021-10-13 19:00:00,40.7182414,-73.8143592,0,0,Unspecified,4466826,21.7,14.8,0.1,0.1,0.0,1.0,51,12.2,23.0,200,Drizzle: Light,0,0,
69427,2021-10-21 15:10:00,40.6842575,-73.8151371,1,0,Failure to Yield Right-of-Way,4469629,22.9,12.0,0.0,0.0,0.0,0.0,3,17.0,31.7,207,Overcast,1,1,
69428,2021-10-21 09:33:00,40.7618573,-73.9634255,0,0,Following Too Closely,4470801,22.9,12.0,0.0,0.0,0.0,0.0,3,17.0,31.7,207,Overcast,0,0,
69429,2021-10-24 03:25:00,40.6327553,-73.9298351,1,0,Driver Inattention/Distraction,4470496,15.5,7.6,0.7,0.7,0.0,1.0,53,13.0,23.8,248,Drizzle: Moderate,1,1,
69430,2021-10-12 05:00:00,40.6127258,-74.0714116,0,0,Unspecified,4467869,21.6,15.2,0.0,0.0,0.0,0.0,3,11.8,23.8,81,Overcast,0,0,
69431,2021-10-15 01:00:00,40.6833421,-73.804323,0,0,Following Too Closely,4467345,25.0,14.5,0.0,0.0,0.0,0.0,3,16.8,28.4,182,Overcast,0,0,
69432,2021-10-15 17:00:00,40.6872266,-73.8216157,0,0,Failure to Yield Right-of-Way,4468007,25.0,14.5,0.0,0.0,0.0,0.0,3,16.8,28.4,182,Overcast,0,0,
69433,2021-10-17 12:00:00,40.7129248,-73.886432,1,0,Lost Consciousness,4468001,17.3,11.1,0.2,0.2,0.0,2.0,51,23.9,43.9,293,Drizzle: Light,1,1,
69434,2021-10-20 00:13:00,40.7681128,-73.9203314,0,0,Driver Inattention/Distraction,4470765,24.1,13.8,0.0,0.0,0.0,0.0,3,21.6,37.1,276,Overcast,0,0,
69435,2021-10-10 01:13:00,40.7430802,-73.9547366,1,0,Driver Inattention/Distraction,4467600,18.5,16.0,2.4,2.4,0.0,8.0,53,27.2,52.6,52,Drizzle: Moderate,1,1,
69436,2021-10-16 10:45:00,40.6293701,-74.0087544,1,0,Following Too Closely,4467605,24.3,15.0,17.5,17.5,0.0,9.0,63,25.7,46.4,195,Rain: Moderate,1,1,
69437,2021-10-24 08:51:00,40.7555312,-73.9061902,1,0,Driver Inattention/Distraction,4470675,15.5,7.6,0.7,0.7,0.0,1.0,53,13.0,23.8,248,Drizzle: Moderate,1,1,
69438,2021-10-14 18:01:00,40.6365488,-73.9258318,0,0,Driver Inattention/Distraction,4467160,25.0,15.4,0.0,0.0,0.0,0.0,3,15.4,29.9,328,Overcast,0,0,
69439,2021-10-19 18:30:00,40.6656095,-73.899075,0,0,Unspecified,4469233,19.1,8.3,0.0,0.0,0.0,0.0,1,24.6,45.0,272,Mainly clear,0,0,Sunny/Clear Conditions
69440,2021-10-16 18:33:00,40.5991666,-74.123194,0,0,Unspecified,4467737,24.3,15.0,17.5,17.5,0.0,9.0,63,25.7,46.4,195,Rain: Moderate,0,0,
69441,2021-10-21 12:00:00,40.6960346,-73.9845292,0,0,Turning Improperly,4469928,22.9,12.0,0.0,0.0,0.0,0.0,3,17.0,31.7,207,Overcast,0,0,
69442,2021-10-16 18:00:00,40.7079805,-73.8018557,0,0,Driver Inattention/Distraction,4468302,24.3,15.0,17.5,17.5,0.0,9.0,63,25.7,46.4,195,Rain: Moderate,0,0,
69443,2021-10-16 18:20:00,40.880467,-73.8838318,1,0,Pedestrian/Bicyclist/Other Pedestrian Error/Confusion,4468416,24.3,15.0,17.5,17.5,0.0,9.0,63,25.7,46.4,195,Rain: Moderate,1,1,
69444,2021-10-17 08:50:00,40.7392269,-73.8150929,1,0,Driver Inattention/Distraction,4467906,17.3,11.1,0.2,0.2,0.0,2.0,51,23.9,43.9,293,Drizzle: Light,1,1,
69445,2021-11-02 00:47:00,40.627136,-74.01448,1,0,Outside Car Distraction,4473199,11.4,7.0,0.6,0.6,0.0,4.0,51,14.1,28.1,271,Drizzle: Light,1,1,
69446,2021-10-13 13:02:00,40.6770121,-73.8875507,1,0,Following Too Closely,4467250,21.7,14.8,0.1,0.1,0.0,1.0,51,12.2,23.0,200,Drizzle: Light,1,1,
69447,2021-10-15 14:43:00,40.6868244,-73.9388034,1,0,Driver Inattention/Distraction,4468129,25.0,14.5,0.0,0.0,0.0,0.0,3,16.8,28.4,182,Overcast,1,1,
69448,2021-10-25 04:56:00,40.7051271,-73.8281825,0,0,Driver Inattention/Distraction,4470704,22.8,13.5,10.7,10.7,0.0,8.0,63,18.9,33.5,172,Rain: Moderate,0,0,
69449,2021-10-17 00:06:00,40.7123213,-73.7320087,0,0,Unsafe Speed,4467801,17.3,11.1,0.2,0.2,0.0,2.0,51,23.9,43.9,293,Drizzle: Light,0,0,
69450,2021-10-20 13:20:00,40.7059858,-73.7863818,0,0,Backing Unsafely,4469246,24.1,13.8,0.0,0.0,0.0,0.0,3,21.6,37.1,276,Overcast,0,0,
69451,2021-10-13 13:41:00,40.7808011,-73.9546299,0,0,Backing Unsafely,4467026,21.7,14.8,0.1,0.1,0.0,1.0,51,12.2,23.0,200,Drizzle: Light,0,0,
69452,2021-11-02 02:00:00,40.747158,-73.735435,0,0,Passing or Lane Usage Improper,4473229,11.4,7.0,0.6,0.6,0.0,4.0,51,14.1,28.1,271,Drizzle: Light,0,0,
69453,2021-10-13 15:00:00,40.6679546,-73.8700642,1,0,Unspecified,4467261,21.7,14.8,0.1,0.1,0.0,1.0,51,12.2,23.0,200,Drizzle: Light,1,1,
69454,2021-10-16 16:15:00,40.5597167,-74.1456539,0,0,Unspecified,4469751,24.3,15.0,17.5,17.5,0.0,9.0,63,25.7,46.4,195,Rain: Moderate,0,0,
69455,2022-04-07 20:35:00,40.818558,-73.92732,1,0,View Obstructed/Limited,4519367,11.5,5.6,74.1,74.1,0.0,14.0,65,35.0,64.8,98,Rain: Heavy,1,1,
69456,2021-10-22 10:25:00,40.7035438,-73.9223309,0,0,Passing Too Closely,4469799,20.3,14.4,0.0,0.0,0.0,0.0,3,18.1,31.3,267,Overcast,0,0,
69457,2021-10-13 21:00:00,40.6929712,-73.7802385,0,0,Passing Too Closely,4467208,21.7,14.8,0.1,0.1,0.0,1.0,51,12.2,23.0,200,Drizzle: Light,0,0,
69458,2021-10-18 19:00:00,40.6596509,-73.7738282,0,0,Unspecified,4468568,15.8,9.2,0.0,0.0,0.0,0.0,2,32.4,58.3,296,Partly cloudy,0,0,
69459,2021-10-12 15:00:00,40.8255779,-73.9184596,1,0,Unsafe Speed,4466810,21.6,15.2,0.0,0.0,0.0,0.0,3,11.8,23.8,81,Overcast,1,1,
69460,2021-10-19 03:09:00,40.7700627,-73.9180799,0,0,Driver Inattention/Distraction,4470142,19.1,8.3,0.0,0.0,0.0,0.0,1,24.6,45.0,272,Mainly clear,0,0,Sunny/Clear Conditions
69461,2021-10-19 18:14:00,40.6387754,-73.9600916,1,0,Other Vehicular,4469132,19.1,8.3,0.0,0.0,0.0,0.0,1,24.6,45.0,272,Mainly clear,1,1,Sunny/Clear Conditions
69462,2021-10-16 07:06:00,40.690874,-73.799456,0,0,Driver Inattention/Distraction,4467975,24.3,15.0,17.5,17.5,0.0,9.0,63,25.7,46.4,195,Rain: Moderate,0,0,