,CRASH DATETIME,LATITUDE,LONGITUDE,NUMBER OF PERSONS INJURED,NUMBER OF PERSONS KILLED,CONTRIBUTING FACTOR VEHICLE 1,COLLISION_ID,temperature_2m_max,temperature_2m_min,precipitation_sum,rain_sum,snowfall_sum,precipitation_hours,weather_code,wind_speed_10m_max,wind_gusts_10m_max,wind_direction_10m_dominant,Weather Description,Severity_Score,Total_Affected_Persons,Weather_Category
69463,2021-10-17 16:40:00,40.8574841,-73.9096686,0,0,Driver Inattention/Distraction,4468262,17.3,11.1,0.2,0.2,0.0,2.0,51,23.9,43.9,293,Drizzle: Light,0,0,
69464,2021-10-11 20:40:00,40.650783,-73.8733915,0,0,Unspecified,4468169,21.7,16.3,0.0,0.0,0.0,0.0,3,25.7,49.7,41,Overcast,0,0,
69465,2021-10-17 12:30:00,40.8162004,-73.9420661,0,0,Driver Inattention/Distraction,4469000,17.3,11.1,0.2,0.2,0.0,2.0,51,23.9,43.9,293,Drizzle: Light,0,0,
69466,2021-10-16 11:49:00,40.7604644,-73.8265417,0,0,Reaction to Uninvolved Vehicle,4467647,24.3,15.0,17.5,17.5,0.0,9.0,63,25.7,46.4,195,Rain: Moderate,0,0,
69467,2021-10-15 07:31:00,40.758306,-73.8556084,0,0,Unspecified,4469378,25.0,14.5,0.0,0.0,0.0,0.0,3,16.8,28.4,182,Overcast,0,0,
69468,2021-10-21 20:00:00,40.6515468,-73.9525627,0,0,Unspecified,4470266,22.9,12.0,0.0,0.0,0.0,0.0,3,17.0,31.7,207,Overcast,0,0,
69469,2021-10-13 19:50:00,40.6485332,-74.0175102,0,0,Unspecified,4470103,21.7,14.8,0.1,0.1,0.0,1.0,51,12.2,23.0,200,Drizzle: Light,0,0,
69470,2021-10-13 07:30:00,40.625185,-73.9911249,0,0,Unspecified,4466731,21.7,14.8,0.1,0.1,0.0,1.0,51,12.2,23.0,200,Drizzle: Light,0,0,
69471,2021-10-22 08:06:00,40.6207672,-74.1638808,1,0,Glare,4469837,20.3,14.4,0.0,0.0,0.0,0.0,3,18.1,31.3,267,Overcast,1,1,
69472,2021-10-17 12:00:00,40.6815783,-73.7365642,0,0,Unspecified,4467933,17.3,11.1,0.2,0.2,0.0,2.0,51,23.9,43.9,293,Drizzle: Light,0,0,
69473,2021-10-18 15:00:00,40.7126973,-73.9005944,1,0,Pedestrian/Bicyclist/Other Pedestrian Error/Confusion,4468678,15.8,9.2,0.0,0.0,0.0,0.0,2,32.4,58.3,296,Partly cloudy,1,1,
69474,2021-10-14 13:50:00,40.751386,-73.9370014,0,0,Passing or Lane Usage Improper,4467118,25.0,15.4,0.0,0.0,0.0,0.0,3,15.4,29.9,328,Overcast,0,0,
69475,2021-11-02 13:33:00,40.572422,-74.14111,1,0,Driver Inexperience,4473817,11.4,7.0,0.6,0.6,0.0,4.0,51,14.1,28.1,271,Drizzle: Light,1,1,
69476,2021-10-22 09:00:00,40.8360046,-73.9465624,0,0,Driver Inattention/Distraction,4470075,20.3,14.4,0.0,0.0,0.0,0.0,3,18.1,31.3,267,Overcast,0,0,
69477,2021-11-02 15:40:00,40.60729,-74.14086,1,0,Unsafe Speed,4473986,11.4,7.0,0.6,0.6,0.0,4.0,51,14.1,28.1,271,Drizzle: Light,1,1,
69478,2021-10-15 14:47:00,40.7623345,-73.8269171,0,0,Following Too Closely,4467573,25.0,14.5,0.0,0.0,0.0,0.0,3,16.8,28.4,182,Overcast,0,0,
69479,2021-11-02 07:00:00,40.817116,-73.88307,0,0,Unspecified,4473509,11.4,7.0,0.6,0.6,0.0,4.0,51,14.1,28.1,271,Drizzle: Light,0,0,
69480,2021-10-23 08:55:00,40.6516832,-73.9298648,0,0,Backing Unsafely,4470281,15.9,10.4,0.2,0.2,0.0,2.0,51,14.4,26.6,326,Drizzle: Light,0,0,
69481,2021-11-02 23:15:00,40.828068,-73.87298,2,0,Unspecified,4473602,11.4,7.0,0.6,0.6,0.0,4.0,51,14.1,28.1,271,Drizzle: Light,2,2,
69482,2021-10-15 12:18:00,40.6286167,-74.1116191,1,0,Illnes,4468434,25.0,14.5,0.0,0.0,0.0,0.0,3,16.8,28.4,182,Overcast,1,1,
69483,2023-04-26 16:30:00,40.730015,-73.82348,1,0,Unspecified,4623764,13.8,5.9,1.5,1.5,0.0,3.0,53,19.5,38.2,142,Drizzle: Moderate,1,1,
69484,2021-10-16 12:15:00,40.8926575,-73.8603296,0,0,Driver Inattention/Distraction,4468448,24.3,15.0,17.5,17.5,0.0,9.0,63,25.7,46.4,195,Rain: Moderate,0,0,
69485,2021-10-19 11:08:00,40.7010703,-73.9427423,1,0,Driver Inattention/Distraction,4468968,19.1,8.3,0.0,0.0,0.0,0.0,1,24.6,45.0,272,Mainly clear,1,1,Sunny/Clear Conditions
69486,2021-10-17 17:40:00,40.6808814,-73.9632932,0,0,Backing Unsafely,4468114,17.3,11.1,0.2,0.2,0.0,2.0,51,23.9,43.9,293,Drizzle: Light,0,0,
69487,2021-10-16 18:29:00,40.7723005,-73.9862373,0,0,Driver Inattention/Distraction,4469611,24.3,15.0,17.5,17.5,0.0,9.0,63,25.7,46.4,195,Rain: Moderate,0,0,
69488,2021-10-14 21:23:00,40.6390218,-74.022464,0,0,Following Too Closely,4467493,25.0,15.4,0.0,0.0,0.0,0.0,3,15.4,29.9,328,Overcast,0,0,
69489,2021-10-25 01:45:00,40.7643501,-73.8259432,0,0,Following Too Closely,4470773,22.8,13.5,10.7,10.7,0.0,8.0,63,18.9,33.5,172,Rain: Moderate,0,0,
69490,2021-10-18 10:45:00,40.6390218,-74.022464,0,0,Following Too Closely,4468833,15.8,9.2,0.0,0.0,0.0,0.0,2,32.4,58.3,296,Partly cloudy,0,0,
69491,2021-10-19 02:10:00,40.8231016,-73.8696902,0,0,Driver Inexperience,4468715,19.1,8.3,0.0,0.0,0.0,0.0,1,24.6,45.0,272,Mainly clear,0,0,Sunny/Clear Conditions
69492,2021-10-21 10:20:00,40.6060307,-73.9870242,1,0,Driver Inattention/Distraction,4469479,22.9,12.0,0.0,0.0,0.0,0.0,3,17.0,31.7,207,Overcast,1,1,
69493,2021-10-20 17:45:00,40.5880792,-73.8063447,1,0,Driver Inattention/Distraction,4469571,24.1,13.8,0.0,0.0,0.0,0.0,3,21.6,37.1,276,Overcast,1,1,
69494,2021-10-16 07:35:00,40.7344418,-73.7217767,0,0,Unspecified,4467669,24.3,15.0,17.5,17.5,0.0,9.0,63,25.7,46.4,195,Rain: Moderate,0,0,
69495,2021-10-20 22:35:00,40.7096466,-73.9919745,0,0,Driver Inattention/Distraction,4469346,24.1,13.8,0.0,0.0,0.0,0.0,3,21.6,37.1,276,Overcast,0,0,
69496,2021-10-20 12:30:00,40.6384836,-73.9899681,0,0,Unspecified,4469439,24.1,13.8,0.0,0.0,0.0,0.0,3,21.6,37.1,276,Overcast,0,0,
69497,2021-10-13 09:51:00,40.6380328,-73.9925704,0,0,Unspecified,4467043,21.7,14.8,0.1,0.1,0.0,1.0,51,12.2,23.0,200,Drizzle: Light,0,0,
69498,2021-10-18 23:10:00,40.704257,-73.967208,0,0,Aggressive Driving/Road Rage,4468583,15.8,9.2,0.0,0.0,0.0,0.0,2,32.4,58.3,296,Partly cloudy,0,0,
69499,2021-10-17 09:50:00,40.590441,-74.1329066,1,0,Driver Inattention/Distraction,4469100,17.3,11.1,0.2,0.2,0.0,2.0,51,23.9,43.9,293,Drizzle: Light,1,1,
69500,2021-10-19 00:00:00,40.7657379,-73.7623707,0,0,Outside Car Distraction,4469214,19.1,8.3,0.0,0.0,0.0,0.0,1,24.6,45.0,272,Mainly clear,0,0,Sunny/Clear Conditions
69501,2021-10-19 08:52:00,40.7528955,-73.9892442,1,0,Unspecified,4469013,19.1,8.3,0.0,0.0,0.0,0.0,1,24.6,45.0,272,Mainly clear,1,1,Sunny/Clear Conditions
69502,2021-10-18 21:31:00,40.7573878,-73.9822554,0,0,Pedestrian/Bicyclist/Other Pedestrian Error/Confusion,4468646,15.8,9.2,0.0,0.0,0.0,0.0,2,32.4,58.3,296,Partly cloudy,0,0,
69503,2022-04-11 15:26:00,40.67066,-73.957985,2,0,Following Too Closely,4519546,13.1,1.8,0.0,0.0,0.0,0.0,3,18.6,36.4,246,Overcast,2,2,
69504,2021-10-15 23:50:00,40.6094168,-73.9676868,0,0,Traffic Control Disregarded,4467620,25.0,14.5,0.0,0.0,0.0,0.0,3,16.8,28.4,182,Overcast,0,0,
69505,2021-10-17 14:38:00,40.7261868,-73.7352341,4,0,Following Too Closely,4467990,17.3,11.1,0.2,0.2,0.0,2.0,51,23.9,43.9,293,Drizzle: Light,4,4,
69506,2021-10-23 08:00:00,40.6728582,-73.871302,1,0,Driver Inattention/Distraction,4470465,15.9,10.4,0.2,0.2,0.0,2.0,51,14.4,26.6,326,Drizzle: Light,1,1,
69507,2021-11-02 06:00:00,40.69719,-73.7872,0,0,Driver Inattention/Distraction,4474116,11.4,7.0,0.6,0.6,0.0,4.0,51,14.1,28.1,271,Drizzle: Light,0,0,
69508,2021-10-25 00:00:00,40.6978719,-73.8021857,1,0,Tire Failure/Inadequate,4470577,22.8,13.5,10.7,10.7,0.0,8.0,63,18.9,33.5,172,Rain: Moderate,1,1,
69509,2021-10-31 04:34:00,40.66523,-73.931465,1,0,Fell Asleep,4473999,18.3,12.5,3.7,3.7,0.0,8.0,55,22.9,41.0,268,Drizzle: Dense,1,1,
69510,2021-10-20 07:00:00,40.8189018,-73.9031021,0,0,Unspecified,4469158,24.1,13.8,0.0,0.0,0.0,0.0,3,21.6,37.1,276,Overcast,0,0,
69511,2021-10-13 18:30:00,40.7651117,-73.9852857,0,0,Passing Too Closely,4466789,21.7,14.8,0.1,0.1,0.0,1.0,51,12.2,23.0,200,Drizzle: Light,0,0,
69512,2021-10-12 17:10:00,40.8625769,-73.9001138,0,0,Passing or Lane Usage Improper,4467123,21.6,15.2,0.0,0.0,0.0,0.0,3,11.8,23.8,81,Overcast,0,0,
69513,2021-10-14 00:00:00,40.7203981,-73.9053267,0,0,Backing Unsafely,4468727,25.0,15.4,0.0,0.0,0.0,0.0,3,15.4,29.9,328,Overcast,0,0,
69514,2021-10-13 21:00:00,40.6317495,-74.1512261,2,0,Driver Inexperience,4467595,21.7,14.8,0.1,0.1,0.0,1.0,51,12.2,23.0,200,Drizzle: Light,2,2,
69515,2021-10-18 17:15:00,40.8012354,-73.9418153,1,0,Unspecified,4468732,15.8,9.2,0.0,0.0,0.0,0.0,2,32.4,58.3,296,Partly cloudy,1,1,
69516,2021-11-01 12:57:00,40.719566,-73.94561,1,0,Traffic Control Disregarded,4473996,14.4,8.0,0.0,0.0,0.0,0.0,3,20.7,38.5,278,Overcast,1,1,
69517,2022-07-08 07:48:00,40.786377,-73.95058,0,0,Driver Inattention/Distraction,4544693,29.6,19.3,1.8,1.8,0.0,8.0,51,15.0,31.0,187,Drizzle: Light,0,0,
69518,2021-10-23 09:45:00,40.6772295,-73.8823584,0,0,Unspecified,4470479,15.9,10.4,0.2,0.2,0.0,2.0,51,14.4,26.6,326,Drizzle: Light,0,0,
69519,2021-10-23 05:54:00,40.6802409,-73.9467485,1,0,Failure to Yield Right-of-Way,4470371,15.9,10.4,0.2,0.2,0.0,2.0,51,14.4,26.6,326,Drizzle: Light,1,1,
69520,2021-10-14 19:00:00,40.6615359,-73.8788354,1,0,,4467255,25.0,15.4,0.0,0.0,0.0,0.0,3,15.4,29.9,328,Overcast,1,1,
69521,2021-10-18 01:40:00,40.7276351,-73.7085711,0,0,Driver Inattention/Distraction,4468151,15.8,9.2,0.0,0.0,0.0,0.0,2,32.4,58.3,296,Partly cloudy,0,0,
69522,2021-10-15 12:45:00,40.7159289,-73.9619104,0,0,Driver Inattention/Distraction,4468335,25.0,14.5,0.0,0.0,0.0,0.0,3,16.8,28.4,182,Overcast,0,0,
69523,2021-10-13 09:00:00,40.6259834,-74.0015202,0,0,Turning Improperly,4467642,21.7,14.8,0.1,0.1,0.0,1.0,51,12.2,23.0,200,Drizzle: Light,0,0,
69524,2021-10-16 17:30:00,40.686325,-73.8764305,1,0,Driver Inattention/Distraction,4468166,24.3,15.0,17.5,17.5,0.0,9.0,63,25.7,46.4,195,Rain: Moderate,1,1,
69525,2021-10-19 16:20:00,40.6662382,-73.7295725,1,0,Backing Unsafely,4468894,19.1,8.3,0.0,0.0,0.0,0.0,1,24.6,45.0,272,Mainly clear,1,1,Sunny/Clear Conditions
69526,2021-10-13 09:00:00,40.7414788,-73.9218825,1,0,Driver Inattention/Distraction,4467192,21.7,14.8,0.1,0.1,0.0,1.0,51,12.2,23.0,200,Drizzle: Light,1,1,
69527,2021-10-15 07:47:00,40.7142092,-73.9490105,0,0,Passing or Lane Usage Improper,4467319,25.0,14.5,0.0,0.0,0.0,0.0,3,16.8,28.4,182,Overcast,0,0,
69528,2021-10-04 18:30:00,40.7520589,-74.0009817,0,0,Failure to Yield Right-of-Way,4466485,20.6,16.4,21.8,21.8,0.0,17.0,63,20.8,42.8,61,Rain: Moderate,0,0,
69529,2021-10-20 22:58:00,40.8902422,-73.8602985,1,0,Failure to Yield Right-of-Way,4469560,24.1,13.8,0.0,0.0,0.0,0.0,3,21.6,37.1,276,Overcast,1,1,
69530,2021-10-12 08:15:00,40.8428463,-73.8256764,1,0,Following Too Closely,4466557,21.6,15.2,0.0,0.0,0.0,0.0,3,11.8,23.8,81,Overcast,1,1,
69531,2021-10-22 20:04:00,40.576883,-73.952875,1,0,Following Too Closely,4469977,20.3,14.4,0.0,0.0,0.0,0.0,3,18.1,31.3,267,Overcast,1,1,
69532,2021-10-16 21:00:00,40.7433116,-73.8745041,1,0,Failure to Yield Right-of-Way,4468023,24.3,15.0,17.5,17.5,0.0,9.0,63,25.7,46.4,195,Rain: Moderate,1,1,
69533,2021-10-16 14:57:00,40.7499908,-73.9886538,0,0,Driver Inattention/Distraction,4467844,24.3,15.0,17.5,17.5,0.0,9.0,63,25.7,46.4,195,Rain: Moderate,0,0,
69534,2021-10-24 15:45:00,40.5578534,-74.1266987,4,0,Traffic Control Disregarded,4470382,15.5,7.6,0.7,0.7,0.0,1.0,53,13.0,23.8,248,Drizzle: Moderate,4,4,
69535,2021-10-15 16:45:00,40.6092577,-73.9368,1,0,Backing Unsafely,4469464,25.0,14.5,0.0,0.0,0.0,0.0,3,16.8,28.4,182,Overcast,1,1,
69536,2021-10-15 15:15:00,40.8701571,-73.8643661,0,0,Unsafe Speed,4468912,25.0,14.5,0.0,0.0,0.0,0.0,3,16.8,28.4,182,Overcast,0,0,
69537,2021-10-16 06:05:00,40.7396319,-73.8248133,0,0,Turning Improperly,4467584,24.3,15.0,17.5,17.5,0.0,9.0,63,25.7,46.4,195,Rain: Moderate,0,0,
69538,2021-10-16 17:04:00,40.6656356,-73.7581603,1,0,Unspecified,4467743,24.3,15.0,17.5,17.5,0.0,9.0,63,25.7,46.4,195,Rain: Moderate,1,1,
69539,2021-10-23 05:37:00,40.6601785,-73.9034192,2,0,Unspecified,4470174,15.9,10.4,0.2,0.2,0.0,2.0,51,14.4,26.6,326,Drizzle: Light,2,2,
69540,2021-10-20 14:45:00,40.8307631,-73.8994421,0,0,Unspecified,4470746,24.1,13.8,0.0,0.0,0.0,0.0,3,21.6,37.1,276,Overcast,0,0,
69541,2021-10-13 06:30:00,40.7286128,-73.8871994,0,0,Unsafe Speed,4466725,21.7,14.8,0.1,0.1,0.0,1.0,51,12.2,23.0,200,Drizzle: Light,0,0,
69542,2021-10-15 18:50:00,40.7292666,-73.7443359,1,0,View Obstructed/Limited,4467487,25.0,14.5,0.0,0.0,0.0,0.0,3,16.8,28.4,182,Overcast,1,1,
69543,2021-10-19 19:25:00,40.6735603,-73.9362632,0,0,Unsafe Speed,4470360,19.1,8.3,0.0,0.0,0.0,0.0,1,24.6,45.0,272,Mainly clear,0,0,Sunny/Clear Conditions
69544,2021-10-17 22:41:00,40.6308212,-73.886356,2,0,Illnes,4469444,17.3,11.1,0.2,0.2,0.0,2.0,51,23.9,43.9,293,Drizzle: Light,2,2,
69545,2021-10-13 18:30:00,40.7112138,-73.9633775,0,0,Passing Too Closely,4467223,21.7,14.8,0.1,0.1,0.0,1.0,51,12.2,23.0,200,Drizzle: Light,0,0,
69546,2021-10-15 15:30:00,40.7130137,-73.9080103,0,0,Failure to Yield Right-of-Way,4467536,25.0,14.5,0.0,0.0,0.0,0.0,3,16.8,28.4,182,Overcast,0,0,
69547,2021-10-24 08:00:00,40.8205869,-73.8798213,0,0,Accelerator Defective,4470298,15.5,7.6,0.7,0.7,0.0,1.0,53,13.0,23.8,248,Drizzle: Moderate,0,0,
69548,2021-10-22 13:07:00,40.7143839,-74.0101291,1,0,Unspecified,4469867,20.3,14.4,0.0,0.0,0.0,0.0,3,18.1,31.3,267,Overcast,1,1,
69549,2021-11-02 20:57:00,40.77286,-73.98955,1,0,Driver Inattention/Distraction,4473773,11.4,7.0,0.6,0.6,0.0,4.0,51,14.1,28.1,271,Drizzle: Light,1,1,
69550,2021-10-15 21:37:00,40.750416,-73.8977266,1,0,Driver Inattention/Distraction,4467548,25.0,14.5,0.0,0.0,0.0,0.0,3,16.8,28.4,182,Overcast,1,1,
69551,2021-04-22 08:01:00,40.8036981,-73.9379121,0,1,Failure to Yield Right-of-Way,4410387,7.9,1.3,0.0,0.0,0.0,0.0,3,34.0,64.4,289,Overcast,20,1,
69552,2021-10-18 04:00:00,40.7749592,-73.9588943,0,0,Driver Inattention/Distraction,4468247,15.8,9.2,0.0,0.0,0.0,0.0,2,32.4,58.3,296,Partly cloudy,0,0,
69553,2021-10-17 00:10:00,40.6264564,-73.9179932,2,0,Driver Inattention/Distraction,4467756,17.3,11.1,0.2,0.2,0.0,2.0,51,23.9,43.9,293,Drizzle: Light,2,2,
69554,2021-10-19 17:00:00,40.6194453,-73.9164856,0,0,Aggressive Driving/Road Rage,4469077,19.1,8.3,0.0,0.0,0.0,0.0,1,24.6,45.0,272,Mainly clear,0,0,Sunny/Clear Conditions
69555,2021-10-20 06:44:00,40.6358167,-73.9534242,0,0,Traffic Control Disregarded,4470310,24.1,13.8,0.0,0.0,0.0,0.0,3,21.6,37.1,276,Overcast,0,0,
69556,2021-10-14 10:57:00,40.7066776,-73.7914647,1,0,Driverless/Runaway Vehicle,4467128,25.0,15.4,0.0,0.0,0.0,0.0,3,15.4,29.9,328,Overcast,1,1,
69557,2021-10-17 02:35:00,40.7468745,-73.9903213,0,0,Unspecified,4467839,17.3,11.1,0.2,0.2,0.0,2.0,51,23.9,43.9,293,Drizzle: Light,0,0,
69558,2021-10-13 14:23:00,40.832562,-73.8694212,0,0,Unspecified,4467476,21.7,14.8,0.1,0.1,0.0,1.0,51,12.2,23.0,200,Drizzle: Light,0,0,
69559,2021-10-20 15:45:00,40.6540031,-73.9799259,1,0,Failure to Yield Right-of-Way,4469278,24.1,13.8,0.0,0.0,0.0,0.0,3,21.6,37.1,276,Overcast,1,1,
69560,2021-10-21 16:07:00,40.68202,-73.9593227,1,0,Backing Unsafely,4469592,22.9,12.0,0.0,0.0,0.0,0.0,3,17.0,31.7,207,Overcast,1,1,
69561,2021-10-22 15:53:00,40.7236259,-74.0047875,0,0,Brakes Defective,4469997,20.3,14.4,0.0,0.0,0.0,0.0,3,18.1,31.3,267,Overcast,0,0,
69562,2021-10-13 14:15:00,40.8160668,-73.9176439,0,0,Driver Inattention/Distraction,4467722,21.7,14.8,0.1,0.1,0.0,1.0,51,12.2,23.0,200,Drizzle: Light,0,0,
69563,2021-10-22 21:00:00,40.8451195,-73.9066204,0,0,Passing Too Closely,4470810,20.3,14.4,0.0,0.0,0.0,0.0,3,18.1,31.3,267,Overcast,0,0,
69564,2021-11-02 08:25:00,40.865128,-73.838875,1,0,Failure to Yield Right-of-Way,4473564,11.4,7.0,0.6,0.6,0.0,4.0,51,14.1,28.1,271,Drizzle: Light,1,1,
69565,2021-10-14 19:48:00,40.686443,-73.8626004,0,0,Traffic Control Disregarded,4467659,25.0,15.4,0.0,0.0,0.0,0.0,3,15.4,29.9,328,Overcast,0,0,
69566,2021-10-23 19:59:00,40.8367372,-73.8482268,0,0,Unspecified,4470169,15.9,10.4,0.2,0.2,0.0,2.0,51,14.4,26.6,326,Drizzle: Light,0,0,
69567,2021-10-21 08:41:00,40.7271708,-73.7873849,0,0,Driver Inattention/Distraction,4469501,22.9,12.0,0.0,0.0,0.0,0.0,3,17.0,31.7,207,Overcast,0,0,
69568,2021-09-18 14:31:00,40.8308903,-73.8272842,1,0,Following Too Closely,4458533,27.1,19.2,0.2,0.2,0.0,2.0,51,14.6,25.9,349,Drizzle: Light,1,1,
69569,2021-10-16 21:28:00,40.838621,-73.9270738,0,0,Passing Too Closely,4469852,24.3,15.0,17.5,17.5,0.0,9.0,63,25.7,46.4,195,Rain: Moderate,0,0,
69570,2021-10-16 09:30:00,40.8258582,-73.8774526,0,0,Unspecified,4467706,24.3,15.0,17.5,17.5,0.0,9.0,63,25.7,46.4,195,Rain: Moderate,0,0,
69571,2021-10-20 08:01:00,40.7140289,-73.7357173,0,0,Unspecified,4469180,24.1,13.8,0.0,0.0,0.0,0.0,3,21.6,37.1,276,Overcast,0,0,
69572,2021-10-20 13:30:00,40.7122849,-73.7853511,1,0,Failure to Yield Right-of-Way,4469491,24.1,13.8,0.0,0.0,0.0,0.0,3,21.6,37.1,276,Overcast,1,1,
69573,2021-11-02 09:00:00,40.66611,-73.82712,0,0,Passing or Lane Usage Improper,4473479,11.4,7.0,0.6,0.6,0.0,4.0,51,14.1,28.1,271,Drizzle: Light,0,0,
69574,2021-10-20 21:29:00,40.7284348,-74.0027818,0,0,,4470184,24.1,13.8,0.0,0.0,0.0,0.0,3,21.6,37.1,276,Overcast,0,0,
69575,2021-10-12 08:14:00,40.7430802,-73.9547366,0,0,Driver Inattention/Distraction,4467187,21.6,15.2,0.0,0.0,0.0,0.0,3,11.8,23.8,81,Overcast,0,0,
69576,2022-07-05 22:11:00,40.60912,-73.99356,1,0,Unspecified,4545086,30.0,20.3,0.5,0.5,0.0,2.0,51,30.4,56.5,191,Drizzle: Light,1,1,
69577,2021-10-18 13:36:00,40.7418553,-73.9901193,0,0,Turning Improperly,4468742,15.8,9.2,0.0,0.0,0.0,0.0,2,32.4,58.3,296,Partly cloudy,0,0,
69578,2021-10-13 08:02:00,40.678379,-73.965501,0,0,Failure to Keep Right,4470343,21.7,14.8,0.1,0.1,0.0,1.0,51,12.2,23.0,200,Drizzle: Light,0,0,
69579,2021-10-15 09:04:00,40.6279869,-73.9237248,0,0,Driver Inattention/Distraction,4467360,25.0,14.5,0.0,0.0,0.0,0.0,3,16.8,28.4,182,Overcast,0,0,
69580,2021-10-18 16:43:00,40.6170038,-73.9691095,1,0,Unspecified,4469064,15.8,9.2,0.0,0.0,0.0,0.0,2,32.4,58.3,296,Partly cloudy,1,1,
69581,2021-10-15 17:29:00,40.7102847,-73.9351784,0,0,Driver Inattention/Distraction,4468087,25.0,14.5,0.0,0.0,0.0,0.0,3,16.8,28.4,182,Overcast,0,0,
69582,2021-10-24 10:36:00,40.7243643,-73.9942102,0,0,Failure to Yield Right-of-Way,4470609,15.5,7.6,0.7,0.7,0.0,1.0,53,13.0,23.8,248,Drizzle: Moderate,0,0,
69583,2021-10-20 15:40:00,40.8006946,-73.9411094,0,0,Driver Inattention/Distraction,4469393,24.1,13.8,0.0,0.0,0.0,0.0,3,21.6,37.1,276,Overcast,0,0,
69584,2021-10-19 21:25:00,40.8105319,-73.9620549,3,0,Unsafe Speed,4469428,19.1,8.3,0.0,0.0,0.0,0.0,1,24.6,45.0,272,Mainly clear,3,3,Sunny/Clear Conditions
69585,2021-10-22 05:41:00,40.7492579,-73.8889763,1,0,Driver Inattention/Distraction,4469712,20.3,14.4,0.0,0.0,0.0,0.0,3,18.1,31.3,267,Overcast,1,1,
69586,2021-10-17 15:45:00,40.6082027,-73.9207095,0,0,Failure to Yield Right-of-Way,4469196,17.3,11.1,0.2,0.2,0.0,2.0,51,23.9,43.9,293,Drizzle: Light,0,0,
69587,2021-10-21 13:40:00,40.6680794,-73.9063887,1,0,Unspecified,4469859,22.9,12.0,0.0,0.0,0.0,0.0,3,17.0,31.7,207,Overcast,1,1,
69588,2021-10-31 14:40:00,40.651157,-73.918144,1,0,Failure to Yield Right-of-Way,4474084,18.3,12.5,3.7,3.7,0.0,8.0,55,22.9,41.0,268,Drizzle: Dense,1,1,
69589,2021-10-16 03:15:00,40.5575146,-74.177419,1,0,Driver Inattention/Distraction,4469773,24.3,15.0,17.5,17.5,0.0,9.0,63,25.7,46.4,195,Rain: Moderate,1,1,
69590,2022-07-05 11:13:00,40.615578,-73.981155,0,0,Unspecified,4544713,30.0,20.3,0.5,0.5,0.0,2.0,51,30.4,56.5,191,Drizzle: Light,0,0,
69591,2021-10-02 17:15:00,40.7030203,-73.7277686,0,0,Unspecified,4466597,23.7,10.8,0.0,0.0,0.0,0.0,3,17.0,34.2,254,Overcast,0,0,
69592,2021-10-15 16:30:00,40.839908,-73.9360834,0,0,Unspecified,4469713,25.0,14.5,0.0,0.0,0.0,0.0,3,16.8,28.4,182,Overcast,0,0,
69593,2021-10-25 00:25:00,40.7110083,-74.0036143,0,0,Following Too Closely,4470655,22.8,13.5,10.7,10.7,0.0,8.0,63,18.9,33.5,172,Rain: Moderate,0,0,
69594,2021-10-16 21:32:00,40.8414961,-73.9248479,0,0,Passing Too Closely,4469426,24.3,15.0,17.5,17.5,0.0,9.0,63,25.7,46.4,195,Rain: Moderate,0,0,
69595,2021-10-24 20:20:00,40.8574211,-73.8999552,2,0,Unsafe Lane Changing,4470641,15.5,7.6,0.7,0.7,0.0,1.0,53,13.0,23.8,248,Drizzle: Moderate,2,2,
69596,2021-10-18 19:30:00,40.6850764,-73.9778938,0,0,Following Too Closely,4468797,15.8,9.2,0.0,0.0,0.0,0.0,2,32.4,58.3,296,Partly cloudy,0,0,
69597,2021-10-19 18:22:00,40.6689987,-73.8047976,0,0,Driver Inattention/Distraction,4468978,19.1,8.3,0.0,0.0,0.0,0.0,1,24.6,45.0,272,Mainly clear,0,0,Sunny/Clear Conditions
69598,2021-10-20 13:38:00,40.5588868,-74.1976949,2,0,Unspecified,4469788,24.1,13.8,0.0,0.0,0.0,0.0,3,21.6,37.1,276,Overcast,2,2,
69599,2021-10-18 18:40:00,40.5755806,-74.0833411,2,0,Failure to Yield Right-of-Way,4469104,15.8,9.2,0.0,0.0,0.0,0.0,2,32.4,58.3,296,Partly cloudy,2,2,
69600,2021-10-15 07:30:00,40.7401716,-73.976147,0,0,Driver Inattention/Distraction,4467786,25.0,14.5,0.0,0.0,0.0,0.0,3,16.8,28.4,182,Overcast,0,0,
69601,2021-10-22 09:45:00,40.7036356,-73.7523203,1,0,Traffic Control Disregarded,4469872,20.3,14.4,0.0,0.0,0.0,0.0,3,18.1,31.3,267,Overcast,1,1,
69602,2021-10-22 15:30:00,40.6912346,-73.7940011,0,0,Unsafe Speed,4469983,20.3,14.4,0.0,0.0,0.0,0.0,3,18.1,31.3,267,Overcast,0,0,
69603,2021-10-23 07:36:00,40.8322542,-73.8845195,0,0,Unspecified,4470294,15.9,10.4,0.2,0.2,0.0,2.0,51,14.4,26.6,326,Drizzle: Light,0,0,
69604,2021-10-17 00:20:00,40.6078422,-73.9619648,1,0,Driver Inattention/Distraction,4468236,17.3,11.1,0.2,0.2,0.0,2.0,51,23.9,43.9,293,Drizzle: Light,1,1,
69605,2021-10-15 04:15:00,40.7106529,-73.7894266,0,0,Driver Inattention/Distraction,4467214,25.0,14.5,0.0,0.0,0.0,0.0,3,16.8,28.4,182,Overcast,0,0,