,CRASH DATETIME,LATITUDE,LONGITUDE,NUMBER OF PERSONS INJURED,NUMBER OF PERSONS KILLED,CONTRIBUTING FACTOR VEHICLE 1,COLLISION_ID,temperature_2m_max,temperature_2m_min,precipitation_sum,rain_sum,snowfall_sum,precipitation_hours,weather_code,wind_speed_10m_max,wind_gusts_10m_max,wind_direction_10m_dominant,Weather Description,Severity_Score,Total_Affected_Persons,Weather_Category
69606,2021-10-14 17:15:00,40.7727316,-73.9586563,1,0,Driver Inexperience,4468051,25.0,15.4,0.0,0.0,0.0,0.0,3,15.4,29.9,328,Overcast,1,1,
69607,2021-10-13 20:00:00,40.7150907,-73.9605034,0,0,Other Vehicular,4466846,21.7,14.8,0.1,0.1,0.0,1.0,51,12.2,23.0,200,Drizzle: Light,0,0,
69608,2021-10-17 14:50:00,40.6255678,-74.1765696,1,0,Driver Inattention/Distraction,4468369,17.3,11.1,0.2,0.2,0.0,2.0,51,23.9,43.9,293,Drizzle: Light,1,1,
69609,2021-10-21 12:25:00,40.8441437,-73.8637999,2,0,Driver Inattention/Distraction,4469508,22.9,12.0,0.0,0.0,0.0,0.0,3,17.0,31.7,207,Overcast,2,2,
69610,2021-10-09 23:17:00,40.7550297,-73.8726917,1,0,Driver Inattention/Distraction,4466763,20.2,15.2,1.2,1.2,0.0,5.0,51,22.8,42.8,71,Drizzle: Light,1,1,
69611,2021-10-20 21:30:00,40.6360161,-74.1590276,0,0,Driver Inattention/Distraction,4469399,24.1,13.8,0.0,0.0,0.0,0.0,3,21.6,37.1,276,Overcast,0,0,
69612,2021-10-13 14:00:00,40.5308713,-74.193986,1,0,Driver Inattention/Distraction,4467325,21.7,14.8,0.1,0.1,0.0,1.0,51,12.2,23.0,200,Drizzle: Light,1,1,
69613,2021-10-16 15:40:00,40.6730095,-73.7880875,0,0,Traffic Control Disregarded,4468193,24.3,15.0,17.5,17.5,0.0,9.0,63,25.7,46.4,195,Rain: Moderate,0,0,
69614,2021-10-23 19:30:00,40.868813,-73.8382232,0,0,Unsafe Speed,4470406,15.9,10.4,0.2,0.2,0.0,2.0,51,14.4,26.6,326,Drizzle: Light,0,0,
69615,2021-10-18 06:45:00,40.7120013,-73.8254559,0,0,Alcohol Involvement,4468488,15.8,9.2,0.0,0.0,0.0,0.0,2,32.4,58.3,296,Partly cloudy,0,0,
69616,2021-10-15 08:25:00,40.6448126,-73.9746424,1,0,Unspecified,4467923,25.0,14.5,0.0,0.0,0.0,0.0,3,16.8,28.4,182,Overcast,1,1,
69617,2021-10-19 15:15:00,40.8571285,-73.8807926,0,0,Unsafe Lane Changing,4469679,19.1,8.3,0.0,0.0,0.0,0.0,1,24.6,45.0,272,Mainly clear,0,0,Sunny/Clear Conditions
69618,2021-10-14 15:25:00,40.8571285,-73.8807926,1,0,Unspecified,4467283,25.0,15.4,0.0,0.0,0.0,0.0,3,15.4,29.9,328,Overcast,1,1,
69619,2021-10-22 16:50:00,40.7577576,-73.8628071,0,0,Unspecified,4470042,20.3,14.4,0.0,0.0,0.0,0.0,3,18.1,31.3,267,Overcast,0,0,
69620,2021-11-02 13:54:00,40.63885,-73.99695,0,0,Unspecified,4473543,11.4,7.0,0.6,0.6,0.0,4.0,51,14.1,28.1,271,Drizzle: Light,0,0,
69621,2021-10-22 14:42:00,40.8216161,-73.9084537,1,0,Unspecified,4470626,20.3,14.4,0.0,0.0,0.0,0.0,3,18.1,31.3,267,Overcast,1,1,
69622,2021-10-23 18:55:00,40.7568499,-73.8731105,0,0,Passing or Lane Usage Improper,4470206,15.9,10.4,0.2,0.2,0.0,2.0,51,14.4,26.6,326,Drizzle: Light,0,0,
69623,2021-10-13 14:10:00,40.6853847,-73.8197276,1,0,Failure to Yield Right-of-Way,4466863,21.7,14.8,0.1,0.1,0.0,1.0,51,12.2,23.0,200,Drizzle: Light,1,1,
69624,2021-10-14 14:50:00,40.7604644,-73.8265417,1,0,Lost Consciousness,4467377,25.0,15.4,0.0,0.0,0.0,0.0,3,15.4,29.9,328,Overcast,1,1,
69625,2021-11-02 07:50:00,40.74916,-73.88991,1,0,Unspecified,4473363,11.4,7.0,0.6,0.6,0.0,4.0,51,14.1,28.1,271,Drizzle: Light,1,1,
69626,2021-10-03 15:48:00,40.816286,-73.9568076,0,0,Passing Too Closely,4470331,25.9,12.8,0.0,0.0,0.0,0.0,3,12.0,24.1,217,Overcast,0,0,
69627,2021-10-24 14:55:00,40.7536248,-73.9694324,0,0,Passing Too Closely,4470418,15.5,7.6,0.7,0.7,0.0,1.0,53,13.0,23.8,248,Drizzle: Moderate,0,0,
69628,2021-10-16 14:20:00,40.5889959,-73.8162865,0,0,Driver Inexperience,4468530,24.3,15.0,17.5,17.5,0.0,9.0,63,25.7,46.4,195,Rain: Moderate,0,0,
69629,2021-10-18 17:25:00,40.8137456,-73.9313928,1,0,Unspecified,4468683,15.8,9.2,0.0,0.0,0.0,0.0,2,32.4,58.3,296,Partly cloudy,1,1,
69630,2021-10-14 11:35:00,40.6098096,-73.9224976,1,0,Driver Inattention/Distraction,4467310,25.0,15.4,0.0,0.0,0.0,0.0,3,15.4,29.9,328,Overcast,1,1,
69631,2021-10-19 21:30:00,40.5183148,-74.2399348,0,0,Unspecified,4469820,19.1,8.3,0.0,0.0,0.0,0.0,1,24.6,45.0,272,Mainly clear,0,0,Sunny/Clear Conditions
69632,2021-10-16 12:39:00,40.8878802,-73.8502708,0,0,Driver Inattention/Distraction,4467970,24.3,15.0,17.5,17.5,0.0,9.0,63,25.7,46.4,195,Rain: Moderate,0,0,
69633,2021-10-21 01:30:00,40.6653475,-73.9223213,2,0,Other Vehicular,4469314,22.9,12.0,0.0,0.0,0.0,0.0,3,17.0,31.7,207,Overcast,2,2,
69634,2021-11-02 18:25:00,40.753677,-73.914474,1,0,Failure to Yield Right-of-Way,4473648,11.4,7.0,0.6,0.6,0.0,4.0,51,14.1,28.1,271,Drizzle: Light,1,1,
69635,2021-10-20 05:00:00,40.6863048,-73.7939082,0,0,Passing or Lane Usage Improper,4469476,24.1,13.8,0.0,0.0,0.0,0.0,3,21.6,37.1,276,Overcast,0,0,
69636,2021-10-14 14:45:00,40.653777,-73.9561651,0,0,Turning Improperly,4467812,25.0,15.4,0.0,0.0,0.0,0.0,3,15.4,29.9,328,Overcast,0,0,
69637,2021-10-14 17:25:00,40.5931559,-74.1626105,0,0,Failure to Yield Right-of-Way,4467392,25.0,15.4,0.0,0.0,0.0,0.0,3,15.4,29.9,328,Overcast,0,0,
69638,2021-10-16 17:30:00,40.5465306,-74.1804303,0,0,Unspecified,4469181,24.3,15.0,17.5,17.5,0.0,9.0,63,25.7,46.4,195,Rain: Moderate,0,0,
69639,2021-10-23 13:45:00,40.7206384,-73.962451,0,0,Unspecified,4470057,15.9,10.4,0.2,0.2,0.0,2.0,51,14.4,26.6,326,Drizzle: Light,0,0,
69640,2021-10-12 19:00:00,40.8129133,-73.8852376,0,0,Unspecified,4466795,21.6,15.2,0.0,0.0,0.0,0.0,3,11.8,23.8,81,Overcast,0,0,
69641,2021-10-21 22:17:00,40.762288,-73.9723632,0,0,Turning Improperly,4470010,22.9,12.0,0.0,0.0,0.0,0.0,3,17.0,31.7,207,Overcast,0,0,
69642,2021-08-09 16:20:00,40.6041,-74.06908,1,0,Following Too Closely,4446514,26.2,20.1,1.1,1.1,0.0,7.0,51,17.3,34.6,36,Drizzle: Light,1,1,
69643,2021-10-21 07:25:00,40.8728912,-73.8806921,1,0,Failure to Yield Right-of-Way,4470778,22.9,12.0,0.0,0.0,0.0,0.0,3,17.0,31.7,207,Overcast,1,1,
69644,2021-10-21 07:50:00,40.6828007,-73.9063754,0,0,Failure to Yield Right-of-Way,4469625,22.9,12.0,0.0,0.0,0.0,0.0,3,17.0,31.7,207,Overcast,0,0,
69645,2021-10-15 16:29:00,40.8358453,-73.8244154,0,0,Unspecified,4467691,25.0,14.5,0.0,0.0,0.0,0.0,3,16.8,28.4,182,Overcast,0,0,
69646,2021-10-18 19:17:00,40.6681458,-73.8819667,1,0,Unspecified,4468636,15.8,9.2,0.0,0.0,0.0,0.0,2,32.4,58.3,296,Partly cloudy,1,1,
69647,2021-10-19 20:19:00,40.7030338,-73.946998,0,0,Following Too Closely,4468961,19.1,8.3,0.0,0.0,0.0,0.0,1,24.6,45.0,272,Mainly clear,0,0,Sunny/Clear Conditions
69648,2021-10-13 09:10:00,40.598935,-74.0637592,1,0,Driver Inattention/Distraction,4466994,21.7,14.8,0.1,0.1,0.0,1.0,51,12.2,23.0,200,Drizzle: Light,1,1,
69649,2021-10-20 18:30:00,40.5585792,-74.1691975,1,0,Other Vehicular,4469374,24.1,13.8,0.0,0.0,0.0,0.0,3,21.6,37.1,276,Overcast,1,1,
69650,2021-10-14 01:35:00,40.5985172,-73.979849,1,0,Driver Inattention/Distraction,4467113,25.0,15.4,0.0,0.0,0.0,0.0,3,15.4,29.9,328,Overcast,1,1,
69651,2021-10-15 06:30:00,40.6864517,-73.8158161,0,0,Failure to Yield Right-of-Way,4468005,25.0,14.5,0.0,0.0,0.0,0.0,3,16.8,28.4,182,Overcast,0,0,
69652,2021-10-19 14:45:00,40.7262166,-73.83871,0,0,Driver Inattention/Distraction,4468901,19.1,8.3,0.0,0.0,0.0,0.0,1,24.6,45.0,272,Mainly clear,0,0,Sunny/Clear Conditions
69653,2021-10-22 16:30:00,40.8376744,-73.9192145,0,0,Turning Improperly,4470201,20.3,14.4,0.0,0.0,0.0,0.0,3,18.1,31.3,267,Overcast,0,0,
69654,2021-10-20 16:25:00,40.7750017,-73.9630861,1,0,Driver Inattention/Distraction,4469640,24.1,13.8,0.0,0.0,0.0,0.0,3,21.6,37.1,276,Overcast,1,1,
69655,2021-10-15 10:35:00,40.8654692,-73.8654013,1,0,Failure to Yield Right-of-Way,4468094,25.0,14.5,0.0,0.0,0.0,0.0,3,16.8,28.4,182,Overcast,1,1,
69656,2021-10-14 15:18:00,40.8706521,-73.8821823,0,0,Aggressive Driving/Road Rage,4467404,25.0,15.4,0.0,0.0,0.0,0.0,3,15.4,29.9,328,Overcast,0,0,
69657,2021-10-16 21:27:00,40.6407135,-73.8921404,1,0,Unspecified,4468198,24.3,15.0,17.5,17.5,0.0,9.0,63,25.7,46.4,195,Rain: Moderate,1,1,
69658,2021-10-23 14:28:00,40.7816842,-73.8459383,0,0,Turning Improperly,4470753,15.9,10.4,0.2,0.2,0.0,2.0,51,14.4,26.6,326,Drizzle: Light,0,0,
69659,2021-10-15 08:00:00,40.6992649,-73.9148129,0,0,Passing Too Closely,4467558,25.0,14.5,0.0,0.0,0.0,0.0,3,16.8,28.4,182,Overcast,0,0,
69660,2021-10-13 09:15:00,40.701026,-73.9426716,1,0,Driver Inattention/Distraction,4466979,21.7,14.8,0.1,0.1,0.0,1.0,51,12.2,23.0,200,Drizzle: Light,1,1,
69661,2021-11-02 20:25:00,40.633892,-74.02428,1,0,Backing Unsafely,4473434,11.4,7.0,0.6,0.6,0.0,4.0,51,14.1,28.1,271,Drizzle: Light,1,1,
69662,2021-10-14 07:53:00,40.8750588,-73.8872925,0,0,Passing Too Closely,4468413,25.0,15.4,0.0,0.0,0.0,0.0,3,15.4,29.9,328,Overcast,0,0,
69663,2021-10-23 21:49:00,40.6699742,-73.9756962,0,0,Driver Inattention/Distraction,4470531,15.9,10.4,0.2,0.2,0.0,2.0,51,14.4,26.6,326,Drizzle: Light,0,0,
69664,2021-10-12 21:26:00,40.7999853,-73.9448468,2,0,Failure to Yield Right-of-Way,4466718,21.6,15.2,0.0,0.0,0.0,0.0,3,11.8,23.8,81,Overcast,2,2,
69665,2021-10-20 22:47:00,40.6432398,-73.9626644,1,0,Unspecified,4469337,24.1,13.8,0.0,0.0,0.0,0.0,3,21.6,37.1,276,Overcast,1,1,
69666,2021-10-18 15:30:00,40.6685886,-73.8775501,0,0,Unspecified,4468631,15.8,9.2,0.0,0.0,0.0,0.0,2,32.4,58.3,296,Partly cloudy,0,0,
69667,2021-10-22 04:52:00,40.8006946,-73.9411094,0,0,Unsafe Lane Changing,4470714,20.3,14.4,0.0,0.0,0.0,0.0,3,18.1,31.3,267,Overcast,0,0,
69668,2021-10-20 20:20:00,40.8136659,-73.9312375,0,0,Unspecified,4469431,24.1,13.8,0.0,0.0,0.0,0.0,3,21.6,37.1,276,Overcast,0,0,
69669,2021-08-10 10:40:00,40.744194,-73.7173,1,0,Unspecified,4445765,27.3,20.4,3.8,3.8,0.0,11.0,61,18.0,36.0,170,Rain: Light,1,1,
69670,2021-08-10 12:20:00,40.765007,-73.98866,0,0,Driver Inattention/Distraction,4445898,27.3,20.4,3.8,3.8,0.0,11.0,61,18.0,36.0,170,Rain: Light,0,0,
69671,2021-08-10 17:45:00,40.836555,-73.903946,0,0,Unspecified,4445814,27.3,20.4,3.8,3.8,0.0,11.0,61,18.0,36.0,170,Rain: Light,0,0,
69672,2021-08-08 00:03:00,40.80936,-73.928345,1,0,Unsafe Speed,4446506,22.9,19.4,12.7,12.7,0.0,17.0,63,19.9,36.0,38,Rain: Moderate,1,1,
69673,2021-08-09 21:30:00,40.83554,-73.818054,0,0,Unspecified,4446246,26.2,20.1,1.1,1.1,0.0,7.0,51,17.3,34.6,36,Drizzle: Light,0,0,
69674,2021-08-01 09:00:00,40.803833,-73.953964,0,0,Passing Too Closely,4446224,24.4,16.6,0.8,0.8,0.0,5.0,51,19.9,39.2,168,Drizzle: Light,0,0,
69675,2021-08-10 02:00:00,40.746624,-73.886604,0,0,Driver Inattention/Distraction,4445456,27.3,20.4,3.8,3.8,0.0,11.0,61,18.0,36.0,170,Rain: Light,0,0,
69676,2021-08-10 20:15:00,40.658966,-73.9191,2,0,Unspecified,4445793,27.3,20.4,3.8,3.8,0.0,11.0,61,18.0,36.0,170,Rain: Light,2,2,
69677,2021-08-10 20:34:00,40.67675,-74.00296,0,0,Driver Inattention/Distraction,4445976,27.3,20.4,3.8,3.8,0.0,11.0,61,18.0,36.0,170,Rain: Light,0,0,
69678,2021-08-10 09:07:00,40.769325,-73.83635,1,0,Following Too Closely,4445837,27.3,20.4,3.8,3.8,0.0,11.0,61,18.0,36.0,170,Rain: Light,1,1,
69679,2021-08-10 17:43:00,40.767967,-73.96822,1,0,Unspecified,4446165,27.3,20.4,3.8,3.8,0.0,11.0,61,18.0,36.0,170,Rain: Light,1,1,
69680,2021-08-05 15:00:00,40.759453,-73.99302,0,0,Passing or Lane Usage Improper,4446379,27.1,17.4,0.1,0.1,0.0,1.0,51,13.2,27.0,5,Drizzle: Light,0,0,
69681,2021-08-10 06:59:00,40.803585,-73.91552,0,0,Unsafe Lane Changing,4445536,27.3,20.4,3.8,3.8,0.0,11.0,61,18.0,36.0,170,Rain: Light,0,0,
69682,2021-08-10 17:00:00,40.60958,-74.0065,0,0,Failure to Yield Right-of-Way,4445847,27.3,20.4,3.8,3.8,0.0,11.0,61,18.0,36.0,170,Rain: Light,0,0,
69683,2021-08-10 07:30:00,40.58657,-74.09206,0,0,Unspecified,4446243,27.3,20.4,3.8,3.8,0.0,11.0,61,18.0,36.0,170,Rain: Light,0,0,
69684,2021-08-10 15:30:00,40.8382,-73.92371,1,0,Traffic Control Disregarded,4446288,27.3,20.4,3.8,3.8,0.0,11.0,61,18.0,36.0,170,Rain: Light,1,1,
69685,2021-08-10 22:47:00,40.69365,-73.98333,1,0,Passing or Lane Usage Improper,4446073,27.3,20.4,3.8,3.8,0.0,11.0,61,18.0,36.0,170,Rain: Light,1,1,
69686,2021-08-10 16:15:00,40.650757,-73.95071,1,0,Unspecified,4445743,27.3,20.4,3.8,3.8,0.0,11.0,61,18.0,36.0,170,Rain: Light,1,1,
69687,2021-08-10 20:30:00,40.762966,-73.9819,1,0,Driver Inattention/Distraction,4445906,27.3,20.4,3.8,3.8,0.0,11.0,61,18.0,36.0,170,Rain: Light,1,1,
69688,2021-08-10 15:15:00,40.753387,-73.99631,1,0,Pedestrian/Bicyclist/Other Pedestrian Error/Confusion,4445932,27.3,20.4,3.8,3.8,0.0,11.0,61,18.0,36.0,170,Rain: Light,1,1,
69689,2021-08-10 10:00:00,40.852154,-73.93472,0,0,Unspecified,4445982,27.3,20.4,3.8,3.8,0.0,11.0,61,18.0,36.0,170,Rain: Light,0,0,
69690,2021-08-10 00:00:00,40.715473,-73.98512,0,0,Unspecified,4446010,27.3,20.4,3.8,3.8,0.0,11.0,61,18.0,36.0,170,Rain: Light,0,0,
69691,2021-08-10 13:27:00,40.701706,-73.77067,0,0,Unsafe Speed,4445688,27.3,20.4,3.8,3.8,0.0,11.0,61,18.0,36.0,170,Rain: Light,0,0,
69692,2021-08-08 03:31:00,40.636284,-73.89782,0,0,Animals Action,4446335,22.9,19.4,12.7,12.7,0.0,17.0,63,19.9,36.0,38,Rain: Moderate,0,0,
69693,2021-08-04 10:24:00,40.74595,-73.99802,0,0,Reaction to Uninvolved Vehicle,4446360,24.3,17.5,0.1,0.1,0.0,1.0,51,13.7,27.4,57,Drizzle: Light,0,0,
69694,2021-08-09 18:12:00,40.738598,-73.87744,1,0,Driver Inattention/Distraction,4446404,26.2,20.1,1.1,1.1,0.0,7.0,51,17.3,34.6,36,Drizzle: Light,1,1,
69695,2021-08-10 00:00:00,40.728947,-73.92793,0,0,Unsafe Lane Changing,4445672,27.3,20.4,3.8,3.8,0.0,11.0,61,18.0,36.0,170,Rain: Light,0,0,
69696,2021-08-10 11:00:00,40.599907,-73.94664,2,0,Traffic Control Disregarded,4445639,27.3,20.4,3.8,3.8,0.0,11.0,61,18.0,36.0,170,Rain: Light,2,2,
69697,2021-08-10 20:30:00,40.89575,-73.86492,1,0,Following Too Closely,4446266,27.3,20.4,3.8,3.8,0.0,11.0,61,18.0,36.0,170,Rain: Light,1,1,
69698,2021-08-10 07:00:00,40.725838,-73.942215,0,0,Driver Inattention/Distraction,4445737,27.3,20.4,3.8,3.8,0.0,11.0,61,18.0,36.0,170,Rain: Light,0,0,
69699,2021-08-10 09:13:00,40.768032,-73.99586,0,0,Fatigued/Drowsy,4445577,27.3,20.4,3.8,3.8,0.0,11.0,61,18.0,36.0,170,Rain: Light,0,0,
69700,2021-08-10 12:07:00,40.718536,-73.985344,1,0,Pavement Slippery,4446008,27.3,20.4,3.8,3.8,0.0,11.0,61,18.0,36.0,170,Rain: Light,1,1,
69701,2021-08-10 10:15:00,40.64269,-73.95764,1,0,Unspecified,4445830,27.3,20.4,3.8,3.8,0.0,11.0,61,18.0,36.0,170,Rain: Light,1,1,
69702,2021-08-10 00:55:00,40.69426,-73.91036,0,0,Driver Inattention/Distraction,4445863,27.3,20.4,3.8,3.8,0.0,11.0,61,18.0,36.0,170,Rain: Light,0,0,
69703,2021-08-10 05:20:00,40.728516,-73.88428,1,0,Oversized Vehicle,4446034,27.3,20.4,3.8,3.8,0.0,11.0,61,18.0,36.0,170,Rain: Light,1,1,
69704,2021-08-10 15:00:00,40.847996,-73.85838,0,0,Unspecified,4445941,27.3,20.4,3.8,3.8,0.0,11.0,61,18.0,36.0,170,Rain: Light,0,0,
69705,2021-08-10 12:07:00,40.718536,-73.985344,0,0,Unspecified,4446015,27.3,20.4,3.8,3.8,0.0,11.0,61,18.0,36.0,170,Rain: Light,0,0,
69706,2021-08-10 00:00:00,40.81636,-73.891815,0,0,Driver Inattention/Distraction,4445625,27.3,20.4,3.8,3.8,0.0,11.0,61,18.0,36.0,170,Rain: Light,0,0,
69707,2021-08-10 13:50:00,40.784653,-73.84214,0,0,Driver Inattention/Distraction,4445715,27.3,20.4,3.8,3.8,0.0,11.0,61,18.0,36.0,170,Rain: Light,0,0,
69708,2021-08-10 21:05:00,40.665257,-73.739555,0,0,Driver Inattention/Distraction,4445798,27.3,20.4,3.8,3.8,0.0,11.0,61,18.0,36.0,170,Rain: Light,0,0,
69709,2021-08-07 16:57:00,40.678017,-73.8978,0,0,Unspecified,4446328,29.7,19.9,0.0,0.0,0.0,0.0,3,24.2,45.0,198,Overcast,0,0,
69710,2021-08-10 19:05:00,40.63944,-73.93489,1,0,Pedestrian/Bicyclist/Other Pedestrian Error/Confusion,4446443,27.3,20.4,3.8,3.8,0.0,11.0,61,18.0,36.0,170,Rain: Light,1,1,
69711,2021-08-10 16:48:00,40.752563,-73.99434,0,0,Turning Improperly,4445931,27.3,20.4,3.8,3.8,0.0,11.0,61,18.0,36.0,170,Rain: Light,0,0,
69712,2021-07-19 22:00:00,40.62633,-74.17498,1,0,Driver Inattention/Distraction,4446215,27.5,20.8,0.5,0.5,0.0,2.0,51,12.8,29.9,307,Drizzle: Light,1,1,
69713,2021-08-10 22:55:00,40.62124,-73.929085,0,0,View Obstructed/Limited,4446336,27.3,20.4,3.8,3.8,0.0,11.0,61,18.0,36.0,170,Rain: Light,0,0,
69714,2021-08-10 18:25:00,40.698246,-73.98055,1,0,Passing or Lane Usage Improper,4445744,27.3,20.4,3.8,3.8,0.0,11.0,61,18.0,36.0,170,Rain: Light,1,1,
69715,2021-08-10 09:51:00,40.754055,-73.99583,0,0,Unsafe Lane Changing,4446392,27.3,20.4,3.8,3.8,0.0,11.0,61,18.0,36.0,170,Rain: Light,0,0,
69716,2021-08-10 13:28:00,40.885693,-73.86165,2,1,Unsafe Speed,4445781,27.3,20.4,3.8,3.8,0.0,11.0,61,18.0,36.0,170,Rain: Light,22,3,
69717,2021-08-09 18:54:00,40.885124,-73.859886,0,0,Turning Improperly,4446272,26.2,20.1,1.1,1.1,0.0,7.0,51,17.3,34.6,36,Drizzle: Light,0,0,
69718,2021-08-10 07:15:00,40.590397,-73.9519,1,0,Passing or Lane Usage Improper,4445649,27.3,20.4,3.8,3.8,0.0,11.0,61,18.0,36.0,170,Rain: Light,1,1,
69719,2021-08-10 20:44:00,40.578938,-73.98522,1,0,Unsafe Speed,4446163,27.3,20.4,3.8,3.8,0.0,11.0,61,18.0,36.0,170,Rain: Light,1,1,
69720,2021-08-10 20:40:00,40.61364,-74.08482,2,0,Unspecified,4445954,27.3,20.4,3.8,3.8,0.0,11.0,61,18.0,36.0,170,Rain: Light,2,2,
69721,2021-08-10 16:45:00,40.69832,-73.962265,0,0,Passing or Lane Usage Improper,4445993,27.3,20.4,3.8,3.8,0.0,11.0,61,18.0,36.0,170,Rain: Light,0,0,
69722,2021-08-10 12:35:00,40.661995,-73.94386,1,0,Driver Inattention/Distraction,4446139,27.3,20.4,3.8,3.8,0.0,11.0,61,18.0,36.0,170,Rain: Light,1,1,
69723,2021-08-10 00:00:00,40.683178,-73.98346,1,0,Unspecified,4445825,27.3,20.4,3.8,3.8,0.0,11.0,61,18.0,36.0,170,Rain: Light,1,1,
69724,2021-08-06 21:00:00,40.81119,-73.95044,1,0,Failure to Yield Right-of-Way,4446230,28.9,17.4,0.0,0.0,0.0,0.0,3,18.1,38.2,188,Overcast,1,1,
69725,2021-08-10 19:41:00,40.681637,-73.99392,1,0,Unspecified,4445788,27.3,20.4,3.8,3.8,0.0,11.0,61,18.0,36.0,170,Rain: Light,1,1,
69726,2021-08-10 15:45:00,40.84023,-73.880104,0,0,Driver Inattention/Distraction,4445921,27.3,20.4,3.8,3.8,0.0,11.0,61,18.0,36.0,170,Rain: Light,0,0,
69727,2021-07-24 02:21:00,40.688553,-73.91245,1,0,Traffic Control Disregarded,4446317,26.8,18.2,0.0,0.0,0.0,0.0,3,16.3,31.7,152,Overcast,1,1,
69728,2021-08-10 11:10:00,40.638695,-73.87859,0,0,Following Too Closely,4445751,27.3,20.4,3.8,3.8,0.0,11.0,61,18.0,36.0,170,Rain: Light,0,0,
69729,2021-07-23 21:05:00,40.82326,-73.95277,0,0,Alcohol Involvement,4446182,26.2,17.3,0.0,0.0,0.0,0.0,1,11.3,27.0,340,Mainly clear,0,0,Sunny/Clear Conditions
69730,2021-08-08 05:00:00,40.66879,-73.88839,0,0,Alcohol Involvement,4446344,22.9,19.4,12.7,12.7,0.0,17.0,63,19.9,36.0,38,Rain: Moderate,0,0,
69731,2021-08-10 21:39:00,40.70324,-73.91439,0,0,Driver Inattention/Distraction,4445874,27.3,20.4,3.8,3.8,0.0,11.0,61,18.0,36.0,170,Rain: Light,0,0,
69732,2021-08-10 21:00:00,40.653305,-73.9385,0,0,Unspecified,4445794,27.3,20.4,3.8,3.8,0.0,11.0,61,18.0,36.0,170,Rain: Light,0,0,
69733,2021-08-10 22:13:00,40.700245,-73.92089,0,0,Passing or Lane Usage Improper,4445875,27.3,20.4,3.8,3.8,0.0,11.0,61,18.0,36.0,170,Rain: Light,0,0,
69734,2021-08-10 13:00:00,40.769096,-73.833664,0,0,Backing Unsafely,4445838,27.3,20.4,3.8,3.8,0.0,11.0,61,18.0,36.0,170,Rain: Light,0,0,
69735,2021-08-10 17:00:00,40.567627,-74.11262,0,0,Failure to Yield Right-of-Way,4446235,27.3,20.4,3.8,3.8,0.0,11.0,61,18.0,36.0,170,Rain: Light,0,0,
69736,2021-08-10 02:30:00,40.666138,-73.82422,3,0,Following Too Closely,4445477,27.3,20.4,3.8,3.8,0.0,11.0,61,18.0,36.0,170,Rain: Light,3,3,
69737,2021-08-10 23:20:00,40.828407,-73.93125,1,0,Driver Inattention/Distraction,4446280,27.3,20.4,3.8,3.8,0.0,11.0,61,18.0,36.0,170,Rain: Light,1,1,
69738,2021-08-06 14:10:00,40.762024,-74.00116,0,0,Oversized Vehicle,4446388,28.9,17.4,0.0,0.0,0.0,0.0,3,18.1,38.2,188,Overcast,0,0,
69739,2021-08-10 20:30:00,40.750645,-73.94566,2,0,Driver Inattention/Distraction,4445773,27.3,20.4,3.8,3.8,0.0,11.0,61,18.0,36.0,170,Rain: Light,2,2,
69740,2021-08-10 15:01:00,40.80801,-73.88961,0,0,Turning Improperly,4446100,27.3,20.4,3.8,3.8,0.0,11.0,61,18.0,36.0,170,Rain: Light,0,0,
69741,2021-08-05 11:05:00,40.74175,-74.003136,1,0,Driver Inattention/Distraction,4446378,27.1,17.4,0.1,0.1,0.0,1.0,51,13.2,27.0,5,Drizzle: Light,1,1,
69742,2021-08-10 12:00:00,40.813095,-73.89827,0,0,Other Vehicular,4446343,27.3,20.4,3.8,3.8,0.0,11.0,61,18.0,36.0,170,Rain: Light,0,0,
69743,2021-08-02 22:50:00,40.80777,-73.94549,0,0,Driver Inattention/Distraction,4446223,26.4,17.2,0.0,0.0,0.0,0.0,3,18.4,37.4,313,Overcast,0,0,
69744,2021-08-10 00:35:00,40.831932,-73.884605,2,0,Unsafe Speed,4445545,27.3,20.4,3.8,3.8,0.0,11.0,61,18.0,36.0,170,Rain: Light,2,2,
69745,2021-07-23 16:45:00,40.80499,-73.95495,0,0,Turning Improperly,4446245,26.2,17.3,0.0,0.0,0.0,0.0,1,11.3,27.0,340,Mainly clear,0,0,Sunny/Clear Conditions
69746,2021-08-10 18:00:00,40.572754,-73.99809,0,0,Unspecified,4445749,27.3,20.4,3.8,3.8,0.0,11.0,61,18.0,36.0,170,Rain: Light,0,0,
69747,2021-08-10 14:00:00,40.781677,-73.83871,1,0,Failure to Yield Right-of-Way,4445839,27.3,20.4,3.8,3.8,0.0,11.0,61,18.0,36.0,170,Rain: Light,1,1,
69748,2021-07-29 21:25:00,40.758266,-73.998184,0,0,Passing or Lane Usage Improper,4446290,25.3,20.4,33.0,33.0,0.0,11.0,65,26.1,50.8,182,Rain: Heavy,0,0,
69749,2021-08-10 13:30:00,40.71614,-73.83357,0,0,Following Too Closely,4445790,27.3,20.4,3.8,3.8,0.0,11.0,61,18.0,36.0,170,Rain: Light,0,0,