,CRASH DATETIME,LATITUDE,LONGITUDE,NUMBER OF PERSONS INJURED,NUMBER OF PERSONS KILLED,CONTRIBUTING FACTOR VEHICLE 1,COLLISION_ID,temperature_2m_max,temperature_2m_min,precipitation_sum,rain_sum,snowfall_sum,precipitation_hours,weather_code,wind_speed_10m_max,wind_gusts_10m_max,wind_direction_10m_dominant,Weather Description,Severity_Score,Total_Affected_Persons,Weather_Category
69750,2021-08-10 22:00:00,40.7242,-73.93765,2,0,Driver Inattention/Distraction,4446067,27.3,20.4,3.8,3.8,0.0,11.0,61,18.0,36.0,170,Rain: Light,2,2,
69751,2021-08-10 10:05:00,40.858418,-73.88514,2,0,Unsafe Speed,4446181,27.3,20.4,3.8,3.8,0.0,11.0,61,18.0,36.0,170,Rain: Light,2,2,
69752,2021-08-10 14:44:00,40.634544,-73.9883,0,0,Unspecified,4445817,27.3,20.4,3.8,3.8,0.0,11.0,61,18.0,36.0,170,Rain: Light,0,0,
69753,2021-08-04 14:10:00,40.75834,-73.996414,0,0,Passing or Lane Usage Improper,4446365,24.3,17.5,0.1,0.1,0.0,1.0,51,13.7,27.4,57,Drizzle: Light,0,0,
69754,2021-07-28 14:45:00,40.75606,-73.994865,0,0,Oversized Vehicle,4446270,26.7,20.2,0.7,0.7,0.0,3.0,53,16.7,34.2,1,Drizzle: Moderate,0,0,
69755,2021-08-10 12:55:00,40.69577,-73.74746,1,0,Unsafe Lane Changing,4445673,27.3,20.4,3.8,3.8,0.0,11.0,61,18.0,36.0,170,Rain: Light,1,1,
69756,2021-08-10 15:40:00,40.62442,-74.082634,0,0,Backing Unsafely,4445946,27.3,20.4,3.8,3.8,0.0,11.0,61,18.0,36.0,170,Rain: Light,0,0,
69757,2021-08-01 23:30:00,40.75159,-74.00176,3,0,Driver Inattention/Distraction,4446355,24.4,16.6,0.8,0.8,0.0,5.0,51,19.9,39.2,168,Drizzle: Light,3,3,
69758,2021-10-14 15:20:00,40.8774757,-73.8366002,1,0,Unsafe Lane Changing,4467145,25.0,15.4,0.0,0.0,0.0,0.0,3,15.4,29.9,328,Overcast,1,1,
69759,2021-08-10 12:20:00,40.70509,-73.7907,0,0,Unspecified,4446025,27.3,20.4,3.8,3.8,0.0,11.0,61,18.0,36.0,170,Rain: Light,0,0,
69760,2021-08-10 18:30:00,40.71997,-73.992905,0,0,Driver Inattention/Distraction,4446303,27.3,20.4,3.8,3.8,0.0,11.0,61,18.0,36.0,170,Rain: Light,0,0,
69761,2021-08-10 09:15:00,40.79398,-73.97229,0,0,Passing Too Closely,4445630,27.3,20.4,3.8,3.8,0.0,11.0,61,18.0,36.0,170,Rain: Light,0,0,
69762,2021-08-10 09:11:00,40.768616,-73.92508,0,0,Driver Inattention/Distraction,4445895,27.3,20.4,3.8,3.8,0.0,11.0,61,18.0,36.0,170,Rain: Light,0,0,
69763,2021-08-10 12:30:00,40.873947,-73.88341,0,0,Passenger Distraction,4445956,27.3,20.4,3.8,3.8,0.0,11.0,61,18.0,36.0,170,Rain: Light,0,0,
69764,2021-08-10 07:40:00,40.757366,-73.96858,1,0,Passing or Lane Usage Improper,4445668,27.3,20.4,3.8,3.8,0.0,11.0,61,18.0,36.0,170,Rain: Light,1,1,
69765,2021-08-02 15:57:00,40.635338,-74.16302,1,0,Driver Inattention/Distraction,4446216,26.4,17.2,0.0,0.0,0.0,0.0,3,18.4,37.4,313,Overcast,1,1,
69766,2021-07-27 14:40:00,40.74196,-73.99722,0,0,Oversized Vehicle,4446257,30.4,19.1,0.2,0.2,0.0,2.0,51,19.5,38.9,206,Drizzle: Light,0,0,
69767,2021-08-10 00:00:00,40.70524,-73.77508,1,0,Following Too Closely,4446038,27.3,20.4,3.8,3.8,0.0,11.0,61,18.0,36.0,170,Rain: Light,1,1,
69768,2021-08-10 21:45:00,40.664227,-73.94547,0,0,Driver Inattention/Distraction,4445761,27.3,20.4,3.8,3.8,0.0,11.0,61,18.0,36.0,170,Rain: Light,0,0,
69769,2021-08-10 22:25:00,40.679863,-73.83884,0,0,Alcohol Involvement,4445806,27.3,20.4,3.8,3.8,0.0,11.0,61,18.0,36.0,170,Rain: Light,0,0,
69770,2021-08-10 14:15:00,40.680214,-73.94628,1,0,Driver Inattention/Distraction,4446461,27.3,20.4,3.8,3.8,0.0,11.0,61,18.0,36.0,170,Rain: Light,1,1,
69771,2021-08-06 19:00:00,40.701942,-73.88091,1,0,Unspecified,4446439,28.9,17.4,0.0,0.0,0.0,0.0,3,18.1,38.2,188,Overcast,1,1,
69772,2021-07-31 16:30:00,40.75635,-74.00541,0,0,Driver Inattention/Distraction,4446330,25.6,14.5,0.0,0.0,0.0,0.0,2,16.8,33.8,304,Partly cloudy,0,0,
69773,2021-08-05 13:50:00,40.63966,-74.17993,1,0,Steering Failure,4446200,27.1,17.4,0.1,0.1,0.0,1.0,51,13.2,27.0,5,Drizzle: Light,1,1,
69774,2021-08-06 03:15:00,40.681297,-73.87636,0,0,Unspecified,4446393,28.9,17.4,0.0,0.0,0.0,0.0,3,18.1,38.2,188,Overcast,0,0,
69775,2021-08-10 18:35:00,40.75671,-73.89506,1,0,Driver Inattention/Distraction,4445939,27.3,20.4,3.8,3.8,0.0,11.0,61,18.0,36.0,170,Rain: Light,1,1,
69776,2021-08-10 07:40:00,40.824913,-73.8689,0,0,Unspecified,4445550,27.3,20.4,3.8,3.8,0.0,11.0,61,18.0,36.0,170,Rain: Light,0,0,
69777,2021-08-10 22:36:00,40.720707,-73.981316,0,0,Driver Inattention/Distraction,4446014,27.3,20.4,3.8,3.8,0.0,11.0,61,18.0,36.0,170,Rain: Light,0,0,
69778,2021-08-10 09:41:00,40.720726,-73.94336,0,0,Following Too Closely,4445738,27.3,20.4,3.8,3.8,0.0,11.0,61,18.0,36.0,170,Rain: Light,0,0,
69779,2021-08-10 13:35:00,40.82465,-73.94623,0,0,Driver Inattention/Distraction,4445974,27.3,20.4,3.8,3.8,0.0,11.0,61,18.0,36.0,170,Rain: Light,0,0,
69780,2021-08-10 16:32:00,40.850822,-73.90147,1,0,View Obstructed/Limited,4445905,27.3,20.4,3.8,3.8,0.0,11.0,61,18.0,36.0,170,Rain: Light,1,1,
69781,2021-08-10 15:46:00,40.624313,-73.947136,0,0,Unspecified,4445829,27.3,20.4,3.8,3.8,0.0,11.0,61,18.0,36.0,170,Rain: Light,0,0,
69782,2021-08-10 23:33:00,40.68064,-73.95338,0,0,Unsafe Lane Changing,4446460,27.3,20.4,3.8,3.8,0.0,11.0,61,18.0,36.0,170,Rain: Light,0,0,
69783,2021-08-07 22:30:00,40.844234,-73.92363,0,0,Traffic Control Disregarded,4446263,29.7,19.9,0.0,0.0,0.0,0.0,3,24.2,45.0,198,Overcast,0,0,
69784,2021-08-10 21:27:00,40.610947,-73.953606,1,0,Failure to Yield Right-of-Way,4445854,27.3,20.4,3.8,3.8,0.0,11.0,61,18.0,36.0,170,Rain: Light,1,1,
69785,2021-08-10 13:15:00,40.826275,-73.85971,0,0,Unspecified,4446201,27.3,20.4,3.8,3.8,0.0,11.0,61,18.0,36.0,170,Rain: Light,0,0,
69786,2021-08-10 19:15:00,40.722324,-74.01176,1,0,,4446028,27.3,20.4,3.8,3.8,0.0,11.0,61,18.0,36.0,170,Rain: Light,1,1,
69787,2021-08-10 21:30:00,40.656483,-73.96008,1,0,Driver Inattention/Distraction,4446140,27.3,20.4,3.8,3.8,0.0,11.0,61,18.0,36.0,170,Rain: Light,1,1,
69788,2021-08-10 15:20:00,40.677708,-73.816956,1,0,Failure to Yield Right-of-Way,4445805,27.3,20.4,3.8,3.8,0.0,11.0,61,18.0,36.0,170,Rain: Light,1,1,
69789,2021-08-10 19:27:00,40.85238,-73.9315,1,0,Driver Inattention/Distraction,4445981,27.3,20.4,3.8,3.8,0.0,11.0,61,18.0,36.0,170,Rain: Light,1,1,
69790,2021-08-10 09:20:00,40.74913,-73.98824,1,0,Passing or Lane Usage Improper,4445573,27.3,20.4,3.8,3.8,0.0,11.0,61,18.0,36.0,170,Rain: Light,1,1,
69791,2021-08-10 19:25:00,40.694923,-73.915565,0,0,Failure to Yield Right-of-Way,4445871,27.3,20.4,3.8,3.8,0.0,11.0,61,18.0,36.0,170,Rain: Light,0,0,
69792,2021-08-10 11:40:00,40.707386,-74.00549,0,0,Driver Inexperience,4445682,27.3,20.4,3.8,3.8,0.0,11.0,61,18.0,36.0,170,Rain: Light,0,0,
69793,2021-08-10 15:07:00,40.598553,-73.997345,1,0,Driver Inattention/Distraction,4445877,27.3,20.4,3.8,3.8,0.0,11.0,61,18.0,36.0,170,Rain: Light,1,1,
69794,2021-08-10 21:15:00,40.68019,-73.74027,0,0,Driver Inattention/Distraction,4445772,27.3,20.4,3.8,3.8,0.0,11.0,61,18.0,36.0,170,Rain: Light,0,0,
69795,2021-08-10 13:10:00,40.8518,-73.909225,0,0,Other Vehicular,4445868,27.3,20.4,3.8,3.8,0.0,11.0,61,18.0,36.0,170,Rain: Light,0,0,
69796,2021-08-01 21:02:00,40.807568,-73.94935,3,0,Drugs (illegal),4446229,24.4,16.6,0.8,0.8,0.0,5.0,51,19.9,39.2,168,Drizzle: Light,3,3,
69797,2021-08-10 19:30:00,40.79989,-73.93859,1,0,Turning Improperly,4445824,27.3,20.4,3.8,3.8,0.0,11.0,61,18.0,36.0,170,Rain: Light,1,1,
69798,2021-07-13 12:20:00,40.750305,-74.00837,0,0,Following Too Closely,4446237,25.0,20.8,2.4,2.4,0.0,12.0,53,13.0,26.3,84,Drizzle: Moderate,0,0,
69799,2021-08-10 06:09:00,40.666348,-73.76093,0,0,Unspecified,4445490,27.3,20.4,3.8,3.8,0.0,11.0,61,18.0,36.0,170,Rain: Light,0,0,
69800,2021-08-10 09:05:00,40.843002,-73.90359,3,0,Passing or Lane Usage Improper,4446281,27.3,20.4,3.8,3.8,0.0,11.0,61,18.0,36.0,170,Rain: Light,3,3,
69801,2021-08-10 20:49:00,40.665478,-73.748795,1,0,Following Too Closely,4446094,27.3,20.4,3.8,3.8,0.0,11.0,61,18.0,36.0,170,Rain: Light,1,1,
69802,2021-08-06 09:12:00,40.74534,-73.99652,0,0,Passing Too Closely,4446387,28.9,17.4,0.0,0.0,0.0,0.0,3,18.1,38.2,188,Overcast,0,0,
69803,2021-07-29 07:24:00,40.629646,-74.010704,1,0,Traffic Control Disregarded,4446357,25.3,20.4,33.0,33.0,0.0,11.0,65,26.1,50.8,182,Rain: Heavy,1,1,
69804,2021-08-10 13:53:00,40.870888,-73.872215,1,0,Driver Inattention/Distraction,4445959,27.3,20.4,3.8,3.8,0.0,11.0,61,18.0,36.0,170,Rain: Light,1,1,
69805,2021-08-10 09:15:00,40.85221,-73.933235,0,0,Driver Inattention/Distraction,4445658,27.3,20.4,3.8,3.8,0.0,11.0,61,18.0,36.0,170,Rain: Light,0,0,
69806,2021-08-10 09:15:00,40.81404,-73.9367,0,0,Driver Inattention/Distraction,4445669,27.3,20.4,3.8,3.8,0.0,11.0,61,18.0,36.0,170,Rain: Light,0,0,
69807,2021-08-10 18:25:00,40.854176,-73.91543,0,0,Backing Unsafely,4445923,27.3,20.4,3.8,3.8,0.0,11.0,61,18.0,36.0,170,Rain: Light,0,0,
69808,2021-07-29 14:30:00,40.74047,-73.99829,0,0,Turning Improperly,4446277,25.3,20.4,33.0,33.0,0.0,11.0,65,26.1,50.8,182,Rain: Heavy,0,0,
69809,2021-08-10 09:45:00,40.790253,-73.94564,0,0,Passing Too Closely,4445714,27.3,20.4,3.8,3.8,0.0,11.0,61,18.0,36.0,170,Rain: Light,0,0,
69810,2021-08-10 18:10:00,40.610954,-74.10342,1,0,Following Too Closely,4445947,27.3,20.4,3.8,3.8,0.0,11.0,61,18.0,36.0,170,Rain: Light,1,1,
69811,2021-07-31 23:15:00,40.75734,-73.98602,0,0,Driver Inattention/Distraction,4446314,25.6,14.5,0.0,0.0,0.0,0.0,2,16.8,33.8,304,Partly cloudy,0,0,
69812,2021-08-10 20:01:00,40.708744,-73.87124,2,0,Driver Inattention/Distraction,4445756,27.3,20.4,3.8,3.8,0.0,11.0,61,18.0,36.0,170,Rain: Light,2,2,
69813,2021-08-10 19:51:00,40.594917,-73.763695,0,0,Unspecified,4445999,27.3,20.4,3.8,3.8,0.0,11.0,61,18.0,36.0,170,Rain: Light,0,0,
69814,2021-08-10 16:22:00,40.734768,-73.87459,2,0,Driver Inattention/Distraction,4446351,27.3,20.4,3.8,3.8,0.0,11.0,61,18.0,36.0,170,Rain: Light,2,2,
69815,2021-08-10 08:55:00,40.7132,-73.97723,0,0,Unsafe Lane Changing,4445593,27.3,20.4,3.8,3.8,0.0,11.0,61,18.0,36.0,170,Rain: Light,0,0,
69816,2021-08-10 23:30:00,40.84698,-73.91065,2,0,Unspecified,4445926,27.3,20.4,3.8,3.8,0.0,11.0,61,18.0,36.0,170,Rain: Light,2,2,
69817,2021-08-10 17:25:00,40.66743,-73.76676,0,0,Unsafe Lane Changing,4445987,27.3,20.4,3.8,3.8,0.0,11.0,61,18.0,36.0,170,Rain: Light,0,0,
69818,2021-08-10 22:12:00,40.638435,-74.0101,2,0,Pedestrian/Bicyclist/Other Pedestrian Error/Confusion,4446019,27.3,20.4,3.8,3.8,0.0,11.0,61,18.0,36.0,170,Rain: Light,2,2,
69819,2021-08-10 08:30:00,40.764267,-73.722946,1,0,Unspecified,4445633,27.3,20.4,3.8,3.8,0.0,11.0,61,18.0,36.0,170,Rain: Light,1,1,
69820,2021-08-10 07:00:00,40.69222,-73.847496,0,0,Passing Too Closely,4445707,27.3,20.4,3.8,3.8,0.0,11.0,61,18.0,36.0,170,Rain: Light,0,0,
69821,2021-07-31 19:15:00,40.742496,-74.001305,0,0,Passing or Lane Usage Improper,4446333,25.6,14.5,0.0,0.0,0.0,0.0,2,16.8,33.8,304,Partly cloudy,0,0,
69822,2021-07-31 23:13:00,40.74449,-73.99909,0,0,Turning Improperly,4446338,25.6,14.5,0.0,0.0,0.0,0.0,2,16.8,33.8,304,Partly cloudy,0,0,
69823,2021-08-10 18:00:00,40.572754,-73.99809,0,0,Passing or Lane Usage Improper,4445748,27.3,20.4,3.8,3.8,0.0,11.0,61,18.0,36.0,170,Rain: Light,0,0,
69824,2021-08-10 12:30:00,40.740017,-73.84565,2,0,Following Too Closely,4445840,27.3,20.4,3.8,3.8,0.0,11.0,61,18.0,36.0,170,Rain: Light,2,2,
69825,2021-08-10 12:30:00,40.75484,-73.98412,1,0,Turning Improperly,4446318,27.3,20.4,3.8,3.8,0.0,11.0,61,18.0,36.0,170,Rain: Light,1,1,
69826,2021-08-10 15:30:00,40.67416,-73.72756,1,0,Unspecified,4446092,27.3,20.4,3.8,3.8,0.0,11.0,61,18.0,36.0,170,Rain: Light,1,1,
69827,2021-08-10 18:24:00,40.89999,-73.85301,1,0,Driver Inattention/Distraction,4446268,27.3,20.4,3.8,3.8,0.0,11.0,61,18.0,36.0,170,Rain: Light,1,1,
69828,2021-08-10 11:44:00,40.764267,-73.722946,1,0,Driver Inattention/Distraction,4445642,27.3,20.4,3.8,3.8,0.0,11.0,61,18.0,36.0,170,Rain: Light,1,1,
69829,2021-08-10 13:32:00,40.69078,-73.72728,0,0,Unspecified,4445769,27.3,20.4,3.8,3.8,0.0,11.0,61,18.0,36.0,170,Rain: Light,0,0,
69830,2021-08-10 08:27:00,40.655758,-73.93081,0,0,Driver Inattention/Distraction,4445739,27.3,20.4,3.8,3.8,0.0,11.0,61,18.0,36.0,170,Rain: Light,0,0,
69831,2021-08-07 01:00:00,40.741055,-73.99786,0,0,Following Too Closely,4446389,29.7,19.9,0.0,0.0,0.0,0.0,3,24.2,45.0,198,Overcast,0,0,
69832,2021-08-10 04:15:00,40.86221,-73.89965,1,0,Alcohol Involvement,4445914,27.3,20.4,3.8,3.8,0.0,11.0,61,18.0,36.0,170,Rain: Light,1,1,
69833,2021-08-10 13:00:00,40.679638,-73.91655,0,0,Unspecified,4445724,27.3,20.4,3.8,3.8,0.0,11.0,61,18.0,36.0,170,Rain: Light,0,0,
69834,2021-08-06 12:30:00,40.61118,-74.15261,1,0,Unsafe Speed,4446511,28.9,17.4,0.0,0.0,0.0,0.0,3,18.1,38.2,188,Overcast,1,1,
69835,2021-07-25 21:00:00,40.80587,-73.94503,0,0,Driver Inattention/Distraction,4446226,28.0,20.3,7.3,7.3,0.0,10.0,63,20.9,43.2,198,Rain: Moderate,0,0,
69836,2021-08-10 13:30:00,40.86877,-73.83174,0,0,Unspecified,4446004,27.3,20.4,3.8,3.8,0.0,11.0,61,18.0,36.0,170,Rain: Light,0,0,
69837,2021-08-10 20:00:00,40.687485,-73.972176,0,0,Pedestrian/Bicyclist/Other Pedestrian Error/Confusion,4445791,27.3,20.4,3.8,3.8,0.0,11.0,61,18.0,36.0,170,Rain: Light,0,0,
69838,2021-08-10 23:40:00,40.75092,-73.86224,1,0,Driver Inattention/Distraction,4445944,27.3,20.4,3.8,3.8,0.0,11.0,61,18.0,36.0,170,Rain: Light,1,1,
69839,2021-08-10 15:50:00,40.595253,-73.782135,0,0,Driver Inattention/Distraction,4445979,27.3,20.4,3.8,3.8,0.0,11.0,61,18.0,36.0,170,Rain: Light,0,0,
69840,2021-08-10 10:30:00,40.7452,-73.89111,0,0,View Obstructed/Limited,4445834,27.3,20.4,3.8,3.8,0.0,11.0,61,18.0,36.0,170,Rain: Light,0,0,
69841,2021-08-07 19:13:00,40.72221,-73.996185,0,0,Passing Too Closely,4446180,29.7,19.9,0.0,0.0,0.0,0.0,3,24.2,45.0,198,Overcast,0,0,
69842,2021-08-10 00:01:00,40.804935,-73.96062,0,0,Backing Unsafely,4445784,27.3,20.4,3.8,3.8,0.0,11.0,61,18.0,36.0,170,Rain: Light,0,0,
69843,2021-07-19 18:00:00,40.61992,-74.14568,0,0,Backing Unsafely,4446217,27.5,20.8,0.5,0.5,0.0,2.0,51,12.8,29.9,307,Drizzle: Light,0,0,
69844,2021-08-10 17:33:00,40.734543,-73.93744,0,0,Driver Inattention/Distraction,4445775,27.3,20.4,3.8,3.8,0.0,11.0,61,18.0,36.0,170,Rain: Light,0,0,
69845,2021-08-10 05:42:00,40.78614,-73.93929,0,0,Unspecified,4445546,27.3,20.4,3.8,3.8,0.0,11.0,61,18.0,36.0,170,Rain: Light,0,0,
69846,2021-07-16 14:35:00,40.760822,-73.99832,0,0,Failure to Yield Right-of-Way,4446238,32.3,23.2,0.3,0.3,0.0,3.0,51,12.3,33.1,238,Drizzle: Light,0,0,
69847,2021-08-10 14:47:00,40.742565,-73.9996,0,0,Oversized Vehicle,4446394,27.3,20.4,3.8,3.8,0.0,11.0,61,18.0,36.0,170,Rain: Light,0,0,
69848,2021-08-10 08:57:00,40.843212,-73.83894,1,0,Driver Inattention/Distraction,4445676,27.3,20.4,3.8,3.8,0.0,11.0,61,18.0,36.0,170,Rain: Light,1,1,
69849,2021-08-10 12:00:00,40.70654,-73.95041,0,0,Unspecified,4445808,27.3,20.4,3.8,3.8,0.0,11.0,61,18.0,36.0,170,Rain: Light,0,0,
69850,2021-08-04 18:24:00,40.74044,-74.00203,1,0,Following Too Closely,4446369,24.3,17.5,0.1,0.1,0.0,1.0,51,13.7,27.4,57,Drizzle: Light,1,1,
69851,2021-07-30 08:32:00,40.75834,-73.996414,0,0,Driver Inattention/Distraction,4446292,27.6,19.1,0.0,0.0,0.0,0.0,1,24.2,45.7,310,Mainly clear,0,0,Sunny/Clear Conditions
69852,2021-08-10 16:20:00,40.71489,-73.960884,0,0,Passing or Lane Usage Improper,4446120,27.3,20.4,3.8,3.8,0.0,11.0,61,18.0,36.0,170,Rain: Light,0,0,
69853,2021-08-10 17:39:00,40.790165,-73.95411,1,0,View Obstructed/Limited,4445818,27.3,20.4,3.8,3.8,0.0,11.0,61,18.0,36.0,170,Rain: Light,1,1,
69854,2021-08-10 11:07:00,40.86226,-73.89589,1,0,Failure to Yield Right-of-Way,4445904,27.3,20.4,3.8,3.8,0.0,11.0,61,18.0,36.0,170,Rain: Light,1,1,
69855,2021-08-10 00:12:00,40.723698,-74.00792,2,0,Driver Inattention/Distraction,4446150,27.3,20.4,3.8,3.8,0.0,11.0,61,18.0,36.0,170,Rain: Light,2,2,
69856,2021-08-10 15:33:00,40.684227,-73.97404,0,0,Unspecified,4445762,27.3,20.4,3.8,3.8,0.0,11.0,61,18.0,36.0,170,Rain: Light,0,0,
69857,2021-07-22 20:00:00,40.761852,-74.000755,0,0,Passing or Lane Usage Improper,4446256,26.7,17.5,0.0,0.0,0.0,0.0,3,15.3,28.4,327,Overcast,0,0,
69858,2021-08-10 11:45:00,40.749725,-73.98363,1,0,Driver Inattention/Distraction,4445936,27.3,20.4,3.8,3.8,0.0,11.0,61,18.0,36.0,170,Rain: Light,1,1,
69859,2021-08-10 12:12:00,40.70179,-73.786476,0,0,Unsafe Speed,4446043,27.3,20.4,3.8,3.8,0.0,11.0,61,18.0,36.0,170,Rain: Light,0,0,
69860,2021-08-10 12:32:00,40.63329,-73.97644,0,0,Unspecified,4445828,27.3,20.4,3.8,3.8,0.0,11.0,61,18.0,36.0,170,Rain: Light,0,0,
69861,2021-08-06 22:00:00,40.666386,-73.80178,2,0,Other Vehicular,4446479,28.9,17.4,0.0,0.0,0.0,0.0,3,18.1,38.2,188,Overcast,2,2,
69862,2021-08-10 19:20:00,40.827454,-73.83661,3,0,Following Too Closely,4445872,27.3,20.4,3.8,3.8,0.0,11.0,61,18.0,36.0,170,Rain: Light,3,3,
69863,2021-08-10 17:15:00,40.752934,-73.9855,0,0,Passing or Lane Usage Improper,4446310,27.3,20.4,3.8,3.8,0.0,11.0,61,18.0,36.0,170,Rain: Light,0,0,
69864,2021-08-08 08:00:00,40.860195,-73.89772,0,0,Unspecified,4446193,22.9,19.4,12.7,12.7,0.0,17.0,63,19.9,36.0,38,Rain: Moderate,0,0,
69865,2021-08-10 21:57:00,40.77086,-73.92992,2,0,Unspecified,4445890,27.3,20.4,3.8,3.8,0.0,11.0,61,18.0,36.0,170,Rain: Light,2,2,
69866,2021-08-04 08:54:00,40.750305,-74.00837,0,0,Following Too Closely,4446358,24.3,17.5,0.1,0.1,0.0,1.0,51,13.7,27.4,57,Drizzle: Light,0,0,
69867,2021-08-07 15:15:00,40.5843,-74.16492,0,0,Backing Unsafely,4446208,29.7,19.9,0.0,0.0,0.0,0.0,3,24.2,45.0,198,Overcast,0,0,
69868,2021-08-10 06:36:00,40.860664,-73.92171,0,0,Turning Improperly,4445524,27.3,20.4,3.8,3.8,0.0,11.0,61,18.0,36.0,170,Rain: Light,0,0,
69869,2021-07-29 20:01:00,40.751926,-73.99872,0,0,Backing Unsafely,4446286,25.3,20.4,33.0,33.0,0.0,11.0,65,26.1,50.8,182,Rain: Heavy,0,0,
69870,2021-07-24 12:35:00,40.752056,-74.00099,0,0,Passing Too Closely,4446233,26.8,18.2,0.0,0.0,0.0,0.0,3,16.3,31.7,152,Overcast,0,0,
69871,2021-08-10 23:25:00,40.738895,-73.91862,0,0,Other Vehicular,4445783,27.3,20.4,3.8,3.8,0.0,11.0,61,18.0,36.0,170,Rain: Light,0,0,
69872,2021-08-10 00:10:00,40.6187,-73.96943,0,0,Unspecified,4445970,27.3,20.4,3.8,3.8,0.0,11.0,61,18.0,36.0,170,Rain: Light,0,0,
69873,2021-08-10 13:25:00,40.611008,-73.976746,1,0,Driver Inattention/Distraction,4445670,27.3,20.4,3.8,3.8,0.0,11.0,61,18.0,36.0,170,Rain: Light,1,1,
69874,2021-08-10 12:22:00,40.663517,-73.957214,1,0,Pedestrian/Bicyclist/Other Pedestrian Error/Confusion,4445949,27.3,20.4,3.8,3.8,0.0,11.0,61,18.0,36.0,170,Rain: Light,1,1,
69875,2021-07-27 15:25:00,40.842503,-73.92797,0,0,Following Too Closely,4446260,30.4,19.1,0.2,0.2,0.0,2.0,51,19.5,38.9,206,Drizzle: Light,0,0,
69876,2021-08-10 16:15:00,40.69822,-73.943954,0,0,Passing Too Closely,4446126,27.3,20.4,3.8,3.8,0.0,11.0,61,18.0,36.0,170,Rain: Light,0,0,
69877,2021-08-10 19:00:00,40.670475,-73.804276,0,0,Passing or Lane Usage Improper,4445833,27.3,20.4,3.8,3.8,0.0,11.0,61,18.0,36.0,170,Rain: Light,0,0,
69878,2021-08-10 21:16:00,40.585976,-73.93791,1,0,Outside Car Distraction,4445853,27.3,20.4,3.8,3.8,0.0,11.0,61,18.0,36.0,170,Rain: Light,1,1,
69879,2021-08-10 21:12:00,40.842354,-73.86824,0,0,Other Vehicular,4446031,27.3,20.4,3.8,3.8,0.0,11.0,61,18.0,36.0,170,Rain: Light,0,0,
69880,2021-08-10 16:15:00,40.8446,-73.90107,0,0,Backing Unsafely,4445916,27.3,20.4,3.8,3.8,0.0,11.0,61,18.0,36.0,170,Rain: Light,0,0,
69881,2021-08-10 14:03:00,40.586258,-73.94893,0,0,Failure to Yield Right-of-Way,4445719,27.3,20.4,3.8,3.8,0.0,11.0,61,18.0,36.0,170,Rain: Light,0,0,
69882,2021-08-10 18:30:00,40.702885,-73.89195,0,0,Reaction to Uninvolved Vehicle,4445753,27.3,20.4,3.8,3.8,0.0,11.0,61,18.0,36.0,170,Rain: Light,0,0,
69883,2021-08-01 14:25:00,40.758976,-73.99394,0,0,Passing Too Closely,4446346,24.4,16.6,0.8,0.8,0.0,5.0,51,19.9,39.2,168,Drizzle: Light,0,0,
69884,2021-08-10 09:40:00,40.817795,-73.89319,2,0,Other Vehicular,4445614,27.3,20.4,3.8,3.8,0.0,11.0,61,18.0,36.0,170,Rain: Light,2,2,
69885,2021-08-06 11:00:00,40.711216,-73.94043,1,0,Unsafe Speed,4446323,28.9,17.4,0.0,0.0,0.0,0.0,3,18.1,38.2,188,Overcast,1,1,
69886,2021-08-10 15:37:00,40.85579,-73.881,0,0,Driver Inattention/Distraction,4445927,27.3,20.4,3.8,3.8,0.0,11.0,61,18.0,36.0,170,Rain: Light,0,0,
69887,2021-08-10 13:57:00,40.666435,-73.83478,1,0,Unsafe Lane Changing,4445804,27.3,20.4,3.8,3.8,0.0,11.0,61,18.0,36.0,170,Rain: Light,1,1,
69888,2021-08-06 19:27:00,40.7048,-73.86852,0,0,Unspecified,4446456,28.9,17.4,0.0,0.0,0.0,0.0,3,18.1,38.2,188,Overcast,0,0,
69889,2021-08-09 10:00:00,40.843807,-73.91512,0,0,Passing Too Closely,4446276,26.2,20.1,1.1,1.1,0.0,7.0,51,17.3,34.6,36,Drizzle: Light,0,0,
69890,2021-08-06 03:53:00,40.758427,-73.99264,2,0,Traffic Control Disregarded,4446383,28.9,17.4,0.0,0.0,0.0,0.0,3,18.1,38.2,188,Overcast,2,2,
69891,2021-08-10 12:00:00,40.703728,-73.82155,1,0,Turning Improperly,4445725,27.3,20.4,3.8,3.8,0.0,11.0,61,18.0,36.0,170,Rain: Light,1,1,
69892,2021-08-10 18:34:00,40.74266,-73.72108,1,0,Driver Inattention/Distraction,4445763,27.3,20.4,3.8,3.8,0.0,11.0,61,18.0,36.0,170,Rain: Light,1,1,
69893,2021-08-10 17:00:00,40.736214,-73.95864,0,0,Passing or Lane Usage Improper,4446064,27.3,20.4,3.8,3.8,0.0,11.0,61,18.0,36.0,170,Rain: Light,0,0,
69894,2021-08-10 10:50:00,40.736,-74.01004,0,0,Passing or Lane Usage Improper,4445989,27.3,20.4,3.8,3.8,0.0,11.0,61,18.0,36.0,170,Rain: Light,0,0,