,CRASH DATETIME,LATITUDE,LONGITUDE,NUMBER OF PERSONS INJURED,NUMBER OF PERSONS KILLED,CONTRIBUTING FACTOR VEHICLE 1,COLLISION_ID,temperature_2m_max,temperature_2m_min,precipitation_sum,rain_sum,snowfall_sum,precipitation_hours,weather_code,wind_speed_10m_max,wind_gusts_10m_max,wind_direction_10m_dominant,Weather Description,Severity_Score,Total_Affected_Persons,Weather_Category
69895,2021-08-10 13:20:00,40.822304,-73.91485,0,0,Driver Inattention/Distraction,4446497,27.3,20.4,3.8,3.8,0.0,11.0,61,18.0,36.0,170,Rain: Light,0,0,
69896,2021-08-10 10:45:00,40.705,-74.012634,0,0,Unspecified,4445592,27.3,20.4,3.8,3.8,0.0,11.0,61,18.0,36.0,170,Rain: Light,0,0,
69897,2021-08-10 14:24:00,40.69644,-73.92228,0,0,Pedestrian/Bicyclist/Other Pedestrian Error/Confusion,4445867,27.3,20.4,3.8,3.8,0.0,11.0,61,18.0,36.0,170,Rain: Light,0,0,
69898,2021-08-10 07:19:00,40.783245,-73.94473,0,0,Driver Inattention/Distraction,4445657,27.3,20.4,3.8,3.8,0.0,11.0,61,18.0,36.0,170,Rain: Light,0,0,
69899,2021-08-06 11:15:00,40.589336,-74.09468,0,0,Unspecified,4446512,28.9,17.4,0.0,0.0,0.0,0.0,3,18.1,38.2,188,Overcast,0,0,
69900,2021-08-10 17:20:00,40.83757,-73.85446,0,0,Unspecified,4445933,27.3,20.4,3.8,3.8,0.0,11.0,61,18.0,36.0,170,Rain: Light,0,0,
69901,2021-08-10 06:00:00,40.69041,-73.75557,0,0,Traffic Control Disregarded,4445569,27.3,20.4,3.8,3.8,0.0,11.0,61,18.0,36.0,170,Rain: Light,0,0,
69902,2021-08-10 18:40:00,40.667313,-73.73926,0,0,Alcohol Involvement,4445770,27.3,20.4,3.8,3.8,0.0,11.0,61,18.0,36.0,170,Rain: Light,0,0,
69903,2021-08-10 17:54:00,40.660362,-73.77553,4,0,Following Too Closely,4445986,27.3,20.4,3.8,3.8,0.0,11.0,61,18.0,36.0,170,Rain: Light,4,4,
69904,2021-08-07 14:09:00,40.75326,-74.00383,0,0,Pedestrian/Bicyclist/Other Pedestrian Error/Confusion,4446390,29.7,19.9,0.0,0.0,0.0,0.0,3,24.2,45.0,198,Overcast,0,0,
69905,2021-08-10 09:55:00,40.601948,-73.99382,0,0,Turning Improperly,4445910,27.3,20.4,3.8,3.8,0.0,11.0,61,18.0,36.0,170,Rain: Light,0,0,
69906,2021-07-22 16:15:00,40.75271,-74.00255,1,0,Failure to Yield Right-of-Way,4446254,26.7,17.5,0.0,0.0,0.0,0.0,3,15.3,28.4,327,Overcast,1,1,
69907,2021-07-22 19:20:00,40.608852,-74.15334,1,0,Failure to Yield Right-of-Way,4446219,26.7,17.5,0.0,0.0,0.0,0.0,3,15.3,28.4,327,Overcast,1,1,
69908,2021-08-10 13:57:00,40.631245,-73.988884,0,0,Unspecified,4445810,27.3,20.4,3.8,3.8,0.0,11.0,61,18.0,36.0,170,Rain: Light,0,0,
69909,2021-08-10 20:10:00,40.684544,-73.96509,1,0,Unspecified,4445792,27.3,20.4,3.8,3.8,0.0,11.0,61,18.0,36.0,170,Rain: Light,1,1,
69910,2021-08-10 07:46:00,40.729355,-73.86023,1,0,Passing or Lane Usage Improper,4446088,27.3,20.4,3.8,3.8,0.0,11.0,61,18.0,36.0,170,Rain: Light,1,1,
69911,2021-08-10 23:41:00,40.856106,-73.90646,1,0,Failure to Yield Right-of-Way,4446174,27.3,20.4,3.8,3.8,0.0,11.0,61,18.0,36.0,170,Rain: Light,1,1,
69912,2021-08-10 20:48:00,40.68342,-73.97545,0,0,Driver Inattention/Distraction,4445823,27.3,20.4,3.8,3.8,0.0,11.0,61,18.0,36.0,170,Rain: Light,0,0,
69913,2022-07-04 22:00:00,40.7079,-73.851105,0,0,Aggressive Driving/Road Rage,4544980,30.9,17.5,0.0,0.0,0.0,0.0,3,15.4,27.4,302,Overcast,0,0,
69914,2021-08-10 09:25:00,40.625683,-73.93344,3,0,Unspecified,4445641,27.3,20.4,3.8,3.8,0.0,11.0,61,18.0,36.0,170,Rain: Light,3,3,
69915,2021-07-27 22:47:00,40.756527,-73.994026,1,0,Driver Inattention/Distraction,4446267,30.4,19.1,0.2,0.2,0.0,2.0,51,19.5,38.9,206,Drizzle: Light,1,1,
69916,2021-08-10 21:30:00,40.764847,-73.87457,4,0,Unsafe Speed,4445943,27.3,20.4,3.8,3.8,0.0,11.0,61,18.0,36.0,170,Rain: Light,4,4,
69917,2021-08-10 15:15:00,40.71738,-73.99131,1,0,Driver Inattention/Distraction,4446011,27.3,20.4,3.8,3.8,0.0,11.0,61,18.0,36.0,170,Rain: Light,1,1,
69918,2021-08-10 15:00:00,40.716682,-73.957344,0,0,Backing Unsafely,4445740,27.3,20.4,3.8,3.8,0.0,11.0,61,18.0,36.0,170,Rain: Light,0,0,
69919,2021-08-10 06:05:00,40.76394,-73.828156,1,0,Failure to Yield Right-of-Way,4445836,27.3,20.4,3.8,3.8,0.0,11.0,61,18.0,36.0,170,Rain: Light,1,1,
69920,2021-08-10 18:29:00,40.82,-73.95887,1,0,Driver Inattention/Distraction,4445978,27.3,20.4,3.8,3.8,0.0,11.0,61,18.0,36.0,170,Rain: Light,1,1,
69921,2021-08-10 10:54:00,40.762173,-73.97878,0,0,Unspecified,4445899,27.3,20.4,3.8,3.8,0.0,11.0,61,18.0,36.0,170,Rain: Light,0,0,
69922,2021-08-10 10:00:00,40.76314,-73.793236,0,0,Failure to Yield Right-of-Way,4445634,27.3,20.4,3.8,3.8,0.0,11.0,61,18.0,36.0,170,Rain: Light,0,0,
69923,2021-08-10 06:30:00,40.768497,-73.840904,0,0,Driver Inattention/Distraction,4445547,27.3,20.4,3.8,3.8,0.0,11.0,61,18.0,36.0,170,Rain: Light,0,0,
69924,2021-08-07 18:38:00,40.63849,-73.894936,0,0,Unspecified,4446337,29.7,19.9,0.0,0.0,0.0,0.0,3,24.2,45.0,198,Overcast,0,0,
69925,2021-08-10 18:47:00,40.6167,-74.03085,1,0,Unspecified,4445747,27.3,20.4,3.8,3.8,0.0,11.0,61,18.0,36.0,170,Rain: Light,1,1,
69926,2021-08-04 13:00:00,40.776546,-73.92377,0,0,Unspecified,4446225,24.3,17.5,0.1,0.1,0.0,1.0,51,13.7,27.4,57,Drizzle: Light,0,0,
69927,2021-07-29 08:06:00,40.804836,-73.95429,0,0,Driver Inattention/Distraction,4446239,25.3,20.4,33.0,33.0,0.0,11.0,65,26.1,50.8,182,Rain: Heavy,0,0,
69928,2021-08-10 19:30:00,40.707,-73.9673,0,0,Driver Inattention/Distraction,4446109,27.3,20.4,3.8,3.8,0.0,11.0,61,18.0,36.0,170,Rain: Light,0,0,
69929,2021-08-10 03:24:00,40.72032,-73.99405,1,0,Failure to Yield Right-of-Way,4446294,27.3,20.4,3.8,3.8,0.0,11.0,61,18.0,36.0,170,Rain: Light,1,1,
69930,2021-08-10 11:10:00,40.80506,-73.96606,1,0,Failure to Keep Right,4445785,27.3,20.4,3.8,3.8,0.0,11.0,61,18.0,36.0,170,Rain: Light,1,1,
69931,2021-08-08 11:50:00,40.6338,-73.8897,0,0,Unspecified,4446334,22.9,19.4,12.7,12.7,0.0,17.0,63,19.9,36.0,38,Rain: Moderate,0,0,
69932,2021-08-10 14:40:00,40.58604,-74.16859,0,0,Driver Inattention/Distraction,4445929,27.3,20.4,3.8,3.8,0.0,11.0,61,18.0,36.0,170,Rain: Light,0,0,
69933,2021-08-02 19:00:00,40.74813,-73.99933,0,0,Unspecified,4446359,26.4,17.2,0.0,0.0,0.0,0.0,3,18.4,37.4,313,Overcast,0,0,
69934,2021-08-09 14:00:00,40.755207,-73.99666,0,0,Passing Too Closely,4446391,26.2,20.1,1.1,1.1,0.0,7.0,51,17.3,34.6,36,Drizzle: Light,0,0,
69935,2021-08-10 09:20:00,40.750443,-73.96599,0,0,Unsafe Lane Changing,4445671,27.3,20.4,3.8,3.8,0.0,11.0,61,18.0,36.0,170,Rain: Light,0,0,
69936,2021-08-10 11:00:00,40.673107,-73.99959,2,0,Driver Inattention/Distraction,4445972,27.3,20.4,3.8,3.8,0.0,11.0,61,18.0,36.0,170,Rain: Light,2,2,
69937,2021-08-10 12:05:00,40.835384,-73.93096,0,0,Unsafe Speed,4446274,27.3,20.4,3.8,3.8,0.0,11.0,61,18.0,36.0,170,Rain: Light,0,0,
69938,2021-08-10 00:00:00,40.724884,-73.978264,0,0,Unspecified,4445918,27.3,20.4,3.8,3.8,0.0,11.0,61,18.0,36.0,170,Rain: Light,0,0,
69939,2021-08-10 09:25:00,40.72752,-73.75879,2,0,Following Too Closely,4445656,27.3,20.4,3.8,3.8,0.0,11.0,61,18.0,36.0,170,Rain: Light,2,2,
69940,2021-08-10 08:28:00,40.716923,-73.94184,0,0,Passing Too Closely,4445735,27.3,20.4,3.8,3.8,0.0,11.0,61,18.0,36.0,170,Rain: Light,0,0,
69941,2021-08-10 18:17:00,40.717537,-73.979996,0,0,Unspecified,4446016,27.3,20.4,3.8,3.8,0.0,11.0,61,18.0,36.0,170,Rain: Light,0,0,
69942,2021-08-10 15:24:00,40.535835,-74.19378,1,0,Driver Inattention/Distraction,4446007,27.3,20.4,3.8,3.8,0.0,11.0,61,18.0,36.0,170,Rain: Light,1,1,
69943,2021-08-10 04:40:00,40.80297,-73.96387,0,0,Following Too Closely,4445615,27.3,20.4,3.8,3.8,0.0,11.0,61,18.0,36.0,170,Rain: Light,0,0,
69944,2021-08-10 15:00:00,40.686996,-73.935844,0,0,Unspecified,4446374,27.3,20.4,3.8,3.8,0.0,11.0,61,18.0,36.0,170,Rain: Light,0,0,
69945,2021-08-10 21:25:00,40.62601,-73.92471,1,0,Unspecified,4446132,27.3,20.4,3.8,3.8,0.0,11.0,61,18.0,36.0,170,Rain: Light,1,1,
69946,2021-07-30 18:25:00,40.704742,-73.86016,0,0,Following Too Closely,4446454,27.6,19.1,0.0,0.0,0.0,0.0,1,24.2,45.7,310,Mainly clear,0,0,Sunny/Clear Conditions
69947,2021-08-10 13:15:00,40.679733,-73.97432,1,0,Unspecified,4445826,27.3,20.4,3.8,3.8,0.0,11.0,61,18.0,36.0,170,Rain: Light,1,1,
69948,2021-07-31 22:00:00,40.807877,-73.95172,0,0,Backing Unsafely,4446231,25.6,14.5,0.0,0.0,0.0,0.0,2,16.8,33.8,304,Partly cloudy,0,0,
69949,2021-08-10 09:30:00,40.88971,-73.85603,0,0,Unspecified,4446234,27.3,20.4,3.8,3.8,0.0,11.0,61,18.0,36.0,170,Rain: Light,0,0,
69950,2021-08-10 00:20:00,40.60981,-73.92251,3,0,Alcohol Involvement,4445534,27.3,20.4,3.8,3.8,0.0,11.0,61,18.0,36.0,170,Rain: Light,3,3,
69951,2021-08-01 03:00:00,40.76219,-73.999504,0,0,Passing Too Closely,4446345,24.4,16.6,0.8,0.8,0.0,5.0,51,19.9,39.2,168,Drizzle: Light,0,0,
69952,2021-08-10 09:38:00,40.698772,-73.92233,1,0,Failure to Yield Right-of-Way,4445866,27.3,20.4,3.8,3.8,0.0,11.0,61,18.0,36.0,170,Rain: Light,1,1,
69953,2021-08-10 18:04:00,40.76076,-73.93098,1,0,Driver Inattention/Distraction,4445893,27.3,20.4,3.8,3.8,0.0,11.0,61,18.0,36.0,170,Rain: Light,1,1,
69954,2021-08-10 14:00:00,40.826813,-73.918884,0,0,Unspecified,4446287,27.3,20.4,3.8,3.8,0.0,11.0,61,18.0,36.0,170,Rain: Light,0,0,
69955,2021-08-10 16:20:00,40.81614,-73.894875,0,0,Unsafe Lane Changing,4445782,27.3,20.4,3.8,3.8,0.0,11.0,61,18.0,36.0,170,Rain: Light,0,0,
69956,2021-08-10 15:55:00,40.832626,-73.925385,1,0,Turning Improperly,4446032,27.3,20.4,3.8,3.8,0.0,11.0,61,18.0,36.0,170,Rain: Light,1,1,
69957,2021-08-10 09:48:00,40.6338,-73.8897,0,0,Other Vehicular,4445802,27.3,20.4,3.8,3.8,0.0,11.0,61,18.0,36.0,170,Rain: Light,0,0,
69958,2021-07-30 15:15:00,40.757107,-73.99731,0,0,Driver Inattention/Distraction,4446326,27.6,19.1,0.0,0.0,0.0,0.0,1,24.2,45.7,310,Mainly clear,0,0,Sunny/Clear Conditions
69959,2021-08-09 22:40:00,40.808144,-73.91469,1,0,Unspecified,4446498,26.2,20.1,1.1,1.1,0.0,7.0,51,17.3,34.6,36,Drizzle: Light,1,1,
69960,2021-08-10 20:32:00,40.691353,-73.92142,1,0,Driver Inattention/Distraction,4445873,27.3,20.4,3.8,3.8,0.0,11.0,61,18.0,36.0,170,Rain: Light,1,1,
69961,2021-08-10 12:07:00,40.61111,-73.9526,0,0,Passing or Lane Usage Improper,4445718,27.3,20.4,3.8,3.8,0.0,11.0,61,18.0,36.0,170,Rain: Light,0,0,
69962,2021-08-10 07:15:00,40.781933,-73.94428,1,0,Other Vehicular,4445590,27.3,20.4,3.8,3.8,0.0,11.0,61,18.0,36.0,170,Rain: Light,1,1,
69963,2021-08-10 18:55:00,40.635933,-74.07585,0,0,Driver Inattention/Distraction,4445952,27.3,20.4,3.8,3.8,0.0,11.0,61,18.0,36.0,170,Rain: Light,0,0,
69964,2021-08-10 20:10:00,40.715443,-73.95185,1,0,Failure to Yield Right-of-Way,4446066,27.3,20.4,3.8,3.8,0.0,11.0,61,18.0,36.0,170,Rain: Light,1,1,
69965,2021-08-10 10:55:00,40.630577,-73.88591,1,0,Following Too Closely,4445752,27.3,20.4,3.8,3.8,0.0,11.0,61,18.0,36.0,170,Rain: Light,1,1,
69966,2021-08-10 22:37:00,40.653656,-73.86239,0,0,Unsafe Speed,4445992,27.3,20.4,3.8,3.8,0.0,11.0,61,18.0,36.0,170,Rain: Light,0,0,
69967,2021-08-10 15:25:00,40.7598,-73.84522,0,0,Unspecified,4445831,27.3,20.4,3.8,3.8,0.0,11.0,61,18.0,36.0,170,Rain: Light,0,0,
69968,2021-08-10 09:48:00,40.678104,-73.99091,1,0,Failure to Yield Right-of-Way,4446212,27.3,20.4,3.8,3.8,0.0,11.0,61,18.0,36.0,170,Rain: Light,1,1,
69969,2021-08-10 16:50:00,40.730434,-73.86061,0,0,Unspecified,4446421,27.3,20.4,3.8,3.8,0.0,11.0,61,18.0,36.0,170,Rain: Light,0,0,
69970,2021-08-07 16:40:00,40.606182,-74.07613,0,0,Passing or Lane Usage Improper,4446513,29.7,19.9,0.0,0.0,0.0,0.0,3,24.2,45.0,198,Overcast,0,0,
69971,2021-08-10 19:40:00,40.592102,-73.956085,1,0,Unspecified,4445852,27.3,20.4,3.8,3.8,0.0,11.0,61,18.0,36.0,170,Rain: Light,1,1,
69972,2021-08-10 11:00:00,40.68372,-74.00334,0,0,Driver Inattention/Distraction,4445786,27.3,20.4,3.8,3.8,0.0,11.0,61,18.0,36.0,170,Rain: Light,0,0,
69973,2021-08-08 17:11:00,40.639256,-73.88549,0,0,Driver Inattention/Distraction,4446382,22.9,19.4,12.7,12.7,0.0,17.0,63,19.9,36.0,38,Rain: Moderate,0,0,
69974,2021-08-10 17:05:00,40.761272,-73.95571,0,0,Following Too Closely,4446162,27.3,20.4,3.8,3.8,0.0,11.0,61,18.0,36.0,170,Rain: Light,0,0,
69975,2021-07-29 16:15:00,40.609497,-74.15019,1,0,Driver Inattention/Distraction,4446221,25.3,20.4,33.0,33.0,0.0,11.0,65,26.1,50.8,182,Rain: Heavy,1,1,
69976,2021-08-10 00:01:00,40.839447,-73.88384,0,0,Unspecified,4445813,27.3,20.4,3.8,3.8,0.0,11.0,61,18.0,36.0,170,Rain: Light,0,0,
69977,2021-07-16 08:00:00,40.741623,-73.79109,0,1,Backing Unsafely,4446308,32.3,23.2,0.3,0.3,0.0,3.0,51,12.3,33.1,238,Drizzle: Light,20,1,
69978,2021-10-20 15:08:00,40.6238935,-74.167408,1,0,Failure to Yield Right-of-Way,4469396,24.1,13.8,0.0,0.0,0.0,0.0,3,21.6,37.1,276,Overcast,1,1,
69979,2021-10-20 16:30:00,40.6320017,-73.8913486,0,0,Driver Inattention/Distraction,4469809,24.1,13.8,0.0,0.0,0.0,0.0,3,21.6,37.1,276,Overcast,0,0,
69980,2021-10-16 20:20:00,40.6761899,-73.9080899,1,0,,4467797,24.3,15.0,17.5,17.5,0.0,9.0,63,25.7,46.4,195,Rain: Moderate,1,1,
69981,2021-10-16 14:35:00,40.8070139,-73.9440827,0,0,Driver Inattention/Distraction,4469163,24.3,15.0,17.5,17.5,0.0,9.0,63,25.7,46.4,195,Rain: Moderate,0,0,
69982,2021-10-24 08:15:00,40.6061224,-73.9656464,1,0,Pedestrian/Bicyclist/Other Pedestrian Error/Confusion,4470562,15.5,7.6,0.7,0.7,0.0,1.0,53,13.0,23.8,248,Drizzle: Moderate,1,1,
69983,2021-11-02 12:14:00,40.68046,-73.90927,0,0,Unspecified,4473699,11.4,7.0,0.6,0.6,0.0,4.0,51,14.1,28.1,271,Drizzle: Light,0,0,
69984,2021-10-16 03:22:00,40.7189849,-73.8372809,0,0,Traffic Control Disregarded,4468268,24.3,15.0,17.5,17.5,0.0,9.0,63,25.7,46.4,195,Rain: Moderate,0,0,
69985,2021-10-23 12:00:00,40.6553118,-73.9765702,0,0,Driver Inattention/Distraction,4470107,15.9,10.4,0.2,0.2,0.0,2.0,51,14.4,26.6,326,Drizzle: Light,0,0,
69986,2021-10-20 21:40:00,40.7441715,-73.9748278,0,0,Unspecified,4469297,24.1,13.8,0.0,0.0,0.0,0.0,3,21.6,37.1,276,Overcast,0,0,
69987,2021-10-21 04:59:00,40.6695192,-73.8942314,1,0,Driver Inattention/Distraction,4469693,22.9,12.0,0.0,0.0,0.0,0.0,3,17.0,31.7,207,Overcast,1,1,
69988,2021-10-17 15:19:00,40.6573224,-73.9563563,1,0,Driver Inattention/Distraction,4468401,17.3,11.1,0.2,0.2,0.0,2.0,51,23.9,43.9,293,Drizzle: Light,1,1,
69989,2021-10-17 19:30:00,40.6611218,-73.9201276,0,0,Other Vehicular,4469411,17.3,11.1,0.2,0.2,0.0,2.0,51,23.9,43.9,293,Drizzle: Light,0,0,
69990,2021-10-12 18:09:00,40.6125498,-73.962859,1,0,Traffic Control Disregarded,4467050,21.6,15.2,0.0,0.0,0.0,0.0,3,11.8,23.8,81,Overcast,1,1,
69991,2021-10-18 11:10:00,40.8240317,-73.9447582,0,0,Turning Improperly,4469607,15.8,9.2,0.0,0.0,0.0,0.0,2,32.4,58.3,296,Partly cloudy,0,0,
69992,2021-10-17 04:51:00,40.7279031,-73.8562263,2,0,Driver Inattention/Distraction,4468780,17.3,11.1,0.2,0.2,0.0,2.0,51,23.9,43.9,293,Drizzle: Light,2,2,
69993,2021-10-19 17:00:00,40.6953519,-73.9163145,0,0,Passing or Lane Usage Improper,4469032,19.1,8.3,0.0,0.0,0.0,0.0,1,24.6,45.0,272,Mainly clear,0,0,Sunny/Clear Conditions
69994,2021-10-22 08:32:00,40.7265611,-73.9309207,0,0,Backing Unsafely,4469904,20.3,14.4,0.0,0.0,0.0,0.0,3,18.1,31.3,267,Overcast,0,0,
69995,2021-10-16 10:45:00,40.7170223,-73.965261,0,0,Turning Improperly,4468098,24.3,15.0,17.5,17.5,0.0,9.0,63,25.7,46.4,195,Rain: Moderate,0,0,
69996,2021-11-02 17:00:00,40.72931,-73.997894,0,0,Driver Inattention/Distraction,4473514,11.4,7.0,0.6,0.6,0.0,4.0,51,14.1,28.1,271,Drizzle: Light,0,0,
69997,2021-10-17 23:15:00,40.6884117,-73.8479278,4,0,View Obstructed/Limited,4468486,17.3,11.1,0.2,0.2,0.0,2.0,51,23.9,43.9,293,Drizzle: Light,4,4,
69998,2021-10-18 19:50:00,40.7440715,-73.7750212,0,0,Backing Unsafely,4468545,15.8,9.2,0.0,0.0,0.0,0.0,2,32.4,58.3,296,Partly cloudy,0,0,
69999,2021-10-14 00:00:00,40.6073926,-73.9432087,0,0,Driver Inattention/Distraction,4467293,25.0,15.4,0.0,0.0,0.0,0.0,3,15.4,29.9,328,Overcast,0,0,
70000,2021-10-14 21:30:00,40.6966193,-73.9182407,0,0,Passing Too Closely,4467177,25.0,15.4,0.0,0.0,0.0,0.0,3,15.4,29.9,328,Overcast,0,0,
70001,2021-10-27 16:22:00,40.716656,-73.76915,1,0,Reaction to Uninvolved Vehicle,4474002,16.1,12.2,6.6,6.6,0.0,6.0,61,33.3,63.0,359,Rain: Light,1,1,
70002,2021-10-18 15:30:00,40.6784284,-73.9135597,0,0,Driver Inattention/Distraction,4468604,15.8,9.2,0.0,0.0,0.0,0.0,2,32.4,58.3,296,Partly cloudy,0,0,
70003,2021-10-16 11:28:00,40.6401638,-73.9455229,1,0,Alcohol Involvement,4467833,24.3,15.0,17.5,17.5,0.0,9.0,63,25.7,46.4,195,Rain: Moderate,1,1,
70004,2021-10-19 21:30:00,40.842993,-73.9109821,0,0,Backing Unsafely,4469564,19.1,8.3,0.0,0.0,0.0,0.0,1,24.6,45.0,272,Mainly clear,0,0,Sunny/Clear Conditions
70005,2021-09-05 14:29:00,40.8308903,-73.8272842,0,0,Unspecified,4454310,24.5,16.9,1.0,1.0,0.0,6.0,51,15.5,42.5,204,Drizzle: Light,0,0,
70006,2021-10-19 17:00:00,40.7679637,-73.9116817,1,0,Following Too Closely,4469045,19.1,8.3,0.0,0.0,0.0,0.0,1,24.6,45.0,272,Mainly clear,1,1,Sunny/Clear Conditions
70007,2021-10-21 09:00:00,40.6569208,-73.9260902,0,0,Unspecified,4470262,22.9,12.0,0.0,0.0,0.0,0.0,3,17.0,31.7,207,Overcast,0,0,
70008,2021-10-16 16:30:00,40.7121374,-73.9934225,0,0,Reaction to Uninvolved Vehicle,4468279,24.3,15.0,17.5,17.5,0.0,9.0,63,25.7,46.4,195,Rain: Moderate,0,0,
70009,2021-10-13 19:05:00,40.7615008,-73.9978197,1,0,Passing or Lane Usage Improper,4467441,21.7,14.8,0.1,0.1,0.0,1.0,51,12.2,23.0,200,Drizzle: Light,1,1,
70010,2021-10-15 12:51:00,40.8187987,-73.8921191,0,0,Unspecified,4467627,25.0,14.5,0.0,0.0,0.0,0.0,3,16.8,28.4,182,Overcast,0,0,
70011,2021-10-23 19:27:00,40.7440288,-73.9261524,1,0,Driver Inattention/Distraction,4470136,15.9,10.4,0.2,0.2,0.0,2.0,51,14.4,26.6,326,Drizzle: Light,1,1,
70012,2021-10-22 10:30:00,40.6119959,-74.0013182,1,0,Driver Inattention/Distraction,4469841,20.3,14.4,0.0,0.0,0.0,0.0,3,18.1,31.3,267,Overcast,1,1,
70013,2021-10-13 18:38:00,40.723283,-73.7780389,0,0,Driver Inattention/Distraction,4466831,21.7,14.8,0.1,0.1,0.0,1.0,51,12.2,23.0,200,Drizzle: Light,0,0,
70014,2021-10-15 16:38:00,40.6258171,-74.0357064,1,0,Failure to Yield Right-of-Way,4467491,25.0,14.5,0.0,0.0,0.0,0.0,3,16.8,28.4,182,Overcast,1,1,
70015,2021-10-23 12:40:00,40.5818483,-74.1293866,0,0,Following Too Closely,4470029,15.9,10.4,0.2,0.2,0.0,2.0,51,14.4,26.6,326,Drizzle: Light,0,0,
70016,2021-10-13 08:12:00,40.7073058,-73.7512138,0,0,Pedestrian/Bicyclist/Other Pedestrian Error/Confusion,4466757,21.7,14.8,0.1,0.1,0.0,1.0,51,12.2,23.0,200,Drizzle: Light,0,0,
70017,2021-10-21 08:20:00,40.7207095,-73.9813092,0,0,Unspecified,4469575,22.9,12.0,0.0,0.0,0.0,0.0,3,17.0,31.7,207,Overcast,0,0,
70018,2021-10-22 09:40:00,40.7511242,-73.9878961,1,0,Driver Inattention/Distraction,4470447,20.3,14.4,0.0,0.0,0.0,0.0,3,18.1,31.3,267,Overcast,1,1,
70019,2021-10-14 10:05:00,40.6355203,-74.0166962,0,0,Driver Inattention/Distraction,4467022,25.0,15.4,0.0,0.0,0.0,0.0,3,15.4,29.9,328,Overcast,0,0,
70020,2021-10-22 12:00:00,40.8946624,-73.8613598,1,0,Driver Inattention/Distraction,4470386,20.3,14.4,0.0,0.0,0.0,0.0,3,18.1,31.3,267,Overcast,1,1,
70021,2022-07-07 19:50:00,40.813942,-73.890175,0,0,Unspecified,4544636,27.5,20.1,0.0,0.0,0.0,0.0,3,19.1,37.4,110,Overcast,0,0,
70022,2021-11-02 22:30:00,40.85971,-73.85736,3,0,Driver Inattention/Distraction,4473534,11.4,7.0,0.6,0.6,0.0,4.0,51,14.1,28.1,271,Drizzle: Light,3,3,
70023,2021-10-14 14:18:00,40.5887783,-73.9212122,0,0,Unspecified,4467095,25.0,15.4,0.0,0.0,0.0,0.0,3,15.4,29.9,328,Overcast,0,0,
70024,2021-10-15 19:17:00,40.7368761,-73.9356361,0,0,Driver Inattention/Distraction,4467664,25.0,14.5,0.0,0.0,0.0,0.0,3,16.8,28.4,182,Overcast,0,0,
70025,2021-10-17 15:57:00,40.6547986,-73.9394238,4,0,Driver Inattention/Distraction,4468062,17.3,11.1,0.2,0.2,0.0,2.0,51,23.9,43.9,293,Drizzle: Light,4,4,
70026,2021-10-17 12:31:00,40.7340795,-73.704148,3,0,Driver Inattention/Distraction,4467986,17.3,11.1,0.2,0.2,0.0,2.0,51,23.9,43.9,293,Drizzle: Light,3,3,
70027,2021-11-02 10:30:00,40.64422,-73.95392,0,0,Unspecified,4474094,11.4,7.0,0.6,0.6,0.0,4.0,51,14.1,28.1,271,Drizzle: Light,0,0,
70028,2021-10-23 19:40:00,40.7135434,-73.7789026,0,0,Driver Inattention/Distraction,4470573,15.9,10.4,0.2,0.2,0.0,2.0,51,14.4,26.6,326,Drizzle: Light,0,0,
70029,2021-10-17 00:00:00,40.640237,-73.9059739,0,0,Unspecified,4469886,17.3,11.1,0.2,0.2,0.0,2.0,51,23.9,43.9,293,Drizzle: Light,0,0,
70030,2021-10-16 14:58:00,40.6295078,-73.9441554,1,0,Unspecified,4467701,24.3,15.0,17.5,17.5,0.0,9.0,63,25.7,46.4,195,Rain: Moderate,1,1,
70031,2021-11-02 20:30:00,40.709316,-73.93301,0,0,Driver Inattention/Distraction,4473459,11.4,7.0,0.6,0.6,0.0,4.0,51,14.1,28.1,271,Drizzle: Light,0,0,
70032,2021-10-16 15:00:00,40.6279777,-73.9416474,0,0,Unspecified,4467696,24.3,15.0,17.5,17.5,0.0,9.0,63,25.7,46.4,195,Rain: Moderate,0,0,
70033,2021-10-17 10:05:00,40.9011694,-73.851864,0,0,Unspecified,4467972,17.3,11.1,0.2,0.2,0.0,2.0,51,23.9,43.9,293,Drizzle: Light,0,0,
70034,2021-10-25 09:31:00,40.8444095,-73.9011639,0,0,Passing or Lane Usage Improper,4470829,22.8,13.5,10.7,10.7,0.0,8.0,63,18.9,33.5,172,Rain: Moderate,0,0,
70035,2021-10-19 22:10:00,40.6593288,-73.9495585,0,0,Driver Inattention/Distraction,4468946,19.1,8.3,0.0,0.0,0.0,0.0,1,24.6,45.0,272,Mainly clear,0,0,Sunny/Clear Conditions
70036,2021-10-15 03:48:00,40.8596097,-73.907775,1,0,Driver Inattention/Distraction,4467409,25.0,14.5,0.0,0.0,0.0,0.0,3,16.8,28.4,182,Overcast,1,1,
70037,2021-10-15 23:25:00,40.8634282,-73.8077668,0,0,Unspecified,4467652,25.0,14.5,0.0,0.0,0.0,0.0,3,16.8,28.4,182,Overcast,0,0,